DateTime;Times_s;Throughput_Percentage;Throughput_Gbps;PacketSize_B;Power_Consumption;Packet_Rate
10/11/24 11:04:23;3.5;0;0;62;702;0
10/11/24 11:04:28;8.8;0;0;62;702;0
10/11/24 11:04:33;13.5;0;0;62;713;0
10/11/24 11:04:38;18.8;0;0;62;713;0
10/11/24 11:04:43;23.5;0;0;62;697;0
10/11/24 11:04:48;28.9;0;0;62;697;0
10/11/24 11:04:53;33.5;0;0;62;708;0
10/11/24 11:04:58;38.8;0;0;62;708;0
10/11/24 11:05:03;43.5;0;0;62;705;0
10/11/24 11:05:08;48.8;0;0;62;705;0
10/11/24 11:05:13;53.5;0;0;62;702;0
10/11/24 11:05:18;59;0;0;62;702;0
10/11/24 11:05:23;63.6;0;0;62;705;0
10/11/24 11:05:28;68.9;0;0;62;705;0
10/11/24 11:05:33;73.6;0;0;62;698;0
10/11/24 11:05:38;79;0;0;62;698;0
10/11/24 11:05:43;83.6;0;0;62;700;0
10/11/24 11:05:48;88.9;0;0;62;700;0
10/11/24 11:05:53;93.6;0;0;62;706;0
10/11/24 11:05:58;98.9;0;0;62;706;0
10/11/24 11:06:03;103.6;0;0;62;695;0
10/11/24 11:06:08;109;0;0;62;695;0
10/11/24 11:06:13;113.5;0;0;62;697;0
10/11/24 11:06:18;118.9;0;0;62;697;0
10/11/24 11:06:23;123.6;0;0;62;697;0
10/11/24 11:06:28;128.9;0;0;62;697;0
10/11/24 11:06:33;133.7;0;0;62;710;0
10/11/24 11:06:38;139.1;0;0;62;710;0
10/11/24 11:06:43;143.7;0;0;62;702;0
10/11/24 11:06:48;149;0;0;62;702;0
10/11/24 11:06:53;153.7;0;0;160;701;0
10/11/24 11:06:58;159;0;0;160;701;0
10/11/24 11:07:03;163.8;0;0;160;705;0
10/11/24 11:07:08;169;0;0;160;705;0
10/11/24 11:07:13;173.7;0;0;160;696;0
10/11/24 11:07:18;179;0;0;160;696;0
10/11/24 11:07:23;183.8;0;0;160;704;0
10/11/24 11:07:29;189.1;0;0;160;704;0
10/11/24 11:07:34;193.7;0;0;160;704;0
10/11/24 11:07:39;199;0;0;160;704;0
10/11/24 11:07:44;203.7;0;0;160;709;0
10/11/24 11:07:49;209;0;0;160;709;0
10/11/24 11:07:54;213.8;0;0;160;703;0
10/11/24 11:07:59;219.1;0;0;160;703;0
10/11/24 11:08:04;223.9;0;0;160;705;0
10/11/24 11:08:09;229.1;0;0;160;705;0
10/11/24 11:08:14;233.8;0;0;160;693;0
10/11/24 11:08:19;239.2;0;0;160;693;0
10/11/24 11:08:24;243.8;0;0;160;708;0
10/11/24 11:08:29;249.1;0;0;160;708;0
10/11/24 11:08:34;253.8;0;0;160;708;0
10/11/24 11:08:39;259.1;0;0;160;708;0
10/11/24 11:08:44;263.9;0;0;160;703;0
10/11/24 11:08:49;269.2;0;0;160;703;0
10/11/24 11:08:54;273.8;0;0;160;709;0
10/11/24 11:08:59;279.2;0;0;160;709;0
10/11/24 11:09:04;283.8;0;0;160;705;0
10/11/24 11:09:09;289.2;0;0;160;705;0
10/11/24 11:09:14;293.8;0;0;160;704;0
10/11/24 11:09:19;299.2;0;0;160;704;0
10/11/24 11:09:24;304.4;0;0;640;705;0
10/11/24 11:09:29;309.4;0;0;640;705;0
10/11/24 11:09:34;314.1;0;0;640;702;0
10/11/24 11:09:39;319.2;0;0;640;702;0
10/11/24 11:09:44;324.2;0;0;640;703;0
10/11/24 11:09:49;329.4;0;0;640;703;0
10/11/24 11:09:54;333.9;0;0;640;710;0
10/11/24 11:09:59;339.5;0;0;640;710;0
10/11/24 11:10:04;344.1;0;0;640;706;0
10/11/24 11:10:09;349.5;0;0;640;706;0
10/11/24 11:10:14;354;0;0;640;697;0
10/11/24 11:10:19;359.4;0;0;640;697;0
10/11/24 11:10:24;364;0;0;640;698;0
10/11/24 11:10:29;369.5;0;0;640;698;0
10/11/24 11:10:34;374.2;0;0;640;703;0
10/11/24 11:10:39;379.6;0;0;640;703;0
10/11/24 11:10:44;384.3;0;0;640;704;0
10/11/24 11:10:49;389.5;0;0;640;704;0
10/11/24 11:10:54;394.3;0;0;640;700;0
10/11/24 11:10:59;399.5;0;0;640;700;0
10/11/24 11:11:04;404.1;0;0;640;695;0
10/11/24 11:11:09;409.6;0;0;640;695;0
10/11/24 11:11:14;414.3;0;0;640;710;0
10/11/24 11:11:19;419.7;0;0;640;710;0
10/11/24 11:11:24;424.3;0;0;640;707;0
10/11/24 11:11:29;429.6;0;0;640;707;0
10/11/24 11:11:34;434.3;0;0;640;696;0
10/11/24 11:11:39;439.7;0;0;640;696;0
10/11/24 11:11:44;444.2;0;0;640;709;0
10/11/24 11:11:49;449.4;0;0;640;709;0
10/11/24 11:11:54;454.3;0;0;1300;706;0
10/11/24 11:11:59;459.7;0;0;1300;706;0
10/11/24 11:12:04;464.4;0;0;1300;697;0
10/11/24 11:12:09;469.7;0;0;1300;697;0
10/11/24 11:12:14;474.5;0;0;1300;702;0
10/11/24 11:12:19;479.8;0;0;1300;702;0
10/11/24 11:12:24;484.3;0;0;1300;706;0
10/11/24 11:12:29;489.7;0;0;1300;706;0
10/11/24 11:12:34;494.3;0;0;1300;700;0
10/11/24 11:12:39;499.8;0;0;1300;700;0
10/11/24 11:12:44;504.7;0;0;1300;693;0
10/11/24 11:12:49;509.6;0;0;1300;693;0
10/11/24 11:12:54;514.4;0;0;1300;701;0
10/11/24 11:12:59;519.8;0;0;1300;701;0
10/11/24 11:13:04;524.6;0;0;1300;702;0
10/11/24 11:13:09;529.7;0;0;1300;702;0
10/11/24 11:13:14;534.3;0;0;1300;699;0
10/11/24 11:13:19;539.7;0;0;1300;699;0
10/11/24 11:13:24;544.5;0;0;1300;709;0
10/11/24 11:13:29;549.8;0;0;1300;709;0
10/11/24 11:13:34;554.5;0;0;1300;700;0
10/11/24 11:13:39;559.8;0;0;1300;700;0
10/11/24 11:13:44;564.5;0;0;1300;699;0
10/11/24 11:13:49;569.8;0;0;1300;699;0
10/11/24 11:13:54;574.4;0;0;1300;699;0
10/11/24 11:13:59;579.7;0;0;1300;699;0
10/11/24 11:14:04;584.5;0;0;1300;701;0
10/11/24 11:14:09;589.8;0;0;1300;701;0
10/11/24 11:14:14;594.6;0;0;1300;700;0
10/11/24 11:14:19;599.9;0;0;1300;700;0
10/11/24 11:14:24;604.6;0;0;1500;698;0
10/11/24 11:14:29;610;0;0;1500;698;0
10/11/24 11:14:34;614.5;0;0;1500;711;0
10/11/24 11:14:39;619.8;0;0;1500;711;0
10/11/24 11:14:44;624.7;0;0;1500;700;0
10/11/24 11:14:49;630;0;0;1500;700;0
10/11/24 11:14:54;634.7;0;0;1500;703;0
10/11/24 11:14:59;640;0;0;1500;703;0
10/11/24 11:15:04;644.7;0;0;1500;707;0
10/11/24 11:15:09;650.1;0;0;1500;707;0
10/11/24 11:15:14;654.6;0;0;1500;698;0
10/11/24 11:15:19;659.9;0;0;1500;698;0
10/11/24 11:15:24;664.6;0;0;1500;695;0
10/11/24 11:15:29;669.9;0;0;1500;695;0
10/11/24 11:15:34;674.8;0;0;1500;701;0
10/11/24 11:15:39;680;0;0;1500;701;0
10/11/24 11:15:44;684.7;0;0;1500;703;0
10/11/24 11:15:49;690;0;0;1500;703;0
10/11/24 11:15:54;694.7;0;0;1500;698;0
10/11/24 11:15:59;700;0;0;1500;698;0
10/11/24 11:16:04;704.9;0;0;1500;701;0
10/11/24 11:16:09;710.1;0;0;1500;701;0
10/11/24 11:16:14;714.8;0;0;1500;707;0
10/11/24 11:16:19;720.1;0;0;1500;707;0
10/11/24 11:16:24;724.9;0;0;1500;705;0
10/11/24 11:16:29;730.2;0;0;1500;705;0
10/11/24 11:16:34;734.9;0;0;1500;702;0
10/11/24 11:16:39;740.1;0;0;1500;702;0
10/11/24 11:16:45;744.7;0;0;1500;705;0
10/11/24 11:16:50;750.1;0;0;1500;705;0
10/11/24 11:16:55;754.9;0;0;1500;705;0
10/11/24 11:17:00;760.2;0;0;1500;705;0
10/11/24 11:17:05;765;0;0;1500;707;0
10/11/24 11:17:10;770.2;0;0;1500;707;0
10/11/24 11:17:15;774.9;0;0;1500;705;0
10/11/24 11:17:20;780.1;0;0;1500;705;0
10/11/24 11:17:25;784.8;0;0;1500;696;0
10/11/24 11:17:30;790.1;0;0;1500;696;0
10/11/24 11:17:35;794.7;0;0;1500;701;0
10/11/24 11:17:40;800.2;0;0;1500;701;0
10/11/24 11:17:45;805.1;0;0;1500;706;0
10/11/24 11:17:50;810.2;0;0;1500;706;0
10/11/24 11:17:55;814.9;0;0;1500;698;0
10/11/24 11:18:00;820.3;0;0;1500;698;0
10/11/24 11:18:05;824.9;0;0;1500;707;0
10/11/24 11:18:10;830.1;0;0;1500;707;0
10/11/24 11:18:15;834.8;0;0;1500;702;0
10/11/24 11:18:20;840.3;0;0;1500;702;0
10/11/24 11:18:25;845;0;0;1500;700;0
10/11/24 11:18:30;850.4;0;0;1500;700;0
10/11/24 11:18:35;854.9;0;0;1500;702;0
10/11/24 11:18:40;860.3;0;0;1500;702;0
10/11/24 11:18:45;864.9;0;0;1500;699;0
10/11/24 11:18:50;870.1;0;0;1500;699;0
10/11/24 11:18:55;874.9;0;0;1500;705;0
10/11/24 11:19:00;880.2;0;0;1500;705;0
10/11/24 11:19:05;885.3;0;0;1500;706;0
10/11/24 11:19:10;890.4;0;0;1500;706;0
10/11/24 11:19:15;895.1;0;0;1500;690;0
10/11/24 11:19:20;900.4;0;0;1300;690;0
10/11/24 11:19:25;905.1;0;0;1300;704;0
10/11/24 11:19:30;910.4;0;0;1300;704;0
10/11/24 11:19:35;915.2;0;0;1300;708;0
10/11/24 11:19:40;920.4;0;0;1300;708;0
10/11/24 11:19:45;924.9;0;0;1300;697;0
10/11/24 11:19:50;930.4;0;0;1300;697;0
10/11/24 11:19:55;935.2;0;0;1300;705;0
10/11/24 11:20:00;940.4;0;0;1300;705;0
10/11/24 11:20:05;945.1;0;0;1300;699;0
10/11/24 11:20:10;950.5;0;0;1300;699;0
10/11/24 11:20:15;955.1;0;0;1300;705;0
10/11/24 11:20:20;960.4;0;0;1300;705;0
10/11/24 11:20:25;965.1;0;0;1300;714;0
10/11/24 11:20:30;970.4;0;0;1300;714;0
10/11/24 11:20:35;975.1;0;0;1300;707;0
10/11/24 11:20:40;980.6;0;0;1300;707;0
10/11/24 11:20:45;985.1;0;0;1300;709;0
10/11/24 11:20:50;990.4;0;0;1300;709;0
10/11/24 11:20:55;995.2;0;0;1300;703;0
10/11/24 11:21:00;1000.5;0;0;1300;703;0
10/11/24 11:21:05;1005.2;0;0;1300;703;0
10/11/24 11:21:10;1010.7;0;0;1300;703;0
10/11/24 11:21:15;1015.2;0;0;1300;701;0
10/11/24 11:21:20;1020.5;0;0;1300;701;0
10/11/24 11:21:25;1025.4;0;0;1300;699;0
10/11/24 11:21:30;1030.6;0;0;1300;699;0
10/11/24 11:21:35;1035.1;0;0;1300;701;0
10/11/24 11:21:40;1040.5;0;0;1300;701;0
10/11/24 11:21:45;1045.2;0;0;1300;710;0
10/11/24 11:21:50;1050.8;0;0;640;710;0
10/11/24 11:21:55;1055.3;0;0;640;703;0
10/11/24 11:22:00;1060.6;0;0;640;703;0
10/11/24 11:22:05;1065.3;0;0;640;703;0
10/11/24 11:22:10;1070.6;0;0;640;703;0
10/11/24 11:22:15;1075.3;0;0;640;700;0
10/11/24 11:22:20;1080.7;0;0;640;700;0
10/11/24 11:22:25;1085.3;0;0;640;708;0
10/11/24 11:22:30;1090.6;0;0;640;708;0
10/11/24 11:22:35;1095.3;0;0;640;707;0
10/11/24 11:22:40;1100.6;0;0;640;707;0
10/11/24 11:22:45;1105.4;0;0;640;700;0
10/11/24 11:22:50;1110.8;0;0;640;700;0
10/11/24 11:22:55;1115.3;0;0;640;703;0
10/11/24 11:23:00;1120.7;0;0;640;703;0
10/11/24 11:23:05;1125.4;0;0;640;706;0
10/11/24 11:23:10;1130.9;0;0;640;706;0
10/11/24 11:23:15;1136.3;0;0;640;701;0
10/11/24 11:23:20;1140.8;0;0;640;701;0
10/11/24 11:23:25;1145.4;0;0;640;702;0
10/11/24 11:23:30;1150.7;0;0;640;702;0
10/11/24 11:23:35;1155.4;0;0;640;699;0
10/11/24 11:23:40;1160.7;0;0;640;699;0
10/11/24 11:23:45;1165.4;0;0;640;708;0
10/11/24 11:23:50;1170.8;0;0;640;708;0
10/11/24 11:23:55;1175.7;0;0;640;700;0
10/11/24 11:24:00;1180.7;0;0;640;700;0
10/11/24 11:24:05;1185.4;0;0;640;699;0
10/11/24 11:24:10;1190.8;0;0;640;699;0
10/11/24 11:24:15;1195.8;0;0;640;707;0
10/11/24 11:24:20;1201;0;0;160;707;0
10/11/24 11:24:25;1205.6;0;0;160;712;0
10/11/24 11:24:30;1211;0;0;160;712;0
10/11/24 11:24:35;1215.7;0;0;160;699;0
10/11/24 11:24:40;1221;0;0;160;699;0
10/11/24 11:24:45;1225.8;0;0;160;698;0
10/11/24 11:24:50;1230.8;0;0;160;698;0
10/11/24 11:24:55;1235.5;0;0;160;702;0
10/11/24 11:25:00;1241;0;0;160;702;0
10/11/24 11:25:05;1245.8;0;0;160;703;0
10/11/24 11:25:10;1250.9;0;0;160;703;0
10/11/24 11:25:15;1255.6;0;0;160;701;0
10/11/24 11:25:20;1260.8;0;0;160;701;0
10/11/24 11:25:25;1265.6;0;0;160;701;0
10/11/24 11:25:30;1271;0;0;160;701;0
10/11/24 11:25:35;1275.7;0;0;160;697;0
10/11/24 11:25:40;1281.2;0;0;160;697;0
10/11/24 11:25:45;1285.7;0;0;160;697;0
10/11/24 11:25:50;1291.1;0;0;160;697;0
10/11/24 11:25:55;1295.8;0;0;160;715;0
10/11/24 11:26:00;1300.9;0;0;160;715;0
10/11/24 11:26:06;1305.7;0;0;160;703;0
10/11/24 11:26:11;1311.1;0;0;160;703;0
10/11/24 11:26:16;1315.8;0;0;160;697;0
10/11/24 11:26:21;1321.1;0;0;160;697;0
10/11/24 11:26:26;1325.8;0;0;160;694;0
10/11/24 11:26:31;1331.1;0;0;160;694;0
10/11/24 11:26:36;1335.8;0;0;160;699;0
10/11/24 11:26:41;1341.1;0;0;160;699;0
10/11/24 11:26:46;1345.7;0;0;160;703;0
10/11/24 11:26:51;1351.1;0;0;62;703;0
10/11/24 11:26:56;1355.8;0;0;62;713;0
10/11/24 11:27:01;1361.1;0;0;62;713;0
10/11/24 11:27:06;1365.8;0;0;62;700;0
10/11/24 11:27:11;1371.3;0;0;62;700;0
10/11/24 11:27:16;1375.9;0;0;62;704;0
10/11/24 11:27:21;1381.3;0;0;62;704;0
10/11/24 11:27:26;1385.9;0;0;62;703;0
10/11/24 11:27:31;1391.3;0;0;62;703;0
10/11/24 11:27:36;1395.9;0;0;62;708;0
10/11/24 11:27:41;1401.2;0;0;62;708;0
10/11/24 11:27:46;1405.9;0;0;62;703;0
10/11/24 11:27:51;1411.2;0;0;62;703;0
10/11/24 11:27:56;1415.9;0;0;62;707;0
10/11/24 11:28:01;1421.3;0;0;62;707;0
10/11/24 11:28:06;1425.9;0;0;62;703;0
10/11/24 11:28:11;1431.2;0;0;62;703;0
10/11/24 11:28:16;1436;0;0;62;707;0
10/11/24 11:28:21;1441.4;0;0;62;707;0
10/11/24 11:28:26;1446.1;0;0;62;699;0
10/11/24 11:28:31;1451.4;0;0;62;699;0
10/11/24 11:28:36;1456;0;0;62;697;0
10/11/24 11:28:41;1461.5;0;0;62;697;0
10/11/24 11:28:46;1466.1;0;0;62;699;0
10/11/24 11:28:51;1471.5;0;0;62;699;0
10/11/24 11:28:56;1476;0;0;62;708;0
10/11/24 11:29:01;1481.3;0;0;62;708;0
10/11/24 11:29:06;1486.3;0;0;62;712;0
10/11/24 11:29:11;1491.4;0;0;62;712;0
10/11/24 11:29:16;1496.1;0;0;62;703;0
10/11/24 11:29:21;1501.7;0.1;20;62;703;40322580.65
10/11/24 11:29:26;1506.1;0.1;20;62;702;40322580.65
10/11/24 11:29:31;1511.4;0.1;20;62;702;40322580.65
10/11/24 11:29:36;1516.1;0.1;20;62;713;40322580.65
10/11/24 11:29:41;1521.4;0.1;20;62;713;40322580.65
10/11/24 11:29:46;1526.3;0.1;20;62;700;40322580.65
10/11/24 11:29:51;1531.5;0.1;20;62;700;40322580.65
10/11/24 11:29:56;1536.2;0.1;20;62;703;40322580.65
10/11/24 11:30:01;1541.5;0.1;20;62;703;40322580.65
10/11/24 11:30:06;1546.1;0.1;20;62;705;40322580.65
10/11/24 11:30:11;1551.5;0.1;20;62;705;40322580.65
10/11/24 11:30:16;1556.2;0.1;20;62;698;40322580.65
10/11/24 11:30:21;1561.5;0.1;20;62;698;40322580.65
10/11/24 11:30:26;1566.1;0.1;20;62;700;40322580.65
10/11/24 11:30:31;1571.7;0.1;20;62;700;40322580.65
10/11/24 11:30:36;1576.1;0.1;20;62;709;40322580.65
10/11/24 11:30:41;1581.6;0.1;20;62;709;40322580.65
10/11/24 11:30:46;1586.2;0.1;20;62;699;40322580.65
10/11/24 11:30:51;1591.5;0.1;20;62;699;40322580.65
10/11/24 11:30:56;1596.2;0.1;20;62;703;40322580.65
10/11/24 11:31:01;1601.5;0.1;20;62;703;40322580.65
10/11/24 11:31:06;1606.4;0.1;20;62;710;40322580.65
10/11/24 11:31:11;1611.8;0.1;20;62;710;40322580.65
10/11/24 11:31:16;1616.4;0.1;20;62;710;40322580.65
10/11/24 11:31:21;1621.6;0.1;20;62;710;40322580.65
10/11/24 11:31:26;1626.3;0.1;20;62;700;40322580.65
10/11/24 11:31:31;1631.6;0.1;20;62;700;40322580.65
10/11/24 11:31:36;1636.2;0.1;20;62;706;40322580.65
10/11/24 11:31:41;1641.5;0.1;20;62;706;40322580.65
10/11/24 11:31:46;1646.5;0.1;20;62;707;40322580.65
10/11/24 11:31:51;1651.8;0.1;20;160;707;15625000
10/11/24 11:31:56;1656.4;0.1;20;160;701;15625000
10/11/24 11:32:01;1661.7;0.1;20;160;701;15625000
10/11/24 11:32:06;1666.3;0.1;20;160;710;15625000
10/11/24 11:32:11;1671.7;0.1;20;160;710;15625000
10/11/24 11:32:16;1676.3;0.1;20;160;727;15625000
10/11/24 11:32:21;1681.6;0.1;20;160;727;15625000
10/11/24 11:32:26;1686.7;0.1;20;160;720;15625000
10/11/24 11:32:31;1691.9;0.1;20;160;720;15625000
10/11/24 11:32:36;1696.6;0.1;20;160;711;15625000
10/11/24 11:32:41;1701.9;0.1;20;160;711;15625000
10/11/24 11:32:46;1706.6;0.1;20;160;709;15625000
10/11/24 11:32:51;1711.8;0.1;20;160;709;15625000
10/11/24 11:32:56;1716.5;0.1;20;160;705;15625000
10/11/24 11:33:01;1721.6;0.1;20;160;705;15625000
10/11/24 11:33:06;1726.4;0.1;20;160;714;15625000
10/11/24 11:33:11;1732;0.1;20;160;714;15625000
10/11/24 11:33:16;1736.6;0.1;20;160;715;15625000
10/11/24 11:33:21;1741.8;0.1;20;160;715;15625000
10/11/24 11:33:26;1746.8;0.1;20;160;712;15625000
10/11/24 11:33:31;1751.8;0.1;20;160;712;15625000
10/11/24 11:33:36;1756.4;0.1;20;160;709;15625000
10/11/24 11:33:41;1761.8;0.1;20;160;709;15625000
10/11/24 11:33:46;1766.5;0.1;20;160;716;15625000
10/11/24 11:33:51;1772;0.1;20;160;716;15625000
10/11/24 11:33:56;1776.7;0.1;20;160;715;15625000
10/11/24 11:34:01;1782;0.1;20;160;715;15625000
10/11/24 11:34:06;1786.6;0.1;20;160;712;15625000
10/11/24 11:34:11;1792;0.1;20;160;712;15625000
10/11/24 11:34:16;1796.5;0.1;20;160;711;15625000
10/11/24 11:34:21;1801.8;0.1;20;640;711;3906250
10/11/24 11:34:26;1806.8;0.1;20;640;719;3906250
10/11/24 11:34:31;1812;0.1;20;640;719;3906250
10/11/24 11:34:36;1816.7;0.1;20;640;706;3906250
10/11/24 11:34:41;1822;0.1;20;640;706;3906250
10/11/24 11:34:46;1826.7;0.1;20;640;706;3906250
10/11/24 11:34:51;1832;0.1;20;640;706;3906250
10/11/24 11:34:56;1836.7;0.1;20;640;704;3906250
10/11/24 11:35:01;1841.9;0.1;20;640;704;3906250
10/11/24 11:35:06;1846.6;0.1;20;640;708;3906250
10/11/24 11:35:11;1852.1;0.1;20;640;708;3906250
10/11/24 11:35:16;1856.8;0.1;20;640;703;3906250
10/11/24 11:35:21;1862;0.1;20;640;703;3906250
10/11/24 11:35:26;1867;0.1;20;640;715;3906250
10/11/24 11:35:31;1872.1;0.1;20;640;715;3906250
10/11/24 11:35:37;1876.7;0.1;20;640;700;3906250
10/11/24 11:35:42;1882;0.1;20;640;700;3906250
10/11/24 11:35:47;1886.6;0.1;20;640;714;3906250
10/11/24 11:35:52;1892.2;0.1;20;640;714;3906250
10/11/24 11:35:57;1896.8;0.1;20;640;708;3906250
10/11/24 11:36:02;1902.1;0.1;20;640;708;3906250
10/11/24 11:36:07;1906.8;0.1;20;640;700;3906250
10/11/24 11:36:12;1912.2;0.1;20;640;700;3906250
10/11/24 11:36:17;1916.9;0.1;20;640;709;3906250
10/11/24 11:36:22;1922.1;0.1;20;640;709;3906250
10/11/24 11:36:27;1926.9;0.1;20;640;703;3906250
10/11/24 11:36:32;1932.3;0.1;20;640;703;3906250
10/11/24 11:36:37;1936.9;0.1;20;640;708;3906250
10/11/24 11:36:42;1942.2;0.1;20;640;708;3906250
10/11/24 11:36:47;1946.9;0.1;20;640;711;3906250
10/11/24 11:36:52;1952.2;0.1;20;1300;711;1923076.923
10/11/24 11:36:57;1956.9;0.1;20;1300;705;1923076.923
10/11/24 11:37:02;1962.3;0.1;20;1300;705;1923076.923
10/11/24 11:37:07;1966.9;0.1;20;1300;708;1923076.923
10/11/24 11:37:12;1972.2;0.1;20;1300;708;1923076.923
10/11/24 11:37:17;1976.9;0.1;20;1300;707;1923076.923
10/11/24 11:37:22;1982.2;0.1;20;1300;707;1923076.923
10/11/24 11:37:27;1986.9;0.1;20;1300;705;1923076.923
10/11/24 11:37:32;1992.4;0.1;20;1300;705;1923076.923
10/11/24 11:37:37;1996.9;0.1;20;1300;707;1923076.923
10/11/24 11:37:42;2002.4;0.1;20;1300;707;1923076.923
10/11/24 11:37:47;2007;0.1;20;1300;710;1923076.923
10/11/24 11:37:52;2012.3;0.1;20;1300;710;1923076.923
10/11/24 11:37:57;2016.9;0.1;20;1300;707;1923076.923
10/11/24 11:38:02;2022.2;0.1;20;1300;707;1923076.923
10/11/24 11:38:07;2027;0.1;20;1300;704;1923076.923
10/11/24 11:38:12;2032.4;0.1;20;1300;704;1923076.923
10/11/24 11:38:17;2037.1;0.1;20;1300;706;1923076.923
10/11/24 11:38:22;2042.3;0.1;20;1300;706;1923076.923
10/11/24 11:38:27;2047.1;0.1;20;1300;711;1923076.923
10/11/24 11:38:32;2052.3;0.1;20;1300;711;1923076.923
10/11/24 11:38:37;2056.9;0.1;20;1300;709;1923076.923
10/11/24 11:38:42;2062.4;0.1;20;1300;709;1923076.923
10/11/24 11:38:47;2067.2;0.1;20;1300;709;1923076.923
10/11/24 11:38:52;2072.5;0.1;20;1300;711;1923076.923
10/11/24 11:38:57;2077.2;0.1;20;1300;711;1923076.923
10/11/24 11:39:02;2082.5;0.1;20;1300;708;1923076.923
10/11/24 11:39:07;2087.5;0.1;20;1300;708;1923076.923
10/11/24 11:39:12;2092.6;0.1;20;1300;708;1923076.923
10/11/24 11:39:17;2097.4;0.1;20;1300;700;1923076.923
10/11/24 11:39:22;2102.8;0.1;20;1500;699;1666666.667
10/11/24 11:39:27;2107.5;0.1;20;1500;699;1666666.667
10/11/24 11:39:32;2113.7;0.1;20;1500;708;1666666.667
10/11/24 11:39:37;2117.3;0.1;20;1500;708;1666666.667
10/11/24 11:39:42;2122.5;0.1;20;1500;708;1666666.667
10/11/24 11:39:47;2127.3;0.1;20;1500;706;1666666.667
10/11/24 11:39:52;2132.4;0.1;20;1500;706;1666666.667
10/11/24 11:39:57;2137.1;0.1;20;1500;702;1666666.667
10/11/24 11:40:02;2142.6;0.1;20;1500;702;1666666.667
10/11/24 11:40:07;2147.9;0.1;20;1500;702;1666666.667
10/11/24 11:40:12;2152.8;0.1;20;1500;708;1666666.667
10/11/24 11:40:17;2157.5;0.1;20;1500;708;1666666.667
10/11/24 11:40:22;2162.8;0.1;20;1500;702;1666666.667
10/11/24 11:40:27;2167.4;0.1;20;1500;702;1666666.667
10/11/24 11:40:32;2173.8;0.1;20;1500;711;1666666.667
10/11/24 11:40:37;2177.3;0.1;20;1500;711;1666666.667
10/11/24 11:40:42;2182.8;0.1;20;1500;706;1666666.667
10/11/24 11:40:47;2187.4;0.1;20;1500;706;1666666.667
10/11/24 11:40:52;2192.7;0.1;20;1500;701;1666666.667
10/11/24 11:40:57;2197.5;0.1;20;1500;701;1666666.667
10/11/24 11:41:02;2202.8;0.1;20;1500;703;1666666.667
10/11/24 11:41:07;2207.7;0.1;20;1500;703;1666666.667
10/11/24 11:41:12;2212.9;0.1;20;1500;713;1666666.667
10/11/24 11:41:17;2217.6;0.1;20;1500;713;1666666.667
10/11/24 11:41:22;2222.7;0.1;20;1500;704;1666666.667
10/11/24 11:41:27;2227.7;0.1;20;1500;704;1666666.667
10/11/24 11:41:32;2233.9;0.1;20;1500;709;1666666.667
10/11/24 11:41:37;2237.5;0.1;20;1500;709;1666666.667
10/11/24 11:41:42;2242.9;0.1;20;1500;702;1666666.667
10/11/24 11:41:47;2247.6;0.1;20;1500;702;1666666.667
10/11/24 11:41:52;2252.8;0.1;20;1500;707;1666666.667
10/11/24 11:41:57;2257.5;0.1;20;1500;707;1666666.667
10/11/24 11:42:02;2262.8;0.1;20;1500;707;1666666.667
10/11/24 11:42:07;2267.6;0.1;20;1500;707;1666666.667
10/11/24 11:42:12;2272.9;0.1;20;1500;704;1666666.667
10/11/24 11:42:17;2277.6;0.1;20;1500;704;1666666.667
10/11/24 11:42:22;2282.8;0.1;20;1500;699;1666666.667
10/11/24 11:42:27;2287.7;0.1;20;1500;699;1666666.667
10/11/24 11:42:32;2293.9;0.1;20;1500;711;1666666.667
10/11/24 11:42:37;2297.6;0.1;20;1500;711;1666666.667
10/11/24 11:42:42;2302.9;0.1;20;1500;711;1666666.667
10/11/24 11:42:47;2307.4;0.1;20;1500;711;1666666.667
10/11/24 11:42:52;2312.9;0.1;20;1500;702;1666666.667
10/11/24 11:42:57;2318;0.1;20;1500;702;1666666.667
10/11/24 11:43:02;2322.9;0.1;20;1500;711;1666666.667
10/11/24 11:43:07;2327.7;0.1;20;1500;711;1666666.667
10/11/24 11:43:12;2332.9;0.1;20;1500;713;1666666.667
10/11/24 11:43:17;2337.7;0.1;20;1500;713;1666666.667
10/11/24 11:43:22;2342.9;0.1;20;1500;707;1666666.667
10/11/24 11:43:27;2347.6;0.1;20;1500;707;1666666.667
10/11/24 11:43:32;2354;0.1;20;1500;704;1666666.667
10/11/24 11:43:37;2357.6;0.1;20;1500;704;1666666.667
10/11/24 11:43:42;2362.9;0.1;20;1500;709;1666666.667
10/11/24 11:43:47;2367.7;0.1;20;1500;709;1666666.667
10/11/24 11:43:52;2372.9;0.1;20;1500;704;1666666.667
10/11/24 11:43:57;2377.7;0.1;20;1500;704;1666666.667
10/11/24 11:44:02;2382.9;0.1;20;1500;705;1666666.667
10/11/24 11:44:07;2387.8;0.1;20;1500;705;1666666.667
10/11/24 11:44:12;2393;0.1;20;1500;708;1666666.667
10/11/24 11:44:17;2397.8;0.1;20;1500;708;1666666.667
10/11/24 11:44:22;2402.9;0.1;20;1300;708;1923076.923
10/11/24 11:44:28;2407.8;0.1;20;1300;712;1923076.923
10/11/24 11:44:33;2414.1;0.1;20;1300;700;1923076.923
10/11/24 11:44:38;2417.8;0.1;20;1300;700;1923076.923
10/11/24 11:44:43;2423.1;0.1;20;1300;709;1923076.923
10/11/24 11:44:48;2427.8;0.1;20;1300;709;1923076.923
10/11/24 11:44:53;2433;0.1;20;1300;706;1923076.923
10/11/24 11:44:58;2437.7;0.1;20;1300;706;1923076.923
10/11/24 11:45:03;2442.9;0.1;20;1300;713;1923076.923
10/11/24 11:45:08;2447.9;0.1;20;1300;713;1923076.923
10/11/24 11:45:13;2453.3;0.1;20;1300;703;1923076.923
10/11/24 11:45:18;2457.8;0.1;20;1300;703;1923076.923
10/11/24 11:45:23;2463;0.1;20;1300;706;1923076.923
10/11/24 11:45:28;2467.8;0.1;20;1300;706;1923076.923
10/11/24 11:45:33;2474.1;0.1;20;1300;712;1923076.923
10/11/24 11:45:38;2478;0.1;20;1300;712;1923076.923
10/11/24 11:45:43;2483.2;0.1;20;1300;707;1923076.923
10/11/24 11:45:48;2488.1;0.1;20;1300;707;1923076.923
10/11/24 11:45:53;2493.1;0.1;20;1300;706;1923076.923
10/11/24 11:45:58;2497.9;0.1;20;1300;706;1923076.923
10/11/24 11:46:03;2503.1;0.1;20;1300;711;1923076.923
10/11/24 11:46:08;2508.1;0.1;20;1300;711;1923076.923
10/11/24 11:46:13;2513.2;0.1;20;1300;707;1923076.923
10/11/24 11:46:18;2518.1;0.1;20;1300;707;1923076.923
10/11/24 11:46:23;2523.1;0.1;20;1300;712;1923076.923
10/11/24 11:46:28;2528.2;0.1;20;1300;712;1923076.923
10/11/24 11:46:33;2534.3;0.1;20;1300;710;1923076.923
10/11/24 11:46:38;2538;0.1;20;1300;710;1923076.923
10/11/24 11:46:43;2543.2;0.1;20;1300;704;1923076.923
10/11/24 11:46:48;2548.1;0.1;20;1300;704;1923076.923
10/11/24 11:46:53;2553.2;0.1;20;640;699;3906250
10/11/24 11:46:58;2558.2;0.1;20;640;699;3906250
10/11/24 11:47:03;2563.2;0.1;20;640;704;3906250
10/11/24 11:47:08;2568.2;0.1;20;640;704;3906250
10/11/24 11:47:13;2573.3;0.1;20;640;710;3906250
10/11/24 11:47:18;2578.1;0.1;20;640;710;3906250
10/11/24 11:47:23;2583.2;0.1;20;640;705;3906250
10/11/24 11:47:28;2588.1;0.1;20;640;705;3906250
10/11/24 11:47:33;2594.3;0.1;20;640;706;3906250
10/11/24 11:47:38;2598.1;0.1;20;640;706;3906250
10/11/24 11:47:43;2603.2;0.1;20;640;711;3906250
10/11/24 11:47:48;2608.2;0.1;20;640;711;3906250
10/11/24 11:47:53;2613.2;0.1;20;640;711;3906250
10/11/24 11:47:58;2618.2;0.1;20;640;711;3906250
10/11/24 11:48:03;2623.2;0.1;20;640;713;3906250
10/11/24 11:48:08;2628.2;0.1;20;640;713;3906250
10/11/24 11:48:13;2633.4;0.1;20;640;705;3906250
10/11/24 11:48:18;2638.2;0.1;20;640;705;3906250
10/11/24 11:48:23;2643.3;0.1;20;640;702;3906250
10/11/24 11:48:28;2648.3;0.1;20;640;702;3906250
10/11/24 11:48:33;2654.4;0.1;20;640;709;3906250
10/11/24 11:48:38;2658.3;0.1;20;640;709;3906250
10/11/24 11:48:43;2663.4;0.1;20;640;707;3906250
10/11/24 11:48:48;2668.3;0.1;20;640;707;3906250
10/11/24 11:48:53;2673.3;0.1;20;640;704;3906250
10/11/24 11:48:58;2678.3;0.1;20;640;704;3906250
10/11/24 11:49:03;2683.3;0.1;20;640;706;3906250
10/11/24 11:49:08;2688.3;0.1;20;640;706;3906250
10/11/24 11:49:13;2693.4;0.1;20;640;715;3906250
10/11/24 11:49:18;2698.5;0.1;20;640;715;3906250
10/11/24 11:49:23;2704.3;0.1;20;160;703;15625000
10/11/24 11:49:28;2708.4;0.1;20;160;703;15625000
10/11/24 11:49:33;2714.5;0.1;20;160;715;15625000
10/11/24 11:49:38;2718.4;0.1;20;160;715;15625000
10/11/24 11:49:43;2723.4;0.1;20;160;717;15625000
10/11/24 11:49:48;2728.5;0.1;20;160;717;15625000
10/11/24 11:49:53;2733.4;0.1;20;160;717;15625000
10/11/24 11:49:58;2738.4;0.1;20;160;717;15625000
10/11/24 11:50:03;2743.4;0.1;20;160;719;15625000
10/11/24 11:50:08;2748.3;0.1;20;160;719;15625000
10/11/24 11:50:13;2753.4;0.1;20;160;714;15625000
10/11/24 11:50:18;2758.6;0.1;20;160;714;15625000
10/11/24 11:50:23;2763.4;0.1;20;160;711;15625000
10/11/24 11:50:28;2768.4;0.1;20;160;711;15625000
10/11/24 11:50:33;2774.5;0.1;20;160;716;15625000
10/11/24 11:50:38;2778.6;0.1;20;160;716;15625000
10/11/24 11:50:43;2783.5;0.1;20;160;718;15625000
10/11/24 11:50:48;2788.5;0.1;20;160;718;15625000
10/11/24 11:50:53;2793.5;0.1;20;160;724;15625000
10/11/24 11:50:58;2798.7;0.1;20;160;724;15625000
10/11/24 11:51:03;2803.6;0.1;20;160;713;15625000
10/11/24 11:51:08;2808.5;0.1;20;160;713;15625000
10/11/24 11:51:13;2813.6;0.1;20;160;713;15625000
10/11/24 11:51:18;2818.5;0.1;20;160;713;15625000
10/11/24 11:51:23;2823.5;0.1;20;160;715;15625000
10/11/24 11:51:28;2828.5;0.1;20;160;715;15625000
10/11/24 11:51:33;2834.6;0.1;20;160;715;15625000
10/11/24 11:51:38;2838.5;0.1;20;160;715;15625000
10/11/24 11:51:43;2843.7;0.1;20;160;707;15625000
10/11/24 11:51:48;2848.4;0.1;20;160;707;15625000
10/11/24 11:51:53;2853.6;0.1;20;62;713;40322580.65
10/11/24 11:51:58;2858.6;0.1;20;62;713;40322580.65
10/11/24 11:52:03;2863.7;0.1;20;62;719;40322580.65
10/11/24 11:52:08;2868.6;0.1;20;62;719;40322580.65
10/11/24 11:52:13;2873.7;0.1;20;62;693;40322580.65
10/11/24 11:52:18;2878.7;0.1;20;62;693;40322580.65
10/11/24 11:52:23;2883.7;0.1;20;62;714;40322580.65
10/11/24 11:52:28;2888.8;0.1;20;62;714;40322580.65
10/11/24 11:52:33;2894.7;0.1;20;62;705;40322580.65
10/11/24 11:52:38;2898.6;0.1;20;62;705;40322580.65
10/11/24 11:52:43;2903.6;0.1;20;62;707;40322580.65
10/11/24 11:52:48;2908.6;0.1;20;62;707;40322580.65
10/11/24 11:52:53;2913.7;0.1;20;62;705;40322580.65
10/11/24 11:52:58;2918.8;0.1;20;62;705;40322580.65
10/11/24 11:53:03;2923.8;0.1;20;62;707;40322580.65
10/11/24 11:53:08;2928.7;0.1;20;62;707;40322580.65
10/11/24 11:53:13;2933.9;0.1;20;62;707;40322580.65
10/11/24 11:53:19;2938.7;0.1;20;62;707;40322580.65
10/11/24 11:53:24;2943.9;0.1;20;62;703;40322580.65
10/11/24 11:53:29;2948.7;0.1;20;62;703;40322580.65
10/11/24 11:53:34;2954.9;0.1;20;62;703;40322580.65
10/11/24 11:53:39;2958.9;0.1;20;62;703;40322580.65
10/11/24 11:53:44;2963.8;0.1;20;62;700;40322580.65
10/11/24 11:53:49;2968.7;0.1;20;62;700;40322580.65
10/11/24 11:53:54;2973.9;0.1;20;62;709;40322580.65
10/11/24 11:53:59;2978.9;0.1;20;62;709;40322580.65
10/11/24 11:54:04;2983.7;0.1;20;62;710;40322580.65
10/11/24 11:54:09;2988.7;0.1;20;62;710;40322580.65
10/11/24 11:54:14;2993.8;0.1;20;62;709;40322580.65
10/11/24 11:54:19;2998.9;0.1;20;62;709;40322580.65
10/11/24 11:54:24;3003.9;0.2;40;62;707;80645161.29
10/11/24 11:54:29;3008.9;0.2;40;62;707;80645161.29
10/11/24 11:54:34;3014.9;0.2;40;62;694;80645161.29
10/11/24 11:54:39;3018.9;0.2;40;62;694;80645161.29
10/11/24 11:54:44;3024;0.2;40;62;715;80645161.29
10/11/24 11:54:49;3028.7;0.2;40;62;715;80645161.29
10/11/24 11:54:54;3034;0.2;40;62;706;80645161.29
10/11/24 11:54:59;3039.1;0.2;40;62;706;80645161.29
10/11/24 11:55:04;3044;0.2;40;62;708;80645161.29
10/11/24 11:55:09;3048.9;0.2;40;62;708;80645161.29
10/11/24 11:55:14;3053.9;0.2;40;62;703;80645161.29
10/11/24 11:55:19;3059;0.2;40;62;703;80645161.29
10/11/24 11:55:24;3063.9;0.2;40;62;702;80645161.29
10/11/24 11:55:29;3069;0.2;40;62;702;80645161.29
10/11/24 11:55:34;3075;0.2;40;62;706;80645161.29
10/11/24 11:55:39;3078.9;0.2;40;62;706;80645161.29
10/11/24 11:55:44;3084;0.2;40;62;703;80645161.29
10/11/24 11:55:49;3088.9;0.2;40;62;703;80645161.29
10/11/24 11:55:54;3094;0.2;40;62;707;80645161.29
10/11/24 11:55:59;3098.9;0.2;40;62;707;80645161.29
10/11/24 11:56:04;3104;0.2;40;62;704;80645161.29
10/11/24 11:56:09;3109.1;0.2;40;62;704;80645161.29
10/11/24 11:56:14;3114.1;0.2;40;62;700;80645161.29
10/11/24 11:56:19;3119.1;0.2;40;62;700;80645161.29
10/11/24 11:56:24;3124.1;0.2;40;62;706;80645161.29
10/11/24 11:56:29;3129.1;0.2;40;62;706;80645161.29
10/11/24 11:56:34;3135.1;0.2;40;62;699;80645161.29
10/11/24 11:56:39;3139.1;0.2;40;62;699;80645161.29
10/11/24 11:56:44;3144;0.2;40;62;706;80645161.29
10/11/24 11:56:49;3149.1;0.2;40;62;706;80645161.29
10/11/24 11:56:54;3154.1;0.2;40;160;705;31250000
10/11/24 11:56:59;3159.1;0.2;40;160;705;31250000
10/11/24 11:57:04;3164.1;0.2;40;160;715;31250000
10/11/24 11:57:09;3169;0.2;40;160;715;31250000
10/11/24 11:57:14;3174.1;0.2;40;160;722;31250000
10/11/24 11:57:19;3179.2;0.2;40;160;722;31250000
10/11/24 11:57:24;3184.2;0.2;40;160;721;31250000
10/11/24 11:57:29;3189.3;0.2;40;160;721;31250000
10/11/24 11:57:34;3195.3;0.2;40;160;720;31250000
10/11/24 11:57:39;3199.1;0.2;40;160;720;31250000
10/11/24 11:57:44;3204.2;0.2;40;160;722;31250000
10/11/24 11:57:49;3209.2;0.2;40;160;722;31250000
10/11/24 11:57:54;3214.2;0.2;40;160;722;31250000
10/11/24 11:57:59;3219.3;0.2;40;160;722;31250000
10/11/24 11:58:04;3224.8;0.2;40;160;727;31250000
10/11/24 11:58:09;3229.2;0.2;40;160;727;31250000
10/11/24 11:58:14;3234.2;0.2;40;160;725;31250000
10/11/24 11:58:19;3239.2;0.2;40;160;725;31250000
10/11/24 11:58:24;3244.2;0.2;40;160;717;31250000
10/11/24 11:58:29;3249.3;0.2;40;160;717;31250000
10/11/24 11:58:34;3255.2;0.2;40;160;715;31250000
10/11/24 11:58:39;3259.3;0.2;40;160;715;31250000
10/11/24 11:58:44;3264.3;0.2;40;160;721;31250000
10/11/24 11:58:49;3269.4;0.2;40;160;721;31250000
10/11/24 11:58:54;3274.3;0.2;40;160;721;31250000
10/11/24 11:58:59;3279.3;0.2;40;160;721;31250000
10/11/24 11:59:04;3284.3;0.2;40;160;714;31250000
10/11/24 11:59:09;3289.3;0.2;40;160;714;31250000
10/11/24 11:59:14;3294.3;0.2;40;160;723;31250000
10/11/24 11:59:19;3299.3;0.2;40;160;723;31250000
10/11/24 11:59:24;3304.8;0.2;40;640;723;7812500
10/11/24 11:59:29;3309.5;0.2;40;640;723;7812500
10/11/24 11:59:34;3315.6;0.2;40;640;714;7812500
10/11/24 11:59:39;3319.3;0.2;40;640;714;7812500
10/11/24 11:59:44;3324.3;0.2;40;640;719;7812500
10/11/24 11:59:49;3329.3;0.2;40;640;719;7812500
10/11/24 11:59:54;3334.3;0.2;40;640;714;7812500
10/11/24 11:59:59;3339.4;0.2;40;640;714;7812500
10/11/24 12:00:04;3344.5;0.2;40;640;712;7812500
10/11/24 12:00:09;3349.5;0.2;40;640;712;7812500
10/11/24 12:00:14;3354.5;0.2;40;640;707;7812500
10/11/24 12:00:19;3359.6;0.2;40;640;707;7812500
10/11/24 12:00:24;3364.4;0.2;40;640;717;7812500
10/11/24 12:00:29;3369.4;0.2;40;640;717;7812500
10/11/24 12:00:34;3375.5;0.2;40;640;711;7812500
10/11/24 12:00:39;3379.3;0.2;40;640;711;7812500
10/11/24 12:00:44;3384.5;0.2;40;640;714;7812500
10/11/24 12:00:49;3389.5;0.2;40;640;714;7812500
10/11/24 12:00:54;3394.5;0.2;40;640;716;7812500
10/11/24 12:00:59;3399.5;0.2;40;640;716;7812500
10/11/24 12:01:04;3404.5;0.2;40;640;712;7812500
10/11/24 12:01:09;3409.4;0.2;40;640;712;7812500
10/11/24 12:01:14;3414.5;0.2;40;640;718;7812500
10/11/24 12:01:19;3419.6;0.2;40;640;718;7812500
10/11/24 12:01:24;3424.6;0.2;40;640;710;7812500
10/11/24 12:01:29;3429.6;0.2;40;640;710;7812500
10/11/24 12:01:34;3435.8;0.2;40;640;704;7812500
10/11/24 12:01:39;3439.5;0.2;40;640;704;7812500
10/11/24 12:01:44;3444.8;0.2;40;640;717;7812500
10/11/24 12:01:49;3449.8;0.2;40;640;717;7812500
10/11/24 12:01:54;3454.7;0.2;40;1300;711;3846153.846
10/11/24 12:01:59;3459.7;0.2;40;1300;711;3846153.846
10/11/24 12:02:04;3464.7;0.2;40;1300;708;3846153.846
10/11/24 12:02:09;3469.6;0.2;40;1300;708;3846153.846
10/11/24 12:02:14;3474.6;0.2;40;1300;713;3846153.846
10/11/24 12:02:19;3479.7;0.2;40;1300;713;3846153.846
10/11/24 12:02:24;3484.5;0.2;40;1300;719;3846153.846
10/11/24 12:02:29;3489.9;0.2;40;1300;719;3846153.846
10/11/24 12:02:35;3496;0.2;40;1300;712;3846153.846
10/11/24 12:02:40;3499.9;0.2;40;1300;712;3846153.846
10/11/24 12:02:45;3504.8;0.2;40;1300;708;3846153.846
10/11/24 12:02:50;3509.7;0.2;40;1300;708;3846153.846
10/11/24 12:02:55;3514.7;0.2;40;1300;706;3846153.846
10/11/24 12:03:00;3519.7;0.2;40;1300;706;3846153.846
10/11/24 12:03:05;3524.9;0.2;40;1300;713;3846153.846
10/11/24 12:03:10;3529.9;0.2;40;1300;713;3846153.846
10/11/24 12:03:15;3534.9;0.2;40;1300;715;3846153.846
10/11/24 12:03:20;3539.9;0.2;40;1300;715;3846153.846
10/11/24 12:03:25;3544.9;0.2;40;1300;717;3846153.846
10/11/24 12:03:30;3550.1;0.2;40;1300;717;3846153.846
10/11/24 12:03:35;3556;0.2;40;1300;716;3846153.846
10/11/24 12:03:40;3559.9;0.2;40;1300;716;3846153.846
10/11/24 12:03:45;3564.9;0.2;40;1300;705;3846153.846
10/11/24 12:03:50;3569.9;0.2;40;1300;705;3846153.846
10/11/24 12:03:55;3575;0.2;40;1300;713;3846153.846
10/11/24 12:04:00;3580;0.2;40;1300;713;3846153.846
10/11/24 12:04:05;3585;0.2;40;1300;706;3846153.846
10/11/24 12:04:10;3590;0.2;40;1300;706;3846153.846
10/11/24 12:04:15;3594.8;0.2;40;1300;710;3846153.846
10/11/24 12:04:20;3600;0.2;40;1500;710;3333333.333
10/11/24 12:04:25;3605;0.2;40;1500;723;3333333.333
10/11/24 12:04:30;3610.1;0.2;40;1500;723;3333333.333
10/11/24 12:04:35;3616.1;0.2;40;1500;717;3333333.333
10/11/24 12:04:40;3620;0.2;40;1500;717;3333333.333
10/11/24 12:04:45;3625;0.2;40;1500;709;3333333.333
10/11/24 12:04:50;3629.9;0.2;40;1500;709;3333333.333
10/11/24 12:04:55;3634.9;0.2;40;1500;711;3333333.333
10/11/24 12:05:00;3640;0.2;40;1500;711;3333333.333
10/11/24 12:05:05;3645.1;0.2;40;1500;715;3333333.333
10/11/24 12:05:10;3650.1;0.2;40;1500;715;3333333.333
10/11/24 12:05:15;3655.2;0.2;40;1500;712;3333333.333
10/11/24 12:05:20;3660.1;0.2;40;1500;712;3333333.333
10/11/24 12:05:25;3665.1;0.2;40;1500;724;3333333.333
10/11/24 12:05:30;3670.1;0.2;40;1500;724;3333333.333
10/11/24 12:05:35;3676.2;0.2;40;1500;713;3333333.333
10/11/24 12:05:40;3680.2;0.2;40;1500;713;3333333.333
10/11/24 12:05:45;3685.1;0.2;40;1500;711;3333333.333
10/11/24 12:05:50;3690.1;0.2;40;1500;711;3333333.333
10/11/24 12:05:55;3695.1;0.2;40;1500;702;3333333.333
10/11/24 12:06:00;3700.1;0.2;40;1500;702;3333333.333
10/11/24 12:06:05;3705.1;0.2;40;1500;703;3333333.333
10/11/24 12:06:10;3710.2;0.2;40;1500;703;3333333.333
10/11/24 12:06:15;3715.1;0.2;40;1500;703;3333333.333
10/11/24 12:06:20;3720.2;0.2;40;1500;703;3333333.333
10/11/24 12:06:25;3725.3;0.2;40;1500;707;3333333.333
10/11/24 12:06:30;3730.2;0.2;40;1500;707;3333333.333
10/11/24 12:06:35;3736.2;0.2;40;1500;709;3333333.333
10/11/24 12:06:40;3740.2;0.2;40;1500;709;3333333.333
10/11/24 12:06:45;3745.3;0.2;40;1500;708;3333333.333
10/11/24 12:06:50;3750.2;0.2;40;1500;708;3333333.333
10/11/24 12:06:55;3755.2;0.2;40;1500;705;3333333.333
10/11/24 12:07:00;3760.2;0.2;40;1500;705;3333333.333
10/11/24 12:07:05;3765.3;0.2;40;1500;711;3333333.333
10/11/24 12:07:10;3770.5;0.2;40;1500;711;3333333.333
10/11/24 12:07:15;3775.5;0.2;40;1500;710;3333333.333
10/11/24 12:07:20;3780.4;0.2;40;1500;710;3333333.333
10/11/24 12:07:25;3785.4;0.2;40;1500;711;3333333.333
10/11/24 12:07:30;3790.4;0.2;40;1500;711;3333333.333
10/11/24 12:07:35;3796.4;0.2;40;1500;708;3333333.333
10/11/24 12:07:40;3800.2;0.2;40;1500;708;3333333.333
10/11/24 12:07:45;3805.2;0.2;40;1500;711;3333333.333
10/11/24 12:07:50;3810.3;0.2;40;1500;711;3333333.333
10/11/24 12:07:55;3815.6;0.2;40;1500;708;3333333.333
10/11/24 12:08:00;3820.5;0.2;40;1500;708;3333333.333
10/11/24 12:08:05;3825.6;0.2;40;1500;711;3333333.333
10/11/24 12:08:10;3830.5;0.2;40;1500;711;3333333.333
10/11/24 12:08:15;3835.5;0.2;40;1500;709;3333333.333
10/11/24 12:08:20;3840.4;0.2;40;1500;709;3333333.333
10/11/24 12:08:25;3845.3;0.2;40;1500;708;3333333.333
10/11/24 12:08:30;3850.3;0.2;40;1500;708;3333333.333
10/11/24 12:08:35;3856.6;0.2;40;1500;705;3333333.333
10/11/24 12:08:40;3860.6;0.2;40;1500;705;3333333.333
10/11/24 12:08:45;3865.6;0.2;40;1500;704;3333333.333
10/11/24 12:08:50;3870.7;0.2;40;1500;704;3333333.333
10/11/24 12:08:55;3875.5;0.2;40;1500;712;3333333.333
10/11/24 12:09:00;3880.4;0.2;40;1500;712;3333333.333
10/11/24 12:09:05;3885.9;0.2;40;1500;703;3333333.333
10/11/24 12:09:10;3890.4;0.2;40;1500;703;3333333.333
10/11/24 12:09:15;3895.7;0.2;40;1500;699;3333333.333
10/11/24 12:09:20;3900.6;0.2;40;1300;699;3846153.846
10/11/24 12:09:25;3905.6;0.2;40;1300;700;3846153.846
10/11/24 12:09:30;3910.7;0.2;40;1300;700;3846153.846
10/11/24 12:09:35;3916.7;0.2;40;1300;703;3846153.846
10/11/24 12:09:40;3920.6;0.2;40;1300;703;3846153.846
10/11/24 12:09:45;3925.7;0.2;40;1300;708;3846153.846
10/11/24 12:09:50;3930.5;0.2;40;1300;708;3846153.846
10/11/24 12:09:55;3935.6;0.2;40;1300;716;3846153.846
10/11/24 12:10:00;3940.7;0.2;40;1300;716;3846153.846
10/11/24 12:10:05;3945.7;0.2;40;1300;707;3846153.846
10/11/24 12:10:10;3950.7;0.2;40;1300;707;3846153.846
10/11/24 12:10:15;3955.8;0.2;40;1300;710;3846153.846
10/11/24 12:10:20;3960.7;0.2;40;1300;710;3846153.846
10/11/24 12:10:25;3965.7;0.2;40;1300;711;3846153.846
10/11/24 12:10:30;3970.7;0.2;40;1300;711;3846153.846
10/11/24 12:10:35;3976.7;0.2;40;1300;702;3846153.846
10/11/24 12:10:40;3980.8;0.2;40;1300;702;3846153.846
10/11/24 12:10:45;3985.9;0.2;40;1300;708;3846153.846
10/11/24 12:10:50;3990.8;0.2;40;1300;708;3846153.846
10/11/24 12:10:55;3995.8;0.2;40;1300;716;3846153.846
10/11/24 12:11:00;4000.8;0.2;40;1300;716;3846153.846
10/11/24 12:11:06;4005.9;0.2;40;1300;707;3846153.846
10/11/24 12:11:11;4010.6;0.2;40;1300;707;3846153.846
10/11/24 12:11:16;4015.7;0.2;40;1300;712;3846153.846
10/11/24 12:11:21;4020.7;0.2;40;1300;712;3846153.846
10/11/24 12:11:26;4025.8;0.2;40;1300;704;3846153.846
10/11/24 12:11:31;4030.8;0.2;40;1300;704;3846153.846
10/11/24 12:11:36;4036.8;0.2;40;1300;703;3846153.846
10/11/24 12:11:41;4040.8;0.2;40;1300;703;3846153.846
10/11/24 12:11:46;4046;0.2;40;1300;705;3846153.846
10/11/24 12:11:51;4050.9;0.2;40;640;705;7812500
10/11/24 12:11:56;4055.8;0.2;40;640;719;7812500
10/11/24 12:12:01;4061;0.2;40;640;719;7812500
10/11/24 12:12:06;4066;0.2;40;640;715;7812500
10/11/24 12:12:11;4070.9;0.2;40;640;715;7812500
10/11/24 12:12:16;4075.9;0.2;40;640;705;7812500
10/11/24 12:12:21;4081;0.2;40;640;705;7812500
10/11/24 12:12:26;4085.9;0.2;40;640;707;7812500
10/11/24 12:12:31;4090.9;0.2;40;640;707;7812500
10/11/24 12:12:36;4097;0.2;40;640;712;7812500
10/11/24 12:12:41;4101;0.2;40;640;712;7812500
10/11/24 12:12:46;4106;0.2;40;640;704;7812500
10/11/24 12:12:51;4111.1;0.2;40;640;704;7812500
10/11/24 12:12:56;4116.1;0.2;40;640;711;7812500
10/11/24 12:13:01;4121.1;0.2;40;640;711;7812500
10/11/24 12:13:06;4126;0.2;40;640;707;7812500
10/11/24 12:13:11;4131.2;0.2;40;640;707;7812500
10/11/24 12:13:16;4136;0.2;40;640;705;7812500
10/11/24 12:13:21;4141.1;0.2;40;640;705;7812500
10/11/24 12:13:26;4146.1;0.2;40;640;707;7812500
10/11/24 12:13:31;4151.3;0.2;40;640;707;7812500
10/11/24 12:13:36;4157.4;0.2;40;640;712;7812500
10/11/24 12:13:41;4161.2;0.2;40;640;712;7812500
10/11/24 12:13:46;4166.3;0.2;40;640;711;7812500
10/11/24 12:13:51;4171.3;0.2;40;640;711;7812500
10/11/24 12:13:56;4176.2;0.2;40;640;718;7812500
10/11/24 12:14:01;4181.1;0.2;40;640;718;7812500
10/11/24 12:14:06;4186.2;0.2;40;640;709;7812500
10/11/24 12:14:11;4191.2;0.2;40;640;709;7812500
10/11/24 12:14:16;4196.2;0.2;40;640;706;7812500
10/11/24 12:14:21;4201.4;0.2;40;160;706;31250000
10/11/24 12:14:26;4206.2;0.2;40;160;712;31250000
10/11/24 12:14:31;4211.2;0.2;40;160;712;31250000
10/11/24 12:14:36;4217.4;0.2;40;160;711;31250000
10/11/24 12:14:41;4221.3;0.2;40;160;711;31250000
10/11/24 12:14:46;4226.3;0.2;40;160;718;31250000
10/11/24 12:14:51;4231.4;0.2;40;160;718;31250000
10/11/24 12:14:56;4236.3;0.2;40;160;721;31250000
10/11/24 12:15:01;4241.3;0.2;40;160;721;31250000
10/11/24 12:15:06;4246.3;0.2;40;160;729;31250000
10/11/24 12:15:11;4251.2;0.2;40;160;729;31250000
10/11/24 12:15:16;4256.2;0.2;40;160;719;31250000
10/11/24 12:15:21;4261.2;0.2;40;160;719;31250000
10/11/24 12:15:26;4266.3;0.2;40;160;717;31250000
10/11/24 12:15:31;4271.3;0.2;40;160;717;31250000
10/11/24 12:15:36;4277.4;0.2;40;160;720;31250000
10/11/24 12:15:41;4281.2;0.2;40;160;720;31250000
10/11/24 12:15:46;4286.3;0.2;40;160;720;31250000
10/11/24 12:15:51;4291.3;0.2;40;160;720;31250000
10/11/24 12:15:56;4296.4;0.2;40;160;716;31250000
10/11/24 12:16:01;4301.3;0.2;40;160;716;31250000
10/11/24 12:16:06;4306.2;0.2;40;160;714;31250000
10/11/24 12:16:11;4311.2;0.2;40;160;714;31250000
10/11/24 12:16:16;4316.4;0.2;40;160;721;31250000
10/11/24 12:16:21;4321.4;0.2;40;160;721;31250000
10/11/24 12:16:26;4326.4;0.2;40;160;720;31250000
10/11/24 12:16:31;4331.4;0.2;40;160;720;31250000
10/11/24 12:16:36;4337.4;0.2;40;160;719;31250000
10/11/24 12:16:41;4341.3;0.2;40;160;719;31250000
10/11/24 12:16:46;4346.5;0.2;40;160;721;31250000
10/11/24 12:16:51;4351.3;0.2;40;62;721;80645161.29
10/11/24 12:16:56;4356.3;0.2;40;62;719;80645161.29
10/11/24 12:17:01;4361.4;0.2;40;62;719;80645161.29
10/11/24 12:17:06;4366.4;0.2;40;62;699;80645161.29
10/11/24 12:17:11;4371.4;0.2;40;62;699;80645161.29
10/11/24 12:17:16;4376.5;0.2;40;62;698;80645161.29
10/11/24 12:17:21;4381.5;0.2;40;62;698;80645161.29
10/11/24 12:17:26;4386.5;0.2;40;62;707;80645161.29
10/11/24 12:17:31;4391.4;0.2;40;62;707;80645161.29
10/11/24 12:17:36;4397.5;0.2;40;62;703;80645161.29
10/11/24 12:17:41;4401.4;0.2;40;62;703;80645161.29
10/11/24 12:17:46;4406.5;0.2;40;62;703;80645161.29
10/11/24 12:17:51;4411.5;0.2;40;62;703;80645161.29
10/11/24 12:17:56;4416.6;0.2;40;62;707;80645161.29
10/11/24 12:18:01;4421.4;0.2;40;62;707;80645161.29
10/11/24 12:18:06;4426.5;0.2;40;62;700;80645161.29
10/11/24 12:18:11;4431.5;0.2;40;62;700;80645161.29
10/11/24 12:18:16;4436.4;0.2;40;62;700;80645161.29
10/11/24 12:18:21;4441.3;0.2;40;62;700;80645161.29
10/11/24 12:18:26;4446.5;0.2;40;62;701;80645161.29
10/11/24 12:18:31;4451.6;0.2;40;62;701;80645161.29
10/11/24 12:18:36;4457.6;0.2;40;62;708;80645161.29
10/11/24 12:18:41;4461.5;0.2;40;62;708;80645161.29
10/11/24 12:18:46;4466.6;0.2;40;62;701;80645161.29
10/11/24 12:18:51;4471.6;0.2;40;62;701;80645161.29
10/11/24 12:18:56;4476.6;0.2;40;62;702;80645161.29
10/11/24 12:19:01;4481.5;0.2;40;62;702;80645161.29
10/11/24 12:19:06;4486.9;0.2;40;62;709;80645161.29
10/11/24 12:19:11;4491.6;0.2;40;62;709;80645161.29
10/11/24 12:19:16;4496.8;0.2;40;62;709;80645161.29
10/11/24 12:19:21;4501.6;0.3;60;62;709;120967741.9
10/11/24 12:19:26;4506.6;0.3;60;62;699;120967741.9
10/11/24 12:19:31;4511.7;0.3;60;62;699;120967741.9
10/11/24 12:19:36;4517.8;0.3;60;62;705;120967741.9
10/11/24 12:19:41;4521.6;0.3;60;62;705;120967741.9
10/11/24 12:19:46;4526.5;0.3;60;62;698;120967741.9
10/11/24 12:19:51;4531.6;0.3;60;62;698;120967741.9
10/11/24 12:19:56;4536.6;0.3;60;62;697;120967741.9
10/11/24 12:20:01;4541.7;0.3;60;62;697;120967741.9
10/11/24 12:20:06;4546.7;0.3;60;62;703;120967741.9
10/11/24 12:20:11;4551.7;0.3;60;62;703;120967741.9
10/11/24 12:20:16;4556.8;0.3;60;62;706;120967741.9
10/11/24 12:20:21;4561.7;0.3;60;62;706;120967741.9
10/11/24 12:20:26;4566.7;0.3;60;62;703;120967741.9
10/11/24 12:20:31;4571.8;0.3;60;62;703;120967741.9
10/11/24 12:20:36;4577.8;0.3;60;62;707;120967741.9
10/11/24 12:20:41;4581.7;0.3;60;62;707;120967741.9
10/11/24 12:20:46;4586.7;0.3;60;62;730;120967741.9
10/11/24 12:20:51;4591.6;0.3;60;62;730;120967741.9
10/11/24 12:20:56;4596.7;0.3;60;62;707;120967741.9
10/11/24 12:21:01;4601.6;0.3;60;62;707;120967741.9
10/11/24 12:21:07;4606.7;0.3;60;62;701;120967741.9
10/11/24 12:21:12;4611.7;0.3;60;62;701;120967741.9
10/11/24 12:21:17;4616.7;0.3;60;62;705;120967741.9
10/11/24 12:21:22;4621.7;0.3;60;62;705;120967741.9
10/11/24 12:21:27;4626.8;0.3;60;62;702;120967741.9
10/11/24 12:21:32;4631.8;0.3;60;62;702;120967741.9
10/11/24 12:21:37;4637.9;0.3;60;62;709;120967741.9
10/11/24 12:21:42;4641.7;0.3;60;62;709;120967741.9
10/11/24 12:21:47;4646.8;0.3;60;62;708;120967741.9
10/11/24 12:21:52;4651.8;0.3;60;160;708;46875000
10/11/24 12:21:57;4656.8;0.3;60;160;714;46875000
10/11/24 12:22:02;4661.9;0.3;60;160;714;46875000
10/11/24 12:22:07;4666.8;0.3;60;160;716;46875000
10/11/24 12:22:12;4671.8;0.3;60;160;716;46875000
10/11/24 12:22:17;4676.8;0.3;60;160;725;46875000
10/11/24 12:22:22;4681.8;0.3;60;160;725;46875000
10/11/24 12:22:27;4686.8;0.3;60;160;723;46875000
10/11/24 12:22:32;4692;0.3;60;160;723;46875000
10/11/24 12:22:37;4698;0.3;60;160;736;46875000
10/11/24 12:22:42;4701.8;0.3;60;160;736;46875000
10/11/24 12:22:47;4707;0.3;60;160;728;46875000
10/11/24 12:22:52;4711.9;0.3;60;160;728;46875000
10/11/24 12:22:57;4716.9;0.3;60;160;726;46875000
10/11/24 12:23:02;4721.9;0.3;60;160;726;46875000
10/11/24 12:23:07;4726.9;0.3;60;160;731;46875000
10/11/24 12:23:12;4732.1;0.3;60;160;731;46875000
10/11/24 12:23:17;4737.1;0.3;60;160;730;46875000
10/11/24 12:23:22;4742;0.3;60;160;730;46875000
10/11/24 12:23:27;4747.1;0.3;60;160;729;46875000
10/11/24 12:23:32;4752.1;0.3;60;160;729;46875000
10/11/24 12:23:37;4757.9;0.3;60;160;728;46875000
10/11/24 12:23:42;4761.9;0.3;60;160;728;46875000
10/11/24 12:23:47;4766.9;0.3;60;160;722;46875000
10/11/24 12:23:52;4772;0.3;60;160;722;46875000
10/11/24 12:23:57;4777.1;0.3;60;160;735;46875000
10/11/24 12:24:02;4781.9;0.3;60;160;735;46875000
10/11/24 12:24:07;4787.1;0.3;60;160;733;46875000
10/11/24 12:24:12;4792.2;0.3;60;160;733;46875000
10/11/24 12:24:17;4797.2;0.3;60;160;734;46875000
10/11/24 12:24:22;4802;0.3;60;640;734;11718750
10/11/24 12:24:27;4807;0.3;60;640;733;11718750
10/11/24 12:24:32;4812.1;0.3;60;640;733;11718750
10/11/24 12:24:37;4818.2;0.3;60;640;719;11718750
10/11/24 12:24:42;4822.1;0.3;60;640;719;11718750
10/11/24 12:24:47;4827.1;0.3;60;640;709;11718750
10/11/24 12:24:52;4832.1;0.3;60;640;709;11718750
10/11/24 12:24:57;4837.2;0.3;60;640;717;11718750
10/11/24 12:25:02;4842.1;0.3;60;640;717;11718750
10/11/24 12:25:07;4847.3;0.3;60;640;715;11718750
10/11/24 12:25:12;4852;0.3;60;640;715;11718750
10/11/24 12:25:17;4857.2;0.3;60;640;708;11718750
10/11/24 12:25:22;4862.3;0.3;60;640;708;11718750
10/11/24 12:25:27;4867.2;0.3;60;640;713;11718750
10/11/24 12:25:32;4872.2;0.3;60;640;713;11718750
10/11/24 12:25:37;4878.4;0.3;60;640;717;11718750
10/11/24 12:25:42;4882.2;0.3;60;640;717;11718750
10/11/24 12:25:47;4887.1;0.3;60;640;716;11718750
10/11/24 12:25:52;4892.3;0.3;60;640;716;11718750
10/11/24 12:25:57;4897.3;0.3;60;640;720;11718750
10/11/24 12:26:02;4902.3;0.3;60;640;720;11718750
10/11/24 12:26:07;4907.3;0.3;60;640;709;11718750
10/11/24 12:26:12;4912.2;0.3;60;640;709;11718750
10/11/24 12:26:17;4917.2;0.3;60;640;710;11718750
10/11/24 12:26:22;4922.3;0.3;60;640;710;11718750
10/11/24 12:26:27;4927.3;0.3;60;640;709;11718750
10/11/24 12:26:32;4932.3;0.3;60;640;709;11718750
10/11/24 12:26:37;4938.6;0.3;60;640;716;11718750
10/11/24 12:26:42;4942.3;0.3;60;640;716;11718750
10/11/24 12:26:47;4947.5;0.3;60;640;715;11718750
10/11/24 12:26:52;4952.3;0.3;60;1300;715;5769230.769
10/11/24 12:26:57;4957.4;0.3;60;1300;713;5769230.769
10/11/24 12:27:02;4962.3;0.3;60;1300;713;5769230.769
10/11/24 12:27:07;4967.5;0.3;60;1300;707;5769230.769
10/11/24 12:27:12;4972.4;0.3;60;1300;707;5769230.769
10/11/24 12:27:17;4977.4;0.3;60;1300;713;5769230.769
10/11/24 12:27:22;4982.4;0.3;60;1300;713;5769230.769
10/11/24 12:27:27;4987.4;0.3;60;1300;719;5769230.769
10/11/24 12:27:32;4992.4;0.3;60;1300;719;5769230.769
10/11/24 12:27:37;4998.5;0.3;60;1300;709;5769230.769
10/11/24 12:27:42;5002.3;0.3;60;1300;709;5769230.769
10/11/24 12:27:47;5007.5;0.3;60;1300;720;5769230.769
10/11/24 12:27:52;5012.3;0.3;60;1300;720;5769230.769
10/11/24 12:27:57;5017.5;0.3;60;1300;709;5769230.769
10/11/24 12:28:02;5022.4;0.3;60;1300;709;5769230.769
10/11/24 12:28:07;5027.5;0.3;60;1300;711;5769230.769
10/11/24 12:28:12;5032.4;0.3;60;1300;711;5769230.769
10/11/24 12:28:17;5037.5;0.3;60;1300;720;5769230.769
10/11/24 12:28:22;5042.5;0.3;60;1300;720;5769230.769
10/11/24 12:28:27;5047.5;0.3;60;1300;712;5769230.769
10/11/24 12:28:32;5052.5;0.3;60;1300;712;5769230.769
10/11/24 12:28:37;5058.6;0.3;60;1300;714;5769230.769
10/11/24 12:28:42;5062.5;0.3;60;1300;714;5769230.769
10/11/24 12:28:47;5067.5;0.3;60;1300;716;5769230.769
10/11/24 12:28:52;5072.4;0.3;60;1300;716;5769230.769
10/11/24 12:28:57;5077.4;0.3;60;1300;708;5769230.769
10/11/24 12:29:02;5082.4;0.3;60;1300;708;5769230.769
10/11/24 12:29:07;5087.7;0.3;60;1300;719;5769230.769
10/11/24 12:29:12;5092.6;0.3;60;1300;719;5769230.769
10/11/24 12:29:17;5097.5;0.3;60;1300;710;5769230.769
10/11/24 12:29:22;5103.3;0.3;60;1500;710;5000000
10/11/24 12:29:27;5107.6;0.3;60;1500;707;5000000
10/11/24 12:29:32;5112.6;0.3;60;1500;707;5000000
10/11/24 12:29:37;5118.6;0.3;60;1500;707;5000000
10/11/24 12:29:42;5122.6;0.3;60;1500;707;5000000
10/11/24 12:29:47;5127.5;0.3;60;1500;715;5000000
10/11/24 12:29:52;5132.5;0.3;60;1500;715;5000000
10/11/24 12:29:57;5137.6;0.3;60;1500;703;5000000
10/11/24 12:30:02;5142.6;0.3;60;1500;703;5000000
10/11/24 12:30:07;5147.5;0.3;60;1500;715;5000000
10/11/24 12:30:12;5152.6;0.3;60;1500;715;5000000
10/11/24 12:30:17;5157.7;0.3;60;1500;707;5000000
10/11/24 12:30:22;5162.9;0.3;60;1500;707;5000000
10/11/24 12:30:27;5167.6;0.3;60;1500;716;5000000
10/11/24 12:30:32;5172.7;0.3;60;1500;716;5000000
10/11/24 12:30:37;5178.7;0.3;60;1500;720;5000000
10/11/24 12:30:42;5182.8;0.3;60;1500;720;5000000
10/11/24 12:30:47;5187.7;0.3;60;1500;717;5000000
10/11/24 12:30:52;5192.6;0.3;60;1500;717;5000000
10/11/24 12:30:57;5197.6;0.3;60;1500;707;5000000
10/11/24 12:31:02;5202.6;0.3;60;1500;707;5000000
10/11/24 12:31:08;5207.7;0.3;60;1500;711;5000000
10/11/24 12:31:13;5212.8;0.3;60;1500;711;5000000
10/11/24 12:31:18;5217.7;0.3;60;1500;704;5000000
10/11/24 12:31:23;5222.7;0.3;60;1500;704;5000000
10/11/24 12:31:28;5227.8;0.3;60;1500;709;5000000
10/11/24 12:31:33;5232.7;0.3;60;1500;709;5000000
10/11/24 12:31:38;5238.8;0.3;60;1500;707;5000000
10/11/24 12:31:43;5242.8;0.3;60;1500;707;5000000
10/11/24 12:31:48;5247.8;0.3;60;1500;703;5000000
10/11/24 12:31:53;5252.9;0.3;60;1500;703;5000000
10/11/24 12:31:58;5257.8;0.3;60;1500;717;5000000
10/11/24 12:32:03;5262.8;0.3;60;1500;717;5000000
10/11/24 12:32:08;5267.8;0.3;60;1500;706;5000000
10/11/24 12:32:13;5272.7;0.3;60;1500;706;5000000
10/11/24 12:32:18;5277.8;0.3;60;1500;708;5000000
10/11/24 12:32:23;5282.8;0.3;60;1500;708;5000000
10/11/24 12:32:28;5287.8;0.3;60;1500;717;5000000
10/11/24 12:32:33;5292.9;0.3;60;1500;717;5000000
10/11/24 12:32:38;5298.9;0.3;60;1500;709;5000000
10/11/24 12:32:43;5302.9;0.3;60;1500;709;5000000
10/11/24 12:32:48;5307.8;0.3;60;1500;710;5000000
10/11/24 12:32:53;5312.8;0.3;60;1500;710;5000000
10/11/24 12:32:58;5317.8;0.3;60;1500;715;5000000
10/11/24 12:33:03;5322.9;0.3;60;1500;715;5000000
10/11/24 12:33:08;5328;0.3;60;1500;714;5000000
10/11/24 12:33:13;5332.9;0.3;60;1500;714;5000000
10/11/24 12:33:18;5338;0.3;60;1500;711;5000000
10/11/24 12:33:23;5343;0.3;60;1500;711;5000000
10/11/24 12:33:28;5347.9;0.3;60;1500;704;5000000
10/11/24 12:33:33;5352.9;0.3;60;1500;704;5000000
10/11/24 12:33:38;5359;0.3;60;1500;715;5000000
10/11/24 12:33:43;5363;0.3;60;1500;715;5000000
10/11/24 12:33:48;5367.9;0.3;60;1500;715;5000000
10/11/24 12:33:53;5372.9;0.3;60;1500;715;5000000
10/11/24 12:33:58;5378;0.3;60;1500;712;5000000
10/11/24 12:34:03;5382.8;0.3;60;1500;712;5000000
10/11/24 12:34:08;5388;0.3;60;1500;705;5000000
10/11/24 12:34:13;5392.9;0.3;60;1500;705;5000000
10/11/24 12:34:18;5398.2;0.3;60;1500;709;5000000
10/11/24 12:34:23;5403.1;0.3;60;1300;709;5769230.769
10/11/24 12:34:28;5408.1;0.3;60;1300;709;5769230.769
10/11/24 12:34:33;5413.1;0.3;60;1300;709;5769230.769
10/11/24 12:34:38;5419.1;0.3;60;1300;715;5769230.769
10/11/24 12:34:43;5423.1;0.3;60;1300;715;5769230.769
10/11/24 12:34:48;5428.2;0.3;60;1300;716;5769230.769
10/11/24 12:34:53;5433;0.3;60;1300;716;5769230.769
10/11/24 12:34:58;5438;0.3;60;1300;707;5769230.769
10/11/24 12:35:03;5443;0.3;60;1300;707;5769230.769
10/11/24 12:35:08;5448.1;0.3;60;1300;712;5769230.769
10/11/24 12:35:13;5453.1;0.3;60;1300;712;5769230.769
10/11/24 12:35:18;5458.2;0.3;60;1300;713;5769230.769
10/11/24 12:35:23;5463;0.3;60;1300;713;5769230.769
10/11/24 12:35:28;5468.1;0.3;60;1300;708;5769230.769
10/11/24 12:35:33;5473.2;0.3;60;1300;708;5769230.769
10/11/24 12:35:38;5479.1;0.3;60;1300;710;5769230.769
10/11/24 12:35:43;5483;0.3;60;1300;710;5769230.769
10/11/24 12:35:48;5488;0.3;60;1300;705;5769230.769
10/11/24 12:35:53;5493.1;0.3;60;1300;705;5769230.769
10/11/24 12:35:58;5498.2;0.3;60;1300;713;5769230.769
10/11/24 12:36:03;5503.1;0.3;60;1300;713;5769230.769
10/11/24 12:36:08;5508.1;0.3;60;1300;714;5769230.769
10/11/24 12:36:13;5513.1;0.3;60;1300;714;5769230.769
10/11/24 12:36:18;5518.2;0.3;60;1300;709;5769230.769
10/11/24 12:36:23;5523.2;0.3;60;1300;709;5769230.769
10/11/24 12:36:28;5528.1;0.3;60;1300;708;5769230.769
10/11/24 12:36:33;5533.2;0.3;60;1300;708;5769230.769
10/11/24 12:36:38;5539.2;0.3;60;1300;716;5769230.769
10/11/24 12:36:43;5543.1;0.3;60;1300;716;5769230.769
10/11/24 12:36:48;5548.3;0.3;60;1300;714;5769230.769
10/11/24 12:36:53;5553.2;0.3;60;640;714;11718750
10/11/24 12:36:58;5558.3;0.3;60;640;709;11718750
10/11/24 12:37:03;5563.3;0.3;60;640;709;11718750
10/11/24 12:37:08;5568.3;0.3;60;640;711;11718750
10/11/24 12:37:13;5573.4;0.3;60;640;711;11718750
10/11/24 12:37:18;5578.4;0.3;60;640;713;11718750
10/11/24 12:37:23;5583.3;0.3;60;640;713;11718750
10/11/24 12:37:28;5588.3;0.3;60;640;711;11718750
10/11/24 12:37:33;5593.3;0.3;60;640;711;11718750
10/11/24 12:37:38;5599.3;0.3;60;640;720;11718750
10/11/24 12:37:43;5603.5;0.3;60;640;720;11718750
10/11/24 12:37:48;5608.5;0.3;60;640;720;11718750
10/11/24 12:37:53;5613.5;0.3;60;640;720;11718750
10/11/24 12:37:58;5618.5;0.3;60;640;712;11718750
10/11/24 12:38:03;5623.2;0.3;60;640;712;11718750
10/11/24 12:38:08;5628.3;0.3;60;640;714;11718750
10/11/24 12:38:13;5633.4;0.3;60;640;714;11718750
10/11/24 12:38:18;5638.3;0.3;60;640;712;11718750
10/11/24 12:38:23;5643.4;0.3;60;640;712;11718750
10/11/24 12:38:28;5648.6;0.3;60;640;711;11718750
10/11/24 12:38:33;5653.6;0.3;60;640;711;11718750
10/11/24 12:38:38;5659.3;0.3;60;640;719;11718750
10/11/24 12:38:43;5663.6;0.3;60;640;719;11718750
10/11/24 12:38:48;5668.4;0.3;60;640;718;11718750
10/11/24 12:38:53;5673.5;0.3;60;640;718;11718750
10/11/24 12:38:58;5678.4;0.3;60;640;711;11718750
10/11/24 12:39:03;5683.6;0.3;60;640;711;11718750
10/11/24 12:39:08;5688.6;0.3;60;640;721;11718750
10/11/24 12:39:13;5693.6;0.3;60;640;721;11718750
10/11/24 12:39:18;5698.6;0.3;60;640;709;11718750
10/11/24 12:39:23;5704.2;0.3;60;160;709;46875000
10/11/24 12:39:28;5708.9;0.3;60;160;727;46875000
10/11/24 12:39:33;5713.8;0.3;60;160;727;46875000
10/11/24 12:39:38;5719.5;0.3;60;160;715;46875000
10/11/24 12:39:43;5723.7;0.3;60;160;715;46875000
10/11/24 12:39:48;5728.7;0.3;60;160;737;46875000
10/11/24 12:39:53;5733.7;0.3;60;160;737;46875000
10/11/24 12:39:58;5738.7;0.3;60;160;730;46875000
10/11/24 12:40:03;5743.7;0.3;60;160;730;46875000
10/11/24 12:40:08;5748.6;0.3;60;160;727;46875000
10/11/24 12:40:13;5753.6;0.3;60;160;727;46875000
10/11/24 12:40:18;5758.7;0.3;60;160;726;46875000
10/11/24 12:40:23;5763.7;0.3;60;160;726;46875000
10/11/24 12:40:28;5768.7;0.3;60;160;729;46875000
10/11/24 12:40:33;5773.7;0.3;60;160;729;46875000
10/11/24 12:40:38;5779.4;0.3;60;160;735;46875000
10/11/24 12:40:43;5783.8;0.3;60;160;735;46875000
10/11/24 12:40:48;5788.8;0.3;60;160;730;46875000
10/11/24 12:40:53;5793.7;0.3;60;160;730;46875000
10/11/24 12:40:59;5798.8;0.3;60;160;724;46875000
10/11/24 12:41:04;5803.8;0.3;60;160;724;46875000
10/11/24 12:41:09;5809;0.3;60;160;733;46875000
10/11/24 12:41:14;5814;0.3;60;160;733;46875000
10/11/24 12:41:19;5818.9;0.3;60;160;723;46875000
10/11/24 12:41:24;5824;0.3;60;160;723;46875000
10/11/24 12:41:29;5828.8;0.3;60;160;726;46875000
10/11/24 12:41:34;5833.8;0.3;60;160;726;46875000
10/11/24 12:41:39;5839.5;0.3;60;160;722;46875000
10/11/24 12:41:44;5843.8;0.3;60;160;722;46875000
10/11/24 12:41:49;5848.8;0.3;60;160;725;46875000
10/11/24 12:41:54;5853.8;0.3;60;62;725;120967741.9
10/11/24 12:41:59;5858.8;0.3;60;62;740;120967741.9
10/11/24 12:42:04;5863.9;0.3;60;62;740;120967741.9
10/11/24 12:42:09;5868.9;0.3;60;62;723;120967741.9
10/11/24 12:42:14;5873.9;0.3;60;62;723;120967741.9
10/11/24 12:42:19;5878.9;0.3;60;62;702;120967741.9
10/11/24 12:42:24;5883.9;0.3;60;62;702;120967741.9
10/11/24 12:42:29;5889;0.3;60;62;700;120967741.9
10/11/24 12:42:34;5893.9;0.3;60;62;700;120967741.9
10/11/24 12:42:39;5899.6;0.3;60;62;706;120967741.9
10/11/24 12:42:44;5903.9;0.3;60;62;706;120967741.9
10/11/24 12:42:49;5908.9;0.3;60;62;710;120967741.9
10/11/24 12:42:54;5913.9;0.3;60;62;710;120967741.9
10/11/24 12:42:59;5919.1;0.3;60;62;712;120967741.9
10/11/24 12:43:04;5923.9;0.3;60;62;712;120967741.9
10/11/24 12:43:09;5928.9;0.3;60;62;699;120967741.9
10/11/24 12:43:14;5933.9;0.3;60;62;699;120967741.9
10/11/24 12:43:19;5939;0.3;60;62;709;120967741.9
10/11/24 12:43:24;5944.1;0.3;60;62;709;120967741.9
10/11/24 12:43:29;5949.3;0.3;60;62;700;120967741.9
10/11/24 12:43:34;5954;0.3;60;62;700;120967741.9
10/11/24 12:43:39;5959.7;0.3;60;62;703;120967741.9
10/11/24 12:43:44;5964.1;0.3;60;62;703;120967741.9
10/11/24 12:43:49;5969;0.3;60;62;705;120967741.9
10/11/24 12:43:54;5973.8;0.3;60;62;705;120967741.9
10/11/24 12:43:59;5979;0.3;60;62;704;120967741.9
10/11/24 12:44:04;5984.1;0.3;60;62;704;120967741.9
10/11/24 12:44:09;5989.1;0.3;60;62;711;120967741.9
10/11/24 12:44:14;5994.1;0.3;60;62;711;120967741.9
10/11/24 12:44:19;5999.1;0.3;60;62;692;120967741.9
10/11/24 12:44:24;6004.1;0.4;80;62;692;161290322.6
10/11/24 12:44:29;6009.1;0.4;80;62;706;161290322.6
10/11/24 12:44:34;6014.3;0.4;80;62;706;161290322.6
10/11/24 12:44:39;6020.2;0.4;80;62;707;161290322.6
10/11/24 12:44:44;6024.4;0.4;80;62;707;161290322.6
10/11/24 12:44:49;6029.3;0.4;80;62;709;161290322.6
10/11/24 12:44:54;6034.2;0.4;80;62;709;161290322.6
10/11/24 12:44:59;6039.2;0.4;80;62;703;161290322.6
10/11/24 12:45:04;6044.1;0.4;80;62;703;161290322.6
10/11/24 12:45:09;6049.1;0.4;80;62;708;161290322.6
10/11/24 12:45:14;6054.1;0.4;80;62;708;161290322.6
10/11/24 12:45:19;6059.1;0.4;80;62;703;161290322.6
10/11/24 12:45:24;6064.3;0.4;80;62;703;161290322.6
10/11/24 12:45:29;6069.4;0.4;80;62;709;161290322.6
10/11/24 12:45:34;6074.4;0.4;80;62;709;161290322.6
10/11/24 12:45:39;6080.2;0.4;80;62;703;161290322.6
10/11/24 12:45:44;6084.1;0.4;80;62;703;161290322.6
10/11/24 12:45:49;6089.2;0.4;80;62;707;161290322.6
10/11/24 12:45:54;6094.2;0.4;80;62;707;161290322.6
10/11/24 12:45:59;6099.5;0.4;80;62;710;161290322.6
10/11/24 12:46:04;6104.5;0.4;80;62;710;161290322.6
10/11/24 12:46:09;6109.5;0.4;80;62;698;161290322.6
10/11/24 12:46:14;6114.6;0.4;80;62;698;161290322.6
10/11/24 12:46:19;6119.4;0.4;80;62;704;161290322.6
10/11/24 12:46:24;6124.4;0.4;80;62;704;161290322.6
10/11/24 12:46:29;6129.2;0.4;80;62;701;161290322.6
10/11/24 12:46:34;6134.3;0.4;80;62;701;161290322.6
10/11/24 12:46:39;6139.9;0.4;80;62;705;161290322.6
10/11/24 12:46:44;6144.5;0.4;80;62;705;161290322.6
10/11/24 12:46:49;6149.6;0.4;80;62;704;161290322.6
10/11/24 12:46:54;6154.5;0.4;80;160;704;62500000
10/11/24 12:46:59;6159.5;0.4;80;160;717;62500000
10/11/24 12:47:04;6164.6;0.4;80;160;717;62500000
10/11/24 12:47:09;6169.4;0.4;80;160;709;62500000
10/11/24 12:47:14;6174.3;0.4;80;160;709;62500000
10/11/24 12:47:19;6179.4;0.4;80;160;737;62500000
10/11/24 12:47:24;6184.3;0.4;80;160;737;62500000
10/11/24 12:47:29;6189.7;0.4;80;160;730;62500000
10/11/24 12:47:34;6194.7;0.4;80;160;730;62500000
10/11/24 12:47:39;6200.6;0.4;80;160;728;62500000
10/11/24 12:47:44;6204.5;0.4;80;160;728;62500000
10/11/24 12:47:49;6209.4;0.4;80;160;733;62500000
10/11/24 12:47:54;6214.5;0.4;80;160;733;62500000
10/11/24 12:47:59;6219.3;0.4;80;160;734;62500000
10/11/24 12:48:04;6224.6;0.4;80;160;734;62500000
10/11/24 12:48:09;6229.6;0.4;80;160;731;62500000
10/11/24 12:48:14;6234.6;0.4;80;160;731;62500000
10/11/24 12:48:19;6239.6;0.4;80;160;732;62500000
10/11/24 12:48:24;6244.6;0.4;80;160;732;62500000
10/11/24 12:48:29;6249.6;0.4;80;160;729;62500000
10/11/24 12:48:34;6254.6;0.4;80;160;729;62500000
10/11/24 12:48:39;6260.6;0.4;80;160;730;62500000
10/11/24 12:48:44;6264.7;0.4;80;160;730;62500000
10/11/24 12:48:49;6269.6;0.4;80;160;740;62500000
10/11/24 12:48:54;6274.6;0.4;80;160;740;62500000
10/11/24 12:48:59;6279.7;0.4;80;160;739;62500000
10/11/24 12:49:04;6285.1;0.4;80;160;739;62500000
10/11/24 12:49:09;6289.7;0.4;80;160;735;62500000
10/11/24 12:49:14;6294.7;0.4;80;160;735;62500000
10/11/24 12:49:19;6299.6;0.4;80;160;741;62500000
10/11/24 12:49:24;6304.6;0.4;80;640;741;15625000
10/11/24 12:49:29;6309.7;0.4;80;640;731;15625000
10/11/24 12:49:34;6314.7;0.4;80;640;731;15625000
10/11/24 12:49:39;6320.7;0.4;80;640;735;15625000
10/11/24 12:49:44;6324.8;0.4;80;640;735;15625000
10/11/24 12:49:49;6329.7;0.4;80;640;721;15625000
10/11/24 12:49:54;6334.9;0.4;80;640;721;15625000
10/11/24 12:49:59;6339.8;0.4;80;640;733;15625000
10/11/24 12:50:04;6344.7;0.4;80;640;733;15625000
10/11/24 12:50:09;6349.7;0.4;80;640;719;15625000
10/11/24 12:50:14;6354.7;0.4;80;640;719;15625000
10/11/24 12:50:19;6359.7;0.4;80;640;715;15625000
10/11/24 12:50:25;6364.8;0.4;80;640;715;15625000
10/11/24 12:50:30;6369.9;0.4;80;640;728;15625000
10/11/24 12:50:35;6374.8;0.4;80;640;728;15625000
10/11/24 12:50:40;6380.8;0.4;80;640;717;15625000
10/11/24 12:50:45;6384.9;0.4;80;640;717;15625000
10/11/24 12:50:50;6389.7;0.4;80;640;723;15625000
10/11/24 12:50:55;6394.7;0.4;80;640;723;15625000
10/11/24 12:51:00;6399.8;0.4;80;640;718;15625000
10/11/24 12:51:05;6404.8;0.4;80;640;718;15625000
10/11/24 12:51:10;6410;0.4;80;640;721;15625000
10/11/24 12:51:15;6414.9;0.4;80;640;721;15625000
10/11/24 12:51:20;6419.9;0.4;80;640;717;15625000
10/11/24 12:51:25;6425;0.4;80;640;717;15625000
10/11/24 12:51:30;6429.9;0.4;80;640;718;15625000
10/11/24 12:51:35;6434.8;0.4;80;640;718;15625000
10/11/24 12:51:40;6440.6;0.4;80;640;714;15625000
10/11/24 12:51:45;6445;0.4;80;640;714;15625000
10/11/24 12:51:50;6450;0.4;80;1300;720;7692307.692
10/11/24 12:51:55;6454.9;0.4;80;1300;720;7692307.692
10/11/24 12:52:00;6460;0.4;80;1300;717;7692307.692
10/11/24 12:52:05;6465.1;0.4;80;1300;717;7692307.692
10/11/24 12:52:10;6469.9;0.4;80;1300;717;7692307.692
10/11/24 12:52:15;6475.1;0.4;80;1300;717;7692307.692
10/11/24 12:52:20;6480.1;0.4;80;1300;709;7692307.692
10/11/24 12:52:25;6485.1;0.4;80;1300;709;7692307.692
10/11/24 12:52:30;6490.1;0.4;80;1300;717;7692307.692
10/11/24 12:52:35;6495.2;0.4;80;1300;717;7692307.692
10/11/24 12:52:40;6500.5;0.4;80;1300;713;7692307.692
10/11/24 12:52:45;6505.2;0.4;80;1300;713;7692307.692
10/11/24 12:52:50;6510.1;0.4;80;1300;712;7692307.692
10/11/24 12:52:55;6515.2;0.4;80;1300;712;7692307.692
10/11/24 12:53:00;6520.1;0.4;80;1300;717;7692307.692
10/11/24 12:53:05;6525.2;0.4;80;1300;717;7692307.692
10/11/24 12:53:10;6530.2;0.4;80;1300;712;7692307.692
10/11/24 12:53:15;6535.2;0.4;80;1300;712;7692307.692
10/11/24 12:53:20;6540.2;0.4;80;1300;719;7692307.692
10/11/24 12:53:25;6545.1;0.4;80;1300;719;7692307.692
10/11/24 12:53:30;6550.2;0.4;80;1300;716;7692307.692
10/11/24 12:53:35;6555.1;0.4;80;1300;716;7692307.692
10/11/24 12:53:40;6560.6;0.4;80;1300;712;7692307.692
10/11/24 12:53:45;6565.2;0.4;80;1300;712;7692307.692
10/11/24 12:53:50;6570.1;0.4;80;1300;715;7692307.692
10/11/24 12:53:55;6575.7;0.4;80;1300;715;7692307.692
10/11/24 12:54:00;6580.3;0.4;80;1300;722;7692307.692
10/11/24 12:54:05;6585.2;0.4;80;1300;722;7692307.692
10/11/24 12:54:10;6590.1;0.4;80;1300;719;7692307.692
10/11/24 12:54:15;6595.2;0.4;80;1300;719;7692307.692
10/11/24 12:54:20;6600.2;0.4;80;1500;709;6666666.667
10/11/24 12:54:25;6605.3;0.4;80;1500;709;6666666.667
10/11/24 12:54:30;6610.4;0.4;80;1500;718;6666666.667
10/11/24 12:54:35;6615.3;0.4;80;1500;718;6666666.667
10/11/24 12:54:40;6620.7;0.4;80;1500;718;6666666.667
10/11/24 12:54:45;6625.3;0.4;80;1500;718;6666666.667
10/11/24 12:54:50;6630.2;0.4;80;1500;711;6666666.667
10/11/24 12:54:55;6635.2;0.4;80;1500;711;6666666.667
10/11/24 12:55:00;6640.2;0.4;80;1500;721;6666666.667
10/11/24 12:55:05;6645.3;0.4;80;1500;721;6666666.667
10/11/24 12:55:10;6650.3;0.4;80;1500;718;6666666.667
10/11/24 12:55:15;6655.4;0.4;80;1500;718;6666666.667
10/11/24 12:55:20;6660.4;0.4;80;1500;707;6666666.667
10/11/24 12:55:25;6665.4;0.4;80;1500;707;6666666.667
10/11/24 12:55:30;6670.4;0.4;80;1500;719;6666666.667
10/11/24 12:55:35;6675.4;0.4;80;1500;719;6666666.667
10/11/24 12:55:40;6680.8;0.4;80;1500;709;6666666.667
10/11/24 12:55:45;6685.5;0.4;80;1500;709;6666666.667
10/11/24 12:55:50;6690.6;0.4;80;1500;702;6666666.667
10/11/24 12:55:55;6695.4;0.4;80;1500;702;6666666.667
10/11/24 12:56:00;6700.3;0.4;80;1500;711;6666666.667
10/11/24 12:56:05;6705.3;0.4;80;1500;711;6666666.667
10/11/24 12:56:10;6710.4;0.4;80;1500;711;6666666.667
10/11/24 12:56:15;6715.4;0.4;80;1500;711;6666666.667
10/11/24 12:56:20;6720.4;0.4;80;1500;713;6666666.667
10/11/24 12:56:25;6725.4;0.4;80;1500;713;6666666.667
10/11/24 12:56:30;6730.5;0.4;80;1500;713;6666666.667
10/11/24 12:56:35;6735.4;0.4;80;1500;713;6666666.667
10/11/24 12:56:40;6740.9;0.4;80;1500;711;6666666.667
10/11/24 12:56:45;6745.4;0.4;80;1500;711;6666666.667
10/11/24 12:56:50;6750.6;0.4;80;1500;714;6666666.667
10/11/24 12:56:55;6755.5;0.4;80;1500;714;6666666.667
10/11/24 12:57:00;6760.4;0.4;80;1500;707;6666666.667
10/11/24 12:57:05;6765.5;0.4;80;1500;707;6666666.667
10/11/24 12:57:10;6770.5;0.4;80;1500;711;6666666.667
10/11/24 12:57:15;6775.5;0.4;80;1500;711;6666666.667
10/11/24 12:57:20;6780.5;0.4;80;1500;708;6666666.667
10/11/24 12:57:25;6785.5;0.4;80;1500;708;6666666.667
10/11/24 12:57:30;6790.5;0.4;80;1500;710;6666666.667
10/11/24 12:57:35;6795.5;0.4;80;1500;710;6666666.667
10/11/24 12:57:40;6801.2;0.4;80;1500;712;6666666.667
10/11/24 12:57:45;6805.5;0.4;80;1500;712;6666666.667
10/11/24 12:57:50;6810.7;0.4;80;1500;715;6666666.667
10/11/24 12:57:55;6815.6;0.4;80;1500;715;6666666.667
10/11/24 12:58:00;6820.5;0.4;80;1500;720;6666666.667
10/11/24 12:58:05;6825.5;0.4;80;1500;720;6666666.667
10/11/24 12:58:10;6830.5;0.4;80;1500;708;6666666.667
10/11/24 12:58:15;6835.6;0.4;80;1500;708;6666666.667
10/11/24 12:58:20;6840.7;0.4;80;1500;715;6666666.667
10/11/24 12:58:25;6845.6;0.4;80;1500;715;6666666.667
10/11/24 12:58:30;6850.7;0.4;80;1500;718;6666666.667
10/11/24 12:58:35;6855.7;0.4;80;1500;718;6666666.667
10/11/24 12:58:40;6861.3;0.4;80;1500;717;6666666.667
10/11/24 12:58:45;6865.6;0.4;80;1500;717;6666666.667
10/11/24 12:58:50;6870.6;0.4;80;1500;714;6666666.667
10/11/24 12:58:55;6875.5;0.4;80;1500;714;6666666.667
10/11/24 12:59:00;6880.5;0.4;80;1500;712;6666666.667
10/11/24 12:59:05;6886.1;0.4;80;1500;712;6666666.667
10/11/24 12:59:10;6890.7;0.4;80;1500;712;6666666.667
10/11/24 12:59:15;6895.7;0.4;80;1500;712;6666666.667
10/11/24 12:59:20;6901.2;0.4;80;1300;719;7692307.692
10/11/24 12:59:26;6905.8;0.4;80;1300;719;7692307.692
10/11/24 12:59:31;6910.7;0.4;80;1300;716;7692307.692
10/11/24 12:59:36;6915.7;0.4;80;1300;716;7692307.692
10/11/24 12:59:41;6921.4;0.4;80;1300;719;7692307.692
10/11/24 12:59:46;6925.9;0.4;80;1300;719;7692307.692
10/11/24 12:59:51;6930.9;0.4;80;1300;710;7692307.692
10/11/24 12:59:56;6935.8;0.4;80;1300;710;7692307.692
10/11/24 13:00:01;6940.9;0.4;80;1300;714;7692307.692
10/11/24 13:00:06;6945.9;0.4;80;1300;714;7692307.692
10/11/24 13:00:11;6950.9;0.4;80;1300;718;7692307.692
10/11/24 13:00:16;6955.7;0.4;80;1300;718;7692307.692
10/11/24 13:00:21;6960.9;0.4;80;1300;719;7692307.692
10/11/24 13:00:26;6966;0.4;80;1300;719;7692307.692
10/11/24 13:00:31;6971;0.4;80;1300;714;7692307.692
10/11/24 13:00:36;6975.8;0.4;80;1300;714;7692307.692
10/11/24 13:00:41;6981.4;0.4;80;1300;716;7692307.692
10/11/24 13:00:46;6986;0.4;80;1300;716;7692307.692
10/11/24 13:00:51;6990.8;0.4;80;1300;711;7692307.692
10/11/24 13:00:56;6996;0.4;80;1300;711;7692307.692
10/11/24 13:01:01;7000.9;0.4;80;1300;713;7692307.692
10/11/24 13:01:06;7006;0.4;80;1300;713;7692307.692
10/11/24 13:01:11;7011;0.4;80;1300;712;7692307.692
10/11/24 13:01:16;7015.9;0.4;80;1300;712;7692307.692
10/11/24 13:01:21;7020.9;0.4;80;1300;715;7692307.692
10/11/24 13:01:26;7026;0.4;80;1300;715;7692307.692
10/11/24 13:01:31;7031;0.4;80;1300;718;7692307.692
10/11/24 13:01:36;7036;0.4;80;1300;718;7692307.692
10/11/24 13:01:41;7041.5;0.4;80;1300;719;7692307.692
10/11/24 13:01:46;7046;0.4;80;1300;719;7692307.692
10/11/24 13:01:51;7051;0.4;80;640;717;15625000
10/11/24 13:01:56;7056;0.4;80;640;717;15625000
10/11/24 13:02:01;7061;0.4;80;640;708;15625000
10/11/24 13:02:06;7066.1;0.4;80;640;708;15625000
10/11/24 13:02:11;7071.1;0.4;80;640;712;15625000
10/11/24 13:02:16;7076.1;0.4;80;640;712;15625000
10/11/24 13:02:21;7081.1;0.4;80;640;711;15625000
10/11/24 13:02:26;7086.1;0.4;80;640;711;15625000
10/11/24 13:02:31;7091.1;0.4;80;640;712;15625000
10/11/24 13:02:36;7096.1;0.4;80;640;712;15625000
10/11/24 13:02:41;7101.6;0.4;80;640;720;15625000
10/11/24 13:02:46;7106.1;0.4;80;640;720;15625000
10/11/24 13:02:51;7111;0.4;80;640;720;15625000
10/11/24 13:02:56;7116;0.4;80;640;720;15625000
10/11/24 13:03:01;7121.1;0.4;80;640;710;15625000
10/11/24 13:03:06;7126.1;0.4;80;640;710;15625000
10/11/24 13:03:11;7131.1;0.4;80;640;721;15625000
10/11/24 13:03:16;7136.2;0.4;80;640;721;15625000
10/11/24 13:03:21;7141.2;0.4;80;640;717;15625000
10/11/24 13:03:26;7146.3;0.4;80;640;717;15625000
10/11/24 13:03:31;7151.4;0.4;80;640;715;15625000
10/11/24 13:03:36;7156.3;0.4;80;640;715;15625000
10/11/24 13:03:41;7161.7;0.4;80;640;718;15625000
10/11/24 13:03:46;7166.2;0.4;80;640;718;15625000
10/11/24 13:03:51;7171.2;0.4;80;640;723;15625000
10/11/24 13:03:56;7176.3;0.4;80;640;723;15625000
10/11/24 13:04:01;7181.2;0.4;80;640;719;15625000
10/11/24 13:04:06;7186.3;0.4;80;640;719;15625000
10/11/24 13:04:11;7191.2;0.4;80;640;726;15625000
10/11/24 13:04:16;7196.2;0.4;80;640;726;15625000
10/11/24 13:04:21;7201.1;0.4;80;160;712;62500000
10/11/24 13:04:26;7206.4;0.4;80;160;712;62500000
10/11/24 13:04:31;7211.3;0.4;80;160;722;62500000
10/11/24 13:04:36;7216.3;0.4;80;160;722;62500000
10/11/24 13:04:41;7221.8;0.4;80;160;715;62500000
10/11/24 13:04:46;7226.4;0.4;80;160;715;62500000
10/11/24 13:04:51;7231.3;0.4;80;160;737;62500000
10/11/24 13:04:56;7236.3;0.4;80;160;737;62500000
10/11/24 13:05:01;7241.3;0.4;80;160;732;62500000
10/11/24 13:05:06;7246.3;0.4;80;160;732;62500000
10/11/24 13:05:11;7251.3;0.4;80;160;727;62500000
10/11/24 13:05:16;7256.3;0.4;80;160;727;62500000
10/11/24 13:05:21;7261.3;0.4;80;160;733;62500000
10/11/24 13:05:26;7266.4;0.4;80;160;733;62500000
10/11/24 13:05:31;7271.5;0.4;80;160;735;62500000
10/11/24 13:05:36;7276.4;0.4;80;160;735;62500000
10/11/24 13:05:41;7281.8;0.4;80;160;741;62500000
10/11/24 13:05:46;7286.4;0.4;80;160;741;62500000
10/11/24 13:05:51;7291.5;0.4;80;160;729;62500000
10/11/24 13:05:56;7296.4;0.4;80;160;729;62500000
10/11/24 13:06:01;7301.5;0.4;80;160;731;62500000
10/11/24 13:06:06;7306.4;0.4;80;160;731;62500000
10/11/24 13:06:11;7311.6;0.4;80;160;737;62500000
10/11/24 13:06:16;7316.5;0.4;80;160;737;62500000
10/11/24 13:06:21;7321.4;0.4;80;160;726;62500000
10/11/24 13:06:26;7326.4;0.4;80;160;726;62500000
10/11/24 13:06:31;7331.4;0.4;80;160;728;62500000
10/11/24 13:06:36;7336.5;0.4;80;160;728;62500000
10/11/24 13:06:41;7342;0.4;80;160;734;62500000
10/11/24 13:06:46;7346.5;0.4;80;160;734;62500000
10/11/24 13:06:51;7351.6;0.4;80;62;737;161290322.6
10/11/24 13:06:56;7356.4;0.4;80;62;737;161290322.6
10/11/24 13:07:01;7361.4;0.4;80;62;736;161290322.6
10/11/24 13:07:06;7366.5;0.4;80;62;736;161290322.6
10/11/24 13:07:11;7371.4;0.4;80;62;727;161290322.6
10/11/24 13:07:16;7376.7;0.4;80;62;727;161290322.6
10/11/24 13:07:21;7381.5;0.4;80;62;717;161290322.6
10/11/24 13:07:26;7386.6;0.4;80;62;717;161290322.6
10/11/24 13:07:31;7391.7;0.4;80;62;707;161290322.6
10/11/24 13:07:36;7396.6;0.4;80;62;707;161290322.6
10/11/24 13:07:41;7402.2;0.4;80;62;706;161290322.6
10/11/24 13:07:46;7406.8;0.4;80;62;706;161290322.6
10/11/24 13:07:51;7411.8;0.4;80;62;700;161290322.6
10/11/24 13:07:56;7416.7;0.4;80;62;700;161290322.6
10/11/24 13:08:01;7421.7;0.4;80;62;705;161290322.6
10/11/24 13:08:06;7426.5;0.4;80;62;705;161290322.6
10/11/24 13:08:11;7431.5;0.4;80;62;699;161290322.6
10/11/24 13:08:16;7436.6;0.4;80;62;699;161290322.6
10/11/24 13:08:22;7441.5;0.4;80;62;710;161290322.6
10/11/24 13:08:27;7446.8;0.4;80;62;710;161290322.6
10/11/24 13:08:32;7452;0.4;80;62;703;161290322.6
10/11/24 13:08:37;7456.9;0.4;80;62;703;161290322.6
10/11/24 13:08:42;7461.9;0.4;80;62;715;161290322.6
10/11/24 13:08:47;7466.9;0.4;80;62;715;161290322.6
10/11/24 13:08:52;7471.6;0.4;80;62;711;161290322.6
10/11/24 13:08:57;7476.7;0.4;80;62;711;161290322.6
10/11/24 13:09:02;7481.7;0.4;80;62;700;161290322.6
10/11/24 13:09:07;7487.1;0.4;80;62;700;161290322.6
10/11/24 13:09:12;7491.9;0.4;80;62;710;161290322.6
10/11/24 13:09:17;7496.9;0.4;80;62;710;161290322.6
10/11/24 13:09:22;7502.1;0.5;100;62;702;201612903.2
10/11/24 13:09:27;7506.9;0.5;100;62;702;201612903.2
10/11/24 13:09:32;7511.9;0.5;100;62;701;201612903.2
10/11/24 13:09:37;7516.9;0.5;100;62;701;201612903.2
10/11/24 13:09:42;7521.9;0.5;100;62;711;201612903.2
10/11/24 13:09:47;7526.9;0.5;100;62;711;201612903.2
10/11/24 13:09:52;7532;0.5;100;62;715;201612903.2
10/11/24 13:09:57;7537;0.5;100;62;715;201612903.2
10/11/24 13:10:02;7542;0.5;100;62;712;201612903.2
10/11/24 13:10:07;7547;0.5;100;62;712;201612903.2
10/11/24 13:10:12;7552;0.5;100;62;716;201612903.2
10/11/24 13:10:17;7557;0.5;100;62;716;201612903.2
10/11/24 13:10:22;7562;0.5;100;62;708;201612903.2
10/11/24 13:10:27;7567;0.5;100;62;708;201612903.2
10/11/24 13:10:32;7572;0.5;100;62;719;201612903.2
10/11/24 13:10:37;7577;0.5;100;62;719;201612903.2
10/11/24 13:10:42;7581.9;0.5;100;62;697;201612903.2
10/11/24 13:10:47;7587;0.5;100;62;697;201612903.2
10/11/24 13:10:52;7592;0.5;100;62;711;201612903.2
10/11/24 13:10:57;7597;0.5;100;62;711;201612903.2
10/11/24 13:11:02;7602.1;0.5;100;62;700;201612903.2
10/11/24 13:11:07;7607;0.5;100;62;700;201612903.2
10/11/24 13:11:12;7612.1;0.5;100;62;710;201612903.2
10/11/24 13:11:17;7617.1;0.5;100;62;710;201612903.2
10/11/24 13:11:22;7622.1;0.5;100;62;708;201612903.2
10/11/24 13:11:27;7627.1;0.5;100;62;708;201612903.2
10/11/24 13:11:32;7632.1;0.5;100;62;704;201612903.2
10/11/24 13:11:37;7637.2;0.5;100;62;704;201612903.2
10/11/24 13:11:42;7642;0.5;100;62;705;201612903.2
10/11/24 13:11:47;7647.1;0.5;100;62;705;201612903.2
10/11/24 13:11:52;7652.1;0.5;100;160;713;78125000
10/11/24 13:11:57;7657.2;0.5;100;160;713;78125000
10/11/24 13:12:02;7662.1;0.5;100;160;709;78125000
10/11/24 13:12:07;7667.3;0.5;100;160;709;78125000
10/11/24 13:12:12;7672.1;0.5;100;160;710;78125000
10/11/24 13:12:17;7677.1;0.5;100;160;710;78125000
10/11/24 13:12:22;7682.1;0.5;100;160;740;78125000
10/11/24 13:12:27;7687.1;0.5;100;160;740;78125000
10/11/24 13:12:32;7692.2;0.5;100;160;740;78125000
10/11/24 13:12:37;7697.4;0.5;100;160;740;78125000
10/11/24 13:12:42;7702.3;0.5;100;160;735;78125000
10/11/24 13:12:47;7707.4;0.5;100;160;735;78125000
10/11/24 13:12:52;7712.2;0.5;100;160;741;78125000
10/11/24 13:12:57;7717.2;0.5;100;160;741;78125000
10/11/24 13:13:02;7722.2;0.5;100;160;740;78125000
10/11/24 13:13:07;7727.2;0.5;100;160;740;78125000
10/11/24 13:13:12;7732.2;0.5;100;160;748;78125000
10/11/24 13:13:17;7737.2;0.5;100;160;748;78125000
10/11/24 13:13:22;7742.3;0.5;100;160;736;78125000
10/11/24 13:13:27;7747.4;0.5;100;160;736;78125000
10/11/24 13:13:32;7752.3;0.5;100;160;738;78125000
10/11/24 13:13:37;7757.4;0.5;100;160;738;78125000
10/11/24 13:13:42;7762.2;0.5;100;160;737;78125000
10/11/24 13:13:47;7767.2;0.5;100;160;737;78125000
10/11/24 13:13:52;7772.3;0.5;100;160;747;78125000
10/11/24 13:13:57;7777.5;0.5;100;160;747;78125000
10/11/24 13:14:02;7782.5;0.5;100;160;741;78125000
10/11/24 13:14:07;7787.5;0.5;100;160;741;78125000
10/11/24 13:14:12;7792.5;0.5;100;160;743;78125000
10/11/24 13:14:17;7797.5;0.5;100;160;743;78125000
10/11/24 13:14:22;7802.4;0.5;100;640;734;19531250
10/11/24 13:14:27;7807.3;0.5;100;640;734;19531250
10/11/24 13:14:32;7812.3;0.5;100;640;747;19531250
10/11/24 13:14:37;7817.4;0.5;100;640;747;19531250
10/11/24 13:14:42;7822.3;0.5;100;640;732;19531250
10/11/24 13:14:47;7827.6;0.5;100;640;732;19531250
10/11/24 13:14:52;7832.4;0.5;100;640;731;19531250
10/11/24 13:14:57;7837.5;0.5;100;640;731;19531250
10/11/24 13:15:02;7842.4;0.5;100;640;724;19531250
10/11/24 13:15:07;7847.4;0.5;100;640;724;19531250
10/11/24 13:15:12;7852.4;0.5;100;640;727;19531250
10/11/24 13:15:17;7857.4;0.5;100;640;727;19531250
10/11/24 13:15:22;7862.6;0.5;100;640;719;19531250
10/11/24 13:15:27;7867.6;0.5;100;640;719;19531250
10/11/24 13:15:32;7872.6;0.5;100;640;713;19531250
10/11/24 13:15:37;7877.8;0.5;100;640;713;19531250
10/11/24 13:15:42;7882.8;0.5;100;640;731;19531250
10/11/24 13:15:47;7887.6;0.5;100;640;731;19531250
10/11/24 13:15:52;7892.3;0.5;100;640;719;19531250
10/11/24 13:15:57;7897.5;0.5;100;640;719;19531250
10/11/24 13:16:02;7902.7;0.5;100;640;727;19531250
10/11/24 13:16:07;7907.7;0.5;100;640;727;19531250
10/11/24 13:16:12;7912.8;0.5;100;640;717;19531250
10/11/24 13:16:17;7917.6;0.5;100;640;717;19531250
10/11/24 13:16:22;7922.7;0.5;100;640;717;19531250
10/11/24 13:16:27;7927.7;0.5;100;640;717;19531250
10/11/24 13:16:32;7932.7;0.5;100;640;720;19531250
10/11/24 13:16:37;7937.5;0.5;100;640;720;19531250
10/11/24 13:16:42;7942.9;0.5;100;640;720;19531250
10/11/24 13:16:47;7947.9;0.5;100;640;720;19531250
10/11/24 13:16:52;7952.7;0.5;100;1300;722;9615384.615
10/11/24 13:16:57;7957.8;0.5;100;1300;722;9615384.615
10/11/24 13:17:02;7962.8;0.5;100;1300;721;9615384.615
10/11/24 13:17:07;7967.8;0.5;100;1300;721;9615384.615
10/11/24 13:17:12;7972.7;0.5;100;1300;713;9615384.615
10/11/24 13:17:17;7977.7;0.5;100;1300;713;9615384.615
10/11/24 13:17:22;7982.8;0.5;100;1300;720;9615384.615
10/11/24 13:17:27;7987.8;0.5;100;1300;720;9615384.615
10/11/24 13:17:32;7992.9;0.5;100;1300;713;9615384.615
10/11/24 13:17:37;7997.9;0.5;100;1300;713;9615384.615
10/11/24 13:17:43;8002.8;0.5;100;1300;720;9615384.615
10/11/24 13:17:48;8007.9;0.5;100;1300;720;9615384.615
10/11/24 13:17:53;8013;0.5;100;1300;719;9615384.615
10/11/24 13:17:58;8017.8;0.5;100;1300;719;9615384.615
10/11/24 13:18:03;8022.8;0.5;100;1300;717;9615384.615
10/11/24 13:18:08;8027.7;0.5;100;1300;717;9615384.615
10/11/24 13:18:13;8032.8;0.5;100;1300;710;9615384.615
10/11/24 13:18:18;8037.9;0.5;100;1300;710;9615384.615
10/11/24 13:18:23;8042.9;0.5;100;1300;713;9615384.615
10/11/24 13:18:28;8048;0.5;100;1300;713;9615384.615
10/11/24 13:18:33;8052.9;0.5;100;1300;726;9615384.615
10/11/24 13:18:38;8058;0.5;100;1300;726;9615384.615
10/11/24 13:18:43;8062.9;0.5;100;1300;723;9615384.615
10/11/24 13:18:48;8067.8;0.5;100;1300;723;9615384.615
10/11/24 13:18:53;8072.8;0.5;100;1300;714;9615384.615
10/11/24 13:18:58;8077.9;0.5;100;1300;714;9615384.615
10/11/24 13:19:03;8082.9;0.5;100;1300;713;9615384.615
10/11/24 13:19:08;8088;0.5;100;1300;713;9615384.615
10/11/24 13:19:13;8093;0.5;100;1300;714;9615384.615
10/11/24 13:19:18;8098.1;0.5;100;1300;714;9615384.615
10/11/24 13:19:23;8103.2;0.5;100;1500;715;8333333.333
10/11/24 13:19:28;8107.9;0.5;100;1500;715;8333333.333
10/11/24 13:19:33;8112.9;0.5;100;1500;721;8333333.333
10/11/24 13:19:38;8117.9;0.5;100;1500;721;8333333.333
10/11/24 13:19:43;8123.2;0.5;100;1500;719;8333333.333
10/11/24 13:19:48;8128.1;0.5;100;1500;719;8333333.333
10/11/24 13:19:53;8133;0.5;100;1500;710;8333333.333
10/11/24 13:19:58;8138;0.5;100;1500;710;8333333.333
10/11/24 13:20:03;8143.1;0.5;100;1500;712;8333333.333
10/11/24 13:20:08;8148;0.5;100;1500;712;8333333.333
10/11/24 13:20:13;8152.9;0.5;100;1500;725;8333333.333
10/11/24 13:20:18;8158.2;0.5;100;1500;725;8333333.333
10/11/24 13:20:23;8163.1;0.5;100;1500;709;8333333.333
10/11/24 13:20:28;8168.2;0.5;100;1500;709;8333333.333
10/11/24 13:20:33;8173.2;0.5;100;1500;720;8333333.333
10/11/24 13:20:38;8178.2;0.5;100;1500;720;8333333.333
10/11/24 13:20:43;8183.1;0.5;100;1500;715;8333333.333
10/11/24 13:20:48;8188.3;0.5;100;1500;715;8333333.333
10/11/24 13:20:53;8193.2;0.5;100;1500;719;8333333.333
10/11/24 13:20:58;8198.3;0.5;100;1500;719;8333333.333
10/11/24 13:21:03;8203.2;0.5;100;1500;712;8333333.333
10/11/24 13:21:08;8208.3;0.5;100;1500;712;8333333.333
10/11/24 13:21:13;8213.3;0.5;100;1500;717;8333333.333
10/11/24 13:21:18;8218.1;0.5;100;1500;717;8333333.333
10/11/24 13:21:23;8223.1;0.5;100;1500;710;8333333.333
10/11/24 13:21:28;8228.2;0.5;100;1500;710;8333333.333
10/11/24 13:21:33;8233.3;0.5;100;1500;709;8333333.333
10/11/24 13:21:38;8238.4;0.5;100;1500;709;8333333.333
10/11/24 13:21:43;8243.3;0.5;100;1500;711;8333333.333
10/11/24 13:21:48;8248.3;0.5;100;1500;711;8333333.333
10/11/24 13:21:53;8253.4;0.5;100;1500;715;8333333.333
10/11/24 13:21:58;8258.4;0.5;100;1500;715;8333333.333
10/11/24 13:22:03;8263.3;0.5;100;1500;713;8333333.333
10/11/24 13:22:08;8268.2;0.5;100;1500;713;8333333.333
10/11/24 13:22:13;8273.3;0.5;100;1500;718;8333333.333
10/11/24 13:22:18;8278.3;0.5;100;1500;718;8333333.333
10/11/24 13:22:23;8283.4;0.5;100;1500;708;8333333.333
10/11/24 13:22:28;8288.4;0.5;100;1500;708;8333333.333
10/11/24 13:22:33;8293.4;0.5;100;1500;719;8333333.333
10/11/24 13:22:38;8298.5;0.5;100;1500;719;8333333.333
10/11/24 13:22:43;8303.4;0.5;100;1500;712;8333333.333
10/11/24 13:22:48;8308.3;0.5;100;1500;712;8333333.333
10/11/24 13:22:53;8313.4;0.5;100;1500;734;8333333.333
10/11/24 13:22:58;8318.3;0.5;100;1500;734;8333333.333
10/11/24 13:23:03;8323.4;0.5;100;1500;719;8333333.333
10/11/24 13:23:08;8328.4;0.5;100;1500;719;8333333.333
10/11/24 13:23:13;8333.5;0.5;100;1500;713;8333333.333
10/11/24 13:23:18;8338.5;0.5;100;1500;713;8333333.333
10/11/24 13:23:23;8343.5;0.5;100;1500;715;8333333.333
10/11/24 13:23:28;8348.5;0.5;100;1500;715;8333333.333
10/11/24 13:23:33;8353.5;0.5;100;1500;707;8333333.333
10/11/24 13:23:38;8358.7;0.5;100;1500;707;8333333.333
10/11/24 13:23:43;8363.4;0.5;100;1500;718;8333333.333
10/11/24 13:23:48;8368.5;0.5;100;1500;718;8333333.333
10/11/24 13:23:53;8373.5;0.5;100;1500;714;8333333.333
10/11/24 13:23:58;8378.5;0.5;100;1500;714;8333333.333
10/11/24 13:24:03;8383.5;0.5;100;1500;722;8333333.333
10/11/24 13:24:08;8388.5;0.5;100;1500;722;8333333.333
10/11/24 13:24:13;8393.5;0.5;100;1500;720;8333333.333
10/11/24 13:24:18;8398.6;0.5;100;1500;720;8333333.333
10/11/24 13:24:23;8403.5;0.5;100;1300;718;9615384.615
10/11/24 13:24:28;8408.4;0.5;100;1300;718;9615384.615
10/11/24 13:24:33;8413.5;0.5;100;1300;710;9615384.615
10/11/24 13:24:38;8418.7;0.5;100;1300;710;9615384.615
10/11/24 13:24:43;8423.6;0.5;100;1300;713;9615384.615
10/11/24 13:24:48;8428.6;0.5;100;1300;713;9615384.615
10/11/24 13:24:53;8433.7;0.5;100;1300;715;9615384.615
10/11/24 13:24:58;8438.6;0.5;100;1300;715;9615384.615
10/11/24 13:25:03;8443.5;0.5;100;1300;715;9615384.615
10/11/24 13:25:08;8448.6;0.5;100;1300;715;9615384.615
10/11/24 13:25:13;8453.5;0.5;100;1300;718;9615384.615
10/11/24 13:25:18;8458.6;0.5;100;1300;718;9615384.615
10/11/24 13:25:23;8463.7;0.5;100;1300;725;9615384.615
10/11/24 13:25:28;8468.6;0.5;100;1300;725;9615384.615
10/11/24 13:25:33;8473.6;0.5;100;1300;713;9615384.615
10/11/24 13:25:38;8478.7;0.5;100;1300;713;9615384.615
10/11/24 13:25:43;8483.6;0.5;100;1300;714;9615384.615
10/11/24 13:25:48;8488.5;0.5;100;1300;714;9615384.615
10/11/24 13:25:53;8493.7;0.5;100;1300;717;9615384.615
10/11/24 13:25:58;8498.7;0.5;100;1300;717;9615384.615
10/11/24 13:26:03;8503.7;0.5;100;1300;715;9615384.615
10/11/24 13:26:08;8508.7;0.5;100;1300;715;9615384.615
10/11/24 13:26:13;8513.7;0.5;100;1300;719;9615384.615
10/11/24 13:26:18;8518.7;0.5;100;1300;719;9615384.615
10/11/24 13:26:23;8523.7;0.5;100;1300;724;9615384.615
10/11/24 13:26:28;8528.7;0.5;100;1300;724;9615384.615
10/11/24 13:26:33;8533.7;0.5;100;1300;726;9615384.615
10/11/24 13:26:38;8538.8;0.5;100;1300;726;9615384.615
10/11/24 13:26:44;8543.8;0.5;100;1300;711;9615384.615
10/11/24 13:26:49;8548.8;0.5;100;1300;711;9615384.615
10/11/24 13:26:54;8553.7;0.5;100;640;714;19531250
10/11/24 13:26:59;8558.7;0.5;100;640;714;19531250
10/11/24 13:27:04;8563.8;0.5;100;640;713;19531250
10/11/24 13:27:09;8568.9;0.5;100;640;713;19531250
10/11/24 13:27:14;8573.9;0.5;100;640;716;19531250
10/11/24 13:27:19;8578.8;0.5;100;640;716;19531250
10/11/24 13:27:24;8583.8;0.5;100;640;731;19531250
10/11/24 13:27:29;8588.8;0.5;100;640;731;19531250
10/11/24 13:27:34;8593.9;0.5;100;640;719;19531250
10/11/24 13:27:39;8599.1;0.5;100;640;719;19531250
10/11/24 13:27:44;8603.9;0.5;100;640;724;19531250
10/11/24 13:27:49;8608.8;0.5;100;640;724;19531250
10/11/24 13:27:54;8613.9;0.5;100;640;716;19531250
10/11/24 13:27:59;8619;0.5;100;640;716;19531250
10/11/24 13:28:04;8623.8;0.5;100;640;722;19531250
10/11/24 13:28:09;8628.8;0.5;100;640;722;19531250
10/11/24 13:28:14;8633.8;0.5;100;640;723;19531250
10/11/24 13:28:19;8639;0.5;100;640;723;19531250
10/11/24 13:28:24;8644;0.5;100;640;719;19531250
10/11/24 13:28:29;8649;0.5;100;640;719;19531250
10/11/24 13:28:34;8653.9;0.5;100;640;714;19531250
10/11/24 13:28:39;8659.2;0.5;100;640;714;19531250
10/11/24 13:28:44;8664.1;0.5;100;640;716;19531250
10/11/24 13:28:49;8668.9;0.5;100;640;716;19531250
10/11/24 13:28:54;8673.9;0.5;100;640;729;19531250
10/11/24 13:28:59;8679.2;0.5;100;640;729;19531250
10/11/24 13:29:04;8684.1;0.5;100;640;725;19531250
10/11/24 13:29:09;8689.1;0.5;100;640;725;19531250
10/11/24 13:29:14;8694.1;0.5;100;640;722;19531250
10/11/24 13:29:19;8699;0.5;100;640;722;19531250
10/11/24 13:29:24;8704.4;0.5;100;160;727;78125000
10/11/24 13:29:29;8709.1;0.5;100;160;727;78125000
10/11/24 13:29:34;8714.1;0.5;100;160;737;78125000
10/11/24 13:29:39;8719.1;0.5;100;160;737;78125000
10/11/24 13:29:44;8724.1;0.5;100;160;730;78125000
10/11/24 13:29:49;8729.1;0.5;100;160;730;78125000
10/11/24 13:29:54;8734.1;0.5;100;160;735;78125000
10/11/24 13:29:59;8739.1;0.5;100;160;735;78125000
10/11/24 13:30:04;8744.1;0.5;100;160;749;78125000
10/11/24 13:30:09;8749.1;0.5;100;160;749;78125000
10/11/24 13:30:14;8754.3;0.5;100;160;746;78125000
10/11/24 13:30:19;8759.2;0.5;100;160;746;78125000
10/11/24 13:30:24;8764.2;0.5;100;160;743;78125000
10/11/24 13:30:29;8769.3;0.5;100;160;743;78125000
10/11/24 13:30:34;8774.2;0.5;100;160;741;78125000
10/11/24 13:30:39;8779.2;0.5;100;160;741;78125000
10/11/24 13:30:44;8784.1;0.5;100;160;742;78125000
10/11/24 13:30:49;8789.1;0.5;100;160;742;78125000
10/11/24 13:30:54;8794.2;0.5;100;160;738;78125000
10/11/24 13:30:59;8799.1;0.5;100;160;738;78125000
10/11/24 13:31:04;8804.2;0.5;100;160;750;78125000
10/11/24 13:31:09;8809.3;0.5;100;160;750;78125000
10/11/24 13:31:14;8814.2;0.5;100;160;744;78125000
10/11/24 13:31:19;8819.2;0.5;100;160;744;78125000
10/11/24 13:31:24;8824.3;0.5;100;160;741;78125000
10/11/24 13:31:29;8829.2;0.5;100;160;741;78125000
10/11/24 13:31:34;8834.3;0.5;100;160;739;78125000
10/11/24 13:31:39;8839.3;0.5;100;160;739;78125000
10/11/24 13:31:44;8844.2;0.5;100;160;730;78125000
10/11/24 13:31:49;8849.3;0.5;100;160;730;78125000
10/11/24 13:31:54;8854.3;0.5;100;62;742;201612903.2
10/11/24 13:31:59;8859.3;0.5;100;62;742;201612903.2
10/11/24 13:32:04;8864.3;0.5;100;62;741;201612903.2
10/11/24 13:32:09;8869.3;0.5;100;62;741;201612903.2
10/11/24 13:32:14;8874.3;0.5;100;62;738;201612903.2
10/11/24 13:32:19;8879.2;0.5;100;62;738;201612903.2
10/11/24 13:32:24;8884.3;0.5;100;62;709;201612903.2
10/11/24 13:32:29;8889.3;0.5;100;62;709;201612903.2
10/11/24 13:32:34;8894.4;0.5;100;62;704;201612903.2
10/11/24 13:32:39;8899.3;0.5;100;62;704;201612903.2
10/11/24 13:32:44;8904.4;0.5;100;62;707;201612903.2
10/11/24 13:32:49;8909.4;0.5;100;62;707;201612903.2
10/11/24 13:32:54;8914.4;0.5;100;62;710;201612903.2
10/11/24 13:32:59;8919.4;0.5;100;62;710;201612903.2
10/11/24 13:33:04;8924.5;0.5;100;62;701;201612903.2
10/11/24 13:33:09;8929.4;0.5;100;62;701;201612903.2
10/11/24 13:33:14;8934.4;0.5;100;62;702;201612903.2
10/11/24 13:33:19;8939.4;0.5;100;62;702;201612903.2
10/11/24 13:33:24;8944.4;0.5;100;62;709;201612903.2
10/11/24 13:33:29;8949.4;0.5;100;62;709;201612903.2
10/11/24 13:33:34;8954.5;0.5;100;62;703;201612903.2
10/11/24 13:33:39;8959.4;0.5;100;62;703;201612903.2
10/11/24 13:33:44;8964.7;0.5;100;62;710;201612903.2
10/11/24 13:33:49;8969.4;0.5;100;62;710;201612903.2
10/11/24 13:33:54;8974.5;0.5;100;62;708;201612903.2
10/11/24 13:33:59;8979.5;0.5;100;62;708;201612903.2
10/11/24 13:34:04;8984.5;0.5;100;62;709;201612903.2
10/11/24 13:34:09;8989.5;0.5;100;62;709;201612903.2
10/11/24 13:34:14;8994.5;0.5;100;62;708;201612903.2
10/11/24 13:34:19;8999.6;0.5;100;62;708;201612903.2
10/11/24 13:34:24;9004.5;0.6;120;62;712;241935483.9
10/11/24 13:34:29;9009.5;0.6;120;62;712;241935483.9
10/11/24 13:34:34;9014.5;0.6;120;62;709;241935483.9
10/11/24 13:34:39;9019.5;0.6;120;62;709;241935483.9
10/11/24 13:34:44;9024.6;0.6;120;62;711;241935483.9
10/11/24 13:34:49;9029.5;0.6;120;62;711;241935483.9
10/11/24 13:34:54;9034.5;0.6;120;62;707;241935483.9
10/11/24 13:34:59;9039.6;0.6;120;62;707;241935483.9
10/11/24 13:35:04;9044.6;0.6;120;62;711;241935483.9
10/11/24 13:35:09;9049.5;0.6;120;62;711;241935483.9
10/11/24 13:35:14;9054.5;0.6;120;62;713;241935483.9
10/11/24 13:35:19;9059.5;0.6;120;62;713;241935483.9
10/11/24 13:35:24;9064.6;0.6;120;62;713;241935483.9
10/11/24 13:35:29;9069.7;0.6;120;62;713;241935483.9
10/11/24 13:35:34;9074.6;0.6;120;62;701;241935483.9
10/11/24 13:35:39;9079.7;0.6;120;62;701;241935483.9
10/11/24 13:35:44;9084.7;0.6;120;62;714;241935483.9
10/11/24 13:35:49;9089.7;0.6;120;62;714;241935483.9
10/11/24 13:35:54;9094.7;0.6;120;62;707;241935483.9
10/11/24 13:35:59;9099.6;0.6;120;62;707;241935483.9
10/11/24 13:36:04;9104.6;0.6;120;62;705;241935483.9
10/11/24 13:36:09;9109.7;0.6;120;62;705;241935483.9
10/11/24 13:36:14;9114.7;0.6;120;62;710;241935483.9
10/11/24 13:36:19;9119.7;0.6;120;62;710;241935483.9
10/11/24 13:36:24;9124.6;0.6;120;62;708;241935483.9
10/11/24 13:36:29;9129.7;0.6;120;62;708;241935483.9
10/11/24 13:36:35;9134.8;0.6;120;62;708;241935483.9
10/11/24 13:36:40;9139.8;0.6;120;62;708;241935483.9
10/11/24 13:36:45;9144.7;0.6;120;62;707;241935483.9
10/11/24 13:36:50;9149.7;0.6;120;62;707;241935483.9
10/11/24 13:36:55;9154.7;0.6;120;160;709;93750000
10/11/24 13:37:00;9159.7;0.6;120;160;709;93750000
10/11/24 13:37:05;9164.8;0.6;120;160;710;93750000
10/11/24 13:37:10;9169.9;0.6;120;160;710;93750000
10/11/24 13:37:15;9174.8;0.6;120;160;725;93750000
10/11/24 13:37:20;9179.8;0.6;120;160;725;93750000
10/11/24 13:37:25;9184.7;0.6;120;160;738;93750000
10/11/24 13:37:30;9189.7;0.6;120;160;738;93750000
10/11/24 13:37:35;9194.7;0.6;120;160;751;93750000
10/11/24 13:37:40;9199.8;0.6;120;160;751;93750000
10/11/24 13:37:45;9204.7;0.6;120;160;745;93750000
10/11/24 13:37:50;9209.8;0.6;120;160;745;93750000
10/11/24 13:37:55;9214.9;0.6;120;160;744;93750000
10/11/24 13:38:00;9219.9;0.6;120;160;744;93750000
10/11/24 13:38:05;9224.8;0.6;120;160;750;93750000
10/11/24 13:38:10;9229.8;0.6;120;160;750;93750000
10/11/24 13:38:15;9235;0.6;120;160;742;93750000
10/11/24 13:38:20;9239.9;0.6;120;160;742;93750000
10/11/24 13:38:25;9244.9;0.6;120;160;745;93750000
10/11/24 13:38:30;9249.9;0.6;120;160;745;93750000
10/11/24 13:38:35;9254.9;0.6;120;160;744;93750000
10/11/24 13:38:40;9260;0.6;120;160;744;93750000
10/11/24 13:38:45;9264.9;0.6;120;160;743;93750000
10/11/24 13:38:50;9269.8;0.6;120;160;743;93750000
10/11/24 13:38:55;9274.8;0.6;120;160;750;93750000
10/11/24 13:39:00;9279.9;0.6;120;160;750;93750000
10/11/24 13:39:05;9285.2;0.6;120;160;750;93750000
10/11/24 13:39:10;9290;0.6;120;160;750;93750000
10/11/24 13:39:15;9295.1;0.6;120;160;747;93750000
10/11/24 13:39:20;9300;0.6;120;640;747;23437500
10/11/24 13:39:25;9305;0.6;120;640;743;23437500
10/11/24 13:39:30;9310;0.6;120;640;743;23437500
10/11/24 13:39:35;9314.9;0.6;120;640;750;23437500
10/11/24 13:39:40;9320.2;0.6;120;640;750;23437500
10/11/24 13:39:45;9325;0.6;120;640;733;23437500
10/11/24 13:39:50;9330;0.6;120;640;733;23437500
10/11/24 13:39:55;9335;0.6;120;640;729;23437500
10/11/24 13:40:00;9340.1;0.6;120;640;729;23437500
10/11/24 13:40:05;9345;0.6;120;640;724;23437500
10/11/24 13:40:10;9350.1;0.6;120;640;724;23437500
10/11/24 13:40:15;9355;0.6;120;640;728;23437500
10/11/24 13:40:20;9359.9;0.6;120;640;728;23437500
10/11/24 13:40:25;9365.1;0.6;120;640;719;23437500
10/11/24 13:40:30;9370.1;0.6;120;640;719;23437500
10/11/24 13:40:35;9375.2;0.6;120;640;725;23437500
10/11/24 13:40:40;9380.2;0.6;120;640;725;23437500
10/11/24 13:40:45;9385.2;0.6;120;640;740;23437500
10/11/24 13:40:50;9390.1;0.6;120;640;740;23437500
10/11/24 13:40:55;9395.1;0.6;120;640;726;23437500
10/11/24 13:41:00;9400;0.6;120;640;726;23437500
10/11/24 13:41:05;9405;0.6;120;640;730;23437500
10/11/24 13:41:10;9410;0.6;120;640;730;23437500
10/11/24 13:41:15;9415.2;0.6;120;640;715;23437500
10/11/24 13:41:20;9420.1;0.6;120;640;715;23437500
10/11/24 13:41:25;9425.1;0.6;120;640;732;23437500
10/11/24 13:41:30;9430.2;0.6;120;640;732;23437500
10/11/24 13:41:35;9435.1;0.6;120;640;738;23437500
10/11/24 13:41:40;9440.2;0.6;120;640;738;23437500
10/11/24 13:41:45;9445.3;0.6;120;640;728;23437500
10/11/24 13:41:50;9450.3;0.6;120;1300;728;11538461.54
10/11/24 13:41:55;9455.2;0.6;120;1300;730;11538461.54
10/11/24 13:42:00;9460.1;0.6;120;1300;730;11538461.54
10/11/24 13:42:05;9465.1;0.6;120;1300;729;11538461.54
10/11/24 13:42:10;9470.2;0.6;120;1300;729;11538461.54
10/11/24 13:42:15;9475.3;0.6;120;1300;726;11538461.54
10/11/24 13:42:20;9480.2;0.6;120;1300;726;11538461.54
10/11/24 13:42:25;9485.3;0.6;120;1300;727;11538461.54
10/11/24 13:42:30;9490.3;0.6;120;1300;727;11538461.54
10/11/24 13:42:35;9495.3;0.6;120;1300;717;11538461.54
10/11/24 13:42:40;9500.3;0.6;120;1300;717;11538461.54
10/11/24 13:42:45;9505.2;0.6;120;1300;713;11538461.54
10/11/24 13:42:50;9510.2;0.6;120;1300;713;11538461.54
10/11/24 13:42:55;9515.2;0.6;120;1300;725;11538461.54
10/11/24 13:43:00;9520.5;0.6;120;1300;725;11538461.54
10/11/24 13:43:05;9525.5;0.6;120;1300;726;11538461.54
10/11/24 13:43:10;9530.8;0.6;120;1300;726;11538461.54
10/11/24 13:43:15;9535.5;0.6;120;1300;725;11538461.54
10/11/24 13:43:20;9540.4;0.6;120;1300;725;11538461.54
10/11/24 13:43:25;9545.3;0.6;120;1300;717;11538461.54
10/11/24 13:43:30;9550.4;0.6;120;1300;717;11538461.54
10/11/24 13:43:35;9555.3;0.6;120;1300;727;11538461.54
10/11/24 13:43:40;9560.3;0.6;120;1300;727;11538461.54
10/11/24 13:43:45;9565.5;0.6;120;1300;721;11538461.54
10/11/24 13:43:50;9570.9;0.6;120;1300;721;11538461.54
10/11/24 13:43:55;9575.5;0.6;120;1300;717;11538461.54
10/11/24 13:44:00;9580.4;0.6;120;1300;717;11538461.54
10/11/24 13:44:05;9585.4;0.6;120;1300;713;11538461.54
10/11/24 13:44:10;9590.9;0.6;120;1300;713;11538461.54
10/11/24 13:44:15;9595.3;0.6;120;1300;725;11538461.54
10/11/24 13:44:20;9600.4;0.6;120;1500;725;10000000
10/11/24 13:44:25;9605.6;0.6;120;1500;716;10000000
10/11/24 13:44:30;9611;0.6;120;1500;716;10000000
10/11/24 13:44:35;9615.6;0.6;120;1500;710;10000000
10/11/24 13:44:40;9621;0.6;120;1500;710;10000000
10/11/24 13:44:45;9625.6;0.6;120;1500;714;10000000
10/11/24 13:44:50;9631.1;0.6;120;1500;714;10000000
10/11/24 13:44:55;9635.4;0.6;120;1500;716;10000000
10/11/24 13:45:00;9640.4;0.6;120;1500;716;10000000
10/11/24 13:45:05;9645.6;0.6;120;1500;719;10000000
10/11/24 13:45:10;9651;0.6;120;1500;719;10000000
10/11/24 13:45:15;9655.6;0.6;120;1500;719;10000000
10/11/24 13:45:20;9661;0.6;120;1500;719;10000000
10/11/24 13:45:25;9665.6;0.6;120;1500;721;10000000
10/11/24 13:45:30;9670.7;0.6;120;1500;721;10000000
10/11/24 13:45:35;9675.7;0.6;120;1500;717;10000000
10/11/24 13:45:40;9681.1;0.6;120;1500;717;10000000
10/11/24 13:45:45;9685.7;0.6;120;1500;725;10000000
10/11/24 13:45:50;9691.1;0.6;120;1500;725;10000000
10/11/24 13:45:55;9695.7;0.6;120;1500;722;10000000
10/11/24 13:46:00;9700.7;0.6;120;1500;722;10000000
10/11/24 13:46:05;9705.7;0.6;120;1500;722;10000000
10/11/24 13:46:10;9711;0.6;120;1500;722;10000000
10/11/24 13:46:15;9715.7;0.6;120;1500;729;10000000
10/11/24 13:46:20;9721;0.6;120;1500;729;10000000
10/11/24 13:46:25;9725.7;0.6;120;1500;727;10000000
10/11/24 13:46:30;9731.1;0.6;120;1500;727;10000000
10/11/24 13:46:35;9735.7;0.6;120;1500;713;10000000
10/11/24 13:46:40;9741.2;0.6;120;1500;713;10000000
10/11/24 13:46:46;9745.7;0.6;120;1500;711;10000000
10/11/24 13:46:51;9751;0.6;120;1500;711;10000000
10/11/24 13:46:56;9755.7;0.6;120;1500;721;10000000
10/11/24 13:47:01;9760.7;0.6;120;1500;721;10000000
10/11/24 13:47:06;9765.8;0.6;120;1500;719;10000000
10/11/24 13:47:11;9770.8;0.6;120;1500;719;10000000
10/11/24 13:47:16;9775.8;0.6;120;1500;715;10000000
10/11/24 13:47:21;9780.8;0.6;120;1500;715;10000000
10/11/24 13:47:26;9785.8;0.6;120;1500;720;10000000
10/11/24 13:47:31;9791.2;0.6;120;1500;720;10000000
10/11/24 13:47:36;9795.9;0.6;120;1500;711;10000000
10/11/24 13:47:41;9800.8;0.6;120;1500;711;10000000
10/11/24 13:47:46;9805.8;0.6;120;1500;728;10000000
10/11/24 13:47:51;9810.7;0.6;120;1500;728;10000000
10/11/24 13:47:56;9815.8;0.6;120;1500;726;10000000
10/11/24 13:48:01;9821.3;0.6;120;1500;726;10000000
10/11/24 13:48:06;9825.9;0.6;120;1500;720;10000000
10/11/24 13:48:11;9831.2;0.6;120;1500;720;10000000
10/11/24 13:48:16;9835.9;0.6;120;1500;717;10000000
10/11/24 13:48:21;9840.9;0.6;120;1500;717;10000000
10/11/24 13:48:26;9845.9;0.6;120;1500;713;10000000
10/11/24 13:48:31;9851.3;0.6;120;1500;713;10000000
10/11/24 13:48:36;9856;0.6;120;1500;715;10000000
10/11/24 13:48:41;9861.7;0.6;120;1500;715;10000000
10/11/24 13:48:46;9866.3;0.6;120;1500;720;10000000
10/11/24 13:48:51;9871.6;0.6;120;1500;720;10000000
10/11/24 13:48:56;9876.4;0.6;120;1500;712;10000000
10/11/24 13:49:01;9881.4;0.6;120;1500;712;10000000
10/11/24 13:49:06;9886.3;0.6;120;1500;710;10000000
10/11/24 13:49:11;9891.3;0.6;120;1500;710;10000000
10/11/24 13:49:16;9896;0.6;120;1500;717;10000000
10/11/24 13:49:21;9901.7;0.6;120;1300;717;11538461.54
10/11/24 13:49:26;9906.3;0.6;120;1300;723;11538461.54
10/11/24 13:49:31;9911.5;0.6;120;1300;723;11538461.54
10/11/24 13:49:36;9916.2;0.6;120;1300;723;11538461.54
10/11/24 13:49:41;9921.7;0.6;120;1300;723;11538461.54
10/11/24 13:49:46;9926.2;0.6;120;1300;713;11538461.54
10/11/24 13:49:51;9931;0.6;120;1300;713;11538461.54
10/11/24 13:49:56;9936.4;0.6;120;1300;729;11538461.54
10/11/24 13:50:01;9941.6;0.6;120;1300;729;11538461.54
10/11/24 13:50:06;9946.3;0.6;120;1300;719;11538461.54
10/11/24 13:50:11;9951.6;0.6;120;1300;719;11538461.54
10/11/24 13:50:16;9956.3;0.6;120;1300;711;11538461.54
10/11/24 13:50:21;9961.6;0.6;120;1300;711;11538461.54
10/11/24 13:50:26;9966.2;0.6;120;1300;718;11538461.54
10/11/24 13:50:31;9971.5;0.6;120;1300;718;11538461.54
10/11/24 13:50:36;9976.2;0.6;120;1300;719;11538461.54
10/11/24 13:50:41;9981.6;0.6;120;1300;719;11538461.54
10/11/24 13:50:46;9986.3;0.6;120;1300;725;11538461.54
10/11/24 13:50:51;9991.6;0.6;120;1300;725;11538461.54
10/11/24 13:50:56;9996.3;0.6;120;1300;716;11538461.54
10/11/24 13:51:01;10001.6;0.6;120;1300;716;11538461.54
10/11/24 13:51:06;10006.3;0.6;120;1300;725;11538461.54
10/11/24 13:51:11;10011.5;0.6;120;1300;725;11538461.54
10/11/24 13:51:16;10016.3;0.6;120;1300;719;11538461.54
10/11/24 13:51:21;10021.5;0.6;120;1300;719;11538461.54
10/11/24 13:51:26;10026.4;0.6;120;1300;715;11538461.54
10/11/24 13:51:31;10031.7;0.6;120;1300;715;11538461.54
10/11/24 13:51:36;10036.4;0.6;120;1300;727;11538461.54
10/11/24 13:51:41;10041.7;0.6;120;1300;727;11538461.54
10/11/24 13:51:46;10046.4;0.6;120;1300;723;11538461.54
10/11/24 13:51:51;10051.6;0.6;120;640;723;23437500
10/11/24 13:51:56;10056.3;0.6;120;640;729;23437500
10/11/24 13:52:01;10061.8;0.6;120;640;729;23437500
10/11/24 13:52:06;10066.4;0.6;120;640;714;23437500
10/11/24 13:52:11;10071.6;0.6;120;640;714;23437500
10/11/24 13:52:16;10076.5;0.6;120;640;719;23437500
10/11/24 13:52:21;10081.8;0.6;120;640;719;23437500
10/11/24 13:52:26;10086.5;0.6;120;640;727;23437500
10/11/24 13:52:31;10091.8;0.6;120;640;727;23437500
10/11/24 13:52:36;10096.5;0.6;120;640;729;23437500
10/11/24 13:52:41;10101.7;0.6;120;640;729;23437500
10/11/24 13:52:46;10106.5;0.6;120;640;726;23437500
10/11/24 13:52:51;10111.8;0.6;120;640;726;23437500
10/11/24 13:52:56;10116.5;0.6;120;640;721;23437500
10/11/24 13:53:01;10121.9;0.6;120;640;721;23437500
10/11/24 13:53:06;10126.5;0.6;120;640;729;23437500
10/11/24 13:53:11;10131.9;0.6;120;640;729;23437500
10/11/24 13:53:16;10136.5;0.6;120;640;727;23437500
10/11/24 13:53:21;10141.7;0.6;120;640;727;23437500
10/11/24 13:53:26;10146.4;0.6;120;640;727;23437500
10/11/24 13:53:31;10152;0.6;120;640;727;23437500
10/11/24 13:53:36;10156.5;0.6;120;640;719;23437500
10/11/24 13:53:41;10161.9;0.6;120;640;719;23437500
10/11/24 13:53:46;10166.6;0.6;120;640;719;23437500
10/11/24 13:53:51;10172.9;0.6;120;640;719;23437500
10/11/24 13:53:56;10176.6;0.6;120;640;734;23437500
10/11/24 13:54:01;10182;0.6;120;640;734;23437500
10/11/24 13:54:06;10186.5;0.6;120;640;725;23437500
10/11/24 13:54:11;10191.8;0.6;120;640;725;23437500
10/11/24 13:54:16;10196.6;0.6;120;640;717;23437500
10/11/24 13:54:21;10201.9;0.6;120;160;717;93750000
10/11/24 13:54:26;10206.8;0.6;120;160;721;93750000
10/11/24 13:54:31;10212;0.6;120;160;721;93750000
10/11/24 13:54:36;10216.7;0.6;120;160;720;93750000
10/11/24 13:54:41;10221.9;0.6;120;160;720;93750000
10/11/24 13:54:46;10226.7;0.6;120;160;729;93750000
10/11/24 13:54:51;10231.8;0.6;120;160;729;93750000
10/11/24 13:54:56;10236.7;0.6;120;160;751;93750000
10/11/24 13:55:01;10242.2;0.6;120;160;751;93750000
10/11/24 13:55:06;10246.8;0.6;120;160;747;93750000
10/11/24 13:55:11;10252.1;0.6;120;160;747;93750000
10/11/24 13:55:16;10256.7;0.6;120;160;744;93750000
10/11/24 13:55:21;10262.1;0.6;120;160;744;93750000
10/11/24 13:55:26;10266.7;0.6;120;160;752;93750000
10/11/24 13:55:31;10272.2;0.6;120;160;752;93750000
10/11/24 13:55:37;10277;0.6;120;160;741;93750000
10/11/24 13:55:42;10282.3;0.6;120;160;741;93750000
10/11/24 13:55:47;10286.9;0.6;120;160;747;93750000
10/11/24 13:55:52;10292.1;0.6;120;160;747;93750000
10/11/24 13:55:57;10296.8;0.6;120;160;746;93750000
10/11/24 13:56:02;10302.1;0.6;120;160;746;93750000
10/11/24 13:56:07;10306.7;0.6;120;160;747;93750000
10/11/24 13:56:12;10312.2;0.6;120;160;747;93750000
10/11/24 13:56:17;10316.9;0.6;120;160;746;93750000
10/11/24 13:56:22;10322.3;0.6;120;160;746;93750000
10/11/24 13:56:27;10327;0.6;120;160;748;93750000
10/11/24 13:56:32;10332.3;0.6;120;160;748;93750000
10/11/24 13:56:37;10337;0.6;120;160;749;93750000
10/11/24 13:56:42;10342.2;0.6;120;160;749;93750000
10/11/24 13:56:47;10346.9;0.6;120;160;744;93750000
10/11/24 13:56:52;10352.1;0.6;120;62;744;241935483.9
10/11/24 13:56:57;10357;0.6;120;62;749;241935483.9
10/11/24 13:57:02;10362.3;0.6;120;62;749;241935483.9
10/11/24 13:57:07;10367.1;0.6;120;62;746;241935483.9
10/11/24 13:57:12;10372.4;0.6;120;62;746;241935483.9
10/11/24 13:57:17;10377;0.6;120;62;748;241935483.9
10/11/24 13:57:22;10382.3;0.6;120;62;748;241935483.9
10/11/24 13:57:27;10386.8;0.6;120;62;707;241935483.9
10/11/24 13:57:32;10392.3;0.6;120;62;707;241935483.9
10/11/24 13:57:37;10397.3;0.6;120;62;715;241935483.9
10/11/24 13:57:42;10402.5;0.6;120;62;715;241935483.9
10/11/24 13:57:47;10407.1;0.6;120;62;717;241935483.9
10/11/24 13:57:52;10412.4;0.6;120;62;717;241935483.9
10/11/24 13:57:57;10417.1;0.6;120;62;708;241935483.9
10/11/24 13:58:02;10422.5;0.6;120;62;708;241935483.9
10/11/24 13:58:07;10427.1;0.6;120;62;708;241935483.9
10/11/24 13:58:12;10432.4;0.6;120;62;708;241935483.9
10/11/24 13:58:17;10437.1;0.6;120;62;707;241935483.9
10/11/24 13:58:22;10442.4;0.6;120;62;707;241935483.9
10/11/24 13:58:27;10447.1;0.6;120;62;712;241935483.9
10/11/24 13:58:32;10452.4;0.6;120;62;712;241935483.9
10/11/24 13:58:37;10457.1;0.6;120;62;710;241935483.9
10/11/24 13:58:42;10462.4;0.6;120;62;710;241935483.9
10/11/24 13:58:47;10467.1;0.6;120;62;705;241935483.9
10/11/24 13:58:52;10472.3;0.6;120;62;705;241935483.9
10/11/24 13:58:57;10477.1;0.6;120;62;708;241935483.9
10/11/24 13:59:02;10482.5;0.6;120;62;708;241935483.9
10/11/24 13:59:07;10487.3;0.6;120;62;711;241935483.9
10/11/24 13:59:12;10492.5;0.6;120;62;711;241935483.9
10/11/24 13:59:17;10497.2;0.6;120;62;710;241935483.9
10/11/24 13:59:22;10502.7;0.7;140;62;710;282258064.5
10/11/24 13:59:27;10507.2;0.7;140;62;716;282258064.5
10/11/24 13:59:32;10512.7;0.7;140;62;716;282258064.5
10/11/24 13:59:37;10517;0.7;140;62;704;282258064.5
10/11/24 13:59:42;10522.4;0.7;140;62;704;282258064.5
10/11/24 13:59:47;10527.1;0.7;140;62;711;282258064.5
10/11/24 13:59:52;10532.5;0.7;140;62;711;282258064.5
10/11/24 13:59:57;10537.2;0.7;140;62;711;282258064.5
10/11/24 14:00:02;10542.5;0.7;140;62;711;282258064.5
10/11/24 14:00:07;10547.2;0.7;140;62;702;282258064.5
10/11/24 14:00:12;10552.5;0.7;140;62;702;282258064.5
10/11/24 14:00:17;10557.3;0.7;140;62;713;282258064.5
10/11/24 14:00:22;10562.6;0.7;140;62;713;282258064.5
10/11/24 14:00:27;10567.2;0.7;140;62;710;282258064.5
10/11/24 14:00:32;10572.5;0.7;140;62;710;282258064.5
10/11/24 14:00:37;10577.2;0.7;140;62;713;282258064.5
10/11/24 14:00:42;10582.7;0.7;140;62;713;282258064.5
10/11/24 14:00:47;10587.3;0.7;140;62;720;282258064.5
10/11/24 14:00:52;10592.6;0.7;140;62;720;282258064.5
10/11/24 14:00:57;10597.3;0.7;140;62;717;282258064.5
10/11/24 14:01:02;10602.7;0.7;140;62;717;282258064.5
10/11/24 14:01:07;10607.3;0.7;140;62;702;282258064.5
10/11/24 14:01:12;10612.7;0.7;140;62;702;282258064.5
10/11/24 14:01:17;10617.3;0.7;140;62;721;282258064.5
10/11/24 14:01:22;10622.6;0.7;140;62;721;282258064.5
10/11/24 14:01:27;10627.3;0.7;140;62;720;282258064.5
10/11/24 14:01:32;10632.6;0.7;140;62;720;282258064.5
10/11/24 14:01:37;10637.4;0.7;140;62;706;282258064.5
10/11/24 14:01:42;10642.9;0.7;140;62;706;282258064.5
10/11/24 14:01:47;10647.4;0.7;140;62;713;282258064.5
10/11/24 14:01:52;10652.7;0.7;140;160;713;109375000
10/11/24 14:01:57;10657.3;0.7;140;160;710;109375000
10/11/24 14:02:02;10662.8;0.7;140;160;710;109375000
10/11/24 14:02:07;10667.4;0.7;140;160;707;109375000
10/11/24 14:02:12;10672.8;0.7;140;160;707;109375000
10/11/24 14:02:17;10677.4;0.7;140;160;707;109375000
10/11/24 14:02:22;10682.7;0.7;140;160;707;109375000
10/11/24 14:02:27;10687.4;0.7;140;160;747;109375000
10/11/24 14:02:32;10692.9;0.7;140;160;747;109375000
10/11/24 14:02:37;10697.4;0.7;140;160;745;109375000
10/11/24 14:02:42;10702.8;0.7;140;160;745;109375000
10/11/24 14:02:47;10707.4;0.7;140;160;745;109375000
10/11/24 14:02:52;10712.8;0.7;140;160;745;109375000
10/11/24 14:02:57;10717.6;0.7;140;160;751;109375000
10/11/24 14:03:02;10722.8;0.7;140;160;751;109375000
10/11/24 14:03:07;10727.5;0.7;140;160;750;109375000
10/11/24 14:03:12;10732.9;0.7;140;160;750;109375000
10/11/24 14:03:17;10737.7;0.7;140;160;761;109375000
10/11/24 14:03:22;10742.8;0.7;140;160;761;109375000
10/11/24 14:03:27;10747.5;0.7;140;160;750;109375000
10/11/24 14:03:32;10752.8;0.7;140;160;750;109375000
10/11/24 14:03:37;10757.5;0.7;140;160;759;109375000
10/11/24 14:03:42;10762.9;0.7;140;160;759;109375000
10/11/24 14:03:47;10767.6;0.7;140;160;743;109375000
10/11/24 14:03:52;10772.9;0.7;140;160;743;109375000
10/11/24 14:03:57;10777.7;0.7;140;160;756;109375000
10/11/24 14:04:02;10783;0.7;140;160;756;109375000
10/11/24 14:04:07;10787.5;0.7;140;160;759;109375000
10/11/24 14:04:12;10792.8;0.7;140;160;759;109375000
10/11/24 14:04:17;10797.6;0.7;140;160;742;109375000
10/11/24 14:04:22;10802.9;0.7;140;640;742;27343750
10/11/24 14:04:27;10807.6;0.7;140;640;742;27343750
10/11/24 14:04:32;10813;0.7;140;640;742;27343750
10/11/24 14:04:37;10817.8;0.7;140;640;739;27343750
10/11/24 14:04:42;10823;0.7;140;640;739;27343750
10/11/24 14:04:47;10827.7;0.7;140;640;745;27343750
10/11/24 14:04:52;10832.9;0.7;140;640;745;27343750
10/11/24 14:04:57;10837.6;0.7;140;640;734;27343750
10/11/24 14:05:02;10843.1;0.7;140;640;734;27343750
10/11/24 14:05:08;10847.8;0.7;140;640;736;27343750
10/11/24 14:05:13;10853.1;0.7;140;640;736;27343750
10/11/24 14:05:18;10857.7;0.7;140;640;727;27343750
10/11/24 14:05:23;10862.9;0.7;140;640;727;27343750
10/11/24 14:05:28;10867.7;0.7;140;640;728;27343750
10/11/24 14:05:33;10873.1;0.7;140;640;728;27343750
10/11/24 14:05:38;10877.6;0.7;140;640;728;27343750
10/11/24 14:05:43;10883.2;0.7;140;640;728;27343750
10/11/24 14:05:48;10888;0.7;140;640;721;27343750
10/11/24 14:05:53;10893.2;0.7;140;640;721;27343750
10/11/24 14:05:58;10897.9;0.7;140;640;722;27343750
10/11/24 14:06:03;10903.1;0.7;140;640;722;27343750
10/11/24 14:06:08;10907.8;0.7;140;640;723;27343750
10/11/24 14:06:13;10913.1;0.7;140;640;723;27343750
10/11/24 14:06:18;10918.1;0.7;140;640;727;27343750
10/11/24 14:06:23;10923.1;0.7;140;640;727;27343750
10/11/24 14:06:28;10927.9;0.7;140;640;727;27343750
10/11/24 14:06:33;10933.2;0.7;140;640;727;27343750
10/11/24 14:06:38;10937.9;0.7;140;640;727;27343750
10/11/24 14:06:43;10943.2;0.7;140;640;727;27343750
10/11/24 14:06:48;10947.8;0.7;140;640;729;27343750
10/11/24 14:06:53;10953.3;0.7;140;1300;729;13461538.46
10/11/24 14:06:58;10958;0.7;140;1300;725;13461538.46
10/11/24 14:07:03;10963.3;0.7;140;1300;725;13461538.46
10/11/24 14:07:08;10968;0.7;140;1300;721;13461538.46
10/11/24 14:07:13;10973.3;0.7;140;1300;721;13461538.46
10/11/24 14:07:18;10978;0.7;140;1300;717;13461538.46
10/11/24 14:07:23;10983.3;0.7;140;1300;717;13461538.46
10/11/24 14:07:28;10988;0.7;140;1300;723;13461538.46
10/11/24 14:07:33;10993.3;0.7;140;1300;723;13461538.46
10/11/24 14:07:38;10998;0.7;140;1300;722;13461538.46
10/11/24 14:07:43;11003.3;0.7;140;1300;722;13461538.46
10/11/24 14:07:48;11008.1;0.7;140;1300;721;13461538.46
10/11/24 14:07:53;11013.3;0.7;140;1300;721;13461538.46
10/11/24 14:07:58;11018;0.7;140;1300;723;13461538.46
10/11/24 14:08:03;11023.4;0.7;140;1300;723;13461538.46
10/11/24 14:08:08;11028;0.7;140;1300;720;13461538.46
10/11/24 14:08:13;11033.2;0.7;140;1300;720;13461538.46
10/11/24 14:08:18;11038;0.7;140;1300;723;13461538.46
10/11/24 14:08:23;11043.4;0.7;140;1300;723;13461538.46
10/11/24 14:08:28;11048.1;0.7;140;1300;717;13461538.46
10/11/24 14:08:33;11053.4;0.7;140;1300;717;13461538.46
10/11/24 14:08:38;11058.1;0.7;140;1300;722;13461538.46
10/11/24 14:08:43;11063.4;0.7;140;1300;722;13461538.46
10/11/24 14:08:48;11068.3;0.7;140;1300;721;13461538.46
10/11/24 14:08:53;11073.5;0.7;140;1300;721;13461538.46
10/11/24 14:08:58;11078.2;0.7;140;1300;719;13461538.46
10/11/24 14:09:03;11083.5;0.7;140;1300;719;13461538.46
10/11/24 14:09:08;11088.1;0.7;140;1300;722;13461538.46
10/11/24 14:09:13;11093.4;0.7;140;1300;722;13461538.46
10/11/24 14:09:18;11098.1;0.7;140;1300;728;13461538.46
10/11/24 14:09:23;11104;0.7;140;1500;728;11666666.67
10/11/24 14:09:28;11108.1;0.7;140;1500;726;11666666.67
10/11/24 14:09:33;11113.5;0.7;140;1500;726;11666666.67
10/11/24 14:09:38;11118.1;0.7;140;1500;731;11666666.67
10/11/24 14:09:43;11123.6;0.7;140;1500;731;11666666.67
10/11/24 14:09:48;11128.2;0.7;140;1500;717;11666666.67
10/11/24 14:09:53;11133.6;0.7;140;1500;717;11666666.67
10/11/24 14:09:58;11138.3;0.7;140;1500;727;11666666.67
10/11/24 14:10:03;11143.7;0.7;140;1500;727;11666666.67
10/11/24 14:10:08;11148.3;0.7;140;1500;723;11666666.67
10/11/24 14:10:13;11153.6;0.7;140;1500;723;11666666.67
10/11/24 14:10:18;11158.4;0.7;140;1500;720;11666666.67
10/11/24 14:10:23;11163.7;0.7;140;1500;720;11666666.67
10/11/24 14:10:28;11168.3;0.7;140;1500;718;11666666.67
10/11/24 14:10:33;11173.7;0.7;140;1500;718;11666666.67
10/11/24 14:10:38;11178.4;0.7;140;1500;708;11666666.67
10/11/24 14:10:43;11183.6;0.7;140;1500;708;11666666.67
10/11/24 14:10:48;11188.3;0.7;140;1500;720;11666666.67
10/11/24 14:10:53;11193.7;0.7;140;1500;720;11666666.67
10/11/24 14:10:58;11198.3;0.7;140;1500;717;11666666.67
10/11/24 14:11:03;11203.8;0.7;140;1500;717;11666666.67
10/11/24 14:11:08;11208.5;0.7;140;1500;722;11666666.67
10/11/24 14:11:13;11213.9;0.7;140;1500;722;11666666.67
10/11/24 14:11:18;11218.6;0.7;140;1500;723;11666666.67
10/11/24 14:11:23;11223.8;0.7;140;1500;723;11666666.67
10/11/24 14:11:28;11228.4;0.7;140;1500;715;11666666.67
10/11/24 14:11:33;11233.7;0.7;140;1500;715;11666666.67
10/11/24 14:11:38;11238.6;0.7;140;1500;713;11666666.67
10/11/24 14:11:43;11245;0.7;140;1500;713;11666666.67
10/11/24 14:11:48;11248.5;0.7;140;1500;726;11666666.67
10/11/24 14:11:53;11253.9;0.7;140;1500;726;11666666.67
10/11/24 14:11:58;11258.6;0.7;140;1500;727;11666666.67
10/11/24 14:12:03;11263.9;0.7;140;1500;727;11666666.67
10/11/24 14:12:08;11268.5;0.7;140;1500;720;11666666.67
10/11/24 14:12:13;11273.8;0.7;140;1500;720;11666666.67
10/11/24 14:12:18;11278.6;0.7;140;1500;725;11666666.67
10/11/24 14:12:23;11283.9;0.7;140;1500;725;11666666.67
10/11/24 14:12:28;11288.6;0.7;140;1500;730;11666666.67
10/11/24 14:12:33;11294;0.7;140;1500;730;11666666.67
10/11/24 14:12:38;11298.6;0.7;140;1500;723;11666666.67
10/11/24 14:12:43;11305.3;0.7;140;1500;723;11666666.67
10/11/24 14:12:48;11308.6;0.7;140;1500;720;11666666.67
10/11/24 14:12:53;11314;0.7;140;1500;720;11666666.67
10/11/24 14:12:58;11318.7;0.7;140;1500;723;11666666.67
10/11/24 14:13:03;11324.2;0.7;140;1500;723;11666666.67
10/11/24 14:13:08;11328.6;0.7;140;1500;718;11666666.67
10/11/24 14:13:13;11334;0.7;140;1500;718;11666666.67
10/11/24 14:13:18;11338.7;0.7;140;1500;721;11666666.67
10/11/24 14:13:23;11344;0.7;140;1500;721;11666666.67
10/11/24 14:13:28;11348.7;0.7;140;1500;721;11666666.67
10/11/24 14:13:33;11354.1;0.7;140;1500;721;11666666.67
10/11/24 14:13:38;11358.7;0.7;140;1500;721;11666666.67
10/11/24 14:13:44;11364;0.7;140;1500;721;11666666.67
10/11/24 14:13:49;11368.7;0.7;140;1500;717;11666666.67
10/11/24 14:13:54;11374;0.7;140;1500;717;11666666.67
10/11/24 14:13:59;11378.9;0.7;140;1500;713;11666666.67
10/11/24 14:14:04;11384.1;0.7;140;1500;713;11666666.67
10/11/24 14:14:09;11388.8;0.7;140;1500;724;11666666.67
10/11/24 14:14:14;11394.1;0.7;140;1500;724;11666666.67
10/11/24 14:14:19;11398.8;0.7;140;1500;721;11666666.67
10/11/24 14:14:24;11404;0.7;140;1300;721;13461538.46
10/11/24 14:14:29;11408.9;0.7;140;1300;721;13461538.46
10/11/24 14:14:34;11414.1;0.7;140;1300;721;13461538.46
10/11/24 14:14:39;11418.9;0.7;140;1300;718;13461538.46
10/11/24 14:14:44;11425.2;0.7;140;1300;718;13461538.46
10/11/24 14:14:49;11428.9;0.7;140;1300;716;13461538.46
10/11/24 14:14:54;11434.1;0.7;140;1300;716;13461538.46
10/11/24 14:14:59;11439.3;0.7;140;1300;717;13461538.46
10/11/24 14:15:04;11444.6;0.7;140;1300;717;13461538.46
10/11/24 14:15:09;11449.2;0.7;140;1300;715;13461538.46
10/11/24 14:15:14;11454.5;0.7;140;1300;715;13461538.46
10/11/24 14:15:19;11459.2;0.7;140;1300;723;13461538.46
10/11/24 14:15:24;11464.5;0.7;140;1300;723;13461538.46
10/11/24 14:15:29;11468.9;0.7;140;1300;729;13461538.46
10/11/24 14:15:34;11474.3;0.7;140;1300;729;13461538.46
10/11/24 14:15:39;11478.9;0.7;140;1300;719;13461538.46
10/11/24 14:15:44;11484.2;0.7;140;1300;719;13461538.46
10/11/24 14:15:49;11488.9;0.7;140;1300;719;13461538.46
10/11/24 14:15:54;11494.2;0.7;140;1300;719;13461538.46
10/11/24 14:15:59;11498.9;0.7;140;1300;720;13461538.46
10/11/24 14:16:04;11504.5;0.7;140;1300;720;13461538.46
10/11/24 14:16:09;11509.2;0.7;140;1300;723;13461538.46
10/11/24 14:16:14;11514.4;0.7;140;1300;723;13461538.46
10/11/24 14:16:19;11519;0.7;140;1300;719;13461538.46
10/11/24 14:16:24;11524.2;0.7;140;1300;719;13461538.46
10/11/24 14:16:29;11528.9;0.7;140;1300;722;13461538.46
10/11/24 14:16:34;11534.2;0.7;140;1300;722;13461538.46
10/11/24 14:16:39;11538.9;0.7;140;1300;722;13461538.46
10/11/24 14:16:44;11545.3;0.7;140;1300;722;13461538.46
10/11/24 14:16:49;11549.2;0.7;140;1300;721;13461538.46
10/11/24 14:16:54;11554.5;0.7;140;640;721;27343750
10/11/24 14:16:59;11559.1;0.7;140;640;725;27343750
10/11/24 14:17:04;11564.7;0.7;140;640;725;27343750
10/11/24 14:17:09;11569;0.7;140;640;722;27343750
10/11/24 14:17:14;11574.4;0.7;140;640;722;27343750
10/11/24 14:17:19;11579;0.7;140;640;715;27343750
10/11/24 14:17:24;11584.5;0.7;140;640;715;27343750
10/11/24 14:17:29;11589.2;0.7;140;640;737;27343750
10/11/24 14:17:34;11594.6;0.7;140;640;737;27343750
10/11/24 14:17:39;11599.3;0.7;140;640;730;27343750
10/11/24 14:17:44;11605.6;0.7;140;640;730;27343750
10/11/24 14:17:49;11609.1;0.7;140;640;722;27343750
10/11/24 14:17:54;11614.6;0.7;140;640;722;27343750
10/11/24 14:17:59;11619.1;0.7;140;640;737;27343750
10/11/24 14:18:04;11624.8;0.7;140;640;737;27343750
10/11/24 14:18:09;11629.3;0.7;140;640;735;27343750
10/11/24 14:18:14;11634.6;0.7;140;640;735;27343750
10/11/24 14:18:19;11639.4;0.7;140;640;723;27343750
10/11/24 14:18:24;11644.7;0.7;140;640;723;27343750
10/11/24 14:18:29;11649.3;0.7;140;640;720;27343750
10/11/24 14:18:34;11654.8;0.7;140;640;720;27343750
10/11/24 14:18:39;11659.4;0.7;140;640;724;27343750
10/11/24 14:18:44;11665.8;0.7;140;640;724;27343750
10/11/24 14:18:49;11669.3;0.7;140;640;727;27343750
10/11/24 14:18:54;11674.7;0.7;140;640;727;27343750
10/11/24 14:18:59;11679.4;0.7;140;640;739;27343750
10/11/24 14:19:04;11685.3;0.7;140;640;739;27343750
10/11/24 14:19:09;11689.4;0.7;140;640;728;27343750
10/11/24 14:19:14;11694.7;0.7;140;640;728;27343750
10/11/24 14:19:19;11699.5;0.7;140;640;729;27343750
10/11/24 14:19:24;11704.8;0.7;140;160;729;109375000
10/11/24 14:19:29;11709.5;0.7;140;160;726;109375000
10/11/24 14:19:34;11714.8;0.7;140;160;726;109375000
10/11/24 14:19:39;11719.5;0.7;140;160;725;109375000
10/11/24 14:19:44;11725.9;0.7;140;160;725;109375000
10/11/24 14:19:49;11729.5;0.7;140;160;726;109375000
10/11/24 14:19:54;11734.7;0.7;140;160;726;109375000
10/11/24 14:19:59;11739.4;0.7;140;160;743;109375000
10/11/24 14:20:04;11744.7;0.7;140;160;743;109375000
10/11/24 14:20:09;11749.5;0.7;140;160;748;109375000
10/11/24 14:20:14;11754.8;0.7;140;160;748;109375000
10/11/24 14:20:19;11759.5;0.7;140;160;746;109375000
10/11/24 14:20:24;11764.8;0.7;140;160;746;109375000
10/11/24 14:20:29;11769.5;0.7;140;160;746;109375000
10/11/24 14:20:34;11774.8;0.7;140;160;746;109375000
10/11/24 14:20:39;11779.4;0.7;140;160;749;109375000
10/11/24 14:20:44;11785.9;0.7;140;160;749;109375000
10/11/24 14:20:49;11789.5;0.7;140;160;750;109375000
10/11/24 14:20:54;11794.7;0.7;140;160;750;109375000
10/11/24 14:20:59;11799.6;0.7;140;160;748;109375000
10/11/24 14:21:04;11805;0.7;140;160;748;109375000
10/11/24 14:21:09;11809.6;0.7;140;160;746;109375000
10/11/24 14:21:14;11814.9;0.7;140;160;746;109375000
10/11/24 14:21:19;11819.6;0.7;140;160;739;109375000
10/11/24 14:21:24;11824.9;0.7;140;160;739;109375000
10/11/24 14:21:29;11829.5;0.7;140;160;754;109375000
10/11/24 14:21:34;11834.8;0.7;140;160;754;109375000
10/11/24 14:21:39;11839.5;0.7;140;160;754;109375000
10/11/24 14:21:44;11846;0.7;140;160;754;109375000
10/11/24 14:21:49;11849.7;0.7;140;160;752;109375000
10/11/24 14:21:54;11855;0.7;140;62;752;282258064.5
10/11/24 14:21:59;11859.5;0.7;140;62;757;282258064.5
10/11/24 14:22:04;11865;0.7;140;62;757;282258064.5
10/11/24 14:22:09;11869.8;0.7;140;62;756;282258064.5
10/11/24 14:22:14;11874.9;0.7;140;62;756;282258064.5
10/11/24 14:22:19;11879.6;0.7;140;62;748;282258064.5
10/11/24 14:22:24;11885.2;0.7;140;62;712;282258064.5
10/11/24 14:22:29;11889.9;0.7;140;62;712;282258064.5
10/11/24 14:22:34;11895;0.7;140;62;712;282258064.5
10/11/24 14:22:39;11899.8;0.7;140;62;706;282258064.5
10/11/24 14:22:44;11906.1;0.7;140;62;706;282258064.5
10/11/24 14:22:49;11909.7;0.7;140;62;711;282258064.5
10/11/24 14:22:54;11915;0.7;140;62;711;282258064.5
10/11/24 14:23:00;11919.9;0.7;140;62;712;282258064.5
10/11/24 14:23:05;11925.3;0.7;140;62;705;282258064.5
10/11/24 14:23:10;11929.9;0.7;140;62;705;282258064.5
10/11/24 14:23:15;11935.2;0.7;140;62;705;282258064.5
10/11/24 14:23:20;11939.9;0.7;140;62;712;282258064.5
10/11/24 14:23:25;11945.1;0.7;140;62;712;282258064.5
10/11/24 14:23:30;11949.8;0.7;140;62;716;282258064.5
10/11/24 14:23:35;11955.3;0.7;140;62;707;282258064.5
10/11/24 14:23:40;11960;0.7;140;62;707;282258064.5
10/11/24 14:23:45;11966.3;0.7;140;62;710;282258064.5
10/11/24 14:23:50;11970;0.7;140;62;710;282258064.5
10/11/24 14:23:55;11975.3;0.7;140;62;709;282258064.5
10/11/24 14:24:00;11979.9;0.7;140;62;709;282258064.5
10/11/24 14:24:05;11985.2;0.7;140;62;709;282258064.5
10/11/24 14:24:10;11989.9;0.7;140;62;714;282258064.5
10/11/24 14:24:15;11995.2;0.7;140;62;711;282258064.5
10/11/24 14:24:20;12000;0.8;160;62;711;322580645.2
10/11/24 14:24:25;12005.3;0.8;160;62;699;322580645.2
10/11/24 14:24:30;12010.1;0.8;160;62;699;322580645.2
10/11/24 14:24:35;12015.5;0.8;160;62;703;322580645.2
10/11/24 14:24:40;12020.1;0.8;160;62;703;322580645.2
10/11/24 14:24:45;12026.4;0.8;160;62;703;322580645.2
10/11/24 14:24:50;12030;0.8;160;62;713;322580645.2
10/11/24 14:24:55;12035.4;0.8;160;62;706;322580645.2
10/11/24 14:25:00;12040.2;0.8;160;62;706;322580645.2
10/11/24 14:25:05;12045.5;0.8;160;62;713;322580645.2
10/11/24 14:25:10;12050.1;0.8;160;62;713;322580645.2
10/11/24 14:25:15;12055.4;0.8;160;62;716;322580645.2
10/11/24 14:25:20;12060.1;0.8;160;62;716;322580645.2
10/11/24 14:25:25;12065.5;0.8;160;62;714;322580645.2
10/11/24 14:25:30;12070.1;0.8;160;62;714;322580645.2
10/11/24 14:25:35;12075.4;0.8;160;62;709;322580645.2
10/11/24 14:25:40;12080.1;0.8;160;62;709;322580645.2
10/11/24 14:25:45;12086.5;0.8;160;62;708;322580645.2
10/11/24 14:25:50;12090.1;0.8;160;62;708;322580645.2
10/11/24 14:25:55;12095.5;0.8;160;62;704;322580645.2
10/11/24 14:26:00;12100.2;0.8;160;62;704;322580645.2
10/11/24 14:26:05;12105.7;0.8;160;62;713;322580645.2
10/11/24 14:26:10;12110.2;0.8;160;62;713;322580645.2
10/11/24 14:26:15;12115.5;0.8;160;62;713;322580645.2
10/11/24 14:26:20;12120.1;0.8;160;62;710;322580645.2
10/11/24 14:26:25;12125.4;0.8;160;62;710;322580645.2
10/11/24 14:26:30;12130.2;0.8;160;62;714;322580645.2
10/11/24 14:26:35;12135.5;0.8;160;62;711;322580645.2
10/11/24 14:26:40;12140.2;0.8;160;62;711;322580645.2
10/11/24 14:26:45;12146.7;0.8;160;62;715;322580645.2
10/11/24 14:26:50;12150.2;0.8;160;160;715;125000000
10/11/24 14:26:55;12155.4;0.8;160;160;715;125000000
10/11/24 14:27:00;12160.1;0.8;160;160;711;125000000
10/11/24 14:27:05;12165.5;0.8;160;160;711;125000000
10/11/24 14:27:10;12170.1;0.8;160;160;709;125000000
10/11/24 14:27:15;12175.7;0.8;160;160;716;125000000
10/11/24 14:27:20;12180.3;0.8;160;160;716;125000000
10/11/24 14:27:25;12185.6;0.8;160;160;729;125000000
10/11/24 14:27:30;12190.2;0.8;160;160;729;125000000
10/11/24 14:27:35;12195.6;0.8;160;160;745;125000000
10/11/24 14:27:40;12200.2;0.8;160;160;745;125000000
10/11/24 14:27:45;12206.7;0.8;160;160;745;125000000
10/11/24 14:27:50;12210.1;0.8;160;160;751;125000000
10/11/24 14:27:55;12215.6;0.8;160;160;755;125000000
10/11/24 14:28:00;12220.3;0.8;160;160;755;125000000
10/11/24 14:28:05;12225.7;0.8;160;160;755;125000000
10/11/24 14:28:10;12230.3;0.8;160;160;755;125000000
10/11/24 14:28:15;12235.6;0.8;160;160;752;125000000
10/11/24 14:28:20;12240.3;0.8;160;160;752;125000000
10/11/24 14:28:25;12245.6;0.8;160;160;752;125000000
10/11/24 14:28:30;12250.2;0.8;160;160;752;125000000
10/11/24 14:28:35;12255.7;0.8;160;160;752;125000000
10/11/24 14:28:40;12260.4;0.8;160;160;751;125000000
10/11/24 14:28:45;12266.8;0.8;160;160;749;125000000
10/11/24 14:28:50;12270.4;0.8;160;160;749;125000000
10/11/24 14:28:55;12275.7;0.8;160;160;745;125000000
10/11/24 14:29:00;12280.4;0.8;160;160;745;125000000
10/11/24 14:29:05;12286.2;0.8;160;160;746;125000000
10/11/24 14:29:10;12290.4;0.8;160;160;746;125000000
10/11/24 14:29:15;12295.6;0.8;160;160;746;125000000
10/11/24 14:29:20;12300.4;0.8;160;640;746;31250000
10/11/24 14:29:25;12305.8;0.8;160;640;743;31250000
10/11/24 14:29:30;12310.4;0.8;160;640;743;31250000
10/11/24 14:29:35;12315.8;0.8;160;640;754;31250000
10/11/24 14:29:40;12320.4;0.8;160;640;754;31250000
10/11/24 14:29:45;12326.8;0.8;160;640;762;31250000
10/11/24 14:29:50;12330.4;0.8;160;640;762;31250000
10/11/24 14:29:55;12335.8;0.8;160;640;734;31250000
10/11/24 14:30:00;12340.4;0.8;160;640;734;31250000
10/11/24 14:30:05;12345.8;0.8;160;640;734;31250000
10/11/24 14:30:10;12350.5;0.8;160;640;727;31250000
10/11/24 14:30:15;12355.8;0.8;160;640;727;31250000
10/11/24 14:30:20;12360.6;0.8;160;640;721;31250000
10/11/24 14:30:25;12365.9;0.8;160;640;721;31250000
10/11/24 14:30:30;12370.7;0.8;160;640;726;31250000
10/11/24 14:30:35;12375.9;0.8;160;640;725;31250000
10/11/24 14:30:40;12380.5;0.8;160;640;725;31250000
10/11/24 14:30:45;12386.9;0.8;160;640;733;31250000
10/11/24 14:30:50;12390.6;0.8;160;640;733;31250000
10/11/24 14:30:55;12395.8;0.8;160;640;725;31250000
10/11/24 14:31:00;12400.4;0.8;160;640;725;31250000
10/11/24 14:31:05;12405.9;0.8;160;640;723;31250000
10/11/24 14:31:10;12410.7;0.8;160;640;723;31250000
10/11/24 14:31:15;12416;0.8;160;640;728;31250000
10/11/24 14:31:20;12420.9;0.8;160;640;728;31250000
10/11/24 14:31:25;12425.9;0.8;160;640;728;31250000
10/11/24 14:31:30;12430.6;0.8;160;640;724;31250000
10/11/24 14:31:35;12435.9;0.8;160;640;731;31250000
10/11/24 14:31:40;12440.6;0.8;160;640;731;31250000
10/11/24 14:31:45;12447.1;0.8;160;640;724;31250000
10/11/24 14:31:50;12450.7;0.8;160;1300;724;15384615.38
10/11/24 14:31:55;12456;0.8;160;1300;735;15384615.38
10/11/24 14:32:00;12460.8;0.8;160;1300;735;15384615.38
10/11/24 14:32:05;12465.9;0.8;160;1300;728;15384615.38
10/11/24 14:32:10;12470.6;0.8;160;1300;728;15384615.38
10/11/24 14:32:16;12476;0.8;160;1300;731;15384615.38
10/11/24 14:32:21;12480.6;0.8;160;1300;731;15384615.38
10/11/24 14:32:26;12486;0.8;160;1300;724;15384615.38
10/11/24 14:32:31;12490.8;0.8;160;1300;724;15384615.38
10/11/24 14:32:36;12496.1;0.8;160;1300;722;15384615.38
10/11/24 14:32:41;12500.9;0.8;160;1300;722;15384615.38
10/11/24 14:32:46;12507.1;0.8;160;1300;733;15384615.38
10/11/24 14:32:51;12510.7;0.8;160;1300;733;15384615.38
10/11/24 14:32:56;12516.1;0.8;160;1300;722;15384615.38
10/11/24 14:33:01;12520.9;0.8;160;1300;722;15384615.38
10/11/24 14:33:06;12526.2;0.8;160;1300;720;15384615.38
10/11/24 14:33:11;12530.9;0.8;160;1300;720;15384615.38
10/11/24 14:33:16;12536;0.8;160;1300;717;15384615.38
10/11/24 14:33:21;12540.8;0.8;160;1300;717;15384615.38
10/11/24 14:33:26;12546.2;0.8;160;1300;731;15384615.38
10/11/24 14:33:31;12550.8;0.8;160;1300;731;15384615.38
10/11/24 14:33:36;12556.1;0.8;160;1300;728;15384615.38
10/11/24 14:33:41;12560.7;0.8;160;1300;728;15384615.38
10/11/24 14:33:46;12567.1;0.8;160;1300;728;15384615.38
10/11/24 14:33:51;12571;0.8;160;1300;731;15384615.38
10/11/24 14:33:56;12576.2;0.8;160;1300;724;15384615.38
10/11/24 14:34:01;12580.9;0.8;160;1300;724;15384615.38
10/11/24 14:34:06;12586.3;0.8;160;1300;723;15384615.38
10/11/24 14:34:11;12590.9;0.8;160;1300;723;15384615.38
10/11/24 14:34:16;12596.2;0.8;160;1300;721;15384615.38
10/11/24 14:34:21;12601;0.8;160;1500;721;13333333.33
10/11/24 14:34:26;12606.3;0.8;160;1500;721;13333333.33
10/11/24 14:34:31;12611;0.8;160;1500;721;13333333.33
10/11/24 14:34:36;12616.2;0.8;160;1500;720;13333333.33
10/11/24 14:34:41;12621;0.8;160;1500;720;13333333.33
10/11/24 14:34:46;12627.3;0.8;160;1500;723;13333333.33
10/11/24 14:34:51;12631;0.8;160;1500;723;13333333.33
10/11/24 14:34:56;12636.3;0.8;160;1500;722;13333333.33
10/11/24 14:35:01;12641;0.8;160;1500;722;13333333.33
10/11/24 14:35:06;12646.4;0.8;160;1500;721;13333333.33
10/11/24 14:35:11;12651.1;0.8;160;1500;721;13333333.33
10/11/24 14:35:16;12656.3;0.8;160;1500;711;13333333.33
10/11/24 14:35:21;12661.1;0.8;160;1500;711;13333333.33
10/11/24 14:35:26;12666.4;0.8;160;1500;719;13333333.33
10/11/24 14:35:31;12671;0.8;160;1500;719;13333333.33
10/11/24 14:35:36;12676.3;0.8;160;1500;721;13333333.33
10/11/24 14:35:41;12681.1;0.8;160;1500;721;13333333.33
10/11/24 14:35:46;12687.4;0.8;160;1500;721;13333333.33
10/11/24 14:35:51;12691.1;0.8;160;1500;721;13333333.33
10/11/24 14:35:56;12696.3;0.8;160;1500;719;13333333.33
10/11/24 14:36:01;12701.1;0.8;160;1500;719;13333333.33
10/11/24 14:36:06;12706.3;0.8;160;1500;722;13333333.33
10/11/24 14:36:11;12711.1;0.8;160;1500;722;13333333.33
10/11/24 14:36:16;12716.2;0.8;160;1500;722;13333333.33
10/11/24 14:36:21;12721.1;0.8;160;1500;722;13333333.33
10/11/24 14:36:26;12726.4;0.8;160;1500;726;13333333.33
10/11/24 14:36:31;12731.2;0.8;160;1500;726;13333333.33
10/11/24 14:36:36;12736.4;0.8;160;1500;721;13333333.33
10/11/24 14:36:41;12741.2;0.8;160;1500;721;13333333.33
10/11/24 14:36:46;12747.4;0.8;160;1500;718;13333333.33
10/11/24 14:36:51;12751.2;0.8;160;1500;718;13333333.33
10/11/24 14:36:56;12756.3;0.8;160;1500;719;13333333.33
10/11/24 14:37:01;12761.2;0.8;160;1500;719;13333333.33
10/11/24 14:37:06;12766.4;0.8;160;1500;725;13333333.33
10/11/24 14:37:11;12771.3;0.8;160;1500;725;13333333.33
10/11/24 14:37:16;12776.4;0.8;160;1500;730;13333333.33
10/11/24 14:37:21;12781.2;0.8;160;1500;730;13333333.33
10/11/24 14:37:26;12786.4;0.8;160;1500;719;13333333.33
10/11/24 14:37:31;12791.3;0.8;160;1500;719;13333333.33
10/11/24 14:37:36;12796.4;0.8;160;1500;727;13333333.33
10/11/24 14:37:41;12801.2;0.8;160;1500;727;13333333.33
10/11/24 14:37:46;12807.5;0.8;160;1500;722;13333333.33
10/11/24 14:37:51;12811.4;0.8;160;1500;722;13333333.33
10/11/24 14:37:56;12816.5;0.8;160;1500;731;13333333.33
10/11/24 14:38:01;12821.3;0.8;160;1500;731;13333333.33
10/11/24 14:38:06;12826.5;0.8;160;1500;729;13333333.33
10/11/24 14:38:11;12831.3;0.8;160;1500;729;13333333.33
10/11/24 14:38:16;12836.5;0.8;160;1500;726;13333333.33
10/11/24 14:38:21;12841.4;0.8;160;1500;726;13333333.33
10/11/24 14:38:26;12846.5;0.8;160;1500;721;13333333.33
10/11/24 14:38:31;12851.5;0.8;160;1500;721;13333333.33
10/11/24 14:38:36;12856.6;0.8;160;1500;729;13333333.33
10/11/24 14:38:41;12861.3;0.8;160;1500;729;13333333.33
10/11/24 14:38:46;12867.6;0.8;160;1500;715;13333333.33
10/11/24 14:38:51;12871.3;0.8;160;1500;715;13333333.33
10/11/24 14:38:56;12876.5;0.8;160;1500;726;13333333.33
10/11/24 14:39:01;12881.6;0.8;160;1500;726;13333333.33
10/11/24 14:39:06;12887;0.8;160;1500;727;13333333.33
10/11/24 14:39:11;12891.4;0.8;160;1500;727;13333333.33
10/11/24 14:39:16;12896.6;0.8;160;1500;720;13333333.33
10/11/24 14:39:21;12901.5;0.8;160;1300;720;15384615.38
10/11/24 14:39:26;12906.6;0.8;160;1300;711;15384615.38
10/11/24 14:39:31;12911.5;0.8;160;1300;711;15384615.38
10/11/24 14:39:36;12916.6;0.8;160;1300;723;15384615.38
10/11/24 14:39:41;12921.5;0.8;160;1300;723;15384615.38
10/11/24 14:39:46;12927.7;0.8;160;1300;723;15384615.38
10/11/24 14:39:51;12931.4;0.8;160;1300;723;15384615.38
10/11/24 14:39:56;12936.6;0.8;160;1300;726;15384615.38
10/11/24 14:40:01;12941.4;0.8;160;1300;726;15384615.38
10/11/24 14:40:06;12946.6;0.8;160;1300;717;15384615.38
10/11/24 14:40:11;12951.5;0.8;160;1300;717;15384615.38
10/11/24 14:40:16;12956.6;0.8;160;1300;721;15384615.38
10/11/24 14:40:21;12961.6;0.8;160;1300;721;15384615.38
10/11/24 14:40:26;12966.6;0.8;160;1300;725;15384615.38
10/11/24 14:40:31;12971.6;0.8;160;1300;725;15384615.38
10/11/24 14:40:36;12976.7;0.8;160;1300;721;15384615.38
10/11/24 14:40:41;12981.5;0.8;160;1300;721;15384615.38
10/11/24 14:40:46;12987.8;0.8;160;1300;727;15384615.38
10/11/24 14:40:51;12991.6;0.8;160;1300;727;15384615.38
10/11/24 14:40:56;12996.6;0.8;160;1300;724;15384615.38
10/11/24 14:41:01;13001.5;0.8;160;1300;724;15384615.38
10/11/24 14:41:06;13006.9;0.8;160;1300;728;15384615.38
10/11/24 14:41:11;13011.8;0.8;160;1300;728;15384615.38
10/11/24 14:41:16;13016.6;0.8;160;1300;721;15384615.38
10/11/24 14:41:21;13021.7;0.8;160;1300;721;15384615.38
10/11/24 14:41:26;13026.7;0.8;160;1300;727;15384615.38
10/11/24 14:41:31;13031.6;0.8;160;1300;727;15384615.38
10/11/24 14:41:36;13036.7;0.8;160;1300;725;15384615.38
10/11/24 14:41:41;13041.6;0.8;160;1300;725;15384615.38
10/11/24 14:41:46;13047.9;0.8;160;1300;726;15384615.38
10/11/24 14:41:51;13051.6;0.8;160;640;726;31250000
10/11/24 14:41:56;13056.7;0.8;160;640;718;31250000
10/11/24 14:42:02;13061.8;0.8;160;640;718;31250000
10/11/24 14:42:07;13066.8;0.8;160;640;719;31250000
10/11/24 14:42:12;13071.8;0.8;160;640;719;31250000
10/11/24 14:42:17;13076.7;0.8;160;640;721;31250000
10/11/24 14:42:22;13081.7;0.8;160;640;721;31250000
10/11/24 14:42:27;13086.7;0.8;160;640;725;31250000
10/11/24 14:42:32;13091.6;0.8;160;640;725;31250000
10/11/24 14:42:37;13096.9;0.8;160;640;723;31250000
10/11/24 14:42:42;13101.9;0.8;160;640;723;31250000
10/11/24 14:42:47;13108;0.8;160;640;726;31250000
10/11/24 14:42:52;13111.8;0.8;160;640;726;31250000
10/11/24 14:42:57;13116.9;0.8;160;640;727;31250000
10/11/24 14:43:02;13121.7;0.8;160;640;727;31250000
10/11/24 14:43:07;13127;0.8;160;640;721;31250000
10/11/24 14:43:12;13131.8;0.8;160;640;721;31250000
10/11/24 14:43:17;13136.9;0.8;160;640;725;31250000
10/11/24 14:43:22;13142;0.8;160;640;725;31250000
10/11/24 14:43:27;13147;0.8;160;640;727;31250000
10/11/24 14:43:32;13151.9;0.8;160;640;727;31250000
10/11/24 14:43:37;13157;0.8;160;640;738;31250000
10/11/24 14:43:42;13161.8;0.8;160;640;738;31250000
10/11/24 14:43:47;13168;0.8;160;640;737;31250000
10/11/24 14:43:52;13171.7;0.8;160;640;737;31250000
10/11/24 14:43:57;13177;0.8;160;640;728;31250000
10/11/24 14:44:02;13182;0.8;160;640;728;31250000
10/11/24 14:44:07;13187.1;0.8;160;640;733;31250000
10/11/24 14:44:12;13192.3;0.8;160;640;733;31250000
10/11/24 14:44:17;13197.1;0.8;160;640;726;31250000
10/11/24 14:44:22;13202.1;0.8;160;160;726;125000000
10/11/24 14:44:27;13207;0.8;160;160;729;125000000
10/11/24 14:44:32;13212.1;0.8;160;160;729;125000000
10/11/24 14:44:37;13217;0.8;160;160;729;125000000
10/11/24 14:44:42;13222.1;0.8;160;160;729;125000000
10/11/24 14:44:47;13228.2;0.8;160;160;734;125000000
10/11/24 14:44:52;13232;0.8;160;160;734;125000000
10/11/24 14:44:57;13237.1;0.8;160;160;751;125000000
10/11/24 14:45:02;13242;0.8;160;160;751;125000000
10/11/24 14:45:07;13247.1;0.8;160;160;748;125000000
10/11/24 14:45:12;13252.1;0.8;160;160;748;125000000
10/11/24 14:45:17;13257.2;0.8;160;160;753;125000000
10/11/24 14:45:22;13262.1;0.8;160;160;753;125000000
10/11/24 14:45:27;13267.2;0.8;160;160;752;125000000
10/11/24 14:45:32;13272.1;0.8;160;160;752;125000000
10/11/24 14:45:37;13277.2;0.8;160;160;754;125000000
10/11/24 14:45:42;13282.2;0.8;160;160;754;125000000
10/11/24 14:45:47;13288.3;0.8;160;160;750;125000000
10/11/24 14:45:52;13292.1;0.8;160;160;750;125000000
10/11/24 14:45:57;13297.2;0.8;160;160;754;125000000
10/11/24 14:46:02;13302.2;0.8;160;160;754;125000000
10/11/24 14:46:07;13307.2;0.8;160;160;755;125000000
10/11/24 14:46:12;13312.3;0.8;160;160;755;125000000
10/11/24 14:46:17;13317.2;0.8;160;160;752;125000000
10/11/24 14:46:22;13322.2;0.8;160;160;752;125000000
10/11/24 14:46:27;13327.2;0.8;160;160;752;125000000
10/11/24 14:46:32;13332.2;0.8;160;160;752;125000000
10/11/24 14:46:37;13337.2;0.8;160;160;755;125000000
10/11/24 14:46:42;13342.3;0.8;160;160;755;125000000
10/11/24 14:46:47;13348.3;0.8;160;160;756;125000000
10/11/24 14:46:52;13352.4;0.8;160;62;756;322580645.2
10/11/24 14:46:57;13357.4;0.8;160;62;748;322580645.2
10/11/24 14:47:02;13362.2;0.8;160;62;748;322580645.2
10/11/24 14:47:07;13367.3;0.8;160;62;747;322580645.2
10/11/24 14:47:12;13372.5;0.8;160;62;747;322580645.2
10/11/24 14:47:17;13377.3;0.8;160;62;762;322580645.2
10/11/24 14:47:22;13382.4;0.8;160;62;762;322580645.2
10/11/24 14:47:27;13387.6;0.8;160;62;713;322580645.2
10/11/24 14:47:32;13392.4;0.8;160;62;713;322580645.2
10/11/24 14:47:37;13397.4;0.8;160;62;721;322580645.2
10/11/24 14:47:42;13402.4;0.8;160;62;721;322580645.2
10/11/24 14:47:47;13408.5;0.8;160;62;715;322580645.2
10/11/24 14:47:52;13412.3;0.8;160;62;715;322580645.2
10/11/24 14:47:57;13417.2;0.8;160;62;714;322580645.2
10/11/24 14:48:02;13422.3;0.8;160;62;714;322580645.2
10/11/24 14:48:07;13427.6;0.8;160;62;711;322580645.2
10/11/24 14:48:12;13432.7;0.8;160;62;711;322580645.2
10/11/24 14:48:17;13437.5;0.8;160;62;713;322580645.2
10/11/24 14:48:22;13442.5;0.8;160;62;713;322580645.2
10/11/24 14:48:27;13447.5;0.8;160;62;717;322580645.2
10/11/24 14:48:32;13452.4;0.8;160;62;717;322580645.2
10/11/24 14:48:37;13457.4;0.8;160;62;703;322580645.2
10/11/24 14:48:42;13462.6;0.8;160;62;703;322580645.2
10/11/24 14:48:47;13468.7;0.8;160;62;719;322580645.2
10/11/24 14:48:52;13472.6;0.8;160;62;719;322580645.2
10/11/24 14:48:57;13477.7;0.8;160;62;704;322580645.2
10/11/24 14:49:02;13482.6;0.8;160;62;704;322580645.2
10/11/24 14:49:07;13487.7;0.8;160;62;712;322580645.2
10/11/24 14:49:12;13492.6;0.8;160;62;712;322580645.2
10/11/24 14:49:17;13497.8;0.8;160;62;712;322580645.2
10/11/24 14:49:22;13503.2;0.9;180;62;712;362903225.8
10/11/24 14:49:27;13507.8;0.9;180;62;719;362903225.8
10/11/24 14:49:32;13512.8;0.9;180;62;719;362903225.8
10/11/24 14:49:37;13517.8;0.9;180;62;722;362903225.8
10/11/24 14:49:42;13522.8;0.9;180;62;722;362903225.8
10/11/24 14:49:47;13528.8;0.9;180;62;710;362903225.8
10/11/24 14:49:52;13532.7;0.9;180;62;710;362903225.8
10/11/24 14:49:57;13537.6;0.9;180;62;720;362903225.8
10/11/24 14:50:02;13542.8;0.9;180;62;720;362903225.8
10/11/24 14:50:07;13547.8;0.9;180;62;714;362903225.8
10/11/24 14:50:12;13552.8;0.9;180;62;714;362903225.8
10/11/24 14:50:17;13557.8;0.9;180;62;722;362903225.8
10/11/24 14:50:22;13562.8;0.9;180;62;722;362903225.8
10/11/24 14:50:27;13567.8;0.9;180;62;707;362903225.8
10/11/24 14:50:32;13572.7;0.9;180;62;707;362903225.8
10/11/24 14:50:37;13577.8;0.9;180;62;715;362903225.8
10/11/24 14:50:42;13582.8;0.9;180;62;715;362903225.8
10/11/24 14:50:47;13588.9;0.9;180;62;713;362903225.8
10/11/24 14:50:53;13592.9;0.9;180;62;713;362903225.8
10/11/24 14:50:58;13598;0.9;180;62;709;362903225.8
10/11/24 14:51:03;13602.9;0.9;180;62;709;362903225.8
10/11/24 14:51:08;13607.9;0.9;180;62;715;362903225.8
10/11/24 14:51:13;13612.9;0.9;180;62;715;362903225.8
10/11/24 14:51:18;13617.9;0.9;180;62;721;362903225.8
10/11/24 14:51:23;13622.8;0.9;180;62;721;362903225.8
10/11/24 14:51:28;13627.9;0.9;180;62;710;362903225.8
10/11/24 14:51:33;13632.9;0.9;180;62;710;362903225.8
10/11/24 14:51:38;13637.9;0.9;180;62;705;362903225.8
10/11/24 14:51:43;13642.9;0.9;180;62;705;362903225.8
10/11/24 14:51:48;13649;0.9;180;62;713;362903225.8
10/11/24 14:51:53;13652.9;0.9;180;160;713;140625000
10/11/24 14:51:58;13658;0.9;180;160;715;140625000
10/11/24 14:52:03;13662.9;0.9;180;160;715;140625000
10/11/24 14:52:08;13667.9;0.9;180;160;718;140625000
10/11/24 14:52:13;13672.9;0.9;180;160;718;140625000
10/11/24 14:52:18;13678.1;0.9;180;160;710;140625000
10/11/24 14:52:23;13683;0.9;180;160;710;140625000
10/11/24 14:52:28;13688;0.9;180;160;752;140625000
10/11/24 14:52:33;13693;0.9;180;160;752;140625000
10/11/24 14:52:38;13698;0.9;180;160;743;140625000
10/11/24 14:52:43;13703;0.9;180;160;743;140625000
10/11/24 14:52:48;13708.9;0.9;180;160;751;140625000
10/11/24 14:52:53;13712.9;0.9;180;160;751;140625000
10/11/24 14:52:58;13718;0.9;180;160;747;140625000
10/11/24 14:53:03;13723;0.9;180;160;747;140625000
10/11/24 14:53:08;13728;0.9;180;160;752;140625000
10/11/24 14:53:13;13733.1;0.9;180;160;752;140625000
10/11/24 14:53:18;13738.1;0.9;180;160;751;140625000
10/11/24 14:53:23;13743.1;0.9;180;160;751;140625000
10/11/24 14:53:28;13748.1;0.9;180;160;753;140625000
10/11/24 14:53:33;13753;0.9;180;160;753;140625000
10/11/24 14:53:38;13758;0.9;180;160;752;140625000
10/11/24 14:53:43;13763;0.9;180;160;752;140625000
10/11/24 14:53:48;13769.1;0.9;180;160;759;140625000
10/11/24 14:53:53;13773.1;0.9;180;160;759;140625000
10/11/24 14:53:58;13778.1;0.9;180;160;757;140625000
10/11/24 14:54:03;13783.1;0.9;180;160;757;140625000
10/11/24 14:54:08;13788.1;0.9;180;160;753;140625000
10/11/24 14:54:13;13793.1;0.9;180;160;753;140625000
10/11/24 14:54:18;13798.1;0.9;180;160;753;140625000
10/11/24 14:54:23;13803;0.9;180;640;753;35156250
10/11/24 14:54:28;13808.1;0.9;180;640;756;35156250
10/11/24 14:54:33;13813.2;0.9;180;640;756;35156250
10/11/24 14:54:38;13818.1;0.9;180;640;755;35156250
10/11/24 14:54:43;13823.2;0.9;180;640;755;35156250
10/11/24 14:54:48;13829.2;0.9;180;640;748;35156250
10/11/24 14:54:53;13833.2;0.9;180;640;748;35156250
10/11/24 14:54:58;13838.2;0.9;180;640;744;35156250
10/11/24 14:55:03;13843.4;0.9;180;640;744;35156250
10/11/24 14:55:08;13848.3;0.9;180;640;720;35156250
10/11/24 14:55:13;13853.3;0.9;180;640;720;35156250
10/11/24 14:55:18;13858.4;0.9;180;640;729;35156250
10/11/24 14:55:23;13863.3;0.9;180;640;729;35156250
10/11/24 14:55:28;13868.3;0.9;180;640;727;35156250
10/11/24 14:55:33;13873.2;0.9;180;640;727;35156250
10/11/24 14:55:38;13878.4;0.9;180;640;722;35156250
10/11/24 14:55:43;13883.4;0.9;180;640;722;35156250
10/11/24 14:55:48;13889.4;0.9;180;640;724;35156250
10/11/24 14:55:53;13893.5;0.9;180;640;724;35156250
10/11/24 14:55:58;13898.5;0.9;180;640;720;35156250
10/11/24 14:56:03;13903.4;0.9;180;640;720;35156250
10/11/24 14:56:08;13908.4;0.9;180;640;741;35156250
10/11/24 14:56:13;13913.2;0.9;180;640;741;35156250
10/11/24 14:56:18;13918.5;0.9;180;640;729;35156250
10/11/24 14:56:23;13923.4;0.9;180;640;729;35156250
10/11/24 14:56:28;13928.5;0.9;180;640;729;35156250
10/11/24 14:56:33;13933.5;0.9;180;640;729;35156250
10/11/24 14:56:38;13938.5;0.9;180;640;722;35156250
10/11/24 14:56:43;13943.6;0.9;180;640;722;35156250
10/11/24 14:56:48;13949.4;0.9;180;640;728;35156250
10/11/24 14:56:53;13953.4;0.9;180;1300;728;17307692.31
10/11/24 14:56:58;13958.5;0.9;180;1300;738;17307692.31
10/11/24 14:57:03;13963.6;0.9;180;1300;738;17307692.31
10/11/24 14:57:08;13968.6;0.9;180;1300;732;17307692.31
10/11/24 14:57:13;13973.6;0.9;180;1300;732;17307692.31
10/11/24 14:57:18;13978.6;0.9;180;1300;729;17307692.31
10/11/24 14:57:23;13983.6;0.9;180;1300;729;17307692.31
10/11/24 14:57:28;13988.6;0.9;180;1300;739;17307692.31
10/11/24 14:57:33;13993.5;0.9;180;1300;739;17307692.31
10/11/24 14:57:38;13998.5;0.9;180;1300;731;17307692.31
10/11/24 14:57:43;14003.6;0.9;180;1300;731;17307692.31
10/11/24 14:57:48;14009.6;0.9;180;1300;725;17307692.31
10/11/24 14:57:53;14013.6;0.9;180;1300;725;17307692.31
10/11/24 14:57:58;14018.6;0.9;180;1300;725;17307692.31
10/11/24 14:58:03;14023.6;0.9;180;1300;725;17307692.31
10/11/24 14:58:08;14028.6;0.9;180;1300;717;17307692.31
10/11/24 14:58:13;14033.6;0.9;180;1300;717;17307692.31
10/11/24 14:58:18;14038.6;0.9;180;1300;724;17307692.31
10/11/24 14:58:23;14043.5;0.9;180;1300;724;17307692.31
10/11/24 14:58:28;14048.6;0.9;180;1300;718;17307692.31
10/11/24 14:58:33;14053.6;0.9;180;1300;718;17307692.31
10/11/24 14:58:38;14058.7;0.9;180;1300;718;17307692.31
10/11/24 14:58:43;14063.7;0.9;180;1300;718;17307692.31
10/11/24 14:58:48;14069.7;0.9;180;1300;724;17307692.31
10/11/24 14:58:53;14073.7;0.9;180;1300;724;17307692.31
10/11/24 14:58:58;14078.7;0.9;180;1300;721;17307692.31
10/11/24 14:59:03;14083.5;0.9;180;1300;721;17307692.31
10/11/24 14:59:08;14088.6;0.9;180;1300;727;17307692.31
10/11/24 14:59:13;14093.7;0.9;180;1300;727;17307692.31
10/11/24 14:59:18;14098.7;0.9;180;1300;721;17307692.31
10/11/24 14:59:23;14104;0.9;180;1500;721;15000000
10/11/24 14:59:28;14108.8;0.9;180;1500;726;15000000
10/11/24 14:59:33;14113.7;0.9;180;1500;726;15000000
10/11/24 14:59:38;14118.8;0.9;180;1500;721;15000000
10/11/24 14:59:43;14123.7;0.9;180;1500;721;15000000
10/11/24 14:59:48;14129.7;0.9;180;1500;728;15000000
10/11/24 14:59:53;14133.7;0.9;180;1500;728;15000000
10/11/24 14:59:58;14138.8;0.9;180;1500;724;15000000
10/11/24 15:00:03;14143.8;0.9;180;1500;724;15000000
10/11/24 15:00:08;14148.8;0.9;180;1500;730;15000000
10/11/24 15:00:13;14153.8;0.9;180;1500;730;15000000
10/11/24 15:00:18;14158.8;0.9;180;1500;718;15000000
10/11/24 15:00:23;14163.8;0.9;180;1500;718;15000000
10/11/24 15:00:29;14168.8;0.9;180;1500;724;15000000
10/11/24 15:00:34;14173.7;0.9;180;1500;724;15000000
10/11/24 15:00:39;14178.7;0.9;180;1500;724;15000000
10/11/24 15:00:44;14183.7;0.9;180;1500;724;15000000
10/11/24 15:00:49;14189.8;0.9;180;1500;726;15000000
10/11/24 15:00:54;14193.8;0.9;180;1500;726;15000000
10/11/24 15:00:59;14198.8;0.9;180;1500;722;15000000
10/11/24 15:01:04;14203.8;0.9;180;1500;722;15000000
10/11/24 15:01:09;14208.8;0.9;180;1500;725;15000000
10/11/24 15:01:14;14213.8;0.9;180;1500;725;15000000
10/11/24 15:01:19;14218.9;0.9;180;1500;727;15000000
10/11/24 15:01:24;14223.9;0.9;180;1500;727;15000000
10/11/24 15:01:29;14228.9;0.9;180;1500;719;15000000
10/11/24 15:01:34;14233.9;0.9;180;1500;719;15000000
10/11/24 15:01:39;14238.9;0.9;180;1500;731;15000000
10/11/24 15:01:44;14243.9;0.9;180;1500;731;15000000
10/11/24 15:01:49;14249.9;0.9;180;1500;720;15000000
10/11/24 15:01:54;14253.9;0.9;180;1500;720;15000000
10/11/24 15:01:59;14258.9;0.9;180;1500;722;15000000
10/11/24 15:02:04;14263.9;0.9;180;1500;722;15000000
10/11/24 15:02:09;14268.9;0.9;180;1500;717;15000000
10/11/24 15:02:14;14273.9;0.9;180;1500;717;15000000
10/11/24 15:02:19;14278.9;0.9;180;1500;715;15000000
10/11/24 15:02:24;14283.9;0.9;180;1500;715;15000000
10/11/24 15:02:29;14288.9;0.9;180;1500;716;15000000
10/11/24 15:02:34;14293.9;0.9;180;1500;716;15000000
10/11/24 15:02:39;14299;0.9;180;1500;719;15000000
10/11/24 15:02:44;14304.2;0.9;180;1500;719;15000000
10/11/24 15:02:49;14310;0.9;180;1500;718;15000000
10/11/24 15:02:54;14314;0.9;180;1500;718;15000000
10/11/24 15:02:59;14319;0.9;180;1500;725;15000000
10/11/24 15:03:04;14324;0.9;180;1500;725;15000000
10/11/24 15:03:09;14329;0.9;180;1500;723;15000000
10/11/24 15:03:14;14334;0.9;180;1500;723;15000000
10/11/24 15:03:19;14339;0.9;180;1500;717;15000000
10/11/24 15:03:24;14344.2;0.9;180;1500;717;15000000
10/11/24 15:03:29;14349.2;0.9;180;1500;718;15000000
10/11/24 15:03:34;14354.2;0.9;180;1500;718;15000000
10/11/24 15:03:39;14359;0.9;180;1500;720;15000000
10/11/24 15:03:44;14364;0.9;180;1500;720;15000000
10/11/24 15:03:49;14370.1;0.9;180;1500;724;15000000
10/11/24 15:03:54;14374;0.9;180;1500;724;15000000
10/11/24 15:03:59;14379.2;0.9;180;1500;716;15000000
10/11/24 15:04:04;14384.3;0.9;180;1500;716;15000000
10/11/24 15:04:09;14389.2;0.9;180;1500;724;15000000
10/11/24 15:04:14;14394.7;0.9;180;1500;724;15000000
10/11/24 15:04:19;14399.1;0.9;180;1500;722;15000000
10/11/24 15:04:24;14404.1;0.9;180;1300;722;17307692.31
10/11/24 15:04:29;14409.1;0.9;180;1300;729;17307692.31
10/11/24 15:04:34;14414.1;0.9;180;1300;729;17307692.31
10/11/24 15:04:39;14419.2;0.9;180;1300;717;17307692.31
10/11/24 15:04:44;14424.2;0.9;180;1300;717;17307692.31
10/11/24 15:04:49;14430.2;0.9;180;1300;713;17307692.31
10/11/24 15:04:54;14434.3;0.9;180;1300;713;17307692.31
10/11/24 15:04:59;14439.1;0.9;180;1300;722;17307692.31
10/11/24 15:05:04;14444.1;0.9;180;1300;722;17307692.31
10/11/24 15:05:09;14449.1;0.9;180;1300;720;17307692.31
10/11/24 15:05:14;14454.4;0.9;180;1300;720;17307692.31
10/11/24 15:05:19;14459.4;0.9;180;1300;717;17307692.31
10/11/24 15:05:24;14464.3;0.9;180;1300;717;17307692.31
10/11/24 15:05:29;14469.3;0.9;180;1300;727;17307692.31
10/11/24 15:05:34;14474.4;0.9;180;1300;727;17307692.31
10/11/24 15:05:39;14479.4;0.9;180;1300;719;17307692.31
10/11/24 15:05:44;14484.4;0.9;180;1300;719;17307692.31
10/11/24 15:05:49;14490.2;0.9;180;1300;726;17307692.31
10/11/24 15:05:54;14494.2;0.9;180;1300;726;17307692.31
10/11/24 15:05:59;14499.4;0.9;180;1300;725;17307692.31
10/11/24 15:06:04;14504.4;0.9;180;1300;725;17307692.31
10/11/24 15:06:09;14509.3;0.9;180;1300;730;17307692.31
10/11/24 15:06:14;14514.3;0.9;180;1300;730;17307692.31
10/11/24 15:06:19;14519.3;0.9;180;1300;727;17307692.31
10/11/24 15:06:24;14524.4;0.9;180;1300;727;17307692.31
10/11/24 15:06:29;14529.4;0.9;180;1300;720;17307692.31
10/11/24 15:06:34;14534.3;0.9;180;1300;720;17307692.31
10/11/24 15:06:39;14539.5;0.9;180;1300;716;17307692.31
10/11/24 15:06:44;14544.5;0.9;180;1300;716;17307692.31
10/11/24 15:06:49;14550.5;0.9;180;640;729;35156250
10/11/24 15:06:54;14554.5;0.9;180;640;729;35156250
10/11/24 15:06:59;14559.4;0.9;180;640;726;35156250
10/11/24 15:07:04;14564.5;0.9;180;640;726;35156250
10/11/24 15:07:09;14569.5;0.9;180;640;730;35156250
10/11/24 15:07:14;14574.6;0.9;180;640;730;35156250
10/11/24 15:07:19;14579.5;0.9;180;640;721;35156250
10/11/24 15:07:24;14584.5;0.9;180;640;721;35156250
10/11/24 15:07:29;14589.5;0.9;180;640;724;35156250
10/11/24 15:07:34;14594.5;0.9;180;640;724;35156250
10/11/24 15:07:39;14599.6;0.9;180;640;728;35156250
10/11/24 15:07:44;14604.4;0.9;180;640;728;35156250
10/11/24 15:07:49;14610.4;0.9;180;640;735;35156250
10/11/24 15:07:54;14614.5;0.9;180;640;735;35156250
10/11/24 15:07:59;14619.7;0.9;180;640;731;35156250
10/11/24 15:08:04;14624.6;0.9;180;640;731;35156250
10/11/24 15:08:09;14629.7;0.9;180;640;734;35156250
10/11/24 15:08:14;14634.6;0.9;180;640;734;35156250
10/11/24 15:08:19;14639.6;0.9;180;640;726;35156250
10/11/24 15:08:24;14644.6;0.9;180;640;726;35156250
10/11/24 15:08:29;14649.5;0.9;180;640;727;35156250
10/11/24 15:08:34;14654.5;0.9;180;640;727;35156250
10/11/24 15:08:39;14659.6;0.9;180;640;721;35156250
10/11/24 15:08:44;14664.7;0.9;180;640;721;35156250
10/11/24 15:08:49;14670.6;0.9;180;640;723;35156250
10/11/24 15:08:54;14674.6;0.9;180;640;723;35156250
10/11/24 15:08:59;14679.6;0.9;180;640;725;35156250
10/11/24 15:09:04;14684.6;0.9;180;640;725;35156250
10/11/24 15:09:09;14689.5;0.9;180;640;728;35156250
10/11/24 15:09:14;14694.5;0.9;180;640;728;35156250
10/11/24 15:09:19;14699.7;0.9;180;640;726;35156250
10/11/24 15:09:24;14704.7;0.9;180;160;726;140625000
10/11/24 15:09:29;14709.7;0.9;180;160;722;140625000
10/11/24 15:09:34;14714.7;0.9;180;160;722;140625000
10/11/24 15:09:39;14719.7;0.9;180;160;738;140625000
10/11/24 15:09:44;14724.7;0.9;180;160;738;140625000
10/11/24 15:09:49;14730.7;0.9;180;160;738;140625000
10/11/24 15:09:54;14734.7;0.9;180;160;738;140625000
10/11/24 15:09:59;14739.8;0.9;180;160;733;140625000
10/11/24 15:10:04;14744.8;0.9;180;160;733;140625000
10/11/24 15:10:09;14749.7;0.9;180;160;752;140625000
10/11/24 15:10:15;14754.7;0.9;180;160;752;140625000
10/11/24 15:10:20;14759.7;0.9;180;160;755;140625000
10/11/24 15:10:25;14764.7;0.9;180;160;755;140625000
10/11/24 15:10:30;14769.7;0.9;180;160;753;140625000
10/11/24 15:10:35;14774.8;0.9;180;160;753;140625000
10/11/24 15:10:40;14779.8;0.9;180;160;751;140625000
10/11/24 15:10:45;14784.7;0.9;180;160;751;140625000
10/11/24 15:10:50;14790.7;0.9;180;160;759;140625000
10/11/24 15:10:55;14794.8;0.9;180;160;759;140625000
10/11/24 15:11:00;14799.8;0.9;180;160;754;140625000
10/11/24 15:11:05;14804.9;0.9;180;160;754;140625000
10/11/24 15:11:10;14809.9;0.9;180;160;746;140625000
10/11/24 15:11:15;14814.9;0.9;180;160;746;140625000
10/11/24 15:11:20;14819.9;0.9;180;160;746;140625000
10/11/24 15:11:25;14824.8;0.9;180;160;746;140625000
10/11/24 15:11:30;14829.8;0.9;180;160;751;140625000
10/11/24 15:11:35;14834.8;0.9;180;160;751;140625000
10/11/24 15:11:40;14839.8;0.9;180;160;750;140625000
10/11/24 15:11:45;14845;0.9;180;160;750;140625000
10/11/24 15:11:50;14850.9;0.9;180;62;751;362903225.8
10/11/24 15:11:55;14855;0.9;180;62;751;362903225.8
10/11/24 15:12:00;14859.9;0.9;180;62;753;362903225.8
10/11/24 15:12:05;14865;0.9;180;62;753;362903225.8
10/11/24 15:12:10;14869.9;0.9;180;62;749;362903225.8
10/11/24 15:12:15;14875.2;0.9;180;62;749;362903225.8
10/11/24 15:12:20;14880;0.9;180;62;750;362903225.8
10/11/24 15:12:25;14885;0.9;180;62;750;362903225.8
10/11/24 15:12:30;14890;0.9;180;62;757;362903225.8
10/11/24 15:12:35;14894.9;0.9;180;62;757;362903225.8
10/11/24 15:12:40;14900;0.9;180;62;709;362903225.8
10/11/24 15:12:45;14905.1;0.9;180;62;709;362903225.8
10/11/24 15:12:50;14911;0.9;180;62;717;362903225.8
10/11/24 15:12:55;14915.1;0.9;180;62;717;362903225.8
10/11/24 15:13:00;14919.9;0.9;180;62;715;362903225.8
10/11/24 15:13:05;14925;0.9;180;62;715;362903225.8
10/11/24 15:13:10;14930.1;0.9;180;62;711;362903225.8
10/11/24 15:13:15;14934.9;0.9;180;62;711;362903225.8
10/11/24 15:13:20;14940;0.9;180;62;709;362903225.8
10/11/24 15:13:25;14945.1;0.9;180;62;709;362903225.8
10/11/24 15:13:30;14950.4;0.9;180;62;719;362903225.8
10/11/24 15:13:35;14955.2;0.9;180;62;719;362903225.8
10/11/24 15:13:40;14960.3;0.9;180;62;711;362903225.8
10/11/24 15:13:45;14965.2;0.9;180;62;711;362903225.8
10/11/24 15:13:50;14971.1;0.9;180;62;715;362903225.8
10/11/24 15:13:55;14975.9;0.9;180;62;715;362903225.8
10/11/24 15:14:00;14980.4;0.9;180;62;717;362903225.8
10/11/24 15:14:05;14985.4;0.9;180;62;717;362903225.8
10/11/24 15:14:10;14990.1;0.9;180;62;714;362903225.8
10/11/24 15:14:15;14995.3;0.9;180;62;714;362903225.8
10/11/24 15:14:20;15000.5;1;200;62;706;403225806.5
10/11/24 15:14:25;15005.3;1;200;62;706;403225806.5
10/11/24 15:14:30;15010.2;1;200;62;707;403225806.5
10/11/24 15:14:35;15015.2;1;200;62;707;403225806.5
10/11/24 15:14:40;15020.2;1;200;62;715;403225806.5
10/11/24 15:14:45;15025.4;1;200;62;715;403225806.5
10/11/24 15:14:50;15031.2;1;200;62;703;403225806.5
10/11/24 15:14:55;15035.4;1;200;62;703;403225806.5
10/11/24 15:15:00;15040.3;1;200;62;704;403225806.5
10/11/24 15:15:05;15045.4;1;200;62;704;403225806.5
10/11/24 15:15:10;15050.3;1;200;62;701;403225806.5
10/11/24 15:15:15;15055.2;1;200;62;701;403225806.5
10/11/24 15:15:20;15060.4;1;200;62;708;403225806.5
10/11/24 15:15:25;15065.4;1;200;62;708;403225806.5
10/11/24 15:15:30;15070.4;1;200;62;702;403225806.5
10/11/24 15:15:35;15075.4;1;200;62;702;403225806.5
10/11/24 15:15:40;15080.5;1;200;62;712;403225806.5
10/11/24 15:15:45;15085.4;1;200;62;712;403225806.5
10/11/24 15:15:50;15091.3;1;200;62;713;403225806.5
10/11/24 15:15:55;15095.5;1;200;62;713;403225806.5
10/11/24 15:16:00;15100.4;1;200;62;716;403225806.5
10/11/24 15:16:05;15105.5;1;200;62;716;403225806.5
10/11/24 15:16:10;15110.5;1;200;62;708;403225806.5
10/11/24 15:16:15;15115.5;1;200;62;708;403225806.5
10/11/24 15:16:20;15120.5;1;200;62;706;403225806.5
10/11/24 15:16:25;15125.5;1;200;62;706;403225806.5
10/11/24 15:16:30;15130.5;1;200;62;708;403225806.5
10/11/24 15:16:35;15135.5;1;200;62;708;403225806.5
10/11/24 15:16:40;15140.5;1;200;62;708;403225806.5
10/11/24 15:16:45;15145.5;1;200;62;708;403225806.5
10/11/24 15:16:50;15151.4;1;200;160;715;156250000
10/11/24 15:16:55;15155.5;1;200;160;715;156250000
10/11/24 15:17:00;15160.7;1;200;160;712;156250000
10/11/24 15:17:05;15165.7;1;200;160;712;156250000
10/11/24 15:17:10;15170.6;1;200;160;709;156250000
10/11/24 15:17:15;15175.5;1;200;160;709;156250000
10/11/24 15:17:20;15180.6;1;200;160;706;156250000
10/11/24 15:17:25;15185.5;1;200;160;706;156250000
10/11/24 15:17:30;15190.6;1;200;160;707;156250000
10/11/24 15:17:35;15195.6;1;200;160;707;156250000
10/11/24 15:17:40;15200.6;1;200;160;753;156250000
10/11/24 15:17:45;15205.6;1;200;160;753;156250000
10/11/24 15:17:50;15211.4;1;200;160;751;156250000
10/11/24 15:17:55;15215.6;1;200;160;751;156250000
10/11/24 15:18:00;15220.6;1;200;160;756;156250000
10/11/24 15:18:05;15225.6;1;200;160;756;156250000
10/11/24 15:18:10;15230.6;1;200;160;755;156250000
10/11/24 15:18:15;15235.6;1;200;160;755;156250000
10/11/24 15:18:20;15240.6;1;200;160;752;156250000
10/11/24 15:18:25;15245.8;1;200;160;752;156250000
10/11/24 15:18:30;15250.7;1;200;160;753;156250000
10/11/24 15:18:35;15255.7;1;200;160;753;156250000
10/11/24 15:18:40;15260.7;1;200;160;756;156250000
10/11/24 15:18:45;15265.7;1;200;160;756;156250000
10/11/24 15:18:51;15271.5;1;200;160;755;156250000
10/11/24 15:18:56;15275.7;1;200;160;755;156250000
10/11/24 15:19:01;15280.7;1;200;160;746;156250000
10/11/24 15:19:06;15286.2;1;200;160;746;156250000
10/11/24 15:19:11;15290.8;1;200;160;752;156250000
10/11/24 15:19:16;15295.8;1;200;160;752;156250000
10/11/24 15:19:21;15300.7;1;200;640;750;39062500
10/11/24 15:19:26;15305.7;1;200;640;750;39062500
10/11/24 15:19:31;15310.7;1;200;640;759;39062500
10/11/24 15:19:36;15315.7;1;200;640;759;39062500
10/11/24 15:19:41;15320.6;1;200;640;753;39062500
10/11/24 15:19:46;15325.6;1;200;640;753;39062500
10/11/24 15:19:51;15331.8;1;200;640;743;39062500
10/11/24 15:19:56;15336;1;200;640;743;39062500
10/11/24 15:20:01;15340.9;1;200;640;747;39062500
10/11/24 15:20:06;15345.8;1;200;640;747;39062500
10/11/24 15:20:11;15350.8;1;200;640;729;39062500
10/11/24 15:20:16;15355.8;1;200;640;729;39062500
10/11/24 15:20:21;15360.9;1;200;640;727;39062500
10/11/24 15:20:26;15366.1;1;200;640;727;39062500
10/11/24 15:20:31;15371;1;200;640;732;39062500
10/11/24 15:20:36;15376.1;1;200;640;732;39062500
10/11/24 15:20:41;15381;1;200;640;733;39062500
10/11/24 15:20:46;15386;1;200;640;733;39062500
10/11/24 15:20:51;15391.6;1;200;640;736;39062500
10/11/24 15:20:56;15395.9;1;200;640;736;39062500
10/11/24 15:21:01;15401;1;200;640;729;39062500
10/11/24 15:21:06;15406;1;200;640;729;39062500
10/11/24 15:21:11;15411.1;1;200;640;720;39062500
10/11/24 15:21:16;15416.2;1;200;640;720;39062500
10/11/24 15:21:21;15421.2;1;200;640;733;39062500
10/11/24 15:21:26;15426.1;1;200;640;733;39062500
10/11/24 15:21:31;15431.1;1;200;640;732;39062500
10/11/24 15:21:36;15436.1;1;200;640;732;39062500
10/11/24 15:21:41;15441.2;1;200;640;726;39062500
10/11/24 15:21:46;15446.2;1;200;640;726;39062500
10/11/24 15:21:51;15452.2;1;200;1300;735;19230769.23
10/11/24 15:21:56;15456.2;1;200;1300;735;19230769.23
10/11/24 15:22:01;15461.2;1;200;1300;729;19230769.23
10/11/24 15:22:06;15466.2;1;200;1300;729;19230769.23
10/11/24 15:22:11;15471;1;200;1300;731;19230769.23
10/11/24 15:22:16;15476.1;1;200;1300;731;19230769.23
10/11/24 15:22:21;15481.1;1;200;1300;732;19230769.23
10/11/24 15:22:26;15486.2;1;200;1300;732;19230769.23
10/11/24 15:22:31;15491.3;1;200;1300;731;19230769.23
10/11/24 15:22:36;15496.3;1;200;1300;731;19230769.23
10/11/24 15:22:41;15501.3;1;200;1300;726;19230769.23
10/11/24 15:22:46;15506.3;1;200;1300;726;19230769.23
10/11/24 15:22:51;15512.2;1;200;1300;727;19230769.23
10/11/24 15:22:56;15516.2;1;200;1300;727;19230769.23
10/11/24 15:23:01;15521.2;1;200;1300;720;19230769.23
10/11/24 15:23:06;15526.3;1;200;1300;720;19230769.23
10/11/24 15:23:11;15531.3;1;200;1300;722;19230769.23
10/11/24 15:23:16;15536.3;1;200;1300;722;19230769.23
10/11/24 15:23:21;15541.3;1;200;1300;729;19230769.23
10/11/24 15:23:26;15546.3;1;200;1300;729;19230769.23
10/11/24 15:23:31;15551.3;1;200;1300;725;19230769.23
10/11/24 15:23:36;15556.3;1;200;1300;725;19230769.23
10/11/24 15:23:41;15561.2;1;200;1300;719;19230769.23
10/11/24 15:23:46;15566.2;1;200;1300;719;19230769.23
10/11/24 15:23:51;15572.2;1;200;1300;714;19230769.23
10/11/24 15:23:56;15576.3;1;200;1300;714;19230769.23
10/11/24 15:24:01;15581.4;1;200;1300;735;19230769.23
10/11/24 15:24:06;15586.4;1;200;1300;735;19230769.23
10/11/24 15:24:11;15591.4;1;200;1300;724;19230769.23
10/11/24 15:24:16;15596.4;1;200;1300;724;19230769.23
10/11/24 15:24:21;15601.4;1;200;1500;726;16666666.67
10/11/24 15:24:26;15606.4;1;200;1500;726;16666666.67
10/11/24 15:24:31;15611.4;1;200;1500;716;16666666.67
10/11/24 15:24:36;15616.2;1;200;1500;716;16666666.67
10/11/24 15:24:41;15621.4;1;200;1500;722;16666666.67
10/11/24 15:24:46;15626.4;1;200;1500;722;16666666.67
10/11/24 15:24:51;15632.4;1;200;1500;720;16666666.67
10/11/24 15:24:56;15636.4;1;200;1500;720;16666666.67
10/11/24 15:25:01;15641.5;1;200;1500;724;16666666.67
10/11/24 15:25:06;15646.4;1;200;1500;724;16666666.67
10/11/24 15:25:11;15651.4;1;200;1500;730;16666666.67
10/11/24 15:25:16;15656.3;1;200;1500;730;16666666.67
10/11/24 15:25:21;15661.4;1;200;1500;729;16666666.67
10/11/24 15:25:26;15666.5;1;200;1500;729;16666666.67
10/11/24 15:25:31;15671.5;1;200;1500;725;16666666.67
10/11/24 15:25:36;15676.5;1;200;1500;725;16666666.67
10/11/24 15:25:41;15681.5;1;200;1500;725;16666666.67
10/11/24 15:25:46;15686.5;1;200;1500;725;16666666.67
10/11/24 15:25:51;15692.4;1;200;1500;729;16666666.67
10/11/24 15:25:56;15696.4;1;200;1500;729;16666666.67
10/11/24 15:26:01;15701.4;1;200;1500;725;16666666.67
10/11/24 15:26:06;15706.6;1;200;1500;725;16666666.67
10/11/24 15:26:11;15711.6;1;200;1500;723;16666666.67
10/11/24 15:26:16;15716.6;1;200;1500;723;16666666.67
10/11/24 15:26:21;15721.5;1;200;1500;727;16666666.67
10/11/24 15:26:26;15726.5;1;200;1500;727;16666666.67
10/11/24 15:26:31;15731.5;1;200;1500;715;16666666.67
10/11/24 15:26:36;15736.7;1;200;1500;715;16666666.67
10/11/24 15:26:41;15741.7;1;200;1500;713;16666666.67
10/11/24 15:26:46;15746.8;1;200;1500;713;16666666.67
10/11/24 15:26:51;15752.3;1;200;1500;720;16666666.67
10/11/24 15:26:56;15756.7;1;200;1500;720;16666666.67
10/11/24 15:27:01;15761.8;1;200;1500;728;16666666.67
10/11/24 15:27:06;15766.7;1;200;1500;728;16666666.67
10/11/24 15:27:11;15771.7;1;200;1500;719;16666666.67
10/11/24 15:27:16;15776.8;1;200;1500;719;16666666.67
10/11/24 15:27:21;15781.8;1;200;1500;713;16666666.67
10/11/24 15:27:26;15786.8;1;200;1500;713;16666666.67
10/11/24 15:27:31;15791.8;1;200;1500;720;16666666.67
10/11/24 15:27:36;15796.8;1;200;1500;720;16666666.67
10/11/24 15:27:41;15801.8;1;200;1500;720;16666666.67
10/11/24 15:27:46;15806.7;1;200;1500;720;16666666.67
10/11/24 15:27:51;15812.7;1;200;1500;721;16666666.67
10/11/24 15:27:56;15816.6;1;200;1500;721;16666666.67
10/11/24 15:28:01;15821.8;1;200;1500;714;16666666.67
10/11/24 15:28:07;15826.9;1;200;1500;714;16666666.67
10/11/24 15:28:12;15831.9;1;200;1500;723;16666666.67
10/11/24 15:28:17;15836.9;1;200;1500;723;16666666.67
10/11/24 15:28:22;15841.9;1;200;1500;718;16666666.67
10/11/24 15:28:27;15846.9;1;200;1500;718;16666666.67
10/11/24 15:28:32;15851.8;1;200;1500;716;16666666.67
10/11/24 15:28:37;15856.9;1;200;1500;716;16666666.67
10/11/24 15:28:42;15861.8;1;200;1500;713;16666666.67
10/11/24 15:28:47;15866.9;1;200;1500;713;16666666.67
10/11/24 15:28:52;15872.4;1;200;1500;727;16666666.67
10/11/24 15:28:57;15876.9;1;200;1500;727;16666666.67
10/11/24 15:29:02;15881.8;1;200;1500;725;16666666.67
10/11/24 15:29:07;15887.1;1;200;1500;725;16666666.67
10/11/24 15:29:12;15891.9;1;200;1500;716;16666666.67
10/11/24 15:29:17;15896.9;1;200;1500;716;16666666.67
10/11/24 15:29:22;15902;1;200;1300;719;19230769.23
10/11/24 15:29:27;15906.9;1;200;1300;719;19230769.23
10/11/24 15:29:32;15912;1;200;1300;722;19230769.23
10/11/24 15:29:37;15917;1;200;1300;722;19230769.23
10/11/24 15:29:42;15922;1;200;1300;718;19230769.23
10/11/24 15:29:47;15927;1;200;1300;718;19230769.23
10/11/24 15:29:52;15932.5;1;200;1300;725;19230769.23
10/11/24 15:29:57;15937;1;200;1300;725;19230769.23
10/11/24 15:30:02;15941.9;1;200;1300;724;19230769.23
10/11/24 15:30:07;15946.9;1;200;1300;724;19230769.23
10/11/24 15:30:12;15951.9;1;200;1300;720;19230769.23
10/11/24 15:30:17;15957;1;200;1300;720;19230769.23
10/11/24 15:30:22;15962.2;1;200;1300;727;19230769.23
10/11/24 15:30:27;15967;1;200;1300;727;19230769.23
10/11/24 15:30:32;15972;1;200;1300;722;19230769.23
10/11/24 15:30:37;15977.1;1;200;1300;722;19230769.23
10/11/24 15:30:42;15982;1;200;1300;723;19230769.23
10/11/24 15:30:47;15987.1;1;200;1300;723;19230769.23
10/11/24 15:30:52;15993;1;200;1300;714;19230769.23
10/11/24 15:30:57;15997.1;1;200;1300;714;19230769.23
10/11/24 15:31:02;16001.9;1;200;1300;726;19230769.23
10/11/24 15:31:07;16007.1;1;200;1300;726;19230769.23
10/11/24 15:31:12;16012.1;1;200;1300;720;19230769.23
10/11/24 15:31:17;16017.1;1;200;1300;720;19230769.23
10/11/24 15:31:22;16022.1;1;200;1300;721;19230769.23
10/11/24 15:31:27;16027.1;1;200;1300;721;19230769.23
10/11/24 15:31:32;16032.1;1;200;1300;727;19230769.23
10/11/24 15:31:37;16037.1;1;200;1300;727;19230769.23
10/11/24 15:31:42;16042.1;1;200;1300;728;19230769.23
10/11/24 15:31:47;16047.3;1;200;1300;728;19230769.23
10/11/24 15:31:52;16052.6;1;200;640;724;39062500
10/11/24 15:31:57;16057.1;1;200;640;724;39062500
10/11/24 15:32:02;16062.2;1;200;640;720;39062500
10/11/24 15:32:07;16067.2;1;200;640;720;39062500
10/11/24 15:32:12;16072.3;1;200;640;725;39062500
10/11/24 15:32:17;16077.1;1;200;640;725;39062500
10/11/24 15:32:22;16082.2;1;200;640;725;39062500
10/11/24 15:32:27;16087.2;1;200;640;725;39062500
10/11/24 15:32:32;16092.2;1;200;640;722;39062500
10/11/24 15:32:37;16097.2;1;200;640;722;39062500
10/11/24 15:32:42;16102.4;1;200;640;731;39062500
10/11/24 15:32:47;16107.4;1;200;640;731;39062500
10/11/24 15:32:52;16112.9;1;200;640;730;39062500
10/11/24 15:32:57;16117.2;1;200;640;730;39062500
10/11/24 15:33:02;16122.2;1;200;640;722;39062500
10/11/24 15:33:07;16127.2;1;200;640;722;39062500
10/11/24 15:33:12;16132.3;1;200;640;720;39062500
10/11/24 15:33:17;16137.2;1;200;640;720;39062500
10/11/24 15:33:22;16142.2;1;200;640;734;39062500
10/11/24 15:33:27;16147.4;1;200;640;734;39062500
10/11/24 15:33:32;16152.5;1;200;640;734;39062500
10/11/24 15:33:37;16157.5;1;200;640;734;39062500
10/11/24 15:33:42;16162.3;1;200;640;731;39062500
10/11/24 15:33:47;16167.3;1;200;640;731;39062500
10/11/24 15:33:52;16172.9;1;200;640;743;39062500
10/11/24 15:33:57;16177.3;1;200;640;743;39062500
10/11/24 15:34:02;16182.5;1;200;640;726;39062500
10/11/24 15:34:07;16187.4;1;200;640;726;39062500
10/11/24 15:34:12;16192.4;1;200;640;730;39062500
10/11/24 15:34:17;16197.4;1;200;640;730;39062500
10/11/24 15:34:22;16202.5;1;200;160;733;156250000
10/11/24 15:34:27;16207.7;1;200;160;733;156250000
10/11/24 15:34:32;16212.3;1;200;160;728;156250000
10/11/24 15:34:37;16217.3;1;200;160;728;156250000
10/11/24 15:34:42;16222.3;1;200;160;729;156250000
10/11/24 15:34:47;16227.6;1;200;160;729;156250000
10/11/24 15:34:52;16233;1;200;160;735;156250000
10/11/24 15:34:57;16237.5;1;200;160;735;156250000
10/11/24 15:35:02;16242.5;1;200;160;731;156250000
10/11/24 15:35:07;16247.6;1;200;160;731;156250000
10/11/24 15:35:12;16252.6;1;200;160;753;156250000
10/11/24 15:35:17;16257.4;1;200;160;753;156250000
10/11/24 15:35:22;16262.4;1;200;160;749;156250000
10/11/24 15:35:27;16267.6;1;200;160;749;156250000
10/11/24 15:35:32;16272.6;1;200;160;748;156250000
10/11/24 15:35:37;16277.6;1;200;160;748;156250000
10/11/24 15:35:42;16282.5;1;200;160;755;156250000
10/11/24 15:35:47;16287.4;1;200;160;755;156250000
10/11/24 15:35:52;16293;1;200;160;751;156250000
10/11/24 15:35:57;16297.6;1;200;160;751;156250000
10/11/24 15:36:02;16302.6;1;200;160;750;156250000
10/11/24 15:36:07;16307.6;1;200;160;750;156250000
10/11/24 15:36:12;16312.7;1;200;160;755;156250000
10/11/24 15:36:17;16317.7;1;200;160;755;156250000
10/11/24 15:36:22;16322.5;1;200;160;760;156250000
10/11/24 15:36:27;16327.6;1;200;160;760;156250000
10/11/24 15:36:32;16332.6;1;200;160;757;156250000
10/11/24 15:36:37;16337.7;1;200;160;757;156250000
10/11/24 15:36:42;16342.7;1;200;160;756;156250000
10/11/24 15:36:47;16347.8;1;200;160;756;156250000
10/11/24 15:36:52;16353.1;1;200;62;752;403225806.5
10/11/24 15:36:57;16357.7;1;200;62;752;403225806.5
10/11/24 15:37:02;16362.8;1;200;62;756;403225806.5
10/11/24 15:37:07;16367.7;1;200;62;756;403225806.5
10/11/24 15:37:12;16372.6;1;200;62;753;403225806.5
10/11/24 15:37:17;16377.8;1;200;62;753;403225806.5
10/11/24 15:37:22;16382.7;1;200;62;758;403225806.5
10/11/24 15:37:27;16387.8;1;200;62;758;403225806.5
10/11/24 15:37:32;16392.8;1;200;62;752;403225806.5
10/11/24 15:37:37;16397.9;1;200;62;752;403225806.5
10/11/24 15:37:42;16402.8;1;200;62;708;403225806.5
10/11/24 15:37:48;16407.8;1;200;62;708;403225806.5
10/11/24 15:37:53;16413.2;1;200;62;717;403225806.5
10/11/24 15:37:58;16417.7;1;200;62;717;403225806.5
10/11/24 15:38:03;16422.8;1;200;62;709;403225806.5
10/11/24 15:38:08;16427.8;1;200;62;709;403225806.5
10/11/24 15:38:13;16432.7;1;200;62;715;403225806.5
10/11/24 15:38:18;16437.8;1;200;62;715;403225806.5
10/11/24 15:38:23;16442.8;1;200;62;719;403225806.5
10/11/24 15:38:28;16447.8;1;200;62;719;403225806.5
10/11/24 15:38:33;16452.8;1;200;62;714;403225806.5
10/11/24 15:38:38;16457.8;1;200;62;714;403225806.5
10/11/24 15:38:43;16462.9;1;200;62;708;403225806.5
10/11/24 15:38:48;16467.8;1;200;62;708;403225806.5
10/11/24 15:38:53;16473.4;1;200;62;713;403225806.5
10/11/24 15:38:58;16477.9;1;200;62;713;403225806.5
10/11/24 15:39:03;16482.9;1;200;62;718;403225806.5
10/11/24 15:39:08;16487.9;1;200;62;718;403225806.5
10/11/24 15:39:13;16492.9;1;200;62;701;403225806.5
10/11/24 15:39:18;16497.9;1;200;62;701;403225806.5
10/11/24 15:39:23;16503.1;1;200;62;713;403225806.5
10/11/24 15:39:28;16507.8;1;200;62;713;403225806.5
10/11/24 15:39:33;16512.9;1;200;62;718;403225806.5
10/11/24 15:39:38;16517.9;1;200;62;718;403225806.5
10/11/24 15:39:43;16522.9;1;200;62;709;403225806.5
10/11/24 15:39:48;16527.9;1;200;62;709;403225806.5
10/11/24 15:39:53;16533.5;1;200;62;708;403225806.5
10/11/24 15:39:58;16538.1;1;200;62;708;403225806.5
10/11/24 15:40:03;16542.9;1;200;62;712;403225806.5
10/11/24 15:40:08;16548;1;200;62;712;403225806.5
10/11/24 15:40:13;16553;1;200;62;705;403225806.5
10/11/24 15:40:18;16558.1;1;200;62;705;403225806.5
10/11/24 15:40:23;16563.1;1;200;62;718;403225806.5
10/11/24 15:40:28;16568;1;200;62;718;403225806.5
10/11/24 15:40:33;16573;1;200;62;710;403225806.5
10/11/24 15:40:38;16578;1;200;62;710;403225806.5
10/11/24 15:40:43;16583;1;200;62;704;403225806.5
10/11/24 15:40:48;16588;1;200;62;704;403225806.5
10/11/24 15:40:53;16593.5;1;200;62;709;403225806.5
10/11/24 15:40:58;16598;1;200;62;709;403225806.5
10/11/24 15:41:03;16603;1;200;62;709;403225806.5
10/11/24 15:41:08;16608.3;1;200;62;709;403225806.5
10/11/24 15:41:13;16613.4;1;200;62;708;403225806.5
10/11/24 15:41:18;16618.3;1;200;62;708;403225806.5
10/11/24 15:41:23;16623.3;1;200;62;706;403225806.5
10/11/24 15:41:28;16628.2;1;200;62;706;403225806.5
10/11/24 15:41:33;16633.1;1;200;62;709;403225806.5
10/11/24 15:41:38;16638.1;1;200;62;709;403225806.5
10/11/24 15:41:43;16643.1;1;200;62;716;403225806.5
10/11/24 15:41:48;16648.1;1;200;62;716;403225806.5
10/11/24 15:41:53;16653.7;1;200;160;717;156250000
10/11/24 15:41:58;16658.2;1;200;160;717;156250000
10/11/24 15:42:03;16663.3;1;200;160;709;156250000
10/11/24 15:42:08;16668.1;1;200;160;709;156250000
10/11/24 15:42:13;16673.2;1;200;160;714;156250000
10/11/24 15:42:18;16678.1;1;200;160;714;156250000
10/11/24 15:42:23;16683.1;1;200;160;704;156250000
10/11/24 15:42:28;16688.1;1;200;160;704;156250000
10/11/24 15:42:33;16693.1;1;200;160;738;156250000
10/11/24 15:42:38;16698.2;1;200;160;738;156250000
10/11/24 15:42:43;16703.4;1;200;160;754;156250000
10/11/24 15:42:48;16708.3;1;200;160;754;156250000
10/11/24 15:42:53;16713.7;1;200;160;762;156250000
10/11/24 15:42:58;16718.3;1;200;160;762;156250000
10/11/24 15:43:03;16723.2;1;200;160;749;156250000
10/11/24 15:43:08;16728.2;1;200;160;749;156250000
10/11/24 15:43:13;16733.2;1;200;160;746;156250000
10/11/24 15:43:18;16738.3;1;200;160;746;156250000
10/11/24 15:43:23;16743.3;1;200;160;750;156250000
10/11/24 15:43:28;16748.2;1;200;160;750;156250000
10/11/24 15:43:33;16753.3;1;200;160;746;156250000
10/11/24 15:43:38;16758.3;1;200;160;746;156250000
10/11/24 15:43:43;16763.3;1;200;160;751;156250000
10/11/24 15:43:48;16768.2;1;200;160;751;156250000
10/11/24 15:43:53;16773.7;1;200;160;758;156250000
10/11/24 15:43:58;16778.4;1;200;160;758;156250000
10/11/24 15:44:03;16783.4;1;200;160;748;156250000
10/11/24 15:44:08;16788.4;1;200;160;748;156250000
10/11/24 15:44:13;16793.4;1;200;160;746;156250000
10/11/24 15:44:18;16798.4;1;200;160;746;156250000
10/11/24 15:44:23;16803.4;1;200;640;764;39062500
10/11/24 15:44:28;16808.4;1;200;640;764;39062500
10/11/24 15:44:33;16813.5;1;200;640;758;39062500
10/11/24 15:44:38;16818.5;1;200;640;758;39062500
10/11/24 15:44:43;16823.5;1;200;640;751;39062500
10/11/24 15:44:48;16828.4;1;200;640;751;39062500
10/11/24 15:44:53;16833.4;1;200;640;752;39062500
10/11/24 15:44:58;16838.5;1;200;640;752;39062500
10/11/24 15:45:03;16843.4;1;200;640;752;39062500
10/11/24 15:45:08;16848.4;1;200;640;752;39062500
10/11/24 15:45:13;16853.5;1;200;640;737;39062500
10/11/24 15:45:18;16858.5;1;200;640;737;39062500
10/11/24 15:45:23;16863.7;1;200;640;729;39062500
10/11/24 15:45:28;16868.6;1;200;640;729;39062500
10/11/24 15:45:33;16873.5;1;200;640;726;39062500
10/11/24 15:45:38;16878.5;1;200;640;726;39062500
10/11/24 15:45:43;16883.5;1;200;640;727;39062500
10/11/24 15:45:48;16888.7;1;200;640;727;39062500
10/11/24 15:45:53;16893.7;1;200;640;735;39062500
10/11/24 15:45:58;16898.7;1;200;640;735;39062500
10/11/24 15:46:03;16903.6;1;200;640;734;39062500
10/11/24 15:46:08;16908.7;1;200;640;734;39062500
10/11/24 15:46:13;16913.5;1;200;640;740;39062500
10/11/24 15:46:18;16918.5;1;200;640;740;39062500
10/11/24 15:46:23;16923.5;1;200;640;734;39062500
10/11/24 15:46:28;16928.5;1;200;640;734;39062500
10/11/24 15:46:33;16933.7;1;200;640;729;39062500
10/11/24 15:46:38;16938.8;1;200;640;729;39062500
10/11/24 15:46:43;16943.8;1;200;640;730;39062500
10/11/24 15:46:48;16948.8;1;200;640;730;39062500
10/11/24 15:46:53;16953.8;1;200;1300;731;19230769.23
10/11/24 15:46:58;16958.6;1;200;1300;731;19230769.23
10/11/24 15:47:03;16964;1;200;1300;729;19230769.23
10/11/24 15:47:08;16968.8;1;200;1300;729;19230769.23
10/11/24 15:47:13;16973.8;1;200;1300;729;19230769.23
10/11/24 15:47:19;16978.8;1;200;1300;729;19230769.23
10/11/24 15:47:24;16983.8;1;200;1300;727;19230769.23
10/11/24 15:47:29;16988.8;1;200;1300;727;19230769.23
10/11/24 15:47:34;16993.8;1;200;1300;726;19230769.23
10/11/24 15:47:39;16998.8;1;200;1300;726;19230769.23
10/11/24 15:47:44;17003.8;1;200;1300;723;19230769.23
10/11/24 15:47:49;17008.8;1;200;1300;723;19230769.23
10/11/24 15:47:54;17013.8;1;200;1300;718;19230769.23
10/11/24 15:47:59;17018.8;1;200;1300;718;19230769.23
10/11/24 15:48:04;17023.8;1;200;1300;729;19230769.23
10/11/24 15:48:09;17028.9;1;200;1300;729;19230769.23
10/11/24 15:48:14;17033.9;1;200;1300;716;19230769.23
10/11/24 15:48:19;17038.8;1;200;1300;716;19230769.23
10/11/24 15:48:24;17043.9;1;200;1300;717;19230769.23
10/11/24 15:48:29;17048.9;1;200;1300;717;19230769.23
10/11/24 15:48:34;17053.9;1;200;1300;723;19230769.23
10/11/24 15:48:39;17058.9;1;200;1300;723;19230769.23
10/11/24 15:48:44;17063.9;1;200;1300;726;19230769.23
10/11/24 15:48:49;17068.8;1;200;1300;726;19230769.23
10/11/24 15:48:54;17073.9;1;200;1300;724;19230769.23
10/11/24 15:48:59;17078.9;1;200;1300;724;19230769.23
10/11/24 15:49:04;17084;1;200;1300;723;19230769.23
10/11/24 15:49:09;17088.9;1;200;1300;723;19230769.23
10/11/24 15:49:14;17093.9;1;200;1300;723;19230769.23
10/11/24 15:49:19;17098.9;1;200;1300;723;19230769.23
10/11/24 15:49:24;17104.3;1;200;1500;719;16666666.67
10/11/24 15:49:29;17109.3;1;200;1500;719;16666666.67
10/11/24 15:49:34;17114.1;1;200;1500;728;16666666.67
10/11/24 15:49:39;17119.1;1;200;1500;728;16666666.67
10/11/24 15:49:44;17124;1;200;1500;728;16666666.67
10/11/24 15:49:49;17129;1;200;1500;728;16666666.67
10/11/24 15:49:54;17134;1;200;1500;719;16666666.67
10/11/24 15:49:59;17139;1;200;1500;719;16666666.67
10/11/24 15:50:04;17144;1;200;1500;721;16666666.67
10/11/24 15:50:09;17149.1;1;200;1500;721;16666666.67
10/11/24 15:50:14;17154.1;1;200;1500;726;16666666.67
10/11/24 15:50:19;17159.1;1;200;1500;726;16666666.67
10/11/24 15:50:24;17164.1;1;200;1500;729;16666666.67
10/11/24 15:50:29;17169;1;200;1500;729;16666666.67
10/11/24 15:50:34;17174;1;200;1500;715;16666666.67
10/11/24 15:50:39;17179;1;200;1500;715;16666666.67
10/11/24 15:50:44;17184.1;1;200;1500;723;16666666.67
10/11/24 15:50:49;17189;1;200;1500;723;16666666.67
10/11/24 15:50:54;17194.2;1;200;1500;730;16666666.67
10/11/24 15:50:59;17199.2;1;200;1500;730;16666666.67
10/11/24 15:51:04;17204.2;1;200;1500;732;16666666.67
10/11/24 15:51:09;17209.1;1;200;1500;732;16666666.67
10/11/24 15:51:14;17214.1;1;200;1500;721;16666666.67
10/11/24 15:51:19;17219.1;1;200;1500;721;16666666.67
10/11/24 15:51:24;17224.1;1;200;1500;725;16666666.67
10/11/24 15:51:29;17229.4;1;200;1500;725;16666666.67
10/11/24 15:51:34;17234.4;1;200;1500;727;16666666.67
10/11/24 15:51:39;17239.3;1;200;1500;727;16666666.67
10/11/24 15:51:44;17244.2;1;200;1500;718;16666666.67
10/11/24 15:51:49;17249.2;1;200;1500;718;16666666.67
10/11/24 15:51:54;17254.2;1;200;1500;716;16666666.67
10/11/24 15:51:59;17259.1;1;200;1500;716;16666666.67
10/11/24 15:52:04;17264.2;1;200;1500;719;16666666.67
10/11/24 15:52:09;17269.3;1;200;1500;719;16666666.67
10/11/24 15:52:14;17274.5;1;200;1500;719;16666666.67
10/11/24 15:52:19;17279.5;1;200;1500;719;16666666.67
10/11/24 15:52:24;17284.5;1;200;1500;722;16666666.67
10/11/24 15:52:29;17289.3;1;200;1500;722;16666666.67
10/11/24 15:52:34;17294.4;1;200;1500;729;16666666.67
10/11/24 15:52:39;17299.3;1;200;1500;729;16666666.67
10/11/24 15:52:44;17304.5;1;200;1500;723;16666666.67
10/11/24 15:52:49;17309.5;1;200;1500;723;16666666.67
10/11/24 15:52:54;17314.5;1;200;1500;720;16666666.67
10/11/24 15:52:59;17319.5;1;200;1500;720;16666666.67
10/11/24 15:53:04;17324.3;1;200;1500;726;16666666.67
10/11/24 15:53:09;17329.6;1;200;1500;726;16666666.67
10/11/24 15:53:14;17334.3;1;200;1500;727;16666666.67
10/11/24 15:53:19;17339.4;1;200;1500;727;16666666.67
10/11/24 15:53:24;17344.4;1;200;1500;729;16666666.67
10/11/24 15:53:29;17349.7;1;200;1500;729;16666666.67
10/11/24 15:53:34;17354.6;1;200;1500;719;16666666.67
10/11/24 15:53:39;17359.7;1;200;1500;719;16666666.67
10/11/24 15:53:44;17364.6;1;200;1500;725;16666666.67
10/11/24 15:53:49;17369.7;1;200;1500;725;16666666.67
10/11/24 15:53:54;17374.4;1;200;1500;729;16666666.67
10/11/24 15:53:59;17379.5;1;200;1500;729;16666666.67
10/11/24 15:54:04;17384.5;1;200;1500;732;16666666.67
10/11/24 15:54:09;17389.6;1;200;1500;732;16666666.67
10/11/24 15:54:14;17394.6;1;200;1500;718;16666666.67
10/11/24 15:54:19;17399.5;1;200;1500;718;16666666.67
10/11/24 15:54:24;17404.7;1;200;1300;725;19230769.23
10/11/24 15:54:29;17409.6;1;200;1300;725;19230769.23
10/11/24 15:54:34;17414.6;1;200;1300;728;19230769.23
10/11/24 15:54:39;17419.9;1;200;1300;728;19230769.23
10/11/24 15:54:44;17424.6;1;200;1300;722;19230769.23
10/11/24 15:54:49;17429.6;1;200;1300;722;19230769.23
10/11/24 15:54:54;17434.9;1;200;1300;729;19230769.23
10/11/24 15:54:59;17439.7;1;200;1300;729;19230769.23
10/11/24 15:55:04;17444.7;1;200;1300;721;19230769.23
10/11/24 15:55:09;17449.7;1;200;1300;721;19230769.23
10/11/24 15:55:14;17454.7;1;200;1300;726;19230769.23
10/11/24 15:55:19;17459.7;1;200;1300;726;19230769.23
10/11/24 15:55:24;17464.6;1;200;1300;727;19230769.23
10/11/24 15:55:29;17469.6;1;200;1300;727;19230769.23
10/11/24 15:55:34;17474.7;1;200;1300;721;19230769.23
10/11/24 15:55:39;17479.7;1;200;1300;721;19230769.23
10/11/24 15:55:44;17484.8;1;200;1300;735;19230769.23
10/11/24 15:55:49;17489.8;1;200;1300;735;19230769.23
10/11/24 15:55:54;17494.7;1;200;1300;727;19230769.23
10/11/24 15:56:00;17499.8;1;200;1300;727;19230769.23
10/11/24 15:56:05;17504.8;1;200;1300;716;19230769.23
10/11/24 15:56:10;17509.7;1;200;1300;716;19230769.23
10/11/24 15:56:15;17514.7;1;200;1300;730;19230769.23
10/11/24 15:56:20;17519.9;1;200;1300;730;19230769.23
10/11/24 15:56:25;17524.9;1;200;1300;725;19230769.23
10/11/24 15:56:30;17529.8;1;200;1300;725;19230769.23
10/11/24 15:56:35;17534.8;1;200;1300;721;19230769.23
10/11/24 15:56:40;17539.8;1;200;1300;721;19230769.23
10/11/24 15:56:45;17544.8;1;200;1300;725;19230769.23
10/11/24 15:56:50;17549.9;1;200;1300;725;19230769.23
10/11/24 15:56:55;17554.9;1;200;640;722;39062500
10/11/24 15:57:00;17559.9;1;200;640;722;39062500
10/11/24 15:57:05;17565.1;1;200;640;716;39062500
10/11/24 15:57:10;17570;1;200;640;716;39062500
10/11/24 15:57:15;17574.9;1;200;640;717;39062500
10/11/24 15:57:20;17579.9;1;200;640;717;39062500
10/11/24 15:57:25;17585.1;1;200;640;727;39062500
10/11/24 15:57:30;17590.2;1;200;640;727;39062500
10/11/24 15:57:35;17595.1;1;200;640;719;39062500
10/11/24 15:57:40;17600.1;1;200;640;719;39062500
10/11/24 15:57:45;17605.3;1;200;640;727;39062500
10/11/24 15:57:50;17610.2;1;200;640;727;39062500
10/11/24 15:57:55;17615;1;200;640;737;39062500
10/11/24 15:58:00;17619.9;1;200;640;737;39062500
10/11/24 15:58:05;17625;1;200;640;730;39062500
10/11/24 15:58:10;17630;1;200;640;730;39062500
10/11/24 15:58:15;17635.3;1;200;640;733;39062500
10/11/24 15:58:20;17640.1;1;200;640;733;39062500
10/11/24 15:58:25;17645.1;1;200;640;734;39062500
10/11/24 15:58:30;17650.2;1;200;640;734;39062500
10/11/24 15:58:35;17655.1;1;200;640;724;39062500
10/11/24 15:58:40;17660.1;1;200;640;724;39062500
10/11/24 15:58:45;17665.1;1;200;640;732;39062500
10/11/24 15:58:50;17670.2;1;200;640;732;39062500
10/11/24 15:58:55;17675.3;1;200;640;722;39062500
10/11/24 15:59:00;17680;1;200;640;722;39062500
10/11/24 15:59:05;17685.2;1;200;640;731;39062500
10/11/24 15:59:10;17690.2;1;200;640;731;39062500
10/11/24 15:59:15;17695.2;1;200;640;735;39062500
10/11/24 15:59:20;17700.2;1;200;160;735;156250000
10/11/24 15:59:25;17705;1;200;160;735;156250000
10/11/24 15:59:30;17710.2;1;200;160;735;156250000
10/11/24 15:59:35;17715.1;1;200;160;736;156250000
10/11/24 15:59:40;17720.1;1;200;160;736;156250000
10/11/24 15:59:45;17725.1;1;200;160;725;156250000
10/11/24 15:59:50;17730.2;1;200;160;725;156250000
10/11/24 15:59:55;17735.2;1;200;160;733;156250000
10/11/24 16:00:00;17740.3;1;200;160;733;156250000
10/11/24 16:00:05;17745.3;1;200;160;728;156250000
10/11/24 16:00:10;17750.3;1;200;160;728;156250000
10/11/24 16:00:15;17755.2;1;200;160;751;156250000
10/11/24 16:00:20;17760.2;1;200;160;751;156250000
10/11/24 16:00:25;17765.2;1;200;160;754;156250000
10/11/24 16:00:30;17770.2;1;200;160;754;156250000
10/11/24 16:00:35;17775.3;1;200;160;757;156250000
10/11/24 16:00:40;17780.4;1;200;160;757;156250000
10/11/24 16:00:45;17785.3;1;200;160;753;156250000
10/11/24 16:00:50;17790.3;1;200;160;753;156250000
10/11/24 16:00:55;17795.3;1;200;160;757;156250000
10/11/24 16:01:00;17800.2;1;200;160;757;156250000
10/11/24 16:01:05;17805.2;1;200;160;748;156250000
10/11/24 16:01:10;17810.2;1;200;160;748;156250000
10/11/24 16:01:15;17815.2;1;200;160;756;156250000
10/11/24 16:01:20;17820.4;1;200;160;756;156250000
10/11/24 16:01:25;17825.4;1;200;160;753;156250000
10/11/24 16:01:30;17830.4;1;200;160;753;156250000
10/11/24 16:01:35;17835.4;1;200;160;759;156250000
10/11/24 16:01:40;17840.4;1;200;160;759;156250000
10/11/24 16:01:45;17845.3;1;200;160;761;156250000
10/11/24 16:01:50;17850.4;1;200;62;761;403225806.5
10/11/24 16:01:55;17855.4;1;200;62;758;403225806.5
10/11/24 16:02:00;17860.5;1;200;62;758;403225806.5
10/11/24 16:02:05;17865.4;1;200;62;751;403225806.5
10/11/24 16:02:10;17870.4;1;200;62;751;403225806.5
10/11/24 16:02:15;17875.4;1;200;62;752;403225806.5
10/11/24 16:02:20;17880.4;1;200;62;752;403225806.5
10/11/24 16:02:25;17885.2;1;200;62;753;403225806.5
10/11/24 16:02:30;17890.3;1;200;62;753;403225806.5
10/11/24 16:02:35;17895.5;1;200;62;736;403225806.5
10/11/24 16:02:40;17900.5;1;200;62;736;403225806.5
10/11/24 16:02:45;17905.5;1;200;62;721;403225806.5
10/11/24 16:02:50;17910.5;1;200;62;721;403225806.5
10/11/24 16:02:55;17915.5;1;200;62;716;403225806.5
10/11/24 16:03:00;17920.6;1;200;62;716;403225806.5
10/11/24 16:03:05;17925.5;1;200;62;710;403225806.5
10/11/24 16:03:10;17930.5;1;200;62;710;403225806.5
10/11/24 16:03:15;17935.5;1;200;62;712;403225806.5
10/11/24 16:03:20;17940.5;1;200;62;712;403225806.5
10/11/24 16:03:25;17945.5;1;200;62;707;403225806.5
10/11/24 16:03:30;17950.6;1;200;62;707;403225806.5
10/11/24 16:03:35;17955.5;1;200;62;712;403225806.5
10/11/24 16:03:40;17960.5;1;200;62;712;403225806.5
10/11/24 16:03:45;17965.5;1;200;62;716;403225806.5
10/11/24 16:03:50;17970.8;1;200;62;716;403225806.5
10/11/24 16:03:55;17975.5;1;200;62;713;403225806.5
10/11/24 16:04:00;17980.5;1;200;62;713;403225806.5
10/11/24 16:04:05;17985.6;1;200;62;715;403225806.5
10/11/24 16:04:10;17990.6;1;200;62;715;403225806.5
10/11/24 16:04:15;17995.6;1;200;62;709;403225806.5
10/11/24 16:04:20;18000.6;0.9;180;62;709;362903225.8
10/11/24 16:04:25;18005.8;0.9;180;62;713;362903225.8
10/11/24 16:04:30;18010.7;0.9;180;62;713;362903225.8
10/11/24 16:04:35;18015.8;0.9;180;62;714;362903225.8
10/11/24 16:04:40;18020.6;0.9;180;62;714;362903225.8
10/11/24 16:04:45;18025.6;0.9;180;62;713;362903225.8
10/11/24 16:04:50;18030.6;0.9;180;62;713;362903225.8
10/11/24 16:04:55;18035.6;0.9;180;62;700;362903225.8
10/11/24 16:05:00;18040.6;0.9;180;62;700;362903225.8
10/11/24 16:05:05;18045.7;0.9;180;62;708;362903225.8
10/11/24 16:05:10;18050.7;0.9;180;62;708;362903225.8
10/11/24 16:05:16;18055.6;0.9;180;62;715;362903225.8
10/11/24 16:05:21;18060.8;0.9;180;62;715;362903225.8
10/11/24 16:05:26;18065.8;0.9;180;62;708;362903225.8
10/11/24 16:05:31;18070.7;0.9;180;62;708;362903225.8
10/11/24 16:05:36;18075.7;0.9;180;62;703;362903225.8
10/11/24 16:05:41;18080.9;0.9;180;62;703;362903225.8
10/11/24 16:05:46;18085.9;0.9;180;62;718;362903225.8
10/11/24 16:05:51;18090.8;0.9;180;62;718;362903225.8
10/11/24 16:05:56;18095.9;0.9;180;62;710;362903225.8
10/11/24 16:06:01;18100.7;0.9;180;62;710;362903225.8
10/11/24 16:06:06;18105.9;0.9;180;62;714;362903225.8
10/11/24 16:06:11;18110.7;0.9;180;62;714;362903225.8
10/11/24 16:06:16;18116;0.9;180;62;713;362903225.8
10/11/24 16:06:21;18120.9;0.9;180;62;713;362903225.8
10/11/24 16:06:26;18126;0.9;180;62;710;362903225.8
10/11/24 16:06:31;18130.9;0.9;180;62;710;362903225.8
10/11/24 16:06:36;18135.7;0.9;180;62;714;362903225.8
10/11/24 16:06:41;18140.8;0.9;180;62;714;362903225.8
10/11/24 16:06:46;18145.9;0.9;180;62;709;362903225.8
10/11/24 16:06:51;18151;0.9;180;160;709;140625000
10/11/24 16:06:56;18156;0.9;180;160;707;140625000
10/11/24 16:07:01;18161;0.9;180;160;707;140625000
10/11/24 16:07:06;18166;0.9;180;160;717;140625000
10/11/24 16:07:11;18171;0.9;180;160;717;140625000
10/11/24 16:07:16;18176;0.9;180;160;715;140625000
10/11/24 16:07:21;18180.9;0.9;180;160;715;140625000
10/11/24 16:07:26;18185.9;0.9;180;160;713;140625000
10/11/24 16:07:31;18191;0.9;180;160;713;140625000
10/11/24 16:07:36;18196;0.9;180;160;706;140625000
10/11/24 16:07:41;18201.1;0.9;180;160;706;140625000
10/11/24 16:07:46;18206;0.9;180;160;749;140625000
10/11/24 16:07:51;18211.1;0.9;180;160;749;140625000
10/11/24 16:07:56;18216;0.9;180;160;761;140625000
10/11/24 16:08:01;18221.2;0.9;180;160;761;140625000
10/11/24 16:08:06;18226;0.9;180;160;759;140625000
10/11/24 16:08:11;18231;0.9;180;160;759;140625000
10/11/24 16:08:16;18236.1;0.9;180;160;755;140625000
10/11/24 16:08:21;18241.1;0.9;180;160;755;140625000
10/11/24 16:08:26;18246.1;0.9;180;160;749;140625000
10/11/24 16:08:31;18251.2;0.9;180;160;749;140625000
10/11/24 16:08:36;18256.1;0.9;180;160;745;140625000
10/11/24 16:08:41;18261.1;0.9;180;160;745;140625000
10/11/24 16:08:46;18266.2;0.9;180;160;748;140625000
10/11/24 16:08:51;18271.3;0.9;180;160;748;140625000
10/11/24 16:08:56;18276.1;0.9;180;160;753;140625000
10/11/24 16:09:01;18281.1;0.9;180;160;753;140625000
10/11/24 16:09:06;18286.5;0.9;180;160;752;140625000
10/11/24 16:09:11;18291.1;0.9;180;160;752;140625000
10/11/24 16:09:16;18296.1;0.9;180;160;755;140625000
10/11/24 16:09:21;18301.4;0.9;180;640;755;35156250
10/11/24 16:09:26;18306.2;0.9;180;640;749;35156250
10/11/24 16:09:31;18311.3;0.9;180;640;749;35156250
10/11/24 16:09:36;18316.2;0.9;180;640;751;35156250
10/11/24 16:09:41;18321.2;0.9;180;640;751;35156250
10/11/24 16:09:46;18326.2;0.9;180;640;750;35156250
10/11/24 16:09:51;18331.3;0.9;180;640;750;35156250
10/11/24 16:09:56;18336.2;0.9;180;640;751;35156250
10/11/24 16:10:01;18341.5;0.9;180;640;751;35156250
10/11/24 16:10:06;18346.3;0.9;180;640;749;35156250
10/11/24 16:10:11;18351.3;0.9;180;640;749;35156250
10/11/24 16:10:16;18356.3;0.9;180;640;732;35156250
10/11/24 16:10:21;18361.3;0.9;180;640;732;35156250
10/11/24 16:10:26;18366.3;0.9;180;640;727;35156250
10/11/24 16:10:31;18371.3;0.9;180;640;727;35156250
10/11/24 16:10:36;18376.2;0.9;180;640;727;35156250
10/11/24 16:10:41;18381.3;0.9;180;640;727;35156250
10/11/24 16:10:46;18386.3;0.9;180;640;727;35156250
10/11/24 16:10:51;18391.3;0.9;180;640;727;35156250
10/11/24 16:10:56;18396.3;0.9;180;640;730;35156250
10/11/24 16:11:01;18401.3;0.9;180;640;730;35156250
10/11/24 16:11:06;18406.2;0.9;180;640;731;35156250
10/11/24 16:11:11;18411.5;0.9;180;640;731;35156250
10/11/24 16:11:16;18416.5;0.9;180;640;734;35156250
10/11/24 16:11:21;18421.5;0.9;180;640;734;35156250
10/11/24 16:11:26;18426.4;0.9;180;640;741;35156250
10/11/24 16:11:31;18431.4;0.9;180;640;741;35156250
10/11/24 16:11:36;18436.4;0.9;180;640;731;35156250
10/11/24 16:11:41;18441.4;0.9;180;640;731;35156250
10/11/24 16:11:46;18446.4;0.9;180;640;736;35156250
10/11/24 16:11:51;18451.4;0.9;180;1300;736;17307692.31
10/11/24 16:11:56;18456.5;0.9;180;1300;727;17307692.31
10/11/24 16:12:01;18461.5;0.9;180;1300;727;17307692.31
10/11/24 16:12:06;18466.5;0.9;180;1300;731;17307692.31
10/11/24 16:12:11;18471.4;0.9;180;1300;731;17307692.31
10/11/24 16:12:16;18476.4;0.9;180;1300;719;17307692.31
10/11/24 16:12:21;18481.4;0.9;180;1300;719;17307692.31
10/11/24 16:12:26;18486.4;0.9;180;1300;728;17307692.31
10/11/24 16:12:31;18491.4;0.9;180;1300;728;17307692.31
10/11/24 16:12:36;18496.7;0.9;180;1300;727;17307692.31
10/11/24 16:12:41;18501.7;0.9;180;1300;727;17307692.31
10/11/24 16:12:46;18506.7;0.9;180;1300;727;17307692.31
10/11/24 16:12:51;18511.6;0.9;180;1300;727;17307692.31
10/11/24 16:12:56;18516.5;0.9;180;1300;720;17307692.31
10/11/24 16:13:01;18521.8;0.9;180;1300;720;17307692.31
10/11/24 16:13:06;18526.5;0.9;180;1300;726;17307692.31
10/11/24 16:13:11;18531.7;0.9;180;1300;726;17307692.31
10/11/24 16:13:16;18536.7;0.9;180;1300;727;17307692.31
10/11/24 16:13:21;18541.7;0.9;180;1300;727;17307692.31
10/11/24 16:13:26;18546.6;0.9;180;1300;729;17307692.31
10/11/24 16:13:31;18551.8;0.9;180;1300;729;17307692.31
10/11/24 16:13:36;18556.9;0.9;180;1300;727;17307692.31
10/11/24 16:13:41;18561.5;0.9;180;1300;727;17307692.31
10/11/24 16:13:46;18566.7;0.9;180;1300;718;17307692.31
10/11/24 16:13:51;18571.5;0.9;180;1300;718;17307692.31
10/11/24 16:13:56;18576.8;0.9;180;1300;722;17307692.31
10/11/24 16:14:01;18581.8;0.9;180;1300;722;17307692.31
10/11/24 16:14:06;18586.9;0.9;180;1300;720;17307692.31
10/11/24 16:14:11;18591.8;0.9;180;1300;720;17307692.31
10/11/24 16:14:16;18596.8;0.9;180;1300;729;17307692.31
10/11/24 16:14:21;18601.9;0.9;180;1500;729;15000000
10/11/24 16:14:26;18606.8;0.9;180;1500;724;15000000
10/11/24 16:14:31;18611.9;0.9;180;1500;724;15000000
10/11/24 16:14:37;18617;0.9;180;1500;725;15000000
10/11/24 16:14:42;18621.8;0.9;180;1500;725;15000000
10/11/24 16:14:47;18626.8;0.9;180;1500;724;15000000
10/11/24 16:14:52;18631.8;0.9;180;1500;724;15000000
10/11/24 16:14:57;18636.8;0.9;180;1500;735;15000000
10/11/24 16:15:02;18641.8;0.9;180;1500;735;15000000
10/11/24 16:15:07;18646.9;0.9;180;1500;722;15000000
10/11/24 16:15:12;18651.8;0.9;180;1500;722;15000000
10/11/24 16:15:17;18656.9;0.9;180;1500;723;15000000
10/11/24 16:15:22;18661.9;0.9;180;1500;723;15000000
10/11/24 16:15:27;18666.9;0.9;180;1500;720;15000000
10/11/24 16:15:32;18671.9;0.9;180;1500;720;15000000
10/11/24 16:15:37;18676.9;0.9;180;1500;716;15000000
10/11/24 16:15:42;18681.9;0.9;180;1500;716;15000000
10/11/24 16:15:47;18686.9;0.9;180;1500;714;15000000
10/11/24 16:15:52;18691.9;0.9;180;1500;714;15000000
10/11/24 16:15:57;18696.9;0.9;180;1500;723;15000000
10/11/24 16:16:02;18701.9;0.9;180;1500;723;15000000
10/11/24 16:16:07;18706.9;0.9;180;1500;711;15000000
10/11/24 16:16:12;18711.8;0.9;180;1500;711;15000000
10/11/24 16:16:17;18716.9;0.9;180;1500;725;15000000
10/11/24 16:16:22;18721.9;0.9;180;1500;725;15000000
10/11/24 16:16:27;18726.9;0.9;180;1500;725;15000000
10/11/24 16:16:32;18731.9;0.9;180;1500;725;15000000
10/11/24 16:16:37;18737;0.9;180;1500;726;15000000
10/11/24 16:16:42;18742;0.9;180;1500;726;15000000
10/11/24 16:16:47;18747;0.9;180;1500;729;15000000
10/11/24 16:16:52;18752;0.9;180;1500;729;15000000
10/11/24 16:16:57;18757;0.9;180;1500;723;15000000
10/11/24 16:17:02;18762;0.9;180;1500;723;15000000
10/11/24 16:17:07;18767;0.9;180;1500;725;15000000
10/11/24 16:17:12;18772;0.9;180;1500;725;15000000
10/11/24 16:17:17;18777;0.9;180;1500;729;15000000
10/11/24 16:17:22;18782;0.9;180;1500;729;15000000
10/11/24 16:17:27;18787;0.9;180;1500;724;15000000
10/11/24 16:17:32;18792;0.9;180;1500;724;15000000
10/11/24 16:17:37;18797;0.9;180;1500;732;15000000
10/11/24 16:17:42;18802.1;0.9;180;1500;732;15000000
10/11/24 16:17:47;18807;0.9;180;1500;728;15000000
10/11/24 16:17:52;18812.1;0.9;180;1500;728;15000000
10/11/24 16:17:57;18817.1;0.9;180;1500;729;15000000
10/11/24 16:18:02;18822.2;0.9;180;1500;729;15000000
10/11/24 16:18:07;18827.1;0.9;180;1500;724;15000000
10/11/24 16:18:12;18832.2;0.9;180;1500;724;15000000
10/11/24 16:18:17;18837.1;0.9;180;1500;727;15000000
10/11/24 16:18:22;18842.1;0.9;180;1500;727;15000000
10/11/24 16:18:27;18847.1;0.9;180;1500;727;15000000
10/11/24 16:18:32;18852.1;0.9;180;1500;727;15000000
10/11/24 16:18:37;18857.2;0.9;180;1500;725;15000000
10/11/24 16:18:42;18862.2;0.9;180;1500;725;15000000
10/11/24 16:18:47;18867.1;0.9;180;1500;720;15000000
10/11/24 16:18:52;18872.2;0.9;180;1500;720;15000000
10/11/24 16:18:57;18877.1;0.9;180;1500;724;15000000
10/11/24 16:19:02;18882.1;0.9;180;1500;724;15000000
10/11/24 16:19:07;18887.1;0.9;180;1500;723;15000000
10/11/24 16:19:12;18892.2;0.9;180;1500;723;15000000
10/11/24 16:19:17;18897.4;0.9;180;1500;725;15000000
10/11/24 16:19:22;18902.4;0.9;180;1300;725;17307692.31
10/11/24 16:19:27;18907.2;0.9;180;1300;725;17307692.31
10/11/24 16:19:32;18912.2;0.9;180;1300;725;17307692.31
10/11/24 16:19:37;18917.2;0.9;180;1300;726;17307692.31
10/11/24 16:19:42;18922.2;0.9;180;1300;726;17307692.31
10/11/24 16:19:47;18927.2;0.9;180;1300;728;17307692.31
10/11/24 16:19:52;18932.2;0.9;180;1300;728;17307692.31
10/11/24 16:19:57;18937.2;0.9;180;1300;722;17307692.31
10/11/24 16:20:02;18942.2;0.9;180;1300;722;17307692.31
10/11/24 16:20:07;18947.2;0.9;180;1300;722;17307692.31
10/11/24 16:20:12;18952.2;0.9;180;1300;722;17307692.31
10/11/24 16:20:17;18957.2;0.9;180;1300;721;17307692.31
10/11/24 16:20:22;18962.2;0.9;180;1300;721;17307692.31
10/11/24 16:20:27;18967.2;0.9;180;1300;730;17307692.31
10/11/24 16:20:32;18972.2;0.9;180;1300;730;17307692.31
10/11/24 16:20:37;18977.3;0.9;180;1300;731;17307692.31
10/11/24 16:20:42;18982.3;0.9;180;1300;731;17307692.31
10/11/24 16:20:47;18987.3;0.9;180;1300;730;17307692.31
10/11/24 16:20:52;18992.3;0.9;180;1300;730;17307692.31
10/11/24 16:20:57;18997.3;0.9;180;1300;729;17307692.31
10/11/24 16:21:02;19002.3;0.9;180;1300;729;17307692.31
10/11/24 16:21:07;19007.3;0.9;180;1300;721;17307692.31
10/11/24 16:21:12;19012.4;0.9;180;1300;721;17307692.31
10/11/24 16:21:17;19017.3;0.9;180;1300;736;17307692.31
10/11/24 16:21:22;19022.3;0.9;180;1300;736;17307692.31
10/11/24 16:21:27;19027.3;0.9;180;1300;722;17307692.31
10/11/24 16:21:32;19032.3;0.9;180;1300;722;17307692.31
10/11/24 16:21:37;19037.3;0.9;180;1300;717;17307692.31
10/11/24 16:21:42;19042.3;0.9;180;1300;717;17307692.31
10/11/24 16:21:47;19047.4;0.9;180;1300;720;17307692.31
10/11/24 16:21:52;19052.3;0.9;180;640;720;35156250
10/11/24 16:21:57;19057.4;0.9;180;640;715;35156250
10/11/24 16:22:02;19062.4;0.9;180;640;715;35156250
10/11/24 16:22:07;19067.5;0.9;180;640;727;35156250
10/11/24 16:22:12;19072.5;0.9;180;640;727;35156250
10/11/24 16:22:17;19077.5;0.9;180;640;725;35156250
10/11/24 16:22:22;19082.4;0.9;180;640;725;35156250
10/11/24 16:22:27;19087.4;0.9;180;640;729;35156250
10/11/24 16:22:32;19092.4;0.9;180;640;729;35156250
10/11/24 16:22:37;19097.4;0.9;180;640;726;35156250
10/11/24 16:22:42;19102.6;0.9;180;640;726;35156250
10/11/24 16:22:47;19107.7;0.9;180;640;725;35156250
10/11/24 16:22:52;19112.5;0.9;180;640;725;35156250
10/11/24 16:22:57;19117.6;0.9;180;640;733;35156250
10/11/24 16:23:02;19122.4;0.9;180;640;733;35156250
10/11/24 16:23:07;19127.4;0.9;180;640;737;35156250
10/11/24 16:23:12;19132.7;0.9;180;640;737;35156250
10/11/24 16:23:17;19137.8;0.9;180;640;723;35156250
10/11/24 16:23:22;19143.1;0.9;180;640;723;35156250
10/11/24 16:23:27;19147.8;0.9;180;640;736;35156250
10/11/24 16:23:32;19152.7;0.9;180;640;736;35156250
10/11/24 16:23:37;19157.7;0.9;180;640;734;35156250
10/11/24 16:23:42;19162.5;0.9;180;640;734;35156250
10/11/24 16:23:47;19167.5;0.9;180;640;728;35156250
10/11/24 16:23:52;19172.5;0.9;180;640;728;35156250
10/11/24 16:23:57;19177.7;0.9;180;640;725;35156250
10/11/24 16:24:02;19182.8;0.9;180;640;725;35156250
10/11/24 16:24:07;19187.6;0.9;180;640;729;35156250
10/11/24 16:24:12;19192.7;0.9;180;640;729;35156250
10/11/24 16:24:17;19197.8;0.9;180;640;731;35156250
10/11/24 16:24:22;19202.8;0.9;180;160;731;140625000
10/11/24 16:24:27;19207.5;0.9;180;160;733;140625000
10/11/24 16:24:32;19212.6;0.9;180;160;733;140625000
10/11/24 16:24:37;19217.9;0.9;180;160;735;140625000
10/11/24 16:24:42;19222.8;0.9;180;160;735;140625000
10/11/24 16:24:47;19227.9;0.9;180;160;726;140625000
10/11/24 16:24:52;19233.5;0.9;180;160;726;140625000
10/11/24 16:24:57;19237.9;0.9;180;160;734;140625000
10/11/24 16:25:02;19242.7;0.9;180;160;734;140625000
10/11/24 16:25:07;19247.8;0.9;180;160;731;140625000
10/11/24 16:25:12;19252.7;0.9;180;160;731;140625000
10/11/24 16:25:18;19257.9;0.9;180;160;736;140625000
10/11/24 16:25:23;19262.9;0.9;180;160;736;140625000
10/11/24 16:25:28;19267.8;0.9;180;160;753;140625000
10/11/24 16:25:33;19272.9;0.9;180;160;753;140625000
10/11/24 16:25:38;19277.9;0.9;180;160;751;140625000
10/11/24 16:25:43;19282.8;0.9;180;160;751;140625000
10/11/24 16:25:48;19287.8;0.9;180;160;753;140625000
10/11/24 16:25:53;19293.2;0.9;180;160;753;140625000
10/11/24 16:25:58;19297.9;0.9;180;160;751;140625000
10/11/24 16:26:03;19303;0.9;180;160;751;140625000
10/11/24 16:26:08;19308;0.9;180;160;748;140625000
10/11/24 16:26:13;19313;0.9;180;160;748;140625000
10/11/24 16:26:18;19318;0.9;180;160;748;140625000
10/11/24 16:26:23;19323.4;0.9;180;160;748;140625000
10/11/24 16:26:28;19328;0.9;180;160;754;140625000
10/11/24 16:26:33;19332.9;0.9;180;160;754;140625000
10/11/24 16:26:38;19337.9;0.9;180;160;750;140625000
10/11/24 16:26:43;19342.9;0.9;180;160;750;140625000
10/11/24 16:26:48;19348;0.9;180;160;758;140625000
10/11/24 16:26:53;19353.5;0.9;180;62;758;362903225.8
10/11/24 16:26:58;19358;0.9;180;62;749;362903225.8
10/11/24 16:27:03;19363;0.9;180;62;749;362903225.8
10/11/24 16:27:08;19368;0.9;180;62;753;362903225.8
10/11/24 16:27:13;19373;0.9;180;62;753;362903225.8
10/11/24 16:27:18;19378.1;0.9;180;62;755;362903225.8
10/11/24 16:27:23;19383;0.9;180;62;755;362903225.8
10/11/24 16:27:28;19388;0.9;180;62;759;362903225.8
10/11/24 16:27:33;19392.9;0.9;180;62;759;362903225.8
10/11/24 16:27:38;19398.1;0.9;180;62;753;362903225.8
10/11/24 16:27:43;19403.1;0.9;180;62;753;362903225.8
10/11/24 16:27:48;19408.1;0.9;180;62;725;362903225.8
10/11/24 16:27:53;19413.1;0.9;180;62;725;362903225.8
10/11/24 16:27:58;19418.1;0.9;180;62;719;362903225.8
10/11/24 16:28:03;19423.1;0.9;180;62;719;362903225.8
10/11/24 16:28:08;19428;0.9;180;62;708;362903225.8
10/11/24 16:28:13;19433;0.9;180;62;708;362903225.8
10/11/24 16:28:18;19437.9;0.9;180;62;707;362903225.8
10/11/24 16:28:23;19443.1;0.9;180;62;707;362903225.8
10/11/24 16:28:28;19448.1;0.9;180;62;710;362903225.8
10/11/24 16:28:33;19453.1;0.9;180;62;710;362903225.8
10/11/24 16:28:38;19458.1;0.9;180;62;702;362903225.8
10/11/24 16:28:43;19463.1;0.9;180;62;702;362903225.8
10/11/24 16:28:48;19468.1;0.9;180;62;709;362903225.8
10/11/24 16:28:53;19473.2;0.9;180;62;709;362903225.8
10/11/24 16:28:58;19478.1;0.9;180;62;716;362903225.8
10/11/24 16:29:03;19483.2;0.9;180;62;716;362903225.8
10/11/24 16:29:08;19488.3;0.9;180;62;714;362903225.8
10/11/24 16:29:13;19493.2;0.9;180;62;714;362903225.8
10/11/24 16:29:18;19498.2;0.9;180;62;715;362903225.8
10/11/24 16:29:23;19504.1;0.8;160;62;715;322580645.2
10/11/24 16:29:28;19508.2;0.8;160;62;714;322580645.2
10/11/24 16:29:33;19513.2;0.8;160;62;714;322580645.2
10/11/24 16:29:38;19518.2;0.8;160;62;708;322580645.2
10/11/24 16:29:43;19523.6;0.8;160;62;708;322580645.2
10/11/24 16:29:48;19528.5;0.8;160;62;711;322580645.2
10/11/24 16:29:53;19533.8;0.8;160;62;711;322580645.2
10/11/24 16:29:58;19538.5;0.8;160;62;711;322580645.2
10/11/24 16:30:03;19543.7;0.8;160;62;711;322580645.2
10/11/24 16:30:08;19548.3;0.8;160;62;711;322580645.2
10/11/24 16:30:13;19553.3;0.8;160;62;711;322580645.2
10/11/24 16:30:18;19558.5;0.8;160;62;718;322580645.2
10/11/24 16:30:23;19563.8;0.8;160;62;718;322580645.2
10/11/24 16:30:28;19568.6;0.8;160;62;726;322580645.2
10/11/24 16:30:33;19573.8;0.8;160;62;726;322580645.2
10/11/24 16:30:38;19578.5;0.8;160;62;713;322580645.2
10/11/24 16:30:43;19583.8;0.8;160;62;713;322580645.2
10/11/24 16:30:48;19588.4;0.8;160;62;714;322580645.2
10/11/24 16:30:53;19593.8;0.8;160;62;714;322580645.2
10/11/24 16:30:58;19598.5;0.8;160;62;710;322580645.2
10/11/24 16:31:03;19603.9;0.8;160;62;710;322580645.2
10/11/24 16:31:08;19608.5;0.8;160;62;714;322580645.2
10/11/24 16:31:13;19613.8;0.8;160;62;714;322580645.2
10/11/24 16:31:18;19618.5;0.8;160;62;707;322580645.2
10/11/24 16:31:23;19623.8;0.8;160;62;707;322580645.2
10/11/24 16:31:28;19628.6;0.8;160;62;710;322580645.2
10/11/24 16:31:33;19633.8;0.8;160;62;710;322580645.2
10/11/24 16:31:38;19638.5;0.8;160;62;702;322580645.2
10/11/24 16:31:43;19643.4;0.8;160;62;702;322580645.2
10/11/24 16:31:48;19648.6;0.8;160;62;706;322580645.2
10/11/24 16:31:53;19653.9;0.8;160;160;706;125000000
10/11/24 16:31:58;19658.7;0.8;160;160;715;125000000
10/11/24 16:32:03;19663.9;0.8;160;160;715;125000000
10/11/24 16:32:08;19668.6;0.8;160;160;719;125000000
10/11/24 16:32:13;19674;0.8;160;160;719;125000000
10/11/24 16:32:18;19678.6;0.8;160;160;713;125000000
10/11/24 16:32:23;19683.9;0.8;160;160;713;125000000
10/11/24 16:32:28;19688.5;0.8;160;160;706;125000000
10/11/24 16:32:33;19693.9;0.8;160;160;706;125000000
10/11/24 16:32:38;19698.6;0.8;160;160;703;125000000
10/11/24 16:32:43;19703.9;0.8;160;160;703;125000000
10/11/24 16:32:48;19708.7;0.8;160;160;743;125000000
10/11/24 16:32:53;19714;0.8;160;160;743;125000000
10/11/24 16:32:58;19718.7;0.8;160;160;746;125000000
10/11/24 16:33:03;19723.9;0.8;160;160;746;125000000
10/11/24 16:33:08;19728.6;0.8;160;160;750;125000000
10/11/24 16:33:13;19733.6;0.8;160;160;750;125000000
10/11/24 16:33:18;19738.7;0.8;160;160;747;125000000
10/11/24 16:33:23;19744;0.8;160;160;747;125000000
10/11/24 16:33:28;19748.7;0.8;160;160;747;125000000
10/11/24 16:33:33;19754;0.8;160;160;747;125000000
10/11/24 16:33:38;19758.8;0.8;160;160;751;125000000
10/11/24 16:33:43;19763.9;0.8;160;160;751;125000000
10/11/24 16:33:48;19768.6;0.8;160;160;746;125000000
10/11/24 16:33:53;19773.5;0.8;160;160;746;125000000
10/11/24 16:33:58;19778.5;0.8;160;160;752;125000000
10/11/24 16:34:03;19784.3;0.8;160;160;752;125000000
10/11/24 16:34:08;19788.8;0.8;160;160;750;125000000
10/11/24 16:34:13;19794.1;0.8;160;160;750;125000000
10/11/24 16:34:18;19798.8;0.8;160;160;753;125000000
10/11/24 16:34:23;19804.1;0.8;160;640;753;31250000
10/11/24 16:34:28;19808.8;0.8;160;640;756;31250000
10/11/24 16:34:34;19814.1;0.8;160;640;756;31250000
10/11/24 16:34:39;19818.8;0.8;160;640;751;31250000
10/11/24 16:34:44;19823.7;0.8;160;640;751;31250000
10/11/24 16:34:49;19828.8;0.8;160;640;759;31250000
10/11/24 16:34:54;19834.1;0.8;160;640;759;31250000
10/11/24 16:34:59;19838.8;0.8;160;640;754;31250000
10/11/24 16:35:04;19844.3;0.8;160;640;754;31250000
10/11/24 16:35:09;19848.8;0.8;160;640;746;31250000
10/11/24 16:35:14;19854;0.8;160;640;746;31250000
10/11/24 16:35:19;19858.7;0.8;160;640;737;31250000
10/11/24 16:35:24;19864.1;0.8;160;640;737;31250000
10/11/24 16:35:29;19868.9;0.8;160;640;721;31250000
10/11/24 16:35:34;19874.2;0.8;160;640;721;31250000
10/11/24 16:35:39;19878.9;0.8;160;640;726;31250000
10/11/24 16:35:44;19884.2;0.8;160;640;726;31250000
10/11/24 16:35:49;19888.9;0.8;160;640;737;31250000
10/11/24 16:35:54;19894.2;0.8;160;640;737;31250000
10/11/24 16:35:59;19898.9;0.8;160;640;727;31250000
10/11/24 16:36:04;19904.2;0.8;160;640;727;31250000
10/11/24 16:36:09;19908.9;0.8;160;640;729;31250000
10/11/24 16:36:14;19914.2;0.8;160;640;729;31250000
10/11/24 16:36:19;19918.9;0.8;160;640;726;31250000
10/11/24 16:36:24;19924.2;0.8;160;640;726;31250000
10/11/24 16:36:29;19928.9;0.8;160;640;730;31250000
10/11/24 16:36:34;19934.2;0.8;160;640;730;31250000
10/11/24 16:36:39;19939.2;0.8;160;640;731;31250000
10/11/24 16:36:44;19944.2;0.8;160;640;731;31250000
10/11/24 16:36:49;19948.9;0.8;160;640;729;31250000
10/11/24 16:36:54;19954.2;0.8;160;1300;729;15384615.38
10/11/24 16:36:59;19959;0.8;160;1300;730;15384615.38
10/11/24 16:37:04;19964.3;0.8;160;1300;730;15384615.38
10/11/24 16:37:09;19969;0.8;160;1300;725;15384615.38
10/11/24 16:37:14;19974.3;0.8;160;1300;725;15384615.38
10/11/24 16:37:19;19979;0.8;160;1300;727;15384615.38
10/11/24 16:37:24;19984.5;0.8;160;1300;727;15384615.38
10/11/24 16:37:29;19989;0.8;160;1300;732;15384615.38
10/11/24 16:37:34;19994.3;0.8;160;1300;732;15384615.38
10/11/24 16:37:39;19999;0.8;160;1300;725;15384615.38
10/11/24 16:37:44;20004.3;0.8;160;1300;725;15384615.38
10/11/24 16:37:49;20009;0.8;160;1300;724;15384615.38
10/11/24 16:37:54;20014.3;0.8;160;1300;724;15384615.38
10/11/24 16:37:59;20019.1;0.8;160;1300;727;15384615.38
10/11/24 16:38:04;20024.4;0.8;160;1300;727;15384615.38
10/11/24 16:38:09;20029.2;0.8;160;1300;721;15384615.38
10/11/24 16:38:14;20034.3;0.8;160;1300;721;15384615.38
10/11/24 16:38:19;20039.1;0.8;160;1300;720;15384615.38
10/11/24 16:38:24;20044.5;0.8;160;1300;720;15384615.38
10/11/24 16:38:29;20049.1;0.8;160;1300;722;15384615.38
10/11/24 16:38:34;20054.4;0.8;160;1300;722;15384615.38
10/11/24 16:38:39;20059.3;0.8;160;1300;728;15384615.38
10/11/24 16:38:44;20064.5;0.8;160;1300;728;15384615.38
10/11/24 16:38:49;20069.1;0.8;160;1300;720;15384615.38
10/11/24 16:38:54;20075.7;0.8;160;1300;720;15384615.38
10/11/24 16:38:59;20079.1;0.8;160;1300;725;15384615.38
10/11/24 16:39:04;20084.5;0.8;160;1300;725;15384615.38
10/11/24 16:39:09;20089.2;0.8;160;1300;725;15384615.38
10/11/24 16:39:14;20094.6;0.8;160;1300;725;15384615.38
10/11/24 16:39:19;20099.3;0.8;160;1300;717;15384615.38
10/11/24 16:39:24;20105.1;0.8;160;1500;717;13333333.33
10/11/24 16:39:29;20109.2;0.8;160;1500;729;13333333.33
10/11/24 16:39:34;20114.6;0.8;160;1500;729;13333333.33
10/11/24 16:39:39;20119.4;0.8;160;1500;724;13333333.33
10/11/24 16:39:44;20124.5;0.8;160;1500;724;13333333.33
10/11/24 16:39:49;20129.2;0.8;160;1500;726;13333333.33
10/11/24 16:39:54;20135.8;0.8;160;1500;726;13333333.33
10/11/24 16:39:59;20139.4;0.8;160;1500;715;13333333.33
10/11/24 16:40:04;20144.7;0.8;160;1500;715;13333333.33
10/11/24 16:40:09;20149.3;0.8;160;1500;725;13333333.33
10/11/24 16:40:14;20154.6;0.8;160;1500;725;13333333.33
10/11/24 16:40:19;20159.4;0.8;160;1500;718;13333333.33
10/11/24 16:40:24;20164.7;0.8;160;1500;718;13333333.33
10/11/24 16:40:29;20169.2;0.8;160;1500;731;13333333.33
10/11/24 16:40:34;20174.5;0.8;160;1500;731;13333333.33
10/11/24 16:40:39;20179.4;0.8;160;1500;720;13333333.33
10/11/24 16:40:44;20184.7;0.8;160;1500;720;13333333.33
10/11/24 16:40:49;20189.4;0.8;160;1500;727;13333333.33
10/11/24 16:40:54;20194.6;0.8;160;1500;727;13333333.33
10/11/24 16:40:59;20199.3;0.8;160;1500;722;13333333.33
10/11/24 16:41:04;20204.8;0.8;160;1500;722;13333333.33
10/11/24 16:41:09;20209.6;0.8;160;1500;727;13333333.33
10/11/24 16:41:14;20214.9;0.8;160;1500;727;13333333.33
10/11/24 16:41:19;20219.6;0.8;160;1500;714;13333333.33
10/11/24 16:41:24;20225;0.8;160;1500;714;13333333.33
10/11/24 16:41:29;20229.5;0.8;160;1500;719;13333333.33
10/11/24 16:41:34;20234.8;0.8;160;1500;719;13333333.33
10/11/24 16:41:39;20239.4;0.8;160;1500;731;13333333.33
10/11/24 16:41:44;20244.7;0.8;160;1500;731;13333333.33
10/11/24 16:41:49;20249.4;0.8;160;1500;725;13333333.33
10/11/24 16:41:54;20255.9;0.8;160;1500;725;13333333.33
10/11/24 16:41:59;20259.5;0.8;160;1500;719;13333333.33
10/11/24 16:42:04;20264.9;0.8;160;1500;719;13333333.33
10/11/24 16:42:09;20269.6;0.8;160;1500;715;13333333.33
10/11/24 16:42:14;20275;0.8;160;1500;715;13333333.33
10/11/24 16:42:19;20279.6;0.8;160;1500;731;13333333.33
10/11/24 16:42:24;20284.9;0.8;160;1500;731;13333333.33
10/11/24 16:42:29;20289.5;0.8;160;1500;720;13333333.33
10/11/24 16:42:34;20294.8;0.8;160;1500;720;13333333.33
10/11/24 16:42:39;20299.6;0.8;160;1500;730;13333333.33
10/11/24 16:42:44;20305;0.8;160;1500;730;13333333.33
10/11/24 16:42:49;20309.6;0.8;160;1500;720;13333333.33
10/11/24 16:42:54;20316;0.8;160;1500;720;13333333.33
10/11/24 16:42:59;20319.6;0.8;160;1500;722;13333333.33
10/11/24 16:43:04;20324.9;0.8;160;1500;722;13333333.33
10/11/24 16:43:09;20329.5;0.8;160;1500;723;13333333.33
10/11/24 16:43:14;20334.8;0.8;160;1500;723;13333333.33
10/11/24 16:43:19;20339.6;0.8;160;1500;726;13333333.33
10/11/24 16:43:24;20344.9;0.8;160;1500;726;13333333.33
10/11/24 16:43:29;20349.6;0.8;160;1500;715;13333333.33
10/11/24 16:43:34;20355;0.8;160;1500;715;13333333.33
10/11/24 16:43:39;20359.7;0.8;160;1500;720;13333333.33
10/11/24 16:43:44;20365;0.8;160;1500;720;13333333.33
10/11/24 16:43:49;20369.7;0.8;160;1500;722;13333333.33
10/11/24 16:43:54;20376.1;0.8;160;1500;722;13333333.33
10/11/24 16:43:59;20379.7;0.8;160;1500;732;13333333.33
10/11/24 16:44:04;20385;0.8;160;1500;732;13333333.33
10/11/24 16:44:09;20389.7;0.8;160;1500;717;13333333.33
10/11/24 16:44:14;20395;0.8;160;1500;717;13333333.33
10/11/24 16:44:20;20399.7;0.8;160;1500;719;13333333.33
10/11/24 16:44:25;20405.1;0.8;160;1300;719;15384615.38
10/11/24 16:44:30;20409.8;0.8;160;1300;727;15384615.38
10/11/24 16:44:35;20415;0.8;160;1300;727;15384615.38
10/11/24 16:44:40;20419.7;0.8;160;1300;718;15384615.38
10/11/24 16:44:45;20425;0.8;160;1300;718;15384615.38
10/11/24 16:44:50;20429.8;0.8;160;1300;725;15384615.38
10/11/24 16:44:55;20436.2;0.8;160;1300;725;15384615.38
10/11/24 16:45:00;20439.8;0.8;160;1300;728;15384615.38
10/11/24 16:45:05;20445.2;0.8;160;1300;728;15384615.38
10/11/24 16:45:10;20449.9;0.8;160;1300;709;15384615.38
10/11/24 16:45:15;20455.2;0.8;160;1300;709;15384615.38
10/11/24 16:45:20;20459.8;0.8;160;1300;707;15384615.38
10/11/24 16:45:25;20465.1;0.8;160;1300;707;15384615.38
10/11/24 16:45:30;20469.8;0.8;160;1300;730;15384615.38
10/11/24 16:45:35;20475.2;0.8;160;1300;730;15384615.38
10/11/24 16:45:40;20479.9;0.8;160;1300;719;15384615.38
10/11/24 16:45:45;20485.3;0.8;160;1300;719;15384615.38
10/11/24 16:45:50;20490;0.8;160;1300;724;15384615.38
10/11/24 16:45:55;20496.2;0.8;160;1300;724;15384615.38
10/11/24 16:46:00;20499.9;0.8;160;1300;720;15384615.38
10/11/24 16:46:05;20505.2;0.8;160;1300;720;15384615.38
10/11/24 16:46:10;20509.8;0.8;160;1300;722;15384615.38
10/11/24 16:46:15;20515.2;0.8;160;1300;722;15384615.38
10/11/24 16:46:20;20520;0.8;160;1300;719;15384615.38
10/11/24 16:46:25;20525.2;0.8;160;1300;719;15384615.38
10/11/24 16:46:30;20530.1;0.8;160;1300;728;15384615.38
10/11/24 16:46:35;20535.4;0.8;160;1300;728;15384615.38
10/11/24 16:46:40;20540;0.8;160;1300;726;15384615.38
10/11/24 16:46:45;20545.3;0.8;160;1300;726;15384615.38
10/11/24 16:46:50;20550;0.8;160;640;724;31250000
10/11/24 16:46:55;20556.3;0.8;160;640;724;31250000
10/11/24 16:47:00;20560.1;0.8;160;640;721;31250000
10/11/24 16:47:05;20565.4;0.8;160;640;721;31250000
10/11/24 16:47:10;20570;0.8;160;640;726;31250000
10/11/24 16:47:15;20575.3;0.8;160;640;726;31250000
10/11/24 16:47:20;20580.1;0.8;160;640;725;31250000
10/11/24 16:47:25;20585.4;0.8;160;640;725;31250000
10/11/24 16:47:30;20590;0.8;160;640;715;31250000
10/11/24 16:47:35;20595.4;0.8;160;640;715;31250000
10/11/24 16:47:40;20600;0.8;160;640;721;31250000
10/11/24 16:47:45;20605.6;0.8;160;640;721;31250000
10/11/24 16:47:50;20610.2;0.8;160;640;732;31250000
10/11/24 16:47:55;20616.6;0.8;160;640;732;31250000
10/11/24 16:48:00;20620.2;0.8;160;640;730;31250000
10/11/24 16:48:05;20625.5;0.8;160;640;730;31250000
10/11/24 16:48:10;20630.1;0.8;160;640;732;31250000
10/11/24 16:48:15;20635.4;0.8;160;640;732;31250000
10/11/24 16:48:20;20640.1;0.8;160;640;726;31250000
10/11/24 16:48:25;20645.6;0.8;160;640;726;31250000
10/11/24 16:48:30;20650.2;0.8;160;640;726;31250000
10/11/24 16:48:35;20655.4;0.8;160;640;726;31250000
10/11/24 16:48:40;20660.1;0.8;160;640;731;31250000
10/11/24 16:48:45;20665.4;0.8;160;640;731;31250000
10/11/24 16:48:50;20670.1;0.8;160;640;725;31250000
10/11/24 16:48:55;20676.7;0.8;160;640;725;31250000
10/11/24 16:49:00;20680.4;0.8;160;640;740;31250000
10/11/24 16:49:05;20686;0.8;160;640;740;31250000
10/11/24 16:49:10;20690.3;0.8;160;640;733;31250000
10/11/24 16:49:15;20695.7;0.8;160;640;733;31250000
10/11/24 16:49:20;20700.2;0.8;160;160;731;125000000
10/11/24 16:49:25;20705.6;0.8;160;160;731;125000000
10/11/24 16:49:30;20710.2;0.8;160;160;724;125000000
10/11/24 16:49:35;20715.8;0.8;160;160;724;125000000
10/11/24 16:49:40;20720.4;0.8;160;160;733;125000000
10/11/24 16:49:45;20725.7;0.8;160;160;733;125000000
10/11/24 16:49:50;20730.4;0.8;160;160;733;125000000
10/11/24 16:49:55;20736.8;0.8;160;160;733;125000000
10/11/24 16:50:00;20740.3;0.8;160;160;732;125000000
10/11/24 16:50:05;20745.6;0.8;160;160;732;125000000
10/11/24 16:50:10;20750.2;0.8;160;160;731;125000000
10/11/24 16:50:15;20755.5;0.8;160;160;731;125000000
10/11/24 16:50:20;20760.4;0.8;160;160;747;125000000
10/11/24 16:50:25;20765.8;0.8;160;160;747;125000000
10/11/24 16:50:30;20770.5;0.8;160;160;748;125000000
10/11/24 16:50:35;20775.8;0.8;160;160;748;125000000
10/11/24 16:50:40;20780.6;0.8;160;160;747;125000000
10/11/24 16:50:45;20785.8;0.8;160;160;747;125000000
10/11/24 16:50:50;20790.4;0.8;160;160;745;125000000
10/11/24 16:50:55;20797;0.8;160;160;745;125000000
10/11/24 16:51:00;20800.5;0.8;160;160;749;125000000
10/11/24 16:51:05;20805.9;0.8;160;160;749;125000000
10/11/24 16:51:10;20810.5;0.8;160;160;741;125000000
10/11/24 16:51:15;20815.8;0.8;160;160;741;125000000
10/11/24 16:51:20;20820.5;0.8;160;160;750;125000000
10/11/24 16:51:25;20825.8;0.8;160;160;750;125000000
10/11/24 16:51:30;20830.4;0.8;160;160;758;125000000
10/11/24 16:51:35;20835.8;0.8;160;160;758;125000000
10/11/24 16:51:40;20840.6;0.8;160;160;741;125000000
10/11/24 16:51:45;20845.9;0.8;160;160;741;125000000
10/11/24 16:51:50;20850.6;0.8;160;62;759;322580645.2
10/11/24 16:51:55;20857;0.8;160;62;759;322580645.2
10/11/24 16:52:00;20860.6;0.8;160;62;757;322580645.2
10/11/24 16:52:05;20866;0.8;160;62;757;322580645.2
10/11/24 16:52:10;20870.6;0.8;160;62;746;322580645.2
10/11/24 16:52:15;20875.9;0.8;160;62;746;322580645.2
10/11/24 16:52:20;20880.6;0.8;160;62;745;322580645.2
10/11/24 16:52:25;20885.9;0.8;160;62;745;322580645.2
10/11/24 16:52:30;20890.6;0.8;160;62;754;322580645.2
10/11/24 16:52:35;20895.9;0.8;160;62;754;322580645.2
10/11/24 16:52:40;20900.7;0.8;160;62;753;322580645.2
10/11/24 16:52:45;20906.1;0.8;160;62;753;322580645.2
10/11/24 16:52:50;20910.6;0.8;160;62;712;322580645.2
10/11/24 16:52:55;20917.1;0.8;160;62;712;322580645.2
10/11/24 16:53:00;20920.7;0.8;160;62;708;322580645.2
10/11/24 16:53:05;20926;0.8;160;62;708;322580645.2
10/11/24 16:53:10;20930.7;0.8;160;62;714;322580645.2
10/11/24 16:53:15;20936;0.8;160;62;714;322580645.2
10/11/24 16:53:20;20940.7;0.8;160;62;718;322580645.2
10/11/24 16:53:25;20946;0.8;160;62;718;322580645.2
10/11/24 16:53:30;20950.7;0.8;160;62;719;322580645.2
10/11/24 16:53:35;20956;0.8;160;62;719;322580645.2
10/11/24 16:53:40;20960.8;0.8;160;62;708;322580645.2
10/11/24 16:53:45;20966;0.8;160;62;708;322580645.2
10/11/24 16:53:51;20970.7;0.8;160;62;714;322580645.2
10/11/24 16:53:56;20977.1;0.8;160;62;714;322580645.2
10/11/24 16:54:01;20980.8;0.8;160;62;711;322580645.2
10/11/24 16:54:06;20986;0.8;160;62;711;322580645.2
10/11/24 16:54:11;20990.7;0.8;160;62;715;322580645.2
10/11/24 16:54:16;20996.1;0.8;160;62;715;322580645.2
10/11/24 16:54:21;21000.8;0.7;140;62;722;282258064.5
10/11/24 16:54:26;21006.2;0.7;140;62;722;282258064.5
10/11/24 16:54:31;21010.9;0.7;140;62;713;282258064.5
10/11/24 16:54:36;21016.1;0.7;140;62;713;282258064.5
10/11/24 16:54:41;21020.8;0.7;140;62;718;282258064.5
10/11/24 16:54:46;21026.1;0.7;140;62;718;282258064.5
10/11/24 16:54:51;21030.9;0.7;140;62;716;282258064.5
10/11/24 16:54:56;21037.2;0.7;140;62;716;282258064.5
10/11/24 16:55:01;21040.9;0.7;140;62;719;282258064.5
10/11/24 16:55:06;21046.7;0.7;140;62;719;282258064.5
10/11/24 16:55:11;21051;0.7;140;62;707;282258064.5
10/11/24 16:55:16;21056;0.7;140;62;707;282258064.5
10/11/24 16:55:21;21060.9;0.7;140;62;723;282258064.5
10/11/24 16:55:26;21066.2;0.7;140;62;723;282258064.5
10/11/24 16:55:31;21071;0.7;140;62;707;282258064.5
10/11/24 16:55:36;21076.2;0.7;140;62;707;282258064.5
10/11/24 16:55:41;21080.9;0.7;140;62;718;282258064.5
10/11/24 16:55:46;21086.2;0.7;140;62;718;282258064.5
10/11/24 16:55:51;21091.2;0.7;140;62;717;282258064.5
10/11/24 16:55:56;21097.3;0.7;140;62;717;282258064.5
10/11/24 16:56:01;21101.2;0.7;140;62;705;282258064.5
10/11/24 16:56:06;21106.4;0.7;140;62;705;282258064.5
10/11/24 16:56:11;21111;0.7;140;62;713;282258064.5
10/11/24 16:56:16;21116.3;0.7;140;62;713;282258064.5
10/11/24 16:56:21;21120.9;0.7;140;62;709;282258064.5
10/11/24 16:56:26;21126.2;0.7;140;62;709;282258064.5
10/11/24 16:56:31;21130.9;0.7;140;62;714;282258064.5
10/11/24 16:56:36;21136.2;0.7;140;62;714;282258064.5
10/11/24 16:56:41;21141.1;0.7;140;62;712;282258064.5
10/11/24 16:56:46;21146.5;0.7;140;62;712;282258064.5
10/11/24 16:56:51;21151.2;0.7;140;160;705;109375000
10/11/24 16:56:56;21157.6;0.7;140;160;705;109375000
10/11/24 16:57:01;21161.1;0.7;140;160;714;109375000
10/11/24 16:57:06;21166.6;0.7;140;160;714;109375000
10/11/24 16:57:11;21171.3;0.7;140;160;710;109375000
10/11/24 16:57:16;21176.5;0.7;140;160;710;109375000
10/11/24 16:57:21;21181.3;0.7;140;160;708;109375000
10/11/24 16:57:26;21186.6;0.7;140;160;708;109375000
10/11/24 16:57:31;21191.3;0.7;140;160;708;109375000
10/11/24 16:57:36;21196.6;0.7;140;160;708;109375000
10/11/24 16:57:41;21201.2;0.7;140;160;713;109375000
10/11/24 16:57:46;21206.5;0.7;140;160;713;109375000
10/11/24 16:57:51;21211.2;0.7;140;160;753;109375000
10/11/24 16:57:56;21217.7;0.7;140;160;753;109375000
10/11/24 16:58:01;21221.3;0.7;140;160;748;109375000
10/11/24 16:58:06;21226.7;0.7;140;160;748;109375000
10/11/24 16:58:11;21231.3;0.7;140;160;749;109375000
10/11/24 16:58:16;21236.7;0.7;140;160;749;109375000
10/11/24 16:58:21;21241.4;0.7;140;160;750;109375000
10/11/24 16:58:26;21246.6;0.7;140;160;750;109375000
10/11/24 16:58:31;21251.3;0.7;140;160;746;109375000
10/11/24 16:58:36;21256.6;0.7;140;160;746;109375000
10/11/24 16:58:41;21261.4;0.7;140;160;752;109375000
10/11/24 16:58:46;21266.7;0.7;140;160;752;109375000
10/11/24 16:58:51;21271.4;0.7;140;160;744;109375000
10/11/24 16:58:56;21277.8;0.7;140;160;744;109375000
10/11/24 16:59:01;21281.4;0.7;140;160;743;109375000
10/11/24 16:59:06;21287;0.7;140;160;743;109375000
10/11/24 16:59:11;21291.3;0.7;140;160;750;109375000
10/11/24 16:59:16;21296.5;0.7;140;160;750;109375000
10/11/24 16:59:21;21301.8;0.7;140;640;750;27343750
10/11/24 16:59:26;21306.8;0.7;140;640;750;27343750
10/11/24 16:59:31;21311.5;0.7;140;640;754;27343750
10/11/24 16:59:36;21316.9;0.7;140;640;754;27343750
10/11/24 16:59:41;21321.5;0.7;140;640;746;27343750
10/11/24 16:59:46;21326.8;0.7;140;640;746;27343750
10/11/24 16:59:51;21331.4;0.7;140;640;752;27343750
10/11/24 16:59:56;21337.8;0.7;140;640;752;27343750
10/11/24 17:00:01;21341.4;0.7;140;640;749;27343750
10/11/24 17:00:06;21346.7;0.7;140;640;749;27343750
10/11/24 17:00:11;21351.5;0.7;140;640;753;27343750
10/11/24 17:00:16;21356.9;0.7;140;640;753;27343750
10/11/24 17:00:21;21361.5;0.7;140;640;736;27343750
10/11/24 17:00:26;21366.8;0.7;140;640;736;27343750
10/11/24 17:00:31;21371.5;0.7;140;640;720;27343750
10/11/24 17:00:36;21376.6;0.7;140;640;720;27343750
10/11/24 17:00:41;21381.4;0.7;140;640;726;27343750
10/11/24 17:00:46;21386.9;0.7;140;640;726;27343750
10/11/24 17:00:51;21391.4;0.7;140;640;733;27343750
10/11/24 17:00:56;21398;0.7;140;640;733;27343750
10/11/24 17:01:01;21401.6;0.7;140;640;731;27343750
10/11/24 17:01:06;21407;0.7;140;640;731;27343750
10/11/24 17:01:11;21411.6;0.7;140;640;726;27343750
10/11/24 17:01:16;21416.9;0.7;140;640;726;27343750
10/11/24 17:01:21;21421.5;0.7;140;640;727;27343750
10/11/24 17:01:26;21426.8;0.7;140;640;727;27343750
10/11/24 17:01:31;21431.5;0.7;140;640;726;27343750
10/11/24 17:01:36;21436.8;0.7;140;640;726;27343750
10/11/24 17:01:41;21441.6;0.7;140;640;725;27343750
10/11/24 17:01:46;21446.9;0.7;140;640;725;27343750
10/11/24 17:01:51;21451.6;0.7;140;1300;728;13461538.46
10/11/24 17:01:56;21458;0.7;140;1300;728;13461538.46
10/11/24 17:02:01;21461.6;0.7;140;1300;727;13461538.46
10/11/24 17:02:06;21466.8;0.7;140;1300;727;13461538.46
10/11/24 17:02:11;21471.5;0.7;140;1300;731;13461538.46
10/11/24 17:02:16;21476.9;0.7;140;1300;731;13461538.46
10/11/24 17:02:21;21481.7;0.7;140;1300;722;13461538.46
10/11/24 17:02:26;21487.1;0.7;140;1300;722;13461538.46
10/11/24 17:02:31;21491.8;0.7;140;1300;723;13461538.46
10/11/24 17:02:36;21497;0.7;140;1300;723;13461538.46
10/11/24 17:02:41;21501.7;0.7;140;1300;732;13461538.46
10/11/24 17:02:46;21507;0.7;140;1300;732;13461538.46
10/11/24 17:02:51;21511.7;0.7;140;1300;730;13461538.46
10/11/24 17:02:57;21518.1;0.7;140;1300;730;13461538.46
10/11/24 17:03:02;21521.7;0.7;140;1300;740;13461538.46
10/11/24 17:03:07;21527.1;0.7;140;1300;740;13461538.46
10/11/24 17:03:12;21531.8;0.7;140;1300;731;13461538.46
10/11/24 17:03:17;21537;0.7;140;1300;731;13461538.46
10/11/24 17:03:22;21541.7;0.7;140;1300;719;13461538.46
10/11/24 17:03:27;21547.1;0.7;140;1300;719;13461538.46
10/11/24 17:03:32;21552;0.7;140;1300;722;13461538.46
10/11/24 17:03:37;21557.2;0.7;140;1300;722;13461538.46
10/11/24 17:03:42;21562.1;0.7;140;1300;723;13461538.46
10/11/24 17:03:47;21567.3;0.7;140;1300;723;13461538.46
10/11/24 17:03:52;21572;0.7;140;1300;720;13461538.46
10/11/24 17:03:57;21578.3;0.7;140;1300;720;13461538.46
10/11/24 17:04:02;21581.8;0.7;140;1300;729;13461538.46
10/11/24 17:04:07;21587.2;0.7;140;1300;729;13461538.46
10/11/24 17:04:12;21592;0.7;140;1300;712;13461538.46
10/11/24 17:04:17;21597.4;0.7;140;1300;712;13461538.46
10/11/24 17:04:22;21602;0.7;140;1500;725;11666666.67
10/11/24 17:04:27;21607.4;0.7;140;1500;725;11666666.67
10/11/24 17:04:32;21612;0.7;140;1500;725;11666666.67
10/11/24 17:04:37;21617.3;0.7;140;1500;725;11666666.67
10/11/24 17:04:42;21621.9;0.7;140;1500;720;11666666.67
10/11/24 17:04:47;21627.3;0.7;140;1500;720;11666666.67
10/11/24 17:04:52;21632;0.7;140;1500;719;11666666.67
10/11/24 17:04:57;21638.5;0.7;140;1500;719;11666666.67
10/11/24 17:05:02;21642;0.7;140;1500;718;11666666.67
10/11/24 17:05:07;21647.4;0.7;140;1500;718;11666666.67
10/11/24 17:05:12;21652.1;0.7;140;1500;727;11666666.67
10/11/24 17:05:17;21657.4;0.7;140;1500;727;11666666.67
10/11/24 17:05:22;21662.1;0.7;140;1500;728;11666666.67
10/11/24 17:05:27;21667.3;0.7;140;1500;728;11666666.67
10/11/24 17:05:32;21672;0.7;140;1500;715;11666666.67
10/11/24 17:05:37;21677.3;0.7;140;1500;715;11666666.67
10/11/24 17:05:42;21682.1;0.7;140;1500;719;11666666.67
10/11/24 17:05:47;21687.4;0.7;140;1500;719;11666666.67
10/11/24 17:05:52;21692.2;0.7;140;1500;719;11666666.67
10/11/24 17:05:57;21698.5;0.7;140;1500;719;11666666.67
10/11/24 17:06:02;21702.1;0.7;140;1500;724;11666666.67
10/11/24 17:06:07;21707.5;0.7;140;1500;724;11666666.67
10/11/24 17:06:12;21712.1;0.7;140;1500;718;11666666.67
10/11/24 17:06:17;21717.4;0.7;140;1500;718;11666666.67
10/11/24 17:06:22;21722.1;0.7;140;1500;723;11666666.67
10/11/24 17:06:27;21727.6;0.7;140;1500;723;11666666.67
10/11/24 17:06:32;21732.2;0.7;140;1500;721;11666666.67
10/11/24 17:06:37;21737.5;0.7;140;1500;721;11666666.67
10/11/24 17:06:42;21742.2;0.7;140;1500;732;11666666.67
10/11/24 17:06:47;21747.5;0.7;140;1500;732;11666666.67
10/11/24 17:06:52;21752.2;0.7;140;1500;736;11666666.67
10/11/24 17:06:57;21758.5;0.7;140;1500;736;11666666.67
10/11/24 17:07:02;21762.2;0.7;140;1500;723;11666666.67
10/11/24 17:07:07;21767.6;0.7;140;1500;723;11666666.67
10/11/24 17:07:12;21772.2;0.7;140;1500;729;11666666.67
10/11/24 17:07:17;21777.6;0.7;140;1500;729;11666666.67
10/11/24 17:07:22;21782.1;0.7;140;1500;722;11666666.67
10/11/24 17:07:27;21787.6;0.7;140;1500;722;11666666.67
10/11/24 17:07:32;21792.5;0.7;140;1500;720;11666666.67
10/11/24 17:07:37;21797.8;0.7;140;1500;720;11666666.67
10/11/24 17:07:42;21802.3;0.7;140;1500;716;11666666.67
10/11/24 17:07:47;21807.7;0.7;140;1500;716;11666666.67
10/11/24 17:07:52;21812.3;0.7;140;1500;727;11666666.67
10/11/24 17:07:57;21818.7;0.7;140;1500;727;11666666.67
10/11/24 17:08:02;21822.3;0.7;140;1500;715;11666666.67
10/11/24 17:08:07;21827.6;0.7;140;1500;715;11666666.67
10/11/24 17:08:12;21832.3;0.7;140;1500;721;11666666.67
10/11/24 17:08:17;21837.9;0.7;140;1500;721;11666666.67
10/11/24 17:08:22;21842.2;0.7;140;1500;731;11666666.67
10/11/24 17:08:27;21847.6;0.7;140;1500;731;11666666.67
10/11/24 17:08:32;21852.3;0.7;140;1500;722;11666666.67
10/11/24 17:08:37;21857.5;0.7;140;1500;722;11666666.67
10/11/24 17:08:42;21862.5;0.7;140;1500;721;11666666.67
10/11/24 17:08:47;21867.8;0.7;140;1500;721;11666666.67
10/11/24 17:08:52;21872.4;0.7;140;1500;723;11666666.67
10/11/24 17:08:57;21878.9;0.7;140;1500;723;11666666.67
10/11/24 17:09:02;21882.6;0.7;140;1500;725;11666666.67
10/11/24 17:09:07;21887.8;0.7;140;1500;725;11666666.67
10/11/24 17:09:12;21892.4;0.7;140;1500;727;11666666.67
10/11/24 17:09:17;21897.9;0.7;140;1500;727;11666666.67
10/11/24 17:09:22;21903.3;0.7;140;1300;713;13461538.46
10/11/24 17:09:27;21907.8;0.7;140;1300;713;13461538.46
10/11/24 17:09:32;21912.6;0.7;140;1300;734;13461538.46
10/11/24 17:09:37;21917.8;0.7;140;1300;734;13461538.46
10/11/24 17:09:42;21922.5;0.7;140;1300;720;13461538.46
10/11/24 17:09:47;21927.9;0.7;140;1300;720;13461538.46
10/11/24 17:09:52;21932.6;0.7;140;1300;718;13461538.46
10/11/24 17:09:57;21938.9;0.7;140;1300;724;13461538.46
10/11/24 17:10:02;21942.6;0.7;140;1300;724;13461538.46
10/11/24 17:10:07;21948;0.7;140;1300;721;13461538.46
10/11/24 17:10:12;21952.7;0.7;140;1300;721;13461538.46
10/11/24 17:10:17;21958;0.7;140;1300;721;13461538.46
10/11/24 17:10:22;21962.5;0.7;140;1300;715;13461538.46
10/11/24 17:10:27;21967.9;0.7;140;1300;715;13461538.46
10/11/24 17:10:32;21972.7;0.7;140;1300;728;13461538.46
10/11/24 17:10:37;21977.9;0.7;140;1300;728;13461538.46
10/11/24 17:10:42;21982.7;0.7;140;1300;713;13461538.46
10/11/24 17:10:47;21988.1;0.7;140;1300;715;13461538.46
10/11/24 17:10:52;21992.7;0.7;140;1300;715;13461538.46
10/11/24 17:10:57;21999;0.7;140;1300;715;13461538.46
10/11/24 17:11:02;22002.6;0.7;140;1300;720;13461538.46
10/11/24 17:11:07;22007.9;0.7;140;1300;720;13461538.46
10/11/24 17:11:12;22012.7;0.7;140;1300;726;13461538.46
10/11/24 17:11:17;22018;0.7;140;1300;726;13461538.46
10/11/24 17:11:23;22022.8;0.7;140;1300;731;13461538.46
10/11/24 17:11:28;22028;0.7;140;1300;731;13461538.46
10/11/24 17:11:33;22032.8;0.7;140;1300;720;13461538.46
10/11/24 17:11:38;22038.1;0.7;140;1300;720;13461538.46
10/11/24 17:11:43;22042.8;0.7;140;1300;725;13461538.46
10/11/24 17:11:48;22048.1;0.7;140;1300;725;13461538.46
10/11/24 17:11:53;22052.9;0.7;140;640;721;27343750
10/11/24 17:11:58;22059.2;0.7;140;640;721;27343750
10/11/24 17:12:03;22062.8;0.7;140;640;724;27343750
10/11/24 17:12:08;22068.1;0.7;140;640;724;27343750
10/11/24 17:12:13;22072.8;0.7;140;640;720;27343750
10/11/24 17:12:18;22078.1;0.7;140;640;720;27343750
10/11/24 17:12:23;22082.8;0.7;140;640;724;27343750
10/11/24 17:12:28;22088.1;0.7;140;640;724;27343750
10/11/24 17:12:33;22092.8;0.7;140;640;726;27343750
10/11/24 17:12:38;22098.1;0.7;140;640;726;27343750
10/11/24 17:12:43;22103;0.7;140;640;720;27343750
10/11/24 17:12:48;22108.3;0.7;140;640;720;27343750
10/11/24 17:12:53;22112.9;0.7;140;640;726;27343750
10/11/24 17:12:58;22119.2;0.7;140;640;726;27343750
10/11/24 17:13:03;22122.9;0.7;140;640;729;27343750
10/11/24 17:13:08;22128.3;0.7;140;640;718;27343750
10/11/24 17:13:13;22132.9;0.7;140;640;718;27343750
10/11/24 17:13:18;22138.2;0.7;140;640;718;27343750
10/11/24 17:13:23;22142.9;0.7;140;640;721;27343750
10/11/24 17:13:28;22148.2;0.7;140;640;721;27343750
10/11/24 17:13:33;22152.9;0.7;140;640;734;27343750
10/11/24 17:13:38;22158.1;0.7;140;640;734;27343750
10/11/24 17:13:43;22162.9;0.7;140;640;727;27343750
10/11/24 17:13:48;22168.3;0.7;140;640;727;27343750
10/11/24 17:13:53;22173;0.7;140;640;727;27343750
10/11/24 17:13:58;22179.2;0.7;140;640;727;27343750
10/11/24 17:14:03;22182.9;0.7;140;640;727;27343750
10/11/24 17:14:08;22188.3;0.7;140;640;727;27343750
10/11/24 17:14:13;22193;0.7;140;640;724;27343750
10/11/24 17:14:18;22198.4;0.7;140;640;724;27343750
10/11/24 17:14:23;22203.1;0.7;140;160;723;109375000
10/11/24 17:14:28;22208.3;0.7;140;160;723;109375000
10/11/24 17:14:33;22213.1;0.7;140;160;723;109375000
10/11/24 17:14:38;22218.4;0.7;140;160;720;109375000
10/11/24 17:14:43;22223.3;0.7;140;160;720;109375000
10/11/24 17:14:48;22228.4;0.7;140;160;725;109375000
10/11/24 17:14:53;22233.3;0.7;140;160;725;109375000
10/11/24 17:14:58;22239.5;0.7;140;160;734;109375000
10/11/24 17:15:03;22243.1;0.7;140;160;734;109375000
10/11/24 17:15:08;22248.5;0.7;140;160;722;109375000
10/11/24 17:15:13;22253.2;0.7;140;160;722;109375000
10/11/24 17:15:18;22258.5;0.7;140;160;746;109375000
10/11/24 17:15:23;22263.1;0.7;140;160;746;109375000
10/11/24 17:15:28;22268.4;0.7;140;160;743;109375000
10/11/24 17:15:33;22273.2;0.7;140;160;743;109375000
10/11/24 17:15:38;22278.5;0.7;140;160;751;109375000
10/11/24 17:15:43;22283.2;0.7;140;160;751;109375000
10/11/24 17:15:48;22288.5;0.7;140;160;747;109375000
10/11/24 17:15:53;22293.2;0.7;140;160;747;109375000
10/11/24 17:15:58;22299.6;0.7;140;160;754;109375000
10/11/24 17:16:03;22303.1;0.7;140;160;754;109375000
10/11/24 17:16:08;22308.6;0.7;140;160;745;109375000
10/11/24 17:16:13;22313.2;0.7;140;160;745;109375000
10/11/24 17:16:18;22318.5;0.7;140;160;740;109375000
10/11/24 17:16:23;22323.1;0.7;140;160;740;109375000
10/11/24 17:16:28;22328.7;0.7;140;160;751;109375000
10/11/24 17:16:33;22333.2;0.7;140;160;751;109375000
10/11/24 17:16:38;22338.6;0.7;140;160;753;109375000
10/11/24 17:16:43;22343.3;0.7;140;160;753;109375000
10/11/24 17:16:48;22348.6;0.7;140;160;756;109375000
10/11/24 17:16:53;22353.4;0.7;140;62;756;282258064.5
10/11/24 17:16:58;22359.8;0.7;140;62;746;282258064.5
10/11/24 17:17:03;22363.3;0.7;140;62;746;282258064.5
10/11/24 17:17:08;22368.6;0.7;140;62;748;282258064.5
10/11/24 17:17:13;22373.3;0.7;140;62;748;282258064.5
10/11/24 17:17:18;22378.6;0.7;140;62;751;282258064.5
10/11/24 17:17:23;22383.5;0.7;140;62;751;282258064.5
10/11/24 17:17:28;22388.6;0.7;140;62;748;282258064.5
10/11/24 17:17:33;22393.3;0.7;140;62;748;282258064.5
10/11/24 17:17:38;22398.7;0.7;140;62;751;282258064.5
10/11/24 17:17:43;22403.4;0.7;140;62;751;282258064.5
10/11/24 17:17:48;22408.8;0.7;140;62;727;282258064.5
10/11/24 17:17:53;22413.4;0.7;140;62;727;282258064.5
10/11/24 17:17:58;22419.7;0.7;140;62;704;282258064.5
10/11/24 17:18:03;22423.6;0.7;140;62;704;282258064.5
10/11/24 17:18:08;22428.7;0.7;140;62;703;282258064.5
10/11/24 17:18:13;22433.5;0.7;140;62;703;282258064.5
10/11/24 17:18:18;22438.7;0.7;140;62;715;282258064.5
10/11/24 17:18:23;22443.4;0.7;140;62;715;282258064.5
10/11/24 17:18:28;22448.7;0.7;140;62;713;282258064.5
10/11/24 17:18:33;22453.4;0.7;140;62;713;282258064.5
10/11/24 17:18:38;22458.7;0.7;140;62;712;282258064.5
10/11/24 17:18:43;22463.6;0.7;140;62;712;282258064.5
10/11/24 17:18:48;22468.8;0.7;140;62;718;282258064.5
10/11/24 17:18:53;22473.7;0.7;140;62;718;282258064.5
10/11/24 17:18:58;22479.8;0.7;140;62;714;282258064.5
10/11/24 17:19:03;22483.6;0.7;140;62;714;282258064.5
10/11/24 17:19:08;22488.9;0.7;140;62;707;282258064.5
10/11/24 17:19:13;22493.7;0.7;140;62;707;282258064.5
10/11/24 17:19:18;22498.8;0.7;140;62;713;282258064.5
10/11/24 17:19:23;22504;0.6;120;62;713;241935483.9
10/11/24 17:19:28;22508.8;0.6;120;62;703;241935483.9
10/11/24 17:19:33;22513.8;0.6;120;62;703;241935483.9
10/11/24 17:19:38;22518.8;0.6;120;62;704;241935483.9
10/11/24 17:19:43;22523.7;0.6;120;62;704;241935483.9
10/11/24 17:19:48;22528.9;0.6;120;62;712;241935483.9
10/11/24 17:19:53;22533.7;0.6;120;62;712;241935483.9
10/11/24 17:19:58;22539.9;0.6;120;62;716;241935483.9
10/11/24 17:20:03;22543.8;0.6;120;62;716;241935483.9
10/11/24 17:20:08;22548.8;0.6;120;62;706;241935483.9
10/11/24 17:20:13;22553.7;0.6;120;62;706;241935483.9
10/11/24 17:20:18;22558.9;0.6;120;62;711;241935483.9
10/11/24 17:20:24;22563.8;0.6;120;62;711;241935483.9
10/11/24 17:20:29;22568.9;0.6;120;62;711;241935483.9
10/11/24 17:20:34;22573.9;0.6;120;62;711;241935483.9
10/11/24 17:20:39;22578.9;0.6;120;62;712;241935483.9
10/11/24 17:20:44;22583.8;0.6;120;62;712;241935483.9
10/11/24 17:20:49;22589;0.6;120;62;707;241935483.9
10/11/24 17:20:54;22594;0.6;120;62;707;241935483.9
10/11/24 17:20:59;22600;0.6;120;62;723;241935483.9
10/11/24 17:21:04;22603.8;0.6;120;62;723;241935483.9
10/11/24 17:21:09;22608.9;0.6;120;62;703;241935483.9
10/11/24 17:21:14;22613.8;0.6;120;62;703;241935483.9
10/11/24 17:21:19;22618.9;0.6;120;62;710;241935483.9
10/11/24 17:21:24;22623.7;0.6;120;62;710;241935483.9
10/11/24 17:21:29;22628.9;0.6;120;62;701;241935483.9
10/11/24 17:21:34;22634.1;0.6;120;62;701;241935483.9
10/11/24 17:21:39;22638.9;0.6;120;62;716;241935483.9
10/11/24 17:21:44;22644;0.6;120;62;716;241935483.9
10/11/24 17:21:49;22649.1;0.6;120;62;711;241935483.9
10/11/24 17:21:54;22653.9;0.6;120;160;711;93750000
10/11/24 17:21:59;22660;0.6;120;160;713;93750000
10/11/24 17:22:04;22663.9;0.6;120;160;713;93750000
10/11/24 17:22:09;22669;0.6;120;160;701;93750000
10/11/24 17:22:14;22674.2;0.6;120;160;701;93750000
10/11/24 17:22:19;22679.1;0.6;120;160;709;93750000
10/11/24 17:22:24;22684.1;0.6;120;160;709;93750000
10/11/24 17:22:29;22689;0.6;120;160;707;93750000
10/11/24 17:22:34;22693.9;0.6;120;160;707;93750000
10/11/24 17:22:39;22699;0.6;120;160;708;93750000
10/11/24 17:22:44;22704.2;0.6;120;160;708;93750000
10/11/24 17:22:49;22709.2;0.6;120;160;741;93750000
10/11/24 17:22:54;22713.9;0.6;120;160;741;93750000
10/11/24 17:22:59;22720.3;0.6;120;160;749;93750000
10/11/24 17:23:04;22724.2;0.6;120;160;749;93750000
10/11/24 17:23:09;22729.1;0.6;120;160;739;93750000
10/11/24 17:23:14;22734.1;0.6;120;160;739;93750000
10/11/24 17:23:19;22739.1;0.6;120;160;738;93750000
10/11/24 17:23:24;22744;0.6;120;160;738;93750000
10/11/24 17:23:29;22749.2;0.6;120;160;747;93750000
10/11/24 17:23:34;22754.1;0.6;120;160;747;93750000
10/11/24 17:23:39;22759.8;0.6;120;160;733;93750000
10/11/24 17:23:44;22764.3;0.6;120;160;733;93750000
10/11/24 17:23:49;22769.3;0.6;120;160;736;93750000
10/11/24 17:23:54;22774.2;0.6;120;160;736;93750000
10/11/24 17:23:59;22780.2;0.6;120;160;752;93750000
10/11/24 17:24:04;22784;0.6;120;160;752;93750000
10/11/24 17:24:09;22789.2;0.6;120;160;743;93750000
10/11/24 17:24:14;22794.3;0.6;120;160;743;93750000
10/11/24 17:24:19;22799.3;0.6;120;160;737;93750000
10/11/24 17:24:24;22804.2;0.6;120;640;737;23437500
10/11/24 17:24:29;22809.4;0.6;120;640;744;23437500
10/11/24 17:24:34;22814.4;0.6;120;640;744;23437500
10/11/24 17:24:39;22819.4;0.6;120;640;744;23437500
10/11/24 17:24:44;22824.4;0.6;120;640;744;23437500
10/11/24 17:24:49;22829.3;0.6;120;640;743;23437500
10/11/24 17:24:54;22834.4;0.6;120;640;743;23437500
10/11/24 17:24:59;22840.4;0.6;120;640;756;23437500
10/11/24 17:25:04;22844.4;0.6;120;640;756;23437500
10/11/24 17:25:09;22849.4;0.6;120;640;751;23437500
10/11/24 17:25:14;22854.3;0.6;120;640;751;23437500
10/11/24 17:25:19;22859.4;0.6;120;640;733;23437500
10/11/24 17:25:24;22864.3;0.6;120;640;733;23437500
10/11/24 17:25:29;22869.3;0.6;120;640;721;23437500
10/11/24 17:25:34;22874.3;0.6;120;640;721;23437500
10/11/24 17:25:39;22879.4;0.6;120;640;724;23437500
10/11/24 17:25:44;22884.4;0.6;120;640;724;23437500
10/11/24 17:25:49;22889.4;0.6;120;640;723;23437500
10/11/24 17:25:54;22894.5;0.6;120;640;723;23437500
10/11/24 17:25:59;22900.5;0.6;120;640;726;23437500
10/11/24 17:26:04;22904.5;0.6;120;640;726;23437500
10/11/24 17:26:09;22909.5;0.6;120;640;721;23437500
10/11/24 17:26:14;22914.4;0.6;120;640;721;23437500
10/11/24 17:26:19;22919.4;0.6;120;640;726;23437500
10/11/24 17:26:24;22924.4;0.6;120;640;726;23437500
10/11/24 17:26:29;22929.4;0.6;120;640;723;23437500
10/11/24 17:26:34;22934.4;0.6;120;640;723;23437500
10/11/24 17:26:39;22939.5;0.6;120;640;724;23437500
10/11/24 17:26:44;22944.5;0.6;120;640;724;23437500
10/11/24 17:26:49;22949.5;0.6;120;640;727;23437500
10/11/24 17:26:54;22954.5;0.6;120;1300;727;11538461.54
10/11/24 17:26:59;22960.4;0.6;120;1300;729;11538461.54
10/11/24 17:27:04;22964.5;0.6;120;1300;729;11538461.54
10/11/24 17:27:09;22969.4;0.6;120;1300;724;11538461.54
10/11/24 17:27:14;22974.4;0.6;120;1300;724;11538461.54
10/11/24 17:27:19;22979.6;0.6;120;1300;729;11538461.54
10/11/24 17:27:24;22984.5;0.6;120;1300;729;11538461.54
10/11/24 17:27:29;22989.6;0.6;120;1300;728;11538461.54
10/11/24 17:27:34;22994.7;0.6;120;1300;728;11538461.54
10/11/24 17:27:39;22999.6;0.6;120;1300;723;11538461.54
10/11/24 17:27:44;23004.5;0.6;120;1300;723;11538461.54
10/11/24 17:27:49;23009.6;0.6;120;1300;721;11538461.54
10/11/24 17:27:54;23014.5;0.6;120;1300;721;11538461.54
10/11/24 17:27:59;23020.7;0.6;120;1300;719;11538461.54
10/11/24 17:28:04;23024.7;0.6;120;1300;719;11538461.54
10/11/24 17:28:09;23029.7;0.6;120;1300;720;11538461.54
10/11/24 17:28:14;23034.7;0.6;120;1300;720;11538461.54
10/11/24 17:28:19;23039.5;0.6;120;1300;727;11538461.54
10/11/24 17:28:24;23044.6;0.6;120;1300;727;11538461.54
10/11/24 17:28:29;23049.6;0.6;120;1300;730;11538461.54
10/11/24 17:28:34;23054.5;0.6;120;1300;730;11538461.54
10/11/24 17:28:39;23059.7;0.6;120;1300;723;11538461.54
10/11/24 17:28:44;23064.8;0.6;120;1300;723;11538461.54
10/11/24 17:28:49;23069.9;0.6;120;1300;716;11538461.54
10/11/24 17:28:54;23074.8;0.6;120;1300;716;11538461.54
10/11/24 17:28:59;23080.7;0.6;120;1300;724;11538461.54
10/11/24 17:29:04;23084.7;0.6;120;1300;724;11538461.54
10/11/24 17:29:09;23089.7;0.6;120;1300;717;11538461.54
10/11/24 17:29:14;23094.7;0.6;120;1300;717;11538461.54
10/11/24 17:29:19;23099.6;0.6;120;1300;731;11538461.54
10/11/24 17:29:24;23104.9;0.6;120;1500;731;10000000
10/11/24 17:29:29;23109.9;0.6;120;1500;711;10000000
10/11/24 17:29:34;23114.9;0.6;120;1500;711;10000000
10/11/24 17:29:39;23119.7;0.6;120;1500;723;10000000
10/11/24 17:29:44;23124.8;0.6;120;1500;723;10000000
10/11/24 17:29:50;23129.8;0.6;120;1500;720;10000000
10/11/24 17:29:55;23134.7;0.6;120;1500;720;10000000
10/11/24 17:30:00;23140.9;0.6;120;1500;719;10000000
10/11/24 17:30:05;23144.9;0.6;120;1500;719;10000000
10/11/24 17:30:10;23149.9;0.6;120;1500;727;10000000
10/11/24 17:30:15;23154.9;0.6;120;1500;727;10000000
10/11/24 17:30:20;23160;0.6;120;1500;722;10000000
10/11/24 17:30:25;23165;0.6;120;1500;722;10000000
10/11/24 17:30:30;23169.9;0.6;120;1500;717;10000000
10/11/24 17:30:35;23174.9;0.6;120;1500;717;10000000
10/11/24 17:30:40;23179.9;0.6;120;1500;719;10000000
10/11/24 17:30:45;23185;0.6;120;1500;719;10000000
10/11/24 17:30:50;23190;0.6;120;1500;720;10000000
10/11/24 17:30:55;23195;0.6;120;1500;720;10000000
10/11/24 17:31:00;23201;0.6;120;1500;721;10000000
10/11/24 17:31:05;23205;0.6;120;1500;721;10000000
10/11/24 17:31:10;23209.9;0.6;120;1500;729;10000000
10/11/24 17:31:15;23215;0.6;120;1500;729;10000000
10/11/24 17:31:20;23220;0.6;120;1500;722;10000000
10/11/24 17:31:25;23225;0.6;120;1500;722;10000000
10/11/24 17:31:30;23230;0.6;120;1500;722;10000000
10/11/24 17:31:35;23235.1;0.6;120;1500;722;10000000
10/11/24 17:31:40;23240.1;0.6;120;1500;727;10000000
10/11/24 17:31:45;23245.1;0.6;120;1500;727;10000000
10/11/24 17:31:50;23250.2;0.6;120;1500;715;10000000
10/11/24 17:31:55;23255.1;0.6;120;1500;715;10000000
10/11/24 17:32:00;23261;0.6;120;1500;723;10000000
10/11/24 17:32:05;23265;0.6;120;1500;723;10000000
10/11/24 17:32:10;23270.1;0.6;120;1500;718;10000000
10/11/24 17:32:15;23275;0.6;120;1500;718;10000000
10/11/24 17:32:20;23280.2;0.6;120;1500;717;10000000
10/11/24 17:32:25;23285.1;0.6;120;1500;717;10000000
10/11/24 17:32:30;23290.2;0.6;120;1500;718;10000000
10/11/24 17:32:35;23295.1;0.6;120;1500;718;10000000
10/11/24 17:32:40;23300.1;0.6;120;1500;715;10000000
10/11/24 17:32:45;23305;0.6;120;1500;715;10000000
10/11/24 17:32:50;23310;0.6;120;1500;720;10000000
10/11/24 17:32:55;23315;0.6;120;1500;720;10000000
10/11/24 17:33:00;23321.1;0.6;120;1500;726;10000000
10/11/24 17:33:05;23325.2;0.6;120;1500;726;10000000
10/11/24 17:33:10;23330.2;0.6;120;1500;728;10000000
10/11/24 17:33:15;23335.2;0.6;120;1500;728;10000000
10/11/24 17:33:20;23340.2;0.6;120;1500;721;10000000
10/11/24 17:33:25;23345.2;0.6;120;1500;721;10000000
10/11/24 17:33:30;23350;0.6;120;1500;715;10000000
10/11/24 17:33:35;23355;0.6;120;1500;715;10000000
10/11/24 17:33:40;23360.1;0.6;120;1500;716;10000000
10/11/24 17:33:45;23365.2;0.6;120;1500;716;10000000
10/11/24 17:33:50;23370.2;0.6;120;1500;714;10000000
10/11/24 17:33:55;23375.2;0.6;120;1500;714;10000000
10/11/24 17:34:00;23381.2;0.6;120;1500;719;10000000
10/11/24 17:34:05;23385.1;0.6;120;1500;719;10000000
10/11/24 17:34:10;23390.2;0.6;120;1500;721;10000000
10/11/24 17:34:15;23395.2;0.6;120;1500;721;10000000
10/11/24 17:34:20;23400.3;0.6;120;1300;724;11538461.54
10/11/24 17:34:25;23405.3;0.6;120;1300;724;11538461.54
10/11/24 17:34:30;23410.3;0.6;120;1300;717;11538461.54
10/11/24 17:34:35;23415.3;0.6;120;1300;717;11538461.54
10/11/24 17:34:40;23420.3;0.6;120;1300;724;11538461.54
10/11/24 17:34:45;23425.3;0.6;120;1300;724;11538461.54
10/11/24 17:34:50;23430.3;0.6;120;1300;718;11538461.54
10/11/24 17:34:55;23435.3;0.6;120;1300;718;11538461.54
10/11/24 17:35:00;23441.3;0.6;120;1300;718;11538461.54
10/11/24 17:35:05;23445.3;0.6;120;1300;718;11538461.54
10/11/24 17:35:10;23450.4;0.6;120;1300;719;11538461.54
10/11/24 17:35:15;23455.2;0.6;120;1300;719;11538461.54
10/11/24 17:35:20;23460.2;0.6;120;1300;733;11538461.54
10/11/24 17:35:25;23465.2;0.6;120;1300;733;11538461.54
10/11/24 17:35:30;23470.3;0.6;120;1300;720;11538461.54
10/11/24 17:35:35;23475.4;0.6;120;1300;720;11538461.54
10/11/24 17:35:40;23480.4;0.6;120;1300;720;11538461.54
10/11/24 17:35:45;23485.4;0.6;120;1300;720;11538461.54
10/11/24 17:35:50;23490.4;0.6;120;1300;724;11538461.54
10/11/24 17:35:55;23495.5;0.6;120;1300;724;11538461.54
10/11/24 17:36:00;23501.4;0.6;120;1300;716;11538461.54
10/11/24 17:36:05;23505.4;0.6;120;1300;716;11538461.54
10/11/24 17:36:10;23510.5;0.6;120;1300;713;11538461.54
10/11/24 17:36:15;23515.8;0.6;120;1300;713;11538461.54
10/11/24 17:36:20;23520.6;0.6;120;1300;720;11538461.54
10/11/24 17:36:25;23525.5;0.6;120;1300;720;11538461.54
10/11/24 17:36:30;23530.4;0.6;120;1300;720;11538461.54
10/11/24 17:36:35;23535.4;0.6;120;1300;720;11538461.54
10/11/24 17:36:40;23540.6;0.6;120;1300;716;11538461.54
10/11/24 17:36:45;23545.6;0.6;120;1300;716;11538461.54
10/11/24 17:36:50;23550.5;0.6;120;640;719;23437500
10/11/24 17:36:55;23555.6;0.6;120;640;719;23437500
10/11/24 17:37:00;23561.5;0.6;120;640;715;23437500
10/11/24 17:37:05;23565.7;0.6;120;640;715;23437500
10/11/24 17:37:10;23570.5;0.6;120;640;725;23437500
10/11/24 17:37:15;23575.4;0.6;120;640;725;23437500
10/11/24 17:37:20;23580.7;0.6;120;640;719;23437500
10/11/24 17:37:25;23585.8;0.6;120;640;719;23437500
10/11/24 17:37:30;23590.7;0.6;120;640;723;23437500
10/11/24 17:37:35;23595.5;0.6;120;640;723;23437500
10/11/24 17:37:40;23600.6;0.6;120;640;730;23437500
10/11/24 17:37:45;23605.6;0.6;120;640;730;23437500
10/11/24 17:37:50;23610.8;0.6;120;640;725;23437500
10/11/24 17:37:55;23615.7;0.6;120;640;725;23437500
10/11/24 17:38:00;23621.6;0.6;120;640;732;23437500
10/11/24 17:38:05;23625.7;0.6;120;640;732;23437500
10/11/24 17:38:10;23630.7;0.6;120;640;727;23437500
10/11/24 17:38:15;23635.7;0.6;120;640;727;23437500
10/11/24 17:38:20;23640.7;0.6;120;640;714;23437500
10/11/24 17:38:26;23645.6;0.6;120;640;714;23437500
10/11/24 17:38:31;23650.9;0.6;120;640;727;23437500
10/11/24 17:38:36;23655.8;0.6;120;640;727;23437500
10/11/24 17:38:41;23660.8;0.6;120;640;726;23437500
10/11/24 17:38:46;23665.8;0.6;120;640;726;23437500
10/11/24 17:38:51;23670.8;0.6;120;640;719;23437500
10/11/24 17:38:56;23675.8;0.6;120;640;719;23437500
10/11/24 17:39:01;23681.6;0.6;120;640;719;23437500
10/11/24 17:39:06;23686;0.6;120;640;719;23437500
10/11/24 17:39:11;23690.8;0.6;120;640;717;23437500
10/11/24 17:39:16;23695.8;0.6;120;640;717;23437500
10/11/24 17:39:21;23701.2;0.6;120;160;731;93750000
10/11/24 17:39:26;23705.8;0.6;120;160;731;93750000
10/11/24 17:39:31;23710.8;0.6;120;160;716;93750000
10/11/24 17:39:36;23715.8;0.6;120;160;716;93750000
10/11/24 17:39:41;23721;0.6;120;160;727;93750000
10/11/24 17:39:46;23725.9;0.6;120;160;727;93750000
10/11/24 17:39:51;23731;0.6;120;160;722;93750000
10/11/24 17:39:56;23736;0.6;120;160;722;93750000
10/11/24 17:40:01;23741.8;0.6;120;160;719;93750000
10/11/24 17:40:06;23745.9;0.6;120;160;719;93750000
10/11/24 17:40:11;23750.9;0.6;120;160;722;93750000
10/11/24 17:40:16;23755.9;0.6;120;160;722;93750000
10/11/24 17:40:21;23760.9;0.6;120;160;728;93750000
10/11/24 17:40:26;23766;0.6;120;160;728;93750000
10/11/24 17:40:31;23771.1;0.6;120;160;740;93750000
10/11/24 17:40:36;23775.9;0.6;120;160;740;93750000
10/11/24 17:40:41;23780.9;0.6;120;160;745;93750000
10/11/24 17:40:46;23785.9;0.6;120;160;745;93750000
10/11/24 17:40:51;23791;0.6;120;160;757;93750000
10/11/24 17:40:56;23795.9;0.6;120;160;757;93750000
10/11/24 17:41:01;23802;0.6;120;160;762;93750000
10/11/24 17:41:06;23806.1;0.6;120;160;762;93750000
10/11/24 17:41:11;23811.1;0.6;120;160;743;93750000
10/11/24 17:41:16;23816.1;0.6;120;160;743;93750000
10/11/24 17:41:21;23821;0.6;120;160;746;93750000
10/11/24 17:41:26;23826;0.6;120;160;746;93750000
10/11/24 17:41:31;23831;0.6;120;160;746;93750000
10/11/24 17:41:36;23836;0.6;120;160;746;93750000
10/11/24 17:41:41;23841;0.6;120;160;751;93750000
10/11/24 17:41:46;23846.1;0.6;120;160;751;93750000
10/11/24 17:41:51;23851.1;0.6;120;62;762;241935483.9
10/11/24 17:41:56;23856.2;0.6;120;62;762;241935483.9
10/11/24 17:42:01;23861.8;0.6;120;62;742;241935483.9
10/11/24 17:42:06;23866;0.6;120;62;742;241935483.9
10/11/24 17:42:11;23871;0.6;120;62;754;241935483.9
10/11/24 17:42:16;23876;0.6;120;62;754;241935483.9
10/11/24 17:42:21;23881.1;0.6;120;62;741;241935483.9
10/11/24 17:42:26;23886.3;0.6;120;62;741;241935483.9
10/11/24 17:42:31;23891.4;0.6;120;62;738;241935483.9
10/11/24 17:42:36;23896.5;0.6;120;62;738;241935483.9
10/11/24 17:42:41;23901.6;0.6;120;62;755;241935483.9
10/11/24 17:42:46;23906.7;0.6;120;62;755;241935483.9
10/11/24 17:42:51;23911.3;0.6;120;62;725;241935483.9
10/11/24 17:42:56;23916.2;0.6;120;62;725;241935483.9
10/11/24 17:43:01;23921.8;0.6;120;62;714;241935483.9
10/11/24 17:43:06;23926.2;0.6;120;62;714;241935483.9
10/11/24 17:43:11;23931.2;0.6;120;62;710;241935483.9
10/11/24 17:43:16;23936.1;0.6;120;62;710;241935483.9
10/11/24 17:43:21;23941.2;0.6;120;62;715;241935483.9
10/11/24 17:43:26;23946.2;0.6;120;62;715;241935483.9
10/11/24 17:43:31;23951.2;0.6;120;62;720;241935483.9
10/11/24 17:43:36;23956.1;0.6;120;62;720;241935483.9
10/11/24 17:43:41;23961.1;0.6;120;62;712;241935483.9
10/11/24 17:43:46;23966.2;0.6;120;62;712;241935483.9
10/11/24 17:43:51;23971.2;0.6;120;62;712;241935483.9
10/11/24 17:43:56;23976.3;0.6;120;62;712;241935483.9
10/11/24 17:44:01;23982.2;0.6;120;62;707;241935483.9
10/11/24 17:44:06;23986.3;0.6;120;62;707;241935483.9
10/11/24 17:44:11;23991.3;0.6;120;62;710;241935483.9
10/11/24 17:44:16;23996.2;0.6;120;62;710;241935483.9
10/11/24 17:44:21;24001.3;0.5;100;62;706;201612903.2
10/11/24 17:44:26;24006.4;0.5;100;62;706;201612903.2
10/11/24 17:44:31;24011.4;0.5;100;62;707;201612903.2
10/11/24 17:44:36;24016.4;0.5;100;62;707;201612903.2
10/11/24 17:44:41;24021.3;0.5;100;62;714;201612903.2
10/11/24 17:44:46;24026.3;0.5;100;62;714;201612903.2
10/11/24 17:44:51;24031.4;0.5;100;62;714;201612903.2
10/11/24 17:44:56;24036.5;0.5;100;62;714;201612903.2
10/11/24 17:45:01;24042.4;0.5;100;62;711;201612903.2
10/11/24 17:45:06;24046.7;0.5;100;62;711;201612903.2
10/11/24 17:45:11;24051.4;0.5;100;62;714;201612903.2
10/11/24 17:45:16;24056.4;0.5;100;62;714;201612903.2
10/11/24 17:45:21;24061.3;0.5;100;62;707;201612903.2
10/11/24 17:45:26;24066.4;0.5;100;62;707;201612903.2
10/11/24 17:45:31;24071.3;0.5;100;62;710;201612903.2
10/11/24 17:45:36;24076.6;0.5;100;62;710;201612903.2
10/11/24 17:45:41;24081.6;0.5;100;62;701;201612903.2
10/11/24 17:45:46;24086.6;0.5;100;62;701;201612903.2
10/11/24 17:45:51;24091.6;0.5;100;62;698;201612903.2
10/11/24 17:45:56;24096.6;0.5;100;62;698;201612903.2
10/11/24 17:46:01;24102.5;0.5;100;62;703;201612903.2
10/11/24 17:46:06;24106.4;0.5;100;62;703;201612903.2
10/11/24 17:46:11;24111.4;0.5;100;62;714;201612903.2
10/11/24 17:46:16;24116.6;0.5;100;62;714;201612903.2
10/11/24 17:46:21;24121.6;0.5;100;62;715;201612903.2
10/11/24 17:46:26;24126.6;0.5;100;62;715;201612903.2
10/11/24 17:46:31;24131.6;0.5;100;62;718;201612903.2
10/11/24 17:46:36;24136.7;0.5;100;62;718;201612903.2
10/11/24 17:46:41;24141.7;0.5;100;62;703;201612903.2
10/11/24 17:46:46;24146.7;0.5;100;62;703;201612903.2
10/11/24 17:46:51;24151.5;0.5;100;160;708;78125000
10/11/24 17:46:56;24156.7;0.5;100;160;708;78125000
10/11/24 17:47:01;24162.7;0.5;100;160;711;78125000
10/11/24 17:47:06;24166.7;0.5;100;160;711;78125000
10/11/24 17:47:11;24171.7;0.5;100;160;714;78125000
10/11/24 17:47:16;24176.7;0.5;100;160;714;78125000
10/11/24 17:47:21;24181.7;0.5;100;160;706;78125000
10/11/24 17:47:26;24186.7;0.5;100;160;706;78125000
10/11/24 17:47:31;24191.8;0.5;100;160;708;78125000
10/11/24 17:47:36;24196.7;0.5;100;160;708;78125000
10/11/24 17:47:41;24201.7;0.5;100;160;711;78125000
10/11/24 17:47:46;24206.7;0.5;100;160;711;78125000
10/11/24 17:47:51;24211.7;0.5;100;160;720;78125000
10/11/24 17:47:56;24216.8;0.5;100;160;720;78125000
10/11/24 17:48:02;24222.7;0.5;100;160;737;78125000
10/11/24 17:48:07;24226.8;0.5;100;160;737;78125000
10/11/24 17:48:12;24231.8;0.5;100;160;737;78125000
10/11/24 17:48:17;24236.8;0.5;100;160;737;78125000
10/11/24 17:48:22;24241.8;0.5;100;160;735;78125000
10/11/24 17:48:27;24246.8;0.5;100;160;735;78125000
10/11/24 17:48:32;24251.8;0.5;100;160;738;78125000
10/11/24 17:48:37;24256.8;0.5;100;160;738;78125000
10/11/24 17:48:42;24262;0.5;100;160;730;78125000
10/11/24 17:48:47;24266.8;0.5;100;160;730;78125000
10/11/24 17:48:52;24271.9;0.5;100;160;744;78125000
10/11/24 17:48:57;24276.9;0.5;100;160;744;78125000
10/11/24 17:49:02;24282.7;0.5;100;160;736;78125000
10/11/24 17:49:07;24286.9;0.5;100;160;736;78125000
10/11/24 17:49:12;24292;0.5;100;160;741;78125000
10/11/24 17:49:17;24297;0.5;100;160;741;78125000
10/11/24 17:49:22;24302.1;0.5;100;640;740;19531250
10/11/24 17:49:27;24306.9;0.5;100;640;740;19531250
10/11/24 17:49:32;24311.9;0.5;100;640;740;19531250
10/11/24 17:49:37;24316.9;0.5;100;640;740;19531250
10/11/24 17:49:42;24321.9;0.5;100;640;737;19531250
10/11/24 17:49:47;24326.9;0.5;100;640;737;19531250
10/11/24 17:49:52;24331.9;0.5;100;640;729;19531250
10/11/24 17:49:57;24336.9;0.5;100;640;729;19531250
10/11/24 17:50:02;24342.9;0.5;100;640;740;19531250
10/11/24 17:50:07;24346.9;0.5;100;640;740;19531250
10/11/24 17:50:12;24351.9;0.5;100;640;738;19531250
10/11/24 17:50:17;24356.9;0.5;100;640;738;19531250
10/11/24 17:50:22;24361.9;0.5;100;640;743;19531250
10/11/24 17:50:27;24366.9;0.5;100;640;743;19531250
10/11/24 17:50:32;24371.9;0.5;100;640;718;19531250
10/11/24 17:50:37;24377;0.5;100;640;718;19531250
10/11/24 17:50:42;24382;0.5;100;640;720;19531250
10/11/24 17:50:47;24387.1;0.5;100;640;720;19531250
10/11/24 17:50:52;24392;0.5;100;640;719;19531250
10/11/24 17:50:57;24397;0.5;100;640;719;19531250
10/11/24 17:51:02;24402.9;0.5;100;640;719;19531250
10/11/24 17:51:07;24407;0.5;100;640;719;19531250
10/11/24 17:51:12;24412;0.5;100;640;714;19531250
10/11/24 17:51:17;24417.2;0.5;100;640;714;19531250
10/11/24 17:51:22;24422;0.5;100;640;724;19531250
10/11/24 17:51:27;24427.1;0.5;100;640;724;19531250
10/11/24 17:51:32;24432.1;0.5;100;640;721;19531250
10/11/24 17:51:37;24437.1;0.5;100;640;721;19531250
10/11/24 17:51:42;24442;0.5;100;640;729;19531250
10/11/24 17:51:47;24447;0.5;100;640;729;19531250
10/11/24 17:51:52;24452;0.5;100;1300;723;9615384.615
10/11/24 17:51:57;24457.2;0.5;100;1300;723;9615384.615
10/11/24 17:52:02;24463.1;0.5;100;1300;725;9615384.615
10/11/24 17:52:07;24467;0.5;100;1300;725;9615384.615
10/11/24 17:52:12;24472.4;0.5;100;1300;715;9615384.615
10/11/24 17:52:17;24477.3;0.5;100;1300;715;9615384.615
10/11/24 17:52:22;24482.2;0.5;100;1300;716;9615384.615
10/11/24 17:52:27;24487.1;0.5;100;1300;716;9615384.615
10/11/24 17:52:32;24492.1;0.5;100;1300;729;9615384.615
10/11/24 17:52:37;24497.1;0.5;100;1300;729;9615384.615
10/11/24 17:52:42;24502.1;0.5;100;1300;733;9615384.615
10/11/24 17:52:47;24507.2;0.5;100;1300;733;9615384.615
10/11/24 17:52:52;24512.3;0.5;100;1300;720;9615384.615
10/11/24 17:52:57;24517.3;0.5;100;1300;720;9615384.615
10/11/24 17:53:02;24523.3;0.5;100;1300;709;9615384.615
10/11/24 17:53:07;24527.2;0.5;100;1300;709;9615384.615
10/11/24 17:53:12;24532.2;0.5;100;1300;710;9615384.615
10/11/24 17:53:17;24537.2;0.5;100;1300;710;9615384.615
10/11/24 17:53:22;24542.1;0.5;100;1300;717;9615384.615
10/11/24 17:53:27;24547.1;0.5;100;1300;717;9615384.615
10/11/24 17:53:32;24552.3;0.5;100;1300;715;9615384.615
10/11/24 17:53:37;24557.5;0.5;100;1300;715;9615384.615
10/11/24 17:53:42;24562.5;0.5;100;1300;715;9615384.615
10/11/24 17:53:47;24567.4;0.5;100;1300;715;9615384.615
10/11/24 17:53:52;24572.5;0.5;100;1300;724;9615384.615
10/11/24 17:53:57;24577.5;0.5;100;1300;724;9615384.615
10/11/24 17:54:02;24582.9;0.5;100;1300;718;9615384.615
10/11/24 17:54:07;24587.5;0.5;100;1300;718;9615384.615
10/11/24 17:54:12;24592.4;0.5;100;1300;713;9615384.615
10/11/24 17:54:17;24597.6;0.5;100;1300;713;9615384.615
10/11/24 17:54:22;24602.5;0.5;100;1500;725;8333333.333
10/11/24 17:54:27;24607.5;0.5;100;1500;725;8333333.333
10/11/24 17:54:32;24612.4;0.5;100;1500;722;8333333.333
10/11/24 17:54:37;24617.4;0.5;100;1500;722;8333333.333
10/11/24 17:54:42;24622.2;0.5;100;1500;717;8333333.333
10/11/24 17:54:47;24627.4;0.5;100;1500;717;8333333.333
10/11/24 17:54:52;24632.6;0.5;100;1500;716;8333333.333
10/11/24 17:54:57;24637.7;0.5;100;1500;716;8333333.333
10/11/24 17:55:02;24643.1;0.5;100;1500;718;8333333.333
10/11/24 17:55:07;24647.6;0.5;100;1500;718;8333333.333
10/11/24 17:55:12;24652.6;0.5;100;1500;708;8333333.333
10/11/24 17:55:17;24657.6;0.5;100;1500;708;8333333.333
10/11/24 17:55:22;24662.5;0.5;100;1500;714;8333333.333
10/11/24 17:55:27;24667.6;0.5;100;1500;714;8333333.333
10/11/24 17:55:32;24672.4;0.5;100;1500;720;8333333.333
10/11/24 17:55:37;24677.6;0.5;100;1500;720;8333333.333
10/11/24 17:55:42;24682.6;0.5;100;1500;724;8333333.333
10/11/24 17:55:47;24687.6;0.5;100;1500;724;8333333.333
10/11/24 17:55:52;24692.6;0.5;100;1500;714;8333333.333
10/11/24 17:55:57;24697.6;0.5;100;1500;714;8333333.333
10/11/24 17:56:02;24703;0.5;100;1500;717;8333333.333
10/11/24 17:56:07;24707.4;0.5;100;1500;717;8333333.333
10/11/24 17:56:12;24712.4;0.5;100;1500;713;8333333.333
10/11/24 17:56:17;24717.7;0.5;100;1500;713;8333333.333
10/11/24 17:56:22;24722.7;0.5;100;1500;711;8333333.333
10/11/24 17:56:27;24727.7;0.5;100;1500;711;8333333.333
10/11/24 17:56:32;24732.7;0.5;100;1500;720;8333333.333
10/11/24 17:56:37;24737.7;0.5;100;1500;720;8333333.333
10/11/24 17:56:42;24742.7;0.5;100;1500;723;8333333.333
10/11/24 17:56:47;24747.5;0.5;100;1500;723;8333333.333
10/11/24 17:56:52;24752.7;0.5;100;1500;716;8333333.333
10/11/24 17:56:57;24757.7;0.5;100;1500;716;8333333.333
10/11/24 17:57:02;24763.4;0.5;100;1500;714;8333333.333
10/11/24 17:57:07;24767.8;0.5;100;1500;714;8333333.333
10/11/24 17:57:12;24772.7;0.5;100;1500;726;8333333.333
10/11/24 17:57:17;24777.7;0.5;100;1500;726;8333333.333
10/11/24 17:57:22;24782.9;0.5;100;1500;713;8333333.333
10/11/24 17:57:27;24787.7;0.5;100;1500;713;8333333.333
10/11/24 17:57:32;24792.7;0.5;100;1500;720;8333333.333
10/11/24 17:57:37;24797.7;0.5;100;1500;720;8333333.333
10/11/24 17:57:42;24802.8;0.5;100;1500;719;8333333.333
10/11/24 17:57:47;24807.7;0.5;100;1500;719;8333333.333
10/11/24 17:57:53;24812.9;0.5;100;1500;713;8333333.333
10/11/24 17:57:58;24817.9;0.5;100;1500;713;8333333.333
10/11/24 17:58:03;24823.3;0.5;100;1500;707;8333333.333
10/11/24 17:58:08;24827.8;0.5;100;1500;707;8333333.333
10/11/24 17:58:13;24832.8;0.5;100;1500;714;8333333.333
10/11/24 17:58:18;24837.7;0.5;100;1500;714;8333333.333
10/11/24 17:58:23;24842.7;0.5;100;1500;713;8333333.333
10/11/24 17:58:28;24847.9;0.5;100;1500;713;8333333.333
10/11/24 17:58:33;24852.8;0.5;100;1500;711;8333333.333
10/11/24 17:58:38;24857.8;0.5;100;1500;711;8333333.333
10/11/24 17:58:43;24862.8;0.5;100;1500;717;8333333.333
10/11/24 17:58:48;24867.8;0.5;100;1500;717;8333333.333
10/11/24 17:58:53;24872.9;0.5;100;1500;715;8333333.333
10/11/24 17:58:58;24878;0.5;100;1500;715;8333333.333
10/11/24 17:59:03;24883.8;0.5;100;1500;715;8333333.333
10/11/24 17:59:08;24887.9;0.5;100;1500;715;8333333.333
10/11/24 17:59:13;24893;0.5;100;1500;717;8333333.333
10/11/24 17:59:18;24898;0.5;100;1500;717;8333333.333
10/11/24 17:59:23;24903.1;0.5;100;1300;716;9615384.615
10/11/24 17:59:28;24907.9;0.5;100;1300;716;9615384.615
10/11/24 17:59:33;24912.9;0.5;100;1300;710;9615384.615
10/11/24 17:59:38;24917.9;0.5;100;1300;710;9615384.615
10/11/24 17:59:43;24922.9;0.5;100;1300;709;9615384.615
10/11/24 17:59:48;24928;0.5;100;1300;709;9615384.615
10/11/24 17:59:53;24933;0.5;100;1300;704;9615384.615
10/11/24 17:59:58;24938.1;0.5;100;1300;704;9615384.615
10/11/24 18:00:03;24943.7;0.5;100;1300;713;9615384.615
10/11/24 18:00:08;24948.1;0.5;100;1300;713;9615384.615
10/11/24 18:00:13;24953;0.5;100;1300;717;9615384.615
10/11/24 18:00:18;24958.1;0.5;100;1300;717;9615384.615
10/11/24 18:00:23;24963.2;0.5;100;1300;712;9615384.615
10/11/24 18:00:28;24968.2;0.5;100;1300;712;9615384.615
10/11/24 18:00:33;24973.1;0.5;100;1300;721;9615384.615
10/11/24 18:00:38;24978.2;0.5;100;1300;721;9615384.615
10/11/24 18:00:43;24983.2;0.5;100;1300;709;9615384.615
10/11/24 18:00:48;24988.2;0.5;100;1300;709;9615384.615
10/11/24 18:00:53;24993.1;0.5;100;1300;711;9615384.615
10/11/24 18:00:58;24998.4;0.5;100;1300;711;9615384.615
10/11/24 18:01:03;25003.7;0.5;100;1300;704;9615384.615
10/11/24 18:01:08;25008.2;0.5;100;1300;704;9615384.615
10/11/24 18:01:13;25013.2;0.5;100;1300;721;9615384.615
10/11/24 18:01:18;25018.2;0.5;100;1300;721;9615384.615
10/11/24 18:01:23;25023.1;0.5;100;1300;728;9615384.615
10/11/24 18:01:28;25028.4;0.5;100;1300;728;9615384.615
10/11/24 18:01:33;25033.1;0.5;100;1300;715;9615384.615
10/11/24 18:01:38;25038.3;0.5;100;1300;715;9615384.615
10/11/24 18:01:43;25043.3;0.5;100;1300;721;9615384.615
10/11/24 18:01:48;25048.3;0.5;100;1300;721;9615384.615
10/11/24 18:01:53;25053.3;0.5;100;640;724;19531250
10/11/24 18:01:58;25058.3;0.5;100;640;724;19531250
10/11/24 18:02:03;25063.8;0.5;100;640;719;19531250
10/11/24 18:02:08;25068.2;0.5;100;640;719;19531250
10/11/24 18:02:13;25073.3;0.5;100;640;718;19531250
10/11/24 18:02:18;25078.2;0.5;100;640;718;19531250
10/11/24 18:02:23;25083.1;0.5;100;640;729;19531250
10/11/24 18:02:28;25088.2;0.5;100;640;729;19531250
10/11/24 18:02:33;25093.2;0.5;100;640;726;19531250
10/11/24 18:02:38;25098.4;0.5;100;640;726;19531250
10/11/24 18:02:43;25103.3;0.5;100;640;723;19531250
10/11/24 18:02:48;25108.4;0.5;100;640;723;19531250
10/11/24 18:02:53;25113.4;0.5;100;640;729;19531250
10/11/24 18:02:58;25118.4;0.5;100;640;729;19531250
10/11/24 18:03:03;25123.8;0.5;100;640;713;19531250
10/11/24 18:03:08;25128.3;0.5;100;640;713;19531250
10/11/24 18:03:13;25133.3;0.5;100;640;719;19531250
10/11/24 18:03:18;25138.3;0.5;100;640;719;19531250
10/11/24 18:03:23;25143.3;0.5;100;640;714;19531250
10/11/24 18:03:28;25148.3;0.5;100;640;714;19531250
10/11/24 18:03:33;25153.3;0.5;100;640;720;19531250
10/11/24 18:03:38;25158.4;0.5;100;640;720;19531250
10/11/24 18:03:43;25163.4;0.5;100;640;717;19531250
10/11/24 18:03:48;25168.4;0.5;100;640;717;19531250
10/11/24 18:03:53;25173.2;0.5;100;640;723;19531250
10/11/24 18:03:58;25178.4;0.5;100;640;723;19531250
10/11/24 18:04:03;25183.9;0.5;100;640;719;19531250
10/11/24 18:04:08;25188.5;0.5;100;640;719;19531250
10/11/24 18:04:13;25193.5;0.5;100;640;723;19531250
10/11/24 18:04:18;25198.6;0.5;100;640;723;19531250
10/11/24 18:04:23;25203.4;0.5;100;160;716;78125000
10/11/24 18:04:28;25208.5;0.5;100;160;716;78125000
10/11/24 18:04:33;25213.4;0.5;100;160;729;78125000
10/11/24 18:04:38;25218.3;0.5;100;160;729;78125000
10/11/24 18:04:43;25223.4;0.5;100;160;722;78125000
10/11/24 18:04:48;25228.5;0.5;100;160;722;78125000
10/11/24 18:04:53;25233.5;0.5;100;160;722;78125000
10/11/24 18:04:58;25238.5;0.5;100;160;722;78125000
10/11/24 18:05:03;25244;0.5;100;160;715;78125000
10/11/24 18:05:08;25248.4;0.5;100;160;715;78125000
10/11/24 18:05:13;25253.5;0.5;100;160;717;78125000
10/11/24 18:05:18;25258.4;0.5;100;160;717;78125000
10/11/24 18:05:23;25263.5;0.5;100;160;714;78125000
10/11/24 18:05:28;25268.5;0.5;100;160;714;78125000
10/11/24 18:05:33;25273.8;0.5;100;160;738;78125000
10/11/24 18:05:38;25278.6;0.5;100;160;738;78125000
10/11/24 18:05:43;25283.6;0.5;100;160;728;78125000
10/11/24 18:05:48;25288.6;0.5;100;160;728;78125000
10/11/24 18:05:53;25293.6;0.5;100;160;741;78125000
10/11/24 18:05:58;25298.7;0.5;100;160;741;78125000
10/11/24 18:06:03;25304.1;0.5;100;160;733;78125000
10/11/24 18:06:08;25308.6;0.5;100;160;733;78125000
10/11/24 18:06:13;25313.8;0.5;100;160;738;78125000
10/11/24 18:06:18;25318.5;0.5;100;160;738;78125000
10/11/24 18:06:23;25323.6;0.5;100;160;740;78125000
10/11/24 18:06:28;25328.5;0.5;100;160;740;78125000
10/11/24 18:06:33;25333.6;0.5;100;160;740;78125000
10/11/24 18:06:38;25338.6;0.5;100;160;740;78125000
10/11/24 18:06:43;25343.7;0.5;100;160;739;78125000
10/11/24 18:06:48;25348.7;0.5;100;160;739;78125000
10/11/24 18:06:53;25353.7;0.5;100;62;742;201612903.2
10/11/24 18:06:58;25358.8;0.5;100;62;742;201612903.2
10/11/24 18:07:03;25364.3;0.5;100;62;748;201612903.2
10/11/24 18:07:08;25368.7;0.5;100;62;748;201612903.2
10/11/24 18:07:13;25373.7;0.5;100;62;744;201612903.2
10/11/24 18:07:18;25378.7;0.5;100;62;744;201612903.2
10/11/24 18:07:24;25383.8;0.5;100;62;747;201612903.2
10/11/24 18:07:29;25388.7;0.5;100;62;747;201612903.2
10/11/24 18:07:34;25393.7;0.5;100;62;746;201612903.2
10/11/24 18:07:39;25398.7;0.5;100;62;746;201612903.2
10/11/24 18:07:44;25403.8;0.5;100;62;732;201612903.2
10/11/24 18:07:49;25408.7;0.5;100;62;732;201612903.2
10/11/24 18:07:54;25413.9;0.5;100;62;722;201612903.2
10/11/24 18:07:59;25418.9;0.5;100;62;722;201612903.2
10/11/24 18:08:04;25424.4;0.5;100;62;708;201612903.2
10/11/24 18:08:09;25429;0.5;100;62;708;201612903.2
10/11/24 18:08:14;25433.8;0.5;100;62;702;201612903.2
10/11/24 18:08:19;25438.8;0.5;100;62;702;201612903.2
10/11/24 18:08:24;25443.8;0.5;100;62;706;201612903.2
10/11/24 18:08:29;25448.9;0.5;100;62;706;201612903.2
10/11/24 18:08:34;25453.8;0.5;100;62;715;201612903.2
10/11/24 18:08:39;25458.8;0.5;100;62;715;201612903.2
10/11/24 18:08:44;25463.9;0.5;100;62;708;201612903.2
10/11/24 18:08:49;25469;0.5;100;62;708;201612903.2
10/11/24 18:08:54;25474;0.5;100;62;698;201612903.2
10/11/24 18:08:59;25478.9;0.5;100;62;698;201612903.2
10/11/24 18:09:04;25484.3;0.5;100;62;707;201612903.2
10/11/24 18:09:09;25489;0.5;100;62;707;201612903.2
10/11/24 18:09:14;25494.1;0.5;100;62;715;201612903.2
10/11/24 18:09:19;25499;0.5;100;62;715;201612903.2
10/11/24 18:09:24;25504.4;0.4;80;62;699;161290322.6
10/11/24 18:09:29;25509;0.4;80;62;699;161290322.6
10/11/24 18:09:34;25514;0.4;80;62;705;161290322.6
10/11/24 18:09:39;25519.2;0.4;80;62;705;161290322.6
10/11/24 18:09:44;25523.9;0.4;80;62;712;161290322.6
10/11/24 18:09:49;25529.1;0.4;80;62;712;161290322.6
10/11/24 18:09:54;25534.1;0.4;80;62;715;161290322.6
10/11/24 18:09:59;25539.2;0.4;80;62;715;161290322.6
10/11/24 18:10:04;25544.6;0.4;80;62;707;161290322.6
10/11/24 18:10:09;25549;0.4;80;62;707;161290322.6
10/11/24 18:10:14;25554;0.4;80;62;708;161290322.6
10/11/24 18:10:19;25559;0.4;80;62;708;161290322.6
10/11/24 18:10:24;25564.1;0.4;80;62;712;161290322.6
10/11/24 18:10:29;25569.1;0.4;80;62;712;161290322.6
10/11/24 18:10:34;25574.1;0.4;80;62;709;161290322.6
10/11/24 18:10:39;25579.1;0.4;80;62;709;161290322.6
10/11/24 18:10:44;25584.2;0.4;80;62;718;161290322.6
10/11/24 18:10:49;25589.2;0.4;80;62;718;161290322.6
10/11/24 18:10:54;25594.1;0.4;80;62;707;161290322.6
10/11/24 18:10:59;25599.1;0.4;80;62;707;161290322.6
10/11/24 18:11:04;25604.6;0.4;80;62;708;161290322.6
10/11/24 18:11:09;25609.2;0.4;80;62;708;161290322.6
10/11/24 18:11:14;25614.2;0.4;80;62;708;161290322.6
10/11/24 18:11:19;25619.2;0.4;80;62;708;161290322.6
10/11/24 18:11:24;25624.2;0.4;80;62;706;161290322.6
10/11/24 18:11:29;25629.2;0.4;80;62;706;161290322.6
10/11/24 18:11:34;25634.2;0.4;80;62;711;161290322.6
10/11/24 18:11:39;25639.1;0.4;80;62;711;161290322.6
10/11/24 18:11:44;25644.2;0.4;80;62;711;161290322.6
10/11/24 18:11:49;25649.2;0.4;80;62;711;161290322.6
10/11/24 18:11:54;25654.2;0.4;80;160;712;62500000
10/11/24 18:11:59;25659.3;0.4;80;160;712;62500000
10/11/24 18:12:04;25664.7;0.4;80;160;711;62500000
10/11/24 18:12:09;25669.3;0.4;80;160;711;62500000
10/11/24 18:12:14;25674.2;0.4;80;160;707;62500000
10/11/24 18:12:19;25679.3;0.4;80;160;707;62500000
10/11/24 18:12:24;25684.3;0.4;80;160;715;62500000
10/11/24 18:12:29;25689.3;0.4;80;160;715;62500000
10/11/24 18:12:34;25694.3;0.4;80;160;708;62500000
10/11/24 18:12:39;25699.3;0.4;80;160;708;62500000
10/11/24 18:12:44;25704.5;0.4;80;160;709;62500000
10/11/24 18:12:49;25709.3;0.4;80;160;709;62500000
10/11/24 18:12:54;25714.3;0.4;80;160;712;62500000
10/11/24 18:12:59;25719.3;0.4;80;160;712;62500000
10/11/24 18:13:04;25724.8;0.4;80;160;734;62500000
10/11/24 18:13:09;25729.3;0.4;80;160;734;62500000
10/11/24 18:13:14;25734.4;0.4;80;160;735;62500000
10/11/24 18:13:19;25739.3;0.4;80;160;735;62500000
10/11/24 18:13:24;25744.2;0.4;80;160;733;62500000
10/11/24 18:13:29;25749.4;0.4;80;160;733;62500000
10/11/24 18:13:34;25754.4;0.4;80;160;733;62500000
10/11/24 18:13:39;25759.6;0.4;80;160;733;62500000
10/11/24 18:13:44;25764.7;0.4;80;160;731;62500000
10/11/24 18:13:49;25769.7;0.4;80;160;731;62500000
10/11/24 18:13:54;25774.7;0.4;80;160;723;62500000
10/11/24 18:13:59;25779.5;0.4;80;160;723;62500000
10/11/24 18:14:04;25784.9;0.4;80;160;737;62500000
10/11/24 18:14:09;25789.3;0.4;80;160;737;62500000
10/11/24 18:14:14;25794.4;0.4;80;160;735;62500000
10/11/24 18:14:19;25799.5;0.4;80;160;735;62500000
10/11/24 18:14:24;25804.5;0.4;80;640;736;15625000
10/11/24 18:14:29;25809.5;0.4;80;640;736;15625000
10/11/24 18:14:34;25814.4;0.4;80;640;731;15625000
10/11/24 18:14:39;25819.4;0.4;80;640;731;15625000
10/11/24 18:14:44;25824.5;0.4;80;640;733;15625000
10/11/24 18:14:49;25829.5;0.4;80;640;733;15625000
10/11/24 18:14:54;25834.6;0.4;80;640;730;15625000
10/11/24 18:14:59;25839.6;0.4;80;640;730;15625000
10/11/24 18:15:04;25844.6;0.4;80;640;740;15625000
10/11/24 18:15:09;25849.6;0.4;80;640;740;15625000
10/11/24 18:15:14;25854.6;0.4;80;640;739;15625000
10/11/24 18:15:19;25859.5;0.4;80;640;739;15625000
10/11/24 18:15:24;25864.7;0.4;80;640;741;15625000
10/11/24 18:15:29;25869.6;0.4;80;640;741;15625000
10/11/24 18:15:34;25874.5;0.4;80;640;716;15625000
10/11/24 18:15:39;25879.6;0.4;80;640;716;15625000
10/11/24 18:15:44;25884.6;0.4;80;640;727;15625000
10/11/24 18:15:49;25889.6;0.4;80;640;727;15625000
10/11/24 18:15:54;25894.6;0.4;80;640;713;15625000
10/11/24 18:15:59;25899.7;0.4;80;640;713;15625000
10/11/24 18:16:04;25904.8;0.4;80;640;722;15625000
10/11/24 18:16:09;25909.8;0.4;80;640;722;15625000
10/11/24 18:16:15;25914.6;0.4;80;640;719;15625000
10/11/24 18:16:20;25919.6;0.4;80;640;719;15625000
10/11/24 18:16:25;25924.6;0.4;80;640;717;15625000
10/11/24 18:16:30;25929.6;0.4;80;640;717;15625000
10/11/24 18:16:35;25934.8;0.4;80;640;716;15625000
10/11/24 18:16:40;25939.9;0.4;80;640;716;15625000
10/11/24 18:16:45;25944.9;0.4;80;640;723;15625000
10/11/24 18:16:50;25949.8;0.4;80;640;723;15625000
10/11/24 18:16:55;25954.9;0.4;80;1300;719;7692307.692
10/11/24 18:17:00;25959.7;0.4;80;1300;719;7692307.692
10/11/24 18:17:05;25964.7;0.4;80;1300;716;7692307.692
10/11/24 18:17:10;25969.8;0.4;80;1300;716;7692307.692
10/11/24 18:17:15;25974.9;0.4;80;1300;721;7692307.692
10/11/24 18:17:20;25980;0.4;80;1300;721;7692307.692
10/11/24 18:17:25;25985;0.4;80;1300;721;7692307.692
10/11/24 18:17:30;25990;0.4;80;1300;721;7692307.692
10/11/24 18:17:35;25995;0.4;80;1300;719;7692307.692
10/11/24 18:17:40;25999.9;0.4;80;1300;719;7692307.692
10/11/24 18:17:45;26004.8;0.4;80;1300;721;7692307.692
10/11/24 18:17:50;26010;0.4;80;1300;721;7692307.692
10/11/24 18:17:55;26014.8;0.4;80;1300;716;7692307.692
10/11/24 18:18:00;26020;0.4;80;1300;716;7692307.692
10/11/24 18:18:05;26025;0.4;80;1300;712;7692307.692
10/11/24 18:18:10;26030;0.4;80;1300;712;7692307.692
10/11/24 18:18:15;26035;0.4;80;1300;723;7692307.692
10/11/24 18:18:20;26040;0.4;80;1300;723;7692307.692
10/11/24 18:18:25;26045;0.4;80;1300;715;7692307.692
10/11/24 18:18:30;26050;0.4;80;1300;715;7692307.692
10/11/24 18:18:35;26055;0.4;80;1300;717;7692307.692
10/11/24 18:18:40;26060;0.4;80;1300;717;7692307.692
10/11/24 18:18:45;26065.1;0.4;80;1300;715;7692307.692
10/11/24 18:18:50;26070.2;0.4;80;1300;715;7692307.692
10/11/24 18:18:55;26075.2;0.4;80;1300;708;7692307.692
10/11/24 18:19:00;26080.1;0.4;80;1300;708;7692307.692
10/11/24 18:19:05;26085.6;0.4;80;1300;712;7692307.692
10/11/24 18:19:10;26090.1;0.4;80;1300;712;7692307.692
10/11/24 18:19:15;26095.1;0.4;80;1300;718;7692307.692
10/11/24 18:19:20;26100.1;0.4;80;1500;718;6666666.667
10/11/24 18:19:25;26105.1;0.4;80;1500;720;6666666.667
10/11/24 18:19:30;26110.1;0.4;80;1500;720;6666666.667
10/11/24 18:19:35;26115.1;0.4;80;1500;708;6666666.667
10/11/24 18:19:40;26120.1;0.4;80;1500;708;6666666.667
10/11/24 18:19:45;26125.1;0.4;80;1500;709;6666666.667
10/11/24 18:19:50;26130.1;0.4;80;1500;709;6666666.667
10/11/24 18:19:55;26135.2;0.4;80;1500;726;6666666.667
10/11/24 18:20:00;26140.1;0.4;80;1500;726;6666666.667
10/11/24 18:20:05;26145.2;0.4;80;1500;712;6666666.667
10/11/24 18:20:10;26150.3;0.4;80;1500;712;6666666.667
10/11/24 18:20:15;26155.2;0.4;80;1500;720;6666666.667
10/11/24 18:20:20;26160.2;0.4;80;1500;720;6666666.667
10/11/24 18:20:25;26165.2;0.4;80;1500;713;6666666.667
10/11/24 18:20:30;26170.2;0.4;80;1500;713;6666666.667
10/11/24 18:20:35;26175.2;0.4;80;1500;706;6666666.667
10/11/24 18:20:40;26180.2;0.4;80;1500;706;6666666.667
10/11/24 18:20:45;26185.2;0.4;80;1500;711;6666666.667
10/11/24 18:20:50;26190.2;0.4;80;1500;711;6666666.667
10/11/24 18:20:55;26195.2;0.4;80;1500;714;6666666.667
10/11/24 18:21:00;26200.3;0.4;80;1500;714;6666666.667
10/11/24 18:21:05;26205.2;0.4;80;1500;722;6666666.667
10/11/24 18:21:10;26210.2;0.4;80;1500;722;6666666.667
10/11/24 18:21:15;26215.2;0.4;80;1500;708;6666666.667
10/11/24 18:21:20;26220.2;0.4;80;1500;708;6666666.667
10/11/24 18:21:25;26225.4;0.4;80;1500;712;6666666.667
10/11/24 18:21:30;26230.3;0.4;80;1500;712;6666666.667
10/11/24 18:21:35;26235.3;0.4;80;1500;719;6666666.667
10/11/24 18:21:40;26240.3;0.4;80;1500;719;6666666.667
10/11/24 18:21:45;26245.5;0.4;80;1500;709;6666666.667
10/11/24 18:21:50;26250.3;0.4;80;1500;709;6666666.667
10/11/24 18:21:55;26255.5;0.4;80;1500;705;6666666.667
10/11/24 18:22:00;26260.2;0.4;80;1500;705;6666666.667
10/11/24 18:22:05;26265.4;0.4;80;1500;710;6666666.667
10/11/24 18:22:10;26270.3;0.4;80;1500;710;6666666.667
10/11/24 18:22:15;26275.3;0.4;80;1500;713;6666666.667
10/11/24 18:22:20;26280.3;0.4;80;1500;713;6666666.667
10/11/24 18:22:25;26285.5;0.4;80;1500;717;6666666.667
10/11/24 18:22:30;26290.4;0.4;80;1500;717;6666666.667
10/11/24 18:22:35;26295.3;0.4;80;1500;715;6666666.667
10/11/24 18:22:40;26300.3;0.4;80;1500;715;6666666.667
10/11/24 18:22:45;26305.4;0.4;80;1500;721;6666666.667
10/11/24 18:22:50;26310.4;0.4;80;1500;721;6666666.667
10/11/24 18:22:55;26315.7;0.4;80;1500;711;6666666.667
10/11/24 18:23:00;26320.5;0.4;80;1500;711;6666666.667
10/11/24 18:23:05;26325.7;0.4;80;1500;714;6666666.667
10/11/24 18:23:10;26330.5;0.4;80;1500;714;6666666.667
10/11/24 18:23:15;26335.6;0.4;80;1500;713;6666666.667
10/11/24 18:23:20;26340.4;0.4;80;1500;713;6666666.667
10/11/24 18:23:25;26345.4;0.4;80;1500;717;6666666.667
10/11/24 18:23:30;26350.5;0.4;80;1500;717;6666666.667
10/11/24 18:23:35;26355.4;0.4;80;1500;716;6666666.667
10/11/24 18:23:40;26360.4;0.4;80;1500;716;6666666.667
10/11/24 18:23:45;26365.6;0.4;80;1500;712;6666666.667
10/11/24 18:23:50;26370.6;0.4;80;1500;712;6666666.667
10/11/24 18:23:55;26375.6;0.4;80;1500;720;6666666.667
10/11/24 18:24:00;26380.6;0.4;80;1500;720;6666666.667
10/11/24 18:24:05;26385.5;0.4;80;1500;714;6666666.667
10/11/24 18:24:10;26390.5;0.4;80;1500;714;6666666.667
10/11/24 18:24:15;26395.5;0.4;80;1500;711;6666666.667
10/11/24 18:24:20;26400.8;0.4;80;1300;711;7692307.692
10/11/24 18:24:25;26405.8;0.4;80;1300;713;7692307.692
10/11/24 18:24:30;26410.8;0.4;80;1300;713;7692307.692
10/11/24 18:24:35;26415.8;0.4;80;1300;720;7692307.692
10/11/24 18:24:40;26420.7;0.4;80;1300;720;7692307.692
10/11/24 18:24:45;26425.7;0.4;80;1300;714;7692307.692
10/11/24 18:24:50;26430.7;0.4;80;1300;714;7692307.692
10/11/24 18:24:55;26435.7;0.4;80;1300;716;7692307.692
10/11/24 18:25:00;26440.8;0.4;80;1300;716;7692307.692
10/11/24 18:25:05;26445.9;0.4;80;1300;713;7692307.692
10/11/24 18:25:10;26450.9;0.4;80;1300;713;7692307.692
10/11/24 18:25:15;26455.8;0.4;80;1300;719;7692307.692
10/11/24 18:25:20;26460.8;0.4;80;1300;719;7692307.692
10/11/24 18:25:25;26465.6;0.4;80;1300;721;7692307.692
10/11/24 18:25:30;26470.9;0.4;80;1300;721;7692307.692
10/11/24 18:25:36;26475.9;0.4;80;1300;711;7692307.692
10/11/24 18:25:41;26480.9;0.4;80;1300;711;7692307.692
10/11/24 18:25:46;26485.9;0.4;80;1300;724;7692307.692
10/11/24 18:25:51;26490.9;0.4;80;1300;724;7692307.692
10/11/24 18:25:56;26496;0.4;80;1300;708;7692307.692
10/11/24 18:26:01;26501;0.4;80;1300;708;7692307.692
10/11/24 18:26:06;26505.9;0.4;80;1300;713;7692307.692
10/11/24 18:26:11;26510.9;0.4;80;1300;713;7692307.692
10/11/24 18:26:16;26515.8;0.4;80;1300;705;7692307.692
10/11/24 18:26:21;26520.8;0.4;80;1300;705;7692307.692
10/11/24 18:26:26;26525.8;0.4;80;1300;710;7692307.692
10/11/24 18:26:31;26531;0.4;80;1300;710;7692307.692
10/11/24 18:26:36;26535.9;0.4;80;1300;720;7692307.692
10/11/24 18:26:41;26540.9;0.4;80;1300;720;7692307.692
10/11/24 18:26:46;26545.9;0.4;80;1300;722;7692307.692
10/11/24 18:26:51;26550.9;0.4;80;640;722;15625000
10/11/24 18:26:56;26556;0.4;80;640;709;15625000
10/11/24 18:27:01;26560.9;0.4;80;640;709;15625000
10/11/24 18:27:06;26565.9;0.4;80;640;717;15625000
10/11/24 18:27:11;26571;0.4;80;640;717;15625000
10/11/24 18:27:16;26576.1;0.4;80;640;715;15625000
10/11/24 18:27:21;26581;0.4;80;640;715;15625000
10/11/24 18:27:26;26586;0.4;80;640;710;15625000
10/11/24 18:27:31;26591;0.4;80;640;710;15625000
10/11/24 18:27:36;26596;0.4;80;640;718;15625000
10/11/24 18:27:41;26601;0.4;80;640;718;15625000
10/11/24 18:27:46;26605.9;0.4;80;640;719;15625000
10/11/24 18:27:51;26610.9;0.4;80;640;719;15625000
10/11/24 18:27:56;26615.9;0.4;80;640;709;15625000
10/11/24 18:28:01;26621;0.4;80;640;709;15625000
10/11/24 18:28:06;26626;0.4;80;640;720;15625000
10/11/24 18:28:11;26631;0.4;80;640;720;15625000
10/11/24 18:28:16;26636.1;0.4;80;640;723;15625000
10/11/24 18:28:21;26641.1;0.4;80;640;723;15625000
10/11/24 18:28:26;26646.1;0.4;80;640;725;15625000
10/11/24 18:28:31;26651.1;0.4;80;640;725;15625000
10/11/24 18:28:36;26656;0.4;80;640;714;15625000
10/11/24 18:28:41;26661.3;0.4;80;640;714;15625000
10/11/24 18:28:46;26666.1;0.4;80;640;722;15625000
10/11/24 18:28:51;26671.1;0.4;80;640;722;15625000
10/11/24 18:28:56;26676.2;0.4;80;640;716;15625000
10/11/24 18:29:01;26681.1;0.4;80;640;716;15625000
10/11/24 18:29:06;26686.5;0.4;80;640;722;15625000
10/11/24 18:29:11;26691;0.4;80;640;722;15625000
10/11/24 18:29:16;26696;0.4;80;640;719;15625000
10/11/24 18:29:21;26701.4;0.4;80;160;719;62500000
10/11/24 18:29:26;26706.1;0.4;80;160;721;62500000
10/11/24 18:29:31;26711.1;0.4;80;160;721;62500000
10/11/24 18:29:36;26716.3;0.4;80;160;719;62500000
10/11/24 18:29:41;26721.3;0.4;80;160;719;62500000
10/11/24 18:29:46;26726.2;0.4;80;160;721;62500000
10/11/24 18:29:51;26731.2;0.4;80;160;721;62500000
10/11/24 18:29:56;26736.4;0.4;80;160;718;62500000
10/11/24 18:30:01;26741.4;0.4;80;160;718;62500000
10/11/24 18:30:06;26746.5;0.4;80;160;724;62500000
10/11/24 18:30:11;26751.4;0.4;80;160;724;62500000
10/11/24 18:30:16;26756.4;0.4;80;160;715;62500000
10/11/24 18:30:21;26761.2;0.4;80;160;715;62500000
10/11/24 18:30:26;26766.3;0.4;80;160;715;62500000
10/11/24 18:30:31;26771.4;0.4;80;160;715;62500000
10/11/24 18:30:36;26776.5;0.4;80;160;728;62500000
10/11/24 18:30:41;26781.4;0.4;80;160;728;62500000
10/11/24 18:30:46;26786.4;0.4;80;160;732;62500000
10/11/24 18:30:51;26792.1;0.4;80;160;732;62500000
10/11/24 18:30:56;26796.8;0.4;80;160;734;62500000
10/11/24 18:31:01;26801.4;0.4;80;160;734;62500000
10/11/24 18:31:06;26806.4;0.4;80;160;735;62500000
10/11/24 18:31:11;26811.7;0.4;80;160;735;62500000
10/11/24 18:31:16;26816.7;0.4;80;160;743;62500000
10/11/24 18:31:21;26821.6;0.4;80;160;743;62500000
10/11/24 18:31:26;26826.5;0.4;80;160;737;62500000
10/11/24 18:31:31;26831.5;0.4;80;160;737;62500000
10/11/24 18:31:36;26836.5;0.4;80;160;729;62500000
10/11/24 18:31:41;26841.5;0.4;80;160;729;62500000
10/11/24 18:31:46;26846.5;0.4;80;160;737;62500000
10/11/24 18:31:51;26851.5;0.4;80;62;737;161290322.6
10/11/24 18:31:56;26856.5;0.4;80;62;730;161290322.6
10/11/24 18:32:01;26861.4;0.4;80;62;730;161290322.6
10/11/24 18:32:06;26866.5;0.4;80;62;734;161290322.6
10/11/24 18:32:11;26871.5;0.4;80;62;734;161290322.6
10/11/24 18:32:16;26876.5;0.4;80;62;718;161290322.6
10/11/24 18:32:21;26881.5;0.4;80;62;718;161290322.6
10/11/24 18:32:26;26886.6;0.4;80;62;730;161290322.6
10/11/24 18:32:31;26891.6;0.4;80;62;730;161290322.6
10/11/24 18:32:36;26896.4;0.4;80;62;731;161290322.6
10/11/24 18:32:41;26901.5;0.4;80;62;731;161290322.6
10/11/24 18:32:46;26906.5;0.4;80;62;736;161290322.6
10/11/24 18:32:51;26911.5;0.4;80;62;736;161290322.6
10/11/24 18:32:56;26916.6;0.4;80;62;732;161290322.6
10/11/24 18:33:01;26921.9;0.4;80;62;732;161290322.6
10/11/24 18:33:06;26926.8;0.4;80;62;713;161290322.6
10/11/24 18:33:11;26931.6;0.4;80;62;713;161290322.6
10/11/24 18:33:16;26936.6;0.4;80;62;705;161290322.6
10/11/24 18:33:21;26941.6;0.4;80;62;705;161290322.6
10/11/24 18:33:26;26946.5;0.4;80;62;701;161290322.6
10/11/24 18:33:31;26951.5;0.4;80;62;701;161290322.6
10/11/24 18:33:36;26956.4;0.4;80;62;706;161290322.6
10/11/24 18:33:41;26961.6;0.4;80;62;706;161290322.6
10/11/24 18:33:46;26966.7;0.4;80;62;708;161290322.6
10/11/24 18:33:51;26971.7;0.4;80;62;708;161290322.6
10/11/24 18:33:56;26976.7;0.4;80;62;713;161290322.6
10/11/24 18:34:01;26981.7;0.4;80;62;713;161290322.6
10/11/24 18:34:06;26986.7;0.4;80;62;715;161290322.6
10/11/24 18:34:11;26991.7;0.4;80;62;715;161290322.6
10/11/24 18:34:16;26996.7;0.4;80;62;712;161290322.6
10/11/24 18:34:21;27001.7;0.3;60;62;712;120967741.9
10/11/24 18:34:26;27006.7;0.3;60;62;703;120967741.9
10/11/24 18:34:31;27011.7;0.3;60;62;703;120967741.9
10/11/24 18:34:36;27016.7;0.3;60;62;698;120967741.9
10/11/24 18:34:41;27021.8;0.3;60;62;698;120967741.9
10/11/24 18:34:46;27026.7;0.3;60;62;712;120967741.9
10/11/24 18:34:51;27031.7;0.3;60;62;712;120967741.9
10/11/24 18:34:57;27036.7;0.3;60;62;711;120967741.9
10/11/24 18:35:02;27041.7;0.3;60;62;711;120967741.9
10/11/24 18:35:07;27046.8;0.3;60;62;709;120967741.9
10/11/24 18:35:12;27051.9;0.3;60;62;709;120967741.9
10/11/24 18:35:17;27056.8;0.3;60;62;700;120967741.9
10/11/24 18:35:22;27061.8;0.3;60;62;700;120967741.9
10/11/24 18:35:27;27066.8;0.3;60;62;709;120967741.9
10/11/24 18:35:32;27072;0.3;60;62;709;120967741.9
10/11/24 18:35:37;27076.7;0.3;60;62;707;120967741.9
10/11/24 18:35:42;27081.7;0.3;60;62;707;120967741.9
10/11/24 18:35:47;27087;0.3;60;62;705;120967741.9
10/11/24 18:35:52;27091.8;0.3;60;62;705;120967741.9
10/11/24 18:35:57;27096.8;0.3;60;62;707;120967741.9
10/11/24 18:36:02;27101.8;0.3;60;62;707;120967741.9
10/11/24 18:36:07;27106.8;0.3;60;62;718;120967741.9
10/11/24 18:36:12;27111.9;0.3;60;62;718;120967741.9
10/11/24 18:36:17;27116.9;0.3;60;62;704;120967741.9
10/11/24 18:36:22;27122;0.3;60;62;704;120967741.9
10/11/24 18:36:27;27126.7;0.3;60;62;701;120967741.9
10/11/24 18:36:32;27131.7;0.3;60;62;701;120967741.9
10/11/24 18:36:37;27136.9;0.3;60;62;704;120967741.9
10/11/24 18:36:42;27141.9;0.3;60;62;704;120967741.9
10/11/24 18:36:47;27146.9;0.3;60;62;702;120967741.9
10/11/24 18:36:52;27152;0.3;60;160;702;46875000
10/11/24 18:36:57;27157;0.3;60;160;696;46875000
10/11/24 18:37:02;27162;0.3;60;160;696;46875000
10/11/24 18:37:07;27166.9;0.3;60;160;706;46875000
10/11/24 18:37:12;27171.9;0.3;60;160;706;46875000
10/11/24 18:37:17;27177.1;0.3;60;160;695;46875000
10/11/24 18:37:22;27181.9;0.3;60;160;695;46875000
10/11/24 18:37:27;27186.9;0.3;60;160;703;46875000
10/11/24 18:37:32;27191.9;0.3;60;160;703;46875000
10/11/24 18:37:37;27197;0.3;60;160;708;46875000
10/11/24 18:37:42;27202;0.3;60;160;708;46875000
10/11/24 18:37:47;27207.1;0.3;60;160;716;46875000
10/11/24 18:37:52;27212.1;0.3;60;160;716;46875000
10/11/24 18:37:57;27217.1;0.3;60;160;711;46875000
10/11/24 18:38:02;27222.1;0.3;60;160;711;46875000
10/11/24 18:38:07;27227.2;0.3;60;160;725;46875000
10/11/24 18:38:12;27232.2;0.3;60;160;725;46875000
10/11/24 18:38:17;27237.3;0.3;60;160;729;46875000
10/11/24 18:38:22;27242;0.3;60;160;729;46875000
10/11/24 18:38:27;27247.1;0.3;60;160;731;46875000
10/11/24 18:38:32;27252.1;0.3;60;160;731;46875000
10/11/24 18:38:37;27257.1;0.3;60;160;725;46875000
10/11/24 18:38:42;27262.1;0.3;60;160;725;46875000
10/11/24 18:38:47;27267.2;0.3;60;160;730;46875000
10/11/24 18:38:52;27272.3;0.3;60;160;730;46875000
10/11/24 18:38:57;27277.2;0.3;60;160;729;46875000
10/11/24 18:39:02;27282.2;0.3;60;160;729;46875000
10/11/24 18:39:07;27287.2;0.3;60;160;724;46875000
10/11/24 18:39:12;27292.1;0.3;60;160;724;46875000
10/11/24 18:39:17;27297.1;0.3;60;160;730;46875000
10/11/24 18:39:22;27302.3;0.3;60;640;730;11718750
10/11/24 18:39:27;27307.3;0.3;60;640;730;11718750
10/11/24 18:39:32;27312.2;0.3;60;640;730;11718750
10/11/24 18:39:37;27317.3;0.3;60;640;733;11718750
10/11/24 18:39:42;27322.2;0.3;60;640;733;11718750
10/11/24 18:39:47;27327.3;0.3;60;640;723;11718750
10/11/24 18:39:52;27332.3;0.3;60;640;723;11718750
10/11/24 18:39:57;27337.2;0.3;60;640;727;11718750
10/11/24 18:40:02;27342.3;0.3;60;640;727;11718750
10/11/24 18:40:07;27347.2;0.3;60;640;734;11718750
10/11/24 18:40:12;27352.3;0.3;60;640;734;11718750
10/11/24 18:40:17;27357.3;0.3;60;640;722;11718750
10/11/24 18:40:22;27362.2;0.3;60;640;722;11718750
10/11/24 18:40:27;27367.3;0.3;60;640;723;11718750
10/11/24 18:40:32;27372.3;0.3;60;640;723;11718750
10/11/24 18:40:37;27377.3;0.3;60;640;722;11718750
10/11/24 18:40:42;27382.3;0.3;60;640;722;11718750
10/11/24 18:40:47;27387.3;0.3;60;640;714;11718750
10/11/24 18:40:52;27392.3;0.3;60;640;714;11718750
10/11/24 18:40:57;27397.7;0.3;60;640;713;11718750
10/11/24 18:41:02;27402.7;0.3;60;640;713;11718750
10/11/24 18:41:07;27407.9;0.3;60;640;709;11718750
10/11/24 18:41:12;27412.7;0.3;60;640;709;11718750
10/11/24 18:41:17;27417.5;0.3;60;640;720;11718750
10/11/24 18:41:22;27422.5;0.3;60;640;720;11718750
10/11/24 18:41:27;27427.4;0.3;60;640;728;11718750
10/11/24 18:41:32;27432.4;0.3;60;640;728;11718750
10/11/24 18:41:37;27437.4;0.3;60;640;713;11718750
10/11/24 18:41:42;27442.4;0.3;60;640;713;11718750
10/11/24 18:41:47;27447.4;0.3;60;640;717;11718750
10/11/24 18:41:52;27452.5;0.3;60;1300;717;5769230.769
10/11/24 18:41:57;27457.5;0.3;60;1300;718;5769230.769
10/11/24 18:42:02;27462.5;0.3;60;1300;718;5769230.769
10/11/24 18:42:07;27467.5;0.3;60;1300;716;5769230.769
10/11/24 18:42:12;27472.4;0.3;60;1300;716;5769230.769
10/11/24 18:42:17;27477.5;0.3;60;1300;706;5769230.769
10/11/24 18:42:22;27482.6;0.3;60;1300;706;5769230.769
10/11/24 18:42:27;27487.4;0.3;60;1300;714;5769230.769
10/11/24 18:42:32;27492.5;0.3;60;1300;714;5769230.769
10/11/24 18:42:37;27497.6;0.3;60;1300;708;5769230.769
10/11/24 18:42:42;27502.5;0.3;60;1300;708;5769230.769
10/11/24 18:42:47;27507.6;0.3;60;1300;719;5769230.769
10/11/24 18:42:52;27512.8;0.3;60;1300;719;5769230.769
10/11/24 18:42:57;27517.5;0.3;60;1300;720;5769230.769
10/11/24 18:43:02;27522.5;0.3;60;1300;720;5769230.769
10/11/24 18:43:07;27527.6;0.3;60;1300;711;5769230.769
10/11/24 18:43:12;27532.5;0.3;60;1300;711;5769230.769
10/11/24 18:43:17;27537.6;0.3;60;1300;703;5769230.769
10/11/24 18:43:22;27542.8;0.3;60;1300;703;5769230.769
10/11/24 18:43:27;27547.6;0.3;60;1300;714;5769230.769
10/11/24 18:43:32;27552.5;0.3;60;1300;714;5769230.769
10/11/24 18:43:37;27557.6;0.3;60;1300;714;5769230.769
10/11/24 18:43:42;27562.5;0.3;60;1300;714;5769230.769
10/11/24 18:43:47;27567.6;0.3;60;1300;708;5769230.769
10/11/24 18:43:52;27572.6;0.3;60;1300;708;5769230.769
10/11/24 18:43:57;27577.6;0.3;60;1300;709;5769230.769
10/11/24 18:44:02;27582.7;0.3;60;1300;709;5769230.769
10/11/24 18:44:07;27587.7;0.3;60;1300;709;5769230.769
10/11/24 18:44:12;27592.7;0.3;60;1300;709;5769230.769
10/11/24 18:44:17;27597.8;0.3;60;1300;714;5769230.769
10/11/24 18:44:22;27602.6;0.3;60;1500;714;5000000
10/11/24 18:44:27;27607.6;0.3;60;1500;719;5000000
10/11/24 18:44:32;27612.5;0.3;60;1500;719;5000000
10/11/24 18:44:37;27617.6;0.3;60;1500;709;5000000
10/11/24 18:44:42;27622.6;0.3;60;1500;709;5000000
10/11/24 18:44:48;27627.7;0.3;60;1500;711;5000000
10/11/24 18:44:53;27632.7;0.3;60;1500;711;5000000
10/11/24 18:44:58;27637.7;0.3;60;1500;709;5000000
10/11/24 18:45:03;27642.7;0.3;60;1500;709;5000000
10/11/24 18:45:08;27647.9;0.3;60;1500;716;5000000
10/11/24 18:45:13;27653;0.3;60;1500;716;5000000
10/11/24 18:45:18;27657.9;0.3;60;1500;717;5000000
10/11/24 18:45:23;27662.8;0.3;60;1500;717;5000000
10/11/24 18:45:28;27667.7;0.3;60;1500;715;5000000
10/11/24 18:45:33;27672.7;0.3;60;1500;715;5000000
10/11/24 18:45:38;27677.7;0.3;60;1500;705;5000000
10/11/24 18:45:43;27682.8;0.3;60;1500;705;5000000
10/11/24 18:45:48;27687.8;0.3;60;1500;708;5000000
10/11/24 18:45:53;27692.8;0.3;60;1500;708;5000000
10/11/24 18:45:58;27698;0.3;60;1500;711;5000000
10/11/24 18:46:03;27702.9;0.3;60;1500;711;5000000
10/11/24 18:46:08;27707.9;0.3;60;1500;706;5000000
10/11/24 18:46:13;27712.9;0.3;60;1500;706;5000000
10/11/24 18:46:18;27717.7;0.3;60;1500;705;5000000
10/11/24 18:46:23;27722.8;0.3;60;1500;705;5000000
10/11/24 18:46:28;27727.9;0.3;60;1500;711;5000000
10/11/24 18:46:33;27733.1;0.3;60;1500;711;5000000
10/11/24 18:46:38;27738;0.3;60;1500;711;5000000
10/11/24 18:46:43;27743;0.3;60;1500;711;5000000
10/11/24 18:46:48;27747.9;0.3;60;1500;706;5000000
10/11/24 18:46:53;27752.9;0.3;60;1500;706;5000000
10/11/24 18:46:58;27758.3;0.3;60;1500;713;5000000
10/11/24 18:47:03;27763.1;0.3;60;1500;713;5000000
10/11/24 18:47:08;27768.1;0.3;60;1500;704;5000000
10/11/24 18:47:13;27773.1;0.3;60;1500;704;5000000
10/11/24 18:47:18;27778.4;0.3;60;1500;704;5000000
10/11/24 18:47:23;27783.2;0.3;60;1500;704;5000000
10/11/24 18:47:28;27788;0.3;60;1500;708;5000000
10/11/24 18:47:33;27792.9;0.3;60;1500;708;5000000
10/11/24 18:47:38;27798;0.3;60;1500;713;5000000
10/11/24 18:47:43;27803.2;0.3;60;1500;713;5000000
10/11/24 18:47:48;27808.2;0.3;60;1500;717;5000000
10/11/24 18:47:53;27813.3;0.3;60;1500;717;5000000
10/11/24 18:47:58;27818.3;0.3;60;1500;717;5000000
10/11/24 18:48:03;27823.3;0.3;60;1500;717;5000000
10/11/24 18:48:08;27828.2;0.3;60;1500;720;5000000
10/11/24 18:48:13;27833.2;0.3;60;1500;720;5000000
10/11/24 18:48:18;27838.2;0.3;60;1500;705;5000000
10/11/24 18:48:23;27843.2;0.3;60;1500;705;5000000
10/11/24 18:48:28;27848.2;0.3;60;1500;718;5000000
10/11/24 18:48:33;27853.3;0.3;60;1500;718;5000000
10/11/24 18:48:38;27858.2;0.3;60;1500;719;5000000
10/11/24 18:48:43;27863.3;0.3;60;1500;719;5000000
10/11/24 18:48:48;27868.3;0.3;60;1500;715;5000000
10/11/24 18:48:53;27873.3;0.3;60;1500;715;5000000
10/11/24 18:48:58;27878.3;0.3;60;1500;708;5000000
10/11/24 18:49:03;27883.3;0.3;60;1500;708;5000000
10/11/24 18:49:08;27888.4;0.3;60;1500;712;5000000
10/11/24 18:49:13;27893.4;0.3;60;1500;712;5000000
10/11/24 18:49:18;27898.3;0.3;60;1500;713;5000000
10/11/24 18:49:23;27903.7;0.3;60;1300;713;5769230.769
10/11/24 18:49:28;27908.3;0.3;60;1300;714;5769230.769
10/11/24 18:49:33;27913.3;0.3;60;1300;714;5769230.769
10/11/24 18:49:38;27918.3;0.3;60;1300;709;5769230.769
10/11/24 18:49:43;27923.3;0.3;60;1300;709;5769230.769
10/11/24 18:49:48;27928.4;0.3;60;1300;720;5769230.769
10/11/24 18:49:53;27933.4;0.3;60;1300;720;5769230.769
10/11/24 18:49:58;27938.4;0.3;60;1300;714;5769230.769
10/11/24 18:50:03;27943.5;0.3;60;1300;714;5769230.769
10/11/24 18:50:08;27948.5;0.3;60;1300;709;5769230.769
10/11/24 18:50:13;27953.4;0.3;60;1300;709;5769230.769
10/11/24 18:50:18;27958.3;0.3;60;1300;717;5769230.769
10/11/24 18:50:23;27963.3;0.3;60;1300;717;5769230.769
10/11/24 18:50:28;27968.4;0.3;60;1300;716;5769230.769
10/11/24 18:50:33;27973.5;0.3;60;1300;716;5769230.769
10/11/24 18:50:38;27978.4;0.3;60;1300;707;5769230.769
10/11/24 18:50:43;27983.4;0.3;60;1300;707;5769230.769
10/11/24 18:50:48;27988.4;0.3;60;1300;710;5769230.769
10/11/24 18:50:53;27993.4;0.3;60;1300;710;5769230.769
10/11/24 18:50:58;27998.5;0.3;60;1300;707;5769230.769
10/11/24 18:51:03;28003.6;0.3;60;1300;707;5769230.769
10/11/24 18:51:08;28008.4;0.3;60;1300;713;5769230.769
10/11/24 18:51:13;28013.6;0.3;60;1300;713;5769230.769
10/11/24 18:51:18;28018.6;0.3;60;1300;711;5769230.769
10/11/24 18:51:23;28023.7;0.3;60;1300;711;5769230.769
10/11/24 18:51:28;28028.5;0.3;60;1300;717;5769230.769
10/11/24 18:51:33;28033.5;0.3;60;1300;717;5769230.769
10/11/24 18:51:38;28038.5;0.3;60;1300;706;5769230.769
10/11/24 18:51:43;28043.5;0.3;60;1300;706;5769230.769
10/11/24 18:51:48;28048.4;0.3;60;1300;718;5769230.769
10/11/24 18:51:53;28053.5;0.3;60;640;718;11718750
10/11/24 18:51:58;28058.8;0.3;60;640;718;11718750
10/11/24 18:52:03;28063.7;0.3;60;640;718;11718750
10/11/24 18:52:08;28068.6;0.3;60;640;717;11718750
10/11/24 18:52:13;28073.5;0.3;60;640;717;11718750
10/11/24 18:52:18;28078.5;0.3;60;640;715;11718750
10/11/24 18:52:23;28083.6;0.3;60;640;715;11718750
10/11/24 18:52:28;28088.5;0.3;60;640;719;11718750
10/11/24 18:52:33;28093.5;0.3;60;640;719;11718750
10/11/24 18:52:38;28098.8;0.3;60;640;709;11718750
10/11/24 18:52:43;28103.8;0.3;60;640;709;11718750
10/11/24 18:52:48;28108.8;0.3;60;640;707;11718750
10/11/24 18:52:53;28113.8;0.3;60;640;707;11718750
10/11/24 18:52:58;28118.7;0.3;60;640;715;11718750
10/11/24 18:53:03;28123.7;0.3;60;640;715;11718750
10/11/24 18:53:08;28128.6;0.3;60;640;713;11718750
10/11/24 18:53:13;28133.7;0.3;60;640;713;11718750
10/11/24 18:53:18;28138.5;0.3;60;640;718;11718750
10/11/24 18:53:23;28143.8;0.3;60;640;718;11718750
10/11/24 18:53:28;28148.7;0.3;60;640;719;11718750
10/11/24 18:53:33;28153.7;0.3;60;640;719;11718750
10/11/24 18:53:38;28158.7;0.3;60;640;708;11718750
10/11/24 18:53:43;28163.6;0.3;60;640;708;11718750
10/11/24 18:53:49;28168.7;0.3;60;640;716;11718750
10/11/24 18:53:54;28173.7;0.3;60;640;716;11718750
10/11/24 18:53:59;28179.1;0.3;60;640;715;11718750
10/11/24 18:54:04;28184;0.3;60;640;715;11718750
10/11/24 18:54:09;28189.1;0.3;60;640;721;11718750
10/11/24 18:54:14;28194;0.3;60;640;721;11718750
10/11/24 18:54:19;28199;0.3;60;640;714;11718750
10/11/24 18:54:24;28203.7;0.3;60;160;714;46875000
10/11/24 18:54:29;28208.7;0.3;60;160;723;46875000
10/11/24 18:54:34;28214;0.3;60;160;723;46875000
10/11/24 18:54:39;28219;0.3;60;160;717;46875000
10/11/24 18:54:44;28223.9;0.3;60;160;717;46875000
10/11/24 18:54:49;28228.9;0.3;60;160;714;46875000
10/11/24 18:54:54;28234;0.3;60;160;714;46875000
10/11/24 18:54:59;28239;0.3;60;160;715;46875000
10/11/24 18:55:04;28244.1;0.3;60;160;715;46875000
10/11/24 18:55:09;28248.9;0.3;60;160;712;46875000
10/11/24 18:55:14;28254.1;0.3;60;160;712;46875000
10/11/24 18:55:19;28259.1;0.3;60;160;710;46875000
10/11/24 18:55:24;28264.1;0.3;60;160;710;46875000
10/11/24 18:55:29;28269.1;0.3;60;160;711;46875000
10/11/24 18:55:34;28274.1;0.3;60;160;711;46875000
10/11/24 18:55:39;28279;0.3;60;160;722;46875000
10/11/24 18:55:44;28283.9;0.3;60;160;722;46875000
10/11/24 18:55:49;28289;0.3;60;160;729;46875000
10/11/24 18:55:54;28294.1;0.3;60;160;729;46875000
10/11/24 18:55:59;28299.1;0.3;60;160;729;46875000
10/11/24 18:56:04;28304.2;0.3;60;160;729;46875000
10/11/24 18:56:09;28309.1;0.3;60;160;726;46875000
10/11/24 18:56:14;28314.1;0.3;60;160;726;46875000
10/11/24 18:56:19;28319.1;0.3;60;160;726;46875000
10/11/24 18:56:24;28324.1;0.3;60;160;726;46875000
10/11/24 18:56:29;28329.1;0.3;60;160;729;46875000
10/11/24 18:56:34;28334.2;0.3;60;160;729;46875000
10/11/24 18:56:39;28339.1;0.3;60;160;719;46875000
10/11/24 18:56:44;28344.1;0.3;60;160;719;46875000
10/11/24 18:56:49;28349.2;0.3;60;160;728;46875000
10/11/24 18:56:54;28354.2;0.3;60;62;728;120967741.9
10/11/24 18:56:59;28359.3;0.3;60;62;732;120967741.9
10/11/24 18:57:04;28364.3;0.3;60;62;732;120967741.9
10/11/24 18:57:09;28369.2;0.3;60;62;738;120967741.9
10/11/24 18:57:14;28374.2;0.3;60;62;738;120967741.9
10/11/24 18:57:19;28379.3;0.3;60;62;735;120967741.9
10/11/24 18:57:24;28384.1;0.3;60;62;735;120967741.9
10/11/24 18:57:29;28389.1;0.3;60;62;730;120967741.9
10/11/24 18:57:34;28394.2;0.3;60;62;730;120967741.9
10/11/24 18:57:39;28399.2;0.3;60;62;729;120967741.9
10/11/24 18:57:44;28404.3;0.3;60;62;729;120967741.9
10/11/24 18:57:49;28409.2;0.3;60;62;723;120967741.9
10/11/24 18:57:54;28414.2;0.3;60;62;723;120967741.9
10/11/24 18:57:59;28419.3;0.3;60;62;733;120967741.9
10/11/24 18:58:04;28424.3;0.3;60;62;733;120967741.9
10/11/24 18:58:09;28429.2;0.3;60;62;713;120967741.9
10/11/24 18:58:14;28434.3;0.3;60;62;713;120967741.9
10/11/24 18:58:19;28439.4;0.3;60;62;711;120967741.9
10/11/24 18:58:24;28444.3;0.3;60;62;711;120967741.9
10/11/24 18:58:29;28449.3;0.3;60;62;692;120967741.9
10/11/24 18:58:34;28454.4;0.3;60;62;692;120967741.9
10/11/24 18:58:39;28459.3;0.3;60;62;707;120967741.9
10/11/24 18:58:44;28464.4;0.3;60;62;707;120967741.9
10/11/24 18:58:49;28469.2;0.3;60;62;708;120967741.9
10/11/24 18:58:54;28474.3;0.3;60;62;708;120967741.9
10/11/24 18:58:59;28479.4;0.3;60;62;712;120967741.9
10/11/24 18:59:04;28484.6;0.3;60;62;712;120967741.9
10/11/24 18:59:09;28489.5;0.3;60;62;701;120967741.9
10/11/24 18:59:14;28494.7;0.3;60;62;701;120967741.9
10/11/24 18:59:19;28499.4;0.3;60;62;718;120967741.9
10/11/24 18:59:24;28504.7;0.2;40;62;718;80645161.29
10/11/24 18:59:29;28509.6;0.2;40;62;700;80645161.29
10/11/24 18:59:34;28514.6;0.2;40;62;700;80645161.29
10/11/24 18:59:39;28519.5;0.2;40;62;702;80645161.29
10/11/24 18:59:44;28524.5;0.2;40;62;702;80645161.29
10/11/24 18:59:49;28529.5;0.2;40;62;712;80645161.29
10/11/24 18:59:54;28534.5;0.2;40;62;712;80645161.29
10/11/24 18:59:59;28539.5;0.2;40;62;705;80645161.29
10/11/24 19:00:04;28544.5;0.2;40;62;705;80645161.29
10/11/24 19:00:09;28549.4;0.2;40;62;711;80645161.29
10/11/24 19:00:14;28554.6;0.2;40;62;711;80645161.29
10/11/24 19:00:19;28559.7;0.2;40;62;712;80645161.29
10/11/24 19:00:24;28564.7;0.2;40;62;712;80645161.29
10/11/24 19:00:29;28569.6;0.2;40;62;698;80645161.29
10/11/24 19:00:34;28574.7;0.2;40;62;698;80645161.29
10/11/24 19:00:39;28579.6;0.2;40;62;703;80645161.29
10/11/24 19:00:44;28584.5;0.2;40;62;703;80645161.29
10/11/24 19:00:49;28589.5;0.2;40;62;704;80645161.29
10/11/24 19:00:54;28594.8;0.2;40;62;704;80645161.29
10/11/24 19:00:59;28599.6;0.2;40;62;716;80645161.29
10/11/24 19:01:04;28604.8;0.2;40;62;716;80645161.29
10/11/24 19:01:09;28609.7;0.2;40;62;702;80645161.29
10/11/24 19:01:14;28614.7;0.2;40;62;702;80645161.29
10/11/24 19:01:19;28619.6;0.2;40;62;708;80645161.29
10/11/24 19:01:24;28624.6;0.2;40;62;708;80645161.29
10/11/24 19:01:29;28629.5;0.2;40;62;710;80645161.29
10/11/24 19:01:34;28634.5;0.2;40;62;710;80645161.29
10/11/24 19:01:39;28639.7;0.2;40;62;703;80645161.29
10/11/24 19:01:44;28644.7;0.2;40;62;703;80645161.29
10/11/24 19:01:49;28649.8;0.2;40;62;706;80645161.29
10/11/24 19:01:54;28654.8;0.2;40;160;706;31250000
10/11/24 19:01:59;28659.8;0.2;40;160;702;31250000
10/11/24 19:02:04;28664.6;0.2;40;160;702;31250000
10/11/24 19:02:09;28669.6;0.2;40;160;705;31250000
10/11/24 19:02:14;28674.7;0.2;40;160;705;31250000
10/11/24 19:02:19;28679.8;0.2;40;160;709;31250000
10/11/24 19:02:24;28684.8;0.2;40;160;709;31250000
10/11/24 19:02:29;28689.8;0.2;40;160;701;31250000
10/11/24 19:02:34;28694.8;0.2;40;160;701;31250000
10/11/24 19:02:39;28699.8;0.2;40;160;702;31250000
10/11/24 19:02:44;28704.8;0.2;40;160;702;31250000
10/11/24 19:02:49;28709.9;0.2;40;160;702;31250000
10/11/24 19:02:54;28714.7;0.2;40;160;702;31250000
10/11/24 19:02:59;28719.9;0.2;40;160;710;31250000
10/11/24 19:03:05;28724.8;0.2;40;160;710;31250000
10/11/24 19:03:10;28729.9;0.2;40;160;732;31250000
10/11/24 19:03:15;28734.9;0.2;40;160;732;31250000
10/11/24 19:03:20;28740;0.2;40;160;725;31250000
10/11/24 19:03:25;28744.9;0.2;40;160;725;31250000
10/11/24 19:03:30;28749.9;0.2;40;160;721;31250000
10/11/24 19:03:35;28754.8;0.2;40;160;721;31250000
10/11/24 19:03:40;28759.8;0.2;40;160;719;31250000
10/11/24 19:03:45;28764.8;0.2;40;160;719;31250000
10/11/24 19:03:50;28769.9;0.2;40;160;721;31250000
10/11/24 19:03:55;28774.9;0.2;40;160;721;31250000
10/11/24 19:04:00;28780;0.2;40;160;720;31250000
10/11/24 19:04:05;28784.9;0.2;40;160;720;31250000
10/11/24 19:04:10;28789.9;0.2;40;160;719;31250000
10/11/24 19:04:15;28794.8;0.2;40;160;719;31250000
10/11/24 19:04:20;28800;0.2;40;640;717;7812500
10/11/24 19:04:25;28805;0.2;40;640;717;7812500
10/11/24 19:04:30;28810;0.2;40;640;729;7812500
10/11/24 19:04:35;28815;0.2;40;640;729;7812500
10/11/24 19:04:40;28820;0.2;40;640;726;7812500
10/11/24 19:04:45;28825;0.2;40;640;726;7812500
10/11/24 19:04:50;28830;0.2;40;640;730;7812500
10/11/24 19:04:55;28835;0.2;40;640;730;7812500
10/11/24 19:05:00;28840;0.2;40;640;717;7812500
10/11/24 19:05:05;28845;0.2;40;640;717;7812500
10/11/24 19:05:10;28849.9;0.2;40;640;725;7812500
10/11/24 19:05:15;28855.1;0.2;40;640;725;7812500
10/11/24 19:05:20;28860;0.2;40;640;723;7812500
10/11/24 19:05:25;28865;0.2;40;640;723;7812500
10/11/24 19:05:30;28870;0.2;40;640;712;7812500
10/11/24 19:05:35;28875;0.2;40;640;712;7812500
10/11/24 19:05:40;28880;0.2;40;640;712;7812500
10/11/24 19:05:45;28885.1;0.2;40;640;712;7812500
10/11/24 19:05:50;28890;0.2;40;640;705;7812500
10/11/24 19:05:55;28895;0.2;40;640;705;7812500
10/11/24 19:06:00;28900.4;0.2;40;640;710;7812500
10/11/24 19:06:05;28905.1;0.2;40;640;710;7812500
10/11/24 19:06:10;28910.1;0.2;40;640;714;7812500
10/11/24 19:06:15;28915.1;0.2;40;640;714;7812500
10/11/24 19:06:20;28920.1;0.2;40;640;706;7812500
10/11/24 19:06:25;28925.1;0.2;40;640;706;7812500
10/11/24 19:06:30;28930.1;0.2;40;640;705;7812500
10/11/24 19:06:35;28935;0.2;40;640;705;7812500
10/11/24 19:06:40;28940;0.2;40;640;715;7812500
10/11/24 19:06:45;28945;0.2;40;640;715;7812500
10/11/24 19:06:50;28950.1;0.2;40;1300;708;3846153.846
10/11/24 19:06:55;28955.5;0.2;40;1300;708;3846153.846
10/11/24 19:07:00;28960.2;0.2;40;1300;717;3846153.846
10/11/24 19:07:05;28965.3;0.2;40;1300;717;3846153.846
10/11/24 19:07:10;28970.2;0.2;40;1300;715;3846153.846
10/11/24 19:07:15;28975;0.2;40;1300;715;3846153.846
10/11/24 19:07:20;28980.2;0.2;40;1300;723;3846153.846
10/11/24 19:07:25;28985.3;0.2;40;1300;723;3846153.846
10/11/24 19:07:30;28990.2;0.2;40;1300;715;3846153.846
10/11/24 19:07:35;28995.2;0.2;40;1300;715;3846153.846
10/11/24 19:07:40;29000.2;0.2;40;1300;714;3846153.846
10/11/24 19:07:45;29005.2;0.2;40;1300;714;3846153.846
10/11/24 19:07:50;29010.2;0.2;40;1300;717;3846153.846
10/11/24 19:07:55;29015.3;0.2;40;1300;717;3846153.846
10/11/24 19:08:00;29020.2;0.2;40;1300;713;3846153.846
10/11/24 19:08:05;29025.2;0.2;40;1300;713;3846153.846
10/11/24 19:08:10;29030.3;0.2;40;1300;713;3846153.846
10/11/24 19:08:15;29035.3;0.2;40;1300;713;3846153.846
10/11/24 19:08:20;29040.3;0.2;40;1300;710;3846153.846
10/11/24 19:08:25;29045.3;0.2;40;1300;710;3846153.846
10/11/24 19:08:30;29050.3;0.2;40;1300;711;3846153.846
10/11/24 19:08:35;29055.3;0.2;40;1300;711;3846153.846
10/11/24 19:08:40;29060.3;0.2;40;1300;712;3846153.846
10/11/24 19:08:45;29065.4;0.2;40;1300;712;3846153.846
10/11/24 19:08:50;29070.4;0.2;40;1300;715;3846153.846
10/11/24 19:08:55;29075.3;0.2;40;1300;715;3846153.846
10/11/24 19:09:00;29080.3;0.2;40;1300;709;3846153.846
10/11/24 19:09:05;29087.1;0.2;40;1300;709;3846153.846
10/11/24 19:09:15;29095.3;0.2;40;1300;714;3846153.846
10/11/24 19:09:20;29100.3;0.2;40;1500;705;3333333.333
10/11/24 19:09:25;29105.3;0.2;40;1500;705;3333333.333
10/11/24 19:09:30;29110.3;0.2;40;1500;702;3333333.333
10/11/24 19:09:35;29115.4;0.2;40;1500;702;3333333.333
10/11/24 19:09:40;29120.4;0.2;40;1500;712;3333333.333
10/11/24 19:09:45;29125.4;0.2;40;1500;712;3333333.333
10/11/24 19:09:50;29130.4;0.2;40;1500;709;3333333.333
10/11/24 19:09:55;29135.4;0.2;40;1500;709;3333333.333
10/11/24 19:10:00;29140.5;0.2;40;1500;717;3333333.333
10/11/24 19:10:05;29145.6;0.2;40;1500;717;3333333.333
10/11/24 19:10:10;29150.4;0.2;40;1500;709;3333333.333
10/11/24 19:10:15;29155.4;0.2;40;1500;709;3333333.333
10/11/24 19:10:20;29160.4;0.2;40;1500;705;3333333.333
10/11/24 19:10:25;29165.4;0.2;40;1500;705;3333333.333
10/11/24 19:10:30;29170.4;0.2;40;1500;714;3333333.333
10/11/24 19:10:35;29175.4;0.2;40;1500;714;3333333.333
10/11/24 19:10:40;29180.5;0.2;40;1500;709;3333333.333
10/11/24 19:10:45;29185.5;0.2;40;1500;709;3333333.333
10/11/24 19:10:50;29190.7;0.2;40;1500;706;3333333.333
10/11/24 19:10:55;29195.5;0.2;40;1500;706;3333333.333
10/11/24 19:11:00;29200.6;0.2;40;1500;712;3333333.333
10/11/24 19:11:05;29205.5;0.2;40;1500;712;3333333.333
10/11/24 19:11:10;29210.5;0.2;40;1500;703;3333333.333
10/11/24 19:11:15;29215.7;0.2;40;1500;703;3333333.333
10/11/24 19:11:20;29220.5;0.2;40;1500;706;3333333.333
10/11/24 19:11:25;29225.6;0.2;40;1500;706;3333333.333
10/11/24 19:11:30;29230.8;0.2;40;1500;709;3333333.333
10/11/24 19:11:35;29235.7;0.2;40;1500;709;3333333.333
10/11/24 19:11:40;29240.5;0.2;40;1500;721;3333333.333
10/11/24 19:11:45;29245.5;0.2;40;1500;721;3333333.333
10/11/24 19:11:50;29250.6;0.2;40;1500;717;3333333.333
10/11/24 19:11:55;29255.7;0.2;40;1500;717;3333333.333
10/11/24 19:12:00;29260.7;0.2;40;1500;709;3333333.333
10/11/24 19:12:05;29265.7;0.2;40;1500;709;3333333.333
10/11/24 19:12:10;29270.5;0.2;40;1500;703;3333333.333
10/11/24 19:12:15;29275.6;0.2;40;1500;703;3333333.333
10/11/24 19:12:20;29280.8;0.2;40;1500;711;3333333.333
10/11/24 19:12:25;29285.6;0.2;40;1500;711;3333333.333
10/11/24 19:12:30;29290.7;0.2;40;1500;704;3333333.333
10/11/24 19:12:35;29295.8;0.2;40;1500;704;3333333.333
10/11/24 19:12:40;29300.7;0.2;40;1500;714;3333333.333
10/11/24 19:12:45;29305.8;0.2;40;1500;714;3333333.333
10/11/24 19:12:50;29310.8;0.2;40;1500;706;3333333.333
10/11/24 19:12:56;29315.7;0.2;40;1500;706;3333333.333
10/11/24 19:13:01;29320.8;0.2;40;1500;709;3333333.333
10/11/24 19:13:06;29325.8;0.2;40;1500;709;3333333.333
10/11/24 19:13:11;29330.6;0.2;40;1500;707;3333333.333
10/11/24 19:13:16;29335.8;0.2;40;1500;707;3333333.333
10/11/24 19:13:21;29340.7;0.2;40;1500;718;3333333.333
10/11/24 19:13:26;29345.8;0.2;40;1500;718;3333333.333
10/11/24 19:13:31;29350.9;0.2;40;1500;707;3333333.333
10/11/24 19:13:36;29355.8;0.2;40;1500;707;3333333.333
10/11/24 19:13:41;29360.8;0.2;40;1500;707;3333333.333
10/11/24 19:13:46;29365.9;0.2;40;1500;707;3333333.333
10/11/24 19:13:51;29370.9;0.2;40;1500;706;3333333.333
10/11/24 19:13:56;29375.9;0.2;40;1500;706;3333333.333
10/11/24 19:14:01;29380.9;0.2;40;1500;711;3333333.333
10/11/24 19:14:06;29385.9;0.2;40;1500;711;3333333.333
10/11/24 19:14:11;29390.9;0.2;40;1500;708;3333333.333
10/11/24 19:14:16;29395.9;0.2;40;1500;708;3333333.333
10/11/24 19:14:21;29400.7;0.2;40;1300;711;3846153.846
10/11/24 19:14:26;29405.8;0.2;40;1300;711;3846153.846
10/11/24 19:14:31;29410.8;0.2;40;1300;715;3846153.846
10/11/24 19:14:36;29415.9;0.2;40;1300;715;3846153.846
10/11/24 19:14:41;29420.8;0.2;40;1300;713;3846153.846
10/11/24 19:14:46;29425.9;0.2;40;1300;713;3846153.846
10/11/24 19:14:51;29430.9;0.2;40;1300;710;3846153.846
10/11/24 19:14:56;29436.6;0.2;40;1300;710;3846153.846
10/11/24 19:15:01;29441.1;0.2;40;1300;711;3846153.846
10/11/24 19:15:06;29447.7;0.2;40;1300;711;3846153.846
10/11/24 19:15:16;29456.6;0.2;40;1300;711;3846153.846
10/11/24 19:15:21;29461;0.2;40;1300;708;3846153.846
10/11/24 19:15:26;29466;0.2;40;1300;708;3846153.846
10/11/24 19:15:31;29471;0.2;40;1300;718;3846153.846
10/11/24 19:15:36;29476;0.2;40;1300;718;3846153.846
10/11/24 19:15:41;29480.9;0.2;40;1300;715;3846153.846
10/11/24 19:15:46;29485.9;0.2;40;1300;715;3846153.846
10/11/24 19:15:51;29491;0.2;40;1300;713;3846153.846
10/11/24 19:15:56;29496;0.2;40;1300;713;3846153.846
10/11/24 19:16:01;29501;0.2;40;1300;717;3846153.846
10/11/24 19:16:06;29507.9;0.2;40;1300;717;3846153.846
10/11/24 19:16:16;29516.1;0.2;40;1300;716;3846153.846
10/11/24 19:16:21;29521;0.2;40;1300;709;3846153.846
10/11/24 19:16:26;29526.2;0.2;40;1300;709;3846153.846
10/11/24 19:16:31;29531;0.2;40;1300;704;3846153.846
10/11/24 19:16:36;29536;0.2;40;1300;704;3846153.846
10/11/24 19:16:41;29541.1;0.2;40;1300;708;3846153.846
10/11/24 19:16:46;29546.1;0.2;40;1300;708;3846153.846
10/11/24 19:16:51;29551.1;0.2;40;640;707;7812500
10/11/24 19:16:56;29556.1;0.2;40;640;707;7812500
10/11/24 19:17:01;29561.2;0.2;40;640;702;7812500
10/11/24 19:17:06;29566.1;0.2;40;640;702;7812500
10/11/24 19:17:11;29571.1;0.2;40;640;709;7812500
10/11/24 19:17:16;29576.1;0.2;40;640;709;7812500
10/11/24 19:17:21;29581;0.2;40;640;708;7812500
10/11/24 19:17:26;29586.2;0.2;40;640;708;7812500
10/11/24 19:17:31;29591.1;0.2;40;640;715;7812500
10/11/24 19:17:36;29596.2;0.2;40;640;715;7812500
10/11/24 19:17:41;29601.2;0.2;40;640;710;7812500
10/11/24 19:17:46;29606.2;0.2;40;640;710;7812500
10/11/24 19:17:51;29611.2;0.2;40;640;710;7812500
10/11/24 19:17:56;29616.2;0.2;40;640;710;7812500
10/11/24 19:18:01;29621.2;0.2;40;640;715;7812500
10/11/24 19:18:06;29626.1;0.2;40;640;715;7812500
10/11/24 19:18:11;29631.1;0.2;40;640;713;7812500
10/11/24 19:18:16;29636.2;0.2;40;640;713;7812500
10/11/24 19:18:21;29641.2;0.2;40;640;711;7812500
10/11/24 19:18:26;29646.3;0.2;40;640;711;7812500
10/11/24 19:18:31;29651.2;0.2;40;640;708;7812500
10/11/24 19:18:36;29656.3;0.2;40;640;708;7812500
10/11/24 19:18:41;29661.2;0.2;40;640;709;7812500
10/11/24 19:18:46;29666.2;0.2;40;640;709;7812500
10/11/24 19:18:51;29671.3;0.2;40;640;711;7812500
10/11/24 19:18:56;29676.3;0.2;40;640;711;7812500
10/11/24 19:19:01;29681.4;0.2;40;640;712;7812500
10/11/24 19:19:06;29688;0.2;40;640;712;7812500
10/11/24 19:19:16;29696.3;0.2;40;640;708;7812500
10/11/24 19:19:21;29701.4;0.2;40;160;711;31250000
10/11/24 19:19:26;29706.3;0.2;40;160;711;31250000
10/11/24 19:19:31;29711.2;0.2;40;160;717;31250000
10/11/24 19:19:36;29716.3;0.2;40;160;717;31250000
10/11/24 19:19:41;29721.3;0.2;40;160;715;31250000
10/11/24 19:19:46;29726.2;0.2;40;160;715;31250000
10/11/24 19:19:51;29731.2;0.2;40;160;718;31250000
10/11/24 19:19:56;29736.4;0.2;40;160;718;31250000
10/11/24 19:20:01;29741.4;0.2;40;160;717;31250000
10/11/24 19:20:06;29746.5;0.2;40;160;717;31250000
10/11/24 19:20:11;29751.4;0.2;40;160;715;31250000
10/11/24 19:20:16;29756.4;0.2;40;160;715;31250000
10/11/24 19:20:21;29761.4;0.2;40;160;709;31250000
10/11/24 19:20:26;29766.4;0.2;40;160;709;31250000
10/11/24 19:20:31;29771.4;0.2;40;160;703;31250000
10/11/24 19:20:36;29776.4;0.2;40;160;703;31250000
10/11/24 19:20:41;29781.4;0.2;40;160;717;31250000
10/11/24 19:20:46;29786.5;0.2;40;160;717;31250000
10/11/24 19:20:51;29791.3;0.2;40;160;721;31250000
10/11/24 19:20:56;29796.4;0.2;40;160;721;31250000
10/11/24 19:21:01;29801.4;0.2;40;160;711;31250000
10/11/24 19:21:06;29806.5;0.2;40;160;711;31250000
10/11/24 19:21:11;29811.5;0.2;40;160;716;31250000
10/11/24 19:21:16;29816.6;0.2;40;160;716;31250000
10/11/24 19:21:21;29821.6;0.2;40;160;716;31250000
10/11/24 19:21:26;29826.6;0.2;40;160;716;31250000
10/11/24 19:21:31;29831.5;0.2;40;160;715;31250000
10/11/24 19:21:36;29836.6;0.2;40;160;715;31250000
10/11/24 19:21:41;29841.5;0.2;40;160;731;31250000
10/11/24 19:21:46;29847;0.2;40;160;731;31250000
10/11/24 19:21:51;29851.6;0.2;40;62;727;80645161.29
10/11/24 19:21:56;29856.6;0.2;40;62;727;80645161.29
10/11/24 19:22:01;29861.6;0.2;40;62;723;80645161.29
10/11/24 19:22:06;29866.6;0.2;40;62;723;80645161.29
10/11/24 19:22:11;29871.6;0.2;40;62;723;80645161.29
10/11/24 19:22:16;29877;0.2;40;62;723;80645161.29
10/11/24 19:22:21;29881.6;0.2;40;62;721;80645161.29
10/11/24 19:22:26;29886.4;0.2;40;62;721;80645161.29
10/11/24 19:22:31;29891.6;0.2;40;62;714;80645161.29
10/11/24 19:22:36;29896.6;0.2;40;62;714;80645161.29
10/11/24 19:22:41;29901.7;0.2;40;62;720;80645161.29
10/11/24 19:22:46;29906.7;0.2;40;62;720;80645161.29
10/11/24 19:22:51;29911.8;0.2;40;62;727;80645161.29
10/11/24 19:22:56;29916.7;0.2;40;62;727;80645161.29
10/11/24 19:23:01;29921.6;0.2;40;62;727;80645161.29
10/11/24 19:23:07;29928.1;0.2;40;62;727;80645161.29
10/11/24 19:23:12;29931.8;0.2;40;62;713;80645161.29
10/11/24 19:23:17;29937.2;0.2;40;62;713;80645161.29
10/11/24 19:23:22;29941.7;0.2;40;62;699;80645161.29
10/11/24 19:23:27;29946.7;0.2;40;62;699;80645161.29
10/11/24 19:23:32;29951.7;0.2;40;62;706;80645161.29
10/11/24 19:23:37;29957;0.2;40;62;706;80645161.29
10/11/24 19:23:42;29961.9;0.2;40;62;695;80645161.29
10/11/24 19:23:47;29966.7;0.2;40;62;695;80645161.29
10/11/24 19:23:52;29971.8;0.2;40;62;720;80645161.29
10/11/24 19:23:57;29977.2;0.2;40;62;720;80645161.29
10/11/24 19:24:02;29981.8;0.2;40;62;700;80645161.29
10/11/24 19:24:07;29988.3;0.2;40;62;700;80645161.29
10/11/24 19:24:12;29991.7;0.2;40;62;709;80645161.29
10/11/24 19:24:17;29997.3;0.2;40;62;709;80645161.29
10/11/24 19:24:22;30001.8;0.1;20;62;708;40322580.65
10/11/24 19:24:27;30007.4;0.1;20;62;708;40322580.65
10/11/24 19:24:32;30012;0.1;20;62;697;40322580.65
10/11/24 19:24:37;30017.3;0.1;20;62;697;40322580.65
10/11/24 19:24:42;30021.9;0.1;20;62;702;40322580.65
10/11/24 19:24:47;30027.3;0.1;20;62;702;40322580.65
10/11/24 19:24:52;30031.8;0.1;20;62;707;40322580.65
10/11/24 19:24:57;30036.8;0.1;20;62;707;40322580.65
10/11/24 19:25:02;30042.1;0.1;20;62;708;40322580.65
10/11/24 19:25:07;30048.4;0.1;20;62;708;40322580.65
10/11/24 19:25:12;30052.1;0.1;20;62;716;40322580.65
10/11/24 19:25:17;30057.4;0.1;20;62;716;40322580.65
10/11/24 19:25:22;30062.1;0.1;20;62;700;40322580.65
10/11/24 19:25:27;30067.5;0.1;20;62;700;40322580.65
10/11/24 19:25:32;30072.1;0.1;20;62;698;40322580.65
10/11/24 19:25:37;30077.4;0.1;20;62;698;40322580.65
10/11/24 19:25:42;30082.1;0.1;20;62;705;40322580.65
10/11/24 19:25:47;30087.5;0.1;20;62;705;40322580.65
10/11/24 19:25:52;30092.1;0.1;20;62;702;40322580.65
10/11/24 19:25:57;30097.4;0.1;20;62;702;40322580.65
10/11/24 19:26:02;30102.2;0.1;20;62;706;40322580.65
10/11/24 19:26:07;30108.5;0.1;20;62;706;40322580.65
10/11/24 19:26:12;30112.3;0.1;20;62;703;40322580.65
10/11/24 19:26:17;30117.6;0.1;20;62;703;40322580.65
10/11/24 19:26:22;30122.1;0.1;20;62;705;40322580.65
10/11/24 19:26:27;30127.4;0.1;20;62;705;40322580.65
10/11/24 19:26:32;30132.1;0.1;20;62;713;40322580.65
10/11/24 19:26:37;30137.5;0.1;20;62;713;40322580.65
10/11/24 19:26:42;30142.2;0.1;20;62;697;40322580.65
10/11/24 19:26:47;30147.6;0.1;20;62;697;40322580.65
10/11/24 19:26:52;30152.2;0.1;20;160;700;15625000
10/11/24 19:26:57;30157.6;0.1;20;160;700;15625000
10/11/24 19:27:02;30162.3;0.1;20;160;706;15625000
10/11/24 19:27:07;30168.6;0.1;20;160;706;15625000
10/11/24 19:27:12;30172.2;0.1;20;160;712;15625000
10/11/24 19:27:17;30177.5;0.1;20;160;712;15625000
10/11/24 19:27:22;30182.3;0.1;20;160;706;15625000
10/11/24 19:27:27;30187.5;0.1;20;160;706;15625000
10/11/24 19:27:32;30192.2;0.1;20;160;714;15625000
10/11/24 19:27:37;30197.6;0.1;20;160;714;15625000
10/11/24 19:27:42;30202.2;0.1;20;160;699;15625000
10/11/24 19:27:47;30207.5;0.1;20;160;699;15625000
10/11/24 19:27:52;30212.3;0.1;20;160;709;15625000
10/11/24 19:27:57;30217.7;0.1;20;160;709;15625000
10/11/24 19:28:02;30222.3;0.1;20;160;709;15625000
10/11/24 19:28:07;30228.7;0.1;20;160;709;15625000
10/11/24 19:28:12;30232.3;0.1;20;160;716;15625000
10/11/24 19:28:17;30237.6;0.1;20;160;716;15625000
10/11/24 19:28:22;30242.4;0.1;20;160;723;15625000
10/11/24 19:28:27;30247.6;0.1;20;160;723;15625000
10/11/24 19:28:32;30252.3;0.1;20;160;711;15625000
10/11/24 19:28:37;30257.7;0.1;20;160;711;15625000
10/11/24 19:28:42;30262.3;0.1;20;160;719;15625000
10/11/24 19:28:47;30267.7;0.1;20;160;719;15625000
10/11/24 19:28:52;30272.4;0.1;20;160;714;15625000
10/11/24 19:28:57;30277.8;0.1;20;160;714;15625000
10/11/24 19:29:02;30282.4;0.1;20;160;713;15625000
10/11/24 19:29:07;30288.8;0.1;20;160;713;15625000
10/11/24 19:29:12;30292.3;0.1;20;160;723;15625000
10/11/24 19:29:17;30297.7;0.1;20;160;723;15625000
10/11/24 19:29:22;30302.5;0.1;20;640;710;3906250
10/11/24 19:29:27;30307.9;0.1;20;640;710;3906250
10/11/24 19:29:32;30312.5;0.1;20;640;717;3906250
10/11/24 19:29:37;30317.8;0.1;20;640;717;3906250
10/11/24 19:29:42;30322.5;0.1;20;640;716;3906250
10/11/24 19:29:47;30327.7;0.1;20;640;716;3906250
10/11/24 19:29:52;30332.4;0.1;20;640;709;3906250
10/11/24 19:29:57;30337.7;0.1;20;640;709;3906250
10/11/24 19:30:02;30342.7;0.1;20;640;711;3906250
10/11/24 19:30:07;30349;0.1;20;640;711;3906250
10/11/24 19:30:12;30352.6;0.1;20;640;722;3906250
10/11/24 19:30:17;30357.9;0.1;20;640;722;3906250
10/11/24 19:30:22;30362.5;0.1;20;640;715;3906250
10/11/24 19:30:27;30367.8;0.1;20;640;715;3906250
10/11/24 19:30:32;30372.4;0.1;20;640;703;3906250
10/11/24 19:30:37;30377.7;0.1;20;640;703;3906250
10/11/24 19:30:42;30382.6;0.1;20;640;708;3906250
10/11/24 19:30:47;30387.9;0.1;20;640;708;3906250
10/11/24 19:30:52;30392.7;0.1;20;640;706;3906250
10/11/24 19:30:57;30398.2;0.1;20;640;706;3906250
10/11/24 19:31:02;30402.8;0.1;20;640;715;3906250
10/11/24 19:31:07;30409;0.1;20;640;715;3906250
10/11/24 19:31:12;30412.7;0.1;20;640;703;3906250
10/11/24 19:31:17;30418.2;0.1;20;640;703;3906250
10/11/24 19:31:22;30422.8;0.1;20;640;708;3906250
10/11/24 19:31:27;30428.1;0.1;20;640;708;3906250
10/11/24 19:31:32;30432.8;0.1;20;640;706;3906250
10/11/24 19:31:37;30438.1;0.1;20;640;706;3906250
10/11/24 19:31:42;30442.8;0.1;20;640;707;3906250
10/11/24 19:31:47;30448;0.1;20;640;707;3906250
10/11/24 19:31:52;30452.7;0.1;20;1300;709;1923076.923
10/11/24 19:31:58;30458.2;0.1;20;1300;709;1923076.923
10/11/24 19:32:03;30462.9;0.1;20;1300;711;1923076.923
10/11/24 19:32:08;30469.3;0.1;20;1300;711;1923076.923
10/11/24 19:32:13;30472.9;0.1;20;1300;719;1923076.923
10/11/24 19:32:18;30478.2;0.1;20;1300;719;1923076.923
10/11/24 19:32:23;30482.9;0.1;20;1300;707;1923076.923
10/11/24 19:32:28;30488.3;0.1;20;1300;707;1923076.923
10/11/24 19:32:33;30492.9;0.1;20;1300;709;1923076.923
10/11/24 19:32:38;30498.2;0.1;20;1300;709;1923076.923
10/11/24 19:32:43;30503.1;0.1;20;1300;709;1923076.923
10/11/24 19:32:48;30508.2;0.1;20;1300;709;1923076.923
10/11/24 19:32:53;30513;0.1;20;1300;710;1923076.923
10/11/24 19:32:58;30518.2;0.1;20;1300;710;1923076.923
10/11/24 19:33:03;30522.9;0.1;20;1300;712;1923076.923
10/11/24 19:33:08;30529.4;0.1;20;1300;712;1923076.923
10/11/24 19:33:13;30532.7;0.1;20;1300;702;1923076.923
10/11/24 19:33:18;30538.2;0.1;20;1300;702;1923076.923
10/11/24 19:33:23;30542.9;0.1;20;1300;713;1923076.923
10/11/24 19:33:28;30548.2;0.1;20;1300;713;1923076.923
10/11/24 19:33:33;30553;0.1;20;1300;700;1923076.923
10/11/24 19:33:38;30558.3;0.1;20;1300;700;1923076.923
10/11/24 19:33:43;30563;0.1;20;1300;703;1923076.923
10/11/24 19:33:48;30568.3;0.1;20;1300;703;1923076.923
10/11/24 19:33:53;30573;0.1;20;1300;707;1923076.923
10/11/24 19:33:58;30578.3;0.1;20;1300;707;1923076.923
10/11/24 19:34:03;30583;0.1;20;1300;705;1923076.923
10/11/24 19:34:08;30589.3;0.1;20;1300;705;1923076.923
10/11/24 19:34:13;30593.1;0.1;20;1300;707;1923076.923
10/11/24 19:34:18;30598.3;0.1;20;1300;707;1923076.923
10/11/24 19:34:23;30603.1;0.1;20;1500;715;1666666.667
10/11/24 19:34:28;30608.3;0.1;20;1500;715;1666666.667
10/11/24 19:34:33;30613;0.1;20;1500;707;1666666.667
10/11/24 19:34:38;30618.5;0.1;20;1500;707;1666666.667
10/11/24 19:34:43;30623;0.1;20;1500;711;1666666.667
10/11/24 19:34:48;30628.3;0.1;20;1500;711;1666666.667
10/11/24 19:34:53;30633;0.1;20;1500;711;1666666.667
10/11/24 19:34:58;30638.5;0.1;20;1500;711;1666666.667
10/11/24 19:35:03;30643.1;0.1;20;1500;702;1666666.667
10/11/24 19:35:08;30649.4;0.1;20;1500;702;1666666.667
10/11/24 19:35:13;30653.1;0.1;20;1500;700;1666666.667
10/11/24 19:35:18;30658.4;0.1;20;1500;700;1666666.667
10/11/24 19:35:23;30663.1;0.1;20;1500;703;1666666.667
10/11/24 19:35:28;30668.4;0.1;20;1500;703;1666666.667
10/11/24 19:35:33;30673.1;0.1;20;1500;708;1666666.667
10/11/24 19:35:38;30678.4;0.1;20;1500;708;1666666.667
10/11/24 19:35:43;30683.1;0.1;20;1500;706;1666666.667
10/11/24 19:35:48;30688.6;0.1;20;1500;706;1666666.667
10/11/24 19:35:53;30693.2;0.1;20;1500;704;1666666.667
10/11/24 19:35:58;30698.5;0.1;20;1500;704;1666666.667
10/11/24 19:36:03;30703.3;0.1;20;1500;705;1666666.667
10/11/24 19:36:08;30709.6;0.1;20;1500;705;1666666.667
10/11/24 19:36:13;30713.3;0.1;20;1500;711;1666666.667
10/11/24 19:36:18;30718.6;0.1;20;1500;711;1666666.667
10/11/24 19:36:23;30723.3;0.1;20;1500;701;1666666.667
10/11/24 19:36:28;30728.7;0.1;20;1500;701;1666666.667
10/11/24 19:36:33;30733.4;0.1;20;1500;708;1666666.667
10/11/24 19:36:38;30738.6;0.1;20;1500;708;1666666.667
10/11/24 19:36:43;30743.3;0.1;20;1500;704;1666666.667
10/11/24 19:36:48;30748.5;0.1;20;1500;704;1666666.667
10/11/24 19:36:53;30753.2;0.1;20;1500;706;1666666.667
10/11/24 19:36:58;30758.6;0.1;20;1500;706;1666666.667
10/11/24 19:37:03;30763.3;0.1;20;1500;708;1666666.667
10/11/24 19:37:08;30769.7;0.1;20;1500;708;1666666.667
10/11/24 19:37:13;30773.4;0.1;20;1500;708;1666666.667
10/11/24 19:37:18;30778.6;0.1;20;1500;708;1666666.667
10/11/24 19:37:23;30783.4;0.1;20;1500;706;1666666.667
10/11/24 19:37:28;30788.8;0.1;20;1500;706;1666666.667
10/11/24 19:37:33;30793.5;0.1;20;1500;706;1666666.667
10/11/24 19:37:38;30798.7;0.1;20;1500;706;1666666.667
10/11/24 19:37:43;30803.4;0.1;20;1500;713;1666666.667
10/11/24 19:37:48;30808.8;0.1;20;1500;713;1666666.667
10/11/24 19:37:53;30813.5;0.1;20;1500;706;1666666.667
10/11/24 19:37:58;30818.8;0.1;20;1500;706;1666666.667
10/11/24 19:38:03;30823.5;0.1;20;1500;707;1666666.667
10/11/24 19:38:08;30829.8;0.1;20;1500;707;1666666.667
10/11/24 19:38:13;30833.4;0.1;20;1500;703;1666666.667
10/11/24 19:38:18;30838.7;0.1;20;1500;703;1666666.667
10/11/24 19:38:23;30843.5;0.1;20;1500;708;1666666.667
10/11/24 19:38:28;30848.8;0.1;20;1500;708;1666666.667
10/11/24 19:38:33;30853.4;0.1;20;1500;708;1666666.667
10/11/24 19:38:38;30858.8;0.1;20;1500;708;1666666.667
10/11/24 19:38:43;30863.5;0.1;20;1500;704;1666666.667
10/11/24 19:38:48;30868.8;0.1;20;1500;704;1666666.667
10/11/24 19:38:53;30873.5;0.1;20;1500;706;1666666.667
10/11/24 19:38:58;30878.8;0.1;20;1500;706;1666666.667
10/11/24 19:39:03;30883.5;0.1;20;1500;700;1666666.667
10/11/24 19:39:08;30890;0.1;20;1500;700;1666666.667
10/11/24 19:39:13;30893.6;0.1;20;1500;705;1666666.667
10/11/24 19:39:18;30898.9;0.1;20;1500;705;1666666.667
10/11/24 19:39:23;30903.9;0.1;20;1300;701;1923076.923
10/11/24 19:39:28;30908.9;0.1;20;1300;701;1923076.923
10/11/24 19:39:33;30913.5;0.1;20;1300;701;1923076.923
10/11/24 19:39:38;30918.9;0.1;20;1300;701;1923076.923
10/11/24 19:39:43;30923.5;0.1;20;1300;701;1923076.923
10/11/24 19:39:48;30928.8;0.1;20;1300;701;1923076.923
10/11/24 19:39:53;30933.6;0.1;20;1300;711;1923076.923
10/11/24 19:39:58;30938.9;0.1;20;1300;711;1923076.923
10/11/24 19:40:03;30943.6;0.1;20;1300;702;1923076.923
10/11/24 19:40:08;30950.2;0.1;20;1300;702;1923076.923
10/11/24 19:40:13;30953.5;0.1;20;1300;712;1923076.923
10/11/24 19:40:18;30959;0.1;20;1300;712;1923076.923
10/11/24 19:40:23;30963.6;0.1;20;1300;704;1923076.923
10/11/24 19:40:28;30968.8;0.1;20;1300;704;1923076.923
10/11/24 19:40:33;30973.6;0.1;20;1300;714;1923076.923
10/11/24 19:40:38;30979.1;0.1;20;1300;714;1923076.923
10/11/24 19:40:43;30983.7;0.1;20;1300;704;1923076.923
10/11/24 19:40:48;30989;0.1;20;1300;704;1923076.923
10/11/24 19:40:53;30993.7;0.1;20;1300;712;1923076.923
10/11/24 19:40:58;30999;0.1;20;1300;712;1923076.923
10/11/24 19:41:03;31003.7;0.1;20;1300;704;1923076.923
10/11/24 19:41:08;31010.1;0.1;20;1300;704;1923076.923
10/11/24 19:41:13;31013.6;0.1;20;1300;708;1923076.923
10/11/24 19:41:18;31018.8;0.1;20;1300;708;1923076.923
10/11/24 19:41:23;31023.7;0.1;20;1300;705;1923076.923
10/11/24 19:41:28;31029.1;0.1;20;1300;705;1923076.923
10/11/24 19:41:33;31033.7;0.1;20;1300;714;1923076.923
10/11/24 19:41:38;31039.1;0.1;20;1300;714;1923076.923
10/11/24 19:41:43;31043.8;0.1;20;1300;710;1923076.923
10/11/24 19:41:49;31049.1;0.1;20;1300;710;1923076.923
10/11/24 19:41:54;31053.6;0.1;20;640;697;3906250
10/11/24 19:41:59;31059;0.1;20;640;697;3906250
10/11/24 19:42:04;31063.7;0.1;20;640;716;3906250
10/11/24 19:42:09;31070.2;0.1;20;640;716;3906250
10/11/24 19:42:14;31073.8;0.1;20;640;711;3906250
10/11/24 19:42:19;31079.1;0.1;20;640;711;3906250
10/11/24 19:42:24;31083.8;0.1;20;640;703;3906250
10/11/24 19:42:29;31089.1;0.1;20;640;703;3906250
10/11/24 19:42:34;31093.7;0.1;20;640;706;3906250
10/11/24 19:42:39;31099.1;0.1;20;640;706;3906250
10/11/24 19:42:44;31103.8;0.1;20;640;712;3906250
10/11/24 19:42:49;31109.1;0.1;20;640;712;3906250
10/11/24 19:42:54;31113.9;0.1;20;640;702;3906250
10/11/24 19:42:59;31119.2;0.1;20;640;702;3906250
10/11/24 19:43:04;31123.9;0.1;20;640;701;3906250
10/11/24 19:43:09;31130.3;0.1;20;640;701;3906250
10/11/24 19:43:14;31133.8;0.1;20;640;716;3906250
10/11/24 19:43:19;31139.2;0.1;20;640;716;3906250
10/11/24 19:43:24;31143.9;0.1;20;640;715;3906250
10/11/24 19:43:29;31149.2;0.1;20;640;715;3906250
10/11/24 19:43:34;31153.9;0.1;20;640;705;3906250
10/11/24 19:43:39;31159.2;0.1;20;640;705;3906250
10/11/24 19:43:44;31163.9;0.1;20;640;711;3906250
10/11/24 19:43:49;31169.2;0.1;20;640;711;3906250
10/11/24 19:43:54;31173.9;0.1;20;640;715;3906250
10/11/24 19:43:59;31179.4;0.1;20;640;715;3906250
10/11/24 19:44:04;31183.9;0.1;20;640;704;3906250
10/11/24 19:44:09;31190.2;0.1;20;640;704;3906250
10/11/24 19:44:14;31194.1;0.1;20;640;703;3906250
10/11/24 19:44:19;31199.3;0.1;20;640;703;3906250
10/11/24 19:44:24;31204;0.1;20;160;703;15625000
10/11/24 19:44:29;31209.3;0.1;20;160;703;15625000
10/11/24 19:44:34;31213.9;0.1;20;160;711;15625000
10/11/24 19:44:39;31219.3;0.1;20;160;711;15625000
10/11/24 19:44:44;31224.3;0.1;20;160;709;15625000
10/11/24 19:44:49;31229.2;0.1;20;160;709;15625000
10/11/24 19:44:54;31233.9;0.1;20;160;705;15625000
10/11/24 19:44:59;31239.3;0.1;20;160;705;15625000
10/11/24 19:45:04;31244;0.1;20;160;701;15625000
10/11/24 19:45:09;31250.3;0.1;20;160;701;15625000
10/11/24 19:45:14;31254;0.1;20;160;701;15625000
10/11/24 19:45:19;31259.3;0.1;20;160;701;15625000
10/11/24 19:45:24;31264.2;0.1;20;160;702;15625000
10/11/24 19:45:29;31269.6;0.1;20;160;702;15625000
10/11/24 19:45:34;31274.1;0.1;20;160;712;15625000
10/11/24 19:45:39;31279.3;0.1;20;160;712;15625000
10/11/24 19:45:44;31284.1;0.1;20;160;706;15625000
10/11/24 19:45:49;31289.4;0.1;20;160;706;15625000
10/11/24 19:45:54;31294;0.1;20;160;709;15625000
10/11/24 19:45:59;31299.4;0.1;20;160;709;15625000
10/11/24 19:46:04;31304.2;0.1;20;160;700;15625000
10/11/24 19:46:09;31310.6;0.1;20;160;700;15625000
10/11/24 19:46:14;31314.3;0.1;20;160;713;15625000
10/11/24 19:46:19;31319.4;0.1;20;160;713;15625000
10/11/24 19:46:24;31324.1;0.1;20;160;712;15625000
10/11/24 19:46:29;31329.4;0.1;20;160;712;15625000
10/11/24 19:46:34;31334.3;0.1;20;160;711;15625000
10/11/24 19:46:39;31339.6;0.1;20;160;711;15625000
10/11/24 19:46:44;31344.2;0.1;20;160;715;15625000
10/11/24 19:46:49;31349.5;0.1;20;160;715;15625000
10/11/24 19:46:54;31354.3;0.1;20;62;712;40322580.65
10/11/24 19:46:59;31359.7;0.1;20;62;712;40322580.65
10/11/24 19:47:04;31364.2;0.1;20;62;717;40322580.65
10/11/24 19:47:09;31370.6;0.1;20;62;717;40322580.65
10/11/24 19:47:14;31374.2;0.1;20;62;713;40322580.65
10/11/24 19:47:19;31379.6;0.1;20;62;713;40322580.65
10/11/24 19:47:24;31384.4;0.1;20;62;710;40322580.65
10/11/24 19:47:29;31389.5;0.1;20;62;710;40322580.65
10/11/24 19:47:34;31394.1;0.1;20;62;704;40322580.65
10/11/24 19:47:39;31399.5;0.1;20;62;704;40322580.65
10/11/24 19:47:44;31404.3;0.1;20;62;720;40322580.65
10/11/24 19:47:49;31409.5;0.1;20;62;720;40322580.65
10/11/24 19:47:54;31414.4;0.1;20;62;712;40322580.65
10/11/24 19:47:59;31419.7;0.1;20;62;712;40322580.65
10/11/24 19:48:04;31424.5;0.1;20;62;715;40322580.65
10/11/24 19:48:09;31430.9;0.1;20;62;715;40322580.65
10/11/24 19:48:14;31434.4;0.1;20;62;706;40322580.65
10/11/24 19:48:19;31439.8;0.1;20;62;706;40322580.65
10/11/24 19:48:24;31444.6;0.1;20;62;701;40322580.65
10/11/24 19:48:29;31449.9;0.1;20;62;701;40322580.65
10/11/24 19:48:34;31454.5;0.1;20;62;700;40322580.65
10/11/24 19:48:39;31459.8;0.1;20;62;700;40322580.65
10/11/24 19:48:44;31464.4;0.1;20;62;703;40322580.65
10/11/24 19:48:49;31469.9;0.1;20;62;703;40322580.65
10/11/24 19:48:54;31474.5;0.1;20;62;714;40322580.65
10/11/24 19:48:59;31479.7;0.1;20;62;714;40322580.65
10/11/24 19:49:04;31484.4;0.1;20;62;716;40322580.65
10/11/24 19:49:09;31490.9;0.1;20;62;716;40322580.65
10/11/24 19:49:14;31494.5;0.1;20;62;713;40322580.65
10/11/24 19:49:19;31499.8;0.1;20;62;713;40322580.65
10/11/24 19:49:24;31504.7;0;0;62;709;0
10/11/24 19:49:29;31509.9;0;0;62;709;0
10/11/24 19:49:34;31514.6;0;0;62;707;0
10/11/24 19:49:39;31519.9;0;0;62;707;0
10/11/24 19:49:44;31524.6;0;0;62;704;0
10/11/24 19:49:49;31529.9;0;0;62;704;0
10/11/24 19:49:54;31534.6;0;0;62;705;0
10/11/24 19:49:59;31540;0;0;62;705;0
10/11/24 19:50:04;31544.6;0;0;62;707;0
10/11/24 19:50:09;31551;0;0;62;707;0
10/11/24 19:50:14;31554.7;0;0;62;709;0
10/11/24 19:50:19;31560;0;0;62;709;0
10/11/24 19:50:24;31564.6;0;0;62;705;0
10/11/24 19:50:29;31569.9;0;0;62;705;0
10/11/24 19:50:34;31574.6;0;0;62;710;0
10/11/24 19:50:39;31579.9;0;0;62;710;0
10/11/24 19:50:44;31584.6;0;0;62;702;0
10/11/24 19:50:49;31589.9;0;0;62;702;0
10/11/24 19:50:54;31594.7;0;0;62;688;0
10/11/24 19:50:59;31600.1;0;0;62;688;0
10/11/24 19:51:04;31604.7;0;0;62;693;0
10/11/24 19:51:10;31611.2;0;0;62;693;0
10/11/24 19:51:15;31614.7;0;0;62;704;0
10/11/24 19:51:20;31620;0;0;62;704;0
10/11/24 19:51:25;31624.7;0;0;62;709;0
10/11/24 19:51:30;31630;0;0;62;709;0
10/11/24 19:51:35;31634.8;0;0;62;705;0
10/11/24 19:51:40;31640.1;0;0;62;705;0
10/11/24 19:51:45;31644.8;0;0;62;707;0
10/11/24 19:51:50;31650.1;0;0;160;707;0
10/11/24 19:51:55;31654.7;0;0;160;693;0
10/11/24 19:52:00;31660.1;0;0;160;693;0
10/11/24 19:52:05;31664.8;0;0;160;718;0
10/11/24 19:52:10;31671.3;0;0;160;718;0
10/11/24 19:52:15;31674.7;0;0;160;702;0
10/11/24 19:52:20;31680.2;0;0;160;702;0
10/11/24 19:52:25;31685;0;0;160;709;0
10/11/24 19:52:30;31690.2;0;0;160;709;0
10/11/24 19:52:35;31694.9;0;0;160;708;0
10/11/24 19:52:40;31700.1;0;0;160;708;0
10/11/24 19:52:45;31705;0;0;160;691;0
10/11/24 19:52:50;31710.2;0;0;160;691;0
10/11/24 19:52:55;31715;0;0;160;692;0
10/11/24 19:53:00;31720.2;0;0;160;692;0
10/11/24 19:53:05;31725;0;0;160;702;0
10/11/24 19:53:10;31731.3;0;0;160;702;0
10/11/24 19:53:15;31734.8;0;0;160;706;0
10/11/24 19:53:20;31740.1;0;0;160;706;0
10/11/24 19:53:25;31744.9;0;0;160;700;0
10/11/24 19:53:30;31750.4;0;0;160;700;0
10/11/24 19:53:35;31754.9;0;0;160;703;0
10/11/24 19:53:40;31760.3;0;0;160;703;0
10/11/24 19:53:45;31765;0;0;160;698;0
10/11/24 19:53:50;31770.3;0;0;160;698;0
10/11/24 19:53:55;31775;0;0;160;704;0
10/11/24 19:54:00;31780.4;0;0;160;704;0
10/11/24 19:54:05;31785;0;0;160;702;0
10/11/24 19:54:10;31791.5;0;0;160;702;0
10/11/24 19:54:15;31794.9;0;0;160;702;0
10/11/24 19:54:20;31800.3;0;0;640;702;0
10/11/24 19:54:25;31805;0;0;640;702;0
10/11/24 19:54:30;31810.3;0;0;640;702;0
10/11/24 19:54:35;31814.9;0;0;640;699;0
10/11/24 19:54:40;31820.4;0;0;640;699;0
10/11/24 19:54:45;31825.3;0;0;640;690;0
10/11/24 19:54:50;31830.7;0;0;640;690;0
10/11/24 19:54:55;31835.2;0;0;640;701;0
10/11/24 19:55:00;31840.5;0;0;640;701;0
10/11/24 19:55:05;31845.2;0;0;640;704;0
10/11/24 19:55:10;31851.5;0;0;640;704;0
10/11/24 19:55:15;31855;0;0;640;697;0
10/11/24 19:55:20;31860.3;0;0;640;697;0
10/11/24 19:55:25;31865.3;0;0;640;698;0
10/11/24 19:55:30;31870.6;0;0;640;698;0
10/11/24 19:55:35;31875.1;0;0;640;703;0
10/11/24 19:55:40;31880.6;0;0;640;703;0
10/11/24 19:55:45;31885.2;0;0;640;719;0
10/11/24 19:55:50;31890.3;0;0;640;719;0
10/11/24 19:55:55;31895.3;0;0;640;694;0
10/11/24 19:56:00;31900.7;0;0;640;694;0
10/11/24 19:56:05;31905.3;0;0;640;702;0
10/11/24 19:56:10;31911.7;0;0;640;702;0
10/11/24 19:56:15;31915.4;0;0;640;703;0
10/11/24 19:56:20;31920.7;0;0;640;703;0
10/11/24 19:56:25;31925.4;0;0;640;707;0
10/11/24 19:56:30;31930.8;0;0;640;707;0
10/11/24 19:56:35;31935.4;0;0;640;704;0
10/11/24 19:56:40;31940.7;0;0;640;704;0
10/11/24 19:56:45;31945.5;0;0;640;700;0
10/11/24 19:56:50;31950.7;0;0;1300;700;0
10/11/24 19:56:55;31955.4;0;0;1300;699;0
10/11/24 19:57:00;31960.8;0;0;1300;699;0
10/11/24 19:57:05;31965.5;0;0;1300;704;0
10/11/24 19:57:10;31971.8;0;0;1300;704;0
10/11/24 19:57:15;31975.5;0;0;1300;701;0
10/11/24 19:57:20;31980.6;0;0;1300;701;0
10/11/24 19:57:25;31985.2;0;0;1300;709;0
10/11/24 19:57:30;31990.8;0;0;1300;709;0
10/11/24 19:57:35;31995.5;0;0;1300;704;0
10/11/24 19:57:40;32000.8;0;0;1300;704;0
10/11/24 19:57:45;32005.5;0;0;1300;699;0
10/11/24 19:57:50;32010.8;0;0;1300;699;0
10/11/24 19:57:55;32015.6;0;0;1300;702;0
10/11/24 19:58:00;32020.8;0;0;1300;702;0
10/11/24 19:58:05;32025.3;0;0;1300;698;0
10/11/24 19:58:10;32031.9;0;0;1300;698;0
10/11/24 19:58:15;32035.4;0;0;1300;705;0
10/11/24 19:58:20;32040.8;0;0;1300;705;0
10/11/24 19:58:25;32045.5;0;0;1300;695;0
10/11/24 19:58:30;32050.8;0;0;1300;695;0
10/11/24 19:58:35;32055.5;0;0;1300;699;0
10/11/24 19:58:40;32060.9;0;0;1300;699;0
10/11/24 19:58:45;32065.6;0;0;1300;696;0
10/11/24 19:58:50;32070.6;0;0;1300;696;0
10/11/24 19:58:55;32075.6;0;0;1300;705;0
10/11/24 19:59:00;32080.9;0;0;1300;705;0
10/11/24 19:59:05;32086;0;0;1300;703;0
10/11/24 19:59:10;32092;0;0;1300;703;0
10/11/24 19:59:15;32095.6;0;0;1300;695;0
10/11/24 19:59:20;32100.9;0;0;1500;695;0
10/11/24 19:59:25;32105.6;0;0;1500;705;0
10/11/24 19:59:30;32111;0;0;1500;705;0
10/11/24 19:59:35;32115.6;0;0;1500;712;0
10/11/24 19:59:40;32120.9;0;0;1500;712;0
10/11/24 19:59:45;32125.7;0;0;1500;707;0
10/11/24 19:59:50;32131.1;0;0;1500;707;0
10/11/24 19:59:55;32135.7;0;0;1500;708;0
10/11/24 20:00:00;32141.1;0;0;1500;708;0
10/11/24 20:00:05;32145.8;0;0;1500;706;0
10/11/24 20:00:10;32151.8;0;0;1500;706;0
10/11/24 20:00:15;32155.7;0;0;1500;710;0
10/11/24 20:00:20;32161;0;0;1500;710;0
10/11/24 20:00:25;32165.7;0;0;1500;701;0
10/11/24 20:00:30;32171.1;0;0;1500;701;0
10/11/24 20:00:35;32175.8;0;0;1500;696;0
10/11/24 20:00:40;32181;0;0;1500;696;0
10/11/24 20:00:45;32185.7;0;0;1500;700;0
10/11/24 20:00:50;32191;0;0;1500;700;0
10/11/24 20:00:55;32195.7;0;0;1500;712;0
10/11/24 20:01:00;32201.3;0;0;1500;712;0
10/11/24 20:01:05;32206;0;0;1500;709;0
10/11/24 20:01:10;32212.3;0;0;1500;709;0
10/11/24 20:01:16;32215.8;0;0;1500;709;0
10/11/24 20:01:21;32221.1;0;0;1500;709;0
10/11/24 20:01:26;32225.9;0;0;1500;707;0
10/11/24 20:01:31;32231;0;0;1500;707;0
10/11/24 20:01:36;32235.8;0;0;1500;696;0
10/11/24 20:01:41;32241.1;0;0;1500;696;0
10/11/24 20:01:46;32245.8;0;0;1500;709;0
10/11/24 20:01:51;32251.1;0;0;1500;709;0
10/11/24 20:01:56;32255.8;0;0;1500;708;0
10/11/24 20:02:01;32261.1;0;0;1500;708;0
10/11/24 20:02:06;32265.9;0;0;1500;701;0
10/11/24 20:02:11;32272.1;0;0;1500;701;0
10/11/24 20:02:16;32275.8;0;0;1500;709;0
10/11/24 20:02:21;32281.1;0;0;1500;709;0
10/11/24 20:02:26;32285.9;0;0;1500;707;0
10/11/24 20:02:31;32291.2;0;0;1500;707;0
10/11/24 20:02:36;32295.9;0;0;1500;708;0
10/11/24 20:02:41;32301.2;0;0;1500;708;0
10/11/24 20:02:46;32305.9;0;0;1500;708;0
10/11/24 20:02:51;32311.2;0;0;1500;708;0
10/11/24 20:02:56;32315.9;0;0;1500;702;0
10/11/24 20:03:01;32321.2;0;0;1500;702;0
10/11/24 20:03:06;32326;0;0;1500;700;0
10/11/24 20:03:11;32332.3;0;0;1500;700;0
10/11/24 20:03:16;32335.9;0;0;1500;707;0
10/11/24 20:03:21;32341.2;0;0;1500;707;0
10/11/24 20:03:26;32346;0;0;1500;702;0
10/11/24 20:03:31;32351.2;0;0;1500;702;0
10/11/24 20:03:36;32356;0;0;1500;709;0
10/11/24 20:03:41;32361.3;0;0;1500;709;0
10/11/24 20:03:46;32365.9;0;0;1500;705;0
10/11/24 20:03:51;32371.2;0;0;1500;705;0
10/11/24 20:03:56;32376;0;0;1500;706;0
10/11/24 20:04:01;32381.4;0;0;1500;706;0
10/11/24 20:04:06;32386;0;0;1500;700;0
10/11/24 20:04:11;32392.4;0;0;1500;700;0
10/11/24 20:04:16;32396;0;0;1500;696;0
10/11/24 20:04:21;32401.4;0;0;1300;696;0
10/11/24 20:04:26;32406.1;0;0;1300;700;0
10/11/24 20:04:31;32411.3;0;0;1300;700;0
10/11/24 20:04:36;32416;0;0;1300;699;0
10/11/24 20:04:41;32421.4;0;0;1300;699;0
10/11/24 20:04:46;32426;0;0;1300;705;0
10/11/24 20:04:51;32431.3;0;0;1300;705;0
10/11/24 20:04:56;32436.1;0;0;1300;692;0
10/11/24 20:05:01;32441.5;0;0;1300;692;0
10/11/24 20:05:06;32446.2;0;0;1300;700;0
10/11/24 20:05:11;32452.5;0;0;1300;700;0
10/11/24 20:05:16;32456.1;0;0;1300;707;0
10/11/24 20:05:21;32461.4;0;0;1300;707;0
10/11/24 20:05:26;32466.2;0;0;1300;701;0
10/11/24 20:05:31;32471.5;0;0;1300;701;0
10/11/24 20:05:36;32476.2;0;0;1300;707;0
10/11/24 20:05:41;32481.4;0;0;1300;707;0
10/11/24 20:05:46;32486.1;0;0;1300;702;0
10/11/24 20:05:51;32491.5;0;0;1300;702;0
10/11/24 20:05:56;32496.1;0;0;1300;703;0
10/11/24 20:06:01;32501.6;0;0;1300;703;0
10/11/24 20:06:06;32506.3;0;0;1300;703;0
10/11/24 20:06:11;32512.8;0;0;1300;703;0
10/11/24 20:06:16;32516.3;0;0;1300;712;0
10/11/24 20:06:21;32521.5;0;0;1300;712;0
10/11/24 20:06:26;32526.2;0;0;1300;696;0
10/11/24 20:06:31;32531.7;0;0;1300;697;0
10/11/24 20:06:36;32536.5;0;0;1300;697;0
10/11/24 20:06:41;32541.7;0;0;1300;706;0
10/11/24 20:06:46;32546.5;0;0;1300;706;0
10/11/24 20:06:51;32551.7;0;0;640;706;0
10/11/24 20:06:56;32556.4;0;0;640;701;0
10/11/24 20:07:01;32561.7;0;0;640;701;0
10/11/24 20:07:06;32566.3;0;0;640;707;0
10/11/24 20:07:11;32572.5;0;0;640;707;0
10/11/24 20:07:16;32576.5;0;0;640;704;0
10/11/24 20:07:21;32581.7;0;0;640;704;0
10/11/24 20:07:26;32586.6;0;0;640;704;0
10/11/24 20:07:31;32591.8;0;0;640;695;0
10/11/24 20:07:36;32596.6;0;0;640;695;0
10/11/24 20:07:41;32601.8;0;0;640;695;0
10/11/24 20:07:46;32606.5;0;0;640;701;0
10/11/24 20:07:51;32611.8;0;0;640;703;0
10/11/24 20:07:56;32616.6;0;0;640;703;0
10/11/24 20:08:01;32621.9;0;0;640;703;0
10/11/24 20:08:06;32626.6;0;0;640;703;0
10/11/24 20:08:11;32632.8;0;0;640;702;0
10/11/24 20:08:16;32636.6;0;0;640;702;0
10/11/24 20:08:21;32641.9;0;0;640;703;0
10/11/24 20:08:26;32646.5;0;0;640;703;0
10/11/24 20:08:31;32651.9;0;0;640;711;0
10/11/24 20:08:36;32656.4;0;0;640;711;0
10/11/24 20:08:41;32661.9;0;0;640;710;0
10/11/24 20:08:46;32666.8;0;0;640;710;0
10/11/24 20:08:51;32672;0;0;640;698;0
10/11/24 20:08:56;32676.7;0;0;640;698;0
10/11/24 20:09:01;32682;0;0;640;711;0
10/11/24 20:09:06;32686.9;0;0;640;711;0
10/11/24 20:09:11;32693;0;0;640;711;0
10/11/24 20:09:16;32696.6;0;0;640;699;0
10/11/24 20:09:21;32702;0;0;160;705;0
10/11/24 20:09:26;32706.7;0;0;160;705;0
10/11/24 20:09:31;32712;0;0;160;701;0
10/11/24 20:09:36;32716.7;0;0;160;701;0
10/11/24 20:09:41;32722;0;0;160;707;0
10/11/24 20:09:46;32726.7;0;0;160;707;0
10/11/24 20:09:51;32732;0;0;160;701;0
10/11/24 20:09:56;32736.6;0;0;160;701;0
10/11/24 20:10:01;32742;0;0;160;701;0
10/11/24 20:10:06;32746.8;0;0;160;708;0
10/11/24 20:10:11;32753;0;0;160;700;0
10/11/24 20:10:16;32756.8;0;0;160;700;0
10/11/24 20:10:22;32762.1;0;0;160;706;0
10/11/24 20:10:27;32766.8;0;0;160;706;0
10/11/24 20:10:32;32772.1;0;0;160;701;0
10/11/24 20:10:37;32776.8;0;0;160;701;0
10/11/24 20:10:42;32782;0;0;160;701;0
10/11/24 20:10:47;32786.8;0;0;160;701;0
10/11/24 20:10:52;32792;0;0;160;701;0
10/11/24 20:10:57;32796.9;0;0;160;699;0
10/11/24 20:11:02;32802.1;0;0;160;700;0
10/11/24 20:11:07;32806.9;0;0;160;700;0
10/11/24 20:11:12;32813;0;0;160;694;0
10/11/24 20:11:17;32816.8;0;0;160;694;0
10/11/24 20:11:22;32822.1;0;0;160;703;0
10/11/24 20:11:27;32826.8;0;0;160;703;0
10/11/24 20:11:32;32832.3;0;0;160;701;0
10/11/24 20:11:37;32837;0;0;160;701;0
10/11/24 20:11:42;32842.2;0;0;160;705;0
10/11/24 20:11:47;32846.8;0;0;160;705;0
10/11/24 20:11:52;32852.3;0;0;62;699;0
10/11/24 20:11:57;32856.9;0;0;62;699;0
10/11/24 20:12:02;32862.2;0;0;62;701;0
10/11/24 20:12:07;32867.1;0;0;62;701;0
10/11/24 20:12:12;32873.1;0;0;62;698;0
10/11/24 20:12:17;32877;0;0;62;698;0
10/11/24 20:12:22;32882.2;0;0;62;706;0
10/11/24 20:12:27;32886.9;0;0;62;706;0
10/11/24 20:12:32;32892.3;0;0;62;699;0
10/11/24 20:12:37;32897;0;0;62;699;0
10/11/24 20:12:42;32902.3;0;0;62;704;0
10/11/24 20:12:47;32907.2;0;0;62;704;0
10/11/24 20:12:52;32912.4;0;0;62;704;0
10/11/24 20:12:57;32917.2;0;0;62;704;0
10/11/24 20:13:02;32922.4;0;0;62;704;0
10/11/24 20:13:07;32927.3;0;0;62;704;0
10/11/24 20:13:12;32933.2;0;0;62;707;0
10/11/24 20:13:17;32937.2;0;0;62;707;0
10/11/24 20:13:22;32942.4;0;0;62;701;0
10/11/24 20:13:27;32947.2;0;0;62;701;0
10/11/24 20:13:32;32952.4;0;0;62;707;0
10/11/24 20:13:37;32957.1;0;0;62;707;0
10/11/24 20:13:42;32962.3;0;0;62;722;0
10/11/24 20:13:47;32967.3;0;0;62;722;0
10/11/24 20:13:52;32972.5;0;0;62;703;0
10/11/24 20:13:57;32977.5;0;0;62;703;0
10/11/24 20:14:02;32982.5;0;0;62;705;0
10/11/24 20:14:07;32987.4;0;0;62;705;0
10/11/24 20:14:12;32993.2;0;0;62;698;0
10/11/24 20:14:17;32997.4;0;0;62;698;0
10/11/24 20:14:22;33002.5;0;0;62;702;0
10/11/24 20:14:27;33007.3;0;0;62;702;0
10/11/24 20:14:32;33012.5;0;0;62;704;0
10/11/24 20:14:37;33017.3;0;0;62;704;0
10/11/24 20:14:42;33022.4;0;0;62;715;0
10/11/24 20:14:47;33027.2;0;0;62;715;0
10/11/24 20:14:52;33032.4;0;0;62;708;0
10/11/24 20:14:57;33037.4;0;0;62;708;0
10/11/24 20:15:02;33042.4;0;0;62;696;0
10/11/24 20:15:07;33047.4;0;0;62;696;0
10/11/24 20:15:12;33053.3;0;0;62;702;0
10/11/24 20:15:17;33057.4;0;0;62;702;0
10/11/24 20:15:22;33062.6;0;0;62;705;0
10/11/24 20:15:27;33067.3;0;0;62;705;0
10/11/24 20:15:32;33072.5;0;0;62;708;0
10/11/24 20:15:37;33077.3;0;0;62;708;0
10/11/24 20:15:42;33082.5;0;0;62;710;0
10/11/24 20:15:47;33087.4;0;0;62;710;0
10/11/24 20:15:52;33092.5;0;0;62;696;0
10/11/24 20:15:57;33097.4;0;0;62;696;0
10/11/24 20:16:02;33102.6;0;0;62;713;0
10/11/24 20:16:07;33107.5;0;0;62;713;0