 Desert Rock
   36.62 -116.02 1007 m version 1
 2026   7  1  7  0  0  0.000  83.15   132.6 0    37.7 0   568.3 0    84.6 0   304.6 0   285.642 0   285.503 0   369.3 0   284.154 0   284.287 0     2.4 0    62.4 0   114.8 0   -64.7 0    50.1 0    11.5 0    52.5 0     1.7 0    58.2 0   906.4 0
 2026   7  1  7  0  1  0.017  83.31   131.2 0    37.2 0   562.4 0    85.3 0   304.1 0   285.680 0   285.512 0   369.5 0   284.174 0   284.302 0     2.4 0    61.5 0   113.7 0   -65.3 0    48.4 0    11.5 0    53.1 0     1.2 0    67.8 0   906.4 0
 2026   7  1  7  0  2  0.033  83.47   129.6 0    36.6 0   555.5 0    85.7 0   303.6 0   285.708 0   285.514 0   369.6 0   284.194 0   284.319 0     2.4 0    60.4 0   112.2 0   -66.0 0    46.3 0    11.6 0    52.9 0     0.9 0    69.0 0   906.3 0
 2026   7  1  7  0  3  0.050  83.63   128.0 0    36.0 0   548.5 0    86.1 0   303.1 0   285.728 0   285.536 0   369.6 0   284.216 0   284.347 0     2.4 0    59.2 0   110.9 0   -66.5 0    44.4 0    11.6 0    52.0 0     1.0 0    68.9 0   906.3 0
 2026   7  1  7  0  4  0.067  83.80   126.6 0    35.6 0   541.7 0    86.6 0   302.4 0   285.744 0   285.552 0   369.4 0   284.238 0   284.361 0     2.4 0    58.2 0   109.6 0   -67.0 0    42.6 0    11.7 0    51.6 0     1.2 0    59.9 0   906.3 0
 2026   7  1  7  0  5  0.083  83.96   125.1 0    35.1 0   533.8 0    87.1 0   301.8 0   285.756 0   285.561 0   369.3 0   284.257 0   284.377 0     2.3 0    57.1 0   108.2 0   -67.5 0    40.7 0    11.7 0    50.4 0     1.7 0    72.1 0   906.3 0
 2026   7  1  7  0  6  0.100  84.12   123.3 0    34.6 0   527.2 0    87.2 0   301.1 0   285.769 0   285.586 0   369.0 0   284.274 0   284.391 0     2.3 0    55.9 0   106.6 0   -67.9 0    38.7 0    11.6 0    50.4 0     1.6 0    49.7 0   906.3 0
 2026   7  1  7  0  7  0.117  84.29   120.9 0    34.0 0   519.9 0    86.7 0   300.2 0   285.782 0   285.585 0   368.9 0   284.288 0   284.400 0     2.1 0    54.4 0   104.5 0   -68.8 0    35.7 0    11.6 0    51.0 0     1.4 0    72.6 0   906.3 0
 2026   7  1  7  0  8  0.133  84.45   117.9 0    33.1 0   512.2 0    85.5 0   299.2 0   285.793 0   285.582 0   368.8 0   284.303 0   284.419 0     2.0 0    52.7 0   101.9 0   -69.6 0    32.3 0    11.6 0    50.9 0     1.8 0    90.1 0   906.3 0
 2026   7  1  7  0  9  0.150  84.62   114.3 0    32.1 0   504.1 0    83.6 0   297.9 0   285.800 0   285.569 0   368.4 0   284.318 0   284.429 0     2.0 0    50.8 0    98.8 0   -70.5 0    28.2 0    11.6 0    50.6 0     2.1 0    95.5 0   906.3 0
 2026   7  1  7  0 10  0.167  84.78   109.9 0    31.1 0   496.6 0    81.0 0   296.6 0   285.799 0   285.567 0   367.9 0   284.328 0   284.431 0     1.9 0    48.7 0    95.1 0   -71.4 0    23.7 0    11.5 0    50.1 0     2.1 0    97.8 0   906.3 0
 2026   7  1  7  0 11  0.183  84.94   104.9 0    29.9 0   487.6 0    77.8 0   295.0 0   285.795 0   285.557 0   367.7 0   284.334 0   284.438 0     1.9 0    46.3 0    90.8 0   -72.8 0    18.1 0    11.5 0    51.0 0     1.8 0    87.6 0   906.3 0
 2026   7  1  7  0 12  0.200  85.11    99.3 0    28.6 0   478.7 0    74.0 0   293.3 0   285.788 0   285.540 0   367.3 0   284.339 0   284.441 0     1.8 0    43.7 0    86.2 0   -74.0 0    12.2 0    11.5 0    50.7 0     1.9 0   104.4 0   906.3 0
 2026   7  1  7  0 13  0.217  85.27    93.4 0    27.1 0   469.7 0    69.7 0   291.6 0   285.779 0   285.535 0   366.9 0   284.343 0   284.440 0     1.7 0    41.1 0    81.3 0   -75.3 0     6.0 0    11.4 0    51.0 0     1.9 0   101.6 0   906.3 0
 2026   7  1  7  0 14  0.233  85.44    87.2 0    25.7 0   462.0 0    65.1 0   289.7 0   285.769 0   285.506 0   366.4 0   284.344 0   284.443 0     1.7 0    38.3 0    76.2 0   -76.7 0    -0.5 0    11.4 0    50.8 0     1.7 0   101.7 0   906.3 0
 2026   7  1  7  0 15  0.250  85.60    80.4 0    24.1 0   452.7 0    60.2 0   287.7 0   285.756 0   285.486 0   366.1 0   284.344 0   284.441 0     1.6 0    35.5 0    70.8 0   -78.4 0    -7.6 0    11.4 0    51.4 0     1.2 0    99.4 0   906.3 0
 2026   7  1  7  0 16  0.267  85.77    73.1 0    22.6 0   442.8 0    55.0 0   285.5 0   285.741 0   285.469 0   365.5 0   284.344 0   284.439 0     1.6 0    32.7 0    65.2 0   -80.0 0   -14.8 0    11.5 0    51.5 0     1.5 0   102.2 0   906.3 0
 2026   7  1  7  0 17  0.283  85.93    65.7 0    21.0 0   432.5 0    49.9 0   283.2 0   285.724 0   285.429 0   364.8 0   284.341 0   284.429 0     1.5 0    29.9 0    59.6 0   -81.6 0   -22.0 0    11.4 0    50.7 0     2.1 0   116.9 0   906.3 0
 2026   7  1  7  0 18  0.300  86.09    57.9 0    19.3 0   410.7 0    45.0 0   281.0 0   285.701 0   285.389 0   364.1 0   284.332 0   284.415 0     1.5 0    27.1 0    53.7 0   -83.1 0   -29.4 0    11.4 0    51.3 0     1.9 0   114.9 0   906.3 0
 2026   7  1  7  0 19  0.317  86.26    50.9 0    18.0 0   399.0 0    40.7 0   279.1 0   285.671 0   285.344 0   363.5 0   284.321 0   284.400 0     1.4 0    24.7 0    48.7 0   -84.4 0   -35.7 0    11.4 0    51.4 0     2.2 0   130.2 0   906.3 0
 2026   7  1  7  0 20  0.333  86.42    44.7 0    16.9 0   397.4 0    36.8 0   277.4 0   285.636 0   285.296 0   362.8 0   284.305 0   284.381 0     1.4 0    22.7 0    44.7 0   -85.4 0   -40.7 0    11.3 0    51.1 0     2.8 0   115.8 0   906.3 0
 2026   7  1  7  0 21  0.350  86.59    38.3 0    15.7 0   384.1 0    33.3 0   275.7 0   285.599 0   285.243 0   362.1 0   284.286 0   284.362 0     1.3 0    20.7 0    40.5 0   -86.4 0   -45.9 0    11.2 0    51.4 0     2.4 0   126.2 0   906.3 0
 2026   7  1  7  0 22  0.367  86.75    32.0 0    13.5 0   332.6 0    30.1 0   274.3 0   285.557 0   285.179 0   361.5 0   284.265 0   284.333 0     1.3 0    18.5 0    35.5 0   -87.2 0   -51.8 0    11.2 0    52.0 0     1.9 0   117.5 0   906.3 0
 2026   7  1  7  0 23  0.383  86.91    26.4 0    10.3 0   230.8 0    27.1 0   273.0 0   285.505 0   285.122 0   360.8 0   284.242 0   284.297 0     1.2 0    15.8 0    29.3 0   -87.8 0   -58.6 0    11.2 0    51.6 0     1.4 0   114.6 0   906.3 0
 2026   7  1  7  0 24  0.400  87.07    22.0 0     6.3 0    90.6 0    24.1 0   271.9 0   285.440 0   285.055 0   360.0 0   284.218 0   284.251 0     1.2 0    13.0 0    22.5 0   -88.1 0   -65.6 0    11.1 0    52.1 0     1.0 0   121.6 0   906.3 0
 2026   7  1  7  0 25  0.417  87.24    19.3 0     4.0 0    14.0 0    21.5 0   270.8 0   285.362 0   284.971 0   359.3 0   284.193 0   284.203 0     1.1 0    11.2 0    18.2 0   -88.4 0   -70.2 0    11.1 0    52.6 0     1.7 0   136.7 0   906.3 0
 2026   7  1  7  0 26  0.433  87.40    17.7 0     3.6 0    11.3 0    19.5 0   270.0 0   285.272 0   284.880 0   358.6 0   284.162 0   284.160 0     1.1 0    10.3 0    16.4 0   -88.6 0   -72.2 0    11.0 0    53.3 0     1.2 0   130.6 0   906.3 0
 2026   7  1  7  0 27  0.450  87.56    16.2 0     3.3 0    11.4 0    17.7 0   269.2 0   285.180 0   284.795 0   358.1 0   284.129 0   284.120 0     1.0 0     9.5 0    14.9 0   -88.8 0   -74.0 0    11.0 0    53.2 0     1.9 0   144.3 0   906.3 0
 2026   7  1  7  0 28  0.467  87.72    15.0 0     3.4 0    24.4 0    16.3 0   268.6 0   285.088 0   284.697 0   357.6 0   284.092 0   284.083 0     1.0 0     8.9 0    13.9 0   -89.0 0   -75.1 0    10.9 0    53.8 0     1.9 0   149.2 0   906.3 0
 2026   7  1  7  0 29  0.483  87.88    14.2 0     4.4 0    90.1 0    15.1 0   268.0 0   284.998 0   284.606 0   357.1 0   284.055 0   284.055 0     0.9 0     8.6 0    14.1 0   -89.1 0   -75.1 0    10.9 0    54.7 0     1.8 0   130.6 0   906.3 0
 2026   7  1  7  0 30  0.500  88.04    13.8 0     6.3 0   202.3 0    14.4 0   267.3 0   284.916 0   284.526 0   357.0 0   284.019 0   284.044 0     0.9 0     8.7 0    15.0 0   -89.6 0   -74.7 0    10.9 0    54.8 0     2.4 0   111.3 0   906.3 0
 2026   7  1  7  0 31  0.517  88.20    13.1 0     7.3 0   266.8 0    13.7 0   267.1 0   284.842 0   284.461 0   356.9 0   283.984 0   284.034 0     0.8 0     8.4 0    14.8 0   -89.8 0   -75.0 0    10.9 0    53.7 0     2.8 0   100.1 0   906.3 0
 2026   7  1  7  0 32  0.533  88.35    11.9 0     6.8 0   232.5 0    12.9 0   266.9 0   284.781 0   284.423 0   356.8 0   283.951 0   284.022 0     0.8 0     7.8 0    12.8 0   -89.9 0   -77.1 0    11.0 0    53.0 0     2.3 0    85.8 0   906.3 0
 2026   7  1  7  0 33  0.550  88.51    10.0 0     5.0 0   115.1 0    12.0 0   266.6 0   284.730 0   284.406 0   356.2 0   283.923 0   283.985 0     0.8 0     6.8 0     9.9 0   -89.6 0   -79.7 0    11.0 0    52.8 0     1.9 0   103.8 0   906.3 0
 2026   7  1  7  0 34  0.567  88.66     8.7 0     2.7 0    17.1 0    11.0 0   266.2 0   284.684 0   284.363 0   355.7 0   283.893 0   283.925 0     0.7 0     6.1 0     8.7 0   -89.5 0   -80.8 0    11.0 0    53.3 0     1.7 0    99.4 0   906.3 0
 2026   7  1  7  0 35  0.583  88.81     8.1 0     1.8 0     1.4 0    10.2 0   265.9 0   284.630 0   284.304 0   355.0 0   283.861 0   283.862 0     0.7 0     5.6 0     8.5 0   -89.1 0   -80.6 0    10.9 0    54.4 0     1.1 0   100.1 0   906.3 0
 2026   7  1  7  0 36  0.600  88.96     7.6 0     1.6 0     1.0 0     9.5 0   265.6 0   284.573 0   284.255 0   354.7 0   283.827 0   283.825 0     0.6 0     5.2 0     7.9 0   -89.0 0   -81.1 0    10.8 0    54.2 0     1.4 0   109.1 0   906.3 0
 2026   7  1  7  0 37  0.617  89.11     7.1 0     1.5 0     0.6 0     8.9 0   265.3 0   284.517 0   284.201 0   354.2 0   283.792 0   283.782 0     0.6 0     4.9 0     7.4 0   -88.9 0   -81.5 0    10.8 0    54.3 0     1.9 0   122.8 0   906.3 0
 2026   7  1  7  0 38  0.633  89.25     6.6 0     1.4 0     0.2 0     8.2 0   264.8 0   284.455 0   284.108 0   353.8 0   283.754 0   283.739 0     0.6 0     4.5 0     6.8 0   -89.0 0   -82.2 0    10.7 0    55.0 0     1.7 0   117.2 0   906.3 0
 2026   7  1  7  0 39  0.650  89.39     6.0 0     1.3 0     0.0 0     7.5 0   264.5 0   284.380 0   284.005 0   353.4 0   283.714 0   283.698 0     0.5 0     4.2 0     6.2 0   -88.9 0   -82.7 0    10.6 0    55.5 0     1.5 0   117.8 0   906.3 0
 2026   7  1  7  0 40  0.667  89.53     5.5 0     1.1 0    -0.2 0     6.9 0   264.6 0   284.295 0   283.923 0   352.9 0   283.674 0   283.657 0     0.5 0     3.8 0     5.7 0   -88.3 0   -82.5 0    10.6 0    56.3 0     1.1 0   100.9 0   906.3 0
 2026   7  1  7  0 41  0.683  89.67     5.0 0     1.0 0    -0.4 0     6.3 0   264.5 0   284.212 0   283.849 0   352.5 0   283.633 0   283.614 0     0.5 0     3.5 0     5.3 0   -88.0 0   -82.7 0    10.5 0    56.7 0     1.2 0    95.4 0   906.3 0
 2026   7  1  7  0 42  0.700  89.80     4.4 0     0.8 0    -0.4 0     5.7 0   264.5 0   284.134 0   283.785 0   352.3 0   283.591 0   283.573 0     0.5 0     3.2 0     4.9 0   -87.8 0   -83.0 0    10.4 0    56.2 0     1.5 0    99.4 0   906.3 0
 2026   7  1  7  0 43  0.717  89.92     3.9 0     0.7 0    -0.5 0     5.2 0   264.3 0   284.062 0   283.722 0   351.9 0   283.549 0   283.529 0     0.4 0     2.9 0     4.5 0   -87.7 0   -83.2 0    10.4 0    56.5 0     1.5 0    98.1 0   906.3 0
 2026   7  1  7  0 44  0.733  90.83     3.4 0     0.7 0    -0.5 0     4.7 0   264.2 0   283.990 0   283.645 0   351.7 0   283.506 0   283.488 0     0.0 0     2.6 0     4.1 0   -87.5 0   -83.4 0    10.4 0    56.8 0     1.6 0   117.4 0   906.3 0
 2026   7  1  7  0 45  0.750  91.01     3.1 0     0.6 0    -0.6 0     4.4 0   264.1 0   283.920 0   283.595 0   351.3 0   283.464 0   283.443 0     0.0 0     2.4 0     3.8 0   -87.2 0   -83.4 0    10.3 0    57.5 0     1.5 0   109.6 0   906.3 0
 2026   7  1  7  0 46  0.767  91.18     2.8 0     0.6 0    -0.7 0     4.1 0   264.1 0   283.855 0   283.525 0   350.8 0   283.420 0   283.391 0     0.0 0     2.1 0     3.5 0   -86.7 0   -83.2 0    10.3 0    58.7 0     1.6 0   118.5 0   906.3 0
 2026   7  1  7  0 47  0.783  91.36     2.6 0     0.7 0    -0.7 0     3.8 0   264.0 0   283.786 0   283.446 0   350.5 0   283.369 0   283.336 0     0.0 0     1.9 0     3.1 0   -86.5 0   -83.4 0    10.1 0    59.1 0     2.2 0   123.8 0   906.3 0
 2026   7  1  7  0 48  0.800  91.54     2.5 0     0.6 0    -0.7 0     3.5 0   263.9 0   283.713 0   283.349 0   350.4 0   283.319 0   283.303 0     0.0 0     1.7 0     2.9 0   -86.5 0   -83.6 0    10.1 0    57.2 0     1.7 0   122.4 0   906.4 0
 2026   7  1  7  0 49  0.817  91.72     2.3 0     0.4 0    -0.8 0     3.2 0   263.9 0   283.631 0   283.261 0   350.2 0   283.277 0   283.260 0     0.0 0     1.5 0     2.8 0   -86.3 0   -83.5 0    10.2 0    57.4 0     2.2 0   108.1 0   906.3 0
 2026   7  1  7  0 50  0.833  91.90     1.9 0     0.4 0    -0.8 0     2.8 0   263.8 0   283.548 0   283.193 0   350.2 0   283.233 0   283.209 0     0.0 0     1.3 0     2.4 0   -86.3 0   -83.9 0    10.2 0    57.5 0     2.7 0   100.5 0   906.3 0
 2026   7  1  7  0 51  0.850  92.08     1.3 0     0.3 0    -0.8 0     2.3 0   264.1 0   283.469 0   283.117 0   350.5 0   283.189 0   283.176 0     0.0 0     1.2 0     2.0 0   -86.4 0   -84.4 0    10.2 0    56.7 0     2.6 0    98.2 0   906.3 0
 2026   7  1  7  0 52  0.867  92.26     0.9 0     0.2 0    -0.8 0     1.9 0   264.3 0   283.393 0   283.066 0   350.2 0   283.150 0   283.140 0     0.0 0     1.0 0     1.7 0   -85.9 0   -84.2 0    10.3 0    57.0 0     2.7 0    94.5 0   906.3 0
 2026   7  1  7  0 53  0.883  92.44     0.5 0     0.2 0    -0.8 0     1.6 0   264.4 0   283.326 0   282.999 0   349.9 0   283.112 0   283.097 0     0.0 0     0.9 0     1.4 0   -85.6 0   -84.2 0    10.2 0    56.8 0     3.0 0   107.6 0   906.3 0
 2026   7  1  7  0 54  0.900  92.62     0.3 0     0.2 0    -0.7 0     1.3 0   264.7 0   283.261 0   282.945 0   349.9 0   283.073 0   283.063 0     0.0 0     0.7 0     1.1 0   -85.2 0   -84.0 0    10.2 0    56.7 0     2.7 0   106.7 0   906.3 0
 2026   7  1  7  0 55  0.917  92.80     0.0 0     0.1 0    -0.7 0     1.1 0   264.9 0   283.199 0   282.881 0   349.7 0   283.039 0   283.035 0     0.0 0     0.6 0     1.0 0   -84.8 0   -83.8 0    10.3 0    56.4 0     2.7 0   101.0 0   906.3 0
 2026   7  1  7  0 56  0.933  92.98    -0.2 0     0.1 0    -0.7 0     1.0 0   265.4 0   283.138 0   282.833 0   349.5 0   283.008 0   283.005 0     0.0 0     0.5 0     0.9 0   -84.2 0   -83.3 0    10.3 0    56.4 0     2.2 0   100.5 0   906.3 0
 2026   7  1  7  0 57  0.950  93.16    -0.5 0     0.1 0    -0.7 0     0.8 0   265.6 0   283.086 0   282.813 0   349.1 0   282.977 0   282.972 0     0.0 0     0.5 0     0.7 0   -83.5 0   -82.8 0    10.2 0    57.0 0     2.0 0   103.3 0   906.3 0
 2026   7  1  7  0 58  0.967  93.34    -0.8 0     0.1 0    -0.7 0     0.6 0   265.5 0   283.042 0   282.768 0   348.7 0   282.944 0   282.928 0     0.0 0     0.4 0     0.5 0   -83.1 0   -82.6 0    10.1 0    58.2 0     1.9 0   106.5 0   906.3 0
 2026   7  1  7  0 59  0.983  93.52    -0.9 0     0.1 0    -0.7 0     0.5 0   265.6 0   282.998 0   282.711 0   348.2 0   282.904 0   282.881 0     0.0 0     0.3 0     0.3 0   -82.6 0   -82.3 0    10.0 0    59.2 0     1.9 0   100.4 0   906.3 0
 2026   7  1  7  1  0  1.000  93.70    -1.0 0     0.1 0    -0.7 0     0.3 0   265.6 0   282.949 0   282.653 0   348.0 0   282.861 0   282.841 0     0.0 0     0.3 0     0.2 0   -82.5 0   -82.3 0     9.9 0    59.6 0     1.9 0    94.2 0   906.3 0
 2026   7  1  7  1  1  1.017  93.88    -1.0 0     0.1 0    -0.7 0     0.2 0   265.6 0   282.896 0   282.602 0   347.7 0   282.818 0   282.794 0     0.0 0     0.2 0     0.2 0   -82.1 0   -81.9 0     9.8 0    60.1 0     2.0 0    92.2 0   906.3 0
 2026   7  1  7  1  2  1.033  94.06    -1.1 0     0.0 0    -0.6 0     0.1 0   265.7 0   282.847 0   282.564 0   348.0 0   282.773 0   282.759 0     0.0 0     0.2 0     0.1 0   -82.3 0   -82.2 0     9.8 0    58.9 0     3.1 0    88.2 0   906.3 0
 2026   7  1  7  1  3  1.050  94.25    -1.2 0    -0.3 0    -0.6 0     0.1 0   265.7 0   282.802 0   282.524 0   348.7 0   282.741 0   282.760 0     0.0 0     0.2 0     0.1 0   -83.0 0   -82.9 0    10.0 0    56.5 0     3.0 0    81.3 0   906.3 0
 2026   7  1  7  1  4  1.067  94.43    -1.5 0    -0.3 0    -0.6 0     0.0 0   265.5 0   282.759 0   282.482 0   348.8 0   282.725 0   282.742 0     0.0 0     0.1 0     0.0 0   -83.3 0   -83.3 0    10.2 0    55.9 0     2.7 0    80.1 0   906.3 0
 2026   7  1  7  1  5  1.083  94.61    -1.7 0    -0.3 0    -0.6 0     0.0 0   265.6 0   282.718 0   282.472 0   348.2 0   282.708 0   282.717 0     0.0 0     0.1 0     0.0 0   -82.7 0   -82.7 0    10.2 0    56.4 0     2.3 0    80.5 0   906.4 0
 2026   7  1  7  1  6  1.100  94.79    -1.9 0    -0.2 0    -0.5 0     0.0 0   265.3 0   282.692 0   282.491 0   347.7 0   282.687 0   282.689 0     0.0 0     0.1 0     0.0 0   -82.4 0   -82.4 0    10.2 0    57.1 0     2.1 0    81.6 0   906.4 0
 2026   7  1  7  1  7  1.117  94.98    -1.9 0    -0.1 0    -0.5 0    -0.1 0   264.9 0   282.679 0   282.469 0   347.1 0   282.660 0   282.649 0     0.0 0     0.1 0     0.0 0   -82.2 0   -82.2 0    10.0 0    58.6 0     1.7 0    89.8 0   906.4 0
 2026   7  1  7  1  8  1.133  95.16    -1.9 0    -0.1 0    -0.6 0    -0.1 0   264.5 0   282.662 0   282.437 0   346.8 0   282.625 0   282.612 0     0.0 0     0.1 0     0.0 0   -82.4 0   -82.4 0     9.9 0    58.9 0     2.1 0    97.1 0   906.4 0
 2026   7  1  7  1  9  1.150  95.34    -1.9 0    -0.1 0    -0.6 0    -0.2 0   264.3 0   282.641 0   282.412 0   346.6 0   282.591 0   282.584 0     0.0 0     0.1 0     0.0 0   -82.4 0   -82.4 0     9.8 0    58.9 0     1.8 0    78.9 0   906.4 0
 2026   7  1  7  1 10  1.167  95.52    -1.9 0    -0.1 0    -0.5 0    -0.2 0   264.3 0   282.623 0   282.425 0   346.5 0   282.557 0   282.544 0     0.0 0     0.1 0     0.0 0   -82.1 0   -82.1 0     9.8 0    59.3 0     2.1 0    60.8 0   906.4 0
 2026   7  1  7  1 11  1.183  95.71    -2.0 0    -0.1 0    -0.5 0    -0.2 0   264.3 0   282.615 0   282.428 0   346.8 0   282.523 0   282.519 0     0.0 0     0.1 0     0.0 0   -82.4 0   -82.4 0     9.8 0    58.7 0     1.8 0    61.6 0   906.4 0
 2026   7  1  7  1 12  1.200  95.89    -2.2 0    -0.2 0    -0.5 0    -0.2 0   264.0 0   282.615 0   282.442 0   346.6 0   282.496 0   282.502 0     0.0 0     0.1 0     0.0 0   -82.6 0   -82.6 0     9.9 0    58.3 0     1.6 0    67.0 0   906.4 0
 2026   7  1  7  1 13  1.217  96.08    -2.2 0    -0.2 0    -0.5 0    -0.2 0   263.8 0   282.617 0   282.428 0   346.4 0   282.471 0   282.467 0     0.0 0     0.1 0     0.0 0   -82.6 0   -82.6 0     9.8 0    58.9 0     1.9 0    73.6 0   906.4 0
 2026   7  1  7  1 14  1.233  96.26    -2.2 0    -0.2 0    -0.5 0    -0.2 0   263.6 0   282.616 0   282.430 0   346.3 0   282.443 0   282.444 0     0.0 0     0.1 0     0.0 0   -82.6 0   -82.6 0     9.8 0    58.8 0     1.6 0    76.1 0   906.4 0
 2026   7  1  7  1 15  1.250  96.44    -2.4 0    -0.2 0    -0.5 0    -0.2 0   263.2 0   282.614 0   282.410 0   346.1 0   282.418 0   282.418 0     0.0 0     0.0 0     0.0 0   -82.9 0   -82.9 0     9.8 0    58.7 0     1.7 0    70.9 0   906.4 0
 2026   7  1  7  1 16  1.267  96.63    -2.4 0    -0.3 0    -0.5 0    -0.2 0   263.4 0   282.604 0   282.397 0   346.0 0   282.392 0   282.392 0     0.0 0     0.0 0     0.0 0   -82.6 0   -82.6 0     9.8 0    58.8 0     1.4 0    65.3 0   906.4 0
 2026   7  1  7  1 17  1.283  96.81    -2.4 0    -0.2 0    -0.5 0    -0.2 0   263.1 0   282.594 0   282.388 0   345.9 0   282.366 0   282.365 0     0.0 0     0.1 0     0.0 0   -82.8 0   -82.8 0     9.8 0    58.9 0     1.4 0    64.0 0   906.4 0
 2026   7  1  7  1 18  1.300  97.00    -2.3 0    -0.3 0    -0.5 0    -0.2 0   263.4 0   282.587 0   282.413 0   345.9 0   282.341 0   282.347 0     0.0 0     0.0 0     0.0 0   -82.5 0   -82.5 0     9.8 0    58.8 0     1.0 0    60.0 0   906.4 0
 2026   7  1  7  1 19  1.317  97.18    -2.5 0    -0.3 0    -0.5 0    -0.2 0   263.4 0   282.595 0   282.451 0   345.8 0   282.318 0   282.326 0     0.0 0     0.0 0     0.0 0   -82.4 0   -82.4 0     9.8 0    58.7 0     0.9 0    56.0 0   906.4 0
 2026   7  1  7  1 20  1.333  97.37    -2.5 0    -0.3 0    -0.5 0    -0.2 0   263.3 0   282.614 0   282.467 0   345.7 0   282.296 0   282.303 0     0.0 0     0.0 0     0.0 0   -82.4 0   -82.4 0     9.8 0    58.6 0     0.9 0    58.5 0   906.4 0
 2026   7  1  7  1 21  1.350  97.55    -2.5 0    -0.3 0    -0.5 0    -0.2 0   263.1 0   282.630 0   282.457 0   345.5 0   282.273 0   282.279 0     0.0 0     0.0 0     0.0 0   -82.4 0   -82.4 0     9.8 0    58.5 0     1.1 0    50.2 0   906.4 0
 2026   7  1  7  1 22  1.367  97.74    -2.5 0    -0.3 0    -0.5 0    -0.2 0   263.1 0   282.638 0   282.466 0   345.2 0   282.251 0   282.255 0     0.0 0     0.0 0     0.0 0   -82.2 0   -82.2 0     9.8 0    58.5 0     1.1 0    64.3 0   906.5 0
 2026   7  1  7  1 23  1.383  97.92    -2.4 0    -0.3 0    -0.5 0    -0.2 0   262.7 0   282.646 0   282.463 0   345.1 0   282.228 0   282.232 0     0.0 0     0.0 0     0.0 0   -82.4 0   -82.4 0     9.8 0    58.4 0     1.0 0    60.5 0   906.5 0
 2026   7  1  7  1 24  1.400  98.11    -2.3 0    -0.3 0    -0.6 0    -0.3 0   262.4 0   282.640 0   282.399 0   345.1 0   282.205 0   282.211 0     0.0 0     0.0 0     0.0 0   -82.7 0   -82.7 0     9.8 0    58.7 0     1.2 0    81.1 0   906.5 0
 2026   7  1  7  1 25  1.417  98.30    -2.4 0    -0.3 0    -0.5 0    -0.3 0   262.4 0   282.619 0   282.386 0   344.9 0   282.182 0   282.187 0     0.0 0     0.0 0     0.0 0   -82.5 0   -82.5 0     9.8 0    58.9 0     1.2 0    66.5 0   906.4 0
 2026   7  1  7  1 26  1.433  98.48    -2.4 0    -0.3 0    -0.6 0    -0.3 0   262.1 0   282.598 0   282.370 0   344.7 0   282.159 0   282.168 0     0.0 0     0.0 0     0.0 0   -82.7 0   -82.7 0     9.8 0    58.9 0     1.0 0    62.1 0   906.4 0
 2026   7  1  7  1 27  1.450  98.67    -2.5 0    -0.3 0    -0.6 0    -0.2 0   262.1 0   282.578 0   282.356 0   344.2 0   282.138 0   282.150 0     0.0 0     0.0 0     0.0 0   -82.1 0   -82.1 0     9.8 0    59.0 0     0.9 0    74.6 0   906.4 0
 2026   7  1  7  1 28  1.467  98.86    -2.5 0    -0.3 0    -0.6 0    -0.2 0   262.1 0   282.561 0   282.356 0   344.0 0   282.116 0   282.122 0     0.0 0     0.0 0     0.0 0   -81.8 0   -81.8 0     9.7 0    59.5 0     0.8 0   101.9 0   906.4 0
 2026   7  1  7  1 29  1.483  99.04    -2.4 0    -0.3 0    -0.6 0    -0.2 0   261.9 0   282.549 0   282.320 0   343.9 0   282.090 0   282.092 0     0.0 0     0.0 0     0.0 0   -82.0 0   -82.0 0     9.6 0    60.2 0     0.8 0    96.1 0   906.5 0
 2026   7  1  7  1 30  1.500  99.23    -2.3 0    -0.2 0    -0.6 0    -0.3 0   261.8 0   282.524 0   282.277 0   343.8 0   282.062 0   282.066 0     0.0 0     0.0 0     0.0 0   -82.0 0   -82.0 0     9.6 0    60.6 0     1.5 0    89.1 0   906.5 0
 2026   7  1  7  1 31  1.517  99.42    -2.2 0    -0.2 0    -0.6 0    -0.3 0   261.5 0   282.497 0   282.254 0   343.8 0   282.032 0   282.028 0     0.0 0     0.0 0     0.0 0   -82.3 0   -82.3 0     9.5 0    61.3 0     1.4 0    99.7 0   906.5 0
 2026   7  1  7  1 32  1.533  99.60    -2.1 0    -0.1 0    -0.7 0    -0.3 0   261.1 0   282.463 0   282.182 0   343.7 0   282.000 0   281.993 0     0.0 0     0.0 0     0.0 0   -82.6 0   -82.6 0     9.4 0    62.1 0     1.5 0    94.7 0   906.5 0
 2026   7  1  7  1 33  1.550  99.79    -2.0 0    -0.1 0    -0.7 0    -0.3 0   261.0 0   282.417 0   282.135 0   343.4 0   281.965 0   281.957 0     0.0 0     0.0 0     0.0 0   -82.3 0   -82.3 0     9.3 0    62.8 0     1.5 0    83.3 0   906.5 0
 2026   7  1  7  1 34  1.567  99.98    -2.0 0    -0.1 0    -0.6 0    -0.3 0   261.1 0   282.373 0   282.117 0   343.2 0   281.930 0   281.918 0     0.0 0     0.0 0     0.0 0   -82.0 0   -82.0 0     9.2 0    63.2 0     1.6 0    78.0 0   906.5 0
 2026   7  1  7  1 35  1.583 100.17    -2.0 0    -0.1 0    -0.6 0    -0.3 0   260.9 0   282.338 0   282.085 0   342.9 0   281.893 0   281.882 0     0.0 0     0.0 0     0.0 0   -82.0 0   -82.0 0     9.1 0    63.6 0     1.5 0    74.2 0   906.5 0
 2026   7  1  7  1 36  1.600 100.35    -2.0 0    -0.1 0    -0.7 0    -0.3 0   260.6 0   282.299 0   282.016 0   342.6 0   281.856 0   281.844 0     0.0 0     0.0 0     0.0 0   -82.0 0   -82.0 0     9.0 0    64.1 0     1.6 0    82.3 0   906.5 0
 2026   7  1  7  1 37  1.617 100.54    -1.8 0    -0.2 0    -0.7 0    -0.3 0   260.5 0   282.248 0   281.938 0   342.3 0   281.818 0   281.803 0     0.0 0     0.0 0     0.0 0   -81.8 0   -81.8 0     9.0 0    64.8 0     1.9 0    90.4 0   906.5 0
 2026   7  1  7  1 38  1.633 100.73    -1.7 0    -0.2 0    -0.7 0    -0.3 0   260.2 0   282.186 0   281.863 0   342.1 0   281.778 0   281.761 0     0.0 0     0.0 0     0.0 0   -81.9 0   -81.9 0     8.9 0    65.4 0     1.9 0    93.1 0   906.5 0
 2026   7  1  7  1 39  1.650 100.92    -1.6 0    -0.1 0    -0.7 0    -0.3 0   260.0 0   282.118 0   281.784 0   341.8 0   281.735 0   281.712 0     0.0 0     0.0 0     0.0 0   -81.8 0   -81.8 0     8.8 0    66.1 0     2.1 0   100.0 0   906.5 0
 2026   7  1  7  1 40  1.667 101.11    -1.5 0    -0.1 0    -0.7 0    -0.3 0   259.9 0   282.046 0   281.714 0   341.7 0   281.690 0   281.669 0     0.0 0     0.0 0     0.0 0   -81.8 0   -81.8 0     8.7 0    66.5 0     2.1 0    92.8 0   906.5 0
 2026   7  1  7  1 41  1.683 101.30    -1.6 0    -0.1 0    -0.7 0    -0.3 0   259.8 0   281.974 0   281.643 0   341.5 0   281.645 0   281.624 0     0.0 0     0.0 0     0.0 0   -81.8 0   -81.8 0     8.6 0    66.7 0     2.1 0    87.5 0   906.5 0
 2026   7  1  7  1 42  1.700 101.49    -1.6 0    -0.2 0    -0.8 0    -0.3 0   259.7 0   281.899 0   281.565 0   341.5 0   281.600 0   281.584 0     0.0 0     0.0 0     0.0 0   -81.8 0   -81.8 0     8.6 0    66.8 0     2.3 0    92.0 0   906.6 0
 2026   7  1  7  1 43  1.717 101.68    -1.5 0    -0.2 0    -0.8 0    -0.3 0   259.4 0   281.824 0   281.484 0   341.3 0   281.560 0   281.550 0     0.0 0     0.0 0     0.0 0   -82.0 0   -82.0 0     8.6 0    66.6 0     1.8 0    97.2 0   906.6 0
 2026   7  1  7  1 44  1.733 101.87    -1.5 0    -0.3 0    -0.8 0    -0.3 0   259.4 0   281.746 0   281.413 0   341.5 0   281.523 0   281.521 0     0.0 0     0.0 0     0.0 0   -82.2 0   -82.2 0     8.7 0    66.1 0     1.8 0    95.9 0   906.6 0
 2026   7  1  7  1 45  1.750 102.05    -1.5 0    -0.4 0    -0.8 0    -0.3 0   259.4 0   281.674 0   281.365 0   341.4 0   281.491 0   281.493 0     0.0 0     0.0 0     0.0 0   -82.0 0   -82.0 0     8.7 0    65.7 0     1.6 0    93.2 0   906.6 0
 2026   7  1  7  1 46  1.767 102.24    -1.4 0    -0.3 0    -0.8 0    -0.3 0   259.0 0   281.603 0   281.259 0   341.1 0   281.461 0   281.457 0     0.0 0     0.0 0     0.0 0   -82.1 0   -82.1 0     8.7 0    66.0 0     1.2 0    95.5 0   906.6 0
 2026   7  1  7  1 47  1.783 102.43    -1.5 0    -0.2 0    -0.8 0    -0.3 0   259.2 0   281.526 0   281.211 0   340.8 0   281.426 0   281.411 0     0.0 0     0.0 0     0.0 0   -81.7 0   -81.7 0     8.6 0    66.8 0     1.3 0    90.1 0   906.6 0
 2026   7  1  7  1 48  1.800 102.62    -1.6 0    -0.2 0    -0.8 0    -0.3 0   259.3 0   281.461 0   281.183 0   340.7 0   281.388 0   281.375 0     0.0 0     0.0 0     0.0 0   -81.4 0   -81.4 0     8.5 0    67.2 0     1.4 0    85.6 0   906.6 0
 2026   7  1  7  1 49  1.817 102.81    -1.6 0    -0.2 0    -0.8 0    -0.2 0   259.4 0   281.411 0   281.152 0   340.5 0   281.350 0   281.340 0     0.0 0     0.0 0     0.0 0   -81.1 0   -81.1 0     8.5 0    67.4 0     1.3 0    78.9 0   906.6 0
 2026   7  1  7  1 50  1.833 103.00    -1.6 0    -0.2 0    -0.8 0    -0.3 0   259.4 0   281.367 0   281.111 0   340.5 0   281.315 0   281.309 0     0.0 0     0.0 0     0.0 0   -81.1 0   -81.1 0     8.5 0    67.3 0     1.6 0    79.5 0   906.5 0
 2026   7  1  7  1 51  1.850 103.19    -1.6 0    -0.3 0    -0.8 0    -0.3 0   259.2 0   281.323 0   281.057 0   340.2 0   281.280 0   281.274 0     0.0 0     0.0 0     0.0 0   -81.0 0   -81.0 0     8.5 0    67.2 0     1.5 0    73.9 0   906.5 0
 2026   7  1  7  1 52  1.867 103.38    -1.6 0    -0.2 0    -0.8 0    -0.3 0   259.1 0   281.275 0   281.001 0   340.0 0   281.246 0   281.233 0     0.0 0     0.0 0     0.0 0   -80.9 0   -80.9 0     8.4 0    67.4 0     1.4 0    92.7 0   906.5 0
 2026   7  1  7  1 53  1.883 103.58    -1.7 0    -0.2 0    -0.8 0    -0.3 0   258.9 0   281.227 0   280.965 0   340.0 0   281.208 0   281.193 0     0.0 0     0.0 0     0.0 0   -81.0 0   -81.0 0     8.4 0    67.9 0     1.7 0    92.1 0   906.5 0
 2026   7  1  7  1 54  1.900 103.77    -1.6 0    -0.2 0    -0.8 0    -0.3 0   259.0 0   281.179 0   280.904 0   339.8 0   281.170 0   281.158 0     0.0 0     0.0 0     0.0 0   -80.8 0   -80.8 0     8.3 0    68.3 0     1.7 0    87.1 0   906.5 0
 2026   7  1  7  1 55  1.917 103.96    -1.6 0    -0.2 0    -0.7 0    -0.3 0   258.8 0   281.130 0   280.866 0   339.7 0   281.131 0   281.120 0     0.0 0     0.0 0     0.0 0   -80.8 0   -80.8 0     8.3 0    68.5 0     1.7 0    87.3 0   906.5 0
 2026   7  1  7  1 56  1.933 104.15    -1.7 0    -0.2 0    -0.7 0    -0.3 0   258.8 0   281.083 0   280.822 0   339.5 0   281.093 0   281.083 0     0.0 0     0.0 0     0.0 0   -80.7 0   -80.7 0     8.2 0    68.9 0     2.0 0    89.7 0   906.5 0
 2026   7  1  7  1 57  1.950 104.34    -1.7 0    -0.2 0    -0.7 0    -0.3 0   258.8 0   281.039 0   280.788 0   339.3 0   281.054 0   281.039 0     0.0 0     0.0 0     0.0 0   -80.4 0   -80.4 0     8.1 0    69.3 0     2.1 0    82.7 0   906.5 0
 2026   7  1  7  1 58  1.967 104.53    -1.7 0    -0.1 0    -0.7 0    -0.3 0   258.7 0   280.998 0   280.747 0   339.1 0   281.012 0   280.995 0     0.0 0     0.0 0     0.0 0   -80.3 0   -80.3 0     8.1 0    69.9 0     1.9 0    79.7 0   906.6 0
 2026   7  1  7  1 59  1.983 104.72    -1.8 0    -0.1 0    -0.7 0    -0.3 0   258.7 0   280.957 0   280.698 0   338.9 0   280.967 0   280.944 0     0.0 0     0.0 0     0.0 0   -80.1 0   -80.1 0     7.9 0    70.5 0     1.9 0    86.5 0   906.5 0
 2026   7  1  7  2  0  2.000 104.91    -1.7 0     0.0 0    -0.7 0    -0.3 0   258.6 0   280.913 0   280.650 0   338.7 0   280.920 0   280.893 0     0.0 0     0.0 0     0.0 0   -80.1 0   -80.1 0     7.8 0    71.3 0     2.1 0    91.7 0   906.5 0
 2026   7  1  7  2  1  2.017 105.11    -1.6 0    -0.1 0    -0.6 0    -0.3 0   258.6 0   280.871 0   280.617 0   338.7 0   280.871 0   280.847 0     0.0 0     0.0 0     0.0 0   -80.1 0   -80.1 0     7.8 0    71.8 0     2.2 0    93.9 0   906.5 0
 2026   7  1  7  2  2  2.033 105.30    -1.7 0    -0.1 0    -0.6 0    -0.3 0   258.4 0   280.832 0   280.580 0   338.4 0   280.822 0   280.794 0     0.0 0     0.0 0     0.0 0   -80.0 0   -80.0 0     7.7 0    72.2 0     1.9 0    88.3 0   906.5 0
 2026   7  1  7  2  3  2.050 105.49    -1.6 0     0.0 0    -0.6 0    -0.3 0   258.4 0   280.791 0   280.533 0   338.4 0   280.773 0   280.747 0     0.0 0     0.0 0     0.0 0   -80.0 0   -80.0 0     7.6 0    72.7 0     1.8 0    82.2 0   906.5 0
 2026   7  1  7  2  4  2.067 105.68    -1.5 0    -0.1 0    -0.6 0    -0.3 0   258.5 0   280.749 0   280.494 0   338.2 0   280.725 0   280.702 0     0.0 0     0.0 0     0.0 0   -79.7 0   -79.7 0     7.6 0    73.2 0     1.5 0    80.5 0   906.5 0
 2026   7  1  7  2  5  2.083 105.87    -1.7 0    -0.1 0    -0.6 0    -0.3 0   258.5 0   280.708 0   280.454 0   337.8 0   280.678 0   280.653 0     0.0 0     0.0 0     0.0 0   -79.4 0   -79.4 0     7.5 0    73.5 0     1.4 0    83.1 0   906.5 0
 2026   7  1  7  2  6  2.100 106.07    -1.7 0    -0.1 0    -0.6 0    -0.3 0   258.5 0   280.667 0   280.417 0   337.6 0   280.630 0   280.603 0     0.0 0     0.0 0     0.0 0   -79.2 0   -79.2 0     7.4 0    73.9 0     1.5 0    88.6 0   906.5 0
 2026   7  1  7  2  7  2.117 106.26    -1.7 0    -0.2 0    -0.6 0    -0.3 0   258.3 0   280.628 0   280.372 0   337.5 0   280.582 0   280.554 0     0.0 0     0.0 0     0.0 0   -79.1 0   -79.1 0     7.4 0    74.3 0     1.7 0    96.5 0   906.6 0
 2026   7  1  7  2  8  2.133 106.45    -1.8 0    -0.2 0    -0.6 0    -0.3 0   258.4 0   280.584 0   280.327 0   337.3 0   280.533 0   280.509 0     0.0 0     0.0 0     0.0 0   -78.9 0   -78.9 0     7.3 0    74.6 0     1.8 0    99.6 0   906.6 0
 2026   7  1  7  2  9  2.150 106.65    -1.7 0    -0.2 0    -0.6 0    -0.3 0   258.4 0   280.542 0   280.291 0   337.2 0   280.486 0   280.465 0     0.0 0     0.0 0     0.0 0   -78.8 0   -78.8 0     7.3 0    74.7 0     2.0 0    98.9 0   906.6 0
 2026   7  1  7  2 10  2.167 106.84    -1.7 0    -0.2 0    -0.6 0    -0.3 0   258.4 0   280.501 0   280.253 0   337.1 0   280.440 0   280.423 0     0.0 0     0.0 0     0.0 0   -78.8 0   -78.8 0     7.3 0    74.6 0     2.1 0    99.3 0   906.6 0
 2026   7  1  7  2 11  2.183 107.03    -1.7 0    -0.2 0    -0.6 0    -0.3 0   258.2 0   280.460 0   280.207 0   337.1 0   280.396 0   280.384 0     0.0 0     0.0 0     0.0 0   -78.9 0   -78.9 0     7.3 0    74.5 0     2.2 0   100.5 0   906.6 0
 2026   7  1  7  2 12  2.200 107.22    -1.7 0    -0.2 0    -0.7 0    -0.3 0   257.9 0   280.417 0   280.152 0   337.0 0   280.354 0   280.340 0     0.0 0     0.0 0     0.0 0   -79.1 0   -79.1 0     7.4 0    74.3 0     2.3 0   101.0 0   906.6 0
 2026   7  1  7  2 13  2.217 107.42    -1.6 0    -0.2 0    -0.7 0    -0.3 0   257.7 0   280.367 0   280.086 0   336.9 0   280.311 0   280.296 0     0.0 0     0.0 0     0.0 0   -79.2 0   -79.2 0     7.4 0    74.2 0     2.3 0    99.0 0   906.5 0
 2026   7  1  7  2 14  2.233 107.61    -1.6 0    -0.1 0    -0.7 0    -0.3 0   257.7 0   280.311 0   280.025 0   336.7 0   280.269 0   280.253 0     0.0 0     0.0 0     0.0 0   -79.0 0   -79.0 0     7.3 0    74.4 0     2.3 0    98.9 0   906.5 0
 2026   7  1  7  2 15  2.250 107.80    -1.6 0    -0.1 0    -0.7 0    -0.3 0   257.7 0   280.253 0   279.970 0   336.5 0   280.227 0   280.211 0     0.0 0     0.0 0     0.0 0   -78.8 0   -78.8 0     7.3 0    74.7 0     2.3 0    99.8 0   906.5 0
 2026   7  1  7  2 16  2.267 108.00    -1.5 0    -0.1 0    -0.7 0    -0.3 0   257.8 0   280.196 0   279.922 0   336.5 0   280.186 0   280.177 0     0.0 0     0.0 0     0.0 0   -78.7 0   -78.7 0     7.3 0    74.8 0     2.6 0   100.7 0   906.5 0
 2026   7  1  7  2 17  2.283 108.19    -1.6 0    -0.2 0    -0.7 0    -0.3 0   257.9 0   280.142 0   279.879 0   336.8 0   280.149 0   280.148 0     0.0 0     0.0 0     0.0 0   -78.9 0   -78.9 0     7.3 0    74.3 0     2.8 0   104.1 0   906.5 0
 2026   7  1  7  2 18  2.300 108.39    -1.6 0    -0.2 0    -0.7 0    -0.3 0   258.0 0   280.092 0   279.832 0   336.9 0   280.118 0   280.124 0     0.0 0     0.0 0     0.0 0   -79.0 0   -79.0 0     7.4 0    73.7 0     2.9 0   106.4 0   906.5 0
 2026   7  1  7  2 19  2.317 108.58    -1.7 0    -0.2 0    -0.7 0    -0.3 0   258.1 0   280.043 0   279.793 0   337.1 0   280.090 0   280.101 0     0.0 0     0.0 0     0.0 0   -79.0 0   -79.0 0     7.4 0    73.4 0     2.9 0   107.1 0   906.6 0
 2026   7  1  7  2 20  2.333 108.77    -1.8 0    -0.2 0    -0.6 0    -0.2 0   258.3 0   280.001 0   279.779 0   337.2 0   280.067 0   280.080 0     0.0 0     0.0 0     0.0 0   -78.9 0   -78.9 0     7.5 0    73.1 0     2.9 0   108.3 0   906.6 0
 2026   7  1  7  2 21  2.350 108.97    -1.9 0    -0.2 0    -0.6 0    -0.2 0   258.3 0   279.970 0   279.764 0   337.2 0   280.046 0   280.059 0     0.0 0     0.0 0     0.0 0   -78.9 0   -78.9 0     7.5 0    72.9 0     2.9 0   109.6 0   906.6 0
 2026   7  1  7  2 22  2.367 109.16    -2.0 0    -0.2 0    -0.6 0    -0.2 0   258.3 0   279.947 0   279.749 0   337.2 0   280.025 0   280.038 0     0.0 0     0.0 0     0.0 0   -78.8 0   -78.8 0     7.5 0    73.1 0     2.9 0   108.3 0   906.6 0
 2026   7  1  7  2 23  2.383 109.36    -2.0 0    -0.1 0    -0.6 0    -0.2 0   258.4 0   279.927 0   279.731 0   337.1 0   280.005 0   280.020 0     0.0 0     0.0 0     0.0 0   -78.7 0   -78.7 0     7.5 0    73.0 0     3.0 0   108.7 0   906.6 0
 2026   7  1  7  2 24  2.400 109.55    -2.1 0    -0.1 0    -0.6 0    -0.2 0   258.4 0   279.909 0   279.720 0   337.1 0   279.986 0   280.002 0     0.0 0     0.0 0     0.0 0   -78.7 0   -78.7 0     7.5 0    72.9 0     2.9 0   109.4 0   906.6 0
 2026   7  1  7  2 25  2.417 109.75    -2.1 0    -0.1 0    -0.6 0    -0.2 0   258.5 0   279.893 0   279.706 0   337.2 0   279.969 0   279.989 0     0.0 0     0.0 0     0.0 0   -78.7 0   -78.7 0     7.5 0    72.8 0     3.1 0   109.9 0   906.6 0
 2026   7  1  7  2 26  2.433 109.94    -2.1 0    -0.2 0    -0.5 0    -0.2 0   258.6 0   279.879 0   279.699 0   337.2 0   279.955 0   279.978 0     0.0 0     0.0 0     0.0 0   -78.6 0   -78.6 0     7.5 0    72.5 0     3.2 0   109.5 0   906.6 0
 2026   7  1  7  2 27  2.450 110.14    -2.2 0    -0.2 0    -0.5 0    -0.2 0   258.7 0   279.869 0   279.701 0   337.4 0   279.943 0   279.972 0     0.0 0     0.0 0     0.0 0   -78.7 0   -78.7 0     7.6 0    72.3 0     3.2 0   109.0 0   906.6 0
 2026   7  1  7  2 28  2.467 110.33    -2.3 0    -0.2 0    -0.5 0    -0.2 0   258.7 0   279.863 0   279.708 0   337.5 0   279.936 0   279.969 0     0.0 0     0.0 0     0.0 0   -78.8 0   -78.8 0     7.6 0    72.0 0     3.3 0   107.9 0   906.6 0
 2026   7  1  7  2 29  2.483 110.53    -2.4 0    -0.2 0    -0.5 0    -0.2 0   258.7 0   279.862 0   279.713 0   337.6 0   279.932 0   279.969 0     0.0 0     0.0 0     0.0 0   -78.9 0   -78.9 0     7.6 0    71.8 0     3.3 0   105.4 0   906.6 0
 2026   7  1  7  2 30  2.500 110.72    -2.5 0    -0.2 0    -0.4 0    -0.2 0   259.0 0   279.865 0   279.729 0   337.7 0   279.931 0   279.970 0     0.0 0     0.0 0     0.0 0   -78.8 0   -78.8 0     7.7 0    71.7 0     3.4 0   104.1 0   906.6 0
 2026   7  1  7  2 31  2.517 110.92    -2.5 0    -0.2 0    -0.4 0    -0.2 0   259.0 0   279.874 0   279.750 0   337.8 0   279.932 0   279.971 0     0.0 0     0.0 0     0.0 0   -78.7 0   -78.7 0     7.7 0    71.7 0     3.6 0   104.3 0   906.6 0
 2026   7  1  7  2 32  2.533 111.11    -2.6 0    -0.2 0    -0.4 0    -0.2 0   259.0 0   279.886 0   279.754 0   337.7 0   279.934 0   279.973 0     0.0 0     0.0 0     0.0 0   -78.8 0   -78.8 0     7.7 0    71.6 0     3.5 0   104.4 0   906.6 0
 2026   7  1  7  2 33  2.550 111.31    -2.6 0    -0.1 0    -0.5 0    -0.2 0   258.8 0   279.895 0   279.747 0   337.7 0   279.935 0   279.969 0     0.0 0     0.0 0     0.0 0   -78.8 0   -78.8 0     7.7 0    72.1 0     3.2 0   101.5 0   906.6 0
 2026   7  1  7  2 34  2.567 111.51    -2.5 0    -0.1 0    -0.5 0    -0.2 0   258.8 0   279.897 0   279.725 0   337.4 0   279.932 0   279.965 0     0.0 0     0.0 0     0.0 0   -78.6 0   -78.6 0     7.6 0    72.5 0     3.0 0   100.3 0   906.6 0
 2026   7  1  7  2 35  2.583 111.70    -2.4 0     0.0 0    -0.5 0    -0.2 0   258.8 0   279.891 0   279.714 0   337.2 0   279.927 0   279.952 0     0.0 0     0.0 0     0.0 0   -78.4 0   -78.4 0     7.6 0    73.0 0     3.0 0    97.9 0   906.6 0
 2026   7  1  7  2 36  2.600 111.90    -2.4 0     0.0 0    -0.4 0    -0.2 0   258.8 0   279.883 0   279.716 0   337.1 0   279.916 0   279.939 0     0.0 0     0.0 0     0.0 0   -78.3 0   -78.3 0     7.5 0    73.5 0     2.9 0    97.8 0   906.6 0
 2026   7  1  7  2 37  2.617 112.09    -2.4 0     0.0 0    -0.4 0    -0.2 0   258.8 0   279.879 0   279.713 0   337.0 0   279.905 0   279.929 0     0.0 0     0.0 0     0.0 0   -78.2 0   -78.2 0     7.5 0    73.7 0     2.9 0    95.5 0   906.6 0
 2026   7  1  7  2 38  2.633 112.29    -2.4 0    -0.1 0    -0.5 0    -0.2 0   258.8 0   279.873 0   279.694 0   337.0 0   279.894 0   279.921 0     0.0 0     0.0 0     0.0 0   -78.1 0   -78.1 0     7.5 0    73.6 0     3.2 0    96.4 0   906.6 0
 2026   7  1  7  2 39  2.650 112.49    -2.3 0    -0.1 0    -0.5 0    -0.2 0   258.9 0   279.863 0   279.675 0   336.9 0   279.886 0   279.914 0     0.0 0     0.0 0     0.0 0   -78.0 0   -78.0 0     7.5 0    73.3 0     2.9 0    96.6 0   906.6 0
 2026   7  1  7  2 40  2.667 112.68    -2.3 0    -0.1 0    -0.5 0    -0.3 0   258.9 0   279.847 0   279.657 0   336.7 0   279.876 0   279.900 0     0.0 0     0.0 0     0.0 0   -77.8 0   -77.8 0     7.5 0    73.2 0     2.6 0    89.9 0   906.6 0
 2026   7  1  7  2 41  2.683 112.88    -2.3 0     0.0 0    -0.5 0    -0.2 0   258.8 0   279.832 0   279.652 0   336.5 0   279.863 0   279.882 0     0.0 0     0.0 0     0.0 0   -77.7 0   -77.7 0     7.5 0    73.3 0     2.5 0    84.8 0   906.6 0
 2026   7  1  7  2 42  2.700 113.07    -2.3 0     0.0 0    -0.5 0    -0.2 0   259.1 0   279.821 0   279.656 0   336.4 0   279.848 0   279.867 0     0.0 0     0.0 0     0.0 0   -77.4 0   -77.4 0     7.4 0    73.1 0     2.5 0    77.5 0   906.6 0
 2026   7  1  7  2 43  2.717 113.27    -2.2 0    -0.1 0    -0.5 0    -0.2 0   259.2 0   279.816 0   279.668 0   336.3 0   279.833 0   279.854 0     0.0 0     0.0 0     0.0 0   -77.1 0   -77.1 0     7.4 0    72.7 0     2.6 0    71.9 0   906.6 0
 2026   7  1  7  2 44  2.733 113.47    -2.3 0    -0.2 0    -0.4 0    -0.2 0   259.7 0   279.822 0   279.710 0   336.3 0   279.822 0   279.851 0     0.0 0     0.0 0     0.0 0   -76.7 0   -76.7 0     7.5 0    71.9 0     2.6 0    71.6 0   906.6 0
 2026   7  1  7  2 45  2.750 113.66    -2.3 0    -0.3 0    -0.4 0    -0.2 0   259.9 0   279.841 0   279.752 0   336.4 0   279.818 0   279.855 0     0.0 0     0.0 0     0.0 0   -76.5 0   -76.5 0     7.6 0    71.1 0     2.6 0    74.1 0   906.6 0
 2026   7  1  7  2 46  2.767 113.86    -2.4 0    -0.4 0    -0.4 0    -0.1 0   260.2 0   279.871 0   279.797 0   336.4 0   279.819 0   279.860 0     0.0 0     0.0 0     0.0 0   -76.3 0   -76.3 0     7.8 0    70.2 0     2.3 0    75.0 0   906.6 0
 2026   7  1  7  2 47  2.783 114.06    -2.5 0    -0.4 0    -0.4 0    -0.2 0   260.1 0   279.906 0   279.824 0   336.4 0   279.823 0   279.862 0     0.0 0     0.0 0     0.0 0   -76.2 0   -76.2 0     7.9 0    69.7 0     2.3 0    71.1 0   906.6 0
 2026   7  1  7  2 48  2.800 114.26    -2.6 0    -0.4 0    -0.4 0    -0.2 0   260.0 0   279.938 0   279.826 0   336.3 0   279.826 0   279.862 0     0.0 0     0.0 0     0.0 0   -76.3 0   -76.3 0     7.9 0    69.4 0     2.2 0    68.3 0   906.6 0
 2026   7  1  7  2 49  2.817 114.45    -2.5 0    -0.4 0    -0.4 0    -0.2 0   259.8 0   279.955 0   279.800 0   336.1 0   279.826 0   279.859 0     0.0 0     0.0 0     0.0 0   -76.3 0   -76.3 0     7.9 0    69.2 0     2.2 0    67.2 0   906.6 0
 2026   7  1  7  2 50  2.833 114.65    -2.3 0    -0.3 0    -0.5 0    -0.2 0   259.5 0   279.955 0   279.771 0   336.0 0   279.824 0   279.852 0     0.0 0     0.0 0     0.0 0   -76.4 0   -76.4 0     7.9 0    69.3 0     2.2 0    66.0 0   906.7 0
 2026   7  1  7  2 51  2.850 114.85    -2.2 0    -0.3 0    -0.5 0    -0.3 0   259.4 0   279.938 0   279.705 0   335.8 0   279.820 0   279.853 0     0.0 0     0.0 0     0.0 0   -76.5 0   -76.5 0     7.9 0    69.1 0     2.1 0    66.4 0   906.7 0
 2026   7  1  7  2 52  2.867 115.04    -1.9 0    -0.3 0    -0.5 0    -0.3 0   259.2 0   279.901 0   279.627 0   335.5 0   279.818 0   279.848 0     0.0 0     0.0 0     0.0 0   -76.4 0   -76.4 0     8.0 0    69.0 0     2.0 0    66.8 0   906.7 0
 2026   7  1  7  2 53  2.883 115.24    -1.8 0    -0.2 0    -0.5 0    -0.3 0   259.4 0   279.853 0   279.605 0   335.1 0   279.811 0   279.831 0     0.0 0     0.0 0     0.0 0   -75.8 0   -75.8 0     7.9 0    69.1 0     2.0 0    62.9 0   906.7 0
 2026   7  1  7  2 54  2.900 115.44    -1.8 0    -0.1 0    -0.5 0    -0.3 0   259.8 0   279.815 0   279.604 0   335.0 0   279.799 0   279.815 0     0.0 0     0.0 0     0.0 0   -75.2 0   -75.2 0     7.9 0    69.6 0     1.9 0    61.9 0   906.7 0
 2026   7  1  7  2 55  2.917 115.64    -1.9 0    -0.1 0    -0.5 0    -0.2 0   260.1 0   279.792 0   279.626 0   334.8 0   279.786 0   279.804 0     0.0 0     0.0 0     0.0 0   -74.7 0   -74.7 0     7.8 0    69.7 0     2.0 0    60.3 0   906.7 0
 2026   7  1  7  2 56  2.933 115.83    -2.0 0    -0.1 0    -0.5 0    -0.2 0   260.5 0   279.787 0   279.662 0   334.5 0   279.773 0   279.791 0     0.0 0     0.0 0     0.0 0   -74.0 0   -74.0 0     7.8 0    69.4 0     1.8 0    59.6 0   906.7 0
 2026   7  1  7  2 57  2.950 116.03    -2.1 0     0.0 0    -0.5 0    -0.2 0   259.9 0   279.790 0   279.574 0   334.1 0   279.757 0   279.761 0     0.0 0     0.0 0     0.0 0   -74.1 0   -74.1 0     7.8 0    69.8 0     1.4 0    44.0 0   906.7 0
 2026   7  1  7  2 58  2.967 116.23    -1.8 0     0.0 0    -0.6 0    -0.3 0   259.1 0   279.757 0   279.447 0   333.5 0   279.734 0   279.727 0     0.0 0     0.0 0     0.0 0   -74.5 0   -74.5 0     7.6 0    70.8 0     1.0 0    24.9 0   906.7 0
 2026   7  1  7  2 59  2.983 116.43    -1.6 0     0.1 0    -0.6 0    -0.4 0   258.5 0   279.695 0   279.359 0   333.2 0   279.701 0   279.669 0     0.0 0     0.0 0     0.0 0   -74.6 0   -74.6 0     7.3 0    72.1 0     1.1 0    14.4 0   906.7 0
 2026   7  1  7  3  0  3.000 116.62    -1.5 0     0.2 0    -0.6 0    -0.4 0   258.9 0   279.620 0   279.284 0   333.1 0   279.653 0   279.597 0     0.0 0     0.0 0     0.0 0   -74.1 0   -74.1 0     6.9 0    74.1 0     0.9 0    30.0 0   906.7 0
 2026   7  1  7  3  1  3.017 116.82    -1.6 0     0.1 0    -0.6 0    -0.3 0   259.5 0   279.546 0   279.258 0   333.0 0   279.604 0   279.573 0     0.0 0     0.0 0     0.0 0   -73.5 0   -73.5 0     6.7 0    75.8 0     0.9 0    38.3 0   906.7 0
 2026   7  1  7  3  2  3.033 117.02    -1.6 0    -0.1 0    -0.5 0    -0.2 0   259.7 0   279.493 0   279.301 0   333.2 0   279.562 0   279.542 0     0.0 0     0.0 0     0.0 0   -73.5 0   -73.5 0     6.6 0    76.6 0     1.3 0    41.9 0   906.7 0
 2026   7  1  7  3  3  3.050 117.22    -1.5 0    -0.2 0    -0.6 0    -0.2 0   259.2 0   279.473 0   279.306 0   333.1 0   279.523 0   279.509 0     0.0 0     0.0 0     0.0 0   -73.9 0   -73.9 0     6.6 0    76.3 0     1.3 0    38.5 0   906.8 0
 2026   7  1  7  3  4  3.067 117.42    -1.4 0    -0.2 0    -0.7 0    -0.3 0   258.6 0   279.447 0   279.196 0   332.7 0   279.485 0   279.458 0     0.0 0     0.0 0     0.0 0   -74.1 0   -74.1 0     6.6 0    76.3 0     1.6 0    31.9 0   906.8 0
 2026   7  1  7  3  5  3.083 117.62    -1.5 0     0.0 0    -0.7 0    -0.3 0   258.6 0   279.397 0   279.124 0   332.4 0   279.440 0   279.398 0     0.0 0     0.0 0     0.0 0   -73.8 0   -73.8 0     6.4 0    76.9 0     1.3 0    32.5 0   906.8 0
 2026   7  1  7  3  6  3.100 117.82    -1.5 0     0.0 0    -0.6 0    -0.3 0   258.8 0   279.340 0   279.087 0   332.4 0   279.390 0   279.361 0     0.0 0     0.0 0     0.0 0   -73.6 0   -73.6 0     6.3 0    78.0 0     1.5 0    32.9 0   906.7 0
 2026   7  1  7  3  7  3.117 118.01    -1.6 0     0.0 0    -0.6 0    -0.2 0   259.1 0   279.294 0   279.073 0   332.5 0   279.338 0   279.314 0     0.0 0     0.0 0     0.0 0   -73.4 0   -73.4 0     6.1 0    78.9 0     1.4 0    40.3 0   906.7 0
 2026   7  1  7  3  8  3.133 118.21    -1.5 0     0.0 0    -0.6 0    -0.2 0   258.6 0   279.258 0   279.038 0   332.7 0   279.287 0   279.264 0     0.0 0     0.0 0     0.0 0   -74.2 0   -74.2 0     6.0 0    79.8 0     2.0 0    44.6 0   906.7 0
 2026   7  1  7  3  9  3.150 118.41    -1.4 0    -0.1 0    -0.7 0    -0.3 0   258.1 0   279.218 0   278.963 0   333.1 0   279.242 0   279.243 0     0.0 0     0.0 0     0.0 0   -74.9 0   -74.9 0     6.2 0    79.3 0     1.9 0    53.5 0   906.7 0
 2026   7  1  7  3 10  3.167 118.61    -1.5 0    -0.1 0    -0.7 0    -0.3 0   258.2 0   279.165 0   278.906 0   333.0 0   279.210 0   279.218 0     0.0 0     0.0 0     0.0 0   -74.8 0   -74.8 0     6.4 0    78.0 0     1.6 0    68.3 0   906.7 0
 2026   7  1  7  3 11  3.183 118.81    -1.6 0    -0.2 0    -0.6 0    -0.3 0   258.0 0   279.113 0   278.875 0   333.3 0   279.184 0   279.207 0     0.0 0     0.0 0     0.0 0   -75.3 0   -75.3 0     6.5 0    77.3 0     1.0 0    77.4 0   906.8 0
 2026   7  1  7  3 12  3.200 119.01    -1.7 0    -0.3 0    -0.6 0    -0.2 0   258.1 0   279.071 0   278.873 0   333.0 0   279.165 0   279.184 0     0.0 0     0.0 0     0.0 0   -74.9 0   -74.9 0     6.6 0    76.5 0     1.3 0    68.8 0   906.8 0
 2026   7  1  7  3 13  3.217 119.21    -1.9 0    -0.1 0    -0.6 0    -0.2 0   258.2 0   279.044 0   278.867 0   332.9 0   279.140 0   279.151 0     0.0 0     0.0 0     0.0 0   -74.7 0   -74.7 0     6.6 0    76.8 0     1.1 0    67.2 0   906.8 0
 2026   7  1  7  3 14  3.233 119.40    -2.1 0    -0.1 0    -0.5 0    -0.2 0   258.5 0   279.028 0   278.878 0   333.2 0   279.115 0   279.128 0     0.0 0     0.0 0     0.0 0   -74.7 0   -74.7 0     6.5 0    77.2 0     1.0 0    59.3 0   906.8 0
 2026   7  1  7  3 15  3.250 119.60    -2.1 0    -0.1 0    -0.5 0    -0.2 0   259.4 0   279.025 0   278.916 0   333.4 0   279.091 0   279.107 0     0.0 0     0.0 0     0.0 0   -74.0 0   -74.0 0     6.5 0    77.6 0     0.8 0    67.9 0   906.7 0
 2026   7  1  7  3 16  3.267 119.80    -2.2 0    -0.2 0    -0.5 0    -0.2 0   259.3 0   279.038 0   278.926 0   333.3 0   279.069 0   279.090 0     0.0 0     0.0 0     0.0 0   -74.0 0   -74.0 0     6.5 0    77.6 0     0.8 0    80.9 0   906.7 0
 2026   7  1  7  3 17  3.283 120.00    -2.1 0    -0.2 0    -0.5 0    -0.2 0   259.0 0   279.047 0   278.914 0   333.4 0   279.050 0   279.073 0     0.0 0     0.0 0     0.0 0   -74.4 0   -74.4 0     6.6 0    77.4 0     0.9 0    86.7 0   906.8 0
 2026   7  1  7  3 18  3.300 120.20    -2.0 0    -0.2 0    -0.5 0    -0.2 0   259.0 0   279.047 0   278.895 0   333.3 0   279.033 0   279.058 0     0.0 0     0.0 0     0.0 0   -74.3 0   -74.3 0     6.6 0    76.9 0     1.0 0    93.6 0   906.8 0
 2026   7  1  7  3 19  3.317 120.40    -2.0 0    -0.3 0    -0.5 0    -0.2 0   259.0 0   279.041 0   278.881 0   333.2 0   279.017 0   279.039 0     0.0 0     0.0 0     0.0 0   -74.2 0   -74.2 0     6.7 0    76.7 0     0.9 0    94.1 0   906.8 0
 2026   7  1  7  3 20  3.333 120.60    -2.0 0    -0.3 0    -0.5 0    -0.2 0   259.5 0   279.037 0   278.933 0   332.9 0   279.003 0   279.042 0     0.0 0     0.0 0     0.0 0   -73.4 0   -73.4 0     6.7 0    76.1 0     1.1 0    81.1 0   906.8 0
 2026   7  1  7  3 21  3.350 120.80    -2.2 0    -0.2 0    -0.4 0    -0.1 0   259.6 0   279.056 0   278.999 0   333.2 0   278.989 0   279.025 0     0.0 0     0.0 0     0.0 0   -73.6 0   -73.6 0     6.8 0    75.8 0     1.6 0    60.4 0   906.8 0
 2026   7  1  7  3 22  3.367 121.00    -2.4 0    -0.2 0    -0.4 0    -0.1 0   259.5 0   279.091 0   279.031 0   332.9 0   278.978 0   279.009 0     0.0 0     0.0 0     0.0 0   -73.4 0   -73.4 0     6.8 0    75.1 0     1.2 0    80.5 0   906.8 0
 2026   7  1  7  3 23  3.383 121.20    -2.4 0    -0.2 0    -0.4 0    -0.2 0   259.2 0   279.124 0   279.028 0   333.2 0   278.965 0   278.997 0     0.0 0     0.0 0     0.0 0   -73.9 0   -73.9 0     6.8 0    75.7 0     1.0 0    86.7 0   906.8 0
 2026   7  1  7  3 24  3.400 121.40    -2.3 0    -0.2 0    -0.5 0    -0.2 0   259.1 0   279.139 0   278.988 0   332.7 0   278.954 0   278.981 0     0.0 0     0.0 0     0.0 0   -73.6 0   -73.6 0     6.8 0    75.7 0     1.0 0   102.8 0   906.8 0
 2026   7  1  7  3 25  3.417 121.60    -2.3 0    -0.2 0    -0.5 0    -0.2 0   259.0 0   279.134 0   278.961 0   332.8 0   278.939 0   278.968 0     0.0 0     0.0 0     0.0 0   -73.8 0   -73.8 0     6.8 0    75.8 0     1.2 0   105.1 0   906.8 0
 2026   7  1  7  3 26  3.433 121.80    -2.4 0    -0.2 0    -0.5 0    -0.2 0   259.0 0   279.122 0   278.961 0   332.6 0   278.928 0   278.962 0     0.0 0     0.0 0     0.0 0   -73.6 0   -73.6 0     6.8 0    75.2 0     0.9 0   106.7 0   906.8 0
 2026   7  1  7  3 27  3.450 121.99    -2.3 0    -0.2 0    -0.5 0    -0.2 0   258.8 0   279.111 0   278.949 0   332.3 0   278.917 0   278.943 0     0.0 0     0.0 0     0.0 0   -73.6 0   -73.6 0     6.8 0    74.9 0     1.1 0   106.6 0   906.8 0
 2026   7  1  7  3 28  3.467 122.19    -2.1 0    -0.2 0    -0.6 0    -0.2 0   258.4 0   279.097 0   278.894 0   332.5 0   278.903 0   278.931 0     0.0 0     0.0 0     0.0 0   -74.0 0   -74.0 0     6.8 0    74.8 0     1.2 0   116.2 0   906.8 0
 2026   7  1  7  3 29  3.483 122.39    -1.9 0    -0.2 0    -0.6 0    -0.3 0   258.1 0   279.063 0   278.807 0   332.5 0   278.891 0   278.923 0     0.0 0     0.0 0     0.0 0   -74.4 0   -74.4 0     6.7 0    75.1 0     1.5 0   142.8 0   906.8 0
 2026   7  1  7  3 30  3.500 122.59    -1.8 0    -0.1 0    -0.6 0    -0.3 0   257.8 0   279.009 0   278.732 0   332.2 0   278.880 0   278.902 0     0.0 0     0.0 0     0.0 0   -74.4 0   -74.4 0     6.7 0    75.6 0     1.8 0   152.0 0   906.8 0
 2026   7  1  7  3 31  3.517 122.79    -1.6 0    -0.1 0    -0.7 0    -0.3 0   257.5 0   278.944 0   278.644 0   332.2 0   278.868 0   278.897 0     0.0 0     0.0 0     0.0 0   -74.8 0   -74.8 0     6.7 0    75.4 0     2.1 0   148.9 0   906.8 0
 2026   7  1  7  3 32  3.533 122.99    -1.6 0     0.0 0    -0.7 0    -0.3 0   257.1 0   278.871 0   278.562 0   332.0 0   278.857 0   278.875 0     0.0 0     0.0 0     0.0 0   -74.8 0   -74.8 0     6.7 0    75.9 0     2.6 0   148.2 0   906.8 0
 2026   7  1  7  3 33  3.550 123.19    -1.6 0     0.1 0    -0.7 0    -0.3 0   257.0 0   278.797 0   278.510 0   332.0 0   278.839 0   278.857 0     0.0 0     0.0 0     0.0 0   -75.0 0   -75.0 0     6.6 0    76.6 0     3.0 0   150.6 0   906.8 0
 2026   7  1  7  3 34  3.567 123.39    -1.6 0     0.1 0    -0.7 0    -0.3 0   257.1 0   278.730 0   278.460 0   332.0 0   278.824 0   278.838 0     0.0 0     0.0 0     0.0 0   -74.9 0   -74.9 0     6.5 0    77.0 0     3.2 0   146.2 0   906.8 0
 2026   7  1  7  3 35  3.583 123.59    -1.8 0    -0.1 0    -0.7 0    -0.2 0   257.1 0   278.676 0   278.456 0   333.0 0   278.811 0   278.856 0     0.0 0     0.0 0     0.0 0   -75.9 0   -75.9 0     6.5 0    77.1 0     3.0 0   145.5 0   906.8 0
 2026   7  1  7  3 36  3.600 123.79    -2.1 0    -0.4 0    -0.6 0    -0.2 0   258.3 0   278.636 0   278.456 0   333.3 0   278.823 0   278.882 0     0.0 0     0.0 0     0.0 0   -75.0 0   -75.0 0     6.8 0    75.5 0     2.8 0   140.6 0   906.8 0
 2026   7  1  7  3 37  3.617 123.99    -2.3 0    -0.1 0    -0.6 0    -0.1 0   257.8 0   278.618 0   278.478 0   332.2 0   278.831 0   278.847 0     0.0 0     0.0 0     0.0 0   -74.4 0   -74.4 0     6.8 0    75.5 0     2.0 0   167.5 0   906.8 0
 2026   7  1  7  3 38  3.633 124.19    -2.2 0     0.2 0    -0.6 0    -0.2 0   256.6 0   278.605 0   278.421 0   332.0 0   278.810 0   278.812 0     0.0 0     0.0 0     0.0 0   -75.4 0   -75.4 0     6.5 0    78.0 0     1.8 0   154.7 0   906.8 0
 2026   7  1  7  3 39  3.650 124.39    -2.1 0     0.2 0    -0.6 0    -0.2 0   257.1 0   278.581 0   278.386 0   331.9 0   278.786 0   278.798 0     0.0 0     0.0 0     0.0 0   -74.8 0   -74.8 0     6.3 0    79.0 0     1.4 0   149.2 0   906.8 0
 2026   7  1  7  3 40  3.667 124.59    -2.1 0     0.1 0    -0.6 0    -0.2 0   257.9 0   278.558 0   278.410 0   331.8 0   278.764 0   278.776 0     0.0 0     0.0 0     0.0 0   -73.9 0   -73.9 0     6.2 0    79.2 0     1.5 0   129.5 0   906.8 0
 2026   7  1  7  3 41  3.683 124.79    -2.3 0     0.0 0    -0.5 0    -0.2 0   258.0 0   278.553 0   278.435 0   331.8 0   278.743 0   278.759 0     0.0 0     0.0 0     0.0 0   -73.8 0   -73.8 0     6.2 0    79.5 0     1.8 0   130.9 0   906.8 0
 2026   7  1  7  3 42  3.700 124.99    -2.3 0     0.0 0    -0.5 0    -0.2 0   258.4 0   278.554 0   278.417 0   331.7 0   278.722 0   278.733 0     0.0 0     0.0 0     0.0 0   -73.3 0   -73.3 0     6.1 0    79.7 0     1.8 0   119.3 0   906.8 0
 2026   7  1  7  3 43  3.717 125.19    -2.3 0    -0.1 0    -0.5 0    -0.2 0   258.6 0   278.552 0   278.410 0   331.8 0   278.698 0   278.711 0     0.0 0     0.0 0     0.0 0   -73.2 0   -73.2 0     6.1 0    80.1 0     2.0 0   111.8 0   906.8 0
 2026   7  1  7  3 44  3.733 125.39    -2.3 0    -0.1 0    -0.4 0    -0.2 0   258.8 0   278.548 0   278.414 0   331.8 0   278.678 0   278.696 0     0.0 0     0.0 0     0.0 0   -73.0 0   -73.0 0     6.1 0    79.9 0     1.8 0   106.2 0   906.8 0
 2026   7  1  7  3 45  3.750 125.59    -2.3 0    -0.2 0    -0.4 0    -0.2 0   258.8 0   278.548 0   278.421 0   331.9 0   278.660 0   278.679 0     0.0 0     0.0 0     0.0 0   -73.1 0   -73.1 0     6.1 0    79.8 0     1.9 0   105.5 0   906.8 0
 2026   7  1  7  3 46  3.767 125.80    -2.2 0    -0.2 0    -0.4 0    -0.2 0   258.9 0   278.549 0   278.420 0   331.8 0   278.642 0   278.661 0     0.0 0     0.0 0     0.0 0   -72.8 0   -72.8 0     6.1 0    79.7 0     1.7 0   106.1 0   906.8 0
 2026   7  1  7  3 47  3.783 126.00    -2.2 0    -0.1 0    -0.5 0    -0.2 0   258.9 0   278.549 0   278.413 0   331.6 0   278.623 0   278.639 0     0.0 0     0.0 0     0.0 0   -72.7 0   -72.7 0     6.1 0    79.8 0     1.5 0   105.1 0   906.9 0
 2026   7  1  7  3 48  3.800 126.20    -2.2 0    -0.1 0    -0.5 0    -0.2 0   258.8 0   278.548 0   278.404 0   331.4 0   278.602 0   278.617 0     0.0 0     0.0 0     0.0 0   -72.6 0   -72.6 0     6.0 0    80.1 0     1.7 0   103.5 0   906.9 0
 2026   7  1  7  3 49  3.817 126.40    -2.1 0    -0.1 0    -0.5 0    -0.2 0   258.6 0   278.543 0   278.397 0   331.3 0   278.581 0   278.598 0     0.0 0     0.0 0     0.0 0   -72.8 0   -72.8 0     6.0 0    80.1 0     1.7 0    99.1 0   906.9 0
 2026   7  1  7  3 50  3.833 126.60    -2.1 0    -0.1 0    -0.5 0    -0.2 0   258.3 0   278.538 0   278.388 0   331.2 0   278.560 0   278.579 0     0.0 0     0.0 0     0.0 0   -72.9 0   -72.9 0     6.0 0    80.1 0     1.7 0   100.3 0   906.9 0
 2026   7  1  7  3 51  3.850 126.80    -2.1 0    -0.1 0    -0.4 0    -0.2 0   258.3 0   278.533 0   278.394 0   331.2 0   278.541 0   278.565 0     0.0 0     0.0 0     0.0 0   -72.9 0   -72.9 0     6.1 0    80.0 0     1.6 0    97.9 0   906.9 0
 2026   7  1  7  3 52  3.867 127.00    -2.2 0    -0.2 0    -0.4 0    -0.2 0   258.2 0   278.535 0   278.414 0   331.3 0   278.525 0   278.552 0     0.0 0     0.0 0     0.0 0   -73.0 0   -73.0 0     6.1 0    79.6 0     1.7 0    99.4 0   906.8 0
 2026   7  1  7  3 53  3.883 127.20    -2.2 0    -0.2 0    -0.4 0    -0.2 0   257.8 0   278.542 0   278.421 0   331.3 0   278.512 0   278.544 0     0.0 0     0.0 0     0.0 0   -73.5 0   -73.5 0     6.2 0    79.2 0     1.7 0    99.8 0   906.8 0
 2026   7  1  7  3 54  3.900 127.40    -2.3 0    -0.2 0    -0.4 0    -0.2 0   257.5 0   278.550 0   278.428 0   331.2 0   278.501 0   278.529 0     0.0 0     0.0 0     0.0 0   -73.7 0   -73.7 0     6.2 0    78.9 0     1.5 0    87.0 0   906.8 0
 2026   7  1  7  3 55  3.917 127.60    -2.3 0    -0.2 0    -0.4 0    -0.2 0   257.6 0   278.559 0   278.449 0   331.1 0   278.486 0   278.513 0     0.0 0     0.0 0     0.0 0   -73.5 0   -73.5 0     6.2 0    79.1 0     1.5 0    96.5 0   906.8 0
 2026   7  1  7  3 56  3.933 127.80    -2.3 0    -0.2 0    -0.4 0    -0.2 0   257.4 0   278.573 0   278.463 0   331.1 0   278.473 0   278.501 0     0.0 0     0.0 0     0.0 0   -73.7 0   -73.7 0     6.1 0    79.2 0     1.5 0    93.2 0   906.8 0
 2026   7  1  7  3 57  3.950 128.00    -2.3 0    -0.1 0    -0.4 0    -0.2 0   257.1 0   278.585 0   278.464 0   331.0 0   278.458 0   278.483 0     0.0 0     0.0 0     0.0 0   -73.9 0   -73.9 0     6.1 0    79.3 0     1.5 0    98.2 0   906.8 0
 2026   7  1  7  3 58  3.967 128.20    -2.3 0    -0.1 0    -0.5 0    -0.2 0   256.9 0   278.590 0   278.444 0   330.8 0   278.442 0   278.466 0     0.0 0     0.0 0     0.0 0   -74.0 0   -74.0 0     6.0 0    79.6 0     1.7 0   104.4 0   906.8 0
 2026   7  1  7  3 59  3.983 128.40    -2.1 0    -0.1 0    -0.5 0    -0.2 0   256.7 0   278.586 0   278.422 0   330.7 0   278.426 0   278.451 0     0.0 0     0.0 0     0.0 0   -74.0 0   -74.0 0     6.0 0    79.7 0     1.8 0   103.2 0   906.8 0
 2026   7  1  7  4  0  4.000 128.60    -2.1 0    -0.1 0    -0.5 0    -0.2 0   256.5 0   278.574 0   278.400 0   330.6 0   278.410 0   278.435 0     0.0 0     0.0 0     0.0 0   -74.1 0   -74.1 0     6.0 0    79.9 0     2.0 0   104.8 0   906.8 0
 2026   7  1  7  4  1  4.017 128.80    -2.1 0    -0.1 0    -0.4 0    -0.2 0   256.6 0   278.560 0   278.397 0   330.7 0   278.395 0   278.422 0     0.0 0     0.0 0     0.0 0   -74.0 0   -74.0 0     6.0 0    79.9 0     2.1 0    99.3 0   906.8 0
 2026   7  1  7  4  2  4.033 129.00    -2.1 0    -0.1 0    -0.4 0    -0.2 0   256.6 0   278.552 0   278.404 0   330.8 0   278.381 0   278.409 0     0.0 0     0.0 0     0.0 0   -74.2 0   -74.2 0     6.0 0    80.1 0     2.1 0   105.7 0   906.8 0
 2026   7  1  7  4  3  4.050 129.20    -2.0 0    -0.1 0    -0.5 0    -0.2 0   256.3 0   278.547 0   278.396 0   330.7 0   278.368 0   278.394 0     0.0 0     0.0 0     0.0 0   -74.5 0   -74.5 0     6.0 0    80.1 0     1.8 0   102.7 0   906.8 0
 2026   7  1  7  4  4  4.067 129.40    -2.0 0    -0.1 0    -0.5 0    -0.2 0   256.0 0   278.540 0   278.369 0   330.7 0   278.355 0   278.381 0     0.0 0     0.0 0     0.0 0   -74.7 0   -74.7 0     6.0 0    80.2 0     1.5 0    91.4 0   906.8 0
 2026   7  1  7  4  5  4.083 129.60    -2.1 0     0.0 0    -0.4 0    -0.2 0   256.1 0   278.528 0   278.380 0   330.6 0   278.340 0   278.365 0     0.0 0     0.0 0     0.0 0   -74.5 0   -74.5 0     5.9 0    80.3 0     1.2 0    80.4 0   906.8 0
 2026   7  1  7  4  6  4.100 129.81    -2.2 0     0.0 0    -0.4 0    -0.2 0   255.8 0   278.527 0   278.399 0   330.5 0   278.324 0   278.348 0     0.0 0     0.0 0     0.0 0   -74.7 0   -74.7 0     5.9 0    80.4 0     1.1 0    77.7 0   906.8 0
 2026   7  1  7  4  7  4.117 130.01    -2.2 0     0.0 0    -0.5 0    -0.2 0   255.8 0   278.532 0   278.406 0   330.4 0   278.306 0   278.325 0     0.0 0     0.0 0     0.0 0   -74.6 0   -74.6 0     5.8 0    80.7 0     1.0 0    55.8 0   906.8 0
 2026   7  1  7  4  8  4.133 130.21    -2.2 0     0.0 0    -0.5 0    -0.2 0   255.7 0   278.540 0   278.412 0   330.3 0   278.287 0   278.310 0     0.0 0     0.0 0     0.0 0   -74.5 0   -74.5 0     5.8 0    80.8 0     0.9 0    50.0 0   906.8 0
 2026   7  1  7  4  9  4.150 130.41    -2.2 0     0.0 0    -0.5 0    -0.2 0   255.5 0   278.547 0   278.419 0   330.3 0   278.269 0   278.291 0     0.0 0     0.0 0     0.0 0   -74.8 0   -74.8 0     5.8 0    80.8 0     1.0 0    68.6 0   906.8 0
 2026   7  1  7  4 10  4.167 130.61    -2.2 0     0.0 0    -0.4 0    -0.2 0   255.6 0   278.556 0   278.442 0   330.2 0   278.250 0   278.271 0     0.0 0     0.0 0     0.0 0   -74.6 0   -74.6 0     5.7 0    80.9 0     1.1 0    63.7 0   906.8 0
 2026   7  1  7  4 11  4.183 130.81    -2.3 0    -0.1 0    -0.4 0    -0.2 0   255.7 0   278.570 0   278.463 0   330.2 0   278.231 0   278.251 0     0.0 0     0.0 0     0.0 0   -74.5 0   -74.5 0     5.7 0    80.9 0     1.0 0    50.5 0   906.7 0
 2026   7  1  7  4 12  4.200 131.01    -2.3 0    -0.1 0    -0.4 0    -0.2 0   255.8 0   278.589 0   278.494 0   330.2 0   278.213 0   278.238 0     0.0 0     0.0 0     0.0 0   -74.4 0   -74.4 0     5.7 0    80.8 0     1.1 0    46.5 0   906.7 0
 2026   7  1  7  4 13  4.217 131.21    -2.4 0    -0.1 0    -0.4 0    -0.2 0   255.7 0   278.613 0   278.519 0   330.3 0   278.197 0   278.229 0     0.0 0     0.0 0     0.0 0   -74.6 0   -74.6 0     5.8 0    80.7 0     1.1 0    53.7 0   906.7 0
 2026   7  1  7  4 14  4.233 131.41    -2.4 0    -0.1 0    -0.4 0    -0.2 0   255.7 0   278.637 0   278.533 0   330.3 0   278.184 0   278.215 0     0.0 0     0.0 0     0.0 0   -74.6 0   -74.6 0     5.8 0    80.4 0     1.3 0    72.7 0   906.7 0
 2026   7  1  7  4 15  4.250 131.61    -2.4 0    -0.2 0    -0.4 0    -0.2 0   255.8 0   278.654 0   278.532 0   330.5 0   278.172 0   278.209 0     0.0 0     0.0 0     0.0 0   -74.7 0   -74.7 0     5.8 0    80.0 0     1.6 0    83.1 0   906.6 0
 2026   7  1  7  4 16  4.267 131.81    -2.4 0    -0.2 0    -0.5 0    -0.2 0   256.1 0   278.665 0   278.550 0   330.4 0   278.163 0   278.203 0     0.0 0     0.0 0     0.0 0   -74.3 0   -74.3 0     5.9 0    79.5 0     1.2 0    79.8 0   906.6 0
 2026   7  1  7  4 17  4.283 132.01    -2.4 0    -0.3 0    -0.5 0    -0.2 0   256.2 0   278.677 0   278.558 0   330.7 0   278.159 0   278.212 0     0.0 0     0.0 0     0.0 0   -74.5 0   -74.5 0     6.0 0    78.6 0     1.6 0    84.1 0   906.6 0
 2026   7  1  7  4 18  4.300 132.21    -2.4 0    -0.3 0    -0.5 0    -0.2 0   255.6 0   278.685 0   278.550 0   330.9 0   278.163 0   278.227 0     0.0 0     0.0 0     0.0 0   -75.3 0   -75.3 0     6.2 0    77.5 0     1.7 0    99.0 0   906.7 0
 2026   7  1  7  4 19  4.317 132.41    -2.3 0    -0.3 0    -0.6 0    -0.2 0   255.3 0   278.682 0   278.510 0   330.6 0   278.173 0   278.235 0     0.0 0     0.0 0     0.0 0   -75.3 0   -75.3 0     6.3 0    76.2 0     1.0 0    80.7 0   906.7 0
 2026   7  1  7  4 20  4.333 132.61    -2.3 0    -0.2 0    -0.5 0    -0.2 0   256.0 0   278.673 0   278.528 0   330.9 0   278.179 0   278.253 0     0.0 0     0.0 0     0.0 0   -74.9 0   -74.9 0     6.4 0    76.0 0     0.6 0    58.7 0   906.7 0
 2026   7  1  7  4 21  4.350 132.81    -2.3 0    -0.2 0    -0.5 0    -0.2 0   255.4 0   278.670 0   278.512 0   330.6 0   278.189 0   278.272 0     0.0 0     0.0 0     0.0 0   -75.2 0   -75.2 0     6.4 0    75.1 0     0.6 0    43.9 0   906.7 0
 2026   7  1  7  4 22  4.367 133.01    -2.1 0     0.0 0    -0.5 0    -0.3 0   255.1 0   278.660 0   278.455 0   330.3 0   278.191 0   278.242 0     0.0 0     0.0 0     0.0 0   -75.2 0   -75.2 0     6.4 0    75.1 0     0.7 0    30.6 0   906.7 0
 2026   7  1  7  4 23  4.383 133.21    -1.9 0     0.1 0    -0.5 0    -0.3 0   254.7 0   278.634 0   278.412 0   330.1 0   278.184 0   278.229 0     0.0 0     0.0 0     0.0 0   -75.4 0   -75.4 0     6.3 0    75.2 0     1.5 0    36.8 0   906.7 0
 2026   7  1  7  4 24  4.400 133.41    -2.0 0     0.0 0    -0.5 0    -0.3 0   255.3 0   278.602 0   278.389 0   330.0 0   278.178 0   278.229 0     0.0 0     0.0 0     0.0 0   -74.7 0   -74.7 0     6.3 0    75.0 0     1.9 0    31.7 0   906.7 0
 2026   7  1  7  4 25  4.417 133.61    -2.3 0    -0.1 0    -0.4 0    -0.2 0   255.7 0   278.583 0   278.454 0   330.0 0   278.175 0   278.237 0     0.0 0     0.0 0     0.0 0   -74.3 0   -74.3 0     6.3 0    74.9 0     1.6 0    26.0 0   906.7 0
 2026   7  1  7  4 26  4.433 133.81    -2.5 0    -0.2 0    -0.3 0    -0.1 0   256.5 0   278.592 0   278.534 0   330.2 0   278.180 0   278.267 0     0.0 0     0.0 0     0.0 0   -73.8 0   -73.8 0     6.4 0    74.5 0     1.2 0    31.0 0   906.7 0
 2026   7  1  7  4 27  4.450 134.01    -2.6 0    -0.3 0    -0.3 0    -0.1 0   257.0 0   278.638 0   278.654 0   330.2 0   278.192 0   278.278 0     0.0 0     0.0 0     0.0 0   -73.2 0   -73.2 0     6.5 0    73.8 0     0.8 0    51.6 0   906.7 0
 2026   7  1  7  4 28  4.467 134.21    -2.6 0    -0.2 0    -0.4 0    -0.1 0   256.9 0   278.705 0   278.688 0   330.6 0   278.205 0   278.280 0     0.0 0     0.0 0     0.0 0   -73.8 0   -73.8 0     6.6 0    73.4 0     1.1 0    56.0 0   906.7 0
 2026   7  1  7  4 29  4.483 134.41    -2.6 0    -0.2 0    -0.4 0    -0.1 0   256.9 0   278.758 0   278.702 0   330.8 0   278.221 0   278.306 0     0.0 0     0.0 0     0.0 0   -73.9 0   -73.9 0     6.8 0    73.2 0     0.8 0    96.6 0   906.7 0
 2026   7  1  7  4 30  4.500 134.61    -3.0 0    -0.1 0    -0.3 0    -0.1 0   257.1 0   278.803 0   278.774 0   330.6 0   278.234 0   278.304 0     0.0 0     0.0 0     0.0 0   -73.4 0   -73.4 0     6.8 0    72.8 0     0.5 0    59.3 0   906.7 0
 2026   7  1  7  4 31  4.517 134.81    -3.1 0     0.0 0    -0.4 0    -0.1 0   257.3 0   278.855 0   278.833 0   330.3 0   278.243 0   278.310 0     0.0 0     0.0 0     0.0 0   -73.1 0   -73.1 0     6.9 0    72.4 0     0.8 0    89.0 0   906.7 0
 2026   7  1  7  4 32  4.533 135.01    -3.0 0     0.0 0    -0.4 0    -0.1 0   257.1 0   278.910 0   278.882 0   330.5 0   278.250 0   278.316 0     0.0 0     0.0 0     0.0 0   -73.4 0   -73.4 0     6.9 0    72.7 0     1.1 0   116.4 0   906.6 0
 2026   7  1  7  4 33  4.550 135.21    -2.9 0     0.0 0    -0.4 0    -0.1 0   257.2 0   278.956 0   278.900 0   330.4 0   278.260 0   278.324 0     0.0 0     0.0 0     0.0 0   -73.3 0   -73.3 0     6.9 0    72.9 0     1.0 0   134.4 0   906.6 0
 2026   7  1  7  4 34  4.567 135.41    -2.9 0     0.0 0    -0.4 0    -0.2 0   256.8 0   278.992 0   278.904 0   330.2 0   278.267 0   278.323 0     0.0 0     0.0 0     0.0 0   -73.4 0   -73.4 0     6.9 0    73.0 0     1.0 0   123.3 0   906.6 0
 2026   7  1  7  4 35  4.583 135.61    -2.8 0     0.0 0    -0.4 0    -0.2 0   256.6 0   279.013 0   278.891 0   330.4 0   278.274 0   278.336 0     0.0 0     0.0 0     0.0 0   -73.8 0   -73.8 0     6.9 0    73.1 0     1.2 0   122.6 0   906.7 0
 2026   7  1  7  4 36  4.600 135.81    -2.6 0     0.0 0    -0.4 0    -0.2 0   255.7 0   279.019 0   278.841 0   330.2 0   278.281 0   278.337 0     0.0 0     0.0 0     0.0 0   -74.5 0   -74.5 0     6.9 0    73.1 0     1.2 0   117.0 0   906.7 0
 2026   7  1  7  4 37  4.617 136.01    -2.2 0     0.0 0    -0.4 0    -0.3 0   255.4 0   279.002 0   278.795 0   329.9 0   278.286 0   278.340 0     0.0 0     0.0 0     0.0 0   -74.6 0   -74.6 0     6.8 0    73.2 0     0.5 0   106.8 0   906.7 0
 2026   7  1  7  4 38  4.633 136.21    -2.2 0     0.1 0    -0.4 0    -0.3 0   255.1 0   278.980 0   278.775 0   329.5 0   278.285 0   278.325 0     0.0 0     0.0 0     0.0 0   -74.4 0   -74.4 0     6.7 0    72.8 0     0.7 0   345.7 0   906.7 0
 2026   7  1  7  4 39  4.650 136.41    -2.0 0     0.1 0    -0.5 0    -0.3 0   255.0 0   278.948 0   278.701 0   329.7 0   278.278 0   278.330 0     0.0 0     0.0 0     0.0 0   -74.7 0   -74.7 0     6.6 0    73.7 0     0.9 0   346.6 0   906.7 0
 2026   7  1  7  4 40  4.667 136.61    -1.9 0     0.1 0    -0.5 0    -0.3 0   255.0 0   278.907 0   278.665 0   329.4 0   278.274 0   278.324 0     0.0 0     0.0 0     0.0 0   -74.4 0   -74.4 0     6.5 0    73.9 0     0.7 0   345.4 0   906.7 0
 2026   7  1  7  4 41  4.683 136.81    -1.9 0     0.1 0    -0.5 0    -0.3 0   255.1 0   278.867 0   278.635 0   329.8 0   278.269 0   278.325 0     0.0 0     0.0 0     0.0 0   -74.7 0   -74.7 0     6.4 0    74.6 0     0.5 0   355.5 0   906.6 0
 2026   7  1  7  4 42  4.700 137.01    -1.7 0    -0.1 0    -0.5 0    -0.3 0   255.5 0   278.825 0   278.595 0   329.7 0   278.268 0   278.328 0     0.0 0     0.0 0     0.0 0   -74.2 0   -74.2 0     6.5 0    74.6 0     0.4 0    38.8 0   906.6 0
 2026   7  1  7  4 43  4.717 137.21    -1.7 0    -0.1 0    -0.5 0    -0.2 0   255.4 0   278.794 0   278.620 0   329.6 0   278.267 0   278.318 0     0.0 0     0.0 0     0.0 0   -74.2 0   -74.2 0     6.5 0    73.7 0     0.2 0    27.9 0   906.6 0
 2026   7  1  7  4 44  4.733 137.41    -1.8 0    -0.1 0    -0.5 0    -0.2 0   255.0 0   278.776 0   278.576 0   329.7 0   278.264 0   278.323 0     0.0 0     0.0 0     0.0 0   -74.6 0   -74.6 0     6.5 0    73.4 0     0.5 0    24.2 0   906.6 0
 2026   7  1  7  4 45  4.750 137.61    -1.9 0    -0.1 0    -0.5 0    -0.2 0   255.4 0   278.753 0   278.586 0   329.4 0   278.263 0   278.322 0     0.0 0     0.0 0     0.0 0   -74.0 0   -74.0 0     6.5 0    73.2 0     0.1 0    14.7 0   906.6 0
 2026   7  1  7  4 46  4.767 137.81    -2.1 0    -0.1 0    -0.4 0    -0.2 0   255.6 0   278.745 0   278.618 0   329.3 0   278.260 0   278.322 0     0.0 0     0.0 0     0.0 0   -73.7 0   -73.7 0     6.5 0    73.5 0 -9999.9 1 -9999.9 1   906.6 0
 2026   7  1  7  4 47  4.783 138.01    -2.2 0     0.0 0    -0.5 0    -0.2 0   255.6 0   278.750 0   278.619 0   328.8 0   278.255 0   278.300 0     0.0 0     0.0 0     0.0 0   -73.2 0   -73.2 0     6.4 0    73.2 0     0.3 0    43.7 0   906.6 0
 2026   7  1  7  4 48  4.800 138.21    -2.5 0     0.1 0    -0.4 0    -0.1 0   256.2 0   278.762 0   278.691 0   329.1 0   278.243 0   278.286 0     0.0 0     0.0 0     0.0 0   -72.9 0   -72.9 0     6.4 0    73.4 0     0.0 0    39.5 0   906.6 0
 2026   7  1  7  4 49  4.817 138.41    -2.2 0     0.0 0    -0.5 0    -0.2 0   255.5 0   278.787 0   278.663 0   329.0 0   278.232 0   278.284 0     0.0 0     0.0 0     0.0 0   -73.5 0   -73.5 0     6.4 0    73.8 0     0.1 0    51.0 0   906.7 0
 2026   7  1  7  4 50  4.833 138.61    -2.2 0     0.0 0    -0.5 0    -0.2 0   255.6 0   278.795 0   278.650 0   329.1 0   278.224 0   278.272 0     0.0 0     0.0 0     0.0 0   -73.5 0   -73.5 0     6.3 0    74.1 0     0.2 0   114.2 0   906.7 0
 2026   7  1  7  4 51  4.850 138.80    -2.2 0     0.0 0    -0.5 0    -0.2 0   255.4 0   278.791 0   278.635 0   329.1 0   278.214 0   278.259 0     0.0 0     0.0 0     0.0 0   -73.7 0   -73.7 0     6.3 0    74.9 0     0.7 0   100.1 0   906.6 0
 2026   7  1  7  4 52  4.867 139.00    -2.2 0     0.0 0    -0.5 0    -0.2 0   255.4 0   278.783 0   278.635 0   329.1 0   278.203 0   278.249 0     0.0 0     0.0 0     0.0 0   -73.7 0   -73.7 0     6.3 0    75.3 0     0.7 0    90.7 0   906.6 0
 2026   7  1  7  4 53  4.883 139.20    -2.1 0     0.0 0    -0.5 0    -0.2 0   255.5 0   278.778 0   278.632 0   329.3 0   278.193 0   278.242 0     0.0 0     0.0 0     0.0 0   -73.8 0   -73.8 0     6.3 0    75.4 0     0.9 0    79.8 0   906.6 0
 2026   7  1  7  4 54  4.900 139.40    -2.1 0     0.0 0    -0.5 0    -0.2 0   255.6 0   278.781 0   278.662 0   329.2 0   278.186 0   278.235 0     0.0 0     0.0 0     0.0 0   -73.6 0   -73.6 0     6.3 0    75.3 0     0.7 0    59.9 0   906.6 0
 2026   7  1  7  4 55  4.917 139.60    -2.3 0     0.0 0    -0.5 0    -0.2 0   255.8 0   278.793 0   278.699 0   329.2 0   278.179 0   278.229 0     0.0 0     0.0 0     0.0 0   -73.4 0   -73.4 0     6.4 0    75.2 0     0.8 0    69.2 0   906.6 0
 2026   7  1  7  4 56  4.933 139.80    -2.3 0     0.0 0    -0.5 0    -0.2 0   255.5 0   278.818 0   278.727 0   329.0 0   278.174 0   278.226 0     0.0 0     0.0 0     0.0 0   -73.5 0   -73.5 0     6.4 0    74.9 0     1.0 0    60.8 0   906.6 0
 2026   7  1  7  4 57  4.950 140.00    -2.0 0    -0.1 0    -0.5 0    -0.2 0   254.7 0   278.833 0   278.655 0   329.2 0   278.170 0   278.229 0     0.0 0     0.0 0     0.0 0   -74.5 0   -74.5 0     6.4 0    74.7 0     1.4 0    48.3 0   906.6 0
 2026   7  1  7  4 58  4.967 140.19    -1.9 0    -0.2 0    -0.5 0    -0.3 0   254.3 0   278.817 0   278.598 0   329.2 0   278.172 0   278.236 0     0.0 0     0.0 0     0.0 0   -74.9 0   -74.9 0     6.5 0    74.2 0     1.4 0    35.7 0   906.6 0
 2026   7  1  7  4 59  4.983 140.39    -2.0 0    -0.1 0    -0.5 0    -0.3 0   254.5 0   278.785 0   278.560 0   328.9 0   278.173 0   278.225 0     0.0 0     0.0 0     0.0 0   -74.4 0   -74.4 0     6.4 0    73.1 0     1.9 0    26.5 0   906.6 0
 2026   7  1  7  5  0  5.000 140.59    -2.1 0    -0.1 0    -0.5 0    -0.2 0   254.7 0   278.757 0   278.578 0   329.2 0   278.169 0   278.229 0     0.0 0     0.0 0     0.0 0   -74.6 0   -74.6 0     6.3 0    74.0 0     2.0 0    25.7 0   906.6 0
 2026   7  1  7  5  1  5.017 140.79    -2.2 0    -0.3 0    -0.4 0    -0.2 0   254.9 0   278.740 0   278.560 0   329.3 0   278.170 0   278.241 0     0.0 0     0.0 0     0.0 0   -74.4 0   -74.4 0     6.3 0    74.3 0     1.8 0    34.9 0   906.5 0
 2026   7  1  7  5  2  5.033 140.99    -2.3 0    -0.3 0    -0.4 0    -0.2 0   254.9 0   278.729 0   278.572 0   329.1 0   278.175 0   278.231 0     0.0 0     0.0 0     0.0 0   -74.2 0   -74.2 0     6.4 0    74.0 0     1.7 0    37.6 0   906.5 0
 2026   7  1  7  5  3  5.050 141.18    -2.2 0    -0.3 0    -0.5 0    -0.2 0   254.7 0   278.721 0   278.534 0   329.4 0   278.180 0   278.247 0     0.0 0     0.0 0     0.0 0   -74.7 0   -74.7 0     6.4 0    73.8 0     1.9 0    26.7 0   906.5 0
 2026   7  1  7  5  4  5.067 141.38    -2.1 0    -0.4 0    -0.5 0    -0.3 0   254.6 0   278.702 0   278.490 0   329.7 0   278.191 0   278.280 0     0.0 0     0.0 0     0.0 0   -75.1 0   -75.1 0     6.5 0    73.7 0     1.9 0    22.8 0   906.5 0
 2026   7  1  7  5  5  5.083 141.58    -2.2 0    -0.4 0    -0.5 0    -0.3 0   254.6 0   278.676 0   278.472 0   329.4 0   278.206 0   278.288 0     0.0 0     0.0 0     0.0 0   -74.8 0   -74.8 0     6.5 0    72.9 0     1.8 0    17.6 0   906.5 0
 2026   7  1  7  5  6  5.100 141.78    -2.1 0    -0.3 0    -0.5 0    -0.2 0   254.6 0   278.652 0   278.463 0   329.0 0   278.217 0   278.296 0     0.0 0     0.0 0     0.0 0   -74.4 0   -74.4 0     6.5 0    72.7 0     1.6 0    20.1 0   906.5 0
 2026   7  1  7  5  7  5.117 141.97    -2.1 0    -0.2 0    -0.5 0    -0.2 0   254.6 0   278.632 0   278.440 0   329.3 0   278.222 0   278.293 0     0.0 0     0.0 0     0.0 0   -74.7 0   -74.7 0     6.5 0    73.3 0     1.5 0    16.9 0   906.5 0
 2026   7  1  7  5  8  5.133 142.17    -2.2 0    -0.3 0    -0.5 0    -0.2 0   254.9 0   278.611 0   278.427 0   329.5 0   278.231 0   278.319 0     0.0 0     0.0 0     0.0 0   -74.6 0   -74.6 0     6.6 0    73.3 0     1.5 0    17.7 0   906.5 0
 2026   7  1  7  5  9  5.150 142.37    -2.2 0    -0.4 0    -0.4 0    -0.2 0   255.3 0   278.599 0   278.455 0   329.5 0   278.242 0   278.332 0     0.0 0     0.0 0     0.0 0   -74.1 0   -74.1 0     6.6 0    72.7 0     1.4 0    18.8 0   906.5 0
 2026   7  1  7  5 10  5.167 142.56    -2.3 0    -0.3 0    -0.4 0    -0.2 0   255.7 0   278.599 0   278.465 0   329.4 0   278.254 0   278.340 0     0.0 0     0.0 0     0.0 0   -73.7 0   -73.7 0     6.7 0    72.6 0     1.2 0    30.5 0   906.5 0
 2026   7  1  7  5 11  5.183 142.76    -2.4 0    -0.3 0    -0.4 0    -0.2 0   255.6 0   278.604 0   278.479 0   329.5 0   278.266 0   278.343 0     0.0 0     0.0 0     0.0 0   -73.9 0   -73.9 0     6.8 0    72.3 0     1.0 0    29.9 0   906.5 0
 2026   7  1  7  5 12  5.200 142.96    -2.5 0    -0.2 0    -0.4 0    -0.1 0   256.3 0   278.617 0   278.553 0   329.6 0   278.276 0   278.344 0     0.0 0     0.0 0     0.0 0   -73.2 0   -73.2 0     6.8 0    72.2 0     0.8 0    51.0 0   906.5 0
 2026   7  1  7  5 13  5.217 143.15    -2.3 0    -0.2 0    -0.4 0    -0.1 0   256.4 0   278.657 0   278.610 0   329.5 0   278.287 0   278.349 0     0.0 0     0.0 0     0.0 0   -73.1 0   -73.1 0     6.9 0    71.9 0     0.9 0    64.2 0   906.5 0
 2026   7  1  7  5 14  5.233 143.35    -2.3 0    -0.1 0    -0.4 0    -0.2 0   256.4 0   278.694 0   278.603 0   329.5 0   278.297 0   278.361 0     0.0 0     0.0 0     0.0 0   -73.1 0   -73.1 0     7.0 0    71.6 0     0.9 0    70.3 0   906.5 0
 2026   7  1  7  5 15  5.250 143.55    -2.3 0    -0.2 0    -0.4 0    -0.1 0   256.8 0   278.725 0   278.680 0   329.5 0   278.309 0   278.375 0     0.0 0     0.0 0     0.0 0   -72.7 0   -72.7 0     7.0 0    71.3 0     0.7 0    61.7 0   906.5 0
 2026   7  1  7  5 16  5.267 143.74    -2.3 0    -0.2 0    -0.4 0    -0.1 0   256.8 0   278.772 0   278.725 0   329.4 0   278.319 0   278.381 0     0.0 0     0.0 0     0.0 0   -72.7 0   -72.7 0     7.1 0    71.1 0     0.6 0    68.7 0   906.5 0
 2026   7  1  7  5 17  5.283 143.94    -2.3 0    -0.1 0    -0.3 0    -0.1 0   257.0 0   278.819 0   278.789 0   329.3 0   278.326 0   278.374 0     0.0 0     0.0 0     0.0 0   -72.3 0   -72.3 0     7.1 0    70.8 0     0.7 0    49.9 0   906.5 0
 2026   7  1  7  5 18  5.300 144.14    -2.3 0    -0.1 0    -0.3 0    -0.2 0   256.1 0   278.871 0   278.801 0   328.8 0   278.332 0   278.388 0     0.0 0     0.0 0     0.0 0   -72.7 0   -72.7 0     7.1 0    70.5 0     1.2 0    44.9 0   906.5 0
 2026   7  1  7  5 19  5.317 144.33    -2.2 0    -0.1 0    -0.4 0    -0.2 0   255.2 0   278.898 0   278.707 0   328.5 0   278.336 0   278.389 0     0.0 0     0.0 0     0.0 0   -73.2 0   -73.2 0     7.0 0    70.7 0     1.1 0    23.9 0   906.6 0
 2026   7  1  7  5 20  5.333 144.53    -1.9 0     0.0 0    -0.5 0    -0.3 0   254.9 0   278.878 0   278.610 0   328.4 0   278.336 0   278.376 0     0.0 0     0.0 0     0.0 0   -73.4 0   -73.4 0     6.8 0    70.9 0     1.3 0   357.9 0   906.6 0
 2026   7  1  7  5 21  5.350 144.72    -1.8 0    -0.1 0    -0.5 0    -0.3 0   254.6 0   278.830 0   278.532 0   328.5 0   278.335 0   278.382 0     0.0 0     0.0 0     0.0 0   -73.9 0   -73.9 0     6.7 0    71.9 0     1.3 0   348.2 0   906.6 0
 2026   7  1  7  5 22  5.367 144.92    -1.6 0    -0.2 0    -0.5 0    -0.4 0   254.6 0   278.765 0   278.448 0   328.4 0   278.342 0   278.395 0     0.0 0     0.0 0     0.0 0   -73.8 0   -73.8 0     6.8 0    71.5 0     1.0 0   335.6 0   906.6 0
 2026   7  1  7  5 23  5.383 145.11    -1.5 0    -0.2 0    -0.6 0    -0.3 0   254.6 0   278.690 0   278.370 0   328.4 0   278.348 0   278.397 0     0.0 0     0.0 0     0.0 0   -73.7 0   -73.7 0     6.8 0    71.3 0     0.9 0   326.7 0   906.6 0
 2026   7  1  7  5 24  5.400 145.31    -1.4 0    -0.3 0    -0.6 0    -0.3 0   254.1 0   278.615 0   278.310 0   328.1 0   278.352 0   278.401 0     0.0 0     0.0 0     0.0 0   -74.0 0   -74.0 0     6.8 0    70.9 0     0.8 0   324.8 0   906.6 0
 2026   7  1  7  5 25  5.417 145.50    -1.4 0    -0.3 0    -0.6 0    -0.3 0   253.7 0   278.539 0   278.227 0   327.6 0   278.351 0   278.382 0     0.0 0     0.0 0     0.0 0   -73.9 0   -73.9 0     6.7 0    70.4 0     1.2 0   351.2 0   906.6 0
 2026   7  1  7  5 26  5.433 145.69    -1.3 0    -0.2 0    -0.7 0    -0.3 0   253.8 0   278.459 0   278.126 0   327.4 0   278.341 0   278.367 0     0.0 0     0.0 0     0.0 0   -73.7 0   -73.7 0     6.5 0    70.8 0     1.6 0   359.9 0   906.6 0
 2026   7  1  7  5 27  5.450 145.89    -1.3 0    -0.3 0    -0.7 0    -0.3 0   254.3 0   278.376 0   278.084 0   327.9 0   278.330 0   278.383 0     0.0 0     0.0 0     0.0 0   -73.6 0   -73.6 0     6.4 0    72.1 0     1.4 0   358.3 0   906.6 0
 2026   7  1  7  5 28  5.467 146.08    -1.4 0    -0.4 0    -0.7 0    -0.3 0   254.6 0   278.306 0   278.031 0   328.0 0   278.331 0   278.389 0     0.0 0     0.0 0     0.0 0   -73.4 0   -73.4 0     6.5 0    71.8 0     1.1 0   354.6 0   906.6 0
 2026   7  1  7  5 29  5.483 146.28    -1.5 0    -0.5 0    -0.6 0    -0.2 0   255.3 0   278.247 0   278.026 0   328.3 0   278.336 0   278.400 0     0.0 0     0.0 0     0.0 0   -73.0 0   -73.0 0     6.6 0    71.0 0     1.0 0     0.9 0   906.6 0
 2026   7  1  7  5 30  5.500 146.47    -1.6 0    -0.5 0    -0.6 0    -0.2 0   255.6 0   278.211 0   278.038 0   328.0 0   278.340 0   278.394 0     0.0 0     0.0 0     0.0 0   -72.4 0   -72.4 0     6.7 0    71.0 0     0.4 0   349.1 0   906.6 0
 2026   7  1  7  5 31  5.517 146.66    -1.6 0    -0.3 0    -0.6 0    -0.2 0   255.8 0   278.192 0   278.040 0   326.8 0   278.342 0   278.391 0     0.0 0     0.0 0     0.0 0   -71.0 0   -71.0 0     6.7 0    70.5 0     0.4 0   350.3 0   906.6 0
 2026   7  1  7  5 32  5.533 146.86    -1.5 0     0.0 0    -0.6 0    -0.2 0   255.0 0   278.178 0   277.990 0   325.9 0   278.330 0   278.331 0     0.0 0     0.0 0     0.0 0   -70.9 0   -70.9 0     6.6 0    70.0 0     0.3 0   158.7 0   906.6 0
 2026   7  1  7  5 33  5.550 147.05    -1.1 0     0.3 0    -0.7 0    -0.3 0   253.2 0   278.139 0   277.820 0   325.5 0   278.294 0   278.267 0     0.0 0     0.0 0     0.0 0   -72.3 0   -72.3 0     6.2 0    71.8 0     0.5 0   122.5 0   906.6 0
 2026   7  1  7  5 34  5.567 147.24    -0.9 0     0.2 0    -0.7 0    -0.4 0   252.8 0   278.054 0   277.684 0   325.3 0   278.250 0   278.219 0     0.0 0     0.0 0     0.0 0   -72.5 0   -72.5 0     5.8 0    73.6 0     0.5 0    76.7 0   906.6 0
 2026   7  1  7  5 35  5.583 147.44    -0.9 0     0.1 0    -0.8 0    -0.3 0   253.0 0   277.951 0   277.600 0   325.2 0   278.204 0   278.176 0     0.0 0     0.0 0     0.0 0   -72.2 0   -72.2 0     5.4 0    75.4 0     0.4 0    65.1 0   906.6 0
 2026   7  1  7  5 36  5.600 147.63    -1.0 0    -0.2 0    -0.8 0    -0.3 0   252.7 0   277.853 0   277.527 0   325.1 0   278.160 0   278.143 0     0.0 0     0.0 0     0.0 0   -72.4 0   -72.4 0     5.1 0    76.9 0     0.0 0    63.4 0   906.6 0
 2026   7  1  7  5 37  5.617 147.82    -0.9 0    -0.3 0    -0.8 0    -0.3 0   252.2 0   277.763 0   277.450 0   324.9 0   278.118 0   278.103 0     0.0 0     0.0 0     0.0 0   -72.7 0   -72.7 0     5.0 0    78.2 0     0.3 0   167.9 0   906.6 0
 2026   7  1  7  5 38  5.633 148.01    -1.0 0    -0.3 0    -0.8 0    -0.3 0   252.2 0   277.680 0   277.397 0   324.9 0   278.076 0   278.064 0     0.0 0     0.0 0     0.0 0   -72.8 0   -72.8 0     4.9 0    79.5 0     0.5 0   180.6 0   906.6 0
 2026   7  1  7  5 39  5.650 148.20    -1.1 0    -0.4 0    -0.8 0    -0.2 0   252.1 0   277.607 0   277.324 0   324.9 0   278.032 0   278.025 0     0.0 0     0.0 0     0.0 0   -72.8 0   -72.8 0     4.8 0    81.5 0     0.8 0   188.9 0   906.6 0
 2026   7  1  7  5 40  5.667 148.39    -1.2 0    -0.3 0    -0.8 0    -0.2 0   252.0 0   277.533 0   277.259 0   324.7 0   277.988 0   277.984 0     0.0 0     0.0 0     0.0 0   -72.7 0   -72.7 0     4.7 0    82.6 0     0.8 0   197.9 0   906.6 0
 2026   7  1  7  5 41  5.683 148.58    -1.2 0    -0.2 0    -0.8 0    -0.2 0   251.7 0   277.466 0   277.211 0   324.6 0   277.941 0   277.940 0     0.0 0     0.0 0     0.0 0   -72.9 0   -72.9 0     4.6 0    83.2 0     0.8 0   210.9 0   906.6 0
 2026   7  1  7  5 42  5.700 148.78    -1.2 0    -0.2 0    -0.8 0    -0.2 0   251.7 0   277.407 0   277.173 0   324.5 0   277.895 0   277.894 0     0.0 0     0.0 0     0.0 0   -72.8 0   -72.8 0     4.5 0    84.0 0     0.8 0   220.7 0   906.6 0
 2026   7  1  7  5 43  5.717 148.97    -1.4 0    -0.2 0    -0.8 0    -0.2 0   252.1 0   277.360 0   277.157 0   324.4 0   277.849 0   277.850 0     0.0 0     0.0 0     0.0 0   -72.3 0   -72.3 0     4.5 0    84.4 0     0.7 0   218.7 0   906.6 0
 2026   7  1  7  5 44  5.733 149.16    -1.6 0    -0.3 0    -0.8 0    -0.2 0   252.2 0   277.325 0   277.127 0   324.6 0   277.804 0   277.806 0     0.0 0     0.0 0     0.0 0   -72.4 0   -72.4 0     4.4 0    85.2 0     0.6 0   201.6 0   906.6 0
 2026   7  1  7  5 45  5.750 149.35    -1.5 0    -0.4 0    -0.8 0    -0.2 0   252.4 0   277.291 0   277.084 0   324.7 0   277.762 0   277.766 0     0.0 0     0.0 0     0.0 0   -72.3 0   -72.3 0     4.4 0    85.5 0     0.5 0   187.1 0   906.5 0
 2026   7  1  7  5 46  5.767 149.54    -1.4 0    -0.5 0    -0.8 0    -0.2 0   252.4 0   277.256 0   277.057 0   325.4 0   277.726 0   277.751 0     0.0 0     0.0 0     0.0 0   -73.0 0   -73.0 0     4.4 0    84.9 0 -9999.9 1 -9999.9 1   906.5 0
 2026   7  1  7  5 47  5.783 149.73    -1.4 0    -0.5 0    -0.7 0    -0.2 0   252.5 0   277.223 0   277.016 0   325.2 0   277.700 0   277.732 0     0.0 0     0.0 0     0.0 0   -72.7 0   -72.7 0     4.5 0    84.4 0     0.2 0   195.2 0   906.6 0
 2026   7  1  7  5 48  5.800 149.91    -1.4 0    -0.3 0    -0.7 0    -0.2 0   252.3 0   277.188 0   276.983 0   324.5 0   277.670 0   277.676 0     0.0 0     0.0 0     0.0 0   -72.2 0   -72.2 0     4.5 0    84.7 0     1.0 0   179.7 0   906.5 0
 2026   7  1  7  5 49  5.817 150.10    -1.4 0    -0.1 0    -0.7 0    -0.2 0   251.9 0   277.149 0   276.933 0   324.1 0   277.628 0   277.616 0     0.0 0     0.0 0     0.0 0   -72.3 0   -72.3 0     4.5 0    85.5 0     1.4 0   173.2 0   906.5 0
 2026   7  1  7  5 50  5.833 150.29    -1.5 0     0.0 0    -0.7 0    -0.2 0   251.7 0   277.109 0   276.892 0   324.0 0   277.581 0   277.569 0     0.0 0     0.0 0     0.0 0   -72.3 0   -72.3 0     4.4 0    86.2 0     1.2 0   172.7 0   906.5 0
 2026   7  1  7  5 51  5.850 150.48    -1.5 0     0.0 0    -0.7 0    -0.2 0   251.7 0   277.067 0   276.842 0   324.2 0   277.537 0   277.535 0     0.0 0     0.0 0     0.0 0   -72.4 0   -72.4 0     4.4 0    86.5 0     1.0 0   170.3 0   906.5 0
 2026   7  1  7  5 52  5.867 150.67    -1.6 0     0.0 0    -0.7 0    -0.2 0   252.0 0   277.022 0   276.802 0   324.0 0   277.498 0   277.502 0     0.0 0     0.0 0     0.0 0   -72.0 0   -72.0 0     4.4 0    86.5 0     1.2 0   164.3 0   906.5 0
 2026   7  1  7  5 53  5.883 150.85    -1.5 0     0.1 0    -0.7 0    -0.2 0   251.7 0   276.980 0   276.766 0   323.8 0   277.459 0   277.461 0     0.0 0     0.0 0     0.0 0   -72.1 0   -72.1 0     4.4 0    86.5 0     1.2 0   163.5 0   906.5 0
 2026   7  1  7  5 54  5.900 151.04    -1.5 0     0.2 0    -0.7 0    -0.2 0   251.6 0   276.939 0   276.728 0   323.4 0   277.416 0   277.409 0     0.0 0     0.0 0     0.0 0   -71.8 0   -71.8 0     4.4 0    86.6 0     1.4 0   167.3 0   906.5 0
 2026   7  1  7  5 55  5.917 151.23    -1.5 0     0.2 0    -0.7 0    -0.2 0   251.5 0   276.900 0   276.689 0   323.4 0   277.368 0   277.357 0     0.0 0     0.0 0     0.0 0   -71.9 0   -71.9 0     4.3 0    87.7 0     1.6 0   173.2 0   906.5 0
 2026   7  1  7  5 56  5.933 151.41    -1.5 0     0.1 0    -0.7 0    -0.2 0   251.4 0   276.859 0   276.640 0   323.5 0   277.325 0   277.322 0     0.0 0     0.0 0     0.0 0   -72.1 0   -72.1 0     4.3 0    88.2 0     1.6 0   175.6 0   906.5 0
 2026   7  1  7  5 57  5.950 151.60    -1.6 0     0.1 0    -0.7 0    -0.2 0   251.3 0   276.817 0   276.606 0   323.3 0   277.283 0   277.278 0     0.0 0     0.0 0     0.0 0   -72.1 0   -72.1 0     4.2 0    88.0 0     1.3 0   164.2 0   906.5 0
 2026   7  1  7  5 58  5.967 151.78    -1.5 0     0.1 0    -0.7 0    -0.2 0   251.3 0   276.777 0   276.562 0   323.3 0   277.240 0   277.235 0     0.0 0     0.0 0     0.0 0   -71.9 0   -71.9 0     4.2 0    88.1 0     1.0 0   153.3 0   906.5 0
 2026   7  1  7  5 59  5.983 151.97    -1.5 0     0.1 0    -0.7 0    -0.2 0   251.5 0   276.735 0   276.520 0   323.4 0   277.197 0   277.196 0     0.0 0     0.0 0     0.0 0   -71.9 0   -71.9 0     4.1 0    88.7 0     1.4 0   159.3 0   906.5 0
 2026   7  1  7  6  0  6.000 152.15    -1.5 0     0.0 0    -0.6 0    -0.2 0   251.6 0   276.695 0   276.498 0   323.4 0   277.158 0   277.163 0     0.0 0     0.0 0     0.0 0   -71.8 0   -71.8 0     4.1 0    88.9 0     1.3 0   151.7 0   906.5 0
 2026   7  1  7  6  1  6.017 152.34    -1.5 0     0.0 0    -0.6 0    -0.2 0   251.6 0   276.663 0   276.478 0   323.2 0   277.121 0   277.122 0     0.0 0     0.0 0     0.0 0   -71.6 0   -71.6 0     4.2 0    88.7 0     1.3 0   141.0 0   906.5 0
 2026   7  1  7  6  2  6.033 152.52    -1.5 0     0.0 0    -0.6 0    -0.2 0   251.6 0   276.636 0   276.466 0   323.0 0   277.081 0   277.079 0     0.0 0     0.0 0     0.0 0   -71.4 0   -71.4 0     4.1 0    88.7 0     1.2 0   126.8 0   906.5 0
 2026   7  1  7  6  3  6.050 152.71    -1.5 0     0.0 0    -0.5 0    -0.2 0   251.7 0   276.616 0   276.452 0   323.1 0   277.041 0   277.039 0     0.0 0     0.0 0     0.0 0   -71.5 0   -71.5 0     4.1 0    88.7 0     1.2 0   115.3 0   906.5 0
 2026   7  1  7  6  4  6.067 152.89    -1.7 0    -0.1 0    -0.5 0    -0.2 0   251.6 0   276.598 0   276.431 0   323.1 0   277.002 0   277.002 0     0.0 0     0.0 0     0.0 0   -71.4 0   -71.4 0     4.0 0    88.9 0     1.2 0   128.6 0   906.5 0
 2026   7  1  7  6  5  6.083 153.07    -1.8 0     0.0 0    -0.5 0    -0.2 0   251.7 0   276.578 0   276.406 0   323.0 0   276.962 0   276.959 0     0.0 0     0.0 0     0.0 0   -71.3 0   -71.3 0     3.9 0    89.3 0     1.4 0   135.4 0   906.5 0
 2026   7  1  7  6  6  6.100 153.25    -1.9 0    -0.1 0    -0.5 0    -0.2 0   251.6 0   276.559 0   276.398 0   323.2 0   276.925 0   276.934 0     0.0 0     0.0 0     0.0 0   -71.6 0   -71.6 0     4.0 0    89.9 0     1.4 0   139.9 0   906.5 0
 2026   7  1  7  6  7  6.117 153.43    -1.9 0    -0.2 0    -0.5 0    -0.2 0   251.4 0   276.543 0   276.381 0   323.0 0   276.894 0   276.904 0     0.0 0     0.0 0     0.0 0   -71.5 0   -71.5 0     4.0 0    89.8 0     1.2 0   131.2 0   906.5 0
 2026   7  1  7  6  8  6.133 153.62    -1.9 0    -0.2 0    -0.5 0    -0.2 0   251.5 0   276.528 0   276.376 0   323.0 0   276.861 0   276.866 0     0.0 0     0.0 0     0.0 0   -71.5 0   -71.5 0     4.0 0    89.5 0     1.0 0   115.4 0   906.5 0
 2026   7  1  7  6  9  6.150 153.80    -1.9 0    -0.2 0    -0.4 0    -0.2 0   251.7 0   276.518 0   276.377 0   323.2 0   276.829 0   276.842 0     0.0 0     0.0 0     0.0 0   -71.5 0   -71.5 0     4.0 0    89.6 0     0.9 0   108.7 0   906.5 0
 2026   7  1  7  6 10  6.167 153.98    -1.9 0    -0.3 0    -0.4 0    -0.2 0   252.0 0   276.510 0   276.365 0   323.3 0   276.801 0   276.820 0     0.0 0     0.0 0     0.0 0   -71.3 0   -71.3 0     4.0 0    89.5 0     0.8 0   107.5 0   906.5 0
 2026   7  1  7  6 11  6.183 154.16    -1.9 0    -0.3 0    -0.4 0    -0.2 0   251.9 0   276.501 0   276.349 0   323.2 0   276.775 0   276.791 0     0.0 0     0.0 0     0.0 0   -71.4 0   -71.4 0     4.1 0    88.9 0     1.1 0   113.5 0   906.5 0
 2026   7  1  7  6 12  6.200 154.33    -1.9 0    -0.2 0    -0.4 0    -0.2 0   251.7 0   276.489 0   276.335 0   322.9 0   276.745 0   276.752 0     0.0 0     0.0 0     0.0 0   -71.3 0   -71.3 0     4.0 0    88.4 0     1.5 0   108.9 0   906.5 0
 2026   7  1  7  6 13  6.217 154.51    -1.8 0    -0.1 0    -0.4 0    -0.2 0   251.4 0   276.476 0   276.314 0   322.8 0   276.710 0   276.714 0     0.0 0     0.0 0     0.0 0   -71.3 0   -71.3 0     4.0 0    88.4 0     1.7 0   113.9 0   906.5 0
 2026   7  1  7  6 14  6.233 154.69    -1.8 0    -0.1 0    -0.4 0    -0.2 0   251.3 0   276.459 0   276.284 0   322.5 0   276.672 0   276.673 0     0.0 0     0.0 0     0.0 0   -71.2 0   -71.2 0     3.9 0    88.0 0     1.9 0   113.3 0   906.5 0
 2026   7  1  7  6 15  6.250 154.87    -1.7 0     0.0 0    -0.4 0    -0.2 0   251.3 0   276.438 0   276.257 0   322.3 0   276.631 0   276.627 0     0.0 0     0.0 0     0.0 0   -71.0 0   -71.0 0     3.8 0    88.3 0     2.0 0   115.1 0   906.5 0
 2026   7  1  7  6 16  6.267 155.05    -1.7 0     0.0 0    -0.4 0    -0.2 0   251.3 0   276.414 0   276.230 0   322.5 0   276.591 0   276.600 0     0.0 0     0.0 0     0.0 0   -71.2 0   -71.2 0     3.7 0    88.9 0     1.8 0   124.7 0   906.5 0
 2026   7  1  7  6 17  6.283 155.22    -1.7 0    -0.2 0    -0.4 0    -0.2 0   251.3 0   276.390 0   276.215 0   322.5 0   276.560 0   276.576 0     0.0 0     0.0 0     0.0 0   -71.2 0   -71.2 0     3.8 0    89.0 0     1.6 0   129.8 0   906.6 0
 2026   7  1  7  6 18  6.300 155.40    -1.6 0    -0.2 0    -0.4 0    -0.2 0   251.4 0   276.369 0   276.201 0   322.3 0   276.532 0   276.543 0     0.0 0     0.0 0     0.0 0   -70.8 0   -70.8 0     3.8 0    88.3 0     1.5 0   128.2 0   906.6 0
 2026   7  1  7  6 19  6.317 155.57    -1.7 0    -0.2 0    -0.4 0    -0.2 0   251.8 0   276.353 0   276.205 0   322.5 0   276.504 0   276.526 0     0.0 0     0.0 0     0.0 0   -70.7 0   -70.7 0     3.8 0    89.1 0     1.4 0   128.4 0   906.6 0
 2026   7  1  7  6 20  6.333 155.75    -1.9 0    -0.2 0    -0.3 0    -0.2 0   252.0 0   276.348 0   276.228 0   322.2 0   276.480 0   276.490 0     0.0 0     0.0 0     0.0 0   -70.2 0   -70.2 0     3.8 0    88.1 0     1.4 0   120.5 0   906.5 0
 2026   7  1  7  6 21  6.350 155.92    -2.0 0    -0.2 0    -0.3 0    -0.2 0   252.2 0   276.351 0   276.226 0   322.6 0   276.453 0   276.477 0     0.0 0     0.0 0     0.0 0   -70.4 0   -70.4 0     3.8 0    89.5 0     1.4 0   127.8 0   906.5 0
 2026   7  1  7  6 22  6.367 156.09    -1.9 0    -0.3 0    -0.3 0    -0.2 0   252.1 0   276.351 0   276.207 0   322.6 0   276.433 0   276.456 0     0.0 0     0.0 0     0.0 0   -70.5 0   -70.5 0     3.9 0    88.9 0     1.5 0   124.8 0   906.5 0
 2026   7  1  7  6 23  6.383 156.27    -1.9 0    -0.3 0    -0.3 0    -0.2 0   252.1 0   276.344 0   276.195 0   322.8 0   276.414 0   276.444 0     0.0 0     0.0 0     0.0 0   -70.7 0   -70.7 0     3.9 0    89.3 0     1.5 0   125.1 0   906.5 0
 2026   7  1  7  6 24  6.400 156.44    -1.9 0    -0.4 0    -0.3 0    -0.2 0   252.2 0   276.339 0   276.215 0   322.8 0   276.400 0   276.433 0     0.0 0     0.0 0     0.0 0   -70.6 0   -70.6 0     4.0 0    89.3 0     1.4 0   124.8 0   906.5 0
 2026   7  1  7  6 25  6.417 156.61    -2.0 0    -0.4 0    -0.3 0    -0.2 0   252.3 0   276.345 0   276.246 0   322.8 0   276.389 0   276.424 0     0.0 0     0.0 0     0.0 0   -70.5 0   -70.5 0     4.1 0    89.0 0     1.4 0   122.6 0   906.5 0
 2026   7  1  7  6 26  6.433 156.78    -2.1 0    -0.4 0    -0.3 0    -0.2 0   252.3 0   276.359 0   276.255 0   322.8 0   276.379 0   276.412 0     0.0 0     0.0 0     0.0 0   -70.5 0   -70.5 0     4.1 0    88.4 0     1.4 0   118.7 0   906.5 0
 2026   7  1  7  6 27  6.450 156.95    -2.2 0    -0.3 0    -0.3 0    -0.2 0   252.3 0   276.371 0   276.269 0   322.7 0   276.367 0   276.399 0     0.0 0     0.0 0     0.0 0   -70.4 0   -70.4 0     4.1 0    88.2 0     1.5 0   115.8 0   906.5 0
 2026   7  1  7  6 28  6.467 157.12    -2.2 0    -0.2 0    -0.3 0    -0.2 0   252.4 0   276.385 0   276.285 0   322.8 0   276.354 0   276.387 0     0.0 0     0.0 0     0.0 0   -70.4 0   -70.4 0     4.1 0    88.1 0     1.6 0   111.3 0   906.5 0
 2026   7  1  7  6 29  6.483 157.29    -2.2 0    -0.2 0    -0.3 0    -0.2 0   252.3 0   276.400 0   276.292 0   322.8 0   276.342 0   276.377 0     0.0 0     0.0 0     0.0 0   -70.5 0   -70.5 0     4.1 0    88.2 0     1.4 0   111.7 0   906.5 0
 2026   7  1  7  6 30  6.500 157.45    -2.2 0    -0.2 0    -0.3 0    -0.2 0   252.2 0   276.411 0   276.304 0   322.9 0   276.332 0   276.371 0     0.0 0     0.0 0     0.0 0   -70.7 0   -70.7 0     4.1 0    88.0 0     1.2 0   109.5 0   906.5 0
 2026   7  1  7  6 31  6.517 157.62    -2.2 0    -0.1 0    -0.3 0    -0.2 0   252.2 0   276.425 0   276.332 0   322.8 0   276.324 0   276.363 0     0.0 0     0.0 0     0.0 0   -70.6 0   -70.6 0     4.1 0    88.0 0     1.1 0   100.7 0   906.5 0
 2026   7  1  7  6 32  6.533 157.79    -2.3 0    -0.1 0    -0.3 0    -0.2 0   252.2 0   276.446 0   276.361 0   322.9 0   276.316 0   276.355 0     0.0 0     0.0 0     0.0 0   -70.7 0   -70.7 0     4.1 0    88.0 0     1.0 0    92.1 0   906.5 0
 2026   7  1  7  6 33  6.550 157.95    -2.3 0    -0.1 0    -0.3 0    -0.2 0   251.9 0   276.466 0   276.346 0   322.9 0   276.307 0   276.344 0     0.0 0     0.0 0     0.0 0   -71.0 0   -71.0 0     4.2 0    87.7 0     1.2 0    78.8 0   906.4 0
 2026   7  1  7  6 34  6.567 158.11    -2.2 0    -0.1 0    -0.3 0    -0.2 0   252.2 0   276.475 0   276.360 0   322.7 0   276.298 0   276.327 0     0.0 0     0.0 0     0.0 0   -70.5 0   -70.5 0     4.1 0    87.1 0     1.4 0    63.4 0   906.4 0
 2026   7  1  7  6 35  6.583 158.28    -2.2 0     0.0 0    -0.2 0    -0.2 0   252.4 0   276.488 0   276.398 0   322.9 0   276.284 0   276.316 0     0.0 0     0.0 0     0.0 0   -70.5 0   -70.5 0     4.1 0    87.3 0     1.5 0    71.7 0   906.4 0
 2026   7  1  7  6 36  6.600 158.44    -2.2 0    -0.1 0    -0.2 0    -0.2 0   252.5 0   276.510 0   276.431 0   323.0 0   276.275 0   276.314 0     0.0 0     0.0 0     0.0 0   -70.5 0   -70.5 0     4.1 0    87.6 0     1.6 0    74.8 0   906.5 0
 2026   7  1  7  6 37  6.617 158.60    -2.2 0    -0.2 0    -0.2 0    -0.2 0   252.7 0   276.534 0   276.452 0   323.0 0   276.271 0   276.314 0     0.0 0     0.0 0     0.0 0   -70.4 0   -70.4 0     4.1 0    87.7 0     1.6 0    75.2 0   906.5 0
 2026   7  1  7  6 38  6.633 158.76    -2.2 0    -0.3 0    -0.2 0    -0.2 0   252.8 0   276.555 0   276.459 0   323.2 0   276.272 0   276.322 0     0.0 0     0.0 0     0.0 0   -70.4 0   -70.4 0     4.3 0    87.5 0     1.5 0    77.2 0   906.5 0
 2026   7  1  7  6 39  6.650 158.92    -2.2 0    -0.4 0    -0.2 0    -0.2 0   252.9 0   276.572 0   276.473 0   323.2 0   276.278 0   276.333 0     0.0 0     0.0 0     0.0 0   -70.3 0   -70.3 0     4.4 0    87.0 0     1.7 0    77.1 0   906.5 0
 2026   7  1  7  6 40  6.667 159.08    -2.2 0    -0.4 0    -0.2 0    -0.2 0   252.9 0   276.587 0   276.476 0   323.1 0   276.288 0   276.344 0     0.0 0     0.0 0     0.0 0   -70.2 0   -70.2 0     4.4 0    86.3 0     1.9 0    75.0 0   906.5 0
 2026   7  1  7  6 41  6.683 159.24    -2.2 0    -0.4 0    -0.2 0    -0.2 0   253.3 0   276.599 0   276.503 0   323.1 0   276.299 0   276.352 0     0.0 0     0.0 0     0.0 0   -69.8 0   -69.8 0     4.5 0    85.5 0     1.9 0    76.7 0   906.5 0
 2026   7  1  7  6 42  6.700 159.39    -2.2 0    -0.5 0    -0.2 0    -0.2 0   253.4 0   276.615 0   276.518 0   323.2 0   276.310 0   276.369 0     0.0 0     0.0 0     0.0 0   -69.8 0   -69.8 0     4.5 0    85.5 0     1.9 0    81.1 0   906.4 0
 2026   7  1  7  6 43  6.717 159.55    -2.1 0    -0.5 0    -0.3 0    -0.2 0   253.3 0   276.629 0   276.509 0   323.1 0   276.325 0   276.383 0     0.0 0     0.0 0     0.0 0   -69.8 0   -69.8 0     4.6 0    85.0 0     1.9 0    88.2 0   906.4 0
 2026   7  1  7  6 44  6.733 159.70    -2.1 0    -0.4 0    -0.3 0    -0.2 0   253.0 0   276.632 0   276.489 0   323.1 0   276.338 0   276.403 0     0.0 0     0.0 0     0.0 0   -70.1 0   -70.1 0     4.6 0    84.7 0     1.9 0    94.8 0   906.4 0
 2026   7  1  7  6 45  6.750 159.85    -2.1 0    -0.4 0    -0.4 0    -0.2 0   252.9 0   276.625 0   276.461 0   323.2 0   276.354 0   276.423 0     0.0 0     0.0 0     0.0 0   -70.3 0   -70.3 0     4.7 0    84.5 0     1.9 0   101.1 0   906.4 0
 2026   7  1  7  6 46  6.767 160.01    -2.0 0    -0.3 0    -0.4 0    -0.2 0   253.1 0   276.608 0   276.439 0   323.2 0   276.372 0   276.443 0     0.0 0     0.0 0     0.0 0   -70.1 0   -70.1 0     4.7 0    84.5 0     1.9 0   102.9 0   906.4 0
 2026   7  1  7  6 47  6.783 160.16    -2.0 0    -0.3 0    -0.4 0    -0.2 0   253.2 0   276.591 0   276.425 0   323.2 0   276.391 0   276.463 0     0.0 0     0.0 0     0.0 0   -70.0 0   -70.0 0     4.8 0    84.2 0     1.9 0   105.4 0   906.4 0
 2026   7  1  7  6 48  6.800 160.31    -1.9 0    -0.2 0    -0.4 0    -0.2 0   253.3 0   276.571 0   276.388 0   323.4 0   276.411 0   276.480 0     0.0 0     0.0 0     0.0 0   -70.1 0   -70.1 0     4.8 0    84.0 0     1.9 0   108.1 0   906.4 0
 2026   7  1  7  6 49  6.817 160.45    -1.8 0    -0.1 0    -0.4 0    -0.2 0   253.5 0   276.543 0   276.351 0   323.5 0   276.431 0   276.494 0     0.0 0     0.0 0     0.0 0   -70.0 0   -70.0 0     4.9 0    83.9 0     1.8 0   110.4 0   906.4 0
 2026   7  1  7  6 50  6.833 160.60    -1.9 0    -0.1 0    -0.4 0    -0.2 0   253.9 0   276.513 0   276.335 0   323.7 0   276.451 0   276.511 0     0.0 0     0.0 0     0.0 0   -69.8 0   -69.8 0     4.9 0    83.5 0     1.7 0   104.1 0   906.4 0
 2026   7  1  7  6 51  6.850 160.75    -1.9 0    -0.1 0    -0.4 0    -0.2 0   254.6 0   276.491 0   276.356 0   323.8 0   276.470 0   276.535 0     0.0 0     0.0 0     0.0 0   -69.2 0   -69.2 0     5.0 0    82.8 0     1.9 0   104.2 0   906.4 0
 2026   7  1  7  6 52  6.867 160.89    -2.0 0     0.0 0    -0.4 0    -0.2 0   255.0 0   276.486 0   276.384 0   323.5 0   276.491 0   276.559 0     0.0 0     0.0 0     0.0 0   -68.5 0   -68.5 0     5.0 0    81.6 0     2.2 0   101.7 0   906.4 0
 2026   7  1  7  6 53  6.883 161.03    -2.0 0     0.1 0    -0.4 0    -0.2 0   255.3 0   276.493 0   276.404 0   323.3 0   276.509 0   276.566 0     0.0 0     0.0 0     0.0 0   -68.0 0   -68.0 0     4.9 0    81.5 0     2.0 0   109.1 0   906.4 0
 2026   7  1  7  6 54  6.900 161.18    -2.1 0     0.1 0    -0.3 0    -0.2 0   255.9 0   276.505 0   276.423 0   323.4 0   276.519 0   276.572 0     0.0 0     0.0 0     0.0 0   -67.5 0   -67.5 0     4.8 0    82.4 0     2.0 0   111.0 0   906.4 0
 2026   7  1  7  6 55  6.917 161.32    -2.1 0     0.1 0    -0.3 0    -0.2 0   256.6 0   276.520 0   276.441 0   323.6 0   276.529 0   276.584 0     0.0 0     0.0 0     0.0 0   -67.0 0   -67.0 0     4.8 0    83.0 0     1.9 0   112.2 0   906.4 0
 2026   7  1  7  6 56  6.933 161.45    -2.1 0     0.0 0    -0.3 0    -0.2 0   257.7 0   276.536 0   276.453 0   323.7 0   276.541 0   276.599 0     0.0 0     0.0 0     0.0 0   -66.0 0   -66.0 0     4.9 0    83.1 0     1.9 0   109.0 0   906.4 0
 2026   7  1  7  6 57  6.950 161.59    -2.1 0    -0.1 0    -0.3 0    -0.2 0   259.3 0   276.549 0   276.461 0   323.9 0   276.557 0   276.620 0     0.0 0     0.0 0     0.0 0   -64.6 0   -64.6 0     5.0 0    82.8 0     1.7 0   106.4 0   906.4 0
 2026   7  1  7  6 58  6.967 161.73    -2.2 0    -0.1 0    -0.3 0    -0.1 0   261.1 0   276.564 0   276.503 0   324.1 0   276.574 0   276.641 0     0.0 0     0.0 0     0.0 0   -63.0 0   -63.0 0     5.1 0    82.4 0     1.7 0   104.7 0   906.4 0
 2026   7  1  7  6 59  6.983 161.86    -2.3 0     0.0 0    -0.3 0    -0.1 0   262.7 0   276.585 0   276.527 0   324.3 0   276.592 0   276.659 0     0.0 0     0.0 0     0.0 0   -61.6 0   -61.6 0     5.1 0    81.9 0     1.8 0   104.1 0   906.4 0
 2026   7  1  7  7  0  7.000 161.99    -2.3 0     0.0 0    -0.2 0    -0.1 0   264.6 0   276.607 0   276.557 0   324.4 0   276.611 0   276.681 0     0.0 0     0.0 0     0.0 0   -59.8 0   -59.8 0     5.1 0    81.5 0     1.9 0   101.8 0   906.4 0
 2026   7  1  7  7  1  7.017 162.13    -2.3 0     0.0 0    -0.2 0    -0.1 0   266.5 0   276.634 0   276.605 0   324.6 0   276.630 0   276.700 0     0.0 0     0.0 0     0.0 0   -58.1 0   -58.1 0     5.1 0    81.2 0     1.8 0    98.3 0   906.5 0
 2026   7  1  7  7  2  7.033 162.25    -2.3 0     0.0 0    -0.2 0    -0.1 0   268.8 0   276.668 0   276.654 0   324.7 0   276.650 0   276.719 0     0.0 0     0.0 0     0.0 0   -55.9 0   -55.9 0     5.1 0    81.0 0     1.7 0    92.8 0   906.5 0
 2026   7  1  7  7  3  7.050 162.38    -2.2 0     0.0 0    -0.1 0    -0.1 0   271.7 0   276.707 0   276.705 0   324.8 0   276.667 0   276.730 0     0.0 0     0.0 0     0.0 0   -53.1 0   -53.1 0     5.1 0    80.9 0     1.8 0    92.0 0   906.5 0
 2026   7  1  7  7  4  7.067 162.51    -2.2 0    -0.1 0    -0.1 0    -0.1 0   274.5 0   276.750 0   276.756 0   325.1 0   276.682 0   276.745 0     0.0 0     0.0 0     0.0 0   -50.6 0   -50.6 0     5.1 0    81.0 0     1.8 0    91.3 0   906.5 0
 2026   7  1  7  7  5  7.083 162.63    -2.4 0    -0.1 0    -0.1 0    -0.1 0   276.1 0   276.794 0   276.791 0   325.3 0   276.699 0   276.764 0     0.0 0     0.0 0     0.0 0   -49.1 0   -49.1 0     5.1 0    81.0 0     1.9 0    94.4 0   906.5 0
 2026   7  1  7  7  6  7.100 162.75    -2.3 0    -0.1 0    -0.1 0    -0.1 0   276.5 0   276.832 0   276.809 0   325.3 0   276.716 0   276.779 0     0.0 0     0.0 0     0.0 0   -48.8 0   -48.8 0     5.1 0    80.9 0     2.0 0    94.8 0   906.5 0
 2026   7  1  7  7  7  7.117 162.87    -2.3 0    -0.2 0    -0.1 0    -0.1 0   276.1 0   276.862 0   276.823 0   325.4 0   276.732 0   276.796 0     0.0 0     0.0 0     0.0 0   -49.3 0   -49.3 0     5.1 0    81.0 0     2.2 0    90.2 0   906.4 0
 2026   7  1  7  7  8  7.133 162.99    -2.2 0    -0.2 0    -0.1 0    -0.1 0   274.9 0   276.885 0   276.828 0   325.3 0   276.748 0   276.810 0     0.0 0     0.0 0     0.0 0   -50.4 0   -50.4 0     5.0 0    80.7 0     2.3 0    85.5 0   906.4 0
 2026   7  1  7  7  9  7.150 163.11    -2.2 0    -0.2 0    -0.1 0    -0.1 0   273.3 0   276.903 0   276.843 0   325.2 0   276.761 0   276.814 0     0.0 0     0.0 0     0.0 0   -51.9 0   -51.9 0     5.0 0    80.8 0     2.4 0    80.1 0   906.4 0
 2026   7  1  7  7 10  7.167 163.22    -2.2 0    -0.1 0    -0.1 0    -0.1 0   271.8 0   276.922 0   276.870 0   325.1 0   276.769 0   276.814 0     0.0 0     0.0 0     0.0 0   -53.3 0   -53.3 0     4.9 0    81.2 0     2.3 0    75.3 0   906.4 0
 2026   7  1  7  7 11  7.183 163.34    -2.2 0    -0.1 0    -0.1 0    -0.1 0   270.4 0   276.945 0   276.894 0   325.1 0   276.772 0   276.811 0     0.0 0     0.0 0     0.0 0   -54.7 0   -54.7 0     4.8 0    82.0 0     2.2 0    73.3 0   906.4 0
 2026   7  1  7  7 12  7.200 163.45    -2.3 0    -0.2 0    -0.1 0    -0.1 0   269.2 0   276.969 0   276.916 0   325.1 0   276.773 0   276.817 0     0.0 0     0.0 0     0.0 0   -55.9 0   -55.9 0     4.7 0    82.4 0     2.0 0    74.0 0   906.3 0
 2026   7  1  7  7 13  7.217 163.56    -2.3 0    -0.2 0    -0.1 0    -0.2 0   268.8 0   276.993 0   276.933 0   325.0 0   276.774 0   276.812 0     0.0 0     0.0 0     0.0 0   -56.2 0   -56.2 0     4.7 0    82.3 0     1.7 0    73.6 0   906.3 0
 2026   7  1  7  7 14  7.233 163.66    -2.3 0    -0.1 0    -0.1 0    -0.2 0   269.1 0   277.017 0   276.959 0   324.8 0   276.771 0   276.804 0     0.0 0     0.0 0     0.0 0   -55.7 0   -55.7 0     4.6 0    82.7 0     1.4 0    80.2 0   906.3 0
 2026   7  1  7  7 15  7.250 163.77    -2.2 0    -0.1 0    -0.1 0    -0.2 0   269.5 0   277.040 0   276.964 0   324.7 0   276.764 0   276.795 0     0.0 0     0.0 0     0.0 0   -55.2 0   -55.2 0     4.5 0    83.2 0     1.4 0    86.6 0   906.3 0
 2026   7  1  7  7 16  7.267 163.87    -2.1 0    -0.1 0    -0.2 0    -0.2 0   270.1 0   277.054 0   276.946 0   324.8 0   276.756 0   276.790 0     0.0 0     0.0 0     0.0 0   -54.7 0   -54.7 0     4.5 0    83.9 0     1.7 0    87.7 0   906.2 0
 2026   7  1  7  7 17  7.283 163.97    -2.0 0    -0.2 0    -0.2 0    -0.2 0   270.9 0   277.056 0   276.940 0   324.9 0   276.749 0   276.788 0     0.0 0     0.0 0     0.0 0   -54.0 0   -54.0 0     4.5 0    84.2 0     1.9 0    88.0 0   906.2 0
 2026   7  1  7  7 18  7.300 164.07    -2.0 0    -0.3 0    -0.2 0    -0.2 0   272.1 0   277.054 0   276.942 0   325.0 0   276.745 0   276.789 0     0.0 0     0.0 0     0.0 0   -52.9 0   -52.9 0     4.5 0    84.1 0     1.9 0    85.7 0   906.2 0
 2026   7  1  7  7 19  7.317 164.16    -2.1 0    -0.4 0    -0.2 0    -0.2 0   273.7 0   277.051 0   276.944 0   325.2 0   276.745 0   276.795 0     0.0 0     0.0 0     0.0 0   -51.6 0   -51.6 0     4.6 0    83.8 0     1.9 0    86.8 0   906.2 0
 2026   7  1  7  7 20  7.333 164.25    -2.1 0    -0.4 0    -0.2 0    -0.2 0   275.1 0   277.052 0   276.977 0   325.2 0   276.748 0   276.795 0     0.0 0     0.0 0     0.0 0   -50.1 0   -50.1 0     4.7 0    83.3 0     1.7 0    87.8 0   906.2 0
 2026   7  1  7  7 21  7.350 164.34    -2.2 0    -0.3 0    -0.2 0    -0.1 0   275.7 0   277.063 0   276.998 0   325.2 0   276.748 0   276.792 0     0.0 0     0.0 0     0.0 0   -49.5 0   -49.5 0     4.7 0    83.2 0     1.6 0    91.1 0   906.2 0
 2026   7  1  7  7 22  7.367 164.43    -2.1 0    -0.3 0    -0.1 0    -0.1 0   276.0 0   277.078 0   277.020 0   325.3 0   276.747 0   276.791 0     0.0 0     0.0 0     0.0 0   -49.3 0   -49.3 0     4.6 0    83.3 0     1.7 0    93.8 0   906.2 0
 2026   7  1  7  7 23  7.383 164.52    -2.1 0    -0.2 0    -0.1 0    -0.1 0   277.9 0   277.094 0   277.035 0   325.3 0   276.745 0   276.785 0     0.0 0     0.0 0     0.0 0   -47.4 0   -47.4 0     4.6 0    83.4 0     1.5 0    94.7 0   906.2 0
 2026   7  1  7  7 24  7.400 164.60    -2.0 0    -0.3 0    -0.1 0    -0.1 0   282.3 0   277.110 0   277.054 0   325.7 0   276.741 0   276.790 0     0.0 0     0.0 0     0.0 0   -43.4 0   -43.4 0     4.6 0    84.0 0     1.9 0    96.8 0   906.2 0
 2026   7  1  7  7 25  7.417 164.68    -2.1 0    -0.3 0    -0.1 0    -0.1 0   287.8 0   277.124 0   277.071 0   326.2 0   276.744 0   276.801 0     0.0 0     0.0 0     0.0 0   -38.3 0   -38.3 0     4.7 0    83.5 0     1.9 0    96.0 0   906.2 0
 2026   7  1  7  7 26  7.433 164.76    -2.1 0    -0.3 0    -0.1 0    -0.1 0   292.4 0   277.138 0   277.100 0   326.6 0   276.751 0   276.809 0     0.0 0     0.0 0     0.0 0   -34.2 0   -34.2 0     4.8 0    83.1 0     1.8 0    97.5 0   906.2 0
 2026   7  1  7  7 27  7.450 164.83    -2.1 0    -0.3 0    -0.1 0    -0.1 0   295.1 0   277.155 0   277.134 0   326.9 0   276.760 0   276.820 0     0.0 0     0.0 0     0.0 0   -31.8 0   -31.8 0     4.8 0    82.7 0     1.8 0   100.7 0   906.2 0
 2026   7  1  7  7 28  7.467 164.90    -2.1 0    -0.3 0     0.0 0    -0.1 0   296.2 0   277.177 0   277.165 0   327.2 0   276.770 0   276.832 0     0.0 0     0.0 0     0.0 0   -31.0 0   -31.0 0     4.9 0    82.4 0     1.6 0   100.5 0   906.2 0
 2026   7  1  7  7 29  7.483 164.97    -2.0 0    -0.3 0     0.1 0    -0.1 0   296.5 0   277.201 0   277.197 0   327.5 0   276.782 0   276.846 0     0.0 0     0.0 0     0.0 0   -31.0 0   -31.0 0     4.9 0    82.1 0     1.7 0    99.0 0   906.2 0
 2026   7  1  7  7 30  7.500 165.04    -1.9 0    -0.2 0     0.1 0    -0.1 0   297.5 0   277.227 0   277.228 0   327.8 0   276.796 0   276.863 0     0.0 0     0.0 0     0.0 0   -30.3 0   -30.3 0     4.9 0    81.9 0     1.8 0   100.2 0   906.2 0
 2026   7  1  7  7 31  7.517 165.10    -1.9 0    -0.2 0     0.1 0    -0.1 0   299.5 0   277.255 0   277.258 0   327.7 0   276.810 0   276.869 0     0.0 0     0.0 0     0.0 0   -28.2 0   -28.2 0     4.9 0    81.4 0     1.7 0   107.1 0   906.2 0
 2026   7  1  7  7 32  7.533 165.16    -1.9 0     0.1 0     0.1 0    -0.1 0   300.9 0   277.282 0   277.264 0   327.1 0   276.815 0   276.849 0     0.0 0     0.0 0     0.0 0   -26.2 0   -26.2 0     4.7 0    81.5 0     1.3 0   118.3 0   906.2 0
 2026   7  1  7  7 33  7.550 165.22    -1.7 0     0.2 0     0.0 0    -0.2 0   300.8 0   277.295 0   277.222 0   327.2 0   276.804 0   276.833 0     0.0 0     0.0 0     0.0 0   -26.4 0   -26.4 0     4.4 0    83.4 0     1.7 0   111.0 0   906.2 0
 2026   7  1  7  7 34  7.567 165.28    -1.4 0     0.0 0     0.0 0    -0.2 0   300.7 0   277.287 0   277.171 0   327.9 0   276.796 0   276.848 0     0.0 0     0.0 0     0.0 0   -27.2 0   -27.2 0     4.4 0    84.8 0     1.8 0   107.5 0   906.2 0
 2026   7  1  7  7 35  7.583 165.33    -1.4 0    -0.1 0     0.0 0    -0.2 0   300.0 0   277.263 0   277.148 0   328.1 0   276.801 0   276.858 0     0.0 0     0.0 0     0.0 0   -28.0 0   -28.0 0     4.6 0    84.0 0     1.8 0   101.8 0   906.2 0
 2026   7  1  7  7 36  7.600 165.38    -1.4 0    -0.2 0     0.0 0    -0.2 0   298.6 0   277.238 0   277.125 0   328.3 0   276.811 0   276.873 0     0.0 0     0.0 0     0.0 0   -29.6 0   -29.6 0     4.7 0    83.4 0     1.8 0    99.5 0   906.1 0
 2026   7  1  7  7 37  7.617 165.42    -1.4 0    -0.2 0     0.0 0    -0.2 0   297.7 0   277.214 0   277.129 0   328.3 0   276.822 0   276.886 0     0.0 0     0.0 0     0.0 0   -30.6 0   -30.6 0     4.8 0    82.7 0     1.6 0    98.7 0   906.1 0
 2026   7  1  7  7 38  7.633 165.46    -1.4 0    -0.2 0     0.0 0    -0.1 0   297.8 0   277.203 0   277.152 0   328.3 0   276.834 0   276.895 0     0.0 0     0.0 0     0.0 0   -30.6 0   -30.6 0     4.8 0    82.4 0     1.6 0   104.6 0   906.1 0
 2026   7  1  7  7 39  7.650 165.50    -1.4 0    -0.1 0     0.0 0    -0.1 0   298.9 0   277.202 0   277.148 0   328.4 0   276.844 0   276.905 0     0.0 0     0.0 0     0.0 0   -29.6 0   -29.6 0     4.8 0    82.3 0     1.7 0   108.2 0   906.1 0
 2026   7  1  7  7 40  7.667 165.54    -1.4 0    -0.2 0    -0.1 0    -0.2 0   299.4 0   277.200 0   277.128 0   328.7 0   276.858 0   276.933 0     0.0 0     0.0 0     0.0 0   -29.3 0   -29.3 0     4.9 0    82.1 0     2.0 0   111.4 0   906.1 0
 2026   7  1  7  7 41  7.683 165.57    -1.3 0    -0.3 0    -0.1 0    -0.2 0   298.2 0   277.191 0   277.112 0   328.7 0   276.878 0   276.948 0     0.0 0     0.0 0     0.0 0   -30.4 0   -30.4 0     5.0 0    81.2 0     2.1 0   113.3 0   906.1 0
 2026   7  1  7  7 42  7.700 165.60    -1.3 0    -0.2 0    -0.1 0    -0.2 0   295.3 0   277.180 0   277.102 0   328.3 0   276.892 0   276.947 0     0.0 0     0.0 0     0.0 0   -32.9 0   -32.9 0     5.0 0    81.2 0     1.9 0   113.3 0   906.1 0
 2026   7  1  7  7 43  7.717 165.63    -1.4 0    -0.1 0    -0.1 0    -0.2 0   291.8 0   277.172 0   277.092 0   328.1 0   276.901 0   276.953 0     0.0 0     0.0 0     0.0 0   -36.3 0   -36.3 0     4.9 0    81.3 0     2.0 0   115.3 0   906.0 0
 2026   7  1  7  7 44  7.733 165.65    -1.3 0     0.0 0    -0.1 0    -0.2 0   289.8 0   277.159 0   277.049 0   327.9 0   276.905 0   276.947 0     0.0 0     0.0 0     0.0 0   -38.1 0   -38.1 0     4.8 0    81.6 0     2.1 0   110.1 0   906.1 0
 2026   7  1  7  7 45  7.750 165.67    -1.3 0     0.0 0    -0.1 0    -0.2 0   289.3 0   277.139 0   277.022 0   327.8 0   276.903 0   276.942 0     0.0 0     0.0 0     0.0 0   -38.4 0   -38.4 0     4.7 0    82.5 0     2.4 0   105.4 0   906.0 0
 2026   7  1  7  7 46  7.767 165.69    -1.3 0     0.0 0    -0.2 0    -0.2 0   289.6 0   277.117 0   277.004 0   328.0 0   276.901 0   276.947 0     0.0 0     0.0 0     0.0 0   -38.4 0   -38.4 0     4.6 0    83.0 0     2.6 0    99.5 0   906.0 0
 2026   7  1  7  7 47  7.783 165.71    -1.4 0     0.0 0    -0.2 0    -0.2 0   289.1 0   277.096 0   276.997 0   327.9 0   276.902 0   276.951 0     0.0 0     0.0 0     0.0 0   -38.8 0   -38.8 0     4.6 0    83.0 0     2.8 0    99.8 0   906.0 0
 2026   7  1  7  7 48  7.800 165.72    -1.5 0    -0.1 0    -0.1 0    -0.2 0   286.7 0   277.083 0   277.007 0   328.1 0   276.906 0   276.960 0     0.0 0     0.0 0     0.0 0   -41.4 0   -41.4 0     4.6 0    83.0 0     2.9 0    98.3 0   906.0 0
 2026   7  1  7  7 49  7.817 165.72    -1.6 0    -0.1 0    -0.2 0    -0.1 0   282.6 0   277.081 0   277.016 0   327.8 0   276.911 0   276.962 0     0.0 0     0.0 0     0.0 0   -45.2 0   -45.2 0     4.6 0    82.8 0     2.6 0    98.9 0   906.0 0
 2026   7  1  7  7 50  7.833 165.73    -1.7 0     0.0 0    -0.2 0    -0.1 0   278.2 0   277.085 0   277.028 0   327.6 0   276.913 0   276.957 0     0.0 0     0.0 0     0.0 0   -49.4 0   -49.4 0     4.6 0    83.1 0     2.5 0   103.8 0   906.0 0
 2026   7  1  7  7 51  7.850 165.73    -1.8 0     0.0 0    -0.2 0    -0.1 0   274.6 0   277.095 0   277.041 0   327.4 0   276.912 0   276.953 0     0.0 0     0.0 0     0.0 0   -52.8 0   -52.8 0     4.5 0    83.4 0     2.5 0   103.3 0   906.0 0
 2026   7  1  7  7 52  7.867 165.73    -1.9 0     0.0 0    -0.2 0    -0.1 0   272.4 0   277.108 0   277.045 0   327.3 0   276.909 0   276.952 0     0.0 0     0.0 0     0.0 0   -54.8 0   -54.8 0     4.5 0    83.5 0     2.3 0   104.7 0   906.0 0
 2026   7  1  7  7 53  7.883 165.72    -1.9 0     0.0 0    -0.2 0    -0.2 0   270.9 0   277.120 0   277.052 0   327.1 0   276.907 0   276.948 0     0.0 0     0.0 0     0.0 0   -56.2 0   -56.2 0     4.5 0    83.5 0     2.2 0   101.5 0   906.0 0
 2026   7  1  7  7 54  7.900 165.71    -2.0 0     0.0 0    -0.3 0    -0.2 0   269.1 0   277.131 0   277.053 0   326.8 0   276.903 0   276.943 0     0.0 0     0.0 0     0.0 0   -57.7 0   -57.7 0     4.5 0    83.6 0     2.0 0   102.8 0   906.0 0
 2026   7  1  7  7 55  7.917 165.70    -2.0 0     0.0 0    -0.3 0    -0.2 0   267.4 0   277.139 0   277.049 0   326.6 0   276.898 0   276.937 0     0.0 0     0.0 0     0.0 0   -59.2 0   -59.2 0     4.5 0    83.6 0     1.9 0   100.0 0   906.0 0
 2026   7  1  7  7 56  7.933 165.68    -2.0 0     0.0 0    -0.3 0    -0.2 0   265.9 0   277.143 0   277.047 0   326.4 0   276.893 0   276.931 0     0.0 0     0.0 0     0.0 0   -60.6 0   -60.6 0     4.5 0    83.7 0     1.7 0    95.6 0   906.0 0
 2026   7  1  7  7 57  7.950 165.66    -2.0 0     0.0 0    -0.3 0    -0.2 0   264.8 0   277.146 0   277.057 0   326.3 0   276.886 0   276.924 0     0.0 0     0.0 0     0.0 0   -61.5 0   -61.5 0     4.5 0    83.8 0     1.8 0    92.3 0   906.0 0
 2026   7  1  7  7 58  7.967 165.64    -2.0 0     0.0 0    -0.3 0    -0.2 0   264.2 0   277.154 0   277.073 0   326.2 0   276.880 0   276.919 0     0.0 0     0.0 0     0.0 0   -62.0 0   -62.0 0     4.5 0    83.9 0     1.9 0    89.2 0   906.0 0
 2026   7  1  7  7 59  7.983 165.62    -2.1 0    -0.1 0    -0.3 0    -0.2 0   264.0 0   277.165 0   277.089 0   326.2 0   276.874 0   276.918 0     0.0 0     0.0 0     0.0 0   -62.2 0   -62.2 0     4.5 0    83.8 0     2.1 0    92.3 0   905.9 0
 2026   7  1  7  8  0  8.000 165.59    -2.1 0    -0.2 0    -0.3 0    -0.2 0   264.1 0   277.179 0   277.102 0   326.1 0   276.872 0   276.920 0     0.0 0     0.0 0     0.0 0   -62.0 0   -62.0 0     4.6 0    83.5 0     2.1 0    93.1 0   905.9 0
 2026   7  1  7  8  1  8.017 165.56    -2.1 0    -0.2 0    -0.3 0    -0.2 0   265.0 0   277.193 0   277.119 0   326.1 0   276.872 0   276.920 0     0.0 0     0.0 0     0.0 0   -61.1 0   -61.1 0     4.7 0    83.1 0     1.9 0    95.6 0   905.9 0
 2026   7  1  7  8  2  8.033 165.52    -2.0 0    -0.2 0    -0.4 0    -0.2 0   266.3 0   277.206 0   277.125 0   326.1 0   276.872 0   276.922 0     0.0 0     0.0 0     0.0 0   -59.7 0   -59.7 0     4.7 0    82.9 0     1.6 0   100.9 0   905.9 0
 2026   7  1  7  8  3  8.050 165.48    -1.8 0    -0.2 0    -0.4 0    -0.2 0   267.9 0   277.217 0   277.137 0   325.9 0   276.873 0   276.920 0     0.0 0     0.0 0     0.0 0   -58.0 0   -58.0 0     4.8 0    82.5 0     1.4 0    97.9 0   905.9 0
 2026   7  1  7  8  4  8.067 165.44    -1.8 0    -0.2 0    -0.4 0    -0.2 0   268.8 0   277.228 0   277.147 0   326.1 0   276.873 0   276.922 0     0.0 0     0.0 0     0.0 0   -57.3 0   -57.3 0     4.8 0    82.4 0     1.0 0   107.3 0   905.9 0
 2026   7  1  7  8  5  8.083 165.40    -1.9 0    -0.2 0    -0.4 0    -0.2 0   269.3 0   277.239 0   277.170 0   326.3 0   276.874 0   276.926 0     0.0 0     0.0 0     0.0 0   -57.0 0   -57.0 0     4.9 0    81.8 0     0.9 0    95.8 0   905.9 0
 2026   7  1  7  8  6  8.100 165.35    -2.1 0    -0.2 0    -0.4 0    -0.1 0   269.9 0   277.253 0   277.186 0   326.3 0   276.878 0   276.932 0     0.0 0     0.0 0     0.0 0   -56.4 0   -56.4 0     5.0 0    81.3 0     1.1 0   101.5 0   905.9 0
 2026   7  1  7  8  7  8.117 165.30    -2.1 0    -0.2 0    -0.4 0    -0.1 0   270.4 0   277.269 0   277.205 0   326.0 0   276.882 0   276.929 0     0.0 0     0.0 0     0.0 0   -55.6 0   -55.6 0     5.0 0    81.0 0     0.8 0   112.7 0   905.8 0
 2026   7  1  7  8  8  8.133 165.25    -2.1 0    -0.1 0    -0.4 0    -0.1 0   269.5 0   277.286 0   277.223 0   326.0 0   276.881 0   276.926 0     0.0 0     0.0 0     0.0 0   -56.5 0   -56.5 0     5.0 0    81.0 0     0.5 0   128.8 0   905.8 0
 2026   7  1  7  8  9  8.150 165.19    -2.1 0    -0.1 0    -0.4 0    -0.2 0   267.8 0   277.301 0   277.222 0   325.8 0   276.879 0   276.924 0     0.0 0     0.0 0     0.0 0   -58.0 0   -58.0 0     5.0 0    80.8 0     0.6 0   128.4 0   905.8 0
 2026   7  1  7  8 10  8.167 165.13    -2.1 0    -0.1 0    -0.4 0    -0.2 0   266.0 0   277.311 0   277.218 0   325.8 0   276.877 0   276.921 0     0.0 0     0.0 0     0.0 0   -59.8 0   -59.8 0     5.0 0    80.7 0     0.7 0   123.3 0   905.8 0
 2026   7  1  7  8 11  8.183 165.07    -2.1 0    -0.1 0    -0.4 0    -0.2 0   264.4 0   277.317 0   277.220 0   325.6 0   276.875 0   276.925 0     0.0 0     0.0 0     0.0 0   -61.2 0   -61.2 0     5.0 0    80.6 0     0.6 0   113.9 0   905.8 0
 2026   7  1  7  8 12  8.200 165.01    -2.2 0    -0.1 0    -0.4 0    -0.2 0   263.2 0   277.324 0   277.239 0   325.5 0   276.873 0   276.934 0     0.0 0     0.0 0     0.0 0   -62.3 0   -62.3 0     5.0 0    80.5 0     0.6 0   111.8 0   905.8 0
 2026   7  1  7  8 13  8.217 164.94    -2.1 0    -0.1 0    -0.4 0    -0.2 0   262.5 0   277.336 0   277.254 0   325.4 0   276.871 0   276.919 0     0.0 0     0.0 0     0.0 0   -62.9 0   -62.9 0     5.0 0    80.4 0     0.5 0   124.5 0   905.8 0
 2026   7  1  7  8 14  8.233 164.87    -1.9 0    -0.1 0    -0.5 0    -0.2 0   262.1 0   277.343 0   277.206 0   325.2 0   276.867 0   276.911 0     0.0 0     0.0 0     0.0 0   -63.1 0   -63.1 0     5.0 0    80.3 0     0.3 0   119.6 0   905.8 0
 2026   7  1  7  8 15  8.250 164.79    -1.8 0     0.0 0    -0.5 0    -0.2 0   262.2 0   277.330 0   277.161 0   325.0 0   276.861 0   276.903 0     0.0 0     0.0 0     0.0 0   -62.8 0   -62.8 0     5.0 0    80.3 0     0.4 0   122.9 0   905.8 0
 2026   7  1  7  8 16  8.267 164.72    -1.5 0     0.0 0    -0.5 0    -0.2 0   262.5 0   277.305 0   277.137 0   324.9 0   276.854 0   276.892 0     0.0 0     0.0 0     0.0 0   -62.4 0   -62.4 0     5.0 0    80.3 0     0.4 0   108.4 0   905.8 0
 2026   7  1  7  8 17  8.283 164.64    -1.6 0     0.0 0    -0.5 0    -0.2 0   262.8 0   277.284 0   277.148 0   324.7 0   276.846 0   276.882 0     0.0 0     0.0 0     0.0 0   -61.9 0   -61.9 0     5.0 0    80.4 0     0.5 0   110.6 0   905.8 0
 2026   7  1  7  8 18  8.300 164.56    -1.6 0     0.0 0    -0.5 0    -0.2 0   262.3 0   277.273 0   277.150 0   324.4 0   276.836 0   276.866 0     0.0 0     0.0 0     0.0 0   -62.1 0   -62.1 0     5.0 0    80.7 0     0.5 0   107.7 0   905.8 0
 2026   7  1  7  8 19  8.317 164.47    -1.6 0    -0.1 0    -0.5 0    -0.2 0   261.6 0   277.265 0   277.131 0   324.4 0   276.824 0   276.856 0     0.0 0     0.0 0     0.0 0   -62.7 0   -62.7 0     4.9 0    81.1 0     0.4 0   108.9 0   905.8 0
 2026   7  1  7  8 20  8.333 164.39    -1.6 0    -0.1 0    -0.4 0    -0.2 0   261.2 0   277.260 0   277.156 0   324.3 0   276.811 0   276.844 0     0.0 0     0.0 0     0.0 0   -63.0 0   -63.0 0     4.8 0    81.4 0     0.5 0   111.7 0   905.8 0
 2026   7  1  7  8 21  8.350 164.30    -1.6 0    -0.1 0    -0.5 0    -0.2 0   261.1 0   277.263 0   277.157 0   324.2 0   276.799 0   276.833 0     0.0 0     0.0 0     0.0 0   -63.2 0   -63.2 0     4.8 0    81.7 0     0.6 0    96.0 0   905.7 0
 2026   7  1  7  8 22  8.367 164.21    -1.8 0    -0.1 0    -0.4 0    -0.2 0   261.0 0   277.266 0   277.153 0   324.3 0   276.787 0   276.821 0     0.0 0     0.0 0     0.0 0   -63.2 0   -63.2 0     4.7 0    82.0 0     0.6 0    83.3 0   905.7 0
 2026   7  1  7  8 23  8.383 164.11    -1.8 0    -0.1 0    -0.4 0    -0.2 0   260.9 0   277.269 0   277.173 0   324.4 0   276.776 0   276.812 0     0.0 0     0.0 0     0.0 0   -63.5 0   -63.5 0     4.7 0    82.2 0     0.5 0    76.4 0   905.7 0
 2026   7  1  7  8 24  8.400 164.02    -1.8 0    -0.2 0    -0.4 0    -0.2 0   260.1 0   277.279 0   277.193 0   324.3 0   276.766 0   276.802 0     0.0 0     0.0 0     0.0 0   -64.2 0   -64.2 0     4.7 0    82.1 0     0.4 0    75.3 0   905.7 0
 2026   7  1  7  8 25  8.417 163.92    -1.8 0    -0.2 0    -0.4 0    -0.2 0   258.7 0   277.292 0   277.189 0   324.1 0   276.756 0   276.793 0     0.0 0     0.0 0     0.0 0   -65.3 0   -65.3 0     4.7 0    82.1 0     0.1 0    73.1 0   905.7 0
 2026   7  1  7  8 26  8.433 163.82    -1.7 0    -0.2 0    -0.4 0    -0.2 0   257.3 0   277.295 0   277.149 0   323.8 0   276.745 0   276.782 0     0.0 0     0.0 0     0.0 0   -66.5 0   -66.5 0     4.7 0    82.1 0     0.0 0    72.1 0   905.7 0
 2026   7  1  7  8 27  8.450 163.71    -1.6 0    -0.1 0    -0.5 0    -0.2 0   256.2 0   277.280 0   277.091 0   323.6 0   276.733 0   276.768 0     0.0 0     0.0 0     0.0 0   -67.4 0   -67.4 0     4.7 0    82.2 0 -9999.9 1 -9999.9 1   905.6 0
 2026   7  1  7  8 28  8.467 163.61    -1.6 0    -0.1 0    -0.5 0    -0.3 0   255.6 0   277.245 0   277.010 0   323.3 0   276.720 0   276.750 0     0.0 0     0.0 0     0.0 0   -67.6 0   -67.6 0     4.7 0    82.2 0     0.2 0    43.4 0   905.6 0
 2026   7  1  7  8 29  8.483 163.50    -1.5 0    -0.1 0    -0.5 0    -0.3 0   255.4 0   277.200 0   276.986 0   323.3 0   276.705 0   276.737 0     0.0 0     0.0 0     0.0 0   -67.8 0   -67.8 0     4.6 0    82.3 0     0.4 0    38.0 0   905.6 0
 2026   7  1  7  8 30  8.500 163.39    -1.5 0    -0.1 0    -0.5 0    -0.2 0   255.5 0   277.164 0   276.988 0   323.2 0   276.689 0   276.723 0     0.0 0     0.0 0     0.0 0   -67.7 0   -67.7 0     4.6 0    82.6 0     0.2 0    38.0 0   905.6 0
 2026   7  1  7  8 31  8.517 163.28    -1.5 0    -0.1 0    -0.5 0    -0.2 0   255.5 0   277.139 0   276.975 0   323.2 0   276.675 0   276.711 0     0.0 0     0.0 0     0.0 0   -67.7 0   -67.7 0     4.6 0    82.8 0 -9999.9 1 -9999.9 1   905.6 0
 2026   7  1  7  8 32  8.533 163.17    -1.5 0    -0.2 0    -0.5 0    -0.2 0   255.6 0   277.117 0   276.944 0   323.3 0   276.662 0   276.703 0     0.0 0     0.0 0     0.0 0   -67.7 0   -67.7 0     4.6 0    82.9 0 -9999.9 1 -9999.9 1   905.6 0
 2026   7  1  7  8 33  8.550 163.05    -1.5 0    -0.2 0    -0.5 0    -0.3 0   255.7 0   277.089 0   276.881 0   323.2 0   276.650 0   276.693 0     0.0 0     0.0 0     0.0 0   -67.5 0   -67.5 0     4.6 0    83.0 0 -9999.9 1 -9999.9 1   905.6 0
 2026   7  1  7  8 34  8.567 162.93    -1.5 0    -0.2 0    -0.5 0    -0.3 0   255.8 0   277.050 0   276.858 0   323.2 0   276.637 0   276.681 0     0.0 0     0.0 0     0.0 0   -67.3 0   -67.3 0     4.6 0    83.1 0 -9999.9 1 -9999.9 1   905.6 0
 2026   7  1  7  8 35  8.583 162.81    -1.5 0    -0.2 0    -0.5 0    -0.2 0   255.7 0   277.023 0   276.874 0   323.3 0   276.626 0   276.672 0     0.0 0     0.0 0     0.0 0   -67.6 0   -67.6 0     4.6 0    82.9 0 -9999.9 1 -9999.9 1   905.6 0
 2026   7  1  7  8 36  8.600 162.69    -1.5 0    -0.1 0    -0.5 0    -0.2 0   255.7 0   277.008 0   276.891 0   323.2 0   276.615 0   276.664 0     0.0 0     0.0 0     0.0 0   -67.6 0   -67.6 0     4.5 0    82.8 0 -9999.9 1 -9999.9 1   905.6 0
 2026   7  1  7  8 37  8.617 162.57    -1.5 0    -0.1 0    -0.5 0    -0.2 0   255.5 0   277.005 0   276.896 0   323.2 0   276.604 0   276.653 0     0.0 0     0.0 0     0.0 0   -67.6 0   -67.6 0     4.5 0    83.0 0 -9999.9 1 -9999.9 1   905.6 0
 2026   7  1  7  8 38  8.633 162.44    -1.5 0    -0.1 0    -0.5 0    -0.2 0   255.4 0   277.008 0   276.908 0   323.0 0   276.593 0   276.641 0     0.0 0     0.0 0     0.0 0   -67.6 0   -67.6 0     4.5 0    83.1 0 -9999.9 1 -9999.9 1   905.6 0
 2026   7  1  7  8 39  8.650 162.32    -1.5 0    -0.1 0    -0.5 0    -0.2 0   255.4 0   277.012 0   276.905 0   322.9 0   276.580 0   276.625 0     0.0 0     0.0 0     0.0 0   -67.5 0   -67.5 0     4.5 0    83.2 0 -9999.9 1 -9999.9 1   905.6 0
 2026   7  1  7  8 40  8.667 162.19    -1.5 0     0.0 0    -0.5 0    -0.2 0   255.2 0   277.018 0   276.911 0   322.8 0   276.567 0   276.608 0     0.0 0     0.0 0     0.0 0   -67.7 0   -67.7 0     4.5 0    83.3 0 -9999.9 1 -9999.9 1   905.5 0
 2026   7  1  7  8 41  8.683 162.06    -1.5 0     0.0 0    -0.5 0    -0.2 0   255.0 0   277.017 0   276.879 0   322.8 0   276.553 0   276.594 0     0.0 0     0.0 0     0.0 0   -67.8 0   -67.8 0     4.5 0    83.4 0 -9999.9 1 -9999.9 1   905.5 0
 2026   7  1  7  8 42  8.700 161.93    -1.6 0    -0.1 0    -0.5 0    -0.2 0   254.8 0   277.006 0   276.847 0   322.7 0   276.539 0   276.589 0     0.0 0     0.0 0     0.0 0   -68.0 0   -68.0 0     4.5 0    83.5 0 -9999.9 1 -9999.9 1   905.5 0
 2026   7  1  7  8 43  8.717 161.79    -1.5 0    -0.1 0    -0.5 0    -0.2 0   254.7 0   276.990 0   276.844 0   322.5 0   276.527 0   276.576 0     0.0 0     0.0 0     0.0 0   -67.8 0   -67.8 0     4.4 0    83.4 0 -9999.9 1 -9999.9 1   905.5 0
 2026   7  1  7  8 44  8.733 161.66    -1.6 0    -0.1 0    -0.5 0    -0.2 0   254.7 0   276.982 0   276.864 0   322.5 0   276.513 0   276.562 0     0.0 0     0.0 0     0.0 0   -67.8 0   -67.8 0     4.4 0    83.5 0 -9999.9 1 -9999.9 1   905.5 0
 2026   7  1  7  8 45  8.750 161.52    -1.7 0    -0.1 0    -0.5 0    -0.2 0   254.3 0   276.976 0   276.821 0   322.3 0   276.499 0   276.543 0     0.0 0     0.0 0     0.0 0   -68.0 0   -68.0 0     4.4 0    83.5 0 -9999.9 1 -9999.9 1   905.5 0
 2026   7  1  7  8 46  8.767 161.38    -1.6 0     0.0 0    -0.5 0    -0.2 0   253.9 0   276.956 0   276.762 0   322.2 0   276.484 0   276.526 0     0.0 0     0.0 0     0.0 0   -68.3 0   -68.3 0     4.4 0    83.7 0 -9999.9 1 -9999.9 1   905.4 0
 2026   7  1  7  8 47  8.783 161.25    -1.6 0     0.0 0    -0.6 0    -0.3 0   253.9 0   276.917 0   276.700 0   322.2 0   276.468 0   276.506 0     0.0 0     0.0 0     0.0 0   -68.3 0   -68.3 0     4.4 0    83.9 0 -9999.9 1 -9999.9 1   905.4 0
 2026   7  1  7  8 48  8.800 161.10    -1.8 0     0.0 0    -0.5 0    -0.2 0   253.9 0   276.874 0   276.699 0   322.1 0   276.452 0   276.487 0     0.0 0     0.0 0     0.0 0   -68.2 0   -68.2 0     4.4 0    83.9 0 -9999.9 1 -9999.9 1   905.4 0
 2026   7  1  7  8 49  8.817 160.96    -1.8 0     0.0 0    -0.5 0    -0.2 0   253.7 0   276.846 0   276.679 0   322.0 0   276.435 0   276.470 0     0.0 0     0.0 0     0.0 0   -68.3 0   -68.3 0     4.4 0    83.9 0 -9999.9 1 -9999.9 1   905.4 0
 2026   7  1  7  8 50  8.833 160.82    -1.9 0    -0.1 0    -0.6 0    -0.2 0   253.6 0   276.814 0   276.604 0   321.9 0   276.419 0   276.456 0     0.0 0     0.0 0     0.0 0   -68.4 0   -68.4 0     4.4 0    83.9 0 -9999.9 1 -9999.9 1   905.3 0
 2026   7  1  7  8 51  8.850 160.67    -1.9 0    -0.1 0    -0.6 0    -0.2 0   253.8 0   276.776 0   276.610 0   321.9 0   276.403 0   276.441 0     0.0 0     0.0 0     0.0 0   -68.1 0   -68.1 0     4.4 0    83.9 0 -9999.9 1 -9999.9 1   905.3 0
 2026   7  1  7  8 52  8.867 160.53    -2.0 0    -0.1 0    -0.6 0    -0.2 0   253.6 0   276.752 0   276.587 0   321.8 0   276.387 0   276.423 0     0.0 0     0.0 0     0.0 0   -68.2 0   -68.2 0     4.3 0    84.0 0 -9999.9 1 -9999.9 1   905.3 0
 2026   7  1  7  8 53  8.883 160.38    -1.8 0    -0.1 0    -0.6 0    -0.2 0   253.7 0   276.732 0   276.582 0   321.8 0   276.370 0   276.406 0     0.0 0     0.0 0     0.0 0   -68.1 0   -68.1 0     4.3 0    84.0 0 -9999.9 1 -9999.9 1   905.3 0
 2026   7  1  7  8 54  8.900 160.23    -1.7 0    -0.1 0    -0.5 0    -0.2 0   253.8 0   276.720 0   276.582 0   321.7 0   276.352 0   276.388 0     0.0 0     0.0 0     0.0 0   -67.9 0   -67.9 0     4.3 0    84.1 0 -9999.9 1 -9999.9 1   905.3 0
 2026   7  1  7  8 55  8.917 160.08    -1.7 0    -0.1 0    -0.5 0    -0.2 0   253.8 0   276.710 0   276.563 0   321.6 0   276.334 0   276.370 0     0.0 0     0.0 0     0.0 0   -67.7 0   -67.7 0     4.3 0    84.1 0 -9999.9 1 -9999.9 1   905.3 0
 2026   7  1  7  8 56  8.933 159.93    -1.7 0    -0.1 0    -0.5 0    -0.2 0   253.9 0   276.702 0   276.576 0   321.5 0   276.316 0   276.348 0     0.0 0     0.0 0     0.0 0   -67.6 0   -67.6 0     4.3 0    84.2 0 -9999.9 1 -9999.9 1   905.3 0
 2026   7  1  7  8 57  8.950 159.78    -1.6 0    -0.1 0    -0.5 0    -0.2 0   253.7 0   276.696 0   276.548 0   321.4 0   276.298 0   276.333 0     0.0 0     0.0 0     0.0 0   -67.7 0   -67.7 0     4.2 0    84.2 0 -9999.9 1 -9999.9 1   905.3 0
 2026   7  1  7  8 58  8.967 159.62    -1.6 0    -0.1 0    -0.5 0    -0.2 0   253.1 0   276.681 0   276.491 0   321.3 0   276.281 0   276.312 0     0.0 0     0.0 0     0.0 0   -68.2 0   -68.2 0     4.2 0    84.5 0 -9999.9 1 -9999.9 1   905.3 0
 2026   7  1  7  8 59  8.983 159.47    -1.5 0    -0.1 0    -0.5 0    -0.2 0   253.1 0   276.650 0   276.451 0   321.1 0   276.262 0   276.291 0     0.0 0     0.0 0     0.0 0   -68.0 0   -68.0 0     4.2 0    84.7 0     0.4 0   131.2 0   905.3 0
 2026   7  1  7  9  0  9.000 159.31    -1.4 0    -0.1 0    -0.5 0    -0.3 0   252.8 0   276.612 0   276.391 0   320.8 0   276.242 0   276.269 0     0.0 0     0.0 0     0.0 0   -68.0 0   -68.0 0     4.2 0    84.7 0     0.9 0   140.1 0   905.3 0
 2026   7  1  7  9  1  9.017 159.16    -1.3 0     0.0 0    -0.5 0    -0.3 0   252.6 0   276.566 0   276.342 0   320.4 0   276.222 0   276.246 0     0.0 0     0.0 0     0.0 0   -67.7 0   -67.7 0     4.1 0    84.4 0     0.9 0   130.4 0   905.3 0
 2026   7  1  7  9  2  9.033 159.00    -1.1 0     0.1 0    -0.5 0    -0.3 0   252.4 0   276.513 0   276.273 0   320.1 0   276.197 0   276.215 0     0.0 0     0.0 0     0.0 0   -67.7 0   -67.7 0     4.0 0    84.5 0     1.0 0   134.2 0   905.3 0
 2026   7  1  7  9  3  9.050 158.84    -0.9 0     0.1 0    -0.5 0    -0.3 0   252.0 0   276.455 0   276.198 0   320.0 0   276.170 0   276.188 0     0.0 0     0.0 0     0.0 0   -68.0 0   -68.0 0     3.8 0    85.0 0     1.0 0   131.1 0   905.3 0
 2026   7  1  7  9  4  9.067 158.68    -0.8 0     0.0 0    -0.6 0    -0.3 0   251.5 0   276.387 0   276.085 0   319.9 0   276.143 0   276.163 0     0.0 0     0.0 0     0.0 0   -68.4 0   -68.4 0     3.8 0    85.5 0     1.2 0   129.8 0   905.3 0
 2026   7  1  7  9  5  9.083 158.52    -0.9 0     0.0 0    -0.6 0    -0.3 0   251.2 0   276.303 0   275.988 0   319.8 0   276.116 0   276.133 0     0.0 0     0.0 0     0.0 0   -68.6 0   -68.6 0     3.7 0    86.0 0     1.3 0   127.7 0   905.3 0
 2026   7  1  7  9  6  9.100 158.36    -1.0 0    -0.1 0    -0.6 0    -0.3 0   251.2 0   276.215 0   275.897 0   319.9 0   276.090 0   276.113 0     0.0 0     0.0 0     0.0 0   -68.7 0   -68.7 0     3.6 0    86.7 0     1.3 0   122.7 0   905.3 0
 2026   7  1  7  9  7  9.117 158.19    -1.0 0    -0.2 0    -0.5 0    -0.3 0   251.8 0   276.128 0   275.848 0   319.9 0   276.068 0   276.092 0     0.0 0     0.0 0     0.0 0   -68.1 0   -68.1 0     3.6 0    86.8 0     1.1 0   117.3 0   905.3 0
 2026   7  1  7  9  8  9.133 158.03    -1.1 0    -0.3 0    -0.5 0    -0.2 0   252.6 0   276.064 0   275.872 0   320.0 0   276.048 0   276.074 0     0.0 0     0.0 0     0.0 0   -67.4 0   -67.4 0     3.7 0    86.7 0     1.1 0   118.4 0   905.3 0
 2026   7  1  7  9  9  9.150 157.87    -1.4 0    -0.2 0    -0.4 0    -0.2 0   253.1 0   276.032 0   275.890 0   319.8 0   276.028 0   276.049 0     0.0 0     0.0 0     0.0 0   -66.6 0   -66.6 0     3.6 0    86.2 0     1.2 0   115.4 0   905.2 0
 2026   7  1  7  9 10  9.167 157.70    -1.7 0    -0.2 0    -0.4 0    -0.1 0   253.4 0   276.024 0   275.925 0   319.8 0   276.005 0   276.030 0     0.0 0     0.0 0     0.0 0   -66.4 0   -66.4 0     3.6 0    87.4 0     1.2 0   121.4 0   905.2 0
 2026   7  1  7  9 11  9.183 157.54    -1.8 0    -0.3 0    -0.4 0    -0.1 0   253.7 0   276.030 0   275.939 0   319.9 0   275.989 0   276.023 0     0.0 0     0.0 0     0.0 0   -66.2 0   -66.2 0     3.7 0    87.2 0     1.0 0   118.2 0   905.2 0
 2026   7  1  7  9 12  9.200 157.37    -2.0 0    -0.4 0    -0.4 0    -0.2 0   254.1 0   276.040 0   275.950 0   320.3 0   275.977 0   276.012 0     0.0 0     0.0 0     0.0 0   -66.2 0   -66.2 0     3.8 0    86.7 0     0.9 0   112.1 0   905.2 0
 2026   7  1  7  9 13  9.217 157.20    -2.0 0    -0.4 0    -0.4 0    -0.2 0   254.5 0   276.054 0   275.966 0   320.6 0   275.968 0   276.006 0     0.0 0     0.0 0     0.0 0   -66.2 0   -66.2 0     4.0 0    86.2 0     1.0 0   108.2 0   905.2 0
 2026   7  1  7  9 14  9.233 157.03    -2.1 0    -0.4 0    -0.4 0    -0.2 0   254.9 0   276.068 0   275.987 0   320.7 0   275.962 0   276.002 0     0.0 0     0.0 0     0.0 0   -65.8 0   -65.8 0     4.1 0    85.5 0     0.9 0   108.8 0   905.2 0
 2026   7  1  7  9 15  9.250 156.86    -2.1 0    -0.4 0    -0.3 0    -0.2 0   255.1 0   276.088 0   276.014 0   320.8 0   275.958 0   275.999 0     0.0 0     0.0 0     0.0 0   -65.7 0   -65.7 0     4.2 0    84.9 0     1.1 0   116.7 0   905.2 0
 2026   7  1  7  9 16  9.267 156.69    -2.1 0    -0.5 0    -0.3 0    -0.2 0   255.2 0   276.107 0   276.028 0   320.7 0   275.957 0   275.999 0     0.0 0     0.0 0     0.0 0   -65.5 0   -65.5 0     4.2 0    84.3 0     1.2 0   120.4 0   905.2 0
 2026   7  1  7  9 17  9.283 156.52    -2.2 0    -0.5 0    -0.3 0    -0.2 0   255.0 0   276.127 0   276.049 0   320.7 0   275.956 0   276.000 0     0.0 0     0.0 0     0.0 0   -65.7 0   -65.7 0     4.3 0    83.9 0     1.2 0   119.6 0   905.2 0
 2026   7  1  7  9 18  9.300 156.35    -2.2 0    -0.5 0    -0.3 0    -0.2 0   254.9 0   276.147 0   276.075 0   320.7 0   275.956 0   276.000 0     0.0 0     0.0 0     0.0 0   -65.8 0   -65.8 0     4.3 0    83.6 0     1.1 0   116.4 0   905.2 0
 2026   7  1  7  9 19  9.317 156.18    -2.3 0    -0.4 0    -0.3 0    -0.2 0   254.5 0   276.170 0   276.101 0   320.7 0   275.956 0   276.005 0     0.0 0     0.0 0     0.0 0   -66.2 0   -66.2 0     4.3 0    83.5 0     1.0 0   112.0 0   905.2 0
 2026   7  1  7  9 20  9.333 156.01    -2.3 0    -0.3 0    -0.2 0    -0.1 0   254.2 0   276.197 0   276.143 0   320.7 0   275.955 0   276.007 0     0.0 0     0.0 0     0.0 0   -66.4 0   -66.4 0     4.3 0    83.4 0     0.8 0   100.1 0   905.1 0
 2026   7  1  7  9 21  9.350 155.83    -2.2 0    -0.3 0    -0.3 0    -0.2 0   253.8 0   276.224 0   276.135 0   320.7 0   275.954 0   276.008 0     0.0 0     0.0 0     0.0 0   -66.9 0   -66.9 0     4.2 0    83.4 0     0.7 0    90.8 0   905.1 0
 2026   7  1  7  9 22  9.367 155.66    -2.2 0    -0.2 0    -0.3 0    -0.2 0   253.7 0   276.243 0   276.162 0   320.5 0   275.953 0   276.008 0     0.0 0     0.0 0     0.0 0   -66.8 0   -66.8 0     4.2 0    83.5 0     0.7 0    90.5 0   905.1 0
 2026   7  1  7  9 23  9.383 155.48    -2.1 0    -0.1 0    -0.2 0    -0.2 0   253.7 0   276.264 0   276.191 0   320.3 0   275.950 0   275.999 0     0.0 0     0.0 0     0.0 0   -66.6 0   -66.6 0     4.2 0    83.5 0     0.8 0    72.8 0   905.1 0
 2026   7  1  7  9 24  9.400 155.31    -2.0 0    -0.1 0    -0.2 0    -0.2 0   253.7 0   276.291 0   276.221 0   320.3 0   275.947 0   275.995 0     0.0 0     0.0 0     0.0 0   -66.6 0   -66.6 0     4.2 0    83.6 0     0.6 0    73.8 0   905.1 0
 2026   7  1  7  9 25  9.417 155.13    -2.0 0    -0.1 0    -0.2 0    -0.2 0   253.8 0   276.315 0   276.239 0   320.3 0   275.946 0   275.998 0     0.0 0     0.0 0     0.0 0   -66.5 0   -66.5 0     4.2 0    83.7 0     0.7 0    74.5 0   905.1 0
 2026   7  1  7  9 26  9.433 154.96    -2.0 0    -0.1 0    -0.2 0    -0.2 0   253.9 0   276.340 0   276.271 0   320.3 0   275.945 0   275.995 0     0.0 0     0.0 0     0.0 0   -66.4 0   -66.4 0     4.2 0    83.6 0     0.8 0    70.0 0   905.2 0
 2026   7  1  7  9 27  9.450 154.78    -2.2 0    -0.1 0    -0.2 0    -0.2 0   254.0 0   276.369 0   276.304 0   320.5 0   275.946 0   275.996 0     0.0 0     0.0 0     0.0 0   -66.5 0   -66.5 0     4.3 0    83.6 0     0.9 0    67.8 0   905.1 0
 2026   7  1  7  9 28  9.467 154.60    -2.2 0    -0.1 0    -0.2 0    -0.2 0   253.9 0   276.395 0   276.307 0   320.7 0   275.948 0   275.999 0     0.0 0     0.0 0     0.0 0   -66.8 0   -66.8 0     4.3 0    83.5 0     1.0 0    65.0 0   905.1 0
 2026   7  1  7  9 29  9.483 154.42    -2.2 0    -0.2 0    -0.2 0    -0.2 0   254.0 0   276.415 0   276.332 0   320.7 0   275.953 0   276.004 0     0.0 0     0.0 0     0.0 0   -66.7 0   -66.7 0     4.3 0    83.3 0     1.1 0    64.1 0   905.1 0
 2026   7  1  7  9 30  9.500 154.24    -2.3 0    -0.2 0    -0.2 0    -0.2 0   254.2 0   276.437 0   276.360 0   320.7 0   275.959 0   276.014 0     0.0 0     0.0 0     0.0 0   -66.5 0   -66.5 0     4.4 0    83.0 0     1.1 0    63.3 0   905.1 0
 2026   7  1  7  9 31  9.517 154.06    -2.3 0    -0.2 0    -0.1 0    -0.2 0   254.4 0   276.464 0   276.406 0   320.8 0   275.967 0   276.024 0     0.0 0     0.0 0     0.0 0   -66.4 0   -66.4 0     4.4 0    82.8 0     1.0 0    60.1 0   905.1 0
 2026   7  1  7  9 32  9.533 153.88    -2.3 0    -0.2 0    -0.2 0    -0.2 0   253.9 0   276.492 0   276.366 0   320.6 0   275.974 0   276.027 0     0.0 0     0.0 0     0.0 0   -66.7 0   -66.7 0     4.4 0    82.6 0     1.2 0    51.5 0   905.1 0
 2026   7  1  7  9 33  9.550 153.70    -2.2 0    -0.1 0    -0.3 0    -0.3 0   253.2 0   276.483 0   276.241 0   320.7 0   275.978 0   276.034 0     0.0 0     0.0 0     0.0 0   -67.6 0   -67.6 0     4.4 0    82.5 0     1.2 0    45.7 0   905.0 0
 2026   7  1  7  9 34  9.567 153.52    -2.2 0    -0.1 0    -0.3 0    -0.3 0   252.5 0   276.438 0   276.164 0   320.6 0   275.985 0   276.055 0     0.0 0     0.0 0     0.0 0   -68.1 0   -68.1 0     4.4 0    82.5 0     1.2 0    43.3 0   905.0 0
 2026   7  1  7  9 35  9.583 153.34    -2.2 0     0.0 0    -0.3 0    -0.3 0   252.5 0   276.383 0   276.157 0   320.3 0   275.993 0   276.065 0     0.0 0     0.0 0     0.0 0   -67.8 0   -67.8 0     4.4 0    82.4 0     1.1 0    42.4 0   905.0 0
 2026   7  1  7  9 36  9.600 153.16    -2.2 0     0.1 0    -0.2 0    -0.2 0   252.5 0   276.353 0   276.227 0   319.7 0   275.998 0   276.055 0     0.0 0     0.0 0     0.0 0   -67.1 0   -67.1 0     4.4 0    82.1 0     1.1 0    47.1 0   905.0 0
 2026   7  1  7  9 37  9.617 152.98    -2.1 0     0.4 0    -0.3 0    -0.2 0   252.1 0   276.355 0   276.248 0   319.0 0   275.990 0   276.004 0     0.0 0     0.0 0     0.0 0   -66.8 0   -66.8 0     4.2 0    81.3 0     1.1 0    49.6 0   905.0 0
 2026   7  1  7  9 38  9.633 152.79    -2.0 0     0.5 0    -0.3 0    -0.2 0   251.7 0   276.359 0   276.214 0   318.6 0   275.967 0   275.967 0     0.0 0     0.0 0     0.0 0   -66.9 0   -66.9 0     3.9 0    81.9 0     1.2 0    51.4 0   905.0 0
 2026   7  1  7  9 39  9.650 152.61    -1.7 0     0.4 0    -0.4 0    -0.2 0   251.1 0   276.346 0   276.160 0   319.1 0   275.940 0   275.964 0     0.0 0     0.0 0     0.0 0   -68.0 0   -68.0 0     3.7 0    83.9 0     0.7 0    89.2 0   905.0 0
 2026   7  1  7  9 40  9.667 152.43    -1.6 0     0.1 0    -0.4 0    -0.2 0   251.0 0   276.316 0   276.109 0   319.0 0   275.923 0   275.958 0     0.0 0     0.0 0     0.0 0   -68.0 0   -68.0 0     3.7 0    84.4 0     0.4 0    86.8 0   905.0 0
 2026   7  1  7  9 41  9.683 152.24    -1.6 0     0.1 0    -0.4 0    -0.2 0   250.8 0   276.284 0   276.117 0   318.7 0   275.903 0   275.917 0     0.0 0     0.0 0     0.0 0   -67.9 0   -67.9 0     3.5 0    84.2 0     0.6 0    42.5 0   905.0 0
 2026   7  1  7  9 42  9.700 152.06    -1.6 0     0.0 0    -0.4 0    -0.2 0   250.2 0   276.259 0   276.051 0   319.2 0   275.879 0   275.905 0     0.0 0     0.0 0     0.0 0   -68.9 0   -68.9 0     3.4 0    85.4 0     0.3 0    51.2 0   905.0 0
 2026   7  1  7  9 43  9.717 151.87    -1.5 0    -0.1 0    -0.5 0    -0.3 0   250.2 0   276.219 0   275.987 0   319.4 0   275.860 0   275.896 0     0.0 0     0.0 0     0.0 0   -69.2 0   -69.2 0     3.4 0    85.8 0     0.4 0    32.9 0   905.0 0
 2026   7  1  7  9 44  9.733 151.69    -1.5 0    -0.2 0    -0.5 0    -0.2 0   250.7 0   276.170 0   275.941 0   319.3 0   275.845 0   275.888 0     0.0 0     0.0 0     0.0 0   -68.6 0   -68.6 0     3.5 0    86.1 0     0.7 0    24.7 0   905.0 0
 2026   7  1  7  9 45  9.750 151.50    -1.5 0    -0.1 0    -0.5 0    -0.2 0   251.0 0   276.127 0   275.934 0   318.8 0   275.830 0   275.862 0     0.0 0     0.0 0     0.0 0   -67.8 0   -67.8 0     3.5 0    86.1 0     0.6 0    21.8 0   905.0 0
 2026   7  1  7  9 46  9.767 151.32    -1.6 0    -0.1 0    -0.4 0    -0.2 0   251.0 0   276.098 0   275.932 0   318.8 0   275.811 0   275.841 0     0.0 0     0.0 0     0.0 0   -67.7 0   -67.7 0     3.5 0    86.0 0     0.9 0    24.3 0   905.0 0
 2026   7  1  7  9 47  9.783 151.13    -1.6 0    -0.2 0    -0.5 0    -0.2 0   251.5 0   276.076 0   275.919 0   319.3 0   275.793 0   275.843 0     0.0 0     0.0 0     0.0 0   -67.8 0   -67.8 0     3.5 0    86.5 0     0.8 0    21.6 0   905.0 0
 2026   7  1  7  9 48  9.800 150.94    -1.7 0    -0.3 0    -0.5 0    -0.2 0   251.7 0   276.061 0   275.924 0   319.5 0   275.784 0   275.839 0     0.0 0     0.0 0     0.0 0   -67.7 0   -67.7 0     3.7 0    86.7 0     0.7 0    37.2 0   905.0 0
 2026   7  1  7  9 49  9.817 150.76    -1.6 0    -0.2 0    -0.4 0    -0.1 0   252.2 0   276.058 0   275.994 0   319.6 0   275.781 0   275.832 0     0.0 0     0.0 0     0.0 0   -67.4 0   -67.4 0     3.8 0    86.4 0     0.5 0    40.6 0   904.9 0
 2026   7  1  7  9 50  9.833 150.57    -1.8 0    -0.2 0    -0.4 0    -0.1 0   252.3 0   276.085 0   276.029 0   319.8 0   275.779 0   275.825 0     0.0 0     0.0 0     0.0 0   -67.5 0   -67.5 0     3.9 0    86.0 0     0.5 0    53.6 0   904.9 0
 2026   7  1  7  9 51  9.850 150.38    -1.8 0    -0.1 0    -0.4 0    -0.2 0   252.2 0   276.104 0   275.990 0   319.9 0   275.779 0   275.823 0     0.0 0     0.0 0     0.0 0   -67.8 0   -67.8 0     4.1 0    85.5 0     0.5 0    65.1 0   904.9 0
 2026   7  1  7  9 52  9.867 150.19    -1.7 0    -0.2 0    -0.4 0    -0.2 0   252.4 0   276.099 0   275.941 0   320.0 0   275.779 0   275.824 0     0.0 0     0.0 0     0.0 0   -67.6 0   -67.6 0     4.2 0    84.9 0     0.5 0    71.5 0   904.9 0
 2026   7  1  7  9 53  9.883 150.00    -1.7 0    -0.2 0    -0.4 0    -0.2 0   252.5 0   276.089 0   275.974 0   320.0 0   275.780 0   275.825 0     0.0 0     0.0 0     0.0 0   -67.5 0   -67.5 0     4.3 0    84.3 0     0.7 0    74.2 0   904.8 0
 2026   7  1  7  9 54  9.900 149.82    -1.9 0    -0.3 0    -0.3 0    -0.2 0   252.8 0   276.088 0   275.997 0   320.1 0   275.783 0   275.833 0     0.0 0     0.0 0     0.0 0   -67.3 0   -67.3 0     4.4 0    83.8 0     0.8 0    78.6 0   904.8 0
 2026   7  1  7  9 55  9.917 149.63    -2.1 0    -0.3 0    -0.2 0    -0.1 0   253.0 0   276.106 0   276.069 0   320.1 0   275.790 0   275.840 0     0.0 0     0.0 0     0.0 0   -67.1 0   -67.1 0     4.5 0    83.1 0     1.0 0    75.4 0   904.7 0
 2026   7  1  7  9 56  9.933 149.44    -2.3 0    -0.4 0    -0.2 0    -0.1 0   253.1 0   276.144 0   276.128 0   320.3 0   275.799 0   275.849 0     0.0 0     0.0 0     0.0 0   -67.2 0   -67.2 0     4.5 0    82.6 0     1.0 0    69.5 0   904.7 0
 2026   7  1  7  9 57  9.950 149.25    -2.4 0    -0.5 0    -0.2 0    -0.1 0   253.2 0   276.194 0   276.192 0   320.4 0   275.810 0   275.860 0     0.0 0     0.0 0     0.0 0   -67.2 0   -67.2 0     4.6 0    82.2 0     0.9 0    65.0 0   904.7 0
 2026   7  1  7  9 58  9.967 149.06    -2.4 0    -0.5 0    -0.2 0    -0.1 0   252.7 0   276.248 0   276.196 0   320.3 0   275.821 0   275.868 0     0.0 0     0.0 0     0.0 0   -67.6 0   -67.6 0     4.7 0    81.8 0     0.9 0    61.2 0   904.8 0
 2026   7  1  7  9 59  9.983 148.87    -2.2 0    -0.4 0    -0.2 0    -0.2 0   252.6 0   276.274 0   276.155 0   320.2 0   275.830 0   275.873 0     0.0 0     0.0 0     0.0 0   -67.6 0   -67.6 0     4.7 0    81.6 0     0.7 0    61.3 0   904.8 0
 2026   7  1  7 10  0 10.000 148.68    -2.1 0    -0.3 0    -0.2 0    -0.2 0   252.0 0   276.280 0   276.142 0   319.9 0   275.836 0   275.879 0     0.0 0     0.0 0     0.0 0   -67.9 0   -67.9 0     4.7 0    81.4 0     0.6 0    64.0 0   904.8 0
 2026   7  1  7 10  1 10.017 148.49    -2.0 0    -0.2 0    -0.2 0    -0.2 0   251.8 0   276.277 0   276.130 0   319.6 0   275.842 0   275.886 0     0.0 0     0.0 0     0.0 0   -67.8 0   -67.8 0     4.7 0    81.1 0     0.6 0    65.8 0   904.8 0
 2026   7  1  7 10  2 10.033 148.29    -1.8 0    -0.2 0    -0.2 0    -0.2 0   251.7 0   276.269 0   276.107 0   319.5 0   275.849 0   275.892 0     0.0 0     0.0 0     0.0 0   -67.8 0   -67.8 0     4.7 0    81.1 0     0.5 0    70.1 0   904.8 0
 2026   7  1  7 10  3 10.050 148.10    -1.8 0    -0.3 0    -0.2 0    -0.2 0   251.9 0   276.257 0   276.109 0   319.6 0   275.854 0   275.900 0     0.0 0     0.0 0     0.0 0   -67.6 0   -67.6 0     4.6 0    81.1 0     0.4 0    84.0 0   904.8 0
 2026   7  1  7 10  4 10.067 147.91    -1.8 0    -0.2 0    -0.2 0    -0.2 0   251.7 0   276.250 0   276.106 0   319.7 0   275.858 0   275.899 0     0.0 0     0.0 0     0.0 0   -68.0 0   -68.0 0     4.6 0    81.3 0     0.2 0    87.1 0   904.8 0
 2026   7  1  7 10  5 10.083 147.72    -2.0 0    -0.2 0    -0.2 0    -0.2 0   251.9 0   276.245 0   276.128 0   319.7 0   275.857 0   275.898 0     0.0 0     0.0 0     0.0 0   -67.8 0   -67.8 0     4.6 0    81.3 0 -9999.9 1 -9999.9 1   904.8 0
 2026   7  1  7 10  6 10.100 147.53    -2.1 0    -0.2 0    -0.3 0    -0.2 0   251.7 0   276.250 0   276.144 0   319.5 0   275.854 0   275.905 0     0.0 0     0.0 0     0.0 0   -67.8 0   -67.8 0     4.6 0    81.3 0 -9999.9 1 -9999.9 1   904.8 0
 2026   7  1  7 10  7 10.117 147.34    -2.1 0    -0.1 0    -0.3 0    -0.2 0   251.7 0   276.261 0   276.146 0   319.4 0   275.851 0   275.905 0     0.0 0     0.0 0     0.0 0   -67.7 0   -67.7 0     4.5 0    81.3 0 -9999.9 1 -9999.9 1   904.8 0
 2026   7  1  7 10  8 10.133 147.14    -2.2 0    -0.1 0    -0.3 0    -0.2 0   251.9 0   276.270 0   276.159 0   319.4 0   275.848 0   275.901 0     0.0 0     0.0 0     0.0 0   -67.5 0   -67.5 0     4.5 0    81.5 0 -9999.9 1 -9999.9 1   904.8 0
 2026   7  1  7 10  9 10.150 146.95    -2.1 0    -0.1 0    -0.3 0    -0.2 0   251.6 0   276.278 0   276.145 0   319.3 0   275.843 0   275.889 0     0.0 0     0.0 0     0.0 0   -67.7 0   -67.7 0     4.5 0    81.8 0 -9999.9 1 -9999.9 1   904.7 0
 2026   7  1  7 10 10 10.167 146.76    -2.1 0    -0.1 0    -0.4 0    -0.2 0   251.1 0   276.271 0   276.084 0   319.1 0   275.836 0   275.878 0     0.0 0     0.0 0     0.0 0   -68.0 0   -68.0 0     4.4 0    82.0 0 -9999.9 1 -9999.9 1   904.7 0
 2026   7  1  7 10 11 10.183 146.56    -1.7 0     0.0 0    -0.4 0    -0.2 0   251.2 0   276.240 0   276.040 0   318.9 0   275.828 0   275.871 0     0.0 0     0.0 0     0.0 0   -67.8 0   -67.8 0     4.4 0    82.1 0 -9999.9 1 -9999.9 1   904.7 0
 2026   7  1  7 10 12 10.200 146.37    -1.6 0     0.0 0    -0.4 0    -0.2 0   250.8 0   276.208 0   275.996 0   318.9 0   275.819 0   275.866 0     0.0 0     0.0 0     0.0 0   -68.1 0   -68.1 0     4.3 0    82.2 0 -9999.9 1 -9999.9 1   904.7 0
 2026   7  1  7 10 13 10.217 146.18    -1.5 0     0.0 0    -0.4 0    -0.2 0   251.0 0   276.170 0   275.980 0   318.6 0   275.810 0   275.857 0     0.0 0     0.0 0     0.0 0   -67.6 0   -67.6 0     4.3 0    82.3 0 -9999.9 1 -9999.9 1   904.7 0
 2026   7  1  7 10 14 10.233 145.98    -1.7 0     0.0 0    -0.4 0    -0.2 0   251.1 0   276.148 0   276.005 0   318.8 0   275.797 0   275.836 0     0.0 0     0.0 0     0.0 0   -67.7 0   -67.7 0     4.2 0    82.4 0 -9999.9 1 -9999.9 1   904.7 0
 2026   7  1  7 10 15 10.250 145.79    -1.7 0     0.0 0    -0.4 0    -0.2 0   250.8 0   276.139 0   275.983 0   318.6 0   275.784 0   275.827 0     0.0 0     0.0 0     0.0 0   -67.9 0   -67.9 0     4.2 0    82.7 0     0.4 0   234.5 0   904.7 0
 2026   7  1  7 10 16 10.267 145.59    -1.6 0     0.0 0    -0.4 0    -0.3 0   250.2 0   276.117 0   275.885 0   318.4 0   275.772 0   275.805 0     0.0 0     0.0 0     0.0 0   -68.2 0   -68.2 0     4.1 0    83.0 0     0.3 0   249.4 0   904.7 0
 2026   7  1  7 10 17 10.283 145.40    -1.3 0     0.0 0    -0.5 0    -0.3 0   249.3 0   276.059 0   275.723 0   318.1 0   275.756 0   275.789 0     0.0 0     0.0 0     0.0 0   -68.8 0   -68.8 0     4.0 0    83.2 0     0.4 0   269.6 0   904.6 0
 2026   7  1  7 10 18 10.300 145.20    -1.2 0     0.0 0    -0.5 0    -0.3 0   249.3 0   275.969 0   275.644 0   318.1 0   275.741 0   275.779 0     0.0 0     0.0 0     0.0 0   -68.8 0   -68.8 0     4.0 0    83.3 0     0.4 0   313.8 0   904.6 0
 2026   7  1  7 10 19 10.317 145.01    -1.3 0     0.0 0    -0.4 0    -0.3 0   249.2 0   275.889 0   275.620 0   318.0 0   275.726 0   275.761 0     0.0 0     0.0 0     0.0 0   -68.8 0   -68.8 0     3.9 0    83.5 0     0.4 0   342.5 0   904.6 0
 2026   7  1  7 10 20 10.333 144.81    -1.5 0     0.0 0    -0.4 0    -0.2 0   249.8 0   275.827 0   275.615 0   317.4 0   275.709 0   275.739 0     0.0 0     0.0 0     0.0 0   -67.6 0   -67.6 0     3.8 0    83.7 0     0.3 0    13.4 0   904.6 0
 2026   7  1  7 10 21 10.350 144.62    -1.5 0     0.0 0    -0.3 0    -0.2 0   249.9 0   275.798 0   275.671 0   317.4 0   275.687 0   275.712 0     0.0 0     0.0 0     0.0 0   -67.6 0   -67.6 0     3.7 0    83.9 0     0.6 0    42.3 0   904.6 0
 2026   7  1  7 10 22 10.367 144.42    -1.5 0     0.0 0    -0.4 0    -0.2 0   249.7 0   275.792 0   275.644 0   317.0 0   275.666 0   275.688 0     0.0 0     0.0 0     0.0 0   -67.3 0   -67.3 0     3.6 0    84.3 0     0.9 0    48.9 0   904.6 0
 2026   7  1  7 10 23 10.383 144.23    -1.4 0     0.2 0    -0.5 0    -0.3 0   248.7 0   275.770 0   275.538 0   316.6 0   275.640 0   275.646 0     0.0 0     0.0 0     0.0 0   -67.9 0   -67.9 0     3.5 0    84.3 0     0.9 0    59.4 0   904.6 0
 2026   7  1  7 10 24 10.400 144.03    -1.1 0     0.2 0    -0.5 0    -0.4 0   248.1 0   275.709 0   275.395 0   316.4 0   275.607 0   275.606 0     0.0 0     0.0 0     0.0 0   -68.3 0   -68.3 0     3.3 0    84.1 0     1.0 0    75.0 0   904.6 0
 2026   7  1  7 10 25 10.417 143.84    -1.2 0     0.3 0    -0.5 0    -0.4 0   247.8 0   275.625 0   275.307 0   316.2 0   275.566 0   275.562 0     0.0 0     0.0 0     0.0 0   -68.4 0   -68.4 0     2.9 0    84.8 0     1.1 0   103.6 0   904.6 0
 2026   7  1  7 10 26 10.433 143.64    -1.2 0     0.2 0    -0.5 0    -0.3 0   247.4 0   275.539 0   275.227 0   316.4 0   275.522 0   275.527 0     0.0 0     0.0 0     0.0 0   -68.9 0   -68.9 0     2.7 0    86.7 0     1.1 0   117.9 0   904.6 0
 2026   7  1  7 10 27 10.450 143.44    -1.1 0    -0.1 0    -0.5 0    -0.3 0   247.5 0   275.455 0   275.151 0   316.6 0   275.486 0   275.506 0     0.0 0     0.0 0     0.0 0   -69.1 0   -69.1 0     2.7 0    88.7 0     0.7 0   123.6 0   904.6 0
 2026   7  1  7 10 28 10.467 143.25    -1.2 0    -0.3 0    -0.6 0    -0.3 0   247.8 0   275.376 0   275.098 0   317.1 0   275.461 0   275.491 0     0.0 0     0.0 0     0.0 0   -69.3 0   -69.3 0     2.8 0    89.0 0     0.6 0   122.4 0   904.6 0
 2026   7  1  7 10 29 10.483 143.05    -1.3 0    -0.4 0    -0.6 0    -0.3 0   248.1 0   275.306 0   275.056 0   317.1 0   275.442 0   275.475 0     0.0 0     0.0 0     0.0 0   -69.0 0   -69.0 0     2.9 0    89.1 0     0.5 0   107.6 0   904.6 0
 2026   7  1  7 10 30 10.500 142.86    -1.4 0    -0.4 0    -0.5 0    -0.2 0   248.5 0   275.249 0   275.042 0   317.2 0   275.425 0   275.456 0     0.0 0     0.0 0     0.0 0   -68.7 0   -68.7 0     3.0 0    88.9 0     0.7 0    96.2 0   904.5 0
 2026   7  1  7 10 31 10.517 142.66    -1.5 0    -0.4 0    -0.5 0    -0.2 0   248.4 0   275.208 0   275.020 0   317.2 0   275.408 0   275.444 0     0.0 0     0.0 0     0.0 0   -68.8 0   -68.8 0     3.1 0    88.8 0     0.9 0    89.0 0   904.5 0
 2026   7  1  7 10 32 10.533 142.46    -1.7 0    -0.4 0    -0.5 0    -0.2 0   248.4 0   275.173 0   274.991 0   317.0 0   275.394 0   275.432 0     0.0 0     0.0 0     0.0 0   -68.6 0   -68.6 0     3.1 0    88.2 0     0.9 0    75.6 0   904.5 0
 2026   7  1  7 10 33 10.550 142.26    -1.8 0    -0.3 0    -0.5 0    -0.2 0   248.9 0   275.148 0   275.016 0   317.3 0   275.379 0   275.413 0     0.0 0     0.0 0     0.0 0   -68.4 0   -68.4 0     3.1 0    88.1 0     0.7 0    69.3 0   904.5 0
 2026   7  1  7 10 34 10.567 142.07    -1.8 0    -0.3 0    -0.4 0    -0.1 0   249.0 0   275.143 0   275.043 0   317.4 0   275.366 0   275.404 0     0.0 0     0.0 0     0.0 0   -68.5 0   -68.5 0     3.2 0    88.0 0     0.8 0    57.3 0   904.5 0
 2026   7  1  7 10 35 10.583 141.87    -2.0 0    -0.3 0    -0.4 0    -0.1 0   249.1 0   275.153 0   275.079 0   317.5 0   275.356 0   275.394 0     0.0 0     0.0 0     0.0 0   -68.4 0   -68.4 0     3.2 0    87.8 0     0.7 0    53.9 0   904.5 0
 2026   7  1  7 10 36 10.600 141.67    -2.1 0    -0.3 0    -0.4 0    -0.2 0   249.0 0   275.169 0   275.058 0   317.4 0   275.345 0   275.380 0     0.0 0     0.0 0     0.0 0   -68.3 0   -68.3 0     3.3 0    87.6 0     0.8 0    44.1 0   904.5 0
 2026   7  1  7 10 37 10.617 141.47    -2.1 0    -0.2 0    -0.4 0    -0.2 0   249.0 0   275.170 0   275.043 0   317.3 0   275.333 0   275.368 0     0.0 0     0.0 0     0.0 0   -68.3 0   -68.3 0     3.2 0    87.3 0     0.7 0    39.7 0   904.4 0
 2026   7  1  7 10 38 10.633 141.28    -2.1 0    -0.2 0    -0.4 0    -0.2 0   249.4 0   275.170 0   275.070 0   317.5 0   275.320 0   275.365 0     0.0 0     0.0 0     0.0 0   -68.1 0   -68.1 0     3.2 0    87.3 0     0.4 0    39.4 0   904.4 0
 2026   7  1  7 10 39 10.650 141.08    -2.1 0    -0.2 0    -0.3 0    -0.2 0   249.6 0   275.180 0   275.097 0   317.4 0   275.310 0   275.356 0     0.0 0     0.0 0     0.0 0   -67.8 0   -67.8 0     3.3 0    87.5 0     0.3 0    49.1 0   904.4 0
 2026   7  1  7 10 40 10.667 140.88    -2.1 0    -0.2 0    -0.3 0    -0.2 0   249.7 0   275.198 0   275.115 0   317.5 0   275.302 0   275.357 0     0.0 0     0.0 0     0.0 0   -67.8 0   -67.8 0     3.3 0    87.6 0     0.4 0    96.6 0   904.4 0
 2026   7  1  7 10 41 10.683 140.68    -2.2 0    -0.1 0    -0.3 0    -0.2 0   250.0 0   275.212 0   275.138 0   317.5 0   275.297 0   275.350 0     0.0 0     0.0 0     0.0 0   -67.5 0   -67.5 0     3.4 0    87.3 0     0.6 0   116.1 0   904.3 0
 2026   7  1  7 10 42 10.700 140.49    -2.3 0    -0.1 0    -0.3 0    -0.2 0   249.8 0   275.231 0   275.145 0   317.4 0   275.291 0   275.341 0     0.0 0     0.0 0     0.0 0   -67.7 0   -67.7 0     3.4 0    87.0 0     0.9 0   119.7 0   904.3 0
 2026   7  1  7 10 43 10.717 140.29    -2.0 0    -0.1 0    -0.4 0    -0.2 0   249.7 0   275.240 0   275.116 0   317.4 0   275.286 0   275.336 0     0.0 0     0.0 0     0.0 0   -67.7 0   -67.7 0     3.4 0    86.9 0     1.2 0   127.0 0   904.3 0
 2026   7  1  7 10 44 10.733 140.09    -1.9 0    -0.1 0    -0.4 0    -0.2 0   249.1 0   275.231 0   275.058 0   317.0 0   275.280 0   275.326 0     0.0 0     0.0 0     0.0 0   -67.9 0   -67.9 0     3.4 0    86.6 0     1.1 0   112.5 0   904.3 0
 2026   7  1  7 10 45 10.750 139.89    -1.6 0    -0.1 0    -0.4 0    -0.3 0   248.9 0   275.197 0   274.970 0   317.1 0   275.274 0   275.319 0     0.0 0     0.0 0     0.0 0   -68.2 0   -68.2 0     3.4 0    86.8 0     1.4 0   122.1 0   904.3 0
 2026   7  1  7 10 46 10.767 139.69    -1.6 0    -0.3 0    -0.4 0    -0.3 0   249.1 0   275.150 0   274.933 0   317.4 0   275.273 0   275.326 0     0.0 0     0.0 0     0.0 0   -68.3 0   -68.3 0     3.4 0    87.0 0     1.8 0   126.5 0   904.3 0
 2026   7  1  7 10 47 10.783 139.49    -1.6 0    -0.4 0    -0.5 0    -0.3 0   248.6 0   275.101 0   274.867 0   317.1 0   275.277 0   275.329 0     0.0 0     0.0 0     0.0 0   -68.5 0   -68.5 0     3.5 0    86.3 0     2.1 0   125.2 0   904.2 0
 2026   7  1  7 10 48 10.800 139.29    -1.4 0    -0.4 0    -0.5 0    -0.3 0   248.2 0   275.046 0   274.818 0   316.7 0   275.279 0   275.321 0     0.0 0     0.0 0     0.0 0   -68.5 0   -68.5 0     3.5 0    85.9 0     2.2 0   122.9 0   904.3 0
 2026   7  1  7 10 49 10.817 139.10    -1.5 0    -0.3 0    -0.4 0    -0.2 0   247.9 0   274.999 0   274.809 0   316.2 0   275.277 0   275.310 0     0.0 0     0.0 0     0.0 0   -68.2 0   -68.2 0     3.4 0    85.7 0     2.3 0   115.4 0   904.3 0
 2026   7  1  7 10 50 10.833 138.90    -1.5 0     0.0 0    -0.5 0    -0.2 0   247.8 0   274.964 0   274.785 0   315.4 0   275.259 0   275.254 0     0.0 0     0.0 0     0.0 0   -67.6 0   -67.6 0     3.2 0    84.3 0     1.9 0   113.7 0   904.3 0
 2026   7  1  7 10 51 10.850 138.70    -1.6 0     0.2 0    -0.4 0    -0.2 0   247.9 0   274.937 0   274.773 0   315.2 0   275.222 0   275.215 0     0.0 0     0.0 0     0.0 0   -67.2 0   -67.2 0     2.8 0    85.7 0     1.6 0   119.9 0   904.3 0
 2026   7  1  7 10 52 10.867 138.50    -1.7 0     0.2 0    -0.5 0    -0.2 0   248.0 0   274.915 0   274.759 0   315.1 0   275.185 0   275.184 0     0.0 0     0.0 0     0.0 0   -67.1 0   -67.1 0     2.6 0    86.8 0     1.2 0   121.0 0   904.2 0
 2026   7  1  7 10 53 10.883 138.30    -1.7 0     0.1 0    -0.5 0    -0.2 0   247.9 0   274.898 0   274.755 0   315.1 0   275.149 0   275.156 0     0.0 0     0.0 0     0.0 0   -67.1 0   -67.1 0     2.4 0    87.5 0     0.9 0   119.3 0   904.2 0
 2026   7  1  7 10 54 10.900 138.10    -1.8 0     0.0 0    -0.4 0    -0.2 0   248.0 0   274.889 0   274.762 0   315.1 0   275.116 0   275.123 0     0.0 0     0.0 0     0.0 0   -67.1 0   -67.1 0     2.2 0    88.1 0     0.6 0   111.1 0   904.2 0
 2026   7  1  7 10 55 10.917 137.90    -1.9 0    -0.1 0    -0.4 0    -0.1 0   248.1 0   274.887 0   274.781 0   315.2 0   275.084 0   275.094 0     0.0 0     0.0 0     0.0 0   -67.1 0   -67.1 0     2.1 0    88.6 0     0.1 0   100.7 0   904.1 0
 2026   7  1  7 10 56 10.933 137.70    -2.0 0    -0.2 0    -0.4 0    -0.1 0   248.3 0   274.897 0   274.814 0   315.4 0   275.054 0   275.070 0     0.0 0     0.0 0     0.0 0   -67.1 0   -67.1 0     2.1 0    89.1 0     0.1 0    94.0 0   904.1 0
 2026   7  1  7 10 57 10.950 137.50    -2.1 0    -0.3 0    -0.4 0    -0.1 0   248.5 0   274.915 0   274.844 0   315.8 0   275.028 0   275.057 0     0.0 0     0.0 0     0.0 0   -67.2 0   -67.2 0     2.1 0    89.9 0     0.7 0   109.9 0   904.1 0
 2026   7  1  7 10 58 10.967 137.30    -2.1 0    -0.4 0    -0.3 0    -0.1 0   248.6 0   274.940 0   274.875 0   315.8 0   275.006 0   275.036 0     0.0 0     0.0 0     0.0 0   -67.2 0   -67.2 0     2.2 0    90.4 0     1.0 0   108.2 0   904.1 0
 2026   7  1  7 10 59 10.983 137.10    -2.2 0    -0.4 0    -0.3 0    -0.1 0   248.6 0   274.969 0   274.904 0   316.0 0   274.986 0   275.022 0     0.0 0     0.0 0     0.0 0   -67.3 0   -67.3 0     2.2 0    90.5 0     1.1 0   113.1 0   904.0 0
 2026   7  1  7 11  0 11.000 136.90    -2.4 0    -0.3 0    -0.3 0    -0.2 0   248.8 0   274.996 0   274.924 0   316.0 0   274.968 0   275.003 0     0.0 0     0.0 0     0.0 0   -67.2 0   -67.2 0     2.3 0    90.6 0     1.4 0   109.7 0   904.0 0
 2026   7  1  7 11  1 11.017 136.70    -2.4 0    -0.3 0    -0.2 0    -0.1 0   249.1 0   275.025 0   274.967 0   316.1 0   274.949 0   274.984 0     0.0 0     0.0 0     0.0 0   -67.0 0   -67.0 0     2.3 0    90.5 0     1.4 0   108.5 0   904.0 0
 2026   7  1  7 11  2 11.033 136.51    -2.4 0    -0.3 0    -0.2 0    -0.1 0   249.1 0   275.060 0   275.013 0   316.0 0   274.933 0   274.972 0     0.0 0     0.0 0     0.0 0   -66.9 0   -66.9 0     2.4 0    90.4 0     1.3 0   115.5 0   904.0 0
 2026   7  1  7 11  3 11.050 136.31    -2.2 0    -0.2 0    -0.2 0    -0.2 0   248.9 0   275.094 0   275.027 0   315.8 0   274.918 0   274.953 0     0.0 0     0.0 0     0.0 0   -66.9 0   -66.9 0     2.4 0    90.0 0     0.8 0   118.0 0   904.0 0
 2026   7  1  7 11  4 11.067 136.11    -2.1 0    -0.1 0    -0.2 0    -0.2 0   248.7 0   275.123 0   275.049 0   315.7 0   274.901 0   274.935 0     0.0 0     0.0 0     0.0 0   -67.0 0   -67.0 0     2.4 0    89.9 0     0.9 0   130.4 0   904.0 0
 2026   7  1  7 11  5 11.083 135.91    -2.2 0    -0.1 0    -0.2 0    -0.2 0   248.5 0   275.151 0   275.070 0   315.7 0   274.884 0   274.921 0     0.0 0     0.0 0     0.0 0   -67.2 0   -67.2 0     2.4 0    89.9 0     1.0 0   135.1 0   904.0 0
 2026   7  1  7 11  6 11.100 135.71    -2.3 0    -0.1 0    -0.2 0    -0.2 0   248.2 0   275.175 0   275.072 0   315.8 0   274.867 0   274.903 0     0.0 0     0.0 0     0.0 0   -67.6 0   -67.6 0     2.4 0    89.9 0     1.7 0   140.6 0   904.0 0
 2026   7  1  7 11  7 11.117 135.51    -2.3 0    -0.1 0    -0.1 0    -0.2 0   248.0 0   275.190 0   275.084 0   315.8 0   274.849 0   274.883 0     0.0 0     0.0 0     0.0 0   -67.8 0   -67.8 0     2.4 0    90.0 0     1.6 0   145.3 0   904.0 0
 2026   7  1  7 11  8 11.133 135.31    -2.3 0     0.0 0    -0.2 0    -0.2 0   247.9 0   275.201 0   275.079 0   315.7 0   274.831 0   274.863 0     0.0 0     0.0 0     0.0 0   -67.9 0   -67.9 0     2.3 0    90.0 0     1.3 0   147.6 0   904.0 0
 2026   7  1  7 11  9 11.150 135.11    -2.2 0     0.0 0    -0.1 0    -0.2 0   247.8 0   275.206 0   275.071 0   315.8 0   274.814 0   274.850 0     0.0 0     0.0 0     0.0 0   -68.0 0   -68.0 0     2.3 0    90.2 0     1.2 0   161.6 0   904.0 0
 2026   7  1  7 11 10 11.167 134.91    -2.2 0     0.0 0    -0.2 0    -0.2 0   247.6 0   275.204 0   275.057 0   315.6 0   274.797 0   274.829 0     0.0 0     0.0 0     0.0 0   -68.1 0   -68.1 0     2.3 0    90.1 0     1.2 0   168.5 0   904.0 0
 2026   7  1  7 11 11 11.183 134.71    -2.1 0     0.0 0    -0.2 0    -0.2 0   247.5 0   275.197 0   275.047 0   315.7 0   274.780 0   274.815 0     0.0 0     0.0 0     0.0 0   -68.1 0   -68.1 0     2.3 0    90.4 0     1.3 0   155.8 0   904.0 0
 2026   7  1  7 11 12 11.200 134.51    -2.1 0     0.0 0    -0.2 0    -0.2 0   247.5 0   275.188 0   275.031 0   315.7 0   274.764 0   274.801 0     0.0 0     0.0 0     0.0 0   -68.3 0   -68.3 0     2.3 0    90.5 0     1.6 0   147.8 0   904.0 0
 2026   7  1  7 11 13 11.217 134.31    -2.1 0     0.0 0    -0.2 0    -0.2 0   247.6 0   275.177 0   275.029 0   316.1 0   274.752 0   274.795 0     0.0 0     0.0 0     0.0 0   -68.4 0   -68.4 0     2.4 0    90.9 0     2.3 0   137.4 0   904.0 0
 2026   7  1  7 11 14 11.233 134.11    -2.1 0    -0.2 0    -0.1 0    -0.2 0   248.0 0   275.173 0   275.042 0   316.4 0   274.749 0   274.806 0     0.0 0     0.0 0     0.0 0   -68.4 0   -68.4 0     2.5 0    90.9 0     2.4 0   129.4 0   904.0 0
 2026   7  1  7 11 15 11.250 133.91    -2.2 0    -0.2 0    -0.1 0    -0.2 0   248.2 0   275.174 0   275.054 0   316.5 0   274.751 0   274.808 0     0.0 0     0.0 0     0.0 0   -68.3 0   -68.3 0     2.6 0    90.3 0     2.1 0   129.6 0   903.9 0
 2026   7  1  7 11 16 11.267 133.70    -2.2 0    -0.3 0    -0.1 0    -0.2 0   248.2 0   275.181 0   275.087 0   316.4 0   274.754 0   274.811 0     0.0 0     0.0 0     0.0 0   -68.2 0   -68.2 0     2.7 0    89.8 0     1.9 0   128.4 0   904.0 0
 2026   7  1  7 11 17 11.283 133.50    -2.3 0    -0.2 0    -0.1 0    -0.2 0   248.1 0   275.196 0   275.100 0   316.2 0   274.756 0   274.811 0     0.0 0     0.0 0     0.0 0   -68.1 0   -68.1 0     2.7 0    89.3 0     1.4 0   127.9 0   903.9 0
 2026   7  1  7 11 18 11.300 133.30    -2.2 0    -0.2 0    -0.2 0    -0.2 0   247.9 0   275.210 0   275.107 0   316.2 0   274.755 0   274.815 0     0.0 0     0.0 0     0.0 0   -68.3 0   -68.3 0     2.7 0    89.5 0     1.3 0   138.9 0   903.9 0
 2026   7  1  7 11 19 11.317 133.10    -2.2 0    -0.1 0    -0.2 0    -0.2 0   248.0 0   275.221 0   275.118 0   316.2 0   274.755 0   274.808 0     0.0 0     0.0 0     0.0 0   -68.2 0   -68.2 0     2.7 0    89.2 0     1.0 0   134.8 0   903.9 0
 2026   7  1  7 11 20 11.333 132.90    -2.2 0    -0.1 0    -0.2 0    -0.2 0   248.1 0   275.230 0   275.107 0   316.2 0   274.752 0   274.802 0     0.0 0     0.0 0     0.0 0   -68.1 0   -68.1 0     2.7 0    89.1 0     0.8 0   124.5 0   903.9 0
 2026   7  1  7 11 21 11.350 132.70    -2.2 0    -0.1 0    -0.2 0    -0.2 0   248.2 0   275.233 0   275.120 0   316.3 0   274.749 0   274.802 0     0.0 0     0.0 0     0.0 0   -68.1 0   -68.1 0     2.8 0    89.3 0     1.0 0   117.0 0   903.9 0
 2026   7  1  7 11 22 11.367 132.50    -2.2 0    -0.2 0    -0.2 0    -0.2 0   248.0 0   275.239 0   275.119 0   316.4 0   274.750 0   274.805 0     0.0 0     0.0 0     0.0 0   -68.4 0   -68.4 0     2.8 0    89.3 0     1.3 0   119.1 0   903.8 0
 2026   7  1  7 11 23 11.383 132.30    -2.1 0    -0.3 0    -0.2 0    -0.2 0   248.2 0   275.238 0   275.091 0   316.8 0   274.756 0   274.829 0     0.0 0     0.0 0     0.0 0   -68.6 0   -68.6 0     2.9 0    89.4 0     1.4 0   102.4 0   903.8 0
 2026   7  1  7 11 24 11.400 132.10    -2.1 0    -0.3 0    -0.2 0    -0.2 0   248.2 0   275.230 0   275.084 0   316.8 0   274.770 0   274.855 0     0.0 0     0.0 0     0.0 0   -68.7 0   -68.7 0     3.0 0    88.8 0     1.9 0   111.8 0   903.8 0
 2026   7  1  7 11 25 11.417 131.90    -2.0 0    -0.3 0    -0.2 0    -0.2 0   248.2 0   275.220 0   275.072 0   316.8 0   274.789 0   274.868 0     0.0 0     0.0 0     0.0 0   -68.7 0   -68.7 0     3.1 0    87.8 0     2.0 0   107.4 0   903.8 0
 2026   7  1  7 11 26 11.433 131.70    -2.0 0    -0.2 0    -0.2 0    -0.2 0   248.0 0   275.212 0   275.065 0   316.7 0   274.805 0   274.876 0     0.0 0     0.0 0     0.0 0   -68.7 0   -68.7 0     3.1 0    87.2 0     2.1 0   104.2 0   903.8 0
 2026   7  1  7 11 27 11.450 131.50    -2.1 0    -0.2 0    -0.2 0    -0.2 0   248.5 0   275.203 0   275.076 0   316.8 0   274.820 0   274.894 0     0.0 0     0.0 0     0.0 0   -68.4 0   -68.4 0     3.1 0    87.2 0     2.4 0   106.0 0   903.8 0
 2026   7  1  7 11 28 11.467 131.30    -2.3 0    -0.1 0    -0.2 0    -0.2 0   248.6 0   275.208 0   275.123 0   316.9 0   274.836 0   274.907 0     0.0 0     0.0 0     0.0 0   -68.3 0   -68.3 0     3.1 0    86.9 0     2.4 0   104.2 0   903.8 0
 2026   7  1  7 11 29 11.483 131.10    -2.4 0    -0.1 0    -0.2 0    -0.2 0   248.6 0   275.222 0   275.129 0   317.0 0   274.852 0   274.925 0     0.0 0     0.0 0     0.0 0   -68.5 0   -68.5 0     3.1 0    87.1 0     2.9 0   106.9 0   903.8 0
 2026   7  1  7 11 30 11.500 130.90    -2.4 0    -0.1 0    -0.2 0    -0.2 0   248.8 0   275.236 0   275.148 0   317.2 0   274.870 0   274.945 0     0.0 0     0.0 0     0.0 0   -68.4 0   -68.4 0     3.1 0    87.0 0     2.8 0   110.1 0   903.8 0
 2026   7  1  7 11 31 11.517 130.70    -2.4 0    -0.1 0    -0.2 0    -0.2 0   248.7 0   275.253 0   275.163 0   317.3 0   274.889 0   274.962 0     0.0 0     0.0 0     0.0 0   -68.6 0   -68.6 0     3.1 0    86.7 0     2.7 0   112.4 0   903.8 0
 2026   7  1  7 11 32 11.533 130.50    -2.4 0     0.0 0    -0.3 0    -0.2 0   248.4 0   275.266 0   275.156 0   317.2 0   274.904 0   274.966 0     0.0 0     0.0 0     0.0 0   -68.8 0   -68.8 0     3.1 0    86.5 0     2.6 0   111.9 0   903.9 0
 2026   7  1  7 11 33 11.550 130.30    -2.3 0     0.1 0    -0.3 0    -0.2 0   248.4 0   275.272 0   275.156 0   316.9 0   274.912 0   274.964 0     0.0 0     0.0 0     0.0 0   -68.5 0   -68.5 0     2.9 0    86.8 0     2.2 0   106.4 0   903.9 0
 2026   7  1  7 11 34 11.567 130.10    -2.2 0     0.2 0    -0.3 0    -0.2 0   248.5 0   275.274 0   275.148 0   316.6 0   274.912 0   274.955 0     0.0 0     0.0 0     0.0 0   -68.1 0   -68.1 0     2.8 0    87.1 0     2.2 0   101.2 0   903.9 0
 2026   7  1  7 11 35 11.583 129.90    -2.2 0     0.2 0    -0.3 0    -0.2 0   248.4 0   275.274 0   275.147 0   316.8 0   274.908 0   274.959 0     0.0 0     0.0 0     0.0 0   -68.4 0   -68.4 0     2.7 0    88.1 0     2.5 0   109.8 0   903.9 0
 2026   7  1  7 11 36 11.600 129.69    -2.2 0     0.0 0    -0.3 0    -0.2 0   248.4 0   275.272 0   275.137 0   316.8 0   274.911 0   274.971 0     0.0 0     0.0 0     0.0 0   -68.4 0   -68.4 0     2.8 0    88.3 0     2.4 0   108.7 0   903.9 0
 2026   7  1  7 11 37 11.617 129.49    -2.2 0     0.0 0    -0.3 0    -0.2 0   248.4 0   275.269 0   275.141 0   316.7 0   274.916 0   274.970 0     0.0 0     0.0 0     0.0 0   -68.3 0   -68.3 0     2.8 0    87.6 0     2.2 0   109.0 0   903.9 0
 2026   7  1  7 11 38 11.633 129.29    -2.2 0     0.0 0    -0.3 0    -0.2 0   248.4 0   275.269 0   275.157 0   316.7 0   274.917 0   274.970 0     0.0 0     0.0 0     0.0 0   -68.3 0   -68.3 0     2.7 0    87.6 0     2.5 0   115.7 0   903.9 0
 2026   7  1  7 11 39 11.650 129.09    -2.2 0     0.0 0    -0.3 0    -0.2 0   248.3 0   275.274 0   275.162 0   316.8 0   274.919 0   274.969 0     0.0 0     0.0 0     0.0 0   -68.5 0   -68.5 0     2.7 0    87.8 0     2.4 0   121.7 0   903.9 0
 2026   7  1  7 11 40 11.667 128.89    -2.2 0     0.0 0    -0.3 0    -0.2 0   248.0 0   275.279 0   275.155 0   316.6 0   274.918 0   274.961 0     0.0 0     0.0 0     0.0 0   -68.6 0   -68.6 0     2.7 0    87.6 0     1.8 0   124.1 0   903.9 0
 2026   7  1  7 11 41 11.683 128.69    -2.1 0     0.0 0    -0.3 0    -0.2 0   247.8 0   275.279 0   275.140 0   316.4 0   274.912 0   274.949 0     0.0 0     0.0 0     0.0 0   -68.5 0   -68.5 0     2.6 0    87.7 0     1.5 0   124.4 0   903.9 0
 2026   7  1  7 11 42 11.700 128.49    -2.1 0     0.0 0    -0.3 0    -0.2 0   247.7 0   275.273 0   275.123 0   316.1 0   274.902 0   274.935 0     0.0 0     0.0 0     0.0 0   -68.4 0   -68.4 0     2.6 0    87.9 0     1.4 0   117.0 0   903.9 0
 2026   7  1  7 11 43 11.717 128.29    -2.0 0     0.1 0    -0.3 0    -0.2 0   247.6 0   275.264 0   275.107 0   315.8 0   274.888 0   274.916 0     0.0 0     0.0 0     0.0 0   -68.2 0   -68.2 0     2.5 0    88.1 0     1.6 0   119.8 0   903.9 0
 2026   7  1  7 11 44 11.733 128.09    -2.0 0     0.1 0    -0.3 0    -0.2 0   247.4 0   275.252 0   275.093 0   315.7 0   274.871 0   274.898 0     0.0 0     0.0 0     0.0 0   -68.3 0   -68.3 0     2.4 0    88.5 0     1.8 0   118.5 0   903.9 0
 2026   7  1  7 11 45 11.750 127.89    -2.0 0     0.1 0    -0.3 0    -0.2 0   247.3 0   275.238 0   275.075 0   315.6 0   274.853 0   274.878 0     0.0 0     0.0 0     0.0 0   -68.3 0   -68.3 0     2.3 0    88.7 0     1.5 0   105.0 0   903.9 0
 2026   7  1  7 11 46 11.767 127.69    -1.9 0     0.1 0    -0.3 0    -0.2 0   247.1 0   275.222 0   275.059 0   315.5 0   274.833 0   274.856 0     0.0 0     0.0 0     0.0 0   -68.4 0   -68.4 0     2.2 0    89.0 0     1.4 0    99.4 0   904.0 0
 2026   7  1  7 11 47 11.783 127.49    -1.9 0     0.0 0    -0.3 0    -0.2 0   247.2 0   275.208 0   275.066 0   315.4 0   274.812 0   274.836 0     0.0 0     0.0 0     0.0 0   -68.2 0   -68.2 0     2.2 0    89.2 0     1.1 0    87.0 0   904.0 0
 2026   7  1  7 11 48 11.800 127.29    -2.0 0     0.0 0    -0.3 0    -0.2 0   247.4 0   275.202 0   275.073 0   315.4 0   274.791 0   274.823 0     0.0 0     0.0 0     0.0 0   -67.9 0   -67.9 0     2.1 0    89.5 0     0.3 0    73.3 0   904.0 0
 2026   7  1  7 11 49 11.817 127.09    -2.0 0    -0.1 0    -0.3 0    -0.2 0   247.7 0   275.205 0   275.086 0   315.3 0   274.774 0   274.807 0     0.0 0     0.0 0     0.0 0   -67.7 0   -67.7 0     2.1 0    89.7 0     0.9 0   112.5 0   904.0 0
 2026   7  1  7 11 50 11.833 126.89    -2.1 0    -0.1 0    -0.3 0    -0.2 0   248.0 0   275.212 0   275.095 0   315.5 0   274.756 0   274.786 0     0.0 0     0.0 0     0.0 0   -67.5 0   -67.5 0     2.1 0    89.9 0     1.1 0   123.0 0   904.0 0
 2026   7  1  7 11 51 11.850 126.69    -2.1 0    -0.1 0    -0.3 0    -0.2 0   248.0 0   275.218 0   275.089 0   315.4 0   274.736 0   274.765 0     0.0 0     0.0 0     0.0 0   -67.4 0   -67.4 0     2.1 0    90.0 0     1.2 0   118.6 0   904.0 0
 2026   7  1  7 11 52 11.867 126.49    -2.0 0    -0.1 0    -0.3 0    -0.2 0   248.0 0   275.219 0   275.079 0   315.4 0   274.716 0   274.746 0     0.0 0     0.0 0     0.0 0   -67.4 0   -67.4 0     2.1 0    90.3 0     1.4 0   119.1 0   904.0 0
 2026   7  1  7 11 53 11.883 126.28    -1.9 0    -0.1 0    -0.3 0    -0.2 0   247.7 0   275.215 0   275.070 0   315.2 0   274.697 0   274.728 0     0.0 0     0.0 0     0.0 0   -67.5 0   -67.5 0     2.1 0    90.3 0     1.0 0   109.9 0   904.0 0
 2026   7  1  7 11 54 11.900 126.08    -1.9 0    -0.1 0    -0.3 0    -0.2 0   247.6 0   275.212 0   275.093 0   315.2 0   274.679 0   274.711 0     0.0 0     0.0 0     0.0 0   -67.6 0   -67.6 0     2.1 0    90.4 0     0.5 0    63.3 0   904.0 0
 2026   7  1  7 11 55 11.917 125.88    -1.9 0    -0.1 0    -0.3 0    -0.2 0   247.6 0   275.217 0   275.101 0   315.3 0   274.662 0   274.700 0     0.0 0     0.0 0     0.0 0   -67.7 0   -67.7 0     2.1 0    90.5 0     0.3 0    39.8 0   904.0 0
 2026   7  1  7 11 56 11.933 125.68    -1.9 0    -0.1 0    -0.3 0    -0.2 0   247.8 0   275.225 0   275.115 0   315.3 0   274.646 0   274.688 0     0.0 0     0.0 0     0.0 0   -67.5 0   -67.5 0     2.1 0    90.5 0     0.1 0    40.1 0   904.0 0
 2026   7  1  7 11 57 11.950 125.48    -1.9 0    -0.1 0    -0.2 0    -0.2 0   247.9 0   275.237 0   275.145 0   315.3 0   274.632 0   274.675 0     0.0 0     0.0 0     0.0 0   -67.3 0   -67.3 0     2.1 0    90.6 0     0.0 0    91.7 0   904.0 0
 2026   7  1  7 11 58 11.967 125.28    -2.0 0    -0.2 0    -0.2 0    -0.2 0   248.0 0   275.256 0   275.163 0   315.3 0   274.619 0   274.667 0     0.0 0     0.0 0     0.0 0   -67.2 0   -67.2 0     2.2 0    90.6 0     0.4 0   138.2 0   903.9 0
 2026   7  1  7 11 59 11.983 125.08    -2.1 0    -0.2 0    -0.2 0    -0.2 0   248.2 0   275.274 0   275.181 0   315.3 0   274.609 0   274.663 0     0.0 0     0.0 0     0.0 0   -67.1 0   -67.1 0     2.2 0    90.6 0     0.2 0   139.9 0   903.9 0
 2026   7  1  7 12  0 12.000 124.88    -2.1 0    -0.2 0    -0.2 0    -0.2 0   248.2 0   275.291 0   275.191 0   315.3 0   274.599 0   274.654 0     0.0 0     0.0 0     0.0 0   -67.1 0   -67.1 0     2.2 0    90.7 0 -9999.9 1 -9999.9 1   903.9 0
 2026   7  1  7 12  1 12.017 124.68    -2.1 0    -0.1 0    -0.2 0    -0.2 0   248.2 0   275.310 0   275.221 0   315.4 0   274.588 0   274.643 0     0.0 0     0.0 0     0.0 0   -67.2 0   -67.2 0     2.2 0    90.6 0 -9999.9 1 -9999.9 1   903.9 0
 2026   7  1  7 12  2 12.033 124.48    -2.0 0    -0.1 0    -0.2 0    -0.2 0   248.1 0   275.326 0   275.214 0   315.4 0   274.577 0   274.633 0     0.0 0     0.0 0     0.0 0   -67.3 0   -67.3 0     2.2 0    90.6 0     0.1 0   339.4 0   903.8 0
 2026   7  1  7 12  3 12.050 124.28    -1.8 0     0.0 0    -0.2 0    -0.2 0   248.3 0   275.337 0   275.239 0   315.5 0   274.565 0   274.620 0     0.0 0     0.0 0     0.0 0   -67.2 0   -67.2 0     2.3 0    90.9 0     0.7 0   313.7 0   903.8 0
 2026   7  1  7 12  4 12.067 124.08    -1.9 0    -0.1 0    -0.2 0    -0.2 0   248.4 0   275.355 0   275.266 0   315.6 0   274.556 0   274.613 0     0.0 0     0.0 0     0.0 0   -67.2 0   -67.2 0     2.3 0    91.1 0     0.9 0   290.6 0   903.8 0
 2026   7  1  7 12  5 12.083 123.88    -2.2 0    -0.2 0    -0.2 0    -0.2 0   248.6 0   275.370 0   275.264 0   315.9 0   274.554 0   274.620 0     0.0 0     0.0 0     0.0 0   -67.3 0   -67.3 0     2.4 0    91.3 0     0.8 0   234.8 0   903.8 0
 2026   7  1  7 12  6 12.100 123.68    -2.2 0    -0.2 0    -0.2 0    -0.2 0   248.7 0   275.380 0   275.281 0   315.9 0   274.556 0   274.619 0     0.0 0     0.0 0     0.0 0   -67.3 0   -67.3 0     2.5 0    91.0 0     1.0 0   230.7 0   903.8 0
 2026   7  1  7 12  7 12.117 123.48    -2.3 0    -0.2 0    -0.3 0    -0.2 0   248.6 0   275.393 0   275.295 0   315.9 0   274.557 0   274.615 0     0.0 0     0.0 0     0.0 0   -67.3 0   -67.3 0     2.6 0    90.5 0     1.1 0   216.8 0   903.8 0
 2026   7  1  7 12  8 12.133 123.28    -2.3 0    -0.2 0    -0.3 0    -0.2 0   248.5 0   275.404 0   275.289 0   315.8 0   274.558 0   274.616 0     0.0 0     0.0 0     0.0 0   -67.3 0   -67.3 0     2.6 0    90.1 0     1.1 0   215.2 0   903.8 0
 2026   7  1  7 12  9 12.150 123.08    -2.2 0    -0.1 0    -0.3 0    -0.2 0   248.4 0   275.409 0   275.283 0   315.5 0   274.556 0   274.604 0     0.0 0     0.0 0     0.0 0   -67.1 0   -67.1 0     2.6 0    89.7 0     0.9 0   210.6 0   903.8 0
 2026   7  1  7 12 10 12.167 122.88    -2.0 0     0.0 0    -0.3 0    -0.2 0   248.4 0   275.406 0   275.251 0   315.6 0   274.551 0   274.600 0     0.0 0     0.0 0     0.0 0   -67.2 0   -67.2 0     2.5 0    89.8 0     1.2 0   197.6 0   903.8 0
 2026   7  1  7 12 11 12.183 122.68    -1.9 0     0.0 0    -0.3 0    -0.3 0   248.3 0   275.389 0   275.196 0   315.0 0   274.547 0   274.589 0     0.0 0     0.0 0     0.0 0   -66.8 0   -66.8 0     2.5 0    89.2 0     1.2 0   212.7 0   903.8 0
 2026   7  1  7 12 12 12.200 122.48    -1.7 0     0.2 0    -0.3 0    -0.3 0   247.6 0   275.355 0   275.119 0   314.7 0   274.535 0   274.568 0     0.0 0     0.0 0     0.0 0   -67.1 0   -67.1 0     2.4 0    88.9 0     1.2 0   198.6 0   903.8 0
 2026   7  1  7 12 13 12.217 122.28    -1.4 0     0.3 0    -0.4 0    -0.3 0   246.9 0   275.301 0   275.025 0   314.2 0   274.517 0   274.543 0     0.0 0     0.0 0     0.0 0   -67.4 0   -67.4 0     2.2 0    88.8 0     0.9 0   189.5 0   903.8 0
 2026   7  1  7 12 14 12.233 122.08    -1.3 0     0.3 0    -0.4 0    -0.3 0   246.2 0   275.233 0   274.953 0   313.8 0   274.494 0   274.516 0     0.0 0     0.0 0     0.0 0   -67.6 0   -67.6 0     2.0 0    89.1 0     0.8 0   179.4 0   903.8 0
 2026   7  1  7 12 15 12.250 121.88    -1.2 0     0.4 0    -0.4 0    -0.3 0   245.8 0   275.163 0   274.881 0   313.4 0   274.468 0   274.488 0     0.0 0     0.0 0     0.0 0   -67.6 0   -67.6 0     1.9 0    89.6 0     0.7 0   147.0 0   903.8 0
 2026   7  1  7 12 16 12.267 121.68    -1.2 0     0.4 0    -0.4 0    -0.3 0   245.7 0   275.093 0   274.812 0   312.9 0   274.437 0   274.445 0     0.0 0     0.0 0     0.0 0   -67.1 0   -67.1 0     1.7 0    89.4 0     0.6 0   144.5 0   903.8 0
 2026   7  1  7 12 17 12.283 121.48    -1.1 0     0.4 0    -0.5 0    -0.3 0   245.4 0   275.023 0   274.751 0   312.7 0   274.401 0   274.411 0     0.0 0     0.0 0     0.0 0   -67.3 0   -67.3 0     1.6 0    89.5 0     0.5 0   132.8 0   903.8 0
 2026   7  1  7 12 18 12.300 121.28    -1.1 0     0.2 0    -0.5 0    -0.3 0   245.5 0   274.955 0   274.681 0   312.7 0   274.369 0   274.390 0     0.0 0     0.0 0     0.0 0   -67.2 0   -67.2 0     1.4 0    89.9 0     0.2 0   145.0 0   903.8 0
 2026   7  1  7 12 19 12.317 121.08    -1.1 0     0.0 0    -0.5 0    -0.2 0   245.5 0   274.888 0   274.620 0   312.8 0   274.340 0   274.364 0     0.0 0     0.0 0     0.0 0   -67.3 0   -67.3 0     1.4 0    91.2 0     0.7 0   168.2 0   903.8 0
 2026   7  1  7 12 20 12.333 120.88    -1.0 0    -0.1 0    -0.5 0    -0.2 0   245.4 0   274.823 0   274.558 0   312.8 0   274.312 0   274.333 0     0.0 0     0.0 0     0.0 0   -67.4 0   -67.4 0     1.4 0    91.4 0     0.7 0   145.5 0   903.7 0
 2026   7  1  7 12 21 12.350 120.68    -1.0 0     0.0 0    -0.5 0    -0.2 0   245.2 0   274.760 0   274.499 0   312.5 0   274.281 0   274.298 0     0.0 0     0.0 0     0.0 0   -67.3 0   -67.3 0     1.4 0    91.3 0     0.9 0   137.8 0   903.7 0
 2026   7  1  7 12 22 12.367 120.48    -1.0 0     0.0 0    -0.5 0    -0.3 0   245.1 0   274.698 0   274.437 0   312.5 0   274.247 0   274.265 0     0.0 0     0.0 0     0.0 0   -67.4 0   -67.4 0     1.3 0    91.8 0     1.1 0   109.7 0   903.7 0
 2026   7  1  7 12 23 12.383 120.29    -1.0 0    -0.1 0    -0.5 0    -0.2 0   245.3 0   274.635 0   274.377 0   312.4 0   274.216 0   274.235 0     0.0 0     0.0 0     0.0 0   -67.1 0   -67.1 0     1.3 0    91.9 0     0.8 0   100.4 0   903.7 0
 2026   7  1  7 12 24 12.400 120.09    -1.0 0    -0.1 0    -0.5 0    -0.2 0   245.5 0   274.573 0   274.315 0   312.5 0   274.185 0   274.207 0     0.0 0     0.0 0     0.0 0   -67.0 0   -67.0 0     1.3 0    92.3 0     0.9 0    97.6 0   903.7 0
 2026   7  1  7 12 25 12.417 119.89    -0.9 0    -0.3 0    -0.6 0    -0.2 0   245.3 0   274.510 0   274.250 0   312.8 0   274.158 0   274.190 0     0.0 0     0.0 0     0.0 0   -67.4 0   -67.4 0     1.3 0    93.4 0     1.0 0    96.9 0   903.8 0
 2026   7  1  7 12 26 12.433 119.69    -0.9 0    -0.4 0    -0.6 0    -0.2 0   245.4 0   274.447 0   274.197 0   312.9 0   274.137 0   274.173 0     0.0 0     0.0 0     0.0 0   -67.5 0   -67.5 0     1.5 0    93.4 0     1.0 0    95.7 0   903.8 0
 2026   7  1  7 12 27 12.450 119.49    -1.0 0    -0.4 0    -0.6 0    -0.2 0   245.3 0   274.386 0   274.131 0   312.8 0   274.121 0   274.160 0     0.0 0     0.0 0     0.0 0   -67.4 0   -67.4 0     1.6 0    93.3 0     1.0 0    97.8 0   903.8 0
 2026   7  1  7 12 28 12.467 119.29    -1.0 0    -0.4 0    -0.6 0    -0.2 0   245.6 0   274.322 0   274.082 0   312.6 0   274.105 0   274.145 0     0.0 0     0.0 0     0.0 0   -67.0 0   -67.0 0     1.6 0    93.0 0     1.2 0   104.0 0   903.8 0
 2026   7  1  7 12 29 12.483 119.09    -1.1 0    -0.4 0    -0.6 0    -0.2 0   245.6 0   274.264 0   274.032 0   312.6 0   274.091 0   274.129 0     0.0 0     0.0 0     0.0 0   -67.1 0   -67.1 0     1.7 0    92.9 0     1.4 0   106.3 0   903.8 0
 2026   7  1  7 12 30 12.500 118.89    -1.2 0    -0.3 0    -0.6 0    -0.2 0   245.6 0   274.209 0   273.992 0   312.7 0   274.075 0   274.106 0     0.0 0     0.0 0     0.0 0   -67.0 0   -67.0 0     1.6 0    92.6 0     1.3 0   112.6 0   903.8 0
 2026   7  1  7 12 31 12.517 118.69    -1.4 0    -0.2 0    -0.5 0    -0.2 0   245.7 0   274.170 0   273.987 0   312.9 0   274.056 0   274.087 0     0.0 0     0.0 0     0.0 0   -67.2 0   -67.2 0     1.6 0    92.7 0     1.5 0   114.9 0   903.8 0
 2026   7  1  7 12 32 12.533 118.49    -1.4 0    -0.3 0    -0.5 0    -0.2 0   245.6 0   274.135 0   273.941 0   313.3 0   274.039 0   274.081 0     0.0 0     0.0 0     0.0 0   -67.7 0   -67.7 0     1.7 0    93.4 0     1.6 0   111.1 0   903.7 0
 2026   7  1  7 12 33 12.550 118.30    -1.5 0    -0.3 0    -0.5 0    -0.2 0   246.0 0   274.104 0   273.943 0   313.6 0   274.031 0   274.082 0     0.0 0     0.0 0     0.0 0   -67.6 0   -67.6 0     1.8 0    93.5 0     1.5 0   101.9 0   903.7 0
 2026   7  1  7 12 34 12.567 118.10    -1.8 0    -0.3 0    -0.4 0    -0.2 0   246.2 0   274.090 0   273.982 0   313.9 0   274.030 0   274.085 0     0.0 0     0.0 0     0.0 0   -67.7 0   -67.7 0     1.9 0    93.2 0     1.6 0    95.0 0   903.8 0
 2026   7  1  7 12 35 12.583 117.90    -1.9 0    -0.3 0    -0.4 0    -0.1 0   246.3 0   274.096 0   274.015 0   314.2 0   274.032 0   274.092 0     0.0 0     0.0 0     0.0 0   -67.9 0   -67.9 0     1.9 0    93.1 0     1.7 0    95.9 0   903.8 0
 2026   7  1  7 12 36 12.600 117.70    -2.1 0    -0.4 0    -0.4 0    -0.1 0   246.2 0   274.112 0   274.038 0   314.3 0   274.040 0   274.104 0     0.0 0     0.0 0     0.0 0   -68.1 0   -68.1 0     2.0 0    93.0 0     1.7 0   100.3 0   903.8 0
 2026   7  1  7 12 37 12.617 117.50    -2.0 0    -0.3 0    -0.4 0    -0.2 0   246.2 0   274.125 0   274.019 0   314.3 0   274.051 0   274.114 0     0.0 0     0.0 0     0.0 0   -68.1 0   -68.1 0     2.1 0    92.6 0     1.6 0    96.8 0   903.8 0
 2026   7  1  7 12 38 12.633 117.30    -1.9 0    -0.2 0    -0.4 0    -0.2 0   246.2 0   274.126 0   273.991 0   314.2 0   274.062 0   274.124 0     0.0 0     0.0 0     0.0 0   -68.1 0   -68.1 0     2.2 0    92.0 0     1.9 0    79.1 0   903.8 0
 2026   7  1  7 12 39 12.650 117.10    -1.9 0    -0.2 0    -0.3 0    -0.2 0   246.7 0   274.121 0   274.022 0   314.4 0   274.074 0   274.141 0     0.0 0     0.0 0     0.0 0   -67.8 0   -67.8 0     2.2 0    91.9 0     1.9 0    78.9 0   903.8 0
 2026   7  1  7 12 40 12.667 116.91    -2.0 0    -0.2 0    -0.2 0    -0.1 0   246.8 0   274.137 0   274.096 0   314.6 0   274.088 0   274.155 0     0.0 0     0.0 0     0.0 0   -67.8 0   -67.8 0     2.3 0    91.6 0     1.6 0    76.5 0   903.7 0
 2026   7  1  7 12 41 12.683 116.71    -2.2 0    -0.2 0    -0.2 0    -0.1 0   247.0 0   274.173 0   274.145 0   314.5 0   274.105 0   274.170 0     0.0 0     0.0 0     0.0 0   -67.5 0   -67.5 0     2.4 0    91.5 0     1.2 0    83.4 0   903.7 0
 2026   7  1  7 12 42 12.700 116.51    -2.3 0    -0.2 0    -0.2 0    -0.1 0   247.0 0   274.215 0   274.189 0   314.3 0   274.118 0   274.175 0     0.0 0     0.0 0     0.0 0   -67.3 0   -67.3 0     2.5 0    91.1 0     0.9 0    81.4 0   903.7 0
 2026   7  1  7 12 43 12.717 116.31    -2.3 0    -0.1 0    -0.2 0    -0.1 0   246.9 0   274.258 0   274.222 0   314.0 0   274.124 0   274.172 0     0.0 0     0.0 0     0.0 0   -67.1 0   -67.1 0     2.5 0    90.4 0     0.9 0    73.1 0   903.7 0
 2026   7  1  7 12 44 12.733 116.11    -2.3 0     0.0 0    -0.2 0    -0.1 0   246.8 0   274.296 0   274.248 0   314.1 0   274.124 0   274.166 0     0.0 0     0.0 0     0.0 0   -67.2 0   -67.2 0     2.4 0    90.0 0     0.7 0    64.9 0   903.7 0
 2026   7  1  7 12 45 12.750 115.92    -2.2 0     0.0 0    -0.2 0    -0.2 0   246.4 0   274.324 0   274.213 0   314.1 0   274.122 0   274.172 0     0.0 0     0.0 0     0.0 0   -67.7 0   -67.7 0     2.4 0    90.3 0     0.8 0    50.2 0   903.7 0
 2026   7  1  7 12 46 12.767 115.72    -2.0 0     0.0 0    -0.2 0    -0.2 0   246.2 0   274.324 0   274.169 0   314.0 0   274.121 0   274.174 0     0.0 0     0.0 0     0.0 0   -67.8 0   -67.8 0     2.3 0    89.9 0     1.2 0    29.4 0   903.7 0
 2026   7  1  7 12 47 12.783 115.52    -2.0 0    -0.1 0    -0.2 0    -0.2 0   246.1 0   274.313 0   274.165 0   314.1 0   274.119 0   274.189 0     0.0 0     0.0 0     0.0 0   -67.9 0   -67.9 0     2.3 0    90.2 0     1.1 0    23.5 0   903.7 0
 2026   7  1  7 12 48 12.800 115.32    -2.1 0    -0.1 0    -0.2 0    -0.2 0   246.3 0   274.306 0   274.170 0   314.0 0   274.119 0   274.189 0     0.0 0     0.0 0     0.0 0   -67.7 0   -67.7 0     2.2 0    90.1 0     1.3 0    22.8 0   903.7 0
 2026   7  1  7 12 49 12.817 115.12    -2.1 0    -0.1 0    -0.2 0    -0.2 0   246.4 0   274.303 0   274.176 0   314.1 0   274.119 0   274.187 0     0.0 0     0.0 0     0.0 0   -67.6 0   -67.6 0     2.2 0    90.2 0     1.3 0    31.2 0   903.7 0
 2026   7  1  7 12 50 12.833 114.93    -2.2 0    -0.1 0    -0.2 0    -0.2 0   246.6 0   274.303 0   274.182 0   314.3 0   274.120 0   274.198 0     0.0 0     0.0 0     0.0 0   -67.7 0   -67.7 0     2.2 0    90.7 0     1.0 0    39.0 0   903.7 0
 2026   7  1  7 12 51 12.850 114.73    -2.2 0    -0.1 0    -0.2 0    -0.2 0   247.0 0   274.306 0   274.194 0   314.4 0   274.124 0   274.206 0     0.0 0     0.0 0     0.0 0   -67.4 0   -67.4 0     2.3 0    90.8 0     1.0 0    31.5 0   903.7 0
 2026   7  1  7 12 52 12.867 114.53    -2.2 0    -0.2 0    -0.2 0    -0.2 0   247.1 0   274.311 0   274.198 0   314.4 0   274.132 0   274.216 0     0.0 0     0.0 0     0.0 0   -67.3 0   -67.3 0     2.4 0    90.9 0     1.0 0    39.1 0   903.7 0
 2026   7  1  7 12 53 12.883 114.33    -2.2 0    -0.2 0    -0.2 0    -0.2 0   247.3 0   274.315 0   274.195 0   314.5 0   274.141 0   274.215 0     0.0 0     0.0 0     0.0 0   -67.2 0   -67.2 0     2.5 0    90.7 0     1.0 0    50.0 0   903.7 0
 2026   7  1  7 12 54 12.900 114.14    -2.4 0    -0.2 0    -0.2 0    -0.2 0   247.4 0   274.320 0   274.216 0   314.7 0   274.153 0   274.232 0     0.0 0     0.0 0     0.0 0   -67.3 0   -67.3 0     2.7 0    90.6 0     1.2 0    44.8 0   903.7 0
 2026   7  1  7 12 55 12.917 113.94    -2.5 0    -0.2 0    -0.2 0    -0.2 0   247.2 0   274.328 0   274.227 0   314.7 0   274.170 0   274.245 0     0.0 0     0.0 0     0.0 0   -67.5 0   -67.5 0     2.8 0    90.1 0     1.2 0    43.6 0   903.7 0
 2026   7  1  7 12 56 12.933 113.74    -2.5 0    -0.2 0    -0.2 0    -0.2 0   247.2 0   274.341 0   274.246 0   314.7 0   274.187 0   274.273 0     0.0 0     0.0 0     0.0 0   -67.6 0   -67.6 0     2.8 0    89.5 0     1.3 0    31.4 0   903.7 0
 2026   7  1  7 12 57 12.950 113.55    -2.4 0    -0.2 0    -0.2 0    -0.2 0   247.0 0   274.350 0   274.229 0   315.1 0   274.205 0   274.313 0     0.0 0     0.0 0     0.0 0   -68.0 0   -68.0 0     2.9 0    89.3 0     1.6 0    18.6 0   903.7 0
 2026   7  1  7 12 58 12.967 113.35    -2.2 0    -0.5 0    -0.2 0    -0.2 0   246.9 0   274.351 0   274.216 0   315.2 0   274.233 0   274.351 0     0.0 0     0.0 0     0.0 0   -68.3 0   -68.3 0     3.0 0    89.0 0     1.7 0     8.8 0   903.7 0
 2026   7  1  7 12 59 12.983 113.15    -2.1 0    -0.4 0    -0.2 0    -0.2 0   246.9 0   274.345 0   274.191 0   314.7 0   274.265 0   274.361 0     0.0 0     0.0 0     0.0 0   -67.8 0   -67.8 0     3.1 0    87.2 0     2.0 0     0.9 0   903.7 0
 2026   7  1  7 13  0 13.000 112.96    -2.0 0    -0.2 0    -0.2 0    -0.2 0   246.8 0   274.336 0   274.180 0   314.7 0   274.288 0   274.374 0     0.0 0     0.0 0     0.0 0   -67.9 0   -67.9 0     2.9 0    87.1 0     2.2 0   350.6 0   903.7 0
 2026   7  1  7 13  1 13.017 112.76    -1.9 0    -0.2 0    -0.2 0    -0.2 0   246.6 0   274.324 0   274.163 0   314.6 0   274.311 0   274.393 0     0.0 0     0.0 0     0.0 0   -68.0 0   -68.0 0     2.8 0    87.4 0     2.3 0   341.5 0   903.7 0
 2026   7  1  7 13  2 13.033 112.56    -1.8 0    -0.2 0    -0.2 0    -0.2 0   247.0 0   274.309 0   274.150 0   314.7 0   274.331 0   274.420 0     0.0 0     0.0 0     0.0 0   -67.7 0   -67.7 0     2.8 0    87.6 0     2.3 0   356.2 0   903.7 0
 2026   7  1  7 13  3 13.050 112.37    -1.7 0    -0.3 0    -0.2 0    -0.2 0   247.1 0   274.296 0   274.158 0   314.9 0   274.354 0   274.456 0     0.0 0     0.0 0     0.0 0   -67.8 0   -67.8 0     2.8 0    88.1 0     2.4 0     6.5 0   903.7 0
 2026   7  1  7 13  4 13.067 112.17    -2.1 0    -0.5 0    -0.1 0    -0.2 0   247.7 0   274.297 0   274.234 0   315.4 0   274.381 0   274.481 0     0.0 0     0.0 0     0.0 0   -67.7 0   -67.7 0     2.8 0    88.1 0     2.5 0    15.6 0   903.7 0
 2026   7  1  7 13  5 13.083 111.97    -2.6 0    -0.4 0    -0.1 0    -0.1 0   247.9 0   274.327 0   274.317 0   315.7 0   274.408 0   274.517 0     0.0 0     0.0 0     0.0 0   -67.8 0   -67.8 0     2.8 0    88.0 0     2.7 0    20.1 0   903.7 0
 2026   7  1  7 13  6 13.100 111.78    -2.7 0    -0.5 0    -0.1 0    -0.1 0   248.1 0   274.374 0   274.376 0   315.9 0   274.436 0   274.537 0     0.0 0     0.0 0     0.0 0   -67.8 0   -67.8 0     2.8 0    88.0 0     2.7 0    18.0 0   903.7 0
 2026   7  1  7 13  7 13.117 111.58    -2.7 0    -0.3 0    -0.1 0    -0.1 0   248.1 0   274.425 0   274.421 0   315.8 0   274.459 0   274.551 0     0.0 0     0.0 0     0.0 0   -67.7 0   -67.7 0     2.8 0    87.7 0     2.5 0    13.5 0   903.7 0
 2026   7  1  7 13  8 13.133 111.39    -2.7 0    -0.3 0    -0.1 0    -0.1 0   247.7 0   274.475 0   274.458 0   315.7 0   274.478 0   274.570 0     0.0 0     0.0 0     0.0 0   -68.0 0   -68.0 0     2.7 0    88.0 0     3.0 0     3.3 0   903.7 0
 2026   7  1  7 13  9 13.150 111.19    -2.7 0    -0.1 0    -0.1 0    -0.2 0   247.4 0   274.519 0   274.493 0   315.6 0   274.495 0   274.569 0     0.0 0     0.0 0     0.0 0   -68.1 0   -68.1 0     2.6 0    87.9 0     3.0 0   349.4 0   903.7 0
 2026   7  1  7 13 10 13.167 111.00    -2.6 0     0.1 0    -0.1 0    -0.2 0   247.3 0   274.560 0   274.517 0   315.4 0   274.503 0   274.560 0     0.0 0     0.0 0     0.0 0   -68.1 0   -68.1 0     2.5 0    88.1 0     2.7 0   357.0 0   903.7 0
 2026   7  1  7 13 11 13.183 110.80    -2.6 0     0.1 0    -0.1 0    -0.2 0   247.3 0   274.595 0   274.532 0   315.3 0   274.502 0   274.554 0     0.0 0     0.0 0     0.0 0   -68.0 0   -68.0 0     2.3 0    88.7 0     2.3 0     5.7 0   903.7 0
 2026   7  1  7 13 12 13.200 110.60    -2.5 0     0.2 0    -0.1 0    -0.2 0   247.5 0   274.621 0   274.541 0   315.2 0   274.497 0   274.546 0     0.0 0     0.0 0     0.0 0   -67.6 0   -67.6 0     2.2 0    89.1 0     2.2 0     6.6 0   903.7 0
 2026   7  1  7 13 13 13.217 110.41    -2.5 0     0.2 0    -0.1 0    -0.2 0   247.7 0   274.640 0   274.544 0   315.1 0   274.491 0   274.540 0     0.0 0     0.0 0     0.0 0   -67.5 0   -67.5 0     2.2 0    89.7 0     2.6 0   359.4 0   903.7 0
 2026   7  1  7 13 14 13.233 110.21    -2.3 0     0.0 0    -0.1 0    -0.2 0   247.7 0   274.654 0   274.547 0   315.3 0   274.489 0   274.555 0     0.0 0     0.0 0     0.0 0   -67.6 0   -67.6 0     2.3 0    90.5 0     2.5 0   349.6 0   903.7 0
 2026   7  1  7 13 15 13.250 110.02    -2.2 0    -0.2 0    -0.1 0    -0.2 0   247.8 0   274.663 0   274.555 0   315.2 0   274.497 0   274.562 0     0.0 0     0.0 0     0.0 0   -67.4 0   -67.4 0     2.4 0    90.4 0     2.3 0   343.9 0   903.7 0
 2026   7  1  7 13 16 13.267 109.82    -2.2 0    -0.2 0    -0.2 0    -0.2 0   247.5 0   274.672 0   274.557 0   315.2 0   274.508 0   274.570 0     0.0 0     0.0 0     0.0 0   -67.7 0   -67.7 0     2.5 0    90.3 0     2.0 0   342.0 0   903.7 0
 2026   7  1  7 13 17 13.283 109.63    -2.1 0    -0.2 0    -0.2 0    -0.2 0   247.2 0   274.675 0   274.537 0   314.9 0   274.518 0   274.571 0     0.0 0     0.0 0     0.0 0   -67.7 0   -67.7 0     2.5 0    89.5 0     1.7 0   346.5 0   903.7 0
 2026   7  1  7 13 18 13.300 109.43    -2.0 0    -0.2 0    -0.2 0    -0.2 0   247.6 0   274.671 0   274.543 0   314.9 0   274.521 0   274.569 0     0.0 0     0.0 0     0.0 0   -67.3 0   -67.3 0     2.5 0    89.2 0     1.3 0   354.1 0   903.7 0
 2026   7  1  7 13 19 13.317 109.24    -2.0 0    -0.1 0    -0.2 0    -0.2 0   247.6 0   274.671 0   274.549 0   314.7 0   274.520 0   274.569 0     0.0 0     0.0 0     0.0 0   -67.1 0   -67.1 0     2.4 0    89.3 0     1.3 0   351.7 0   903.7 0
 2026   7  1  7 13 20 13.333 109.04    -2.1 0    -0.2 0    -0.2 0    -0.2 0   248.0 0   274.674 0   274.575 0   314.9 0   274.519 0   274.575 0     0.0 0     0.0 0     0.0 0   -66.9 0   -66.9 0     2.5 0    89.7 0     1.3 0   357.0 0   903.7 0
 2026   7  1  7 13 21 13.350 108.85    -2.1 0    -0.2 0    -0.2 0    -0.2 0   247.9 0   274.688 0   274.604 0   314.9 0   274.521 0   274.578 0     0.0 0     0.0 0     0.0 0   -67.0 0   -67.0 0     2.5 0    89.5 0     1.4 0   353.5 0   903.7 0
 2026   7  1  7 13 22 13.367 108.66    -2.1 0    -0.2 0    -0.2 0    -0.2 0   247.9 0   274.704 0   274.600 0   314.8 0   274.523 0   274.573 0     0.0 0     0.0 0     0.0 0   -67.0 0   -67.0 0     2.5 0    89.0 0     1.5 0   352.8 0   903.7 0
 2026   7  1  7 13 23 13.383 108.46    -2.0 0    -0.1 0    -0.2 0    -0.2 0   247.8 0   274.712 0   274.592 0   314.5 0   274.520 0   274.564 0     0.0 0     0.0 0     0.0 0   -66.7 0   -66.7 0     2.4 0    88.9 0     1.4 0   353.0 0   903.7 0
 2026   7  1  7 13 24 13.400 108.27    -1.9 0    -0.1 0    -0.2 0    -0.2 0   247.5 0   274.714 0   274.588 0   314.4 0   274.513 0   274.557 0     0.0 0     0.0 0     0.0 0   -66.8 0   -66.8 0     2.4 0    89.2 0     0.9 0    12.6 0   903.7 0
 2026   7  1  7 13 25 13.417 108.07    -2.0 0     0.0 0    -0.2 0    -0.2 0   247.2 0   274.711 0   274.571 0   314.1 0   274.503 0   274.537 0     0.0 0     0.0 0     0.0 0   -66.9 0   -66.9 0     2.3 0    89.1 0     0.8 0    34.8 0   903.7 0
 2026   7  1  7 13 26 13.433 107.88    -1.8 0     0.0 0    -0.2 0    -0.2 0   247.1 0   274.703 0   274.551 0   314.1 0   274.490 0   274.534 0     0.0 0     0.0 0     0.0 0   -67.0 0   -67.0 0     2.3 0    89.3 0     1.1 0     7.5 0   903.7 0
 2026   7  1  7 13 27 13.450 107.69    -1.8 0     0.0 0    -0.2 0    -0.2 0   247.2 0   274.692 0   274.537 0   314.2 0   274.481 0   274.529 0     0.0 0     0.0 0     0.0 0   -67.0 0   -67.0 0     2.3 0    89.4 0     1.5 0     1.1 0   903.8 0
 2026   7  1  7 13 28 13.467 107.49    -1.8 0     0.0 0    -0.3 0    -0.2 0   247.4 0   274.683 0   274.536 0   314.1 0   274.472 0   274.514 0     0.0 0     0.0 0     0.0 0   -66.7 0   -66.7 0     2.2 0    89.3 0     1.6 0   347.1 0   903.8 0
 2026   7  1  7 13 29 13.483 107.30    -1.8 0    -0.1 0    -0.2 0    -0.2 0   247.9 0   274.678 0   274.583 0   314.3 0   274.463 0   274.527 0     0.0 0     0.0 0     0.0 0   -66.4 0   -66.4 0     2.2 0    90.3 0     1.8 0   340.8 0   903.8 0
 2026   7  1  7 13 30 13.500 107.11    -2.0 0    -0.2 0    -0.2 0    -0.1 0   248.1 0   274.696 0   274.629 0   314.8 0   274.465 0   274.531 0     0.0 0     0.0 0     0.0 0   -66.7 0   -66.7 0     2.4 0    90.3 0     1.6 0   345.6 0   903.8 0
 2026   7  1  7 13 31 13.517 106.91    -2.1 0    -0.3 0    -0.2 0    -0.2 0   248.0 0   274.720 0   274.630 0   314.8 0   274.473 0   274.534 0     0.0 0     0.0 0     0.0 0   -66.8 0   -66.8 0     2.4 0    89.8 0     1.8 0   349.8 0   903.8 0
 2026   7  1  7 13 32 13.533 106.72    -2.0 0    -0.3 0    -0.2 0    -0.2 0   248.0 0   274.733 0   274.629 0   314.7 0   274.477 0   274.535 0     0.0 0     0.0 0     0.0 0   -66.7 0   -66.7 0     2.4 0    89.5 0     1.7 0     6.1 0   903.8 0
 2026   7  1  7 13 33 13.550 106.53    -2.0 0    -0.2 0    -0.2 0    -0.2 0   248.1 0   274.744 0   274.643 0   314.4 0   274.475 0   274.526 0     0.0 0     0.0 0     0.0 0   -66.3 0   -66.3 0     2.4 0    89.2 0     1.3 0    15.4 0   903.8 0
 2026   7  1  7 13 34 13.567 106.33    -2.0 0    -0.1 0    -0.2 0    -0.2 0   248.3 0   274.754 0   274.653 0   314.4 0   274.469 0   274.522 0     0.0 0     0.0 0     0.0 0   -66.1 0   -66.1 0     2.3 0    89.3 0     1.4 0    10.7 0   903.8 0
 2026   7  1  7 13 35 13.583 106.14    -2.1 0    -0.2 0    -0.2 0    -0.2 0   248.2 0   274.767 0   274.677 0   314.6 0   274.465 0   274.530 0     0.0 0     0.0 0     0.0 0   -66.4 0   -66.4 0     2.3 0    89.7 0     2.1 0     4.2 0   903.8 0
 2026   7  1  7 13 36 13.600 105.95    -2.1 0    -0.1 0    -0.2 0    -0.2 0   248.0 0   274.781 0   274.671 0   314.6 0   274.464 0   274.522 0     0.0 0     0.0 0     0.0 0   -66.6 0   -66.6 0     2.3 0    89.1 0     2.2 0     8.9 0   903.8 0
 2026   7  1  7 13 37 13.617 105.75    -2.0 0     0.0 0    -0.2 0    -0.2 0   247.8 0   274.786 0   274.657 0   314.4 0   274.459 0   274.505 0     0.0 0     0.0 0     0.0 0   -66.5 0   -66.5 0     2.2 0    88.7 0     1.6 0    10.4 0   903.8 0
 2026   7  1  7 13 38 13.633 105.56    -1.9 0     0.1 0    -0.2 0    -0.2 0   247.8 0   274.783 0   274.646 0   314.0 0   274.447 0   274.481 0     0.0 0     0.0 0     0.0 0   -66.2 0   -66.2 0     2.1 0    88.7 0     1.1 0    27.3 0   903.8 0
 2026   7  1  7 13 39 13.650 105.37    -1.9 0     0.2 0    -0.2 0    -0.2 0   247.4 0   274.775 0   274.622 0   313.6 0   274.428 0   274.452 0     0.0 0     0.0 0     0.0 0   -66.2 0   -66.2 0     2.0 0    88.6 0     1.1 0    44.0 0   903.9 0
 2026   7  1  7 13 40 13.667 105.18    -1.7 0     0.3 0    -0.3 0    -0.3 0   246.7 0   274.756 0   274.557 0   313.3 0   274.404 0   274.420 0     0.0 0     0.0 0     0.0 0   -66.6 0   -66.6 0     1.8 0    88.6 0     1.5 0    53.7 0   903.9 0
 2026   7  1  7 13 41 13.683 104.99    -1.6 0     0.3 0    -0.3 0    -0.3 0   246.7 0   274.720 0   274.507 0   313.4 0   274.374 0   274.398 0     0.0 0     0.0 0     0.0 0   -66.7 0   -66.7 0     1.7 0    89.8 0     1.5 0    66.4 0   903.9 0
 2026   7  1  7 13 42 13.700 104.79    -1.5 0     0.1 0    -0.3 0    -0.3 0   246.9 0   274.679 0   274.472 0   313.2 0   274.352 0   274.383 0     0.0 0     0.0 0     0.0 0   -66.3 0   -66.3 0     1.7 0    90.5 0     1.5 0    69.6 0   903.9 0
 2026   7  1  7 13 43 13.717 104.60    -1.5 0     0.1 0    -0.3 0    -0.2 0   246.9 0   274.639 0   274.439 0   313.1 0   274.332 0   274.357 0     0.0 0     0.0 0     0.0 0   -66.2 0   -66.2 0     1.7 0    90.4 0     1.5 0    66.9 0   903.9 0
 2026   7  1  7 13 44 13.733 104.41    -1.6 0     0.1 0    -0.3 0    -0.2 0   246.9 0   274.603 0   274.418 0   312.8 0   274.310 0   274.331 0     0.0 0     0.0 0     0.0 0   -66.0 0   -66.0 0     1.7 0    90.3 0     1.4 0    76.4 0   903.9 0
 2026   7  1  7 13 45 13.750 104.22    -1.7 0     0.0 0    -0.3 0    -0.2 0   247.0 0   274.575 0   274.420 0   313.1 0   274.287 0   274.317 0     0.0 0     0.0 0     0.0 0   -66.0 0   -66.0 0     1.6 0    91.0 0     1.2 0    93.7 0   903.9 0
 2026   7  1  7 13 46 13.767 104.03    -1.7 0    -0.1 0    -0.3 0    -0.2 0   247.3 0   274.558 0   274.414 0   313.0 0   274.269 0   274.305 0     0.0 0     0.0 0     0.0 0   -65.7 0   -65.7 0     1.7 0    91.1 0     1.0 0    98.5 0   903.9 0
 2026   7  1  7 13 47 13.783 103.84    -1.7 0    -0.1 0    -0.3 0    -0.2 0   247.1 0   274.546 0   274.411 0   312.9 0   274.253 0   274.289 0     0.0 0     0.0 0     0.0 0   -65.8 0   -65.8 0     1.7 0    91.3 0     1.0 0   110.1 0   903.9 0
 2026   7  1  7 13 48 13.800 103.64    -1.8 0    -0.2 0    -0.3 0    -0.2 0   247.0 0   274.539 0   274.418 0   313.1 0   274.239 0   274.277 0     0.0 0     0.0 0     0.0 0   -66.0 0   -66.0 0     1.7 0    91.4 0     1.0 0   113.9 0   903.9 0
 2026   7  1  7 13 49 13.817 103.45    -1.8 0    -0.2 0    -0.3 0    -0.2 0   247.0 0   274.534 0   274.403 0   313.1 0   274.226 0   274.265 0     0.0 0     0.0 0     0.0 0   -66.1 0   -66.1 0     1.8 0    91.2 0     0.9 0    92.9 0   903.9 0
 2026   7  1  7 13 50 13.833 103.26    -1.9 0    -0.2 0    -0.3 0    -0.2 0   247.1 0   274.526 0   274.390 0   313.1 0   274.212 0   274.250 0     0.0 0     0.0 0     0.0 0   -66.0 0   -66.0 0     1.8 0    91.5 0     1.2 0   103.3 0   903.9 0
 2026   7  1  7 13 51 13.850 103.07    -2.0 0    -0.2 0    -0.3 0    -0.2 0   247.1 0   274.518 0   274.389 0   313.1 0   274.200 0   274.238 0     0.0 0     0.0 0     0.0 0   -66.0 0   -66.0 0     1.8 0    91.5 0     1.4 0    97.4 0   903.9 0
 2026   7  1  7 13 52 13.867 102.88    -1.9 0    -0.1 0    -0.3 0    -0.2 0   247.1 0   274.511 0   274.378 0   313.0 0   274.187 0   274.223 0     0.0 0     0.0 0     0.0 0   -65.9 0   -65.9 0     1.8 0    91.3 0     1.4 0    98.1 0   903.9 0
 2026   7  1  7 13 53 13.883 102.69    -1.9 0    -0.1 0    -0.3 0    -0.2 0   247.2 0   274.505 0   274.383 0   312.9 0   274.173 0   274.208 0     0.0 0     0.0 0     0.0 0   -65.8 0   -65.8 0     1.8 0    91.4 0     1.4 0   102.9 0   903.9 0
 2026   7  1  7 13 54 13.900 102.50    -1.9 0    -0.1 0    -0.3 0    -0.2 0   247.0 0   274.501 0   274.374 0   312.8 0   274.158 0   274.193 0     0.0 0     0.0 0     0.0 0   -65.8 0   -65.8 0     1.7 0    91.6 0     1.5 0   114.7 0   903.9 0
 2026   7  1  7 13 55 13.917 102.31    -1.8 0    -0.1 0    -0.3 0    -0.2 0   246.8 0   274.496 0   274.359 0   312.8 0   274.145 0   274.179 0     0.0 0     0.0 0     0.0 0   -65.9 0   -65.9 0     1.7 0    91.8 0     1.7 0   125.4 0   903.9 0
 2026   7  1  7 13 56 13.933 102.12    -1.8 0    -0.2 0    -0.3 0    -0.2 0   246.8 0   274.484 0   274.328 0   312.9 0   274.133 0   274.173 0     0.0 0     0.0 0     0.0 0   -66.1 0   -66.1 0     1.8 0    92.2 0     1.6 0   129.3 0   903.9 0
 2026   7  1  7 13 57 13.950 101.93    -1.7 0    -0.3 0    -0.3 0    -0.2 0   246.9 0   274.466 0   274.301 0   312.9 0   274.127 0   274.169 0     0.0 0     0.0 0     0.0 0   -66.0 0   -66.0 0     1.8 0    92.1 0     1.6 0   128.2 0   903.9 0
 2026   7  1  7 13 58 13.967 101.74    -1.7 0    -0.3 0    -0.3 0    -0.2 0   246.8 0   274.445 0   274.282 0   312.8 0   274.121 0   274.161 0     0.0 0     0.0 0     0.0 0   -66.0 0   -66.0 0     1.9 0    91.7 0     1.8 0   118.8 0   903.9 0
 2026   7  1  7 13 59 13.983 101.55    -1.7 0    -0.3 0    -0.3 0    -0.2 0   246.8 0   274.428 0   274.275 0   312.7 0   274.113 0   274.152 0     0.0 0     0.0 0     0.0 0   -65.9 0   -65.9 0     1.8 0    91.9 0     2.1 0   123.7 0   903.9 0
 2026   7  1  7 14  0 14.000 101.36    -1.7 0    -0.4 0    -0.3 0    -0.2 0   246.7 0   274.414 0   274.267 0   312.8 0   274.108 0   274.153 0     0.0 0     0.0 0     0.0 0   -66.1 0   -66.1 0     1.9 0    92.2 0     2.0 0   125.7 0   903.9 0
 2026   7  1  7 14  1 14.017 101.17    -1.7 0    -0.4 0    -0.3 0    -0.2 0   246.6 0   274.402 0   274.254 0   312.9 0   274.107 0   274.152 0     0.0 0     0.0 0     0.0 0   -66.3 0   -66.3 0     2.0 0    91.7 0     2.0 0   126.5 0   903.9 0
 2026   7  1  7 14  2 14.033 100.98    -1.7 0    -0.4 0    -0.3 0    -0.2 0   246.5 0   274.390 0   274.230 0   312.9 0   274.105 0   274.150 0     0.0 0     0.0 0     0.0 0   -66.4 0   -66.4 0     2.0 0    91.6 0     2.1 0   128.5 0   903.9 0
 2026   7  1  7 14  3 14.050 100.80    -1.4 0    -0.5 0    -0.3 0    -0.2 0   246.3 0   274.370 0   274.190 0   313.0 0   274.106 0   274.156 0     0.0 0     0.0 0     0.0 0   -66.7 0   -66.7 0     2.0 0    91.6 0     1.9 0   128.4 0   903.9 0
 2026   7  1  7 14  4 14.067 100.61    -1.4 0    -0.3 0    -0.3 0    -0.2 0   246.3 0   274.343 0   274.169 0   312.5 0   274.105 0   274.135 0     0.0 0     0.0 0     0.0 0   -66.2 0   -66.2 0     2.0 0    90.2 0     2.0 0   117.9 0   903.9 0
 2026   7  1  7 14  5 14.083 100.42    -1.4 0     0.0 0    -0.3 0    -0.2 0   246.2 0   274.321 0   274.164 0   312.2 0   274.087 0   274.108 0     0.0 0     0.0 0     0.0 0   -66.0 0   -66.0 0     1.8 0    90.2 0     1.8 0   111.5 0   903.9 0
 2026   7  1  7 14  6 14.100 100.23    -1.6 0     0.1 0    -0.3 0    -0.2 0   245.9 0   274.302 0   274.137 0   312.1 0   274.064 0   274.084 0     0.0 0     0.0 0     0.0 0   -66.2 0   -66.2 0     1.6 0    90.4 0     2.1 0   103.3 0   903.9 0
 2026   7  1  7 14  7 14.117 100.04    -1.6 0     0.2 0    -0.3 0    -0.2 0   245.7 0   274.278 0   274.096 0   312.0 0   274.037 0   274.054 0     0.0 0     0.0 0     0.0 0   -66.3 0   -66.3 0     1.4 0    90.8 0     2.2 0   106.4 0   903.9 0
 2026   7  1  7 14  8 14.133  99.86    -1.6 0     0.2 0    -0.3 0    -0.2 0   245.7 0   274.250 0   274.070 0   312.0 0   274.009 0   274.030 0     0.0 0     0.0 0     0.0 0   -66.3 0   -66.3 0     1.3 0    91.8 0     2.3 0   114.7 0   903.8 0
 2026   7  1  7 14  9 14.150  99.67    -1.6 0     0.0 0    -0.3 0    -0.2 0   245.5 0   274.222 0   274.038 0   312.1 0   273.985 0   274.013 0     0.0 0     0.0 0     0.0 0   -66.6 0   -66.6 0     1.3 0    92.3 0     2.5 0   116.9 0   903.8 0
 2026   7  1  7 14 10 14.167  99.48    -1.5 0    -0.1 0    -0.3 0    -0.2 0   245.6 0   274.193 0   274.002 0   312.3 0   273.967 0   274.002 0     0.0 0     0.0 0     0.0 0   -66.7 0   -66.7 0     1.4 0    92.5 0     2.7 0   124.0 0   903.8 0
 2026   7  1  7 14 11 14.183  99.29    -1.6 0    -0.1 0    -0.3 0    -0.2 0   245.6 0   274.164 0   273.986 0   312.3 0   273.954 0   273.988 0     0.0 0     0.0 0     0.0 0   -66.6 0   -66.6 0     1.5 0    92.2 0     2.4 0   124.2 0   903.8 0
 2026   7  1  7 14 12 14.200  99.11    -1.7 0    -0.1 0    -0.3 0    -0.2 0   245.5 0   274.141 0   273.973 0   312.2 0   273.939 0   273.971 0     0.0 0     0.0 0     0.0 0   -66.7 0   -66.7 0     1.5 0    92.0 0     2.6 0   123.6 0   903.8 0
 2026   7  1  7 14 13 14.217  98.92    -1.7 0    -0.2 0    -0.3 0    -0.2 0   245.6 0   274.120 0   273.953 0   312.2 0   273.924 0   273.961 0     0.0 0     0.0 0     0.0 0   -66.6 0   -66.6 0     1.5 0    92.0 0     2.5 0   123.4 0   903.8 0
 2026   7  1  7 14 14 14.233  98.73    -1.7 0    -0.1 0    -0.3 0    -0.2 0   245.6 0   274.102 0   273.943 0   312.2 0   273.911 0   273.945 0     0.0 0     0.0 0     0.0 0   -66.7 0   -66.7 0     1.4 0    91.8 0     2.7 0   121.9 0   903.8 0
 2026   7  1  7 14 15 14.250  98.54    -1.8 0    -0.2 0    -0.3 0    -0.2 0   245.5 0   274.087 0   273.930 0   312.4 0   273.899 0   273.938 0     0.0 0     0.0 0     0.0 0   -66.9 0   -66.9 0     1.5 0    92.0 0     2.7 0   119.5 0   903.8 0
 2026   7  1  7 14 16 14.267  98.36    -1.8 0    -0.1 0    -0.3 0    -0.2 0   245.6 0   274.072 0   273.912 0   312.3 0   273.887 0   273.918 0     0.0 0     0.0 0     0.0 0   -66.7 0   -66.7 0     1.4 0    91.7 0     2.7 0   119.2 0   903.7 0
 2026   7  1  7 14 17 14.283  98.17    -1.8 0    -0.1 0    -0.3 0    -0.2 0   245.6 0   274.056 0   273.901 0   312.4 0   273.873 0   273.914 0     0.0 0     0.0 0     0.0 0   -66.8 0   -66.8 0     1.4 0    92.5 0     2.9 0   122.4 0   903.7 0
 2026   7  1  7 14 18 14.300  97.98    -1.8 0    -0.3 0    -0.3 0    -0.2 0   245.8 0   274.042 0   273.889 0   312.7 0   273.868 0   273.922 0     0.0 0     0.0 0     0.0 0   -66.9 0   -66.9 0     1.5 0    93.0 0     2.6 0   127.9 0   903.7 0
 2026   7  1  7 14 19 14.317  97.80    -1.9 0    -0.5 0    -0.3 0    -0.2 0   246.0 0   274.031 0   273.890 0   312.9 0   273.874 0   273.934 0     0.0 0     0.0 0     0.0 0   -66.9 0   -66.9 0     1.7 0    92.7 0     2.5 0   127.2 0   903.7 0
 2026   7  1  7 14 20 14.333  97.61    -1.9 0    -0.6 0    -0.3 0    -0.2 0   246.1 0   274.024 0   273.888 0   312.9 0   273.884 0   273.943 0     0.0 0     0.0 0     0.0 0   -66.8 0   -66.8 0     1.8 0    92.2 0     2.4 0   129.3 0   903.7 0
 2026   7  1  7 14 21 14.350  97.43    -1.9 0    -0.5 0    -0.3 0    -0.2 0   246.1 0   274.021 0   273.892 0   312.8 0   273.892 0   273.947 0     0.0 0     0.0 0     0.0 0   -66.8 0   -66.8 0     1.9 0    91.8 0     2.5 0   125.3 0   903.7 0
 2026   7  1  7 14 22 14.367  97.24    -1.9 0    -0.5 0    -0.3 0    -0.2 0   246.1 0   274.018 0   273.888 0   312.8 0   273.899 0   273.955 0     0.0 0     0.0 0     0.0 0   -66.7 0   -66.7 0     1.9 0    91.7 0     2.5 0   127.8 0   903.7 0
 2026   7  1  7 14 23 14.383  97.06    -1.9 0    -0.5 0    -0.3 0    -0.2 0   246.3 0   274.016 0   273.894 0   312.8 0   273.907 0   273.966 0     0.0 0     0.0 0     0.0 0   -66.6 0   -66.6 0     2.0 0    91.3 0     2.4 0   126.2 0   903.7 0
 2026   7  1  7 14 24 14.400  96.87    -1.9 0    -0.5 0    -0.3 0    -0.2 0   246.4 0   274.017 0   273.899 0   312.9 0   273.914 0   273.971 0     0.0 0     0.0 0     0.0 0   -66.5 0   -66.5 0     2.0 0    91.1 0     2.4 0   127.1 0   903.7 0
 2026   7  1  7 14 25 14.417  96.69    -2.0 0    -0.6 0    -0.3 0    -0.2 0   246.2 0   274.019 0   273.898 0   313.1 0   273.927 0   273.997 0     0.0 0     0.0 0     0.0 0   -66.9 0   -66.9 0     2.1 0    91.5 0     2.5 0   124.9 0   903.7 0
 2026   7  1  7 14 26 14.433  96.50    -2.0 0    -0.5 0    -0.3 0    -0.2 0   246.1 0   274.019 0   273.892 0   312.8 0   273.943 0   274.001 0     0.0 0     0.0 0     0.0 0   -66.7 0   -66.7 0     2.1 0    90.4 0     2.5 0   118.1 0   903.7 0
 2026   7  1  7 14 27 14.450  96.32    -1.9 0    -0.3 0    -0.3 0    -0.2 0   246.1 0   274.016 0   273.886 0   312.6 0   273.949 0   273.998 0     0.0 0     0.0 0     0.0 0   -66.5 0   -66.5 0     2.0 0    89.7 0     2.5 0   114.3 0   903.6 0
 2026   7  1  7 14 28 14.467  96.13    -1.9 0     0.0 0    -0.3 0    -0.2 0   246.1 0   274.012 0   273.884 0   312.4 0   273.945 0   273.983 0     0.0 0     0.0 0     0.0 0   -66.3 0   -66.3 0     1.8 0    89.7 0     2.5 0   113.4 0   903.6 0
 2026   7  1  7 14 29 14.483  95.95    -1.9 0     0.0 0    -0.3 0    -0.2 0   246.1 0   274.007 0   273.878 0   312.4 0   273.936 0   273.975 0     0.0 0     0.1 0     0.0 0   -66.3 0   -66.3 0     1.7 0    90.5 0     2.4 0   116.8 0   903.6 0
 2026   7  1  7 14 30 14.500  95.77    -1.9 0     0.0 0    -0.3 0    -0.2 0   246.1 0   274.001 0   273.870 0   312.4 0   273.928 0   273.972 0     0.0 0     0.1 0     0.0 0   -66.4 0   -66.4 0     1.7 0    90.8 0     2.3 0   112.8 0   903.6 0
 2026   7  1  7 14 31 14.517  95.58    -1.9 0     0.0 0    -0.3 0    -0.2 0   246.2 0   273.995 0   273.869 0   312.4 0   273.922 0   273.965 0     0.0 0     0.1 0     0.0 0   -66.1 0   -66.1 0     1.7 0    90.8 0     2.2 0   113.6 0   903.6 0
 2026   7  1  7 14 32 14.533  95.40    -1.9 0    -0.1 0    -0.3 0    -0.1 0   246.2 0   273.990 0   273.870 0   312.5 0   273.918 0   273.970 0     0.0 0     0.1 0     0.0 0   -66.3 0   -66.3 0     1.8 0    91.2 0     2.3 0   115.7 0   903.6 0
 2026   7  1  7 14 33 14.550  95.21    -1.9 0    -0.1 0    -0.3 0    -0.1 0   246.4 0   273.987 0   273.878 0   312.5 0   273.919 0   273.972 0     0.0 0     0.1 0     0.0 0   -66.2 0   -66.2 0     1.8 0    90.6 0     2.3 0   116.3 0   903.6 0
 2026   7  1  7 14 34 14.567  95.03    -1.9 0    -0.1 0    -0.2 0    -0.1 0   246.6 0   273.991 0   273.902 0   312.7 0   273.922 0   273.981 0     0.0 0     0.1 0     0.0 0   -66.1 0   -66.1 0     1.9 0    91.0 0     2.1 0   117.3 0   903.6 0
 2026   7  1  7 14 35 14.583  94.85    -2.0 0    -0.2 0    -0.2 0     0.0 0   247.0 0   274.005 0   273.952 0   312.7 0   273.931 0   273.995 0     0.0 0     0.1 0     0.0 0   -65.8 0   -65.8 0     2.1 0    90.3 0     1.8 0   119.1 0   903.6 0
 2026   7  1  7 14 36 14.600  94.67    -2.1 0    -0.2 0    -0.2 0     0.0 0   247.0 0   274.034 0   273.991 0   312.6 0   273.941 0   274.002 0     0.0 0     0.1 0     0.0 0   -65.6 0   -65.6 0     2.1 0    89.8 0     1.6 0   125.8 0   903.7 0
 2026   7  1  7 14 37 14.617  94.48    -2.1 0    -0.1 0    -0.2 0     0.0 0   247.1 0   274.069 0   274.045 0   312.4 0   273.949 0   274.002 0     0.0 0     0.1 0     0.0 0   -65.3 0   -65.2 0     2.2 0    89.0 0     1.2 0   118.5 0   903.7 0
 2026   7  1  7 14 38 14.633  94.30    -2.1 0     0.0 0    -0.2 0     0.1 0   247.2 0   274.112 0   274.085 0   312.5 0   273.950 0   274.006 0     0.0 0     0.1 0     0.1 0   -65.3 0   -65.3 0     2.1 0    89.4 0     1.1 0   127.4 0   903.7 0
 2026   7  1  7 14 39 14.650  94.12    -1.9 0     0.0 0    -0.2 0     0.1 0   247.1 0   274.143 0   274.043 0   312.7 0   273.951 0   274.009 0     0.0 0     0.2 0     0.1 0   -65.6 0   -65.5 0     2.2 0    89.4 0     0.9 0   125.8 0   903.7 0
 2026   7  1  7 14 40 14.667  93.94    -1.6 0    -0.1 0    -0.2 0     0.1 0   247.5 0   274.154 0   274.092 0   312.6 0   273.954 0   274.019 0     0.0 0     0.2 0     0.1 0   -65.1 0   -65.0 0     2.2 0    89.5 0     1.0 0   129.3 0   903.7 0
 2026   7  1  7 14 41 14.683  93.76    -1.8 0     0.0 0    -0.1 0     0.3 0   247.8 0   274.188 0   274.178 0   312.5 0   273.958 0   274.017 0     0.0 0     0.2 0     0.3 0   -64.7 0   -64.4 0     2.3 0    89.1 0     0.9 0   130.4 0   903.7 0
 2026   7  1  7 14 42 14.700  93.57    -1.8 0     0.0 0    -0.1 0     0.4 0   248.0 0   274.240 0   274.243 0   312.5 0   273.960 0   274.020 0     0.0 0     0.3 0     0.4 0   -64.5 0   -64.1 0     2.3 0    88.9 0     1.1 0   132.0 0   903.7 0
 2026   7  1  7 14 43 14.717  93.39    -1.8 0    -0.1 0    -0.1 0     0.5 0   248.2 0   274.298 0   274.311 0   312.9 0   273.967 0   274.038 0     0.0 0     0.3 0     0.5 0   -64.7 0   -64.2 0     2.4 0    89.4 0     1.3 0   135.3 0   903.7 0
 2026   7  1  7 14 44 14.733  93.21    -1.7 0    -0.2 0     0.0 0     0.6 0   248.2 0   274.358 0   274.351 0   312.8 0   273.982 0   274.046 0     0.0 0     0.4 0     0.6 0   -64.6 0   -64.0 0     2.6 0    88.8 0     1.4 0   121.9 0   903.6 0
 2026   7  1  7 14 45 14.750  93.03    -1.4 0    -0.2 0    -0.1 0     0.7 0   247.8 0   274.407 0   274.352 0   312.7 0   273.996 0   274.057 0     0.0 0     0.5 0     0.7 0   -64.9 0   -64.1 0     2.6 0    87.9 0     1.2 0   105.7 0   903.6 0
 2026   7  1  7 14 46 14.767  92.85    -0.9 0     0.0 0    -0.1 0     0.9 0   247.4 0   274.431 0   274.317 0   312.3 0   274.005 0   274.057 0     0.0 0     0.6 0     0.9 0   -64.9 0   -64.0 0     2.6 0    87.2 0     1.1 0    93.4 0   903.6 0
 2026   7  1  7 14 47 14.783  92.67    -0.6 0     0.1 0    -0.1 0     1.1 0   247.4 0   274.434 0   274.320 0   312.2 0   274.007 0   274.060 0     0.0 0     0.7 0     0.9 0   -64.8 0   -63.8 0     2.5 0    86.8 0     1.0 0    82.5 0   903.6 0
 2026   7  1  7 14 48 14.800  92.49    -0.4 0     0.1 0     0.0 0     1.3 0   247.9 0   274.448 0   274.402 0   312.5 0   274.011 0   274.074 0     0.0 0     0.8 0     1.2 0   -64.6 0   -63.3 0     2.4 0    87.4 0     1.1 0    67.7 0   903.6 0
 2026   7  1  7 14 49 14.817  92.31    -0.3 0     0.1 0    -0.1 0     1.6 0   247.8 0   274.479 0   274.389 0   312.8 0   274.018 0   274.088 0     0.0 0     0.9 0     1.5 0   -65.0 0   -63.5 0     2.4 0    87.8 0     1.1 0    53.8 0   903.6 0
 2026   7  1  7 14 50 14.833  92.13    -0.2 0     0.0 0    -0.1 0     1.8 0   247.5 0   274.482 0   274.303 0   313.1 0   274.033 0   274.119 0     0.0 0     1.1 0     1.8 0   -65.6 0   -63.8 0     2.5 0    88.0 0     1.3 0    34.8 0   903.6 0
 2026   7  1  7 14 51 14.850  91.95     0.0 0     0.0 0    -0.1 0     2.1 0   247.4 0   274.461 0   274.280 0   313.2 0   274.049 0   274.139 0     0.0 0     1.3 0     2.1 0   -65.7 0   -63.7 0     2.5 0    87.8 0     1.6 0    29.4 0   903.6 0
 2026   7  1  7 14 52 14.867  91.77     0.2 0     0.0 0    -0.1 0     2.4 0   247.3 0   274.440 0   274.269 0   313.2 0   274.066 0   274.166 0     0.0 0     1.4 0     2.3 0   -65.8 0   -63.5 0     2.5 0    87.6 0     1.5 0    20.3 0   903.6 0
 2026   7  1  7 14 53 14.883  91.59     0.7 0     0.1 0    -0.1 0     2.7 0   247.4 0   274.420 0   274.247 0   313.4 0   274.084 0   274.189 0     0.0 0     1.6 0     2.6 0   -66.0 0   -63.4 0     2.5 0    87.8 0     1.9 0     5.8 0   903.5 0
 2026   7  1  7 14 54 14.900  91.41     1.3 0     0.0 0    -0.2 0     3.0 0   247.0 0   274.394 0   274.194 0   312.9 0   274.109 0   274.206 0     0.0 0     1.8 0     3.0 0   -65.9 0   -62.9 0     2.6 0    87.6 0     2.2 0   353.1 0   903.6 0
 2026   7  1  7 14 55 14.917  91.24     1.8 0     0.5 0    -0.2 0     3.4 0   246.4 0   274.357 0   274.147 0   312.4 0   274.123 0   274.168 0     0.0 0     2.1 0     2.9 0   -66.0 0   -63.1 0     2.5 0    86.2 0     2.1 0   352.0 0   903.6 0
 2026   7  1  7 14 56 14.933  91.06     2.3 0     0.9 0    -0.2 0     3.8 0   246.1 0   274.315 0   274.102 0   312.0 0   274.111 0   274.135 0     0.0 0     2.3 0     2.9 0   -65.9 0   -62.9 0     2.1 0    85.7 0     1.8 0   344.4 0   903.6 0
 2026   7  1  7 14 57 14.950  90.88     2.8 0     1.1 0    -0.2 0     4.3 0   246.0 0   274.270 0   274.059 0   311.8 0   274.086 0   274.106 0     0.0 0     2.6 0     3.2 0   -65.8 0   -62.6 0     1.8 0    86.9 0     1.9 0   338.8 0   903.6 0
 2026   7  1  7 14 58 14.967  89.96     3.3 0     1.1 0    -0.2 0     4.8 0   245.8 0   274.226 0   274.015 0   311.8 0   274.060 0   274.092 0     0.4 0     2.9 0     3.7 0   -66.1 0   -62.4 0     1.6 0    89.1 0     1.9 0   320.7 0   903.6 0
 2026   7  1  7 14 59 14.983  89.83     3.8 0     0.9 0    -0.2 0     5.3 0   246.0 0   274.180 0   273.971 0   312.5 0   274.043 0   274.104 0     0.5 0     3.2 0     4.4 0   -66.5 0   -62.1 0     1.7 0    91.1 0     2.0 0   313.4 0   903.6 0
 2026   7  1  7 15  0 15.000  89.70     4.3 0     0.4 0    -0.2 0     5.9 0   246.5 0   274.137 0   273.949 0   313.2 0   274.050 0   274.135 0     0.5 0     3.6 0     5.4 0   -66.7 0   -61.3 0     2.1 0    91.2 0     2.1 0   315.5 0   903.6 0
 2026   7  1  7 15  1 15.017  89.57     4.8 0     0.2 0    -0.2 0     6.5 0   246.7 0   274.101 0   273.922 0   313.5 0   274.070 0   274.160 0     0.5 0     3.9 0     6.2 0   -66.8 0   -60.6 0     2.3 0    90.2 0     2.1 0   317.6 0   903.6 0
 2026   7  1  7 15  2 15.033  89.43     5.4 0     0.2 0    -0.2 0     7.0 0   246.6 0   274.067 0   273.892 0   313.6 0   274.093 0   274.184 0     0.6 0     4.3 0     6.8 0   -67.0 0   -60.2 0     2.5 0    89.3 0     2.0 0   319.3 0   903.6 0
 2026   7  1  7 15  3 15.050  89.29     6.1 0     0.2 0    -0.2 0     7.6 0   246.6 0   274.035 0   273.866 0   313.6 0   274.117 0   274.213 0     0.7 0     4.6 0     7.4 0   -67.0 0   -59.7 0     2.6 0    88.7 0     2.0 0   321.4 0   903.5 0
 2026   7  1  7 15  4 15.067  89.15     6.6 0     0.3 0    -0.1 0     8.2 0   246.6 0   274.008 0   273.865 0   313.5 0   274.141 0   274.238 0     0.8 0     5.0 0     7.8 0   -66.9 0   -59.1 0     2.6 0    88.3 0     2.0 0   321.3 0   903.5 0
 2026   7  1  7 15  5 15.083  89.00     6.9 0     0.5 0    -0.1 0     8.7 0   246.6 0   273.993 0   273.876 0   313.6 0   274.163 0   274.254 0     0.7 0     5.4 0     8.3 0   -67.0 0   -58.8 0     2.6 0    88.1 0     2.0 0   318.7 0   903.5 0
 2026   7  1  7 15  6 15.100  88.85     7.3 0     0.5 0    -0.1 0     9.3 0   246.6 0   273.988 0   273.890 0   313.7 0   274.184 0   274.268 0     0.7 0     5.7 0     8.7 0   -67.1 0   -58.4 0     2.6 0    88.0 0     2.0 0   315.0 0   903.5 0
 2026   7  1  7 15  7 15.117  88.70     7.7 0     0.6 0    -0.1 0     9.8 0   246.5 0   273.990 0   273.901 0   313.8 0   274.205 0   274.284 0     0.7 0     6.1 0     9.2 0   -67.3 0   -58.1 0     2.6 0    87.9 0     2.2 0   311.2 0   903.5 0
 2026   7  1  7 15  8 15.133  88.55     8.3 0     0.7 0     0.0 0    10.4 0   246.1 0   273.992 0   273.878 0   313.7 0   274.227 0   274.303 0     0.7 0     6.6 0     9.8 0   -67.5 0   -57.8 0     2.6 0    87.7 0     2.2 0   310.1 0   903.5 0
 2026   7  1  7 15  9 15.150  88.39     9.1 0     0.8 0     0.1 0    11.1 0   246.0 0   273.984 0   273.859 0   313.2 0   274.246 0   274.308 0     0.8 0     7.0 0    10.2 0   -67.2 0   -57.0 0     2.6 0    87.2 0     2.3 0   317.8 0   903.5 0
 2026   7  1  7 15 10 15.167  88.24     9.9 0     1.6 0    23.8 0    11.8 0   246.1 0   273.973 0   273.848 0   313.2 0   274.251 0   274.314 0     0.8 0     7.6 0    11.0 0   -67.2 0   -56.2 0     2.4 0    87.6 0     2.2 0   320.7 0   903.5 0
 2026   7  1  7 15 11 15.183  88.08    10.9 0     3.1 0   119.0 0    12.5 0   246.3 0   273.963 0   273.834 0   313.6 0   274.258 0   274.372 0     0.9 0     8.9 0    13.4 0   -67.3 0   -53.9 0     2.4 0    88.7 0     1.9 0   325.3 0   903.5 0
 2026   7  1  7 15 12 15.200  87.92    11.8 0     5.0 0   223.1 0    13.3 0   246.7 0   273.959 0   273.845 0   313.9 0   274.276 0   274.440 0     0.9 0    10.4 0    16.4 0   -67.3 0   -50.8 0     2.5 0    88.5 0     1.8 0   330.3 0   903.5 0
 2026   7  1  7 15 13 15.217  87.76    12.2 0     6.0 0   277.7 0    14.0 0   246.7 0   273.974 0   273.888 0   314.3 0   274.298 0   274.500 0     1.0 0    11.5 0    18.8 0   -67.6 0   -48.8 0     2.6 0    88.3 0     1.7 0   335.8 0   903.5 0
 2026   7  1  7 15 14 15.233  87.60    12.5 0     6.3 0   291.6 0    14.6 0   246.8 0   274.006 0   273.935 0   314.5 0   274.322 0   274.532 0     1.0 0    12.3 0    20.5 0   -67.6 0   -47.2 0     2.6 0    87.9 0     1.6 0   338.1 0   903.5 0
 2026   7  1  7 15 15 15.250  87.44    12.8 0     6.7 0   304.1 0    15.2 0   246.9 0   274.049 0   273.993 0   314.9 0   274.344 0   274.564 0     1.1 0    13.2 0    22.1 0   -67.9 0   -45.9 0     2.7 0    87.8 0     1.3 0   339.3 0   903.4 0
 2026   7  1  7 15 16 15.267  87.28    13.5 0     7.1 0   315.9 0    15.8 0   246.9 0   274.101 0   274.055 0   315.0 0   274.366 0   274.593 0     1.1 0    14.1 0    23.7 0   -68.1 0   -44.4 0     2.7 0    87.5 0     1.3 0   344.4 0   903.4 0
 2026   7  1  7 15 17 15.283  87.11    15.0 0     7.5 0   327.9 0    16.3 0   246.8 0   274.157 0   274.100 0   314.9 0   274.385 0   274.609 0     1.2 0    15.0 0    25.4 0   -68.1 0   -42.8 0     2.7 0    86.5 0     1.8 0   351.2 0   903.4 0
 2026   7  1  7 15 18 15.300  86.95    17.2 0     8.1 0   338.8 0    16.9 0   246.6 0   274.211 0   274.138 0   314.6 0   274.395 0   274.597 0     1.2 0    16.0 0    26.8 0   -67.9 0   -41.1 0     2.6 0    85.6 0     2.2 0     5.1 0   903.4 0
 2026   7  1  7 15 19 15.317  86.79    19.9 0     8.6 0   347.7 0    17.4 0   246.7 0   274.258 0   274.174 0   314.5 0   274.392 0   274.590 0     1.3 0    16.9 0    28.4 0   -67.9 0   -39.5 0     2.3 0    86.0 0     2.0 0     0.4 0   903.4 0
 2026   7  1  7 15 20 15.333  86.62    23.0 0     9.0 0   358.8 0    18.0 0   246.5 0   274.305 0   274.220 0   314.5 0   274.383 0   274.581 0     1.3 0    18.0 0    30.1 0   -68.0 0   -37.9 0     2.1 0    86.6 0     1.9 0     1.3 0   903.4 0
 2026   7  1  7 15 21 15.350  86.46    26.3 0     9.4 0   370.2 0    18.6 0   246.5 0   274.353 0   274.271 0   314.7 0   274.372 0   274.570 0     1.4 0    19.0 0    32.0 0   -68.2 0   -36.2 0     2.0 0    87.4 0     2.0 0   352.8 0   903.4 0
 2026   7  1  7 15 22 15.367  86.30    29.6 0     9.7 0   379.5 0    19.1 0   246.5 0   274.403 0   274.320 0   314.9 0   274.365 0   274.579 0     1.5 0    20.1 0    34.0 0   -68.4 0   -34.4 0     2.0 0    88.5 0     1.9 0   344.0 0   903.4 0
 2026   7  1  7 15 23 15.383  86.13    32.9 0    10.1 0   390.6 0    19.7 0   246.4 0   274.454 0   274.373 0   314.8 0   274.360 0   274.567 0     1.5 0    21.2 0    36.0 0   -68.3 0   -32.4 0     1.9 0    88.4 0     1.1 0   329.8 0   903.4 0
 2026   7  1  7 15 24 15.400  85.97    36.1 0    10.5 0   399.2 0    20.2 0   246.3 0   274.507 0   274.421 0   314.9 0   274.352 0   274.562 0     1.6 0    22.3 0    37.8 0   -68.6 0   -30.8 0     1.9 0    88.8 0     1.3 0   331.5 0   903.4 0
 2026   7  1  7 15 25 15.417  85.80    39.0 0    10.8 0   409.3 0    20.8 0   246.5 0   274.558 0   274.466 0   315.1 0   274.346 0   274.559 0     1.7 0    23.5 0    39.9 0   -68.6 0   -28.7 0     1.9 0    89.2 0     1.5 0   343.8 0   903.4 0
 2026   7  1  7 15 26 15.433  85.64    41.6 0    11.1 0   418.5 0    21.3 0   246.7 0   274.610 0   274.531 0   315.4 0   274.343 0   274.557 0     1.7 0    24.6 0    42.0 0   -68.7 0   -26.7 0     1.9 0    89.7 0     1.8 0   348.6 0   903.4 0
 2026   7  1  7 15 27 15.450  85.47    43.9 0    11.4 0   425.9 0    21.8 0   246.7 0   274.666 0   274.591 0   315.8 0   274.344 0   274.571 0     1.8 0    25.8 0    44.0 0   -69.1 0   -25.1 0     2.0 0    90.1 0     1.7 0   341.8 0   903.4 0
 2026   7  1  7 15 28 15.467  85.31    46.2 0    11.8 0   435.1 0    22.3 0   246.8 0   274.726 0   274.654 0   315.9 0   274.352 0   274.573 0     1.9 0    27.0 0    46.1 0   -69.1 0   -23.0 0     2.1 0    89.6 0     1.6 0   348.3 0   903.4 0
 2026   7  1  7 15 29 15.483  85.15    48.2 0    12.1 0   442.4 0    22.8 0   246.9 0   274.788 0   274.719 0   316.5 0   274.362 0   274.595 0     1.9 0    28.3 0    48.2 0   -69.5 0   -21.3 0     2.2 0    90.0 0     1.9 0   343.8 0   903.4 0
 2026   7  1  7 15 30 15.500  84.98    50.4 0    12.4 0   450.1 0    23.4 0   247.0 0   274.853 0   274.793 0   316.7 0   274.381 0   274.611 0     2.0 0    29.6 0    50.3 0   -69.7 0   -19.4 0     2.3 0    89.3 0     1.8 0   345.0 0   903.4 0
 2026   7  1  7 15 31 15.517  84.82    52.5 0    12.8 0   457.0 0    23.9 0   247.0 0   274.924 0   274.867 0   316.8 0   274.400 0   274.624 0     2.1 0    30.8 0    52.3 0   -69.8 0   -17.5 0     2.4 0    88.7 0     1.8 0   344.7 0   903.4 0
 2026   7  1  7 15 32 15.533  84.65    50.3 0    11.9 0   412.9 0    24.3 0   246.9 0   274.996 0   274.929 0   316.9 0   274.418 0   274.627 0     2.2 0    30.0 0    50.8 0   -70.0 0   -19.2 0     2.4 0    88.3 0     1.8 0   346.2 0   903.4 0
 2026   7  1  7 15 33 15.550  84.49    55.0 0    13.2 0   447.5 0    24.8 0   246.8 0   275.062 0   274.981 0   317.0 0   274.433 0   274.632 0     2.3 0    32.6 0    54.6 0   -70.2 0   -15.6 0     2.4 0    88.1 0     1.6 0   353.7 0   903.4 0
 2026   7  1  7 15 34 15.567  84.32    59.6 0    14.2 0   483.3 0    25.3 0   246.8 0   275.124 0   275.039 0   317.2 0   274.446 0   274.648 0     2.4 0    35.1 0    59.0 0   -70.4 0   -11.4 0     2.4 0    88.2 0     1.5 0   353.1 0   903.4 0
 2026   7  1  7 15 35 15.583  84.16    62.5 0    14.9 0   498.0 0    25.8 0   246.8 0   275.187 0   275.094 0   317.3 0   274.458 0   274.661 0     2.4 0    37.0 0    61.5 0   -70.5 0    -9.0 0     2.3 0    88.3 0     1.5 0   357.1 0   903.4 0
 2026   7  1  7 15 36 15.600  83.99    65.2 0    15.4 0   509.1 0    26.3 0   246.8 0   275.249 0   275.152 0   317.6 0   274.470 0   274.672 0     2.5 0    38.7 0    64.1 0   -70.8 0    -6.7 0     2.3 0    88.6 0     1.7 0     3.3 0   903.4 0
 2026   7  1  7 15 37 15.617  83.83    68.0 0    15.9 0   519.8 0    26.7 0   247.1 0   275.313 0   275.218 0   317.9 0   274.484 0   274.687 0     2.6 0    40.5 0    66.7 0   -70.8 0    -4.1 0     2.3 0    88.8 0     2.1 0     9.2 0   903.4 0
 2026   7  1  7 15 38 15.633  83.67    70.5 0    16.3 0   529.0 0    27.2 0   247.3 0   275.380 0   275.288 0   318.3 0   274.502 0   274.710 0     2.7 0    42.1 0    69.2 0   -71.0 0    -1.8 0     2.4 0    88.9 0     2.2 0     4.0 0   903.4 0
 2026   7  1  7 15 39 15.650  83.50    73.0 0    16.7 0   536.8 0    27.6 0   247.5 0   275.449 0   275.362 0   318.6 0   274.525 0   274.735 0     2.8 0    43.7 0    71.7 0   -71.1 0     0.6 0     2.5 0    88.9 0     2.1 0   358.2 0   903.4 0
 2026   7  1  7 15 40 15.667  83.34    75.6 0    17.2 0   544.1 0    28.1 0   247.6 0   275.521 0   275.433 0   318.9 0   274.552 0   274.760 0     2.9 0    45.3 0    74.0 0   -71.3 0     2.7 0     2.6 0    88.6 0     1.9 0   352.7 0   903.4 0
 2026   7  1  7 15 41 15.683  83.18    78.0 0    17.6 0   549.7 0    28.5 0   247.6 0   275.592 0   275.501 0   319.2 0   274.581 0   274.783 0     3.0 0    46.8 0    76.2 0   -71.6 0     4.6 0     2.6 0    88.3 0     1.7 0   351.5 0   903.4 0
 2026   7  1  7 15 42 15.700  83.01    80.7 0    18.2 0   558.1 0    28.9 0   247.6 0   275.664 0   275.571 0   319.5 0   274.610 0   274.806 0     3.1 0    48.4 0    78.6 0   -71.8 0     6.8 0     2.7 0    88.2 0     1.6 0   354.1 0   903.4 0
 2026   7  1  7 15 43 15.717  82.85    83.2 0    18.7 0   564.5 0    29.4 0   247.8 0   275.735 0   275.644 0   319.8 0   274.638 0   274.832 0     3.2 0    50.0 0    81.0 0   -72.0 0     9.0 0     2.8 0    88.0 0     1.5 0   349.8 0   903.4 0
 2026   7  1  7 15 44 15.733  82.69    85.7 0    19.1 0   571.3 0    29.8 0   248.1 0   275.808 0   275.724 0   320.1 0   274.668 0   274.860 0     3.3 0    51.5 0    83.4 0   -72.0 0    11.4 0     2.9 0    88.0 0     1.2 0   348.2 0   903.4 0
 2026   7  1  7 15 45 15.750  82.53    88.4 0    19.6 0   579.5 0    30.2 0   248.3 0   275.885 0   275.804 0   320.5 0   274.702 0   274.889 0     3.4 0    53.1 0    85.9 0   -72.2 0    13.7 0     3.0 0    87.7 0     0.9 0   344.0 0   903.4 0
 2026   7  1  7 15 46 15.767  82.36    90.5 0    20.1 0   580.9 0    30.6 0   248.3 0   275.963 0   275.879 0   320.9 0   274.734 0   274.919 0     3.5 0    54.4 0    87.7 0   -72.5 0    15.1 0     3.1 0    87.2 0     0.7 0   347.2 0   903.4 0
 2026   7  1  7 15 47 15.783  82.20    93.3 0    20.6 0   590.0 0    31.0 0   248.4 0   276.041 0   275.957 0   321.0 0   274.765 0   274.947 0     3.6 0    56.0 0    90.4 0   -72.5 0    17.8 0     3.3 0    86.7 0     0.3 0   266.3 0   903.4 0
 2026   7  1  7 15 48 15.800  82.04    96.0 0    21.2 0   596.5 0    31.4 0   248.3 0   276.120 0   276.045 0   320.7 0   274.793 0   274.960 0     3.8 0    57.4 0    92.7 0   -72.4 0    20.4 0     3.3 0    85.4 0     1.3 0   178.2 0   903.4 0
 2026   7  1  7 15 49 15.817  81.88    99.2 0    21.9 0   604.0 0    31.7 0   247.4 0   276.201 0   276.083 0   320.4 0   274.817 0   274.967 0     3.9 0    58.9 0    95.1 0   -73.0 0    22.1 0     3.2 0    85.6 0     1.3 0   174.5 0   903.4 0
 2026   7  1  7 15 50 15.833  81.72   102.1 0    22.4 0   608.9 0    32.0 0   246.8 0   276.264 0   276.063 0   320.5 0   274.834 0   274.980 0     4.0 0    60.1 0    97.3 0   -73.7 0    23.6 0     3.0 0    86.2 0     1.2 0   185.3 0   903.5 0
 2026   7  1  7 15 51 15.850  81.56   105.0 0    22.8 0   614.7 0    32.4 0   246.8 0   276.304 0   276.099 0   320.6 0   274.850 0   274.989 0     4.1 0    61.5 0    99.8 0   -73.8 0    26.0 0     2.9 0    86.3 0     1.3 0   188.1 0   903.5 0
 2026   7  1  7 15 52 15.867  81.40   107.9 0    23.3 0   620.6 0    32.7 0   246.5 0   276.338 0   276.124 0   320.8 0   274.863 0   275.000 0     4.2 0    62.8 0   102.3 0   -74.3 0    28.0 0     2.7 0    87.1 0     1.3 0   207.0 0   903.5 0
 2026   7  1  7 15 53 15.883  81.24   110.6 0    23.7 0   624.9 0    33.1 0   246.3 0   276.370 0   276.158 0   320.9 0   274.876 0   275.010 0     4.3 0    64.0 0   104.7 0   -74.7 0    30.0 0     2.6 0    87.6 0     1.8 0   217.5 0   903.5 0
 2026   7  1  7 15 54 15.900  81.08   113.3 0    24.1 0   629.9 0    33.5 0   246.1 0   276.400 0   276.176 0   321.1 0   274.889 0   275.018 0     4.5 0    65.2 0   107.1 0   -75.0 0    32.1 0     2.5 0    88.6 0     1.7 0   209.8 0   903.5 0
 2026   7  1  7 15 55 15.917  80.92   116.2 0    24.6 0   635.9 0    33.9 0   246.1 0   276.427 0   276.205 0   321.2 0   274.902 0   275.024 0     4.6 0    66.5 0   109.7 0   -75.0 0    34.6 0     2.4 0    88.9 0     1.6 0   195.5 0   903.5 0
 2026   7  1  7 15 56 15.933  80.76   119.0 0    25.1 0   641.4 0    34.2 0   246.1 0   276.452 0   276.212 0   321.4 0   274.913 0   275.040 0     4.7 0    67.8 0   112.1 0   -75.3 0    36.8 0     2.4 0    89.5 0     1.5 0   180.2 0   903.5 0
 2026   7  1  7 15 57 15.950  80.60   121.8 0    25.5 0   646.0 0    34.6 0   246.3 0   276.473 0   276.244 0   321.8 0   274.927 0   275.056 0     4.8 0    69.1 0   114.6 0   -75.5 0    39.1 0     2.4 0    90.1 0     1.0 0   183.2 0   903.5 0
 2026   7  1  7 15 58 15.967  80.44   124.5 0    25.9 0   650.5 0    34.9 0   246.1 0   276.497 0   276.259 0   322.0 0   274.943 0   275.072 0     5.0 0    70.3 0   117.0 0   -75.9 0    41.2 0     2.5 0    89.8 0     1.4 0   172.5 0   903.6 0
 2026   7  1  7 15 59 15.983  80.28   127.5 0    26.6 0   656.7 0    35.3 0   245.8 0   276.517 0   276.253 0   322.1 0   274.958 0   275.089 0     5.1 0    71.7 0   119.5 0   -76.3 0    43.3 0     2.5 0    89.3 0     2.0 0   174.6 0   903.6 0
 2026   7  1  7 16  0 16.000  80.13   130.4 0    27.2 0   660.8 0    35.6 0   245.6 0   276.534 0   276.256 0   322.2 0   274.972 0   275.103 0     5.2 0    72.9 0   121.8 0   -76.5 0    45.3 0     2.4 0    89.4 0     2.1 0   174.7 0   903.6 0
 2026   7  1  7 16  1 16.017  79.97   133.1 0    27.7 0   665.1 0    36.0 0   245.8 0   276.550 0   276.270 0   322.4 0   274.984 0   275.114 0     5.4 0    74.0 0   124.1 0   -76.6 0    47.5 0     2.4 0    89.4 0     1.8 0   171.8 0   903.6 0
 2026   7  1  7 16  2 16.033  79.81   135.9 0    28.2 0   668.6 0    36.3 0   246.1 0   276.564 0   276.284 0   322.7 0   274.996 0   275.135 0     5.6 0    75.2 0   126.4 0   -76.7 0    49.7 0     2.4 0    89.5 0     1.4 0   179.7 0   903.6 0
 2026   7  1  7 16  3 16.050  79.65   138.8 0    28.6 0   673.2 0    36.6 0   246.4 0   276.576 0   276.325 0   323.1 0   275.014 0   275.159 0     5.8 0    76.4 0   128.9 0   -76.7 0    52.2 0     2.4 0    89.8 0     1.1 0   184.6 0   903.6 0
 2026   7  1  7 16  4 16.067  79.50   141.5 0    29.1 0   677.2 0    37.0 0   246.5 0   276.598 0   276.369 0   323.3 0   275.034 0   275.174 0     5.9 0    77.7 0   131.3 0   -76.8 0    54.5 0     2.5 0    89.5 0     1.3 0   176.3 0   903.6 0
 2026   7  1  7 16  5 16.083  79.34   144.5 0    29.8 0   683.5 0    37.3 0   246.3 0   276.628 0   276.411 0   323.4 0   275.053 0   275.194 0     5.9 0    79.0 0   134.0 0   -77.2 0    56.8 0     2.4 0    89.2 0     1.6 0   187.0 0   903.7 0
 2026   7  1  7 16  6 16.100  79.18   147.3 0    30.3 0   686.8 0    37.6 0   246.0 0   276.655 0   276.387 0   323.7 0   275.069 0   275.216 0     6.1 0    80.2 0   136.2 0   -77.7 0    58.5 0     2.4 0    89.7 0     1.2 0   180.6 0   903.7 0
 2026   7  1  7 16  7 16.117  79.03   150.2 0    30.7 0   690.8 0    38.0 0   246.2 0   276.672 0   276.407 0   324.2 0   275.091 0   275.242 0     6.2 0    81.4 0   138.8 0   -78.1 0    60.7 0     2.5 0    90.5 0     0.7 0   169.8 0   903.8 0
 2026   7  1  7 16  8 16.133  78.87   153.1 0    31.2 0   695.9 0    38.4 0   246.3 0   276.687 0   276.426 0   324.5 0   275.114 0   275.264 0     6.4 0    82.7 0   141.4 0   -78.2 0    63.3 0     2.6 0    89.9 0     0.7 0   181.7 0   903.8 0
 2026   7  1  7 16  9 16.150  78.72   156.0 0    31.8 0   699.7 0    38.7 0   246.5 0   276.706 0   276.475 0   324.8 0   275.138 0   275.289 0     6.6 0    83.9 0   143.8 0   -78.4 0    65.5 0     2.7 0    89.8 0     0.9 0   169.9 0   903.8 0
 2026   7  1  7 16 10 16.167  78.56   158.8 0    32.3 0   704.4 0    39.1 0   246.3 0   276.732 0   276.492 0   325.1 0   275.164 0   275.318 0     6.7 0    85.2 0   146.4 0   -78.8 0    67.6 0     2.8 0    89.3 0     1.0 0   173.6 0   903.8 0
 2026   7  1  7 16 11 16.183  78.41   161.5 0    32.9 0   706.9 0    39.4 0   246.3 0   276.755 0   276.499 0   325.4 0   275.191 0   275.351 0     6.9 0    86.3 0   148.5 0   -79.1 0    69.4 0     2.8 0    88.8 0     1.0 0   169.1 0   903.9 0
 2026   7  1  7 16 12 16.200  78.25   164.4 0    33.5 0   711.9 0    39.7 0   246.4 0   276.777 0   276.527 0   325.7 0   275.219 0   275.381 0     7.1 0    87.6 0   151.1 0   -79.2 0    71.8 0     2.9 0    88.8 0     1.1 0   155.4 0   903.9 0
 2026   7  1  7 16 13 16.217  78.10   167.3 0    34.1 0   715.6 0    40.0 0   246.5 0   276.802 0   276.573 0   326.0 0   275.246 0   275.409 0     7.2 0    88.7 0   153.5 0   -79.5 0    74.0 0     2.9 0    88.5 0     1.1 0   151.3 0   903.9 0
 2026   7  1  7 16 14 16.233  77.95   170.1 0    34.6 0   718.7 0    40.3 0   246.6 0   276.832 0   276.598 0   326.3 0   275.274 0   275.439 0     7.4 0    89.9 0   155.8 0   -79.7 0    76.1 0     3.0 0    88.1 0     1.1 0   139.0 0   903.9 0
 2026   7  1  7 16 15 16.250  77.79   173.1 0    35.3 0   723.5 0    40.6 0   246.7 0   276.862 0   276.622 0   326.6 0   275.303 0   275.469 0     7.6 0    91.1 0   158.3 0   -80.0 0    78.4 0     3.1 0    87.5 0     1.1 0   134.7 0   903.9 0
 2026   7  1  7 16 16 16.267  77.64   176.0 0    35.9 0   727.1 0    40.9 0   246.8 0   276.889 0   276.651 0   326.9 0   275.332 0   275.500 0     7.7 0    92.2 0   160.7 0   -80.1 0    80.6 0     3.1 0    87.2 0     1.0 0   130.1 0   903.9 0
 2026   7  1  7 16 17 16.283  77.49   178.6 0    36.4 0   730.1 0    41.3 0   246.9 0   276.916 0   276.667 0   327.2 0   275.363 0   275.536 0     7.9 0    93.3 0   163.0 0   -80.3 0    82.7 0     3.2 0    86.7 0     1.1 0   121.6 0   903.9 0
 2026   7  1  7 16 18 16.300  77.34   181.5 0    37.0 0   733.3 0    41.6 0   247.2 0   276.944 0   276.726 0   327.5 0   275.396 0   275.574 0     8.1 0    94.4 0   165.4 0   -80.3 0    85.1 0     3.2 0    86.6 0     1.4 0   120.7 0   903.9 0
 2026   7  1  7 16 19 16.317  77.19   184.3 0    37.6 0   736.1 0    41.9 0   247.4 0   276.983 0   276.783 0   327.9 0   275.428 0   275.609 0     8.3 0    95.4 0   167.6 0   -80.6 0    87.0 0     3.2 0    86.6 0     1.4 0   116.5 0   903.9 0
 2026   7  1  7 16 20 16.333  77.04   187.1 0    38.1 0   739.4 0    42.2 0   247.4 0   277.029 0   276.814 0   328.3 0   275.463 0   275.646 0     8.4 0    96.4 0   170.0 0   -80.9 0    89.1 0     3.2 0    86.4 0     1.6 0   118.1 0   903.9 0
 2026   7  1  7 16 21 16.350  76.88   190.0 0    38.7 0   743.1 0    42.6 0   247.7 0   277.076 0   276.885 0   328.7 0   275.499 0   275.688 0     8.6 0    97.6 0   172.5 0   -80.9 0    91.5 0     3.2 0    86.2 0     1.6 0   111.2 0   903.9 0
 2026   7  1  7 16 22 16.367  76.73   193.0 0    39.4 0   747.7 0    42.9 0   247.8 0   277.130 0   276.934 0   328.9 0   275.537 0   275.729 0     8.8 0    98.7 0   175.0 0   -81.1 0    94.0 0     3.2 0    85.8 0     1.8 0   105.1 0   903.9 0
 2026   7  1  7 16 23 16.383  76.58   195.9 0    40.0 0   750.3 0    43.2 0   247.9 0   277.178 0   276.952 0   329.2 0   275.574 0   275.768 0     9.0 0    99.8 0   177.3 0   -81.3 0    96.0 0     3.2 0    86.0 0     2.0 0   104.1 0   903.9 0
 2026   7  1  7 16 24 16.400  76.44   199.0 0    40.7 0   754.4 0    43.5 0   248.2 0   277.222 0   277.017 0   329.5 0   275.611 0   275.806 0     9.2 0   100.9 0   179.8 0   -81.3 0    98.5 0     3.2 0    86.2 0     2.2 0   109.0 0   903.9 0
 2026   7  1  7 16 25 16.417  76.29   202.0 0    41.3 0   757.6 0    43.8 0   248.2 0   277.274 0   277.074 0   329.7 0   275.649 0   275.844 0     9.4 0   102.0 0   182.1 0   -81.5 0   100.7 0     3.2 0    86.1 0     2.6 0   116.8 0   903.9 0
 2026   7  1  7 16 26 16.433  76.14   204.7 0    41.9 0   759.9 0    44.1 0   248.4 0   277.329 0   277.132 0   330.0 0   275.685 0   275.882 0     9.6 0   103.0 0   184.3 0   -81.6 0   102.7 0     3.2 0    86.3 0     2.8 0   119.4 0   904.0 0
 2026   7  1  7 16 27 16.450  75.99   207.5 0    42.5 0   763.2 0    44.4 0   248.4 0   277.389 0   277.185 0   330.2 0   275.722 0   275.917 0     9.7 0   104.0 0   186.6 0   -81.8 0   104.8 0     3.2 0    86.4 0     2.6 0   117.5 0   904.0 0
 2026   7  1  7 16 28 16.467  75.84   210.4 0    43.1 0   766.1 0    44.7 0   248.9 0   277.448 0   277.256 0   330.7 0   275.761 0   275.960 0     9.9 0   105.1 0   189.0 0   -81.8 0   107.2 0     3.3 0    86.7 0     2.4 0   116.3 0   904.0 0
 2026   7  1  7 16 29 16.483  75.69   213.2 0    43.6 0   768.8 0    45.0 0   249.2 0   277.512 0   277.342 0   330.9 0   275.802 0   276.003 0    10.1 0   106.1 0   191.3 0   -81.7 0   109.6 0     3.4 0    86.2 0     2.6 0   115.7 0   904.0 0
 2026   7  1  7 16 30 16.500  75.55   215.6 0    44.3 0   769.9 0    45.2 0   249.3 0   277.580 0   277.397 0   331.2 0   275.839 0   276.040 0    10.3 0   107.0 0   193.1 0   -81.9 0   111.2 0     3.3 0    85.8 0     2.5 0   114.2 0   904.0 0
 2026   7  1  7 16 31 16.517  75.40   218.7 0    44.8 0   773.4 0    45.5 0   249.5 0   277.644 0   277.456 0   331.6 0   275.877 0   276.083 0    10.5 0   108.1 0   195.6 0   -82.2 0   113.5 0     3.4 0    85.9 0     2.4 0   109.5 0   904.0 0
 2026   7  1  7 16 32 16.533  75.26   221.7 0    45.3 0   776.8 0    45.8 0   249.5 0   277.707 0   277.519 0   332.1 0   275.918 0   276.131 0    10.7 0   109.2 0   198.2 0   -82.6 0   115.5 0     3.5 0    86.0 0     2.6 0   106.2 0   904.0 0
 2026   7  1  7 16 33 16.550  75.11   224.6 0    46.0 0   779.1 0    46.1 0   249.5 0   277.770 0   277.562 0   332.2 0   275.961 0   276.173 0    10.9 0   110.2 0   200.4 0   -82.7 0   117.6 0     3.5 0    85.3 0     3.3 0   105.6 0   904.0 0
 2026   7  1  7 16 34 16.567  74.96   227.7 0    46.6 0   782.4 0    46.4 0   249.6 0   277.828 0   277.621 0   332.5 0   276.002 0   276.215 0    11.1 0   111.4 0   202.8 0   -82.9 0   119.8 0     3.5 0    85.5 0     3.1 0   108.6 0   904.0 0
 2026   7  1  7 16 35 16.583  74.82   230.6 0    47.1 0   786.0 0    46.8 0   250.0 0   277.887 0   277.688 0   332.9 0   276.046 0   276.263 0    11.4 0   112.5 0   205.4 0   -82.9 0   122.5 0     3.6 0    85.6 0     3.0 0   106.5 0   904.0 0
 2026   7  1  7 16 36 16.600  74.68   233.3 0    47.7 0   787.2 0    47.0 0   249.8 0   277.953 0   277.771 0   333.3 0   276.090 0   276.307 0    11.6 0   113.4 0   207.3 0   -83.5 0   123.9 0     3.6 0    85.4 0     2.9 0   106.8 0   904.0 0
 2026   7  1  7 16 37 16.617  74.53   236.2 0    48.4 0   789.3 0    47.4 0   249.6 0   278.016 0   277.799 0   333.6 0   276.134 0   276.353 0    11.8 0   114.5 0   209.5 0   -83.9 0   125.6 0     3.6 0    84.8 0     3.1 0   108.6 0   904.0 0
 2026   7  1  7 16 38 16.633  74.39   239.2 0    49.1 0   792.7 0    47.7 0   249.6 0   278.071 0   277.839 0   333.8 0   276.179 0   276.400 0    12.0 0   115.7 0   212.0 0   -84.3 0   127.7 0     3.7 0    84.6 0     3.0 0   108.1 0   904.1 0
 2026   7  1  7 16 39 16.650  74.25   242.2 0    49.6 0   795.0 0    48.0 0   249.6 0   278.124 0   277.906 0   334.2 0   276.223 0   276.446 0    12.3 0   116.8 0   214.2 0   -84.6 0   129.6 0     3.7 0    84.3 0     3.1 0   102.4 0   904.1 0
 2026   7  1  7 16 40 16.667  74.10   245.1 0    50.3 0   797.5 0    48.3 0   249.9 0   278.181 0   277.979 0   334.4 0   276.267 0   276.490 0    12.5 0   117.9 0   216.5 0   -84.5 0   132.0 0     3.7 0    83.8 0     3.1 0   102.4 0   904.1 0
 2026   7  1  7 16 41 16.683  73.96   248.1 0    50.8 0   800.2 0    48.7 0   250.0 0   278.242 0   278.030 0   334.7 0   276.310 0   276.534 0    12.7 0   119.1 0   218.9 0   -84.7 0   134.2 0     3.8 0    84.0 0     2.9 0   107.7 0   904.1 0
 2026   7  1  7 16 42 16.700  73.82   251.0 0    51.4 0   802.2 0    49.1 0   250.2 0   278.303 0   278.100 0   335.2 0   276.354 0   276.582 0    13.0 0   120.2 0   221.3 0   -85.0 0   136.3 0     3.8 0    84.1 0     2.8 0   105.0 0   904.1 0
 2026   7  1  7 16 43 16.717  73.68   254.3 0    51.9 0   805.0 0    49.7 0   250.5 0   278.366 0   278.155 0   336.0 0   276.402 0   276.638 0    13.2 0   121.5 0   224.0 0   -85.5 0   138.5 0     4.0 0    84.9 0     1.6 0   115.0 0   904.1 0
 2026   7  1  7 16 44 16.733  73.54   257.2 0    52.4 0   806.2 0    50.2 0   250.8 0   278.427 0   278.206 0   336.4 0   276.456 0   276.697 0    13.4 0   122.6 0   226.3 0   -85.5 0   140.8 0     4.2 0    83.8 0     2.3 0   118.6 0   904.1 0
 2026   7  1  7 16 45 16.750  73.40   260.3 0    53.1 0   808.6 0    50.7 0   251.5 0   278.486 0   278.285 0   336.8 0   276.510 0   276.749 0    13.7 0   123.8 0   228.7 0   -85.2 0   143.4 0     4.2 0    83.1 0     2.5 0   128.3 0   904.0 0
 2026   7  1  7 16 46 16.767  73.26   263.4 0    53.8 0   811.4 0    51.2 0   251.7 0   278.555 0   278.371 0   336.9 0   276.562 0   276.799 0    13.9 0   125.0 0   231.1 0   -85.2 0   145.9 0     4.3 0    82.1 0     2.9 0   125.0 0   904.0 0
 2026   7  1  7 16 47 16.783  73.12   266.7 0    54.6 0   813.7 0    51.7 0   251.8 0   278.623 0   278.409 0   337.2 0   276.611 0   276.848 0    14.2 0   126.4 0   233.4 0   -85.4 0   148.0 0     4.2 0    82.3 0     2.9 0   122.5 0   904.0 0
 2026   7  1  7 16 48 16.800  72.98   270.0 0    55.2 0   816.5 0    52.3 0   251.8 0   278.685 0   278.460 0   337.7 0   276.663 0   276.906 0    14.4 0   127.7 0   236.1 0   -85.8 0   150.3 0     4.3 0    82.6 0     2.8 0   119.2 0   904.0 0
 2026   7  1  7 16 49 16.817  72.84   273.2 0    55.9 0   818.4 0    53.0 0   252.2 0   278.740 0   278.509 0   338.2 0   276.717 0   276.963 0    14.6 0   129.1 0   238.6 0   -86.0 0   152.6 0     4.3 0    82.5 0     2.8 0   119.8 0   904.0 0
 2026   7  1  7 16 50 16.833  72.70   276.6 0    56.5 0   820.2 0    54.0 0   252.9 0   278.797 0   278.594 0   338.7 0   276.775 0   277.029 0    14.9 0   130.5 0   241.3 0   -85.8 0   155.5 0     4.4 0    82.2 0     2.6 0   116.7 0   904.0 0
 2026   7  1  7 16 51 16.850  72.56   281.1 0    57.6 0   822.5 0    55.8 0   253.9 0   278.862 0   278.685 0   338.8 0   276.832 0   277.078 0    15.1 0   132.3 0   244.7 0   -84.8 0   159.8 0     4.5 0    81.1 0     2.9 0   119.7 0   904.0 0
 2026   7  1  7 16 52 16.867  72.43   286.3 0    58.6 0   825.7 0    58.3 0   255.4 0   278.934 0   278.768 0   339.3 0   276.886 0   277.136 0    15.3 0   134.5 0   248.9 0   -83.9 0   165.0 0     4.5 0    81.6 0     2.9 0   123.0 0   904.0 0
 2026   7  1  7 16 53 16.883  72.29   291.5 0    59.6 0   827.5 0    60.9 0   256.7 0   279.008 0   278.829 0   340.1 0   276.943 0   277.199 0    15.5 0   136.6 0   253.0 0   -83.4 0   169.6 0     4.6 0    81.7 0     2.5 0   126.5 0   904.0 0
 2026   7  1  7 16 54 16.900  72.16   296.7 0    60.5 0   829.1 0    63.5 0   257.9 0   279.077 0   278.882 0   340.7 0   277.002 0   277.261 0    15.8 0   138.6 0   257.0 0   -82.8 0   174.2 0     4.6 0    81.4 0     2.5 0   126.9 0   904.0 0
 2026   7  1  7 16 55 16.917  72.02   301.2 0    61.3 0   831.1 0    65.7 0   259.0 0   279.141 0   278.933 0   341.5 0   277.065 0   277.332 0    16.0 0   140.6 0   260.9 0   -82.6 0   178.3 0     4.8 0    81.7 0     2.3 0   124.2 0   904.0 0
 2026   7  1  7 16 56 16.933  71.89   305.5 0    62.2 0   832.9 0    67.5 0   260.5 0   279.204 0   279.064 0   341.6 0   277.129 0   277.393 0    16.3 0   142.4 0   264.3 0   -81.2 0   183.1 0     4.8 0    80.2 0     2.8 0   132.3 0   904.0 0
 2026   7  1  7 16 57 16.950  71.75   310.1 0    63.1 0   833.8 0    69.9 0   261.4 0   279.286 0   279.149 0   342.2 0   277.190 0   277.453 0    16.6 0   144.2 0   267.8 0   -80.8 0   187.0 0     4.9 0    80.3 0     2.7 0   136.8 0   904.0 0
 2026   7  1  7 16 58 16.967  71.62   315.9 0    64.1 0   834.1 0    73.3 0   262.5 0   279.367 0   279.209 0   342.9 0   277.254 0   277.526 0    16.9 0   146.6 0   272.3 0   -80.5 0   191.8 0     5.0 0    80.6 0     2.3 0   136.5 0   904.0 0
 2026   7  1  7 16 59 16.983  71.48   321.7 0    65.3 0   835.0 0    77.1 0   263.7 0   279.438 0   279.256 0   343.4 0   277.318 0   277.584 0    17.2 0   149.0 0   277.0 0   -79.7 0   197.3 0     5.0 0    79.5 0     2.4 0   141.5 0   904.0 0
 2026   7  1  7 17  0 17.000  71.35   327.5 0    66.3 0   837.0 0    80.4 0   265.0 0   279.502 0   279.323 0   344.1 0   277.382 0   277.655 0    17.4 0   151.4 0   281.8 0   -79.1 0   202.7 0     5.1 0    79.4 0     2.4 0   142.8 0   904.0 0
 2026   7  1  7 17  1 17.017  71.22   331.7 0    67.1 0   835.5 0    83.2 0   266.4 0   279.567 0   279.420 0   344.6 0   277.447 0   277.722 0    17.6 0   153.0 0   285.2 0   -78.2 0   207.0 0     5.1 0    79.0 0     2.5 0   138.4 0   904.0 0
 2026   7  1  7 17  2 17.033  71.09   335.0 0    67.8 0   831.5 0    86.0 0   267.7 0   279.640 0   279.509 0   345.0 0   277.514 0   277.789 0    17.8 0   154.2 0   287.7 0   -77.3 0   210.4 0     5.2 0    78.7 0     2.4 0   139.0 0   904.0 0
 2026   7  1  7 17  3 17.050  70.96   340.3 0    68.9 0   829.3 0    89.7 0   269.1 0   279.719 0   279.611 0   345.7 0   277.579 0   277.852 0    18.2 0   156.1 0   291.4 0   -76.6 0   214.8 0     5.2 0    78.5 0     2.5 0   131.4 0   904.0 0
 2026   7  1  7 17  4 17.067  70.82   348.1 0    70.4 0   826.5 0    96.0 0   270.7 0   279.798 0   279.670 0   346.6 0   277.646 0   277.930 0    18.4 0   159.1 0   297.1 0   -75.9 0   221.2 0     5.3 0    78.6 0     2.7 0   140.9 0   904.0 0
 2026   7  1  7 17  5 17.083  70.69   355.3 0    71.6 0   809.7 0   106.2 0   273.4 0   279.870 0   279.744 0   347.3 0   277.716 0   278.004 0    18.7 0   161.0 0   302.2 0   -73.9 0   228.4 0     5.3 0    78.5 0     2.4 0   137.3 0   904.0 0
 2026   7  1  7 17  6 17.100  70.56   362.0 0    73.1 0   782.4 0   119.8 0   276.2 0   279.945 0   279.868 0   348.2 0   277.789 0   278.082 0    19.0 0   164.1 0   307.1 0   -72.0 0   235.1 0     5.4 0    78.4 0     2.2 0   147.4 0   904.0 0
 2026   7  1  7 17  7 17.117  70.44   391.9 0    78.2 0   823.9 0   134.4 0   278.2 0   280.024 0   279.954 0   349.3 0   277.865 0   278.169 0    19.5 0   176.8 0   332.1 0   -71.1 0   261.0 0     5.5 0    77.8 0     2.2 0   150.8 0   904.0 0
 2026   7  1  7 17  8 17.133  70.31   407.4 0    81.5 0   822.5 0   148.2 0   279.3 0   280.103 0   280.047 0   350.0 0   277.944 0   278.254 0    19.8 0   183.1 0   343.8 0   -70.7 0   273.2 0     5.6 0    76.9 0     2.4 0   154.7 0   904.0 0
 2026   7  1  7 17  9 17.150  70.18   386.6 0    75.4 0   681.7 0   166.7 0   279.1 0   280.186 0   280.145 0   350.3 0   278.018 0   278.317 0    19.8 0   174.4 0   322.4 0   -71.2 0   251.2 0     5.6 0    76.2 0     2.4 0   149.3 0   904.0 0
 2026   7  1  7 17 10 17.167  70.05   249.8 0    54.0 0   247.7 0   180.4 0   278.8 0   280.260 0   280.279 0   349.3 0   278.083 0   278.330 0    18.7 0   115.4 0   210.9 0   -70.5 0   140.5 0     5.6 0    76.6 0     2.0 0   149.3 0   904.1 0
 2026   7  1  7 17 11 17.183  69.92   326.0 0    75.2 0   395.0 0   185.6 0   277.7 0   280.307 0   280.275 0   350.4 0   278.145 0   278.420 0    19.5 0   150.6 0   246.0 0   -72.7 0   173.3 0     5.7 0    77.1 0     2.0 0   161.1 0   904.1 0
 2026   7  1  7 17 12 17.200  69.80   349.1 0    69.7 0   479.0 0   188.6 0   277.4 0   280.337 0   280.321 0   350.8 0   278.216 0   278.496 0    20.0 0   159.8 0   284.2 0   -73.4 0   210.9 0     5.8 0    76.4 0     2.5 0   162.0 0   904.1 0
 2026   7  1  7 17 13 17.217  69.67   247.7 0    38.6 0   232.6 0   184.1 0   276.8 0   280.375 0   280.364 0   348.9 0   278.279 0   278.503 0    19.4 0   114.9 0   226.3 0   -72.1 0   154.2 0     5.7 0    75.7 0     2.4 0   157.7 0   904.1 0
 2026   7  1  7 17 14 17.233  69.55   271.0 0    59.9 0   288.0 0   174.8 0   275.1 0   280.402 0   280.365 0   349.0 0   278.325 0   278.546 0    19.9 0   128.1 0   215.5 0   -73.9 0   141.6 0     5.7 0    76.7 0     2.1 0   159.1 0   904.1 0
 2026   7  1  7 17 15 17.250  69.42   356.1 0    68.0 0   572.5 0   164.6 0   273.5 0   280.421 0   280.388 0   350.4 0   278.386 0   278.652 0    21.0 0   161.6 0   297.8 0   -76.9 0   220.8 0     5.8 0    75.7 0     2.5 0   161.6 0   904.1 0
 2026   7  1  7 17 16 17.267  69.30   300.2 0    65.6 0   451.6 0   151.5 0   271.2 0   280.455 0   280.402 0   349.8 0   278.443 0   278.681 0    20.9 0   143.1 0   245.5 0   -78.5 0   167.0 0     5.8 0    75.8 0     2.2 0   152.4 0   904.1 0
 2026   7  1  7 17 17 17.283  69.17   381.2 0    74.9 0   750.8 0   139.9 0   269.1 0   280.500 0   280.478 0   351.1 0   278.502 0   278.779 0    21.9 0   174.1 0   332.0 0   -82.0 0   250.0 0     5.9 0    75.4 0     2.1 0   159.0 0   904.0 0
 2026   7  1  7 17 18 17.300  69.05   398.3 0    75.7 0   818.1 0   129.3 0   266.7 0   280.569 0   280.470 0   352.0 0   278.570 0   278.862 0    22.4 0   181.6 0   346.1 0   -85.3 0   260.8 0     6.0 0    74.5 0     1.9 0   169.8 0   904.1 0
 2026   7  1  7 17 19 17.317  68.93   214.5 0    47.7 0   317.2 0   116.0 0   265.8 0   280.629 0   280.541 0   350.4 0   278.631 0   278.865 0    20.9 0   103.7 0   182.4 0   -84.6 0    97.7 0     6.0 0    74.8 0     2.1 0   168.5 0   904.1 0
 2026   7  1  7 17 20 17.333  68.81   378.3 0    80.5 0   789.8 0   107.1 0   264.5 0   280.671 0   280.561 0   351.8 0   278.685 0   278.963 0    22.8 0   175.4 0   312.2 0   -87.3 0   224.9 0     6.1 0    75.3 0     1.8 0   156.3 0   904.1 0
 2026   7  1  7 17 21 17.350  68.69   386.8 0    79.0 0   851.0 0    99.3 0   263.5 0   280.730 0   280.631 0   352.9 0   278.754 0   279.051 0    23.3 0   177.4 0   329.7 0   -89.4 0   240.3 0     6.2 0    75.0 0     1.7 0   175.4 0   904.1 0
 2026   7  1  7 17 22 17.367  68.56   375.3 0    77.5 0   825.8 0    93.2 0   262.4 0   280.804 0   280.665 0   353.7 0   278.826 0   279.123 0    23.6 0   173.1 0   317.5 0   -91.2 0   226.3 0     6.4 0    74.9 0     1.6 0   160.5 0   904.1 0
 2026   7  1  7 17 23 17.383  68.44   380.8 0    77.8 0   853.7 0    88.4 0   261.3 0   280.875 0   280.712 0   354.1 0   278.900 0   279.201 0    24.1 0   175.6 0   324.2 0   -92.8 0   231.4 0     6.5 0    73.9 0     1.6 0   176.1 0   904.1 0
 2026   7  1  7 17 24 17.400  68.32   380.2 0    77.9 0   858.7 0    84.2 0   260.5 0   280.943 0   280.770 0   354.5 0   278.973 0   279.276 0    24.5 0   175.8 0   323.5 0   -94.0 0   229.5 0     6.6 0    74.0 0     1.6 0   180.5 0   904.1 0
 2026   7  1  7 17 25 17.417  68.21   379.5 0    77.7 0   861.3 0    80.8 0   260.2 0   281.016 0   280.870 0   354.9 0   279.052 0   279.358 0    24.8 0   175.8 0   322.9 0   -94.7 0   228.2 0     6.7 0    74.1 0     1.6 0   164.4 0   904.1 0
 2026   7  1  7 17 26 17.433  68.09   379.3 0    77.7 0   863.1 0    78.0 0   259.4 0   281.096 0   280.892 0   355.1 0   279.131 0   279.434 0    25.1 0   175.7 0   322.5 0   -95.7 0   226.8 0     6.8 0    72.7 0     2.0 0   164.9 0   904.1 0
 2026   7  1  7 17 27 17.450  67.97   378.2 0    77.6 0   861.6 0    75.6 0   259.3 0   281.163 0   280.933 0   355.2 0   279.207 0   279.509 0    25.4 0   175.2 0   321.2 0   -95.9 0   225.3 0     6.8 0    72.9 0     2.0 0   166.2 0   904.0 0
 2026   7  1  7 17 28 17.467  67.85   379.8 0    77.8 0   865.9 0    73.8 0   258.9 0   281.226 0   280.986 0   355.5 0   279.281 0   279.577 0    25.7 0   176.1 0   322.4 0   -96.6 0   225.8 0     6.9 0    72.5 0     1.7 0   161.7 0   904.0 0
 2026   7  1  7 17 29 17.483  67.74   381.2 0    78.3 0   867.7 0    72.7 0   259.2 0   281.285 0   281.069 0   355.7 0   279.353 0   279.650 0    26.0 0   176.8 0   323.2 0   -96.5 0   226.7 0     6.9 0    71.6 0     2.1 0   166.8 0   904.0 0
 2026   7  1  7 17 30 17.500  67.62   383.9 0    78.9 0   870.6 0    72.6 0   259.5 0   281.352 0   281.177 0   356.0 0   279.422 0   279.718 0    26.3 0   178.0 0   325.1 0   -96.5 0   228.7 0     6.9 0    71.9 0     2.3 0   159.3 0   904.0 0
 2026   7  1  7 17 31 17.517  67.50   387.3 0    79.6 0   873.1 0    73.4 0   259.6 0   281.427 0   281.197 0   356.2 0   279.490 0   279.782 0    26.6 0   179.5 0   327.8 0   -96.7 0   231.2 0     6.9 0    71.8 0     2.2 0   165.4 0   904.0 0
 2026   7  1  7 17 32 17.533  67.39   391.3 0    80.6 0   875.0 0    74.9 0   260.3 0   281.487 0   281.250 0   356.5 0   279.553 0   279.846 0    26.9 0   181.3 0   330.7 0   -96.1 0   234.6 0     6.8 0    71.7 0     2.3 0   174.2 0   904.0 0
 2026   7  1  7 17 33 17.550  67.28   397.1 0    81.7 0   875.9 0    78.4 0   261.3 0   281.550 0   281.340 0   357.3 0   279.618 0   279.919 0    27.2 0   183.7 0   335.0 0   -96.0 0   239.0 0     6.8 0    72.1 0     2.0 0   152.4 0   904.0 0
 2026   7  1  7 17 34 17.567  67.16   408.0 0    83.9 0   874.6 0    87.4 0   263.8 0   281.612 0   281.388 0   357.7 0   279.685 0   279.981 0    27.6 0   188.1 0   342.9 0   -94.0 0   249.0 0     6.9 0    71.0 0     1.9 0   164.6 0   904.1 0
 2026   7  1  7 17 35 17.583  67.05   427.3 0    87.5 0   875.8 0   103.7 0   268.3 0   281.673 0   281.517 0   358.9 0   279.749 0   280.056 0    28.2 0   196.0 0   357.7 0   -90.6 0   267.1 0     6.9 0    71.0 0     1.4 0   179.4 0   904.1 0
 2026   7  1  7 17 36 17.600  66.94   450.2 0    91.4 0   873.8 0   125.2 0   272.4 0   281.747 0   281.629 0   360.8 0   279.821 0   280.147 0    28.8 0   205.1 0   376.1 0   -88.4 0   287.7 0     7.1 0    71.5 0     1.4 0   184.8 0   904.1 0
 2026   7  1  7 17 37 17.617  66.83   464.2 0    95.6 0   826.0 0   152.3 0   275.8 0   281.822 0   281.747 0   361.7 0   279.902 0   280.241 0    29.1 0   209.9 0   381.7 0   -85.9 0   295.8 0     7.2 0    70.0 0     1.5 0   174.0 0   904.1 0
 2026   7  1  7 17 38 17.633  66.72   451.6 0    95.7 0   692.2 0   183.6 0   278.6 0   281.898 0   281.840 0   362.9 0   279.987 0   280.331 0    28.8 0   204.7 0   361.5 0   -84.3 0   277.3 0     7.4 0    69.8 0     1.4 0   170.5 0   904.1 0
 2026   7  1  7 17 39 17.650  66.61   439.9 0    89.6 0   626.7 0   204.6 0   281.4 0   281.973 0   282.005 0   363.5 0   280.073 0   280.411 0    28.6 0   199.8 0   363.8 0   -82.1 0   281.7 0     7.4 0    69.0 0     1.4 0   193.9 0   904.1 0
 2026   7  1  7 17 40 17.667  66.50   422.9 0    86.2 0   531.3 0   224.7 0   285.0 0   282.051 0   282.107 0   363.8 0   280.155 0   280.472 0    28.4 0   193.7 0   350.4 0   -78.8 0   271.6 0     7.5 0    68.8 0     1.4 0   204.3 0   904.1 0
 2026   7  1  7 17 41 17.683  66.39   458.9 0    94.7 0   543.0 0   248.6 0   289.7 0   282.130 0   282.260 0   365.0 0   280.234 0   280.565 0    28.9 0   208.0 0   371.4 0   -75.3 0   296.2 0     7.5 0    68.7 0     1.3 0   209.0 0   904.1 0
 2026   7  1  7 17 42 17.700  66.28   352.8 0    63.8 0   223.1 0   273.4 0   295.7 0   282.210 0   282.356 0   363.8 0   280.312 0   280.589 0    27.2 0   163.2 0   299.3 0   -68.2 0   231.1 0     7.4 0    68.4 0     1.3 0   217.6 0   904.1 0
 2026   7  1  7 17 43 17.717  66.17   304.5 0    56.2 0    52.7 0   289.4 0   301.4 0   282.264 0   282.414 0   362.7 0   280.371 0   280.602 0    26.1 0   140.1 0   254.5 0   -61.3 0   193.2 0     7.4 0    68.7 0     1.3 0   228.3 0   904.1 0
 2026   7  1  7 17 44 17.733  66.06   304.0 0    58.3 0    21.9 0   299.2 0   305.4 0   282.288 0   282.454 0   362.6 0   280.425 0   280.646 0    26.0 0   139.3 0   249.7 0   -57.2 0   192.5 0     7.3 0    69.6 0     1.4 0   219.1 0   904.1 0
 2026   7  1  7 17 45 17.750  65.96   334.9 0    66.4 0    82.9 0   303.6 0   306.0 0   282.301 0   282.486 0   363.5 0   280.480 0   280.712 0    26.8 0   155.1 0   270.9 0   -57.5 0   213.4 0     7.4 0    70.3 0     1.0 0   218.9 0   904.1 0
 2026   7  1  7 17 46 17.767  65.85   373.7 0    68.9 0   198.8 0   303.1 0   304.3 0   282.316 0   282.528 0   364.0 0   280.544 0   280.790 0    27.8 0   171.8 0   315.5 0   -59.7 0   255.8 0     7.5 0    69.3 0     1.5 0   236.5 0   904.1 0
 2026   7  1  7 17 47 17.783  65.75   323.1 0    64.9 0    66.5 0   301.2 0   302.4 0   282.343 0   282.529 0   363.4 0   280.603 0   280.831 0    27.0 0   148.9 0   263.6 0   -61.0 0   202.7 0     7.4 0    68.7 0     1.5 0   239.0 0   904.1 0
 2026   7  1  7 17 48 17.800  65.64   482.7 0    95.6 0   431.7 0   309.8 0   302.0 0   282.372 0   282.577 0   365.9 0   280.663 0   280.949 0    30.4 0   220.2 0   392.2 0   -63.8 0   328.4 0     7.4 0    69.4 0     1.8 0   248.3 0   904.1 0
 2026   7  1  7 17 49 17.817  65.54   380.8 0    68.2 0   187.1 0   316.4 0   302.3 0   282.422 0   282.629 0   365.3 0   280.732 0   280.999 0    29.1 0   172.3 0   325.7 0   -63.0 0   262.7 0     7.5 0    69.1 0     2.0 0   245.2 0   904.1 0
 2026   7  1  7 17 50 17.833  65.44   382.1 0    73.8 0   166.6 0   319.6 0   302.4 0   282.464 0   282.694 0   365.2 0   280.788 0   281.042 0    29.5 0   175.1 0   315.1 0   -62.9 0   252.2 0     7.5 0    68.5 0     1.9 0   242.1 0   904.1 0
 2026   7  1  7 17 51 17.850  65.33   343.9 0    70.8 0    70.3 0   320.3 0   301.4 0   282.507 0   282.747 0   364.8 0   280.838 0   281.070 0    28.9 0   158.5 0   278.8 0   -63.3 0   215.5 0     7.5 0    68.1 0     1.6 0   248.1 0   904.1 0
 2026   7  1  7 17 52 17.867  65.23   444.2 0    93.7 0   296.0 0   321.2 0   299.8 0   282.549 0   282.812 0   367.3 0   280.894 0   281.174 0    31.1 0   203.2 0   351.5 0   -67.5 0   284.0 0     7.5 0    68.7 0     1.6 0   227.5 0   904.1 0
 2026   7  1  7 17 53 17.883  65.13   454.1 0    90.8 0   348.7 0   317.8 0   298.4 0   282.608 0   282.886 0   368.2 0   280.961 0   281.259 0    31.7 0   207.3 0   373.7 0   -69.8 0   303.9 0     7.7 0    68.5 0     1.4 0   223.4 0   904.1 0
 2026   7  1  7 17 54 17.900  65.03   426.7 0    90.4 0   296.4 0   308.3 0   296.9 0   282.672 0   282.881 0   368.8 0   281.029 0   281.322 0    31.5 0   196.1 0   343.1 0   -71.9 0   271.2 0     7.8 0    68.1 0     1.6 0   237.6 0   904.0 0
 2026   7  1  7 17 55 17.917  64.93   498.6 0    97.5 0   470.0 0   306.3 0   297.1 0   282.732 0   282.977 0   369.5 0   281.098 0   281.401 0    33.0 0   228.3 0   408.0 0   -72.4 0   335.5 0     7.9 0    67.4 0     1.8 0   256.5 0   904.0 0
 2026   7  1  7 17 56 17.933  64.83   485.7 0    96.8 0   471.2 0   304.5 0   298.9 0   282.814 0   283.070 0   370.2 0   281.166 0   281.479 0    33.0 0   219.2 0   408.1 0   -71.3 0   336.7 0     7.9 0    67.0 0     1.6 0   268.0 0   904.0 0
 2026   7  1  7 17 57 17.950  64.73   513.4 0   108.2 0   501.1 0   312.4 0   303.1 0   282.901 0   283.162 0   371.5 0   281.234 0   281.566 0    33.6 0   233.4 0   418.1 0   -68.4 0   349.7 0     8.0 0    66.6 0     1.8 0   263.9 0   904.0 0
 2026   7  1  7 17 58 17.967  64.64   465.8 0    87.8 0   361.5 0   323.2 0   307.2 0   282.995 0   283.279 0   372.0 0   281.304 0   281.618 0    32.8 0   211.6 0   390.3 0   -64.8 0   325.5 0     8.1 0    66.6 0     1.5 0   259.6 0   904.0 0
 2026   7  1  7 17 59 17.983  64.54   425.9 0    87.7 0   224.4 0   335.5 0   310.4 0   283.075 0   283.336 0   371.7 0   281.361 0   281.627 0    31.8 0   197.2 0   344.2 0   -61.4 0   282.9 0     8.1 0    66.4 0     1.2 0   263.3 0   904.0 0
 2026   7  1  7 18  0 18.000  64.44   481.6 0    87.7 0   355.2 0   344.4 0   312.6 0   283.133 0   283.334 0   372.5 0   281.422 0   281.722 0    32.8 0   218.2 0   409.9 0   -60.0 0   349.9 0     8.2 0    65.5 0     1.7 0   269.8 0   904.0 0
 2026   7  1  7 18  1 18.017  64.35   419.6 0    79.9 0   211.9 0   337.5 0   313.4 0   283.175 0   283.370 0   372.1 0   281.480 0   281.750 0    31.5 0   192.5 0   349.4 0   -58.8 0   290.6 0     8.2 0    65.7 0     1.8 0   253.3 0   904.0 0
 2026   7  1  7 18  2 18.033  64.25   361.6 0    71.8 0   105.2 0   320.9 0   312.6 0   283.207 0   283.391 0   371.0 0   281.522 0   281.758 0    30.1 0   167.0 0   294.8 0   -58.4 0   236.4 0     8.1 0    66.3 0     1.9 0   263.0 0   904.0 0
 2026   7  1  7 18  3 18.050  64.16   314.4 0    60.0 0    22.2 0   309.8 0   311.7 0   283.220 0   283.375 0   369.9 0   281.557 0   281.763 0    28.9 0   144.0 0   259.4 0   -58.1 0   201.3 0     8.1 0    66.6 0     2.0 0   257.9 0   904.0 0
 2026   7  1  7 18  4 18.067  64.07   342.4 0    65.1 0   102.6 0   302.5 0   310.7 0   283.214 0   283.332 0   369.4 0   281.583 0   281.782 0    30.1 0   157.6 0   282.3 0   -58.7 0   223.5 0     8.0 0    67.2 0     1.8 0   242.7 0   904.0 0
 2026   7  1  7 18  5 18.083  63.97   296.8 0    56.2 0     9.9 0   296.7 0   309.5 0   283.204 0   283.335 0   368.5 0   281.608 0   281.780 0    29.2 0   135.8 0   244.8 0   -58.9 0   185.9 0     8.0 0    67.8 0     2.0 0   268.3 0   904.0 0
 2026   7  1  7 18  6 18.100  63.88   306.7 0    56.6 0    48.2 0   291.1 0   308.0 0   283.189 0   283.267 0   367.9 0   281.629 0   281.791 0    29.8 0   140.6 0   255.8 0   -59.9 0   195.9 0     8.0 0    68.4 0     1.7 0   258.2 0   903.9 0
 2026   7  1  7 18  7 18.117  63.79   295.9 0    57.0 0    21.0 0   288.9 0   306.5 0   283.166 0   283.259 0   367.5 0   281.647 0   281.803 0    29.8 0   136.9 0   241.1 0   -61.0 0   180.2 0     8.0 0    67.8 0     1.5 0   238.4 0   903.9 0
 2026   7  1  7 18  8 18.133  63.70   308.1 0    55.3 0    86.3 0   281.3 0   304.6 0   283.145 0   283.235 0   367.2 0   281.663 0   281.820 0    30.3 0   140.1 0   264.3 0   -62.5 0   201.7 0     8.0 0    68.1 0     1.8 0   264.7 0   903.9 0
 2026   7  1  7 18  9 18.150  63.61   290.6 0    56.3 0    38.6 0   279.0 0   303.2 0   283.126 0   283.193 0   366.3 0   281.676 0   281.842 0    30.2 0   134.6 0   239.9 0   -63.2 0   176.7 0     7.9 0    66.7 0     2.0 0   270.2 0   903.9 0
 2026   7  1  7 18 10 18.167  63.52   324.6 0    64.3 0   100.6 0   283.5 0   302.6 0   283.100 0   283.150 0   366.7 0   281.685 0   281.865 0    31.3 0   151.7 0   264.1 0   -64.2 0   199.9 0     7.9 0    68.0 0     1.8 0   259.7 0   903.9 0
 2026   7  1  7 18 11 18.183  63.44   301.4 0    56.5 0    45.8 0   286.2 0   302.8 0   283.072 0   283.137 0   366.8 0   281.696 0   281.878 0    30.7 0   139.2 0   250.1 0   -64.0 0   186.1 0     7.9 0    67.9 0     1.7 0   260.9 0   903.9 0
 2026   7  1  7 18 12 18.200  63.35   357.3 0    70.8 0   159.1 0   289.3 0   303.6 0   283.050 0   283.149 0   367.2 0   281.706 0   281.889 0    32.6 0   166.8 0   289.9 0   -63.6 0   226.3 0     7.8 0    67.6 0     2.1 0   271.1 0   903.9 0
 2026   7  1  7 18 13 18.217  63.26   330.4 0    61.7 0    96.1 0   293.2 0   303.7 0   283.037 0   283.106 0   367.1 0   281.715 0   281.912 0    32.3 0   152.7 0   274.7 0   -63.3 0   211.3 0     7.8 0    67.6 0     1.6 0   276.1 0   903.9 0
 2026   7  1  7 18 14 18.233  63.18   296.6 0    55.9 0    13.4 0   293.2 0   303.5 0   283.020 0   283.140 0   366.9 0   281.725 0   281.907 0    31.6 0   136.0 0   243.3 0   -63.4 0   179.9 0     7.8 0    68.0 0     1.2 0   288.4 0   903.9 0
 2026   7  1  7 18 15 18.250  63.09   290.5 0    54.6 0    10.1 0   289.5 0   302.1 0   283.003 0   283.090 0   366.8 0   281.735 0   281.892 0    31.7 0   133.3 0   239.5 0   -64.7 0   174.7 0     7.9 0    67.7 0     1.4 0   294.3 0   903.9 0
 2026   7  1  7 18 16 18.267  63.01   280.4 0    52.5 0    19.9 0   275.5 0   299.6 0   282.974 0   282.990 0   366.1 0   281.740 0   281.887 0    31.8 0   129.5 0   232.0 0   -66.5 0   165.5 0     7.9 0    67.4 0     1.9 0   267.9 0   903.8 0
 2026   7  1  7 18 17 18.283  62.92   264.1 0    51.2 0    16.8 0   261.7 0   297.4 0   282.930 0   282.970 0   365.1 0   281.739 0   281.881 0    31.5 0   123.4 0   218.1 0   -67.8 0   150.3 0     7.8 0    67.9 0     2.0 0   277.9 0   903.8 0
 2026   7  1  7 18 18 18.300  62.84   271.6 0    49.6 0    71.5 0   245.2 0   294.9 0   282.895 0   282.900 0   364.7 0   281.731 0   281.862 0    31.9 0   126.3 0   228.3 0   -69.8 0   158.5 0     7.8 0    68.3 0     2.1 0   269.6 0   903.8 0
 2026   7  1  7 18 19 18.317  62.76   227.1 0    42.1 0     9.3 0   228.2 0   292.3 0   282.855 0   282.784 0   363.9 0   281.718 0   281.832 0    30.5 0   106.2 0   190.3 0   -71.6 0   118.7 0     7.8 0    69.5 0     1.8 0   272.5 0   903.8 0
 2026   7  1  7 18 20 18.333  62.68   212.8 0    39.6 0     2.3 0   216.4 0   290.2 0   282.798 0   282.709 0   363.0 0   281.706 0   281.806 0    30.0 0   100.0 0   178.0 0   -72.8 0   105.2 0     7.8 0    68.9 0     1.9 0   268.1 0   903.8 0
 2026   7  1  7 18 21 18.350  62.60   205.2 0    38.2 0     3.5 0   207.7 0   288.3 0   282.735 0   282.610 0   362.1 0   281.688 0   281.787 0    29.9 0    97.3 0   171.1 0   -73.8 0    97.3 0     7.7 0    69.0 0     1.8 0   265.4 0   903.8 0
 2026   7  1  7 18 22 18.367  62.52   205.3 0    38.1 0     4.4 0   206.7 0   287.1 0   282.668 0   282.582 0   361.5 0   281.671 0   281.769 0    30.3 0    97.4 0   170.6 0   -74.4 0    96.2 0     7.7 0    69.1 0     1.7 0   268.5 0   903.8 0
 2026   7  1  7 18 23 18.383  62.44   206.0 0    38.1 0     5.3 0   207.1 0   285.6 0   282.619 0   282.600 0   361.2 0   281.655 0   281.756 0    30.9 0    97.7 0   171.4 0   -75.6 0    95.9 0     7.7 0    69.1 0     1.0 0   270.2 0   903.7 0
 2026   7  1  7 18 24 18.400  62.36   197.3 0    36.0 0    12.6 0   196.4 0   283.0 0   282.580 0   282.544 0   360.9 0   281.642 0   281.733 0    31.4 0    94.1 0   166.2 0   -78.0 0    88.3 0     7.8 0    69.0 0     1.3 0   259.2 0   903.7 0
 2026   7  1  7 18 25 18.417  62.28   177.4 0    32.2 0     8.6 0   179.3 0   279.1 0   282.538 0   282.476 0   360.2 0   281.629 0   281.705 0    31.1 0    85.5 0   151.1 0   -81.2 0    69.9 0     7.8 0    69.2 0     1.0 0   272.3 0   903.7 0
 2026   7  1  7 18 26 18.433  62.21   162.6 0    29.8 0     7.3 0   164.7 0   275.2 0   282.497 0   282.443 0   359.3 0   281.618 0   281.699 0    30.9 0    79.2 0   138.3 0   -84.1 0    54.2 0     7.8 0    68.9 0     1.1 0   279.4 0   903.7 0
 2026   7  1  7 18 27 18.450  62.13   297.7 0    68.4 0   307.1 0   156.7 0   271.9 0   282.465 0   282.400 0   360.2 0   281.606 0   281.727 0    35.1 0   146.2 0   231.8 0   -88.3 0   143.5 0     7.9 0    68.7 0     1.5 0   276.6 0   903.6 0
 2026   7  1  7 18 28 18.467  62.06   562.8 0   114.8 0   923.5 0   148.7 0   270.1 0   282.464 0   282.410 0   365.7 0   281.620 0   281.891 0    42.2 0   255.3 0   466.6 0   -95.6 0   371.0 0     8.0 0    68.3 0     1.6 0   276.1 0   903.6 0
 2026   7  1  7 18 29 18.483  61.98   550.1 0   112.1 0   919.5 0   138.9 0   269.5 0   282.515 0   282.444 0   368.5 0   281.660 0   281.969 0    42.9 0   250.2 0   458.7 0   -99.1 0   359.6 0     8.1 0    67.2 0     1.4 0   275.1 0   903.6 0
 2026   7  1  7 18 30 18.500  61.91   550.2 0   112.7 0   932.6 0   132.0 0   268.5 0   282.590 0   282.539 0   370.6 0   281.706 0   282.042 0    43.6 0   251.3 0   458.4 0  -102.0 0   356.4 0     8.2 0    66.5 0     1.2 0   271.7 0   903.6 0
 2026   7  1  7 18 31 18.517  61.84 -9999.9 1    73.3 0   705.0 0   129.7 0   267.8 0   282.676 0   282.622 0   369.7 0   281.758 0   282.053 0    41.1 0   199.8 0   389.2 0  -101.8 0   287.3 0     8.4 0    65.7 0     1.0 0   273.1 0   903.6 0
 2026   7  1  7 18 32 18.533  61.77 -9999.9 1    33.2 0   336.3 0   128.3 0   267.3 0   282.752 0   282.705 0   366.3 0   281.790 0   281.994 0    35.9 0   118.2 0   254.2 0   -99.0 0   155.2 0     8.5 0    65.2 0     1.2 0   259.7 0   903.6 0
 2026   7  1  7 18 33 18.550  61.70   203.3 0    47.8 0   160.9 0   128.7 0   266.1 0   282.794 0   282.707 0   363.9 0   281.797 0   281.937 0    34.8 0   104.9 0   157.2 0   -97.8 0    59.4 0     8.4 0    65.6 0     1.1 0   279.6 0   903.6 0
 2026   7  1  7 18 34 18.567  61.63   449.2 0    98.4 0   693.5 0   123.4 0   265.4 0   282.816 0   282.715 0   367.6 0   281.816 0   282.046 0    41.7 0   211.8 0   354.6 0  -102.2 0   252.4 0     8.5 0    65.4 0     1.9 0   266.6 0   903.6 0
 2026   7  1  7 18 35 18.583  61.56   533.8 0   109.0 0   926.8 0   112.8 0   265.3 0   282.869 0   282.801 0   370.1 0   281.858 0   282.163 0    44.5 0   244.4 0   445.2 0  -104.8 0   340.4 0     8.5 0    65.1 0     2.0 0   268.1 0   903.5 0
 2026   7  1  7 18 36 18.600  61.49   530.5 0   108.1 0   928.5 0   108.1 0   264.7 0   282.958 0   282.857 0   371.8 0   281.906 0   282.225 0    45.1 0   243.5 0   443.2 0  -107.2 0   336.0 0     8.6 0    65.9 0     1.7 0   282.2 0   903.5 0
 2026   7  1  7 18 37 18.617  61.42   529.0 0   107.8 0   927.4 0   105.9 0   264.3 0   283.043 0   282.907 0   372.7 0   281.960 0   282.294 0    45.5 0   242.7 0   441.8 0  -108.4 0   333.5 0     8.7 0    65.1 0     1.7 0   286.4 0   903.5 0
 2026   7  1  7 18 38 18.633  61.35   528.2 0   107.5 0   926.9 0   104.0 0   263.8 0   283.128 0   282.995 0   374.0 0   282.015 0   282.351 0    45.7 0   242.1 0   440.9 0  -110.2 0   330.7 0     8.8 0    64.5 0     1.0 0   300.6 0   903.4 0
 2026   7  1  7 18 39 18.650  61.29   529.4 0   108.3 0   928.4 0   104.0 0   263.6 0   283.210 0   283.065 0   375.4 0   282.076 0   282.408 0    46.0 0   242.7 0   441.7 0  -111.7 0   330.0 0     9.0 0    65.0 0     0.7 0   265.1 0   903.4 0
 2026   7  1  7 18 40 18.667  61.22   528.7 0   107.7 0   933.3 0   100.3 0   263.9 0   283.290 0   283.169 0   376.1 0   282.143 0   282.472 0    46.3 0   242.5 0   441.9 0  -112.3 0   329.6 0     9.1 0    63.9 0     1.3 0   256.4 0   903.4 0
 2026   7  1  7 18 41 18.683  61.16   522.4 0   106.4 0   934.0 0    92.8 0   263.8 0   283.383 0   283.291 0   376.0 0   282.206 0   282.534 0    46.4 0   240.1 0   437.0 0  -112.3 0   324.7 0     9.1 0    63.1 0     1.3 0   254.1 0   903.4 0
 2026   7  1  7 18 42 18.700  61.10   521.4 0   106.2 0   936.8 0    89.1 0   263.3 0   283.480 0   283.327 0   376.4 0   282.267 0   282.586 0    46.7 0   240.1 0   435.7 0  -113.1 0   322.7 0     9.1 0    62.5 0     1.0 0   237.8 0   903.3 0
 2026   7  1  7 18 43 18.717  61.03   521.3 0   106.0 0   937.4 0    87.5 0   263.3 0   283.566 0   283.398 0   377.1 0   282.331 0   282.658 0    46.9 0   240.1 0   435.5 0  -113.8 0   321.7 0     9.2 0    62.7 0     0.8 0   261.5 0   903.3 0
 2026   7  1  7 18 44 18.733  60.97   521.2 0   105.9 0   937.1 0    86.4 0   263.4 0   283.644 0   283.463 0   377.4 0   282.398 0   282.719 0    47.0 0   239.9 0   435.2 0  -114.0 0   321.2 0     9.3 0    62.4 0     0.8 0   268.6 0   903.3 0
 2026   7  1  7 18 45 18.750  60.91   521.2 0   105.8 0   935.1 0    86.1 0   263.4 0   283.719 0   283.525 0   378.2 0   282.468 0   282.818 0    47.1 0   239.7 0   434.9 0  -114.8 0   320.1 0     9.4 0    61.7 0     0.2 0   278.2 0   903.3 0
 2026   7  1  7 18 46 18.767  60.85   524.3 0   106.3 0   936.3 0    87.4 0   263.7 0   283.784 0   283.568 0   379.2 0   282.546 0   282.877 0    47.4 0   241.2 0   437.1 0  -115.5 0   321.7 0     9.6 0    60.6 0     0.7 0   292.3 0   903.3 0
 2026   7  1  7 18 47 18.783  60.79   529.3 0   107.5 0   938.0 0    90.6 0   264.7 0   283.845 0   283.677 0   379.7 0   282.620 0   282.952 0    47.8 0   243.4 0   440.8 0  -115.1 0   325.8 0     9.8 0    59.5 0     0.6 0   297.2 0   903.3 0
 2026   7  1  7 18 48 18.800  60.73   535.1 0   108.7 0   936.8 0    95.6 0   265.6 0   283.917 0   283.751 0   380.4 0   282.695 0   283.031 0    48.1 0   245.7 0   444.9 0  -114.8 0   330.1 0     9.9 0    59.6 0     0.2 0   290.2 0   903.2 0
 2026   7  1  7 18 49 18.817  60.68   542.7 0   110.2 0   936.4 0   102.2 0   267.2 0   283.979 0   283.795 0   381.8 0   282.771 0   283.093 0    48.5 0   248.8 0   450.5 0  -114.6 0   336.0 0    10.1 0    59.0 0     0.8 0   292.2 0   903.2 0
 2026   7  1  7 18 50 18.833  60.62   553.7 0   112.5 0   938.8 0   111.2 0   269.5 0   284.043 0   283.911 0   381.9 0   282.847 0   283.165 0    49.0 0   253.4 0   459.2 0  -112.5 0   346.8 0    10.2 0    57.9 0     0.9 0   270.3 0   903.2 0
 2026   7  1  7 18 51 18.850  60.57   567.9 0   115.2 0   939.9 0   123.7 0   272.7 0   284.118 0   283.973 0   382.7 0   282.921 0   283.254 0    49.6 0   259.4 0   470.3 0  -110.0 0   360.3 0    10.1 0    57.6 0     0.7 0   273.7 0   903.2 0
 2026   7  1  7 18 52 18.867  60.51   581.5 0   117.8 0   934.9 0   138.7 0   276.6 0   284.193 0   284.065 0   383.9 0   282.997 0   283.321 0    50.2 0   264.2 0   481.1 0  -107.2 0   373.9 0    10.2 0    57.6 0     0.8 0   282.1 0   903.1 0
 2026   7  1  7 18 53 18.883  60.46   589.2 0   119.5 0   920.1 0   153.4 0   280.5 0   284.270 0   284.204 0   385.1 0   283.070 0   283.407 0    50.6 0   266.5 0   487.6 0  -104.5 0   383.0 0    10.2 0    57.5 0     0.6 0   220.6 0   903.1 0
 2026   7  1  7 18 54 18.900  60.40   605.0 0   123.4 0   916.2 0   168.6 0   282.6 0   284.360 0   284.362 0   386.6 0   283.152 0   283.497 0    51.1 0   273.7 0   497.8 0  -104.0 0   393.8 0    10.3 0    58.0 0     0.6 0   233.7 0   903.1 0
 2026   7  1  7 18 55 18.917  60.35   537.5 0   101.2 0   738.9 0   194.7 0   282.9 0   284.463 0   284.471 0   386.1 0   283.234 0   283.559 0    48.9 0   241.5 0   459.0 0  -103.2 0   355.7 0    10.3 0    56.9 0     1.1 0   240.1 0   903.1 0
 2026   7  1  7 18 56 18.933  60.30   414.3 0    92.2 0   362.0 0   230.8 0   283.1 0   284.549 0   284.581 0   383.8 0   283.298 0   283.577 0    45.1 0   196.9 0   318.1 0  -100.7 0   217.4 0    10.2 0    57.4 0     0.2 0   256.2 0   903.1 0
 2026   7  1  7 18 57 18.950  60.25   495.8 0   108.9 0   483.7 0   254.6 0   284.1 0   284.606 0   284.607 0   385.1 0   283.370 0   283.672 0    46.8 0   230.5 0   385.7 0  -101.0 0   284.7 0    10.4 0    56.6 0 -9999.9 1 -9999.9 1   903.1 0
 2026   7  1  7 18 58 18.967  60.20   403.7 0    79.9 0   273.6 0   277.2 0   286.7 0   284.650 0   284.692 0   385.3 0   283.454 0   283.731 0    43.6 0   186.9 0   333.2 0   -98.6 0   234.6 0    10.7 0    55.5 0     0.4 0   235.2 0   903.1 0
 2026   7  1  7 18 59 18.983  60.15   464.4 0   100.0 0   372.9 0   282.8 0   290.5 0   284.674 0   284.764 0   385.1 0   283.519 0   283.776 0    45.0 0   216.5 0   368.4 0   -94.6 0   273.7 0    10.8 0    55.0 0     0.8 0   208.9 0   903.0 0
 2026   7  1  7 19  0 19.000  60.10   497.7 0    96.6 0   456.6 0   280.7 0   294.4 0   284.713 0   284.818 0   385.5 0   283.583 0   283.864 0    45.3 0   226.6 0   411.7 0   -91.1 0   320.6 0    10.6 0    55.5 0     0.2 0   210.9 0   903.0 0
 2026   7  1  7 19  1 19.017  60.06   330.8 0    66.3 0   106.3 0   286.0 0   298.5 0   284.753 0   284.843 0   383.0 0   283.647 0   283.868 0    39.9 0   157.6 0   272.8 0   -84.5 0   188.3 0    10.6 0    55.2 0     0.2 0    85.5 0   903.0 0
 2026   7  1  7 19  2 19.033  60.01   557.3 0   108.0 0   529.0 0   299.3 0   303.1 0   284.769 0   284.856 0   386.3 0   283.713 0   283.992 0    46.9 0   253.1 0   455.7 0   -83.2 0   372.6 0    10.6 0    55.8 0     0.2 0   100.4 0   903.0 0
 2026   7  1  7 19  3 19.050  59.97   463.3 0   100.2 0   330.1 0   303.5 0   307.2 0   284.804 0   284.996 0   386.6 0   283.780 0   284.026 0    44.6 0   214.1 0   368.5 0   -79.4 0   289.1 0    10.7 0    56.5 0     0.8 0   264.6 0   903.0 0
 2026   7  1  7 19  4 19.067  59.92   663.8 0   135.2 0   758.0 0   293.9 0   309.3 0   284.865 0   285.038 0   389.7 0   283.845 0   284.142 0    50.0 0   296.6 0   538.6 0   -80.4 0   458.2 0    10.6 0    56.3 0     1.2 0   291.9 0   903.0 0
 2026   7  1  7 19  5 19.083  59.88   720.3 0   144.6 0   911.3 0   281.9 0   311.3 0   284.950 0   285.151 0   392.8 0   283.930 0   284.331 0    51.5 0   318.8 0   594.6 0   -81.5 0   513.1 0    10.5 0    56.1 0     1.0 0   279.6 0   902.9 0
 2026   7  1  7 19  6 19.100  59.84   550.7 0   109.2 0   540.0 0   285.9 0   312.9 0   285.047 0   285.182 0   393.0 0   284.019 0   284.357 0    46.4 0   246.6 0   448.0 0   -80.1 0   367.9 0    10.5 0    56.6 0     1.5 0   251.0 0   902.9 0
 2026   7  1  7 19  7 19.117  59.80   341.0 0    60.6 0   118.9 0   289.0 0   314.0 0   285.106 0   285.190 0   387.9 0   284.068 0   284.287 0    39.2 0   158.3 0   288.2 0   -73.9 0   214.3 0    10.2 0    56.9 0     1.5 0   228.5 0   902.8 0
 2026   7  1  7 19  8 19.133  59.75   301.8 0    59.0 0    17.0 0   295.4 0   314.7 0   285.122 0   285.213 0   385.0 0   284.087 0   284.245 0    37.1 0   140.2 0   245.0 0   -70.3 0   174.7 0     9.9 0    58.4 0     1.1 0   246.5 0   902.8 0
 2026   7  1  7 19  9 19.150  59.72   425.7 0    97.5 0   210.4 0   312.4 0   316.1 0   285.122 0   285.263 0   386.4 0   284.111 0   284.309 0    42.1 0   199.5 0   321.0 0   -70.3 0   250.7 0     9.8 0    59.3 0     1.2 0   254.8 0   902.8 0
 2026   7  1  7 19 10 19.167  59.68   658.0 0   126.5 0   665.2 0   331.2 0   316.8 0   285.151 0   285.389 0   390.6 0   284.157 0   284.454 0    49.7 0   293.0 0   540.6 0   -73.8 0   466.8 0     9.8 0    58.5 0     1.2 0   208.6 0   902.7 0
 2026   7  1  7 19 11 19.183  59.64   380.6 0    71.7 0   112.2 0   328.2 0   315.1 0   285.215 0   285.389 0   388.0 0   284.211 0   284.453 0    42.2 0   175.6 0   313.3 0   -73.0 0   240.3 0     9.8 0    58.6 0     0.8 0   178.6 0   902.7 0
 2026   7  1  7 19 12 19.200  59.60   355.6 0    65.9 0   100.4 0   310.4 0   313.3 0   285.237 0   285.360 0   386.6 0   284.249 0   284.439 0    41.1 0   164.0 0   295.3 0   -73.4 0   221.9 0     9.8 0    59.2 0     0.7 0   204.6 0   902.7 0
 2026   7  1  7 19 13 19.217  59.57   283.0 0    51.5 0     7.3 0   284.2 0   311.2 0   285.234 0   285.338 0   384.0 0   284.273 0   284.397 0    37.7 0   129.3 0   236.4 0   -72.9 0   163.5 0     9.9 0    59.1 0     1.1 0   259.6 0   902.7 0
 2026   7  1  7 19 14 19.233  59.53   265.1 0    48.8 0     1.9 0   267.9 0   310.2 0   285.217 0   285.273 0   382.1 0   284.280 0   284.377 0    36.7 0   121.8 0   220.2 0   -72.0 0   148.2 0     9.8 0    58.8 0     0.9 0   304.2 0   902.6 0
 2026   7  1  7 19 15 19.250  59.50   259.1 0    47.7 0     1.5 0   261.1 0   310.7 0   285.185 0   285.161 0   381.3 0   284.282 0   284.377 0    36.2 0   119.2 0   214.1 0   -70.6 0   143.5 0     9.7 0    59.5 0     0.7 0   300.6 0   902.6 0
 2026   7  1  7 19 16 19.267  59.46   249.2 0    45.8 0     1.5 0   251.6 0   311.7 0   285.126 0   285.043 0   380.4 0   284.282 0   284.377 0    35.5 0   114.8 0   206.6 0   -68.7 0   137.9 0     9.7 0    59.4 0     1.3 0   286.9 0   902.6 0
 2026   7  1  7 19 17 19.283  59.43   234.0 0    43.4 0     1.4 0   237.0 0   312.4 0   285.054 0   284.973 0   379.2 0   284.269 0   284.326 0    34.2 0   108.2 0   194.3 0   -66.8 0   127.5 0     9.6 0    60.0 0     1.5 0   246.0 0   902.6 0
 2026   7  1  7 19 18 19.300  59.40   223.6 0    42.3 0     1.1 0   226.4 0   314.3 0   284.973 0   284.865 0   378.2 0   284.242 0   284.312 0    32.8 0   104.3 0   184.6 0   -63.8 0   120.7 0     9.5 0    60.5 0     1.4 0   252.8 0   902.6 0
 2026   7  1  7 19 19 19.317  59.37   229.8 0    44.4 0     3.6 0   229.8 0   317.3 0   284.898 0   284.874 0   378.1 0   284.218 0   284.269 0    32.3 0   108.3 0   187.3 0   -60.8 0   126.5 0     9.5 0    61.2 0     1.3 0   286.8 0   902.5 0
 2026   7  1  7 19 20 19.333  59.34   250.3 0    48.2 0    10.3 0   245.7 0   320.8 0   284.840 0   284.828 0   378.3 0   284.200 0   284.279 0    32.7 0   118.2 0   202.8 0   -57.5 0   145.3 0     9.5 0    60.5 0     1.2 0   282.4 0   902.5 0
 2026   7  1  7 19 21 19.350  59.31   268.3 0    51.9 0     2.0 0   266.2 0   322.8 0   284.792 0   284.842 0   378.1 0   284.185 0   284.294 0    33.1 0   125.9 0   215.3 0   -55.2 0   160.1 0     9.6 0    59.5 0     1.0 0   263.2 0   902.5 0
 2026   7  1  7 19 22 19.367  59.28   292.0 0    56.2 0     2.2 0   289.1 0   324.6 0   284.753 0   284.862 0   378.8 0   284.176 0   284.308 0    34.4 0   136.4 0   234.0 0   -54.2 0   179.8 0     9.6 0    59.9 0     0.9 0   233.6 0   902.5 0
 2026   7  1  7 19 23 19.383  59.26   334.6 0    65.0 0    30.6 0   315.9 0   324.8 0   284.730 0   284.916 0   379.8 0   284.171 0   284.294 0    37.3 0   157.4 0   266.5 0   -55.0 0   211.5 0     9.6 0    60.4 0     1.2 0   263.2 0   902.4 0
 2026   7  1  7 19 24 19.400  59.23   348.7 0    64.4 0    42.6 0   329.2 0   322.9 0   284.724 0   284.911 0   380.2 0   284.168 0   284.297 0    39.0 0   161.2 0   286.5 0   -57.3 0   229.2 0     9.6 0    59.4 0     1.4 0   284.7 0   902.4 0
 2026   7  1  7 19 25 19.417  59.21   322.8 0    60.0 0     5.9 0   321.6 0   318.8 0   284.718 0   284.908 0   380.0 0   284.163 0   284.292 0    38.9 0   148.1 0   264.7 0   -61.1 0   203.6 0     9.6 0    59.6 0     1.2 0   307.6 0   902.4 0
 2026   7  1  7 19 26 19.433  59.18   308.6 0    57.2 0     2.0 0   310.2 0   314.6 0   284.702 0   284.859 0   379.6 0   284.160 0   284.297 0    39.2 0   141.5 0   254.0 0   -64.9 0   189.0 0     9.5 0    59.5 0     0.8 0   322.9 0   902.4 0
 2026   7  1  7 19 27 19.450  59.16   305.1 0    56.4 0    13.6 0   301.5 0   311.2 0   284.675 0   284.792 0   379.3 0   284.155 0   284.287 0    39.9 0   141.2 0   252.1 0   -68.2 0   183.9 0     9.5 0    59.7 0     0.8 0   331.6 0   902.3 0
 2026   7  1  7 19 28 19.467  59.14   300.8 0    55.6 0    13.3 0   296.7 0   308.7 0   284.642 0   284.757 0   379.7 0   284.151 0   284.256 0    40.3 0   139.2 0   248.0 0   -70.9 0   177.1 0     9.6 0    60.5 0     0.5 0   339.2 0   902.3 0
 2026   7  1  7 19 29 19.483  59.11   332.0 0    67.1 0    72.6 0   293.9 0   306.2 0   284.610 0   284.704 0   380.0 0   284.154 0   284.287 0    41.9 0   155.3 0   264.0 0   -73.7 0   190.3 0     9.7 0    60.0 0     0.2 0   339.9 0   902.3 0
 2026   7  1  7 19 30 19.500  59.09   330.0 0    58.8 0    81.0 0   294.5 0   305.2 0   284.581 0   284.686 0   380.5 0   284.173 0   284.325 0    41.9 0   151.9 0   277.2 0   -75.3 0   201.9 0     9.8 0    59.0 0     0.5 0   286.1 0   902.3 0
 2026   7  1  7 19 31 19.517  59.08   301.0 0    57.0 0     2.2 0   302.5 0   306.5 0   284.550 0   284.651 0   379.9 0   284.185 0   284.311 0    40.6 0   138.7 0   246.6 0   -73.3 0   173.3 0     9.9 0    59.1 0     0.8 0   259.3 0   902.3 0
 2026   7  1  7 19 32 19.533  59.06   321.9 0    61.1 0     5.9 0   320.5 0   309.8 0   284.518 0   284.712 0   379.7 0   284.191 0   284.335 0    41.6 0   147.8 0   262.4 0   -69.9 0   192.5 0    10.0 0    58.5 0     1.2 0   259.6 0   902.3 0
 2026   7  1  7 19 33 19.550  59.04   338.6 0    65.3 0     7.7 0   336.4 0   311.6 0   284.517 0   284.749 0   380.1 0   284.196 0   284.351 0    42.4 0   154.8 0   275.0 0   -68.5 0   206.5 0     9.9 0    58.9 0     0.8 0   262.5 0   902.2 0
 2026   7  1  7 19 34 19.567  59.02   474.2 0    97.9 0   241.9 0   349.5 0   312.0 0   284.530 0   284.806 0   383.0 0   284.214 0   284.423 0    48.4 0   220.6 0   376.1 0   -71.0 0   305.1 0    10.0 0    59.6 0     0.2 0   232.2 0   902.2 0
 2026   7  1  7 19 35 19.583  59.01   371.4 0    68.7 0    86.3 0   334.0 0   311.0 0   284.566 0   284.809 0   383.4 0   284.249 0   284.447 0    44.5 0   170.4 0   309.8 0   -72.3 0   237.5 0    10.2 0    57.7 0     1.2 0   260.6 0   902.2 0
 2026   7  1  7 19 36 19.600  58.99   294.3 0    54.7 0     2.4 0   298.9 0   310.2 0   284.589 0   284.801 0   381.1 0   284.260 0   284.406 0    40.9 0   135.2 0   245.4 0   -70.9 0   174.5 0    10.1 0    57.9 0     1.2 0   248.5 0   902.2 0
 2026   7  1  7 19 37 19.617  58.98   269.3 0    50.3 0     2.7 0   272.7 0   309.4 0   284.600 0   284.763 0   379.9 0   284.259 0   284.379 0    39.4 0   124.6 0   223.9 0   -70.4 0   153.4 0     9.9 0    58.6 0     1.2 0   266.3 0   902.1 0
 2026   7  1  7 19 38 19.633  58.97   257.4 0    47.7 0     4.8 0   259.2 0   309.9 0   284.598 0   284.705 0   379.4 0   284.259 0   284.371 0    38.4 0   119.5 0   214.0 0   -69.5 0   144.5 0     9.9 0    59.1 0     1.1 0   250.1 0   902.1 0
 2026   7  1  7 19 39 19.650  58.95   256.5 0    47.6 0     2.1 0   258.1 0   311.7 0   284.585 0   284.704 0   378.4 0   284.251 0   284.343 0    38.2 0   119.1 0   211.6 0   -66.7 0   144.9 0     9.8 0    59.1 0     1.3 0   236.1 0   902.1 0
 2026   7  1  7 19 40 19.667  58.94   260.1 0    47.8 0     2.4 0   261.6 0   313.3 0   284.580 0   284.724 0   378.0 0   284.236 0   284.331 0    38.3 0   120.2 0   215.1 0   -64.8 0   150.3 0     9.7 0    58.9 0     1.1 0   234.7 0   902.0 0
 2026   7  1  7 19 41 19.683  58.93   248.8 0    45.7 0     3.6 0   251.0 0   313.4 0   284.578 0   284.709 0   378.0 0   284.229 0   284.329 0    37.3 0   115.2 0   207.2 0   -64.6 0   142.6 0     9.7 0    59.4 0     0.6 0   253.0 0   902.0 0
 2026   7  1  7 19 42 19.700  58.92   243.8 0    44.6 0    13.5 0   240.1 0   313.9 0   284.578 0   284.689 0   377.9 0   284.230 0   284.332 0    36.2 0   113.9 0   202.4 0   -64.0 0   138.4 0     9.7 0    58.8 0     0.7 0   269.7 0   902.0 0
 2026   7  1  7 19 43 19.717  58.92   240.7 0    44.7 0     1.1 0   241.9 0   316.8 0   284.568 0   284.630 0   377.9 0   284.233 0   284.348 0    35.1 0   112.4 0   197.8 0   -61.1 0   136.6 0     9.8 0    58.6 0     0.3 0   272.4 0   902.0 0
 2026   7  1  7 19 44 19.733  58.91   252.0 0    47.0 0     1.3 0   251.9 0   320.7 0   284.548 0   284.641 0   378.3 0   284.238 0   284.342 0    34.7 0   117.6 0   205.6 0   -57.6 0   148.0 0     9.9 0    59.0 0     0.8 0   263.1 0   901.9 0
 2026   7  1  7 19 45 19.750  58.90   280.4 0    53.0 0    33.4 0   263.6 0   323.9 0   284.532 0   284.670 0   378.7 0   284.239 0   284.346 0    35.4 0   131.9 0   227.8 0   -54.8 0   173.0 0     9.9 0    58.7 0     1.0 0   288.7 0   901.9 0
 2026   7  1  7 19 46 19.767  58.90   274.9 0    52.2 0    10.6 0   270.9 0   325.6 0   284.528 0   284.694 0   378.7 0   284.238 0   284.340 0    34.4 0   128.1 0   224.1 0   -53.1 0   171.0 0     9.8 0    58.3 0     1.1 0   260.1 0   901.9 0
 2026   7  1  7 19 47 19.783  58.89   303.1 0    60.0 0    41.6 0   280.2 0   326.8 0   284.528 0   284.703 0   379.4 0   284.238 0   284.380 0    35.6 0   143.3 0   241.7 0   -52.6 0   189.1 0     9.8 0    58.0 0     0.8 0   272.6 0   901.8 0
 2026   7  1  7 19 48 19.800  58.89   305.3 0    56.8 0    18.4 0   295.6 0   327.9 0   284.539 0   284.775 0   380.0 0   284.249 0   284.403 0    35.7 0   141.0 0   248.3 0   -52.1 0   196.2 0     9.9 0    57.8 0     0.8 0   260.7 0   901.8 0
 2026   7  1  7 19 49 19.817  58.89   304.6 0    57.3 0     1.0 0   305.1 0   327.2 0   284.561 0   284.809 0   380.0 0   284.260 0   284.409 0    36.4 0   140.8 0   248.3 0   -52.8 0   195.5 0     9.9 0    57.5 0     0.8 0   284.0 0   901.8 0
 2026   7  1  7 19 50 19.833  58.89   311.0 0    58.2 0     1.2 0   311.6 0   325.0 0   284.585 0   284.845 0   380.3 0   284.272 0   284.411 0    37.6 0   143.1 0   254.0 0   -55.3 0   198.7 0    10.0 0    57.3 0     0.9 0   283.8 0   901.7 0
 2026   7  1  7 19 51 19.850  58.88   311.1 0    58.2 0     3.2 0   312.0 0   321.8 0   284.604 0   284.821 0   380.4 0   284.273 0   284.363 0    38.5 0   142.8 0   255.5 0   -58.6 0   196.9 0    10.1 0    57.6 0     1.0 0   280.2 0   901.7 0
 2026   7  1  7 19 52 19.867  58.89   297.0 0    55.5 0     1.1 0   300.6 0   318.4 0   284.609 0   284.789 0   380.0 0   284.271 0   284.393 0    38.4 0   136.0 0   245.7 0   -61.5 0   184.1 0    10.1 0    56.5 0     0.8 0   304.6 0   901.7 0
 2026   7  1  7 19 53 19.883  58.89   280.6 0    53.0 0     1.2 0   284.5 0   315.7 0   284.605 0   284.810 0   379.8 0   284.277 0   284.391 0    38.2 0   129.3 0   232.1 0   -64.1 0   168.0 0    10.1 0    56.8 0     0.4 0   323.8 0   901.7 0
 2026   7  1  7 19 54 19.900  58.89   287.4 0    58.7 0    11.7 0   283.9 0   313.2 0   284.619 0   284.835 0   380.1 0   284.279 0   284.379 0    39.1 0   133.8 0   231.2 0   -66.9 0   164.3 0    10.2 0    57.5 0     0.3 0   314.1 0   901.6 0
 2026   7  1  7 19 55 19.917  58.89   449.5 0    86.4 0   291.2 0   304.1 0   310.1 0   284.636 0   284.822 0   382.7 0   284.296 0   284.482 0    46.5 0   208.3 0   368.2 0   -72.6 0   295.6 0    10.3 0    57.0 0     0.1 0   332.8 0   901.6 0
 2026   7  1  7 19 56 19.933  58.90   374.3 0    72.3 0   135.9 0   308.2 0   306.2 0   284.658 0   284.890 0   382.3 0   284.327 0   284.505 0    45.6 0   176.4 0   306.1 0   -76.1 0   229.9 0    10.5 0    56.0 0     1.0 0   290.0 0   901.5 0
 2026   7  1  7 19 57 19.950  58.90   353.5 0    72.2 0   121.7 0   297.2 0   300.7 0   284.694 0   284.884 0   382.1 0   284.353 0   284.556 0    46.1 0   165.7 0   287.9 0   -81.4 0   206.4 0    10.5 0    55.8 0     0.3 0   295.9 0   901.5 0
 2026   7  1  7 19 58 19.967  58.91   448.1 0    83.0 0   365.8 0   270.5 0   294.7 0   284.730 0   284.879 0   383.8 0   284.389 0   284.629 0    49.5 0   205.2 0   376.4 0   -89.1 0   287.3 0    10.6 0    55.2 0     0.6 0   327.2 0   901.5 0
 2026   7  1  7 19 59 19.983  58.91   254.4 0    45.9 0    72.9 0   230.2 0   289.1 0   284.761 0   284.855 0   380.8 0   284.419 0   284.580 0    42.4 0   120.9 0   221.9 0   -91.7 0   130.3 0    10.5 0    55.5 0     0.8 0   312.6 0   901.5 0
 2026   7  1  7 20  0 20.000  58.92   209.3 0    39.7 0     2.5 0   215.2 0   286.4 0   284.778 0   284.833 0   378.5 0   284.421 0   284.511 0    39.6 0   100.3 0   176.8 0   -92.1 0    84.6 0    10.4 0    56.9 0     1.0 0   247.3 0   901.5 0
 2026   7  1  7 20  1 20.017  58.93   261.7 0    49.8 0    88.5 0   221.4 0   287.5 0   284.779 0   284.759 0   378.0 0   284.410 0   284.517 0    41.4 0   126.9 0   217.3 0   -90.5 0   126.8 0    10.3 0    56.8 0     1.2 0   237.2 0   901.5 0
 2026   7  1  7 20  2 20.033  58.94   216.2 0    41.1 0     7.9 0   218.3 0   291.6 0   284.771 0   284.782 0   377.1 0   284.400 0   284.509 0    38.4 0   103.0 0   181.2 0   -85.5 0    95.7 0    10.1 0    57.4 0     1.3 0   243.1 0   901.5 0
 2026   7  1  7 20  3 20.050  58.95   214.1 0    41.2 0     1.1 0   217.8 0   297.4 0   284.759 0   284.774 0   376.9 0   284.388 0   284.479 0    37.3 0   102.1 0   177.2 0   -79.5 0    97.6 0    10.1 0    58.6 0     1.3 0   287.3 0   901.4 0
 2026   7  1  7 20  4 20.067  58.96   224.1 0    43.3 0     1.2 0   226.2 0   303.7 0   284.752 0   284.803 0   376.1 0   284.372 0   284.453 0    36.8 0   106.3 0   183.5 0   -72.4 0   111.1 0    10.0 0    57.2 0     2.1 0   291.0 0   901.4 0
 2026   7  1  7 20  5 20.083  58.98   237.8 0    46.0 0     2.6 0   238.6 0   310.2 0   284.746 0   284.810 0   376.3 0   284.350 0   284.459 0    36.7 0   112.4 0   193.9 0   -66.1 0   127.8 0     9.9 0    57.3 0     1.3 0   303.2 0   901.4 0
 2026   7  1  7 20  6 20.100  58.99   256.0 0    50.0 0     3.9 0   255.4 0   315.4 0   284.738 0   284.829 0   377.0 0   284.335 0   284.445 0    37.0 0   121.0 0   207.4 0   -61.6 0   145.8 0     9.9 0    58.2 0     1.5 0   295.4 0   901.4 0
 2026   7  1  7 20  7 20.117  59.00   286.0 0    55.7 0     5.8 0   282.7 0   318.8 0   284.735 0   284.870 0   377.7 0   284.320 0   284.449 0    38.2 0   134.5 0   229.9 0   -58.9 0   171.0 0     9.9 0    58.2 0     1.4 0   274.8 0   901.4 0
 2026   7  1  7 20  8 20.133  59.02   313.0 0    60.2 0     1.2 0   311.8 0   320.7 0   284.739 0   284.937 0   378.7 0   284.310 0   284.463 0    39.7 0   145.3 0   252.2 0   -58.0 0   194.2 0     9.9 0    57.8 0     0.7 0   296.4 0   901.3 0
 2026   7  1  7 20  9 20.150  59.04   322.1 0    60.7 0     0.9 0   323.2 0   321.6 0   284.748 0   285.000 0   379.9 0   284.314 0   284.470 0    40.4 0   148.1 0   263.0 0   -58.4 0   204.6 0    10.1 0    57.8 0     1.0 0   282.1 0   901.3 0
 2026   7  1  7 20 10 20.167  59.05   306.5 0    57.4 0     1.0 0   310.0 0   320.6 0   284.763 0   284.995 0   379.9 0   284.318 0   284.463 0    39.7 0   140.5 0   253.1 0   -59.3 0   193.9 0    10.1 0    57.5 0     1.5 0   244.8 0   901.3 0
 2026   7  1  7 20 11 20.183  59.07   285.1 0    53.8 0     1.4 0   288.9 0   320.1 0   284.770 0   284.954 0   379.3 0   284.312 0   284.450 0    38.2 0   131.1 0   235.9 0   -59.2 0   176.7 0    10.0 0    57.5 0     1.4 0   233.4 0   901.2 0
 2026   7  1  7 20 12 20.200  59.09   274.6 0    53.0 0     4.2 0   275.7 0   320.8 0   284.774 0   284.969 0   379.2 0   284.305 0   284.426 0    37.0 0   127.3 0   224.9 0   -58.3 0   166.5 0    10.0 0    58.1 0     1.6 0   262.1 0   901.2 0
 2026   7  1  7 20 13 20.217  59.11   305.4 0    60.1 0    61.7 0   277.4 0   321.5 0   284.786 0   284.973 0   379.3 0   284.296 0   284.422 0    38.1 0   143.6 0   249.0 0   -57.8 0   191.1 0     9.9 0    57.1 0     2.0 0   244.1 0   901.2 0
 2026   7  1  7 20 14 20.233  59.13   283.5 0    54.5 0    12.3 0   279.7 0   320.5 0   284.803 0   284.976 0   379.4 0   284.289 0   284.432 0    37.5 0   131.7 0   231.6 0   -59.0 0   172.6 0     9.9 0    57.8 0     1.4 0   254.6 0   901.2 0
 2026   7  1  7 20 15 20.250  59.15   289.9 0    55.3 0     3.1 0   290.5 0   317.2 0   284.812 0   284.972 0   379.5 0   284.287 0   284.426 0    38.6 0   134.2 0   236.8 0   -62.2 0   174.5 0     9.9 0    58.4 0     1.7 0   249.7 0   901.1 0
 2026   7  1  7 20 16 20.267  59.18   288.0 0    54.8 0    12.6 0   285.9 0   311.4 0   284.819 0   284.969 0   379.0 0   284.282 0   284.410 0    39.5 0   134.1 0   237.5 0   -67.6 0   169.9 0     9.9 0    58.1 0     1.5 0   255.6 0   901.1 0
 2026   7  1  7 20 17 20.283  59.20   298.8 0    58.9 0    55.3 0   274.3 0   306.3 0   284.819 0   284.955 0   379.4 0   284.279 0   284.421 0    40.6 0   141.6 0   243.8 0   -73.2 0   170.6 0     9.9 0    58.8 0     1.6 0   244.2 0   901.1 0
 2026   7  1  7 20 18 20.300  59.23   294.9 0    54.5 0    72.7 0   264.6 0   302.4 0   284.826 0   284.950 0   379.1 0   284.281 0   284.426 0    40.8 0   139.6 0   247.2 0   -76.7 0   170.5 0    10.0 0    57.9 0     1.3 0   255.0 0   901.1 0
 2026   7  1  7 20 19 20.317  59.25   253.0 0    47.3 0     5.1 0   255.3 0   300.1 0   284.836 0   284.958 0   378.0 0   284.278 0   284.393 0    39.0 0   118.5 0   210.6 0   -77.9 0   132.7 0    10.0 0    58.2 0     1.7 0   244.0 0   901.0 0
 2026   7  1  7 20 20 20.333  59.28   238.8 0    44.9 0     0.5 0   243.9 0   298.0 0   284.835 0   284.875 0   377.2 0   284.267 0   284.363 0    38.6 0   112.2 0   199.3 0   -79.2 0   120.1 0     9.9 0    58.3 0     1.9 0   270.8 0   901.0 0
 2026   7  1  7 20 21 20.350  59.31   227.2 0    43.3 0     1.4 0   231.9 0   296.0 0   284.823 0   284.863 0   376.1 0   284.250 0   284.348 0    38.3 0   107.6 0   189.3 0   -80.1 0   109.2 0     9.9 0    57.8 0     1.8 0   294.2 0   901.0 0
 2026   7  1  7 20 22 20.367  59.33   237.7 0    46.9 0     6.5 0   237.5 0   294.4 0   284.814 0   284.875 0   376.0 0   284.230 0   284.330 0    38.8 0   113.8 0   194.0 0   -81.7 0   112.3 0     9.9 0    58.6 0     1.8 0   265.4 0   900.9 0
 2026   7  1  7 20 23 20.383  59.36   282.4 0    55.2 0    36.1 0   266.2 0   293.1 0   284.812 0   284.905 0   376.2 0   284.211 0   284.322 0    41.3 0   135.1 0   229.5 0   -83.1 0   146.4 0     9.9 0    58.3 0     1.8 0   240.5 0   900.9 0
 2026   7  1  7 20 24 20.400  59.39   301.9 0    59.4 0    37.5 0   286.0 0   292.1 0   284.815 0   284.905 0   376.6 0   284.197 0   284.334 0    42.9 0   143.2 0   245.6 0   -84.5 0   161.1 0     9.9 0    58.2 0     1.7 0   256.5 0   900.9 0
 2026   7  1  7 20 25 20.417  59.43   319.0 0    63.6 0    81.1 0   283.8 0   289.7 0   284.824 0   284.950 0   377.2 0   284.191 0   284.338 0    44.4 0   152.2 0   261.5 0   -87.5 0   174.0 0     9.9 0    58.5 0     1.7 0   272.6 0   900.8 0
 2026   7  1  7 20 26 20.433  59.46   508.8 0    95.4 0   500.8 0   276.2 0   286.5 0   284.844 0   284.961 0   380.0 0   284.195 0   284.401 0    51.6 0   237.5 0   435.3 0   -93.6 0   341.7 0    10.0 0    58.1 0     1.4 0   301.6 0   900.8 0
 2026   7  1  7 20 27 20.450  59.49   603.8 0   126.1 0   723.8 0   255.9 0   284.0 0   284.898 0   285.007 0   384.6 0   284.221 0   284.506 0    55.0 0   277.3 0   497.3 0  -100.6 0   396.8 0    10.2 0    58.5 0     1.0 0   285.4 0   900.8 0
 2026   7  1  7 20 28 20.467  59.53   462.8 0    76.8 0   477.2 0   255.2 0   283.1 0   284.975 0   285.080 0   383.8 0   284.265 0   284.500 0    51.0 0   213.4 0   420.4 0  -100.7 0   319.7 0    10.4 0    57.0 0     2.1 0   281.1 0   900.8 0
 2026   7  1  7 20 29 20.483  59.56   373.5 0    87.5 0   257.3 0   252.2 0   282.7 0   285.045 0   285.119 0   383.1 0   284.276 0   284.480 0    47.8 0   178.5 0   295.1 0  -100.3 0   194.8 0    10.4 0    56.6 0     1.5 0   301.2 0   900.7 0
 2026   7  1  7 20 30 20.500  59.60   377.9 0    74.0 0   276.6 0   250.3 0   283.1 0   285.093 0   285.160 0   382.9 0   284.295 0   284.508 0    47.5 0   179.0 0   316.3 0   -99.8 0   216.5 0    10.5 0    56.5 0     2.0 0   273.0 0   900.7 0
 2026   7  1  7 20 31 20.517  59.63   616.9 0   129.9 0   777.9 0   237.0 0   283.6 0   285.139 0   285.245 0   386.2 0   284.319 0   284.622 0    54.4 0   281.1 0   500.3 0  -102.6 0   397.7 0    10.5 0    56.4 0     2.1 0   266.2 0   900.7 0
 2026   7  1  7 20 32 20.533  59.67   628.1 0   133.5 0   864.1 0   211.5 0   284.7 0   285.225 0   285.321 0   389.2 0   284.365 0   284.709 0    54.9 0   286.6 0   514.3 0  -104.4 0   409.9 0    10.6 0    56.8 0     2.3 0   252.8 0   900.7 0
 2026   7  1  7 20 33 20.550  59.71   644.4 0   133.7 0   920.7 0   200.5 0   286.9 0   285.332 0   285.364 0   391.0 0   284.418 0   284.780 0    54.9 0   293.1 0   531.2 0  -104.1 0   427.1 0    10.6 0    56.6 0     2.4 0   246.5 0   900.7 0
 2026   7  1  7 20 34 20.567  59.75   645.9 0   134.6 0   933.5 0   197.1 0   290.2 0   285.443 0   285.466 0   392.5 0   284.476 0   284.840 0    54.2 0   293.4 0   532.8 0  -102.3 0   430.5 0    10.7 0    56.6 0     2.8 0   251.0 0   900.7 0
 2026   7  1  7 20 35 20.583  59.79   462.2 0    83.2 0   576.7 0   202.5 0   291.8 0   285.556 0   285.574 0   389.8 0   284.525 0   284.826 0    47.6 0   211.3 0   409.4 0   -98.0 0   311.4 0    10.6 0    55.7 0     3.5 0   265.8 0   900.7 0
 2026   7  1  7 20 36 20.600  59.83   329.9 0    68.0 0   256.4 0   210.9 0   292.7 0   285.633 0   285.575 0   386.0 0   284.525 0   284.715 0    42.6 0   161.3 0   271.8 0   -93.4 0   178.5 0    10.4 0    56.8 0     3.1 0   283.1 0   900.7 0
 2026   7  1  7 20 37 20.617  59.87   285.3 0    51.9 0   146.2 0   221.0 0   293.2 0   285.663 0   285.617 0   384.1 0   284.513 0   284.672 0    39.9 0   136.9 0   242.4 0   -90.8 0   151.6 0    10.4 0    57.3 0     2.5 0   288.2 0   900.7 0
 2026   7  1  7 20 38 20.633  59.92   219.7 0    42.6 0     3.5 0   224.0 0   292.9 0   285.671 0   285.616 0   381.7 0   284.493 0   284.606 0    37.2 0   105.7 0   183.1 0   -88.8 0    94.3 0    10.3 0    57.7 0     2.2 0   286.7 0   900.7 0
 2026   7  1  7 20 39 20.650  59.96   225.0 0    44.1 0     6.2 0   227.3 0   292.4 0   285.647 0   285.576 0   380.5 0   284.474 0   284.570 0    37.4 0   108.7 0   186.4 0   -88.1 0    98.3 0    10.3 0    57.6 0     1.7 0   278.3 0   900.6 0
 2026   7  1  7 20 40 20.667  60.00   231.2 0    45.5 0     9.5 0   231.6 0   291.9 0   285.617 0   285.582 0   379.5 0   284.454 0   284.542 0    37.5 0   111.0 0   190.8 0   -87.7 0   103.1 0    10.3 0    57.6 0     2.6 0   291.4 0   900.6 0
 2026   7  1  7 20 41 20.683  60.05   246.4 0    52.1 0    24.5 0   240.3 0   290.9 0   285.590 0   285.545 0   379.0 0   284.427 0   284.524 0    38.2 0   118.6 0   200.5 0   -88.1 0   112.4 0    10.3 0    57.6 0     2.6 0   292.7 0   900.6 0
 2026   7  1  7 20 42 20.700  60.10   326.6 0    64.3 0   189.2 0   241.1 0   290.3 0   285.564 0   285.503 0   380.2 0   284.405 0   284.522 0    41.1 0   155.3 0   271.1 0   -89.9 0   181.2 0    10.3 0    58.2 0     2.1 0   314.6 0   900.5 0
 2026   7  1  7 20 43 20.717  60.14   283.7 0    63.1 0    97.2 0   238.1 0   290.7 0   285.537 0   285.432 0   380.2 0   284.388 0   284.483 0    39.6 0   136.6 0   223.4 0   -89.4 0   134.0 0    10.2 0    58.3 0     2.5 0   303.4 0   900.5 0
 2026   7  1  7 20 44 20.733  60.19   313.6 0    57.1 0   184.6 0   230.5 0   292.0 0   285.503 0   285.446 0   380.1 0   284.370 0   284.495 0    39.9 0   146.5 0   265.2 0   -88.1 0   177.1 0    10.2 0    58.3 0     3.0 0   280.9 0   900.5 0
 2026   7  1  7 20 45 20.750  60.24   234.2 0    51.1 0    17.9 0   230.0 0   293.3 0   285.477 0   285.427 0   378.8 0   284.344 0   284.447 0    36.7 0   112.6 0   187.8 0   -85.5 0   102.3 0    10.3 0    58.7 0     2.6 0   271.1 0   900.5 0
 2026   7  1  7 20 46 20.767  60.29   426.1 0    94.9 0   388.1 0   235.4 0   294.9 0   285.453 0   285.435 0   381.2 0   284.326 0   284.504 0    42.6 0   200.3 0   332.9 0   -86.3 0   246.6 0    10.3 0    58.3 0     2.3 0   266.8 0   900.5 0
 2026   7  1  7 20 47 20.783  60.34   346.6 0    56.6 0   263.4 0   237.6 0   295.9 0   285.457 0   285.442 0   381.4 0   284.330 0   284.513 0    40.3 0   158.8 0   311.3 0   -85.4 0   225.9 0    10.3 0    58.0 0     2.8 0   260.0 0   900.5 0
 2026   7  1  7 20 48 20.800  60.39   244.8 0    47.5 0    28.9 0   236.1 0   296.2 0   285.457 0   285.441 0   379.2 0   284.317 0   284.453 0    37.4 0   116.9 0   202.9 0   -83.0 0   119.9 0    10.3 0    58.6 0     2.8 0   255.5 0   900.5 0
 2026   7  1  7 20 49 20.817  60.45   260.1 0    50.5 0    34.3 0   247.2 0   294.5 0   285.445 0   285.455 0   378.4 0   284.292 0   284.408 0    38.2 0   123.6 0   213.6 0   -83.9 0   129.7 0    10.2 0    59.3 0     3.7 0   261.2 0   900.5 0
 2026   7  1  7 20 50 20.833  60.50   286.1 0    58.3 0    83.6 0   249.9 0   292.5 0   285.430 0   285.414 0   377.7 0   284.257 0   284.365 0    39.3 0   135.7 0   232.8 0   -85.2 0   147.6 0    10.2 0    60.1 0     4.9 0   242.0 0   900.5 0
 2026   7  1  7 20 51 20.850  60.56   242.6 0    49.1 0    22.8 0   237.3 0   290.3 0   285.411 0   285.393 0   376.3 0   284.210 0   284.300 0    37.9 0   114.8 0   199.5 0   -85.9 0   113.5 0    10.0 0    59.7 0     4.3 0   242.1 0   900.4 0
 2026   7  1  7 20 52 20.867  60.61   239.6 0    44.8 0    38.9 0   227.0 0   289.7 0   285.386 0   285.336 0   375.7 0   284.162 0   284.251 0    37.7 0   113.2 0   201.2 0   -86.0 0   115.2 0     9.9 0    61.1 0     3.4 0   247.6 0   900.4 0
 2026   7  1  7 20 53 20.883  60.67   224.5 0    43.7 0     3.3 0   226.8 0   290.1 0   285.356 0   285.316 0   375.1 0   284.122 0   284.205 0    36.9 0   106.3 0   184.7 0   -85.0 0    99.7 0     9.9 0    60.8 0     4.0 0   237.4 0   900.4 0
 2026   7  1  7 20 54 20.900  60.72   240.3 0    46.8 0    15.4 0   235.8 0   291.6 0   285.325 0   285.298 0   374.8 0   284.076 0   284.161 0    37.2 0   113.3 0   196.5 0   -83.2 0   113.3 0     9.9 0    61.5 0     4.4 0   253.9 0   900.4 0
 2026   7  1  7 20 55 20.917  60.78   274.1 0    52.0 0    51.8 0   253.2 0   293.7 0   285.294 0   285.268 0   375.0 0   284.034 0   284.129 0    38.2 0   129.1 0   226.5 0   -81.3 0   145.2 0     9.9 0    61.5 0     4.1 0   257.4 0   900.4 0
 2026   7  1  7 20 56 20.933  60.84   267.7 0    50.9 0    19.8 0   261.3 0   296.6 0   285.269 0   285.292 0   375.4 0   284.001 0   284.111 0    37.6 0   125.2 0   220.0 0   -78.8 0   141.3 0     9.9 0    60.5 0     4.0 0   262.3 0   900.5 0
 2026   7  1  7 20 57 20.950  60.90   244.2 0    46.0 0     2.9 0   247.1 0   299.8 0   285.246 0   285.259 0   375.1 0   283.968 0   284.071 0    35.8 0   113.5 0   202.5 0   -75.3 0   127.2 0     9.9 0    60.8 0     3.9 0   262.5 0   900.4 0
 2026   7  1  7 20 58 20.967  60.96   221.0 0    41.3 0     0.2 0   225.3 0   303.9 0   285.218 0   285.245 0   374.7 0   283.930 0   284.022 0    33.6 0   102.6 0   184.1 0   -70.8 0   113.2 0     9.9 0    61.3 0     4.6 0   243.8 0   900.4 0
 2026   7  1  7 20 59 20.983  61.02   199.9 0    37.4 0    -0.1 0   203.9 0   308.8 0   285.190 0   285.175 0   373.8 0   283.887 0   283.965 0    31.4 0    93.1 0   166.4 0   -65.0 0   101.4 0     9.9 0    60.7 0     4.4 0   246.8 0   900.4 0
 2026   7  1  7 21  0 21.000  61.09   185.4 0    35.3 0     4.3 0   187.0 0   312.1 0   285.154 0   285.128 0   373.7 0   283.845 0   283.925 0    29.4 0    87.2 0   153.8 0   -61.6 0    92.2 0     9.9 0    61.5 0     4.2 0   258.0 0   900.4 0
 2026   7  1  7 21  1 21.017  61.15   192.9 0    37.2 0    34.3 0   179.7 0   314.4 0   285.118 0   285.060 0   373.7 0   283.810 0   283.892 0    28.4 0    91.1 0   159.1 0   -59.3 0    99.8 0     9.9 0    61.5 0     3.4 0   261.1 0   900.4 0
 2026   7  1  7 21  2 21.033  61.21   201.3 0    36.9 0    47.1 0   183.0 0   317.4 0   285.079 0   285.021 0   373.7 0   283.780 0   283.862 0    28.1 0    95.1 0   168.8 0   -56.3 0   112.5 0     9.9 0    60.9 0     4.6 0   258.7 0   900.4 0
 2026   7  1  7 21  3 21.050  61.28   199.4 0    38.5 0    11.5 0   194.4 0   319.0 0   285.046 0   285.040 0   373.4 0   283.746 0   283.832 0    28.2 0    94.4 0   161.4 0   -54.4 0   107.0 0     9.9 0    60.8 0     4.1 0   258.3 0   900.4 0
 2026   7  1  7 21  4 21.067  61.34   211.8 0    40.5 0     6.0 0   208.8 0   318.7 0   285.018 0   285.001 0   373.6 0   283.714 0   283.813 0    29.2 0    99.4 0   171.2 0   -54.9 0   116.3 0     9.9 0    61.1 0     4.0 0   252.1 0   900.4 0
 2026   7  1  7 21  5 21.083  61.41   241.3 0    45.9 0    23.5 0   230.0 0   317.0 0   284.990 0   285.013 0   374.1 0   283.687 0   283.800 0    31.3 0   112.7 0   195.4 0   -57.2 0   138.2 0     9.9 0    62.0 0     3.7 0   251.9 0   900.4 0
 2026   7  1  7 21  6 21.100  61.48   255.1 0    48.2 0    18.7 0   246.9 0   313.7 0   284.972 0   285.060 0   374.8 0   283.675 0   283.811 0    32.8 0   118.4 0   207.7 0   -61.1 0   146.6 0    10.0 0    61.7 0     3.3 0   246.6 0   900.4 0
 2026   7  1  7 21  7 21.117  61.54   257.3 0    48.6 0     4.6 0   256.5 0   310.5 0   284.971 0   285.119 0   375.0 0   283.671 0   283.811 0    33.7 0   119.5 0   210.1 0   -64.5 0   145.6 0    10.1 0    61.7 0     3.6 0   257.4 0   900.4 0
 2026   7  1  7 21  8 21.133  61.61   269.4 0    50.8 0     5.3 0   268.0 0   307.4 0   284.979 0   285.088 0   375.3 0   283.670 0   283.811 0    34.8 0   125.3 0   219.7 0   -67.8 0   151.9 0    10.1 0    61.4 0     3.3 0   272.7 0   900.4 0
 2026   7  1  7 21  9 21.150  61.68   278.6 0    52.8 0     3.3 0   279.0 0   305.6 0   284.977 0   285.078 0   375.8 0   283.674 0   283.823 0    35.8 0   129.7 0   227.8 0   -70.2 0   157.6 0    10.2 0    61.3 0     3.2 0   256.9 0   900.4 0
 2026   7  1  7 21 10 21.167  61.75   290.0 0    54.9 0     9.2 0   288.5 0   304.2 0   284.974 0   285.102 0   376.2 0   283.683 0   283.841 0    36.6 0   135.3 0   237.9 0   -72.0 0   165.9 0    10.3 0    61.1 0     3.3 0   272.5 0   900.3 0
 2026   7  1  7 21 11 21.183  61.83   289.7 0    55.2 0     5.0 0   291.1 0   303.5 0   284.976 0   285.100 0   376.4 0   283.693 0   283.850 0    36.8 0   135.2 0   238.3 0   -72.9 0   165.4 0    10.3 0    61.0 0     3.7 0   259.9 0   900.3 0
 2026   7  1  7 21 12 21.200  61.90   323.4 0    61.4 0    78.9 0   293.5 0   303.9 0   284.979 0   285.109 0   377.1 0   283.705 0   283.877 0    37.9 0   152.3 0   269.2 0   -73.2 0   196.0 0    10.4 0    60.8 0     3.3 0   258.5 0   900.3 0
 2026   7  1  7 21 13 21.217  61.97   297.7 0    56.6 0    11.3 0   295.2 0   304.8 0   284.990 0   285.149 0   377.4 0   283.722 0   283.893 0    36.8 0   139.1 0   243.9 0   -72.6 0   171.4 0    10.4 0    60.0 0     3.4 0   274.7 0   900.3 0
 2026   7  1  7 21 14 21.233  62.04   297.7 0    56.9 0     1.0 0   299.6 0   307.5 0   285.000 0   285.168 0   376.9 0   283.733 0   283.889 0    36.4 0   138.8 0   243.2 0   -69.4 0   173.8 0    10.4 0    58.9 0     4.6 0   271.2 0   900.4 0
 2026   7  1  7 21 15 21.250  62.12   301.7 0    57.7 0     0.7 0   303.7 0   309.7 0   285.012 0   285.191 0   376.7 0   283.730 0   283.877 0    36.1 0   140.2 0   246.3 0   -67.0 0   179.3 0    10.2 0    58.9 0     4.6 0   266.2 0   900.3 0
 2026   7  1  7 21 16 21.267  62.19   297.9 0    56.7 0     0.9 0   300.5 0   310.7 0   285.025 0   285.224 0   376.8 0   283.721 0   283.875 0    35.5 0   137.8 0   244.3 0   -66.1 0   178.2 0    10.1 0    59.4 0     4.1 0   255.5 0   900.3 0
 2026   7  1  7 21 17 21.283  62.27   273.7 0    51.5 0     1.7 0   278.0 0   310.1 0   285.036 0   285.203 0   376.9 0   283.714 0   283.867 0    34.1 0   126.4 0   227.3 0   -66.8 0   160.5 0    10.1 0    59.9 0     3.3 0   254.3 0   900.3 0
 2026   7  1  7 21 18 21.300  62.35   227.7 0    42.4 0     0.6 0   234.4 0   308.7 0   285.039 0   285.153 0   376.6 0   283.712 0   283.849 0    31.5 0   105.8 0   192.3 0   -67.9 0   124.4 0    10.1 0    61.0 0     3.0 0   273.7 0   900.3 0
 2026   7  1  7 21 19 21.317  62.43   198.6 0    37.2 0     0.5 0   203.7 0   307.7 0   285.032 0   285.067 0   375.7 0   283.716 0   283.839 0    29.4 0    93.8 0   166.8 0   -68.0 0    98.7 0    10.3 0    60.1 0     3.6 0   267.3 0   900.3 0
 2026   7  1  7 21 20 21.333  62.50   198.7 0    37.7 0     6.5 0   199.3 0   308.3 0   285.016 0   285.027 0   374.7 0   283.712 0   283.816 0    28.5 0    94.3 0   164.6 0   -66.4 0    98.2 0    10.2 0    59.8 0     4.0 0   266.1 0   900.3 0
 2026   7  1  7 21 21 21.350  62.58   195.1 0    36.9 0     1.3 0   197.5 0   310.3 0   284.993 0   284.977 0   374.5 0   283.700 0   283.800 0    27.6 0    92.5 0   161.2 0   -64.2 0    97.0 0    10.2 0    60.2 0     3.4 0   264.4 0   900.3 0
 2026   7  1  7 21 22 21.367  62.66   195.9 0    37.1 0     1.2 0   198.0 0   312.7 0   284.968 0   284.975 0   373.9 0   283.687 0   283.780 0    27.2 0    92.7 0   161.5 0   -61.2 0   100.2 0    10.1 0    60.2 0     4.5 0   258.9 0   900.3 0
 2026   7  1  7 21 23 21.383  62.74   196.2 0    37.1 0     0.7 0   198.4 0   314.3 0   284.946 0   284.959 0   373.3 0   283.666 0   283.759 0    26.8 0    92.6 0   161.7 0   -59.0 0   102.7 0    10.0 0    59.3 0     4.1 0   257.4 0   900.3 0
 2026   7  1  7 21 24 21.400  62.83   195.0 0    36.6 0     0.2 0   197.1 0   315.7 0   284.925 0   284.929 0   373.5 0   283.644 0   283.745 0    26.5 0    92.0 0   160.6 0   -57.8 0   102.8 0    10.0 0    60.2 0     3.0 0   256.6 0   900.3 0
 2026   7  1  7 21 25 21.417  62.91   197.2 0    36.8 0     0.1 0   198.9 0   317.5 0   284.899 0   284.929 0   373.7 0   283.630 0   283.734 0    26.4 0    92.9 0   162.1 0   -56.2 0   105.9 0    10.0 0    60.8 0     3.3 0   266.2 0   900.3 0
 2026   7  1  7 21 26 21.433  62.99   201.3 0    37.4 0     0.0 0   202.7 0   318.4 0   284.880 0   284.926 0   373.7 0   283.620 0   283.726 0    26.5 0    94.6 0   165.4 0   -55.3 0   110.1 0    10.1 0    60.9 0     3.7 0   255.0 0   900.3 0
 2026   7  1  7 21 27 21.450  63.08   202.3 0    37.4 0     0.6 0   203.8 0   318.8 0   284.863 0   284.894 0   373.6 0   283.608 0   283.712 0    26.4 0    94.9 0   166.7 0   -54.8 0   111.9 0    10.0 0    60.2 0     3.1 0   267.1 0   900.2 0
 2026   7  1  7 21 28 21.467  63.16   196.3 0    36.1 0     0.8 0   198.1 0   319.4 0   284.841 0   284.870 0   374.0 0   283.599 0   283.703 0    25.9 0    92.1 0   162.4 0   -54.6 0   107.8 0    10.1 0    61.2 0     2.9 0   257.9 0   900.2 0
 2026   7  1  7 21 29 21.483  63.25   189.6 0    34.9 0     0.1 0   191.8 0   320.4 0   284.820 0   284.858 0   373.6 0   283.594 0   283.696 0    25.0 0    89.3 0   157.0 0   -53.2 0   103.8 0    10.1 0    60.5 0     3.3 0   243.1 0   900.2 0
 2026   7  1  7 21 30 21.500  63.33   188.4 0    34.8 0     0.0 0   190.1 0   322.1 0   284.802 0   284.833 0   373.5 0   283.587 0   283.684 0    24.2 0    88.9 0   155.3 0   -51.3 0   103.9 0    10.1 0    60.9 0     4.2 0   257.6 0   900.2 0
 2026   7  1  7 21 31 21.517  63.42   188.9 0    35.1 0     0.0 0   190.5 0   324.0 0   284.784 0   284.814 0   373.4 0   283.579 0   283.679 0    23.7 0    89.0 0   155.4 0   -49.4 0   106.0 0    10.1 0    60.6 0     3.8 0   248.3 0   900.3 0
 2026   7  1  7 21 32 21.533  63.51   187.8 0    35.0 0     0.1 0   189.3 0   325.5 0   284.771 0   284.844 0   373.2 0   283.570 0   283.670 0    23.4 0    88.6 0   154.3 0   -47.6 0   106.7 0    10.1 0    60.1 0     4.1 0   249.6 0   900.2 0
 2026   7  1  7 21 33 21.550  63.60   186.5 0    34.7 0     0.1 0   188.2 0   325.4 0   284.766 0   284.836 0   373.3 0   283.559 0   283.662 0    23.4 0    87.9 0   153.5 0   -47.9 0   105.6 0    10.1 0    61.2 0     4.0 0   249.1 0   900.2 0
 2026   7  1  7 21 34 21.567  63.69   183.7 0    34.2 0     0.1 0   185.7 0   324.6 0   284.761 0   284.817 0   373.0 0   283.551 0   283.649 0    23.4 0    86.7 0   151.5 0   -48.4 0   103.1 0    10.1 0    60.8 0     4.4 0   259.1 0   900.2 0
 2026   7  1  7 21 35 21.583  63.78   182.3 0    33.9 0     0.1 0   184.3 0   323.1 0   284.754 0   284.812 0   372.8 0   283.539 0   283.632 0    23.6 0    86.1 0   150.4 0   -49.7 0   100.8 0    10.1 0    60.8 0     4.2 0   265.4 0   900.2 0
 2026   7  1  7 21 36 21.600  63.87   184.0 0    34.3 0     0.0 0   186.0 0   321.7 0   284.743 0   284.761 0   372.6 0   283.527 0   283.618 0    23.8 0    87.0 0   151.7 0   -50.9 0   100.8 0    10.1 0    60.6 0     3.6 0   261.5 0   900.2 0
 2026   7  1  7 21 37 21.617  63.96   188.5 0    35.2 0     0.0 0   190.3 0   321.3 0   284.726 0   284.751 0   372.6 0   283.518 0   283.620 0    24.0 0    89.0 0   155.1 0   -51.3 0   103.8 0    10.1 0    60.8 0     3.5 0   256.6 0   900.2 0
 2026   7  1  7 21 38 21.633  64.05   195.8 0    36.7 0     0.9 0   197.1 0   321.4 0   284.711 0   284.758 0   372.6 0   283.512 0   283.620 0    24.2 0    92.4 0   160.7 0   -51.3 0   109.5 0    10.1 0    60.3 0     3.1 0   260.2 0   900.2 0
 2026   7  1  7 21 39 21.650  64.14   205.0 0    38.6 0     0.5 0   206.3 0   321.0 0   284.700 0   284.753 0   373.0 0   283.511 0   283.627 0    24.6 0    96.4 0   167.9 0   -52.0 0   115.9 0    10.2 0    60.5 0     3.0 0   263.4 0   900.2 0
 2026   7  1  7 21 40 21.667  64.24   212.6 0    40.5 0     0.5 0   214.3 0   320.6 0   284.688 0   284.778 0   373.3 0   283.512 0   283.628 0    24.7 0    99.8 0   174.1 0   -52.7 0   121.3 0    10.1 0    60.5 0     3.3 0   251.4 0   900.2 0
 2026   7  1  7 21 41 21.683  64.33   228.6 0    44.2 0    14.2 0   224.6 0   320.0 0   284.687 0   284.814 0   373.8 0   283.513 0   283.650 0    25.1 0   107.9 0   186.6 0   -53.8 0   132.7 0    10.2 0    61.4 0     3.6 0   235.7 0   900.2 0
 2026   7  1  7 21 42 21.700  64.43   279.1 0    58.0 0    68.8 0   249.5 0   319.0 0   284.698 0   284.833 0   374.4 0   283.520 0   283.669 0    26.7 0   132.6 0   221.2 0   -55.4 0   165.9 0    10.2 0    58.9 0     3.9 0   249.7 0   900.1 0
 2026   7  1  7 21 43 21.717  64.52   335.6 0    64.0 0   184.8 0   266.8 0   317.9 0   284.718 0   284.887 0   375.9 0   283.530 0   283.718 0    28.5 0   155.4 0   282.3 0   -58.0 0   224.3 0    10.1 0    58.6 0     3.3 0   243.7 0   900.1 0
 2026   7  1  7 21 44 21.733  64.62   263.1 0    51.6 0    14.3 0   261.3 0   314.1 0   284.752 0   284.922 0   375.5 0   283.543 0   283.709 0    27.3 0   122.6 0   215.9 0   -61.4 0   154.5 0    10.1 0    59.0 0     4.0 0   263.5 0   900.1 0
 2026   7  1  7 21 45 21.750  64.72   249.4 0    48.6 0    12.5 0   250.2 0   308.4 0   284.777 0   284.906 0   374.3 0   283.546 0   283.691 0    27.1 0   116.7 0   207.0 0   -66.0 0   141.0 0    10.1 0    58.3 0     4.1 0   266.0 0   900.1 0
 2026   7  1  7 21 46 21.767  64.81   256.3 0    50.3 0    51.1 0   243.3 0   302.9 0   284.791 0   284.896 0   374.3 0   283.542 0   283.689 0    27.4 0   120.9 0   214.8 0   -71.4 0   143.4 0    10.0 0    59.1 0     3.6 0   274.4 0   900.1 0
 2026   7  1  7 21 47 21.783  64.91   234.7 0    46.2 0     3.9 0   239.5 0   297.8 0   284.810 0   284.922 0   373.5 0   283.540 0   283.680 0    27.0 0   110.2 0   195.0 0   -75.7 0   119.3 0    10.0 0    58.2 0     3.3 0   265.2 0   900.2 0
 2026   7  1  7 21 48 21.800  65.01   258.2 0    62.8 0    49.7 0   235.8 0   294.6 0   284.823 0   284.910 0   373.8 0   283.537 0   283.693 0    27.7 0   123.0 0   194.0 0   -79.2 0   114.9 0    10.0 0    58.7 0     3.4 0   260.3 0   900.1 0
 2026   7  1  7 21 49 21.817  65.11   280.1 0    50.1 0   144.9 0   230.0 0   292.4 0   284.840 0   284.893 0   374.2 0   283.542 0   283.719 0    28.1 0   129.8 0   240.9 0   -81.9 0   159.1 0    10.0 0    58.7 0     3.2 0   258.3 0   900.1 0
 2026   7  1  7 21 50 21.833  65.21   242.1 0    48.0 0    75.6 0   219.9 0   292.3 0   284.850 0   284.871 0   373.8 0   283.543 0   283.696 0    27.4 0   116.2 0   203.6 0   -81.5 0   122.1 0    10.0 0    59.7 0     3.0 0   250.0 0   900.1 0
 2026   7  1  7 21 51 21.850  65.32   207.1 0    38.9 0    37.5 0   202.8 0   293.5 0   284.852 0   284.853 0   373.2 0   283.545 0   283.681 0    26.1 0    97.8 0   179.6 0   -79.6 0    99.9 0    10.1 0    58.9 0     3.4 0   231.9 0   900.2 0
 2026   7  1  7 21 52 21.867  65.42   182.8 0    35.5 0     2.3 0   188.3 0   295.1 0   284.848 0   284.834 0   372.2 0   283.539 0   283.651 0    25.0 0    87.3 0   153.7 0   -77.1 0    76.6 0    10.1 0    59.2 0     3.4 0   238.7 0   900.2 0
 2026   7  1  7 21 53 21.883  65.52   183.7 0    37.2 0    21.2 0   181.5 0   295.9 0   284.835 0   284.800 0   371.7 0   283.531 0   283.635 0    24.5 0    88.9 0   153.0 0   -75.9 0    77.1 0    10.1 0    59.8 0     3.8 0   251.4 0   900.2 0
 2026   7  1  7 21 54 21.900  65.62   199.4 0    38.2 0    81.8 0   174.3 0   296.0 0   284.825 0   284.815 0   371.6 0   283.524 0   283.635 0    24.3 0    95.4 0   169.9 0   -75.6 0    94.3 0    10.1 0    59.3 0     4.3 0   249.4 0   900.2 0
 2026   7  1  7 21 55 21.917  65.73   165.9 0    32.2 0     8.2 0   168.0 0   296.0 0   284.822 0   284.781 0   371.0 0   283.515 0   283.619 0    23.2 0    79.9 0   139.2 0   -75.0 0    64.2 0    10.1 0    59.4 0     3.4 0   242.9 0   900.2 0
 2026   7  1  7 21 56 21.933  65.83   165.2 0    32.4 0     0.5 0   169.7 0   297.6 0   284.813 0   284.796 0   370.8 0   283.508 0   283.608 0    22.9 0    79.7 0   137.5 0   -73.2 0    64.3 0    10.1 0    60.2 0     3.3 0   232.0 0   900.2 0
 2026   7  1  7 21 57 21.950  65.94   178.6 0    35.4 0     0.6 0   181.8 0   300.0 0   284.806 0   284.786 0   370.6 0   283.501 0   283.600 0    23.0 0    85.6 0   146.7 0   -70.6 0    76.0 0    10.1 0    59.5 0     3.8 0   225.1 0   900.2 0
 2026   7  1  7 21 58 21.967  66.04   201.6 0    40.6 0    10.2 0   200.7 0   303.7 0   284.795 0   284.787 0   370.8 0   283.491 0   283.598 0    23.2 0    96.0 0   164.3 0   -67.1 0    97.1 0    10.1 0    59.1 0     3.4 0   232.8 0   900.2 0
 2026   7  1  7 21 59 21.983  66.15   295.8 0    68.5 0   188.2 0   220.4 0   308.0 0   284.785 0   284.817 0   372.9 0   283.486 0   283.634 0    24.7 0   141.3 0   228.0 0   -64.9 0   163.1 0    10.1 0    59.2 0     3.5 0   222.3 0   900.2 0
 2026   7  1  7 22  0 22.000  66.26   415.7 0    83.7 0   449.8 0   243.5 0   311.8 0   284.801 0   284.920 0   376.3 0   283.503 0   283.729 0    26.5 0   191.3 0   340.8 0   -64.5 0   276.3 0    10.1 0    58.2 0     3.4 0   219.4 0   900.2 0
 2026   7  1  7 22  1 22.017  66.37   381.4 0    74.9 0   359.6 0   259.3 0   314.4 0   284.855 0   285.010 0   377.3 0   283.528 0   283.758 0    26.0 0   177.8 0   328.6 0   -62.9 0   265.7 0    10.1 0    58.3 0     2.7 0   220.7 0   900.2 0
 2026   7  1  7 22  2 22.033  66.48   393.1 0    85.2 0   344.8 0   268.7 0   317.1 0   284.915 0   285.097 0   379.2 0   283.561 0   283.811 0    25.9 0   184.0 0   321.1 0   -62.1 0   259.0 0    10.2 0    59.1 0     2.5 0   226.0 0   900.2 0
 2026   7  1  7 22  3 22.050  66.59   318.6 0    59.8 0   150.8 0   272.8 0   318.9 0   284.982 0   285.166 0   379.2 0   283.604 0   283.830 0    24.3 0   145.8 0   272.9 0   -60.3 0   212.6 0    10.3 0    58.8 0     3.1 0   224.6 0   900.2 0
 2026   7  1  7 22  4 22.067  66.70   252.2 0    49.7 0    28.1 0   249.3 0   318.3 0   285.030 0   285.174 0   377.4 0   283.625 0   283.788 0    22.7 0   118.0 0   210.7 0   -59.1 0   151.7 0    10.2 0    58.7 0     3.8 0   212.1 0   900.3 0
 2026   7  1  7 22  5 22.083  66.81   217.1 0    41.9 0     4.8 0   222.2 0   315.9 0   285.051 0   285.155 0   376.2 0   283.631 0   283.769 0    21.2 0   100.5 0   182.1 0   -60.3 0   121.9 0    10.1 0    59.9 0     3.5 0   209.1 0   900.3 0
 2026   7  1  7 22  6 22.100  66.92   186.1 0    35.8 0     1.0 0   192.5 0   313.3 0   285.053 0   285.079 0   374.9 0   283.632 0   283.750 0    19.9 0    86.3 0   157.1 0   -61.6 0    95.5 0    10.1 0    60.7 0     4.1 0   204.9 0   900.3 0
 2026   7  1  7 22  7 22.117  67.03   160.2 0    31.1 0     0.5 0   165.9 0   310.9 0   285.032 0   284.965 0   373.2 0   283.624 0   283.699 0    18.8 0    75.1 0   135.0 0   -62.3 0    72.7 0    10.1 0    59.8 0     4.1 0   209.2 0   900.3 0
 2026   7  1  7 22  8 22.133  67.14   145.1 0    28.3 0     0.4 0   149.6 0   311.4 0   284.988 0   284.858 0   372.3 0   283.603 0   283.671 0    18.0 0    68.6 0   121.5 0   -60.9 0    60.6 0    10.0 0    60.4 0     4.2 0   210.9 0   900.3 0
 2026   7  1  7 22  9 22.150  67.26   139.7 0    27.2 0     0.5 0   143.0 0   313.8 0   284.933 0   284.810 0   371.3 0   283.578 0   283.627 0    17.7 0    66.2 0   116.0 0   -57.5 0    58.5 0     9.9 0    59.8 0     3.7 0   215.4 0   900.3 0
 2026   7  1  7 22 10 22.167  67.37   140.6 0    27.1 0     0.7 0   142.9 0   316.1 0   284.882 0   284.775 0   371.4 0   283.555 0   283.622 0    17.5 0    66.6 0   116.0 0   -55.2 0    60.8 0     9.9 0    60.8 0     3.1 0   215.7 0   900.2 0
 2026   7  1  7 22 11 22.183  67.49   141.4 0    27.1 0     0.8 0   143.5 0   317.6 0   284.834 0   284.752 0   371.3 0   283.543 0   283.619 0    17.3 0    66.7 0   116.7 0   -53.7 0    63.0 0    10.0 0    61.3 0     3.3 0   210.2 0   900.2 0
 2026   7  1  7 22 12 22.200  67.60   140.4 0    26.9 0     0.7 0   142.5 0   317.5 0   284.795 0   284.739 0   370.9 0   283.529 0   283.603 0    17.1 0    66.4 0   115.9 0   -53.4 0    62.5 0    10.0 0    61.1 0     4.4 0   221.8 0   900.2 0
 2026   7  1  7 22 13 22.217  67.72   141.1 0    27.1 0     0.3 0   142.9 0   316.6 0   284.762 0   284.690 0   370.2 0   283.509 0   283.572 0    17.0 0    66.6 0   115.9 0   -53.6 0    62.2 0    10.0 0    60.0 0     4.4 0   218.8 0   900.1 0
 2026   7  1  7 22 14 22.233  67.83   141.0 0    27.1 0     0.4 0   142.8 0   316.6 0   284.723 0   284.635 0   369.8 0   283.481 0   283.541 0    16.8 0    66.4 0   115.8 0   -53.2 0    62.5 0     9.9 0    60.5 0     4.0 0   210.4 0   900.1 0
 2026   7  1  7 22 15 22.250  67.95   138.4 0    26.7 0     1.6 0   139.9 0   317.2 0   284.681 0   284.608 0   369.6 0   283.454 0   283.518 0    16.5 0    65.3 0   113.8 0   -52.4 0    61.4 0     9.8 0    60.5 0     3.9 0   212.5 0   900.1 0
 2026   7  1  7 22 16 22.267  68.07   136.1 0    26.2 0     5.6 0   136.2 0   318.6 0   284.639 0   284.548 0   369.4 0   283.426 0   283.488 0    16.1 0    64.4 0   112.0 0   -50.9 0    61.1 0     9.8 0    60.1 0     3.3 0   213.6 0   900.1 0
 2026   7  1  7 22 17 22.283  68.19   131.0 0    25.1 0     4.2 0   131.6 0   320.9 0   284.593 0   284.504 0   369.6 0   283.403 0   283.476 0    15.4 0    62.1 0   108.1 0   -48.7 0    59.4 0     9.8 0    61.0 0     2.4 0   219.2 0   900.1 0
 2026   7  1  7 22 18 22.300  68.30   127.7 0    24.4 0     5.4 0   127.8 0   323.8 0   284.547 0   284.471 0   369.8 0   283.387 0   283.460 0    14.6 0    60.7 0   105.4 0   -45.9 0    59.5 0     9.8 0    61.6 0     3.2 0   209.4 0   900.1 0
 2026   7  1  7 22 19 22.317  68.42   124.6 0    23.8 0     1.3 0   126.1 0   326.6 0   284.508 0   284.461 0   369.7 0   283.371 0   283.441 0    14.0 0    59.4 0   102.7 0   -43.1 0    59.6 0     9.9 0    62.1 0     3.3 0   213.3 0   900.1 0
 2026   7  1  7 22 20 22.333  68.54   125.1 0    24.0 0     0.6 0   126.6 0   327.9 0   284.477 0   284.429 0   369.7 0   283.356 0   283.428 0    13.6 0    59.6 0   102.8 0   -41.8 0    61.0 0     9.9 0    61.6 0     3.4 0   211.1 0   900.1 0
 2026   7  1  7 22 21 22.350  68.67   127.7 0    24.5 0     0.7 0   128.8 0   327.9 0   284.446 0   284.394 0   369.6 0   283.342 0   283.413 0    13.4 0    60.6 0   104.6 0   -41.7 0    62.9 0     9.9 0    61.3 0     4.3 0   217.7 0   900.1 0
 2026   7  1  7 22 22 22.367  68.79   129.8 0    25.0 0     0.4 0   131.1 0   326.5 0   284.417 0   284.376 0   369.0 0   283.321 0   283.386 0    13.5 0    61.4 0   106.2 0   -42.4 0    63.8 0     9.8 0    60.0 0     4.1 0   213.0 0   900.1 0
 2026   7  1  7 22 23 22.383  68.91   128.7 0    24.7 0     0.3 0   130.4 0   325.7 0   284.387 0   284.347 0   368.9 0   283.296 0   283.364 0    13.4 0    60.9 0   105.8 0   -43.1 0    62.7 0     9.8 0    61.0 0     4.1 0   216.4 0   900.1 0
 2026   7  1  7 22 24 22.400  69.03   124.6 0    23.8 0     0.6 0   126.4 0   326.6 0   284.362 0   284.343 0   368.9 0   283.275 0   283.349 0    12.9 0    59.1 0   102.9 0   -42.2 0    60.6 0     9.8 0    61.7 0     3.0 0   226.9 0   900.1 0
 2026   7  1  7 22 25 22.417  69.15   117.8 0    22.4 0     0.6 0   120.0 0   329.3 0   284.340 0   284.295 0   369.2 0   283.264 0   283.339 0    12.1 0    56.2 0    97.9 0   -39.9 0    58.0 0     9.9 0    61.3 0     2.4 0   250.7 0   900.1 0
 2026   7  1  7 22 26 22.433  69.28   111.3 0    21.3 0     2.9 0   112.9 0   332.7 0   284.312 0   284.269 0   369.3 0   283.256 0   283.331 0    11.1 0    53.3 0    92.6 0   -36.6 0    56.1 0     9.9 0    60.8 0     3.0 0   244.1 0   900.1 0
 2026   7  1  7 22 27 22.450  69.40   106.1 0    20.5 0     5.4 0   106.9 0   334.6 0   284.288 0   284.253 0   369.0 0   283.245 0   283.315 0    10.2 0    51.0 0    88.3 0   -34.4 0    53.9 0     9.9 0    60.7 0     4.1 0   212.3 0   900.1 0
 2026   7  1  7 22 28 22.467  69.52   101.5 0    20.0 0     3.1 0   103.1 0   335.4 0   284.266 0   284.217 0   368.3 0   283.225 0   283.276 0     9.5 0    48.9 0    84.2 0   -32.9 0    51.3 0     9.8 0    59.3 0     4.5 0   214.5 0   900.1 0
 2026   7  1  7 22 29 22.483  69.65   101.5 0    20.3 0     4.5 0   102.3 0   335.9 0   284.240 0   284.190 0   367.8 0   283.197 0   283.239 0     9.1 0    49.0 0    83.6 0   -31.8 0    51.7 0     9.7 0    59.9 0     5.2 0   223.0 0   900.1 0
 2026   7  1  7 22 30 22.500  69.78   104.1 0    20.8 0     2.7 0   105.0 0   335.5 0   284.219 0   284.194 0   367.7 0   283.168 0   283.224 0     9.2 0    50.2 0    85.1 0   -32.2 0    52.9 0     9.7 0    60.3 0     4.2 0   228.5 0   900.1 0
 2026   7  1  7 22 31 22.517  69.90   108.3 0    21.5 0     0.7 0   109.6 0   334.5 0   284.200 0   284.149 0   367.6 0   283.145 0   283.202 0     9.4 0    52.0 0    88.3 0   -33.1 0    55.1 0     9.7 0    60.1 0     4.5 0   228.8 0   900.1 0
 2026   7  1  7 22 32 22.533  70.03   112.7 0    22.3 0     0.8 0   114.0 0   333.5 0   284.177 0   284.141 0   367.8 0   283.125 0   283.197 0     9.7 0    54.0 0    92.0 0   -34.3 0    57.7 0     9.7 0    60.7 0     3.4 0   234.3 0   900.1 0
 2026   7  1  7 22 33 22.550  70.16   115.6 0    22.7 0     0.8 0   117.2 0   332.9 0   284.156 0   284.121 0   368.0 0   283.114 0   283.194 0     9.9 0    55.3 0    94.7 0   -35.0 0    59.7 0     9.8 0    60.8 0     2.8 0   233.6 0   900.1 0
 2026   7  1  7 22 34 22.567  70.28   118.4 0    23.3 0     1.4 0   120.0 0   332.6 0   284.139 0   284.125 0   368.1 0   283.108 0   283.188 0     9.9 0    56.6 0    97.1 0   -35.6 0    61.6 0     9.8 0    60.7 0     3.0 0   228.0 0   900.1 0
 2026   7  1  7 22 35 22.583  70.41   122.0 0    24.1 0     2.1 0   123.5 0   332.2 0   284.125 0   284.120 0   368.2 0   283.102 0   283.187 0    10.0 0    58.3 0   100.1 0   -36.1 0    64.0 0     9.8 0    60.8 0     2.6 0   220.2 0   900.1 0
 2026   7  1  7 22 36 22.600  70.54   126.5 0    25.0 0     6.9 0   126.7 0   331.2 0   284.117 0   284.137 0   368.3 0   283.098 0   283.185 0    10.2 0    60.5 0   104.0 0   -37.1 0    66.9 0     9.8 0    60.5 0     3.1 0   220.5 0   900.1 0
 2026   7  1  7 22 37 22.617  70.67   128.2 0    25.4 0     3.9 0   129.4 0   329.7 0   284.115 0   284.145 0   368.2 0   283.093 0   283.178 0    10.4 0    61.1 0   105.3 0   -38.5 0    66.8 0     9.8 0    60.2 0     3.6 0   218.7 0   900.1 0
 2026   7  1  7 22 38 22.633  70.80   129.8 0    25.8 0     2.9 0   131.4 0   328.7 0   284.113 0   284.131 0   368.1 0   283.084 0   283.170 0    10.5 0    61.8 0   106.6 0   -39.4 0    67.2 0     9.8 0    60.4 0     3.7 0   223.0 0   900.1 0
 2026   7  1  7 22 39 22.650  70.93   131.4 0    26.1 0     3.8 0   132.9 0   328.8 0   284.109 0   284.126 0   368.1 0   283.075 0   283.165 0    10.4 0    62.6 0   108.0 0   -39.3 0    68.7 0     9.8 0    60.8 0     3.8 0   236.7 0   900.1 0
 2026   7  1  7 22 40 22.667  71.06   135.0 0    26.9 0     9.3 0   135.0 0   329.6 0   284.106 0   284.122 0   368.1 0   283.068 0   283.158 0    10.2 0    64.4 0   111.1 0   -38.5 0    72.6 0     9.8 0    60.5 0     3.8 0   247.4 0   900.1 0
 2026   7  1  7 22 41 22.683  71.20   148.4 0    30.3 0    42.3 0   138.7 0   330.2 0   284.103 0   284.121 0   368.4 0   283.061 0   283.159 0    10.1 0    70.6 0   122.1 0   -38.2 0    83.8 0     9.8 0    60.3 0     2.7 0   241.4 0   900.2 0
 2026   7  1  7 22 42 22.700  71.33   172.2 0    35.8 0   107.7 0   144.0 0   331.3 0   284.103 0   284.147 0   369.2 0   283.062 0   283.176 0    10.1 0    81.8 0   142.8 0   -37.9 0   104.9 0     9.8 0    60.7 0     3.0 0   241.6 0   900.2 0
 2026   7  1  7 22 43 22.717  71.46   182.3 0    40.4 0   111.0 0   153.0 0   332.8 0   284.119 0   284.203 0   370.1 0   283.068 0   283.201 0    10.0 0    86.1 0   147.9 0   -37.3 0   110.6 0     9.8 0    60.5 0     3.3 0   232.5 0   900.2 0
 2026   7  1  7 22 44 22.733  71.59   187.0 0    42.5 0    67.6 0   167.6 0   334.7 0   284.150 0   284.291 0   370.8 0   283.077 0   283.218 0    10.0 0    89.7 0   146.4 0   -36.1 0   110.3 0     9.9 0    60.7 0     2.9 0   228.4 0   900.2 0
 2026   7  1  7 22 45 22.750  71.73   322.5 0    80.5 0   446.6 0   190.0 0   335.7 0   284.194 0   284.331 0   373.9 0   283.100 0   283.310 0    10.9 0   151.5 0   249.6 0   -38.2 0   211.4 0    10.0 0    60.6 0     3.3 0   243.1 0   900.2 0
 2026   7  1  7 22 46 22.767  71.86   425.2 0   100.4 0   723.8 0   216.6 0   337.1 0   284.271 0   284.512 0   377.2 0   283.147 0   283.430 0    11.7 0   194.6 0   341.5 0   -40.0 0   301.5 0    10.1 0    58.9 0     3.7 0   243.9 0   900.2 0
 2026   7  1  7 22 47 22.783  72.00   418.8 0    96.8 0   645.8 0   235.9 0   337.8 0   284.400 0   284.663 0   379.5 0   283.206 0   283.519 0    11.8 0   190.2 0   338.6 0   -41.8 0   296.8 0    10.2 0    58.4 0     3.2 0   247.5 0   900.2 0
 2026   7  1  7 22 48 22.800  72.13   281.5 0    63.6 0   173.3 0   235.5 0   338.3 0   284.532 0   284.796 0   378.8 0   283.263 0   283.524 0    10.9 0   133.1 0   225.1 0   -40.5 0   184.6 0    10.2 0    59.3 0     3.5 0   256.4 0   900.2 0
 2026   7  1  7 22 49 22.817  72.27   262.7 0    53.2 0   139.9 0   232.0 0   338.0 0   284.634 0   284.865 0   378.2 0   283.307 0   283.534 0    10.7 0   124.0 0   221.4 0   -40.2 0   181.2 0    10.3 0    59.9 0     2.4 0   261.5 0   900.2 0
 2026   7  1  7 22 50 22.833  72.41   211.2 0    43.1 0    31.2 0   210.7 0   337.7 0   284.708 0   284.898 0   377.3 0   283.350 0   283.543 0    10.2 0    99.5 0   177.1 0   -39.6 0   137.5 0    10.4 0    58.8 0     3.5 0   239.8 0   900.2 0
 2026   7  1  7 22 51 22.850  72.54   171.7 0    34.8 0    12.3 0   177.2 0   336.3 0   284.752 0   284.832 0   375.1 0   283.373 0   283.514 0     9.7 0    81.2 0   146.1 0   -38.8 0   107.3 0    10.2 0    59.1 0     3.8 0   242.8 0   900.2 0
 2026   7  1  7 22 52 22.867  72.68   163.2 0    34.6 0    68.5 0   153.1 0   335.1 0   284.761 0   284.785 0   374.8 0   283.383 0   283.519 0     9.6 0    78.5 0   138.9 0   -39.7 0    99.2 0    10.1 0    61.6 0     3.0 0   236.4 0   900.2 0
 2026   7  1  7 22 53 22.883  72.82   250.9 0    57.4 0   395.2 0   151.3 0   333.2 0   284.769 0   284.795 0   375.7 0   283.404 0   283.570 0    10.2 0   119.6 0   210.6 0   -42.5 0   168.0 0    10.3 0    61.0 0     2.6 0   234.9 0   900.2 0
 2026   7  1  7 22 54 22.900  72.95   242.6 0    55.7 0   290.8 0   166.2 0   332.5 0   284.802 0   284.825 0   377.1 0   283.440 0   283.637 0    10.5 0   113.6 0   195.7 0   -44.6 0   151.1 0    10.4 0    60.4 0     2.2 0   236.4 0   900.2 0
 2026   7  1  7 22 55 22.917  73.09   184.6 0    39.1 0    53.5 0   175.2 0   332.4 0   284.839 0   284.887 0   376.3 0   283.477 0   283.643 0    10.2 0    88.7 0   151.7 0   -43.9 0   107.8 0    10.5 0    59.2 0     3.1 0   241.9 0   900.2 0
 2026   7  1  7 22 56 22.933  73.23   323.4 0    72.3 0   489.1 0   196.7 0   331.6 0   284.869 0   284.962 0   376.9 0   283.504 0   283.691 0    11.0 0   151.7 0   265.6 0   -45.3 0   220.3 0    10.4 0    57.5 0     2.8 0   225.6 0   900.1 0
 2026   7  1  7 22 57 22.950  73.37   404.4 0    95.8 0   676.0 0   230.5 0   329.9 0   284.933 0   285.084 0   379.8 0   283.542 0   283.798 0    11.8 0   183.8 0   328.1 0   -49.9 0   278.2 0    10.4 0    57.7 0     3.3 0   227.4 0   900.2 0
 2026   7  1  7 22 58 22.967  73.51   442.8 0   103.6 0   779.4 0   246.7 0   327.1 0   285.031 0   285.215 0   381.2 0   283.590 0   283.877 0    12.3 0   198.7 0   364.4 0   -54.1 0   310.3 0    10.4 0    57.6 0     4.1 0   222.9 0   900.1 0
 2026   7  1  7 22 59 22.983  73.65   370.5 0    81.3 0   539.2 0   243.2 0   323.8 0   285.155 0   285.386 0   381.6 0   283.639 0   283.925 0    12.3 0   166.2 0   313.6 0   -57.9 0   255.7 0    10.4 0    58.4 0     3.7 0   226.1 0   900.1 0
 2026   7  1  7 23  0 23.000  73.79   276.5 0    56.1 0   234.3 0   228.0 0   318.5 0   285.270 0   285.409 0   379.6 0   283.681 0   283.900 0    11.9 0   126.0 0   237.4 0   -61.1 0   176.3 0    10.4 0    57.5 0     4.0 0   228.6 0   900.1 0
 2026   7  1  7 23  1 23.017  73.94   241.1 0    52.6 0   164.0 0   207.9 0   314.0 0   285.332 0   285.389 0   377.8 0   283.700 0   283.866 0    11.5 0   111.9 0   200.7 0   -63.7 0   136.9 0    10.3 0    57.6 0     3.1 0   225.9 0   900.1 0
 2026   7  1  7 23  2 23.033  74.08   273.5 0    60.1 0   365.8 0   190.7 0   311.8 0   285.358 0   285.362 0   377.8 0   283.715 0   283.884 0    11.4 0   127.2 0   230.9 0   -66.0 0   164.9 0    10.3 0    58.8 0     3.1 0   213.6 0   900.0 0
 2026   7  1  7 23  3 23.050  74.22   300.1 0    61.1 0   523.2 0   182.3 0   312.7 0   285.389 0   285.425 0   378.5 0   283.738 0   283.939 0    11.3 0   137.8 0   263.5 0   -65.8 0   197.7 0    10.4 0    58.9 0     3.2 0   228.5 0   900.0 0
 2026   7  1  7 23  4 23.067  74.36   224.7 0    48.6 0   208.7 0   183.2 0   313.9 0   285.435 0   285.395 0   377.4 0   283.768 0   283.937 0    10.9 0   104.8 0   190.9 0   -63.5 0   127.4 0    10.5 0    57.7 0     3.3 0   223.0 0   900.0 0
 2026   7  1  7 23  5 23.083  74.51   242.0 0    52.2 0   248.2 0   186.7 0   315.2 0   285.447 0   285.370 0   376.6 0   283.781 0   283.929 0    10.7 0   113.1 0   200.8 0   -61.4 0   139.4 0    10.4 0    56.7 0     3.1 0   225.6 0   900.0 0
 2026   7  1  7 23  6 23.100  74.65   192.7 0    38.9 0    85.7 0   182.8 0   315.2 0   285.440 0   285.361 0   376.4 0   283.792 0   283.934 0    10.1 0    88.5 0   166.6 0   -61.2 0   105.4 0    10.4 0    58.7 0     2.3 0   225.3 0   900.0 0
 2026   7  1  7 23  7 23.117  74.79   198.9 0    40.9 0   150.1 0   172.2 0   315.2 0   285.418 0   285.319 0   375.9 0   283.805 0   283.940 0     9.7 0    93.0 0   170.7 0   -60.7 0   110.0 0    10.4 0    58.0 0     3.5 0   225.0 0   900.0 0
 2026   7  1  7 23  8 23.133  74.94   183.9 0    40.4 0    79.0 0   169.4 0   316.5 0   285.391 0   285.292 0   374.8 0   283.806 0   283.918 0     9.3 0    86.2 0   149.6 0   -58.3 0    91.2 0    10.3 0    56.9 0     3.3 0   234.6 0   900.0 0
 2026   7  1  7 23  9 23.150  75.08   194.4 0    41.7 0   165.1 0   160.9 0   318.7 0   285.355 0   285.244 0   374.9 0   283.801 0   283.919 0     9.0 0    90.8 0   161.8 0   -56.2 0   105.6 0    10.3 0    59.1 0     3.3 0   215.3 0   900.0 0
 2026   7  1  7 23 10 23.167  75.23   163.5 0    35.1 0    93.7 0   146.5 0   319.6 0   285.322 0   285.236 0   374.0 0   283.794 0   283.895 0     8.6 0    75.8 0   135.2 0   -54.4 0    80.8 0    10.2 0    58.3 0     4.0 0   212.7 0   900.0 0
 2026   7  1  7 23 11 23.183  75.38   139.2 0    29.4 0    59.8 0   130.9 0   317.2 0   285.290 0   285.148 0   372.5 0   283.774 0   283.851 0     8.3 0    64.7 0   116.6 0   -55.4 0    61.2 0    10.1 0    58.1 0     4.0 0   217.8 0   900.0 0
 2026   7  1  7 23 12 23.200  75.52   149.7 0    32.8 0   133.2 0   124.0 0   313.2 0   285.241 0   285.054 0   371.7 0   283.745 0   283.817 0     8.3 0    70.4 0   124.4 0   -58.5 0    65.9 0    10.0 0    58.2 0     3.0 0   237.7 0   900.0 0
 2026   7  1  7 23 13 23.217  75.67   158.1 0    34.0 0   153.3 0   127.5 0   308.9 0   285.184 0   284.984 0   371.9 0   283.725 0   283.815 0     8.4 0    74.3 0   131.4 0   -63.0 0    68.4 0    10.0 0    59.3 0     1.9 0   232.6 0   900.0 0
 2026   7  1  7 23 14 23.233  75.82   160.0 0    35.0 0   130.6 0   135.1 0   305.4 0   285.132 0   284.973 0   372.0 0   283.717 0   283.818 0     8.5 0    74.4 0   132.1 0   -66.5 0    65.6 0    10.1 0    59.2 0     2.4 0   228.0 0   900.0 0
 2026   7  1  7 23 15 23.250  75.96   187.9 0    40.4 0   230.1 0   142.6 0   303.6 0   285.092 0   284.983 0   371.8 0   283.711 0   283.813 0     8.6 0    87.4 0   158.0 0   -68.1 0    89.8 0    10.2 0    58.1 0     3.5 0   230.7 0   900.0 0
 2026   7  1  7 23 16 23.267  76.11   163.5 0    33.7 0    80.0 0   152.6 0   302.8 0   285.073 0   284.992 0   371.0 0   283.698 0   283.791 0     8.6 0    74.8 0   138.0 0   -68.2 0    69.9 0    10.1 0    57.0 0     3.6 0   225.6 0   899.9 0
 2026   7  1  7 23 17 23.283  76.26   175.2 0    39.4 0    76.9 0   163.0 0   302.7 0   285.051 0   284.956 0   370.8 0   283.678 0   283.778 0     8.6 0    81.0 0   141.8 0   -68.1 0    73.7 0    10.0 0    57.3 0     3.0 0   224.0 0   899.9 0
 2026   7  1  7 23 18 23.300  76.41   223.7 0    53.0 0   269.0 0   169.8 0   302.7 0   285.025 0   284.943 0   371.9 0   283.666 0   283.798 0     8.7 0   102.8 0   180.0 0   -69.2 0   110.8 0    10.1 0    57.3 0     2.5 0   222.3 0   899.9 0
 2026   7  1  7 23 19 23.317  76.56   244.9 0    57.3 0   381.5 0   171.3 0   302.6 0   285.011 0   284.948 0   372.6 0   283.665 0   283.812 0     8.6 0   112.7 0   202.6 0   -70.0 0   132.6 0    10.1 0    57.4 0     3.2 0   224.8 0   899.9 0
 2026   7  1  7 23 20 23.333  76.71   233.6 0    52.9 0   329.7 0   172.2 0   301.9 0   285.017 0   284.954 0   373.1 0   283.670 0   283.830 0     8.5 0   107.4 0   195.1 0   -71.2 0   123.9 0    10.2 0    57.3 0     2.2 0   229.1 0   899.9 0
 2026   7  1  7 23 21 23.350  76.86   213.9 0    47.8 0   255.5 0   169.2 0   301.6 0   285.020 0   284.938 0   373.1 0   283.678 0   283.829 0     8.3 0    99.1 0   179.6 0   -71.5 0   108.0 0    10.2 0    57.0 0     2.0 0   221.8 0   899.9 0
 2026   7  1  7 23 22 23.367  77.01   237.7 0    55.2 0   394.3 0   166.6 0   301.4 0   285.019 0   284.966 0   373.7 0   283.689 0   283.852 0     8.2 0   110.5 0   200.0 0   -72.3 0   127.8 0    10.4 0    57.7 0     2.7 0   227.7 0   899.9 0
 2026   7  1  7 23 23 23.383  77.16   216.0 0    50.0 0   309.7 0   161.8 0   300.2 0   285.032 0   284.953 0   373.6 0   283.705 0   283.867 0     8.0 0   101.1 0   180.6 0   -73.4 0   107.2 0    10.4 0    56.9 0     2.6 0   225.3 0   899.9 0
 2026   7  1  7 23 24 23.400  77.31   268.0 0    65.6 0   598.9 0   158.7 0   298.7 0   285.046 0   284.971 0   374.1 0   283.714 0   283.885 0     8.0 0   125.4 0   224.7 0   -75.4 0   149.2 0    10.4 0    56.8 0     2.3 0   212.3 0   899.9 0
 2026   7  1  7 23 25 23.417  77.46   242.7 0    57.2 0   493.7 0   155.2 0   297.3 0   285.075 0   284.975 0   374.6 0   283.730 0   283.913 0     7.8 0   111.7 0   205.1 0   -77.2 0   127.9 0    10.4 0    56.8 0     2.3 0   202.9 0   899.9 0
 2026   7  1  7 23 26 23.433  77.62   160.1 0    34.3 0    90.4 0   149.6 0   296.3 0   285.095 0   284.985 0   373.4 0   283.747 0   283.894 0     7.5 0    74.5 0   134.7 0   -77.1 0    57.6 0    10.5 0    58.6 0     1.8 0   208.4 0   899.9 0
 2026   7  1  7 23 27 23.450  77.77   148.2 0    31.4 0    52.6 0   144.6 0   295.1 0   285.082 0   284.939 0   371.8 0   283.755 0   283.853 0     7.3 0    69.3 0   124.4 0   -76.7 0    47.7 0    10.5 0    57.1 0     3.3 0   215.4 0   899.8 0
 2026   7  1  7 23 28 23.467  77.92   153.0 0    33.7 0    99.6 0   140.2 0   294.0 0   285.052 0   284.921 0   371.0 0   283.747 0   283.840 0     7.1 0    71.3 0   127.4 0   -77.0 0    50.4 0    10.4 0    58.8 0     3.0 0   215.9 0   899.8 0
 2026   7  1  7 23 29 23.483  78.07   136.1 0    28.9 0    36.3 0   135.0 0   293.1 0   285.020 0   284.864 0   370.0 0   283.739 0   283.815 0     6.9 0    62.9 0   113.7 0   -76.9 0    36.7 0    10.3 0    56.2 0     3.7 0   224.4 0   899.9 0
 2026   7  1  7 23 30 23.500  78.23   131.5 0    27.9 0    35.5 0   130.2 0   292.1 0   284.979 0   284.790 0   369.0 0   283.718 0   283.788 0     6.7 0    60.8 0   109.6 0   -77.0 0    32.6 0    10.1 0    56.1 0     2.4 0   221.6 0   899.9 0
 2026   7  1  7 23 31 23.517  78.38   136.8 0    29.8 0    82.8 0   126.7 0   292.1 0   284.926 0   284.738 0   368.9 0   283.701 0   283.774 0     6.5 0    63.4 0   113.6 0   -76.8 0    36.7 0    10.1 0    57.2 0     2.4 0   219.0 0   899.9 0
 2026   7  1  7 23 32 23.533  78.54   137.6 0    29.9 0   103.9 0   123.6 0   292.4 0   284.875 0   284.692 0   368.5 0   283.684 0   283.754 0     6.4 0    63.4 0   114.3 0   -76.2 0    38.2 0    10.1 0    56.7 0     3.4 0   220.0 0   899.9 0
 2026   7  1  7 23 33 23.550  78.69   127.3 0    27.1 0    56.3 0   121.2 0   293.3 0   284.827 0   284.650 0   368.0 0   283.659 0   283.716 0     6.2 0    58.3 0   105.1 0   -74.7 0    30.4 0    10.1 0    57.8 0     3.7 0   223.5 0   899.9 0
 2026   7  1  7 23 34 23.567  78.85   123.6 0    26.1 0    45.8 0   119.1 0   294.1 0   284.783 0   284.615 0   367.6 0   283.636 0   283.701 0     6.0 0    56.4 0   101.9 0   -73.5 0    28.4 0    10.1 0    56.0 0     3.4 0   238.4 0   899.9 0
 2026   7  1  7 23 35 23.583  79.00   119.4 0    25.2 0    40.7 0   115.9 0   295.3 0   284.737 0   284.564 0   367.1 0   283.613 0   283.673 0     5.8 0    54.3 0    98.5 0   -71.8 0    26.7 0    10.1 0    55.4 0     3.5 0   234.8 0   899.9 0
 2026   7  1  7 23 36 23.600  79.16   114.7 0    24.1 0    37.8 0   111.8 0   296.8 0   284.694 0   284.555 0   366.9 0   283.587 0   283.652 0     5.6 0    52.1 0    94.8 0   -70.1 0    24.7 0    10.0 0    56.8 0     2.7 0   224.7 0   899.9 0
 2026   7  1  7 23 37 23.617  79.31   109.2 0    22.9 0    34.8 0   106.8 0   297.6 0   284.657 0   284.513 0   366.7 0   283.564 0   283.621 0     5.4 0    49.6 0    90.3 0   -69.1 0    21.2 0    10.0 0    57.0 0     3.4 0   226.0 0   899.9 0
 2026   7  1  7 23 38 23.633  79.47   102.1 0    21.3 0    22.3 0   101.7 0   298.1 0   284.617 0   284.460 0   366.2 0   283.538 0   283.582 0     5.1 0    46.4 0    84.5 0   -68.1 0    16.4 0    10.0 0    56.9 0     3.5 0   222.1 0   899.9 0
 2026   7  1  7 23 39 23.650  79.63    97.2 0    20.4 0    21.0 0    97.1 0   298.7 0   284.572 0   284.406 0   365.7 0   283.508 0   283.555 0     4.9 0    44.4 0    80.5 0   -67.1 0    13.4 0    10.0 0    55.6 0     3.6 0   220.3 0   899.9 0
 2026   7  1  7 23 40 23.667  79.78    95.0 0    20.1 0    30.4 0    93.4 0   299.2 0   284.525 0   284.352 0   365.4 0   283.478 0   283.525 0     4.7 0    43.5 0    78.8 0   -66.2 0    12.6 0    10.0 0    57.3 0     3.3 0   228.2 0   899.9 0
 2026   7  1  7 23 41 23.683  79.94    91.4 0    19.1 0    22.2 0    91.1 0   299.8 0   284.479 0   284.308 0   365.4 0   283.452 0   283.501 0     4.6 0    41.9 0    75.9 0   -65.6 0    10.3 0    10.0 0    57.8 0     3.1 0   224.8 0   899.9 0
 2026   7  1  7 23 42 23.700  80.10    91.9 0    19.7 0    27.8 0    90.6 0   300.7 0   284.436 0   284.281 0   365.2 0   283.429 0   283.480 0     4.4 0    42.3 0    75.7 0   -64.5 0    11.2 0    10.0 0    57.0 0     3.0 0   224.3 0   899.9 0
 2026   7  1  7 23 43 23.717  80.26   101.2 0    22.4 0    81.2 0    92.1 0   301.7 0   284.398 0   284.248 0   365.1 0   283.408 0   283.462 0     4.3 0    46.5 0    83.4 0   -63.4 0    20.0 0    10.1 0    55.2 0     3.4 0   222.3 0   899.9 0
 2026   7  1  7 23 44 23.733  80.41   104.3 0    23.1 0    88.2 0    94.2 0   302.5 0   284.368 0   284.237 0   365.1 0   283.386 0   283.446 0     4.2 0    47.7 0    85.8 0   -62.6 0    23.3 0    10.0 0    55.9 0     3.2 0   222.6 0   899.9 0
 2026   7  1  7 23 45 23.750  80.57   100.8 0    21.6 0    50.1 0    96.1 0   303.1 0   284.343 0   284.220 0   364.8 0   283.363 0   283.416 0     4.1 0    45.7 0    82.7 0   -61.7 0    21.0 0    10.0 0    56.1 0     3.5 0   222.3 0   899.9 0
 2026   7  1  7 23 46 23.767  80.73    96.8 0    20.2 0    12.1 0    97.2 0   303.2 0   284.317 0   284.189 0   364.5 0   283.337 0   283.390 0     4.1 0    43.7 0    79.0 0   -61.3 0    17.8 0     9.9 0    57.6 0     3.4 0   218.8 0   899.9 0
 2026   7  1  7 23 47 23.783  80.89    97.2 0    20.2 0    12.5 0    97.6 0   303.5 0   284.285 0   284.154 0   364.5 0   283.313 0   283.366 0     3.9 0    43.7 0    79.4 0   -61.0 0    18.4 0     9.9 0    58.2 0     3.5 0   226.5 0   899.9 0
 2026   7  1  7 23 48 23.800  81.05    94.7 0    19.6 0     4.8 0    96.3 0   303.1 0   284.250 0   284.111 0   364.2 0   283.289 0   283.341 0     3.8 0    42.5 0    77.5 0   -61.1 0    16.4 0     9.9 0    58.0 0     3.5 0   231.4 0   899.9 0
 2026   7  1  7 23 49 23.817  81.21    90.8 0    18.7 0     2.1 0    93.0 0   302.8 0   284.212 0   284.072 0   364.0 0   283.265 0   283.317 0     3.7 0    40.8 0    74.7 0   -61.2 0    13.4 0     9.9 0    58.4 0     3.5 0   222.2 0   900.0 0
 2026   7  1  7 23 50 23.833  81.37    86.9 0    17.9 0     1.3 0    89.3 0   302.3 0   284.175 0   284.045 0   363.7 0   283.241 0   283.291 0     3.6 0    39.1 0    71.5 0   -61.4 0    10.1 0     9.9 0    59.1 0     3.3 0   222.2 0   900.0 0
 2026   7  1  7 23 51 23.850  81.53    83.5 0    17.2 0     1.0 0    85.9 0   301.4 0   284.140 0   284.005 0   363.4 0   283.216 0   283.267 0     3.5 0    37.7 0    68.8 0   -62.0 0     6.8 0     9.8 0    60.0 0     3.1 0   221.1 0   900.0 0
 2026   7  1  7 23 52 23.867  81.69    80.2 0    16.5 0     1.2 0    82.5 0   300.4 0   284.103 0   283.966 0   363.3 0   283.192 0   283.242 0     3.4 0    36.2 0    66.2 0   -62.9 0     3.3 0     9.8 0    60.7 0     2.8 0   210.2 0   899.9 0
 2026   7  1  7 23 53 23.883  81.85    76.2 0    15.7 0     0.9 0    78.6 0   299.4 0   284.065 0   283.925 0   363.0 0   283.171 0   283.218 0     3.3 0    34.5 0    63.1 0   -63.6 0    -0.5 0     9.8 0    60.4 0     3.1 0   225.1 0   899.9 0
 2026   7  1  7 23 54 23.900  82.01    71.4 0    14.6 0     0.6 0    73.9 0   298.5 0   284.031 0   283.891 0   362.8 0   283.151 0   283.199 0     3.2 0    32.5 0    59.3 0   -64.3 0    -5.0 0     9.9 0    60.1 0     2.8 0   220.3 0   899.9 0
 2026   7  1  7 23 55 23.917  82.18    66.5 0    13.7 0     0.2 0    69.1 0   298.2 0   283.995 0   283.835 0   362.3 0   283.130 0   283.175 0     3.1 0    30.4 0    55.4 0   -64.2 0    -8.7 0     9.9 0    58.9 0     2.9 0   222.9 0   899.9 0
 2026   7  1  7 23 56 23.933  82.34    62.3 0    12.8 0     0.0 0    64.8 0   298.6 0   283.957 0   283.785 0   362.0 0   283.108 0   283.150 0     3.0 0    28.7 0    52.0 0   -63.4 0   -11.4 0     9.9 0    59.5 0     2.8 0   225.3 0   899.9 0
 2026   7  1  7 23 57 23.950  82.50    58.3 0    12.0 0     0.0 0    60.8 0   300.2 0   283.918 0   283.744 0   361.8 0   283.086 0   283.124 0     2.9 0    27.0 0    48.9 0   -61.5 0   -12.7 0     9.8 0    59.8 0     3.3 0   229.1 0   900.0 0
 2026   7  1  7 23 58 23.967  82.66    54.7 0    11.3 0    -0.1 0    57.1 0   302.1 0   283.879 0   283.704 0   361.5 0   283.061 0   283.096 0     2.8 0    25.4 0    45.8 0   -59.4 0   -13.6 0     9.8 0    59.7 0     3.1 0   232.3 0   900.0 0
 2026   7  1  7 23 59 23.983  82.82    52.2 0    10.8 0    -0.1 0    54.5 0   302.7 0   283.841 0   283.669 0   361.3 0   283.037 0   283.074 0     2.7 0    24.2 0    43.7 0   -58.6 0   -14.8 0     9.8 0    60.5 0     2.7 0   227.0 0   900.0 0
