 Desert Rock
   36.624 -116.019 1007 m version 1
 2026 195  7 14  0  0  0.000  55.49   682.3 0   148.0 0   738.9 0   277.9 0   409.9 0   305.685 0   305.773 0   533.3 0   304.370 0   304.733 0    73.7 0   311.7 0   548.5 0  -123.4 0   425.0 0    30.8 0    30.8 0     5.3 0   271.3 0   903.5 0
 2026 195  7 14  0  1  0.017  55.69   687.6 0   148.9 0   751.9 0   278.7 0   408.8 0   305.785 0   305.888 0   538.8 0   304.448 0   304.858 0    75.0 0   314.7 0   553.6 0  -130.0 0   423.6 0    30.9 0    30.7 0     3.3 0   265.0 0   903.5 0
 2026 195  7 14  0  2  0.033  55.89   683.8 0   147.6 0   754.5 0   276.8 0   407.2 0   305.893 0   305.962 0   542.8 0   304.549 0   304.968 0    75.2 0   313.1 0   552.2 0  -135.5 0   416.7 0    31.1 0    30.3 0     3.2 0   271.7 0   903.5 0
 2026 195  7 14  0  3  0.050  56.09   663.9 0   143.5 0   736.5 0   270.6 0   407.4 0   306.001 0   306.126 0   545.6 0   304.656 0   305.091 0    74.0 0   304.8 0   537.9 0  -138.2 0   399.7 0    31.2 0    30.2 0     4.3 0   253.2 0   903.4 0
 2026 195  7 14  0  4  0.067  56.29   610.4 0   129.2 0   662.1 0   262.0 0   405.9 0   306.131 0   306.269 0   545.8 0   304.770 0   305.184 0    70.7 0   280.9 0   500.3 0  -139.9 0   360.4 0    31.4 0    29.8 0     3.7 0   241.1 0   903.4 0
 2026 195  7 14  0  5  0.083  56.49   417.5 0    87.4 0   324.2 0   251.4 0   404.2 0   306.247 0   306.295 0   542.4 0   304.859 0   305.163 0    61.0 0   199.2 0   343.0 0  -138.2 0   204.8 0    31.3 0    29.8 0     3.3 0   218.4 0   903.4 0
 2026 195  7 14  0  6  0.100  56.69   364.5 0    77.5 0   256.7 0   236.9 0   404.1 0   306.318 0   306.322 0   540.6 0   304.926 0   305.194 0    56.9 0   176.1 0   300.3 0  -136.4 0   163.9 0    31.2 0    30.1 0     2.4 0   236.5 0   903.4 0
 2026 195  7 14  0  7  0.117  56.89   404.0 0    86.8 0   358.3 0   221.7 0   402.3 0   306.377 0   306.379 0   538.1 0   304.996 0   305.243 0    57.7 0   194.4 0   330.7 0  -135.8 0   194.9 0    31.3 0    30.0 0     3.9 0   248.3 0   903.4 0
 2026 195  7 14  0  8  0.133  57.09   476.7 0   104.6 0   512.4 0   210.8 0   401.9 0   306.429 0   306.321 0   539.3 0   305.051 0   305.319 0    60.4 0   226.6 0   384.5 0  -137.5 0   247.0 0    31.2 0    30.2 0     2.2 0   253.5 0   903.4 0
 2026 195  7 14  0  9  0.150  57.29   571.0 0   125.5 0   714.2 0   200.4 0   403.0 0   306.469 0   306.372 0   545.4 0   305.129 0   305.460 0    64.0 0   266.0 0   460.7 0  -142.4 0   318.3 0    31.4 0    30.0 0     1.5 0   264.8 0   903.4 0
 2026 195  7 14  0 10  0.167  57.49   575.3 0   125.8 0   753.2 0   189.1 0   403.9 0   306.533 0   306.483 0   548.2 0   305.241 0   305.622 0    64.1 0   266.2 0   468.0 0  -144.3 0   323.7 0    31.8 0    29.2 0     3.5 0   287.4 0   903.4 0
 2026 195  7 14  0 11  0.183  57.69   562.8 0   123.6 0   751.5 0   179.7 0   403.1 0   306.624 0   306.589 0   545.6 0   305.348 0   305.683 0    63.1 0   261.1 0   457.7 0  -142.4 0   315.3 0    31.9 0    28.6 0     6.2 0   268.3 0   903.4 0
 2026 195  7 14  0 12  0.200  57.89   554.9 0   122.3 0   750.3 0   174.3 0   402.3 0   306.724 0   306.631 0   543.4 0   305.418 0   305.711 0    62.2 0   257.7 0   450.7 0  -141.1 0   309.7 0    31.7 0    28.9 0     7.1 0   266.9 0   903.3 0
 2026 195  7 14  0 13  0.217  58.09   547.4 0   121.2 0   746.9 0   170.6 0   402.1 0   306.813 0   306.667 0   543.5 0   305.451 0   305.738 0    61.1 0   254.4 0   444.2 0  -141.4 0   302.8 0    31.5 0    29.2 0     6.8 0   270.3 0   903.3 0
 2026 195  7 14  0 14  0.233  58.29   541.9 0   120.2 0   743.4 0   168.8 0   400.7 0   306.891 0   306.712 0   542.7 0   305.487 0   305.766 0    60.2 0   251.9 0   439.3 0  -142.0 0   297.3 0    31.5 0    29.1 0     6.3 0   274.1 0   903.3 0
 2026 195  7 14  0 15  0.250  58.49   536.6 0   118.9 0   738.3 0   168.1 0   400.4 0   306.950 0   306.701 0   543.6 0   305.518 0   305.818 0    59.1 0   249.4 0   435.1 0  -143.2 0   291.8 0    31.5 0    29.2 0     4.4 0   257.6 0   903.3 0
 2026 195  7 14  0 16  0.267  58.69   534.2 0   118.0 0   735.8 0   168.9 0   400.9 0   306.987 0   306.720 0   546.4 0   305.572 0   305.899 0    58.3 0   248.3 0   433.3 0  -145.5 0   287.7 0    31.7 0    28.9 0     3.5 0   274.3 0   903.3 0
 2026 195  7 14  0 17  0.283  58.89   533.0 0   118.0 0   732.9 0   171.7 0   402.3 0   307.026 0   306.852 0   544.7 0   305.636 0   305.917 0    57.5 0   247.5 0   432.3 0  -142.4 0   289.9 0    31.8 0    28.6 0     6.8 0   258.0 0   903.3 0
 2026 195  7 14  0 18  0.300  59.09   527.9 0   117.7 0   720.5 0   175.1 0   401.7 0   307.084 0   306.880 0   542.8 0   305.665 0   305.915 0    56.5 0   244.6 0   427.4 0  -141.0 0   286.4 0    31.7 0    28.9 0     6.7 0   241.7 0   903.3 0
 2026 195  7 14  0 19  0.317  59.29   526.9 0   117.9 0   718.3 0   177.4 0   403.6 0   307.140 0   307.016 0   542.9 0   305.674 0   305.918 0    55.8 0   244.2 0   426.3 0  -139.3 0   287.0 0    31.4 0    29.4 0     5.3 0   236.0 0   903.3 0
 2026 195  7 14  0 20  0.333  59.49   528.9 0   118.2 0   721.8 0   179.7 0   402.2 0   307.210 0   307.022 0   544.7 0   305.690 0   305.966 0    55.4 0   245.5 0   427.9 0  -142.5 0   285.3 0    31.3 0    29.5 0     4.6 0   241.1 0   903.2 0
 2026 195  7 14  0 21  0.350  59.69   530.7 0   118.2 0   725.6 0   181.9 0   403.6 0   307.255 0   307.058 0   546.3 0   305.731 0   306.031 0    55.1 0   246.5 0   429.9 0  -142.7 0   287.2 0    31.4 0    29.4 0     4.2 0   241.4 0   903.2 0
 2026 195  7 14  0 22  0.367  59.89   530.1 0   118.1 0   722.6 0   184.9 0   405.2 0   307.299 0   307.128 0   545.2 0   305.784 0   306.072 0    54.5 0   246.2 0   429.3 0  -140.1 0   289.2 0    31.6 0    28.9 0     7.3 0   242.7 0   903.2 0
 2026 195  7 14  0 23  0.383  60.09   528.9 0   118.2 0   720.2 0   187.5 0   404.6 0   307.356 0   307.203 0   543.3 0   305.813 0   306.071 0    53.9 0   245.6 0   428.4 0  -138.7 0   289.7 0    31.6 0    28.9 0     7.4 0   252.0 0   903.2 0
 2026 195  7 14  0 24  0.400  60.29   524.6 0   117.4 0   712.8 0   188.8 0   404.5 0   307.417 0   307.243 0   542.7 0   305.813 0   306.048 0    53.1 0   243.3 0   424.7 0  -138.1 0   286.6 0    31.3 0    29.4 0     6.1 0   257.6 0   903.2 0
 2026 195  7 14  0 25  0.417  60.49   518.2 0   115.7 0   704.3 0   188.5 0   403.9 0   307.463 0   307.194 0   544.9 0   305.817 0   306.077 0    52.2 0   240.1 0   419.8 0  -141.0 0   278.8 0    31.3 0    29.2 0     3.2 0   253.9 0   903.2 0
 2026 195  7 14  0 26  0.433  60.69   516.6 0   114.9 0   704.2 0   189.0 0   406.6 0   307.484 0   307.281 0   546.6 0   305.849 0   306.129 0    51.5 0   239.5 0   418.9 0  -140.0 0   278.8 0    31.5 0    29.1 0     3.6 0   251.3 0   903.1 0
 2026 195  7 14  0 27  0.450  60.89   516.4 0   115.1 0   702.4 0   191.8 0   406.8 0   307.527 0   307.422 0   546.2 0   305.896 0   306.174 0    50.8 0   239.7 0   418.4 0  -139.4 0   279.0 0    31.6 0    28.8 0     5.8 0   283.6 0   903.1 0
 2026 195  7 14  0 28  0.467  61.09   481.3 0   105.8 0   629.1 0   192.8 0   405.6 0   307.586 0   307.360 0   544.3 0   305.921 0   306.149 0    49.2 0   224.1 0   391.1 0  -138.7 0   252.5 0    31.5 0    28.9 0     5.6 0   293.1 0   903.1 0
 2026 195  7 14  0 29  0.483  61.29   427.8 0    94.7 0   518.7 0   191.9 0   407.4 0   307.611 0   307.381 0   543.8 0   305.929 0   306.171 0    47.1 0   202.6 0   346.5 0  -136.4 0   210.0 0    31.6 0    29.0 0     5.6 0   263.7 0   903.1 0
 2026 195  7 14  0 30  0.500  61.48   458.4 0   103.9 0   580.6 0   194.5 0   406.9 0   307.629 0   307.410 0   542.1 0   305.939 0   306.154 0    47.1 0   215.6 0   367.7 0  -135.2 0   232.6 0    31.6 0    28.8 0     5.9 0   261.3 0   903.1 0
 2026 195  7 14  0 31  0.517  61.68   348.1 0    79.0 0   342.9 0   193.5 0   406.5 0   307.644 0   307.397 0   540.0 0   305.932 0   306.120 0    43.4 0   163.5 0   277.2 0  -133.5 0   143.7 0    31.5 0    28.9 0     5.1 0   257.9 0   903.0 0
 2026 195  7 14  0 32  0.533  61.88   225.3 0    46.4 0    76.5 0   194.5 0   406.2 0   307.621 0   307.311 0   535.5 0   305.910 0   306.026 0    39.5 0   113.4 0   184.2 0  -129.2 0    54.9 0    31.4 0    29.1 0     4.1 0   251.5 0   903.0 0
 2026 195  7 14  0 33  0.550  62.08   241.6 0    52.8 0   115.0 0   196.7 0   407.1 0   307.566 0   307.323 0   534.7 0   305.888 0   306.007 0    39.1 0   119.7 0   197.8 0  -127.5 0    70.3 0    31.5 0    29.1 0     3.4 0   244.6 0   903.0 0
 2026 195  7 14  0 34  0.567  62.28   232.2 0    52.9 0    82.6 0   197.4 0   406.9 0   307.513 0   307.235 0   531.0 0   305.869 0   305.951 0    38.3 0   116.4 0   182.9 0  -124.1 0    58.8 0    31.5 0    29.1 0     5.3 0   244.3 0   903.0 0
 2026 195  7 14  0 35  0.583  62.48   366.8 0    88.8 0   382.3 0   200.0 0   407.7 0   307.456 0   307.241 0   531.9 0   305.832 0   305.945 0    41.3 0   176.2 0   288.0 0  -124.2 0   163.8 0    31.4 0    29.3 0     6.0 0   262.2 0   903.0 0
 2026 195  7 14  0 36  0.600  62.68   485.2 0   110.9 0   652.7 0   201.6 0   406.5 0   307.439 0   307.216 0   535.0 0   305.810 0   306.006 0    43.8 0   224.6 0   390.2 0  -128.5 0   261.7 0    31.4 0    29.2 0     5.4 0   261.3 0   902.9 0
 2026 195  7 14  0 37  0.617  62.88   480.3 0   109.0 0   656.5 0   198.9 0   408.6 0   307.438 0   307.238 0   537.7 0   305.804 0   306.042 0    43.5 0   222.5 0   389.2 0  -129.2 0   260.0 0    31.3 0    29.3 0     4.6 0   255.7 0   902.9 0
 2026 195  7 14  0 38  0.633  63.07   483.2 0   109.0 0   671.7 0   197.7 0   408.9 0   307.466 0   307.334 0   540.7 0   305.820 0   306.101 0    43.2 0   224.8 0   392.9 0  -131.8 0   261.0 0    31.6 0    28.8 0     4.9 0   251.8 0   902.9 0
 2026 195  7 14  0 39  0.650  63.27   479.3 0   108.1 0   668.5 0   197.5 0   407.3 0   307.504 0   307.296 0   541.4 0   305.858 0   306.124 0    42.6 0   222.8 0   390.1 0  -134.2 0   255.9 0    31.8 0    27.9 0     4.6 0   251.2 0   902.9 0
 2026 195  7 14  0 40  0.667  63.47   455.8 0   105.9 0   612.9 0   197.0 0   408.0 0   307.522 0   307.284 0   541.6 0   305.896 0   306.162 0    41.3 0   211.8 0   364.9 0  -133.6 0   231.3 0    31.9 0    27.8 0     4.2 0   251.2 0   902.9 0
 2026 195  7 14  0 41  0.683  63.67   465.3 0   105.3 0   643.6 0   198.3 0   408.6 0   307.543 0   307.389 0   542.0 0   305.924 0   306.181 0    40.7 0   215.1 0   378.5 0  -133.4 0   245.2 0    31.8 0    28.2 0     3.6 0   243.5 0   902.8 0
 2026 195  7 14  0 42  0.700  63.87   442.9 0    94.1 0   606.0 0   198.0 0   407.7 0   307.575 0   307.354 0   541.8 0   305.960 0   306.208 0    39.5 0   205.0 0   370.8 0  -134.1 0   236.7 0    31.8 0    27.9 0     3.8 0   246.5 0   902.8 0
 2026 195  7 14  0 43  0.717  64.07   460.5 0   105.6 0   636.7 0   199.8 0   408.5 0   307.589 0   307.388 0   543.3 0   305.998 0   306.256 0    39.0 0   212.6 0   372.7 0  -134.8 0   237.9 0    32.0 0    27.1 0     5.8 0   233.6 0   902.8 0
 2026 195  7 14  0 44  0.733  64.26   446.4 0   102.1 0   599.8 0   202.7 0   407.0 0   307.612 0   307.372 0   540.8 0   306.035 0   306.259 0    37.9 0   205.7 0   361.0 0  -133.8 0   227.2 0    32.1 0    26.4 0     6.4 0   237.0 0   902.8 0
 2026 195  7 14  0 45  0.750  64.46   447.6 0   101.1 0   610.2 0   203.4 0   408.9 0   307.627 0   307.439 0   540.1 0   306.045 0   306.255 0    37.5 0   208.0 0   365.3 0  -131.3 0   234.1 0    31.9 0    27.1 0     6.7 0   236.1 0   902.8 0
 2026 195  7 14  0 46  0.767  64.66   460.8 0   105.5 0   653.2 0   201.6 0   408.3 0   307.659 0   307.485 0   539.6 0   306.054 0   306.266 0    37.5 0   214.1 0   375.7 0  -131.3 0   244.4 0    31.9 0    27.3 0     6.0 0   230.5 0   902.8 0
 2026 195  7 14  0 47  0.783  64.86   459.4 0   106.3 0   666.3 0   196.6 0   408.3 0   307.701 0   307.541 0   540.0 0   306.056 0   306.258 0    37.2 0   214.2 0   373.4 0  -131.7 0   241.8 0    31.7 0    27.1 0     5.2 0   225.1 0   902.8 0
 2026 195  7 14  0 48  0.800  65.06   452.5 0   104.5 0   665.3 0   192.2 0   409.7 0   307.752 0   307.637 0   541.7 0   306.071 0   306.313 0    36.5 0   211.6 0   368.2 0  -132.0 0   236.2 0    31.9 0    27.6 0     7.3 0   235.1 0   902.8 0
 2026 195  7 14  0 49  0.817  65.25   448.6 0   103.5 0   664.3 0   190.8 0   408.7 0   307.810 0   307.644 0   540.9 0   306.108 0   306.355 0    36.0 0   210.2 0   365.5 0  -132.2 0   233.3 0    32.1 0    28.0 0     5.2 0   265.3 0   902.8 0
 2026 195  7 14  0 50  0.833  65.45   444.7 0   102.6 0   660.8 0   190.6 0   409.2 0   307.863 0   307.708 0   540.9 0   306.137 0   306.371 0    35.4 0   208.4 0   362.5 0  -131.7 0   230.8 0    32.1 0    28.4 0     4.9 0   256.7 0   902.8 0
 2026 195  7 14  0 51  0.850  65.65   441.5 0   101.7 0   661.0 0   189.3 0   408.4 0   307.910 0   307.673 0   541.8 0   306.164 0   306.418 0    34.8 0   207.0 0   360.3 0  -133.4 0   226.9 0    32.1 0    28.0 0     5.2 0   252.6 0   902.8 0
 2026 195  7 14  0 52  0.867  65.85   435.3 0   100.5 0   659.4 0   186.1 0   407.8 0   307.941 0   307.730 0   540.4 0   306.188 0   306.402 0    34.2 0   204.1 0   355.4 0  -132.6 0   222.8 0    32.0 0    27.2 0     5.5 0   259.3 0   902.8 0
 2026 195  7 14  0 53  0.883  66.04   429.5 0    99.5 0   660.6 0   182.0 0   408.4 0   307.979 0   307.813 0   539.7 0   306.185 0   306.397 0    33.5 0   201.9 0   350.8 0  -131.2 0   219.5 0    31.9 0    27.4 0     5.1 0   254.6 0   902.8 0
 2026 195  7 14  0 54  0.900  66.24   425.0 0    98.7 0   662.2 0   179.2 0   406.2 0   308.022 0   307.745 0   538.9 0   306.182 0   306.376 0    32.8 0   200.3 0   347.3 0  -132.7 0   214.6 0    31.8 0    26.9 0     6.8 0   263.9 0   902.8 0
 2026 195  7 14  0 55  0.917  66.44   422.5 0    98.3 0   663.2 0   178.2 0   406.4 0   308.041 0   307.770 0   538.5 0   306.161 0   306.348 0    32.2 0   199.1 0   345.0 0  -132.1 0   212.9 0    31.7 0    27.1 0     6.1 0   257.2 0   902.8 0
 2026 195  7 14  0 56  0.933  66.63   421.3 0    98.0 0   661.7 0   179.3 0   405.8 0   308.054 0   307.705 0   538.2 0   306.144 0   306.329 0    31.6 0   198.5 0   343.7 0  -132.4 0   211.3 0    31.8 0    27.1 0     5.3 0   246.9 0   902.8 0
 2026 195  7 14  0 57  0.950  66.83   419.3 0    97.4 0   658.7 0   180.7 0   406.0 0   308.046 0   307.701 0   539.4 0   306.145 0   306.370 0    31.0 0   197.3 0   342.5 0  -133.4 0   209.2 0    31.9 0    27.0 0     5.1 0   244.0 0   902.8 0
 2026 195  7 14  0 58  0.967  67.03   411.2 0    95.5 0   645.7 0   179.9 0   406.3 0   308.035 0   307.685 0   540.0 0   306.165 0   306.389 0    30.4 0   193.6 0   336.4 0  -133.6 0   202.8 0    32.0 0    26.7 0     5.0 0   240.7 0   902.8 0
 2026 195  7 14  0 59  0.983  67.23   409.5 0    95.9 0   647.5 0   178.9 0   405.6 0   308.024 0   307.673 0   539.1 0   306.192 0   306.408 0    29.8 0   193.2 0   333.7 0  -133.5 0   200.2 0    32.1 0    26.3 0     5.5 0   243.7 0   902.8 0
 2026 195  7 14  1  0  1.000  67.42   413.9 0    96.6 0   665.9 0   178.6 0   406.2 0   308.013 0   307.711 0   539.9 0   306.212 0   306.441 0    29.2 0   195.2 0   337.7 0  -133.7 0   204.0 0    32.1 0    26.2 0     4.7 0   240.3 0   902.8 0
 2026 195  7 14  1  1  1.017  67.62   383.3 0    91.9 0   588.2 0   177.1 0   405.8 0   308.017 0   307.731 0   538.4 0   306.234 0   306.429 0    27.9 0   181.8 0   309.2 0  -132.6 0   176.6 0    32.1 0    25.9 0     6.0 0   230.5 0   902.8 0
 2026 195  7 14  1  2  1.033  67.82   319.5 0    72.1 0   436.6 0   173.0 0   405.0 0   308.022 0   307.738 0   536.4 0   306.231 0   306.407 0    26.1 0   151.4 0   265.8 0  -131.4 0   134.4 0    32.0 0    26.1 0     4.9 0   244.8 0   902.7 0
 2026 195  7 14  1  3  1.050  68.01   261.7 0    61.6 0   293.9 0   165.9 0   402.7 0   308.010 0   307.662 0   531.9 0   306.218 0   306.321 0    24.5 0   128.2 0   214.3 0  -129.3 0    85.1 0    31.9 0    26.2 0     6.2 0   240.3 0   902.7 0
 2026 195  7 14  1  4  1.067  68.21   207.3 0    45.3 0   169.3 0   158.6 0   401.5 0   307.968 0   307.613 0   528.6 0   306.169 0   306.226 0    23.0 0   102.0 0   176.1 0  -127.0 0    49.0 0    31.7 0    26.6 0     5.9 0   234.0 0   902.7 0
 2026 195  7 14  1  5  1.083  68.40   222.9 0    53.8 0   228.1 0   151.4 0   399.7 0   307.914 0   307.529 0   525.6 0   306.104 0   306.140 0    22.5 0   111.1 0   181.6 0  -125.9 0    55.7 0    31.5 0    26.7 0     6.1 0   237.4 0   902.7 0
 2026 195  7 14  1  6  1.100  68.60   280.4 0    68.9 0   405.6 0   147.0 0   398.5 0   307.844 0   307.411 0   525.7 0   306.043 0   306.116 0    22.8 0   136.6 0   226.1 0  -127.2 0    98.9 0    31.4 0    26.9 0     5.7 0   241.7 0   902.7 0
 2026 195  7 14  1  7  1.117  68.80   271.5 0    63.7 0   394.1 0   144.6 0   398.9 0   307.774 0   307.331 0   525.7 0   305.997 0   306.099 0    22.3 0   130.7 0   223.4 0  -126.9 0    96.5 0    31.4 0    27.1 0     5.0 0   236.7 0   902.6 0
 2026 195  7 14  1  8  1.133  68.99   220.9 0    50.7 0   253.1 0   142.6 0   399.3 0   307.706 0   307.288 0   523.9 0   305.956 0   306.031 0    21.4 0   108.6 0   182.6 0  -124.6 0    58.0 0    31.5 0    27.0 0     5.9 0   228.9 0   902.6 0
 2026 195  7 14  1  9  1.150  69.19   226.8 0    52.7 0   290.6 0   137.1 0   398.6 0   307.634 0   307.234 0   522.5 0   305.899 0   305.964 0    20.9 0   112.1 0   187.7 0  -123.9 0    63.8 0    31.4 0    27.1 0     6.1 0   245.7 0   902.6 0
 2026 195  7 14  1 10  1.167  69.38   234.3 0    55.9 0   330.2 0   131.1 0   396.2 0   307.566 0   307.130 0   520.8 0   305.843 0   305.897 0    20.7 0   116.9 0   191.5 0  -124.5 0    66.9 0    31.4 0    27.1 0     5.6 0   246.3 0   902.6 0
 2026 195  7 14  1 11  1.183  69.58   299.5 0    72.9 0   550.2 0   126.1 0   395.6 0   307.492 0   307.057 0   522.4 0   305.793 0   305.893 0    21.1 0   144.0 0   245.2 0  -126.9 0   118.3 0    31.4 0    27.0 0     5.6 0   251.8 0   902.6 0
 2026 195  7 14  1 12  1.200  69.77   309.7 0    74.9 0   613.7 0   118.1 0   395.0 0   307.443 0   307.051 0   523.3 0   305.764 0   305.893 0    21.0 0   148.4 0   255.4 0  -128.4 0   127.0 0    31.5 0    26.8 0     5.1 0   254.3 0   902.6 0
 2026 195  7 14  1 13  1.217  69.97   304.8 0    74.0 0   622.9 0   112.3 0   394.1 0   307.420 0   307.027 0   524.2 0   305.748 0   305.901 0    20.6 0   146.6 0   251.6 0  -130.1 0   121.6 0    31.6 0    26.7 0     4.8 0   251.3 0   902.6 0
 2026 195  7 14  1 14  1.233  70.16   295.9 0    72.0 0   617.4 0   107.5 0   394.7 0   307.398 0   306.984 0   524.5 0   305.742 0   305.895 0    20.2 0   142.7 0   245.0 0  -129.8 0   115.2 0    31.7 0    26.7 0     4.8 0   250.6 0   902.6 0
 2026 195  7 14  1 15  1.250  70.36   289.2 0    70.4 0   611.4 0   104.6 0   394.4 0   307.382 0   306.987 0   524.9 0   305.744 0   305.914 0    19.8 0   139.7 0   239.7 0  -130.5 0   109.3 0    31.8 0    26.5 0     5.2 0   242.0 0   902.6 0
 2026 195  7 14  1 16  1.267  70.56   284.7 0    69.6 0   604.4 0   103.9 0   395.4 0   307.368 0   306.975 0   524.4 0   305.749 0   305.915 0    19.4 0   137.5 0   235.6 0  -129.0 0   106.6 0    31.9 0    26.4 0     5.6 0   242.2 0   902.6 0
 2026 195  7 14  1 17  1.283  70.75   282.2 0    69.3 0   601.2 0   104.3 0   394.5 0   307.362 0   306.963 0   523.0 0   305.752 0   305.897 0    19.1 0   136.4 0   233.2 0  -128.4 0   104.8 0    31.9 0    26.4 0     5.3 0   240.3 0   902.6 0
 2026 195  7 14  1 18  1.300  70.95   281.4 0    69.4 0   598.5 0   106.3 0   396.0 0   307.347 0   306.925 0   523.2 0   305.740 0   305.883 0    18.7 0   136.1 0   232.4 0  -127.2 0   105.1 0    31.8 0    26.6 0     5.9 0   237.7 0   902.6 0
 2026 195  7 14  1 19  1.317  71.14   279.3 0    69.0 0   595.6 0   107.7 0   395.8 0   307.335 0   306.954 0   523.5 0   305.734 0   305.891 0    18.4 0   135.3 0   231.2 0  -127.7 0   103.5 0    31.8 0    26.5 0     5.5 0   236.6 0   902.6 0
 2026 195  7 14  1 20  1.333  71.33   275.8 0    68.1 0   590.2 0   107.9 0   396.3 0   307.332 0   306.956 0   522.8 0   305.741 0   305.897 0    18.1 0   133.5 0   228.7 0  -126.5 0   102.2 0    32.0 0    26.3 0     6.0 0   237.0 0   902.5 0
 2026 195  7 14  1 21  1.350  71.53   226.3 0    59.1 0   419.0 0   105.0 0   395.7 0   307.326 0   306.903 0   520.5 0   305.736 0   305.852 0    17.4 0   110.2 0   178.7 0  -124.7 0    53.9 0    31.8 0    26.5 0     6.3 0   237.1 0   902.5 0
 2026 195  7 14  1 22  1.367  71.72   126.4 0    31.7 0   100.3 0   101.5 0   395.4 0   307.285 0   306.810 0   517.7 0   305.703 0   305.764 0    16.3 0    66.4 0   101.3 0  -122.3 0   -21.0 0    31.6 0    26.9 0     5.0 0   241.2 0   902.5 0
 2026 195  7 14  1 23  1.383  71.92    99.2 0    21.4 0    21.4 0    99.8 0   395.7 0   307.211 0   306.791 0   514.1 0   305.663 0   305.677 0    15.7 0    53.9 0    85.0 0  -118.4 0   -33.4 0    31.6 0    26.8 0     6.6 0   235.2 0   902.5 0
 2026 195  7 14  1 24  1.400  72.11    92.5 0    20.1 0     7.4 0    96.8 0   394.5 0   307.128 0   306.686 0   511.0 0   305.593 0   305.570 0    15.2 0    50.7 0    79.0 0  -116.6 0   -37.6 0    31.4 0    27.3 0     5.6 0   240.5 0   902.5 0
 2026 195  7 14  1 25  1.417  72.31    88.6 0    19.0 0     6.1 0    93.1 0   394.1 0   307.030 0   306.568 0   509.5 0   305.523 0   305.503 0    14.8 0    48.6 0    75.9 0  -115.3 0   -39.4 0    31.3 0    27.4 0     5.9 0   236.4 0   902.5 0
 2026 195  7 14  1 26  1.433  72.50    85.5 0    18.5 0     6.5 0    90.0 0   394.0 0   306.925 0   306.477 0   508.2 0   305.455 0   305.440 0    14.4 0    47.3 0    73.4 0  -114.3 0   -40.8 0    31.3 0    27.6 0     5.8 0   231.3 0   902.5 0
 2026 195  7 14  1 27  1.450  72.69    83.0 0    17.7 0     5.8 0    87.3 0   393.4 0   306.822 0   306.377 0   507.4 0   305.396 0   305.391 0    14.0 0    46.0 0    71.4 0  -114.0 0   -42.6 0    31.4 0    27.5 0     5.1 0   230.8 0   902.5 0
 2026 195  7 14  1 28  1.467  72.89    81.2 0    17.3 0     4.4 0    85.7 0   393.1 0   306.717 0   306.256 0   505.8 0   305.341 0   305.321 0    13.7 0    45.1 0    69.7 0  -112.6 0   -43.0 0    31.3 0    27.6 0     5.3 0   241.4 0   902.6 0
 2026 195  7 14  1 29  1.483  73.08    79.4 0    16.7 0     4.4 0    83.8 0   392.5 0   306.614 0   306.190 0   505.4 0   305.285 0   305.282 0    13.4 0    44.2 0    68.4 0  -112.9 0   -44.5 0    31.3 0    27.7 0     4.3 0   242.8 0   902.6 0
 2026 195  7 14  1 30  1.500  73.27    74.9 0    15.7 0     4.1 0    79.5 0   391.7 0   306.517 0   306.099 0   503.9 0   305.237 0   305.228 0    13.0 0    42.1 0    65.0 0  -112.2 0   -47.1 0    31.3 0    27.7 0     4.4 0   233.6 0   902.5 0
 2026 195  7 14  1 31  1.517  73.47    70.8 0    14.9 0     3.7 0    75.3 0   391.1 0   306.424 0   306.009 0   502.9 0   305.185 0   305.171 0    12.6 0    40.4 0    61.5 0  -111.9 0   -50.3 0    31.3 0    27.7 0     5.8 0   236.6 0   902.6 0
 2026 195  7 14  1 32  1.533  73.66    69.4 0    14.6 0     4.6 0    73.6 0   390.4 0   306.331 0   305.901 0   501.8 0   305.126 0   305.105 0    12.3 0    40.0 0    60.3 0  -111.4 0   -51.1 0    31.2 0    27.8 0     3.5 0   244.0 0   902.6 0
 2026 195  7 14  1 33  1.550  73.85    69.4 0    14.4 0     9.1 0    72.6 0   390.8 0   306.238 0   305.828 0   501.7 0   305.079 0   305.074 0    12.1 0    40.4 0    60.7 0  -110.9 0   -50.2 0    31.2 0    27.8 0     4.8 0   234.4 0   902.6 0
 2026 195  7 14  1 34  1.567  74.05    72.9 0    15.3 0    26.9 0    71.8 0   390.8 0   306.154 0   305.787 0   500.4 0   305.029 0   305.010 0    11.8 0    42.6 0    63.9 0  -109.7 0   -45.7 0    31.2 0    27.7 0     6.2 0   239.2 0   902.6 0
 2026 195  7 14  1 35  1.583  74.24    84.9 0    18.7 0    79.4 0    71.5 0   390.6 0   306.086 0   305.741 0   499.8 0   304.970 0   304.956 0    11.6 0    47.7 0    74.4 0  -109.2 0   -34.8 0    31.2 0    27.8 0     6.9 0   241.1 0   902.6 0
 2026 195  7 14  1 36  1.600  74.43   109.3 0    26.8 0   179.6 0    71.1 0   389.9 0   306.027 0   305.662 0   499.6 0   304.911 0   304.908 0    11.4 0    60.0 0    92.5 0  -109.7 0   -17.2 0    31.1 0    27.8 0     6.1 0   243.5 0   902.6 0
 2026 195  7 14  1 37  1.617  74.62   182.0 0    46.2 0   476.6 0    72.6 0   390.2 0   305.981 0   305.634 0   501.7 0   304.866 0   304.923 0    11.5 0    90.7 0   152.7 0  -111.5 0    41.2 0    31.1 0    27.8 0     5.5 0   245.2 0   902.6 0
 2026 195  7 14  1 38  1.633  74.81   190.2 0    49.3 0   515.5 0    73.1 0   390.3 0   305.966 0   305.639 0   503.5 0   304.848 0   304.944 0    11.3 0    94.1 0   158.7 0  -113.2 0    45.6 0    31.3 0    27.6 0     4.9 0   249.7 0   902.7 0
 2026 195  7 14  1 39  1.650  75.01   187.2 0    48.5 0   514.0 0    72.8 0   390.5 0   305.970 0   305.636 0   504.0 0   304.842 0   304.946 0    11.0 0    92.8 0   157.2 0  -113.5 0    43.7 0    31.3 0    27.5 0     4.7 0   237.8 0   902.7 0
 2026 195  7 14  1 40  1.667  75.20   183.1 0    47.5 0   509.7 0    71.6 0   390.9 0   305.978 0   305.667 0   505.1 0   304.840 0   304.961 0    10.8 0    91.0 0   154.3 0  -114.2 0    40.0 0    31.3 0    27.6 0     3.4 0   249.6 0   902.7 0
 2026 195  7 14  1 41  1.683  75.39   178.9 0    46.4 0   503.5 0    71.1 0   390.8 0   305.996 0   305.687 0   505.8 0   304.849 0   304.975 0    10.6 0    89.1 0   151.7 0  -115.1 0    36.6 0    31.4 0    27.3 0     3.7 0   259.4 0   902.7 0
 2026 195  7 14  1 42  1.700  75.58   176.3 0    45.8 0   501.6 0    70.6 0   391.4 0   306.016 0   305.713 0   505.7 0   304.862 0   304.986 0    10.3 0    87.9 0   149.7 0  -114.4 0    35.4 0    31.5 0    27.1 0     4.8 0   253.6 0   902.7 0
 2026 195  7 14  1 43  1.717  75.77   172.8 0    45.2 0   497.2 0    69.8 0   391.5 0   306.043 0   305.756 0   504.7 0   304.867 0   304.968 0    10.1 0    86.3 0   146.8 0  -113.2 0    33.6 0    31.4 0    27.2 0     6.1 0   257.8 0   902.7 0
 2026 195  7 14  1 44  1.733  75.96   169.2 0    44.6 0   490.5 0    69.4 0   391.0 0   306.073 0   305.769 0   504.4 0   304.859 0   304.954 0     9.8 0    84.5 0   143.8 0  -113.4 0    30.4 0    31.4 0    27.2 0     5.5 0   260.7 0   902.7 0
 2026 195  7 14  1 45  1.750  76.16   166.1 0    43.8 0   483.7 0    69.2 0   391.4 0   306.096 0   305.780 0   504.5 0   304.852 0   304.953 0     9.6 0    82.8 0   141.1 0  -113.1 0    28.0 0    31.3 0    27.2 0     4.8 0   271.5 0   902.7 0
 2026 195  7 14  1 46  1.767  76.35   162.4 0    42.6 0   476.1 0    69.0 0   391.3 0   306.117 0   305.792 0   504.2 0   304.852 0   304.954 0     9.3 0    80.9 0   138.7 0  -113.0 0    25.7 0    31.4 0    27.2 0     5.0 0   273.9 0   902.8 0
 2026 195  7 14  1 47  1.783  76.54   112.9 0    26.4 0   266.1 0    67.9 0   391.2 0   306.134 0   305.790 0   502.7 0   304.847 0   304.916 0     9.0 0    58.7 0   103.4 0  -111.5 0    -8.0 0    31.4 0    27.3 0     4.6 0   275.6 0   902.8 0
 2026 195  7 14  1 48  1.800  76.73   149.7 0    40.2 0   430.3 0    67.8 0   391.6 0   306.132 0   305.798 0   503.3 0   304.835 0   304.917 0     8.8 0    74.9 0   126.4 0  -111.8 0    14.6 0    31.4 0    27.2 0     4.6 0   264.1 0   902.8 0
 2026 195  7 14  1 49  1.817  76.92   153.2 0    40.8 0   457.7 0    67.5 0   391.4 0   306.136 0   305.812 0   503.0 0   304.834 0   304.929 0     8.6 0    76.2 0   130.2 0  -111.6 0    18.6 0    31.4 0    27.1 0     3.8 0   266.8 0   902.8 0
 2026 195  7 14  1 50  1.833  77.11   151.3 0    40.3 0   456.2 0    67.5 0   391.7 0   306.148 0   305.837 0   503.7 0   304.837 0   304.939 0     8.4 0    75.3 0   129.0 0  -112.1 0    16.9 0    31.5 0    27.0 0     3.6 0   280.8 0   902.8 0
 2026 195  7 14  1 51  1.850  77.30   148.8 0    39.8 0   452.3 0    67.4 0   392.0 0   306.162 0   305.830 0   503.2 0   304.843 0   304.932 0     8.1 0    74.2 0   127.0 0  -111.2 0    15.8 0    31.5 0    27.1 0     4.4 0   265.9 0   902.8 0
 2026 195  7 14  1 52  1.867  77.49   145.5 0    39.0 0   443.4 0    67.2 0   392.8 0   306.174 0   305.868 0   503.8 0   304.847 0   304.953 0     7.9 0    72.5 0   124.3 0  -111.0 0    13.3 0    31.6 0    27.1 0     4.0 0   254.7 0   902.8 0
 2026 195  7 14  1 53  1.883  77.68   142.3 0    38.3 0   434.8 0    67.2 0   392.3 0   306.193 0   305.876 0   503.0 0   304.858 0   304.957 0     7.7 0    70.9 0   121.7 0  -110.7 0    10.9 0    31.6 0    27.1 0     5.1 0   249.6 0   902.9 0
 2026 195  7 14  1 54  1.900  77.87   139.7 0    37.5 0   429.9 0    66.7 0   392.4 0   306.207 0   305.887 0   503.2 0   304.867 0   304.972 0     7.5 0    69.7 0   119.5 0  -110.8 0     8.7 0    31.6 0    27.1 0     4.3 0   255.0 0   902.9 0
 2026 195  7 14  1 55  1.917  78.06   137.9 0    37.1 0   424.3 0    67.1 0   392.6 0   306.220 0   305.896 0   502.1 0   304.877 0   304.962 0     7.3 0    68.7 0   117.8 0  -109.5 0     8.2 0    31.6 0    27.1 0     6.2 0   249.2 0   902.9 0
 2026 195  7 14  1 56  1.933  78.25   137.2 0    37.0 0   418.8 0    68.6 0   392.6 0   306.228 0   305.868 0   501.5 0   304.872 0   304.944 0     7.1 0    68.2 0   116.9 0  -108.9 0     8.0 0    31.5 0    27.4 0     4.9 0   251.8 0   902.9 0
 2026 195  7 14  1 57  1.950  78.44   136.2 0    36.8 0   415.0 0    69.5 0   393.1 0   306.224 0   305.857 0   501.2 0   304.864 0   304.936 0     6.9 0    67.6 0   115.9 0  -108.2 0     7.7 0    31.4 0    27.5 0     4.9 0   254.7 0   902.9 0
 2026 195  7 14  1 58  1.967  78.63   133.9 0    36.3 0   409.7 0    69.6 0   393.3 0   306.218 0   305.864 0   501.1 0   304.854 0   304.926 0     6.7 0    66.4 0   114.2 0  -107.8 0     6.4 0    31.4 0    27.5 0     5.1 0   249.9 0   902.9 0
 2026 195  7 14  1 59  1.983  78.81   128.6 0    34.9 0   397.0 0    67.9 0   392.9 0   306.210 0   305.839 0   500.4 0   304.842 0   304.909 0     6.5 0    63.8 0   110.1 0  -107.6 0     2.5 0    31.4 0    27.6 0     5.4 0   245.1 0   902.9 0
 2026 195  7 14  2  0  2.000  79.00   126.5 0    34.7 0   399.2 0    66.7 0   393.1 0   306.198 0   305.841 0   500.1 0   304.829 0   304.897 0     6.3 0    62.9 0   108.2 0  -107.1 0     1.1 0    31.3 0    27.6 0     5.4 0   250.6 0   903.0 0
 2026 195  7 14  2  1  2.017  79.19   124.8 0    34.1 0   399.4 0    66.1 0   392.8 0   306.190 0   305.828 0   500.1 0   304.818 0   304.888 0     6.1 0    62.1 0   106.9 0  -107.3 0    -0.4 0    31.4 0    27.5 0     4.6 0   255.6 0   903.0 0
 2026 195  7 14  2  2  2.033  79.38   118.5 0    31.7 0   373.8 0    65.2 0   393.0 0   306.177 0   305.794 0   499.9 0   304.812 0   304.879 0     6.0 0    59.0 0   102.4 0  -106.9 0    -4.5 0    31.4 0    27.4 0     3.9 0   255.3 0   903.0 0
 2026 195  7 14  2  3  2.050  79.57   104.3 0    27.0 0   298.0 0    63.9 0   393.6 0   306.158 0   305.790 0   499.1 0   304.807 0   304.870 0     5.9 0    52.4 0    90.9 0  -105.6 0   -14.7 0    31.4 0    27.3 0     3.7 0   254.7 0   903.0 0
 2026 195  7 14  2  4  2.067  79.76    86.2 0    20.8 0   188.6 0    63.4 0   394.1 0   306.137 0   305.780 0   498.5 0   304.798 0   304.848 0     5.7 0    44.2 0    76.1 0  -104.4 0   -28.3 0    31.4 0    27.4 0     3.4 0   245.9 0   903.0 0
 2026 195  7 14  2  5  2.083  79.94    66.7 0    14.3 0    62.8 0    63.9 0   394.5 0   306.103 0   305.729 0   497.0 0   304.784 0   304.808 0     5.3 0    35.8 0    60.6 0  -102.5 0   -41.9 0    31.4 0    27.3 0     4.7 0   247.0 0   903.0 0
 2026 195  7 14  2  6  2.100  80.13    60.9 0    13.5 0    10.2 0    65.1 0   395.1 0   306.054 0   305.704 0   496.3 0   304.761 0   304.778 0     5.2 0    33.3 0    53.3 0  -101.3 0   -47.9 0    31.4 0    27.5 0     4.4 0   252.1 0   903.0 0
 2026 195  7 14  2  7  2.117  80.32    61.8 0    13.8 0     9.9 0    65.6 0   395.0 0   306.000 0   305.648 0   495.3 0   304.736 0   304.745 0     5.0 0    33.4 0    53.5 0  -100.4 0   -46.9 0    31.3 0    27.4 0     5.1 0   241.7 0   903.0 0
 2026 195  7 14  2  8  2.133  80.50    61.6 0    13.8 0    14.7 0    64.7 0   395.5 0   305.942 0   305.599 0   494.9 0   304.706 0   304.717 0     4.8 0    33.0 0    53.4 0   -99.4 0   -46.0 0    31.3 0    27.5 0     3.6 0   242.0 0   903.0 0
 2026 195  7 14  2  9  2.150  80.69    58.6 0    13.1 0     8.8 0    62.3 0   395.6 0   305.885 0   305.543 0   494.5 0   304.681 0   304.687 0     4.6 0    31.3 0    50.6 0   -98.9 0   -48.3 0    31.3 0    27.4 0     3.4 0   247.5 0   903.0 0
 2026 195  7 14  2 10  2.167  80.88    56.5 0    12.7 0     9.2 0    59.9 0   396.2 0   305.825 0   305.479 0   493.9 0   304.656 0   304.660 0     4.4 0    30.0 0    48.7 0   -97.7 0   -49.0 0    31.2 0    27.4 0     4.1 0   248.6 0   903.0 0
 2026 195  7 14  2 11  2.183  81.06    57.6 0    13.2 0    34.1 0    57.6 0   396.7 0   305.766 0   305.432 0   493.5 0   304.628 0   304.633 0     4.3 0    30.3 0    49.7 0   -96.8 0   -47.1 0    31.2 0    27.5 0     3.7 0   254.7 0   903.0 0
 2026 195  7 14  2 12  2.200  81.25    67.5 0    16.3 0   129.4 0    55.7 0   397.3 0   305.710 0   305.370 0   493.7 0   304.603 0   304.618 0     4.1 0    34.2 0    59.1 0   -96.4 0   -37.3 0    31.2 0    27.5 0     3.5 0   261.3 0   903.0 0
 2026 195  7 14  2 13  2.217  81.43    67.8 0    16.1 0   153.0 0    53.9 0   397.9 0   305.665 0   305.335 0   493.5 0   304.582 0   304.597 0     3.9 0    33.9 0    60.6 0   -95.5 0   -34.9 0    31.3 0    27.6 0     4.7 0   253.9 0   903.1 0
 2026 195  7 14  2 14  2.233  81.62    63.5 0    15.8 0   128.0 0    52.4 0   398.4 0   305.628 0   305.302 0   493.1 0   304.559 0   304.577 0     3.8 0    32.0 0    55.2 0   -94.7 0   -39.5 0    31.2 0    27.5 0     3.8 0   251.8 0   903.1 0
 2026 195  7 14  2 15  2.250  81.81    60.9 0    15.0 0   118.5 0    51.0 0   398.8 0   305.592 0   305.275 0   492.9 0   304.540 0   304.561 0     3.6 0    30.5 0    52.8 0   -94.1 0   -41.2 0    31.2 0    27.5 0     3.5 0   255.1 0   903.1 0
 2026 195  7 14  2 16  2.267  81.99    51.5 0    11.7 0    57.9 0    49.2 0   399.0 0   305.559 0   305.261 0   492.5 0   304.520 0   304.535 0     3.5 0    26.5 0    45.6 0   -93.5 0   -47.9 0    31.3 0    27.5 0     3.6 0   260.8 0   903.1 0
 2026 195  7 14  2 17  2.283  82.18    43.9 0     9.8 0     7.5 0    47.2 0   398.7 0   305.527 0   305.230 0   492.0 0   304.500 0   304.507 0     3.4 0    23.1 0    38.5 0   -93.3 0   -54.8 0    31.3 0    27.4 0     3.8 0   261.5 0   903.1 0
 2026 195  7 14  2 18  2.300  82.36    41.5 0     9.3 0     3.3 0    45.1 0   398.5 0   305.488 0   305.178 0   491.5 0   304.480 0   304.485 0     3.3 0    21.9 0    36.3 0   -93.0 0   -56.7 0    31.3 0    27.4 0     3.2 0   252.4 0   903.1 0
 2026 195  7 14  2 19  2.317  82.54    39.4 0     8.8 0     2.4 0    42.9 0   398.2 0   305.446 0   305.136 0   491.0 0   304.461 0   304.465 0     3.1 0    20.7 0    34.4 0   -92.8 0   -58.4 0    31.3 0    27.5 0     3.2 0   247.2 0   903.1 0
 2026 195  7 14  2 20  2.333  82.73    37.0 0     8.3 0     1.8 0    40.5 0   398.0 0   305.402 0   305.090 0   490.4 0   304.440 0   304.441 0     3.0 0    19.5 0    32.4 0   -92.5 0   -60.1 0    31.2 0    27.5 0     3.6 0   241.2 0   903.1 0
 2026 195  7 14  2 21  2.350  82.91    34.9 0     7.9 0     1.1 0    38.2 0   397.6 0   305.357 0   305.047 0   490.0 0   304.418 0   304.416 0     2.9 0    18.4 0    30.5 0   -92.5 0   -61.9 0    31.2 0    27.7 0     2.9 0   255.0 0   903.1 0
 2026 195  7 14  2 22  2.367  83.09    33.1 0     7.4 0     0.8 0    36.4 0   396.8 0   305.313 0   305.000 0   489.6 0   304.397 0   304.393 0     2.8 0    17.5 0    29.0 0   -92.7 0   -63.7 0    31.2 0    27.6 0     3.1 0   267.7 0   903.2 0
 2026 195  7 14  2 23  2.383  83.28    31.2 0     7.0 0     0.6 0    34.5 0   396.4 0   305.269 0   304.954 0   489.1 0   304.374 0   304.367 0     2.7 0    16.6 0    27.5 0   -92.7 0   -65.2 0    31.2 0    27.6 0     3.5 0   257.2 0   903.2 0
 2026 195  7 14  2 24  2.400  83.46    29.3 0     6.6 0     0.4 0    32.5 0   395.7 0   305.224 0   304.904 0   488.5 0   304.350 0   304.345 0     2.6 0    15.7 0    25.9 0   -92.8 0   -66.9 0    31.2 0    27.5 0     3.4 0   250.6 0   903.2 0
 2026 195  7 14  2 25  2.417  83.64    27.5 0     6.2 0     0.1 0    30.6 0   395.1 0   305.178 0   304.852 0   488.1 0   304.326 0   304.320 0     2.5 0    14.8 0    24.5 0   -93.0 0   -68.5 0    31.1 0    27.7 0     3.0 0   256.8 0   903.2 0
 2026 195  7 14  2 26  2.433  83.82    25.7 0     5.8 0    -0.2 0    28.9 0   394.5 0   305.132 0   304.803 0   487.6 0   304.302 0   304.290 0     2.4 0    14.0 0    23.1 0   -93.1 0   -70.0 0    31.1 0    27.8 0     3.0 0   273.4 0   903.2 0
 2026 195  7 14  2 27  2.450  84.00    24.1 0     5.5 0    -0.3 0    27.3 0   394.2 0   305.086 0   304.758 0   487.1 0   304.277 0   304.264 0     2.3 0    13.3 0    21.8 0   -92.9 0   -71.2 0    31.1 0    27.9 0     3.2 0   269.7 0   903.2 0
 2026 195  7 14  2 28  2.467  84.19    22.6 0     5.2 0    -0.3 0    25.7 0   394.0 0   305.041 0   304.717 0   486.7 0   304.251 0   304.241 0     2.2 0    12.6 0    20.5 0   -92.7 0   -72.2 0    31.1 0    28.0 0     3.0 0   259.1 0   903.2 0
 2026 195  7 14  2 29  2.483  84.37    21.2 0     4.8 0    -0.2 0    24.3 0   394.2 0   304.997 0   304.673 0   486.3 0   304.226 0   304.215 0     2.1 0    12.0 0    19.4 0   -92.1 0   -72.7 0    31.1 0    28.0 0     2.5 0   256.6 0   903.2 0
 2026 195  7 14  2 30  2.500  84.55    19.8 0     4.5 0    -0.2 0    22.8 0   394.8 0   304.955 0   304.642 0   486.0 0   304.202 0   304.189 0     2.0 0    11.3 0    18.3 0   -91.2 0   -73.0 0    31.1 0    28.1 0     2.9 0   267.1 0   903.2 0
 2026 195  7 14  2 31  2.517  84.73    18.4 0     4.2 0    -0.3 0    21.3 0   395.4 0   304.914 0   304.598 0   485.8 0   304.178 0   304.163 0     1.9 0    10.6 0    17.1 0   -90.4 0   -73.3 0    31.1 0    28.2 0     3.5 0   268.9 0   903.2 0
 2026 195  7 14  2 32  2.533  84.91    16.9 0     3.9 0    -0.4 0    19.7 0   395.5 0   304.874 0   304.559 0   485.4 0   304.152 0   304.135 0     1.9 0    10.0 0    15.9 0   -89.8 0   -73.9 0    31.0 0    28.2 0     3.5 0   270.8 0   903.2 0
 2026 195  7 14  2 33  2.550  85.09    15.4 0     3.5 0    -0.4 0    18.2 0   395.1 0   304.834 0   304.518 0   484.9 0   304.126 0   304.109 0     1.8 0     9.3 0    14.7 0   -89.8 0   -75.1 0    31.0 0    28.3 0     2.9 0   269.9 0   903.3 0
 2026 195  7 14  2 34  2.567  85.26    14.1 0     3.3 0    -0.4 0    16.9 0   394.6 0   304.795 0   304.481 0   484.6 0   304.101 0   304.083 0     1.7 0     8.8 0    13.6 0   -90.0 0   -76.3 0    31.0 0    28.3 0     3.4 0   264.7 0   903.3 0
 2026 195  7 14  2 35  2.583  85.44    13.0 0     3.0 0    -0.4 0    15.8 0   394.5 0   304.758 0   304.450 0   484.3 0   304.076 0   304.063 0     1.6 0     8.3 0    12.8 0   -89.9 0   -77.1 0    31.0 0    28.2 0     3.1 0   256.0 0   903.3 0
 2026 195  7 14  2 36  2.600  85.62    11.9 0     2.7 0    -0.5 0    14.7 0   394.4 0   304.724 0   304.422 0   484.0 0   304.054 0   304.040 0     1.6 0     7.8 0    12.0 0   -89.6 0   -77.6 0    31.0 0    28.0 0     3.7 0   263.3 0   903.3 0
 2026 195  7 14  2 37  2.617  85.80    10.7 0     2.5 0    -0.5 0    13.7 0   394.4 0   304.693 0   304.397 0   483.8 0   304.032 0   304.019 0     1.5 0     7.3 0    11.1 0   -89.4 0   -78.3 0    31.0 0    27.9 0     4.0 0   262.5 0   903.3 0
 2026 195  7 14  2 38  2.633  85.97     9.7 0     2.3 0    -0.5 0    12.6 0   394.6 0   304.664 0   304.372 0   483.5 0   304.011 0   303.998 0     1.4 0     6.9 0    10.3 0   -88.9 0   -78.6 0    31.0 0    27.8 0     3.7 0   267.2 0   903.3 0
 2026 195  7 14  2 39  2.650  86.15     8.9 0     2.1 0    -0.5 0    11.8 0   395.0 0   304.638 0   304.349 0   483.2 0   303.991 0   303.980 0     1.3 0     6.5 0     9.6 0   -88.2 0   -78.6 0    31.1 0    27.9 0     3.4 0   262.8 0   903.3 0
 2026 195  7 14  2 40  2.667  86.32     8.3 0     2.0 0    -0.5 0    11.1 0   395.1 0   304.612 0   304.316 0   482.8 0   303.972 0   303.959 0     1.3 0     6.2 0     9.1 0   -87.8 0   -78.7 0    31.0 0    28.0 0     3.7 0   254.2 0   903.3 0
 2026 195  7 14  2 41  2.683  86.50     7.9 0     2.0 0    -0.5 0    10.7 0   395.1 0   304.584 0   304.286 0   482.5 0   303.952 0   303.937 0     1.2 0     6.0 0     8.7 0   -87.4 0   -78.6 0    31.0 0    28.1 0     3.7 0   253.1 0   903.3 0
 2026 195  7 14  2 42  2.700  86.67     7.5 0     1.9 0    -0.5 0    10.3 0   395.1 0   304.554 0   304.255 0   482.0 0   303.930 0   303.914 0     1.2 0     5.8 0     8.3 0   -87.0 0   -78.6 0    31.0 0    28.3 0     3.2 0   250.5 0   903.3 0
 2026 195  7 14  2 43  2.717  86.84     7.2 0     1.9 0    -0.5 0    10.0 0   394.8 0   304.525 0   304.227 0   481.7 0   303.907 0   303.890 0     1.1 0     5.6 0     8.1 0   -86.9 0   -78.8 0    30.9 0    28.4 0     3.6 0   254.6 0   903.3 0
 2026 195  7 14  2 44  2.733  87.01     7.0 0     1.9 0    -0.5 0     9.7 0   394.8 0   304.496 0   304.199 0   481.4 0   303.884 0   303.863 0     1.1 0     5.5 0     7.9 0   -86.6 0   -78.7 0    30.9 0    28.5 0     3.4 0   257.4 0   903.3 0
 2026 195  7 14  2 45  2.750  87.19     6.6 0     1.8 0    -0.5 0     9.4 0   395.2 0   304.467 0   304.179 0   481.4 0   303.860 0   303.845 0     1.0 0     5.3 0     7.6 0   -86.2 0   -78.5 0    30.9 0    28.3 0     3.6 0   256.7 0   903.3 0
 2026 195  7 14  2 46  2.767  87.36     6.2 0     1.7 0    -0.5 0     9.1 0   395.5 0   304.443 0   304.164 0   481.3 0   303.841 0   303.829 0     1.0 0     5.1 0     7.4 0   -85.8 0   -78.4 0    30.9 0    28.2 0     3.7 0   256.5 0   903.3 0
 2026 195  7 14  2 47  2.783  87.52     5.8 0     1.6 0    -0.5 0     8.7 0   395.7 0   304.422 0   304.146 0   481.1 0   303.823 0   303.812 0     0.9 0     4.9 0     7.1 0   -85.4 0   -78.2 0    30.9 0    28.2 0     3.5 0   257.5 0   903.3 0
 2026 195  7 14  2 48  2.800  87.69     5.4 0     1.5 0    -0.5 0     8.3 0   395.7 0   304.402 0   304.131 0   480.9 0   303.806 0   303.795 0     0.9 0     4.7 0     6.8 0   -85.3 0   -78.5 0    31.0 0    28.2 0     3.8 0   259.4 0   903.3 0
 2026 195  7 14  2 49  2.817  87.86     4.9 0     1.5 0    -0.5 0     7.9 0   395.2 0   304.384 0   304.102 0   480.5 0   303.789 0   303.774 0     0.8 0     4.5 0     6.4 0   -85.4 0   -79.0 0    30.9 0    28.4 0     3.8 0   262.4 0   903.3 0
 2026 195  7 14  2 50  2.833  88.02     4.6 0     1.4 0    -0.5 0     7.4 0   394.7 0   304.361 0   304.063 0   480.1 0   303.769 0   303.752 0     0.8 0     4.3 0     6.0 0   -85.3 0   -79.4 0    30.9 0    28.6 0     2.9 0   268.7 0   903.3 0
 2026 195  7 14  2 51  2.850  88.19     4.3 0     1.4 0    -0.5 0     7.0 0   394.4 0   304.332 0   304.022 0   479.6 0   303.748 0   303.727 0     0.8 0     4.1 0     5.6 0   -85.2 0   -79.6 0    30.8 0    28.8 0     2.5 0   266.7 0   903.3 0
 2026 195  7 14  2 52  2.867  88.35     3.9 0     1.3 0    -0.5 0     6.5 0   394.1 0   304.299 0   303.983 0   479.2 0   303.725 0   303.698 0     0.7 0     3.9 0     5.2 0   -85.1 0   -79.9 0    30.8 0    29.0 0     3.2 0   264.6 0   903.3 0
 2026 195  7 14  2 53  2.883  88.51     3.4 0     1.2 0    -0.5 0     6.0 0   394.2 0   304.263 0   303.947 0   479.2 0   303.698 0   303.673 0     0.7 0     3.6 0     4.8 0   -85.0 0   -80.2 0    30.7 0    29.0 0     3.8 0   266.3 0   903.3 0
 2026 195  7 14  2 54  2.900  88.66     2.9 0     1.1 0    -0.5 0     5.5 0   394.0 0   304.229 0   303.918 0   479.1 0   303.674 0   303.654 0     0.6 0     3.4 0     4.5 0   -85.0 0   -80.6 0    30.7 0    28.9 0     3.4 0   268.9 0   903.3 0
 2026 195  7 14  2 55  2.917  88.82     2.5 0     1.0 0    -0.5 0     5.1 0   393.9 0   304.196 0   303.888 0   478.6 0   303.652 0   303.627 0     0.6 0     3.2 0     4.1 0   -84.7 0   -80.6 0    30.7 0    29.1 0     3.2 0   272.1 0   903.3 0
 2026 195  7 14  2 56  2.933  88.97     2.2 0     1.0 0    -0.5 0     4.7 0   394.2 0   304.164 0   303.853 0   478.3 0   303.627 0   303.600 0     0.6 0     3.0 0     3.7 0   -84.1 0   -80.3 0    30.7 0    29.2 0     3.5 0   273.1 0   903.3 0
 2026 195  7 14  2 57  2.950  89.12     1.9 0     0.9 0    -0.6 0     4.4 0   394.8 0   304.130 0   303.818 0   478.1 0   303.600 0   303.574 0     0.6 0     2.8 0     3.4 0   -83.3 0   -79.8 0    30.6 0    29.2 0     3.5 0   273.6 0   903.3 0
 2026 195  7 14  2 58  2.967  89.27     1.5 0     0.9 0    -0.5 0     4.0 0   395.7 0   304.098 0   303.799 0   478.0 0   303.574 0   303.550 0     0.5 0     2.6 0     3.2 0   -82.3 0   -79.1 0    30.6 0    29.1 0     3.4 0   271.1 0   903.4 0
 2026 195  7 14  2 59  2.983  89.41     1.2 0     0.8 0    -0.5 0     3.7 0   396.4 0   304.069 0   303.773 0   477.8 0   303.550 0   303.527 0     0.5 0     2.4 0     2.9 0   -81.5 0   -78.5 0    30.6 0    29.1 0     3.3 0   271.0 0   903.4 0
 2026 195  7 14  3  0  3.000  89.55     0.9 0     0.7 0    -0.5 0     3.4 0   397.0 0   304.040 0   303.746 0   477.7 0   303.527 0   303.505 0     0.5 0     2.2 0     2.7 0   -80.7 0   -78.0 0    30.6 0    29.1 0     3.4 0   270.6 0   903.4 0
 2026 195  7 14  3  1  3.017  89.68     0.7 0     0.7 0    -0.5 0     3.1 0   397.2 0   304.012 0   303.719 0   477.5 0   303.505 0   303.486 0     0.4 0     2.0 0     2.5 0   -80.3 0   -77.8 0    30.6 0    29.1 0     3.2 0   277.1 0   903.4 0
 2026 195  7 14  3  2  3.033  89.81     0.5 0     0.6 0    -0.5 0     2.8 0   397.2 0   303.984 0   303.692 0   477.3 0   303.483 0   303.463 0     0.4 0     1.9 0     2.2 0   -80.1 0   -77.9 0    30.6 0    29.3 0     3.3 0   279.3 0   903.4 0
 2026 195  7 14  3  3  3.050  89.94     0.3 0     0.6 0    -0.5 0     2.6 0   396.9 0   303.957 0   303.665 0   476.9 0   303.461 0   303.439 0     0.5 0     1.7 0     2.0 0   -80.0 0   -78.1 0    30.6 0    29.4 0     2.9 0   285.6 0   903.4 0
 2026 195  7 14  3  4  3.067  90.85     0.0 0     0.6 0    -0.5 0     2.3 0   396.4 0   303.930 0   303.641 0   476.8 0   303.438 0   303.417 0     0.0 0     1.5 0     1.7 0   -80.3 0   -78.6 0    30.5 0    29.3 0     3.0 0   286.8 0   903.4 0
 2026 195  7 14  3  5  3.083  91.03    -0.2 0     0.5 0    -0.5 0     2.1 0   395.8 0   303.904 0   303.609 0   476.4 0   303.416 0   303.397 0     0.0 0     1.4 0     1.5 0   -80.6 0   -79.1 0    30.5 0    29.3 0     2.8 0   291.9 0   903.4 0
 2026 195  7 14  3  6  3.100  91.20    -0.4 0     0.5 0    -0.5 0     1.8 0   395.9 0   303.876 0   303.577 0   475.9 0   303.394 0   303.372 0     0.0 0     1.3 0     1.3 0   -80.0 0   -78.7 0    30.5 0    29.6 0     2.4 0   296.2 0   903.4 0
 2026 195  7 14  3  7  3.117  91.38    -0.6 0     0.5 0    -0.5 0     1.6 0   395.5 0   303.847 0   303.545 0   475.5 0   303.370 0   303.345 0     0.0 0     1.1 0     1.1 0   -80.0 0   -78.8 0    30.4 0    29.8 0     2.2 0   294.5 0   903.4 0
 2026 195  7 14  3  8  3.133  91.56    -0.8 0     0.5 0    -0.5 0     1.4 0   395.4 0   303.816 0   303.515 0   475.2 0   303.344 0   303.320 0     0.0 0     1.0 0     1.0 0   -79.8 0   -78.8 0    30.4 0    29.9 0     2.2 0   292.0 0   903.5 0
 2026 195  7 14  3  9  3.150  91.73    -0.9 0     0.4 0    -0.5 0     1.3 0   395.3 0   303.783 0   303.474 0   475.0 0   303.318 0   303.292 0     0.0 0     0.9 0     0.8 0   -79.6 0   -78.8 0    30.4 0    30.0 0     2.6 0   293.2 0   903.5 0
 2026 195  7 14  3 10  3.167  91.91    -1.0 0     0.4 0    -0.5 0     1.1 0   395.5 0   303.747 0   303.433 0   474.7 0   303.291 0   303.266 0     0.0 0     0.8 0     0.7 0   -79.3 0   -78.6 0    30.3 0    30.3 0     2.4 0   298.7 0   903.5 0
 2026 195  7 14  3 11  3.183  92.08    -1.1 0     0.4 0    -0.5 0     1.0 0   396.1 0   303.708 0   303.392 0   474.3 0   303.263 0   303.238 0     0.0 0     0.7 0     0.6 0   -78.2 0   -77.7 0    30.3 0    30.7 0     2.0 0   301.9 0   903.5 0
 2026 195  7 14  3 12  3.200  92.26    -1.2 0     0.4 0    -0.6 0     0.8 0   396.8 0   303.667 0   303.348 0   474.1 0   303.235 0   303.208 0     0.0 0     0.7 0     0.5 0   -77.2 0   -76.8 0    30.2 0    30.9 0     2.2 0   297.9 0   903.5 0
 2026 195  7 14  3 13  3.217  92.43    -1.3 0     0.3 0    -0.5 0     0.7 0   397.9 0   303.625 0   303.310 0   474.0 0   303.205 0   303.179 0     0.0 0     0.6 0     0.3 0   -76.1 0   -75.8 0    30.1 0    30.8 0     2.6 0   293.1 0   903.5 0
 2026 195  7 14  3 14  3.233  92.61    -1.4 0     0.3 0    -0.5 0     0.6 0   398.7 0   303.584 0   303.274 0   473.8 0   303.176 0   303.150 0     0.0 0     0.5 0     0.3 0   -75.1 0   -74.8 0    30.1 0    30.8 0     2.4 0   292.8 0   903.5 0
 2026 195  7 14  3 15  3.250  92.78    -1.5 0     0.2 0    -0.5 0     0.5 0   399.4 0   303.544 0   303.239 0   473.8 0   303.148 0   303.124 0     0.0 0     0.5 0     0.2 0   -74.4 0   -74.2 0    30.1 0    30.7 0     2.5 0   288.9 0   903.5 0
 2026 195  7 14  3 16  3.267  92.96    -1.6 0     0.2 0    -0.5 0     0.4 0   399.5 0   303.507 0   303.215 0   473.8 0   303.122 0   303.100 0     0.0 0     0.4 0     0.2 0   -74.3 0   -74.1 0    30.2 0    30.5 0     2.5 0   286.5 0   903.5 0
 2026 195  7 14  3 17  3.283  93.13    -1.7 0     0.1 0    -0.5 0     0.3 0   399.5 0   303.473 0   303.181 0   473.6 0   303.098 0   303.076 0     0.0 0     0.3 0     0.2 0   -74.2 0   -74.0 0    30.2 0    30.5 0     2.3 0   283.7 0   903.5 0
 2026 195  7 14  3 18  3.300  93.30    -1.8 0     0.1 0    -0.5 0     0.2 0   399.0 0   303.441 0   303.156 0   473.4 0   303.074 0   303.052 0     0.0 0     0.3 0     0.1 0   -74.5 0   -74.3 0    30.2 0    30.5 0     2.3 0   281.0 0   903.5 0
 2026 195  7 14  3 19  3.317  93.48    -1.9 0     0.1 0    -0.5 0     0.1 0   398.4 0   303.411 0   303.123 0   473.1 0   303.050 0   303.026 0     0.0 0     0.3 0     0.0 0   -74.8 0   -74.7 0    30.1 0    30.6 0     2.4 0   280.0 0   903.5 0
 2026 195  7 14  3 20  3.333  93.65    -2.0 0     0.1 0    -0.5 0     0.0 0   397.9 0   303.381 0   303.098 0   472.7 0   303.026 0   303.000 0     0.0 0     0.2 0     0.0 0   -74.9 0   -74.9 0    30.1 0    30.7 0     2.1 0   285.3 0   903.5 0
 2026 195  7 14  3 21  3.350  93.82    -2.0 0     0.1 0    -0.5 0     0.0 0   397.2 0   303.352 0   303.067 0   472.4 0   302.999 0   302.971 0     0.0 0     0.2 0     0.0 0   -75.2 0   -75.2 0    30.1 0    30.9 0     2.2 0   288.0 0   903.4 0
 2026 195  7 14  3 22  3.367  93.99    -2.1 0     0.1 0    -0.5 0    -0.1 0   396.5 0   303.323 0   303.035 0   472.1 0   302.972 0   302.944 0     0.0 0     0.2 0     0.0 0   -75.6 0   -75.6 0    30.0 0    30.9 0     2.3 0   291.6 0   903.4 0
 2026 195  7 14  3 23  3.383  94.17    -2.2 0     0.1 0    -0.5 0    -0.1 0   395.8 0   303.293 0   303.009 0   471.9 0   302.944 0   302.915 0     0.0 0     0.1 0     0.0 0   -76.0 0   -76.0 0    30.0 0    30.8 0     2.3 0   294.2 0   903.4 0
 2026 195  7 14  3 24  3.400  94.34    -2.2 0     0.1 0    -0.5 0    -0.2 0   395.0 0   303.265 0   302.988 0   471.9 0   302.918 0   302.894 0     0.0 0     0.1 0     0.0 0   -76.8 0   -76.8 0    30.0 0    30.7 0     2.5 0   292.5 0   903.4 0
 2026 195  7 14  3 25  3.417  94.51    -2.2 0     0.0 0    -0.5 0    -0.2 0   394.3 0   303.240 0   302.965 0   471.8 0   302.894 0   302.875 0     0.0 0     0.1 0     0.0 0   -77.5 0   -77.5 0    30.0 0    30.6 0     2.5 0   298.6 0   903.4 0
 2026 195  7 14  3 26  3.433  94.68    -2.2 0     0.0 0    -0.5 0    -0.2 0   393.2 0   303.215 0   302.929 0   471.5 0   302.871 0   302.856 0     0.0 0     0.1 0     0.0 0   -78.3 0   -78.3 0    30.0 0    30.5 0     2.5 0   304.2 0   903.4 0
 2026 195  7 14  3 27  3.450  94.85    -2.2 0     0.0 0    -0.6 0    -0.3 0   392.6 0   303.186 0   302.884 0   471.0 0   302.850 0   302.831 0     0.0 0     0.1 0     0.0 0   -78.5 0   -78.5 0    30.0 0    30.6 0     2.1 0   314.8 0   903.4 0
 2026 195  7 14  3 28  3.467  95.02    -2.1 0     0.0 0    -0.6 0    -0.3 0   392.3 0   303.151 0   302.837 0   470.6 0   302.826 0   302.799 0     0.0 0     0.1 0     0.0 0   -78.2 0   -78.2 0    29.9 0    30.9 0     2.1 0   323.4 0   903.4 0
 2026 195  7 14  3 29  3.483  95.19    -2.1 0     0.1 0    -0.6 0    -0.3 0   392.5 0   303.112 0   302.792 0   470.1 0   302.797 0   302.764 0     0.0 0     0.1 0     0.0 0   -77.5 0   -77.5 0    29.8 0    31.1 0     2.1 0   336.4 0   903.4 0
 2026 195  7 14  3 30  3.500  95.36    -2.1 0     0.2 0    -0.6 0    -0.3 0   392.7 0   303.072 0   302.752 0   469.7 0   302.764 0   302.722 0     0.0 0     0.1 0     0.0 0   -76.9 0   -76.9 0    29.7 0    31.5 0     2.5 0   343.1 0   903.4 0
 2026 195  7 14  3 31  3.517  95.53    -2.1 0     0.2 0    -0.6 0    -0.3 0   392.8 0   303.032 0   302.710 0   469.5 0   302.724 0   302.682 0     0.0 0     0.1 0     0.0 0   -76.7 0   -76.7 0    29.6 0    32.0 0     2.9 0   341.3 0   903.4 0
 2026 195  7 14  3 32  3.533  95.70    -2.1 0     0.2 0    -0.6 0    -0.4 0   393.0 0   302.991 0   302.670 0   469.4 0   302.683 0   302.646 0     0.0 0     0.0 0     0.0 0   -76.3 0   -76.3 0    29.5 0    32.2 0     3.1 0   343.9 0   903.4 0
 2026 195  7 14  3 33  3.550  95.87    -2.1 0     0.2 0    -0.6 0    -0.3 0   393.2 0   302.951 0   302.638 0   469.4 0   302.643 0   302.610 0     0.0 0     0.1 0     0.0 0   -76.2 0   -76.2 0    29.5 0    32.3 0     3.1 0   343.0 0   903.4 0
 2026 195  7 14  3 34  3.567  96.04    -2.2 0     0.2 0    -0.6 0    -0.3 0   393.4 0   302.913 0   302.610 0   469.2 0   302.606 0   302.573 0     0.0 0     0.0 0     0.0 0   -75.9 0   -75.9 0    29.5 0    32.3 0     2.9 0   340.2 0   903.4 0
 2026 195  7 14  3 35  3.583  96.21    -2.2 0     0.2 0    -0.6 0    -0.3 0   393.6 0   302.879 0   302.582 0   469.2 0   302.570 0   302.543 0     0.0 0     0.0 0     0.0 0   -75.5 0   -75.5 0    29.4 0    32.3 0     2.8 0   335.6 0   903.5 0
 2026 195  7 14  3 36  3.600  96.38    -2.2 0     0.1 0    -0.6 0    -0.3 0   393.9 0   302.847 0   302.561 0   469.2 0   302.539 0   302.517 0     0.0 0     0.0 0     0.0 0   -75.3 0   -75.3 0    29.5 0    32.2 0     2.5 0   335.9 0   903.5 0
 2026 195  7 14  3 37  3.617  96.55    -2.2 0     0.1 0    -0.6 0    -0.3 0   394.4 0   302.818 0   302.537 0   469.0 0   302.510 0   302.485 0     0.0 0     0.0 0     0.0 0   -74.5 0   -74.5 0    29.5 0    32.3 0     2.5 0   334.4 0   903.5 0
 2026 195  7 14  3 38  3.633  96.71    -2.2 0     0.1 0    -0.6 0    -0.3 0   394.8 0   302.793 0   302.519 0   468.9 0   302.481 0   302.454 0     0.0 0     0.0 0     0.0 0   -74.1 0   -74.1 0    29.5 0    32.3 0     2.6 0   332.2 0   903.5 0
 2026 195  7 14  3 39  3.650  96.88    -2.3 0     0.1 0    -0.5 0    -0.3 0   395.3 0   302.769 0   302.498 0   468.8 0   302.452 0   302.425 0     0.0 0     0.0 0     0.0 0   -73.5 0   -73.5 0    29.4 0    32.3 0     2.3 0   329.6 0   903.5 0
 2026 195  7 14  3 40  3.667  97.05    -2.3 0     0.1 0    -0.5 0    -0.3 0   395.7 0   302.747 0   302.485 0   469.0 0   302.424 0   302.403 0     0.0 0     0.0 0     0.0 0   -73.3 0   -73.3 0    29.4 0    32.4 0     3.0 0   331.4 0   903.5 0
 2026 195  7 14  3 41  3.683  97.21    -2.3 0     0.1 0    -0.5 0    -0.3 0   396.0 0   302.729 0   302.473 0   469.0 0   302.399 0   302.381 0     0.0 0     0.0 0     0.0 0   -73.0 0   -73.0 0    29.5 0    32.5 0     2.9 0   331.8 0   903.5 0
 2026 195  7 14  3 42  3.700  97.38    -2.4 0     0.1 0    -0.5 0    -0.3 0   396.3 0   302.712 0   302.454 0   469.0 0   302.376 0   302.362 0     0.0 0     0.0 0     0.0 0   -72.7 0   -72.7 0    29.5 0    32.5 0     3.2 0   330.5 0   903.6 0
 2026 195  7 14  3 43  3.717  97.55    -2.4 0     0.1 0    -0.5 0    -0.3 0   396.7 0   302.694 0   302.434 0   468.9 0   302.354 0   302.339 0     0.0 0     0.0 0     0.0 0   -72.2 0   -72.2 0    29.5 0    32.6 0     3.0 0   331.7 0   903.6 0
 2026 195  7 14  3 44  3.733  97.71    -2.4 0     0.0 0    -0.5 0    -0.3 0   397.1 0   302.676 0   302.422 0   468.9 0   302.334 0   302.323 0     0.0 0     0.0 0     0.0 0   -71.7 0   -71.7 0    29.5 0    32.5 0     2.9 0   331.5 0   903.6 0
 2026 195  7 14  3 45  3.750  97.88    -2.4 0     0.0 0    -0.5 0    -0.3 0   397.4 0   302.659 0   302.409 0   468.8 0   302.315 0   302.306 0     0.0 0     0.0 0     0.0 0   -71.4 0   -71.4 0    29.5 0    32.5 0     2.9 0   328.0 0   903.6 0
 2026 195  7 14  3 46  3.767  98.04    -2.4 0     0.0 0    -0.5 0    -0.3 0   397.5 0   302.645 0   302.397 0   468.6 0   302.298 0   302.288 0     0.0 0     0.0 0     0.0 0   -71.2 0   -71.2 0    29.5 0    32.5 0     2.6 0   326.7 0   903.6 0
 2026 195  7 14  3 47  3.783  98.21    -2.4 0     0.1 0    -0.5 0    -0.3 0   397.6 0   302.629 0   302.379 0   468.6 0   302.280 0   302.272 0     0.0 0     0.0 0     0.0 0   -70.9 0   -70.9 0    29.5 0    32.5 0     2.7 0   326.7 0   903.6 0
 2026 195  7 14  3 48  3.800  98.37    -2.4 0     0.1 0    -0.5 0    -0.3 0   397.7 0   302.612 0   302.360 0   468.4 0   302.263 0   302.253 0     0.0 0     0.0 0     0.0 0   -70.8 0   -70.8 0    29.5 0    32.5 0     2.6 0   323.2 0   903.7 0
 2026 195  7 14  3 49  3.817  98.54    -2.4 0     0.1 0    -0.5 0    -0.3 0   397.8 0   302.594 0   302.340 0   468.4 0   302.245 0   302.239 0     0.0 0     0.0 0     0.0 0   -70.6 0   -70.6 0    29.5 0    32.4 0     2.7 0   321.0 0   903.7 0
 2026 195  7 14  3 50  3.833  98.70    -2.3 0     0.0 0    -0.5 0    -0.3 0   398.3 0   302.575 0   302.322 0   468.3 0   302.230 0   302.227 0     0.0 0     0.0 0     0.0 0   -70.0 0   -70.0 0    29.5 0    32.4 0     2.6 0   320.8 0   903.7 0
 2026 195  7 14  3 51  3.850  98.86    -2.3 0     0.0 0    -0.5 0    -0.3 0   398.4 0   302.557 0   302.308 0   468.1 0   302.216 0   302.209 0     0.0 0     0.0 0     0.0 0   -69.7 0   -69.7 0    29.5 0    32.3 0     2.6 0   319.8 0   903.7 0
 2026 195  7 14  3 52  3.867  99.03    -2.4 0     0.0 0    -0.5 0    -0.3 0   398.5 0   302.539 0   302.292 0   468.0 0   302.200 0   302.194 0     0.0 0     0.0 0     0.0 0   -69.5 0   -69.5 0    29.5 0    32.3 0     2.3 0   313.6 0   903.7 0
 2026 195  7 14  3 53  3.883  99.19    -2.4 0     0.0 0    -0.5 0    -0.3 0   398.7 0   302.523 0   302.287 0   468.0 0   302.186 0   302.183 0     0.0 0     0.0 0     0.0 0   -69.3 0   -69.3 0    29.5 0    32.1 0     2.5 0   311.9 0   903.7 0
 2026 195  7 14  3 54  3.900  99.35    -2.4 0    -0.1 0    -0.5 0    -0.3 0   399.1 0   302.511 0   302.275 0   468.0 0   302.174 0   302.172 0     0.0 0     0.0 0     0.0 0   -68.9 0   -68.9 0    29.5 0    32.1 0     2.4 0   312.9 0   903.8 0
 2026 195  7 14  3 55  3.917  99.51    -2.4 0    -0.1 0    -0.5 0    -0.3 0   399.2 0   302.497 0   302.258 0   467.8 0   302.162 0   302.159 0     0.0 0     0.0 0     0.0 0   -68.6 0   -68.6 0    29.5 0    32.2 0     2.2 0   314.7 0   903.8 0
 2026 195  7 14  3 56  3.933  99.68    -2.3 0     0.0 0    -0.5 0    -0.3 0   399.3 0   302.482 0   302.242 0   467.7 0   302.149 0   302.145 0     0.0 0     0.0 0     0.0 0   -68.4 0   -68.4 0    29.5 0    32.2 0     2.3 0   313.0 0   903.8 0
 2026 195  7 14  3 57  3.950  99.84    -2.3 0    -0.1 0    -0.5 0    -0.3 0   399.6 0   302.467 0   302.225 0   467.7 0   302.137 0   302.134 0     0.0 0     0.0 0     0.0 0   -68.1 0   -68.1 0    29.5 0    32.0 0     2.2 0   311.4 0   903.8 0
 2026 195  7 14  3 58  3.967 100.00    -2.3 0    -0.1 0    -0.5 0    -0.3 0   400.2 0   302.450 0   302.212 0   467.4 0   302.125 0   302.120 0     0.0 0     0.0 0     0.0 0   -67.2 0   -67.2 0    29.5 0    32.2 0     1.8 0   312.2 0   903.8 0
 2026 195  7 14  3 59  3.983 100.16    -2.3 0     0.0 0    -0.5 0    -0.3 0   401.5 0   302.434 0   302.196 0   467.3 0   302.111 0   302.103 0     0.0 0     0.0 0     0.0 0   -65.7 0   -65.7 0    29.4 0    32.3 0     1.7 0   315.4 0   903.8 0
 2026 195  7 14  4  0  4.000 100.32    -2.3 0    -0.1 0    -0.5 0    -0.3 0   403.3 0   302.418 0   302.191 0   467.4 0   302.097 0   302.095 0     0.0 0     0.0 0     0.0 0   -64.1 0   -64.1 0    29.4 0    32.1 0     1.9 0   315.2 0   903.8 0
 2026 195  7 14  4  1  4.017 100.48    -2.3 0    -0.1 0    -0.5 0    -0.3 0   404.9 0   302.407 0   302.191 0   467.4 0   302.086 0   302.084 0     0.0 0     0.0 0     0.0 0   -62.5 0   -62.5 0    29.4 0    32.1 0     1.8 0   317.5 0   903.9 0
 2026 195  7 14  4  2  4.033 100.64    -2.2 0    -0.1 0    -0.5 0    -0.3 0   406.1 0   302.399 0   302.193 0   467.5 0   302.074 0   302.074 0     0.0 0     0.0 0     0.0 0   -61.4 0   -61.4 0    29.4 0    32.0 0     1.6 0   319.3 0   903.9 0
 2026 195  7 14  4  3  4.050 100.80    -2.2 0    -0.1 0    -0.4 0    -0.2 0   407.0 0   302.395 0   302.193 0   467.5 0   302.063 0   302.062 0     0.0 0     0.0 0     0.0 0   -60.5 0   -60.5 0    29.4 0    32.1 0     1.5 0   322.5 0   903.9 0
 2026 195  7 14  4  4  4.067 100.96    -2.1 0    -0.1 0    -0.4 0    -0.2 0   407.9 0   302.393 0   302.195 0   467.6 0   302.051 0   302.049 0     0.0 0     0.0 0     0.0 0   -59.7 0   -59.7 0    29.4 0    32.1 0     1.5 0   329.9 0   903.9 0
 2026 195  7 14  4  5  4.083 101.12    -2.3 0    -0.1 0    -0.4 0    -0.3 0   408.5 0   302.391 0   302.184 0   467.6 0   302.039 0   302.037 0     0.0 0     0.0 0     0.0 0   -59.1 0   -59.1 0    29.4 0    32.2 0     1.6 0   339.1 0   903.9 0
 2026 195  7 14  4  6  4.100 101.27    -2.3 0    -0.1 0    -0.4 0    -0.3 0   408.8 0   302.386 0   302.168 0   467.6 0   302.026 0   302.020 0     0.0 0     0.0 0     0.0 0   -58.8 0   -58.8 0    29.3 0    32.3 0     1.9 0   349.8 0   904.0 0
 2026 195  7 14  4  7  4.117 101.43    -2.3 0     0.0 0    -0.4 0    -0.3 0   408.5 0   302.376 0   302.138 0   467.4 0   302.009 0   301.995 0     0.0 0     0.0 0     0.0 0   -59.0 0   -59.0 0    29.3 0    32.5 0     2.7 0   355.0 0   904.0 0
 2026 195  7 14  4  8  4.133 101.59    -2.3 0     0.1 0    -0.4 0    -0.3 0   408.6 0   302.364 0   302.149 0   467.4 0   301.987 0   301.969 0     0.0 0     0.0 0     0.0 0   -58.8 0   -58.8 0    29.1 0    32.8 0     2.7 0   356.8 0   904.0 0
 2026 195  7 14  4  9  4.150 101.75    -2.3 0     0.1 0    -0.3 0    -0.3 0   408.5 0   302.359 0   302.147 0   467.4 0   301.963 0   301.942 0     0.0 0     0.0 0     0.0 0   -59.0 0   -59.0 0    29.1 0    33.0 0     3.0 0     7.2 0   904.0 0
 2026 195  7 14  4 10  4.167 101.90    -2.3 0     0.1 0    -0.3 0    -0.3 0   408.7 0   302.354 0   302.147 0   467.6 0   301.938 0   301.921 0     0.0 0     0.0 0     0.0 0   -58.9 0   -58.9 0    29.0 0    33.0 0     3.2 0     9.1 0   904.0 0
 2026 195  7 14  4 11  4.183 102.06    -2.4 0     0.1 0    -0.3 0    -0.3 0   408.9 0   302.351 0   302.150 0   467.5 0   301.916 0   301.903 0     0.0 0     0.0 0     0.0 0   -58.7 0   -58.7 0    29.0 0    33.0 0     2.6 0    13.6 0   904.0 0
 2026 195  7 14  4 12  4.200 102.21    -2.4 0     0.1 0    -0.3 0    -0.3 0   409.0 0   302.348 0   302.142 0   467.6 0   301.897 0   301.887 0     0.0 0     0.0 0     0.0 0   -58.6 0   -58.6 0    29.0 0    32.9 0     2.3 0    12.7 0   904.0 0
 2026 195  7 14  4 13  4.217 102.37    -2.4 0     0.0 0    -0.3 0    -0.3 0   409.3 0   302.344 0   302.137 0   467.7 0   301.880 0   301.876 0     0.0 0     0.0 0     0.0 0   -58.4 0   -58.4 0    29.0 0    32.8 0     2.7 0    17.0 0   904.0 0
 2026 195  7 14  4 14  4.233 102.52    -2.4 0     0.0 0    -0.3 0    -0.3 0   409.5 0   302.338 0   302.133 0   467.7 0   301.865 0   301.862 0     0.0 0     0.0 0     0.0 0   -58.2 0   -58.2 0    29.0 0    32.6 0     2.7 0    18.9 0   904.0 0
 2026 195  7 14  4 15  4.250 102.68    -2.5 0     0.0 0    -0.3 0    -0.3 0   409.4 0   302.334 0   302.132 0   467.7 0   301.852 0   301.851 0     0.0 0     0.0 0     0.0 0   -58.3 0   -58.3 0    29.1 0    32.5 0     2.4 0    16.4 0   904.0 0
 2026 195  7 14  4 16  4.267 102.83    -2.5 0     0.0 0    -0.3 0    -0.3 0   408.9 0   302.330 0   302.132 0   467.7 0   301.840 0   301.843 0     0.0 0     0.0 0     0.0 0   -58.8 0   -58.8 0    29.1 0    32.5 0     2.3 0    17.3 0   904.0 0
 2026 195  7 14  4 17  4.283 102.99    -2.5 0     0.0 0    -0.3 0    -0.3 0   408.3 0   302.329 0   302.134 0   467.8 0   301.830 0   301.835 0     0.0 0     0.0 0     0.0 0   -59.5 0   -59.5 0    29.1 0    32.4 0     2.3 0    15.9 0   904.0 0
 2026 195  7 14  4 18  4.300 103.14    -2.5 0     0.0 0    -0.3 0    -0.2 0   407.9 0   302.330 0   302.138 0   467.7 0   301.821 0   301.829 0     0.0 0     0.0 0     0.0 0   -59.8 0   -59.8 0    29.1 0    32.3 0     2.2 0    16.0 0   904.0 0
 2026 195  7 14  4 19  4.317 103.29    -2.5 0     0.0 0    -0.3 0    -0.2 0   407.7 0   302.333 0   302.148 0   467.8 0   301.813 0   301.827 0     0.0 0     0.0 0     0.0 0   -60.0 0   -60.0 0    29.2 0    32.3 0     2.4 0    11.1 0   904.0 0
 2026 195  7 14  4 20  4.333 103.45    -2.6 0     0.0 0    -0.3 0    -0.2 0   407.6 0   302.339 0   302.162 0   467.9 0   301.809 0   301.825 0     0.0 0     0.0 0     0.0 0   -60.3 0   -60.3 0    29.2 0    32.2 0     2.7 0     2.6 0   904.1 0
 2026 195  7 14  4 21  4.350 103.60    -2.6 0     0.0 0    -0.3 0    -0.2 0   407.2 0   302.348 0   302.165 0   467.9 0   301.806 0   301.821 0     0.0 0     0.0 0     0.0 0   -60.7 0   -60.7 0    29.2 0    32.2 0     2.8 0   356.7 0   904.1 0
 2026 195  7 14  4 22  4.367 103.75    -2.5 0     0.0 0    -0.3 0    -0.3 0   406.7 0   302.355 0   302.161 0   467.7 0   301.803 0   301.813 0     0.0 0     0.0 0     0.0 0   -61.0 0   -61.0 0    29.2 0    32.1 0     2.6 0   355.6 0   904.1 0
 2026 195  7 14  4 23  4.383 103.90    -2.5 0     0.0 0    -0.3 0    -0.3 0   406.4 0   302.359 0   302.162 0   467.5 0   301.798 0   301.807 0     0.0 0     0.0 0     0.0 0   -61.1 0   -61.1 0    29.2 0    32.1 0     2.3 0   359.3 0   904.1 0
 2026 195  7 14  4 24  4.400 104.05    -2.5 0     0.0 0    -0.3 0    -0.3 0   406.0 0   302.363 0   302.176 0   467.3 0   301.793 0   301.804 0     0.0 0     0.0 0     0.0 0   -61.3 0   -61.3 0    29.2 0    32.0 0     2.0 0     4.1 0   904.1 0
 2026 195  7 14  4 25  4.417 104.20    -2.6 0     0.0 0    -0.3 0    -0.2 0   405.6 0   302.370 0   302.188 0   467.3 0   301.788 0   301.800 0     0.0 0     0.0 0     0.0 0   -61.8 0   -61.8 0    29.2 0    32.0 0     1.9 0     4.3 0   904.1 0
 2026 195  7 14  4 26  4.433 104.35    -2.6 0     0.0 0    -0.3 0    -0.2 0   405.0 0   302.378 0   302.193 0   467.2 0   301.784 0   301.794 0     0.0 0     0.0 0     0.0 0   -62.2 0   -62.2 0    29.3 0    32.0 0     1.8 0     7.7 0   904.1 0
 2026 195  7 14  4 27  4.450 104.50    -2.6 0     0.0 0    -0.4 0    -0.2 0   404.6 0   302.385 0   302.196 0   467.1 0   301.779 0   301.791 0     0.0 0     0.0 0     0.0 0   -62.5 0   -62.5 0    29.3 0    32.0 0     1.8 0     9.4 0   904.1 0
 2026 195  7 14  4 28  4.467 104.65    -2.5 0     0.0 0    -0.4 0    -0.2 0   404.4 0   302.390 0   302.199 0   467.0 0   301.774 0   301.786 0     0.0 0     0.0 0     0.0 0   -62.5 0   -62.5 0    29.3 0    32.0 0     1.7 0    15.3 0   904.1 0
 2026 195  7 14  4 29  4.483 104.80    -2.5 0     0.0 0    -0.4 0    -0.2 0   404.6 0   302.393 0   302.199 0   466.9 0   301.769 0   301.782 0     0.0 0     0.0 0     0.0 0   -62.3 0   -62.3 0    29.3 0    32.0 0     1.7 0    11.8 0   904.1 0
 2026 195  7 14  4 30  4.500 104.95    -2.5 0     0.0 0    -0.4 0    -0.3 0   404.8 0   302.396 0   302.201 0   466.9 0   301.765 0   301.779 0     0.0 0     0.0 0     0.0 0   -62.1 0   -62.1 0    29.3 0    32.0 0     1.7 0     9.7 0   904.1 0
 2026 195  7 14  4 31  4.517 105.10    -2.5 0     0.0 0    -0.4 0    -0.3 0   405.2 0   302.398 0   302.206 0   466.8 0   301.761 0   301.776 0     0.0 0     0.0 0     0.0 0   -61.6 0   -61.6 0    29.3 0    32.0 0     1.6 0     1.9 0   904.1 0
 2026 195  7 14  4 32  4.533 105.24    -2.5 0     0.0 0    -0.4 0    -0.3 0   405.5 0   302.401 0   302.206 0   466.6 0   301.758 0   301.771 0     0.0 0     0.0 0     0.0 0   -61.1 0   -61.1 0    29.3 0    31.9 0     1.5 0     4.8 0   904.1 0
 2026 195  7 14  4 33  4.550 105.39    -2.5 0     0.1 0    -0.4 0    -0.3 0   406.4 0   302.401 0   302.200 0   466.5 0   301.753 0   301.765 0     0.0 0     0.0 0     0.0 0   -60.1 0   -60.1 0    29.3 0    32.0 0     1.6 0     2.9 0   904.2 0
 2026 195  7 14  4 34  4.567 105.54    -2.5 0     0.1 0    -0.4 0    -0.2 0   407.2 0   302.402 0   302.217 0   466.4 0   301.748 0   301.763 0     0.0 0     0.0 0     0.0 0   -59.2 0   -59.2 0    29.3 0    32.0 0     1.7 0     3.7 0   904.2 0
 2026 195  7 14  4 35  4.583 105.68    -2.5 0     0.0 0    -0.4 0    -0.2 0   407.6 0   302.407 0   302.218 0   466.6 0   301.744 0   301.760 0     0.0 0     0.0 0     0.0 0   -59.0 0   -59.0 0    29.3 0    32.1 0     1.8 0     0.1 0   904.2 0
 2026 195  7 14  4 36  4.600 105.83    -2.5 0     0.1 0    -0.4 0    -0.2 0   408.2 0   302.410 0   302.218 0   466.5 0   301.740 0   301.751 0     0.0 0     0.0 0     0.0 0   -58.3 0   -58.3 0    29.3 0    32.0 0     1.8 0     2.2 0   904.2 0
 2026 195  7 14  4 37  4.617 105.97    -2.4 0     0.1 0    -0.4 0    -0.3 0   408.6 0   302.412 0   302.211 0   466.5 0   301.735 0   301.745 0     0.0 0     0.0 0     0.0 0   -57.9 0   -57.9 0    29.3 0    32.2 0     1.8 0   357.9 0   904.2 0
 2026 195  7 14  4 38  4.633 106.12    -2.4 0     0.1 0    -0.4 0    -0.3 0   409.0 0   302.409 0   302.201 0   466.5 0   301.728 0   301.737 0     0.0 0     0.0 0     0.0 0   -57.5 0   -57.5 0    29.2 0    32.4 0     1.9 0   351.5 0   904.2 0
 2026 195  7 14  4 39  4.650 106.26    -2.4 0     0.1 0    -0.4 0    -0.3 0   409.6 0   302.404 0   302.188 0   466.5 0   301.722 0   301.727 0     0.0 0     0.0 0     0.0 0   -56.9 0   -56.9 0    29.2 0    32.4 0     1.9 0   354.2 0   904.2 0
 2026 195  7 14  4 40  4.667 106.41    -2.4 0     0.1 0    -0.4 0    -0.3 0   410.4 0   302.396 0   302.182 0   466.4 0   301.713 0   301.716 0     0.0 0     0.0 0     0.0 0   -56.0 0   -56.0 0    29.1 0    32.5 0     1.6 0   359.2 0   904.2 0
 2026 195  7 14  4 41  4.683 106.55    -2.4 0     0.1 0    -0.4 0    -0.3 0   411.3 0   302.388 0   302.175 0   466.5 0   301.704 0   301.707 0     0.0 0     0.0 0     0.0 0   -55.1 0   -55.1 0    29.1 0    32.6 0     1.8 0   356.2 0   904.2 0
 2026 195  7 14  4 42  4.700 106.69    -2.3 0     0.1 0    -0.4 0    -0.3 0   412.1 0   302.380 0   302.158 0   466.3 0   301.693 0   301.692 0     0.0 0     0.0 0     0.0 0   -54.2 0   -54.2 0    29.1 0    32.7 0     1.6 0   353.8 0   904.2 0
 2026 195  7 14  4 43  4.717 106.84    -2.3 0     0.1 0    -0.4 0    -0.3 0   413.0 0   302.367 0   302.142 0   466.1 0   301.681 0   301.678 0     0.0 0     0.0 0     0.0 0   -53.1 0   -53.1 0    29.0 0    32.9 0     1.5 0   353.8 0   904.2 0
 2026 195  7 14  4 44  4.733 106.98    -2.2 0     0.1 0    -0.4 0    -0.3 0   414.1 0   302.351 0   302.128 0   466.1 0   301.667 0   301.664 0     0.0 0     0.0 0     0.0 0   -52.0 0   -52.0 0    29.0 0    33.0 0     1.5 0   355.0 0   904.3 0
 2026 195  7 14  4 45  4.750 107.12    -2.2 0     0.1 0    -0.4 0    -0.3 0   415.1 0   302.336 0   302.125 0   466.2 0   301.654 0   301.651 0     0.0 0     0.0 0     0.0 0   -51.1 0   -51.1 0    28.9 0    33.1 0     1.4 0   359.2 0   904.3 0
 2026 195  7 14  4 46  4.767 107.26    -2.2 0     0.1 0    -0.4 0    -0.3 0   415.8 0   302.324 0   302.120 0   466.3 0   301.640 0   301.640 0     0.0 0     0.0 0     0.0 0   -50.5 0   -50.5 0    28.9 0    33.2 0     1.3 0   359.0 0   904.3 0
 2026 195  7 14  4 47  4.783 107.40    -2.2 0     0.0 0    -0.4 0    -0.2 0   416.2 0   302.314 0   302.113 0   466.4 0   301.628 0   301.632 0     0.0 0     0.0 0     0.0 0   -50.2 0   -50.2 0    28.9 0    33.3 0     1.0 0    10.1 0   904.3 0
 2026 195  7 14  4 48  4.800 107.54    -2.2 0     0.0 0    -0.4 0    -0.3 0   416.3 0   302.303 0   302.098 0   466.2 0   301.618 0   301.620 0     0.0 0     0.0 0     0.0 0   -49.9 0   -49.9 0    28.9 0    33.2 0     0.8 0     9.8 0   904.3 0
 2026 195  7 14  4 49  4.817 107.68    -2.2 0     0.0 0    -0.4 0    -0.3 0   416.5 0   302.290 0   302.082 0   466.0 0   301.606 0   301.607 0     0.0 0     0.0 0     0.0 0   -49.5 0   -49.5 0    28.9 0    33.2 0     0.8 0     5.3 0   904.3 0
 2026 195  7 14  4 50  4.833 107.82    -2.1 0     0.0 0    -0.4 0    -0.3 0   416.7 0   302.276 0   302.068 0   465.8 0   301.595 0   301.593 0     0.0 0     0.0 0     0.0 0   -49.1 0   -49.1 0    28.9 0    33.2 0     0.9 0    12.9 0   904.3 0
 2026 195  7 14  4 51  4.850 107.96    -2.1 0     0.0 0    -0.4 0    -0.3 0   416.9 0   302.261 0   302.051 0   465.8 0   301.582 0   301.577 0     0.0 0     0.0 0     0.0 0   -48.9 0   -48.9 0    28.9 0    33.2 0     0.9 0    13.6 0   904.3 0
 2026 195  7 14  4 52  4.867 108.10    -2.1 0     0.0 0    -0.4 0    -0.3 0   417.1 0   302.245 0   302.036 0   465.8 0   301.568 0   301.566 0     0.0 0     0.0 0     0.0 0   -48.6 0   -48.6 0    28.8 0    33.3 0     0.9 0    12.1 0   904.3 0
 2026 195  7 14  4 53  4.883 108.23    -2.1 0     0.0 0    -0.4 0    -0.3 0   417.3 0   302.229 0   302.022 0   465.7 0   301.555 0   301.552 0     0.0 0     0.0 0     0.0 0   -48.4 0   -48.4 0    28.8 0    33.3 0     0.6 0    13.8 0   904.3 0
 2026 195  7 14  4 54  4.900 108.37    -2.1 0     0.0 0    -0.4 0    -0.3 0   417.6 0   302.214 0   302.012 0   465.7 0   301.542 0   301.541 0     0.0 0     0.0 0     0.0 0   -48.0 0   -48.0 0    28.8 0    33.4 0     0.7 0    15.8 0   904.3 0
 2026 195  7 14  4 55  4.917 108.51    -2.1 0     0.0 0    -0.4 0    -0.2 0   417.8 0   302.201 0   302.003 0   465.8 0   301.530 0   301.532 0     0.0 0     0.0 0     0.0 0   -47.9 0   -47.9 0    28.8 0    33.5 0     0.8 0     9.5 0   904.3 0
 2026 195  7 14  4 56  4.933 108.64    -2.1 0     0.0 0    -0.4 0    -0.2 0   418.0 0   302.188 0   301.988 0   465.6 0   301.518 0   301.521 0     0.0 0     0.0 0     0.0 0   -47.6 0   -47.6 0    28.8 0    33.3 0     0.6 0    16.7 0   904.3 0
 2026 195  7 14  4 57  4.950 108.78    -2.0 0     0.0 0    -0.4 0    -0.3 0   418.1 0   302.174 0   301.966 0   465.4 0   301.507 0   301.507 0     0.0 0     0.0 0     0.0 0   -47.3 0   -47.3 0    28.8 0    33.2 0     0.4 0    26.4 0   904.4 0
 2026 195  7 14  4 58  4.967 108.91    -2.0 0     0.0 0    -0.4 0    -0.3 0   418.2 0   302.158 0   301.953 0   465.3 0   301.494 0   301.491 0     0.0 0     0.0 0     0.0 0   -47.1 0   -47.1 0    28.8 0    33.2 0     0.2 0    17.9 0   904.4 0
 2026 195  7 14  4 59  4.983 109.05    -2.0 0     0.1 0    -0.4 0    -0.3 0   418.2 0   302.141 0   301.937 0   465.2 0   301.481 0   301.478 0     0.0 0     0.0 0     0.0 0   -47.0 0   -47.0 0    28.8 0    33.2 0     0.0 0     0.0 0   904.4 0
 2026 195  7 14  5  0  5.000 109.18    -2.0 0     0.0 0    -0.4 0    -0.2 0   418.1 0   302.126 0   301.922 0   465.2 0   301.468 0   301.465 0     0.0 0     0.0 0     0.0 0   -47.1 0   -47.1 0    28.8 0    33.2 0     0.0 0     0.0 0   904.4 0
 2026 195  7 14  5  1  5.017 109.32    -1.9 0     0.0 0    -0.4 0    -0.3 0   418.1 0   302.109 0   301.896 0   465.2 0   301.455 0   301.452 0     0.0 0     0.0 0     0.0 0   -47.1 0   -47.1 0    28.8 0    33.3 0     0.0 0     0.0 0   904.4 0
 2026 195  7 14  5  2  5.033 109.45    -1.8 0     0.0 0    -0.5 0    -0.3 0   418.1 0   302.087 0   301.867 0   465.2 0   301.441 0   301.438 0     0.0 0     0.0 0     0.0 0   -47.1 0   -47.1 0    28.7 0    33.3 0     0.0 0     0.0 0   904.5 0
 2026 195  7 14  5  3  5.050 109.58    -1.8 0     0.0 0    -0.5 0    -0.3 0   418.2 0   302.064 0   301.848 0   465.3 0   301.428 0   301.425 0     0.0 0     0.0 0     0.0 0   -47.1 0   -47.1 0    28.7 0    33.2 0     0.1 0   115.4 0   904.5 0
 2026 195  7 14  5  4  5.067 109.71    -1.9 0     0.0 0    -0.5 0    -0.3 0   418.2 0   302.042 0   301.829 0   465.3 0   301.414 0   301.412 0     0.0 0     0.0 0     0.0 0   -47.1 0   -47.1 0    28.7 0    33.1 0     0.8 0   124.6 0   904.5 0
 2026 195  7 14  5  5  5.083 109.85    -2.0 0     0.0 0    -0.5 0    -0.3 0   417.9 0   302.021 0   301.797 0   465.3 0   301.401 0   301.400 0     0.0 0     0.0 0     0.0 0   -47.4 0   -47.4 0    28.7 0    33.2 0     1.1 0   130.2 0   904.5 0
 2026 195  7 14  5  6  5.100 109.98    -1.9 0     0.0 0    -0.5 0    -0.3 0   417.7 0   301.995 0   301.762 0   465.6 0   301.388 0   301.391 0     0.0 0     0.0 0     0.0 0   -47.9 0   -47.9 0    28.7 0    33.2 0     1.3 0   129.7 0   904.5 0
 2026 195  7 14  5  7  5.117 110.11    -2.0 0     0.0 0    -0.4 0    -0.3 0   417.8 0   301.968 0   301.744 0   465.7 0   301.379 0   301.384 0     0.0 0     0.0 0     0.0 0   -47.9 0   -47.9 0    28.8 0    33.2 0     1.4 0   134.4 0   904.5 0
 2026 195  7 14  5  8  5.133 110.24    -2.0 0     0.0 0    -0.4 0    -0.3 0   417.9 0   301.945 0   301.738 0   465.9 0   301.371 0   301.379 0     0.0 0     0.0 0     0.0 0   -48.0 0   -48.0 0    28.8 0    33.2 0     1.3 0   131.7 0   904.5 0
 2026 195  7 14  5  9  5.150 110.37    -2.1 0     0.0 0    -0.4 0    -0.2 0   418.2 0   301.929 0   301.741 0   466.1 0   301.366 0   301.375 0     0.0 0     0.0 0     0.0 0   -47.9 0   -47.9 0    28.9 0    33.2 0     1.0 0   119.8 0   904.5 0
 2026 195  7 14  5 10  5.167 110.49    -2.2 0     0.0 0    -0.4 0    -0.2 0   418.4 0   301.922 0   301.753 0   466.0 0   301.362 0   301.373 0     0.0 0     0.0 0     0.0 0   -47.6 0   -47.6 0    28.9 0    33.2 0     1.1 0   139.9 0   904.5 0
 2026 195  7 14  5 11  5.183 110.62    -2.3 0     0.0 0    -0.3 0    -0.2 0   418.7 0   301.923 0   301.777 0   466.6 0   301.359 0   301.380 0     0.0 0     0.0 0     0.0 0   -47.9 0   -47.9 0    28.9 0    33.4 0     0.8 0   183.5 0   904.5 0
 2026 195  7 14  5 12  5.200 110.75    -2.3 0    -0.1 0    -0.3 0    -0.2 0   418.8 0   301.933 0   301.791 0   467.3 0   301.361 0   301.391 0     0.0 0     0.0 0     0.0 0   -48.5 0   -48.5 0    29.0 0    33.5 0     1.3 0   186.9 0   904.5 0
 2026 195  7 14  5 13  5.217 110.88    -2.4 0     0.0 0    -0.3 0    -0.2 0   418.9 0   301.948 0   301.819 0   467.4 0   301.367 0   301.401 0     0.0 0     0.0 0     0.0 0   -48.5 0   -48.5 0    29.0 0    33.4 0     1.3 0   118.3 0   904.5 0
 2026 195  7 14  5 14  5.233 111.00    -2.5 0     0.1 0    -0.2 0    -0.2 0   419.0 0   301.967 0   301.839 0   467.4 0   301.372 0   301.409 0     0.0 0     0.0 0     0.0 0   -48.4 0   -48.4 0    29.1 0    33.3 0     1.0 0    94.7 0   904.5 0
 2026 195  7 14  5 15  5.250 111.13    -2.6 0     0.2 0    -0.3 0    -0.2 0   419.2 0   301.986 0   301.859 0   467.5 0   301.377 0   301.407 0     0.0 0     0.0 0     0.0 0   -48.2 0   -48.2 0    29.1 0    33.3 0     0.3 0   119.1 0   904.5 0
 2026 195  7 14  5 16  5.267 111.25    -2.6 0     0.2 0    -0.2 0    -0.2 0   419.4 0   302.006 0   301.880 0   467.6 0   301.381 0   301.411 0     0.0 0     0.0 0     0.0 0   -48.2 0   -48.2 0    29.1 0    33.3 0     0.3 0   190.6 0   904.5 0
 2026 195  7 14  5 17  5.283 111.38    -2.6 0     0.3 0    -0.2 0    -0.2 0   419.6 0   302.028 0   301.902 0   467.7 0   301.386 0   301.414 0     0.0 0     0.0 0     0.0 0   -48.0 0   -48.0 0    29.2 0    33.3 0     0.7 0   294.8 0   904.5 0
 2026 195  7 14  5 18  5.300 111.50    -2.6 0     0.3 0    -0.2 0    -0.2 0   420.0 0   302.050 0   301.934 0   467.8 0   301.391 0   301.426 0     0.0 0     0.0 0     0.0 0   -47.8 0   -47.8 0    29.2 0    33.2 0     0.2 0   340.8 0   904.5 0
 2026 195  7 14  5 19  5.317 111.63    -2.7 0     0.3 0    -0.2 0    -0.2 0   420.4 0   302.075 0   301.964 0   467.6 0   301.396 0   301.427 0     0.0 0     0.0 0     0.0 0   -47.2 0   -47.2 0    29.2 0    33.2 0     0.0 0   209.2 0   904.5 0
 2026 195  7 14  5 20  5.333 111.75    -2.6 0     0.3 0    -0.1 0    -0.2 0   420.7 0   302.107 0   302.007 0   467.5 0   301.399 0   301.427 0     0.0 0     0.0 0     0.0 0   -46.9 0   -46.9 0    29.2 0    33.2 0     0.0 0     0.0 0   904.5 0
 2026 195  7 14  5 21  5.350 111.87    -2.6 0     0.4 0    -0.2 0    -0.2 0   420.9 0   302.138 0   302.022 0   467.4 0   301.400 0   301.421 0     0.0 0     0.0 0     0.0 0   -46.5 0   -46.5 0    29.2 0    33.2 0     0.3 0   353.4 0   904.5 0
 2026 195  7 14  5 22  5.367 111.99    -2.6 0     0.3 0    -0.2 0    -0.2 0   421.1 0   302.166 0   302.054 0   467.7 0   301.404 0   301.438 0     0.0 0     0.0 0     0.0 0   -46.6 0   -46.6 0    29.2 0    33.2 0     1.7 0   345.2 0   904.5 0
 2026 195  7 14  5 23  5.383 112.11    -2.6 0     0.2 0    -0.1 0    -0.2 0   421.5 0   302.197 0   302.097 0   467.9 0   301.413 0   301.451 0     0.0 0     0.0 0     0.0 0   -46.4 0   -46.4 0    29.3 0    33.1 0     1.0 0   328.2 0   904.5 0
 2026 195  7 14  5 24  5.400 112.24    -2.6 0     0.2 0    -0.1 0    -0.2 0   421.4 0   302.235 0   302.142 0   467.7 0   301.424 0   301.471 0     0.0 0     0.0 0     0.0 0   -46.3 0   -46.3 0    29.3 0    33.0 0     0.3 0   319.4 0   904.5 0
 2026 195  7 14  5 25  5.417 112.35    -2.6 0     0.3 0    -0.1 0    -0.2 0   421.4 0   302.271 0   302.154 0   467.5 0   301.432 0   301.471 0     0.0 0     0.0 0     0.0 0   -46.1 0   -46.1 0    29.3 0    33.0 0     0.6 0   347.5 0   904.5 0
 2026 195  7 14  5 26  5.433 112.47    -2.5 0     0.3 0    -0.2 0    -0.2 0   421.6 0   302.300 0   302.183 0   467.4 0   301.437 0   301.472 0     0.0 0     0.0 0     0.0 0   -45.9 0   -45.9 0    29.3 0    32.9 0     1.0 0   337.5 0   904.5 0
 2026 195  7 14  5 27  5.450 112.59    -2.4 0     0.3 0    -0.2 0    -0.2 0   421.4 0   302.326 0   302.194 0   467.3 0   301.444 0   301.480 0     0.0 0     0.0 0     0.0 0   -45.9 0   -45.9 0    29.3 0    32.9 0     0.5 0    19.8 0   904.5 0
 2026 195  7 14  5 28  5.467 112.71    -2.4 0     0.3 0    -0.2 0    -0.2 0   421.6 0   302.347 0   302.209 0   467.3 0   301.449 0   301.481 0     0.0 0     0.0 0     0.0 0   -45.7 0   -45.7 0    29.4 0    32.8 0     0.5 0   356.2 0   904.5 0
 2026 195  7 14  5 29  5.483 112.83    -2.4 0     0.3 0    -0.2 0    -0.2 0   421.6 0   302.366 0   302.225 0   467.0 0   301.452 0   301.477 0     0.0 0     0.0 0     0.0 0   -45.4 0   -45.4 0    29.4 0    32.8 0     0.6 0   358.1 0   904.5 0
 2026 195  7 14  5 30  5.500 112.95    -2.4 0     0.3 0    -0.2 0    -0.2 0   421.4 0   302.382 0   302.223 0   467.0 0   301.453 0   301.474 0     0.0 0     0.0 0     0.0 0   -45.6 0   -45.6 0    29.4 0    32.9 0     0.6 0   348.1 0   904.4 0
 2026 195  7 14  5 31  5.517 113.06    -2.4 0     0.3 0    -0.2 0    -0.2 0   421.8 0   302.388 0   302.224 0   467.1 0   301.455 0   301.481 0     0.0 0     0.0 0     0.0 0   -45.3 0   -45.3 0    29.3 0    32.9 0     0.6 0   357.5 0   904.4 0
 2026 195  7 14  5 32  5.533 113.18    -2.4 0     0.3 0    -0.2 0    -0.2 0   421.8 0   302.398 0   302.258 0   467.2 0   301.457 0   301.483 0     0.0 0     0.0 0     0.0 0   -45.4 0   -45.4 0    29.3 0    32.9 0     1.0 0   329.9 0   904.4 0
 2026 195  7 14  5 33  5.550 113.29    -2.4 0     0.2 0    -0.2 0    -0.2 0   421.9 0   302.414 0   302.273 0   467.2 0   301.461 0   301.485 0     0.0 0     0.0 0     0.0 0   -45.3 0   -45.3 0    29.4 0    32.8 0     0.9 0   313.4 0   904.4 0
 2026 195  7 14  5 34  5.567 113.41    -2.4 0     0.2 0    -0.3 0    -0.2 0   421.7 0   302.429 0   302.276 0   467.0 0   301.465 0   301.484 0     0.0 0     0.0 0     0.0 0   -45.3 0   -45.3 0    29.4 0    32.8 0     0.0 0   306.5 0   904.4 0
 2026 195  7 14  5 35  5.583 113.52    -2.4 0     0.2 0    -0.3 0    -0.2 0   421.4 0   302.436 0   302.256 0   466.7 0   301.466 0   301.480 0     0.0 0     0.0 0     0.0 0   -45.3 0   -45.3 0    29.4 0    32.8 0     0.6 0   275.2 0   904.4 0
 2026 195  7 14  5 36  5.600 113.63    -2.3 0     0.2 0    -0.4 0    -0.2 0   421.1 0   302.433 0   302.238 0   466.9 0   301.465 0   301.482 0     0.0 0     0.0 0     0.0 0   -45.7 0   -45.7 0    29.3 0    32.9 0     0.9 0   257.0 0   904.4 0
 2026 195  7 14  5 37  5.617 113.75    -2.2 0     0.2 0    -0.4 0    -0.3 0   420.9 0   302.423 0   302.214 0   466.8 0   301.466 0   301.478 0     0.0 0     0.0 0     0.0 0   -45.9 0   -45.9 0    29.3 0    33.0 0     0.7 0   252.4 0   904.4 0
 2026 195  7 14  5 38  5.633 113.86    -2.1 0     0.2 0    -0.4 0    -0.3 0   420.6 0   302.407 0   302.193 0   466.7 0   301.466 0   301.477 0     0.0 0     0.0 0     0.0 0   -46.1 0   -46.1 0    29.3 0    33.0 0     0.7 0   273.4 0   904.4 0
 2026 195  7 14  5 39  5.650 113.97    -2.1 0     0.2 0    -0.4 0    -0.3 0   420.5 0   302.387 0   302.168 0   466.7 0   301.464 0   301.475 0     0.0 0     0.0 0     0.0 0   -46.1 0   -46.1 0    29.3 0    33.0 0     0.6 0   287.1 0   904.4 0
 2026 195  7 14  5 40  5.667 114.08    -2.1 0     0.2 0    -0.4 0    -0.3 0   420.7 0   302.365 0   302.149 0   466.5 0   301.463 0   301.473 0     0.0 0     0.0 0     0.0 0   -45.9 0   -45.9 0    29.3 0    33.0 0     0.6 0   302.0 0   904.4 0
 2026 195  7 14  5 41  5.683 114.19    -2.1 0     0.2 0    -0.4 0    -0.2 0   420.4 0   302.347 0   302.148 0   466.4 0   301.461 0   301.470 0     0.0 0     0.0 0     0.0 0   -46.0 0   -46.0 0    29.3 0    33.0 0     0.7 0   314.3 0   904.4 0
 2026 195  7 14  5 42  5.700 114.30    -2.1 0     0.1 0    -0.4 0    -0.2 0   420.5 0   302.332 0   302.140 0   466.2 0   301.459 0   301.468 0     0.0 0     0.0 0     0.0 0   -45.7 0   -45.7 0    29.3 0    33.0 0     0.8 0   320.2 0   904.4 0
 2026 195  7 14  5 43  5.717 114.41    -2.1 0     0.1 0    -0.4 0    -0.2 0   420.2 0   302.321 0   302.130 0   466.1 0   301.457 0   301.467 0     0.0 0     0.0 0     0.0 0   -45.9 0   -45.9 0    29.3 0    33.1 0     0.8 0   324.6 0   904.4 0
 2026 195  7 14  5 44  5.733 114.51    -2.0 0     0.1 0    -0.4 0    -0.3 0   420.0 0   302.309 0   302.107 0   466.0 0   301.455 0   301.464 0     0.0 0     0.0 0     0.0 0   -46.0 0   -46.0 0    29.2 0    33.1 0     1.0 0   327.6 0   904.4 0
 2026 195  7 14  5 45  5.750 114.62    -2.0 0     0.0 0    -0.4 0    -0.2 0   419.9 0   302.295 0   302.101 0   466.1 0   301.452 0   301.467 0     0.0 0     0.0 0     0.0 0   -46.1 0   -46.1 0    29.2 0    33.2 0     1.0 0   330.4 0   904.4 0
 2026 195  7 14  5 46  5.767 114.73    -2.0 0     0.0 0    -0.4 0    -0.3 0   419.6 0   302.283 0   302.085 0   466.0 0   301.452 0   301.472 0     0.0 0     0.0 0     0.0 0   -46.5 0   -46.5 0    29.2 0    33.2 0     1.2 0   325.4 0   904.4 0
 2026 195  7 14  5 47  5.783 114.83    -2.0 0     0.0 0    -0.4 0    -0.3 0   419.4 0   302.271 0   302.078 0   465.9 0   301.454 0   301.471 0     0.0 0     0.0 0     0.0 0   -46.5 0   -46.5 0    29.2 0    33.1 0     1.0 0   332.2 0   904.4 0
 2026 195  7 14  5 48  5.800 114.94    -2.0 0     0.0 0    -0.4 0    -0.2 0   419.5 0   302.262 0   302.076 0   465.9 0   301.454 0   301.466 0     0.0 0     0.0 0     0.0 0   -46.4 0   -46.4 0    29.2 0    33.2 0     1.1 0   336.5 0   904.5 0
 2026 195  7 14  5 49  5.817 115.04    -2.0 0     0.0 0    -0.4 0    -0.2 0   419.4 0   302.257 0   302.076 0   466.0 0   301.454 0   301.468 0     0.0 0     0.0 0     0.0 0   -46.7 0   -46.7 0    29.2 0    33.2 0     1.0 0   353.8 0   904.5 0
 2026 195  7 14  5 50  5.833 115.15    -2.0 0    -0.1 0    -0.3 0    -0.2 0   419.2 0   302.252 0   302.072 0   466.0 0   301.455 0   301.472 0     0.0 0     0.0 0     0.0 0   -46.8 0   -46.8 0    29.2 0    33.2 0     0.9 0     7.5 0   904.4 0
 2026 195  7 14  5 51  5.850 115.25    -2.1 0     0.0 0    -0.3 0    -0.2 0   419.3 0   302.248 0   302.067 0   465.7 0   301.455 0   301.469 0     0.0 0     0.0 0     0.0 0   -46.5 0   -46.5 0    29.2 0    33.2 0     1.0 0    24.0 0   904.4 0
 2026 195  7 14  5 52  5.867 115.35    -2.1 0     0.0 0    -0.3 0    -0.3 0   419.2 0   302.242 0   302.055 0   465.6 0   301.453 0   301.466 0     0.0 0     0.0 0     0.0 0   -46.5 0   -46.5 0    29.2 0    33.2 0     0.9 0    27.0 0   904.4 0
 2026 195  7 14  5 53  5.883 115.46    -2.0 0     0.1 0    -0.3 0    -0.3 0   419.5 0   302.234 0   302.049 0   465.5 0   301.450 0   301.458 0     0.0 0     0.0 0     0.0 0   -46.0 0   -46.0 0    29.2 0    33.2 0     1.2 0    38.7 0   904.4 0
 2026 195  7 14  5 54  5.900 115.56    -2.0 0     0.1 0    -0.3 0    -0.2 0   419.4 0   302.230 0   302.057 0   465.3 0   301.447 0   301.452 0     0.0 0     0.0 0     0.0 0   -45.9 0   -45.9 0    29.1 0    33.2 0     1.5 0    41.2 0   904.4 0
 2026 195  7 14  5 55  5.917 115.66    -2.0 0     0.1 0    -0.3 0    -0.2 0   419.4 0   302.227 0   302.046 0   465.4 0   301.444 0   301.449 0     0.0 0     0.0 0     0.0 0   -45.9 0   -45.9 0    29.1 0    33.2 0     1.6 0    46.3 0   904.4 0
 2026 195  7 14  5 56  5.933 115.76    -2.0 0     0.0 0    -0.3 0    -0.2 0   419.5 0   302.223 0   302.048 0   465.7 0   301.442 0   301.451 0     0.0 0     0.0 0     0.0 0   -46.2 0   -46.2 0    29.2 0    33.2 0     1.4 0    47.3 0   904.4 0
 2026 195  7 14  5 57  5.950 115.85    -2.1 0     0.0 0    -0.3 0    -0.2 0   419.5 0   302.221 0   302.047 0   465.6 0   301.443 0   301.451 0     0.0 0     0.0 0     0.0 0   -46.1 0   -46.1 0    29.2 0    33.1 0     1.0 0    52.0 0   904.4 0
 2026 195  7 14  5 58  5.967 115.95    -2.1 0     0.0 0    -0.3 0    -0.2 0   419.9 0   302.220 0   302.053 0   465.4 0   301.443 0   301.449 0     0.0 0     0.0 0     0.0 0   -45.5 0   -45.5 0    29.2 0    33.1 0     0.7 0    49.7 0   904.4 0
 2026 195  7 14  5 59  5.983 116.05    -2.1 0     0.0 0    -0.3 0    -0.2 0   420.1 0   302.222 0   302.060 0   465.3 0   301.441 0   301.446 0     0.0 0     0.0 0     0.0 0   -45.2 0   -45.2 0    29.2 0    33.0 0     0.6 0    40.7 0   904.4 0
 2026 195  7 14  6  0  6.000 116.15    -2.2 0     0.0 0    -0.4 0    -0.2 0   420.1 0   302.224 0   302.044 0   465.4 0   301.439 0   301.446 0     0.0 0     0.0 0     0.0 0   -45.2 0   -45.2 0    29.2 0    32.9 0     0.3 0    35.8 0   904.4 0
 2026 195  7 14  6  1  6.017 116.24    -2.2 0     0.0 0    -0.4 0    -0.2 0   420.5 0   302.221 0   302.052 0   465.2 0   301.436 0   301.445 0     0.0 0     0.0 0     0.0 0   -44.7 0   -44.7 0    29.2 0    32.9 0     0.0 0    37.9 0   904.4 0
 2026 195  7 14  6  2  6.033 116.34    -2.2 0     0.0 0    -0.4 0    -0.2 0   420.8 0   302.222 0   302.057 0   465.2 0   301.433 0   301.445 0     0.0 0     0.0 0     0.0 0   -44.4 0   -44.4 0    29.2 0    32.9 0     0.0 0     0.0 0   904.4 0
 2026 195  7 14  6  3  6.050 116.43    -2.1 0     0.1 0    -0.4 0    -0.2 0   420.9 0   302.224 0   302.061 0   465.2 0   301.429 0   301.439 0     0.0 0     0.0 0     0.0 0   -44.3 0   -44.3 0    29.2 0    32.8 0     0.0 0     0.0 0   904.4 0
 2026 195  7 14  6  4  6.067 116.53    -2.1 0     0.1 0    -0.4 0    -0.2 0   421.2 0   302.226 0   302.063 0   465.3 0   301.424 0   301.435 0     0.0 0     0.0 0     0.0 0   -44.1 0   -44.1 0    29.2 0    32.7 0     0.0 0     0.0 0   904.4 0
 2026 195  7 14  6  5  6.083 116.62    -2.3 0     0.1 0    -0.4 0    -0.2 0   421.5 0   302.230 0   302.079 0   465.4 0   301.419 0   301.431 0     0.0 0     0.0 0     0.0 0   -43.9 0   -43.9 0    29.2 0    32.7 0     0.0 0     0.0 0   904.4 0
 2026 195  7 14  6  6  6.100 116.71    -2.3 0     0.1 0    -0.4 0    -0.2 0   421.2 0   302.237 0   302.078 0   465.4 0   301.415 0   301.434 0     0.0 0     0.0 0     0.0 0   -44.1 0   -44.1 0    29.2 0    32.7 0     0.0 0     0.0 0   904.4 0
 2026 195  7 14  6  7  6.117 116.80    -2.2 0     0.1 0    -0.4 0    -0.2 0   421.3 0   302.237 0   302.059 0   465.1 0   301.412 0   301.426 0     0.0 0     0.0 0     0.0 0   -43.8 0   -43.8 0    29.2 0    32.9 0     0.5 0   282.2 0   904.4 0
 2026 195  7 14  6  8  6.133 116.89    -2.0 0     0.2 0    -0.4 0    -0.2 0   420.5 0   302.231 0   302.030 0   464.8 0   301.405 0   301.412 0     0.0 0     0.0 0     0.0 0   -44.4 0   -44.4 0    29.1 0    33.1 0     1.0 0   277.4 0   904.4 0
 2026 195  7 14  6  9  6.150 116.98    -2.1 0     0.2 0    -0.4 0    -0.3 0   420.6 0   302.218 0   302.021 0   465.1 0   301.399 0   301.410 0     0.0 0     0.0 0     0.0 0   -44.5 0   -44.5 0    29.1 0    33.0 0     0.4 0   232.7 0   904.4 0
 2026 195  7 14  6 10  6.167 117.07    -2.0 0     0.1 0    -0.4 0    -0.3 0   420.6 0   302.205 0   301.997 0   465.3 0   301.395 0   301.406 0     0.0 0     0.0 0     0.0 0   -44.7 0   -44.7 0    29.1 0    33.0 0     0.6 0   253.0 0   904.4 0
 2026 195  7 14  6 11  6.183 117.16    -2.2 0     0.1 0    -0.4 0    -0.2 0   420.4 0   302.189 0   301.987 0   465.5 0   301.393 0   301.406 0     0.0 0     0.0 0     0.0 0   -45.1 0   -45.1 0    29.2 0    32.9 0     0.6 0   273.6 0   904.4 0
 2026 195  7 14  6 12  6.200 117.25    -2.1 0     0.1 0    -0.4 0    -0.3 0   420.0 0   302.172 0   301.968 0   465.6 0   301.392 0   301.406 0     0.0 0     0.0 0     0.0 0   -45.6 0   -45.6 0    29.2 0    32.8 0     0.8 0   291.1 0   904.3 0
 2026 195  7 14  6 13  6.217 117.34    -2.0 0     0.1 0    -0.4 0    -0.3 0   419.7 0   302.157 0   301.961 0   465.6 0   301.393 0   301.410 0     0.0 0     0.0 0     0.0 0   -45.9 0   -45.9 0    29.3 0    32.8 0     1.1 0   296.8 0   904.3 0
 2026 195  7 14  6 14  6.233 117.42    -2.0 0     0.0 0    -0.4 0    -0.3 0   419.4 0   302.143 0   301.941 0   465.7 0   301.397 0   301.423 0     0.0 0     0.0 0     0.0 0   -46.3 0   -46.3 0    29.3 0    32.6 0     1.5 0   307.0 0   904.3 0
 2026 195  7 14  6 15  6.250 117.51    -2.1 0     0.0 0    -0.4 0    -0.3 0   419.3 0   302.127 0   301.923 0   465.7 0   301.404 0   301.424 0     0.0 0     0.0 0     0.0 0   -46.4 0   -46.4 0    29.4 0    32.7 0     1.5 0   285.9 0   904.3 0
 2026 195  7 14  6 16  6.267 117.59    -2.0 0     0.0 0    -0.4 0    -0.3 0   419.0 0   302.109 0   301.899 0   465.5 0   301.409 0   301.423 0     0.0 0     0.0 0     0.0 0   -46.6 0   -46.6 0    29.3 0    32.7 0     1.5 0   289.0 0   904.3 0
 2026 195  7 14  6 17  6.283 117.68    -2.0 0     0.0 0    -0.4 0    -0.3 0   418.9 0   302.089 0   301.882 0   465.6 0   301.413 0   301.433 0     0.0 0     0.0 0     0.0 0   -46.7 0   -46.7 0    29.3 0    32.7 0     1.9 0   294.7 0   904.3 0
 2026 195  7 14  6 18  6.300 117.76    -2.0 0    -0.1 0    -0.4 0    -0.3 0   418.7 0   302.073 0   301.885 0   465.4 0   301.421 0   301.439 0     0.0 0     0.0 0     0.0 0   -46.6 0   -46.6 0    29.4 0    32.7 0     1.8 0   301.8 0   904.3 0
 2026 195  7 14  6 19  6.317 117.84    -2.1 0    -0.1 0    -0.4 0    -0.2 0   418.5 0   302.064 0   301.886 0   465.4 0   301.428 0   301.447 0     0.0 0     0.0 0     0.0 0   -46.9 0   -46.9 0    29.3 0    32.7 0     1.9 0   298.8 0   904.3 0
 2026 195  7 14  6 20  6.333 117.92    -2.2 0    -0.2 0    -0.4 0    -0.2 0   418.3 0   302.061 0   301.896 0   465.7 0   301.436 0   301.457 0     0.0 0     0.0 0     0.0 0   -47.4 0   -47.4 0    29.3 0    32.8 0     2.2 0   304.0 0   904.3 0
 2026 195  7 14  6 21  6.350 118.01    -2.3 0    -0.2 0    -0.4 0    -0.2 0   417.7 0   302.063 0   301.892 0   465.9 0   301.446 0   301.467 0     0.0 0     0.0 0     0.0 0   -48.2 0   -48.2 0    29.3 0    32.8 0     2.0 0   304.6 0   904.3 0
 2026 195  7 14  6 22  6.367 118.09    -2.2 0    -0.2 0    -0.4 0    -0.2 0   417.2 0   302.061 0   301.876 0   465.6 0   301.454 0   301.468 0     0.0 0     0.0 0     0.0 0   -48.4 0   -48.4 0    29.3 0    32.8 0     1.8 0   308.0 0   904.3 0
 2026 195  7 14  6 23  6.383 118.17    -2.1 0    -0.1 0    -0.4 0    -0.3 0   416.8 0   302.055 0   301.863 0   465.0 0   301.457 0   301.463 0     0.0 0     0.0 0     0.0 0   -48.2 0   -48.2 0    29.2 0    33.0 0     1.7 0   300.9 0   904.3 0
 2026 195  7 14  6 24  6.400 118.24    -2.1 0     0.0 0    -0.4 0    -0.3 0   416.4 0   302.047 0   301.851 0   464.7 0   301.455 0   301.458 0     0.0 0     0.0 0     0.0 0   -48.3 0   -48.3 0    29.1 0    33.2 0     1.7 0   300.6 0   904.3 0
 2026 195  7 14  6 25  6.417 118.32    -2.1 0     0.0 0    -0.4 0    -0.3 0   416.3 0   302.037 0   301.841 0   464.4 0   301.452 0   301.453 0     0.0 0     0.0 0     0.0 0   -48.1 0   -48.1 0    29.1 0    33.3 0     1.6 0   294.5 0   904.3 0
 2026 195  7 14  6 26  6.433 118.40    -2.1 0     0.0 0    -0.4 0    -0.3 0   416.2 0   302.026 0   301.819 0   463.9 0   301.446 0   301.443 0     0.0 0     0.0 0     0.0 0   -47.7 0   -47.7 0    29.0 0    33.4 0     1.1 0   287.3 0   904.3 0
 2026 195  7 14  6 27  6.450 118.47    -2.1 0     0.1 0    -0.4 0    -0.3 0   416.2 0   302.012 0   301.802 0   462.7 0   301.436 0   301.421 0     0.0 0     0.0 0     0.0 0   -46.5 0   -46.5 0    28.9 0    34.9 0     0.9 0   241.3 0   904.3 0
 2026 195  7 14  6 28  6.467 118.55    -2.0 0     0.2 0    -0.4 0    -0.3 0   416.0 0   301.994 0   301.773 0   462.3 0   301.415 0   301.394 0     0.0 0     0.0 0     0.0 0   -46.4 0   -46.4 0    28.7 0    35.9 0     1.2 0   231.7 0   904.3 0
 2026 195  7 14  6 29  6.483 118.62    -1.8 0     0.1 0    -0.5 0    -0.3 0   415.1 0   301.967 0   301.703 0   462.2 0   301.392 0   301.376 0     0.0 0     0.0 0     0.0 0   -47.1 0   -47.1 0    28.5 0    36.1 0     0.9 0   230.1 0   904.3 0
 2026 195  7 14  6 30  6.500 118.70    -1.7 0     0.0 0    -0.5 0    -0.3 0   414.9 0   301.924 0   301.640 0   462.6 0   301.371 0   301.362 0     0.0 0     0.0 0     0.0 0   -47.7 0   -47.7 0    28.4 0    35.5 0     0.4 0   250.9 0   904.3 0
 2026 195  7 14  6 31  6.517 118.77    -1.7 0    -0.1 0    -0.5 0    -0.3 0   414.7 0   301.874 0   301.593 0   462.8 0   301.356 0   301.352 0     0.0 0     0.0 0     0.0 0   -48.1 0   -48.1 0    28.4 0    35.3 0     0.1 0   294.8 0   904.3 0
 2026 195  7 14  6 32  6.533 118.84    -1.7 0    -0.2 0    -0.5 0    -0.3 0   414.6 0   301.824 0   301.548 0   462.6 0   301.343 0   301.338 0     0.0 0     0.0 0     0.0 0   -48.0 0   -48.0 0    28.4 0    35.2 0     0.3 0   296.4 0   904.3 0
 2026 195  7 14  6 33  6.550 118.91    -1.7 0    -0.2 0    -0.5 0    -0.3 0   414.6 0   301.776 0   301.514 0   462.3 0   301.329 0   301.323 0     0.0 0     0.0 0     0.0 0   -47.7 0   -47.7 0    28.4 0    35.2 0     0.1 0   328.9 0   904.3 0
 2026 195  7 14  6 34  6.567 118.98    -1.7 0    -0.2 0    -0.5 0    -0.3 0   414.8 0   301.734 0   301.486 0   462.2 0   301.315 0   301.309 0     0.0 0     0.0 0     0.0 0   -47.4 0   -47.4 0    28.4 0    35.2 0     0.0 0     0.0 0   904.3 0
 2026 195  7 14  6 35  6.583 119.05    -1.8 0    -0.2 0    -0.5 0    -0.3 0   414.8 0   301.697 0   301.464 0   462.2 0   301.300 0   301.296 0     0.0 0     0.0 0     0.0 0   -47.4 0   -47.4 0    28.5 0    35.1 0     0.1 0   319.7 0   904.2 0
 2026 195  7 14  6 36  6.600 119.12    -1.9 0    -0.2 0    -0.5 0    -0.3 0   414.7 0   301.666 0   301.438 0   461.9 0   301.286 0   301.281 0     0.0 0     0.0 0     0.0 0   -47.3 0   -47.3 0    28.5 0    35.1 0     0.0 0   320.3 0   904.2 0
 2026 195  7 14  6 37  6.617 119.19    -1.9 0    -0.2 0    -0.5 0    -0.3 0   414.8 0   301.636 0   301.410 0   461.8 0   301.271 0   301.267 0     0.0 0     0.0 0     0.0 0   -47.0 0   -47.0 0    28.5 0    35.1 0     0.1 0   317.8 0   904.2 0
 2026 195  7 14  6 38  6.633 119.26    -1.8 0    -0.2 0    -0.5 0    -0.2 0   414.8 0   301.609 0   301.392 0   461.6 0   301.257 0   301.252 0     0.0 0     0.0 0     0.0 0   -46.8 0   -46.8 0    28.5 0    35.2 0     0.0 0     0.0 0   904.2 0
 2026 195  7 14  6 39  6.650 119.32    -1.8 0    -0.2 0    -0.5 0    -0.2 0   414.8 0   301.584 0   301.370 0   461.5 0   301.242 0   301.237 0     0.0 0     0.0 0     0.0 0   -46.7 0   -46.7 0    28.5 0    35.3 0     0.0 0     0.0 0   904.2 0
 2026 195  7 14  6 40  6.667 119.39    -1.8 0    -0.2 0    -0.5 0    -0.2 0   414.8 0   301.561 0   301.347 0   461.5 0   301.227 0   301.224 0     0.0 0     0.0 0     0.0 0   -46.6 0   -46.6 0    28.4 0    35.3 0     0.0 0     0.0 0   904.2 0
 2026 195  7 14  6 41  6.683 119.45    -1.8 0    -0.2 0    -0.5 0    -0.2 0   414.7 0   301.539 0   301.330 0   461.3 0   301.213 0   301.215 0     0.0 0     0.0 0     0.0 0   -46.6 0   -46.6 0    28.4 0    35.3 0     0.0 0     0.0 0   904.2 0
 2026 195  7 14  6 42  6.700 119.52    -1.8 0    -0.2 0    -0.5 0    -0.3 0   414.6 0   301.519 0   301.310 0   461.1 0   301.201 0   301.201 0     0.0 0     0.0 0     0.0 0   -46.5 0   -46.5 0    28.4 0    35.4 0     0.0 0     0.0 0   904.3 0
 2026 195  7 14  6 43  6.717 119.58    -1.8 0    -0.2 0    -0.5 0    -0.3 0   414.2 0   301.498 0   301.280 0   461.0 0   301.186 0   301.184 0     0.0 0     0.0 0     0.0 0   -46.8 0   -46.8 0    28.4 0    35.6 0     0.0 0     0.0 0   904.3 0
 2026 195  7 14  6 44  6.733 119.64    -1.6 0    -0.2 0    -0.6 0    -0.3 0   413.8 0   301.470 0   301.215 0   461.0 0   301.171 0   301.166 0     0.0 0     0.0 0     0.0 0   -47.2 0   -47.2 0    28.3 0    35.9 0     0.0 0     0.0 0   904.3 0
 2026 195  7 14  6 45  6.750 119.70    -1.6 0    -0.1 0    -0.5 0    -0.4 0   414.0 0   301.428 0   301.154 0   460.7 0   301.153 0   301.142 0     0.0 0     0.0 0     0.0 0   -46.7 0   -46.7 0    28.3 0    36.1 0     0.0 0     0.0 0   904.3 0
 2026 195  7 14  6 46  6.767 119.76    -1.6 0    -0.1 0    -0.5 0    -0.3 0   414.2 0   301.379 0   301.110 0   460.5 0   301.132 0   301.120 0     0.0 0     0.0 0     0.0 0   -46.3 0   -46.3 0    28.2 0    36.8 0     0.4 0   103.5 0   904.3 0
 2026 195  7 14  6 47  6.783 119.82    -1.6 0    -0.1 0    -0.5 0    -0.3 0   414.2 0   301.330 0   301.064 0   460.5 0   301.111 0   301.099 0     0.0 0     0.0 0     0.0 0   -46.3 0   -46.3 0    28.2 0    37.0 0     0.6 0    95.0 0   904.3 0
 2026 195  7 14  6 48  6.800 119.88    -1.6 0    -0.1 0    -0.5 0    -0.3 0   414.0 0   301.284 0   301.026 0   460.4 0   301.088 0   301.076 0     0.0 0     0.0 0     0.0 0   -46.4 0   -46.4 0    28.1 0    37.1 0     0.6 0    85.6 0   904.3 0
 2026 195  7 14  6 49  6.817 119.94    -1.6 0    -0.2 0    -0.5 0    -0.3 0   413.8 0   301.240 0   300.991 0   460.4 0   301.066 0   301.054 0     0.0 0     0.0 0     0.0 0   -46.7 0   -46.7 0    28.1 0    37.2 0     0.8 0    86.2 0   904.3 0
 2026 195  7 14  6 50  6.833 119.99    -1.7 0    -0.2 0    -0.5 0    -0.3 0   413.5 0   301.200 0   300.965 0   460.4 0   301.043 0   301.032 0     0.0 0     0.0 0     0.0 0   -46.9 0   -46.9 0    28.1 0    37.4 0     0.7 0    83.6 0   904.3 0
 2026 195  7 14  6 51  6.850 120.05    -1.7 0    -0.2 0    -0.5 0    -0.3 0   413.1 0   301.166 0   300.938 0   460.4 0   301.020 0   301.008 0     0.0 0     0.0 0     0.0 0   -47.2 0   -47.2 0    28.1 0    37.6 0     0.7 0    78.9 0   904.3 0
 2026 195  7 14  6 52  6.867 120.10    -1.7 0    -0.2 0    -0.5 0    -0.3 0   412.6 0   301.136 0   300.924 0   460.4 0   300.996 0   300.985 0     0.0 0     0.0 0     0.0 0   -47.8 0   -47.8 0    28.0 0    37.2 0     1.0 0    76.1 0   904.3 0
 2026 195  7 14  6 53  6.883 120.16    -1.8 0    -0.2 0    -0.5 0    -0.2 0   412.2 0   301.113 0   300.914 0   460.3 0   300.973 0   300.962 0     0.0 0     0.0 0     0.0 0   -48.2 0   -48.2 0    28.0 0    36.5 0     1.1 0    66.4 0   904.3 0
 2026 195  7 14  6 54  6.900 120.21    -1.8 0    -0.2 0    -0.5 0    -0.2 0   411.6 0   301.098 0   300.918 0   460.3 0   300.952 0   300.941 0     0.0 0     0.0 0     0.0 0   -48.6 0   -48.6 0    28.0 0    36.0 0     1.2 0    60.6 0   904.3 0
 2026 195  7 14  6 55  6.917 120.26    -1.9 0    -0.2 0    -0.4 0    -0.2 0   411.2 0   301.093 0   300.935 0   460.2 0   300.932 0   300.924 0     0.0 0     0.0 0     0.0 0   -49.0 0   -49.0 0    28.1 0    35.3 0     1.2 0    52.9 0   904.3 0
 2026 195  7 14  6 56  6.933 120.32    -2.0 0    -0.2 0    -0.4 0    -0.2 0   410.4 0   301.098 0   300.963 0   460.2 0   300.915 0   300.911 0     0.0 0     0.0 0     0.0 0   -49.8 0   -49.8 0    28.2 0    35.0 0     1.2 0    52.0 0   904.3 0
 2026 195  7 14  6 57  6.950 120.37    -2.1 0    -0.3 0    -0.4 0    -0.2 0   409.4 0   301.114 0   300.987 0   460.4 0   300.902 0   300.904 0     0.0 0     0.0 0     0.0 0   -51.0 0   -51.0 0    28.3 0    34.9 0     1.0 0    49.8 0   904.3 0
 2026 195  7 14  6 58  6.967 120.42    -2.2 0    -0.3 0    -0.4 0    -0.2 0   408.4 0   301.134 0   301.003 0   460.2 0   300.893 0   300.894 0     0.0 0     0.0 0     0.0 0   -51.8 0   -51.8 0    28.4 0    34.3 0     1.1 0    49.3 0   904.3 0
 2026 195  7 14  6 59  6.983 120.46    -2.2 0    -0.2 0    -0.3 0    -0.2 0   407.6 0   301.155 0   301.029 0   460.2 0   300.884 0   300.884 0     0.0 0     0.0 0     0.0 0   -52.6 0   -52.6 0    28.4 0    34.3 0     1.0 0    47.9 0   904.3 0
 2026 195  7 14  7  0  7.000 120.51    -2.2 0    -0.2 0    -0.3 0    -0.2 0   407.1 0   301.179 0   301.058 0   460.0 0   300.875 0   300.876 0     0.0 0     0.0 0     0.0 0   -52.9 0   -52.9 0    28.5 0    34.1 0     1.1 0    39.7 0   904.4 0
 2026 195  7 14  7  1  7.017 120.56    -2.2 0    -0.1 0    -0.4 0    -0.2 0   406.7 0   301.204 0   301.065 0   459.9 0   300.867 0   300.870 0     0.0 0     0.0 0     0.0 0   -53.2 0   -53.2 0    28.5 0    34.0 0     1.2 0    33.1 0   904.4 0
 2026 195  7 14  7  2  7.033 120.61    -2.1 0    -0.1 0    -0.4 0    -0.2 0   406.5 0   301.221 0   301.062 0   459.8 0   300.861 0   300.864 0     0.0 0     0.0 0     0.0 0   -53.3 0   -53.3 0    28.5 0    34.0 0     1.4 0    37.3 0   904.3 0
 2026 195  7 14  7  3  7.050 120.65    -2.1 0     0.0 0    -0.4 0    -0.2 0   406.1 0   301.230 0   301.059 0   459.5 0   300.855 0   300.855 0     0.0 0     0.0 0     0.0 0   -53.4 0   -53.4 0    28.6 0    33.7 0     1.6 0    43.3 0   904.3 0
 2026 195  7 14  7  4  7.067 120.69    -2.1 0     0.0 0    -0.4 0    -0.3 0   406.1 0   301.233 0   301.049 0   459.4 0   300.849 0   300.849 0     0.0 0     0.0 0     0.0 0   -53.3 0   -53.3 0    28.6 0    33.7 0     1.8 0    39.8 0   904.3 0
 2026 195  7 14  7  5  7.083 120.74    -2.2 0     0.0 0    -0.4 0    -0.2 0   406.2 0   301.233 0   301.055 0   459.2 0   300.843 0   300.844 0     0.0 0     0.0 0     0.0 0   -53.0 0   -53.0 0    28.6 0    33.7 0     1.7 0    35.5 0   904.3 0
 2026 195  7 14  7  6  7.100 120.78    -2.2 0     0.0 0    -0.4 0    -0.2 0   406.8 0   301.234 0   301.062 0   459.1 0   300.837 0   300.839 0     0.0 0     0.0 0     0.0 0   -52.4 0   -52.4 0    28.6 0    33.7 0     1.8 0    32.8 0   904.3 0
 2026 195  7 14  7  7  7.117 120.82    -2.2 0    -0.1 0    -0.4 0    -0.2 0   407.0 0   301.240 0   301.085 0   459.4 0   300.833 0   300.845 0     0.0 0     0.0 0     0.0 0   -52.4 0   -52.4 0    28.6 0    33.8 0     1.7 0    28.4 0   904.3 0
 2026 195  7 14  7  8  7.133 120.86    -2.3 0    -0.1 0    -0.4 0    -0.2 0   406.9 0   301.251 0   301.092 0   459.5 0   300.831 0   300.852 0     0.0 0     0.0 0     0.0 0   -52.6 0   -52.6 0    28.6 0    33.9 0     1.7 0    20.1 0   904.3 0
 2026 195  7 14  7  9  7.150 120.90    -2.4 0    -0.2 0    -0.4 0    -0.2 0   406.7 0   301.260 0   301.100 0   459.8 0   300.833 0   300.869 0     0.0 0     0.0 0     0.0 0   -53.2 0   -53.2 0    28.7 0    33.9 0     1.6 0    10.3 0   904.3 0
 2026 195  7 14  7 10  7.167 120.94    -2.5 0    -0.2 0    -0.3 0    -0.2 0   406.5 0   301.271 0   301.125 0   459.7 0   300.838 0   300.867 0     0.0 0     0.0 0     0.0 0   -53.3 0   -53.3 0    28.7 0    33.7 0     1.4 0     7.8 0   904.3 0
 2026 195  7 14  7 11  7.183 120.98    -2.5 0    -0.2 0    -0.3 0    -0.2 0   406.1 0   301.288 0   301.145 0   459.8 0   300.843 0   300.878 0     0.0 0     0.0 0     0.0 0   -53.7 0   -53.7 0    28.8 0    33.7 0     1.3 0    10.1 0   904.3 0
 2026 195  7 14  7 12  7.200 121.02    -2.5 0    -0.1 0    -0.3 0    -0.2 0   405.8 0   301.306 0   301.154 0   459.7 0   300.848 0   300.878 0     0.0 0     0.0 0     0.0 0   -53.9 0   -53.9 0    28.8 0    33.6 0     1.4 0     3.8 0   904.3 0
 2026 195  7 14  7 13  7.217 121.05    -2.4 0    -0.1 0    -0.3 0    -0.2 0   406.2 0   301.320 0   301.158 0   459.6 0   300.852 0   300.874 0     0.0 0     0.0 0     0.0 0   -53.4 0   -53.4 0    28.8 0    33.6 0     1.3 0   358.8 0   904.3 0
 2026 195  7 14  7 14  7.233 121.09    -2.4 0    -0.1 0    -0.3 0    -0.2 0   406.8 0   301.330 0   301.168 0   459.7 0   300.856 0   300.877 0     0.0 0     0.0 0     0.0 0   -52.9 0   -52.9 0    28.9 0    33.6 0     1.4 0   348.2 0   904.3 0
 2026 195  7 14  7 15  7.250 121.12    -2.3 0    -0.1 0    -0.3 0    -0.2 0   407.5 0   301.341 0   301.192 0   459.7 0   300.862 0   300.882 0     0.0 0     0.0 0     0.0 0   -52.2 0   -52.2 0    28.9 0    33.5 0     1.4 0   359.5 0   904.3 0
 2026 195  7 14  7 16  7.267 121.15    -2.3 0    -0.1 0    -0.3 0    -0.2 0   408.1 0   301.356 0   301.220 0   459.8 0   300.868 0   300.887 0     0.0 0     0.0 0     0.0 0   -51.8 0   -51.8 0    28.9 0    33.5 0     1.3 0   351.2 0   904.3 0
 2026 195  7 14  7 17  7.283 121.19    -2.4 0    -0.1 0    -0.3 0    -0.2 0   408.4 0   301.376 0   301.232 0   459.6 0   300.873 0   300.894 0     0.0 0     0.0 0     0.0 0   -51.3 0   -51.3 0    28.9 0    33.3 0     1.2 0     5.6 0   904.4 0
 2026 195  7 14  7 18  7.300 121.22    -2.4 0     0.0 0    -0.3 0    -0.2 0   409.0 0   301.390 0   301.232 0   459.3 0   300.877 0   300.898 0     0.0 0     0.0 0     0.0 0   -50.4 0   -50.4 0    28.9 0    33.3 0     1.0 0    10.4 0   904.4 0
 2026 195  7 14  7 19  7.317 121.25    -2.4 0     0.0 0    -0.3 0    -0.2 0   409.4 0   301.402 0   301.243 0   459.1 0   300.879 0   300.896 0     0.0 0     0.0 0     0.0 0   -49.7 0   -49.7 0    28.9 0    33.3 0     1.0 0     1.2 0   904.4 0
 2026 195  7 14  7 20  7.333 121.28    -2.4 0     0.0 0    -0.3 0    -0.2 0   409.7 0   301.411 0   301.237 0   459.1 0   300.878 0   300.895 0     0.0 0     0.0 0     0.0 0   -49.4 0   -49.4 0    28.8 0    33.5 0     1.2 0     0.7 0   904.4 0
 2026 195  7 14  7 21  7.350 121.31    -2.4 0     0.0 0    -0.3 0    -0.3 0   409.7 0   301.414 0   301.227 0   458.9 0   300.878 0   300.900 0     0.0 0     0.0 0     0.0 0   -49.3 0   -49.3 0    28.8 0    33.5 0     1.4 0     4.9 0   904.4 0
 2026 195  7 14  7 22  7.367 121.33    -2.3 0     0.0 0    -0.3 0    -0.3 0   409.1 0   301.410 0   301.216 0   458.8 0   300.878 0   300.908 0     0.0 0     0.0 0     0.0 0   -49.6 0   -49.6 0    28.8 0    33.5 0     1.6 0     6.0 0   904.4 0
 2026 195  7 14  7 23  7.383 121.36    -2.3 0     0.0 0    -0.3 0    -0.3 0   408.3 0   301.405 0   301.211 0   458.6 0   300.878 0   300.899 0     0.0 0     0.0 0     0.0 0   -50.4 0   -50.4 0    28.7 0    33.5 0     1.5 0    12.6 0   904.4 0
 2026 195  7 14  7 24  7.400 121.39    -2.4 0     0.1 0    -0.3 0    -0.3 0   407.0 0   301.399 0   301.200 0   458.6 0   300.876 0   300.890 0     0.0 0     0.0 0     0.0 0   -51.6 0   -51.6 0    28.7 0    33.6 0     1.4 0    13.6 0   904.4 0
 2026 195  7 14  7 25  7.417 121.41    -2.3 0     0.0 0    -0.4 0    -0.3 0   405.8 0   301.390 0   301.168 0   458.9 0   300.872 0   300.890 0     0.0 0     0.0 0     0.0 0   -53.1 0   -53.1 0    28.6 0    33.8 0     1.8 0     8.4 0   904.4 0
 2026 195  7 14  7 26  7.433 121.43    -2.3 0    -0.1 0    -0.3 0    -0.3 0   404.8 0   301.374 0   301.151 0   459.0 0   300.870 0   300.892 0     0.0 0     0.0 0     0.0 0   -54.2 0   -54.2 0    28.6 0    33.8 0     1.9 0     8.4 0   904.4 0
 2026 195  7 14  7 27  7.450 121.46    -2.3 0     0.0 0    -0.4 0    -0.3 0   403.7 0   301.360 0   301.143 0   459.0 0   300.868 0   300.883 0     0.0 0     0.0 0     0.0 0   -55.2 0   -55.2 0    28.6 0    33.9 0     2.0 0     3.9 0   904.4 0
 2026 195  7 14  7 28  7.467 121.48    -2.3 0     0.0 0    -0.4 0    -0.3 0   402.9 0   301.346 0   301.127 0   458.8 0   300.865 0   300.874 0     0.0 0     0.0 0     0.0 0   -55.9 0   -55.9 0    28.5 0    33.9 0     1.9 0     6.0 0   904.4 0
 2026 195  7 14  7 29  7.483 121.50    -2.3 0     0.0 0    -0.4 0    -0.3 0   402.6 0   301.331 0   301.111 0   458.5 0   300.857 0   300.858 0     0.0 0     0.0 0     0.0 0   -55.9 0   -55.9 0    28.4 0    34.1 0     2.0 0     3.6 0   904.3 0
 2026 195  7 14  7 30  7.500 121.52    -2.3 0     0.0 0    -0.4 0    -0.3 0   402.3 0   301.319 0   301.109 0   458.6 0   300.848 0   300.850 0     0.0 0     0.0 0     0.0 0   -56.3 0   -56.3 0    28.4 0    34.4 0     2.3 0   356.1 0   904.3 0
 2026 195  7 14  7 31  7.517 121.54    -2.3 0     0.0 0    -0.4 0    -0.3 0   401.8 0   301.310 0   301.095 0   458.6 0   300.839 0   300.843 0     0.0 0     0.0 0     0.0 0   -56.7 0   -56.7 0    28.4 0    34.5 0     2.4 0   352.6 0   904.3 0
 2026 195  7 14  7 32  7.533 121.56    -2.3 0    -0.1 0    -0.4 0    -0.3 0   401.2 0   301.299 0   301.076 0   458.5 0   300.832 0   300.839 0     0.0 0     0.0 0     0.0 0   -57.3 0   -57.3 0    28.4 0    34.8 0     2.5 0   351.4 0   904.3 0
 2026 195  7 14  7 33  7.550 121.58    -2.3 0    -0.2 0    -0.4 0    -0.3 0   400.2 0   301.286 0   301.060 0   458.3 0   300.828 0   300.840 0     0.0 0     0.0 0     0.0 0   -58.2 0   -58.2 0    28.4 0    34.5 0     2.3 0   351.6 0   904.3 0
 2026 195  7 14  7 34  7.567 121.59    -2.3 0    -0.2 0    -0.4 0    -0.3 0   399.1 0   301.272 0   301.043 0   458.0 0   300.826 0   300.832 0     0.0 0     0.0 0     0.0 0   -58.8 0   -58.8 0    28.4 0    34.4 0     2.3 0   350.1 0   904.3 0
 2026 195  7 14  7 35  7.583 121.61    -2.2 0    -0.1 0    -0.4 0    -0.3 0   398.2 0   301.257 0   301.024 0   457.8 0   300.821 0   300.823 0     0.0 0     0.0 0     0.0 0   -59.6 0   -59.6 0    28.4 0    34.4 0     2.2 0   347.8 0   904.3 0
 2026 195  7 14  7 36  7.600 121.62    -2.2 0    -0.1 0    -0.4 0    -0.3 0   397.1 0   301.240 0   301.005 0   457.5 0   300.814 0   300.815 0     0.0 0     0.0 0     0.0 0   -60.3 0   -60.3 0    28.4 0    34.5 0     2.1 0   346.8 0   904.3 0
 2026 195  7 14  7 37  7.617 121.63    -2.2 0    -0.1 0    -0.4 0    -0.3 0   396.0 0   301.222 0   300.984 0   457.1 0   300.806 0   300.804 0     0.0 0     0.0 0     0.0 0   -61.0 0   -61.0 0    28.3 0    34.5 0     2.0 0   348.6 0   904.3 0
 2026 195  7 14  7 38  7.633 121.65    -2.2 0    -0.1 0    -0.5 0    -0.3 0   394.6 0   301.205 0   300.979 0   456.8 0   300.796 0   300.793 0     0.0 0     0.0 0     0.0 0   -62.2 0   -62.2 0    28.3 0    34.5 0     1.8 0   349.2 0   904.3 0
 2026 195  7 14  7 39  7.650 121.66    -2.3 0    -0.1 0    -0.5 0    -0.3 0   393.0 0   301.192 0   300.968 0   456.6 0   300.784 0   300.779 0     0.0 0     0.0 0     0.0 0   -63.6 0   -63.6 0    28.3 0    34.6 0     1.8 0   345.0 0   904.2 0
 2026 195  7 14  7 40  7.667 121.67    -2.3 0    -0.1 0    -0.5 0    -0.3 0   391.6 0   301.180 0   300.956 0   456.4 0   300.772 0   300.766 0     0.0 0     0.0 0     0.0 0   -64.8 0   -64.8 0    28.2 0    34.6 0     1.8 0   344.8 0   904.2 0
 2026 195  7 14  7 41  7.683 121.68    -2.3 0    -0.1 0    -0.5 0    -0.3 0   390.5 0   301.168 0   300.937 0   456.2 0   300.759 0   300.751 0     0.0 0     0.0 0     0.0 0   -65.7 0   -65.7 0    28.2 0    34.8 0     1.8 0   347.2 0   904.2 0
 2026 195  7 14  7 42  7.700 121.69    -2.3 0    -0.1 0    -0.5 0    -0.3 0   389.8 0   301.152 0   300.910 0   456.0 0   300.743 0   300.735 0     0.0 0     0.0 0     0.0 0   -66.2 0   -66.2 0    28.1 0    35.2 0     1.8 0   348.5 0   904.2 0
 2026 195  7 14  7 43  7.717 121.70    -2.3 0    -0.1 0    -0.6 0    -0.3 0   389.4 0   301.133 0   300.885 0   455.7 0   300.727 0   300.717 0     0.0 0     0.0 0     0.0 0   -66.3 0   -66.3 0    28.1 0    35.3 0     1.8 0   350.2 0   904.2 0
 2026 195  7 14  7 44  7.733 121.70    -2.3 0    -0.1 0    -0.6 0    -0.3 0   389.0 0   301.111 0   300.857 0   455.5 0   300.709 0   300.696 0     0.0 0     0.0 0     0.0 0   -66.5 0   -66.5 0    28.0 0    35.5 0     1.8 0   352.3 0   904.2 0
 2026 195  7 14  7 45  7.750 121.71    -2.3 0    -0.1 0    -0.6 0    -0.3 0   388.6 0   301.086 0   300.829 0   455.2 0   300.690 0   300.675 0     0.0 0     0.0 0     0.0 0   -66.5 0   -66.5 0    28.0 0    35.5 0     1.8 0     4.6 0   904.2 0
 2026 195  7 14  7 46  7.767 121.71    -2.2 0     0.0 0    -0.6 0    -0.3 0   388.3 0   301.059 0   300.795 0   454.8 0   300.668 0   300.648 0     0.0 0     0.0 0     0.0 0   -66.4 0   -66.4 0    27.9 0    35.6 0     1.8 0    11.6 0   904.2 0
 2026 195  7 14  7 47  7.783 121.72    -2.2 0     0.0 0    -0.6 0    -0.3 0   388.3 0   301.030 0   300.775 0   454.6 0   300.645 0   300.627 0     0.0 0     0.0 0     0.0 0   -66.3 0   -66.3 0    27.9 0    35.7 0     2.1 0    21.5 0   904.3 0
 2026 195  7 14  7 48  7.800 121.72    -2.2 0     0.0 0    -0.6 0    -0.3 0   388.5 0   301.006 0   300.765 0   454.5 0   300.622 0   300.606 0     0.0 0     0.0 0     0.0 0   -66.0 0   -66.0 0    27.9 0    35.6 0     2.2 0    23.7 0   904.3 0
 2026 195  7 14  7 49  7.817 121.72    -2.3 0    -0.1 0    -0.6 0    -0.3 0   388.7 0   300.988 0   300.762 0   454.6 0   300.600 0   300.589 0     0.0 0     0.0 0     0.0 0   -65.9 0   -65.9 0    27.8 0    35.7 0     2.1 0    22.9 0   904.3 0
 2026 195  7 14  7 50  7.833 121.72    -2.4 0    -0.1 0    -0.6 0    -0.3 0   388.5 0   300.975 0   300.753 0   454.6 0   300.581 0   300.570 0     0.0 0     0.0 0     0.0 0   -66.1 0   -66.1 0    27.9 0    35.6 0     2.0 0    17.7 0   904.3 0
 2026 195  7 14  7 51  7.850 121.72    -2.4 0    -0.1 0    -0.6 0    -0.3 0   388.5 0   300.964 0   300.744 0   454.6 0   300.561 0   300.553 0     0.0 0     0.0 0     0.0 0   -66.1 0   -66.1 0    27.8 0    35.7 0     2.2 0    23.6 0   904.3 0
 2026 195  7 14  7 52  7.867 121.72    -2.4 0    -0.2 0    -0.5 0    -0.3 0   388.4 0   300.956 0   300.739 0   454.8 0   300.544 0   300.545 0     0.0 0     0.0 0     0.0 0   -66.5 0   -66.5 0    27.9 0    35.6 0     2.4 0    23.7 0   904.3 0
 2026 195  7 14  7 53  7.883 121.72    -2.5 0    -0.2 0    -0.5 0    -0.3 0   388.2 0   300.949 0   300.729 0   455.0 0   300.530 0   300.533 0     0.0 0     0.0 0     0.0 0   -66.7 0   -66.7 0    27.9 0    35.3 0     2.5 0    19.6 0   904.3 0
 2026 195  7 14  7 54  7.900 121.72    -2.5 0    -0.3 0    -0.5 0    -0.3 0   388.5 0   300.943 0   300.727 0   455.2 0   300.520 0   300.536 0     0.0 0     0.0 0     0.0 0   -66.7 0   -66.7 0    28.0 0    35.2 0     2.4 0    12.7 0   904.3 0
 2026 195  7 14  7 55  7.917 121.71    -2.5 0    -0.3 0    -0.5 0    -0.3 0   388.2 0   300.939 0   300.734 0   455.3 0   300.518 0   300.543 0     0.0 0     0.0 0     0.0 0   -67.1 0   -67.1 0    28.1 0    34.7 0     2.5 0     8.5 0   904.3 0
 2026 195  7 14  7 56  7.933 121.71    -2.5 0    -0.3 0    -0.5 0    -0.3 0   387.8 0   300.937 0   300.720 0   454.9 0   300.517 0   300.534 0     0.0 0     0.0 0     0.0 0   -67.1 0   -67.1 0    28.2 0    34.3 0     2.2 0    10.5 0   904.3 0
 2026 195  7 14  7 57  7.950 121.70    -2.4 0    -0.2 0    -0.5 0    -0.3 0   388.2 0   300.932 0   300.718 0   454.4 0   300.512 0   300.514 0     0.0 0     0.0 0     0.0 0   -66.2 0   -66.2 0    28.1 0    34.4 0     2.1 0     7.5 0   904.3 0
 2026 195  7 14  7 58  7.967 121.70    -2.5 0    -0.2 0    -0.5 0    -0.3 0   388.2 0   300.930 0   300.732 0   454.4 0   300.503 0   300.515 0     0.0 0     0.0 0     0.0 0   -66.2 0   -66.2 0    28.1 0    34.5 0     2.2 0     8.1 0   904.3 0
 2026 195  7 14  7 59  7.983 121.69    -2.6 0    -0.1 0    -0.5 0    -0.3 0   388.3 0   300.932 0   300.722 0   454.3 0   300.496 0   300.505 0     0.0 0     0.0 0     0.0 0   -66.1 0   -66.1 0    28.1 0    34.4 0     2.3 0   357.9 0   904.3 0
 2026 195  7 14  8  0  8.000 121.68    -2.5 0     0.0 0    -0.5 0    -0.3 0   387.8 0   300.929 0   300.695 0   453.5 0   300.487 0   300.479 0     0.0 0     0.0 0     0.0 0   -65.8 0   -65.8 0    28.0 0    34.6 0     2.1 0   349.1 0   904.3 0
 2026 195  7 14  8  1  8.017 121.67    -2.3 0    -0.1 0    -0.5 0    -0.3 0   387.8 0   300.913 0   300.647 0   453.7 0   300.474 0   300.476 0     0.0 0     0.0 0     0.0 0   -65.9 0   -65.9 0    28.0 0    34.7 0     2.2 0   350.4 0   904.3 0
 2026 195  7 14  8  2  8.033 121.66    -2.1 0    -0.2 0    -0.5 0    -0.3 0   388.4 0   300.888 0   300.640 0   453.7 0   300.467 0   300.474 0     0.0 0     0.0 0     0.0 0   -65.3 0   -65.3 0    28.1 0    34.5 0     2.4 0   350.9 0   904.2 0
 2026 195  7 14  8  3  8.050 121.65    -2.1 0    -0.3 0    -0.5 0    -0.3 0   388.5 0   300.870 0   300.644 0   453.8 0   300.465 0   300.476 0     0.0 0     0.0 0     0.0 0   -65.3 0   -65.3 0    28.2 0    34.2 0     2.3 0   349.0 0   904.2 0
 2026 195  7 14  8  4  8.067 121.64    -2.2 0    -0.4 0    -0.5 0    -0.3 0   388.2 0   300.860 0   300.644 0   454.1 0   300.466 0   300.480 0     0.0 0     0.0 0     0.0 0   -65.9 0   -65.9 0    28.2 0    34.0 0     2.3 0   343.5 0   904.2 0
 2026 195  7 14  8  5  8.083 121.62    -2.3 0    -0.4 0    -0.5 0    -0.3 0   388.1 0   300.850 0   300.616 0   453.9 0   300.471 0   300.486 0     0.0 0     0.0 0     0.0 0   -65.8 0   -65.8 0    28.3 0    33.9 0     2.0 0   337.6 0   904.2 0
 2026 195  7 14  8  6  8.100 121.61    -2.2 0    -0.3 0    -0.5 0    -0.3 0   388.2 0   300.836 0   300.612 0   453.3 0   300.474 0   300.481 0     0.0 0     0.0 0     0.0 0   -65.1 0   -65.1 0    28.3 0    33.8 0     1.9 0   340.1 0   904.2 0
 2026 195  7 14  8  7  8.117 121.59    -2.2 0    -0.2 0    -0.5 0    -0.3 0   388.1 0   300.825 0   300.602 0   452.6 0   300.471 0   300.466 0     0.0 0     0.0 0     0.0 0   -64.6 0   -64.6 0    28.2 0    33.9 0     1.6 0   339.8 0   904.2 0
 2026 195  7 14  8  8  8.133 121.58    -2.2 0    -0.1 0    -0.6 0    -0.3 0   387.8 0   300.813 0   300.576 0   451.9 0   300.459 0   300.443 0     0.0 0     0.0 0     0.0 0   -64.2 0   -64.2 0    28.1 0    34.2 0     1.1 0   335.3 0   904.2 0
 2026 195  7 14  8  9  8.150 121.56    -2.2 0    -0.1 0    -0.6 0    -0.3 0   387.5 0   300.792 0   300.532 0   451.6 0   300.441 0   300.422 0     0.0 0     0.0 0     0.0 0   -64.2 0   -64.2 0    28.0 0    34.6 0     1.3 0   327.3 0   904.2 0
 2026 195  7 14  8 10  8.167 121.54    -2.2 0    -0.1 0    -0.7 0    -0.3 0   387.6 0   300.761 0   300.486 0   451.9 0   300.423 0   300.423 0     0.0 0     0.0 0     0.0 0   -64.3 0   -64.3 0    28.0 0    34.7 0     1.5 0   322.2 0   904.2 0
 2026 195  7 14  8 11  8.183 121.52    -2.2 0    -0.2 0    -0.7 0    -0.3 0   387.6 0   300.726 0   300.452 0   451.1 0   300.410 0   300.400 0     0.0 0     0.0 0     0.0 0   -63.5 0   -63.5 0    28.0 0    34.4 0     0.9 0   317.6 0   904.2 0
 2026 195  7 14  8 12  8.200 121.50    -2.2 0    -0.1 0    -0.7 0    -0.3 0   387.4 0   300.692 0   300.427 0   450.4 0   300.388 0   300.357 0     0.0 0     0.0 0     0.0 0   -63.1 0   -63.1 0    27.9 0    35.6 0     1.4 0   213.4 0   904.2 0
 2026 195  7 14  8 13  8.217 121.48    -2.0 0    -0.1 0    -0.7 0    -0.4 0   385.5 0   300.654 0   300.344 0   450.7 0   300.358 0   300.331 0     0.0 0     0.0 0     0.0 0   -65.2 0   -65.2 0    27.6 0    36.0 0     1.3 0   218.8 0   904.3 0
 2026 195  7 14  8 14  8.233 121.46    -1.8 0    -0.2 0    -0.7 0    -0.4 0   385.5 0   300.603 0   300.279 0   451.0 0   300.333 0   300.321 0     0.0 0     0.0 0     0.0 0   -65.6 0   -65.6 0    27.5 0    36.0 0     0.2 0   238.2 0   904.3 0
 2026 195  7 14  8 15  8.250 121.44    -1.8 0    -0.3 0    -0.8 0    -0.4 0   386.4 0   300.545 0   300.227 0   450.9 0   300.314 0   300.305 0     0.0 0     0.0 0     0.0 0   -64.5 0   -64.5 0    27.5 0    36.0 0     0.2 0   340.7 0   904.3 0
 2026 195  7 14  8 16  8.267 121.41    -1.8 0    -0.4 0    -0.7 0    -0.3 0   387.0 0   300.490 0   300.224 0   450.5 0   300.295 0   300.285 0     0.0 0     0.0 0     0.0 0   -63.5 0   -63.5 0    27.5 0    36.1 0     0.0 0     0.0 0   904.3 0
 2026 195  7 14  8 17  8.283 121.39    -1.9 0    -0.4 0    -0.7 0    -0.3 0   386.6 0   300.459 0   300.234 0   450.2 0   300.277 0   300.266 0     0.0 0     0.0 0     0.0 0   -63.6 0   -63.6 0    27.5 0    36.2 0     0.0 0     0.0 0   904.3 0
 2026 195  7 14  8 18  8.300 121.36    -1.9 0    -0.4 0    -0.7 0    -0.3 0   386.5 0   300.438 0   300.199 0   449.8 0   300.256 0   300.243 0     0.0 0     0.0 0     0.0 0   -63.3 0   -63.3 0    27.5 0    36.3 0     0.0 0     0.0 0   904.3 0
 2026 195  7 14  8 19  8.317 121.34    -2.0 0    -0.4 0    -0.7 0    -0.3 0   386.3 0   300.417 0   300.193 0   449.4 0   300.235 0   300.220 0     0.0 0     0.0 0     0.0 0   -63.1 0   -63.1 0    27.4 0    36.5 0     0.0 0     0.0 0   904.3 0
 2026 195  7 14  8 20  8.333 121.31    -2.0 0    -0.4 0    -0.7 0    -0.2 0   386.2 0   300.403 0   300.189 0   449.4 0   300.212 0   300.199 0     0.0 0     0.0 0     0.0 0   -63.2 0   -63.2 0    27.4 0    36.5 0     0.0 0     0.0 0   904.3 0
 2026 195  7 14  8 21  8.350 121.28    -2.0 0    -0.5 0    -0.7 0    -0.3 0   385.7 0   300.392 0   300.167 0   449.3 0   300.189 0   300.173 0     0.0 0     0.0 0     0.0 0   -63.5 0   -63.5 0    27.4 0    36.7 0     0.0 0     0.0 0   904.3 0
 2026 195  7 14  8 22  8.367 121.25    -2.0 0    -0.4 0    -0.7 0    -0.3 0   385.6 0   300.369 0   300.105 0   449.5 0   300.164 0   300.144 0     0.0 0     0.0 0     0.0 0   -63.9 0   -63.9 0    27.3 0    36.6 0     0.4 0    42.6 0   904.3 0
 2026 195  7 14  8 23  8.383 121.22    -2.1 0    -0.4 0    -0.7 0    -0.3 0   385.4 0   300.338 0   300.084 0   449.4 0   300.136 0   300.115 0     0.0 0     0.0 0     0.0 0   -63.9 0   -63.9 0    27.3 0    36.6 0     0.6 0    41.2 0   904.3 0
 2026 195  7 14  8 24  8.400 121.19    -2.1 0    -0.4 0    -0.7 0    -0.3 0   385.7 0   300.310 0   300.073 0   449.3 0   300.109 0   300.092 0     0.0 0     0.0 0     0.0 0   -63.5 0   -63.5 0    27.3 0    36.5 0     0.5 0    36.0 0   904.3 0
 2026 195  7 14  8 25  8.417 121.16    -2.1 0    -0.4 0    -0.7 0    -0.3 0   385.7 0   300.289 0   300.062 0   449.1 0   300.083 0   300.070 0     0.0 0     0.0 0     0.0 0   -63.4 0   -63.4 0    27.2 0    36.4 0     0.5 0    31.3 0   904.3 0
 2026 195  7 14  8 26  8.433 121.13    -2.1 0    -0.4 0    -0.7 0    -0.3 0   385.5 0   300.270 0   300.037 0   448.9 0   300.059 0   300.045 0     0.0 0     0.0 0     0.0 0   -63.3 0   -63.3 0    27.2 0    36.4 0     0.4 0    37.2 0   904.3 0
 2026 195  7 14  8 27  8.450 121.09    -2.2 0    -0.3 0    -0.7 0    -0.3 0   385.5 0   300.249 0   300.017 0   448.9 0   300.032 0   300.011 0     0.0 0     0.0 0     0.0 0   -63.3 0   -63.3 0    27.2 0    36.2 0     1.0 0    46.6 0   904.3 0
 2026 195  7 14  8 28  8.467 121.06    -2.2 0    -0.2 0    -0.7 0    -0.3 0   385.6 0   300.231 0   300.004 0   448.7 0   300.003 0   299.979 0     0.0 0     0.0 0     0.0 0   -63.1 0   -63.1 0    27.1 0    36.2 0     1.0 0    37.5 0   904.3 0
 2026 195  7 14  8 29  8.483 121.02    -2.2 0    -0.2 0    -0.7 0    -0.3 0   386.2 0   300.214 0   299.992 0   448.5 0   299.973 0   299.946 0     0.0 0     0.0 0     0.0 0   -62.3 0   -62.3 0    27.1 0    36.1 0     1.3 0    29.1 0   904.3 0
 2026 195  7 14  8 30  8.500 120.99    -2.3 0    -0.2 0    -0.6 0    -0.3 0   386.4 0   300.201 0   299.987 0   448.5 0   299.943 0   299.924 0     0.0 0     0.0 0     0.0 0   -62.1 0   -62.1 0    27.1 0    36.1 0     1.5 0    21.7 0   904.3 0
 2026 195  7 14  8 31  8.517 120.95    -2.3 0    -0.2 0    -0.6 0    -0.3 0   386.3 0   300.187 0   299.961 0   447.9 0   299.916 0   299.898 0     0.0 0     0.0 0     0.0 0   -61.6 0   -61.6 0    27.1 0    36.0 0     0.7 0    12.9 0   904.3 0
 2026 195  7 14  8 32  8.533 120.91    -2.3 0    -0.2 0    -0.6 0    -0.3 0   386.5 0   300.172 0   299.946 0   447.3 0   299.890 0   299.869 0     0.0 0     0.0 0     0.0 0   -60.8 0   -60.8 0    27.1 0    36.2 0     0.1 0   192.3 0   904.3 0
 2026 195  7 14  8 33  8.550 120.87    -2.1 0    -0.1 0    -0.6 0    -0.3 0   385.2 0   300.157 0   299.912 0   447.1 0   299.858 0   299.825 0     0.0 0     0.0 0     0.0 0   -62.0 0   -62.0 0    27.0 0    37.0 0     1.0 0   193.9 0   904.3 0
 2026 195  7 14  8 34  8.567 120.83    -1.7 0    -0.2 0    -0.7 0    -0.4 0   383.9 0   300.121 0   299.767 0   447.6 0   299.824 0   299.803 0     0.0 0     0.0 0     0.0 0   -63.7 0   -63.7 0    26.9 0    37.5 0     1.1 0   190.7 0   904.4 0
 2026 195  7 14  8 35  8.583 120.79    -1.7 0    -0.2 0    -0.6 0    -0.4 0   385.4 0   300.056 0   299.738 0   447.7 0   299.798 0   299.787 0     0.0 0     0.0 0     0.0 0   -62.3 0   -62.3 0    27.0 0    36.9 0     0.4 0   168.1 0   904.3 0
 2026 195  7 14  8 36  8.600 120.75    -1.9 0    -0.3 0    -0.6 0    -0.3 0   386.4 0   300.012 0   299.803 0   448.6 0   299.777 0   299.779 0     0.0 0     0.0 0     0.0 0   -62.2 0   -62.2 0    27.0 0    36.8 0     0.2 0     0.8 0   904.3 0
 2026 195  7 14  8 37  8.617 120.70    -2.1 0    -0.3 0    -0.6 0    -0.2 0   386.1 0   300.005 0   299.846 0   448.4 0   299.762 0   299.771 0     0.0 0     0.0 0     0.0 0   -62.2 0   -62.2 0    27.1 0    36.5 0     0.1 0   329.2 0   904.3 0
 2026 195  7 14  8 38  8.633 120.66    -2.4 0    -0.3 0    -0.6 0    -0.2 0   386.2 0   300.013 0   299.845 0   448.1 0   299.747 0   299.753 0     0.0 0     0.0 0     0.0 0   -62.0 0   -62.0 0    27.1 0    36.5 0     0.1 0   186.7 0   904.3 0
 2026 195  7 14  8 39  8.650 120.61    -2.3 0    -0.1 0    -0.6 0    -0.2 0   384.6 0   300.021 0   299.820 0   447.3 0   299.727 0   299.712 0     0.0 0     0.0 0     0.0 0   -62.8 0   -62.8 0    27.1 0    38.1 0     1.8 0   205.6 0   904.3 0
 2026 195  7 14  8 40  8.667 120.57    -2.1 0    -0.2 0    -0.6 0    -0.3 0   383.0 0   300.008 0   299.727 0   448.9 0   299.705 0   299.710 0     0.0 0     0.0 0     0.0 0   -65.9 0   -65.9 0    27.1 0    36.5 0     1.1 0   200.8 0   904.3 0
 2026 195  7 14  8 41  8.683 120.52    -2.1 0    -0.2 0    -0.6 0    -0.3 0   383.8 0   299.973 0   299.710 0   449.8 0   299.695 0   299.715 0     0.0 0     0.0 0     0.0 0   -66.0 0   -66.0 0    27.2 0    36.1 0     0.1 0     0.6 0   904.3 0
 2026 195  7 14  8 42  8.700 120.47    -2.0 0    -0.2 0    -0.6 0    -0.3 0   383.6 0   299.945 0   299.726 0   449.0 0   299.687 0   299.704 0     0.0 0     0.0 0     0.0 0   -65.4 0   -65.4 0    27.3 0    36.0 0     0.5 0   307.6 0   904.3 0
 2026 195  7 14  8 43  8.717 120.42    -2.1 0     0.0 0    -0.6 0    -0.2 0   383.6 0   299.934 0   299.742 0   448.1 0   299.674 0   299.675 0     0.0 0     0.0 0     0.0 0   -64.6 0   -64.6 0    27.4 0    36.2 0     0.7 0   325.1 0   904.3 0
 2026 195  7 14  8 44  8.733 120.37    -2.2 0     0.0 0    -0.6 0    -0.3 0   383.4 0   299.930 0   299.718 0   447.9 0   299.659 0   299.660 0     0.0 0     0.0 0     0.0 0   -64.5 0   -64.5 0    27.4 0    36.1 0     0.3 0   321.7 0   904.3 0
 2026 195  7 14  8 45  8.750 120.32    -2.2 0     0.0 0    -0.6 0    -0.2 0   383.7 0   299.926 0   299.746 0   446.3 0   299.642 0   299.627 0     0.0 0     0.0 0     0.0 0   -62.6 0   -62.6 0    27.3 0    36.3 0     0.4 0   212.6 0   904.3 0
 2026 195  7 14  8 46  8.767 120.27    -2.1 0     0.1 0    -0.7 0    -0.3 0   381.6 0   299.921 0   299.652 0   447.0 0   299.614 0   299.593 0     0.0 0     0.0 0     0.0 0   -65.4 0   -65.4 0    27.1 0    37.4 0     0.0 0   216.6 0   904.3 0
 2026 195  7 14  8 47  8.783 120.22    -2.1 0    -0.1 0    -0.6 0    -0.3 0   382.0 0   299.889 0   299.637 0   447.9 0   299.592 0   299.590 0     0.0 0     0.0 0     0.0 0   -65.9 0   -65.9 0    27.0 0    38.2 0     0.0 0     0.0 0   904.3 0
 2026 195  7 14  8 48  8.800 120.17    -2.3 0    -0.2 0    -0.6 0    -0.3 0   382.3 0   299.866 0   299.655 0   447.9 0   299.575 0   299.577 0     0.0 0     0.0 0     0.0 0   -65.7 0   -65.7 0    27.0 0    37.7 0     0.0 0     0.0 0   904.3 0
 2026 195  7 14  8 49  8.817 120.11    -2.1 0    -0.2 0    -0.6 0    -0.3 0   381.5 0   299.855 0   299.640 0   447.0 0   299.559 0   299.553 0     0.0 0     0.0 0     0.0 0   -65.5 0   -65.5 0    27.0 0    37.3 0     0.2 0   294.8 0   904.3 0
 2026 195  7 14  8 50  8.833 120.06    -2.1 0    -0.2 0    -0.6 0    -0.3 0   381.4 0   299.844 0   299.633 0   446.2 0   299.540 0   299.528 0     0.0 0     0.0 0     0.0 0   -64.8 0   -64.8 0    27.0 0    36.9 0     0.5 0   323.5 0   904.3 0
 2026 195  7 14  8 51  8.850 120.00    -2.2 0    -0.2 0    -0.6 0    -0.3 0   381.1 0   299.836 0   299.625 0   446.4 0   299.519 0   299.513 0     0.0 0     0.0 0     0.0 0   -65.3 0   -65.3 0    27.0 0    37.1 0     0.3 0   334.3 0   904.3 0
 2026 195  7 14  8 52  8.867 119.95    -2.2 0    -0.3 0    -0.6 0    -0.3 0   380.8 0   299.826 0   299.590 0   446.4 0   299.500 0   299.497 0     0.0 0     0.0 0     0.0 0   -65.6 0   -65.6 0    27.0 0    36.7 0     0.7 0   344.6 0   904.3 0
 2026 195  7 14  8 53  8.883 119.89    -2.1 0    -0.3 0    -0.6 0    -0.3 0   380.9 0   299.806 0   299.573 0   446.0 0   299.482 0   299.475 0     0.0 0     0.0 0     0.0 0   -65.1 0   -65.1 0    27.0 0    36.4 0     1.1 0   345.0 0   904.4 0
 2026 195  7 14  8 54  8.900 119.83    -2.1 0    -0.3 0    -0.6 0    -0.3 0   380.7 0   299.793 0   299.584 0   445.7 0   299.462 0   299.455 0     0.0 0     0.0 0     0.0 0   -65.0 0   -65.0 0    27.0 0    36.5 0     1.1 0   335.6 0   904.4 0
 2026 195  7 14  8 55  8.917 119.77    -2.1 0    -0.2 0    -0.6 0    -0.3 0   380.2 0   299.785 0   299.566 0   445.7 0   299.442 0   299.436 0     0.0 0     0.0 0     0.0 0   -65.5 0   -65.5 0    27.0 0    36.7 0     1.4 0   318.4 0   904.4 0
 2026 195  7 14  8 56  8.933 119.71    -2.1 0    -0.2 0    -0.6 0    -0.3 0   380.0 0   299.774 0   299.547 0   446.0 0   299.423 0   299.420 0     0.0 0     0.0 0     0.0 0   -66.1 0   -66.1 0    27.0 0    37.2 0     1.3 0   309.6 0   904.4 0
 2026 195  7 14  8 57  8.950 119.65    -2.1 0    -0.3 0    -0.6 0    -0.3 0   379.6 0   299.756 0   299.500 0   446.3 0   299.407 0   299.408 0     0.0 0     0.0 0     0.0 0   -66.7 0   -66.7 0    27.0 0    37.1 0     1.4 0   322.8 0   904.4 0
 2026 195  7 14  8 58  8.967 119.59    -2.0 0    -0.4 0    -0.6 0    -0.3 0   379.9 0   299.728 0   299.470 0   446.3 0   299.395 0   299.404 0     0.0 0     0.0 0     0.0 0   -66.4 0   -66.4 0    27.1 0    37.1 0     1.0 0   331.3 0   904.4 0
 2026 195  7 14  8 59  8.983 119.53    -2.1 0    -0.4 0    -0.6 0    -0.3 0   380.1 0   299.704 0   299.487 0   446.5 0   299.388 0   299.403 0     0.0 0     0.0 0     0.0 0   -66.4 0   -66.4 0    27.2 0    37.0 0     0.8 0   336.0 0   904.5 0
 2026 195  7 14  9  0  9.000 119.46    -2.2 0    -0.5 0    -0.6 0    -0.3 0   379.9 0   299.695 0   299.494 0   446.3 0   299.384 0   299.397 0     0.0 0     0.0 0     0.0 0   -66.4 0   -66.4 0    27.3 0    36.2 0     1.0 0   345.8 0   904.5 0
 2026 195  7 14  9  1  9.017 119.40    -2.2 0    -0.5 0    -0.5 0    -0.2 0   379.5 0   299.695 0   299.510 0   447.0 0   299.381 0   299.399 0     0.0 0     0.0 0     0.0 0   -67.4 0   -67.4 0    27.4 0    36.5 0     0.9 0   359.8 0   904.5 0
 2026 195  7 14  9  2  9.033 119.33    -2.3 0    -0.5 0    -0.5 0    -0.2 0   379.1 0   299.699 0   299.513 0   446.8 0   299.382 0   299.396 0     0.0 0     0.0 0     0.0 0   -67.7 0   -67.7 0    27.4 0    35.4 0     1.3 0   357.3 0   904.5 0
 2026 195  7 14  9  3  9.050 119.27    -2.2 0    -0.4 0    -0.5 0    -0.2 0   379.9 0   299.703 0   299.521 0   446.6 0   299.378 0   299.382 0     0.0 0     0.0 0     0.0 0   -66.7 0   -66.7 0    27.3 0    35.5 0     1.6 0    27.4 0   904.5 0
 2026 195  7 14  9  4  9.067 119.20    -2.2 0    -0.3 0    -0.4 0    -0.2 0   380.3 0   299.713 0   299.549 0   446.8 0   299.369 0   299.384 0     0.0 0     0.0 0     0.0 0   -66.5 0   -66.5 0    27.3 0    35.8 0     1.6 0    24.2 0   904.5 0
 2026 195  7 14  9  5  9.083 119.13    -2.5 0    -0.3 0    -0.4 0    -0.2 0   380.5 0   299.730 0   299.583 0   446.8 0   299.364 0   299.379 0     0.0 0     0.0 0     0.0 0   -66.3 0   -66.3 0    27.3 0    35.6 0     1.7 0    31.8 0   904.5 0
 2026 195  7 14  9  6  9.100 119.06    -2.5 0    -0.3 0    -0.4 0    -0.2 0   380.1 0   299.752 0   299.595 0   446.7 0   299.359 0   299.377 0     0.0 0     0.0 0     0.0 0   -66.6 0   -66.6 0    27.3 0    35.5 0     1.9 0    31.8 0   904.5 0
 2026 195  7 14  9  7  9.117 118.99    -2.5 0    -0.3 0    -0.4 0    -0.3 0   379.6 0   299.768 0   299.581 0   446.5 0   299.357 0   299.372 0     0.0 0     0.0 0     0.0 0   -66.8 0   -66.8 0    27.4 0    35.4 0     1.9 0    29.0 0   904.5 0
 2026 195  7 14  9  8  9.133 118.92    -2.6 0    -0.2 0    -0.4 0    -0.3 0   379.1 0   299.773 0   299.568 0   446.0 0   299.352 0   299.357 0     0.0 0     0.0 0     0.0 0   -67.0 0   -67.0 0    27.3 0    35.6 0     2.1 0    24.7 0   904.5 0
 2026 195  7 14  9  9  9.150 118.85    -2.6 0    -0.2 0    -0.4 0    -0.3 0   378.8 0   299.772 0   299.567 0   446.1 0   299.344 0   299.355 0     0.0 0     0.0 0     0.0 0   -67.3 0   -67.3 0    27.3 0    35.7 0     2.3 0    26.8 0   904.5 0
 2026 195  7 14  9 10  9.167 118.78    -2.6 0    -0.2 0    -0.4 0    -0.3 0   378.3 0   299.771 0   299.556 0   446.1 0   299.338 0   299.356 0     0.0 0     0.0 0     0.0 0   -67.7 0   -67.7 0    27.2 0    35.8 0     2.2 0    25.9 0   904.5 0
 2026 195  7 14  9 11  9.183 118.71    -2.6 0    -0.2 0    -0.5 0    -0.3 0   378.1 0   299.764 0   299.546 0   445.9 0   299.333 0   299.346 0     0.0 0     0.0 0     0.0 0   -67.8 0   -67.8 0    27.2 0    35.9 0     2.3 0    23.9 0   904.5 0
 2026 195  7 14  9 12  9.200 118.64    -2.6 0    -0.1 0    -0.5 0    -0.3 0   378.2 0   299.756 0   299.535 0   445.8 0   299.326 0   299.329 0     0.0 0     0.0 0     0.0 0   -67.6 0   -67.6 0    27.1 0    35.8 0     2.4 0    27.1 0   904.5 0
 2026 195  7 14  9 13  9.217 118.56    -2.6 0    -0.1 0    -0.5 0    -0.3 0   378.3 0   299.747 0   299.518 0   446.0 0   299.316 0   299.319 0     0.0 0     0.0 0     0.0 0   -67.7 0   -67.7 0    27.0 0    36.1 0     2.4 0    25.0 0   904.5 0
 2026 195  7 14  9 14  9.233 118.49    -2.6 0    -0.1 0    -0.5 0    -0.3 0   379.0 0   299.736 0   299.507 0   446.1 0   299.305 0   299.313 0     0.0 0     0.0 0     0.0 0   -67.1 0   -67.1 0    27.0 0    36.3 0     2.2 0    22.5 0   904.5 0
 2026 195  7 14  9 15  9.250 118.41    -2.6 0    -0.1 0    -0.5 0    -0.3 0   380.3 0   299.724 0   299.508 0   446.0 0   299.297 0   299.300 0     0.0 0     0.0 0     0.0 0   -65.7 0   -65.7 0    27.0 0    36.3 0     2.0 0    27.1 0   904.5 0
 2026 195  7 14  9 16  9.267 118.33    -2.6 0    -0.1 0    -0.5 0    -0.3 0   381.2 0   299.716 0   299.493 0   446.1 0   299.287 0   299.293 0     0.0 0     0.0 0     0.0 0   -64.9 0   -64.9 0    27.0 0    36.4 0     1.9 0    23.6 0   904.5 0
 2026 195  7 14  9 17  9.283 118.26    -2.6 0    -0.2 0    -0.5 0    -0.3 0   382.1 0   299.706 0   299.488 0   446.5 0   299.280 0   299.302 0     0.0 0     0.0 0     0.0 0   -64.4 0   -64.4 0    27.0 0    36.4 0     1.8 0    21.2 0   904.5 0
 2026 195  7 14  9 18  9.300 118.18    -2.5 0    -0.2 0    -0.5 0    -0.3 0   382.4 0   299.699 0   299.495 0   446.4 0   299.275 0   299.288 0     0.0 0     0.0 0     0.0 0   -64.0 0   -64.0 0    27.0 0    36.3 0     2.1 0    26.9 0   904.5 0
 2026 195  7 14  9 19  9.317 118.10    -2.5 0    -0.2 0    -0.5 0    -0.3 0   382.1 0   299.693 0   299.468 0   446.4 0   299.268 0   299.277 0     0.0 0     0.0 0     0.0 0   -64.3 0   -64.3 0    27.0 0    36.3 0     2.0 0    21.6 0   904.5 0
 2026 195  7 14  9 20  9.333 118.02    -2.5 0    -0.1 0    -0.5 0    -0.3 0   382.3 0   299.680 0   299.455 0   446.3 0   299.259 0   299.267 0     0.0 0     0.0 0     0.0 0   -64.0 0   -64.0 0    26.9 0    36.5 0     1.9 0    23.5 0   904.5 0
 2026 195  7 14  9 21  9.350 117.94    -2.4 0    -0.3 0    -0.5 0    -0.3 0   382.4 0   299.667 0   299.450 0   446.3 0   299.253 0   299.277 0     0.0 0     0.0 0     0.0 0   -63.9 0   -63.9 0    27.0 0    36.3 0     2.0 0    21.1 0   904.5 0
 2026 195  7 14  9 22  9.367 117.86    -2.5 0    -0.3 0    -0.5 0    -0.3 0   382.6 0   299.655 0   299.437 0   446.2 0   299.249 0   299.271 0     0.0 0     0.0 0     0.0 0   -63.5 0   -63.5 0    27.0 0    36.2 0     1.9 0    15.3 0   904.5 0
 2026 195  7 14  9 23  9.383 117.77    -2.4 0    -0.2 0    -0.5 0    -0.3 0   383.8 0   299.643 0   299.417 0   446.1 0   299.245 0   299.261 0     0.0 0     0.0 0     0.0 0   -62.3 0   -62.3 0    27.0 0    36.2 0     1.8 0    11.8 0   904.5 0
 2026 195  7 14  9 24  9.400 117.69    -2.4 0    -0.2 0    -0.5 0    -0.3 0   385.8 0   299.631 0   299.437 0   446.3 0   299.239 0   299.261 0     0.0 0     0.0 0     0.0 0   -60.5 0   -60.5 0    27.0 0    36.4 0     1.6 0    15.6 0   904.6 0
 2026 195  7 14  9 25  9.417 117.61    -2.6 0    -0.3 0    -0.5 0    -0.2 0   387.3 0   299.631 0   299.469 0   446.9 0   299.237 0   299.276 0     0.0 0     0.0 0     0.0 0   -59.6 0   -59.6 0    27.1 0    36.5 0     1.4 0     6.3 0   904.6 0
 2026 195  7 14  9 26  9.433 117.52    -2.7 0    -0.3 0    -0.4 0    -0.2 0   388.1 0   299.643 0   299.495 0   446.6 0   299.243 0   299.279 0     0.0 0     0.0 0     0.0 0   -58.5 0   -58.5 0    27.2 0    35.9 0     1.0 0    15.5 0   904.6 0
 2026 195  7 14  9 27  9.450 117.44    -2.7 0    -0.2 0    -0.4 0    -0.2 0   388.3 0   299.660 0   299.505 0   446.4 0   299.245 0   299.295 0     0.0 0     0.0 0     0.0 0   -58.1 0   -58.1 0    27.2 0    36.1 0     1.5 0    10.7 0   904.6 0
 2026 195  7 14  9 28  9.467 117.35    -2.6 0    -0.2 0    -0.4 0    -0.2 0   389.0 0   299.672 0   299.512 0   446.4 0   299.253 0   299.321 0     0.0 0     0.0 0     0.0 0   -57.4 0   -57.4 0    27.3 0    35.9 0     1.4 0    14.7 0   904.6 0
 2026 195  7 14  9 29  9.483 117.26    -2.5 0    -0.1 0    -0.4 0    -0.2 0   389.9 0   299.686 0   299.535 0   446.7 0   299.258 0   299.301 0     0.0 0     0.0 0     0.0 0   -56.8 0   -56.8 0    27.4 0    35.7 0     1.2 0    18.7 0   904.6 0
 2026 195  7 14  9 30  9.500 117.18    -2.5 0    -0.1 0    -0.4 0    -0.2 0   390.9 0   299.701 0   299.552 0   447.1 0   299.261 0   299.297 0     0.0 0     0.0 0     0.0 0   -56.2 0   -56.2 0    27.4 0    35.7 0     0.9 0    18.8 0   904.6 0
 2026 195  7 14  9 31  9.517 117.09    -2.6 0    -0.1 0    -0.3 0    -0.2 0   391.6 0   299.720 0   299.581 0   447.1 0   299.264 0   299.292 0     0.0 0     0.0 0     0.0 0   -55.5 0   -55.5 0    27.4 0    35.5 0     0.9 0    35.2 0   904.6 0
 2026 195  7 14  9 32  9.533 117.00    -2.4 0     0.0 0    -0.3 0    -0.2 0   392.4 0   299.738 0   299.586 0   447.3 0   299.264 0   299.278 0     0.0 0     0.0 0     0.0 0   -54.9 0   -54.9 0    27.4 0    35.4 0     1.0 0    36.1 0   904.6 0
 2026 195  7 14  9 33  9.550 116.91    -2.4 0    -0.1 0    -0.3 0    -0.2 0   393.2 0   299.750 0   299.589 0   447.2 0   299.264 0   299.277 0     0.0 0     0.0 0     0.0 0   -54.0 0   -54.0 0    27.4 0    35.5 0     1.2 0    45.8 0   904.6 0
 2026 195  7 14  9 34  9.567 116.82    -2.5 0    -0.2 0    -0.3 0    -0.2 0   393.0 0   299.766 0   299.631 0   448.0 0   299.268 0   299.290 0     0.0 0     0.0 0     0.0 0   -55.0 0   -55.0 0    27.5 0    35.7 0     1.0 0    46.5 0   904.6 0
 2026 195  7 14  9 35  9.583 116.73    -2.4 0    -0.2 0    -0.4 0    -0.2 0   392.5 0   299.779 0   299.600 0   447.9 0   299.277 0   299.305 0     0.0 0     0.0 0     0.0 0   -55.4 0   -55.4 0    27.5 0    35.4 0     0.8 0    53.9 0   904.6 0
 2026 195  7 14  9 36  9.600 116.63    -2.3 0    -0.2 0    -0.4 0    -0.3 0   392.3 0   299.779 0   299.587 0   447.8 0   299.286 0   299.301 0     0.0 0     0.0 0     0.0 0   -55.5 0   -55.5 0    27.6 0    35.2 0     0.8 0    64.5 0   904.6 0
 2026 195  7 14  9 37  9.617 116.54    -2.2 0    -0.2 0    -0.4 0    -0.2 0   392.9 0   299.774 0   299.594 0   447.8 0   299.292 0   299.309 0     0.0 0     0.0 0     0.0 0   -54.9 0   -54.9 0    27.6 0    35.2 0     0.6 0    63.3 0   904.6 0
 2026 195  7 14  9 38  9.633 116.45    -2.3 0    -0.1 0    -0.4 0    -0.2 0   393.6 0   299.776 0   299.619 0   447.3 0   299.298 0   299.317 0     0.0 0     0.0 0     0.0 0   -53.7 0   -53.7 0    27.7 0    35.0 0     0.4 0    63.2 0   904.6 0
 2026 195  7 14  9 39  9.650 116.35    -2.3 0    -0.1 0    -0.4 0    -0.2 0   393.9 0   299.786 0   299.628 0   447.3 0   299.301 0   299.308 0     0.0 0     0.0 0     0.0 0   -53.4 0   -53.4 0    27.7 0    35.0 0     0.5 0    68.3 0   904.6 0
 2026 195  7 14  9 40  9.667 116.26    -2.3 0    -0.1 0    -0.4 0    -0.2 0   394.6 0   299.794 0   299.642 0   447.6 0   299.302 0   299.316 0     0.0 0     0.0 0     0.0 0   -53.0 0   -53.0 0    27.7 0    35.1 0     0.3 0    69.8 0   904.6 0
 2026 195  7 14  9 41  9.683 116.16    -2.4 0    -0.1 0    -0.4 0    -0.2 0   394.3 0   299.807 0   299.666 0   447.4 0   299.304 0   299.314 0     0.0 0     0.0 0     0.0 0   -53.1 0   -53.1 0    27.7 0    35.0 0     0.4 0    65.2 0   904.6 0
 2026 195  7 14  9 42  9.700 116.07    -2.3 0    -0.2 0    -0.3 0    -0.2 0   393.9 0   299.822 0   299.678 0   447.5 0   299.306 0   299.318 0     0.0 0     0.0 0     0.0 0   -53.6 0   -53.6 0    27.7 0    34.9 0     0.7 0    61.0 0   904.6 0
 2026 195  7 14  9 43  9.717 115.97    -2.4 0    -0.2 0    -0.4 0    -0.2 0   393.1 0   299.835 0   299.677 0   447.6 0   299.309 0   299.321 0     0.0 0     0.0 0     0.0 0   -54.5 0   -54.5 0    27.7 0    35.0 0     0.6 0    59.7 0   904.6 0
 2026 195  7 14  9 44  9.733 115.87    -2.3 0    -0.2 0    -0.4 0    -0.2 0   392.9 0   299.845 0   299.693 0   447.9 0   299.313 0   299.323 0     0.0 0     0.0 0     0.0 0   -55.0 0   -55.0 0    27.7 0    34.9 0     0.6 0    63.6 0   904.6 0
 2026 195  7 14  9 45  9.750 115.77    -2.4 0    -0.3 0    -0.4 0    -0.2 0   392.9 0   299.857 0   299.706 0   448.0 0   299.318 0   299.325 0     0.0 0     0.0 0     0.0 0   -55.1 0   -55.1 0    27.8 0    34.8 0     0.5 0    62.7 0   904.6 0
 2026 195  7 14  9 46  9.767 115.67    -2.4 0    -0.3 0    -0.4 0    -0.2 0   393.1 0   299.870 0   299.718 0   448.0 0   299.322 0   299.332 0     0.0 0     0.0 0     0.0 0   -54.9 0   -54.9 0    27.8 0    34.7 0     0.5 0    55.1 0   904.6 0
 2026 195  7 14  9 47  9.783 115.57    -2.3 0    -0.3 0    -0.4 0    -0.2 0   393.5 0   299.881 0   299.730 0   448.0 0   299.326 0   299.334 0     0.0 0     0.0 0     0.0 0   -54.5 0   -54.5 0    27.8 0    34.6 0     0.6 0    50.6 0   904.6 0
 2026 195  7 14  9 48  9.800 115.47    -2.3 0    -0.3 0    -0.4 0    -0.2 0   394.1 0   299.894 0   299.747 0   447.9 0   299.328 0   299.334 0     0.0 0     0.0 0     0.0 0   -53.8 0   -53.8 0    27.8 0    34.5 0     0.6 0    51.1 0   904.6 0
 2026 195  7 14  9 49  9.817 115.37    -2.3 0    -0.2 0    -0.4 0    -0.2 0   393.9 0   299.909 0   299.759 0   447.9 0   299.330 0   299.335 0     0.0 0     0.0 0     0.0 0   -53.9 0   -53.9 0    27.8 0    34.5 0     0.6 0    56.2 0   904.6 0
 2026 195  7 14  9 50  9.833 115.27    -2.3 0    -0.2 0    -0.4 0    -0.2 0   393.5 0   299.920 0   299.756 0   447.9 0   299.332 0   299.337 0     0.0 0     0.0 0     0.0 0   -54.4 0   -54.4 0    27.8 0    34.5 0     0.4 0    58.4 0   904.6 0
 2026 195  7 14  9 51  9.850 115.16    -2.2 0    -0.2 0    -0.4 0    -0.3 0   392.7 0   299.923 0   299.721 0   447.7 0   299.334 0   299.339 0     0.0 0     0.0 0     0.0 0   -55.1 0   -55.1 0    27.9 0    34.5 0     0.3 0    71.2 0   904.6 0
 2026 195  7 14  9 52  9.867 115.06    -2.2 0    -0.2 0    -0.4 0    -0.3 0   392.4 0   299.912 0   299.707 0   447.3 0   299.334 0   299.340 0     0.0 0     0.0 0     0.0 0   -54.9 0   -54.9 0    27.9 0    34.5 0     0.3 0    72.3 0   904.6 0
 2026 195  7 14  9 53  9.883 114.96    -2.1 0    -0.3 0    -0.4 0    -0.3 0   392.3 0   299.897 0   299.682 0   447.1 0   299.333 0   299.335 0     0.0 0     0.0 0     0.0 0   -54.8 0   -54.8 0    27.9 0    34.5 0     0.2 0    72.4 0   904.6 0
 2026 195  7 14  9 54  9.900 114.85    -2.1 0    -0.3 0    -0.5 0    -0.3 0   392.1 0   299.878 0   299.651 0   446.9 0   299.332 0   299.338 0     0.0 0     0.0 0     0.0 0   -54.8 0   -54.8 0    27.9 0    34.5 0     0.0 0    72.4 0   904.7 0
 2026 195  7 14  9 55  9.917 114.75    -2.1 0    -0.3 0    -0.5 0    -0.3 0   392.0 0   299.855 0   299.632 0   447.0 0   299.330 0   299.333 0     0.0 0     0.0 0     0.0 0   -54.9 0   -54.9 0    27.9 0    34.6 0     0.1 0    93.4 0   904.7 0
 2026 195  7 14  9 56  9.933 114.64    -2.1 0    -0.3 0    -0.5 0    -0.3 0   392.2 0   299.832 0   299.616 0   447.0 0   299.328 0   299.337 0     0.0 0     0.0 0     0.0 0   -54.8 0   -54.8 0    27.8 0    34.6 0     0.0 0   106.3 0   904.7 0
 2026 195  7 14  9 57  9.950 114.53    -2.1 0    -0.3 0    -0.4 0    -0.2 0   392.7 0   299.816 0   299.634 0   447.0 0   299.327 0   299.339 0     0.0 0     0.0 0     0.0 0   -54.3 0   -54.3 0    27.8 0    34.7 0     0.0 0     0.0 0   904.7 0
 2026 195  7 14  9 58  9.967 114.42    -2.1 0    -0.3 0    -0.4 0    -0.2 0   392.6 0   299.812 0   299.641 0   446.9 0   299.325 0   299.339 0     0.0 0     0.0 0     0.0 0   -54.4 0   -54.4 0    27.8 0    34.7 0     0.0 0     0.0 0   904.7 0
 2026 195  7 14  9 59  9.983 114.32    -2.1 0    -0.2 0    -0.4 0    -0.2 0   392.5 0   299.812 0   299.636 0   446.8 0   299.324 0   299.339 0     0.0 0     0.0 0     0.0 0   -54.2 0   -54.2 0    27.8 0    34.7 0     0.0 0     0.0 0   904.7 0
 2026 195  7 14 10  0 10.000 114.21    -2.1 0    -0.2 0    -0.5 0    -0.2 0   392.0 0   299.809 0   299.607 0   446.5 0   299.321 0   299.339 0     0.0 0     0.0 0     0.0 0   -54.5 0   -54.5 0    27.8 0    34.9 0     0.0 0     0.0 0   904.8 0
 2026 195  7 14 10  1 10.017 114.10    -2.1 0    -0.1 0    -0.5 0    -0.3 0   391.9 0   299.795 0   299.576 0   446.2 0   299.318 0   299.336 0     0.0 0     0.0 0     0.0 0   -54.2 0   -54.2 0    27.8 0    35.0 0     0.0 0     0.0 0   904.8 0
 2026 195  7 14 10  2 10.033 113.99    -1.9 0     0.0 0    -0.5 0    -0.3 0   392.2 0   299.779 0   299.582 0   445.8 0   299.313 0   299.326 0     0.0 0     0.0 0     0.0 0   -53.5 0   -53.5 0    27.7 0    34.9 0     0.0 0     0.0 0   904.8 0
 2026 195  7 14 10  3 10.050 113.87    -1.8 0     0.0 0    -0.5 0    -0.3 0   391.6 0   299.765 0   299.537 0   445.6 0   299.305 0   299.316 0     0.0 0     0.0 0     0.0 0   -54.0 0   -54.0 0    27.7 0    35.0 0     0.0 0     0.0 0   904.8 0
 2026 195  7 14 10  4 10.067 113.76    -1.7 0     0.1 0    -0.5 0    -0.4 0   389.9 0   299.735 0   299.432 0   444.9 0   299.296 0   299.301 0     0.0 0     0.0 0     0.0 0   -55.0 0   -55.0 0    27.6 0    35.0 0     0.0 0     0.0 0   904.8 0
 2026 195  7 14 10  5 10.083 113.65    -1.7 0     0.1 0    -0.6 0    -0.4 0   388.2 0   299.679 0   299.339 0   444.6 0   299.281 0   299.273 0     0.0 0     0.0 0     0.0 0   -56.4 0   -56.4 0    27.5 0    35.1 0     0.0 0     0.0 0   904.8 0
 2026 195  7 14 10  6 10.100 113.54    -1.7 0     0.1 0    -0.6 0    -0.4 0   387.8 0   299.611 0   299.287 0   444.8 0   299.263 0   299.257 0     0.0 0     0.0 0     0.0 0   -57.0 0   -57.0 0    27.3 0    35.6 0     0.0 0   344.0 0   904.8 0
 2026 195  7 14 10  7 10.117 113.42    -1.8 0     0.0 0    -0.6 0    -0.4 0   387.0 0   299.546 0   299.240 0   445.1 0   299.247 0   299.248 0     0.0 0     0.0 0     0.0 0   -58.1 0   -58.1 0    27.1 0    36.2 0     0.1 0   321.0 0   904.8 0
 2026 195  7 14 10  8 10.133 113.31    -1.8 0    -0.1 0    -0.6 0    -0.3 0   386.7 0   299.490 0   299.224 0   445.0 0   299.233 0   299.237 0     0.0 0     0.0 0     0.0 0   -58.3 0   -58.3 0    27.1 0    36.4 0     0.3 0   300.7 0   904.8 0
 2026 195  7 14 10  9 10.150 113.20    -1.9 0    -0.2 0    -0.6 0    -0.3 0   385.8 0   299.449 0   299.206 0   444.7 0   299.221 0   299.227 0     0.0 0     0.0 0     0.0 0   -58.9 0   -58.9 0    27.0 0    36.5 0     0.0 0   312.7 0   904.8 0
 2026 195  7 14 10 10 10.167 113.08    -1.9 0    -0.2 0    -0.6 0    -0.3 0   385.2 0   299.418 0   299.190 0   444.5 0   299.209 0   299.218 0     0.0 0     0.0 0     0.0 0   -59.3 0   -59.3 0    27.0 0    36.6 0     0.0 0     0.0 0   904.8 0
 2026 195  7 14 10 11 10.183 112.96    -1.9 0    -0.2 0    -0.6 0    -0.3 0   384.2 0   299.394 0   299.174 0   443.9 0   299.198 0   299.209 0     0.0 0     0.0 0     0.0 0   -59.7 0   -59.7 0    27.0 0    36.6 0     0.0 0     0.0 0   904.8 0
 2026 195  7 14 10 12 10.200 112.85    -1.9 0    -0.2 0    -0.6 0    -0.3 0   382.8 0   299.374 0   299.156 0   443.3 0   299.184 0   299.185 0     0.0 0     0.0 0     0.0 0   -60.6 0   -60.6 0    26.9 0    36.7 0     0.0 0     0.0 0   904.8 0
 2026 195  7 14 10 13 10.217 112.73    -1.9 0    -0.1 0    -0.7 0    -0.3 0   381.1 0   299.349 0   299.075 0   442.7 0   299.166 0   299.156 0     0.0 0     0.0 0     0.0 0   -61.6 0   -61.6 0    26.9 0    36.6 0     0.0 0     0.0 0   904.8 0
 2026 195  7 14 10 14 10.233 112.61    -1.7 0     0.0 0    -0.7 0    -0.4 0   379.3 0   299.305 0   298.977 0   441.6 0   299.142 0   299.095 0     0.0 0     0.0 0     0.0 0   -62.3 0   -62.3 0    26.7 0    36.3 0     0.7 0   353.8 0   904.8 0
 2026 195  7 14 10 15 10.250 112.49    -1.7 0     0.2 0    -0.7 0    -0.4 0   378.4 0   299.241 0   298.895 0   440.9 0   299.102 0   299.016 0     0.0 0     0.0 0     0.0 0   -62.5 0   -62.5 0    26.3 0    37.0 0     1.0 0   355.6 0   904.8 0
 2026 195  7 14 10 16 10.267 112.37    -1.6 0     0.2 0    -0.7 0    -0.4 0   378.6 0   299.169 0   298.842 0   440.4 0   299.050 0   298.956 0     0.0 0     0.0 0     0.0 0   -61.9 0   -61.9 0    26.0 0    37.9 0     0.9 0   358.1 0   904.8 0
 2026 195  7 14 10 17 10.283 112.25    -1.7 0    -0.1 0    -0.7 0    -0.4 0   377.8 0   299.107 0   298.816 0   440.7 0   299.000 0   298.947 0     0.0 0     0.0 0     0.0 0   -62.9 0   -62.9 0    25.7 0    39.0 0     0.8 0   350.9 0   904.8 0
 2026 195  7 14 10 18 10.300 112.13    -1.8 0    -0.3 0    -0.7 0    -0.3 0   377.3 0   299.057 0   298.769 0   440.8 0   298.960 0   298.929 0     0.0 0     0.0 0     0.0 0   -63.5 0   -63.5 0    25.7 0    39.2 0     1.0 0   346.5 0   904.8 0
 2026 195  7 14 10 19 10.317 112.01    -1.7 0    -0.5 0    -0.8 0    -0.4 0   376.5 0   299.005 0   298.685 0   440.7 0   298.926 0   298.905 0     0.0 0     0.0 0     0.0 0   -64.3 0   -64.3 0    25.8 0    38.9 0     1.1 0   337.8 0   904.8 0
 2026 195  7 14 10 20 10.333 111.89    -1.6 0    -0.4 0    -0.7 0    -0.4 0   377.3 0   298.947 0   298.658 0   440.6 0   298.889 0   298.856 0     0.0 0     0.0 0     0.0 0   -63.2 0   -63.2 0    25.8 0    39.0 0     1.2 0   333.6 0   904.8 0
 2026 195  7 14 10 21 10.350 111.77    -1.7 0    -0.5 0    -0.7 0    -0.3 0   378.0 0   298.911 0   298.712 0   441.4 0   298.854 0   298.849 0     0.0 0     0.0 0     0.0 0   -63.4 0   -63.4 0    25.9 0    39.3 0     0.9 0   320.0 0   904.8 0
 2026 195  7 14 10 22 10.367 111.65    -1.8 0    -0.6 0    -0.7 0    -0.3 0   377.9 0   298.897 0   298.670 0   441.1 0   298.831 0   298.827 0     0.0 0     0.0 0     0.0 0   -63.3 0   -63.3 0    26.0 0    38.7 0     1.0 0   338.3 0   904.8 0
 2026 195  7 14 10 23 10.383 111.52    -1.8 0    -0.7 0    -0.7 0    -0.3 0   377.7 0   298.875 0   298.626 0   441.3 0   298.812 0   298.811 0     0.0 0     0.0 0     0.0 0   -63.6 0   -63.6 0    26.2 0    38.3 0     0.9 0   343.2 0   904.8 0
 2026 195  7 14 10 24 10.400 111.40    -1.9 0    -0.7 0    -0.7 0    -0.3 0   377.6 0   298.843 0   298.580 0   441.4 0   298.795 0   298.794 0     0.0 0     0.0 0     0.0 0   -63.8 0   -63.8 0    26.3 0    38.0 0     1.0 0   347.9 0   904.8 0
 2026 195  7 14 10 25 10.417 111.27    -1.9 0    -0.7 0    -0.7 0    -0.3 0   377.4 0   298.806 0   298.543 0   441.4 0   298.781 0   298.781 0     0.0 0     0.0 0     0.0 0   -64.0 0   -64.0 0    26.4 0    37.6 0     1.2 0   348.0 0   904.8 0
 2026 195  7 14 10 26 10.433 111.15    -1.9 0    -0.6 0    -0.7 0    -0.3 0   377.2 0   298.769 0   298.509 0   441.2 0   298.766 0   298.762 0     0.0 0     0.0 0     0.0 0   -64.0 0   -64.0 0    26.4 0    37.5 0     1.3 0   344.0 0   904.8 0
 2026 195  7 14 10 27 10.450 111.02    -2.0 0    -0.5 0    -0.7 0    -0.3 0   377.1 0   298.734 0   298.487 0   441.5 0   298.750 0   298.759 0     0.0 0     0.0 0     0.0 0   -64.3 0   -64.3 0    26.4 0    37.6 0     1.2 0   340.3 0   904.8 0
 2026 195  7 14 10 28 10.467 110.90    -1.9 0    -0.5 0    -0.7 0    -0.3 0   375.3 0   298.699 0   298.405 0   440.5 0   298.738 0   298.732 0     0.0 0     0.0 0     0.0 0   -65.2 0   -65.2 0    26.4 0    37.0 0     2.0 0   357.1 0   904.8 0
 2026 195  7 14 10 29 10.483 110.77    -1.9 0     0.0 0    -0.7 0    -0.4 0   375.9 0   298.650 0   298.338 0   440.6 0   298.708 0   298.655 0     0.0 0     0.0 0     0.0 0   -64.8 0   -64.8 0    26.1 0    37.7 0     2.4 0     5.0 0   904.8 0
 2026 195  7 14 10 30 10.500 110.64    -2.0 0    -0.1 0    -0.7 0    -0.3 0   376.3 0   298.602 0   298.332 0   440.6 0   298.675 0   298.650 0     0.0 0     0.0 0     0.0 0   -64.3 0   -64.3 0    26.0 0    38.0 0     2.0 0     5.2 0   904.8 0
 2026 195  7 14 10 31 10.517 110.51    -2.0 0    -0.1 0    -0.6 0    -0.3 0   377.0 0   298.565 0   298.315 0   440.6 0   298.645 0   298.618 0     0.0 0     0.0 0     0.0 0   -63.7 0   -63.7 0    25.9 0    38.5 0     1.8 0     5.9 0   904.8 0
 2026 195  7 14 10 32 10.533 110.39    -2.1 0    -0.1 0    -0.6 0    -0.3 0   377.9 0   298.537 0   298.313 0   440.6 0   298.617 0   298.594 0     0.0 0     0.0 0     0.0 0   -62.7 0   -62.7 0    25.9 0    38.5 0     2.0 0     3.5 0   904.8 0
 2026 195  7 14 10 33 10.550 110.26    -2.2 0    -0.2 0    -0.6 0    -0.3 0   378.8 0   298.519 0   298.306 0   440.7 0   298.590 0   298.577 0     0.0 0     0.0 0     0.0 0   -61.9 0   -61.9 0    25.9 0    38.6 0     1.8 0     8.8 0   904.8 0
 2026 195  7 14 10 34 10.567 110.13    -2.3 0    -0.2 0    -0.6 0    -0.3 0   379.8 0   298.506 0   298.305 0   441.0 0   298.568 0   298.567 0     0.0 0     0.0 0     0.0 0   -61.3 0   -61.3 0    26.0 0    38.6 0     1.5 0    15.6 0   904.8 0
 2026 195  7 14 10 35 10.583 110.00    -2.3 0    -0.4 0    -0.6 0    -0.2 0   380.7 0   298.496 0   298.304 0   441.5 0   298.554 0   298.585 0     0.0 0     0.0 0     0.0 0   -60.9 0   -60.9 0    26.1 0    38.5 0     1.5 0    15.9 0   904.8 0
 2026 195  7 14 10 36 10.600 109.87    -2.2 0    -0.5 0    -0.5 0    -0.2 0   381.9 0   298.491 0   298.313 0   441.3 0   298.550 0   298.581 0     0.0 0     0.0 0     0.0 0   -59.4 0   -59.4 0    26.3 0    37.9 0     1.4 0    17.8 0   904.9 0
 2026 195  7 14 10 37 10.617 109.73    -2.2 0    -0.4 0    -0.5 0    -0.2 0   382.7 0   298.491 0   298.317 0   440.9 0   298.545 0   298.563 0     0.0 0     0.0 0     0.0 0   -58.2 0   -58.2 0    26.4 0    37.6 0     1.4 0    20.7 0   904.9 0
 2026 195  7 14 10 38 10.633 109.60    -2.1 0    -0.1 0    -0.5 0    -0.2 0   382.8 0   298.489 0   298.304 0   440.5 0   298.535 0   298.534 0     0.0 0     0.0 0     0.0 0   -57.6 0   -57.6 0    26.4 0    37.5 0     1.2 0    22.8 0   904.9 0
 2026 195  7 14 10 39 10.650 109.47    -2.0 0     0.0 0    -0.5 0    -0.3 0   381.4 0   298.482 0   298.265 0   439.8 0   298.517 0   298.492 0     0.0 0     0.0 0     0.0 0   -58.4 0   -58.4 0    26.2 0    37.2 0     1.4 0    22.1 0   904.9 0
 2026 195  7 14 10 40 10.667 109.34    -2.0 0     0.2 0    -0.5 0    -0.3 0   381.4 0   298.460 0   298.220 0   439.9 0   298.488 0   298.453 0     0.0 0     0.0 0     0.0 0   -58.5 0   -58.5 0    26.0 0    37.8 0     1.2 0    27.4 0   904.9 0
 2026 195  7 14 10 41 10.683 109.20    -2.0 0     0.2 0    -0.6 0    -0.3 0   380.9 0   298.432 0   298.192 0   440.1 0   298.457 0   298.429 0     0.0 0     0.0 0     0.0 0   -59.1 0   -59.1 0    25.8 0    38.6 0     1.3 0    29.7 0   904.9 0
 2026 195  7 14 10 42 10.700 109.07    -2.0 0    -0.1 0    -0.6 0    -0.3 0   381.0 0   298.403 0   298.174 0   441.4 0   298.433 0   298.443 0     0.0 0     0.0 0     0.0 0   -60.4 0   -60.4 0    25.8 0    39.7 0     0.6 0    23.5 0   904.9 0
 2026 195  7 14 10 43 10.717 108.94    -2.0 0    -0.3 0    -0.5 0    -0.3 0   380.9 0   298.379 0   298.171 0   440.5 0   298.424 0   298.428 0     0.0 0     0.0 0     0.0 0   -59.6 0   -59.6 0    25.9 0    38.7 0     0.8 0    57.7 0   904.9 0
 2026 195  7 14 10 44 10.733 108.80    -2.0 0    -0.2 0    -0.5 0    -0.2 0   381.4 0   298.367 0   298.180 0   440.0 0   298.409 0   298.394 0     0.0 0     0.0 0     0.0 0   -58.7 0   -58.7 0    26.0 0    38.3 0     0.9 0    50.0 0   904.9 0
 2026 195  7 14 10 45 10.750 108.67    -2.0 0    -0.2 0    -0.5 0    -0.3 0   381.1 0   298.356 0   298.152 0   440.0 0   298.389 0   298.380 0     0.0 0     0.0 0     0.0 0   -58.9 0   -58.9 0    26.0 0    38.5 0     0.7 0    48.1 0   904.9 0
 2026 195  7 14 10 46 10.767 108.53    -2.0 0    -0.3 0    -0.6 0    -0.3 0   380.7 0   298.341 0   298.128 0   440.3 0   298.374 0   298.373 0     0.0 0     0.0 0     0.0 0   -59.6 0   -59.6 0    26.0 0    38.7 0     0.2 0    60.7 0   904.9 0
 2026 195  7 14 10 47 10.783 108.39    -2.0 0    -0.3 0    -0.5 0    -0.3 0   380.8 0   298.325 0   298.132 0   439.4 0   298.360 0   298.349 0     0.0 0     0.0 0     0.0 0   -58.6 0   -58.6 0    26.0 0    38.0 0     0.9 0    66.9 0   904.9 0
 2026 195  7 14 10 48 10.800 108.26    -2.1 0    -0.2 0    -0.5 0    -0.3 0   380.2 0   298.314 0   298.107 0   439.6 0   298.338 0   298.321 0     0.0 0     0.0 0     0.0 0   -59.4 0   -59.4 0    25.9 0    38.6 0     0.9 0    68.6 0   904.9 0
 2026 195  7 14 10 49 10.817 108.12    -1.9 0    -0.2 0    -0.6 0    -0.3 0   379.8 0   298.295 0   298.053 0   439.2 0   298.318 0   298.306 0     0.0 0     0.0 0     0.0 0   -59.4 0   -59.4 0    25.9 0    38.5 0     1.0 0    76.9 0   904.9 0
 2026 195  7 14 10 50 10.833 107.98    -1.9 0    -0.2 0    -0.6 0    -0.3 0   380.2 0   298.263 0   298.004 0   439.2 0   298.295 0   298.277 0     0.0 0     0.0 0     0.0 0   -58.9 0   -58.9 0    25.8 0    39.2 0     0.9 0    71.0 0   904.9 0
 2026 195  7 14 10 51 10.850 107.84    -1.9 0    -0.3 0    -0.6 0    -0.4 0   379.8 0   298.224 0   297.954 0   439.2 0   298.271 0   298.257 0     0.0 0     0.0 0     0.0 0   -59.4 0   -59.4 0    25.8 0    39.0 0     1.0 0    72.3 0   904.9 0
 2026 195  7 14 10 52 10.867 107.70    -1.8 0    -0.3 0    -0.6 0    -0.4 0   380.4 0   298.181 0   297.903 0   439.8 0   298.249 0   298.242 0     0.0 0     0.0 0     0.0 0   -59.5 0   -59.5 0    25.8 0    39.2 0     1.4 0    87.3 0   904.9 0
 2026 195  7 14 10 53 10.883 107.56    -1.8 0    -0.5 0    -0.6 0    -0.3 0   380.5 0   298.135 0   297.867 0   440.1 0   298.233 0   298.239 0     0.0 0     0.0 0     0.0 0   -59.6 0   -59.6 0    25.8 0    39.3 0     1.4 0    85.8 0   904.9 0
 2026 195  7 14 10 54 10.900 107.42    -1.8 0    -0.5 0    -0.6 0    -0.3 0   380.7 0   298.094 0   297.845 0   440.1 0   298.226 0   298.236 0     0.0 0     0.0 0     0.0 0   -59.4 0   -59.4 0    26.0 0    39.0 0     1.4 0    83.1 0   905.0 0
 2026 195  7 14 10 55 10.917 107.28    -1.8 0    -0.5 0    -0.6 0    -0.3 0   380.8 0   298.058 0   297.814 0   439.7 0   298.222 0   298.229 0     0.0 0     0.0 0     0.0 0   -58.9 0   -58.9 0    26.1 0    38.6 0     1.7 0    93.0 0   905.0 0
 2026 195  7 14 10 56 10.933 107.14    -1.8 0    -0.5 0    -0.6 0    -0.3 0   381.1 0   298.026 0   297.793 0   439.8 0   298.216 0   298.224 0     0.0 0     0.0 0     0.0 0   -58.7 0   -58.7 0    26.1 0    38.7 0     1.9 0    95.1 0   905.0 0
 2026 195  7 14 10 57 10.950 107.00    -1.8 0    -0.5 0    -0.6 0    -0.3 0   381.6 0   297.997 0   297.770 0   440.4 0   298.212 0   298.240 0     0.0 0     0.0 0     0.0 0   -58.9 0   -58.9 0    26.1 0    38.7 0     1.7 0    91.6 0   905.0 0
 2026 195  7 14 10 58 10.967 106.86    -1.9 0    -0.5 0    -0.5 0    -0.3 0   381.9 0   297.972 0   297.756 0   440.4 0   298.215 0   298.231 0     0.0 0     0.0 0     0.0 0   -58.5 0   -58.5 0    26.2 0    38.3 0     1.6 0    95.8 0   905.0 0
 2026 195  7 14 10 59 10.983 106.72    -1.9 0    -0.3 0    -0.5 0    -0.3 0   381.9 0   297.952 0   297.754 0   440.0 0   298.215 0   298.218 0     0.0 0     0.0 0     0.0 0   -58.1 0   -58.1 0    26.2 0    38.8 0     1.7 0   106.3 0   905.0 0
 2026 195  7 14 11  0 11.000 106.57    -2.0 0    -0.1 0    -0.5 0    -0.3 0   382.4 0   297.937 0   297.737 0   439.3 0   298.205 0   298.197 0     0.0 0     0.0 0     0.0 0   -56.9 0   -56.9 0    26.0 0    38.9 0     1.9 0   104.4 0   905.0 0
 2026 195  7 14 11  1 11.017 106.43    -2.0 0     0.0 0    -0.5 0    -0.3 0   382.4 0   297.922 0   297.722 0   439.5 0   298.191 0   298.187 0     0.0 0     0.0 0     0.0 0   -57.1 0   -57.1 0    25.9 0    39.9 0     1.7 0   106.9 0   905.0 0
 2026 195  7 14 11  2 11.033 106.29    -2.0 0    -0.1 0    -0.5 0    -0.3 0   382.7 0   297.907 0   297.712 0   439.3 0   298.179 0   298.173 0     0.0 0     0.0 0     0.0 0   -56.6 0   -56.6 0    25.8 0    39.8 0     1.7 0   106.7 0   905.0 0
 2026 195  7 14 11  3 11.050 106.14    -1.8 0    -0.1 0    -0.5 0    -0.2 0   382.9 0   297.895 0   297.709 0   439.3 0   298.166 0   298.161 0     0.0 0     0.0 0     0.0 0   -56.5 0   -56.5 0    25.8 0    40.0 0     1.6 0   109.0 0   905.0 0
 2026 195  7 14 11  4 11.067 106.00    -1.9 0    -0.1 0    -0.5 0    -0.2 0   383.1 0   297.886 0   297.705 0   439.5 0   298.154 0   298.151 0     0.0 0     0.0 0     0.0 0   -56.5 0   -56.5 0    25.8 0    40.5 0     1.4 0   109.2 0   904.9 0
 2026 195  7 14 11  5 11.083 105.85    -2.1 0    -0.2 0    -0.5 0    -0.2 0   383.6 0   297.880 0   297.712 0   440.2 0   298.145 0   298.146 0     0.0 0     0.0 0     0.0 0   -56.6 0   -56.6 0    25.8 0    40.5 0     1.4 0   108.4 0   904.9 0
 2026 195  7 14 11  6 11.100 105.71    -2.2 0    -0.3 0    -0.4 0    -0.2 0   383.9 0   297.878 0   297.713 0   440.7 0   298.141 0   298.152 0     0.0 0     0.0 0     0.0 0   -56.7 0   -56.7 0    26.0 0    39.5 0     1.4 0   107.9 0   904.9 0
 2026 195  7 14 11  7 11.117 105.56    -2.2 0    -0.3 0    -0.5 0    -0.2 0   384.1 0   297.877 0   297.701 0   440.1 0   298.141 0   298.149 0     0.0 0     0.0 0     0.0 0   -56.0 0   -56.0 0    26.1 0    39.4 0     1.4 0   112.3 0   904.9 0
 2026 195  7 14 11  8 11.133 105.41    -2.1 0    -0.1 0    -0.5 0    -0.2 0   384.2 0   297.871 0   297.695 0   438.4 0   298.134 0   298.112 0     0.0 0     0.0 0     0.0 0   -54.1 0   -54.1 0    26.0 0    38.2 0     0.6 0   105.1 0   904.9 0
 2026 195  7 14 11  9 11.150 105.27    -2.1 0     0.0 0    -0.5 0    -0.2 0   383.5 0   297.867 0   297.694 0   437.9 0   298.111 0   298.075 0     0.0 0     0.0 0     0.0 0   -54.4 0   -54.4 0    25.7 0    38.9 0     0.4 0   263.1 0   904.9 0
 2026 195  7 14 11 10 11.167 105.12    -2.0 0    -0.1 0    -0.5 0    -0.2 0   382.7 0   297.863 0   297.677 0   438.6 0   298.083 0   298.057 0     0.0 0     0.0 0     0.0 0   -55.9 0   -55.9 0    25.5 0    40.2 0     1.0 0    89.0 0   904.9 0
 2026 195  7 14 11 11 11.183 104.97    -2.0 0    -0.2 0    -0.5 0    -0.3 0   383.2 0   297.850 0   297.633 0   438.6 0   298.060 0   298.036 0     0.0 0     0.0 0     0.0 0   -55.5 0   -55.5 0    25.4 0    40.1 0     0.8 0    57.5 0   904.9 0
 2026 195  7 14 11 12 11.200 104.82    -2.1 0    -0.2 0    -0.5 0    -0.2 0   384.4 0   297.834 0   297.668 0   439.0 0   298.035 0   298.013 0     0.0 0     0.0 0     0.0 0   -54.6 0   -54.6 0    25.3 0    41.4 0     1.1 0    86.5 0   905.0 0
 2026 195  7 14 11 13 11.217 104.68    -2.2 0    -0.3 0    -0.4 0    -0.2 0   384.8 0   297.836 0   297.700 0   439.0 0   298.011 0   297.996 0     0.0 0     0.0 0     0.0 0   -54.2 0   -54.2 0    25.3 0    41.4 0     1.1 0    95.5 0   905.0 0
 2026 195  7 14 11 14 11.233 104.53    -2.2 0    -0.3 0    -0.4 0    -0.2 0   384.3 0   297.849 0   297.712 0   438.6 0   297.990 0   297.974 0     0.0 0     0.0 0     0.0 0   -54.3 0   -54.3 0    25.3 0    40.7 0     0.5 0    61.9 0   905.0 0
 2026 195  7 14 11 15 11.250 104.38    -2.1 0    -0.3 0    -0.5 0    -0.3 0   382.6 0   297.855 0   297.651 0   438.4 0   297.967 0   297.946 0     0.0 0     0.0 0     0.0 0   -55.8 0   -55.8 0    25.2 0    40.6 0     0.6 0   350.9 0   905.0 0
 2026 195  7 14 11 16 11.267 104.23    -2.1 0    -0.2 0    -0.5 0    -0.3 0   382.6 0   297.840 0   297.634 0   438.9 0   297.942 0   297.927 0     0.0 0     0.0 0     0.0 0   -56.2 0   -56.2 0    25.1 0    41.0 0     0.8 0    10.3 0   905.0 0
 2026 195  7 14 11 17 11.283 104.08    -2.1 0    -0.2 0    -0.5 0    -0.2 0   382.7 0   297.826 0   297.646 0   439.0 0   297.918 0   297.905 0     0.0 0     0.0 0     0.0 0   -56.3 0   -56.3 0    25.0 0    41.5 0     1.1 0    58.4 0   905.0 0
 2026 195  7 14 11 18 11.300 103.92    -2.1 0    -0.2 0    -0.4 0    -0.2 0   382.7 0   297.821 0   297.658 0   438.9 0   297.894 0   297.881 0     0.0 0     0.0 0     0.0 0   -56.2 0   -56.2 0    25.0 0    41.8 0     1.3 0    71.2 0   905.0 0
 2026 195  7 14 11 19 11.317 103.77    -2.2 0    -0.2 0    -0.4 0    -0.2 0   382.4 0   297.824 0   297.684 0   438.7 0   297.871 0   297.859 0     0.0 0     0.0 0     0.0 0   -56.3 0   -56.3 0    25.0 0    42.1 0     1.2 0    73.5 0   905.0 0
 2026 195  7 14 11 20 11.333 103.62    -2.3 0    -0.2 0    -0.4 0    -0.2 0   381.8 0   297.837 0   297.704 0   438.5 0   297.849 0   297.837 0     0.0 0     0.0 0     0.0 0   -56.7 0   -56.7 0    25.0 0    41.6 0     1.1 0    60.8 0   905.0 0
 2026 195  7 14 11 21 11.350 103.47    -2.3 0    -0.2 0    -0.4 0    -0.2 0   381.4 0   297.854 0   297.720 0   438.5 0   297.828 0   297.815 0     0.0 0     0.0 0     0.0 0   -57.1 0   -57.1 0    25.0 0    41.9 0     1.1 0    55.7 0   905.0 0
 2026 195  7 14 11 22 11.367 103.32    -2.3 0    -0.2 0    -0.4 0    -0.2 0   381.0 0   297.872 0   297.735 0   438.6 0   297.807 0   297.796 0     0.0 0     0.0 0     0.0 0   -57.6 0   -57.6 0    25.0 0    42.1 0     1.3 0    51.3 0   905.0 0
 2026 195  7 14 11 23 11.383 103.16    -2.3 0    -0.2 0    -0.4 0    -0.2 0   380.6 0   297.889 0   297.745 0   438.5 0   297.787 0   297.776 0     0.0 0     0.0 0     0.0 0   -57.9 0   -57.9 0    25.0 0    41.8 0     1.3 0    54.6 0   905.0 0
 2026 195  7 14 11 24 11.400 103.01    -2.3 0    -0.2 0    -0.4 0    -0.2 0   380.2 0   297.904 0   297.756 0   438.3 0   297.767 0   297.756 0     0.0 0     0.0 0     0.0 0   -58.1 0   -58.1 0    25.0 0    42.0 0     1.3 0    60.3 0   905.0 0
 2026 195  7 14 11 25 11.417 102.86    -2.3 0    -0.1 0    -0.4 0    -0.2 0   379.5 0   297.917 0   297.768 0   438.1 0   297.747 0   297.733 0     0.0 0     0.0 0     0.0 0   -58.6 0   -58.6 0    25.0 0    41.7 0     1.3 0    61.2 0   904.9 0
 2026 195  7 14 11 26 11.433 102.70    -2.4 0    -0.1 0    -0.3 0    -0.2 0   379.0 0   297.930 0   297.784 0   438.1 0   297.726 0   297.714 0     0.0 0     0.0 0     0.0 0   -59.2 0   -59.2 0    25.0 0    42.3 0     1.5 0    68.6 0   904.9 0
 2026 195  7 14 11 27 11.450 102.55    -2.4 0    -0.2 0    -0.3 0    -0.2 0   378.5 0   297.946 0   297.816 0   438.3 0   297.707 0   297.704 0     0.0 0     0.0 0     0.0 0   -59.8 0   -59.8 0    25.0 0    42.0 0     1.7 0    73.7 0   904.9 0
 2026 195  7 14 11 28 11.467 102.39    -2.4 0    -0.3 0    -0.3 0    -0.2 0   378.0 0   297.970 0   297.850 0   438.3 0   297.695 0   297.700 0     0.0 0     0.0 0     0.0 0   -60.3 0   -60.3 0    25.1 0    41.3 0     1.7 0    80.7 0   905.0 0
 2026 195  7 14 11 29 11.483 102.24    -2.4 0    -0.3 0    -0.3 0    -0.2 0   377.7 0   297.997 0   297.879 0   438.2 0   297.687 0   297.695 0     0.0 0     0.0 0     0.0 0   -60.5 0   -60.5 0    25.3 0    40.6 0     1.6 0    81.4 0   905.0 0
 2026 195  7 14 11 30 11.500 102.08    -2.4 0    -0.4 0    -0.3 0    -0.2 0   377.1 0   298.027 0   297.917 0   437.8 0   297.683 0   297.693 0     0.0 0     0.0 0     0.0 0   -60.7 0   -60.7 0    25.4 0    40.2 0     1.4 0    77.2 0   905.0 0
 2026 195  7 14 11 31 11.517 101.93    -2.4 0    -0.4 0    -0.3 0    -0.2 0   376.4 0   298.059 0   297.935 0   438.0 0   297.682 0   297.693 0     0.0 0     0.0 0     0.0 0   -61.6 0   -61.6 0    25.6 0    39.9 0     1.3 0    73.8 0   905.0 0
 2026 195  7 14 11 32 11.533 101.77    -2.4 0    -0.5 0    -0.3 0    -0.2 0   375.7 0   298.083 0   297.928 0   437.1 0   297.684 0   297.688 0     0.0 0     0.0 0     0.0 0   -61.4 0   -61.4 0    25.7 0    39.2 0     1.2 0    65.9 0   905.0 0
 2026 195  7 14 11 33 11.550 101.61    -2.4 0    -0.4 0    -0.3 0    -0.2 0   374.9 0   298.096 0   297.933 0   437.6 0   297.682 0   297.687 0     0.0 0     0.0 0     0.0 0   -62.6 0   -62.6 0    25.8 0    39.2 0     1.2 0    66.1 0   905.0 0
 2026 195  7 14 11 34 11.567 101.46    -2.4 0    -0.5 0    -0.3 0    -0.2 0   374.5 0   298.107 0   297.950 0   437.8 0   297.682 0   297.689 0     0.0 0     0.0 0     0.0 0   -63.3 0   -63.3 0    25.9 0    38.9 0     1.0 0    65.7 0   905.0 0
 2026 195  7 14 11 35 11.583 101.30    -2.4 0    -0.5 0    -0.4 0    -0.2 0   374.2 0   298.120 0   297.959 0   438.0 0   297.684 0   297.692 0     0.0 0     0.0 0     0.0 0   -63.8 0   -63.8 0    26.0 0    38.7 0     1.0 0    63.1 0   905.0 0
 2026 195  7 14 11 36 11.600 101.14    -2.3 0    -0.5 0    -0.4 0    -0.2 0   374.0 0   298.130 0   297.964 0   438.1 0   297.687 0   297.695 0     0.0 0     0.0 0     0.0 0   -64.1 0   -64.1 0    26.0 0    38.6 0     0.9 0    63.2 0   905.0 0
 2026 195  7 14 11 37 11.617 100.98    -2.3 0    -0.4 0    -0.4 0    -0.2 0   373.7 0   298.139 0   297.966 0   437.7 0   297.690 0   297.700 0     0.0 0     0.0 0     0.0 0   -64.0 0   -64.0 0    26.1 0    38.4 0     0.7 0    64.5 0   905.0 0
 2026 195  7 14 11 38 11.633 100.82    -2.3 0    -0.4 0    -0.4 0    -0.3 0   373.4 0   298.144 0   297.958 0   437.5 0   297.696 0   297.708 0     0.0 0     0.0 0     0.0 0   -64.1 0   -64.1 0    26.2 0    38.3 0     0.8 0    70.0 0   905.0 0
 2026 195  7 14 11 39 11.650 100.66    -2.3 0    -0.4 0    -0.4 0    -0.3 0   373.2 0   298.141 0   297.939 0   437.4 0   297.702 0   297.717 0     0.0 0     0.0 0     0.0 0   -64.2 0   -64.2 0    26.2 0    38.1 0     0.7 0    69.3 0   905.0 0
 2026 195  7 14 11 40 11.667 100.50    -2.3 0    -0.5 0    -0.5 0    -0.3 0   373.1 0   298.134 0   297.925 0   437.4 0   297.711 0   297.728 0     0.0 0     0.0 0     0.0 0   -64.3 0   -64.3 0    26.3 0    38.0 0     0.8 0    64.9 0   905.0 0
 2026 195  7 14 11 41 11.683 100.35    -2.3 0    -0.5 0    -0.5 0    -0.3 0   373.1 0   298.124 0   297.922 0   437.3 0   297.724 0   297.746 0     0.0 0     0.0 0     0.0 0   -64.2 0   -64.2 0    26.4 0    37.8 0     1.0 0    63.0 0   905.0 0
 2026 195  7 14 11 42 11.700 100.18    -2.2 0    -0.4 0    -0.5 0    -0.3 0   371.4 0   298.113 0   297.853 0   436.1 0   297.738 0   297.741 0     0.0 0     0.0 0     0.0 0   -64.7 0   -64.7 0    26.4 0    37.0 0     1.2 0    40.8 0   905.0 0
 2026 195  7 14 11 43 11.717 100.02    -2.2 0    -0.1 0    -0.5 0    -0.4 0   372.8 0   298.079 0   297.807 0   435.8 0   297.732 0   297.709 0     0.0 0     0.0 0     0.0 0   -62.9 0   -62.9 0    26.0 0    37.7 0     1.3 0    30.2 0   905.0 0
 2026 195  7 14 11 44 11.733  99.86    -2.3 0    -0.2 0    -0.5 0    -0.3 0   373.4 0   298.052 0   297.867 0   436.3 0   297.722 0   297.743 0     0.0 0     0.0 0     0.0 0   -62.9 0   -62.9 0    25.9 0    39.0 0     1.1 0    50.9 0   905.0 0
 2026 195  7 14 11 45 11.750  99.70    -2.3 0    -0.2 0    -0.5 0    -0.2 0   373.6 0   298.050 0   297.871 0   435.4 0   297.721 0   297.723 0     0.0 0     0.0 0     0.0 0   -61.8 0   -61.8 0    25.9 0    38.2 0     1.2 0    62.4 0   905.0 0
 2026 195  7 14 11 46 11.767  99.54    -2.3 0     0.0 0    -0.5 0    -0.2 0   374.0 0   298.050 0   297.870 0   434.6 0   297.709 0   297.689 0     0.0 0     0.0 0     0.0 0   -60.6 0   -60.6 0    25.7 0    38.2 0     1.0 0    50.1 0   905.0 0
 2026 195  7 14 11 47 11.783  99.38    -2.3 0     0.1 0    -0.5 0    -0.2 0   374.0 0   298.051 0   297.858 0   434.3 0   297.688 0   297.664 0     0.0 0     0.0 0     0.0 0   -60.3 0   -60.3 0    25.5 0    38.8 0     0.9 0    40.1 0   905.0 0
 2026 195  7 14 11 48 11.800  99.22    -2.2 0     0.0 0    -0.5 0    -0.3 0   374.0 0   298.045 0   297.843 0   433.9 0   297.664 0   297.635 0     0.0 0     0.0 0     0.0 0   -59.9 0   -59.9 0    25.3 0    39.3 0     0.7 0    52.0 0   905.0 0
 2026 195  7 14 11 49 11.817  99.05    -1.9 0    -0.1 0    -0.6 0    -0.3 0   372.2 0   298.030 0   297.779 0   433.5 0   297.638 0   297.609 0     0.0 0     0.0 0     0.0 0   -61.3 0   -61.3 0    25.1 0    39.9 0     0.6 0    57.7 0   905.0 0
 2026 195  7 14 11 50 11.833  98.89    -1.8 0    -0.2 0    -0.6 0    -0.4 0   371.8 0   297.991 0   297.691 0   433.3 0   297.611 0   297.583 0     0.0 0     0.0 0     0.0 0   -61.4 0   -61.4 0    24.9 0    40.4 0     0.2 0    55.6 0   905.0 0
 2026 195  7 14 11 51 11.850  98.73    -1.7 0    -0.3 0    -0.6 0    -0.4 0   371.4 0   297.938 0   297.633 0   433.2 0   297.585 0   297.562 0     0.0 0     0.0 0     0.0 0   -61.7 0   -61.7 0    24.8 0    40.8 0     0.0 0     0.0 0   905.0 0
 2026 195  7 14 11 52 11.867  98.56    -1.7 0    -0.3 0    -0.7 0    -0.4 0   370.7 0   297.879 0   297.557 0   433.2 0   297.557 0   297.533 0     0.0 0     0.0 0     0.0 0   -62.5 0   -62.5 0    24.7 0    41.0 0     0.3 0   153.5 0   905.0 0
 2026 195  7 14 11 53 11.883  98.40    -1.7 0    -0.3 0    -0.7 0    -0.4 0   370.1 0   297.815 0   297.490 0   433.2 0   297.526 0   297.504 0     0.0 0     0.0 0     0.0 0   -63.1 0   -63.1 0    24.6 0    41.4 0     0.7 0   146.0 0   905.1 0
 2026 195  7 14 11 54 11.900  98.23    -1.7 0    -0.3 0    -0.7 0    -0.4 0   369.9 0   297.749 0   297.428 0   433.3 0   297.495 0   297.476 0     0.0 0     0.0 0     0.0 0   -63.4 0   -63.4 0    24.5 0    41.7 0     0.7 0   136.1 0   905.0 0
 2026 195  7 14 11 55 11.917  98.07    -1.6 0    -0.3 0    -0.8 0    -0.4 0   369.8 0   297.682 0   297.357 0   433.4 0   297.465 0   297.449 0     0.0 0     0.0 0     0.0 0   -63.6 0   -63.6 0    24.5 0    41.8 0     0.7 0   122.9 0   905.0 0
 2026 195  7 14 11 56 11.933  97.90    -1.6 0    -0.4 0    -0.8 0    -0.4 0   370.0 0   297.612 0   297.292 0   433.5 0   297.437 0   297.422 0     0.0 0     0.0 0     0.0 0   -63.5 0   -63.5 0    24.5 0    41.8 0     0.7 0   110.2 0   905.0 0
 2026 195  7 14 11 57 11.950  97.74    -1.6 0    -0.4 0    -0.8 0    -0.4 0   370.2 0   297.544 0   297.228 0   433.4 0   297.410 0   297.394 0     0.0 0     0.0 0     0.0 0   -63.3 0   -63.3 0    24.5 0    41.7 0     0.9 0   101.0 0   905.0 0
 2026 195  7 14 11 58 11.967  97.57    -1.6 0    -0.4 0    -0.8 0    -0.4 0   370.3 0   297.476 0   297.161 0   433.4 0   297.383 0   297.368 0     0.0 0     0.0 0     0.0 0   -63.1 0   -63.1 0    24.5 0    41.7 0     1.0 0    99.2 0   905.0 0
 2026 195  7 14 11 59 11.983  97.41    -1.6 0    -0.4 0    -0.8 0    -0.3 0   370.2 0   297.410 0   297.112 0   433.4 0   297.357 0   297.343 0     0.0 0     0.0 0     0.0 0   -63.2 0   -63.2 0    24.5 0    41.7 0     1.1 0   102.5 0   905.0 0
 2026 195  7 14 12  0 12.000  97.24    -1.6 0    -0.4 0    -0.8 0    -0.3 0   369.7 0   297.351 0   297.060 0   433.3 0   297.333 0   297.320 0     0.0 0     0.0 0     0.0 0   -63.6 0   -63.6 0    24.6 0    41.7 0     1.2 0   100.2 0   905.0 0
 2026 195  7 14 12  1 12.017  97.07    -1.5 0    -0.4 0    -0.8 0    -0.3 0   369.3 0   297.292 0   296.998 0   433.3 0   297.309 0   297.299 0     0.0 0     0.0 0     0.0 0   -64.0 0   -64.0 0    24.6 0    41.6 0     1.3 0    92.3 0   905.1 0
 2026 195  7 14 12  2 12.033  96.91    -1.4 0    -0.3 0    -0.8 0    -0.3 0   369.4 0   297.234 0   296.950 0   433.1 0   297.287 0   297.279 0     0.0 0     0.0 0     0.0 0   -63.7 0   -63.7 0    24.6 0    41.6 0     1.4 0    87.9 0   905.1 0
 2026 195  7 14 12  3 12.050  96.74    -1.5 0    -0.3 0    -0.8 0    -0.3 0   369.8 0   297.183 0   296.929 0   432.9 0   297.266 0   297.258 0     0.0 0     0.0 0     0.0 0   -63.2 0   -63.2 0    24.6 0    41.6 0     1.3 0    85.1 0   905.1 0
 2026 195  7 14 12  4 12.067  96.57    -1.6 0    -0.3 0    -0.7 0    -0.2 0   370.1 0   297.147 0   296.937 0   432.7 0   297.245 0   297.237 0     0.0 0     0.0 0     0.0 0   -62.5 0   -62.5 0    24.6 0    41.6 0     1.4 0    86.2 0   905.1 0
 2026 195  7 14 12  5 12.083  96.40    -1.8 0    -0.3 0    -0.7 0    -0.2 0   370.1 0   297.128 0   296.936 0   432.7 0   297.225 0   297.217 0     0.0 0     0.0 0     0.0 0   -62.6 0   -62.6 0    24.6 0    41.7 0     1.2 0    88.3 0   905.1 0
 2026 195  7 14 12  6 12.100  96.24    -1.9 0    -0.3 0    -0.7 0    -0.2 0   369.9 0   297.115 0   296.921 0   432.8 0   297.205 0   297.199 0     0.0 0     0.0 0     0.0 0   -62.9 0   -62.9 0    24.6 0    41.6 0     0.9 0    88.3 0   905.1 0
 2026 195  7 14 12  7 12.117  96.07    -1.9 0    -0.3 0    -0.7 0    -0.2 0   369.7 0   297.102 0   296.904 0   432.9 0   297.186 0   297.182 0     0.0 0     0.0 0     0.0 0   -63.2 0   -63.2 0    24.6 0    41.6 0     0.9 0    78.4 0   905.1 0
 2026 195  7 14 12  8 12.133  95.90    -1.9 0    -0.4 0    -0.7 0    -0.2 0   369.6 0   297.088 0   296.885 0   433.0 0   297.169 0   297.164 0     0.0 0     0.0 0     0.0 0   -63.4 0   -63.4 0    24.6 0    41.5 0     1.0 0    73.6 0   905.1 0
 2026 195  7 14 12  9 12.150  95.73    -1.9 0    -0.4 0    -0.7 0    -0.2 0   369.7 0   297.068 0   296.838 0   433.0 0   297.152 0   297.148 0     0.0 0     0.1 0     0.0 0   -63.3 0   -63.3 0    24.7 0    41.5 0     0.9 0    65.9 0   905.1 0
 2026 195  7 14 12 10 12.167  95.56    -1.9 0    -0.4 0    -0.7 0    -0.2 0   370.3 0   297.040 0   296.828 0   432.9 0   297.136 0   297.131 0     0.0 0     0.1 0     0.0 0   -62.7 0   -62.7 0    24.7 0    41.3 0     0.8 0    57.2 0   905.1 0
 2026 195  7 14 12 11 12.183  95.39    -1.9 0    -0.3 0    -0.7 0    -0.2 0   370.9 0   297.022 0   296.847 0   432.9 0   297.120 0   297.115 0     0.0 0     0.1 0     0.0 0   -62.0 0   -62.0 0    24.7 0    41.3 0     0.9 0    54.5 0   905.1 0
 2026 195  7 14 12 12 12.200  95.22    -2.0 0    -0.3 0    -0.7 0    -0.1 0   371.7 0   297.022 0   296.881 0   432.9 0   297.106 0   297.105 0     0.0 0     0.1 0     0.0 0   -61.2 0   -61.2 0    24.8 0    41.4 0     1.0 0    58.5 0   905.1 0
 2026 195  7 14 12 13 12.217  95.05    -2.0 0    -0.4 0    -0.6 0    -0.1 0   372.5 0   297.037 0   296.918 0   433.1 0   297.095 0   297.101 0     0.0 0     0.1 0     0.0 0   -60.6 0   -60.6 0    24.9 0    41.1 0     1.0 0    52.1 0   905.1 0
 2026 195  7 14 12 14 12.233  94.88    -2.1 0    -0.3 0    -0.6 0     0.0 0   373.2 0   297.061 0   296.950 0   432.9 0   297.087 0   297.096 0     0.0 0     0.1 0     0.0 0   -59.8 0   -59.8 0    24.9 0    40.9 0     0.9 0    46.8 0   905.1 0
 2026 195  7 14 12 15 12.250  94.71    -2.1 0    -0.3 0    -0.5 0     0.0 0   374.2 0   297.089 0   296.984 0   432.7 0   297.078 0   297.082 0     0.0 0     0.1 0     0.0 0   -58.5 0   -58.5 0    24.9 0    40.8 0     1.1 0    48.4 0   905.1 0
 2026 195  7 14 12 16 12.267  94.54    -2.2 0    -0.2 0    -0.4 0     0.0 0   375.6 0   297.121 0   297.027 0   432.9 0   297.068 0   297.074 0     0.0 0     0.1 0     0.0 0   -57.3 0   -57.3 0    25.0 0    41.0 0     1.4 0    55.1 0   905.1 0
 2026 195  7 14 12 17 12.283  94.37    -2.2 0    -0.2 0    -0.4 0     0.1 0   377.2 0   297.158 0   297.084 0   433.1 0   297.061 0   297.070 0     0.0 0     0.1 0     0.1 0   -55.9 0   -55.8 0    25.0 0    40.9 0     1.5 0    59.0 0   905.1 0
 2026 195  7 14 12 18 12.300  94.19    -2.3 0    -0.1 0    -0.3 0     0.1 0   379.0 0   297.203 0   297.140 0   433.2 0   297.057 0   297.066 0     0.0 0     0.2 0     0.1 0   -54.1 0   -54.0 0    25.1 0    40.6 0     1.4 0    59.1 0   905.1 0
 2026 195  7 14 12 19 12.317  94.02    -2.2 0    -0.1 0    -0.3 0     0.2 0   381.4 0   297.251 0   297.187 0   433.4 0   297.053 0   297.061 0     0.0 0     0.2 0     0.2 0   -51.9 0   -51.7 0    25.1 0    40.5 0     1.5 0    57.5 0   905.1 0
 2026 195  7 14 12 20 12.333  93.85    -2.1 0    -0.1 0    -0.2 0     0.3 0   384.0 0   297.298 0   297.234 0   433.9 0   297.050 0   297.064 0     0.0 0     0.2 0     0.3 0   -49.9 0   -49.7 0    25.1 0    40.7 0     1.6 0    61.9 0   905.1 0
 2026 195  7 14 12 21 12.350  93.68    -2.1 0    -0.2 0    -0.2 0     0.3 0   385.9 0   297.345 0   297.287 0   435.1 0   297.053 0   297.091 0     0.0 0     0.3 0     0.3 0   -49.2 0   -48.9 0    25.4 0    40.6 0     1.5 0    67.7 0   905.1 0
 2026 195  7 14 12 22 12.367  93.50    -2.0 0    -0.5 0    -0.1 0     0.4 0   387.7 0   297.395 0   297.352 0   436.6 0   297.077 0   297.137 0     0.0 0     0.3 0     0.4 0   -48.9 0   -48.5 0    25.8 0    39.5 0     1.4 0    72.0 0   905.1 0
 2026 195  7 14 12 23 12.383  93.33    -2.0 0    -0.6 0     0.0 0     0.5 0   389.1 0   297.451 0   297.418 0   437.6 0   297.120 0   297.183 0     0.0 0     0.3 0     0.5 0   -48.4 0   -47.9 0    26.2 0    38.4 0     1.4 0    74.2 0   905.1 0
 2026 195  7 14 12 24 12.400  93.16    -1.9 0    -0.7 0     0.0 0     0.6 0   390.5 0   297.508 0   297.481 0   438.2 0   297.173 0   297.238 0     0.0 0     0.4 0     0.6 0   -47.7 0   -47.1 0    26.5 0    37.7 0     1.6 0    75.9 0   905.1 0
 2026 195  7 14 12 25 12.417  92.98    -1.8 0    -0.7 0     0.0 0     0.7 0   391.9 0   297.566 0   297.540 0   438.7 0   297.231 0   297.304 0     0.0 0     0.4 0     0.7 0   -46.8 0   -46.1 0    26.7 0    37.2 0     1.8 0    81.2 0   905.1 0
 2026 195  7 14 12 26 12.433  92.81    -1.7 0    -0.8 0     0.0 0     0.8 0   393.2 0   297.624 0   297.587 0   438.9 0   297.295 0   297.373 0     0.0 0     0.5 0     0.8 0   -45.7 0   -44.9 0    26.9 0    36.7 0     1.8 0    85.0 0   905.1 0
 2026 195  7 14 12 27 12.450  92.64    -1.6 0    -0.7 0     0.0 0     0.9 0   395.0 0   297.679 0   297.647 0   439.2 0   297.361 0   297.445 0     0.0 0     0.5 0     0.9 0   -44.3 0   -43.3 0    27.0 0    36.4 0     1.9 0    89.4 0   905.1 0
 2026 195  7 14 12 28 12.467  92.46    -1.5 0    -0.6 0     0.0 0     1.1 0   396.5 0   297.736 0   297.706 0   439.5 0   297.427 0   297.515 0     0.0 0     0.6 0     1.1 0   -43.0 0   -41.9 0    27.1 0    36.2 0     1.8 0    94.3 0   905.1 0
 2026 195  7 14 12 29 12.483  92.29    -1.3 0    -0.5 0     0.1 0     1.3 0   397.5 0   297.794 0   297.761 0   439.7 0   297.492 0   297.582 0     0.0 0     0.7 0     1.3 0   -42.2 0   -40.9 0    27.1 0    36.1 0     1.8 0    92.7 0   905.1 0
 2026 195  7 14 12 30 12.500  92.11    -1.0 0    -0.3 0     0.0 0     1.5 0   398.2 0   297.847 0   297.798 0   440.1 0   297.556 0   297.639 0     0.0 0     0.8 0     1.5 0   -41.9 0   -40.4 0    27.2 0    36.0 0     1.8 0    94.3 0   905.1 0
 2026 195  7 14 12 31 12.517  91.94    -0.8 0    -0.2 0     0.1 0     1.8 0   399.3 0   297.895 0   297.844 0   440.2 0   297.616 0   297.696 0     0.0 0     0.9 0     1.8 0   -41.0 0   -39.2 0    27.2 0    35.9 0     1.8 0    96.8 0   905.1 0
 2026 195  7 14 12 32 12.533  91.76    -0.6 0    -0.1 0     0.1 0     1.9 0   400.3 0   297.944 0   297.906 0   440.2 0   297.672 0   297.738 0     0.0 0     1.0 0     1.9 0   -40.0 0   -38.0 0    27.1 0    36.0 0     1.9 0    95.4 0   905.1 0
 2026 195  7 14 12 33 12.550  91.58    -0.4 0     0.0 0     0.1 0     2.1 0   401.2 0   297.995 0   297.959 0   440.6 0   297.720 0   297.780 0     0.0 0     1.1 0     2.1 0   -39.4 0   -37.3 0    27.0 0    36.3 0     2.0 0    86.1 0   905.1 0
 2026 195  7 14 12 34 12.567  91.41    -0.3 0     0.1 0     0.1 0     2.3 0   402.1 0   298.049 0   298.030 0   440.8 0   297.768 0   297.826 0     0.0 0     1.2 0     2.3 0   -38.7 0   -36.5 0    26.9 0    36.4 0     1.9 0    84.3 0   905.1 0
 2026 195  7 14 12 35 12.583  91.23    -0.1 0     0.2 0     0.1 0     2.6 0   402.7 0   298.106 0   298.080 0   441.0 0   297.812 0   297.860 0     0.0 0     1.3 0     2.4 0   -38.2 0   -35.8 0    26.9 0    36.5 0     1.8 0    79.7 0   905.1 0
 2026 195  7 14 12 36 12.600  91.06     0.2 0     0.3 0     0.1 0     2.9 0   403.2 0   298.163 0   298.143 0   441.4 0   297.849 0   297.889 0     0.0 0     1.5 0     2.6 0   -38.1 0   -35.5 0    26.8 0    36.8 0     1.9 0    76.3 0   905.1 0
 2026 195  7 14 12 37 12.617  90.88     0.7 0     0.3 0     0.2 0     3.4 0   403.4 0   298.225 0   298.236 0   442.1 0   297.885 0   297.933 0     0.0 0     1.7 0     3.1 0   -38.7 0   -35.6 0    26.8 0    37.0 0     1.8 0    76.2 0   905.1 0
 2026 195  7 14 12 38 12.633  89.96     1.6 0     0.4 0     0.2 0     4.3 0   403.6 0   298.296 0   298.307 0   442.8 0   297.930 0   297.989 0     0.3 0     1.9 0     3.9 0   -39.2 0   -35.3 0    27.0 0    36.5 0     1.8 0    76.3 0   905.1 0
 2026 195  7 14 12 39 12.650  89.83     2.8 0     0.6 0     0.2 0     5.4 0   404.0 0   298.366 0   298.372 0   443.0 0   297.981 0   298.039 0     0.4 0     2.3 0     4.9 0   -39.1 0   -34.2 0    27.1 0    36.1 0     1.7 0    75.8 0   905.1 0
 2026 195  7 14 12 40 12.667  89.70     4.1 0     0.9 0     0.2 0     6.7 0   403.8 0   298.437 0   298.446 0   443.1 0   298.032 0   298.089 0     0.4 0     2.6 0     5.8 0   -39.3 0   -33.5 0    27.1 0    36.0 0     1.8 0    72.3 0   905.1 0
 2026 195  7 14 12 41 12.683  89.57     5.4 0     1.2 0     0.2 0     8.0 0   403.2 0   298.506 0   298.483 0   442.9 0   298.079 0   298.128 0     0.4 0     3.0 0     6.8 0   -39.7 0   -33.0 0    27.1 0    36.0 0     1.9 0    60.0 0   905.1 0
 2026 195  7 14 12 42 12.700  89.43     6.7 0     1.7 0     0.1 0     9.2 0   402.3 0   298.558 0   298.479 0   442.7 0   298.116 0   298.151 0     0.4 0     3.4 0     7.6 0   -40.3 0   -32.7 0    26.9 0    36.2 0     2.2 0    48.5 0   905.1 0
 2026 195  7 14 12 43 12.717  89.29     7.8 0     2.1 0     0.1 0    10.2 0   402.2 0   298.590 0   298.487 0   442.5 0   298.140 0   298.160 0     0.4 0     3.8 0     8.1 0   -40.3 0   -32.2 0    26.6 0    36.8 0     2.7 0    49.0 0   905.1 0
 2026 195  7 14 12 44 12.733  89.14     8.8 0     2.5 0     0.1 0    11.2 0   402.9 0   298.612 0   298.508 0   442.8 0   298.151 0   298.169 0     0.4 0     4.2 0     8.7 0   -39.9 0   -31.2 0    26.3 0    37.7 0     2.7 0    51.7 0   905.1 0
 2026 195  7 14 12 45 12.750  89.00     9.9 0     2.8 0     0.1 0    12.3 0   404.0 0   298.632 0   298.532 0   442.8 0   298.157 0   298.169 0     0.4 0     4.7 0     9.5 0   -38.8 0   -29.3 0    26.1 0    38.2 0     2.6 0    49.7 0   905.0 0
 2026 195  7 14 12 46 12.767  88.84    10.5 0     2.9 0     0.0 0    12.9 0   405.4 0   298.652 0   298.558 0   443.2 0   298.159 0   298.177 0     0.5 0     5.0 0    10.0 0   -37.8 0   -27.7 0    25.9 0    38.7 0     2.8 0    53.0 0   905.0 0
 2026 195  7 14 12 47 12.783  88.69    10.7 0     2.8 0     0.1 0    13.2 0   406.8 0   298.674 0   298.588 0   443.8 0   298.165 0   298.196 0     0.5 0     5.2 0    10.4 0   -37.0 0   -26.5 0    26.0 0    38.5 0     2.8 0    55.5 0   905.0 0
 2026 195  7 14 12 48 12.800  88.53    11.0 0     2.7 0     0.1 0    13.5 0   408.3 0   298.697 0   298.611 0   444.1 0   298.178 0   298.209 0     0.5 0     5.3 0    10.8 0   -35.8 0   -25.0 0    26.1 0    38.3 0     2.8 0    55.2 0   905.0 0
 2026 195  7 14 12 49 12.817  88.37    11.7 0     2.8 0     0.1 0    14.2 0   409.7 0   298.721 0   298.648 0   444.6 0   298.193 0   298.229 0     0.5 0     5.6 0    11.4 0   -34.8 0   -23.4 0    26.2 0    38.1 0     2.6 0    55.4 0   905.0 0
 2026 195  7 14 12 50 12.833  88.21    12.5 0     2.9 0     0.2 0    15.0 0   410.8 0   298.749 0   298.688 0   444.9 0   298.212 0   298.251 0     0.5 0     6.0 0    12.1 0   -34.1 0   -22.0 0    26.3 0    37.8 0     2.6 0    57.8 0   905.0 0
 2026 195  7 14 12 51 12.850  88.05    13.2 0     3.0 0     0.2 0    15.8 0   411.0 0   298.780 0   298.724 0   445.4 0   298.235 0   298.281 0     0.5 0     6.3 0    12.8 0   -34.4 0   -21.6 0    26.4 0    37.5 0     2.5 0    59.8 0   905.0 0
 2026 195  7 14 12 52 12.867  87.88    14.0 0     3.2 0     0.3 0    16.6 0   410.9 0   298.813 0   298.758 0   445.5 0   298.261 0   298.302 0     0.6 0     6.7 0    13.4 0   -34.6 0   -21.2 0    26.4 0    37.4 0     2.3 0    60.6 0   905.0 0
 2026 195  7 14 12 53 12.883  87.72    14.4 0     3.4 0     0.3 0    17.0 0   410.6 0   298.844 0   298.771 0   445.5 0   298.282 0   298.318 0     0.6 0     6.9 0    13.6 0   -34.9 0   -21.3 0    26.4 0    37.5 0     2.0 0    62.2 0   905.0 0
 2026 195  7 14 12 54 12.900  87.55    14.4 0     3.5 0     0.5 0    17.0 0   410.5 0   298.868 0   298.781 0   445.6 0   298.298 0   298.330 0     0.6 0     6.9 0    13.5 0   -35.2 0   -21.7 0    26.3 0    37.7 0     1.9 0    63.8 0   905.0 0
 2026 195  7 14 12 55 12.917  87.38    14.4 0     3.5 0     0.6 0    16.9 0   410.5 0   298.887 0   298.799 0   445.9 0   298.311 0   298.345 0     0.7 0     7.0 0    13.5 0   -35.4 0   -22.0 0    26.3 0    37.8 0     1.8 0    68.4 0   905.0 0
 2026 195  7 14 12 56 12.933  87.21    14.2 0     3.5 0     0.9 0    16.8 0   410.7 0   298.905 0   298.814 0   446.0 0   298.325 0   298.358 0     0.7 0     7.0 0    13.4 0   -35.4 0   -22.0 0    26.3 0    37.8 0     1.6 0    69.4 0   905.0 0
 2026 195  7 14 12 57 12.950  87.04    14.0 0     3.4 0     1.2 0    16.6 0   410.5 0   298.920 0   298.827 0   446.1 0   298.338 0   298.369 0     0.7 0     7.1 0    13.2 0   -35.6 0   -22.4 0    26.3 0    37.9 0     1.6 0    70.0 0   905.0 0
 2026 195  7 14 12 58 12.967  86.87    13.9 0     3.4 0     1.7 0    16.4 0   410.4 0   298.935 0   298.843 0   446.2 0   298.350 0   298.382 0     0.8 0     7.1 0    13.1 0   -35.8 0   -22.7 0    26.3 0    37.9 0     1.5 0    75.5 0   905.0 0
 2026 195  7 14 12 59 12.983  86.70    13.9 0     3.4 0     2.6 0    16.3 0   410.2 0   298.950 0   298.851 0   446.3 0   298.361 0   298.393 0     0.8 0     7.3 0    13.1 0   -36.1 0   -23.0 0    26.3 0    37.9 0     1.6 0    76.2 0   905.0 0
 2026 195  7 14 13  0 13.000  86.53    14.5 0     3.5 0     4.2 0    16.7 0   410.2 0   298.961 0   298.854 0   446.6 0   298.373 0   298.411 0     0.8 0     7.5 0    13.5 0   -36.4 0   -22.9 0    26.3 0    37.9 0     1.7 0    78.6 0   905.0 0
 2026 195  7 14 13  1 13.017  86.35    16.7 0     4.4 0    26.8 0    17.5 0   410.6 0   298.970 0   298.874 0   446.5 0   298.388 0   298.442 0     0.9 0     8.3 0    14.8 0   -35.9 0   -21.1 0    26.3 0    37.8 0     2.0 0    86.6 0   905.0 0
 2026 195  7 14 13  2 13.033  86.18    22.3 0     6.4 0   102.1 0    19.0 0   410.6 0   298.986 0   298.896 0   446.9 0   298.404 0   298.504 0     1.0 0     9.9 0    19.3 0   -36.3 0   -17.0 0    26.4 0    37.8 0     2.1 0    90.9 0   905.0 0
 2026 195  7 14 13  3 13.050  86.00    28.1 0     7.8 0   171.7 0    20.9 0   410.6 0   299.008 0   298.914 0   447.5 0   298.426 0   298.563 0     1.1 0 -9999.9 1    25.0 0   -36.9 0   -11.9 0    26.4 0    37.6 0     2.2 0    88.6 0   905.0 0
 2026 195  7 14 13  4 13.067  85.82    31.5 0     8.5 0   182.7 0    23.3 0   410.8 0   299.035 0   298.938 0   448.4 0   298.455 0   298.608 0     1.1 0 -9999.9 1    28.1 0   -37.6 0    -9.5 0    26.6 0    37.2 0     2.3 0    82.7 0   905.0 0
 2026 195  7 14 13  5 13.083  85.65    36.4 0     9.6 0   209.1 0    26.1 0   411.2 0   299.065 0   298.978 0   449.3 0   298.497 0   298.678 0     1.1 0 -9999.9 1    32.3 0   -38.2 0    -5.9 0    26.9 0    36.4 0     2.4 0    85.1 0   905.0 0
 2026 195  7 14 13  6 13.100  85.47    39.9 0    10.6 0   227.9 0    28.2 0   411.6 0   299.103 0   299.042 0   449.9 0   298.552 0   298.745 0     1.1 0 -9999.9 1    35.7 0   -38.3 0    -2.6 0    27.2 0    35.7 0     2.2 0    90.1 0   905.0 0
 2026 195  7 14 13  7 13.117  85.29    41.1 0    11.0 0   229.3 0    29.0 0   411.8 0   299.156 0   299.123 0   450.3 0   298.607 0   298.793 0     1.2 0 -9999.9 1    36.8 0   -38.5 0    -1.7 0    27.3 0    35.3 0     2.1 0    91.6 0   905.0 0
 2026 195  7 14 13  8 13.133  85.11    37.7 0    10.0 0   177.4 0    29.0 0   412.1 0   299.223 0   299.220 0   450.6 0   298.657 0   298.822 0     1.2 0 -9999.9 1    34.2 0   -38.6 0    -4.4 0    27.4 0    35.3 0     1.9 0    90.1 0   905.0 0
 2026 195  7 14 13  9 13.150  84.93    33.2 0     8.5 0   100.6 0    29.5 0   412.1 0   299.297 0   299.310 0   451.0 0   298.701 0   298.827 0     1.3 0    15.1 0    29.8 0   -38.9 0    -9.1 0    27.4 0    35.3 0     1.8 0    88.6 0   905.0 0
 2026 195  7 14 13 10 13.167  84.76    36.2 0     9.2 0   113.6 0    31.0 0   411.9 0   299.371 0   299.374 0   451.4 0   298.744 0   298.864 0     1.3 0    16.3 0    32.2 0   -39.5 0    -7.4 0    27.4 0    35.3 0     2.0 0    85.1 0   905.0 0
 2026 195  7 14 13 11 13.183  84.58    40.9 0    10.5 0   137.4 0    33.2 0   411.7 0   299.441 0   299.434 0   451.6 0   298.785 0   298.905 0     1.4 0    18.1 0    35.7 0   -39.9 0    -4.2 0    27.4 0    35.4 0     1.8 0    81.5 0   905.0 0
 2026 195  7 14 13 12 13.200  84.40    47.9 0    12.5 0   186.7 0    35.8 0   411.7 0   299.507 0   299.488 0   451.9 0   298.823 0   298.953 0     1.5 0    20.6 0    41.4 0   -40.3 0     1.2 0    27.3 0    35.5 0     1.7 0    76.8 0   905.0 0
 2026 195  7 14 13 13 13.217  84.21    52.0 0    13.5 0   201.0 0    38.3 0   412.0 0   299.572 0   299.555 0   452.3 0   298.862 0   299.004 0     1.5 0    22.2 0    45.1 0   -40.3 0     4.8 0    27.4 0    35.3 0     1.7 0    76.5 0   905.0 0
 2026 195  7 14 13 14 13.233  84.03    53.2 0    13.6 0   179.3 0    41.0 0   412.3 0   299.640 0   299.628 0   452.9 0   298.900 0   299.033 0     1.6 0    23.2 0    46.0 0   -40.6 0     5.4 0    27.4 0    35.2 0     1.4 0    75.4 0   905.0 0
 2026 195  7 14 13 15 13.250  83.85    58.4 0    14.9 0   193.5 0    44.2 0   412.4 0   299.710 0   299.706 0   453.7 0   298.939 0   299.075 0     1.7 0    25.3 0    50.1 0   -41.3 0     8.8 0    27.5 0    35.0 0     1.2 0    75.2 0   905.0 0
 2026 195  7 14 13 16 13.267  83.67    64.7 0    16.4 0   218.5 0    47.8 0   412.3 0   299.783 0   299.790 0   454.4 0   298.982 0   299.124 0     1.8 0    27.9 0    55.5 0   -42.2 0    13.3 0    27.6 0    34.6 0     1.1 0    74.7 0   905.0 0
 2026 195  7 14 13 17 13.283  83.49    64.0 0    15.7 0   171.3 0    51.2 0   412.2 0   299.862 0   299.875 0   454.9 0   299.024 0   299.156 0     1.9 0    28.1 0    54.9 0   -42.7 0    12.2 0    27.7 0    34.3 0     0.8 0    75.2 0   905.0 0
 2026 195  7 14 13 18 13.300  83.31    61.4 0    14.6 0   106.7 0    54.7 0   411.9 0   299.939 0   299.950 0   455.1 0   299.063 0   299.173 0     2.0 0    27.6 0    52.5 0   -43.2 0     9.3 0    27.8 0    34.2 0     0.5 0    76.9 0   905.0 0
 2026 195  7 14 13 19 13.317  83.12    60.3 0    14.0 0    55.9 0    58.3 0   411.6 0   300.008 0   300.009 0   455.3 0   299.096 0   299.187 0     2.1 0    27.5 0    51.0 0   -43.7 0     7.3 0    27.8 0    34.1 0     0.2 0    76.9 0   905.0 0
 2026 195  7 14 13 20 13.333  82.94    60.3 0    13.6 0    23.0 0    61.4 0   411.1 0   300.065 0   300.053 0   455.7 0   299.123 0   299.198 0     2.3 0    27.8 0    50.6 0   -44.6 0     6.0 0    27.9 0    34.0 0     0.0 0     0.0 0   905.1 0
 2026 195  7 14 13 21 13.350  82.76    61.4 0    13.7 0     6.8 0    63.9 0   410.6 0   300.111 0   300.086 0   455.5 0   299.145 0   299.218 0     2.4 0    28.5 0    51.1 0   -44.9 0     6.2 0    28.0 0    33.9 0     0.0 0     0.0 0   905.1 0
 2026 195  7 14 13 22 13.367  82.57    63.3 0    14.0 0     4.1 0    65.9 0   409.9 0   300.147 0   300.109 0   455.5 0   299.167 0   299.246 0     2.5 0    29.3 0    52.5 0   -45.6 0     6.8 0    28.0 0    33.8 0     0.0 0     0.0 0   905.1 0
 2026 195  7 14 13 23 13.383  82.39    64.7 0    14.2 0     3.0 0    67.3 0   408.8 0   300.175 0   300.119 0   454.2 0   299.187 0   299.247 0     2.6 0    29.9 0    53.5 0   -45.4 0     8.1 0    27.8 0    34.5 0     1.4 0   261.3 0   905.1 0
 2026 195  7 14 13 24 13.400  82.21    66.0 0    14.5 0     2.2 0    68.4 0   406.9 0   300.191 0   300.076 0   454.2 0   299.195 0   299.240 0     2.8 0    30.4 0    54.2 0   -47.3 0     6.9 0    27.3 0    35.9 0     1.7 0   273.3 0   905.1 0
 2026 195  7 14 13 25 13.417  82.02    67.3 0    14.8 0     1.9 0    69.4 0   405.4 0   300.186 0   300.017 0   452.2 0   299.197 0   299.218 0     2.9 0    30.9 0    54.9 0   -46.7 0     8.2 0    26.9 0    36.8 0     2.4 0   260.6 0   905.1 0
 2026 195  7 14 13 26 13.433  81.84    68.8 0    15.2 0     1.9 0    70.5 0   404.3 0   300.156 0   299.912 0   451.4 0   299.175 0   299.180 0     3.0 0    31.5 0    55.6 0   -47.1 0     8.5 0    26.3 0    38.3 0     2.3 0   260.4 0   905.1 0
 2026 195  7 14 13 27 13.450  81.65    70.1 0    15.2 0     2.1 0    71.6 0   403.0 0   300.102 0   299.835 0   451.3 0   299.142 0   299.148 0     3.2 0    32.0 0    56.7 0   -48.4 0     8.3 0    25.8 0    39.4 0     1.8 0   260.8 0   905.1 0
 2026 195  7 14 13 28 13.467  81.47    71.1 0    15.1 0     2.2 0    72.5 0   402.5 0   300.035 0   299.774 0   451.4 0   299.111 0   299.123 0     3.3 0    32.4 0    57.7 0   -48.9 0     8.8 0    25.5 0    40.0 0     1.3 0   255.9 0   905.1 0
 2026 195  7 14 13 29 13.483  81.28    71.9 0    15.0 0     1.8 0    73.3 0   402.4 0   299.964 0   299.711 0   451.7 0   299.084 0   299.104 0     3.4 0    32.7 0    58.6 0   -49.2 0     9.4 0    25.4 0    40.4 0     1.0 0   255.1 0   905.1 0
 2026 195  7 14 13 30 13.500  81.09    72.6 0    14.9 0     1.5 0    74.0 0   402.0 0   299.894 0   299.669 0   452.1 0   299.065 0   299.096 0     3.5 0    33.0 0    59.4 0   -50.1 0     9.3 0    25.4 0    40.5 0     0.9 0   248.6 0   905.1 0
 2026 195  7 14 13 31 13.517  80.91    72.9 0    14.8 0     1.1 0    74.4 0   401.8 0   299.829 0   299.620 0   452.4 0   299.051 0   299.089 0     3.6 0    33.2 0    59.8 0   -50.6 0     9.1 0    25.4 0    40.5 0     0.7 0   248.6 0   905.1 0
 2026 195  7 14 13 32 13.533  80.72    73.2 0    14.7 0     0.9 0    74.7 0   401.9 0   299.770 0   299.571 0   452.7 0   299.042 0   299.086 0     3.7 0    33.4 0    60.1 0   -50.8 0     9.4 0    25.4 0    40.4 0     0.4 0   248.5 0   905.1 0
 2026 195  7 14 13 33 13.550  80.53    74.0 0    14.8 0     0.9 0    75.4 0   402.3 0   299.717 0   299.542 0   453.1 0   299.036 0   299.084 0     3.9 0    33.8 0    60.8 0   -50.7 0    10.0 0    25.4 0    40.3 0     0.0 0   248.5 0   905.1 0
 2026 195  7 14 13 34 13.567  80.35    75.2 0    15.0 0     0.9 0    76.6 0   402.9 0   299.673 0   299.514 0   453.4 0   299.035 0   299.086 0     4.0 0    34.3 0    61.7 0   -50.5 0    11.2 0    25.5 0    40.1 0     0.0 0     0.0 0   905.1 0
 2026 195  7 14 13 35 13.583  80.16    75.7 0    15.1 0     0.7 0    77.2 0   403.5 0   299.636 0   299.492 0   453.8 0   299.037 0   299.091 0     4.1 0    34.6 0    62.2 0   -50.3 0    12.0 0    25.5 0    39.9 0     0.0 0     0.0 0   905.1 0
 2026 195  7 14 13 36 13.600  79.97    75.9 0    15.2 0     0.5 0    77.5 0   403.7 0   299.605 0   299.479 0   454.1 0   299.039 0   299.095 0     4.2 0    34.8 0    62.4 0   -50.4 0    12.0 0    25.6 0    39.8 0     0.0 0     0.0 0   905.1 0
 2026 195  7 14 13 37 13.617  79.79    76.3 0    15.3 0     0.4 0    78.0 0   403.5 0   299.582 0   299.468 0   454.4 0   299.041 0   299.093 0     4.3 0    35.1 0    62.8 0   -50.8 0    12.0 0    25.7 0    39.6 0     0.0 0     0.0 0   905.1 0
 2026 195  7 14 13 38 13.633  79.60    76.8 0    15.4 0     0.4 0    78.6 0   403.3 0   299.566 0   299.464 0   454.7 0   299.043 0   299.098 0     4.5 0    35.4 0    63.2 0   -51.4 0    11.9 0    25.8 0    39.5 0     0.0 0     0.0 0   905.1 0
 2026 195  7 14 13 39 13.650  79.41    77.2 0    15.6 0     0.4 0    79.1 0   403.4 0   299.556 0   299.464 0   455.0 0   299.046 0   299.104 0     4.6 0    35.7 0    63.7 0   -51.6 0    12.0 0    25.8 0    39.3 0     0.0 0     0.0 0   905.1 0
 2026 195  7 14 13 40 13.667  79.22    77.3 0    15.6 0     0.5 0    79.3 0   403.9 0   299.550 0   299.468 0   455.4 0   299.051 0   299.112 0     4.7 0    35.8 0    63.8 0   -51.5 0    12.3 0    25.9 0    39.2 0     0.0 0     0.0 0   905.1 0
 2026 195  7 14 13 41 13.683  79.03    76.6 0    15.5 0     0.5 0    78.8 0   404.3 0   299.548 0   299.470 0   455.7 0   299.057 0   299.118 0     4.8 0    35.6 0    63.4 0   -51.4 0    12.1 0    25.9 0    39.0 0     0.0 0     0.0 0   905.0 0
 2026 195  7 14 13 42 13.700  78.85    75.5 0    15.3 0     0.5 0    77.8 0   404.6 0   299.546 0   299.468 0   455.8 0   299.063 0   299.122 0     5.0 0    35.2 0    62.6 0   -51.2 0    11.4 0    26.0 0    39.0 0     0.0 0     0.0 0   905.0 0
 2026 195  7 14 13 43 13.717  78.66    75.0 0    15.2 0     0.7 0    77.2 0   405.0 0   299.544 0   299.469 0   455.9 0   299.069 0   299.127 0     5.1 0    35.1 0    62.1 0   -50.9 0    11.2 0    26.0 0    38.9 0     0.1 0   249.9 0   905.0 0
 2026 195  7 14 13 44 13.733  78.47    74.9 0    15.3 0     0.6 0    77.1 0   405.4 0   299.543 0   299.475 0   456.1 0   299.074 0   299.129 0     5.2 0    35.1 0    62.0 0   -50.7 0    11.3 0    26.0 0    38.8 0     0.7 0   268.1 0   905.0 0
 2026 195  7 14 13 45 13.750  78.28    74.5 0    15.3 0     0.5 0    76.9 0   405.6 0   299.546 0   299.490 0   456.1 0   299.077 0   299.131 0     5.3 0    35.0 0    61.7 0   -50.5 0    11.2 0    26.0 0    38.8 0     0.8 0   266.4 0   905.0 0
 2026 195  7 14 13 46 13.767  78.09    73.9 0    15.2 0     0.5 0    76.3 0   405.8 0   299.553 0   299.491 0   456.1 0   299.079 0   299.131 0     5.4 0    34.7 0    61.2 0   -50.4 0    10.8 0    26.0 0    38.8 0     1.0 0   263.0 0   905.1 0
 2026 195  7 14 13 47 13.783  77.90    73.3 0    15.1 0     0.6 0    75.6 0   406.1 0   299.559 0   299.488 0   456.2 0   299.080 0   299.133 0     5.4 0    34.5 0    60.6 0   -50.2 0    10.5 0    26.0 0    38.8 0     1.1 0   257.3 0   905.1 0
 2026 195  7 14 13 48 13.800  77.71    72.8 0    15.1 0     0.7 0    75.2 0   406.2 0   299.564 0   299.502 0   456.3 0   299.080 0   299.133 0     5.5 0    34.3 0    60.3 0   -50.1 0    10.1 0    26.0 0    38.8 0     1.2 0   249.1 0   905.1 0
 2026 195  7 14 13 49 13.817  77.52    73.6 0    15.3 0     0.6 0    75.9 0   406.1 0   299.571 0   299.503 0   456.4 0   299.080 0   299.132 0     5.7 0    34.7 0    60.7 0   -50.3 0    10.5 0    26.0 0    39.0 0     1.3 0   244.0 0   905.1 0
 2026 195  7 14 13 50 13.833  77.33    75.4 0    15.7 0     0.5 0    77.6 0   406.0 0   299.579 0   299.512 0   456.5 0   299.078 0   299.129 0     5.8 0    35.5 0    62.0 0   -50.5 0    11.5 0    25.9 0    39.3 0     1.3 0   241.0 0   905.1 0
 2026 195  7 14 13 51 13.850  77.14    77.0 0    16.0 0     0.5 0    79.3 0   405.6 0   299.586 0   299.518 0   456.7 0   299.076 0   299.127 0     6.0 0    36.3 0    63.4 0   -51.1 0    12.2 0    25.9 0    39.4 0     1.4 0   245.5 0   905.1 0
 2026 195  7 14 13 52 13.867  76.95    78.5 0    16.3 0     0.5 0    80.8 0   405.1 0   299.594 0   299.536 0   456.9 0   299.075 0   299.126 0     6.2 0    36.9 0    64.6 0   -51.8 0    12.8 0    25.9 0    39.8 0     1.4 0   250.2 0   905.1 0
 2026 195  7 14 13 53 13.883  76.76    80.7 0    16.7 0     0.5 0    82.9 0   404.7 0   299.605 0   299.556 0   457.1 0   299.074 0   299.128 0     6.4 0    38.0 0    66.3 0   -52.4 0    14.0 0    25.9 0    40.2 0     1.1 0   250.1 0   905.1 0
 2026 195  7 14 13 54 13.900  76.57    83.9 0    17.3 0     0.5 0    86.1 0   404.7 0   299.617 0   299.555 0   457.3 0   299.075 0   299.130 0     6.6 0    39.5 0    68.8 0   -52.5 0    16.3 0    25.9 0    40.5 0     1.0 0   253.2 0   905.1 0
 2026 195  7 14 13 55 13.917  76.38    87.6 0    18.1 0     0.5 0    89.7 0   405.0 0   299.627 0   299.569 0   457.6 0   299.076 0   299.135 0     6.9 0    41.1 0    71.7 0   -52.6 0    19.1 0    26.0 0    39.7 0     1.4 0   238.8 0   905.1 0
 2026 195  7 14 13 56 13.933  76.19    91.3 0    18.8 0     0.5 0    93.4 0   405.1 0   299.638 0   299.597 0   458.0 0   299.078 0   299.140 0     7.1 0    42.9 0    74.7 0   -52.9 0    21.8 0    25.9 0    40.0 0     1.4 0   244.0 0   905.1 0
 2026 195  7 14 13 57 13.950  76.00    95.0 0    19.5 0     0.6 0    97.1 0   405.2 0   299.654 0   299.635 0   458.5 0   299.082 0   299.147 0     7.4 0    44.5 0    77.7 0   -53.2 0    24.5 0    26.0 0    40.1 0     1.5 0   252.1 0   905.1 0
 2026 195  7 14 13 58 13.967  75.81    98.5 0    20.2 0     0.6 0   100.7 0   405.2 0   299.676 0   299.668 0   459.0 0   299.088 0   299.158 0     7.7 0    46.1 0    80.6 0   -53.7 0    26.9 0    26.0 0    40.4 0     1.5 0   250.7 0   905.1 0
 2026 195  7 14 13 59 13.983  75.61   101.7 0    20.8 0     0.6 0   103.9 0   405.0 0   299.702 0   299.714 0   459.5 0   299.096 0   299.170 0     8.0 0    47.5 0    83.2 0   -54.4 0    28.8 0    26.1 0    40.2 0     1.5 0   244.7 0   905.1 0
 2026 195  7 14 14  0 14.000  75.42   105.0 0    21.5 0     0.6 0   107.2 0   404.6 0   299.735 0   299.758 0   460.0 0   299.106 0   299.184 0     8.3 0    49.0 0    85.9 0   -55.3 0    30.6 0    26.1 0    40.6 0     1.4 0   248.5 0   905.1 0
 2026 195  7 14 14  1 14.017  75.23   107.4 0    22.0 0     0.6 0   109.8 0   404.3 0   299.771 0   299.797 0   460.5 0   299.119 0   299.201 0     8.6 0    50.1 0    88.0 0   -56.2 0    31.8 0    26.2 0    40.4 0     1.4 0   250.9 0   905.1 0
 2026 195  7 14 14  2 14.033  75.04   108.9 0    22.3 0     0.7 0   111.4 0   403.7 0   299.808 0   299.840 0   461.1 0   299.135 0   299.221 0     8.9 0    50.8 0    89.4 0   -57.4 0    32.0 0    26.3 0    40.1 0     1.4 0   244.0 0   905.1 0
 2026 195  7 14 14  3 14.050  74.85   109.0 0    22.3 0     1.8 0   111.5 0   402.7 0   299.848 0   299.884 0   461.5 0   299.153 0   299.241 0     9.3 0    50.8 0    89.7 0   -58.8 0    30.8 0    26.4 0    40.2 0     1.1 0   245.7 0   905.1 0
 2026 195  7 14 14  4 14.067  74.65   107.6 0    22.0 0     0.9 0   110.3 0   401.6 0   299.889 0   299.922 0   461.8 0   299.173 0   299.262 0     9.6 0    50.2 0    88.6 0   -60.1 0    28.5 0    26.5 0    39.9 0     1.1 0   235.4 0   905.1 0
 2026 195  7 14 14  5 14.083  74.46   106.6 0    21.8 0     1.3 0   109.3 0   400.4 0   299.930 0   299.961 0   461.9 0   299.193 0   299.280 0     9.9 0    49.8 0    87.9 0   -61.5 0    26.4 0    26.5 0    40.6 0     1.2 0   231.5 0   905.1 0
 2026 195  7 14 14  6 14.100  74.27   105.6 0    21.6 0     0.9 0   108.5 0   398.9 0   299.970 0   299.987 0   461.8 0   299.212 0   299.297 0    10.0 0    49.5 0    87.1 0   -62.9 0    24.1 0    26.5 0    41.0 0     1.3 0   229.8 0   905.1 0
 2026 195  7 14 14  7 14.117  74.08   105.4 0    21.6 0     0.7 0   108.3 0   397.8 0   300.009 0   300.027 0   462.0 0   299.231 0   299.316 0    10.3 0    49.4 0    86.9 0   -64.2 0    22.7 0    26.5 0    40.9 0     1.3 0   237.8 0   905.1 0
 2026 195  7 14 14  8 14.133  73.88   105.1 0    21.6 0     1.2 0   108.0 0   397.1 0   300.048 0   300.070 0   462.3 0   299.252 0   299.342 0    10.6 0    49.3 0    86.8 0   -65.2 0    21.6 0    26.6 0    40.1 0     1.2 0   244.0 0   905.1 0
 2026 195  7 14 14  9 14.150  73.69   104.9 0    21.6 0     4.8 0   106.9 0   396.5 0   300.091 0   300.125 0   462.3 0   299.274 0   299.362 0    10.9 0    49.4 0    86.7 0   -65.7 0    21.0 0    26.7 0    40.7 0     0.6 0   232.1 0   905.1 0
 2026 195  7 14 14 10 14.167  73.50   104.6 0    21.5 0     3.6 0   106.8 0   395.7 0   300.138 0   300.166 0   462.2 0   299.296 0   299.380 0    11.1 0    49.4 0    86.3 0   -66.4 0    19.9 0    26.7 0    41.7 0     0.9 0   192.9 0   905.1 0
 2026 195  7 14 14 11 14.183  73.30   107.0 0    22.1 0     3.9 0   108.8 0   395.2 0   300.182 0   300.192 0   462.0 0   299.315 0   299.397 0    11.4 0    50.6 0    87.8 0   -66.8 0    21.0 0    26.7 0    42.3 0     1.0 0   184.7 0   905.2 0
 2026 195  7 14 14 12 14.200  73.11   111.7 0    23.0 0     4.2 0   112.9 0   395.0 0   300.218 0   300.209 0   462.3 0   299.333 0   299.416 0    11.7 0    52.7 0    91.1 0   -67.3 0    23.8 0    26.7 0    42.9 0     1.3 0   194.4 0   905.2 0
 2026 195  7 14 14 13 14.217  72.92   117.9 0    24.3 0     6.4 0   118.5 0   395.1 0   300.249 0   300.247 0   462.7 0   299.351 0   299.436 0    12.1 0    55.6 0    96.1 0   -67.6 0    28.6 0    26.6 0    42.9 0     1.5 0   198.6 0   905.2 0
 2026 195  7 14 14 14 14.233  72.73   123.9 0    25.5 0     7.2 0   124.1 0   395.6 0   300.279 0   300.269 0   463.1 0   299.370 0   299.461 0    12.5 0    58.4 0   100.8 0   -67.5 0    33.3 0    26.6 0    41.7 0     0.8 0   214.7 0   905.2 0
 2026 195  7 14 14 15 14.250  72.53   131.0 0    26.9 0    16.1 0   129.1 0   396.6 0   300.308 0   300.319 0   463.8 0   299.392 0   299.490 0    12.9 0    61.4 0   107.1 0   -67.2 0    39.8 0    26.7 0    42.3 0     0.6 0   181.4 0   905.3 0
 2026 195  7 14 14 16 14.267  72.34   128.8 0    26.4 0     4.1 0   130.9 0   396.3 0   300.342 0   300.370 0   464.0 0   299.415 0   299.511 0    13.2 0    60.4 0   105.7 0   -67.8 0    38.0 0    26.7 0    42.5 0     1.0 0   173.1 0   905.3 0
 2026 195  7 14 14 17 14.283  72.14   126.7 0    25.9 0     1.8 0   129.8 0   395.0 0   300.378 0   300.399 0   464.0 0   299.437 0   299.527 0    13.4 0    59.5 0   104.5 0   -69.0 0    35.5 0    26.7 0    43.1 0     1.2 0   168.0 0   905.3 0
 2026 195  7 14 14 18 14.300  71.95   124.8 0    25.6 0     1.1 0   128.2 0   393.1 0   300.408 0   300.377 0   462.9 0   299.453 0   299.527 0    13.7 0    58.7 0   102.9 0   -69.9 0    33.0 0    26.6 0    43.5 0     1.5 0   165.2 0   905.2 0
 2026 195  7 14 14 19 14.317  71.76   123.8 0    25.5 0     0.7 0   127.2 0   391.8 0   300.418 0   300.336 0   462.9 0   299.460 0   299.531 0    13.9 0    58.3 0   102.0 0   -71.1 0    30.9 0    26.5 0    44.5 0     1.4 0   162.2 0   905.2 0
 2026 195  7 14 14 20 14.333  71.56   124.1 0    25.3 0     1.0 0   127.2 0   391.6 0   300.415 0   300.343 0   463.3 0   299.467 0   299.536 0    14.1 0    58.5 0   102.2 0   -71.7 0    30.5 0    26.4 0    44.9 0     1.3 0   159.2 0   905.2 0
 2026 195  7 14 14 21 14.350  71.37   126.1 0    25.7 0     3.0 0   128.6 0   391.6 0   300.413 0   300.341 0   463.5 0   299.476 0   299.555 0    14.4 0    59.5 0   103.8 0   -71.9 0    31.9 0    26.4 0    44.6 0     1.1 0   156.1 0   905.2 0
 2026 195  7 14 14 22 14.367  71.17   173.7 0    36.4 0   146.8 0   131.4 0   392.2 0   300.416 0   300.378 0   464.9 0   299.490 0   299.597 0    15.1 0    80.7 0   142.4 0   -72.7 0    69.7 0    26.5 0    43.9 0     0.7 0   159.3 0   905.2 0
 2026 195  7 14 14 23 14.383  70.98   136.0 0    27.5 0     8.8 0   136.3 0   392.4 0   300.437 0   300.414 0   465.2 0   299.513 0   299.616 0    15.2 0    64.2 0   111.7 0   -72.8 0    38.8 0    26.5 0    44.0 0     0.8 0   135.5 0   905.2 0
 2026 195  7 14 14 24 14.400  70.78   144.9 0    29.7 0    18.0 0   141.7 0   392.1 0   300.457 0   300.439 0   465.2 0   299.533 0   299.628 0    15.7 0    68.2 0   117.9 0   -73.1 0    44.8 0    26.6 0    44.0 0     1.4 0   130.6 0   905.3 0
 2026 195  7 14 14 25 14.417  70.59   144.7 0    29.3 0     3.9 0   146.1 0   391.6 0   300.474 0   300.445 0   465.1 0   299.548 0   299.630 0    16.1 0    67.8 0   118.0 0   -73.5 0    44.5 0    26.5 0    44.6 0     1.7 0   134.4 0   905.3 0
 2026 195  7 14 14 26 14.433  70.39   147.8 0    30.0 0     4.0 0   149.5 0   391.6 0   300.487 0   300.462 0   465.2 0   299.558 0   299.641 0    16.4 0    69.1 0   120.8 0   -73.6 0    47.2 0    26.5 0    45.2 0     1.7 0   147.4 0   905.3 0
 2026 195  7 14 14 27 14.450  70.20   148.8 0    30.3 0     2.8 0   151.1 0   391.5 0   300.500 0   300.480 0   465.5 0   299.567 0   299.655 0    16.7 0    69.5 0   121.8 0   -74.0 0    47.8 0    26.4 0    45.7 0     1.5 0   146.2 0   905.3 0
 2026 195  7 14 14 28 14.467  70.00   150.4 0    30.6 0     8.0 0   151.5 0   391.6 0   300.513 0   300.497 0   465.9 0   299.578 0   299.666 0    17.0 0    70.4 0   123.7 0   -74.3 0    49.4 0    26.4 0    45.5 0     1.3 0   152.5 0   905.3 0
 2026 195  7 14 14 29 14.483  69.81   159.4 0    32.4 0    35.1 0   151.9 0   391.9 0   300.529 0   300.539 0   466.7 0   299.592 0   299.693 0    17.3 0    74.6 0   131.6 0   -74.8 0    56.8 0    26.4 0    45.1 0     1.2 0   168.1 0   905.3 0
 2026 195  7 14 14 30 14.500  69.61   159.6 0    33.5 0    28.1 0   153.6 0   391.9 0   300.554 0   300.564 0   467.2 0   299.612 0   299.720 0    17.6 0    75.2 0   129.8 0   -75.3 0    54.5 0    26.5 0    45.1 0     1.2 0   154.9 0   905.4 0
 2026 195  7 14 14 31 14.517  69.42   179.3 0    36.6 0    79.4 0   156.4 0   392.1 0   300.580 0   300.598 0   468.0 0   299.635 0   299.752 0    18.1 0    84.0 0   147.8 0   -75.9 0    71.9 0    26.6 0    45.4 0     1.2 0   151.5 0   905.4 0
 2026 195  7 14 14 32 14.533  69.22   165.8 0    33.2 0    31.6 0   159.8 0   392.1 0   300.611 0   300.629 0   468.4 0   299.659 0   299.775 0    18.3 0    77.0 0   137.8 0   -76.4 0    61.4 0    26.7 0    45.5 0     1.0 0   137.8 0   905.4 0
 2026 195  7 14 14 33 14.550  69.02   169.8 0    35.6 0    31.4 0   162.8 0   392.2 0   300.639 0   300.654 0   468.9 0   299.684 0   299.799 0    18.7 0    80.1 0   138.4 0   -76.7 0    61.7 0    26.7 0    45.1 0     1.2 0   149.2 0   905.4 0
 2026 195  7 14 14 34 14.567  68.83   208.2 0    42.8 0   143.5 0   162.8 0   392.4 0   300.668 0   300.699 0   470.2 0   299.713 0   299.846 0    19.4 0    97.0 0   171.9 0   -77.8 0    94.0 0    26.8 0    45.3 0     0.8 0   146.1 0   905.4 0
 2026 195  7 14 14 35 14.583  68.63   187.8 0    38.5 0    93.6 0   158.8 0   391.9 0   300.708 0   300.741 0   470.4 0   299.745 0   299.882 0    19.4 0    87.4 0   154.4 0   -78.5 0    75.9 0    26.9 0    45.0 0     0.5 0   125.1 0   905.4 0
 2026 195  7 14 14 36 14.600  68.44   159.1 0    32.4 0    27.1 0   154.6 0   391.3 0   300.747 0   300.779 0   470.0 0   299.775 0   299.896 0    19.1 0    75.4 0   132.2 0   -78.7 0    53.5 0    27.0 0    44.5 0     0.4 0   133.4 0   905.4 0
 2026 195  7 14 14 37 14.617  68.24   158.0 0    31.8 0    36.0 0   151.4 0   390.4 0   300.782 0   300.794 0   470.0 0   299.803 0   299.914 0    19.3 0    74.8 0   133.0 0   -79.5 0    53.5 0    27.0 0    44.7 0     0.6 0   141.6 0   905.4 0
 2026 195  7 14 14 38 14.633  68.04   173.9 0    37.7 0    75.7 0   150.6 0   389.8 0   300.814 0   300.839 0   470.3 0   299.831 0   299.946 0    19.8 0    83.5 0   141.2 0   -80.5 0    60.7 0    27.0 0    44.0 0     0.5 0    97.6 0   905.3 0
 2026 195  7 14 14 39 14.650  67.85   307.7 0    68.2 0   431.4 0   153.4 0   389.0 0   300.856 0   300.863 0   473.8 0   299.867 0   300.046 0    22.0 0   140.8 0   247.9 0   -84.8 0   163.0 0    27.1 0    44.1 0     0.6 0   107.2 0   905.3 0
 2026 195  7 14 14 40 14.667  67.65   322.3 0    69.3 0   463.7 0   156.0 0   389.5 0   300.922 0   300.955 0   476.6 0   299.923 0   300.143 0    22.8 0   145.6 0   263.0 0   -87.1 0   175.9 0    27.3 0    43.9 0     1.0 0   114.1 0   905.4 0
 2026 195  7 14 14 41 14.683  67.46   211.2 0    43.7 0   151.2 0   160.4 0   390.2 0   301.003 0   301.055 0   475.8 0   299.977 0   300.151 0    21.8 0    98.6 0   174.6 0   -85.6 0    89.1 0    27.3 0    43.8 0     0.8 0   114.0 0   905.4 0
 2026 195  7 14 14 42 14.700  67.26   182.4 0    36.0 0    56.4 0   168.1 0   390.9 0   301.072 0   301.118 0   475.1 0   300.020 0   300.165 0    21.7 0    85.3 0   154.0 0   -84.2 0    69.8 0    27.4 0    43.5 0     0.7 0   125.1 0   905.4 0
 2026 195  7 14 14 43 14.717  67.06   176.9 0    36.1 0    17.5 0   175.4 0   391.4 0   301.123 0   301.129 0   474.7 0   300.058 0   300.186 0    22.0 0    84.0 0   146.2 0   -83.3 0    62.8 0    27.4 0    43.2 0     0.8 0   112.5 0   905.4 0
 2026 195  7 14 14 44 14.733  66.87   193.1 0    40.4 0    48.8 0   179.4 0   392.1 0   301.152 0   301.149 0   474.6 0   300.094 0   300.220 0    22.5 0    91.6 0   158.2 0   -82.4 0    75.7 0    27.4 0    43.3 0     1.0 0   110.0 0   905.4 0
 2026 195  7 14 14 45 14.750  66.67   190.9 0    39.5 0    41.2 0   180.8 0   392.4 0   301.176 0   301.178 0   474.9 0   300.130 0   300.260 0    22.8 0    90.7 0   157.7 0   -82.5 0    75.2 0    27.3 0    43.1 0     1.1 0   133.8 0   905.4 0
 2026 195  7 14 14 46 14.767  66.47   193.7 0    38.8 0    45.6 0   181.5 0   391.7 0   301.200 0   301.191 0   475.4 0   300.166 0   300.297 0    23.3 0    91.5 0   160.9 0   -83.6 0    77.3 0    27.3 0    43.0 0     1.1 0   130.8 0   905.4 0
 2026 195  7 14 14 47 14.783  66.27   181.4 0    36.7 0     8.8 0   182.7 0   391.3 0   301.219 0   301.207 0   475.2 0   300.203 0   300.327 0    23.5 0    85.7 0   149.5 0   -83.9 0    65.6 0    27.4 0    42.8 0     0.9 0   132.9 0   905.4 0
 2026 195  7 14 14 48 14.800  66.08   184.8 0    37.3 0    13.7 0   183.3 0   390.6 0   301.235 0   301.230 0   474.9 0   300.237 0   300.360 0    24.1 0    87.2 0   151.5 0   -84.3 0    67.2 0    27.4 0    42.5 0     1.1 0   129.4 0   905.4 0
 2026 195  7 14 14 49 14.817  65.88   182.4 0    36.9 0     6.3 0   184.5 0   389.8 0   301.252 0   301.252 0   474.9 0   300.270 0   300.386 0    24.5 0    85.9 0   150.1 0   -85.1 0    65.0 0    27.4 0    42.5 0     1.2 0   139.3 0   905.4 0
 2026 195  7 14 14 50 14.833  65.68   184.8 0    37.4 0    12.3 0   184.5 0   389.1 0   301.269 0   301.264 0   474.7 0   300.300 0   300.414 0    25.0 0    87.5 0   152.2 0   -85.7 0    66.5 0    27.3 0    42.4 0     1.0 0   136.3 0   905.4 0
 2026 195  7 14 14 51 14.850  65.48   191.5 0    38.8 0    31.0 0   184.3 0   388.6 0   301.287 0   301.289 0   475.2 0   300.328 0   300.442 0    25.6 0    90.6 0   158.4 0   -86.6 0    71.8 0    27.3 0    42.5 0     1.0 0   130.5 0   905.4 0
 2026 195  7 14 14 52 14.867  65.29   189.8 0    38.5 0    32.0 0   182.7 0   388.1 0   301.306 0   301.293 0   475.5 0   300.358 0   300.469 0    25.9 0    90.0 0   157.5 0   -87.5 0    70.0 0    27.3 0    42.2 0     1.1 0   138.4 0   905.4 0
 2026 195  7 14 14 53 14.883  65.09   198.2 0    39.9 0    59.5 0   179.5 0   387.9 0   301.325 0   301.321 0   475.5 0   300.388 0   300.506 0    26.4 0    94.2 0   164.7 0   -87.6 0    77.1 0    27.4 0    41.8 0     1.3 0   133.5 0   905.4 0
 2026 195  7 14 14 54 14.900  64.89   191.6 0    37.7 0    48.8 0   177.8 0   387.5 0   301.346 0   301.325 0   475.6 0   300.418 0   300.540 0    26.5 0    90.2 0   160.7 0   -88.1 0    72.7 0    27.4 0    41.8 0     1.1 0   131.6 0   905.4 0
 2026 195  7 14 14 55 14.917  64.69   182.2 0    36.8 0    21.4 0   179.1 0   387.6 0   301.365 0   301.355 0   475.9 0   300.447 0   300.567 0    26.5 0    85.7 0   151.4 0   -88.3 0    63.1 0    27.4 0    41.8 0     1.0 0   128.6 0   905.4 0
 2026 195  7 14 14 56 14.933  64.50   239.0 0    50.3 0   144.7 0   182.8 0   387.2 0   301.386 0   301.386 0   476.7 0   300.477 0   300.614 0    28.3 0   112.9 0   194.7 0   -89.4 0   105.3 0    27.4 0    41.5 0     1.0 0   125.4 0   905.4 0
 2026 195  7 14 14 57 14.950  64.30   208.8 0    41.1 0    71.7 0   184.9 0   387.4 0   301.416 0   301.427 0   478.2 0   300.517 0   300.673 0    28.1 0    95.6 0   174.9 0   -90.7 0    84.2 0    27.5 0    41.2 0     0.7 0   146.5 0   905.4 0
 2026 195  7 14 14 58 14.967  64.10   291.6 0    62.8 0   255.4 0   187.3 0   387.4 0   301.450 0   301.483 0   479.9 0   300.558 0   300.732 0    30.6 0   135.4 0   236.0 0   -92.5 0   143.6 0    27.6 0    40.9 0     0.9 0   176.9 0   905.4 0
 2026 195  7 14 14 59 14.983  63.90   252.1 0    49.9 0   168.7 0   187.8 0   387.3 0   301.500 0   301.544 0   480.7 0   300.609 0   300.790 0    30.5 0   116.6 0   212.1 0   -93.3 0   118.7 0    27.7 0    40.5 0     0.9 0   177.1 0   905.3 0
 2026 195  7 14 15  0 15.000  63.70   369.7 0    79.0 0   427.7 0   189.9 0   387.7 0   301.561 0   301.642 0   483.3 0   300.659 0   300.867 0    33.7 0   170.6 0   300.4 0   -95.6 0   204.8 0    27.8 0    40.1 0     0.7 0   185.2 0   905.3 0
 2026 195  7 14 15  1 15.017  63.51   435.4 0    93.0 0   573.9 0   191.1 0   387.4 0   301.652 0   301.757 0   487.6 0   300.728 0   301.003 0    35.8 0   196.0 0   354.2 0  -100.2 0   254.0 0    28.0 0    39.4 0     0.7 0   186.8 0   905.3 0
 2026 195  7 14 15  2 15.033  63.31   445.1 0    94.2 0   602.6 0   187.2 0   387.6 0   301.772 0   301.914 0   490.5 0   300.811 0   301.109 0    36.7 0   199.7 0   363.7 0  -102.9 0   260.8 0    28.1 0    38.9 0     0.5 0   181.6 0   905.3 0
 2026 195  7 14 15  3 15.050  63.11   455.3 0    96.8 0   625.8 0   184.7 0   387.2 0   301.904 0   301.977 0   492.8 0   300.899 0   301.213 0    37.7 0   205.3 0   370.9 0  -105.6 0   265.4 0    28.3 0    38.9 0     0.6 0   198.4 0   905.3 0
 2026 195  7 14 15  4 15.067  62.91   402.6 0    81.7 0   502.8 0   187.2 0   387.2 0   302.029 0   302.094 0   494.3 0   300.994 0   301.297 0    36.9 0   181.0 0   334.5 0  -107.2 0   227.3 0    28.4 0    38.4 0     1.2 0   227.1 0   905.3 0
 2026 195  7 14 15  5 15.083  62.71   323.0 0    72.7 0   293.5 0   191.7 0   387.6 0   302.131 0   302.178 0   492.2 0   301.077 0   301.316 0    35.6 0   152.4 0   253.5 0  -104.6 0   148.9 0    28.4 0    38.3 0     1.2 0   229.4 0   905.3 0
 2026 195  7 14 15  6 15.100  62.51   446.2 0    94.4 0   553.9 0   200.9 0   387.8 0   302.220 0   302.285 0   495.3 0   301.158 0   301.437 0    38.8 0   201.4 0   362.1 0  -107.4 0   254.7 0    28.4 0    38.2 0     1.0 0   226.1 0   905.3 0
 2026 195  7 14 15  7 15.117  62.32   385.3 0    82.7 0   405.0 0   205.0 0   388.8 0   302.325 0   302.409 0   496.2 0   301.248 0   301.530 0    38.3 0   174.8 0   310.4 0  -107.4 0   203.0 0    28.4 0    38.2 0     0.9 0   243.0 0   905.3 0
 2026 195  7 14 15  8 15.133  62.12   396.8 0    78.1 0   439.9 0   205.6 0   388.9 0   302.429 0   302.490 0   497.3 0   301.336 0   301.606 0    39.0 0   180.5 0   333.2 0  -108.4 0   224.8 0    28.5 0    38.2 0     0.9 0   217.6 0   905.2 0
 2026 195  7 14 15  9 15.150  61.92   248.2 0    48.4 0   119.7 0   203.9 0   389.3 0   302.520 0   302.575 0   494.8 0   301.418 0   301.630 0    35.2 0   114.4 0   211.8 0  -105.5 0   106.3 0    28.6 0    37.7 0     1.0 0   235.3 0   905.2 0
 2026 195  7 14 15 10 15.167  61.72   424.5 0    89.7 0   483.2 0   204.4 0   389.1 0   302.592 0   302.647 0   496.6 0   301.490 0   301.732 0    40.5 0   194.0 0   343.7 0  -107.5 0   236.2 0    28.6 0    37.7 0     0.8 0   192.9 0   905.2 0
 2026 195  7 14 15 11 15.183  61.52   351.2 0    71.2 0   338.2 0   203.6 0   388.8 0   302.678 0   302.740 0   497.3 0   301.576 0   301.823 0    39.2 0   161.0 0   293.7 0  -108.5 0   185.1 0    28.7 0    37.5 0     0.6 0   195.1 0   905.2 0
 2026 195  7 14 15 12 15.200  61.32   373.9 0    74.7 0   389.2 0   201.1 0   389.0 0   302.771 0   302.859 0   498.8 0   301.666 0   301.931 0    40.5 0   170.2 0   313.2 0  -109.8 0   203.4 0    28.8 0    36.0 0     1.2 0   208.8 0   905.2 0
 2026 195  7 14 15 13 15.217  61.12   334.0 0    61.5 0   324.8 0   195.3 0   389.0 0   302.877 0   302.977 0   498.4 0   301.753 0   301.993 0    39.5 0   152.3 0   290.7 0  -109.4 0   181.3 0    28.8 0    36.0 0     1.4 0   252.0 0   905.2 0
 2026 195  7 14 15 14 15.233  60.92   288.3 0    57.6 0   220.6 0   191.0 0   389.3 0   302.974 0   303.028 0   496.6 0   301.831 0   302.031 0    38.5 0   135.9 0   240.6 0  -107.3 0   133.3 0    28.9 0    35.2 0     1.0 0   270.1 0   905.2 0
 2026 195  7 14 15 15 15.250  60.73   345.6 0    75.7 0   325.4 0   192.7 0   389.1 0   303.049 0   303.057 0   497.2 0   301.902 0   302.117 0    40.2 0   162.1 0   276.1 0  -108.1 0   168.0 0    29.0 0    34.9 0     0.4 0   288.0 0   905.2 0
 2026 195  7 14 15 16 15.267  60.53   409.2 0    85.4 0   468.6 0   189.8 0   389.6 0   303.123 0   303.154 0   500.3 0   301.985 0   302.245 0    42.2 0   186.5 0   335.0 0  -110.7 0   224.4 0    29.2 0    34.4 0     0.4 0   325.9 0   905.2 0
 2026 195  7 14 15 17 15.283  60.33   353.3 0    74.2 0   359.9 0   183.2 0   389.9 0   303.211 0   303.235 0   501.0 0   302.072 0   302.323 0    40.7 0   161.2 0   287.2 0  -111.1 0   176.2 0    29.3 0    34.2 0     0.7 0     1.0 0   905.2 0
 2026 195  7 14 15 18 15.300  60.13   311.7 0    69.8 0   269.5 0   181.4 0   390.6 0   303.288 0   303.295 0   500.8 0   302.146 0   302.348 0    39.3 0   144.4 0   245.7 0  -110.2 0   135.6 0    29.3 0    34.1 0     0.3 0    14.1 0   905.2 0
 2026 195  7 14 15 19 15.317  59.93   296.9 0    57.0 0   246.8 0   184.7 0   391.6 0   303.357 0   303.366 0   500.6 0   302.220 0   302.430 0    38.6 0   135.3 0   251.3 0  -109.0 0   142.4 0    29.5 0    33.7 0     0.4 0     6.8 0   905.2 0
 2026 195  7 14 15 20 15.333  59.73   317.6 0    69.5 0   264.0 0   189.5 0   393.1 0   303.412 0   303.395 0   500.0 0   302.285 0   302.460 0    39.5 0   150.0 0   253.0 0  -106.9 0   146.1 0    29.6 0    33.6 0     0.1 0   191.5 0   905.2 0
 2026 195  7 14 15 21 15.350  59.53   395.4 0    86.6 0   403.5 0   195.5 0   394.9 0   303.468 0   303.469 0   503.6 0   302.363 0   302.616 0    42.4 0   178.3 0   313.6 0  -108.7 0   204.9 0    29.7 0    33.3 0     0.7 0   166.2 0   905.2 0
 2026 195  7 14 15 22 15.367  59.33   355.2 0    70.0 0   331.0 0   195.8 0   396.9 0   303.532 0   303.550 0   504.1 0   302.450 0   302.701 0    41.7 0   161.2 0   294.6 0  -107.2 0   187.4 0    29.8 0    33.1 0     0.8 0   176.3 0   905.2 0
 2026 195  7 14 15 23 15.383  59.13   213.0 0    40.2 0    54.8 0   193.4 0   398.6 0   303.590 0   303.582 0   501.0 0   302.525 0   302.698 0    36.6 0    99.5 0   181.3 0  -102.4 0    78.9 0    29.7 0    33.1 0     1.0 0   155.4 0   905.2 0
 2026 195  7 14 15 24 15.400  58.93   193.5 0    38.2 0     6.8 0   195.7 0   401.5 0   303.616 0   303.626 0   498.5 0   302.583 0   302.723 0    35.7 0    91.1 0   161.0 0   -96.9 0    64.1 0    29.7 0    33.2 0     1.0 0   148.5 0   905.2 0
 2026 195  7 14 15 25 15.417  58.73   213.2 0    41.3 0    36.8 0   199.6 0   402.9 0   303.644 0   303.667 0   497.8 0   302.632 0   302.760 0    36.8 0   100.4 0   177.4 0   -94.9 0    82.5 0    29.6 0    33.1 0     1.0 0   176.3 0   905.2 0
 2026 195  7 14 15 26 15.433  58.53   202.1 0    39.9 0     3.2 0   204.2 0   404.7 0   303.672 0   303.686 0   497.0 0   302.677 0   302.799 0    36.4 0    94.6 0   166.0 0   -92.3 0    73.7 0    29.5 0    32.5 0     0.7 0   205.6 0   905.2 0
 2026 195  7 14 15 27 15.450  58.33   207.3 0    40.9 0     2.6 0   209.2 0   406.3 0   303.693 0   303.707 0   497.3 0   302.723 0   302.849 0    36.8 0    96.9 0   169.8 0   -91.1 0    78.7 0    29.5 0    32.0 0     0.4 0   195.5 0   905.2 0
 2026 195  7 14 15 28 15.467  58.13   212.3 0    41.8 0     2.3 0   214.3 0   408.1 0   303.713 0   303.753 0   497.3 0   302.770 0   302.893 0    37.2 0    99.1 0   173.7 0   -89.2 0    84.5 0    29.5 0    31.8 0     1.5 0   216.6 0   905.2 0
 2026 195  7 14 15 29 15.483  57.93   217.2 0    42.9 0     2.4 0   218.8 0   409.4 0   303.737 0   303.773 0   496.2 0   302.810 0   302.922 0    37.6 0   101.3 0   177.1 0   -86.9 0    90.2 0    29.5 0    31.9 0     2.3 0   218.6 0   905.2 0
 2026 195  7 14 15 30 15.500  57.73   219.6 0    43.5 0     1.8 0   221.7 0   409.7 0   303.759 0   303.767 0   495.8 0   302.836 0   302.944 0    37.9 0   102.2 0   179.1 0   -86.1 0    93.0 0    29.3 0    32.2 0     2.3 0   219.1 0   905.2 0
 2026 195  7 14 15 31 15.517  57.53   221.2 0    43.9 0     3.9 0   222.8 0   410.3 0   303.772 0   303.763 0   495.8 0   302.858 0   302.971 0    38.1 0   103.2 0   180.9 0   -85.5 0    95.4 0    29.2 0    32.5 0     2.2 0   218.3 0   905.2 0
 2026 195  7 14 15 32 15.533  57.33   221.6 0    44.0 0     3.1 0   223.5 0   410.8 0   303.781 0   303.778 0   495.5 0   302.878 0   302.992 0    38.2 0   103.3 0   181.1 0   -84.6 0    96.5 0    29.1 0    32.6 0     2.2 0   218.1 0   905.2 0
 2026 195  7 14 15 33 15.550  57.13   224.2 0    44.6 0     3.2 0   225.9 0   411.4 0   303.788 0   303.791 0   495.3 0   302.892 0   302.996 0    38.6 0   104.6 0   183.0 0   -84.0 0    99.1 0    29.0 0    32.7 0     2.1 0   222.0 0   905.2 0
 2026 195  7 14 15 34 15.567  56.93   227.7 0    45.1 0     2.8 0   229.1 0   411.0 0   303.796 0   303.805 0   495.5 0   302.909 0   303.016 0    39.1 0   106.0 0   185.5 0   -84.5 0   101.0 0    29.0 0    32.7 0     1.4 0   212.1 0   905.2 0
 2026 195  7 14 15 35 15.583  56.73   231.0 0    45.7 0     1.3 0   233.2 0   411.3 0   303.801 0   303.821 0   496.0 0   302.930 0   303.049 0    39.7 0   107.4 0   188.2 0   -84.7 0   103.5 0    29.1 0    32.6 0     1.6 0   207.7 0   905.2 0
 2026 195  7 14 15 36 15.600  56.53   241.4 0    48.4 0     9.1 0   238.7 0   411.1 0   303.805 0   303.806 0   495.7 0   302.948 0   303.054 0    40.7 0   112.4 0   195.4 0   -84.6 0   110.8 0    29.0 0    32.6 0     2.3 0   196.2 0   905.2 0
 2026 195  7 14 15 37 15.617  56.33   245.7 0    49.0 0     5.5 0   245.1 0   411.5 0   303.805 0   303.824 0   496.4 0   302.960 0   303.076 0    41.4 0   114.1 0   199.1 0   -84.9 0   114.2 0    29.0 0    32.7 0     1.8 0   202.5 0   905.2 0
 2026 195  7 14 15 38 15.633  56.13   258.6 0    52.3 0    15.3 0   252.7 0   410.9 0   303.809 0   303.830 0   496.7 0   302.975 0   303.092 0    42.7 0   120.2 0   209.0 0   -85.9 0   123.1 0    29.1 0    32.7 0     2.1 0   204.9 0   905.2 0
 2026 195  7 14 15 39 15.650  55.93   258.7 0    51.5 0    10.6 0   255.8 0   410.9 0   303.808 0   303.803 0   497.8 0   302.992 0   303.121 0    42.9 0   119.7 0   210.2 0   -86.9 0   123.3 0    29.1 0    32.5 0     1.9 0   197.9 0   905.2 0
 2026 195  7 14 15 40 15.667  55.73   266.6 0    53.0 0    27.6 0   254.9 0   410.9 0   303.802 0   303.806 0   498.1 0   303.014 0   303.148 0    43.8 0   123.8 0   217.5 0   -87.2 0   130.3 0    29.2 0    32.4 0     1.9 0   196.8 0   905.2 0
 2026 195  7 14 15 41 15.683  55.53   339.7 0    72.1 0   147.7 0   257.8 0   410.6 0   303.800 0   303.818 0   499.4 0   303.034 0   303.187 0    47.8 0   158.5 0   269.3 0   -88.7 0   180.6 0    29.2 0    32.5 0     1.6 0   205.6 0   905.3 0
 2026 195  7 14 15 42 15.700  55.33   346.2 0    68.1 0   166.8 0   257.4 0   410.4 0   303.815 0   303.899 0   502.1 0   303.067 0   303.259 0    48.6 0   158.2 0   284.2 0   -91.7 0   192.5 0    29.2 0    32.4 0     1.5 0   181.3 0   905.3 0
 2026 195  7 14 15 43 15.717  55.13   321.9 0    61.3 0   122.3 0   258.1 0   410.3 0   303.846 0   303.931 0   502.7 0   303.106 0   303.282 0    48.0 0   146.7 0   266.8 0   -92.4 0   174.4 0    29.2 0    32.4 0     1.5 0   187.0 0   905.3 0
 2026 195  7 14 15 44 15.733  54.93   307.0 0    63.3 0    76.0 0   265.9 0   410.3 0   303.876 0   303.981 0   502.0 0   303.140 0   303.303 0    48.4 0   143.4 0   246.3 0   -91.7 0   154.6 0    29.3 0    32.2 0     1.7 0   184.2 0   905.2 0
 2026 195  7 14 15 45 15.750  54.73   302.6 0    59.0 0    60.9 0   272.7 0   409.8 0   303.913 0   304.043 0   502.6 0   303.173 0   303.342 0    48.7 0   138.3 0   248.8 0   -92.8 0   156.0 0    29.3 0    32.3 0     1.4 0   209.6 0   905.2 0
 2026 195  7 14 15 46 15.767  54.53   305.4 0    60.8 0    51.7 0   280.3 0   408.5 0   303.948 0   304.017 0   502.7 0   303.204 0   303.368 0    49.9 0   141.0 0   249.5 0   -94.2 0   155.3 0    29.3 0    32.3 0     1.3 0   231.0 0   905.2 0
 2026 195  7 14 15 47 15.783  54.33   303.8 0    60.0 0    45.7 0   282.5 0   408.0 0   303.966 0   304.037 0   502.5 0   303.234 0   303.383 0    50.5 0   139.9 0   249.2 0   -94.6 0   154.6 0    29.2 0    32.4 0     1.7 0   219.3 0   905.2 0
 2026 195  7 14 15 48 15.800  54.13   308.7 0    62.5 0    51.8 0   281.6 0   407.1 0   303.984 0   304.070 0   503.5 0   303.261 0   303.416 0    51.6 0   143.0 0   249.5 0   -96.4 0   153.2 0    29.2 0    32.5 0     1.8 0   194.0 0   905.2 0
 2026 195  7 14 15 49 15.817  53.93   297.6 0    58.7 0    42.5 0   278.0 0   407.0 0   304.006 0   304.117 0   503.4 0   303.289 0   303.446 0    51.1 0   136.1 0   244.3 0   -96.3 0   148.0 0    29.2 0    32.5 0     1.6 0   199.3 0   905.2 0
 2026 195  7 14 15 50 15.833  53.73   330.5 0    67.3 0   101.0 0   275.7 0   406.3 0   304.032 0   304.081 0   504.3 0   303.319 0   303.485 0    53.5 0   152.4 0   268.1 0   -98.0 0   170.1 0    29.3 0    32.3 0     1.6 0   189.1 0   905.2 0
 2026 195  7 14 15 51 15.850  53.53   310.2 0    62.4 0    68.2 0   272.5 0   406.3 0   304.053 0   304.134 0   505.0 0   303.354 0   303.523 0    52.8 0   142.4 0   250.6 0   -98.6 0   151.9 0    29.3 0    32.2 0     2.0 0   212.1 0   905.2 0
 2026 195  7 14 15 52 15.867  53.33   323.7 0    63.5 0    93.0 0   273.4 0   404.9 0   304.080 0   304.133 0   504.2 0   303.379 0   303.525 0    54.3 0   150.0 0   265.4 0   -99.4 0   166.1 0    29.3 0    32.2 0     1.7 0   220.0 0   905.2 0
 2026 195  7 14 15 53 15.883  53.13   289.8 0    57.7 0    31.6 0   274.3 0   404.6 0   304.101 0   304.168 0   504.8 0   303.404 0   303.548 0    52.9 0   133.6 0   235.6 0  -100.2 0   135.4 0    29.3 0    32.2 0     1.9 0   216.4 0   905.2 0
 2026 195  7 14 15 54 15.900  52.93   277.3 0    55.3 0     6.8 0   276.1 0   403.7 0   304.116 0   304.137 0   504.2 0   303.425 0   303.555 0    52.6 0   127.9 0   225.0 0  -100.5 0   124.5 0    29.4 0    32.0 0     1.8 0   208.7 0   905.2 0
 2026 195  7 14 15 55 15.917  52.73   278.7 0    55.7 0     3.1 0   280.1 0   403.3 0   304.121 0   304.163 0   503.7 0   303.443 0   303.581 0    53.5 0   128.4 0   226.2 0  -100.5 0   125.7 0    29.3 0    32.0 0     1.9 0   204.4 0   905.2 0
 2026 195  7 14 15 56 15.933  52.53   281.5 0    56.2 0     2.4 0   283.5 0   402.6 0   304.129 0   304.172 0   503.6 0   303.461 0   303.595 0    54.5 0   129.6 0   228.8 0  -101.0 0   127.8 0    29.3 0    31.9 0     2.5 0   232.2 0   905.2 0
 2026 195  7 14 15 57 15.950  52.33   281.4 0    56.2 0     1.9 0   284.2 0   402.1 0   304.135 0   304.170 0   503.0 0   303.470 0   303.598 0    55.1 0   129.7 0   229.1 0  -100.9 0   128.3 0    29.3 0    32.0 0     2.4 0   224.6 0   905.2 0
 2026 195  7 14 15 58 15.967  52.13   280.9 0    56.1 0     2.0 0   283.8 0   401.4 0   304.143 0   304.177 0   502.7 0   303.474 0   303.594 0    55.6 0   129.8 0   228.9 0  -101.3 0   127.6 0    29.2 0    32.0 0     2.5 0   217.1 0   905.2 0
 2026 195  7 14 15 59 15.983  51.92   285.2 0    56.9 0     5.1 0   285.9 0   401.3 0   304.149 0   304.182 0   503.4 0   303.482 0   303.607 0    56.2 0   132.2 0   232.1 0  -102.1 0   130.0 0    29.3 0    31.9 0     2.0 0   236.6 0   905.2 0
 2026 195  7 14 16  0 16.000  51.73   292.2 0    58.4 0     7.9 0   290.8 0   401.3 0   304.155 0   304.205 0   503.3 0   303.497 0   303.623 0    57.1 0   135.6 0   237.3 0  -102.0 0   135.3 0    29.3 0    31.8 0     2.4 0   230.1 0   905.2 0
 2026 195  7 14 16  1 16.017  51.52   297.6 0    59.6 0     7.0 0   297.2 0   401.2 0   304.166 0   304.222 0   503.6 0   303.508 0   303.641 0    57.7 0   138.0 0   241.9 0  -102.4 0   139.5 0    29.3 0    31.7 0     1.7 0   221.2 0   905.2 0
 2026 195  7 14 16  2 16.033  51.32   313.2 0    62.7 0    22.8 0   302.4 0   401.4 0   304.183 0   304.281 0   504.6 0   303.524 0   303.668 0    59.7 0   146.1 0   253.9 0  -103.2 0   150.7 0    29.4 0    31.8 0     1.4 0   234.1 0   905.2 0
 2026 195  7 14 16  3 16.050  51.12   317.5 0    63.6 0    21.3 0   306.5 0   401.4 0   304.205 0   304.296 0   505.5 0   303.549 0   303.707 0    60.6 0   147.8 0   256.3 0  -104.1 0   152.3 0    29.4 0    31.7 0     1.6 0   217.0 0   905.2 0
 2026 195  7 14 16  4 16.067  50.92   323.9 0    64.0 0    25.6 0   311.2 0   401.0 0   304.228 0   304.323 0   506.8 0   303.580 0   303.749 0    61.9 0   150.2 0   263.3 0  -105.7 0   157.6 0    29.6 0    31.5 0     1.8 0   206.0 0   905.2 0
 2026 195  7 14 16  5 16.083  50.72   315.4 0    63.1 0     6.8 0   314.5 0   400.9 0   304.247 0   304.321 0   505.5 0   303.606 0   303.754 0    61.7 0   145.7 0   255.8 0  -104.5 0   151.3 0    29.6 0    31.4 0     2.2 0   213.5 0   905.2 0
 2026 195  7 14 16  6 16.100  50.52   318.8 0    64.0 0     6.3 0   318.3 0   399.6 0   304.261 0   304.318 0   506.3 0   303.619 0   303.762 0    62.7 0   147.3 0   258.2 0  -106.7 0   151.5 0    29.5 0    31.6 0     1.9 0   215.3 0   905.2 0
 2026 195  7 14 16  7 16.117  50.32   356.7 0    70.5 0    52.4 0   328.5 0   400.0 0   304.268 0   304.342 0   506.7 0   303.639 0   303.797 0    66.8 0   165.6 0   291.4 0  -106.7 0   184.7 0    29.5 0    31.5 0     1.9 0   211.9 0   905.2 0
 2026 195  7 14 16  8 16.133  50.12   366.3 0    73.4 0    49.8 0   339.1 0   399.3 0   304.287 0   304.395 0   507.7 0   303.659 0   303.832 0    68.3 0   169.7 0   297.6 0  -108.4 0   189.3 0    29.5 0    31.5 0     2.1 0   222.3 0   905.2 0
 2026 195  7 14 16  9 16.150  49.92   682.7 0   135.5 0   530.4 0   346.0 0   399.2 0   304.322 0   304.479 0   513.3 0   303.686 0   303.942 0    91.9 0   312.2 0   552.0 0  -114.1 0   438.0 0    29.5 0    31.6 0     1.9 0   217.6 0   905.2 0
 2026 195  7 14 16 10 16.167  49.72   764.2 0   149.9 0   659.5 0   345.3 0   398.9 0   304.405 0   304.636 0   522.6 0   303.754 0   304.149 0    99.6 0   338.4 0   621.8 0  -123.6 0   498.2 0    29.5 0    31.4 0     1.1 0   200.7 0   905.2 0
 2026 195  7 14 16 11 16.183  49.52   831.7 0   167.3 0   770.5 0   336.4 0   399.4 0   304.519 0   304.779 0   530.1 0   303.859 0   304.296 0   106.8 0   369.8 0   669.3 0  -130.7 0   538.7 0    29.8 0    31.1 0     1.9 0   190.5 0   905.1 0
 2026 195  7 14 16 12 16.200  49.32   847.2 0   171.3 0   797.0 0   332.0 0   400.7 0   304.655 0   304.952 0   535.3 0   303.976 0   304.444 0   109.4 0   372.8 0   680.2 0  -134.6 0   545.6 0    30.0 0    30.8 0     2.2 0   179.2 0   905.1 0
 2026 195  7 14 16 13 16.217  49.12   810.9 0   161.3 0   752.5 0   326.0 0   400.4 0   304.813 0   305.103 0   538.3 0   304.092 0   304.544 0   108.8 0   358.3 0   657.3 0  -137.9 0   519.4 0    30.1 0    30.6 0     1.9 0   177.1 0   905.1 0
 2026 195  7 14 16 14 16.233  48.92   823.0 0   167.5 0   782.5 0   314.6 0   399.8 0   304.975 0   305.249 0   541.9 0   304.208 0   304.657 0   111.0 0   363.2 0   661.2 0  -142.1 0   519.1 0    30.2 0    30.4 0     1.6 0   181.3 0   905.1 0
 2026 195  7 14 16 15 16.250  48.72   830.0 0   168.7 0   811.8 0   300.6 0   397.4 0   305.139 0   305.372 0   544.5 0   304.329 0   304.798 0   112.8 0   365.7 0   667.4 0  -147.1 0   520.3 0    30.2 0    30.5 0     2.1 0   195.3 0   905.1 0
 2026 195  7 14 16 16 16.267  48.52   826.8 0   168.2 0   819.9 0   289.9 0   396.8 0   305.287 0   305.447 0   547.1 0   304.449 0   304.921 0   113.1 0   363.8 0   664.8 0  -150.3 0   514.5 0    30.1 0    30.6 0     2.0 0   180.3 0   905.1 0
 2026 195  7 14 16 17 16.283  48.32   806.4 0   157.5 0   808.2 0   277.8 0   394.9 0   305.427 0   305.563 0   549.4 0   304.577 0   305.059 0   112.2 0   355.1 0   657.8 0  -154.5 0   503.3 0    30.1 0    30.7 0     1.4 0   202.9 0   905.1 0
 2026 195  7 14 16 18 16.300  48.12   794.1 0   161.1 0   810.0 0   259.1 0   393.8 0   305.553 0   305.608 0   550.3 0   304.707 0   305.143 0   112.3 0   351.2 0   638.7 0  -156.5 0   482.2 0    30.3 0    30.2 0     2.1 0   212.9 0   905.1 0
 2026 195  7 14 16 19 16.317  47.92   792.8 0   161.0 0   831.3 0   242.6 0   393.7 0   305.672 0   305.760 0   551.2 0   304.825 0   305.267 0   113.3 0   349.6 0   638.7 0  -157.6 0   481.2 0    30.3 0    30.4 0     1.9 0   235.1 0   905.1 0
 2026 195  7 14 16 20 16.333  47.72   786.6 0   159.5 0   835.0 0   231.1 0   391.4 0   305.793 0   305.731 0   554.0 0   304.945 0   305.389 0   114.0 0   347.8 0   633.4 0  -162.6 0   470.8 0    30.3 0    30.5 0     1.3 0   229.4 0   905.2 0
 2026 195  7 14 16 21 16.350  47.52   783.2 0   158.8 0   836.9 0   224.1 0   392.6 0   305.885 0   305.875 0   554.6 0   305.073 0   305.497 0   114.4 0   346.4 0   630.5 0  -162.0 0   468.5 0    30.5 0    29.9 0     2.5 0   232.3 0   905.1 0
 2026 195  7 14 16 22 16.367  47.32   784.1 0   156.5 0   830.6 0   227.3 0   392.2 0   305.993 0   306.017 0   554.0 0   305.187 0   305.574 0   114.9 0   346.3 0   633.9 0  -161.7 0   472.1 0    30.4 0    30.1 0     2.5 0   239.2 0   905.1 0
 2026 195  7 14 16 23 16.383  47.12   789.5 0   160.3 0   823.1 0   233.3 0   391.6 0   306.111 0   306.089 0   554.6 0   305.286 0   305.672 0   116.1 0   350.2 0   633.0 0  -163.0 0   470.0 0    30.2 0    30.4 0     2.0 0   254.2 0   905.1 0
 2026 195  7 14 16 24 16.400  46.92   808.5 0   164.2 0   843.4 0   236.3 0   390.7 0   306.205 0   306.037 0   557.4 0   305.392 0   305.789 0   118.7 0   356.7 0   648.2 0  -166.7 0   481.5 0    30.3 0    30.1 0     1.5 0   274.8 0   905.1 0
 2026 195  7 14 16 25 16.417  46.72   799.8 0   160.5 0   826.7 0   238.4 0   392.0 0   306.262 0   306.154 0   558.6 0   305.503 0   305.908 0   119.6 0   353.1 0   644.6 0  -166.6 0   478.0 0    30.5 0    29.9 0     2.2 0   254.4 0   905.1 0
 2026 195  7 14 16 26 16.433  46.52   820.2 0   166.0 0   846.9 0   240.6 0   391.9 0   306.325 0   306.200 0   560.1 0   305.600 0   305.991 0   122.6 0   362.0 0   657.3 0  -168.2 0   489.1 0    30.6 0    29.7 0     2.4 0   240.1 0   905.1 0
 2026 195  7 14 16 27 16.450  46.32   822.1 0   166.3 0   850.8 0   238.5 0   392.4 0   306.384 0   306.225 0   562.6 0   305.693 0   306.070 0   124.6 0   362.9 0   659.8 0  -170.2 0   489.6 0    30.7 0    29.6 0     1.9 0   232.4 0   905.1 0
 2026 195  7 14 16 28 16.467  46.12   810.0 0   163.0 0   846.8 0   227.1 0   392.1 0   306.433 0   306.234 0   563.2 0   305.795 0   306.207 0   125.8 0   358.0 0   651.1 0  -171.1 0   480.0 0    30.8 0    29.3 0     2.0 0   213.2 0   905.1 0
 2026 195  7 14 16 29 16.483  45.92   800.2 0   161.1 0   841.9 0   218.7 0   393.3 0   306.465 0   306.278 0   563.7 0   305.888 0   306.259 0   126.5 0   353.9 0   643.2 0  -170.4 0   472.8 0    30.7 0    29.5 0     2.2 0   222.6 0   905.0 0
 2026 195  7 14 16 30 16.500  45.72   798.9 0   160.6 0   846.5 0   211.5 0   393.3 0   306.499 0   306.307 0   564.5 0   305.972 0   306.343 0   127.5 0   353.2 0   641.9 0  -171.2 0   470.7 0    30.6 0    29.6 0     1.8 0   227.9 0   905.0 0
 2026 195  7 14 16 31 16.517  45.52   797.6 0   160.1 0   849.8 0   205.0 0   393.3 0   306.538 0   306.349 0   565.0 0   306.067 0   306.459 0   128.4 0   352.4 0   640.3 0  -171.8 0   468.6 0    30.5 0    29.7 0     0.9 0   210.8 0   905.0 0
 2026 195  7 14 16 32 16.533  45.32   794.0 0   159.0 0   852.2 0   197.8 0   393.1 0   306.580 0   306.427 0   566.7 0   306.181 0   306.606 0   129.0 0   351.0 0   638.1 0  -173.6 0   464.5 0    30.7 0    29.5 0     0.1 0   147.5 0   905.0 0
 2026 195  7 14 16 33 16.550  45.12   790.0 0   158.1 0   856.2 0   189.3 0   393.3 0   306.629 0   306.498 0   567.5 0   306.301 0   306.671 0   129.4 0   349.2 0   635.4 0  -174.2 0   461.2 0    30.9 0    29.1 0     2.1 0   210.4 0   905.0 0
 2026 195  7 14 16 34 16.567  44.92   782.9 0   157.3 0   856.8 0   179.6 0   392.1 0   306.693 0   306.599 0   566.1 0   306.371 0   306.713 0   129.0 0   345.9 0   628.9 0  -174.0 0   455.0 0    30.6 0    29.7 0     2.5 0   203.9 0   905.0 0
 2026 195  7 14 16 35 16.583  44.72   755.7 0   151.6 0   826.2 0   171.7 0   389.8 0   306.764 0   306.559 0   566.7 0   306.434 0   306.787 0   126.6 0   333.9 0   607.2 0  -176.9 0   430.3 0    30.4 0    30.0 0     1.5 0   227.9 0   905.0 0
 2026 195  7 14 16 36 16.600  44.52   736.4 0   147.5 0   798.6 0   169.5 0   388.8 0   306.808 0   306.518 0   568.8 0   306.516 0   306.845 0   124.8 0   326.3 0   591.5 0  -180.1 0   411.4 0    30.8 0    29.3 0     1.6 0   243.6 0   905.0 0
 2026 195  7 14 16 37 16.617  44.32   747.6 0   148.8 0   804.1 0   175.1 0   388.1 0   306.837 0   306.606 0   568.3 0   306.608 0   306.936 0   126.0 0   330.4 0   601.6 0  -180.2 0   421.4 0    31.0 0    28.8 0     2.0 0   239.4 0   905.0 0
 2026 195  7 14 16 38 16.633  44.12   654.3 0   128.7 0   654.7 0   187.5 0   387.6 0   306.857 0   306.536 0   565.0 0   306.671 0   306.933 0   119.1 0   291.9 0   528.8 0  -177.5 0   351.3 0    30.9 0    29.1 0     2.2 0   215.7 0   904.9 0
 2026 195  7 14 16 39 16.650  43.92   650.3 0   131.9 0   640.8 0   188.8 0   388.6 0   306.853 0   306.560 0   562.3 0   306.707 0   306.930 0   119.5 0   294.4 0   518.5 0  -173.6 0   344.8 0    30.7 0    29.3 0     2.0 0   227.0 0   904.9 0
 2026 195  7 14 16 40 16.667  43.72   766.7 0   153.7 0   814.2 0   181.6 0   387.3 0   306.865 0   306.641 0   563.5 0   306.745 0   307.042 0   129.8 0   338.9 0   616.4 0  -176.2 0   440.2 0    30.6 0    29.5 0     1.1 0   265.0 0   904.9 0
 2026 195  7 14 16 41 16.683  43.53   781.3 0   155.9 0   840.6 0   174.4 0   386.9 0   306.892 0   306.632 0   567.0 0   306.825 0   307.205 0   132.9 0   345.2 0   628.0 0  -180.1 0   447.8 0    30.7 0    29.4 0     0.6 0   205.5 0   904.9 0
 2026 195  7 14 16 42 16.700  43.33   792.0 0   158.0 0   851.3 0   174.0 0   388.2 0   306.916 0   306.743 0   569.8 0   306.929 0   307.342 0   135.0 0   349.4 0   635.3 0  -181.6 0   453.7 0    30.9 0    29.1 0     0.1 0   192.6 0   904.9 0
 2026 195  7 14 16 43 16.717  43.13   788.7 0   159.0 0   819.7 0   188.8 0   388.4 0   306.955 0   306.756 0   570.6 0   307.027 0   307.352 0   135.8 0   348.8 0   628.1 0  -182.2 0   445.8 0    31.0 0    28.8 0     2.4 0   212.6 0   904.9 0
 2026 195  7 14 16 44 16.733  42.93   439.6 0    83.5 0   305.2 0   222.4 0   389.0 0   306.981 0   306.785 0   563.1 0   307.063 0   307.271 0   104.1 0   198.6 0   362.3 0  -174.2 0   188.2 0    30.8 0    29.3 0     1.2 0   194.8 0   904.9 0
 2026 195  7 14 16 45 16.750  42.73   514.8 0    99.1 0   384.9 0   235.0 0   387.5 0   306.976 0   306.761 0   559.6 0   307.091 0   307.284 0   110.4 0   235.4 0   418.6 0  -172.1 0   246.5 0    30.7 0    29.3 0     1.3 0   229.9 0   904.9 0
 2026 195  7 14 16 46 16.767  42.53   617.7 0   123.2 0   542.9 0   219.8 0   388.1 0   306.963 0   306.724 0   559.4 0   307.113 0   307.261 0   121.3 0   281.2 0   496.6 0  -171.3 0   325.2 0    30.8 0    29.3 0     3.3 0   219.0 0   904.9 0
 2026 195  7 14 16 47 16.783  42.33   775.7 0   157.9 0   797.9 0   186.9 0   388.4 0   306.966 0   306.737 0   562.0 0   307.102 0   307.331 0   137.6 0   346.3 0   618.8 0  -173.6 0   445.2 0    30.6 0    29.5 0     2.2 0   249.9 0   904.9 0
 2026 195  7 14 16 48 16.800  42.13   795.4 0   158.6 0   851.3 0   166.7 0   387.3 0   306.988 0   306.734 0   566.8 0   307.143 0   307.446 0   141.1 0   351.3 0   639.4 0  -179.5 0   459.9 0    30.7 0    29.3 0     1.5 0   265.1 0   904.9 0
 2026 195  7 14 16 49 16.817  41.93   789.1 0   157.0 0   852.5 0   156.8 0   387.5 0   307.011 0   306.769 0   568.0 0   307.185 0   307.476 0   142.1 0   349.0 0   634.0 0  -180.5 0   453.4 0    30.7 0    29.3 0     2.3 0   223.7 0   904.9 0
 2026 195  7 14 16 50 16.833  41.74   788.2 0   156.3 0   855.4 0   151.1 0   387.6 0   307.035 0   306.768 0   569.4 0   307.221 0   307.518 0   143.3 0   348.4 0   633.1 0  -181.8 0   451.3 0    30.7 0    29.3 0     2.3 0   221.9 0   904.9 0
 2026 195  7 14 16 51 16.850  41.54   760.3 0   150.9 0   817.7 0   149.2 0   388.4 0   307.063 0   306.827 0   570.4 0   307.253 0   307.541 0   141.4 0   336.5 0   610.3 0  -182.0 0   428.4 0    30.8 0    29.1 0     3.5 0   209.3 0   904.9 0
 2026 195  7 14 16 52 16.867  41.34   762.0 0   152.3 0   815.9 0   150.0 0   389.2 0   307.114 0   306.966 0   568.4 0   307.259 0   307.508 0   141.9 0   337.2 0   610.3 0  -179.2 0   431.1 0    30.9 0    29.0 0     4.2 0   218.8 0   904.8 0
 2026 195  7 14 16 53 16.883  41.14   754.2 0   150.7 0   801.7 0   151.0 0   387.8 0   307.184 0   306.927 0   566.8 0   307.232 0   307.418 0   141.8 0   333.8 0   604.0 0  -179.0 0   425.1 0    30.7 0    29.4 0     3.7 0   211.5 0   904.8 0
 2026 195  7 14 16 54 16.900  40.94   762.7 0   152.3 0   811.2 0   150.5 0   387.0 0   307.223 0   306.917 0   568.2 0   307.211 0   307.495 0   143.7 0   337.9 0   611.0 0  -181.2 0   429.8 0    30.5 0    29.6 0     3.0 0   213.4 0   904.8 0
 2026 195  7 14 16 55 16.917  40.75   782.1 0   155.8 0   835.3 0   149.5 0   387.5 0   307.248 0   306.889 0   569.3 0   307.220 0   307.500 0   146.6 0   345.7 0   626.5 0  -181.8 0   444.7 0    30.6 0    29.5 0     2.4 0   236.0 0   904.9 0
 2026 195  7 14 16 56 16.933  40.55   781.0 0   154.6 0   832.3 0   148.8 0   387.6 0   307.260 0   306.987 0   572.4 0   307.257 0   307.603 0   147.6 0   345.5 0   626.7 0  -184.8 0   441.8 0    30.7 0    29.3 0     1.7 0   235.3 0   904.8 0
 2026 195  7 14 16 57 16.950  40.35   789.9 0   156.3 0   843.2 0   147.7 0   388.9 0   307.278 0   306.989 0   574.4 0   307.317 0   307.635 0   149.5 0   349.1 0   634.0 0  -185.5 0   448.5 0    30.9 0    28.8 0     2.9 0   209.3 0   904.8 0
 2026 195  7 14 16 58 16.967  40.15   793.4 0   157.6 0   848.9 0   145.3 0   388.7 0   307.309 0   307.092 0   573.9 0   307.345 0   307.641 0   151.3 0   351.3 0   636.5 0  -185.2 0   451.3 0    31.0 0    28.8 0     1.9 0   217.8 0   904.8 0
 2026 195  7 14 16 59 16.983  39.96   809.1 0   160.6 0   869.8 0   142.5 0   389.0 0   307.361 0   307.156 0   577.0 0   307.380 0   307.667 0   154.1 0   357.7 0   648.7 0  -188.0 0   460.7 0    31.1 0    28.5 0     3.8 0   234.3 0   904.8 0
 2026 195  7 14 17  0 17.000  39.76   815.5 0   162.1 0   876.3 0   141.4 0   389.0 0   307.414 0   307.125 0   575.7 0   307.404 0   307.688 0   156.0 0   360.6 0   653.0 0  -186.7 0   466.3 0    31.4 0    28.1 0     4.1 0   239.5 0   904.8 0
 2026 195  7 14 17  1 17.017  39.56   821.7 0   163.5 0   880.8 0   142.4 0   389.0 0   307.451 0   307.127 0   575.2 0   307.413 0   307.674 0   157.7 0   363.4 0   658.0 0  -186.2 0   471.8 0    31.1 0    28.1 0     3.7 0   240.4 0   904.8 0
 2026 195  7 14 17  2 17.033  39.36   826.3 0   164.4 0   881.3 0   144.4 0   388.1 0   307.484 0   307.150 0   576.9 0   307.413 0   307.688 0   159.0 0   365.3 0   661.4 0  -188.9 0   472.6 0    31.0 0    28.3 0     2.4 0   247.2 0   904.8 0
 2026 195  7 14 17  3 17.050  39.17   830.8 0   164.6 0   880.7 0   147.1 0   389.0 0   307.503 0   307.230 0   579.6 0   307.453 0   307.810 0   159.9 0   367.0 0   665.4 0  -190.6 0   474.8 0    31.0 0    28.3 0     2.0 0   246.6 0   904.8 0
 2026 195  7 14 17  4 17.067  38.97   836.7 0   165.5 0   880.7 0   150.3 0   391.1 0   307.540 0   307.372 0   580.5 0   307.507 0   307.865 0   161.1 0   369.3 0   669.5 0  -189.4 0   480.1 0    31.0 0    28.3 0     2.8 0   242.3 0   904.8 0
 2026 195  7 14 17  5 17.083  38.77   839.2 0   166.3 0   880.1 0   152.2 0   391.5 0   307.612 0   307.468 0   581.6 0   307.543 0   307.880 0   162.5 0   370.9 0   672.1 0  -190.1 0   482.0 0    31.1 0    28.1 0     3.1 0   211.5 0   904.8 0
 2026 195  7 14 17  6 17.100  38.57   842.3 0   167.3 0   879.3 0   154.0 0   390.3 0   307.693 0   307.478 0   580.8 0   307.572 0   307.888 0   163.8 0   372.1 0   674.1 0  -190.6 0   483.6 0    31.3 0    27.9 0     4.2 0   231.1 0   904.8 0
 2026 195  7 14 17  7 17.117  38.38   844.1 0   167.9 0   875.3 0   156.6 0   390.2 0   307.750 0   307.476 0   580.0 0   307.580 0   307.890 0   164.9 0   373.0 0   674.9 0  -189.8 0   485.1 0    31.1 0    28.3 0     4.4 0   246.7 0   904.8 0
 2026 195  7 14 17  8 17.133  38.18   829.3 0   164.4 0   851.2 0   160.0 0   390.1 0   307.794 0   307.508 0   579.7 0   307.567 0   307.866 0   163.4 0   365.4 0   664.7 0  -189.7 0   475.0 0    31.1 0    28.2 0     5.0 0   228.2 0   904.8 0
 2026 195  7 14 17  9 17.150  37.99   737.9 0   146.3 0   730.3 0   161.9 0   390.7 0   307.831 0   307.562 0   578.4 0   307.551 0   307.858 0   153.0 0   327.6 0   591.2 0  -187.7 0   403.5 0    31.0 0    28.4 0     2.5 0   228.3 0   904.8 0
 2026 195  7 14 17 10 17.167  37.79   804.1 0   160.0 0   806.5 0   164.6 0   390.6 0   307.862 0   307.563 0   580.5 0   307.570 0   307.874 0   160.6 0   356.3 0   642.0 0  -189.9 0   452.1 0    31.1 0    28.2 0     3.8 0   247.1 0   904.8 0
 2026 195  7 14 17 11 17.183  37.59   819.3 0   163.2 0   821.6 0   167.4 0   391.7 0   307.887 0   307.623 0   579.3 0   307.582 0   307.852 0   163.2 0   362.3 0   655.2 0  -187.7 0   467.5 0    31.3 0    27.9 0     5.3 0   233.7 0   904.7 0
 2026 195  7 14 17 12 17.200  37.40   820.1 0   164.0 0   818.9 0   168.7 0   390.0 0   307.926 0   307.659 0   576.6 0   307.536 0   307.749 0   164.1 0   362.3 0   655.2 0  -186.6 0   468.7 0    30.9 0    28.6 0     4.3 0   220.9 0   904.8 0
 2026 195  7 14 17 13 17.217  37.20   829.4 0   165.5 0   826.1 0   169.9 0   389.3 0   307.950 0   307.606 0   579.6 0   307.502 0   307.821 0   166.1 0   366.3 0   662.4 0  -190.3 0   472.1 0    30.5 0    29.0 0     2.0 0   236.2 0   904.7 0
 2026 195  7 14 17 14 17.233  37.01   820.9 0   162.4 0   811.7 0   172.5 0   390.2 0   307.955 0   307.602 0   583.2 0   307.544 0   307.905 0   166.5 0   363.1 0   658.3 0  -193.0 0   465.3 0    30.6 0    28.7 0     2.4 0   229.7 0   904.8 0
 2026 195  7 14 17 15 17.250  36.81   828.1 0   164.6 0   819.8 0   170.9 0   391.3 0   307.962 0   307.723 0   581.8 0   307.567 0   307.814 0   168.3 0   365.5 0   662.7 0  -190.5 0   472.2 0    30.7 0    28.5 0     4.8 0   217.0 0   904.7 0
 2026 195  7 14 17 16 17.267  36.62   855.4 0   171.0 0   852.2 0   169.3 0   390.5 0   307.988 0   307.674 0   582.6 0   307.555 0   307.846 0   173.0 0   377.5 0   682.3 0  -192.1 0   490.2 0    30.8 0    28.4 0     4.1 0   219.0 0   904.7 0
 2026 195  7 14 17 17 17.283  36.42   876.2 0   175.1 0   875.3 0   169.7 0   391.4 0   308.011 0   307.719 0   585.7 0   307.558 0   307.895 0   176.8 0   386.3 0   698.9 0  -194.3 0   504.6 0    31.0 0    28.2 0     4.4 0   207.2 0   904.7 0
 2026 195  7 14 17 18 17.300  36.23   887.8 0   176.9 0   885.0 0   171.3 0   390.5 0   308.039 0   307.739 0   585.6 0   307.580 0   307.925 0   179.3 0   391.2 0   708.3 0  -195.1 0   513.2 0    31.5 0    27.7 0     5.0 0   249.3 0   904.7 0
 2026 195  7 14 17 19 17.317  36.03   886.7 0   176.1 0   878.1 0   173.4 0   390.0 0   308.059 0   307.699 0   585.3 0   307.587 0   307.918 0   180.1 0   390.6 0   707.4 0  -195.3 0   512.1 0    31.5 0    27.9 0     4.5 0   255.2 0   904.7 0
 2026 195  7 14 17 20 17.333  35.84   887.2 0   175.9 0   874.8 0   174.9 0   390.3 0   308.070 0   307.730 0   586.8 0   307.583 0   307.932 0   181.1 0   391.1 0   708.2 0  -196.5 0   511.7 0    31.3 0    28.2 0     3.9 0   247.2 0   904.7 0
 2026 195  7 14 17 21 17.350  35.64   894.9 0   177.6 0   879.4 0   177.3 0   390.4 0   308.077 0   307.757 0   587.7 0   307.591 0   307.923 0   182.8 0   394.4 0   714.4 0  -197.4 0   517.0 0    31.3 0    28.1 0     3.6 0   264.8 0   904.7 0
 2026 195  7 14 17 22 17.367  35.45   894.8 0   176.9 0   871.3 0   182.4 0   391.4 0   308.077 0   307.706 0   589.7 0   307.601 0   307.921 0   183.2 0   393.6 0   715.3 0  -198.2 0   517.1 0    31.4 0    28.0 0     3.9 0   236.5 0   904.7 0
 2026 195  7 14 17 23 17.383  35.26   877.9 0   174.5 0   839.0 0   190.3 0   391.2 0   308.074 0   307.746 0   589.3 0   307.610 0   307.945 0   181.5 0   386.9 0   700.9 0  -198.2 0   502.8 0    31.5 0    27.8 0     4.3 0   216.2 0   904.7 0
 2026 195  7 14 17 24 17.400  35.06   890.6 0   176.8 0   841.3 0   199.5 0   391.9 0   308.091 0   307.862 0   591.4 0   307.626 0   308.000 0   182.8 0   391.5 0   711.4 0  -199.5 0   511.8 0    31.6 0    27.8 0     4.1 0   227.3 0   904.7 0
 2026 195  7 14 17 25 17.417  34.87   839.3 0   165.7 0   763.9 0   209.9 0   390.9 0   308.103 0   307.710 0   590.9 0   307.661 0   308.010 0   175.8 0   368.9 0   670.9 0  -200.1 0   470.8 0    31.7 0    27.5 0     3.7 0   213.8 0   904.7 0
 2026 195  7 14 17 26 17.433  34.68   784.0 0   155.2 0   682.6 0   221.3 0   392.0 0   308.085 0   307.823 0   587.4 0   307.671 0   307.976 0   168.0 0   345.3 0   627.5 0  -195.4 0   432.0 0    31.5 0    27.9 0     3.6 0   214.6 0   904.7 0
 2026 195  7 14 17 27 17.450  34.48   767.8 0   152.9 0   646.5 0   233.2 0   391.1 0   308.087 0   307.809 0   587.5 0   307.673 0   307.971 0   165.1 0   339.1 0   613.2 0  -196.4 0   416.8 0    31.4 0    28.1 0     3.8 0   200.0 0   904.7 0
 2026 195  7 14 17 28 17.467  34.29   757.5 0   150.0 0   617.6 0   245.8 0   394.0 0   308.082 0   307.898 0   586.4 0   307.685 0   307.953 0   162.9 0   333.7 0   606.0 0  -192.4 0   413.7 0    31.6 0    27.7 0     4.7 0   222.2 0   904.6 0
 2026 195  7 14 17 29 17.483  34.10   676.8 0   134.5 0   508.4 0   254.6 0   392.9 0   308.100 0   307.951 0   581.9 0   307.670 0   307.887 0   151.8 0   299.8 0   541.2 0  -189.0 0   352.2 0    31.4 0    28.0 0     3.8 0   236.5 0   904.7 0
 2026 195  7 14 17 30 17.500  33.91   690.9 0   136.7 0   513.7 0   263.7 0   393.5 0   308.116 0   307.922 0   580.6 0   307.651 0   307.875 0   152.8 0   305.2 0   553.3 0  -187.2 0   366.1 0    31.3 0    28.2 0     3.3 0   260.1 0   904.7 0
 2026 195  7 14 17 31 17.517  33.71   720.5 0   142.7 0   536.8 0   272.2 0   393.8 0   308.121 0   307.943 0   583.0 0   307.647 0   307.883 0   157.2 0   318.7 0   576.0 0  -189.2 0   386.8 0    31.3 0    28.1 0     3.8 0   232.0 0   904.6 0
 2026 195  7 14 17 32 17.533  33.52   687.8 0   136.5 0   491.2 0   277.0 0   393.2 0   308.115 0   307.873 0   579.7 0   307.641 0   307.858 0   153.9 0   305.0 0   550.0 0  -186.5 0   363.6 0    31.5 0    27.9 0     3.9 0   239.8 0   904.7 0
 2026 195  7 14 17 33 17.550  33.33   822.5 0   164.7 0   643.2 0   281.8 0   393.4 0   308.097 0   307.891 0   583.7 0   307.636 0   307.931 0   174.1 0   364.2 0   654.5 0  -190.3 0   464.1 0    31.5 0    27.9 0     3.4 0   209.7 0   904.7 0
 2026 195  7 14 17 34 17.567  33.14   912.0 0   180.9 0   741.1 0   287.3 0   395.5 0   308.091 0   307.945 0   588.0 0   307.666 0   308.030 0   188.3 0   400.7 0   727.0 0  -192.5 0   534.6 0    31.7 0    27.6 0     3.7 0   198.7 0   904.7 0
 2026 195  7 14 17 35 17.583  32.95   922.1 0   182.1 0   743.9 0   294.1 0   397.3 0   308.124 0   308.082 0   587.3 0   307.688 0   308.014 0   191.1 0   403.5 0   736.2 0  -190.0 0   546.2 0    31.9 0    27.3 0     6.4 0   240.7 0   904.6 0
 2026 195  7 14 17 36 17.600  32.76   814.1 0   160.1 0   609.8 0   299.8 0   394.8 0   308.184 0   308.095 0   585.6 0   307.679 0   307.976 0   176.2 0   357.3 0   652.6 0  -190.8 0   461.8 0    31.6 0    27.7 0     4.6 0   237.1 0   904.7 0
 2026 195  7 14 17 37 17.617  32.57   730.5 0   143.9 0   504.8 0   304.6 0   397.0 0   308.212 0   308.105 0   585.4 0   307.654 0   307.953 0   163.3 0   322.3 0   586.1 0  -188.4 0   397.8 0    31.4 0    28.1 0     4.2 0   236.6 0   904.7 0
 2026 195  7 14 17 38 17.633  32.37   575.4 0   112.4 0   322.8 0   304.8 0   396.9 0   308.232 0   308.163 0   578.6 0   307.619 0   307.785 0   139.1 0   254.6 0   465.0 0  -181.7 0   283.3 0    31.3 0    28.2 0     5.8 0   236.6 0   904.7 0
 2026 195  7 14 17 39 17.650  32.18   457.7 0    89.6 0   185.3 0   302.4 0   395.2 0   308.230 0   307.991 0   572.6 0   307.556 0   307.692 0   120.6 0   204.5 0   369.7 0  -177.4 0   192.2 0    31.3 0    28.1 0     4.8 0   240.2 0   904.7 0
 2026 195  7 14 17 40 17.667  31.99   363.4 0    72.6 0    74.4 0   300.8 0   397.5 0   308.188 0   308.034 0   566.4 0   307.479 0   307.564 0   106.5 0   164.7 0   291.3 0  -169.0 0   122.3 0    31.1 0    28.5 0     3.6 0   231.0 0   904.7 0
 2026 195  7 14 17 41 17.683  31.81   405.5 0    81.1 0   116.2 0   306.9 0   395.7 0   308.158 0   307.972 0   562.9 0   307.407 0   307.494 0   113.0 0   184.4 0   324.5 0  -167.2 0   157.3 0    31.1 0    28.5 0     4.4 0   247.2 0   904.7 0
 2026 195  7 14 17 42 17.700  31.62   467.3 0    94.5 0   175.5 0   316.8 0   395.2 0   308.105 0   307.788 0   561.0 0   307.334 0   307.419 0   123.6 0   211.6 0   371.7 0  -165.8 0   205.9 0    31.0 0    28.5 0     4.4 0   227.7 0   904.7 0
 2026 195  7 14 17 43 17.717  31.43   643.8 0   130.6 0   369.0 0   324.9 0   395.6 0   308.030 0   307.797 0   564.1 0   307.257 0   307.424 0   151.9 0   290.0 0   509.2 0  -168.5 0   340.7 0    31.0 0    28.6 0     3.1 0   246.2 0   904.7 0
 2026 195  7 14 17 44 17.733  31.24   855.3 0   170.8 0   607.2 0   331.0 0   396.4 0   307.980 0   307.802 0   572.9 0   307.249 0   307.552 0   184.7 0   378.8 0   679.4 0  -176.5 0   502.8 0    31.1 0    28.3 0     3.4 0   247.2 0   904.7 0
 2026 195  7 14 17 45 17.750  31.05   919.9 0   182.4 0   679.4 0   333.0 0   396.5 0   307.967 0   307.854 0   577.7 0   307.258 0   307.582 0   197.0 0   405.7 0   732.6 0  -181.2 0   551.4 0    31.2 0    28.3 0     3.8 0   230.4 0   904.7 0
 2026 195  7 14 17 46 17.767  30.86   901.1 0   175.7 0   657.5 0   334.5 0   397.7 0   307.979 0   307.948 0   585.9 0   307.288 0   307.718 0   194.7 0   394.7 0   723.2 0  -188.2 0   535.0 0    31.4 0    27.9 0     3.2 0   235.9 0   904.7 0
 2026 195  7 14 17 47 17.783  30.67   632.9 0   120.8 0   352.8 0   330.7 0   396.9 0   307.996 0   307.872 0   579.3 0   307.338 0   307.623 0   153.4 0   277.9 0   513.4 0  -182.5 0   330.9 0    31.7 0    27.5 0     4.3 0   224.4 0   904.7 0
 2026 195  7 14 17 48 17.800  30.49   507.2 0    99.8 0   208.8 0   327.6 0   397.2 0   307.975 0   307.852 0   573.3 0   307.322 0   307.500 0   132.6 0   227.7 0   407.7 0  -176.1 0   231.6 0    31.5 0    27.9 0     4.3 0   224.2 0   904.8 0
 2026 195  7 14 17 49 17.817  30.30   478.9 0    94.6 0   174.4 0   328.7 0   395.6 0   307.940 0   307.719 0   570.3 0   307.289 0   307.462 0   127.0 0   215.3 0   384.6 0  -174.6 0   210.0 0    31.4 0    28.1 0     2.7 0   228.4 0   904.8 0
 2026 195  7 14 17 50 17.833  30.11   526.0 0   103.7 0   225.5 0   330.8 0   397.4 0   307.882 0   307.736 0   568.8 0   307.280 0   307.468 0   132.8 0   235.7 0   422.2 0  -171.4 0   250.8 0    31.3 0    28.1 0     4.0 0   201.1 0   904.8 0
 2026 195  7 14 17 51 17.850  29.93   477.2 0    95.7 0   167.2 0   331.6 0   397.7 0   307.849 0   307.787 0   564.1 0   307.230 0   307.310 0   126.9 0   216.4 0   380.8 0  -166.4 0   214.4 0    31.3 0    28.2 0     5.9 0   212.4 0   904.7 0
 2026 195  7 14 17 52 17.867  29.74   433.3 0    86.6 0   114.9 0   332.7 0   397.4 0   307.834 0   307.743 0   560.0 0   307.139 0   307.217 0   119.6 0   194.3 0   345.9 0  -162.6 0   183.3 0    31.2 0    28.4 0     5.7 0   211.6 0   904.8 0
 2026 195  7 14 17 53 17.883  29.56   479.4 0    96.9 0   162.9 0   336.6 0   397.5 0   307.808 0   307.676 0   559.7 0   307.054 0   307.178 0   127.5 0   216.1 0   381.5 0  -162.3 0   219.2 0    31.1 0    28.3 0     4.7 0   196.1 0   904.8 0
 2026 195  7 14 17 54 17.900  29.37   553.6 0   111.1 0   245.1 0   338.5 0   398.2 0   307.785 0   307.752 0   559.5 0   306.991 0   307.137 0   139.2 0   247.9 0   441.0 0  -161.4 0   279.6 0    31.1 0    28.4 0     4.8 0   199.8 0   904.8 0
 2026 195  7 14 17 55 17.917  29.19   630.0 0   126.6 0   329.3 0   339.0 0   396.6 0   307.781 0   307.671 0   562.4 0   306.939 0   307.135 0   152.0 0   281.2 0   500.0 0  -165.8 0   334.2 0    31.1 0    28.2 0     3.8 0   223.4 0   904.8 0
 2026 195  7 14 17 56 17.933  29.00   583.1 0   114.1 0   279.8 0   336.9 0   396.2 0   307.763 0   307.625 0   563.7 0   306.919 0   307.123 0   146.1 0   258.2 0   467.5 0  -167.5 0   300.0 0    31.2 0    28.1 0     3.3 0   209.6 0   904.8 0
 2026 195  7 14 17 57 17.950  28.82   576.2 0   113.8 0   273.6 0   334.4 0   396.5 0   307.724 0   307.555 0   565.9 0   306.913 0   307.144 0   147.1 0   257.6 0   460.2 0  -169.3 0   290.9 0    31.3 0    28.0 0     3.2 0   203.2 0   904.7 0
 2026 195  7 14 17 58 17.967  28.63   674.7 0   133.3 0   385.3 0   333.8 0   397.7 0   307.681 0   307.542 0   567.4 0   306.938 0   307.199 0   164.0 0   300.3 0   538.6 0  -169.6 0   369.0 0    31.7 0    27.4 0     5.5 0   211.7 0   904.7 0
 2026 195  7 14 17 59 17.983  28.45   761.2 0   149.9 0   486.0 0   331.7 0   396.5 0   307.664 0   307.597 0   568.3 0   306.927 0   307.160 0   179.3 0   336.4 0   609.0 0  -171.8 0   437.2 0    31.4 0    28.1 0     4.9 0   229.9 0   904.7 0
 2026 195  7 14 18  0 18.000  28.27   741.1 0   145.6 0   468.7 0   327.5 0   396.0 0   307.669 0   307.589 0   571.0 0   306.916 0   307.217 0   178.1 0   327.2 0   594.8 0  -175.0 0   419.8 0    31.2 0    28.2 0     4.1 0   230.7 0   904.7 0
 2026 195  7 14 18  1 18.017  28.09   722.8 0   141.9 0   456.9 0   319.2 0   396.2 0   307.665 0   307.576 0   574.1 0   306.930 0   307.244 0   176.8 0   319.8 0   580.4 0  -177.8 0   402.6 0    31.4 0    27.8 0     3.8 0   228.9 0   904.7 0
 2026 195  7 14 18  2 18.033  27.90   732.2 0   144.8 0   480.5 0   305.9 0   395.6 0   307.665 0   307.601 0   573.6 0   306.959 0   307.231 0   180.3 0   324.6 0   585.8 0  -178.0 0   407.8 0    31.6 0    27.6 0     4.6 0   205.2 0   904.7 0
 2026 195  7 14 18  3 18.050  27.72   896.4 0   177.6 0   675.9 0   294.4 0   395.8 0   307.675 0   307.607 0   577.7 0   306.971 0   307.290 0   208.4 0   394.8 0   715.1 0  -181.9 0   533.2 0    31.5 0    27.8 0     5.0 0   195.3 0   904.7 0
 2026 195  7 14 18  4 18.067  27.54   909.6 0   178.3 0   706.1 0   281.1 0   395.4 0   307.715 0   307.704 0   580.3 0   306.990 0   307.337 0   213.5 0   398.6 0   728.9 0  -184.9 0   544.0 0    31.5 0    27.8 0     4.5 0   203.8 0   904.7 0
 2026 195  7 14 18  5 18.083  27.36   908.7 0   178.0 0   718.2 0   267.8 0   393.5 0   307.765 0   307.671 0   584.8 0   307.017 0   307.419 0   215.5 0   398.2 0   727.6 0  -191.3 0   536.3 0    31.3 0    28.2 0     2.6 0   202.3 0   904.7 0
 2026 195  7 14 18  6 18.100  27.18   928.7 0   181.7 0   753.2 0   255.1 0   395.5 0   307.803 0   307.764 0   588.7 0   307.086 0   307.529 0   220.6 0   407.4 0   743.5 0  -193.2 0   550.3 0    31.3 0    27.9 0     3.2 0   197.5 0   904.7 0
 2026 195  7 14 18  7 18.117  27.00   895.8 0   174.6 0   733.5 0   240.0 0   395.7 0   307.858 0   307.830 0   590.8 0   307.169 0   307.603 0   216.8 0   392.6 0   719.0 0  -195.1 0   523.9 0    31.7 0    27.3 0     4.5 0   203.1 0   904.7 0
 2026 195  7 14 18  8 18.133  26.82   847.4 0   166.4 0   695.7 0   224.6 0   394.9 0   307.926 0   307.874 0   587.3 0   307.213 0   307.520 0   210.2 0   372.7 0   679.1 0  -192.4 0   486.7 0    31.7 0    27.5 0     5.9 0   202.7 0   904.7 0
 2026 195  7 14 18  9 18.150  26.65   927.4 0   182.6 0   797.7 0   210.4 0   394.1 0   307.990 0   307.880 0   589.3 0   307.215 0   307.575 0   223.9 0   406.6 0   740.8 0  -195.2 0   545.6 0    31.5 0    27.8 0     4.7 0   201.5 0   904.7 0
 2026 195  7 14 18 10 18.167  26.47   947.2 0   186.2 0   832.5 0   197.7 0   392.8 0   308.047 0   307.859 0   589.3 0   307.233 0   307.576 0   228.9 0   414.6 0   756.8 0  -196.5 0   560.3 0    31.5 0    27.8 0     5.0 0   192.8 0   904.7 0
 2026 195  7 14 18 11 18.183  26.29   968.7 0   190.2 0   865.1 0   187.8 0   392.8 0   308.083 0   307.840 0   593.4 0   307.247 0   307.653 0   233.9 0   423.7 0   773.2 0  -200.7 0   572.6 0    31.3 0    28.0 0     3.3 0   188.1 0   904.7 0
 2026 195  7 14 18 12 18.200  26.11   980.4 0   192.0 0   884.2 0   180.2 0   393.2 0   308.116 0   307.904 0   596.2 0   307.295 0   307.710 0   237.1 0   428.6 0   782.2 0  -203.0 0   579.2 0    31.3 0    28.0 0     4.1 0   207.2 0   904.7 0
 2026 195  7 14 18 13 18.217  25.94   987.8 0   192.6 0   895.8 0   175.2 0   392.9 0   308.150 0   307.861 0   601.0 0   307.357 0   307.828 0   239.1 0   431.5 0   788.3 0  -208.0 0   580.2 0    31.5 0    27.7 0     2.6 0   206.7 0   904.7 0
 2026 195  7 14 18 14 18.233  25.76   994.6 0   193.4 0   905.0 0   172.3 0   396.1 0   308.174 0   308.008 0   604.8 0   307.460 0   307.962 0   241.1 0   434.1 0   794.0 0  -208.6 0   585.4 0    31.8 0    27.2 0     2.7 0   192.0 0   904.7 0
 2026 195  7 14 18 15 18.250  25.59   997.6 0   194.1 0   908.6 0   171.0 0   395.8 0   308.243 0   308.185 0   606.7 0   307.573 0   308.057 0   242.5 0   435.4 0   796.3 0  -210.8 0   585.5 0    32.1 0    26.8 0     4.0 0   206.5 0   904.7 0
 2026 195  7 14 18 16 18.267  25.41   998.9 0   194.7 0   907.8 0   171.0 0   394.5 0   308.334 0   308.196 0   604.8 0   307.661 0   308.105 0   243.3 0   435.8 0   796.2 0  -210.3 0   585.9 0    32.2 0    26.7 0     4.8 0   224.7 0   904.7 0
 2026 195  7 14 18 17 18.283  25.24   997.4 0   194.7 0   903.1 0   172.2 0   394.1 0   308.401 0   308.163 0   605.5 0   307.712 0   308.130 0   243.4 0   434.7 0   794.4 0  -211.4 0   583.0 0    32.0 0    27.2 0     3.6 0   228.4 0   904.7 0
 2026 195  7 14 18 18 18.300  25.07   992.7 0   193.6 0   895.1 0   173.3 0   392.6 0   308.434 0   308.090 0   607.0 0   307.781 0   308.194 0   242.8 0   432.5 0   790.6 0  -214.3 0   576.2 0    32.0 0    27.0 0     2.7 0   253.4 0   904.7 0
 2026 195  7 14 18 19 18.317  24.89   963.3 0   187.8 0   861.1 0   174.4 0   393.2 0   308.440 0   308.163 0   608.2 0   307.872 0   308.340 0   238.1 0   419.6 0   767.7 0  -215.0 0   552.7 0    32.0 0    27.0 0     2.0 0   245.3 0   904.7 0
 2026 195  7 14 18 20 18.333  24.72   955.6 0   186.0 0   851.8 0   173.9 0   393.8 0   308.454 0   308.204 0   610.8 0   307.972 0   308.432 0   237.0 0   416.7 0   761.7 0  -216.9 0   544.8 0    32.0 0    27.1 0     2.8 0   241.7 0   904.6 0
 2026 195  7 14 18 21 18.350  24.55   996.1 0   194.2 0   894.9 0   173.2 0   395.6 0   308.474 0   308.319 0   610.2 0   308.056 0   308.461 0   243.7 0   433.5 0   793.0 0  -214.6 0   578.3 0    32.1 0    26.8 0     5.0 0   227.5 0   904.6 0
 2026 195  7 14 18 22 18.367  24.38   953.4 0   185.4 0   848.5 0   174.0 0   392.8 0   308.528 0   308.304 0   608.8 0   308.090 0   308.440 0   236.7 0   413.2 0   761.4 0  -215.9 0   545.4 0    31.9 0    27.2 0     3.6 0   231.7 0   904.6 0
 2026 195  7 14 18 23 18.383  24.21   826.8 0   161.5 0   710.5 0   173.7 0   393.4 0   308.556 0   308.241 0   606.2 0   308.134 0   308.500 0   216.5 0   361.5 0   660.3 0  -212.7 0   447.6 0    31.8 0    27.4 0     3.1 0   237.4 0   904.6 0
 2026 195  7 14 18 24 18.400  24.04   887.1 0   176.4 0   774.4 0   171.1 0   392.2 0   308.558 0   308.249 0   607.4 0   308.178 0   308.562 0   227.1 0   390.1 0   702.0 0  -215.2 0   486.8 0    31.6 0    27.6 0     2.5 0   240.9 0   904.6 0
 2026 195  7 14 18 25 18.417  23.87   968.7 0   188.2 0   866.3 0   169.5 0   395.4 0   308.564 0   308.337 0   611.8 0   308.246 0   308.668 0   240.8 0   421.3 0   773.4 0  -216.5 0   557.0 0    31.8 0    27.1 0     3.9 0   200.1 0   904.6 0
 2026 195  7 14 18 26 18.433  23.71   943.3 0   184.8 0   837.8 0   168.7 0   394.3 0   308.598 0   308.418 0   609.5 0   308.296 0   308.649 0   238.1 0   411.7 0   751.0 0  -215.2 0   535.8 0    32.1 0    26.8 0     4.9 0   215.5 0   904.5 0
 2026 195  7 14 18 27 18.450  23.54   981.7 0   192.1 0   874.0 0   171.7 0   393.2 0   308.643 0   308.340 0   610.6 0   308.321 0   308.711 0   244.9 0   427.4 0   780.9 0  -217.3 0   563.6 0    32.0 0    26.8 0     4.0 0   236.6 0   904.5 0
 2026 195  7 14 18 28 18.467  23.37   835.7 0   160.5 0   712.4 0   178.2 0   394.1 0   308.654 0   308.291 0   608.6 0   308.357 0   308.719 0   219.5 0   362.6 0   671.5 0  -214.5 0   457.1 0    32.0 0    27.0 0     4.4 0   215.7 0   904.6 0
 2026 195  7 14 18 29 18.483  23.21   870.4 0   171.2 0   738.7 0   183.6 0   393.4 0   308.651 0   308.362 0   605.7 0   308.352 0   308.642 0   224.4 0   381.6 0   691.3 0  -212.3 0   479.0 0    31.9 0    27.2 0     3.4 0   230.2 0   904.5 0
 2026 195  7 14 18 30 18.500  23.04   779.7 0   151.1 0   636.6 0   189.2 0   393.4 0   308.648 0   308.334 0   604.1 0   308.353 0   308.633 0   207.2 0   339.0 0   623.9 0  -210.7 0   413.2 0    31.8 0    27.4 0     4.3 0   199.4 0   904.5 0
 2026 195  7 14 18 31 18.517  22.88   669.1 0   129.6 0   515.7 0   190.7 0   394.3 0   308.629 0   308.301 0   600.3 0   308.327 0   308.573 0   187.4 0   292.9 0   536.1 0  -206.0 0   330.2 0    31.7 0    27.4 0     4.4 0   206.2 0   904.5 0
 2026 195  7 14 18 32 18.533  22.72   731.2 0   142.9 0   579.1 0   192.8 0   395.1 0   308.610 0   308.353 0   596.4 0   308.308 0   308.516 0   197.6 0   320.9 0   584.1 0  -201.3 0   382.7 0    32.0 0    26.9 0     5.4 0   208.7 0   904.5 0
 2026 195  7 14 18 33 18.550  22.56   654.4 0   127.9 0   495.1 0   196.2 0   393.5 0   308.607 0   308.321 0   592.1 0   308.252 0   308.418 0   187.3 0   289.6 0   525.6 0  -198.6 0   327.0 0    31.9 0    27.2 0     4.9 0   203.7 0   904.5 0
 2026 195  7 14 18 34 18.567  22.40   793.3 0   157.6 0   646.5 0   189.8 0   393.4 0   308.588 0   308.268 0   594.8 0   308.205 0   308.450 0   212.8 0   350.9 0   629.9 0  -201.4 0   428.5 0    31.8 0    27.4 0     2.9 0   200.1 0   904.5 0
 2026 195  7 14 18 35 18.583  22.24  1012.3 0   199.8 0   891.3 0   177.1 0   393.0 0   308.575 0   308.292 0   601.2 0   308.212 0   308.533 0   252.4 0   441.2 0   802.3 0  -208.3 0   594.0 0    31.8 0    27.2 0     3.9 0   176.5 0   904.5 0
 2026 195  7 14 18 36 18.600  22.08  1028.7 0   201.0 0   920.0 0   166.7 0   392.6 0   308.580 0   308.271 0   606.7 0   308.230 0   308.624 0   258.9 0   446.9 0   818.2 0  -214.1 0   604.1 0    31.8 0    27.3 0     2.9 0   204.0 0   904.5 0
 2026 195  7 14 18 37 18.617  21.92  1022.4 0   198.7 0   920.4 0   158.7 0   393.6 0   308.580 0   308.287 0   611.7 0   308.282 0   308.701 0   259.9 0   444.1 0   813.9 0  -218.1 0   595.8 0    31.9 0    27.1 0     2.5 0   193.7 0   904.4 0
 2026 195  7 14 18 38 18.633  21.76  1018.6 0   197.6 0   920.9 0   153.2 0   393.6 0   308.592 0   308.339 0   613.7 0   308.350 0   308.791 0   260.5 0   442.5 0   810.9 0  -220.2 0   590.8 0    32.0 0    27.0 0     2.6 0   194.4 0   904.4 0
 2026 195  7 14 18 39 18.650  21.60  1019.5 0   197.3 0   922.6 0   150.7 0   393.1 0   308.609 0   308.302 0   616.8 0   308.423 0   308.897 0   261.3 0   442.8 0   811.2 0  -223.6 0   587.6 0    32.0 0    27.0 0     1.4 0   216.7 0   904.4 0
 2026 195  7 14 18 40 18.667  21.45  1019.9 0   196.8 0   922.0 0   150.7 0   394.9 0   308.618 0   308.366 0   620.8 0   308.532 0   309.012 0   261.9 0   442.9 0   812.0 0  -225.9 0   586.1 0    32.2 0    26.7 0     1.5 0   208.9 0   904.3 0
 2026 195  7 14 18 41 18.683  21.30  1011.4 0   195.0 0   910.0 0   153.1 0   396.3 0   308.657 0   308.526 0   624.1 0   308.647 0   309.122 0   260.6 0   439.0 0   806.0 0  -227.8 0   578.1 0    32.5 0    26.1 0     2.5 0   185.5 0   904.3 0
 2026 195  7 14 18 42 18.700  21.14   984.1 0   190.3 0   876.1 0   157.2 0   397.3 0   308.725 0   308.597 0   623.5 0   308.760 0   309.227 0   255.6 0   427.8 0   784.0 0  -226.2 0   557.7 0    32.8 0    25.7 0     3.6 0   208.2 0   904.3 0
 2026 195  7 14 18 43 18.717  20.99   991.3 0   191.8 0   877.9 0   162.1 0   395.7 0   308.803 0   308.618 0   622.4 0   308.839 0   309.250 0   256.5 0   430.1 0   790.0 0  -226.7 0   563.3 0    32.8 0    25.8 0     3.1 0   249.6 0   904.3 0
 2026 195  7 14 18 44 18.733  20.84   967.2 0   187.2 0   848.9 0   164.9 0   396.3 0   308.869 0   308.700 0   623.1 0   308.914 0   309.350 0   252.4 0   420.3 0   771.0 0  -226.8 0   544.3 0    32.6 0    26.0 0     2.1 0   254.8 0   904.3 0
 2026 195  7 14 18 45 18.750  20.69   965.9 0   186.4 0   845.6 0   166.5 0   398.9 0   308.937 0   308.855 0   626.9 0   309.007 0   309.459 0   252.4 0   419.6 0   771.0 0  -228.1 0   543.0 0    32.8 0    25.8 0     2.9 0   225.4 0   904.3 0
 2026 195  7 14 18 46 18.767  20.54   946.6 0   183.8 0   824.4 0   166.9 0   398.6 0   309.029 0   308.944 0   624.0 0   309.084 0   309.476 0   249.9 0   412.1 0   755.0 0  -225.4 0   529.6 0    33.1 0    25.3 0     4.7 0   221.9 0   904.3 0
 2026 195  7 14 18 47 18.783  20.40   934.5 0   180.0 0   812.1 0   166.5 0   398.5 0   309.110 0   308.971 0   623.5 0   309.156 0   309.586 0   247.6 0   405.5 0   747.8 0  -225.1 0   522.7 0    33.4 0    24.8 0     3.0 0   244.1 0   904.3 0
 2026 195  7 14 18 48 18.800  20.25   922.0 0   181.0 0   797.8 0   164.3 0   396.9 0   309.174 0   308.904 0   625.9 0   309.243 0   309.685 0   246.8 0   403.6 0   731.9 0  -229.1 0   502.8 0    33.6 0    24.6 0     2.1 0   215.1 0   904.3 0
 2026 195  7 14 18 49 18.817  20.11  1019.7 0   198.0 0   901.8 0   163.6 0   399.2 0   309.213 0   309.066 0   628.5 0   309.361 0   309.840 0   265.0 0   443.4 0   812.4 0  -229.3 0   583.1 0    33.9 0    24.0 0     2.0 0   236.5 0   904.3 0
 2026 195  7 14 18 50 18.833  19.96  1033.2 0   201.4 0   914.4 0   164.4 0   398.3 0   309.282 0   309.169 0   627.3 0   309.454 0   309.840 0   269.0 0   449.1 0   822.5 0  -229.0 0   593.5 0    33.7 0    24.5 0     4.0 0   212.0 0   904.3 0
 2026 195  7 14 18 51 18.850  19.82  1046.1 0   204.5 0   923.9 0   166.4 0   396.7 0   309.349 0   309.094 0   627.1 0   309.484 0   309.856 0   272.3 0   454.4 0   831.0 0  -230.4 0   600.6 0    33.1 0    25.5 0     3.3 0   226.6 0   904.3 0
 2026 195  7 14 18 52 18.867  19.68  1052.1 0   205.4 0   926.0 0   168.9 0   397.6 0   309.384 0   309.089 0   630.2 0   309.525 0   309.963 0   274.1 0   456.8 0   835.4 0  -232.7 0   602.8 0    32.8 0    25.8 0     3.1 0   204.8 0   904.3 0
 2026 195  7 14 18 53 18.883  19.54  1050.9 0   205.0 0   920.7 0   172.6 0   398.8 0   309.418 0   309.241 0   633.4 0   309.593 0   310.068 0   274.3 0   456.2 0   835.3 0  -234.6 0   600.7 0    32.9 0    25.6 0     1.7 0   189.6 0   904.3 0
 2026 195  7 14 18 54 18.900  19.41  1056.4 0   205.6 0   921.1 0   177.2 0   400.0 0   309.481 0   309.381 0   636.0 0   309.703 0   310.204 0   275.5 0   458.6 0   840.3 0  -236.0 0   604.3 0    33.2 0    25.1 0     1.8 0   191.1 0   904.2 0
 2026 195  7 14 18 55 18.917  19.27  1049.6 0   203.9 0   906.9 0   182.8 0   399.5 0   309.562 0   309.422 0   637.3 0   309.812 0   310.285 0   274.1 0   455.1 0   834.9 0  -237.8 0   597.1 0    33.3 0    25.1 0     1.6 0   187.4 0   904.2 0
 2026 195  7 14 18 56 18.933  19.13   963.7 0   183.0 0   813.1 0   190.4 0   399.4 0   309.625 0   309.460 0   639.6 0   309.928 0   310.395 0   256.7 0   414.7 0   775.5 0  -240.2 0   535.3 0    33.5 0    24.7 0     0.2 0   169.2 0   904.2 0
 2026 195  7 14 18 57 18.950  19.00   959.1 0   187.7 0   802.4 0   189.7 0   399.8 0   309.672 0   309.522 0   638.1 0   310.053 0   310.478 0   257.6 0   420.1 0   760.6 0  -238.4 0   522.3 0    33.8 0    24.3 0     1.7 0   232.2 0   904.2 0
 2026 195  7 14 18 58 18.967  18.87  1040.0 0   201.8 0   889.3 0   188.7 0   400.9 0   309.716 0   309.603 0   638.6 0   310.159 0   310.606 0   272.2 0   451.7 0   828.5 0  -237.7 0   590.8 0    33.7 0    24.5 0     1.4 0   227.5 0   904.2 0
 2026 195  7 14 18 59 18.983  18.74  1065.0 0   205.1 0   915.6 0   189.7 0   399.4 0   309.776 0   309.547 0   642.9 0   310.278 0   310.774 0   277.4 0   460.6 0   851.7 0  -243.5 0   608.2 0    33.8 0    24.4 0     2.2 0   185.9 0   904.2 0
 2026 195  7 14 19  0 19.000  18.61  1039.5 0   203.0 0   881.0 0   195.3 0   402.5 0   309.816 0   309.682 0   643.2 0   310.381 0   310.833 0   274.2 0   451.7 0   827.2 0  -240.6 0   586.6 0    33.8 0    24.3 0     2.7 0   199.2 0   904.1 0
 2026 195  7 14 19  1 19.017  18.48  1063.2 0   206.6 0   903.4 0   197.2 0   400.5 0   309.876 0   309.694 0   644.1 0   310.484 0   310.926 0   278.6 0   461.1 0   847.4 0  -243.6 0   603.9 0    34.1 0    23.7 0     2.9 0   245.7 0   904.1 0
 2026 195  7 14 19  2 19.033  18.36  1050.2 0   204.1 0   884.9 0   201.6 0   400.9 0   309.931 0   309.782 0   641.5 0   310.560 0   310.919 0   276.4 0   455.0 0   837.4 0  -240.6 0   596.8 0    34.0 0    24.0 0     3.9 0   201.3 0   904.1 0
 2026 195  7 14 19  3 19.050  18.24  1029.6 0   201.9 0   856.0 0   206.3 0   401.0 0   309.991 0   309.850 0   639.0 0   310.567 0   310.893 0   272.7 0   446.4 0   817.3 0  -238.0 0   579.3 0    33.5 0    24.9 0     4.2 0   194.7 0   904.1 0
 2026 195  7 14 19  4 19.067  18.11  1015.0 0   199.8 0   831.9 0   213.0 0   400.8 0   310.059 0   309.894 0   637.5 0   310.557 0   310.861 0   269.7 0   440.5 0   803.8 0  -236.7 0   567.1 0    33.3 0    25.0 0     5.0 0   209.4 0   904.1 0
 2026 195  7 14 19  5 19.083  17.99   999.6 0   196.0 0   805.1 0   223.9 0   399.8 0   310.112 0   309.877 0   634.7 0   310.510 0   310.795 0   265.6 0   433.2 0   793.5 0  -234.9 0   558.6 0    33.0 0    25.5 0     4.0 0   192.1 0   904.0 0
 2026 195  7 14 19  6 19.100  17.88   994.6 0   194.8 0   782.5 0   238.4 0   400.3 0   310.139 0   309.870 0   636.2 0   310.496 0   310.860 0   263.6 0   431.9 0   788.4 0  -235.9 0   552.4 0    33.0 0    25.3 0     4.0 0   228.4 0   904.0 0
 2026 195  7 14 19  7 19.117  17.76   797.8 0   151.4 0   569.4 0   251.1 0   400.7 0   310.151 0   309.865 0   630.9 0   310.485 0   310.740 0   226.0 0   344.3 0   641.9 0  -230.2 0   411.7 0    32.9 0    25.6 0     3.5 0   242.8 0   904.0 0
 2026 195  7 14 19  8 19.133  17.65   736.6 0   145.9 0   488.5 0   262.1 0   401.3 0   310.135 0   309.863 0   626.9 0   310.459 0   310.673 0   214.5 0   326.5 0   581.7 0  -225.6 0   356.2 0    33.0 0    25.3 0     3.7 0   243.0 0   904.0 0
 2026 195  7 14 19  9 19.150  17.53  1013.9 0   197.6 0   766.2 0   274.5 0   400.5 0   310.115 0   309.825 0   631.3 0   310.440 0   310.715 0   263.8 0   441.4 0   807.6 0  -230.7 0   576.8 0    33.2 0    25.0 0     3.0 0   206.8 0   904.0 0
 2026 195  7 14 19 10 19.167  17.42   933.7 0   181.8 0   683.8 0   275.3 0   401.3 0   310.106 0   309.978 0   631.9 0   310.444 0   310.800 0   251.2 0   405.9 0   746.0 0  -230.5 0   515.4 0    33.2 0    25.2 0     1.9 0   205.7 0   904.0 0
 2026 195  7 14 19 11 19.183  17.31   869.5 0   167.3 0   616.5 0   274.9 0   400.8 0   310.115 0   309.955 0   629.5 0   310.458 0   310.740 0   238.5 0   377.0 0   696.2 0  -228.7 0   467.5 0    32.9 0    25.6 0     3.3 0   204.9 0   904.0 0
 2026 195  7 14 19 12 19.200  17.21   765.8 0   151.6 0   501.5 0   277.6 0   399.2 0   310.108 0   309.906 0   626.5 0   310.442 0   310.733 0   219.5 0   335.7 0   605.1 0  -227.2 0   377.9 0    32.8 0    25.8 0     1.7 0   183.0 0   904.0 0
 2026 195  7 14 19 13 19.217  17.10   815.4 0   154.2 0   548.1 0   288.3 0   401.1 0   310.082 0   309.908 0   626.7 0   310.472 0   310.760 0   227.0 0   354.0 0   657.9 0  -225.6 0   432.3 0    32.9 0    25.5 0     2.5 0   175.3 0   904.0 0
 2026 195  7 14 19 14 19.233  17.00   796.4 0   161.7 0   509.8 0   294.8 0   399.3 0   310.054 0   309.817 0   622.2 0   310.458 0   310.654 0   225.7 0   352.6 0   620.5 0  -222.9 0   397.6 0    32.8 0    25.6 0     3.1 0   189.3 0   903.9 0
 2026 195  7 14 19 15 19.250  16.90   707.8 0   135.4 0   432.6 0   290.1 0   399.9 0   310.013 0   309.755 0   620.5 0   310.440 0   310.662 0   205.3 0   306.1 0   568.6 0  -220.6 0   347.9 0    32.7 0    25.8 0     1.8 0   110.4 0   903.9 0
 2026 195  7 14 19 16 19.267  16.80   763.3 0   152.0 0   479.0 0   297.2 0   401.9 0   309.961 0   309.759 0   620.6 0   310.428 0   310.570 0   219.2 0   338.2 0   603.8 0  -218.7 0   385.1 0    32.7 0    25.7 0     2.1 0   116.8 0   903.9 0
 2026 195  7 14 19 17 19.283  16.71   976.2 0   185.3 0   696.6 0   303.2 0   404.9 0   309.946 0   309.926 0   628.4 0   310.423 0   310.765 0   256.4 0   421.6 0   785.1 0  -223.5 0   561.6 0    33.2 0    24.9 0     2.7 0   194.2 0   903.8 0
 2026 195  7 14 19 18 19.300  16.61   889.8 0   179.5 0   607.9 0   295.2 0   403.0 0   309.990 0   309.950 0   625.8 0   310.446 0   310.734 0   247.7 0   392.9 0   698.2 0  -222.7 0   475.5 0    33.6 0    24.3 0     3.4 0   214.0 0   903.8 0
 2026 195  7 14 19 19 19.317  16.52  1130.2 0   216.6 0   864.2 0   292.3 0   400.8 0   310.028 0   309.876 0   632.6 0   310.455 0   310.820 0   291.4 0   487.9 0   904.3 0  -231.8 0   672.4 0    33.4 0    24.7 0     2.9 0   229.7 0   903.8 0
 2026 195  7 14 19 20 19.333  16.44  1042.4 0   205.0 0   781.2 0   281.7 0   403.6 0   310.051 0   309.965 0   634.5 0   310.480 0   310.833 0   280.1 0   454.3 0   826.0 0  -231.0 0   595.1 0    33.3 0    24.9 0     3.6 0   227.5 0   903.8 0
 2026 195  7 14 19 21 19.350  16.35   980.4 0   189.8 0   742.7 0   260.7 0   402.7 0   310.104 0   310.049 0   633.8 0   310.484 0   310.764 0   267.4 0   425.1 0   783.5 0  -231.1 0   552.4 0    33.1 0    25.1 0     3.2 0   226.0 0   903.8 0
 2026 195  7 14 19 22 19.367  16.27  1067.4 0   209.3 0   834.3 0   254.7 0   403.3 0   310.159 0   310.118 0   634.9 0   310.491 0   310.822 0   284.3 0   464.6 0   846.3 0  -231.6 0   614.6 0    33.1 0    25.1 0     3.5 0   212.7 0   903.8 0
 2026 195  7 14 19 23 19.383  16.18   984.8 0   188.5 0   748.2 0   259.4 0   401.0 0   310.223 0   310.082 0   636.0 0   310.503 0   310.851 0   271.3 0   428.3 0   789.4 0  -235.1 0   554.3 0    33.1 0    25.0 0     2.6 0   196.7 0   903.8 0
 2026 195  7 14 19 24 19.400  16.11   954.2 0   184.4 0   721.6 0   254.0 0   402.1 0   310.252 0   310.092 0   636.6 0   310.541 0   310.881 0   261.3 0   413.2 0   763.0 0  -234.5 0   528.4 0    33.2 0    24.9 0     2.9 0   261.8 0   903.8 0
 2026 195  7 14 19 25 19.417  16.03   814.4 0   156.5 0   585.9 0   247.5 0   401.5 0   310.267 0   310.042 0   630.7 0   310.563 0   310.830 0   235.5 0   354.8 0   654.1 0  -229.1 0   425.0 0    33.3 0    24.7 0     2.8 0   289.3 0   903.7 0
 2026 195  7 14 19 26 19.433  15.96   788.4 0   149.1 0   571.2 0   239.4 0   401.2 0   310.255 0   309.997 0   626.8 0   310.550 0   310.776 0   230.2 0   343.8 0   639.4 0  -225.5 0   413.9 0    33.3 0    24.7 0     3.8 0   270.1 0   903.8 0
 2026 195  7 14 19 27 19.450  15.88   765.5 0   148.1 0   555.3 0   230.2 0   402.7 0   310.237 0   310.045 0   624.9 0   310.504 0   310.756 0   227.0 0   335.8 0   616.3 0  -222.2 0   394.1 0    33.2 0    24.9 0     3.4 0   243.4 0   903.7 0
 2026 195  7 14 19 28 19.467  15.82   874.8 0   173.2 0   675.1 0   219.3 0   403.0 0   310.244 0   310.112 0   626.3 0   310.462 0   310.706 0   249.1 0   384.0 0   695.6 0  -223.3 0   472.3 0    33.2 0    24.7 0     3.5 0   222.3 0   903.7 0
 2026 195  7 14 19 29 19.483  15.75  1015.4 0   201.0 0   828.7 0   207.5 0   399.9 0   310.280 0   310.066 0   628.4 0   310.437 0   310.698 0   277.1 0   442.7 0   804.0 0  -228.5 0   575.5 0    33.3 0    24.5 0     4.2 0   282.7 0   903.8 0
 2026 195  7 14 19 30 19.500  15.69  1074.5 0   210.3 0   900.5 0   197.9 0   399.1 0   310.296 0   309.963 0   634.1 0   310.435 0   310.838 0   289.4 0   465.3 0   854.6 0  -235.0 0   619.6 0    33.3 0    24.6 0     1.8 0   315.7 0   903.8 0
 2026 195  7 14 19 31 19.517  15.63  1065.0 0   207.3 0   899.4 0   188.9 0   399.4 0   310.283 0   310.020 0   638.0 0   310.473 0   310.905 0   289.2 0   461.7 0   847.7 0  -238.6 0   609.1 0    33.2 0    24.7 0     1.9 0   342.7 0   903.7 0
 2026 195  7 14 19 32 19.533  15.57  1053.1 0   203.7 0   893.8 0   183.0 0   400.0 0   310.265 0   310.023 0   639.3 0   310.511 0   310.932 0   287.2 0   456.0 0   840.3 0  -239.3 0   601.1 0    33.2 0    24.6 0     0.8 0   302.4 0   903.6 0
 2026 195  7 14 19 33 19.550  15.52  1031.8 0   199.3 0   871.0 0   183.1 0   400.2 0   310.252 0   309.957 0   645.4 0   310.586 0   311.073 0   283.0 0   447.2 0   823.1 0  -245.3 0   577.8 0    33.4 0    24.3 0     0.4 0    49.9 0   903.6 0
 2026 195  7 14 19 34 19.567  15.46  1004.2 0   193.7 0   840.8 0   186.6 0   401.1 0   310.239 0   310.020 0   648.3 0   310.706 0   311.163 0   277.2 0   435.5 0   803.2 0  -247.2 0   556.0 0    33.9 0    23.6 0     1.3 0   147.3 0   903.6 0
 2026 195  7 14 19 35 19.583  15.42   989.0 0   191.9 0   821.6 0   188.9 0   401.3 0   310.238 0   310.015 0   647.3 0   310.807 0   311.236 0   274.5 0   430.1 0   789.1 0  -246.0 0   543.2 0    34.2 0    23.1 0     2.4 0   167.8 0   903.6 0
 2026 195  7 14 19 36 19.600  15.37   985.4 0   190.7 0   816.7 0   190.9 0   402.7 0   310.240 0   310.099 0   646.5 0   310.886 0   311.260 0   273.1 0   427.1 0   787.7 0  -243.8 0   543.9 0    34.3 0    23.0 0     3.2 0   187.5 0   903.6 0
 2026 195  7 14 19 37 19.617  15.33   885.5 0   171.5 0   713.8 0   191.6 0   402.0 0   310.277 0   310.128 0   643.3 0   310.924 0   311.271 0   253.5 0   384.0 0   708.5 0  -241.2 0   467.3 0    34.2 0    23.1 0     3.5 0   216.7 0   903.6 0
 2026 195  7 14 19 38 19.633  15.29   938.6 0   184.7 0   768.7 0   188.2 0   400.3 0   310.313 0   310.101 0   637.8 0   310.934 0   311.234 0   263.2 0   409.4 0   745.0 0  -237.4 0   507.5 0    33.9 0    23.6 0     3.4 0   244.0 0   903.6 0
 2026 195  7 14 19 39 19.650  15.25  1014.2 0   198.0 0   851.7 0   182.7 0   401.8 0   310.357 0   310.160 0   642.1 0   310.943 0   311.314 0   278.3 0   440.4 0   806.4 0  -240.4 0   566.0 0    33.6 0    24.0 0     3.1 0   221.7 0   903.6 0
 2026 195  7 14 19 40 19.667  15.22  1056.5 0   206.3 0   894.9 0   180.2 0   402.5 0   310.404 0   310.180 0   645.8 0   310.978 0   311.395 0   288.0 0   458.2 0   837.4 0  -243.2 0   594.1 0    33.8 0    23.7 0     3.6 0   236.8 0   903.6 0
 2026 195  7 14 19 41 19.683  15.18  1048.2 0   204.5 0   873.0 0   189.2 0   401.7 0   310.454 0   310.285 0   645.1 0   311.018 0   311.427 0   288.1 0   455.2 0   827.2 0  -243.4 0   583.8 0    34.0 0    23.5 0     2.9 0   243.7 0   903.6 0
 2026 195  7 14 19 42 19.700  15.16  1079.3 0   211.0 0   894.8 0   200.3 0   402.0 0   310.516 0   310.355 0   649.0 0   311.048 0   311.472 0   293.1 0   468.5 0   852.9 0  -247.0 0   605.9 0    33.8 0    23.9 0     2.2 0   241.6 0   903.6 0
 2026 195  7 14 19 43 19.717  15.13  1109.5 0   214.8 0   913.5 0   212.8 0   402.5 0   310.575 0   310.414 0   652.4 0   311.118 0   311.578 0   297.6 0   479.1 0   879.8 0  -249.9 0   629.9 0    33.9 0    23.5 0     2.0 0   287.1 0   903.6 0
 2026 195  7 14 19 44 19.733  15.11  1079.2 0   208.8 0   864.1 0   230.5 0   404.0 0   310.629 0   310.522 0   655.5 0   311.207 0   311.662 0   292.8 0   467.8 0   855.9 0  -251.5 0   604.5 0    34.1 0    23.2 0     3.2 0   254.7 0   903.5 0
 2026 195  7 14 19 45 19.750  15.09   820.0 0   148.9 0   591.5 0   250.5 0   404.5 0   310.701 0   310.665 0   645.9 0   311.238 0   311.521 0   246.0 0   356.5 0   672.7 0  -241.4 0   431.3 0    34.0 0    23.5 0     5.0 0   249.8 0   903.5 0
 2026 195  7 14 19 46 19.767  15.08   703.6 0   135.6 0   463.4 0   254.5 0   402.4 0   310.762 0   310.640 0   634.9 0   311.175 0   311.355 0   224.4 0   313.1 0   566.4 0  -232.6 0   333.9 0    33.9 0    23.5 0     5.4 0   238.4 0   903.5 0
 2026 195  7 14 19 47 19.783  15.06   880.7 0   181.4 0   645.5 0   240.8 0   401.8 0   310.793 0   310.588 0   636.7 0   311.100 0   311.351 0   255.8 0   391.5 0   682.8 0  -234.9 0   447.8 0    33.8 0    23.5 0     4.2 0   244.8 0   903.5 0
 2026 195  7 14 19 48 19.800  15.05  1013.4 0   195.8 0   817.1 0   217.6 0   400.4 0   310.822 0   310.575 0   635.0 0   311.071 0   311.343 0   278.8 0   439.8 0   810.9 0  -234.6 0   576.4 0    33.9 0    23.5 0     4.8 0   254.6 0   903.5 0
 2026 195  7 14 19 49 19.817  15.05  1070.1 0   209.4 0   889.5 0   199.5 0   399.9 0   310.832 0   310.465 0   640.4 0   311.028 0   311.359 0   290.5 0   463.5 0   849.1 0  -240.4 0   608.6 0    33.5 0    24.2 0     2.8 0   268.9 0   903.5 0
 2026 195  7 14 19 50 19.833  15.04  1061.8 0   206.5 0   879.6 0   199.0 0   401.1 0   310.821 0   310.487 0   646.6 0   311.052 0   311.475 0   290.4 0   460.3 0   841.9 0  -245.5 0   596.4 0    33.7 0    23.9 0     1.6 0   247.7 0   903.5 0
 2026 195  7 14 19 51 19.850  15.04  1095.0 0   212.2 0   907.6 0   205.3 0   402.5 0   310.813 0   310.577 0   649.7 0   311.120 0   311.545 0   295.7 0   473.3 0   869.6 0  -247.2 0   622.4 0    33.9 0    23.5 0     3.2 0   268.1 0   903.5 0
 2026 195  7 14 19 52 19.867  15.05  1103.3 0   214.3 0   905.2 0   214.8 0   402.1 0   310.826 0   310.599 0   651.0 0   311.158 0   311.541 0   296.7 0   476.2 0   874.7 0  -248.9 0   625.8 0    34.0 0    23.4 0     3.0 0   271.4 0   903.5 0
 2026 195  7 14 19 53 19.883  15.05  1019.3 0   195.3 0   804.1 0   232.1 0   402.3 0   310.835 0   310.524 0   653.3 0   311.202 0   311.621 0   280.8 0   441.5 0   813.2 0  -251.0 0   562.3 0    34.1 0    23.1 0     2.1 0   271.8 0   903.5 0
 2026 195  7 14 19 54 19.900  15.06   757.1 0   138.8 0   534.9 0   240.3 0   405.1 0   310.824 0   310.651 0   645.5 0   311.262 0   311.615 0   228.0 0   328.6 0   618.0 0  -240.4 0   377.6 0    34.3 0    22.8 0     1.8 0   273.8 0   903.4 0
 2026 195  7 14 19 55 19.917  15.08   558.2 0   105.0 0   325.3 0   242.1 0   403.9 0   310.831 0   310.719 0   636.3 0   311.293 0   311.506 0   190.1 0   249.2 0   451.1 0  -232.4 0   218.7 0    34.3 0    22.9 0     0.8 0   183.4 0   903.4 0
 2026 195  7 14 19 56 19.933  15.09   758.0 0   147.0 0   512.8 0   254.6 0   402.4 0   310.824 0   310.557 0   635.1 0   311.321 0   311.594 0   230.3 0   340.6 0   602.8 0  -232.7 0   370.0 0    34.3 0    22.8 0     0.5 0   100.6 0   903.4 0
 2026 195  7 14 19 57 19.950  15.11   987.2 0   191.1 0   774.1 0   235.1 0   403.2 0   310.796 0   310.623 0   643.5 0   311.408 0   311.824 0   273.7 0   432.7 0   791.4 0  -240.2 0   551.1 0    34.5 0    22.5 0     0.5 0    69.8 0   903.4 0
 2026 195  7 14 19 58 19.967  15.13  1065.0 0   205.2 0   898.1 0   192.9 0   403.7 0   310.808 0   310.675 0   648.1 0   311.525 0   311.963 0   289.2 0   461.4 0   854.7 0  -244.4 0   610.3 0    34.7 0    22.2 0     2.6 0   244.4 0   903.4 0
 2026 195  7 14 19 59 19.983  15.16  1079.1 0   210.2 0   924.5 0   177.1 0   405.1 0   310.845 0   310.731 0   648.9 0   311.567 0   311.910 0   293.7 0   467.1 0   859.2 0  -243.8 0   615.3 0    34.4 0    22.9 0     3.2 0   237.6 0   903.4 0
 2026 195  7 14 20  0 20.000  15.18  1080.0 0   210.0 0   925.3 0   175.7 0   405.1 0   310.905 0   310.751 0   653.5 0   311.608 0   312.020 0   294.3 0   467.4 0   858.7 0  -248.4 0   610.3 0    34.4 0    22.7 0     3.2 0   231.9 0   903.3 0
 2026 195  7 14 20  1 20.017  15.22  1081.4 0   211.5 0   925.6 0   176.2 0   406.1 0   310.973 0   310.827 0   650.5 0   311.627 0   311.958 0   294.7 0   467.9 0   857.9 0  -244.4 0   613.5 0    34.2 0    22.9 0     4.6 0   241.5 0   903.3 0
 2026 195  7 14 20  2 20.033  15.25  1083.1 0   211.8 0   930.8 0   174.4 0   405.7 0   311.071 0   311.012 0   654.1 0   311.603 0   311.982 0   295.6 0   469.2 0   860.6 0  -248.4 0   612.2 0    34.1 0    23.1 0     3.4 0   221.4 0   903.3 0
 2026 195  7 14 20  3 20.050  15.29  1069.5 0   208.2 0   920.5 0   171.4 0   405.0 0   311.167 0   310.983 0   656.2 0   311.623 0   312.028 0   293.2 0   463.4 0   851.1 0  -251.1 0   600.0 0    34.3 0    22.7 0     3.4 0   238.9 0   903.4 0
 2026 195  7 14 20  4 20.067  15.33  1041.3 0   201.7 0   890.7 0   173.3 0   403.2 0   311.231 0   310.925 0   658.2 0   311.668 0   312.099 0   286.5 0   450.8 0   830.6 0  -255.0 0   575.7 0    34.8 0    22.1 0     2.2 0   213.8 0   903.4 0
 2026 195  7 14 20  5 20.083  15.37   978.3 0   190.4 0   825.0 0   173.6 0   405.0 0   311.256 0   310.954 0   658.2 0   311.746 0   312.166 0   276.0 0   427.1 0   778.8 0  -253.2 0   525.6 0    35.2 0    21.7 0     3.0 0   242.1 0   903.3 0
 2026 195  7 14 20  6 20.100  15.42  1067.3 0   208.0 0   922.3 0   167.1 0   406.1 0   311.292 0   311.128 0   655.7 0   311.808 0   312.179 0   290.9 0   462.5 0   848.2 0  -249.5 0   598.7 0    35.1 0    21.7 0     3.9 0   246.3 0   903.3 0
 2026 195  7 14 20  7 20.117  15.46  1063.6 0   208.1 0   924.2 0   162.3 0   402.5 0   311.352 0   311.050 0   652.4 0   311.812 0   312.127 0   291.2 0   460.9 0   844.9 0  -249.9 0   595.1 0    34.7 0    22.3 0     5.9 0   254.5 0   903.3 0
 2026 195  7 14 20  8 20.133  15.52  1064.3 0   208.8 0   926.2 0   160.4 0   402.3 0   311.386 0   311.051 0   650.4 0   311.755 0   312.081 0   291.5 0   461.3 0   844.1 0  -248.1 0   596.0 0    34.2 0    22.9 0     4.5 0   273.3 0   903.3 0
 2026 195  7 14 20  9 20.150  15.57  1066.3 0   208.9 0   928.3 0   160.2 0   401.9 0   311.404 0   311.027 0   651.1 0   311.701 0   312.058 0   291.9 0   462.3 0   845.4 0  -249.2 0   596.3 0    34.0 0    23.2 0     3.6 0   280.6 0   903.4 0
 2026 195  7 14 20 10 20.167  15.63  1057.8 0   206.2 0   919.9 0   161.4 0   401.7 0   311.409 0   311.034 0   655.1 0   311.682 0   312.104 0   290.9 0   459.4 0   841.1 0  -253.4 0   587.8 0    33.9 0    23.2 0     3.3 0   288.6 0   903.3 0
 2026 195  7 14 20 11 20.183  15.69  1062.2 0   208.2 0   919.7 0   165.8 0   401.3 0   311.404 0   311.020 0   654.2 0   311.673 0   312.030 0   291.2 0   461.1 0   843.1 0  -252.8 0   590.2 0    34.0 0    23.2 0     3.6 0   270.0 0   903.3 0
 2026 195  7 14 20 12 20.200  15.75  1069.1 0   209.2 0   920.7 0   170.8 0   402.1 0   311.386 0   310.947 0   656.4 0   311.657 0   312.030 0   291.7 0   464.0 0   847.7 0  -254.2 0   593.5 0    34.1 0    23.0 0     3.0 0   259.0 0   903.3 0
 2026 195  7 14 20 13 20.217  15.82  1079.9 0   210.7 0   925.5 0   176.1 0   401.8 0   311.367 0   311.006 0   659.1 0   311.684 0   312.157 0   292.8 0   468.3 0   855.9 0  -257.3 0   598.6 0    34.2 0    22.8 0     1.2 0   237.2 0   903.3 0
 2026 195  7 14 20 14 20.233  15.89  1048.9 0   202.8 0   891.6 0   180.0 0   401.5 0   311.342 0   310.923 0   660.7 0   311.775 0   312.244 0   287.5 0   455.8 0   834.7 0  -259.2 0   575.5 0    34.5 0    22.4 0     1.4 0   163.8 0   903.2 0
 2026 195  7 14 20 15 20.250  15.96  1002.6 0   193.7 0   841.7 0   184.4 0   405.0 0   311.296 0   311.030 0   658.7 0   311.847 0   312.223 0   276.3 0   435.0 0   800.0 0  -253.8 0   546.3 0    34.5 0    22.5 0     1.2 0   179.6 0   903.2 0
 2026 195  7 14 20 16 20.267  16.03   880.3 0   168.0 0   718.4 0   184.4 0   404.9 0   311.301 0   311.062 0   658.0 0   311.905 0   312.250 0   252.8 0   383.1 0   706.8 0  -253.2 0   453.7 0    34.6 0    22.4 0     2.7 0   256.9 0   903.2 0
 2026 195  7 14 20 17 20.283  16.11   738.7 0   144.6 0   568.7 0   187.1 0   407.3 0   311.306 0   311.076 0   650.5 0   311.927 0   312.141 0   224.8 0   324.3 0   588.9 0  -243.3 0   345.6 0    34.7 0    22.2 0     4.8 0   256.1 0   903.2 0
 2026 195  7 14 20 18 20.300  16.19  1063.9 0   212.6 0   895.7 0   191.1 0   404.2 0   311.328 0   311.094 0   648.9 0   311.877 0   312.116 0   286.1 0   467.1 0   838.6 0  -244.7 0   594.0 0    34.5 0    22.5 0     4.8 0   258.0 0   903.2 0
 2026 195  7 14 20 19 20.317  16.27  1061.0 0   206.8 0   892.2 0   195.7 0   405.9 0   311.375 0   311.205 0   653.1 0   311.833 0   312.147 0   286.7 0   460.7 0   845.4 0  -247.2 0   598.2 0    34.5 0    22.4 0     4.6 0   239.8 0   903.2 0
 2026 195  7 14 20 20 20.333  16.35  1071.4 0   212.3 0   897.0 0   198.4 0   404.7 0   311.435 0   311.225 0   651.7 0   311.793 0   312.096 0   290.0 0   469.2 0   846.8 0  -247.0 0   599.8 0    34.3 0    22.8 0     5.2 0   251.3 0   903.1 0
 2026 195  7 14 20 21 20.350  16.44  1102.1 0   216.6 0   926.6 0   202.2 0   406.7 0   311.482 0   311.298 0   653.1 0   311.747 0   312.042 0   295.2 0   479.8 0   874.3 0  -246.4 0   627.9 0    34.3 0    22.8 0     6.0 0   238.0 0   903.1 0
 2026 195  7 14 20 22 20.367  16.53  1104.8 0   217.1 0   923.3 0   207.7 0   406.0 0   311.537 0   311.315 0   655.5 0   311.679 0   312.044 0   295.8 0   480.8 0   875.7 0  -249.5 0   626.2 0    34.1 0    23.0 0     3.7 0   233.6 0   903.1 0
 2026 195  7 14 20 23 20.383  16.62  1090.1 0   213.8 0   900.9 0   216.1 0   406.5 0   311.588 0   311.413 0   653.5 0   311.675 0   312.022 0   292.8 0   474.6 0   865.6 0  -247.0 0   618.7 0    34.5 0    22.4 0     7.0 0   247.2 0   903.1 0
 2026 195  7 14 20 24 20.400  16.71  1055.2 0   207.5 0   857.6 0   224.1 0   405.2 0   311.631 0   311.368 0   648.9 0   311.602 0   311.889 0   285.5 0   460.3 0   837.9 0  -243.7 0   594.2 0    34.2 0    22.9 0     6.1 0   242.1 0   903.1 0
 2026 195  7 14 20 25 20.417  16.81  1058.9 0   206.6 0   854.1 0   232.0 0   405.5 0   311.645 0   311.346 0   650.1 0   311.508 0   311.819 0   284.8 0   460.3 0   843.0 0  -244.6 0   598.4 0    33.9 0    23.4 0     4.8 0   245.0 0   903.1 0
 2026 195  7 14 20 26 20.433  16.90   896.6 0   173.7 0   680.8 0   239.3 0   405.5 0   311.653 0   311.383 0   648.7 0   311.471 0   311.809 0   253.7 0   392.3 0   716.9 0  -243.2 0   473.8 0    34.0 0    23.1 0     2.9 0   246.2 0   903.2 0
 2026 195  7 14 20 27 20.450  17.00   946.3 0   185.5 0   721.1 0   247.9 0   406.2 0   311.637 0   311.333 0   651.7 0   311.488 0   311.829 0   260.8 0   415.1 0   752.0 0  -245.5 0   506.5 0    34.2 0    22.8 0     2.9 0   258.0 0   903.1 0
 2026 195  7 14 20 28 20.467  17.11   911.9 0   178.3 0   681.0 0   253.3 0   404.8 0   311.615 0   311.266 0   648.9 0   311.510 0   311.836 0   253.4 0   400.7 0   725.8 0  -244.1 0   481.7 0    34.2 0    22.8 0     1.6 0   257.7 0   903.1 0
 2026 195  7 14 20 29 20.483  17.21  1064.6 0   208.7 0   836.0 0   255.2 0   406.3 0   311.569 0   311.280 0   656.9 0   311.571 0   312.039 0   281.3 0   465.9 0   845.1 0  -250.6 0   594.5 0    34.3 0    22.5 0     0.6 0   236.6 0   903.0 0
 2026 195  7 14 20 30 20.500  17.32  1123.0 0   219.1 0   899.7 0   253.7 0   408.3 0   311.543 0   311.415 0   663.4 0   311.692 0   312.239 0   293.1 0   489.3 0   893.5 0  -255.2 0   638.3 0    34.6 0    22.2 0     1.1 0   264.2 0   903.0 0
 2026 195  7 14 20 31 20.517  17.43  1144.2 0   222.4 0   927.4 0   251.0 0   411.2 0   311.564 0   311.500 0   669.5 0   311.831 0   312.368 0   299.4 0   498.4 0   913.4 0  -258.3 0   655.1 0    35.0 0    21.8 0     1.6 0   230.4 0   903.0 0
 2026 195  7 14 20 32 20.533  17.54  1143.1 0   223.4 0   930.8 0   246.8 0   409.3 0   311.613 0   311.554 0   667.5 0   311.934 0   312.384 0   301.4 0   498.1 0   911.0 0  -258.2 0   652.8 0    35.3 0    21.4 0     5.2 0   226.7 0   903.0 0
 2026 195  7 14 20 33 20.550  17.65  1138.4 0   223.9 0   932.3 0   242.0 0   408.9 0   311.672 0   311.541 0   663.6 0   311.960 0   312.333 0   301.8 0   496.2 0   906.5 0  -254.8 0   651.7 0    35.3 0    21.4 0     7.0 0   236.3 0   903.0 0
 2026 195  7 14 20 34 20.567  17.76  1131.2 0   223.3 0   932.0 0   236.2 0   409.2 0   311.736 0   311.654 0   662.1 0   311.938 0   312.299 0   301.1 0   493.4 0   900.4 0  -252.8 0   647.6 0    35.1 0    21.6 0     6.7 0   220.6 0   902.9 0
 2026 195  7 14 20 35 20.583  17.88  1123.2 0   223.1 0   930.2 0   230.9 0   409.0 0   311.816 0   311.755 0   658.2 0   311.872 0   312.175 0   299.5 0   490.2 0   893.1 0  -249.2 0   643.8 0    34.8 0    22.0 0     7.2 0   216.0 0   902.9 0
 2026 195  7 14 20 36 20.600  18.00  1117.8 0   221.6 0   929.3 0   226.3 0   406.4 0   311.884 0   311.652 0   658.9 0   311.804 0   312.192 0   297.8 0   487.9 0   888.7 0  -252.5 0   636.2 0    34.8 0    21.9 0     4.3 0   217.3 0   903.0 0
 2026 195  7 14 20 37 20.617  18.12  1114.5 0   220.2 0   929.7 0   223.3 0   407.3 0   311.903 0   311.611 0   661.7 0   311.799 0   312.200 0   296.6 0   486.4 0   886.8 0  -254.4 0   632.4 0    34.7 0    22.2 0     4.3 0   197.2 0   902.9 0
 2026 195  7 14 20 38 20.633  18.24  1110.0 0   218.9 0   929.5 0   220.7 0   409.4 0   311.909 0   311.767 0   666.1 0   311.813 0   312.263 0   295.3 0   484.9 0   884.6 0  -256.7 0   627.9 0    34.7 0    22.0 0     3.5 0   235.9 0   902.9 0
 2026 195  7 14 20 39 20.650  18.36  1102.9 0   216.8 0   924.1 0   219.3 0   406.5 0   311.955 0   311.767 0   662.8 0   311.855 0   312.235 0   293.1 0   481.9 0   879.5 0  -256.3 0   623.2 0    34.8 0    21.8 0     4.6 0   273.0 0   902.9 0
 2026 195  7 14 20 40 20.667  18.49  1101.8 0   217.2 0   922.8 0   219.4 0   406.8 0   311.994 0   311.782 0   660.8 0   311.840 0   312.198 0   292.3 0   481.6 0   877.3 0  -253.9 0   623.4 0    34.6 0    22.1 0     5.7 0   255.7 0   902.9 0
 2026 195  7 14 20 41 20.683  18.61  1103.9 0   217.4 0   925.1 0   219.3 0   406.5 0   312.025 0   311.773 0   663.1 0   311.794 0   312.195 0   292.2 0   482.2 0   878.6 0  -256.6 0   622.0 0    34.4 0    22.3 0     4.2 0   245.3 0   902.9 0
 2026 195  7 14 20 42 20.700  18.74  1102.4 0   216.4 0   924.1 0   219.7 0   404.8 0   312.042 0   311.684 0   663.3 0   311.793 0   312.227 0   291.2 0   481.4 0   878.4 0  -258.5 0   620.0 0    34.5 0    22.1 0     3.3 0   269.0 0   902.9 0
 2026 195  7 14 20 43 20.717  18.87  1040.6 0   203.2 0   857.6 0   221.9 0   406.0 0   312.026 0   311.672 0   666.4 0   311.821 0   312.270 0   278.7 0   454.2 0   830.2 0  -260.4 0   569.7 0    34.5 0    22.0 0     1.9 0   300.4 0   902.9 0
 2026 195  7 14 20 44 20.733  19.00  1061.5 0   208.4 0   877.2 0   224.6 0   406.9 0   312.012 0   311.712 0   665.7 0   311.877 0   312.310 0   282.3 0   464.5 0   845.6 0  -258.7 0   586.9 0    34.6 0    21.9 0     1.7 0   329.9 0   902.8 0
 2026 195  7 14 20 45 20.750  19.14  1102.5 0   216.6 0   924.3 0   222.7 0   406.5 0   312.004 0   311.723 0   668.7 0   311.937 0   312.397 0   289.7 0   481.0 0   879.3 0  -262.2 0   617.1 0    34.6 0    22.0 0     1.8 0   289.6 0   902.8 0
 2026 195  7 14 20 46 20.767  19.27  1098.4 0   215.7 0   927.6 0   216.3 0   407.4 0   311.998 0   311.703 0   673.5 0   312.023 0   312.520 0   289.5 0   479.5 0   876.3 0  -266.1 0   610.2 0    34.8 0    21.7 0     2.7 0   249.3 0   902.8 0
 2026 195  7 14 20 47 20.783  19.41  1092.5 0   215.6 0   926.1 0   212.0 0   408.9 0   312.003 0   311.790 0   670.4 0   312.084 0   312.474 0   288.3 0   477.2 0   869.8 0  -261.5 0   608.3 0    35.0 0    21.4 0     4.9 0   230.8 0   902.8 0
 2026 195  7 14 20 48 20.800  19.55  1086.0 0   215.6 0   920.3 0   211.5 0   407.3 0   312.025 0   311.784 0   668.6 0   312.086 0   312.460 0   286.1 0   474.2 0   863.2 0  -261.3 0   601.9 0    34.9 0    21.6 0     4.0 0   236.2 0   902.8 0
 2026 195  7 14 20 49 20.817  19.69  1088.3 0   215.9 0   921.0 0   213.6 0   408.3 0   312.044 0   311.783 0   670.4 0   312.115 0   312.531 0   285.5 0   475.3 0   864.8 0  -262.1 0   602.7 0    35.2 0    21.1 0     5.1 0   234.4 0   902.8 0
 2026 195  7 14 20 50 20.833  19.83  1033.9 0   205.3 0   862.0 0   216.4 0   407.2 0   312.067 0   311.798 0   667.0 0   312.138 0   312.503 0   274.6 0   452.3 0   822.0 0  -259.8 0   562.1 0    35.2 0    21.3 0     2.6 0   247.5 0   902.8 0
 2026 195  7 14 20 51 20.850  19.97  1078.5 0   213.4 0   909.6 0   217.4 0   408.4 0   312.080 0   311.907 0   668.3 0   312.186 0   312.581 0   282.2 0   471.1 0   859.0 0  -259.9 0   599.1 0    34.9 0    21.6 0     2.7 0   246.2 0   902.7 0
 2026 195  7 14 20 52 20.867  20.11  1073.7 0   211.7 0   906.4 0   216.3 0   407.7 0   312.122 0   311.938 0   673.0 0   312.258 0   312.723 0   281.7 0   469.6 0   855.7 0  -265.3 0   590.4 0    34.8 0    21.8 0     0.9 0   291.7 0   902.7 0
 2026 195  7 14 20 53 20.883  20.26  1085.6 0   213.4 0   920.4 0   215.3 0   407.0 0   312.132 0   311.827 0   677.6 0   312.374 0   312.848 0   283.8 0   474.5 0   865.4 0  -270.7 0   594.7 0    35.1 0    21.3 0     1.1 0   187.8 0   902.7 0
 2026 195  7 14 20 54 20.900  20.40  1086.4 0   213.9 0   922.6 0   215.7 0   408.9 0   312.114 0   311.897 0   675.7 0   312.497 0   312.969 0   283.5 0   474.8 0   866.6 0  -266.8 0   599.9 0    35.4 0    20.8 0     2.2 0   290.9 0   902.7 0
 2026 195  7 14 20 55 20.917  20.55  1084.6 0   214.2 0   919.1 0   218.0 0   409.1 0   312.121 0   311.870 0   675.5 0   312.594 0   313.027 0   282.4 0   473.7 0   864.3 0  -266.4 0   598.0 0    35.5 0    20.8 0     2.3 0   299.1 0   902.7 0
 2026 195  7 14 20 56 20.933  20.70  1061.3 0   210.0 0   894.4 0   219.3 0   409.2 0   312.145 0   311.938 0   676.6 0   312.654 0   313.019 0   277.5 0   463.4 0   845.9 0  -267.4 0   578.5 0    35.3 0    21.1 0     3.0 0   328.9 0   902.6 0
 2026 195  7 14 20 57 20.950  20.85  1082.1 0   216.2 0   920.4 0   216.2 0   409.7 0   312.188 0   312.024 0   674.4 0   312.681 0   313.015 0   281.3 0   473.9 0   860.1 0  -264.8 0   595.3 0    35.1 0    21.2 0     3.0 0   337.5 0   902.6 0
 2026 195  7 14 20 58 20.967  21.00  1081.2 0   215.5 0   926.1 0   212.0 0   411.2 0   312.241 0   312.099 0   678.9 0   312.700 0   313.083 0   281.0 0   473.1 0   861.1 0  -267.7 0   593.4 0    35.1 0    21.3 0     2.9 0   317.0 0   902.6 0
 2026 195  7 14 20 59 20.983  21.15  1076.4 0   215.0 0   925.8 0   208.1 0   409.2 0   312.293 0   311.992 0   675.8 0   312.741 0   313.119 0   280.0 0   471.1 0   856.5 0  -266.6 0   589.9 0    35.3 0    20.9 0     4.1 0   289.4 0   902.5 0
 2026 195  7 14 21  0 21.000  21.30  1071.6 0   214.5 0   925.2 0   205.5 0   409.4 0   312.324 0   312.062 0   676.8 0   312.750 0   313.093 0   278.4 0   469.3 0   853.0 0  -267.4 0   585.6 0    35.2 0    21.1 0     3.3 0   314.6 0   902.5 0
 2026 195  7 14 21  1 21.017  21.46  1054.7 0   210.8 0   907.1 0   206.4 0   408.3 0   312.348 0   312.022 0   671.9 0   312.740 0   313.021 0   273.9 0   461.2 0   839.9 0  -263.6 0   576.3 0    35.1 0    21.2 0     3.7 0   322.0 0   902.5 0
 2026 195  7 14 21  2 21.033  21.61  1038.3 0   208.5 0   889.4 0   206.4 0   408.3 0   312.360 0   312.040 0   674.1 0   312.716 0   313.050 0   270.3 0   455.3 0   824.7 0  -265.8 0   558.9 0    34.9 0    21.5 0     2.5 0   313.7 0   902.5 0
 2026 195  7 14 21  3 21.050  21.77  1058.6 0   212.3 0   915.0 0   204.3 0   410.4 0   312.364 0   312.028 0   675.6 0   312.724 0   313.073 0   273.3 0   463.3 0   841.8 0  -265.2 0   576.7 0    35.0 0    21.3 0     4.1 0   278.2 0   902.5 0
 2026 195  7 14 21  4 21.067  21.92  1047.0 0   209.9 0   895.2 0   211.6 0   409.7 0   312.387 0   312.186 0   673.5 0   312.734 0   313.081 0   270.5 0   458.3 0   832.3 0  -263.9 0   568.4 0    35.4 0    20.6 0     4.7 0   248.4 0   902.5 0
 2026 195  7 14 21  5 21.083  22.08  1076.7 0   216.7 0   906.2 0   228.6 0   411.9 0   312.418 0   312.130 0   670.8 0   312.707 0   313.003 0   274.8 0   471.4 0   851.7 0  -258.8 0   592.8 0    35.5 0    20.7 0     5.3 0   240.4 0   902.5 0
 2026 195  7 14 21  6 21.100  22.24  1044.2 0   208.8 0   847.1 0   253.3 0   411.9 0   312.449 0   312.250 0   668.7 0   312.667 0   312.998 0   268.0 0   457.7 0   828.6 0  -256.8 0   571.8 0    35.3 0    20.9 0     4.5 0   248.8 0   902.5 0
 2026 195  7 14 21  7 21.117  22.40   971.6 0   196.7 0   735.0 0   284.4 0   413.9 0   312.467 0   312.201 0   668.4 0   312.645 0   313.009 0   251.5 0   427.2 0   767.2 0  -254.5 0   512.7 0    35.2 0    21.1 0     3.3 0   235.2 0   902.5 0
 2026 195  7 14 21  8 21.133  22.56  1109.5 0   217.5 0   852.1 0   313.4 0   414.0 0   312.467 0   312.260 0   669.2 0   312.642 0   312.990 0   271.4 0   483.6 0   882.8 0  -255.2 0   627.6 0    35.2 0    21.2 0     4.1 0   238.0 0   902.5 0
 2026 195  7 14 21  9 21.150  22.72   837.3 0   158.0 0   539.0 0   339.3 0   416.6 0   312.456 0   312.272 0   662.1 0   312.598 0   312.826 0   229.9 0   368.7 0   678.5 0  -245.4 0   433.1 0    35.1 0    21.2 0     5.6 0   227.8 0   902.4 0
 2026 195  7 14 21 10 21.167  22.88   631.6 0   125.2 0   296.2 0   359.0 0   416.8 0   312.458 0   312.458 0   653.7 0   312.511 0   312.683 0   194.6 0   287.0 0   506.6 0  -236.8 0   269.8 0    35.0 0    21.3 0     5.0 0   238.0 0   902.4 0
 2026 195  7 14 21 11 21.183  23.05   745.0 0   148.3 0   429.7 0   351.9 0   412.0 0   312.450 0   312.169 0   645.9 0   312.422 0   312.534 0   212.2 0   336.2 0   599.0 0  -233.8 0   365.2 0    35.1 0    21.1 0     6.2 0   227.6 0   902.4 0
 2026 195  7 14 21 12 21.200  23.21   895.0 0   180.4 0   620.2 0   324.9 0   414.0 0   312.390 0   312.162 0   646.3 0   312.289 0   312.431 0   234.1 0   397.2 0   714.5 0  -232.4 0   482.1 0    34.8 0    21.6 0     5.8 0   241.6 0   902.3 0
 2026 195  7 14 21 13 21.217  23.38   974.7 0   197.5 0   726.9 0   306.6 0   412.8 0   312.368 0   312.221 0   649.8 0   312.197 0   312.406 0   245.5 0   429.5 0   776.3 0  -237.0 0   539.3 0    34.9 0    21.4 0     6.5 0   265.3 0   902.3 0
 2026 195  7 14 21 14 21.233  23.54   753.8 0   147.0 0   496.0 0   308.3 0   412.6 0   312.366 0   312.147 0   644.9 0   312.115 0   312.315 0   211.4 0   334.5 0   616.0 0  -232.3 0   383.7 0    35.0 0    21.3 0     6.2 0   243.1 0   902.4 0
 2026 195  7 14 21 15 21.250  23.71   803.2 0   159.6 0   526.1 0   317.7 0   411.8 0   312.358 0   312.263 0   642.4 0   312.016 0   312.236 0   217.4 0   358.3 0   639.7 0  -230.6 0   409.1 0    34.9 0    21.5 0     4.7 0   258.2 0   902.4 0
 2026 195  7 14 21 16 21.267  23.88   806.0 0   166.9 0   525.4 0   324.3 0   411.7 0   312.355 0   312.126 0   644.8 0   311.949 0   312.187 0   217.3 0   361.1 0   637.9 0  -233.1 0   404.8 0    34.8 0    21.6 0     4.7 0   262.6 0   902.3 0
 2026 195  7 14 21 17 21.283  24.05   938.0 0   190.9 0   659.3 0   324.3 0   412.9 0   312.335 0   312.221 0   643.8 0   311.893 0   312.156 0   237.2 0   417.0 0   735.4 0  -231.0 0   504.5 0    35.0 0    21.2 0     7.4 0   252.0 0   902.3 0
 2026 195  7 14 21 18 21.300  24.22   909.3 0   186.3 0   631.6 0   327.4 0   410.7 0   312.342 0   312.143 0   643.7 0   311.807 0   312.066 0   232.9 0   402.8 0   717.2 0  -233.0 0   484.2 0    35.0 0    21.2 0     6.6 0   261.5 0   902.3 0
 2026 195  7 14 21 19 21.317  24.38   881.2 0   177.2 0   591.7 0   341.6 0   411.5 0   312.326 0   312.116 0   643.5 0   311.738 0   312.047 0   227.5 0   391.3 0   703.3 0  -232.0 0   471.3 0    35.0 0    21.3 0     5.4 0   260.8 0   902.3 0
 2026 195  7 14 21 20 21.333  24.56   716.9 0   124.6 0   426.9 0   349.9 0   410.9 0   312.298 0   312.063 0   640.0 0   311.683 0   311.945 0   198.9 0   318.7 0   613.6 0  -229.1 0   384.5 0    34.9 0    21.4 0     4.0 0   269.6 0   902.3 0
 2026 195  7 14 21 21 21.350  24.73   447.4 0    77.8 0   141.8 0   347.4 0   411.5 0   312.239 0   311.964 0   628.4 0   311.612 0   311.736 0   149.3 0   204.2 0   398.3 0  -216.9 0   181.5 0    34.9 0    21.4 0     4.8 0   252.6 0   902.3 0
 2026 195  7 14 21 22 21.367  24.90   480.0 0   104.7 0   128.9 0   362.5 0   414.1 0   312.163 0   311.995 0   622.7 0   311.505 0   311.587 0   152.0 0   220.1 0   374.7 0  -208.6 0   166.1 0    34.9 0    21.3 0     7.2 0   225.9 0   902.3 0
 2026 195  7 14 21 23 21.383  25.07   530.7 0   106.0 0   182.1 0   368.6 0   415.6 0   312.115 0   312.066 0   618.5 0   311.379 0   311.462 0   160.5 0   241.9 0   427.5 0  -202.9 0   224.6 0    34.9 0    21.3 0     6.6 0   226.1 0   902.3 0
 2026 195  7 14 21 24 21.400  25.24   488.0 0   100.6 0   131.9 0   367.6 0   411.2 0   312.105 0   312.005 0   614.1 0   311.243 0   311.306 0   152.7 0   224.4 0   386.3 0  -202.9 0   183.4 0    34.7 0    21.7 0     5.6 0   247.3 0   902.3 0
 2026 195  7 14 21 25 21.417  25.42   515.0 0   104.2 0   152.0 0   374.4 0   411.6 0   312.051 0   311.821 0   613.1 0   311.126 0   311.229 0   155.6 0   235.6 0   407.5 0  -201.6 0   206.0 0    34.4 0    22.0 0     4.0 0   255.6 0   902.3 0
 2026 195  7 14 21 26 21.433  25.59   587.4 0   114.0 0   225.6 0   384.2 0   411.9 0   311.984 0   311.864 0   614.5 0   311.051 0   311.202 0   168.1 0   268.6 0   473.7 0  -202.7 0   271.1 0    34.4 0    21.9 0     4.9 0   249.8 0   902.3 0
 2026 195  7 14 21 27 21.450  25.77   523.3 0   104.5 0   154.3 0   384.5 0   411.3 0   311.926 0   311.711 0   611.8 0   310.974 0   311.102 0   157.7 0   240.8 0   419.0 0  -200.5 0   218.6 0    34.5 0    21.7 0     5.4 0   254.3 0   902.3 0
 2026 195  7 14 21 28 21.467  25.94   574.3 0   108.6 0   215.2 0   389.5 0   412.5 0   311.856 0   311.733 0   610.0 0   310.879 0   310.995 0   165.3 0   261.5 0   474.4 0  -197.5 0   276.9 0    34.5 0    21.7 0     6.1 0   244.9 0   902.2 0
 2026 195  7 14 21 29 21.483  26.12   794.2 0   168.9 0   425.5 0   400.5 0   411.8 0   311.801 0   311.648 0   613.1 0   310.785 0   310.963 0   202.6 0   366.2 0   613.7 0  -201.2 0   412.4 0    34.5 0    21.7 0     6.1 0   258.4 0   902.2 0
 2026 195  7 14 21 30 21.500  26.30   798.4 0   150.7 0   457.4 0   401.3 0   412.7 0   311.760 0   311.656 0   617.4 0   310.731 0   310.971 0   202.6 0   357.6 0   660.7 0  -204.7 0   456.0 0    34.7 0    21.5 0     6.6 0   249.1 0   902.2 0
 2026 195  7 14 21 31 21.517  26.47   509.1 0    88.9 0   150.9 0   390.1 0   413.6 0   311.731 0   311.634 0   610.0 0   310.658 0   310.796 0   152.2 0   225.1 0   436.2 0  -196.4 0   239.9 0    34.5 0    21.8 0     6.9 0   239.3 0   902.1 0
 2026 195  7 14 21 32 21.533  26.65   411.5 0    84.1 0    31.8 0   383.5 0   413.1 0   311.674 0   311.556 0   602.2 0   310.538 0   310.583 0   134.5 0   186.4 0   327.7 0  -189.0 0   138.7 0    34.3 0    22.0 0     6.0 0   229.9 0   902.2 0
 2026 195  7 14 21 33 21.550  26.83   578.1 0   117.4 0   205.8 0   396.9 0   412.7 0   311.617 0   311.524 0   604.9 0   310.431 0   310.548 0   163.9 0   264.6 0   463.2 0  -192.2 0   271.0 0    34.2 0    22.1 0     4.0 0   223.7 0   902.2 0
 2026 195  7 14 21 34 21.567  27.01   726.3 0   155.9 0   352.9 0   402.4 0   413.6 0   311.564 0   311.461 0   610.0 0   310.387 0   310.601 0   189.6 0   333.2 0   561.0 0  -196.4 0   364.6 0    34.4 0    21.6 0     5.1 0   221.1 0   902.2 0
 2026 195  7 14 21 35 21.583  27.19   689.8 0   119.0 0   351.3 0   401.0 0   413.1 0   311.522 0   311.436 0   613.8 0   310.385 0   310.650 0   180.7 0   301.8 0   594.5 0  -200.6 0   393.9 0    34.6 0    21.4 0     4.6 0   221.2 0   902.2 0
 2026 195  7 14 21 36 21.600  27.37   437.9 0    85.6 0    60.8 0   390.6 0   412.7 0   311.465 0   311.322 0   606.8 0   310.364 0   310.519 0   139.3 0   196.8 0   359.0 0  -194.2 0   164.8 0    34.6 0    21.5 0     4.4 0   214.9 0   902.1 0
 2026 195  7 14 21 37 21.617  27.55   586.7 0   128.5 0   221.6 0   383.5 0   412.5 0   311.384 0   311.268 0   605.1 0   310.320 0   310.485 0   164.3 0   270.7 0   451.5 0  -192.7 0   258.8 0    34.5 0    21.7 0     4.7 0   235.1 0   902.1 0
 2026 195  7 14 21 38 21.633  27.73   658.6 0   121.5 0   328.5 0   377.4 0   411.4 0   311.331 0   311.230 0   609.0 0   310.295 0   310.538 0   175.7 0   292.6 0   546.7 0  -197.6 0   349.1 0    34.4 0    21.8 0     4.7 0   231.1 0   902.1 0
 2026 195  7 14 21 39 21.650  27.91   561.1 0   116.4 0   228.1 0   365.3 0   410.9 0   311.274 0   311.085 0   608.1 0   310.276 0   310.483 0   164.6 0   258.8 0   450.4 0  -197.3 0   253.1 0    34.5 0    21.6 0     4.0 0   211.4 0   902.1 0
 2026 195  7 14 21 40 21.667  28.09   782.3 0   149.1 0   486.6 0   361.0 0   411.4 0   311.209 0   311.086 0   613.8 0   310.273 0   310.580 0   194.4 0   349.3 0   641.2 0  -202.4 0   438.8 0    34.5 0    21.6 0     3.8 0   202.2 0   902.1 0
 2026 195  7 14 21 41 21.683  28.27   375.9 0    72.9 0    42.4 0   338.4 0   410.4 0   311.167 0   311.050 0   605.1 0   310.274 0   310.443 0   129.4 0   170.5 0   302.8 0  -194.7 0   108.1 0    34.5 0    21.4 0     2.7 0   227.4 0   902.1 0
 2026 195  7 14 21 42 21.700  28.46   346.5 0    67.3 0    23.7 0   328.3 0   410.3 0   311.096 0   310.918 0   601.9 0   310.275 0   310.459 0   122.6 0   156.8 0   282.0 0  -191.6 0    90.4 0    34.4 0    21.6 0     1.2 0   224.2 0   902.1 0
 2026 195  7 14 21 43 21.717  28.64   337.8 0    66.4 0    15.2 0   326.6 0   410.0 0   311.015 0   310.872 0   599.4 0   310.304 0   310.476 0   118.7 0   151.9 0   273.5 0  -189.5 0    84.0 0    34.4 0    21.6 0     0.9 0   220.3 0   902.1 0
 2026 195  7 14 21 44 21.733  28.82   491.9 0   108.2 0   179.6 0   331.4 0   410.1 0   310.930 0   310.803 0   601.3 0   310.335 0   310.521 0   147.5 0   228.8 0   380.5 0  -191.2 0   189.3 0    34.5 0    21.7 0     2.9 0   228.6 0   902.1 0
 2026 195  7 14 21 45 21.750  29.01   884.8 0   170.5 0   665.5 0   325.0 0   409.7 0   310.888 0   310.863 0   609.6 0   310.356 0   310.624 0   205.7 0   392.2 0   736.5 0  -199.9 0   536.6 0    34.5 0    21.7 0     4.7 0   227.8 0   902.1 0
 2026 195  7 14 21 46 21.767  29.19  1035.2 0   217.6 0   833.9 0   300.3 0   409.1 0   310.898 0   310.836 0   620.2 0   310.369 0   310.748 0   230.8 0   458.4 0   810.7 0  -211.1 0   599.6 0    34.5 0    21.7 0     4.2 0   216.8 0   902.1 0
 2026 195  7 14 21 47 21.783  29.38  1067.8 0   214.3 0   911.5 0   275.0 0   409.6 0   310.930 0   310.920 0   627.4 0   310.424 0   310.860 0   237.0 0   466.5 0   855.0 0  -217.9 0   637.2 0    34.6 0    21.4 0     3.9 0   213.5 0   902.0 0
 2026 195  7 14 21 48 21.800  29.56  1021.6 0   194.4 0   883.6 0   260.9 0   409.2 0   310.991 0   310.957 0   631.9 0   310.499 0   310.980 0   232.1 0   447.2 0   835.1 0  -222.7 0   612.4 0    34.8 0    21.2 0     4.1 0   233.5 0   902.1 0
 2026 195  7 14 21 49 21.817  29.75   892.9 0   177.2 0   742.6 0   252.0 0   407.5 0   311.058 0   311.022 0   630.0 0   310.574 0   310.984 0   214.9 0   398.5 0   719.5 0  -222.5 0   497.0 0    34.8 0    21.2 0     3.6 0   251.8 0   902.1 0
 2026 195  7 14 21 50 21.833  29.93   934.4 0   185.6 0   801.3 0   245.4 0   407.5 0   311.118 0   311.016 0   633.5 0   310.637 0   311.055 0   217.1 0   412.8 0   754.2 0  -226.0 0   528.2 0    34.8 0    21.1 0     3.0 0   223.7 0   902.1 0
 2026 195  7 14 21 51 21.850  30.12   821.8 0   147.3 0   706.3 0   230.3 0   407.7 0   311.169 0   311.061 0   632.8 0   310.706 0   311.093 0   201.7 0   363.2 0   693.9 0  -225.2 0   468.7 0    34.8 0    21.2 0     1.8 0   191.4 0   902.1 0
 2026 195  7 14 21 52 21.867  30.31   831.6 0   173.3 0   717.8 0   207.4 0   405.6 0   311.210 0   311.017 0   635.2 0   310.780 0   311.158 0   202.8 0   374.1 0   653.8 0  -229.7 0   424.1 0    35.0 0    21.0 0     0.5 0   240.9 0   902.0 0
 2026 195  7 14 21 53 21.883  30.49   979.8 0   193.0 0   906.3 0   201.4 0   406.3 0   311.231 0   311.076 0   643.8 0   310.912 0   311.415 0   219.0 0   429.2 0   789.2 0  -237.6 0   551.7 0    35.4 0    20.4 0     0.5 0   226.8 0   902.0 0
 2026 195  7 14 21 54 21.900  30.68   745.2 0   141.8 0   638.8 0   204.5 0   405.1 0   311.258 0   311.006 0   640.1 0   311.058 0   311.474 0   189.4 0   332.5 0   612.1 0  -235.0 0   377.1 0    35.7 0    20.0 0     0.7 0   240.3 0   902.0 0
 2026 195  7 14 21 55 21.917  30.87   875.1 0   181.4 0   771.0 0   210.5 0   406.7 0   311.261 0   311.065 0   642.1 0   311.185 0   311.644 0   203.8 0   389.7 0   690.8 0  -235.4 0   455.4 0    35.8 0    19.9 0     1.0 0   205.8 0   902.0 0
 2026 195  7 14 21 56 21.933  31.06   884.6 0   170.1 0   798.0 0   208.0 0   407.7 0   311.292 0   311.164 0   645.0 0   311.324 0   311.794 0   204.0 0   389.1 0   721.4 0  -237.3 0   484.1 0    35.7 0    20.0 0     1.5 0   237.7 0   902.0 0
 2026 195  7 14 21 57 21.950  31.25   790.8 0   162.8 0   687.0 0   203.4 0   407.6 0   311.346 0   311.256 0   641.2 0   311.439 0   311.800 0   191.0 0   352.7 0   627.9 0  -233.6 0   394.3 0    35.8 0    19.9 0     4.0 0   216.0 0   901.9 0
 2026 195  7 14 21 58 21.967  31.44   784.0 0   155.1 0   687.8 0   197.1 0   407.8 0   311.416 0   311.334 0   638.4 0   311.489 0   311.810 0   190.2 0   350.0 0   628.7 0  -230.6 0   398.2 0    35.7 0    20.0 0     5.3 0   201.2 0   901.9 0
 2026 195  7 14 21 59 21.983  31.62   706.6 0   148.3 0   613.7 0   187.4 0   406.2 0   311.486 0   311.318 0   634.8 0   311.504 0   311.788 0   177.9 0   316.4 0   561.7 0  -228.6 0   333.1 0    35.6 0    20.2 0     4.8 0   214.7 0   901.9 0
 2026 195  7 14 22  0 22.000  31.81   877.1 0   183.3 0   818.7 0   174.3 0   404.5 0   311.543 0   311.338 0   635.3 0   311.533 0   311.863 0   199.5 0   389.9 0   686.7 0  -230.8 0   455.9 0    35.7 0    20.0 0     5.4 0   244.6 0   901.8 0
 2026 195  7 14 22  1 22.017  32.00   931.4 0   189.6 0   905.1 0   166.4 0   404.2 0   311.591 0   311.299 0   636.5 0   311.546 0   311.871 0   205.5 0   408.7 0   744.3 0  -232.4 0   512.0 0    35.4 0    20.5 0     4.9 0   246.8 0   901.8 0
 2026 195  7 14 22  2 22.033  32.19   877.1 0   167.1 0   858.8 0   166.8 0   404.7 0   311.622 0   311.272 0   637.8 0   311.555 0   311.887 0   198.0 0   383.5 0   726.4 0  -233.1 0   493.3 0    35.2 0    20.7 0     3.7 0   229.1 0   901.8 0
 2026 195  7 14 22  3 22.050  32.38   826.2 0   172.1 0   783.7 0   165.6 0   404.9 0   311.633 0   311.315 0   636.9 0   311.572 0   311.926 0   193.2 0   371.1 0   655.3 0  -231.9 0   423.4 0    35.1 0    20.8 0     3.1 0   242.0 0   901.8 0
 2026 195  7 14 22  4 22.067  32.57   851.1 0   171.5 0   835.6 0   154.8 0   403.8 0   311.641 0   311.264 0   640.0 0   311.612 0   312.020 0   195.0 0   377.0 0   687.4 0  -236.2 0   451.2 0    35.2 0    20.8 0     3.1 0   213.9 0   901.8 0
 2026 195  7 14 22  5 22.083  32.76   884.7 0   179.3 0   891.4 0   138.7 0   405.0 0   311.639 0   311.309 0   642.3 0   311.663 0   312.071 0   198.4 0   391.4 0   708.9 0  -237.4 0   471.5 0    35.3 0    20.6 0     1.6 0   207.5 0   901.8 0
 2026 195  7 14 22  6 22.100  32.96   882.5 0   177.6 0   905.3 0   126.5 0   404.4 0   311.643 0   311.284 0   645.4 0   311.758 0   312.189 0   197.4 0   389.9 0   708.5 0  -240.9 0   467.6 0    35.5 0    20.3 0     2.2 0   160.4 0   901.7 0
 2026 195  7 14 22  7 22.117  33.15   874.1 0   176.6 0   904.1 0   120.1 0   406.0 0   311.648 0   311.320 0   645.4 0   311.841 0   312.250 0   195.4 0   386.4 0   700.6 0  -239.4 0   461.1 0    35.6 0    20.3 0     3.5 0   209.2 0   901.7 0
 2026 195  7 14 22  8 22.133  33.34   867.5 0   175.9 0   902.2 0   117.0 0   405.2 0   311.676 0   311.393 0   642.4 0   311.888 0   312.216 0   193.2 0   383.5 0   694.9 0  -237.1 0   457.7 0    35.6 0    20.3 0     5.0 0   225.2 0   901.7 0
 2026 195  7 14 22  9 22.150  33.53   863.8 0   176.3 0   901.7 0   115.7 0   405.9 0   311.719 0   311.460 0   641.1 0   311.879 0   312.179 0   191.8 0   382.2 0   691.1 0  -235.1 0   456.0 0    35.4 0    20.5 0     5.2 0   229.9 0   901.7 0
 2026 195  7 14 22 10 22.167  33.72   863.7 0   176.1 0   902.6 0   116.0 0   405.1 0   311.775 0   311.471 0   640.7 0   311.882 0   312.207 0   191.2 0   382.1 0   690.6 0  -235.6 0   455.0 0    35.6 0    20.0 0     6.2 0   222.6 0   901.6 0
 2026 195  7 14 22 11 22.183  33.91   863.4 0   176.8 0   903.8 0   116.7 0   407.9 0   311.827 0   311.593 0   637.7 0   311.879 0   312.174 0   190.7 0   382.2 0   690.0 0  -229.8 0   460.2 0    35.9 0    19.6 0     5.8 0   183.6 0   901.6 0
 2026 195  7 14 22 12 22.200  34.11   862.0 0   177.2 0   904.7 0   115.9 0   404.6 0   311.891 0   311.536 0   636.7 0   311.845 0   312.145 0   189.9 0   381.7 0   687.7 0  -232.0 0   455.7 0    35.6 0    20.3 0     4.3 0   177.2 0   901.7 0
 2026 195  7 14 22 13 22.217  34.30   858.8 0   176.0 0   904.9 0   113.9 0   404.3 0   311.914 0   311.443 0   638.6 0   311.826 0   312.101 0   188.6 0   380.3 0   685.4 0  -234.4 0   451.1 0    35.4 0    20.5 0     4.6 0   156.8 0   901.6 0
 2026 195  7 14 22 14 22.233  34.49   853.7 0   175.4 0   903.8 0   111.2 0   403.7 0   311.904 0   311.421 0   637.4 0   311.790 0   312.036 0   186.9 0   378.1 0   680.8 0  -233.7 0   447.1 0    35.2 0    20.6 0     4.8 0   156.0 0   901.6 0
 2026 195  7 14 22 15 22.250  34.68   848.9 0   173.9 0   903.9 0   108.4 0   403.0 0   311.887 0   311.407 0   637.1 0   311.755 0   312.028 0   185.4 0   376.1 0   677.8 0  -234.1 0   443.6 0    35.1 0    20.8 0     3.2 0   121.8 0   901.6 0
 2026 195  7 14 22 16 22.267  34.88   844.9 0   171.8 0   903.9 0   105.9 0   404.0 0   311.868 0   311.437 0   642.1 0   311.753 0   312.018 0   184.1 0   374.3 0   675.7 0  -238.2 0   437.6 0    35.0 0    20.8 0     2.8 0   135.5 0   901.6 0
 2026 195  7 14 22 17 22.283  35.07   841.8 0   171.2 0   904.0 0   104.5 0   403.5 0   311.866 0   311.447 0   640.1 0   311.769 0   312.058 0   182.9 0   373.1 0   673.2 0  -236.6 0   436.6 0    35.2 0    20.6 0     3.0 0   155.2 0   901.6 0
 2026 195  7 14 22 18 22.300  35.27   838.5 0   169.7 0   903.7 0   102.8 0   402.9 0   311.850 0   311.337 0   643.5 0   311.808 0   312.203 0   181.5 0   371.5 0   671.0 0  -240.6 0   430.4 0    35.3 0    20.5 0     1.4 0   166.2 0   901.6 0
 2026 195  7 14 22 19 22.317  35.46   834.3 0   168.6 0   903.6 0   100.7 0   404.0 0   311.823 0   311.400 0   645.3 0   311.891 0   312.266 0   180.0 0   369.7 0   668.1 0  -241.3 0   426.8 0    35.5 0    20.1 0     2.1 0   136.3 0   901.5 0
 2026 195  7 14 22 20 22.333  35.65   830.8 0   168.2 0   902.9 0    99.5 0   403.4 0   311.810 0   311.361 0   644.5 0   311.968 0   312.337 0   178.7 0   368.0 0   664.9 0  -241.1 0   423.8 0    35.7 0    19.8 0     3.0 0   162.5 0   901.5 0
 2026 195  7 14 22 21 22.350  35.85   828.0 0   168.4 0   901.9 0    98.8 0   403.5 0   311.804 0   311.401 0   644.1 0   312.016 0   312.346 0   177.4 0   366.9 0   661.6 0  -240.6 0   420.9 0    35.7 0    19.8 0     3.3 0   138.8 0   901.5 0
 2026 195  7 14 22 22 22.367  36.04   824.6 0   167.8 0   901.2 0    98.4 0   403.7 0   311.819 0   311.427 0   645.9 0   312.061 0   312.406 0   176.1 0   365.4 0   659.3 0  -242.2 0   417.1 0    35.8 0    19.7 0     3.0 0   171.0 0   901.5 0
 2026 195  7 14 22 23 22.383  36.24   821.7 0   167.9 0   900.8 0    98.4 0   404.0 0   311.848 0   311.538 0   641.8 0   312.094 0   312.369 0   174.7 0   364.3 0   657.1 0  -237.7 0   419.4 0    35.9 0    19.2 0     5.1 0   223.7 0   901.5 0
 2026 195  7 14 22 24 22.400  36.43   818.3 0   168.0 0   898.8 0    98.4 0   402.4 0   311.890 0   311.533 0   640.0 0   312.079 0   312.349 0   173.2 0   362.9 0   653.5 0  -237.6 0   415.9 0    35.6 0    19.4 0     4.3 0   238.1 0   901.5 0
 2026 195  7 14 22 25 22.417  36.63   816.9 0   167.9 0   899.1 0    99.1 0   403.2 0   311.927 0   311.581 0   639.4 0   312.070 0   312.355 0   172.3 0   362.5 0   652.6 0  -236.2 0   416.5 0    35.5 0    19.4 0     5.5 0   239.4 0   901.4 0
 2026 195  7 14 22 26 22.433  36.82   817.0 0   168.4 0   898.6 0   101.2 0   402.7 0   311.960 0   311.584 0   636.9 0   312.035 0   312.306 0   171.6 0   362.6 0   652.2 0  -234.2 0   418.0 0    35.5 0    19.3 0     5.8 0   238.7 0   901.4 0
 2026 195  7 14 22 27 22.450  37.02   819.9 0   168.9 0   899.4 0   105.1 0   404.2 0   311.991 0   311.616 0   637.2 0   311.997 0   312.266 0   171.4 0   364.1 0   654.3 0  -233.0 0   421.3 0    35.5 0    19.5 0     4.9 0   232.8 0   901.4 0
 2026 195  7 14 22 28 22.467  37.21   825.6 0   170.1 0   900.5 0   111.7 0   404.7 0   312.029 0   311.743 0   636.3 0   311.980 0   312.268 0   171.5 0   366.5 0   658.8 0  -231.6 0   427.2 0    35.6 0    19.7 0     5.1 0   235.3 0   901.4 0
 2026 195  7 14 22 29 22.483  37.41   829.4 0   170.8 0   900.7 0   117.4 0   404.5 0   312.086 0   311.820 0   636.1 0   311.959 0   312.271 0   171.2 0   368.1 0   662.1 0  -231.6 0   430.5 0    35.5 0    19.9 0     5.1 0   257.3 0   901.4 0
 2026 195  7 14 22 30 22.500  37.60   828.4 0   170.1 0   900.7 0   118.7 0   404.9 0   312.152 0   311.866 0   635.3 0   311.939 0   312.243 0   170.2 0   367.8 0   662.1 0  -230.5 0   431.7 0    35.5 0    19.9 0     4.8 0   267.7 0   901.4 0
 2026 195  7 14 22 31 22.517  37.80   822.2 0   168.5 0   899.5 0   115.9 0   402.7 0   312.205 0   311.793 0   637.6 0   311.919 0   312.228 0   168.5 0   365.2 0   658.1 0  -234.9 0   423.2 0    35.4 0    20.0 0     4.3 0   297.1 0   901.4 0
 2026 195  7 14 22 32 22.533  38.00   814.6 0   167.5 0   897.2 0   112.4 0   403.5 0   312.223 0   311.767 0   636.6 0   311.912 0   312.228 0   166.4 0   361.8 0   651.9 0  -233.1 0   418.8 0    35.5 0    19.8 0     4.4 0   298.9 0   901.4 0
 2026 195  7 14 22 33 22.550  38.19   808.9 0   167.0 0   896.6 0   109.4 0   404.1 0   312.245 0   311.926 0   636.4 0   311.900 0   312.248 0   164.8 0   359.6 0   647.1 0  -232.3 0   414.8 0    35.4 0    20.0 0     3.6 0   297.7 0   901.3 0
 2026 195  7 14 22 34 22.567  38.39   803.8 0   166.3 0   895.9 0   106.5 0   401.6 0   312.286 0   311.838 0   638.4 0   311.901 0   312.231 0   163.2 0   357.6 0   642.3 0  -236.8 0   405.5 0    35.4 0    19.9 0     3.5 0   305.3 0   901.3 0
 2026 195  7 14 22 35 22.583  38.59   802.0 0   166.0 0   895.5 0   106.5 0   401.8 0   312.298 0   311.804 0   638.5 0   311.918 0   312.258 0   162.1 0   356.8 0   640.5 0  -236.7 0   403.8 0    35.6 0    19.7 0     3.1 0   306.2 0   901.3 0
 2026 195  7 14 22 36 22.600  38.78   803.3 0   166.1 0   895.7 0   109.4 0   401.1 0   312.291 0   311.732 0   640.3 0   311.949 0   312.249 0   161.3 0   357.5 0   641.5 0  -239.2 0   402.3 0    35.8 0    19.3 0     3.3 0   332.6 0   901.3 0
 2026 195  7 14 22 37 22.617  38.98   804.2 0   166.9 0   896.6 0   112.0 0   401.1 0   312.265 0   311.767 0   637.1 0   311.952 0   312.236 0   160.6 0   358.0 0   642.0 0  -236.0 0   406.0 0    35.7 0    19.2 0     3.0 0   357.4 0   901.2 0
 2026 195  7 14 22 38 22.633  39.18   802.3 0   166.6 0   896.5 0   112.4 0   402.9 0   312.232 0   311.706 0   636.5 0   311.934 0   312.249 0   159.7 0   357.2 0   640.7 0  -233.6 0   407.1 0    35.4 0    19.5 0     2.1 0   333.0 0   901.2 0
 2026 195  7 14 22 39 22.650  39.37   795.5 0   164.5 0   897.2 0   108.5 0   402.5 0   312.213 0   311.803 0   639.5 0   311.953 0   312.285 0   158.2 0   354.5 0   637.6 0  -237.0 0   400.6 0    35.4 0    19.4 0     1.8 0   346.4 0   901.2 0
 2026 195  7 14 22 40 22.667  39.57   784.7 0   162.2 0   895.7 0   101.0 0   405.5 0   312.216 0   311.906 0   640.7 0   311.997 0   312.315 0   156.0 0   349.9 0   629.3 0  -235.2 0   394.1 0    35.7 0    19.0 0     6.1 0   276.8 0   901.2 0
 2026 195  7 14 22 41 22.683  39.77   775.1 0   160.7 0   893.9 0    95.1 0   403.0 0   312.272 0   311.977 0   636.9 0   312.015 0   312.323 0   154.0 0   346.1 0   621.4 0  -234.0 0   387.4 0    36.0 0    18.8 0     4.1 0   273.0 0   901.2 0
 2026 195  7 14 22 42 22.700  39.96   770.9 0   159.7 0   893.4 0    92.6 0   401.9 0   312.330 0   311.961 0   638.1 0   312.030 0   312.350 0   152.6 0   344.3 0   617.7 0  -236.2 0   381.5 0    36.1 0    18.9 0     3.8 0   262.2 0   901.2 0
 2026 195  7 14 22 43 22.717  40.16   768.2 0   159.1 0   893.2 0    92.0 0   403.9 0   312.361 0   311.924 0   636.4 0   312.045 0   312.336 0   151.4 0   343.2 0   615.5 0  -232.5 0   383.0 0    36.2 0    19.0 0     5.7 0   250.5 0   901.2 0
 2026 195  7 14 22 44 22.733  40.36   766.4 0   160.0 0   892.1 0    92.9 0   403.6 0   312.400 0   312.052 0   630.9 0   312.012 0   312.241 0   150.1 0   342.4 0   612.8 0  -227.3 0   385.5 0    36.1 0    19.3 0     6.6 0   221.9 0   901.1 0
 2026 195  7 14 22 45 22.750  40.56   765.6 0   160.8 0   891.5 0    94.4 0   401.6 0   312.439 0   311.979 0   629.3 0   311.935 0   312.141 0   149.1 0   342.0 0   610.9 0  -227.7 0   383.3 0    35.7 0    19.6 0     6.1 0   217.6 0   901.1 0
 2026 195  7 14 22 46 22.767  40.76   764.3 0   160.8 0   891.1 0    96.0 0   402.3 0   312.449 0   312.016 0   627.0 0   311.856 0   312.045 0   148.0 0   341.5 0   610.1 0  -224.7 0   385.4 0    35.5 0    19.9 0     5.3 0   220.6 0   901.1 0
 2026 195  7 14 22 47 22.783  40.95   762.6 0   159.9 0   890.7 0    96.7 0   402.1 0   312.460 0   312.012 0   629.0 0   311.806 0   312.046 0   146.8 0   340.7 0   609.4 0  -226.9 0   382.5 0    35.5 0    19.6 0     5.7 0   235.2 0   901.1 0
 2026 195  7 14 22 48 22.800  41.15   758.4 0   158.2 0   889.5 0    95.7 0   402.0 0   312.468 0   312.013 0   630.2 0   311.781 0   312.032 0   145.4 0   338.9 0   607.2 0  -228.2 0   379.0 0    35.5 0    19.5 0     4.0 0   230.2 0   901.1 0
 2026 195  7 14 22 49 22.817  41.35   752.6 0   156.1 0   886.9 0    93.7 0   401.7 0   312.470 0   312.004 0   631.9 0   311.792 0   312.103 0   143.8 0   336.3 0   603.4 0  -230.2 0   373.2 0    35.6 0    19.4 0     2.2 0   217.2 0   901.1 0
 2026 195  7 14 22 50 22.833  41.55   747.1 0   154.3 0   883.6 0    92.4 0   401.7 0   312.452 0   311.946 0   635.0 0   311.846 0   312.225 0   142.1 0   333.8 0   599.4 0  -233.3 0   366.0 0    35.7 0    19.4 0     2.1 0   203.3 0   901.1 0
 2026 195  7 14 22 51 22.850  41.75   743.4 0   153.9 0   882.6 0    91.9 0   404.5 0   312.427 0   312.054 0   633.9 0   311.908 0   312.234 0   140.9 0   332.4 0   596.5 0  -229.4 0   367.1 0    35.9 0    19.3 0     4.4 0   227.0 0   901.1 0
 2026 195  7 14 22 52 22.867  41.95   741.3 0   154.5 0   883.8 0    91.2 0   402.0 0   312.443 0   312.000 0   630.1 0   311.919 0   312.190 0   139.9 0   331.9 0   594.0 0  -228.1 0   365.9 0    35.8 0    19.6 0     3.5 0   209.5 0   901.1 0
 2026 195  7 14 22 53 22.883  42.14   740.0 0   153.7 0   886.0 0    90.1 0   401.9 0   312.436 0   311.914 0   633.2 0   311.933 0   312.256 0   139.0 0   331.5 0   593.3 0  -231.3 0   362.1 0    35.7 0    19.7 0     1.0 0   259.5 0   901.1 0
 2026 195  7 14 22 54 22.900  42.34   737.6 0   152.4 0   886.8 0    89.4 0   401.9 0   312.404 0   311.897 0   634.9 0   312.007 0   312.361 0   138.0 0   330.6 0   592.5 0  -232.9 0   359.5 0    35.9 0    19.4 0     1.7 0   274.2 0   901.0 0
 2026 195  7 14 22 55 22.917  42.54   735.1 0   152.0 0   886.5 0    89.0 0   401.3 0   312.369 0   311.889 0   635.3 0   312.082 0   312.448 0   136.9 0   329.6 0   590.2 0  -234.0 0   356.2 0    36.0 0    19.3 0     0.8 0   266.1 0   901.0 0
 2026 195  7 14 22 56 22.933  42.74   733.0 0   151.5 0   886.4 0    89.3 0   403.6 0   312.342 0   311.938 0   636.6 0   312.160 0   312.547 0   135.9 0   328.6 0   588.7 0  -233.1 0   355.7 0    36.1 0    19.2 0     1.0 0   222.5 0   900.9 0
 2026 195  7 14 22 57 22.950  42.94   729.4 0   150.9 0   884.8 0    89.5 0   403.3 0   312.354 0   311.960 0   639.9 0   312.256 0   312.623 0   134.5 0   327.2 0   586.3 0  -236.6 0   349.8 0    36.3 0    18.9 0     1.2 0   311.2 0   900.9 0
 2026 195  7 14 22 58 22.967  43.14   724.9 0   150.3 0   882.1 0    89.3 0   403.7 0   312.382 0   312.006 0   638.3 0   312.348 0   312.643 0   133.1 0   325.0 0   582.7 0  -234.6 0   348.1 0    36.5 0    18.5 0     2.5 0   312.6 0   900.9 0
 2026 195  7 14 22 59 22.983  43.34   719.7 0   149.7 0   878.3 0    89.0 0   403.6 0   312.417 0   311.982 0   638.1 0   312.411 0   312.727 0   131.5 0   322.6 0   578.2 0  -234.5 0   343.7 0    36.4 0    18.7 0     1.1 0   278.3 0   900.9 0
 2026 195  7 14 23  0 23.000  43.54   714.8 0   149.2 0   873.5 0    89.4 0   404.2 0   312.439 0   312.022 0   638.4 0   312.480 0   312.790 0   129.9 0   320.1 0   573.4 0  -234.2 0   339.2 0    36.5 0    18.6 0     3.0 0   225.9 0   900.9 0
 2026 195  7 14 23  1 23.017  43.74   714.0 0   150.2 0   874.9 0    90.1 0   405.2 0   312.464 0   312.112 0   634.5 0   312.504 0   312.735 0   128.9 0   320.0 0   572.1 0  -229.3 0   342.8 0    36.5 0    18.9 0     5.4 0   219.7 0   900.8 0
 2026 195  7 14 23  2 23.033  43.94   710.9 0   151.3 0   872.5 0    90.9 0   402.9 0   312.511 0   312.107 0   628.3 0   312.452 0   312.580 0   127.8 0   318.8 0   567.9 0  -225.4 0   342.5 0    36.1 0    19.3 0     6.8 0   217.4 0   900.8 0
 2026 195  7 14 23  3 23.050  44.13   708.5 0   152.0 0   871.0 0    91.3 0   402.7 0   312.527 0   311.981 0   624.6 0   312.341 0   312.483 0   126.6 0   317.6 0   564.3 0  -221.9 0   342.5 0    35.7 0    19.7 0     5.1 0   195.8 0   900.8 0
 2026 195  7 14 23  4 23.067  44.33   703.9 0   150.2 0   867.8 0    91.4 0   403.8 0   312.517 0   311.989 0   626.8 0   312.263 0   312.483 0   125.1 0   315.6 0   561.9 0  -223.0 0   339.0 0    35.6 0    19.8 0     5.0 0   213.5 0   900.8 0
 2026 195  7 14 23  5 23.083  44.53   704.9 0   150.1 0   866.9 0    94.3 0   402.4 0   312.509 0   311.985 0   624.8 0   312.196 0   312.379 0   124.2 0   316.5 0   562.1 0  -222.3 0   339.8 0    35.7 0    19.6 0     6.1 0   231.9 0   900.8 0
 2026 195  7 14 23  6 23.100  44.73   715.4 0   151.5 0   872.3 0   101.0 0   404.1 0   312.496 0   312.041 0   623.7 0   312.138 0   312.335 0   124.3 0   322.2 0   569.1 0  -219.5 0   349.6 0    36.0 0    19.3 0     6.6 0   222.0 0   900.8 0
 2026 195  7 14 23  7 23.117  44.93   687.3 0   139.7 0   841.6 0   105.5 0   403.2 0   312.507 0   312.115 0   623.1 0   312.083 0   312.324 0   120.6 0   308.5 0   561.6 0  -219.9 0   341.7 0    36.1 0    19.1 0     5.1 0   232.1 0   900.8 0
 2026 195  7 14 23  8 23.133  45.13   689.9 0   147.6 0   842.7 0   102.5 0   401.3 0   312.518 0   312.000 0   623.1 0   312.045 0   312.278 0   119.9 0   310.8 0   549.4 0  -221.9 0   327.5 0    36.0 0    19.3 0     3.1 0   205.5 0   900.9 0
 2026 195  7 14 23  9 23.150  45.33   698.4 0   146.2 0   864.5 0    99.9 0   402.5 0   312.496 0   311.989 0   627.6 0   312.060 0   312.386 0   119.8 0   313.6 0   561.4 0  -225.1 0   336.3 0    36.0 0    19.3 0     1.2 0   207.0 0   900.8 0
 2026 195  7 14 23 10 23.167  45.53   701.8 0   146.8 0   872.8 0    99.3 0   402.0 0   312.480 0   312.068 0   631.2 0   312.135 0   312.501 0   119.5 0   315.8 0   563.9 0  -229.2 0   334.7 0    36.3 0    18.9 0     0.7 0   232.8 0   900.8 0
 2026 195  7 14 23 11 23.183  45.73   697.4 0   145.7 0   873.6 0    97.4 0   402.9 0   312.472 0   312.019 0   629.8 0   312.216 0   312.554 0   118.6 0   314.0 0   561.5 0  -226.9 0   334.6 0    36.5 0    18.8 0     1.4 0   247.3 0   900.8 0
 2026 195  7 14 23 12 23.200  45.93   694.3 0   145.1 0   874.6 0    95.7 0   404.2 0   312.470 0   312.090 0   632.3 0   312.292 0   312.608 0   117.7 0   312.7 0   558.9 0  -228.1 0   330.8 0    36.5 0    18.7 0     1.7 0   258.6 0   900.7 0
 2026 195  7 14 23 13 23.217  46.13   688.7 0   145.0 0   871.3 0    94.4 0   403.6 0   312.486 0   312.059 0   629.3 0   312.342 0   312.583 0   116.2 0   310.1 0   553.2 0  -225.6 0   327.6 0    36.5 0    18.7 0     3.9 0   221.3 0   900.7 0
 2026 195  7 14 23 14 23.233  46.33   684.5 0   144.8 0   869.6 0    93.8 0   402.0 0   312.501 0   312.056 0   627.0 0   312.343 0   312.596 0   114.9 0   308.5 0   549.4 0  -225.1 0   324.3 0    36.1 0    19.2 0     2.7 0   241.5 0   900.7 0
 2026 195  7 14 23 15 23.250  46.53   682.3 0   144.1 0   869.7 0    94.1 0   402.4 0   312.511 0   312.050 0   629.0 0   312.366 0   312.626 0   113.9 0   307.9 0   548.4 0  -226.6 0   321.8 0    35.9 0    19.3 0     1.4 0   242.2 0   900.7 0
 2026 195  7 14 23 16 23.267  46.73   681.1 0   143.3 0   868.7 0    95.7 0   403.3 0   312.510 0   312.013 0   632.0 0   312.426 0   312.696 0   112.8 0   307.4 0   547.8 0  -228.7 0   319.1 0    36.2 0    18.8 0     2.3 0   280.4 0   900.6 0
 2026 195  7 14 23 17 23.283  46.93   678.5 0   143.1 0   867.3 0    96.5 0   402.2 0   312.512 0   312.031 0   630.5 0   312.481 0   312.735 0   111.5 0   306.4 0   545.6 0  -228.3 0   317.3 0    36.5 0    18.4 0     2.8 0   275.7 0   900.6 0
 2026 195  7 14 23 18 23.300  47.13   674.7 0   142.8 0   865.8 0    96.2 0   402.7 0   312.524 0   312.065 0   631.5 0   312.514 0   312.811 0   110.3 0   304.7 0   542.4 0  -228.9 0   313.5 0    36.6 0    18.4 0     1.8 0   213.1 0   900.6 0
 2026 195  7 14 23 19 23.317  47.33   671.0 0   142.0 0   866.6 0    94.5 0   403.8 0   312.537 0   312.124 0   630.7 0   312.564 0   312.857 0   109.3 0   303.3 0   539.8 0  -226.9 0   312.9 0    36.8 0    18.2 0     2.5 0   239.4 0   900.6 0
 2026 195  7 14 23 20 23.333  47.53   667.0 0   141.3 0   867.0 0    92.0 0   403.4 0   312.552 0   312.082 0   629.9 0   312.607 0   312.894 0   108.2 0   301.4 0   536.0 0  -226.5 0   309.5 0    36.9 0    18.0 0     2.4 0   210.4 0   900.6 0
 2026 195  7 14 23 21 23.350  47.73   660.3 0   140.2 0   867.3 0    88.3 0   403.5 0   312.557 0   312.160 0   630.0 0   312.646 0   312.926 0   107.0 0   298.8 0   531.5 0  -226.6 0   304.9 0    36.9 0    18.1 0     1.7 0   187.6 0   900.5 0
 2026 195  7 14 23 22 23.367  47.93   655.4 0   139.4 0   868.1 0    85.1 0   402.8 0   312.573 0   312.168 0   629.6 0   312.687 0   312.962 0   105.9 0   296.6 0   527.4 0  -226.8 0   300.5 0    36.8 0    18.2 0     2.1 0   187.8 0   900.5 0
 2026 195  7 14 23 23 23.383  48.13   652.2 0   138.7 0   868.6 0    83.9 0   404.4 0   312.580 0   312.149 0   628.8 0   312.721 0   312.965 0   104.9 0   295.4 0   524.9 0  -224.4 0   300.5 0    36.7 0    18.2 0     2.8 0   204.7 0   900.5 0
 2026 195  7 14 23 24 23.400  48.33   649.5 0   138.3 0   868.7 0    83.4 0   403.2 0   312.594 0   312.168 0   628.3 0   312.741 0   313.009 0   103.9 0   294.1 0   522.6 0  -225.1 0   297.5 0    36.5 0    18.5 0     2.5 0   210.1 0   900.5 0
 2026 195  7 14 23 25 23.417  48.53   646.6 0   137.7 0   868.8 0    83.1 0   402.3 0   312.612 0   312.170 0   627.0 0   312.765 0   313.003 0   102.9 0   293.1 0   520.8 0  -224.7 0   296.1 0    36.6 0    18.0 0     2.9 0   267.6 0   900.5 0
 2026 195  7 14 23 26 23.433  48.73   643.5 0   137.0 0   868.5 0    82.6 0   401.8 0   312.622 0   312.139 0   626.2 0   312.787 0   313.041 0   101.8 0   291.7 0   518.4 0  -224.4 0   294.0 0    36.6 0    17.9 0     3.2 0   289.6 0   900.5 0
 2026 195  7 14 23 27 23.450  48.93   640.1 0   137.2 0   868.3 0    81.7 0   403.3 0   312.638 0   312.217 0   624.9 0   312.781 0   312.990 0   100.8 0   290.4 0   515.0 0  -221.6 0   293.3 0    36.5 0    18.0 0     4.8 0   257.5 0   900.4 0
 2026 195  7 14 23 28 23.467  49.13   637.4 0   137.3 0   868.7 0    81.1 0   401.8 0   312.674 0   312.249 0   620.7 0   312.714 0   312.882 0    99.8 0   289.3 0   512.3 0  -218.9 0   293.4 0    36.2 0    18.3 0     5.0 0   243.8 0   900.4 0
 2026 195  7 14 23 29 23.483  49.33   634.2 0   136.4 0   867.9 0    80.5 0   401.7 0   312.695 0   312.183 0   620.1 0   312.638 0   312.821 0    98.7 0   288.0 0   509.7 0  -218.4 0   291.2 0    36.1 0    18.3 0     5.0 0   262.7 0   900.4 0
 2026 195  7 14 23 30 23.500  49.53   630.8 0   135.9 0   867.8 0    80.0 0   401.2 0   312.711 0   312.251 0   618.0 0   312.570 0   312.752 0    97.7 0   286.7 0   507.3 0  -216.8 0   290.5 0    36.0 0    18.4 0     4.4 0   277.0 0   900.4 0
 2026 195  7 14 23 31 23.517  49.74   626.8 0   134.9 0   866.3 0    79.4 0   401.0 0   312.718 0   312.147 0   619.8 0   312.510 0   312.735 0    96.5 0   285.2 0   504.4 0  -218.8 0   285.6 0    36.0 0    18.4 0     3.6 0   286.0 0   900.4 0
 2026 195  7 14 23 32 23.533  49.94   623.1 0   133.9 0   865.1 0    78.8 0   402.1 0   312.707 0   312.186 0   619.4 0   312.480 0   312.695 0    95.4 0   283.7 0   501.8 0  -217.3 0   284.5 0    36.3 0    18.0 0     3.6 0   299.8 0   900.4 0
 2026 195  7 14 23 33 23.550  50.14   619.7 0   133.4 0   863.5 0    78.5 0   401.5 0   312.714 0   312.196 0   618.4 0   312.451 0   312.677 0    94.2 0   282.2 0   498.5 0  -216.9 0   281.6 0    36.2 0    18.2 0     3.6 0   285.2 0   900.4 0
 2026 195  7 14 23 34 23.567  50.34   616.1 0   133.0 0   861.3 0    78.4 0   400.2 0   312.704 0   312.083 0   617.9 0   312.420 0   312.627 0    93.1 0   280.6 0   495.1 0  -217.6 0   277.5 0    36.2 0    18.5 0     1.8 0   261.7 0   900.4 0
 2026 195  7 14 23 35 23.583  50.54   612.6 0   132.4 0   860.0 0    78.0 0   401.5 0   312.662 0   312.084 0   617.2 0   312.391 0   312.568 0    92.0 0   279.0 0   492.2 0  -215.7 0   276.5 0    36.1 0    18.6 0     2.6 0   192.9 0   900.4 0
 2026 195  7 14 23 36 23.600  50.74   609.0 0   131.5 0   859.1 0    77.7 0   403.0 0   312.644 0   312.212 0   618.8 0   312.370 0   312.587 0    90.9 0   277.5 0   490.0 0  -215.8 0   274.2 0    36.0 0    18.7 0     2.3 0   252.8 0   900.3 0
 2026 195  7 14 23 37 23.617  50.94   605.9 0   130.4 0   858.2 0    77.5 0   401.6 0   312.650 0   312.161 0   617.8 0   312.379 0   312.581 0    89.9 0   276.2 0   487.9 0  -216.2 0   271.7 0    36.3 0    18.4 0     4.5 0   270.5 0   900.3 0
 2026 195  7 14 23 38 23.633  51.14   603.3 0   129.9 0   858.1 0    77.3 0   401.1 0   312.645 0   312.085 0   616.9 0   312.357 0   312.586 0    88.9 0   275.1 0   485.8 0  -215.8 0   270.0 0    36.2 0    18.6 0     2.1 0   276.5 0   900.3 0
 2026 195  7 14 23 39 23.650  51.34   600.2 0   129.1 0   857.3 0    77.1 0   403.9 0   312.632 0   312.196 0   616.4 0   312.344 0   312.552 0    87.9 0   273.8 0   483.6 0  -212.5 0   271.1 0    36.2 0    18.6 0     5.0 0   249.8 0   900.3 0
 2026 195  7 14 23 40 23.667  51.54   596.1 0   129.0 0   855.8 0    77.2 0   403.5 0   312.650 0   312.210 0   614.6 0   312.287 0   312.475 0    86.9 0   272.3 0   480.4 0  -211.1 0   269.4 0    36.1 0    18.7 0     5.0 0   250.3 0   900.3 0
 2026 195  7 14 23 41 23.683  51.74   592.9 0   128.5 0   854.4 0    77.3 0   404.0 0   312.671 0   312.207 0   612.8 0   312.233 0   312.419 0    85.9 0   270.9 0   477.9 0  -208.8 0   269.1 0    36.3 0    18.4 0     5.0 0   241.7 0   900.2 0
 2026 195  7 14 23 42 23.700  51.94   589.5 0   127.9 0   852.9 0    77.5 0   403.0 0   312.688 0   312.226 0   613.1 0   312.183 0   312.384 0    84.8 0   269.5 0   475.3 0  -210.2 0   265.2 0    36.2 0    18.6 0     4.2 0   236.4 0   900.2 0
 2026 195  7 14 23 43 23.717  52.14   587.3 0   127.6 0   853.2 0    77.5 0   403.5 0   312.706 0   312.262 0   613.0 0   312.156 0   312.361 0    84.0 0   268.6 0   473.5 0  -209.5 0   264.0 0    36.4 0    18.3 0     5.3 0   229.1 0   900.2 0
 2026 195  7 14 23 44 23.733  52.34   585.5 0   127.5 0   854.4 0    77.2 0   403.1 0   312.717 0   312.182 0   613.3 0   312.129 0   312.359 0    83.2 0   267.8 0   471.7 0  -210.2 0   261.4 0    36.5 0    18.2 0     4.7 0   230.4 0   900.2 0
 2026 195  7 14 23 45 23.750  52.54   583.1 0   127.4 0   855.8 0    76.6 0   401.8 0   312.714 0   312.182 0   610.9 0   312.103 0   312.273 0    82.3 0   266.9 0   469.7 0  -209.1 0   260.6 0    36.5 0    18.2 0     4.1 0   218.4 0   900.2 0
 2026 195  7 14 23 46 23.767  52.74   580.7 0   126.8 0   856.4 0    76.1 0   401.2 0   312.700 0   312.125 0   611.8 0   312.085 0   312.318 0    81.5 0   265.7 0   467.7 0  -210.7 0   257.0 0    36.3 0    18.4 0     1.8 0   187.8 0   900.2 0
 2026 195  7 14 23 47 23.783  52.94   577.5 0   125.2 0   856.1 0    75.8 0   401.2 0   312.679 0   312.171 0   614.9 0   312.120 0   312.393 0    80.5 0   264.4 0   466.5 0  -213.7 0   252.8 0    36.5 0    17.9 0     1.4 0   254.8 0   900.2 0
 2026 195  7 14 23 48 23.800  53.15   573.6 0   124.3 0   853.3 0    75.6 0   401.4 0   312.655 0   312.084 0   613.2 0   312.167 0   312.388 0    79.4 0   262.6 0   463.1 0  -211.8 0   251.3 0    36.6 0    17.7 0     4.0 0   290.2 0   900.2 0
 2026 195  7 14 23 49 23.817  53.35   568.8 0   124.8 0   850.7 0    75.0 0   401.9 0   312.628 0   312.110 0   611.1 0   312.150 0   312.295 0    78.3 0   260.7 0   458.1 0  -209.2 0   248.8 0    36.5 0    17.7 0     6.7 0   268.5 0   900.1 0
 2026 195  7 14 23 50 23.833  53.55   564.0 0   124.2 0   848.5 0    74.6 0   403.8 0   312.628 0   312.189 0   608.7 0   312.097 0   312.277 0    77.2 0   258.8 0   454.6 0  -204.9 0   249.7 0    36.7 0    17.6 0     6.8 0   233.1 0   900.1 0
 2026 195  7 14 23 51 23.850  53.75   560.3 0   124.3 0   846.2 0    74.5 0   401.5 0   312.646 0   312.137 0   605.7 0   312.022 0   312.159 0    76.2 0   257.1 0   450.5 0  -204.2 0   246.4 0    36.5 0    17.8 0     6.4 0   217.9 0   900.1 0
 2026 195  7 14 23 52 23.867  53.95   556.7 0   124.2 0   844.5 0    74.2 0   402.4 0   312.656 0   312.163 0   603.5 0   311.926 0   312.032 0    75.2 0   255.6 0   447.0 0  -201.1 0   245.9 0    36.1 0    18.3 0     5.5 0   216.0 0   900.2 0
 2026 195  7 14 23 53 23.883  54.15   553.7 0   123.3 0   844.5 0    73.9 0   402.4 0   312.660 0   312.136 0   603.4 0   311.845 0   311.976 0    74.3 0   254.4 0   445.2 0  -201.0 0   244.2 0    36.0 0    18.4 0     4.8 0   214.2 0   900.2 0
 2026 195  7 14 23 54 23.900  54.35   550.7 0   122.0 0   844.7 0    73.6 0   403.7 0   312.660 0   312.191 0   606.3 0   311.801 0   312.010 0    73.5 0   253.3 0   444.0 0  -202.6 0   241.4 0    36.1 0    18.1 0     5.1 0   233.5 0   900.2 0
 2026 195  7 14 23 55 23.917  54.55   548.1 0   120.9 0   844.3 0    73.4 0   400.7 0   312.676 0   312.187 0   605.1 0   311.801 0   312.002 0    72.6 0   252.0 0   442.2 0  -204.4 0   237.8 0    36.6 0    17.5 0     6.2 0   258.1 0   900.2 0
 2026 195  7 14 23 56 23.933  54.75   545.1 0   120.8 0   844.5 0    73.1 0   400.4 0   312.685 0   312.163 0   601.3 0   311.762 0   311.904 0    71.7 0   250.8 0   439.7 0  -200.9 0   238.8 0    36.5 0    17.6 0     6.7 0   252.1 0   900.2 0
 2026 195  7 14 23 57 23.950  54.95   541.7 0   120.2 0   843.8 0    72.7 0   401.3 0   312.681 0   312.151 0   599.3 0   311.692 0   311.837 0    70.8 0   249.4 0   437.1 0  -197.9 0   239.2 0    36.3 0    17.9 0     6.8 0   248.3 0   900.2 0
 2026 195  7 14 23 58 23.967  55.15   537.7 0   119.2 0   841.9 0    72.5 0   400.0 0   312.681 0   312.145 0   599.2 0   311.617 0   311.780 0    69.8 0   247.8 0   434.4 0  -199.2 0   235.1 0    36.1 0    18.0 0     6.5 0   252.9 0   900.2 0
 2026 195  7 14 23 59 23.983  55.35   534.0 0   118.1 0   840.0 0    72.3 0   400.6 0   312.670 0   312.093 0   599.7 0   311.557 0   311.752 0    68.9 0   246.2 0   431.7 0  -199.1 0   232.7 0    36.1 0    18.0 0     3.8 0   250.4 0   900.2 0
