 Desert Rock
   36.624 -116.019 1007 m version 1
 2026 186  7  5  0  0  0.000  55.21   616.0 0   142.9 0   893.1 0   132.2 0   351.2 0   311.809 0   311.280 0   589.6 0   310.075 0   310.370 0    74.0 0   271.1 0   499.0 0  -238.5 0   260.5 0    35.8 0     6.5 0     6.8 0   221.9 0   900.3 0
 2026 186  7  5  0  1  0.017  55.41   632.6 0   145.9 0   920.4 0   135.1 0   351.7 0   311.817 0   311.282 0   591.3 0   310.119 0   310.456 0    74.2 0   276.3 0   511.7 0  -239.7 0   272.1 0    36.1 0     6.4 0     8.2 0   229.7 0   900.3 0
 2026 186  7  5  0  2  0.033  55.61   625.6 0   146.3 0   906.7 0   138.7 0   350.8 0   311.834 0   311.309 0   588.5 0   310.149 0   310.413 0    73.4 0   273.8 0   504.5 0  -237.7 0   266.8 0    36.0 0     6.4 0     9.1 0   235.4 0   900.3 0
 2026 186  7  5  0  3  0.050  55.81   622.4 0   144.0 0   901.4 0   142.5 0   352.0 0   311.839 0   311.270 0   589.1 0   310.145 0   310.425 0    72.7 0   272.0 0   505.0 0  -237.1 0   267.9 0    35.8 0     6.5 0     8.6 0   230.8 0   900.3 0
 2026 186  7  5  0  4  0.067  56.01   618.8 0   144.2 0   887.8 0   148.7 0   351.9 0   311.847 0   311.362 0   585.8 0   310.124 0   310.339 0    71.9 0   270.4 0   500.8 0  -233.9 0   266.9 0    35.6 0     6.5 0     9.4 0   231.1 0   900.3 0
 2026 186  7  5  0  5  0.083  56.21   614.0 0   144.9 0   861.4 0   158.9 0   351.9 0   311.863 0   311.317 0   587.0 0   310.073 0   310.296 0    71.3 0   269.7 0   493.1 0  -235.1 0   258.1 0    35.2 0     6.7 0     6.5 0   233.0 0   900.3 0
 2026 186  7  5  0  6  0.100  56.41   647.1 0   151.8 0   899.7 0   172.8 0   354.5 0   311.857 0   311.333 0   589.8 0   310.056 0   310.338 0    72.1 0   281.7 0   518.7 0  -235.3 0   283.4 0    35.3 0     6.6 0     7.2 0   226.5 0   900.3 0
 2026 186  7  5  0  7  0.117  56.61   633.9 0   148.4 0   863.5 0   185.0 0   354.5 0   311.867 0   311.417 0   590.1 0   310.079 0   310.402 0    71.0 0   276.9 0   511.9 0  -235.6 0   276.3 0    35.6 0     6.5 0     7.9 0   241.0 0   900.3 0
 2026 186  7  5  0  8  0.133  56.81   648.4 0   151.4 0   875.4 0   196.7 0   354.6 0   311.880 0   311.357 0   588.5 0   310.094 0   310.361 0    70.9 0   282.0 0   524.6 0  -233.9 0   290.7 0    35.5 0     6.6 0     7.6 0   248.6 0   900.3 0
 2026 186  7  5  0  9  0.150  57.01   672.7 0   156.0 0   900.7 0   209.5 0   356.6 0   311.879 0   311.396 0   592.0 0   310.082 0   310.383 0    71.3 0   291.0 0   544.0 0  -235.4 0   308.6 0    35.3 0     6.6 0     6.5 0   240.2 0   900.3 0
 2026 186  7  5  0 10  0.167  57.20   644.9 0   153.0 0   817.7 0   224.5 0   357.9 0   311.889 0   311.470 0   593.2 0   310.100 0   310.433 0    69.3 0   280.2 0   514.4 0  -235.3 0   279.1 0    35.5 0     6.6 0     8.1 0   246.2 0   900.2 0
 2026 186  7  5  0 11  0.183  57.40   615.5 0   145.2 0   737.1 0   237.3 0   359.1 0   311.903 0   311.480 0   591.6 0   310.119 0   310.412 0    67.2 0   267.9 0   489.1 0  -232.5 0   256.6 0    35.6 0     6.5 0     8.4 0   221.9 0   900.2 0
 2026 186  7  5  0 12  0.200  57.60   649.9 0   151.7 0   807.2 0   244.0 0   360.8 0   311.921 0   311.611 0   592.6 0   310.117 0   310.440 0    67.8 0   283.2 0   524.8 0  -231.7 0   293.0 0    35.7 0     6.5 0     7.2 0   226.5 0   900.2 0
 2026 186  7  5  0 13  0.217  57.80   648.3 0   153.1 0   804.5 0   245.7 0   360.2 0   311.966 0   311.626 0   591.8 0   310.150 0   310.440 0    67.2 0   281.4 0   521.3 0  -231.6 0   289.7 0    35.8 0     6.4 0     8.6 0   222.7 0   900.2 0
 2026 186  7  5  0 14  0.233  58.00   647.2 0   148.5 0   813.2 0   246.7 0   360.4 0   311.996 0   311.539 0   590.2 0   310.142 0   310.383 0    67.1 0   281.6 0   529.1 0  -229.8 0   299.3 0    35.6 0     6.5 0     9.6 0   219.2 0   900.2 0
 2026 186  7  5  0 15  0.250  58.20   583.7 0   135.8 0   688.6 0   246.8 0   360.9 0   311.998 0   311.525 0   587.4 0   310.105 0   310.312 0    63.8 0   254.8 0   473.8 0  -226.5 0   247.3 0    35.5 0     6.6 0     9.8 0   227.8 0   900.2 0
 2026 186  7  5  0 16  0.267  58.40   619.5 0   146.1 0   761.4 0   249.6 0   361.0 0   311.982 0   311.492 0   586.8 0   310.058 0   310.279 0    64.7 0   272.4 0   502.5 0  -225.7 0   276.7 0    35.3 0     6.6 0     7.6 0   216.5 0   900.2 0
 2026 186  7  5  0 17  0.283  58.60   642.2 0   151.8 0   793.9 0   251.4 0   361.7 0   311.969 0   311.557 0   588.3 0   310.029 0   310.275 0    64.9 0   278.5 0   513.2 0  -226.6 0   286.6 0    35.3 0     6.6 0     7.5 0   227.7 0   900.2 0
 2026 186  7  5  0 18  0.300  58.80   590.1 0   128.7 0   717.5 0   252.6 0   362.5 0   311.979 0   311.623 0   586.1 0   310.008 0   310.215 0    62.5 0   259.2 0   495.6 0  -223.6 0   272.0 0    35.2 0     6.6 0     7.8 0   225.4 0   900.2 0
 2026 186  7  5  0 19  0.317  59.00   583.1 0   136.7 0   684.3 0   255.5 0   362.4 0   311.987 0   311.565 0   585.8 0   309.963 0   310.170 0    61.3 0   255.7 0   471.3 0  -223.4 0   247.9 0    35.0 0     6.7 0     6.9 0   223.5 0   900.2 0
 2026 186  7  5  0 20  0.333  59.20   486.1 0   111.0 0   492.5 0   255.7 0   362.8 0   311.975 0   311.547 0   584.6 0   309.935 0   310.152 0    56.6 0   212.1 0   397.0 0  -221.7 0   175.2 0    35.0 0     6.7 0     7.1 0   234.4 0   900.1 0
 2026 186  7  5  0 21  0.350  59.40   532.1 0   129.3 0   576.5 0   256.4 0   363.0 0   311.941 0   311.514 0   582.9 0   309.911 0   310.117 0    57.8 0   237.6 0   420.6 0  -219.8 0   200.7 0    35.1 0     6.7 0     7.0 0   235.7 0   900.1 0
 2026 186  7  5  0 22  0.367  59.60   592.9 0   137.2 0   709.8 0   258.6 0   363.0 0   311.916 0   311.525 0   585.6 0   309.895 0   310.158 0    59.3 0   257.7 0   480.6 0  -222.6 0   258.0 0    35.1 0     6.7 0     6.6 0   245.7 0   900.1 0
 2026 186  7  5  0 23  0.383  59.79   493.4 0   119.9 0   507.4 0   256.4 0   363.5 0   311.900 0   311.473 0   582.8 0   309.884 0   310.112 0    55.0 0   218.9 0   391.8 0  -219.3 0   172.4 0    35.2 0     6.6 0     8.0 0   238.7 0   900.1 0
 2026 186  7  5  0 24  0.400  59.99   536.1 0   127.6 0   592.4 0   258.1 0   362.6 0   311.877 0   311.485 0   583.8 0   309.878 0   310.125 0    55.7 0   235.5 0   426.7 0  -221.1 0   205.6 0    35.4 0     6.6 0     7.3 0   252.1 0   900.1 0
 2026 186  7  5  0 25  0.417  60.19   447.5 0   108.6 0   418.2 0   256.1 0   363.0 0   311.855 0   311.439 0   580.5 0   309.873 0   310.074 0    51.5 0   196.9 0   355.4 0  -217.5 0   137.9 0    35.4 0     6.6 0     8.6 0   244.5 0   900.1 0
 2026 186  7  5  0 26  0.433  60.39   524.5 0   128.2 0   581.9 0   255.2 0   361.2 0   311.822 0   311.340 0   579.0 0   309.839 0   310.019 0    53.7 0   233.5 0   414.5 0  -217.8 0   196.7 0    35.2 0     6.7 0     6.9 0   237.8 0   900.0 0
 2026 186  7  5  0 27  0.450  60.59   514.2 0   115.4 0   588.4 0   252.6 0   362.5 0   311.779 0   311.369 0   581.4 0   309.814 0   310.043 0    52.4 0   225.0 0   426.1 0  -218.9 0   207.2 0    35.2 0     6.7 0     7.1 0   243.3 0   900.0 0
 2026 186  7  5  0 28  0.467  60.79   411.6 0    93.4 0   387.8 0   246.7 0   362.7 0   311.745 0   311.302 0   577.0 0   309.803 0   309.991 0    48.2 0   183.8 0   342.6 0  -214.4 0   128.2 0    35.3 0     6.6 0     7.0 0   235.1 0   900.0 0
 2026 186  7  5  0 29  0.483  60.99   431.7 0    99.2 0   430.9 0   243.5 0   361.9 0   311.708 0   311.326 0   575.3 0   309.787 0   309.973 0    48.2 0   193.7 0   353.3 0  -213.3 0   140.0 0    35.4 0     6.6 0     7.6 0   239.7 0   900.0 0
 2026 186  7  5  0 30  0.500  61.18   408.2 0    97.9 0   385.9 0   240.4 0   361.2 0   311.677 0   311.265 0   573.0 0   309.766 0   309.941 0    46.6 0   183.4 0   328.4 0  -211.8 0   116.6 0    35.4 0     6.6 0     8.3 0   234.4 0   900.0 0
 2026 186  7  5  0 31  0.517  61.38   420.0 0    97.6 0   432.4 0   236.1 0   360.0 0   311.631 0   311.133 0   570.9 0   309.730 0   309.889 0    46.4 0   189.0 0   345.6 0  -210.9 0   134.7 0    35.3 0     6.7 0     8.2 0   240.9 0   900.0 0
 2026 186  7  5  0 32  0.533  61.58   464.9 0   110.4 0   535.4 0   233.3 0   359.1 0   311.569 0   311.037 0   570.3 0   309.680 0   309.834 0    47.2 0   207.4 0   377.7 0  -211.2 0   166.5 0    35.0 0     6.8 0     6.8 0   241.1 0   900.0 0
 2026 186  7  5  0 33  0.550  61.78   424.2 0    95.5 0   464.5 0   229.0 0   360.5 0   311.504 0   311.009 0   570.6 0   309.629 0   309.801 0    45.5 0   189.5 0   353.2 0  -210.1 0   143.1 0    34.9 0     6.8 0     6.1 0   228.0 0   900.0 0
 2026 186  7  5  0 34  0.567  61.98   384.2 0    89.0 0   387.2 0   223.6 0   360.2 0   311.448 0   310.998 0   570.5 0   309.616 0   309.812 0    43.7 0   172.8 0   316.5 0  -210.4 0   106.1 0    35.2 0     6.7 0     6.0 0   231.2 0   900.0 0
 2026 186  7  5  0 35  0.583  62.18   386.4 0    90.1 0   406.1 0   217.6 0   359.9 0   311.395 0   310.943 0   570.2 0   309.614 0   309.813 0    43.3 0   174.9 0   317.0 0  -210.3 0   106.7 0    35.4 0     6.6 0     5.1 0   227.1 0   900.0 0
 2026 186  7  5  0 36  0.600  62.37   428.5 0   101.8 0   515.6 0   211.4 0   360.7 0   311.343 0   310.910 0   570.0 0   309.615 0   309.804 0    43.9 0   192.1 0   348.8 0  -209.3 0   139.5 0    35.4 0     6.6 0     5.8 0   213.6 0   899.9 0
 2026 186  7  5  0 37  0.617  62.57   470.7 0   110.9 0   633.7 0   205.2 0   360.7 0   311.314 0   310.918 0   572.4 0   309.622 0   309.859 0    44.8 0   209.9 0   386.2 0  -211.7 0   174.5 0    35.5 0     6.6 0     7.0 0   222.6 0   899.9 0
 2026 186  7  5  0 38  0.633  62.77   450.4 0   107.3 0   614.0 0   194.6 0   359.2 0   311.301 0   310.839 0   571.5 0   309.644 0   309.879 0    43.9 0   201.8 0   368.2 0  -212.4 0   155.9 0    35.7 0     6.6 0     7.2 0   225.5 0   899.9 0
 2026 186  7  5  0 39  0.650  62.97   532.5 0   128.5 0   832.9 0   183.0 0   359.1 0   311.277 0   310.746 0   573.1 0   309.668 0   309.917 0    45.6 0   234.5 0   433.1 0  -214.0 0   219.1 0    35.8 0     6.6 0     7.3 0   218.9 0   899.9 0
 2026 186  7  5  0 40  0.667  63.16   537.3 0   130.1 0   873.9 0   172.6 0   359.6 0   311.265 0   310.817 0   572.8 0   309.667 0   309.886 0    45.4 0   235.5 0   437.0 0  -213.2 0   223.8 0    35.5 0     6.7 0     7.4 0   210.6 0   899.9 0
 2026 186  7  5  0 41  0.683  63.36   527.6 0   127.7 0   871.5 0   166.0 0   360.3 0   311.278 0   310.833 0   573.8 0   309.659 0   309.908 0    44.7 0   231.7 0   429.1 0  -213.5 0   215.6 0    35.3 0     6.8 0     7.6 0   210.8 0   899.9 0
 2026 186  7  5  0 42  0.700  63.56   519.0 0   125.9 0   868.4 0   161.0 0   359.1 0   311.301 0   310.805 0   571.8 0   309.647 0   309.839 0    44.0 0   228.5 0   421.7 0  -212.6 0   209.1 0    35.3 0     6.9 0     8.4 0   203.4 0   899.9 0
 2026 186  7  5  0 43  0.717  63.76   511.1 0   124.2 0   866.1 0   156.3 0   359.7 0   311.308 0   310.786 0   573.0 0   309.615 0   309.846 0    43.2 0   225.4 0   415.1 0  -213.3 0   201.8 0    35.1 0     7.0 0     5.9 0   196.7 0   899.9 0
 2026 186  7  5  0 44  0.733  63.95   504.4 0   121.9 0   864.7 0   153.0 0   359.9 0   311.313 0   310.787 0   574.7 0   309.628 0   309.902 0    42.4 0   222.7 0   410.8 0  -214.7 0   196.1 0    35.2 0     6.9 0     5.3 0   207.4 0   899.8 0
 2026 186  7  5  0 45  0.750  64.15   498.8 0   120.3 0   863.1 0   150.9 0   359.6 0   311.322 0   310.857 0   574.5 0   309.658 0   309.925 0    41.7 0   220.3 0   407.0 0  -214.9 0   192.1 0    35.4 0     6.8 0     7.5 0   234.9 0   899.9 0
 2026 186  7  5  0 46  0.767  64.35   493.5 0   119.4 0   861.4 0   149.0 0   360.3 0   311.340 0   310.899 0   572.4 0   309.670 0   309.885 0    40.9 0   218.1 0   402.5 0  -212.1 0   190.3 0    35.5 0     6.8 0     8.5 0   224.9 0   899.9 0
 2026 186  7  5  0 47  0.783  64.55   487.8 0   118.6 0   859.2 0   147.1 0   359.3 0   311.374 0   310.893 0   572.5 0   309.662 0   309.892 0    40.2 0   215.8 0   397.8 0  -213.2 0   184.6 0    35.4 0     6.8 0     6.8 0   217.0 0   899.8 0
 2026 186  7  5  0 48  0.800  64.74   482.8 0   117.7 0   857.1 0   145.6 0   360.8 0   311.393 0   310.927 0   572.4 0   309.660 0   309.890 0    39.4 0   213.7 0   393.6 0  -211.6 0   182.0 0    35.4 0     6.8 0     6.5 0   206.2 0   899.8 0
 2026 186  7  5  0 49  0.817  64.94   478.3 0   116.6 0   852.7 0   145.4 0   361.1 0   311.419 0   310.946 0   572.4 0   309.668 0   309.919 0    38.7 0   211.7 0   389.9 0  -211.2 0   178.7 0    35.5 0     6.8 0     8.2 0   209.0 0   899.7 0
 2026 186  7  5  0 50  0.833  65.14   473.0 0   115.3 0   844.9 0   146.4 0   360.6 0   311.453 0   311.034 0   570.0 0   309.689 0   309.918 0    38.1 0   209.5 0   386.3 0  -209.4 0   176.9 0    35.7 0     6.7 0     9.2 0   221.1 0   899.8 0
 2026 186  7  5  0 51  0.850  65.33   461.8 0   112.9 0   820.1 0   147.7 0   360.0 0   311.490 0   310.974 0   568.8 0   309.681 0   309.876 0    37.2 0   203.9 0   377.0 0  -208.9 0   168.2 0    35.4 0     6.8 0     7.7 0   232.3 0   899.8 0
 2026 186  7  5  0 52  0.867  65.53   396.3 0    95.8 0   660.9 0   148.0 0   359.9 0   311.502 0   311.000 0   566.9 0   309.657 0   309.830 0    35.2 0   176.5 0   325.9 0  -207.0 0   118.9 0    35.3 0     6.8 0     8.1 0   237.8 0   899.7 0
 2026 186  7  5  0 53  0.883  65.73   368.6 0    90.4 0   591.5 0   148.3 0   360.0 0   311.495 0   310.964 0   563.5 0   309.624 0   309.759 0    33.8 0   164.2 0   301.1 0  -203.5 0    97.6 0    35.2 0     6.8 0     8.7 0   237.0 0   899.7 0
 2026 186  7  5  0 54  0.900  65.92   379.3 0    92.8 0   622.0 0   149.2 0   359.6 0   311.475 0   310.918 0   562.1 0   309.571 0   309.701 0    33.2 0   168.2 0   310.1 0  -202.4 0   107.7 0    35.1 0     6.9 0     8.1 0   236.5 0   899.7 0
 2026 186  7  5  0 55  0.917  66.12   297.4 0    72.1 0   414.9 0   147.9 0   359.8 0   311.436 0   310.845 0   559.4 0   309.523 0   309.630 0    30.8 0   132.5 0   243.8 0  -199.6 0    44.2 0    35.1 0     6.9 0     8.7 0   236.9 0   899.7 0
 2026 186  7  5  0 56  0.933  66.31   307.0 0    75.3 0   445.3 0   147.0 0   360.6 0   311.381 0   310.838 0   558.2 0   309.473 0   309.601 0    30.1 0   138.0 0   250.6 0  -197.6 0    53.0 0    35.2 0     6.8 0     7.0 0   223.6 0   899.7 0
 2026 186  7  5  0 57  0.950  66.51   353.4 0    89.4 0   568.1 0   146.7 0   360.5 0   311.336 0   310.831 0   558.0 0   309.437 0   309.566 0    30.4 0   158.7 0   283.7 0  -197.5 0    86.2 0    35.3 0     6.8 0     8.0 0   227.1 0   899.7 0
 2026 186  7  5  0 58  0.967  66.71   437.0 0   109.7 0   798.9 0   147.5 0   360.6 0   311.305 0   310.787 0   558.8 0   309.404 0   309.561 0    31.6 0   193.2 0   353.7 0  -198.1 0   155.6 0    35.3 0     6.8 0     9.0 0   232.5 0   899.6 0
 2026 186  7  5  0 59  0.983  66.90   446.9 0   111.1 0   832.8 0   148.3 0   360.3 0   311.292 0   310.755 0   561.2 0   309.389 0   309.603 0    31.6 0   197.1 0   363.8 0  -200.9 0   162.9 0    35.4 0     6.8 0     7.7 0   224.9 0   899.7 0
 2026 186  7  5  1  0  1.000  67.10   445.1 0   110.4 0   833.6 0   149.2 0   360.8 0   311.281 0   310.729 0   562.0 0   309.402 0   309.624 0    31.3 0   196.6 0   363.1 0  -201.2 0   161.9 0    35.6 0     6.7 0     7.2 0   226.4 0   899.7 0
 2026 186  7  5  1  1  1.017  67.30   441.0 0   109.8 0   831.8 0   148.9 0   362.0 0   311.275 0   310.769 0   561.8 0   309.399 0   309.593 0    31.0 0   195.0 0   360.1 0  -199.8 0   160.3 0    35.4 0     6.9 0     8.1 0   226.8 0   899.7 0
 2026 186  7  5  1  2  1.033  67.49   436.6 0   108.7 0   831.4 0   147.2 0   361.3 0   311.271 0   310.696 0   561.2 0   309.393 0   309.597 0    30.6 0   193.3 0   356.8 0  -199.9 0   156.8 0    35.4 0     6.8 0     7.4 0   234.1 0   899.7 0
 2026 186  7  5  1  3  1.050  67.69   431.1 0   107.5 0   828.6 0   145.2 0   361.9 0   311.251 0   310.674 0   561.4 0   309.380 0   309.575 0    30.2 0   191.2 0   352.4 0  -199.5 0   152.9 0    35.2 0     6.9 0     6.5 0   228.5 0   899.7 0
 2026 186  7  5  1  4  1.067  67.88   426.4 0   106.3 0   827.1 0   143.8 0   361.9 0   311.234 0   310.699 0   561.9 0   309.371 0   309.576 0    29.7 0   189.3 0   348.9 0  -200.0 0   148.9 0    35.2 0     6.9 0     7.4 0   247.4 0   899.7 0
 2026 186  7  5  1  5  1.083  68.08   422.3 0   105.4 0   825.2 0   143.2 0   362.7 0   311.224 0   310.702 0   560.6 0   309.362 0   309.548 0    29.1 0   187.7 0   345.8 0  -197.9 0   147.9 0    35.2 0     6.9 0     7.4 0   238.3 0   899.7 0
 2026 186  7  5  1  6  1.100  68.27   419.1 0   104.6 0   823.0 0   143.5 0   363.0 0   311.225 0   310.721 0   561.3 0   309.350 0   309.564 0    28.6 0   186.3 0   343.6 0  -198.3 0   145.3 0    35.2 0     6.9 0     6.6 0   235.9 0   899.7 0
 2026 186  7  5  1  7  1.117  68.47   416.3 0   103.7 0   821.1 0   143.9 0   364.3 0   311.224 0   310.730 0   561.4 0   309.361 0   309.592 0    28.1 0   185.1 0   341.6 0  -197.1 0   144.4 0    35.4 0     6.8 0     8.3 0   232.4 0   899.7 0
 2026 186  7  5  1  8  1.133  68.66   413.3 0   103.6 0   819.0 0   143.9 0   363.8 0   311.230 0   310.692 0   560.1 0   309.359 0   309.545 0    27.6 0   183.8 0   338.4 0  -196.2 0   142.2 0    35.4 0     6.8 0     8.8 0   213.4 0   899.7 0
 2026 186  7  5  1  9  1.150  68.86   409.8 0   102.6 0   817.3 0   143.6 0   364.7 0   311.229 0   310.684 0   560.0 0   309.363 0   309.582 0    27.1 0   182.3 0   335.8 0  -195.4 0   140.5 0    35.6 0     6.8 0     7.6 0   204.4 0   899.7 0
 2026 186  7  5  1 10  1.167  69.05   405.0 0   101.7 0   814.3 0   142.7 0   365.2 0   311.234 0   310.745 0   559.9 0   309.369 0   309.575 0    26.6 0   180.3 0   332.1 0  -194.7 0   137.4 0    35.5 0     6.8 0     6.4 0   205.2 0   899.7 0
 2026 186  7  5  1 11  1.183  69.25   400.0 0   100.7 0   811.5 0   141.1 0   364.8 0   311.239 0   310.674 0   559.4 0   309.371 0   309.556 0    26.1 0   178.2 0   328.0 0  -194.6 0   133.4 0    35.4 0     6.8 0     6.6 0   215.2 0   899.7 0
 2026 186  7  5  1 12  1.200  69.44   394.4 0    99.2 0   808.3 0   139.3 0   365.2 0   311.226 0   310.664 0   560.1 0   309.369 0   309.575 0    25.6 0   175.9 0   323.9 0  -195.0 0   129.0 0    35.4 0     6.8 0     7.6 0   223.8 0   899.7 0
 2026 186  7  5  1 13  1.217  69.64   388.3 0    98.1 0   805.5 0   137.0 0   365.3 0   311.221 0   310.727 0   559.2 0   309.364 0   309.545 0    25.0 0   173.4 0   319.3 0  -193.9 0   125.4 0    35.3 0     6.9 0     6.7 0   216.9 0   899.7 0
 2026 186  7  5  1 14  1.233  69.83   382.3 0    96.8 0   804.0 0   134.6 0   365.0 0   311.232 0   310.770 0   558.6 0   309.356 0   309.544 0    24.5 0   171.0 0   315.0 0  -193.7 0   121.4 0    35.3 0     6.9 0     8.5 0   243.0 0   899.7 0
 2026 186  7  5  1 15  1.250  70.02   376.6 0    95.6 0   801.4 0   131.8 0   364.5 0   311.242 0   310.695 0   556.1 0   309.344 0   309.495 0    24.0 0   168.5 0   310.0 0  -191.6 0   118.4 0    35.4 0     7.0 0    10.5 0   213.1 0   899.7 0
 2026 186  7  5  1 16  1.267  70.22   371.2 0    95.3 0   797.2 0   129.8 0   363.7 0   311.245 0   310.689 0   554.5 0   309.293 0   309.421 0    23.5 0   166.2 0   304.3 0  -190.9 0   113.5 0    35.1 0     7.2 0     8.0 0   203.4 0   899.7 0
 2026 186  7  5  1 17  1.283  70.41   366.4 0    93.7 0   793.7 0   128.6 0   363.9 0   311.242 0   310.709 0   554.9 0   309.261 0   309.428 0    23.0 0   164.1 0   300.9 0  -191.1 0   109.8 0    35.1 0     7.1 0     7.7 0   204.5 0   899.7 0
 2026 186  7  5  1 18  1.300  70.61   362.3 0    93.1 0   790.8 0   127.6 0   363.6 0   311.236 0   310.640 0   554.0 0   309.231 0   309.380 0    22.6 0   162.2 0   297.1 0  -190.4 0   106.7 0    35.0 0     7.1 0     7.3 0   210.9 0   899.7 0
 2026 186  7  5  1 19  1.317  70.80   357.6 0    91.5 0   786.4 0   127.1 0   363.9 0   311.224 0   310.701 0   554.1 0   309.214 0   309.387 0    22.1 0   160.3 0   294.3 0  -190.3 0   104.0 0    35.1 0     7.0 0     7.5 0   219.3 0   899.7 0
 2026 186  7  5  1 20  1.333  70.99   355.2 0    91.2 0   787.0 0   127.0 0   363.3 0   311.223 0   310.664 0   553.1 0   309.191 0   309.338 0    21.7 0   159.2 0   292.1 0  -189.8 0   102.3 0    35.1 0     7.0 0     7.7 0   210.8 0   899.7 0
 2026 186  7  5  1 21  1.350  71.19   352.3 0    90.7 0   785.0 0   127.1 0   363.4 0   311.215 0   310.651 0   552.6 0   309.166 0   309.306 0    21.3 0   157.8 0   289.5 0  -189.2 0   100.3 0    35.0 0     7.0 0     7.6 0   210.7 0   899.7 0
 2026 186  7  5  1 22  1.367  71.38   348.7 0    89.6 0   784.7 0   126.3 0   363.2 0   311.203 0   310.627 0   552.6 0   309.152 0   309.321 0    20.8 0   156.3 0   287.3 0  -189.3 0    97.9 0    35.2 0     6.9 0     8.7 0   217.9 0   899.7 0
 2026 186  7  5  1 23  1.383  71.57   344.3 0    89.3 0   781.7 0   125.3 0   362.5 0   311.187 0   310.575 0   549.8 0   309.126 0   309.239 0    20.3 0   154.3 0   283.2 0  -187.3 0    95.9 0    35.1 0     7.0 0     9.6 0   222.3 0   899.7 0
 2026 186  7  5  1 24  1.400  71.77   340.7 0    88.9 0   778.3 0   125.1 0   362.1 0   311.159 0   310.515 0   549.3 0   309.076 0   309.192 0    19.9 0   152.8 0   279.8 0  -187.1 0    92.6 0    34.9 0     7.1 0     7.8 0   224.8 0   899.7 0
 2026 186  7  5  1 25  1.417  71.96   338.2 0    88.0 0   775.4 0   126.0 0   362.6 0   311.122 0   310.486 0   550.0 0   309.042 0   309.192 0    19.4 0   151.6 0   278.1 0  -187.4 0    90.7 0    34.9 0     7.1 0     7.3 0   219.2 0   899.7 0
 2026 186  7  5  1 26  1.433  72.15   336.8 0    87.7 0   773.3 0   127.7 0   363.5 0   311.090 0   310.516 0   549.7 0   309.022 0   309.172 0    19.0 0   151.0 0   277.1 0  -186.2 0    90.9 0    34.9 0     7.1 0     7.5 0   214.4 0   899.7 0
 2026 186  7  5  1 27  1.450  72.34   335.6 0    87.7 0   772.1 0   129.5 0   363.5 0   311.073 0   310.533 0   548.7 0   309.002 0   309.137 0    18.7 0   150.5 0   275.9 0  -185.2 0    90.8 0    34.9 0     7.1 0     7.7 0   214.1 0   899.7 0
 2026 186  7  5  1 28  1.467  72.54   305.3 0    77.8 0   667.3 0   131.4 0   363.9 0   311.064 0   310.524 0   548.3 0   308.978 0   309.128 0    18.1 0   136.7 0   253.8 0  -184.4 0    69.4 0    34.9 0     7.1 0     7.7 0   233.2 0   899.7 0
 2026 186  7  5  1 29  1.483  72.73   311.3 0    82.1 0   683.5 0   134.2 0   363.9 0   311.040 0   310.444 0   546.9 0   308.964 0   309.102 0    17.8 0   141.4 0   254.9 0  -183.0 0    71.9 0    35.0 0     7.1 0     8.0 0   236.1 0   899.7 0
 2026 186  7  5  1 30  1.500  72.92   330.2 0    86.2 0   757.3 0   135.8 0   365.2 0   311.007 0   310.443 0   547.2 0   308.942 0   309.083 0    17.5 0   148.6 0   271.9 0  -181.9 0    90.0 0    35.0 0     7.2 0     7.8 0   220.4 0   899.7 0
 2026 186  7  5  1 31  1.517  73.11   314.3 0    81.0 0   714.7 0   134.9 0   365.0 0   310.987 0   310.434 0   546.5 0   308.921 0   309.057 0    17.0 0   141.0 0   261.5 0  -181.5 0    79.9 0    35.0 0     7.1 0     8.2 0   213.4 0   899.7 0
 2026 186  7  5  1 32  1.533  73.31   176.1 0    46.3 0   199.5 0   131.1 0   364.8 0   310.959 0   310.368 0   543.2 0   308.897 0   308.986 0    15.7 0    81.6 0   142.1 0  -178.4 0   -36.2 0    35.0 0     7.1 0     8.0 0   226.1 0   899.7 0
 2026 186  7  5  1 33  1.550  73.50   183.6 0    43.7 0   253.5 0   128.4 0   363.6 0   310.894 0   310.303 0   539.5 0   308.862 0   308.900 0    15.2 0    85.2 0   156.7 0  -176.0 0   -19.3 0    35.0 0     7.2 0     9.3 0   227.5 0   899.7 0
 2026 186  7  5  1 34  1.567  73.69   146.1 0    35.8 0   117.9 0   125.5 0   362.5 0   310.808 0   310.186 0   535.7 0   308.795 0   308.787 0    14.4 0    68.8 0   122.8 0  -173.3 0   -50.5 0    34.8 0     7.2 0    10.1 0   228.9 0   899.7 0
 2026 186  7  5  1 35  1.583  73.88   263.7 0    70.3 0   581.1 0   125.1 0   361.4 0   310.706 0   310.069 0   536.0 0   308.715 0   308.741 0    14.6 0   121.8 0   216.2 0  -174.5 0    41.7 0    34.7 0     7.2 0     9.5 0   221.2 0   899.7 0
 2026 186  7  5  1 36  1.600  74.07   232.1 0    57.3 0   475.9 0   124.1 0   361.2 0   310.629 0   310.024 0   535.9 0   308.655 0   308.718 0    14.0 0   105.1 0   197.3 0  -174.7 0    22.6 0    34.7 0     7.3 0     8.3 0   213.8 0   899.7 0
 2026 186  7  5  1 37  1.617  74.26   254.1 0    69.8 0   559.1 0   123.9 0   361.5 0   310.565 0   310.003 0   536.7 0   308.609 0   308.709 0    13.7 0   116.9 0   205.7 0  -175.2 0    30.5 0    34.8 0     7.2 0     7.1 0   214.8 0   899.7 0
 2026 186  7  5  1 38  1.633  74.46   243.5 0    64.0 0   534.7 0   123.8 0   360.8 0   310.526 0   310.048 0   536.8 0   308.591 0   308.704 0    13.2 0   111.4 0   203.1 0  -175.9 0    27.2 0    34.9 0     7.2 0     8.6 0   227.2 0   899.7 0
 2026 186  7  5  1 39  1.650  74.65   269.5 0    69.8 0   658.3 0   123.3 0   359.8 0   310.502 0   309.950 0   537.0 0   308.575 0   308.701 0    12.9 0   121.8 0   227.8 0  -177.2 0    50.6 0    34.9 0     7.2 0     7.3 0   229.2 0   899.7 0
 2026 186  7  5  1 40  1.667  74.84   267.1 0    72.4 0   653.2 0   123.2 0   359.9 0   310.470 0   309.876 0   537.0 0   308.567 0   308.698 0    12.6 0   121.6 0   221.6 0  -177.1 0    44.5 0    35.0 0     7.2 0     7.4 0   231.6 0   899.7 0
 2026 186  7  5  1 41  1.683  75.03   283.9 0    76.9 0   733.9 0   123.8 0   360.8 0   310.439 0   309.904 0   537.6 0   308.564 0   308.712 0    12.4 0   127.7 0   236.5 0  -176.8 0    59.7 0    35.0 0     7.2 0     8.9 0   223.2 0   899.8 0
 2026 186  7  5  1 42  1.700  75.22   278.0 0    75.8 0   725.0 0   122.6 0   360.8 0   310.427 0   309.881 0   536.5 0   308.553 0   308.663 0    12.1 0   125.3 0   231.7 0  -175.7 0    56.0 0    34.9 0     7.3 0     9.3 0   215.4 0   899.8 0
 2026 186  7  5  1 43  1.717  75.41   272.8 0    74.5 0   720.9 0   120.9 0   361.7 0   310.422 0   309.914 0   537.1 0   308.532 0   308.676 0    11.9 0   123.3 0   228.0 0  -175.4 0    52.6 0    34.8 0     7.3 0     6.4 0   214.0 0   899.8 0
 2026 186  7  5  1 44  1.733  75.60   268.1 0    73.1 0   718.7 0   119.1 0   361.9 0   310.424 0   309.908 0   537.2 0   308.534 0   308.686 0    11.6 0   121.3 0   224.7 0  -175.3 0    49.4 0    34.9 0     7.2 0     7.5 0   205.8 0   899.8 0
 2026 186  7  5  1 45  1.750  75.79   263.2 0    72.2 0   714.5 0   117.0 0   362.0 0   310.422 0   309.883 0   536.2 0   308.525 0   308.652 0    11.3 0   119.1 0   220.2 0  -174.1 0    46.1 0    34.8 0     7.3 0     8.9 0   209.7 0   899.8 0
 2026 186  7  5  1 46  1.767  75.98   259.0 0    71.3 0   710.8 0   115.5 0   362.6 0   310.410 0   309.839 0   535.5 0   308.503 0   308.629 0    11.0 0   117.3 0   216.4 0  -172.9 0    43.5 0    34.8 0     7.3 0     8.4 0   210.2 0   899.8 0
 2026 186  7  5  1 47  1.783  76.17   254.0 0    69.9 0   704.8 0   114.0 0   363.5 0   310.399 0   309.860 0   535.7 0   308.489 0   308.624 0    10.7 0   115.0 0   212.6 0  -172.2 0    40.4 0    34.8 0     7.3 0     7.9 0   209.4 0   899.8 0
 2026 186  7  5  1 48  1.800  76.36   249.2 0    68.7 0   699.7 0   112.4 0   363.3 0   310.394 0   309.866 0   535.2 0   308.483 0   308.619 0    10.4 0   113.0 0   208.7 0  -171.9 0    36.8 0    34.9 0     7.2 0     7.3 0   211.2 0   899.8 0
 2026 186  7  5  1 49  1.817  76.55   246.0 0    67.8 0   700.3 0   111.5 0   363.8 0   310.394 0   309.900 0   536.0 0   308.481 0   308.640 0    10.2 0   111.7 0   206.6 0  -172.2 0    34.5 0    34.9 0     7.2 0     5.5 0   223.2 0   899.8 0
 2026 186  7  5  1 50  1.833  76.74   233.6 0    62.7 0   659.4 0   110.0 0   364.0 0   310.399 0   309.888 0   536.7 0   308.506 0   308.687 0     9.9 0   106.3 0   198.5 0  -172.7 0    25.8 0    35.2 0     7.1 0     7.4 0   221.3 0   899.7 0
 2026 186  7  5  1 51  1.850  76.92   186.9 0    50.4 0   446.7 0   107.0 0   364.1 0   310.396 0   309.859 0   534.1 0   308.530 0   308.652 0     9.6 0    87.0 0   157.7 0  -170.1 0   -12.4 0    35.2 0     7.2 0     7.1 0   204.1 0   899.8 0
 2026 186  7  5  1 52  1.867  77.11   210.2 0    58.9 0   576.7 0   105.0 0   363.9 0   310.375 0   309.839 0   533.0 0   308.525 0   308.618 0     9.3 0    97.5 0   174.7 0  -169.0 0     5.7 0    35.1 0     7.2 0     8.2 0   207.4 0   899.8 0
 2026 186  7  5  1 53  1.883  77.30   228.8 0    64.4 0   686.0 0   104.2 0   363.4 0   310.354 0   309.805 0   531.9 0   308.509 0   308.597 0     9.1 0   104.4 0   190.7 0  -168.5 0    22.2 0    34.9 0     7.3 0     8.3 0   204.6 0   899.8 0
 2026 186  7  5  1 54  1.900  77.49   225.0 0    63.2 0   681.6 0   103.7 0   363.3 0   310.339 0   309.796 0   532.4 0   308.487 0   308.601 0     8.9 0   102.6 0   188.1 0  -169.1 0    19.0 0    34.9 0     7.3 0     6.7 0   218.6 0   899.8 0
 2026 186  7  5  1 55  1.917  77.68   219.9 0    61.9 0   673.0 0   102.9 0   363.3 0   310.323 0   309.749 0   531.5 0   308.478 0   308.582 0     8.7 0   100.4 0   184.7 0  -168.2 0    16.4 0    34.9 0     7.2 0     8.6 0   222.0 0   899.8 0
 2026 186  7  5  1 56  1.933  77.87   215.3 0    61.2 0   668.7 0   101.6 0   363.6 0   310.300 0   309.726 0   530.2 0   308.452 0   308.532 0     8.5 0    98.4 0   180.9 0  -166.6 0    14.3 0    34.8 0     7.2 0     8.4 0   200.1 0   899.8 0
 2026 186  7  5  1 57  1.950  78.06   210.6 0    60.1 0   666.2 0    99.6 0   363.9 0   310.277 0   309.691 0   530.3 0   308.418 0   308.515 0     8.2 0    96.5 0   177.3 0  -166.4 0    11.0 0    34.7 0     7.3 0     6.7 0   206.1 0   899.9 0
 2026 186  7  5  1 58  1.967  78.24   207.6 0    59.1 0   671.1 0    97.9 0   364.1 0   310.252 0   309.675 0   530.1 0   308.400 0   308.503 0     8.0 0    95.4 0   175.5 0  -166.0 0     9.5 0    34.8 0     7.2 0     7.9 0   204.2 0   899.8 0
 2026 186  7  5  1 59  1.983  78.43   184.9 0    51.5 0   563.2 0    95.9 0   364.7 0   310.227 0   309.657 0   529.3 0   308.386 0   308.483 0     7.7 0    85.3 0   157.3 0  -164.6 0    -7.3 0    34.8 0     7.2 0     8.3 0   215.6 0   899.8 0
 2026 186  7  5  2  0  2.000  78.62   119.1 0    31.2 0   210.4 0    93.3 0   364.5 0   310.201 0   309.671 0   526.2 0   308.361 0   308.399 0     7.4 0    57.9 0   103.6 0  -161.7 0   -58.1 0    34.8 0     7.2 0     8.6 0   230.3 0   899.9 0
 2026 186  7  5  2  1  2.017  78.81   149.0 0    40.7 0   384.1 0    93.1 0   363.7 0   310.151 0   309.557 0   524.9 0   308.323 0   308.351 0     7.2 0    70.7 0   126.9 0  -161.2 0   -34.3 0    34.8 0     7.3 0     8.7 0   230.6 0   899.9 0
 2026 186  7  5  2  2  2.033  78.99   169.8 0    47.8 0   511.1 0    94.2 0   364.0 0   310.084 0   309.463 0   524.2 0   308.278 0   308.312 0     7.0 0    79.6 0   143.9 0  -160.2 0   -16.3 0    34.7 0     7.3 0     6.8 0   231.1 0   899.9 0
 2026 186  7  5  2  3  2.050  79.18   186.1 0    53.0 0   604.8 0    95.8 0   365.1 0   310.023 0   309.430 0   524.9 0   308.241 0   308.309 0     6.9 0    85.3 0   156.4 0  -159.7 0    -3.4 0    34.6 0     7.3 0     7.5 0   218.7 0   899.9 0
 2026 186  7  5  2  4  2.067  79.36   164.4 0    46.2 0   474.1 0    97.2 0   365.9 0   309.980 0   309.444 0   524.3 0   308.209 0   308.278 0     6.6 0    75.8 0   138.5 0  -158.4 0   -19.9 0    34.6 0     7.3 0     6.9 0   222.5 0   899.9 0
 2026 186  7  5  2  5  2.083  79.55   131.4 0    35.1 0   274.7 0    97.8 0   366.7 0   309.941 0   309.409 0   523.7 0   308.185 0   308.249 0     6.2 0    61.9 0   112.5 0  -157.0 0   -44.5 0    34.6 0     7.3 0     5.9 0   215.3 0   899.9 0
 2026 186  7  5  2  6  2.100  79.74   141.6 0    38.7 0   337.7 0    98.6 0   366.6 0   309.889 0   309.353 0   522.7 0   308.164 0   308.212 0     6.0 0    65.7 0   120.1 0  -156.0 0   -36.0 0    34.7 0     7.3 0     7.1 0   221.0 0   900.0 0
 2026 186  7  5  2  7  2.117  79.92   133.5 0    36.2 0   282.4 0    99.0 0   367.0 0   309.829 0   309.263 0   521.7 0   308.132 0   308.168 0     5.8 0    61.2 0   112.2 0  -154.7 0   -42.5 0    34.6 0     7.5 0     7.0 0   222.7 0   900.0 0
 2026 186  7  5  2  8  2.133  80.11    94.4 0    23.6 0    36.7 0    97.1 0   367.1 0   309.756 0   309.178 0   520.1 0   308.096 0   308.110 0     5.5 0    43.7 0    79.8 0  -153.0 0   -73.1 0    34.6 0     7.5 0     6.8 0   228.9 0   900.0 0
 2026 186  7  5  2  9  2.150  80.29    93.0 0    23.6 0    39.2 0    94.5 0   367.9 0   309.659 0   309.072 0   518.6 0   308.051 0   308.040 0     5.3 0    43.2 0    77.5 0  -150.7 0   -73.2 0    34.5 0     7.6 0     7.2 0   221.4 0   900.0 0
 2026 186  7  5  2 10  2.167  80.48    92.2 0    23.4 0    51.1 0    91.6 0   369.1 0   309.552 0   308.980 0   517.7 0   307.996 0   307.981 0     5.1 0    42.5 0    76.6 0  -148.6 0   -72.0 0    34.4 0     7.6 0     7.3 0   214.7 0   900.0 0
 2026 186  7  5  2 11  2.183  80.66    87.3 0    22.5 0    36.6 0    88.4 0   369.9 0   309.449 0   308.903 0   517.0 0   307.945 0   307.937 0     4.9 0    40.3 0    71.8 0  -147.1 0   -75.3 0    34.4 0     7.6 0     7.8 0   222.0 0   900.0 0
 2026 186  7  5  2 12  2.200  80.85    86.4 0    22.4 0    50.7 0    85.5 0   370.7 0   309.353 0   308.831 0   516.1 0   307.895 0   307.884 0     4.7 0    39.7 0    71.2 0  -145.4 0   -74.3 0    34.4 0     7.4 0     8.1 0   207.4 0   900.0 0
 2026 186  7  5  2 13  2.217  81.03    79.6 0    20.4 0    22.9 0    82.4 0   372.0 0   309.261 0   308.744 0   515.5 0   307.844 0   307.839 0     4.5 0    36.6 0    65.5 0  -143.5 0   -78.0 0    34.4 0     7.4 0     7.0 0   208.6 0   900.0 0
 2026 186  7  5  2 14  2.233  81.22    76.5 0    19.5 0    20.5 0    79.4 0   373.1 0   309.171 0   308.681 0   514.7 0   307.798 0   307.783 0     4.4 0    35.2 0    63.0 0  -141.6 0   -78.6 0    34.3 0     7.4 0     8.5 0   208.8 0   900.0 0
 2026 186  7  5  2 15  2.250  81.40    73.8 0    18.8 0    20.6 0    76.5 0   373.4 0   309.085 0   308.594 0   514.0 0   307.746 0   307.728 0     4.2 0    33.9 0    60.8 0  -140.6 0   -79.8 0    34.3 0     7.5 0     8.5 0   212.2 0   900.0 0
 2026 186  7  5  2 16  2.267  81.58    71.4 0    18.4 0    19.4 0    73.9 0   373.4 0   308.999 0   308.485 0   512.9 0   307.691 0   307.660 0     4.0 0    32.8 0    58.4 0  -139.5 0   -81.1 0    34.2 0     7.6 0     8.6 0   209.2 0   900.1 0
 2026 186  7  5  2 17  2.283  81.77    69.5 0    18.0 0    17.6 0    72.1 0   374.1 0   308.910 0   308.397 0   512.1 0   307.630 0   307.600 0     3.9 0    32.0 0    56.6 0  -138.0 0   -81.4 0    34.1 0     7.7 0     6.7 0   209.6 0   900.0 0
 2026 186  7  5  2 18  2.300  81.95    68.8 0    17.6 0    24.3 0    70.6 0   375.0 0   308.820 0   308.335 0   512.0 0   307.580 0   307.568 0     3.7 0    31.6 0    56.4 0  -137.0 0   -80.7 0    34.1 0     7.7 0     6.5 0   216.7 0   900.1 0
 2026 186  7  5  2 19  2.317  82.13    65.7 0    16.6 0    15.6 0    68.7 0   375.6 0   308.738 0   308.277 0   511.8 0   307.538 0   307.533 0     3.6 0    30.2 0    54.3 0  -136.2 0   -81.9 0    34.2 0     7.7 0     5.9 0   217.3 0   900.1 0
 2026 186  7  5  2 20  2.333  82.32    62.7 0    15.7 0     9.3 0    66.5 0   375.8 0   308.662 0   308.199 0   511.3 0   307.504 0   307.497 0     3.4 0    28.9 0    52.0 0  -135.5 0   -83.5 0    34.2 0     8.1 0     6.6 0   227.0 0   900.0 0
 2026 186  7  5  2 21  2.350  82.50    60.0 0    15.1 0     8.5 0    63.9 0   376.3 0   308.585 0   308.126 0   510.8 0   307.464 0   307.448 0     3.3 0    27.7 0    49.9 0  -134.5 0   -84.6 0    34.2 0     8.0 0     8.2 0   221.9 0   900.1 0
 2026 186  7  5  2 22  2.367  82.68    57.7 0    14.9 0    12.0 0    61.3 0   376.7 0   308.512 0   308.052 0   510.0 0   307.417 0   307.391 0     3.1 0    26.8 0    47.9 0  -133.3 0   -85.4 0    34.1 0     7.8 0     8.2 0   212.1 0   900.1 0
 2026 186  7  5  2 23  2.383  82.86    54.7 0    14.2 0     7.6 0    58.7 0   377.3 0   308.442 0   307.984 0   509.4 0   307.371 0   307.349 0     3.0 0    25.5 0    45.5 0  -132.1 0   -86.6 0    34.1 0     7.9 0     9.1 0   231.6 0   900.1 0
 2026 186  7  5  2 24  2.400  83.04    52.0 0    13.5 0     5.0 0    56.3 0   378.7 0   308.373 0   307.920 0   508.8 0   307.325 0   307.304 0     2.8 0    24.3 0    43.4 0  -130.2 0   -86.8 0    34.0 0     8.0 0     8.0 0   218.7 0   900.1 0
 2026 186  7  5  2 25  2.417  83.23    49.7 0    12.9 0     4.2 0    54.1 0   379.7 0   308.307 0   307.862 0   508.4 0   307.282 0   307.263 0     2.7 0    23.2 0    41.6 0  -128.6 0   -87.0 0    34.0 0     8.4 0     6.4 0   229.3 0   900.1 0
 2026 186  7  5  2 26  2.433  83.41    47.5 0    12.4 0     2.6 0    52.0 0   380.5 0   308.240 0   307.789 0   507.9 0   307.242 0   307.220 0     2.6 0    22.2 0    39.9 0  -127.4 0   -87.5 0    34.0 0     8.8 0     7.0 0   226.7 0   900.1 0
 2026 186  7  5  2 27  2.450  83.59    45.6 0    11.9 0     1.7 0    50.2 0   381.2 0   308.174 0   307.728 0   507.6 0   307.200 0   307.180 0     2.5 0    21.4 0    38.5 0  -126.4 0   -88.0 0    34.0 0     8.9 0     8.0 0   222.4 0   900.1 0
 2026 186  7  5  2 28  2.467  83.77    43.9 0    11.5 0     1.2 0    48.5 0   382.0 0   308.112 0   307.681 0   507.2 0   307.157 0   307.138 0     2.4 0    20.6 0    37.1 0  -125.3 0   -88.2 0    33.9 0     8.6 0     8.6 0   220.4 0   900.2 0
 2026 186  7  5  2 29  2.483  83.95    42.2 0    11.1 0     0.9 0    46.8 0   382.6 0   308.054 0   307.636 0   506.9 0   307.117 0   307.100 0     2.3 0    19.9 0    35.7 0  -124.2 0   -88.5 0    33.9 0     8.6 0     9.1 0   214.4 0   900.2 0
 2026 186  7  5  2 30  2.500  84.12    40.5 0    10.7 0     0.7 0    45.1 0   383.0 0   308.002 0   307.597 0   506.4 0   307.082 0   307.064 0     2.2 0    19.2 0    34.5 0  -123.5 0   -89.0 0    33.9 0     8.8 0     9.4 0   221.4 0   900.2 0
 2026 186  7  5  2 31  2.517  84.30    38.9 0    10.5 0     0.5 0    43.4 0   383.2 0   307.951 0   307.539 0   505.8 0   307.041 0   307.017 0     2.1 0    18.5 0    33.0 0  -122.6 0   -89.6 0    33.9 0     8.9 0     9.4 0   215.6 0   900.2 0
 2026 186  7  5  2 32  2.533  84.48    37.4 0    10.1 0     0.4 0    41.9 0   383.5 0   307.900 0   307.484 0   505.4 0   307.000 0   306.977 0     2.0 0    17.8 0    31.8 0  -121.9 0   -90.1 0    33.8 0     9.3 0     8.4 0   222.1 0   900.2 0
 2026 186  7  5  2 33  2.550  84.66    36.1 0     9.7 0     0.2 0    40.5 0   383.8 0   307.848 0   307.433 0   505.0 0   306.961 0   306.941 0     1.9 0    17.2 0    30.8 0  -121.2 0   -90.4 0    33.8 0     9.6 0     7.8 0   218.6 0   900.3 0
 2026 186  7  5  2 34  2.567  84.84    34.9 0     9.5 0     0.1 0    39.2 0   384.0 0   307.797 0   307.377 0   504.5 0   306.922 0   306.898 0     1.8 0    16.6 0    29.8 0  -120.5 0   -90.7 0    33.7 0    10.1 0     7.4 0   220.4 0   900.3 0
 2026 186  7  5  2 35  2.583  85.02    33.8 0     9.2 0     0.2 0    38.1 0   384.1 0   307.744 0   307.329 0   504.1 0   306.882 0   306.858 0     1.7 0    16.1 0    28.9 0  -120.0 0   -91.1 0    33.7 0    10.2 0     7.7 0   219.4 0   900.3 0
 2026 186  7  5  2 36  2.600  85.19    32.8 0     9.0 0     0.3 0    37.1 0   384.0 0   307.691 0   307.278 0   503.7 0   306.840 0   306.814 0     1.7 0    15.6 0    28.1 0  -119.7 0   -91.6 0    33.6 0    10.4 0     7.7 0   224.6 0   900.3 0
 2026 186  7  5  2 37  2.617  85.37    31.9 0     8.7 0     0.5 0    36.1 0   384.0 0   307.638 0   307.226 0   503.5 0   306.800 0   306.777 0     1.6 0    15.2 0    27.4 0  -119.5 0   -92.1 0    33.6 0    10.4 0     8.4 0   221.5 0   900.3 0
 2026 186  7  5  2 38  2.633  85.54    30.9 0     8.4 0     0.7 0    35.1 0   383.9 0   307.588 0   307.182 0   503.1 0   306.765 0   306.748 0     1.5 0    14.7 0    26.7 0  -119.2 0   -92.5 0    33.6 0    10.5 0     6.9 0   221.1 0   900.3 0
 2026 186  7  5  2 39  2.650  85.72    29.9 0     8.2 0     0.8 0    34.0 0   383.9 0   307.539 0   307.136 0   502.8 0   306.733 0   306.718 0     1.4 0    14.2 0    25.9 0  -118.9 0   -93.1 0    33.6 0    10.4 0     6.0 0   219.8 0   900.3 0
 2026 186  7  5  2 40  2.667  85.89    28.6 0     7.9 0     1.0 0    32.7 0   384.1 0   307.494 0   307.103 0   502.7 0   306.704 0   306.692 0     1.4 0    13.6 0    24.9 0  -118.6 0   -93.6 0    33.6 0     9.6 0     7.6 0   212.6 0   900.3 0
 2026 186  7  5  2 41  2.683  86.07    27.1 0     7.5 0     1.3 0    31.2 0   384.5 0   307.454 0   307.074 0   502.4 0   306.677 0   306.668 0     1.3 0    12.9 0    23.8 0  -117.9 0   -94.0 0    33.7 0     9.4 0     7.8 0   215.5 0   900.3 0
 2026 186  7  5  2 42  2.700  86.24    25.5 0     7.1 0     5.1 0    29.5 0   384.9 0   307.417 0   307.042 0   502.1 0   306.654 0   306.649 0     1.2 0    12.3 0    22.7 0  -117.2 0   -94.4 0    33.7 0     9.5 0     6.6 0   221.3 0   900.3 0
 2026 186  7  5  2 43  2.717  86.41    24.5 0     7.1 0    21.6 0    27.9 0   385.1 0   307.382 0   307.005 0   501.8 0   306.634 0   306.631 0     1.2 0    11.9 0    22.2 0  -116.8 0   -94.6 0    33.7 0     9.5 0     6.8 0   215.5 0   900.4 0
 2026 186  7  5  2 44  2.733  86.58    23.6 0     7.3 0    45.3 0    26.5 0   385.1 0   307.348 0   306.977 0   501.6 0   306.614 0   306.614 0     1.1 0    11.6 0    21.9 0  -116.5 0   -94.6 0    33.7 0     9.4 0     8.6 0   213.5 0   900.4 0
 2026 186  7  5  2 45  2.750  86.76    21.7 0     6.7 0    34.4 0    25.0 0   385.3 0   307.319 0   306.948 0   501.2 0   306.594 0   306.590 0     1.1 0    10.8 0    20.3 0  -115.9 0   -95.7 0    33.7 0     9.8 0     8.9 0   221.6 0   900.4 0
 2026 186  7  5  2 46  2.767  86.93    19.7 0     6.0 0    14.3 0    23.5 0   385.1 0   307.291 0   306.908 0   500.6 0   306.570 0   306.556 0     1.0 0     9.9 0    18.3 0  -115.5 0   -97.2 0    33.6 0    10.3 0     7.7 0   228.5 0   900.4 0
 2026 186  7  5  2 47  2.783  87.10    18.2 0     5.8 0    17.7 0    22.1 0   385.0 0   307.259 0   306.868 0   500.2 0   306.540 0   306.520 0     1.0 0     9.3 0    17.2 0  -115.1 0   -98.0 0    33.5 0    10.5 0     7.8 0   229.0 0   900.4 0
 2026 186  7  5  2 48  2.800  87.26    17.0 0     5.8 0    34.0 0    20.8 0   385.0 0   307.224 0   306.832 0   499.8 0   306.507 0   306.488 0     0.9 0     8.9 0    16.6 0  -114.8 0   -98.3 0    33.4 0    10.4 0     8.3 0   233.4 0   900.4 0
 2026 186  7  5  2 49  2.817  87.43    15.6 0     5.4 0    26.0 0    19.4 0   384.8 0   307.188 0   306.795 0   499.5 0   306.474 0   306.456 0     0.9 0     8.3 0    15.2 0  -114.7 0   -99.4 0    33.4 0    10.4 0     9.6 0   226.8 0   900.4 0
 2026 186  7  5  2 50  2.833  87.60    14.2 0     4.7 0    10.3 0    18.1 0   384.6 0   307.153 0   306.762 0   499.1 0   306.444 0   306.426 0     0.8 0     7.6 0    13.8 0  -114.5 0  -100.8 0    33.4 0    10.5 0     8.2 0   229.1 0   900.4 0
 2026 186  7  5  2 51  2.850  87.76    13.1 0     4.4 0     6.4 0    16.9 0   384.3 0   307.119 0   306.729 0   498.8 0   306.415 0   306.396 0     0.8 0     7.1 0    12.8 0  -114.5 0  -101.7 0    33.4 0    10.5 0     9.0 0   228.1 0   900.4 0
 2026 186  7  5  2 52  2.867  87.93    12.1 0     4.1 0     4.4 0    15.9 0   384.2 0   307.084 0   306.698 0   498.4 0   306.388 0   306.368 0     0.8 0     6.7 0    11.9 0  -114.2 0  -102.2 0    33.4 0    10.4 0     7.7 0   223.8 0   900.5 0
 2026 186  7  5  2 53  2.883  88.09    11.1 0     3.9 0     2.6 0    14.9 0   384.2 0   307.051 0   306.667 0   498.1 0   306.360 0   306.339 0     0.7 0     6.2 0    11.1 0  -113.9 0  -102.8 0    33.4 0    10.4 0     8.6 0   226.0 0   900.5 0
 2026 186  7  5  2 54  2.900  88.25    10.1 0     3.6 0     1.6 0    13.8 0   384.4 0   307.021 0   306.639 0   497.8 0   306.333 0   306.313 0     0.7 0     5.8 0    10.3 0  -113.4 0  -103.1 0    33.3 0    10.4 0     8.4 0   225.9 0   900.5 0
 2026 186  7  5  2 55  2.917  88.41     9.1 0     3.3 0     1.0 0    12.8 0   384.5 0   306.991 0   306.610 0   497.4 0   306.307 0   306.288 0     0.7 0     5.4 0     9.5 0  -112.8 0  -103.3 0    33.3 0    10.4 0     7.1 0   224.6 0   900.5 0
 2026 186  7  5  2 56  2.933  88.56     8.0 0     3.1 0     0.5 0    11.7 0   384.7 0   306.959 0   306.574 0   497.0 0   306.281 0   306.258 0     0.6 0     4.9 0     8.6 0  -112.3 0  -103.7 0    33.3 0    10.5 0     8.0 0   226.3 0   900.5 0
 2026 186  7  5  2 57  2.950  88.72     7.0 0     2.8 0     0.1 0    10.6 0   385.1 0   306.926 0   306.540 0   496.7 0   306.254 0   306.231 0     0.6 0     4.5 0     7.8 0  -111.7 0  -103.9 0    33.3 0    10.6 0     7.4 0   226.7 0   900.6 0
 2026 186  7  5  2 58  2.967  88.87     6.0 0     2.6 0    -0.1 0     9.6 0   385.2 0   306.892 0   306.505 0   496.4 0   306.227 0   306.203 0     0.6 0     4.1 0     7.0 0  -111.1 0  -104.2 0    33.3 0    10.6 0     7.1 0   227.4 0   900.6 0
 2026 186  7  5  2 59  2.983  89.02     5.0 0     2.4 0    -0.2 0     8.6 0   385.4 0   306.857 0   306.471 0   496.2 0   306.200 0   306.175 0     0.5 0     3.8 0     6.2 0  -110.8 0  -104.6 0    33.2 0    10.7 0     8.4 0   227.1 0   900.6 0
 2026 186  7  5  3  0  3.000  89.17     4.1 0     2.1 0    -0.3 0     7.7 0   385.4 0   306.823 0   306.440 0   495.9 0   306.173 0   306.150 0     0.5 0     3.4 0     5.5 0  -110.6 0  -105.0 0    33.2 0    10.7 0     9.1 0   226.9 0   900.6 0
 2026 186  7  5  3  1  3.017  89.31     3.2 0     1.9 0    -0.4 0     6.8 0   385.3 0   306.792 0   306.411 0   495.6 0   306.147 0   306.123 0     0.5 0     3.1 0     4.8 0  -110.3 0  -105.5 0    33.2 0    10.7 0     8.1 0   227.0 0   900.6 0
 2026 186  7  5  3  2  3.033  89.45     2.4 0     1.7 0    -0.4 0     5.9 0   385.2 0   306.762 0   306.382 0   495.3 0   306.121 0   306.099 0     0.5 0     2.8 0     4.2 0  -110.1 0  -106.0 0    33.2 0    10.7 0     8.6 0   229.1 0   900.6 0
 2026 186  7  5  3  3  3.050  89.59     1.8 0     1.5 0    -0.3 0     5.1 0   385.1 0   306.732 0   306.356 0   495.1 0   306.097 0   306.074 0     0.6 0     2.5 0     3.6 0  -110.0 0  -106.5 0    33.2 0    10.7 0     9.2 0   229.5 0   900.6 0
 2026 186  7  5  3  4  3.067  89.72     1.1 0     1.3 0    -0.3 0     4.4 0   384.8 0   306.705 0   306.331 0   494.7 0   306.074 0   306.053 0     0.6 0     2.2 0     3.1 0  -110.0 0  -106.9 0    33.2 0    10.7 0     7.4 0   228.8 0   900.6 0
 2026 186  7  5  3  5  3.083  89.84     0.4 0     1.2 0    -0.4 0     3.9 0   384.7 0   306.678 0   306.303 0   494.2 0   306.050 0   306.027 0     0.4 0     2.0 0     2.6 0  -109.5 0  -106.9 0    33.1 0    10.8 0     6.9 0   226.6 0   900.6 0
 2026 186  7  5  3  6  3.100  89.96    -0.1 0     1.1 0    -0.5 0     3.4 0   384.5 0   306.650 0   306.272 0   493.8 0   306.026 0   306.000 0     0.4 0     1.8 0     2.2 0  -109.4 0  -107.1 0    33.1 0    10.8 0     6.0 0   226.5 0   900.6 0
 2026 186  7  5  3  7  3.117  90.89    -0.5 0     1.0 0    -0.5 0     2.9 0   384.3 0   306.621 0   306.241 0   493.6 0   306.000 0   305.973 0     0.0 0     1.6 0     1.9 0  -109.4 0  -107.5 0    33.1 0    10.8 0     7.4 0   233.7 0   900.6 0
 2026 186  7  5  3  8  3.133  91.06    -1.0 0     0.9 0    -0.5 0     2.4 0   384.2 0   306.592 0   306.225 0   493.4 0   305.976 0   305.951 0     0.0 0     1.5 0     1.5 0  -109.2 0  -107.7 0    33.1 0    10.8 0     7.1 0   233.9 0   900.6 0
 2026 186  7  5  3  9  3.150  91.24    -1.5 0     0.8 0    -0.6 0     2.0 0   384.0 0   306.568 0   306.197 0   492.9 0   305.951 0   305.925 0     0.0 0     1.3 0     1.3 0  -109.0 0  -107.7 0    33.0 0    10.8 0     6.4 0   232.3 0   900.6 0
 2026 186  7  5  3 10  3.167  91.41    -1.7 0     0.7 0    -0.6 0     1.8 0   383.7 0   306.541 0   306.159 0   492.8 0   305.925 0   305.897 0     0.0 0     1.2 0     1.0 0  -109.1 0  -108.0 0    33.0 0    10.8 0     7.7 0   234.2 0   900.6 0
 2026 186  7  5  3 11  3.183  91.58    -1.9 0     0.7 0    -0.6 0     1.6 0   383.3 0   306.514 0   306.144 0   492.7 0   305.901 0   305.879 0     0.0 0     1.1 0     0.9 0  -109.4 0  -108.4 0    33.0 0    10.8 0     7.9 0   232.3 0   900.6 0
 2026 186  7  5  3 12  3.200  91.76    -1.9 0     0.7 0    -0.7 0     1.6 0   382.7 0   306.490 0   306.116 0   492.5 0   305.880 0   305.858 0     0.0 0     1.0 0     0.9 0  -109.8 0  -108.9 0    33.0 0    10.9 0     8.9 0   228.7 0   900.7 0
 2026 186  7  5  3 13  3.217  91.93    -1.9 0     0.6 0    -0.7 0     1.6 0   382.1 0   306.463 0   306.086 0   492.3 0   305.861 0   305.844 0     0.0 0     0.9 0     0.9 0  -110.2 0  -109.3 0    33.0 0    10.9 0     9.2 0   231.5 0   900.7 0
 2026 186  7  5  3 14  3.233  92.10    -1.9 0     0.6 0    -0.7 0     1.6 0   381.7 0   306.437 0   306.066 0   492.3 0   305.845 0   305.833 0     0.0 0     0.8 0     1.0 0  -110.7 0  -109.7 0    33.0 0    10.9 0     9.7 0   230.9 0   900.7 0
 2026 186  7  5  3 15  3.250  92.28    -1.9 0     0.6 0    -0.7 0     1.7 0   381.0 0   306.415 0   306.056 0   491.9 0   305.833 0   305.820 0     0.0 0     0.7 0     1.1 0  -111.0 0  -109.9 0    33.1 0    10.9 0     7.5 0   232.8 0   900.7 0
 2026 186  7  5  3 16  3.267  92.45    -1.8 0     0.7 0    -0.7 0     1.7 0   380.5 0   306.393 0   306.016 0   491.5 0   305.817 0   305.796 0     0.0 0     0.7 0     1.0 0  -111.0 0  -110.0 0    33.0 0    10.8 0     8.0 0   235.0 0   900.8 0
 2026 186  7  5  3 17  3.283  92.62    -2.1 0     0.6 0    -0.7 0     1.4 0   380.3 0   306.369 0   306.013 0   491.3 0   305.799 0   305.781 0     0.0 0     0.6 0     0.8 0  -110.9 0  -110.2 0    33.0 0    10.8 0     6.8 0   231.0 0   900.8 0
 2026 186  7  5  3 18  3.300  92.79    -2.6 0     0.5 0    -0.7 0     1.0 0   379.8 0   306.350 0   305.994 0   490.9 0   305.782 0   305.763 0     0.0 0     0.5 0     0.5 0  -111.1 0  -110.6 0    33.0 0    10.8 0     6.6 0   230.6 0   900.8 0
 2026 186  7  5  3 19  3.317  92.96    -3.0 0     0.4 0    -0.8 0     0.6 0   379.3 0   306.330 0   305.966 0   490.7 0   305.764 0   305.745 0     0.0 0     0.4 0     0.2 0  -111.3 0  -111.1 0    33.0 0    10.8 0     7.1 0   229.2 0   900.8 0
 2026 186  7  5  3 20  3.333  93.13    -3.2 0     0.4 0    -0.8 0     0.3 0   378.9 0   306.308 0   305.940 0   490.3 0   305.745 0   305.725 0     0.0 0     0.3 0     0.0 0  -111.4 0  -111.4 0    32.9 0    10.8 0     6.7 0   226.9 0   900.9 0
 2026 186  7  5  3 21  3.350  93.30    -3.4 0     0.3 0    -0.8 0     0.1 0   378.5 0   306.286 0   305.919 0   490.3 0   305.727 0   305.711 0     0.0 0     0.3 0     0.0 0  -111.8 0  -111.8 0    32.9 0    10.7 0     8.0 0   228.7 0   900.9 0
 2026 186  7  5  3 22  3.367  93.47    -3.5 0     0.2 0    -0.8 0     0.0 0   378.0 0   306.264 0   305.895 0   490.2 0   305.714 0   305.702 0     0.0 0     0.2 0     0.0 0  -112.2 0  -112.2 0    33.0 0    10.6 0     7.6 0   228.8 0   900.9 0
 2026 186  7  5  3 23  3.383  93.64    -3.5 0     0.2 0    -0.8 0    -0.1 0   377.9 0   306.240 0   305.867 0   489.7 0   305.700 0   305.683 0     0.0 0     0.2 0     0.0 0  -111.8 0  -111.8 0    33.0 0    10.7 0     6.4 0   230.6 0   900.9 0
 2026 186  7  5  3 24  3.400  93.81    -3.6 0     0.3 0    -0.8 0    -0.2 0   378.0 0   306.216 0   305.846 0   489.0 0   305.682 0   305.657 0     0.0 0     0.2 0     0.0 0  -111.0 0  -111.0 0    32.9 0    10.7 0     5.2 0   233.5 0   900.9 0
 2026 186  7  5  3 25  3.417  93.98    -3.7 0     0.3 0    -0.8 0    -0.2 0   378.6 0   306.195 0   305.843 0   489.1 0   305.659 0   305.634 0     0.0 0     0.2 0     0.0 0  -110.5 0  -110.5 0    32.8 0    10.6 0     7.4 0   229.7 0   900.9 0
 2026 186  7  5  3 26  3.433  94.15    -3.8 0     0.2 0    -0.8 0    -0.3 0   379.3 0   306.179 0   305.831 0   489.2 0   305.640 0   305.625 0     0.0 0     0.1 0     0.0 0  -109.9 0  -109.9 0    32.9 0    10.6 0     7.3 0   229.3 0   900.9 0
 2026 186  7  5  3 27  3.450  94.32    -3.9 0     0.1 0    -0.8 0    -0.3 0   380.1 0   306.164 0   305.825 0   489.0 0   305.625 0   305.609 0     0.0 0     0.1 0     0.0 0  -108.9 0  -108.9 0    32.9 0    10.6 0     7.5 0   225.6 0   900.9 0
 2026 186  7  5  3 28  3.467  94.49    -3.9 0     0.1 0    -0.8 0    -0.3 0   381.2 0   306.151 0   305.805 0   489.1 0   305.611 0   305.599 0     0.0 0     0.1 0     0.0 0  -107.9 0  -107.9 0    32.9 0    10.6 0     8.2 0   225.2 0   901.0 0
 2026 186  7  5  3 29  3.483  94.66    -3.9 0     0.0 0    -0.8 0    -0.4 0   382.1 0   306.136 0   305.792 0   489.4 0   305.602 0   305.600 0     0.0 0     0.1 0     0.0 0  -107.2 0  -107.2 0    32.9 0    10.5 0     8.6 0   224.8 0   901.0 0
 2026 186  7  5  3 30  3.500  94.83    -4.0 0     0.0 0    -0.7 0    -0.4 0   383.1 0   306.121 0   305.781 0   489.1 0   305.596 0   305.585 0     0.0 0     0.1 0     0.0 0  -106.0 0  -106.0 0    32.9 0    10.5 0     7.8 0   225.2 0   901.0 0
 2026 186  7  5  3 31  3.517  95.00    -4.0 0     0.1 0    -0.7 0    -0.4 0   383.8 0   306.108 0   305.772 0   488.9 0   305.585 0   305.571 0     0.0 0     0.1 0     0.0 0  -105.1 0  -105.1 0    32.9 0    10.5 0     6.8 0   224.8 0   901.0 0
 2026 186  7  5  3 32  3.533  95.16    -4.0 0     0.1 0    -0.8 0    -0.4 0   384.3 0   306.095 0   305.758 0   488.7 0   305.573 0   305.559 0     0.0 0     0.1 0     0.0 0  -104.4 0  -104.4 0    32.8 0    10.5 0     6.4 0   228.8 0   901.0 0
 2026 186  7  5  3 33  3.550  95.33    -4.0 0     0.2 0    -0.7 0    -0.4 0   384.9 0   306.082 0   305.754 0   488.5 0   305.558 0   305.540 0     0.0 0     0.1 0     0.0 0  -103.6 0  -103.6 0    32.8 0    10.5 0     6.6 0   228.4 0   901.0 0
 2026 186  7  5  3 34  3.567  95.50    -4.0 0     0.1 0    -0.7 0    -0.4 0   385.2 0   306.072 0   305.743 0   488.3 0   305.544 0   305.529 0     0.0 0     0.1 0     0.0 0  -103.2 0  -103.2 0    32.8 0    10.5 0     6.1 0   225.0 0   901.0 0
 2026 186  7  5  3 35  3.583  95.66    -4.0 0     0.1 0    -0.7 0    -0.4 0   385.5 0   306.060 0   305.731 0   488.0 0   305.529 0   305.511 0     0.0 0     0.1 0     0.0 0  -102.6 0  -102.6 0    32.8 0    10.5 0     5.8 0   228.1 0   901.0 0
 2026 186  7  5  3 36  3.600  95.83    -3.9 0     0.1 0    -0.7 0    -0.4 0   385.6 0   306.048 0   305.710 0   487.9 0   305.513 0   305.495 0     0.0 0     0.1 0     0.0 0  -102.3 0  -102.3 0    32.8 0    10.5 0     6.0 0   228.8 0   901.1 0
 2026 186  7  5  3 37  3.617  96.00    -3.9 0     0.1 0    -0.7 0    -0.4 0   385.7 0   306.032 0   305.689 0   487.9 0   305.497 0   305.480 0     0.0 0     0.0 0     0.0 0  -102.2 0  -102.2 0    32.7 0    10.5 0     6.3 0   230.4 0   901.0 0
 2026 186  7  5  3 38  3.633  96.16    -3.9 0     0.1 0    -0.7 0    -0.4 0   385.7 0   306.015 0   305.678 0   487.7 0   305.482 0   305.467 0     0.0 0     0.0 0     0.0 0  -102.1 0  -102.1 0    32.7 0    10.5 0     5.9 0   225.5 0   901.1 0
 2026 186  7  5  3 39  3.650  96.33    -3.9 0     0.1 0    -0.7 0    -0.4 0   385.9 0   305.999 0   305.666 0   487.5 0   305.466 0   305.448 0     0.0 0     0.0 0     0.0 0  -101.6 0  -101.6 0    32.7 0    10.5 0     5.8 0   228.8 0   901.1 0
 2026 186  7  5  3 40  3.667  96.49    -4.0 0     0.1 0    -0.7 0    -0.4 0   385.8 0   305.988 0   305.680 0   487.6 0   305.452 0   305.440 0     0.0 0     0.0 0     0.0 0  -101.8 0  -101.8 0    32.7 0    10.5 0     6.8 0   218.6 0   901.0 0
 2026 186  7  5  3 41  3.683  96.66    -4.0 0     0.0 0    -0.8 0    -0.4 0   385.8 0   305.980 0   305.655 0   487.5 0   305.440 0   305.430 0     0.0 0     0.0 0     0.0 0  -101.7 0  -101.7 0    32.7 0    10.5 0     6.0 0   223.1 0   901.1 0
 2026 186  7  5  3 42  3.700  96.82    -4.0 0     0.0 0    -0.7 0    -0.4 0   386.0 0   305.971 0   305.655 0   487.5 0   305.430 0   305.421 0     0.0 0     0.0 0     0.0 0  -101.5 0  -101.5 0    32.7 0    10.5 0     6.5 0   220.9 0   901.1 0
 2026 186  7  5  3 43  3.717  96.99    -3.9 0     0.1 0    -0.8 0    -0.4 0   386.2 0   305.961 0   305.627 0   487.2 0   305.420 0   305.409 0     0.0 0     0.0 0     0.0 0  -101.1 0  -101.1 0    32.7 0    10.5 0     6.6 0   225.3 0   901.1 0
 2026 186  7  5  3 44  3.733  97.15    -3.8 0     0.1 0    -0.7 0    -0.5 0   386.8 0   305.945 0   305.602 0   487.2 0   305.409 0   305.398 0     0.0 0     0.0 0     0.0 0  -100.5 0  -100.5 0    32.7 0    10.5 0     6.8 0   226.0 0   901.1 0
 2026 186  7  5  3 45  3.750  97.31    -3.9 0     0.0 0    -0.7 0    -0.5 0   387.4 0   305.930 0   305.614 0   487.3 0   305.400 0   305.392 0     0.0 0     0.0 0     0.0 0   -99.9 0   -99.9 0    32.7 0    10.5 0     6.7 0   225.8 0   901.1 0
 2026 186  7  5  3 46  3.767  97.48    -3.9 0     0.0 0    -0.7 0    -0.4 0   387.8 0   305.920 0   305.600 0   487.0 0   305.391 0   305.377 0     0.0 0     0.0 0     0.0 0   -99.3 0   -99.3 0    32.7 0    10.5 0     6.3 0   227.2 0   901.1 0
 2026 186  7  5  3 47  3.783  97.64    -3.9 0     0.0 0    -0.7 0    -0.4 0   388.3 0   305.910 0   305.596 0   487.3 0   305.381 0   305.374 0     0.0 0     0.0 0     0.0 0   -99.0 0   -99.0 0    32.7 0    10.6 0     7.2 0   224.9 0   901.1 0
 2026 186  7  5  3 48  3.800  97.80    -3.9 0     0.0 0    -0.7 0    -0.4 0   388.8 0   305.901 0   305.592 0   487.3 0   305.375 0   305.369 0     0.0 0     0.0 0     0.0 0   -98.5 0   -98.5 0    32.7 0    10.6 0     6.8 0   230.9 0   901.1 0
 2026 186  7  5  3 49  3.817  97.96    -3.9 0     0.0 0    -0.7 0    -0.4 0   389.2 0   305.894 0   305.580 0   487.1 0   305.368 0   305.360 0     0.0 0     0.0 0     0.0 0   -98.0 0   -98.0 0    32.7 0    10.6 0     7.2 0   227.7 0   901.2 0
 2026 186  7  5  3 50  3.833  98.12    -3.9 0     0.0 0    -0.7 0    -0.4 0   389.5 0   305.886 0   305.574 0   486.9 0   305.361 0   305.352 0     0.0 0     0.0 0     0.0 0   -97.5 0   -97.5 0    32.7 0    10.6 0     6.4 0   225.7 0   901.2 0
 2026 186  7  5  3 51  3.850  98.29    -3.9 0     0.0 0    -0.7 0    -0.4 0   389.6 0   305.878 0   305.562 0   486.6 0   305.351 0   305.338 0     0.0 0     0.0 0     0.0 0   -97.0 0   -97.0 0    32.7 0    10.6 0     6.1 0   229.6 0   901.2 0
 2026 186  7  5  3 52  3.867  98.45    -3.9 0     0.0 0    -0.7 0    -0.4 0   390.0 0   305.869 0   305.569 0   486.5 0   305.339 0   305.323 0     0.0 0     0.0 0     0.0 0   -96.4 0   -96.4 0    32.6 0    10.6 0     5.6 0   226.4 0   901.2 0
 2026 186  7  5  3 53  3.883  98.61    -4.0 0     0.0 0    -0.7 0    -0.4 0   389.9 0   305.866 0   305.568 0   486.8 0   305.328 0   305.321 0     0.0 0     0.0 0     0.0 0   -96.9 0   -96.9 0    32.7 0    10.6 0     6.7 0   225.3 0   901.2 0
 2026 186  7  5  3 54  3.900  98.77    -3.9 0     0.0 0    -0.7 0    -0.4 0   389.8 0   305.861 0   305.541 0   486.3 0   305.319 0   305.303 0     0.0 0     0.0 0     0.0 0   -96.5 0   -96.5 0    32.6 0    10.7 0     5.5 0   229.1 0   901.2 0
 2026 186  7  5  3 55  3.917  98.93    -3.9 0     0.0 0    -0.7 0    -0.4 0   389.7 0   305.849 0   305.527 0   486.2 0   305.306 0   305.291 0     0.0 0     0.0 0     0.0 0   -96.5 0   -96.5 0    32.6 0    10.7 0     6.1 0   226.3 0   901.2 0
 2026 186  7  5  3 56  3.933  99.09    -3.8 0     0.1 0    -0.7 0    -0.4 0   389.5 0   305.837 0   305.509 0   486.0 0   305.293 0   305.277 0     0.0 0     0.0 0     0.0 0   -96.4 0   -96.4 0    32.6 0    10.7 0     5.4 0   220.1 0   901.3 0
 2026 186  7  5  3 57  3.950  99.25    -3.8 0     0.1 0    -0.7 0    -0.4 0   389.5 0   305.822 0   305.494 0   485.6 0   305.278 0   305.258 0     0.0 0     0.0 0     0.0 0   -96.1 0   -96.1 0    32.5 0    10.7 0     5.1 0   225.0 0   901.3 0
 2026 186  7  5  3 58  3.967  99.40    -3.8 0     0.1 0    -0.8 0    -0.4 0   389.2 0   305.806 0   305.471 0   485.5 0   305.261 0   305.243 0     0.0 0     0.0 0     0.0 0   -96.2 0   -96.2 0    32.5 0    10.6 0     5.2 0   221.0 0   901.3 0
 2026 186  7  5  3 59  3.983  99.56    -3.7 0     0.1 0    -0.8 0    -0.4 0   388.9 0   305.786 0   305.442 0   485.0 0   305.244 0   305.223 0     0.0 0     0.0 0     0.0 0   -96.1 0   -96.1 0    32.5 0    10.6 0     4.9 0   219.3 0   901.3 0
 2026 186  7  5  4  0  4.000  99.72    -3.7 0     0.1 0    -0.8 0    -0.4 0   388.8 0   305.762 0   305.414 0   485.3 0   305.228 0   305.216 0     0.0 0     0.0 0     0.0 0   -96.5 0   -96.5 0    32.5 0    10.6 0     5.7 0   220.6 0   901.3 0
 2026 186  7  5  4  1  4.017  99.88    -3.7 0     0.0 0    -0.8 0    -0.4 0   388.7 0   305.737 0   305.394 0   485.2 0   305.216 0   305.206 0     0.0 0     0.0 0     0.0 0   -96.5 0   -96.5 0    32.5 0    10.6 0     5.5 0   225.2 0   901.3 0
 2026 186  7  5  4  2  4.033 100.04    -3.6 0     0.0 0    -0.8 0    -0.4 0   388.8 0   305.715 0   305.385 0   485.0 0   305.206 0   305.196 0     0.0 0     0.0 0     0.0 0   -96.2 0   -96.2 0    32.5 0    10.5 0     5.2 0   226.0 0   901.3 0
 2026 186  7  5  4  3  4.050 100.19    -3.5 0     0.0 0    -0.8 0    -0.4 0   389.0 0   305.696 0   305.374 0   484.7 0   305.194 0   305.179 0     0.0 0     0.0 0     0.0 0   -95.7 0   -95.7 0    32.5 0    10.5 0     4.6 0   223.3 0   901.3 0
 2026 186  7  5  4  4  4.067 100.35    -3.6 0    -0.1 0    -0.8 0    -0.4 0   389.0 0   305.680 0   305.362 0   484.9 0   305.183 0   305.176 0     0.0 0     0.0 0     0.0 0   -95.8 0   -95.8 0    32.5 0    10.4 0     5.0 0   221.0 0   901.3 0
 2026 186  7  5  4  5  4.083 100.51    -3.7 0    -0.1 0    -0.8 0    -0.4 0   389.3 0   305.665 0   305.363 0   485.0 0   305.177 0   305.177 0     0.0 0     0.0 0     0.0 0   -95.7 0   -95.7 0    32.6 0    10.4 0     5.7 0   218.3 0   901.3 0
 2026 186  7  5  4  6  4.100 100.66    -3.8 0    -0.1 0    -0.8 0    -0.4 0   389.1 0   305.658 0   305.365 0   485.0 0   305.175 0   305.174 0     0.0 0     0.0 0     0.0 0   -95.9 0   -95.9 0    32.6 0    10.4 0     5.5 0   219.7 0   901.3 0
 2026 186  7  5  4  7  4.117 100.82    -3.8 0    -0.1 0    -0.8 0    -0.4 0   389.0 0   305.649 0   305.329 0   484.7 0   305.171 0   305.164 0     0.0 0     0.0 0     0.0 0   -95.7 0   -95.7 0    32.6 0    10.4 0     4.8 0   218.9 0   901.3 0
 2026 186  7  5  4  8  4.133 100.97    -3.7 0     0.0 0    -0.8 0    -0.4 0   389.1 0   305.634 0   305.310 0   484.3 0   305.163 0   305.151 0     0.0 0     0.0 0     0.0 0   -95.2 0   -95.2 0    32.6 0    10.4 0     4.8 0   218.8 0   901.4 0
 2026 186  7  5  4  9  4.150 101.13    -3.6 0     0.0 0    -0.8 0    -0.4 0   389.5 0   305.617 0   305.298 0   484.9 0   305.156 0   305.158 0     0.0 0     0.0 0     0.0 0   -95.4 0   -95.4 0    32.6 0    10.5 0     6.4 0   217.3 0   901.4 0
 2026 186  7  5  4 10  4.167 101.28    -3.8 0    -0.3 0    -0.7 0    -0.4 0   389.9 0   305.606 0   305.330 0   485.4 0   305.159 0   305.175 0     0.0 0     0.0 0     0.0 0   -95.6 0   -95.6 0    32.7 0    10.5 0     7.1 0   212.4 0   901.4 0
 2026 186  7  5  4 11  4.183 101.44    -3.9 0    -0.3 0    -0.7 0    -0.4 0   389.7 0   305.606 0   305.333 0   485.6 0   305.171 0   305.186 0     0.0 0     0.0 0     0.0 0   -95.9 0   -95.9 0    32.7 0    10.5 0     6.9 0   218.0 0   901.4 0
 2026 186  7  5  4 12  4.200 101.59    -3.9 0    -0.3 0    -0.7 0    -0.4 0   389.9 0   305.611 0   305.362 0   485.4 0   305.181 0   305.192 0     0.0 0     0.0 0     0.0 0   -95.5 0   -95.5 0    32.7 0    10.5 0     5.8 0   217.1 0   901.4 0
 2026 186  7  5  4 13  4.217 101.74    -4.0 0    -0.3 0    -0.7 0    -0.4 0   389.7 0   305.623 0   305.382 0   485.6 0   305.190 0   305.205 0     0.0 0     0.0 0     0.0 0   -95.9 0   -95.9 0    32.8 0    10.5 0     7.4 0   223.5 0   901.4 0
 2026 186  7  5  4 14  4.233 101.90    -4.0 0    -0.2 0    -0.7 0    -0.4 0   389.7 0   305.637 0   305.374 0   485.3 0   305.201 0   305.206 0     0.0 0     0.0 0     0.0 0   -95.6 0   -95.6 0    32.8 0    10.5 0     5.6 0   220.4 0   901.4 0
 2026 186  7  5  4 15  4.250 102.05    -3.9 0    -0.1 0    -0.7 0    -0.4 0   389.8 0   305.643 0   305.349 0   484.8 0   305.203 0   305.199 0     0.0 0     0.0 0     0.0 0   -94.9 0   -94.9 0    32.7 0    10.5 0     5.0 0   216.0 0   901.4 0
 2026 186  7  5  4 16  4.267 102.20    -3.8 0     0.0 0    -0.7 0    -0.4 0   390.3 0   305.641 0   305.352 0   484.4 0   305.199 0   305.192 0     0.0 0     0.0 0     0.0 0   -94.1 0   -94.1 0    32.7 0    10.6 0     4.5 0   216.7 0   901.4 0
 2026 186  7  5  4 17  4.283 102.35    -3.9 0     0.0 0    -0.6 0    -0.4 0   390.8 0   305.642 0   305.369 0   484.7 0   305.193 0   305.189 0     0.0 0     0.0 0     0.0 0   -93.9 0   -93.9 0    32.6 0    10.6 0     6.3 0   220.4 0   901.4 0
 2026 186  7  5  4 18  4.300 102.50    -4.0 0    -0.3 0    -0.6 0    -0.4 0   391.2 0   305.647 0   305.379 0   485.4 0   305.199 0   305.215 0     0.0 0     0.0 0     0.0 0   -94.2 0   -94.2 0    32.7 0    10.6 0     7.0 0   221.8 0   901.4 0
 2026 186  7  5  4 19  4.317 102.65    -4.0 0    -0.2 0    -0.6 0    -0.4 0   391.5 0   305.653 0   305.384 0   484.8 0   305.207 0   305.206 0     0.0 0     0.0 0     0.0 0   -93.3 0   -93.3 0    32.7 0    10.5 0     5.4 0   222.8 0   901.4 0
 2026 186  7  5  4 20  4.333 102.80    -4.0 0    -0.1 0    -0.7 0    -0.4 0   391.6 0   305.660 0   305.392 0   484.6 0   305.205 0   305.200 0     0.0 0     0.0 0     0.0 0   -93.0 0   -93.0 0    32.7 0    10.6 0     5.3 0   217.9 0   901.5 0
 2026 186  7  5  4 21  4.350 102.95    -4.0 0     0.0 0    -0.7 0    -0.4 0   391.8 0   305.664 0   305.380 0   484.1 0   305.199 0   305.187 0     0.0 0     0.0 0     0.0 0   -92.3 0   -92.3 0    32.6 0    10.6 0     4.9 0   216.8 0   901.5 0
 2026 186  7  5  4 22  4.367 103.10    -3.9 0     0.0 0    -0.7 0    -0.4 0   391.5 0   305.662 0   305.351 0   483.9 0   305.190 0   305.176 0     0.0 0     0.0 0     0.0 0   -92.4 0   -92.4 0    32.6 0    10.6 0     4.3 0   228.9 0   901.5 0
 2026 186  7  5  4 23  4.383 103.25    -3.8 0     0.1 0    -0.7 0    -0.4 0   391.8 0   305.650 0   305.331 0   483.4 0   305.177 0   305.157 0     0.0 0     0.0 0     0.0 0   -91.6 0   -91.6 0    32.5 0    10.6 0     4.0 0   230.2 0   901.5 0
 2026 186  7  5  4 24  4.400 103.40    -3.8 0     0.1 0    -0.7 0    -0.4 0   391.9 0   305.637 0   305.321 0   483.7 0   305.162 0   305.149 0     0.0 0     0.0 0     0.0 0   -91.9 0   -91.9 0    32.5 0    10.7 0     6.0 0   221.8 0   901.5 0
 2026 186  7  5  4 25  4.417 103.55    -3.7 0     0.0 0    -0.7 0    -0.4 0   392.0 0   305.623 0   305.298 0   483.6 0   305.152 0   305.138 0     0.0 0     0.0 0     0.0 0   -91.6 0   -91.6 0    32.5 0    10.7 0     4.9 0   226.0 0   901.6 0
 2026 186  7  5  4 26  4.433 103.70    -3.7 0     0.0 0    -0.7 0    -0.4 0   392.2 0   305.606 0   305.291 0   483.5 0   305.140 0   305.128 0     0.0 0     0.0 0     0.0 0   -91.3 0   -91.3 0    32.5 0    10.7 0     5.3 0   223.8 0   901.6 0
 2026 186  7  5  4 27  4.450 103.84    -3.8 0    -0.1 0    -0.8 0    -0.4 0   392.3 0   305.593 0   305.284 0   483.4 0   305.131 0   305.121 0     0.0 0     0.0 0     0.0 0   -91.1 0   -91.1 0    32.5 0    10.7 0     4.5 0   223.9 0   901.6 0
 2026 186  7  5  4 28  4.467 103.99    -3.7 0     0.0 0    -0.8 0    -0.4 0   391.9 0   305.579 0   305.256 0   482.9 0   305.120 0   305.101 0     0.0 0     0.0 0     0.0 0   -91.0 0   -91.0 0    32.5 0    10.7 0     4.0 0   218.2 0   901.6 0
 2026 186  7  5  4 29  4.483 104.14    -3.5 0     0.0 0    -0.8 0    -0.4 0   391.9 0   305.559 0   305.223 0   482.9 0   305.103 0   305.087 0     0.0 0     0.0 0     0.0 0   -91.0 0   -91.0 0    32.4 0    10.8 0     4.4 0   212.9 0   901.6 0
 2026 186  7  5  4 30  4.500 104.28    -3.5 0     0.0 0    -0.8 0    -0.4 0   391.9 0   305.535 0   305.201 0   482.6 0   305.090 0   305.077 0     0.0 0     0.0 0     0.0 0   -90.8 0   -90.8 0    32.4 0    10.8 0     4.1 0   222.5 0   901.6 0
 2026 186  7  5  4 31  4.517 104.43    -3.5 0     0.0 0    -0.8 0    -0.4 0   391.7 0   305.511 0   305.191 0   482.3 0   305.076 0   305.057 0     0.0 0     0.0 0     0.0 0   -90.6 0   -90.6 0    32.4 0    10.8 0     3.6 0   226.4 0   901.6 0
 2026 186  7  5  4 32  4.533 104.57    -3.5 0     0.1 0    -0.8 0    -0.4 0   391.7 0   305.491 0   305.172 0   482.2 0   305.056 0   305.031 0     0.0 0     0.0 0     0.0 0   -90.4 0   -90.4 0    32.3 0    10.8 0     4.1 0   223.0 0   901.6 0
 2026 186  7  5  4 33  4.550 104.72    -3.5 0     0.1 0    -0.8 0    -0.4 0   391.9 0   305.473 0   305.160 0   482.5 0   305.037 0   305.025 0     0.0 0     0.0 0     0.0 0   -90.6 0   -90.6 0    32.3 0    10.8 0     5.0 0   221.4 0   901.6 0
 2026 186  7  5  4 34  4.567 104.86    -3.5 0    -0.1 0    -0.8 0    -0.4 0   391.9 0   305.458 0   305.154 0   482.3 0   305.027 0   305.016 0     0.0 0     0.0 0     0.0 0   -90.5 0   -90.5 0    32.4 0    10.7 0     4.1 0   220.9 0   901.6 0
 2026 186  7  5  4 35  4.583 105.01    -3.5 0     0.0 0    -0.8 0    -0.4 0   392.1 0   305.446 0   305.151 0   482.6 0   305.015 0   305.006 0     0.0 0     0.0 0     0.0 0   -90.4 0   -90.4 0    32.4 0    10.6 0     5.0 0   216.5 0   901.6 0
 2026 186  7  5  4 36  4.600 105.15    -3.7 0    -0.3 0    -0.8 0    -0.4 0   392.1 0   305.439 0   305.165 0   483.0 0   305.013 0   305.021 0     0.0 0     0.0 0     0.0 0   -90.9 0   -90.9 0    32.5 0    10.5 0     5.5 0   218.1 0   901.7 0
 2026 186  7  5  4 37  4.617 105.29    -3.6 0    -0.1 0    -0.8 0    -0.4 0   392.3 0   305.435 0   305.133 0   482.4 0   305.011 0   305.005 0     0.0 0     0.0 0     0.0 0   -90.1 0   -90.1 0    32.5 0    10.6 0     4.2 0   223.0 0   901.7 0
 2026 186  7  5  4 38  4.633 105.44    -3.6 0     0.0 0    -0.8 0    -0.4 0   393.1 0   305.424 0   305.129 0   482.2 0   305.002 0   304.991 0     0.0 0     0.0 0     0.0 0   -89.1 0   -89.1 0    32.4 0    10.6 0     4.2 0   220.6 0   901.7 0
 2026 186  7  5  4 39  4.650 105.58    -3.7 0     0.0 0    -0.7 0    -0.4 0   393.2 0   305.416 0   305.143 0   482.0 0   304.993 0   304.981 0     0.0 0     0.0 0     0.0 0   -88.8 0   -88.8 0    32.4 0    10.6 0     3.8 0   225.5 0   901.7 0
 2026 186  7  5  4 40  4.667 105.72    -3.6 0     0.0 0    -0.7 0    -0.4 0   393.0 0   305.413 0   305.127 0   481.5 0   304.982 0   304.966 0     0.0 0     0.0 0     0.0 0   -88.6 0   -88.6 0    32.4 0    10.6 0     3.4 0   224.8 0   901.7 0
 2026 186  7  5  4 41  4.683 105.86    -3.5 0     0.0 0    -0.8 0    -0.4 0   392.8 0   305.406 0   305.098 0   481.3 0   304.968 0   304.949 0     0.0 0     0.0 0     0.0 0   -88.6 0   -88.6 0    32.4 0    10.6 0     3.6 0   225.3 0   901.7 0
 2026 186  7  5  4 42  4.700 106.00    -3.4 0     0.0 0    -0.8 0    -0.4 0   392.7 0   305.391 0   305.076 0   481.2 0   304.951 0   304.931 0     0.0 0     0.0 0     0.0 0   -88.5 0   -88.5 0    32.3 0    10.7 0     3.3 0   230.9 0   901.7 0
 2026 186  7  5  4 43  4.717 106.14    -3.4 0     0.0 0    -0.8 0    -0.4 0   392.5 0   305.373 0   305.048 0   481.0 0   304.933 0   304.911 0     0.0 0     0.0 0     0.0 0   -88.5 0   -88.5 0    32.3 0    10.7 0     3.6 0   225.3 0   901.7 0
 2026 186  7  5  4 44  4.733 106.28    -3.3 0     0.0 0    -0.8 0    -0.4 0   392.8 0   305.350 0   305.026 0   480.7 0   304.915 0   304.894 0     0.0 0     0.0 0     0.0 0   -87.9 0   -87.9 0    32.3 0    10.7 0     3.2 0   230.0 0   901.7 0
 2026 186  7  5  4 45  4.750 106.42    -3.5 0    -0.1 0    -0.8 0    -0.4 0   392.9 0   305.332 0   305.055 0   481.0 0   304.897 0   304.880 0     0.0 0     0.0 0     0.0 0   -88.0 0   -88.0 0    32.2 0    10.8 0     4.4 0   222.8 0   901.7 0
 2026 186  7  5  4 46  4.767 106.56    -3.6 0    -0.3 0    -0.8 0    -0.4 0   393.1 0   305.325 0   305.044 0   481.8 0   304.889 0   304.894 0     0.0 0     0.0 0     0.0 0   -88.7 0   -88.7 0    32.3 0    10.8 0     5.4 0   217.6 0   901.7 0
 2026 186  7  5  4 47  4.783 106.70    -3.6 0    -0.4 0    -0.8 0    -0.3 0   393.1 0   305.320 0   305.048 0   482.0 0   304.892 0   304.898 0     0.0 0     0.0 0     0.0 0   -89.0 0   -89.0 0    32.5 0    10.8 0     5.2 0   221.7 0   901.7 0
 2026 186  7  5  4 48  4.800 106.83    -3.6 0    -0.3 0    -0.8 0    -0.4 0   392.7 0   305.317 0   305.034 0   481.9 0   304.897 0   304.904 0     0.0 0     0.0 0     0.0 0   -89.2 0   -89.2 0    32.5 0    10.7 0     5.0 0   220.4 0   901.8 0
 2026 186  7  5  4 49  4.817 106.97    -3.6 0    -0.2 0    -0.8 0    -0.4 0   392.7 0   305.310 0   305.020 0   481.5 0   304.900 0   304.897 0     0.0 0     0.0 0     0.0 0   -88.9 0   -88.9 0    32.5 0    10.7 0     4.0 0   222.1 0   901.8 0
 2026 186  7  5  4 50  4.833 107.11    -3.6 0    -0.1 0    -0.8 0    -0.4 0   392.4 0   305.302 0   305.006 0   480.8 0   304.894 0   304.880 0     0.0 0     0.0 0     0.0 0   -88.5 0   -88.5 0    32.4 0    10.7 0     3.7 0   224.8 0   901.8 0
 2026 186  7  5  4 51  4.850 107.24    -3.5 0     0.0 0    -0.8 0    -0.4 0   392.4 0   305.290 0   304.988 0   481.0 0   304.883 0   304.876 0     0.0 0     0.0 0     0.0 0   -88.6 0   -88.6 0    32.4 0    10.8 0     4.3 0   224.5 0   901.8 0
 2026 186  7  5  4 52  4.867 107.38    -3.5 0    -0.1 0    -0.8 0    -0.4 0   392.5 0   305.277 0   304.982 0   480.5 0   304.876 0   304.865 0     0.0 0     0.0 0     0.0 0   -88.0 0   -88.0 0    32.4 0    10.7 0     3.4 0   224.7 0   901.8 0
 2026 186  7  5  4 53  4.883 107.51    -3.5 0     0.0 0    -0.8 0    -0.4 0   392.3 0   305.268 0   304.982 0   480.0 0   304.863 0   304.844 0     0.0 0     0.0 0     0.0 0   -87.8 0   -87.8 0    32.3 0    10.8 0     3.3 0   220.8 0   901.8 0
 2026 186  7  5  4 54  4.900 107.65    -3.5 0    -0.1 0    -0.8 0    -0.4 0   392.5 0   305.259 0   304.958 0   480.9 0   304.851 0   304.844 0     0.0 0     0.0 0     0.0 0   -88.4 0   -88.4 0    32.3 0    10.8 0     4.7 0   220.6 0   901.8 0
 2026 186  7  5  4 55  4.917 107.78    -3.6 0    -0.2 0    -0.7 0    -0.4 0   392.3 0   305.250 0   304.975 0   480.7 0   304.846 0   304.841 0     0.0 0     0.0 0     0.0 0   -88.4 0   -88.4 0    32.3 0    10.8 0     4.5 0   216.3 0   901.8 0
 2026 186  7  5  4 56  4.933 107.92    -3.6 0    -0.1 0    -0.8 0    -0.4 0   392.1 0   305.244 0   304.951 0   480.5 0   304.840 0   304.829 0     0.0 0     0.0 0     0.0 0   -88.4 0   -88.4 0    32.3 0    10.8 0     3.8 0   224.5 0   901.8 0
 2026 186  7  5  4 57  4.950 108.05    -3.5 0    -0.1 0    -0.8 0    -0.4 0   391.8 0   305.235 0   304.950 0   480.4 0   304.831 0   304.820 0     0.0 0     0.0 0     0.0 0   -88.6 0   -88.6 0    32.3 0    10.8 0     4.2 0   220.3 0   901.8 0
 2026 186  7  5  4 58  4.967 108.18    -3.5 0    -0.1 0    -0.8 0    -0.4 0   391.6 0   305.227 0   304.924 0   480.2 0   304.820 0   304.810 0     0.0 0     0.0 0     0.0 0   -88.5 0   -88.5 0    32.3 0    10.8 0     4.1 0   222.2 0   901.8 0
 2026 186  7  5  4 59  4.983 108.31    -3.5 0    -0.1 0    -0.8 0    -0.4 0   391.8 0   305.212 0   304.901 0   479.9 0   304.810 0   304.797 0     0.0 0     0.0 0     0.0 0   -88.1 0   -88.1 0    32.2 0    10.8 0     3.8 0   219.2 0   901.8 0
 2026 186  7  5  5  0  5.000 108.45    -3.5 0    -0.1 0    -0.7 0    -0.4 0   392.0 0   305.198 0   304.914 0   480.3 0   304.799 0   304.792 0     0.0 0     0.0 0     0.0 0   -88.3 0   -88.3 0    32.3 0    10.8 0     4.3 0   215.9 0   901.8 0
 2026 186  7  5  5  1  5.017 108.58    -3.6 0    -0.1 0    -0.7 0    -0.3 0   391.7 0   305.192 0   304.917 0   480.2 0   304.793 0   304.786 0     0.0 0     0.0 0     0.0 0   -88.5 0   -88.5 0    32.3 0    10.8 0     4.0 0   218.5 0   901.8 0
 2026 186  7  5  5  2  5.033 108.71    -3.3 0    -0.1 0    -0.8 0    -0.4 0   391.4 0   305.188 0   304.901 0   479.9 0   304.787 0   304.777 0     0.0 0     0.0 0     0.0 0   -88.5 0   -88.5 0    32.3 0    10.8 0     3.5 0   219.7 0   901.8 0
 2026 186  7  5  5  3  5.050 108.84    -3.2 0    -0.1 0    -0.8 0    -0.4 0   391.4 0   305.179 0   304.890 0   479.7 0   304.779 0   304.769 0     0.0 0     0.0 0     0.0 0   -88.3 0   -88.3 0    32.3 0    10.8 0     3.9 0   220.0 0   901.8 0
 2026 186  7  5  5  4  5.067 108.97    -3.3 0    -0.1 0    -0.8 0    -0.4 0   391.3 0   305.171 0   304.890 0   479.5 0   304.769 0   304.757 0     0.0 0     0.0 0     0.0 0   -88.2 0   -88.2 0    32.3 0    10.8 0     3.9 0   220.2 0   901.8 0
 2026 186  7  5  5  5  5.083 109.10    -3.4 0     0.0 0    -0.8 0    -0.4 0   391.1 0   305.165 0   304.873 0   479.2 0   304.758 0   304.744 0     0.0 0     0.0 0     0.0 0   -88.1 0   -88.1 0    32.2 0    10.8 0     3.4 0   220.8 0   901.9 0
 2026 186  7  5  5  6  5.100 109.22    -3.5 0     0.0 0    -0.8 0    -0.4 0   391.0 0   305.156 0   304.865 0   478.9 0   304.745 0   304.726 0     0.0 0     0.0 0     0.0 0   -87.9 0   -87.9 0    32.2 0    10.8 0     3.1 0   232.0 0   901.9 0
 2026 186  7  5  5  7  5.117 109.35    -3.4 0     0.0 0    -0.8 0    -0.4 0   390.9 0   305.145 0   304.839 0   478.8 0   304.730 0   304.715 0     0.0 0     0.0 0     0.0 0   -87.9 0   -87.9 0    32.2 0    10.8 0     3.5 0   229.1 0   901.9 0
 2026 186  7  5  5  8  5.133 109.48    -3.5 0    -0.1 0    -0.8 0    -0.4 0   391.5 0   305.130 0   304.841 0   479.0 0   304.718 0   304.702 0     0.0 0     0.0 0     0.0 0   -87.4 0   -87.4 0    32.2 0    10.8 0     3.4 0   217.5 0   901.9 0
 2026 186  7  5  5  9  5.150 109.61    -3.6 0    -0.2 0    -0.8 0    -0.3 0   391.7 0   305.123 0   304.855 0   479.4 0   304.709 0   304.704 0     0.0 0     0.0 0     0.0 0   -87.7 0   -87.7 0    32.2 0    10.8 0     4.3 0   228.7 0   901.9 0
 2026 186  7  5  5 10  5.167 109.73    -3.5 0    -0.2 0    -0.8 0    -0.4 0   391.9 0   305.118 0   304.828 0   479.1 0   304.703 0   304.693 0     0.0 0     0.0 0     0.0 0   -87.2 0   -87.2 0    32.2 0    10.8 0     3.6 0   226.0 0   901.9 0
 2026 186  7  5  5 11  5.183 109.86    -3.5 0    -0.2 0    -0.8 0    -0.4 0   391.9 0   305.111 0   304.826 0   479.0 0   304.694 0   304.684 0     0.0 0     0.0 0     0.0 0   -87.1 0   -87.1 0    32.2 0    10.9 0     3.7 0   226.7 0   901.9 0
 2026 186  7  5  5 12  5.200 109.98    -3.4 0    -0.1 0    -0.8 0    -0.4 0   392.0 0   305.099 0   304.779 0   478.3 0   304.683 0   304.663 0     0.0 0     0.0 0     0.0 0   -86.3 0   -86.3 0    32.1 0    10.9 0     3.2 0   240.1 0   901.9 0
 2026 186  7  5  5 13  5.217 110.11    -3.3 0     0.0 0    -0.8 0    -0.4 0   392.3 0   305.077 0   304.748 0   477.6 0   304.665 0   304.635 0     0.0 0     0.0 0     0.0 0   -85.3 0   -85.3 0    32.0 0    10.9 0     3.1 0   242.7 0   901.9 0
 2026 186  7  5  5 14  5.233 110.23    -3.3 0     0.0 0    -0.8 0    -0.4 0   392.8 0   305.051 0   304.735 0   478.2 0   304.643 0   304.620 0     0.0 0     0.0 0     0.0 0   -85.4 0   -85.4 0    32.0 0    11.3 0     4.3 0   227.1 0   901.9 0
 2026 186  7  5  5 15  5.250 110.35    -3.5 0    -0.2 0    -0.8 0    -0.4 0   393.2 0   305.033 0   304.758 0   479.1 0   304.628 0   304.623 0     0.0 0     0.0 0     0.0 0   -85.9 0   -85.9 0    32.0 0    11.8 0     5.1 0   225.3 0   901.9 0
 2026 186  7  5  5 16  5.267 110.48    -3.6 0    -0.2 0    -0.8 0    -0.3 0   393.3 0   305.030 0   304.782 0   479.2 0   304.621 0   304.616 0     0.0 0     0.0 0     0.0 0   -85.9 0   -85.9 0    32.1 0    11.9 0     5.1 0   221.8 0   901.9 0
 2026 186  7  5  5 17  5.283 110.60    -3.7 0    -0.2 0    -0.8 0    -0.3 0   393.7 0   305.033 0   304.777 0   479.3 0   304.614 0   304.609 0     0.0 0     0.0 0     0.0 0   -85.5 0   -85.5 0    32.1 0    11.9 0     4.9 0   224.2 0   901.9 0
 2026 186  7  5  5 18  5.300 110.72    -3.7 0    -0.2 0    -0.7 0    -0.3 0   393.7 0   305.038 0   304.792 0   479.5 0   304.609 0   304.608 0     0.0 0     0.0 0     0.0 0   -85.8 0   -85.8 0    32.1 0    12.0 0     5.4 0   219.4 0   901.9 0
 2026 186  7  5  5 19  5.317 110.84    -3.7 0    -0.3 0    -0.7 0    -0.3 0   394.2 0   305.045 0   304.809 0   479.9 0   304.608 0   304.615 0     0.0 0     0.0 0     0.0 0   -85.7 0   -85.7 0    32.1 0    12.1 0     6.0 0   225.0 0   901.9 0
 2026 186  7  5  5 20  5.333 110.96    -3.8 0    -0.4 0    -0.7 0    -0.3 0   393.8 0   305.058 0   304.828 0   480.0 0   304.617 0   304.630 0     0.0 0     0.0 0     0.0 0   -86.3 0   -86.3 0    32.2 0    11.9 0     5.3 0   220.6 0   901.9 0
 2026 186  7  5  5 21  5.350 111.08    -3.7 0    -0.2 0    -0.7 0    -0.4 0   393.7 0   305.068 0   304.810 0   479.4 0   304.621 0   304.616 0     0.0 0     0.0 0     0.0 0   -85.7 0   -85.7 0    32.2 0    11.8 0     4.0 0   228.8 0   901.9 0
 2026 186  7  5  5 22  5.367 111.20    -3.8 0     0.0 0    -0.7 0    -0.4 0   393.3 0   305.074 0   304.816 0   478.8 0   304.613 0   304.599 0     0.0 0     0.0 0     0.0 0   -85.5 0   -85.5 0    32.1 0    11.8 0     3.9 0   222.8 0   901.9 0
 2026 186  7  5  5 23  5.383 111.32    -3.7 0     0.0 0    -0.7 0    -0.4 0   392.9 0   305.076 0   304.793 0   478.5 0   304.601 0   304.584 0     0.0 0     0.0 0     0.0 0   -85.6 0   -85.6 0    32.0 0    11.8 0     3.7 0   228.8 0   901.9 0
 2026 186  7  5  5 24  5.400 111.44    -3.5 0     0.0 0    -0.7 0    -0.4 0   392.6 0   305.069 0   304.764 0   478.0 0   304.588 0   304.571 0     0.0 0     0.0 0     0.0 0   -85.3 0   -85.3 0    32.0 0    11.6 0     3.2 0   235.9 0   901.9 0
 2026 186  7  5  5 25  5.417 111.55    -3.4 0     0.0 0    -0.7 0    -0.4 0   392.2 0   305.054 0   304.743 0   477.4 0   304.572 0   304.546 0     0.0 0     0.0 0     0.0 0   -85.1 0   -85.1 0    32.0 0    11.6 0     3.0 0   230.5 0   901.9 0
 2026 186  7  5  5 26  5.433 111.67    -3.4 0     0.0 0    -0.8 0    -0.4 0   392.0 0   305.037 0   304.719 0   477.2 0   304.550 0   304.521 0     0.0 0     0.0 0     0.0 0   -85.2 0   -85.2 0    31.9 0    11.7 0     3.4 0   237.9 0   901.9 0
 2026 186  7  5  5 27  5.450 111.79    -3.4 0     0.0 0    -0.8 0    -0.4 0   392.0 0   305.016 0   304.692 0   477.2 0   304.527 0   304.499 0     0.0 0     0.0 0     0.0 0   -85.2 0   -85.2 0    31.8 0    11.9 0     4.4 0   238.6 0   901.9 0
 2026 186  7  5  5 28  5.467 111.90    -3.4 0     0.0 0    -0.8 0    -0.4 0   391.8 0   304.992 0   304.663 0   477.5 0   304.505 0   304.480 0     0.0 0     0.0 0     0.0 0   -85.6 0   -85.6 0    31.8 0    12.1 0     4.8 0   241.8 0   901.9 0
 2026 186  7  5  5 29  5.483 112.02    -3.4 0    -0.1 0    -0.8 0    -0.4 0   391.8 0   304.966 0   304.632 0   477.1 0   304.484 0   304.456 0     0.0 0     0.0 0     0.0 0   -85.3 0   -85.3 0    31.7 0    12.3 0     3.8 0   241.9 0   901.9 0
 2026 186  7  5  5 30  5.500 112.13    -3.3 0     0.0 0    -0.8 0    -0.4 0   391.7 0   304.938 0   304.599 0   476.3 0   304.458 0   304.417 0     0.0 0     0.0 0     0.0 0   -84.5 0   -84.5 0    31.6 0    12.4 0     3.4 0   246.7 0   901.9 0
 2026 186  7  5  5 31  5.517 112.25    -3.3 0     0.1 0    -0.9 0    -0.4 0   391.8 0   304.907 0   304.554 0   476.4 0   304.424 0   304.380 0     0.0 0     0.0 0     0.0 0   -84.6 0   -84.6 0    31.5 0    12.6 0     4.6 0   251.4 0   901.9 0
 2026 186  7  5  5 32  5.533 112.36    -3.3 0     0.1 0    -0.8 0    -0.4 0   392.1 0   304.872 0   304.522 0   476.4 0   304.389 0   304.348 0     0.0 0     0.0 0     0.0 0   -84.3 0   -84.3 0    31.5 0    12.9 0     4.9 0   249.0 0   901.9 0
 2026 186  7  5  5 33  5.550 112.47    -3.3 0     0.1 0    -0.8 0    -0.4 0   392.3 0   304.836 0   304.485 0   476.3 0   304.355 0   304.310 0     0.0 0     0.0 0     0.0 0   -84.1 0   -84.1 0    31.4 0    13.5 0     4.8 0   249.5 0   901.9 0
 2026 186  7  5  5 34  5.567 112.58    -3.3 0     0.2 0    -0.8 0    -0.4 0   392.5 0   304.800 0   304.451 0   476.4 0   304.318 0   304.272 0     0.0 0     0.0 0     0.0 0   -83.9 0   -83.9 0    31.4 0    14.6 0     5.4 0   249.4 0   901.9 0
 2026 186  7  5  5 35  5.583 112.69    -3.3 0     0.1 0    -0.8 0    -0.4 0   392.5 0   304.765 0   304.417 0   476.5 0   304.281 0   304.238 0     0.0 0     0.0 0     0.0 0   -84.0 0   -84.0 0    31.3 0    15.4 0     5.6 0   248.7 0   901.9 0
 2026 186  7  5  5 36  5.600 112.80    -3.3 0     0.1 0    -0.8 0    -0.4 0   392.9 0   304.730 0   304.388 0   476.7 0   304.245 0   304.206 0     0.0 0     0.0 0     0.0 0   -83.8 0   -83.8 0    31.3 0    16.0 0     6.1 0   245.1 0   901.9 0
 2026 186  7  5  5 37  5.617 112.91    -3.3 0     0.2 0    -0.8 0    -0.4 0   393.1 0   304.698 0   304.354 0   476.7 0   304.210 0   304.169 0     0.0 0     0.0 0     0.0 0   -83.6 0   -83.6 0    31.2 0    16.6 0     6.0 0   248.8 0   902.0 0
 2026 186  7  5  5 38  5.633 113.02    -3.3 0     0.2 0    -0.8 0    -0.4 0   393.4 0   304.667 0   304.339 0   476.3 0   304.174 0   304.129 0     0.0 0     0.0 0     0.0 0   -82.9 0   -82.9 0    31.2 0    17.0 0     5.1 0   241.8 0   902.0 0
 2026 186  7  5  5 39  5.650 113.13    -3.3 0     0.3 0    -0.8 0    -0.4 0   393.3 0   304.638 0   304.298 0   476.2 0   304.135 0   304.090 0     0.0 0     0.0 0     0.0 0   -82.9 0   -82.9 0    31.1 0    17.7 0     5.3 0   244.5 0   902.0 0
 2026 186  7  5  5 40  5.667 113.24    -3.2 0     0.3 0    -0.8 0    -0.4 0   393.5 0   304.605 0   304.258 0   476.2 0   304.095 0   304.049 0     0.0 0     0.0 0     0.0 0   -82.7 0   -82.7 0    31.0 0    18.3 0     5.8 0   241.6 0   902.0 0
 2026 186  7  5  5 41  5.683 113.35    -3.2 0     0.3 0    -0.8 0    -0.4 0   393.7 0   304.571 0   304.227 0   476.3 0   304.056 0   304.016 0     0.0 0     0.0 0     0.0 0   -82.6 0   -82.6 0    31.0 0    18.7 0     6.4 0   235.7 0   902.0 0
 2026 186  7  5  5 42  5.700 113.45    -3.2 0     0.2 0    -0.8 0    -0.4 0   393.6 0   304.539 0   304.194 0   476.0 0   304.020 0   303.981 0     0.0 0     0.0 0     0.0 0   -82.4 0   -82.4 0    31.0 0    18.7 0     5.1 0   240.6 0   902.0 0
 2026 186  7  5  5 43  5.717 113.56    -3.2 0     0.2 0    -0.8 0    -0.4 0   393.5 0   304.506 0   304.166 0   476.1 0   303.985 0   303.947 0     0.0 0     0.0 0     0.0 0   -82.6 0   -82.6 0    31.0 0    18.9 0     5.8 0   236.8 0   901.9 0
 2026 186  7  5  5 44  5.733 113.67    -3.2 0     0.2 0    -0.8 0    -0.4 0   393.3 0   304.472 0   304.127 0   476.0 0   303.952 0   303.919 0     0.0 0     0.0 0     0.0 0   -82.7 0   -82.7 0    31.0 0    18.9 0     5.7 0   236.3 0   901.9 0
 2026 186  7  5  5 45  5.750 113.77    -3.2 0     0.2 0    -0.7 0    -0.4 0   393.3 0   304.436 0   304.093 0   475.7 0   303.920 0   303.887 0     0.0 0     0.0 0     0.0 0   -82.4 0   -82.4 0    30.9 0    19.0 0     5.4 0   241.5 0   901.9 0
 2026 186  7  5  5 46  5.767 113.87    -3.2 0     0.1 0    -0.8 0    -0.4 0   393.1 0   304.401 0   304.061 0   475.8 0   303.889 0   303.859 0     0.0 0     0.0 0     0.0 0   -82.7 0   -82.7 0    30.9 0    19.0 0     5.8 0   238.3 0   901.9 0
 2026 186  7  5  5 47  5.783 113.98    -3.2 0     0.1 0    -0.8 0    -0.4 0   393.1 0   304.366 0   304.030 0   475.7 0   303.861 0   303.831 0     0.0 0     0.0 0     0.0 0   -82.6 0   -82.6 0    30.9 0    19.0 0     5.3 0   237.0 0   901.9 0
 2026 186  7  5  5 48  5.800 114.08    -3.2 0     0.1 0    -0.8 0    -0.4 0   393.0 0   304.334 0   304.004 0   475.6 0   303.832 0   303.802 0     0.0 0     0.0 0     0.0 0   -82.6 0   -82.6 0    30.9 0    19.0 0     5.7 0   234.9 0   901.9 0
 2026 186  7  5  5 49  5.817 114.18    -3.2 0     0.1 0    -0.8 0    -0.4 0   392.9 0   304.303 0   303.973 0   475.3 0   303.804 0   303.775 0     0.0 0     0.0 0     0.0 0   -82.4 0   -82.4 0    30.9 0    19.0 0     4.9 0   234.6 0   902.0 0
 2026 186  7  5  5 50  5.833 114.28    -3.1 0     0.2 0    -0.8 0    -0.4 0   392.9 0   304.273 0   303.946 0   474.9 0   303.775 0   303.741 0     0.0 0     0.0 0     0.0 0   -82.0 0   -82.0 0    30.8 0    19.1 0     4.4 0   237.2 0   902.0 0
 2026 186  7  5  5 51  5.850 114.38    -3.1 0     0.2 0    -0.8 0    -0.4 0   392.8 0   304.242 0   303.907 0   475.0 0   303.743 0   303.711 0     0.0 0     0.0 0     0.0 0   -82.2 0   -82.2 0    30.8 0    19.2 0     5.1 0   234.6 0   902.0 0
 2026 186  7  5  5 52  5.867 114.48    -3.1 0     0.2 0    -0.8 0    -0.4 0   392.9 0   304.209 0   303.876 0   475.0 0   303.713 0   303.683 0     0.0 0     0.0 0     0.0 0   -82.2 0   -82.2 0    30.8 0    19.3 0     5.6 0   237.3 0   902.0 0
 2026 186  7  5  5 53  5.883 114.58    -3.2 0     0.1 0    -0.7 0    -0.4 0   392.7 0   304.178 0   303.853 0   475.1 0   303.686 0   303.660 0     0.0 0     0.0 0     0.0 0   -82.4 0   -82.4 0    30.8 0    19.3 0     6.1 0   236.5 0   902.0 0
 2026 186  7  5  5 54  5.900 114.68    -3.2 0     0.1 0    -0.8 0    -0.4 0   392.7 0   304.149 0   303.822 0   474.8 0   303.659 0   303.629 0     0.0 0     0.0 0     0.0 0   -82.1 0   -82.1 0    30.7 0    19.3 0     5.4 0   240.0 0   902.0 0
 2026 186  7  5  5 55  5.917 114.78    -3.2 0     0.2 0    -0.7 0    -0.4 0   392.8 0   304.120 0   303.803 0   474.7 0   303.631 0   303.602 0     0.0 0     0.0 0     0.0 0   -81.9 0   -81.9 0    30.7 0    19.4 0     5.9 0   237.6 0   901.9 0
 2026 186  7  5  5 56  5.933 114.88    -3.3 0     0.1 0    -0.7 0    -0.4 0   393.0 0   304.097 0   303.803 0   475.0 0   303.605 0   303.583 0     0.0 0     0.0 0     0.0 0   -82.0 0   -82.0 0    30.7 0    19.5 0     6.6 0   232.0 0   901.9 0
 2026 186  7  5  5 57  5.950 114.97    -3.3 0     0.1 0    -0.8 0    -0.4 0   392.8 0   304.079 0   303.770 0   475.0 0   303.583 0   303.566 0     0.0 0     0.0 0     0.0 0   -82.2 0   -82.2 0    30.7 0    19.5 0     7.0 0   236.4 0   901.9 0
 2026 186  7  5  5 58  5.967 115.07    -3.3 0     0.0 0    -0.7 0    -0.4 0   392.9 0   304.057 0   303.754 0   475.0 0   303.566 0   303.549 0     0.0 0     0.0 0     0.0 0   -82.0 0   -82.0 0    30.8 0    19.5 0     6.1 0   237.3 0   901.9 0
 2026 186  7  5  5 59  5.983 115.16    -3.3 0     0.1 0    -0.7 0    -0.4 0   392.8 0   304.038 0   303.742 0   474.8 0   303.547 0   303.528 0     0.0 0     0.0 0     0.0 0   -82.0 0   -82.0 0    30.7 0    19.5 0     6.1 0   236.9 0   901.9 0
 2026 186  7  5  6  0  6.000 115.26    -3.2 0     0.1 0    -0.7 0    -0.4 0   392.6 0   304.020 0   303.714 0   474.5 0   303.527 0   303.504 0     0.0 0     0.0 0     0.0 0   -81.9 0   -81.9 0    30.7 0    19.5 0     5.8 0   237.0 0   901.9 0
 2026 186  7  5  6  1  6.017 115.35    -3.3 0     0.2 0    -0.7 0    -0.4 0   392.8 0   303.999 0   303.694 0   474.5 0   303.504 0   303.481 0     0.0 0     0.0 0     0.0 0   -81.7 0   -81.7 0    30.6 0    19.5 0     6.4 0   238.8 0   901.9 0
 2026 186  7  5  6  2  6.033 115.44    -3.2 0     0.1 0    -0.7 0    -0.4 0   392.8 0   303.980 0   303.684 0   474.5 0   303.482 0   303.464 0     0.0 0     0.0 0     0.0 0   -81.8 0   -81.8 0    30.6 0    19.5 0     7.0 0   234.6 0   901.9 0
 2026 186  7  5  6  3  6.050 115.54    -3.1 0     0.1 0    -0.7 0    -0.4 0   392.8 0   303.962 0   303.658 0   474.4 0   303.464 0   303.447 0     0.0 0     0.0 0     0.0 0   -81.6 0   -81.6 0    30.6 0    19.6 0     6.1 0   237.6 0   901.9 0
 2026 186  7  5  6  4  6.067 115.63    -3.1 0     0.1 0    -0.7 0    -0.4 0   393.0 0   303.942 0   303.642 0   474.6 0   303.446 0   303.431 0     0.0 0     0.0 0     0.0 0   -81.5 0   -81.5 0    30.6 0    19.7 0     7.4 0   240.0 0   901.9 0
 2026 186  7  5  6  5  6.083 115.72    -3.4 0     0.0 0    -0.7 0    -0.4 0   393.1 0   303.926 0   303.650 0   474.7 0   303.433 0   303.424 0     0.0 0     0.0 0     0.0 0   -81.6 0   -81.6 0    30.7 0    19.7 0     7.4 0   234.8 0   901.9 0
 2026 186  7  5  6  6  6.100 115.81    -3.4 0     0.0 0    -0.7 0    -0.4 0   393.0 0   303.916 0   303.636 0   474.4 0   303.421 0   303.407 0     0.0 0     0.0 0     0.0 0   -81.4 0   -81.4 0    30.6 0    19.7 0     6.1 0   233.4 0   901.9 0
 2026 186  7  5  6  7  6.117 115.90    -3.3 0     0.1 0    -0.7 0    -0.4 0   392.8 0   303.904 0   303.608 0   474.2 0   303.404 0   303.388 0     0.0 0     0.0 0     0.0 0   -81.4 0   -81.4 0    30.6 0    19.8 0     6.1 0   235.9 0   902.0 0
 2026 186  7  5  6  8  6.133 115.98    -3.3 0     0.1 0    -0.7 0    -0.4 0   392.9 0   303.888 0   303.588 0   473.9 0   303.386 0   303.366 0     0.0 0     0.0 0     0.0 0   -81.0 0   -81.0 0    30.6 0    19.9 0     5.1 0   238.4 0   902.0 0
 2026 186  7  5  6  9  6.150 116.07    -3.3 0     0.1 0    -0.7 0    -0.4 0   392.9 0   303.869 0   303.573 0   473.8 0   303.366 0   303.346 0     0.0 0     0.0 0     0.0 0   -80.9 0   -80.9 0    30.5 0    20.0 0     5.7 0   237.8 0   902.0 0
 2026 186  7  5  6 10  6.167 116.16    -3.3 0     0.1 0    -0.7 0    -0.4 0   392.8 0   303.851 0   303.555 0   473.7 0   303.347 0   303.327 0     0.0 0     0.0 0     0.0 0   -80.8 0   -80.8 0    30.5 0    20.0 0     5.4 0   238.6 0   902.0 0
 2026 186  7  5  6 11  6.183 116.25    -3.3 0     0.1 0    -0.7 0    -0.4 0   392.9 0   303.833 0   303.535 0   473.6 0   303.328 0   303.311 0     0.0 0     0.0 0     0.0 0   -80.8 0   -80.8 0    30.5 0    20.0 0     5.8 0   241.2 0   902.0 0
 2026 186  7  5  6 12  6.200 116.33    -3.3 0     0.1 0    -0.7 0    -0.4 0   392.7 0   303.815 0   303.512 0   473.4 0   303.311 0   303.292 0     0.0 0     0.0 0     0.0 0   -80.7 0   -80.7 0    30.5 0    20.0 0     5.3 0   240.4 0   902.0 0
 2026 186  7  5  6 13  6.217 116.41    -3.2 0     0.1 0    -0.7 0    -0.4 0   392.7 0   303.794 0   303.489 0   473.1 0   303.291 0   303.268 0     0.0 0     0.0 0     0.0 0   -80.4 0   -80.4 0    30.5 0    20.1 0     5.2 0   240.9 0   902.0 0
 2026 186  7  5  6 14  6.233 116.50    -3.2 0     0.2 0    -0.7 0    -0.4 0   392.8 0   303.772 0   303.456 0   473.0 0   303.267 0   303.242 0     0.0 0     0.0 0     0.0 0   -80.2 0   -80.2 0    30.4 0    20.3 0     4.9 0   241.9 0   902.0 0
 2026 186  7  5  6 15  6.250 116.58    -3.2 0     0.2 0    -0.7 0    -0.4 0   393.2 0   303.746 0   303.442 0   473.1 0   303.244 0   303.223 0     0.0 0     0.0 0     0.0 0   -79.9 0   -79.9 0    30.4 0    20.5 0     5.8 0   239.9 0   902.0 0
 2026 186  7  5  6 16  6.267 116.66    -3.3 0     0.1 0    -0.7 0    -0.4 0   393.1 0   303.724 0   303.422 0   472.9 0   303.224 0   303.205 0     0.0 0     0.0 0     0.0 0   -79.9 0   -79.9 0    30.4 0    20.6 0     5.3 0   238.6 0   902.0 0
 2026 186  7  5  6 17  6.283 116.75    -3.3 0     0.1 0    -0.7 0    -0.4 0   393.1 0   303.703 0   303.403 0   472.9 0   303.203 0   303.183 0     0.0 0     0.0 0     0.0 0   -79.8 0   -79.8 0    30.4 0    20.8 0     5.6 0   241.3 0   902.0 0
 2026 186  7  5  6 18  6.300 116.83    -3.3 0     0.1 0    -0.7 0    -0.4 0   393.1 0   303.682 0   303.390 0   472.7 0   303.183 0   303.162 0     0.0 0     0.0 0     0.0 0   -79.6 0   -79.6 0    30.3 0    20.9 0     4.7 0   245.2 0   902.0 0
 2026 186  7  5  6 19  6.317 116.91    -3.2 0     0.1 0    -0.8 0    -0.4 0   393.0 0   303.664 0   303.368 0   472.3 0   303.161 0   303.137 0     0.0 0     0.0 0     0.0 0   -79.4 0   -79.4 0    30.3 0    21.0 0     4.6 0   244.3 0   901.9 0
 2026 186  7  5  6 20  6.333 116.99    -3.2 0     0.2 0    -0.7 0    -0.4 0   392.9 0   303.644 0   303.346 0   472.1 0   303.137 0   303.110 0     0.0 0     0.0 0     0.0 0   -79.2 0   -79.2 0    30.2 0    21.3 0     4.6 0   243.3 0   901.9 0
 2026 186  7  5  6 21  6.350 117.06    -3.2 0     0.2 0    -0.8 0    -0.4 0   392.5 0   303.623 0   303.317 0   472.0 0   303.111 0   303.086 0     0.0 0     0.0 0     0.0 0   -79.5 0   -79.5 0    30.2 0    21.5 0     4.8 0   244.0 0   901.9 0
 2026 186  7  5  6 22  6.367 117.14    -3.1 0     0.1 0    -0.7 0    -0.4 0   392.3 0   303.599 0   303.283 0   471.8 0   303.087 0   303.061 0     0.0 0     0.0 0     0.0 0   -79.6 0   -79.6 0    30.2 0    21.6 0     4.7 0   242.8 0   901.9 0
 2026 186  7  5  6 23  6.383 117.22    -3.1 0     0.1 0    -0.7 0    -0.4 0   392.1 0   303.571 0   303.252 0   471.6 0   303.061 0   303.034 0     0.0 0     0.0 0     0.0 0   -79.5 0   -79.5 0    30.2 0    21.7 0     4.6 0   241.5 0   901.9 0
 2026 186  7  5  6 24  6.400 117.29    -3.2 0     0.1 0    -0.7 0    -0.4 0   391.9 0   303.543 0   303.234 0   471.3 0   303.035 0   303.008 0     0.0 0     0.0 0     0.0 0   -79.4 0   -79.4 0    30.1 0    21.7 0     4.2 0   239.2 0   902.0 0
 2026 186  7  5  6 25  6.417 117.37    -3.1 0     0.1 0    -0.7 0    -0.4 0   391.6 0   303.518 0   303.209 0   471.1 0   303.008 0   302.981 0     0.0 0     0.0 0     0.0 0   -79.5 0   -79.5 0    30.1 0    21.8 0     4.3 0   237.7 0   902.0 0
 2026 186  7  5  6 26  6.433 117.44    -3.1 0     0.1 0    -0.7 0    -0.4 0   391.3 0   303.492 0   303.179 0   471.1 0   302.982 0   302.960 0     0.0 0     0.0 0     0.0 0   -79.8 0   -79.8 0    30.1 0    21.9 0     4.6 0   235.9 0   902.0 0
 2026 186  7  5  6 27  6.450 117.52    -3.1 0     0.1 0    -0.7 0    -0.4 0   390.9 0   303.465 0   303.146 0   470.9 0   302.958 0   302.935 0     0.0 0     0.0 0     0.0 0   -80.1 0   -80.1 0    30.1 0    21.9 0     4.4 0   237.5 0   902.0 0
 2026 186  7  5  6 28  6.467 117.59    -3.1 0     0.1 0    -0.7 0    -0.4 0   390.8 0   303.436 0   303.124 0   470.7 0   302.934 0   302.909 0     0.0 0     0.0 0     0.0 0   -79.9 0   -79.9 0    30.0 0    22.0 0     3.8 0   241.5 0   902.0 0
 2026 186  7  5  6 29  6.483 117.66    -3.0 0     0.1 0    -0.7 0    -0.4 0   390.4 0   303.410 0   303.099 0   470.5 0   302.908 0   302.884 0     0.0 0     0.0 0     0.0 0   -80.2 0   -80.2 0    30.0 0    22.2 0     4.2 0   238.5 0   902.0 0
 2026 186  7  5  6 30  6.500 117.73    -3.1 0     0.1 0    -0.8 0    -0.4 0   389.9 0   303.383 0   303.070 0   470.2 0   302.884 0   302.861 0     0.0 0     0.0 0     0.0 0   -80.3 0   -80.3 0    30.0 0    22.1 0     3.3 0   235.2 0   902.0 0
 2026 186  7  5  6 31  6.517 117.80    -3.0 0     0.1 0    -0.7 0    -0.4 0   389.5 0   303.355 0   303.042 0   469.7 0   302.859 0   302.835 0     0.0 0     0.0 0     0.0 0   -80.2 0   -80.2 0    30.0 0    22.2 0     3.1 0   235.0 0   902.0 0
 2026 186  7  5  6 32  6.533 117.87    -3.0 0     0.1 0    -0.7 0    -0.4 0   389.1 0   303.328 0   303.021 0   469.7 0   302.834 0   302.810 0     0.0 0     0.0 0     0.0 0   -80.6 0   -80.6 0    29.9 0    22.3 0     3.4 0   234.3 0   902.0 0
 2026 186  7  5  6 33  6.550 117.94    -2.9 0     0.0 0    -0.8 0    -0.4 0   388.7 0   303.302 0   302.991 0   469.5 0   302.809 0   302.788 0     0.0 0     0.0 0     0.0 0   -80.9 0   -80.9 0    29.9 0    22.3 0     3.1 0   240.7 0   902.0 0
 2026 186  7  5  6 34  6.567 118.01    -2.9 0     0.0 0    -0.8 0    -0.4 0   388.5 0   303.274 0   302.972 0   469.3 0   302.787 0   302.767 0     0.0 0     0.0 0     0.0 0   -80.8 0   -80.8 0    29.9 0    22.3 0     3.2 0   237.0 0   902.0 0
 2026 186  7  5  6 35  6.583 118.08    -3.0 0    -0.1 0    -0.8 0    -0.3 0   388.1 0   303.253 0   302.969 0   469.3 0   302.765 0   302.747 0     0.0 0     0.0 0     0.0 0   -81.2 0   -81.2 0    30.0 0    22.2 0     3.4 0   236.0 0   902.0 0
 2026 186  7  5  6 36  6.600 118.14    -3.1 0    -0.1 0    -0.8 0    -0.3 0   387.7 0   303.236 0   302.954 0   469.1 0   302.746 0   302.728 0     0.0 0     0.0 0     0.0 0   -81.4 0   -81.4 0    30.0 0    22.2 0     2.8 0   232.9 0   902.0 0
 2026 186  7  5  6 37  6.617 118.21    -3.1 0     0.0 0    -0.8 0    -0.4 0   387.2 0   303.219 0   302.922 0   468.7 0   302.725 0   302.704 0     0.0 0     0.0 0     0.0 0   -81.6 0   -81.6 0    29.9 0    22.2 0     2.7 0   233.9 0   902.0 0
 2026 186  7  5  6 38  6.633 118.27    -3.1 0     0.0 0    -0.8 0    -0.4 0   387.0 0   303.198 0   302.897 0   468.6 0   302.702 0   302.680 0     0.0 0     0.0 0     0.0 0   -81.6 0   -81.6 0    29.9 0    22.3 0     2.8 0   237.1 0   902.1 0
 2026 186  7  5  6 39  6.650 118.34    -3.0 0     0.0 0    -0.8 0    -0.4 0   386.7 0   303.175 0   302.871 0   468.6 0   302.679 0   302.660 0     0.0 0     0.0 0     0.0 0   -81.9 0   -81.9 0    29.9 0    22.3 0     3.4 0   237.1 0   902.1 0
 2026 186  7  5  6 40  6.667 118.40    -3.0 0     0.0 0    -0.8 0    -0.4 0   386.2 0   303.151 0   302.844 0   468.6 0   302.658 0   302.639 0     0.0 0     0.0 0     0.0 0   -82.4 0   -82.4 0    29.9 0    22.4 0     3.2 0   234.2 0   902.0 0
 2026 186  7  5  6 41  6.683 118.46    -3.0 0     0.0 0    -0.8 0    -0.4 0   385.6 0   303.124 0   302.812 0   468.2 0   302.637 0   302.618 0     0.0 0     0.0 0     0.0 0   -82.6 0   -82.6 0    29.8 0    22.4 0     3.3 0   235.3 0   902.0 0
 2026 186  7  5  6 42  6.700 118.52    -3.1 0     0.0 0    -0.8 0    -0.4 0   385.0 0   303.098 0   302.799 0   468.1 0   302.617 0   302.599 0     0.0 0     0.0 0     0.0 0   -83.1 0   -83.1 0    29.8 0    22.5 0     3.4 0   239.4 0   902.0 0
 2026 186  7  5  6 43  6.717 118.59    -3.1 0     0.0 0    -0.8 0    -0.4 0   384.5 0   303.075 0   302.780 0   468.0 0   302.597 0   302.580 0     0.0 0     0.0 0     0.0 0   -83.5 0   -83.5 0    29.8 0    22.5 0     3.4 0   241.9 0   902.0 0
 2026 186  7  5  6 44  6.733 118.64    -3.2 0    -0.1 0    -0.8 0    -0.3 0   383.6 0   303.057 0   302.791 0   468.2 0   302.581 0   302.571 0     0.0 0     0.0 0     0.0 0   -84.6 0   -84.6 0    29.9 0    22.5 0     4.0 0   233.5 0   902.0 0
 2026 186  7  5  6 45  6.750 118.70    -3.2 0    -0.1 0    -0.8 0    -0.3 0   382.2 0   303.046 0   302.763 0   467.9 0   302.567 0   302.556 0     0.0 0     0.0 0     0.0 0   -85.7 0   -85.7 0    29.9 0    22.5 0     3.5 0   239.0 0   902.1 0
 2026 186  7  5  6 46  6.767 118.76    -3.1 0    -0.1 0    -0.8 0    -0.3 0   381.2 0   303.032 0   302.758 0   467.7 0   302.553 0   302.542 0     0.0 0     0.0 0     0.0 0   -86.5 0   -86.5 0    29.9 0    22.5 0     3.5 0   240.3 0   902.1 0
 2026 186  7  5  6 47  6.783 118.82    -3.0 0    -0.1 0    -0.8 0    -0.3 0   379.5 0   303.021 0   302.741 0   467.6 0   302.541 0   302.535 0     0.0 0     0.0 0     0.0 0   -88.1 0   -88.1 0    29.9 0    22.5 0     3.1 0   246.9 0   902.1 0
 2026 186  7  5  6 48  6.800 118.87    -3.0 0    -0.1 0    -0.8 0    -0.4 0   378.0 0   303.009 0   302.723 0   466.8 0   302.530 0   302.516 0     0.0 0     0.0 0     0.0 0   -88.9 0   -88.9 0    29.9 0    22.4 0     2.4 0   248.1 0   902.0 0
 2026 186  7  5  6 49  6.817 118.93    -3.0 0     0.0 0    -0.9 0    -0.4 0   376.3 0   302.993 0   302.691 0   466.4 0   302.514 0   302.500 0     0.0 0     0.0 0     0.0 0   -90.0 0   -90.0 0    29.9 0    22.5 0     2.3 0   244.3 0   902.0 0
 2026 186  7  5  6 50  6.833 118.98    -3.0 0     0.0 0    -0.9 0    -0.4 0   375.1 0   302.974 0   302.670 0   466.1 0   302.498 0   302.483 0     0.0 0     0.0 0     0.0 0   -91.0 0   -91.0 0    29.9 0    22.6 0     3.1 0   245.0 0   902.0 0
 2026 186  7  5  6 51  6.850 119.04    -3.0 0     0.0 0    -0.9 0    -0.4 0   373.8 0   302.953 0   302.642 0   465.8 0   302.482 0   302.463 0     0.0 0     0.0 0     0.0 0   -92.0 0   -92.0 0    29.9 0    22.7 0     2.5 0   247.3 0   902.0 0
 2026 186  7  5  6 52  6.867 119.09    -2.9 0     0.0 0    -0.9 0    -0.4 0   372.6 0   302.931 0   302.627 0   465.9 0   302.463 0   302.447 0     0.0 0     0.0 0     0.0 0   -93.3 0   -93.3 0    29.8 0    22.8 0     2.9 0   238.4 0   902.0 0
 2026 186  7  5  6 53  6.883 119.14    -2.9 0     0.0 0    -0.9 0    -0.4 0   371.4 0   302.912 0   302.609 0   465.4 0   302.444 0   302.424 0     0.0 0     0.0 0     0.0 0   -94.0 0   -94.0 0    29.8 0    22.9 0     2.5 0   245.6 0   902.0 0
 2026 186  7  5  6 54  6.900 119.19    -2.9 0     0.1 0    -0.9 0    -0.4 0   370.6 0   302.892 0   302.584 0   464.8 0   302.422 0   302.397 0     0.0 0     0.0 0     0.0 0   -94.2 0   -94.2 0    29.7 0    23.0 0     2.7 0   246.4 0   902.0 0
 2026 186  7  5  6 55  6.917 119.24    -3.0 0     0.0 0    -0.9 0    -0.4 0   369.7 0   302.874 0   302.579 0   464.6 0   302.400 0   302.379 0     0.0 0     0.0 0     0.0 0   -94.9 0   -94.9 0    29.7 0    23.1 0     2.9 0   246.6 0   902.0 0
 2026 186  7  5  6 56  6.933 119.29    -3.1 0     0.0 0    -1.0 0    -0.4 0   368.7 0   302.857 0   302.539 0   464.2 0   302.380 0   302.357 0     0.0 0     0.0 0     0.0 0   -95.5 0   -95.5 0    29.7 0    23.1 0     2.8 0   254.7 0   902.0 0
 2026 186  7  5  6 57  6.950 119.34    -3.1 0     0.0 0    -1.0 0    -0.4 0   367.9 0   302.834 0   302.514 0   463.8 0   302.358 0   302.334 0     0.0 0     0.0 0     0.0 0   -95.9 0   -95.9 0    29.7 0    23.1 0     2.7 0   257.7 0   902.0 0
 2026 186  7  5  6 58  6.967 119.39    -3.1 0     0.0 0    -1.0 0    -0.4 0   367.1 0   302.809 0   302.480 0   463.6 0   302.336 0   302.310 0     0.0 0     0.0 0     0.0 0   -96.5 0   -96.5 0    29.6 0    23.1 0     2.8 0   253.4 0   902.0 0
 2026 186  7  5  6 59  6.983 119.44    -3.0 0     0.0 0    -1.0 0    -0.4 0   366.4 0   302.780 0   302.440 0   463.0 0   302.312 0   302.284 0     0.0 0     0.0 0     0.0 0   -96.6 0   -96.6 0    29.6 0    23.2 0     2.6 0   262.9 0   902.0 0
 2026 186  7  5  7  0  7.000 119.48    -3.0 0     0.0 0    -1.0 0    -0.4 0   365.7 0   302.748 0   302.402 0   463.0 0   302.288 0   302.261 0     0.0 0     0.0 0     0.0 0   -97.3 0   -97.3 0    29.6 0    23.2 0     2.7 0   261.4 0   902.0 0
 2026 186  7  5  7  1  7.017 119.53    -3.0 0    -0.1 0    -1.0 0    -0.4 0   364.9 0   302.713 0   302.366 0   462.8 0   302.267 0   302.244 0     0.0 0     0.0 0     0.0 0   -97.9 0   -97.9 0    29.6 0    23.2 0     2.5 0   261.6 0   902.0 0
 2026 186  7  5  7  2  7.033 119.57    -2.9 0    -0.1 0    -1.0 0    -0.4 0   364.5 0   302.678 0   302.339 0   462.1 0   302.246 0   302.219 0     0.0 0     0.0 0     0.0 0   -97.6 0   -97.6 0    29.6 0    23.2 0     2.0 0   268.5 0   902.0 0
 2026 186  7  5  7  3  7.050 119.61    -2.9 0    -0.1 0    -1.0 0    -0.4 0   363.7 0   302.647 0   302.315 0   461.5 0   302.223 0   302.196 0     0.0 0     0.0 0     0.0 0   -97.8 0   -97.8 0    29.6 0    23.2 0     1.8 0   283.9 0   902.0 0
 2026 186  7  5  7  4  7.067 119.66    -2.9 0     0.0 0    -1.0 0    -0.4 0   363.1 0   302.615 0   302.275 0   461.2 0   302.199 0   302.171 0     0.0 0     0.0 0     0.0 0   -98.1 0   -98.1 0    29.6 0    23.2 0     1.8 0   296.1 0   902.1 0
 2026 186  7  5  7  5  7.083 119.70    -2.9 0    -0.1 0    -1.0 0    -0.4 0   362.3 0   302.582 0   302.241 0   460.8 0   302.175 0   302.152 0     0.0 0     0.0 0     0.0 0   -98.6 0   -98.6 0    29.5 0    23.3 0     1.8 0   296.4 0   902.1 0
 2026 186  7  5  7  6  7.100 119.74    -2.9 0    -0.1 0    -1.0 0    -0.4 0   361.7 0   302.548 0   302.214 0   460.8 0   302.151 0   302.129 0     0.0 0     0.0 0     0.0 0   -99.1 0   -99.1 0    29.5 0    23.4 0     1.6 0   286.3 0   902.1 0
 2026 186  7  5  7  7  7.117 119.78    -2.9 0    -0.2 0    -1.0 0    -0.4 0   361.0 0   302.519 0   302.196 0   460.3 0   302.129 0   302.107 0     0.0 0     0.0 0     0.0 0   -99.3 0   -99.3 0    29.5 0    23.4 0     1.8 0   287.7 0   902.1 0
 2026 186  7  5  7  8  7.133 119.82    -2.9 0    -0.2 0    -1.0 0    -0.4 0   360.4 0   302.491 0   302.159 0   459.8 0   302.106 0   302.078 0     0.0 0     0.0 0     0.0 0   -99.5 0   -99.5 0    29.5 0    23.4 0     1.7 0   291.0 0   902.1 0
 2026 186  7  5  7  9  7.150 119.85    -2.9 0    -0.2 0    -1.0 0    -0.4 0   359.8 0   302.460 0   302.114 0   459.1 0   302.080 0   302.053 0     0.0 0     0.0 0     0.0 0   -99.3 0   -99.3 0    29.5 0    23.4 0     1.6 0   298.4 0   902.1 0
 2026 186  7  5  7 10  7.167 119.89    -2.8 0    -0.1 0    -1.0 0    -0.4 0   358.9 0   302.424 0   302.068 0   458.5 0   302.053 0   302.021 0     0.0 0     0.0 0     0.0 0   -99.5 0   -99.5 0    29.4 0    23.5 0     1.6 0   295.9 0   902.1 0
 2026 186  7  5  7 11  7.183 119.93    -2.7 0    -0.1 0    -1.0 0    -0.4 0   358.3 0   302.383 0   302.022 0   458.4 0   302.023 0   301.994 0     0.0 0     0.0 0     0.0 0  -100.1 0  -100.1 0    29.3 0    23.5 0     1.6 0   312.9 0   902.1 0
 2026 186  7  5  7 12  7.200 119.96    -2.6 0    -0.2 0    -1.0 0    -0.5 0   357.9 0   302.338 0   301.964 0   458.3 0   301.994 0   301.970 0     0.0 0     0.0 0     0.0 0  -100.4 0  -100.4 0    29.3 0    23.6 0     1.4 0   322.9 0   902.1 0
 2026 186  7  5  7 13  7.217 120.00    -2.6 0    -0.2 0    -1.0 0    -0.4 0   357.8 0   302.290 0   301.929 0   457.5 0   301.968 0   301.942 0     0.0 0     0.0 0     0.0 0   -99.7 0   -99.7 0    29.3 0    23.5 0     1.0 0   337.2 0   902.1 0
 2026 186  7  5  7 14  7.233 120.03    -2.7 0    -0.3 0    -1.1 0    -0.4 0   357.5 0   302.248 0   301.893 0   456.7 0   301.940 0   301.914 0     0.0 0     0.0 0     0.0 0   -99.3 0   -99.3 0    29.2 0    23.6 0     0.8 0   345.8 0   902.1 0
 2026 186  7  5  7 15  7.250 120.06    -2.6 0    -0.4 0    -1.1 0    -0.4 0   357.2 0   302.206 0   301.848 0   456.2 0   301.913 0   301.888 0     0.0 0     0.0 0     0.0 0   -98.9 0   -98.9 0    29.2 0    23.5 0     0.9 0   357.4 0   902.1 0
 2026 186  7  5  7 16  7.267 120.09    -2.5 0    -0.3 0    -1.1 0    -0.4 0   356.9 0   302.164 0   301.809 0   456.0 0   301.881 0   301.849 0     0.0 0     0.0 0     0.0 0   -99.1 0   -99.1 0    29.2 0    23.5 0     1.6 0   357.6 0   902.1 0
 2026 186  7  5  7 17  7.283 120.12    -2.6 0    -0.3 0    -1.0 0    -0.4 0   357.0 0   302.125 0   301.786 0   455.9 0   301.846 0   301.814 0     0.0 0     0.0 0     0.0 0   -99.0 0   -99.0 0    29.1 0    23.5 0     1.9 0     4.1 0   902.1 0
 2026 186  7  5  7 18  7.300 120.15    -2.6 0    -0.3 0    -1.0 0    -0.4 0   356.7 0   302.092 0   301.750 0   456.0 0   301.810 0   301.779 0     0.0 0     0.0 0     0.0 0   -99.3 0   -99.3 0    29.1 0    23.5 0     1.9 0    10.5 0   902.1 0
 2026 186  7  5  7 19  7.317 120.18    -2.6 0    -0.2 0    -1.0 0    -0.4 0   356.5 0   302.056 0   301.692 0   456.0 0   301.774 0   301.743 0     0.0 0     0.0 0     0.0 0   -99.5 0   -99.5 0    29.0 0    23.7 0     2.1 0   359.6 0   902.1 0
 2026 186  7  5  7 20  7.333 120.21    -2.6 0    -0.2 0    -1.0 0    -0.4 0   356.8 0   302.014 0   301.659 0   455.7 0   301.737 0   301.698 0     0.0 0     0.0 0     0.0 0   -99.0 0   -99.0 0    29.0 0    23.7 0     2.3 0   359.6 0   902.1 0
 2026 186  7  5  7 21  7.350 120.23    -2.7 0    -0.2 0    -1.0 0    -0.4 0   356.0 0   301.973 0   301.600 0   456.4 0   301.701 0   301.685 0     0.0 0     0.0 0     0.0 0  -100.4 0  -100.4 0    29.0 0    24.0 0     2.0 0   353.8 0   902.1 0
 2026 186  7  5  7 22  7.367 120.26    -2.6 0    -0.3 0    -1.0 0    -0.5 0   356.5 0   301.921 0   301.526 0   456.4 0   301.673 0   301.659 0     0.0 0     0.0 0     0.0 0   -99.9 0   -99.9 0    29.0 0    24.0 0     1.6 0   349.7 0   902.1 0
 2026 186  7  5  7 23  7.383 120.29    -2.6 0    -0.3 0    -1.0 0    -0.4 0   357.0 0   301.868 0   301.511 0   455.4 0   301.648 0   301.627 0     0.0 0     0.0 0     0.0 0   -98.4 0   -98.4 0    29.0 0    23.8 0     2.0 0   345.2 0   902.1 0
 2026 186  7  5  7 24  7.400 120.31    -2.6 0    -0.3 0    -0.9 0    -0.4 0   357.0 0   301.825 0   301.480 0   456.2 0   301.623 0   301.618 0     0.0 0     0.0 0     0.0 0   -99.2 0   -99.2 0    29.1 0    24.0 0     1.6 0   353.6 0   902.1 0
 2026 186  7  5  7 25  7.417 120.33    -2.6 0    -0.4 0    -0.9 0    -0.4 0   357.5 0   301.790 0   301.480 0   455.7 0   301.607 0   301.599 0     0.0 0     0.0 0     0.0 0   -98.2 0   -98.2 0    29.2 0    23.7 0     1.2 0   358.2 0   902.1 0
 2026 186  7  5  7 26  7.433 120.36    -2.7 0    -0.3 0    -0.9 0    -0.3 0   357.6 0   301.772 0   301.498 0   455.2 0   301.586 0   301.571 0     0.0 0     0.0 0     0.0 0   -97.6 0   -97.6 0    29.1 0    23.8 0     1.4 0   352.5 0   902.1 0
 2026 186  7  5  7 27  7.450 120.38    -2.7 0    -0.4 0    -0.9 0    -0.3 0   357.5 0   301.760 0   301.467 0   455.2 0   301.566 0   301.566 0     0.0 0     0.0 0     0.0 0   -97.7 0   -97.7 0    29.2 0    23.8 0     1.1 0   350.4 0   902.1 0
 2026 186  7  5  7 28  7.467 120.40    -2.7 0    -0.3 0    -0.9 0    -0.3 0   357.8 0   301.747 0   301.472 0   454.7 0   301.546 0   301.535 0     0.0 0     0.0 0     0.0 0   -96.9 0   -96.9 0    29.2 0    23.8 0     1.4 0   338.8 0   902.1 0
 2026 186  7  5  7 29  7.483 120.42    -2.7 0    -0.3 0    -0.9 0    -0.3 0   357.2 0   301.742 0   301.460 0   454.9 0   301.528 0   301.524 0     0.0 0     0.0 0     0.0 0   -97.7 0   -97.7 0    29.2 0    23.8 0     1.5 0   330.1 0   902.1 0
 2026 186  7  5  7 30  7.500 120.43    -2.7 0    -0.4 0    -0.9 0    -0.4 0   356.6 0   301.722 0   301.371 0   455.6 0   301.515 0   301.529 0     0.0 0     0.0 0     0.0 0   -99.0 0   -99.0 0    29.3 0    23.8 0     1.1 0   346.8 0   902.1 0
 2026 186  7  5  7 31  7.517 120.45    -2.7 0    -0.4 0    -0.9 0    -0.4 0   357.1 0   301.683 0   301.336 0   454.8 0   301.505 0   301.512 0     0.0 0     0.0 0     0.0 0   -97.7 0   -97.7 0    29.3 0    23.6 0     1.3 0   345.8 0   902.1 0
 2026 186  7  5  7 32  7.533 120.47    -2.8 0    -0.4 0    -0.8 0    -0.4 0   357.4 0   301.650 0   301.358 0   455.3 0   301.494 0   301.505 0     0.0 0     0.0 0     0.0 0   -97.9 0   -97.9 0    29.4 0    23.6 0     1.4 0   331.4 0   902.1 0
 2026 186  7  5  7 33  7.550 120.48    -2.8 0    -0.4 0    -0.9 0    -0.4 0   357.1 0   301.634 0   301.333 0   455.2 0   301.487 0   301.498 0     0.0 0     0.0 0     0.0 0   -98.1 0   -98.1 0    29.4 0    23.5 0     1.6 0   335.8 0   902.1 0
 2026 186  7  5  7 34  7.567 120.50    -2.7 0    -0.5 0    -0.8 0    -0.4 0   358.1 0   301.613 0   301.322 0   455.0 0   301.482 0   301.491 0     0.0 0     0.0 0     0.0 0   -96.9 0   -96.9 0    29.4 0    23.4 0     1.5 0   343.6 0   902.1 0
 2026 186  7  5  7 35  7.583 120.51    -2.7 0    -0.4 0    -0.8 0    -0.3 0   357.9 0   301.603 0   301.340 0   455.5 0   301.474 0   301.493 0     0.0 0     0.0 0     0.0 0   -97.6 0   -97.6 0    29.4 0    23.5 0     2.0 0   331.2 0   902.1 0
 2026 186  7  5  7 36  7.600 120.53    -2.9 0    -0.4 0    -0.7 0    -0.3 0   358.4 0   301.607 0   301.406 0   455.6 0   301.471 0   301.489 0     0.0 0     0.0 0     0.0 0   -97.2 0   -97.2 0    29.4 0    23.4 0     1.9 0   327.3 0   902.1 0
 2026 186  7  5  7 37  7.617 120.54    -3.0 0    -0.4 0    -0.8 0    -0.3 0   357.9 0   301.624 0   301.359 0   455.4 0   301.468 0   301.482 0     0.0 0     0.0 0     0.0 0   -97.6 0   -97.6 0    29.5 0    23.5 0     2.6 0   337.9 0   902.1 0
 2026 186  7  5  7 38  7.633 120.55    -2.9 0    -0.5 0    -0.7 0    -0.3 0   358.1 0   301.625 0   301.371 0   455.6 0   301.470 0   301.486 0     0.0 0     0.0 0     0.0 0   -97.5 0   -97.5 0    29.5 0    23.4 0     2.0 0   333.0 0   902.1 0
 2026 186  7  5  7 39  7.650 120.56    -2.9 0    -0.4 0    -0.8 0    -0.4 0   357.1 0   301.625 0   301.328 0   454.4 0   301.469 0   301.466 0     0.0 0     0.0 0     0.0 0   -97.3 0   -97.3 0    29.4 0    23.4 0     2.3 0   324.3 0   902.1 0
 2026 186  7  5  7 40  7.667 120.57    -2.8 0    -0.2 0    -0.8 0    -0.4 0   357.0 0   301.606 0   301.259 0   453.6 0   301.455 0   301.428 0     0.0 0     0.0 0     0.0 0   -96.5 0   -96.5 0    29.2 0    23.7 0     2.6 0   322.0 0   902.1 0
 2026 186  7  5  7 41  7.683 120.58    -2.6 0    -0.2 0    -0.8 0    -0.4 0   357.3 0   301.569 0   301.207 0   454.2 0   301.435 0   301.430 0     0.0 0     0.0 0     0.0 0   -96.9 0   -96.9 0    29.1 0    24.2 0     2.4 0   295.5 0   902.1 0
 2026 186  7  5  7 42  7.700 120.58    -2.6 0    -0.4 0    -0.8 0    -0.5 0   357.0 0   301.522 0   301.135 0   453.9 0   301.425 0   301.424 0     0.0 0     0.0 0     0.0 0   -96.9 0   -96.9 0    29.2 0    24.1 0     2.0 0   309.9 0   902.1 0
 2026 186  7  5  7 43  7.717 120.59    -2.5 0    -0.4 0    -0.8 0    -0.5 0   357.3 0   301.465 0   301.085 0   453.3 0   301.415 0   301.410 0     0.0 0     0.0 0     0.0 0   -96.0 0   -96.0 0    29.2 0    23.9 0     2.3 0   306.3 0   902.1 0
 2026 186  7  5  7 44  7.733 120.59    -2.6 0    -0.4 0    -0.8 0    -0.4 0   357.2 0   301.415 0   301.074 0   453.0 0   301.405 0   301.398 0     0.0 0     0.0 0     0.0 0   -95.9 0   -95.9 0    29.2 0    23.8 0     2.3 0   304.1 0   902.1 0
 2026 186  7  5  7 45  7.750 120.60    -2.8 0    -0.5 0    -0.9 0    -0.4 0   357.1 0   301.375 0   301.032 0   453.2 0   301.395 0   301.386 0     0.0 0     0.0 0     0.0 0   -96.1 0   -96.1 0    29.2 0    23.9 0     2.3 0   298.7 0   902.1 0
 2026 186  7  5  7 46  7.767 120.60    -2.8 0    -0.5 0    -0.9 0    -0.4 0   357.2 0   301.331 0   300.976 0   453.2 0   301.385 0   301.374 0     0.0 0     0.0 0     0.0 0   -95.9 0   -95.9 0    29.2 0    23.9 0     2.1 0   309.6 0   902.1 0
 2026 186  7  5  7 47  7.783 120.61    -2.8 0    -0.5 0    -0.9 0    -0.4 0   357.2 0   301.290 0   300.968 0   453.2 0   301.375 0   301.367 0     0.0 0     0.0 0     0.0 0   -96.0 0   -96.0 0    29.2 0    23.9 0     2.0 0   302.0 0   902.1 0
 2026 186  7  5  7 48  7.800 120.61    -2.8 0    -0.6 0    -0.9 0    -0.4 0   357.5 0   301.256 0   300.933 0   453.1 0   301.366 0   301.355 0     0.0 0     0.0 0     0.0 0   -95.5 0   -95.5 0    29.2 0    23.9 0     1.9 0   305.5 0   902.1 0
 2026 186  7  5  7 49  7.817 120.61    -2.7 0    -0.6 0    -0.9 0    -0.4 0   357.9 0   301.221 0   300.903 0   452.3 0   301.356 0   301.345 0     0.0 0     0.0 0     0.0 0   -94.4 0   -94.4 0    29.2 0    24.0 0     2.3 0   314.0 0   902.1 0
 2026 186  7  5  7 50  7.833 120.61    -2.6 0    -0.6 0    -0.9 0    -0.3 0   358.0 0   301.194 0   300.919 0   452.6 0   301.345 0   301.339 0     0.0 0     0.0 0     0.0 0   -94.6 0   -94.6 0    29.2 0    24.1 0     2.1 0   306.5 0   902.0 0
 2026 186  7  5  7 51  7.850 120.61    -2.9 0    -0.7 0    -0.8 0    -0.3 0   358.8 0   301.185 0   300.961 0   452.5 0   301.337 0   301.333 0     0.0 0     0.0 0     0.0 0   -93.7 0   -93.7 0    29.3 0    24.0 0     1.9 0   301.7 0   902.0 0
 2026 186  7  5  7 52  7.867 120.60    -3.0 0    -0.7 0    -0.9 0    -0.3 0   358.7 0   301.194 0   300.959 0   452.2 0   301.329 0   301.318 0     0.0 0     0.0 0     0.0 0   -93.5 0   -93.5 0    29.2 0    23.9 0     2.2 0   308.0 0   902.0 0
 2026 186  7  5  7 53  7.883 120.60    -3.0 0    -0.6 0    -0.8 0    -0.3 0   359.0 0   301.201 0   300.968 0   452.0 0   301.315 0   301.296 0     0.0 0     0.0 0     0.0 0   -93.0 0   -93.0 0    29.1 0    24.1 0     2.7 0   304.0 0   902.0 0
 2026 186  7  5  7 54  7.900 120.60    -3.1 0    -0.6 0    -0.8 0    -0.3 0   359.2 0   301.209 0   300.976 0   452.7 0   301.302 0   301.292 0     0.0 0     0.0 0     0.0 0   -93.5 0   -93.5 0    29.1 0    24.2 0     2.8 0   301.1 0   902.0 0
 2026 186  7  5  7 55  7.917 120.59    -3.1 0    -0.7 0    -0.8 0    -0.3 0   360.1 0   301.215 0   300.975 0   452.9 0   301.294 0   301.290 0     0.0 0     0.0 0     0.0 0   -92.8 0   -92.8 0    29.1 0    24.0 0     2.7 0   281.8 0   902.0 0
 2026 186  7  5  7 56  7.933 120.59    -3.0 0    -0.6 0    -0.8 0    -0.3 0   360.5 0   301.218 0   300.959 0   452.2 0   301.287 0   301.270 0     0.0 0     0.0 0     0.0 0   -91.7 0   -91.7 0    29.1 0    24.0 0     2.3 0   289.4 0   902.0 0
 2026 186  7  5  7 57  7.950 120.58    -3.0 0    -0.5 0    -0.9 0    -0.3 0   360.9 0   301.214 0   300.936 0   452.2 0   301.273 0   301.254 0     0.0 0     0.0 0     0.0 0   -91.3 0   -91.3 0    29.0 0    24.1 0     2.4 0   292.2 0   902.0 0
 2026 186  7  5  7 58  7.967 120.57    -3.0 0    -0.5 0    -0.8 0    -0.4 0   361.6 0   301.201 0   300.918 0   452.3 0   301.256 0   301.236 0     0.0 0     0.0 0     0.0 0   -90.7 0   -90.7 0    29.0 0    24.1 0     2.7 0   282.6 0   902.0 0
 2026 186  7  5  7 59  7.983 120.56    -3.0 0    -0.7 0    -0.8 0    -0.4 0   361.5 0   301.187 0   300.900 0   452.5 0   301.244 0   301.237 0     0.0 0     0.0 0     0.0 0   -91.0 0   -91.0 0    29.0 0    24.1 0     2.7 0   274.0 0   902.0 0
 2026 186  7  5  8  0  8.000 120.55    -3.0 0    -0.6 0    -0.9 0    -0.4 0   361.6 0   301.168 0   300.865 0   452.3 0   301.234 0   301.213 0     0.0 0     0.0 0     0.0 0   -90.8 0   -90.8 0    29.0 0    24.2 0     2.9 0   283.3 0   902.0 0
 2026 186  7  5  8  1  8.017 120.54    -2.9 0    -0.6 0    -0.9 0    -0.4 0   361.5 0   301.144 0   300.827 0   452.8 0   301.221 0   301.210 0     0.0 0     0.0 0     0.0 0   -91.3 0   -91.3 0    29.0 0    24.4 0     3.2 0   296.8 0   902.0 0
 2026 186  7  5  8  2  8.033 120.53    -2.8 0    -0.7 0    -0.9 0    -0.4 0   362.0 0   301.115 0   300.811 0   453.4 0   301.214 0   301.211 0     0.0 0     0.0 0     0.0 0   -91.3 0   -91.3 0    29.0 0    24.3 0     3.1 0   284.2 0   902.0 0
 2026 186  7  5  8  3  8.050 120.52    -2.7 0    -0.5 0    -0.9 0    -0.4 0   362.0 0   301.091 0   300.791 0   452.7 0   301.205 0   301.180 0     0.0 0     0.0 0     0.0 0   -90.6 0   -90.6 0    28.9 0    24.3 0     2.8 0   266.5 0   902.0 0
 2026 186  7  5  8  4  8.067 120.51    -2.7 0    -0.4 0    -0.9 0    -0.4 0   362.5 0   301.065 0   300.746 0   453.2 0   301.186 0   301.168 0     0.0 0     0.0 0     0.0 0   -90.7 0   -90.7 0    28.8 0    24.8 0     3.8 0   279.3 0   902.0 0
 2026 186  7  5  8  5  8.083 120.49    -3.1 0    -0.8 0    -0.8 0    -0.3 0   364.1 0   301.040 0   300.789 0   454.8 0   301.185 0   301.210 0     0.0 0     0.0 0     0.0 0   -90.7 0   -90.7 0    29.0 0    24.5 0     3.2 0   283.5 0   902.0 0
 2026 186  7  5  8  6  8.100 120.48    -3.3 0    -0.8 0    -0.7 0    -0.2 0   364.3 0   301.039 0   300.867 0   454.4 0   301.198 0   301.208 0     0.0 0     0.0 0     0.0 0   -90.1 0   -90.1 0    29.1 0    24.2 0     3.5 0   267.1 0   902.0 0
 2026 186  7  5  8  7  8.117 120.46    -3.7 0    -0.8 0    -0.9 0    -0.1 0   365.0 0   301.071 0   300.991 0   456.0 0   301.211 0   301.242 0     0.0 0     0.0 0     0.0 0   -91.0 0   -91.0 0    29.2 0    24.1 0     3.6 0   261.0 0   902.0 0
 2026 186  7  5  8  8  8.133 120.44    -3.9 0    -0.7 0    -1.1 0    -0.2 0   364.6 0   301.125 0   301.012 0   455.8 0   301.232 0   301.258 0     0.0 0     0.0 0     0.0 0   -91.2 0   -91.2 0    29.3 0    24.0 0     3.9 0   277.4 0   902.0 0
 2026 186  7  5  8  9  8.150 120.43    -3.9 0    -0.7 0    -1.1 0    -0.2 0   365.0 0   301.173 0   301.041 0   456.4 0   301.251 0   301.285 0     0.0 0     0.0 0     0.0 0   -91.5 0   -91.5 0    29.3 0    24.2 0     4.2 0   266.2 0   902.0 0
 2026 186  7  5  8 10  8.167 120.41    -3.8 0    -0.6 0    -1.1 0    -0.2 0   364.8 0   301.218 0   301.080 0   456.1 0   301.277 0   301.299 0     0.0 0     0.0 0     0.0 0   -91.2 0   -91.2 0    29.4 0    24.1 0     3.9 0   273.5 0   902.0 0
 2026 186  7  5  8 11  8.183 120.39    -3.8 0    -0.3 0    -1.1 0    -0.3 0   365.2 0   301.257 0   301.074 0   455.2 0   301.289 0   301.290 0     0.0 0     0.0 0     0.0 0   -90.0 0   -90.0 0    29.3 0    24.2 0     3.9 0   268.7 0   902.0 0
 2026 186  7  5  8 12  8.200 120.37    -3.8 0    -0.3 0    -1.0 0    -0.3 0   365.8 0   301.286 0   301.109 0   455.4 0   301.292 0   301.291 0     0.0 0     0.0 0     0.0 0   -89.5 0   -89.5 0    29.2 0    24.3 0     4.1 0   261.9 0   902.0 0
 2026 186  7  5  8 13  8.217 120.34    -3.8 0    -0.3 0    -1.0 0    -0.3 0   366.3 0   301.314 0   301.134 0   455.3 0   301.299 0   301.304 0     0.0 0     0.0 0     0.0 0   -89.0 0   -89.0 0    29.2 0    24.3 0     3.9 0   267.8 0   902.0 0
 2026 186  7  5  8 14  8.233 120.32    -3.7 0    -0.2 0    -1.0 0    -0.3 0   366.3 0   301.340 0   301.133 0   455.1 0   301.305 0   301.302 0     0.0 0     0.0 0     0.0 0   -88.8 0   -88.8 0    29.2 0    24.4 0     3.5 0   267.8 0   902.0 0
 2026 186  7  5  8 15  8.250 120.30    -3.6 0     0.0 0    -1.0 0    -0.3 0   366.5 0   301.354 0   301.102 0   454.4 0   301.301 0   301.283 0     0.0 0     0.0 0     0.0 0   -87.9 0   -87.9 0    29.0 0    24.6 0     3.2 0   270.9 0   902.0 0
 2026 186  7  5  8 16  8.267 120.27    -3.5 0     0.0 0    -0.8 0    -0.3 0   367.6 0   301.357 0   301.128 0   454.8 0   301.290 0   301.281 0     0.0 0     0.0 0     0.0 0   -87.2 0   -87.2 0    28.9 0    24.7 0     4.0 0   264.8 0   902.0 0
 2026 186  7  5  8 17  8.283 120.25    -3.7 0    -0.2 0    -0.9 0    -0.3 0   367.9 0   301.370 0   301.174 0   455.1 0   301.286 0   301.280 0     0.0 0     0.0 0     0.0 0   -87.2 0   -87.2 0    28.9 0    24.9 0     4.2 0   262.5 0   902.0 0
 2026 186  7  5  8 18  8.300 120.22    -3.7 0    -0.3 0    -1.0 0    -0.3 0   368.3 0   301.385 0   301.146 0   455.6 0   301.283 0   301.284 0     0.0 0     0.0 0     0.0 0   -87.3 0   -87.3 0    28.9 0    24.7 0     4.4 0   264.5 0   902.0 0
 2026 186  7  5  8 19  8.317 120.19    -3.6 0    -0.5 0    -0.9 0    -0.3 0   369.6 0   301.388 0   301.142 0   456.5 0   301.292 0   301.313 0     0.0 0     0.0 0     0.0 0   -86.9 0   -86.9 0    29.1 0    24.4 0     4.9 0   265.4 0   902.0 0
 2026 186  7  5  8 20  8.333 120.17    -3.6 0    -0.5 0    -0.9 0    -0.3 0   370.6 0   301.391 0   301.156 0   456.4 0   301.312 0   301.328 0     0.0 0     0.0 0     0.0 0   -85.8 0   -85.8 0    29.3 0    24.1 0     3.8 0   263.9 0   902.0 0
 2026 186  7  5  8 21  8.350 120.14    -3.5 0    -0.3 0    -0.9 0    -0.3 0   371.5 0   301.395 0   301.172 0   456.5 0   301.326 0   301.336 0     0.0 0     0.0 0     0.0 0   -85.0 0   -85.0 0    29.3 0    24.2 0     4.3 0   267.9 0   902.0 0
 2026 186  7  5  8 22  8.367 120.11    -3.6 0    -0.2 0    -0.9 0    -0.3 0   372.3 0   301.405 0   301.202 0   456.4 0   301.335 0   301.338 0     0.0 0     0.0 0     0.0 0   -84.0 0   -84.0 0    29.2 0    24.5 0     3.8 0   274.8 0   902.0 0
 2026 186  7  5  8 23  8.383 120.08    -3.5 0    -0.1 0    -0.9 0    -0.3 0   373.2 0   301.418 0   301.203 0   455.9 0   301.336 0   301.328 0     0.0 0     0.0 0     0.0 0   -82.8 0   -82.8 0    29.1 0    24.8 0     4.1 0   271.6 0   902.0 0
 2026 186  7  5  8 24  8.400 120.04    -3.4 0    -0.2 0    -0.9 0    -0.3 0   373.9 0   301.428 0   301.211 0   455.9 0   301.334 0   301.332 0     0.0 0     0.0 0     0.0 0   -82.0 0   -82.0 0    29.1 0    24.9 0     4.2 0   272.7 0   902.0 0
 2026 186  7  5  8 25  8.417 120.01    -3.5 0    -0.3 0    -0.9 0    -0.3 0   374.8 0   301.437 0   301.233 0   456.8 0   301.337 0   301.350 0     0.0 0     0.0 0     0.0 0   -82.0 0   -82.0 0    29.1 0    24.8 0     4.3 0   270.7 0   902.0 0
 2026 186  7  5  8 26  8.433 119.98    -3.6 0    -0.3 0    -0.9 0    -0.3 0   374.4 0   301.452 0   301.255 0   456.5 0   301.344 0   301.340 0     0.0 0     0.0 0     0.0 0   -82.0 0   -82.0 0    29.1 0    25.0 0     3.9 0   270.8 0   902.0 0
 2026 186  7  5  8 27  8.450 119.94    -3.5 0    -0.1 0    -0.9 0    -0.3 0   374.6 0   301.465 0   301.238 0   455.9 0   301.338 0   301.320 0     0.0 0     0.0 0     0.0 0   -81.2 0   -81.2 0    29.0 0    25.2 0     3.3 0   273.5 0   902.0 0
 2026 186  7  5  8 28  8.467 119.91    -3.4 0     0.0 0    -0.9 0    -0.3 0   374.0 0   301.470 0   301.219 0   454.9 0   301.322 0   301.287 0     0.0 0     0.0 0     0.0 0   -80.9 0   -80.9 0    28.8 0    25.4 0     2.8 0   282.6 0   902.0 0
 2026 186  7  5  8 29  8.483 119.87    -3.1 0     0.2 0    -0.9 0    -0.4 0   373.5 0   301.461 0   301.165 0   454.3 0   301.294 0   301.247 0     0.0 0     0.0 0     0.0 0   -80.8 0   -80.8 0    28.6 0    25.7 0     2.9 0   289.0 0   902.0 0
 2026 186  7  5  8 30  8.500 119.84    -2.9 0     0.3 0    -0.9 0    -0.4 0   373.3 0   301.436 0   301.114 0   453.7 0   301.258 0   301.206 0     0.0 0     0.0 0     0.0 0   -80.4 0   -80.4 0    28.4 0    25.9 0     2.6 0   294.1 0   902.0 0
 2026 186  7  5  8 31  8.517 119.80    -2.8 0     0.2 0    -0.8 0    -0.4 0   372.8 0   301.401 0   301.078 0   453.2 0   301.219 0   301.168 0     0.0 0     0.0 0     0.0 0   -80.4 0   -80.4 0    28.3 0    26.2 0     2.1 0   285.1 0   902.0 0
 2026 186  7  5  8 32  8.533 119.76    -2.6 0     0.1 0    -0.9 0    -0.4 0   372.5 0   301.361 0   301.021 0   452.9 0   301.182 0   301.139 0     0.0 0     0.0 0     0.0 0   -80.5 0   -80.5 0    28.2 0    26.3 0     2.0 0   293.8 0   902.0 0
 2026 186  7  5  8 33  8.550 119.72    -2.5 0     0.0 0    -0.9 0    -0.4 0   372.1 0   301.317 0   300.986 0   452.4 0   301.146 0   301.102 0     0.0 0     0.0 0     0.0 0   -80.3 0   -80.3 0    28.1 0    26.4 0     1.7 0   296.5 0   902.1 0
 2026 186  7  5  8 34  8.567 119.68    -2.5 0    -0.1 0    -0.9 0    -0.4 0   371.2 0   301.274 0   300.942 0   451.9 0   301.108 0   301.060 0     0.0 0     0.0 0     0.0 0   -80.6 0   -80.6 0    28.1 0    26.5 0     1.6 0   303.4 0   902.1 0
 2026 186  7  5  8 35  8.583 119.63    -2.3 0    -0.2 0    -1.0 0    -0.4 0   370.0 0   301.224 0   300.851 0   451.2 0   301.070 0   301.021 0     0.0 0     0.0 0     0.0 0   -81.1 0   -81.1 0    28.0 0    26.5 0     0.9 0   322.2 0   902.1 0
 2026 186  7  5  8 36  8.600 119.59    -2.2 0    -0.2 0    -1.0 0    -0.5 0   369.8 0   301.159 0   300.777 0   450.0 0   301.030 0   300.968 0     0.0 0     0.0 0     0.0 0   -80.2 0   -80.2 0    27.9 0    26.0 0     0.4 0    22.2 0   902.1 0
 2026 186  7  5  8 37  8.617 119.55    -2.1 0    -0.3 0    -1.0 0    -0.4 0   369.2 0   301.091 0   300.715 0   449.4 0   300.989 0   300.937 0     0.0 0     0.0 0     0.0 0   -80.2 0   -80.2 0    27.8 0    26.1 0     0.5 0    30.7 0   902.1 0
 2026 186  7  5  8 38  8.633 119.50    -2.1 0    -0.4 0    -1.1 0    -0.4 0   368.9 0   301.023 0   300.640 0   449.0 0   300.945 0   300.886 0     0.0 0     0.0 0     0.0 0   -80.1 0   -80.1 0    27.6 0    26.3 0     0.8 0    36.2 0   902.1 0
 2026 186  7  5  8 39  8.650 119.46    -2.1 0    -0.4 0    -1.1 0    -0.4 0   368.9 0   300.951 0   300.570 0   448.8 0   300.897 0   300.835 0     0.0 0     0.0 0     0.0 0   -79.9 0   -79.9 0    27.5 0    26.5 0     0.9 0    38.0 0   902.1 0
 2026 186  7  5  8 40  8.667 119.41    -2.1 0    -0.4 0    -1.1 0    -0.4 0   368.6 0   300.882 0   300.513 0   448.5 0   300.847 0   300.778 0     0.0 0     0.0 0     0.0 0   -79.9 0   -79.9 0    27.4 0    26.7 0     0.6 0     8.4 0   902.1 0
 2026 186  7  5  8 41  8.683 119.37    -2.1 0    -0.5 0    -1.1 0    -0.4 0   368.6 0   300.820 0   300.465 0   448.7 0   300.795 0   300.730 0     0.0 0     0.0 0     0.0 0   -80.1 0   -80.1 0    27.3 0    27.1 0     1.4 0    22.8 0   902.1 0
 2026 186  7  5  8 42  8.700 119.32    -2.1 0    -0.4 0    -1.0 0    -0.4 0   368.3 0   300.764 0   300.414 0   448.7 0   300.738 0   300.667 0     0.0 0     0.0 0     0.0 0   -80.3 0   -80.3 0    27.2 0    27.3 0     1.6 0   355.9 0   902.1 0
 2026 186  7  5  8 43  8.717 119.27    -2.2 0    -0.3 0    -1.0 0    -0.4 0   367.9 0   300.712 0   300.370 0   448.7 0   300.675 0   300.605 0     0.0 0     0.0 0     0.0 0   -80.8 0   -80.8 0    27.1 0    27.6 0     2.0 0   342.9 0   902.1 0
 2026 186  7  5  8 44  8.733 119.22    -2.2 0    -0.3 0    -1.0 0    -0.4 0   367.6 0   300.663 0   300.324 0   448.8 0   300.612 0   300.553 0     0.0 0     0.0 0     0.0 0   -81.2 0   -81.2 0    27.0 0    27.6 0     1.8 0   355.5 0   902.1 0
 2026 186  7  5  8 45  8.750 119.17    -2.2 0    -0.3 0    -0.9 0    -0.4 0   367.5 0   300.616 0   300.301 0   448.7 0   300.555 0   300.505 0     0.0 0     0.0 0     0.0 0   -81.2 0   -81.2 0    27.0 0    27.6 0     1.4 0   355.3 0   902.1 0
 2026 186  7  5  8 46  8.767 119.12    -2.2 0    -0.4 0    -0.9 0    -0.4 0   367.2 0   300.577 0   300.266 0   448.5 0   300.501 0   300.451 0     0.0 0     0.0 0     0.0 0   -81.3 0   -81.3 0    27.0 0    27.7 0     1.3 0     0.4 0   902.1 0
 2026 186  7  5  8 47  8.783 119.07    -2.2 0    -0.4 0    -0.9 0    -0.4 0   366.8 0   300.539 0   300.224 0   448.3 0   300.450 0   300.404 0     0.0 0     0.0 0     0.0 0   -81.5 0   -81.5 0    27.0 0    27.8 0     1.3 0   350.4 0   902.1 0
 2026 186  7  5  8 48  8.800 119.01    -2.2 0    -0.4 0    -0.9 0    -0.4 0   366.9 0   300.501 0   300.184 0   448.0 0   300.401 0   300.357 0     0.0 0     0.0 0     0.0 0   -81.2 0   -81.2 0    27.0 0    27.8 0     1.5 0   351.8 0   902.1 0
 2026 186  7  5  8 49  8.817 118.96    -2.2 0    -0.3 0    -0.9 0    -0.4 0   366.5 0   300.463 0   300.155 0   447.9 0   300.351 0   300.305 0     0.0 0     0.0 0     0.0 0   -81.4 0   -81.4 0    27.0 0    27.9 0     1.5 0   348.7 0   902.1 0
 2026 186  7  5  8 50  8.833 118.90    -2.2 0    -0.3 0    -0.9 0    -0.4 0   366.3 0   300.427 0   300.123 0   448.2 0   300.303 0   300.263 0     0.0 0     0.0 0     0.0 0   -81.9 0   -81.9 0    27.0 0    28.0 0     1.9 0   350.6 0   902.1 0
 2026 186  7  5  8 51  8.850 118.85    -2.3 0    -0.3 0    -0.8 0    -0.3 0   366.4 0   300.395 0   300.114 0   448.0 0   300.257 0   300.217 0     0.0 0     0.0 0     0.0 0   -81.7 0   -81.7 0    27.0 0    28.0 0     2.1 0   353.9 0   902.1 0
 2026 186  7  5  8 52  8.867 118.79    -2.5 0    -0.3 0    -0.8 0    -0.3 0   366.1 0   300.376 0   300.131 0   448.3 0   300.211 0   300.176 0     0.0 0     0.0 0     0.0 0   -82.3 0   -82.3 0    27.1 0    28.1 0     2.1 0   342.7 0   902.1 0
 2026 186  7  5  8 53  8.883 118.73    -2.5 0    -0.3 0    -0.8 0    -0.3 0   365.4 0   300.367 0   300.105 0   448.5 0   300.172 0   300.146 0     0.0 0     0.0 0     0.0 0   -83.1 0   -83.1 0    27.1 0    28.1 0     2.1 0   350.3 0   902.1 0
 2026 186  7  5  8 54  8.900 118.67    -2.4 0    -0.3 0    -0.8 0    -0.3 0   365.2 0   300.350 0   300.066 0   448.6 0   300.136 0   300.111 0     0.0 0     0.0 0     0.0 0   -83.4 0   -83.4 0    27.1 0    28.0 0     2.4 0   350.8 0   902.0 0
 2026 186  7  5  8 55  8.917 118.62    -2.5 0    -0.2 0    -0.7 0    -0.3 0   364.9 0   300.331 0   300.064 0   448.6 0   300.101 0   300.075 0     0.0 0     0.0 0     0.0 0   -83.7 0   -83.7 0    27.2 0    28.0 0     2.4 0     1.5 0   902.0 0
 2026 186  7  5  8 56  8.933 118.56    -2.6 0    -0.2 0    -0.7 0    -0.3 0   364.4 0   300.316 0   300.049 0   448.6 0   300.067 0   300.039 0     0.0 0     0.0 0     0.0 0   -84.2 0   -84.2 0    27.1 0    28.0 0     2.2 0   358.1 0   902.0 0
 2026 186  7  5  8 57  8.950 118.49    -2.6 0    -0.1 0    -0.7 0    -0.3 0   363.8 0   300.301 0   300.035 0   448.4 0   300.032 0   300.005 0     0.0 0     0.0 0     0.0 0   -84.6 0   -84.6 0    27.1 0    28.0 0     2.0 0     6.0 0   902.0 0
 2026 186  7  5  8 58  8.967 118.43    -2.7 0    -0.1 0    -0.7 0    -0.3 0   363.3 0   300.287 0   300.019 0   448.2 0   299.999 0   299.972 0     0.0 0     0.0 0     0.0 0   -84.9 0   -84.9 0    27.1 0    28.1 0     1.8 0     9.1 0   902.0 0
 2026 186  7  5  8 59  8.983 118.37    -2.7 0    -0.1 0    -0.7 0    -0.3 0   362.7 0   300.272 0   300.000 0   448.2 0   299.966 0   299.939 0     0.0 0     0.0 0     0.0 0   -85.5 0   -85.5 0    27.1 0    28.2 0     2.4 0    16.2 0   902.0 0
 2026 186  7  5  9  0  9.000 118.31    -2.7 0     0.0 0    -0.7 0    -0.3 0   362.1 0   300.255 0   299.973 0   447.9 0   299.934 0   299.908 0     0.0 0     0.0 0     0.0 0   -85.9 0   -85.9 0    27.0 0    28.2 0     2.1 0    13.8 0   902.0 0
 2026 186  7  5  9  1  9.017 118.24    -2.7 0     0.0 0    -0.7 0    -0.4 0   361.6 0   300.234 0   299.943 0   447.7 0   299.902 0   299.872 0     0.0 0     0.0 0     0.0 0   -86.1 0   -86.1 0    27.0 0    28.2 0     2.0 0    22.3 0   902.0 0
 2026 186  7  5  9  2  9.033 118.18    -2.6 0     0.1 0    -0.7 0    -0.4 0   361.1 0   300.209 0   299.908 0   447.5 0   299.868 0   299.837 0     0.0 0     0.0 0     0.0 0   -86.4 0   -86.4 0    27.0 0    28.3 0     1.9 0    35.0 0   902.0 0
 2026 186  7  5  9  3  9.050 118.11    -2.4 0     0.1 0    -0.8 0    -0.4 0   360.7 0   300.179 0   299.868 0   447.2 0   299.833 0   299.802 0     0.0 0     0.0 0     0.0 0   -86.5 0   -86.5 0    26.9 0    28.4 0     2.3 0    26.9 0   902.0 0
 2026 186  7  5  9  4  9.067 118.05    -2.4 0     0.2 0    -0.8 0    -0.4 0   360.9 0   300.144 0   299.824 0   446.9 0   299.796 0   299.756 0     0.0 0     0.0 0     0.0 0   -85.9 0   -85.9 0    26.8 0    28.5 0     2.6 0    26.9 0   902.0 0
 2026 186  7  5  9  5  9.083 117.98    -2.6 0     0.1 0    -0.8 0    -0.4 0   360.9 0   300.111 0   299.807 0   447.3 0   299.758 0   299.732 0     0.0 0     0.0 0     0.0 0   -86.4 0   -86.4 0    26.8 0    28.9 0     2.4 0     5.5 0   902.0 0
 2026 186  7  5  9  6  9.100 117.91    -2.7 0     0.0 0    -0.7 0    -0.3 0   361.3 0   300.083 0   299.813 0   446.7 0   299.729 0   299.710 0     0.0 0     0.0 0     0.0 0   -85.4 0   -85.4 0    26.8 0    28.6 0     1.4 0   359.2 0   902.0 0
 2026 186  7  5  9  7  9.117 117.84    -2.8 0     0.0 0    -0.7 0    -0.3 0   361.0 0   300.067 0   299.794 0   446.5 0   299.699 0   299.673 0     0.0 0     0.0 0     0.0 0   -85.5 0   -85.5 0    26.8 0    28.8 0     2.0 0   343.8 0   902.0 0
 2026 186  7  5  9  8  9.133 117.77    -2.7 0    -0.1 0    -0.7 0    -0.3 0   360.9 0   300.052 0   299.786 0   446.7 0   299.669 0   299.655 0     0.0 0     0.0 0     0.0 0   -85.9 0   -85.9 0    26.8 0    29.0 0     1.4 0   304.3 0   902.0 0
 2026 186  7  5  9  9  9.150 117.70    -2.7 0    -0.2 0    -0.7 0    -0.3 0   360.6 0   300.040 0   299.776 0   446.6 0   299.648 0   299.646 0     0.0 0     0.0 0     0.0 0   -86.0 0   -86.0 0    26.9 0    29.0 0     1.6 0   314.7 0   902.0 0
 2026 186  7  5  9 10  9.167 117.63    -2.8 0    -0.3 0    -0.7 0    -0.3 0   361.4 0   300.027 0   299.770 0   447.5 0   299.632 0   299.639 0     0.0 0     0.0 0     0.0 0   -86.1 0   -86.1 0    27.0 0    29.0 0     1.8 0   280.9 0   902.0 0
 2026 186  7  5  9 11  9.183 117.55    -3.0 0    -0.4 0    -0.8 0    -0.3 0   361.1 0   300.019 0   299.779 0   448.5 0   299.627 0   299.653 0     0.0 0     0.0 0     0.0 0   -87.4 0   -87.4 0    27.2 0    28.9 0     3.1 0   282.9 0   902.0 0
 2026 186  7  5  9 12  9.200 117.48    -3.1 0    -0.6 0    -0.8 0    -0.3 0   361.3 0   300.016 0   299.786 0   448.5 0   299.634 0   299.664 0     0.0 0     0.0 0     0.0 0   -87.2 0   -87.2 0    27.4 0    28.4 0     2.7 0   283.8 0   902.0 0
 2026 186  7  5  9 13  9.217 117.41    -3.2 0    -0.6 0    -0.8 0    -0.2 0   361.0 0   300.022 0   299.826 0   448.5 0   299.644 0   299.673 0     0.0 0     0.0 0     0.0 0   -87.5 0   -87.5 0    27.5 0    28.2 0     2.7 0   279.9 0   902.0 0
 2026 186  7  5  9 14  9.233 117.33    -3.2 0    -0.5 0    -0.8 0    -0.3 0   361.0 0   300.035 0   299.839 0   448.0 0   299.653 0   299.667 0     0.0 0     0.0 0     0.0 0   -87.0 0   -87.0 0    27.6 0    28.1 0     2.4 0   288.1 0   902.0 0
 2026 186  7  5  9 15  9.250 117.26    -3.2 0    -0.4 0    -0.9 0    -0.3 0   360.8 0   300.052 0   299.854 0   448.3 0   299.657 0   299.677 0     0.0 0     0.0 0     0.0 0   -87.5 0   -87.5 0    27.6 0    28.2 0     2.7 0   292.4 0   902.0 0
 2026 186  7  5  9 16  9.267 117.18    -3.3 0    -0.4 0    -0.8 0    -0.3 0   361.1 0   300.068 0   299.867 0   447.9 0   299.664 0   299.688 0     0.0 0     0.0 0     0.0 0   -86.8 0   -86.8 0    27.6 0    28.1 0     2.5 0   287.5 0   902.0 0
 2026 186  7  5  9 17  9.283 117.10    -3.4 0    -0.3 0    -0.8 0    -0.3 0   360.3 0   300.083 0   299.874 0   448.0 0   299.670 0   299.689 0     0.0 0     0.0 0     0.0 0   -87.7 0   -87.7 0    27.7 0    28.1 0     2.0 0   290.9 0   902.0 0
 2026 186  7  5  9 18  9.300 117.03    -3.2 0    -0.4 0    -0.8 0    -0.3 0   360.1 0   300.095 0   299.857 0   448.5 0   299.678 0   299.709 0     0.0 0     0.0 0     0.0 0   -88.4 0   -88.4 0    27.7 0    28.1 0     2.6 0   292.3 0   902.0 0
 2026 186  7  5  9 19  9.317 116.95    -3.1 0    -0.4 0    -0.8 0    -0.4 0   360.0 0   300.093 0   299.821 0   448.1 0   299.693 0   299.721 0     0.0 0     0.0 0     0.0 0   -88.2 0   -88.2 0    27.8 0    27.9 0     2.3 0   297.2 0   902.0 0
 2026 186  7  5  9 20  9.333 116.87    -2.9 0    -0.4 0    -0.8 0    -0.3 0   360.1 0   300.082 0   299.826 0   447.5 0   299.705 0   299.727 0     0.0 0     0.0 0     0.0 0   -87.5 0   -87.5 0    27.8 0    27.9 0     1.9 0   306.5 0   902.0 0
 2026 186  7  5  9 21  9.350 116.79    -2.9 0    -0.3 0    -0.7 0    -0.3 0   360.3 0   300.078 0   299.859 0   446.8 0   299.713 0   299.731 0     0.0 0     0.0 0     0.0 0   -86.4 0   -86.4 0    27.8 0    27.9 0     2.0 0   295.7 0   902.0 0
 2026 186  7  5  9 22  9.367 116.71    -3.1 0    -0.3 0    -0.7 0    -0.3 0   360.1 0   300.089 0   299.896 0   447.0 0   299.715 0   299.723 0     0.0 0     0.0 0     0.0 0   -86.9 0   -86.9 0    27.8 0    28.0 0     1.9 0   284.5 0   902.0 0
 2026 186  7  5  9 23  9.383 116.62    -3.1 0    -0.3 0    -0.9 0    -0.3 0   360.0 0   300.104 0   299.880 0   447.0 0   299.717 0   299.724 0     0.0 0     0.0 0     0.0 0   -87.0 0   -87.0 0    27.8 0    28.1 0     2.4 0   298.7 0   901.9 0
 2026 186  7  5  9 24  9.400 116.54    -3.1 0    -0.4 0    -0.9 0    -0.3 0   360.0 0   300.108 0   299.858 0   447.0 0   299.720 0   299.734 0     0.0 0     0.0 0     0.0 0   -87.0 0   -87.0 0    27.7 0    28.1 0     2.5 0   307.9 0   901.9 0
 2026 186  7  5  9 25  9.417 116.46    -3.0 0    -0.3 0    -0.8 0    -0.3 0   360.2 0   300.107 0   299.874 0   446.5 0   299.721 0   299.721 0     0.0 0     0.0 0     0.0 0   -86.3 0   -86.3 0    27.6 0    28.1 0     2.2 0   299.8 0   901.9 0
 2026 186  7  5  9 26  9.433 116.37    -2.9 0    -0.3 0    -0.8 0    -0.3 0   360.2 0   300.108 0   299.856 0   446.4 0   299.716 0   299.715 0     0.0 0     0.0 0     0.0 0   -86.3 0   -86.3 0    27.6 0    28.3 0     2.4 0   302.5 0   901.9 0
 2026 186  7  5  9 27  9.450 116.29    -2.9 0    -0.3 0    -0.7 0    -0.3 0   360.8 0   300.100 0   299.842 0   446.4 0   299.709 0   299.711 0     0.0 0     0.0 0     0.0 0   -85.7 0   -85.7 0    27.5 0    28.4 0     2.3 0   289.5 0   901.9 0
 2026 186  7  5  9 28  9.467 116.20    -2.9 0    -0.4 0    -0.7 0    -0.3 0   360.7 0   300.097 0   299.864 0   447.2 0   299.706 0   299.722 0     0.0 0     0.0 0     0.0 0   -86.5 0   -86.5 0    27.5 0    28.5 0     3.0 0   282.6 0   901.9 0
 2026 186  7  5  9 29  9.483 116.12    -2.9 0    -0.6 0    -0.8 0    -0.3 0   360.7 0   300.092 0   299.821 0   447.0 0   299.715 0   299.734 0     0.0 0     0.0 0     0.0 0   -86.2 0   -86.2 0    27.6 0    28.3 0     2.6 0   288.2 0   901.9 0
 2026 186  7  5  9 30  9.500 116.03    -3.1 0    -0.5 0    -0.7 0    -0.3 0   361.0 0   300.082 0   299.845 0   446.7 0   299.720 0   299.727 0     0.0 0     0.0 0     0.0 0   -85.7 0   -85.7 0    27.6 0    28.3 0     2.6 0   287.3 0   901.9 0
 2026 186  7  5  9 31  9.517 115.94    -3.0 0    -0.5 0    -0.8 0    -0.3 0   360.7 0   300.077 0   299.822 0   446.7 0   299.721 0   299.729 0     0.0 0     0.0 0     0.0 0   -86.0 0   -86.0 0    27.6 0    28.4 0     2.8 0   291.4 0   901.9 0
 2026 186  7  5  9 32  9.533 115.85    -2.9 0    -0.5 0    -0.8 0    -0.3 0   361.0 0   300.067 0   299.797 0   446.8 0   299.724 0   299.738 0     0.0 0     0.0 0     0.0 0   -85.8 0   -85.8 0    27.7 0    28.4 0     2.9 0   292.2 0   901.9 0
 2026 186  7  5  9 33  9.550 115.76    -2.9 0    -0.6 0    -0.8 0    -0.3 0   360.9 0   300.053 0   299.789 0   446.6 0   299.732 0   299.747 0     0.0 0     0.0 0     0.0 0   -85.7 0   -85.7 0    27.7 0    28.4 0     2.8 0   289.9 0   901.9 0
 2026 186  7  5  9 34  9.567 115.67    -2.9 0    -0.6 0    -0.8 0    -0.3 0   360.8 0   300.041 0   299.777 0   446.5 0   299.738 0   299.747 0     0.0 0     0.0 0     0.0 0   -85.8 0   -85.8 0    27.7 0    28.3 0     2.6 0   291.7 0   901.9 0
 2026 186  7  5  9 35  9.583 115.58    -2.9 0    -0.5 0    -0.8 0    -0.3 0   360.7 0   300.027 0   299.763 0   446.3 0   299.739 0   299.740 0     0.0 0     0.0 0     0.0 0   -85.6 0   -85.6 0    27.7 0    28.3 0     2.3 0   295.9 0   901.9 0
 2026 186  7  5  9 36  9.600 115.49    -2.9 0    -0.4 0    -0.8 0    -0.3 0   360.7 0   300.014 0   299.756 0   446.3 0   299.736 0   299.738 0     0.0 0     0.0 0     0.0 0   -85.6 0   -85.6 0    27.6 0    28.5 0     2.4 0   288.3 0   901.9 0
 2026 186  7  5  9 37  9.617 115.40    -2.9 0    -0.5 0    -0.7 0    -0.3 0   360.9 0   300.004 0   299.768 0   446.8 0   299.735 0   299.746 0     0.0 0     0.0 0     0.0 0   -85.8 0   -85.8 0    27.6 0    28.5 0     2.9 0   288.8 0   901.9 0
 2026 186  7  5  9 38  9.633 115.30    -3.0 0    -0.6 0    -0.8 0    -0.3 0   360.9 0   300.004 0   299.776 0   446.9 0   299.740 0   299.753 0     0.0 0     0.0 0     0.0 0   -86.1 0   -86.1 0    27.7 0    28.4 0     2.8 0   287.8 0   901.9 0
 2026 186  7  5  9 39  9.650 115.21    -3.0 0    -0.6 0    -0.8 0    -0.3 0   361.1 0   300.002 0   299.746 0   446.9 0   299.746 0   299.762 0     0.0 0     0.0 0     0.0 0   -85.8 0   -85.8 0    27.7 0    28.3 0     2.5 0   284.5 0   901.9 0
 2026 186  7  5  9 40  9.667 115.12    -2.9 0    -0.6 0    -0.8 0    -0.3 0   361.4 0   299.994 0   299.740 0   446.9 0   299.752 0   299.770 0     0.0 0     0.0 0     0.0 0   -85.6 0   -85.6 0    27.7 0    28.2 0     3.1 0   279.3 0   901.9 0
 2026 186  7  5  9 41  9.683 115.02    -2.9 0    -0.7 0    -0.8 0    -0.3 0   361.8 0   299.983 0   299.720 0   447.6 0   299.765 0   299.795 0     0.0 0     0.0 0     0.0 0   -85.8 0   -85.8 0    27.8 0    28.2 0     3.2 0   273.7 0   901.9 0
 2026 186  7  5  9 42  9.700 114.92    -2.9 0    -0.6 0    -0.8 0    -0.3 0   362.5 0   299.970 0   299.704 0   447.3 0   299.779 0   299.796 0     0.0 0     0.0 0     0.0 0   -84.7 0   -84.7 0    27.8 0    28.1 0     2.8 0   274.3 0   901.9 0
 2026 186  7  5  9 43  9.717 114.83    -3.0 0    -0.5 0    -0.8 0    -0.3 0   363.1 0   299.955 0   299.703 0   447.2 0   299.788 0   299.798 0     0.0 0     0.0 0     0.0 0   -84.1 0   -84.1 0    27.8 0    28.0 0     2.9 0   274.0 0   901.9 0
 2026 186  7  5  9 44  9.733 114.73    -3.0 0    -0.4 0    -0.8 0    -0.3 0   363.8 0   299.947 0   299.713 0   446.9 0   299.793 0   299.799 0     0.0 0     0.0 0     0.0 0   -83.2 0   -83.2 0    27.8 0    28.0 0     2.9 0   277.7 0   901.9 0
 2026 186  7  5  9 45  9.750 114.63    -2.9 0    -0.3 0    -0.8 0    -0.3 0   364.1 0   299.943 0   299.703 0   446.6 0   299.794 0   299.792 0     0.0 0     0.0 0     0.0 0   -82.5 0   -82.5 0    27.7 0    28.0 0     2.7 0   275.0 0   902.0 0
 2026 186  7  5  9 46  9.767 114.53    -2.9 0    -0.3 0    -0.8 0    -0.3 0   364.8 0   299.937 0   299.690 0   446.6 0   299.791 0   299.790 0     0.0 0     0.0 0     0.0 0   -81.8 0   -81.8 0    27.6 0    28.1 0     2.7 0   273.3 0   902.0 0
 2026 186  7  5  9 47  9.783 114.43    -2.8 0    -0.3 0    -0.8 0    -0.3 0   365.1 0   299.928 0   299.676 0   446.2 0   299.787 0   299.784 0     0.0 0     0.0 0     0.0 0   -81.2 0   -81.2 0    27.6 0    28.0 0     2.6 0   274.7 0   902.0 0
 2026 186  7  5  9 48  9.800 114.33    -2.8 0    -0.3 0    -0.8 0    -0.3 0   366.1 0   299.916 0   299.656 0   446.5 0   299.783 0   299.783 0     0.0 0     0.0 0     0.0 0   -80.4 0   -80.4 0    27.6 0    28.1 0     2.9 0   273.8 0   902.0 0
 2026 186  7  5  9 49  9.817 114.23    -2.8 0    -0.3 0    -0.8 0    -0.3 0   366.8 0   299.904 0   299.671 0   446.9 0   299.779 0   299.782 0     0.0 0     0.0 0     0.0 0   -80.1 0   -80.1 0    27.6 0    28.2 0     3.1 0   276.5 0   902.0 0
 2026 186  7  5  9 50  9.833 114.13    -2.8 0    -0.4 0    -0.8 0    -0.3 0   366.9 0   299.897 0   299.645 0   446.6 0   299.779 0   299.778 0     0.0 0     0.0 0     0.0 0   -79.7 0   -79.7 0    27.6 0    28.0 0     2.8 0   280.1 0   902.0 0
 2026 186  7  5  9 51  9.850 114.03    -2.8 0    -0.3 0    -0.7 0    -0.3 0   367.5 0   299.885 0   299.642 0   446.3 0   299.772 0   299.761 0     0.0 0     0.0 0     0.0 0   -78.8 0   -78.8 0    27.5 0    28.1 0     2.7 0   285.9 0   902.0 0
 2026 186  7  5  9 52  9.867 113.93    -2.9 0    -0.4 0    -0.8 0    -0.3 0   367.8 0   299.877 0   299.642 0   446.9 0   299.765 0   299.771 0     0.0 0     0.0 0     0.0 0   -79.0 0   -79.0 0    27.5 0    27.6 0     3.0 0   273.5 0   902.0 0
 2026 186  7  5  9 53  9.883 113.82    -2.8 0    -0.4 0    -0.8 0    -0.3 0   368.3 0   299.870 0   299.633 0   446.9 0   299.764 0   299.763 0     0.0 0     0.0 0     0.0 0   -78.6 0   -78.6 0    27.5 0    27.7 0     2.8 0   283.0 0   901.9 0
 2026 186  7  5  9 54  9.900 113.72    -2.8 0    -0.4 0    -0.7 0    -0.3 0   369.2 0   299.866 0   299.665 0   447.3 0   299.762 0   299.778 0     0.0 0     0.0 0     0.0 0   -78.1 0   -78.1 0    27.5 0    27.4 0     3.2 0   279.7 0   901.9 0
 2026 186  7  5  9 55  9.917 113.61    -2.9 0    -0.4 0    -0.8 0    -0.3 0   368.9 0   299.873 0   299.663 0   447.1 0   299.764 0   299.769 0     0.0 0     0.0 0     0.0 0   -78.1 0   -78.1 0    27.6 0    27.3 0     2.4 0   269.8 0   901.9 0
 2026 186  7  5  9 56  9.933 113.51    -2.8 0    -0.3 0    -0.8 0    -0.3 0   369.2 0   299.876 0   299.656 0   447.1 0   299.762 0   299.766 0     0.0 0     0.0 0     0.0 0   -77.9 0   -77.9 0    27.5 0    27.5 0     2.7 0   278.5 0   901.9 0
 2026 186  7  5  9 57  9.950 113.40    -2.8 0    -0.5 0    -0.8 0    -0.3 0   369.4 0   299.876 0   299.645 0   447.7 0   299.765 0   299.789 0     0.0 0     0.0 0     0.0 0   -78.3 0   -78.3 0    27.6 0    27.0 0     3.0 0   264.4 0   901.9 0
 2026 186  7  5  9 58  9.967 113.29    -2.8 0    -0.3 0    -0.8 0    -0.3 0   369.9 0   299.870 0   299.635 0   446.9 0   299.770 0   299.770 0     0.0 0     0.0 0     0.0 0   -77.0 0   -77.0 0    27.6 0    27.1 0     1.9 0   265.6 0   901.9 0
 2026 186  7  5  9 59  9.983 113.19    -2.9 0    -0.3 0    -0.7 0    -0.3 0   370.1 0   299.868 0   299.665 0   447.7 0   299.766 0   299.784 0     0.0 0     0.0 0     0.0 0   -77.6 0   -77.6 0    27.5 0    27.0 0     3.1 0   258.6 0   901.9 0
 2026 186  7  5 10  0 10.000 113.08    -3.0 0    -0.4 0    -0.8 0    -0.3 0   370.2 0   299.874 0   299.677 0   447.5 0   299.774 0   299.787 0     0.0 0     0.0 0     0.0 0   -77.3 0   -77.3 0    27.6 0    26.8 0     2.7 0   269.5 0   901.9 0
 2026 186  7  5 10  1 10.017 112.97    -2.9 0    -0.4 0    -0.8 0    -0.3 0   370.1 0   299.882 0   299.677 0   447.5 0   299.780 0   299.796 0     0.0 0     0.0 0     0.0 0   -77.4 0   -77.4 0    27.7 0    26.8 0     3.4 0   269.8 0   901.9 0
 2026 186  7  5 10  2 10.033 112.86    -2.8 0    -0.3 0    -0.8 0    -0.3 0   370.3 0   299.888 0   299.690 0   447.8 0   299.787 0   299.803 0     0.0 0     0.0 0     0.0 0   -77.5 0   -77.5 0    27.7 0    26.8 0     2.9 0   279.2 0   901.9 0
 2026 186  7  5 10  3 10.050 112.75    -2.7 0    -0.4 0    -0.8 0    -0.3 0   370.2 0   299.894 0   299.689 0   448.0 0   299.795 0   299.813 0     0.0 0     0.0 0     0.0 0   -77.9 0   -77.9 0    27.7 0    26.4 0     3.4 0   269.4 0   901.9 0
 2026 186  7  5 10  4 10.067 112.64    -2.8 0    -0.4 0    -0.8 0    -0.3 0   370.2 0   299.901 0   299.700 0   448.2 0   299.808 0   299.826 0     0.0 0     0.0 0     0.0 0   -78.0 0   -78.0 0    27.8 0    26.4 0     2.6 0   271.2 0   901.9 0
 2026 186  7  5 10  5 10.083 112.53    -2.9 0    -0.3 0    -0.8 0    -0.3 0   370.5 0   299.906 0   299.691 0   447.8 0   299.817 0   299.827 0     0.0 0     0.0 0     0.0 0   -77.2 0   -77.2 0    27.8 0    26.3 0     2.7 0   270.1 0   901.9 0
 2026 186  7  5 10  6 10.100 112.42    -3.0 0    -0.3 0    -0.8 0    -0.3 0   371.0 0   299.909 0   299.711 0   448.4 0   299.825 0   299.845 0     0.0 0     0.0 0     0.0 0   -77.4 0   -77.4 0    27.8 0    26.0 0     2.9 0   270.8 0   901.9 0
 2026 186  7  5 10  7 10.117 112.30    -3.0 0    -0.3 0    -0.7 0    -0.2 0   371.4 0   299.920 0   299.755 0   447.8 0   299.836 0   299.847 0     0.0 0     0.0 0     0.0 0   -76.4 0   -76.4 0    27.8 0    26.3 0     2.8 0   276.9 0   901.9 0
 2026 186  7  5 10  8 10.133 112.19    -3.1 0    -0.3 0    -0.8 0    -0.2 0   371.6 0   299.939 0   299.766 0   447.8 0   299.840 0   299.849 0     0.0 0     0.0 0     0.0 0   -76.1 0   -76.1 0    27.8 0    26.4 0     3.0 0   276.2 0   901.9 0
 2026 186  7  5 10  9 10.150 112.08    -3.1 0    -0.3 0    -0.8 0    -0.2 0   372.4 0   299.957 0   299.779 0   447.8 0   299.845 0   299.853 0     0.0 0     0.0 0     0.0 0   -75.4 0   -75.4 0    27.8 0    26.3 0     2.8 0   272.0 0   901.9 0
 2026 186  7  5 10 10 10.167 111.96    -3.1 0    -0.3 0    -0.8 0    -0.2 0   372.8 0   299.976 0   299.816 0   448.3 0   299.848 0   299.860 0     0.0 0     0.0 0     0.0 0   -75.5 0   -75.5 0    27.8 0    26.3 0     2.8 0   272.3 0   901.9 0
 2026 186  7  5 10 11 10.183 111.85    -3.0 0    -0.4 0    -0.8 0    -0.2 0   373.3 0   299.998 0   299.824 0   448.6 0   299.856 0   299.873 0     0.0 0     0.0 0     0.0 0   -75.4 0   -75.4 0    27.8 0    26.3 0     2.7 0   272.4 0   902.0 0
 2026 186  7  5 10 12 10.200 111.73    -3.0 0    -0.4 0    -0.8 0    -0.3 0   374.0 0   300.015 0   299.822 0   448.9 0   299.866 0   299.889 0     0.0 0     0.0 0     0.0 0   -75.0 0   -75.0 0    27.9 0    26.3 0     2.8 0   289.8 0   901.9 0
 2026 186  7  5 10 13 10.217 111.61    -3.0 0    -0.5 0    -0.8 0    -0.3 0   374.7 0   300.025 0   299.824 0   449.2 0   299.879 0   299.903 0     0.0 0     0.0 0     0.0 0   -74.5 0   -74.5 0    27.9 0    26.3 0     3.1 0   288.4 0   901.9 0
 2026 186  7  5 10 14 10.233 111.50    -3.0 0    -0.5 0    -0.7 0    -0.3 0   375.0 0   300.033 0   299.833 0   448.8 0   299.892 0   299.912 0     0.0 0     0.0 0     0.0 0   -73.7 0   -73.7 0    27.9 0    26.2 0     2.9 0   290.3 0   901.9 0
 2026 186  7  5 10 15 10.250 111.38    -3.0 0    -0.4 0    -0.7 0    -0.3 0   376.0 0   300.040 0   299.846 0   448.5 0   299.901 0   299.911 0     0.0 0     0.0 0     0.0 0   -72.5 0   -72.5 0    27.9 0    26.3 0     2.6 0   287.6 0   901.9 0
 2026 186  7  5 10 16 10.267 111.26    -3.0 0    -0.4 0    -0.7 0    -0.2 0   376.5 0   300.051 0   299.868 0   448.3 0   299.906 0   299.912 0     0.0 0     0.0 0     0.0 0   -71.8 0   -71.8 0    27.8 0    26.3 0     2.3 0   286.5 0   901.9 0
 2026 186  7  5 10 17 10.283 111.14    -3.0 0    -0.3 0    -0.7 0    -0.3 0   376.8 0   300.064 0   299.872 0   447.8 0   299.905 0   299.902 0     0.0 0     0.0 0     0.0 0   -71.0 0   -71.0 0    27.8 0    26.3 0     2.1 0   289.3 0   901.9 0
 2026 186  7  5 10 18 10.300 111.02    -2.9 0    -0.3 0    -0.7 0    -0.3 0   377.3 0   300.073 0   299.874 0   447.9 0   299.900 0   299.900 0     0.0 0     0.0 0     0.0 0   -70.6 0   -70.6 0    27.7 0    26.4 0     2.5 0   295.7 0   901.9 0
 2026 186  7  5 10 19 10.317 110.90    -2.9 0    -0.3 0    -0.7 0    -0.3 0   377.9 0   300.080 0   299.880 0   448.1 0   299.896 0   299.900 0     0.0 0     0.0 0     0.0 0   -70.2 0   -70.2 0    27.7 0    26.4 0     3.0 0   292.1 0   901.9 0
 2026 186  7  5 10 20 10.333 110.78    -2.9 0    -0.4 0    -0.6 0    -0.3 0   378.8 0   300.085 0   299.889 0   448.3 0   299.896 0   299.906 0     0.0 0     0.0 0     0.0 0   -69.6 0   -69.6 0    27.7 0    26.3 0     2.8 0   290.8 0   901.9 0
 2026 186  7  5 10 21 10.350 110.66    -2.9 0    -0.5 0    -0.6 0    -0.2 0   379.3 0   300.094 0   299.915 0   448.4 0   299.898 0   299.907 0     0.0 0     0.0 0     0.0 0   -69.1 0   -69.1 0    27.7 0    26.3 0     2.7 0   291.0 0   901.9 0
 2026 186  7  5 10 22 10.367 110.54    -2.8 0    -0.4 0    -0.6 0    -0.2 0   379.9 0   300.108 0   299.939 0   448.8 0   299.899 0   299.909 0     0.0 0     0.0 0     0.0 0   -68.9 0   -68.9 0    27.7 0    26.4 0     2.8 0   287.8 0   901.8 0
 2026 186  7  5 10 23 10.383 110.42    -2.9 0    -0.4 0    -0.7 0    -0.3 0   380.2 0   300.123 0   299.929 0   449.0 0   299.900 0   299.912 0     0.0 0     0.0 0     0.0 0   -68.8 0   -68.8 0    27.7 0    26.4 0     2.9 0   300.2 0   901.8 0
 2026 186  7  5 10 24 10.400 110.29    -2.9 0    -0.4 0    -0.6 0    -0.3 0   381.0 0   300.132 0   299.942 0   449.3 0   299.903 0   299.914 0     0.0 0     0.0 0     0.0 0   -68.2 0   -68.2 0    27.7 0    26.4 0     2.9 0   298.6 0   901.8 0
 2026 186  7  5 10 25 10.417 110.17    -2.8 0    -0.5 0    -0.6 0    -0.3 0   381.6 0   300.139 0   299.939 0   449.4 0   299.909 0   299.927 0     0.0 0     0.0 0     0.0 0   -67.7 0   -67.7 0    27.7 0    26.4 0     3.2 0   297.9 0   901.8 0
 2026 186  7  5 10 26 10.433 110.05    -2.8 0    -0.6 0    -0.5 0    -0.3 0   382.3 0   300.144 0   299.953 0   449.3 0   299.917 0   299.926 0     0.0 0     0.0 0     0.0 0   -67.0 0   -67.0 0    27.8 0    26.3 0     2.9 0   289.3 0   901.8 0
 2026 186  7  5 10 27 10.450 109.92    -2.8 0    -0.5 0    -0.6 0    -0.3 0   382.6 0   300.152 0   299.959 0   449.4 0   299.921 0   299.932 0     0.0 0     0.0 0     0.0 0   -66.9 0   -66.9 0    27.8 0    26.4 0     2.9 0   292.2 0   901.8 0
 2026 186  7  5 10 28 10.467 109.80    -2.8 0    -0.5 0    -0.6 0    -0.3 0   383.1 0   300.158 0   299.962 0   449.4 0   299.924 0   299.936 0     0.0 0     0.0 0     0.0 0   -66.3 0   -66.3 0    27.8 0    26.4 0     2.8 0   292.0 0   901.8 0
 2026 186  7  5 10 29 10.483 109.67    -2.7 0    -0.5 0    -0.6 0    -0.3 0   383.7 0   300.164 0   299.973 0   449.2 0   299.927 0   299.935 0     0.0 0     0.0 0     0.0 0   -65.6 0   -65.6 0    27.7 0    26.4 0     2.5 0   293.8 0   901.8 0
 2026 186  7  5 10 30 10.500 109.54    -2.7 0    -0.4 0    -0.5 0    -0.2 0   384.3 0   300.171 0   299.991 0   448.9 0   299.927 0   299.928 0     0.0 0     0.0 0     0.0 0   -64.6 0   -64.6 0    27.7 0    26.5 0     2.5 0   290.7 0   901.9 0
 2026 186  7  5 10 31 10.517 109.42    -2.7 0    -0.4 0    -0.5 0    -0.2 0   384.6 0   300.182 0   300.004 0   449.0 0   299.923 0   299.925 0     0.0 0     0.0 0     0.0 0   -64.4 0   -64.4 0    27.6 0    26.6 0     2.5 0   284.1 0   901.9 0
 2026 186  7  5 10 32 10.533 109.29    -2.7 0    -0.4 0    -0.6 0    -0.3 0   384.6 0   300.193 0   299.998 0   449.1 0   299.920 0   299.925 0     0.0 0     0.0 0     0.0 0   -64.5 0   -64.5 0    27.6 0    26.8 0     2.8 0   284.6 0   901.9 0
 2026 186  7  5 10 33 10.550 109.16    -2.7 0    -0.4 0    -0.6 0    -0.3 0   384.8 0   300.197 0   299.994 0   449.0 0   299.919 0   299.918 0     0.0 0     0.0 0     0.0 0   -64.2 0   -64.2 0    27.6 0    26.7 0     2.5 0   283.6 0   901.8 0
 2026 186  7  5 10 34 10.567 109.03    -2.6 0    -0.4 0    -0.6 0    -0.3 0   385.0 0   300.197 0   299.981 0   448.8 0   299.913 0   299.909 0     0.0 0     0.0 0     0.0 0   -63.8 0   -63.8 0    27.6 0    26.8 0     2.4 0   293.3 0   901.8 0
 2026 186  7  5 10 35 10.583 108.90    -2.6 0    -0.3 0    -0.6 0    -0.3 0   385.0 0   300.192 0   299.966 0   448.4 0   299.904 0   299.896 0     0.0 0     0.0 0     0.0 0   -63.4 0   -63.4 0    27.5 0    26.9 0     2.0 0   296.7 0   901.8 0
 2026 186  7  5 10 36 10.600 108.77    -2.5 0    -0.3 0    -0.6 0    -0.3 0   384.8 0   300.182 0   299.954 0   448.4 0   299.893 0   299.887 0     0.0 0     0.0 0     0.0 0   -63.7 0   -63.7 0    27.5 0    27.2 0     2.0 0   292.8 0   901.9 0
 2026 186  7  5 10 37 10.617 108.64    -2.4 0    -0.3 0    -0.6 0    -0.3 0   384.4 0   300.171 0   299.937 0   448.2 0   299.883 0   299.877 0     0.0 0     0.0 0     0.0 0   -63.8 0   -63.8 0    27.5 0    27.1 0     1.7 0   302.8 0   901.8 0
 2026 186  7  5 10 38 10.633 108.51    -2.4 0    -0.3 0    -0.6 0    -0.3 0   384.0 0   300.158 0   299.927 0   448.0 0   299.871 0   299.860 0     0.0 0     0.0 0     0.0 0   -64.0 0   -64.0 0    27.4 0    27.3 0     1.7 0   307.6 0   901.9 0
 2026 186  7  5 10 39 10.650 108.38    -2.4 0    -0.2 0    -0.6 0    -0.3 0   383.2 0   300.146 0   299.917 0   448.0 0   299.856 0   299.847 0     0.0 0     0.0 0     0.0 0   -64.8 0   -64.8 0    27.4 0    27.5 0     1.5 0   307.4 0   901.8 0
 2026 186  7  5 10 40 10.667 108.25    -2.3 0    -0.3 0    -0.6 0    -0.3 0   382.6 0   300.136 0   299.914 0   447.8 0   299.841 0   299.835 0     0.0 0     0.0 0     0.0 0   -65.2 0   -65.2 0    27.3 0    27.6 0     1.6 0   324.4 0   901.8 0
 2026 186  7  5 10 41 10.683 108.12    -2.3 0    -0.3 0    -0.6 0    -0.3 0   381.7 0   300.128 0   299.903 0   447.8 0   299.826 0   299.824 0     0.0 0     0.0 0     0.0 0   -66.1 0   -66.1 0    27.3 0    27.7 0     1.6 0   336.9 0   901.9 0
 2026 186  7  5 10 42 10.700 107.98    -2.3 0    -0.3 0    -0.6 0    -0.3 0   380.4 0   300.117 0   299.861 0   447.5 0   299.813 0   299.808 0     0.0 0     0.0 0     0.0 0   -67.2 0   -67.2 0    27.3 0    27.6 0     1.6 0   356.9 0   901.8 0
 2026 186  7  5 10 43 10.717 107.85    -2.2 0    -0.2 0    -0.6 0    -0.4 0   379.0 0   300.090 0   299.780 0   446.6 0   299.795 0   299.764 0     0.0 0     0.0 0     0.0 0   -67.6 0   -67.6 0    27.2 0    27.3 0     1.8 0     3.9 0   901.8 0
 2026 186  7  5 10 44 10.733 107.72    -2.2 0     0.1 0    -0.6 0    -0.4 0   378.8 0   300.048 0   299.737 0   446.4 0   299.762 0   299.710 0     0.0 0     0.0 0     0.0 0   -67.6 0   -67.6 0    26.9 0    27.6 0     2.2 0     8.3 0   901.9 0
 2026 186  7  5 10 45 10.750 107.58    -2.3 0     0.1 0    -0.6 0    -0.4 0   378.5 0   300.007 0   299.715 0   446.8 0   299.722 0   299.679 0     0.0 0     0.0 0     0.0 0   -68.3 0   -68.3 0    26.7 0    28.1 0     2.4 0     1.4 0   901.8 0
 2026 186  7  5 10 46 10.767 107.45    -2.3 0     0.1 0    -0.7 0    -0.4 0   377.0 0   299.970 0   299.661 0   446.5 0   299.684 0   299.637 0     0.0 0     0.0 0     0.0 0   -69.5 0   -69.5 0    26.7 0    28.1 0     2.4 0     8.7 0   901.8 0
 2026 186  7  5 10 47 10.783 107.31    -2.1 0     0.2 0    -0.7 0    -0.4 0   376.8 0   299.921 0   299.579 0   446.0 0   299.642 0   299.579 0     0.0 0     0.0 0     0.0 0   -69.2 0   -69.2 0    26.5 0    28.2 0     2.2 0    17.2 0   901.9 0
 2026 186  7  5 10 48 10.800 107.18    -2.0 0     0.0 0    -0.7 0    -0.4 0   377.6 0   299.861 0   299.526 0   446.5 0   299.601 0   299.568 0     0.0 0     0.0 0     0.0 0   -68.9 0   -68.9 0    26.5 0    28.6 0     2.2 0     0.5 0   901.9 0
 2026 186  7  5 10 49 10.817 107.04    -2.2 0    -0.1 0    -0.7 0    -0.4 0   377.5 0   299.810 0   299.510 0   446.6 0   299.568 0   299.541 0     0.0 0     0.0 0     0.0 0   -69.1 0   -69.1 0    26.5 0    28.5 0     1.9 0     2.6 0   901.9 0
 2026 186  7  5 10 50 10.833 106.90    -2.3 0    -0.1 0    -0.6 0    -0.3 0   378.0 0   299.771 0   299.508 0   446.6 0   299.538 0   299.514 0     0.0 0     0.0 0     0.0 0   -68.5 0   -68.5 0    26.5 0    28.5 0     1.7 0   360.0 0   901.8 0
 2026 186  7  5 10 51 10.850 106.77    -2.3 0    -0.2 0    -0.7 0    -0.3 0   378.0 0   299.745 0   299.492 0   446.4 0   299.510 0   299.490 0     0.0 0     0.0 0     0.0 0   -68.4 0   -68.4 0    26.6 0    28.5 0     2.1 0     2.3 0   901.8 0
 2026 186  7  5 10 52 10.867 106.63    -2.3 0    -0.2 0    -0.6 0    -0.3 0   378.5 0   299.723 0   299.483 0   446.6 0   299.483 0   299.464 0     0.0 0     0.0 0     0.0 0   -68.1 0   -68.1 0    26.6 0    28.6 0     2.4 0     6.6 0   901.8 0
 2026 186  7  5 10 53 10.883 106.49    -2.3 0    -0.2 0    -0.6 0    -0.3 0   378.6 0   299.705 0   299.450 0   446.6 0   299.457 0   299.443 0     0.0 0     0.0 0     0.0 0   -68.0 0   -68.0 0    26.6 0    28.6 0     2.6 0     0.7 0   901.9 0
 2026 186  7  5 10 54 10.900 106.35    -2.3 0    -0.2 0    -0.6 0    -0.3 0   379.0 0   299.684 0   299.420 0   446.6 0   299.433 0   299.421 0     0.0 0     0.0 0     0.0 0   -67.7 0   -67.7 0    26.6 0    28.6 0     2.5 0   350.4 0   901.9 0
 2026 186  7  5 10 55 10.917 106.21    -2.3 0    -0.2 0    -0.6 0    -0.3 0   379.1 0   299.659 0   299.388 0   446.5 0   299.411 0   299.403 0     0.0 0     0.0 0     0.0 0   -67.4 0   -67.4 0    26.7 0    28.6 0     2.3 0   350.2 0   901.9 0
 2026 186  7  5 10 56 10.933 106.07    -2.2 0    -0.2 0    -0.6 0    -0.3 0   379.5 0   299.632 0   299.366 0   446.4 0   299.390 0   299.381 0     0.0 0     0.0 0     0.0 0   -66.9 0   -66.9 0    26.7 0    28.6 0     2.5 0   341.6 0   901.9 0
 2026 186  7  5 10 57 10.950 105.93    -2.3 0    -0.2 0    -0.5 0    -0.3 0   379.9 0   299.610 0   299.380 0   446.5 0   299.373 0   299.373 0     0.0 0     0.0 0     0.0 0   -66.6 0   -66.6 0    26.7 0    28.6 0     2.0 0   346.6 0   901.9 0
 2026 186  7  5 10 58 10.967 105.79    -2.4 0    -0.2 0    -0.5 0    -0.3 0   380.3 0   299.598 0   299.375 0   446.6 0   299.358 0   299.357 0     0.0 0     0.0 0     0.0 0   -66.4 0   -66.4 0    26.7 0    28.6 0     1.5 0    10.3 0   901.9 0
 2026 186  7  5 10 59 10.983 105.65    -2.4 0    -0.2 0    -0.5 0    -0.3 0   380.8 0   299.589 0   299.376 0   446.5 0   299.343 0   299.342 0     0.0 0     0.0 0     0.0 0   -65.8 0   -65.8 0    26.7 0    28.6 0     1.7 0     5.9 0   901.9 0
 2026 186  7  5 11  0 11.000 105.51    -2.4 0    -0.1 0    -0.5 0    -0.3 0   381.1 0   299.583 0   299.372 0   446.5 0   299.326 0   299.319 0     0.0 0     0.0 0     0.0 0   -65.4 0   -65.4 0    26.7 0    28.7 0     2.3 0     5.1 0   901.9 0
 2026 186  7  5 11  1 11.017 105.36    -2.5 0    -0.1 0    -0.5 0    -0.3 0   381.6 0   299.580 0   299.377 0   446.6 0   299.308 0   299.308 0     0.0 0     0.0 0     0.0 0   -65.0 0   -65.0 0    26.7 0    28.8 0     1.6 0     1.9 0   901.9 0
 2026 186  7  5 11  2 11.033 105.22    -2.5 0    -0.1 0    -0.5 0    -0.3 0   382.0 0   299.580 0   299.390 0   446.8 0   299.293 0   299.295 0     0.0 0     0.0 0     0.0 0   -64.7 0   -64.7 0    26.7 0    28.8 0     1.9 0    11.4 0   901.9 0
 2026 186  7  5 11  3 11.050 105.08    -2.4 0    -0.2 0    -0.5 0    -0.2 0   382.2 0   299.584 0   299.403 0   446.9 0   299.279 0   299.285 0     0.0 0     0.0 0     0.0 0   -64.7 0   -64.7 0    26.7 0    28.8 0     1.8 0     8.6 0   901.9 0
 2026 186  7  5 11  4 11.067 104.94    -2.4 0    -0.2 0    -0.5 0    -0.3 0   381.9 0   299.591 0   299.403 0   447.1 0   299.267 0   299.276 0     0.0 0     0.0 0     0.0 0   -65.1 0   -65.1 0    26.7 0    28.8 0     1.7 0    11.4 0   901.9 0
 2026 186  7  5 11  5 11.083 104.79    -2.5 0    -0.1 0    -0.5 0    -0.3 0   382.5 0   299.596 0   299.405 0   446.7 0   299.255 0   299.256 0     0.0 0     0.0 0     0.0 0   -64.2 0   -64.2 0    26.7 0    28.8 0     2.0 0    28.1 0   901.9 0
 2026 186  7  5 11  6 11.100 104.65    -2.5 0    -0.1 0    -0.4 0    -0.3 0   383.0 0   299.600 0   299.419 0   446.9 0   299.242 0   299.245 0     0.0 0     0.0 0     0.0 0   -63.9 0   -63.9 0    26.7 0    28.8 0     2.1 0    28.6 0   901.9 0
 2026 186  7  5 11  7 11.117 104.50    -2.6 0    -0.1 0    -0.4 0    -0.2 0   383.5 0   299.609 0   299.429 0   447.1 0   299.231 0   299.239 0     0.0 0     0.0 0     0.0 0   -63.7 0   -63.7 0    26.7 0    28.8 0     2.0 0    22.1 0   901.9 0
 2026 186  7  5 11  8 11.133 104.36    -2.7 0    -0.1 0    -0.4 0    -0.2 0   384.1 0   299.617 0   299.439 0   447.4 0   299.222 0   299.239 0     0.0 0     0.0 0     0.0 0   -63.3 0   -63.3 0    26.8 0    28.7 0     2.3 0    14.4 0   901.9 0
 2026 186  7  5 11  9 11.150 104.21    -2.7 0    -0.2 0    -0.4 0    -0.2 0   384.7 0   299.626 0   299.452 0   447.4 0   299.217 0   299.238 0     0.0 0     0.0 0     0.0 0   -62.7 0   -62.7 0    26.8 0    28.7 0     2.3 0    11.9 0   901.9 0
 2026 186  7  5 11 10 11.167 104.06    -2.7 0    -0.2 0    -0.4 0    -0.2 0   385.3 0   299.639 0   299.477 0   448.0 0   299.215 0   299.246 0     0.0 0     0.0 0     0.0 0   -62.7 0   -62.7 0    26.8 0    28.7 0     1.8 0   356.9 0   901.9 0
 2026 186  7  5 11 11 11.183 103.92    -2.7 0    -0.2 0    -0.4 0    -0.2 0   385.8 0   299.655 0   299.501 0   447.8 0   299.217 0   299.245 0     0.0 0     0.0 0     0.0 0   -62.0 0   -62.0 0    26.9 0    28.5 0     1.5 0    15.0 0   901.9 0
 2026 186  7  5 11 12 11.200 103.77    -2.7 0    -0.1 0    -0.4 0    -0.2 0   386.0 0   299.674 0   299.515 0   447.2 0   299.217 0   299.241 0     0.0 0     0.0 0     0.0 0   -61.2 0   -61.2 0    26.9 0    28.5 0     0.8 0     9.3 0   901.9 0
 2026 186  7  5 11 13 11.217 103.62    -2.7 0     0.0 0    -0.4 0    -0.2 0   386.2 0   299.690 0   299.516 0   447.1 0   299.211 0   299.220 0     0.0 0     0.0 0     0.0 0   -60.9 0   -60.9 0    26.9 0    28.5 0     1.1 0    36.1 0   901.9 0
 2026 186  7  5 11 14 11.233 103.48    -2.7 0     0.0 0    -0.4 0    -0.2 0   386.9 0   299.701 0   299.532 0   447.2 0   299.201 0   299.209 0     0.0 0     0.0 0     0.0 0   -60.3 0   -60.3 0    26.9 0    28.6 0     1.3 0    40.7 0   901.9 0
 2026 186  7  5 11 15 11.250 103.33    -2.7 0     0.0 0    -0.4 0    -0.2 0   387.0 0   299.713 0   299.545 0   447.1 0   299.194 0   299.205 0     0.0 0     0.0 0     0.0 0   -60.2 0   -60.2 0    26.9 0    28.6 0     1.5 0    36.5 0   901.9 0
 2026 186  7  5 11 16 11.267 103.18    -2.6 0    -0.1 0    -0.4 0    -0.2 0   387.6 0   299.725 0   299.565 0   447.3 0   299.190 0   299.214 0     0.0 0     0.0 0     0.0 0   -59.7 0   -59.7 0    26.9 0    28.6 0     1.0 0     8.1 0   901.9 0
 2026 186  7  5 11 17 11.283 103.03    -2.6 0    -0.1 0    -0.4 0    -0.2 0   387.9 0   299.743 0   299.597 0   447.1 0   299.188 0   299.204 0     0.0 0     0.0 0     0.0 0   -59.3 0   -59.3 0    27.0 0    28.4 0     0.9 0    17.3 0   901.9 0
 2026 186  7  5 11 18 11.300 102.88    -2.6 0    -0.1 0    -0.4 0    -0.2 0   387.8 0   299.766 0   299.615 0   447.6 0   299.186 0   299.218 0     0.0 0     0.0 0     0.0 0   -59.8 0   -59.8 0    27.0 0    28.5 0     1.5 0   347.0 0   901.9 0
 2026 186  7  5 11 19 11.317 102.73    -2.6 0    -0.1 0    -0.4 0    -0.2 0   387.9 0   299.785 0   299.620 0   447.6 0   299.188 0   299.212 0     0.0 0     0.0 0     0.0 0   -59.8 0   -59.8 0    27.0 0    28.3 0     1.2 0    17.4 0   901.9 0
 2026 186  7  5 11 20 11.333 102.58    -2.6 0    -0.1 0    -0.3 0    -0.2 0   387.9 0   299.798 0   299.622 0   447.4 0   299.187 0   299.201 0     0.0 0     0.0 0     0.0 0   -59.5 0   -59.5 0    27.0 0    28.3 0     1.1 0    26.9 0   901.9 0
 2026 186  7  5 11 21 11.350 102.43    -2.5 0     0.0 0    -0.4 0    -0.3 0   388.1 0   299.806 0   299.620 0   447.3 0   299.182 0   299.195 0     0.0 0     0.0 0     0.0 0   -59.3 0   -59.3 0    27.0 0    28.4 0     0.6 0    30.5 0   901.9 0
 2026 186  7  5 11 22 11.367 102.28    -2.5 0     0.0 0    -0.4 0    -0.3 0   388.6 0   299.811 0   299.632 0   446.8 0   299.175 0   299.183 0     0.0 0     0.0 0     0.0 0   -58.2 0   -58.2 0    27.0 0    28.4 0     1.5 0    34.8 0   901.9 0
 2026 186  7  5 11 23 11.383 102.12    -2.5 0     0.0 0    -0.3 0    -0.2 0   389.0 0   299.819 0   299.651 0   447.3 0   299.168 0   299.184 0     0.0 0     0.0 0     0.0 0   -58.4 0   -58.4 0    27.0 0    28.5 0     1.5 0    34.3 0   901.9 0
 2026 186  7  5 11 24 11.400 101.97    -2.5 0    -0.1 0    -0.3 0    -0.2 0   389.3 0   299.830 0   299.661 0   447.8 0   299.165 0   299.185 0     0.0 0     0.0 0     0.0 0   -58.5 0   -58.5 0    27.0 0    28.5 0     2.4 0    43.7 0   901.9 0
 2026 186  7  5 11 25 11.417 101.82    -2.5 0    -0.2 0    -0.3 0    -0.2 0   389.8 0   299.840 0   299.660 0   447.9 0   299.170 0   299.189 0     0.0 0     0.0 0     0.0 0   -58.1 0   -58.1 0    27.1 0    28.3 0     2.5 0    42.7 0   901.9 0
 2026 186  7  5 11 26 11.433 101.67    -2.5 0    -0.3 0    -0.3 0    -0.3 0   389.8 0   299.845 0   299.653 0   448.1 0   299.179 0   299.202 0     0.0 0     0.0 0     0.0 0   -58.3 0   -58.3 0    27.1 0    28.3 0     2.5 0    42.6 0   901.9 0
 2026 186  7  5 11 27 11.450 101.51    -2.5 0    -0.3 0    -0.4 0    -0.3 0   389.8 0   299.844 0   299.632 0   447.7 0   299.189 0   299.203 0     0.0 0     0.0 0     0.0 0   -57.9 0   -57.9 0    27.1 0    28.0 0     2.9 0    39.1 0   901.9 0
 2026 186  7  5 11 28 11.467 101.36    -2.4 0     0.0 0    -0.4 0    -0.3 0   389.8 0   299.835 0   299.605 0   447.4 0   299.190 0   299.182 0     0.0 0     0.0 0     0.0 0   -57.6 0   -57.6 0    27.0 0    28.1 0     3.1 0    40.5 0   901.9 0
 2026 186  7  5 11 29 11.483 101.21    -2.4 0     0.1 0    -0.4 0    -0.3 0   390.4 0   299.819 0   299.588 0   447.6 0   299.179 0   299.171 0     0.0 0     0.0 0     0.0 0   -57.1 0   -57.1 0    26.8 0    28.5 0     3.7 0    45.1 0   901.9 0
 2026 186  7  5 11 30 11.500 101.05    -2.5 0    -0.1 0    -0.3 0    -0.3 0   391.4 0   299.806 0   299.613 0   448.5 0   299.172 0   299.190 0     0.0 0     0.0 0     0.0 0   -57.0 0   -57.0 0    26.8 0    28.7 0     4.0 0    41.3 0   901.9 0
 2026 186  7  5 11 31 11.517 100.90    -2.7 0    -0.3 0    -0.2 0    -0.2 0   391.6 0   299.812 0   299.674 0   448.8 0   299.181 0   299.207 0     0.0 0     0.0 0     0.0 0   -57.2 0   -57.2 0    26.9 0    28.5 0     3.4 0    38.1 0   901.9 0
 2026 186  7  5 11 32 11.533 100.74    -2.7 0    -0.4 0    -0.3 0    -0.2 0   391.4 0   299.832 0   299.682 0   449.1 0   299.192 0   299.219 0     0.0 0     0.0 0     0.0 0   -57.7 0   -57.7 0    27.0 0    28.4 0     3.9 0    32.7 0   901.9 0
 2026 186  7  5 11 33 11.550 100.58    -2.7 0    -0.4 0    -0.3 0    -0.3 0   390.9 0   299.845 0   299.643 0   448.9 0   299.205 0   299.224 0     0.0 0     0.0 0     0.0 0   -58.1 0   -58.1 0    27.0 0    28.2 0     4.5 0    35.9 0   901.9 0
 2026 186  7  5 11 34 11.567 100.43    -2.6 0    -0.2 0    -0.3 0    -0.3 0   391.6 0   299.844 0   299.653 0   449.2 0   299.211 0   299.233 0     0.0 0     0.0 0     0.0 0   -57.6 0   -57.6 0    26.9 0    28.5 0     4.1 0    30.0 0   901.8 0
 2026 186  7  5 11 35 11.583 100.27    -2.8 0    -0.4 0    -0.2 0    -0.2 0   392.4 0   299.852 0   299.718 0   450.0 0   299.223 0   299.276 0     0.0 0     0.0 0     0.0 0   -57.7 0   -57.7 0    27.0 0    28.7 0     3.5 0    29.9 0   901.8 0
 2026 186  7  5 11 36 11.600 100.12    -2.9 0    -0.7 0    -0.2 0    -0.2 0   392.3 0   299.880 0   299.771 0   450.9 0   299.249 0   299.328 0     0.0 0     0.0 0     0.0 0   -58.6 0   -58.6 0    27.2 0    28.5 0     3.7 0    47.3 0   901.8 0
 2026 186  7  5 11 37 11.617  99.96    -2.9 0    -0.7 0    -0.3 0    -0.2 0   391.0 0   299.909 0   299.738 0   450.5 0   299.288 0   299.348 0     0.0 0     0.0 0     0.0 0   -59.5 0   -59.5 0    27.3 0    28.0 0     3.4 0    10.5 0   901.8 0
 2026 186  7  5 11 38 11.633  99.80    -2.8 0    -0.5 0    -0.3 0    -0.3 0   391.2 0   299.922 0   299.743 0   450.6 0   299.318 0   299.369 0     0.0 0     0.0 0     0.0 0   -59.4 0   -59.4 0    27.3 0    28.3 0     3.4 0    13.7 0   901.9 0
 2026 186  7  5 11 39 11.650  99.64    -2.9 0    -0.5 0    -0.3 0    -0.2 0   390.5 0   299.934 0   299.768 0   450.8 0   299.344 0   299.403 0     0.0 0     0.0 0     0.0 0   -60.2 0   -60.2 0    27.3 0    28.1 0     3.5 0    25.0 0   901.9 0
 2026 186  7  5 11 40 11.667  99.48    -2.8 0    -0.6 0    -0.3 0    -0.2 0   389.5 0   299.947 0   299.774 0   451.1 0   299.372 0   299.438 0     0.0 0     0.0 0     0.0 0   -61.6 0   -61.6 0    27.4 0    28.1 0     2.9 0    39.9 0   901.9 0
 2026 186  7  5 11 41 11.683  99.33    -2.8 0    -0.4 0    -0.3 0    -0.2 0   388.8 0   299.958 0   299.785 0   450.2 0   299.400 0   299.442 0     0.0 0     0.0 0     0.0 0   -61.4 0   -61.4 0    27.5 0    27.8 0     3.1 0    37.3 0   901.9 0
 2026 186  7  5 11 42 11.700  99.17    -2.8 0    -0.2 0    -0.3 0    -0.2 0   388.2 0   299.971 0   299.814 0   449.9 0   299.417 0   299.446 0     0.0 0     0.0 0     0.0 0   -61.7 0   -61.7 0    27.4 0    27.9 0     3.4 0    33.3 0   901.9 0
 2026 186  7  5 11 43 11.717  99.01    -2.9 0    -0.2 0    -0.3 0    -0.2 0   386.7 0   299.991 0   299.832 0   450.1 0   299.432 0   299.473 0     0.0 0     0.0 0     0.0 0   -63.4 0   -63.4 0    27.3 0    28.0 0     3.4 0    23.4 0   901.9 0
 2026 186  7  5 11 44 11.733  98.85    -2.9 0    -0.2 0    -0.3 0    -0.2 0   385.9 0   300.009 0   299.837 0   450.2 0   299.445 0   299.480 0     0.0 0     0.0 0     0.0 0   -64.3 0   -64.3 0    27.3 0    28.1 0     3.3 0    30.4 0   901.9 0
 2026 186  7  5 11 45 11.750  98.69    -2.9 0    -0.2 0    -0.3 0    -0.2 0   385.1 0   300.024 0   299.854 0   449.9 0   299.457 0   299.489 0     0.0 0     0.0 0     0.0 0   -64.8 0   -64.8 0    27.3 0    28.2 0     2.5 0    28.7 0   901.9 0
 2026 186  7  5 11 46 11.767  98.53    -2.8 0    -0.2 0    -0.4 0    -0.3 0   383.7 0   300.035 0   299.817 0   449.6 0   299.467 0   299.495 0     0.0 0     0.0 0     0.0 0   -65.9 0   -65.9 0    27.3 0    28.0 0     2.9 0    28.9 0   901.9 0
 2026 186  7  5 11 47 11.783  98.37    -2.8 0    -0.1 0    -0.3 0    -0.3 0   384.7 0   300.034 0   299.850 0   450.2 0   299.473 0   299.500 0     0.0 0     0.0 0     0.0 0   -65.5 0   -65.5 0    27.2 0    28.4 0     3.1 0    20.5 0   901.9 0
 2026 186  7  5 11 48 11.800  98.21    -3.1 0    -0.4 0    -0.3 0    -0.2 0   384.1 0   300.052 0   299.925 0   451.9 0   299.496 0   299.579 0     0.0 0     0.0 0     0.0 0   -67.8 0   -67.8 0    27.4 0    28.4 0     1.9 0    18.6 0   901.9 0
 2026 186  7  5 11 49 11.817  98.04    -3.1 0    -0.6 0    -0.3 0    -0.2 0   384.3 0   300.083 0   299.959 0   451.8 0   299.533 0   299.623 0     0.0 0     0.0 0     0.0 0   -67.5 0   -67.5 0    27.6 0    28.0 0     3.2 0     8.9 0   901.9 0
 2026 186  7  5 11 50 11.833  97.88    -3.2 0    -0.7 0    -0.3 0    -0.2 0   384.5 0   300.121 0   300.022 0   451.7 0   299.575 0   299.654 0     0.0 0     0.0 0     0.0 0   -67.2 0   -67.2 0    27.8 0    27.7 0     2.2 0    26.8 0   901.9 0
 2026 186  7  5 11 51 11.850  97.72    -3.2 0    -0.5 0    -0.3 0    -0.2 0   384.7 0   300.165 0   300.056 0   451.3 0   299.607 0   299.670 0     0.0 0     0.0 0     0.0 0   -66.6 0   -66.6 0    27.9 0    27.6 0     2.1 0    12.8 0   901.9 0
 2026 186  7  5 11 52 11.867  97.56    -3.2 0    -0.3 0    -0.3 0    -0.2 0   384.5 0   300.209 0   300.073 0   450.6 0   299.634 0   299.689 0     0.0 0     0.0 0     0.0 0   -66.1 0   -66.1 0    27.9 0    27.5 0     2.2 0     0.4 0   902.0 0
 2026 186  7  5 11 53 11.883  97.39    -3.0 0    -0.1 0    -0.3 0    -0.2 0   385.1 0   300.242 0   300.093 0   449.8 0   299.652 0   299.686 0     0.0 0     0.0 0     0.0 0   -64.7 0   -64.7 0    27.8 0    27.5 0     2.2 0     1.1 0   902.0 0
 2026 186  7  5 11 54 11.900  97.23    -2.9 0     0.0 0    -0.4 0    -0.3 0   384.8 0   300.265 0   300.057 0   450.4 0   299.664 0   299.701 0     0.0 0     0.0 0     0.0 0   -65.6 0   -65.6 0    27.7 0    28.0 0     2.5 0   356.0 0   902.0 0
 2026 186  7  5 11 55 11.917  97.07    -2.8 0    -0.1 0    -0.4 0    -0.3 0   386.1 0   300.272 0   300.075 0   450.2 0   299.678 0   299.705 0     0.0 0     0.0 0     0.0 0   -64.1 0   -64.1 0    27.7 0    27.9 0     2.7 0   352.5 0   902.0 0
 2026 186  7  5 11 56 11.933  96.90    -2.9 0    -0.2 0    -0.3 0    -0.2 0   386.9 0   300.285 0   300.125 0   450.7 0   299.696 0   299.743 0     0.0 0     0.0 0     0.0 0   -63.9 0   -63.9 0    27.7 0    28.0 0     2.9 0   344.5 0   902.0 0
 2026 186  7  5 11 57 11.950  96.74    -3.0 0    -0.4 0    -0.3 0    -0.2 0   387.2 0   300.309 0   300.175 0   450.9 0   299.724 0   299.781 0     0.0 0     0.0 0     0.0 0   -63.7 0   -63.7 0    27.8 0    27.8 0     2.8 0   352.1 0   902.0 0
 2026 186  7  5 11 58 11.967  96.58    -2.9 0    -0.3 0    -0.3 0    -0.2 0   386.8 0   300.338 0   300.162 0   450.4 0   299.748 0   299.778 0     0.0 0     0.0 0     0.0 0   -63.6 0   -63.6 0    27.8 0    27.6 0     3.2 0   358.5 0   902.0 0
 2026 186  7  5 11 59 11.983  96.41    -2.7 0    -0.2 0    -0.4 0    -0.3 0   387.5 0   300.349 0   300.126 0   450.5 0   299.757 0   299.790 0     0.0 0     0.0 0     0.0 0   -63.0 0   -63.0 0    27.6 0    28.0 0     3.2 0     2.2 0   902.0 0
 2026 186  7  5 12  0 12.000  96.25    -2.7 0    -0.2 0    -0.4 0    -0.3 0   387.0 0   300.348 0   300.112 0   450.5 0   299.768 0   299.799 0     0.0 0     0.0 0     0.0 0   -63.5 0   -63.5 0    27.6 0    28.1 0     3.1 0   357.7 0   902.0 0
 2026 186  7  5 12  1 12.017  96.08    -2.6 0    -0.4 0    -0.4 0    -0.3 0   386.6 0   300.335 0   300.056 0   450.8 0   299.785 0   299.831 0     0.0 0     0.0 0     0.0 0   -64.2 0   -64.2 0    27.7 0    28.1 0     3.1 0   355.6 0   902.0 0
 2026 186  7  5 12  2 12.033  95.91    -2.4 0    -0.3 0    -0.4 0    -0.3 0   386.2 0   300.310 0   300.034 0   450.0 0   299.805 0   299.825 0     0.0 0     0.0 0     0.0 0   -63.8 0   -63.8 0    27.7 0    27.7 0     3.2 0     2.1 0   902.0 0
 2026 186  7  5 12  3 12.050  95.75    -2.4 0    -0.1 0    -0.4 0    -0.3 0   385.6 0   300.287 0   300.037 0   449.5 0   299.810 0   299.816 0     0.0 0     0.0 0     0.0 0   -64.0 0   -64.0 0    27.6 0    27.9 0     2.5 0     9.7 0   902.0 0
 2026 186  7  5 12  4 12.067  95.58    -2.3 0     0.1 0    -0.5 0    -0.3 0   385.4 0   300.265 0   299.981 0   449.0 0   299.802 0   299.792 0     0.0 0     0.0 0     0.0 0   -63.7 0   -63.7 0    27.4 0    28.2 0     3.4 0   358.5 0   902.0 0
 2026 186  7  5 12  5 12.083  95.41    -2.3 0     0.1 0    -0.5 0    -0.3 0   385.6 0   300.237 0   299.965 0   449.3 0   299.788 0   299.783 0     0.0 0     0.1 0     0.0 0   -63.7 0   -63.7 0    27.3 0    28.5 0     3.8 0   348.4 0   902.0 0
 2026 186  7  5 12  6 12.100  95.25    -2.4 0    -0.2 0    -0.4 0    -0.2 0   386.5 0   300.216 0   300.011 0   450.4 0   299.786 0   299.821 0     0.0 0     0.1 0     0.0 0   -63.9 0   -63.9 0    27.4 0    28.7 0     3.3 0   338.0 0   902.0 0
 2026 186  7  5 12  7 12.117  95.08    -2.5 0    -0.5 0    -0.4 0    -0.2 0   386.1 0   300.215 0   300.020 0   450.8 0   299.804 0   299.844 0     0.0 0     0.1 0     0.0 0   -64.7 0   -64.7 0    27.6 0    28.3 0     3.0 0   345.3 0   902.0 0
 2026 186  7  5 12  8 12.133  94.91    -2.5 0    -0.6 0    -0.4 0    -0.1 0   386.7 0   300.220 0   300.035 0   451.6 0   299.826 0   299.880 0     0.0 0     0.1 0     0.0 0   -65.0 0   -65.0 0    27.7 0    28.3 0     2.9 0   341.0 0   902.0 0
 2026 186  7  5 12  9 12.150  94.74    -2.7 0    -0.6 0    -0.3 0    -0.1 0   387.3 0   300.234 0   300.109 0   451.1 0   299.855 0   299.895 0     0.0 0     0.1 0     0.0 0   -63.7 0   -63.7 0    27.8 0    27.9 0     1.9 0   344.7 0   902.0 0
 2026 186  7  5 12 10 12.167  94.58    -2.6 0    -0.3 0    -0.4 0    -0.1 0   387.2 0   300.260 0   300.081 0   450.9 0   299.871 0   299.898 0     0.0 0     0.1 0     0.0 0   -63.8 0   -63.8 0    27.8 0    27.9 0     2.0 0   357.4 0   902.0 0
 2026 186  7  5 12 11 12.183  94.41    -2.5 0    -0.3 0    -0.4 0    -0.1 0   387.6 0   300.273 0   300.104 0   450.9 0   299.880 0   299.913 0     0.0 0     0.1 0     0.0 0   -63.4 0   -63.4 0    27.8 0    28.0 0     2.2 0   357.2 0   902.0 0
 2026 186  7  5 12 12 12.200  94.24    -2.5 0    -0.3 0    -0.4 0     0.0 0   387.0 0   300.290 0   300.126 0   450.7 0   299.892 0   299.920 0     0.0 0     0.1 0     0.0 0   -63.7 0   -63.7 0    27.8 0    27.9 0     2.2 0     7.9 0   902.0 0
 2026 186  7  5 12 13 12.217  94.07    -2.4 0    -0.1 0    -0.4 0     0.0 0   386.5 0   300.305 0   300.107 0   450.3 0   299.897 0   299.911 0     0.0 0     0.2 0     0.0 0   -63.8 0   -63.8 0    27.7 0    27.9 0     2.3 0     9.7 0   902.0 0
 2026 186  7  5 12 14 12.233  93.90    -2.2 0     0.1 0    -0.4 0     0.0 0   386.1 0   300.305 0   300.051 0   449.5 0   299.893 0   299.888 0     0.0 0     0.2 0     0.0 0   -63.4 0   -63.4 0    27.6 0    28.0 0     2.7 0     8.0 0   902.0 0
 2026 186  7  5 12 15 12.250  93.73    -2.0 0     0.2 0    -0.4 0     0.1 0   386.0 0   300.287 0   300.015 0   449.3 0   299.878 0   299.868 0     0.0 0     0.2 0     0.0 0   -63.3 0   -63.3 0    27.4 0    28.5 0     3.0 0    10.5 0   902.0 0
 2026 186  7  5 12 16 12.267  93.56    -1.9 0     0.3 0    -0.4 0     0.2 0   385.8 0   300.264 0   299.995 0   448.9 0   299.862 0   299.842 0     0.0 0     0.2 0     0.0 0   -63.1 0   -63.1 0    27.3 0    28.5 0     2.4 0    16.2 0   902.0 0
 2026 186  7  5 12 17 12.283  93.39    -1.7 0     0.3 0    -0.4 0     0.4 0   386.9 0   300.240 0   299.990 0   448.4 0   299.840 0   299.818 0     0.0 0     0.3 0     0.1 0   -61.5 0   -61.5 0    27.1 0    28.6 0     0.9 0    14.1 0   902.0 0
 2026 186  7  5 12 18 12.300  93.22    -1.5 0     0.1 0    -0.4 0     0.7 0   386.0 0   300.226 0   300.004 0   450.7 0   299.828 0   299.868 0     0.0 0     0.3 0     0.6 0   -64.6 0   -64.0 0    27.3 0    29.2 0     1.3 0   355.3 0   902.0 0
 2026 186  7  5 12 19 12.317  93.05    -1.1 0     0.2 0    -0.5 0     1.0 0   385.3 0   300.210 0   299.948 0   449.0 0   299.827 0   299.819 0     0.0 0     0.4 0     0.8 0   -63.8 0   -63.0 0    27.3 0    28.4 0     2.5 0    41.2 0   902.0 0
 2026 186  7  5 12 20 12.333  92.88    -0.5 0     0.5 0    -0.5 0     1.5 0   385.8 0   300.187 0   299.952 0   449.4 0   299.810 0   299.805 0     0.0 0     0.5 0     1.0 0   -63.6 0   -62.6 0    27.2 0    28.9 0     1.9 0    24.2 0   902.1 0
 2026 186  7  5 12 21 12.350  92.71     0.1 0     0.6 0    -0.5 0     2.2 0   385.3 0   300.171 0   299.947 0   449.4 0   299.798 0   299.799 0     0.0 0     0.6 0     1.6 0   -64.2 0   -62.5 0    27.2 0    28.7 0     2.3 0    34.2 0   902.1 0
 2026 186  7  5 12 22 12.367  92.53     0.9 0     0.9 0    -0.6 0     2.9 0   384.7 0   300.155 0   299.894 0   448.5 0   299.781 0   299.754 0     0.0 0     0.7 0     1.9 0   -63.7 0   -61.8 0    27.1 0    28.5 0     2.8 0    32.7 0   902.1 0
 2026 186  7  5 12 23 12.383  92.36     1.5 0     1.3 0    -0.5 0     3.5 0   385.1 0   300.128 0   299.860 0   448.5 0   299.752 0   299.725 0     0.0 0     0.9 0     2.2 0   -63.4 0   -61.2 0    27.0 0    29.0 0     3.1 0    25.4 0   902.1 0
 2026 186  7  5 12 24 12.400  92.19     2.2 0     1.3 0    -0.5 0     4.2 0   385.2 0   300.097 0   299.835 0   448.4 0   299.726 0   299.708 0     0.0 0     1.0 0     2.9 0   -63.3 0   -60.3 0    26.9 0    28.9 0     3.0 0    26.5 0   902.1 0
 2026 186  7  5 12 25 12.417  92.02     2.7 0     1.4 0    -0.5 0     4.7 0   385.3 0   300.069 0   299.814 0   448.4 0   299.701 0   299.674 0     0.0 0     1.2 0     3.3 0   -63.1 0   -59.8 0    26.9 0    28.9 0     2.7 0    23.6 0   902.1 0
 2026 186  7  5 12 26 12.433  91.84     2.7 0     1.3 0    -0.5 0     4.8 0   385.6 0   300.043 0   299.797 0   448.8 0   299.675 0   299.669 0     0.0 0     1.3 0     3.5 0   -63.2 0   -59.7 0    26.9 0    29.2 0     3.0 0    30.9 0   902.1 0
 2026 186  7  5 12 27 12.450  91.67     2.9 0     1.3 0    -0.5 0     5.0 0   386.0 0   300.020 0   299.791 0   448.4 0   299.657 0   299.645 0     0.0 0     1.5 0     3.7 0   -62.4 0   -58.7 0    26.9 0    29.0 0     2.8 0    36.8 0   902.1 0
 2026 186  7  5 12 28 12.467  91.50     3.2 0     1.4 0    -0.3 0     5.6 0   387.6 0   300.012 0   299.883 0   448.4 0   299.638 0   299.630 0     0.0 0     1.7 0     4.2 0   -60.7 0   -56.5 0    26.9 0    29.1 0     1.4 0    58.8 0   902.1 0
 2026 186  7  5 12 29 12.483  91.32     3.4 0     1.4 0    -0.4 0     6.1 0   387.0 0   300.034 0   299.901 0   449.4 0   299.623 0   299.635 0     0.0 0     1.9 0     4.7 0   -62.4 0   -57.7 0    26.9 0    29.4 0     0.2 0   131.1 0   902.1 0
 2026 186  7  5 12 30 12.500  91.15     3.2 0     1.1 0    -0.4 0     5.9 0   387.3 0   300.058 0   299.935 0   449.9 0   299.618 0   299.649 0     0.0 0     2.0 0     4.8 0   -62.6 0   -57.9 0    27.0 0    29.4 0     0.5 0   320.9 0   902.1 0
 2026 186  7  5 12 31 12.517  90.98     2.9 0     1.0 0    -0.3 0     5.7 0   387.0 0   300.090 0   299.982 0   449.6 0   299.620 0   299.650 0     0.0 0     2.1 0     4.7 0   -62.6 0   -57.9 0    27.2 0    29.0 0     1.1 0    24.4 0   902.1 0
 2026 186  7  5 12 32 12.533  90.80     3.3 0     1.1 0    -0.4 0     5.9 0   385.4 0   300.121 0   299.956 0   449.0 0   299.619 0   299.642 0     0.0 0     2.3 0     4.8 0   -63.6 0   -58.8 0    27.2 0    28.8 0     1.1 0     5.1 0   902.1 0
 2026 186  7  5 12 33 12.550  89.90     4.2 0     1.5 0    -0.4 0     6.4 0   384.0 0   300.130 0   299.907 0   448.1 0   299.611 0   299.614 0     0.4 0     2.6 0     5.0 0   -64.1 0   -59.1 0    27.2 0    28.6 0     1.8 0   341.3 0   902.1 0
 2026 186  7  5 12 34 12.567  89.78     4.8 0     1.6 0    -0.4 0     7.0 0   382.9 0   300.123 0   299.890 0   448.3 0   299.596 0   299.608 0     0.4 0     2.8 0     5.4 0   -65.4 0   -60.1 0    27.1 0    29.0 0     1.7 0     2.3 0   902.1 0
 2026 186  7  5 12 35 12.583  89.65     5.7 0     1.8 0    -0.5 0     7.7 0   382.6 0   300.105 0   299.849 0   447.9 0   299.585 0   299.584 0     0.4 0     3.1 0     5.9 0   -65.2 0   -59.3 0    27.1 0    28.8 0     0.9 0    39.9 0   902.1 0
 2026 186  7  5 12 36 12.600  89.52     6.7 0     2.0 0    -0.5 0     8.7 0   383.2 0   300.079 0   299.836 0   447.6 0   299.570 0   299.570 0     0.4 0     3.5 0     6.7 0   -64.4 0   -57.7 0    27.0 0    28.9 0     0.6 0    73.6 0   902.1 0
 2026 186  7  5 12 37 12.617  89.38     7.6 0     2.2 0    -0.5 0     9.8 0   384.1 0   300.058 0   299.838 0   447.9 0   299.555 0   299.557 0     0.5 0     3.9 0     7.6 0   -63.9 0   -56.3 0    27.0 0    29.2 0     1.0 0    65.8 0   902.1 0
 2026 186  7  5 12 38 12.633  89.24     8.5 0     2.3 0    -0.5 0    10.8 0   385.3 0   300.049 0   299.879 0   449.1 0   299.544 0   299.567 0     0.5 0     4.3 0     8.5 0   -63.8 0   -55.3 0    27.1 0    29.4 0     0.2 0   356.0 0   902.1 0
 2026 186  7  5 12 39 12.650  89.09     9.2 0     2.1 0    -0.5 0    11.8 0   387.3 0   300.058 0   299.934 0   451.7 0   299.554 0   299.640 0     0.5 0     4.7 0     9.7 0   -64.4 0   -54.8 0    27.3 0    29.1 0     1.7 0   204.5 0   902.1 0
 2026 186  7  5 12 40 12.667  88.95     9.7 0     2.2 0    -0.3 0    12.8 0   387.9 0   300.092 0   300.058 0   452.1 0   299.583 0   299.668 0     0.5 0     5.1 0    10.6 0   -64.2 0   -53.6 0    27.6 0    28.6 0     2.0 0   220.8 0   902.1 0
 2026 186  7  5 12 41 12.683  88.79    10.8 0     2.6 0    -0.5 0    13.8 0   388.1 0   300.147 0   300.069 0   451.9 0   299.610 0   299.674 0     0.6 0     5.6 0    11.2 0   -63.7 0   -52.6 0    27.8 0    28.3 0     1.9 0   237.1 0   902.1 0
 2026 186  7  5 12 42 12.700  88.64    11.7 0     3.0 0    -0.5 0    14.8 0   389.2 0   300.194 0   300.135 0   451.9 0   299.631 0   299.689 0     0.6 0     6.1 0    11.8 0   -62.7 0   -50.9 0    27.8 0    28.2 0     2.0 0   225.4 0   902.1 0
 2026 186  7  5 12 43 12.717  88.49    12.7 0     3.4 0    -0.5 0    15.9 0   389.3 0   300.246 0   300.175 0   451.3 0   299.650 0   299.689 0     0.6 0     6.6 0    12.4 0   -62.0 0   -49.5 0    27.9 0    28.1 0     1.4 0   221.7 0   902.1 0
 2026 186  7  5 12 44 12.733  88.33    13.9 0     3.9 0    -0.5 0    16.9 0   389.5 0   300.289 0   300.168 0   450.9 0   299.657 0   299.692 0     0.7 0     7.1 0    13.0 0   -61.4 0   -48.4 0    27.8 0    28.2 0     1.0 0   263.5 0   902.2 0
 2026 186  7  5 12 45 12.750  88.17    14.9 0     4.2 0    -0.4 0    17.9 0   389.9 0   300.318 0   300.187 0   450.5 0   299.661 0   299.690 0     0.7 0     7.6 0    13.7 0   -60.6 0   -46.9 0    27.7 0    28.2 0     1.3 0   222.3 0   902.2 0
 2026 186  7  5 12 46 12.767  88.01    16.1 0     4.4 0    -0.4 0    18.9 0   390.3 0   300.344 0   300.219 0   450.8 0   299.665 0   299.691 0     0.7 0     8.1 0    14.5 0   -60.6 0   -46.0 0    27.7 0    28.4 0     1.0 0   246.3 0   902.2 0
 2026 186  7  5 12 47 12.783  87.84    17.2 0     4.6 0    -0.3 0    20.0 0   391.4 0   300.368 0   300.251 0   450.6 0   299.668 0   299.702 0     0.7 0     8.7 0    15.4 0   -59.1 0   -43.8 0    27.7 0    28.4 0     0.5 0   282.7 0   902.2 0
 2026 186  7  5 12 48 12.800  87.68    18.2 0     4.7 0    -0.2 0    21.3 0   391.8 0   300.403 0   300.334 0   451.4 0   299.673 0   299.719 0     0.8 0     9.2 0    16.5 0   -59.6 0   -43.1 0    27.7 0    28.5 0     1.4 0   210.8 0   902.1 0
 2026 186  7  5 12 49 12.817  87.51    19.8 0     4.9 0    -0.3 0    22.7 0   391.9 0   300.444 0   300.336 0   451.8 0   299.686 0   299.735 0     0.8 0     9.8 0    17.8 0   -59.9 0   -42.1 0    27.8 0    28.3 0     1.7 0   227.5 0   902.2 0
 2026 186  7  5 12 50 12.833  87.35    21.3 0     5.3 0    -0.2 0    24.2 0   392.4 0   300.474 0   300.348 0   451.9 0   299.698 0   299.736 0     0.8 0    10.4 0    18.9 0   -59.5 0   -40.7 0    27.7 0    28.4 0     2.0 0   215.1 0   902.2 0
 2026 186  7  5 12 51 12.850  87.18    22.6 0     5.6 0    -0.1 0    25.5 0   392.5 0   300.496 0   300.355 0   452.0 0   299.709 0   299.747 0     0.9 0    10.9 0    19.9 0   -59.5 0   -39.6 0    27.7 0    28.5 0     2.2 0   224.0 0   902.2 0
 2026 186  7  5 12 52 12.867  87.01    24.0 0     5.9 0     0.0 0    26.7 0   393.0 0   300.510 0   300.351 0   452.0 0   299.721 0   299.756 0     0.9 0    11.5 0    20.9 0   -59.0 0   -38.1 0    27.7 0    28.4 0     1.7 0   218.9 0   902.2 0
 2026 186  7  5 12 53 12.883  86.84    25.4 0     6.3 0     0.2 0    28.1 0   393.0 0   300.521 0   300.393 0   451.6 0   299.728 0   299.754 0     1.0 0    12.0 0    21.9 0   -58.6 0   -36.7 0    27.6 0    28.5 0     1.6 0   189.8 0   902.2 0
 2026 186  7  5 12 54 12.900  86.67    27.0 0     6.7 0     0.3 0    29.6 0   392.7 0   300.533 0   300.364 0   451.2 0   299.728 0   299.753 0     1.0 0    12.6 0    23.0 0   -58.6 0   -35.6 0    27.5 0    28.6 0     1.3 0   190.2 0   902.2 0
 2026 186  7  5 12 55 12.917  86.50    28.8 0     7.1 0     0.7 0    31.3 0   392.9 0   300.531 0   300.345 0   451.4 0   299.726 0   299.751 0     1.0 0    13.3 0    24.3 0   -58.6 0   -34.3 0    27.5 0    28.8 0     1.4 0   219.0 0   902.2 0
 2026 186  7  5 12 56 12.933  86.33    30.6 0     7.3 0     1.1 0    33.0 0   393.3 0   300.522 0   300.339 0   452.0 0   299.729 0   299.765 0     1.1 0    14.0 0    25.8 0   -58.7 0   -32.9 0    27.5 0    28.7 0     1.9 0   181.8 0   902.2 0
 2026 186  7  5 12 57 12.950  86.15    32.3 0     7.8 0     1.4 0    34.6 0   393.6 0   300.512 0   300.336 0   452.7 0   299.735 0   299.782 0     1.1 0    14.7 0    26.9 0   -59.0 0   -32.1 0    27.5 0    28.8 0     1.3 0   176.0 0   902.2 0
 2026 186  7  5 12 58 12.967  85.98    33.9 0     9.5 0     1.8 0    36.1 0   394.0 0   300.505 0   300.351 0   452.7 0   299.745 0   299.821 0     1.2 0    15.3 0    26.7 0   -58.7 0   -32.0 0    27.6 0    28.5 0     1.1 0   161.0 0   902.2 0
 2026 186  7  5 12 59 12.983  85.81    35.8 0     9.8 0     4.4 0    37.4 0   394.2 0   300.503 0   300.344 0   452.8 0   299.754 0   299.843 0     1.2 0    16.1 0    28.0 0   -58.6 0   -30.6 0    27.7 0    28.4 0     1.0 0   147.9 0   902.2 0
 2026 186  7  5 13  0 13.000  85.63    36.9 0     8.6 0     2.2 0    39.0 0   394.1 0   300.503 0   300.361 0   453.1 0   299.764 0   299.827 0     1.3 0    16.7 0    30.5 0   -59.0 0   -28.4 0    27.7 0    28.3 0     1.2 0   170.8 0   902.2 0
 2026 186  7  5 13  1 13.017  85.46    38.3 0     8.8 0     2.1 0    40.5 0   394.1 0   300.506 0   300.375 0   453.7 0   299.773 0   299.826 0     1.3 0    17.4 0    31.9 0   -59.6 0   -27.7 0    27.7 0    28.4 0     1.6 0   181.0 0   902.2 0
 2026 186  7  5 13  2 13.033  85.28    39.9 0     9.2 0     3.1 0    42.1 0   393.9 0   300.513 0   300.388 0   453.7 0   299.783 0   299.830 0     1.4 0    18.1 0    33.1 0   -59.9 0   -26.7 0    27.7 0    28.4 0     0.7 0   202.7 0   902.2 0
 2026 186  7  5 13  3 13.050  85.10    41.6 0     9.6 0     4.5 0    43.6 0   393.8 0   300.524 0   300.397 0   453.8 0   299.789 0   299.835 0     1.6 0    18.8 0    34.3 0   -60.0 0   -25.7 0    27.7 0    28.5 0     0.5 0   209.0 0   902.2 0
 2026 186  7  5 13  4 13.067  84.93    44.9 0    10.6 0    24.6 0    45.2 0   394.0 0   300.533 0   300.411 0   454.1 0   299.795 0   299.852 0     1.6 0    20.1 0    36.8 0   -60.1 0   -23.3 0    27.7 0    28.5 0     1.2 0   199.3 0   902.3 0
 2026 186  7  5 13  5 13.083  84.75    52.2 0    12.7 0    99.0 0    47.0 0   394.6 0   300.546 0   300.439 0   454.7 0   299.808 0   299.897 0     1.5 0    22.8 0    43.3 0   -60.1 0   -16.8 0    27.8 0    28.4 0     0.9 0   213.1 0   902.2 0
 2026 186  7  5 13  6 13.100  84.57    65.2 0    16.5 0   242.7 0    48.5 0   394.5 0   300.572 0   300.479 0   455.4 0   299.824 0   299.953 0     1.6 0    27.4 0    54.9 0   -60.8 0    -6.0 0    27.8 0    28.3 0     1.9 0   226.9 0   902.3 0
 2026 186  7  5 13  7 13.117  84.39    70.7 0    18.2 0   300.9 0    49.2 0   394.5 0   300.614 0   300.521 0   456.2 0   299.846 0   300.012 0     1.6 0    29.5 0    60.4 0   -61.7 0    -1.2 0    27.8 0    28.2 0     2.7 0   238.1 0   902.3 0
 2026 186  7  5 13  8 13.133  84.22    71.7 0    18.3 0   305.4 0    49.6 0   395.3 0   300.667 0   300.587 0   457.3 0   299.876 0   300.053 0     1.7 0    30.4 0    62.1 0   -62.0 0     0.2 0    27.9 0    28.3 0     2.3 0   219.1 0   902.3 0
 2026 186  7  5 13  9 13.150  84.04    65.3 0    16.2 0   233.4 0    49.5 0   395.4 0   300.733 0   300.679 0   457.6 0   299.913 0   300.080 0     1.8 0    28.5 0    57.6 0   -62.2 0    -4.6 0    28.0 0    27.9 0     1.5 0   223.2 0   902.3 0
 2026 186  7  5 13 10 13.167  83.86    50.2 0    12.0 0    65.4 0    49.2 0   395.4 0   300.801 0   300.734 0   457.2 0   299.939 0   300.042 0     1.8 0    23.2 0    44.2 0   -61.8 0   -17.5 0    28.0 0    27.9 0     1.1 0   189.7 0   902.3 0
 2026 186  7  5 13 11 13.183  83.68    45.5 0    10.6 0     8.6 0    49.1 0   395.3 0   300.852 0   300.754 0   456.9 0   299.956 0   300.023 0     1.9 0    21.6 0    39.4 0   -61.6 0   -22.2 0    28.0 0    28.0 0     1.2 0   191.8 0   902.3 0
 2026 186  7  5 13 12 13.200  83.50    45.6 0    10.4 0     4.8 0    49.1 0   395.7 0   300.882 0   300.776 0   457.4 0   299.973 0   300.042 0     1.9 0    21.6 0    39.2 0   -61.7 0   -22.4 0    28.0 0    28.0 0     1.3 0   205.1 0   902.4 0
 2026 186  7  5 13 13 13.217  83.32    45.9 0    10.5 0     3.3 0    49.5 0   396.1 0   300.909 0   300.835 0   457.4 0   299.994 0   300.055 0     2.0 0    21.8 0    39.4 0   -61.3 0   -21.9 0    28.0 0    27.9 0     1.2 0   194.2 0   902.4 0
 2026 186  7  5 13 14 13.233  83.14    46.6 0    10.7 0     2.3 0    50.1 0   395.4 0   300.942 0   300.848 0   456.5 0   300.010 0   300.057 0     2.1 0    22.2 0    39.7 0   -61.1 0   -21.4 0    28.0 0    27.7 0     1.3 0   132.7 0   902.4 0
 2026 186  7  5 13 15 13.250  82.95    47.6 0    10.9 0     1.7 0    50.8 0   394.9 0   300.962 0   300.811 0   456.5 0   300.017 0   300.059 0     2.2 0    22.6 0    40.1 0   -61.6 0   -21.5 0    27.9 0    28.0 0     0.2 0    79.3 0   902.4 0
 2026 186  7  5 13 16 13.267  82.77    48.9 0    11.1 0     1.3 0    51.9 0   394.6 0   300.967 0   300.820 0   457.0 0   300.025 0   300.074 0     2.3 0    23.1 0    41.0 0   -62.3 0   -21.4 0    27.9 0    28.2 0     1.2 0   228.0 0   902.4 0
 2026 186  7  5 13 17 13.283  82.59    50.4 0    11.3 0     1.1 0    53.4 0   394.6 0   300.967 0   300.809 0   457.3 0   300.036 0   300.089 0     2.4 0    23.8 0    42.2 0   -62.7 0   -20.6 0    27.8 0    28.2 0     1.6 0   231.3 0   902.4 0
 2026 186  7  5 13 18 13.300  82.41    52.2 0    11.7 0     1.0 0    55.2 0   394.6 0   300.967 0   300.824 0   457.3 0   300.048 0   300.098 0     2.5 0    24.7 0    43.6 0   -62.7 0   -19.1 0    27.8 0    28.2 0     1.1 0   236.7 0   902.4 0
 2026 186  7  5 13 19 13.317  82.23    54.3 0    12.2 0     1.1 0    57.3 0   394.0 0   300.971 0   300.842 0   457.2 0   300.057 0   300.101 0     2.6 0    25.6 0    45.3 0   -63.3 0   -18.0 0    27.8 0    28.2 0     1.7 0   280.2 0   902.4 0
 2026 186  7  5 13 20 13.333  82.04    56.6 0    12.6 0     1.5 0    59.3 0   393.7 0   300.974 0   300.826 0   457.3 0   300.063 0   300.107 0     2.7 0    26.6 0    46.9 0   -63.6 0   -16.7 0    27.7 0    28.4 0     1.5 0   281.4 0   902.4 0
 2026 186  7  5 13 21 13.350  81.86    58.7 0    13.0 0     2.2 0    61.2 0   393.7 0   300.969 0   300.817 0   458.0 0   300.071 0   300.125 0     2.8 0    27.6 0    48.6 0   -64.3 0   -15.7 0    27.7 0    28.5 0     0.9 0   249.2 0   902.3 0
 2026 186  7  5 13 22 13.367  81.68    60.5 0    13.3 0     2.7 0    63.0 0   393.9 0   300.966 0   300.844 0   458.0 0   300.081 0   300.134 0     2.9 0    28.4 0    50.0 0   -64.2 0   -14.1 0    27.7 0    28.4 0     0.7 0   231.8 0   902.3 0
 2026 186  7  5 13 23 13.383  81.49    62.2 0    13.7 0     3.1 0    64.5 0   393.4 0   300.970 0   300.844 0   458.0 0   300.089 0   300.138 0     3.1 0    29.2 0    51.3 0   -64.6 0   -13.4 0    27.7 0    28.5 0     0.9 0   295.0 0   902.3 0
 2026 186  7  5 13 24 13.400  81.31    63.8 0    14.0 0     4.3 0    65.9 0   393.4 0   300.972 0   300.854 0   458.2 0   300.096 0   300.147 0     3.2 0    30.0 0    52.5 0   -64.8 0   -12.3 0    27.7 0    28.5 0     0.4 0   323.1 0   902.3 0
 2026 186  7  5 13 25 13.417  81.13    65.4 0    14.4 0     6.0 0    67.3 0   393.2 0   300.979 0   300.871 0   458.3 0   300.102 0   300.154 0     3.3 0    30.7 0    53.9 0   -65.1 0   -11.3 0    27.7 0    28.5 0     0.1 0   347.8 0   902.3 0
 2026 186  7  5 13 26 13.433  80.94    67.3 0    14.8 0     8.9 0    68.8 0   393.0 0   300.988 0   300.876 0   458.4 0   300.108 0   300.161 0     3.4 0    31.6 0    55.4 0   -65.5 0   -10.1 0    27.7 0    28.5 0     0.0 0     0.0 0   902.3 0
 2026 186  7  5 13 27 13.450  80.76    70.9 0    15.7 0    22.5 0    70.3 0   392.9 0   300.995 0   300.883 0   458.6 0   300.115 0   300.170 0     3.5 0    33.3 0    58.2 0   -65.7 0    -7.5 0    27.7 0    28.5 0     0.0 0     0.0 0   902.3 0
 2026 186  7  5 13 28 13.467  80.57    92.9 0    21.9 0   156.3 0    71.9 0   392.9 0   301.004 0   300.896 0   459.5 0   300.122 0   300.189 0     3.6 0    43.1 0    75.6 0   -66.6 0     9.0 0    27.8 0    28.4 0     0.0 0     0.0 0   902.3 0
 2026 186  7  5 13 29 13.483  80.39   100.7 0    23.4 0   207.2 0    72.8 0   392.9 0   301.025 0   300.925 0   460.6 0   300.134 0   300.221 0     3.7 0    45.8 0    84.0 0   -67.7 0    16.3 0    27.9 0    28.2 0     0.0 0     0.0 0   902.3 0
 2026 186  7  5 13 30 13.500  80.20    79.4 0    17.5 0    65.4 0    73.1 0   392.9 0   301.054 0   300.960 0   460.4 0   300.148 0   300.225 0     3.9 0    37.4 0    66.8 0   -67.6 0    -0.8 0    28.0 0    28.1 0     0.0 0     0.0 0   902.3 0
 2026 186  7  5 13 31 13.517  80.02    78.5 0    16.8 0    57.1 0    73.7 0   392.8 0   301.081 0   300.984 0   460.4 0   300.159 0   300.228 0     4.0 0    36.9 0    66.8 0   -67.6 0    -0.7 0    28.0 0    28.0 0     0.0 0     0.0 0   902.3 0
 2026 186  7  5 13 32 13.533  79.83    73.5 0    16.1 0    16.7 0    74.4 0   392.7 0   301.102 0   300.996 0   460.3 0   300.168 0   300.231 0     4.1 0    34.9 0    61.3 0   -67.6 0    -6.3 0    28.0 0    28.0 0     0.0 0     0.0 0   902.3 0
 2026 186  7  5 13 33 13.550  79.64    74.1 0    16.2 0    14.0 0    75.3 0   392.7 0   301.115 0   301.007 0   460.5 0   300.177 0   300.240 0     4.2 0    35.0 0    61.7 0   -67.7 0    -6.0 0    28.0 0    28.0 0     0.0 0     0.0 0   902.3 0
 2026 186  7  5 13 34 13.567  79.46    74.7 0    16.3 0    11.2 0    76.4 0   392.7 0   301.125 0   301.014 0   460.6 0   300.187 0   300.249 0     4.4 0    35.3 0    62.2 0   -67.9 0    -5.7 0    28.0 0    28.0 0     0.0 0     0.0 0   902.3 0
 2026 186  7  5 13 35 13.583  79.27    75.6 0    16.4 0     8.3 0    77.6 0   392.7 0   301.132 0   301.022 0   460.6 0   300.196 0   300.256 0     4.5 0    35.6 0    62.7 0   -68.0 0    -5.3 0    28.0 0    28.0 0     0.2 0   238.3 0   902.3 0
 2026 186  7  5 13 36 13.600  79.09    76.9 0    16.6 0     6.6 0    79.0 0   392.6 0   301.139 0   301.030 0   460.8 0   300.205 0   300.268 0     4.7 0    36.1 0    63.6 0   -68.3 0    -4.7 0    28.0 0    28.0 0     0.5 0   255.3 0   902.3 0
 2026 186  7  5 13 37 13.617  78.90    78.2 0    16.9 0     3.8 0    80.6 0   392.4 0   301.146 0   301.034 0   460.9 0   300.214 0   300.274 0     4.8 0    36.6 0    64.4 0   -68.5 0    -4.1 0    27.9 0    28.1 0     1.4 0   242.6 0   902.3 0
 2026 186  7  5 13 38 13.633  78.71    80.0 0    17.2 0     2.4 0    82.5 0   392.2 0   301.152 0   301.043 0   461.0 0   300.223 0   300.281 0     5.0 0    37.4 0    65.7 0   -68.8 0    -3.1 0    27.9 0    28.2 0     1.3 0   256.7 0   902.3 0
 2026 186  7  5 13 39 13.650  78.53    82.3 0    17.7 0     1.5 0    84.9 0   392.0 0   301.156 0   301.042 0   461.2 0   300.231 0   300.290 0     5.2 0    38.5 0    67.4 0   -69.1 0    -1.7 0    27.8 0    28.3 0     1.5 0   261.4 0   902.3 0
 2026 186  7  5 13 40 13.667  78.34    85.2 0    18.3 0     1.0 0    87.7 0   392.1 0   301.157 0   301.041 0   461.3 0   300.239 0   300.296 0     5.4 0    39.8 0    69.6 0   -69.3 0     0.3 0    27.7 0    28.3 0     1.5 0   262.6 0   902.3 0
 2026 186  7  5 13 41 13.683  78.15    88.3 0    18.9 0     0.7 0    90.7 0   392.3 0   301.156 0   301.046 0   461.6 0   300.246 0   300.306 0     5.6 0    41.1 0    71.9 0   -69.3 0     2.7 0    27.7 0    28.3 0     1.2 0   270.8 0   902.3 0
 2026 186  7  5 13 42 13.700  77.96    91.2 0    19.5 0     0.6 0    93.7 0   392.4 0   301.157 0   301.056 0   461.8 0   300.254 0   300.313 0     5.8 0    42.4 0    74.3 0   -69.4 0     4.9 0    27.7 0    28.2 0     0.8 0   265.8 0   902.3 0
 2026 186  7  5 13 43 13.717  77.77    93.6 0    20.0 0     0.5 0    96.2 0   392.6 0   301.159 0   301.062 0   462.3 0   300.262 0   300.326 0     5.9 0    43.5 0    76.3 0   -69.7 0     6.6 0    27.7 0    28.1 0     1.0 0   269.8 0   902.3 0
 2026 186  7  5 13 44 13.733  77.59    95.3 0    20.3 0     0.4 0    98.0 0   392.8 0   301.163 0   301.072 0   462.6 0   300.271 0   300.337 0     6.1 0    44.3 0    77.8 0   -69.8 0     8.0 0    27.7 0    28.0 0     0.9 0   267.7 0   902.3 0
 2026 186  7  5 13 45 13.750  77.40    96.4 0    20.5 0     0.4 0    99.2 0   392.7 0   301.167 0   301.079 0   462.8 0   300.281 0   300.348 0     6.3 0    44.9 0    78.8 0   -70.1 0     8.7 0    27.7 0    28.0 0     0.6 0   269.8 0   902.3 0
 2026 186  7  5 13 46 13.767  77.21    97.1 0    20.6 0     0.4 0   100.0 0   392.6 0   301.172 0   301.085 0   463.1 0   300.291 0   300.359 0     6.4 0    45.3 0    79.5 0   -70.5 0     9.0 0    27.8 0    27.9 0     0.5 0   289.3 0   902.3 0
 2026 186  7  5 13 47 13.783  77.02    97.7 0    20.8 0     0.4 0   100.8 0   392.5 0   301.176 0   301.090 0   463.3 0   300.301 0   300.368 0     6.6 0    45.6 0    80.1 0   -70.8 0     9.3 0    27.8 0    27.9 0     0.5 0   288.3 0   902.3 0
 2026 186  7  5 13 48 13.800  76.83    98.5 0    21.0 0     0.4 0   101.7 0   392.3 0   301.181 0   301.098 0   463.4 0   300.311 0   300.381 0     6.7 0    46.0 0    80.8 0   -71.1 0     9.7 0    27.8 0    27.8 0     0.2 0   260.3 0   902.3 0
 2026 186  7  5 13 49 13.817  76.64    99.3 0    21.2 0     0.4 0   102.6 0   392.2 0   301.187 0   301.108 0   463.6 0   300.321 0   300.395 0     6.9 0    46.4 0    81.5 0   -71.4 0    10.1 0    27.8 0    27.8 0     0.0 0     0.0 0   902.3 0
 2026 186  7  5 13 50 13.833  76.45   100.1 0    21.4 0     0.5 0   103.5 0   391.9 0   301.196 0   301.117 0   463.8 0   300.332 0   300.405 0     7.1 0    46.8 0    82.2 0   -71.9 0    10.3 0    27.8 0    27.8 0     0.0 0   197.0 0   902.3 0
 2026 186  7  5 13 51 13.850  76.26   100.8 0    21.6 0     0.5 0   104.3 0   391.7 0   301.203 0   301.116 0   464.0 0   300.342 0   300.415 0     7.2 0    47.2 0    82.8 0   -72.3 0    10.5 0    27.8 0    27.8 0     0.4 0   188.6 0   902.3 0
 2026 186  7  5 13 52 13.867  76.07   101.6 0    21.7 0     0.6 0   105.1 0   391.6 0   301.207 0   301.114 0   464.2 0   300.352 0   300.424 0     7.4 0    47.5 0    83.5 0   -72.7 0    10.8 0    27.8 0    27.8 0     0.6 0   174.6 0   902.3 0
 2026 186  7  5 13 53 13.883  75.88   102.5 0    22.0 0     0.7 0   106.0 0   391.3 0   301.210 0   301.108 0   464.4 0   300.362 0   300.432 0     7.7 0    48.0 0    84.2 0   -73.1 0    11.1 0    27.7 0    27.3 0     1.2 0   189.8 0   902.3 0
 2026 186  7  5 13 54 13.900  75.69   103.7 0    22.3 0     0.9 0   107.3 0   391.0 0   301.212 0   301.118 0   464.4 0   300.370 0   300.439 0     7.9 0    48.6 0    85.2 0   -73.4 0    11.8 0    27.6 0    25.9 0     1.5 0   191.1 0   902.3 0
 2026 186  7  5 13 55 13.917  75.50   105.5 0    22.7 0     1.1 0   109.1 0   390.7 0   301.217 0   301.126 0   464.6 0   300.377 0   300.450 0     8.2 0    49.4 0    86.7 0   -73.8 0    12.8 0    27.6 0    26.1 0     0.8 0   169.8 0   902.3 0
 2026 186  7  5 13 56 13.933  75.31   108.0 0    23.2 0     1.9 0   111.3 0   390.5 0   301.223 0   301.140 0   465.0 0   300.388 0   300.467 0     8.5 0    50.5 0    88.6 0   -74.5 0    14.1 0    27.6 0    26.8 0     0.2 0   115.2 0   902.3 0
 2026 186  7  5 13 57 13.950  75.12   111.3 0    23.9 0     4.4 0   113.9 0   390.2 0   301.231 0   301.166 0   465.4 0   300.401 0   300.484 0     8.8 0    52.0 0    91.1 0   -75.3 0    15.8 0    27.7 0    27.3 0     0.0 0    88.4 0   902.3 0
 2026 186  7  5 13 58 13.967  74.93   115.8 0    24.9 0    11.4 0   116.6 0   389.6 0   301.245 0   301.193 0   465.8 0   300.417 0   300.504 0     9.2 0    54.2 0    94.6 0   -76.2 0    18.4 0    27.8 0    27.1 0     0.2 0   248.4 0   902.3 0
 2026 186  7  5 13 59 13.983  74.74   125.5 0    27.6 0    36.8 0   120.0 0   388.9 0   301.265 0   301.216 0   466.1 0   300.432 0   300.520 0     9.6 0    59.1 0   102.0 0   -77.2 0    24.8 0    27.8 0    25.2 0     1.2 0   223.4 0   902.3 0
 2026 186  7  5 14  0 14.000  74.55   204.1 0    47.4 0   332.8 0   124.6 0   388.0 0   301.290 0   301.250 0   468.1 0   300.449 0   300.569 0    10.3 0    94.3 0   165.8 0   -80.1 0    85.7 0    27.8 0    24.7 0     1.6 0   213.3 0   902.3 0
 2026 186  7  5 14  1 14.017  74.36   277.8 0    64.8 0   610.0 0   129.0 0   387.6 0   301.343 0   301.329 0   471.5 0   300.480 0   300.661 0    11.0 0   124.4 0   228.7 0   -84.0 0   144.8 0    27.8 0    24.6 0     1.6 0   199.0 0   902.3 0
 2026 186  7  5 14  2 14.033  74.17   287.8 0    67.0 0   632.6 0   132.0 0   387.2 0   301.434 0   301.434 0   474.0 0   300.527 0   300.740 0    11.5 0   128.3 0   237.6 0   -86.8 0   150.7 0    27.9 0    24.0 0     1.5 0   198.1 0   902.3 0
 2026 186  7  5 14  3 14.050  73.98   293.6 0    68.3 0   643.5 0   133.6 0   386.4 0   301.543 0   301.526 0   476.0 0   300.581 0   300.808 0    11.8 0   131.2 0   242.9 0   -89.6 0   153.3 0    28.0 0    23.9 0     1.5 0   195.7 0   902.3 0
 2026 186  7  5 14  4 14.067  73.79   299.3 0    68.8 0   657.3 0   134.2 0   386.0 0   301.656 0   301.654 0   477.8 0   300.644 0   300.891 0    12.2 0   134.0 0   248.9 0   -91.9 0   157.0 0    28.2 0    23.6 0     1.4 0   192.0 0   902.3 0
 2026 186  7  5 14  5 14.083  73.60   226.4 0    50.0 0   377.4 0   134.1 0   385.4 0   301.777 0   301.800 0   477.3 0   300.710 0   300.922 0    12.1 0   103.2 0   190.7 0   -91.9 0    98.8 0    28.3 0    23.9 0     1.1 0   181.1 0   902.3 0
 2026 186  7  5 14  6 14.100  73.40   186.4 0    40.4 0   223.0 0   135.4 0   384.2 0   301.882 0   301.853 0   476.0 0   300.761 0   300.930 0    12.1 0    87.7 0   158.7 0   -91.8 0    66.9 0    28.3 0    24.1 0     0.5 0   191.5 0   902.3 0
 2026 186  7  5 14  7 14.117  73.21   188.1 0    41.7 0   217.6 0   137.4 0   383.4 0   301.956 0   301.915 0   476.1 0   300.806 0   300.967 0    12.4 0    86.9 0   158.5 0   -92.7 0    65.8 0    28.4 0    23.9 0     0.6 0   210.0 0   902.4 0
 2026 186  7  5 14  8 14.133  73.02   214.5 0    50.3 0   290.5 0   139.5 0   382.9 0   302.013 0   301.961 0   476.3 0   300.851 0   301.010 0    12.9 0    99.7 0   174.0 0   -93.4 0    80.6 0    28.4 0    23.8 0     0.6 0   169.2 0   902.4 0
 2026 186  7  5 14  9 14.150  72.83   263.4 0    57.2 0   469.1 0   141.9 0   382.5 0   302.072 0   302.014 0   479.0 0   300.903 0   301.099 0    13.7 0   118.6 0   223.2 0   -96.5 0   126.6 0    28.6 0    23.6 0     0.2 0   166.1 0   902.4 0
 2026 186  7  5 14 10 14.167  72.64   261.2 0    58.9 0   439.9 0   144.4 0   382.5 0   302.137 0   302.073 0   479.8 0   300.961 0   301.159 0    14.2 0   119.3 0   216.8 0   -97.3 0   119.5 0    28.7 0    23.9 0     0.8 0   178.6 0   902.4 0
 2026 186  7  5 14 11 14.183  72.44   279.6 0    61.7 0   489.7 0   148.1 0   383.1 0   302.208 0   302.184 0   481.4 0   301.027 0   301.245 0    14.8 0   126.1 0   234.2 0   -98.3 0   135.9 0    28.8 0    23.0 0     1.3 0   184.2 0   902.3 0
 2026 186  7  5 14 12 14.200  72.25   226.6 0    50.1 0   286.7 0   151.7 0   382.9 0   302.297 0   302.292 0   480.2 0   301.092 0   301.284 0    15.0 0   103.3 0   189.0 0   -97.3 0    91.7 0    28.7 0    22.5 0     1.8 0   188.1 0   902.3 0
 2026 186  7  5 14 13 14.217  72.06   242.7 0    53.8 0   317.7 0   157.0 0   382.7 0   302.375 0   302.315 0   480.1 0   301.147 0   301.326 0    15.7 0   110.4 0   201.1 0   -97.4 0   103.6 0    28.5 0    22.6 0     2.0 0   191.9 0   902.4 0
 2026 186  7  5 14 14 14.233  71.86   240.0 0    55.0 0   279.8 0   162.6 0   382.9 0   302.436 0   302.365 0   480.5 0   301.200 0   301.380 0    16.2 0   108.7 0   194.7 0   -97.7 0    97.1 0    28.5 0    23.0 0     1.7 0   171.7 0   902.4 0
 2026 186  7  5 14 15 14.250  71.67   226.0 0    50.7 0   213.5 0   167.7 0   382.8 0   302.492 0   302.444 0   480.8 0   301.253 0   301.425 0    16.6 0   102.2 0   184.1 0   -98.0 0    86.1 0    28.4 0    23.1 0     1.5 0   159.5 0   902.3 0
 2026 186  7  5 14 16 14.267  71.48   196.7 0    43.9 0    99.5 0   171.8 0   382.5 0   302.539 0   302.483 0   480.3 0   301.298 0   301.450 0    16.8 0    90.7 0   159.5 0   -97.7 0    61.8 0    28.4 0    24.4 0     0.9 0   155.6 0   902.3 0
 2026 186  7  5 14 17 14.283  71.28   253.9 0    55.3 0   274.9 0   176.6 0   382.3 0   302.573 0   302.513 0   481.4 0   301.342 0   301.509 0    17.9 0   116.5 0   209.5 0   -99.1 0   110.4 0    28.5 0    24.0 0     0.8 0   150.8 0   902.3 0
 2026 186  7  5 14 18 14.300  71.09   260.2 0    60.7 0   266.1 0   181.0 0   382.1 0   302.610 0   302.560 0   483.5 0   301.395 0   301.584 0    18.4 0   117.7 0   206.5 0  -101.4 0   105.1 0    28.6 0    23.4 0     0.9 0   155.8 0   902.3 0
 2026 186  7  5 14 19 14.317  70.90   240.5 0    50.5 0   208.6 0   183.9 0   382.1 0   302.650 0   302.603 0   483.5 0   301.452 0   301.630 0    18.6 0   109.0 0   201.7 0  -101.4 0   100.2 0    28.7 0    23.5 0     0.8 0   141.8 0   902.3 0
 2026 186  7  5 14 20 14.333  70.70   193.7 0    40.6 0    54.5 0   184.2 0   381.7 0   302.686 0   302.633 0   482.4 0   301.501 0   301.649 0    18.4 0    88.7 0   161.6 0  -100.8 0    60.8 0    28.8 0    23.5 0     0.8 0   127.0 0   902.3 0
 2026 186  7  5 14 21 14.350  70.51   190.8 0    40.5 0    42.1 0   184.0 0   381.0 0   302.706 0   302.645 0   481.5 0   301.542 0   301.672 0    18.7 0    88.1 0   157.5 0  -100.4 0    57.0 0    28.8 0    23.8 0     0.6 0   140.6 0   902.3 0
 2026 186  7  5 14 22 14.367  70.32   237.1 0    50.5 0   188.2 0   184.3 0   380.4 0   302.718 0   302.641 0   482.4 0   301.583 0   301.727 0    19.5 0   109.3 0   197.2 0  -102.1 0    95.1 0    28.8 0    23.5 0     0.5 0   192.3 0   902.3 0
 2026 186  7  5 14 23 14.383  70.12   247.8 0    52.9 0   215.6 0   184.9 0   380.3 0   302.735 0   302.679 0   483.7 0   301.629 0   301.792 0    19.8 0   113.0 0   205.3 0  -103.4 0   101.9 0    28.9 0    23.6 0     0.6 0   139.8 0   902.3 0
 2026 186  7  5 14 24 14.400  69.93   209.8 0    44.7 0    97.5 0   185.2 0   380.0 0   302.763 0   302.716 0   483.4 0   301.676 0   301.827 0    19.6 0    96.5 0   174.0 0  -103.4 0    70.6 0    28.9 0    23.5 0     0.8 0   168.2 0   902.3 0
 2026 186  7  5 14 25 14.417  69.73   228.2 0    48.9 0   151.2 0   185.2 0   380.0 0   302.789 0   302.755 0   483.4 0   301.719 0   301.860 0    20.1 0   105.5 0   188.6 0  -103.5 0    85.2 0    29.0 0    23.5 0     0.0 0   119.7 0   902.3 0
 2026 186  7  5 14 26 14.433  69.54   261.9 0    55.6 0   253.1 0   185.0 0   379.7 0   302.823 0   302.805 0   484.3 0   301.763 0   301.915 0    20.8 0   120.6 0   217.9 0  -104.6 0   113.3 0    29.1 0    23.9 0     0.4 0   129.5 0   902.3 0
 2026 186  7  5 14 27 14.450  69.35   324.4 0    70.0 0   437.2 0   185.1 0   379.4 0   302.873 0   302.860 0   486.4 0   301.811 0   301.996 0    21.9 0   148.2 0   269.4 0  -107.0 0   162.4 0    29.2 0    23.6 0     0.5 0   110.7 0   902.3 0
 2026 186  7  5 14 28 14.467  69.15   368.8 0    81.9 0   562.0 0   185.0 0   379.8 0   302.938 0   302.912 0   489.6 0   301.871 0   302.089 0    22.8 0   165.9 0   303.1 0  -109.8 0   193.3 0    29.2 0    23.5 0     0.9 0   105.6 0   902.3 0
 2026 186  7  5 14 29 14.483  68.96   325.2 0    70.7 0   437.8 0   184.5 0   380.5 0   303.017 0   302.995 0   490.5 0   301.937 0   302.157 0    22.5 0   146.4 0   270.9 0  -110.0 0   160.9 0    29.3 0    23.3 0     0.5 0    95.8 0   902.3 0
 2026 186  7  5 14 30 14.500  68.76   257.3 0    54.9 0   239.7 0   184.2 0   381.2 0   303.092 0   303.065 0   490.0 0   301.999 0   302.191 0    21.8 0   117.9 0   216.2 0  -108.7 0   107.5 0    29.4 0    24.0 0     0.6 0    97.3 0   902.3 0
 2026 186  7  5 14 31 14.517  68.57   216.7 0    46.1 0   115.3 0   185.3 0   381.0 0   303.150 0   303.097 0   488.1 0   302.050 0   302.191 0    21.5 0   100.5 0   181.3 0  -107.2 0    74.1 0    29.5 0    24.3 0     0.1 0   100.3 0   902.3 0
 2026 186  7  5 14 32 14.533  68.37   208.2 0    44.3 0    83.4 0   187.1 0   381.4 0   303.177 0   303.073 0   487.5 0   302.090 0   302.210 0    21.6 0    97.1 0   173.5 0  -106.1 0    67.4 0    29.6 0    24.2 0     0.0 0     0.0 0   902.3 0
 2026 186  7  5 14 33 14.550  68.18   208.5 0    45.0 0    74.9 0   189.3 0   382.3 0   303.184 0   303.103 0   487.1 0   302.127 0   302.241 0    21.8 0    97.0 0   172.2 0  -104.8 0    67.4 0    29.6 0    24.2 0     0.3 0    18.1 0   902.3 0
 2026 186  7  5 14 34 14.567  67.98   210.5 0    44.6 0    81.6 0   188.9 0   382.8 0   303.191 0   303.121 0   487.0 0   302.167 0   302.289 0    22.2 0    98.2 0   174.9 0  -104.1 0    70.8 0    29.5 0    24.1 0     0.3 0    24.6 0   902.3 0
 2026 186  7  5 14 35 14.583  67.78   192.6 0    40.6 0    35.6 0   187.3 0   383.5 0   303.195 0   303.107 0   486.6 0   302.206 0   302.318 0    22.1 0    90.2 0   160.2 0  -103.1 0    57.1 0    29.6 0    24.2 0     0.5 0   191.2 0   902.4 0
 2026 186  7  5 14 36 14.600  67.59   186.5 0    39.3 0    18.2 0   187.4 0   384.2 0   303.195 0   303.104 0   485.5 0   302.238 0   302.351 0    22.3 0    87.2 0   155.1 0  -101.2 0    53.8 0    29.4 0    24.6 0     1.1 0   176.8 0   902.4 0
 2026 186  7  5 14 37 14.617  67.39   185.8 0    39.1 0    11.1 0   188.4 0   384.9 0   303.188 0   303.080 0   484.9 0   302.268 0   302.379 0    22.7 0    86.6 0   153.6 0  -100.0 0    53.5 0    29.3 0    24.8 0     0.3 0   156.2 0   902.4 0
 2026 186  7  5 14 38 14.633  67.20   190.5 0    40.0 0    16.1 0   190.8 0   385.1 0   303.175 0   303.068 0   485.1 0   302.298 0   302.399 0    23.2 0    88.7 0   157.1 0  -100.0 0    57.1 0    29.2 0    24.7 0     1.3 0   208.2 0   902.4 0
 2026 186  7  5 14 39 14.650  67.00   193.6 0    40.7 0    15.5 0   194.5 0   386.0 0   303.160 0   303.074 0   485.0 0   302.321 0   302.422 0    23.8 0    90.0 0   159.8 0   -99.0 0    60.8 0    29.0 0    24.8 0     1.4 0   172.1 0   902.4 0
 2026 186  7  5 14 40 14.667  66.81   194.7 0    40.9 0     8.4 0   198.3 0   386.6 0   303.151 0   303.090 0   485.0 0   302.343 0   302.449 0    24.3 0    90.0 0   160.7 0   -98.3 0    62.4 0    28.9 0    24.7 0     1.3 0   199.9 0   902.4 0
 2026 186  7  5 14 41 14.683  66.61   196.6 0    41.1 0     4.3 0   201.0 0   386.7 0   303.149 0   303.099 0   485.1 0   302.364 0   302.474 0    24.9 0    90.7 0   161.6 0   -98.4 0    63.2 0    28.8 0    24.7 0     0.9 0   212.2 0   902.4 0
 2026 186  7  5 14 42 14.700  66.41   199.7 0    41.7 0     2.7 0   204.2 0   387.2 0   303.148 0   303.108 0   485.2 0   302.385 0   302.489 0    25.5 0    92.1 0   163.6 0   -98.0 0    65.6 0    28.8 0    25.2 0     1.6 0   214.4 0   902.4 0
 2026 186  7  5 14 43 14.717  66.22   204.2 0    42.6 0     2.6 0   208.4 0   387.5 0   303.151 0   303.139 0   485.4 0   302.400 0   302.502 0    26.2 0    94.1 0   166.9 0   -97.9 0    69.0 0    28.7 0    25.3 0     1.1 0   214.1 0   902.4 0
 2026 186  7  5 14 44 14.733  66.02   210.7 0    43.9 0     6.3 0   213.4 0   387.2 0   303.157 0   303.110 0   485.8 0   302.421 0   302.535 0    26.9 0    97.1 0   172.0 0   -98.6 0    73.4 0    28.8 0    25.2 0     0.2 0   217.8 0   902.4 0
 2026 186  7  5 14 45 14.750  65.83   219.2 0    45.5 0    13.2 0   219.6 0   387.3 0   303.157 0   303.136 0   486.8 0   302.449 0   302.573 0    27.7 0   101.1 0   179.5 0   -99.5 0    80.0 0    28.9 0    25.0 0     0.1 0   127.1 0   902.4 0
 2026 186  7  5 14 46 14.767  65.63   228.1 0    47.5 0    18.9 0   226.4 0   387.7 0   303.162 0   303.160 0   487.7 0   302.479 0   302.597 0    28.5 0   105.0 0   186.7 0  -100.0 0    86.7 0    29.0 0    24.7 0     0.0 0   224.3 0   902.4 0
 2026 186  7  5 14 47 14.783  65.43   239.6 0    50.6 0    30.8 0   232.7 0   387.9 0   303.172 0   303.183 0   488.6 0   302.508 0   302.641 0    29.4 0   110.1 0   195.0 0  -100.6 0    94.3 0    29.1 0    24.4 0     0.5 0   248.2 0   902.4 0
 2026 186  7  5 14 48 14.800  65.24   268.0 0    57.0 0    83.4 0   239.1 0   388.1 0   303.190 0   303.236 0   489.8 0   302.542 0   302.693 0    30.8 0   123.1 0   217.1 0  -101.7 0   115.4 0    29.2 0    24.2 0     0.6 0   227.5 0   902.4 0
 2026 186  7  5 14 49 14.817  65.04   289.5 0    61.3 0   119.4 0   245.7 0   388.4 0   303.217 0   303.262 0   491.3 0   302.580 0   302.745 0    31.9 0   131.7 0   234.7 0  -102.9 0   131.9 0    29.2 0    25.1 0     1.7 0   227.8 0   902.4 0
 2026 186  7  5 14 50 14.833  64.84   280.9 0    58.9 0    87.4 0   251.5 0   389.1 0   303.248 0   303.297 0   491.4 0   302.613 0   302.760 0    32.4 0   128.7 0   229.8 0  -102.2 0   127.6 0    29.2 0    25.8 0     2.5 0   227.3 0   902.4 0
 2026 186  7  5 14 51 14.850  64.65   314.9 0    66.8 0   159.5 0   255.9 0   388.9 0   303.285 0   303.344 0   491.6 0   302.634 0   302.786 0    33.8 0   144.4 0   257.5 0  -102.7 0   154.8 0    29.0 0    25.9 0     2.5 0   242.1 0   902.4 0
 2026 186  7  5 14 52 14.867  64.45   363.2 0    77.6 0   265.6 0   259.0 0   388.5 0   303.330 0   303.343 0   494.2 0   302.658 0   302.847 0    35.4 0   164.6 0   295.9 0  -105.7 0   190.3 0    29.0 0    26.1 0     1.9 0   238.8 0   902.4 0
 2026 186  7  5 14 53 14.883  64.25   333.5 0    70.6 0   194.9 0   259.8 0   388.3 0   303.378 0   303.427 0   495.1 0   302.691 0   302.873 0    35.0 0   151.7 0   273.9 0  -106.7 0   167.2 0    29.0 0    26.2 0     1.9 0   255.8 0   902.4 0
 2026 186  7  5 14 54 14.900  64.05   390.4 0    83.3 0   327.3 0   259.9 0   387.9 0   303.423 0   303.444 0   497.2 0   302.726 0   302.923 0    37.0 0   177.7 0   319.8 0  -109.3 0   210.6 0    29.0 0    26.0 0     1.6 0   263.0 0   902.4 0
 2026 186  7  5 14 55 14.917  63.86   412.1 0    90.2 0   368.3 0   259.9 0   388.2 0   303.478 0   303.577 0   499.8 0   302.772 0   303.005 0    38.2 0   186.9 0   331.9 0  -111.5 0   220.4 0    29.1 0    25.8 0     1.6 0   280.1 0   902.4 0
 2026 186  7  5 14 56 14.933  63.66   459.1 0    99.6 0   477.6 0   260.5 0   387.9 0   303.552 0   303.624 0   503.1 0   302.827 0   303.089 0    39.9 0   207.3 0   372.8 0  -115.3 0   257.6 0    29.3 0    25.7 0     1.6 0   264.6 0   902.4 0
 2026 186  7  5 14 57 14.950  63.46   461.9 0   100.3 0   478.7 0   259.0 0   387.6 0   303.631 0   303.663 0   504.5 0   302.890 0   303.161 0    40.6 0   208.7 0   372.5 0  -116.9 0   255.6 0    29.4 0    25.8 0     1.5 0   303.1 0   902.4 0
 2026 186  7  5 14 58 14.967  63.27   329.9 0    68.1 0   194.1 0   255.3 0   388.0 0   303.696 0   303.705 0   503.8 0   302.946 0   303.169 0    37.2 0   150.0 0   274.5 0  -115.8 0   158.7 0    29.4 0    26.5 0     0.8 0   296.2 0   902.4 0
 2026 186  7  5 14 59 14.983  63.07   258.9 0    54.4 0    35.1 0   253.5 0   389.1 0   303.737 0   303.784 0   500.9 0   302.982 0   303.147 0    35.2 0   120.6 0   214.9 0  -111.8 0   103.1 0    29.4 0    26.1 0     2.2 0   203.8 0   902.4 0
 2026 186  7  5 15  0 15.000  62.87   274.4 0    59.1 0    65.5 0   253.6 0   388.6 0   303.780 0   303.802 0   500.5 0   303.010 0   303.165 0    36.4 0   127.9 0   224.3 0  -111.9 0   112.4 0    29.4 0    26.6 0     1.5 0   217.0 0   902.4 0
 2026 186  7  5 15  1 15.017  62.67   260.7 0    54.6 0    31.6 0   255.5 0   389.5 0   303.811 0   303.814 0   499.5 0   303.044 0   303.195 0    36.5 0   121.2 0   215.4 0  -110.0 0   105.4 0    29.4 0    26.5 0     1.6 0   209.8 0   902.3 0
 2026 186  7  5 15  2 15.033  62.47   259.8 0    54.8 0    18.6 0   259.0 0   389.1 0   303.835 0   303.824 0   498.7 0   303.071 0   303.202 0    37.1 0   120.2 0   212.9 0  -109.6 0   103.3 0    29.4 0    26.7 0     1.9 0   212.5 0   902.4 0
 2026 186  7  5 15  3 15.050  62.28   272.6 0    57.7 0    34.0 0   262.6 0   389.0 0   303.849 0   303.840 0   497.1 0   303.086 0   303.199 0    38.4 0   126.3 0   220.8 0  -108.1 0   112.7 0    29.2 0    27.5 0     3.6 0   236.3 0   902.4 0
 2026 186  7  5 15  4 15.067  62.08   291.6 0    61.5 0    66.8 0   267.2 0   389.2 0   303.861 0   303.834 0   497.0 0   303.078 0   303.183 0    40.0 0   135.1 0   237.1 0  -107.8 0   129.3 0    29.0 0    28.0 0     4.0 0   222.9 0   902.3 0
 2026 186  7  5 15  5 15.083  61.88   335.7 0    77.7 0   140.7 0   272.1 0   390.0 0   303.870 0   303.844 0   498.0 0   303.066 0   303.192 0    42.8 0   157.6 0   260.6 0  -108.0 0   152.6 0    28.9 0    27.9 0     4.4 0   226.3 0   902.3 0
 2026 186  7  5 15  6 15.100  61.68   450.0 0   100.1 0   382.2 0   277.2 0   390.4 0   303.896 0   303.933 0   501.0 0   303.057 0   303.237 0    48.0 0   207.4 0   358.4 0  -110.6 0   247.8 0    28.8 0    27.9 0     3.5 0   233.5 0   902.3 0
 2026 186  7  5 15  7 15.117  61.48   591.5 0   128.4 0   682.9 0   282.9 0   390.7 0   303.955 0   304.042 0   506.1 0   303.067 0   303.323 0    53.8 0   268.7 0   480.4 0  -115.5 0   364.9 0    28.7 0    27.6 0     3.1 0   229.2 0   902.3 0
 2026 186  7  5 15  8 15.133  61.29   599.4 0   128.3 0   688.1 0   285.7 0   391.4 0   304.049 0   304.148 0   511.3 0   303.111 0   303.435 0    55.2 0   270.2 0   488.0 0  -119.9 0   368.1 0    28.9 0    27.3 0     2.6 0   234.3 0   902.3 0
 2026 186  7  5 15  9 15.150  61.09   645.2 0   140.1 0   771.4 0   287.6 0   391.6 0   304.160 0   304.246 0   515.9 0   303.173 0   303.521 0    57.6 0   289.7 0   520.4 0  -124.3 0   396.2 0    29.0 0    27.8 0     2.2 0   238.6 0   902.3 0
 2026 186  7  5 15 10 15.167  60.89   673.6 0   144.3 0   823.8 0   289.7 0   392.9 0   304.267 0   304.301 0   521.1 0   303.256 0   303.643 0    59.3 0   301.2 0   546.2 0  -128.2 0   418.0 0    29.3 0    27.5 0     2.4 0   236.5 0   902.3 0
 2026 186  7  5 15 11 15.183  60.69   677.9 0   145.0 0   823.1 0   292.0 0   394.6 0   304.378 0   304.483 0   523.8 0   303.351 0   303.753 0    60.1 0   303.3 0   550.0 0  -129.2 0   420.8 0    29.5 0    27.1 0     3.5 0   214.1 0   902.3 0
 2026 186  7  5 15 12 15.200  60.49   680.1 0   146.0 0   817.7 0   294.7 0   394.6 0   304.512 0   304.644 0   524.9 0   303.440 0   303.829 0    60.7 0   304.2 0   551.4 0  -130.3 0   421.1 0    29.5 0    26.8 0     3.5 0   199.6 0   902.3 0
 2026 186  7  5 15 13 15.217  60.29   666.8 0   143.2 0   776.9 0   297.7 0   395.0 0   304.645 0   304.720 0   528.0 0   303.527 0   303.937 0    60.5 0   298.2 0   539.5 0  -133.0 0   406.5 0    29.5 0    26.7 0     3.0 0   238.5 0   902.3 0
 2026 186  7  5 15 14 15.233  60.09   662.4 0   141.9 0   759.4 0   300.2 0   395.2 0   304.763 0   304.794 0   528.2 0   303.617 0   303.989 0    60.5 0   296.3 0   536.8 0  -133.0 0   403.9 0    29.5 0    26.6 0     4.2 0   243.9 0   902.3 0
 2026 186  7  5 15 15 15.250  59.90   635.3 0   135.5 0   697.1 0   301.5 0   396.2 0   304.868 0   304.868 0   527.6 0   303.686 0   304.044 0    59.5 0   284.1 0   515.7 0  -131.5 0   384.2 0    29.5 0    26.8 0     5.2 0   246.2 0   902.3 0
 2026 186  7  5 15 16 15.267  59.70   582.3 0   124.1 0   587.0 0   301.5 0   396.1 0   304.961 0   304.976 0   527.3 0   303.736 0   304.063 0    57.4 0   261.2 0   473.6 0  -131.2 0   342.4 0    29.4 0    26.7 0     4.3 0   236.4 0   902.3 0
 2026 186  7  5 15 17 15.283  59.50   528.4 0   112.3 0   476.6 0   300.9 0   397.4 0   305.045 0   305.052 0   526.4 0   303.773 0   304.066 0    55.1 0   237.9 0   430.5 0  -129.0 0   301.6 0    29.3 0    26.9 0     3.8 0   224.8 0   902.3 0
 2026 186  7  5 15 18 15.300  59.30   454.8 0    95.6 0   329.7 0   299.7 0   398.2 0   305.113 0   305.097 0   524.8 0   303.808 0   304.066 0    51.9 0   206.3 0   372.4 0  -126.6 0   245.9 0    29.4 0    27.1 0     4.1 0   233.2 0   902.3 0
 2026 186  7  5 15 19 15.317  59.10   415.1 0    87.0 0   252.5 0   298.1 0   398.2 0   305.162 0   305.126 0   522.3 0   303.834 0   304.048 0    50.0 0   189.1 0   340.7 0  -124.2 0   216.5 0    29.4 0    26.8 0     4.4 0   241.1 0   902.3 0
 2026 186  7  5 15 20 15.333  58.90   391.8 0    82.0 0   208.8 0   295.7 0   399.5 0   305.190 0   305.116 0   521.7 0   303.853 0   304.056 0    48.9 0   179.2 0   321.6 0  -122.1 0   199.4 0    29.5 0    26.0 0     4.2 0   213.4 0   902.3 0
 2026 186  7  5 15 21 15.350  58.70   372.6 0    78.8 0   175.1 0   292.7 0   398.8 0   305.208 0   305.147 0   518.4 0   303.866 0   304.027 0    47.9 0   171.0 0   304.8 0  -119.7 0   185.2 0    29.5 0    26.0 0     4.3 0   202.2 0   902.3 0
 2026 186  7  5 15 22 15.367  58.50   377.6 0    79.3 0   190.9 0   289.2 0   398.9 0   305.213 0   305.124 0   517.2 0   303.857 0   304.019 0    48.1 0   173.1 0   309.6 0  -118.3 0   191.3 0    29.3 0    26.6 0     3.3 0   217.4 0   902.4 0
 2026 186  7  5 15 23 15.383  58.30   381.8 0    80.3 0   204.4 0   284.6 0   399.3 0   305.206 0   305.111 0   516.8 0   303.849 0   303.993 0    48.2 0   174.7 0   311.7 0  -117.5 0   194.2 0    29.2 0    27.2 0     3.5 0   218.6 0   902.4 0
 2026 186  7  5 15 24 15.400  58.10   366.1 0    77.0 0   181.3 0   279.9 0   399.4 0   305.194 0   305.054 0   516.7 0   303.849 0   304.017 0    47.5 0   167.8 0   298.7 0  -117.3 0   181.4 0    29.2 0    27.5 0     3.6 0   244.7 0   902.4 0
 2026 186  7  5 15 25 15.417  57.91   327.2 0    68.4 0   115.6 0   275.3 0   400.8 0   305.173 0   305.108 0   514.9 0   303.848 0   303.986 0    45.7 0   150.7 0   268.2 0  -114.2 0   154.1 0    29.3 0    27.9 0     4.3 0   231.3 0   902.4 0
 2026 186  7  5 15 26 15.433  57.71   292.6 0    61.4 0    57.6 0   270.4 0   399.5 0   305.162 0   305.052 0   512.4 0   303.825 0   303.926 0    43.9 0   135.3 0   239.7 0  -112.9 0   126.8 0    29.2 0    28.0 0     3.9 0   225.5 0   902.4 0
 2026 186  7  5 15 27 15.450  57.51   276.6 0    58.2 0    35.3 0   265.7 0   399.4 0   305.131 0   304.974 0   510.5 0   303.793 0   303.889 0    43.3 0   128.5 0   226.4 0  -111.2 0   115.2 0    29.1 0    28.2 0     3.3 0   206.9 0   902.4 0
 2026 186  7  5 15 28 15.467  57.31   265.0 0    55.9 0    20.9 0   261.1 0   399.5 0   305.084 0   304.910 0   509.4 0   303.762 0   303.847 0    42.9 0   123.3 0   216.6 0  -109.9 0   106.7 0    29.0 0    28.1 0     3.3 0   206.6 0   902.4 0
 2026 186  7  5 15 29 15.483  57.11   258.5 0    54.2 0    15.2 0   257.0 0   399.0 0   305.031 0   304.867 0   509.1 0   303.734 0   303.826 0    42.9 0   120.3 0   211.1 0  -110.1 0   101.0 0    29.1 0    27.7 0     2.9 0   213.4 0   902.4 0
 2026 186  7  5 15 30 15.500  56.91   252.3 0    52.7 0     8.3 0   253.9 0   399.0 0   304.973 0   304.803 0   507.9 0   303.716 0   303.808 0    43.0 0   117.4 0   205.7 0  -108.9 0    96.8 0    29.2 0    27.4 0     3.5 0   209.2 0   902.4 0
 2026 186  7  5 15 31 15.517  56.71   249.3 0    52.4 0     5.3 0   251.9 0   398.3 0   304.918 0   304.761 0   506.3 0   303.685 0   303.759 0    43.3 0   116.0 0   202.4 0  -108.0 0    94.4 0    29.1 0    27.5 0     4.3 0   200.0 0   902.4 0
 2026 186  7  5 15 32 15.533  56.51   248.2 0    52.5 0     4.6 0   250.6 0   398.1 0   304.867 0   304.747 0   504.9 0   303.635 0   303.702 0    43.8 0   115.4 0   200.7 0  -106.8 0    93.9 0    29.0 0    27.6 0     3.8 0   207.2 0   902.4 0
 2026 186  7  5 15 33 15.550  56.31   248.2 0    52.3 0     3.7 0   250.9 0   398.0 0   304.825 0   304.709 0   504.8 0   303.588 0   303.662 0    44.4 0   115.4 0   200.7 0  -106.8 0    93.9 0    28.9 0    28.3 0     4.5 0   220.4 0   902.4 0
 2026 186  7  5 15 34 15.567  56.11   249.7 0    52.3 0     4.2 0   252.0 0   396.7 0   304.782 0   304.630 0   503.3 0   303.542 0   303.604 0    45.2 0   116.0 0   202.1 0  -106.6 0    95.5 0    28.9 0    28.3 0     4.5 0   250.1 0   902.4 0
 2026 186  7  5 15 35 15.583  55.91   250.5 0    52.1 0     2.4 0   253.9 0   396.1 0   304.729 0   304.511 0   503.4 0   303.497 0   303.575 0    45.9 0   116.3 0   203.1 0  -107.3 0    95.8 0    28.9 0    28.3 0     3.8 0   244.0 0   902.4 0
 2026 186  7  5 15 36 15.600  55.71   252.9 0    52.5 0     1.9 0   256.6 0   396.3 0   304.660 0   304.473 0   503.4 0   303.460 0   303.534 0    46.8 0   117.4 0   205.2 0  -107.1 0    98.1 0    29.0 0    28.2 0     3.7 0   254.4 0   902.4 0
 2026 186  7  5 15 37 15.617  55.51   256.7 0    53.3 0     1.9 0   260.3 0   395.8 0   304.601 0   304.465 0   502.3 0   303.424 0   303.494 0    47.8 0   119.1 0   208.1 0  -106.5 0   101.6 0    29.0 0    28.3 0     4.8 0   242.3 0   902.4 0
 2026 186  7  5 15 38 15.633  55.31   263.4 0    55.1 0     5.1 0   265.0 0   395.2 0   304.552 0   304.431 0   501.7 0   303.373 0   303.439 0    49.0 0   122.0 0   212.8 0  -106.5 0   106.3 0    28.9 0    28.7 0     4.5 0   229.5 0   902.4 0
 2026 186  7  5 15 39 15.650  55.11   273.2 0    57.3 0    12.5 0   270.4 0   395.3 0   304.507 0   304.375 0   501.6 0   303.323 0   303.394 0    50.4 0   126.3 0   220.1 0  -106.3 0   113.9 0    28.8 0    28.8 0     5.4 0   229.9 0   902.4 0
 2026 186  7  5 15 40 15.667  54.91   282.1 0    59.4 0    17.3 0   276.4 0   394.9 0   304.465 0   304.388 0   501.0 0   303.268 0   303.334 0    51.8 0   130.2 0   226.9 0  -106.1 0   120.9 0    28.7 0    28.9 0     4.6 0   225.3 0   902.4 0
 2026 186  7  5 15 41 15.683  54.71   301.3 0    63.5 0    39.0 0   283.0 0   395.0 0   304.430 0   304.329 0   501.8 0   303.220 0   303.312 0    53.8 0   138.7 0   242.0 0  -106.8 0   135.2 0    28.7 0    28.7 0     5.0 0   233.2 0   902.4 0
 2026 186  7  5 15 42 15.700  54.51   329.4 0    69.6 0    76.6 0   289.6 0   395.1 0   304.393 0   304.296 0   502.4 0   303.181 0   303.288 0    56.4 0   151.3 0   264.4 0  -107.3 0   157.1 0    28.7 0    28.6 0     5.3 0   225.5 0   902.4 0
 2026 186  7  5 15 43 15.717  54.31   340.1 0    71.4 0    87.4 0   294.8 0   395.5 0   304.366 0   304.351 0   503.7 0   303.149 0   303.285 0    57.8 0   155.4 0   274.4 0  -108.3 0   166.1 0    28.8 0    28.4 0     4.5 0   228.7 0   902.4 0
 2026 186  7  5 15 44 15.733  54.11   339.3 0    71.4 0    79.6 0   297.9 0   394.4 0   304.359 0   304.348 0   504.2 0   303.134 0   303.275 0    58.7 0   155.3 0   273.2 0  -109.8 0   163.4 0    28.9 0    28.1 0     4.5 0   233.1 0   902.5 0
 2026 186  7  5 15 45 15.750  53.91   377.6 0    80.8 0   138.8 0   300.6 0   393.7 0   304.353 0   304.315 0   506.2 0   303.123 0   303.292 0    62.0 0   172.7 0   301.5 0  -112.5 0   189.0 0    28.9 0    28.2 0     3.9 0   237.3 0   902.4 0
 2026 186  7  5 15 46 15.767  53.71   448.4 0    94.4 0   258.2 0   302.7 0   392.9 0   304.349 0   304.298 0   508.2 0   303.129 0   303.327 0    67.4 0   203.0 0   361.0 0  -115.3 0   245.7 0    29.0 0    28.0 0     4.8 0   239.9 0   902.4 0
 2026 186  7  5 15 47 15.783  53.51   475.6 0    98.8 0   307.0 0   302.2 0   392.1 0   304.353 0   304.344 0   510.2 0   303.142 0   303.367 0    70.1 0   214.3 0   386.0 0  -118.1 0   267.9 0    29.0 0    28.0 0     4.7 0   248.3 0   902.4 0
 2026 186  7  5 15 48 15.800  53.31   486.1 0   101.8 0   326.1 0   300.1 0   391.1 0   304.372 0   304.361 0   512.8 0   303.159 0   303.408 0    71.5 0   218.7 0   393.2 0  -121.7 0   271.5 0    29.0 0    28.4 0     4.3 0   237.4 0   902.4 0
 2026 186  7  5 15 49 15.817  53.11   459.0 0    96.1 0   280.8 0   298.2 0   390.0 0   304.396 0   304.406 0   513.6 0   303.181 0   303.421 0    70.6 0   206.5 0   370.7 0  -123.6 0   247.1 0    29.0 0    28.4 0     4.1 0   228.5 0   902.4 0
 2026 186  7  5 15 50 15.833  52.91   432.2 0    90.2 0   238.1 0   297.6 0   389.3 0   304.428 0   304.459 0   514.3 0   303.198 0   303.415 0    69.7 0   195.2 0   350.9 0  -125.0 0   225.9 0    29.0 0    28.3 0     3.5 0   219.2 0   902.4 0
 2026 186  7  5 15 51 15.850  52.71   413.1 0    86.1 0   205.6 0   297.4 0   387.9 0   304.458 0   304.453 0   513.8 0   303.229 0   303.448 0    69.4 0   186.8 0   335.9 0  -125.9 0   210.0 0    29.2 0    27.7 0     5.0 0   223.1 0   902.4 0
 2026 186  7  5 15 52 15.867  52.51   429.0 0    89.9 0   229.2 0   298.5 0   386.6 0   304.478 0   304.439 0   514.1 0   303.249 0   303.458 0    71.7 0   194.8 0   348.1 0  -127.4 0   220.7 0    29.1 0    27.8 0     3.7 0   212.9 0   902.4 0
 2026 186  7  5 15 53 15.883  52.31   472.9 0    98.2 0   299.6 0   300.7 0   387.5 0   304.495 0   304.526 0   516.4 0   303.275 0   303.527 0    75.9 0   213.2 0   385.7 0  -128.9 0   256.8 0    29.2 0    28.0 0     3.4 0   221.8 0   902.4 0
 2026 186  7  5 15 54 15.900  52.11   492.3 0   102.1 0   325.8 0   302.5 0   386.2 0   304.544 0   304.638 0   516.8 0   303.317 0   303.564 0    78.4 0   221.2 0   400.5 0  -130.6 0   269.9 0    29.3 0    27.8 0     4.5 0   248.1 0   902.4 0
 2026 186  7  5 15 55 15.917  51.91   491.2 0   102.0 0   314.6 0   305.6 0   385.6 0   304.602 0   304.597 0   518.7 0   303.354 0   303.619 0    79.8 0   220.8 0   397.6 0  -133.1 0   264.6 0    29.3 0    27.6 0     4.5 0   245.6 0   902.4 0
 2026 186  7  5 15 56 15.933  51.71   480.3 0    98.6 0   289.8 0   311.7 0   386.5 0   304.645 0   304.690 0   519.0 0   303.396 0   303.657 0    81.1 0   218.1 0   392.6 0  -132.4 0   260.2 0    29.5 0    27.3 0     4.2 0   232.9 0   902.4 0
 2026 186  7  5 15 57 15.950  51.51   492.0 0   103.1 0   290.6 0   319.9 0   385.5 0   304.695 0   304.730 0   518.5 0   303.433 0   303.677 0    82.9 0   223.4 0   397.7 0  -133.0 0   264.7 0    29.5 0    27.7 0     5.4 0   230.8 0   902.4 0
 2026 186  7  5 15 58 15.967  51.31   519.2 0   105.1 0   326.0 0   327.7 0   384.8 0   304.735 0   304.701 0   519.8 0   303.456 0   303.695 0    85.7 0   232.6 0   426.4 0  -135.0 0   291.4 0    29.4 0    28.0 0     3.9 0   239.8 0   902.4 0
 2026 186  7  5 15 59 15.983  51.11   488.0 0   100.2 0   264.7 0   332.9 0   386.3 0   304.755 0   304.719 0   521.9 0   303.496 0   303.765 0    85.4 0   221.5 0   398.9 0  -135.6 0   263.3 0    29.5 0    27.8 0     4.0 0   235.8 0   902.4 0
 2026 186  7  5 16  0 16.000  50.91   552.9 0   107.7 0   375.6 0   336.1 0   386.4 0   304.782 0   304.810 0   522.6 0   303.546 0   303.818 0    91.8 0   250.2 0   465.3 0  -136.1 0   329.2 0    29.6 0    27.6 0     4.6 0   240.0 0   902.4 0
 2026 186  7  5 16  1 16.017  50.70   441.2 0    87.5 0   184.6 0   334.9 0   387.8 0   304.817 0   304.856 0   521.7 0   303.593 0   303.842 0    84.2 0   199.5 0   364.3 0  -133.9 0   230.5 0    29.7 0    27.3 0     5.0 0   232.7 0   902.4 0
 2026 186  7  5 16  2 16.033  50.50   423.3 0    87.8 0   145.0 0   339.1 0   387.5 0   304.848 0   304.885 0   519.6 0   303.611 0   303.805 0    84.4 0   195.1 0   343.5 0  -132.0 0   211.5 0    29.5 0    27.6 0     4.8 0   225.6 0   902.4 0
 2026 186  7  5 16  3 16.050  50.30   747.4 0   150.5 0   645.3 0   351.6 0   388.4 0   304.884 0   304.985 0   525.4 0   303.633 0   303.927 0   109.7 0   334.4 0   613.3 0  -136.9 0   476.4 0    29.5 0    27.7 0     4.4 0   252.7 0   902.4 0
 2026 186  7  5 16  4 16.067  50.10   732.4 0   149.0 0   602.0 0   360.4 0   389.6 0   304.955 0   305.040 0   530.6 0   303.689 0   304.041 0   110.3 0   326.0 0   597.6 0  -141.0 0   456.6 0    29.6 0    27.5 0     4.0 0   242.4 0   902.4 0
 2026 186  7  5 16  5 16.083  49.90   579.4 0   108.9 0   360.5 0   363.7 0   391.4 0   305.033 0   305.184 0   530.5 0   303.757 0   304.071 0    99.0 0   257.4 0   487.0 0  -139.2 0   347.9 0    29.7 0    27.1 0     5.6 0   222.2 0   902.4 0
 2026 186  7  5 16  6 16.100  49.70   452.9 0    89.6 0   159.2 0   364.3 0   388.9 0   305.107 0   305.175 0   525.8 0   303.776 0   303.987 0    89.1 0   207.3 0   377.6 0  -136.9 0   240.7 0    29.5 0    27.4 0     5.7 0   225.2 0   902.4 0
 2026 186  7  5 16  7 16.117  49.50   423.3 0    83.7 0   122.8 0   356.8 0   389.2 0   305.134 0   305.140 0   521.7 0   303.762 0   303.916 0    85.6 0   193.4 0   352.9 0  -132.5 0   220.4 0    29.3 0    27.7 0     6.4 0   223.8 0   902.4 0
 2026 186  7  5 16  8 16.133  49.30   497.9 0    99.9 0   238.9 0   354.0 0   388.9 0   305.149 0   305.164 0   521.1 0   303.723 0   303.879 0    92.2 0   228.9 0   409.8 0  -132.2 0   277.6 0    29.0 0    28.4 0     5.0 0   234.6 0   902.4 0
 2026 186  7  5 16  9 16.150  49.10   572.5 0   104.4 0   368.7 0   353.8 0   388.3 0   305.173 0   305.181 0   523.3 0   303.715 0   303.936 0    98.3 0   259.5 0   490.8 0  -135.0 0   355.8 0    29.1 0    28.1 0     5.2 0   244.0 0   902.4 0
 2026 186  7  5 16 10 16.167  48.90   434.2 0    85.7 0   157.2 0   344.2 0   387.9 0   305.193 0   305.114 0   522.2 0   303.720 0   303.913 0    86.2 0   197.3 0   361.8 0  -134.3 0   227.5 0    29.2 0    27.8 0     5.0 0   249.6 0   902.4 0
 2026 186  7  5 16 11 16.183  48.70   399.8 0    80.3 0   112.1 0   337.7 0   387.7 0   305.187 0   305.153 0   519.5 0   303.710 0   303.859 0    83.0 0   183.3 0   331.4 0  -131.8 0   199.7 0    29.2 0    27.9 0     5.8 0   249.4 0   902.4 0
 2026 186  7  5 16 12 16.200  48.50   444.8 0    89.6 0   173.9 0   339.3 0   387.6 0   305.181 0   305.127 0   519.5 0   303.687 0   303.845 0    87.6 0   206.0 0   365.0 0  -131.9 0   233.0 0    29.1 0    27.9 0     5.8 0   232.4 0   902.4 0
 2026 186  7  5 16 13 16.217  48.30   470.5 0    89.4 0   233.8 0   337.3 0   386.5 0   305.181 0   305.125 0   519.6 0   303.666 0   303.841 0    89.4 0   211.8 0   403.5 0  -133.1 0   270.4 0    29.2 0    28.3 0     6.1 0   230.5 0   902.4 0
 2026 186  7  5 16 14 16.233  48.10   350.7 0    72.7 0    45.2 0   330.3 0   386.9 0   305.173 0   305.120 0   516.6 0   303.636 0   303.765 0    78.5 0   158.8 0   287.9 0  -129.6 0   158.2 0    29.1 0    28.7 0     5.9 0   232.6 0   902.4 0
 2026 186  7  5 16 15 16.250  47.90   331.2 0    69.0 0    13.2 0   329.1 0   386.3 0   305.158 0   305.071 0   516.6 0   303.604 0   303.755 0    76.4 0   149.3 0   268.9 0  -130.3 0   138.6 0    29.1 0    28.6 0     4.3 0   234.8 0   902.3 0
 2026 186  7  5 16 16 16.267  47.70   350.8 0    74.5 0    29.7 0   336.2 0   387.0 0   305.128 0   305.047 0   515.4 0   303.593 0   303.728 0    79.2 0   160.1 0   281.6 0  -128.5 0   153.2 0    29.3 0    28.1 0     6.0 0   218.3 0   902.3 0
 2026 186  7  5 16 17 16.283  47.50   434.6 0    90.4 0   139.3 0   347.8 0   385.3 0   305.112 0   305.095 0   516.1 0   303.569 0   303.730 0    88.7 0   198.9 0   351.6 0  -130.8 0   220.8 0    29.2 0    28.0 0     5.7 0   236.6 0   902.3 0
 2026 186  7  5 16 18 16.300  47.30   496.0 0   103.3 0   216.3 0   354.8 0   385.5 0   305.103 0   305.038 0   519.5 0   303.561 0   303.782 0    95.7 0   227.7 0   398.2 0  -134.0 0   264.3 0    29.3 0    28.0 0     5.2 0   236.7 0   902.3 0
 2026 186  7  5 16 19 16.317  47.10   464.0 0    94.2 0   178.7 0   353.1 0   385.6 0   305.095 0   305.046 0   521.2 0   303.581 0   303.818 0    93.5 0   213.8 0   380.6 0  -135.5 0   245.0 0    29.5 0    27.8 0     4.7 0   228.0 0   902.3 0
 2026 186  7  5 16 20 16.333  46.90   428.8 0    84.4 0   141.5 0   345.8 0   385.2 0   305.097 0   305.148 0   519.3 0   303.606 0   303.802 0    89.8 0   196.3 0   358.2 0  -134.1 0   224.1 0    29.6 0    27.8 0     6.2 0   217.7 0   902.3 0
 2026 186  7  5 16 21 16.350  46.70   352.8 0    72.7 0    37.7 0   335.6 0   383.9 0   305.105 0   305.062 0   517.1 0   303.595 0   303.757 0    80.7 0   159.9 0   288.8 0  -133.2 0   155.5 0    29.4 0    27.8 0     6.1 0   222.6 0   902.3 0
 2026 186  7  5 16 22 16.367  46.50   331.3 0    68.6 0    22.4 0   323.7 0   383.0 0   305.093 0   305.020 0   516.6 0   303.588 0   303.760 0    79.2 0   150.8 0   270.5 0  -133.6 0   136.9 0    29.6 0    27.5 0     5.2 0   230.4 0   902.3 0
 2026 186  7  5 16 23 16.383  46.30   317.3 0    66.2 0    12.9 0   316.7 0   382.8 0   305.063 0   304.927 0   514.3 0   303.594 0   303.745 0    78.1 0   144.5 0   259.3 0  -131.5 0   127.8 0    29.6 0    27.1 0     5.6 0   234.0 0   902.3 0
 2026 186  7  5 16 24 16.400  46.10   311.0 0    65.5 0     9.2 0   312.2 0   382.7 0   305.021 0   304.867 0   512.3 0   303.575 0   303.686 0    78.3 0   141.9 0   253.0 0  -129.6 0   123.4 0    29.4 0    27.8 0     6.1 0   237.6 0   902.3 0
 2026 186  7  5 16 25 16.417  45.90   314.1 0    66.5 0     8.0 0   314.9 0   383.1 0   304.976 0   304.858 0   511.0 0   303.537 0   303.638 0    79.4 0   143.4 0   254.0 0  -128.0 0   126.0 0    29.3 0    28.3 0     5.7 0   232.1 0   902.3 0
 2026 186  7  5 16 26 16.433  45.70   339.8 0    71.9 0    27.3 0   327.1 0   383.5 0   304.943 0   304.868 0   511.5 0   303.507 0   303.640 0    83.2 0   155.9 0   274.2 0  -128.0 0   146.2 0    29.2 0    28.3 0     5.6 0   227.9 0   902.3 0
 2026 186  7  5 16 27 16.450  45.50   375.0 0    80.4 0    52.7 0   343.8 0   384.5 0   304.913 0   304.853 0   511.7 0   303.486 0   303.619 0    87.7 0   172.5 0   300.3 0  -127.2 0   173.2 0    29.2 0    28.3 0     5.8 0   216.5 0   902.3 0
 2026 186  7  5 16 28 16.467  45.30   430.9 0    90.1 0   118.0 0   356.4 0   385.4 0   304.897 0   304.911 0   513.8 0   303.471 0   303.642 0    95.3 0   197.9 0   349.3 0  -128.5 0   220.8 0    29.3 0    28.1 0     5.7 0   219.5 0   902.3 0
 2026 186  7  5 16 29 16.483  45.10   389.3 0    81.1 0    50.4 0   361.7 0   385.1 0   304.897 0   304.900 0   514.0 0   303.462 0   303.621 0    90.5 0   177.0 0   316.2 0  -128.8 0   187.3 0    29.2 0    28.5 0     4.5 0   208.1 0   902.3 0
 2026 186  7  5 16 30 16.500  44.89   389.0 0    81.0 0    38.3 0   367.1 0   386.5 0   304.889 0   304.922 0   514.0 0   303.450 0   303.602 0    91.3 0   176.2 0   313.3 0  -127.6 0   185.7 0    29.1 0    28.4 0     5.2 0   211.2 0   902.3 0
 2026 186  7  5 16 31 16.517  44.69   398.1 0    82.2 0    38.5 0   374.6 0   388.2 0   304.892 0   304.998 0   515.2 0   303.444 0   303.620 0    93.5 0   180.6 0   319.7 0  -127.0 0   192.7 0    29.2 0    28.3 0     5.7 0   216.9 0   902.3 0
 2026 186  7  5 16 32 16.533  44.49   400.3 0    82.8 0    26.6 0   384.9 0   389.2 0   304.908 0   305.009 0   515.3 0   303.443 0   303.623 0    94.0 0   180.6 0   321.0 0  -126.2 0   194.9 0    29.3 0    28.4 0     5.1 0   222.0 0   902.3 0
 2026 186  7  5 16 33 16.550  44.29   412.1 0    84.9 0    30.5 0   394.1 0   390.0 0   304.929 0   305.065 0   516.9 0   303.448 0   303.659 0    95.8 0   186.1 0   331.1 0  -126.9 0   204.1 0    29.4 0    28.3 0     3.9 0   219.7 0   902.3 0
 2026 186  7  5 16 34 16.567  44.09   414.2 0    85.5 0    25.6 0   398.2 0   390.1 0   304.950 0   305.054 0   516.4 0   303.462 0   303.653 0    95.8 0   187.2 0   331.1 0  -126.3 0   204.8 0    29.4 0    28.4 0     4.7 0   231.7 0   902.3 0
 2026 186  7  5 16 35 16.583  43.89   415.8 0    86.2 0    36.0 0   394.3 0   390.9 0   304.960 0   305.068 0   517.6 0   303.464 0   303.661 0    96.1 0   189.0 0   334.1 0  -126.8 0   207.3 0    29.2 0    28.5 0     4.7 0   233.4 0   902.3 0
 2026 186  7  5 16 36 16.600  43.69   420.7 0    86.3 0    58.6 0   382.6 0   390.5 0   304.970 0   305.031 0   517.3 0   303.469 0   303.649 0    97.1 0   192.9 0   338.7 0  -126.7 0   212.0 0    29.3 0    28.7 0     5.5 0   232.8 0   902.3 0
 2026 186  7  5 16 37 16.617  43.50   405.1 0    81.8 0    54.0 0   371.9 0   392.2 0   304.969 0   305.055 0   517.2 0   303.469 0   303.651 0    95.5 0   185.5 0   329.3 0  -125.0 0   204.3 0    29.3 0    28.7 0     4.7 0   231.2 0   902.3 0
 2026 186  7  5 16 38 16.633  43.30   370.0 0    76.4 0     8.7 0   368.8 0   391.8 0   304.978 0   305.035 0   517.1 0   303.472 0   303.657 0    90.4 0   168.3 0   298.8 0  -125.3 0   173.4 0    29.3 0    28.9 0     4.7 0   234.1 0   902.3 0
 2026 186  7  5 16 39 16.650  43.10   394.5 0    84.0 0    30.4 0   373.5 0   392.3 0   304.983 0   305.066 0   516.4 0   303.473 0   303.652 0    93.7 0   181.0 0   311.7 0  -124.1 0   187.6 0    29.3 0    28.8 0     5.5 0   239.1 0   902.3 0
 2026 186  7  5 16 40 16.667  42.90   548.8 0   108.1 0   238.3 0   384.6 0   391.7 0   304.993 0   305.044 0   519.5 0   303.469 0   303.695 0   113.4 0   251.4 0   451.1 0  -127.7 0   323.4 0    29.2 0    28.9 0     5.0 0   235.9 0   902.3 0
 2026 186  7  5 16 41 16.683  42.70   434.0 0    88.8 0    80.5 0   384.1 0   392.4 0   305.008 0   305.091 0   520.0 0   303.474 0   303.694 0    99.3 0   197.4 0   354.4 0  -127.6 0   226.9 0    29.2 0    29.0 0     4.4 0   240.9 0   902.3 0
 2026 186  7  5 16 42 16.700  42.50   387.1 0    79.7 0    21.2 0   377.6 0   391.9 0   305.016 0   305.058 0   519.2 0   303.485 0   303.679 0    93.4 0   175.7 0   313.5 0  -127.4 0   186.1 0    29.2 0    28.8 0     4.2 0   239.5 0   902.3 0
 2026 186  7  5 16 43 16.717  42.30   425.0 0    87.5 0    73.1 0   375.0 0   391.8 0   305.007 0   304.993 0   519.6 0   303.496 0   303.686 0    98.8 0   194.1 0   341.6 0  -127.8 0   213.7 0    29.3 0    28.7 0     5.3 0   251.7 0   902.3 0
 2026 186  7  5 16 44 16.733  42.10   448.7 0    93.1 0   101.3 0   378.2 0   392.5 0   304.989 0   304.976 0   519.7 0   303.503 0   303.702 0   101.9 0   204.1 0   360.3 0  -127.2 0   233.1 0    29.3 0    28.5 0     5.8 0   246.1 0   902.3 0
 2026 186  7  5 16 45 16.750  41.90   542.0 0   113.5 0   219.1 0   383.2 0   392.8 0   304.986 0   305.073 0   521.4 0   303.510 0   303.738 0   113.3 0   245.1 0   432.8 0  -128.6 0   304.2 0    29.3 0    28.5 0     5.5 0   245.4 0   902.3 0
 2026 186  7  5 16 46 16.767  41.70   617.8 0   128.2 0   316.2 0   386.5 0   393.6 0   305.011 0   305.149 0   528.0 0   303.539 0   303.859 0   122.4 0   276.6 0   494.5 0  -134.4 0   360.0 0    29.5 0    28.3 0     4.0 0   225.0 0   902.3 0
 2026 186  7  5 16 47 16.783  41.50   498.5 0   100.1 0   157.4 0   386.3 0   393.2 0   305.055 0   305.176 0   530.3 0   303.617 0   303.956 0   109.1 0   222.4 0   404.0 0  -137.2 0   266.8 0    29.9 0    27.5 0     3.1 0   223.7 0   902.3 0
 2026 186  7  5 16 48 16.800  41.30   462.6 0    94.1 0   109.9 0   385.8 0   394.3 0   305.084 0   305.216 0   526.9 0   303.687 0   303.945 0   105.6 0   210.1 0   374.2 0  -132.6 0   241.7 0    30.0 0    27.8 0     4.9 0   235.2 0   902.3 0
 2026 186  7  5 16 49 16.817  41.10   472.7 0    99.1 0   115.6 0   388.6 0   392.8 0   305.121 0   305.256 0   526.3 0   303.721 0   303.953 0   107.6 0   215.4 0   376.6 0  -133.5 0   243.1 0    29.7 0    28.3 0     5.3 0   247.6 0   902.3 0
 2026 186  7  5 16 50 16.833  40.90   469.3 0    96.8 0   112.5 0   388.7 0   393.4 0   305.143 0   305.203 0   525.8 0   303.737 0   303.949 0   107.3 0   213.4 0   377.0 0  -132.4 0   244.6 0    29.5 0    28.6 0     5.7 0   228.3 0   902.3 0
 2026 186  7  5 16 51 16.850  40.70   422.4 0    87.7 0    58.4 0   383.4 0   393.6 0   305.152 0   305.217 0   524.8 0   303.730 0   303.924 0   101.4 0   192.6 0   340.0 0  -131.2 0   208.8 0    29.3 0    29.0 0     5.1 0   232.6 0   902.3 0
 2026 186  7  5 16 52 16.867  40.51   402.3 0    83.4 0    37.2 0   377.8 0   392.1 0   305.161 0   305.199 0   523.6 0   303.739 0   303.943 0    98.9 0   183.6 0   322.7 0  -131.5 0   191.2 0    29.5 0    28.6 0     4.5 0   245.7 0   902.3 0
 2026 186  7  5 16 53 16.883  40.31   453.4 0    94.5 0   104.2 0   377.6 0   392.7 0   305.159 0   305.188 0   523.3 0   303.748 0   303.939 0   105.4 0   206.2 0   362.6 0  -130.6 0   232.0 0    29.4 0    28.7 0     4.4 0   238.3 0   902.3 0
 2026 186  7  5 16 54 16.900  40.11   489.7 0   101.9 0   145.3 0   380.6 0   392.3 0   305.159 0   305.199 0   525.3 0   303.755 0   303.967 0   110.8 0   222.0 0   389.9 0  -133.0 0   256.9 0    29.3 0    28.9 0     3.1 0   262.9 0   902.3 0
 2026 186  7  5 16 55 16.917  39.91   564.8 0   115.9 0   240.2 0   383.9 0   392.8 0   305.158 0   305.182 0   529.1 0   303.784 0   304.032 0   120.5 0   253.8 0   452.3 0  -136.3 0   316.0 0    29.4 0    28.7 0     3.7 0   266.7 0   902.2 0
 2026 186  7  5 16 56 16.933  39.71   509.5 0   104.5 0   167.4 0   385.0 0   393.8 0   305.167 0   305.276 0   529.0 0   303.817 0   304.064 0   115.1 0   230.2 0   409.3 0  -135.1 0   274.2 0    29.5 0    28.2 0     5.8 0   247.8 0   902.2 0
 2026 186  7  5 16 57 16.950  39.51   474.2 0    95.5 0   131.1 0   379.8 0   392.9 0   305.190 0   305.267 0   527.8 0   303.830 0   304.054 0   110.1 0   213.6 0   385.4 0  -134.9 0   250.5 0    29.5 0    27.9 0     5.9 0   243.4 0   902.2 0
 2026 186  7  5 16 58 16.967  39.31   431.4 0    88.5 0    86.0 0   368.6 0   392.0 0   305.204 0   305.235 0   526.9 0   303.830 0   304.038 0   105.1 0   196.4 0   346.7 0  -134.9 0   211.8 0    29.5 0    28.0 0     4.4 0   226.7 0   902.2 0
 2026 186  7  5 16 59 16.983  39.12   475.8 0    96.9 0   161.5 0   357.2 0   391.7 0   305.203 0   305.239 0   527.2 0   303.836 0   304.050 0   110.0 0   216.0 0   385.6 0  -135.5 0   250.1 0    29.5 0    27.9 0     4.1 0   224.0 0   902.2 0
 2026 186  7  5 17  0 17.000  38.92   467.4 0    91.5 0   177.2 0   339.6 0   391.5 0   305.210 0   305.217 0   528.0 0   303.855 0   304.091 0   108.5 0   209.9 0   385.9 0  -136.5 0   249.4 0    29.5 0    27.9 0     4.8 0   233.4 0   902.2 0
 2026 186  7  5 17  1 17.017  38.72   335.1 0    67.8 0    27.1 0   320.9 0   390.9 0   305.213 0   305.225 0   524.9 0   303.871 0   304.061 0    92.0 0   153.6 0   274.2 0  -134.0 0   140.2 0    29.6 0    28.0 0     5.3 0   231.0 0   902.2 0
 2026 186  7  5 17  2 17.033  38.52   338.3 0    70.2 0    37.0 0   314.3 0   390.9 0   305.204 0   305.164 0   521.4 0   303.870 0   303.996 0    92.4 0   156.0 0   273.0 0  -130.5 0   142.5 0    29.6 0    28.0 0     6.1 0   224.6 0   902.2 0
 2026 186  7  5 17  3 17.050  38.32   382.4 0    79.0 0    95.3 0   313.7 0   390.5 0   305.196 0   305.156 0   522.3 0   303.849 0   304.018 0    97.7 0   175.3 0   309.5 0  -131.8 0   177.7 0    29.5 0    28.2 0     4.3 0   222.7 0   902.2 0
 2026 186  7  5 17  4 17.067  38.13   387.0 0    80.8 0   106.7 0   307.4 0   390.6 0   305.185 0   305.114 0   522.1 0   303.853 0   304.024 0    97.7 0   176.6 0   310.6 0  -131.5 0   179.0 0    29.6 0    28.0 0     5.4 0   246.4 0   902.2 0
 2026 186  7  5 17  5 17.083  37.93   335.0 0    68.5 0    55.8 0   297.3 0   390.6 0   305.163 0   305.032 0   520.3 0   303.845 0   303.985 0    90.5 0   153.4 0   272.9 0  -129.7 0   143.2 0    29.6 0    28.0 0     5.3 0   243.7 0   902.2 0
 2026 186  7  5 17  6 17.100  37.73   296.7 0    61.2 0    18.8 0   287.7 0   390.9 0   305.129 0   305.019 0   518.2 0   303.826 0   303.951 0    85.1 0   137.3 0   241.3 0  -127.3 0   114.0 0    29.5 0    28.2 0     5.0 0   244.3 0   902.2 0
 2026 186  7  5 17  7 17.117  37.53   282.4 0    58.3 0    11.2 0   278.8 0   391.6 0   305.094 0   305.002 0   516.7 0   303.799 0   303.908 0    82.8 0   131.2 0   229.3 0  -125.1 0   104.2 0    29.4 0    28.5 0     4.7 0   230.8 0   902.2 0
 2026 186  7  5 17  8 17.133  37.34   273.9 0    56.5 0     7.9 0   272.6 0   391.2 0   305.061 0   304.910 0   515.8 0   303.772 0   303.892 0    81.2 0   127.5 0   222.5 0  -124.6 0    97.9 0    29.3 0    28.7 0     2.7 0   223.6 0   902.2 0
 2026 186  7  5 17  9 17.150  37.14   267.1 0    54.9 0     5.1 0   268.0 0   392.3 0   305.007 0   304.832 0   515.5 0   303.763 0   303.884 0    79.7 0   124.4 0   217.1 0  -123.2 0    93.9 0    29.3 0    28.7 0     2.7 0   214.5 0   902.2 0
 2026 186  7  5 17 10 17.167  36.94   260.0 0    53.5 0     1.4 0   263.8 0   394.3 0   304.950 0   304.847 0   515.6 0   303.757 0   303.886 0    78.3 0   121.4 0   211.3 0  -121.3 0    90.0 0    29.3 0    28.4 0     3.0 0   218.5 0   902.2 0
 2026 186  7  5 17 11 17.183  36.75   256.0 0    52.8 0     0.4 0   260.6 0   395.2 0   304.910 0   304.841 0   514.8 0   303.756 0   303.875 0    77.3 0   119.7 0   208.0 0  -119.6 0    88.4 0    29.5 0    27.9 0     3.8 0   224.3 0   902.1 0
 2026 186  7  5 17 12 17.200  36.55   253.7 0    52.5 0     0.1 0   258.4 0   395.6 0   304.878 0   304.743 0   514.8 0   303.749 0   303.859 0    76.7 0   118.8 0   205.9 0  -119.1 0    86.8 0    29.5 0    27.8 0     3.7 0   227.6 0   902.1 0
 2026 186  7  5 17 13 17.217  36.35   252.8 0    52.3 0     0.1 0   257.4 0   397.1 0   304.831 0   304.710 0   513.8 0   303.748 0   303.854 0    76.4 0   118.4 0   205.1 0  -116.7 0    88.4 0    29.7 0    27.5 0     4.3 0   230.9 0   902.1 0
 2026 186  7  5 17 14 17.233  36.16   253.4 0    52.9 0     0.0 0   257.9 0   397.4 0   304.793 0   304.702 0   511.8 0   303.733 0   303.812 0    76.5 0   118.9 0   205.0 0  -114.4 0    90.6 0    29.6 0    27.7 0     4.7 0   223.4 0   902.1 0
 2026 186  7  5 17 15 17.250  35.96   256.6 0    53.7 0     0.0 0   260.8 0   398.5 0   304.762 0   304.685 0   511.5 0   303.707 0   303.794 0    77.2 0   120.3 0   207.1 0  -113.0 0    94.1 0    29.5 0    27.8 0     4.8 0   224.8 0   902.1 0
 2026 186  7  5 17 16 17.267  35.76   262.1 0    55.0 0     0.0 0   266.1 0   399.7 0   304.741 0   304.719 0   511.2 0   303.679 0   303.771 0    78.6 0   122.9 0   211.1 0  -111.5 0    99.7 0    29.5 0    28.0 0     4.3 0   226.8 0   902.1 0
 2026 186  7  5 17 17 17.283  35.57   271.5 0    56.7 0     0.0 0   274.8 0   400.6 0   304.735 0   304.759 0   512.0 0   303.662 0   303.781 0    80.9 0   127.1 0   218.2 0  -111.4 0   106.8 0    29.5 0    28.0 0     4.4 0   232.4 0   902.1 0
 2026 186  7  5 17 18 17.300  35.37   285.8 0    59.2 0     0.0 0   288.2 0   400.4 0   304.739 0   304.778 0   513.1 0   303.664 0   303.808 0    84.3 0   133.4 0   229.0 0  -112.7 0   116.3 0    29.7 0    27.6 0     4.4 0   255.5 0   902.1 0
 2026 186  7  5 17 19 17.317  35.18   305.5 0    62.9 0     0.2 0   306.9 0   400.6 0   304.748 0   304.811 0   513.8 0   303.671 0   303.810 0    88.8 0   142.0 0   244.1 0  -113.2 0   130.9 0    29.8 0    27.5 0     4.3 0   239.0 0   902.1 0
 2026 186  7  5 17 20 17.333  34.98   331.0 0    67.8 0     0.3 0   331.1 0   400.3 0   304.762 0   304.850 0   513.6 0   303.682 0   303.837 0    94.4 0   153.1 0   263.6 0  -113.3 0   150.4 0    29.9 0    27.4 0     4.1 0   231.1 0   902.2 0
 2026 186  7  5 17 21 17.350  34.78   359.9 0    73.7 0     0.7 0   358.9 0   401.5 0   304.776 0   304.920 0   514.7 0   303.685 0   303.832 0   100.6 0   165.6 0   285.7 0  -113.2 0   172.6 0    29.7 0    27.8 0     4.8 0   228.4 0   902.1 0
 2026 186  7  5 17 22 17.367  34.59   394.3 0    80.9 0     5.4 0   388.4 0   401.5 0   304.811 0   305.056 0   515.7 0   303.679 0   303.825 0   107.2 0   180.4 0   312.0 0  -114.3 0   197.7 0    29.6 0    28.2 0     4.0 0   228.7 0   902.1 0
 2026 186  7  5 17 23 17.383  34.39   456.3 0    92.0 0    50.0 0   413.5 0   400.1 0   304.856 0   305.036 0   518.0 0   303.688 0   303.875 0   117.7 0   207.9 0   362.7 0  -117.9 0   244.9 0    29.6 0    28.0 0     5.5 0   257.8 0   902.1 0
 2026 186  7  5 17 24 17.400  34.20   460.5 0    92.8 0    37.8 0   428.9 0   399.5 0   304.889 0   305.079 0   519.7 0   303.696 0   303.891 0   120.1 0   209.6 0   367.3 0  -120.2 0   247.1 0    29.6 0    28.1 0     4.7 0   260.2 0   902.1 0
 2026 186  7  5 17 25 17.417  34.00   457.8 0    92.3 0    27.7 0   436.0 0   398.5 0   304.914 0   305.051 0   522.2 0   303.708 0   303.912 0   120.4 0   208.5 0   366.6 0  -123.7 0   242.9 0    29.6 0    27.9 0     3.3 0   263.4 0   902.2 0
 2026 186  7  5 17 26 17.433  33.81   444.9 0    89.2 0    14.2 0   434.0 0   398.8 0   304.924 0   305.108 0   522.7 0   303.733 0   303.941 0   118.5 0   201.7 0   356.6 0  -123.9 0   232.7 0    29.7 0    27.9 0     5.4 0   257.0 0   902.2 0
 2026 186  7  5 17 27 17.450  33.62   435.6 0    87.6 0    11.2 0   427.5 0   398.0 0   304.944 0   305.149 0   521.8 0   303.741 0   303.939 0   117.2 0   197.9 0   349.2 0  -123.7 0   225.4 0    29.5 0    28.3 0     4.3 0   255.6 0   902.2 0
 2026 186  7  5 17 28 17.467  33.42   438.9 0    88.5 0    26.4 0   418.3 0   397.7 0   304.964 0   305.111 0   523.7 0   303.750 0   303.978 0   118.9 0   201.3 0   351.8 0  -125.9 0   225.9 0    29.5 0    28.2 0     3.2 0   257.3 0   902.2 0
 2026 186  7  5 17 29 17.483  33.23   418.8 0    83.3 0    19.7 0   406.8 0   398.1 0   304.979 0   305.179 0   523.7 0   303.775 0   303.992 0   115.1 0   191.2 0   340.1 0  -125.6 0   214.5 0    29.6 0    28.0 0     4.6 0   248.7 0   902.2 0
 2026 186  7  5 17 30 17.500  33.03   398.4 0    80.4 0     6.7 0   397.0 0   397.6 0   305.005 0   305.178 0   522.7 0   303.789 0   303.991 0   111.2 0   182.0 0   322.2 0  -125.1 0   197.2 0    29.6 0    28.0 0     4.1 0   235.0 0   902.2 0
 2026 186  7  5 17 31 17.517  32.84   389.3 0    78.6 0     8.9 0   384.9 0   396.4 0   305.023 0   305.118 0   522.8 0   303.797 0   303.991 0   109.6 0   178.1 0   313.8 0  -126.4 0   187.4 0    29.5 0    28.2 0     3.1 0   256.2 0   902.2 0
 2026 186  7  5 17 32 17.533  32.65   383.6 0    77.7 0    18.6 0   372.0 0   396.3 0   305.030 0   305.155 0   523.4 0   303.816 0   304.010 0   109.3 0   176.6 0   310.0 0  -127.0 0   183.0 0    29.6 0    28.1 0     3.2 0   264.3 0   902.2 0
 2026 186  7  5 17 33 17.550  32.45   369.7 0    74.4 0    22.3 0   356.1 0   395.4 0   305.041 0   305.127 0   522.7 0   303.841 0   304.028 0   106.1 0   170.4 0   300.5 0  -127.3 0   173.2 0    29.7 0    27.9 0     4.5 0   258.9 0   902.1 0
 2026 186  7  5 17 34 17.567  32.26   352.2 0    70.9 0    25.0 0   337.2 0   394.3 0   305.040 0   305.029 0   521.0 0   303.851 0   304.006 0   103.3 0   162.9 0   287.5 0  -126.7 0   160.8 0    29.6 0    28.1 0     3.4 0   268.7 0   902.2 0
 2026 186  7  5 17 35 17.583  32.07   329.6 0    67.0 0    20.0 0   318.3 0   394.1 0   305.023 0   305.027 0   520.9 0   303.852 0   304.019 0    99.1 0   152.9 0   268.2 0  -126.8 0   141.4 0    29.5 0    28.2 0     2.5 0   273.9 0   902.2 0
 2026 186  7  5 17 36 17.600  31.88   307.5 0    62.2 0    15.5 0   300.5 0   394.1 0   305.007 0   304.995 0   520.4 0   303.863 0   304.026 0    95.1 0   142.4 0   251.5 0  -126.3 0   125.2 0    29.6 0    28.0 0     3.4 0   254.7 0   902.1 0
 2026 186  7  5 17 37 17.617  31.68   286.7 0    58.3 0    10.0 0   284.2 0   392.7 0   304.995 0   304.970 0   518.2 0   303.862 0   303.999 0    91.9 0   133.3 0   234.4 0  -125.5 0   108.9 0    29.6 0    28.1 0     3.5 0   234.8 0   902.2 0
 2026 186  7  5 17 38 17.633  31.49   267.6 0    54.9 0     2.1 0   271.6 0   391.7 0   304.974 0   304.898 0   517.0 0   303.855 0   303.988 0    89.2 0   124.8 0   218.5 0  -125.3 0    93.2 0    29.5 0    28.2 0     1.8 0   209.7 0   902.2 0
 2026 186  7  5 17 39 17.650  31.30   257.8 0    53.2 0     0.6 0   262.5 0   391.5 0   304.949 0   304.927 0   516.3 0   303.858 0   303.983 0    88.6 0   120.6 0   209.9 0  -124.8 0    85.1 0    29.5 0    28.2 0     2.7 0   209.5 0   902.1 0
 2026 186  7  5 17 40 17.667  31.11   254.7 0    52.8 0     0.5 0   258.8 0   390.8 0   304.939 0   304.967 0   515.4 0   303.855 0   303.964 0    89.5 0   119.4 0   206.4 0  -124.5 0    81.9 0    29.5 0    28.2 0     3.2 0   232.4 0   902.1 0
 2026 186  7  5 17 41 17.683  30.92   259.2 0    53.7 0     0.9 0   262.0 0   389.8 0   304.944 0   304.936 0   515.2 0   303.855 0   303.981 0    92.3 0   121.4 0   209.0 0  -125.4 0    83.6 0    29.7 0    27.8 0     3.6 0   244.0 0   902.1 0
 2026 186  7  5 17 42 17.700  30.73   281.5 0    59.1 0    11.3 0   273.9 0   388.6 0   304.941 0   304.879 0   514.4 0   303.858 0   303.969 0    98.9 0   131.8 0   224.4 0  -125.8 0    98.6 0    29.8 0    27.6 0     3.2 0   235.0 0   902.1 0
 2026 186  7  5 17 43 17.717  30.54   455.5 0    97.4 0   184.7 0   296.4 0   389.3 0   304.932 0   304.927 0   518.7 0   303.868 0   304.062 0   131.2 0   210.8 0   358.1 0  -129.5 0   228.6 0    29.9 0    27.4 0     3.1 0   231.7 0   902.1 0
 2026 186  7  5 17 44 17.733  30.35   816.7 0   173.3 0   562.6 0   324.5 0   389.5 0   304.955 0   305.040 0   529.6 0   303.918 0   304.276 0   193.3 0   366.8 0   636.8 0  -140.2 0   496.6 0    30.0 0    27.3 0     4.2 0   254.9 0   902.1 0
 2026 186  7  5 17 45 17.750  30.16  1057.6 0   213.4 0   830.4 0   342.0 0   390.2 0   305.030 0   305.234 0   542.9 0   304.010 0   304.512 0   233.5 0   462.9 0   846.6 0  -152.7 0   693.9 0    30.1 0    27.1 0     4.0 0   246.3 0   902.1 0
 2026 186  7  5 17 46 17.767  29.97  1042.4 0   210.3 0   793.9 0   354.4 0   392.1 0   305.147 0   305.449 0   551.1 0   304.141 0   304.700 0   236.2 0   455.5 0   831.9 0  -159.0 0   672.9 0    30.3 0    26.6 0     4.9 0   243.0 0   902.2 0
 2026 186  7  5 17 47 17.783  29.78  1126.3 0   227.1 0   879.3 0   364.2 0   391.2 0   305.294 0   305.594 0   558.9 0   304.271 0   304.850 0   253.9 0   492.4 0   900.3 0  -167.7 0   732.6 0    30.2 0    26.8 0     2.4 0   243.2 0   902.2 0
 2026 186  7  5 17 48 17.800  29.59  1200.6 0   240.5 0   943.6 0   380.4 0   392.8 0   305.445 0   305.751 0   569.5 0   304.429 0   305.088 0   269.3 0   523.0 0   960.4 0  -176.7 0   783.7 0    30.3 0    26.6 0     3.2 0   242.2 0   902.1 0
 2026 186  7  5 17 49 17.817  29.40  1230.1 0   246.6 0   945.2 0   403.4 0   395.8 0   305.601 0   305.994 0   577.5 0   304.614 0   305.321 0   276.4 0   534.8 0   980.3 0  -181.7 0   798.6 0    30.6 0    26.4 0     4.5 0   234.0 0   902.1 0
 2026 186  7  5 17 50 17.833  29.21  1168.3 0   237.3 0   836.4 0   429.8 0   395.2 0   305.786 0   306.233 0   578.7 0   304.799 0   305.435 0   267.8 0   507.5 0   922.5 0  -183.5 0   739.0 0    30.6 0    26.3 0     3.5 0   253.6 0   902.1 0
 2026 186  7  5 17 51 17.850  29.02  1234.0 0   247.6 0   882.5 0   458.0 0   397.0 0   305.971 0   306.397 0   586.0 0   304.966 0   305.631 0   279.5 0   540.0 0   982.1 0  -189.0 0   793.1 0    30.6 0    26.3 0     3.1 0   261.1 0   902.1 0
 2026 186  7  5 17 52 17.867  28.83  1305.1 0   259.6 0   928.2 0   488.4 0   397.6 0   306.154 0   306.563 0   594.5 0   305.160 0   305.898 0   289.7 0   566.1 0  1041.9 0  -196.9 0   845.0 0    30.8 0    25.8 0     2.6 0   261.0 0   902.1 0
 2026 186  7  5 17 53 17.883  28.65  1101.3 0   196.6 0   700.7 0   517.2 0   398.8 0   306.338 0   306.876 0   592.8 0   305.360 0   306.013 0   256.7 0   478.5 0   935.5 0  -194.0 0   741.6 0    31.0 0    25.5 0     3.5 0   291.6 0   902.1 0
 2026 186  7  5 17 54 17.900  28.46   717.7 0   141.0 0   236.8 0   526.3 0   399.3 0   306.513 0   306.971 0   584.1 0   305.504 0   305.971 0   191.0 0   317.6 0   593.6 0  -184.8 0   408.8 0    30.9 0    25.6 0     2.4 0   279.7 0   902.0 0
 2026 186  7  5 17 55 17.917  28.27   944.0 0   186.7 0   485.2 0   520.5 0   400.6 0   306.646 0   307.086 0   587.0 0   305.617 0   306.098 0   231.7 0   426.5 0   761.1 0  -186.4 0   574.7 0    31.0 0    25.6 0     2.3 0   264.9 0   902.0 0
 2026 186  7  5 17 56 17.933  28.09  1172.0 0   233.3 0   761.4 0   511.4 0   400.6 0   306.797 0   307.267 0   591.9 0   305.764 0   306.335 0   267.9 0   513.3 0   949.9 0  -191.2 0   758.6 0    31.2 0    25.0 0     5.4 0   248.6 0   902.0 0
 2026 186  7  5 17 57 17.950  27.90  1220.1 0   238.1 0   807.0 0   514.0 0   401.5 0   306.961 0   307.330 0   596.7 0   305.910 0   306.504 0   276.4 0   527.9 0   989.2 0  -195.1 0   794.0 0    31.1 0    25.0 0     5.7 0   247.5 0   902.0 0
 2026 186  7  5 17 58 17.967  27.71   772.7 0   152.1 0   292.3 0   520.8 0   402.3 0   307.093 0   307.429 0   588.9 0   306.018 0   306.445 0   201.9 0   342.5 0   627.6 0  -186.7 0   440.9 0    31.1 0    24.8 0     5.4 0   208.3 0   902.0 0
 2026 186  7  5 17 59 17.983  27.53   562.9 0   109.4 0    76.5 0   500.5 0   403.6 0   307.198 0   307.585 0   582.1 0   306.073 0   306.415 0   160.8 0   250.9 0   458.9 0  -178.5 0   280.4 0    31.1 0    25.0 0     4.5 0   207.8 0   902.0 0
 2026 186  7  5 18  0 18.000  27.34   487.6 0    99.4 0     4.2 0   484.4 0   402.8 0   307.287 0   307.566 0   572.3 0   306.118 0   306.360 0   144.5 0   219.0 0   388.8 0  -169.5 0   219.3 0    31.2 0    24.6 0     5.3 0   214.6 0   902.0 0
 2026 186  7  5 18  1 18.017  27.16   514.7 0   106.4 0    32.0 0   488.0 0   401.4 0   307.333 0   307.471 0   568.8 0   306.123 0   306.352 0   150.5 0   233.8 0   410.0 0  -167.4 0   242.6 0    31.1 0    24.9 0     3.2 0   202.5 0   902.0 0
 2026 186  7  5 18  2 18.033  26.98   496.2 0    99.5 0    24.6 0   477.0 0   402.6 0   307.343 0   307.445 0   566.3 0   306.146 0   306.367 0   146.0 0   223.9 0   399.4 0  -163.7 0   235.7 0    31.1 0    25.1 0     5.8 0   232.1 0   902.0 0
 2026 186  7  5 18  3 18.050  26.79   465.3 0    95.3 0     1.3 0   463.5 0   401.5 0   307.338 0   307.372 0   560.1 0   306.134 0   306.289 0   139.4 0   210.4 0   369.4 0  -158.6 0   210.8 0    30.9 0    25.5 0     6.2 0   240.4 0   902.0 0
 2026 186  7  5 18  4 18.067  26.61   464.6 0    95.8 0     3.3 0   460.6 0   401.7 0   307.314 0   307.320 0   556.6 0   306.086 0   306.219 0   139.4 0   210.1 0   367.8 0  -154.9 0   212.8 0    30.7 0    25.8 0     6.2 0   234.4 0   902.0 0
 2026 186  7  5 18  5 18.083  26.43   477.2 0    98.4 0    11.8 0   463.9 0   400.2 0   307.271 0   307.187 0   554.5 0   306.036 0   306.180 0   142.3 0   215.9 0   376.1 0  -154.3 0   221.8 0    30.7 0    25.8 0     4.9 0   242.3 0   902.0 0
 2026 186  7  5 18  6 18.100  26.24   574.5 0   122.5 0    97.0 0   482.3 0   401.2 0   307.214 0   307.230 0   555.3 0   305.996 0   306.159 0   162.4 0   261.5 0   446.7 0  -154.1 0   292.6 0    30.6 0    25.6 0     5.6 0   234.6 0   902.0 0
 2026 186  7  5 18  7 18.117  26.06   801.0 0   171.4 0   336.0 0   493.1 0   402.0 0   307.186 0   307.325 0   562.1 0   305.976 0   306.259 0   206.5 0   365.2 0   623.6 0  -160.2 0   463.4 0    30.8 0    24.9 0     5.8 0   220.4 0   901.9 0
 2026 186  7  5 18  8 18.133  25.88   676.6 0   121.3 0   235.7 0   480.9 0   400.6 0   307.208 0   307.399 0   563.8 0   305.994 0   306.293 0   179.0 0   293.7 0   571.7 0  -163.1 0   408.6 0    31.0 0    24.5 0     5.8 0   214.0 0   901.9 0
 2026 186  7  5 18  9 18.150  25.70   481.6 0    99.3 0     9.7 0   472.2 0   401.6 0   307.232 0   307.471 0   558.1 0   305.985 0   306.191 0   146.0 0   217.0 0   381.7 0  -156.5 0   225.2 0    30.9 0    24.5 0     6.3 0   209.7 0   901.9 0
 2026 186  7  5 18 10 18.167  25.52   534.8 0   109.8 0    57.4 0   480.5 0   398.8 0   307.258 0   307.437 0   556.0 0   305.954 0   306.152 0   158.3 0   241.9 0   422.6 0  -157.2 0   265.4 0    30.9 0    24.8 0     5.4 0   217.2 0   901.9 0
 2026 186  7  5 18 11 18.183  25.34   570.6 0   115.6 0    86.0 0   490.8 0   396.7 0   307.267 0   307.319 0   555.7 0   305.935 0   306.146 0   165.6 0   257.4 0   452.9 0  -158.9 0   294.0 0    30.9 0    24.8 0     4.4 0   231.6 0   901.9 0
 2026 186  7  5 18 12 18.200  25.16   753.8 0   151.2 0   274.1 0   507.1 0   396.2 0   307.248 0   307.348 0   559.4 0   305.927 0   306.188 0   205.1 0   342.5 0   604.0 0  -163.2 0   440.8 0    30.8 0    25.0 0     4.1 0   230.0 0   901.9 0
 2026 186  7  5 18 13 18.217  24.98  1033.5 0   203.0 0   567.1 0   519.5 0   396.2 0   307.256 0   307.431 0   572.2 0   305.961 0   306.398 0   253.7 0   454.8 0   830.6 0  -176.0 0   654.5 0    30.8 0    24.9 0     3.3 0   224.7 0   901.9 0
 2026 186  7  5 18 14 18.233  24.80   557.1 0   109.4 0    72.4 0   494.0 0   397.7 0   307.293 0   307.585 0   568.1 0   306.040 0   306.381 0   165.6 0   246.7 0   450.4 0  -170.4 0   280.0 0    31.1 0    24.4 0     5.1 0   211.8 0   901.9 0
 2026 186  7  5 18 15 18.250  24.63   556.9 0   109.7 0    87.5 0   478.4 0   394.9 0   307.343 0   307.596 0   562.4 0   306.066 0   306.307 0   167.1 0   249.4 0   448.3 0  -167.6 0   280.7 0    31.2 0    24.0 0     4.4 0   220.2 0   901.9 0
 2026 186  7  5 18 16 18.267  24.45   670.4 0   134.6 0   209.1 0   484.6 0   394.5 0   307.370 0   307.531 0   564.4 0   306.079 0   306.373 0   193.0 0   304.3 0   540.3 0  -169.9 0   370.4 0    31.1 0    24.1 0     3.0 0   214.3 0   901.9 0
 2026 186  7  5 18 17 18.283  24.27   878.8 0   172.0 0   430.8 0   497.8 0   395.4 0   307.400 0   307.670 0   571.1 0   306.139 0   306.517 0   232.3 0   390.4 0   718.6 0  -175.7 0   542.8 0    31.3 0    23.9 0     3.1 0   218.7 0   901.9 0
 2026 186  7  5 18 18 18.300  24.10   713.2 0   140.3 0   260.4 0   486.0 0   393.9 0   307.464 0   307.669 0   572.8 0   306.225 0   306.611 0   205.4 0   319.7 0   583.4 0  -178.9 0   404.5 0    31.5 0    23.7 0     3.1 0   251.2 0   901.8 0
 2026 186  7  5 18 19 18.317  23.92  1111.8 0   224.2 0   690.8 0   474.9 0   394.8 0   307.515 0   307.753 0   583.6 0   306.321 0   306.843 0   275.1 0   486.1 0   882.2 0  -188.8 0   693.4 0    31.7 0    23.5 0     4.0 0   247.9 0   901.8 0
 2026 186  7  5 18 20 18.333  23.75  1066.4 0   216.1 0   655.3 0   460.4 0   394.1 0   307.602 0   307.868 0   587.9 0   306.448 0   306.984 0   274.2 0   473.3 0   844.1 0  -193.7 0   650.3 0    31.9 0    23.2 0     3.1 0   233.0 0   901.8 0
 2026 186  7  5 18 21 18.350  23.57  1302.4 0   257.9 0   945.6 0   435.4 0   392.4 0   307.703 0   307.894 0   598.6 0   306.591 0   307.197 0   314.6 0   562.4 0  1044.2 0  -206.3 0   837.9 0    32.0 0    22.6 0     3.0 0   275.6 0   901.8 0
 2026 186  7  5 18 22 18.367  23.40  1292.4 0   255.6 0   956.4 0   415.9 0   392.3 0   307.798 0   307.994 0   607.0 0   306.755 0   307.409 0   316.9 0   556.4 0  1038.0 0  -214.8 0   823.3 0    32.1 0    22.4 0     2.2 0   263.6 0   901.8 0
 2026 186  7  5 18 23 18.383  23.23  1278.2 0   253.5 0   946.8 0   408.2 0   393.1 0   307.901 0   308.150 0   612.3 0   306.923 0   307.569 0   317.6 0   553.2 0  1024.7 0  -219.2 0   805.5 0    32.2 0    22.3 0     3.5 0   271.6 0   901.8 0
 2026 186  7  5 18 24 18.400  23.05  1297.3 0   258.6 0   967.3 0   403.9 0   395.3 0   308.020 0   308.297 0   618.8 0   307.087 0   307.767 0   320.7 0   558.8 0  1035.4 0  -223.5 0   811.9 0    32.2 0    22.3 0     3.1 0   232.4 0   901.7 0
 2026 186  7  5 18 25 18.417  22.88  1284.6 0   253.7 0   959.1 0   398.6 0   394.5 0   308.173 0   308.510 0   624.5 0   307.271 0   307.977 0   319.8 0   553.9 0  1028.5 0  -229.9 0   798.5 0    32.5 0    21.9 0     2.4 0   278.4 0   901.7 0
 2026 186  7  5 18 26 18.433  22.71  1306.1 0   258.3 0   971.3 0   406.4 0   395.4 0   308.345 0   308.627 0   625.4 0   307.470 0   308.170 0   321.6 0   560.6 0  1044.0 0  -229.9 0   814.1 0    32.8 0    21.7 0     4.6 0   272.8 0   901.7 0
 2026 186  7  5 18 27 18.450  22.54  1040.7 0   195.1 0   681.1 0   426.6 0   395.1 0   308.514 0   308.799 0   620.4 0   307.627 0   308.210 0   275.8 0   450.9 0   860.5 0  -225.3 0   635.2 0    32.7 0    21.8 0     4.1 0   255.3 0   901.7 0
 2026 186  7  5 18 28 18.467  22.37   875.1 0   172.3 0   486.6 0   435.5 0   394.8 0   308.636 0   308.775 0   615.2 0   307.725 0   308.187 0   242.6 0   385.4 0   713.2 0  -220.4 0   492.7 0    32.4 0    22.1 0     2.2 0   237.1 0   901.7 0
 2026 186  7  5 18 29 18.483  22.21   669.1 0   125.8 0   265.3 0   430.5 0   395.0 0   308.718 0   308.853 0   612.2 0   307.827 0   308.258 0   197.8 0   292.1 0   550.3 0  -217.2 0   333.1 0    32.5 0    21.6 0     1.9 0   234.4 0   901.7 0
 2026 186  7  5 18 30 18.500  22.04   470.1 0    95.1 0    54.3 0   418.9 0   395.5 0   308.768 0   308.896 0   599.6 0   307.922 0   308.218 0   157.8 0   209.9 0   374.1 0  -204.1 0   170.0 0    32.8 0    20.7 0     5.3 0   243.6 0   901.6 0
 2026 186  7  5 18 31 18.517  21.87   687.1 0   139.9 0   275.5 0   425.8 0   393.1 0   308.812 0   308.834 0   594.6 0   307.956 0   308.190 0   202.0 0   307.0 0   541.6 0  -201.5 0   340.1 0    32.8 0    20.8 0     6.5 0   245.2 0   901.6 0
 2026 186  7  5 18 32 18.533  21.71   967.1 0   190.8 0   586.0 0   425.4 0   392.1 0   308.836 0   308.786 0   595.1 0   307.952 0   308.251 0   256.7 0   429.0 0   779.1 0  -203.0 0   576.2 0    32.4 0    21.2 0     4.8 0   252.6 0   901.6 0
 2026 186  7  5 18 33 18.550  21.54  1090.0 0   210.2 0   739.5 0   423.3 0   391.8 0   308.853 0   308.754 0   601.9 0   307.977 0   308.382 0   281.2 0   478.3 0   901.0 0  -210.1 0   690.8 0    32.2 0    21.5 0     2.6 0   261.7 0   901.6 0
 2026 186  7  5 18 34 18.567  21.38   928.0 0   175.3 0   549.6 0   420.9 0   395.4 0   308.878 0   309.008 0   611.5 0   308.065 0   308.589 0   251.3 0   398.2 0   757.4 0  -216.1 0   541.3 0    32.5 0    21.2 0     2.8 0   234.5 0   901.5 0
 2026 186  7  5 18 35 18.583  21.21   846.0 0   167.0 0   462.4 0   423.1 0   393.4 0   308.933 0   309.064 0   602.8 0   308.164 0   308.536 0   239.5 0   375.8 0   687.1 0  -209.4 0   477.7 0    33.0 0    20.1 0     7.0 0   233.3 0   901.5 0
 2026 186  7  5 18 36 18.600  21.05   775.5 0   151.6 0   392.4 0   420.6 0   392.7 0   308.987 0   309.032 0   597.5 0   308.161 0   308.412 0   228.4 0   343.1 0   635.1 0  -204.9 0   430.3 0    32.6 0    20.7 0     6.9 0   230.2 0   901.5 0
 2026 186  7  5 18 37 18.617  20.89   895.0 0   178.7 0   511.9 0   421.5 0   392.8 0   309.028 0   309.083 0   597.5 0   308.149 0   308.491 0   251.5 0   397.5 0   721.1 0  -204.7 0   516.3 0    32.8 0    20.4 0     6.9 0   246.2 0   901.5 0
 2026 186  7  5 18 38 18.633  20.73  1167.8 0   237.8 0   804.7 0   411.1 0   393.6 0   309.080 0   309.152 0   602.3 0   308.172 0   308.586 0   300.4 0   509.9 0   925.9 0  -208.7 0   717.2 0    32.9 0    20.3 0     8.7 0   233.8 0   901.4 0
 2026 186  7  5 18 39 18.650  20.57  1061.8 0   207.5 0   708.6 0   402.9 0   393.7 0   309.162 0   309.311 0   606.4 0   308.184 0   308.593 0   283.1 0   458.7 0   858.9 0  -212.7 0   646.2 0    32.8 0    20.5 0     6.6 0   216.2 0   901.4 0
 2026 186  7  5 18 40 18.667  20.41   863.2 0   164.4 0   506.9 0   395.6 0   394.5 0   309.251 0   309.418 0   602.5 0   308.193 0   308.561 0   251.4 0   382.0 0   706.3 0  -208.0 0   498.3 0    32.7 0    20.5 0     6.5 0   233.1 0   901.4 0
 2026 186  7  5 18 41 18.683  20.26   815.2 0   152.7 0   471.8 0   386.5 0   391.8 0   309.339 0   309.435 0   600.4 0   308.216 0   308.580 0   242.4 0   362.5 0   676.4 0  -208.6 0   467.8 0    33.0 0    19.9 0     6.7 0   236.5 0   901.4 0
 2026 186  7  5 18 42 18.700  20.10   744.2 0   146.0 0   389.7 0   378.6 0   391.6 0   309.392 0   309.318 0   595.0 0   308.224 0   308.489 0   228.9 0   333.7 0   598.6 0  -203.4 0   395.1 0    33.0 0    20.0 0     7.7 0   231.2 0   901.4 0
 2026 186  7  5 18 43 18.717  19.94   676.9 0   131.2 0   331.0 0   371.2 0   392.7 0   309.403 0   309.333 0   595.4 0   308.230 0   308.579 0   212.8 0   301.9 0   551.2 0  -202.8 0   348.4 0    33.3 0    19.6 0     5.5 0   223.5 0   901.3 0
 2026 186  7  5 18 44 18.733  19.79   621.8 0   123.9 0   272.2 0   365.8 0   389.0 0   309.418 0   309.323 0   588.1 0   308.258 0   308.505 0   201.6 0   279.7 0   498.0 0  -199.1 0   298.9 0    33.4 0    19.5 0     7.4 0   244.9 0   901.3 0
 2026 186  7  5 18 45 18.750  19.64   816.7 0   165.8 0   476.0 0   367.8 0   389.7 0   309.408 0   309.237 0   589.6 0   308.230 0   308.501 0   239.5 0   363.4 0   650.3 0  -199.9 0   450.4 0    32.9 0    20.2 0     6.3 0   230.4 0   901.4 0
 2026 186  7  5 18 46 18.767  19.49   810.3 0   151.5 0   478.1 0   364.6 0   390.4 0   309.404 0   309.365 0   591.3 0   308.219 0   308.535 0   240.1 0   359.5 0   663.9 0  -200.9 0   463.0 0    32.9 0    20.2 0     6.8 0   200.4 0   901.3 0
 2026 186  7  5 18 47 18.783  19.33   804.0 0   161.0 0   473.7 0   350.7 0   387.4 0   309.415 0   309.306 0   588.0 0   308.194 0   308.449 0   241.2 0   357.5 0   636.7 0  -200.6 0   436.1 0    32.8 0    20.5 0     6.4 0   193.7 0   901.4 0
 2026 186  7  5 18 48 18.800  19.19   908.2 0   199.6 0   582.5 0   328.2 0   388.2 0   309.411 0   309.272 0   595.0 0   308.176 0   308.521 0   262.2 0   401.8 0   678.8 0  -206.8 0   472.0 0    32.8 0    20.4 0     5.2 0   200.9 0   901.4 0
 2026 186  7  5 18 49 18.817  19.04  1144.4 0   226.8 0   850.5 0   318.1 0   388.8 0   309.419 0   309.329 0   601.7 0   308.195 0   308.584 0   304.9 0   496.6 0   895.3 0  -212.9 0   682.4 0    32.8 0    20.5 0     6.3 0   206.8 0   901.3 0
 2026 186  7  5 18 50 18.833  18.89   917.4 0   203.5 0   629.7 0   302.2 0   391.0 0   309.454 0   309.444 0   606.1 0   308.228 0   308.669 0   267.4 0   402.0 0   694.4 0  -215.2 0   479.3 0    32.8 0    20.4 0     6.3 0   206.6 0   901.3 0
 2026 186  7  5 18 51 18.850  18.75  1148.0 0   234.0 0   890.1 0   286.1 0   390.4 0   309.512 0   309.506 0   611.6 0   308.287 0   308.794 0   309.0 0   496.7 0   895.0 0  -221.2 0   673.8 0    33.1 0    19.8 0     6.8 0   227.7 0   901.3 0
 2026 186  7  5 18 52 18.867  18.60  1192.3 0   238.4 0   955.2 0   274.7 0   389.7 0   309.584 0   309.489 0   612.9 0   308.377 0   308.871 0   318.6 0   512.9 0   941.7 0  -223.3 0   718.4 0    33.4 0    19.4 0     8.4 0   225.5 0   901.2 0
 2026 186  7  5 18 53 18.883  18.46  1186.8 0   237.0 0   956.0 0   273.1 0   391.6 0   309.656 0   309.654 0   613.0 0   308.417 0   308.870 0   319.0 0   510.6 0   943.0 0  -221.4 0   721.6 0    33.2 0    19.8 0     9.9 0   222.8 0   901.2 0
 2026 186  7  5 18 54 18.900  18.32  1197.4 0   240.3 0   969.9 0   268.7 0   393.1 0   309.749 0   309.760 0   615.8 0   308.438 0   308.913 0   322.3 0   514.5 0   949.1 0  -222.7 0   726.4 0    33.2 0    19.8 0     8.1 0   207.6 0   901.2 0
 2026 186  7  5 18 55 18.917  18.18  1184.8 0   237.8 0   961.6 0   264.3 0   391.2 0   309.856 0   309.840 0   616.9 0   308.488 0   308.980 0   321.0 0   509.4 0   940.0 0  -225.7 0   714.4 0    33.4 0    19.1 0     8.8 0   212.9 0   901.2 0
 2026 186  7  5 18 56 18.933  18.04  1180.9 0   235.7 0   967.1 0   255.5 0   392.3 0   309.952 0   309.933 0   618.8 0   308.561 0   309.073 0   321.9 0   508.2 0   939.5 0  -226.5 0   712.9 0    33.7 0    18.5 0     8.5 0   229.8 0   901.2 0
 2026 186  7  5 18 57 18.950  17.90  1177.6 0   236.0 0   966.6 0   251.7 0   391.2 0   310.058 0   310.036 0   618.4 0   308.603 0   309.028 0   322.6 0   508.0 0   935.5 0  -227.2 0   708.3 0    33.3 0    19.1 0     7.4 0   207.3 0   901.2 0
 2026 186  7  5 18 58 18.967  17.77  1177.0 0   235.7 0   968.4 0   248.9 0   391.9 0   310.153 0   310.049 0   618.8 0   308.613 0   309.039 0   323.2 0   506.9 0   935.3 0  -226.9 0   708.4 0    33.2 0    19.4 0    10.4 0   226.9 0   901.1 0
 2026 186  7  5 18 59 18.983  17.63  1133.5 0   227.0 0   924.6 0   246.7 0   391.7 0   310.230 0   310.101 0   618.3 0   308.635 0   309.094 0   314.9 0   488.1 0   900.8 0  -226.6 0   674.2 0    33.3 0    19.1 0     8.4 0   199.3 0   901.1 0
 2026 186  7  5 19  0 19.000  17.50  1154.4 0   232.6 0   940.5 0   249.4 0   394.9 0   310.301 0   310.235 0   622.7 0   308.665 0   309.189 0   319.8 0   498.6 0   913.7 0  -227.8 0   685.9 0    33.5 0    18.9 0     8.9 0   224.9 0   901.0 0
 2026 186  7  5 19  1 19.017  17.37  1107.6 0   218.4 0   873.8 0   266.5 0   395.9 0   310.393 0   310.380 0   620.0 0   308.756 0   309.242 0   311.4 0   475.0 0   882.1 0  -224.2 0   657.9 0    34.0 0    18.2 0    11.3 0   218.7 0   901.0 0
 2026 186  7  5 19  2 19.033  17.24  1042.6 0   204.4 0   757.6 0   318.0 0   393.7 0   310.485 0   310.358 0   613.4 0   308.772 0   309.122 0   301.8 0   457.0 0   837.1 0  -219.7 0   617.4 0    33.8 0    18.6 0    11.6 0   224.1 0   901.0 0
 2026 186  7  5 19  3 19.050  17.12   626.4 0   123.9 0   235.2 0   400.8 0   394.6 0   310.528 0   310.393 0   601.7 0   308.715 0   308.889 0   211.6 0   274.5 0   501.7 0  -207.1 0   294.6 0    33.4 0    18.8 0    10.3 0   212.8 0   901.1 0
 2026 186  7  5 19  4 19.067  16.99   484.2 0   101.7 0    81.2 0   402.5 0   396.2 0   310.519 0   310.421 0   593.1 0   308.590 0   308.699 0   177.0 0   217.2 0   378.5 0  -196.9 0   181.6 0    33.1 0    19.2 0     7.8 0   212.4 0   901.1 0
 2026 186  7  5 19  5 19.083  16.87   660.2 0   139.9 0   253.9 0   409.4 0   397.7 0   310.487 0   310.321 0   590.5 0   308.506 0   308.670 0   214.5 0   298.4 0   512.5 0  -192.8 0   319.7 0    33.2 0    19.3 0    11.4 0   213.9 0   901.0 0
 2026 186  7  5 19  6 19.100  16.75   767.1 0   169.7 0   352.2 0   411.8 0   398.0 0   310.443 0   310.261 0   590.4 0   308.430 0   308.612 0   236.8 0   345.8 0   579.3 0  -192.3 0   387.0 0    33.3 0    19.3 0    10.2 0   213.9 0   901.0 0
 2026 186  7  5 19  7 19.117  16.63  1123.2 0   230.7 0   745.0 0   398.0 0   399.2 0   310.420 0   310.344 0   599.5 0   308.388 0   308.750 0   306.8 0   490.5 0   881.1 0  -200.3 0   680.8 0    33.4 0    19.1 0     9.6 0   216.7 0   901.0 0
 2026 186  7  5 19  8 19.133  16.51  1268.4 0   259.0 0   899.2 0   391.6 0   398.4 0   310.442 0   310.382 0   608.7 0   308.399 0   308.844 0   336.0 0   545.1 0   994.7 0  -210.3 0   784.3 0    33.4 0    19.1 0     8.5 0   212.7 0   901.0 0
 2026 186  7  5 19  9 19.150  16.39  1094.4 0   209.8 0   673.8 0   437.5 0   402.8 0   310.471 0   310.555 0   612.6 0   308.450 0   308.949 0   306.2 0   475.6 0   874.1 0  -209.8 0   664.3 0    33.6 0    18.3 0     9.6 0   196.1 0   900.9 0
 2026 186  7  5 19 10 19.167  16.28   762.5 0   142.5 0   347.4 0   446.4 0   400.2 0   310.534 0   310.677 0   603.8 0   308.494 0   308.832 0   241.2 0   338.3 0   637.3 0  -203.6 0   433.7 0    33.7 0    18.3 0     9.3 0   194.5 0   900.9 0
 2026 186  7  5 19 11 19.183  16.17  1026.7 0   219.5 0   590.8 0   437.9 0   399.1 0   310.565 0   310.568 0   604.6 0   308.481 0   308.807 0   292.5 0   458.2 0   785.8 0  -205.4 0   580.3 0    33.5 0    18.6 0     8.5 0   207.6 0   900.9 0
 2026 186  7  5 19 12 19.200  16.06  1363.1 0   273.5 0   950.5 0   435.9 0   400.9 0   310.586 0   310.553 0   615.6 0   308.492 0   308.961 0   350.6 0   584.2 0  1075.8 0  -214.7 0   861.1 0    33.3 0    18.8 0     9.4 0   216.5 0   900.9 0
 2026 186  7  5 19 13 19.217  15.95  1030.4 0   179.9 0   626.2 0   448.8 0   401.4 0   310.621 0   310.632 0   612.7 0   308.509 0   308.889 0   286.2 0   439.7 0   871.0 0  -211.3 0   659.7 0    33.2 0    18.9 0     9.4 0   226.5 0   900.9 0
 2026 186  7  5 19 14 19.233  15.85   466.5 0    95.9 0    34.6 0   429.0 0   399.8 0   310.627 0   310.505 0   599.2 0   308.457 0   308.641 0   164.4 0   206.0 0   366.4 0  -199.4 0   166.9 0    32.9 0    19.1 0     6.8 0   224.9 0   900.9 0
 2026 186  7  5 19 15 19.250  15.75   446.2 0    92.9 0    34.1 0   409.1 0   398.8 0   310.566 0   310.383 0   590.7 0   308.421 0   308.598 0   158.1 0   199.4 0   349.1 0  -191.9 0   157.2 0    33.2 0    18.5 0     8.4 0   242.0 0   900.8 0
 2026 186  7  5 19 16 19.267  15.65   587.9 0   119.3 0   183.3 0   409.6 0   398.2 0   310.473 0   310.156 0   586.7 0   308.353 0   308.497 0   192.9 0   270.8 0   466.7 0  -188.5 0   278.3 0    32.9 0    18.7 0     6.4 0   234.0 0   900.9 0
 2026 186  7  5 19 17 19.283  15.55   620.6 0   115.7 0   216.4 0   412.6 0   399.8 0   310.383 0   310.204 0   586.8 0   308.298 0   308.502 0   196.9 0   276.5 0   505.4 0  -187.0 0   318.4 0    32.9 0    18.8 0     8.2 0   226.3 0   900.9 0
 2026 186  7  5 19 18 19.300  15.45   622.2 0   126.5 0   203.9 0   423.9 0   399.9 0   310.317 0   310.193 0   584.8 0   308.240 0   308.430 0   201.7 0   283.5 0   494.0 0  -184.9 0   309.1 0    33.0 0    18.7 0     8.5 0   222.1 0   900.8 0
 2026 186  7  5 19 19 19.317  15.36   640.4 0   127.8 0   218.2 0   430.5 0   399.9 0   310.257 0   310.120 0   583.7 0   308.178 0   308.377 0   208.0 0   292.1 0   513.1 0  -183.8 0   329.2 0    33.1 0    18.4 0     8.6 0   216.5 0   900.8 0
 2026 186  7  5 19 20 19.333  15.27   901.5 0   187.0 0   465.8 0   447.4 0   399.8 0   310.201 0   310.116 0   586.1 0   308.138 0   308.387 0   260.3 0   406.3 0   709.8 0  -186.3 0   523.5 0    33.2 0    18.4 0     8.7 0   189.3 0   900.8 0
 2026 186  7  5 19 21 19.350  15.18  1276.1 0   253.4 0   805.5 0   479.0 0   406.0 0   310.202 0   310.449 0   603.6 0   308.143 0   308.631 0   331.5 0   548.8 0  1003.1 0  -197.6 0   805.5 0    33.2 0    18.2 0     7.7 0   203.9 0   900.8 0
 2026 186  7  5 19 22 19.367  15.09   876.6 0   175.0 0   384.9 0   504.9 0   402.1 0   310.295 0   310.539 0   600.8 0   308.198 0   308.592 0   257.5 0   384.3 0   701.5 0  -198.7 0   502.8 0    33.3 0    18.4 0     9.1 0   199.9 0   900.8 0
 2026 186  7  5 19 23 19.383  15.01   643.3 0   124.4 0   158.4 0   490.7 0   401.7 0   310.329 0   310.371 0   594.9 0   308.189 0   308.492 0   206.0 0   285.6 0   519.3 0  -193.2 0   326.1 0    33.3 0    18.5 0     7.1 0   213.3 0   900.7 0
 2026 186  7  5 19 24 19.400  14.93   582.1 0   113.9 0   109.6 0   474.6 0   403.6 0   310.320 0   310.444 0   587.9 0   308.173 0   308.378 0   188.0 0   258.0 0   466.5 0  -184.3 0   282.3 0    33.3 0    18.5 0    10.0 0   208.2 0   900.7 0
 2026 186  7  5 19 25 19.417  14.85   503.0 0   105.3 0    23.4 0   473.2 0   402.4 0   310.305 0   310.278 0   579.9 0   308.103 0   308.224 0   168.7 0   224.7 0   390.6 0  -177.5 0   213.1 0    33.1 0    18.5 0    10.7 0   204.7 0   900.7 0
 2026 186  7  5 19 26 19.433  14.78   596.9 0   121.7 0   105.6 0   493.2 0   401.3 0   310.264 0   310.233 0   578.9 0   308.011 0   308.173 0   190.4 0   266.6 0   473.5 0  -177.5 0   296.0 0    33.0 0    18.5 0     7.9 0   220.4 0   900.7 0
 2026 186  7  5 19 27 19.450  14.71   806.3 0   175.5 0   289.3 0   506.4 0   401.6 0   310.222 0   310.246 0   582.6 0   307.953 0   308.194 0   233.4 0   356.3 0   610.7 0  -181.0 0   429.7 0    32.9 0    18.2 0     9.3 0   226.9 0   900.7 0
 2026 186  7  5 19 28 19.467  14.64   672.4 0   137.3 0   167.4 0   504.6 0   402.0 0   310.197 0   310.192 0   585.4 0   307.922 0   308.214 0   210.0 0   298.3 0   529.2 0  -183.4 0   345.8 0    33.0 0    17.8 0     8.8 0   225.1 0   900.7 0
 2026 186  7  5 19 29 19.483  14.57   683.4 0   139.6 0   187.0 0   498.0 0   400.8 0   310.162 0   310.154 0   585.5 0   307.927 0   308.241 0   214.4 0   305.5 0   539.4 0  -184.7 0   354.7 0    33.4 0    17.1 0     8.5 0   222.8 0   900.6 0
 2026 186  7  5 19 30 19.500  14.51   570.8 0   112.0 0   108.9 0   469.6 0   400.5 0   310.121 0   310.136 0   578.2 0   307.924 0   308.103 0   188.2 0   255.8 0   462.9 0  -177.7 0   285.2 0    33.4 0    17.6 0    10.6 0   214.9 0   900.6 0
 2026 186  7  5 19 31 19.517  14.45   507.3 0   105.3 0    57.4 0   451.2 0   400.5 0   310.077 0   310.044 0   572.9 0   307.836 0   307.943 0   172.8 0   227.6 0   401.6 0  -172.4 0   229.1 0    32.9 0    17.6 0    10.1 0   221.8 0   900.6 0
 2026 186  7  5 19 32 19.533  14.39   557.6 0   117.3 0   112.1 0   448.1 0   400.0 0   310.034 0   310.014 0   571.0 0   307.737 0   307.869 0   186.8 0   252.2 0   439.4 0  -171.0 0   268.4 0    32.8 0    17.3 0    11.1 0   227.0 0   900.6 0
 2026 186  7  5 19 33 19.550  14.34   660.5 0   158.3 0   213.7 0   438.2 0   399.9 0   309.987 0   309.890 0   570.3 0   307.643 0   307.773 0   213.2 0   302.2 0   487.0 0  -170.4 0   316.6 0    32.8 0    18.3 0    11.7 0   215.7 0   900.7 0
 2026 186  7  5 19 34 19.567  14.29  1305.6 0   271.3 0   885.3 0   426.5 0   400.9 0   309.959 0   309.992 0   588.9 0   307.579 0   307.991 0   340.4 0   568.4 0  1013.1 0  -188.0 0   825.2 0    32.6 0    18.3 0     7.8 0   215.7 0   900.7 0
 2026 186  7  5 19 35 19.583  14.24  1348.5 0   269.3 0   965.5 0   410.8 0   403.2 0   310.004 0   310.137 0   603.0 0   307.644 0   308.231 0   355.4 0   581.8 0  1077.3 0  -199.8 0   877.5 0    32.9 0    17.5 0     9.1 0   216.4 0   900.6 0
 2026 186  7  5 19 36 19.600  14.19  1329.8 0   267.0 0   947.5 0   405.8 0   402.8 0   310.078 0   310.146 0   608.2 0   307.747 0   308.342 0   356.0 0   574.4 0  1057.4 0  -205.4 0   852.0 0    33.2 0    16.9 0    10.2 0   223.2 0   900.6 0
 2026 186  7  5 19 37 19.617  14.15  1280.4 0   254.2 0   869.5 0   429.0 0   405.7 0   310.153 0   310.333 0   617.3 0   307.859 0   308.517 0   345.2 0   549.5 0  1017.9 0  -211.6 0   806.3 0    33.4 0    16.8 0     9.0 0   228.4 0   900.6 0
 2026 186  7  5 19 38 19.633  14.11  1352.6 0   268.8 0   902.3 0   472.2 0   405.9 0   310.247 0   310.422 0   619.7 0   308.015 0   308.676 0   359.6 0   588.0 0  1078.5 0  -213.8 0   864.7 0    33.9 0    16.8 0    10.0 0   226.1 0   900.6 0
 2026 186  7  5 19 39 19.650  14.08  1345.3 0   263.4 0   853.9 0   513.4 0   409.1 0   310.358 0   310.707 0   623.7 0   308.174 0   308.819 0   352.6 0   575.2 0  1078.3 0  -214.6 0   863.7 0    34.0 0    17.0 0    10.1 0   217.3 0   900.6 0
 2026 186  7  5 19 40 19.667  14.04  1124.6 0   233.7 0   600.9 0   538.8 0   409.2 0   310.493 0   310.854 0   619.9 0   308.266 0   308.743 0   311.9 0   492.4 0   888.0 0  -210.7 0   677.3 0    33.6 0    17.6 0     9.4 0   221.8 0   900.6 0
 2026 186  7  5 19 41 19.683  14.01   936.8 0   185.0 0   398.3 0   553.2 0   410.2 0   310.603 0   310.908 0   616.1 0   308.310 0   308.772 0   268.3 0   409.4 0   754.6 0  -205.9 0   548.8 0    33.5 0    18.5 0     9.8 0   214.1 0   900.6 0
 2026 186  7  5 19 42 19.700  13.99   648.6 0   131.4 0   110.1 0   539.5 0   408.0 0   310.662 0   310.793 0   604.3 0   308.329 0   308.592 0   203.8 0   290.6 0   514.9 0  -196.3 0   318.6 0    33.4 0    19.1 0     8.2 0   201.1 0   900.6 0
 2026 186  7  5 19 43 19.717  13.97   530.0 0   109.6 0     8.6 0   519.1 0   410.1 0   310.658 0   310.723 0   598.7 0   308.296 0   308.545 0   171.1 0   236.8 0   417.9 0  -188.6 0   229.3 0    33.2 0    18.8 0     7.6 0   216.5 0   900.6 0
 2026 186  7  5 19 44 19.733  13.95   498.2 0   103.0 0     1.7 0   496.9 0   414.9 0   310.630 0   310.782 0   594.1 0   308.303 0   308.583 0   163.6 0   224.8 0   395.5 0  -179.2 0   216.3 0    33.7 0    18.5 0     9.1 0   205.1 0   900.6 0
 2026 186  7  5 19 45 19.750  13.93   498.2 0   106.2 0    15.6 0   482.0 0   409.0 0   310.634 0   310.714 0   584.9 0   308.304 0   308.443 0   164.3 0   226.8 0   391.0 0  -175.9 0   215.1 0    33.8 0    19.1 0    10.0 0   212.9 0   900.6 0
 2026 186  7  5 19 46 19.767  13.92   858.1 0   192.3 0   356.7 0   499.4 0   411.0 0   310.600 0   310.547 0   590.0 0   308.243 0   308.509 0   245.7 0   389.8 0   653.3 0  -179.0 0   474.4 0    33.5 0    19.5 0     8.7 0   211.1 0   900.6 0
 2026 186  7  5 19 47 19.783  13.91  1208.2 0   246.0 0   715.7 0   513.1 0   410.4 0   310.586 0   310.607 0   601.5 0   308.279 0   308.725 0   319.5 0   530.1 0   961.8 0  -191.1 0   770.7 0    33.7 0    19.4 0    11.3 0   221.5 0   900.5 0
 2026 186  7  5 19 48 19.800  13.90  1400.8 0   285.5 0   896.8 0   513.9 0   412.0 0   310.600 0   310.691 0   610.4 0   308.301 0   308.791 0   356.4 0   602.6 0  1099.0 0  -198.4 0   900.6 0    33.4 0    19.9 0    11.0 0   220.0 0   900.6 0
 2026 186  7  5 19 49 19.817  13.90  1389.0 0   284.9 0   899.8 0   497.1 0   413.6 0   310.657 0   310.955 0   619.3 0   308.354 0   308.938 0   361.2 0   601.2 0  1085.7 0  -205.7 0   880.0 0    33.5 0    19.7 0     9.0 0   203.5 0   900.6 0
 2026 186  7  5 19 50 19.833  13.90  1375.0 0   280.3 0   898.6 0   494.8 0   413.9 0   310.745 0   310.952 0   627.8 0   308.426 0   309.054 0   361.7 0   595.3 0  1086.7 0  -213.8 0   872.9 0    33.3 0    20.0 0     8.2 0   201.8 0   900.6 0
 2026 186  7  5 19 51 19.850  13.91  1445.9 0   289.3 0   956.9 0   506.9 0   415.6 0   310.836 0   311.161 0   633.8 0   308.536 0   309.244 0   376.4 0   626.1 0  1146.4 0  -218.2 0   928.2 0    33.8 0    19.3 0    10.0 0   216.5 0   900.5 0
 2026 186  7  5 19 52 19.867  13.91  1459.2 0   291.6 0   966.7 0   512.1 0   415.3 0   310.939 0   311.157 0   636.1 0   308.678 0   309.327 0   379.6 0   630.1 0  1158.8 0  -220.8 0   938.0 0    34.1 0    18.9 0    10.0 0   228.5 0   900.5 0
 2026 186  7  5 19 53 19.883  13.92  1469.9 0   293.5 0   966.6 0   521.6 0   415.4 0   311.028 0   311.186 0   635.2 0   308.765 0   309.316 0   381.3 0   634.9 0  1166.3 0  -219.8 0   946.5 0    33.8 0    19.3 0    11.4 0   204.9 0   900.5 0
 2026 186  7  5 19 54 19.900  13.94  1003.1 0   184.2 0   480.2 0   549.6 0   417.7 0   311.094 0   311.247 0   630.8 0   308.780 0   309.263 0   281.1 0   433.1 0   831.4 0  -213.1 0   618.3 0    33.5 0    19.7 0     8.9 0   200.3 0   900.5 0
 2026 186  7  5 19 55 19.917  13.96   684.7 0   141.2 0   126.3 0   553.6 0   418.8 0   311.122 0   311.328 0   620.2 0   308.805 0   309.186 0   209.8 0   309.8 0   535.0 0  -201.4 0   333.6 0    33.8 0    19.5 0     6.3 0   192.8 0   900.5 0
 2026 186  7  5 19 56 19.933  13.98   716.8 0   150.1 0   158.4 0   566.1 0   418.1 0   311.118 0   311.220 0   613.0 0   308.820 0   309.112 0   216.0 0   329.8 0   569.8 0  -195.0 0   374.8 0    33.8 0    19.5 0     9.3 0   202.4 0   900.5 0
 2026 186  7  5 19 57 19.950  14.00  1331.0 0   270.7 0   772.1 0   572.9 0   419.3 0   311.109 0   311.318 0   621.1 0   308.812 0   309.248 0   340.0 0   584.1 0  1051.4 0  -201.9 0   849.6 0    33.8 0    19.4 0    10.4 0   211.9 0   900.5 0
 2026 186  7  5 19 58 19.967  14.03  1220.2 0   243.1 0   671.4 0   569.6 0   418.7 0   311.165 0   311.369 0   625.0 0   308.841 0   309.281 0   317.7 0   523.8 0   978.0 0  -206.3 0   771.7 0    33.6 0    19.8 0    10.5 0   218.8 0   900.5 0
 2026 186  7  5 19 59 19.983  14.06   806.1 0   163.2 0   229.4 0   581.9 0   419.8 0   311.199 0   311.440 0   617.4 0   308.820 0   309.169 0   236.8 0   364.1 0   641.3 0  -197.6 0   443.7 0    33.5 0    19.8 0     9.9 0   222.5 0   900.5 0
 2026 186  7  5 20  0 20.000  14.09  1014.7 0   213.2 0   399.8 0   602.5 0   416.9 0   311.224 0   311.400 0   614.0 0   308.796 0   309.104 0   277.9 0   453.9 0   777.1 0  -197.1 0   579.9 0    33.6 0    19.8 0    10.3 0   220.0 0   900.5 0
 2026 186  7  5 20  1 20.017  14.13   875.5 0   186.0 0   270.9 0   605.6 0   416.5 0   311.223 0   311.322 0   613.3 0   308.754 0   309.083 0   247.7 0   385.6 0   682.4 0  -196.8 0   485.6 0    33.3 0    20.2 0     9.1 0   230.6 0   900.5 0
 2026 186  7  5 20  2 20.033  14.17   696.3 0   150.6 0    93.5 0   591.0 0   418.9 0   311.190 0   311.339 0   611.3 0   308.710 0   309.002 0   210.2 0   311.2 0   530.9 0  -192.5 0   338.5 0    33.2 0    20.2 0     9.7 0   212.5 0   900.5 0
 2026 186  7  5 20  3 20.050  14.21  1209.0 0   248.4 0   638.9 0   583.8 0   418.0 0   311.179 0   311.437 0   612.5 0   308.652 0   308.975 0   319.0 0   538.2 0   954.8 0  -194.5 0   760.3 0    33.2 0    20.2 0     9.7 0   223.1 0   900.5 0
 2026 186  7  5 20  4 20.067  14.26  1064.5 0   206.7 0   513.1 0   575.2 0   416.9 0   311.229 0   311.473 0   618.3 0   308.646 0   309.060 0   285.3 0   458.6 0   865.9 0  -201.3 0   664.5 0    33.2 0    20.2 0    10.1 0   220.5 0   900.5 0
 2026 186  7  5 20  5 20.083  14.31   821.3 0   186.5 0   232.8 0   567.2 0   417.1 0   311.247 0   311.413 0   614.3 0   308.637 0   308.999 0   235.8 0   365.8 0   606.3 0  -197.2 0   409.1 0    33.5 0    19.9 0     8.8 0   215.2 0   900.5 0
 2026 186  7  5 20  6 20.100  14.36   734.8 0   149.7 0   159.1 0   577.6 0   416.6 0   311.238 0   311.353 0   610.2 0   308.642 0   308.962 0   220.0 0   334.4 0   582.0 0  -193.7 0   388.3 0    33.6 0    19.7 0     8.8 0   211.8 0   900.5 0
 2026 186  7  5 20  7 20.117  14.42   709.1 0   139.2 0   116.1 0   593.8 0   417.7 0   311.215 0   311.357 0   610.5 0   308.676 0   309.090 0   207.7 0   315.5 0   567.1 0  -192.8 0   374.2 0    34.1 0    19.0 0     7.4 0   222.4 0   900.5 0
 2026 186  7  5 20  8 20.133  14.48   695.7 0   138.8 0    88.3 0   611.5 0   418.4 0   311.181 0   311.351 0   602.8 0   308.721 0   308.991 0   205.4 0   313.6 0   558.2 0  -184.4 0   373.8 0    34.2 0    19.1 0     9.3 0   211.8 0   900.5 0
 2026 186  7  5 20  9 20.150  14.54   744.6 0   154.8 0   114.6 0   624.2 0   417.0 0   311.152 0   311.286 0   599.1 0   308.681 0   308.892 0   214.0 0   334.8 0   580.3 0  -182.1 0   398.2 0    33.8 0    19.6 0     9.1 0   218.3 0   900.5 0
 2026 186  7  5 20 10 20.167  14.61   903.5 0   197.7 0   269.0 0   637.1 0   417.8 0   311.102 0   311.222 0   604.2 0   308.624 0   308.924 0   253.1 0   408.2 0   699.7 0  -186.5 0   513.2 0    33.4 0    20.0 0     7.3 0   218.2 0   900.4 0
 2026 186  7  5 20 11 20.183  14.67  1259.8 0   246.6 0   652.4 0   634.0 0   420.0 0   311.080 0   311.377 0   616.2 0   308.652 0   309.148 0   323.6 0   553.5 0  1018.6 0  -196.2 0   822.3 0    33.7 0    19.4 0     9.5 0   210.2 0   900.4 0
 2026 186  7  5 20 12 20.200  14.74   713.0 0   135.4 0   139.6 0   586.2 0   419.2 0   311.091 0   311.286 0   607.4 0   308.661 0   308.937 0   206.3 0   310.6 0   585.7 0  -188.2 0   397.6 0    33.4 0    19.8 0     8.3 0   223.0 0   900.4 0
 2026 186  7  5 20 13 20.217  14.82   563.1 0   115.8 0     2.8 0   558.5 0   419.6 0   311.052 0   311.165 0   599.4 0   308.630 0   308.860 0   174.1 0   255.4 0   445.4 0  -179.8 0   265.6 0    33.5 0    19.5 0     9.4 0   223.5 0   900.3 0
 2026 186  7  5 20 14 20.233  14.89   607.7 0   126.5 0    27.8 0   574.6 0   420.4 0   311.007 0   311.212 0   592.5 0   308.567 0   308.702 0   183.0 0   276.7 0   475.0 0  -172.1 0   302.8 0    33.4 0    19.8 0    11.0 0   213.4 0   900.3 0
 2026 186  7  5 20 15 20.250  14.97   642.1 0   133.6 0    40.2 0   597.1 0   418.9 0   310.974 0   311.044 0   589.7 0   308.467 0   308.623 0   189.3 0   290.6 0   502.2 0  -170.8 0   331.4 0    33.3 0    19.8 0     9.8 0   186.6 0   900.3 0
 2026 186  7  5 20 16 20.267  15.05   674.6 0   139.0 0    68.7 0   606.8 0   419.7 0   310.914 0   311.028 0   590.2 0   308.391 0   308.590 0   199.4 0   308.0 0   534.1 0  -170.5 0   363.6 0    33.2 0    19.8 0     8.6 0   183.4 0   900.3 0
 2026 186  7  5 20 17 20.283  15.14   675.2 0   137.8 0    64.8 0   608.9 0   420.7 0   310.857 0   311.027 0   593.5 0   308.361 0   308.660 0   199.3 0   305.9 0   533.6 0  -172.9 0   360.7 0    33.4 0    19.6 0     6.5 0   195.6 0   900.3 0
 2026 186  7  5 20 18 20.300  15.23   629.8 0   128.6 0    17.5 0   606.3 0   421.3 0   310.812 0   311.048 0   593.9 0   308.384 0   308.701 0   186.7 0   284.9 0   494.6 0  -172.7 0   321.9 0    33.8 0    18.9 0     8.5 0   226.8 0   900.3 0
 2026 186  7  5 20 19 20.317  15.31   691.8 0   141.0 0    65.3 0   623.2 0   420.0 0   310.787 0   311.046 0   589.2 0   308.391 0   308.618 0   203.4 0   314.8 0   545.2 0  -169.2 0   376.1 0    33.8 0    18.8 0    11.6 0   219.8 0   900.3 0
 2026 186  7  5 20 20 20.333  15.41   716.2 0   148.4 0    68.8 0   640.0 0   417.3 0   310.765 0   310.926 0   588.3 0   308.329 0   308.515 0   209.2 0   325.4 0   558.0 0  -170.9 0   387.0 0    33.5 0    19.3 0     7.8 0   215.4 0   900.3 0
 2026 186  7  5 20 21 20.350  15.50   783.5 0   159.4 0   128.6 0   655.5 0   419.1 0   310.725 0   310.992 0   591.5 0   308.281 0   308.535 0   225.7 0   354.4 0   620.1 0  -172.4 0   447.6 0    33.2 0    19.2 0     9.4 0   217.3 0   900.3 0
 2026 186  7  5 20 22 20.367  15.60   743.6 0   150.0 0    94.3 0   652.2 0   417.1 0   310.704 0   310.965 0   590.4 0   308.247 0   308.486 0   215.6 0   334.2 0   592.9 0  -173.3 0   419.6 0    33.2 0    19.2 0     8.9 0   210.4 0   900.3 0
 2026 186  7  5 20 23 20.383  15.70   787.0 0   159.1 0   135.8 0   659.6 0   417.3 0   310.683 0   310.971 0   590.3 0   308.196 0   308.431 0   226.0 0   354.1 0   631.2 0  -173.0 0   458.3 0    33.1 0    19.4 0     9.5 0   211.3 0   900.3 0
 2026 186  7  5 20 24 20.400  15.80  1087.3 0   221.9 0   431.7 0   671.0 0   417.2 0   310.667 0   310.986 0   598.4 0   308.147 0   308.511 0   291.2 0   487.9 0   864.5 0  -181.2 0   683.3 0    33.0 0    19.3 0     8.8 0   219.7 0   900.2 0
 2026 186  7  5 20 25 20.417  15.90  1126.7 0   209.6 0   497.3 0   663.3 0   415.7 0   310.688 0   311.005 0   608.1 0   308.204 0   308.732 0   296.3 0   490.6 0   931.9 0  -192.4 0   739.6 0    33.5 0    18.3 0     7.5 0   221.7 0   900.2 0
 2026 186  7  5 20 26 20.433  16.01  1210.0 0   240.6 0   578.1 0   649.1 0   416.5 0   310.706 0   311.026 0   613.1 0   308.298 0   308.839 0   315.2 0   529.4 0   964.2 0  -196.6 0   767.5 0    33.8 0    18.2 0     9.2 0   218.7 0   900.1 0
 2026 186  7  5 20 27 20.450  16.12  1035.4 0   212.7 0   421.0 0   626.9 0   414.4 0   310.729 0   310.981 0   609.7 0   308.383 0   308.826 0   281.7 0   459.7 0   818.7 0  -195.3 0   623.4 0    33.9 0    18.3 0    11.5 0   222.8 0   900.1 0
 2026 186  7  5 20 28 20.467  16.23   815.3 0   158.2 0   246.5 0   585.3 0   414.8 0   310.745 0   311.005 0   608.3 0   308.437 0   308.873 0   228.0 0   351.4 0   663.7 0  -193.5 0   470.2 0    34.0 0    18.2 0    10.3 0   224.9 0   900.1 0
 2026 186  7  5 20 29 20.483  16.34   612.8 0   121.3 0    98.4 0   529.5 0   412.3 0   310.742 0   310.810 0   596.8 0   308.428 0   308.651 0   186.6 0   273.3 0   502.6 0  -184.5 0   318.1 0    33.7 0    18.5 0    10.2 0   218.5 0   900.2 0
 2026 186  7  5 20 30 20.500  16.45   490.4 0   101.5 0    10.2 0   484.4 0   412.3 0   310.690 0   310.666 0   590.5 0   308.374 0   308.577 0   157.7 0   220.9 0   392.6 0  -178.2 0   214.4 0    33.6 0    18.5 0     9.3 0   224.0 0   900.1 0
 2026 186  7  5 20 31 20.517  16.57   590.7 0   118.2 0   128.3 0   472.5 0   410.8 0   310.621 0   310.531 0   586.8 0   308.354 0   308.561 0   177.5 0   266.4 0   477.2 0  -176.0 0   301.2 0    33.8 0    17.9 0    10.6 0   228.3 0   900.1 0
 2026 186  7  5 20 32 20.533  16.69   482.1 0    98.7 0    27.6 0   458.6 0   409.1 0   310.544 0   310.385 0   581.8 0   308.312 0   308.475 0   154.3 0   218.4 0   386.3 0  -172.6 0   213.7 0    33.7 0    18.2 0     9.2 0   220.5 0   900.1 0
 2026 186  7  5 20 33 20.550  16.81   471.9 0    99.4 0    18.9 0   453.4 0   410.3 0   310.457 0   310.386 0   578.5 0   308.257 0   308.405 0   152.6 0   215.1 0   372.1 0  -168.3 0   203.8 0    33.7 0    18.1 0    10.5 0   222.8 0   900.1 0
 2026 186  7  5 20 34 20.567  16.93   468.3 0    97.7 0     6.6 0   459.8 0   408.8 0   310.387 0   310.317 0   577.1 0   308.220 0   308.410 0   150.6 0   212.4 0   368.4 0  -168.3 0   200.1 0    33.9 0    18.0 0     9.5 0   221.3 0   900.1 0
 2026 186  7  5 20 35 20.583  17.05   496.6 0   103.6 0    21.2 0   476.0 0   408.1 0   310.318 0   310.239 0   574.2 0   308.175 0   308.317 0   158.1 0   225.7 0   392.7 0  -166.0 0   226.6 0    33.7 0    18.5 0     9.5 0   217.3 0   900.1 0
 2026 186  7  5 20 36 20.600  17.18   503.3 0   105.4 0    12.4 0   490.1 0   406.6 0   310.248 0   310.194 0   572.9 0   308.109 0   308.239 0   158.3 0   226.5 0   396.5 0  -166.4 0   230.2 0    33.5 0    18.8 0     8.6 0   212.8 0   900.1 0
 2026 186  7  5 20 37 20.617  17.31   564.5 0   114.9 0    74.1 0   497.1 0   406.3 0   310.166 0   310.108 0   574.1 0   308.038 0   308.211 0   173.5 0   254.3 0   452.9 0  -167.8 0   285.1 0    33.1 0    19.2 0     7.1 0   220.8 0   900.2 0
 2026 186  7  5 20 38 20.633  17.44   510.9 0   106.2 0    23.0 0   488.6 0   407.5 0   310.084 0   310.099 0   573.0 0   307.989 0   308.166 0   161.7 0   230.2 0   404.4 0  -165.5 0   238.9 0    33.1 0    18.8 0     8.7 0   223.8 0   900.1 0
 2026 186  7  5 20 39 20.650  17.57   512.0 0   104.3 0    45.2 0   471.4 0   406.2 0   310.023 0   310.073 0   573.6 0   307.952 0   308.169 0   162.8 0   230.9 0   410.2 0  -167.4 0   242.9 0    33.3 0    18.1 0     8.8 0   225.2 0   900.2 0
 2026 186  7  5 20 40 20.667  17.70   458.4 0    93.3 0    17.7 0   446.4 0   404.7 0   309.962 0   309.879 0   570.0 0   307.923 0   308.071 0   151.2 0   207.8 0   370.0 0  -165.2 0   204.7 0    33.4 0    18.2 0     8.5 0   219.3 0   900.2 0
 2026 186  7  5 20 41 20.683  17.84   423.3 0    87.5 0     8.7 0   418.9 0   405.2 0   309.878 0   309.811 0   566.7 0   307.863 0   307.965 0   142.2 0   192.2 0   339.7 0  -161.5 0   178.3 0    33.2 0    18.4 0     9.9 0   225.0 0   900.2 0
 2026 186  7  5 20 42 20.700  17.97   387.5 0    81.1 0     2.1 0   389.3 0   404.5 0   309.802 0   309.712 0   563.9 0   307.776 0   307.860 0   133.6 0   177.3 0   310.2 0  -159.3 0   150.9 0    32.9 0    18.6 0     7.7 0   222.8 0   900.2 0
 2026 186  7  5 20 43 20.717  18.11   370.2 0    77.5 0     0.4 0   373.3 0   407.4 0   309.722 0   309.642 0   562.7 0   307.716 0   307.845 0   128.4 0   170.4 0   296.1 0  -155.3 0   140.9 0    33.1 0    18.2 0     7.8 0   218.7 0   900.2 0
 2026 186  7  5 20 44 20.733  18.25   370.7 0    77.5 0     0.4 0   372.3 0   406.8 0   309.670 0   309.660 0   563.1 0   307.672 0   307.820 0   126.9 0   171.2 0   295.1 0  -156.4 0   138.7 0    33.1 0    18.1 0     6.8 0   231.6 0   900.2 0
 2026 186  7  5 20 45 20.750  18.39   382.9 0    79.6 0     0.1 0   382.6 0   406.6 0   309.618 0   309.500 0   561.6 0   307.659 0   307.808 0   127.8 0   176.5 0   303.1 0  -155.0 0   148.1 0    33.4 0    17.9 0     8.6 0   229.3 0   900.1 0
 2026 186  7  5 20 46 20.767  18.53   403.1 0    84.5 0     3.8 0   399.1 0   408.8 0   309.557 0   309.548 0   559.8 0   307.630 0   307.755 0   130.9 0   185.4 0   318.2 0  -151.0 0   167.2 0    33.3 0    18.2 0     9.3 0   199.8 0   900.2 0
 2026 186  7  5 20 47 20.783  18.68   431.4 0    91.2 0     7.7 0   421.9 0   407.1 0   309.516 0   309.470 0   559.5 0   307.575 0   307.715 0   135.9 0   197.0 0   338.0 0  -152.4 0   185.6 0    33.2 0    18.3 0     8.5 0   218.9 0   900.2 0
 2026 186  7  5 20 48 20.800  18.82   727.4 0   158.7 0   283.6 0   455.0 0   406.8 0   309.466 0   309.461 0   562.6 0   307.523 0   307.697 0   196.4 0   331.4 0   564.6 0  -155.8 0   408.8 0    33.0 0    18.5 0     8.7 0   216.1 0   900.2 0
 2026 186  7  5 20 49 20.817  18.97  1184.9 0   240.7 0   742.7 0   483.1 0   408.6 0   309.461 0   309.646 0   579.9 0   307.515 0   307.940 0   286.2 0   514.9 0   944.8 0  -171.2 0   773.5 0    33.0 0    18.2 0     9.0 0   209.5 0   900.2 0
 2026 186  7  5 20 50 20.833  19.11  1049.8 0   202.5 0   600.0 0   491.6 0   408.6 0   309.533 0   309.888 0   587.7 0   307.593 0   308.073 0   270.0 0   458.6 0   856.0 0  -179.0 0   677.0 0    33.3 0    17.7 0    10.0 0   211.7 0   900.2 0
 2026 186  7  5 20 51 20.850  19.26   770.6 0   155.3 0   309.7 0   483.1 0   406.9 0   309.620 0   309.902 0   584.9 0   307.634 0   307.979 0   220.4 0   346.6 0   620.2 0  -178.0 0   442.2 0    33.2 0    17.8 0     8.4 0   199.8 0   900.3 0
 2026 186  7  5 20 52 20.867  19.41   884.4 0   174.5 0   443.5 0   472.8 0   407.4 0   309.698 0   310.071 0   589.0 0   307.676 0   308.094 0   242.7 0   393.4 0   716.5 0  -181.6 0   534.9 0    33.4 0    17.3 0     7.5 0   203.3 0   900.3 0
 2026 186  7  5 20 53 20.883  19.56  1143.1 0   239.1 0   723.1 0   456.2 0   407.0 0   309.796 0   310.114 0   599.1 0   307.786 0   308.350 0   292.1 0   503.1 0   898.5 0  -192.1 0   706.3 0    33.8 0    16.5 0     8.0 0   203.7 0   900.2 0
 2026 186  7  5 20 54 20.900  19.71  1303.7 0   271.8 0   902.9 0   443.1 0   404.8 0   309.920 0   310.245 0   608.4 0   307.940 0   308.573 0   324.5 0   565.7 0  1021.2 0  -203.7 0   817.6 0    34.0 0    17.0 0     9.0 0   187.0 0   900.3 0
 2026 186  7  5 20 55 20.917  19.87  1359.5 0   276.5 0   971.9 0   442.3 0   402.5 0   310.057 0   310.305 0   616.0 0   308.080 0   308.710 0   337.1 0   585.7 0  1079.8 0  -213.5 0   866.3 0    33.9 0    17.2 0     8.8 0   172.0 0   900.2 0
 2026 186  7  5 20 56 20.933  20.02  1357.6 0   275.1 0   970.6 0   442.1 0   400.3 0   310.178 0   310.377 0   621.6 0   308.224 0   308.878 0   338.6 0   583.3 0  1079.0 0  -221.3 0   857.7 0    33.9 0    16.8 0     8.2 0   169.8 0   900.2 0
 2026 186  7  5 20 57 20.950  20.18  1336.2 0   272.4 0   950.1 0   443.5 0   400.4 0   310.287 0   310.527 0   625.6 0   308.333 0   308.928 0   335.7 0   573.8 0  1062.8 0  -225.2 0   837.7 0    33.7 0    17.3 0     8.2 0   180.8 0   900.2 0
 2026 186  7  5 20 58 20.967  20.33  1316.6 0   269.7 0   930.8 0   437.9 0   398.0 0   310.410 0   310.634 0   630.9 0   308.451 0   309.104 0   334.0 0   567.4 0  1041.0 0  -232.9 0   808.0 0    33.8 0    15.9 0     8.6 0   215.0 0   900.2 0
 2026 186  7  5 20 59 20.983  20.49  1253.3 0   248.7 0   885.7 0   430.2 0   396.5 0   310.530 0   310.745 0   629.6 0   308.559 0   309.113 0   321.4 0   536.1 0  1011.1 0  -233.1 0   778.0 0    33.7 0    15.8 0     9.7 0   209.1 0   900.2 0
 2026 186  7  5 21  0 21.000  20.65  1279.4 0   266.2 0   926.4 0   407.2 0   396.2 0   310.638 0   310.777 0   630.9 0   308.621 0   309.205 0   328.6 0   555.9 0  1007.8 0  -234.7 0   773.2 0    33.7 0    16.4 0     8.3 0   199.6 0   900.2 0
 2026 186  7  5 21  1 21.017  20.81  1310.2 0   264.7 0   978.1 0   397.3 0   394.1 0   310.732 0   310.785 0   631.9 0   308.711 0   309.266 0   332.1 0   562.1 0  1046.8 0  -237.8 0   809.1 0    33.7 0    17.4 0     9.6 0   195.5 0   900.3 0
 2026 186  7  5 21  2 21.033  20.97  1075.9 0   206.5 0   748.3 0   394.0 0   393.5 0   310.807 0   310.827 0   625.9 0   308.740 0   309.190 0   294.0 0   471.1 0   886.2 0  -232.5 0   653.8 0    33.5 0    17.7 0     8.8 0   187.0 0   900.2 0
 2026 186  7  5 21  3 21.050  21.13  1285.9 0   262.0 0   952.1 0   403.3 0   395.4 0   310.865 0   310.918 0   630.6 0   308.771 0   309.323 0   325.1 0   553.2 0  1029.4 0  -235.2 0   794.2 0    33.6 0    17.2 0     9.0 0   204.7 0   900.2 0
 2026 186  7  5 21  4 21.067  21.30  1262.2 0   266.1 0   900.2 0   409.1 0   394.6 0   310.941 0   310.998 0   634.5 0   308.835 0   309.394 0   321.8 0   547.4 0   981.7 0  -239.9 0   741.7 0    33.6 0    17.3 0     7.3 0   197.8 0   900.3 0
 2026 186  7  5 21  5 21.083  21.46  1310.5 0   266.9 0   977.5 0   400.8 0   393.4 0   311.014 0   311.019 0   639.4 0   308.905 0   309.501 0   329.1 0   564.1 0  1043.6 0  -245.9 0   797.7 0    33.5 0    17.4 0     5.9 0   202.6 0   900.2 0
 2026 186  7  5 21  6 21.100  21.62  1307.5 0   265.9 0   978.5 0   396.0 0   395.1 0   311.061 0   311.013 0   644.9 0   309.007 0   309.656 0   328.9 0   563.0 0  1039.8 0  -249.9 0   789.9 0    33.6 0    16.9 0     7.4 0   201.1 0   900.2 0
 2026 186  7  5 21  7 21.117  21.79  1300.7 0   265.0 0   976.6 0   392.8 0   395.8 0   311.093 0   311.034 0   644.7 0   309.101 0   309.691 0   327.1 0   560.2 0  1034.6 0  -248.9 0   785.7 0    33.8 0    16.7 0     8.0 0   205.4 0   900.2 0
 2026 186  7  5 21  8 21.133  21.96  1304.8 0   266.8 0   983.1 0   391.2 0   395.2 0   311.150 0   311.208 0   643.9 0   309.184 0   309.746 0   326.7 0   561.9 0  1036.2 0  -248.7 0   787.4 0    34.0 0    16.7 0     9.7 0   202.2 0   900.2 0
 2026 186  7  5 21  9 21.150  22.12  1296.3 0   265.2 0   974.6 0   391.2 0   395.7 0   311.229 0   311.308 0   644.1 0   309.246 0   309.823 0   324.4 0   558.4 0  1028.8 0  -248.4 0   780.5 0    34.0 0    16.8 0     8.3 0   197.2 0   900.2 0
 2026 186  7  5 21 10 21.167  22.29  1239.3 0   249.3 0   909.8 0   398.6 0   393.2 0   311.308 0   311.225 0   642.5 0   309.277 0   309.714 0   313.5 0   534.9 0   991.1 0  -249.3 0   741.8 0    33.6 0    17.2 0     7.7 0   210.3 0   900.2 0
 2026 186  7  5 21 11 21.183  22.46  1215.3 0   252.9 0   859.1 0   415.0 0   393.7 0   311.335 0   311.207 0   645.1 0   309.297 0   309.802 0   308.0 0   527.8 0   956.0 0  -251.4 0   704.6 0    33.5 0    17.2 0     5.6 0   200.2 0   900.2 0
 2026 186  7  5 21 12 21.200  22.63  1131.2 0   218.5 0   786.2 0   426.6 0   395.6 0   311.332 0   311.214 0   646.9 0   309.381 0   309.935 0   291.0 0   488.2 0   933.7 0  -251.3 0   682.4 0    33.8 0    16.6 0     6.0 0   171.5 0   900.1 0
 2026 186  7  5 21 13 21.217  22.80  1140.1 0   240.0 0   758.2 0   433.9 0   396.9 0   311.333 0   311.341 0   648.0 0   309.450 0   309.965 0   294.0 0   500.7 0   892.8 0  -251.2 0   641.6 0    33.9 0    16.0 0     6.6 0   193.6 0   900.1 0
 2026 186  7  5 21 14 21.233  22.97  1127.7 0   215.4 0   743.1 0   455.3 0   397.2 0   311.370 0   311.396 0   645.9 0   309.561 0   310.100 0   291.1 0   493.5 0   924.1 0  -248.8 0   675.4 0    34.5 0    15.3 0     7.8 0   212.0 0   900.1 0
 2026 186  7  5 21 15 21.250  23.14  1084.1 0   210.2 0   708.5 0   448.5 0   395.7 0   311.425 0   311.553 0   641.9 0   309.622 0   310.107 0   282.8 0   477.5 0   889.8 0  -246.3 0   643.5 0    34.5 0    15.5 0     7.0 0   220.4 0   900.1 0
 2026 186  7  5 21 16 21.267  23.31  1212.4 0   245.0 0   855.5 0   433.8 0   394.1 0   311.486 0   311.500 0   644.6 0   309.703 0   310.234 0   301.6 0   523.4 0   974.4 0  -250.5 0   723.9 0    34.6 0    15.4 0     7.4 0   221.9 0   900.1 0
 2026 186  7  5 21 17 21.283  23.49  1140.0 0   238.4 0   767.3 0   435.2 0   394.4 0   311.519 0   311.479 0   645.3 0   309.781 0   310.305 0   288.9 0   499.0 0   900.6 0  -250.9 0   649.8 0    34.5 0    15.5 0     6.2 0   215.4 0   900.1 0
 2026 186  7  5 21 18 21.300  23.66  1198.9 0   232.8 0   844.1 0   444.5 0   394.1 0   311.540 0   311.471 0   645.3 0   309.834 0   310.306 0   295.9 0   516.0 0   984.8 0  -251.2 0   733.7 0    34.2 0    15.8 0     7.7 0   204.4 0   900.0 0
 2026 186  7  5 21 19 21.317  23.84  1125.9 0   218.6 0   762.8 0   450.1 0   396.4 0   311.564 0   311.611 0   646.0 0   309.868 0   310.377 0   285.3 0   491.8 0   929.1 0  -249.6 0   679.5 0    34.3 0    15.7 0     7.1 0   212.3 0   900.0 0
 2026 186  7  5 21 20 21.333  24.01   815.3 0   156.0 0   388.7 0   455.9 0   396.8 0   311.598 0   311.605 0   636.0 0   309.924 0   310.310 0   229.0 0   361.5 0   654.9 0  -239.2 0   415.7 0    34.7 0    15.3 0     7.5 0   197.7 0   900.0 0
 2026 186  7  5 21 21 21.350  24.19   771.4 0   149.3 0   379.0 0   452.5 0   395.3 0   311.621 0   311.703 0   629.4 0   309.966 0   310.331 0   218.8 0   346.8 0   648.9 0  -234.2 0   414.7 0    35.0 0    15.2 0     7.4 0   187.3 0   900.1 0
 2026 186  7  5 21 22 21.367  24.36   819.6 0   174.7 0   411.3 0   441.5 0   391.9 0   311.624 0   311.420 0   622.8 0   309.939 0   310.148 0   225.7 0   368.8 0   641.5 0  -230.9 0   410.6 0    34.4 0    16.2 0     4.8 0   171.5 0   900.1 0
 2026 186  7  5 21 23 21.383  24.54  1106.5 0   230.3 0   764.1 0   414.0 0   393.4 0   311.575 0   311.432 0   635.1 0   309.931 0   310.384 0   272.3 0   479.7 0   878.8 0  -241.7 0   637.1 0    34.2 0    15.8 0     5.8 0   219.4 0   900.1 0
 2026 186  7  5 21 24 21.400  24.72  1052.1 0   211.9 0   695.4 0   420.7 0   393.9 0   311.553 0   311.401 0   638.2 0   309.969 0   310.404 0   265.6 0   461.7 0   840.5 0  -244.3 0   596.2 0    34.3 0    15.6 0     5.9 0   208.0 0   900.1 0
 2026 186  7  5 21 25 21.417  24.89   889.0 0   167.5 0   518.2 0   446.5 0   397.9 0   311.538 0   311.591 0   630.7 0   309.989 0   310.317 0   235.0 0   392.3 0   749.0 0  -232.8 0   516.2 0    34.3 0    15.7 0     8.4 0   211.2 0   900.0 0
 2026 186  7  5 21 26 21.433  25.07   839.8 0   168.8 0   418.7 0   470.8 0   396.0 0   311.556 0   311.539 0   624.8 0   309.950 0   310.240 0   224.7 0   375.2 0   681.3 0  -228.8 0   452.5 0    34.3 0    16.1 0     7.9 0   181.6 0   900.0 0
 2026 186  7  5 21 27 21.450  25.25   657.7 0   136.0 0   217.0 0   472.5 0   393.8 0   311.532 0   311.366 0   618.7 0   309.896 0   310.107 0   189.0 0   294.2 0   532.8 0  -224.8 0   307.9 0    34.1 0    16.5 0     6.4 0   200.3 0   900.1 0
 2026 186  7  5 21 28 21.467  25.43   596.6 0   121.2 0   150.2 0   465.8 0   391.7 0   311.455 0   311.261 0   612.1 0   309.814 0   309.950 0   173.5 0   266.2 0   480.3 0  -220.3 0   259.9 0    33.7 0    17.0 0     6.0 0   204.7 0   900.0 0
 2026 186  7  5 21 29 21.483  25.61   519.5 0   108.9 0    89.3 0   449.1 0   391.7 0   311.349 0   311.110 0   608.0 0   309.716 0   309.862 0   158.7 0   234.9 0   420.8 0  -216.3 0   204.5 0    33.4 0    17.3 0     5.0 0   186.6 0   900.0 0
 2026 186  7  5 21 30 21.500  25.79   601.5 0   131.0 0   167.2 0   452.9 0   390.9 0   311.240 0   311.074 0   603.9 0   309.648 0   309.794 0   175.8 0   278.2 0   472.4 0  -213.0 0   259.4 0    33.4 0    17.3 0     7.0 0   185.1 0   900.0 0
 2026 186  7  5 21 31 21.517  25.97   872.8 0   177.4 0   477.3 0   457.9 0   389.6 0   311.162 0   311.017 0   607.7 0   309.557 0   309.778 0   219.3 0   386.2 0   709.6 0  -218.1 0   491.5 0    33.3 0    17.5 0     6.1 0   181.2 0   899.9 0
 2026 186  7  5 21 32 21.533  26.16   896.2 0   186.2 0   530.5 0   424.7 0   390.0 0   311.109 0   311.003 0   611.1 0   309.497 0   309.767 0   221.3 0   388.8 0   714.7 0  -221.1 0   493.6 0    33.3 0    17.4 0     7.4 0   176.3 0   899.9 0
 2026 186  7  5 21 33 21.550  26.34   688.7 0   144.5 0   307.0 0   415.2 0   388.7 0   311.067 0   310.908 0   607.4 0   309.430 0   309.635 0   185.8 0   302.4 0   545.8 0  -218.7 0   327.1 0    33.5 0    17.2 0     7.8 0   174.5 0   899.9 0
 2026 186  7  5 21 34 21.567  26.52   580.9 0   118.5 0   192.9 0   416.2 0   389.6 0   311.002 0   310.817 0   604.3 0   309.352 0   309.557 0   165.2 0   257.2 0   470.4 0  -214.7 0   255.7 0    33.6 0    16.8 0     8.0 0   186.5 0   899.9 0
 2026 186  7  5 21 35 21.583  26.70   579.0 0   123.2 0   174.2 0   423.7 0   385.9 0   310.946 0   310.813 0   597.0 0   309.302 0   309.468 0   166.7 0   261.1 0   456.1 0  -211.1 0   245.0 0    34.0 0    16.1 0     8.5 0   204.3 0   899.9 0
 2026 186  7  5 21 36 21.600  26.89   707.6 0   150.5 0   326.1 0   428.8 0   385.2 0   310.886 0   310.705 0   597.3 0   309.198 0   309.357 0   190.1 0   317.8 0   569.2 0  -212.1 0   357.1 0    33.5 0    16.9 0     6.3 0   205.5 0   899.9 0
 2026 186  7  5 21 37 21.617  27.07   865.2 0   184.6 0   504.9 0   421.7 0   385.3 0   310.834 0   310.720 0   605.6 0   309.144 0   309.460 0   216.2 0   381.4 0   686.7 0  -220.2 0   466.4 0    33.4 0    16.9 0     5.5 0   197.5 0   899.9 0
 2026 186  7  5 21 38 21.633  27.25   978.2 0   201.6 0   644.6 0   412.0 0   384.7 0   310.802 0   310.663 0   609.5 0   309.142 0   309.500 0   237.5 0   429.1 0   783.5 0  -224.8 0   558.7 0    33.5 0    16.6 0     6.5 0   179.4 0   899.9 0
 2026 186  7  5 21 39 21.650  27.44   978.8 0   202.6 0   661.0 0   403.6 0   386.2 0   310.784 0   310.732 0   616.4 0   309.158 0   309.599 0   239.9 0   431.1 0   787.6 0  -230.2 0   557.5 0    33.6 0    16.5 0     5.2 0   174.9 0   899.8 0
 2026 186  7  5 21 40 21.667  27.62  1016.1 0   209.6 0   713.2 0   390.9 0   388.5 0   310.798 0   310.829 0   621.3 0   309.223 0   309.709 0   246.2 0   444.7 0   813.2 0  -232.8 0   580.4 0    34.0 0    15.7 0     7.8 0   176.9 0   899.7 0
 2026 186  7  5 21 41 21.683  27.81  1049.4 0   223.3 0   763.2 0   379.6 0   386.0 0   310.853 0   310.903 0   620.3 0   309.289 0   309.735 0   252.1 0   460.0 0   831.4 0  -234.3 0   597.0 0    34.4 0    15.2 0     9.8 0   197.9 0   899.8 0
 2026 186  7  5 21 42 21.700  28.00  1124.0 0   231.2 0   849.2 0   385.8 0   386.8 0   310.926 0   310.968 0   624.6 0   309.325 0   309.829 0   261.9 0   486.3 0   904.5 0  -237.8 0   666.7 0    34.4 0    15.0 0     7.6 0   200.7 0   899.8 0
 2026 186  7  5 21 43 21.717  28.18   932.2 0   195.9 0   615.1 0   388.2 0   386.6 0   311.019 0   311.159 0   624.9 0   309.416 0   309.940 0   233.1 0   409.9 0   734.4 0  -238.3 0   496.2 0    34.8 0    14.8 0     7.5 0   190.6 0   899.8 0
 2026 186  7  5 21 44 21.733  28.37   775.9 0   149.7 0   469.4 0   393.6 0   383.0 0   311.089 0   310.944 0   615.5 0   309.446 0   309.758 0   204.4 0   343.7 0   657.0 0  -232.5 0   424.5 0    34.3 0    15.2 0     6.6 0   174.4 0   899.8 0
 2026 186  7  5 21 45 21.750  28.56   855.8 0   171.0 0   535.0 0   399.8 0   384.3 0   311.084 0   310.934 0   615.5 0   309.413 0   309.745 0   215.4 0   377.1 0   698.7 0  -231.2 0   467.5 0    33.9 0    15.4 0     4.9 0   172.4 0   899.8 0
 2026 186  7  5 21 46 21.767  28.74   725.4 0   151.8 0   380.5 0   399.8 0   386.8 0   311.074 0   311.015 0   617.5 0   309.429 0   309.809 0   194.1 0   323.5 0   581.6 0  -230.7 0   351.0 0    34.0 0    15.5 0     4.3 0   178.5 0   899.7 0
 2026 186  7  5 21 47 21.783  28.93   947.3 0   186.7 0   642.2 0   397.0 0   387.0 0   311.099 0   311.159 0   621.7 0   309.501 0   309.952 0   227.7 0   415.6 0   772.3 0  -234.7 0   537.6 0    34.5 0    15.1 0     5.2 0   199.6 0   899.7 0
 2026 186  7  5 21 48 21.800  29.12   851.7 0   174.3 0   547.3 0   386.7 0   384.4 0   311.151 0   311.113 0   621.4 0   309.568 0   309.987 0   211.8 0   370.6 0   690.6 0  -237.0 0   453.6 0    34.5 0    15.0 0     7.0 0   195.2 0   899.7 0
 2026 186  7  5 21 49 21.817  29.31   652.5 0   130.8 0   339.9 0   378.1 0   382.6 0   311.176 0   311.079 0   611.8 0   309.593 0   309.844 0   180.8 0   291.3 0   543.7 0  -229.2 0   314.5 0    34.5 0    14.4 0     8.6 0   180.0 0   899.7 0
 2026 186  7  5 21 50 21.833  29.50   815.6 0   169.3 0   531.6 0   367.3 0   382.2 0   311.172 0   310.994 0   610.0 0   309.554 0   309.815 0   204.2 0   361.4 0   660.7 0  -227.8 0   432.8 0    34.4 0    14.4 0     7.1 0   178.1 0   899.7 0
 2026 186  7  5 21 51 21.850  29.68   964.8 0   202.9 0   707.3 0   358.2 0   381.5 0   311.168 0   310.976 0   615.0 0   309.530 0   309.875 0   223.6 0   417.9 0   769.7 0  -233.5 0   536.2 0    34.0 0    14.7 0     5.9 0   182.2 0   899.7 0
 2026 186  7  5 21 52 21.867  29.87   961.7 0   197.3 0   699.4 0   365.6 0   385.0 0   311.166 0   311.038 0   621.6 0   309.552 0   310.003 0   223.6 0   416.7 0   774.8 0  -236.6 0   538.2 0    34.2 0    14.7 0     6.8 0   180.1 0   899.6 0
 2026 186  7  5 21 53 21.883  30.06   792.9 0   160.6 0   497.1 0   374.6 0   385.3 0   311.195 0   311.197 0   620.6 0   309.631 0   310.055 0   198.1 0   346.9 0   644.3 0  -235.4 0   408.9 0    34.7 0    14.3 0     6.0 0   239.3 0   899.6 0
 2026 186  7  5 21 54 21.900  30.25   875.6 0   179.2 0   590.0 0   377.2 0   385.2 0   311.228 0   311.137 0   617.8 0   309.687 0   310.060 0   209.6 0   385.4 0   707.6 0  -232.6 0   475.0 0    34.9 0    14.1 0     8.1 0   215.8 0   899.6 0
 2026 186  7  5 21 55 21.917  30.44   940.1 0   194.1 0   658.4 0   383.6 0   387.0 0   311.257 0   311.225 0   621.4 0   309.727 0   310.172 0   217.2 0   408.9 0   757.1 0  -234.5 0   522.6 0    35.0 0    14.2 0     6.3 0   201.4 0   899.6 0
 2026 186  7  5 21 56 21.933  30.63   829.1 0   170.0 0   524.0 0   388.5 0   384.9 0   311.302 0   311.220 0   616.9 0   309.758 0   310.083 0   203.2 0   363.4 0   669.4 0  -232.1 0   437.3 0    34.8 0    14.6 0     9.3 0   202.5 0   899.6 0
 2026 186  7  5 21 57 21.950  30.82   931.8 0   191.7 0   644.1 0   390.2 0   384.3 0   311.321 0   311.219 0   613.4 0   309.740 0   310.025 0   216.0 0   409.4 0   751.6 0  -229.0 0   522.6 0    34.6 0    14.8 0     8.3 0   199.7 0   899.7 0
 2026 186  7  5 21 58 21.967  31.02   807.4 0   165.2 0   488.5 0   399.5 0   384.0 0   311.336 0   311.189 0   612.7 0   309.699 0   309.996 0   196.2 0   353.3 0   652.9 0  -228.7 0   424.2 0    34.2 0    15.1 0     6.7 0   205.0 0   899.6 0
 2026 186  7  5 21 59 21.983  31.21   740.5 0   152.8 0   397.2 0   409.6 0   384.6 0   311.319 0   311.134 0   611.4 0   309.666 0   309.962 0   185.2 0   328.9 0   596.6 0  -226.8 0   369.7 0    34.0 0    15.3 0     5.9 0   195.9 0   899.6 0
 2026 186  7  5 22  0 22.000  31.40   861.6 0   177.1 0   526.7 0   421.8 0   387.2 0   311.283 0   311.154 0   615.4 0   309.661 0   310.029 0   205.1 0   383.2 0   694.3 0  -228.2 0   466.1 0    34.2 0    15.1 0     6.5 0   189.2 0   899.5 0
 2026 186  7  5 22  1 22.017  31.59   676.4 0   139.4 0   311.2 0   421.1 0   387.3 0   311.284 0   311.318 0   611.8 0   309.681 0   310.004 0   174.7 0   300.5 0   546.7 0  -224.5 0   322.2 0    34.4 0    14.9 0     7.0 0   211.7 0   899.6 0
 2026 186  7  5 22  2 22.033  31.78   751.1 0   157.6 0   381.4 0   431.1 0   387.6 0   311.299 0   311.304 0   614.1 0   309.680 0   310.042 0   187.2 0   338.0 0   597.7 0  -226.5 0   371.2 0    34.6 0    14.7 0     5.2 0   196.4 0   899.6 0
 2026 186  7  5 22  3 22.050  31.98   735.0 0   151.8 0   361.7 0   439.1 0   386.7 0   311.327 0   311.346 0   614.7 0   309.739 0   310.095 0   183.3 0   326.0 0   594.2 0  -228.0 0   366.2 0    35.0 0    13.9 0     5.7 0   171.8 0   899.6 0
 2026 186  7  5 22  4 22.067  32.17   797.7 0   166.3 0   430.7 0   442.8 0   385.5 0   311.330 0   311.173 0   612.4 0   309.768 0   310.071 0   193.5 0   357.0 0   641.0 0  -226.9 0   414.1 0    34.9 0    14.2 0     7.1 0   175.8 0   899.6 0
 2026 186  7  5 22  5 22.083  32.36   852.4 0   176.5 0   497.2 0   442.6 0   386.0 0   311.312 0   311.269 0   610.8 0   309.755 0   310.029 0   200.8 0   376.8 0   686.1 0  -224.8 0   461.2 0    34.6 0    14.7 0     9.6 0   207.0 0   899.5 0
 2026 186  7  5 22  6 22.100  32.55   799.3 0   166.8 0   443.9 0   437.9 0   384.6 0   311.310 0   311.177 0   607.0 0   309.698 0   309.934 0   192.7 0   354.4 0   645.2 0  -222.4 0   422.9 0    34.4 0    14.9 0     8.8 0   212.5 0   899.5 0
 2026 186  7  5 22  7 22.117  32.75   750.9 0   155.8 0   396.3 0   432.5 0   384.2 0   311.295 0   311.194 0   605.5 0   309.625 0   309.855 0   185.1 0   332.7 0   610.0 0  -221.3 0   388.7 0    34.2 0    14.9 0     8.2 0   211.4 0   899.6 0
 2026 186  7  5 22  8 22.133  32.94   782.0 0   166.1 0   437.8 0   426.6 0   383.9 0   311.274 0   311.152 0   608.1 0   309.570 0   309.866 0   189.7 0   349.2 0   627.9 0  -224.2 0   403.7 0    34.1 0    15.0 0     5.4 0   197.9 0   899.5 0
 2026 186  7  5 22  9 22.150  33.13   868.9 0   181.5 0   557.6 0   415.9 0   383.9 0   311.263 0   311.243 0   609.6 0   309.571 0   309.867 0   202.4 0   385.5 0   701.3 0  -225.7 0   475.6 0    34.3 0    14.7 0     8.1 0   215.4 0   899.5 0
 2026 186  7  5 22 10 22.167  33.33   921.4 0   187.5 0   643.1 0   403.8 0   381.7 0   311.271 0   311.124 0   610.5 0   309.547 0   309.862 0   209.2 0   403.4 0   753.6 0  -228.8 0   524.7 0    34.1 0    14.9 0     6.7 0   211.2 0   899.5 0
 2026 186  7  5 22 11 22.183  33.52   899.9 0   186.6 0   626.4 0   391.9 0   381.9 0   311.266 0   311.163 0   615.3 0   309.533 0   309.927 0   206.5 0   396.9 0   727.5 0  -233.4 0   494.1 0    33.9 0    15.0 0     4.5 0   205.1 0   899.5 0
 2026 186  7  5 22 12 22.200  33.72   895.6 0   182.6 0   636.8 0   384.2 0   384.5 0   311.268 0   311.228 0   618.4 0   309.570 0   309.990 0   204.3 0   393.1 0   731.3 0  -233.9 0   497.4 0    34.2 0    14.7 0     4.7 0   206.0 0   899.5 0
 2026 186  7  5 22 13 22.217  33.91   996.2 0   211.0 0   755.4 0   381.2 0   385.1 0   311.300 0   311.306 0   621.8 0   309.634 0   310.101 0   216.5 0   432.7 0   797.1 0  -236.7 0   560.4 0    34.5 0    14.3 0     7.6 0   208.3 0   899.5 0
 2026 186  7  5 22 14 22.233  34.10   862.8 0   176.3 0   602.0 0   382.4 0   384.3 0   311.359 0   311.405 0   619.1 0   309.675 0   310.051 0   197.8 0   376.1 0   704.5 0  -234.7 0   469.8 0    34.5 0    14.4 0     6.9 0   202.1 0   899.5 0
 2026 186  7  5 22 15 22.250  34.30   715.9 0   152.6 0   420.3 0   378.8 0   383.5 0   311.413 0   311.378 0   614.7 0   309.682 0   310.017 0   177.3 0   319.2 0   573.4 0  -231.2 0   342.3 0    34.4 0    14.4 0     6.7 0   185.3 0   899.5 0
 2026 186  7  5 22 16 22.267  34.50   840.9 0   177.3 0   584.0 0   373.8 0   380.4 0   311.434 0   311.259 0   612.6 0   309.691 0   310.000 0   194.3 0   373.9 0   677.8 0  -232.2 0   445.6 0    34.4 0    14.5 0     6.9 0   186.1 0   899.5 0
 2026 186  7  5 22 17 22.283  34.69   928.3 0   192.1 0   705.5 0   361.4 0   379.7 0   311.430 0   311.230 0   614.8 0   309.679 0   310.028 0   204.4 0   405.1 0   749.4 0  -235.1 0   514.3 0    34.2 0    14.2 0     7.1 0   184.7 0   899.5 0
 2026 186  7  5 22 18 22.300  34.89   949.9 0   200.8 0   749.3 0   350.1 0   380.2 0   311.415 0   311.145 0   617.7 0   309.672 0   310.049 0   208.0 0   415.2 0   763.9 0  -237.5 0   526.4 0    34.1 0    13.7 0     7.2 0   189.3 0   899.4 0
 2026 186  7  5 22 19 22.317  35.08   958.8 0   205.0 0   761.0 0   340.8 0   379.4 0   311.395 0   311.163 0   621.0 0   309.666 0   310.079 0   208.8 0   419.0 0   758.5 0  -241.6 0   517.0 0    34.1 0    13.7 0     6.4 0   194.8 0   899.5 0
 2026 186  7  5 22 20 22.333  35.28  1008.6 0   208.7 0   850.9 0   330.2 0   378.6 0   311.405 0   311.265 0   624.6 0   309.690 0   310.162 0   214.9 0   439.6 0   816.2 0  -246.0 0   570.2 0    34.1 0    13.5 0     4.7 0   195.3 0   899.4 0
 2026 186  7  5 22 21 22.350  35.47  1011.3 0   211.8 0   865.5 0   321.6 0   379.8 0   311.424 0   311.233 0   629.9 0   309.749 0   310.275 0   213.0 0   437.5 0   814.7 0  -250.1 0   564.6 0    34.2 0    13.1 0     4.3 0   194.4 0   899.4 0
 2026 186  7  5 22 22 22.367  35.67   869.8 0   180.5 0   685.0 0   325.6 0   379.5 0   311.451 0   311.312 0   628.9 0   309.840 0   310.322 0   194.4 0   380.5 0   701.6 0  -249.4 0   452.1 0    34.4 0    13.0 0     5.0 0   192.0 0   899.4 0
 2026 186  7  5 22 23 22.383  35.87   794.3 0   157.4 0   603.6 0   326.3 0   380.5 0   311.462 0   311.256 0   624.6 0   309.885 0   310.294 0   183.5 0   353.4 0   658.1 0  -244.1 0   414.0 0    34.4 0    13.6 0     5.0 0   205.6 0   899.4 0
 2026 186  7  5 22 24 22.400  36.06   706.8 0   150.8 0   491.9 0   322.6 0   378.9 0   311.469 0   311.311 0   618.6 0   309.935 0   310.266 0   171.0 0   318.0 0   569.5 0  -239.7 0   329.7 0    34.7 0    13.8 0     7.1 0   213.7 0   899.3 0
 2026 186  7  5 22 25 22.417  36.26   867.0 0   174.2 0   718.2 0   309.4 0   378.4 0   311.475 0   311.270 0   617.4 0   309.922 0   310.205 0   187.7 0   379.5 0   714.4 0  -239.1 0   475.3 0    34.4 0    14.1 0     7.4 0   213.2 0   899.3 0
 2026 186  7  5 22 26 22.433  36.45   772.7 0   159.1 0   608.5 0   300.9 0   378.7 0   311.485 0   311.287 0   615.5 0   309.897 0   310.206 0   175.9 0   342.5 0   631.2 0  -236.7 0   394.5 0    34.3 0    14.1 0     6.9 0   199.2 0   899.3 0
 2026 186  7  5 22 27 22.450  36.65   820.0 0   172.6 0   683.9 0   288.3 0   378.0 0   311.516 0   311.434 0   618.0 0   309.900 0   310.280 0   179.7 0   361.6 0   664.4 0  -240.0 0   424.5 0    34.6 0    13.7 0     5.5 0   201.9 0   899.3 0
 2026 186  7  5 22 28 22.467  36.85   928.9 0   194.5 0   834.3 0   276.6 0   375.7 0   311.565 0   311.382 0   617.6 0   309.940 0   310.297 0   193.3 0   405.1 0   749.7 0  -241.9 0   507.9 0    34.8 0    13.0 0     8.0 0   192.1 0   899.3 0
 2026 186  7  5 22 29 22.483  37.05   930.4 0   197.1 0   851.0 0   266.7 0   374.2 0   311.591 0   311.259 0   617.6 0   309.909 0   310.219 0   194.2 0   407.8 0   748.9 0  -243.5 0   505.4 0    34.3 0    13.2 0     6.7 0   199.1 0   899.3 0
 2026 186  7  5 22 30 22.500  37.24   968.6 0   205.3 0   919.3 0   251.7 0   375.4 0   311.593 0   311.281 0   624.3 0   309.904 0   310.355 0   197.7 0   421.7 0   778.2 0  -248.9 0   529.3 0    34.3 0    13.0 0     5.6 0   184.0 0   899.3 0
 2026 186  7  5 22 31 22.517  37.44   900.4 0   188.9 0   846.7 0   241.7 0   375.1 0   311.601 0   311.286 0   621.4 0   309.946 0   310.296 0   188.8 0   393.3 0   725.1 0  -246.3 0   478.8 0    34.6 0    12.6 0     8.1 0   166.2 0   899.2 0
 2026 186  7  5 22 32 22.533  37.64   947.0 0   201.5 0   906.8 0   240.3 0   375.9 0   311.609 0   311.280 0   625.6 0   309.942 0   310.346 0   191.8 0   410.5 0   756.9 0  -249.6 0   507.3 0    34.5 0    12.7 0     6.0 0   183.1 0   899.3 0
 2026 186  7  5 22 33 22.550  37.83   960.3 0   202.7 0   926.2 0   242.4 0   375.0 0   311.641 0   311.447 0   627.1 0   310.000 0   310.473 0   192.4 0   416.4 0   771.2 0  -252.1 0   519.1 0    34.9 0    12.0 0     8.2 0   215.7 0   899.2 0
 2026 186  7  5 22 34 22.567  38.03   884.9 0   181.5 0   835.8 0   243.7 0   374.4 0   311.681 0   311.377 0   623.8 0   310.047 0   310.450 0   182.2 0   382.6 0   720.5 0  -249.4 0   471.1 0    35.0 0    12.0 0     8.2 0   215.1 0   899.2 0
 2026 186  7  5 22 35 22.583  38.23   812.4 0   177.3 0   747.3 0   237.7 0   372.0 0   311.700 0   311.331 0   617.9 0   310.031 0   310.315 0   173.8 0   359.8 0   647.4 0  -245.9 0   401.5 0    34.7 0    12.3 0     8.2 0   209.6 0   899.2 0
 2026 186  7  5 22 36 22.600  38.43   850.6 0   176.0 0   816.8 0   230.6 0   372.5 0   311.691 0   311.290 0   616.8 0   309.975 0   310.258 0   177.1 0   372.1 0   694.5 0  -244.3 0   450.2 0    34.4 0    12.4 0     8.2 0   206.2 0   899.2 0
 2026 186  7  5 22 37 22.617  38.63   705.8 0   146.4 0   649.9 0   214.3 0   372.0 0   311.671 0   311.225 0   609.9 0   309.912 0   310.135 0   161.7 0   315.9 0   575.7 0  -237.9 0   337.8 0    34.3 0    12.4 0    11.0 0   192.4 0   899.2 0
 2026 186  7  5 22 38 22.633  38.82   824.4 0   179.8 0   818.4 0   198.9 0   371.5 0   311.629 0   311.124 0   607.8 0   309.801 0   310.019 0   173.4 0   365.8 0   656.8 0  -236.3 0   420.4 0    34.2 0    12.3 0    10.6 0   186.9 0   899.2 0
 2026 186  7  5 22 39 22.650  39.02   922.3 0   198.4 0   957.0 0   192.1 0   373.0 0   311.602 0   311.197 0   613.1 0   309.732 0   310.103 0   182.9 0   403.4 0   737.3 0  -240.1 0   497.1 0    34.4 0    12.2 0     7.8 0   189.4 0   899.2 0
 2026 186  7  5 22 40 22.667  39.22   917.5 0   196.1 0   958.3 0   188.2 0   372.9 0   311.610 0   311.235 0   616.6 0   309.747 0   310.154 0   182.1 0   400.8 0   734.6 0  -243.7 0   490.9 0    34.7 0    11.9 0     7.7 0   175.9 0   899.1 0
 2026 186  7  5 22 41 22.683  39.42   916.8 0   196.0 0   958.8 0   188.8 0   373.2 0   311.625 0   311.255 0   616.7 0   309.771 0   310.164 0   181.3 0   400.3 0   733.5 0  -243.4 0   490.0 0    34.9 0    11.5 0    10.1 0   194.3 0   899.1 0
 2026 186  7  5 22 42 22.700  39.62   917.5 0   196.3 0   958.1 0   191.6 0   373.8 0   311.628 0   311.178 0   619.1 0   309.779 0   310.200 0   180.3 0   400.3 0   733.3 0  -245.3 0   488.0 0    34.8 0    11.5 0     7.3 0   187.1 0   899.1 0
 2026 186  7  5 22 43 22.717  39.81   921.2 0   196.6 0   961.8 0   195.0 0   374.6 0   311.640 0   311.335 0   621.4 0   309.843 0   310.314 0   179.4 0   401.1 0   737.2 0  -246.8 0   490.4 0    35.2 0    11.4 0     7.9 0   185.7 0   899.0 0
 2026 186  7  5 22 44 22.733  40.01   925.8 0   197.7 0   963.1 0   200.9 0   373.0 0   311.691 0   311.395 0   621.2 0   309.934 0   310.377 0   178.5 0   402.6 0   740.8 0  -248.3 0   492.5 0    35.6 0    11.4 0     8.6 0   170.8 0   899.0 0
 2026 186  7  5 22 45 22.750  40.21   931.3 0   200.6 0   965.3 0   206.6 0   374.2 0   311.734 0   311.407 0   621.3 0   309.964 0   310.341 0   177.6 0   404.1 0   743.1 0  -247.0 0   496.1 0    35.2 0    11.4 0     8.3 0   180.5 0   899.0 0
 2026 186  7  5 22 46 22.767  40.41   931.1 0   199.3 0   965.8 0   209.2 0   374.5 0   311.787 0   311.559 0   622.5 0   310.024 0   310.498 0   176.4 0   404.0 0   745.2 0  -248.0 0   497.2 0    35.5 0    11.1 0     9.3 0   202.5 0   899.0 0
 2026 186  7  5 22 47 22.783  40.61   925.2 0   198.9 0   963.8 0   207.6 0   373.2 0   311.845 0   311.495 0   621.2 0   310.079 0   310.487 0   174.9 0   402.1 0   740.4 0  -248.0 0   492.3 0    35.5 0    11.1 0     9.0 0   188.4 0   899.0 0
 2026 186  7  5 22 48 22.800  40.81   914.6 0   196.6 0   961.7 0   201.4 0   372.9 0   311.885 0   311.551 0   620.3 0   310.113 0   310.530 0   172.9 0   398.6 0   732.6 0  -247.4 0   485.2 0    35.4 0    10.9 0     9.6 0   180.8 0   899.0 0
 2026 186  7  5 22 49 22.817  41.01   903.0 0   194.7 0   957.5 0   194.0 0   372.2 0   311.913 0   311.448 0   619.2 0   310.133 0   310.502 0   170.8 0   394.5 0   721.8 0  -247.0 0   474.8 0    35.3 0    10.9 0     8.6 0   178.2 0   899.0 0
 2026 186  7  5 22 50 22.833  41.21   896.3 0   193.0 0   955.2 0   190.6 0   373.5 0   311.909 0   311.400 0   621.1 0   310.153 0   310.553 0   168.9 0   392.0 0   716.3 0  -247.6 0   468.7 0    35.2 0    11.0 0     7.5 0   171.8 0   899.0 0
 2026 186  7  5 22 51 22.850  41.41   891.8 0   192.5 0   951.3 0   191.9 0   374.9 0   311.900 0   311.509 0   620.0 0   310.190 0   310.574 0   167.3 0   390.3 0   712.9 0  -245.2 0   467.8 0    35.3 0    11.1 0     9.6 0   178.4 0   898.9 0
 2026 186  7  5 22 52 22.867  41.61   891.0 0   192.4 0   949.9 0   193.8 0   374.8 0   311.908 0   311.478 0   620.0 0   310.215 0   310.606 0   165.9 0   389.6 0   711.7 0  -245.3 0   466.4 0    35.4 0    11.4 0     8.4 0   187.9 0   899.0 0
 2026 186  7  5 22 53 22.883  41.81   886.7 0   191.5 0   943.7 0   197.4 0   374.4 0   311.932 0   311.630 0   619.8 0   310.241 0   310.618 0   164.1 0   387.7 0   709.2 0  -245.4 0   463.8 0    35.3 0    11.5 0     8.3 0   205.6 0   899.0 0
 2026 186  7  5 22 54 22.900  42.00   883.1 0   190.6 0   938.5 0   200.6 0   372.8 0   311.967 0   311.504 0   619.6 0   310.259 0   310.652 0   162.3 0   386.4 0   707.3 0  -246.7 0   460.6 0    35.4 0    11.4 0     8.1 0   206.7 0   899.0 0
 2026 186  7  5 22 55 22.917  42.20   870.9 0   186.4 0   926.0 0   201.2 0   375.3 0   311.966 0   311.573 0   620.2 0   310.295 0   310.700 0   159.5 0   380.9 0   700.7 0  -244.9 0   455.9 0    35.5 0    11.3 0     7.0 0   195.8 0   899.0 0
 2026 186  7  5 22 56 22.933  42.40   854.3 0   184.3 0   896.8 0   207.6 0   372.8 0   312.001 0   311.694 0   616.4 0   310.316 0   310.631 0   156.3 0   373.9 0   685.5 0  -243.6 0   441.9 0    35.3 0    11.2 0    10.1 0   211.4 0   898.9 0
 2026 186  7  5 22 57 22.950  42.60   842.3 0   184.2 0   871.4 0   214.9 0   373.3 0   312.027 0   311.640 0   614.6 0   310.264 0   310.550 0   153.6 0   368.9 0   672.2 0  -241.3 0   430.9 0    34.9 0    11.5 0     9.1 0   209.4 0   899.0 0
 2026 186  7  5 22 58 22.967  42.80   792.5 0   173.5 0   800.7 0   217.8 0   373.4 0   312.042 0   311.677 0   613.8 0   310.213 0   310.532 0   147.3 0   348.8 0   631.8 0  -240.4 0   391.4 0    34.9 0    11.4 0     9.8 0   199.8 0   898.9 0
 2026 186  7  5 22 59 22.983  43.00   845.1 0   184.5 0   872.6 0   223.4 0   371.7 0   312.055 0   311.634 0   610.3 0   310.158 0   310.404 0   151.3 0   371.8 0   677.1 0  -238.6 0   438.5 0    34.8 0    11.2 0    11.0 0   200.6 0   898.9 0
 2026 186  7  5 23  0 23.000  43.20   813.1 0   177.2 0   821.4 0   233.6 0   371.6 0   312.059 0   311.661 0   609.8 0   310.089 0   310.396 0   146.5 0   358.4 0   655.2 0  -238.2 0   417.0 0    34.8 0    11.3 0     9.5 0   200.2 0   898.9 0
 2026 186  7  5 23  1 23.017  43.40   617.7 0   139.5 0   538.2 0   238.4 0   370.9 0   312.055 0   311.618 0   605.0 0   310.036 0   310.274 0   125.6 0   276.4 0   490.0 0  -234.1 0   255.9 0    34.8 0    11.5 0    10.0 0   188.8 0   898.9 0
 2026 186  7  5 23  2 23.033  43.60   708.2 0   150.2 0   676.8 0   236.9 0   369.3 0   312.022 0   311.476 0   599.6 0   309.949 0   310.128 0   132.6 0   315.4 0   576.8 0  -230.3 0   346.5 0    34.6 0    11.7 0    10.3 0   188.6 0   898.9 0
 2026 186  7  5 23  3 23.050  43.80   760.3 0   163.4 0   759.5 0   230.6 0   371.3 0   311.965 0   311.451 0   602.5 0   309.850 0   310.130 0   136.1 0   334.1 0   615.4 0  -231.2 0   384.2 0    34.5 0    11.8 0     8.3 0   186.1 0   898.9 0
 2026 186  7  5 23  4 23.067  44.00   804.0 0   176.0 0   830.1 0   223.3 0   371.5 0   311.930 0   311.509 0   605.7 0   309.828 0   310.168 0   140.4 0   354.3 0   644.4 0  -234.1 0   410.3 0    34.8 0    11.7 0     7.2 0   190.7 0   898.9 0
 2026 186  7  5 23  5 23.083  44.20   629.7 0   138.3 0   606.2 0   209.9 0   371.8 0   311.916 0   311.547 0   605.0 0   309.848 0   310.189 0   124.8 0   282.6 0   506.2 0  -233.3 0   272.9 0    35.1 0    11.4 0     7.7 0   206.3 0   898.8 0
 2026 186  7  5 23  6 23.100  44.40   820.0 0   175.9 0   890.0 0   203.6 0   371.6 0   311.900 0   311.449 0   608.9 0   309.863 0   310.260 0   140.7 0   360.5 0   663.5 0  -237.3 0   426.2 0    35.2 0    11.4 0     5.9 0   196.3 0   898.8 0
 2026 186  7  5 23  7 23.117  44.60   810.6 0   176.0 0   880.1 0   202.9 0   371.1 0   311.893 0   311.505 0   610.0 0   309.924 0   310.314 0   140.0 0   358.3 0   653.6 0  -238.9 0   414.7 0    35.4 0    11.3 0     7.3 0   207.0 0   898.8 0
 2026 186  7  5 23  8 23.133  44.80   767.1 0   165.0 0   827.5 0   199.1 0   369.7 0   311.898 0   311.490 0   609.1 0   309.958 0   310.312 0   135.3 0   338.2 0   621.2 0  -239.5 0   381.8 0    35.3 0    11.2 0     8.0 0   216.2 0   898.8 0
 2026 186  7  5 23  9 23.150  45.00   689.9 0   150.3 0   740.2 0   186.6 0   369.2 0   311.887 0   311.407 0   606.3 0   309.963 0   310.242 0   128.3 0   310.8 0   559.8 0  -237.1 0   322.7 0    35.1 0    11.3 0     7.1 0   222.6 0   898.8 0
 2026 186  7  5 23 10 23.167  45.20   796.9 0   172.0 0   909.9 0   178.2 0   370.8 0   311.861 0   311.409 0   608.0 0   309.972 0   310.310 0   135.5 0   350.5 0   647.3 0  -237.2 0   410.1 0    35.2 0    11.0 0     8.9 0   208.0 0   898.7 0
 2026 186  7  5 23 11 23.183  45.40   766.5 0   168.4 0   864.1 0   179.3 0   369.7 0   311.858 0   311.390 0   605.0 0   309.986 0   310.270 0   132.5 0   340.0 0   617.6 0  -235.3 0   382.3 0    35.3 0    10.6 0     9.7 0   215.8 0   898.7 0
 2026 186  7  5 23 12 23.200  45.60   795.8 0   175.3 0   905.1 0   182.8 0   368.4 0   311.852 0   311.369 0   606.2 0   309.948 0   310.219 0   133.4 0   349.6 0   640.8 0  -237.8 0   402.9 0    34.9 0    10.8 0     7.8 0   217.2 0   898.7 0
 2026 186  7  5 23 13 23.217  45.80   793.4 0   172.5 0   906.9 0   181.5 0   369.0 0   311.838 0   311.346 0   607.9 0   309.947 0   310.296 0   132.1 0   348.6 0   641.3 0  -238.9 0   402.4 0    35.0 0    11.0 0     7.3 0   201.2 0   898.7 0
 2026 186  7  5 23 14 23.233  46.00   651.0 0   140.9 0   704.0 0   183.1 0   369.1 0   311.824 0   311.346 0   604.9 0   309.955 0   310.259 0   119.5 0   290.8 0   531.2 0  -235.8 0   295.4 0    35.0 0    11.2 0     7.0 0   202.7 0   898.7 0
 2026 186  7  5 23 15 23.250  46.20   752.4 0   167.0 0   845.0 0   183.7 0   368.9 0   311.805 0   311.357 0   604.4 0   309.957 0   310.266 0   126.8 0   336.4 0   601.6 0  -235.5 0   366.1 0    35.0 0    11.2 0     7.4 0   218.5 0   898.6 0
 2026 186  7  5 23 16 23.267  46.40   787.0 0   171.3 0   910.6 0   181.3 0   369.8 0   311.792 0   311.319 0   608.3 0   309.959 0   310.309 0   128.5 0   346.1 0   637.9 0  -238.5 0   399.4 0    35.0 0    11.2 0     4.6 0   213.3 0   898.6 0
 2026 186  7  5 23 17 23.283  46.60   739.6 0   159.5 0   835.1 0   184.8 0   371.2 0   311.789 0   311.401 0   609.3 0   310.019 0   310.402 0   124.4 0   328.4 0   599.0 0  -238.1 0   361.0 0    35.4 0    10.9 0     7.6 0   199.1 0   898.6 0
 2026 186  7  5 23 18 23.300  46.80   688.0 0   149.0 0   742.9 0   196.0 0   370.5 0   311.813 0   311.521 0   606.1 0   310.064 0   310.415 0   118.9 0   307.7 0   555.6 0  -235.6 0   320.0 0    35.6 0    10.8 0     8.4 0   221.3 0   898.6 0
 2026 186  7  5 23 19 23.317  47.00   671.9 0   145.0 0   710.9 0   206.9 0   368.8 0   311.848 0   311.468 0   600.0 0   310.088 0   310.333 0   116.1 0   301.7 0   546.7 0  -231.2 0   315.5 0    35.5 0    10.8 0     9.8 0   232.6 0   898.6 0
 2026 186  7  5 23 20 23.333  47.21   760.8 0   169.2 0   851.2 0   202.5 0   369.3 0   311.860 0   311.466 0   600.1 0   310.037 0   310.268 0   121.9 0   341.1 0   611.6 0  -230.8 0   380.8 0    35.1 0    11.0 0     8.7 0   224.1 0   898.6 0
 2026 186  7  5 23 21 23.350  47.41   725.7 0   165.4 0   812.0 0   189.4 0   369.5 0   311.867 0   311.414 0   599.9 0   309.987 0   310.237 0   117.6 0   318.2 0   573.6 0  -230.4 0   343.2 0    34.9 0    11.1 0     9.3 0   216.3 0   898.6 0
 2026 186  7  5 23 22 23.367  47.61   647.3 0   147.1 0   705.6 0   182.3 0   369.7 0   311.863 0   311.422 0   601.2 0   309.959 0   310.287 0   111.9 0   294.4 0   510.9 0  -231.6 0   279.4 0    35.1 0    11.0 0     6.8 0   222.7 0   898.6 0
 2026 186  7  5 23 23 23.383  47.81   782.1 0   172.9 0   940.0 0   170.5 0   370.0 0   311.861 0   311.465 0   602.3 0   309.988 0   310.313 0   120.3 0   345.6 0   628.9 0  -232.4 0   396.6 0    35.4 0    10.7 0     9.2 0   209.3 0   898.6 0
 2026 186  7  5 23 24 23.400  48.01   757.3 0   167.3 0   933.5 0   153.5 0   368.0 0   311.871 0   311.345 0   602.8 0   309.997 0   310.317 0   118.6 0   334.8 0   610.8 0  -234.9 0   375.9 0    35.4 0    10.9 0     7.8 0   211.7 0   898.6 0
 2026 186  7  5 23 25 23.417  48.21   743.5 0   164.8 0   933.6 0   141.7 0   369.9 0   311.863 0   311.419 0   602.1 0   309.986 0   310.269 0   117.2 0   329.7 0   599.1 0  -232.2 0   366.9 0    35.1 0    11.3 0     8.7 0   219.0 0   898.5 0
 2026 186  7  5 23 26 23.433  48.41   731.3 0   162.6 0   935.7 0   131.1 0   369.3 0   311.890 0   311.497 0   600.1 0   309.958 0   310.227 0   115.4 0   324.4 0   589.6 0  -230.8 0   358.8 0    35.0 0    11.5 0     9.8 0   212.0 0   898.5 0
 2026 186  7  5 23 27 23.450  48.61   721.4 0   160.4 0   934.3 0   123.7 0   368.2 0   311.920 0   311.435 0   599.5 0   309.947 0   310.258 0   113.6 0   320.6 0   581.1 0  -231.3 0   349.8 0    35.3 0    11.1 0    10.1 0   187.9 0   898.6 0
 2026 186  7  5 23 28 23.467  48.81   718.4 0   160.8 0   932.7 0   123.2 0   367.0 0   311.925 0   311.328 0   597.8 0   309.912 0   310.178 0   112.3 0   319.6 0   576.7 0  -230.9 0   345.8 0    35.1 0    11.0 0     9.2 0   192.1 0   898.5 0
 2026 186  7  5 23 29 23.483  49.01   716.7 0   160.3 0   928.7 0   126.3 0   368.5 0   311.913 0   311.371 0   599.4 0   309.883 0   310.206 0   111.1 0   318.8 0   575.2 0  -230.9 0   344.2 0    35.1 0    10.8 0     9.0 0   180.9 0   898.5 0
 2026 186  7  5 23 30 23.500  49.21   723.5 0   162.1 0   932.1 0   133.2 0   367.5 0   311.912 0   311.373 0   598.2 0   309.883 0   310.172 0   110.3 0   321.1 0   580.0 0  -230.7 0   349.3 0    35.2 0    10.8 0     9.8 0   184.5 0   898.5 0
 2026 186  7  5 23 31 23.517  49.41   733.7 0   164.6 0   938.7 0   141.6 0   366.7 0   311.914 0   311.411 0   598.5 0   309.870 0   310.182 0   109.7 0   324.2 0   587.8 0  -231.8 0   355.9 0    35.3 0    10.4 0    10.3 0   186.8 0   898.5 0
 2026 186  7  5 23 32 23.533  49.61   740.0 0   165.9 0   941.3 0   151.1 0   365.7 0   311.928 0   311.458 0   599.9 0   309.878 0   310.235 0   109.0 0   326.5 0   595.1 0  -234.2 0   360.9 0    35.4 0     9.8 0     8.7 0   187.1 0   898.5 0
 2026 186  7  5 23 33 23.550  49.81   672.7 0   151.0 0   825.6 0   161.2 0   365.0 0   311.955 0   311.522 0   598.3 0   309.904 0   310.225 0   103.6 0   300.0 0   542.9 0  -233.3 0   309.6 0    35.5 0     9.8 0     8.3 0   197.9 0   898.5 0
 2026 186  7  5 23 34 23.567  50.01   634.8 0   143.0 0   758.1 0   167.4 0   364.3 0   311.966 0   311.417 0   598.7 0   309.913 0   310.235 0    99.4 0   284.7 0   511.5 0  -234.4 0   277.1 0    35.4 0     9.9 0     5.1 0   194.1 0   898.5 0
 2026 186  7  5 23 35 23.583  50.21   688.2 0   153.1 0   841.4 0   170.7 0   366.1 0   311.941 0   311.423 0   599.2 0   309.946 0   310.261 0   102.0 0   307.1 0   556.1 0  -233.1 0   323.0 0    35.5 0    10.1 0     7.2 0   206.8 0   898.5 0
 2026 186  7  5 23 36 23.600  50.41   695.2 0   155.4 0   846.0 0   174.8 0   369.4 0   311.935 0   311.553 0   601.1 0   309.985 0   310.355 0   101.4 0   308.9 0   558.6 0  -231.7 0   326.8 0    35.6 0    10.2 0     6.5 0   194.7 0   898.5 0
 2026 186  7  5 23 37 23.617  50.61   673.0 0   151.7 0   813.2 0   178.2 0   367.5 0   311.971 0   311.619 0   599.4 0   310.035 0   310.366 0    98.6 0   303.3 0   542.4 0  -231.9 0   310.6 0    35.7 0    10.3 0     7.9 0   193.8 0   898.5 0
 2026 186  7  5 23 38 23.633  50.81   709.1 0   152.0 0   876.8 0   182.6 0   367.6 0   312.007 0   311.583 0   599.8 0   310.070 0   310.406 0    99.5 0   313.7 0   584.6 0  -232.2 0   352.4 0    35.7 0    10.3 0     8.3 0   185.5 0   898.4 0
 2026 186  7  5 23 39 23.650  51.01   227.2 0    45.9 0    99.8 0   178.2 0   366.5 0   312.006 0   311.419 0   584.7 0   310.056 0   310.151 0    59.9 0    99.8 0   195.1 0  -218.2 0   -23.1 0    35.5 0    10.5 0    10.0 0   185.2 0   898.4 0
 2026 186  7  5 23 40 23.667  51.21   256.8 0    64.8 0   125.8 0   185.4 0   366.9 0   311.925 0   311.304 0   575.2 0   309.950 0   309.958 0    61.4 0   124.2 0   199.5 0  -208.3 0    -8.8 0    35.2 0    10.7 0    10.4 0   185.5 0   898.4 0
 2026 186  7  5 23 41 23.683  51.41   326.3 0    71.7 0   229.0 0   197.7 0   365.4 0   311.823 0   311.194 0   572.0 0   309.828 0   309.861 0    65.7 0   149.5 0   268.9 0  -206.6 0    62.3 0    35.0 0    10.9 0     8.7 0   197.4 0   898.4 0
 2026 186  7  5 23 42 23.700  51.61   511.0 0   125.2 0   500.6 0   209.4 0   366.2 0   311.716 0   311.110 0   573.5 0   309.718 0   309.809 0    79.8 0   237.8 0   395.0 0  -207.3 0   187.7 0    34.8 0    10.8 0     7.9 0   206.4 0   898.4 0
 2026 186  7  5 23 43 23.717  51.82   551.1 0   117.6 0   584.4 0   215.4 0   367.2 0   311.631 0   311.109 0   577.2 0   309.646 0   309.810 0    83.3 0   249.8 0   459.1 0  -210.0 0   249.1 0    34.8 0    10.8 0     7.3 0   201.4 0   898.4 0
 2026 186  7  5 23 44 23.733  52.02   449.4 0    97.2 0   414.2 0   214.2 0   368.2 0   311.562 0   311.055 0   575.2 0   309.587 0   309.718 0    76.5 0   204.9 0   371.9 0  -207.0 0   164.9 0    34.8 0    11.0 0     9.3 0   207.6 0   898.4 0
 2026 186  7  5 23 45 23.750  52.22   478.4 0   109.9 0   459.5 0   210.5 0   368.0 0   311.496 0   311.025 0   574.5 0   309.524 0   309.663 0    78.5 0   220.4 0   382.2 0  -206.5 0   175.7 0    34.9 0    10.8 0     9.2 0   204.4 0   898.4 0
 2026 186  7  5 23 46 23.767  52.42   372.6 0    81.8 0   311.0 0   199.7 0   368.0 0   311.437 0   310.940 0   571.7 0   309.457 0   309.575 0    71.4 0   173.9 0   307.6 0  -203.7 0   104.0 0    34.9 0    10.9 0     9.3 0   201.5 0   898.4 0
 2026 186  7  5 23 47 23.783  52.62   423.4 0   102.1 0   411.9 0   187.9 0   367.4 0   311.367 0   310.846 0   567.7 0   309.385 0   309.466 0    74.3 0   198.5 0   335.9 0  -200.3 0   135.6 0    34.8 0    11.4 0    11.3 0   188.2 0   898.4 0
 2026 186  7  5 23 48 23.800  52.82   672.7 0   154.6 0   855.4 0   175.0 0   368.2 0   311.298 0   310.761 0   574.3 0   309.300 0   309.525 0    89.6 0   302.1 0   537.4 0  -206.1 0   331.3 0    34.7 0    11.3 0     8.1 0   192.3 0   898.4 0
 2026 186  7  5 23 49 23.817  53.02   676.2 0   152.8 0   889.0 0   163.1 0   368.6 0   311.264 0   310.789 0   578.3 0   309.284 0   309.566 0    89.9 0   302.8 0   545.1 0  -209.6 0   335.5 0    34.9 0    11.1 0    10.1 0   187.4 0   898.4 0
 2026 186  7  5 23 50 23.833  53.22   647.4 0   145.5 0   856.9 0   156.2 0   367.3 0   311.254 0   310.756 0   578.5 0   309.266 0   309.521 0    87.2 0   289.2 0   523.8 0  -211.2 0   312.6 0    34.8 0    11.1 0     8.8 0   180.6 0   898.5 0
 2026 186  7  5 23 51 23.850  53.42   563.3 0   127.3 0   721.3 0   152.0 0   368.1 0   311.239 0   310.733 0   580.1 0   309.244 0   309.527 0    81.0 0   253.6 0   454.6 0  -212.0 0   242.5 0    34.8 0    11.0 0     7.2 0   186.0 0   898.5 0
 2026 186  7  5 23 52 23.867  53.62   538.4 0   122.0 0   686.3 0   149.1 0   369.2 0   311.227 0   310.828 0   581.2 0   309.280 0   309.608 0    78.7 0   245.3 0   434.2 0  -212.0 0   222.2 0    35.2 0    10.9 0     6.7 0   200.6 0   898.5 0
 2026 186  7  5 23 53 23.883  53.82   644.2 0   145.7 0   877.2 0   147.1 0   367.6 0   311.232 0   310.758 0   580.1 0   309.324 0   309.581 0    84.6 0   290.1 0   519.2 0  -212.5 0   306.7 0    35.3 0    10.9 0    10.1 0   205.9 0   898.4 0
 2026 186  7  5 23 54 23.900  54.02   616.9 0   139.0 0   846.2 0   141.7 0   367.3 0   311.234 0   310.765 0   579.7 0   309.303 0   309.541 0    82.7 0   277.6 0   499.8 0  -212.4 0   287.4 0    34.9 0    10.8 0     9.2 0   215.1 0   898.4 0
 2026 186  7  5 23 55 23.917  54.22   590.7 0   133.7 0   813.9 0   136.0 0   366.3 0   311.237 0   310.722 0   579.8 0   309.280 0   309.513 0    80.6 0   267.6 0   478.1 0  -213.5 0   264.6 0    34.7 0    10.9 0     6.2 0   221.5 0   898.4 0
 2026 186  7  5 23 56 23.933  54.42   617.9 0   139.8 0   872.9 0   132.0 0   368.3 0   311.220 0   310.703 0   582.5 0   309.287 0   309.583 0    81.5 0   278.9 0   500.1 0  -214.2 0   285.8 0    34.8 0    11.1 0     8.0 0   201.3 0   898.4 0
 2026 186  7  5 23 57 23.950  54.62   620.0 0   140.8 0   892.5 0   126.1 0   368.1 0   311.218 0   310.727 0   581.1 0   309.298 0   309.565 0    81.1 0   280.0 0   502.1 0  -213.0 0   289.1 0    34.9 0    11.6 0     7.9 0   205.7 0   898.4 0
 2026 186  7  5 23 58 23.967  54.82   612.8 0   138.6 0   898.0 0   118.5 0   370.3 0   311.222 0   310.750 0   583.3 0   309.310 0   309.636 0    79.9 0   277.1 0   497.2 0  -213.0 0   284.2 0    35.0 0    11.9 0     7.8 0   208.1 0   898.4 0
 2026 186  7  5 23 59 23.983  55.02   601.3 0   136.2 0   894.5 0   111.8 0   367.9 0   311.243 0   310.773 0   581.1 0   309.346 0   309.627 0    78.4 0   272.6 0   488.3 0  -213.3 0   275.1 0    35.1 0    12.0 0     7.9 0   229.0 0   898.4 0
