 Desert Rock
   36.624 -116.019 1007 m version 1
 2026   1  1  1  0  0  0.000  84.01    10.3 0     1.8 0     0.0 0    11.0 0   342.1 0   283.316 0   283.208 0   356.0 0   282.855 0   282.862 0     0.9 0     5.6 0     9.2 0   -13.9 0    -4.7 0     9.4 0    52.2 0     1.4 0   212.5 0   908.2 0
 2026   1  1  1  0  1  0.017  84.18    10.1 0     1.7 0     0.0 0    10.8 0   341.9 0   283.285 0   283.180 0   355.9 0   282.826 0   282.833 0     0.9 0     5.5 0     9.0 0   -14.0 0    -5.0 0     9.4 0    52.1 0     1.5 0   211.0 0   908.2 0
 2026   1  1  1  0  2  0.033  84.34    10.1 0     1.7 0     0.0 0    10.7 0   341.6 0   283.256 0   283.154 0   355.8 0   282.797 0   282.807 0     1.0 0     5.4 0     9.0 0   -14.2 0    -5.2 0     9.4 0    52.3 0     1.1 0   213.6 0   908.2 0
 2026   1  1  1  0  3  0.050  84.50    10.1 0     1.6 0     0.0 0    10.6 0   341.3 0   283.227 0   283.127 0   355.7 0   282.771 0   282.784 0     1.0 0     5.4 0     9.0 0   -14.4 0    -5.5 0     9.4 0    52.0 0     1.1 0   217.8 0   908.2 0
 2026   1  1  1  0  4  0.067  84.66    10.0 0     1.6 0     0.0 0    10.5 0   341.1 0   283.199 0   283.101 0   355.7 0   282.746 0   282.762 0     1.0 0     5.3 0     8.9 0   -14.5 0    -5.7 0     9.4 0    52.4 0     0.8 0   210.6 0   908.2 0
 2026   1  1  1  0  5  0.083  84.82     9.7 0     1.5 0     0.0 0    10.3 0   341.0 0   283.172 0   283.076 0   355.6 0   282.725 0   282.746 0     1.0 0     5.2 0     8.8 0   -14.6 0    -5.8 0     9.4 0    52.7 0     0.3 0   209.7 0   908.2 0
 2026   1  1  1  0  6  0.100  84.99     9.4 0     1.4 0     0.0 0    10.0 0   340.8 0   283.147 0   283.055 0   355.6 0   282.706 0   282.726 0     1.0 0     5.0 0     8.6 0   -14.8 0    -6.2 0     9.4 0    52.3 0     0.5 0   207.2 0   908.2 0
 2026   1  1  1  0  7  0.117  85.15     8.8 0     1.3 0     0.1 0     9.5 0   340.7 0   283.125 0   283.036 0   355.6 0   282.686 0   282.706 0     0.8 0     4.8 0     8.2 0   -14.9 0    -6.6 0     9.4 0    52.0 0     0.6 0   207.7 0   908.2 0
 2026   1  1  1  0  8  0.133  85.31     8.2 0     1.2 0     0.1 0     9.0 0   340.7 0   283.104 0   283.015 0   355.5 0   282.667 0   282.689 0     0.8 0     4.5 0     7.8 0   -14.8 0    -7.0 0     9.4 0    51.7 0     0.4 0   202.0 0   908.2 0
 2026   1  1  1  0  9  0.150  85.47     7.6 0     1.1 0     0.1 0     8.5 0   340.8 0   283.083 0   282.989 0   355.5 0   282.650 0   282.672 0     0.7 0     4.2 0     7.4 0   -14.7 0    -7.3 0     9.4 0    52.2 0     0.1 0   160.5 0   908.2 0
 2026   1  1  1  0 10  0.167  85.64     7.1 0     1.0 0     0.1 0     8.0 0   340.9 0   283.061 0   282.969 0   355.4 0   282.634 0   282.652 0     0.7 0     4.0 0     7.0 0   -14.5 0    -7.5 0     9.4 0    52.7 0     0.0 0     0.0 0   908.2 0
 2026   1  1  1  0 11  0.183  85.80     6.6 0     0.9 0     0.1 0     7.5 0   340.9 0   283.041 0   282.951 0   355.4 0   282.618 0   282.635 0     0.7 0     3.8 0     6.7 0   -14.5 0    -7.8 0     9.4 0    52.5 0     0.0 0     0.0 0   908.2 0
 2026   1  1  1  0 12  0.200  85.96     6.2 0     0.8 0     0.2 0     7.1 0   341.0 0   283.023 0   282.928 0   355.3 0   282.600 0   282.616 0     0.6 0     3.6 0     6.3 0   -14.3 0    -8.0 0     9.4 0    52.2 0     0.3 0    55.3 0   908.2 0
 2026   1  1  1  0 13  0.217  86.13     5.7 0     0.8 0     0.2 0     6.7 0   341.2 0   283.005 0   282.905 0   355.2 0   282.581 0   282.596 0     0.6 0     3.4 0     5.9 0   -14.0 0    -8.2 0     9.4 0    52.2 0     0.6 0    56.0 0   908.2 0
 2026   1  1  1  0 14  0.233  86.29     5.2 0     0.8 0     0.2 0     6.3 0   341.3 0   282.990 0   282.896 0   355.1 0   282.560 0   282.578 0     0.6 0     3.2 0     5.5 0   -13.8 0    -8.3 0     9.4 0    51.8 0     0.6 0    50.7 0   908.2 0
 2026   1  1  1  0 15  0.250  86.45     4.9 0     0.7 0     0.3 0     5.9 0   341.4 0   282.977 0   282.893 0   355.1 0   282.541 0   282.560 0     0.6 0     3.0 0     5.2 0   -13.6 0    -8.4 0     9.4 0    51.7 0     0.4 0    46.9 0   908.1 0
 2026   1  1  1  0 16  0.267  86.61     4.6 0     0.7 0     0.2 0     5.7 0   341.5 0   282.965 0   282.885 0   355.1 0   282.523 0   282.544 0     0.5 0     2.9 0     5.0 0   -13.5 0    -8.5 0     9.4 0    51.2 0     0.1 0    37.5 0   908.1 0
 2026   1  1  1  0 17  0.283  86.77     4.3 0     0.6 0     0.2 0     5.4 0   341.6 0   282.954 0   282.872 0   355.0 0   282.507 0   282.526 0     0.5 0     2.7 0     4.8 0   -13.4 0    -8.6 0     9.4 0    51.1 0     0.2 0    40.7 0   908.1 0
 2026   1  1  1  0 18  0.300  86.94     4.0 0     0.6 0     0.2 0     5.2 0   341.7 0   282.946 0   282.865 0   355.0 0   282.490 0   282.509 0     0.5 0     2.6 0     4.6 0   -13.3 0    -8.7 0     9.4 0    51.4 0     0.4 0    42.3 0   908.1 0
 2026   1  1  1  0 19  0.317  87.10     3.8 0     0.6 0     0.2 0     4.9 0   341.7 0   282.940 0   282.856 0   355.0 0   282.473 0   282.493 0     0.5 0     2.5 0     4.4 0   -13.3 0    -8.9 0     9.4 0    50.7 0     0.6 0    47.1 0   908.1 0
 2026   1  1  1  0 20  0.333  87.26     3.5 0     0.5 0     0.2 0     4.7 0   341.7 0   282.933 0   282.845 0   355.0 0   282.457 0   282.479 0     0.5 0     2.4 0     4.1 0   -13.3 0    -9.2 0     9.4 0    50.1 0     0.5 0    57.3 0   908.2 0
 2026   1  1  1  0 21  0.350  87.42     3.3 0     0.5 0     0.2 0     4.4 0   341.7 0   282.925 0   282.839 0   354.9 0   282.441 0   282.463 0     0.5 0     2.2 0     4.0 0   -13.2 0    -9.2 0     9.4 0    50.6 0     0.4 0    50.5 0   908.2 0
 2026   1  1  1  0 22  0.367  87.58     3.1 0     0.4 0     0.2 0     4.3 0   341.7 0   282.920 0   282.844 0   354.9 0   282.426 0   282.450 0     0.4 0     2.1 0     3.8 0   -13.1 0    -9.3 0     9.5 0    50.2 0     0.3 0    47.8 0   908.2 0
 2026   1  1  1  0 23  0.383  87.74     2.8 0     0.4 0     0.2 0     4.0 0   341.7 0   282.919 0   282.847 0   354.8 0   282.411 0   282.435 0     0.4 0     2.0 0     3.6 0   -13.1 0    -9.5 0     9.5 0    50.0 0     0.2 0    43.2 0   908.2 0
 2026   1  1  1  0 24  0.400  87.89     2.6 0     0.4 0     0.2 0     3.8 0   341.8 0   282.921 0   282.853 0   354.8 0   282.397 0   282.423 0     0.4 0     1.9 0     3.4 0   -13.0 0    -9.6 0     9.5 0    49.8 0     0.4 0    31.9 0   908.2 0
 2026   1  1  1  0 25  0.417  88.05     2.3 0     0.3 0     0.2 0     3.5 0   341.9 0   282.923 0   282.850 0   354.7 0   282.383 0   282.410 0     0.4 0     1.8 0     3.2 0   -12.8 0    -9.7 0     9.5 0    49.2 0     0.4 0    17.6 0   908.2 0
 2026   1  1  1  0 26  0.433  88.21     2.0 0     0.3 0     0.2 0     3.2 0   341.9 0   282.926 0   282.848 0   354.7 0   282.370 0   282.397 0     0.4 0     1.6 0     2.9 0   -12.8 0    -9.8 0     9.5 0    49.2 0     0.3 0   358.3 0   908.2 0
 2026   1  1  1  0 27  0.450  88.36     1.7 0     0.3 0     0.2 0     3.0 0   341.8 0   282.927 0   282.848 0   354.6 0   282.356 0   282.382 0     0.4 0     1.5 0     2.7 0   -12.8 0   -10.1 0     9.5 0    49.6 0     0.4 0     6.3 0   908.2 0
 2026   1  1  1  0 28  0.467  88.52     1.5 0     0.2 0     0.1 0     2.7 0   341.8 0   282.924 0   282.838 0   354.5 0   282.342 0   282.368 0     0.3 0     1.4 0     2.5 0   -12.7 0   -10.2 0     9.5 0    49.4 0     0.6 0     0.8 0   908.2 0
 2026   1  1  1  0 29  0.483  88.67     1.2 0     0.2 0     0.2 0     2.4 0   341.8 0   282.918 0   282.838 0   354.5 0   282.328 0   282.354 0     0.3 0     1.3 0     2.2 0   -12.6 0   -10.4 0     9.5 0    49.0 0     0.7 0     4.2 0   908.2 0
 2026   1  1  1  0 30  0.500  88.82     0.9 0     0.2 0     0.2 0     2.1 0   341.8 0   282.913 0   282.828 0   354.4 0   282.313 0   282.341 0     0.3 0     1.1 0     2.0 0   -12.6 0   -10.6 0     9.5 0    48.5 0     0.7 0    11.3 0   908.2 0
 2026   1  1  1  0 31  0.517  88.97     0.6 0     0.1 0     0.2 0     1.8 0   342.0 0   282.906 0   282.825 0   354.4 0   282.300 0   282.329 0     0.3 0     1.0 0     1.7 0   -12.4 0   -10.7 0     9.5 0    48.9 0     0.7 0    15.9 0   908.2 0
 2026   1  1  1  0 32  0.533  89.11     0.3 0     0.1 0     0.2 0     1.6 0   342.1 0   282.901 0   282.815 0   354.3 0   282.287 0   282.315 0     0.3 0     0.9 0     1.5 0   -12.2 0   -10.7 0     9.6 0    50.3 0     0.9 0    26.4 0   908.2 0
 2026   1  1  1  0 33  0.550  89.26     0.1 0     0.0 0     0.2 0     1.3 0   342.2 0   282.896 0   282.811 0   354.3 0   282.274 0   282.301 0     0.3 0     0.8 0     1.3 0   -12.1 0   -10.8 0     9.6 0    50.9 0     0.7 0    12.5 0   908.2 0
 2026   1  1  1  0 34  0.567  89.40    -0.2 0     0.0 0     0.2 0     1.1 0   342.2 0   282.893 0   282.804 0   354.2 0   282.262 0   282.289 0     0.3 0     0.7 0     1.1 0   -12.0 0   -10.9 0     9.6 0    51.4 0     0.7 0     9.5 0   908.2 0
 2026   1  1  1  0 35  0.583  89.53    -0.3 0     0.0 0     0.2 0     0.9 0   342.2 0   282.888 0   282.793 0   354.2 0   282.250 0   282.278 0     0.3 0     0.6 0     0.9 0   -12.0 0   -11.1 0     9.6 0    49.2 0     0.7 0   359.5 0   908.3 0
 2026   1  1  1  0 36  0.600  89.67    -0.4 0     0.0 0     0.2 0     0.8 0   342.2 0   282.883 0   282.777 0   354.2 0   282.238 0   282.269 0     0.3 0     0.5 0     0.8 0   -12.0 0   -11.2 0     9.6 0    48.7 0     0.8 0   352.8 0   908.3 0
 2026   1  1  1  0 37  0.617  89.80    -0.5 0    -0.1 0     0.1 0     0.6 0   342.2 0   282.874 0   282.751 0   354.1 0   282.228 0   282.259 0     0.2 0     0.5 0     0.6 0   -11.9 0   -11.3 0     9.6 0    48.9 0     0.9 0   344.7 0   908.2 0
 2026   1  1  1  0 38  0.633  89.92    -0.5 0    -0.1 0     0.1 0     0.5 0   342.3 0   282.864 0   282.738 0   354.2 0   282.217 0   282.249 0     0.2 0     0.4 0     0.5 0   -11.9 0   -11.4 0     9.6 0    47.9 0     0.7 0   349.2 0   908.2 0
 2026   1  1  1  0 39  0.650  90.83    -0.6 0    -0.1 0     0.1 0     0.5 0   342.3 0   282.855 0   282.725 0   354.0 0   282.208 0   282.239 0     0.0 0     0.4 0     0.5 0   -11.7 0   -11.3 0     9.6 0    50.4 0     1.0 0     6.6 0   908.2 0
 2026   1  1  1  0 40  0.667  91.00    -0.7 0    -0.1 0     0.1 0     0.4 0   342.4 0   282.844 0   282.702 0   354.0 0   282.198 0   282.229 0     0.0 0     0.4 0     0.4 0   -11.6 0   -11.2 0     9.6 0    49.4 0     0.9 0   349.3 0   908.2 0
 2026   1  1  1  0 41  0.683  91.18    -0.7 0    -0.1 0     0.1 0     0.4 0   342.6 0   282.833 0   282.697 0   354.0 0   282.188 0   282.220 0     0.0 0     0.3 0     0.4 0   -11.4 0   -11.1 0     9.6 0    47.6 0     0.8 0     1.6 0   908.2 0
 2026   1  1  1  0 42  0.700  91.36    -0.9 0    -0.1 0     0.0 0     0.4 0   342.7 0   282.827 0   282.682 0   354.0 0   282.178 0   282.211 0     0.0 0     0.3 0     0.4 0   -11.2 0   -10.9 0     9.6 0    48.0 0     0.8 0     8.1 0   908.2 0
 2026   1  1  1  0 43  0.717  91.53    -0.9 0    -0.1 0     0.0 0     0.3 0   342.8 0   282.825 0   282.691 0   354.0 0   282.169 0   282.204 0     0.0 0     0.3 0     0.3 0   -11.2 0   -10.9 0     9.7 0    47.2 0     0.7 0     7.2 0   908.2 0
 2026   1  1  1  0 44  0.733  91.71    -1.0 0    -0.1 0     0.0 0     0.3 0   342.7 0   282.822 0   282.695 0   353.9 0   282.161 0   282.197 0     0.0 0     0.3 0     0.3 0   -11.3 0   -11.0 0     9.7 0    48.4 0     0.9 0    10.6 0   908.2 0
 2026   1  1  1  0 45  0.750  91.89    -1.1 0    -0.1 0    -0.1 0     0.3 0   342.6 0   282.819 0   282.702 0   353.9 0   282.153 0   282.188 0     0.0 0     0.2 0     0.3 0   -11.3 0   -11.0 0     9.7 0    49.4 0     0.8 0    16.3 0   908.3 0
 2026   1  1  1  0 46  0.767  92.07    -1.1 0    -0.1 0    -0.1 0     0.2 0   342.7 0   282.815 0   282.691 0   353.9 0   282.144 0   282.180 0     0.0 0     0.2 0     0.2 0   -11.1 0   -10.9 0     9.7 0    49.5 0     0.9 0    18.7 0   908.3 0
 2026   1  1  1  0 47  0.783  92.24    -1.2 0     0.0 0    -0.1 0     0.2 0   342.9 0   282.808 0   282.662 0   353.8 0   282.135 0   282.171 0     0.0 0     0.2 0     0.2 0   -10.9 0   -10.8 0     9.7 0    48.2 0     0.8 0    18.8 0   908.3 0
 2026   1  1  1  0 48  0.800  92.42    -1.3 0     0.0 0    -0.1 0     0.1 0   343.0 0   282.797 0   282.629 0   353.8 0   282.127 0   282.163 0     0.0 0     0.2 0     0.1 0   -10.8 0   -10.7 0     9.7 0    47.3 0     0.7 0    19.2 0   908.3 0
 2026   1  1  1  0 49  0.817  92.60    -1.4 0     0.0 0    -0.2 0     0.1 0   342.9 0   282.787 0   282.603 0   353.8 0   282.119 0   282.154 0     0.0 0     0.1 0     0.1 0   -10.8 0   -10.8 0     9.7 0    47.0 0     0.6 0    24.7 0   908.3 0
 2026   1  1  1  0 50  0.833  92.78    -1.6 0     0.0 0    -0.2 0     0.0 0   342.9 0   282.776 0   282.578 0   353.7 0   282.110 0   282.143 0     0.0 0     0.1 0     0.0 0   -10.8 0   -10.8 0     9.8 0    46.3 0     0.5 0    28.7 0   908.3 0
 2026   1  1  1  0 51  0.850  92.96    -1.6 0     0.0 0    -0.3 0    -0.1 0   343.0 0   282.763 0   282.546 0   353.7 0   282.101 0   282.133 0     0.0 0     0.1 0     0.0 0   -10.7 0   -10.7 0     9.8 0    46.1 0     0.5 0    29.2 0   908.3 0
 2026   1  1  1  0 52  0.867  93.14    -1.6 0     0.0 0    -0.3 0    -0.1 0   343.2 0   282.753 0   282.535 0   353.6 0   282.091 0   282.123 0     0.0 0     0.1 0     0.0 0   -10.4 0   -10.4 0     9.8 0    47.6 0     0.8 0    28.2 0   908.3 0
 2026   1  1  1  0 53  0.883  93.32    -1.7 0     0.0 0    -0.4 0    -0.1 0   343.3 0   282.744 0   282.517 0   353.6 0   282.080 0   282.114 0     0.0 0     0.1 0     0.0 0   -10.3 0   -10.3 0     9.8 0    47.6 0     0.8 0    27.5 0   908.3 0
 2026   1  1  1  0 54  0.900  93.50    -1.7 0     0.0 0    -0.4 0    -0.2 0   343.2 0   282.733 0   282.495 0   353.6 0   282.070 0   282.107 0     0.0 0     0.1 0     0.0 0   -10.4 0   -10.4 0     9.8 0    46.3 0     0.4 0    30.7 0   908.3 0
 2026   1  1  1  0 55  0.917  93.68    -1.8 0     0.0 0    -0.4 0    -0.2 0   343.0 0   282.721 0   282.482 0   353.5 0   282.060 0   282.095 0     0.0 0     0.1 0     0.0 0   -10.5 0   -10.5 0     9.8 0    46.6 0     0.6 0    26.7 0   908.3 0
 2026   1  1  1  0 56  0.933  93.86    -1.8 0     0.0 0    -0.4 0    -0.2 0   343.1 0   282.702 0   282.456 0   353.5 0   282.050 0   282.085 0     0.0 0     0.1 0     0.0 0   -10.4 0   -10.4 0     9.8 0    46.3 0     0.4 0    22.6 0   908.3 0
 2026   1  1  1  0 57  0.950  94.04    -1.8 0     0.0 0    -0.4 0    -0.2 0   343.1 0   282.681 0   282.450 0   353.4 0   282.040 0   282.073 0     0.0 0     0.1 0     0.0 0   -10.4 0   -10.4 0     9.8 0    46.2 0     0.4 0    19.0 0   908.3 0
 2026   1  1  1  0 58  0.967  94.22    -1.8 0     0.0 0    -0.4 0    -0.2 0   343.1 0   282.662 0   282.440 0   353.5 0   282.029 0   282.065 0     0.0 0     0.1 0     0.0 0   -10.4 0   -10.4 0     9.9 0    46.5 0     0.5 0    15.0 0   908.3 0
 2026   1  1  1  0 59  0.983  94.40    -1.9 0     0.0 0    -0.4 0    -0.2 0   343.2 0   282.645 0   282.431 0   353.4 0   282.019 0   282.053 0     0.0 0     0.1 0     0.0 0   -10.2 0   -10.2 0     9.9 0    46.3 0     0.6 0    15.1 0   908.3 0
 2026   1  1  1  1  0  1.000  94.58    -2.0 0     0.0 0    -0.4 0    -0.2 0   343.2 0   282.634 0   282.437 0   353.4 0   282.008 0   282.043 0     0.0 0     0.1 0     0.0 0   -10.2 0   -10.2 0     9.9 0    46.4 0     0.5 0    15.1 0   908.3 0
 2026   1  1  1  1  1  1.017  94.76    -2.0 0     0.0 0    -0.4 0    -0.2 0   343.1 0   282.629 0   282.452 0   353.4 0   281.997 0   282.033 0     0.0 0     0.1 0     0.0 0   -10.3 0   -10.3 0     9.9 0    46.6 0     0.4 0    16.8 0   908.2 0
 2026   1  1  1  1  2  1.033  94.94    -1.9 0     0.1 0    -0.4 0    -0.2 0   342.9 0   282.625 0   282.469 0   353.3 0   281.986 0   282.016 0     0.0 0     0.1 0     0.0 0   -10.4 0   -10.4 0     9.9 0    46.4 0     0.4 0    40.4 0   908.2 0
 2026   1  1  1  1  3  1.050  95.12    -1.8 0     0.1 0    -0.4 0    -0.2 0   342.6 0   282.618 0   282.453 0   353.1 0   281.974 0   281.999 0     0.0 0     0.1 0     0.0 0   -10.4 0   -10.4 0     9.9 0    47.7 0     0.5 0    57.5 0   908.2 0
 2026   1  1  1  1  4  1.067  95.31    -1.7 0     0.1 0    -0.3 0    -0.2 0   342.4 0   282.601 0   282.424 0   353.1 0   281.960 0   281.986 0     0.0 0     0.1 0     0.0 0   -10.8 0   -10.8 0     9.8 0    47.5 0     0.6 0    65.6 0   908.2 0
 2026   1  1  1  1  5  1.083  95.49    -1.7 0     0.0 0    -0.3 0    -0.2 0   342.3 0   282.575 0   282.409 0   353.2 0   281.947 0   281.977 0     0.0 0     0.1 0     0.0 0   -10.9 0   -10.9 0     9.8 0    46.9 0     0.7 0    71.3 0   908.2 0
 2026   1  1  1  1  6  1.100  95.67    -1.5 0     0.0 0    -0.3 0    -0.2 0   342.2 0   282.546 0   282.394 0   353.1 0   281.936 0   281.968 0     0.0 0     0.0 0     0.0 0   -10.9 0   -10.9 0     9.8 0    46.7 0     0.8 0    79.5 0   908.2 0
 2026   1  1  1  1  7  1.117  95.85    -1.5 0    -0.1 0    -0.2 0    -0.2 0   341.7 0   282.520 0   282.374 0   352.7 0   281.926 0   281.957 0     0.0 0     0.0 0     0.0 0   -11.0 0   -11.0 0     9.8 0    53.8 0     1.9 0    95.1 0   908.2 0
 2026   1  1  1  1  8  1.133  96.04    -1.4 0     0.0 0    -0.2 0    -0.2 0   341.3 0   282.493 0   282.340 0   352.6 0   281.914 0   281.936 0     0.0 0     0.0 0     0.0 0   -11.2 0   -11.2 0     9.6 0    59.1 0     1.7 0    96.5 0   908.2 0
 2026   1  1  1  1  9  1.150  96.22    -1.4 0     0.0 0    -0.2 0    -0.2 0   341.5 0   282.467 0   282.324 0   352.7 0   281.900 0   281.931 0     0.0 0     0.0 0     0.0 0   -11.2 0   -11.2 0     9.5 0    54.5 0     1.4 0    90.7 0   908.2 0
 2026   1  1  1  1 10  1.167  96.40    -1.3 0     0.0 0    -0.2 0    -0.2 0   341.0 0   282.444 0   282.315 0   352.4 0   281.889 0   281.913 0     0.0 0     0.0 0     0.0 0   -11.4 0   -11.4 0     9.4 0    60.4 0     2.0 0    96.4 0   908.2 0
 2026   1  1  1  1 11  1.183  96.59    -1.3 0     0.0 0    -0.2 0    -0.2 0   341.0 0   282.426 0   282.303 0   352.4 0   281.875 0   281.900 0     0.0 0     0.0 0     0.0 0   -11.4 0   -11.4 0     9.3 0    59.0 0     1.9 0    94.6 0   908.2 0
 2026   1  1  1  1 12  1.200  96.77    -1.3 0    -0.1 0    -0.2 0    -0.2 0   341.1 0   282.410 0   282.296 0   352.4 0   281.863 0   281.893 0     0.0 0     0.0 0     0.0 0   -11.3 0   -11.3 0     9.3 0    58.1 0     1.9 0    93.6 0   908.2 0
 2026   1  1  1  1 13  1.217  96.95    -1.3 0    -0.1 0    -0.2 0    -0.2 0   341.3 0   282.396 0   282.291 0   352.4 0   281.853 0   281.885 0     0.0 0     0.0 0     0.0 0   -11.1 0   -11.1 0     9.3 0    57.2 0     2.0 0    96.6 0   908.2 0
 2026   1  1  1  1 14  1.233  97.14    -1.3 0    -0.1 0    -0.2 0    -0.1 0   341.5 0   282.382 0   282.278 0   352.5 0   281.846 0   281.880 0     0.0 0     0.0 0     0.0 0   -11.0 0   -11.0 0     9.4 0    56.8 0     1.9 0   100.8 0   908.2 0
 2026   1  1  1  1 15  1.250  97.32    -1.3 0    -0.1 0    -0.2 0    -0.1 0   341.6 0   282.369 0   282.264 0   352.5 0   281.839 0   281.873 0     0.0 0     0.0 0     0.0 0   -10.9 0   -10.9 0     9.4 0    55.5 0     1.8 0   105.2 0   908.1 0
 2026   1  1  1  1 16  1.267  97.51    -1.4 0    -0.2 0    -0.2 0    -0.1 0   341.9 0   282.358 0   282.250 0   352.7 0   281.836 0   281.875 0     0.0 0     0.0 0     0.0 0   -10.8 0   -10.8 0     9.5 0    51.2 0     1.4 0   109.5 0   908.1 0
 2026   1  1  1  1 17  1.283  97.69    -1.4 0    -0.2 0    -0.2 0    -0.1 0   342.0 0   282.349 0   282.241 0   352.9 0   281.837 0   281.876 0     0.0 0     0.0 0     0.0 0   -10.8 0   -10.8 0     9.6 0    50.7 0     1.3 0   116.2 0   908.1 0
 2026   1  1  1  1 18  1.300  97.87    -1.4 0    -0.2 0    -0.2 0    -0.1 0   342.1 0   282.343 0   282.246 0   352.9 0   281.839 0   281.878 0     0.0 0     0.0 0     0.0 0   -10.8 0   -10.8 0     9.7 0    51.6 0     1.2 0   119.4 0   908.1 0
 2026   1  1  1  1 19  1.317  98.06    -1.4 0    -0.2 0    -0.2 0    -0.1 0   341.8 0   282.340 0   282.247 0   352.8 0   281.841 0   281.878 0     0.0 0     0.0 0     0.0 0   -11.0 0   -11.0 0     9.7 0    53.0 0     1.3 0   126.4 0   908.2 0
 2026   1  1  1  1 20  1.333  98.24    -1.4 0    -0.1 0    -0.2 0    -0.1 0   341.6 0   282.338 0   282.243 0   352.7 0   281.841 0   281.876 0     0.0 0     0.0 0     0.0 0   -11.1 0   -11.1 0     9.7 0    55.1 0     1.1 0   132.7 0   908.2 0
 2026   1  1  1  1 21  1.350  98.43    -1.4 0    -0.1 0    -0.1 0    -0.1 0   341.4 0   282.338 0   282.249 0   352.7 0   281.839 0   281.872 0     0.0 0     0.0 0     0.0 0   -11.3 0   -11.3 0     9.7 0    56.0 0     0.8 0   133.8 0   908.2 0
 2026   1  1  1  1 22  1.367  98.61    -1.4 0    -0.1 0    -0.1 0    -0.1 0   341.1 0   282.338 0   282.252 0   352.6 0   281.835 0   281.867 0     0.0 0     0.0 0     0.0 0   -11.5 0   -11.5 0     9.7 0    56.6 0     0.7 0   131.8 0   908.2 0
 2026   1  1  1  1 23  1.383  98.80    -1.4 0    -0.1 0    -0.1 0    -0.1 0   340.8 0   282.334 0   282.246 0   352.5 0   281.830 0   281.861 0     0.0 0     0.0 0     0.0 0   -11.7 0   -11.7 0     9.7 0    57.7 0     0.5 0   130.6 0   908.2 0
 2026   1  1  1  1 24  1.400  98.99    -1.4 0    -0.1 0    -0.1 0    -0.1 0   340.8 0   282.328 0   282.246 0   352.5 0   281.823 0   281.855 0     0.0 0     0.0 0     0.0 0   -11.7 0   -11.7 0     9.7 0    57.5 0     0.4 0   124.8 0   908.2 0
 2026   1  1  1  1 25  1.417  99.17    -1.4 0    -0.1 0    -0.1 0    -0.1 0   341.0 0   282.323 0   282.254 0   352.5 0   281.817 0   281.849 0     0.0 0     0.0 0     0.0 0   -11.5 0   -11.5 0     9.6 0    57.0 0     0.2 0   125.1 0   908.2 0
 2026   1  1  1  1 26  1.433  99.36    -1.4 0    -0.1 0    -0.1 0    -0.1 0   341.2 0   282.319 0   282.241 0   352.4 0   281.810 0   281.845 0     0.0 0     0.0 0     0.0 0   -11.2 0   -11.2 0     9.6 0    57.3 0     0.0 0     0.0 0   908.2 0
 2026   1  1  1  1 27  1.450  99.54    -1.3 0    -0.1 0    -0.1 0    -0.1 0   341.2 0   282.312 0   282.223 0   352.3 0   281.804 0   281.838 0     0.0 0     0.0 0     0.0 0   -11.0 0   -11.0 0     9.6 0    58.1 0     0.0 0     0.0 0   908.2 0
 2026   1  1  1  1 28  1.467  99.73    -1.3 0    -0.1 0    -0.1 0    -0.1 0   341.1 0   282.301 0   282.200 0   352.1 0   281.796 0   281.826 0     0.0 0     0.0 0     0.0 0   -11.0 0   -11.0 0     9.6 0    60.0 0     0.4 0   351.8 0   908.1 0
 2026   1  1  1  1 29  1.483  99.92    -1.2 0    -0.1 0    -0.1 0    -0.1 0   341.1 0   282.285 0   282.183 0   352.1 0   281.786 0   281.814 0     0.0 0     0.0 0     0.0 0   -11.0 0   -11.0 0     9.5 0    61.3 0     1.1 0   345.2 0   908.1 0
 2026   1  1  1  1 30  1.500 100.10    -1.2 0    -0.1 0    -0.1 0    -0.1 0   341.2 0   282.268 0   282.175 0   352.0 0   281.776 0   281.805 0     0.0 0     0.0 0     0.0 0   -10.8 0   -10.8 0     9.4 0    61.8 0     1.3 0   350.1 0   908.1 0
 2026   1  1  1  1 31  1.517 100.29    -1.2 0    -0.1 0    -0.1 0    -0.1 0   341.6 0   282.254 0   282.177 0   352.2 0   281.768 0   281.802 0     0.0 0     0.0 0     0.0 0   -10.5 0   -10.5 0     9.3 0    60.7 0     1.2 0   348.9 0   908.1 0
 2026   1  1  1  1 32  1.533 100.48    -1.2 0    -0.2 0    -0.1 0    -0.1 0   342.4 0   282.243 0   282.167 0   352.3 0   281.763 0   281.801 0     0.0 0     0.0 0     0.0 0   -10.0 0   -10.0 0     9.3 0    59.1 0     1.1 0   347.4 0   908.1 0
 2026   1  1  1  1 33  1.550 100.67    -1.2 0    -0.2 0     0.0 0    -0.1 0   343.0 0   282.232 0   282.165 0   352.4 0   281.761 0   281.803 0     0.0 0     0.0 0     0.0 0    -9.4 0    -9.4 0     9.4 0    57.5 0     1.1 0   346.8 0   908.1 0
 2026   1  1  1  1 34  1.567 100.85    -1.2 0    -0.3 0     0.0 0    -0.1 0   343.6 0   282.224 0   282.164 0   352.5 0   281.763 0   281.807 0     0.0 0     0.0 0     0.0 0    -9.0 0    -9.0 0     9.4 0    56.2 0     1.2 0   345.4 0   908.1 0
 2026   1  1  1  1 35  1.583 101.04    -1.2 0    -0.3 0     0.0 0    -0.1 0   343.6 0   282.218 0   282.168 0   352.5 0   281.767 0   281.810 0     0.0 0     0.0 0     0.0 0    -8.9 0    -8.9 0     9.5 0    55.8 0     1.2 0   345.9 0   908.1 0
 2026   1  1  1  1 36  1.600 101.23    -1.2 0    -0.3 0     0.0 0    -0.1 0   343.6 0   282.214 0   282.161 0   352.6 0   281.771 0   281.813 0     0.0 0     0.0 0     0.0 0    -9.1 0    -9.1 0     9.5 0    54.9 0     0.9 0   342.0 0   908.1 0
 2026   1  1  1  1 37  1.617 101.42    -1.2 0    -0.3 0     0.0 0    -0.1 0   343.6 0   282.209 0   282.157 0   352.8 0   281.776 0   281.830 0     0.0 0     0.0 0     0.0 0    -9.1 0    -9.1 0     9.6 0    53.3 0     0.9 0   343.9 0   908.1 0
 2026   1  1  1  1 38  1.633 101.61    -1.2 0    -0.3 0     0.0 0    -0.1 0   343.7 0   282.205 0   282.165 0   352.7 0   281.786 0   281.854 0     0.0 0     0.0 0     0.0 0    -9.0 0    -9.0 0     9.7 0    51.4 0     0.8 0   353.0 0   908.1 0
 2026   1  1  1  1 39  1.650 101.79    -1.3 0    -0.3 0     0.0 0    -0.1 0   343.5 0   282.206 0   282.170 0   352.8 0   281.796 0   281.849 0     0.0 0     0.0 0     0.0 0    -9.2 0    -9.2 0     9.7 0    51.8 0     0.8 0   342.9 0   908.1 0
 2026   1  1  1  1 40  1.667 101.98    -1.3 0    -0.2 0     0.0 0    -0.1 0   343.6 0   282.210 0   282.178 0   352.6 0   281.803 0   281.853 0     0.0 0     0.0 0     0.0 0    -9.1 0    -9.1 0     9.8 0    52.3 0     0.9 0   331.2 0   908.0 0
 2026   1  1  1  1 41  1.683 102.17    -1.3 0    -0.2 0     0.0 0    -0.1 0   343.1 0   282.217 0   282.186 0   352.7 0   281.809 0   281.860 0     0.0 0     0.0 0     0.0 0    -9.5 0    -9.5 0     9.8 0    51.5 0     0.7 0   337.2 0   908.1 0
 2026   1  1  1  1 42  1.700 102.36    -1.4 0    -0.2 0     0.0 0    -0.1 0   342.4 0   282.225 0   282.188 0   352.6 0   281.814 0   281.858 0     0.0 0     0.0 0     0.0 0   -10.2 0   -10.2 0     9.8 0    51.8 0     0.5 0   315.2 0   908.1 0
 2026   1  1  1  1 43  1.717 102.55    -1.4 0    -0.2 0     0.0 0    -0.1 0   341.4 0   282.229 0   282.165 0   352.5 0   281.818 0   281.858 0     0.0 0     0.0 0     0.0 0   -11.1 0   -11.1 0     9.8 0    52.5 0     1.0 0   294.0 0   908.1 0
 2026   1  1  1  1 44  1.733 102.74    -1.4 0    -0.2 0     0.0 0    -0.1 0   340.3 0   282.224 0   282.151 0   352.4 0   281.822 0   281.864 0     0.0 0     0.0 0     0.0 0   -12.1 0   -12.1 0     9.8 0    51.3 0     1.1 0   288.1 0   908.1 0
 2026   1  1  1  1 45  1.750 102.93    -1.4 0    -0.2 0     0.0 0    -0.1 0   339.4 0   282.215 0   282.144 0   352.1 0   281.825 0   281.863 0     0.0 0     0.0 0     0.0 0   -12.8 0   -12.8 0     9.8 0    55.8 0     1.6 0   287.1 0   908.1 0
 2026   1  1  1  1 46  1.767 103.12    -1.4 0    -0.1 0     0.0 0    -0.1 0   339.5 0   282.205 0   282.128 0   351.9 0   281.824 0   281.852 0     0.0 0     0.0 0     0.0 0   -12.4 0   -12.4 0     9.6 0    57.3 0     1.8 0   288.3 0   908.1 0
 2026   1  1  1  1 47  1.783 103.31    -1.4 0    -0.1 0     0.0 0    -0.1 0   340.0 0   282.194 0   282.136 0   351.7 0   281.817 0   281.841 0     0.0 0     0.0 0     0.0 0   -11.7 0   -11.7 0     9.5 0    58.2 0     1.9 0   291.5 0   908.1 0
 2026   1  1  1  1 48  1.800 103.50    -1.4 0     0.0 0     0.0 0    -0.1 0   340.4 0   282.190 0   282.129 0   351.5 0   281.807 0   281.827 0     0.0 0     0.0 0     0.0 0   -11.1 0   -11.1 0     9.3 0    58.7 0     1.9 0   292.5 0   908.1 0
 2026   1  1  1  1 49  1.817 103.69    -1.4 0     0.0 0     0.0 0    -0.1 0   340.9 0   282.185 0   282.118 0   351.4 0   281.794 0   281.812 0     0.0 0     0.0 0     0.0 0   -10.4 0   -10.4 0     9.2 0    58.3 0     2.0 0   292.5 0   908.0 0
 2026   1  1  1  1 50  1.833 103.88    -1.4 0     0.0 0     0.0 0    -0.1 0   341.3 0   282.179 0   282.107 0   351.4 0   281.779 0   281.800 0     0.0 0     0.0 0     0.0 0   -10.0 0   -10.0 0     9.1 0    55.4 0     2.0 0   291.8 0   908.0 0
 2026   1  1  1  1 51  1.850 104.06    -1.3 0     0.0 0     0.0 0    -0.1 0   341.6 0   282.170 0   282.097 0   351.3 0   281.765 0   281.787 0     0.0 0     0.0 0     0.0 0    -9.7 0    -9.7 0     9.0 0    55.9 0     1.9 0   292.0 0   908.0 0
 2026   1  1  1  1 52  1.867 104.26    -1.3 0    -0.1 0     0.0 0    -0.1 0   341.8 0   282.160 0   282.092 0   351.3 0   281.752 0   281.775 0     0.0 0     0.0 0     0.0 0    -9.5 0    -9.5 0     9.0 0    54.8 0     1.9 0   293.4 0   908.0 0
 2026   1  1  1  1 53  1.883 104.45    -1.3 0    -0.1 0     0.0 0    -0.1 0   342.1 0   282.152 0   282.087 0   351.3 0   281.740 0   281.763 0     0.0 0     0.0 0     0.0 0    -9.1 0    -9.1 0     9.0 0    55.3 0     1.9 0   294.9 0   908.1 0
 2026   1  1  1  1 54  1.900 104.64    -1.2 0    -0.1 0     0.0 0    -0.1 0   342.3 0   282.143 0   282.077 0   351.3 0   281.728 0   281.752 0     0.0 0     0.0 0     0.0 0    -8.9 0    -8.9 0     9.0 0    55.4 0     1.8 0   297.4 0   908.1 0
 2026   1  1  1  1 55  1.917 104.83    -1.2 0    -0.1 0     0.0 0    -0.1 0   342.4 0   282.133 0   282.071 0   351.2 0   281.716 0   281.741 0     0.0 0     0.0 0     0.0 0    -8.9 0    -8.9 0     9.0 0    56.4 0     1.7 0   297.6 0   908.1 0
 2026   1  1  1  1 56  1.933 105.02    -1.2 0    -0.1 0     0.0 0    -0.1 0   342.3 0   282.124 0   282.062 0   351.1 0   281.704 0   281.726 0     0.0 0     0.0 0     0.0 0    -8.8 0    -8.8 0     8.9 0    58.0 0     1.8 0   300.4 0   908.1 0
 2026   1  1  1  1 57  1.950 105.21    -1.2 0    -0.1 0     0.0 0    -0.1 0   342.5 0   282.114 0   282.047 0   351.1 0   281.690 0   281.712 0     0.0 0     0.0 0     0.0 0    -8.6 0    -8.6 0     8.9 0    57.7 0     1.9 0   302.6 0   908.1 0
 2026   1  1  1  1 58  1.967 105.40    -1.1 0    -0.1 0     0.0 0    -0.1 0   342.7 0   282.101 0   282.031 0   351.1 0   281.676 0   281.699 0     0.0 0     0.0 0     0.0 0    -8.4 0    -8.4 0     8.9 0    57.9 0     1.9 0   305.5 0   908.1 0
 2026   1  1  1  1 59  1.983 105.59    -1.1 0    -0.1 0     0.0 0    -0.1 0   342.8 0   282.087 0   282.023 0   351.0 0   281.662 0   281.686 0     0.0 0     0.0 0     0.0 0    -8.2 0    -8.2 0     8.8 0    58.0 0     2.1 0   307.3 0   908.1 0
 2026   1  1  1  2  0  2.000 105.78    -1.1 0    -0.1 0     0.0 0    -0.1 0   342.8 0   282.075 0   282.014 0   351.0 0   281.649 0   281.673 0     0.0 0     0.0 0     0.0 0    -8.2 0    -8.2 0     8.8 0    57.6 0     2.2 0   309.6 0   908.1 0
 2026   1  1  1  2  1  2.017 105.98    -1.1 0    -0.1 0     0.0 0    -0.1 0   342.8 0   282.065 0   282.003 0   351.0 0   281.635 0   281.661 0     0.0 0     0.0 0     0.0 0    -8.2 0    -8.2 0     8.8 0    58.5 0     2.1 0   316.4 0   908.1 0
 2026   1  1  1  2  2  2.033 106.17    -1.1 0    -0.1 0     0.0 0    -0.1 0   342.9 0   282.054 0   281.996 0   351.0 0   281.623 0   281.650 0     0.0 0     0.0 0     0.0 0    -8.1 0    -8.1 0     8.8 0    60.3 0     1.9 0   319.4 0   908.1 0
 2026   1  1  1  2  3  2.050 106.36    -1.0 0    -0.1 0     0.0 0    -0.1 0   343.3 0   282.045 0   281.987 0   351.0 0   281.611 0   281.636 0     0.0 0     0.0 0     0.0 0    -7.7 0    -7.7 0     8.8 0    62.8 0     1.8 0   319.0 0   908.1 0
 2026   1  1  1  2  4  2.067 106.55    -1.0 0    -0.1 0     0.0 0    -0.1 0   343.6 0   282.036 0   281.984 0   351.1 0   281.600 0   281.626 0     0.0 0     0.0 0     0.0 0    -7.4 0    -7.4 0     8.8 0    62.4 0     1.6 0   316.7 0   908.1 0
 2026   1  1  1  2  5  2.083 106.74    -1.1 0    -0.2 0     0.0 0    -0.1 0   344.1 0   282.030 0   281.983 0   351.1 0   281.590 0   281.617 0     0.0 0     0.0 0     0.0 0    -7.0 0    -7.0 0     8.8 0    62.0 0     1.4 0   317.2 0   908.1 0
 2026   1  1  1  2  6  2.100 106.94    -1.2 0    -0.2 0     0.0 0    -0.1 0   344.3 0   282.026 0   281.994 0   351.2 0   281.580 0   281.610 0     0.0 0     0.0 0     0.0 0    -6.9 0    -6.9 0     8.8 0    60.2 0     1.4 0   314.3 0   908.1 0
 2026   1  1  1  2  7  2.117 107.13    -1.2 0    -0.2 0     0.0 0    -0.1 0   344.4 0   282.028 0   281.996 0   351.3 0   281.572 0   281.602 0     0.0 0     0.0 0     0.0 0    -6.8 0    -6.8 0     8.9 0    60.6 0     1.6 0   312.5 0   908.1 0
 2026   1  1  1  2  8  2.133 107.32    -1.2 0    -0.2 0     0.0 0    -0.1 0   344.7 0   282.029 0   281.992 0   351.4 0   281.564 0   281.598 0     0.0 0     0.0 0     0.0 0    -6.7 0    -6.7 0     8.9 0    57.9 0     1.7 0   310.1 0   908.1 0
 2026   1  1  1  2  9  2.150 107.51    -1.2 0    -0.2 0     0.0 0    -0.1 0   344.8 0   282.030 0   282.002 0   351.5 0   281.558 0   281.596 0     0.0 0     0.0 0     0.0 0    -6.7 0    -6.7 0     8.9 0    55.6 0     1.9 0   311.5 0   908.1 0
 2026   1  1  1  2 10  2.167 107.71    -1.2 0    -0.3 0     0.0 0    -0.1 0   344.9 0   282.034 0   282.005 0   351.4 0   281.556 0   281.596 0     0.0 0     0.0 0     0.0 0    -6.5 0    -6.5 0     9.0 0    56.5 0     1.7 0   310.1 0   908.1 0
 2026   1  1  1  2 11  2.183 107.90    -1.2 0    -0.2 0     0.0 0    -0.1 0   344.9 0   282.040 0   282.012 0   351.4 0   281.554 0   281.590 0     0.0 0     0.0 0     0.0 0    -6.5 0    -6.5 0     9.0 0    58.8 0     1.3 0   316.7 0   908.1 0
 2026   1  1  1  2 12  2.200 108.09    -1.3 0    -0.2 0     0.0 0    -0.1 0   344.8 0   282.046 0   282.022 0   351.3 0   281.550 0   281.582 0     0.0 0     0.0 0     0.0 0    -6.5 0    -6.5 0     9.0 0    60.5 0     1.1 0   325.7 0   908.1 0
 2026   1  1  1  2 13  2.217 108.28    -1.3 0    -0.2 0     0.0 0    -0.1 0   344.8 0   282.053 0   282.027 0   351.5 0   281.544 0   281.579 0     0.0 0     0.0 0     0.0 0    -6.7 0    -6.7 0     9.0 0    58.8 0     1.3 0   330.0 0   908.1 0
 2026   1  1  1  2 14  2.233 108.48    -1.3 0    -0.2 0     0.0 0    -0.1 0   344.7 0   282.060 0   282.040 0   351.5 0   281.540 0   281.579 0     0.0 0     0.0 0     0.0 0    -6.7 0    -6.7 0     9.0 0    58.5 0     1.1 0   335.3 0   908.1 0
 2026   1  1  1  2 15  2.250 108.67    -1.3 0    -0.2 0     0.0 0    -0.1 0   344.4 0   282.069 0   282.055 0   351.4 0   281.537 0   281.574 0     0.0 0     0.0 0     0.0 0    -7.0 0    -7.0 0     9.0 0    59.0 0     0.8 0   346.6 0   908.1 0
 2026   1  1  1  2 16  2.267 108.87    -1.3 0    -0.2 0     0.0 0    -0.1 0   344.3 0   282.082 0   282.072 0   351.4 0   281.533 0   281.568 0     0.0 0     0.0 0     0.0 0    -7.2 0    -7.2 0     9.0 0    59.4 0     0.6 0   343.6 0   908.1 0
 2026   1  1  1  2 17  2.283 109.06    -1.3 0    -0.2 0     0.0 0    -0.1 0   344.1 0   282.097 0   282.086 0   351.3 0   281.528 0   281.563 0     0.0 0     0.0 0     0.0 0    -7.2 0    -7.2 0     9.0 0    59.8 0     0.0 0   332.3 0   908.1 0
 2026   1  1  1  2 18  2.300 109.25    -1.2 0    -0.2 0     0.0 0    -0.1 0   343.6 0   282.110 0   282.071 0   350.8 0   281.522 0   281.546 0     0.0 0     0.0 0     0.0 0    -7.2 0    -7.2 0     9.0 0    62.4 0     0.9 0   161.0 0   908.1 0
 2026   1  1  1  2 19  2.317 109.45    -1.1 0    -0.1 0     0.0 0    -0.2 0   342.9 0   282.111 0   282.030 0   350.6 0   281.508 0   281.526 0     0.0 0     0.0 0     0.0 0    -7.7 0    -7.7 0     8.9 0    64.6 0     1.2 0   177.9 0   908.1 0
 2026   1  1  1  2 20  2.333 109.64    -1.1 0    -0.1 0     0.0 0    -0.2 0   342.9 0   282.099 0   282.007 0   350.8 0   281.493 0   281.516 0     0.0 0     0.0 0     0.0 0    -8.0 0    -8.0 0     8.8 0    64.3 0     0.7 0   207.3 0   908.1 0
 2026   1  1  1  2 21  2.350 109.83    -1.0 0    -0.2 0     0.0 0    -0.2 0   343.0 0   282.081 0   281.974 0   350.9 0   281.482 0   281.509 0     0.0 0     0.0 0     0.0 0    -7.9 0    -7.9 0     8.7 0    63.4 0     0.7 0   235.4 0   908.2 0
 2026   1  1  1  2 22  2.367 110.03    -1.1 0    -0.2 0     0.0 0    -0.2 0   343.2 0   282.061 0   281.965 0   351.1 0   281.472 0   281.500 0     0.0 0     0.0 0     0.0 0    -7.9 0    -7.9 0     8.7 0    62.9 0     1.0 0   262.4 0   908.2 0
 2026   1  1  1  2 23  2.383 110.22    -1.1 0    -0.2 0     0.0 0    -0.1 0   343.5 0   282.045 0   281.963 0   351.3 0   281.465 0   281.507 0     0.0 0     0.0 0     0.0 0    -7.8 0    -7.8 0     8.8 0    58.8 0     1.2 0   282.3 0   908.2 0
 2026   1  1  1  2 24  2.400 110.42    -1.3 0    -0.3 0     0.0 0    -0.1 0   343.6 0   282.035 0   281.968 0   351.3 0   281.462 0   281.501 0     0.0 0     0.0 0     0.0 0    -7.7 0    -7.7 0     8.8 0    58.8 0     1.2 0   273.7 0   908.2 0
 2026   1  1  1  2 25  2.417 110.61    -1.4 0    -0.2 0     0.0 0    -0.1 0   343.8 0   282.032 0   281.993 0   351.3 0   281.460 0   281.498 0     0.0 0     0.0 0     0.0 0    -7.5 0    -7.5 0     8.9 0    58.9 0     1.5 0   262.6 0   908.2 0
 2026   1  1  1  2 26  2.433 110.81    -1.5 0    -0.2 0    -0.1 0    -0.1 0   343.7 0   282.042 0   282.009 0   351.2 0   281.458 0   281.497 0     0.0 0     0.0 0     0.0 0    -7.5 0    -7.5 0     9.0 0    58.6 0     1.6 0   244.6 0   908.2 0
 2026   1  1  1  2 27  2.450 111.00    -1.5 0    -0.2 0    -0.1 0    -0.1 0   343.8 0   282.055 0   282.012 0   351.2 0   281.457 0   281.496 0     0.0 0     0.0 0     0.0 0    -7.4 0    -7.4 0     9.0 0    58.3 0     1.7 0   255.1 0   908.2 0
 2026   1  1  1  2 28  2.467 111.20    -1.5 0    -0.1 0    -0.1 0    -0.1 0   343.9 0   282.065 0   282.029 0   351.1 0   281.455 0   281.494 0     0.0 0     0.0 0     0.0 0    -7.2 0    -7.2 0     9.0 0    58.5 0     1.0 0   255.2 0   908.2 0
 2026   1  1  1  2 29  2.483 111.39    -1.5 0    -0.1 0    -0.1 0    -0.1 0   344.2 0   282.073 0   282.034 0   351.3 0   281.452 0   281.490 0     0.0 0     0.0 0     0.0 0    -7.1 0    -7.1 0     9.0 0    57.2 0     0.0 0   252.8 0   908.2 0
 2026   1  1  1  2 30  2.500 111.59    -1.7 0    -0.1 0    -0.1 0    -0.1 0   344.4 0   282.082 0   282.047 0   351.4 0   281.449 0   281.489 0     0.0 0     0.0 0     0.0 0    -7.0 0    -7.0 0     9.1 0    56.1 0     0.0 0   210.6 0   908.2 0
 2026   1  1  1  2 31  2.517 111.78    -1.8 0    -0.1 0    -0.1 0    -0.1 0   344.5 0   282.096 0   282.088 0   351.5 0   281.447 0   281.490 0     0.0 0     0.0 0     0.0 0    -7.0 0    -7.0 0     9.1 0    54.5 0     0.5 0   228.4 0   908.2 0
 2026   1  1  1  2 32  2.533 111.98    -1.8 0    -0.1 0    -0.1 0    -0.1 0   344.4 0   282.119 0   282.128 0   351.5 0   281.446 0   281.486 0     0.0 0     0.0 0     0.0 0    -7.1 0    -7.1 0     9.1 0    55.5 0     0.3 0   206.8 0   908.2 0
 2026   1  1  1  2 33  2.550 112.17    -1.7 0    -0.1 0    -0.1 0    -0.1 0   344.1 0   282.146 0   282.154 0   351.4 0   281.444 0   281.482 0     0.0 0     0.0 0     0.0 0    -7.3 0    -7.3 0     9.1 0    56.4 0     0.0 0     0.0 0   908.2 0
 2026   1  1  1  2 34  2.567 112.37    -1.7 0     0.0 0     0.0 0    -0.1 0   344.1 0   282.171 0   282.180 0   351.4 0   281.440 0   281.478 0     0.0 0     0.0 0     0.0 0    -7.4 0    -7.4 0     9.2 0    56.3 0     0.0 0     0.0 0   908.2 0
 2026   1  1  1  2 35  2.583 112.56    -1.7 0     0.0 0     0.0 0    -0.1 0   344.3 0   282.194 0   282.205 0   351.5 0   281.436 0   281.474 0     0.0 0     0.0 0     0.0 0    -7.2 0    -7.2 0     9.2 0    55.8 0     0.0 0     0.0 0   908.2 0
 2026   1  1  1  2 36  2.600 112.76    -1.6 0     0.0 0     0.0 0    -0.1 0   344.8 0   282.217 0   282.224 0   351.5 0   281.432 0   281.471 0     0.0 0     0.0 0     0.0 0    -6.7 0    -6.7 0     9.2 0    55.9 0     0.0 0     0.0 0   908.2 0
 2026   1  1  1  2 37  2.617 112.96    -1.5 0    -0.1 0     0.0 0    -0.1 0   344.9 0   282.238 0   282.233 0   351.5 0   281.428 0   281.468 0     0.0 0     0.0 0     0.0 0    -6.7 0    -6.7 0     9.2 0    55.3 0     0.0 0     0.0 0   908.3 0
 2026   1  1  1  2 38  2.633 113.15    -1.4 0    -0.1 0     0.0 0    -0.1 0   344.0 0   282.252 0   282.220 0   351.5 0   281.425 0   281.465 0     0.0 0     0.0 0     0.0 0    -7.5 0    -7.5 0     9.2 0    55.2 0     0.5 0   147.8 0   908.3 0
 2026   1  1  1  2 39  2.650 113.35    -1.3 0    -0.1 0     0.0 0    -0.1 0   343.5 0   282.254 0   282.205 0   351.4 0   281.422 0   281.463 0     0.0 0     0.0 0     0.0 0    -7.9 0    -7.9 0     9.2 0    55.2 0     0.4 0   140.1 0   908.3 0
 2026   1  1  1  2 40  2.667 113.54    -1.2 0    -0.1 0     0.0 0    -0.1 0   343.4 0   282.249 0   282.189 0   351.3 0   281.419 0   281.459 0     0.0 0     0.0 0     0.0 0    -7.9 0    -7.9 0     9.2 0    56.3 0     0.3 0   103.4 0   908.3 0
 2026   1  1  1  2 41  2.683 113.74    -1.2 0    -0.1 0     0.0 0    -0.1 0   343.7 0   282.238 0   282.169 0   351.2 0   281.415 0   281.452 0     0.0 0     0.0 0     0.0 0    -7.6 0    -7.6 0     9.1 0    57.2 0     0.4 0    94.3 0   908.3 0
 2026   1  1  1  2 42  2.700 113.94    -1.2 0    -0.1 0     0.0 0    -0.1 0   344.0 0   282.224 0   282.161 0   351.3 0   281.411 0   281.447 0     0.0 0     0.0 0     0.0 0    -7.2 0    -7.2 0     9.1 0    57.8 0     0.6 0    95.6 0   908.3 0
 2026   1  1  1  2 43  2.717 114.13    -1.2 0    -0.1 0     0.0 0    -0.1 0   343.8 0   282.211 0   282.145 0   351.3 0   281.407 0   281.444 0     0.0 0     0.0 0     0.0 0    -7.5 0    -7.5 0     9.1 0    56.2 0     0.5 0   102.4 0   908.3 0
 2026   1  1  1  2 44  2.733 114.33    -1.2 0    -0.1 0     0.0 0    -0.1 0   343.0 0   282.199 0   282.141 0   351.2 0   281.404 0   281.443 0     0.0 0     0.0 0     0.0 0    -8.2 0    -8.2 0     9.1 0    57.2 0     0.3 0    80.5 0   908.3 0
 2026   1  1  1  2 45  2.750 114.53    -1.2 0    -0.1 0     0.0 0    -0.1 0   342.2 0   282.191 0   282.146 0   351.2 0   281.401 0   281.437 0     0.0 0     0.0 0     0.0 0    -8.9 0    -8.9 0     9.1 0    58.5 0     0.2 0    65.5 0   908.3 0
 2026   1  1  1  2 46  2.767 114.72    -1.2 0    -0.1 0     0.0 0    -0.1 0   341.8 0   282.192 0   282.151 0   351.1 0   281.397 0   281.432 0     0.0 0     0.0 0     0.0 0    -9.3 0    -9.3 0     9.1 0    58.8 0     0.3 0    61.8 0   908.3 0
 2026   1  1  1  2 47  2.783 114.92    -1.3 0    -0.1 0     0.0 0    -0.1 0   342.0 0   282.196 0   282.154 0   350.8 0   281.393 0   281.426 0     0.0 0     0.0 0     0.0 0    -8.8 0    -8.8 0     9.1 0    62.5 0     0.1 0    97.2 0   908.3 0
 2026   1  1  1  2 48  2.800 115.12    -1.2 0    -0.1 0     0.0 0    -0.1 0   342.0 0   282.201 0   282.136 0   350.8 0   281.386 0   281.415 0     0.0 0     0.0 0     0.0 0    -8.7 0    -8.7 0     9.0 0    63.4 0     0.8 0   155.6 0   908.3 0
 2026   1  1  1  2 49  2.817 115.31    -1.1 0    -0.1 0    -0.1 0    -0.2 0   341.8 0   282.193 0   282.090 0   350.8 0   281.379 0   281.410 0     0.0 0     0.0 0     0.0 0    -9.0 0    -9.0 0     9.0 0    64.5 0     0.9 0   165.1 0   908.3 0
 2026   1  1  1  2 50  2.833 115.51    -1.1 0    -0.1 0    -0.1 0    -0.2 0   341.6 0   282.172 0   282.045 0   350.6 0   281.372 0   281.402 0     0.0 0     0.0 0     0.0 0    -9.1 0    -9.1 0     8.9 0    64.7 0     0.9 0   168.7 0   908.3 0
 2026   1  1  1  2 51  2.850 115.71    -1.1 0    -0.1 0    -0.1 0    -0.2 0   341.5 0   282.143 0   282.013 0   350.6 0   281.363 0   281.392 0     0.0 0     0.0 0     0.0 0    -9.1 0    -9.1 0     8.9 0    64.1 0     0.6 0   180.6 0   908.3 0
 2026   1  1  1  2 52  2.867 115.91    -1.1 0    -0.1 0    -0.1 0    -0.2 0   341.6 0   282.114 0   281.969 0   350.7 0   281.355 0   281.386 0     0.0 0     0.0 0     0.0 0    -9.1 0    -9.1 0     8.9 0    62.5 0     1.0 0   209.3 0   908.3 0
 2026   1  1  1  2 53  2.883 116.10    -1.1 0     0.0 0    -0.1 0    -0.2 0   341.8 0   282.079 0   281.935 0   350.4 0   281.346 0   281.372 0     0.0 0     0.0 0     0.0 0    -8.7 0    -8.7 0     8.8 0    63.7 0     1.6 0   194.9 0   908.3 0
 2026   1  1  1  2 54  2.900 116.30    -1.1 0     0.0 0    -0.1 0    -0.1 0   341.8 0   282.046 0   281.891 0   350.2 0   281.333 0   281.356 0     0.0 0     0.0 0     0.0 0    -8.4 0    -8.4 0     8.7 0    59.5 0     3.2 0   174.4 0   908.3 0
 2026   1  1  1  2 55  2.917 116.50    -1.1 0     0.0 0    -0.2 0    -0.1 0   341.9 0   282.012 0   281.853 0   349.9 0   281.319 0   281.341 0     0.0 0     0.0 0     0.0 0    -8.0 0    -8.0 0     8.6 0    60.1 0     3.0 0   175.2 0   908.3 0
 2026   1  1  1  2 56  2.933 116.70    -1.2 0     0.0 0    -0.2 0    -0.1 0   342.1 0   281.983 0   281.827 0   349.9 0   281.304 0   281.330 0     0.0 0     0.0 0     0.0 0    -7.8 0    -7.8 0     8.6 0    58.6 0     3.3 0   169.1 0   908.3 0
 2026   1  1  1  2 57  2.950 116.89    -1.3 0     0.0 0    -0.2 0    -0.2 0   342.5 0   281.955 0   281.801 0   349.9 0   281.293 0   281.324 0     0.0 0     0.0 0     0.0 0    -7.3 0    -7.3 0     8.6 0    58.3 0     3.0 0   167.7 0   908.3 0
 2026   1  1  1  2 58  2.967 117.09    -1.4 0     0.0 0    -0.3 0    -0.2 0   342.9 0   281.931 0   281.778 0   349.6 0   281.283 0   281.306 0     0.0 0     0.0 0     0.0 0    -6.7 0    -6.7 0     8.6 0    61.0 0     2.3 0   205.9 0   908.3 0
 2026   1  1  1  2 59  2.983 117.29    -1.4 0     0.2 0    -0.3 0    -0.2 0   342.6 0   281.906 0   281.714 0   349.4 0   281.267 0   281.281 0     0.0 0     0.0 0     0.0 0    -6.8 0    -6.8 0     8.4 0    60.6 0     1.9 0   211.3 0   908.3 0
 2026   1  1  1  3  0  3.000 117.49    -1.3 0     0.2 0    -0.3 0    -0.3 0   342.4 0   281.874 0   281.637 0   349.1 0   281.247 0   281.258 0     0.0 0     0.0 0     0.0 0    -6.7 0    -6.7 0     8.3 0    61.7 0     1.1 0   206.9 0   908.3 0
 2026   1  1  1  3  1  3.017 117.68    -1.3 0     0.2 0    -0.4 0    -0.4 0   342.3 0   281.833 0   281.558 0   349.0 0   281.226 0   281.237 0     0.0 0     0.0 0     0.0 0    -6.6 0    -6.6 0     8.3 0    61.5 0     1.1 0   182.2 0   908.3 0
 2026   1  1  1  3  2  3.033 117.88    -1.2 0     0.2 0    -0.4 0    -0.4 0   342.2 0   281.787 0   281.488 0   348.8 0   281.203 0   281.210 0     0.0 0     0.0 0     0.0 0    -6.6 0    -6.6 0     8.2 0    62.6 0     1.3 0   193.9 0   908.3 0
 2026   1  1  1  3  3  3.050 118.08    -1.2 0     0.2 0    -0.5 0    -0.4 0   342.4 0   281.739 0   281.401 0   348.6 0   281.177 0   281.180 0     0.0 0     0.0 0     0.0 0    -6.2 0    -6.2 0     8.1 0    63.2 0     1.3 0   202.8 0   908.3 0
 2026   1  1  1  3  4  3.067 118.28    -1.2 0     0.2 0    -0.6 0    -0.4 0   342.8 0   281.684 0   281.286 0   348.5 0   281.147 0   281.146 0     0.0 0     0.0 0     0.0 0    -5.7 0    -5.7 0     8.1 0    62.0 0     1.9 0   187.1 0   908.3 0
 2026   1  1  1  3  5  3.083 118.48    -1.4 0     0.2 0    -0.7 0    -0.5 0   343.1 0   281.617 0   281.135 0   348.3 0   281.114 0   281.115 0     0.0 0     0.0 0     0.0 0    -5.2 0    -5.2 0     8.0 0    61.7 0     1.9 0   187.6 0   908.3 0
 2026   1  1  1  3  6  3.100 118.67    -1.5 0     0.2 0    -0.8 0    -0.4 0   343.4 0   281.541 0   281.016 0   348.4 0   281.082 0   281.090 0     0.0 0     0.0 0     0.0 0    -5.0 0    -5.0 0     8.0 0    60.1 0     1.7 0   197.7 0   908.3 0
 2026   1  1  1  3  7  3.117 118.87    -1.7 0     0.2 0    -0.8 0    -0.4 0   342.8 0   281.468 0   280.937 0   348.2 0   281.053 0   281.060 0     0.0 0     0.0 0     0.0 0    -5.4 0    -5.4 0     8.1 0    61.9 0     1.6 0   196.3 0   908.3 0
 2026   1  1  1  3  8  3.133 119.07    -1.8 0     0.3 0    -0.8 0    -0.4 0   341.8 0   281.400 0   280.882 0   348.1 0   281.021 0   281.027 0     0.0 0     0.0 0     0.0 0    -6.4 0    -6.4 0     8.0 0    62.9 0     1.3 0   205.5 0   908.3 0
 2026   1  1  1  3  9  3.150 119.27    -1.9 0     0.3 0    -0.8 0    -0.4 0   341.4 0   281.338 0   280.858 0   348.1 0   280.988 0   280.994 0     0.0 0     0.0 0     0.0 0    -6.7 0    -6.7 0     8.0 0    63.3 0     1.5 0   218.4 0   908.2 0
 2026   1  1  1  3 10  3.167 119.47    -2.1 0     0.3 0    -0.8 0    -0.3 0   341.3 0   281.282 0   280.840 0   348.1 0   280.955 0   280.962 0     0.0 0     0.0 0     0.0 0    -6.7 0    -6.7 0     8.0 0    62.8 0     1.8 0   220.1 0   908.2 0
 2026   1  1  1  3 11  3.183 119.67    -2.1 0     0.3 0    -0.8 0    -0.3 0   341.8 0   281.230 0   280.815 0   348.3 0   280.923 0   280.931 0     0.0 0     0.0 0     0.0 0    -6.5 0    -6.5 0     8.0 0    61.5 0     1.9 0   206.3 0   908.3 0
 2026   1  1  1  3 12  3.200 119.87    -2.0 0     0.2 0    -0.8 0    -0.3 0   342.3 0   281.179 0   280.780 0   348.7 0   280.897 0   280.922 0     0.0 0     0.0 0     0.0 0    -6.4 0    -6.4 0     8.1 0    56.5 0     1.6 0   184.3 0   908.3 0
 2026   1  1  1  3 13  3.217 120.06    -2.0 0     0.0 0    -0.8 0    -0.3 0   342.4 0   281.131 0   280.752 0   349.0 0   280.884 0   280.928 0     0.0 0     0.0 0     0.0 0    -6.6 0    -6.6 0     8.3 0    53.5 0     1.4 0   181.8 0   908.3 0
 2026   1  1  1  3 14  3.233 120.26    -2.1 0     0.1 0    -0.8 0    -0.3 0   342.4 0   281.091 0   280.735 0   348.5 0   280.873 0   280.901 0     0.0 0     0.0 0     0.0 0    -6.2 0    -6.2 0     8.4 0    58.1 0     1.7 0   217.0 0   908.3 0
 2026   1  1  1  3 15  3.250 120.46    -2.2 0     0.4 0    -0.8 0    -0.3 0   342.5 0   281.057 0   280.708 0   348.2 0   280.852 0   280.865 0     0.0 0     0.0 0     0.0 0    -5.7 0    -5.7 0     8.4 0    60.3 0     1.5 0   227.0 0   908.3 0
 2026   1  1  1  3 16  3.267 120.66    -2.4 0     0.5 0    -0.8 0    -0.3 0   342.8 0   281.029 0   280.690 0   348.0 0   280.825 0   280.837 0     0.0 0     0.0 0     0.0 0    -5.2 0    -5.2 0     8.2 0    62.3 0     1.4 0   219.0 0   908.3 0
 2026   1  1  1  3 17  3.283 120.86    -2.5 0     0.5 0    -0.8 0    -0.2 0   342.9 0   281.002 0   280.684 0   348.0 0   280.797 0   280.809 0     0.0 0     0.0 0     0.0 0    -5.1 0    -5.1 0     8.1 0    61.4 0     1.6 0   213.4 0   908.3 0
 2026   1  1  1  3 18  3.300 121.06    -2.5 0     0.5 0    -0.8 0    -0.2 0   342.9 0   280.976 0   280.680 0   348.2 0   280.770 0   280.789 0     0.0 0     0.0 0     0.0 0    -5.4 0    -5.4 0     8.1 0    60.2 0     1.4 0   207.9 0   908.4 0
 2026   1  1  1  3 19  3.317 121.26    -2.4 0     0.4 0    -0.8 0    -0.2 0   342.9 0   280.950 0   280.660 0   348.2 0   280.748 0   280.772 0     0.0 0     0.0 0     0.0 0    -5.3 0    -5.3 0     8.1 0    61.0 0     1.2 0   218.1 0   908.4 0
 2026   1  1  1  3 20  3.333 121.46    -2.5 0     0.3 0    -0.8 0    -0.2 0   342.6 0   280.923 0   280.623 0   348.2 0   280.727 0   280.751 0     0.0 0     0.0 0     0.0 0    -5.6 0    -5.6 0     8.1 0    61.4 0     0.8 0   186.0 0   908.3 0
 2026   1  1  1  3 21  3.350 121.66    -2.6 0     0.2 0    -0.8 0    -0.2 0   342.4 0   280.903 0   280.620 0   348.2 0   280.708 0   280.740 0     0.0 0     0.0 0     0.0 0    -5.8 0    -5.8 0     8.1 0    61.9 0     0.0 0   159.7 0   908.3 0
 2026   1  1  1  3 22  3.367 121.86    -2.6 0     0.2 0    -0.8 0    -0.2 0   342.5 0   280.889 0   280.601 0   348.2 0   280.692 0   280.727 0     0.0 0     0.0 0     0.0 0    -5.8 0    -5.8 0     8.1 0    61.8 0     0.0 0     0.0 0   908.3 0
 2026   1  1  1  3 23  3.383 122.06    -2.4 0     0.2 0    -0.8 0    -0.2 0   342.6 0   280.872 0   280.559 0   348.1 0   280.677 0   280.718 0     0.0 0     0.0 0     0.0 0    -5.5 0    -5.5 0     8.1 0    62.2 0     0.0 0     0.0 0   908.3 0
 2026   1  1  1  3 24  3.400 122.25    -2.3 0     0.1 0    -0.9 0    -0.2 0   342.7 0   280.849 0   280.492 0   348.1 0   280.663 0   280.699 0     0.0 0     0.0 0     0.0 0    -5.3 0    -5.3 0     8.1 0    63.0 0     0.0 0     0.0 0   908.3 0
 2026   1  1  1  3 25  3.417 122.45    -2.3 0     0.1 0    -0.9 0    -0.3 0   343.0 0   280.819 0   280.394 0   348.1 0   280.648 0   280.682 0     0.0 0     0.0 0     0.0 0    -5.1 0    -5.1 0     8.1 0    63.0 0     0.0 0     0.0 0   908.4 0
 2026   1  1  1  3 26  3.433 122.65    -2.5 0     0.1 0    -0.9 0    -0.3 0   343.4 0   280.791 0   280.335 0   348.3 0   280.632 0   280.670 0     0.0 0     0.0 0     0.0 0    -4.9 0    -4.9 0     8.1 0    62.3 0     0.0 0     0.0 0   908.4 0
 2026   1  1  1  3 27  3.450 122.85    -2.9 0     0.1 0    -0.9 0    -0.3 0   343.3 0   280.769 0   280.284 0   348.4 0   280.619 0   280.661 0     0.0 0     0.0 0     0.0 0    -5.1 0    -5.1 0     8.1 0    59.8 0     0.5 0   107.4 0   908.4 0
 2026   1  1  1  3 28  3.467 123.05    -2.8 0     0.1 0    -1.0 0    -0.3 0   343.7 0   280.752 0   280.247 0   348.5 0   280.606 0   280.651 0     0.0 0     0.0 0     0.0 0    -4.8 0    -4.8 0     8.1 0    59.7 0     0.0 0    92.8 0   908.3 0
 2026   1  1  1  3 29  3.483 123.25    -2.9 0     0.1 0    -1.1 0    -0.3 0   344.0 0   280.735 0   280.203 0   348.1 0   280.595 0   280.637 0     0.0 0     0.0 0     0.0 0    -4.1 0    -4.1 0     8.1 0    62.1 0     0.3 0    65.1 0   908.3 0
 2026   1  1  1  3 30  3.500 123.45    -2.8 0     0.2 0    -1.1 0    -0.2 0   343.4 0   280.725 0   280.216 0   347.7 0   280.577 0   280.597 0     0.0 0     0.0 0     0.0 0    -4.3 0    -4.3 0     8.1 0    64.3 0     1.4 0   104.3 0   908.2 0
 2026   1  1  1  3 31  3.517 123.65    -2.7 0     0.3 0    -1.2 0    -0.2 0   343.4 0   280.712 0   280.241 0   347.8 0   280.552 0   280.572 0     0.0 0     0.0 0     0.0 0    -4.4 0    -4.4 0     7.9 0    63.8 0     1.0 0    98.2 0   908.2 0
 2026   1  1  1  3 32  3.533 123.85    -2.5 0     0.2 0    -1.1 0    -0.2 0   343.4 0   280.688 0   280.246 0   348.2 0   280.531 0   280.566 0     0.0 0     0.0 0     0.0 0    -4.8 0    -4.8 0     7.9 0    59.8 0     1.0 0    95.5 0   908.1 0
 2026   1  1  1  3 33  3.550 124.05    -2.8 0     0.2 0    -1.0 0    -0.2 0   343.6 0   280.663 0   280.219 0   348.4 0   280.517 0   280.567 0     0.0 0     0.0 0     0.0 0    -4.8 0    -4.8 0     8.1 0    58.9 0     0.7 0    99.6 0   908.1 0
 2026   1  1  1  3 34  3.567 124.25    -3.1 0     0.2 0    -1.0 0    -0.1 0   343.6 0   280.656 0   280.232 0   348.3 0   280.509 0   280.564 0     0.0 0     0.0 0     0.0 0    -4.7 0    -4.7 0     8.1 0    58.8 0     0.8 0   140.4 0   908.1 0
 2026   1  1  1  3 35  3.583 124.45    -3.3 0     0.2 0    -1.0 0    -0.1 0   343.4 0   280.663 0   280.286 0   348.5 0   280.501 0   280.549 0     0.0 0     0.0 0     0.0 0    -5.0 0    -5.0 0     8.2 0    56.7 0     1.5 0   142.2 0   908.1 0
 2026   1  1  1  3 36  3.600 124.65    -3.3 0     0.2 0    -1.0 0    -0.1 0   343.6 0   280.666 0   280.300 0   348.4 0   280.495 0   280.547 0     0.0 0     0.0 0     0.0 0    -4.8 0    -4.8 0     8.3 0    56.8 0     1.4 0   152.6 0   908.1 0
 2026   1  1  1  3 37  3.617 124.85    -3.3 0     0.3 0    -1.0 0    -0.1 0   343.9 0   280.665 0   280.317 0   348.5 0   280.488 0   280.534 0     0.0 0     0.0 0     0.0 0    -4.5 0    -4.5 0     8.3 0    54.5 0     1.7 0   148.1 0   908.1 0
 2026   1  1  1  3 38  3.633 125.05    -3.3 0     0.3 0    -0.9 0    -0.2 0   344.1 0   280.666 0   280.340 0   348.6 0   280.485 0   280.529 0     0.0 0     0.0 0     0.0 0    -4.5 0    -4.5 0     8.4 0    54.1 0     1.8 0   147.5 0   908.2 0
 2026   1  1  1  3 39  3.650 125.25    -3.2 0     0.4 0    -0.9 0    -0.2 0   343.9 0   280.668 0   280.362 0   348.5 0   280.482 0   280.522 0     0.0 0     0.0 0     0.0 0    -4.6 0    -4.6 0     8.5 0    54.6 0     1.7 0   135.4 0   908.2 0
 2026   1  1  1  3 40  3.667 125.45    -3.1 0     0.4 0    -0.8 0    -0.1 0   343.8 0   280.669 0   280.380 0   348.4 0   280.477 0   280.518 0     0.0 0     0.0 0     0.0 0    -4.6 0    -4.6 0     8.5 0    55.5 0     1.5 0   132.8 0   908.2 0
 2026   1  1  1  3 41  3.683 125.65    -3.0 0     0.4 0    -0.8 0    -0.1 0   343.7 0   280.676 0   280.404 0   348.3 0   280.471 0   280.515 0     0.0 0     0.0 0     0.0 0    -4.5 0    -4.5 0     8.5 0    56.4 0     1.2 0   124.7 0   908.1 0
 2026   1  1  1  3 42  3.700 125.85    -2.9 0     0.5 0    -0.8 0    -0.2 0   343.6 0   280.685 0   280.425 0   347.8 0   280.463 0   280.492 0     0.0 0     0.0 0     0.0 0    -4.1 0    -4.1 0     8.4 0    62.8 0     1.1 0    64.5 0   908.1 0
 2026   1  1  1  3 43  3.717 126.05    -2.7 0     0.5 0    -0.8 0    -0.2 0   343.6 0   280.692 0   280.445 0   347.8 0   280.447 0   280.470 0     0.0 0     0.0 0     0.0 0    -4.2 0    -4.2 0     8.2 0    63.7 0     1.7 0    38.5 0   908.1 0
 2026   1  1  1  3 44  3.733 126.25    -2.7 0     0.4 0    -0.7 0    -0.2 0   343.3 0   280.698 0   280.459 0   347.8 0   280.432 0   280.465 0     0.0 0     0.0 0     0.0 0    -4.5 0    -4.5 0     8.1 0    62.0 0     1.5 0    42.3 0   908.1 0
 2026   1  1  1  3 45  3.750 126.45    -2.7 0     0.4 0    -0.7 0    -0.1 0   343.1 0   280.704 0   280.480 0   347.6 0   280.419 0   280.448 0     0.0 0     0.0 0     0.0 0    -4.5 0    -4.5 0     8.1 0    65.3 0     1.7 0    37.1 0   908.1 0
 2026   1  1  1  3 46  3.767 126.65    -2.6 0     0.4 0    -0.6 0    -0.1 0   343.1 0   280.706 0   280.499 0   347.6 0   280.405 0   280.432 0     0.0 0     0.0 0     0.0 0    -4.5 0    -4.5 0     8.0 0    67.1 0     1.5 0    28.0 0   908.1 0
 2026   1  1  1  3 47  3.783 126.85    -2.5 0     0.3 0    -0.5 0    -0.2 0   343.0 0   280.700 0   280.489 0   347.6 0   280.389 0   280.413 0     0.0 0     0.0 0     0.0 0    -4.6 0    -4.6 0     7.9 0    68.9 0     1.7 0    20.9 0   908.1 0
 2026   1  1  1  3 48  3.800 127.05    -2.4 0     0.3 0    -0.5 0    -0.2 0   342.8 0   280.689 0   280.483 0   347.3 0   280.370 0   280.387 0     0.0 0     0.0 0     0.0 0    -4.5 0    -4.5 0     7.8 0    70.8 0     2.4 0    20.2 0   908.1 0
 2026   1  1  1  3 49  3.817 127.25    -2.3 0     0.4 0    -0.4 0    -0.2 0   343.0 0   280.676 0   280.487 0   347.3 0   280.348 0   280.365 0     0.0 0     0.0 0     0.0 0    -4.3 0    -4.3 0     7.7 0    71.5 0     2.6 0    11.0 0   908.1 0
 2026   1  1  1  3 50  3.833 127.45    -2.2 0     0.3 0    -0.4 0    -0.2 0   343.1 0   280.663 0   280.480 0   347.2 0   280.324 0   280.342 0     0.0 0     0.0 0     0.0 0    -4.1 0    -4.1 0     7.6 0    74.2 0     2.3 0     7.0 0   908.1 0
 2026   1  1  1  3 51  3.850 127.65    -2.1 0     0.3 0    -0.4 0    -0.2 0   343.2 0   280.649 0   280.466 0   347.3 0   280.301 0   280.323 0     0.0 0     0.0 0     0.0 0    -4.1 0    -4.1 0     7.5 0    74.5 0     1.8 0     0.7 0   908.2 0
 2026   1  1  1  3 52  3.867 127.85    -2.1 0     0.2 0    -0.4 0    -0.1 0   343.2 0   280.633 0   280.454 0   347.4 0   280.280 0   280.310 0     0.0 0     0.0 0     0.0 0    -4.2 0    -4.2 0     7.5 0    73.5 0     1.3 0   359.9 0   908.2 0
 2026   1  1  1  3 53  3.883 128.05    -2.1 0     0.1 0    -0.3 0    -0.1 0   343.1 0   280.620 0   280.445 0   347.5 0   280.264 0   280.300 0     0.0 0     0.0 0     0.0 0    -4.4 0    -4.4 0     7.5 0    73.1 0     0.7 0     5.3 0   908.3 0
 2026   1  1  1  3 54  3.900 128.25    -2.1 0     0.0 0    -0.3 0    -0.1 0   343.0 0   280.610 0   280.427 0   347.6 0   280.250 0   280.288 0     0.0 0     0.0 0     0.0 0    -4.6 0    -4.6 0     7.5 0    73.2 0     0.6 0     3.9 0   908.3 0
 2026   1  1  1  3 55  3.917 128.45    -2.2 0     0.0 0    -0.3 0    -0.1 0   342.7 0   280.605 0   280.424 0   347.7 0   280.238 0   280.277 0     0.0 0     0.0 0     0.0 0    -5.0 0    -5.0 0     7.5 0    73.0 0     0.9 0   347.7 0   908.3 0
 2026   1  1  1  3 56  3.933 128.65    -2.2 0     0.0 0    -0.3 0    -0.1 0   342.4 0   280.599 0   280.405 0   347.6 0   280.226 0   280.262 0     0.0 0     0.0 0     0.0 0    -5.2 0    -5.2 0     7.5 0    73.8 0     1.0 0   348.5 0   908.3 0
 2026   1  1  1  3 57  3.950 128.86    -2.1 0     0.1 0    -0.3 0    -0.1 0   342.4 0   280.586 0   280.376 0   347.6 0   280.213 0   280.248 0     0.0 0     0.0 0     0.0 0    -5.2 0    -5.2 0     7.5 0    74.1 0     1.0 0   346.2 0   908.3 0
 2026   1  1  1  3 58  3.967 129.06    -2.0 0     0.1 0    -0.4 0    -0.2 0   342.3 0   280.568 0   280.344 0   347.6 0   280.201 0   280.235 0     0.0 0     0.0 0     0.0 0    -5.3 0    -5.3 0     7.5 0    74.7 0     1.1 0   352.1 0   908.3 0
 2026   1  1  1  3 59  3.983 129.26    -2.0 0     0.1 0    -0.4 0    -0.2 0   342.4 0   280.550 0   280.323 0   347.6 0   280.187 0   280.224 0     0.0 0     0.0 0     0.0 0    -5.2 0    -5.2 0     7.5 0    73.8 0     1.3 0     1.4 0   908.4 0
 2026   1  1  1  4  0  4.000 129.46    -2.0 0     0.1 0    -0.4 0    -0.2 0   342.6 0   280.536 0   280.289 0   347.7 0   280.174 0   280.212 0     0.0 0     0.0 0     0.0 0    -5.1 0    -5.1 0     7.5 0    73.0 0     1.3 0     5.3 0   908.4 0
 2026   1  1  1  4  1  4.017 129.66    -2.1 0     0.1 0    -0.4 0    -0.2 0   342.9 0   280.525 0   280.269 0   347.7 0   280.161 0   280.202 0     0.0 0     0.0 0     0.0 0    -4.8 0    -4.8 0     7.5 0    71.1 0     1.1 0   356.4 0   908.4 0
 2026   1  1  1  4  2  4.033 129.86    -2.2 0     0.1 0    -0.5 0    -0.1 0   343.0 0   280.520 0   280.260 0   347.7 0   280.150 0   280.192 0     0.0 0     0.0 0     0.0 0    -4.8 0    -4.8 0     7.6 0    70.6 0     0.7 0   337.5 0   908.3 0
 2026   1  1  1  4  3  4.050 130.06    -2.1 0     0.1 0    -0.5 0    -0.1 0   342.8 0   280.515 0   280.264 0   347.8 0   280.140 0   280.182 0     0.0 0     0.0 0     0.0 0    -5.0 0    -5.0 0     7.6 0    70.2 0     0.6 0   325.6 0   908.3 0
 2026   1  1  1  4  4  4.067 130.26    -2.1 0     0.1 0    -0.5 0    -0.1 0   342.6 0   280.510 0   280.265 0   347.7 0   280.131 0   280.172 0     0.0 0     0.0 0     0.0 0    -5.1 0    -5.1 0     7.6 0    71.7 0     0.6 0   336.8 0   908.3 0
 2026   1  1  1  4  5  4.083 130.46    -2.2 0     0.1 0    -0.4 0    -0.1 0   342.7 0   280.503 0   280.262 0   347.5 0   280.121 0   280.155 0     0.0 0     0.0 0     0.0 0    -4.8 0    -4.8 0     7.6 0    74.7 0     0.7 0   345.5 0   908.3 0
 2026   1  1  1  4  6  4.100 130.66    -2.2 0     0.2 0    -0.4 0    -0.1 0   342.8 0   280.495 0   280.252 0   347.6 0   280.109 0   280.141 0     0.0 0     0.0 0     0.0 0    -4.8 0    -4.8 0     7.6 0    74.9 0     1.2 0   351.4 0   908.3 0
 2026   1  1  1  4  7  4.117 130.86    -2.2 0     0.2 0    -0.4 0    -0.2 0   342.7 0   280.485 0   280.225 0   347.5 0   280.095 0   280.129 0     0.0 0     0.0 0     0.0 0    -4.9 0    -4.9 0     7.5 0    73.8 0     1.8 0   355.3 0   908.3 0
 2026   1  1  1  4  8  4.133 131.06    -2.1 0     0.2 0    -0.5 0    -0.1 0   342.7 0   280.474 0   280.221 0   347.4 0   280.081 0   280.115 0     0.0 0     0.0 0     0.0 0    -4.7 0    -4.7 0     7.5 0    75.8 0     1.8 0    14.2 0   908.3 0
 2026   1  1  1  4  9  4.150 131.26    -2.2 0     0.2 0    -0.5 0    -0.1 0   342.9 0   280.467 0   280.226 0   347.3 0   280.066 0   280.097 0     0.0 0     0.0 0     0.0 0    -4.4 0    -4.4 0     7.5 0    78.3 0     1.9 0    11.1 0   908.2 0
 2026   1  1  1  4 10  4.167 131.46    -2.2 0     0.2 0    -0.5 0    -0.1 0   343.0 0   280.460 0   280.209 0   347.4 0   280.050 0   280.087 0     0.0 0     0.0 0     0.0 0    -4.4 0    -4.4 0     7.4 0    77.1 0     2.0 0     7.5 0   908.3 0
 2026   1  1  1  4 11  4.183 131.66    -2.2 0     0.2 0    -0.5 0    -0.1 0   343.1 0   280.454 0   280.211 0   347.4 0   280.037 0   280.079 0     0.0 0     0.0 0     0.0 0    -4.3 0    -4.3 0     7.4 0    74.6 0     1.9 0     6.3 0   908.2 0
 2026   1  1  1  4 12  4.200 131.86    -2.2 0     0.1 0    -0.4 0    -0.1 0   343.1 0   280.451 0   280.211 0   347.4 0   280.026 0   280.070 0     0.0 0     0.0 0     0.0 0    -4.3 0    -4.3 0     7.5 0    74.6 0     1.8 0    14.9 0   908.2 0
 2026   1  1  1  4 13  4.217 132.06    -2.2 0     0.1 0    -0.5 0    -0.1 0   343.1 0   280.447 0   280.205 0   347.3 0   280.016 0   280.059 0     0.0 0     0.0 0     0.0 0    -4.3 0    -4.3 0     7.5 0    76.4 0     1.7 0     8.5 0   908.2 0
 2026   1  1  1  4 14  4.233 132.26    -2.2 0     0.2 0    -0.5 0    -0.1 0   343.1 0   280.442 0   280.185 0   347.3 0   280.005 0   280.045 0     0.0 0     0.0 0     0.0 0    -4.2 0    -4.2 0     7.5 0    77.6 0     2.2 0    10.2 0   908.2 0
 2026   1  1  1  4 15  4.250 132.47    -2.2 0     0.2 0    -0.5 0    -0.1 0   343.1 0   280.435 0   280.168 0   347.2 0   279.994 0   280.033 0     0.0 0     0.0 0     0.0 0    -4.1 0    -4.1 0     7.4 0    78.4 0     2.2 0    11.4 0   908.2 0
 2026   1  1  1  4 16  4.267 132.67    -2.2 0     0.2 0    -0.5 0    -0.1 0   343.3 0   280.429 0   280.157 0   347.3 0   279.982 0   280.023 0     0.0 0     0.0 0     0.0 0    -4.0 0    -4.0 0     7.4 0    78.1 0     2.5 0    10.3 0   908.2 0
 2026   1  1  1  4 17  4.283 132.87    -2.3 0     0.2 0    -0.6 0    -0.1 0   343.3 0   280.424 0   280.151 0   347.2 0   279.971 0   280.014 0     0.0 0     0.0 0     0.0 0    -3.9 0    -3.9 0     7.4 0    77.9 0     2.2 0     8.1 0   908.2 0
 2026   1  1  1  4 18  4.300 133.07    -2.2 0     0.2 0    -0.6 0    -0.1 0   343.3 0   280.417 0   280.132 0   347.2 0   279.960 0   280.003 0     0.0 0     0.0 0     0.0 0    -3.9 0    -3.9 0     7.4 0    78.6 0     1.7 0    11.0 0   908.2 0
 2026   1  1  1  4 19  4.317 133.27    -2.3 0     0.2 0    -0.6 0    -0.1 0   343.1 0   280.410 0   280.122 0   347.3 0   279.950 0   279.996 0     0.0 0     0.0 0     0.0 0    -4.2 0    -4.2 0     7.4 0    76.4 0     2.0 0     4.5 0   908.2 0
 2026   1  1  1  4 20  4.333 133.47    -2.3 0     0.1 0    -0.6 0    -0.1 0   342.8 0   280.403 0   280.107 0   347.3 0   279.942 0   279.994 0     0.0 0     0.0 0     0.0 0    -4.4 0    -4.4 0     7.4 0    73.5 0     1.9 0    14.5 0   908.2 0
 2026   1  1  1  4 21  4.350 133.67    -2.3 0     0.1 0    -0.6 0    -0.1 0   342.9 0   280.398 0   280.122 0   347.2 0   279.935 0   279.979 0     0.0 0     0.0 0     0.0 0    -4.3 0    -4.3 0     7.5 0    76.7 0     1.5 0    23.8 0   908.2 0
 2026   1  1  1  4 22  4.367 133.87    -2.3 0     0.2 0    -0.7 0    -0.1 0   343.0 0   280.395 0   280.104 0   347.2 0   279.927 0   279.971 0     0.0 0     0.0 0     0.0 0    -4.2 0    -4.2 0     7.5 0    76.4 0     1.7 0    18.3 0   908.2 0
 2026   1  1  1  4 23  4.383 134.07    -2.3 0     0.2 0    -0.7 0    -0.1 0   343.1 0   280.391 0   280.097 0   347.3 0   279.918 0   279.967 0     0.0 0     0.0 0     0.0 0    -4.2 0    -4.2 0     7.5 0    74.3 0     1.9 0    20.8 0   908.2 0
 2026   1  1  1  4 24  4.400 134.27    -2.4 0     0.2 0    -0.7 0    -0.1 0   343.3 0   280.391 0   280.115 0   347.3 0   279.911 0   279.965 0     0.0 0     0.0 0     0.0 0    -4.0 0    -4.0 0     7.5 0    72.4 0     1.8 0    21.6 0   908.2 0
 2026   1  1  1  4 25  4.417 134.47    -2.4 0     0.1 0    -0.7 0    -0.1 0   343.6 0   280.389 0   280.109 0   347.2 0   279.906 0   279.961 0     0.0 0     0.0 0     0.0 0    -3.6 0    -3.6 0     7.6 0    71.8 0     1.8 0    26.6 0   908.2 0
 2026   1  1  1  4 26  4.433 134.67    -2.4 0     0.2 0    -0.7 0    -0.1 0   343.5 0   280.387 0   280.103 0   347.1 0   279.900 0   279.942 0     0.0 0     0.0 0     0.0 0    -3.5 0    -3.5 0     7.6 0    73.8 0     2.5 0    37.2 0   908.2 0
 2026   1  1  1  4 27  4.450 134.87    -2.4 0     0.3 0    -0.8 0    -0.1 0   343.3 0   280.388 0   280.119 0   347.0 0   279.892 0   279.933 0     0.0 0     0.0 0     0.0 0    -3.8 0    -3.8 0     7.5 0    75.4 0     2.7 0    30.4 0   908.2 0
 2026   1  1  1  4 28  4.467 135.07    -2.4 0     0.3 0    -0.8 0    -0.1 0   343.3 0   280.389 0   280.133 0   347.0 0   279.884 0   279.928 0     0.0 0     0.0 0     0.0 0    -3.7 0    -3.7 0     7.5 0    76.0 0     2.5 0    26.5 0   908.2 0
 2026   1  1  1  4 29  4.483 135.27    -2.4 0     0.2 0    -0.8 0    -0.1 0   343.3 0   280.388 0   280.141 0   347.0 0   279.878 0   279.927 0     0.0 0     0.0 0     0.0 0    -3.7 0    -3.7 0     7.4 0    75.3 0     2.8 0    19.0 0   908.2 0
 2026   1  1  1  4 30  4.500 135.47    -2.4 0     0.2 0    -0.8 0    -0.1 0   343.3 0   280.383 0   280.126 0   346.9 0   279.873 0   279.930 0     0.0 0     0.0 0     0.0 0    -3.6 0    -3.6 0     7.4 0    74.6 0     2.8 0    19.7 0   908.2 0
 2026   1  1  1  4 31  4.517 135.67    -2.4 0     0.1 0    -0.8 0    -0.1 0   343.6 0   280.377 0   280.104 0   347.0 0   279.871 0   279.933 0     0.0 0     0.0 0     0.0 0    -3.4 0    -3.4 0     7.5 0    71.9 0     2.8 0     9.5 0   908.2 0
 2026   1  1  1  4 32  4.533 135.87    -2.4 0     0.0 0    -0.8 0    -0.1 0   343.8 0   280.368 0   280.081 0   347.2 0   279.874 0   279.954 0     0.0 0     0.0 0     0.0 0    -3.4 0    -3.4 0     7.6 0    67.5 0     2.4 0    20.3 0   908.2 0
 2026   1  1  1  4 33  4.550 136.07    -2.5 0     0.0 0    -0.8 0    -0.1 0   344.0 0   280.363 0   280.062 0   347.3 0   279.882 0   279.952 0     0.0 0     0.0 0     0.0 0    -3.3 0    -3.3 0     7.7 0    65.4 0     2.1 0    39.1 0   908.2 0
 2026   1  1  1  4 34  4.567 136.27    -2.6 0     0.0 0    -0.9 0    -0.2 0   343.6 0   280.366 0   280.050 0   347.1 0   279.891 0   279.961 0     0.0 0     0.0 0     0.0 0    -3.5 0    -3.5 0     7.9 0    65.1 0     2.1 0    28.6 0   908.2 0
 2026   1  1  1  4 35  4.583 136.47    -2.6 0     0.1 0    -1.0 0    -0.2 0   343.4 0   280.374 0   280.065 0   347.0 0   279.897 0   279.961 0     0.0 0     0.0 0     0.0 0    -3.6 0    -3.6 0     7.9 0    65.8 0     2.1 0    16.3 0   908.2 0
 2026   1  1  1  4 36  4.600 136.67    -2.6 0     0.2 0    -0.9 0    -0.2 0   343.4 0   280.378 0   280.078 0   346.8 0   279.900 0   279.957 0     0.0 0     0.0 0     0.0 0    -3.4 0    -3.4 0     7.8 0    68.4 0     2.0 0    22.1 0   908.2 0
 2026   1  1  1  4 37  4.617 136.87    -2.6 0     0.3 0    -0.9 0    -0.2 0   343.3 0   280.378 0   280.077 0   346.8 0   279.897 0   279.939 0     0.0 0     0.0 0     0.0 0    -3.4 0    -3.4 0     7.7 0    70.3 0     1.7 0    41.4 0   908.2 0
 2026   1  1  1  4 38  4.633 137.07    -2.6 0     0.3 0    -0.9 0    -0.2 0   343.5 0   280.378 0   280.078 0   346.9 0   279.891 0   279.934 0     0.0 0     0.0 0     0.0 0    -3.4 0    -3.4 0     7.7 0    69.3 0     1.3 0    42.7 0   908.2 0
 2026   1  1  1  4 39  4.650 137.27    -2.6 0     0.3 0    -0.8 0    -0.2 0   343.8 0   280.377 0   280.077 0   347.2 0   279.888 0   279.941 0     0.0 0     0.0 0     0.0 0    -3.3 0    -3.3 0     7.7 0    66.9 0     1.3 0    45.3 0   908.2 0
 2026   1  1  1  4 40  4.667 137.47    -2.6 0     0.2 0    -0.9 0    -0.2 0   344.0 0   280.380 0   280.072 0   347.6 0   279.890 0   279.964 0     0.0 0     0.0 0     0.0 0    -3.6 0    -3.6 0     7.8 0    62.6 0     1.6 0    54.4 0   908.2 0
 2026   1  1  1  4 41  4.683 137.67    -2.7 0     0.1 0    -0.9 0    -0.1 0   344.2 0   280.389 0   280.069 0   347.6 0   279.900 0   279.962 0     0.0 0     0.0 0     0.0 0    -3.4 0    -3.4 0     8.0 0    61.8 0     1.5 0    62.8 0   908.2 0
 2026   1  1  1  4 42  4.700 137.87    -2.8 0     0.1 0    -0.9 0    -0.1 0   344.5 0   280.401 0   280.072 0   347.7 0   279.912 0   279.992 0     0.0 0     0.0 0     0.0 0    -3.2 0    -3.2 0     8.1 0    60.8 0     0.9 0    82.6 0   908.2 0
 2026   1  1  1  4 43  4.717 138.07    -3.0 0     0.2 0    -0.9 0    -0.1 0   344.5 0   280.423 0   280.078 0   347.7 0   279.925 0   280.003 0     0.0 0     0.0 0     0.0 0    -3.2 0    -3.2 0     8.1 0    60.8 0     0.7 0    69.4 0   908.2 0
 2026   1  1  1  4 44  4.733 138.27    -3.1 0     0.3 0    -1.0 0    -0.1 0   344.3 0   280.456 0   280.113 0   347.8 0   279.933 0   280.002 0     0.0 0     0.0 0     0.0 0    -3.5 0    -3.5 0     8.2 0    60.0 0     1.0 0    54.9 0   908.2 0
 2026   1  1  1  4 45  4.750 138.47    -3.3 0     0.3 0    -1.1 0    -0.2 0   344.2 0   280.489 0   280.159 0   347.8 0   279.939 0   280.000 0     0.0 0     0.0 0     0.0 0    -3.6 0    -3.6 0     8.2 0    60.3 0     1.2 0    69.3 0   908.2 0
 2026   1  1  1  4 46  4.767 138.67    -3.5 0     0.4 0    -1.1 0    -0.2 0   343.9 0   280.519 0   280.192 0   347.7 0   279.945 0   280.008 0     0.0 0     0.0 0     0.0 0    -3.7 0    -3.7 0     8.2 0    61.1 0     1.0 0    75.5 0   908.2 0
 2026   1  1  1  4 47  4.783 138.87    -3.5 0     0.4 0    -1.0 0    -0.2 0   343.7 0   280.545 0   280.220 0   347.7 0   279.951 0   280.007 0     0.0 0     0.0 0     0.0 0    -4.0 0    -4.0 0     8.2 0    61.3 0     1.3 0    81.2 0   908.1 0
 2026   1  1  1  4 48  4.800 139.07    -3.5 0     0.3 0    -1.0 0    -0.2 0   343.1 0   280.569 0   280.255 0   347.5 0   279.956 0   280.009 0     0.0 0     0.0 0     0.0 0    -4.4 0    -4.4 0     8.2 0    61.8 0     1.5 0    72.6 0   908.1 0
 2026   1  1  1  4 49  4.817 139.27    -3.4 0     0.3 0    -0.9 0    -0.2 0   342.3 0   280.586 0   280.269 0   347.5 0   279.960 0   280.012 0     0.0 0     0.0 0     0.0 0    -5.2 0    -5.2 0     8.1 0    62.7 0     1.4 0    80.0 0   908.1 0
 2026   1  1  1  4 50  4.833 139.47    -3.2 0     0.3 0    -0.9 0    -0.2 0   341.6 0   280.597 0   280.287 0   347.3 0   279.964 0   280.014 0     0.0 0     0.0 0     0.0 0    -5.7 0    -5.7 0     8.1 0    64.1 0     1.5 0    80.5 0   908.1 0
 2026   1  1  1  4 51  4.850 139.66    -3.0 0     0.3 0    -0.9 0    -0.2 0   341.1 0   280.604 0   280.313 0   347.2 0   279.966 0   280.017 0     0.0 0     0.0 0     0.0 0    -6.2 0    -6.2 0     8.0 0    65.3 0     1.4 0    81.4 0   908.1 0
 2026   1  1  1  4 52  4.867 139.86    -2.8 0     0.3 0    -0.8 0    -0.2 0   340.5 0   280.606 0   280.329 0   346.9 0   279.967 0   280.013 0     0.0 0     0.0 0     0.0 0    -6.4 0    -6.4 0     7.9 0    69.3 0     1.0 0    88.5 0   908.1 0
 2026   1  1  1  4 53  4.883 140.06    -2.6 0     0.3 0    -0.7 0    -0.2 0   339.9 0   280.600 0   280.321 0   347.0 0   279.962 0   280.003 0     0.0 0     0.0 0     0.0 0    -7.1 0    -7.1 0     7.8 0    68.6 0     1.6 0    83.1 0   908.1 0
 2026   1  1  1  4 54  4.900 140.26    -2.5 0     0.2 0    -0.8 0    -0.2 0   340.2 0   280.591 0   280.290 0   347.3 0   279.958 0   280.020 0     0.0 0     0.0 0     0.0 0    -7.1 0    -7.1 0     7.8 0    61.7 0     2.1 0    90.3 0   908.1 0
 2026   1  1  1  4 55  4.917 140.46    -2.6 0     0.2 0    -0.9 0    -0.2 0   340.6 0   280.580 0   280.251 0   347.4 0   279.962 0   280.026 0     0.0 0     0.0 0     0.0 0    -6.8 0    -6.8 0     8.0 0    58.1 0     1.6 0    87.2 0   908.0 0
 2026   1  1  1  4 56  4.933 140.66    -2.8 0     0.2 0    -1.0 0    -0.2 0   340.7 0   280.571 0   280.245 0   347.3 0   279.969 0   280.027 0     0.0 0     0.0 0     0.0 0    -6.6 0    -6.6 0     8.0 0    58.0 0     1.6 0    79.5 0   908.1 0
 2026   1  1  1  4 57  4.950 140.86    -2.9 0     0.2 0    -1.1 0    -0.2 0   340.6 0   280.568 0   280.236 0   347.3 0   279.975 0   280.026 0     0.0 0     0.0 0     0.0 0    -6.6 0    -6.6 0     8.1 0    58.4 0     1.2 0    94.9 0   908.1 0
 2026   1  1  1  4 58  4.967 141.05    -3.0 0     0.2 0    -1.1 0    -0.2 0   340.7 0   280.565 0   280.239 0   347.2 0   279.981 0   280.044 0     0.0 0     0.0 0     0.0 0    -6.5 0    -6.5 0     8.1 0    60.2 0     2.0 0    99.9 0   908.1 0
 2026   1  1  1  4 59  4.983 141.25    -3.1 0     0.2 0    -1.0 0    -0.2 0   341.1 0   280.562 0   280.246 0   347.1 0   279.987 0   280.047 0     0.0 0     0.0 0     0.0 0    -6.0 0    -6.0 0     8.1 0    60.0 0     1.6 0   112.8 0   908.1 0
 2026   1  1  1  5  0  5.000 141.45    -3.0 0     0.2 0    -0.9 0    -0.2 0   341.5 0   280.562 0   280.272 0   347.3 0   279.992 0   280.052 0     0.0 0     0.0 0     0.0 0    -5.8 0    -5.8 0     8.1 0    58.6 0     1.5 0   114.0 0   908.1 0
 2026   1  1  1  5  1  5.017 141.65    -3.1 0     0.3 0    -0.8 0    -0.2 0   341.7 0   280.561 0   280.263 0   347.2 0   279.997 0   280.053 0     0.0 0     0.0 0     0.0 0    -5.5 0    -5.5 0     8.1 0    59.3 0     1.8 0   113.9 0   908.1 0
 2026   1  1  1  5  2  5.033 141.85    -2.9 0     0.3 0    -0.8 0    -0.2 0   341.7 0   280.553 0   280.236 0   347.2 0   280.000 0   280.057 0     0.0 0     0.0 0     0.0 0    -5.5 0    -5.5 0     8.1 0    59.0 0     1.4 0   108.2 0   908.1 0
 2026   1  1  1  5  3  5.050 142.05    -2.8 0     0.3 0    -0.8 0    -0.2 0   341.5 0   280.542 0   280.232 0   347.2 0   280.002 0   280.056 0     0.0 0     0.0 0     0.0 0    -5.7 0    -5.7 0     8.1 0    58.8 0     0.9 0   102.5 0   908.1 0
 2026   1  1  1  5  4  5.067 142.24    -2.8 0     0.3 0    -0.7 0    -0.2 0   341.0 0   280.532 0   280.242 0   347.2 0   280.003 0   280.053 0     0.0 0     0.0 0     0.0 0    -6.2 0    -6.2 0     8.1 0    59.0 0     1.5 0    99.1 0   908.1 0
 2026   1  1  1  5  5  5.083 142.44    -3.0 0     0.3 0    -0.7 0    -0.2 0   341.3 0   280.524 0   280.234 0   347.1 0   280.005 0   280.060 0     0.0 0     0.0 0     0.0 0    -5.9 0    -5.9 0     8.1 0    59.3 0     1.5 0    77.9 0   908.0 0
 2026   1  1  1  5  6  5.100 142.64    -2.9 0     0.3 0    -0.7 0    -0.2 0   342.1 0   280.513 0   280.210 0   347.0 0   280.008 0   280.063 0     0.0 0     0.0 0     0.0 0    -4.9 0    -4.9 0     8.1 0    60.7 0     0.9 0    84.8 0   908.0 0
 2026   1  1  1  5  7  5.117 142.84    -3.0 0     0.4 0    -0.7 0    -0.3 0   342.7 0   280.500 0   280.142 0   346.9 0   280.009 0   280.061 0     0.0 0     0.0 0     0.0 0    -4.2 0    -4.2 0     8.1 0    61.7 0     0.9 0   107.0 0   908.0 0
 2026   1  1  1  5  8  5.133 143.03    -3.1 0     0.4 0    -0.8 0    -0.3 0   342.9 0   280.482 0   280.060 0   346.9 0   280.006 0   280.048 0     0.0 0     0.0 0     0.0 0    -4.0 0    -4.0 0     8.0 0    62.6 0     1.0 0   104.0 0   908.1 0
 2026   1  1  1  5  9  5.150 143.23    -3.2 0     0.4 0    -0.9 0    -0.3 0   343.1 0   280.462 0   280.016 0   346.9 0   280.001 0   280.049 0     0.0 0     0.0 0     0.0 0    -3.9 0    -3.9 0     8.0 0    62.2 0     1.4 0   104.2 0   908.1 0
 2026   1  1  1  5 10  5.167 143.43    -3.3 0     0.3 0    -0.9 0    -0.3 0   343.1 0   280.443 0   279.992 0   346.9 0   279.998 0   280.046 0     0.0 0     0.0 0     0.0 0    -3.8 0    -3.8 0     8.0 0    61.8 0     1.7 0   102.3 0   908.1 0
 2026   1  1  1  5 11  5.183 143.63    -3.2 0     0.4 0    -0.9 0    -0.2 0   343.4 0   280.423 0   279.976 0   346.9 0   279.996 0   280.045 0     0.0 0     0.0 0     0.0 0    -3.5 0    -3.5 0     8.0 0    62.3 0     1.1 0    87.1 0   908.0 0
 2026   1  1  1  5 12  5.200 143.82    -3.1 0     0.4 0    -0.9 0    -0.2 0   343.2 0   280.412 0   279.976 0   346.8 0   279.993 0   280.041 0     0.0 0     0.0 0     0.0 0    -3.6 0    -3.6 0     7.9 0    63.3 0     1.1 0    93.4 0   908.0 0
 2026   1  1  1  5 13  5.217 144.02    -3.0 0     0.4 0    -0.9 0    -0.2 0   343.2 0   280.404 0   279.989 0   346.8 0   279.988 0   280.037 0     0.0 0     0.0 0     0.0 0    -3.6 0    -3.6 0     7.9 0    63.0 0     1.4 0    93.1 0   908.0 0
 2026   1  1  1  5 14  5.233 144.22    -2.9 0     0.4 0    -0.9 0    -0.2 0   343.5 0   280.393 0   279.943 0   346.8 0   279.982 0   280.026 0     0.0 0     0.0 0     0.0 0    -3.2 0    -3.2 0     7.9 0    64.7 0     0.8 0    67.8 0   907.9 0
 2026   1  1  1  5 15  5.250 144.41    -2.8 0     0.4 0    -1.0 0    -0.2 0   343.4 0   280.377 0   279.912 0   346.8 0   279.976 0   280.024 0     0.0 0     0.0 0     0.0 0    -3.4 0    -3.4 0     7.9 0    64.9 0     1.4 0    92.1 0   908.0 0
 2026   1  1  1  5 16  5.267 144.61    -2.8 0     0.4 0    -1.0 0    -0.2 0   343.1 0   280.355 0   279.900 0   346.8 0   279.970 0   280.017 0     0.0 0     0.0 0     0.0 0    -3.7 0    -3.7 0     7.8 0    63.5 0     1.6 0    94.7 0   908.0 0
 2026   1  1  1  5 17  5.283 144.81    -2.8 0     0.4 0    -0.9 0    -0.2 0   343.0 0   280.333 0   279.896 0   346.7 0   279.964 0   280.009 0     0.0 0     0.0 0     0.0 0    -3.7 0    -3.7 0     7.8 0    64.1 0     1.1 0    79.6 0   908.0 0
 2026   1  1  1  5 18  5.300 145.00    -2.8 0     0.4 0    -0.9 0    -0.2 0   342.9 0   280.312 0   279.868 0   346.6 0   279.956 0   279.991 0     0.0 0     0.0 0     0.0 0    -3.6 0    -3.6 0     7.8 0    65.4 0     1.5 0    51.5 0   908.0 0
 2026   1  1  1  5 19  5.317 145.20    -2.7 0     0.4 0    -1.0 0    -0.2 0   343.4 0   280.299 0   279.881 0   346.6 0   279.947 0   279.989 0     0.0 0     0.0 0     0.0 0    -3.2 0    -3.2 0     7.8 0    65.7 0     0.7 0    25.1 0   907.9 0
 2026   1  1  1  5 20  5.333 145.39    -2.8 0     0.4 0    -1.0 0    -0.2 0   343.5 0   280.291 0   279.865 0   346.8 0   279.940 0   279.991 0     0.0 0     0.0 0     0.0 0    -3.2 0    -3.2 0     7.8 0    65.7 0     0.0 0     0.0 0   907.9 0
 2026   1  1  1  5 21  5.350 145.59    -2.8 0     0.3 0    -0.9 0    -0.2 0   343.2 0   280.275 0   279.851 0   346.9 0   279.936 0   279.996 0     0.0 0     0.0 0     0.0 0    -3.6 0    -3.6 0     7.8 0    64.9 0     1.4 0   130.1 0   908.0 0
 2026   1  1  1  5 22  5.367 145.78    -2.9 0     0.2 0    -0.8 0    -0.1 0   343.1 0   280.265 0   279.880 0   346.8 0   279.937 0   280.000 0     0.0 0     0.0 0     0.0 0    -3.6 0    -3.6 0     7.8 0    64.7 0     1.1 0   125.8 0   908.0 0
 2026   1  1  1  5 23  5.383 145.98    -2.7 0     0.3 0    -0.8 0    -0.2 0   343.2 0   280.254 0   279.863 0   346.4 0   279.935 0   279.988 0     0.0 0     0.0 0     0.0 0    -3.2 0    -3.2 0     7.8 0    66.7 0     0.4 0    65.5 0   908.0 0
 2026   1  1  1  5 24  5.400 146.17    -2.6 0     0.4 0    -0.8 0    -0.2 0   343.2 0   280.246 0   279.837 0   346.9 0   279.930 0   279.995 0     0.0 0     0.0 0     0.0 0    -3.7 0    -3.7 0     7.8 0    65.8 0     1.2 0   359.2 0   908.0 0
 2026   1  1  1  5 25  5.417 146.37    -2.6 0     0.3 0    -1.0 0    -0.2 0   343.0 0   280.240 0   279.862 0   346.5 0   279.931 0   279.991 0     0.0 0     0.0 0     0.0 0    -3.5 0    -3.5 0     7.9 0    65.6 0     1.1 0   356.9 0   908.0 0
 2026   1  1  1  5 26  5.433 146.56    -2.4 0     0.4 0    -0.9 0    -0.2 0   343.1 0   280.226 0   279.839 0   346.5 0   279.928 0   279.976 0     0.0 0     0.0 0     0.0 0    -3.4 0    -3.4 0     7.8 0    66.5 0     1.1 0   323.0 0   908.0 0
 2026   1  1  1  5 27  5.450 146.76    -2.4 0     0.4 0    -1.0 0    -0.2 0   343.0 0   280.207 0   279.818 0   346.4 0   279.920 0   279.963 0     0.0 0     0.0 0     0.0 0    -3.4 0    -3.4 0     7.8 0    67.7 0     0.3 0   309.7 0   908.1 0
 2026   1  1  1  5 28  5.467 146.95    -2.4 0     0.4 0    -0.9 0    -0.1 0   342.8 0   280.190 0   279.831 0   346.3 0   279.912 0   279.954 0     0.0 0     0.0 0     0.0 0    -3.5 0    -3.5 0     7.8 0    69.4 0     0.1 0   166.2 0   908.1 0
 2026   1  1  1  5 29  5.483 147.15    -2.4 0     0.4 0    -0.8 0    -0.2 0   342.8 0   280.170 0   279.801 0   346.4 0   279.902 0   279.940 0     0.0 0     0.0 0     0.0 0    -3.5 0    -3.5 0     7.7 0    69.8 0     0.8 0   177.3 0   908.1 0
 2026   1  1  1  5 30  5.500 147.34    -2.4 0     0.3 0    -0.7 0    -0.2 0   342.8 0   280.146 0   279.763 0   346.8 0   279.892 0   279.940 0     0.0 0     0.0 0     0.0 0    -4.0 0    -4.0 0     7.7 0    67.7 0     1.3 0   150.0 0   908.1 0
 2026   1  1  1  5 31  5.517 147.53    -2.5 0     0.2 0    -0.6 0    -0.2 0   342.9 0   280.125 0   279.759 0   347.0 0   279.890 0   279.960 0     0.0 0     0.0 0     0.0 0    -4.0 0    -4.0 0     7.8 0    66.2 0     1.9 0   128.5 0   908.0 0
 2026   1  1  1  5 32  5.533 147.73    -2.5 0     0.2 0    -0.6 0    -0.2 0   342.7 0   280.109 0   279.757 0   346.7 0   279.894 0   279.958 0     0.0 0     0.0 0     0.0 0    -4.1 0    -4.1 0     7.8 0    67.3 0     1.9 0   107.9 0   908.0 0
 2026   1  1  1  5 33  5.550 147.92    -2.6 0     0.3 0    -0.7 0    -0.2 0   342.9 0   280.100 0   279.729 0   346.7 0   279.893 0   279.944 0     0.0 0     0.0 0     0.0 0    -3.7 0    -3.7 0     7.8 0    67.5 0     1.4 0    75.3 0   908.0 0
 2026   1  1  1  5 34  5.567 148.11    -2.6 0     0.3 0    -0.8 0    -0.2 0   343.0 0   280.103 0   279.741 0   346.8 0   279.891 0   279.940 0     0.0 0     0.0 0     0.0 0    -3.8 0    -3.8 0     7.9 0    66.2 0     1.2 0    69.8 0   908.0 0
 2026   1  1  1  5 35  5.583 148.31    -2.7 0     0.3 0    -0.8 0    -0.2 0   343.0 0   280.109 0   279.748 0   346.9 0   279.892 0   279.944 0     0.0 0     0.0 0     0.0 0    -3.9 0    -3.9 0     7.9 0    65.5 0     0.9 0    48.0 0   908.1 0
 2026   1  1  1  5 36  5.600 148.50    -2.7 0     0.3 0    -0.7 0    -0.1 0   343.0 0   280.115 0   279.770 0   346.9 0   279.895 0   279.955 0     0.0 0     0.0 0     0.0 0    -3.9 0    -3.9 0     8.0 0    65.5 0     0.1 0    40.3 0   908.1 0
 2026   1  1  1  5 37  5.617 148.69    -2.8 0     0.3 0    -0.9 0    -0.1 0   342.6 0   280.123 0   279.775 0   346.9 0   279.899 0   279.968 0     0.0 0     0.0 0     0.0 0    -4.3 0    -4.3 0     8.0 0    65.6 0     0.8 0    83.6 0   908.1 0
 2026   1  1  1  5 38  5.633 148.88    -2.8 0     0.2 0    -0.8 0    -0.1 0   342.7 0   280.128 0   279.790 0   346.8 0   279.904 0   279.974 0     0.0 0     0.0 0     0.0 0    -4.1 0    -4.1 0     8.0 0    65.3 0     1.4 0    58.9 0   908.1 0
 2026   1  1  1  5 39  5.650 149.07    -2.9 0     0.2 0    -0.8 0    -0.1 0   342.7 0   280.127 0   279.751 0   346.7 0   279.910 0   279.983 0     0.0 0     0.0 0     0.0 0    -4.0 0    -4.0 0     8.0 0    65.3 0     0.7 0    26.3 0   908.1 0
 2026   1  1  1  5 40  5.667 149.27    -3.0 0     0.3 0    -0.9 0    -0.1 0   342.8 0   280.137 0   279.758 0   346.6 0   279.914 0   279.984 0     0.0 0     0.0 0     0.0 0    -3.8 0    -3.8 0     8.0 0    65.6 0     0.9 0    50.6 0   908.2 0
 2026   1  1  1  5 41  5.683 149.46    -3.1 0     0.4 0    -1.1 0    -0.1 0   342.8 0   280.157 0   279.779 0   346.5 0   279.915 0   279.973 0     0.0 0     0.0 0     0.0 0    -3.7 0    -3.7 0     7.9 0    66.3 0     0.5 0   127.2 0   908.2 0
 2026   1  1  1  5 42  5.700 149.65    -3.2 0     0.4 0    -1.0 0    -0.1 0   342.5 0   280.178 0   279.796 0   346.4 0   279.913 0   279.965 0     0.0 0     0.0 0     0.0 0    -3.9 0    -3.9 0     7.9 0    67.2 0     1.1 0   123.3 0   908.2 0
 2026   1  1  1  5 43  5.717 149.84    -3.3 0     0.4 0    -1.1 0    -0.1 0   342.5 0   280.191 0   279.815 0   346.3 0   279.909 0   279.961 0     0.0 0     0.0 0     0.0 0    -3.8 0    -3.8 0     7.8 0    68.4 0     0.6 0    96.6 0   908.2 0
 2026   1  1  1  5 44  5.733 150.03    -3.1 0     0.5 0    -1.0 0    -0.1 0   342.3 0   280.197 0   279.840 0   346.2 0   279.903 0   279.950 0     0.0 0     0.0 0     0.0 0    -4.0 0    -4.0 0     7.7 0    69.0 0     0.7 0    74.5 0   908.1 0
 2026   1  1  1  5 45  5.750 150.22    -3.0 0     0.5 0    -0.9 0    -0.1 0   342.2 0   280.197 0   279.824 0   346.2 0   279.895 0   279.940 0     0.0 0     0.0 0     0.0 0    -4.0 0    -4.0 0     7.7 0    69.8 0     0.9 0    84.7 0   908.2 0
 2026   1  1  1  5 46  5.767 150.41    -3.0 0     0.5 0    -0.9 0    -0.2 0   342.2 0   280.192 0   279.793 0   346.2 0   279.886 0   279.927 0     0.0 0     0.0 0     0.0 0    -3.9 0    -3.9 0     7.6 0    69.7 0     1.4 0   104.0 0   908.2 0
 2026   1  1  1  5 47  5.783 150.60    -2.9 0     0.4 0    -1.0 0    -0.2 0   342.7 0   280.184 0   279.755 0   346.1 0   279.877 0   279.916 0     0.0 0     0.0 0     0.0 0    -3.5 0    -3.5 0     7.6 0    69.4 0     2.2 0   104.5 0   908.2 0
 2026   1  1  1  5 48  5.800 150.79    -3.0 0     0.3 0    -1.1 0    -0.2 0   342.9 0   280.174 0   279.747 0   346.2 0   279.869 0   279.918 0     0.0 0     0.0 0     0.0 0    -3.3 0    -3.3 0     7.6 0    68.8 0     3.0 0   124.0 0   908.2 0
 2026   1  1  1  5 49  5.817 150.98    -3.2 0     0.1 0    -1.0 0    -0.2 0   343.4 0   280.170 0   279.779 0   346.4 0   279.870 0   279.936 0     0.0 0     0.0 0     0.0 0    -3.0 0    -3.0 0     7.6 0    68.3 0     3.6 0   124.6 0   908.1 0
 2026   1  1  1  5 50  5.833 151.17    -3.5 0    -0.1 0    -1.0 0    -0.1 0   343.3 0   280.177 0   279.807 0   346.5 0   279.885 0   279.973 0     0.0 0     0.0 0     0.0 0    -3.3 0    -3.3 0     7.8 0    67.5 0     2.2 0   131.5 0   908.1 0
 2026   1  1  1  5 51  5.850 151.35    -3.6 0     0.1 0    -1.1 0    -0.2 0   342.4 0   280.196 0   279.814 0   346.3 0   279.894 0   279.955 0     0.0 0     0.0 0     0.0 0    -3.8 0    -3.8 0     7.8 0    68.1 0     3.0 0   112.6 0   908.1 0
 2026   1  1  1  5 52  5.867 151.54    -3.4 0     0.2 0    -1.0 0    -0.2 0   342.4 0   280.207 0   279.831 0   346.0 0   279.894 0   279.939 0     0.0 0     0.0 0     0.0 0    -3.7 0    -3.7 0     7.7 0    68.7 0     3.1 0   106.6 0   908.1 0
 2026   1  1  1  5 53  5.883 151.73    -3.3 0     0.3 0    -1.0 0    -0.2 0   342.5 0   280.205 0   279.816 0   345.9 0   279.890 0   279.930 0     0.0 0     0.0 0     0.0 0    -3.4 0    -3.4 0     7.7 0    69.7 0     2.9 0   107.5 0   908.1 0
 2026   1  1  1  5 54  5.900 151.92    -3.2 0     0.3 0    -0.9 0    -0.2 0   342.4 0   280.199 0   279.818 0   346.1 0   279.886 0   279.932 0     0.0 0     0.0 0     0.0 0    -3.7 0    -3.7 0     7.6 0    69.6 0     3.0 0   110.1 0   908.1 0
 2026   1  1  1  5 55  5.917 152.10    -3.1 0     0.3 0    -0.9 0    -0.2 0   342.2 0   280.189 0   279.805 0   346.0 0   279.886 0   279.939 0     0.0 0     0.0 0     0.0 0    -3.8 0    -3.8 0     7.7 0    69.7 0     2.6 0   105.9 0   908.1 0
 2026   1  1  1  5 56  5.933 152.29    -3.1 0     0.3 0    -1.0 0    -0.2 0   342.3 0   280.180 0   279.774 0   346.0 0   279.885 0   279.929 0     0.0 0     0.0 0     0.0 0    -3.7 0    -3.7 0     7.7 0    69.9 0     2.3 0   110.3 0   908.1 0
 2026   1  1  1  5 57  5.950 152.48    -3.2 0     0.3 0    -1.0 0    -0.2 0   341.9 0   280.179 0   279.777 0   345.7 0   279.881 0   279.920 0     0.0 0     0.0 0     0.0 0    -3.8 0    -3.8 0     7.6 0    71.2 0     2.4 0   123.2 0   908.2 0
 2026   1  1  1  5 58  5.967 152.66    -3.1 0     0.4 0    -0.9 0    -0.2 0   341.6 0   280.175 0   279.771 0   345.5 0   279.873 0   279.903 0     0.0 0     0.0 0     0.0 0    -4.0 0    -4.0 0     7.5 0    72.2 0     3.0 0   121.5 0   908.2 0
 2026   1  1  1  5 59  5.983 152.85    -3.0 0     0.4 0    -0.8 0    -0.2 0   341.4 0   280.162 0   279.757 0   345.3 0   279.860 0   279.885 0     0.0 0     0.0 0     0.0 0    -3.9 0    -3.9 0     7.4 0    72.8 0     2.9 0   120.8 0   908.2 0
 2026   1  1  1  6  0  6.000 153.03    -2.8 0     0.4 0    -0.8 0    -0.3 0   341.5 0   280.143 0   279.733 0   345.2 0   279.845 0   279.870 0     0.0 0     0.0 0     0.0 0    -3.7 0    -3.7 0     7.3 0    74.0 0     2.7 0   126.4 0   908.2 0
 2026   1  1  1  6  1  6.017 153.22    -2.6 0     0.4 0    -0.8 0    -0.3 0   341.3 0   280.115 0   279.689 0   345.0 0   279.828 0   279.847 0     0.0 0     0.0 0     0.0 0    -3.7 0    -3.7 0     7.2 0    75.3 0     2.5 0   121.3 0   908.2 0
 2026   1  1  1  6  2  6.033 153.40    -2.4 0     0.4 0    -0.7 0    -0.3 0   341.3 0   280.083 0   279.660 0   345.0 0   279.807 0   279.824 0     0.0 0     0.0 0     0.0 0    -3.7 0    -3.7 0     7.2 0    75.3 0     3.5 0   126.1 0   908.2 0
 2026   1  1  1  6  3  6.050 153.59    -2.2 0     0.3 0    -0.7 0    -0.2 0   341.3 0   280.048 0   279.620 0   345.1 0   279.788 0   279.814 0     0.0 0     0.0 0     0.0 0    -3.8 0    -3.8 0     7.2 0    74.3 0     3.9 0   110.5 0   908.3 0
 2026   1  1  1  6  4  6.067 153.77    -2.2 0     0.2 0    -0.6 0    -0.2 0   341.1 0   280.015 0   279.608 0   345.1 0   279.775 0   279.806 0     0.0 0     0.0 0     0.0 0    -4.0 0    -4.0 0     7.2 0    73.8 0     2.9 0   110.8 0   908.3 0
 2026   1  1  1  6  5  6.083 153.95    -2.3 0     0.2 0    -0.6 0    -0.2 0   341.1 0   279.984 0   279.595 0   345.0 0   279.764 0   279.794 0     0.0 0     0.0 0     0.0 0    -3.9 0    -3.9 0     7.2 0    74.3 0     2.2 0   110.2 0   908.3 0
 2026   1  1  1  6  6  6.100 154.14    -2.2 0     0.3 0    -0.5 0    -0.1 0   341.0 0   279.955 0   279.574 0   345.1 0   279.751 0   279.782 0     0.0 0     0.0 0     0.0 0    -4.1 0    -4.1 0     7.2 0    75.1 0     1.4 0    86.7 0   908.3 0
 2026   1  1  1  6  7  6.117 154.32    -2.2 0     0.3 0    -0.5 0    -0.1 0   341.0 0   279.929 0   279.552 0   345.1 0   279.737 0   279.766 0     0.0 0     0.0 0     0.0 0    -4.1 0    -4.1 0     7.2 0    75.4 0     1.7 0    66.8 0   908.2 0
 2026   1  1  1  6  8  6.133 154.50    -2.2 0     0.3 0    -0.5 0    -0.1 0   341.1 0   279.911 0   279.548 0   345.0 0   279.723 0   279.754 0     0.0 0     0.0 0     0.0 0    -3.9 0    -3.9 0     7.1 0    76.2 0     1.0 0    37.7 0   908.2 0
 2026   1  1  1  6  9  6.150 154.68    -2.2 0     0.3 0    -0.5 0    -0.1 0   341.2 0   279.899 0   279.556 0   345.1 0   279.710 0   279.745 0     0.0 0     0.0 0     0.0 0    -3.9 0    -3.9 0     7.2 0    76.8 0     0.9 0    38.7 0   908.2 0
 2026   1  1  1  6 10  6.167 154.86    -2.2 0     0.2 0    -0.5 0    -0.1 0   341.3 0   279.891 0   279.555 0   345.1 0   279.698 0   279.730 0     0.0 0     0.0 0     0.0 0    -3.9 0    -3.9 0     7.1 0    77.1 0     0.9 0    65.6 0   908.1 0
 2026   1  1  1  6 11  6.183 155.04    -2.2 0     0.2 0    -0.4 0    -0.1 0   341.4 0   279.886 0   279.553 0   345.3 0   279.685 0   279.725 0     0.0 0     0.0 0     0.0 0    -3.9 0    -3.9 0     7.1 0    76.5 0     1.4 0    99.3 0   908.1 0
 2026   1  1  1  6 12  6.200 155.22    -2.2 0     0.2 0    -0.4 0    -0.1 0   341.7 0   279.880 0   279.554 0   345.2 0   279.675 0   279.716 0     0.0 0     0.0 0     0.0 0    -3.6 0    -3.6 0     7.1 0    76.2 0     1.8 0    96.0 0   908.1 0
 2026   1  1  1  6 13  6.217 155.40    -2.2 0     0.2 0    -0.3 0    -0.1 0   341.5 0   279.874 0   279.562 0   345.3 0   279.665 0   279.708 0     0.0 0     0.0 0     0.0 0    -3.8 0    -3.8 0     7.2 0    75.6 0     2.2 0    93.4 0   908.1 0
 2026   1  1  1  6 14  6.233 155.58    -2.2 0     0.2 0    -0.3 0    -0.1 0   341.5 0   279.865 0   279.542 0   345.3 0   279.658 0   279.700 0     0.0 0     0.0 0     0.0 0    -3.8 0    -3.8 0     7.2 0    75.6 0     1.7 0    92.1 0   908.1 0
 2026   1  1  1  6 15  6.250 155.75    -2.3 0     0.2 0    -0.4 0    -0.1 0   341.6 0   279.853 0   279.523 0   345.3 0   279.650 0   279.692 0     0.0 0     0.0 0     0.0 0    -3.7 0    -3.7 0     7.2 0    76.0 0     1.7 0   103.4 0   908.1 0
 2026   1  1  1  6 16  6.267 155.93    -2.3 0     0.3 0    -0.4 0    -0.2 0   341.7 0   279.843 0   279.513 0   345.3 0   279.642 0   279.682 0     0.0 0     0.0 0     0.0 0    -3.6 0    -3.6 0     7.2 0    76.5 0     1.4 0    77.4 0   908.1 0
 2026   1  1  1  6 17  6.283 156.11    -2.3 0     0.3 0    -0.4 0    -0.1 0   341.7 0   279.835 0   279.506 0   345.2 0   279.633 0   279.670 0     0.0 0     0.0 0     0.0 0    -3.5 0    -3.5 0     7.2 0    77.2 0     1.5 0    49.9 0   908.1 0
 2026   1  1  1  6 18  6.300 156.29    -2.2 0     0.3 0    -0.4 0    -0.1 0   341.8 0   279.830 0   279.494 0   345.2 0   279.622 0   279.659 0     0.0 0     0.0 0     0.0 0    -3.4 0    -3.4 0     7.1 0    77.7 0     1.2 0    52.9 0   908.0 0
 2026   1  1  1  6 19  6.317 156.46    -2.3 0     0.3 0    -0.4 0    -0.2 0   341.7 0   279.829 0   279.506 0   345.2 0   279.613 0   279.656 0     0.0 0     0.0 0     0.0 0    -3.5 0    -3.5 0     7.1 0    78.4 0     0.2 0    32.0 0   908.0 0
 2026   1  1  1  6 20  6.333 156.64    -2.3 0     0.2 0    -0.3 0    -0.1 0   341.6 0   279.827 0   279.503 0   345.3 0   279.606 0   279.651 0     0.0 0     0.0 0     0.0 0    -3.7 0    -3.7 0     7.1 0    78.6 0     0.1 0   318.6 0   908.0 0
 2026   1  1  1  6 21  6.350 156.81    -2.3 0     0.2 0    -0.3 0    -0.1 0   341.7 0   279.821 0   279.491 0   345.3 0   279.599 0   279.641 0     0.0 0     0.0 0     0.0 0    -3.6 0    -3.6 0     7.1 0    78.9 0     0.6 0   295.6 0   908.0 0
 2026   1  1  1  6 22  6.367 156.98    -2.3 0     0.2 0    -0.3 0    -0.1 0   341.7 0   279.810 0   279.480 0   345.3 0   279.589 0   279.624 0     0.0 0     0.0 0     0.0 0    -3.6 0    -3.6 0     7.1 0    78.7 0     1.2 0   292.9 0   908.0 0
 2026   1  1  1  6 23  6.383 157.16    -2.2 0     0.2 0    -0.3 0    -0.2 0   341.7 0   279.795 0   279.455 0   345.3 0   279.577 0   279.612 0     0.0 0     0.0 0     0.0 0    -3.6 0    -3.6 0     7.1 0    78.3 0     1.1 0   285.5 0   908.0 0
 2026   1  1  1  6 24  6.400 157.33    -2.1 0     0.2 0    -0.4 0    -0.1 0   341.5 0   279.780 0   279.451 0   345.4 0   279.567 0   279.604 0     0.0 0     0.0 0     0.0 0    -3.9 0    -3.9 0     7.1 0    78.1 0     1.2 0   278.4 0   908.0 0
 2026   1  1  1  6 25  6.417 157.50    -2.2 0     0.2 0    -0.3 0    -0.1 0   341.4 0   279.768 0   279.467 0   345.3 0   279.558 0   279.602 0     0.0 0     0.0 0     0.0 0    -3.9 0    -3.9 0     7.1 0    78.5 0     0.5 0   280.6 0   908.0 0
 2026   1  1  1  6 26  6.433 157.67    -2.2 0     0.2 0    -0.3 0    -0.1 0   341.3 0   279.756 0   279.468 0   345.3 0   279.551 0   279.600 0     0.0 0     0.0 0     0.0 0    -4.0 0    -4.0 0     7.1 0    79.0 0     0.0 0    13.4 0   908.0 0
 2026   1  1  1  6 27  6.450 157.84    -2.2 0     0.2 0    -0.3 0    -0.1 0   341.7 0   279.744 0   279.437 0   345.3 0   279.544 0   279.592 0     0.0 0     0.0 0     0.0 0    -3.6 0    -3.6 0     7.1 0    79.1 0     0.5 0   305.1 0   908.0 0
 2026   1  1  1  6 28  6.467 158.01    -2.1 0     0.2 0    -0.4 0    -0.2 0   341.8 0   279.734 0   279.402 0   345.3 0   279.536 0   279.576 0     0.0 0     0.0 0     0.0 0    -3.6 0    -3.6 0     7.1 0    79.0 0     1.4 0   265.3 0   908.0 0
 2026   1  1  1  6 29  6.483 158.18    -2.2 0     0.2 0    -0.5 0    -0.1 0   341.6 0   279.728 0   279.407 0   345.3 0   279.528 0   279.563 0     0.0 0     0.0 0     0.0 0    -3.7 0    -3.7 0     7.1 0    79.0 0     1.8 0   251.3 0   908.0 0
 2026   1  1  1  6 30  6.500 158.34    -2.2 0     0.2 0    -0.5 0    -0.1 0   341.4 0   279.725 0   279.418 0   345.2 0   279.519 0   279.553 0     0.0 0     0.0 0     0.0 0    -3.8 0    -3.8 0     7.0 0    79.8 0     1.9 0   233.9 0   908.1 0
 2026   1  1  1  6 31  6.517 158.51    -2.2 0     0.2 0    -0.5 0    -0.1 0   341.1 0   279.719 0   279.421 0   345.2 0   279.509 0   279.547 0     0.0 0     0.0 0     0.0 0    -4.0 0    -4.0 0     7.0 0    80.5 0     1.4 0   219.4 0   908.1 0
 2026   1  1  1  6 32  6.533 158.68    -2.2 0     0.2 0    -0.4 0    -0.1 0   341.0 0   279.712 0   279.419 0   345.3 0   279.501 0   279.541 0     0.0 0     0.0 0     0.0 0    -4.2 0    -4.2 0     7.0 0    81.2 0     0.7 0   201.3 0   908.1 0
 2026   1  1  1  6 33  6.550 158.84    -2.2 0     0.2 0    -0.4 0    -0.1 0   341.1 0   279.705 0   279.416 0   345.2 0   279.494 0   279.534 0     0.0 0     0.0 0     0.0 0    -4.1 0    -4.1 0     7.0 0    81.5 0     0.5 0   219.2 0   908.1 0
 2026   1  1  1  6 34  6.567 159.01    -2.2 0     0.2 0    -0.3 0    -0.1 0   341.0 0   279.697 0   279.428 0   345.2 0   279.486 0   279.525 0     0.0 0     0.0 0     0.0 0    -4.3 0    -4.3 0     7.0 0    81.9 0     1.1 0   220.0 0   908.1 0
 2026   1  1  1  6 35  6.583 159.17    -2.2 0     0.2 0    -0.3 0    -0.1 0   340.7 0   279.687 0   279.412 0   345.2 0   279.477 0   279.516 0     0.0 0     0.0 0     0.0 0    -4.5 0    -4.5 0     7.0 0    82.3 0     1.3 0   237.1 0   908.2 0
 2026   1  1  1  6 36  6.600 159.33    -2.2 0     0.2 0    -0.3 0    -0.2 0   340.5 0   279.677 0   279.396 0   345.1 0   279.469 0   279.508 0     0.0 0     0.0 0     0.0 0    -4.7 0    -4.7 0     6.9 0    82.7 0     1.6 0   232.9 0   908.2 0
 2026   1  1  1  6 37  6.617 159.49    -2.2 0     0.2 0    -0.3 0    -0.1 0   340.1 0   279.668 0   279.403 0   345.1 0   279.460 0   279.498 0     0.0 0     0.0 0     0.0 0    -4.9 0    -4.9 0     6.9 0    82.9 0     1.8 0   231.0 0   908.2 0
 2026   1  1  1  6 38  6.633 159.65    -2.2 0     0.2 0    -0.3 0    -0.1 0   340.3 0   279.663 0   279.417 0   345.0 0   279.451 0   279.487 0     0.0 0     0.0 0     0.0 0    -4.7 0    -4.7 0     6.9 0    83.6 0     1.8 0   238.6 0   908.2 0
 2026   1  1  1  6 39  6.650 159.81    -2.2 0     0.2 0    -0.3 0    -0.1 0   340.5 0   279.656 0   279.400 0   345.0 0   279.441 0   279.477 0     0.0 0     0.0 0     0.0 0    -4.6 0    -4.6 0     6.8 0    84.0 0     1.4 0   231.4 0   908.2 0
 2026   1  1  1  6 40  6.667 159.97    -2.2 0     0.2 0    -0.4 0    -0.1 0   340.4 0   279.653 0   279.411 0   345.0 0   279.432 0   279.473 0     0.0 0     0.0 0     0.0 0    -4.6 0    -4.6 0     6.8 0    83.8 0     1.1 0   231.0 0   908.2 0
 2026   1  1  1  6 41  6.683 160.13    -2.2 0     0.2 0    -0.4 0    -0.1 0   340.2 0   279.650 0   279.425 0   345.1 0   279.425 0   279.465 0     0.0 0     0.0 0     0.0 0    -4.9 0    -4.9 0     6.8 0    84.0 0     1.6 0   177.1 0   908.2 0
 2026   1  1  1  6 42  6.700 160.28    -2.1 0     0.1 0    -0.3 0    -0.1 0   340.2 0   279.647 0   279.432 0   345.1 0   279.417 0   279.460 0     0.0 0     0.0 0     0.0 0    -4.9 0    -4.9 0     6.8 0    83.6 0     1.6 0   157.4 0   908.2 0
 2026   1  1  1  6 43  6.717 160.44    -2.2 0     0.2 0    -0.3 0    -0.1 0   340.2 0   279.645 0   279.440 0   345.0 0   279.410 0   279.452 0     0.0 0     0.0 0     0.0 0    -4.8 0    -4.8 0     6.8 0    83.8 0     1.1 0   142.2 0   908.2 0
 2026   1  1  1  6 44  6.733 160.59    -2.1 0     0.2 0    -0.2 0    -0.1 0   340.3 0   279.644 0   279.436 0   344.9 0   279.403 0   279.445 0     0.0 0     0.0 0     0.0 0    -4.7 0    -4.7 0     6.8 0    84.2 0     1.3 0   159.6 0   908.2 0
 2026   1  1  1  6 45  6.750 160.74    -2.1 0     0.2 0    -0.2 0    -0.1 0   340.3 0   279.639 0   279.415 0   344.9 0   279.394 0   279.431 0     0.0 0     0.0 0     0.0 0    -4.6 0    -4.6 0     6.8 0    84.7 0     3.4 0   137.1 0   908.2 0
 2026   1  1  1  6 46  6.767 160.90    -2.2 0     0.2 0    -0.2 0    -0.1 0   340.6 0   279.636 0   279.413 0   345.0 0   279.385 0   279.426 0     0.0 0     0.0 0     0.0 0    -4.4 0    -4.4 0     6.8 0    84.3 0     4.3 0   135.2 0   908.2 0
 2026   1  1  1  6 47  6.783 161.05    -2.1 0     0.1 0    -0.2 0    -0.1 0   340.8 0   279.636 0   279.424 0   345.1 0   279.382 0   279.432 0     0.0 0     0.0 0     0.0 0    -4.3 0    -4.3 0     6.8 0    83.6 0     3.8 0   132.8 0   908.2 0
 2026   1  1  1  6 48  6.800 161.20    -2.1 0     0.1 0    -0.3 0    -0.1 0   340.9 0   279.634 0   279.430 0   345.0 0   279.384 0   279.432 0     0.0 0     0.0 0     0.0 0    -4.1 0    -4.1 0     6.9 0    83.5 0     2.5 0   128.3 0   908.2 0
 2026   1  1  1  6 49  6.817 161.34    -2.1 0     0.1 0    -0.3 0    -0.1 0   340.6 0   279.636 0   279.431 0   344.8 0   279.381 0   279.417 0     0.0 0     0.0 0     0.0 0    -4.2 0    -4.2 0     6.9 0    84.8 0     3.3 0   114.2 0   908.1 0
 2026   1  1  1  6 50  6.833 161.49    -2.0 0     0.2 0    -0.3 0    -0.1 0   340.8 0   279.642 0   279.447 0   344.8 0   279.373 0   279.408 0     0.0 0     0.0 0     0.0 0    -4.0 0    -4.0 0     6.8 0    85.8 0     2.4 0   110.7 0   908.1 0
 2026   1  1  1  6 51  6.850 161.63    -2.0 0     0.2 0    -0.2 0    -0.1 0   340.6 0   279.645 0   279.452 0   344.9 0   279.365 0   279.402 0     0.0 0     0.0 0     0.0 0    -4.2 0    -4.2 0     6.8 0    86.1 0     2.4 0   112.1 0   908.1 0
 2026   1  1  1  6 52  6.867 161.78    -2.0 0     0.2 0    -0.2 0    -0.1 0   340.6 0   279.646 0   279.449 0   345.0 0   279.358 0   279.400 0     0.0 0     0.0 0     0.0 0    -4.4 0    -4.4 0     6.7 0    85.7 0     2.7 0   106.6 0   908.1 0
 2026   1  1  1  6 53  6.883 161.92    -1.9 0     0.1 0    -0.2 0    -0.1 0   340.8 0   279.646 0   279.447 0   345.0 0   279.353 0   279.401 0     0.0 0     0.0 0     0.0 0    -4.3 0    -4.3 0     6.8 0    84.8 0     2.9 0    87.9 0   908.0 0
 2026   1  1  1  6 54  6.900 162.06    -1.9 0     0.1 0    -0.2 0    -0.1 0   340.4 0   279.645 0   279.444 0   344.9 0   279.351 0   279.397 0     0.0 0     0.0 0     0.0 0    -4.5 0    -4.5 0     6.8 0    84.8 0     2.2 0    73.2 0   908.0 0
 2026   1  1  1  6 55  6.917 162.20    -2.0 0     0.2 0    -0.2 0    -0.1 0   340.5 0   279.645 0   279.455 0   344.6 0   279.347 0   279.384 0     0.0 0     0.0 0     0.0 0    -4.2 0    -4.2 0     6.8 0    85.9 0     2.4 0    15.4 0   908.0 0
 2026   1  1  1  6 56  6.933 162.34    -2.0 0     0.2 0    -0.2 0    -0.1 0   341.0 0   279.648 0   279.463 0   344.7 0   279.339 0   279.371 0     0.0 0     0.0 0     0.0 0    -3.7 0    -3.7 0     6.7 0    86.7 0     2.6 0   353.1 0   907.9 0
 2026   1  1  1  6 57  6.950 162.47    -1.9 0     0.3 0    -0.2 0    -0.1 0   340.9 0   279.649 0   279.464 0   344.7 0   279.327 0   279.364 0     0.0 0     0.0 0     0.0 0    -3.9 0    -3.9 0     6.6 0    86.9 0     2.3 0   349.8 0   907.9 0
 2026   1  1  1  6 58  6.967 162.61    -1.9 0     0.2 0    -0.2 0    -0.1 0   340.9 0   279.647 0   279.471 0   344.7 0   279.316 0   279.355 0     0.0 0     0.0 0     0.0 0    -3.8 0    -3.8 0     6.6 0    87.0 0     2.3 0   346.0 0   907.8 0
 2026   1  1  1  6 59  6.983 162.74    -1.9 0     0.2 0    -0.1 0    -0.1 0   340.8 0   279.645 0   279.484 0   344.7 0   279.306 0   279.345 0     0.0 0     0.0 0     0.0 0    -3.9 0    -3.9 0     6.6 0    87.5 0     1.4 0    35.3 0   907.8 0
 2026   1  1  1  7  0  7.000 162.87    -1.9 0     0.2 0    -0.1 0    -0.1 0   340.6 0   279.643 0   279.480 0   344.8 0   279.297 0   279.336 0     0.0 0     0.0 0     0.0 0    -4.2 0    -4.2 0     6.6 0    87.7 0     1.1 0    46.7 0   907.8 0
 2026   1  1  1  7  1  7.017 163.00    -1.9 0     0.1 0    -0.1 0    -0.1 0   340.7 0   279.640 0   279.478 0   344.7 0   279.289 0   279.332 0     0.0 0     0.0 0     0.0 0    -4.0 0    -4.0 0     6.6 0    87.9 0     0.7 0    36.4 0   907.8 0
 2026   1  1  1  7  2  7.033 163.13    -1.9 0     0.1 0    -0.1 0    -0.1 0   340.8 0   279.638 0   279.476 0   344.7 0   279.282 0   279.324 0     0.0 0     0.0 0     0.0 0    -3.9 0    -3.9 0     6.6 0    88.1 0     0.8 0   303.0 0   907.8 0
 2026   1  1  1  7  3  7.050 163.26    -1.7 0     0.1 0    -0.1 0    -0.1 0   340.8 0   279.635 0   279.459 0   344.7 0   279.275 0   279.316 0     0.0 0     0.0 0     0.0 0    -3.9 0    -3.9 0     6.6 0    88.2 0     0.8 0   306.3 0   907.8 0
 2026   1  1  1  7  4  7.067 163.38    -1.6 0     0.1 0    -0.1 0     0.0 0   340.9 0   279.628 0   279.437 0   344.6 0   279.267 0   279.306 0     0.0 0     0.0 0     0.0 0    -3.7 0    -3.7 0     6.6 0    88.4 0     1.7 0   313.8 0   907.7 0
 2026   1  1  1  7  5  7.083 163.50    -1.7 0     0.2 0    -0.2 0    -0.1 0   340.8 0   279.617 0   279.410 0   344.6 0   279.257 0   279.294 0     0.0 0     0.0 0     0.0 0    -3.8 0    -3.8 0     6.5 0    88.5 0     2.3 0   318.6 0   907.8 0
 2026   1  1  1  7  6  7.100 163.62    -1.7 0     0.2 0    -0.2 0     0.0 0   340.6 0   279.606 0   279.408 0   344.7 0   279.246 0   279.286 0     0.0 0     0.0 0     0.0 0    -4.0 0    -4.0 0     6.5 0    88.6 0     2.1 0   320.7 0   907.8 0
 2026   1  1  1  7  7  7.117 163.74    -1.7 0     0.2 0    -0.2 0     0.0 0   340.3 0   279.598 0   279.409 0   344.6 0   279.237 0   279.278 0     0.0 0     0.0 0     0.0 0    -4.3 0    -4.3 0     6.5 0    88.7 0     1.5 0   315.7 0   907.8 0
 2026   1  1  1  7  8  7.133 163.86    -1.7 0     0.2 0    -0.2 0     0.0 0   340.1 0   279.592 0   279.404 0   344.6 0   279.228 0   279.268 0     0.0 0     0.0 0     0.0 0    -4.5 0    -4.5 0     6.5 0    88.8 0     1.3 0   305.0 0   907.8 0
 2026   1  1  1  7  9  7.150 163.97    -1.7 0     0.2 0    -0.2 0     0.0 0   339.9 0   279.586 0   279.402 0   344.7 0   279.220 0   279.261 0     0.0 0     0.0 0     0.0 0    -4.8 0    -4.8 0     6.5 0    88.9 0     0.9 0   267.9 0   907.8 0
 2026   1  1  1  7 10  7.167 164.08    -1.7 0     0.1 0    -0.2 0     0.0 0   339.8 0   279.582 0   279.393 0   344.7 0   279.214 0   279.258 0     0.0 0     0.0 0     0.0 0    -4.9 0    -4.9 0     6.5 0    88.8 0     1.3 0   240.6 0   907.8 0
 2026   1  1  1  7 11  7.183 164.19    -1.8 0     0.1 0    -0.1 0     0.0 0   339.6 0   279.578 0   279.389 0   344.7 0   279.207 0   279.250 0     0.0 0     0.0 0     0.0 0    -5.1 0    -5.1 0     6.5 0    88.8 0     1.7 0   225.7 0   907.9 0
 2026   1  1  1  7 12  7.200 164.30    -1.8 0     0.1 0    -0.1 0     0.0 0   339.4 0   279.572 0   279.384 0   344.7 0   279.201 0   279.247 0     0.0 0     0.0 0     0.0 0    -5.3 0    -5.3 0     6.5 0    88.8 0     1.6 0   228.3 0   907.9 0
 2026   1  1  1  7 13  7.217 164.41    -1.8 0     0.1 0    -0.1 0     0.0 0   339.4 0   279.566 0   279.375 0   344.7 0   279.196 0   279.244 0     0.0 0     0.0 0     0.0 0    -5.4 0    -5.4 0     6.5 0    88.7 0     0.9 0   229.9 0   907.9 0
 2026   1  1  1  7 14  7.233 164.51    -1.8 0     0.1 0    -0.1 0     0.0 0   339.4 0   279.562 0   279.368 0   344.7 0   279.192 0   279.238 0     0.0 0     0.0 0     0.0 0    -5.3 0    -5.3 0     6.5 0    88.7 0     0.6 0   266.5 0   907.9 0
 2026   1  1  1  7 15  7.250 164.61    -1.9 0     0.1 0    -0.2 0    -0.1 0   339.4 0   279.558 0   279.367 0   344.7 0   279.187 0   279.233 0     0.0 0     0.0 0     0.0 0    -5.4 0    -5.4 0     6.6 0    88.6 0     0.2 0   268.2 0   907.9 0
 2026   1  1  1  7 16  7.267 164.71    -1.9 0     0.1 0    -0.2 0     0.0 0   339.3 0   279.555 0   279.367 0   344.9 0   279.184 0   279.236 0     0.0 0     0.0 0     0.0 0    -5.6 0    -5.6 0     6.6 0    88.3 0     1.0 0   211.2 0   907.9 0
 2026   1  1  1  7 17  7.283 164.81    -2.0 0     0.1 0    -0.2 0     0.0 0   339.4 0   279.556 0   279.385 0   345.0 0   279.182 0   279.236 0     0.0 0     0.0 0     0.0 0    -5.6 0    -5.6 0     6.6 0    87.6 0     1.4 0   215.1 0   907.9 0
 2026   1  1  1  7 18  7.300 164.90    -2.0 0     0.1 0    -0.2 0    -0.1 0   339.4 0   279.558 0   279.377 0   345.0 0   279.182 0   279.241 0     0.0 0     0.0 0     0.0 0    -5.6 0    -5.6 0     6.7 0    86.8 0     1.1 0   194.3 0   907.9 0
 2026   1  1  1  7 19  7.317 164.99    -1.9 0     0.1 0    -0.3 0     0.0 0   339.6 0   279.562 0   279.378 0   345.1 0   279.184 0   279.243 0     0.0 0     0.0 0     0.0 0    -5.5 0    -5.5 0     6.7 0    86.0 0     1.4 0   178.7 0   907.9 0
 2026   1  1  1  7 20  7.333 165.08    -1.9 0     0.2 0    -0.3 0     0.0 0   339.9 0   279.566 0   279.369 0   345.1 0   279.185 0   279.239 0     0.0 0     0.0 0     0.0 0    -5.2 0    -5.2 0     6.8 0    85.4 0     1.0 0   199.4 0   907.9 0
 2026   1  1  1  7 21  7.350 165.17    -1.9 0     0.2 0    -0.2 0    -0.1 0   340.1 0   279.569 0   279.378 0   345.1 0   279.187 0   279.240 0     0.0 0     0.0 0     0.0 0    -5.0 0    -5.0 0     6.8 0    85.0 0     1.4 0   214.2 0   907.8 0
 2026   1  1  1  7 22  7.367 165.25    -2.0 0     0.3 0    -0.2 0    -0.1 0   340.1 0   279.572 0   279.383 0   344.9 0   279.187 0   279.239 0     0.0 0     0.0 0     0.0 0    -4.9 0    -4.9 0     6.8 0    85.0 0     1.1 0   230.7 0   907.8 0
 2026   1  1  1  7 23  7.383 165.33    -2.1 0     0.3 0    -0.2 0    -0.1 0   339.9 0   279.576 0   279.391 0   344.9 0   279.187 0   279.238 0     0.0 0     0.0 0     0.0 0    -5.0 0    -5.0 0     6.8 0    85.3 0     0.2 0   235.6 0   907.8 0
 2026   1  1  1  7 24  7.400 165.41    -2.1 0     0.3 0    -0.2 0    -0.1 0   339.7 0   279.579 0   279.394 0   344.9 0   279.186 0   279.236 0     0.0 0     0.0 0     0.0 0    -5.1 0    -5.1 0     6.8 0    85.7 0     0.2 0   153.2 0   907.9 0
 2026   1  1  1  7 25  7.417 165.49    -1.9 0     0.3 0    -0.2 0    -0.1 0   339.6 0   279.577 0   279.373 0   344.8 0   279.183 0   279.235 0     0.0 0     0.0 0     0.0 0    -5.2 0    -5.2 0     6.8 0    85.8 0     0.6 0   158.3 0   907.9 0
 2026   1  1  1  7 26  7.433 165.56    -1.9 0     0.3 0    -0.2 0    -0.1 0   339.4 0   279.572 0   279.360 0   344.8 0   279.181 0   279.232 0     0.0 0     0.0 0     0.0 0    -5.3 0    -5.3 0     6.8 0    86.0 0     0.5 0   214.7 0   907.9 0
 2026   1  1  1  7 27  7.450 165.63    -1.9 0     0.3 0    -0.2 0     0.0 0   339.3 0   279.573 0   279.381 0   344.7 0   279.179 0   279.231 0     0.0 0     0.0 0     0.0 0    -5.4 0    -5.4 0     6.8 0    86.2 0     0.5 0   205.5 0   907.9 0
 2026   1  1  1  7 28  7.467 165.69    -2.0 0     0.3 0    -0.2 0    -0.1 0   339.3 0   279.573 0   279.380 0   344.8 0   279.176 0   279.226 0     0.0 0     0.0 0     0.0 0    -5.5 0    -5.5 0     6.7 0    86.4 0     0.5 0   146.8 0   907.9 0
 2026   1  1  1  7 29  7.483 165.76    -2.0 0     0.3 0    -0.1 0    -0.1 0   339.2 0   279.571 0   279.378 0   344.8 0   279.174 0   279.225 0     0.0 0     0.0 0     0.0 0    -5.6 0    -5.6 0     6.7 0    86.5 0     0.6 0   123.3 0   907.9 0
 2026   1  1  1  7 30  7.500 165.82    -2.0 0     0.3 0    -0.1 0    -0.1 0   339.1 0   279.569 0   279.380 0   344.8 0   279.170 0   279.223 0     0.0 0     0.0 0     0.0 0    -5.6 0    -5.6 0     6.7 0    86.4 0     1.1 0   111.4 0   907.9 0
 2026   1  1  1  7 31  7.517 165.88    -2.1 0     0.3 0    -0.1 0    -0.1 0   338.8 0   279.567 0   279.389 0   344.7 0   279.166 0   279.215 0     0.0 0     0.0 0     0.0 0    -5.9 0    -5.9 0     6.7 0    86.7 0     1.1 0   111.8 0   907.9 0
 2026   1  1  1  7 32  7.533 165.93    -2.0 0     0.2 0    -0.1 0    -0.1 0   338.8 0   279.568 0   279.394 0   344.6 0   279.163 0   279.207 0     0.0 0     0.0 0     0.0 0    -5.9 0    -5.9 0     6.7 0    87.2 0     1.3 0   119.3 0   907.9 0
 2026   1  1  1  7 33  7.550 165.98    -2.0 0     0.2 0    -0.1 0    -0.1 0   338.6 0   279.567 0   279.404 0   344.6 0   279.159 0   279.201 0     0.0 0     0.0 0     0.0 0    -6.0 0    -6.0 0     6.7 0    87.8 0     1.3 0   104.4 0   907.9 0
 2026   1  1  1  7 34  7.567 166.03    -2.0 0     0.2 0    -0.1 0    -0.1 0   338.6 0   279.568 0   279.414 0   344.6 0   279.155 0   279.196 0     0.0 0     0.0 0     0.0 0    -6.0 0    -6.0 0     6.6 0    88.3 0     1.5 0    96.3 0   907.9 0
 2026   1  1  1  7 35  7.583 166.08    -2.0 0     0.2 0    -0.1 0    -0.1 0   338.8 0   279.568 0   279.411 0   344.6 0   279.150 0   279.191 0     0.0 0     0.0 0     0.0 0    -5.7 0    -5.7 0     6.6 0    88.8 0     1.6 0    84.4 0   907.9 0
 2026   1  1  1  7 36  7.600 166.12    -1.9 0     0.1 0    -0.1 0    -0.1 0   338.8 0   279.565 0   279.410 0   344.6 0   279.144 0   279.186 0     0.0 0     0.0 0     0.0 0    -5.7 0    -5.7 0     6.6 0    89.2 0     1.7 0    78.4 0   907.9 0
 2026   1  1  1  7 37  7.617 166.16    -1.9 0     0.1 0    -0.1 0    -0.1 0   338.8 0   279.561 0   279.402 0   344.5 0   279.139 0   279.180 0     0.0 0     0.0 0     0.0 0    -5.7 0    -5.7 0     6.5 0    89.6 0     2.2 0    93.0 0   907.9 0
 2026   1  1  1  7 38  7.633 166.19    -1.8 0     0.1 0    -0.1 0    -0.1 0   338.7 0   279.558 0   279.408 0   344.5 0   279.133 0   279.174 0     0.0 0     0.0 0     0.0 0    -5.8 0    -5.8 0     6.5 0    89.8 0     1.8 0    99.0 0   907.8 0
 2026   1  1  1  7 39  7.650 166.22    -1.8 0     0.1 0    -0.1 0    -0.1 0   338.6 0   279.555 0   279.414 0   344.4 0   279.127 0   279.167 0     0.0 0     0.0 0     0.0 0    -5.8 0    -5.8 0     6.5 0    90.2 0     1.9 0    97.3 0   907.8 0
 2026   1  1  1  7 40  7.667 166.25    -1.9 0     0.1 0    -0.1 0    -0.1 0   338.6 0   279.554 0   279.418 0   344.4 0   279.121 0   279.160 0     0.0 0     0.0 0     0.0 0    -5.8 0    -5.8 0     6.4 0    90.5 0     2.0 0   104.4 0   907.8 0
 2026   1  1  1  7 41  7.683 166.28    -1.9 0     0.1 0    -0.1 0    -0.1 0   338.8 0   279.554 0   279.421 0   344.5 0   279.115 0   279.155 0     0.0 0     0.0 0     0.0 0    -5.7 0    -5.7 0     6.4 0    90.7 0     2.1 0   108.4 0   907.8 0
 2026   1  1  1  7 42  7.700 166.30    -1.8 0     0.1 0    -0.1 0    -0.1 0   338.9 0   279.554 0   279.411 0   344.5 0   279.109 0   279.151 0     0.0 0     0.0 0     0.0 0    -5.6 0    -5.6 0     6.4 0    90.8 0     2.3 0   115.3 0   907.8 0
 2026   1  1  1  7 43  7.717 166.32    -1.6 0     0.2 0    -0.1 0    -0.1 0   338.8 0   279.548 0   279.380 0   344.6 0   279.103 0   279.152 0     0.0 0     0.0 0     0.0 0    -5.7 0    -5.7 0     6.4 0    90.0 0     3.0 0   103.0 0   907.9 0
 2026   1  1  1  7 44  7.733 166.34    -1.5 0     0.2 0    -0.1 0    -0.1 0   338.6 0   279.538 0   279.363 0   344.2 0   279.098 0   279.142 0     0.0 0     0.0 0     0.0 0    -5.7 0    -5.7 0     6.4 0    89.0 0     3.4 0   115.5 0   907.9 0
 2026   1  1  1  7 45  7.750 166.35    -1.5 0     0.3 0    -0.1 0    -0.1 0   338.5 0   279.530 0   279.362 0   344.2 0   279.092 0   279.133 0     0.0 0     0.0 0     0.0 0    -5.7 0    -5.7 0     6.4 0    88.7 0     2.4 0   110.6 0   907.8 0
 2026   1  1  1  7 46  7.767 166.36    -1.5 0     0.3 0    -0.2 0    -0.1 0   338.5 0   279.519 0   279.324 0   344.0 0   279.084 0   279.121 0     0.0 0     0.0 0     0.0 0    -5.6 0    -5.6 0     6.4 0    88.2 0     3.5 0   116.3 0   907.8 0
 2026   1  1  1  7 47  7.783 166.36    -1.4 0     0.3 0    -0.2 0    -0.1 0   338.5 0   279.504 0   279.279 0   343.9 0   279.074 0   279.109 0     0.0 0     0.0 0     0.0 0    -5.4 0    -5.4 0     6.3 0    88.0 0     3.7 0   113.0 0   907.8 0
 2026   1  1  1  7 48  7.800 166.36    -1.3 0     0.3 0    -0.3 0    -0.1 0   338.4 0   279.482 0   279.245 0   343.8 0   279.063 0   279.096 0     0.0 0     0.0 0     0.0 0    -5.4 0    -5.4 0     6.3 0    88.1 0     3.3 0   116.9 0   907.8 0
 2026   1  1  1  7 49  7.817 166.36    -1.3 0     0.3 0    -0.3 0    -0.1 0   338.3 0   279.463 0   279.235 0   343.8 0   279.051 0   279.085 0     0.0 0     0.0 0     0.0 0    -5.5 0    -5.5 0     6.3 0    88.0 0     3.6 0   112.7 0   907.8 0
 2026   1  1  1  7 50  7.833 166.36    -1.4 0     0.3 0    -0.2 0    -0.1 0   338.2 0   279.443 0   279.222 0   343.7 0   279.041 0   279.077 0     0.0 0     0.0 0     0.0 0    -5.5 0    -5.5 0     6.3 0    87.9 0     2.4 0   119.4 0   907.7 0
 2026   1  1  1  7 51  7.850 166.35    -1.5 0     0.2 0    -0.2 0    -0.1 0   338.1 0   279.424 0   279.209 0   343.7 0   279.031 0   279.066 0     0.0 0     0.0 0     0.0 0    -5.5 0    -5.5 0     6.3 0    88.1 0     1.8 0   117.7 0   907.7 0
 2026   1  1  1  7 52  7.867 166.34    -1.5 0     0.2 0    -0.2 0    -0.1 0   338.3 0   279.407 0   279.192 0   343.7 0   279.021 0   279.055 0     0.0 0     0.0 0     0.0 0    -5.4 0    -5.4 0     6.3 0    88.2 0     2.8 0   118.2 0   907.7 0
 2026   1  1  1  7 53  7.883 166.32    -1.5 0     0.2 0    -0.2 0    -0.1 0   338.2 0   279.388 0   279.166 0   343.6 0   279.010 0   279.043 0     0.0 0     0.0 0     0.0 0    -5.3 0    -5.3 0     6.3 0    88.4 0     2.6 0   123.6 0   907.7 0
 2026   1  1  1  7 54  7.900 166.30    -1.7 0     0.2 0    -0.2 0    -0.1 0   338.3 0   279.372 0   279.170 0   343.6 0   278.999 0   279.035 0     0.0 0     0.0 0     0.0 0    -5.3 0    -5.3 0     6.2 0    88.7 0     1.5 0   118.9 0   907.7 0
 2026   1  1  1  7 55  7.917 166.28    -1.7 0     0.2 0    -0.2 0    -0.1 0   338.3 0   279.358 0   279.160 0   343.6 0   278.990 0   279.027 0     0.0 0     0.0 0     0.0 0    -5.3 0    -5.3 0     6.2 0    88.9 0     1.2 0   120.0 0   907.7 0
 2026   1  1  1  7 56  7.933 166.26    -1.7 0     0.2 0    -0.2 0    -0.1 0   338.3 0   279.343 0   279.138 0   343.6 0   278.981 0   279.015 0     0.0 0     0.0 0     0.0 0    -5.3 0    -5.3 0     6.2 0    89.2 0     2.3 0   120.8 0   907.7 0
 2026   1  1  1  7 57  7.950 166.23    -1.7 0     0.2 0    -0.2 0    -0.1 0   338.3 0   279.329 0   279.120 0   343.5 0   278.969 0   279.004 0     0.0 0     0.0 0     0.0 0    -5.2 0    -5.2 0     6.2 0    89.2 0     2.2 0   125.7 0   907.7 0
 2026   1  1  1  7 58  7.967 166.20    -1.6 0     0.2 0    -0.2 0    -0.1 0   338.3 0   279.314 0   279.101 0   343.5 0   278.959 0   278.996 0     0.0 0     0.0 0     0.0 0    -5.2 0    -5.2 0     6.2 0    89.3 0     1.9 0   118.8 0   907.7 0
 2026   1  1  1  7 59  7.983 166.16    -1.6 0     0.2 0    -0.2 0    -0.1 0   338.2 0   279.302 0   279.109 0   343.5 0   278.949 0   278.987 0     0.0 0     0.0 0     0.0 0    -5.4 0    -5.4 0     6.2 0    89.3 0     1.6 0   121.5 0   907.7 0
 2026   1  1  1  8  0  8.000 166.12    -1.7 0     0.2 0    -0.1 0    -0.1 0   338.1 0   279.292 0   279.109 0   343.5 0   278.940 0   278.976 0     0.0 0     0.0 0     0.0 0    -5.4 0    -5.4 0     6.2 0    89.5 0     1.8 0   120.1 0   907.7 0
 2026   1  1  1  8  1  8.017 166.08    -1.7 0     0.2 0    -0.1 0    -0.1 0   338.1 0   279.284 0   279.110 0   343.5 0   278.930 0   278.966 0     0.0 0     0.0 0     0.0 0    -5.4 0    -5.4 0     6.2 0    89.6 0     1.9 0   113.3 0   907.7 0
 2026   1  1  1  8  2  8.033 166.04    -1.6 0     0.2 0    -0.1 0    -0.1 0   338.1 0   279.276 0   279.109 0   343.4 0   278.920 0   278.957 0     0.0 0     0.0 0     0.0 0    -5.3 0    -5.3 0     6.1 0    89.7 0     1.8 0   110.8 0   907.6 0
 2026   1  1  1  8  3  8.050 165.99    -1.7 0     0.2 0    -0.1 0    -0.1 0   338.2 0   279.265 0   279.090 0   343.4 0   278.910 0   278.947 0     0.0 0     0.0 0     0.0 0    -5.2 0    -5.2 0     6.1 0    89.9 0     1.6 0   116.4 0   907.6 0
 2026   1  1  1  8  4  8.067 165.94    -1.8 0     0.1 0    -0.1 0    -0.1 0   338.2 0   279.258 0   279.091 0   343.4 0   278.901 0   278.940 0     0.0 0     0.0 0     0.0 0    -5.2 0    -5.2 0     6.1 0    90.0 0     1.2 0   112.1 0   907.6 0
 2026   1  1  1  8  5  8.083 165.88    -1.9 0     0.1 0    -0.1 0    -0.1 0   338.1 0   279.251 0   279.075 0   343.4 0   278.893 0   278.932 0     0.0 0     0.0 0     0.0 0    -5.3 0    -5.3 0     6.1 0    90.2 0     1.1 0   106.2 0   907.6 0
 2026   1  1  1  8  6  8.100 165.82    -1.9 0     0.1 0    -0.1 0    -0.1 0   338.0 0   279.242 0   279.069 0   343.4 0   278.885 0   278.925 0     0.0 0     0.0 0     0.0 0    -5.4 0    -5.4 0     6.1 0    90.3 0     1.0 0    92.0 0   907.6 0
 2026   1  1  1  8  7  8.117 165.76    -1.9 0     0.1 0    -0.1 0    -0.1 0   338.0 0   279.236 0   279.069 0   343.4 0   278.877 0   278.917 0     0.0 0     0.0 0     0.0 0    -5.4 0    -5.4 0     6.1 0    90.4 0     1.1 0    95.2 0   907.6 0
 2026   1  1  1  8  8  8.133 165.70    -1.9 0     0.1 0    -0.1 0     0.0 0   337.9 0   279.230 0   279.069 0   343.4 0   278.869 0   278.909 0     0.0 0     0.0 0     0.0 0    -5.5 0    -5.5 0     6.1 0    90.6 0     1.0 0    77.9 0   907.6 0
 2026   1  1  1  8  9  8.150 165.63    -1.8 0     0.1 0    -0.1 0    -0.1 0   337.9 0   279.224 0   279.069 0   343.5 0   278.861 0   278.903 0     0.0 0     0.0 0     0.0 0    -5.6 0    -5.6 0     6.1 0    90.6 0     1.0 0    80.6 0   907.6 0
 2026   1  1  1  8 10  8.167 165.56    -1.9 0     0.1 0    -0.1 0    -0.1 0   337.9 0   279.221 0   279.066 0   343.5 0   278.854 0   278.897 0     0.0 0     0.0 0     0.0 0    -5.5 0    -5.5 0     6.1 0    90.7 0     0.9 0    93.3 0   907.6 0
 2026   1  1  1  8 11  8.183 165.49    -1.9 0     0.1 0    -0.1 0    -0.1 0   337.8 0   279.218 0   279.071 0   343.6 0   278.849 0   278.895 0     0.0 0     0.0 0     0.0 0    -5.8 0    -5.8 0     6.1 0    90.8 0     0.4 0    98.0 0   907.6 0
 2026   1  1  1  8 12  8.200 165.42    -2.0 0     0.0 0     0.0 0    -0.1 0   337.7 0   279.217 0   279.064 0   343.6 0   278.845 0   278.895 0     0.0 0     0.0 0     0.0 0    -5.9 0    -5.9 0     6.1 0    90.9 0     0.0 0     0.0 0   907.6 0
 2026   1  1  1  8 13  8.217 165.34    -2.0 0     0.1 0     0.0 0    -0.1 0   337.7 0   279.215 0   279.059 0   343.6 0   278.843 0   278.894 0     0.0 0     0.0 0     0.0 0    -5.8 0    -5.8 0     6.2 0    90.9 0     0.0 0     0.0 0   907.6 0
 2026   1  1  1  8 14  8.233 165.26    -2.0 0     0.1 0     0.0 0    -0.1 0   337.7 0   279.214 0   279.065 0   343.6 0   278.840 0   278.888 0     0.0 0     0.0 0     0.0 0    -5.8 0    -5.8 0     6.2 0    90.9 0     0.0 0     0.0 0   907.6 0
 2026   1  1  1  8 15  8.250 165.18    -2.0 0     0.1 0     0.0 0    -0.1 0   337.7 0   279.214 0   279.071 0   343.6 0   278.836 0   278.884 0     0.0 0     0.0 0     0.0 0    -5.9 0    -5.9 0     6.2 0    91.0 0     0.0 0     0.0 0   907.6 0
 2026   1  1  1  8 16  8.267 165.09    -2.0 0     0.1 0     0.0 0    -0.1 0   337.7 0   279.215 0   279.078 0   343.6 0   278.833 0   278.883 0     0.0 0     0.0 0     0.0 0    -5.9 0    -5.9 0     6.2 0    91.1 0     0.0 0     0.0 0   907.6 0
 2026   1  1  1  8 17  8.283 165.00    -2.0 0     0.1 0     0.0 0    -0.1 0   337.7 0   279.217 0   279.087 0   343.6 0   278.830 0   278.880 0     0.0 0     0.0 0     0.0 0    -5.9 0    -5.9 0     6.2 0    91.1 0     0.0 0     0.0 0   907.6 0
 2026   1  1  1  8 18  8.300 164.91    -2.0 0     0.1 0     0.0 0    -0.1 0   337.7 0   279.221 0   279.096 0   343.6 0   278.827 0   278.877 0     0.0 0     0.0 0     0.0 0    -6.0 0    -6.0 0     6.2 0    91.1 0     0.0 0     0.0 0   907.6 0
 2026   1  1  1  8 19  8.317 164.82    -2.1 0     0.1 0     0.0 0     0.0 0   337.4 0   279.223 0   279.104 0   343.6 0   278.825 0   278.875 0     0.0 0     0.0 0     0.0 0    -6.2 0    -6.2 0     6.2 0    91.1 0     0.0 0     0.0 0   907.6 0
 2026   1  1  1  8 20  8.333 164.72    -2.0 0     0.1 0     0.0 0    -0.1 0   337.6 0   279.222 0   279.087 0   343.6 0   278.822 0   278.871 0     0.0 0     0.0 0     0.0 0    -6.0 0    -6.0 0     6.3 0    91.2 0     0.0 0     0.0 0   907.6 0
 2026   1  1  1  8 21  8.350 164.62    -2.0 0     0.1 0     0.0 0     0.0 0   337.6 0   279.220 0   279.085 0   343.6 0   278.819 0   278.864 0     0.0 0     0.0 0     0.0 0    -6.0 0    -6.0 0     6.2 0    91.1 0     0.5 0   306.8 0   907.6 0
 2026   1  1  1  8 22  8.367 164.52    -2.0 0     0.2 0     0.0 0     0.0 0   337.5 0   279.221 0   279.087 0   343.5 0   278.814 0   278.857 0     0.0 0     0.0 0     0.0 0    -6.0 0    -6.0 0     6.2 0    91.2 0     1.0 0   304.2 0   907.6 0
 2026   1  1  1  8 23  8.383 164.42    -1.9 0     0.2 0     0.0 0     0.0 0   337.4 0   279.219 0   279.088 0   343.5 0   278.809 0   278.854 0     0.0 0     0.0 0     0.0 0    -6.1 0    -6.1 0     6.2 0    91.3 0     0.4 0   325.2 0   907.6 0
 2026   1  1  1  8 24  8.400 164.31    -2.0 0     0.1 0     0.0 0     0.0 0   337.3 0   279.219 0   279.100 0   343.6 0   278.805 0   278.853 0     0.0 0     0.0 0     0.0 0    -6.2 0    -6.2 0     6.2 0    91.5 0     0.0 0     0.0 0   907.6 0
 2026   1  1  1  8 25  8.417 164.20    -2.0 0     0.1 0     0.0 0     0.0 0   337.2 0   279.222 0   279.121 0   343.6 0   278.801 0   278.850 0     0.0 0     0.0 0     0.0 0    -6.4 0    -6.4 0     6.2 0    91.5 0     0.0 0     0.0 0   907.6 0
 2026   1  1  1  8 26  8.433 164.09    -1.9 0     0.1 0     0.0 0     0.0 0   337.5 0   279.226 0   279.121 0   343.5 0   278.798 0   278.844 0     0.0 0     0.0 0     0.0 0    -6.0 0    -6.0 0     6.2 0    91.5 0     0.7 0   333.5 0   907.6 0
 2026   1  1  1  8 27  8.450 163.98    -1.9 0     0.1 0     0.0 0     0.0 0   337.4 0   279.229 0   279.121 0   343.5 0   278.794 0   278.839 0     0.0 0     0.0 0     0.0 0    -6.1 0    -6.1 0     6.1 0    91.6 0     1.0 0   323.4 0   907.6 0
 2026   1  1  1  8 28  8.467 163.87    -1.9 0     0.1 0     0.0 0     0.0 0   337.0 0   279.231 0   279.131 0   343.5 0   278.789 0   278.834 0     0.0 0     0.0 0     0.0 0    -6.5 0    -6.5 0     6.1 0    91.8 0     0.9 0   312.2 0   907.6 0
 2026   1  1  1  8 29  8.483 163.75    -1.9 0     0.1 0     0.0 0     0.0 0   337.0 0   279.235 0   279.135 0   343.5 0   278.784 0   278.830 0     0.0 0     0.0 0     0.0 0    -6.6 0    -6.6 0     6.1 0    91.9 0     0.6 0   306.4 0   907.6 0
 2026   1  1  1  8 30  8.500 163.63    -1.9 0     0.1 0     0.0 0     0.0 0   337.1 0   279.238 0   279.138 0   343.5 0   278.780 0   278.826 0     0.0 0     0.0 0     0.0 0    -6.5 0    -6.5 0     6.1 0    92.0 0     0.6 0   321.7 0   907.6 0
 2026   1  1  1  8 31  8.517 163.51    -1.9 0     0.1 0     0.0 0     0.0 0   337.4 0   279.240 0   279.139 0   343.5 0   278.776 0   278.822 0     0.0 0     0.0 0     0.0 0    -6.2 0    -6.2 0     6.1 0    92.1 0     0.7 0   330.3 0   907.6 0
 2026   1  1  1  8 32  8.533 163.39    -1.9 0     0.1 0     0.0 0     0.0 0   337.4 0   279.240 0   279.127 0   343.5 0   278.772 0   278.817 0     0.0 0     0.0 0     0.0 0    -6.1 0    -6.1 0     6.1 0    92.2 0     0.8 0   323.9 0   907.6 0
 2026   1  1  1  8 33  8.550 163.27    -1.8 0     0.1 0     0.0 0     0.0 0   337.3 0   279.237 0   279.125 0   343.5 0   278.768 0   278.814 0     0.0 0     0.0 0     0.0 0    -6.2 0    -6.2 0     6.1 0    92.4 0     0.7 0   318.1 0   907.6 0
 2026   1  1  1  8 34  8.567 163.14    -1.8 0     0.1 0     0.0 0     0.0 0   337.3 0   279.236 0   279.129 0   343.5 0   278.764 0   278.810 0     0.0 0     0.0 0     0.0 0    -6.2 0    -6.2 0     6.1 0    92.4 0     0.8 0   313.6 0   907.6 0
 2026   1  1  1  8 35  8.583 163.01    -1.8 0     0.1 0     0.0 0     0.0 0   337.5 0   279.237 0   279.131 0   343.5 0   278.761 0   278.807 0     0.0 0     0.0 0     0.0 0    -6.1 0    -6.1 0     6.1 0    92.5 0     0.8 0   316.9 0   907.6 0
 2026   1  1  1  8 36  8.600 162.88    -1.8 0     0.1 0     0.0 0     0.0 0   337.5 0   279.237 0   279.131 0   343.5 0   278.757 0   278.804 0     0.0 0     0.0 0     0.0 0    -6.0 0    -6.0 0     6.1 0    92.7 0     0.6 0   321.4 0   907.6 0
 2026   1  1  1  8 37  8.617 162.75    -1.9 0     0.1 0     0.0 0     0.0 0   337.5 0   279.238 0   279.133 0   343.6 0   278.754 0   278.802 0     0.0 0     0.0 0     0.0 0    -6.0 0    -6.0 0     6.1 0    92.8 0     0.4 0   321.3 0   907.6 0
 2026   1  1  1  8 38  8.633 162.62    -1.9 0     0.0 0     0.0 0     0.0 0   337.3 0   279.240 0   279.138 0   343.6 0   278.752 0   278.799 0     0.0 0     0.0 0     0.0 0    -6.3 0    -6.3 0     6.1 0    92.9 0     0.3 0   327.0 0   907.6 0
 2026   1  1  1  8 39  8.650 162.49    -1.9 0     0.0 0     0.0 0     0.0 0   337.2 0   279.242 0   279.150 0   343.6 0   278.750 0   278.798 0     0.0 0     0.0 0     0.0 0    -6.4 0    -6.4 0     6.1 0    92.9 0     0.0 0   327.3 0   907.7 0
 2026   1  1  1  8 40  8.667 162.35    -1.8 0     0.0 0     0.0 0     0.0 0   337.3 0   279.246 0   279.145 0   343.6 0   278.749 0   278.798 0     0.0 0     0.0 0     0.0 0    -6.3 0    -6.3 0     6.1 0    92.9 0     0.0 0     0.0 0   907.7 0
 2026   1  1  1  8 41  8.683 162.21    -1.8 0     0.0 0     0.0 0     0.0 0   337.2 0   279.245 0   279.135 0   343.6 0   278.747 0   278.796 0     0.0 0     0.0 0     0.0 0    -6.4 0    -6.4 0     6.2 0    93.0 0     0.0 0     0.0 0   907.7 0
 2026   1  1  1  8 42  8.700 162.07    -1.9 0     0.0 0     0.0 0     0.0 0   337.3 0   279.245 0   279.143 0   343.6 0   278.746 0   278.796 0     0.0 0     0.0 0     0.0 0    -6.3 0    -6.3 0     6.2 0    93.1 0     0.0 0     0.0 0   907.6 0
 2026   1  1  1  8 43  8.717 161.93    -1.9 0     0.0 0     0.0 0     0.0 0   337.3 0   279.247 0   279.146 0   343.6 0   278.745 0   278.795 0     0.0 0     0.0 0     0.0 0    -6.3 0    -6.3 0     6.2 0    93.1 0     0.0 0     0.0 0   907.6 0
 2026   1  1  1  8 44  8.733 161.79    -1.9 0     0.0 0     0.0 0     0.0 0   337.2 0   279.248 0   279.140 0   343.6 0   278.744 0   278.793 0     0.0 0     0.0 0     0.0 0    -6.5 0    -6.5 0     6.2 0    93.0 0     0.0 0     0.0 0   907.7 0
 2026   1  1  1  8 45  8.750 161.65    -1.9 0     0.1 0     0.1 0     0.0 0   337.1 0   279.248 0   279.146 0   343.6 0   278.742 0   278.791 0     0.0 0     0.0 0     0.0 0    -6.5 0    -6.5 0     6.2 0    92.9 0     0.0 0     0.0 0   907.7 0
 2026   1  1  1  8 46  8.767 161.50    -1.9 0     0.1 0     0.1 0     0.0 0   337.0 0   279.250 0   279.152 0   343.6 0   278.740 0   278.788 0     0.0 0     0.0 0     0.0 0    -6.6 0    -6.6 0     6.2 0    92.9 0     0.3 0   206.2 0   907.7 0
 2026   1  1  1  8 47  8.783 161.35    -1.9 0     0.1 0     0.1 0     0.0 0   337.0 0   279.252 0   279.155 0   343.6 0   278.737 0   278.784 0     0.0 0     0.0 0     0.0 0    -6.6 0    -6.6 0     6.1 0    93.1 0     0.8 0   199.1 0   907.7 0
 2026   1  1  1  8 48  8.800 161.21    -1.9 0     0.1 0     0.1 0     0.0 0   337.2 0   279.254 0   279.156 0   343.6 0   278.734 0   278.780 0     0.0 0     0.0 0     0.0 0    -6.4 0    -6.4 0     6.1 0    93.1 0     0.6 0   202.0 0   907.7 0
 2026   1  1  1  8 49  8.817 161.06    -1.9 0     0.1 0     0.1 0     0.0 0   337.3 0   279.255 0   279.154 0   343.6 0   278.730 0   278.777 0     0.0 0     0.0 0     0.0 0    -6.3 0    -6.3 0     6.1 0    93.2 0     0.5 0   227.5 0   907.6 0
 2026   1  1  1  8 50  8.833 160.91    -1.9 0     0.1 0     0.1 0     0.0 0   337.3 0   279.255 0   279.154 0   343.6 0   278.727 0   278.775 0     0.0 0     0.0 0     0.0 0    -6.3 0    -6.3 0     6.0 0    93.3 0     0.6 0   230.8 0   907.6 0
 2026   1  1  1  8 51  8.850 160.76    -1.9 0     0.2 0     0.1 0     0.0 0   337.3 0   279.256 0   279.158 0   343.6 0   278.724 0   278.772 0     0.0 0     0.0 0     0.0 0    -6.3 0    -6.3 0     6.0 0    93.3 0     0.7 0   226.2 0   907.6 0
 2026   1  1  1  8 52  8.867 160.60    -1.9 0     0.2 0     0.1 0     0.0 0   337.3 0   279.257 0   279.157 0   343.6 0   278.720 0   278.768 0     0.0 0     0.0 0     0.0 0    -6.3 0    -6.3 0     6.0 0    93.3 0     1.0 0   244.7 0   907.6 0
 2026   1  1  1  8 53  8.883 160.45    -1.9 0     0.2 0     0.1 0     0.0 0   337.3 0   279.257 0   279.153 0   343.6 0   278.717 0   278.765 0     0.0 0     0.0 0     0.0 0    -6.4 0    -6.4 0     6.0 0    93.2 0     0.9 0   227.7 0   907.6 0
 2026   1  1  1  8 54  8.900 160.30    -1.9 0     0.2 0     0.1 0     0.0 0   337.4 0   279.258 0   279.157 0   343.8 0   278.714 0   278.765 0     0.0 0     0.0 0     0.0 0    -6.3 0    -6.3 0     6.0 0    93.3 0     1.2 0   221.9 0   907.6 0
 2026   1  1  1  8 55  8.917 160.14    -1.9 0     0.2 0     0.1 0     0.0 0   337.3 0   279.259 0   279.161 0   343.7 0   278.713 0   278.764 0     0.0 0     0.0 0     0.0 0    -6.4 0    -6.4 0     6.1 0    93.2 0     1.3 0   225.1 0   907.6 0
 2026   1  1  1  8 56  8.933 159.98    -1.9 0     0.2 0     0.1 0     0.0 0   337.3 0   279.262 0   279.171 0   343.8 0   278.712 0   278.763 0     0.0 0     0.0 0     0.0 0    -6.4 0    -6.4 0     6.1 0    93.1 0     1.1 0   215.0 0   907.6 0
 2026   1  1  1  8 57  8.950 159.82    -1.9 0     0.2 0     0.1 0     0.0 0   337.3 0   279.266 0   279.177 0   343.7 0   278.711 0   278.761 0     0.0 0     0.0 0     0.0 0    -6.4 0    -6.4 0     6.1 0    92.9 0     1.2 0   210.9 0   907.6 0
 2026   1  1  1  8 58  8.967 159.67    -1.8 0     0.2 0     0.1 0     0.0 0   337.2 0   279.269 0   279.174 0   343.7 0   278.710 0   278.760 0     0.0 0     0.0 0     0.0 0    -6.5 0    -6.5 0     6.1 0    92.9 0     1.1 0   198.2 0   907.6 0
 2026   1  1  1  8 59  8.983 159.51    -1.8 0     0.1 0     0.0 0     0.0 0   337.2 0   279.269 0   279.159 0   343.8 0   278.710 0   278.760 0     0.0 0     0.0 0     0.0 0    -6.6 0    -6.6 0     6.1 0    92.7 0     1.9 0   179.3 0   907.6 0
 2026   1  1  1  9  0  9.000 159.34    -1.9 0     0.1 0     0.0 0     0.0 0   337.3 0   279.267 0   279.163 0   343.9 0   278.710 0   278.767 0     0.0 0     0.0 0     0.0 0    -6.6 0    -6.6 0     6.1 0    92.6 0     1.9 0   179.0 0   907.6 0
 2026   1  1  1  9  1  9.017 159.18    -1.8 0     0.2 0     0.0 0     0.0 0   337.5 0   279.269 0   279.162 0   343.8 0   278.712 0   278.768 0     0.0 0     0.0 0     0.0 0    -6.3 0    -6.3 0     6.1 0    92.3 0     1.5 0   184.9 0   907.6 0
 2026   1  1  1  9  2  9.033 159.02    -1.8 0     0.2 0     0.0 0     0.0 0   337.6 0   279.269 0   279.142 0   343.8 0   278.714 0   278.769 0     0.0 0     0.0 0     0.0 0    -6.2 0    -6.2 0     6.2 0    92.1 0     1.7 0   163.2 0   907.6 0
 2026   1  1  1  9  3  9.050 158.86    -1.7 0     0.3 0     0.0 0    -0.1 0   337.7 0   279.268 0   279.137 0   343.7 0   278.714 0   278.768 0     0.0 0     0.0 0     0.0 0    -6.0 0    -6.0 0     6.2 0    91.8 0     2.0 0   156.0 0   907.6 0
 2026   1  1  1  9  4  9.067 158.69    -1.7 0     0.3 0     0.0 0    -0.1 0   337.7 0   279.267 0   279.118 0   343.6 0   278.714 0   278.765 0     0.0 0     0.0 0     0.0 0    -5.9 0    -5.9 0     6.2 0    91.7 0     2.1 0   167.3 0   907.7 0
 2026   1  1  1  9  5  9.083 158.52    -1.8 0     0.3 0     0.0 0    -0.1 0   337.8 0   279.262 0   279.098 0   343.5 0   278.713 0   278.763 0     0.0 0     0.0 0     0.0 0    -5.7 0    -5.7 0     6.1 0    91.6 0     2.2 0   171.4 0   907.7 0
 2026   1  1  1  9  6  9.100 158.36    -1.9 0     0.2 0     0.0 0    -0.1 0   338.0 0   279.257 0   279.090 0   343.5 0   278.711 0   278.760 0     0.0 0     0.0 0     0.0 0    -5.4 0    -5.4 0     6.1 0    91.7 0     1.8 0   171.6 0   907.7 0
 2026   1  1  1  9  7  9.117 158.19    -2.0 0     0.2 0     0.0 0    -0.1 0   338.2 0   279.254 0   279.098 0   343.5 0   278.710 0   278.758 0     0.0 0     0.0 0     0.0 0    -5.3 0    -5.3 0     6.1 0    91.8 0     2.1 0   171.8 0   907.7 0
 2026   1  1  1  9  8  9.133 158.02    -2.0 0     0.2 0     0.0 0    -0.1 0   338.3 0   279.253 0   279.100 0   343.4 0   278.708 0   278.755 0     0.0 0     0.0 0     0.0 0    -5.2 0    -5.2 0     6.1 0    91.8 0     2.4 0   157.5 0   907.7 0
 2026   1  1  1  9  9  9.150 157.85    -1.9 0     0.3 0     0.0 0    -0.1 0   338.3 0   279.250 0   279.082 0   343.4 0   278.705 0   278.752 0     0.0 0     0.0 0     0.0 0    -5.1 0    -5.1 0     6.1 0    91.8 0     2.2 0   164.1 0   907.8 0
 2026   1  1  1  9 10  9.167 157.68    -1.9 0     0.2 0    -0.1 0    -0.2 0   338.3 0   279.243 0   279.060 0   343.4 0   278.702 0   278.749 0     0.0 0     0.0 0     0.0 0    -5.1 0    -5.1 0     6.1 0    91.7 0     2.3 0   172.0 0   907.8 0
 2026   1  1  1  9 11  9.183 157.51    -2.0 0     0.2 0    -0.1 0    -0.1 0   338.1 0   279.236 0   279.064 0   343.3 0   278.699 0   278.745 0     0.0 0     0.0 0     0.0 0    -5.1 0    -5.1 0     6.0 0    91.7 0     2.1 0   173.9 0   907.8 0
 2026   1  1  1  9 12  9.200 157.34    -2.0 0     0.2 0    -0.1 0    -0.1 0   338.1 0   279.230 0   279.056 0   343.3 0   278.695 0   278.740 0     0.0 0     0.0 0     0.0 0    -5.1 0    -5.1 0     6.0 0    91.7 0     1.8 0   174.0 0   907.8 0
 2026   1  1  1  9 13  9.217 157.17    -2.0 0     0.2 0    -0.1 0    -0.1 0   338.0 0   279.224 0   279.050 0   343.2 0   278.691 0   278.735 0     0.0 0     0.0 0     0.0 0    -5.2 0    -5.2 0     6.0 0    91.8 0     2.0 0   176.7 0   907.8 0
 2026   1  1  1  9 14  9.233 157.00    -2.0 0     0.2 0    -0.1 0    -0.1 0   338.0 0   279.216 0   279.034 0   343.1 0   278.686 0   278.730 0     0.0 0     0.0 0     0.0 0    -5.1 0    -5.1 0     6.0 0    91.9 0     1.7 0   189.1 0   907.8 0
 2026   1  1  1  9 15  9.250 156.82    -2.0 0     0.2 0    -0.1 0    -0.1 0   338.1 0   279.207 0   279.021 0   343.2 0   278.682 0   278.726 0     0.0 0     0.0 0     0.0 0    -5.1 0    -5.1 0     6.0 0    92.0 0     1.5 0   185.3 0   907.8 0
 2026   1  1  1  9 16  9.267 156.65    -2.0 0     0.2 0     0.0 0    -0.1 0   338.0 0   279.199 0   279.027 0   343.1 0   278.677 0   278.722 0     0.0 0     0.0 0     0.0 0    -5.2 0    -5.2 0     6.0 0    92.2 0     1.6 0   180.3 0   907.8 0
 2026   1  1  1  9 17  9.283 156.47    -2.0 0     0.2 0     0.0 0    -0.1 0   338.1 0   279.193 0   279.025 0   343.2 0   278.673 0   278.718 0     0.0 0     0.0 0     0.0 0    -5.1 0    -5.1 0     6.0 0    92.3 0     1.4 0   175.7 0   907.8 0
 2026   1  1  1  9 18  9.300 156.30    -2.0 0     0.2 0     0.0 0    -0.1 0   338.1 0   279.186 0   279.000 0   343.1 0   278.669 0   278.714 0     0.0 0     0.0 0     0.0 0    -5.1 0    -5.1 0     6.0 0    92.4 0     1.1 0   186.1 0   907.8 0
 2026   1  1  1  9 19  9.317 156.12    -2.0 0     0.2 0     0.0 0    -0.1 0   338.2 0   279.177 0   279.001 0   343.1 0   278.665 0   278.710 0     0.0 0     0.0 0     0.0 0    -4.9 0    -4.9 0     6.0 0    92.5 0     1.2 0   173.7 0   907.8 0
 2026   1  1  1  9 20  9.333 155.95    -2.1 0     0.2 0     0.0 0    -0.1 0   338.3 0   279.173 0   279.015 0   343.1 0   278.661 0   278.706 0     0.0 0     0.0 0     0.0 0    -4.8 0    -4.8 0     6.0 0    92.5 0     1.1 0   191.9 0   907.8 0
 2026   1  1  1  9 21  9.350 155.77    -2.0 0     0.1 0     0.0 0    -0.1 0   338.2 0   279.170 0   279.007 0   343.1 0   278.657 0   278.703 0     0.0 0     0.0 0     0.0 0    -4.9 0    -4.9 0     6.0 0    92.6 0     0.9 0   181.9 0   907.8 0
 2026   1  1  1  9 22  9.367 155.59    -2.0 0     0.1 0     0.0 0    -0.1 0   338.1 0   279.164 0   278.994 0   343.1 0   278.654 0   278.700 0     0.0 0     0.0 0     0.0 0    -5.0 0    -5.0 0     6.0 0    92.7 0     0.7 0   200.7 0   907.8 0
 2026   1  1  1  9 23  9.383 155.41    -2.0 0     0.1 0     0.0 0    -0.1 0   337.7 0   279.156 0   278.988 0   343.1 0   278.650 0   278.696 0     0.0 0     0.0 0     0.0 0    -5.4 0    -5.4 0     6.0 0    92.8 0     0.8 0   185.4 0   907.8 0
 2026   1  1  1  9 24  9.400 155.23    -2.0 0     0.1 0     0.0 0    -0.1 0   337.6 0   279.149 0   278.983 0   343.1 0   278.647 0   278.691 0     0.0 0     0.0 0     0.0 0    -5.5 0    -5.5 0     6.0 0    92.8 0     1.4 0   167.2 0   907.8 0
 2026   1  1  1  9 25  9.417 155.06    -2.0 0     0.1 0     0.0 0    -0.1 0   337.6 0   279.144 0   278.986 0   343.1 0   278.642 0   278.687 0     0.0 0     0.0 0     0.0 0    -5.5 0    -5.5 0     5.9 0    92.9 0     1.1 0   182.6 0   907.8 0
 2026   1  1  1  9 26  9.433 154.88    -2.0 0     0.1 0     0.0 0    -0.1 0   337.6 0   279.140 0   278.977 0   343.1 0   278.639 0   278.684 0     0.0 0     0.0 0     0.0 0    -5.5 0    -5.5 0     5.9 0    93.0 0     1.0 0   183.0 0   907.8 0
 2026   1  1  1  9 27  9.450 154.69    -2.0 0     0.1 0     0.0 0    -0.1 0   337.7 0   279.133 0   278.967 0   343.1 0   278.635 0   278.681 0     0.0 0     0.0 0     0.0 0    -5.4 0    -5.4 0     5.9 0    93.2 0     1.0 0   178.7 0   907.9 0
 2026   1  1  1  9 28  9.467 154.51    -2.0 0     0.1 0     0.0 0    -0.1 0   337.7 0   279.129 0   278.970 0   343.1 0   278.632 0   278.677 0     0.0 0     0.0 0     0.0 0    -5.4 0    -5.4 0     5.9 0    93.2 0     1.3 0   191.2 0   907.9 0
 2026   1  1  1  9 29  9.483 154.33    -2.0 0     0.1 0     0.0 0    -0.1 0   337.7 0   279.127 0   278.970 0   343.0 0   278.628 0   278.672 0     0.0 0     0.0 0     0.0 0    -5.3 0    -5.3 0     5.9 0    93.2 0     1.4 0   199.5 0   907.9 0
 2026   1  1  1  9 30  9.500 154.15    -2.0 0     0.1 0     0.0 0    -0.1 0   337.8 0   279.124 0   278.966 0   343.0 0   278.623 0   278.668 0     0.0 0     0.0 0     0.0 0    -5.3 0    -5.3 0     5.9 0    93.4 0     1.1 0   178.4 0   907.9 0
 2026   1  1  1  9 31  9.517 153.97    -2.0 0     0.1 0     0.0 0    -0.1 0   337.8 0   279.120 0   278.963 0   343.1 0   278.620 0   278.665 0     0.0 0     0.0 0     0.0 0    -5.3 0    -5.3 0     5.9 0    93.5 0     0.9 0   174.2 0   907.9 0
 2026   1  1  1  9 32  9.533 153.78    -2.0 0     0.1 0     0.0 0    -0.1 0   337.6 0   279.116 0   278.958 0   343.1 0   278.616 0   278.662 0     0.0 0     0.0 0     0.0 0    -5.5 0    -5.5 0     5.9 0    93.5 0     1.1 0   188.8 0   907.9 0
 2026   1  1  1  9 33  9.550 153.60    -2.1 0     0.1 0     0.0 0    -0.1 0   337.5 0   279.112 0   278.967 0   343.1 0   278.612 0   278.658 0     0.0 0     0.0 0     0.0 0    -5.6 0    -5.6 0     5.9 0    93.5 0     1.0 0   166.5 0   907.8 0
 2026   1  1  1  9 34  9.567 153.42    -2.1 0     0.1 0     0.0 0    -0.1 0   337.5 0   279.111 0   278.971 0   343.1 0   278.609 0   278.655 0     0.0 0     0.0 0     0.0 0    -5.6 0    -5.6 0     5.9 0    93.6 0     0.8 0   184.8 0   907.8 0
 2026   1  1  1  9 35  9.583 153.23    -2.1 0     0.1 0     0.0 0    -0.1 0   337.6 0   279.110 0   278.971 0   343.1 0   278.606 0   278.653 0     0.0 0     0.0 0     0.0 0    -5.5 0    -5.5 0     5.9 0    93.7 0     0.6 0   167.7 0   907.8 0
 2026   1  1  1  9 36  9.600 153.05    -2.1 0     0.1 0     0.0 0    -0.1 0   337.7 0   279.110 0   278.968 0   343.1 0   278.603 0   278.650 0     0.0 0     0.0 0     0.0 0    -5.4 0    -5.4 0     5.9 0    93.7 0     0.8 0   184.6 0   907.8 0
 2026   1  1  1  9 37  9.617 152.86    -2.1 0     0.1 0     0.0 0    -0.1 0   337.8 0   279.109 0   278.968 0   343.0 0   278.600 0   278.647 0     0.0 0     0.0 0     0.0 0    -5.3 0    -5.3 0     5.9 0    93.7 0     0.7 0   207.5 0   907.8 0
 2026   1  1  1  9 38  9.633 152.68    -2.1 0     0.1 0     0.0 0    -0.1 0   337.8 0   279.109 0   278.968 0   343.0 0   278.598 0   278.645 0     0.0 0     0.0 0     0.0 0    -5.2 0    -5.2 0     5.9 0    93.8 0     0.4 0   216.6 0   907.8 0
 2026   1  1  1  9 39  9.650 152.49    -2.0 0     0.1 0     0.0 0    -0.1 0   337.8 0   279.107 0   278.956 0   343.0 0   278.595 0   278.641 0     0.0 0     0.0 0     0.0 0    -5.2 0    -5.2 0     5.9 0    93.8 0     0.6 0   231.1 0   907.8 0
 2026   1  1  1  9 40  9.667 152.31    -2.0 0     0.1 0     0.0 0    -0.1 0   337.8 0   279.103 0   278.952 0   343.0 0   278.591 0   278.637 0     0.0 0     0.0 0     0.0 0    -5.2 0    -5.2 0     5.9 0    93.8 0     0.7 0   228.7 0   907.8 0
 2026   1  1  1  9 41  9.683 152.12    -2.1 0     0.1 0     0.0 0    -0.1 0   337.7 0   279.099 0   278.948 0   343.0 0   278.588 0   278.634 0     0.0 0     0.0 0     0.0 0    -5.3 0    -5.3 0     5.9 0    93.9 0     0.7 0   242.7 0   907.8 0
 2026   1  1  1  9 42  9.700 151.93    -2.1 0     0.1 0     0.0 0    -0.1 0   337.6 0   279.096 0   278.951 0   343.0 0   278.585 0   278.632 0     0.0 0     0.0 0     0.0 0    -5.5 0    -5.5 0     5.9 0    93.9 0     0.4 0   209.5 0   907.8 0
 2026   1  1  1  9 43  9.717 151.75    -2.1 0     0.1 0     0.0 0    -0.1 0   337.6 0   279.095 0   278.959 0   343.0 0   278.582 0   278.630 0     0.0 0     0.0 0     0.0 0    -5.5 0    -5.5 0     5.9 0    94.0 0     0.5 0   201.5 0   907.8 0
 2026   1  1  1  9 44  9.733 151.56    -2.1 0     0.0 0     0.0 0    -0.1 0   337.6 0   279.095 0   278.958 0   343.1 0   278.580 0   278.629 0     0.0 0     0.0 0     0.0 0    -5.5 0    -5.5 0     5.9 0    94.1 0     0.5 0   150.3 0   907.8 0
 2026   1  1  1  9 45  9.750 151.37    -2.1 0     0.0 0     0.0 0    -0.1 0   337.6 0   279.095 0   278.957 0   343.1 0   278.579 0   278.627 0     0.0 0     0.0 0     0.0 0    -5.5 0    -5.5 0     5.9 0    94.1 0     0.0 0     0.0 0   907.8 0
 2026   1  1  1  9 46  9.767 151.18    -2.1 0     0.0 0     0.0 0    -0.1 0   337.5 0   279.095 0   278.961 0   343.1 0   278.577 0   278.626 0     0.0 0     0.0 0     0.0 0    -5.5 0    -5.5 0     5.9 0    94.1 0     0.7 0   130.9 0   907.8 0
 2026   1  1  1  9 47  9.783 150.99    -2.1 0     0.0 0     0.0 0    -0.1 0   337.7 0   279.098 0   278.979 0   343.1 0   278.576 0   278.627 0     0.0 0     0.0 0     0.0 0    -5.4 0    -5.4 0     5.9 0    94.2 0     0.5 0   136.9 0   907.8 0
 2026   1  1  1  9 48  9.800 150.80    -2.1 0     0.1 0     0.0 0    -0.1 0   337.7 0   279.104 0   278.983 0   343.2 0   278.576 0   278.623 0     0.0 0     0.0 0     0.0 0    -5.4 0    -5.4 0     5.9 0    94.1 0     1.5 0   138.2 0   907.8 0
 2026   1  1  1  9 49  9.817 150.61    -2.1 0     0.1 0     0.0 0    -0.1 0   337.7 0   279.108 0   278.981 0   343.1 0   278.573 0   278.619 0     0.0 0     0.0 0     0.0 0    -5.4 0    -5.4 0     5.9 0    94.1 0     1.7 0   142.9 0   907.8 0
 2026   1  1  1  9 50  9.833 150.42    -2.1 0     0.2 0     0.0 0    -0.1 0   337.8 0   279.109 0   278.974 0   343.1 0   278.569 0   278.617 0     0.0 0     0.0 0     0.0 0    -5.3 0    -5.3 0     5.9 0    94.2 0     1.3 0   142.4 0   907.8 0
 2026   1  1  1  9 51  9.850 150.23    -2.1 0     0.2 0     0.0 0    -0.1 0   337.8 0   279.110 0   278.972 0   343.1 0   278.567 0   278.615 0     0.0 0     0.0 0     0.0 0    -5.3 0    -5.3 0     5.9 0    94.3 0     1.3 0   148.7 0   907.8 0
 2026   1  1  1  9 52  9.867 150.04    -2.1 0     0.1 0     0.0 0    -0.1 0   337.9 0   279.112 0   278.971 0   343.1 0   278.564 0   278.613 0     0.0 0     0.0 0     0.0 0    -5.2 0    -5.2 0     5.9 0    94.3 0     1.7 0   132.3 0   907.8 0
 2026   1  1  1  9 53  9.883 149.85    -2.1 0     0.1 0     0.0 0    -0.1 0   338.0 0   279.114 0   278.968 0   343.1 0   278.562 0   278.610 0     0.0 0     0.0 0     0.0 0    -5.1 0    -5.1 0     5.9 0    94.2 0     1.9 0   135.6 0   907.8 0
 2026   1  1  1  9 54  9.900 149.66    -2.1 0     0.1 0     0.0 0    -0.1 0   337.9 0   279.115 0   278.959 0   343.0 0   278.560 0   278.608 0     0.0 0     0.0 0     0.0 0    -5.1 0    -5.1 0     5.9 0    94.3 0     1.6 0   140.5 0   907.8 0
 2026   1  1  1  9 55  9.917 149.47    -2.1 0     0.2 0    -0.1 0    -0.1 0   338.0 0   279.113 0   278.954 0   343.1 0   278.558 0   278.606 0     0.0 0     0.0 0     0.0 0    -5.1 0    -5.1 0     5.9 0    94.2 0     2.1 0   140.7 0   907.8 0
 2026   1  1  1  9 56  9.933 149.28    -2.1 0     0.2 0     0.0 0    -0.1 0   338.1 0   279.114 0   278.966 0   343.0 0   278.556 0   278.605 0     0.0 0     0.0 0     0.0 0    -5.0 0    -5.0 0     5.9 0    94.2 0     1.9 0   147.8 0   907.8 0
 2026   1  1  1  9 57  9.950 149.09    -2.1 0     0.2 0     0.0 0    -0.1 0   338.2 0   279.117 0   278.978 0   343.0 0   278.554 0   278.604 0     0.0 0     0.0 0     0.0 0    -4.9 0    -4.9 0     5.9 0    94.2 0     1.3 0   150.3 0   907.8 0
 2026   1  1  1  9 58  9.967 148.90    -2.1 0     0.2 0     0.0 0    -0.1 0   338.2 0   279.121 0   278.988 0   343.0 0   278.552 0   278.603 0     0.0 0     0.0 0     0.0 0    -4.9 0    -4.9 0     5.9 0    94.2 0     0.8 0   148.6 0   907.8 0
 2026   1  1  1  9 59  9.983 148.71    -2.1 0     0.1 0     0.0 0    -0.1 0   338.1 0   279.125 0   278.980 0   343.0 0   278.551 0   278.602 0     0.0 0     0.0 0     0.0 0    -4.9 0    -4.9 0     5.9 0    94.2 0     0.2 0   143.1 0   907.7 0
 2026   1  1  1 10  0 10.000 148.51    -2.2 0     0.1 0     0.0 0    -0.1 0   338.1 0   279.125 0   278.976 0   343.0 0   278.550 0   278.601 0     0.0 0     0.0 0     0.0 0    -5.0 0    -5.0 0     5.9 0    94.1 0     0.5 0   151.1 0   907.7 0
 2026   1  1  1 10  1 10.017 148.32    -2.2 0     0.1 0     0.0 0    -0.1 0   338.1 0   279.125 0   278.976 0   343.1 0   278.550 0   278.601 0     0.0 0     0.0 0     0.0 0    -5.0 0    -5.0 0     6.0 0    94.0 0     0.3 0   151.6 0   907.7 0
 2026   1  1  1 10  2 10.033 148.13    -2.1 0     0.1 0     0.0 0    -0.1 0   338.1 0   279.126 0   278.971 0   343.0 0   278.549 0   278.599 0     0.0 0     0.0 0     0.0 0    -5.0 0    -5.0 0     6.0 0    93.9 0     0.5 0   193.1 0   907.7 0
 2026   1  1  1 10  3 10.050 147.93    -2.0 0     0.1 0     0.0 0    -0.1 0   338.1 0   279.125 0   278.972 0   343.1 0   278.548 0   278.598 0     0.0 0     0.0 0     0.0 0    -5.0 0    -5.0 0     6.0 0    93.9 0     0.4 0   202.3 0   907.7 0
 2026   1  1  1 10  4 10.067 147.74    -2.1 0     0.1 0     0.0 0    -0.1 0   338.1 0   279.125 0   278.972 0   343.1 0   278.547 0   278.597 0     0.0 0     0.0 0     0.0 0    -5.0 0    -5.0 0     6.0 0    94.0 0     0.3 0   204.6 0   907.7 0
 2026   1  1  1 10  5 10.083 147.55    -2.3 0     0.1 0     0.0 0    -0.1 0   338.2 0   279.125 0   278.983 0   343.1 0   278.546 0   278.597 0     0.0 0     0.0 0     0.0 0    -4.9 0    -4.9 0     6.0 0    94.0 0     0.1 0   196.8 0   907.7 0
 2026   1  1  1 10  6 10.100 147.35    -2.2 0     0.1 0     0.0 0    -0.1 0   338.3 0   279.127 0   278.983 0   343.1 0   278.545 0   278.596 0     0.0 0     0.0 0     0.0 0    -4.8 0    -4.8 0     6.0 0    94.0 0     0.0 0     0.0 0   907.7 0
 2026   1  1  1 10  7 10.117 147.16    -2.2 0     0.1 0     0.0 0    -0.1 0   338.3 0   279.129 0   278.990 0   343.1 0   278.545 0   278.597 0     0.0 0     0.0 0     0.0 0    -4.8 0    -4.8 0     6.0 0    94.1 0     0.0 0     0.0 0   907.7 0
 2026   1  1  1 10  8 10.133 146.97    -2.2 0     0.1 0     0.0 0    -0.1 0   338.3 0   279.131 0   278.993 0   343.1 0   278.545 0   278.597 0     0.0 0     0.0 0     0.0 0    -4.8 0    -4.8 0     6.0 0    94.1 0     0.0 0     0.0 0   907.7 0
 2026   1  1  1 10  9 10.150 146.77    -2.2 0     0.1 0     0.0 0    -0.1 0   338.3 0   279.134 0   279.002 0   343.1 0   278.545 0   278.597 0     0.0 0     0.0 0     0.0 0    -4.8 0    -4.8 0     6.0 0    94.1 0     0.0 0     0.0 0   907.8 0
 2026   1  1  1 10 10 10.167 146.58    -2.2 0     0.1 0     0.0 0    -0.1 0   338.2 0   279.137 0   279.005 0   343.1 0   278.544 0   278.596 0     0.0 0     0.0 0     0.0 0    -4.9 0    -4.9 0     6.0 0    94.0 0     0.0 0     0.0 0   907.8 0
 2026   1  1  1 10 11 10.183 146.38    -2.2 0     0.1 0     0.0 0    -0.1 0   338.1 0   279.139 0   279.000 0   343.1 0   278.544 0   278.594 0     0.0 0     0.0 0     0.0 0    -5.0 0    -5.0 0     6.0 0    94.0 0     0.0 0     0.0 0   907.8 0
 2026   1  1  1 10 12 10.200 146.19    -2.2 0     0.1 0     0.0 0    -0.1 0   338.1 0   279.137 0   278.991 0   343.1 0   278.543 0   278.593 0     0.0 0     0.0 0     0.0 0    -5.0 0    -5.0 0     6.0 0    94.1 0     0.0 0     0.0 0   907.7 0
 2026   1  1  1 10 13 10.217 145.99    -2.2 0     0.1 0     0.0 0    -0.1 0   338.2 0   279.134 0   278.991 0   343.1 0   278.542 0   278.592 0     0.0 0     0.0 0     0.0 0    -4.9 0    -4.9 0     6.0 0    94.0 0     0.0 0   323.8 0   907.7 0
 2026   1  1  1 10 14 10.233 145.80    -2.2 0     0.1 0     0.0 0    -0.1 0   338.2 0   279.133 0   278.993 0   343.1 0   278.541 0   278.591 0     0.0 0     0.0 0     0.0 0    -4.9 0    -4.9 0     6.0 0    93.9 0     0.5 0   340.0 0   907.7 0
 2026   1  1  1 10 15 10.250 145.60    -2.2 0     0.1 0     0.0 0    -0.1 0   338.3 0   279.134 0   279.008 0   343.1 0   278.540 0   278.590 0     0.0 0     0.0 0     0.0 0    -4.8 0    -4.8 0     6.0 0    94.0 0     0.5 0   332.5 0   907.7 0
 2026   1  1  1 10 16 10.267 145.41    -2.2 0     0.1 0     0.0 0    -0.1 0   338.3 0   279.138 0   279.008 0   343.1 0   278.539 0   278.588 0     0.0 0     0.0 0     0.0 0    -4.8 0    -4.8 0     6.0 0    94.1 0     0.7 0   320.2 0   907.6 0
 2026   1  1  1 10 17 10.283 145.21    -2.2 0     0.1 0     0.0 0    -0.1 0   338.3 0   279.140 0   279.011 0   343.1 0   278.538 0   278.589 0     0.0 0     0.0 0     0.0 0    -4.8 0    -4.8 0     6.0 0    94.2 0     0.4 0   334.4 0   907.7 0
 2026   1  1  1 10 18 10.300 145.02    -2.2 0     0.1 0     0.0 0    -0.1 0   338.2 0   279.141 0   279.007 0   343.1 0   278.538 0   278.589 0     0.0 0     0.0 0     0.0 0    -4.9 0    -4.9 0     6.0 0    94.2 0     0.2 0   358.1 0   907.7 0
 2026   1  1  1 10 19 10.317 144.82    -2.2 0     0.1 0     0.0 0    -0.1 0   338.3 0   279.141 0   279.004 0   343.1 0   278.538 0   278.588 0     0.0 0     0.0 0     0.0 0    -4.8 0    -4.8 0     6.0 0    94.2 0     0.4 0    20.2 0   907.7 0
 2026   1  1  1 10 20 10.333 144.62    -2.2 0     0.1 0     0.0 0    -0.1 0   338.3 0   279.141 0   279.009 0   343.1 0   278.537 0   278.587 0     0.0 0     0.0 0     0.0 0    -4.8 0    -4.8 0     6.0 0    94.2 0     0.6 0    28.0 0   907.7 0
 2026   1  1  1 10 21 10.350 144.43    -2.2 0     0.1 0     0.0 0    -0.1 0   338.3 0   279.144 0   279.017 0   343.1 0   278.536 0   278.587 0     0.0 0     0.0 0     0.0 0    -4.8 0    -4.8 0     6.0 0    94.2 0     0.4 0    16.8 0   907.7 0
 2026   1  1  1 10 22 10.367 144.23    -2.2 0     0.1 0     0.0 0    -0.1 0   338.3 0   279.146 0   279.010 0   343.1 0   278.536 0   278.588 0     0.0 0     0.0 0     0.0 0    -4.9 0    -4.9 0     6.0 0    94.3 0     0.2 0    28.6 0   907.7 0
 2026   1  1  1 10 23 10.383 144.03    -2.1 0     0.1 0     0.0 0    -0.1 0   338.3 0   279.145 0   279.001 0   343.1 0   278.536 0   278.587 0     0.0 0     0.0 0     0.0 0    -4.8 0    -4.8 0     6.0 0    94.3 0     0.4 0   346.4 0   907.7 0
 2026   1  1  1 10 24 10.400 143.84    -2.1 0     0.1 0     0.0 0    -0.1 0   338.4 0   279.141 0   278.994 0   343.1 0   278.536 0   278.585 0     0.0 0     0.0 0     0.0 0    -4.7 0    -4.7 0     6.0 0    94.2 0     0.7 0     6.7 0   907.7 0
 2026   1  1  1 10 25 10.417 143.64    -2.1 0     0.1 0     0.0 0    -0.1 0   338.4 0   279.138 0   279.001 0   343.1 0   278.535 0   278.584 0     0.0 0     0.0 0     0.0 0    -4.7 0    -4.7 0     5.9 0    94.3 0     0.7 0     7.2 0   907.7 0
 2026   1  1  1 10 26 10.433 143.44    -2.1 0     0.1 0     0.0 0    -0.1 0   338.3 0   279.136 0   278.990 0   343.1 0   278.534 0   278.584 0     0.0 0     0.0 0     0.0 0    -4.8 0    -4.8 0     5.9 0    94.4 0     0.5 0     4.7 0   907.7 0
 2026   1  1  1 10 27 10.450 143.25    -2.2 0     0.1 0     0.0 0    -0.1 0   338.3 0   279.131 0   278.983 0   343.1 0   278.533 0   278.584 0     0.0 0     0.0 0     0.0 0    -4.8 0    -4.8 0     5.9 0    94.5 0     0.5 0     8.2 0   907.7 0
 2026   1  1  1 10 28 10.467 143.05    -2.1 0     0.1 0     0.0 0    -0.1 0   338.3 0   279.127 0   278.977 0   343.0 0   278.533 0   278.582 0     0.0 0     0.0 0     0.0 0    -4.8 0    -4.8 0     5.9 0    94.4 0     0.7 0     7.8 0   907.6 0
 2026   1  1  1 10 29 10.483 142.85    -2.1 0     0.1 0     0.0 0    -0.1 0   338.3 0   279.121 0   278.965 0   343.0 0   278.531 0   278.579 0     0.0 0     0.0 0     0.0 0    -4.7 0    -4.7 0     5.9 0    94.4 0     0.8 0     6.7 0   907.6 0
 2026   1  1  1 10 30 10.500 142.65    -2.1 0     0.1 0     0.0 0    -0.1 0   338.4 0   279.117 0   278.976 0   343.0 0   278.529 0   278.579 0     0.0 0     0.0 0     0.0 0    -4.6 0    -4.6 0     5.9 0    94.5 0     0.7 0   350.6 0   907.6 0
 2026   1  1  1 10 31 10.517 142.46    -2.2 0     0.1 0     0.0 0    -0.1 0   338.4 0   279.115 0   278.980 0   343.1 0   278.528 0   278.579 0     0.0 0     0.0 0     0.0 0    -4.7 0    -4.7 0     5.9 0    94.6 0     0.1 0   344.6 0   907.6 0
 2026   1  1  1 10 32 10.533 142.26    -2.2 0     0.1 0     0.0 0    -0.1 0   338.4 0   279.115 0   278.981 0   343.1 0   278.528 0   278.578 0     0.0 0     0.0 0     0.0 0    -4.7 0    -4.7 0     5.9 0    94.7 0     0.0 0     0.0 0   907.7 0
 2026   1  1  1 10 33 10.550 142.06    -2.2 0     0.1 0     0.0 0    -0.1 0   338.4 0   279.115 0   278.986 0   343.0 0   278.527 0   278.577 0     0.0 0     0.0 0     0.0 0    -4.6 0    -4.6 0     5.9 0    94.5 0     0.1 0   349.5 0   907.6 0
 2026   1  1  1 10 34 10.567 141.86    -2.2 0     0.1 0     0.0 0    -0.1 0   338.4 0   279.116 0   278.984 0   343.0 0   278.526 0   278.575 0     0.0 0     0.0 0     0.0 0    -4.6 0    -4.6 0     5.9 0    94.5 0     0.8 0   359.6 0   907.6 0
 2026   1  1  1 10 35 10.583 141.66    -2.2 0     0.1 0     0.0 0    -0.1 0   338.4 0   279.115 0   278.985 0   343.0 0   278.524 0   278.572 0     0.0 0     0.0 0     0.0 0    -4.6 0    -4.6 0     5.9 0    94.6 0     1.0 0     7.9 0   907.6 0
 2026   1  1  1 10 36 10.600 141.47    -2.2 0     0.1 0     0.0 0    -0.1 0   338.5 0   279.114 0   278.981 0   343.0 0   278.522 0   278.571 0     0.0 0     0.0 0     0.0 0    -4.6 0    -4.6 0     5.9 0    94.7 0     0.9 0    13.6 0   907.6 0
 2026   1  1  1 10 37 10.617 141.27    -2.1 0     0.1 0     0.0 0    -0.1 0   338.5 0   279.115 0   278.993 0   343.1 0   278.520 0   278.570 0     0.0 0     0.0 0     0.0 0    -4.5 0    -4.5 0     5.8 0    94.8 0     0.6 0    15.5 0   907.6 0
 2026   1  1  1 10 38 10.633 141.07    -2.2 0     0.1 0     0.0 0    -0.1 0   338.5 0   279.118 0   279.002 0   343.1 0   278.519 0   278.571 0     0.0 0     0.0 0     0.0 0    -4.6 0    -4.6 0     5.9 0    94.9 0     0.4 0     3.2 0   907.6 0
 2026   1  1  1 10 39 10.650 140.87    -2.2 0     0.1 0     0.0 0    -0.1 0   338.1 0   279.122 0   279.009 0   343.1 0   278.519 0   278.570 0     0.0 0     0.0 0     0.0 0    -4.9 0    -4.9 0     5.9 0    94.8 0     0.5 0   336.5 0   907.5 0
 2026   1  1  1 10 40 10.667 140.67    -2.1 0     0.1 0     0.0 0    -0.1 0   338.0 0   279.125 0   279.016 0   343.0 0   278.519 0   278.568 0     0.0 0     0.0 0     0.0 0    -5.1 0    -5.1 0     5.9 0    94.8 0     0.4 0   333.9 0   907.6 0
 2026   1  1  1 10 41 10.683 140.47    -2.1 0     0.1 0     0.0 0    -0.1 0   337.9 0   279.129 0   279.022 0   343.0 0   278.518 0   278.568 0     0.0 0     0.0 0     0.0 0    -5.1 0    -5.1 0     5.9 0    94.8 0     0.3 0   344.1 0   907.5 0
 2026   1  1  1 10 42 10.700 140.27    -2.1 0     0.1 0     0.0 0    -0.1 0   337.9 0   279.131 0   279.015 0   343.1 0   278.517 0   278.568 0     0.0 0     0.0 0     0.0 0    -5.1 0    -5.1 0     5.9 0    94.9 0     0.4 0    12.5 0   907.5 0
 2026   1  1  1 10 43 10.717 140.08    -2.1 0     0.1 0     0.0 0    -0.1 0   338.0 0   279.129 0   279.013 0   343.1 0   278.517 0   278.567 0     0.0 0     0.0 0     0.0 0    -5.0 0    -5.0 0     5.9 0    94.9 0     0.8 0    28.9 0   907.4 0
 2026   1  1  1 10 44 10.733 139.88    -2.1 0     0.1 0     0.0 0    -0.1 0   338.1 0   279.130 0   279.019 0   343.1 0   278.516 0   278.566 0     0.0 0     0.0 0     0.0 0    -5.0 0    -5.0 0     5.9 0    95.0 0     1.0 0    42.1 0   907.4 0
 2026   1  1  1 10 45 10.750 139.68    -2.1 0     0.1 0     0.0 0    -0.1 0   338.0 0   279.132 0   279.019 0   343.1 0   278.516 0   278.564 0     0.0 0     0.0 0     0.0 0    -5.1 0    -5.1 0     5.9 0    94.9 0     1.1 0    41.6 0   907.4 0
 2026   1  1  1 10 46 10.767 139.48    -2.1 0     0.1 0     0.0 0    -0.1 0   337.9 0   279.134 0   279.022 0   343.0 0   278.515 0   278.564 0     0.0 0     0.0 0     0.0 0    -5.1 0    -5.1 0     5.9 0    94.9 0     0.7 0    42.3 0   907.4 0
 2026   1  1  1 10 47 10.783 139.28    -2.1 0     0.1 0     0.0 0    -0.1 0   337.9 0   279.136 0   279.031 0   343.1 0   278.514 0   278.565 0     0.0 0     0.0 0     0.0 0    -5.2 0    -5.2 0     5.9 0    95.0 0     0.3 0    47.0 0   907.4 0
 2026   1  1  1 10 48 10.800 139.08    -2.1 0     0.1 0     0.0 0    -0.1 0   337.9 0   279.140 0   279.037 0   343.1 0   278.515 0   278.566 0     0.0 0     0.0 0     0.0 0    -5.2 0    -5.2 0     5.9 0    95.1 0     0.3 0    45.8 0   907.4 0
 2026   1  1  1 10 49 10.817 138.88    -2.1 0     0.1 0     0.0 0    -0.1 0   337.9 0   279.144 0   279.033 0   343.1 0   278.515 0   278.566 0     0.0 0     0.0 0     0.0 0    -5.3 0    -5.3 0     5.9 0    95.0 0     0.5 0    28.0 0   907.4 0
 2026   1  1  1 10 50 10.833 138.68    -2.1 0     0.1 0     0.0 0    -0.1 0   337.9 0   279.143 0   279.021 0   343.1 0   278.515 0   278.565 0     0.0 0     0.0 0     0.0 0    -5.2 0    -5.2 0     5.9 0    95.0 0     0.9 0    12.7 0   907.3 0
 2026   1  1  1 10 51 10.850 138.48    -2.0 0     0.1 0     0.0 0    -0.1 0   337.9 0   279.139 0   279.011 0   343.1 0   278.514 0   278.564 0     0.0 0     0.0 0     0.0 0    -5.2 0    -5.2 0     5.9 0    95.0 0     1.1 0     8.7 0   907.3 0
 2026   1  1  1 10 52 10.867 138.28    -2.1 0     0.1 0     0.0 0    -0.1 0   338.0 0   279.136 0   279.014 0   343.1 0   278.513 0   278.563 0     0.0 0     0.0 0     0.0 0    -5.1 0    -5.1 0     5.9 0    95.1 0     1.4 0     9.8 0   907.3 0
 2026   1  1  1 10 53 10.883 138.08    -2.1 0     0.1 0     0.0 0    -0.1 0   338.1 0   279.137 0   279.023 0   343.1 0   278.512 0   278.562 0     0.0 0     0.0 0     0.0 0    -5.0 0    -5.0 0     5.8 0    95.2 0     1.3 0    16.0 0   907.3 0
 2026   1  1  1 10 54 10.900 137.88    -2.1 0     0.1 0     0.0 0    -0.1 0   338.2 0   279.140 0   279.033 0   343.1 0   278.512 0   278.563 0     0.0 0     0.0 0     0.0 0    -4.9 0    -4.9 0     5.8 0    95.3 0     1.1 0    20.4 0   907.3 0
 2026   1  1  1 10 55 10.917 137.68    -2.1 0     0.1 0     0.0 0    -0.1 0   338.2 0   279.144 0   279.038 0   343.1 0   278.512 0   278.563 0     0.0 0     0.0 0     0.0 0    -4.9 0    -4.9 0     5.9 0    95.3 0     0.8 0    25.6 0   907.3 0
 2026   1  1  1 10 56 10.933 137.48    -2.1 0     0.1 0     0.0 0    -0.1 0   338.2 0   279.150 0   279.047 0   343.1 0   278.512 0   278.561 0     0.0 0     0.0 0     0.0 0    -4.9 0    -4.9 0     5.9 0    95.2 0     0.7 0    39.6 0   907.4 0
 2026   1  1  1 10 57 10.950 137.28    -2.1 0     0.1 0     0.0 0    -0.1 0   338.1 0   279.153 0   279.034 0   343.1 0   278.511 0   278.561 0     0.0 0     0.0 0     0.0 0    -5.1 0    -5.1 0     5.9 0    95.2 0     0.7 0    46.9 0   907.4 0
 2026   1  1  1 10 58 10.967 137.08    -2.1 0     0.1 0     0.0 0    -0.1 0   338.1 0   279.152 0   279.032 0   343.1 0   278.511 0   278.561 0     0.0 0     0.0 0     0.0 0    -5.1 0    -5.1 0     5.9 0    95.3 0     0.7 0    52.1 0   907.3 0
 2026   1  1  1 10 59 10.983 136.88    -2.1 0     0.1 0     0.0 0    -0.1 0   338.1 0   279.151 0   279.032 0   343.2 0   278.510 0   278.561 0     0.0 0     0.0 0     0.0 0    -5.0 0    -5.0 0     5.9 0    95.3 0     0.7 0    63.5 0   907.3 0
 2026   1  1  1 11  0 11.000 136.68    -2.1 0     0.1 0     0.0 0    -0.1 0   338.2 0   279.153 0   279.047 0   343.2 0   278.511 0   278.562 0     0.0 0     0.0 0     0.0 0    -5.0 0    -5.0 0     5.9 0    95.3 0     0.5 0    76.9 0   907.3 0
 2026   1  1  1 11  1 11.017 136.48    -2.1 0     0.1 0     0.0 0    -0.1 0   338.1 0   279.158 0   279.050 0   343.2 0   278.511 0   278.562 0     0.0 0     0.0 0     0.0 0    -5.1 0    -5.1 0     5.9 0    95.3 0     0.5 0    86.9 0   907.3 0
 2026   1  1  1 11  2 11.033 136.28    -2.1 0     0.1 0     0.0 0    -0.1 0   338.1 0   279.162 0   279.063 0   343.2 0   278.512 0   278.564 0     0.0 0     0.0 0     0.0 0    -5.1 0    -5.1 0     5.9 0    95.3 0     0.4 0   103.5 0   907.4 0
 2026   1  1  1 11  3 11.050 136.08    -2.0 0     0.1 0     0.0 0    -0.1 0   338.1 0   279.168 0   279.065 0   343.2 0   278.513 0   278.565 0     0.0 0     0.0 0     0.0 0    -5.1 0    -5.1 0     5.9 0    95.3 0     0.4 0    92.1 0   907.4 0
 2026   1  1  1 11  4 11.067 135.88    -2.0 0     0.1 0     0.0 0    -0.1 0   338.1 0   279.174 0   279.079 0   343.2 0   278.514 0   278.567 0     0.0 0     0.0 0     0.0 0    -5.1 0    -5.1 0     5.9 0    95.4 0     0.3 0    84.2 0   907.3 0
 2026   1  1  1 11  5 11.083 135.68    -2.1 0     0.1 0     0.0 0    -0.1 0   338.2 0   279.181 0   279.080 0   343.3 0   278.515 0   278.568 0     0.0 0     0.0 0     0.0 0    -5.1 0    -5.1 0     5.9 0    95.4 0     0.2 0    71.4 0   907.3 0
 2026   1  1  1 11  6 11.100 135.48    -2.2 0     0.1 0     0.0 0    -0.1 0   338.2 0   279.184 0   279.078 0   343.3 0   278.516 0   278.569 0     0.0 0     0.0 0     0.0 0    -5.1 0    -5.1 0     6.0 0    95.4 0     0.0 0     0.0 0   907.3 0
 2026   1  1  1 11  7 11.117 135.28    -2.2 0     0.1 0     0.0 0    -0.1 0   338.1 0   279.188 0   279.086 0   343.3 0   278.518 0   278.572 0     0.0 0     0.0 0     0.0 0    -5.2 0    -5.2 0     6.0 0    95.4 0     0.0 0     0.0 0   907.3 0
 2026   1  1  1 11  8 11.133 135.08    -2.2 0     0.1 0     0.0 0    -0.1 0   338.0 0   279.192 0   279.085 0   343.3 0   278.519 0   278.574 0     0.0 0     0.0 0     0.0 0    -5.4 0    -5.4 0     6.0 0    95.4 0     0.0 0     0.0 0   907.3 0
 2026   1  1  1 11  9 11.150 134.88    -2.2 0     0.1 0     0.0 0    -0.1 0   337.9 0   279.193 0   279.081 0   343.3 0   278.521 0   278.575 0     0.0 0     0.0 0     0.0 0    -5.4 0    -5.4 0     6.0 0    95.3 0     0.0 0     0.0 0   907.3 0
 2026   1  1  1 11 10 11.167 134.68    -2.2 0     0.1 0     0.0 0    -0.1 0   337.9 0   279.194 0   279.085 0   343.4 0   278.523 0   278.578 0     0.0 0     0.0 0     0.0 0    -5.5 0    -5.5 0     6.0 0    95.3 0     0.1 0   125.2 0   907.3 0
 2026   1  1  1 11 11 11.183 134.48    -2.1 0     0.1 0     0.1 0    -0.1 0   338.0 0   279.197 0   279.093 0   343.3 0   278.525 0   278.577 0     0.0 0     0.0 0     0.0 0    -5.4 0    -5.4 0     6.0 0    95.2 0     0.6 0   141.2 0   907.3 0
 2026   1  1  1 11 12 11.200 134.28    -2.1 0     0.1 0     0.1 0    -0.1 0   338.0 0   279.201 0   279.098 0   343.4 0   278.526 0   278.578 0     0.0 0     0.0 0     0.0 0    -5.3 0    -5.3 0     6.0 0    95.2 0     0.6 0   148.9 0   907.3 0
 2026   1  1  1 11 13 11.217 134.08    -2.1 0     0.1 0     0.1 0    -0.1 0   338.1 0   279.205 0   279.105 0   343.4 0   278.528 0   278.580 0     0.0 0     0.0 0     0.0 0    -5.3 0    -5.3 0     6.0 0    95.3 0     0.3 0   127.8 0   907.2 0
 2026   1  1  1 11 14 11.233 133.88    -2.1 0     0.1 0     0.1 0    -0.1 0   338.1 0   279.210 0   279.115 0   343.4 0   278.529 0   278.581 0     0.0 0     0.0 0     0.0 0    -5.3 0    -5.3 0     6.0 0    95.3 0     0.0 0   114.1 0   907.2 0
 2026   1  1  1 11 15 11.250 133.68    -2.1 0     0.1 0     0.1 0    -0.1 0   338.2 0   279.215 0   279.117 0   343.4 0   278.530 0   278.583 0     0.0 0     0.0 0     0.0 0    -5.2 0    -5.2 0     6.0 0    95.3 0     0.0 0     0.0 0   907.2 0
 2026   1  1  1 11 16 11.267 133.48    -2.1 0     0.1 0     0.1 0    -0.1 0   338.1 0   279.218 0   279.116 0   343.4 0   278.532 0   278.587 0     0.0 0     0.0 0     0.0 0    -5.3 0    -5.3 0     6.0 0    95.4 0     0.0 0     0.0 0   907.2 0
 2026   1  1  1 11 17 11.283 133.28    -2.1 0     0.1 0     0.1 0    -0.1 0   338.1 0   279.221 0   279.125 0   343.4 0   278.534 0   278.590 0     0.0 0     0.0 0     0.0 0    -5.3 0    -5.3 0     6.1 0    95.4 0     0.0 0     0.0 0   907.2 0
 2026   1  1  1 11 18 11.300 133.08    -2.1 0     0.1 0     0.1 0    -0.1 0   338.0 0   279.226 0   279.130 0   343.4 0   278.536 0   278.592 0     0.0 0     0.0 0     0.0 0    -5.4 0    -5.4 0     6.1 0    95.3 0     0.0 0     0.0 0   907.2 0
 2026   1  1  1 11 19 11.317 132.88    -2.1 0     0.1 0     0.1 0    -0.1 0   338.0 0   279.231 0   279.133 0   343.4 0   278.538 0   278.591 0     0.0 0     0.0 0     0.0 0    -5.4 0    -5.4 0     6.1 0    95.2 0     0.2 0   154.3 0   907.2 0
 2026   1  1  1 11 20 11.333 132.68    -2.1 0     0.1 0     0.1 0    -0.1 0   338.0 0   279.234 0   279.134 0   343.4 0   278.539 0   278.591 0     0.0 0     0.0 0     0.0 0    -5.4 0    -5.4 0     6.1 0    95.1 0     0.2 0   161.6 0   907.2 0
 2026   1  1  1 11 21 11.350 132.48    -2.1 0     0.1 0     0.1 0    -0.1 0   338.0 0   279.236 0   279.137 0   343.4 0   278.540 0   278.592 0     0.0 0     0.0 0     0.0 0    -5.4 0    -5.4 0     6.0 0    95.2 0     0.0 0     0.0 0   907.2 0
 2026   1  1  1 11 22 11.367 132.28    -2.1 0     0.2 0     0.1 0    -0.1 0   338.0 0   279.238 0   279.140 0   343.4 0   278.541 0   278.592 0     0.0 0     0.0 0     0.0 0    -5.4 0    -5.4 0     6.1 0    95.2 0     0.0 0     0.0 0   907.2 0
 2026   1  1  1 11 23 11.383 132.08    -2.1 0     0.1 0     0.1 0     0.0 0   338.0 0   279.241 0   279.144 0   343.4 0   278.542 0   278.594 0     0.0 0     0.0 0     0.0 0    -5.5 0    -5.5 0     6.0 0    95.2 0     0.0 0     0.0 0   907.3 0
 2026   1  1  1 11 24 11.400 131.88    -2.1 0     0.1 0     0.1 0     0.0 0   338.0 0   279.242 0   279.138 0   343.4 0   278.543 0   278.594 0     0.0 0     0.0 0     0.0 0    -5.5 0    -5.5 0     6.0 0    95.2 0     0.0 0     0.0 0   907.3 0
 2026   1  1  1 11 25 11.417 131.68    -2.1 0     0.2 0     0.1 0     0.0 0   338.0 0   279.242 0   279.146 0   343.4 0   278.543 0   278.595 0     0.0 0     0.0 0     0.0 0    -5.5 0    -5.5 0     6.0 0    95.3 0     0.0 0     0.0 0   907.3 0
 2026   1  1  1 11 26 11.433 131.47    -2.1 0     0.2 0     0.1 0     0.0 0   337.9 0   279.246 0   279.156 0   343.4 0   278.544 0   278.596 0     0.0 0     0.0 0     0.0 0    -5.5 0    -5.5 0     6.0 0    95.3 0     0.0 0     0.0 0   907.3 0
 2026   1  1  1 11 27 11.450 131.27    -2.1 0     0.1 0     0.1 0     0.0 0   337.9 0   279.250 0   279.153 0   343.4 0   278.545 0   278.597 0     0.0 0     0.0 0     0.0 0    -5.5 0    -5.5 0     6.0 0    95.4 0     0.2 0   245.2 0   907.3 0
 2026   1  1  1 11 28 11.467 131.07    -2.2 0     0.1 0     0.1 0     0.0 0   337.9 0   279.252 0   279.158 0   343.4 0   278.546 0   278.598 0     0.0 0     0.0 0     0.0 0    -5.6 0    -5.6 0     6.0 0    95.4 0     0.5 0   239.2 0   907.3 0
 2026   1  1  1 11 29 11.483 130.87    -2.1 0     0.1 0     0.1 0     0.0 0   337.9 0   279.253 0   279.147 0   343.4 0   278.548 0   278.599 0     0.0 0     0.0 0     0.0 0    -5.5 0    -5.5 0     6.0 0    95.3 0     0.8 0   242.4 0   907.3 0
 2026   1  1  1 11 30 11.500 130.67    -2.1 0     0.1 0     0.1 0     0.0 0   337.9 0   279.250 0   279.133 0   343.4 0   278.548 0   278.599 0     0.0 0     0.0 0     0.0 0    -5.4 0    -5.4 0     6.0 0    95.3 0     0.8 0   238.8 0   907.3 0
 2026   1  1  1 11 31 11.517 130.47    -2.1 0     0.1 0     0.1 0     0.0 0   338.0 0   279.246 0   279.134 0   343.4 0   278.548 0   278.599 0     0.0 0     0.0 0     0.0 0    -5.4 0    -5.4 0     5.9 0    95.4 0     0.4 0   229.5 0   907.3 0
 2026   1  1  1 11 32 11.533 130.27    -2.1 0     0.2 0     0.1 0     0.0 0   338.1 0   279.242 0   279.126 0   343.4 0   278.548 0   278.599 0     0.0 0     0.0 0     0.0 0    -5.3 0    -5.3 0     5.9 0    95.5 0     0.0 0   242.5 0   907.3 0
 2026   1  1  1 11 33 11.550 130.07    -2.1 0     0.2 0     0.1 0     0.0 0   338.1 0   279.238 0   279.128 0   343.4 0   278.549 0   278.600 0     0.0 0     0.0 0     0.0 0    -5.3 0    -5.3 0     6.0 0    95.5 0     0.0 0     0.0 0   907.3 0
 2026   1  1  1 11 34 11.567 129.87    -2.1 0     0.2 0     0.1 0     0.0 0   338.2 0   279.239 0   279.136 0   343.4 0   278.549 0   278.600 0     0.0 0     0.0 0     0.0 0    -5.2 0    -5.2 0     6.0 0    95.4 0     0.0 0     0.0 0   907.3 0
 2026   1  1  1 11 35 11.583 129.67    -2.1 0     0.2 0     0.0 0     0.0 0   338.3 0   279.240 0   279.137 0   343.4 0   278.548 0   278.600 0     0.0 0     0.0 0     0.0 0    -5.2 0    -5.2 0     6.0 0    95.4 0     0.0 0     0.0 0   907.3 0
 2026   1  1  1 11 36 11.600 129.47    -2.1 0     0.2 0     0.0 0     0.0 0   338.4 0   279.240 0   279.126 0   343.4 0   278.548 0   278.600 0     0.0 0     0.0 0     0.0 0    -5.1 0    -5.1 0     6.0 0    95.4 0     0.0 0     0.0 0   907.3 0
 2026   1  1  1 11 37 11.617 129.27    -2.2 0     0.2 0     0.0 0     0.0 0   338.4 0   279.239 0   279.132 0   343.5 0   278.548 0   278.600 0     0.0 0     0.0 0     0.0 0    -5.0 0    -5.0 0     6.0 0    95.5 0     0.0 0     0.0 0   907.2 0
 2026   1  1  1 11 38 11.633 129.07    -2.1 0     0.2 0     0.0 0    -0.1 0   338.4 0   279.238 0   279.115 0   343.5 0   278.548 0   278.600 0     0.0 0     0.0 0     0.0 0    -5.1 0    -5.1 0     6.0 0    95.5 0     0.0 0     0.0 0   907.2 0
 2026   1  1  1 11 39 11.650 128.87    -2.1 0     0.2 0     0.0 0    -0.1 0   338.4 0   279.232 0   279.102 0   343.4 0   278.548 0   278.600 0     0.0 0     0.0 0     0.0 0    -5.1 0    -5.1 0     6.0 0    95.5 0     0.0 0     0.0 0   907.2 0
 2026   1  1  1 11 40 11.667 128.67    -2.1 0     0.2 0     0.0 0    -0.1 0   338.4 0   279.227 0   279.099 0   343.5 0   278.548 0   278.601 0     0.0 0     0.0 0     0.0 0    -5.0 0    -5.0 0     6.0 0    95.5 0     0.0 0     0.0 0   907.2 0
 2026   1  1  1 11 41 11.683 128.47    -2.1 0     0.2 0     0.0 0    -0.1 0   338.6 0   279.225 0   279.108 0   343.5 0   278.549 0   278.602 0     0.0 0     0.0 0     0.0 0    -4.9 0    -4.9 0     6.0 0    95.5 0     0.0 0     0.0 0   907.3 0
 2026   1  1  1 11 42 11.700 128.27    -2.1 0     0.2 0     0.0 0    -0.1 0   338.6 0   279.227 0   279.109 0   343.5 0   278.549 0   278.602 0     0.0 0     0.0 0     0.0 0    -4.8 0    -4.8 0     6.0 0    95.4 0     0.0 0     0.0 0   907.3 0
 2026   1  1  1 11 43 11.717 128.07    -2.1 0     0.2 0     0.0 0    -0.1 0   338.7 0   279.228 0   279.113 0   343.5 0   278.549 0   278.602 0     0.0 0     0.0 0     0.0 0    -4.8 0    -4.8 0     6.0 0    95.4 0     0.0 0     0.0 0   907.3 0
 2026   1  1  1 11 44 11.733 127.86    -2.1 0     0.2 0     0.0 0     0.0 0   338.7 0   279.229 0   279.106 0   343.5 0   278.549 0   278.600 0     0.0 0     0.0 0     0.0 0    -4.8 0    -4.8 0     6.0 0    95.3 0     0.0 0     0.0 0   907.3 0
 2026   1  1  1 11 45 11.750 127.66    -2.1 0     0.2 0     0.0 0     0.0 0   338.6 0   279.225 0   279.090 0   343.5 0   278.548 0   278.601 0     0.0 0     0.0 0     0.0 0    -4.9 0    -4.9 0     6.0 0    95.3 0     0.3 0   244.0 0   907.3 0
 2026   1  1  1 11 46 11.767 127.46    -2.2 0     0.2 0     0.0 0     0.0 0   338.7 0   279.219 0   279.094 0   343.5 0   278.548 0   278.600 0     0.0 0     0.0 0     0.0 0    -4.8 0    -4.8 0     6.0 0    95.3 0     0.8 0   253.9 0   907.3 0
 2026   1  1  1 11 47 11.783 127.26    -2.2 0     0.2 0     0.0 0     0.0 0   338.7 0   279.219 0   279.104 0   343.6 0   278.548 0   278.601 0     0.0 0     0.0 0     0.0 0    -4.9 0    -4.9 0     6.0 0    95.3 0     0.8 0   216.1 0   907.3 0
 2026   1  1  1 11 48 11.800 127.06    -2.2 0     0.2 0     0.0 0     0.0 0   338.8 0   279.222 0   279.116 0   343.5 0   278.548 0   278.603 0     0.0 0     0.0 0     0.0 0    -4.7 0    -4.7 0     6.0 0    95.4 0     0.6 0   260.8 0   907.3 0
 2026   1  1  1 11 49 11.817 126.86    -2.2 0     0.2 0     0.0 0     0.0 0   338.8 0   279.224 0   279.118 0   343.5 0   278.549 0   278.602 0     0.0 0     0.0 0     0.0 0    -4.6 0    -4.6 0     6.0 0    95.4 0     1.0 0   265.9 0   907.3 0
 2026   1  1  1 11 50 11.833 126.66    -2.2 0     0.3 0     0.0 0     0.0 0   338.8 0   279.227 0   279.125 0   343.4 0   278.548 0   278.598 0     0.0 0     0.0 0     0.0 0    -4.7 0    -4.7 0     6.0 0    95.3 0     1.0 0   273.6 0   907.3 0
 2026   1  1  1 11 51 11.850 126.46    -2.1 0     0.3 0     0.0 0     0.0 0   338.8 0   279.226 0   279.091 0   343.4 0   278.545 0   278.595 0     0.0 0     0.0 0     0.0 0    -4.6 0    -4.6 0     5.9 0    95.3 0     1.1 0   286.2 0   907.2 0
 2026   1  1  1 11 52 11.867 126.26    -2.1 0     0.3 0     0.0 0     0.0 0   338.7 0   279.218 0   279.087 0   343.3 0   278.543 0   278.594 0     0.0 0     0.0 0     0.0 0    -4.6 0    -4.6 0     5.9 0    95.4 0     1.1 0   290.5 0   907.2 0
 2026   1  1  1 11 53 11.883 126.06    -2.1 0     0.2 0     0.0 0     0.0 0   338.7 0   279.212 0   279.084 0   343.3 0   278.541 0   278.592 0     0.0 0     0.0 0     0.0 0    -4.6 0    -4.6 0     5.9 0    95.4 0     1.2 0   294.8 0   907.2 0
 2026   1  1  1 11 54 11.900 125.86    -2.2 0     0.2 0     0.0 0     0.0 0   338.8 0   279.208 0   279.089 0   343.3 0   278.539 0   278.590 0     0.0 0     0.0 0     0.0 0    -4.5 0    -4.5 0     5.9 0    95.4 0     1.0 0   303.6 0   907.2 0
 2026   1  1  1 11 55 11.917 125.66    -2.2 0     0.2 0     0.0 0     0.0 0   338.9 0   279.206 0   279.083 0   343.3 0   278.538 0   278.589 0     0.0 0     0.0 0     0.0 0    -4.4 0    -4.4 0     5.9 0    95.4 0     1.0 0   313.5 0   907.2 0
 2026   1  1  1 11 56 11.933 125.46    -2.2 0     0.2 0     0.0 0     0.0 0   339.1 0   279.202 0   279.068 0   343.3 0   278.537 0   278.589 0     0.0 0     0.0 0     0.0 0    -4.2 0    -4.2 0     5.9 0    95.5 0     0.8 0   318.0 0   907.2 0
 2026   1  1  1 11 57 11.950 125.26    -2.1 0     0.2 0     0.0 0     0.0 0   339.2 0   279.197 0   279.073 0   343.4 0   278.537 0   278.589 0     0.0 0     0.0 0     0.0 0    -4.2 0    -4.2 0     5.9 0    95.5 0     0.9 0   317.7 0   907.2 0
 2026   1  1  1 11 58 11.967 125.06    -2.2 0     0.1 0     0.0 0     0.0 0   339.4 0   279.197 0   279.087 0   343.6 0   278.538 0   278.595 0     0.0 0     0.0 0     0.0 0    -4.2 0    -4.2 0     5.9 0    95.6 0     0.7 0   339.2 0   907.1 0
 2026   1  1  1 11 59 11.983 124.86    -2.2 0     0.1 0     0.0 0     0.0 0   339.5 0   279.202 0   279.091 0   343.7 0   278.541 0   278.602 0     0.0 0     0.0 0     0.0 0    -4.2 0    -4.2 0     5.9 0    95.6 0     0.8 0     8.3 0   907.1 0
 2026   1  1  1 12  0 12.000 124.66    -2.2 0     0.1 0     0.0 0     0.0 0   339.6 0   279.210 0   279.099 0   343.7 0   278.546 0   278.607 0     0.0 0     0.0 0     0.0 0    -4.2 0    -4.2 0     6.0 0    95.5 0     0.2 0    24.8 0   907.1 0
 2026   1  1  1 12  1 12.017 124.46    -2.2 0     0.2 0     0.0 0     0.0 0   339.6 0   279.220 0   279.108 0   343.8 0   278.550 0   278.611 0     0.0 0     0.0 0     0.0 0    -4.2 0    -4.2 0     6.0 0    95.5 0     0.0 0   115.1 0   907.1 0
 2026   1  1  1 12  2 12.033 124.26    -2.2 0     0.2 0     0.0 0     0.0 0   339.7 0   279.231 0   279.120 0   343.8 0   278.554 0   278.618 0     0.0 0     0.0 0     0.0 0    -4.2 0    -4.2 0     6.0 0    95.3 0     0.9 0   115.8 0   907.1 0
 2026   1  1  1 12  3 12.050 124.06    -2.1 0     0.2 0     0.0 0     0.0 0   339.7 0   279.242 0   279.118 0   343.8 0   278.559 0   278.624 0     0.0 0     0.0 0     0.0 0    -4.1 0    -4.1 0     6.1 0    95.3 0     1.0 0   135.1 0   907.1 0
 2026   1  1  1 12  4 12.067 123.86    -2.2 0     0.2 0     0.0 0    -0.1 0   339.6 0   279.254 0   279.132 0   343.7 0   278.565 0   278.626 0     0.0 0     0.0 0     0.0 0    -4.1 0    -4.1 0     6.1 0    95.2 0     1.3 0   149.5 0   907.1 0
 2026   1  1  1 12  5 12.083 123.66    -2.4 0     0.2 0     0.0 0    -0.1 0   339.6 0   279.268 0   279.147 0   343.7 0   278.569 0   278.626 0     0.0 0     0.0 0     0.0 0    -4.1 0    -4.1 0     6.1 0    95.1 0     1.3 0   154.7 0   907.1 0
 2026   1  1  1 12  6 12.100 123.46    -2.4 0     0.2 0     0.0 0    -0.1 0   339.6 0   279.278 0   279.143 0   343.7 0   278.572 0   278.628 0     0.0 0     0.0 0     0.0 0    -4.1 0    -4.1 0     6.1 0    95.0 0     1.2 0   166.5 0   907.1 0
 2026   1  1  1 12  7 12.117 123.26    -2.3 0     0.2 0     0.0 0    -0.1 0   339.6 0   279.284 0   279.149 0   343.7 0   278.575 0   278.631 0     0.0 0     0.0 0     0.0 0    -4.1 0    -4.1 0     6.0 0    95.0 0     1.0 0   171.5 0   907.1 0
 2026   1  1  1 12  8 12.133 123.06    -2.3 0     0.2 0     0.0 0    -0.1 0   339.7 0   279.288 0   279.143 0   343.6 0   278.578 0   278.634 0     0.0 0     0.0 0     0.0 0    -4.0 0    -4.0 0     6.1 0    95.0 0     1.0 0   171.4 0   907.0 0
 2026   1  1  1 12  9 12.150 122.86    -2.3 0     0.2 0     0.0 0    -0.1 0   339.7 0   279.291 0   279.148 0   343.6 0   278.580 0   278.636 0     0.0 0     0.0 0     0.0 0    -3.9 0    -3.9 0     6.1 0    94.9 0     0.9 0   178.4 0   907.0 0
 2026   1  1  1 12 10 12.167 122.66    -2.4 0     0.2 0     0.0 0    -0.1 0   339.8 0   279.295 0   279.152 0   343.7 0   278.583 0   278.637 0     0.0 0     0.0 0     0.0 0    -3.9 0    -3.9 0     6.1 0    94.9 0     0.9 0   185.9 0   907.0 0
 2026   1  1  1 12 11 12.183 122.46    -2.4 0     0.2 0     0.0 0    -0.1 0   339.9 0   279.299 0   279.160 0   343.7 0   278.585 0   278.639 0     0.0 0     0.0 0     0.0 0    -3.8 0    -3.8 0     6.1 0    94.9 0     1.0 0   202.4 0   907.1 0
 2026   1  1  1 12 12 12.200 122.26    -2.3 0     0.3 0     0.0 0    -0.1 0   339.9 0   279.303 0   279.159 0   343.7 0   278.587 0   278.641 0     0.0 0     0.0 0     0.0 0    -3.8 0    -3.8 0     6.0 0    94.9 0     1.1 0   224.2 0   907.1 0
 2026   1  1  1 12 13 12.217 122.06    -2.3 0     0.3 0     0.0 0    -0.1 0   339.9 0   279.304 0   279.156 0   343.7 0   278.590 0   278.645 0     0.0 0     0.0 0     0.0 0    -3.8 0    -3.8 0     6.0 0    95.1 0     0.8 0   248.9 0   907.1 0
 2026   1  1  1 12 14 12.233 121.86    -2.3 0     0.2 0     0.0 0    -0.1 0   340.0 0   279.304 0   279.153 0   343.8 0   278.592 0   278.648 0     0.0 0     0.0 0     0.0 0    -3.8 0    -3.8 0     6.1 0    95.1 0     0.6 0   253.7 0   907.1 0
 2026   1  1  1 12 15 12.250 121.67    -2.3 0     0.2 0     0.0 0    -0.1 0   340.0 0   279.304 0   279.161 0   343.7 0   278.596 0   278.652 0     0.0 0     0.0 0     0.0 0    -3.7 0    -3.7 0     6.1 0    95.1 0     0.2 0   277.0 0   907.1 0
 2026   1  1  1 12 16 12.267 121.47    -2.2 0     0.2 0     0.0 0    -0.1 0   340.0 0   279.305 0   279.153 0   343.7 0   278.598 0   278.653 0     0.0 0     0.0 0     0.0 0    -3.8 0    -3.8 0     6.1 0    95.1 0     0.2 0   280.6 0   907.1 0
 2026   1  1  1 12 17 12.283 121.27    -2.3 0     0.2 0     0.0 0    -0.1 0   339.7 0   279.305 0   279.158 0   343.8 0   278.601 0   278.657 0     0.0 0     0.0 0     0.0 0    -4.1 0    -4.1 0     6.1 0    95.0 0     0.3 0   291.2 0   907.1 0
 2026   1  1  1 12 18 12.300 121.07    -2.3 0     0.2 0     0.0 0    -0.1 0   339.7 0   279.305 0   279.160 0   343.8 0   278.604 0   278.663 0     0.0 0     0.0 0     0.0 0    -4.2 0    -4.2 0     6.2 0    95.0 0     0.2 0   269.1 0   907.1 0
 2026   1  1  1 12 19 12.317 120.87    -2.2 0     0.2 0     0.0 0    -0.1 0   339.6 0   279.304 0   279.163 0   343.9 0   278.609 0   278.668 0     0.0 0     0.0 0     0.0 0    -4.2 0    -4.2 0     6.2 0    95.0 0     0.0 0   300.0 0   907.1 0
 2026   1  1  1 12 20 12.333 120.67    -2.2 0     0.2 0     0.0 0    -0.1 0   339.6 0   279.302 0   279.159 0   343.9 0   278.612 0   278.671 0     0.0 0     0.0 0     0.0 0    -4.3 0    -4.3 0     6.2 0    94.9 0     0.2 0   229.6 0   907.1 0
 2026   1  1  1 12 21 12.350 120.47    -2.2 0     0.2 0     0.0 0    -0.1 0   339.6 0   279.300 0   279.158 0   343.9 0   278.616 0   278.674 0     0.0 0     0.0 0     0.0 0    -4.2 0    -4.2 0     6.2 0    94.8 0     0.6 0   234.7 0   907.0 0
 2026   1  1  1 12 22 12.367 120.27    -2.2 0     0.2 0     0.0 0    -0.1 0   339.7 0   279.298 0   279.156 0   343.8 0   278.620 0   278.677 0     0.0 0     0.0 0     0.0 0    -4.2 0    -4.2 0     6.2 0    94.9 0     0.4 0   246.2 0   907.0 0
 2026   1  1  1 12 23 12.383 120.07    -2.2 0     0.2 0     0.0 0    -0.1 0   339.6 0   279.294 0   279.143 0   343.7 0   278.623 0   278.679 0     0.0 0     0.0 0     0.0 0    -4.1 0    -4.1 0     6.2 0    95.0 0     0.7 0   293.0 0   907.0 0
 2026   1  1  1 12 24 12.400 119.87    -2.2 0     0.1 0     0.0 0    -0.1 0   339.6 0   279.289 0   279.139 0   343.7 0   278.627 0   278.679 0     0.0 0     0.0 0     0.0 0    -4.1 0    -4.1 0     6.2 0    94.9 0     1.1 0   306.4 0   907.1 0
 2026   1  1  1 12 25 12.417 119.68    -2.1 0     0.1 0     0.0 0    -0.1 0   339.6 0   279.284 0   279.142 0   343.7 0   278.630 0   278.682 0     0.0 0     0.0 0     0.0 0    -4.1 0    -4.1 0     6.1 0    95.0 0     1.2 0   307.8 0   907.1 0
 2026   1  1  1 12 26 12.433 119.48    -2.1 0     0.1 0     0.0 0    -0.1 0   339.6 0   279.282 0   279.144 0   343.7 0   278.633 0   278.686 0     0.0 0     0.0 0     0.0 0    -4.1 0    -4.1 0     6.1 0    95.0 0     1.2 0   307.2 0   907.1 0
 2026   1  1  1 12 27 12.450 119.28    -2.1 0     0.1 0     0.0 0    -0.1 0   339.7 0   279.280 0   279.139 0   343.6 0   278.637 0   278.687 0     0.0 0     0.0 0     0.0 0    -4.0 0    -4.0 0     6.1 0    95.0 0     1.7 0   304.0 0   907.1 0
 2026   1  1  1 12 28 12.467 119.08    -2.1 0     0.1 0     0.0 0    -0.1 0   339.6 0   279.276 0   279.136 0   343.5 0   278.638 0   278.684 0     0.0 0     0.0 0     0.0 0    -3.9 0    -3.9 0     6.1 0    94.9 0     1.8 0   303.1 0   907.1 0
 2026   1  1  1 12 29 12.483 118.88    -2.1 0     0.1 0     0.0 0    -0.1 0   339.6 0   279.272 0   279.137 0   343.5 0   278.636 0   278.682 0     0.0 0     0.0 0     0.0 0    -3.9 0    -3.9 0     6.0 0    95.0 0     1.5 0   306.9 0   907.1 0
 2026   1  1  1 12 30 12.500 118.68    -2.1 0     0.1 0     0.0 0    -0.1 0   339.6 0   279.269 0   279.135 0   343.5 0   278.635 0   278.682 0     0.0 0     0.0 0     0.0 0    -3.9 0    -3.9 0     6.0 0    95.2 0     1.6 0   318.3 0   907.0 0
 2026   1  1  1 12 31 12.517 118.48    -2.1 0     0.1 0     0.0 0     0.0 0   339.6 0   279.268 0   279.143 0   343.5 0   278.634 0   278.683 0     0.0 0     0.0 0     0.0 0    -3.8 0    -3.8 0     6.0 0    95.3 0     1.2 0   322.9 0   907.0 0
 2026   1  1  1 12 32 12.533 118.28    -2.1 0     0.1 0     0.0 0     0.0 0   339.7 0   279.269 0   279.147 0   343.5 0   278.634 0   278.684 0     0.0 0     0.0 0     0.0 0    -3.9 0    -3.9 0     6.0 0    95.4 0     0.9 0   315.0 0   907.0 0
 2026   1  1  1 12 33 12.550 118.09    -2.1 0     0.1 0     0.0 0    -0.1 0   339.6 0   279.271 0   279.140 0   343.5 0   278.634 0   278.683 0     0.0 0     0.0 0     0.0 0    -3.9 0    -3.9 0     6.0 0    95.4 0     1.1 0   303.3 0   907.0 0
 2026   1  1  1 12 34 12.567 117.89    -2.1 0     0.0 0     0.0 0    -0.1 0   339.6 0   279.270 0   279.130 0   343.5 0   278.634 0   278.682 0     0.0 0     0.0 0     0.0 0    -3.9 0    -3.9 0     6.0 0    95.3 0     1.0 0   282.7 0   907.1 0
 2026   1  1  1 12 35 12.583 117.69    -2.1 0     0.1 0     0.0 0    -0.1 0   339.6 0   279.266 0   279.122 0   343.4 0   278.633 0   278.680 0     0.0 0     0.0 0     0.0 0    -3.9 0    -3.9 0     6.0 0    95.3 0     1.0 0   276.8 0   907.1 0
 2026   1  1  1 12 36 12.600 117.49    -2.1 0     0.0 0     0.0 0     0.0 0   339.6 0   279.262 0   279.114 0   343.5 0   278.632 0   278.681 0     0.0 0     0.0 0     0.0 0    -3.9 0    -3.9 0     6.0 0    95.4 0     0.8 0   261.6 0   907.1 0
 2026   1  1  1 12 37 12.617 117.29    -2.1 0     0.0 0     0.0 0     0.0 0   339.7 0   279.258 0   279.122 0   343.5 0   278.632 0   278.680 0     0.0 0     0.0 0     0.0 0    -3.8 0    -3.8 0     6.0 0    95.4 0     0.7 0   265.7 0   907.0 0
 2026   1  1  1 12 38 12.633 117.10    -2.2 0     0.0 0     0.1 0     0.0 0   339.7 0   279.257 0   279.127 0   343.5 0   278.631 0   278.681 0     0.0 0     0.0 0     0.0 0    -3.9 0    -3.9 0     6.0 0    95.4 0     0.3 0   266.2 0   907.0 0
 2026   1  1  1 12 39 12.650 116.90    -2.2 0     0.0 0     0.0 0     0.0 0   339.7 0   279.258 0   279.138 0   343.6 0   278.631 0   278.682 0     0.0 0     0.0 0     0.0 0    -3.9 0    -3.9 0     6.0 0    95.5 0     0.0 0   268.9 0   907.0 0
 2026   1  1  1 12 40 12.667 116.70    -2.2 0     0.1 0     0.0 0     0.0 0   339.7 0   279.260 0   279.133 0   343.6 0   278.632 0   278.682 0     0.0 0     0.0 0     0.0 0    -3.9 0    -3.9 0     6.0 0    95.4 0     0.3 0   351.0 0   907.0 0
 2026   1  1  1 12 41 12.683 116.50    -2.2 0     0.1 0     0.0 0     0.0 0   339.7 0   279.259 0   279.133 0   343.6 0   278.632 0   278.683 0     0.0 0     0.0 0     0.0 0    -3.9 0    -3.9 0     6.0 0    95.4 0     0.5 0   340.9 0   907.0 0
 2026   1  1  1 12 42 12.700 116.31    -2.2 0     0.1 0     0.0 0     0.0 0   339.7 0   279.260 0   279.135 0   343.6 0   278.632 0   278.684 0     0.0 0     0.0 0     0.0 0    -3.9 0    -3.9 0     6.0 0    95.5 0     0.2 0   352.4 0   907.0 0
 2026   1  1  1 12 43 12.717 116.11    -2.2 0     0.1 0     0.0 0     0.0 0   339.7 0   279.259 0   279.130 0   343.7 0   278.633 0   278.685 0     0.0 0     0.0 0     0.0 0    -3.9 0    -3.9 0     6.0 0    95.5 0     0.0 0     0.0 0   907.0 0
 2026   1  1  1 12 44 12.733 115.91    -2.2 0     0.1 0     0.0 0     0.0 0   339.8 0   279.259 0   279.131 0   343.7 0   278.633 0   278.686 0     0.0 0     0.0 0     0.0 0    -3.9 0    -3.9 0     6.1 0    95.6 0     0.0 0     0.0 0   907.0 0
 2026   1  1  1 12 45 12.750 115.71    -2.2 0     0.1 0     0.1 0     0.0 0   339.9 0   279.261 0   279.146 0   343.7 0   278.634 0   278.688 0     0.0 0     0.0 0     0.0 0    -3.8 0    -3.8 0     6.1 0    95.5 0     0.0 0     0.0 0   907.0 0
 2026   1  1  1 12 46 12.767 115.52    -2.2 0     0.1 0     0.1 0     0.0 0   340.0 0   279.268 0   279.156 0   343.7 0   278.636 0   278.690 0     0.0 0     0.0 0     0.0 0    -3.7 0    -3.7 0     6.1 0    95.5 0     0.0 0     0.0 0   907.0 0
 2026   1  1  1 12 47 12.783 115.32    -2.2 0     0.1 0     0.1 0     0.0 0   340.2 0   279.275 0   279.160 0   343.7 0   278.637 0   278.690 0     0.0 0     0.0 0     0.0 0    -3.6 0    -3.6 0     6.1 0    95.5 0     0.0 0     0.0 0   907.0 0
 2026   1  1  1 12 48 12.800 115.12    -2.2 0     0.1 0     0.1 0     0.0 0   340.3 0   279.280 0   279.170 0   343.7 0   278.638 0   278.690 0     0.0 0     0.0 0     0.0 0    -3.4 0    -3.4 0     6.1 0    95.4 0     0.4 0   342.0 0   907.0 0
 2026   1  1  1 12 49 12.817 114.93    -2.2 0     0.1 0     0.0 0     0.0 0   340.5 0   279.285 0   279.168 0   343.8 0   278.639 0   278.691 0     0.0 0     0.0 0     0.0 0    -3.3 0    -3.3 0     6.1 0    95.4 0     1.1 0   347.4 0   907.0 0
 2026   1  1  1 12 50 12.833 114.73    -2.1 0     0.1 0     0.0 0     0.0 0   340.4 0   279.286 0   279.161 0   344.2 0   278.641 0   278.704 0     0.0 0     0.0 0     0.0 0    -3.8 0    -3.8 0     6.1 0    95.6 0     1.4 0   357.6 0   907.0 0
 2026   1  1  1 12 51 12.850 114.53    -2.1 0     0.1 0     0.0 0     0.0 0   340.4 0   279.287 0   279.165 0   344.0 0   278.648 0   278.719 0     0.0 0     0.0 0     0.0 0    -3.6 0    -3.6 0     6.1 0    95.6 0     1.1 0     5.4 0   907.0 0
 2026   1  1  1 12 52 12.867 114.34    -2.1 0     0.2 0     0.0 0     0.0 0   340.4 0   279.289 0   279.182 0   343.8 0   278.654 0   278.715 0     0.0 0     0.0 0     0.0 0    -3.4 0    -3.4 0     6.1 0    95.4 0     0.9 0   335.4 0   907.1 0
 2026   1  1  1 12 53 12.883 114.14    -2.2 0     0.2 0     0.0 0     0.0 0   340.4 0   279.296 0   279.192 0   343.8 0   278.657 0   278.714 0     0.0 0     0.0 0     0.0 0    -3.4 0    -3.4 0     6.1 0    95.4 0     1.1 0   313.6 0   907.1 0
 2026   1  1  1 12 54 12.900 113.94    -2.1 0     0.2 0     0.0 0     0.0 0   340.5 0   279.302 0   279.199 0   343.8 0   278.661 0   278.716 0     0.0 0     0.0 0     0.0 0    -3.4 0    -3.4 0     6.1 0    95.4 0     0.9 0   306.3 0   907.1 0
 2026   1  1  1 12 55 12.917 113.75    -2.2 0     0.1 0     0.0 0     0.0 0   340.4 0   279.308 0   279.205 0   343.9 0   278.665 0   278.722 0     0.0 0     0.0 0     0.0 0    -3.4 0    -3.4 0     6.2 0    95.4 0     0.7 0   285.2 0   907.1 0
 2026   1  1  1 12 56 12.933 113.55    -2.2 0     0.1 0     0.0 0     0.0 0   340.4 0   279.315 0   279.211 0   343.9 0   278.670 0   278.725 0     0.0 0     0.0 0     0.0 0    -3.5 0    -3.5 0     6.2 0    95.4 0     0.6 0   241.6 0   907.1 0
 2026   1  1  1 12 57 12.950 113.35    -2.1 0     0.1 0     0.0 0     0.0 0   340.3 0   279.321 0   279.214 0   343.8 0   278.674 0   278.727 0     0.0 0     0.0 0     0.0 0    -3.5 0    -3.5 0     6.2 0    95.2 0     1.0 0   237.5 0   907.1 0
 2026   1  1  1 12 58 12.967 113.16    -2.2 0     0.1 0     0.1 0     0.0 0   340.3 0   279.327 0   279.226 0   343.8 0   278.676 0   278.726 0     0.0 0     0.0 0     0.0 0    -3.4 0    -3.4 0     6.1 0    95.1 0     1.3 0   242.7 0   907.1 0
 2026   1  1  1 12 59 12.983 112.96    -2.1 0     0.1 0     0.1 0     0.0 0   340.4 0   279.334 0   279.228 0   343.7 0   278.678 0   278.726 0     0.0 0     0.0 0     0.0 0    -3.3 0    -3.3 0     6.1 0    95.3 0     1.4 0   255.4 0   907.1 0
 2026   1  1  1 13  0 13.000 112.76    -2.2 0     0.1 0     0.1 0     0.0 0   340.5 0   279.340 0   279.237 0   343.7 0   278.678 0   278.726 0     0.0 0     0.0 0     0.0 0    -3.2 0    -3.2 0     6.1 0    95.4 0     1.4 0   258.3 0   907.1 0
 2026   1  1  1 13  1 13.017 112.57    -2.1 0     0.1 0     0.1 0     0.0 0   340.5 0   279.347 0   279.250 0   343.7 0   278.679 0   278.726 0     0.0 0     0.0 0     0.0 0    -3.2 0    -3.2 0     6.1 0    95.4 0     1.4 0   256.5 0   907.1 0
 2026   1  1  1 13  2 13.033 112.37    -2.0 0     0.0 0     0.1 0     0.0 0   340.3 0   279.355 0   279.245 0   343.7 0   278.678 0   278.726 0     0.0 0     0.0 0     0.0 0    -3.4 0    -3.4 0     6.0 0    95.5 0     1.5 0   251.3 0   907.1 0
 2026   1  1  1 13  3 13.050 112.18    -2.0 0     0.0 0     0.1 0     0.0 0   340.2 0   279.355 0   279.224 0   343.7 0   278.678 0   278.726 0     0.0 0     0.0 0     0.0 0    -3.4 0    -3.4 0     6.0 0    95.6 0     1.3 0   250.1 0   907.1 0
 2026   1  1  1 13  4 13.067 111.98    -2.1 0     0.0 0     0.1 0     0.0 0   340.3 0   279.352 0   279.216 0   343.6 0   278.678 0   278.726 0     0.0 0     0.0 0     0.0 0    -3.4 0    -3.4 0     6.0 0    95.6 0     1.4 0   255.4 0   907.1 0
 2026   1  1  1 13  5 13.083 111.79    -2.2 0     0.0 0     0.1 0     0.0 0   340.4 0   279.349 0   279.224 0   343.6 0   278.677 0   278.724 0     0.0 0     0.0 0     0.0 0    -3.2 0    -3.2 0     6.0 0    95.6 0     1.5 0   261.7 0   907.1 0
 2026   1  1  1 13  6 13.100 111.59    -2.1 0     0.1 0     0.1 0     0.0 0   340.4 0   279.349 0   279.223 0   343.6 0   278.676 0   278.721 0     0.0 0     0.0 0     0.0 0    -3.2 0    -3.2 0     6.0 0    95.6 0     1.6 0   264.3 0   907.1 0
 2026   1  1  1 13  7 13.117 111.40    -2.1 0     0.0 0     0.0 0     0.0 0   340.2 0   279.348 0   279.212 0   343.6 0   278.674 0   278.720 0     0.0 0     0.0 0     0.0 0    -3.4 0    -3.4 0     6.0 0    95.8 0     2.0 0   273.5 0   907.1 0
 2026   1  1  1 13  8 13.133 111.20    -2.1 0     0.0 0     0.0 0     0.0 0   340.1 0   279.344 0   279.204 0   343.6 0   278.673 0   278.721 0     0.0 0     0.0 0     0.0 0    -3.5 0    -3.5 0     6.0 0    95.9 0     1.9 0   293.1 0   907.1 0
 2026   1  1  1 13  9 13.150 111.01    -2.1 0     0.0 0     0.0 0     0.0 0   340.2 0   279.337 0   279.207 0   343.6 0   278.673 0   278.720 0     0.0 0     0.0 0     0.0 0    -3.4 0    -3.4 0     6.0 0    95.9 0     2.1 0   280.2 0   907.1 0
 2026   1  1  1 13 10 13.167 110.81    -2.1 0     0.0 0     0.0 0     0.0 0   340.0 0   279.332 0   279.200 0   343.6 0   278.673 0   278.720 0     0.0 0     0.0 0     0.0 0    -3.5 0    -3.5 0     6.0 0    95.9 0     2.2 0   283.5 0   907.2 0
 2026   1  1  1 13 11 13.183 110.62    -2.1 0     0.0 0     0.0 0     0.0 0   339.8 0   279.325 0   279.199 0   343.5 0   278.672 0   278.717 0     0.0 0     0.0 0     0.0 0    -3.7 0    -3.7 0     6.0 0    95.9 0     2.0 0   290.7 0   907.2 0
 2026   1  1  1 13 12 13.200 110.42    -2.1 0     0.0 0     0.0 0     0.0 0   339.7 0   279.318 0   279.190 0   343.5 0   278.670 0   278.715 0     0.0 0     0.0 0     0.0 0    -3.8 0    -3.8 0     6.0 0    95.9 0     1.7 0   294.4 0   907.2 0
 2026   1  1  1 13 13 13.217 110.23    -2.1 0     0.1 0     0.0 0     0.0 0   339.7 0   279.311 0   279.194 0   343.4 0   278.667 0   278.711 0     0.0 0     0.0 0     0.0 0    -3.7 0    -3.7 0     5.9 0    95.9 0     1.4 0   307.0 0   907.2 0
 2026   1  1  1 13 14 13.233 110.03    -2.1 0     0.1 0     0.0 0     0.0 0   339.8 0   279.306 0   279.193 0   343.5 0   278.664 0   278.711 0     0.0 0     0.0 0     0.0 0    -3.7 0    -3.7 0     5.9 0    96.1 0     0.7 0   323.6 0   907.2 0
 2026   1  1  1 13 15 13.250 109.84    -2.1 0     0.1 0     0.0 0     0.0 0   339.9 0   279.303 0   279.193 0   343.5 0   278.662 0   278.709 0     0.0 0     0.0 0     0.0 0    -3.6 0    -3.6 0     5.9 0    96.0 0     1.2 0   318.9 0   907.1 0
 2026   1  1  1 13 16 13.267 109.64    -2.1 0     0.1 0     0.0 0     0.0 0   339.9 0   279.300 0   279.192 0   343.5 0   278.660 0   278.707 0     0.0 0     0.0 0     0.0 0    -3.6 0    -3.6 0     5.9 0    96.1 0     1.0 0   315.5 0   907.1 0
 2026   1  1  1 13 17 13.283 109.45    -2.1 0     0.1 0     0.0 0     0.0 0   340.0 0   279.298 0   279.193 0   343.5 0   278.658 0   278.705 0     0.0 0     0.0 0     0.0 0    -3.5 0    -3.5 0     5.9 0    96.1 0     1.1 0   317.9 0   907.1 0
 2026   1  1  1 13 18 13.300 109.26    -2.1 0     0.1 0     0.0 0     0.0 0   340.0 0   279.297 0   279.187 0   343.6 0   278.656 0   278.705 0     0.0 0     0.0 0     0.0 0    -3.5 0    -3.5 0     5.9 0    96.2 0     0.5 0   331.2 0   907.1 0
 2026   1  1  1 13 19 13.317 109.06    -2.1 0     0.1 0     0.0 0     0.0 0   340.1 0   279.295 0   279.192 0   343.6 0   278.655 0   278.706 0     0.0 0     0.0 0     0.0 0    -3.6 0    -3.6 0     6.0 0    96.2 0     0.0 0   348.4 0   907.1 0
 2026   1  1  1 13 20 13.333 108.87    -2.2 0     0.1 0     0.0 0     0.0 0   340.1 0   279.298 0   279.201 0   343.7 0   278.655 0   278.707 0     0.0 0     0.0 0     0.0 0    -3.6 0    -3.6 0     6.0 0    96.2 0     0.0 0     0.0 0   907.1 0
 2026   1  1  1 13 21 13.350 108.67    -2.2 0     0.1 0     0.0 0     0.0 0   340.2 0   279.302 0   279.211 0   343.7 0   278.656 0   278.707 0     0.0 0     0.0 0     0.0 0    -3.5 0    -3.5 0     6.0 0    96.1 0     0.2 0     7.4 0   907.1 0
 2026   1  1  1 13 22 13.367 108.48    -2.2 0     0.1 0     0.0 0     0.0 0   340.2 0   279.308 0   279.217 0   343.7 0   278.656 0   278.707 0     0.0 0     0.0 0     0.0 0    -3.5 0    -3.5 0     6.0 0    96.1 0     0.4 0    10.6 0   907.1 0
 2026   1  1  1 13 23 13.383 108.29    -2.2 0     0.1 0     0.0 0     0.0 0   340.2 0   279.313 0   279.221 0   343.7 0   278.657 0   278.709 0     0.0 0     0.0 0     0.0 0    -3.5 0    -3.5 0     6.0 0    96.2 0     0.3 0    20.2 0   907.1 0
 2026   1  1  1 13 24 13.400 108.09    -2.2 0     0.1 0     0.1 0     0.0 0   340.3 0   279.319 0   279.230 0   343.8 0   278.657 0   278.710 0     0.0 0     0.0 0     0.0 0    -3.5 0    -3.5 0     6.0 0    96.2 0     0.1 0    22.0 0   907.1 0
 2026   1  1  1 13 25 13.417 107.90    -2.2 0     0.1 0     0.0 0     0.0 0   340.3 0   279.325 0   279.225 0   343.8 0   278.659 0   278.711 0     0.0 0     0.0 0     0.0 0    -3.5 0    -3.5 0     6.0 0    96.1 0     0.7 0   355.4 0   907.1 0
 2026   1  1  1 13 26 13.433 107.71    -2.1 0     0.1 0     0.0 0     0.0 0   340.3 0   279.327 0   279.218 0   343.8 0   278.660 0   278.712 0     0.0 0     0.0 0     0.0 0    -3.5 0    -3.5 0     6.0 0    96.1 0     1.0 0   351.9 0   907.1 0
 2026   1  1  1 13 27 13.450 107.51    -2.1 0     0.1 0     0.0 0     0.0 0   340.3 0   279.327 0   279.212 0   343.7 0   278.660 0   278.710 0     0.0 0     0.0 0     0.0 0    -3.4 0    -3.4 0     6.0 0    96.0 0     1.5 0   359.0 0   907.1 0
 2026   1  1  1 13 28 13.467 107.32    -2.1 0     0.1 0     0.0 0     0.0 0   340.3 0   279.325 0   279.202 0   343.7 0   278.660 0   278.711 0     0.0 0     0.0 0     0.0 0    -3.4 0    -3.4 0     6.0 0    96.2 0     1.7 0     7.0 0   907.1 0
 2026   1  1  1 13 29 13.483 107.13    -2.1 0     0.1 0     0.0 0     0.0 0   340.4 0   279.324 0   279.215 0   343.7 0   278.661 0   278.711 0     0.0 0     0.0 0     0.0 0    -3.3 0    -3.3 0     6.0 0    96.2 0     1.8 0   358.9 0   907.1 0
 2026   1  1  1 13 30 13.500 106.94    -2.2 0     0.1 0     0.0 0     0.0 0   340.4 0   279.329 0   279.228 0   343.7 0   278.660 0   278.711 0     0.0 0     0.0 0     0.0 0    -3.3 0    -3.3 0     6.0 0    96.3 0     1.6 0     0.3 0   907.1 0
 2026   1  1  1 13 31 13.517 106.74    -2.2 0     0.1 0     0.0 0     0.0 0   340.4 0   279.334 0   279.230 0   343.7 0   278.660 0   278.712 0     0.0 0     0.0 0     0.0 0    -3.3 0    -3.3 0     6.0 0    96.3 0     1.4 0   352.7 0   907.1 0
 2026   1  1  1 13 32 13.533 106.55    -2.1 0     0.1 0     0.0 0     0.0 0   340.4 0   279.336 0   279.227 0   343.7 0   278.661 0   278.712 0     0.0 0     0.0 0     0.0 0    -3.3 0    -3.3 0     6.0 0    96.3 0     1.2 0   348.8 0   907.1 0
 2026   1  1  1 13 33 13.550 106.36    -2.1 0     0.1 0     0.0 0     0.0 0   340.4 0   279.336 0   279.222 0   343.7 0   278.661 0   278.712 0     0.0 0     0.0 0     0.0 0    -3.3 0    -3.3 0     6.0 0    96.3 0     1.2 0   350.2 0   907.1 0
 2026   1  1  1 13 34 13.567 106.17    -2.1 0     0.1 0     0.0 0     0.0 0   340.4 0   279.335 0   279.222 0   343.7 0   278.661 0   278.712 0     0.0 0     0.0 0     0.0 0    -3.3 0    -3.3 0     6.0 0    96.3 0     1.3 0   342.6 0   907.1 0
 2026   1  1  1 13 35 13.583 105.98    -2.1 0     0.1 0     0.0 0     0.0 0   340.4 0   279.334 0   279.219 0   343.7 0   278.661 0   278.711 0     0.0 0     0.0 0     0.0 0    -3.3 0    -3.3 0     6.0 0    96.3 0     1.1 0   334.0 0   907.1 0
 2026   1  1  1 13 36 13.600 105.78    -2.1 0     0.1 0     0.0 0     0.0 0   340.4 0   279.333 0   279.219 0   343.7 0   278.660 0   278.711 0     0.0 0     0.0 0     0.0 0    -3.3 0    -3.3 0     6.0 0    96.4 0     0.8 0   330.0 0   907.1 0
 2026   1  1  1 13 37 13.617 105.59    -2.1 0     0.1 0     0.0 0     0.0 0   340.4 0   279.332 0   279.218 0   343.8 0   278.660 0   278.713 0     0.0 0     0.0 0     0.0 0    -3.4 0    -3.4 0     6.0 0    96.4 0     0.8 0   329.0 0   907.1 0
 2026   1  1  1 13 38 13.633 105.40    -2.2 0     0.1 0     0.0 0     0.0 0   340.3 0   279.332 0   279.215 0   343.8 0   278.661 0   278.714 0     0.0 0     0.0 0     0.0 0    -3.4 0    -3.4 0     6.0 0    96.4 0     0.9 0   328.3 0   907.1 0
 2026   1  1  1 13 39 13.650 105.21    -2.1 0     0.1 0     0.0 0     0.0 0   340.4 0   279.332 0   279.222 0   343.8 0   278.662 0   278.715 0     0.0 0     0.0 0     0.0 0    -3.4 0    -3.4 0     6.0 0    96.4 0     0.9 0   349.0 0   907.1 0
 2026   1  1  1 13 40 13.667 105.02    -2.2 0     0.1 0     0.0 0     0.0 0   340.3 0   279.334 0   279.225 0   343.8 0   278.663 0   278.715 0     0.0 0     0.0 0     0.0 0    -3.5 0    -3.5 0     6.0 0    96.3 0     1.0 0   357.2 0   907.0 0
 2026   1  1  1 13 41 13.683 104.83    -2.2 0     0.1 0     0.0 0     0.0 0   340.3 0   279.336 0   279.224 0   343.8 0   278.664 0   278.716 0     0.0 0     0.0 0     0.0 0    -3.5 0    -3.5 0     6.0 0    96.3 0     0.9 0    16.7 0   907.0 0
 2026   1  1  1 13 42 13.700 104.64    -2.2 0     0.1 0     0.0 0     0.0 0   340.3 0   279.337 0   279.229 0   343.8 0   278.664 0   278.716 0     0.0 0     0.0 0     0.0 0    -3.5 0    -3.5 0     6.0 0    96.4 0     0.9 0   355.9 0   907.0 0
 2026   1  1  1 13 43 13.717 104.45    -2.2 0     0.1 0     0.0 0     0.0 0   340.3 0   279.340 0   279.233 0   343.8 0   278.665 0   278.717 0     0.0 0     0.0 0     0.0 0    -3.5 0    -3.5 0     6.0 0    96.3 0     1.1 0   341.7 0   907.0 0
 2026   1  1  1 13 44 13.733 104.26    -2.2 0     0.1 0     0.0 0     0.0 0   340.3 0   279.343 0   279.243 0   343.8 0   278.666 0   278.719 0     0.0 0     0.0 0     0.0 0    -3.5 0    -3.5 0     6.0 0    96.4 0     0.7 0   335.8 0   906.9 0
 2026   1  1  1 13 45 13.750 104.07    -2.2 0     0.1 0     0.0 0     0.0 0   340.2 0   279.348 0   279.243 0   343.8 0   278.667 0   278.721 0     0.0 0     0.0 0     0.0 0    -3.6 0    -3.6 0     6.0 0    96.5 0     0.6 0   304.1 0   907.0 0
 2026   1  1  1 13 46 13.767 103.87    -2.2 0     0.1 0     0.0 0     0.0 0   340.2 0   279.349 0   279.232 0   343.9 0   278.669 0   278.723 0     0.0 0     0.0 0     0.0 0    -3.7 0    -3.7 0     6.1 0    96.5 0     0.4 0   311.4 0   907.0 0
 2026   1  1  1 13 47 13.783 103.68    -2.2 0     0.1 0     0.0 0     0.0 0   340.3 0   279.349 0   279.242 0   343.9 0   278.672 0   278.725 0     0.0 0     0.0 0     0.0 0    -3.6 0    -3.6 0     6.1 0    96.4 0     0.6 0   314.4 0   907.0 0
 2026   1  1  1 13 48 13.800 103.49    -2.2 0     0.1 0     0.0 0     0.0 0   340.3 0   279.353 0   279.252 0   343.9 0   278.674 0   278.727 0     0.0 0     0.0 0     0.0 0    -3.5 0    -3.5 0     6.1 0    96.3 0     1.0 0   293.6 0   907.0 0
 2026   1  1  1 13 49 13.817 103.30    -2.2 0     0.1 0     0.0 0     0.0 0   340.3 0   279.358 0   279.249 0   343.8 0   278.676 0   278.728 0     0.0 0     0.0 0     0.0 0    -3.5 0    -3.5 0     6.1 0    96.3 0     0.9 0   289.8 0   907.1 0
 2026   1  1  1 13 50 13.833 103.12    -2.1 0     0.1 0     0.0 0     0.0 0   340.3 0   279.359 0   279.244 0   343.8 0   278.678 0   278.728 0     0.0 0     0.0 0     0.0 0    -3.5 0    -3.5 0     6.1 0    96.2 0     1.1 0   271.2 0   907.1 0
 2026   1  1  1 13 51 13.850 102.93    -2.2 0     0.1 0     0.1 0     0.0 0   340.2 0   279.359 0   279.249 0   343.8 0   278.678 0   278.728 0     0.0 0     0.0 0     0.0 0    -3.6 0    -3.6 0     6.1 0    96.2 0     1.1 0   262.2 0   907.1 0
 2026   1  1  1 13 52 13.867 102.74    -2.1 0     0.1 0     0.1 0     0.0 0   340.2 0   279.361 0   279.257 0   343.8 0   278.678 0   278.728 0     0.0 0     0.0 0     0.0 0    -3.5 0    -3.5 0     6.0 0    96.2 0     1.0 0   275.0 0   907.1 0
 2026   1  1  1 13 53 13.883 102.55    -2.1 0     0.1 0     0.1 0     0.0 0   340.2 0   279.364 0   279.264 0   343.8 0   278.678 0   278.727 0     0.0 0     0.0 0     0.0 0    -3.6 0    -3.6 0     6.0 0    96.3 0     0.9 0   303.3 0   907.1 0
 2026   1  1  1 13 54 13.900 102.36    -2.2 0     0.1 0     0.1 0     0.0 0   340.2 0   279.367 0   279.265 0   343.8 0   278.677 0   278.727 0     0.0 0     0.0 0     0.0 0    -3.6 0    -3.6 0     6.0 0    96.3 0     0.9 0   317.9 0   907.1 0
 2026   1  1  1 13 55 13.917 102.17    -2.2 0     0.1 0     0.1 0     0.0 0   340.2 0   279.368 0   279.264 0   343.8 0   278.676 0   278.726 0     0.0 0     0.0 0     0.0 0    -3.6 0    -3.6 0     6.0 0    96.3 0     0.9 0   328.6 0   907.1 0
 2026   1  1  1 13 56 13.933 101.98    -2.2 0     0.1 0     0.1 0     0.0 0   340.2 0   279.368 0   279.267 0   343.8 0   278.675 0   278.726 0     0.0 0     0.0 0     0.0 0    -3.6 0    -3.6 0     6.0 0    96.4 0     0.9 0   334.2 0   907.2 0
 2026   1  1  1 13 57 13.950 101.79    -2.1 0     0.1 0     0.0 0     0.0 0   340.2 0   279.368 0   279.258 0   343.8 0   278.675 0   278.726 0     0.0 0     0.0 0     0.0 0    -3.6 0    -3.6 0     6.0 0    96.4 0     0.8 0   332.2 0   907.2 0
 2026   1  1  1 13 58 13.967 101.60    -2.1 0     0.1 0     0.0 0     0.0 0   340.1 0   279.366 0   279.255 0   343.8 0   278.674 0   278.726 0     0.0 0     0.0 0     0.0 0    -3.7 0    -3.7 0     6.0 0    96.4 0     0.9 0   324.6 0   907.2 0
 2026   1  1  1 13 59 13.983 101.41    -2.1 0     0.1 0     0.0 0     0.0 0   340.1 0   279.364 0   279.260 0   343.8 0   278.675 0   278.728 0     0.0 0     0.0 0     0.0 0    -3.7 0    -3.7 0     6.0 0    96.5 0     0.9 0   317.1 0   907.2 0
 2026   1  1  1 14  0 14.000 101.23    -2.2 0     0.1 0     0.0 0     0.0 0   340.2 0   279.366 0   279.271 0   343.9 0   278.676 0   278.729 0     0.0 0     0.0 0     0.0 0    -3.7 0    -3.7 0     6.0 0    96.5 0     0.7 0   305.7 0   907.2 0
 2026   1  1  1 14  1 14.017 101.04    -2.2 0     0.1 0     0.0 0     0.0 0   340.1 0   279.371 0   279.279 0   343.9 0   278.678 0   278.731 0     0.0 0     0.0 0     0.0 0    -3.8 0    -3.8 0     6.1 0    96.5 0     0.8 0   315.3 0   907.2 0
 2026   1  1  1 14  2 14.033 100.85    -2.1 0     0.1 0     0.0 0     0.0 0   340.1 0   279.375 0   279.282 0   343.9 0   278.680 0   278.732 0     0.0 0     0.0 0     0.0 0    -3.8 0    -3.8 0     6.1 0    96.3 0     0.9 0   312.7 0   907.2 0
 2026   1  1  1 14  3 14.050 100.66    -2.0 0     0.1 0     0.0 0     0.0 0   340.0 0   279.379 0   279.290 0   343.9 0   278.681 0   278.733 0     0.0 0     0.0 0     0.0 0    -3.8 0    -3.8 0     6.1 0    96.4 0     0.8 0   305.1 0   907.2 0
 2026   1  1  1 14  4 14.067 100.48    -2.0 0     0.1 0     0.0 0     0.0 0   340.0 0   279.383 0   279.287 0   343.8 0   278.682 0   278.733 0     0.0 0     0.0 0     0.0 0    -3.9 0    -3.9 0     6.1 0    96.4 0     1.0 0   289.4 0   907.2 0
 2026   1  1  1 14  5 14.083 100.29    -2.1 0     0.1 0     0.0 0     0.0 0   339.9 0   279.385 0   279.280 0   343.8 0   278.682 0   278.732 0     0.0 0     0.0 0     0.0 0    -3.8 0    -3.8 0     6.1 0    96.3 0     1.7 0   286.0 0   907.2 0
 2026   1  1  1 14  6 14.100 100.10    -2.1 0     0.1 0     0.0 0     0.0 0   339.9 0   279.385 0   279.282 0   343.7 0   278.681 0   278.730 0     0.0 0     0.0 0     0.0 0    -3.8 0    -3.8 0     6.0 0    96.3 0     1.9 0   291.3 0   907.2 0
 2026   1  1  1 14  7 14.117  99.91    -2.1 0     0.1 0     0.0 0     0.0 0   339.9 0   279.385 0   279.282 0   343.7 0   278.680 0   278.729 0     0.0 0     0.0 0     0.0 0    -3.8 0    -3.8 0     6.0 0    96.3 0     1.7 0   300.7 0   907.2 0
 2026   1  1  1 14  8 14.133  99.73    -2.1 0     0.1 0     0.0 0     0.0 0   339.9 0   279.384 0   279.285 0   343.7 0   278.679 0   278.729 0     0.0 0     0.0 0     0.0 0    -3.8 0    -3.8 0     6.0 0    96.4 0     1.1 0   313.1 0   907.2 0
 2026   1  1  1 14  9 14.150  99.54    -2.1 0     0.1 0     0.0 0     0.0 0   340.0 0   279.385 0   279.291 0   343.8 0   278.679 0   278.731 0     0.0 0     0.0 0     0.0 0    -3.8 0    -3.8 0     6.0 0    96.5 0     0.7 0   334.1 0   907.2 0
 2026   1  1  1 14 10 14.167  99.35    -2.2 0     0.1 0     0.0 0     0.0 0   340.1 0   279.387 0   279.296 0   343.8 0   278.680 0   278.733 0     0.0 0     0.0 0     0.0 0    -3.8 0    -3.8 0     6.0 0    96.5 0     0.7 0   330.2 0   907.2 0
 2026   1  1  1 14 11 14.183  99.17    -2.1 0     0.1 0     0.0 0     0.0 0   340.0 0   279.389 0   279.290 0   343.8 0   278.681 0   278.733 0     0.0 0     0.0 0     0.0 0    -3.8 0    -3.8 0     6.0 0    96.5 0     0.8 0   313.5 0   907.2 0
 2026   1  1  1 14 12 14.200  98.98    -2.1 0     0.1 0     0.0 0     0.0 0   340.0 0   279.389 0   279.293 0   343.8 0   278.682 0   278.734 0     0.0 0     0.0 0     0.0 0    -3.8 0    -3.8 0     6.1 0    96.5 0     0.8 0   296.5 0   907.2 0
 2026   1  1  1 14 13 14.217  98.80    -2.1 0     0.1 0     0.0 0     0.0 0   340.0 0   279.390 0   279.296 0   343.8 0   278.683 0   278.735 0     0.0 0     0.0 0     0.0 0    -3.8 0    -3.8 0     6.1 0    96.4 0     0.9 0   303.2 0   907.2 0
 2026   1  1  1 14 14 14.233  98.61    -2.2 0     0.1 0     0.0 0     0.0 0   340.0 0   279.392 0   279.304 0   343.8 0   278.684 0   278.736 0     0.0 0     0.0 0     0.0 0    -3.9 0    -3.9 0     6.1 0    96.4 0     0.9 0   313.1 0   907.2 0
 2026   1  1  1 14 15 14.250  98.42    -2.2 0     0.1 0     0.0 0     0.0 0   339.9 0   279.396 0   279.311 0   343.9 0   278.686 0   278.739 0     0.0 0     0.0 0     0.0 0    -4.0 0    -4.0 0     6.1 0    96.5 0     1.0 0   317.7 0   907.2 0
 2026   1  1  1 14 16 14.267  98.24    -2.1 0     0.1 0     0.0 0     0.0 0   339.8 0   279.400 0   279.314 0   343.9 0   278.688 0   278.741 0     0.0 0     0.0 0     0.0 0    -4.0 0    -4.0 0     6.1 0    96.4 0     1.5 0   319.9 0   907.2 0
 2026   1  1  1 14 17 14.283  98.05    -2.1 0     0.1 0     0.0 0     0.0 0   339.8 0   279.403 0   279.318 0   343.8 0   278.690 0   278.742 0     0.0 0     0.0 0     0.0 0    -4.0 0    -4.0 0     6.0 0    96.4 0     1.6 0   321.4 0   907.1 0
 2026   1  1  1 14 18 14.300  97.87    -2.1 0     0.1 0     0.0 0     0.0 0   339.6 0   279.405 0   279.324 0   343.8 0   278.691 0   278.744 0     0.0 0     0.0 0     0.0 0    -4.2 0    -4.2 0     6.0 0    96.5 0     1.2 0   335.2 0   907.1 0
 2026   1  1  1 14 19 14.317  97.68    -2.1 0     0.1 0     0.0 0    -0.1 0   339.3 0   279.407 0   279.327 0   343.8 0   278.693 0   278.746 0     0.0 0     0.0 0     0.0 0    -4.5 0    -4.5 0     6.0 0    96.5 0     0.8 0   350.3 0   907.2 0
 2026   1  1  1 14 20 14.333  97.50    -2.0 0     0.1 0     0.0 0    -0.1 0   339.2 0   279.406 0   279.324 0   343.8 0   278.695 0   278.747 0     0.0 0     0.0 0     0.0 0    -4.6 0    -4.6 0     6.0 0    96.5 0     0.2 0   341.8 0   907.1 0
 2026   1  1  1 14 21 14.350  97.31    -1.9 0     0.1 0     0.0 0    -0.1 0   339.3 0   279.404 0   279.307 0   343.8 0   278.696 0   278.747 0     0.0 0     0.0 0     0.0 0    -4.5 0    -4.5 0     6.1 0    96.5 0     0.4 0   302.9 0   907.1 0
 2026   1  1  1 14 22 14.367  97.13    -1.9 0     0.1 0     0.0 0    -0.1 0   339.1 0   279.401 0   279.294 0   343.8 0   278.697 0   278.748 0     0.0 0     0.0 0     0.0 0    -4.7 0    -4.7 0     6.1 0    96.4 0     0.9 0   325.2 0   907.1 0
 2026   1  1  1 14 23 14.383  96.95    -1.9 0     0.1 0     0.0 0    -0.1 0   339.2 0   279.397 0   279.288 0   343.8 0   278.698 0   278.748 0     0.0 0     0.0 0     0.0 0    -4.6 0    -4.6 0     6.1 0    96.4 0     1.1 0   317.7 0   907.1 0
 2026   1  1  1 14 24 14.400  96.76    -1.9 0     0.1 0     0.0 0     0.0 0   339.4 0   279.393 0   279.287 0   343.8 0   278.698 0   278.750 0     0.0 0     0.0 0     0.0 0    -4.5 0    -4.5 0     6.1 0    96.5 0     1.2 0   312.6 0   907.2 0
 2026   1  1  1 14 25 14.417  96.58    -1.9 0     0.1 0     0.0 0     0.0 0   339.6 0   279.391 0   279.288 0   343.9 0   278.700 0   278.752 0     0.0 0     0.0 0     0.0 0    -4.3 0    -4.3 0     6.1 0    96.5 0     1.2 0   311.7 0   907.2 0
 2026   1  1  1 14 26 14.433  96.40    -1.9 0     0.1 0     0.0 0     0.0 0   339.6 0   279.391 0   279.295 0   343.9 0   278.702 0   278.754 0     0.0 0     0.0 0     0.0 0    -4.2 0    -4.2 0     6.1 0    96.5 0     1.4 0   319.8 0   907.2 0
 2026   1  1  1 14 27 14.450  96.21    -1.9 0     0.1 0     0.0 0     0.0 0   339.5 0   279.393 0   279.295 0   343.9 0   278.703 0   278.754 0     0.0 0     0.0 0     0.0 0    -4.4 0    -4.4 0     6.0 0    96.4 0     1.4 0   330.1 0   907.2 0
 2026   1  1  1 14 28 14.467  96.03    -1.9 0     0.1 0     0.0 0     0.0 0   339.5 0   279.394 0   279.295 0   343.9 0   278.704 0   278.757 0     0.0 0     0.0 0     0.0 0    -4.4 0    -4.4 0     6.0 0    96.6 0     1.3 0   348.8 0   907.2 0
 2026   1  1  1 14 29 14.483  95.85    -1.9 0     0.1 0     0.0 0     0.0 0   339.5 0   279.396 0   279.300 0   343.9 0   278.705 0   278.758 0     0.0 0     0.0 0     0.0 0    -4.4 0    -4.4 0     6.0 0    96.6 0     1.3 0   343.8 0   907.2 0
 2026   1  1  1 14 30 14.500  95.66    -1.9 0     0.1 0     0.0 0     0.0 0   339.5 0   279.398 0   279.307 0   343.9 0   278.707 0   278.761 0     0.0 0     0.0 0     0.0 0    -4.4 0    -4.4 0     6.1 0    96.6 0     1.2 0   340.7 0   907.2 0
 2026   1  1  1 14 31 14.517  95.48    -1.9 0     0.1 0     0.0 0     0.0 0   339.6 0   279.404 0   279.322 0   343.9 0   278.710 0   278.763 0     0.0 0     0.0 0     0.0 0    -4.3 0    -4.3 0     6.1 0    96.6 0     1.1 0   340.6 0   907.3 0
 2026   1  1  1 14 32 14.533  95.30    -1.9 0     0.1 0     0.0 0     0.0 0   339.6 0   279.412 0   279.321 0   344.0 0   278.712 0   278.767 0     0.0 0     0.0 0     0.0 0    -4.3 0    -4.3 0     6.1 0    96.6 0     0.9 0   343.1 0   907.3 0
 2026   1  1  1 14 33 14.550  95.12    -1.9 0     0.1 0     0.0 0     0.0 0   339.6 0   279.415 0   279.313 0   344.0 0   278.715 0   278.768 0     0.0 0     0.0 0     0.0 0    -4.4 0    -4.4 0     6.1 0    96.6 0     1.0 0   336.5 0   907.3 0
 2026   1  1  1 14 34 14.567  94.94    -1.9 0     0.1 0     0.0 0     0.0 0   339.5 0   279.414 0   279.300 0   343.9 0   278.717 0   278.770 0     0.0 0     0.0 0     0.0 0    -4.5 0    -4.5 0     6.1 0    96.6 0     1.0 0   328.9 0   907.3 0
 2026   1  1  1 14 35 14.583  94.75    -1.9 0     0.1 0     0.0 0     0.0 0   339.4 0   279.412 0   279.298 0   344.0 0   278.719 0   278.774 0     0.0 0     0.0 0     0.0 0    -4.6 0    -4.6 0     6.1 0    96.6 0     0.8 0   322.1 0   907.3 0
 2026   1  1  1 14 36 14.600  94.57    -1.9 0     0.1 0     0.0 0     0.0 0   339.3 0   279.411 0   279.299 0   343.9 0   278.722 0   278.774 0     0.0 0     0.0 0     0.0 0    -4.7 0    -4.7 0     6.1 0    96.5 0     1.0 0   335.2 0   907.3 0
 2026   1  1  1 14 37 14.617  94.39    -1.9 0     0.1 0     0.0 0     0.0 0   339.3 0   279.410 0   279.297 0   343.9 0   278.723 0   278.775 0     0.0 0     0.0 0     0.0 0    -4.6 0    -4.6 0     6.1 0    96.6 0     0.8 0   334.4 0   907.3 0
 2026   1  1  1 14 38 14.633  94.21    -1.9 0     0.1 0     0.0 0     0.0 0   339.4 0   279.409 0   279.296 0   343.9 0   278.725 0   278.777 0     0.0 0     0.1 0     0.0 0    -4.6 0    -4.6 0     6.1 0    96.6 0     0.8 0   341.5 0   907.3 0
 2026   1  1  1 14 39 14.650  94.03    -1.9 0     0.1 0     0.0 0     0.1 0   339.4 0   279.409 0   279.305 0   343.9 0   278.726 0   278.778 0     0.0 0     0.1 0     0.0 0    -4.5 0    -4.5 0     6.1 0    96.5 0     1.2 0   340.7 0   907.3 0
 2026   1  1  1 14 40 14.667  93.85    -1.9 0     0.1 0     0.0 0     0.1 0   339.4 0   279.412 0   279.310 0   343.9 0   278.727 0   278.778 0     0.0 0     0.1 0     0.0 0    -4.5 0    -4.5 0     6.1 0    96.5 0     1.2 0   335.0 0   907.3 0
 2026   1  1  1 14 41 14.683  93.67    -1.9 0     0.1 0     0.0 0     0.1 0   339.5 0   279.416 0   279.321 0   344.0 0   278.728 0   278.781 0     0.0 0     0.1 0     0.0 0    -4.5 0    -4.5 0     6.1 0    96.6 0     0.8 0    28.7 0   907.3 0
 2026   1  1  1 14 42 14.700  93.49    -1.9 0     0.1 0     0.0 0     0.1 0   339.6 0   279.421 0   279.328 0   344.0 0   278.730 0   278.782 0     0.0 0     0.1 0     0.0 0    -4.4 0    -4.3 0     6.1 0    96.6 0     0.8 0    67.1 0   907.3 0
 2026   1  1  1 14 43 14.717  93.31    -1.8 0     0.1 0     0.0 0     0.1 0   339.9 0   279.424 0   279.325 0   344.1 0   278.731 0   278.786 0     0.0 0     0.1 0     0.0 0    -4.2 0    -4.2 0     6.1 0    96.6 0     0.0 0     0.0 0   907.3 0
 2026   1  1  1 14 44 14.733  93.13    -1.8 0     0.1 0     0.0 0     0.1 0   339.8 0   279.427 0   279.324 0   344.4 0   278.735 0   278.796 0     0.0 0     0.1 0     0.1 0    -4.5 0    -4.5 0     6.1 0    96.7 0     0.0 0   154.7 0   907.3 0
 2026   1  1  1 14 45 14.750  92.95    -1.8 0     0.1 0     0.0 0     0.2 0   339.9 0   279.430 0   279.328 0   344.2 0   278.739 0   278.799 0     0.0 0     0.1 0     0.1 0    -4.4 0    -4.3 0     6.2 0    96.6 0     0.2 0    15.6 0   907.4 0
 2026   1  1  1 14 46 14.767  92.77    -1.8 0     0.1 0     0.0 0     0.2 0   339.9 0   279.436 0   279.340 0   344.2 0   278.743 0   278.802 0     0.0 0     0.1 0     0.1 0    -4.3 0    -4.2 0     6.2 0    96.5 0     0.8 0   350.7 0   907.4 0
 2026   1  1  1 14 47 14.783  92.59    -1.8 0     0.2 0     0.0 0     0.3 0   340.1 0   279.443 0   279.339 0   344.2 0   278.746 0   278.805 0     0.0 0     0.2 0     0.1 0    -4.1 0    -4.1 0     6.2 0    96.5 0     0.9 0     0.6 0   907.4 0
 2026   1  1  1 14 48 14.800  92.41    -1.8 0     0.2 0     0.0 0     0.3 0   340.8 0   279.449 0   279.379 0   344.3 0   278.750 0   278.811 0     0.0 0     0.2 0     0.1 0    -3.4 0    -3.3 0     6.2 0    96.6 0     0.5 0   330.5 0   907.4 0
 2026   1  1  1 14 49 14.817  92.23    -1.7 0     0.2 0     0.0 0     0.4 0   340.6 0   279.467 0   279.405 0   344.4 0   278.755 0   278.819 0     0.0 0     0.2 0     0.2 0    -3.8 0    -3.6 0     6.2 0    96.6 0     0.5 0   299.0 0   907.4 0
 2026   1  1  1 14 50 14.833  92.06    -1.7 0     0.2 0     0.0 0     0.4 0   340.7 0   279.486 0   279.413 0   344.5 0   278.761 0   278.829 0     0.0 0     0.2 0     0.2 0    -3.7 0    -3.5 0     6.2 0    96.6 0     0.6 0    95.1 0   907.3 0
 2026   1  1  1 14 51 14.850  91.88    -1.7 0     0.2 0     0.0 0     0.4 0   340.8 0   279.504 0   279.435 0   344.7 0   278.769 0   278.842 0     0.0 0     0.3 0     0.3 0    -3.9 0    -3.6 0     6.2 0    96.6 0     2.0 0    98.4 0   907.3 0
 2026   1  1  1 14 52 14.867  91.70    -1.7 0     0.0 0     0.0 0     0.5 0   341.2 0   279.524 0   279.468 0   345.2 0   278.786 0   278.888 0     0.0 0     0.3 0     0.5 0    -4.1 0    -3.6 0     6.3 0    96.8 0     3.9 0   101.1 0   907.3 0
 2026   1  1  1 14 53 14.883  91.52    -1.6 0     0.0 0     0.0 0     0.6 0   341.3 0   279.549 0   279.503 0   345.3 0   278.815 0   278.915 0     0.0 0     0.4 0     0.6 0    -4.0 0    -3.4 0     6.5 0    96.5 0     3.3 0   101.9 0   907.4 0
 2026   1  1  1 14 54 14.900  91.35    -1.6 0     0.2 0     0.0 0     0.7 0   341.4 0   279.578 0   279.532 0   345.3 0   278.844 0   278.944 0     0.0 0     0.4 0     0.5 0    -3.9 0    -3.4 0     6.6 0    96.1 0     2.7 0    99.4 0   907.4 0
 2026   1  1  1 14 55 14.917  91.17    -1.4 0     0.2 0    -0.1 0     0.8 0   341.4 0   279.609 0   279.559 0   345.3 0   278.871 0   278.968 0     0.0 0     0.5 0     0.6 0    -3.9 0    -3.3 0     6.6 0    95.6 0     2.6 0    94.8 0   907.4 0
 2026   1  1  1 14 56 14.933  90.99    -1.3 0     0.3 0    -0.1 0     0.9 0   341.3 0   279.638 0   279.575 0   345.3 0   278.895 0   278.993 0     0.0 0     0.6 0     0.6 0    -3.9 0    -3.3 0     6.7 0    95.4 0     2.7 0    89.9 0   907.4 0
 2026   1  1  1 14 57 14.950  90.81    -1.1 0     0.4 0    -0.2 0     1.0 0   341.2 0   279.663 0   279.588 0   345.3 0   278.920 0   279.015 0     0.0 0     0.7 0     0.7 0    -4.1 0    -3.4 0     6.7 0    94.9 0     3.9 0    99.8 0   907.4 0
 2026   1  1  1 14 58 14.967  89.91    -1.1 0     0.4 0    -0.2 0     1.1 0   341.2 0   279.686 0   279.605 0   345.3 0   278.944 0   279.040 0     0.3 0     0.7 0     0.7 0    -4.0 0    -3.4 0     6.7 0    94.6 0     3.9 0    86.4 0   907.4 0
 2026   1  1  1 14 59 14.983  89.79    -0.9 0     0.5 0    -0.2 0     1.3 0   341.2 0   279.707 0   279.618 0   345.2 0   278.966 0   279.056 0     0.3 0     0.8 0     0.8 0    -4.0 0    -3.3 0     6.7 0    94.3 0     2.9 0    96.1 0   907.4 0
 2026   1  1  1 15  0 15.000  89.66    -0.7 0     0.5 0    -0.2 0     1.4 0   341.1 0   279.725 0   279.624 0   345.2 0   278.986 0   279.068 0     0.3 0     0.9 0     0.8 0    -4.1 0    -3.3 0     6.7 0    94.0 0     2.8 0    99.6 0   907.4 0
 2026   1  1  1 15  1 15.017  89.53    -0.7 0     0.6 0    -0.2 0     1.4 0   341.1 0   279.740 0   279.633 0   345.2 0   279.003 0   279.081 0     0.3 0     0.9 0     0.9 0    -4.1 0    -3.2 0     6.8 0    93.9 0     2.3 0   102.1 0   907.4 0
 2026   1  1  1 15  2 15.033  89.39    -0.5 0     0.6 0    -0.2 0     1.5 0   341.2 0   279.755 0   279.643 0   345.3 0   279.019 0   279.103 0     0.3 0     0.9 0     0.9 0    -4.1 0    -3.2 0     6.8 0    93.6 0     4.0 0    97.2 0   907.4 0
 2026   1  1  1 15  3 15.050  89.25    -0.2 0     0.5 0    -0.2 0     1.6 0   341.1 0   279.768 0   279.644 0   345.2 0   279.038 0   279.120 0     0.3 0     1.0 0     1.1 0    -4.1 0    -3.0 0     6.8 0    93.3 0     3.8 0   106.5 0   907.4 0
 2026   1  1  1 15  4 15.067  89.10    -0.1 0     0.6 0    -0.2 0     1.8 0   341.0 0   279.778 0   279.645 0   345.2 0   279.055 0   279.132 0     0.4 0     1.1 0     1.2 0    -4.2 0    -2.9 0     6.7 0    93.1 0     4.1 0   108.4 0   907.4 0
 2026   1  1  1 15  5 15.083  88.96    -0.2 0     0.6 0    -0.2 0     1.9 0   341.1 0   279.787 0   279.654 0   345.2 0   279.071 0   279.151 0     0.3 0     1.2 0     1.3 0    -4.1 0    -2.8 0     6.8 0    92.9 0     4.4 0   106.6 0   907.4 0
 2026   1  1  1 15  6 15.100  88.81     0.0 0     0.5 0    -0.1 0     2.1 0   341.1 0   279.794 0   279.659 0   345.2 0   279.090 0   279.169 0     0.4 0     1.3 0     1.5 0    -4.1 0    -2.5 0     6.8 0    92.8 0     3.4 0   104.3 0   907.4 0
 2026   1  1  1 15  7 15.117  88.66     0.4 0     0.5 0    -0.1 0     2.4 0   341.1 0   279.802 0   279.663 0   345.2 0   279.107 0   279.181 0     0.4 0     1.5 0     1.9 0    -4.1 0    -2.2 0     6.8 0    92.6 0     4.2 0    99.1 0   907.4 0
 2026   1  1  1 15  8 15.133  88.51     0.9 0     0.5 0    -0.2 0     2.8 0   341.1 0   279.808 0   279.661 0   345.3 0   279.124 0   279.199 0     0.5 0     1.8 0     2.3 0    -4.1 0    -1.8 0     6.8 0    92.4 0     4.8 0   103.0 0   907.3 0
 2026   1  1  1 15  9 15.150  88.35     1.3 0     0.5 0    -0.1 0     3.2 0   341.2 0   279.814 0   279.667 0   345.3 0   279.143 0   279.217 0     0.5 0     2.0 0     2.7 0    -4.1 0    -1.4 0     6.8 0    92.2 0     4.1 0   101.5 0   907.3 0
 2026   1  1  1 15 10 15.167  88.20     1.5 0     0.5 0    -0.1 0     3.5 0   341.2 0   279.821 0   279.673 0   345.3 0   279.161 0   279.232 0     0.5 0     2.1 0     3.0 0    -4.1 0    -1.1 0     6.8 0    92.0 0     4.2 0   108.4 0   907.3 0
 2026   1  1  1 15 11 15.183  88.04     1.5 0     0.5 0    -0.1 0     3.4 0   341.3 0   279.827 0   279.679 0   345.3 0   279.178 0   279.249 0     0.5 0     2.1 0     2.9 0    -4.1 0    -1.1 0     6.8 0    91.8 0     4.2 0   109.7 0   907.3 0
 2026   1  1  1 15 12 15.200  87.88     1.4 0     0.5 0    -0.1 0     3.4 0   341.3 0   279.833 0   279.685 0   345.3 0   279.194 0   279.265 0     0.5 0     2.1 0     2.9 0    -4.0 0    -1.1 0     6.8 0    91.7 0     3.5 0   114.6 0   907.3 0
 2026   1  1  1 15 13 15.217  87.72     1.7 0     0.5 0    -0.1 0     3.6 0   341.2 0   279.840 0   279.690 0   345.3 0   279.208 0   279.274 0     0.6 0     2.3 0     3.2 0    -4.1 0    -0.9 0     6.8 0    91.5 0     3.7 0   114.5 0   907.3 0
 2026   1  1  1 15 14 15.233  87.57     1.9 0     0.5 0    -0.1 0     3.9 0   341.3 0   279.846 0   279.696 0   345.4 0   279.221 0   279.286 0     0.6 0     2.4 0     3.4 0    -4.1 0    -0.8 0     6.8 0    91.5 0     3.4 0   109.8 0   907.4 0
 2026   1  1  1 15 15 15.250  87.41     2.1 0     0.4 0    -0.1 0     4.1 0   341.3 0   279.853 0   279.712 0   345.6 0   279.236 0   279.310 0     0.6 0     2.5 0     3.7 0    -4.3 0    -0.6 0     6.8 0    91.3 0     4.2 0   112.5 0   907.4 0
 2026   1  1  1 15 16 15.267  87.24     2.3 0     0.5 0    -0.1 0     4.4 0   341.3 0   279.864 0   279.722 0   345.6 0   279.255 0   279.328 0     0.6 0     2.6 0     3.9 0    -4.3 0    -0.4 0     6.9 0    90.6 0     4.5 0   120.9 0   907.4 0
 2026   1  1  1 15 17 15.283  87.08     3.0 0     0.5 0    -0.1 0     5.0 0   341.3 0   279.873 0   279.730 0   345.5 0   279.274 0   279.345 0     0.6 0     2.9 0     4.5 0    -4.2 0     0.2 0     6.9 0    90.3 0     3.8 0   119.9 0   907.4 0
 2026   1  1  1 15 18 15.300  86.92     4.0 0     0.6 0    -0.1 0     6.0 0   341.4 0   279.882 0   279.746 0   345.6 0   279.291 0   279.361 0     0.7 0     3.2 0     5.3 0    -4.2 0     1.1 0     6.9 0    90.2 0     3.9 0   121.7 0   907.4 0
 2026   1  1  1 15 19 15.317  86.76     4.7 0     0.7 0    -0.1 0     6.7 0   341.4 0   279.893 0   279.758 0   345.6 0   279.307 0   279.373 0     0.7 0     3.5 0     6.0 0    -4.2 0     1.8 0     6.9 0    90.1 0     4.0 0   126.3 0   907.4 0
 2026   1  1  1 15 20 15.333  86.60     4.5 0     0.7 0    -0.1 0     6.6 0   341.3 0   279.903 0   279.769 0   345.6 0   279.322 0   279.388 0     0.7 0     3.5 0     5.9 0    -4.3 0     1.7 0     6.9 0    90.1 0     3.9 0   133.8 0   907.4 0
 2026   1  1  1 15 21 15.350  86.44     4.9 0     0.7 0    -0.1 0     7.0 0   341.2 0   279.912 0   279.779 0   345.6 0   279.335 0   279.397 0     0.7 0     3.7 0     6.2 0    -4.4 0     1.8 0     6.9 0    90.2 0     4.1 0   133.3 0   907.4 0
 2026   1  1  1 15 22 15.367  86.27     6.2 0     0.9 0     0.0 0     8.1 0   341.3 0   279.921 0   279.792 0   345.5 0   279.347 0   279.411 0     0.8 0     4.3 0     7.3 0    -4.3 0     3.0 0     6.9 0    90.2 0     3.8 0   138.2 0   907.4 0
 2026   1  1  1 15 23 15.383  86.11     6.7 0     1.0 0     0.0 0     8.8 0   341.3 0   279.930 0   279.796 0   345.5 0   279.355 0   279.410 0     0.9 0     4.6 0     7.8 0    -4.2 0     3.6 0     6.9 0    90.3 0     3.9 0   131.0 0   907.3 0
 2026   1  1  1 15 24 15.400  85.95     6.6 0     0.9 0     0.0 0     8.6 0   341.2 0   279.935 0   279.796 0   345.5 0   279.361 0   279.414 0     0.9 0     4.5 0     7.7 0    -4.2 0     3.5 0     6.8 0    90.6 0     3.8 0   135.9 0   907.3 0
 2026   1  1  1 15 25 15.417  85.79     6.5 0     0.9 0     0.0 0     8.5 0   341.3 0   279.938 0   279.798 0   345.6 0   279.365 0   279.422 0     0.9 0     4.4 0     7.5 0    -4.3 0     3.2 0     6.8 0    90.7 0     5.2 0   137.5 0   907.4 0
 2026   1  1  1 15 26 15.433  85.62     6.7 0     1.0 0     0.0 0     8.6 0   341.2 0   279.941 0   279.798 0   345.3 0   279.371 0   279.421 0     0.8 0     4.4 0     7.7 0    -4.1 0     3.5 0     6.8 0    90.7 0     4.4 0   148.6 0   907.4 0
 2026   1  1  1 15 27 15.450  85.46     7.3 0     1.1 0     0.0 0     9.1 0   341.0 0   279.939 0   279.769 0   345.2 0   279.370 0   279.409 0     0.8 0     4.6 0     7.9 0    -4.2 0     3.8 0     6.8 0    90.8 0     4.8 0   139.1 0   907.5 0
 2026   1  1  1 15 28 15.467  85.30     8.3 0     1.4 0     0.0 0    10.0 0   341.0 0   279.930 0   279.750 0   345.1 0   279.364 0   279.401 0     0.8 0     5.0 0     8.7 0    -4.1 0     4.5 0     6.7 0    91.1 0     4.3 0   140.0 0   907.5 0
 2026   1  1  1 15 29 15.483  85.13     9.5 0     1.6 0     0.0 0    11.2 0   340.6 0   279.920 0   279.735 0   344.8 0   279.354 0   279.381 0     0.9 0     5.4 0     9.6 0    -4.2 0     5.4 0     6.6 0    91.4 0     4.7 0   139.1 0   907.5 0
 2026   1  1  1 15 30 15.500  84.97    11.1 0     1.9 0     0.0 0    12.6 0   340.6 0   279.905 0   279.700 0   344.7 0   279.338 0   279.358 0     0.9 0     6.0 0    10.7 0    -4.1 0     6.6 0     6.5 0    91.8 0     4.7 0   135.9 0   907.5 0
 2026   1  1  1 15 31 15.517  84.81    12.7 0     2.1 0     0.0 0    14.1 0   340.7 0   279.885 0   279.683 0   344.6 0   279.318 0   279.339 0     0.9 0     6.7 0    12.0 0    -3.9 0     8.1 0     6.5 0    92.3 0     4.9 0   129.2 0   907.5 0
 2026   1  1  1 15 32 15.533  84.65    15.1 0     2.4 0     0.1 0    16.3 0   340.8 0   279.866 0   279.679 0   344.7 0   279.299 0   279.321 0     1.0 0     7.6 0    13.9 0    -3.8 0    10.1 0     6.4 0    92.8 0     5.1 0   124.6 0   907.4 0
 2026   1  1  1 15 33 15.550  84.48    18.0 0     2.7 0     0.1 0    19.1 0   340.9 0   279.849 0   279.672 0   344.7 0   279.280 0   279.306 0     1.0 0     8.8 0    16.4 0    -3.8 0    12.5 0     6.4 0    93.1 0     5.5 0   122.6 0   907.4 0
 2026   1  1  1 15 34 15.567  84.32    20.0 0     2.9 0     0.1 0    21.1 0   341.0 0   279.833 0   279.661 0   344.8 0   279.264 0   279.294 0     1.0 0     9.5 0    18.2 0    -3.8 0    14.4 0     6.4 0    93.4 0     4.6 0   120.7 0   907.4 0
 2026   1  1  1 15 35 15.583  84.16    19.7 0     2.8 0     0.1 0    21.1 0   341.2 0   279.820 0   279.662 0   345.0 0   279.251 0   279.286 0     1.0 0     9.4 0    18.3 0    -3.8 0    14.6 0     6.4 0    93.7 0     3.9 0   105.7 0   907.4 0
 2026   1  1  1 15 36 15.600  84.00    18.8 0     2.6 0     0.1 0    20.2 0   341.3 0   279.809 0   279.648 0   345.2 0   279.242 0   279.283 0     1.0 0     9.0 0    17.6 0    -3.9 0    13.8 0     6.4 0    93.9 0     3.3 0   101.9 0   907.4 0
 2026   1  1  1 15 37 15.617  83.83    18.7 0     2.5 0     0.1 0    20.1 0   341.5 0   279.802 0   279.664 0   345.3 0   279.238 0   279.285 0     1.0 0     9.1 0    17.6 0    -3.8 0    13.8 0     6.4 0    94.0 0     3.7 0    98.4 0   907.4 0
 2026   1  1  1 15 38 15.633  83.67    19.6 0     2.7 0     0.1 0    20.9 0   341.4 0   279.802 0   279.676 0   345.3 0   279.235 0   279.277 0     1.0 0     9.5 0    18.3 0    -3.8 0    14.4 0     6.4 0    93.8 0     4.0 0   108.0 0   907.4 0
 2026   1  1  1 15 39 15.650  83.51    21.4 0     3.0 0     0.1 0    22.4 0   341.3 0   279.802 0   279.667 0   345.2 0   279.228 0   279.266 0     1.0 0    10.2 0    19.4 0    -3.8 0    15.6 0     6.4 0    93.9 0     3.9 0   115.5 0   907.4 0
 2026   1  1  1 15 40 15.667  83.35    23.1 0     3.3 0     0.1 0    23.9 0   341.3 0   279.799 0   279.660 0   345.2 0   279.219 0   279.257 0     1.0 0    10.9 0    20.7 0    -3.9 0    16.8 0     6.4 0    94.0 0     4.9 0   123.3 0   907.4 0
 2026   1  1  1 15 41 15.683  83.19    22.6 0     3.2 0     0.1 0    23.6 0   341.4 0   279.795 0   279.669 0   345.3 0   279.210 0   279.255 0     1.0 0    10.8 0    20.4 0    -3.9 0    16.5 0     6.4 0    94.3 0     4.5 0   122.0 0   907.4 0
 2026   1  1  1 15 42 15.700  83.03    19.9 0     2.7 0     0.1 0    21.2 0   341.5 0   279.794 0   279.676 0   345.4 0   279.206 0   279.255 0     0.9 0     9.7 0    18.4 0    -3.9 0    14.6 0     6.4 0    94.3 0     4.2 0   131.6 0   907.5 0
 2026   1  1  1 15 43 15.717  82.87    18.0 0     2.4 0     0.1 0    19.3 0   341.6 0   279.795 0   279.686 0   345.6 0   279.205 0   279.261 0     0.9 0     9.1 0    16.9 0    -4.0 0    12.9 0     6.4 0    94.4 0     2.4 0   130.9 0   907.5 0
 2026   1  1  1 15 44 15.733  82.70    17.6 0     2.4 0     0.2 0    18.9 0   341.7 0   279.798 0   279.698 0   345.8 0   279.207 0   279.269 0     0.9 0     9.0 0    16.6 0    -4.1 0    12.5 0     6.5 0    94.4 0     1.3 0   103.0 0   907.5 0
 2026   1  1  1 15 45 15.750  82.54    18.3 0     2.4 0     0.2 0    19.6 0   341.9 0   279.803 0   279.714 0   345.8 0   279.211 0   279.270 0     1.0 0     9.3 0    17.2 0    -3.9 0    13.3 0     6.5 0    94.2 0     1.8 0    94.4 0   907.4 0
 2026   1  1  1 15 46 15.767  82.38    20.5 0     2.7 0     0.2 0    21.7 0   342.0 0   279.812 0   279.725 0   345.9 0   279.216 0   279.274 0     1.0 0    10.4 0    19.0 0    -3.9 0    15.1 0     6.6 0    94.2 0     1.3 0    64.3 0   907.4 0
 2026   1  1  1 15 47 15.783  82.22    22.4 0     2.9 0     0.2 0    23.5 0   342.1 0   279.821 0   279.732 0   345.9 0   279.220 0   279.278 0     1.0 0    11.1 0    20.6 0    -3.9 0    16.7 0     6.6 0    94.1 0     1.5 0    79.9 0   907.4 0
 2026   1  1  1 15 48 15.800  82.06    21.2 0     2.7 0     0.2 0    22.8 0   342.1 0   279.830 0   279.740 0   346.0 0   279.224 0   279.280 0     1.0 0    10.6 0    20.1 0    -3.9 0    16.3 0     6.6 0    94.0 0     1.4 0   106.1 0   907.5 0
 2026   1  1  1 15 49 15.817  81.90    19.2 0     2.3 0     0.2 0    20.9 0   342.2 0   279.839 0   279.744 0   346.1 0   279.228 0   279.286 0     1.0 0     9.8 0    18.6 0    -3.9 0    14.7 0     6.6 0    94.2 0     2.0 0   103.0 0   907.5 0
 2026   1  1  1 15 50 15.833  81.75    17.4 0     2.1 0     0.2 0    19.2 0   342.2 0   279.847 0   279.750 0   346.1 0   279.234 0   279.289 0     1.0 0     9.1 0    17.1 0    -3.9 0    13.2 0     6.6 0    94.2 0     1.9 0   119.4 0   907.5 0
 2026   1  1  1 15 51 15.850  81.59    17.6 0     2.2 0     0.2 0    19.2 0   342.2 0   279.856 0   279.765 0   346.2 0   279.239 0   279.294 0     1.0 0     9.4 0    17.0 0    -3.9 0    13.1 0     6.6 0    94.3 0     1.9 0   122.5 0   907.5 0
 2026   1  1  1 15 52 15.867  81.43    19.9 0     2.5 0     0.2 0    21.2 0   342.2 0   279.867 0   279.790 0   346.2 0   279.244 0   279.299 0     1.1 0    10.5 0    18.7 0    -4.0 0    14.7 0     6.6 0    94.3 0     1.8 0   115.0 0   907.5 0
 2026   1  1  1 15 53 15.883  81.27    21.1 0     2.7 0     0.2 0    22.5 0   342.0 0   279.882 0   279.810 0   346.3 0   279.248 0   279.303 0     1.2 0    11.0 0    19.8 0    -4.2 0    15.6 0     6.6 0    94.3 0     1.2 0   111.7 0   907.5 0
 2026   1  1  1 15 54 15.900  81.11    18.9 0     2.4 0     0.2 0    20.6 0   342.0 0   279.894 0   279.808 0   346.3 0   279.250 0   279.305 0     1.1 0    10.0 0    18.2 0    -4.2 0    14.0 0     6.6 0    94.4 0     0.9 0   116.9 0   907.5 0
 2026   1  1  1 15 55 15.917  80.95    16.3 0     2.1 0     0.2 0    18.2 0   342.2 0   279.903 0   279.821 0   346.3 0   279.252 0   279.309 0     1.1 0     8.9 0    16.1 0    -4.2 0    11.9 0     6.6 0    94.5 0     1.0 0    99.3 0   907.6 0
 2026   1  1  1 15 56 15.933  80.80    15.7 0     2.1 0     0.2 0    17.4 0   342.3 0   279.914 0   279.829 0   346.4 0   279.256 0   279.313 0     1.1 0     8.7 0    15.4 0    -4.1 0    11.2 0     6.6 0    94.6 0     1.2 0    82.5 0   907.6 0
 2026   1  1  1 15 57 15.950  80.64    17.5 0     2.3 0     0.2 0    18.9 0   342.2 0   279.924 0   279.845 0   346.4 0   279.260 0   279.318 0     1.2 0     9.5 0    16.7 0    -4.2 0    12.4 0     6.7 0    94.6 0     1.0 0    80.9 0   907.7 0
 2026   1  1  1 15 58 15.967  80.48    20.1 0     2.6 0     0.2 0    21.3 0   342.2 0   279.935 0   279.855 0   346.5 0   279.265 0   279.323 0     1.2 0    10.7 0    18.7 0    -4.3 0    14.4 0     6.7 0    94.6 0     1.0 0   104.2 0   907.7 0
 2026   1  1  1 15 59 15.983  80.33    23.6 0     3.0 0     0.2 0    24.6 0   342.3 0   279.947 0   279.883 0   346.6 0   279.270 0   279.330 0     1.3 0    12.3 0    21.6 0    -4.3 0    17.3 0     6.7 0    94.6 0     1.1 0   103.5 0   907.6 0
 2026   1  1  1 16  0 16.000  80.17    26.9 0     3.4 0     0.3 0    28.0 0   342.4 0   279.963 0   279.914 0   346.8 0   279.276 0   279.337 0     1.4 0    13.7 0    24.6 0    -4.3 0    20.3 0     6.7 0    94.6 0     1.4 0    92.3 0   907.6 0
 2026   1  1  1 16  1 16.017  80.01    25.0 0     3.1 0     0.2 0    26.7 0   342.5 0   279.980 0   279.924 0   346.8 0   279.282 0   279.342 0     1.5 0    12.7 0    23.6 0    -4.3 0    19.3 0     6.7 0    94.6 0     1.5 0    98.8 0   907.6 0
 2026   1  1  1 16  2 16.033  79.86    20.1 0     2.5 0     0.2 0    22.1 0   342.7 0   279.992 0   279.928 0   346.8 0   279.287 0   279.347 0     1.4 0    10.4 0    19.6 0    -4.1 0    15.5 0     6.7 0    94.8 0     1.7 0    96.5 0   907.6 0
 2026   1  1  1 16  3 16.050  79.70    17.2 0     2.2 0     0.2 0    19.2 0   343.0 0   280.004 0   279.942 0   346.8 0   279.294 0   279.353 0     1.4 0     9.2 0    17.1 0    -3.8 0    13.2 0     6.7 0    94.8 0     1.9 0    87.5 0   907.6 0
 2026   1  1  1 16  4 16.067  79.55    16.6 0     2.1 0     0.2 0    18.4 0   343.0 0   280.016 0   279.943 0   346.8 0   279.300 0   279.357 0     1.5 0     8.9 0    16.3 0    -3.8 0    12.5 0     6.7 0    94.8 0     2.0 0    95.9 0   907.6 0
 2026   1  1  1 16  5 16.083  79.40    17.1 0     2.2 0     0.2 0    18.8 0   343.1 0   280.023 0   279.942 0   346.8 0   279.304 0   279.361 0     1.5 0     9.2 0    16.6 0    -3.7 0    12.8 0     6.7 0    94.8 0     1.5 0   113.3 0   907.6 0
 2026   1  1  1 16  6 16.100  79.24    16.8 0     2.3 0     0.2 0    18.6 0   343.3 0   280.032 0   279.964 0   346.9 0   279.308 0   279.365 0     1.4 0     9.1 0    16.3 0    -3.6 0    12.7 0     6.7 0    94.9 0     0.9 0   123.0 0   907.7 0
 2026   1  1  1 16  7 16.117  79.09    16.1 0     2.2 0     0.2 0    17.7 0   343.4 0   280.043 0   279.965 0   347.0 0   279.312 0   279.369 0     1.3 0     8.7 0    15.6 0    -3.6 0    12.0 0     6.7 0    94.9 0     0.6 0   110.8 0   907.7 0
 2026   1  1  1 16  8 16.133  78.93    14.9 0     2.0 0     0.2 0    16.6 0   343.3 0   280.050 0   279.959 0   347.0 0   279.315 0   279.373 0     1.3 0     8.1 0    14.6 0    -3.6 0    11.0 0     6.7 0    94.9 0     0.5 0   122.2 0   907.8 0
 2026   1  1  1 16  9 16.150  78.78    13.0 0     1.8 0     0.2 0    14.9 0   343.4 0   280.054 0   279.956 0   347.0 0   279.318 0   279.376 0     1.3 0     7.3 0    13.2 0    -3.6 0     9.6 0     6.7 0    94.9 0     0.0 0   116.7 0   907.8 0
 2026   1  1  1 16 10 16.167  78.63    12.5 0     1.7 0     0.2 0    14.3 0   343.2 0   280.056 0   279.941 0   347.0 0   279.322 0   279.379 0     1.3 0     7.2 0    12.6 0    -3.8 0     8.9 0     6.8 0    94.9 0     0.0 0     0.0 0   907.8 0
 2026   1  1  1 16 11 16.183  78.48    14.0 0     1.9 0     0.2 0    15.6 0   343.2 0   280.056 0   279.941 0   347.0 0   279.325 0   279.383 0     1.5 0     7.9 0    13.7 0    -3.8 0    10.0 0     6.8 0    94.9 0     0.0 0     4.8 0   907.8 0
 2026   1  1  1 16 12 16.200  78.32    17.2 0     2.3 0     0.2 0    18.4 0   343.1 0   280.058 0   279.942 0   347.0 0   279.328 0   279.385 0     1.9 0     9.4 0    16.2 0    -3.8 0    12.3 0     6.8 0    94.7 0     0.6 0   345.6 0   907.8 0
 2026   1  1  1 16 13 16.217  78.17    20.7 0     2.7 0     0.2 0    21.8 0   342.9 0   280.057 0   279.931 0   347.0 0   279.330 0   279.388 0     2.3 0    11.0 0    19.1 0    -4.1 0    15.0 0     6.7 0    94.8 0     0.3 0   356.2 0   907.8 0
 2026   1  1  1 16 14 16.233  78.02    22.8 0     3.0 0     0.2 0    24.0 0   342.8 0   280.055 0   279.936 0   347.1 0   279.333 0   279.392 0     2.7 0    11.9 0    21.1 0    -4.3 0    16.8 0     6.8 0    94.9 0     0.0 0    36.2 0   907.8 0
 2026   1  1  1 16 15 16.250  77.87    23.6 0     3.0 0     0.2 0    25.0 0   342.8 0   280.056 0   279.942 0   347.2 0   279.336 0   279.395 0     3.0 0    12.3 0    22.0 0    -4.4 0    17.7 0     6.8 0    94.8 0     0.0 0     0.0 0   907.8 0
 2026   1  1  1 16 16 16.267  77.72    24.8 0     3.0 0     0.2 0    26.3 0   342.8 0   280.058 0   279.933 0   347.2 0   279.340 0   279.399 0     3.3 0    12.8 0    23.3 0    -4.5 0    18.8 0     6.8 0    94.8 0     0.0 0     0.0 0   907.8 0
 2026   1  1  1 16 17 16.283  77.57    23.8 0     2.8 0     0.2 0    25.6 0   343.0 0   280.056 0   279.928 0   347.2 0   279.343 0   279.403 0     3.1 0    12.2 0    22.9 0    -4.2 0    18.6 0     6.8 0    94.7 0     0.3 0   164.2 0   907.8 0
 2026   1  1  1 16 18 16.300  77.42    21.2 0     2.6 0     0.3 0    23.4 0   343.3 0   280.056 0   279.946 0   347.3 0   279.347 0   279.405 0     2.6 0    11.1 0    20.8 0    -3.9 0    16.9 0     6.8 0    94.6 0     0.5 0   168.9 0   907.9 0
 2026   1  1  1 16 19 16.317  77.27    20.6 0     2.7 0     0.3 0    22.3 0   343.5 0   280.059 0   279.940 0   347.3 0   279.350 0   279.408 0     2.4 0    10.8 0    19.7 0    -3.8 0    15.9 0     6.8 0    94.6 0     1.1 0   132.2 0   907.9 0
 2026   1  1  1 16 20 16.333  77.12    20.2 0     2.8 0     0.2 0    21.6 0   343.6 0   280.060 0   279.928 0   347.3 0   279.352 0   279.411 0     2.2 0    10.6 0    18.9 0    -3.7 0    15.2 0     6.7 0    94.7 0     3.3 0   108.9 0   907.9 0
 2026   1  1  1 16 21 16.350  76.97    18.2 0     2.6 0     0.2 0    19.7 0   343.5 0   280.059 0   279.933 0   347.1 0   279.355 0   279.409 0     2.1 0     9.8 0    17.2 0    -3.5 0    13.7 0     6.7 0    94.6 0     4.3 0    85.4 0   908.0 0
 2026   1  1  1 16 22 16.367  76.83    17.7 0     2.6 0     0.1 0    18.9 0   343.2 0   280.058 0   279.915 0   346.9 0   279.351 0   279.398 0     2.1 0     9.5 0    16.2 0    -3.6 0    12.6 0     6.6 0    94.6 0     3.4 0    84.2 0   908.0 0
 2026   1  1  1 16 23 16.383  76.68    19.1 0     2.8 0     0.1 0    19.7 0   342.9 0   280.046 0   279.872 0   346.7 0   279.344 0   279.391 0     2.4 0    10.2 0    16.9 0    -3.7 0    13.2 0     6.6 0    94.7 0     3.3 0   103.1 0   908.0 0
 2026   1  1  1 16 24 16.400  76.53    21.6 0     3.2 0     0.1 0    21.9 0   342.8 0   280.030 0   279.868 0   346.6 0   279.335 0   279.378 0     2.7 0    11.3 0    18.8 0    -3.7 0    15.0 0     6.5 0    94.7 0     3.6 0   115.0 0   908.0 0
 2026   1  1  1 16 25 16.417  76.38    24.4 0     3.3 0     0.1 0    24.7 0   342.7 0   280.019 0   279.872 0   346.8 0   279.326 0   279.378 0     3.0 0    12.5 0    21.4 0    -4.1 0    17.2 0     6.5 0    95.0 0     4.3 0   108.4 0   908.0 0
 2026   1  1  1 16 26 16.433  76.24    25.5 0     3.3 0     0.1 0    26.2 0   342.7 0   280.010 0   279.866 0   346.8 0   279.323 0   279.376 0     3.1 0    13.0 0    22.9 0    -4.1 0    18.8 0     6.5 0    94.8 0     4.0 0   107.5 0   908.0 0
 2026   1  1  1 16 27 16.450  76.09    24.6 0     3.3 0     0.1 0    25.5 0   342.8 0   280.003 0   279.856 0   346.8 0   279.320 0   279.372 0     3.0 0    12.6 0    22.3 0    -3.9 0    18.3 0     6.5 0    94.7 0     4.2 0   108.0 0   908.0 0
 2026   1  1  1 16 28 16.467  75.95    24.8 0     3.3 0     0.1 0    25.6 0   342.8 0   279.997 0   279.849 0   346.8 0   279.318 0   279.374 0     2.8 0    12.7 0    22.3 0    -4.0 0    18.4 0     6.6 0    94.8 0     3.8 0    94.6 0   908.0 0
 2026   1  1  1 16 29 16.483  75.80    25.1 0     3.3 0     0.1 0    25.8 0   342.5 0   279.991 0   279.834 0   346.8 0   279.318 0   279.369 0     3.0 0    12.8 0    22.5 0    -4.3 0    18.3 0     6.6 0    94.5 0     4.0 0    94.5 0   908.0 0
 2026   1  1  1 16 30 16.500  75.66    27.5 0     3.5 0     0.1 0    27.8 0   342.5 0   279.981 0   279.820 0   346.8 0   279.314 0   279.363 0     3.3 0    14.1 0    24.3 0    -4.2 0    20.1 0     6.5 0    94.5 0     3.6 0    98.2 0   908.0 0
 2026   1  1  1 16 31 16.517  75.51    32.7 0     4.1 0     0.2 0    32.7 0   342.4 0   279.971 0   279.813 0   346.9 0   279.311 0   279.364 0     3.7 0    16.6 0    28.6 0    -4.5 0    24.2 0     6.5 0    94.7 0     2.9 0    82.6 0   908.0 0
 2026   1  1  1 16 32 16.533  75.37    36.2 0     4.5 0     0.2 0    36.4 0   342.4 0   279.966 0   279.830 0   347.0 0   279.311 0   279.367 0     3.8 0    18.1 0    32.0 0    -4.6 0    27.4 0     6.5 0    94.6 0     3.7 0    81.3 0   908.0 0
 2026   1  1  1 16 33 16.550  75.23    35.0 0     4.5 0     0.2 0    35.7 0   342.6 0   279.963 0   279.829 0   347.0 0   279.310 0   279.366 0     3.5 0    17.5 0    31.3 0    -4.4 0    26.9 0     6.5 0    94.6 0     3.5 0    85.8 0   908.0 0
 2026   1  1  1 16 34 16.567  75.08    35.9 0     4.5 0     0.2 0    36.6 0   342.7 0   279.963 0   279.849 0   347.2 0   279.311 0   279.369 0     3.4 0    17.9 0    32.1 0    -4.4 0    27.7 0     6.6 0    94.7 0     2.9 0    81.1 0   908.0 0
 2026   1  1  1 16 35 16.583  74.94    34.8 0     4.3 0     0.2 0    35.9 0   342.6 0   279.967 0   279.870 0   347.4 0   279.314 0   279.376 0     3.4 0    17.6 0    31.6 0    -4.7 0    26.9 0     6.6 0    94.8 0     2.8 0    88.2 0   908.0 0
 2026   1  1  1 16 36 16.600  74.80    31.6 0     3.8 0     0.2 0    33.2 0   342.7 0   279.973 0   279.880 0   347.4 0   279.319 0   279.382 0     3.5 0    16.2 0    29.4 0    -4.8 0    24.7 0     6.6 0    94.8 0     2.5 0    89.6 0   908.0 0
 2026   1  1  1 16 37 16.617  74.66    28.2 0     3.3 0     0.2 0    29.9 0   342.8 0   279.981 0   279.899 0   347.6 0   279.326 0   279.390 0     3.4 0    14.7 0    26.6 0    -4.7 0    21.9 0     6.6 0    94.9 0     1.9 0    78.3 0   908.0 0
 2026   1  1  1 16 38 16.633  74.52    29.4 0     3.4 0     0.2 0    30.7 0   342.8 0   279.994 0   279.921 0   347.6 0   279.334 0   279.397 0     3.6 0    15.4 0    27.4 0    -4.8 0    22.5 0     6.7 0    94.8 0     2.1 0    64.7 0   908.0 0
 2026   1  1  1 16 39 16.650  74.37    33.8 0     3.8 0     0.2 0    34.8 0   342.7 0   280.007 0   279.931 0   347.7 0   279.341 0   279.405 0     3.9 0    17.3 0    31.0 0    -5.0 0    26.1 0     6.7 0    94.7 0     2.4 0    64.1 0   908.0 0
 2026   1  1  1 16 40 16.667  74.23    34.4 0     3.9 0     0.2 0    35.7 0   342.8 0   280.021 0   279.966 0   347.8 0   279.349 0   279.410 0     4.0 0    17.6 0    31.9 0    -5.0 0    26.9 0     6.7 0    94.7 0     1.8 0    64.7 0   908.0 0
 2026   1  1  1 16 41 16.683  74.09    33.2 0     3.8 0     0.2 0    34.5 0   342.5 0   280.038 0   279.975 0   347.9 0   279.356 0   279.420 0     4.1 0    17.2 0    30.8 0    -5.4 0    25.4 0     6.7 0    94.9 0     1.4 0    65.2 0   908.0 0
 2026   1  1  1 16 42 16.700  73.96    30.7 0     3.5 0     0.2 0    32.0 0   342.3 0   280.049 0   279.965 0   348.0 0   279.363 0   279.428 0     4.1 0    16.0 0    28.6 0    -5.6 0    22.9 0     6.7 0    94.8 0     1.4 0    60.0 0   908.1 0
 2026   1  1  1 16 43 16.717  73.82    28.8 0     3.3 0     0.2 0    30.1 0   341.8 0   280.056 0   279.963 0   348.0 0   279.372 0   279.437 0     4.1 0    15.2 0    26.8 0    -6.2 0    20.6 0     6.8 0    94.8 0     1.0 0    36.2 0   908.1 0
 2026   1  1  1 16 44 16.733  73.68    30.3 0     3.6 0     0.2 0    31.2 0   341.5 0   280.061 0   279.953 0   348.1 0   279.379 0   279.443 0     4.2 0    16.0 0    27.7 0    -6.6 0    21.2 0     6.8 0    94.6 0     1.3 0     9.5 0   908.1 0
 2026   1  1  1 16 45 16.750  73.54    34.3 0     4.1 0     0.3 0    34.9 0   341.5 0   280.068 0   279.971 0   348.1 0   279.384 0   279.449 0     4.4 0    17.8 0    30.9 0    -6.7 0    24.2 0     6.8 0    94.5 0     1.0 0    10.3 0   908.1 0
 2026   1  1  1 16 46 16.767  73.40    38.0 0     4.6 0     0.3 0    38.7 0   341.4 0   280.079 0   279.988 0   348.2 0   279.389 0   279.456 0     4.8 0    19.5 0    34.1 0    -6.8 0    27.4 0     6.8 0    94.6 0     0.7 0   329.2 0   908.1 0
 2026   1  1  1 16 47 16.783  73.27    39.8 0     4.8 0     0.3 0    40.7 0   341.4 0   280.093 0   280.001 0   348.3 0   279.395 0   279.465 0     5.1 0    20.4 0    36.0 0    -6.9 0    29.1 0     6.8 0    94.7 0     0.9 0   336.3 0   908.1 0
 2026   1  1  1 16 48 16.800  73.13    40.8 0     4.9 0     0.2 0    41.7 0   341.4 0   280.103 0   280.009 0   348.2 0   279.403 0   279.468 0     5.5 0    20.8 0    36.9 0    -6.9 0    30.0 0     6.8 0    94.5 0     1.4 0   346.4 0   908.0 0
 2026   1  1  1 16 49 16.817  72.99    43.5 0     5.2 0     0.3 0    44.2 0   341.4 0   280.108 0   280.011 0   348.3 0   279.407 0   279.468 0     5.9 0    22.2 0    39.1 0    -6.9 0    32.2 0     6.8 0    94.3 0     1.4 0   353.1 0   908.0 0
 2026   1  1  1 16 50 16.833  72.86    49.7 0     6.0 0     0.2 0    50.0 0   341.3 0   280.110 0   280.005 0   348.5 0   279.410 0   279.474 0     6.5 0    25.2 0    44.1 0    -7.1 0    37.0 0     6.7 0    94.5 0     1.2 0     1.4 0   908.0 0
 2026   1  1  1 16 51 16.850  72.72    59.8 0     7.2 0     0.3 0    59.4 0   341.4 0   280.111 0   280.021 0   348.6 0   279.414 0   279.480 0     7.2 0    29.9 0    52.4 0    -7.3 0    45.1 0     6.7 0    94.5 0     1.0 0   356.7 0   908.0 0
 2026   1  1  1 16 52 16.867  72.59    72.1 0     8.6 0     0.3 0    71.3 0   341.5 0   280.115 0   280.054 0   349.0 0   279.418 0   279.488 0     8.1 0    35.6 0    62.8 0    -7.4 0    55.3 0     6.7 0    94.5 0     1.1 0    13.1 0   907.9 0
 2026   1  1  1 16 53 16.883  72.45    84.5 0    10.0 0     0.3 0    83.4 0   341.7 0   280.127 0   280.090 0   349.4 0   279.423 0   279.498 0     9.4 0    41.0 0    73.5 0    -7.6 0    65.9 0     6.7 0    94.5 0     1.2 0     6.2 0   907.9 0
 2026   1  1  1 16 54 16.900  72.32    95.0 0    11.2 0     0.3 0    93.8 0   341.8 0   280.143 0   280.123 0   349.8 0   279.430 0   279.511 0    10.7 0    45.6 0    82.7 0    -8.0 0    74.7 0     6.7 0    94.6 0     1.7 0   358.3 0   907.9 0
 2026   1  1  1 16 55 16.917  72.19   100.0 0    11.8 0     0.4 0    99.5 0   341.7 0   280.160 0   280.151 0   350.3 0   279.440 0   279.528 0    11.0 0    47.7 0    87.8 0    -8.6 0    79.2 0     6.7 0    94.7 0     1.9 0   357.0 0   907.9 0
 2026   1  1  1 16 56 16.933  72.06   100.8 0    11.9 0     0.4 0   100.8 0   341.9 0   280.182 0   280.186 0   350.4 0   279.453 0   279.543 0    10.5 0    48.3 0    89.0 0    -8.5 0    80.5 0     6.8 0    94.7 0     2.4 0    11.6 0   907.9 0
 2026   1  1  1 16 57 16.950  71.92   114.2 0    13.4 0     0.4 0   113.2 0   341.9 0   280.208 0   280.225 0   350.8 0   279.467 0   279.560 0    11.3 0    54.1 0    99.9 0    -8.9 0    91.0 0     6.8 0    94.8 0     2.0 0    13.1 0   907.9 0
 2026   1  1  1 16 58 16.967  71.79   113.9 0    13.3 0     0.4 0   115.2 0   342.2 0   280.235 0   280.271 0   350.9 0   279.481 0   279.570 0    11.6 0    53.5 0   102.0 0    -8.8 0    93.3 0     6.8 0    94.4 0     2.3 0   353.3 0   907.8 0
 2026   1  1  1 16 59 16.983  71.66    94.0 0    10.9 0     0.4 0    97.3 0   342.2 0   280.265 0   280.278 0   351.0 0   279.491 0   279.580 0    10.7 0    44.9 0    86.5 0    -8.8 0    77.7 0     6.8 0    94.6 0     1.9 0     3.2 0   907.9 0
 2026   1  1  1 17  0 17.000  71.53    79.4 0     9.2 0     0.4 0    82.7 0   342.2 0   280.282 0   280.245 0   350.9 0   279.502 0   279.584 0     9.9 0    38.5 0    73.6 0    -8.7 0    64.9 0     6.8 0    94.6 0     1.9 0    11.4 0   907.9 0
 2026   1  1  1 17  1 17.017  71.40    72.9 0     8.6 0     0.6 0    75.3 0   342.3 0   280.288 0   280.226 0   350.8 0   279.509 0   279.587 0     9.3 0    35.9 0    66.9 0    -8.4 0    58.4 0     6.8 0    94.4 0     1.8 0   353.7 0   907.9 0
 2026   1  1  1 17  2 17.033  71.27    69.3 0     8.4 0     0.5 0    71.5 0   342.6 0   280.291 0   280.222 0   350.8 0   279.514 0   279.593 0     8.9 0    34.2 0    63.3 0    -8.2 0    55.1 0     6.7 0    94.5 0     1.2 0   341.6 0   908.0 0
 2026   1  1  1 17  3 17.050  71.14    66.9 0     8.2 0     0.6 0    68.8 0   342.7 0   280.294 0   280.219 0   351.0 0   279.521 0   279.603 0     9.1 0    33.2 0    60.7 0    -8.3 0    52.4 0     6.8 0    94.6 0     0.3 0   328.4 0   908.0 0
 2026   1  1  1 17  4 17.067  71.01    68.0 0     8.3 0     0.7 0    68.9 0   342.6 0   280.303 0   280.245 0   351.2 0   279.531 0   279.619 0    10.1 0    34.0 0    60.8 0    -8.5 0    52.3 0     6.9 0    94.8 0     1.4 0   233.5 0   908.0 0
 2026   1  1  1 17  5 17.083  70.89    79.7 0     9.8 0     1.5 0    79.4 0   342.3 0   280.317 0   280.259 0   351.2 0   279.546 0   279.633 0    11.1 0    39.5 0    70.1 0    -8.9 0    61.2 0     6.9 0    94.6 0     1.1 0   233.0 0   908.0 0
 2026   1  1  1 17  6 17.100  70.76    91.3 0    11.3 0     0.9 0    91.1 0   342.4 0   280.332 0   280.305 0   351.5 0   279.560 0   279.648 0    11.4 0    44.7 0    80.1 0    -9.1 0    71.0 0     6.9 0    94.3 0     1.4 0   245.6 0   908.0 0
 2026   1  1  1 17  7 17.117  70.63   101.7 0    12.5 0     1.6 0   101.3 0   342.4 0   280.355 0   280.321 0   351.9 0   279.574 0   279.667 0    11.7 0    49.2 0    89.3 0    -9.5 0    79.8 0     7.0 0    94.4 0     1.2 0   235.6 0   908.0 0
 2026   1  1  1 17  8 17.133  70.51   104.3 0    12.9 0     1.6 0   104.4 0   342.7 0   280.371 0   280.349 0   352.2 0   279.590 0   279.685 0    11.6 0    50.3 0    92.0 0    -9.5 0    82.5 0     7.0 0    94.3 0     1.2 0   227.3 0   908.0 0
 2026   1  1  1 17  9 17.150  70.38   107.2 0    13.5 0     1.0 0   106.8 0   343.1 0   280.399 0   280.414 0   352.4 0   279.606 0   279.701 0    11.6 0    51.6 0    93.5 0    -9.3 0    84.2 0     7.0 0    94.2 0     1.6 0   240.2 0   908.0 0
 2026   1  1  1 17 10 17.167  70.26   124.2 0    15.8 0     0.8 0   121.6 0   343.0 0   280.433 0   280.478 0   352.7 0   279.620 0   279.717 0    13.1 0    58.9 0   106.0 0    -9.7 0    96.3 0     6.9 0    94.1 0     1.5 0   246.9 0   908.0 0
 2026   1  1  1 17 11 17.183  70.13   146.7 0    18.4 0     0.8 0   143.2 0   342.5 0   280.470 0   280.527 0   353.3 0   279.636 0   279.743 0    15.2 0    68.2 0   125.1 0   -10.8 0   114.3 0     6.9 0    94.4 0     1.8 0   260.9 0   908.0 0
 2026   1  1  1 17 12 17.200  70.01   161.1 0    19.9 0     0.9 0   158.3 0   342.0 0   280.504 0   280.560 0   353.8 0   279.655 0   279.767 0    16.7 0    74.2 0   138.7 0   -11.8 0   126.9 0     7.0 0    94.4 0     2.0 0   277.8 0   908.0 0
 2026   1  1  1 17 13 17.217  69.89   163.0 0    20.0 0     0.9 0   161.8 0   341.4 0   280.537 0   280.597 0   354.1 0   279.673 0   279.787 0    17.3 0    74.8 0   142.1 0   -12.6 0   129.5 0     7.0 0    94.2 0     2.0 0   269.6 0   907.9 0
 2026   1  1  1 17 14 17.233  69.76   156.8 0    19.0 0     0.7 0   156.8 0   341.6 0   280.567 0   280.616 0   354.4 0   279.693 0   279.809 0    17.1 0    72.3 0   138.0 0   -12.8 0   125.2 0     7.0 0    94.4 0     2.4 0   262.4 0   907.9 0
 2026   1  1  1 17 15 17.250  69.64   148.9 0    17.9 0     0.6 0   149.5 0   342.5 0   280.597 0   280.668 0   354.6 0   279.717 0   279.836 0    16.3 0    69.1 0   131.8 0   -12.1 0   119.7 0     7.1 0    94.5 0     3.1 0   267.8 0   907.9 0
 2026   1  1  1 17 16 17.267  69.52   143.4 0    17.5 0     0.5 0   143.6 0   343.1 0   280.636 0   280.706 0   354.5 0   279.739 0   279.850 0    15.2 0    66.9 0   126.3 0   -11.4 0   114.9 0     7.1 0    94.1 0     3.4 0   268.7 0   908.0 0
 2026   1  1  1 17 17 17.283  69.40   150.6 0    18.5 0     0.4 0   149.3 0   343.3 0   280.669 0   280.718 0   354.7 0   279.758 0   279.871 0    15.4 0    69.8 0   130.9 0   -11.4 0   119.5 0     7.1 0    94.3 0     2.9 0   281.1 0   908.0 0
 2026   1  1  1 17 18 17.300  69.28   158.8 0    19.4 0     0.4 0   157.4 0   343.2 0   280.697 0   280.756 0   355.0 0   279.780 0   279.892 0    15.6 0    72.7 0   138.1 0   -11.7 0   126.4 0     7.1 0    94.1 0     3.9 0   273.2 0   908.0 0
 2026   1  1  1 17 19 17.317  69.16   152.5 0    18.7 0     0.4 0   152.8 0   343.0 0   280.721 0   280.757 0   354.7 0   279.798 0   279.909 0    15.0 0    69.7 0   134.2 0   -11.7 0   122.5 0     7.1 0    94.0 0     3.6 0   275.4 0   908.0 0
 2026   1  1  1 17 20 17.333  69.04   137.1 0    16.8 0     0.3 0   138.8 0   342.8 0   280.737 0   280.744 0   354.7 0   279.814 0   279.920 0    13.6 0    63.4 0   122.1 0   -11.9 0   110.2 0     7.1 0    94.1 0     3.9 0   282.8 0   908.1 0
 2026   1  1  1 17 21 17.350  68.92   122.5 0    15.1 0     0.3 0   124.4 0   342.8 0   280.747 0   280.738 0   354.5 0   279.830 0   279.925 0    12.5 0    57.6 0   109.4 0   -11.7 0    97.7 0     7.1 0    94.0 0     3.8 0   278.6 0   908.1 0
 2026   1  1  1 17 22 17.367  68.80   121.1 0    15.2 0     0.4 0   121.6 0   343.1 0   280.757 0   280.742 0   354.5 0   279.841 0   279.934 0    12.6 0    57.4 0   106.5 0   -11.4 0    95.1 0     7.1 0    94.1 0     3.2 0   286.1 0   908.1 0
 2026   1  1  1 17 23 17.383  68.68   129.6 0    16.0 0     0.4 0   129.0 0   343.2 0   280.765 0   280.751 0   354.9 0   279.855 0   279.958 0    13.3 0    61.1 0   113.0 0   -11.7 0   101.3 0     7.2 0    94.4 0     1.6 0   278.1 0   908.1 0
 2026   1  1  1 17 24 17.400  68.57   133.7 0    16.4 0     0.3 0   133.8 0   343.2 0   280.777 0   280.775 0   355.1 0   279.870 0   279.968 0    13.6 0    62.9 0   117.5 0   -11.9 0   105.6 0     7.1 0    93.7 0     0.8 0   259.9 0   908.1 0
 2026   1  1  1 17 25 17.417  68.45   128.5 0    15.7 0     0.4 0   129.8 0   343.3 0   280.790 0   280.810 0   355.5 0   279.882 0   279.985 0    13.1 0    60.8 0   114.3 0   -12.1 0   102.1 0     7.1 0    94.0 0     1.1 0   261.5 0   908.1 0
 2026   1  1  1 17 26 17.433  68.33   123.5 0    15.1 0     0.4 0   124.8 0   343.0 0   280.807 0   280.814 0   355.3 0   279.898 0   280.003 0    12.8 0    58.8 0   109.8 0   -12.3 0    97.5 0     7.2 0    94.0 0     3.1 0   284.4 0   908.1 0
 2026   1  1  1 17 27 17.450  68.22   124.7 0    15.4 0     0.4 0   125.6 0   342.9 0   280.823 0   280.837 0   355.0 0   279.913 0   280.008 0    13.2 0    59.4 0   110.3 0   -12.1 0    98.2 0     7.2 0    93.6 0     3.0 0   281.5 0   908.1 0
 2026   1  1  1 17 28 17.467  68.11   123.9 0    15.2 0     0.4 0   124.9 0   343.2 0   280.840 0   280.867 0   355.2 0   279.924 0   280.019 0    13.7 0    58.9 0   109.8 0   -12.0 0    97.8 0     7.2 0    93.7 0     2.7 0   286.1 0   908.1 0
 2026   1  1  1 17 29 17.483  67.99   122.0 0    15.0 0     0.4 0   123.0 0   343.3 0   280.851 0   280.845 0   355.2 0   279.934 0   280.029 0    14.1 0    58.1 0   108.1 0   -11.9 0    96.3 0     7.2 0    93.5 0     2.7 0   283.9 0   908.1 0
 2026   1  1  1 17 30 17.500  67.88   121.0 0    14.9 0     0.4 0   121.8 0   343.3 0   280.857 0   280.833 0   355.1 0   279.944 0   280.038 0    14.3 0    57.7 0   107.0 0   -11.9 0    95.1 0     7.2 0    93.4 0     2.6 0   290.2 0   908.1 0
 2026   1  1  1 17 31 17.517  67.77   122.2 0    15.1 0     0.4 0   123.0 0   343.4 0   280.857 0   280.835 0   355.3 0   279.954 0   280.052 0    14.3 0    58.5 0   108.1 0   -12.0 0    96.1 0     7.2 0    93.5 0     2.4 0   283.4 0   908.1 0
 2026   1  1  1 17 32 17.533  67.65   126.8 0    15.7 0     0.5 0   127.4 0   343.4 0   280.868 0   280.889 0   355.7 0   279.968 0   280.071 0    14.3 0    60.9 0   112.0 0   -12.2 0    99.7 0     7.2 0    93.3 0     2.0 0   279.5 0   908.1 0
 2026   1  1  1 17 33 17.550  67.54   137.4 0    16.9 0     0.5 0   137.5 0   343.3 0   280.889 0   280.935 0   355.8 0   279.983 0   280.086 0    14.6 0    65.6 0   120.7 0   -12.5 0   108.2 0     7.3 0    93.1 0     2.3 0   291.0 0   908.1 0
 2026   1  1  1 17 34 17.567  67.43   141.3 0    17.3 0     0.5 0   142.4 0   343.0 0   280.911 0   280.946 0   356.1 0   280.000 0   280.105 0    14.8 0    66.9 0   125.3 0   -13.1 0   112.1 0     7.3 0    93.0 0     1.8 0   287.0 0   908.1 0
 2026   1  1  1 17 35 17.583  67.32   128.0 0    15.8 0     0.4 0   131.0 0   342.8 0   280.923 0   280.933 0   356.3 0   280.017 0   280.125 0    14.3 0    61.2 0   115.4 0   -13.5 0   101.9 0     7.3 0    93.0 0     1.6 0   294.7 0   908.1 0
 2026   1  1  1 17 36 17.600  67.21   124.9 0    15.6 0     0.5 0   126.5 0   343.1 0   280.932 0   280.957 0   356.4 0   280.036 0   280.142 0    14.6 0    60.1 0   111.1 0   -13.4 0    97.8 0     7.4 0    92.8 0     1.3 0   292.9 0   908.1 0
 2026   1  1  1 17 37 17.617  67.10   133.9 0    16.6 0     0.5 0   134.7 0   343.3 0   280.946 0   280.963 0   356.8 0   280.055 0   280.166 0    15.6 0    63.9 0   118.3 0   -13.5 0   104.8 0     7.4 0    92.8 0     1.3 0   326.8 0   908.1 0
 2026   1  1  1 17 38 17.633  67.00   135.0 0    16.6 0     0.5 0   136.9 0   343.4 0   280.959 0   281.008 0   356.9 0   280.078 0   280.187 0    15.8 0    64.2 0   120.4 0   -13.5 0   106.9 0     7.4 0    92.5 0     1.9 0   332.5 0   908.1 0
 2026   1  1  1 17 39 17.650  66.89   128.8 0    15.9 0     0.4 0   131.8 0   343.2 0   280.981 0   281.024 0   356.8 0   280.097 0   280.197 0    15.6 0    61.5 0   116.0 0   -13.6 0   102.4 0     7.4 0    92.1 0     1.9 0   336.0 0   908.1 0
 2026   1  1  1 17 40 17.667  66.78   124.2 0    15.4 0     0.4 0   126.9 0   343.2 0   280.997 0   281.010 0   356.8 0   280.113 0   280.214 0    15.8 0    59.7 0   111.7 0   -13.6 0    98.1 0     7.4 0    92.4 0     2.1 0   324.0 0   908.1 0
 2026   1  1  1 17 41 17.683  66.67   130.5 0    16.1 0     0.4 0   132.0 0   343.5 0   281.005 0   281.024 0   356.9 0   280.131 0   280.233 0    16.8 0    62.3 0   116.1 0   -13.4 0   102.7 0     7.4 0    92.6 0     1.8 0   322.9 0   908.0 0
 2026   1  1  1 17 42 17.700  66.57   138.6 0    17.0 0     0.5 0   139.8 0   343.9 0   281.022 0   281.085 0   356.9 0   280.148 0   280.243 0    17.7 0    65.6 0   123.0 0   -13.0 0   110.0 0     7.4 0    92.0 0     2.2 0   326.9 0   908.0 0
 2026   1  1  1 17 43 17.717  66.46   142.5 0    17.5 0     0.4 0   144.4 0   343.8 0   281.044 0   281.082 0   357.0 0   280.159 0   280.256 0    18.3 0    66.9 0   127.1 0   -13.2 0   113.9 0     7.3 0    92.0 0     2.2 0   325.0 0   907.9 0
 2026   1  1  1 17 44 17.733  66.36   131.2 0    16.1 0     0.5 0   134.1 0   343.6 0   281.053 0   281.059 0   357.1 0   280.171 0   280.266 0    17.9 0    62.1 0   118.1 0   -13.4 0   104.7 0     7.3 0    92.2 0     1.9 0   326.8 0   907.9 0
 2026   1  1  1 17 45 17.750  66.26   129.5 0    16.0 0     0.5 0   131.3 0   343.6 0   281.055 0   281.047 0   357.1 0   280.183 0   280.278 0    17.4 0    61.5 0   115.5 0   -13.5 0   102.0 0     7.3 0    92.1 0     1.9 0   322.9 0   908.0 0
 2026   1  1  1 17 46 17.767  66.15   126.4 0    15.6 0     0.5 0   128.7 0   343.3 0   281.060 0   281.055 0   357.2 0   280.197 0   280.298 0    16.6 0    60.2 0   113.3 0   -13.9 0    99.4 0     7.4 0    92.4 0     1.5 0   321.5 0   908.0 0
 2026   1  1  1 17 47 17.783  66.05   120.3 0    15.0 0     0.5 0   122.8 0   343.3 0   281.061 0   281.040 0   357.4 0   280.213 0   280.309 0    15.9 0    57.8 0   108.0 0   -14.1 0    94.0 0     7.4 0    92.2 0     1.4 0   330.1 0   908.0 0
 2026   1  1  1 17 48 17.800  65.95   119.0 0    14.9 0     0.5 0   120.9 0   343.1 0   281.064 0   281.047 0   357.3 0   280.227 0   280.320 0    15.9 0    57.3 0   106.3 0   -14.2 0    92.1 0     7.4 0    91.9 0     1.5 0   333.6 0   908.0 0
 2026   1  1  1 17 49 17.817  65.85   119.7 0    15.0 0     0.5 0   121.5 0   343.3 0   281.069 0   281.082 0   357.3 0   280.240 0   280.335 0    16.0 0    57.6 0   106.7 0   -14.1 0    92.7 0     7.4 0    92.0 0     1.6 0   345.5 0   908.0 0
 2026   1  1  1 17 50 17.833  65.75   119.6 0    15.1 0     0.5 0   121.6 0   343.2 0   281.081 0   281.088 0   357.4 0   280.253 0   280.347 0    16.0 0    57.6 0   106.7 0   -14.2 0    92.5 0     7.4 0    91.8 0     1.7 0   342.4 0   907.9 0
 2026   1  1  1 17 51 17.850  65.65   118.5 0    15.1 0     0.5 0   120.5 0   343.2 0   281.089 0   281.094 0   357.3 0   280.263 0   280.356 0    16.0 0    57.1 0   105.7 0   -14.1 0    91.5 0     7.4 0    91.6 0     1.4 0   340.5 0   907.9 0
 2026   1  1  1 17 52 17.867  65.55   121.0 0    15.4 0     0.5 0   122.8 0   343.3 0   281.096 0   281.109 0   357.4 0   280.274 0   280.369 0    16.6 0    58.2 0   107.6 0   -14.1 0    93.5 0     7.4 0    91.7 0     1.6 0   339.7 0   907.9 0
 2026   1  1  1 17 53 17.883  65.45   125.2 0    15.9 0     0.5 0   126.9 0   343.3 0   281.106 0   281.127 0   357.6 0   280.287 0   280.386 0    17.1 0    59.8 0   111.2 0   -14.3 0    96.9 0     7.4 0    91.9 0     1.6 0   356.0 0   907.9 0
 2026   1  1  1 17 54 17.900  65.36   125.3 0    15.8 0     0.5 0   127.4 0   343.1 0   281.115 0   281.130 0   357.7 0   280.303 0   280.401 0    16.8 0    59.6 0   111.8 0   -14.6 0    97.1 0     7.5 0    91.9 0     1.3 0    13.4 0   907.9 0
 2026   1  1  1 17 55 17.917  65.26   119.5 0    15.2 0     0.5 0   122.1 0   343.0 0   281.118 0   281.117 0   357.9 0   280.318 0   280.416 0    15.8 0    57.1 0   107.1 0   -14.9 0    92.2 0     7.5 0    91.9 0     0.9 0     1.9 0   907.9 0
 2026   1  1  1 17 56 17.933  65.16   116.6 0    14.9 0     0.5 0   118.9 0   343.0 0   281.119 0   281.118 0   358.1 0   280.335 0   280.432 0    15.3 0    56.1 0   104.2 0   -15.1 0    89.1 0     7.6 0    92.0 0     0.5 0   347.6 0   907.9 0
 2026   1  1  1 17 57 17.950  65.07   123.7 0    15.9 0     0.5 0   124.8 0   343.0 0   281.124 0   281.119 0   358.1 0   280.352 0   280.447 0    15.7 0    59.4 0   109.1 0   -15.1 0    94.1 0     7.6 0    91.4 0     1.5 0   351.6 0   907.9 0
 2026   1  1  1 17 58 17.967  64.97   136.1 0    17.6 0     0.5 0   136.7 0   342.8 0   281.124 0   281.101 0   358.1 0   280.365 0   280.461 0    16.2 0    64.5 0   119.3 0   -15.3 0   104.0 0     7.5 0    91.1 0     1.2 0     6.8 0   907.9 0
 2026   1  1  1 17 59 17.983  64.88   134.4 0    17.2 0     0.5 0   136.9 0   342.9 0   281.119 0   281.108 0   358.4 0   280.379 0   280.479 0    16.5 0    63.3 0   119.9 0   -15.4 0   104.5 0     7.5 0    91.4 0     0.8 0     8.7 0   907.9 0
 2026   1  1  1 18  0 18.000  64.79   124.2 0    15.8 0     0.5 0   127.0 0   343.3 0   281.119 0   281.108 0   358.4 0   280.393 0   280.488 0    16.8 0    58.9 0   111.4 0   -15.1 0    96.3 0     7.5 0    91.2 0     0.9 0   352.5 0   907.9 0
 2026   1  1  1 18  1 18.017  64.69   122.1 0    15.4 0     0.4 0   124.3 0   343.5 0   281.123 0   281.100 0   358.3 0   280.406 0   280.500 0    17.2 0    57.8 0   109.2 0   -14.8 0    94.4 0     7.5 0    90.9 0     1.4 0   341.2 0   907.9 0
 2026   1  1  1 18  2 18.033  64.60   116.4 0    14.6 0     0.4 0   119.0 0   343.5 0   281.122 0   281.089 0   358.3 0   280.417 0   280.508 0    16.7 0    55.2 0   104.7 0   -14.8 0    89.9 0     7.5 0    91.0 0     1.1 0   351.0 0   908.0 0
 2026   1  1  1 18  3 18.050  64.51   111.3 0    13.9 0     0.4 0   113.5 0   343.3 0   281.125 0   281.110 0   358.4 0   280.429 0   280.519 0    16.1 0    53.1 0    99.8 0   -15.1 0    84.8 0     7.5 0    91.3 0     0.5 0     5.6 0   908.0 0
 2026   1  1  1 18  4 18.067  64.42   110.3 0    13.8 0     0.4 0   111.9 0   343.1 0   281.131 0   281.070 0   358.3 0   280.443 0   280.527 0    15.7 0    52.7 0    98.4 0   -15.2 0    83.2 0     7.6 0    91.1 0     1.1 0   348.5 0   908.0 0
 2026   1  1  1 18  5 18.083  64.33   111.9 0    13.9 0     0.4 0   113.4 0   343.3 0   281.123 0   281.040 0   358.1 0   280.454 0   280.535 0    15.6 0    53.4 0    99.7 0   -14.8 0    84.9 0     7.6 0    90.9 0     1.2 0   330.9 0   908.0 0
 2026   1  1  1 18  6 18.100  64.24   114.3 0    14.1 0     0.5 0   116.2 0   343.5 0   281.116 0   281.069 0   357.9 0   280.463 0   280.544 0    15.7 0    54.4 0   102.3 0   -14.4 0    87.9 0     7.5 0    90.9 0     1.6 0   323.5 0   908.0 0
 2026   1  1  1 18  7 18.117  64.15   111.4 0    13.8 0     0.5 0   114.3 0   343.5 0   281.118 0   281.075 0   357.8 0   280.469 0   280.544 0    15.4 0    53.1 0   100.7 0   -14.3 0    86.4 0     7.5 0    90.7 0     1.6 0   330.4 0   908.0 0
 2026   1  1  1 18  8 18.133  64.07   102.0 0    12.8 0     0.5 0   105.2 0   343.5 0   281.118 0   281.071 0   357.7 0   280.471 0   280.545 0    14.5 0    49.0 0    92.7 0   -14.2 0    78.5 0     7.4 0    90.9 0     1.5 0   330.4 0   908.0 0
 2026   1  1  1 18  9 18.150  63.98    96.4 0    12.0 0     0.4 0    99.4 0   343.5 0   281.116 0   281.061 0   357.6 0   280.474 0   280.545 0    14.0 0    46.5 0    87.7 0   -14.1 0    73.5 0     7.4 0    91.3 0     1.5 0   332.8 0   908.0 0
 2026   1  1  1 18 10 18.167  63.89    90.8 0    11.1 0     0.4 0    94.1 0   343.5 0   281.110 0   281.050 0   357.4 0   280.476 0   280.545 0    13.6 0    43.9 0    83.1 0   -13.9 0    69.2 0     7.4 0    91.1 0     1.7 0   328.9 0   908.0 0
 2026   1  1  1 18 11 18.183  63.81    80.6 0     9.9 0     0.4 0    84.3 0   343.4 0   281.098 0   281.004 0   357.2 0   280.477 0   280.543 0    12.7 0    39.2 0    74.6 0   -13.8 0    60.7 0     7.4 0    91.1 0     1.6 0   328.3 0   908.0 0
 2026   1  1  1 18 12 18.200  63.73    65.4 0     8.2 0     0.4 0    69.7 0   343.7 0   281.083 0   280.996 0   356.8 0   280.476 0   280.537 0    10.7 0    32.6 0    61.7 0   -13.2 0    48.6 0     7.4 0    91.3 0     2.1 0   316.1 0   908.0 0
 2026   1  1  1 18 13 18.217  63.64    59.2 0     7.6 0     0.4 0    62.4 0   344.1 0   281.076 0   280.989 0   356.3 0   280.473 0   280.528 0     9.8 0    30.1 0    54.9 0   -12.3 0    42.7 0     7.4 0    91.3 0     2.3 0   321.6 0   908.0 0
 2026   1  1  1 18 14 18.233  63.56    65.7 0     8.4 0     0.4 0    67.9 0   344.0 0   281.073 0   280.982 0   356.0 0   280.465 0   280.518 0    10.9 0    33.2 0    59.7 0   -12.1 0    47.6 0     7.3 0    91.3 0     2.3 0   319.4 0   907.9 0
 2026   1  1  1 18 15 18.250  63.48    73.4 0     9.4 0     0.4 0    75.3 0   343.9 0   281.066 0   280.979 0   356.0 0   280.457 0   280.515 0    11.9 0    36.7 0    66.1 0   -12.2 0    53.9 0     7.3 0    91.6 0     2.2 0   320.1 0   907.9 0
 2026   1  1  1 18 16 18.267  63.40    77.2 0     9.9 0     0.4 0    79.2 0   343.8 0   281.060 0   280.975 0   356.3 0   280.451 0   280.513 0    12.2 0    38.4 0    69.4 0   -12.4 0    57.0 0     7.3 0    92.0 0     1.7 0   314.0 0   907.8 0
 2026   1  1  1 18 17 18.283  63.32    77.2 0     9.8 0     0.4 0    79.6 0   343.9 0   281.053 0   280.992 0   356.2 0   280.449 0   280.510 0    11.9 0    38.5 0    70.0 0   -12.4 0    57.7 0     7.4 0    91.8 0     2.4 0   318.2 0   907.8 0
 2026   1  1  1 18 18 18.300  63.24    77.7 0     9.9 0     0.4 0    80.0 0   343.9 0   281.050 0   280.989 0   356.2 0   280.443 0   280.503 0    11.8 0    38.8 0    70.3 0   -12.3 0    58.1 0     7.3 0    92.0 0     2.4 0   319.8 0   907.8 0
 2026   1  1  1 18 19 18.317  63.16    79.8 0    10.1 0     0.4 0    81.9 0   343.9 0   281.049 0   280.999 0   356.0 0   280.437 0   280.495 0    12.0 0    39.8 0    72.0 0   -12.1 0    59.9 0     7.3 0    91.9 0     2.7 0   314.1 0   907.8 0
 2026   1  1  1 18 20 18.333  63.08    81.4 0    10.1 0     0.4 0    84.0 0   343.9 0   281.048 0   281.011 0   356.0 0   280.430 0   280.490 0    12.1 0    40.5 0    74.0 0   -12.1 0    61.9 0     7.3 0    92.2 0     2.9 0   310.5 0   907.8 0
 2026   1  1  1 18 21 18.350  63.00    80.7 0     9.9 0     0.4 0    83.8 0   343.9 0   281.049 0   281.017 0   355.9 0   280.425 0   280.486 0    11.9 0    40.1 0    74.0 0   -12.0 0    62.0 0     7.3 0    92.2 0     2.8 0   306.1 0   907.8 0
 2026   1  1  1 18 22 18.367  62.92    79.3 0     9.8 0     0.4 0    82.4 0   343.7 0   281.052 0   281.036 0   355.9 0   280.419 0   280.483 0    11.7 0    39.5 0    72.8 0   -12.2 0    60.6 0     7.3 0    92.4 0     2.3 0   304.0 0   907.8 0
 2026   1  1  1 18 23 18.383  62.85    81.1 0    10.0 0     0.4 0    83.4 0   343.6 0   281.056 0   281.041 0   356.0 0   280.416 0   280.481 0    12.1 0    40.4 0    73.6 0   -12.4 0    61.2 0     7.4 0    92.6 0     2.5 0   294.9 0   907.8 0
 2026   1  1  1 18 24 18.400  62.77    82.7 0    10.3 0     0.4 0    84.8 0   343.5 0   281.058 0   281.050 0   356.0 0   280.413 0   280.480 0    12.5 0    41.2 0    74.7 0   -12.5 0    62.2 0     7.4 0    92.5 0     2.1 0   300.6 0   907.8 0
 2026   1  1  1 18 25 18.417  62.70    80.7 0    10.0 0     0.4 0    82.9 0   343.2 0   281.057 0   281.029 0   356.1 0   280.413 0   280.483 0    12.4 0    40.2 0    73.0 0   -12.9 0    60.1 0     7.4 0    92.7 0     2.0 0   296.8 0   907.8 0
 2026   1  1  1 18 26 18.433  62.63    78.0 0     9.8 0     0.4 0    80.1 0   343.3 0   281.055 0   281.031 0   356.0 0   280.413 0   280.476 0    12.3 0    38.9 0    70.4 0   -12.7 0    57.7 0     7.4 0    92.3 0     3.0 0   305.6 0   907.8 0
 2026   1  1  1 18 27 18.450  62.55    77.8 0     9.9 0     0.4 0    79.9 0   343.4 0   281.058 0   281.053 0   355.7 0   280.408 0   280.468 0    12.5 0    38.9 0    70.2 0   -12.3 0    57.9 0     7.4 0    92.5 0     3.6 0   301.1 0   907.8 0
 2026   1  1  1 18 28 18.467  62.48    76.6 0     9.9 0     0.4 0    78.9 0   343.4 0   281.063 0   281.049 0   355.5 0   280.400 0   280.457 0    12.4 0    38.4 0    69.2 0   -12.1 0    57.1 0     7.3 0    92.5 0     3.3 0   303.9 0   907.8 0
 2026   1  1  1 18 29 18.483  62.41    74.5 0     9.7 0     0.4 0    76.7 0   343.4 0   281.064 0   281.041 0   355.4 0   280.391 0   280.450 0    12.1 0    37.4 0    67.1 0   -11.9 0    55.2 0     7.3 0    92.5 0     3.5 0   299.0 0   907.8 0
 2026   1  1  1 18 30 18.500  62.34    72.8 0     9.5 0     0.4 0    74.9 0   343.5 0   281.065 0   281.052 0   355.4 0   280.382 0   280.445 0    11.9 0    36.7 0    65.6 0   -11.9 0    53.7 0     7.3 0    92.9 0     3.3 0   294.0 0   907.8 0
 2026   1  1  1 18 31 18.517  62.27    70.2 0     9.1 0     0.4 0    72.3 0   343.5 0   281.068 0   281.054 0   355.2 0   280.375 0   280.434 0    11.4 0    35.4 0    63.4 0   -11.7 0    51.7 0     7.3 0    92.6 0     3.6 0   293.6 0   907.8 0
 2026   1  1  1 18 32 18.533  62.20    64.4 0     8.3 0     0.4 0    67.0 0   343.5 0   281.068 0   281.044 0   355.1 0   280.368 0   280.428 0    10.5 0    32.9 0    58.8 0   -11.6 0    47.2 0     7.3 0    93.0 0     3.3 0   288.6 0   907.8 0
 2026   1  1  1 18 33 18.550  62.13    61.8 0     8.0 0     0.3 0    64.0 0   343.5 0   281.066 0   281.031 0   355.2 0   280.364 0   280.428 0    10.0 0    31.8 0    56.1 0   -11.7 0    44.4 0     7.4 0    93.1 0     3.1 0   288.6 0   907.8 0
 2026   1  1  1 18 34 18.567  62.07    62.2 0     8.1 0     0.3 0    64.1 0   343.5 0   281.063 0   281.030 0   355.0 0   280.362 0   280.421 0    10.1 0    32.1 0    56.1 0   -11.5 0    44.6 0     7.4 0    92.9 0     3.5 0   282.8 0   907.8 0
 2026   1  1  1 18 35 18.583  62.00    61.6 0     8.1 0     0.3 0    63.3 0   343.5 0   281.063 0   281.035 0   354.8 0   280.357 0   280.411 0     9.9 0    31.8 0    55.3 0   -11.3 0    44.0 0     7.4 0    92.6 0     3.5 0   284.4 0   907.8 0
 2026   1  1  1 18 36 18.600  61.94    60.3 0     8.1 0     0.3 0    62.0 0   343.4 0   281.062 0   281.028 0   354.7 0   280.347 0   280.404 0     9.6 0    31.3 0    54.0 0   -11.2 0    42.8 0     7.3 0    92.6 0     3.0 0   277.4 0   907.9 0
 2026   1  1  1 18 37 18.617  61.87    60.8 0     8.2 0     0.3 0    62.0 0   343.4 0   281.059 0   281.016 0   354.7 0   280.339 0   280.399 0     9.5 0    31.7 0    54.0 0   -11.2 0    42.8 0     7.3 0    92.8 0     2.6 0   276.6 0   907.9 0
 2026   1  1  1 18 38 18.633  61.81    64.4 0     8.4 0     0.3 0    65.5 0   343.5 0   281.054 0   281.012 0   354.8 0   280.333 0   280.397 0    10.0 0    33.5 0    57.2 0   -11.3 0    45.9 0     7.3 0    92.8 0     2.6 0   290.7 0   907.9 0
 2026   1  1  1 18 39 18.650  61.75    68.1 0     8.7 0     0.3 0    69.1 0   343.7 0   281.050 0   281.006 0   355.0 0   280.330 0   280.396 0    10.4 0    35.3 0    60.6 0   -11.3 0    49.3 0     7.3 0    92.8 0     2.7 0   287.2 0   907.9 0
 2026   1  1  1 18 40 18.667  61.68    72.5 0     9.1 0     0.3 0    73.4 0   343.8 0   281.049 0   281.015 0   355.2 0   280.329 0   280.399 0    11.1 0    37.3 0    64.5 0   -11.4 0    53.1 0     7.4 0    92.7 0     2.7 0   291.1 0   907.8 0
 2026   1  1  1 18 41 18.683  61.62    74.5 0     9.0 0     0.3 0    75.9 0   343.6 0   281.053 0   281.016 0   355.4 0   280.332 0   280.406 0    11.5 0    38.2 0    67.0 0   -11.8 0    55.2 0     7.4 0    92.8 0     2.9 0   297.1 0   907.8 0
 2026   1  1  1 18 42 18.700  61.56    73.5 0     8.9 0     0.3 0    75.1 0   343.4 0   281.060 0   281.028 0   355.0 0   280.335 0   280.396 0    11.6 0    37.7 0    66.4 0   -11.6 0    54.8 0     7.4 0    92.0 0     3.7 0   290.2 0   907.8 0
 2026   1  1  1 18 43 18.717  61.50    70.7 0     8.6 0     0.3 0    72.7 0   343.6 0   281.068 0   281.008 0   355.0 0   280.331 0   280.393 0    11.3 0    36.4 0    64.2 0   -11.4 0    52.8 0     7.4 0    92.4 0     3.4 0   294.0 0   907.8 0
 2026   1  1  1 18 44 18.733  61.44    69.8 0     8.5 0     0.3 0    71.5 0   343.8 0   281.070 0   280.996 0   354.9 0   280.328 0   280.390 0    11.1 0    36.1 0    63.1 0   -11.0 0    52.1 0     7.4 0    92.2 0     3.4 0   299.1 0   907.8 0
 2026   1  1  1 18 45 18.750  61.39    73.7 0     9.0 0     0.3 0    75.1 0   343.9 0   281.072 0   280.992 0   355.0 0   280.326 0   280.392 0    11.5 0    38.1 0    66.3 0   -11.1 0    55.2 0     7.4 0    92.3 0     3.0 0   300.6 0   907.8 0
 2026   1  1  1 18 46 18.767  61.33    79.7 0     9.7 0     0.3 0    80.9 0   343.9 0   281.074 0   281.011 0   355.1 0   280.325 0   280.391 0    12.2 0    41.0 0    71.4 0   -11.2 0    60.2 0     7.4 0    92.2 0     2.7 0   291.1 0   907.7 0
 2026   1  1  1 18 47 18.783  61.27    85.1 0    10.4 0     0.3 0    86.4 0   344.0 0   281.079 0   281.031 0   355.2 0   280.324 0   280.394 0    12.8 0    43.5 0    76.2 0   -11.3 0    64.9 0     7.4 0    91.9 0     1.8 0   295.1 0   907.7 0
 2026   1  1  1 18 48 18.800  61.22    88.8 0    10.8 0     0.3 0    90.4 0   343.9 0   281.089 0   281.066 0   355.5 0   280.324 0   280.400 0    13.3 0    45.2 0    79.8 0   -11.6 0    68.1 0     7.4 0    91.9 0     1.7 0   302.1 0   907.7 0
 2026   1  1  1 18 49 18.817  61.16    90.6 0    11.0 0     0.3 0    92.5 0   343.9 0   281.103 0   281.094 0   355.8 0   280.327 0   280.407 0    13.7 0    46.1 0    81.6 0   -12.0 0    69.7 0     7.4 0    92.0 0     1.5 0   310.6 0   907.6 0
 2026   1  1  1 18 50 18.833  61.11    93.0 0    11.2 0     0.3 0    94.8 0   343.8 0   281.118 0   281.116 0   356.2 0   280.335 0   280.421 0    14.3 0    47.2 0    83.8 0   -12.5 0    71.3 0     7.5 0    92.2 0     0.9 0   325.1 0   907.6 0
 2026   1  1  1 18 51 18.850  61.06    93.3 0    11.1 0     0.3 0    95.1 0   343.7 0   281.132 0   281.122 0   356.3 0   280.346 0   280.428 0    14.5 0    47.2 0    84.1 0   -12.6 0    71.5 0     7.6 0    91.8 0     1.4 0   317.5 0   907.6 0
 2026   1  1  1 18 52 18.867  61.01    91.1 0    10.9 0     0.3 0    93.1 0   343.7 0   281.142 0   281.124 0   356.4 0   280.353 0   280.436 0    14.2 0    46.3 0    82.3 0   -12.8 0    69.6 0     7.5 0    91.8 0     1.1 0   308.9 0   907.6 0
 2026   1  1  1 18 53 18.883  60.96    90.9 0    10.9 0     0.4 0    92.8 0   343.7 0   281.154 0   281.161 0   356.6 0   280.361 0   280.444 0    14.2 0    46.2 0    82.2 0   -12.9 0    69.3 0     7.6 0    91.8 0     1.2 0   307.9 0   907.6 0
 2026   1  1  1 18 54 18.900  60.91    89.0 0    10.6 0     0.4 0    91.2 0   343.7 0   281.169 0   281.159 0   356.8 0   280.371 0   280.456 0    13.8 0    45.3 0    80.8 0   -13.1 0    67.7 0     7.6 0    91.9 0     1.0 0   333.9 0   907.6 0
 2026   1  1  1 18 55 18.917  60.86    84.5 0    10.1 0     0.4 0    87.1 0   343.8 0   281.179 0   281.155 0   357.0 0   280.383 0   280.470 0    13.1 0    43.3 0    77.2 0   -13.2 0    64.0 0     7.6 0    92.1 0     0.9 0   315.7 0   907.6 0
 2026   1  1  1 18 56 18.933  60.81    80.0 0     9.6 0     0.4 0    82.6 0   343.9 0   281.184 0   281.135 0   357.0 0   280.396 0   280.481 0    12.5 0    41.1 0    73.2 0   -13.1 0    60.1 0     7.7 0    91.9 0     1.2 0   323.7 0   907.6 0
 2026   1  1  1 18 57 18.950  60.76    75.8 0     9.1 0     0.4 0    78.4 0   343.9 0   281.190 0   281.156 0   356.7 0   280.407 0   280.485 0    12.0 0    39.2 0    69.5 0   -12.8 0    56.7 0     7.7 0    91.7 0     1.6 0   313.6 0   907.6 0
 2026   1  1  1 18 58 18.967  60.71    71.6 0     8.6 0     0.3 0    74.1 0   344.0 0   281.197 0   281.138 0   356.4 0   280.414 0   280.487 0    11.5 0    37.2 0    65.6 0   -12.5 0    53.1 0     7.6 0    91.6 0     2.1 0   316.7 0   907.5 0
 2026   1  1  1 18 59 18.983  60.67    68.0 0     8.2 0     0.3 0    70.3 0   344.1 0   281.197 0   281.105 0   356.3 0   280.419 0   280.487 0    11.0 0    35.5 0    62.2 0   -12.2 0    50.0 0     7.6 0    91.8 0     1.9 0   317.6 0   907.5 0
 2026   1  1  1 19  0 19.000  60.62    65.6 0     7.8 0     0.3 0    67.7 0   344.2 0   281.191 0   281.087 0   356.2 0   280.422 0   280.490 0    10.6 0    34.5 0    60.0 0   -11.9 0    48.1 0     7.6 0    92.1 0     2.0 0   315.4 0   907.5 0
 2026   1  1  1 19  1 19.017  60.58    65.0 0     7.7 0     0.3 0    66.8 0   344.4 0   281.186 0   281.079 0   356.0 0   280.426 0   280.489 0    10.5 0    34.4 0    59.2 0   -11.6 0    47.6 0     7.6 0    92.0 0     2.4 0   319.8 0   907.5 0
 2026   1  1  1 19  2 19.033  60.54    63.6 0     7.5 0     0.3 0    65.4 0   344.6 0   281.184 0   281.067 0   355.7 0   280.424 0   280.480 0    10.2 0    33.8 0    58.0 0   -11.1 0    46.9 0     7.5 0    92.2 0     2.7 0   317.2 0   907.5 0
 2026   1  1  1 19  3 19.050  60.49    59.8 0     7.0 0     0.3 0    61.7 0   344.8 0   281.179 0   281.042 0   355.5 0   280.421 0   280.477 0     9.5 0    32.0 0    54.8 0   -10.7 0    44.1 0     7.5 0    92.5 0     2.7 0   313.2 0   907.4 0
 2026   1  1  1 19  4 19.067  60.45    55.8 0     6.7 0     0.2 0    57.6 0   344.8 0   281.170 0   281.002 0   355.1 0   280.414 0   280.465 0     8.9 0    30.2 0    51.1 0   -10.3 0    40.8 0     7.4 0    92.3 0     3.0 0   314.8 0   907.4 0
 2026   1  1  1 19  5 19.083  60.41    52.4 0     6.4 0     0.2 0    54.4 0   345.0 0   281.158 0   280.992 0   355.0 0   280.402 0   280.452 0     8.2 0    28.8 0    48.1 0    -9.9 0    38.1 0     7.4 0    92.8 0     3.2 0   317.8 0   907.4 0
 2026   1  1  1 19  6 19.100  60.37    52.9 0     6.4 0     0.2 0    54.4 0   345.2 0   281.147 0   280.978 0   354.8 0   280.390 0   280.437 0     8.2 0    29.2 0    48.0 0    -9.6 0    38.4 0     7.3 0    93.1 0     3.2 0   316.3 0   907.4 0
 2026   1  1  1 19  7 19.117  60.34    57.3 0     6.9 0     0.3 0    58.3 0   345.3 0   281.137 0   280.972 0   354.9 0   280.381 0   280.434 0     8.8 0    31.5 0    51.6 0    -9.6 0    42.0 0     7.4 0    93.3 0     2.9 0   309.8 0   907.4 0
 2026   1  1  1 19  8 19.133  60.30    63.7 0     7.6 0     0.2 0    64.3 0   345.3 0   281.128 0   280.971 0   354.8 0   280.374 0   280.427 0     9.7 0    35.0 0    56.8 0    -9.5 0    47.3 0     7.4 0    93.2 0     3.2 0   311.7 0   907.4 0
 2026   1  1  1 19  9 19.150  60.26    72.7 0     8.6 0     0.2 0    72.7 0   345.4 0   281.120 0   280.981 0   354.9 0   280.365 0   280.422 0    11.0 0    39.7 0    64.2 0    -9.6 0    54.7 0     7.3 0    93.3 0     3.0 0   315.6 0   907.4 0
 2026   1  1  1 19 10 19.167  60.23    81.2 0     9.4 0     0.3 0    81.3 0   345.5 0   281.118 0   281.005 0   355.3 0   280.357 0   280.421 0    12.1 0    43.9 0    72.0 0    -9.8 0    62.2 0     7.3 0    93.6 0     2.7 0   314.8 0   907.3 0
 2026   1  1  1 19 11 19.183  60.19    87.7 0    10.1 0     0.3 0    87.9 0   345.6 0   281.116 0   280.999 0   355.5 0   280.354 0   280.420 0    12.9 0    46.7 0    78.0 0    -9.8 0    68.1 0     7.4 0    93.6 0     2.3 0   328.7 0   907.3 0
 2026   1  1  1 19 12 19.200  60.16    91.1 0    10.3 0     0.3 0    92.0 0   345.7 0   281.119 0   281.055 0   355.8 0   280.354 0   280.426 0    13.3 0    48.0 0    81.8 0   -10.1 0    71.7 0     7.4 0    93.8 0     1.8 0   344.2 0   907.3 0
 2026   1  1  1 19 13 19.217  60.12    92.0 0    10.4 0     0.3 0    93.2 0   345.7 0   281.124 0   281.054 0   356.0 0   280.358 0   280.431 0    13.5 0    48.2 0    83.0 0   -10.2 0    72.8 0     7.4 0    93.7 0     1.7 0   337.2 0   907.3 0
 2026   1  1  1 19 14 19.233  60.09    93.3 0    10.5 0     0.3 0    94.3 0   345.8 0   281.125 0   281.043 0   356.3 0   280.362 0   280.431 0    13.9 0    48.5 0    84.0 0   -10.5 0    73.5 0     7.5 0    93.7 0     1.5 0   325.5 0   907.3 0
 2026   1  1  1 19 15 19.250  60.06    90.0 0    10.2 0     0.3 0    91.3 0   345.9 0   281.122 0   281.040 0   356.1 0   280.365 0   280.431 0    13.8 0    46.7 0    81.2 0   -10.3 0    70.9 0     7.4 0    93.4 0     2.3 0   311.2 0   907.3 0
 2026   1  1  1 19 16 19.267  60.03    86.1 0    10.0 0     0.3 0    87.1 0   345.8 0   281.123 0   281.045 0   355.9 0   280.362 0   280.431 0    13.5 0    44.6 0    77.2 0   -10.1 0    67.2 0     7.4 0    93.5 0     2.1 0   319.1 0   907.3 0
 2026   1  1  1 19 17 19.283  60.00    83.7 0     9.7 0     0.2 0    84.6 0   346.0 0   281.127 0   281.042 0   356.1 0   280.361 0   280.431 0    13.1 0    43.5 0    75.1 0   -10.2 0    64.9 0     7.4 0    94.0 0     1.9 0   339.0 0   907.3 0
 2026   1  1  1 19 18 19.300  59.97    88.0 0    10.1 0     0.2 0    88.7 0   345.9 0   281.130 0   281.040 0   356.0 0   280.361 0   280.429 0    13.7 0    45.6 0    78.8 0   -10.1 0    68.7 0     7.4 0    93.6 0     2.1 0   342.7 0   907.2 0
 2026   1  1  1 19 19 19.317  59.94    93.7 0    10.7 0     0.3 0    94.0 0   345.7 0   281.130 0   281.031 0   356.2 0   280.359 0   280.432 0    14.6 0    48.0 0    83.5 0   -10.5 0    73.0 0     7.4 0    94.0 0     1.9 0   334.4 0   907.2 0
 2026   1  1  1 19 20 19.333  59.92    94.7 0    10.7 0     0.2 0    94.9 0   345.7 0   281.129 0   281.041 0   356.4 0   280.361 0   280.438 0    14.9 0    48.3 0    84.3 0   -10.8 0    73.5 0     7.4 0    94.2 0     1.7 0   328.1 0   907.2 0
 2026   1  1  1 19 21 19.350  59.89    89.0 0    10.0 0     0.3 0    89.9 0   345.6 0   281.133 0   281.072 0   356.5 0   280.366 0   280.441 0    14.2 0    45.3 0    80.0 0   -10.9 0    69.1 0     7.5 0    94.0 0     1.8 0   328.3 0   907.2 0
 2026   1  1  1 19 22 19.367  59.87    77.5 0     8.7 0     0.2 0    79.0 0   345.5 0   281.139 0   281.054 0   356.4 0   280.371 0   280.443 0    12.6 0    39.7 0    70.4 0   -10.9 0    59.5 0     7.5 0    94.1 0     2.2 0   322.6 0   907.2 0
 2026   1  1  1 19 23 19.383  59.84    69.8 0     8.0 0     0.2 0    71.1 0   345.6 0   281.137 0   281.060 0   356.0 0   280.373 0   280.436 0    11.6 0    36.0 0    63.2 0   -10.4 0    52.8 0     7.4 0    93.7 0     2.4 0   317.3 0   907.1 0
 2026   1  1  1 19 24 19.400  59.82    69.1 0     7.9 0     0.1 0    70.1 0   345.5 0   281.139 0   281.034 0   356.0 0   280.371 0   280.435 0    11.7 0    35.8 0    62.2 0   -10.5 0    51.7 0     7.4 0    94.1 0     1.9 0   324.1 0   907.1 0
 2026   1  1  1 19 25 19.417  59.80    73.7 0     8.2 0     0.1 0    74.0 0   345.3 0   281.135 0   281.025 0   356.0 0   280.372 0   280.436 0    12.9 0    38.0 0    65.9 0   -10.7 0    55.2 0     7.4 0    94.0 0     2.5 0   321.5 0   907.1 0
 2026   1  1  1 19 26 19.433  59.78    77.5 0     8.7 0     0.1 0    77.8 0   345.1 0   281.127 0   281.013 0   355.8 0   280.369 0   280.429 0    13.9 0    39.7 0    69.1 0   -10.7 0    58.4 0     7.4 0    93.8 0     3.0 0   318.2 0   907.1 0
 2026   1  1  1 19 27 19.450  59.75    71.4 0     8.2 0     0.1 0    72.7 0   345.3 0   281.120 0   281.004 0   355.7 0   280.362 0   280.420 0    13.1 0    36.5 0    64.5 0   -10.4 0    54.2 0     7.3 0    93.9 0     2.8 0   323.8 0   907.1 0
 2026   1  1  1 19 28 19.467  59.74    63.6 0     7.5 0     0.2 0    65.1 0   345.3 0   281.114 0   281.011 0   355.6 0   280.354 0   280.415 0    12.0 0    32.8 0    57.7 0   -10.3 0    47.4 0     7.3 0    94.1 0     2.1 0   326.3 0   907.1 0
 2026   1  1  1 19 29 19.483  59.72    61.7 0     7.1 0     0.1 0    62.8 0   345.2 0   281.110 0   280.986 0   355.8 0   280.351 0   280.418 0    12.1 0    32.0 0    55.8 0   -10.5 0    45.3 0     7.4 0    94.5 0     2.3 0   321.5 0   907.0 0
 2026   1  1  1 19 30 19.500  59.70    60.2 0     6.8 0     0.1 0    61.5 0   345.3 0   281.104 0   280.988 0   355.6 0   280.353 0   280.414 0    11.9 0    31.2 0    54.8 0   -10.4 0    44.4 0     7.4 0    94.1 0     2.2 0   320.6 0   907.0 0
 2026   1  1  1 19 31 19.517  59.68    54.9 0     6.2 0     0.1 0    56.3 0   345.5 0   281.100 0   280.997 0   355.6 0   280.353 0   280.416 0    10.8 0    28.8 0    50.2 0   -10.1 0    40.0 0     7.4 0    94.2 0     1.8 0   325.9 0   907.0 0
 2026   1  1  1 19 32 19.533  59.67    55.8 0     6.4 0     0.1 0    56.3 0   345.5 0   281.096 0   280.975 0   355.6 0   280.352 0   280.413 0    10.7 0    29.5 0    50.0 0   -10.1 0    39.9 0     7.4 0    94.0 0     1.9 0   334.7 0   907.0 0
 2026   1  1  1 19 33 19.550  59.65    65.4 0     7.4 0     0.1 0    64.8 0   345.4 0   281.087 0   280.964 0   355.6 0   280.352 0   280.417 0    11.9 0    34.4 0    57.4 0   -10.2 0    47.2 0     7.4 0    94.1 0     1.9 0   327.4 0   906.9 0
 2026   1  1  1 19 34 19.567  59.64    76.5 0     8.6 0     0.1 0    75.5 0   345.4 0   281.081 0   280.962 0   355.7 0   280.351 0   280.413 0    13.3 0    39.5 0    67.0 0   -10.3 0    56.7 0     7.4 0    93.9 0     2.2 0   341.1 0   906.9 0
 2026   1  1  1 19 35 19.583  59.63    83.4 0     9.3 0     0.1 0    82.6 0   345.3 0   281.071 0   280.936 0   355.8 0   280.346 0   280.412 0    14.6 0    42.7 0    73.3 0   -10.4 0    62.9 0     7.3 0    93.8 0     2.1 0   339.1 0   906.8 0
 2026   1  1  1 19 36 19.600  59.61    85.2 0     9.5 0     0.1 0    85.1 0   345.6 0   281.061 0   280.952 0   355.9 0   280.342 0   280.413 0    15.1 0    43.7 0    75.7 0   -10.3 0    65.4 0     7.3 0    94.1 0     2.0 0   325.7 0   906.8 0
 2026   1  1  1 19 37 19.617  59.60    82.6 0     9.1 0     0.1 0    83.0 0   345.6 0   281.061 0   280.974 0   355.9 0   280.342 0   280.413 0    14.7 0    42.5 0    74.0 0   -10.3 0    63.7 0     7.4 0    94.0 0     1.8 0   326.9 0   906.8 0
 2026   1  1  1 19 38 19.633  59.59    79.9 0     8.9 0     0.2 0    80.4 0   345.5 0   281.062 0   280.971 0   356.1 0   280.344 0   280.420 0    14.2 0    41.5 0    71.5 0   -10.6 0    61.0 0     7.4 0    94.3 0     1.4 0   318.5 0   906.8 0
 2026   1  1  1 19 39 19.650  59.58    82.8 0     9.3 0     0.2 0    82.6 0   345.4 0   281.064 0   280.997 0   356.4 0   280.351 0   280.432 0    14.8 0    42.9 0    73.5 0   -11.0 0    62.5 0     7.5 0    94.4 0     1.0 0   323.3 0   906.8 0
 2026   1  1  1 19 40 19.667  59.57    89.0 0     9.8 0     0.2 0    88.5 0   345.5 0   281.072 0   281.015 0   356.8 0   280.361 0   280.443 0    16.3 0    45.6 0    78.8 0   -11.3 0    67.5 0     7.5 0    94.1 0     0.9 0   324.2 0   906.7 0
 2026   1  1  1 19 41 19.683  59.57    90.1 0     9.8 0     0.2 0    90.4 0   345.5 0   281.080 0   281.031 0   356.9 0   280.371 0   280.452 0    17.1 0    45.8 0    80.7 0   -11.4 0    69.2 0     7.6 0    93.9 0     1.6 0   335.4 0   906.7 0
 2026   1  1  1 19 42 19.700  59.56    84.5 0     9.4 0     0.3 0    85.7 0   345.6 0   281.089 0   281.040 0   356.9 0   280.378 0   280.457 0    16.2 0    42.9 0    76.4 0   -11.4 0    65.1 0     7.5 0    93.8 0     1.4 0   320.4 0   906.7 0
 2026   1  1  1 19 43 19.717  59.56    82.0 0     9.3 0     0.3 0    82.8 0   345.6 0   281.099 0   281.058 0   356.9 0   280.385 0   280.466 0    15.2 0    41.6 0    73.6 0   -11.3 0    62.3 0     7.6 0    93.9 0     1.1 0   312.8 0   906.7 0
 2026   1  1  1 19 44 19.733  59.55    84.9 0     9.8 0     0.3 0    85.0 0   345.7 0   281.112 0   281.056 0   357.1 0   280.394 0   280.477 0    15.0 0    42.9 0    75.4 0   -11.4 0    64.0 0     7.6 0    93.9 0     0.9 0   306.2 0   906.7 0
 2026   1  1  1 19 45 19.750  59.55    89.1 0    10.3 0     0.3 0    88.9 0   346.0 0   281.118 0   281.064 0   357.2 0   280.403 0   280.486 0    15.1 0    44.7 0    78.8 0   -11.2 0    67.5 0     7.6 0    93.8 0     1.2 0   307.4 0   906.7 0
 2026   1  1  1 19 46 19.767  59.54    85.2 0     9.9 0     0.3 0    86.0 0   346.1 0   281.130 0   281.071 0   357.2 0   280.411 0   280.495 0    14.3 0    42.8 0    76.3 0   -11.1 0    65.2 0     7.6 0    93.7 0     1.4 0   293.3 0   906.7 0
 2026   1  1  1 19 47 19.783  59.54    76.6 0     8.9 0     0.3 0    77.6 0   346.2 0   281.140 0   281.072 0   357.1 0   280.420 0   280.500 0    13.1 0    38.7 0    68.8 0   -10.8 0    58.0 0     7.6 0    93.6 0     1.4 0   299.6 0   906.7 0
 2026   1  1  1 19 48 19.800  59.54    71.5 0     8.4 0     0.3 0    72.2 0   346.2 0   281.150 0   281.055 0   357.0 0   280.426 0   280.504 0    12.6 0    36.4 0    64.0 0   -10.9 0    53.1 0     7.6 0    93.5 0     1.5 0   288.8 0   906.7 0
 2026   1  1  1 19 49 19.817  59.54    70.2 0     8.1 0     0.2 0    70.2 0   346.1 0   281.158 0   281.053 0   357.0 0   280.433 0   280.508 0    12.7 0    35.8 0    62.2 0   -10.9 0    51.3 0     7.6 0    93.5 0     1.5 0   285.2 0   906.7 0
 2026   1  1  1 19 50 19.833  59.54    70.0 0     8.1 0     0.2 0    69.9 0   346.2 0   281.161 0   281.035 0   356.9 0   280.438 0   280.511 0    13.0 0    35.7 0    61.9 0   -10.7 0    51.2 0     7.6 0    93.3 0     1.9 0   306.0 0   906.7 0
 2026   1  1  1 19 51 19.850  59.55    66.5 0     7.7 0     0.2 0    66.9 0   346.2 0   281.166 0   281.057 0   356.8 0   280.442 0   280.514 0    12.6 0    34.1 0    59.3 0   -10.6 0    48.8 0     7.6 0    93.3 0     1.7 0   289.5 0   906.7 0
 2026   1  1  1 19 52 19.867  59.55    62.0 0     7.1 0     0.1 0    62.5 0   346.3 0   281.173 0   281.040 0   356.6 0   280.445 0   280.512 0    11.9 0    32.1 0    55.4 0   -10.3 0    45.1 0     7.6 0    93.2 0     1.8 0   286.1 0   906.7 0
 2026   1  1  1 19 53 19.883  59.55    62.2 0     7.1 0     0.1 0    62.2 0   346.3 0   281.170 0   281.011 0   356.5 0   280.446 0   280.512 0    11.9 0    32.4 0    55.2 0   -10.2 0    45.0 0     7.6 0    93.2 0     1.6 0   288.0 0   906.7 0
 2026   1  1  1 19 54 19.900  59.56    63.9 0     7.2 0     0.1 0    63.9 0   346.5 0   281.165 0   281.006 0   356.6 0   280.449 0   280.516 0    12.3 0    33.3 0    56.8 0   -10.1 0    46.7 0     7.6 0    93.3 0     1.2 0   295.6 0   906.6 0
 2026   1  1  1 19 55 19.917  59.56    65.3 0     7.4 0     0.1 0    65.2 0   346.5 0   281.162 0   281.012 0   356.5 0   280.452 0   280.520 0    12.8 0    34.0 0    57.9 0   -10.0 0    47.9 0     7.6 0    93.1 0     1.1 0   294.7 0   906.6 0
 2026   1  1  1 19 56 19.933  59.57    70.5 0     8.1 0     0.2 0    69.6 0   346.7 0   281.158 0   281.011 0   356.6 0   280.456 0   280.528 0    13.9 0    36.5 0    61.7 0   -10.0 0    51.7 0     7.6 0    93.2 0     0.7 0   293.7 0   906.5 0
 2026   1  1  1 19 57 19.950  59.58    79.0 0     9.1 0     0.2 0    77.5 0   347.0 0   281.160 0   281.040 0   357.0 0   280.462 0   280.538 0    15.2 0    40.6 0    68.5 0   -10.0 0    58.5 0     7.7 0    93.3 0     0.7 0   314.7 0   906.4 0
 2026   1  1  1 19 58 19.967  59.59    90.0 0    10.4 0     0.3 0    88.1 0   347.1 0   281.167 0   281.053 0   357.1 0   280.470 0   280.546 0    16.6 0    45.9 0    77.8 0   -10.0 0    67.9 0     7.7 0    93.0 0     0.8 0   322.0 0   906.4 0
 2026   1  1  1 19 59 19.983  59.60    96.3 0    11.1 0     0.3 0    95.0 0   347.1 0   281.172 0   281.042 0   357.4 0   280.476 0   280.556 0    17.1 0    48.6 0    84.0 0   -10.3 0    73.7 0     7.7 0    93.0 0     1.1 0   318.3 0   906.4 0
 2026   1  1  1 20  0 20.000  59.61    91.8 0    10.6 0     0.3 0    91.4 0   347.1 0   281.173 0   281.036 0   357.4 0   280.484 0   280.564 0    15.9 0    46.3 0    80.9 0   -10.3 0    70.6 0     7.7 0    93.0 0     1.3 0   316.0 0   906.4 0
 2026   1  1  1 20  1 20.017  59.62    85.3 0    10.0 0     0.3 0    85.2 0   347.3 0   281.178 0   281.065 0   357.4 0   280.490 0   280.568 0    14.5 0    43.3 0    75.3 0   -10.1 0    65.2 0     7.7 0    93.1 0     1.4 0   314.7 0   906.4 0
 2026   1  1  1 20  2 20.033  59.63    81.7 0     9.4 0     0.2 0    81.3 0   347.3 0   281.185 0   281.060 0   357.4 0   280.497 0   280.574 0    13.8 0    41.5 0    71.9 0   -10.1 0    61.8 0     7.7 0    93.3 0     1.8 0   304.8 0   906.4 0
 2026   1  1  1 20  3 20.050  59.64    78.6 0     9.0 0     0.2 0    78.5 0   347.1 0   281.196 0   281.108 0   357.2 0   280.503 0   280.575 0    13.3 0    40.0 0    69.7 0   -10.1 0    59.6 0     7.7 0    93.1 0     2.0 0   314.9 0   906.4 0
 2026   1  1  1 20  4 20.067  59.66    73.8 0     8.4 0     0.1 0    74.5 0   347.1 0   281.207 0   281.094 0   357.2 0   280.507 0   280.577 0    12.7 0    37.7 0    66.1 0   -10.1 0    56.1 0     7.7 0    93.4 0     2.0 0   312.8 0   906.4 0
 2026   1  1  1 20  5 20.083  59.67    70.5 0     8.1 0     0.1 0    71.1 0   346.8 0   281.211 0   281.087 0   356.9 0   280.510 0   280.577 0    12.3 0    36.2 0    63.0 0   -10.1 0    52.9 0     7.6 0    93.3 0     2.5 0   309.8 0   906.4 0
 2026   1  1  1 20  6 20.100  59.69    72.4 0     8.4 0     0.1 0    72.3 0   347.0 0   281.209 0   281.079 0   357.0 0   280.512 0   280.583 0    12.4 0    37.1 0    64.0 0   -10.0 0    54.1 0     7.7 0    93.6 0     1.9 0   299.5 0   906.4 0
 2026   1  1  1 20  7 20.117  59.70    76.8 0     9.0 0     0.2 0    76.4 0   347.2 0   281.212 0   281.099 0   357.0 0   280.515 0   280.585 0    12.8 0    39.2 0    67.5 0    -9.8 0    57.7 0     7.7 0    93.4 0     1.5 0   293.8 0   906.4 0
 2026   1  1  1 20  8 20.133  59.72    78.6 0     9.2 0     0.2 0    78.4 0   347.5 0   281.216 0   281.103 0   357.0 0   280.517 0   280.587 0    13.3 0    40.0 0    69.2 0    -9.6 0    59.7 0     7.6 0    93.4 0     1.7 0   284.4 0   906.3 0
 2026   1  1  1 20  9 20.150  59.74    73.9 0     8.6 0     0.1 0    74.3 0   347.5 0   281.224 0   281.100 0   356.8 0   280.516 0   280.583 0    13.0 0    37.6 0    65.8 0    -9.4 0    56.4 0     7.6 0    93.4 0     2.2 0   290.9 0   906.3 0
 2026   1  1  1 20 10 20.167  59.76    67.0 0     7.8 0     0.1 0    67.9 0   347.6 0   281.228 0   281.107 0   356.6 0   280.514 0   280.577 0    12.2 0    34.4 0    60.1 0    -9.0 0    51.1 0     7.6 0    93.4 0     2.4 0   284.9 0   906.3 0
 2026   1  1  1 20 11 20.183  59.78    61.3 0     7.2 0     0.1 0    62.3 0   347.4 0   281.232 0   281.080 0   356.5 0   280.510 0   280.573 0    11.5 0    31.7 0    55.2 0    -9.0 0    46.1 0     7.6 0    93.6 0     2.1 0   288.0 0   906.3 0
 2026   1  1  1 20 12 20.200  59.80    59.6 0     6.9 0     0.1 0    59.8 0   347.3 0   281.229 0   281.089 0   356.5 0   280.509 0   280.572 0    11.2 0    31.0 0    53.0 0    -9.2 0    43.8 0     7.6 0    93.7 0     2.1 0   293.2 0   906.3 0
 2026   1  1  1 20 13 20.217  59.82    61.8 0     7.2 0     0.1 0    61.8 0   346.8 0   281.232 0   281.105 0   356.4 0   280.508 0   280.568 0    11.3 0    32.4 0    54.7 0    -9.6 0    45.1 0     7.6 0    93.3 0     2.3 0   311.2 0   906.3 0
 2026   1  1  1 20 14 20.233  59.85    63.5 0     7.4 0     0.1 0    64.1 0   346.5 0   281.228 0   281.057 0   356.2 0   280.503 0   280.561 0    11.2 0    33.2 0    56.8 0    -9.8 0    47.0 0     7.5 0    93.5 0     2.1 0   315.9 0   906.3 0
 2026   1  1  1 20 15 20.250  59.87    59.2 0     6.9 0     0.1 0    60.5 0   346.7 0   281.217 0   281.081 0   356.3 0   280.499 0   280.561 0    10.6 0    31.2 0    53.7 0    -9.5 0    44.1 0     7.5 0    93.8 0     1.8 0   307.4 0   906.3 0
 2026   1  1  1 20 16 20.267  59.90    53.1 0     6.1 0     0.1 0    54.4 0   346.6 0   281.219 0   281.074 0   356.2 0   280.495 0   280.555 0     9.9 0    28.4 0    48.4 0    -9.6 0    38.8 0     7.5 0    93.7 0     2.1 0   307.9 0   906.3 0
 2026   1  1  1 20 17 20.283  59.92    48.4 0     5.6 0     0.0 0    49.8 0   346.6 0   281.212 0   281.032 0   356.0 0   280.491 0   280.546 0     9.3 0    26.2 0    44.3 0    -9.5 0    34.8 0     7.5 0    93.7 0     2.8 0   300.3 0   906.3 0
 2026   1  1  1 20 18 20.300  59.95    45.2 0     5.3 0     0.1 0    46.5 0   346.7 0   281.202 0   281.037 0   355.7 0   280.483 0   280.532 0     8.6 0    24.6 0    41.2 0    -9.0 0    32.2 0     7.5 0    93.6 0     2.8 0   296.7 0   906.3 0
 2026   1  1  1 20 19 20.317  59.98    41.7 0     5.0 0     0.0 0    43.1 0   346.7 0   281.193 0   281.002 0   355.5 0   280.473 0   280.524 0     7.8 0    22.8 0    38.2 0    -8.8 0    29.4 0     7.5 0    94.0 0     2.7 0   292.3 0   906.3 0
 2026   1  1  1 20 20 20.333  60.01    37.7 0     4.5 0     0.0 0    39.2 0   346.8 0   281.179 0   280.974 0   355.5 0   280.466 0   280.520 0     7.1 0    20.9 0    34.8 0    -8.7 0    26.1 0     7.5 0    94.0 0     2.2 0   297.5 0   906.3 0
 2026   1  1  1 20 21 20.350  60.04    36.8 0     4.3 0     0.0 0    37.9 0   346.9 0   281.163 0   280.964 0   355.5 0   280.463 0   280.518 0     6.9 0    20.6 0    33.7 0    -8.6 0    25.0 0     7.6 0    94.1 0     2.3 0   297.5 0   906.3 0
 2026   1  1  1 20 22 20.367  60.07    40.1 0     4.7 0     0.0 0    40.8 0   346.9 0   281.151 0   280.953 0   355.3 0   280.460 0   280.509 0     7.5 0    22.3 0    36.1 0    -8.4 0    27.7 0     7.6 0    93.8 0     2.7 0   289.6 0   906.3 0
 2026   1  1  1 20 23 20.383  60.10    41.4 0     4.9 0     0.0 0    42.3 0   346.8 0   281.137 0   280.953 0   355.3 0   280.453 0   280.503 0     7.9 0    22.8 0    37.4 0    -8.5 0    28.9 0     7.5 0    93.8 0     2.4 0   289.3 0   906.3 0
 2026   1  1  1 20 24 20.400  60.13    38.9 0     4.5 0     0.0 0    40.4 0   346.4 0   281.127 0   280.955 0   355.1 0   280.447 0   280.497 0     7.8 0    21.5 0    35.9 0    -8.7 0    27.1 0     7.5 0    94.0 0     2.7 0   285.0 0   906.2 0
 2026   1  1  1 20 25 20.417  60.17    33.9 0     4.0 0     0.0 0    35.7 0   346.2 0   281.118 0   280.962 0   355.0 0   280.440 0   280.488 0     7.3 0    18.8 0    31.8 0    -8.7 0    23.0 0     7.5 0    94.0 0     2.6 0   282.0 0   906.2 0
 2026   1  1  1 20 26 20.433  60.20    28.6 0     3.4 0     0.0 0    30.5 0   346.4 0   281.109 0   280.936 0   354.8 0   280.432 0   280.479 0     6.8 0    16.2 0    27.0 0    -8.4 0    18.6 0     7.5 0    94.0 0     2.5 0   279.4 0   906.2 0
 2026   1  1  1 20 27 20.450  60.23    26.0 0     3.0 0     0.0 0    27.6 0   346.4 0   281.099 0   280.921 0   354.8 0   280.426 0   280.477 0     6.9 0    14.8 0    24.5 0    -8.3 0    16.2 0     7.5 0    94.2 0     2.4 0   298.1 0   906.2 0
 2026   1  1  1 20 28 20.467  60.27    25.1 0     2.8 0     0.0 0    26.5 0   346.5 0   281.090 0   280.910 0   354.7 0   280.423 0   280.474 0     6.8 0    14.3 0    23.6 0    -8.3 0    15.3 0     7.5 0    94.2 0     2.1 0   302.0 0   906.2 0
 2026   1  1  1 20 29 20.483  60.31    24.1 0     2.7 0     0.0 0    25.6 0   346.4 0   281.078 0   280.877 0   354.8 0   280.423 0   280.477 0     6.2 0    14.0 0    22.9 0    -8.3 0    14.6 0     7.6 0    94.5 0     2.0 0   293.7 0   906.2 0
 2026   1  1  1 20 30 20.500  60.35    26.1 0     2.9 0     0.0 0    27.1 0   346.2 0   281.064 0   280.882 0   354.6 0   280.423 0   280.471 0     6.0 0    15.2 0    24.2 0    -8.3 0    15.9 0     7.6 0    94.1 0     2.6 0   292.9 0   906.2 0
 2026   1  1  1 20 31 20.517  60.38    31.5 0     3.6 0     0.0 0    32.4 0   346.1 0   281.053 0   280.903 0   354.4 0   280.419 0   280.463 0     6.4 0    18.2 0    28.8 0    -8.4 0    20.4 0     7.6 0    93.9 0     3.1 0   300.0 0   906.1 0
 2026   1  1  1 20 32 20.533  60.42    37.5 0     4.3 0     0.0 0    38.4 0   346.1 0   281.050 0   280.919 0   354.4 0   280.410 0   280.458 0     7.0 0    21.5 0    34.1 0    -8.3 0    25.8 0     7.5 0    94.1 0     2.9 0   309.1 0   906.1 0
 2026   1  1  1 20 33 20.550  60.46    42.3 0     4.8 0     0.0 0    43.2 0   346.2 0   281.047 0   280.922 0   354.5 0   280.403 0   280.454 0     7.2 0    24.1 0    38.5 0    -8.2 0    30.2 0     7.5 0    94.3 0     3.2 0   310.4 0   906.1 0
 2026   1  1  1 20 34 20.567  60.51    48.8 0     5.6 0     0.1 0    49.5 0   346.4 0   281.047 0   280.926 0   354.5 0   280.395 0   280.446 0     7.7 0    27.4 0    43.9 0    -8.1 0    35.8 0     7.4 0    94.1 0     3.1 0   307.1 0   906.0 0
 2026   1  1  1 20 35 20.583  60.55    57.4 0     6.6 0     0.1 0    57.8 0   346.6 0   281.047 0   280.945 0   354.6 0   280.385 0   280.442 0     8.8 0    31.8 0    51.2 0    -8.1 0    43.2 0     7.4 0    94.3 0     2.7 0   304.3 0   906.0 0
 2026   1  1  1 20 36 20.600  60.59    69.6 0     7.9 0     0.2 0    69.2 0   346.6 0   281.054 0   280.996 0   355.0 0   280.380 0   280.444 0    10.6 0    37.7 0    61.4 0    -8.4 0    53.0 0     7.4 0    94.6 0     2.4 0   301.1 0   906.0 0
 2026   1  1  1 20 37 20.617  60.64    83.3 0     9.2 0     0.2 0    82.5 0   346.6 0   281.070 0   281.031 0   355.5 0   280.382 0   280.454 0    13.0 0    44.2 0    73.3 0    -8.9 0    64.5 0     7.5 0    94.7 0     2.5 0   303.4 0   906.0 0
 2026   1  1  1 20 38 20.633  60.68    90.5 0     9.8 0     0.2 0    90.5 0   346.7 0   281.083 0   281.035 0   355.7 0   280.386 0   280.459 0    14.5 0    47.1 0    80.7 0    -9.0 0    71.7 0     7.5 0    94.2 0     2.7 0   315.6 0   905.9 0
 2026   1  1  1 20 39 20.650  60.73    85.2 0     9.2 0     0.2 0    86.5 0   346.4 0   281.089 0   281.027 0   355.8 0   280.388 0   280.471 0    14.3 0    43.7 0    77.4 0    -9.4 0    68.0 0     7.5 0    94.1 0     1.7 0   329.3 0   905.9 0
 2026   1  1  1 20 40 20.667  60.77    68.9 0     7.4 0     0.2 0    71.2 0   346.4 0   281.095 0   281.032 0   355.7 0   280.393 0   280.475 0    12.2 0    35.7 0    63.9 0    -9.4 0    54.5 0     7.5 0    94.4 0     1.6 0   314.3 0   905.9 0
 2026   1  1  1 20 41 20.683  60.82    51.7 0     5.6 0     0.1 0    54.5 0   346.2 0   281.100 0   280.993 0   355.5 0   280.401 0   280.472 0     9.7 0    27.2 0    49.0 0    -9.3 0    39.7 0     7.6 0    94.1 0     1.8 0   317.1 0   906.0 0
 2026   1  1  1 20 42 20.700  60.87    40.5 0     4.6 0     0.2 0    43.0 0   346.3 0   281.100 0   280.994 0   355.3 0   280.403 0   280.464 0     7.7 0    21.9 0    38.6 0    -9.0 0    29.6 0     7.6 0    93.9 0     2.2 0   292.2 0   906.0 0
 2026   1  1  1 20 43 20.717  60.92    37.7 0     4.3 0     0.2 0    39.3 0   346.8 0   281.106 0   281.006 0   355.2 0   280.403 0   280.460 0     7.1 0    20.6 0    35.0 0    -8.4 0    26.6 0     7.6 0    94.1 0     2.5 0   295.3 0   906.0 0
 2026   1  1  1 20 44 20.733  60.97    40.1 0     4.6 0     0.1 0    40.9 0   346.8 0   281.110 0   280.973 0   355.3 0   280.405 0   280.470 0     7.4 0    21.9 0    36.4 0    -8.4 0    28.0 0     7.6 0    93.9 0     2.5 0   313.5 0   906.0 0
 2026   1  1  1 20 45 20.750  61.02    46.1 0     5.4 0     0.1 0    46.3 0   346.6 0   281.103 0   280.929 0   354.8 0   280.405 0   280.468 0     8.1 0    24.9 0    41.0 0    -8.3 0    32.7 0     7.6 0    93.8 0     2.6 0   302.3 0   906.0 0
 2026   1  1  1 20 46 20.767  61.07    55.6 0     6.5 0     0.2 0    55.5 0   346.4 0   281.095 0   280.945 0   354.9 0   280.404 0   280.466 0     9.3 0    29.5 0    49.1 0    -8.6 0    40.6 0     7.6 0    93.9 0     2.2 0   297.1 0   906.0 0
 2026   1  1  1 20 47 20.783  61.13    63.3 0     7.3 0     0.2 0    63.5 0   346.4 0   281.093 0   280.976 0   355.2 0   280.405 0   280.471 0    10.3 0    33.0 0    56.3 0    -8.8 0    47.5 0     7.6 0    94.1 0     1.9 0   301.2 0   906.0 0
 2026   1  1  1 20 48 20.800  61.18    63.3 0     7.1 0     0.2 0    64.1 0   346.4 0   281.095 0   280.987 0   355.4 0   280.409 0   280.474 0    10.7 0    32.7 0    57.1 0    -9.0 0    48.1 0     7.6 0    94.0 0     2.1 0   296.5 0   906.0 0
 2026   1  1  1 20 49 20.817  61.23    58.3 0     6.4 0     0.2 0    59.7 0   346.1 0   281.099 0   281.007 0   355.5 0   280.413 0   280.481 0    10.6 0    30.3 0    53.3 0    -9.4 0    43.9 0     7.6 0    94.2 0     1.6 0   311.8 0   905.9 0
 2026   1  1  1 20 50 20.833  61.29    54.2 0     5.9 0     0.1 0    55.4 0   345.9 0   281.102 0   280.986 0   355.4 0   280.417 0   280.480 0    10.2 0    28.3 0    49.6 0    -9.5 0    40.2 0     7.6 0    93.9 0     1.9 0   306.0 0   905.9 0
 2026   1  1  1 20 51 20.850  61.35    51.9 0     5.6 0     0.2 0    53.2 0   346.0 0   281.099 0   280.989 0   355.3 0   280.418 0   280.480 0     9.7 0    27.3 0    47.7 0    -9.3 0    38.3 0     7.6 0    94.0 0     1.6 0   299.2 0   905.9 0
 2026   1  1  1 20 52 20.867  61.40    52.5 0     5.7 0     0.2 0    53.6 0   346.1 0   281.101 0   281.018 0   355.3 0   280.419 0   280.481 0     9.3 0    27.9 0    48.0 0    -9.3 0    38.7 0     7.6 0    94.1 0     1.3 0   301.5 0   905.9 0
 2026   1  1  1 20 53 20.883  61.46    58.5 0     6.4 0     0.2 0    58.8 0   346.2 0   281.112 0   281.066 0   355.5 0   280.420 0   280.485 0     9.5 0    31.0 0    52.5 0    -9.3 0    43.1 0     7.6 0    94.2 0     1.0 0   298.5 0   905.9 0
 2026   1  1  1 20 54 20.900  61.52    73.8 0     8.2 0     0.3 0    72.8 0   346.2 0   281.131 0   281.102 0   355.8 0   280.424 0   280.496 0    11.2 0    38.7 0    64.7 0    -9.6 0    55.1 0     7.6 0    94.3 0     0.9 0   320.2 0   905.9 0
 2026   1  1  1 20 55 20.917  61.58    95.6 0    10.6 0     0.3 0    93.6 0   345.9 0   281.152 0   281.136 0   356.2 0   280.431 0   280.509 0    14.3 0    49.1 0    83.2 0   -10.3 0    72.9 0     7.7 0    94.2 0     1.1 0   314.9 0   905.8 0
 2026   1  1  1 20 56 20.933  61.64   114.1 0    12.5 0     0.3 0   112.2 0   345.7 0   281.164 0   281.143 0   356.7 0   280.439 0   280.522 0    17.2 0    57.9 0    99.9 0   -10.9 0    89.0 0     7.6 0    94.2 0     1.2 0   326.0 0   905.7 0
 2026   1  1  1 20 57 20.950  61.70   125.3 0    13.8 0     0.4 0   124.6 0   345.8 0   281.180 0   281.202 0   357.0 0   280.447 0   280.533 0    18.5 0    63.7 0   111.0 0   -11.2 0    99.8 0     7.6 0    94.0 0     1.1 0   324.2 0   905.7 0
 2026   1  1  1 20 58 20.967  61.76   145.9 0    16.5 0     0.5 0   143.5 0   345.9 0   281.205 0   281.258 0   357.5 0   280.455 0   280.550 0    20.0 0    73.7 0   127.3 0   -11.7 0   115.6 0     7.6 0    94.2 0     0.9 0   320.0 0   905.7 0
 2026   1  1  1 20 59 20.983  61.83   185.8 0    21.1 0     0.6 0   180.7 0   345.9 0   281.240 0   281.351 0   358.4 0   280.468 0   280.576 0    24.3 0    91.7 0   159.9 0   -12.5 0   147.4 0     7.6 0    94.3 0     0.9 0   334.9 0   905.6 0
 2026   1  1  1 21  0 21.000  61.89   214.6 0    23.9 0     0.5 0   210.5 0   345.9 0   281.281 0   281.381 0   359.4 0   280.485 0   280.605 0    28.3 0   103.5 0   186.8 0   -13.6 0   173.2 0     7.7 0    94.3 0     1.3 0   355.4 0   905.5 0
 2026   1  1  1 21  1 21.017  61.96   203.6 0    22.5 0     0.5 0   204.3 0   345.7 0   281.315 0   281.428 0   360.1 0   280.506 0   280.632 0    27.6 0    97.1 0   182.0 0   -14.3 0   167.7 0     7.7 0    94.4 0     1.3 0   359.0 0   905.5 0
 2026   1  1  1 21  2 21.033  62.02   175.8 0    19.7 0     0.5 0   179.4 0   346.0 0   281.349 0   281.446 0   360.3 0   280.528 0   280.650 0    24.3 0    84.0 0   159.9 0   -14.3 0   145.6 0     7.8 0    94.3 0     0.9 0   347.5 0   905.5 0
 2026   1  1  1 21  3 21.050  62.09   162.7 0    18.6 0     0.6 0   164.3 0   346.3 0   281.385 0   281.513 0   360.5 0   280.550 0   280.669 0    23.2 0    77.6 0   146.0 0   -14.2 0   131.7 0     7.8 0    94.4 0     0.9 0   338.7 0   905.5 0
 2026   1  1  1 21  4 21.067  62.15   161.9 0    18.3 0     0.4 0   162.2 0   346.1 0   281.423 0   281.459 0   360.6 0   280.572 0   280.685 0    24.0 0    76.6 0   144.1 0   -14.6 0   129.5 0     7.8 0    94.2 0     1.1 0   348.6 0   905.4 0
 2026   1  1  1 21  5 21.083  62.22   144.2 0    16.1 0     0.4 0   146.4 0   345.8 0   281.438 0   281.435 0   360.4 0   280.591 0   280.698 0    22.4 0    68.2 0   130.5 0   -14.6 0   115.9 0     7.8 0    94.0 0     1.5 0   346.5 0   905.4 0
 2026   1  1  1 21  6 21.100  62.29   114.9 0    12.9 0     0.4 0   119.0 0   346.1 0   281.447 0   281.420 0   360.2 0   280.606 0   280.705 0    18.0 0    55.1 0   106.2 0   -14.1 0    92.1 0     7.8 0    94.2 0     1.1 0   343.0 0   905.4 0
 2026   1  1  1 21  7 21.117  62.36    94.9 0    10.9 0     0.4 0    98.0 0   346.4 0   281.457 0   281.421 0   360.0 0   280.619 0   280.711 0    15.0 0    46.5 0    87.4 0   -13.6 0    73.7 0     7.8 0    94.1 0     0.8 0   323.2 0   905.4 0
 2026   1  1  1 21  8 21.133  62.43    93.9 0    10.8 0     0.4 0    94.9 0   346.6 0   281.470 0   281.417 0   360.0 0   280.632 0   280.724 0    15.3 0    46.6 0    84.3 0   -13.5 0    70.8 0     7.8 0    94.3 0     1.0 0   302.9 0   905.4 0
 2026   1  1  1 21  9 21.150  62.50   105.2 0    11.9 0     0.3 0   104.9 0   346.9 0   281.476 0   281.409 0   359.8 0   280.647 0   280.737 0    17.2 0    52.0 0    93.2 0   -13.0 0    80.2 0     7.9 0    94.0 0     1.0 0   325.6 0   905.4 0
 2026   1  1  1 21 10 21.167  62.57   113.8 0    12.7 0     0.3 0   114.2 0   347.0 0   281.483 0   281.443 0   359.9 0   280.659 0   280.747 0    18.4 0    55.6 0   101.6 0   -12.9 0    88.7 0     7.8 0    94.0 0     0.9 0   328.3 0   905.3 0
 2026   1  1  1 21 11 21.183  62.65   103.9 0    11.6 0     0.3 0   106.2 0   347.0 0   281.491 0   281.433 0   360.0 0   280.670 0   280.760 0    17.0 0    50.6 0    94.7 0   -13.0 0    81.6 0     7.8 0    94.1 0     0.9 0   320.2 0   905.3 0
 2026   1  1  1 21 12 21.200  62.72    87.5 0     9.8 0     0.3 0    90.3 0   347.1 0   281.497 0   281.441 0   359.9 0   280.683 0   280.770 0    14.5 0    42.8 0    80.6 0   -12.8 0    67.8 0     7.9 0    94.3 0     1.0 0   298.0 0   905.3 0
 2026   1  1  1 21 13 21.217  62.80    70.7 0     8.0 0     0.2 0    74.0 0   347.1 0   281.504 0   281.405 0   359.4 0   280.694 0   280.772 0    12.7 0    34.6 0    66.1 0   -12.3 0    53.8 0     7.9 0    93.9 0     1.2 0   274.5 0   905.3 0
 2026   1  1  1 21 14 21.233  62.87    49.4 0     5.6 0     0.1 0    52.9 0   347.3 0   281.501 0   281.366 0   359.0 0   280.701 0   280.771 0    11.3 0    24.5 0    47.3 0   -11.7 0    35.6 0     7.9 0    93.8 0     1.3 0   283.8 0   905.3 0
 2026   1  1  1 21 15 21.250  62.95    32.5 0     3.8 0     0.0 0    35.3 0   347.4 0   281.496 0   281.338 0   358.4 0   280.703 0   280.766 0    10.0 0    16.7 0    31.6 0   -11.0 0    20.6 0     7.9 0    93.8 0     1.5 0   287.2 0   905.3 0
 2026   1  1  1 21 16 21.267  63.02    24.0 0     2.8 0     0.0 0    26.2 0   347.4 0   281.486 0   281.288 0   358.0 0   280.703 0   280.763 0     8.2 0    13.0 0    23.3 0   -10.7 0    12.7 0     7.9 0    94.0 0     1.3 0   267.9 0   905.3 0
 2026   1  1  1 21 17 21.283  63.10    21.7 0     2.6 0    -0.1 0    23.2 0   347.5 0   281.472 0   281.291 0   357.7 0   280.704 0   280.760 0     6.6 0    12.1 0    20.5 0   -10.2 0    10.3 0     7.9 0    93.8 0     1.4 0   250.4 0   905.4 0
 2026   1  1  1 21 18 21.300  63.18    26.9 0     3.2 0    -0.1 0    27.2 0   347.7 0   281.463 0   281.286 0   357.5 0   280.705 0   280.761 0     6.6 0    15.1 0    24.0 0    -9.9 0    14.1 0     7.9 0    93.9 0     1.5 0   253.8 0   905.4 0
 2026   1  1  1 21 19 21.317  63.26    37.4 0     4.4 0    -0.1 0    36.7 0   347.6 0   281.453 0   281.253 0   357.4 0   280.704 0   280.758 0     7.4 0    20.4 0    32.3 0    -9.8 0    22.5 0     7.8 0    93.7 0     1.6 0   267.1 0   905.3 0
 2026   1  1  1 21 20 21.333  63.34    41.9 0     4.7 0    -0.1 0    41.7 0   347.7 0   281.442 0   281.270 0   357.4 0   280.702 0   280.760 0     7.4 0    22.6 0    36.9 0    -9.7 0    27.2 0     7.8 0    94.1 0     1.4 0   269.5 0   905.3 0
 2026   1  1  1 21 21 21.350  63.42    39.7 0     4.4 0    -0.1 0    40.1 0   347.7 0   281.434 0   281.259 0   357.3 0   280.703 0   280.761 0     6.8 0    21.7 0    35.7 0    -9.6 0    26.1 0     7.9 0    94.1 0     1.4 0   266.5 0   905.4 0
 2026   1  1  1 21 22 21.367  63.50    38.9 0     4.4 0    -0.1 0    39.3 0   347.6 0   281.427 0   281.243 0   357.1 0   280.703 0   280.757 0     6.5 0    21.6 0    34.9 0    -9.5 0    25.5 0     7.9 0    93.9 0     2.0 0   269.3 0   905.4 0
 2026   1  1  1 21 23 21.383  63.58    41.0 0     4.5 0    -0.1 0    41.6 0   347.4 0   281.419 0   281.243 0   357.1 0   280.703 0   280.760 0     6.5 0    22.8 0    37.1 0    -9.7 0    27.4 0     7.9 0    94.2 0     1.9 0   278.7 0   905.4 0
 2026   1  1  1 21 24 21.400  63.67    42.6 0     4.7 0    -0.1 0    43.4 0   346.9 0   281.410 0   281.251 0   356.8 0   280.704 0   280.754 0     6.4 0    23.6 0    38.7 0   -10.0 0    28.7 0     7.9 0    93.8 0     2.8 0   273.3 0   905.4 0
 2026   1  1  1 21 25 21.417  63.75    44.0 0     4.9 0    -0.1 0    44.7 0   346.6 0   281.405 0   281.261 0   356.7 0   280.699 0   280.748 0     6.7 0    24.4 0    39.8 0   -10.0 0    29.7 0     7.8 0    93.9 0     3.1 0   271.1 0   905.4 0
 2026   1  1  1 21 26 21.433  63.83    45.8 0     5.1 0    -0.1 0    46.7 0   346.5 0   281.398 0   281.255 0   356.4 0   280.691 0   280.737 0     7.3 0    25.3 0    41.6 0    -9.9 0    31.6 0     7.8 0    93.8 0     3.2 0   279.2 0   905.4 0
 2026   1  1  1 21 27 21.450  63.92    42.1 0     4.7 0    -0.1 0    43.8 0   346.5 0   281.389 0   281.247 0   356.2 0   280.680 0   280.727 0     6.9 0    23.3 0    39.0 0    -9.7 0    29.3 0     7.7 0    94.1 0     3.0 0   277.6 0   905.4 0
 2026   1  1  1 21 28 21.467  64.00    34.6 0     3.9 0    -0.1 0    36.6 0   346.3 0   281.381 0   281.243 0   356.0 0   280.670 0   280.717 0     5.9 0    19.3 0    32.7 0    -9.7 0    23.0 0     7.7 0    94.2 0     2.8 0   279.7 0   905.4 0
 2026   1  1  1 21 29 21.483  64.09    30.2 0     3.5 0    -0.1 0    31.8 0   346.2 0   281.366 0   281.191 0   355.8 0   280.660 0   280.702 0     5.4 0    17.1 0    28.3 0    -9.6 0    18.7 0     7.7 0    94.1 0     2.7 0   279.0 0   905.5 0
 2026   1  1  1 21 30 21.500  64.18    31.1 0     3.5 0    -0.1 0    32.2 0   346.3 0   281.344 0   281.172 0   355.6 0   280.647 0   280.690 0     5.6 0    17.8 0    28.7 0    -9.3 0    19.4 0     7.7 0    94.2 0     2.8 0   279.1 0   905.5 0
 2026   1  1  1 21 31 21.517  64.27    32.7 0     3.6 0     0.0 0    33.9 0   346.4 0   281.326 0   281.170 0   355.6 0   280.637 0   280.684 0     5.5 0    18.7 0    30.4 0    -9.2 0    21.2 0     7.7 0    94.6 0     2.4 0   284.0 0   905.5 0
 2026   1  1  1 21 32 21.533  64.36    31.3 0     3.4 0    -0.1 0    32.9 0   346.1 0   281.308 0   281.131 0   355.6 0   280.632 0   280.677 0     4.8 0    18.0 0    29.5 0    -9.5 0    20.0 0     7.7 0    94.5 0     2.6 0   284.6 0   905.5 0
 2026   1  1  1 21 33 21.550  64.45    32.5 0     3.6 0     0.0 0    33.6 0   346.5 0   281.283 0   281.119 0   355.4 0   280.626 0   280.669 0     4.5 0    18.7 0    30.0 0    -8.9 0    21.0 0     7.7 0    94.5 0     2.9 0   274.6 0   905.5 0
 2026   1  1  1 21 34 21.567  64.54    39.4 0     4.5 0     0.0 0    40.0 0   346.7 0   281.265 0   281.097 0   355.3 0   280.619 0   280.662 0     5.2 0    22.3 0    35.5 0    -8.7 0    26.8 0     7.7 0    94.4 0     3.6 0   281.6 0   905.5 0
 2026   1  1  1 21 35 21.583  64.63    50.6 0     5.8 0     0.0 0    50.5 0   346.7 0   281.247 0   281.086 0   355.2 0   280.608 0   280.648 0     6.3 0    28.2 0    44.7 0    -8.5 0    36.2 0     7.7 0    94.3 0     4.1 0   291.6 0   905.5 0
 2026   1  1  1 21 36 21.600  64.72    63.9 0     7.2 0     0.0 0    63.7 0   346.9 0   281.234 0   281.116 0   355.3 0   280.595 0   280.641 0     7.7 0    35.1 0    56.6 0    -8.4 0    48.1 0     7.6 0    94.7 0     4.3 0   290.6 0   905.6 0
 2026   1  1  1 21 37 21.617  64.81    72.4 0     8.1 0     0.1 0    72.8 0   346.7 0   281.233 0   281.155 0   355.2 0   280.582 0   280.628 0     8.6 0    39.2 0    64.8 0    -8.5 0    56.3 0     7.6 0    94.4 0     4.7 0   277.1 0   905.6 0
 2026   1  1  1 21 38 21.633  64.91    71.9 0     8.0 0     0.0 0    73.3 0   346.7 0   281.232 0   281.129 0   355.4 0   280.569 0   280.624 0     8.7 0    38.3 0    65.3 0    -8.7 0    56.6 0     7.6 0    94.9 0     4.3 0   285.3 0   905.6 0
 2026   1  1  1 21 39 21.650  65.00    63.9 0     7.1 0     0.0 0    66.1 0   346.8 0   281.225 0   281.115 0   355.3 0   280.562 0   280.612 0     8.2 0    33.8 0    59.0 0    -8.5 0    50.6 0     7.6 0    94.7 0     5.0 0   282.5 0   905.7 0
 2026   1  1  1 21 40 21.667  65.09    53.7 0     6.0 0     0.0 0    55.9 0   346.6 0   281.219 0   281.103 0   355.2 0   280.552 0   280.605 0     7.5 0    28.6 0    49.8 0    -8.6 0    41.2 0     7.6 0    95.0 0     4.4 0   278.9 0   905.7 0
 2026   1  1  1 21 41 21.683  65.19    46.9 0     5.3 0     0.0 0    48.9 0   346.8 0   281.213 0   281.106 0   354.9 0   280.544 0   280.587 0     7.0 0    25.3 0    43.6 0    -8.1 0    35.5 0     7.6 0    94.7 0     5.9 0   277.7 0   905.7 0
 2026   1  1  1 21 42 21.700  65.29    44.0 0     5.1 0     0.0 0    45.6 0   346.6 0   281.209 0   281.076 0   354.6 0   280.528 0   280.566 0     6.7 0    23.8 0    40.4 0    -8.0 0    32.4 0     7.6 0    94.7 0     6.2 0   287.0 0   905.8 0
 2026   1  1  1 21 43 21.717  65.38    41.1 0     4.8 0     0.0 0    42.7 0   346.6 0   281.195 0   281.036 0   354.5 0   280.512 0   280.552 0     6.2 0    22.3 0    38.0 0    -7.9 0    30.0 0     7.5 0    95.0 0     6.2 0   288.2 0   905.9 0
 2026   1  1  1 21 44 21.733  65.48    36.5 0     4.4 0     0.0 0    38.3 0   346.5 0   281.181 0   281.033 0   354.2 0   280.495 0   280.531 0     5.6 0    20.0 0    34.0 0    -7.8 0    26.2 0     7.5 0    95.0 0     5.7 0   284.6 0   905.9 0
 2026   1  1  1 21 45 21.750  65.58    33.2 0     4.0 0     0.0 0    34.8 0   346.5 0   281.168 0   281.020 0   354.0 0   280.478 0   280.512 0     5.4 0    18.4 0    30.8 0    -7.5 0    23.3 0     7.5 0    94.8 0     7.3 0   286.3 0   906.0 0
 2026   1  1  1 21 46 21.767  65.68    33.3 0     4.1 0     0.0 0    34.5 0   346.5 0   281.156 0   281.004 0   353.8 0   280.457 0   280.492 0     5.7 0    18.4 0    30.4 0    -7.4 0    23.1 0     7.4 0    95.0 0     6.6 0   285.5 0   906.0 0
 2026   1  1  1 21 47 21.783  65.78    33.7 0     4.0 0     0.0 0    34.9 0   346.1 0   281.141 0   280.984 0   353.8 0   280.440 0   280.480 0     5.9 0    18.5 0    30.9 0    -7.6 0    23.3 0     7.4 0    95.1 0     5.4 0   289.0 0   906.0 0
 2026   1  1  1 21 48 21.800  65.88    32.4 0     3.8 0     0.0 0    33.9 0   346.3 0   281.126 0   280.975 0   353.8 0   280.428 0   280.472 0     5.7 0    17.7 0    30.1 0    -7.5 0    22.6 0     7.5 0    95.2 0     5.1 0   288.3 0   906.0 0
 2026   1  1  1 21 49 21.817  65.98    30.6 0     3.6 0     0.0 0    32.2 0   346.4 0   281.116 0   280.984 0   353.8 0   280.420 0   280.466 0     5.4 0    16.8 0    28.6 0    -7.4 0    21.2 0     7.5 0    95.2 0     5.3 0   273.8 0   906.0 0
 2026   1  1  1 21 50 21.833  66.08    31.9 0     3.6 0     0.1 0    33.2 0   346.7 0   281.111 0   280.996 0   353.9 0   280.416 0   280.468 0     5.6 0    17.7 0    29.6 0    -7.2 0    22.4 0     7.6 0    95.3 0     5.0 0   275.5 0   906.0 0
 2026   1  1  1 21 51 21.850  66.18    38.1 0     4.3 0     0.1 0    38.8 0   346.5 0   281.113 0   281.011 0   353.9 0   280.414 0   280.466 0     6.6 0    20.9 0    34.5 0    -7.4 0    27.0 0     7.5 0    94.9 0     4.6 0   268.8 0   906.0 0
 2026   1  1  1 21 52 21.867  66.29    44.5 0     5.0 0     0.1 0    45.0 0   346.5 0   281.115 0   281.023 0   353.9 0   280.409 0   280.463 0     7.6 0    23.8 0    40.0 0    -7.4 0    32.6 0     7.5 0    95.0 0     3.3 0   268.1 0   906.0 0
 2026   1  1  1 21 53 21.883  66.39    44.5 0     4.9 0     0.1 0    45.5 0   346.5 0   281.117 0   281.025 0   354.0 0   280.407 0   280.464 0     7.6 0    23.6 0    40.6 0    -7.5 0    33.1 0     7.6 0    95.1 0     4.1 0   266.6 0   906.0 0
 2026   1  1  1 21 54 21.900  66.49    41.5 0     4.6 0     0.0 0    42.7 0   346.5 0   281.117 0   281.008 0   353.9 0   280.405 0   280.458 0     7.0 0    22.0 0    38.1 0    -7.5 0    30.7 0     7.6 0    95.0 0     4.4 0   267.2 0   906.0 0
 2026   1  1  1 21 55 21.917  66.60    39.3 0     4.4 0     0.0 0    40.4 0   346.6 0   281.112 0   280.995 0   354.0 0   280.403 0   280.457 0     6.5 0    21.0 0    36.0 0    -7.4 0    28.7 0     7.6 0    95.2 0     3.9 0   270.8 0   906.0 0
 2026   1  1  1 21 56 21.933  66.70    43.2 0     5.0 0     0.1 0    43.8 0   347.1 0   281.108 0   281.005 0   354.3 0   280.403 0   280.467 0     7.1 0    23.0 0    38.8 0    -7.2 0    31.6 0     7.6 0    94.8 0     3.0 0   240.7 0   905.9 0
 2026   1  1  1 21 57 21.950  66.81    51.5 0     6.0 0     0.1 0    51.3 0   346.6 0   281.108 0   281.008 0   354.1 0   280.405 0   280.474 0     8.3 0    27.0 0    45.3 0    -7.4 0    37.9 0     7.6 0    94.9 0     2.2 0   276.3 0   905.8 0
 2026   1  1  1 21 58 21.967  66.92    55.8 0     6.5 0     0.1 0    56.0 0   346.3 0   281.108 0   281.002 0   354.2 0   280.407 0   280.471 0     8.9 0    29.1 0    49.6 0    -7.9 0    41.7 0     7.6 0    94.7 0     2.5 0   277.1 0   905.8 0
 2026   1  1  1 21 59 21.983  67.03    53.3 0     6.2 0     0.1 0    54.3 0   346.2 0   281.107 0   281.010 0   354.2 0   280.408 0   280.478 0     8.7 0    27.7 0    48.2 0    -8.0 0    40.2 0     7.6 0    94.6 0     1.5 0   310.6 0   905.7 0
 2026   1  1  1 22  0 22.000  67.13    44.8 0     5.3 0     0.1 0    46.6 0   345.9 0   281.107 0   281.004 0   354.2 0   280.410 0   280.474 0     8.1 0    23.4 0    41.4 0    -8.3 0    33.2 0     7.6 0    94.6 0     1.7 0   319.2 0   905.7 0
 2026   1  1  1 22  1 22.017  67.24    35.0 0     4.2 0     0.1 0    37.2 0   345.7 0   281.103 0   280.974 0   354.2 0   280.411 0   280.473 0     7.3 0    18.7 0    33.0 0    -8.4 0    24.6 0     7.6 0    94.5 0     1.6 0   324.8 0   905.7 0
 2026   1  1  1 22  2 22.033  67.35    28.6 0     3.4 0     0.2 0    30.5 0   345.6 0   281.093 0   280.970 0   354.0 0   280.410 0   280.467 0     6.7 0    15.4 0    27.1 0    -8.4 0    18.7 0     7.6 0    94.4 0     1.5 0   324.8 0   905.7 0
 2026   1  1  1 22  3 22.050  67.46    24.9 0     3.0 0     0.2 0    26.4 0   345.4 0   281.089 0   280.966 0   353.9 0   280.408 0   280.462 0     6.1 0    13.6 0    23.5 0    -8.5 0    15.0 0     7.6 0    94.6 0     1.8 0   332.1 0   905.7 0
 2026   1  1  1 22  4 22.067  67.57    24.0 0     2.9 0     0.2 0    25.1 0   345.4 0   281.087 0   280.965 0   353.9 0   280.406 0   280.459 0     5.6 0    13.4 0    22.3 0    -8.5 0    13.8 0     7.5 0    94.5 0     1.8 0   331.1 0   905.7 0
 2026   1  1  1 22  5 22.083  67.69    25.1 0     3.0 0     0.2 0    26.2 0   345.5 0   281.084 0   280.954 0   354.0 0   280.405 0   280.461 0     5.2 0    14.3 0    23.3 0    -8.5 0    14.8 0     7.6 0    94.8 0     1.8 0   333.1 0   905.7 0
 2026   1  1  1 22  6 22.100  67.80    26.9 0     3.1 0     0.2 0    28.1 0   345.3 0   281.081 0   280.974 0   354.0 0   280.406 0   280.462 0     4.8 0    15.5 0    25.1 0    -8.7 0    16.4 0     7.6 0    94.7 0     1.8 0   335.4 0   905.7 0
 2026   1  1  1 22  7 22.117  67.91    29.4 0     3.4 0     0.2 0    30.6 0   345.6 0   281.083 0   280.975 0   354.1 0   280.409 0   280.467 0     4.5 0    17.0 0    27.2 0    -8.5 0    18.7 0     7.6 0    94.8 0     1.8 0   342.3 0   905.7 0
 2026   1  1  1 22  8 22.133  68.02    35.4 0     4.2 0     0.2 0    36.2 0   345.8 0   281.085 0   280.980 0   354.1 0   280.411 0   280.468 0     4.6 0    20.0 0    32.1 0    -8.3 0    23.8 0     7.6 0    94.6 0     1.8 0   340.6 0   905.7 0
 2026   1  1  1 22  9 22.150  68.14    45.5 0     5.4 0     0.3 0    45.7 0   345.6 0   281.088 0   280.995 0   354.2 0   280.412 0   280.473 0     5.4 0    24.9 0    40.4 0    -8.6 0    31.7 0     7.6 0    94.7 0     1.7 0   343.2 0   905.7 0
 2026   1  1  1 22 10 22.167  68.25    56.7 0     6.7 0     0.3 0    56.5 0   345.3 0   281.090 0   280.991 0   354.4 0   280.415 0   280.479 0     6.7 0    30.1 0    49.9 0    -9.1 0    40.8 0     7.6 0    94.7 0     1.9 0   350.2 0   905.6 0
 2026   1  1  1 22 11 22.183  68.37    66.3 0     7.8 0     0.3 0    66.3 0   345.0 0   281.094 0   281.025 0   354.6 0   280.418 0   280.483 0     7.8 0    34.7 0    58.6 0    -9.6 0    49.0 0     7.6 0    94.6 0     2.2 0   358.5 0   905.6 0
 2026   1  1  1 22 12 22.200  68.48    74.7 0     8.8 0     0.3 0    74.7 0   345.0 0   281.101 0   281.039 0   354.7 0   280.420 0   280.491 0     8.8 0    38.3 0    66.1 0    -9.7 0    56.4 0     7.6 0    94.8 0     2.5 0     7.2 0   905.6 0
 2026   1  1  1 22 13 22.217  68.60    78.7 0     9.2 0     0.3 0    78.7 0   345.6 0   281.109 0   281.047 0   354.9 0   280.424 0   280.496 0     9.2 0    40.0 0    69.6 0    -9.3 0    60.4 0     7.6 0    94.8 0     2.5 0     8.7 0   905.6 0
 2026   1  1  1 22 14 22.233  68.72    80.6 0     9.4 0     0.3 0    80.6 0   345.6 0   281.118 0   281.062 0   355.0 0   280.429 0   280.502 0     9.4 0    40.5 0    71.4 0    -9.5 0    61.9 0     7.6 0    94.9 0     2.1 0    20.4 0   905.6 0
 2026   1  1  1 22 15 22.250  68.83    79.2 0     9.1 0     0.3 0    79.7 0   345.0 0   281.129 0   281.085 0   355.3 0   280.435 0   280.514 0     9.4 0    39.8 0    70.7 0   -10.2 0    60.5 0     7.7 0    95.0 0     1.7 0    23.0 0   905.5 0
 2026   1  1  1 22 16 22.267  68.95    72.8 0     8.3 0     0.3 0    73.9 0   345.2 0   281.139 0   281.095 0   355.4 0   280.444 0   280.519 0     8.8 0    36.7 0    65.7 0   -10.2 0    55.5 0     7.7 0    94.9 0     1.9 0    21.6 0   905.5 0
 2026   1  1  1 22 17 22.283  69.07    71.5 0     8.3 0     0.3 0    71.9 0   345.3 0   281.148 0   281.097 0   355.5 0   280.451 0   280.522 0     8.5 0    36.2 0    63.7 0   -10.2 0    53.5 0     7.7 0    94.7 0     2.1 0    20.3 0   905.5 0
 2026   1  1  1 22 18 22.300  69.19    77.9 0     9.2 0     0.3 0    77.5 0   345.5 0   281.154 0   281.097 0   355.6 0   280.454 0   280.529 0     8.7 0    39.1 0    68.5 0   -10.1 0    58.4 0     7.7 0    94.8 0     1.8 0    22.6 0   905.5 0
 2026   1  1  1 22 19 22.317  69.31    84.2 0     9.8 0     0.4 0    83.5 0   345.8 0   281.161 0   281.128 0   355.9 0   280.462 0   280.543 0     9.1 0    41.8 0    73.8 0   -10.1 0    63.7 0     7.7 0    95.0 0     1.9 0    31.4 0   905.5 0
 2026   1  1  1 22 20 22.333  69.43    86.4 0    10.1 0     0.3 0    86.1 0   345.9 0   281.175 0   281.153 0   356.1 0   280.470 0   280.551 0     9.7 0    42.8 0    76.1 0   -10.2 0    66.0 0     7.7 0    94.8 0     1.8 0    33.3 0   905.5 0
 2026   1  1  1 22 21 22.350  69.55    86.4 0    10.0 0     0.3 0    86.4 0   345.8 0   281.192 0   281.176 0   356.3 0   280.479 0   280.563 0    10.3 0    42.8 0    76.5 0   -10.4 0    66.0 0     7.7 0    94.8 0     2.2 0    36.5 0   905.4 0
 2026   1  1  1 22 22 22.367  69.67    85.4 0     9.9 0     0.3 0    85.6 0   345.9 0   281.213 0   281.208 0   356.4 0   280.487 0   280.571 0    10.3 0    42.2 0    75.8 0   -10.5 0    65.3 0     7.7 0    94.7 0     2.7 0    39.8 0   905.4 0
 2026   1  1  1 22 23 22.383  69.80    82.4 0     9.5 0     0.2 0    82.9 0   346.0 0   281.235 0   281.199 0   356.4 0   280.495 0   280.576 0     9.8 0    40.7 0    73.4 0   -10.4 0    63.0 0     7.7 0    94.5 0     2.6 0    33.2 0   905.4 0
 2026   1  1  1 22 24 22.400  69.92    74.9 0     8.8 0     0.2 0    75.9 0   346.2 0   281.244 0   281.180 0   356.4 0   280.500 0   280.580 0     9.0 0    37.2 0    67.2 0   -10.3 0    56.9 0     7.7 0    94.6 0     1.9 0    30.8 0   905.4 0
 2026   1  1  1 22 25 22.417  70.04    71.4 0     8.4 0     0.3 0    72.1 0   346.4 0   281.251 0   281.192 0   356.5 0   280.506 0   280.587 0     8.6 0    35.8 0    63.8 0   -10.1 0    53.7 0     7.7 0    94.7 0     1.9 0    26.3 0   905.4 0
 2026   1  1  1 22 26 22.433  70.17    71.0 0     8.3 0     0.3 0    71.6 0   346.5 0   281.263 0   281.209 0   356.7 0   280.515 0   280.598 0     8.5 0    35.6 0    63.5 0   -10.2 0    53.3 0     7.8 0    94.8 0     1.3 0    36.8 0   905.5 0
 2026   1  1  1 22 27 22.450  70.29    68.0 0     7.9 0     0.3 0    68.8 0   346.3 0   281.276 0   281.223 0   356.9 0   280.525 0   280.609 0     8.3 0    34.2 0    61.0 0   -10.6 0    50.4 0     7.8 0    94.6 0     0.8 0    25.5 0   905.5 0
 2026   1  1  1 22 28 22.467  70.42    64.7 0     7.4 0     0.2 0    66.0 0   346.5 0   281.288 0   281.232 0   356.9 0   280.537 0   280.621 0     8.2 0    32.6 0    58.6 0   -10.4 0    48.2 0     7.9 0    94.6 0     0.8 0    20.7 0   905.5 0
 2026   1  1  1 22 29 22.483  70.54    58.5 0     6.7 0     0.3 0    60.4 0   346.8 0   281.301 0   281.248 0   356.9 0   280.548 0   280.629 0     7.9 0    29.5 0    53.7 0   -10.1 0    43.6 0     7.9 0    94.5 0     1.0 0    13.6 0   905.5 0
 2026   1  1  1 22 30 22.500  70.67    51.5 0     6.0 0     0.2 0    53.4 0   347.2 0   281.314 0   281.235 0   356.8 0   280.558 0   280.636 0     7.4 0    26.2 0    47.6 0    -9.6 0    38.0 0     7.9 0    94.4 0     1.1 0    25.7 0   905.5 0
 2026   1  1  1 22 31 22.517  70.80    48.8 0     5.7 0     0.2 0    50.0 0   347.5 0   281.320 0   281.209 0   356.7 0   280.568 0   280.643 0     6.8 0    24.9 0    44.4 0    -9.2 0    35.2 0     7.9 0    94.3 0     1.2 0     5.0 0   905.5 0
 2026   1  1  1 22 32 22.533  70.92    51.8 0     6.1 0     0.2 0    52.3 0   347.7 0   281.322 0   281.209 0   356.6 0   280.577 0   280.651 0     6.8 0    26.3 0    46.3 0    -9.0 0    37.3 0     7.9 0    94.2 0     1.4 0    19.3 0   905.5 0
 2026   1  1  1 22 33 22.550  71.05    52.6 0     6.1 0     0.2 0    53.1 0   347.8 0   281.326 0   281.197 0   356.5 0   280.585 0   280.657 0     6.9 0    26.4 0    47.0 0    -8.8 0    38.2 0     7.9 0    94.2 0     1.2 0    29.4 0   905.5 0
 2026   1  1  1 22 34 22.567  71.18    46.9 0     5.6 0     0.2 0    47.8 0   348.0 0   281.323 0   281.174 0   356.3 0   280.591 0   280.657 0     6.5 0    23.7 0    42.3 0    -8.4 0    34.0 0     7.9 0    94.0 0     1.5 0    26.1 0   905.5 0
 2026   1  1  1 22 35 22.583  71.31    43.4 0     5.3 0     0.3 0    44.2 0   348.0 0   281.322 0   281.187 0   356.2 0   280.593 0   280.657 0     6.1 0    22.3 0    38.9 0    -8.2 0    30.7 0     7.8 0    94.0 0     1.2 0    31.1 0   905.4 0
 2026   1  1  1 22 36 22.600  71.44    48.0 0     5.9 0     0.2 0    47.9 0   348.2 0   281.323 0   281.172 0   356.2 0   280.596 0   280.661 0     6.1 0    24.4 0    42.1 0    -8.1 0    34.0 0     7.8 0    94.1 0     1.1 0    20.0 0   905.4 0
 2026   1  1  1 22 37 22.617  71.57    55.8 0     6.8 0     0.3 0    55.0 0   348.4 0   281.323 0   281.193 0   356.4 0   280.600 0   280.669 0     6.4 0    27.9 0    48.2 0    -8.0 0    40.2 0     7.9 0    94.1 0     0.9 0     4.3 0   905.4 0
 2026   1  1  1 22 38 22.633  71.70    63.7 0     7.6 0     0.3 0    62.5 0   348.1 0   281.330 0   281.226 0   356.6 0   280.605 0   280.677 0     6.8 0    31.4 0    55.0 0    -8.5 0    46.5 0     7.9 0    94.1 0     0.9 0    27.0 0   905.4 0
 2026   1  1  1 22 39 22.650  71.83    66.4 0     7.8 0     0.2 0    65.6 0   348.3 0   281.338 0   281.220 0   356.8 0   280.612 0   280.685 0     7.2 0    32.3 0    57.8 0    -8.5 0    49.3 0     7.9 0    94.1 0     1.1 0    35.8 0   905.3 0
 2026   1  1  1 22 40 22.667  71.96    65.6 0     7.7 0     0.2 0    64.9 0   348.4 0   281.341 0   281.217 0   356.8 0   280.618 0   280.690 0     7.3 0    31.8 0    57.2 0    -8.4 0    48.9 0     7.9 0    93.9 0     1.2 0    40.5 0   905.3 0
 2026   1  1  1 22 41 22.683  72.09    63.5 0     7.5 0     0.2 0    63.1 0   348.5 0   281.343 0   281.225 0   356.9 0   280.624 0   280.698 0     7.4 0    30.6 0    55.7 0    -8.4 0    47.3 0     7.9 0    94.0 0     0.7 0    55.2 0   905.3 0
 2026   1  1  1 22 42 22.700  72.23    58.8 0     6.9 0     0.2 0    59.0 0   348.4 0   281.348 0   281.233 0   357.0 0   280.631 0   280.706 0     7.3 0    28.5 0    52.1 0    -8.7 0    43.5 0     7.9 0    94.1 0     0.3 0    42.3 0   905.4 0
 2026   1  1  1 22 43 22.717  72.36    53.9 0     6.2 0     0.2 0    54.3 0   348.4 0   281.350 0   281.217 0   357.0 0   280.639 0   280.712 0     7.1 0    26.3 0    48.1 0    -8.6 0    39.5 0     8.0 0    94.0 0     0.6 0    44.3 0   905.4 0
 2026   1  1  1 22 44 22.733  72.49    48.0 0     5.6 0     0.2 0    48.7 0   348.5 0   281.349 0   281.200 0   356.9 0   280.646 0   280.716 0     6.6 0    23.6 0    43.2 0    -8.4 0    34.8 0     8.0 0    93.8 0     1.0 0    21.2 0   905.4 0
 2026   1  1  1 22 45 22.750  72.63    41.9 0     4.9 0     0.2 0    43.1 0   348.3 0   281.347 0   281.193 0   356.8 0   280.652 0   280.719 0     5.7 0    20.9 0    38.3 0    -8.5 0    29.7 0     8.0 0    93.8 0     0.8 0     4.5 0   905.5 0
 2026   1  1  1 22 46 22.767  72.76    37.8 0     4.6 0     0.2 0    39.2 0   348.0 0   281.347 0   281.209 0   356.8 0   280.657 0   280.724 0     5.0 0    19.1 0    34.7 0    -8.8 0    25.9 0     7.9 0    93.9 0     0.3 0   293.3 0   905.6 0
 2026   1  1  1 22 47 22.783  72.90    32.7 0     4.0 0     0.2 0    34.3 0   348.1 0   281.355 0   281.227 0   356.7 0   280.663 0   280.728 0     4.3 0    16.7 0    30.3 0    -8.6 0    21.7 0     8.0 0    93.9 0     1.1 0   264.9 0   905.7 0
 2026   1  1  1 22 48 22.800  73.03    30.3 0     3.8 0     0.2 0    31.3 0   348.6 0   281.362 0   281.230 0   356.6 0   280.669 0   280.732 0     4.0 0    15.6 0    27.5 0    -8.1 0    19.5 0     8.0 0    93.9 0     1.4 0   279.4 0   905.7 0
 2026   1  1  1 22 49 22.817  73.17    31.8 0     3.9 0     0.1 0    32.4 0   348.6 0   281.368 0   281.215 0   356.5 0   280.675 0   280.735 0     4.3 0    16.4 0    28.5 0    -7.9 0    20.6 0     8.0 0    93.8 0     1.9 0   307.5 0   905.7 0
 2026   1  1  1 22 50 22.833  73.30    33.3 0     4.1 0     0.1 0    33.8 0   348.5 0   281.366 0   281.189 0   356.3 0   280.678 0   280.735 0     4.3 0    17.0 0    29.7 0    -7.8 0    21.9 0     7.9 0    93.6 0     2.0 0   311.9 0   905.7 0
 2026   1  1  1 22 51 22.850  73.44    30.9 0     3.9 0     0.1 0    31.9 0   348.6 0   281.360 0   281.186 0   356.1 0   280.677 0   280.732 0     3.9 0    15.8 0    28.0 0    -7.5 0    20.5 0     7.9 0    93.8 0     2.2 0   307.2 0   905.8 0
 2026   1  1  1 22 52 22.867  73.58    27.1 0     3.5 0     0.1 0    28.4 0   349.0 0   281.360 0   281.227 0   356.0 0   280.676 0   280.731 0     3.7 0    14.1 0    25.0 0    -7.0 0    18.0 0     7.9 0    94.0 0     2.4 0   292.4 0   905.8 0
 2026   1  1  1 22 53 22.883  73.72    26.7 0     3.4 0     0.1 0    27.5 0   348.9 0   281.368 0   281.224 0   355.8 0   280.674 0   280.724 0     4.1 0    13.9 0    24.2 0    -6.9 0    17.3 0     7.9 0    93.9 0     2.3 0   291.6 0   905.8 0
 2026   1  1  1 22 54 22.900  73.86    27.9 0     3.5 0     0.1 0    28.4 0   348.8 0   281.370 0   281.222 0   355.5 0   280.670 0   280.716 0     4.5 0    14.5 0    24.9 0    -6.7 0    18.2 0     7.8 0    93.8 0     2.5 0   292.9 0   905.8 0
 2026   1  1  1 22 55 22.917  73.99    29.9 0     3.8 0     0.0 0    30.3 0   348.8 0   281.367 0   281.210 0   355.4 0   280.663 0   280.709 0     4.8 0    15.6 0    26.5 0    -6.6 0    19.8 0     7.8 0    93.9 0     2.4 0   299.6 0   905.8 0
 2026   1  1  1 22 56 22.933  74.13    31.8 0     3.9 0     0.0 0    32.2 0   348.4 0   281.363 0   281.209 0   355.3 0   280.655 0   280.702 0     5.1 0    16.4 0    28.2 0    -6.9 0    21.4 0     7.8 0    94.0 0     2.6 0   298.0 0   905.8 0
 2026   1  1  1 22 57 22.950  74.27    28.8 0     3.6 0     0.0 0    30.0 0   348.3 0   281.354 0   281.187 0   355.2 0   280.647 0   280.697 0     4.5 0    15.1 0    26.4 0    -6.9 0    19.5 0     7.7 0    94.2 0     2.2 0   298.6 0   905.8 0
 2026   1  1  1 22 58 22.967  74.41    23.9 0     3.0 0     0.0 0    25.4 0   348.1 0   281.342 0   281.180 0   355.2 0   280.642 0   280.692 0     3.8 0    12.7 0    22.4 0    -7.2 0    15.2 0     7.8 0    94.4 0     1.6 0   281.7 0   905.8 0
 2026   1  1  1 22 59 22.983  74.55    22.9 0     2.8 0     0.1 0    24.0 0   348.2 0   281.335 0   281.185 0   355.2 0   280.639 0   280.691 0     3.5 0    12.3 0    21.1 0    -7.1 0    14.1 0     7.8 0    94.4 0     0.9 0   298.2 0   905.8 0
 2026   1  1  1 23  0 23.000  74.70    26.3 0     3.2 0     0.1 0    26.8 0   348.3 0   281.326 0   281.177 0   355.2 0   280.638 0   280.689 0     3.8 0    14.0 0    23.6 0    -6.8 0    16.8 0     7.8 0    94.3 0     0.2 0   295.7 0   905.8 0
 2026   1  1  1 23  1 23.017  74.84    32.1 0     3.9 0     0.1 0    32.0 0   348.0 0   281.319 0   281.165 0   355.2 0   280.637 0   280.693 0     4.3 0    16.7 0    28.1 0    -7.2 0    20.9 0     7.8 0    94.2 0     0.0 0     0.0 0   905.7 0
 2026   1  1  1 23  2 23.033  74.98    35.2 0     4.2 0     0.1 0    35.3 0   348.0 0   281.305 0   281.151 0   355.2 0   280.638 0   280.695 0     4.5 0    18.0 0    31.1 0    -7.3 0    23.9 0     7.8 0    93.9 0     0.0 0     0.0 0   905.7 0
 2026   1  1  1 23  3 23.050  75.12    34.0 0     4.1 0     0.1 0    34.5 0   347.9 0   281.295 0   281.149 0   355.3 0   280.638 0   280.694 0     4.3 0    17.4 0    30.4 0    -7.5 0    23.0 0     7.8 0    94.1 0     0.0 0     0.0 0   905.7 0
 2026   1  1  1 23  4 23.067  75.27    34.5 0     4.1 0     0.1 0    34.7 0   347.7 0   281.285 0   281.125 0   355.4 0   280.639 0   280.695 0     4.3 0    17.7 0    30.6 0    -7.7 0    22.9 0     7.8 0    94.2 0     0.0 0     0.0 0   905.7 0
 2026   1  1  1 23  5 23.083  75.41    38.0 0     4.5 0     0.1 0    37.8 0   347.6 0   281.273 0   281.114 0   355.5 0   280.640 0   280.697 0     4.4 0    19.3 0    33.3 0    -7.9 0    25.4 0     7.9 0    94.2 0     0.0 0     0.0 0   905.7 0
 2026   1  1  1 23  6 23.100  75.55    40.0 0     4.7 0     0.1 0    40.0 0   347.5 0   281.259 0   281.098 0   355.5 0   280.641 0   280.699 0     4.5 0    20.2 0    35.3 0    -8.0 0    27.3 0     7.9 0    94.0 0     0.5 0    88.0 0   905.6 0
 2026   1  1  1 23  7 23.117  75.70    38.8 0     4.6 0     0.1 0    39.4 0   347.7 0   281.245 0   281.088 0   355.5 0   280.641 0   280.699 0     4.3 0    19.6 0    34.8 0    -7.8 0    27.0 0     7.8 0    94.0 0     0.6 0    84.7 0   905.6 0
 2026   1  1  1 23  8 23.133  75.84    35.2 0     4.2 0     0.1 0    36.0 0   347.9 0   281.235 0   281.085 0   355.6 0   280.640 0   280.699 0     3.8 0    18.0 0    31.8 0    -7.6 0    24.2 0     7.8 0    94.1 0     0.3 0    85.7 0   905.7 0
 2026   1  1  1 23  9 23.150  75.99    32.7 0     3.9 0     0.1 0    33.5 0   347.9 0   281.228 0   281.082 0   355.6 0   280.641 0   280.702 0     3.5 0    16.9 0    29.6 0    -7.7 0    21.9 0     7.8 0    94.3 0     0.0 0    86.1 0   905.7 0
 2026   1  1  1 23 10 23.167  76.13    29.7 0     3.6 0     0.1 0    30.7 0   347.9 0   281.224 0   281.084 0   355.6 0   280.643 0   280.703 0     3.2 0    15.4 0    27.1 0    -7.7 0    19.5 0     7.9 0    94.3 0     0.2 0   211.0 0   905.7 0
 2026   1  1  1 23 11 23.183  76.28    25.6 0     3.1 0     0.1 0    26.8 0   348.0 0   281.220 0   281.067 0   355.5 0   280.646 0   280.703 0     2.7 0    13.5 0    23.7 0    -7.5 0    16.1 0     7.9 0    94.2 0     0.6 0   226.6 0   905.8 0
 2026   1  1  1 23 12 23.200  76.43    22.8 0     2.9 0     0.1 0    23.8 0   348.0 0   281.215 0   281.059 0   355.4 0   280.646 0   280.700 0     2.5 0    12.2 0    21.0 0    -7.4 0    13.7 0     7.9 0    94.0 0     0.7 0   233.1 0   905.8 0
 2026   1  1  1 23 13 23.217  76.57    24.2 0     3.1 0     0.2 0    24.8 0   348.1 0   281.212 0   281.072 0   355.3 0   280.646 0   280.700 0     2.7 0    13.0 0    21.8 0    -7.3 0    14.5 0     7.8 0    94.1 0     0.3 0   231.1 0   905.8 0
 2026   1  1  1 23 14 23.233  76.72    29.1 0     3.6 0     0.1 0    29.3 0   348.1 0   281.210 0   281.063 0   355.4 0   280.646 0   280.703 0     3.0 0    15.3 0    25.7 0    -7.3 0    18.4 0     7.9 0    94.2 0     0.0 0   213.9 0   905.7 0
 2026   1  1  1 23 15 23.250  76.87    31.9 0     3.9 0     0.1 0    32.3 0   348.0 0   281.205 0   281.061 0   355.4 0   280.647 0   280.705 0     3.3 0    16.5 0    28.4 0    -7.4 0    21.0 0     7.8 0    94.1 0     0.2 0    98.6 0   905.6 0
 2026   1  1  1 23 16 23.267  77.02    29.1 0     3.6 0     0.1 0    30.3 0   347.7 0   281.201 0   281.060 0   355.4 0   280.648 0   280.703 0     3.2 0    15.3 0    26.7 0    -7.7 0    19.1 0     7.8 0    94.2 0     0.6 0   112.7 0   905.6 0
 2026   1  1  1 23 17 23.283  77.16    23.6 0     3.0 0     0.1 0    25.2 0   348.0 0   281.195 0   281.060 0   355.3 0   280.648 0   280.700 0     2.9 0    13.0 0    22.3 0    -7.3 0    15.0 0     7.8 0    94.2 0     0.8 0   133.1 0   905.6 0
 2026   1  1  1 23 18 23.300  77.31    22.4 0     2.9 0     0.1 0    23.5 0   348.0 0   281.197 0   281.063 0   355.2 0   280.645 0   280.696 0     2.7 0    12.7 0    20.7 0    -7.2 0    13.5 0     7.8 0    94.2 0     1.0 0   145.1 0   905.6 0
 2026   1  1  1 23 19 23.317  77.46    24.7 0     3.1 0     0.1 0    25.5 0   347.9 0   281.194 0   281.051 0   355.2 0   280.642 0   280.694 0     2.6 0    13.9 0    22.4 0    -7.3 0    15.1 0     7.8 0    94.3 0     0.8 0   135.6 0   905.6 0
 2026   1  1  1 23 20 23.333  77.61    26.3 0     3.3 0     0.1 0    27.1 0   347.6 0   281.192 0   281.057 0   355.2 0   280.640 0   280.693 0     2.4 0    14.8 0    23.8 0    -7.7 0    16.2 0     7.8 0    94.3 0     0.9 0   118.3 0   905.5 0
 2026   1  1  1 23 21 23.350  77.76    28.0 0     3.5 0     0.1 0    28.6 0   347.6 0   281.187 0   281.031 0   355.2 0   280.638 0   280.691 0     2.4 0    15.5 0    25.1 0    -7.6 0    17.5 0     7.8 0    94.2 0     1.1 0   121.3 0   905.6 0
 2026   1  1  1 23 22 23.367  77.91    28.6 0     3.6 0     0.1 0    29.4 0   347.7 0   281.180 0   281.039 0   355.3 0   280.636 0   280.690 0     2.5 0    15.6 0    25.8 0    -7.5 0    18.3 0     7.8 0    94.4 0     0.7 0   113.4 0   905.6 0
 2026   1  1  1 23 23 23.383  78.06    25.0 0     3.1 0     0.1 0    26.4 0   347.8 0   281.178 0   281.051 0   355.3 0   280.635 0   280.690 0     2.3 0    13.9 0    23.3 0    -7.5 0    15.8 0     7.8 0    94.5 0     0.2 0   128.6 0   905.6 0
 2026   1  1  1 23 24 23.400  78.22    23.7 0     3.1 0     0.1 0    25.2 0   347.7 0   281.178 0   281.051 0   355.1 0   280.635 0   280.688 0     2.2 0    13.1 0    22.1 0    -7.4 0    14.7 0     7.8 0    94.2 0     0.9 0   184.0 0   905.7 0
 2026   1  1  1 23 25 23.417  78.37    27.5 0     3.5 0     0.1 0    28.6 0   347.5 0   281.176 0   281.058 0   355.1 0   280.633 0   280.686 0     2.6 0    14.8 0    25.1 0    -7.6 0    17.5 0     7.8 0    94.4 0     1.0 0   172.1 0   905.7 0
 2026   1  1  1 23 26 23.433  78.52    34.5 0     4.2 0     0.1 0    35.1 0   347.2 0   281.176 0   281.062 0   355.2 0   280.632 0   280.688 0     3.4 0    17.9 0    30.9 0    -8.0 0    22.9 0     7.8 0    94.6 0     1.1 0   157.6 0   905.6 0
 2026   1  1  1 23 27 23.450  78.67    41.3 0     4.9 0     0.1 0    41.4 0   346.5 0   281.174 0   281.072 0   355.3 0   280.634 0   280.692 0     3.9 0    20.8 0    36.6 0    -8.7 0    27.8 0     7.9 0    94.6 0     1.2 0   142.6 0   905.6 0
 2026   1  1  1 23 28 23.467  78.82    43.8 0     5.2 0     0.1 0    44.4 0   346.1 0   281.179 0   281.101 0   355.3 0   280.635 0   280.691 0     3.9 0    21.7 0    39.2 0    -9.2 0    30.0 0     7.9 0    94.4 0     1.3 0   131.7 0   905.5 0
 2026   1  1  1 23 29 23.483  78.98    40.9 0     5.0 0     0.1 0    42.1 0   346.5 0   281.184 0   281.104 0   355.3 0   280.634 0   280.689 0     3.4 0    20.4 0    37.2 0    -8.8 0    28.4 0     7.8 0    94.4 0     1.5 0   143.9 0   905.5 0
 2026   1  1  1 23 30 23.500  79.13    39.5 0     4.9 0     0.1 0    40.7 0   346.9 0   281.191 0   281.121 0   355.4 0   280.633 0   280.689 0     3.1 0    19.7 0    35.9 0    -8.4 0    27.5 0     7.8 0    94.6 0     1.4 0   146.5 0   905.6 0
 2026   1  1  1 23 31 23.517  79.28    40.6 0     5.0 0     0.1 0    41.4 0   347.1 0   281.195 0   281.090 0   355.4 0   280.631 0   280.685 0     3.0 0    20.0 0    36.4 0    -8.2 0    28.2 0     7.8 0    94.5 0     1.4 0   148.2 0   905.6 0
 2026   1  1  1 23 32 23.533  79.44    38.8 0     4.8 0     0.1 0    40.0 0   347.3 0   281.191 0   281.091 0   355.4 0   280.629 0   280.684 0     2.9 0    19.1 0    35.2 0    -8.0 0    27.2 0     7.8 0    94.5 0     1.3 0   148.4 0   905.6 0
 2026   1  1  1 23 33 23.550  79.59    34.4 0     4.3 0     0.1 0    35.9 0   347.4 0   281.191 0   281.094 0   355.4 0   280.626 0   280.681 0     2.8 0    17.3 0    31.5 0    -8.0 0    23.6 0     7.8 0    94.6 0     1.1 0   145.4 0   905.6 0
 2026   1  1  1 23 34 23.567  79.75    33.3 0     4.1 0     0.1 0    34.3 0   347.0 0   281.191 0   281.081 0   355.3 0   280.624 0   280.680 0     3.0 0    16.8 0    30.2 0    -8.3 0    21.9 0     7.8 0    94.6 0     1.1 0   139.3 0   905.5 0
 2026   1  1  1 23 35 23.583  79.90    31.6 0     3.8 0     0.1 0    32.9 0   346.2 0   281.191 0   281.089 0   355.3 0   280.622 0   280.678 0     3.5 0    16.1 0    29.2 0    -9.2 0    20.0 0     7.8 0    94.8 0     1.0 0   127.8 0   905.5 0
 2026   1  1  1 23 36 23.600  80.06    28.6 0     3.3 0     0.1 0    30.2 0   345.9 0   281.190 0   281.065 0   355.3 0   280.622 0   280.677 0     3.5 0    14.9 0    26.9 0    -9.4 0    17.4 0     7.8 0    94.8 0     0.9 0   129.2 0   905.5 0
 2026   1  1  1 23 37 23.617  80.21    25.8 0     3.0 0     0.1 0    27.5 0   346.5 0   281.185 0   281.063 0   355.3 0   280.621 0   280.676 0     3.1 0    13.7 0    24.5 0    -8.8 0    15.7 0     7.8 0    94.8 0     0.8 0   130.7 0   905.5 0
 2026   1  1  1 23 38 23.633  80.37    24.2 0     2.9 0     0.1 0    25.9 0   347.0 0   281.183 0   281.068 0   355.3 0   280.622 0   280.678 0     2.6 0    13.0 0    23.0 0    -8.3 0    14.7 0     7.8 0    94.9 0     0.8 0   116.8 0   905.5 0
 2026   1  1  1 23 39 23.650  80.53    24.2 0     2.9 0     0.1 0    25.8 0   347.1 0   281.184 0   281.075 0   355.4 0   280.624 0   280.681 0     2.4 0    13.0 0    22.9 0    -8.3 0    14.6 0     7.9 0    94.9 0     0.9 0   114.6 0   905.4 0
 2026   1  1  1 23 40 23.667  80.68    25.2 0     3.1 0     0.2 0    26.7 0   347.0 0   281.188 0   281.093 0   355.4 0   280.627 0   280.683 0     2.3 0    13.5 0    23.6 0    -8.4 0    15.2 0     7.9 0    94.8 0     0.7 0    98.5 0   905.4 0
 2026   1  1  1 23 41 23.683  80.84    28.7 0     3.6 0     0.2 0    29.9 0   347.3 0   281.195 0   281.094 0   355.5 0   280.629 0   280.685 0     2.4 0    15.1 0    26.3 0    -8.1 0    18.2 0     7.9 0    94.7 0     0.6 0    78.2 0   905.4 0
 2026   1  1  1 23 42 23.700  81.00    34.2 0     4.2 0     0.2 0    35.0 0   347.4 0   281.202 0   281.109 0   355.5 0   280.630 0   280.689 0     2.5 0    17.2 0    30.8 0    -8.1 0    22.7 0     7.9 0    94.8 0     0.5 0    83.7 0   905.4 0
 2026   1  1  1 23 43 23.717  81.16    37.1 0     4.5 0     0.2 0    38.0 0   346.2 0   281.209 0   281.119 0   355.6 0   280.633 0   280.695 0     2.7 0    18.0 0    33.5 0    -9.4 0    24.1 0     7.9 0    94.9 0     0.7 0   127.0 0   905.4 0
 2026   1  1  1 23 44 23.733  81.31    35.4 0     4.3 0     0.2 0    36.8 0   345.9 0   281.213 0   281.121 0   355.7 0   280.637 0   280.699 0     2.6 0    17.2 0    32.6 0    -9.7 0    22.8 0     7.9 0    94.9 0     0.7 0   116.7 0   905.4 0
 2026   1  1  1 23 45 23.750  81.47    36.2 0     4.5 0     0.2 0    37.2 0   346.6 0   281.214 0   281.116 0   355.7 0   280.642 0   280.704 0     2.4 0    17.5 0    32.7 0    -9.2 0    23.6 0     7.9 0    94.9 0     0.6 0    69.7 0   905.3 0
 2026   1  1  1 23 46 23.767  81.63    40.6 0     5.1 0     0.3 0    41.2 0   346.7 0   281.220 0   281.141 0   355.8 0   280.646 0   280.707 0     2.5 0    19.1 0    36.1 0    -9.1 0    27.1 0     7.9 0    94.8 0     0.4 0    68.3 0   905.3 0
 2026   1  1  1 23 47 23.783  81.79    41.7 0     5.2 0     0.3 0    42.6 0   345.7 0   281.233 0   281.153 0   355.9 0   280.650 0   280.713 0     2.8 0    19.3 0    37.5 0   -10.2 0    27.2 0     7.9 0    94.8 0     0.1 0    90.5 0   905.4 0
 2026   1  1  1 23 48 23.800  81.95    37.3 0     4.6 0     0.3 0    39.0 0   343.5 0   281.242 0   281.154 0   355.8 0   280.654 0   280.717 0     3.0 0    17.6 0    34.4 0   -12.3 0    22.1 0     7.9 0    94.8 0     0.1 0   122.3 0   905.3 0
 2026   1  1  1 23 49 23.817  82.11    33.7 0     4.2 0     0.3 0    35.4 0   342.4 0   281.253 0   281.171 0   355.7 0   280.657 0   280.720 0     3.0 0    16.3 0    31.2 0   -13.3 0    18.0 0     7.9 0    94.7 0     0.0 0     0.0 0   905.3 0
 2026   1  1  1 23 50 23.833  82.27    34.8 0     4.4 0     0.3 0    36.2 0   342.7 0   281.265 0   281.154 0   355.7 0   280.661 0   280.723 0     2.9 0    16.9 0    31.8 0   -13.0 0    18.9 0     8.0 0    94.8 0     0.0 0     0.0 0   905.3 0
 2026   1  1  1 23 51 23.850  82.43    36.8 0     4.7 0     0.3 0    38.2 0   339.8 0   281.268 0   281.146 0   355.6 0   280.665 0   280.727 0     3.0 0    17.7 0    33.6 0   -15.8 0    17.8 0     8.0 0    94.7 0     0.4 0    56.8 0   905.2 0
 2026   1  1  1 23 52 23.867  82.59    37.3 0     4.8 0     0.3 0    38.8 0   336.5 0   281.268 0   281.131 0   355.4 0   280.668 0   280.728 0     3.0 0    17.8 0    34.1 0   -19.0 0    15.1 0     7.9 0    94.7 0     0.7 0    32.3 0   905.2 0
 2026   1  1  1 23 53 23.883  82.75    37.2 0     4.8 0     0.4 0    38.8 0   333.9 0   281.270 0   281.149 0   355.3 0   280.670 0   280.728 0     3.1 0    17.7 0    34.1 0   -21.4 0    12.7 0     8.0 0    94.7 0     1.0 0    23.7 0   905.1 0
 2026   1  1  1 23 54 23.900  82.91    33.2 0     4.2 0     0.3 0    35.4 0   331.4 0   281.276 0   281.138 0   355.2 0   280.671 0   280.729 0     3.0 0    16.2 0    31.2 0   -23.7 0     7.5 0     7.9 0    94.7 0     0.8 0    29.2 0   905.1 0
 2026   1  1  1 23 55 23.917  83.07    28.7 0     3.7 0     0.3 0    31.1 0   330.4 0   281.274 0   281.105 0   355.0 0   280.671 0   280.727 0     2.9 0    14.6 0    27.5 0   -24.6 0     2.8 0     7.9 0    94.6 0     0.4 0    50.6 0   905.1 0
 2026   1  1  1 23 56 23.933  83.23    28.3 0     3.8 0     0.3 0    30.5 0   332.6 0   281.267 0   281.104 0   354.9 0   280.670 0   280.725 0     2.7 0    14.5 0    26.7 0   -22.3 0     4.5 0     7.9 0    94.6 0     0.6 0    45.3 0   905.1 0
 2026   1  1  1 23 57 23.950  83.39    32.2 0     4.5 0     0.3 0    34.3 0   336.9 0   281.262 0   281.102 0   354.9 0   280.667 0   280.722 0     2.4 0    16.0 0    29.9 0   -18.1 0    11.8 0     7.9 0    94.6 0     0.8 0    51.9 0   905.0 0
 2026   1  1  1 23 58 23.967  83.56    38.4 0     5.5 0     0.3 0    40.3 0   338.1 0   281.259 0   281.121 0   355.1 0   280.665 0   280.726 0     2.3 0    18.2 0    34.9 0   -17.0 0    17.9 0     7.9 0    94.7 0     0.2 0    56.1 0   905.0 0
 2026   1  1  1 23 59 23.983  83.72    47.0 0     6.5 0     0.4 0    48.3 0   336.8 0   281.261 0   281.147 0   355.3 0   280.666 0   280.733 0     2.4 0    21.2 0    41.9 0   -18.5 0    23.4 0     7.9 0    94.8 0     0.0 0     0.0 0   905.1 0
