Time [s],Gauge Pressure,Inspiratory Differential Pressure ,Expiratory Differential Pressure ,StartTime
0,8414,8178,8205,16:08:47
0.017000000000003,8412,8181,8203,
0.0240000000000009,8404,8178,8203,
0.0260000000000034,8398,8181,8203,
0.0390000000000015,8396,8181,8200,
0.0459999999999994,8390,8178,8200,
0.0549999999999997,8385,8178,8200,
0.0660000000000025,8385,8181,8200,
0.0740000000000052,8379,8181,8200,
0.0850000000000009,8372,8178,8203,
0.0930000000000035,8369,8178,8200,
0.106999999999999,8369,8181,8200,
0.116,8372,8178,8200,
0.126000000000005,8369,8178,8200,
0.134,8372,8178,8200,
0.146000000000001,8377,8178,8200,
0.154000000000003,8379,8178,8200,
0.164000000000001,8379,8178,8200,
0.175000000000004,8382,8178,8200,
0.186,8382,8178,8200,
0.195,8372,8170,8192,
0.205000000000005,8396,8173,8192,
0.214000000000006,8444,8173,8185,
0.227000000000004,8406,8173,8192,
0.238,8387,8173,8195,
0.243000000000002,8382,8173,8195,
0.257000000000005,8387,8173,8195,
0.263000000000005,8387,8170,8192,
0.276000000000003,8385,8173,8192,
0.285000000000004,8387,8173,8195,
0.294000000000004,8387,8170,8195,
0.304000000000002,8382,8173,8195,
0.314,8387,8173,8192,
0.326000000000001,8382,8173,8192,
0.333000000000006,8379,8170,8195,
0.344999999999999,8372,8173,8192,
0.353000000000002,8372,8173,8190,
0.365000000000002,8364,8173,8192,
0.372,8361,8173,8192,
0.385000000000005,8361,8173,8192,
0.395000000000003,8361,8173,8190,
0.405999999999999,8379,8173,8187,
0.414999999999999,8431,8173,8185,
0.423999999999999,8396,8173,8187,
0.435000000000002,8364,8173,8192,
0.444000000000003,8361,8173,8192,
0.454000000000001,8361,8173,8192,
0.464000000000006,8356,8175,8190,
0.472999999999999,8353,8173,8190,
0.486000000000004,8350,8173,8190,
0.493000000000002,8347,8173,8190,
0.504000000000005,8350,8173,8190,
0.515000000000001,8345,8173,8187,
0.524000000000001,8342,8173,8187,
0.536000000000001,8342,8173,8190,
0.544000000000004,8339,8173,8187,
0.555,8339,8173,8190,
0.563000000000002,8339,8173,8187,
0.574000000000005,8339,8173,8190,
0.585000000000001,8339,8173,8190,
0.593000000000004,8342,8173,8190,
0.603000000000002,8358,8173,8187,
0.613,8404,8170,8185,
0.622,8377,8170,8187,
0.633000000000003,8347,8173,8187,
0.644000000000005,8342,8173,8187,
0.655000000000001,8342,8170,8187,
0.664999999999999,8339,8173,8187,
0.673999999999999,8337,8170,8190,
0.685000000000002,8339,8173,8187,
0.694000000000003,8334,8173,8187,
0.703000000000003,8329,8170,8187,
0.715000000000003,8329,8173,8187,
0.724000000000004,8326,8173,8187,
0.734000000000002,8318,8173,8187,
0.745000000000005,8320,8173,8187,
0.753,8315,8173,8185,
0.765000000000001,8310,8173,8187,
0.774000000000001,8307,8173,8185,
0.783999999999999,8299,8170,8187,
0.792000000000002,8299,8173,8185,
0.803000000000004,8299,8173,8185,
0.814,8323,8173,8180,
0.824000000000005,8315,8173,8185,
0.834000000000003,8283,8170,8182,
0.843000000000004,8271,8173,8180,
0.853000000000002,8254,8173,8180,
0.862000000000002,8241,8173,8177,
0.873000000000005,8227,8173,8177,
0.882000000000005,8217,8173,8177,
0.893000000000001,8206,8173,8177,
0.905000000000001,8200,8170,8174,
0.913000000000004,8198,8173,8174,
0.922000000000004,8200,8173,8174,
0.933,8206,8173,8174,
0.943000000000005,8211,8173,8177,
0.954000000000001,8230,8173,8177,
0.965000000000003,8252,8173,8180,
0.974000000000004,8268,8173,8182,
0.984000000000002,8283,8173,8185,
0.992000000000004,8293,8170,8185,
1.004,8307,8173,8182,
1.01300000000001,8331,8170,8182,
1.024,8304,8173,8185,
1.035,8288,8173,8180,
1.044,8291,8173,8185,
1.051,8291,8173,8182,
1.063,8291,8173,8185,
1.075,8293,8173,8185,
1.081,8293,8173,8185,
1.095,8293,8170,8185,
1.105,8296,8170,8185,
1.114,8299,8173,8185,
1.123,8301,8173,8185,
1.13500000000001,8299,8173,8185,
1.14400000000001,8296,8173,8185,
1.155,8299,8173,8185,
1.163,8296,8173,8185,
1.176,8293,8173,8185,
1.183,8293,8173,8185,
1.194,8293,8173,8185,
1.203,8301,8173,8182,
1.213,8323,8173,8180,
1.224,8304,8173,8185,
1.236,8291,8173,8185,
1.242,8285,8173,8185,
1.252,8291,8173,8185,
1.264,8291,8173,8185,
1.27200000000001,8291,8173,8185,
1.282,8293,8173,8182,
1.295,8293,8173,8185,
1.305,8293,8173,8185,
1.312,8296,8173,8185,
1.325,8296,8173,8185,
1.334,8293,8173,8185,
1.343,8301,8173,8185,
1.352,8301,8173,8185,
1.364,8301,8173,8185,
1.373,8293,8173,8185,
1.38200000000001,8293,8173,8185,
1.39100000000001,8291,8173,8182,
1.405,8291,8173,8182,
1.413,8307,8173,8180,
1.424,8283,8173,8185,
1.433,8273,8173,8182,
1.444,8271,8173,8180,
1.454,8265,8170,8180,
1.465,8260,8173,8180,
1.474,8252,8173,8180,
1.483,8246,8173,8180,
1.491,8241,8170,8177,
1.504,8233,8173,8180,
1.512,8225,8173,8180,
1.523,8217,8173,8177,
1.531,8206,8173,8177,
1.543,8198,8173,8177,
1.553,8188,8173,8177,
1.562,8182,8173,8177,
1.57400000000001,8174,8173,8174,
1.58300000000001,8171,8173,8174,
1.595,8166,8173,8177,
1.603,8150,8175,8177,
1.613,8139,8173,8172,
1.621,8133,8175,8174,
1.63500000000001,8117,8178,8174,
1.64400000000001,8106,8175,8174,
1.652,8097,8178,8174,
1.663,8085,8178,8172,
1.672,8072,8178,8174,
1.683,8061,8181,8174,
1.691,8050,8183,8174,
1.70200000000001,8034,8178,8177,
1.713,8023,8186,8177,
1.722,7998,8188,8177,
1.733,7991,8186,8174,
1.742,7978,8191,8174,
1.751,7967,8193,8177,
1.76300000000001,7956,8188,8177,
1.771,7956,8201,8177,
1.782,7932,8188,8177,
1.791,7932,8196,8177,
1.804,7862,8191,8174,
1.811,7838,8191,8180,
1.822,7870,8201,8174,
1.83300000000001,7875,8212,8177,
1.841,7878,8212,8174,
1.854,7870,8209,8177,
1.862,7862,8212,8177,
1.874,7854,8209,8180,
1.88200000000001,7838,8212,8177,
1.89400000000001,7832,8212,8177,
1.903,7846,8212,8177,
1.912,7832,8206,8172,
1.921,7846,8206,8169,
1.932,7848,8222,8169,
1.942,7835,8206,8174,
1.951,7835,8209,8174,
1.963,7832,8199,8174,
1.973,7835,8212,8172,
1.982,7829,8209,8174,
1.992,7827,8219,8177,
2.002,7807,8204,8174,
2.01300000000001,7738,8204,8167,
2.02200000000001,7796,8217,8169,
2.031,7815,8209,8174,
2.043,7812,8217,8172,
2.054,7796,8214,8174,
2.064,7812,8214,8177,
2.07100000000001,7815,8212,8174,
2.085,7809,8219,8172,
2.093,7801,8214,8174,
2.104,7827,8227,8177,
2.113,7820,8206,8174,
2.121,7815,8222,8177,
2.13200000000001,7820,8212,8169,
2.14,7818,8214,8177,
2.154,7804,8214,8174,
2.162,7809,8212,8174,
2.174,7820,8217,8174,
2.183,7815,8212,8177,
2.192,7807,8217,8172,
2.201,7779,8212,8177,
2.21100000000001,7715,8201,8169,
2.22,7752,8209,8177,
2.234,7809,8222,8174,
2.241,7835,8222,8174,
2.252,7815,8222,8172,
2.262,7807,8224,8172,
2.27200000000001,7820,8227,8174,
2.282,7815,8224,8177,
2.292,7809,8206,8172,
2.3,7801,8217,8172,
2.31,7827,8222,8174,
2.323,7807,8214,8172,
2.33300000000001,7812,8209,8177,
2.343,7827,8201,8177,
2.352,7824,8227,8177,
2.362,7812,8217,8180,
2.371,7815,8212,8174,
2.383,7824,8209,8180,
2.392,7840,8214,8177,
2.403,7768,8201,8172,
2.412,7741,8201,8174,
2.423,7793,8206,8180,
2.43,7829,8212,8172,
2.44,7827,8217,8169,
2.453,7827,8212,8177,
2.462,7840,8214,8174,
2.472,7843,8206,8174,
2.48,7838,8209,8174,
2.493,7843,8206,8174,
2.502,7840,8201,8172,
2.51300000000001,7827,8222,8172,
2.523,7832,8214,8177,
2.532,7840,8214,8172,
2.543,7838,8212,8174,
2.552,7846,8214,8174,
2.56,7857,8209,8174,
2.573,7851,8212,8174,
2.58300000000001,7862,8204,8174,
2.591,7843,8217,8172,
2.601,7832,8199,8177,
2.612,7784,8191,8169,
2.621,7820,8204,8185,
2.63200000000001,7865,8214,8174,
2.64100000000001,7857,8217,8172,
2.652,7854,8206,8172,
2.661,7862,8204,8174,
2.669,7851,8206,8174,
2.68,7865,8209,8174,
2.691,7862,8212,8174,
2.703,7865,8214,8172,
2.71,7851,8212,8172,
2.723,7843,8206,8177,
2.734,7859,8217,8177,
2.741,7851,8214,8177,
2.751,7848,8214,8177,
2.76000000000001,7867,8219,8172,
2.77200000000001,7857,8209,8174,
2.779,7851,8204,8174,
2.79,7857,8212,8174,
2.802,7818,8196,8174,
2.81,7801,8196,8180,
2.82100000000001,7857,8209,8169,
2.83300000000001,7870,8206,8172,
2.841,7875,8212,8174,
2.85,7881,8209,8177,
2.86,7889,8204,8172,
2.871,7884,8206,8174,
2.881,7895,8214,8174,
2.89,7901,8204,8174,
2.902,7889,8201,8172,
2.91,7886,8206,8174,
2.921,7898,8204,8172,
2.931,7901,8214,8172,
2.942,7915,8196,8174,
2.95200000000001,7904,8204,8172,
2.963,7909,8201,8172,
2.969,7901,8204,8174,
2.98,7909,8206,8174,
2.989,7915,8199,8174,
3.001,7881,8188,8177,
3.01000000000001,7851,8188,8174,
3.01900000000001,7915,8206,8177,
3.032,7906,8201,8174,
3.04,7918,8201,8174,
3.05,7923,8204,8172,
3.06,7918,8204,8172,
3.068,7932,8214,8174,
3.079,7915,8212,8172,
3.092,7912,8206,8172,
3.101,7915,8199,8174,
3.111,7909,8193,8177,
3.12,7923,8201,8172,
3.131,7926,8196,8174,
3.143,7918,8206,8174,
3.151,7918,8196,8172,
3.159,7912,8196,8174,
3.171,7926,8201,8177,
3.18,7918,8193,8174,
3.19,7926,8201,8174,
3.19900000000001,7901,8193,8174,
3.212,7873,8186,8174,
3.221,7932,8201,8174,
3.228,7937,8196,8177,
3.241,7945,8193,8174,
3.25,7945,8206,8174,
3.261,7953,8193,8172,
3.26900000000001,7959,8199,8174,
3.281,7964,8193,8172,
3.291,7970,8193,8174,
3.302,7967,8196,8177,
3.309,7975,8191,8172,
3.32100000000001,7975,8191,8174,
3.328,7980,8188,8174,
3.341,7983,8186,8172,
3.35,7986,8193,8174,
3.36,8003,8186,8174,
3.368,8007,8193,8174,
3.38200000000001,8012,8188,8174,
3.392,8026,8183,8174,
3.398,8015,8181,8177,
3.409,8003,8178,8177,
3.42,8042,8183,8174,
3.432,8074,8183,8172,
3.439,8085,8181,8174,
3.448,8109,8178,8172,
3.46,8122,8175,8174,
3.469,8141,8175,8174,
3.48,8158,8173,8174,
3.489,8174,8170,8174,
3.5,8188,8170,8174,
3.509,8200,8170,8174,
3.521,8263,8178,8177,
3.528,8244,8168,8185,
3.54,8241,8173,8180,
3.55,8263,8173,8180,
3.561,8283,8173,8182,
3.57,8299,8173,8185,
3.581,8318,8173,8185,
3.59,8337,8173,8190,
3.601,8361,8173,8187,
3.61,8404,8173,8187,
3.619,8387,8170,8192,
3.63200000000001,8398,8173,8195,
3.64100000000001,8406,8173,8195,
3.65000000000001,8412,8173,8198,
3.663,8423,8173,8198,
3.668,8428,8173,8200,
3.678,8439,8173,8200,
3.69,8444,8170,8203,
3.69900000000001,8450,8173,8203,
3.71,8455,8173,8203,
3.721,8463,8173,8205,
3.732,8476,8173,8203,
3.741,8484,8170,8205,
3.749,8490,8173,8205,
3.759,8492,8170,8208,
3.77,8503,8173,8205,
3.778,8503,8173,8205,
3.79,8506,8173,8208,
3.8,8530,8173,8203,
3.811,8570,8170,8198,
3.819,8517,8175,8210,
3.828,8500,8170,8208,
3.84,8498,8173,8208,
3.851,8492,8173,8208,
3.859,8487,8170,8208,
3.869,8484,8173,8205,
3.878,8479,8173,8208,
3.89,8476,8173,8208,
3.901,8476,8173,8208,
3.911,8484,8173,8205,
3.918,8479,8173,8208,
3.931,8481,8173,8205,
3.941,8481,8173,8205,
3.947,8481,8173,8208,
3.96,8484,8170,8208,
3.97,8481,8173,8203,
3.98,8479,8173,8210,
3.99,8481,8173,8210,
4.002,8503,8173,8200,
4.008,8546,8173,8195,
4.021,8517,8170,8200,
4.029,8487,8173,8210,
4.039,8484,8173,8210,
4.049,8481,8173,8210,
4.058,8484,8173,8208,
4.069,8484,8170,8208,
4.07700000000001,8481,8173,8208,
4.088,8484,8173,8208,
4.097,8484,8173,8208,
4.112,8484,8173,8208,
4.12,8495,8173,8210,
4.129,8495,8173,8203,
4.14,8490,8173,8208,
4.149,8490,8170,8208,
4.159,8492,8173,8208,
4.168,8492,8173,8205,
4.177,8490,8173,8208,
4.189,8492,8173,8208,
4.201,8517,8173,8203,
4.207,8576,8173,8190,
4.219,8541,8173,8200,
4.23,8498,8173,8203,
4.239,8490,8173,8205,
4.25,8484,8170,8208,
4.258,8487,8173,8205,
4.27,8487,8173,8208,
4.278,8484,8173,8208,
4.287,8487,8173,8208,
4.3,8487,8173,8205,
4.308,8487,8173,8208,
4.319,8487,8173,8208,
4.329,8487,8175,8205,
4.34,8490,8173,8205,
4.348,8490,8170,8208,
4.361,8484,8173,8208,
4.369,8487,8173,8208,
4.378,8481,8173,8208,
4.39,8487,8173,8208,
4.398,8506,8175,8200,
4.41,8581,8170,8187,
4.417,8527,8175,8203,
4.429,8481,8173,8208,
4.44,8476,8173,8208,
4.45,8484,8173,8205,
4.45800000000001,8479,8173,8205,
4.468,8476,8173,8205,
4.479,8476,8170,8205,
4.49,8476,8173,8205,
4.499,8476,8173,8205,
4.511,8479,8170,8208,
4.518,8476,8173,8205,
4.531,8471,8173,8205,
4.538,8468,8173,8205,
4.549,8471,8173,8203,
4.557,8471,8173,8205,
4.57,8463,8173,8203,
4.578,8463,8173,8200,
4.588,8463,8173,8205,
4.598,8481,8173,8200,
4.609,8565,8175,8182,
4.62,8503,8173,8198,
4.63,8455,8173,8203,
4.63800000000001,8447,8173,8203,
4.649,8450,8173,8203,
4.66,8444,8173,8203,
4.67,8447,8173,8203,
4.679,8439,8173,8200,
4.688,8439,8173,8200,
4.701,8436,8173,8198,
4.709,8433,8173,8198,
4.719,8431,8173,8200,
4.729,8428,8173,8200,
4.738,8428,8173,8198,
4.749,8423,8173,8200,
4.75700000000001,8420,8173,8200,
4.768,8423,8170,8198,
4.776,8420,8173,8195,
4.788,8420,8173,8198,
4.798,8433,8173,8190,
4.81,8492,8173,8177,
4.82100000000001,8439,8173,8192,
4.829,8401,8173,8195,
4.84,8396,8173,8195,
4.847,8398,8173,8195,
4.857,8393,8173,8192,
4.87,8387,8173,8195,
4.88,8379,8173,8192,
4.886,8372,8173,8192,
4.89700000000001,8369,8170,8192,
4.908,8364,8173,8192,
4.916,8366,8170,8190,
4.927,8364,8173,8192,
4.94,8366,8173,8192,
4.95,8361,8173,8192,
4.96,8366,8173,8192,
4.968,8366,8173,8192,
4.978,8361,8173,8195,
4.988,8369,8173,8192,
4.998,8398,8173,8190,
5.00700000000001,8452,8173,8182,
5.01900000000001,8428,8175,8187,
5.029,8369,8170,8192,
5.04,8361,8170,8192,
5.05,8361,8173,8195,
5.058,8358,8173,8192,
5.068,8356,8173,8195,
5.079,8353,8173,8190,
5.088,8356,8173,8190,
5.098,8356,8173,8192,
5.107,8350,8173,8190,
5.12,8350,8173,8190,
5.13,8350,8173,8190,
5.13800000000001,8350,8173,8190,
5.14700000000001,8347,8173,8190,
5.158,8347,8173,8190,
5.167,8350,8173,8190,
5.177,8345,8168,8190,
5.189,8347,8175,8187,
5.2,8356,8173,8187,
5.21,8396,8170,8185,
5.217,8356,8173,8190,
5.225,8331,8170,8187,
5.237,8326,8170,8185,
5.248,8323,8173,8187,
5.258,8315,8173,8187,
5.268,8307,8173,8185,
5.279,8301,8173,8185,
5.288,8296,8173,8185,
5.297,8291,8173,8185,
5.307,8288,8173,8182,
5.317,8283,8173,8182,
5.329,8283,8173,8182,
5.338,8283,8173,8182,
5.348,8279,8173,8182,
5.357,8273,8173,8182,
5.366,8271,8173,8182,
5.378,8273,8173,8180,
5.387,8271,8173,8182,
5.398,8276,8173,8182,
5.408,8291,8173,8174,
5.418,8288,8173,8182,
5.429,8271,8170,8180,
5.437,8265,8173,8180,
5.447,8260,8173,8180,
5.456,8263,8173,8180,
5.468,8263,8173,8180,
5.477,8257,8173,8180,
5.487,8257,8173,8180,
5.498,8257,8173,8180,
5.506,8254,8173,8180,
5.518,8249,8173,8177,
5.527,8246,8173,8177,
5.537,8244,8173,8177,
5.548,8238,8173,8180,
5.555,8227,8173,8177,
5.566,8222,8173,8177,
5.576,8208,8173,8174,
5.587,8203,8173,8174,
5.598,8192,8173,8174,
5.607,8192,8170,8172,
5.617,8188,8173,8177,
5.625,8179,8173,8174,
5.637,8179,8173,8172,
5.648,8182,8173,8172,
5.654,8179,8173,8174,
5.669,8179,8170,8174,
5.678,8179,8173,8172,
5.688,8179,8173,8174,
5.698,8177,8173,8177,
5.70800000000001,8179,8173,8177,
5.716,8177,8173,8174,
5.727,8177,8173,8177,
5.736,8177,8173,8174,
5.746,8182,8173,8177,
5.75700000000001,8200,8173,8177,
5.767,8211,8173,8180,
5.776,8217,8173,8180,
5.787,8219,8173,8177,
5.795,8225,8173,8177,
5.807,8238,8173,8174,
5.817,8241,8173,8177,
5.825,8233,8170,8177,
5.837,8233,8173,8177,
5.846,8233,8173,8177,
5.859,8238,8173,8177,
5.865,8238,8173,8177,
5.876,8241,8173,8177,
5.886,8246,8173,8180,
5.898,8246,8173,8180,
5.906,8249,8173,8180,
5.919,8249,8173,8180,
5.925,8249,8173,8177,
5.938,8249,8170,8180,
5.94600000000001,8249,8173,8180,
5.957,8249,8173,8177,
5.965,8249,8173,8177,
5.975,8246,8173,8177,
5.986,8244,8173,8177,
5.996,8246,8173,8180,
6.00700000000001,8252,8173,8174,
6.01600000000001,8238,8173,8177,
6.028,8222,8173,8180,
6.036,8219,8173,8174,
6.047,8206,8173,8174,
6.058,8192,8170,8174,
6.067,8179,8173,8174,
6.078,8166,8173,8172,
6.088,8152,8175,8174,
6.099,8114,8178,8174,
6.109,8083,8181,8174,
6.118,8050,8183,8174,
6.127,8018,8183,8174,
6.137,7988,8186,8174,
6.146,7964,8188,8172,
6.157,7945,8196,8174,
6.168,7926,8196,8174,
6.174,7904,8201,8174,
6.186,7889,8196,8174,
6.195,7832,8196,8177,
6.204,7784,8199,8177,
6.216,7799,8206,8169,
6.226,7829,8212,8172,
6.236,7827,8214,8169,
6.247,7815,8217,8174,
6.255,7804,8217,8172,
6.267,7807,8224,8172,
6.277,7793,8214,8169,
6.286,7796,8217,8177,
6.297,7793,8212,8174,
6.308,7771,8239,8172,
6.315,7765,8217,8174,
6.32700000000001,7768,8219,8174,
6.337,7771,8224,8174,
6.346,7757,8219,8174,
6.356,7754,8217,8172,
6.368,7768,8227,8169,
6.377,7762,8232,8174,
6.386,7746,8230,8174,
6.396,7699,8212,8172,
6.407,7629,8209,8177,
6.417,7671,8212,8169,
6.425,7741,8232,8172,
6.438,7760,8232,8177,
6.44600000000001,7760,8224,8172,
6.457,7743,8239,8174,
6.465,7752,8232,8174,
6.475,7762,8237,8177,
6.487,7760,8222,8174,
6.498,7768,8222,8174,
6.505,7768,8222,8172,
6.514,7787,8224,8172,
6.528,7781,8212,8174,
6.536,7796,8217,8172,
6.546,7799,8214,8172,
6.556,7779,8224,8172,
6.565,7801,8222,8172,
6.575,7793,8217,8177,
6.587,7784,8222,8172,
6.596,7762,8209,8172,
6.606,7686,8199,8174,
6.615,7754,8219,8172,
6.628,7787,8219,8169,
6.63500000000001,7787,8224,8177,
6.645,7781,8212,8174,
6.656,7779,8222,8174,
6.667,7784,8224,8172,
6.676,7796,8232,8177,
6.685,7781,8219,8169,
6.697,7793,8224,8177,
6.706,7796,8206,8172,
6.717,7799,8227,8177,
6.723,7799,8209,8177,
6.736,7801,8227,8172,
6.744,7796,8214,8177,
6.75700000000001,7801,8217,8177,
6.765,7815,8217,8180,
6.774,7809,8222,8174,
6.785,7801,8214,8180,
6.797,7776,8196,8177,
6.807,7699,8199,8180,
6.816,7765,8214,8180,
6.826,7796,8222,8174,
6.837,7807,8214,8172,
6.844,7807,8214,8172,
6.857,7812,8219,8177,
6.865,7848,8214,8174,
6.877,7815,8217,8172,
6.887,7812,8212,8174,
6.896,7818,8214,8177,
6.906,7824,8222,8172,
6.915,7835,8230,8172,
6.926,7827,8222,8169,
6.935,7829,8209,8172,
6.94600000000001,7832,8212,8172,
6.956,7829,8206,8172,
6.967,7838,8206,8174,
6.976,7843,8212,8174,
6.985,7832,8224,8172,
6.995,7781,8199,8174,
7.006,7754,8199,8172,
7.015,7799,8212,8177,
7.02500000000001,7843,8209,8174,
7.036,7835,8206,8174,
7.045,7846,8201,8172,
7.057,7859,8217,8174,
7.066,7862,8209,8174,
7.07700000000001,7870,8219,8174,
7.08600000000001,7870,8204,8172,
7.096,7873,8209,8174,
7.105,7886,8209,8174,
7.118,7889,8201,8174,
7.126,7886,8199,8172,
7.136,7904,8206,8174,
7.143,7909,8204,8177,
7.153,7915,8204,8174,
7.166,7921,8201,8172,
7.178,7923,8201,8174,
7.187,7923,8201,8174,
7.195,7909,8193,8174,
7.206,7870,8188,8174,
7.215,7901,8196,8174,
7.226,7940,8201,8174,
7.237,7940,8199,8174,
7.246,7940,8204,8174,
7.255,7951,8199,8172,
7.26600000000001,7961,8196,8174,
7.27500000000001,7956,8193,8174,
7.286,7970,8196,8172,
7.296,7959,8193,8174,
7.305,7961,8191,8174,
7.314,7967,8196,8172,
7.325,7959,8196,8174,
7.335,7970,8199,8172,
7.347,7964,8199,8172,
7.356,7961,8196,8174,
7.364,7959,8191,8172,
7.375,7956,8193,8172,
7.384,7951,8196,8172,
7.396,7906,8186,8177,
7.404,7895,8183,8172,
7.414,7940,8196,8172,
7.426,7959,8199,8172,
7.434,7972,8191,8172,
7.444,7991,8193,8174,
7.453,7998,8193,8174,
7.463,8018,8188,8172,
7.476,8031,8183,8174,
7.486,8053,8186,8174,
7.492,8074,8183,8174,
7.506,8092,8178,8174,
7.515,8109,8178,8174,
7.52500000000001,8131,8173,8172,
7.533,8144,8173,8174,
7.543,8158,8173,8177,
7.555,8168,8170,8174,
7.565,8177,8173,8177,
7.57400000000001,8182,8173,8177,
7.58300000000001,8188,8170,8177,
7.596,8198,8173,8177,
7.604,8249,8173,8195,
7.614,8225,8173,8177,
7.624,8217,8173,8177,
7.636,8217,8173,8177,
7.646,8219,8173,8177,
7.653,8222,8173,8177,
7.663,8235,8173,8177,
7.675,8252,8173,8180,
7.685,8265,8173,8180,
7.693,8283,8173,8182,
7.70500000000001,8291,8173,8185,
7.715,8307,8173,8185,
7.723,8320,8173,8187,
7.734,8334,8173,8187,
7.744,8350,8173,8187,
7.753,8369,8170,8192,
7.76600000000001,8387,8173,8192,
7.774,8406,8173,8198,
7.785,8423,8173,8198,
7.793,8468,8173,8195,
7.804,8519,8173,8195,
7.813,8509,8173,8203,
7.82400000000001,8495,8173,8208,
7.832,8506,8175,8210,
7.846,8519,8173,8213,
7.857,8530,8173,8216,
7.865,8538,8173,8216,
7.874,8549,8170,8218,
7.884,8553,8170,8218,
7.893,8556,8175,8218,
7.904,8567,8173,8223,
7.915,8576,8173,8221,
7.925,8573,8170,8221,
7.934,8576,8173,8218,
7.94600000000001,8578,8170,8218,
7.95200000000001,8578,8175,8218,
7.963,8578,8170,8221,
7.975,8567,8173,8218,
7.985,8578,8173,8216,
7.994,8594,8175,8208,
8.004,8644,8173,8200,
8.01300000000001,8594,8173,8216,
8.02500000000001,8567,8170,8223,
8.036,8558,8173,8218,
8.044,8549,8173,8216,
8.053,8549,8173,8218,
8.065,8546,8173,8216,
8.07400000000001,8541,8173,8216,
8.085,8541,8173,8216,
8.093,8538,8173,8210,
8.102,8527,8173,8216,
8.114,8527,8173,8213,
8.125,8533,8173,8213,
8.136,8527,8173,8213,
8.145,8525,8173,8213,
8.155,8530,8170,8210,
8.164,8522,8173,8210,
8.175,8514,8173,8216,
8.184,8519,8173,8210,
8.192,8553,8173,8205,
8.204,8616,8170,8195,
8.213,8565,8173,8208,
8.223,8514,8170,8213,
8.236,8506,8173,8210,
8.243,8506,8173,8210,
8.253,8506,8173,8208,
8.26300000000001,8506,8170,8208,
8.274,8500,8170,8210,
8.287,8495,8173,8208,
8.294,8487,8173,8213,
8.303,8487,8170,8208,
8.315,8487,8170,8208,
8.322,8484,8173,8205,
8.335,8479,8173,8205,
8.341,8476,8173,8205,
8.355,8471,8173,8205,
8.364,8468,8173,8203,
8.373,8471,8173,8205,
8.384,8468,8173,8205,
8.392,8492,8173,8200,
8.402,8562,8173,8185,
8.413,8503,8173,8205,
8.424,8471,8173,8208,
8.435,8461,8173,8203,
8.443,8461,8173,8203,
8.453,8455,8173,8203,
8.462,8450,8170,8200,
8.474,8452,8173,8200,
8.482,8447,8173,8200,
8.494,8450,8175,8203,
8.503,8447,8173,8203,
8.512,8450,8173,8200,
8.52500000000001,8442,8173,8205,
8.535,8447,8173,8200,
8.544,8444,8173,8203,
8.553,8442,8173,8203,
8.564,8442,8170,8203,
8.57400000000001,8442,8175,8200,
8.582,8442,8173,8203,
8.591,8458,8173,8198,
8.602,8517,8173,8187,
8.613,8461,8173,8200,
8.626,8436,8173,8203,
8.63200000000001,8425,8173,8203,
8.642,8425,8173,8200,
8.652,8423,8173,8198,
8.664,8423,8173,8203,
8.674,8420,8173,8200,
8.683,8420,8173,8200,
8.694,8420,8173,8200,
8.704,8414,8170,8200,
8.713,8412,8173,8200,
8.721,8412,8173,8200,
8.732,8412,8173,8198,
8.743,8409,8170,8203,
8.753,8404,8173,8200,
8.764,8404,8173,8200,
8.773,8406,8173,8195,
8.783,8406,8173,8198,
8.793,8423,8173,8195,
8.801,8479,8173,8185,
8.813,8436,8175,8195,
8.82400000000001,8401,8170,8195,
8.832,8396,8170,8195,
8.842,8393,8173,8198,
8.853,8396,8173,8195,
8.865,8390,8173,8198,
8.871,8387,8170,8195,
8.88200000000001,8387,8173,8195,
8.89,8382,8173,8192,
8.903,8382,8173,8195,
8.913,8379,8173,8192,
8.922,8377,8173,8192,
8.932,8372,8173,8192,
8.941,8366,8173,8192,
8.95200000000001,8369,8173,8192,
8.963,8369,8173,8192,
8.973,8361,8173,8192,
8.982,8364,8173,8192,
8.993,8372,8173,8190,
9.003,8406,8173,8185,
9.01300000000001,8390,8175,8192,
9.02200000000001,8361,8175,8187,
9.033,8353,8175,8190,
9.042,8350,8175,8190,
9.053,8347,8175,8190,
9.063,8345,8175,8190,
9.07100000000001,8347,8175,8190,
9.082,8345,8175,8190,
9.093,8345,8175,8190,
9.1,8339,8175,8190,
9.114,8339,8170,8190,
9.123,8334,8170,8187,
9.13200000000001,8334,8170,8187,
9.14100000000001,8331,8170,8187,
9.15000000000001,8329,8170,8187,
9.162,8323,8173,8190,
9.171,8323,8173,8187,
9.181,8326,8173,8187,
9.192,8337,8173,8185,
9.204,8364,8170,8182,
9.213,8331,8173,8187,
9.224,8310,8173,8190,
9.234,8301,8173,8187,
9.24,8299,8173,8185,
9.251,8293,8173,8185,
9.265,8293,8173,8185,
9.274,8293,8173,8185,
9.282,8293,8173,8185,
9.293,8293,8173,8185,
9.302,8296,8173,8182,
9.312,8293,8173,8185,
9.323,8293,8173,8185,
9.331,8291,8173,8185,
9.341,8291,8173,8185,
9.352,8288,8173,8185,
9.36,8285,8173,8182,
9.371,8283,8173,8182,
9.383,8283,8173,8182,
9.39100000000001,8283,8173,8182,
9.401,8301,8173,8180,
9.412,8283,8173,8182,
9.423,8271,8173,8182,
9.432,8271,8173,8180,
9.44,8268,8173,8180,
9.45,8271,8173,8180,
9.463,8271,8173,8182,
9.472,8268,8170,8182,
9.482,8265,8173,8180,
9.49,8263,8173,8182,
9.501,8265,8173,8180,
9.51300000000001,8265,8173,8180,
9.52200000000001,8265,8173,8182,
9.532,8268,8173,8180,
9.541,8265,8173,8182,
9.551,8268,8173,8180,
9.562,8271,8173,8180,
9.573,8271,8173,8182,
9.58300000000001,8273,8173,8180,
9.594,8283,8173,8180,
9.602,8301,8173,8177,
9.611,8283,8173,8182,
9.621,8263,8173,8182,
9.629,8257,8173,8180,
9.64100000000001,8254,8173,8182,
9.651,8252,8173,8180,
9.663,8249,8173,8180,
9.669,8246,8170,8177,
9.684,8246,8173,8180,
9.692,8246,8170,8177,
9.7,8244,8173,8177,
9.71100000000001,8244,8173,8177,
9.721,8244,8173,8177,
9.732,8244,8173,8177,
9.741,8244,8173,8177,
9.751,8246,8173,8180,
9.761,8246,8173,8180,
9.771,8246,8173,8177,
9.783,8246,8173,8177,
9.789,8249,8173,8177,
9.799,8260,8173,8174,
9.809,8254,8173,8177,
9.82,8241,8173,8180,
9.832,8241,8173,8177,
9.844,8238,8173,8177,
9.85,8238,8173,8177,
9.863,8235,8173,8177,
9.869,8233,8173,8180,
9.883,8230,8173,8177,
9.893,8227,8173,8177,
9.899,8225,8173,8177,
9.911,8219,8173,8177,
9.92,8217,8173,8177,
9.932,8211,8173,8174,
9.941,8208,8173,8174,
9.953,8208,8173,8174,
9.96,8206,8170,8174,
9.972,8206,8170,8174,
9.986,8206,8173,8177,
9.992,8206,8173,8177,
10.003,8211,8173,8174,
10.012,8208,8173,8174,
10.021,8203,8173,8177,
10.032,8203,8173,8174,
10.041,8206,8173,8174,
10.052,8208,8173,8174,
10.063,8211,8173,8177,
10.073,8217,8170,8174,
10.081,8217,8173,8177,
10.092,8217,8173,8177,
10.103,8211,8173,8177,
10.113,8206,8173,8177,
10.123,8198,8173,8177,
10.132,8192,8173,8177,
10.142,8182,8173,8177,
10.153,8171,8173,8174,
10.164,8168,8173,8174,
10.171,8150,8178,8174,
10.181,8128,8175,8177,
10.192,8103,8175,8177,
10.202,8080,8175,8174,
10.211,8083,8178,8174,
10.22,8072,8178,8177,
10.232,8064,8181,8174,
10.242,8050,8181,8174,
10.251,8042,8181,8172,
10.259,8031,8181,8172,
10.27,8020,8183,8174,
10.279,8012,8183,8174,
10.292,8000,8183,8174,
10.302,7988,8188,8174,
10.312,7978,8191,8177,
10.32,7964,8193,8177,
10.33,7959,8201,8177,
10.339,7945,8199,8177,
10.352,7937,8196,8177,
10.361,7926,8196,8177,
10.37,7923,8196,8174,
10.381,7921,8186,8177,
10.389,7884,8186,8177,
10.401,7840,8193,8177,
10.409,7901,8206,8180,
10.423,7886,8204,8177,
10.429,7898,8201,8174,
10.441,7904,8201,8177,
10.451,7895,8199,8177,
10.462,7895,8204,8177,
10.47,7898,8199,8177,
10.481,7904,8206,8174,
10.489,7886,8209,8174,
10.499,7884,8199,8177,
10.511,7904,8204,8172,
10.52,7884,8206,8180,
10.529,7884,8209,8174,
10.539,7884,8209,8177,
10.551,7878,8201,8174,
10.56,7884,8206,8177,
10.57,7873,8204,8174,
10.581,7884,8199,8174,
10.59,7843,8204,8180,
10.599,7784,8196,8180,
10.612,7851,8209,8172,
10.62,7846,8209,8172,
10.628,7835,8217,8174,
10.639,7854,8209,8172,
10.651,7829,8209,8174,
10.659,7815,8206,8169,
10.67,7807,8222,8172,
10.682,7812,8219,8169,
10.689,7791,8212,8172,
10.7,7781,8224,8172,
10.709,7762,8224,8169,
10.722,7776,8227,8172,
10.731,7762,8217,8174,
10.739,7726,8227,8174,
10.75,7768,8227,8172,
10.761,7729,8230,8180,
10.77,7718,8227,8172,
10.78,7705,8237,8174,
10.79,7613,8209,8177,
10.801,7566,8204,8172,
10.811,7592,8224,8174,
10.819,7649,8237,8174,
10.83,7641,8242,8169,
10.842,7644,8242,8177,
10.849,7632,8245,8177,
10.86,7627,8242,8172,
10.869,7613,8250,8177,
10.882,7639,8245,8172,
10.89,7632,8257,8177,
10.898,7641,8245,8172,
10.909,7605,8250,8177,
10.92,7621,8263,8172,
10.931,7605,8257,8172,
10.939,7597,8252,8169,
10.948,7594,8232,8172,
10.959,7619,8250,8163,
10.97,7605,8245,8174,
10.979,7613,8245,8174,
10.989,7544,8224,8177,
11,7449,8214,8177,
11.01,7470,8224,8172,
11.02,7581,8252,8169,
11.03,7578,8265,8172,
11.039,7594,8252,8180,
11.051,7569,8255,8174,
11.06,7605,8245,8182,
11.07,7578,8255,8163,
11.082,7602,8255,8180,
11.089,7613,8242,8172,
11.098,7581,8268,8180,
11.107,7574,8265,8172,
11.119,7538,8265,8177,
11.128,7550,8260,8172,
11.14,7547,8263,8174,
11.149,7538,8247,8174,
11.158,7561,8247,8177,
11.169,7547,8252,8177,
11.179,7541,8263,8169,
11.192,7476,8237,8172,
11.201,7398,8239,8174,
11.211,7376,8227,8177,
11.221,7492,8268,8182,
11.231,7484,8270,8167,
11.238,7511,8239,8172,
11.248,7541,8270,8172,
11.259,7544,8250,8180,
11.271,7522,8263,8177,
11.279,7569,8273,8169,
11.288,7516,8273,8174,
11.301,7519,8281,8174,
11.308,7527,8260,8180,
11.318,7514,8252,8177,
11.329,7541,8263,8180,
11.338,7535,8257,8163,
11.349,7547,8281,8172,
11.36,7538,8286,8177,
11.369,7583,8255,8167,
11.378,7569,8270,8172,
11.389,7514,8250,8169,
11.399,7414,8214,8185,
11.41,7425,8224,8174,
11.417,7525,8270,8172,
11.427,7527,8263,8172,
11.44,7547,8276,8174,
11.448,7563,8250,8177,
11.459,7561,8283,8172,
11.469,7572,8257,8174,
11.48,7589,8250,8174,
11.489,7594,8257,8169,
11.498,7589,8265,8172,
11.514,7624,8273,8163,
11.518,7605,8252,8177,
11.53,7621,8250,8177,
11.539,7666,8250,8169,
11.549,7649,8247,8177,
11.559,7644,8255,8174,
11.569,7639,8230,8177,
11.577,7647,8260,8163,
11.588,7608,8212,8169,
11.599,7487,8209,8169,
11.61,7522,8222,8177,
11.621,7600,8260,8169,
11.627,7621,8247,8174,
11.639,7600,8242,8177,
11.649,7627,8245,8180,
11.659,7605,8245,8169,
11.668,7624,8263,8174,
11.68,7621,8257,8180,
11.689,7611,8252,8167,
11.701,7616,8255,8172,
11.708,7621,8276,8174,
11.719,7608,8247,8174,
11.727,7597,8232,8169,
11.74,7613,8230,8172,
11.747,7594,8255,8169,
11.759,7605,8250,8167,
11.77,7583,8263,8180,
11.778,7611,8257,8174,
11.786,7566,8222,8174,
11.798,7447,8219,8177,
11.809,7447,8232,8167,
11.82,7541,8273,8174,
11.831,7581,8276,8180,
11.836,7566,8252,8174,
11.848,7583,8281,8172,
11.857,7592,8239,8174,
11.871,7602,8250,8174,
11.876,7574,8252,8172,
11.889,7602,8245,8169,
11.899,7581,8265,8167,
11.908,7581,8247,8180,
11.918,7572,8283,8167,
11.926,7555,8247,8182,
11.939,7578,8304,8172,
11.949,7581,8263,8185,
11.957,7563,8252,8177,
11.968,7561,8242,8180,
11.977,7525,8260,8180,
11.989,7481,8242,8185,
12.001,7382,8232,8161,
12.007,7376,8224,8177,
12.018,7459,8268,8169,
12.028,7481,8270,8169,
12.039,7495,8270,8169,
12.048,7541,8288,8167,
12.058,7555,8281,8182,
12.069,7553,8255,8174,
12.079,7522,8268,8161,
12.087,7533,8242,8172,
12.099,7508,8250,8167,
12.107,7530,8278,8177,
12.119,7535,8278,8174,
12.127,7544,8270,8177,
12.137,7538,8255,8177,
12.149,7572,8265,8174,
12.158,7555,8252,8174,
12.168,7563,8255,8177,
12.178,7535,8250,8177,
12.19,7436,8237,8174,
12.197,7395,8224,8182,
12.21,7398,8230,8167,
12.218,7492,8260,8169,
12.226,7503,8255,8182,
12.239,7547,8257,8174,
12.247,7538,8263,8172,
12.256,7550,8278,8174,
12.267,7533,8263,8163,
12.277,7550,8257,8169,
12.289,7581,8252,8174,
12.297,7547,8247,8177,
12.306,7525,8273,8172,
12.319,7572,8301,8180,
12.327,7544,8270,8169,
12.338,7561,8281,8169,
12.347,7574,8263,8172,
12.359,7544,8260,8172,
12.366,7547,8265,8172,
12.378,7553,8255,8174,
12.387,7503,8227,8177,
12.399,7412,8237,8169,
12.409,7441,8230,8177,
12.419,7553,8242,8174,
12.427,7550,8257,8172,
12.44,7535,8270,8172,
12.447,7530,8276,8169,
12.458,7530,8286,8174,
12.466,7547,8276,8180,
12.477,7533,8260,8177,
12.489,7519,8239,8161,
12.496,7527,8270,8172,
12.509,7530,8281,8161,
12.519,7555,8283,8169,
12.529,7530,8268,8182,
12.539,7541,8263,8167,
12.546,7589,8265,8172,
12.557,7561,8286,8169,
12.568,7569,8245,8174,
12.577,7594,8260,8172,
12.587,7535,8237,8169,
12.598,7449,8217,8182,
12.606,7479,8232,8177,
12.618,7578,8265,8169,
12.627,7597,8278,8169,
12.638,7624,8255,8174,
12.647,7578,8276,8174,
12.656,7594,8265,8182,
12.669,7589,8260,8169,
12.68,7613,8257,8172,
12.69,7600,8255,8177,
12.699,7608,8242,8177,
12.709,7621,8257,8174,
12.718,7600,8239,8172,
12.726,7619,8252,8174,
12.736,7586,8252,8174,
12.745,7619,8265,8180,
12.759,7605,8263,8182,
12.765,7608,8252,8172,
12.776,7611,8247,8177,
12.788,7550,8232,8174,
12.798,7500,8217,8185,
12.809,7522,8217,8163,
12.815,7621,8263,8177,
12.826,7621,8247,8177,
12.836,7639,8242,8174,
12.847,7644,8250,8169,
12.857,7660,8250,8169,
12.868,7660,8237,8177,
12.877,7674,8245,8172,
12.889,7694,8237,8172,
12.895,7688,8237,8167,
12.907,7668,8250,8177,
12.918,7696,8224,8177,
12.927,7676,8242,8172,
12.937,7705,8242,8174,
12.947,7691,8239,8177,
12.958,7735,8222,8174,
12.967,7743,8227,8169,
12.977,7733,8237,8169,
12.987,7694,8224,8167,
12.997,7641,8206,8174,
13.008,7707,8219,8172,
13.018,7743,8214,8169,
13.026,7752,8219,8172,
13.037,7765,8237,8177,
13.049,7765,8227,8172,
13.058,7771,8222,8172,
13.068,7762,8227,8177,
13.076,7793,8209,8177,
13.087,7818,8222,8172,
13.099,7815,8219,8174,
13.109,7832,8222,8172,
13.118,7820,8214,8174,
13.126,7804,8222,8174,
13.139,7809,8217,8174,
13.146,7829,8212,8174,
13.157,7838,8217,8169,
13.168,7827,8214,8172,
13.177,7843,8224,8174,
13.19,7804,8209,8180,
13.195,7754,8196,8174,
13.208,7791,8206,8161,
13.217,7835,8217,8174,
13.228,7840,8212,8177,
13.236,7843,8230,8172,
13.247,7840,8217,8172,
13.257,7854,8214,8172,
13.267,7857,8212,8174,
13.275,7875,8214,8174,
13.284,7875,8204,8174,
13.295,7881,8214,8172,
13.309,7901,8204,8172,
13.315,7906,8199,8172,
13.326,7929,8201,8174,
13.338,7942,8196,8174,
13.346,7967,8196,8174,
13.357,7998,8183,8174,
13.366,8009,8191,8174,
13.375,8034,8186,8174,
13.387,8034,8178,8174,
13.397,8047,8178,8172,
13.406,8101,8181,8174,
13.417,8120,8178,8172,
13.426,8150,8175,8172,
13.435,8171,8173,8174,
13.448,8185,8170,8174,
13.458,8192,8170,8174,
13.464,8195,8173,8174,
13.475,8211,8159,8161,
13.487,8211,8173,8177,
13.496,8206,8173,8174,
13.505,8200,8173,8174,
13.517,8195,8173,8174,
13.527,8185,8173,8174,
13.537,8182,8173,8174,
13.546,8179,8173,8174,
13.557,8179,8173,8174,
13.565,8177,8170,8174,
13.573,8179,8173,8174,
13.586,8182,8173,8177,
13.594,8179,8173,8174,
13.608,8179,8173,8177,
13.616,8182,8173,8174,
13.626,8177,8173,8177,
13.637,8177,8173,8177,
13.647,8177,8173,8177,
13.655,8174,8173,8177,
13.666,8177,8173,8177,
13.677,8177,8173,8177,
13.688,8177,8173,8172,
13.696,8177,8173,8174,
13.706,8177,8173,8174,
13.716,8177,8173,8174,
13.726,8177,8173,8174,
13.735,8177,8173,8174,
13.749,8177,8173,8174,
13.754,8177,8173,8172,
13.768,8177,8173,8174,
13.774,8177,8170,8174,
13.786,8179,8173,8174,
13.795,8177,8170,8174,
13.807,8177,8173,8174,
13.816,8177,8173,8174,
13.827,8177,8173,8174,
13.835,8179,8173,8174,
13.845,8179,8173,8174,
13.857,8179,8173,8174,
13.868,8179,8173,8174,
13.874,8179,8173,8174,
13.885,8179,8173,8174,
13.896,8179,8173,8174,
13.907,8179,8173,8174,
13.916,8179,8173,8174,
13.925,8179,8173,8174,
13.937,8179,8173,8174,
13.946,8179,8173,8174,
13.955,8179,8173,8174,
13.966,8179,8173,8174,
13.976,8179,8173,8174,
13.987,8179,8170,8174,
13.997,8179,8170,8174,
14.004,8179,8173,8174,
14.016,8177,8173,8174,
14.026,8177,8173,8172,
14.037,8179,8173,8174,
14.046,8177,8173,8174,
14.053,8177,8170,8174,
14.065,8177,8173,8174,
14.074,8177,8173,8174,
14.087,8177,8173,8174,
14.096,8177,8173,8174,
14.104,8177,8173,8174,
14.117,8177,8173,8174,
14.128,8177,8173,8174,
14.134,8177,8173,8172,
14.145,8179,8173,8174,
14.155,8179,8173,8174,
14.164,8179,8173,8174,
14.173,8179,8173,8174,
14.186,8179,8173,8174,
14.195,8179,8170,8174,
14.204,8179,8173,8174,
14.216,8182,8170,8174,
14.224,8179,8173,8174,
14.235,8179,8173,8174,
14.246,8182,8173,8172,
14.255,8179,8173,8174,
14.267,8179,8173,8174,
14.276,8182,8173,8174,
14.287,8182,8173,8174,
14.294,8182,8173,8172,
14.305,8182,8173,8177,
14.314,8182,8173,8174,
14.323,8182,8170,8177,
14.335,8182,8173,8177,
14.344,8182,8173,8177,
14.354,8182,8173,8177,
14.363,8182,8173,8177,
14.375,8182,8175,8177,
14.386,8185,8173,8177,
14.397,8185,8173,8174,
14.406,8188,8170,8174,
14.416,8182,8173,8172,
14.427,8179,8173,8174,
14.433,8182,8173,8174,
14.447,8182,8173,8174,
14.454,8182,8173,8174,
14.466,8182,8173,8174,
14.476,8182,8173,8174,
14.485,8182,8173,8174,
14.495,8182,8173,8174,
14.508,8182,8173,8177,
14.514,8179,8173,8177,
14.525,8179,8173,8177,
14.535,8179,8173,8177,
14.544,8179,8173,8174,
14.555,8179,8173,8174,
14.563,8179,8173,8177,
14.574,8179,8173,8177,
14.586,8179,8173,8174,
14.596,8177,8170,8177,
14.605,8177,8173,8174,
14.616,8177,8170,8174,
14.625,8182,8173,8174,
14.633,8179,8173,8174,
14.645,8179,8173,8174,
14.656,8179,8173,8174,
14.665,8179,8173,8174,
14.675,8179,8173,8174,
14.683,8179,8173,8174,
14.695,8177,8173,8174,
14.706,8179,8173,8174,
14.716,8177,8173,8174,
14.724,8179,8173,8174,
14.734,8179,8173,8174,
14.743,8179,8173,8174,
14.757,8179,8173,8174,
14.763,8179,8173,8174,
14.773,8177,8173,8174,
14.785,8177,8173,8174,
14.794,8174,8173,8177,
14.806,8177,8173,8174,
14.814,8179,8173,8174,
14.825,8177,8173,8174,
14.836,8177,8173,8174,
14.846,8177,8173,8174,
14.855,8174,8173,8172,
14.866,8177,8173,8174,
14.874,8177,8173,8174,
14.884,8177,8173,8174,
14.895,8177,8173,8174,
14.907,8177,8173,8174,
14.913,8177,8173,8174,
14.924,8177,8173,8177,
14.934,8174,8173,8174,
14.943,8174,8173,8174,
14.954,8168,8173,8177,
14.965,8160,8173,8174,
14.974,8158,8173,8174,
14.983,8160,8173,8177,
14.994,8168,8170,8177,
15.005,8182,8173,8177,
15.016,8174,8173,8172,
15.024,8163,8175,8174,
15.035,8141,8173,8174,
15.044,8120,8175,8172,
15.055,8103,8178,8172,
15.065,8092,8178,8172,
15.074,8080,8178,8172,
15.084,8066,8178,8174,
15.092,8055,8181,8174,
15.103,8047,8183,8174,
15.114,8045,8183,8174,
15.125,8039,8183,8174,
15.137,8034,8186,8174,
15.145,8031,8183,8174,
15.156,8026,8186,8174,
15.165,8020,8183,8174,
15.174,8020,8186,8174,
15.184,7988,8183,8177,
15.193,7953,8183,8174,
15.203,7988,8191,8177,
15.214,7986,8186,8174,
15.223,7988,8191,8174,
15.234,7998,8186,8177,
15.244,7998,8191,8174,
15.254,8000,8188,8174,
15.266,7998,8188,8177,
15.273,8009,8186,8174,
15.284,8012,8188,8177,
15.295,8023,8186,8177,
15.305,8018,8188,8174,
15.315,8020,8181,8177,
15.323,8026,8188,8177,
15.331,8026,8188,8177,
15.346,8018,8188,8177,
15.356,8026,8188,8177,
15.364,8020,8183,8174,
15.374,8026,8181,8174,
15.383,8007,8183,8177,
15.395,7967,8175,8177,
15.404,8009,8188,8180,
15.415,8009,8191,8177,
15.424,8015,8181,8177,
15.434,8026,8183,8174,
15.445,8037,8178,8174,
15.452,8034,8186,8174,
15.463,8045,8183,8174,
15.471,8055,8181,8174,
15.484,8061,8181,8172,
15.494,8061,8181,8174,
15.505,8072,8178,8174,
15.514,8074,8181,8174,
15.524,8077,8178,8174,
15.534,8085,8178,8174,
15.542,8088,8178,8174,
15.555,8101,8178,8174,
15.562,8109,8175,8174,
15.573,8117,8175,8174,
15.583,8128,8175,8174,
15.591,8125,8168,8169,
15.604,8150,8175,8174,
15.615,8152,8173,8172,
15.623,8160,8175,8174,
15.631,8168,8173,8174,
15.644,8179,8173,8174,
15.654,8192,8170,8174,
15.662,8200,8170,8174,
15.674,8238,8173,8200,
15.684,8211,8173,8172,
15.694,8203,8173,8174,
15.704,8188,8173,8172,
15.715,8179,8173,8174,
15.722,8182,8175,8174,
15.732,8182,8173,8177,
15.744,8182,8173,8177,
15.753,8182,8173,8177,
15.763,8179,8173,8177,
15.771,8179,8173,8177,
15.785,8179,8173,8177,
15.791,8177,8173,8177,
15.803,8179,8173,8177,
15.814,8179,8175,8180,
15.824,8179,8173,8174,
15.833,8179,8173,8177,
15.844,8179,8173,8174,
15.853,8179,8173,8177,
15.863,8179,8173,8177,
15.872,8179,8173,8177,
15.883,8179,8173,8177,
15.892,8179,8173,8177,
15.905,8179,8173,8177,
15.913,8179,8173,8177,
15.925,8179,8173,8174,
15.933,8182,8173,8174,
15.941,8179,8173,8177,
15.952,8179,8173,8177,
15.96,8174,8173,8174,
15.974,8177,8173,8177,
15.982,8177,8173,8177,
15.998,8174,8173,8177,
16.001,8177,8173,8180,
16.012,8179,8173,8174,
16.024,8182,8173,8172,
16.032,8179,8173,8174,
16.042,8179,8173,8174,
16.054,8179,8173,8174,
16.062,8179,8173,8174,
16.074,8179,8173,8174,
16.084,8182,8170,8172,
16.09,8179,8173,8174,
16.105,8182,8173,8174,
16.112,8179,8173,8174,
16.124,8179,8173,8174,
16.13,8179,8173,8174,
16.144,8179,8173,8174,
16.152,8179,8173,8174,
16.161,8179,8173,8174,
16.173,8179,8173,8172,
16.184,8179,8173,8172,
16.193,8177,8173,8174,
16.204,8179,8173,8172,
16.214,8179,8173,8174,
16.223,8179,8173,8174,
16.232,8179,8173,8174,
16.242,8179,8173,8174,
16.253,8179,8173,8177,
16.263,8179,8173,8177,
16.273,8177,8173,8177,
16.283,8177,8173,8174,
16.295,8179,8170,8177,
16.303,8177,8173,8177,
16.312,8177,8173,8177,
16.322,8179,8173,8177,
16.333,8179,8173,8177,
16.344,8177,8173,8177,
16.353,8177,8173,8174,
16.363,8177,8173,8172,
16.373,8179,8173,8172,
16.381,8179,8173,8174,
16.392,8179,8173,8174,
16.403,8179,8173,8177,
16.413,8179,8173,8174,
16.422,8179,8173,8169,
16.433,8179,8173,8174,
16.442,8179,8173,8174,
16.45,8179,8173,8177,
16.462,8177,8170,8177,
16.472,8177,8173,8177,
16.482,8179,8173,8177,
16.49,8177,8173,8177,
16.503,8179,8170,8177,
16.512,8179,8173,8177,
16.522,8177,8173,8177,
16.531,8179,8173,8177,
16.542,8177,8173,8177,
16.553,8179,8173,8174,
16.563,8179,8173,8174,
16.573,8179,8173,8174,
16.582,8179,8173,8174,
16.593,8177,8173,8174,
16.602,8177,8173,8172,
16.611,8182,8170,8174,
16.622,8182,8170,8172,
16.632,8179,8173,8174,
16.643,8179,8173,8174,
16.653,8179,8173,8172,
16.662,8179,8173,8174,
16.671,8179,8170,8174,
16.683,8179,8173,8174,
16.69,8177,8173,8174,
16.7,8177,8173,8172,
16.711,8179,8173,8174,
16.723,8179,8173,8174,
16.731,8179,8173,8172,
16.742,8179,8173,8174,
16.75,8177,8173,8174,
16.761,8177,8173,8177,
16.769,8177,8173,8177,
16.783,8177,8173,8177,
16.792,8177,8170,8174,
16.803,8177,8173,8177,
16.814,8174,8173,8177,
16.823,8174,8173,8174,
16.83,8177,8173,8177,
16.84,8177,8173,8177,
16.852,8177,8173,8177,
16.863,8177,8173,8174,
16.873,8177,8173,8174,
16.884,8177,8173,8174,
16.894,8177,8173,8174,
16.9,8177,8173,8174,
16.911,8177,8173,8172,
16.921,8179,8170,8174,
16.934,8177,8173,8174,
16.941,8177,8173,8172,
16.951,8177,8173,8174,
16.961,8179,8173,8174,
16.973,8182,8173,8174,
16.981,8179,8173,8174,
16.991,8177,8173,8174,
17.003,8182,8173,8177,
17.013,8177,8173,8174,
17.021,8179,8173,8172,
17.033,8179,8173,8174,
17.042,8179,8173,8174,
17.052,8179,8173,8174,
17.061,8179,8173,8174,
17.072,8177,8173,8172,
17.081,8177,8173,8174,
17.09,8177,8173,8172,
17.103,8177,8173,8174,
17.113,8177,8173,8174,
17.121,8177,8173,8174,
17.132,8177,8170,8174,
17.142,8177,8173,8174,
17.151,8177,8173,8172,
17.161,8177,8173,8172,
17.17,8177,8173,8174,
17.183,8177,8173,8174,
17.193,8177,8173,8174,
17.199,8177,8175,8172,
17.213,8171,8175,8169,
17.223,8171,8175,8174,
17.232,8177,8175,8172,
17.24,8177,8175,8174,
17.252,8177,8175,8174,
17.262,8177,8175,8172,
17.272,8177,8175,8177,
17.282,8177,8175,8177,
17.29,8177,8173,8174,
17.301,8179,8173,8174,
17.31,8179,8173,8177,
17.325,8179,8173,8177,
17.331,8179,8173,8177,
17.341,8177,8173,8177,
17.353,8179,8173,8177,
17.362,8179,8173,8177,
17.371,8179,8173,8174,
17.379,8177,8173,8174,
17.392,8177,8173,8172,
17.401,8177,8173,8174,
17.409,8177,8173,8174,
17.42,8177,8173,8172,
17.431,8174,8173,8174,
17.441,8177,8173,8174,
17.45,8177,8173,8172,
17.46,8177,8173,8174,
17.47,8177,8173,8174,
17.48,8177,8173,8177,
17.492,8174,8173,8177,
17.501,8174,8173,8177,
17.51,8174,8173,8177,
17.522,8177,8173,8174,
17.531,8174,8173,8177,
17.54,8177,8173,8174,
17.553,8177,8170,8177,
17.559,8177,8173,8174,
17.571,8177,8173,8177,
17.582,8177,8173,8174,
17.591,8179,8173,8172,
17.6,8179,8173,8174,
17.611,8177,8173,8169,
17.622,8177,8173,8172,
17.629,8179,8173,8174,
17.645,8179,8173,8172,
17.649,8179,8173,8174,
17.661,8179,8173,8172,
17.672,8179,8173,8174,
17.681,8179,8173,8174,
17.691,8179,8173,8174,
17.7,8177,8173,8177,
17.711,8177,8173,8177,
17.719,8179,8173,8177,
17.728,8179,8175,8177,
17.743,8177,8173,8177,
17.751,8179,8173,8177,
17.76,8179,8173,8177,
17.77,8179,8173,8177,
17.781,8179,8173,8174,
17.792,8179,8175,8174,
17.8,8179,8173,8172,
17.811,8177,8173,8174,
17.821,8177,8173,8172,
17.83,8179,8173,8172,
17.841,8179,8173,8174,
17.851,8179,8170,8174,
17.861,8177,8173,8174,
17.87,8179,8173,8174,
17.881,8179,8173,8174,
17.889,8179,8173,8174,
17.9,8177,8173,8172,
17.908,8179,8173,8174,
17.921,8179,8173,8172,
17.93,8179,8173,8174,
17.941,8177,8173,8174,
17.95,8179,8173,8174,
17.96,8179,8173,8174,
17.968,8179,8170,8174,
17.979,8179,8173,8174,
17.99,8177,8173,8174,
18.003,8177,8175,8174,
18.01,8177,8173,8174,
18.019,8177,8173,8172,
18.031,8174,8173,8172,
18.04,8174,8173,8174,
18.047,8177,8173,8174,
18.06,8174,8173,8174,
18.07,8177,8173,8174,
18.08,8174,8173,8174,
18.09,8174,8173,8174,
18.1,8177,8173,8174,
18.111,8174,8173,8172,
18.12,8174,8173,8174,
18.129,8171,8173,8174,
18.139,8168,8173,8174,
18.149,8174,8173,8174,
18.161,8177,8173,8174,
18.171,8179,8173,8174,
18.179,8179,8170,8174,
18.19,8179,8173,8169,
18.2,8182,8173,8172,
18.208,8179,8175,8174,
18.221,8182,8173,8169,
18.231,8179,8173,8169,
18.24,8182,8173,8169,
18.251,8182,8173,8172,
18.261,8179,8173,8172,
18.27,8179,8173,8172,
18.281,8179,8173,8172,
18.29,8179,8173,8172,
18.301,8179,8173,8174,
18.309,8177,8173,8177,
18.318,8177,8173,8174,
18.33,8177,8173,8174,
18.341,8177,8173,8174,
18.348,8177,8173,8177,
18.359,8179,8173,8174,
18.371,8179,8173,8177,
18.379,8177,8173,8177,
18.391,8179,8170,8174,
18.399,8177,8173,8174,
18.41,8177,8173,8174,
18.419,8179,8173,8174,
18.43,8179,8173,8174,
18.439,8179,8173,8174,
18.45,8179,8173,8174,
18.458,8179,8173,8174,
18.469,8179,8173,8174,
18.478,8177,8173,8174,
18.489,8177,8173,8174,
18.498,8177,8173,8177,
18.51,8177,8170,8177,
18.519,8179,8173,8177,
18.53,8177,8173,8177,
18.539,8177,8173,8177,
18.55,8177,8173,8177,
18.56,8177,8173,8177,
18.57,8177,8173,8177,
18.579,8177,8173,8177,
18.589,8177,8173,8177,
18.599,8177,8173,8177,
18.609,8179,8173,8177,
18.617,8177,8173,8177,
18.629,8177,8175,8177,
18.64,8177,8173,8177,
18.646,8177,8173,8177,
18.66,8179,8173,8177,
18.668,8179,8173,8177,
18.681,8177,8173,8177,
18.689,8177,8173,8177,
18.698,8177,8173,8177,
18.708,8177,8173,8172,
18.719,8177,8173,8174,
18.728,8177,8173,8174,
18.74,8179,8173,8174,
18.75,8179,8173,8174,
18.758,8179,8173,8174,
18.768,8179,8173,8174,
18.778,8179,8173,8174,
18.789,8174,8173,8174,
18.799,8177,8173,8174,
18.809,8174,8173,8177,
18.818,8174,8173,8174,
18.829,8174,8173,8174,
18.839,8177,8173,8172,
18.851,8174,8173,8172,
18.858,8174,8173,8172,
18.869,8174,8173,8174,
18.878,8171,8173,8174,
18.889,8168,8173,8174,
18.9,8174,8173,8174,
18.906,8174,8173,8174,
18.919,8174,8173,8174,
18.928,8174,8173,8174,
18.94,8177,8173,8172,
18.948,8174,8173,8174,
18.961,8177,8173,8172,
18.968,8179,8173,8174,
18.979,8177,8173,8174,
18.989,8177,8173,8174,
18.999,8177,8173,8174,
19.009,8179,8173,8174,
19.017,8179,8170,8174,
19.03,8177,8173,8174,
19.04,8177,8173,8174,
19.051,8177,8173,8174,
19.057,8177,8170,8174,
19.07,8177,8173,8174,
19.079,8177,8173,8174,
19.089,8177,8170,8174,
19.098,8177,8173,8172,
19.109,8177,8173,8174,
19.116,8177,8173,8172,
19.127,8177,8173,8174,
19.138,8177,8173,8174,
19.148,8177,8173,8172,
19.158,8179,8173,8172,
19.17,8179,8173,8174,
19.179,8179,8173,8174,
19.191,8177,8170,8172,
19.198,8177,8173,8174,
19.21,8177,8173,8174,
19.218,8177,8173,8172,
19.228,8177,8173,8172,
19.239,8179,8173,8172,
19.248,8179,8173,8174,
19.258,8179,8173,8174,
19.269,8179,8173,8172,
19.278,8179,8173,8174,
19.287,8179,8173,8174,
19.301,8177,8173,8172,
19.308,8177,8173,8172,
19.319,8179,8173,8177,
19.329,8179,8173,8177,
19.338,8179,8173,8174,
19.349,8177,8173,8177,
19.358,8179,8173,8174,
19.368,8179,8173,8177,
19.379,8177,8173,8177,
19.387,8177,8173,8180,
19.397,8177,8173,8177,
19.409,8174,8173,8177,
19.417,8174,8173,8177,
19.429,8177,8173,8177,
19.439,8174,8173,8177,
19.448,8177,8173,8174,
19.457,8177,8173,8177,
19.468,8177,8173,8177,
19.479,8177,8173,8177,
19.488,8177,8173,8174,
19.497,8179,8173,8177,
19.508,8179,8173,8177,
19.52,8179,8173,8177,
19.527,8177,8173,8174,
19.539,8179,8173,8174,
19.549,8179,8173,8174,
19.557,8179,8173,8174,
19.568,8179,8173,8172,
19.578,8179,8173,8174,
19.587,8179,8173,8172,
19.597,8179,8173,8172,
19.608,8177,8175,8174,
19.618,8177,8173,8172,
19.627,8179,8173,8172,
19.638,8179,8173,8172,
19.646,8179,8173,8174,
19.657,8179,8173,8172,
19.669,8179,8173,8172,
19.675,8179,8173,8174,
19.685,8179,8173,8174,
19.699,8179,8173,8174,
19.71,8179,8173,8174,
19.719,8179,8173,8174,
19.727,8177,8173,8172,
19.737,8179,8173,8172,
19.748,8179,8173,8172,
19.758,8179,8173,8174,
19.769,8179,8173,8174,
19.778,8179,8173,8174,
19.787,8177,8173,8174,
19.797,8177,8173,8174,
19.806,8174,8173,8174,
19.817,8177,8173,8172,
19.826,8177,8173,8174,
19.838,8177,8173,8177,
19.846,8174,8173,8177,
19.857,8177,8170,8177,
19.867,8177,8173,8177,
19.878,8174,8173,8177,
19.888,8179,8173,8177,
19.898,8179,8173,8177,
19.908,8177,8173,8177,
19.918,8179,8173,8177,
19.927,8179,8173,8177,
19.939,8177,8173,8174,
19.95,8179,8173,8174,
19.959,8179,8173,8172,
19.966,8179,8173,8174,
19.976,8179,8173,8174,
19.989,8179,8173,8174,
19.997,8177,8173,8174,
20.009,8177,8173,8174,
20.018,8177,8173,8174,
20.027,8177,8173,8174,
20.035,8177,8173,8174,
20.049,8177,8173,8174,
20.057,8174,8173,8174,
20.068,8174,8170,8174,
20.077,8177,8173,8174,
20.09,8177,8173,8174,
20.097,8179,8173,8174,
20.108,8179,8173,8172,
20.117,8179,8173,8174,
20.127,8179,8173,8174,
20.139,8177,8173,8174,
20.146,8179,8173,8174,
20.158,8179,8173,8174,
20.167,8179,8173,8174,
20.175,8179,8173,8174,
20.186,8177,8178,8172,
20.196,8179,8173,8177,
20.207,8177,8173,8174,
20.217,8179,8173,8174,
20.225,8179,8173,8174,
20.237,8177,8173,8172,
20.248,8179,8173,8174,
20.257,8177,8170,8174,
20.268,8177,8173,8174,
20.277,8177,8173,8172,
20.287,8179,8173,8174,
20.297,8179,8173,8174,
20.308,8179,8173,8174,
20.317,8179,8173,8174,
20.326,8179,8173,8174,
20.338,8179,8173,8174,
20.348,8177,8173,8172,
20.356,8179,8173,8172,
20.365,8179,8173,8174,
20.377,8179,8173,8174,
20.386,8179,8173,8172,
20.397,8179,8175,8177,
20.406,8177,8173,8174,
20.416,8177,8173,8174,
20.427,8177,8173,8174,
20.436,8177,8173,8174,
20.448,8174,8173,8177,
20.456,8177,8173,8174,
20.469,8177,8173,8177,
20.475,8177,8173,8174,
20.486,8177,8170,8177,
20.496,8177,8173,8177,
20.508,8177,8173,8174,
20.516,8179,8173,8177,
20.525,8177,8173,8174,
20.536,8177,8173,8177,
20.546,8179,8175,8174,
20.558,8177,8175,8174,
20.566,8179,8175,8172,
20.577,8179,8175,8174,
20.585,8179,8175,8174,
20.597,8179,8175,8174,
20.607,8177,8175,8172,
20.615,8177,8175,8172,
20.629,8179,8175,8174,
20.637,8179,8175,8174,
20.647,8179,8173,8174,
20.655,8179,8173,8174,
20.666,8179,8173,8174,
20.677,8179,8173,8172,
20.688,8179,8173,8174,
20.696,8179,8170,8174,
20.706,8179,8173,8174,
20.717,8179,8173,8174,
20.727,8179,8170,8172,
20.736,8177,8173,8172,
20.746,8179,8173,8174,
20.756,8179,8173,8174,
20.767,8179,8173,8174,
20.777,8177,8173,8174,
20.785,8177,8173,8174,
20.796,8174,8173,8172,
20.806,8177,8173,8174,
20.817,8177,8173,8174,
20.827,8177,8173,8174,
20.836,8177,8170,8174,
20.847,8174,8173,8174,
20.856,8174,8173,8177,
20.866,8174,8173,8177,
20.877,8174,8170,8174,
20.885,8177,8173,8177,
20.897,8177,8170,8177,
20.905,8177,8170,8177,
20.916,8179,8173,8174,
20.926,8179,8173,8177,
20.936,8179,8173,8177,
20.949,8182,8173,8174,
20.957,8179,8173,8177,
20.967,8182,8173,8177,
20.975,8179,8173,8177,
20.987,8179,8170,8177,
20.996,8179,8173,8177,
21.005,8177,8173,8177,
21.016,8177,8173,8177,
21.025,8179,8173,8177,
21.035,8177,8173,8177,
21.047,8179,8173,8177,
21.059,8179,8173,8177,
21.066,8179,8173,8174,
21.074,8177,8173,8174,
21.086,8177,8173,8174,
21.095,8179,8173,8174,
21.107,8177,8173,8174,
21.118,8179,8173,8174,
21.124,8179,8173,8174,
21.137,8179,8173,8174,
21.147,8179,8173,8174,
21.157,8179,8173,8174,
21.167,8179,8173,8174,
21.176,8179,8173,8174,
21.185,8179,8173,8172,
21.196,8177,8173,8174,
21.204,8179,8173,8174,
21.216,8177,8173,8174,
21.224,8177,8170,8174,
21.236,8177,8173,8174,
21.245,8177,8173,8172,
21.255,8177,8173,8172,
21.266,8174,8170,8174,
21.276,8177,8173,8174,
21.286,8177,8173,8174,
21.294,8177,8173,8174,
21.306,8177,8173,8174,
21.318,8179,8173,8174,
21.325,8179,8173,8174,
21.337,8179,8173,8174,
21.345,8179,8173,8174,
21.356,8177,8173,8174,
21.366,8177,8173,8174,
21.375,8177,8173,8174,
21.386,8174,8173,8174,
21.397,8174,8173,8174,
21.407,8174,8170,8172,
21.417,8174,8173,8172,
21.423,8171,8173,8174,
21.435,8174,8173,8172,
21.445,8174,8173,8172,
21.456,8174,8173,8174,
21.466,8177,8173,8174,
21.476,8177,8173,8174,
21.484,8177,8173,8172,
21.495,8177,8170,8174,
21.504,8177,8173,8174,
21.515,8177,8173,8174,
21.526,8179,8173,8174,
21.535,8179,8173,8174,
21.545,8177,8173,8174,
21.553,8177,8173,8174,
21.565,8179,8173,8174,
21.575,8179,8173,8174,
21.585,8177,8173,8174,
21.593,8177,8173,8174,
21.606,8177,8173,8172,
21.615,8177,8173,8174,
21.624,8174,8173,8174,
21.634,8174,8173,8174,
21.647,8174,8170,8172,
21.658,8174,8173,8174,
21.665,8171,8173,8174,
21.673,8174,8173,8174,
21.684,8174,8173,8174,
21.696,8174,8173,8174,
21.706,8174,8173,8174,
21.717,8177,8173,8172,
21.726,8177,8173,8174,
21.734,8179,8173,8174,
21.746,8179,8170,8174,
21.757,8179,8173,8174,
21.765,8179,8173,8174,
21.777,8179,8173,8174,
21.786,8179,8173,8174,
21.795,8179,8173,8174,
21.807,8182,8173,8174,
21.815,8179,8173,8174,
21.824,8179,8173,8174,
21.836,8179,8173,8174,
21.844,8179,8173,8174,
21.854,8179,8173,8174,
21.864,8179,8173,8174,
21.874,8179,8173,8174,
21.883,8179,8173,8172,
21.894,8179,8170,8172,
21.907,8179,8173,8174,
21.913,8179,8173,8174,
21.926,8179,8173,8174,
21.935,8179,8173,8174,
21.944,8179,8173,8174,
21.955,8179,8170,8174,
21.963,8179,8173,8174,
21.974,8179,8173,8174,
21.982,8177,8173,8172,
21.994,8177,8173,8174,
22.004,8179,8173,8172,
22.016,8179,8173,8174,
22.025,8177,8173,8174,
22.035,8179,8173,8174,
22.045,8179,8173,8172,
22.056,8177,8173,8174,
22.065,8177,8173,8174,
22.075,8177,8173,8174,
22.085,8179,8173,8174,
22.095,8179,8173,8174,
22.104,8179,8173,8174,
22.115,8179,8173,8174,
22.124,8179,8173,8174,
22.136,8179,8173,8172,
22.144,8179,8173,8174,
22.154,8179,8173,8174,
22.165,8179,8170,8174,
22.174,8179,8173,8174,
22.184,8179,8173,8177,
22.194,8179,8173,8180,
22.204,8182,8173,8172,
22.215,8182,8173,8174,
22.226,8182,8173,8174,
22.234,8179,8173,8177,
22.242,8182,8173,8174,
22.256,8182,8173,8177,
22.264,8182,8173,8177,
22.273,8182,8173,8177,
22.284,8182,8173,8177,
22.292,8182,8173,8177,
22.304,8182,8173,8177,
22.313,8182,8173,8177,
22.322,8182,8175,8177,
22.334,8182,8175,8177,
22.344,8179,8175,8177,
22.354,8179,8175,8177,
22.365,8179,8175,8177,
22.375,8179,8175,8177,
22.384,8179,8178,8180,
22.394,8177,8175,8177,
22.403,8177,8175,8174,
22.413,8179,8175,8174,
22.426,8179,8173,8174,
22.434,8177,8173,8174,
22.443,8177,8173,8174,
22.456,8177,8173,8174,
22.463,8177,8173,8174,
22.474,8179,8173,8174,
22.484,8177,8173,8174,
22.492,8177,8173,8177,
22.504,8179,8173,8177,
22.512,8179,8170,8177,
22.524,8179,8173,8177,
22.535,8179,8173,8177,
22.544,8179,8173,8177,
22.554,8179,8168,8177,
22.563,8179,8173,8177,
22.575,8177,8173,8177,
22.585,8177,8170,8177,
22.594,8177,8170,8174,
22.602,8174,8175,8174,
22.614,8171,8170,8172,
22.624,8174,8173,8174,
22.632,8174,8173,8177,
22.643,8174,8173,8174,
22.654,8177,8173,8174,
22.662,8177,8173,8174,
22.672,8177,8173,8174,
22.686,8174,8173,8174,
22.692,8177,8173,8174,
22.704,8177,8173,8174,
22.713,8179,8173,8174,
22.725,8179,8173,8174,
22.734,8179,8173,8174,
22.742,8179,8173,8174,
22.755,8179,8173,8174,
22.762,8179,8173,8174,
22.773,8179,8173,8174,
22.783,8182,8173,8174,
22.794,8179,8173,8172,
22.805,8182,8173,8174,
22.813,8182,8173,8174,
22.822,8179,8173,8172,
22.832,8179,8173,8174,
22.845,8179,8173,8174,
22.854,8179,8173,8174,
22.865,8179,8173,8174,
22.872,8177,8173,8174,
22.884,8179,8173,8174,
22.893,8179,8173,8174,
22.904,8179,8173,8174,
22.914,8179,8173,8174,
22.924,8179,8173,8174,
22.934,8179,8173,8174,
22.944,8182,8170,8174,
22.952,8179,8173,8172,
22.962,8182,8173,8174,
22.974,8182,8173,8174,
22.983,8179,8173,8174,
22.995,8179,8173,8174,
23.003,8179,8170,8172,
23.013,8179,8173,8174,
23.023,8177,8173,8174,
23.033,8177,8173,8174,
23.044,8177,8173,8174,
23.054,8179,8173,8174,
23.062,8179,8173,8174,
23.074,8182,8173,8174,
23.082,8179,8173,8174,
23.093,8179,8173,8174,
23.102,8179,8173,8174,
23.113,8182,8173,8174,
23.121,8182,8173,8174,
23.134,8182,8173,8174,
23.144,8182,8173,8172,
23.152,8179,8173,8174,
23.162,8182,8173,8174,
23.174,8182,8173,8172,
23.184,8177,8173,8177,
23.192,8177,8173,8172,
23.203,8174,8173,8172,
23.214,8174,8173,8174,
23.224,8177,8173,8174,
23.232,8174,8173,8172,
23.243,8174,8173,8174,
23.252,8174,8170,8174,
23.263,8174,8173,8174,
23.272,8174,8173,8174,
23.285,8177,8173,8172,
23.292,8177,8173,8174,
23.301,8177,8173,8174,
23.312,8177,8173,8174,
23.324,8177,8173,8174,
23.332,8179,8173,8174,
23.341,8177,8173,8174,
23.352,8179,8173,8174,
23.364,8179,8173,8174,
23.372,8179,8175,8174,
23.383,8177,8175,8172,
23.393,8179,8175,8174,
23.401,8177,8175,8177,
23.413,8177,8175,8174,
23.423,8179,8173,8174,
23.433,8179,8175,8174,
23.444,8179,8175,8174,
23.454,8179,8175,8174,
23.462,8179,8175,8172,
23.473,8179,8175,8174,
23.482,8179,8175,8174,
23.492,8179,8175,8174,
23.502,8179,8173,8174,
23.512,8179,8175,8174,
23.522,8179,8175,8174,
23.533,8182,8175,8174,
23.544,8179,8175,8174,
23.552,8179,8175,8174,
23.564,8179,8175,8174,
23.573,8182,8175,8174,
23.582,8179,8173,8172,
23.592,8177,8173,8174,
23.602,8174,8173,8174,
23.612,8177,8173,8174,
23.624,8177,8173,8174,
23.631,8177,8173,8174,
23.643,8177,8173,8172,
23.651,8177,8173,8174,
23.662,8177,8173,8174,
23.671,8177,8170,8174,
23.682,8177,8173,8174,
23.691,8177,8173,8174,
23.703,8179,8173,8174,
23.712,8179,8173,8174,
23.722,8179,8173,8174,
23.732,8182,8173,8172,
23.743,8182,8173,8174,
23.751,8179,8173,8172,
23.761,8182,8173,8174,
23.774,8179,8173,8172,
23.781,8179,8173,8172,
23.791,8179,8175,8174,
23.804,8182,8175,8174,
23.814,8182,8173,8174,
23.822,8179,8175,8172,
23.833,8179,8175,8174,
23.843,8179,8175,8174,
23.851,8179,8175,8174,
23.861,8177,8175,8174,
23.871,8179,8173,8174,
23.883,8179,8175,8174,
23.891,8179,8175,8174,
23.901,8177,8173,8174,
23.912,8177,8173,8174,
23.922,8179,8173,8174,
23.931,8177,8173,8177,
23.941,8177,8173,8177,
23.953,8177,8173,8177,
23.963,8179,8173,8180,
23.971,8179,8173,8177,
23.979,8177,8173,8177,
23.994,8177,8170,8177,
24,8177,8173,8174,
24.014,8177,8173,8177,
24.02,8177,8173,8177,
24.032,8179,8170,8174,
24.042,8179,8173,8174,
24.052,8179,8170,8174,
24.06,8179,8173,8174,
24.071,8179,8173,8172,
24.081,8179,8173,8172,
24.092,8179,8173,8174,
24.101,8179,8173,8174,
24.112,8179,8173,8174,
24.12,8179,8173,8172,
24.133,8179,8173,8174,
24.141,8179,8170,8174,
24.15,8179,8173,8174,
24.162,8179,8173,8172,
24.173,8177,8173,8174,
24.185,8177,8168,8174,
24.191,8174,8173,8174,
24.201,8171,8173,8174,
24.211,8174,8173,8174,
24.221,8177,8173,8174,
24.232,8177,8173,8174,
24.243,8177,8173,8174,
24.251,8177,8173,8174,
24.261,8177,8173,8174,
24.272,8177,8173,8174,
24.283,8174,8173,8172,
24.291,8174,8173,8174,
24.303,8177,8173,8174,
24.311,8177,8173,8174,
24.319,8177,8173,8174,
24.331,8177,8173,8174,
24.341,8177,8173,8174,
24.351,8177,8173,8174,
24.36,8177,8173,8174,
24.37,8177,8173,8174,
24.383,8179,8175,8172,
24.391,8179,8170,8174,
24.399,8182,8173,8174,
24.412,8182,8173,8177,
24.42,8179,8173,8174,
24.433,8179,8173,8174,
24.44,8179,8173,8177,
24.452,8179,8173,8177,
24.463,8179,8173,8177,
24.472,8179,8170,8177,
24.483,8177,8173,8177,
24.491,8179,8173,8177,
24.502,8179,8173,8177,
24.511,8179,8173,8177,
24.522,8177,8173,8177,
24.53,8179,8173,8174,
24.541,8177,8170,8174,
24.553,8179,8173,8172,
24.562,8177,8173,8174,
24.57,8179,8173,8172,
24.582,8174,8173,8172,
24.591,8179,8173,8174,
24.601,8182,8173,8177,
24.611,8179,8173,8174,
24.621,8179,8170,8174,
24.631,8179,8173,8174,
24.64,8179,8173,8172,
24.651,8179,8173,8177,
24.662,8179,8173,8177,
24.672,8179,8173,8177,
24.681,8179,8170,8174,
24.691,8179,8173,8177,
24.701,8179,8173,8177,
24.71,8179,8173,8177,
24.721,8179,8173,8177,
24.732,8179,8173,8177,
24.74,8177,8173,8177,
24.752,8179,8173,8174,
24.761,8179,8173,8174,
24.77,8179,8173,8174,
24.782,8179,8168,8174,
24.788,8179,8173,8174,
24.798,8174,8175,8172,
24.813,8174,8173,8172,
24.82,8177,8173,8174,
24.831,8177,8173,8174,
24.839,8177,8170,8174,
24.85,8177,8173,8174,
24.86,8177,8173,8174,
24.871,8177,8173,8174,
24.881,8177,8173,8174,
24.892,8177,8173,8174,
24.903,8179,8173,8174,
24.909,8179,8173,8174,
24.92,8179,8173,8174,
24.929,8179,8173,8174,
24.939,8179,8173,8174,
24.95,8177,8173,8172,
24.959,8179,8173,8174,
24.971,8179,8175,8174,
24.983,8179,8173,8172,
24.99,8179,8173,8174,
25,8179,8173,8174,
25.009,8177,8173,8174,
25.022,8177,8173,8174,
25.031,8177,8173,8174,
25.039,8177,8173,8174,
25.049,8177,8173,8174,
25.06,8177,8173,8174,
25.07,8177,8170,8172,
25.082,8177,8173,8174,
25.09,8177,8173,8174,
25.102,8177,8173,8172,
25.11,8179,8173,8174,
25.119,8179,8173,8174,
25.13,8179,8173,8174,
25.141,8177,8173,8174,
25.15,8179,8173,8174,
25.161,8179,8173,8174,
25.171,8179,8173,8174,
25.18,8177,8173,8177,
25.188,8179,8173,8174,
25.202,8179,8173,8172,
25.208,8179,8173,8174,
25.22,8179,8173,8174,
25.229,8179,8173,8174,
25.24,8179,8173,8174,
25.25,8179,8173,8174,
25.261,8179,8173,8174,
25.271,8179,8173,8174,
25.28,8179,8173,8174,
25.291,8179,8173,8174,
25.299,8179,8173,8174,
25.309,8179,8173,8172,
25.321,8179,8173,8174,
25.33,8179,8173,8174,
25.34,8179,8173,8174,
25.349,8179,8173,8174,
25.359,8179,8173,8174,
25.368,8179,8173,8174,
25.378,8177,8173,8174,
25.39,8179,8173,8174,
25.398,8177,8173,8172,
25.411,8177,8173,8172,
25.421,8177,8173,8174,
25.429,8177,8173,8174,
25.445,8179,8173,8174,
25.449,8179,8173,8174,
25.458,8179,8173,8174,
25.47,8179,8173,8174,
25.479,8179,8173,8174,
25.49,8179,8173,8174,
25.5,8179,8173,8174,
25.511,8179,8170,8174,
25.519,8179,8170,8174,
25.531,8179,8170,8174,
25.539,8179,8173,8174,
25.55,8179,8170,8174,
25.559,8179,8173,8174,
25.571,8179,8173,8174,
25.579,8179,8173,8174,
25.591,8177,8173,8174,
25.599,8179,8170,8174,
25.609,8179,8173,8174,
25.62,8177,8170,8174,
25.629,8179,8173,8174,
25.64,8179,8173,8174,
25.648,8179,8173,8174,
25.66,8179,8173,8174,
25.674,8179,8173,8174,
25.677,8179,8173,8172,
25.69,8177,8173,8174,
25.7,8177,8173,8174,
25.708,8179,8173,8174,
25.72,8179,8173,8174,
25.73,8179,8170,8174,
25.741,8179,8173,8174,
25.751,8179,8173,8174,
25.762,8179,8170,8174,
25.768,8179,8173,8174,
25.78,8177,8170,8174,
25.789,8179,8173,8174,
25.799,8177,8173,8174,
25.809,8177,8173,8174,
25.819,8179,8173,8174,
25.829,8179,8173,8172,
25.839,8177,8173,8174,
25.849,8177,8170,8172,
25.861,8177,8173,8174,
25.871,8179,8173,8174,
25.879,8179,8173,8172,
25.889,8179,8173,8174,
25.9,8177,8173,8174,
25.909,8179,8173,8174,
25.92,8179,8173,8174,
25.928,8179,8173,8174,
25.938,8179,8170,8174,
25.948,8179,8173,8174,
25.959,8179,8173,8174,
25.968,8179,8173,8174,
25.978,8179,8173,8172,
25.992,8179,8173,8174,
26,8177,8173,8174,
26.01,8177,8173,8174,
26.021,8177,8173,8174,
26.028,8177,8173,8172,
26.039,8177,8173,8174,
26.048,8177,8173,8174,
26.059,8177,8173,8172,
26.068,8177,8173,8174,
26.078,8177,8173,8174,
26.09,8177,8173,8174,
26.098,8179,8173,8174,
26.108,8179,8173,8172,
26.118,8179,8173,8174,
26.129,8179,8173,8174,
26.139,8179,8173,8174,
26.148,8179,8173,8174,
26.16,8179,8173,8174,
26.17,8179,8173,8174,
26.18,8177,8173,8174,
26.189,8179,8173,8174,
26.198,8177,8175,8174,
26.209,8177,8173,8172,
26.219,8179,8173,8172,
26.229,8179,8173,8172,
26.237,8179,8173,8172,
26.249,8179,8173,8174,
26.258,8179,8173,8174,
26.269,8179,8173,8174,
26.279,8179,8173,8174,
26.29,8177,8173,8174,
26.299,8177,8173,8174,
26.31,8177,8173,8174,
26.319,8179,8173,8174,
26.329,8177,8173,8174,
26.337,8177,8173,8174,
26.35,8177,8173,8174,
26.358,8179,8173,8174,
26.369,8179,8173,8174,
26.377,8179,8173,8174,
26.388,8179,8173,8174,
26.399,8177,8173,8174,
26.407,8179,8170,8174,
26.417,8179,8173,8174,
26.43,8179,8170,8174,
26.438,8179,8173,8172,
26.447,8177,8173,8174,
26.46,8179,8173,8174,
26.467,8182,8173,8174,
26.479,8179,8173,8174,
26.487,8179,8173,8172,
26.498,8179,8170,8174,
26.509,8179,8173,8174,
26.519,8179,8173,8172,
26.53,8177,8173,8174,
26.536,8177,8173,8172,
26.55,8177,8173,8174,
26.558,8177,8173,8174,
26.568,8177,8173,8174,
26.579,8177,8170,8174,
26.587,8174,8173,8174,
26.598,8174,8175,8174,
26.608,8174,8173,8172,
26.619,8177,8173,8174,
26.627,8179,8173,8174,
26.64,8177,8173,8174,
26.649,8179,8173,8174,
26.658,8179,8173,8174,
26.669,8179,8173,8174,
26.678,8179,8173,8174,
26.687,8179,8173,8174,
26.7,8179,8173,8177,
26.707,8179,8173,8177,
26.717,8179,8173,8177,
26.728,8179,8173,8177,
26.738,8179,8173,8177,
26.747,8179,8173,8177,
26.756,8179,8173,8174,
26.77,8179,8173,8177,
26.779,8177,8170,8174,
26.787,8179,8173,8177,
26.797,8177,8173,8172,
26.808,8177,8173,8174,
26.816,8177,8173,8174,
26.826,8179,8173,8174,
26.836,8179,8173,8174,
26.847,8179,8173,8174,
26.858,8179,8173,8174,
26.87,8179,8170,8174,
26.877,8179,8173,8174,
26.888,8179,8173,8174,
26.9,8177,8170,8174,
26.91,8179,8173,8174,
26.917,8179,8173,8174,
26.929,8179,8173,8174,
26.938,8177,8173,8174,
26.947,8179,8173,8174,
26.956,8179,8173,8174,
26.967,8179,8173,8174,
26.976,8179,8173,8174,
26.99,8177,8173,8174,
26.997,8179,8173,8174,
27.008,8179,8173,8174,
27.017,8179,8173,8174,
27.03,8179,8173,8174,
27.037,8177,8173,8172,
27.046,8179,8173,8172,
27.059,8179,8173,8174,
27.067,8179,8173,8174,
27.079,8177,8173,8174,
27.086,8177,8173,8172,
27.098,8177,8173,8174,
27.107,8177,8173,8174,
27.118,8177,8173,8174,
27.128,8177,8173,8174,
27.138,8177,8173,8174,
27.148,8177,8173,8174,
27.159,8179,8173,8174,
27.169,8179,8173,8174,
27.177,8179,8173,8172,
27.188,8177,8173,8174,
27.198,8177,8173,8172,
27.208,8179,8173,8174,
27.215,8179,8173,8174,
27.226,8179,8173,8174,
27.237,8179,8173,8174,
27.249,8179,8173,8174,
27.258,8179,8173,8172,
27.267,8179,8173,8172,
27.278,8179,8173,8174,
27.29,8179,8173,8174,
27.296,8179,8173,8174,
27.307,8177,8173,8174,
27.316,8177,8173,8174,
27.327,8177,8173,8174,
27.337,8179,8173,8174,
27.346,8177,8173,8172,
27.358,8179,8173,8174,
27.367,8179,8173,8174,
27.377,8179,8173,8172,
27.386,8179,8173,8174,
27.395,8177,8173,8174,
27.408,8177,8170,8174,
27.416,8177,8173,8174,
27.427,8177,8173,8174,
27.438,8179,8170,8174,
27.448,8179,8173,8174,
27.456,8179,8173,8174,
27.466,8179,8173,8174,
27.476,8179,8170,8174,
27.487,8177,8173,8172,
27.495,8177,8173,8172,
27.508,8179,8173,8174,
27.519,8179,8173,8172,
27.525,8179,8173,8174,
27.54,8179,8173,8174,
27.549,8177,8173,8172,
27.555,8179,8173,8174,
27.568,8179,8173,8174,
27.576,8177,8173,8174,
27.587,8177,8173,8174,
27.597,8182,8173,8172,
27.607,8179,8173,8174,
27.615,8177,8170,8177,
27.626,8177,8173,8177,
27.636,8179,8173,8177,
27.645,8179,8173,8177,
27.657,8179,8173,8177,
27.667,8179,8173,8174,
27.675,8177,8173,8174,
27.685,8179,8173,8177,
27.697,8179,8173,8174,
27.707,8179,8173,8177,
27.718,8179,8173,8174,
27.725,8179,8173,8174,
27.737,8177,8173,8172,
27.746,8177,8170,8174,
27.756,8177,8173,8174,
27.766,8177,8173,8172,
27.778,8177,8173,8172,
27.786,8177,8173,8174,
27.798,8177,8173,8174,
27.807,8177,8173,8174,
27.818,8177,8173,8174,
27.826,8177,8173,8172,
27.836,8177,8173,8174,
27.848,8177,8173,8172,
27.856,8179,8173,8174,
27.868,8177,8173,8172,
27.879,8177,8173,8174,
27.886,8177,8173,8174,
27.898,8177,8173,8174,
27.907,8179,8173,8174,
27.916,8179,8173,8172,
27.926,8177,8173,8177,
27.936,8177,8173,8177,
27.945,8177,8173,8177,
27.956,8179,8173,8177,
27.967,8179,8173,8177,
27.975,8179,8173,8174,
27.984,8179,8173,8177,
27.996,8174,8173,8180,
28.007,8177,8175,8174,
28.016,8177,8170,8177,
28.027,8177,8173,8174,
28.036,8177,8173,8174,
28.047,8177,8173,8174,
28.055,8177,8173,8172,
28.067,8179,8173,8174,
28.077,8179,8170,8172,
28.086,8179,8173,8172,
28.096,8179,8173,8174,
28.105,8177,8173,8172,
28.116,8179,8173,8174,
28.128,8179,8173,8177,
28.137,8177,8173,8177,
28.146,8177,8173,8177,
28.156,8179,8173,8177,
28.165,8177,8173,8177,
28.178,8177,8173,8174,
28.185,8177,8173,8177,
28.196,8182,8173,8177,
28.203,8177,8173,8177,
28.215,8179,8173,8177,
28.225,8177,8173,8177,
28.235,8179,8173,8174,
28.249,8179,8173,8174,
28.256,8179,8173,8172,
28.266,8179,8173,8172,
28.276,8179,8173,8174,
28.284,8177,8173,8172,
28.296,8179,8173,8174,
28.307,8179,8170,8172,
28.316,8179,8170,8172,
28.325,8179,8170,8174,
28.337,8179,8173,8177,
28.346,8177,8173,8177,
28.357,8179,8173,8177,
28.368,8179,8173,8180,
28.377,8179,8170,8177,
28.386,8179,8173,8177,
28.397,8174,8173,8174,
28.405,8177,8173,8174,
28.416,8177,8173,8177,
28.425,8179,8173,8177,
28.436,8177,8173,8172,
28.448,8177,8173,8174,
28.457,8177,8173,8174,
28.466,8177,8173,8172,
28.475,8177,8173,8174,
28.488,8179,8170,8174,
28.496,8179,8173,8174,
28.504,8179,8173,8174,
28.517,8179,8170,8172,
28.527,8179,8173,8174,
28.533,8179,8173,8174,
28.545,8177,8173,8174,
28.555,8177,8173,8174,
28.568,8177,8173,8174,
28.575,8177,8173,8172,
28.584,8177,8173,8174,
28.596,8174,8173,8174,
28.605,8177,8170,8174,
28.615,8174,8173,8172,
28.625,8177,8173,8174,
28.634,8174,8173,8174,
28.646,8177,8173,8174,
28.657,8174,8173,8174,
28.663,8177,8170,8174,
28.675,8177,8173,8174,
28.685,8177,8173,8172,
28.696,8177,8173,8174,
28.705,8177,8173,8174,
28.717,8179,8173,8174,
28.725,8179,8173,8174,
28.735,8177,8173,8174,
28.744,8177,8173,8177,
28.756,8177,8173,8177,
28.765,8177,8173,8177,
28.775,8171,8173,8177,
28.785,8171,8173,8177,
28.795,8177,8173,8177,
28.806,8177,8173,8177,
28.816,8174,8173,8177,
28.825,8177,8173,8174,
28.833,8174,8173,8177,
28.844,8177,8173,8172,
28.854,8177,8173,8172,
28.866,8177,8173,8174,
28.875,8177,8173,8172,
28.884,8177,8173,8174,
28.896,8177,8170,8174,
28.905,8177,8173,8172,
28.914,8177,8173,8174,
28.924,8177,8173,8174,
28.935,8177,8173,8174,
28.947,8179,8173,8174,
28.957,8179,8173,8172,
28.968,8179,8173,8174,
28.975,8177,8173,8174,
28.985,8177,8173,8174,
28.993,8174,8173,8172,
29.008,8174,8173,8174,
29.014,8177,8173,8172,
29.025,8177,8173,8174,
29.034,8177,8173,8174,
29.044,8174,8173,8174,
29.052,8174,8173,8174,
29.065,8177,8173,8174,
29.073,8179,8173,8174,
29.085,8179,8173,8174,
29.093,8179,8173,8174,
29.105,8179,8173,8172,
29.113,8179,8170,8174,
29.125,8177,8173,8174,
29.133,8179,8173,8174,
29.145,8179,8173,8174,
29.156,8179,8173,8174,
29.163,8179,8173,8174,
29.172,8177,8173,8172,
29.185,8179,8173,8172,
29.194,8177,8173,8174,
29.203,8177,8173,8172,
29.213,8179,8173,8174,
29.226,8177,8173,8174,
29.238,8179,8173,8174,
29.245,8177,8173,8174,
29.258,8179,8173,8174,
29.265,8177,8173,8174,
29.274,8179,8173,8174,
29.286,8174,8173,8174,
29.296,8174,8173,8174,
29.302,8174,8173,8174,
29.315,8174,8173,8174,
29.324,8174,8173,8174,
29.334,8174,8170,8174,
29.344,8174,8173,8174,
29.353,8174,8173,8177,
29.366,8174,8173,8177,
29.374,8174,8178,8177,
29.386,8177,8173,8177,
29.394,8177,8170,8177,
29.405,8177,8173,8177,
29.413,8177,8173,8177,
29.425,8179,8173,8177,
29.434,8179,8173,8177,
29.443,8179,8173,8177,
29.454,8179,8173,8177,
29.465,8179,8173,8174,
29.473,8179,8173,8174,
29.484,8179,8173,8174,
29.495,8179,8173,8172,
29.504,8179,8173,8174,
29.516,8179,8173,8174,
29.523,8179,8173,8174,
29.533,8179,8173,8174,
29.545,8177,8173,8174,
29.555,8177,8173,8174,
29.563,8179,8173,8174,
29.576,8177,8173,8174,
29.587,8177,8173,8172,
29.594,8179,8173,8172,
29.603,8179,8173,8174,
29.613,8177,8173,8174,
29.625,8179,8173,8172,
29.635,8179,8173,8174,
29.644,8179,8173,8174,
29.654,8177,8173,8174,
29.664,8177,8173,8174,
29.673,8179,8173,8174,
29.685,8179,8173,8174,
29.694,8179,8173,8172,
29.705,8179,8173,8174,
29.715,8179,8173,8174,
29.724,8179,8173,8174,
29.732,8179,8173,8174,
29.745,8179,8173,8174,
29.754,8179,8173,8174,
29.763,8179,8173,8174,
29.774,8177,8170,8174,
29.784,8177,8173,8174,
29.794,8177,8173,8172,
29.804,8177,8173,8174,
29.812,8177,8173,8174,
29.824,8177,8170,8174,
29.836,8179,8170,8174,
29.845,8177,8173,8174,
29.854,8179,8173,8174,
29.863,8177,8173,8174,
29.874,8179,8173,8172,
29.885,8177,8173,8174,
29.895,8179,8173,8174,
29.903,8177,8173,8174,
29.914,8177,8173,8174,
29.923,8179,8173,8174,
29.933,8177,8173,8174,
29.943,8177,8173,8174,
29.954,8179,8173,8174,
29.965,8177,8173,8174,
29.975,8177,8173,8174,
29.982,8174,8173,8177,
29.991,8177,8173,8174,
30.003,8177,8173,8172,
30.013,8177,8173,8174,
30.024,8177,8173,8174,
30.033,8177,8173,8174,
30.044,8177,8173,8174,
30.052,8177,8173,8174,
30.062,8177,8173,8174,
30.074,8179,8173,8174,
30.083,8179,8173,8174,
30.094,8179,8173,8174,
30.103,8179,8173,8174,
30.111,8179,8173,8174,
30.124,8179,8173,8174,
30.135,8179,8173,8174,
30.144,8179,8173,8174,
30.155,8179,8173,8174,
30.162,8182,8173,8174,
30.174,8174,8173,8174,
30.182,8177,8173,8174,
30.192,8177,8173,8174,
30.202,8177,8173,8177,
30.213,8177,8173,8172,
30.222,8177,8173,8174,
30.233,8177,8173,8174,
30.243,8177,8173,8172,
30.252,8177,8173,8174,
30.264,8177,8173,8174,
30.273,8177,8173,8174,
30.282,8177,8173,8174,
30.293,8177,8173,8174,
30.302,8177,8173,8174,
30.314,8177,8173,8174,
30.321,8177,8173,8174,
30.333,8174,8173,8174,
30.341,8174,8173,8174,
30.354,8174,8173,8174,
30.364,8174,8173,8174,
30.373,8174,8173,8174,
30.382,8177,8173,8174,
30.394,8177,8173,8172,
30.402,8174,8173,8172,
30.411,8174,8173,8174,
30.423,8174,8173,8174,
30.432,8177,8173,8174,
30.441,8177,8173,8174,
30.452,8177,8173,8174,
30.464,8177,8173,8174,
30.473,8177,8173,8174,
30.482,8177,8173,8177,
30.493,8179,8173,8177,
30.502,8177,8175,8177,
30.513,8179,8175,8177,
30.522,8177,8175,8177,
30.534,8177,8175,8177,
30.544,8177,8175,8177,
30.553,8177,8175,8177,
30.563,8177,8175,8177,
30.574,8177,8175,8174,
30.582,8174,8175,8177,
30.592,8177,8175,8177,
30.603,8177,8175,8177,
30.613,8177,8173,8177,
30.622,8177,8173,8177,
30.632,8174,8173,8177,
30.641,8174,8173,8177,
30.654,8171,8173,8174,
30.661,8174,8173,8177,
30.674,8174,8173,8177,
30.682,8174,8173,8177,
30.694,8174,8173,8174,
30.706,8177,8173,8177,
30.714,8177,8173,8177,
30.722,8177,8173,8177,
30.733,8177,8173,8177,
30.745,8177,8173,8177,
30.754,8179,8173,8177,
30.762,8179,8173,8177,
30.772,8179,8173,8177,
30.783,8179,8173,8177,
30.793,8177,8173,8174,
30.801,8177,8173,8174,
30.812,8177,8173,8177,
30.825,8177,8173,8177,
30.831,8177,8173,8177,
30.842,8177,8173,8177,
30.852,8177,8173,8177,
30.862,8177,8173,8174,
30.873,8177,8173,8177,
30.881,8177,8173,8174,
30.891,8177,8173,8174,
30.902,8177,8170,8174,
30.912,8177,8173,8172,
30.92,8177,8173,8174,
30.931,8177,8173,8174,
30.942,8177,8173,8174,
30.95,8177,8173,8174,
30.961,8177,8173,8172,
30.971,8174,8173,8172,
30.981,8174,8173,8174,
30.992,8177,8173,8174,
31.001,8174,8173,8174,
31.013,8174,8170,8174,
31.024,8174,8173,8174,
31.032,8174,8173,8174,
31.043,8174,8173,8174,
31.051,8174,8170,8174,
31.063,8174,8173,8174,
31.075,8174,8173,8174,
31.081,8174,8173,8174,
31.091,8174,8173,8174,
31.1,8174,8173,8174,
31.111,8174,8173,8172,
31.126,8177,8173,8172,
31.133,8174,8170,8174,
31.142,8174,8173,8174,
31.151,8174,8173,8174,
31.164,8177,8173,8172,
31.173,8174,8173,8172,
31.183,8179,8173,8174,
31.191,8177,8173,8174,
31.204,8182,8173,8172,
31.213,8206,8173,8177,
31.223,8198,8173,8174,
31.234,8195,8173,8174,
31.241,8192,8173,8174,
31.253,8192,8173,8174,
31.259,8188,8173,8174,
31.272,8185,8173,8174,
31.28,8185,8173,8174,
31.293,8185,8173,8174,
31.302,8179,8173,8174,
31.311,8179,8173,8172,
31.323,8174,8173,8174,
31.332,8174,8173,8174,
31.342,8174,8173,8174,
31.352,8177,8173,8172,
31.36,8177,8173,8174,
31.373,8174,8173,8172,
31.381,8174,8170,8174,
31.391,8177,8170,8174,
31.403,8177,8170,8174,
31.411,8177,8173,8174,
31.424,8177,8173,8174,
31.43,8179,8173,8174,
31.442,8179,8173,8174,
31.452,8179,8173,8174,
31.461,8177,8173,8174,
31.47,8179,8173,8174,
31.481,8179,8173,8174,
31.493,8177,8173,8174,
31.501,8179,8173,8172,
31.513,8177,8173,8174,
31.52,8177,8173,8174,
31.531,8179,8173,8174,
31.541,8177,8173,8174,
31.553,8179,8173,8172,
31.56,8179,8173,8174,
31.57,8179,8173,8172,
31.583,8179,8173,8174,
31.592,8179,8173,8177,
31.601,8179,8173,8177,
31.612,8179,8173,8174,
31.622,8179,8173,8174,
31.632,8177,8173,8174,
31.641,8179,8173,8174,
31.651,8177,8173,8172,
31.659,8179,8173,8172,
31.672,8179,8173,8174,
31.681,8179,8173,8174,
31.69,8179,8173,8172,
31.701,8179,8173,8174,
31.712,8179,8173,8177,
31.72,8179,8173,8177,
31.729,8177,8173,8177,
31.74,8177,8173,8177,
31.754,8177,8173,8174,
31.763,8177,8173,8174,
31.77,8177,8173,8174,
31.781,8174,8173,8177,
31.79,8168,8173,8174,
31.802,8163,8173,8180,
31.813,8160,8173,8177,
31.821,8158,8173,8174,
31.832,8158,8173,8174,
31.84,8158,8173,8174,
31.851,8160,8173,8174,
31.861,8163,8173,8174,
31.871,8166,8173,8174,
31.882,8166,8173,8174,
31.893,8171,8173,8174,
31.899,8171,8173,8174,
31.911,8171,8173,8174,
31.922,8177,8173,8172,
31.932,8177,8173,8174,
31.938,8177,8173,8174,
31.95,8177,8173,8174,
31.961,8177,8173,8174,
31.972,8174,8173,8174,
31.982,8177,8173,8172,
31.988,8188,8170,8174,
32,8203,8178,8177,
32.01,8208,8173,8177,
32.023,8235,8173,8177,
32.029,8254,8173,8182,
32.042,8273,8173,8182,
32.052,8285,8173,8182,
32.059,8299,8173,8185,
32.07,8307,8173,8185,
32.08,8312,8173,8185,
32.089,8318,8173,8185,
32.102,8326,8173,8187,
32.108,8334,8173,8187,
32.121,8339,8173,8190,
32.13,8347,8173,8190,
32.141,8361,8173,8190,
32.15,8369,8173,8190,
32.161,8387,8173,8190,
32.17,8428,8170,8182,
32.18,8404,8175,8195,
32.192,8404,8175,8190,
32.201,8406,8175,8195,
32.211,8412,8175,8198,
32.22,8423,8175,8198,
32.232,8431,8175,8200,
32.242,8436,8175,8200,
32.249,8452,8175,8200,
32.259,8461,8175,8205,
32.27,8476,8175,8203,
32.28,8492,8173,8205,
32.291,8495,8170,8205,
32.3,8506,8173,8208,
32.31,8509,8173,8210,
32.322,8511,8173,8213,
32.33,8527,8170,8216,
32.34,8533,8175,8218,
32.35,8553,8175,8213,
32.359,8603,8173,8205,
32.371,8632,8175,8203,
32.379,8576,8173,8223,
32.391,8567,8173,8223,
32.401,8576,8175,8226,
32.411,8586,8170,8223,
32.42,8594,8175,8226,
32.429,8600,8173,8223,
32.441,8603,8170,8221,
32.451,8613,8173,8223,
32.458,8613,8175,8231,
32.468,8608,8175,8223,
32.48,8613,8173,8226,
32.491,8613,8173,8226,
32.498,8613,8173,8226,
32.509,8611,8173,8223,
32.522,8608,8170,8223,
32.53,8605,8173,8221,
32.54,8605,8170,8226,
32.549,8611,8173,8226,
32.558,8672,8170,8213,
32.569,8721,8173,8200,
32.58,8667,8173,8218,
32.592,8619,8173,8226,
32.598,8605,8173,8223,
32.61,8611,8173,8223,
32.619,8608,8173,8226,
32.629,8605,8170,8226,
32.639,8608,8173,8226,
32.648,8608,8170,8228,
32.661,8603,8170,8226,
32.668,8608,8175,8223,
32.678,8608,8175,8223,
32.69,8608,8173,8223,
32.699,8619,8173,8231,
32.708,8608,8170,8228,
32.72,8613,8173,8226,
32.731,8616,8170,8226,
32.739,8619,8173,8228,
32.75,8624,8175,8226,
32.759,8678,8175,8208,
32.77,8764,8173,8200,
32.78,8705,8173,8218,
32.792,8644,8173,8231,
32.798,8635,8173,8226,
32.81,8624,8175,8235,
32.819,8622,8173,8243,
32.83,8624,8175,8235,
32.838,8627,8173,8228,
32.85,8639,8175,8238,
32.861,8624,8173,8238,
32.871,8635,8175,8228,
32.88,8630,8175,8238,
32.889,8642,8173,8231,
32.9,8619,8175,8231,
32.91,8627,8173,8235,
32.92,8627,8175,8235,
32.93,8622,8170,8226,
32.94,8624,8173,8235,
32.949,8630,8173,8228,
32.96,8705,8170,8218,
32.968,8783,8173,8200,
32.979,8738,8170,8226,
32.99,8656,8175,8235,
32.999,8644,8173,8235,
33.01,8650,8173,8231,
33.019,8653,8173,8231,
33.03,8644,8173,8235,
33.039,8647,8175,8235,
33.047,8661,8170,8238,
33.061,8650,8173,8231,
33.069,8639,8173,8231,
33.078,8639,8170,8231,
33.09,8630,8175,8231,
33.098,8639,8170,8241,
33.107,8619,8173,8235,
33.122,8627,8170,8231,
33.129,8616,8173,8228,
33.141,8616,8173,8231,
33.147,8622,8173,8231,
33.159,8678,8173,8218,
33.169,8772,8173,8200,
33.18,8716,8173,8213,
33.191,8644,8173,8238,
33.197,8624,8173,8231,
33.208,8622,8170,8238,
33.217,8630,8170,8231,
33.23,8616,8175,8238,
33.24,8624,8170,8231,
33.25,8622,8173,8228,
33.26,8622,8173,8228,
33.27,8611,8175,8231,
33.279,8619,8170,8231,
33.289,8608,8173,8226,
33.3,8608,8175,8226,
33.308,8603,8173,8231,
33.317,8600,8173,8223,
33.328,8592,8173,8226,
33.34,8603,8173,8223,
33.349,8605,8175,8223,
33.36,8639,8175,8208,
33.369,8730,8173,8192,
33.379,8647,8175,8223,
33.387,8608,8173,8228,
33.398,8597,8175,8226,
33.409,8594,8170,8223,
33.418,8603,8170,8223,
33.429,8600,8173,8226,
33.44,8597,8173,8231,
33.448,8597,8173,8223,
33.46,8597,8175,8223,
33.468,8600,8173,8226,
33.476,8600,8170,8226,
33.487,8597,8173,8228,
33.498,8605,8173,8228,
33.509,8603,8173,8231,
33.519,8597,8173,8226,
33.526,8605,8173,8226,
33.539,8605,8170,8223,
33.55,8616,8173,8223,
33.56,8675,8173,8205,
33.567,8745,8173,8190,
33.579,8667,8173,8218,
33.589,8608,8173,8231,
33.599,8597,8173,8221,
33.608,8597,8170,8221,
33.616,8589,8173,8223,
33.629,8589,8173,8228,
33.638,8589,8170,8226,
33.648,8584,8173,8221,
33.659,8581,8173,8226,
33.668,8586,8173,8218,
33.678,8578,8173,8223,
33.69,8578,8173,8223,
33.696,8584,8173,8223,
33.708,8581,8173,8218,
33.72,8570,8173,8221,
33.729,8570,8170,8218,
33.738,8573,8170,8221,
33.751,8578,8173,8216,
33.757,8639,8170,8208,
33.769,8721,8173,8192,
33.778,8680,8173,8205,
33.791,8594,8168,8223,
33.797,8573,8173,8221,
33.808,8562,8173,8218,
33.818,8556,8173,8216,
33.829,8558,8170,8218,
33.838,8549,8173,8223,
33.848,8567,8173,8223,
33.859,8573,8173,8218,
33.866,8573,8173,8221,
33.88,8570,8173,8221,
33.888,8553,8170,8221,
33.898,8562,8170,8221,
33.907,8549,8173,8216,
33.918,8549,8173,8213,
33.927,8546,8173,8218,
33.939,8544,8175,8218,
33.949,8553,8173,8213,
33.959,8608,8173,8208,
33.969,8697,8175,8195,
33.977,8624,8173,8213,
33.986,8578,8173,8221,
33.996,8565,8173,8216,
34.009,8556,8170,8216,
34.018,8546,8173,8218,
34.026,8538,8173,8218,
34.038,8541,8170,8210,
34.047,8538,8170,8216,
34.057,8538,8173,8213,
34.068,8530,8178,8221,
34.077,8533,8175,8218,
34.087,8527,8175,8218,
34.096,8525,8178,8216,
34.107,8527,8175,8210,
34.116,8522,8175,8218,
34.129,8525,8175,8216,
34.137,8522,8178,8218,
34.149,8536,8175,8221,
34.157,8581,8173,8210,
34.168,8678,8175,8198,
34.179,8642,8173,8213,
34.189,8589,8173,8221,
34.197,8581,8173,8221,
34.206,8581,8173,8223,
34.217,8597,8170,8221,
34.226,8594,8173,8221,
34.238,8592,8173,8226,
34.246,8600,8173,8226,
34.259,8605,8173,8226,
34.267,8603,8175,8226,
34.277,8605,8173,8231,
34.286,8611,8175,8235,
34.298,8603,8175,8228,
34.306,8605,8175,8228,
34.32,8603,8175,8231,
34.328,8594,8175,8235,
34.338,8597,8178,8223,
34.349,8600,8175,8226,
34.359,8653,8175,8213,
34.367,8727,8173,8198,
34.375,8650,8173,8210,
34.387,8597,8170,8228,
34.397,8586,8173,8226,
34.41,8576,8173,8223,
34.417,8578,8170,8221,
34.429,8570,8173,8216,
34.439,8565,8170,8218,
34.447,8556,8173,8218,
34.456,8553,8173,8216,
34.47,8556,8173,8216,
34.476,8546,8170,8216,
34.485,8536,8173,8221,
34.497,8544,8170,8213,
34.507,8538,8173,8213,
34.516,8536,8173,8216,
34.527,8533,8173,8216,
34.537,8530,8175,8216,
34.547,8536,8173,8216,
34.558,8565,8170,8208,
34.569,8635,8175,8192,
34.578,8589,8173,8210,
34.588,8538,8173,8218,
34.595,8525,8173,8216,
34.608,8527,8173,8213,
34.617,8522,8173,8216,
34.627,8519,8170,8213,
34.636,8514,8170,8210,
34.647,8511,8173,8213,
34.658,8506,8173,8210,
34.666,8511,8170,8208,
34.677,8509,8173,8210,
34.685,8509,8170,8210,
34.698,8509,8173,8208,
34.706,8506,8173,8213,
34.715,8511,8173,8210,
34.727,8509,8170,8208,
34.737,8509,8175,8210,
34.749,8511,8170,8213,
34.755,8538,8173,8205,
34.766,8608,8168,8190,
34.775,8533,8173,8210,
34.788,8503,8173,8210,
34.796,8492,8173,8205,
34.808,8484,8175,8205,
34.818,8481,8175,8208,
34.829,8468,8170,8205,
34.837,8463,8173,8205,
34.847,8461,8173,8205,
34.857,8461,8170,8205,
34.866,8458,8170,8205,
34.876,8458,8175,8205,
34.889,8458,8170,8205,
34.897,8458,8173,8203,
34.905,8452,8175,8203,
34.916,8455,8175,8203,
34.926,8458,8175,8203,
34.936,8458,8173,8203,
34.946,8458,8175,8200,
34.957,8506,8175,8195,
34.966,8565,8170,8187,
34.976,8503,8173,8205,
34.987,8468,8175,8208,
34.996,8463,8175,8205,
35.008,8463,8170,8208,
35.014,8461,8173,8203,
35.028,8450,8173,8205,
35.036,8461,8170,8205,
35.047,8455,8170,8203,
35.056,8455,8170,8203,
35.067,8447,8173,8203,
35.077,8447,8173,8205,
35.086,8444,8173,8203,
35.096,8447,8173,8200,
35.106,8444,8173,8205,
35.115,8442,8173,8200,
35.126,8444,8173,8203,
35.137,8439,8170,8203,
35.146,8439,8173,8200,
35.157,8468,8173,8195,
35.167,8530,8170,8185,
35.177,8471,8173,8200,
35.185,8444,8173,8198,
35.197,8442,8173,8203,
35.207,8439,8173,8205,
35.218,8433,8173,8205,
35.226,8436,8173,8203,
35.234,8436,8173,8200,
35.246,8431,8170,8203,
35.257,8428,8173,8203,
35.265,8417,8170,8203,
35.276,8417,8173,8200,
35.287,8414,8170,8205,
35.296,8409,8170,8195,
35.307,8406,8173,8198,
35.317,8404,8173,8198,
35.329,8401,8173,8198,
35.337,8404,8173,8195,
35.347,8409,8173,8195,
35.355,8444,8173,8190,
35.365,8511,8170,8185,
35.377,8458,8173,8195,
35.388,8409,8170,8198,
35.396,8406,8170,8198,
35.405,8409,8173,8198,
35.415,8412,8173,8198,
35.427,8414,8173,8200,
35.438,8417,8173,8198,
35.446,8423,8170,8200,
35.455,8428,8170,8198,
35.465,8423,8170,8203,
35.477,8425,8173,8203,
35.486,8431,8173,8200,
35.495,8428,8173,8200,
35.507,8425,8173,8198,
35.517,8423,8173,8200,
35.523,8423,8173,8200,
35.535,8420,8173,8200,
35.548,8423,8173,8200,
35.556,8442,8173,8195,
35.566,8487,8173,8187,
35.575,8436,8170,8200,
35.587,8417,8173,8198,
35.595,8412,8173,8200,
35.604,8412,8170,8200,
35.616,8412,8170,8200,
35.625,8406,8173,8200,
35.635,8401,8175,8200,
35.645,8404,8175,8200,
35.654,8401,8175,8198,
35.666,8398,8175,8198,
35.676,8396,8175,8198,
35.684,8390,8175,8198,
35.695,8387,8173,8198,
35.705,8382,8175,8198,
35.716,8379,8173,8198,
35.725,8372,8175,8195,
35.735,8372,8175,8195,
35.744,8369,8173,8195,
35.757,8390,8173,8190,
35.766,8423,8170,8185,
35.775,8401,8173,8192,
35.785,8353,8170,8195,
35.795,8345,8170,8192,
35.805,8337,8173,8190,
35.815,8331,8170,8187,
35.825,8326,8170,8187,
35.836,8318,8173,8185,
35.845,8310,8175,8185,
35.855,8301,8175,8185,
35.865,8293,8175,8185,
35.875,8285,8175,8185,
35.884,8283,8175,8182,
35.896,8273,8175,8182,
35.905,8268,8175,8180,
35.916,8257,8175,8180,
35.924,8246,8175,8180,
35.936,8241,8175,8177,
35.944,8233,8175,8177,
35.954,8227,8173,8177,
35.966,8227,8170,8174,
35.976,8214,8173,8177,
35.986,8198,8173,8174,
35.993,8188,8173,8174,
36.005,8179,8173,8174,
36.014,8171,8173,8172,
36.026,8166,8173,8174,
36.036,8147,8178,8177,
36.047,8125,8175,8174,
36.053,8106,8178,8174,
36.064,8085,8178,8174,
36.074,8069,8181,8174,
36.086,8045,8181,8174,
36.095,8020,8183,8174,
36.104,7995,8186,8174,
36.116,7978,8191,8174,
36.127,7967,8191,8174,
36.136,7940,8196,8174,
36.148,7934,8201,8174,
36.155,7886,8193,8172,
36.164,7829,8193,8177,
36.176,7840,8199,8174,
36.186,7857,8212,8177,
36.195,7846,8204,8174,
36.204,7840,8219,8174,
36.214,7829,8214,8172,
36.223,7815,8217,8174,
36.235,7807,8212,8174,
36.244,7801,8217,8172,
36.254,7799,8214,8174,
36.263,7771,8217,8172,
36.276,7768,8224,8174,
36.286,7776,8230,8177,
36.292,7771,8230,8172,
36.305,7752,8212,8177,
36.317,7765,8222,8172,
36.325,7733,8227,8167,
36.332,7762,8242,8172,
36.345,7746,8224,8177,
36.354,7688,8214,8172,
36.365,7641,8204,8172,
36.374,7702,8219,8180,
36.382,7741,8230,8172,
36.393,7733,8230,8180,
36.405,7749,8232,8169,
36.414,7741,8217,8169,
36.425,7749,8224,8172,
36.432,7746,8230,8172,
36.443,7762,8219,8177,
36.456,7768,8214,8172,
36.465,7762,8232,8169,
36.476,7765,8230,8174,
36.484,7768,8222,8169,
36.494,7773,8230,8172,
36.502,7760,8214,8174,
36.512,7781,8212,8177,
36.525,7768,8222,8177,
36.533,7757,8222,8174,
36.544,7762,8250,8174,
36.554,7718,8212,8172,
36.564,7647,8209,8174,
36.574,7707,8219,8172,
36.585,7743,8222,8174,
36.593,7752,8212,8174,
36.605,7762,8224,8172,
36.616,7768,8239,8174,
36.625,7762,8222,8180,
36.633,7757,8227,8172,
36.645,7773,8217,8169,
36.654,7776,8222,8172,
36.665,7773,8227,8172,
36.673,7784,8219,8177,
36.685,7784,8209,8172,
36.693,7771,8232,8174,
36.706,7771,8219,8174,
36.714,7762,8222,8172,
36.724,7793,8237,8172,
36.734,7762,8214,8177,
36.744,7762,8227,8177,
36.755,7743,8206,8174,
36.763,7649,8206,8172,
36.776,7699,8219,8180,
36.786,7746,8230,8172,
36.792,7752,8219,8172,
36.803,7768,8222,8180,
36.813,7781,8219,8174,
36.823,7771,8230,8180,
36.832,7765,8219,8174,
36.844,7760,8224,8172,
36.852,7773,8224,8174,
36.863,7781,8224,8172,
36.877,7781,8219,8172,
36.884,7781,8217,8177,
36.895,7784,8219,8174,
36.903,7809,8224,8177,
36.915,7791,8214,8174,
36.925,7791,8217,8172,
36.935,7799,8219,8177,
36.943,7787,8209,8172,
36.955,7721,8201,8174,
36.966,7705,8199,8169,
36.974,7746,8212,8177,
36.985,7799,8214,8167,
36.993,7801,8230,8172,
37.004,7801,8222,8172,
37.013,7832,8222,8172,
37.024,7815,8224,8174,
37.032,7824,8214,8169,
37.044,7829,8214,8174,
37.052,7829,8209,8177,
37.064,7820,8206,8174,
37.075,7809,8227,8169,
37.083,7809,8209,8174,
37.095,7804,8230,8177,
37.106,7807,8199,8172,
37.113,7809,8224,8174,
37.123,7804,8206,8177,
37.133,7809,8214,8172,
37.141,7812,8217,8174,
37.153,7781,8199,8174,
37.162,7726,8196,8172,
37.173,7754,8201,8177,
37.184,7809,8224,8174,
37.192,7824,8217,8172,
37.204,7815,8212,8172,
37.214,7818,8222,8172,
37.224,7838,8214,8174,
37.234,7835,8219,8174,
37.245,7838,8206,8172,
37.255,7818,8206,8172,
37.266,7824,8212,8177,
37.273,7838,8212,8172,
37.283,7824,8212,8172,
37.295,7804,8214,8172,
37.305,7829,8227,8174,
37.312,7815,8214,8174,
37.321,7827,8219,8172,
37.334,7827,8212,8177,
37.345,7827,8212,8172,
37.354,7801,8199,8174,
37.363,7743,8196,8169,
37.374,7827,8214,8177,
37.383,7835,8209,8172,
37.393,7843,8224,8174,
37.402,7846,8219,8172,
37.414,7859,8201,8172,
37.425,7862,8199,8174,
37.436,7875,8196,8172,
37.442,7878,8206,8174,
37.454,7873,8209,8174,
37.463,7889,8199,8172,
37.473,7901,8212,8174,
37.484,7895,8206,8172,
37.491,7893,8209,8172,
37.503,7895,8199,8174,
37.513,7898,8199,8174,
37.521,7906,8196,8174,
37.532,7906,8204,8174,
37.545,7895,8206,8174,
37.556,7870,8186,8180,
37.563,7835,8196,8182,
37.573,7889,8201,8174,
37.583,7901,8201,8172,
37.592,7906,8206,8174,
37.604,7915,8204,8177,
37.612,7926,8199,8174,
37.624,7923,8193,8177,
37.632,7923,8201,8177,
37.644,7948,8201,8177,
37.654,7937,8196,8174,
37.665,7959,8201,8174,
37.674,7980,8196,8174,
37.683,7983,8201,8174,
37.692,7988,8199,8174,
37.704,7991,8193,8174,
37.712,8007,8191,8172,
37.722,8020,8188,8174,
37.733,8034,8186,8174,
37.743,8050,8183,8172,
37.751,8053,8178,8177,
37.762,8050,8168,8174,
37.771,8101,8178,8174,
37.782,8117,8178,8174,
37.791,8139,8175,8177,
37.803,8166,8173,8177,
37.814,8185,8170,8177,
37.822,8200,8168,8177,
37.833,8233,8173,8177,
37.842,8257,8168,8195,
37.852,8260,8170,8182,
37.861,8283,8170,8182,
37.87,8312,8173,8187,
37.884,8339,8173,8187,
37.891,8366,8173,8192,
37.902,8390,8173,8195,
37.912,8417,8170,8198,
37.923,8444,8170,8200,
37.932,8463,8173,8203,
37.943,8495,8173,8208,
37.95,8522,8173,8205,
37.963,8592,8170,8200,
37.974,8549,8173,8216,
37.985,8565,8170,8221,
37.991,8565,8170,8223,
38.003,8573,8170,8221,
38.012,8573,8170,8223,
38.024,8586,8173,8223,
38.033,8589,8173,8223,
38.041,8586,8173,8226,
38.054,8589,8173,8228,
38.064,8597,8173,8223,
38.074,8597,8175,8228,
38.08,8608,8173,8223,
38.091,8611,8170,8226,
38.104,8608,8170,8231,
38.113,8608,8170,8223,
38.122,8603,8170,8226,
38.134,8600,8173,8228,
38.144,8622,8170,8223,
38.153,8672,8175,8218,
38.16,8691,8178,8208,
38.173,8656,8173,8228,
38.183,8627,8175,8223,
38.193,8619,8175,8223,
38.202,8611,8175,8228,
38.213,8597,8175,8228,
38.223,8597,8178,8226,
38.231,8597,8173,8226,
38.243,8589,8175,8226,
38.253,8586,8178,8223,
38.262,8578,8173,8223,
38.272,8584,8170,8223,
38.283,8578,8173,8223,
38.292,8576,8173,8223,
38.302,8581,8173,8226,
38.313,8576,8173,8223,
38.323,8586,8170,8221,
38.331,8578,8175,8223,
38.341,8578,8173,8223,
38.352,8627,8170,8216,
38.362,8697,8173,8203,
38.372,8608,8175,8218,
38.382,8589,8173,8223,
38.392,8576,8173,8223,
38.402,8576,8170,8218,
38.414,8576,8173,8221,
38.421,8570,8175,8223,
38.431,8573,8173,8221,
38.443,8565,8173,8223,
38.453,8570,8170,8223,
38.46,8570,8173,8221,
38.472,8570,8173,8228,
38.48,8573,8173,8226,
38.494,8573,8173,8228,
38.501,8576,8173,8226,
38.513,8581,8173,8223,
38.521,8576,8173,8226,
38.531,8567,8173,8223,
38.544,8573,8175,8226,
38.55,8597,8170,8218,
38.566,8672,8168,8200,
38.569,8608,8170,8216,
38.582,8570,8173,8221,
38.591,8556,8170,8221,
38.602,8562,8170,8218,
38.611,8549,8170,8216,
38.621,8558,8173,8218,
38.632,8553,8173,8218,
38.642,8558,8173,8216,
38.653,8562,8170,8218,
38.661,8553,8173,8218,
38.672,8556,8173,8218,
38.681,8549,8170,8221,
38.69,8553,8170,8221,
38.703,8562,8170,8221,
38.714,8562,8170,8221,
38.72,8556,8173,8218,
38.731,8553,8173,8218,
38.739,8556,8173,8218,
38.752,8592,8175,8210,
38.759,8653,8173,8198,
38.771,8589,8173,8216,
38.781,8553,8173,8216,
38.79,8546,8173,8216,
38.803,8541,8173,8221,
38.809,8538,8170,8218,
38.822,8527,8173,8221,
38.83,8533,8173,8218,
38.843,8533,8170,8218,
38.85,8533,8173,8213,
38.859,8525,8173,8218,
38.871,8530,8173,8213,
38.882,8527,8173,8216,
38.89,8525,8173,8213,
38.903,8522,8170,8216,
38.911,8525,8175,8216,
38.921,8519,8173,8216,
38.93,8517,8170,8213,
38.942,8527,8173,8210,
38.951,8589,8173,8203,
38.959,8664,8173,8187,
38.97,8584,8173,8210,
38.979,8522,8173,8210,
38.992,8522,8173,8210,
38.999,8514,8173,8216,
39.011,8517,8175,8213,
39.021,8509,8173,8213,
39.032,8509,8173,8210,
39.041,8503,8173,8216,
39.05,8506,8173,8210,
39.06,8500,8173,8210,
39.07,8495,8173,8210,
39.081,8490,8173,8210,
39.092,8484,8170,8210,
39.101,8492,8173,8213,
39.112,8495,8170,8210,
39.121,8484,8173,8210,
39.132,8484,8173,8208,
39.141,8481,8173,8210,
39.15,8509,8173,8205,
39.161,8573,8173,8192,
39.172,8530,8173,8205,
39.184,8476,8175,8210,
39.192,8487,8173,8205,
39.201,8473,8173,8205,
39.212,8481,8173,8203,
39.222,8473,8173,8208,
39.23,8473,8173,8208,
39.242,8461,8173,8205,
39.249,8455,8175,8208,
39.261,8455,8175,8203,
39.27,8455,8173,8203,
39.28,8452,8173,8205,
39.29,8452,8173,8203,
39.301,8450,8173,8203,
39.312,8447,8173,8200,
39.318,8444,8173,8203,
39.331,8442,8173,8203,
39.341,8450,8170,8200,
39.353,8490,8173,8195,
39.359,8522,8173,8187,
39.372,8492,8173,8198,
39.379,8447,8170,8203,
39.391,8442,8173,8200,
39.398,8433,8173,8205,
39.41,8425,8175,8203,
39.419,8423,8175,8200,
39.431,8417,8175,8200,
39.441,8412,8175,8200,
39.449,8401,8175,8200,
39.46,8385,8175,8198,
39.47,8372,8175,8195,
39.481,8353,8175,8195,
39.489,8342,8175,8192,
39.5,8331,8175,8190,
39.51,8329,8175,8187,
39.519,8331,8173,8190,
39.53,8334,8173,8190,
39.538,8342,8173,8190,
39.55,8366,8173,8187,
39.562,8423,8173,8180,
39.568,8393,8173,8190,
39.579,8366,8173,8190,
39.591,8364,8173,8192,
39.6,8361,8170,8190,
39.609,8353,8170,8190,
39.623,8350,8173,8190,
39.631,8339,8170,8187,
39.641,8304,8173,8185,
39.65,8271,8173,8182,
39.661,8238,8173,8174,
39.671,8208,8173,8174,
39.681,8179,8173,8172,
39.691,8163,8173,8172,
39.7,8147,8175,8174,
39.709,8109,8178,8169,
39.718,8080,8181,8174,
39.731,8047,8183,8174,
39.739,8020,8183,8174,
39.748,7972,8191,8174,
39.761,7906,8186,8172,
39.77,7932,8199,8174,
39.781,7898,8204,8169,
39.789,7893,8196,8174,
39.802,7893,8204,8174,
39.811,7867,8204,8174,
39.82,7843,8206,8172,
39.83,7848,8212,8174,
39.838,7824,8209,8172,
39.851,7815,8212,8174,
39.859,7812,8217,8174,
39.87,7796,8219,8172,
39.881,7791,8219,8177,
39.89,7781,8230,8177,
39.9,7773,8224,8172,
39.909,7771,8219,8172,
39.92,7752,8209,8174,
39.93,7760,8230,8177,
39.941,7735,8214,8174,
39.95,7655,8214,8172,
39.959,7619,8204,8174,
39.968,7627,8212,8169,
39.982,7710,8239,8177,
39.991,7710,8227,8167,
39.999,7726,8237,8172,
40.01,7726,8227,8177,
40.021,7721,8239,8172,
40.03,7743,8232,8172,
40.038,7738,8224,8174,
40.049,7724,8222,8174,
40.059,7746,8227,8172,
40.068,7749,8219,8167,
40.079,7741,8237,8174,
40.088,7718,8230,8177,
40.099,7760,8227,8174,
40.108,7741,8224,8174,
40.121,7724,8232,8174,
40.129,7738,8230,8172,
40.139,7738,8214,8172,
40.148,7691,8217,8172,
40.162,7611,8206,8172,
40.167,7635,8214,8167,
40.179,7715,8242,8172,
40.189,7743,8219,8174,
40.199,7738,8224,8169,
40.207,7733,8227,8174,
40.219,7715,8222,8177,
40.23,7729,8232,8169,
40.242,7733,8250,8172,
40.249,7752,8224,8169,
40.259,7729,8239,8174,
40.271,7724,8247,8177,
40.279,7746,8237,8169,
40.29,7749,8232,8169,
40.298,7721,8239,8174,
40.308,7724,8239,8180,
40.319,7735,8219,8169,
40.331,7726,8245,8180,
40.337,7724,8227,8169,
40.35,7676,8219,8167,
40.36,7589,8206,8180,
40.369,7619,8222,8169,
40.378,7694,8245,8169,
40.387,7749,8239,8177,
40.399,7702,8227,8177,
40.41,7733,8239,8174,
40.419,7715,8255,8169,
40.428,7718,8230,8174,
40.438,7752,8219,8177,
40.448,7743,8222,8172,
40.459,7735,8224,8169,
40.469,7738,8227,8174,
40.477,7735,8230,8174,
40.49,7724,8230,8174,
40.501,7741,8227,8174,
40.508,7726,8242,8172,
40.517,7726,8219,8177,
40.529,7743,8227,8169,
40.54,7715,8239,8169,
40.549,7671,8214,8174,
40.558,7592,8212,8177,
40.572,7641,8219,8163,
40.577,7696,8224,8169,
40.59,7724,8237,8172,
40.598,7718,8224,8169,
40.607,7718,8222,8172,
40.621,7715,8242,8177,
40.629,7710,8227,8174,
40.639,7718,8250,8169,
40.648,7724,8224,8172,
40.657,7741,8224,8172,
40.67,7729,8239,8177,
40.676,7713,8247,8169,
40.688,7721,8230,8174,
40.699,7733,8224,8174,
40.708,7733,8219,8172,
40.719,7738,8222,8174,
40.728,7715,8239,8177,
40.737,7726,8222,8169,
40.748,7676,8222,8174,
40.76,7594,8212,8177,
40.768,7592,8214,8180,
40.778,7696,8245,8177,
40.791,7713,8245,8174,
40.802,7688,8247,8177,
40.807,7710,8242,8177,
40.818,7733,8247,8177,
40.829,7705,8222,8172,
40.837,7726,8227,8172,
40.848,7696,8224,8169,
40.856,7726,8227,8169,
40.87,7738,8230,8169,
40.879,7735,8230,8174,
40.89,7746,8224,8177,
40.896,7741,8219,8177,
40.908,7741,8227,8174,
40.919,7733,8250,8174,
40.93,7754,8224,8174,
40.937,7715,8222,8174,
40.948,7647,8209,8174,
40.958,7583,8206,8180,
40.969,7632,8224,8177,
40.979,7702,8222,8174,
40.987,7713,8232,8174,
41,7729,8237,8177,
41.009,7721,8232,8174,
41.018,7743,8239,8172,
41.027,7765,8222,8169,
41.037,7724,8227,8172,
41.05,7762,8230,8174,
41.057,7757,8237,8177,
41.068,7752,8219,8174,
41.077,7757,8224,8174,
41.09,7757,8222,8177,
41.098,7779,8219,8172,
41.108,7796,8222,8177,
41.117,7779,8219,8169,
41.129,7776,8222,8177,
41.138,7771,8212,8174,
41.149,7760,8209,8172,
41.158,7671,8206,8177,
41.168,7694,8212,8177,
41.18,7787,8222,8177,
41.187,7776,8201,8172,
41.197,7835,8230,8177,
41.209,7865,8212,8174,
41.218,7846,8217,8169,
41.227,7848,8206,8169,
41.238,7865,8201,8174,
41.248,7873,8212,8174,
41.257,7870,8204,8174,
41.268,7881,8206,8169,
41.277,7893,8212,8172,
41.288,7895,8204,8174,
41.299,7893,8201,8174,
41.309,7895,8196,8174,
41.32,7898,8206,8174,
41.326,7898,8196,8172,
41.338,7889,8201,8177,
41.349,7832,8196,8174,
41.357,7801,8193,8180,
41.369,7835,8199,8167,
41.377,7893,8209,8174,
41.389,7926,8193,8172,
41.398,7929,8191,8172,
41.407,7961,8196,8174,
41.419,7967,8191,8177,
41.427,7983,8193,8172,
41.438,8003,8196,8172,
41.447,8018,8186,8177,
41.456,8028,8183,8177,
41.467,8047,8183,8177,
41.478,8064,8183,8177,
41.487,8080,8178,8177,
41.498,8092,8178,8177,
41.507,8109,8178,8177,
41.518,8125,8175,8177,
41.525,8141,8173,8177,
41.538,8155,8173,8177,
41.547,8166,8173,8174,
41.559,8171,8173,8174,
41.567,8179,8170,8174,
41.575,8185,8170,8172,
41.586,8192,8173,8174,
41.599,8219,8178,8187,
41.607,8219,8173,8177,
41.618,8214,8173,8174,
41.627,8208,8173,8177,
41.637,8206,8173,8174,
41.646,8206,8173,8174,
41.658,8203,8173,8174,
41.668,8200,8173,8174,
41.678,8198,8173,8174,
41.687,8195,8173,8174,
41.697,8195,8173,8174,
41.708,8195,8173,8174,
41.718,8188,8173,8174,
41.727,8182,8173,8174,
41.736,8179,8173,8174,
41.746,8179,8173,8174,
41.755,8177,8173,8177,
41.768,8179,8173,8174,
41.777,8174,8173,8172,
41.785,8174,8173,8172,
41.798,8177,8173,8174,
41.807,8177,8173,8174,
41.817,8177,8173,8174,
41.825,8177,8173,8174,
41.839,8174,8173,8174,
41.847,8177,8173,8174,
41.859,8174,8173,8177,
41.867,8177,8173,8174,
41.875,8177,8173,8177,
41.889,8177,8173,8174,
41.899,8177,8173,8174,
41.908,8177,8173,8177,
41.917,8177,8173,8177,
41.927,8177,8173,8177,
41.937,8177,8173,8177,
41.945,8177,8173,8177,
41.956,8174,8170,8180,
41.965,8177,8173,8177,
41.976,8174,8170,8180,
41.987,8177,8173,8177,
41.995,8174,8173,8177,
42.006,8177,8173,8177,
42.017,8177,8173,8177,
42.026,8177,8173,8177,
42.036,8177,8173,8177,
42.044,8177,8173,8177,
42.058,8174,8173,8174,
42.067,8177,8173,8174,
42.077,8177,8173,8174,
42.087,8177,8173,8172,
42.097,8174,8173,8172,
42.108,8174,8173,8172,
42.117,8177,8173,8174,
42.126,8177,8173,8174,
42.139,8177,8173,8172,
42.148,8177,8173,8174,
42.159,8177,8173,8174,
42.167,8177,8173,8174,
42.175,8174,8175,8169,
42.187,8174,8173,8172,
42.196,8177,8173,8174,
42.206,8177,8173,8174,
42.216,8177,8173,8174,
42.226,8177,8173,8174,
42.236,8177,8173,8174,
42.247,8174,8173,8174,
42.256,8177,8173,8174,
42.267,8177,8170,8174,
42.277,8174,8173,8174,
42.288,8177,8173,8174,
42.297,8174,8173,8174,
42.305,8174,8173,8174,
42.317,8177,8173,8174,
42.327,8177,8173,8174,
42.337,8177,8173,8174,
42.347,8177,8173,8174,
42.358,8177,8173,8174,
42.368,8177,8173,8174,
42.378,8177,8173,8174,
42.386,8177,8173,8177,
42.397,8177,8173,8174,
42.408,8174,8173,8174,
42.416,8177,8173,8174,
42.425,8177,8173,8174,
42.439,8174,8173,8174,
42.447,8174,8173,8174,
42.459,8177,8173,8174,
42.467,8177,8173,8177,
42.476,8177,8173,8177,
42.487,8177,8173,8177,
42.498,8177,8173,8177,
42.507,8177,8173,8177,
42.515,8174,8173,8174,
42.526,8177,8173,8177,
42.534,8177,8173,8177,
42.547,8177,8173,8177,
42.555,8174,8173,8177,
42.564,8177,8173,8177,
42.576,8174,8173,8174,
42.586,8174,8173,8174,
42.595,8174,8173,8172,
42.606,8177,8173,8174,
42.616,8177,8173,8172,
42.627,8177,8173,8172,
42.635,8174,8173,8174,
42.647,8177,8173,8172,
42.656,8174,8173,8174,
42.668,8174,8175,8174,
42.676,8177,8175,8174,
42.686,8177,8175,8174,
42.695,8174,8175,8174,
42.708,8177,8175,8174,
42.715,8177,8173,8174,
42.725,8177,8175,8174,
42.734,8177,8175,8174,
42.746,8177,8175,8172,
42.756,8174,8175,8174,
42.765,8174,8173,8174,
42.776,8171,8173,8177,
42.786,8174,8170,8177,
42.795,8171,8173,8174,
42.806,8174,8173,8177,
42.815,8174,8170,8177,
42.825,8174,8173,8177,
42.836,8174,8173,8177,
42.847,8174,8173,8177,
42.856,8174,8173,8177,
42.868,8177,8173,8177,
42.876,8177,8175,8174,
42.886,8177,8175,8172,
42.893,8177,8175,8174,
42.905,8177,8175,8172,
42.914,8177,8175,8174,
42.927,8177,8175,8172,
42.933,8177,8175,8174,
42.945,8177,8175,8172,
42.956,8177,8175,8172,
42.965,8177,8175,8172,
42.975,8177,8173,8172,
42.984,8177,8173,8177,
42.995,8177,8173,8177,
43.005,8177,8173,8177,
43.017,8174,8173,8177,
43.024,8177,8170,8177,
43.034,8177,8173,8177,
43.046,8177,8173,8177,
43.055,8177,8173,8174,
43.064,8177,8173,8177,
43.078,8177,8173,8177,
43.084,8174,8173,8174,
43.097,8177,8173,8174,
43.103,8177,8173,8174,
43.114,8174,8173,8172,
43.125,8174,8173,8174,
43.135,8177,8173,8174,
43.144,8177,8173,8174,
43.155,8177,8170,8172,
43.165,8177,8173,8174,
43.175,8174,8173,8172,
43.186,8174,8173,8174,
43.194,8177,8173,8174,
43.205,8174,8173,8174,
43.215,8177,8173,8174,
43.225,8177,8173,8172,
43.234,8177,8173,8174,
43.246,8177,8173,8174,
43.258,8177,8173,8174,
43.266,8174,8173,8172,
43.275,8177,8173,8174,
43.284,8177,8173,8174,
43.295,8177,8173,8174,
43.303,8177,8173,8174,
43.314,8177,8173,8172,
43.325,8177,8173,8174,
43.335,8177,8173,8172,
43.347,8177,8173,8174,
43.355,8177,8170,8174,
43.363,8177,8173,8174,
43.374,8174,8173,8172,
43.386,8177,8173,8174,
43.395,8174,8173,8174,
43.404,8177,8173,8174,
43.413,8177,8173,8174,
43.426,8177,8173,8174,
43.434,8177,8173,8172,
43.446,8177,8173,8172,
43.455,8177,8173,8172,
43.466,8177,8173,8174,
43.473,8177,8173,8174,
43.484,8177,8173,8172,
43.497,8177,8173,8174,
43.505,8177,8170,8174,
43.516,8174,8173,8172,
43.526,8177,8173,8174,
43.534,8177,8173,8174,
43.543,8177,8173,8174,
43.553,8177,8173,8174,
43.564,8177,8173,8174,
43.573,8177,8173,8174,
43.584,8177,8173,8177,
43.594,8177,8173,8174,
43.605,8174,8173,8172,
43.615,8177,8173,8174,
43.625,8177,8173,8172,
43.636,8177,8173,8174,
43.647,8177,8173,8174,
43.654,8177,8173,8174,
43.663,8177,8173,8174,
43.674,8177,8173,8174,
43.685,8177,8173,8174,
43.693,8174,8173,8174,
43.703,8177,8173,8174,
43.713,8177,8173,8174,
43.725,8177,8175,8174,
43.735,8177,8175,8174,
43.744,8177,8175,8172,
43.753,8177,8175,8174,
43.762,8179,8175,8174,
43.774,8177,8175,8177,
43.785,8177,8173,8174,
43.793,8177,8175,8174,
43.804,8177,8175,8172,
43.815,8177,8175,8174,
43.823,8177,8175,8174,
43.832,8177,8175,8174,
43.843,8174,8175,8174,
43.855,8177,8175,8174,
43.864,8177,8175,8174,
43.873,8177,8175,8172,
43.885,8174,8175,8174,
43.894,8177,8175,8172,
43.904,8177,8175,8177,
43.914,8177,8175,8177,
43.925,8177,8175,8177,
43.935,8177,8175,8177,
43.945,8177,8175,8177,
43.956,8177,8175,8174,
43.963,8177,8175,8174,
43.976,8177,8173,8177,
43.984,8174,8173,8177,
43.994,8177,8175,8177,
44.003,8177,8175,8174,
44.014,8171,8175,8174,
44.025,8174,8173,8174,
44.035,8174,8173,8174,
44.044,8174,8173,8172,
44.055,8171,8173,8172,
44.063,8174,8173,8174,
44.074,8174,8173,8174,
44.083,8174,8170,8174,
44.092,8174,8173,8174,
44.105,8174,8173,8174,
44.114,8177,8173,8174,
44.125,8177,8173,8174,
44.133,8177,8170,8174,
44.143,8177,8170,8174,
44.153,8174,8170,8174,
44.167,8174,8170,8177,
44.173,8174,8170,8172,
44.184,8177,8170,8174,
44.193,8177,8170,8172,
44.205,8177,8170,8174,
44.214,8174,8170,8174,
44.222,8177,8170,8174,
44.235,8177,8175,8174,
44.244,8177,8175,8174,
44.254,8177,8175,8174,
44.264,8177,8175,8174,
44.274,8177,8175,8174,
44.283,8177,8175,8174,
44.294,8177,8175,8174,
44.303,8177,8175,8174,
44.313,8177,8175,8172,
44.324,8177,8175,8174,
44.332,8174,8175,8174,
44.343,8177,8173,8174,
44.354,8177,8173,8174,
44.364,8174,8173,8174,
44.374,8177,8173,8174,
44.383,8177,8173,8174,
44.393,8177,8173,8174,
44.403,8177,8173,8174,
44.412,8174,8173,8174,
44.425,8177,8173,8174,
44.431,8177,8173,8174,
44.444,8177,8173,8172,
44.454,8177,8173,8172,
44.464,8177,8173,8172,
44.474,8177,8173,8174,
44.482,8177,8173,8174,
44.494,8177,8173,8174,
44.503,8177,8173,8174,
44.514,8177,8173,8174,
44.523,8177,8173,8174,
44.532,8174,8173,8174,
44.542,8174,8173,8174,
44.553,8171,8170,8172,
44.564,8174,8173,8172,
44.573,8171,8175,8177,
44.584,8171,8170,8174,
44.592,8174,8173,8174,
44.602,8171,8173,8174,
44.612,8174,8173,8174,
44.624,8174,8173,8172,
44.635,8174,8173,8174,
44.644,8177,8173,8174,
44.653,8177,8173,8174,
44.663,8177,8173,8174,
44.671,8177,8173,8174,
44.682,8177,8173,8174,
44.693,8177,8173,8174,
44.702,8177,8170,8174,
44.714,8177,8173,8172,
44.722,8177,8173,8174,
44.732,8177,8173,8174,
44.742,8174,8173,8174,
44.755,8177,8173,8174,
44.763,8177,8173,8174,
44.774,8171,8173,8172,
44.781,8174,8170,8174,
44.794,8174,8173,8174,
44.804,8177,8173,8174,
44.812,8177,8173,8174,
44.824,8177,8173,8174,
44.833,8177,8173,8174,
44.843,8177,8173,8174,
44.854,8177,8173,8174,
44.864,8177,8175,8174,
44.874,8177,8175,8172,
44.884,8177,8175,8174,
44.895,8177,8175,8174,
44.9,8177,8175,8174,
44.913,8177,8175,8174,
44.924,8177,8175,8174,
44.932,8177,8175,8174,
44.944,8177,8175,8174,
44.955,8177,8173,8172,
44.961,8177,8175,8174,
44.975,8174,8173,8172,
44.983,8174,8173,8172,
44.993,8177,8173,8172,
45.005,8174,8173,8174,
45.014,8174,8173,8174,
45.026,8177,8173,8174,
45.033,8177,8173,8172,
45.042,8174,8173,8174,
45.054,8177,8173,8174,
45.063,8177,8173,8174,
45.072,8177,8173,8174,
45.082,8177,8173,8174,
45.091,8177,8173,8172,
45.104,8177,8173,8174,
45.113,8177,8173,8174,
45.121,8177,8173,8174,
45.134,8177,8173,8174,
45.143,8177,8173,8174,
45.152,8174,8173,8174,
45.161,8177,8173,8174,
45.173,8171,8173,8174,
45.181,8177,8173,8172,
45.193,8174,8173,8174,
45.202,8177,8173,8174,
45.211,8177,8170,8174,
45.224,8174,8173,8174,
45.232,8177,8170,8177,
45.242,8177,8173,8174,
45.254,8177,8173,8174,
45.264,8177,8173,8177,
45.271,8177,8173,8177,
45.283,8177,8173,8177,
45.293,8177,8173,8177,
45.302,8177,8170,8177,
45.312,8177,8173,8177,
45.323,8177,8173,8174,
45.333,8177,8173,8177,
45.34,8177,8173,8174,
45.354,8174,8173,8172,
45.361,8177,8175,8174,
45.374,8171,8170,8172,
45.383,8171,8173,8172,
45.392,8174,8173,8172,
45.402,8174,8173,8172,
45.411,8174,8173,8174,
45.422,8174,8170,8174,
45.432,8174,8173,8172,
45.441,8174,8173,8177,
45.452,8174,8173,8177,
45.463,8174,8173,8177,
45.472,8177,8173,8177,
45.483,8177,8173,8177,
45.49,8177,8170,8177,
45.501,8177,8173,8177,
45.513,8177,8173,8177,
45.521,8174,8173,8174,
45.53,8177,8170,8177,
45.541,8177,8173,8172,
45.552,8174,8173,8172,
45.562,8177,8173,8174,
45.573,8174,8170,8174,
45.581,8174,8173,8174,
45.592,8177,8173,8174,
45.602,8174,8173,8174,
45.611,8174,8170,8174,
45.619,8177,8173,8174,
45.633,8177,8173,8174,
45.642,8177,8173,8174,
45.652,8177,8170,8177,
45.662,8177,8173,8174,
45.672,8177,8173,8174,
45.683,8177,8173,8177,
45.691,8177,8173,8177,
45.702,8177,8173,8177,
45.71,8177,8173,8177,
45.722,8177,8173,8177,
45.733,8177,8173,8177,
45.741,8177,8173,8174,
45.751,8177,8173,8172,
45.759,8177,8173,8174,
45.771,8177,8175,8172,
45.782,8174,8173,8174,
45.791,8177,8173,8174,
45.799,8177,8173,8174,
45.811,8177,8173,8174,
45.821,8174,8173,8174,
45.833,8177,8173,8174,
45.842,8177,8173,8174,
45.851,8177,8173,8174,
45.862,8177,8173,8174,
45.872,8177,8173,8174,
45.882,8177,8170,8174,
45.892,8177,8173,8174,
45.9,8174,8173,8172,
45.913,8177,8173,8172,
45.92,8177,8173,8174,
45.932,8177,8173,8174,
45.941,8177,8173,8174,
45.951,8174,8173,8172,
45.961,8174,8173,8174,
45.972,8174,8173,8177,
45.982,8174,8173,8174,
45.991,8177,8173,8174,
46.001,8177,8170,8174,
46.01,8177,8173,8172,
46.022,8177,8173,8172,
46.031,8177,8173,8174,
46.043,8177,8173,8174,
46.052,8174,8173,8174,
46.063,8177,8173,8174,
46.071,8177,8173,8174,
46.083,8177,8173,8174,
46.089,8177,8173,8174,
46.101,8177,8173,8172,
46.11,8177,8173,8174,
46.122,8177,8175,8172,
46.131,8177,8175,8174,
46.141,8177,8175,8174,
46.151,8174,8175,8174,
46.161,8174,8175,8174,
46.169,8179,8173,8172,
46.181,8177,8173,8174,
46.191,8177,8175,8174,
46.201,8177,8175,8172,
46.209,8177,8175,8174,
46.222,8177,8175,8172,
46.232,8177,8173,8174,
46.243,8177,8173,8174,
46.249,8177,8170,8174,
46.26,8177,8173,8177,
46.272,8177,8173,8177,
46.28,8177,8173,8177,
46.292,8177,8173,8177,
46.298,8177,8173,8174,
46.311,8177,8173,8177,
46.32,8177,8173,8177,
46.329,8177,8173,8177,
46.34,8177,8173,8177,
46.35,8174,8173,8180,
46.361,8177,8173,8177,
46.371,8171,8173,8174,
46.38,8174,8173,8174,
46.389,8177,8173,8174,
46.401,8177,8173,8174,
46.41,8174,8173,8172,
46.422,8174,8173,8172,
46.429,8171,8173,8174,
46.441,8174,8173,8174,
46.451,8171,8173,8174,
46.459,8174,8173,8174,
46.472,8174,8173,8174,
46.483,8171,8173,8174,
46.49,8174,8173,8174,
46.502,8174,8173,8174,
46.511,8174,8173,8174,
46.52,8177,8173,8174,
46.532,8177,8170,8174,
46.54,8177,8173,8174,
46.55,8177,8173,8172,
46.56,8177,8173,8177,
46.569,8177,8173,8177,
46.58,8179,8173,8174,
46.592,8177,8173,8177,
46.603,8177,8173,8174,
46.61,8177,8173,8177,
46.619,8177,8173,8177,
46.631,8177,8173,8177,
46.642,8177,8173,8177,
46.648,8177,8173,8177,
46.66,8177,8173,8177,
46.672,8174,8173,8174,
46.68,8177,8173,8174,
46.692,8177,8173,8174,
46.701,8177,8173,8172,
46.709,8177,8173,8174,
46.721,8174,8173,8174,
46.73,8177,8173,8172,
46.74,8177,8173,8174,
46.751,8174,8173,8174,
46.76,8174,8173,8177,
46.771,8177,8173,8177,
46.781,8179,8173,8174,
46.792,8177,8173,8174,
46.8,8177,8173,8174,
46.811,8177,8173,8174,
46.819,8177,8173,8174,
46.83,8174,8173,8174,
46.841,8177,8173,8172,
46.85,8177,8173,8172,
46.86,8177,8173,8172,
46.87,8177,8173,8177,
46.88,8177,8173,8177,
46.891,8177,8173,8174,
46.897,8177,8173,8177,
46.91,8174,8173,8177,
46.919,8177,8173,8177,
46.93,8177,8173,8177,
46.94,8177,8173,8177,
46.951,8174,8170,8177,
46.96,8177,8173,8174,
46.971,8174,8173,8174,
46.98,8174,8173,8177,
46.99,8174,8173,8177,
46.999,8177,8173,8177,
47.009,8177,8173,8174,
47.02,8177,8173,8177,
47.029,8177,8173,8177,
47.04,8177,8173,8177,
47.049,8174,8173,8177,
47.061,8177,8173,8174,
47.069,8177,8173,8177,
47.08,8174,8173,8177,
47.09,8174,8173,8177,
47.101,8177,8173,8174,
47.11,8177,8173,8177,
47.119,8177,8173,8177,
47.129,8177,8173,8177,
47.141,8177,8173,8177,
47.152,8177,8170,8172,
47.16,8174,8173,8177,
47.168,8179,8178,8177,
47.181,8177,8175,8174,
47.189,8177,8175,8177,
47.201,8177,8175,8177,
47.209,8177,8175,8177,
47.22,8177,8175,8177,
47.229,8177,8175,8177,
47.24,8174,8175,8177,
47.249,8171,8175,8177,
47.261,8171,8175,8174,
47.269,8171,8175,8177,
47.282,8174,8173,8174,
47.29,8174,8173,8174,
47.299,8174,8173,8172,
47.309,8174,8173,8174,
47.32,8171,8173,8174,
47.33,8174,8173,8174,
47.341,8171,8173,8174,
47.349,8174,8173,8174,
47.362,8177,8173,8177,
47.369,8171,8173,8172,
47.381,8174,8173,8169,
47.391,8174,8173,8177,
47.4,8174,8173,8177,
47.411,8174,8173,8177,
47.421,8174,8173,8177,
47.43,8174,8173,8177,
47.441,8174,8173,8177,
47.448,8177,8173,8177,
47.459,8177,8173,8177,
47.468,8177,8173,8177,
47.48,8177,8173,8177,
47.489,8177,8173,8174,
47.5,8177,8173,8174,
47.51,8177,8173,8174,
47.521,8177,8173,8174,
47.53,8177,8173,8174,
47.539,8177,8173,8174,
47.55,8174,8168,8172,
47.559,8174,8173,8172,
47.569,8177,8173,8172,
47.581,8174,8173,8172,
47.588,8177,8173,8177,
47.6,8177,8173,8177,
47.611,8174,8173,8177,
47.619,8177,8173,8177,
47.629,8177,8170,8177,
47.637,8177,8173,8177,
47.65,8177,8173,8177,
47.66,8174,8173,8177,
47.671,8174,8173,8177,
47.677,8174,8173,8177,
47.69,8174,8173,8174,
47.7,8174,8173,8174,
47.707,8174,8173,8172,
47.72,8174,8173,8172,
47.729,8174,8173,8172,
47.738,8174,8173,8172,
47.75,8171,8173,8174,
47.757,8174,8173,8174,
47.77,8177,8173,8177,
47.779,8174,8173,8174,
47.79,8174,8173,8174,
47.796,8174,8173,8174,
47.808,8177,8173,8174,
47.82,8177,8173,8174,
47.828,8177,8173,8174,
47.839,8174,8173,8174,
47.847,8177,8173,8174,
47.86,8177,8173,8174,
47.87,8177,8173,8174,
47.877,8177,8173,8174,
47.888,8174,8173,8174,
47.899,8177,8173,8174,
47.907,8174,8173,8174,
47.916,8174,8173,8172,
47.928,8177,8173,8174,
47.937,8177,8173,8174,
47.948,8174,8173,8172,
47.96,8177,8173,8174,
47.97,8174,8173,8169,
47.979,8174,8173,8172,
47.989,8177,8173,8174,
48,8177,8173,8177,
48.009,8177,8173,8177,
48.018,8177,8173,8174,
48.027,8177,8173,8177,
48.041,8177,8173,8177,
48.049,8177,8173,8174,
48.059,8174,8173,8177,
48.068,8177,8173,8177,
48.079,8177,8173,8177,
48.087,8177,8173,8174,
48.097,8177,8173,8177,
48.109,8177,8173,8177,
48.118,8177,8173,8177,
48.129,8177,8173,8177,
48.139,8177,8173,8177,
48.149,8174,8173,8174,
48.158,8177,8173,8177,
48.167,8171,8173,8177,
48.178,8174,8173,8177,
48.189,8174,8173,8177,
48.198,8177,8173,8174,
48.207,8177,8173,8174,
48.217,8177,8173,8174,
48.228,8174,8173,8174,
48.237,8177,8173,8174,
48.249,8177,8173,8174,
48.259,8177,8173,8172,
48.269,8174,8173,8174,
48.278,8174,8173,8172,
48.288,8174,8173,8174,
48.299,8177,8173,8174,
48.306,8177,8173,8174,
48.318,8177,8173,8172,
48.327,8177,8173,8174,
48.338,8174,8173,8174,
48.349,8177,8173,8174,
48.358,8177,8173,8174,
48.367,8171,8173,8172,
48.377,8177,8173,8172,
48.387,8177,8173,8172,
48.398,8177,8170,8174,
48.407,8177,8173,8177,
48.419,8177,8173,8177,
48.43,8174,8173,8177,
48.436,8177,8173,8177,
48.447,8174,8173,8177,
48.456,8174,8173,8177,
48.467,8177,8173,8177,
48.476,8177,8173,8177,
48.489,8177,8173,8177,
48.497,8177,8173,8177,
48.508,8177,8173,8177,
48.516,8177,8173,8177,
48.527,8177,8173,8177,
48.537,8177,8173,8177,
48.548,8174,8173,8174,
48.558,8177,8170,8177,
48.568,8171,8173,8177,
48.577,8174,8175,8177,
48.586,8177,8173,8174,
48.6,8177,8173,8177,
48.609,8177,8173,8177,
48.617,8177,8173,8174,
48.627,8177,8173,8174,
48.637,8177,8173,8174,
48.647,8177,8173,8172,
48.657,8174,8173,8174,
48.666,8177,8173,8172,
48.678,8174,8173,8172,
48.688,8177,8173,8174,
48.697,8177,8173,8174,
48.71,8177,8173,8172,
48.717,8177,8173,8177,
48.727,8177,8173,8177,
48.736,8177,8173,8177,
48.747,8177,8175,8174,
48.757,8174,8175,8174,
48.767,8179,8175,8177,
48.776,8179,8175,8177,
48.788,8177,8175,8177,
48.797,8177,8175,8177,
48.81,8177,8175,8177,
48.817,8177,8175,8177,
48.827,8177,8175,8174,
48.836,8177,8175,8177,
48.85,8177,8173,8174,
48.856,8177,8173,8174,
48.867,8177,8173,8177,
48.877,8177,8173,8177,
48.887,8177,8173,8174,
48.898,8177,8173,8177,
48.906,8174,8173,8177,
48.917,8177,8173,8174,
48.928,8177,8173,8177,
48.938,8177,8173,8174,
48.947,8177,8173,8174,
48.958,8174,8175,8177,
48.966,8174,8173,8177,
48.978,8174,8175,8177,
48.986,8174,8173,8174,
48.998,8174,8175,8174,
49.007,8174,8175,8177,
49.019,8174,8175,8177,
49.025,8174,8175,8177,
49.037,8174,8175,8177,
49.047,8174,8175,8177,
49.06,8171,8173,8177,
49.067,8174,8173,8177,
49.078,8174,8173,8174,
49.088,8174,8173,8177,
49.097,8171,8173,8177,
49.107,8171,8173,8177,
49.117,8174,8173,8174,
49.127,8177,8173,8177,
49.139,8177,8173,8174,
49.145,8177,8173,8177,
49.157,8177,8173,8177,
49.168,8177,8170,8174,
49.178,8177,8173,8177,
49.188,8177,8173,8177,
49.196,8177,8173,8174,
49.21,8177,8173,8177,
49.217,8177,8173,8177,
49.228,8174,8173,8177,
49.237,8174,8170,8177,
49.248,8177,8173,8177,
49.259,8174,8173,8177,
49.267,8177,8173,8177,
49.278,8174,8173,8174,
49.288,8177,8173,8177,
49.297,8177,8170,8177,
49.308,8177,8173,8177,
49.318,8174,8173,8177,
49.327,8177,8173,8177,
49.336,8177,8173,8174,
49.348,8177,8170,8174,
49.357,8177,8173,8174,
49.365,8179,8173,8174,
49.374,8179,8173,8172,
49.386,8177,8173,8174,
49.396,8177,8170,8174,
49.405,8177,8173,8174,
49.419,8177,8173,8174,
49.428,8177,8173,8174,
49.437,8177,8173,8174,
49.446,8177,8173,8174,
49.456,8177,8173,8174,
49.468,8177,8170,8174,
49.477,8177,8173,8174,
49.487,8177,8173,8174,
49.496,8177,8173,8174,
49.508,8177,8173,8174,
49.516,8177,8170,8172,
49.526,8177,8173,8174,
49.538,8177,8173,8174,
49.547,8171,8173,8172,
49.558,8174,8173,8174,
49.568,8174,8173,8172,
49.576,8174,8173,8177,
49.586,8174,8173,8174,
49.594,8174,8173,8174,
49.606,8174,8173,8174,
49.616,8174,8173,8174,
49.625,8174,8173,8174,
49.637,8174,8173,8174,
49.646,8174,8173,8174,
49.655,8171,8173,8174,
49.666,8174,8173,8174,
49.676,8171,8173,8174,
49.685,8171,8173,8174,
49.696,8171,8173,8174,
49.707,8174,8173,8174,
49.717,8174,8173,8174,
49.726,8174,8173,8174,
49.738,8174,8173,8174,
49.748,8174,8173,8174,
49.755,8177,8173,8174,
49.766,8179,8170,8172,
49.776,8179,8173,8174,
49.787,8177,8173,8174,
49.796,8177,8173,8174,
49.807,8177,8173,8172,
49.814,8174,8173,8172,
49.828,8177,8173,8174,
49.835,8174,8173,8174,
49.844,8177,8173,8172,
49.859,8177,8173,8174,
49.865,8177,8173,8174,
49.876,8177,8173,8174,
49.884,8177,8173,8174,
49.897,8177,8173,8174,
49.905,8174,8173,8174,
49.917,8177,8173,8174,
49.925,8177,8173,8174,
49.936,8177,8173,8174,
49.947,8174,8173,8174,
49.955,8177,8173,8177,
49.966,8174,8173,8177,
49.973,8174,8173,8174,
49.987,8174,8173,8174,
49.997,8177,8173,8177,
50.006,8177,8173,8177,
50.015,8177,8173,8177,
50.027,8177,8173,8177,
50.035,8177,8173,8177,
50.046,8177,8173,8177,
50.058,8177,8173,8177,
50.064,8177,8173,8177,
50.077,8177,8170,8177,
50.085,8177,8173,8177,
50.094,8177,8173,8174,
50.106,8177,8173,8177,
50.116,8174,8173,8177,
50.127,8174,8173,8177,
50.133,8177,8173,8177,
50.145,8177,8173,8174,
50.156,8177,8173,8174,
50.165,8174,8173,8172,
50.174,8174,8173,8174,
50.184,8177,8173,8174,
50.194,8177,8173,8174,
50.205,8177,8173,8174,
50.214,8177,8173,8174,
50.225,8177,8173,8172,
50.234,8177,8173,8174,
50.247,8174,8173,8174,
50.255,8174,8173,8174,
50.263,8177,8173,8174,
50.277,8177,8173,8174,
50.287,8177,8173,8174,
50.295,8174,8170,8174,
50.304,8177,8170,8174,
50.315,8177,8170,8174,
50.323,8177,8173,8172,
50.335,8177,8173,8174,
50.346,8177,8173,8174,
50.356,8174,8173,8177,
50.365,8177,8173,8174,
50.376,8177,8173,8174,
50.385,8177,8173,8177,
50.393,8177,8173,8177,
50.406,8177,8173,8177,
50.416,8177,8173,8177,
50.425,8177,8173,8177,
50.433,8177,8173,8177,
50.444,8177,8173,8177,
50.455,8177,8173,8174,
50.463,8177,8173,8174,
50.474,8177,8173,8174,
50.483,8174,8173,8174,
50.495,8174,8173,8174,
50.503,8177,8173,8172,
50.515,8177,8173,8174,
50.523,8177,8173,8174,
50.535,8174,8173,8174,
50.545,8174,8173,8172,
50.554,8177,8173,8174,
50.563,8171,8173,8172,
50.574,8174,8173,8174,
50.585,8177,8173,8174,
50.594,8174,8173,8174,
50.605,8177,8173,8174,
50.616,8177,8173,8174,
50.624,8177,8173,8174,
50.633,8177,8173,8174,
50.643,8177,8173,8174,
50.654,8177,8173,8174,
50.665,8174,8173,8177,
50.674,8177,8173,8177,
50.686,8177,8173,8177,
50.695,8177,8173,8177,
50.705,8174,8173,8177,
50.716,8177,8173,8177,
50.725,8177,8173,8177,
50.736,8177,8173,8177,
50.744,8174,8173,8177,
50.754,8177,8173,8180,
50.766,8179,8173,8172,
50.773,8177,8173,8174,
50.785,8177,8173,8174,
50.796,8174,8173,8174,
50.804,8177,8173,8172,
50.836,8177,8173,8174,
50.837,8177,8173,8174,
50.837,8177,8173,8172,
50.846,8177,8173,8174,
50.856,8177,8173,8172,
50.864,8177,8173,8174,
50.873,8177,8173,8174,
50.886,8177,8173,8174,
50.895,8177,8173,8174,
50.905,8174,8173,8174,
50.915,8174,8173,8172,
50.924,8177,8173,8174,
50.936,8177,8173,8172,
50.945,8174,8173,8172,
50.955,8177,8173,8174,
50.963,8174,8170,8169,
50.975,8174,8173,8174,
50.984,8174,8173,8174,
50.992,8177,8173,8174,
51.005,8174,8173,8174,
51.017,8174,8173,8174,
51.024,8174,8173,8174,
51.034,8171,8173,8174,
51.046,8174,8173,8172,
51.054,8171,8173,8174,
51.066,8174,8173,8174,
51.075,8174,8173,8174,
51.085,8174,8173,8174,
51.094,8174,8173,8174,
51.104,8174,8173,8174,
51.112,8177,8173,8174,
51.125,8177,8173,8174,
51.135,8177,8173,8174,
51.144,8177,8170,8174,
51.153,8177,8173,8174,
51.164,8179,8170,8174,
51.174,8179,8173,8177,
51.184,8177,8173,8177,
51.193,8177,8173,8177,
51.204,8177,8170,8177,
51.213,8174,8173,8174,
51.223,8174,8173,8177,
51.234,8174,8173,8177,
51.245,8174,8173,8177,
51.255,8174,8173,8177,
51.263,8171,8173,8177,
51.274,8174,8173,8174,
51.284,8174,8173,8174,
51.292,8174,8173,8174,
51.305,8174,8173,8174,
51.312,8174,8173,8174,
51.324,8177,8173,8172,
51.333,8177,8173,8174,
51.345,8174,8168,8172,
51.353,8177,8170,8174,
51.364,8174,8175,8177,
51.376,8174,8173,8174,
51.384,8177,8173,8177,
51.392,8177,8173,8177,
51.404,8177,8173,8177,
51.414,8177,8173,8177,
51.426,8177,8173,8177,
51.434,8177,8173,8177,
51.442,8177,8173,8177,
51.456,8177,8173,8177,
51.465,8177,8173,8177,
51.473,8177,8173,8177,
51.484,8177,8173,8174,
51.493,8177,8173,8174,
51.501,8177,8173,8174,
51.513,8174,8173,8172,
51.525,8177,8173,8174,
51.534,8177,8173,8174,
51.543,8177,8173,8174,
51.553,8174,8173,8174,
51.565,8179,8173,8172,
51.576,8177,8173,8174,
51.582,8177,8173,8174,
51.595,8177,8173,8172,
51.606,8177,8173,8174,
51.611,8177,8173,8174,
51.624,8177,8173,8174,
51.634,8177,8173,8172,
51.644,8177,8173,8174,
51.654,8177,8173,8174,
51.662,8174,8173,8174,
51.672,8174,8173,8174,
51.684,8174,8173,8174,
51.693,8177,8173,8174,
51.704,8177,8173,8174,
51.714,8177,8170,8174,
51.723,8177,8170,8174,
51.734,8177,8173,8174,
51.742,8177,8170,8174,
51.754,8177,8173,8174,
51.763,8174,8173,8174,
51.773,8177,8173,8174,
51.784,8174,8170,8174,
51.793,8177,8173,8172,
51.804,8177,8173,8174,
51.813,8177,8173,8174,
51.825,8177,8173,8174,
51.837,8177,8173,8174,
51.843,8177,8173,8174,
51.854,8177,8173,8174,
51.864,8177,8173,8174,
51.874,8177,8173,8172,
51.885,8177,8173,8174,
51.891,8177,8173,8174,
51.902,8177,8173,8174,
51.916,8177,8173,8174,
51.922,8177,8173,8174,
51.932,8179,8170,8174,
51.944,8177,8173,8174,
51.953,8174,8173,8174,
51.963,8171,8173,8174,
51.972,8174,8173,8172,
51.983,8171,8173,8174,
51.993,8171,8173,8174,
52.003,8171,8173,8174,
52.014,8174,8170,8174,
52.022,8174,8173,8174,
52.034,8174,8173,8174,
52.043,8174,8173,8174,
52.053,8177,8173,8174,
52.061,8177,8170,8174,
52.072,8177,8173,8174,
52.084,8177,8173,8174,
52.094,8177,8170,8174,
52.102,8177,8173,8174,
52.113,8177,8173,8174,
52.124,8177,8170,8174,
52.134,8177,8173,8174,
52.143,8177,8173,8174,
52.153,8177,8173,8174,
52.162,8174,8173,8174,
52.173,8174,8173,8174,
52.182,8174,8173,8174,
52.192,8174,8173,8174,
52.204,8174,8173,8174,
52.213,8171,8173,8174,
52.223,8174,8173,8174,
52.232,8171,8173,8174,
52.244,8174,8173,8174,
52.253,8174,8173,8174,
52.265,8177,8173,8174,
52.274,8177,8173,8174,
52.282,8177,8173,8174,
52.293,8177,8173,8174,
52.301,8177,8173,8174,
52.313,8177,8173,8174,
52.321,8177,8173,8174,
52.333,8177,8173,8174,
52.341,8174,8173,8169,
52.353,8177,8173,8174,
52.363,8174,8173,8172,
52.373,8174,8173,8174,
52.384,8177,8173,8174,
52.393,8174,8173,8174,
52.401,8177,8173,8174,
52.413,8177,8173,8174,
52.424,8177,8173,8174,
52.434,8177,8173,8174,
52.442,8177,8170,8174,
52.453,8177,8170,8174,
52.463,8177,8173,8174,
52.474,8174,8173,8174,
52.484,8174,8170,8174,
52.492,8174,8173,8174,
52.503,8174,8173,8172,
52.513,8174,8173,8174,
52.522,8174,8173,8174,
52.532,8174,8173,8174,
52.544,8174,8170,8174,
52.554,8174,8173,8174,
52.56,8171,8173,8174,
52.572,8174,8173,8177,
52.581,8177,8173,8174,
52.59,8177,8173,8174,
52.604,8177,8173,8174,
52.61,8177,8173,8174,
52.622,8177,8173,8174,
52.632,8177,8173,8174,
52.643,8177,8173,8174,
52.652,8174,8173,8174,
52.661,8177,8170,8174,
52.672,8177,8173,8174,
52.683,8174,8173,8174,
52.691,8177,8173,8174,
52.701,8177,8173,8174,
52.713,8177,8173,8174,
52.723,8177,8173,8174,
52.732,8177,8173,8174,
52.743,8174,8173,8174,
52.751,8174,8170,8174,
52.762,8171,8173,8174,
52.772,8174,8173,8174,
52.78,8177,8173,8172,
52.793,8177,8173,8174,
52.803,8177,8173,8174,
52.812,8174,8170,8174,
52.821,8174,8173,8174,
52.832,8174,8175,8174,
52.84,8177,8175,8174,
52.854,8174,8175,8174,
52.862,8174,8175,8174,
52.871,8174,8175,8174,
52.883,8177,8175,8174,
52.894,8174,8175,8174,
52.902,8174,8175,8174,
52.912,8182,8175,8174,
52.923,8182,8175,8174,
52.931,8182,8175,8174,
52.943,8185,8173,8177,
52.951,8188,8173,8174,
52.961,8185,8173,8172,
52.971,8185,8173,8177,
52.982,8188,8173,8174,
52.992,8195,8173,8174,
53.002,8198,8173,8174,
53.012,8206,8173,8174,
53.021,8222,8173,8177,
53.031,8230,8173,8177,
53.041,8227,8170,8177,
53.051,8233,8173,8177,
53.059,8238,8173,8177,
53.073,8241,8173,8177,
53.083,8241,8173,8177,
53.092,8252,8173,8180,
53.1,8254,8173,8180,
53.114,8252,8173,8177,
53.123,8249,8173,8180,
53.13,8252,8173,8177,
53.142,8268,8170,8174,
53.153,8265,8173,8182,
53.162,8257,8173,8182,
53.17,8263,8173,8180,
53.182,8268,8173,8182,
53.192,8279,8173,8182,
53.202,8285,8173,8185,
53.21,8299,8173,8185,
53.221,8315,8173,8185,
53.233,8329,8173,8187,
53.243,8342,8173,8190,
53.249,8358,8173,8190,
53.262,8369,8173,8192,
53.273,8387,8173,8192,
53.281,8398,8173,8198,
53.289,8412,8173,8198,
53.299,8420,8173,8200,
53.311,8428,8173,8203,
53.319,8444,8173,8200,
53.333,8476,8173,8198,
53.34,8522,8173,8192,
53.352,8481,8173,8205,
53.36,8479,8173,8208,
53.371,8492,8170,8208,
53.379,8500,8175,8208,
53.392,8506,8170,8210,
53.401,8517,8173,8210,
53.411,8536,8173,8213,
53.422,8536,8173,8216,
53.431,8558,8170,8218,
53.441,8567,8173,8226,
53.452,8581,8173,8221,
53.462,8592,8173,8228,
53.471,8605,8175,8231,
53.48,8611,8173,8231,
53.491,8627,8173,8231,
53.503,8624,8173,8235,
53.513,8639,8173,8243,
53.521,8656,8173,8241,
53.53,8718,8170,8221,
53.542,8761,8173,8210,
53.55,8686,8173,8241,
53.558,8678,8173,8241,
53.569,8670,8175,8238,
53.581,8689,8173,8246,
53.589,8699,8170,8246,
53.599,8694,8173,8243,
53.611,8691,8173,8243,
53.621,8697,8173,8243,
53.629,8697,8170,8241,
53.641,8710,8170,8248,
53.651,8694,8173,8248,
53.662,8707,8173,8248,
53.673,8699,8173,8246,
53.681,8689,8173,8241,
53.69,8686,8173,8246,
53.7,8689,8173,8241,
53.709,8686,8170,8231,
53.721,8686,8173,8238,
53.731,8725,8170,8228,
53.742,8830,8170,8205,
53.751,8718,8170,8231,
53.76,8683,8173,8241,
53.772,8672,8173,8241,
53.783,8667,8175,8235,
53.791,8672,8173,8238,
53.8,8659,8173,8243,
53.811,8678,8173,8238,
53.821,8659,8173,8241,
53.83,8670,8173,8241,
53.839,8670,8173,8235,
53.85,8661,8175,8243,
53.86,8670,8173,8243,
53.87,8672,8173,8241,
53.88,8672,8173,8246,
53.889,8680,8173,8241,
53.902,8672,8173,8235,
53.91,8675,8173,8238,
53.921,8667,8178,8235,
53.93,8718,8175,8226,
53.94,8816,8175,8203,
53.948,8747,8175,8228,
53.958,8680,8175,8251,
53.969,8675,8175,8241,
53.98,8675,8175,8243,
53.992,8683,8173,8246,
54,8672,8170,8238,
54.01,8686,8173,8243,
54.021,8667,8173,8243,
54.028,8664,8173,8241,
54.042,8672,8170,8238,
54.051,8667,8173,8238,
54.059,8661,8170,8241,
54.072,8656,8173,8235,
54.081,8661,8173,8238,
54.09,8644,8175,8241,
54.098,8635,8175,8238,
54.111,8653,8173,8238,
54.121,8653,8173,8231,
54.13,8705,8173,8221,
54.14,8769,8173,8208,
54.15,8699,8175,8226,
54.16,8632,8173,8231,
54.169,8624,8175,8226,
54.182,8619,8175,8231,
54.189,8619,8175,8231,
54.201,8619,8173,8235,
54.21,8605,8173,8235,
54.218,8608,8173,8226,
54.231,8600,8173,8226,
54.24,8589,8173,8223,
54.25,8600,8173,8221,
54.26,8589,8173,8223,
54.269,8581,8173,8221,
54.278,8576,8175,8223,
54.291,8570,8173,8223,
54.301,8573,8170,8223,
54.308,8558,8170,8223,
54.323,8570,8170,8218,
54.329,8605,8170,8216,
54.34,8670,8173,8195,
54.349,8586,8173,8213,
54.358,8556,8170,8213,
54.369,8538,8173,8216,
54.382,8536,8173,8216,
54.391,8538,8175,8218,
54.398,8536,8170,8221,
54.411,8536,8173,8221,
54.421,8530,8173,8218,
54.43,8533,8173,8218,
54.438,8536,8173,8213,
54.45,8530,8173,8213,
54.458,8522,8175,8216,
54.471,8525,8173,8210,
54.48,8522,8173,8216,
54.489,8522,8173,8213,
54.5,8511,8173,8210,
54.511,8514,8173,8210,
54.52,8511,8173,8210,
54.529,8546,8173,8203,
54.541,8630,8170,8187,
54.55,8553,8170,8205,
54.562,8509,8173,8213,
54.568,8498,8173,8210,
54.579,8495,8173,8208,
54.59,8490,8173,8208,
54.6,8490,8170,8208,
54.609,8487,8173,8210,
54.62,8479,8175,8208,
54.629,8476,8175,8205,
54.641,8471,8175,8208,
54.649,8461,8175,8205,
54.661,8458,8175,8205,
54.669,8461,8175,8205,
54.68,8455,8175,8205,
54.689,8450,8175,8205,
54.698,8452,8175,8203,
54.709,8450,8175,8203,
54.718,8455,8173,8203,
54.73,8506,8173,8192,
54.738,8570,8173,8182,
54.747,8503,8173,8200,
54.757,8450,8173,8210,
54.771,8450,8175,8200,
54.78,8447,8173,8203,
54.789,8439,8173,8200,
54.799,8436,8173,8205,
54.81,8433,8170,8200,
54.821,8428,8173,8203,
54.827,8423,8173,8200,
54.839,8420,8173,8200,
54.848,8414,8173,8198,
54.859,8406,8173,8200,
54.867,8401,8170,8200,
54.881,8396,8173,8198,
54.888,8385,8173,8198,
54.898,8372,8173,8195,
54.909,8364,8173,8195,
54.92,8350,8173,8192,
54.93,8356,8175,8190,
54.94,8385,8175,8177,
54.948,8353,8175,8185,
54.958,8310,8175,8190,
54.969,8296,8175,8185,
54.978,8283,8175,8185,
54.991,8263,8175,8182,
54.997,8249,8175,8180,
55.007,8233,8173,8177,
55.02,8219,8175,8177,
55.028,8203,8175,8174,
55.036,8188,8173,8174,
55.048,8177,8173,8174,
55.058,8168,8173,8172,
55.069,8160,8173,8177,
55.078,8139,8178,8177,
55.088,8122,8175,8174,
55.098,8106,8178,8177,
55.11,8092,8178,8177,
55.12,8077,8178,8177,
55.128,8055,8178,8177,
55.138,8018,8168,8174,
55.148,8028,8186,8174,
55.159,8012,8186,8174,
55.169,7988,8191,8174,
55.177,7983,8188,8174,
55.189,7967,8193,8174,
55.199,7953,8191,8174,
55.209,7945,8199,8174,
55.218,7921,8201,8174,
55.229,7909,8212,8174,
55.24,7886,8201,8174,
55.247,7870,8201,8177,
55.259,7862,8214,8172,
55.269,7832,8206,8177,
55.277,7824,8209,8177,
55.288,7824,8209,8177,
55.3,7801,8219,8177,
55.309,7791,8214,8177,
55.319,7787,8209,8177,
55.327,7713,8206,8174,
55.338,7652,8204,8172,
55.348,7710,8227,8177,
55.357,7724,8230,8180,
55.368,7715,8245,8177,
55.379,7733,8222,8174,
55.388,7718,8227,8172,
55.399,7710,8230,8177,
55.408,7707,8227,8177,
55.42,7707,8237,8180,
55.429,7721,8242,8172,
55.438,7702,8237,8172,
55.448,7694,8219,8180,
55.457,7688,8227,8172,
55.468,7686,8232,8174,
55.477,7696,8247,8174,
55.488,7707,8242,8174,
55.498,7710,8247,8180,
55.507,7713,8237,8180,
55.519,7674,8224,8169,
55.528,7586,8219,8177,
55.54,7553,8214,8172,
55.547,7553,8212,8185,
55.56,7639,8245,8169,
55.566,7663,8227,8180,
55.576,7647,8237,8177,
55.588,7666,8230,8177,
55.598,7649,8252,8174,
55.61,7647,8250,8180,
55.618,7676,8239,8177,
55.628,7691,8227,8180,
55.637,7671,8237,8177,
55.648,7686,8232,8177,
55.658,7671,8224,8180,
55.667,7655,8239,8174,
55.677,7676,8239,8172,
55.686,7660,8232,8172,
55.696,7671,8245,8177,
55.708,7688,8239,8172,
55.719,7658,8247,8169,
55.728,7597,8219,8185,
55.738,7541,8219,8172,
55.747,7555,8214,8169,
55.757,7649,8247,8177,
55.768,7647,8237,8169,
55.778,7655,8239,8172,
55.789,7671,8252,8172,
55.798,7688,8245,8177,
55.808,7666,8245,8177,
55.815,7674,8230,8172,
55.827,7671,8224,8169,
55.84,7713,8239,8174,
55.847,7713,8219,8174,
55.859,7733,8237,8172,
55.868,7729,8224,8169,
55.879,7738,8230,8172,
55.887,7724,8237,8174,
55.896,7741,8227,8169,
55.91,7726,8232,8177,
55.916,7741,8222,8169,
55.929,7668,8212,8174,
55.936,7605,8209,8174,
55.947,7655,8214,8169,
55.96,7729,8237,8167,
55.966,7718,8217,8177,
55.979,7718,8239,8169,
55.988,7721,8222,8169,
55.999,7729,8242,8174,
56.007,7733,8239,8177,
56.016,7743,8232,8177,
56.026,7738,8237,8174,
56.038,7738,8232,8172,
56.049,7733,8230,8174,
56.056,7741,8227,8172,
56.065,7724,8227,8172,
56.078,7715,8219,8172,
56.086,7733,8239,8174,
56.098,7738,8230,8174,
56.106,7733,8227,8174,
56.118,7724,8242,8174,
56.129,7663,8204,8169,
56.138,7608,8209,8172,
56.146,7671,8224,8172,
56.157,7699,8217,8174,
56.168,7699,8230,8174,
56.178,7707,8224,8174,
56.187,7726,8222,8172,
56.197,7718,8230,8172,
56.207,7729,8230,8169,
56.218,7726,8242,8174,
56.229,7724,8232,8177,
56.235,7738,8222,8172,
56.246,7762,8224,8172,
56.258,7760,8227,8177,
56.267,7746,8217,8172,
56.276,7752,8217,8174,
56.287,7757,8217,8174,
56.299,7757,8232,8172,
56.309,7776,8222,8172,
56.315,7765,8212,8174,
56.328,7726,8201,8177,
56.335,7668,8201,8172,
56.348,7735,8222,8172,
56.356,7752,8214,8172,
56.367,7760,8222,8177,
56.377,7765,8217,8167,
56.389,7760,8224,8172,
56.395,7768,8239,8177,
56.406,7760,8219,8182,
56.417,7768,8222,8172,
56.426,7776,8209,8177,
56.438,7781,8227,8180,
56.446,7784,8217,8172,
56.455,7781,8212,8174,
56.467,7784,8222,8174,
56.477,7796,8214,8169,
56.487,7804,8222,8169,
56.497,7784,8224,8174,
56.506,7804,8222,8174,
56.515,7793,8219,8174,
56.526,7762,8193,8174,
56.536,7702,8201,8174,
56.545,7743,8209,8174,
56.558,7791,8217,8177,
56.566,7799,8217,8177,
56.577,7807,8212,8174,
56.585,7829,8217,8174,
56.595,7804,8206,8172,
56.607,7818,8206,8174,
56.615,7809,8209,8172,
56.628,7807,8212,8177,
56.637,7804,8214,8174,
56.648,7818,8212,8174,
56.655,7815,8206,8172,
56.668,7824,8214,8174,
56.677,7820,8217,8180,
56.686,7815,8227,8177,
56.697,7815,8222,8177,
56.705,7824,8214,8174,
56.717,7832,8217,8172,
56.726,7762,8196,8172,
56.736,7733,8193,8174,
56.747,7779,8212,8182,
56.755,7807,8217,8169,
56.767,7829,8212,8174,
56.776,7832,8217,8174,
56.786,7832,8212,8172,
56.797,7824,8212,8174,
56.805,7829,8214,8172,
56.817,7840,8212,8174,
56.827,7827,8209,8172,
56.837,7827,8214,8172,
56.847,7835,8217,8174,
56.858,7829,8219,8174,
56.864,7820,8214,8172,
56.876,7815,8209,8174,
56.886,7809,8222,8174,
56.894,7827,8217,8174,
56.906,7820,8214,8169,
56.916,7818,8209,8174,
56.926,7784,8201,8177,
56.937,7715,8201,8172,
56.947,7752,8204,8177,
56.956,7818,8219,8174,
56.965,7832,8219,8174,
56.976,7843,8214,8174,
56.986,7843,8209,8172,
56.995,7846,8204,8174,
57.004,7862,8209,8174,
57.015,7862,8204,8174,
57.027,7873,8212,8172,
57.035,7873,8206,8174,
57.045,7870,8209,8172,
57.055,7875,8209,8174,
57.068,7878,8214,8174,
57.076,7884,8214,8174,
57.087,7895,8209,8174,
57.096,7901,8206,8172,
57.105,7921,8204,8174,
57.118,7923,8206,8177,
57.125,7898,8188,8172,
57.136,7895,8188,8177,
57.144,7972,8196,8174,
57.157,7998,8191,8172,
57.164,8034,8181,8177,
57.174,8072,8178,8174,
57.187,8114,8175,8174,
57.195,8152,8173,8174,
57.206,8185,8170,8174,
57.215,8208,8168,8174,
57.224,8200,8170,8228,
57.236,8279,8173,8177,
57.244,8312,8173,8187,
57.258,8339,8173,8190,
57.264,8369,8173,8190,
57.275,8390,8173,8195,
57.287,8417,8170,8198,
57.295,8428,8173,8200,
57.306,8442,8173,8203,
57.317,8463,8173,8203,
57.326,8495,8170,8200,
57.334,8541,8173,8198,
57.347,8509,8173,8213,
57.354,8525,8170,8213,
57.368,8536,8170,8216,
57.377,8541,8170,8216,
57.386,8553,8173,8216,
57.395,8567,8170,8218,
57.408,8565,8170,8216,
57.417,8581,8173,8221,
57.426,8586,8170,8221,
57.436,8589,8170,8221,
57.445,8584,8173,8226,
57.457,8592,8170,8223,
57.464,8584,8170,8223,
57.475,8586,8170,8221,
57.484,8597,8170,8226,
57.497,8584,8173,8218,
57.504,8584,8173,8218,
57.514,8584,8173,8221,
57.525,8603,8175,8216,
57.536,8642,8170,8205,
57.543,8578,8170,8226,
57.558,8567,8178,8221,
57.564,8558,8175,8221,
57.577,8562,8175,8221,
57.584,8567,8175,8218,
57.593,8565,8173,8221,
57.605,8567,8175,8221,
57.617,8562,8175,8223,
57.626,8562,8173,8218,
57.636,8567,8175,8218,
57.645,8562,8175,8221,
57.657,8565,8173,8221,
57.665,8567,8170,8226,
57.675,8576,8173,8218,
57.685,8570,8173,8221,
57.694,8573,8170,8218,
57.703,8576,8175,8223,
57.714,8578,8173,8221,
57.726,8603,8173,8216,
57.736,8664,8173,8205,
57.744,8600,8175,8221,
57.754,8578,8173,8223,
57.764,8576,8173,8223,
57.777,8578,8170,8221,
57.784,8576,8173,8223,
57.795,8570,8170,8221,
57.807,8573,8173,8223,
57.815,8567,8175,8221,
57.824,8556,8173,8221,
57.835,8553,8173,8218,
57.843,8549,8170,8221,
57.855,8544,8173,8213,
57.866,8538,8170,8216,
57.874,8549,8170,8216,
57.886,8541,8173,8213,
57.893,8533,8173,8213,
57.907,8533,8173,8216,
57.917,8530,8173,8218,
57.925,8553,8170,8208,
57.935,8611,8173,8198,
57.943,8544,8173,8216,
57.956,8511,8173,8216,
57.964,8495,8173,8213,
57.975,8492,8173,8210,
57.984,8487,8170,8213,
57.993,8484,8173,8213,
58.004,8481,8170,8210,
58.015,8484,8173,8210,
58.025,8492,8173,8210,
58.034,8500,8170,8213,
58.045,8506,8170,8210,
58.053,8509,8170,8218,
58.065,8527,8173,8216,
58.075,8527,8170,8218,
58.083,8536,8173,8213,
58.096,8549,8173,8218,
58.104,8549,8175,8218,
58.114,8573,8173,8216,
58.126,8624,8173,8205,
58.134,8689,8175,8200,
58.145,8635,8173,8213,
58.153,8592,8173,8226,
58.165,8589,8170,8226,
58.174,8586,8170,8226,
58.185,8584,8173,8228,
58.194,8586,8173,8221,
58.204,8589,8170,8218,
58.215,8589,8173,8223,
58.223,8592,8173,8226,
58.235,8592,8173,8223,
58.247,8594,8173,8218,
58.257,8594,8173,8226,
58.266,8586,8173,8226,
58.272,8592,8170,8218,
58.285,8589,8173,8223,
58.296,8597,8173,8223,
58.306,8589,8173,8223,
58.315,8600,8173,8221,
58.325,8656,8170,8208,
58.335,8727,8173,8203,
58.342,8675,8173,8221,
58.355,8611,8170,8231,
58.363,8605,8173,8228,
58.376,8600,8173,8235,
58.386,8605,8173,8221,
58.396,8611,8173,8223,
58.402,8603,8170,8226,
58.415,8608,8173,8235,
58.425,8611,8173,8231,
58.433,8613,8173,8228,
58.442,8608,8173,8235,
58.458,8608,8175,8231,
58.464,8608,8173,8226,
58.474,8619,8170,8235,
58.483,8613,8170,8226,
58.495,8608,8175,8226,
58.503,8603,8175,8228,
58.514,8608,8173,8223,
58.524,8650,8173,8213,
58.533,8716,8173,8198,
58.543,8656,8173,8221,
58.554,8603,8173,8228,
58.564,8600,8173,8223,
58.573,8592,8173,8228,
58.583,8586,8170,8226,
58.593,8594,8170,8228,
58.605,8584,8173,8226,
58.613,8584,8173,8223,
58.625,8592,8173,8218,
58.635,8578,8170,8226,
58.645,8573,8175,8223,
58.653,8576,8173,8218,
58.665,8562,8173,8221,
58.675,8558,8170,8223,
58.685,8553,8175,8218,
58.694,8553,8170,8221,
58.702,8553,8173,8221,
58.715,8553,8168,8218,
58.724,8592,8173,8208,
58.733,8672,8173,8192,
58.744,8589,8173,8210,
58.755,8536,8175,8216,
58.763,8536,8173,8216,
58.776,8525,8170,8213,
58.785,8525,8173,8216,
58.794,8525,8173,8216,
58.804,8519,8173,8213,
58.813,8511,8173,8218,
58.823,8519,8170,8213,
58.834,8519,8173,8216,
58.845,8517,8173,8210,
58.853,8514,8173,8216,
58.863,8511,8173,8216,
58.874,8511,8173,8216,
58.884,8517,8173,8213,
58.895,8514,8175,8213,
58.905,8506,8175,8210,
58.913,8514,8170,8213,
58.924,8544,8170,8203,
58.934,8616,8173,8192,
58.943,8541,8173,8210,
58.952,8495,8173,8213,
58.962,8490,8173,8210,
58.974,8487,8173,8210,
58.985,8481,8173,8210,
58.993,8481,8173,8210,
59.003,8479,8173,8210,
59.014,8481,8173,8208,
59.023,8481,8173,8205,
59.035,8476,8173,8208,
59.044,8476,8173,8205,
59.052,8461,8173,8208,
59.063,8461,8170,8205,
59.072,8463,8170,8203,
59.083,8458,8170,8203,
59.091,8455,8173,8203,
59.105,8450,8173,8203,
59.113,8452,8173,8203,
59.126,8479,8175,8198,
59.133,8527,8173,8187,
59.144,8471,8173,8203,
59.151,8442,8173,8205,
59.166,8436,8170,8203,
59.175,8431,8173,8200,
59.182,8431,8173,8200,
59.193,8428,8170,8200,
59.203,8425,8170,8200,
59.212,8420,8173,8200,
59.222,8417,8173,8200,
59.232,8417,8173,8198,
59.245,8409,8173,8198,
59.254,8409,8173,8198,
59.264,8406,8173,8198,
59.275,8404,8173,8195,
59.285,8406,8173,8195,
59.295,8406,8170,8198,
59.302,8404,8173,8195,
59.313,8409,8173,8198,
59.322,8428,8173,8195,
59.334,8479,8170,8187,
59.344,8433,8173,8198,
59.352,8409,8170,8198,
59.362,8406,8173,8198,
59.375,8406,8170,8198,
59.383,8404,8173,8198,
59.392,8404,8170,8200,
59.401,8404,8173,8195,
59.414,8398,8173,8195,
59.424,8396,8173,8195,
59.434,8393,8173,8195,
59.44,8393,8173,8195,
59.454,8390,8173,8198,
59.463,8390,8173,8192,
59.472,8390,8173,8192,
59.484,8385,8173,8195,
59.494,8382,8173,8195,
59.502,8377,8173,8192,
59.51,8379,8173,8192,
59.524,8390,8173,8192,
59.533,8414,8173,8185,
59.545,8393,8175,8187,
59.552,8364,8173,8192,
59.562,8358,8175,8190,
59.575,8353,8175,8192,
59.582,8342,8175,8187,
59.592,8331,8175,8187,
59.603,8320,8175,8187,
59.611,8304,8173,8185,
59.623,8288,8175,8185,
59.633,8276,8175,8185,
59.644,8260,8175,8180,
59.651,8241,8173,8177,
59.663,8219,8170,8174,
59.672,8198,8170,8174,
59.682,8177,8173,8172,
59.693,8163,8173,8172,
59.703,8147,8175,8174,
59.712,8109,8178,8174,
59.72,8077,8178,8174,
59.731,8039,8178,8174,
59.744,8039,8186,8174,
59.752,8007,8188,8174,
59.764,7983,8186,8174,
59.775,7970,8191,8174,
59.781,7951,8188,8174,
59.792,7932,8188,8174,
59.804,7901,8201,8177,
59.812,7895,8199,8172,
59.824,7873,8204,8174,
59.833,7859,8209,8169,
59.843,7859,8212,8174,
59.851,7843,8212,8174,
59.863,7818,8212,8172,
59.874,7815,8214,8174,
59.883,7809,8214,8174,
59.892,7791,8222,8172,
59.903,7801,8217,8174,
59.911,7765,8222,8172,
59.922,7705,8219,8180,
59.931,7652,8212,8167,
59.942,7705,8222,8177,
59.952,7724,8230,8172,
59.96,7733,8230,8172,
59.972,7735,8230,8172,
59.984,7741,8227,8172,
59.992,7726,8242,8172,
60.001,7710,8230,8169,
60.014,7715,8232,8174,
60.022,7735,8232,8172,
60.031,7724,8247,8174,
60.042,7735,8222,8174,
60.051,7738,8232,8172,
60.06,7729,8247,8174,
60.073,7733,8212,8177,
60.081,7733,8219,8174,
60.093,7713,8222,8177,
60.102,7726,8232,8172,
60.111,7729,8222,8172,
60.122,7694,8222,8177,
60.133,7602,8201,8177,
60.142,7632,8217,8182,
60.153,7715,8214,8174,
60.16,7733,8222,8177,
60.172,7726,8230,8174,
60.181,7707,8230,8180,
60.191,7715,8227,8172,
60.203,7718,8232,8177,
60.211,7713,8214,8174,
60.224,7729,8239,8172,
60.233,7726,8219,8177,
60.241,7726,8227,8177,
60.252,7746,8232,8177,
60.261,7743,8219,8174,
60.274,7771,8232,8180,
60.279,7735,8232,8177,
60.292,7776,8230,8172,
60.302,7757,8212,8172,
60.313,7743,8237,8172,
60.32,7702,8201,8174,
60.332,7632,8201,8167,
60.34,7666,8209,8172,
60.351,7738,8232,8177,
60.36,7741,8224,8169,
60.372,7752,8209,8177,
60.382,7752,8230,8169,
60.39,7754,8227,8177,
60.402,7746,8224,8169,
60.411,7760,8224,8174,
60.42,7757,8227,8172,
60.431,7779,8227,8169,
60.441,7752,8232,8172,
60.451,7765,8232,8172,
60.46,7754,8224,8174,
60.471,7762,8232,8167,
60.483,7752,8227,8174,
60.491,7762,8217,8172,
60.501,7754,8219,8174,
60.512,7746,8219,8177,
60.521,7655,8214,8180,
60.531,7629,8209,8180,
60.542,7691,8230,8169,
60.552,7721,8219,8182,
60.561,7735,8237,8177,
60.57,7726,8242,8177,
60.581,7754,8224,8172,
60.591,7743,8239,8174,
60.602,7757,8232,8177,
60.61,7749,8214,8169,
60.622,7743,8237,8174,
60.631,7784,8237,8177,
60.641,7773,8214,8172,
60.652,7787,8217,8177,
60.659,7779,8212,8174,
60.671,7781,8219,8174,
60.681,7791,8217,8169,
60.691,7787,8214,8172,
60.7,7796,8227,8177,
60.709,7781,8214,8172,
60.722,7726,8193,8174,
60.731,7686,8199,8174,
60.74,7752,8212,8174,
60.75,7776,8209,8169,
60.759,7793,8217,8172,
60.772,7791,8227,8172,
60.781,7791,8214,8172,
60.79,7784,8219,8174,
60.802,7791,8239,8174,
60.812,7801,8219,8169,
60.821,7801,8224,8174,
60.83,7804,8227,8172,
60.84,7804,8209,8177,
60.85,7796,8217,8172,
60.86,7835,8222,8174,
60.869,7838,8217,8174,
60.881,7832,8212,8172,
60.892,7832,8217,8172,
60.9,7851,8214,8172,
60.911,7854,8201,8172,
60.92,7829,8196,8177,
60.93,7781,8193,8169,
60.942,7807,8206,8177,
60.952,7857,8217,8174,
60.96,7865,8214,8169,
60.972,7859,8217,8177,
60.98,7875,8209,8174,
60.991,7865,8217,8174,
61,7865,8206,8174,
61.01,7870,8204,8177,
61.019,7870,8204,8174,
61.031,7859,8214,8180,
61.041,7851,8214,8177,
61.049,7857,8217,8177,
61.058,7865,8206,8174,
61.07,7859,8209,8174,
61.08,7862,8206,8177,
61.091,7878,8209,8174,
61.101,7865,8212,8180,
61.111,7857,8201,8174,
61.121,7824,8206,8169,
61.13,7801,8196,8174,
61.143,7829,8201,8167,
61.152,7870,8217,8172,
61.161,7886,8212,8177,
61.171,7881,8212,8174,
61.181,7889,8206,8174,
61.191,7889,8209,8177,
61.202,7901,8212,8172,
61.209,7886,8212,8174,
61.22,7898,8199,8177,
61.229,7889,8214,8177,
61.242,7909,8199,8180,
61.251,7909,8196,8174,
61.26,7906,8204,8174,
61.268,7901,8204,8180,
61.282,7915,8199,8177,
61.291,7915,8201,8177,
61.299,7926,8206,8174,
61.311,7929,8204,8177,
61.321,7895,8183,8177,
61.329,7862,8191,8180,
61.34,7886,8196,8174,
61.351,7937,8201,8177,
61.36,7951,8196,8177,
61.37,7953,8191,8177,
61.383,7956,8199,8177,
61.39,7956,8186,8177,
61.401,7972,8186,8177,
61.411,7978,8193,8177,
61.42,7995,8193,8174,
61.429,8009,8191,8174,
61.439,8009,8183,8174,
61.451,8020,8188,8174,
61.461,8023,8186,8174,
61.47,8039,8188,8174,
61.479,8042,8186,8174,
61.488,8055,8186,8174,
61.499,8064,8183,8174,
61.51,8072,8186,8174,
61.52,8066,8178,8174,
61.53,8072,8178,8172,
61.541,8109,8178,8174,
61.549,8114,8181,8177,
61.559,8125,8175,8174,
61.569,8139,8175,8174,
61.581,8150,8173,8172,
61.589,8158,8173,8174,
61.599,8168,8173,8174,
61.609,8177,8170,8174,
61.621,8188,8170,8174,
61.63,8195,8170,8174,
61.64,8265,8178,8177,
61.648,8222,8173,8180,
61.66,8241,8173,8180,
61.668,8263,8173,8180,
61.679,8283,8173,8185,
61.691,8307,8173,8185,
61.722,8334,8173,8187,
61.728,8358,8173,8190,
61.729,8401,8173,8192,
61.73,8455,8170,8187,
61.739,8442,8173,8195,
61.749,8452,8175,8200,
61.76,8476,8173,8208,
61.771,8487,8173,8210,
61.779,8503,8173,8208,
61.788,8517,8173,8208,
61.798,8519,8173,8216,
61.81,8527,8173,8216,
61.818,8536,8173,8208,
61.829,8546,8173,8221,
61.839,8546,8173,8218,
61.85,8549,8173,8218,
61.86,8556,8173,8221,
61.87,8556,8173,8218,
61.88,8553,8173,8216,
61.89,8544,8173,8218,
61.898,8538,8173,8216,
61.91,8544,8173,8216,
61.918,8556,8175,8210,
61.929,8603,8170,8203,
61.941,8538,8173,8218,
61.949,8527,8170,8216,
61.959,8525,8170,8218,
61.97,8525,8173,8218,
61.976,8525,8173,8216,
61.99,8519,8173,8218,
62.001,8522,8173,8216,
62.01,8517,8170,8218,
62.018,8514,8170,8218,
62.029,8517,8173,8213,
62.039,8519,8170,8208,
62.05,8517,8173,8210,
62.059,8519,8175,8210,
62.068,8514,8175,8210,
62.079,8514,8175,8213,
62.089,8511,8175,8210,
62.097,8506,8178,8208,
62.108,8506,8175,8210,
62.119,8525,8173,8205,
62.128,8586,8173,8195,
62.141,8544,8175,8203,
62.149,8517,8173,8208,
62.158,8514,8175,8210,
62.169,8506,8175,8213,
62.177,8509,8173,8210,
62.189,8509,8170,8210,
62.197,8506,8173,8210,
62.208,8506,8170,8210,
62.22,8503,8173,8210,
62.23,8503,8173,8208,
62.241,8498,8173,8213,
62.25,8495,8170,8208,
62.261,8490,8173,8210,
62.269,8490,8173,8205,
62.279,8487,8170,8208,
62.288,8484,8170,8208,
62.3,8484,8173,8208,
62.309,8490,8170,8205,
62.321,8527,8170,8200,
62.33,8586,8173,8187,
62.34,8549,8175,8200,
62.349,8509,8173,8213,
62.359,8500,8175,8208,
62.366,8506,8173,8210,
62.377,8506,8175,8213,
62.388,8509,8173,8210,
62.4,8511,8170,8210,
62.408,8517,8173,8216,
62.417,8527,8173,8210,
62.428,8522,8173,8216,
62.44,8522,8173,8218,
62.449,8519,8173,8216,
62.46,8527,8173,8213,
62.47,8527,8170,8216,
62.477,8514,8173,8218,
62.488,8517,8173,8210,
62.499,8511,8173,8216,
62.509,8517,8173,8213,
62.519,8546,8173,8208,
62.528,8632,8170,8195,
62.538,8576,8175,8208,
62.55,8514,8170,8216,
62.559,8517,8170,8216,
62.568,8517,8173,8213,
62.577,8517,8173,8216,
62.589,8514,8173,8213,
62.599,8517,8173,8210,
62.609,8514,8173,8210,
62.619,8517,8173,8213,
62.627,8514,8173,8210,
62.639,8509,8173,8210,
62.648,8506,8173,8210,
62.66,8509,8173,8210,
62.666,8517,8173,8210,
62.677,8511,8173,8213,
62.688,8517,8173,8210,
62.701,8517,8173,8213,
62.709,8517,8173,8216,
62.717,8544,8173,8208,
62.726,8635,8173,8190,
62.739,8558,8170,8210,
62.747,8525,8170,8213,
62.759,8517,8173,8213,
62.768,8522,8173,8210,
62.779,8519,8173,8210,
62.789,8522,8173,8213,
62.797,8519,8170,8216,
62.807,8517,8170,8213,
62.818,8511,8173,8208,
62.83,8514,8175,8213,
62.836,8509,8170,8210,
62.849,8500,8173,8210,
62.857,8506,8173,8210,
62.869,8506,8175,8210,
62.875,8495,8173,8213,
62.89,8500,8173,8210,
62.899,8500,8173,8210,
62.909,8498,8173,8210,
62.916,8533,8173,8203,
62.929,8613,8173,8187,
62.938,8546,8173,8203,
62.947,8498,8173,8208,
62.958,8490,8175,8208,
62.967,8484,8173,8210,
62.977,8484,8173,8205,
62.987,8479,8170,8210,
62.997,8479,8173,8205,
63.008,8484,8173,8208,
63.017,8481,8170,8208,
63.03,8476,8175,8208,
63.037,8476,8173,8208,
63.048,8479,8173,8208,
63.057,8481,8173,8208,
63.067,8487,8173,8208,
63.079,8484,8173,8205,
63.087,8481,8173,8208,
63.097,8476,8175,8208,
63.109,8492,8173,8208,
63.117,8530,8173,8195,
63.127,8578,8173,8190,
63.138,8519,8173,8205,
63.145,8473,8173,8210,
63.158,8471,8173,8205,
63.167,8471,8170,8205,
63.176,8468,8173,8205,
63.186,8471,8170,8205,
63.198,8461,8173,8208,
63.207,8461,8173,8203,
63.217,8450,8173,8205,
63.226,8458,8173,8203,
63.236,8455,8170,8205,
63.247,8447,8170,8203,
63.259,8447,8173,8205,
63.265,8444,8173,8208,
63.278,8439,8173,8205,
63.287,8439,8173,8203,
63.297,8433,8173,8205,
63.307,8433,8173,8200,
63.318,8452,8170,8203,
63.328,8500,8170,8190,
63.337,8476,8173,8203,
63.345,8436,8173,8205,
63.357,8433,8173,8203,
63.366,8431,8170,8200,
63.378,8433,8173,8203,
63.388,8433,8173,8203,
63.397,8433,8173,8200,
63.406,8431,8173,8198,
63.419,8433,8173,8200,
63.425,8428,8175,8200,
63.435,8431,8175,8198,
63.445,8428,8175,8200,
63.457,8431,8173,8200,
63.466,8425,8175,8200,
63.475,8428,8173,8200,
63.487,8425,8175,8198,
63.497,8423,8175,8200,
63.507,8417,8175,8200,
63.516,8428,8175,8198,
63.525,8471,8173,8187,
63.536,8423,8173,8195,
63.548,8404,8173,8195,
63.556,8401,8173,8198,
63.567,8404,8173,8195,
63.578,8401,8170,8195,
63.59,8396,8173,8198,
63.597,8396,8173,8195,
63.606,8390,8173,8195,
63.617,8390,8173,8195,
63.627,8390,8173,8192,
63.641,8390,8173,8192,
63.646,8385,8173,8195,
63.66,8387,8173,8192,
63.668,8385,8173,8195,
63.682,8385,8173,8192,
63.686,8382,8170,8192,
63.696,8369,8173,8192,
63.706,8372,8173,8192,
63.716,8387,8173,8187,
63.725,8414,8173,8180,
63.737,8369,8175,8190,
63.746,8356,8175,8190,
63.758,8350,8173,8190,
63.768,8345,8175,8190,
63.779,8339,8175,8190,
63.788,8334,8173,8187,
63.796,8329,8175,8187,
63.808,8318,8175,8187,
63.817,8310,8175,8187,
63.826,8299,8175,8185,
63.837,8288,8175,8185,
63.847,8279,8170,8182,
63.857,8263,8173,8180,
63.867,8246,8173,8177,
63.877,8230,8175,8177,
63.888,8214,8173,8177,
63.896,8198,8173,8174,
63.907,8179,8173,8172,
63.916,8166,8173,8172,
63.928,8160,8168,8174,
63.938,8128,8175,8180,
63.944,8114,8175,8172,
63.956,8094,8178,8172,
63.968,8077,8181,8174,
63.978,8055,8181,8177,
63.985,8031,8181,8174,
63.996,8012,8183,8177,
64.006,7991,8188,8177,
64.017,7964,8191,8177,
64.026,7942,8199,8174,
64.037,7932,8196,8174,
64.045,7904,8204,8177,
64.055,7878,8209,8174,
64.065,7867,8204,8174,
64.076,7854,8201,8174,
64.088,7829,8214,8174,
64.097,7820,8206,8174,
64.107,7807,8224,8174,
64.116,7733,8204,8172,
64.127,7682,8204,8163,
64.138,7682,8206,8167,
64.147,7746,8230,8172,
64.156,7743,8222,8174,
64.167,7738,8227,8172,
64.176,7738,8222,8172,
64.185,7718,8219,8174,
64.198,7721,8232,8180,
64.208,7721,8222,8174,
64.216,7707,8232,8172,
64.227,7741,8224,8174,
64.238,7726,8242,8172,
64.244,7705,8219,8172,
64.257,7715,8224,8180,
64.265,7726,8224,8174,
64.279,7713,8247,8169,
64.286,7721,8227,8169,
64.296,7715,8222,8172,
64.308,7707,8227,8174,
64.316,7629,8209,8174,
64.325,7589,8212,8182,
64.335,7605,8212,8174,
64.346,7699,8247,8172,
64.355,7713,8227,8177,
64.365,7696,8232,8180,
64.374,7741,8222,8172,
64.386,7715,8239,8174,
64.395,7707,8250,8169,
64.406,7710,8222,8177,
64.414,7696,8232,8177,
64.426,7724,8227,8177,
64.435,7726,8252,8174,
64.446,7710,8222,8172,
64.455,7710,8232,8174,
64.466,7729,8227,8174,
64.476,7735,8239,8172,
64.485,7724,8227,8177,
64.495,7726,8232,8174,
64.504,7741,8227,8172,
64.515,7679,8217,8174,
64.525,7605,8204,8172,
64.533,7663,8222,8180,
64.543,7721,8237,8169,
64.554,7702,8232,8169,
64.568,7705,8230,8174,
64.575,7699,8250,8177,
64.584,7735,8237,8180,
64.597,7696,8232,8172,
64.606,7699,8227,8174,
64.614,7691,8227,8169,
64.625,7705,8242,8174,
64.635,7702,8232,8174,
64.644,7710,8224,8177,
64.658,7738,8219,8172,
64.664,7743,8227,8172,
64.676,7702,8224,8172,
64.686,7718,8237,8174,
64.694,7724,8237,8177,
64.707,7738,8237,8174,
64.716,7676,8217,8172,
64.727,7592,8214,8169,
64.737,7635,8217,8177,
64.746,7702,8247,8172,
64.755,7702,8224,8169,
64.765,7705,8227,8172,
64.777,7718,8252,8169,
64.786,7718,8232,8169,
64.795,7729,8224,8169,
64.807,7726,8237,8174,
64.816,7733,8239,8172,
64.825,7743,8227,8169,
64.835,7752,8230,8172,
64.846,7746,8230,8174,
64.855,7746,8230,8172,
64.863,7752,8224,8174,
64.878,7752,8237,8169,
64.885,7746,8230,8169,
64.893,7757,8227,8180,
64.905,7746,8227,8174,
64.917,7705,8209,8182,
64.923,7652,8209,8174,
64.936,7718,8217,8177,
64.944,7752,8224,8180,
64.955,7779,8230,8174,
64.964,7754,8224,8174,
64.975,7762,8214,8174,
64.986,7760,8227,8177,
64.995,7762,8230,8174,
65.005,7765,8230,8172,
65.017,7768,8222,8174,
65.026,7781,8217,8172,
65.036,7779,8224,8174,
65.045,7787,8219,8177,
65.056,7799,8224,8177,
65.067,7820,8224,8177,
65.076,7815,8214,8180,
65.085,7827,8212,8174,
65.094,7827,8214,8177,
65.105,7827,8214,8177,
65.116,7791,8201,8174,
65.126,7746,8199,8177,
65.132,7771,8201,8169,
65.145,7827,8222,8177,
65.155,7843,8206,8174,
65.165,7840,8219,8180,
65.176,7840,8219,8177,
65.183,7851,8222,8177,
65.193,7843,8214,8174,
65.207,7857,8209,8172,
65.216,7851,8206,8174,
65.223,7851,8219,8174,
65.235,7848,8217,8174,
65.243,7843,8217,8172,
65.255,7857,8209,8172,
65.265,7838,8214,8174,
65.274,7843,8217,8174,
65.285,7846,8217,8174,
65.295,7846,8217,8172,
65.304,7859,8204,8177,
65.314,7824,8196,8174,
65.326,7765,8193,8180,
65.335,7807,8204,8177,
65.345,7848,8214,8177,
65.355,7854,8214,8174,
65.364,7843,8212,8177,
65.374,7857,8209,8177,
65.386,7857,8206,8174,
65.395,7862,8212,8177,
65.406,7857,8214,8177,
65.414,7873,8212,8174,
65.427,7867,8206,8172,
65.433,7865,8212,8177,
65.445,7870,8214,8172,
65.456,7865,8204,8174,
65.467,7873,8204,8172,
65.476,7865,8212,8172,
65.486,7886,8204,8174,
65.494,7893,8224,8174,
65.504,7893,8206,8174,
65.516,7843,8196,8172,
65.525,7827,8196,8177,
65.534,7848,8199,8172,
65.545,7904,8209,8174,
65.556,7909,8201,8174,
65.563,7929,8201,8174,
65.574,7951,8201,8174,
65.584,7945,8199,8174,
65.594,7975,8191,8172,
65.603,7983,8186,8172,
65.613,7998,8193,8174,
65.624,8015,8186,8174,
65.633,8028,8181,8174,
65.645,8053,8183,8174,
65.654,8072,8183,8174,
65.664,8101,8181,8169,
65.675,8120,8178,8172,
65.687,8150,8175,8174,
65.694,8171,8175,8172,
65.704,8203,8173,8174,
65.713,8227,8173,8174,
65.724,8241,8173,8185,
65.733,8263,8175,8187,
65.745,8257,8170,8190,
65.755,8279,8170,8182,
65.764,8310,8175,8190,
65.774,8337,8175,8192,
65.782,8347,8175,8198,
65.796,8372,8170,8192,
65.802,8393,8175,8205,
65.813,8420,8175,8198,
65.822,8431,8178,8203,
65.834,8444,8170,8200,
65.845,8463,8170,8198,
65.854,8484,8178,8221,
65.864,8506,8173,8218,
65.874,8519,8173,8218,
65.883,8533,8170,8213,
65.896,8533,8170,8218,
65.903,8562,8170,8216,
65.912,8581,8173,8216,
65.923,8630,8173,8208,
65.934,8573,8170,8218,
65.944,8565,8178,8221,
65.956,8562,8181,8223,
65.965,8565,8178,8218,
65.973,8570,8181,8216,
65.982,8570,8175,8216,
65.991,8567,8175,8221,
66.003,8576,8173,8218,
66.016,8573,8173,8228,
66.026,8567,8175,8221,
66.033,8570,8168,8221,
66.044,8567,8170,8221,
66.054,8573,8168,8231,
66.063,8570,8168,8221,
66.072,8570,8173,8218,
66.083,8567,8173,8221,
66.096,8567,8173,8218,
66.104,8570,8173,8221,
66.112,8600,8170,8210,
66.125,8632,8170,8205,
66.133,8586,8168,8216,
66.144,8570,8173,8221,
66.154,8562,8173,8218,
66.163,8549,8170,8221,
66.175,8549,8170,8213,
66.183,8546,8173,8221,
66.193,8544,8170,8216,
66.204,8536,8175,8210,
66.212,8533,8173,8216,
66.224,8530,8170,8213,
66.234,8525,8175,8218,
66.242,8525,8173,8216,
66.253,8533,8168,8210,
66.264,8527,8173,8216,
66.273,8527,8170,8216,
66.282,8530,8168,8210,
66.291,8536,8168,8216,
66.303,8544,8168,8216,
66.315,8627,8173,8213,
66.325,8656,8165,8203,
66.334,8694,8186,8226,
66.346,8796,8217,8256,
66.353,8852,8263,8272,
66.361,8841,8255,8277,
66.372,8816,8222,8243,
66.383,8791,8217,8251,
66.393,8774,8212,8261,
66.405,8758,8201,8259,
66.413,8721,8199,8261,
66.423,8721,8188,8254,
66.434,8694,8181,8241,
66.444,8691,8178,8246,
66.45,8683,8178,8241,
66.462,8661,8175,8238,
66.474,8650,8173,8238,
66.484,8644,8173,8235,
66.495,8632,8173,8235,
66.503,8624,8173,8226,
66.514,8647,8168,8221,
66.524,8644,8173,8210,
66.534,8622,8175,8213,
66.544,8597,8168,8228,
66.553,8594,8175,8221,
66.562,8592,8173,8228,
66.573,8597,8170,8226,
66.581,8603,8168,8231,
66.592,8597,8168,8231,
66.604,8600,8170,8223,
66.613,8586,8173,8226,
66.622,8592,8168,8228,
66.633,8594,8170,8223,
66.645,8589,8168,8238,
66.652,8581,8170,8226,
66.664,8584,8170,8228,
66.675,8597,8168,8218,
66.683,8581,8170,8231,
66.692,8592,8170,8221,
66.702,8589,8170,8223,
66.713,8642,8168,8216,
66.723,8713,8170,8198,
66.733,8616,8173,8218,
66.744,8594,8168,8231,
66.752,8584,8173,8226,
66.763,8578,8170,8221,
66.774,8576,8170,8216,
66.783,8573,8170,8221,
66.791,8576,8165,8223,
66.801,8573,8168,8221,
66.811,8570,8170,8226,
66.823,8565,8170,8221,
66.834,8576,8168,8223,
66.843,8570,8168,8223,
66.851,8565,8170,8223,
66.863,8565,8170,8223,
66.872,8567,8168,8221,
66.88,8558,8170,8218,
66.893,8565,8168,8223,
66.902,8573,8170,8216,
66.913,8594,8173,8205,
66.925,8683,8173,8198,
66.932,8592,8170,8216,
66.942,8556,8170,8226,
66.952,8544,8168,8218,
66.963,8544,8168,8221,
66.973,8553,8168,8216,
66.982,8530,8173,8213,
66.993,8527,8168,8216,
67.002,8530,8168,8213,
67.011,8530,8173,8216,
67.023,8525,8168,8213,
67.032,8525,8170,8213,
67.043,8525,8168,8213,
67.053,8527,8170,8210,
67.062,8517,8170,8216,
67.071,8522,8170,8210,
67.082,8519,8170,8213,
67.091,8517,8170,8216,
67.1,8522,8170,8208,
67.112,8556,8168,8195,
67.122,8650,8196,8167,
67.134,8544,8170,8205,
67.14,8503,8175,8216,
67.152,8503,8168,8208,
67.165,8506,8170,8210,
67.171,8503,8170,8210,
67.182,8503,8170,8210,
67.192,8500,8168,8210,
67.202,8500,8170,8210,
67.211,8503,8170,8210,
67.222,8503,8173,8210,
67.233,8511,8170,8213,
67.243,8509,8170,8213,
67.253,8511,8170,8210,
67.261,8509,8168,8213,
67.272,8511,8173,8213,
67.283,8511,8170,8213,
67.293,8511,8170,8210,
67.304,8509,8173,8210,
67.31,8525,8170,8203,
67.321,8544,8168,8185,
67.331,8533,8170,8200,
67.342,8490,8175,8210,
67.352,8492,8170,8208,
67.361,8492,8170,8208,
67.371,8492,8170,8213,
67.381,8492,8170,8210,
67.393,8490,8170,8210,
67.401,8495,8173,8213,
67.411,8495,8173,8210,
67.424,8492,8170,8205,
67.433,8492,8170,8208,
67.443,8492,8173,8210,
67.45,8495,8170,8205,
67.462,8492,8170,8208,
67.472,8484,8175,8210,
67.482,8495,8175,8208,
67.492,8487,8173,8208,
67.501,8490,8170,8208,
67.511,8500,8168,8200,
67.52,8506,8165,8185,
67.531,8463,8173,8198,
67.542,8458,8170,8208,
67.553,8471,8173,8208,
67.559,8471,8170,8208,
67.571,8473,8173,8203,
67.58,8473,8170,8205,
67.592,8471,8173,8205,
67.6,8473,8170,8205,
67.609,8471,8175,8205,
67.622,8468,8170,8203,
67.63,8468,8175,8205,
67.642,8461,8175,8205,
67.652,8463,8175,8200,
67.662,8455,8175,8205,
67.672,8458,8173,8208,
67.683,8458,8175,8208,
67.693,8442,8181,8205,
67.702,8455,8178,8205,
67.712,8444,8173,8198,
67.721,8431,8165,8187,
67.732,8414,8175,8192,
67.741,8406,8178,8205,
67.751,8412,8178,8200,
67.762,8409,8178,8200,
67.771,8404,8178,8195,
67.783,8398,8181,8195,
67.791,8390,8183,8198,
67.8,8382,8183,8195,
67.812,8366,8183,8192,
67.819,8358,8186,8190,
67.831,8347,8188,8190,
67.84,8331,8186,8185,
67.852,8310,8196,8185,
67.861,8291,8196,8182,
67.871,8273,8193,8180,
67.88,8252,8199,8180,
67.893,8233,8209,8180,
67.899,8200,8204,8180,
67.91,8174,8209,8174,
67.921,8133,8153,8167,
67.931,8101,8201,8174,
67.942,8109,8214,8174,
67.951,8101,8193,8174,
67.959,8085,8212,8187,
67.971,8053,8227,8172,
67.979,8053,8219,8180,
67.99,8034,8212,8182,
68,8003,8209,8177,
68.012,7998,8204,8169,
68.022,7978,8224,8180,
68.032,7967,8224,8174,
68.04,7940,8242,8172,
68.051,7923,8227,8177,
68.061,7912,8242,8174,
68.07,7906,8222,8169,
68.081,7937,8255,8172,
68.091,7893,8237,8161,
68.099,7895,8224,8180,
68.112,7873,8217,8180,
68.121,7781,8186,8174,
68.13,7843,8212,8174,
68.139,7857,8257,8174,
68.151,7889,8206,8174,
68.162,7884,8250,8174,
68.173,7904,8232,8185,
68.181,7865,8296,8180,
68.19,7898,8247,8180,
68.2,7895,8265,8180,
68.21,7893,8260,8154,
68.22,7881,8247,8180,
68.229,7904,8286,8174,
68.256,7895,8239,8174,
68.257,7898,8273,8174,
68.259,7904,8232,8169,
68.27,7886,8232,8174,
68.281,7898,8268,8177,
68.291,7873,8291,8167,
68.3,7893,8230,8172,
68.311,7843,8217,8174,
68.321,7762,8196,8174,
68.331,7840,8230,8169,
68.342,7848,8260,8177,
68.352,7851,8245,8172,
68.36,7873,8242,8174,
68.371,7893,8245,8187,
68.381,7886,8250,8167,
68.39,7889,8239,8167,
68.401,7898,8227,8167,
68.412,7881,8232,8180,
68.419,7895,8268,8161,
68.43,7912,8273,8163,
68.442,7918,8247,8174,
68.452,7912,8242,8180,
68.459,7886,8232,8180,
68.471,7904,8242,8180,
68.482,7901,8242,8177,
68.493,7909,8217,8177,
68.499,7901,8263,8180,
68.511,7878,8199,8172,
68.52,7791,8199,8174,
68.531,7827,8224,8177,
68.541,7884,8263,8167,
68.552,7898,8222,8185,
68.559,7901,8247,8180,
68.569,7875,8239,8169,
68.578,7912,8260,8180,
68.591,7937,8252,8169,
68.6,7909,8237,8172,
68.611,7921,8237,8177,
68.619,7921,8250,8177,
68.63,7901,8222,8174,
68.641,7937,8217,8185,
68.652,7934,8239,8169,
68.662,7961,8257,8180,
68.668,7961,8255,8174,
68.679,7945,8219,8180,
68.689,7956,8255,8172,
68.7,7951,8239,8174,
68.709,7921,8230,8182,
68.721,7846,8127,8177,
68.73,7881,8227,8174,
68.739,7915,8222,8172,
68.75,7942,8263,8177,
68.759,7951,8224,8180,
68.769,7961,8206,8172,
68.78,7986,8232,8180,
68.791,7953,8242,8169,
68.8,7951,8232,8169,
68.81,7959,8239,8180,
68.82,7995,8217,8177,
68.83,7980,8255,8177,
68.84,7983,8237,8172,
68.85,8007,8230,8172,
68.862,8000,8239,8187,
68.87,7986,8250,8169,
68.878,8009,8219,8172,
68.889,8007,8245,8180,
68.9,8050,8214,8187,
68.908,8015,8140,8174,
68.921,7929,8196,8172,
68.928,7934,8217,8180,
68.941,8015,8227,8169,
68.947,8018,8217,8174,
68.959,8018,8222,8169,
68.97,8037,8227,8180,
68.979,8039,8230,8174,
68.99,8020,8222,8172,
69.001,8037,8230,8185,
69.007,8039,8219,8187,
69.021,8058,8232,8167,
69.029,8047,8237,8172,
69.04,8061,8212,8172,
69.049,8072,8222,8174,
69.06,8066,8232,8174,
69.071,8080,8219,8167,
69.08,8088,8224,8185,
69.09,8106,8222,8167,
69.1,8101,8232,8174,
69.11,8085,8173,8167,
69.12,8000,8188,8163,
69.129,8064,8206,8169,
69.14,8097,8219,8174,
69.149,8112,8230,8174,
69.16,8139,8204,8172,
69.171,8131,8224,8174,
69.178,8155,8206,8172,
69.188,8177,8209,8174,
69.199,8174,8214,8169,
69.211,8174,8204,8169,
69.221,8192,8219,8174,
69.23,8200,8206,8172,
69.24,8214,8206,8177,
69.25,8182,8219,8177,
69.26,8198,8201,8177,
69.27,8198,8224,8177,
69.278,8203,8204,8177,
69.289,8222,8206,8177,
69.3,8238,8217,8185,
69.308,8246,8178,8177,
69.32,8227,8161,8172,
69.33,8273,8178,8187,
69.34,8310,8188,8192,
69.35,8326,8199,8187,
69.359,8353,8196,8187,
69.372,8372,8193,8190,
69.379,8406,8196,8198,
69.39,8428,8188,8200,
69.398,8447,8186,8200,
69.409,8458,8183,8205,
69.421,8476,8181,8208,
69.429,8492,8178,8208,
69.437,8495,8175,8213,
69.448,8511,8175,8216,
69.457,8530,8175,8218,
69.47,8533,8173,8223,
69.476,8544,8170,8216,
69.489,8546,8173,8218,
69.501,8562,8170,8218,
69.509,8578,8161,8208,
69.52,8562,8165,8198,
69.528,8527,8155,8235,
69.538,8558,8173,8213,
69.548,8556,8165,8218,
69.561,8558,8168,8218,
69.568,8565,8168,8223,
69.577,8578,8168,8216,
69.588,8586,8168,8221,
69.6,8589,8173,8223,
69.609,8592,8170,8221,
69.618,8597,8168,8226,
69.63,8600,8168,8223,
69.639,8603,8168,8228,
69.65,8605,8170,8228,
69.66,8608,8168,8228,
69.671,8605,8173,8223,
69.677,8603,8168,8228,
69.691,8605,8170,8228,
69.698,8605,8168,8228,
69.709,8632,8170,8218,
69.719,8678,8168,8213,
69.727,8630,8168,8223,
69.737,8605,8168,8231,
69.748,8597,8173,8223,
69.758,8594,8170,8223,
69.769,8589,8170,8223,
69.779,8589,8170,8223,
69.787,8586,8170,8221,
69.799,8573,8168,8223,
69.808,8578,8170,8223,
69.818,8576,8170,8223,
69.826,8576,8165,8226,
69.84,8576,8168,8218,
69.85,8558,8170,8218,
69.859,8556,8168,8218,
69.868,8562,8168,8221,
69.876,8562,8170,8218,
69.889,8553,8168,8221,
69.896,8556,8170,8216,
69.907,8597,8170,8205,
69.918,8667,8168,8200,
69.931,8578,8165,8216,
69.939,8538,8173,8221,
69.947,8538,8170,8218,
69.958,8544,8168,8221,
69.969,8538,8170,8218,
69.977,8538,8168,8216,
69.99,8533,8168,8218,
69.998,8530,8168,8218,
70.01,8530,8170,8213,
70.019,8533,8170,8216,
70.029,8530,8170,8218,
70.037,8538,8170,8213,
70.049,8536,8170,8213,
70.059,8536,8170,8216,
70.068,8538,8170,8216,
70.078,8541,8165,8221,
70.088,8544,8170,8213,
70.098,8538,8170,8218,
70.106,8576,8170,8208,
70.119,8644,8170,8192,
70.127,8611,8170,8213,
70.137,8544,8168,8216,
70.146,8536,8170,8218,
70.158,8541,8173,8218,
70.169,8541,8170,8218,
70.176,8541,8170,8216,
70.188,8538,8168,8218,
70.198,8541,8170,8213,
70.209,8546,8173,8213,
70.217,8538,8173,8213,
70.228,8538,8170,8213,
70.242,8544,8170,8216,
70.248,8546,8170,8218,
70.257,8541,8170,8216,
70.268,8541,8173,8213,
70.277,8533,8168,8216,
70.289,8536,8168,8216,
70.3,8533,8170,8213,
70.31,8567,8170,8208,
70.317,8661,8170,8190,
70.329,8581,8170,8213,
70.339,8538,8170,8210,
70.347,8533,8170,8216,
70.356,8530,8173,8213,
70.367,8527,8170,8216,
70.376,8527,8170,8213,
70.387,8530,8170,8216,
70.397,8525,8170,8218,
70.409,8533,8168,8216,
70.415,8530,8170,8213,
70.428,8530,8170,8216,
70.437,8533,8168,8218,
70.451,8530,8170,8213,
70.457,8533,8170,8213,
70.467,8533,8170,8216,
70.479,8527,8170,8216,
70.487,8530,8168,8213,
70.496,8533,8170,8213,
70.507,8556,8170,8208,
70.517,8642,8173,8190,
70.528,8573,8170,8210,
70.537,8533,8170,8213,
70.55,8525,8170,8216,
70.557,8527,8168,8216,
70.569,8525,8170,8216,
70.578,8525,8170,8213,
70.587,8522,8168,8218,
70.597,8522,8168,8216,
70.607,8522,8170,8213,
70.619,8525,8170,8210,
70.625,8525,8168,8213,
70.638,8522,8173,8216,
70.647,8522,8170,8210,
70.657,8522,8170,8213,
70.667,8519,8170,8216,
70.678,8517,8173,8213,
70.688,8522,8170,8213,
70.697,8525,8168,8210,
70.707,8536,8165,8205,
70.718,8553,8165,8195,
70.728,8519,8170,8203,
70.738,8498,8165,8205,
70.747,8495,8173,8210,
70.756,8498,8170,8208,
70.766,8498,8168,8210,
70.777,8498,8173,8210,
70.787,8500,8165,8208,
70.798,8500,8170,8210,
70.807,8503,8170,8213,
70.817,8500,8168,8210,
70.828,8503,8173,8210,
70.838,8506,8170,8210,
70.847,8506,8170,8213,
70.857,8511,8168,8213,
70.867,8509,8173,8210,
70.877,8511,8168,8210,
70.887,8511,8168,8210,
70.898,8517,8170,8213,
70.907,8533,8170,8198,
70.917,8519,8170,8187,
70.926,8484,8175,8198,
70.935,8492,8173,8210,
70.947,8492,8173,8213,
70.957,8490,8173,8213,
70.968,8495,8170,8213,
70.977,8495,8173,8210,
70.985,8492,8173,8210,
70.996,8490,8170,8210,
71.011,8492,8170,8213,
71.016,8492,8173,8213,
71.027,8492,8175,8210,
71.036,8495,8173,8210,
71.045,8490,8173,8205,
71.057,8492,8170,8208,
71.067,8490,8173,8210,
71.077,8487,8170,8208,
71.086,8490,8173,8210,
71.098,8490,8173,8208,
71.107,8495,8170,8200,
71.116,8490,8165,8190,
71.128,8450,8170,8203,
71.14,8458,8173,8203,
71.147,8468,8170,8205,
71.158,8463,8173,8205,
71.168,8463,8175,8210,
71.176,8468,8173,8210,
71.185,8463,8170,8210,
71.198,8468,8173,8205,
71.208,8463,8173,8210,
71.218,8471,8173,8208,
71.23,8471,8173,8210,
71.236,8473,8175,8210,
71.245,8473,8175,8210,
71.256,8468,8173,8200,
71.267,8463,8175,8208,
71.276,8468,8173,8208,
71.286,8468,8175,8205,
71.295,8471,8175,8205,
71.308,8473,8173,8198,
71.316,8450,8168,8190,
71.327,8425,8170,8198,
71.336,8442,8175,8200,
71.349,8444,8175,8203,
71.355,8444,8175,8205,
71.365,8442,8173,8203,
71.375,8442,8175,8203,
71.386,8439,8175,8205,
71.396,8436,8173,8205,
71.406,8431,8178,8200,
71.417,8425,8175,8203,
71.426,8428,8178,8200,
71.435,8417,8181,8198,
71.446,8417,8181,8203,
71.456,8412,8178,8198,
71.466,8401,8183,8198,
71.475,8393,8183,8195,
71.487,8390,8183,8195,
71.496,8385,8186,8195,
71.508,8369,8181,8185,
71.516,8334,8161,8180,
71.525,8326,8175,8190,
71.535,8329,8183,8185,
71.545,8323,8186,8187,
71.558,8307,8193,8190,
71.567,8288,8193,8182,
71.577,8271,8196,8182,
71.588,8263,8199,8180,
71.598,8246,8199,8177,
71.606,8230,8206,8177,
71.616,8217,8204,8177,
71.625,8195,8209,8182,
71.636,8182,8206,8174,
71.646,8168,8206,8169,
71.659,8168,8212,8172,
71.664,8155,8206,8177,
71.677,8141,8209,8172,
71.686,8141,8209,8172,
71.695,8131,8212,8172,
71.706,8128,8199,8177,
71.717,7991,8196,8174,
71.726,8009,8201,8163,
71.736,8039,8209,8174,
71.746,8047,8219,8177,
71.756,8031,8217,8180,
71.765,8055,8219,8174,
71.776,8018,8224,8174,
71.785,8026,8227,8172,
71.794,8047,8224,8172,
71.805,8026,8217,8169,
71.815,8031,8242,8177,
71.824,8009,8239,8172,
71.837,8026,8227,8174,
71.844,8009,8232,8174,
71.855,8018,8227,8180,
71.866,8026,8247,8177,
71.874,8003,8242,8182,
71.886,7995,8239,8174,
71.897,8007,8219,8182,
71.906,7923,8165,8180,
71.913,7829,8196,8169,
71.925,7867,8214,8177,
71.934,7893,8245,8180,
71.946,7904,8252,8169,
71.957,7889,8250,8167,
71.964,7918,8263,8167,
71.977,7854,8278,8177,
71.985,7862,8242,8185,
71.994,7854,8255,8167,
72.003,7875,8255,8167,
72.016,7820,8265,8172,
72.024,7829,8296,8177,
72.035,7809,8296,8174,
72.045,7804,8255,8174,
72.056,7807,8257,8177,
72.066,7776,8245,8174,
72.075,7793,8273,8174,
72.085,7746,8257,8172,
72.095,7762,8268,8180,
72.106,7752,8206,8163,
72.117,7605,8273,8182,
72.126,7627,8247,8177,
72.135,7679,8281,8177,
72.143,7699,8283,8174,
72.155,7676,8315,8174,
72.163,7666,8273,8174,
72.174,7666,8296,8180,
72.185,7641,8291,8180,
72.193,7668,8308,8169,
72.204,7671,8276,8187,
72.213,7611,8318,8172,
72.224,7666,8323,8187,
72.235,7694,8313,8169,
72.247,7627,8344,8172,
72.254,7597,8291,8177,
72.263,7605,8315,8177,
72.276,7635,8315,8167,
72.284,7594,8320,8182,
72.294,7600,8333,8182,
72.306,7544,8224,8172,
72.315,7449,8227,8167,
72.326,7497,8278,8167,
72.332,7578,8301,8180,
72.344,7561,8301,8187,
72.355,7574,8310,8180,
72.366,7592,8308,8180,
72.374,7635,8323,8169,
72.385,7592,8294,8169,
72.395,7658,8296,8167,
72.407,7611,8313,8174,
72.416,7671,8313,8169,
72.422,7613,8323,8172,
72.435,7611,8291,8163,
72.448,7660,8313,8177,
72.455,7605,8387,8163,
72.464,7647,8283,8185,
72.476,7655,8265,8174,
72.485,7679,8341,8182,
72.495,7691,8336,8174,
72.504,7619,8301,8174,
72.516,7519,8242,8177,
72.523,7586,8296,8174,
72.536,7655,8278,8180,
72.545,7616,8308,8185,
72.557,7629,8336,8180,
72.567,7639,8299,8157,
72.575,7663,8308,8180,
72.584,7694,8308,8167,
72.595,7621,8308,8172,
72.606,7655,8323,8169,
72.616,7647,8301,8177,
72.626,7624,8304,8177,
72.635,7663,8308,8167,
72.643,7663,8283,8180,
72.656,7655,8257,8180,
72.664,7635,8310,8167,
72.673,7655,8286,8167,
72.684,7691,8313,8167,
72.694,7616,8301,8172,
72.703,7655,8273,8174,
72.714,7516,8281,8177,
72.724,7503,8252,8180,
72.734,7621,8338,8182,
72.745,7566,8286,8174,
72.754,7671,8304,8187,
72.763,7581,8331,8182,
72.775,7658,8308,8180,
72.784,7611,8281,8169,
72.794,7613,8369,8185,
72.805,7608,8320,8169,
72.814,7649,8299,8180,
72.823,7668,8273,8177,
72.836,7600,8341,8172,
72.842,7629,8276,8157,
72.854,7621,8326,8174,
72.863,7655,8286,8167,
72.875,7686,8301,8180,
72.887,7655,8308,8163,
72.893,7583,8263,8174,
72.904,7594,8247,8174,
72.913,7497,8265,8169,
72.926,7525,8237,8174,
72.935,7602,8344,8172,
72.944,7635,8308,8167,
72.953,7589,8294,8163,
72.965,7555,8333,8177,
72.975,7602,8310,8185,
72.984,7566,8338,8172,
72.996,7647,8308,8167,
73.006,7569,8299,8172,
73.015,7647,8294,8182,
73.025,7632,8276,8169,
73.032,7686,8283,8172,
73.043,7594,8315,8167,
73.054,7668,8331,8177,
73.064,7608,8320,8167,
73.074,7649,8315,8180,
73.083,7676,8328,8185,
73.092,7655,8323,8161,
73.102,7605,8281,8167,
73.114,7566,8257,8174,
73.126,7605,8255,8172,
73.134,7660,8268,8177,
73.146,7655,8318,8174,
73.155,7652,8308,8163,
73.164,7668,8299,8182,
73.174,7663,8301,8172,
73.185,7705,8299,8172,
73.193,7688,8288,8169,
73.203,7721,8291,8167,
73.213,7724,8260,8177,
73.225,7707,8263,8172,
73.232,7718,8304,8157,
73.245,7776,8308,8187,
73.254,7787,8294,8169,
73.265,7776,8276,8172,
73.272,7832,8288,8177,
73.285,7757,8268,8177,
73.294,7776,8276,8174,
73.303,7760,8239,8167,
73.311,7713,8137,8172,
73.324,7799,8217,8174,
73.334,7779,8270,8167,
73.345,7807,8230,8172,
73.354,7848,8257,8185,
73.364,7846,8263,8174,
73.374,7873,8227,8180,
73.384,7867,8245,8190,
73.394,7835,8237,8177,
73.403,7895,8237,8185,
73.412,7862,8273,8163,
73.424,7859,8239,8174,
73.436,7901,8270,8172,
73.445,7901,8247,8163,
73.451,7904,8270,8167,
73.464,7934,8283,8180,
73.475,7942,8270,8177,
73.484,7953,8276,8169,
73.493,7889,8237,8187,
73.504,7859,8217,8174,
73.514,7787,8206,8174,
73.524,7875,8201,8172,
73.532,7912,8260,8174,
73.544,7906,8230,8174,
73.553,7915,8260,8169,
73.564,7929,8224,8177,
73.572,7937,8255,8182,
73.583,7978,8222,8177,
73.592,8003,8219,8169,
73.606,7998,8257,8174,
73.613,8061,8232,8180,
73.622,8042,8206,8180,
73.633,8061,8219,8177,
73.643,8074,8230,8174,
73.655,8101,8222,8187,
73.661,8112,8230,8180,
73.671,8120,8214,8172,
73.684,8177,8227,8177,
73.694,8163,8224,8185,
73.701,8160,8188,8174,
73.712,8144,8170,8169,
73.725,8174,8186,8180,
73.732,8206,8193,8182,
73.742,8219,8196,8182,
73.752,8241,8212,8182,
73.764,8252,8193,8185,
73.774,8273,8196,8185,
73.783,8291,8201,8182,
73.792,8307,8201,8187,
73.803,8342,8201,8187,
73.815,8353,8196,8192,
73.824,8385,8196,8190,
73.833,8393,8196,8192,
73.844,8412,8199,8198,
73.854,8414,8191,8200,
73.863,8423,8188,8200,
73.873,8412,8193,8198,
73.881,8412,8188,8200,
73.895,8409,8191,8200,
73.904,8393,8183,8195,
73.913,8342,8145,8182,
73.921,8315,8178,8182,
73.932,8329,8181,8187,
73.945,8342,8191,8187,
73.95,8345,8186,8195,
73.964,8350,8188,8187,
73.975,8350,8188,8187,
73.984,8353,8193,8187,
73.993,8358,8188,8190,
74.004,8358,8193,8187,
74.012,8361,8193,8198,
74.021,8369,8186,8187,
74.033,8364,8193,8198,
74.042,8364,8193,8192,
74.051,8366,8191,8195,
74.064,8369,8191,8195,
74.071,8369,8186,8195,
74.083,8372,8191,8192,
74.093,8369,8193,8195,
74.102,8356,8183,8190,
74.113,8323,8155,8182,
74.123,8307,8178,8185,
74.131,8334,8183,8187,
74.143,8342,8191,8195,
74.152,8350,8188,8190,
74.165,8350,8188,8192,
74.17,8350,8183,8187,
74.184,8356,8188,8187,
74.195,8364,8188,8195,
74.204,8369,8191,8190,
74.213,8369,8186,8192,
74.225,8377,8188,8192,
74.233,8372,8191,8192,
74.242,8379,8186,8195,
74.25,8372,8186,8192,
74.261,8379,8191,8192,
74.272,8377,8191,8195,
74.283,8382,8188,8192,
74.292,8385,8186,8195,
74.302,8379,8178,8185,
74.314,8347,8140,8180,
74.322,8329,8181,8185,
74.33,8345,8181,8185,
74.343,8361,8186,8190,
74.351,8372,8186,8192,
74.364,8369,8183,8192,
74.37,8372,8186,8190,
74.381,8372,8188,8192,
74.392,8379,8186,8192,
74.403,8379,8186,8195,
74.412,8377,8188,8192,
74.422,8377,8188,8195,
74.432,8372,8188,8195,
74.441,8379,8188,8198,
74.451,8366,8188,8195,
74.463,8366,8191,8195,
74.471,8361,8191,8198,
74.482,8364,8191,8195,
74.494,8356,8188,8190,
74.502,8345,8183,8190,
74.512,8310,8165,8185,
74.522,8301,8183,8190,
74.531,8315,8188,8182,
74.542,8334,8188,8190,
74.55,8337,8191,8187,
74.562,8342,8191,8190,
74.573,8345,8188,8192,
74.582,8350,8193,8190,
74.593,8350,8191,8187,
74.6,8356,8191,8187,
74.612,8358,8188,8192,
74.622,8358,8193,8190,
74.632,8361,8186,8190,
74.642,8364,8191,8192,
74.65,8361,8193,8190,
74.661,8358,8193,8190,
74.67,8364,8193,8187,
74.684,8361,8188,8190,
74.693,8356,8193,8185,
74.702,8345,8181,8187,
74.715,8312,8159,8180,
74.723,8291,8183,8190,
74.733,8318,8186,8187,
74.742,8329,8188,8190,
74.754,8339,8188,8190,
74.761,8342,8188,8190,
74.771,8347,8188,8190,
74.781,8345,8191,8187,
74.793,8353,8188,8187,
74.803,8350,8196,8190,
74.813,8353,8188,8192,
74.823,8358,8193,8190,
74.832,8353,8196,8195,
74.842,8358,8191,8192,
74.851,8358,8196,8195,
74.862,8361,8191,8190,
74.872,8366,8191,8198,
74.882,8358,8188,8192,
74.89,8358,8188,8195,
74.902,8356,8183,8192,
74.913,8318,8159,8182,
74.922,8299,8178,8187,
74.933,8315,8178,8190,
74.941,8326,8193,8190,
74.953,8345,8193,8187,
74.962,8347,8188,8190,
74.97,8350,8193,8190,
74.979,8347,8193,8192,
74.991,8353,8193,8192,
75.001,8356,8191,8192,
75.012,8353,8193,8192,
75.022,8356,8188,8190,
75.031,8361,8196,8190,
75.04,8358,8188,8192,
75.052,8358,8191,8190,
75.061,8361,8193,8198,
75.071,8361,8191,8190,
75.081,8364,8191,8192,
75.091,8366,8191,8192,
75.102,8358,8183,8185,
75.111,8326,8148,8177,
75.122,8304,8178,8180,
75.131,8320,8183,8190,
75.143,8334,8191,8192,
75.15,8345,8188,8190,
75.16,8347,8193,8190,
75.171,8350,8193,8192,
75.18,8356,8191,8187,
75.192,8356,8193,8190,
75.201,8356,8191,8190,
75.212,8356,8196,8187,
75.222,8358,8196,8192,
75.232,8358,8191,8192,
75.24,8358,8191,8187,
75.25,8361,8193,8190,
75.26,8361,8193,8192,
75.271,8361,8191,8192,
75.281,8358,8196,8195,
75.293,8361,8193,8190,
75.3,8356,8181,8187,
75.31,8318,8168,8177,
75.319,8315,8181,8190,
75.33,8323,8188,8187,
75.342,8337,8186,8187,
75.353,8347,8188,8190,
75.36,8347,8188,8190,
75.372,8350,8193,8187,
75.38,8350,8188,8192,
75.392,8350,8191,8190,
75.4,8353,8193,8192,
75.409,8353,8191,8192,
75.422,8356,8193,8192,
75.43,8358,8193,8190,
75.441,8358,8193,8195,
75.452,8358,8193,8195,
75.459,8358,8191,8192,
75.472,8364,8188,8190,
75.482,8364,8193,8190,
75.488,8358,8193,8190,
75.5,8358,8186,8187,
75.509,8326,8159,8177,
75.52,8304,8178,8185,
75.531,8318,8186,8190,
75.541,8334,8193,8187,
75.55,8347,8188,8190,
75.559,8350,8188,8192,
75.569,8347,8188,8190,
75.581,8356,8191,8195,
75.59,8350,8191,8192,
75.6,8353,8191,8192,
75.611,8353,8193,8187,
75.622,8356,8191,8190,
75.63,8358,8196,8190,
75.641,8356,8188,8190,
75.65,8364,8188,8192,
75.662,8361,8191,8190,
75.672,8364,8186,8190,
75.681,8366,8191,8190,
75.691,8356,8196,8190,
75.7,8347,8175,8185,
75.711,8312,8148,8180,
75.722,8301,8181,8180,
75.733,8318,8181,8187,
75.74,8334,8191,8192,
75.749,8345,8191,8190,
75.762,8347,8193,8192,
75.771,8350,8188,8190,
75.781,8347,8191,8190,
75.791,8350,8191,8192,
75.8,8356,8193,8190,
75.81,8358,8188,8190,
75.82,8358,8188,8192,
75.828,8356,8191,8190,
75.841,8361,8193,8190,
75.849,8364,8186,8192,
75.861,8366,8193,8192,
75.869,8364,8188,8187,
75.88,8366,8188,8190,
75.891,8366,8188,8187,
75.901,8353,8186,8185,
75.91,8323,8153,8180,
75.921,8299,8175,8172,
75.932,8312,8186,8187,
75.941,8329,8188,8192,
75.95,8339,8188,8190,
75.961,8342,8191,8187,
75.972,8345,8193,8192,
75.98,8353,8188,8190,
75.99,8353,8193,8190,
75.997,8353,8188,8190,
76.008,8358,8196,8190,
76.022,8361,8193,8192,
76.03,8353,8188,8187,
76.039,8358,8186,8190,
76.049,8361,8193,8190,
76.062,8364,8196,8190,
76.068,8366,8196,8195,
76.079,8361,8196,8195,
76.088,8364,8199,8195,
76.101,8356,8186,8190,
76.11,8326,8135,8180,
76.121,8318,8186,8190,
76.127,8334,8183,8192,
76.14,8347,8188,8192,
76.149,8353,8188,8192,
76.161,8345,8188,8195,
76.167,8350,8193,8185,
76.179,8356,8188,8192,
76.188,8353,8186,8192,
76.201,8358,8188,8192,
76.21,8356,8191,8190,
76.219,8356,8199,8192,
76.229,8358,8199,8190,
76.239,8358,8193,8192,
76.251,8358,8196,8192,
76.259,8364,8191,8190,
76.268,8361,8199,8195,
76.281,8361,8193,8192,
76.291,8366,8191,8185,
76.298,8358,8183,8185,
76.311,8326,8161,8180,
76.319,8318,8181,8190,
76.328,8334,8191,8190,
76.341,8345,8191,8190,
76.35,8347,8186,8195,
76.359,8347,8193,8195,
76.37,8350,8191,8192,
76.382,8356,8196,8190,
76.388,8353,8191,8190,
76.399,8353,8193,8187,
76.411,8356,8191,8195,
76.42,8358,8193,8190,
76.428,8358,8191,8190,
76.44,8361,8193,8190,
76.452,8364,8193,8195,
76.46,8372,8191,8198,
76.469,8364,8191,8195,
76.478,8369,8193,8192,
76.49,8366,8196,8192,
76.5,8358,8183,8187,
76.507,8329,8150,8180,
76.52,8304,8183,8187,
76.528,8318,8186,8187,
76.542,8326,8188,8190,
76.548,8342,8193,8190,
76.558,8342,8188,8192,
76.568,8342,8191,8192,
76.58,8347,8188,8190,
76.588,8356,8188,8192,
76.599,8353,8188,8187,
76.61,8356,8193,8190,
76.619,8361,8193,8190,
76.628,8361,8193,8190,
76.638,8361,8191,8190,
76.651,8361,8191,8195,
76.659,8364,8193,8195,
76.669,8358,8191,8190,
76.677,8361,8188,8192,
76.69,8364,8191,8190,
76.697,8358,8183,8192,
76.71,8326,8153,8177,
76.721,8312,8183,8185,
76.727,8329,8181,8187,
76.737,8339,8188,8192,
76.748,8347,8191,8190,
76.76,8350,8188,8187,
76.768,8350,8193,8192,
76.779,8353,8188,8195,
76.789,8353,8193,8190,
76.798,8356,8193,8192,
76.808,8356,8193,8190,
76.818,8356,8188,8190,
76.831,8353,8191,8192,
76.842,8361,8196,8190,
76.847,8361,8193,8192,
76.86,8361,8193,8192,
76.869,8358,8196,8190,
76.88,8361,8193,8192,
76.889,8364,8188,8195,
76.899,8353,8186,8190,
76.911,8337,8155,8180,
76.918,8323,8186,8185,
76.927,8329,8183,8190,
76.936,8337,8188,8187,
76.948,8350,8191,8192,
76.959,8353,8191,8192,
76.969,8345,8191,8195,
76.976,8353,8188,8195,
76.987,8358,8193,8192,
77,8353,8193,8192,
77.009,8356,8193,8195,
77.02,8361,8188,8198,
77.028,8361,8188,8195,
77.041,8366,8193,8192,
77.048,8366,8188,8192,
77.059,8361,8188,8198,
77.068,8358,8191,8195,
77.078,8358,8188,8195,
77.088,8364,8186,8187,
77.1,8356,8183,8187,
77.107,8334,8142,8177,
77.117,8323,8183,8190,
77.129,8331,8183,8187,
77.138,8339,8186,8187,
77.148,8347,8186,8195,
77.157,8350,8188,8190,
77.168,8353,8186,8190,
77.177,8350,8188,8190,
77.191,8356,8191,8190,
77.197,8358,8193,8190,
77.207,8353,8193,8187,
77.217,8356,8193,8190,
77.228,8356,8191,8192,
77.239,8356,8196,8192,
77.247,8358,8193,8192,
77.257,8358,8191,8190,
77.266,8358,8188,8192,
77.277,8358,8188,8192,
77.287,8361,8193,8187,
77.297,8347,8175,8185,
77.308,8320,8173,8177,
77.317,8304,8181,8187,
77.328,8323,8186,8190,
77.337,8334,8191,8190,
77.351,8345,8188,8187,
77.36,8345,8188,8192,
77.366,8347,8183,8190,
77.376,8345,8196,8187,
77.388,8347,8188,8190,
77.4,8350,8193,8190,
77.406,8356,8193,8192,
77.416,8361,8186,8192,
77.429,8358,8191,8198,
77.439,8361,8193,8195,
77.447,8361,8193,8198,
77.459,8361,8191,8192,
77.467,8361,8188,8198,
77.479,8364,8193,8195,
77.488,8364,8193,8198,
77.497,8356,8188,8187,
77.509,8334,8153,8177,
77.518,8312,8178,8177,
77.53,8323,8183,8185,
77.538,8329,8191,8187,
77.547,8347,8186,8190,
77.557,8347,8193,8190,
77.568,8356,8188,8187,
77.575,8350,8191,8192,
77.587,8350,8186,8190,
77.596,8353,8193,8192,
77.61,8356,8191,8190,
77.62,8356,8196,8192,
77.628,8361,8193,8190,
77.638,8358,8186,8192,
77.647,8358,8193,8192,
77.659,8366,8188,8192,
77.668,8364,8193,8187,
77.677,8364,8196,8192,
77.689,8358,8191,8190,
77.698,8350,8183,8180,
77.706,8326,8165,8180,
77.717,8301,8181,8180,
77.727,8318,8191,8190,
77.736,8326,8193,8185,
77.748,8342,8191,8195,
77.757,8339,8193,8190,
77.767,8345,8188,8190,
77.777,8345,8191,8190,
77.788,8347,8191,8190,
77.798,8350,8191,8187,
77.807,8353,8191,8190,
77.818,8353,8193,8190,
77.828,8353,8193,8192,
77.837,8356,8193,8190,
77.848,8361,8196,8195,
77.86,8358,8199,8190,
77.867,8356,8196,8190,
77.876,8356,8196,8190,
77.886,8364,8199,8192,
77.896,8356,8188,8182,
77.909,8329,8159,8177,
77.918,8310,8175,8182,
77.927,8320,8186,8187,
77.936,8334,8191,8190,
77.947,8339,8191,8190,
77.955,8350,8188,8190,
77.967,8347,8193,8192,
77.976,8345,8188,8187,
77.985,8347,8188,8190,
77.996,8356,8193,8192,
78.005,8356,8191,8190,
78.017,8353,8196,8195,
78.025,8353,8193,8192,
78.036,8358,8186,8187,
78.048,8356,8191,8192,
78.059,8358,8193,8190,
78.068,8356,8186,8192,
78.079,8358,8193,8192,
78.088,8361,8196,8192,
78.098,8350,8186,8187,
78.107,8334,8137,8174,
78.118,8326,8178,8190,
78.126,8334,8193,8198,
78.138,8339,8191,8190,
78.147,8345,8188,8192,
78.157,8347,8188,8192,
78.168,8347,8188,8190,
78.176,8356,8191,8195,
78.187,8358,8193,8195,
78.195,8356,8188,8192,
78.208,8361,8191,8195,
78.216,8358,8191,8192,
78.227,8366,8188,8187,
78.238,8361,8191,8187,
78.246,8364,8193,8190,
78.255,8364,8191,8187,
78.268,8361,8188,8192,
78.277,8358,8193,8195,
78.287,8364,8191,8192,
78.297,8358,8186,8185,
78.306,8326,8150,8172,
78.316,8326,8181,8187,
78.327,8334,8181,8190,
78.337,8342,8183,8190,
78.347,8342,8191,8190,
78.357,8347,8193,8190,
78.366,8350,8191,8195,
78.377,8353,8193,8195,
78.386,8350,8188,8190,
78.397,8350,8193,8192,
78.407,8353,8188,8198,
78.416,8356,8196,8192,
78.426,8356,8193,8187,
78.435,8353,8188,8190,
78.445,8353,8193,8190,
78.456,8361,8196,8195,
78.467,8364,8193,8195,
78.475,8361,8193,8190,
78.486,8358,8193,8190,
78.495,8353,8178,8185,
78.509,8329,8155,8177,
78.516,8312,8178,8185,
78.527,8323,8181,8192,
78.536,8331,8183,8187,
78.546,8342,8188,8190,
78.557,8350,8186,8192,
78.567,8345,8191,8190,
78.577,8353,8188,8192,
78.588,8356,8186,8192,
78.596,8353,8188,8190,
78.608,8358,8191,8190,
78.616,8356,8196,8192,
78.627,8358,8196,8192,
78.636,8358,8193,8192,
78.646,8358,8191,8190,
78.656,8361,8193,8192,
78.668,8358,8191,8190,
78.676,8358,8188,8192,
78.687,8364,8193,8195,
78.696,8361,8183,8192,
78.706,8334,8145,8174,
78.718,8315,8181,8182,
78.739,8320,8191,8190,
78.739,8334,8191,8190,
78.745,8342,8191,8187,
78.758,8350,8188,8192,
78.765,8347,8191,8187,
78.774,8356,8193,8187,
78.786,8353,8188,8190,
78.797,8356,8196,8195,
78.806,8356,8193,8190,
78.817,8361,8196,8190,
78.827,8358,8188,8190,
78.835,8361,8193,8190,
78.847,8356,8191,8187,
78.856,8358,8193,8190,
78.866,8361,8196,8190,
78.875,8361,8196,8192,
78.886,8358,8199,8195,
78.895,8353,8188,8187,
78.905,8337,8155,8172,
78.916,8320,8188,8185,
78.927,8331,8186,8190,
78.936,8339,8191,8187,
78.944,8350,8186,8187,
78.955,8350,8191,8190,
78.965,8350,8188,8187,
78.974,8350,8193,8192,
78.985,8361,8183,8185,
78.995,8361,8193,8192,
79.007,8358,8191,8190,
79.017,8364,8193,8190,
79.026,8361,8191,8190,
79.036,8361,8191,8195,
79.046,8361,8196,8192,
79.057,8366,8191,8195,
79.064,8361,8188,8195,
79.075,8361,8193,8192,
79.085,8366,8193,8195,
79.095,8353,8181,8190,
79.109,8331,8173,8172,
79.116,8320,8183,8187,
79.125,8326,8193,8187,
79.136,8339,8186,8187,
79.159,8347,8188,8192,
79.159,8350,8186,8192,
79.164,8350,8188,8187,
79.174,8347,8188,8190,
79.186,8350,8188,8190,
79.196,8361,8188,8190,
79.206,8356,8186,8192,
79.213,8361,8191,8190,
79.227,8358,8191,8190,
79.234,8361,8188,8190,
79.246,8356,8188,8190,
79.255,8361,8193,8195,
79.268,8361,8193,8195,
79.275,8361,8191,8192,
79.284,8358,8188,8190,
79.296,8356,8186,8187,
79.305,8331,8153,8174,
79.32,8323,8186,8185,
79.325,8331,8183,8190,
79.335,8339,8186,8187,
79.348,8347,8193,8192,
79.357,8350,8193,8192,
79.366,8350,8191,8187,
79.376,8356,8191,8190,
79.387,8356,8193,8190,
79.396,8356,8186,8195,
79.406,8356,8191,8190,
79.415,8356,8193,8192,
79.425,8356,8193,8192,
79.436,8364,8188,8192,
79.446,8366,8188,8195,
79.455,8361,8191,8195,
79.466,8364,8196,8195,
79.475,8366,8191,8195,
79.484,8358,8191,8195,
79.494,8358,8183,8190,
79.505,8331,8145,8174,
79.515,8326,8181,8190,
79.526,8331,8193,8192,
79.535,8345,8188,8190,
79.546,8350,8188,8192,
79.554,8356,8191,8192,
79.564,8350,8193,8195,
79.574,8353,8193,8190,
79.586,8347,8193,8192,
79.595,8358,8188,8190,
79.607,8356,8188,8190,
79.617,8361,8193,8190,
79.623,8364,8193,8195,
79.636,8358,8188,8190,
79.643,8364,8191,8190,
79.657,8366,8196,8190,
79.665,8356,8196,8192,
79.676,8364,8196,8187,
79.685,8358,8199,8192,
79.696,8353,8175,8185,
79.706,8329,8165,8172,
79.714,8307,8181,8180,
79.723,8307,8191,8187,
79.736,8323,8191,8185,
79.746,8337,8191,8187,
79.754,8342,8196,8190,
79.766,8342,8188,8192,
79.774,8345,8186,8192,
79.784,8353,8186,8195,
79.794,8353,8191,8195,
79.802,8350,8191,8190,
79.813,8356,8191,8192,
79.824,8356,8193,8190,
79.834,8353,8188,8192,
79.844,8364,8193,8192,
79.852,8358,8193,8195,
79.865,8358,8191,8195,
79.877,8356,8191,8195,
79.884,8361,8186,8192,
79.894,8356,8186,8187,
79.908,8329,8155,8180,
79.913,8312,8178,8182,
79.925,8323,8183,8192,
79.935,8331,8193,8192,
79.945,8337,8186,8190,
79.956,8342,8186,8187,
79.964,8345,8193,8192,
79.973,8353,8188,8187,
79.984,8350,8193,8190,
79.993,8353,8188,8190,
80.004,8356,8196,8190,
80.014,8358,8188,8187,
80.025,8356,8196,8192,
80.035,8358,8193,8190,
80.044,8361,8188,8195,
80.053,8358,8191,8192,
80.064,8364,8193,8190,
80.075,8361,8196,8195,
80.086,8361,8188,8192,
80.092,8358,8186,8182,
80.105,8331,8137,8177,
80.113,8320,8183,8187,
80.125,8334,8188,8187,
80.131,8342,8188,8187,
80.142,8347,8188,8190,
80.155,8347,8188,8190,
80.164,8342,8191,8192,
80.174,8347,8191,8195,
80.184,8353,8191,8195,
80.196,8350,8193,8198,
80.204,8358,8191,8192,
80.215,8358,8193,8192,
80.223,8356,8186,8192,
80.234,8356,8191,8187,
80.243,8358,8191,8198,
80.257,8364,8191,8192,
80.263,8361,8193,8192,
80.274,8364,8196,8195,
80.284,8364,8191,8192,
80.295,8356,8183,8190,
80.303,8331,8159,8182,
80.312,8318,8186,8190,
80.325,8329,8188,8187,
80.333,8342,8196,8190,
80.342,8350,8193,8195,
80.353,8350,8186,8192,
80.363,8347,8188,8190,
80.372,8347,8193,8190,
80.385,8356,8196,8190,
80.394,8358,8193,8190,
80.403,8361,8186,8192,
80.414,8353,8188,8190,
80.424,8353,8196,8190,
80.433,8361,8191,8195,
80.442,8358,8191,8190,
80.456,8361,8193,8192,
80.463,8361,8188,8192,
80.472,8356,8188,8190,
80.483,8366,8188,8192,
80.494,8353,8186,8185,
80.504,8329,8168,8174,
80.514,8307,8181,8180,
80.524,8326,8188,8185,
80.533,8334,8186,8190,
80.545,8345,8188,8190,
80.554,8350,8188,8190,
80.564,8347,8188,8185,
80.574,8353,8186,8187,
80.583,8358,8188,8190,
80.595,8358,8191,8192,
80.603,8356,8188,8187,
80.614,8356,8193,8192,
80.624,8356,8193,8190,
80.634,8361,8191,8190,
80.644,8361,8191,8190,
80.655,8364,8191,8192,
80.662,8358,8193,8190,
80.675,8361,8196,8195,
80.683,8358,8196,8195,
80.695,8350,8181,8187,
80.702,8323,8161,8177,
80.713,8304,8183,8185,
80.723,8312,8186,8190,
80.732,8331,8193,8190,
80.744,8342,8196,8190,
80.754,8350,8193,8195,
80.762,8347,8196,8195,
80.772,8350,8188,8192,
80.785,8353,8193,8192,
80.793,8358,8186,8190,
80.805,8358,8196,8187,
80.812,8358,8196,8192,
80.823,8356,8193,8192,
80.835,8358,8193,8192,
80.842,8358,8191,8185,
80.855,8356,8196,8195,
80.865,8361,8193,8192,
80.871,8364,8196,8192,
80.883,8364,8193,8187,
80.895,8358,8193,8190,
80.903,8331,8165,8177,
80.913,8315,8175,8180,
80.922,8318,8186,8187,
80.934,8337,8191,8190,
80.943,8350,8188,8190,
80.951,8347,8188,8190,
80.964,8345,8191,8187,
80.974,8347,8188,8187,
80.982,8347,8191,8195,
80.992,8356,8191,8190,
81.003,8358,8193,8198,
81.013,8361,8188,8195,
81.023,8356,8193,8195,
81.031,8356,8188,8195,
81.043,8356,8188,8192,
81.052,8361,8191,8190,
81.064,8358,8191,8187,
81.072,8361,8193,8195,
81.083,8356,8193,8187,
81.094,8358,8183,8190,
81.102,8329,8150,8177,
81.11,8320,8183,8185,
81.123,8326,8181,8182,
81.134,8339,8188,8190,
81.145,8350,8193,8190,
81.151,8350,8191,8190,
81.162,8350,8196,8192,
81.174,8350,8188,8190,
81.183,8358,8193,8192,
81.195,8353,8191,8195,
81.202,8358,8188,8192,
81.212,8358,8193,8192,
81.224,8358,8191,8192,
81.234,8358,8191,8192,
81.241,8361,8188,8187,
81.25,8361,8191,8190,
81.261,8361,8191,8190,
81.275,8358,8191,8187,
81.283,8364,8193,8190,
81.293,8356,8183,8187,
81.301,8334,8155,8174,
81.311,8326,8183,8187,
81.321,8339,8188,8192,
81.332,8345,8193,8190,
81.342,8353,8191,8192,
81.355,8350,8188,8190,
81.363,8350,8188,8187,
81.371,8350,8188,8192,
81.383,8358,8188,8195,
81.392,8353,8191,8190,
81.401,8350,8196,8195,
81.413,8356,8191,8195,
81.424,8358,8191,8190,
81.432,8358,8188,8187,
81.442,8356,8191,8190,
81.453,8358,8193,8190,
81.463,8361,8193,8192,
81.472,8364,8193,8192,
81.485,8361,8193,8192,
81.494,8353,8183,8187,
81.502,8337,8153,8177,
81.511,8329,8181,8190,
81.523,8334,8191,8192,
81.532,8342,8188,8187,
81.541,8350,8191,8187,
81.552,8350,8191,8190,
81.562,8353,8193,8187,
81.574,8353,8191,8187,
81.581,8350,8188,8192,
81.59,8358,8191,8187,
81.603,8358,8188,8192,
81.613,8356,8191,8187,
81.621,8356,8193,8190,
81.632,8358,8193,8187,
81.641,8358,8186,8192,
81.651,8358,8188,8190,
81.662,8358,8193,8192,
81.673,8361,8193,8192,
81.682,8356,8196,8190,
81.693,8347,8178,8177,
81.704,8323,8173,8180,
81.71,8307,8181,8185,
81.724,8320,8188,8195,
81.73,8329,8186,8190,
81.741,8337,8191,8192,
81.749,8345,8191,8195,
81.762,8342,8188,8195,
81.771,8347,8191,8195,
81.782,8350,8186,8190,
81.791,8358,8191,8192,
81.803,8356,8188,8192,
81.812,8356,8191,8187,
81.82,8356,8188,8190,
81.833,8356,8188,8187,
81.843,8358,8193,8195,
81.852,8356,8193,8192,
81.862,8356,8191,8192,
81.871,8356,8199,8195,
81.882,8361,8188,8190,
81.893,8356,8188,8187,
81.901,8331,8150,8177,
81.912,8312,8181,8180,
81.922,8320,8191,8192,
81.931,8331,8191,8185,
81.942,8345,8193,8190,
81.953,8347,8196,8190,
81.959,8347,8193,8192,
81.972,8347,8188,8192,
81.982,8347,8191,8187,
81.993,8350,8188,8187,
82.001,8353,8191,8190,
82.012,8353,8191,8192,
82.022,8358,8188,8190,
82.031,8358,8191,8192,
82.041,8361,8196,8195,
82.054,8358,8191,8190,
82.061,8361,8193,8192,
82.071,8358,8196,8190,
82.08,8364,8191,8192,
82.09,8353,8181,8187,
82.102,8331,8150,8174,
82.113,8326,8188,8190,
82.122,8331,8186,8192,
82.132,8339,8193,8190,
82.141,8350,8188,8192,
82.15,8350,8191,8192,
82.161,8347,8191,8190,
82.171,8350,8186,8195,
82.181,8356,8191,8192,
82.193,8356,8193,8198,
82.202,8358,8196,8192,
82.213,8358,8193,8195,
82.219,8356,8188,8190,
82.231,8358,8188,8195,
82.241,8356,8193,8198,
82.252,8364,8193,8192,
82.262,8364,8193,8195,
82.272,8364,8188,8192,
82.281,8358,8191,8190,
82.291,8353,8178,8185,
82.301,8331,8150,8177,
82.311,8312,8175,8182,
82.322,8320,8186,8187,
82.332,8334,8181,8192,
82.343,8339,8191,8190,
82.352,8342,8188,8187,
82.359,8345,8188,8187,
82.373,8345,8193,8190,
82.38,8350,8193,8190,
82.391,8347,8186,8192,
82.401,8350,8193,8190,
82.412,8350,8191,8192,
82.42,8356,8193,8192,
82.431,8356,8188,8198,
82.44,8358,8196,8187,
82.451,8361,8191,8192,
82.462,8361,8196,8190,
82.472,8361,8193,8192,
82.483,8361,8193,8195,
82.491,8358,8186,8190,
82.5,8331,8155,8177,
82.511,8331,8181,8187,
82.521,8337,8193,8190,
82.531,8345,8188,8192,
82.54,8347,8186,8190,
82.553,8356,8191,8190,
82.561,8350,8188,8192,
82.571,8353,8193,8192,
82.582,8350,8191,8192,
82.593,8358,8193,8192,
82.6,8361,8191,8195,
82.609,8358,8196,8192,
82.621,8358,8191,8195,
82.631,8356,8193,8192,
82.641,8364,8188,8190,
82.65,8361,8193,8192,
82.662,8364,8191,8195,
82.671,8364,8193,8190,
82.68,8364,8193,8198,
82.689,8356,8183,8185,
82.7,8331,8135,8177,
82.71,8326,8186,8190,
82.722,8337,8186,8192,
82.728,8345,8186,8192,
82.741,8353,8188,8187,
82.751,8353,8186,8192,
82.762,8353,8188,8192,
82.772,8356,8186,8192,
82.781,8356,8191,8192,
82.791,8358,8196,8192,
82.803,8356,8191,8190,
82.81,8358,8191,8190,
82.821,8358,8196,8192,
82.83,8358,8196,8192,
82.84,8358,8191,8190,
82.851,8361,8193,8192,
82.859,8356,8196,8195,
82.869,8358,8193,8190,
82.882,8358,8193,8192,
82.891,8350,8173,8185,
82.9,8320,8165,8177,
82.91,8301,8183,8180,
82.92,8312,8186,8187,
82.93,8326,8191,8187,
82.94,8337,8188,8190,
82.95,8337,8188,8187,
82.96,8345,8193,8190,
82.97,8347,8186,8192,
82.98,8353,8191,8190,
82.99,8356,8193,8192,
82.999,8356,8191,8190,
83.008,8361,8188,8195,
83.019,8356,8193,8192,
83.03,8361,8188,8190,
83.038,8356,8196,8190,
83.049,8358,8191,8192,
83.058,8361,8191,8192,
83.071,8364,8188,8192,
83.082,8356,8191,8190,
83.091,8356,8186,8185,
83.102,8334,8148,8174,
83.11,8323,8183,8185,
83.122,8331,8186,8190,
83.13,8342,8183,8190,
83.139,8350,8191,8192,
83.149,8347,8191,8190,
83.16,8353,8188,8190,
83.169,8350,8193,8190,
83.181,8353,8193,8190,
83.191,8356,8191,8195,
83.198,8356,8193,8190,
83.211,8358,8193,8192,
83.22,8364,8188,8195,
83.229,8356,8188,8192,
83.238,8358,8193,8190,
83.25,8358,8191,8190,
83.26,8356,8188,8190,
83.272,8361,8188,8192,
83.282,8364,8191,8187,
83.29,8356,8183,8187,
83.3,8331,8153,8174,
83.31,8310,8175,8182,
83.321,8315,8186,8187,
83.327,8329,8191,8187,
83.34,8339,8188,8190,
83.349,8345,8191,8190,
83.359,8347,8183,8190,
83.37,8347,8193,8190,
83.381,8353,8191,8190,
83.389,8353,8188,8195,
83.399,8356,8191,8192,
83.412,8361,8191,8192,
83.418,8358,8191,8190,
83.431,8364,8196,8192,
83.44,8366,8191,8192,
83.451,8364,8188,8195,
83.457,8364,8191,8190,
83.47,8364,8186,8190,
83.479,8364,8193,8190,
83.491,8353,8178,8185,
83.499,8326,8155,8172,
83.508,8301,8178,8174,
83.519,8320,8186,8190,
83.529,8329,8193,8190,
83.538,8334,8193,8190,
83.55,8342,8191,8190,
83.559,8347,8188,8190,
83.57,8345,8186,8190,
83.579,8350,8188,8190,
83.588,8350,8188,8187,
83.599,8350,8188,8192,
83.609,8353,8191,8192,
83.619,8356,8191,8190,
83.628,8358,8193,8190,
83.64,8356,8193,8187,
83.65,8361,8186,8190,
83.66,8361,8196,8195,
83.669,8364,8188,8192,
83.678,8358,8193,8190,
83.691,8358,8183,8187,
83.699,8331,8148,8174,
83.709,8326,8181,8185,
83.718,8331,8186,8190,
83.729,8337,8188,8190,
83.739,8350,8188,8190,
83.75,8353,8191,8195,
83.758,8350,8196,8192,
83.768,8350,8193,8198,
83.779,8353,8196,8192,
83.789,8356,8193,8195,
83.797,8356,8196,8195,
83.811,8358,8188,8198,
83.818,8358,8191,8195,
83.83,8364,8191,8192,
83.836,8358,8196,8192,
83.847,8356,8193,8192,
83.86,8358,8196,8192,
83.869,8364,8191,8192,
83.877,8358,8188,8192,
83.889,8353,8183,8192,
83.898,8331,8150,8174,
83.909,8304,8181,8182,
83.918,8310,8183,8190,
83.93,8320,8188,8182,
83.938,8331,8191,8190,
83.949,8334,8183,8187,
83.958,8342,8186,8190,
83.967,8339,8191,8190,
83.979,8347,8196,8187,
83.988,8356,8196,8195,
84,8350,8193,8187,
84.009,8353,8191,8190,
84.019,8356,8193,8192,
84.028,8364,8188,8190,
84.038,8361,8188,8190,
84.047,8364,8191,8190,
84.058,8364,8191,8192,
84.069,8366,8191,8192,
84.081,8369,8191,8198,
84.09,8358,8188,8187,
84.098,8339,8132,8177,
84.11,8329,8183,8190,
84.119,8342,8191,8192,
84.129,8342,8188,8190,
84.138,8353,8186,8192,
84.149,8353,8191,8190,
84.158,8353,8191,8187,
84.169,8353,8188,8187,
84.179,8356,8193,8192,
84.188,8347,8191,8190,
84.198,8350,8193,8190,
84.211,8342,8196,8192,
84.219,8342,8193,8190,
84.227,8347,8193,8192,
84.238,8339,8193,8190,
84.25,8347,8193,8192,
84.258,8339,8199,8187,
84.268,8345,8193,8192,
84.276,8353,8193,8192,
84.288,8387,8178,8192,
84.299,8379,8159,8182,
84.308,8382,8178,8192,
84.318,8409,8181,8205,
84.327,8425,8181,8200,
84.343,8450,8178,8205,
84.348,8461,8178,8205,
84.358,8458,8178,8200,
84.368,8468,8178,8203,
84.379,8468,8175,8210,
84.39,8463,8178,8203,
84.397,8463,8178,8203,
84.41,8463,8178,8200,
84.42,8463,8178,8205,
84.426,8461,8178,8205,
84.439,8455,8178,8205,
84.448,8461,8181,8208,
84.457,8461,8178,8208,
84.468,8461,8175,8205,
84.479,8471,8178,8203,
84.489,8481,8175,8195,
84.497,8479,8175,8187,
84.508,8461,8170,8200,
84.518,8458,8175,8208,
84.529,8476,8173,8205,
84.539,8490,8173,8205,
84.548,8498,8175,8210,
84.56,8506,8173,8210,
84.566,8514,8173,8213,
84.577,8522,8170,8210,
84.588,8533,8170,8218,
84.598,8538,8170,8218,
84.609,8556,8170,8218,
84.615,8573,8168,8218,
84.627,8576,8170,8218,
84.639,8576,8168,8223,
84.649,8584,8170,8223,
84.661,8581,8170,8226,
84.667,8581,8170,8223,
84.678,8584,8168,8223,
84.688,8613,8170,8216,
84.697,8713,8170,8198,
84.708,8632,8170,8226,
84.717,8622,8170,8221,
84.728,8613,8170,8226,
84.736,8622,8165,8235,
84.747,8605,8170,8226,
84.758,8605,8170,8228,
84.769,8597,8173,8223,
84.779,8597,8170,8223,
84.787,8586,8173,8223,
84.798,8586,8170,8226,
84.806,8581,8170,8221,
84.817,8573,8168,8218,
84.828,8558,8170,8223,
84.837,8556,8170,8221,
84.849,8553,8170,8218,
84.858,8556,8170,8213,
84.866,8553,8168,8221,
84.878,8567,8170,8213,
84.889,8627,8170,8198,
84.899,8678,8170,8198,
84.909,8622,8173,8208,
84.919,8581,8168,8228,
84.925,8573,8170,8226,
84.937,8576,8168,8221,
84.948,8584,8170,8218,
84.957,8581,8170,8223,
84.968,8581,8170,8218,
84.979,8581,8170,8223,
84.985,8578,8173,8221,
84.999,8576,8170,8223,
85.007,8578,8170,8228,
85.018,8586,8170,8223,
85.026,8581,8168,8228,
85.038,8581,8170,8228,
85.049,8586,8170,8223,
85.058,8589,8168,8221,
85.067,8589,8173,8228,
85.075,8603,8173,8228,
85.087,8680,8173,8205,
85.096,8758,8161,8192,
85.108,8664,8170,8223,
85.116,8616,8173,8235,
85.126,8605,8173,8223,
85.138,8608,8165,8231,
85.147,8600,8170,8226,
85.156,8594,8170,8226,
85.167,8600,8168,8226,
85.176,8597,8170,8228,
85.188,8594,8170,8226,
85.198,8586,8170,8226,
85.207,8603,8173,8231,
85.217,8594,8173,8228,
85.227,8605,8168,8231,
85.238,8608,8173,8231,
85.248,8605,8168,8228,
85.256,8603,8170,8231,
85.269,8605,8170,8226,
85.279,8616,8168,8231,
85.285,8667,8170,8213,
85.297,8774,8173,8198,
85.305,8725,8168,8218,
85.317,8656,8168,8238,
85.326,8635,8170,8231,
85.336,8627,8170,8238,
85.347,8647,8173,8231,
85.356,8635,8173,8238,
85.369,8644,8170,8235,
85.375,8642,8173,8231,
85.386,8635,8170,8231,
85.397,8635,8175,8228,
85.41,8642,8173,8228,
85.415,8635,8170,8231,
85.426,8624,8173,8238,
85.439,8632,8173,8238,
85.448,8635,8170,8223,
85.458,8627,8170,8235,
85.466,8635,8168,8235,
85.475,8656,8168,8231,
85.486,8730,8168,8213,
85.497,8802,8170,8200,
85.506,8694,8173,8228,
85.516,8642,8173,8231,
85.527,8624,8173,8231,
85.538,8630,8168,8238,
85.545,8624,8170,8235,
85.556,8624,8168,8235,
85.567,8622,8170,8238,
85.577,8632,8165,8231,
85.587,8613,8170,8235,
85.595,8624,8168,8238,
85.607,8613,8170,8231,
85.615,8622,8168,8231,
85.627,8622,8168,8228,
85.636,8622,8170,8231,
85.647,8619,8168,8235,
85.658,8624,8165,8228,
85.667,8613,8168,8238,
85.677,8611,8170,8231,
85.686,8672,8168,8216,
85.694,8772,8170,8200,
85.709,8716,8173,8221,
85.716,8647,8168,8235,
85.726,8632,8170,8226,
85.737,8622,8170,8226,
85.746,8619,8170,8231,
85.756,8632,8170,8241,
85.767,8619,8170,8241,
85.779,8616,8170,8235,
85.787,8627,8170,8235,
85.795,8635,8168,8243,
85.806,8639,8168,8231,
85.817,8632,8168,8235,
85.827,8624,8170,8231,
85.839,8616,8170,8231,
85.846,8619,8168,8235,
85.857,8632,8168,8228,
85.866,8611,8173,8228,
85.876,8619,8173,8223,
85.887,8689,8170,8216,
85.897,8783,8170,8200,
85.907,8686,8170,8228,
85.917,8644,8168,8243,
85.926,8635,8168,8235,
85.936,8635,8168,8235,
85.946,8627,8168,8238,
85.957,8624,8165,8235,
85.966,8630,8168,8235,
85.975,8624,8170,8228,
85.986,8619,8168,8231,
85.998,8624,8173,8228,
86.009,8616,8168,8235,
86.014,8619,8168,8226,
86.026,8608,8173,8235,
86.035,8616,8168,8235,
86.045,8616,8170,8238,
86.054,8611,8168,8231,
86.068,8611,8170,8223,
86.074,8600,8170,8228,
86.087,8659,8173,8216,
86.095,8745,8173,8200,
86.105,8691,8168,8216,
86.116,8611,8165,8238,
86.126,8603,8168,8231,
86.136,8589,8170,8226,
86.148,8603,8170,8228,
86.158,8597,8170,8228,
86.165,8592,8168,8223,
86.175,8594,8168,8228,
86.186,8597,8168,8228,
86.195,8589,8170,8231,
86.205,8589,8170,8228,
86.215,8597,8168,8228,
86.227,8592,8168,8228,
86.236,8592,8168,8226,
86.244,8592,8170,8226,
86.258,8584,8173,8221,
86.266,8573,8173,8226,
86.275,8589,8170,8226,
86.285,8661,8175,8205,
86.296,8733,8173,8195,
86.308,8647,8170,8221,
86.316,8594,8168,8226,
86.325,8584,8170,8226,
86.336,8584,8170,8226,
86.347,8578,8170,8223,
86.356,8578,8170,8221,
86.367,8567,8173,8228,
86.376,8562,8170,8223,
86.386,8565,8168,8221,
86.395,8565,8168,8223,
86.405,8565,8170,8226,
86.415,8567,8170,8226,
86.425,8570,8168,8226,
86.436,8570,8168,8223,
86.444,8565,8168,8223,
86.455,8562,8170,8223,
86.467,8558,8173,8221,
86.475,8570,8173,8213,
86.486,8611,8170,8205,
86.496,8699,8170,8195,
86.506,8653,8170,8213,
86.517,8570,8170,8223,
86.527,8565,8170,8218,
86.537,8553,8168,8218,
86.545,8553,8168,8221,
86.555,8549,8170,8216,
86.565,8546,8173,8221,
86.574,8553,8168,8218,
86.585,8530,8173,8216,
86.594,8544,8170,8223,
86.606,8538,8168,8221,
86.614,8549,8168,8216,
86.624,8541,8173,8218,
86.636,8541,8170,8213,
86.644,8544,8170,8218,
86.655,8541,8168,8223,
86.664,8530,8170,8218,
86.676,8527,8170,8216,
86.684,8581,8168,8208,
86.695,8653,8175,8190,
86.704,8616,8173,8208,
86.714,8525,8173,8218,
86.725,8514,8170,8213,
86.734,8517,8173,8213,
86.745,8514,8173,8213,
86.755,8514,8175,8213,
86.764,8511,8173,8213,
86.778,8517,8170,8213,
86.784,8519,8173,8213,
86.794,8522,8173,8216,
86.804,8519,8170,8210,
86.813,8519,8168,8213,
86.824,8522,8170,8213,
86.834,8525,8170,8213,
86.844,8522,8170,8216,
86.856,8522,8170,8210,
86.865,8519,8170,8218,
86.877,8519,8170,8213,
86.887,8549,8168,8200,
86.895,8624,8170,8192,
86.907,8562,8170,8216,
86.916,8511,8168,8210,
86.925,8509,8170,8213,
86.937,8514,8168,8213,
86.945,8514,8170,8210,
86.953,8517,8170,8213,
86.964,8514,8170,8210,
86.975,8519,8168,8213,
86.984,8517,8170,8216,
86.994,8514,8168,8213,
87.003,8514,8170,8210,
87.015,8517,8170,8213,
87.026,8517,8170,8210,
87.033,8519,8173,8210,
87.047,8514,8168,8208,
87.056,8511,8170,8210,
87.065,8517,8170,8210,
87.074,8511,8173,8210,
87.085,8527,8168,8203,
87.096,8556,8161,8187,
87.104,8514,8173,8226,
87.116,8500,8168,8210,
87.125,8498,8170,8205,
87.135,8500,8170,8210,
87.145,8503,8170,8205,
87.156,8503,8170,8208,
87.164,8500,8170,8213,
87.176,8498,8170,8210,
87.184,8498,8168,8210,
87.195,8500,8173,8210,
87.203,8503,8170,8213,
87.214,8506,8170,8210,
87.224,8509,8173,8210,
87.234,8509,8173,8210,
87.244,8500,8173,8210,
87.253,8503,8173,8213,
87.264,8498,8173,8208,
87.276,8506,8170,8208,
87.287,8527,8170,8198,
87.294,8530,8168,8187,
87.303,8490,8175,8203,
87.314,8487,8170,8205,
87.324,8481,8173,8208,
87.333,8487,8173,8210,
87.345,8487,8173,8208,
87.356,8487,8173,8210,
87.364,8492,8173,8208,
87.374,8490,8170,8208,
87.386,8492,8168,8210,
87.395,8492,8173,8210,
87.404,8495,8170,8208,
87.415,8495,8175,8210,
87.422,8490,8173,8208,
87.433,8487,8173,8210,
87.445,8481,8173,8205,
87.454,8487,8170,8208,
87.463,8484,8175,8210,
87.473,8492,8173,8203,
87.484,8511,8170,8200,
87.496,8519,8165,8185,
87.503,8484,8175,8198,
87.516,8473,8173,8210,
87.523,8476,8170,8208,
87.536,8479,8170,8205,
87.545,8476,8175,8208,
87.554,8479,8175,8205,
87.564,8473,8170,8205,
87.572,8476,8170,8210,
87.583,8463,8175,8203,
87.593,8463,8175,8200,
87.602,8461,8173,8205,
87.615,8455,8175,8210,
87.625,8455,8175,8205,
87.632,8450,8175,8203,
87.645,8447,8178,8200,
87.654,8444,8175,8203,
87.665,8442,8178,8203,
87.674,8439,8175,8205,
87.684,8442,8173,8195,
87.695,8442,8170,8185,
87.703,8412,8170,8190,
87.712,8401,8173,8195,
87.723,8406,8178,8200,
87.734,8404,8181,8198,
87.743,8401,8181,8200,
87.754,8398,8183,8198,
87.764,8393,8183,8200,
87.773,8390,8186,8198,
87.784,8390,8183,8200,
87.793,8382,8186,8200,
87.803,8377,8188,8195,
87.813,8369,8188,8198,
87.823,8361,8191,8192,
87.833,8350,8191,8195,
87.842,8347,8191,8190,
87.853,8329,8191,8187,
87.862,8320,8193,8187,
87.875,8310,8193,8185,
87.884,8285,8181,8177,
87.896,8257,8173,8172,
87.906,8257,8183,8177,
87.915,8246,8183,8180,
87.925,8238,8196,8180,
87.932,8230,8204,8180,
87.944,8219,8201,8174,
87.953,8208,8204,8180,
87.962,8200,8204,8177,
87.975,8198,8204,8174,
87.984,8185,8201,8174,
87.995,8174,8204,8180,
88.002,8179,8214,8180,
88.011,8174,8204,8177,
88.025,8155,8214,8177,
88.033,8150,8212,8180,
88.043,8144,8219,8177,
88.054,8160,8206,8180,
88.064,8139,8206,8172,
88.073,8139,8209,8182,
88.084,8112,8175,8172,
88.095,8020,8204,8169,
88.101,8018,8201,8182,
88.112,8066,8201,8177,
88.125,8072,8209,8177,
88.132,8077,8209,8174,
88.143,8074,8214,8182,
88.151,8061,8206,8172,
88.162,8080,8214,8169,
88.173,8066,8219,8172,
88.181,8088,8224,8174,
88.194,8083,8201,8167,
88.205,8066,8224,8174,
88.211,8077,8209,8172,
88.224,8061,8214,8177,
88.232,8077,8222,8174,
88.243,8066,8214,8169,
88.253,8080,8224,8177,
88.264,8064,8222,8180,
88.272,8061,8206,8177,
88.283,8028,8183,8169,
88.294,7951,8161,8167,
88.304,7986,8242,8177,
88.312,8003,8224,8172,
88.323,8009,8227,8174,
88.332,8015,8222,8174,
88.343,8015,8227,8185,
88.353,8015,8224,8180,
88.361,8020,8237,8169,
88.372,7998,8212,8177,
88.384,8020,8239,8172,
88.393,7995,8222,8167,
88.403,8012,8242,8172,
88.412,7991,8252,8185,
88.423,8009,8245,8182,
88.433,8018,8239,8174,
88.442,8012,8263,8172,
88.452,8031,8232,8185,
88.462,7998,8247,8177,
88.476,7998,8209,8172,
88.483,7953,8224,8182,
88.492,7865,8227,8174,
88.503,7929,8224,8167,
88.512,7980,8237,8174,
88.523,7975,8252,8172,
88.532,7975,8222,8172,
88.545,7995,8237,8177,
88.551,7970,8245,8172,
88.562,7991,8237,8182,
88.571,7986,8217,8174,
88.582,8003,8242,8172,
88.593,7980,8242,8169,
88.603,7991,8239,8174,
88.613,7978,8237,8169,
88.624,7995,8224,8174,
88.632,8012,8230,8180,
88.641,8031,8237,8174,
88.651,8031,8217,8167,
88.662,8007,8219,8167,
88.675,8018,8250,8174,
88.682,7995,8219,8167,
88.694,7909,8183,8180,
88.701,7929,8222,8172,
88.711,7972,8219,8174,
88.724,7998,8219,8177,
88.733,8009,8219,8177,
88.744,8015,8206,8174,
88.753,8015,8224,8169,
88.762,8015,8214,8169,
88.772,8007,8201,8177,
88.782,8034,8227,8177,
88.791,8015,8217,8167,
88.804,8047,8250,8182,
88.811,8037,8245,8177,
88.822,8023,8209,8174,
88.831,8037,8227,8174,
88.842,8037,8242,8174,
88.853,8045,8212,8169,
88.863,8037,8239,8180,
88.871,8039,8206,8172,
88.882,8039,8181,8180,
88.893,7926,8193,8172,
88.902,7956,8219,8180,
88.913,8012,8224,8172,
88.921,8007,8239,8174,
88.934,8012,8214,8180,
88.942,8012,8222,8180,
88.951,8009,8222,8177,
88.963,7988,8237,8187,
88.971,7983,8232,8174,
88.983,8018,8230,8177,
88.99,8007,8224,8167,
89,7991,8222,8177,
89.012,7975,8230,8177,
89.023,8009,8219,8163,
89.034,8009,8239,8172,
89.04,7991,8232,8163,
89.049,8026,8232,8174,
89.063,8015,8242,8172,
89.071,8015,8204,8161,
89.082,7953,8175,8174,
89.09,7893,8212,8172,
89.101,7926,8217,8172,
89.113,7980,8265,8172,
89.122,7995,8206,8163,
89.132,7980,8255,8177,
89.142,8015,8227,8174,
89.153,8009,8227,8180,
89.161,8015,8237,8174,
89.171,8020,8219,8169,
89.183,8023,8250,8182,
89.192,8023,8224,8169,
89.201,8028,8227,8180,
89.211,8042,8217,8174,
89.221,8042,8217,8169,
89.233,8055,8214,8174,
89.242,8064,8250,8169,
89.254,8050,8239,8169,
89.262,8066,8201,8187,
89.272,8072,8217,8180,
89.282,8058,8178,8177,
89.292,7983,8170,8180,
89.304,8042,8188,8172,
89.312,8101,8212,8180,
89.322,8103,8219,8174,
89.331,8117,8224,8172,
89.341,8125,8217,8172,
89.353,8141,8206,8169,
89.363,8171,8217,8174,
89.371,8171,8222,8172,
89.381,8188,8227,8167,
89.392,8174,8209,8177,
89.403,8182,8212,8174,
89.411,8185,8214,8177,
89.421,8198,8214,8174,
89.43,8198,8217,8177,
89.441,8206,8212,8174,
89.453,8235,8219,8185,
89.461,8244,8212,8177,
89.471,8260,8209,8180,
89.482,8254,8145,8182,
89.49,8254,8168,8167,
89.502,8283,8183,8177,
89.511,8312,8193,8192,
89.522,8350,8191,8190,
89.531,8377,8193,8198,
89.543,8406,8186,8198,
89.552,8425,8186,8192,
89.561,8450,8183,8200,
89.571,8468,8181,8203,
89.582,8492,8178,8205,
89.59,8503,8178,8213,
89.6,8525,8175,8210,
89.611,8541,8173,8216,
89.621,8553,8175,8218,
89.63,8573,8173,8221,
89.641,8578,8168,8221,
89.652,8592,8170,8223,
89.663,8603,8161,8223,
89.673,8608,8173,8223,
89.682,8630,8165,8208,
89.691,8699,8206,8223,
89.702,8632,8173,8228,
89.71,8639,8168,8228,
89.72,8632,8173,8231,
89.731,8632,8170,8228,
89.742,8644,8165,8235,
89.753,8635,8175,8223,
89.76,8650,8168,8238,
89.772,8656,8173,8241,
89.781,8647,8168,8231,
89.792,8653,8173,8238,
89.804,8659,8170,8238,
89.813,8661,8170,8238,
89.819,8667,8168,8246,
89.832,8675,8165,8246,
89.843,8672,8168,8251,
89.851,8675,8165,8246,
89.862,8672,8173,8241,
89.873,8670,8168,8246,
89.882,8710,8173,8228,
89.891,8774,8173,8208,
89.901,8707,8170,8238,
89.912,8683,8170,8246,
89.92,8678,8170,8235,
89.929,8672,8170,8241,
89.941,8670,8168,8241,
89.95,8664,8170,8241,
89.961,8672,8170,8241,
89.973,8675,8175,8235,
89.98,8678,8168,8241,
89.992,8678,8173,8243,
90.002,8675,8170,8238,
90.01,8672,8165,8251,
90.018,8664,8173,8246,
90.029,8675,8173,8243,
90.04,8672,8168,8243,
90.051,8670,8173,8243,
90.061,8675,8173,8238,
90.07,8678,8168,8241,
90.079,8766,8168,8221,
90.091,8808,8175,8205,
90.098,8756,8173,8221,
90.11,8683,8173,8228,
90.12,8667,8170,8238,
90.13,8661,8170,8241,
90.141,8656,8168,8241,
90.149,8659,8170,8241,
90.161,8656,8173,8235,
90.171,8664,8170,8228,
90.181,8642,8168,8238,
90.191,8659,8173,8228,
90.199,8644,8168,8235,
90.21,8647,8170,8235,
90.22,8653,8168,8238,
90.23,8650,8170,8231,
90.238,8642,8168,8235,
90.251,8632,8173,8235,
90.261,8639,8170,8246,
90.27,8635,8170,8226,
90.278,8710,8170,8213,
90.288,8780,8170,8200,
90.301,8710,8170,8223,
90.311,8642,8173,8241,
90.32,8630,8170,8228,
90.332,8627,8168,8241,
90.339,8616,8170,8228,
90.351,8616,8170,8238,
90.359,8613,8170,8238,
90.371,8608,8170,8235,
90.379,8605,8170,8238,
90.389,8613,8170,8228,
90.401,8608,8173,8228,
90.411,8608,8170,8228,
90.42,8605,8173,8228,
90.43,8608,8170,8226,
90.441,8600,8170,8226,
90.448,8594,8170,8228,
90.46,8597,8170,8226,
90.47,8597,8170,8223,
90.482,8650,8168,8210,
90.488,8738,8170,8198,
90.5,8678,8170,8218,
90.509,8603,8170,8228,
90.519,8592,8170,8221,
90.527,8586,8168,8228,
90.539,8589,8168,8226,
90.548,8584,8170,8223,
90.562,8581,8168,8226,
90.569,8578,8170,8218,
90.578,8570,8168,8223,
90.59,8576,8173,8226,
90.602,8570,8170,8228,
90.611,8578,8170,8223,
90.619,8562,8173,8226,
90.63,8565,8170,8218,
90.64,8565,8170,8216,
90.651,8562,8170,8218,
90.66,8581,8170,8221,
90.671,8584,8168,8221,
90.68,8624,8173,8213,
90.69,8707,8173,8192,
90.7,8632,8170,8221,
90.71,8581,8170,8223,
90.72,8567,8170,8218,
90.73,8556,8170,8221,
90.738,8558,8170,8221,
90.749,8556,8170,8216,
90.76,8536,8170,8218,
90.769,8553,8168,8216,
90.78,8544,8170,8218,
90.79,8536,8170,8218,
90.799,8541,8173,8216,
90.808,8533,8170,8221,
90.819,8538,8170,8221,
90.83,8538,8168,8218,
90.84,8530,8173,8216,
90.85,8536,8168,8216,
90.861,8533,8170,8218,
90.869,8533,8170,8213,
90.878,8558,8170,8208,
90.889,8650,8168,8190,
90.903,8597,8170,8208,
90.908,8525,8170,8213,
90.917,8519,8170,8216,
90.928,8519,8173,8216,
90.939,8514,8168,8213,
90.95,8517,8170,8210,
90.959,8514,8173,8216,
90.968,8517,8170,8213,
90.979,8519,8168,8216,
90.989,8514,8170,8216,
91,8517,8170,8213,
91.006,8517,8170,8213,
91.017,8519,8168,8216,
91.033,8509,8170,8216,
91.038,8509,8170,8216,
91.049,8509,8170,8213,
91.058,8509,8170,8210,
91.068,8517,8168,8205,
91.08,8533,8168,8200,
91.088,8533,8168,8192,
91.098,8500,8175,8200,
91.108,8484,8175,8210,
91.121,8479,8173,8205,
91.129,8476,8173,8208,
91.14,8471,8170,8205,
91.149,8463,8175,8205,
91.159,8461,8175,8205,
91.169,8452,8175,8205,
91.177,8442,8175,8203,
91.189,8439,8175,8200,
91.199,8428,8178,8203,
91.208,8420,8178,8203,
91.219,8406,8181,8200,
91.229,8393,8178,8195,
91.24,8366,8183,8192,
91.25,8339,8186,8190,
91.257,8318,8196,8187,
91.269,8285,8193,8182,
91.278,8252,8183,8177,
91.29,8200,8168,8172,
91.298,8179,8181,8172,
91.308,8192,8196,8177,
91.319,8174,8204,8177,
91.327,8158,8204,8177,
91.34,8150,8199,8174,
91.347,8160,8204,8174,
91.359,8136,8209,8177,
91.37,8136,8206,8180,
91.379,8094,8224,8177,
91.39,8072,8224,8174,
91.398,8055,8209,8177,
91.411,8039,8230,8174,
91.417,8028,8219,8177,
91.428,8015,8230,8169,
91.437,7998,8209,8174,
91.447,7983,8242,8177,
91.46,8009,8245,8174,
91.468,7961,8219,8177,
91.477,7934,8204,8172,
91.492,7857,8201,8167,
91.498,7857,8224,8185,
91.51,7889,8232,8177,
91.519,7940,8212,8185,
91.527,7886,8250,8163,
91.539,7884,8247,8172,
91.548,7893,8242,8180,
91.557,7912,8245,8169,
91.568,7895,8245,8169,
91.576,7889,8260,8163,
91.588,7875,8268,8172,
91.599,7865,8237,8177,
91.609,7859,8247,8167,
91.617,7889,8247,8169,
91.63,7878,8257,8172,
91.636,7906,8239,8177,
91.647,7875,8247,8169,
91.658,7875,8260,8177,
91.669,7870,8239,8161,
91.677,7851,8181,8177,
91.687,7771,8196,8180,
91.7,7799,8219,8174,
91.706,7857,8250,8174,
91.719,7859,8291,8163,
91.727,7859,8252,8177,
91.738,7862,8276,8172,
91.748,7870,8239,8174,
91.757,7854,8237,8169,
91.768,7873,8242,8180,
91.777,7878,8242,8172,
91.79,7875,8286,8172,
91.799,7923,8250,8177,
91.807,7921,8263,8177,
91.819,7898,8227,8174,
91.827,7921,8242,8174,
91.837,7904,8255,8174,
91.846,7961,8224,8172,
91.859,7929,8247,8182,
91.869,7940,8242,8163,
91.878,7886,8204,8174,
91.888,7832,8209,8177,
91.896,7889,8230,8169,
91.908,7926,8276,8174,
91.919,7926,8239,8167,
91.927,7934,8263,8152,
91.937,7926,8273,8169,
91.947,7940,8247,8169,
91.957,7942,8227,8174,
91.968,7964,8239,8174,
91.976,7970,8237,8174,
91.988,7942,8252,8177,
91.996,7945,8268,8172,
92.007,7948,8219,8177,
92.017,7972,8252,8174,
92.028,7940,8242,8169,
92.039,7953,8263,8182,
92.049,7970,8250,8174,
92.059,7961,8245,8177,
92.067,7940,8222,8174,
92.076,7893,8188,8169,
92.086,7818,8209,8169,
92.097,7862,8239,8180,
92.107,7904,8219,8174,
92.117,7932,8239,8174,
92.127,7929,8255,8174,
92.137,7948,8230,8180,
92.146,7951,8247,8163,
92.158,7951,8242,8177,
92.167,7942,8265,8177,
92.175,7961,8247,8174,
92.187,7970,8232,8163,
92.197,7951,8222,8177,
92.209,7980,8230,8180,
92.218,7970,8230,8174,
92.229,7983,8224,8180,
92.235,7970,8214,8172,
92.246,7970,8245,8174,
92.26,7988,8252,8182,
92.266,7972,8237,8169,
92.279,7959,8199,8169,
92.288,7848,8191,8185,
92.297,7923,8206,8169,
92.306,7948,8270,8172,
92.317,7964,8219,8174,
92.326,7967,8250,8177,
92.337,7929,8239,8172,
92.348,7951,8242,8180,
92.357,7970,8255,8169,
92.368,7980,8245,8174,
92.377,7972,8247,8169,
92.388,7967,8242,8172,
92.398,7945,8227,8169,
92.408,7948,8214,8180,
92.416,7972,8245,8177,
92.427,7956,8227,8174,
92.437,7959,8255,8163,
92.446,7953,8250,8163,
92.455,7978,8227,8180,
92.487,7953,8209,8169,
92.49,7923,8217,8177,
92.491,7843,8204,8177,
92.496,7898,8214,8174,
92.508,7929,8247,8177,
92.519,7929,8230,8172,
92.526,7948,8212,8182,
92.536,7951,8224,8180,
92.552,7956,8252,8172,
92.556,7978,8219,8187,
92.567,7986,8227,8174,
92.577,7975,8242,8169,
92.588,7998,8232,8180,
92.598,7991,8224,8180,
92.606,7975,8237,8177,
92.616,7986,8227,8174,
92.627,8003,8232,8182,
92.638,7980,8237,8180,
92.647,7972,8224,8182,
92.656,7983,8257,8182,
92.667,7961,8242,8169,
92.678,7923,8181,8182,
92.688,7832,8201,8167,
92.697,7901,8230,8174,
92.706,7934,8193,8174,
92.718,7953,8257,8172,
92.728,7953,8237,8177,
92.737,7951,8237,8180,
92.746,7964,8219,8177,
92.757,7956,8232,8174,
92.766,7964,8252,8172,
92.776,7948,8217,8174,
92.786,7970,8247,8174,
92.797,7967,8247,8169,
92.809,7940,8201,8185,
92.816,7951,8214,8180,
92.826,7940,8242,8169,
92.835,7937,8250,8174,
92.847,7934,8260,8174,
92.856,7921,8242,8177,
92.869,7918,8219,8163,
92.875,7881,8227,8174,
92.888,7801,8199,8174,
92.898,7824,8237,8177,
92.907,7904,8242,8180,
92.915,7898,8237,8172,
92.927,7912,8247,8182,
92.937,7921,8242,8167,
92.946,7906,8239,8174,
92.956,7904,8232,8172,
92.967,7918,8250,8169,
92.977,7937,8250,8169,
92.986,7940,8250,8185,
92.995,7918,8263,8174,
93.008,7929,8230,8172,
93.018,7951,8237,8172,
93.026,7923,8281,8169,
93.035,7915,8247,8169,
93.047,7940,8224,8172,
93.056,7918,8276,8177,
93.066,7942,8263,8169,
93.076,7904,8193,8174,
93.087,7807,8193,8174,
93.096,7859,8230,8169,
93.107,7942,8237,8187,
93.115,7926,8212,8172,
93.126,7926,8250,8174,
93.135,7923,8237,8167,
93.146,7959,8227,8172,
93.157,7961,8247,8172,
93.168,7961,8232,8167,
93.176,7953,8245,8172,
93.184,8000,8286,8167,
93.196,7975,8283,8174,
93.206,7967,8232,8180,
93.217,7991,8250,8182,
93.226,7978,8263,8177,
93.236,7998,8239,8185,
93.245,8007,8263,8180,
93.256,8015,8273,8172,
93.266,7991,8230,8177,
93.276,7967,8199,8172,
93.286,7878,8188,8180,
93.296,7940,8230,8172,
93.304,7967,8227,8177,
93.316,7975,8245,8169,
93.326,7998,8247,8177,
93.336,7983,8227,8161,
93.346,7980,8212,8174,
93.355,7995,8250,8180,
93.367,8023,8237,8177,
93.376,8026,8245,8180,
93.385,8012,8219,8169,
93.396,8026,8245,8174,
93.406,8026,8222,8172,
93.416,8039,8224,8177,
93.426,8037,8242,8172,
93.438,8055,8224,8190,
93.447,8077,8232,8174,
93.457,8077,8232,8180,
93.465,8088,8206,8177,
93.477,8028,8168,8177,
93.485,7956,8193,8177,
93.496,8028,8214,8172,
93.506,8053,8232,8167,
93.514,8097,8219,8177,
93.526,8083,8232,8180,
93.537,8094,8212,8177,
93.546,8097,8219,8169,
93.555,8097,8212,8174,
93.566,8112,8214,8167,
93.575,8120,8227,8169,
93.587,8133,8219,8182,
93.594,8125,8206,8174,
93.605,8117,8212,8177,
93.616,8128,8217,8172,
93.626,8139,8217,8172,
93.635,8150,8214,8182,
93.643,8158,8214,8180,
93.657,8163,8217,8172,
93.665,8179,8224,8174,
93.677,8150,8183,8177,
93.687,8085,8155,8177,
93.697,8158,8193,8172,
93.704,8174,8214,8177,
93.717,8198,8206,8172,
93.725,8200,8217,8167,
93.736,8200,8204,8177,
93.746,8174,8219,8169,
93.757,8171,8219,8174,
93.764,8174,8217,8180,
93.776,8177,8204,8174,
93.786,8185,8212,8177,
93.796,8182,8219,8174,
93.806,8188,8212,8174,
93.816,8200,8212,8169,
93.825,8206,8214,8180,
93.835,8206,8217,8182,
93.847,8219,8209,8180,
93.856,8222,8224,8177,
93.865,8235,8217,8182,
93.876,8227,8193,8180,
93.885,8211,8168,8172,
93.894,8246,8191,8185,
93.905,8273,8196,8180,
93.915,8299,8204,8187,
93.927,8315,8193,8185,
93.936,8334,8201,8192,
93.946,8358,8196,8192,
93.957,8387,8193,8195,
93.966,8404,8191,8195,
93.977,8412,8193,8195,
93.984,8412,8188,8195,
93.996,8404,8193,8195,
94.005,8398,8188,8198,
94.015,8385,8191,8195,
94.025,8379,8191,8195,
94.037,8377,8191,8192,
94.044,8377,8188,8192,
94.054,8372,8193,8195,
94.064,8372,8191,8195,
94.075,8366,8183,8187,
94.086,8334,8140,8180,
94.095,8307,8178,8185,
94.105,8329,8178,8187,
94.116,8339,8191,8187,
94.125,8347,8191,8192,
94.136,8350,8193,8192,
94.146,8350,8191,8190,
94.153,8353,8193,8187,
94.166,8356,8193,8192,
94.177,8358,8188,8190,
94.186,8356,8191,8190,
94.194,8361,8193,8192,
94.204,8361,8193,8195,
94.215,8364,8191,8192,
94.225,8358,8188,8195,
94.235,8361,8193,8195,
94.245,8358,8196,8195,
94.256,8361,8193,8195,
94.264,8364,8191,8195,
94.274,8353,8181,8187,
94.285,8323,8148,8182,
94.294,8318,8191,8187,
94.303,8329,8193,8182,
94.314,8347,8193,8190,
94.323,8356,8191,8190,
94.334,8356,8188,8192,
94.343,8358,8193,8195,
94.356,8358,8193,8195,
94.362,8364,8186,8192,
94.375,8364,8193,8195,
94.382,8364,8191,8195,
94.393,8364,8193,8195,
94.403,8372,8191,8192,
94.414,8366,8193,8192,
94.425,8369,8188,8192,
94.434,8372,8193,8195,
94.444,8369,8191,8195,
94.452,8369,8191,8192,
94.463,8377,8191,8190,
94.475,8364,8183,8185,
94.484,8326,8168,8174,
94.495,8301,8175,8182,
94.503,8323,8188,8195,
94.515,8339,8193,8195,
94.524,8345,8183,8192,
94.533,8350,8188,8190,
94.545,8350,8191,8192,
94.553,8361,8186,8192,
94.563,8364,8186,8190,
94.573,8361,8186,8192,
94.584,8366,8193,8198,
94.596,8361,8183,8190,
94.606,8366,8188,8192,
94.614,8369,8193,8195,
94.622,8366,8188,8192,
94.635,8364,8188,8192,
94.643,8364,8186,8198,
94.653,8369,8191,8198,
94.664,8369,8183,8192,
94.675,8361,8186,8192,
94.684,8326,8168,8180,
94.693,8318,8191,8190,
94.704,8345,8191,8195,
94.712,8342,8188,8190,
94.723,8353,8186,8190,
94.734,8356,8186,8195,
94.743,8356,8193,8192,
94.754,8361,8188,8195,
94.766,8358,8193,8190,
94.772,8364,8193,8195,
94.784,8361,8188,8192,
94.793,8366,8188,8195,
94.803,8366,8193,8198,
94.817,8372,8188,8187,
94.824,8372,8191,8195,
94.832,8379,8191,8195,
94.844,8377,8196,8198,
94.853,8372,8191,8192,
94.863,8377,8186,8190,
94.874,8366,8183,8187,
94.882,8329,8159,8177,
94.895,8307,8183,8182,
94.904,8318,8188,8185,
94.915,8339,8191,8190,
94.924,8345,8186,8187,
94.934,8347,8188,8187,
94.943,8345,8188,8187,
94.955,8345,8188,8190,
94.961,8347,8188,8187,
94.973,8347,8191,8192,
94.984,8350,8193,8187,
94.994,8347,8193,8190,
95.003,8350,8199,8190,
95.011,8358,8188,8192,
95.025,8353,8191,8192,
95.035,8356,8193,8187,
95.041,8358,8193,8190,
95.053,8358,8196,8195,
95.065,8358,8193,8192,
95.073,8345,8181,8185,
95.084,8310,8155,8180,
95.093,8296,8181,8182,
95.102,8320,8186,8187,
95.112,8329,8188,8192,
95.123,8337,8191,8190,
95.132,8339,8191,8195,
95.141,8342,8196,8192,
95.152,8350,8193,8192,
95.163,8350,8191,8192,
95.174,8353,8186,8192,
95.182,8353,8191,8195,
95.195,8361,8191,8192,
95.203,8358,8191,8195,
95.212,8358,8191,8195,
95.225,8361,8191,8192,
95.233,8364,8188,8198,
95.244,8364,8188,8195,
95.253,8361,8188,8192,
95.264,8369,8196,8195,
95.273,8353,8183,8185,
95.284,8329,8150,8180,
95.292,8304,8181,8187,
95.303,8318,8186,8192,
95.311,8331,8191,8190,
95.325,8342,8188,8190,
95.333,8347,8188,8192,
95.342,8345,8188,8192,
95.354,8350,8193,8195,
95.364,8358,8193,8192,
95.371,8350,8188,8192,
95.383,8358,8191,8195,
95.391,8361,8196,8192,
95.402,8356,8196,8195,
95.413,8361,8193,8192,
95.422,8356,8193,8190,
95.433,8358,8188,8190,
95.443,8364,8193,8190,
95.452,8361,8193,8190,
95.463,8358,8186,8187,
95.471,8350,8181,8185,
95.482,8323,8175,8180,
95.491,8307,8181,8182,
95.506,8323,8186,8187,
95.511,8337,8191,8187,
95.522,8347,8191,8190,
95.533,8347,8186,8190,
95.544,8356,8196,8192,
95.553,8353,8183,8190,
95.563,8353,8191,8190,
95.574,8358,8191,8192,
95.582,8358,8191,8190,
95.595,8358,8191,8192,
95.601,8358,8193,8190,
95.612,8364,8188,8187,
95.626,8361,8188,8187,
95.632,8364,8193,8195,
95.643,8364,8191,8190,
95.651,8361,8188,8190,
95.663,8364,8188,8192,
95.671,8347,8181,8182,
95.68,8312,8161,8174,
95.694,8301,8183,8185,
95.704,8315,8186,8185,
95.714,8331,8188,8190,
95.726,8339,8188,8192,
95.733,8345,8186,8190,
95.741,8350,8188,8190,
95.752,8347,8193,8195,
95.762,8353,8191,8192,
95.77,8350,8188,8192,
95.781,8353,8188,8192,
95.792,8356,8196,8192,
95.804,8358,8191,8192,
95.813,8361,8186,8198,
95.824,8361,8199,8192,
95.831,8364,8191,8195,
95.843,8361,8199,8192,
95.854,8358,8196,8198,
95.861,8361,8196,8190,
95.873,8353,8186,8187,
95.882,8323,8150,8180,
95.893,8318,8186,8187,
95.904,8326,8183,8190,
95.913,8337,8193,8192,
95.923,8345,8188,8192,
95.932,8350,8191,8192,
95.942,8350,8188,8187,
95.954,8353,8191,8192,
95.964,8350,8191,8187,
95.974,8350,8188,8190,
95.982,8353,8193,8190,
95.991,8356,8193,8195,
96.003,8364,8191,8195,
96.012,8358,8186,8187,
96.022,8361,8193,8190,
96.034,8361,8191,8190,
96.042,8361,8193,8192,
96.053,8358,8188,8192,
96.064,8358,8196,8190,
96.07,8358,8186,8187,
96.08,8323,8150,8177,
96.092,8320,8183,8187,
96.103,8331,8186,8187,
96.109,8339,8191,8190,
96.122,8347,8188,8192,
96.134,8347,8193,8187,
96.142,8353,8191,8192,
96.152,8361,8186,8198,
96.162,8358,8191,8192,
96.171,8361,8193,8192,
96.183,8361,8193,8195,
96.191,8361,8193,8195,
96.203,8356,8188,8192,
96.211,8358,8186,8195,
96.222,8361,8193,8195,
96.232,8366,8193,8195,
96.242,8358,8188,8192,
96.253,8366,8196,8198,
96.263,8364,8188,8195,
96.274,8353,8188,8187,
96.282,8326,8159,8182,
96.292,8310,8183,8187,
96.3,8320,8181,8187,
96.311,8337,8188,8192,
96.322,8342,8188,8192,
96.331,8345,8188,8190,
96.343,8345,8191,8195,
96.352,8353,8199,8192,
96.36,8353,8186,8190,
96.372,8358,8191,8187,
96.381,8358,8193,8192,
96.391,8356,8196,8192,
96.403,8356,8191,8190,
96.412,8356,8188,8190,
96.425,8358,8191,8195,
96.43,8358,8188,8190,
96.441,8361,8188,8195,
96.452,8361,8188,8192,
96.46,8364,8193,8192,
96.473,8353,8181,8185,
96.482,8326,8165,8177,
96.49,8320,8181,8185,
96.501,8326,8181,8185,
96.513,8337,8188,8192,
96.52,8347,8188,8192,
96.532,8347,8191,8192,
96.541,8353,8191,8190,
96.551,8353,8191,8192,
96.561,8356,8196,8195,
96.572,8356,8186,8192,
96.581,8361,8193,8200,
96.591,8364,8196,8195,
96.603,8356,8196,8190,
96.614,8358,8193,8195,
96.621,8361,8191,8192,
96.631,8364,8193,8195,
96.641,8361,8188,8195,
96.65,8364,8196,8192,
96.66,8361,8191,8195,
96.67,8353,8183,8187,
96.683,8331,8137,8174,
96.692,8310,8181,8185,
96.702,8318,8183,8187,
96.712,8331,8191,8187,
96.722,8337,8188,8185,
96.733,8345,8191,8187,
96.739,8345,8191,8190,
96.751,8353,8191,8187,
96.76,8353,8191,8195,
96.771,8353,8196,8195,
96.781,8353,8193,8192,
96.791,8356,8188,8190,
96.802,8358,8191,8195,
96.81,8358,8193,8192,
96.821,8361,8191,8195,
96.831,8356,8191,8192,
96.841,8358,8193,8195,
96.852,8361,8188,8192,
96.862,8364,8188,8192,
96.869,8353,8186,8180,
96.894,8329,8153,8174,
96.895,8310,8181,8187,
96.899,8315,8188,8192,
96.911,8329,8186,8187,
96.92,8337,8191,8187,
96.93,8345,8191,8190,
96.942,8345,8188,8190,
96.95,8353,8196,8192,
96.959,8353,8193,8192,
96.97,8353,8191,8190,
96.981,8356,8191,8192,
96.992,8358,8188,8190,
97.002,8358,8193,8190,
97.012,8356,8196,8190,
97.02,8361,8191,8190,
97.032,8358,8183,8187,
97.043,8361,8191,8190,
97.049,8364,8193,8192,
97.06,8361,8191,8192,
97.072,8350,8193,8182,
97.082,8329,8161,8174,
97.09,8323,8183,8187,
97.102,8323,8183,8187,
97.111,8339,8193,8192,
97.119,8347,8188,8187,
97.13,8350,8193,8190,
97.14,8350,8193,8190,
97.152,8353,8191,8190,
97.162,8356,8193,8190,
97.173,8358,8186,8190,
97.178,8347,8193,8192,
97.19,8358,8196,8190,
97.199,8358,8191,8190,
97.213,8364,8193,8195,
97.22,8358,8191,8190,
97.231,8356,8193,8192,
97.241,8361,8193,8190,
97.251,8364,8186,8190,
97.26,8361,8191,8190,
97.271,8358,8191,8187,
97.281,8334,8145,8177,
97.29,8312,8178,8185,
97.299,8326,8188,8190,
97.311,8334,8186,8185,
97.319,8345,8186,8190,
97.333,8342,8193,8190,
97.341,8350,8186,8190,
97.349,8347,8188,8190,
97.36,8353,8188,8190,
97.37,8358,8193,8192,
97.381,8356,8196,8192,
97.39,8353,8191,8190,
97.402,8353,8193,8192,
97.41,8356,8199,8190,
97.421,8358,8191,8190,
97.43,8353,8193,8190,
97.442,8356,8193,8195,
97.451,8361,8191,8192,
97.462,8358,8193,8187,
97.473,8347,8183,8182,
97.48,8326,8148,8174,
97.491,8318,8183,8185,
97.502,8329,8186,8187,
97.511,8339,8183,8185,
97.52,8345,8188,8190,
97.529,8342,8186,8190,
97.54,8350,8191,8192,
97.551,8353,8186,8187,
97.559,8353,8188,8190,
97.57,8358,8191,8192,
97.581,8353,8193,8190,
97.591,8356,8188,8190,
97.601,8356,8188,8192,
97.61,8358,8188,8195,
97.62,8364,8188,8190,
97.632,8364,8193,8192,
97.641,8361,8193,8187,
97.65,8361,8193,8192,
97.662,8361,8188,8192,
97.671,8353,8183,8185,
97.681,8329,8165,8177,
97.689,8318,8181,8185,
97.699,8326,8178,8182,
97.711,8337,8193,8190,
97.72,8345,8186,8190,
97.729,8345,8191,8192,
97.74,8347,8188,8192,
97.75,8350,8191,8192,
97.76,8353,8191,8190,
97.77,8356,8191,8190,
97.78,8356,8196,8192,
97.789,8358,8193,8190,
97.8,8361,8196,8190,
97.81,8358,8193,8192,
97.817,8358,8188,8187,
97.829,8364,8188,8192,
97.841,8358,8193,8192,
97.85,8366,8191,8192,
97.861,8366,8193,8192,
97.869,8356,8186,8190,
97.88,8334,8140,8177,
97.889,8318,8181,8187,
97.899,8331,8193,8195,
97.909,8339,8188,8190,
97.92,8353,8186,8192,
97.93,8350,8191,8187,
97.939,8353,8191,8190,
97.95,8353,8193,8190,
97.961,8356,8193,8190,
97.969,8358,8193,8195,
97.981,8358,8193,8192,
97.989,8356,8193,8190,
98.001,8356,8191,8190,
98.011,8358,8193,8192,
98.02,8361,8193,8190,
98.029,8361,8196,8190,
98.039,8361,8191,8192,
98.051,8358,8191,8195,
98.06,8364,8191,8187,
98.069,8358,8181,8185,
98.079,8331,8145,8180,
98.088,8307,8178,8180,
98.1,8318,8188,8190,
98.109,8337,8188,8190,
98.119,8342,8191,8190,
98.131,8342,8191,8187,
98.141,8347,8188,8190,
98.149,8350,8188,8192,
98.159,8353,8191,8192,
98.169,8356,8193,8190,
98.18,8358,8193,8192,
98.188,8356,8191,8195,
98.199,8358,8191,8192,
98.209,8353,8191,8192,
98.217,8361,8191,8198,
98.229,8358,8196,8192,
98.239,8356,8193,8192,
98.251,8356,8191,8190,
98.26,8356,8188,8190,
98.271,8347,8178,8187,
98.28,8320,8155,8177,
98.289,8310,8181,8187,
98.302,8320,8181,8187,
98.314,8326,8191,8187,
98.318,8337,8188,8187,
98.328,8347,8188,8190,
98.339,8350,8191,8187,
98.349,8350,8193,8190,
98.359,8353,8191,8190,
98.368,8358,8193,8187,
98.379,8358,8191,8190,
98.389,8358,8193,8192,
98.399,8364,8193,8192,
98.408,8358,8193,8195,
98.418,8356,8196,8200,
98.429,8364,8193,8198,
98.437,8361,8191,8195,
98.448,8361,8188,8187,
98.459,8356,8191,8192,
98.469,8350,8186,8190,
98.477,8329,8159,8177,
98.49,8307,8178,8180,
98.497,8318,8188,8190,
98.509,8331,8193,8190,
98.519,8337,8193,8187,
98.529,8345,8191,8185,
98.539,8347,8191,8190,
98.548,8350,8191,8190,
98.558,8358,8193,8195,
98.57,8356,8193,8192,
98.576,8358,8191,8192,
98.589,8358,8191,8190,
98.598,8358,8196,8192,
98.609,8364,8188,8192,
98.619,8361,8191,8190,
98.627,8356,8193,8195,
98.639,8358,8193,8190,
98.649,8356,8193,8190,
98.657,8356,8191,8192,
98.668,8347,8181,8187,
98.681,8318,8165,8182,
98.687,8307,8181,8185,
98.699,8318,8186,8185,
98.709,8334,8188,8190,
98.717,8339,8188,8190,
98.73,8347,8191,8190,
98.74,8347,8193,8190,
98.748,8353,8188,8192,
98.756,8356,8191,8192,
98.769,8356,8193,8192,
98.778,8353,8193,8190,
98.788,8358,8193,8192,
98.797,8358,8191,8192,
98.811,8358,8193,8192,
98.819,8358,8193,8190,
98.827,8361,8196,8187,
98.837,8364,8193,8190,
98.849,8364,8196,8190,
98.858,8364,8191,8192,
98.869,8356,8183,8187,
98.879,8331,8140,8174,
98.888,8318,8183,8185,
98.899,8337,8196,8190,
98.908,8337,8183,8187,
98.918,8345,8186,8190,
98.927,8350,8193,8192,
98.939,8353,8188,8192,
98.948,8356,8188,8190,
98.959,8356,8188,8190,
98.968,8356,8193,8190,
98.979,8358,8188,8187,
98.99,8361,8188,8192,
98.999,8358,8193,8190,
99.007,8358,8191,8192,
99.019,8361,8196,8198,
99.027,8364,8188,8192,
99.04,8364,8196,8195,
99.047,8364,8191,8195,
99.058,8358,8188,8195,
99.069,8347,8181,8187,
99.08,8323,8173,8177,
99.089,8304,8183,8182,
99.097,8323,8181,8187,
99.107,8331,8191,8190,
99.121,8339,8188,8190,
99.128,8345,8188,8190,
99.137,8345,8193,8190,
99.148,8347,8191,8190,
99.16,8353,8191,8190,
99.169,8356,8193,8192,
99.178,8356,8186,8192,
99.187,8356,8188,8187,
99.2,8358,8191,8187,
99.209,8361,8188,8190,
99.218,8358,8191,8190,
99.23,8364,8191,8192,
99.238,8361,8193,8187,
99.249,8361,8196,8195,
99.257,8361,8191,8190,
99.269,8350,8193,8187,
99.279,8331,8142,8174,
99.287,8312,8178,8180,
99.299,8318,8186,8190,
99.306,8329,8193,8185,
99.318,8339,8188,8187,
99.328,8347,8186,8192,
99.34,8345,8188,8190,
99.348,8347,8193,8187,
99.357,8353,8191,8192,
99.368,8358,8191,8192,
99.376,8358,8193,8190,
99.389,8361,8193,8192,
99.396,8364,8193,8190,
99.407,8358,8191,8190,
99.418,8361,8193,8192,
99.429,8361,8191,8190,
99.439,8361,8196,8195,
99.447,8364,8193,8190,
99.457,8358,8196,8192,
99.468,8353,8181,8187,
99.476,8331,8155,8177,
99.488,8310,8175,8180,
99.496,8315,8191,8187,
99.51,8329,8193,8190,
99.518,8342,8188,8187,
99.529,8342,8191,8187,
99.536,8345,8186,8190,
99.548,8347,8191,8187,
99.556,8353,8191,8190,
99.567,8353,8196,8192,
99.577,8358,8191,8187,
99.588,8361,8193,8195,
99.596,8364,8193,8192,
99.606,8356,8193,8192,
99.616,8358,8193,8190,
99.629,8361,8188,8190,
99.639,8358,8199,8190,
99.647,8364,8193,8192,
99.656,8358,8196,8195,
99.668,8353,8183,8182,
99.676,8331,8145,8177,
99.687,8310,8178,8180,
99.697,8318,8188,8192,
99.707,8331,8191,8192,
99.716,8342,8186,8190,
99.727,8345,8191,8187,
99.736,8347,8188,8187,
99.747,8347,8186,8192,
99.757,8353,8188,8192,
99.768,8353,8188,8190,
99.778,8358,8188,8190,
99.788,8356,8188,8190,
99.799,8356,8186,8187,
99.809,8361,8186,8190,
99.817,8364,8193,8192,
99.827,8358,8186,8190,
99.836,8358,8196,8192,
99.848,8358,8193,8190,
99.857,8364,8191,8190,
99.867,8356,8186,8185,
99.876,8326,8150,8174,
99.886,8320,8183,8182,
99.897,8334,8191,8190,
99.909,8342,8186,8190,
99.919,8345,8193,8190,
99.928,8356,8188,8192,
99.936,8356,8191,8190,
99.947,8356,8191,8192,
99.955,8358,8188,8187,
99.967,8358,8193,8190,
99.977,8364,8193,8195,
99.987,8361,8186,8190,
99.998,8364,8191,8195,
100.009,8358,8191,8190,
100.018,8361,8191,8195,
100.028,8361,8196,8187,
100.039,8361,8193,8192,
100.046,8361,8193,8192,
100.056,8361,8196,8190,
100.067,8356,8186,8185,
100.077,8334,8161,8174,
100.085,8329,8186,8187,
100.098,8334,8175,8185,
100.108,8339,8188,8185,
100.115,8347,8191,8192,
100.13,8353,8193,8190,
100.136,8350,8191,8195,
100.148,8353,8186,8195,
100.157,8358,8188,8195,
100.166,8356,8188,8192,
100.176,8361,8188,8195,
100.186,8358,8188,8192,
100.196,8358,8193,8195,
100.208,8358,8193,8192,
100.216,8364,8193,8192,
100.228,8366,8193,8195,
100.237,8358,8193,8195,
100.247,8366,8191,8190,
100.258,8366,8186,8190,
100.266,8350,8181,8187,
100.276,8331,8165,8174,
100.286,8326,8178,8177,
100.294,8331,8181,8187,
100.308,8342,8186,8190,
100.316,8337,8186,8187,
100.325,8345,8188,8190,
100.335,8353,8188,8190,
100.345,8350,8186,8190,
100.357,8353,8188,8192,
100.368,8350,8188,8190,
100.376,8353,8188,8192,
100.386,8358,8193,8192,
100.396,8361,8188,8198,
100.406,8361,8188,8195,
100.417,8361,8186,8195,
100.426,8361,8193,8192,
100.435,8361,8199,8195,
100.447,8364,8193,8192,
100.453,8364,8188,8187,
100.467,8358,8181,8187,
100.475,8334,8159,8180,
100.488,8326,8178,8187,
100.495,8337,8181,8192,
100.506,8342,8186,8190,
100.517,8342,8193,8190,
100.526,8342,8188,8190,
100.538,8345,8191,8192,
100.546,8347,8193,8187,
100.554,8347,8191,8192,
100.566,8356,8196,8190,
100.576,8350,8193,8190,
100.585,8361,8193,8192,
100.597,8358,8191,8187,
100.606,8356,8191,8190,
100.616,8353,8191,8187,
100.627,8358,8188,8190,
100.635,8356,8199,8190,
100.647,8358,8193,8190,
100.655,8358,8193,8192,
100.667,8347,8186,8185,
100.675,8329,8142,8177,
100.684,8307,8186,8180,
100.697,8312,8188,8185,
100.705,8334,8193,8187,
100.717,8339,8191,8190,
100.727,8345,8191,8187,
100.738,8347,8191,8190,
100.746,8350,8196,8192,
100.754,8350,8193,8192,
100.765,8353,8196,8190,
100.774,8358,8191,8192,
100.787,8358,8196,8190,
100.794,8361,8196,8195,
100.805,8361,8191,8190,
100.816,8358,8196,8187,
100.827,8364,8196,8192,
100.837,8356,8196,8192,
100.845,8358,8193,8190,
100.858,8366,8191,8198,
100.864,8356,8186,8190,
100.874,8331,8159,8180,
100.885,8326,8183,8190,
100.898,8329,8178,8185,
100.906,8339,8188,8187,
100.916,8347,8191,8187,
100.926,8347,8188,8195,
100.935,8345,8193,8192,
100.947,8353,8188,8192,
100.958,8353,8186,8190,
100.965,8353,8188,8190,
100.976,8353,8191,8192,
100.985,8358,8193,8190,
100.995,8356,8191,8190,
101.007,8356,8193,8190,
101.017,8356,8193,8192,
101.027,8353,8188,8190,
101.037,8358,8191,8192,
101.046,8361,8191,8187,
101.055,8361,8196,8195,
101.066,8358,8183,8195,
101.074,8331,8159,8177,
101.086,8323,8186,8187,
101.094,8334,8193,8187,
101.106,8342,8188,8190,
101.115,8347,8191,8190,
101.127,8353,8191,8192,
101.134,8353,8193,8198,
101.145,8358,8191,8192,
101.154,8356,8191,8195,
101.165,8353,8193,8192,
101.176,8361,8193,8192,
101.186,8361,8193,8192,
101.195,8364,8191,8195,
101.206,8358,8193,8195,
101.215,8356,8193,8195,
101.225,8358,8193,8195,
101.234,8366,8196,8192,
101.244,8364,8196,8195,
101.257,8364,8193,8195,
101.266,8358,8186,8187,
101.274,8331,8153,8172,
101.286,8320,8181,8185,
101.295,8334,8188,8187,
101.305,8337,8191,8190,
101.314,8345,8186,8187,
101.325,8350,8191,8187,
101.335,8353,8193,8192,
101.346,8356,8186,8192,
101.356,8353,8188,8192,
101.365,8356,8191,8187,
101.374,8356,8193,8187,
101.384,8361,8196,8195,
101.396,8361,8191,8187,
101.405,8364,8191,8190,
101.415,8366,8193,8195,
101.425,8361,8191,8195,
101.437,8364,8193,8190,
101.443,8366,8193,8195,
101.453,8369,8193,8190,
101.465,8356,8183,8192,
101.474,8331,8150,8182,
101.486,8326,8181,8190,
101.494,8329,8183,8198,
101.506,8345,8186,8187,
101.514,8353,8188,8190,
101.525,8350,8186,8195,
101.536,8353,8191,8192,
101.545,8356,8191,8195,
101.554,8358,8196,8192,
101.566,8361,8191,8192,
101.577,8358,8191,8190,
101.586,8356,8196,8190,
101.596,8358,8193,8192,
101.606,8361,8199,8192,
101.614,8361,8199,8192,
101.626,8361,8196,8195,
101.636,8361,8193,8192,
101.644,8366,8196,8190,
101.654,8364,8191,8192,
101.665,8356,8191,8187,
101.674,8329,8173,8177,
101.685,8318,8191,8187,
101.695,8329,8181,8192,
101.702,8339,8188,8195,
101.713,8347,8186,8190,
101.723,8350,8191,8192,
101.733,8347,8191,8190,
101.745,8353,8191,8192,
101.755,8353,8199,8192,
101.766,8356,8193,8195,
101.772,8356,8193,8192,
101.784,8356,8193,8187,
101.793,8358,8196,8190,
101.804,8358,8193,8192,
101.816,8358,8191,8190,
101.825,8358,8196,8192,
101.833,8356,8193,8190,
101.845,8358,8191,8192,
101.854,8358,8188,8190,
101.866,8358,8186,8182,
101.876,8331,8168,8174,
101.883,8312,8181,8185,
101.893,8315,8186,8187,
101.902,8334,8193,8187,
101.915,8337,8188,8190,
101.923,8347,8188,8187,
101.934,8347,8188,8190,
101.944,8353,8193,8190,
101.953,8350,8191,8190,
101.964,8350,8191,8192,
101.975,8358,8188,8192,
101.985,8353,8196,8190,
101.994,8356,8193,8195,
102.004,8356,8188,8192,
102.014,8361,8193,8192,
102.023,8364,8193,8192,
102.035,8358,8193,8192,
102.046,8361,8193,8195,
102.054,8366,8186,8198,
102.063,8350,8183,8182,
102.075,8326,8173,8177,
102.082,8310,8183,8182,
102.095,8323,8186,8187,
102.105,8334,8188,8192,
102.115,8345,8188,8192,
102.124,8350,8191,8192,
102.136,8350,8191,8195,
102.145,8353,8191,8192,
102.154,8361,8193,8195,
102.166,8364,8188,8192,
102.172,8366,8191,8198,
102.183,8364,8191,8190,
102.192,8366,8191,8190,
102.203,8364,8188,8195,
102.213,8361,8193,8192,
102.224,8364,8191,8192,
102.235,8364,8193,8190,
102.243,8361,8191,8190,
102.253,8366,8193,8190,
102.265,8356,8181,8182,
102.276,8329,8153,8177,
102.285,8304,8178,8180,
102.291,8315,8183,8187,
102.305,8329,8193,8187,
102.314,8337,8193,8185,
102.323,8345,8191,8190,
102.333,8347,8191,8190,
102.345,8347,8191,8190,
102.353,8353,8188,8190,
102.364,8353,8191,8190,
102.372,8356,8191,8190,
102.382,8358,8196,8185,
102.393,8353,8191,8192,
102.408,8356,8193,8198,
102.412,8358,8191,8192,
102.426,8358,8193,8190,
102.432,8358,8193,8192,
102.443,8361,8191,8192,
102.456,8358,8191,8192,
102.463,8353,8183,8187,
102.476,8329,8140,8177,
102.483,8318,8188,8187,
102.493,8331,8181,8187,
102.502,8337,8186,8190,
102.513,8350,8191,8190,
102.521,8353,8191,8195,
102.532,8353,8193,8192,
102.542,8356,8191,8192,
102.551,8353,8193,8192,
102.564,8356,8191,8192,
102.573,8356,8193,8187,
102.583,8358,8193,8192,
102.594,8364,8193,8190,
102.602,8361,8188,8190,
102.614,8361,8193,8190,
102.624,8361,8196,8192,
102.635,8364,8193,8195,
102.643,8364,8193,8190,
102.653,8369,8191,8192,
102.664,8353,8183,8190,
102.672,8334,8148,8177,
102.684,8326,8186,8185,
102.692,8334,8181,8190,
102.703,8345,8191,8190,
102.714,8347,8193,8190,
102.722,8347,8193,8190,
102.735,8353,8188,8187,
102.743,8356,8188,8187,
102.751,8356,8193,8190,
102.763,8358,8196,8190,
102.773,8366,8193,8192,
102.783,8364,8196,8187,
102.793,8366,8186,8190,
102.803,8361,8199,8192,
102.811,8361,8188,8190,
102.824,8366,8188,8195,
102.832,8361,8193,8190,
102.842,8364,8193,8190,
102.851,8361,8193,8190,
102.864,8350,8178,8185,
102.874,8323,8165,8177,
102.88,8318,8181,8177,
102.893,8320,8178,8190,
102.902,8337,8193,8192,
102.912,8345,8186,8192,
102.922,8347,8193,8190,
102.934,8347,8193,8198,
102.943,8350,8188,8195,
102.953,8353,8188,8195,
102.961,8353,8188,8195,
102.97,8358,8193,8195,
102.984,8356,8188,8195,
102.992,8353,8193,8190,
103.001,8358,8191,8192,
103.012,8361,8193,8192,
103.02,8361,8193,8190,
103.031,8361,8193,8192,
103.043,8356,8188,8187,
103.052,8358,8191,8187,
103.063,8347,8183,8185,
103.071,8323,8155,8180,
103.084,8296,8181,8182,
103.092,8320,8188,8187,
103.1,8326,8188,8187,
103.111,8342,8186,8187,
103.122,8347,8188,8190,
103.132,8350,8191,8190,
103.142,8353,8193,8195,
103.15,8356,8191,8187,
103.162,8356,8196,8187,
103.174,8358,8191,8190,
103.181,8356,8191,8185,
103.194,8358,8193,8192,
103.201,8361,8186,8192,
103.212,8361,8191,8192,
103.221,8358,8188,8195,
103.231,8356,8193,8190,
103.242,8358,8188,8190,
103.254,8356,8188,8190,
103.262,8342,8181,8182,
103.27,8318,8148,8177,
103.281,8307,8183,8185,
103.294,8323,8183,8192,
103.303,8334,8183,8187,
103.311,8345,8188,8190,
103.322,8342,8191,8192,
103.332,8347,8193,8190,
103.343,8347,8191,8190,
103.352,8356,8193,8190,
103.36,8356,8193,8190,
103.373,8356,8193,8192,
103.38,8356,8193,8190,
103.394,8358,8193,8192,
103.4,8358,8196,8190,
103.413,8358,8191,8190,
103.423,8361,8186,8192,
103.434,8358,8193,8192,
103.442,8364,8188,8192,
103.452,8361,8193,8195,
103.463,8356,8181,8182,
103.472,8334,8145,8174,
103.482,8310,8175,8174,
103.491,8318,8186,8187,
103.503,8331,8191,8187,
103.513,8342,8188,8187,
103.522,8350,8186,8190,
103.531,8347,8191,8187,
103.542,8342,8193,8187,
103.551,8353,8186,8192,
103.562,8347,8196,8195,
103.571,8353,8193,8190,
103.582,8353,8191,8192,
103.591,8353,8191,8190,
103.601,8350,8193,8190,
103.61,8358,8199,8190,
103.623,8358,8193,8190,
103.631,8361,8191,8190,
103.644,8361,8191,8190,
103.65,8361,8191,8192,
103.661,8350,8186,8185,
103.671,8329,8140,8172,
103.684,8318,8183,8185,
103.691,8329,8188,8190,
103.701,8339,8188,8190,
103.711,8347,8193,8192,
103.72,8345,8188,8192,
103.733,8347,8191,8190,
103.74,8356,8188,8190,
103.752,8353,8191,8190,
103.762,8358,8191,8192,
103.771,8353,8188,8190,
103.781,8356,8193,8195,
103.793,8361,8193,8190,
103.803,8364,8191,8192,
103.812,8361,8193,8192,
103.819,8361,8193,8192,
103.83,8364,8188,8192,
103.844,8358,8196,8192,
103.851,8361,8193,8195,
103.86,8356,8183,8185,
103.87,8334,8140,8174,
103.882,8326,8183,8187,
103.89,8334,8186,8182,
103.901,8345,8193,8187,
103.912,8345,8191,8187,
103.92,8353,8188,8187,
103.931,8350,8191,8192,
103.942,8356,8191,8192,
103.952,8353,8188,8192,
103.962,8356,8191,8195,
103.972,8361,8186,8192,
103.981,8356,8191,8192,
103.99,8361,8193,8195,
104.004,8361,8191,8195,
104.01,8361,8191,8192,
104.022,8358,8193,8192,
104.031,8361,8193,8192,
104.04,8366,8193,8187,
104.052,8361,8193,8190,
104.063,8358,8181,8187,
104.073,8331,8145,8177,
104.079,8318,8183,8182,
104.09,8323,8188,8185,
104.102,8342,8191,8187,
104.111,8350,8193,8192,
104.121,8350,8193,8190,
104.13,8356,8188,8190,
104.139,8356,8193,8190,
104.152,8358,8188,8190,
104.158,8353,8188,8190,
104.173,8353,8193,8190,
104.18,8356,8196,8190,
104.191,8358,8191,8195,
104.2,8356,8191,8192,
104.21,8364,8196,8190,
104.219,8361,8188,8192,
104.232,8361,8193,8190,
104.241,8361,8191,8192,
104.25,8356,8191,8187,
104.26,8356,8181,8190,
104.27,8334,8145,8180,
104.281,8315,8178,8177,
104.291,8326,8191,8190,
104.3,8337,8191,8190,
104.312,8342,8183,8190,
104.319,8347,8191,8190,
104.329,8350,8196,8190,
104.34,8347,8188,8192,
104.35,8356,8191,8190,
104.361,8358,8188,8190,
104.371,8358,8191,8190,
104.378,8353,8186,8190,
104.391,8361,8188,8190,
104.404,8358,8193,8192,
104.41,8361,8191,8192,
104.419,8361,8191,8195,
104.43,8366,8193,8190,
104.442,8361,8196,8187,
104.45,8361,8188,8190,
104.46,8353,8186,8185,
104.469,8331,8168,8180,
104.481,8326,8183,8185,
104.49,8339,8193,8182,
104.501,8339,8186,8190,
104.51,8353,8188,8190,
104.52,8353,8191,8192,
104.531,8353,8191,8190,
104.54,8353,8191,8190,
104.551,8356,8196,8192,
104.56,8361,8188,8192,
104.57,8361,8186,8187,
104.58,8358,8193,8192,
104.589,8361,8193,8192,
104.598,8358,8196,8190,
104.61,8361,8193,8192,
104.622,8364,8191,8190,
104.629,8364,8193,8190,
104.639,8361,8196,8192,
104.652,8364,8188,8190,
104.66,8358,8183,8185,
104.672,8326,8159,8174,
104.678,8318,8183,8185,
104.691,8320,8191,8182,
104.7,8337,8186,8190,
104.709,8347,8188,8190,
104.718,8350,8191,8190,
104.731,8347,8193,8190,
104.741,8350,8196,8190,
104.753,8356,8191,8192,
104.761,8353,8191,8190,
104.77,8356,8196,8192,
104.78,8361,8196,8195,
104.791,8356,8191,8185,
104.799,8358,8196,8187,
104.809,8356,8196,8192,
104.821,8358,8193,8192,
104.83,8358,8196,8192,
104.839,8358,8188,8192,
104.849,8358,8188,8192,
104.86,8353,8188,8185,
104.87,8329,8148,8177,
104.879,8315,8188,8185,
104.89,8329,8181,8190,
104.901,8339,8191,8187,
104.912,8342,8191,8187,
104.919,8347,8191,8190,
104.929,8347,8191,8187,
104.941,8353,8191,8195,
104.95,8358,8188,8192,
104.961,8358,8191,8192,
104.969,8358,8188,8198,
104.979,8361,8191,8195,
104.989,8366,8191,8198,
105.001,8364,8193,8195,
105.01,8364,8188,8192,
105.018,8361,8193,8198,
105.029,8364,8188,8195,
105.04,8361,8188,8192,
105.05,8364,8188,8192,
105.059,8353,8183,8185,
105.07,8329,8168,8177,
105.078,8323,8181,8187,
105.09,8331,8186,8192,
105.099,8339,8193,8187,
105.107,8342,8191,8190,
105.12,8342,8191,8187,
105.132,8342,8196,8187,
105.138,8339,8191,8185,
105.15,8342,8193,8190,
105.158,8345,8193,8192,
105.171,8342,8196,8195,
105.18,8345,8193,8192,
105.188,8350,8199,8192,
105.199,8345,8193,8192,
105.21,8350,8193,8192,
105.22,8347,8193,8192,
105.23,8356,8193,8192,
105.24,8364,8193,8192,
105.25,8366,8199,8195,
105.259,8364,8186,8187,
105.27,8342,8150,8177,
105.278,8320,8183,8180,
105.289,8329,8186,8190,
105.3,8339,8186,8190,
105.31,8390,8193,8195,
105.318,8431,8186,8200,
105.328,8455,8181,8203,
105.341,8476,8175,8205,
105.35,8487,8175,8205,
105.358,8471,8181,8205,
105.37,8455,8181,8208,
105.378,8476,8175,8210,
105.41,8487,8178,8210,
105.414,8490,8178,8208,
105.415,8495,8175,8210,
105.417,8498,8178,8208,
105.429,8495,8175,8213,
105.437,8498,8178,8210,
105.449,8503,8175,8205,
105.458,8517,8168,8203,
105.467,8509,8165,8192,
105.478,8455,8175,8208,
105.489,8458,8175,8203,
105.499,8455,8175,8203,
105.51,8471,8175,8205,
105.52,8487,8175,8210,
105.528,8498,8175,8208,
105.541,8519,8173,8216,
105.547,8533,8170,8216,
105.559,8544,8173,8221,
105.569,8553,8170,8216,
105.58,8565,8165,8216,
105.589,8576,8173,8218,
105.598,8581,8168,8218,
105.609,8584,8168,8223,
105.617,8584,8168,8221,
105.63,8586,8170,8223,
105.638,8589,8170,8228,
105.649,8619,8173,8213,
105.659,8667,8165,8221,
105.669,8756,8170,8208,
105.677,8713,8173,8228,
105.688,8675,8168,8246,
105.698,8667,8170,8243,
105.709,8664,8170,8238,
105.717,8672,8168,8235,
105.728,8664,8173,8238,
105.736,8670,8168,8241,
105.749,8667,8175,8235,
105.759,8678,8168,8248,
105.769,8675,8168,8235,
105.781,8680,8170,8243,
105.788,8680,8170,8241,
105.796,8683,8168,8243,
105.81,8691,8168,8241,
105.82,8697,8165,8246,
105.828,8680,8170,8248,
105.838,8699,8168,8248,
105.848,8702,8170,8241,
105.858,8769,8173,8226,
105.869,8855,8170,8216,
105.877,8802,8173,8238,
105.89,8741,8168,8254,
105.898,8738,8170,8251,
105.907,8736,8170,8256,
105.921,8741,8170,8259,
105.929,8725,8173,8259,
105.938,8727,8168,8269,
105.95,8738,8170,8251,
105.959,8741,8173,8248,
105.968,8738,8170,8251,
105.979,8727,8168,8254,
105.987,8741,8168,8256,
105.998,8741,8168,8254,
106.008,8738,8170,8254,
106.019,8738,8175,8256,
106.029,8747,8168,8251,
106.036,8741,8170,8256,
106.05,8747,8170,8248,
106.059,8824,8170,8241,
106.068,8930,8173,8213,
106.077,8860,8173,8235,
106.087,8777,8173,8254,
106.099,8764,8170,8254,
106.108,8741,8178,8251,
106.119,8741,8173,8254,
106.128,8741,8173,8259,
106.138,8741,8173,8251,
106.148,8727,8173,8259,
106.159,8716,8173,8259,
106.168,8727,8173,8251,
106.178,8725,8173,8254,
106.187,8725,8175,8256,
106.198,8718,8168,8259,
106.208,8718,8168,8256,
106.219,8716,8168,8248,
106.227,8713,8173,8251,
106.24,8721,8175,8248,
106.248,8718,8168,8251,
106.259,8777,8175,8238,
106.267,8902,8175,8198,
106.278,8836,8168,8228,
106.287,8741,8168,8256,
106.298,8721,8178,8251,
106.309,8718,8170,8248,
106.319,8705,8173,8251,
106.327,8713,8165,8256,
106.337,8713,8173,8243,
106.349,8710,8168,8251,
106.357,8716,8173,8248,
106.368,8713,8165,8248,
106.376,8702,8173,8251,
106.389,8710,8165,8251,
106.397,8705,8170,8248,
106.409,8716,8165,8248,
106.42,8705,8173,8251,
106.426,8713,8168,8238,
106.438,8713,8168,8254,
106.447,8716,8168,8248,
106.458,8785,8170,8228,
106.47,8905,8173,8208,
106.476,8799,8170,8235,
106.486,8741,8175,8256,
106.499,8718,8170,8241,
106.509,8710,8168,8251,
106.518,8697,8168,8254,
106.527,8702,8168,8254,
106.537,8689,8170,8248,
106.547,8691,8170,8243,
106.558,8686,8173,8241,
106.568,8689,8161,8246,
106.578,8686,8170,8246,
106.589,8683,8168,8254,
106.599,8689,8173,8243,
106.607,8683,8170,8248,
106.619,8670,8170,8248,
106.627,8672,8170,8246,
106.636,8670,8173,8251,
106.646,8689,8170,8241,
106.657,8783,8173,8216,
106.669,8860,8175,8203,
106.677,8741,8175,8248,
106.687,8689,8165,8248,
106.696,8664,8173,8248,
106.706,8659,8168,8241,
106.718,8672,8173,8246,
106.727,8653,8173,8235,
106.738,8656,8173,8241,
106.746,8656,8170,8235,
106.759,8656,8170,8231,
106.767,8656,8168,8246,
106.777,8659,8168,8235,
106.785,8653,8173,8235,
106.798,8650,8170,8246,
106.806,8653,8170,8243,
106.818,8661,8170,8241,
106.825,8642,8173,8241,
106.838,8644,8173,8241,
106.847,8661,8161,8243,
106.855,8699,8173,8221,
106.866,8816,8173,8198,
106.877,8707,8175,8231,
106.886,8670,8168,8238,
106.896,8653,8170,8235,
106.906,8635,8173,8228,
106.92,8642,8173,8231,
106.928,8650,8165,8238,
106.936,8635,8168,8241,
106.947,8632,8168,8241,
106.955,8632,8173,8241,
106.967,8619,8173,8238,
106.976,8624,8170,8235,
106.986,8627,8170,8231,
106.998,8630,8173,8231,
107.008,8616,8168,8241,
107.018,8605,8170,8231,
107.028,8616,8170,8231,
107.036,8622,8170,8235,
107.047,8613,8170,8228,
107.059,8694,8168,8210,
107.067,8769,8170,8200,
107.076,8710,8170,8221,
107.088,8639,8165,8241,
107.098,8608,8173,8228,
107.104,8608,8170,8228,
107.116,8605,8170,8221,
107.128,8603,8170,8238,
107.137,8594,8170,8228,
107.147,8605,8170,8228,
107.155,8605,8168,8223,
107.166,8594,8173,8228,
107.177,8597,8173,8218,
107.187,8597,8170,8226,
107.198,8603,8170,8228,
107.206,8597,8170,8231,
107.218,8600,8173,8231,
107.226,8592,8173,8226,
107.237,8597,8170,8231,
107.247,8600,8170,8235,
107.257,8659,8173,8218,
107.267,8747,8173,8200,
107.276,8675,8173,8223,
107.288,8619,8170,8228,
107.298,8608,8168,8228,
107.307,8603,8170,8231,
107.316,8603,8168,8231,
107.325,8605,8170,8228,
107.336,8597,8170,8231,
107.346,8600,8170,8231,
107.355,8603,8168,8231,
107.366,8600,8173,8228,
107.375,8600,8170,8238,
107.388,8586,8173,8235,
107.396,8594,8170,8231,
107.405,8581,8170,8231,
107.416,8586,8170,8228,
107.426,8584,8170,8223,
107.436,8584,8170,8226,
107.447,8589,8170,8221,
107.456,8647,8168,8208,
107.468,8721,8173,8198,
107.478,8672,8168,8216,
107.484,8589,8170,8223,
107.496,8581,8173,8226,
107.507,8570,8170,8221,
107.518,8558,8170,8223,
107.524,8565,8170,8221,
107.535,8565,8170,8221,
107.545,8567,8170,8216,
107.555,8562,8170,8226,
107.566,8558,8173,8223,
107.575,8558,8173,8221,
107.587,8562,8170,8221,
107.596,8549,8173,8218,
107.607,8556,8170,8221,
107.615,8556,8170,8226,
107.626,8549,8170,8221,
107.635,8549,8173,8221,
107.646,8558,8170,8216,
107.655,8594,8170,8213,
107.667,8683,8173,8190,
107.677,8603,8170,8218,
107.686,8556,8173,8221,
107.696,8544,8170,8218,
107.706,8541,8170,8218,
107.716,8533,8170,8216,
107.727,8527,8173,8216,
107.736,8522,8173,8218,
107.746,8514,8170,8216,
107.755,8519,8170,8213,
107.767,8511,8170,8213,
107.777,8522,8170,8216,
107.788,8517,8170,8213,
107.795,8517,8170,8213,
107.806,8517,8173,8213,
107.816,8522,8170,8210,
107.826,8514,8170,8213,
107.835,8517,8170,8216,
107.845,8525,8173,8210,
107.858,8546,8168,8200,
107.868,8611,8178,8190,
107.875,8556,8175,8210,
107.885,8509,8170,8210,
107.896,8503,8170,8213,
107.909,8506,8170,8210,
107.917,8506,8173,8208,
107.927,8503,8170,8208,
107.936,8500,8173,8210,
107.947,8503,8170,8213,
107.953,8500,8168,8210,
107.966,8506,8168,8208,
107.976,8500,8173,8210,
107.987,8498,8173,8208,
107.993,8498,8168,8208,
108.004,8498,8170,8210,
108.015,8492,8173,8208,
108.028,8492,8170,8208,
108.036,8495,8170,8213,
108.046,8498,8170,8210,
108.057,8522,8173,8203,
108.065,8527,8165,8190,
108.077,8536,8173,8203,
108.083,8487,8173,8205,
108.097,8484,8175,8205,
108.105,8479,8173,8208,
108.115,8484,8170,8208,
108.126,8481,8173,8205,
108.134,8481,8173,8208,
108.144,8481,8173,8208,
108.155,8481,8173,8205,
108.164,8479,8170,8210,
108.175,8479,8175,8203,
108.185,8471,8173,8203,
108.196,8476,8173,8208,
108.208,8476,8173,8205,
108.213,8468,8175,8208,
108.226,8461,8175,8210,
108.236,8463,8173,8208,
108.246,8458,8175,8205,
108.255,8479,8173,8198,
108.265,8468,8165,8190,
108.275,8439,8173,8198,
108.285,8436,8175,8200,
108.295,8433,8175,8203,
108.304,8428,8175,8205,
108.316,8431,8175,8203,
108.326,8428,8178,8203,
108.335,8425,8181,8200,
108.345,8420,8175,8200,
108.356,8417,8178,8203,
108.365,8414,8178,8203,
108.377,8412,8181,8203,
108.384,8406,8183,8200,
108.395,8406,8178,8200,
108.407,8393,8183,8198,
108.415,8387,8186,8200,
108.424,8377,8183,8198,
108.434,8372,8186,8195,
108.446,8364,8186,8192,
108.455,8347,8181,8185,
108.465,8323,8137,8172,
108.474,8310,8183,8185,
108.487,8304,8188,8180,
108.496,8299,8196,8187,
108.506,8285,8193,8185,
108.513,8279,8199,8182,
108.526,8265,8196,8180,
108.535,8254,8206,8180,
108.547,8238,8201,8182,
108.556,8235,8201,8177,
108.564,8222,8209,8174,
108.573,8203,8209,8180,
108.585,8192,8209,8174,
108.594,8192,8206,8180,
108.605,8195,8209,8177,
108.615,8174,8214,8174,
108.625,8152,8209,8177,
108.634,8166,8214,8180,
108.646,8147,8196,8177,
108.655,8125,8155,8167,
108.665,8026,8201,8172,
108.673,8085,8201,8169,
108.684,8114,8201,8174,
108.693,8125,8214,8180,
108.704,8117,8199,8180,
108.713,8106,8219,8177,
108.725,8103,8222,8180,
108.734,8103,8212,8174,
108.745,8092,8206,8172,
108.755,8094,8214,8172,
108.764,8083,8214,8177,
108.774,8083,8219,8161,
108.783,8088,8222,8169,
108.794,8083,8232,8169,
108.802,8074,8227,8174,
108.813,8080,8222,8172,
108.825,8072,8222,8177,
108.836,8066,8222,8172,
108.846,8055,8230,8177,
108.852,8023,8227,8180,
108.865,7934,8196,8174,
108.874,7956,8214,8174,
108.884,7986,8214,8172,
108.896,7998,8227,8172,
108.903,7998,8209,8172,
108.914,8009,8222,8172,
108.923,8003,8230,8177,
108.934,7991,8219,8177,
108.942,7995,8219,8180,
108.954,8012,8224,8172,
108.964,8012,8212,8182,
108.976,8023,8222,8172,
108.984,8003,8224,8174,
108.993,7991,8239,8174,
109.002,7998,8252,8177,
109.017,8007,8219,8167,
109.025,8023,8227,8169,
109.034,8020,8230,8169,
109.044,7995,8217,8180,
109.053,7948,8193,8180,
109.063,7886,8217,8177,
109.073,7948,8230,8182,
109.083,7972,8232,8174,
109.096,7983,8206,8172,
109.104,7983,8230,8177,
109.114,7998,8227,8174,
109.126,8000,8245,8174,
109.135,7980,8227,8182,
109.145,7995,8224,8177,
109.152,7980,8224,8172,
109.163,7995,8237,8185,
109.175,7998,8227,8172,
109.186,7975,8250,8174,
109.194,7961,8255,8172,
109.204,7975,8224,8182,
109.215,7972,8227,8172,
109.223,7967,8250,8180,
109.232,7970,8242,8169,
109.244,7964,8217,8174,
109.254,7923,8242,8174,
109.264,7829,8206,8177,
109.273,7884,8227,8172,
109.281,7948,8255,8174,
109.296,7953,8237,8174,
109.303,7942,8219,8172,
109.314,7964,8242,8182,
109.324,7975,8224,8172,
109.334,8003,8222,8177,
109.346,7961,8237,8177,
109.357,7980,8227,8177,
109.364,7970,8247,8174,
109.375,7967,8242,8163,
109.383,7983,8224,8172,
109.395,8007,8219,8185,
109.404,8000,8239,8174,
109.413,7983,8247,8182,
109.423,8007,8224,8177,
109.436,8012,8219,8177,
109.442,8023,8286,8182,
109.453,7972,8173,8163,
109.466,7906,8191,8180,
109.473,7921,8217,8177,
109.485,7959,8232,8169,
109.493,7988,8224,8177,
109.503,8023,8212,8169,
109.513,8009,8232,8182,
109.526,8028,8224,8174,
109.531,8018,8219,8172,
109.545,8039,8217,8172,
109.553,8055,8224,8174,
109.562,8061,8204,8174,
109.575,8092,8242,8177,
109.583,8077,8214,8177,
109.593,8074,8224,8177,
109.606,8088,8219,8177,
109.614,8092,8212,8174,
109.622,8106,8219,8177,
109.634,8117,8204,8172,
109.643,8106,8217,8180,
109.652,8088,8161,8169,
109.662,8018,8132,8174,
109.674,8055,8206,8177,
109.684,8101,8217,8174,
109.693,8088,8219,8180,
109.702,8097,8212,8177,
109.714,8122,8214,8172,
109.725,8109,8214,8180,
109.735,8106,8222,8174,
109.741,8092,8222,8174,
109.754,8103,8232,8177,
109.763,8101,8227,8172,
109.776,8109,8217,8169,
109.784,8122,8219,8174,
109.794,8120,8204,8180,
109.801,8128,8222,8172,
109.813,8141,8212,8172,
109.822,8152,8201,8169,
109.833,8166,8224,8182,
109.842,8155,8209,8169,
109.854,8141,8168,8174,
109.862,8083,8165,8177,
109.873,8106,8199,8174,
109.885,8177,8201,8180,
109.893,8200,8230,8172,
109.904,8188,8212,8177,
109.913,8188,8212,8174,
109.923,8198,8212,8177,
109.931,8188,8209,8174,
109.943,8206,8209,8174,
109.955,8219,8206,8180,
109.961,8208,8209,8177,
109.974,8217,8206,8177,
109.982,8208,8212,8172,
109.994,8225,8209,8182,
110.003,8225,8206,8185,
110.012,8225,8204,8174,
110.023,8219,8212,8172,
110.033,8227,8214,8182,
110.042,8235,8206,8177,
110.053,8222,8168,8172,
110.063,8185,8175,8167,
110.072,8211,8193,8177,
110.08,8222,8204,8180,
110.093,8227,8196,8174,
110.104,8233,8199,8174,
110.112,8235,8217,8177,
110.123,8241,8206,8174,
110.134,8252,8204,8185,
110.143,8260,8204,8180,
110.154,8268,8206,8180,
110.162,8285,8204,8185,
110.172,8301,8209,8185,
110.182,8326,8204,8187,
110.194,8345,8199,8187,
110.202,8369,8193,8192,
110.212,8387,8196,8190,
110.222,8412,8191,8200,
110.232,8439,8193,8200,
110.243,8452,8183,8200,
110.253,8468,8178,8198,
110.262,8463,8127,8190,
110.271,8461,8170,8208,
110.283,8484,8181,8205,
110.294,8492,8175,8210,
110.303,8500,8178,8216,
110.314,8503,8178,8213,
110.324,8514,8173,8213,
110.334,8514,8175,8210,
110.342,8522,8173,8216,
110.351,8527,8173,8216,
110.362,8527,8173,8216,
110.374,8533,8173,8218,
110.383,8536,8175,8210,
110.39,8538,8170,8213,
110.402,8546,8170,8216,
110.413,8546,8173,8216,
110.424,8553,8173,8213,
110.433,8553,8170,8216,
110.44,8549,8173,8210,
110.452,8573,8165,8203,
110.462,8565,8170,8198,
110.47,8541,8170,8205,
110.483,8536,8170,8213,
110.491,8530,8170,8216,
110.505,8536,8173,8218,
110.511,8536,8170,8216,
110.523,8536,8170,8213,
110.534,8544,8168,8213,
110.543,8530,8173,8213,
110.553,8538,8168,8213,
110.561,8536,8170,8218,
110.572,8536,8170,8216,
110.583,8541,8173,8216,
110.593,8533,8170,8218,
110.6,8533,8168,8216,
110.611,8536,8168,8216,
110.622,8530,8170,8216,
110.632,8533,8170,8213,
110.64,8530,8170,8216,
110.651,8541,8168,8208,
110.664,8616,8173,8200,
110.674,8576,8170,8205,
110.681,8525,8173,8218,
110.692,8522,8170,8216,
110.701,8527,8170,8213,
110.71,8525,8170,8216,
110.72,8530,8170,8210,
110.73,8533,8170,8213,
110.742,8527,8173,8213,
110.751,8527,8170,8216,
110.762,8533,8173,8210,
110.771,8525,8173,8216,
110.782,8527,8170,8213,
110.791,8525,8173,8213,
110.8,8530,8170,8218,
110.812,8525,8170,8213,
110.821,8527,8173,8213,
110.831,8527,8170,8213,
110.842,8530,8170,8216,
110.853,8556,8168,8198,
110.859,8616,8181,8218,
110.871,8567,8170,8210,
110.881,8522,8173,8216,
110.893,8527,8170,8218,
110.902,8527,8170,8216,
110.911,8536,8170,8218,
110.922,8536,8173,8221,
110.931,8530,8170,8218,
110.942,8530,8173,8221,
110.953,8533,8173,8218,
110.962,8533,8170,8218,
110.971,8530,8170,8216,
110.982,8527,8170,8216,
110.993,8525,8170,8216,
111.002,8527,8170,8216,
111.011,8525,8170,8216,
111.019,8527,8170,8210,
111.032,8530,8168,8213,
111.042,8538,8168,8210,
111.052,8562,8170,8200,
111.06,8650,8173,8187,
111.072,8578,8170,8213,
111.081,8541,8170,8216,
111.091,8536,8168,8218,
111.102,8541,8170,8216,
111.113,8538,8173,8216,
111.121,8541,8170,8218,
111.133,8541,8168,8218,
111.141,8553,8170,8223,
111.152,8549,8168,8213,
111.163,8549,8170,8213,
111.173,8544,8168,8218,
111.182,8538,8170,8213,
111.191,8536,8168,8216,
111.201,8538,8170,8216,
111.21,8541,8170,8216,
111.222,8544,8168,8218,
111.233,8536,8170,8221,
111.24,8544,8170,8221,
111.251,8573,8170,8208,
111.262,8653,8173,8200,
111.271,8589,8170,8210,
111.279,8544,8170,8216,
111.292,8538,8168,8218,
111.302,8536,8168,8216,
111.31,8530,8170,8221,
111.32,8527,8168,8223,
111.33,8530,8168,8218,
111.342,8525,8170,8218,
111.351,8522,8170,8216,
111.362,8522,8170,8218,
111.372,8522,8173,8216,
111.382,8519,8170,8216,
111.39,8519,8170,8218,
111.404,8519,8168,8213,
111.413,8517,8173,8213,
111.419,8519,8170,8213,
111.433,8517,8170,8213,
111.442,8517,8173,8216,
111.451,8536,8168,8200,
111.46,8562,8170,8187,
111.469,8514,8173,8216,
111.482,8498,8168,8203,
111.492,8498,8170,8208,
111.502,8495,8170,8208,
111.51,8492,8170,8208,
111.52,8487,8173,8208,
111.532,8487,8173,8205,
111.541,8484,8173,8210,
111.55,8479,8173,8208,
111.56,8476,8173,8208,
111.572,8471,8173,8210,
111.582,8463,8175,8208,
111.592,8463,8175,8205,
111.601,8463,8173,8208,
111.614,8458,8173,8208,
111.621,8450,8173,8205,
111.632,8452,8173,8208,
111.64,8452,8175,8205,
111.651,8458,8173,8198,
111.659,8463,8168,8187,
111.67,8442,8175,8203,
111.681,8431,8175,8200,
111.691,8433,8175,8205,
111.701,8442,8175,8203,
111.71,8442,8181,8205,
111.721,8447,8173,8205,
111.732,8455,8175,8205,
111.743,8458,8178,8205,
111.752,8473,8175,8205,
111.76,8479,8178,8210,
111.771,8490,8175,8210,
111.781,8500,8175,8213,
111.79,8509,8175,8210,
111.798,8517,8175,8210,
111.81,8519,8173,8210,
111.82,8533,8175,8213,
111.83,8530,8170,8216,
111.842,8544,8170,8210,
111.851,8573,8165,8203,
111.861,8573,8168,8192,
111.872,8536,8170,8221,
111.882,8530,8170,8216,
111.892,8533,8170,8216,
111.901,8527,8173,8213,
111.911,8530,8173,8216,
111.922,8530,8170,8216,
111.932,8530,8168,8216,
111.941,8536,8170,8216,
111.95,8544,8170,8216,
111.959,8549,8168,8218,
111.972,8549,8170,8223,
111.979,8576,8170,8221,
111.991,8581,8168,8228,
112.001,8592,8170,8223,
112.01,8594,8170,8228,
112.021,8600,8168,8226,
112.033,8605,8173,8231,
112.04,8622,8173,8235,
112.051,8672,8173,8218,
112.059,8777,8173,8208,
112.072,8738,8168,8231,
112.08,8689,8170,8243,
112.091,8686,8170,8241,
112.1,8680,8170,8243,
112.109,8699,8170,8241,
112.12,8699,8173,8246,
112.13,8707,8168,8248,
112.141,8725,8170,8248,
112.15,8721,8168,8251,
112.16,8725,8170,8246,
112.17,8705,8170,8254,
112.179,8716,8165,8248,
112.191,8699,8173,8256,
112.202,8710,8170,8254,
112.209,8716,8173,8254,
112.219,8730,8173,8251,
112.229,8707,8173,8256,
112.241,8713,8168,8251,
112.251,8791,8165,8228,
112.259,8877,8168,8213,
112.272,8802,8173,8241,
112.283,8702,8173,8248,
112.291,8689,8173,8251,
112.302,8656,8168,8241,
112.309,8635,8170,8231,
112.32,8616,8173,8231,
112.33,8605,8170,8228,
112.34,8578,8170,8223,
112.35,8565,8173,8221,
112.36,8546,8170,8221,
112.371,8541,8170,8216,
112.381,8511,8170,8213,
112.387,8514,8175,8216,
112.4,8498,8175,8205,
112.41,8487,8170,8210,
112.42,8511,8170,8218,
112.43,8525,8173,8221,
112.439,8517,8173,8216,
112.448,8576,8170,8205,
112.46,8730,8222,8187,
112.468,8699,8178,8198,
112.481,8600,8173,8228,
112.489,8567,8170,8221,
112.5,8556,8168,8218,
112.51,8538,8173,8221,
112.518,8538,8168,8218,
112.529,8536,8173,8218,
112.538,8530,8170,8218,
112.549,8536,8170,8221,
112.558,8536,8170,8216,
112.57,8546,8170,8216,
112.58,8533,8170,8218,
112.589,8530,8170,8221,
112.599,8527,8170,8221,
112.608,8519,8173,8218,
112.621,8522,8168,8218,
112.63,8517,8168,8213,
112.639,8517,8170,8208,
112.65,8527,8168,8200,
112.659,8538,8168,8185,
112.671,8476,8173,8192,
112.679,8458,8173,8203,
112.688,8439,8173,8200,
112.698,8409,8173,8200,
112.71,8393,8178,8198,
112.719,8379,8178,8195,
112.729,8358,8181,8192,
112.738,8339,8183,8195,
112.747,8329,8186,8190,
112.759,8329,8186,8192,
112.768,8331,8186,8192,
112.777,8337,8186,8192,
112.789,8342,8188,8192,
112.8,8345,8193,8192,
112.81,8347,8188,8190,
112.819,8347,8191,8195,
112.829,8342,8188,8192,
112.839,8337,8191,8190,
112.85,8318,8183,8185,
112.859,8288,8145,8172,
112.869,8283,8183,8185,
112.88,8283,8181,8187,
112.891,8301,8191,8187,
112.896,8312,8193,8185,
112.908,8337,8191,8190,
112.919,8353,8191,8190,
112.93,8361,8186,8192,
112.939,8361,8193,8190,
112.948,8369,8188,8190,
112.96,8372,8191,8192,
112.969,8377,8188,8190,
112.979,8377,8191,8192,
112.989,8372,8191,8192,
112.998,8369,8191,8192,
113.01,8377,8193,8192,
113.019,8366,8193,8192,
113.028,8372,8193,8195,
113.036,8366,8191,8192,
113.049,8353,8181,8185,
113.058,8334,8159,8177,
113.068,8318,8178,8185,
113.077,8323,8183,8190,
113.089,8345,8186,8187,
113.1,8356,8186,8190,
113.11,8361,8186,8195,
113.117,8377,8186,8192,
113.129,8379,8186,8198,
113.14,8385,8188,8195,
113.148,8396,8183,8195,
113.16,8401,8186,8198,
113.167,8398,8188,8195,
113.181,8393,8186,8195,
113.19,8396,8186,8195,
113.198,8390,8188,8195,
113.21,8379,8193,8195,
113.22,8372,8186,8195,
113.227,8364,8191,8192,
113.236,8358,8191,8195,
113.25,8345,8183,8185,
113.257,8323,8155,8180,
113.27,8304,8178,8182,
113.278,8312,8191,8190,
113.288,8318,8191,8187,
113.3,8320,8186,8185,
113.309,8331,8191,8187,
113.321,8339,8193,8190,
113.327,8342,8186,8182,
113.34,8342,8196,8187,
113.348,8339,8188,8190,
113.36,8334,8193,8190,
113.369,8334,8196,8190,
113.379,8331,8196,8190,
113.389,8331,8196,8190,
113.4,8320,8201,8187,
113.406,8326,8196,8190,
113.419,8326,8193,8187,
113.428,8331,8199,8190,
113.44,8326,8193,8187,
113.448,8315,8186,8185,
113.457,8293,8161,8174,
113.466,8283,8178,8185,
113.476,8293,8191,8187,
113.49,8299,8196,8185,
113.498,8310,8191,8187,
113.507,8310,8193,8185,
113.519,8318,8196,8187,
113.53,8320,8193,8187,
113.536,8318,8196,8190,
113.55,8318,8196,8187,
113.558,8315,8193,8185,
113.569,8315,8199,8185,
113.577,8315,8193,8185,
113.588,8310,8196,8187,
113.598,8312,8193,8185,
113.607,8315,8199,8187,
113.619,8318,8196,8187,
113.629,8323,8199,8185,
113.638,8334,8199,8190,
113.648,8323,8186,8185,
113.659,8291,8148,8177,
113.667,8283,8175,8180,
113.676,8293,8186,8190,
113.688,8304,8186,8185,
113.698,8307,8193,8182,
113.707,8307,8193,8185,
113.718,8307,8193,8190,
113.727,8296,8201,8185,
113.739,8273,8199,8180,
113.748,8235,8201,8180,
113.756,8219,8206,8180,
113.768,8200,8201,8172,
113.779,8185,8212,8177,
113.789,8168,8209,8172,
113.798,8185,8209,8177,
113.807,8160,8209,8180,
113.817,8152,8212,8167,
113.828,8166,8227,8174,
113.837,8152,8199,8172,
113.846,8163,8165,8174,
113.856,8131,8191,8174,
113.867,8128,8201,8177,
113.879,8155,8206,8174,
113.888,8163,8214,8182,
113.896,8166,8204,8180,
113.907,8155,8219,8177,
113.918,8152,8209,8177,
113.929,8155,8199,8177,
113.937,8139,8230,8169,
113.947,8150,8193,8180,
113.958,8133,8209,8174,
113.967,8131,8206,8172,
113.978,8144,8204,8174,
113.989,8136,8204,8177,
114,8133,8206,8177,
114.006,8144,8209,8172,
114.017,8144,8209,8174,
114.026,8150,8206,8180,
114.037,8133,8212,8172,
114.045,8114,8183,8167,
114.057,8007,8161,8177,
114.065,8003,8212,8177,
114.077,8050,8227,8174,
114.088,8037,8175,8167,
114.096,8053,8217,8180,
114.108,8055,8209,8185,
114.119,8061,8242,8163,
114.129,8074,8217,8163,
114.135,8066,8212,8167,
114.146,8083,8206,8180,
114.156,8085,8209,8180,
114.168,8106,8214,8180,
114.176,8103,8209,8174,
114.193,8103,8217,8177,
114.195,8106,8224,8169,
114.209,8109,8206,8180,
114.218,8101,8230,8169,
114.227,8117,8224,8177,
114.238,8085,8214,8182,
114.247,8042,8175,8174,
114.259,7934,8188,8177,
114.266,7964,8217,8174,
114.276,7991,8239,8172,
114.289,8007,8222,8169,
114.298,8042,8224,8177,
114.308,8026,8224,8177,
114.317,8018,8237,8177,
114.326,8020,8219,8180,
114.337,8028,8237,8185,
114.345,8050,8232,8182,
114.358,8034,8237,8174,
114.368,8015,8222,8169,
114.379,8023,8265,8177,
114.386,8015,8252,8172,
114.397,8023,8212,8172,
114.41,8000,8214,8172,
114.416,8007,8245,8180,
114.428,7998,8217,8182,
114.438,7972,8230,8177,
114.446,7906,8212,8172,
114.456,7818,8219,8177,
114.469,7870,8222,8180,
114.477,7893,8239,8169,
114.487,7898,8276,8177,
114.498,7889,8239,8167,
114.506,7878,8242,8174,
114.516,7875,8239,8169,
114.527,7875,8283,8167,
114.536,7904,8237,8177,
114.546,7889,8232,8177,
114.556,7886,8252,8174,
114.565,7901,8255,8167,
114.576,7895,8252,8180,
114.586,7948,8247,8169,
114.598,7934,8239,8172,
114.606,7901,8268,8177,
114.616,7940,8247,8182,
114.626,7959,8270,8180,
114.637,7937,8247,8163,
114.648,7953,8227,8167,
114.655,7829,8222,8185,
114.667,7862,8232,8180,
114.677,7918,8230,8177,
114.686,7932,8224,8177,
114.698,7967,8242,8157,
114.706,7983,8247,8174,
114.717,7983,8242,8185,
114.727,8000,8219,8172,
114.735,7959,8232,8172,
114.745,7961,8227,8174,
114.756,7961,8247,8172,
114.766,7980,8239,8174,
114.775,7961,8245,8169,
114.788,7967,8245,8167,
114.794,7986,8252,8180,
114.805,7995,8237,8174,
114.816,7980,8245,8182,
114.826,7991,8268,8177,
114.838,8000,8212,8180,
114.845,7972,8219,8182,
114.856,7884,8170,8177,
114.867,7921,8224,8177,
114.876,7972,8242,8177,
114.887,8018,8214,8177,
114.895,8007,8242,8174,
114.906,8015,8224,8174,
114.915,8012,8219,8174,
114.927,8047,8214,8177,
114.938,8042,8237,8163,
114.947,8069,8230,8177,
114.958,8061,8230,8169,
114.966,8061,8230,8172,
114.977,8069,8219,8174,
114.988,8074,8230,8180,
114.996,8092,8212,8174,
115.006,8101,8250,8172,
115.016,8117,8230,8172,
115.024,8109,8227,8180,
115.035,8114,8222,8167,
115.045,8083,8168,8167,
115.058,8015,8165,8177,
115.068,8039,8209,8177,
115.077,8103,8222,8177,
115.086,8125,8219,8177,
115.097,8109,8232,8177,
115.106,8112,8212,8161,
115.115,8120,8217,8161,
115.124,8133,8201,8169,
115.136,8133,8214,8163,
115.145,8155,8219,8177,
115.154,8150,8206,8174,
115.166,8163,8214,8174,
115.177,8158,8219,8174,
115.184,8171,8209,8174,
115.195,8192,8214,8180,
115.205,8203,8206,8177,
115.217,8233,8209,8180,
115.226,8246,8199,8177,
115.239,8254,8206,8180,
115.244,8271,8159,8177,
115.256,8276,8165,8172,
115.265,8329,8183,8187,
115.276,8372,8193,8200,
115.284,8404,8193,8195,
115.297,8425,8186,8198,
115.306,8452,8186,8205,
115.316,8481,8183,8208,
115.326,8498,8178,8210,
115.334,8517,8178,8210,
115.345,8536,8175,8210,
115.355,8553,8173,8213,
115.366,8570,8173,8221,
115.375,8584,8170,8221,
115.385,8586,8170,8226,
115.396,8603,8168,8223,
115.405,8611,8165,8223,
115.414,8603,8165,8228,
115.425,8608,8168,8228,
115.435,8611,8170,8226,
115.446,8644,8173,8213,
115.455,8736,8173,8203,
115.466,8667,8168,8231,
115.475,8653,8168,8228,
115.484,8650,8170,8231,
115.495,8635,8173,8235,
115.506,8642,8173,8238,
115.515,8627,8170,8231,
115.526,8624,8173,8226,
115.536,8619,8175,8228,
115.544,8632,8168,8226,
115.556,8622,8173,8228,
115.566,8611,8173,8231,
115.577,8605,8173,8226,
115.586,8622,8168,8231,
115.593,8608,8173,8228,
115.604,8597,8168,8231,
115.615,8597,8170,8231,
115.625,8592,8168,8231,
115.635,8600,8170,8223,
115.646,8642,8173,8210,
115.655,8680,8175,8208,
115.664,8600,8173,8226,
115.675,8578,8170,8223,
115.684,8573,8168,8223,
115.696,8576,8170,8228,
115.707,8581,8168,8223,
115.714,8576,8170,8223,
115.726,8584,8165,8223,
115.735,8576,8170,8223,
115.746,8581,8168,8223,
115.755,8584,8170,8221,
115.764,8584,8168,8226,
115.776,8584,8170,8223,
115.785,8584,8170,8231,
115.797,8578,8170,8221,
115.805,8584,8170,8226,
115.816,8578,8170,8228,
115.823,8584,8173,8231,
115.834,8581,8170,8221,
115.846,8630,8170,8203,
115.855,8702,8178,8198,
115.865,8608,8170,8218,
115.875,8576,8173,8218,
115.884,8565,8173,8226,
115.896,8567,8170,8221,
115.906,8558,8170,8226,
115.915,8567,8170,8221,
115.922,8556,8170,8221,
115.936,8562,8170,8213,
115.944,8553,8168,8221,
115.955,8553,8170,8216,
115.965,8549,8170,8218,
115.975,8556,8170,8218,
115.986,8549,8165,8226,
115.994,8553,8170,8218,
116.006,8544,8170,8218,
116.016,8544,8170,8221,
116.025,8549,8170,8216,
116.034,8544,8173,8221,
116.047,8597,8170,8203,
116.055,8661,8170,8198,
116.067,8608,8170,8213,
116.076,8541,8170,8216,
116.085,8541,8168,8216,
116.095,8536,8170,8216,
116.103,8533,8168,8216,
116.114,8530,8170,8218,
116.125,8530,8170,8216,
116.134,8527,8170,8218,
116.143,8525,8173,8216,
116.156,8525,8170,8213,
116.165,8525,8168,8218,
116.176,8527,8168,8218,
116.184,8522,8173,8218,
116.194,8522,8173,8213,
116.204,8519,8170,8218,
116.215,8517,8173,8213,
116.223,8522,8173,8213,
116.235,8519,8173,8213,
116.244,8541,8170,8200,
116.255,8603,8175,8195,
116.263,8573,8170,8200,
116.274,8511,8170,8213,
116.285,8509,8170,8208,
116.292,8514,8170,8210,
116.304,8509,8170,8216,
116.313,8511,8168,8216,
116.327,8506,8170,8210,
116.333,8506,8170,8210,
116.344,8503,8173,8208,
116.353,8503,8175,8210,
116.366,8498,8173,8208,
116.373,8509,8170,8210,
116.384,8506,8173,8208,
116.394,8503,8173,8210,
116.405,8503,8170,8208,
116.416,8506,8170,8210,
116.424,8500,8170,8210,
116.434,8503,8173,8210,
116.445,8514,8173,8205,
116.455,8525,8168,8190,
116.465,8479,8173,8203,
116.471,8487,8170,8210,
116.482,8487,8173,8210,
116.492,8492,8170,8208,
116.504,8495,8170,8213,
116.514,8495,8173,8210,
116.525,8498,8173,8213,
116.534,8487,8173,8210,
116.545,8492,8173,8213,
116.555,8495,8173,8210,
116.564,8492,8170,8210,
116.576,8498,8173,8216,
116.584,8492,8173,8213,
116.595,8490,8170,8208,
116.603,8492,8170,8210,
116.612,8490,8173,8216,
116.625,8487,8175,8208,
116.634,8490,8173,8210,
116.644,8506,8173,8195,
116.652,8506,8159,8187,
116.662,8471,8173,8205,
116.674,8461,8175,8203,
116.684,8463,8173,8208,
116.694,8479,8175,8208,
116.704,8471,8170,8205,
116.713,8476,8173,8200,
116.723,8476,8173,8208,
116.732,8463,8173,8203,
116.745,8463,8175,8208,
116.754,8463,8175,8205,
116.764,8463,8175,8203,
116.773,8468,8175,8203,
116.785,8471,8173,8203,
116.793,8468,8175,8205,
116.805,8463,8173,8205,
116.811,8463,8175,8208,
116.823,8463,8173,8205,
116.833,8473,8173,8205,
116.844,8487,8170,8192,
116.855,8471,8168,8187,
116.861,8447,8178,8198,
116.872,8442,8178,8200,
116.883,8447,8173,8203,
116.892,8452,8175,8205,
116.904,8450,8175,8203,
116.912,8447,8175,8198,
116.923,8452,8175,8205,
116.934,8450,8175,8200,
116.942,8452,8175,8203,
116.956,8452,8175,8203,
116.962,8450,8175,8203,
116.974,8447,8178,8205,
116.985,8450,8175,8200,
116.992,8447,8175,8200,
117.001,8447,8178,8200,
117.012,8447,8175,8205,
117.023,8436,8181,8203,
117.034,8447,8178,8205,
117.045,8447,8175,8200,
117.053,8436,8165,8187,
117.064,8409,8175,8192,
117.071,8414,8178,8200,
117.083,8420,8181,8200,
117.093,8420,8178,8200,
117.103,8423,8181,8200,
117.114,8425,8175,8203,
117.121,8425,8175,8200,
117.133,8428,8181,8200,
117.142,8428,8181,8200,
117.154,8436,8181,8200,
117.16,8436,8178,8200,
117.172,8433,8178,8198,
117.182,8436,8181,8198,
117.194,8428,8178,8200,
117.2,8423,8178,8200,
117.213,8417,8178,8198,
117.225,8412,8181,8198,
117.235,8404,8183,8198,
117.241,8404,8178,8190,
117.253,8390,8155,8185,
117.262,8387,8175,8185,
117.272,8379,8178,8192,
117.282,8377,8181,8195,
117.292,8372,8181,8195,
117.303,8366,8183,8192,
117.311,8361,8183,8192,
117.323,8358,8186,8192,
117.334,8353,8188,8192,
117.344,8347,8188,8190,
117.352,8339,8188,8190,
117.363,8331,8193,8190,
117.372,8329,8188,8187,
117.382,8318,8191,8185,
117.392,8307,8196,8187,
117.403,8301,8193,8185,
117.411,8299,8204,8187,
117.423,8285,8199,8185,
117.432,8276,8201,8185,
117.443,8252,8201,8177,
117.453,8206,8168,8172,
117.462,8214,8186,8185,
117.473,8211,8196,8177,
117.482,8200,8212,8174,
117.493,8195,8206,8172,
117.503,8188,8204,8174,
117.512,8177,8204,8172,
117.522,8174,8206,8177,
117.534,8158,8206,8172,
117.54,8150,8204,8180,
117.553,8155,8206,8167,
117.561,8163,8214,8177,
117.575,8158,8209,8180,
117.581,8139,8230,8172,
117.592,8114,8219,8172,
117.602,8085,8219,8172,
117.611,8094,8222,8172,
117.622,8050,8209,8174,
117.633,8047,8219,8180,
117.642,7995,8186,8167,
117.652,7884,8193,8172,
117.661,7886,8219,8174,
117.67,7926,8227,8172,
117.682,7923,8196,8177,
117.693,7929,8250,8174,
117.703,7893,8219,8180,
117.712,7895,8227,8172,
117.722,7881,8239,8169,
117.731,7873,8222,8172,
117.744,7893,8265,8190,
117.752,7884,8245,8174,
117.761,7901,8232,8174,
117.771,7878,8227,8177,
117.783,7889,8232,8180,
117.793,7873,8250,8172,
117.802,7881,8245,8182,
117.813,7865,8232,8169,
117.822,7870,8227,8185,
117.833,7840,8230,8174,
117.844,7791,8227,8180,
117.852,7718,8239,8177,
117.861,7787,8178,8182,
117.872,7787,8286,8169,
117.881,7824,8250,8182,
117.891,7787,8252,8177,
117.9,7771,8260,8174,
117.913,7771,8250,8190,
117.923,7807,8260,8185,
117.932,7807,8273,8167,
117.943,7807,8288,8185,
117.952,7824,8270,8182,
117.963,7832,8239,8167,
117.973,7801,8299,8167,
117.981,7824,8263,8172,
117.992,7832,8268,8192,
118.003,7840,8257,8177,
118.013,7851,8288,8180,
118.023,7832,8281,8187,
118.032,7824,8265,8169,
118.042,7779,8268,8174,
118.05,7696,8217,8174,
118.06,7749,8239,8174,
118.071,7776,8247,8169,
118.083,7801,8268,8167,
118.092,7793,8230,8177,
118.103,7791,8278,8180,
118.111,7838,8278,8169,
118.121,7807,8265,8167,
118.133,7820,8250,8169,
118.139,7799,8270,8169,
118.15,7867,8268,8167,
118.163,7824,8255,8185,
118.171,7815,8278,8169,
118.18,7846,8265,8174,
118.191,7809,8270,8182,
118.201,7801,8265,8167,
118.212,7815,8281,8174,
118.22,7820,8265,8187,
118.23,7776,8255,8174,
118.24,7762,8242,8174,
118.252,7696,8224,8172,
118.26,7773,8214,8182,
118.271,7820,8291,8177,
118.279,7812,8193,8169,
118.293,7824,8270,8177,
118.302,7818,8270,8190,
118.309,7820,8291,8174,
118.321,7809,8232,8174,
118.332,7807,8288,8172,
118.341,7807,8237,8187,
118.35,7829,8252,8163,
118.361,7840,8237,8177,
118.372,7804,8286,8177,
118.381,7848,8257,8177,
118.39,7824,8273,8182,
118.403,7807,8255,8172,
118.412,7796,8260,8177,
118.422,7807,8283,8177,
118.434,7754,8270,8182,
118.44,7824,8227,8180,
118.452,7666,8186,8174,
118.461,7710,8242,8180,
118.472,7757,8304,8169,
118.481,7771,8278,8167,
118.49,7752,8296,8167,
118.5,7749,8294,8172,
118.512,7749,8286,8169,
118.519,7773,8263,8167,
118.53,7784,8294,8172,
118.539,7773,8294,8185,
118.553,7760,8257,8161,
118.561,7801,8291,8172,
118.571,7809,8242,8185,
118.58,7827,8250,8169,
118.591,7840,8268,8172,
118.601,7843,8257,8167,
118.611,7848,8260,8169,
118.621,7804,8265,8172,
118.631,7801,8206,8172,
118.641,7729,8247,8169,
118.65,7660,8199,8172,
118.662,7702,8247,8177,
118.671,7757,8273,8180,
118.681,7776,8260,8177,
118.692,7812,8276,8174,
118.703,7762,8260,8169,
118.71,7781,8270,8172,
118.722,7827,8286,8167,
118.732,7779,8304,8174,
118.741,7768,8313,8177,
118.752,7779,8288,8157,
118.759,7771,8268,8169,
118.771,7787,8291,8161,
118.781,7762,8270,8172,
118.79,7765,8268,8167,
118.802,7754,8338,8182,
118.813,7771,8283,8163,
118.819,7818,8301,8177,
118.83,7749,8232,8172,
118.839,7733,8227,8177,
118.851,7632,8193,8174,
118.862,7715,8250,8172,
118.871,7781,8278,8174,
118.88,7773,8281,8163,
118.893,7804,8281,8174,
118.9,7749,8308,8163,
118.911,7796,8245,8180,
118.921,7746,8276,8167,
118.93,7791,8252,8172,
118.94,7779,8308,8180,
118.952,7791,8252,8169,
118.96,7784,8283,8172,
118.97,7796,8268,8161,
118.981,7807,8283,8172,
118.99,7807,8245,8167,
118.999,7791,8239,8174,
119.01,7848,8268,8182,
119.019,7809,8308,8180,
119.031,7820,8283,8167,
119.04,7784,8245,8177,
119.051,7707,8206,8167,
119.06,7776,8230,8185,
119.071,7804,8294,8177,
119.08,7799,8263,8182,
119.09,7809,8278,8157,
119.1,7848,8273,8172,
119.112,7776,8288,8174,
119.121,7818,8283,8172,
119.128,7804,8265,8180,
119.141,7801,8257,8180,
119.154,7818,8232,8169,
119.161,7812,8260,8169,
119.168,7801,8286,8174,
119.18,7832,8268,8167,
119.19,7815,8252,8169,
119.203,7779,8257,8163,
119.21,7812,8276,8177,
119.22,7835,8291,8177,
119.23,7799,8239,8157,
119.243,7807,8338,8163,
119.25,7696,8276,8174,
119.26,7818,8263,8182,
119.269,7815,8252,8172,
119.282,7829,8260,8172,
119.289,7815,8247,8182,
119.3,7829,8260,8180,
119.31,7824,8283,8182,
119.322,7809,8268,8169,
119.33,7801,8281,8177,
119.34,7820,8288,8174,
119.351,7801,8257,8180,
119.36,7809,8263,8174,
119.371,7824,8278,8177,
119.382,7824,8278,8163,
119.392,7859,8245,8180,
119.401,7873,8301,8172,
119.41,7875,8294,8169,
119.42,7840,8237,8172,
119.43,7832,8242,8169,
119.441,7807,8212,8169,
119.453,7746,8204,8174,
119.461,7804,8237,8174,
119.469,7827,8265,8174,
119.479,7843,8260,8169,
119.492,7820,8257,8177,
119.499,7838,8247,8154,
119.509,7848,8239,8180,
119.518,7832,8250,8174,
119.529,7829,8273,8180,
119.538,7848,8245,8169,
119.549,7886,8276,8182,
119.56,7889,8227,8172,
119.57,7893,8257,8163,
119.578,7901,8257,8177,
119.59,7904,8257,8169,
119.601,7915,8242,8182,
119.609,7937,8245,8177,
119.62,7959,8230,8172,
119.629,7964,8227,8172,
119.639,7953,8186,8167,
119.652,7901,8188,8187,
119.66,7921,8224,8174,
119.669,7970,8239,8177,
119.68,8000,8227,8174,
119.687,8000,8252,8180,
119.699,7986,8230,8169,
119.71,8026,8217,8174,
119.72,8009,8219,8180,
119.728,7988,8224,8177,
119.739,8003,8239,8177,
119.749,7983,8222,8182,
119.758,7988,8237,8180,
119.767,7967,8230,8174,
119.778,7972,8227,8180,
119.791,7978,8252,8177,
119.798,7983,8239,8174,
119.809,8000,8252,8172,
119.82,8000,8257,8180,
119.83,7980,8263,8157,
119.84,7937,8209,8172,
119.847,7881,8178,8177,
119.859,7942,8239,8172,
119.87,7970,8245,8182,
119.879,7986,8230,8167,
119.888,8007,8214,8177,
119.899,8007,8230,8169,
119.909,7991,8247,8169,
119.918,8012,8232,8177,
119.928,8000,8247,8174,
119.937,8018,8214,8177,
119.948,8003,8227,8163,
119.959,8031,8227,8180,
119.967,8018,8239,8177,
119.98,8023,8242,8174,
119.988,8012,8214,8174,
119.999,8020,8230,8172,
120.01,8037,8224,8169,
120.021,8028,8260,8172,
120.028,8045,8230,8180,
120.041,8020,8209,8172,
120.051,7940,8175,8163,
120.057,7967,8209,8177,
120.068,8039,8214,8177,
120.077,8045,8206,8177,
120.089,8069,8217,8174,
120.097,8072,8206,8177,
120.11,8083,8227,8177,
120.119,8092,8232,8185,
120.129,8131,8217,8172,
120.138,8125,8227,8174,
120.149,8136,8209,8169,
120.16,8139,8204,8172,
120.17,8152,8217,8169,
120.181,8155,8219,8180,
120.189,8147,8224,8177,
120.201,8185,8204,8177,
120.21,8179,8212,8180,
120.221,8192,8209,8177,
120.229,8206,8232,8177,
120.242,8195,8170,8174,
120.25,8171,8150,8174,
120.26,8198,8199,8174,
120.267,8208,8188,8172,
120.28,8206,8204,8177,
120.289,8227,8201,8174,
120.299,8230,8206,8177,
120.308,8227,8201,8174,
120.32,8238,8209,8180,
120.33,8246,8201,8180,
120.34,8238,8201,8177,
120.349,8244,8209,8174,
120.358,8244,8204,8180,
120.368,8263,8206,8180,
120.378,8268,8204,8182,
120.39,8296,8199,8187,
120.399,8301,8201,8177,
120.408,8337,8201,8185,
120.418,8358,8199,8192,
120.427,8390,8201,8195,
120.439,8401,8186,8192,
120.448,8398,8140,8182,
120.46,8385,8181,8187,
120.469,8390,8181,8195,
120.478,8390,8186,8195,
120.488,8385,8186,8192,
120.496,8364,8188,8192,
120.509,8356,8193,8195,
120.518,8353,8188,8190,
120.53,8356,8188,8190,
120.538,8361,8196,8195,
120.549,8358,8193,8192,
120.558,8364,8193,8195,
120.568,8366,8191,8187,
120.577,8377,8193,8195,
120.589,8372,8199,8195,
120.598,8366,8188,8192,
120.608,8366,8191,8195,
120.617,8366,8188,8185,
120.627,8358,8188,8190,
120.636,8347,8186,8182,
120.649,8331,8153,8169,
120.658,8320,8181,8185,
120.667,8318,8183,8187,
120.678,8339,8188,8190,
120.687,8345,8188,8187,
120.697,8345,8183,8185,
120.709,8353,8188,8190,
120.719,8356,8191,8185,
120.727,8356,8191,8195,
120.737,8358,8191,8192,
120.749,8364,8193,8192,
120.759,8364,8188,8195,
120.769,8364,8188,8192,
120.778,8364,8191,8195,
120.787,8364,8191,8195,
120.798,8364,8199,8195,
120.809,8364,8188,8192,
120.818,8358,8193,8195,
120.827,8369,8191,8195,
120.839,8350,8183,8190,
120.847,8334,8161,8174,
120.859,8312,8173,8177,
120.867,8320,8186,8190,
120.88,8337,8191,8187,
120.888,8337,8191,8187,
120.899,8342,8193,8190,
120.906,8331,8188,8187,
120.918,8337,8193,8190,
120.928,8339,8193,8190,
120.938,8347,8193,8192,
120.947,8353,8196,8192,
120.958,8353,8191,8190,
120.967,8358,8193,8190,
120.977,8366,8191,8190,
120.989,8364,8188,8190,
120.998,8361,8191,8192,
121.008,8358,8193,8195,
121.021,8361,8193,8190,
121.027,8350,8191,8187,
121.038,8342,8188,8187,
121.047,8315,8168,8174,
121.057,8299,8183,8185,
121.067,8315,8178,8185,
121.076,8318,8193,8185,
121.088,8329,8193,8190,
121.097,8329,8193,8190,
121.109,8334,8191,8192,
121.119,8339,8191,8187,
121.128,8342,8196,8190,
121.138,8347,8196,8195,
121.147,8350,8193,8195,
121.158,8353,8196,8195,
121.169,8350,8191,8192,
121.177,8353,8193,8192,
121.187,8353,8193,8195,
121.2,8353,8193,8190,
121.207,8356,8196,8195,
121.216,8353,8196,8195,
121.229,8361,8196,8195,
121.237,8347,8186,8185,
121.246,8323,8150,8180,
121.257,8320,8183,8185,
121.267,8331,8186,8187,
121.275,8339,8193,8185,
121.288,8347,8188,8190,
121.299,8347,8188,8190,
121.308,8353,8191,8190,
121.317,8353,8193,8190,
121.329,8358,8193,8190,
121.337,8361,8193,8192,
121.347,8361,8191,8192,
121.359,8366,8191,8195,
121.366,8364,8193,8190,
121.377,8364,8191,8192,
121.386,8369,8199,8192,
121.396,8369,8191,8192,
121.408,8377,8188,8192,
121.419,8382,8188,8195,
121.427,8379,8193,8195,
121.437,8377,8181,8185,
121.448,8345,8155,8180,
121.458,8320,8175,8185,
121.468,8329,8183,8190,
121.477,8342,8193,8190,
121.488,8350,8191,8192,
121.497,8350,8191,8190,
121.507,8356,8188,8187,
121.517,8358,8188,8187,
121.528,8366,8186,8190,
121.538,8364,8188,8190,
121.548,8377,8191,8192,
121.556,8379,8191,8198,
121.567,8377,8191,8195,
121.578,8377,8193,8192,
121.587,8379,8188,8200,
121.596,8377,8186,8198,
121.607,8372,8191,8195,
121.617,8372,8193,8195,
121.628,8372,8183,8192,
121.637,8364,8181,8192,
121.647,8334,8161,8174,
121.658,8320,8181,8185,
121.666,8326,8181,8187,
121.676,8334,8191,8190,
121.686,8331,8188,8190,
121.697,8329,8191,8185,
121.706,8334,8191,8187,
121.717,8331,8193,8185,
121.728,8339,8193,8190,
121.738,8339,8193,8187,
121.749,8347,8191,8187,
121.758,8356,8191,8190,
121.765,8364,8193,8190,
121.777,8369,8191,8192,
121.787,8372,8188,8195,
121.796,8379,8188,8190,
121.806,8369,8193,8190,
121.816,8366,8193,8192,
121.829,8366,8188,8192,
121.836,8356,8181,8185,
121.848,8331,8140,8177,
121.856,8323,8183,8190,
121.867,8334,8183,8190,
121.876,8345,8186,8190,
121.887,8345,8188,8182,
121.896,8347,8191,8187,
121.908,8350,8193,8190,
121.917,8353,8196,8190,
121.928,8356,8191,8192,
121.937,8364,8193,8192,
121.944,8361,8196,8192,
121.957,8361,8193,8192,
121.968,8364,8196,8192,
121.976,8361,8186,8198,
121.987,8353,8193,8195,
121.995,8358,8191,8192,
122.006,8358,8193,8192,
122.015,8345,8196,8192,
122.027,8342,8196,8190,
122.038,8334,8175,8187,
122.046,8310,8181,8174,
122.055,8307,8183,8185,
122.064,8320,8183,8192,
122.077,8334,8186,8190,
122.086,8347,8188,8195,
122.096,8347,8188,8195,
122.104,8350,8188,8195,
122.115,8356,8188,8192,
122.127,8358,8193,8198,
122.137,8358,8191,8192,
122.145,8353,8193,8195,
122.155,8356,8193,8190,
122.164,8358,8196,8192,
122.176,8350,8193,8187,
122.184,8356,8188,8192,
122.198,8356,8193,8192,
122.204,8358,8191,8192,
122.217,8358,8188,8190,
122.227,8347,8193,8187,
122.235,8339,8183,8185,
122.247,8312,8159,8174,
122.259,8301,8181,8185,
122.265,8312,8186,8187,
122.275,8320,8191,8190,
122.287,8331,8188,8190,
122.296,8339,8191,8190,
122.308,8342,8191,8187,
122.316,8350,8193,8190,
122.324,8350,8193,8192,
122.337,8356,8186,8192,
122.345,8356,8196,8192,
122.357,8356,8196,8190,
122.367,8353,8191,8190,
122.374,8358,8191,8192,
122.386,8361,8196,8190,
122.397,8358,8191,8187,
122.407,8353,8191,8192,
122.417,8356,8193,8190,
122.427,8356,8196,8192,
122.436,8350,8186,8185,
122.446,8331,8159,8177,
122.457,8307,8181,8180,
122.465,8318,8188,8187,
122.476,8331,8186,8187,
122.484,8334,8193,8187,
122.495,8342,8188,8190,
122.505,8342,8191,8187,
122.518,8345,8193,8190,
122.526,8350,8193,8190,
122.536,8353,8191,8190,
122.545,8358,8191,8190,
122.557,8356,8193,8187,
122.568,8356,8193,8192,
122.575,8361,8191,8195,
122.586,8364,8191,8192,
122.596,8366,8191,8192,
122.607,8372,8191,8195,
122.615,8372,8193,8187,
122.626,8369,8188,8190,
122.637,8358,8181,8182,
122.649,8329,8150,8177,
122.656,8318,8178,8190,
122.666,8329,8186,8190,
122.675,8334,8188,8190,
122.687,8345,8191,8192,
122.697,8345,8191,8190,
122.707,8350,8191,8190,
122.715,8350,8188,8187,
122.726,8347,8191,8190,
122.736,8350,8191,8192,
122.745,8353,8193,8192,
122.754,8358,8188,8185,
122.766,8358,8193,8192,
122.776,8361,8188,8190,
122.787,8358,8191,8192,
122.793,8361,8191,8192,
122.805,8361,8191,8192,
122.816,8369,8193,8192,
122.825,8364,8196,8192,
122.836,8364,8186,8190,
122.845,8339,8150,8174,
122.856,8315,8178,8185,
122.865,8329,8186,8187,
122.875,8331,8186,8192,
122.885,8334,8191,8190,
122.896,8331,8188,8190,
122.908,8337,8193,8187,
122.914,8337,8199,8190,
122.926,8342,8193,8190,
122.937,8345,8196,8185,
122.946,8353,8193,8187,
122.956,8356,8191,8192,
122.967,8361,8186,8192,
122.978,8366,8193,8192,
122.986,8364,8196,8192,
122.993,8364,8188,8192,
123.003,8364,8186,8192,
123.016,8366,8191,8195,
123.026,8369,8193,8187,
123.036,8358,8181,8185,
123.043,8334,8153,8177,
123.055,8307,8181,8182,
123.066,8323,8183,8190,
123.076,8329,8186,8187,
123.086,8342,8191,8187,
123.096,8345,8186,8190,
123.105,8347,8188,8187,
123.116,8350,8191,8190,
123.124,8353,8193,8190,
123.134,8353,8193,8192,
123.143,8356,8186,8190,
123.154,8356,8193,8195,
123.162,8358,8196,8192,
123.174,8361,8188,8192,
123.184,8361,8193,8190,
123.193,8358,8188,8190,
123.205,8366,8196,8192,
123.216,8358,8188,8192,
123.225,8361,8193,8192,
123.235,8353,8186,8185,
123.246,8323,8148,8177,
123.252,8320,8178,8187,
123.266,8320,8191,8185,
123.276,8337,8188,8190,
123.285,8345,8186,8195,
123.293,8347,8186,8192,
123.305,8350,8188,8192,
123.314,8347,8188,8192,
123.326,8350,8193,8192,
123.332,8353,8188,8192,
123.345,8353,8196,8190,
123.355,8350,8193,8192,
123.363,8353,8196,8198,
123.376,8358,8191,8192,
123.383,8356,8193,8192,
123.393,8353,8193,8195,
123.405,8361,8191,8198,
123.415,8356,8199,8200,
123.423,8364,8188,8195,
123.436,8353,8191,8187,
123.446,8337,8159,8182,
123.454,8310,8181,8180,
123.463,8326,8186,8195,
123.474,8334,8188,8190,
123.485,8345,8188,8192,
123.497,8347,8193,8190,
123.503,8347,8191,8190,
123.514,8353,8193,8190,
123.524,8353,8196,8192,
123.535,8358,8191,8190,
123.545,8361,8191,8190,
123.555,8356,8196,8192,
123.565,8358,8191,8192,
123.574,8358,8196,8192,
123.584,8356,8196,8192,
123.595,8353,8196,8190,
123.605,8358,8188,8195,
123.615,8358,8193,8192,
123.624,8356,8191,8192,
123.634,8347,8191,8190,
123.644,8329,8127,8182,
123.656,8320,8186,8185,
123.666,8326,8186,8187,
123.674,8342,8191,8192,
123.684,8345,8186,8190,
123.695,8345,8191,8190,
123.704,8350,8196,8190,
123.714,8347,8186,8187,
123.724,8353,8191,8192,
123.735,8358,8193,8192,
123.745,8356,8193,8190,
123.753,8361,8191,8195,
123.761,8356,8196,8190,
123.772,8361,8188,8192,
123.784,8366,8191,8192,
123.793,8364,8188,8198,
123.802,8364,8191,8192,
123.814,8366,8186,8195,
123.823,8364,8196,8195,
123.832,8353,8181,8190,
123.844,8320,8155,8174,
123.854,8312,8183,8187,
123.865,8323,8183,8195,
123.875,8339,8188,8192,
123.884,8345,8188,8192,
123.893,8350,8188,8195,
123.904,8353,8193,8190,
123.913,8353,8196,8187,
123.923,8353,8193,8190,
123.932,8361,8196,8192,
123.942,8358,8193,8190,
123.955,8364,8193,8190,
123.965,8361,8191,8192,
123.973,8364,8188,8192,
123.982,8366,8196,8190,
123.995,8361,8191,8190,
124.004,8361,8191,8195,
124.012,8361,8186,8190,
124.026,8358,8191,8190,
124.032,8356,8186,8185,
124.044,8329,8168,8174,
124.052,8307,8181,8182,
124.064,8318,8186,8190,
124.076,8329,8183,8190,
124.082,8334,8196,8185,
124.093,8339,8188,8190,
124.103,8342,8191,8190,
124.111,8350,8193,8190,
124.125,8350,8191,8190,
124.133,8356,8191,8192,
124.144,8353,8193,8187,
124.153,8356,8196,8192,
124.163,8358,8193,8192,
124.173,8353,8193,8190,
124.185,8356,8191,8192,
124.192,8358,8196,8190,
124.202,8361,8193,8192,
124.212,8358,8193,8190,
124.223,8350,8188,8187,
124.235,8342,8183,8185,
124.242,8318,8165,8174,
124.252,8307,8186,8180,
124.264,8318,8181,8187,
124.271,8329,8191,8185,
124.284,8342,8191,8190,
124.293,8345,8191,8190,
124.302,8347,8186,8190,
124.313,8358,8196,8192,
124.323,8353,8193,8187,
124.331,8361,8196,8192,
124.345,8364,8191,8190,
124.353,8366,8193,8195,
124.364,8361,8191,8187,
124.373,8361,8188,8187,
124.383,8356,8191,8190,
124.394,8361,8191,8192,
124.402,8361,8196,8192,
124.414,8358,8193,8192,
124.423,8358,8193,8195,
124.433,8347,8183,8187,
124.442,8320,8168,8180,
124.451,8304,8178,8182,
124.463,8318,8193,8190,
124.473,8323,8196,8187,
124.482,8339,8188,8190,
124.493,8345,8191,8192,
124.501,8350,8191,8198,
124.512,8353,8193,8190,
124.525,8353,8188,8192,
124.532,8358,8196,8190,
124.544,8358,8183,8190,
124.555,8364,8191,8192,
124.564,8361,8191,8187,
124.573,8361,8191,8192,
124.582,8358,8188,8187,
124.592,8364,8191,8190,
124.603,8364,8193,8190,
124.611,8364,8191,8190,
124.624,8364,8193,8192,
124.633,8353,8183,8185,
124.643,8326,8145,8180,
124.653,8318,8183,8187,
124.663,8323,8191,8192,
124.673,8339,8186,8187,
124.684,8347,8193,8192,
124.692,8345,8188,8190,
124.703,8350,8191,8187,
124.712,8353,8191,8192,
124.721,8358,8193,8192,
124.733,8350,8191,8190,
124.743,8353,8191,8192,
124.752,8350,8191,8190,
124.763,8353,8191,8192,
124.773,8356,8193,8190,
124.783,8358,8191,8190,
124.794,8358,8188,8190,
124.803,8358,8196,8195,
124.813,8353,8188,8190,
124.822,8356,8196,8192,
124.831,8353,8186,8185,
124.843,8334,8153,8174,
124.852,8320,8186,8185,
124.862,8323,8186,8182,
124.872,8342,8196,8187,
124.883,8353,8193,8195,
124.893,8353,8193,8192,
124.901,8353,8193,8187,
124.913,8353,8193,8192,
124.922,8358,8188,8190,
124.933,8361,8191,8190,
124.944,8358,8196,8190,
124.954,8361,8196,8192,
124.963,8364,8193,8192,
124.972,8358,8191,8195,
124.983,8361,8193,8192,
124.993,8361,8188,8192,
125.004,8364,8186,8192,
125.01,8361,8193,8190,
125.02,8366,8193,8190,
125.031,8353,8183,8182,
125.043,8331,8159,8177,
125.053,8315,8178,8180,
125.061,8320,8186,8190,
125.073,8331,8188,8190,
125.082,8345,8193,8185,
125.092,8345,8193,8190,
125.103,8350,8193,8190,
125.112,8350,8191,8192,
125.122,8353,8191,8190,
125.131,8358,8188,8192,
125.143,8358,8188,8190,
125.153,8361,8191,8195,
125.162,8364,8193,8195,
125.172,8364,8196,8195,
125.183,8366,8191,8198,
125.192,8358,8191,8192,
125.201,8361,8193,8195,
125.212,8364,8183,8195,
125.221,8366,8196,8190,
125.231,8356,8181,8187,
125.242,8337,8161,8182,
125.252,8318,8183,8187,
125.263,8320,8199,8190,
125.27,8337,8186,8190,
125.281,8350,8188,8192,
125.292,8350,8191,8187,
125.303,8356,8188,8190,
125.314,8358,8188,8192,
125.321,8358,8193,8187,
125.331,8358,8193,8198,
125.342,8361,8191,8190,
125.354,8358,8196,8195,
125.361,8353,8191,8192,
125.373,8356,8196,8192,
125.383,8356,8193,8192,
125.39,8353,8193,8190,
125.401,8358,8191,8192,
125.412,8358,8191,8195,
125.42,8358,8196,8195,
125.432,8347,8186,8190,
125.441,8329,8148,8177,
125.452,8304,8183,8182,
125.461,8318,8191,8190,
125.471,8329,8183,8190,
125.482,8339,8193,8190,
125.492,8342,8191,8192,
125.502,8345,8191,8187,
125.511,8347,8191,8190,
125.521,8350,8191,8192,
125.529,8358,8191,8190,
125.54,8361,8188,8195,
125.552,8361,8191,8192,
125.563,8361,8196,8192,
125.572,8361,8193,8195,
125.582,8361,8196,8192,
125.59,8361,8186,8192,
125.602,8361,8193,8190,
125.611,8364,8193,8195,
125.621,8361,8199,8195,
125.631,8345,8183,8185,
125.641,8326,8165,8174,
125.65,8312,8183,8182,
125.66,8320,8183,8187,
125.672,8337,8191,8190,
125.681,8342,8188,8185,
125.689,8347,8191,8190,
125.701,8347,8191,8190,
125.711,8353,8186,8185,
125.72,8350,8188,8190,
125.729,8358,8188,8192,
125.742,8358,8188,8192,
125.751,8356,8188,8192,
125.764,8361,8191,8195,
125.77,8364,8188,8198,
125.781,8361,8193,8195,
125.792,8361,8191,8192,
125.801,8361,8193,8190,
125.811,8364,8191,8198,
125.819,8366,8193,8198,
125.831,8361,8186,8190,
125.841,8337,8155,8177,
125.852,8318,8175,8182,
125.862,8323,8188,8190,
125.873,8334,8193,8190,
125.882,8342,8181,8192,
125.89,8347,8191,8195,
125.9,8350,8193,8192,
125.909,8353,8193,8192,
125.92,8356,8191,8192,
125.931,8358,8191,8195,
125.941,8356,8196,8195,
125.951,8353,8191,8192,
125.961,8358,8188,8195,
125.97,8361,8193,8190,
125.978,8366,8193,8195,
125.989,8358,8191,8192,
126.001,8358,8188,8192,
126.013,8358,8191,8195,
126.021,8361,8193,8192,
126.03,8353,8183,8190,
126.04,8331,8165,8180,
126.052,8323,8186,8187,
126.059,8331,8188,8190,
126.072,8347,8191,8192,
126.081,8347,8188,8190,
126.091,8353,8183,8190,
126.101,8353,8193,8192,
126.111,8358,8193,8192,
126.121,8361,8188,8192,
126.132,8356,8193,8192,
126.141,8361,8186,8198,
126.149,8356,8191,8192,
126.159,8356,8191,8192,
126.17,8356,8196,8190,
126.181,8358,8193,8198,
126.189,8356,8191,8192,
126.202,8358,8188,8190,
126.21,8361,8191,8195,
126.221,8366,8196,8198,
126.232,8356,8183,8185,
126.238,8331,8155,8182,
126.251,8323,8183,8190,
126.26,8331,8186,8187,
126.272,8345,8191,8190,
126.282,8347,8188,8192,
126.289,8350,8188,8195,
126.3,8353,8191,8195,
126.308,8356,8188,8195,
126.318,8358,8193,8192,
126.33,8356,8193,8195,
126.341,8358,8191,8192,
126.352,8361,8191,8195,
126.358,8361,8191,8195,
126.371,8364,8188,8192,
126.381,8369,8188,8198,
126.39,8364,8193,8192,
126.4,8366,8191,8195,
126.409,8366,8191,8190,
126.42,8364,8193,8192,
126.43,8350,8181,8187,
126.442,8331,8168,8182,
126.451,8312,8181,8190,
126.46,8315,8186,8187,
126.473,8337,8183,8190,
126.479,8342,8188,8190,
126.489,8347,8188,8190,
126.501,8345,8188,8192,
126.509,8347,8191,8192,
126.52,8350,8191,8187,
126.529,8356,8191,8190,
126.539,8361,8191,8190,
126.549,8361,8191,8192,
126.562,8358,8191,8190,
126.57,8358,8188,8190,
126.58,8364,8193,8190,
126.589,8356,8191,8190,
126.599,8364,8193,8195,
126.609,8364,8191,8192,
126.619,8361,8193,8192,
126.628,8358,8186,8190,
126.64,8334,8148,8172,
126.65,8315,8178,8182,
126.659,8320,8186,8190,
126.669,8339,8186,8190,
126.678,8342,8186,8190,
126.689,8342,8188,8190,
126.698,8345,8191,8187,
126.71,8350,8191,8190,
126.718,8350,8191,8192,
126.73,8353,8193,8192,
126.742,8356,8188,8190,
126.748,8358,8188,8190,
126.759,8364,8196,8192,
126.77,8361,8193,8192,
126.778,8366,8191,8190,
126.789,8361,8191,8190,
126.8,8358,8193,8192,
126.811,8361,8199,8192,
126.82,8361,8191,8190,
126.827,8350,8183,8185,
126.84,8331,8140,8174,
126.85,8326,8181,8187,
126.859,8331,8191,8190,
126.872,8342,8193,8192,
126.878,8345,8188,8192,
126.891,8350,8193,8190,
126.899,8350,8191,8190,
126.91,8356,8186,8190,
126.918,8353,8188,8190,
126.929,8361,8193,8187,
126.939,8356,8193,8192,
126.95,8353,8193,8195,
126.958,8361,8193,8192,
126.969,8356,8196,8187,
126.981,8361,8193,8192,
126.99,8361,8196,8190,
127.001,8361,8196,8192,
127.011,8361,8191,8192,
127.021,8366,8196,8190,
127.029,8350,8181,8187,
127.04,8323,8150,8174,
127.048,8304,8175,8177,
127.061,8312,8183,8190,
127.069,8326,8188,8190,
127.079,8334,8188,8192,
127.087,8342,8183,8190,
127.099,8342,8191,8192,
127.108,8345,8191,8192,
127.119,8347,8191,8192,
127.129,8353,8186,8195,
127.138,8358,8191,8195,
127.151,8358,8191,8195,
127.158,8358,8188,8195,
127.171,8358,8191,8195,
127.179,8353,8193,8190,
127.189,8361,8196,8190,
127.197,8361,8191,8195,
127.21,8364,8191,8195,
127.218,8361,8196,8195,
127.228,8353,8183,8187,
127.239,8334,8155,8174,
127.249,8320,8188,8180,
127.261,8331,8181,8187,
127.267,8345,8193,8187,
127.28,8350,8188,8195,
127.289,8353,8193,8192,
127.297,8350,8188,8195,
127.31,8353,8191,8195,
127.32,8358,8193,8195,
127.329,8356,8191,8195,
127.337,8358,8193,8192,
127.349,8356,8193,8192,
127.359,8361,8196,8195,
127.368,8358,8188,8190,
127.379,8361,8193,8192,
127.389,8364,8193,8190,
127.398,8361,8191,8190,
127.409,8366,8193,8192,
127.421,8364,8193,8192,
127.427,8356,8188,8185,
127.438,8334,8161,8174,
127.448,8329,8188,8185,
127.459,8329,8186,8185,
127.467,8345,8186,8190,
127.478,8350,8188,8190,
127.489,8350,8191,8190,
127.497,8350,8186,8192,
127.509,8353,8191,8192,
127.517,8353,8193,8190,
127.529,8358,8196,8192,
127.538,8356,8193,8192,
127.55,8358,8191,8195,
127.559,8364,8193,8190,
127.569,8361,8196,8192,
127.579,8366,8188,8195,
127.59,8364,8193,8190,
127.597,8364,8193,8192,
127.609,8366,8193,8190,
127.62,8366,8193,8192,
127.629,8361,8183,8185,
127.639,8331,8159,8174,
127.648,8326,8175,8187,
127.662,8331,8186,8187,
127.672,8345,8193,8192,
127.678,8345,8191,8187,
127.687,8353,8191,8190,
127.698,8350,8193,8190,
127.71,8356,8193,8192,
127.718,8356,8196,8192,
127.729,8356,8191,8187,
127.738,8358,8188,8190,
127.748,8358,8191,8190,
127.76,8364,8191,8190,
127.769,8353,8193,8192,
127.78,8361,8196,8192,
127.788,8364,8193,8190,
127.798,8366,8193,8192,
127.809,8366,8196,8190,
127.817,8364,8193,8190,
127.826,8356,8186,8185,
127.838,8329,8142,8174,
127.848,8307,8175,8180,
127.857,8320,8188,8192,
127.869,8331,8193,8190,
127.878,8342,8188,8190,
127.889,8345,8188,8187,
127.898,8347,8186,8195,
127.906,8347,8193,8195,
127.919,8347,8193,8190,
127.93,8353,8193,8192,
127.936,8353,8196,8192,
127.947,8356,8188,8192,
127.959,8358,8196,8192,
127.968,8358,8193,8192,
127.98,8361,8193,8195,
127.988,8358,8188,8192,
127.997,8361,8193,8187,
128.01,8364,8188,8192,
128.019,8364,8191,8195,
128.029,8358,8186,8190,
128.037,8337,8165,8182,
128.049,8323,8186,8187,
128.059,8329,8186,8185,
128.069,8342,8188,8192,
128.077,8347,8191,8192,
128.088,8353,8191,8190,
128.099,8350,8191,8192,
128.107,8356,8191,8192,
128.119,8358,8193,8192,
128.13,8358,8196,8190,
128.138,8361,8191,8190,
128.147,8361,8193,8195,
128.157,8361,8193,8190,
128.166,8366,8193,8192,
128.18,8361,8186,8192,
128.188,8364,8193,8190,
128.198,8364,8196,8190,
128.209,8361,8193,8190,
128.216,8361,8193,8192,
128.229,8356,8183,8185,
128.238,8334,8132,8177,
128.249,8326,8186,8185,
128.259,8331,8188,8185,
128.268,8345,8196,8187,
128.279,8347,8191,8187,
128.286,8350,8193,8195,
128.296,8356,8196,8192,
128.307,8356,8193,8192,
128.317,8356,8193,8195,
128.328,8358,8196,8195,
128.337,8358,8196,8195,
128.348,8361,8191,8195,
128.356,8358,8193,8192,
128.369,8361,8193,8195,
128.379,8358,8196,8195,
128.386,8358,8191,8198,
128.397,8361,8191,8198,
128.407,8361,8193,8192,
128.432,8361,8193,8195,
128.436,8353,8186,8177,
128.436,8331,8165,8180,
128.448,8312,8183,8185,
128.459,8318,8186,8187,
128.467,8334,8186,8190,
128.478,8347,8191,8192,
128.487,8347,8193,8190,
128.498,8350,8188,8190,
128.505,8356,8191,8192,
128.517,8356,8193,8192,
128.528,8358,8191,8190,
128.538,8358,8193,8192,
128.547,8358,8188,8190,
128.558,8364,8193,8190,
128.567,8361,8188,8190,
128.576,8358,8193,8190,
128.588,8364,8191,8192,
128.598,8358,8193,8192,
128.607,8356,8188,8192,
128.617,8356,8191,8195,
128.626,8353,8186,8187,
128.637,8331,8155,8174,
128.647,8310,8183,8182,
128.658,8312,8186,8187,
128.666,8331,8193,8190,
128.675,8339,8188,8190,
128.686,8347,8188,8187,
128.699,8347,8188,8192,
128.707,8356,8191,8195,
128.716,8350,8191,8190,
128.727,8353,8188,8190,
128.738,8358,8196,8190,
128.749,8356,8193,8192,
128.755,8356,8193,8192,
128.768,8361,8191,8192,
128.778,8361,8193,8187,
128.787,8361,8193,8195,
128.797,8361,8191,8192,
128.806,8361,8196,8192,
128.818,8364,8196,8192,
128.826,8353,8181,8187,
128.837,8334,8153,8177,
128.845,8315,8178,8182,
128.858,8318,8186,8187,
128.867,8331,8193,8187,
128.877,8339,8191,8187,
128.887,8345,8191,8192,
128.897,8345,8188,8190,
128.906,8350,8188,8190,
128.916,8350,8188,8192,
128.927,8353,8193,8195,
128.937,8353,8193,8190,
128.948,8356,8193,8192,
128.959,8356,8191,8192,
128.966,8366,8193,8198,
128.976,8361,8196,8192,
128.99,8366,8193,8195,
128.997,8366,8191,8195,
129.007,8364,8186,8192,
129.016,8361,8193,8198,
129.025,8353,8183,8182,
129.036,8331,8155,8174,
129.046,8312,8175,8185,
129.055,8315,8186,8190,
129.065,8331,8191,8192,
129.076,8337,8188,8187,
129.087,8345,8188,8190,
129.095,8345,8191,8190,
129.108,8347,8193,8190,
129.118,8347,8191,8190,
129.127,8353,8191,8192,
129.136,8356,8193,8192,
129.145,8356,8193,8195,
129.16,8361,8193,8190,
129.168,8358,8193,8195,
129.177,8356,8193,8198,
129.188,8361,8193,8198,
129.196,8364,8191,8192,
129.208,8364,8193,8195,
129.215,8364,8186,8195,
129.227,8356,8186,8187,
129.237,8331,8183,8177,
129.247,8326,8186,8185,
129.257,8329,8181,8180,
129.267,8345,8193,8190,
129.275,8347,8193,8190,
129.286,8350,8191,8192,
129.296,8356,8191,8192,
129.305,8353,8193,8195,
129.318,8353,8193,8190,
129.328,8358,8188,8192,
129.337,8353,8193,8190,
129.348,8361,8188,8187,
129.355,8358,8188,8190,
129.366,8361,8193,8195,
129.376,8358,8193,8190,
129.386,8361,8191,8192,
129.397,8361,8188,8190,
129.406,8364,8193,8190,
129.416,8366,8193,8192,
129.427,8353,8181,8185,
129.436,8331,8168,8177,
129.446,8323,8181,8187,
129.456,8334,8183,8190,
129.466,8342,8191,8192,
129.476,8345,8193,8190,
129.486,8345,8193,8195,
129.498,8347,8191,8195,
129.506,8356,8188,8192,
129.515,8356,8191,8198,
129.525,8358,8186,8198,
129.535,8358,8193,8195,
129.547,8358,8193,8195,
129.556,8358,8196,8198,
129.566,8358,8193,8195,
129.576,8358,8193,8190,
129.586,8361,8193,8192,
129.594,8361,8191,8195,
129.604,8358,8191,8195,
129.615,8364,8191,8195,
129.628,8356,8183,8190,
129.635,8331,8161,8180,
129.643,8318,8181,8187,
129.654,8323,8183,8185,
129.666,8339,8191,8192,
129.677,8350,8193,8187,
129.685,8350,8193,8187,
129.695,8345,8191,8190,
129.705,8350,8193,8190,
129.718,8350,8193,8192,
129.725,8353,8193,8190,
129.734,8353,8196,8190,
129.745,8361,8188,8190,
129.754,8361,8193,8190,
129.767,8361,8193,8190,
129.776,8358,8191,8192,
129.787,8361,8193,8190,
129.795,8361,8193,8190,
129.809,8364,8199,8190,
129.817,8364,8193,8192,
129.823,8353,8188,8185,
129.835,8331,8155,8177,
129.848,8315,8178,8182,
129.856,8318,8183,8190,
129.867,8331,8186,8187,
129.875,8339,8191,8192,
129.887,8345,8191,8190,
129.894,8345,8188,8187,
129.907,8353,8193,8192,
129.915,8350,8193,8192,
129.927,8353,8193,8192,
129.935,8353,8193,8190,
129.945,8358,8193,8192,
129.955,8358,8193,8190,
129.965,8361,8193,8192,
129.977,8358,8188,8190,
129.983,8361,8193,8192,
129.993,8361,8193,8190,
130.005,8364,8188,8190,
130.017,8361,8188,8190,
130.026,8356,8181,8185,
130.035,8329,8168,8177,
130.044,8318,8181,8185,
130.055,8329,8183,8187,
130.067,8337,8186,8190,
130.074,8339,8188,8190,
130.085,8347,8186,8187,
130.095,8347,8191,8192,
130.106,8350,8193,8192,
130.115,8353,8191,8187,
130.124,8356,8196,8190,
130.136,8356,8191,8187,
130.147,8353,8196,8187,
130.156,8358,8193,8190,
130.165,8358,8191,8192,
130.175,8361,8199,8192,
130.185,8358,8193,8190,
130.194,8361,8193,8190,
130.204,8364,8191,8190,
130.215,8361,8196,8192,
130.227,8350,8183,8187,
130.237,8326,8165,8172,
130.243,8320,8181,8190,
130.254,8323,8183,8185,
130.264,8342,8188,8190,
130.276,8345,8193,8190,
130.285,8353,8193,8192,
130.294,8356,8191,8190,
130.303,8358,8186,8192,
130.317,8358,8191,8190,
130.324,8358,8193,8187,
130.335,8361,8193,8192,
130.345,8361,8188,8192,
130.355,8358,8188,8195,
130.366,8364,8191,8195,
130.372,8364,8191,8187,
130.383,8364,8188,8190,
130.397,8361,8193,8192,
130.407,8358,8188,8187,
130.415,8364,8193,8192,
130.424,8353,8188,8187,
130.436,8329,8150,8174,
130.444,8318,8178,8187,
130.454,8318,8186,8190,
130.464,8331,8191,8187,
130.473,8334,8191,8187,
130.486,8337,8186,8190,
130.496,8339,8193,8190,
130.502,8347,8188,8187,
130.516,8356,8193,8190,
130.526,8353,8191,8190,
130.532,8356,8186,8195,
130.547,8356,8193,8195,
130.553,8358,8188,8192,
130.565,8358,8191,8190,
130.575,8358,8193,8195,
130.583,8358,8196,8192,
130.594,8358,8196,8190,
130.603,8361,8188,8192,
130.614,8361,8191,8187,
130.624,8356,8188,8187,
130.634,8331,8148,8180,
130.645,8323,8183,8185,
130.68,8331,8183,8185,
130.681,8342,8188,8187,
130.681,8345,8188,8190,
130.683,8356,8191,8192,
130.694,8353,8191,8190,
130.705,8356,8188,8190,
130.714,8356,8191,8192,
130.725,8358,8193,8190,
130.734,8364,8186,8192,
130.743,8361,8191,8195,
130.752,8364,8188,8195,
130.765,8366,8191,8192,
130.773,8364,8186,8192,
130.785,8364,8191,8187,
130.794,8369,8196,8192,
130.804,8356,8193,8190,
130.814,8364,8193,8192,
130.826,8353,8186,8182,
130.832,8331,8159,8174,
130.843,8326,8183,8182,
130.856,8329,8183,8185,
130.864,8345,8193,8187,
130.876,8347,8186,8190,
130.885,8345,8191,8190,
130.894,8356,8188,8192,
130.902,8350,8188,8187,
130.914,8356,8191,8190,
130.924,8361,8188,8190,
130.932,8361,8188,8190,
130.943,8361,8196,8192,
130.953,8364,8193,8195,
130.964,8361,8191,8192,
130.975,8364,8193,8190,
130.984,8361,8188,8190,
130.993,8364,8186,8187,
131.002,8361,8193,8192,
131.015,8361,8193,8192,
131.025,8356,8181,8187,
131.033,8331,8150,8177,
131.044,8315,8181,8182,
131.052,8323,8181,8185,
131.063,8331,8191,8187,
131.073,8339,8193,8195,
131.085,8345,8191,8190,
131.094,8345,8191,8190,
131.104,8347,8191,8190,
131.113,8353,8188,8190,
131.125,8358,8191,8190,
131.134,8361,8188,8192,
131.143,8358,8191,8195,
131.154,8358,8196,8190,
131.165,8361,8193,8190,
131.174,8364,8188,8190,
131.183,8361,8191,8192,
131.194,8364,8191,8195,
131.204,8364,8193,8195,
131.215,8364,8193,8190,
131.225,8356,8183,8182,
131.235,8337,8155,8180,
131.244,8320,8181,8185,
131.253,8318,8183,8187,
131.262,8334,8193,8187,
131.275,8342,8191,8190,
131.285,8345,8191,8190,
131.293,8350,8191,8192,
131.304,8350,8191,8192,
131.315,8350,8188,8192,
131.324,8350,8193,8192,
131.335,8353,8191,8190,
131.344,8350,8196,8190,
131.352,8356,8193,8190,
131.363,8356,8186,8192,
131.372,8353,8193,8190,
131.386,8358,8193,8190,
131.395,8356,8196,8190,
131.404,8361,8193,8192,
131.413,8353,8188,8190,
131.423,8345,8181,8187,
131.433,8323,8168,8182,
131.444,8307,8183,8187,
131.453,8312,8181,8187,
131.464,8329,8186,8192,
131.472,8334,8193,8185,
131.484,8339,8191,8190,
131.494,8342,8188,8190,
131.503,8345,8188,8190,
131.514,8342,8193,8195,
131.524,8350,8193,8190,
131.532,8350,8191,8190,
131.544,8356,8196,8192,
131.554,8358,8191,8190,
131.562,8358,8193,8192,
131.573,8361,8193,8192,
131.581,8361,8191,8190,
131.595,8361,8193,8192,
131.603,8364,8191,8192,
131.612,8358,8193,8187,
131.622,8347,8178,8180,
131.633,8323,8155,8177,
131.644,8310,8183,8182,
131.653,8312,8186,8182,
131.662,8326,8186,8190,
131.673,8334,8188,8190,
131.705,8331,8193,8195,
131.708,8334,8193,8195,
131.709,8339,8193,8192,
131.711,8342,8191,8192,
131.723,8342,8191,8192,
131.732,8342,8196,8192,
131.744,8345,8193,8195,
131.754,8345,8193,8190,
131.762,8345,8193,8195,
131.772,8350,8196,8195,
131.781,8347,8199,8195,
131.794,8347,8191,8192,
131.803,8387,8196,8192,
131.814,8406,8193,8195,
131.822,8412,8183,8187,
131.831,8396,8150,8180,
131.842,8387,8181,8190,
131.853,8396,8181,8195,
131.864,8414,8188,8198,
131.873,8420,8183,8195,
131.882,8428,8181,8200,
131.893,8431,8183,8200,
131.902,8444,8183,8200,
131.914,8447,8181,8203,
131.923,8461,8178,8203,
131.935,8473,8181,8203,
131.943,8468,8181,8205,
131.952,8479,8181,8208,
131.962,8503,8178,8208,
131.974,8525,8173,8213,
131.982,8519,8175,8216,
131.99,8527,8173,8216,
132.002,8530,8173,8213,
132.012,8544,8173,8213,
132.024,8567,8168,8205,
132.033,8581,8165,8192,
132.044,8546,8173,8208,
132.05,8544,8168,8216,
132.063,8549,8168,8216,
132.072,8558,8170,8221,
132.084,8556,8173,8218,
132.095,8565,8173,8213,
132.103,8573,8170,8216,
132.111,8586,8168,8223,
132.123,8592,8170,8223,
132.132,8600,8168,8223,
132.142,8605,8173,8226,
132.152,8600,8175,8235,
132.161,8611,8168,8231,
132.171,8622,8168,8228,
132.183,8624,8170,8231,
132.195,8622,8173,8235,
132.204,8635,8168,8235,
132.213,8644,8168,8231,
132.221,8725,8173,8213,
132.232,8777,8170,8210,
132.241,8678,8178,8235,
132.251,8656,8173,8243,
132.263,8644,8168,8238,
132.274,8661,8170,8238,
132.282,8661,8168,8243,
132.293,8672,8170,8238,
132.302,8667,8170,8243,
132.312,8661,8168,8231,
132.324,8664,8170,8241,
132.33,8656,8173,8241,
132.343,8661,8168,8238,
132.351,8653,8173,8243,
132.363,8656,8173,8241,
132.372,8661,8170,8241,
132.381,8656,8170,8243,
132.391,8659,8173,8254,
132.404,8653,8170,8238,
132.412,8653,8168,8241,
132.421,8707,8168,8228,
132.432,8804,8170,8205,
132.442,8745,8173,8231,
132.45,8686,8173,8235,
132.463,8675,8170,8235,
132.471,8661,8173,8235,
132.482,8659,8173,8241,
132.493,8659,8168,8241,
132.501,8664,8170,8241,
132.514,8667,8173,8241,
132.523,8675,8170,8241,
132.532,8664,8170,8238,
132.542,8667,8170,8241,
132.551,8675,8170,8235,
132.561,8670,8170,8241,
132.572,8664,8170,8248,
132.58,8675,8170,8241,
132.593,8667,8168,8246,
132.602,8683,8165,8246,
132.613,8683,8173,8235,
132.622,8793,8170,8208,
132.631,8850,8173,8200,
132.642,8780,8170,8228,
132.652,8689,8173,8246,
132.661,8680,8170,8241,
132.671,8686,8168,8241,
132.682,8670,8170,8243,
132.691,8661,8170,8241,
132.702,8670,8168,8241,
132.711,8675,8168,8238,
132.721,8661,8168,8241,
132.733,8659,8170,8238,
132.742,8664,8170,8238,
132.752,8664,8173,8241,
132.762,8661,8170,8238,
132.771,8650,8165,8248,
132.782,8656,8170,8243,
132.793,8653,8168,8243,
132.803,8661,8170,8235,
132.811,8659,8170,8238,
132.822,8718,8168,8218,
132.832,8836,8170,8200,
132.841,8750,8173,8231,
132.85,8667,8170,8246,
132.863,8659,8170,8238,
132.874,8664,8173,8238,
132.88,8653,8170,8243,
132.891,8653,8173,8241,
132.903,8650,8170,8241,
132.91,8659,8173,8246,
132.919,8664,8173,8241,
132.929,8670,8170,8248,
132.94,8661,8170,8238,
132.951,8667,8170,8241,
132.973,8661,8170,8246,
132.974,8656,8175,8235,
132.979,8661,8168,8246,
132.992,8667,8168,8238,
133.001,8647,8178,8238,
133.011,8661,8170,8235,
133.019,8733,8168,8218,
133.033,8841,8170,8195,
133.042,8747,8168,8228,
133.052,8689,8165,8241,
133.061,8670,8170,8246,
133.07,8661,8173,8243,
133.081,8667,8173,8238,
133.091,8653,8173,8241,
133.1,8664,8168,8241,
133.11,8667,8168,8243,
133.122,8667,8168,8241,
133.133,8664,8168,8241,
133.143,8653,8170,8241,
133.15,8667,8173,8241,
133.162,8670,8168,8241,
133.171,8667,8170,8246,
133.182,8664,8173,8235,
133.193,8675,8165,8243,
133.2,8675,8170,8246,
133.212,8678,8170,8238,
133.221,8750,8170,8218,
133.23,8850,8170,8195,
133.24,8774,8170,8223,
133.25,8697,8165,8251,
133.261,8667,8168,8246,
133.269,8659,8170,8238,
133.28,8672,8168,8246,
133.289,8670,8170,8246,
133.302,8670,8170,8243,
133.312,8675,8168,8246,
133.322,8678,8173,8235,
133.332,8672,8170,8238,
133.341,8670,8175,8243,
133.35,8670,8168,8238,
133.361,8678,8168,8246,
133.371,8670,8168,8235,
133.38,8672,8170,8243,
133.389,8672,8168,8246,
133.398,8670,8170,8243,
133.41,8675,8173,8241,
133.422,8769,8170,8210,
133.433,8855,8173,8203,
133.44,8783,8173,8223,
133.449,8689,8170,8246,
133.462,8661,8170,8241,
133.472,8653,8175,8231,
133.48,8659,8170,8235,
133.49,8653,8173,8243,
133.501,8659,8173,8241,
133.511,8642,8168,8243,
133.518,8642,8173,8238,
133.529,8635,8173,8228,
133.54,8635,8168,8235,
133.55,8635,8170,8231,
133.559,8627,8165,8238,
133.569,8632,8170,8235,
133.58,8644,8168,8238,
133.59,8616,8173,8228,
133.601,8632,8165,8228,
133.61,8624,8170,8238,
133.621,8680,8168,8221,
133.631,8783,8175,8192,
133.64,8699,8170,8228,
133.65,8647,8173,8243,
133.66,8642,8170,8235,
133.673,8632,8168,8243,
133.682,8635,8170,8243,
133.69,8624,8175,8228,
133.701,8632,8173,8235,
133.71,8616,8170,8235,
133.721,8619,8170,8241,
133.729,8622,8173,8235,
133.741,8627,8173,8231,
133.751,8619,8170,8226,
133.761,8622,8170,8235,
133.771,8624,8170,8226,
133.779,8616,8170,8231,
133.789,8616,8173,8223,
133.8,8611,8168,8231,
133.812,8632,8168,8226,
133.82,8683,8175,8218,
133.829,8774,8173,8200,
133.839,8713,8173,8216,
133.853,8622,8168,8228,
133.859,8603,8175,8226,
133.87,8597,8170,8231,
133.88,8592,8173,8223,
133.89,8592,8170,8228,
133.9,8586,8170,8226,
133.911,8584,8168,8231,
133.919,8586,8170,8226,
133.93,8581,8170,8226,
133.94,8586,8170,8221,
133.951,8581,8170,8223,
133.961,8581,8170,8226,
133.972,8584,8170,8228,
133.979,8581,8170,8226,
133.99,8581,8170,8223,
134.001,8589,8170,8228,
134.01,8586,8173,8221,
134.018,8632,8168,8218,
134.03,8710,8173,8203,
134.039,8659,8170,8218,
134.048,8597,8168,8231,
134.06,8597,8170,8228,
134.072,8581,8173,8228,
134.079,8576,8168,8216,
134.088,8578,8170,8226,
134.098,8586,8170,8228,
134.109,8597,8170,8228,
134.12,8603,8173,8231,
134.129,8613,8170,8231,
134.14,8624,8170,8226,
134.151,8632,8170,8231,
134.159,8630,8170,8241,
134.169,8624,8173,8238,
134.178,8627,8173,8231,
134.19,8622,8168,8235,
134.2,8622,8173,8228,
134.207,8622,8168,8231,
134.221,8678,8168,8218,
134.23,8761,8173,8200,
134.24,8667,8170,8228,
134.249,8630,8170,8238,
134.26,8605,8173,8238,
134.269,8605,8170,8226,
134.279,8608,8173,8231,
134.291,8608,8170,8223,
134.297,8603,8170,8226,
134.31,8613,8168,8228,
134.319,8594,8173,8235,
134.328,8603,8168,8228,
134.339,8600,8173,8226,
134.349,8603,8170,8226,
134.36,8592,8170,8228,
134.37,8600,8170,8228,
134.379,8594,8168,8235,
134.391,8589,8173,8226,
134.4,8586,8170,8228,
134.41,8592,8173,8228,
134.42,8642,8173,8216,
134.43,8750,8168,8200,
134.439,8650,8175,8223,
134.448,8608,8170,8228,
134.46,8594,8170,8231,
134.47,8592,8173,8226,
134.478,8603,8170,8223,
134.491,8589,8170,8223,
134.499,8594,8168,8223,
134.508,8589,8170,8226,
134.519,8586,8168,8226,
134.53,8586,8170,8223,
134.54,8581,8170,8223,
134.548,8570,8170,8223,
134.559,8576,8168,8223,
134.57,8562,8170,8221,
134.579,8567,8168,8223,
134.59,8565,8170,8221,
134.601,8573,8170,8223,
134.61,8573,8168,8221,
134.62,8611,8173,8208,
134.629,8686,8173,8195,
134.639,8616,8170,8221,
134.648,8576,8173,8221,
134.661,8562,8165,8226,
134.667,8558,8170,8218,
134.679,8546,8173,8221,
134.688,8553,8170,8218,
134.697,8549,8173,8216,
134.711,8541,8170,8226,
134.717,8538,8173,8221,
134.73,8538,8170,8218,
134.739,8538,8173,8218,
134.749,8536,8168,8218,
134.758,8541,8165,8216,
134.769,8530,8170,8213,
134.777,8533,8170,8216,
134.788,8533,8170,8216,
134.796,8527,8170,8216,
134.809,8527,8173,8216,
134.818,8581,8170,8208,
134.827,8653,8170,8198,
134.839,8567,8173,8218,
134.848,8536,8170,8218,
134.858,8517,8173,8213,
134.869,8519,8170,8210,
134.879,8519,8173,8210,
134.888,8525,8168,8216,
134.899,8519,8173,8213,
134.91,8519,8170,8210,
134.92,8519,8170,8216,
134.926,8517,8173,8208,
134.937,8519,8173,8213,
134.949,8514,8170,8213,
134.958,8514,8170,8213,
134.971,8506,8173,8218,
134.977,8509,8170,8216,
134.988,8509,8173,8218,
134.997,8506,8173,8213,
135.008,8511,8170,8216,
135.019,8519,8168,8208,
135.027,8536,8168,8190,
135.039,8517,8170,8190,
135.048,8495,8175,8221,
135.058,8492,8170,8213,
135.069,8495,8170,8210,
135.079,8484,8170,8210,
135.089,8484,8170,8210,
135.099,8481,8173,8208,
135.107,8473,8175,8205,
135.118,8479,8173,8208,
135.129,8473,8173,8208,
135.138,8476,8173,8208,
135.149,8476,8173,8205,
135.158,8479,8173,8205,
135.169,8479,8175,8213,
135.18,8479,8175,8208,
135.186,8481,8175,8208,
135.198,8484,8178,8208,
135.207,8492,8173,8208,
135.218,8495,8173,8190,
135.227,8495,8165,8187,
135.238,8481,8175,8195,
135.248,8463,8168,8203,
135.259,8463,8175,8203,
135.268,8463,8173,8205,
135.277,8461,8173,8205,
135.289,8458,8175,8203,
135.297,8455,8173,8208,
135.305,8455,8173,8205,
135.318,8458,8175,8205,
135.327,8455,8178,8205,
135.339,8461,8178,8208,
135.349,8461,8175,8203,
135.357,8455,8175,8205,
135.369,8447,8178,8203,
135.379,8452,8178,8205,
135.388,8447,8178,8203,
135.399,8447,8178,8205,
135.405,8447,8178,8205,
135.417,8450,8175,8195,
135.428,8442,8170,8187,
135.437,8420,8181,8198,
135.449,8425,8178,8208,
135.457,8428,8175,8200,
135.468,8431,8178,8205,
135.477,8425,8178,8205,
135.488,8423,8175,8200,
135.496,8428,8178,8200,
135.507,8420,8178,8198,
135.518,8423,8181,8203,
135.526,8417,8181,8200,
135.538,8420,8181,8200,
135.549,8412,8181,8198,
135.558,8412,8181,8198,
135.566,8414,8186,8200,
135.577,8412,8183,8195,
135.586,8412,8183,8195,
135.597,8409,8183,8198,
135.605,8409,8186,8200,
135.616,8404,8178,8190,
135.629,8390,8161,8177,
135.637,8372,8181,8190,
135.648,8379,8181,8198,
135.657,8390,8181,8195,
135.667,8387,8181,8195,
135.676,8387,8181,8198,
135.689,8385,8181,8198,
135.695,8385,8183,8198,
135.707,8385,8186,8195,
135.72,8385,8183,8198,
135.726,8377,8186,8192,
135.737,8369,8186,8198,
135.748,8361,8186,8195,
135.757,8358,8186,8195,
135.767,8356,8186,8192,
135.775,8345,8188,8192,
135.789,8342,8193,8192,
135.799,8337,8191,8192,
135.808,8323,8191,8187,
135.82,8310,8181,8185,
135.829,8279,8153,8174,
135.838,8276,8183,8182,
135.845,8283,8193,8185,
135.856,8273,8199,8185,
135.868,8263,8199,8180,
135.877,8254,8199,8182,
135.885,8246,8201,8185,
135.897,8235,8199,8177,
135.906,8230,8204,8180,
135.915,8222,8201,8174,
135.927,8214,8206,8177,
135.936,8203,8212,8180,
135.947,8208,8209,8182,
135.956,8188,8209,8177,
135.968,8171,8214,8174,
135.98,8174,8209,8169,
135.988,8163,8212,8180,
136,8158,8209,8180,
136.007,8141,8222,8174,
136.018,8150,8168,8169,
136.026,7995,8206,8177,
136.038,8064,8206,8174,
136.046,8094,8227,8169,
136.059,8103,8212,8172,
136.068,8097,8209,8177,
136.075,8101,8214,8180,
136.087,8074,8206,8177,
136.098,8083,8230,8182,
136.107,8097,8230,8180,
136.116,8077,8219,8180,
136.128,8088,8217,8177,
136.138,8094,8214,8177,
136.148,8092,8217,8172,
136.157,8085,8222,8180,
136.169,8097,8224,8182,
136.178,8066,8222,8180,
136.188,8069,8222,8169,
136.197,8085,8222,8174,
136.207,8064,8237,8174,
136.219,8028,8222,8172,
136.225,7921,8199,8174,
136.237,7953,8217,8174,
136.244,7983,8232,8163,
136.255,7995,8217,8185,
136.268,7995,8227,8167,
136.277,7995,8237,8177,
136.287,8012,8232,8174,
136.296,8023,8224,8172,
136.305,8026,8230,8177,
136.318,8023,8232,8172,
136.328,8039,8219,8174,
136.336,8031,8232,8172,
136.346,8045,8217,8180,
136.357,8045,8242,8169,
136.367,8050,8227,8174,
136.376,8045,8263,8177,
136.385,8039,8232,8169,
136.395,8047,8214,8177,
136.406,8012,8222,8172,
136.417,7983,8168,8172,
136.429,7886,8181,8177,
136.435,7953,8224,8177,
136.446,7980,8209,8172,
136.457,7986,8214,8172,
136.468,7991,8219,8167,
136.477,7998,8227,8182,
136.486,8012,8222,8174,
136.497,8023,8245,8172,
136.505,8009,8209,8172,
136.515,8026,8230,8182,
136.526,8015,8227,8182,
136.536,8031,8232,8180,
136.545,8037,8224,8180,
136.554,8037,8219,8177,
136.565,8039,8206,8177,
136.578,8037,8230,8182,
136.584,8023,8214,8177,
136.596,8042,8239,8182,
136.604,8045,8237,8177,
136.618,8015,8168,8174,
136.627,7921,8196,8180,
136.636,7934,8214,8185,
136.644,8003,8224,8177,
136.656,8039,8212,8169,
136.665,8012,8237,8172,
136.677,8018,8232,8177,
136.687,8053,8237,8185,
136.695,8031,8214,8174,
136.709,8018,8214,8174,
136.716,8045,8227,8169,
136.727,8053,8239,8177,
136.735,8042,8209,8172,
136.745,8061,8239,8169,
136.757,8042,8242,8163,
136.766,8042,8239,8174,
136.776,8039,8247,8167,
136.788,8058,8237,8177,
136.797,8058,8242,8177,
136.803,8050,8222,8177,
136.816,8020,8209,8180,
136.828,7926,8181,8177,
136.834,7983,8222,8174,
136.845,8007,8237,8180,
136.855,8042,8232,8177,
136.866,8034,8239,8174,
136.876,8037,8227,8172,
136.886,8042,8230,8172,
136.897,8050,8214,8167,
136.906,8055,8212,8177,
136.917,8053,8250,8169,
136.925,8058,8209,8163,
136.936,8037,8237,8174,
136.945,8064,8230,8185,
136.955,8053,8232,8169,
136.964,8042,8217,8180,
136.975,8047,8219,8172,
136.983,8045,8217,8174,
136.996,8037,8224,8177,
137.005,8047,8214,8172,
137.014,8020,8168,8174,
137.024,7926,8173,8177,
137.034,7975,8214,8174,
137.045,7988,8232,8172,
137.056,8020,8237,8180,
137.066,8026,8237,8172,
137.075,8012,8206,8169,
137.085,8020,8257,8174,
137.094,8023,8219,8172,
137.104,8055,8242,8172,
137.116,8023,8224,8174,
137.126,8061,8217,8185,
137.137,8039,8219,8177,
137.144,8045,8227,8174,
137.154,8037,8242,8174,
137.163,8050,8230,8182,
137.177,8047,8239,8185,
137.183,8050,8224,8169,
137.196,8047,8209,8167,
137.205,8045,8227,8174,
137.218,8012,8178,8174,
137.224,7915,8165,8172,
137.234,7937,8222,8172,
137.246,7978,8247,8177,
137.257,8000,8217,8174,
137.265,8018,8230,8163,
137.274,8015,8232,8161,
137.285,8018,8224,8174,
137.293,8045,8239,8185,
137.306,8020,8217,8167,
137.315,8053,8224,8169,
137.324,8031,8209,8167,
137.335,8045,8232,8172,
137.346,8037,8255,8172,
137.355,8045,8239,8169,
137.366,8053,8219,8174,
137.376,8058,8230,8167,
137.386,8037,8217,8169,
137.394,8066,8239,8177,
137.406,8053,8227,8182,
137.415,8047,8183,8174,
137.426,7929,8196,8174,
137.434,7986,8217,8172,
137.444,8015,8209,8177,
137.455,8042,8237,8169,
137.466,8058,8239,8180,
137.474,8058,8239,8180,
137.486,8061,8227,8180,
137.495,8072,8206,8180,
137.506,8083,8237,8182,
137.515,8088,8212,8167,
137.525,8080,8252,8177,
137.536,8088,8217,8180,
137.545,8088,8245,8161,
137.553,8097,8214,8177,
137.564,8103,8227,8172,
137.576,8094,8230,8180,
137.584,8106,8214,8174,
137.597,8109,8212,8163,
137.606,8114,8214,8172,
137.616,8097,8250,8169,
137.624,7983,8183,8172,
137.636,8047,8209,8174,
137.646,8106,8196,8174,
137.658,8092,8212,8174,
137.664,8088,8222,8182,
137.676,8083,8230,8180,
137.684,8092,8219,8177,
137.693,8094,8222,8167,
137.709,8101,8217,8182,
137.715,8103,8217,8163,
137.725,8106,8206,8174,
137.736,8109,8212,8174,
137.745,8117,8217,8174,
137.756,8128,8219,8177,
137.765,8139,8219,8177,
137.777,8136,8227,8172,
137.784,8131,8214,8169,
137.793,8141,8230,8177,
137.803,8131,8224,8174,
137.816,8092,8170,8177,
137.825,8037,8201,8174,
137.834,8055,8204,8172,
137.844,8114,8209,8172,
137.854,8147,8206,8177,
137.864,8139,8204,8174,
137.874,8166,8204,8174,
137.883,8185,8212,8174,
137.895,8195,8201,8180,
137.905,8179,8219,8177,
137.915,8214,8201,8174,
137.923,8227,8212,8180,
137.934,8249,8214,8174,
137.943,8276,8199,8185,
137.954,8301,8209,8190,
137.966,8320,8206,8187,
137.972,8347,8204,8190,
137.984,8379,8196,8187,
137.992,8398,8196,8195,
138.004,8414,8196,8198,
138.015,8431,8178,8198,
138.025,8428,8150,8187,
138.034,8433,8175,8198,
138.044,8458,8181,8205,
138.055,8476,8178,8203,
138.064,8484,8178,8205,
138.076,8490,8178,8210,
138.085,8498,8181,8208,
138.094,8511,8178,8208,
138.105,8517,8175,8210,
138.113,8527,8173,8213,
138.124,8533,8175,8210,
138.133,8538,8173,8218,
138.146,8544,8173,8216,
138.155,8556,8173,8216,
138.162,8553,8170,8218,
138.172,8565,8168,8213,
138.183,8567,8168,8221,
138.194,8567,8170,8218,
138.205,8570,8168,8221,
138.213,8581,8165,8210,
138.226,8597,8170,8200,
138.235,8589,8168,8218,
138.244,8576,8168,8226,
138.255,8578,8168,8218,
138.265,8573,8170,8223,
138.273,8581,8170,8226,
138.285,8576,8168,8228,
138.294,8584,8170,8223,
138.304,8581,8173,8223,
138.314,8581,8168,8221,
138.324,8584,8173,8218,
138.334,8576,8170,8223,
138.343,8576,8173,8226,
138.354,8573,8173,8223,
138.364,8586,8170,8221,
138.372,8578,8173,8218,
138.383,8581,8165,8226,
138.392,8589,8170,8221,
138.404,8581,8170,8223,
138.414,8605,8170,8210,
138.424,8670,8173,8205,
138.433,8630,8165,8216,
138.447,8581,8170,8221,
138.454,8565,8170,8223,
138.462,8558,8170,8216,
138.475,8558,8168,8218,
138.483,8558,8170,8221,
138.493,8549,8170,8216,
138.503,8541,8170,8218,
138.514,8541,8170,8216,
138.522,8549,8170,8216,
138.534,8549,8168,8223,
138.544,8549,8168,8221,
138.552,8544,8173,8216,
138.563,8541,8168,8221,
138.573,8553,8168,8221,
138.584,8544,8168,8218,
138.594,8546,8168,8221,
138.604,8549,8170,8216,
138.615,8576,8173,8208,
138.624,8653,8170,8195,
138.632,8616,8173,8210,
138.643,8556,8170,8218,
138.654,8541,8168,8221,
138.663,8536,8170,8218,
138.674,8533,8170,8216,
138.683,8536,8168,8216,
138.693,8536,8170,8218,
138.702,8530,8170,8216,
138.716,8530,8170,8216,
138.722,8533,8170,8213,
138.732,8536,8170,8216,
138.744,8530,8168,8216,
138.754,8527,8173,8216,
138.764,8525,8173,8213,
138.774,8522,8170,8216,
138.784,8525,8170,8216,
138.796,8525,8170,8216,
138.802,8530,8168,8213,
138.813,8546,8170,8203,
138.826,8630,8168,8195,
138.832,8553,8168,8213,
138.844,8525,8173,8210,
138.854,8519,8170,8213,
138.865,8522,8173,8213,
138.877,8519,8170,8213,
138.884,8517,8173,8213,
138.892,8514,8170,8216,
138.904,8514,8170,8213,
138.915,8511,8173,8216,
138.923,8514,8173,8213,
138.932,8517,8170,8213,
138.943,8519,8173,8210,
138.955,8514,8170,8213,
138.964,8514,8173,8210,
138.972,8514,8173,8213,
138.984,8514,8170,8210,
138.995,8514,8170,8213,
139.003,8514,8170,8213,
139.012,8536,8168,8205,
139.024,8553,8165,8190,
139.033,8503,8170,8187,
139.043,8495,8173,8210,
139.053,8503,8173,8208,
139.061,8503,8173,8210,
139.073,8498,8173,8213,
139.083,8498,8173,8210,
139.092,8503,8170,8208,
139.102,8500,8170,8210,
139.11,8500,8170,8213,
139.124,8503,8173,8210,
139.132,8500,8170,8208,
139.143,8498,8173,8210,
139.152,8506,8173,8208,
139.163,8503,8175,8210,
139.173,8503,8175,8208,
139.183,8500,8173,8208,
139.191,8498,8173,8210,
139.202,8503,8173,8210,
139.212,8519,8170,8203,
139.223,8522,8165,8187,
139.233,8484,8173,8213,
139.243,8495,8168,8213,
139.252,8492,8173,8213,
139.264,8506,8168,8210,
139.273,8503,8173,8208,
139.283,8503,8173,8210,
139.293,8500,8173,8213,
139.302,8509,8173,8208,
139.313,8509,8173,8205,
139.323,8503,8173,8210,
139.332,8500,8173,8210,
139.343,8500,8173,8210,
139.353,8495,8173,8210,
139.36,8495,8175,8210,
139.372,8500,8173,8208,
139.381,8500,8170,8210,
139.392,8500,8170,8210,
139.401,8506,8173,8210,
139.413,8511,8173,8205,
139.422,8511,8168,8190,
139.434,8509,8178,8205,
139.443,8487,8170,8205,
139.452,8490,8170,8208,
139.463,8492,8173,8205,
139.473,8492,8173,8213,
139.482,8495,8173,8216,
139.493,8498,8170,8210,
139.502,8498,8173,8208,
139.511,8490,8175,8213,
139.523,8490,8173,8210,
139.531,8492,8173,8213,
139.544,8492,8170,8213,
139.551,8492,8175,8208,
139.56,8490,8173,8210,
139.571,8492,8173,8205,
139.583,8487,8175,8208,
139.593,8487,8173,8210,
139.602,8490,8173,8210,
139.611,8495,8170,8200,
139.624,8481,8168,8187,
139.63,8447,8175,8203,
139.643,8452,8175,8205,
139.653,8463,8173,8208,
139.661,8458,8173,8203,
139.671,8455,8175,8210,
139.682,8461,8175,8205,
139.694,8461,8175,8205,
139.701,8463,8170,8210,
139.711,8463,8173,8205,
139.721,8468,8175,8208,
139.732,8463,8173,8205,
139.742,8461,8175,8205,
139.752,8458,8175,8205,
139.761,8458,8175,8203,
139.773,8458,8175,8205,
139.783,8450,8175,8205,
139.79,8455,8175,8205,
139.801,8455,8175,8208,
139.813,8458,8173,8195,
139.823,8439,8170,8187,
139.833,8425,8178,8198,
139.842,8428,8175,8198,
139.851,8433,8175,8203,
139.864,8442,8175,8203,
139.87,8444,8175,8205,
139.882,8439,8178,8205,
139.89,8450,8178,8203,
139.903,8450,8173,8203,
139.909,8452,8173,8205,
139.923,8455,8175,8205,
139.932,8455,8178,8203,
139.941,8455,8175,8205,
139.951,8458,8175,8203,
139.96,8461,8181,8208,
139.969,8461,8173,8200,
139.981,8458,8175,8208,
139.993,8468,8178,8205,
140.003,8461,8178,8205,
140.013,8473,8170,8198,
140.023,8458,8170,8187,
140.035,8428,8173,8195,
140.043,8447,8178,8205,
140.051,8458,8173,8208,
140.062,8458,8178,8208,
140.071,8471,8175,8205,
140.083,8476,8178,8213,
140.093,8481,8173,8205,
140.103,8487,8173,8210,
140.112,8487,8173,8210,
140.12,8495,8175,8216,
140.131,8500,8173,8210,
140.141,8503,8173,8216,
140.152,8503,8173,8216,
140.161,8503,8170,8216,
140.17,8503,8173,8216,
140.183,8509,8173,8213,
140.191,8514,8168,8213,
140.202,8519,8173,8213,
140.21,8536,8168,8200,
140.221,8530,8165,8190,
140.229,8527,8168,8218,
140.241,8509,8173,8216,
140.249,8509,8173,8210,
140.261,8509,8170,8210,
140.271,8509,8173,8213,
140.281,8514,8170,8213,
140.293,8522,8170,8210,
140.299,8519,8170,8210,
140.31,8522,8173,8213,
140.321,8525,8168,8213,
140.331,8527,8170,8213,
140.339,8527,8173,8216,
140.353,8527,8170,8210,
140.361,8527,8173,8216,
140.374,8525,8168,8216,
140.381,8530,8173,8216,
140.391,8527,8170,8216,
140.401,8533,8173,8210,
140.412,8546,8168,8203,
140.421,8567,8170,8190,
140.431,8530,8175,8203,
140.44,8514,8170,8210,
140.451,8509,8170,8213,
140.462,8514,8168,8216,
140.469,8511,8173,8208,
140.483,8511,8170,8208,
140.49,8509,8170,8216,
140.501,8500,8170,8216,
140.51,8500,8170,8210,
140.522,8484,8173,8210,
140.531,8476,8173,8213,
140.542,8476,8173,8210,
140.55,8471,8170,8210,
140.559,8468,8173,8210,
140.572,8452,8175,8208,
140.58,8450,8173,8205,
140.589,8447,8175,8208,
140.599,8452,8175,8205,
140.612,8458,8173,8195,
140.623,8461,8168,8185,
140.632,8458,8178,8198,
140.641,8463,8173,8205,
140.651,8484,8170,8208,
140.661,8495,8170,8208,
140.672,8506,8173,8210,
140.683,8511,8175,8213,
140.691,8522,8175,8213,
140.703,8517,8173,8213,
140.71,8517,8175,8216,
140.721,8517,8173,8216,
140.73,8503,8175,8213,
140.74,8490,8175,8208,
140.75,8484,8178,8208,
140.761,8473,8173,8203,
140.771,8463,8178,8205,
140.779,8461,8175,8205,
140.791,8468,8175,8210,
140.8,8476,8175,8208,
140.81,8487,8170,8205,
140.82,8481,8168,8190,
140.831,8461,8173,8203,
140.839,8473,8173,8205,
140.851,8473,8173,8205,
140.86,8473,8173,8205,
140.868,8468,8173,8208,
140.879,8458,8175,8205,
140.89,8452,8175,8203,
140.901,8447,8175,8203,
140.912,8436,8175,8198,
140.923,8433,8175,8203,
140.93,8431,8175,8208,
140.939,8439,8178,8203,
140.948,8436,8175,8205,
140.96,8444,8178,8203,
140.969,8458,8178,8208,
140.98,8468,8173,8208,
140.989,8476,8175,8208,
141.001,8487,8175,8205,
141.011,8492,8173,8200,
141.02,8481,8168,8187,
141.03,8450,8173,8205,
141.039,8455,8173,8198,
141.048,8436,8173,8205,
141.061,8425,8175,8198,
141.069,8409,8178,8200,
141.079,8401,8181,8200,
141.09,8406,8178,8198,
141.101,8409,8181,8198,
141.109,8417,8181,8205,
141.119,8433,8178,8200,
141.128,8452,8178,8203,
141.142,8473,8175,8205,
141.151,8487,8178,8210,
141.16,8506,8173,8208,
141.171,8509,8175,8213,
141.18,8506,8173,8210,
141.189,8498,8175,8208,
141.2,8490,8175,8205,
141.211,8479,8170,8192,
141.222,8444,8173,8182,
141.228,8431,8175,8190,
141.239,8423,8175,8203,
141.248,8428,8173,8200,
141.26,8412,8178,8200,
141.27,8406,8181,8200,
141.282,8401,8181,8200,
141.29,8404,8181,8200,
141.298,8414,8181,8198,
141.312,8423,8178,8198,
141.32,8431,8178,8203,
141.328,8436,8181,8203,
141.339,8436,8183,8203,
141.348,8436,8181,8203,
141.358,8439,8178,8200,
141.367,8439,8178,8203,
141.377,8450,8178,8200,
141.389,8461,8178,8205,
141.399,8473,8181,8205,
141.411,8487,8173,8200,
141.417,8484,8165,8192,
141.428,8471,8173,8203,
141.442,8492,8170,8208,
141.448,8492,8173,8210,
141.459,8495,8173,8210,
141.47,8492,8173,8210,
141.483,8490,8173,8210,
141.489,8479,8175,8210,
141.499,8479,8173,8208,
141.509,8476,8173,8208,
141.521,8471,8173,8208,
141.529,8479,8175,8208,
141.537,8479,8175,8210,
141.551,8484,8175,8208,
141.56,8484,8175,8208,
141.571,8484,8175,8205,
141.579,8487,8173,8208,
141.591,8490,8175,8205,
141.599,8495,8173,8205,
141.608,8511,8173,8200,
141.618,8514,8168,8190,
141.627,8479,8178,8205,
141.638,8476,8173,8210,
141.651,8463,8170,8208,
141.659,8455,8175,8203,
141.668,8450,8175,8203,
141.678,8450,8175,8203,
141.69,8455,8175,8203,
141.699,8455,8175,8203,
141.709,8463,8175,8208,
141.718,8481,8175,8208,
141.727,8484,8175,8208,
141.739,8498,8175,8213,
141.749,8500,8173,8210,
141.759,8495,8173,8210,
141.768,8484,8175,8213,
141.781,8476,8173,8213,
141.788,8461,8178,8208,
141.799,8455,8178,8205,
141.809,8433,8173,8195,
141.817,8406,8170,8185,
141.826,8396,8178,8190,
141.839,8417,8175,8198,
141.851,8450,8175,8203,
141.858,8484,8175,8208,
141.868,8509,8173,8210,
141.878,8530,8170,8213,
141.89,8525,8175,8210,
141.898,8492,8173,8205,
141.911,8450,8173,8203,
141.917,8428,8175,8203,
141.93,8409,8175,8198,
141.938,8401,8178,8198,
141.95,8398,8181,8200,
141.959,8412,8178,8198,
141.968,8433,8181,8203,
141.98,8468,8175,8208,
141.989,8509,8175,8210,
141.999,8541,8173,8216,
142.009,8586,8168,8203,
142.021,8600,8165,8200,
142.029,8597,8165,8231,
142.04,8613,8168,8235,
142.046,8600,8168,8223,
142.06,8565,8170,8221,
142.067,8506,8170,8210,
142.078,8458,8173,8205,
142.086,8420,8175,8203,
142.099,8396,8178,8195,
142.109,8379,8181,8195,
142.118,8369,8181,8192,
142.128,8366,8181,8195,
142.137,8379,8183,8195,
142.148,8409,8183,8198,
142.157,8450,8178,8205,
142.168,8484,8181,8208,
142.179,8509,8175,8210,
142.189,8517,8173,8216,
142.199,8503,8178,8210,
142.209,8490,8170,8203,
142.217,8463,8168,8190,
142.228,8439,8173,8200,
142.239,8447,8173,8200,
142.25,8439,8178,8203,
142.259,8428,8178,8198,
142.268,8420,8178,8203,
142.279,8420,8181,8200,
142.287,8425,8181,8200,
142.296,8447,8178,8208,
142.308,8468,8175,8205,
142.318,8500,8175,8213,
142.327,8522,8173,8216,
142.337,8522,8173,8213,
142.35,8517,8173,8216,
142.359,8495,8175,8210,
142.37,8450,8178,8200,
142.378,8417,8181,8200,
142.387,8401,8178,8195,
142.399,8393,8181,8198,
142.407,8390,8181,8190,
142.419,8393,8168,8177,
142.43,8409,8175,8195,
142.439,8455,8175,8208,
142.448,8511,8173,8213,
142.46,8533,8173,8218,
142.469,8549,8173,8221,
142.479,8519,8175,8218,
142.49,8490,8173,8213,
142.498,8439,8175,8205,
142.507,8406,8178,8200,
142.518,8396,8181,8198,
142.53,8409,8181,8203,
142.538,8442,8178,8205,
142.55,8498,8173,8210,
142.559,8538,8173,8218,
142.567,8567,8170,8223,
142.578,8562,8170,8223,
142.589,8533,8175,8213,
142.597,8498,8178,8210,
142.607,8461,8175,8200,
142.618,8414,8170,8185,
142.628,8361,8175,8190,
142.637,8358,8181,8195,
142.648,8358,8181,8192,
142.658,8366,8186,8195,
142.668,8379,8181,8195,
142.678,8398,8183,8198,
142.687,8425,8181,8203,
142.699,8463,8178,8208,
142.709,8484,8175,8210,
142.718,8484,8178,8208,
142.729,8463,8181,8203,
142.739,8447,8178,8203,
142.75,8433,8181,8203,
142.758,8412,8178,8200,
142.769,8396,8181,8198,
142.777,8377,8186,8195,
142.79,8361,8186,8195,
142.799,8350,8186,8192,
142.807,8334,8175,8182,
142.818,8312,8168,8177,
142.827,8299,8181,8182,
142.839,8310,8175,8190,
142.85,8310,8193,8185,
142.857,8315,8191,8187,
142.87,8310,8188,8185,
142.879,8312,8188,8187,
142.889,8310,8193,8185,
142.899,8312,8191,8185,
142.909,8318,8188,8187,
142.919,8315,8193,8187,
142.93,8318,8191,8187,
142.938,8320,8196,8187,
142.948,8318,8199,8187,
142.96,8331,8193,8187,
142.968,8329,8196,8187,
142.977,8339,8193,8192,
142.988,8337,8196,8185,
142.997,8339,8199,8190,
143.007,8318,8186,8185,
143.019,8283,8153,8174,
143.026,8291,8183,8187,
143.039,8329,8183,8187,
143.047,8372,8186,8198,
143.06,8393,8188,8198,
143.066,8406,8186,8198,
143.079,8401,8191,8198,
143.088,8390,8188,8190,
143.096,8358,8188,8187,
143.107,8345,8193,8192,
143.119,8331,8196,8185,
143.127,8339,8188,8190,
143.138,8350,8191,8192,
143.147,8356,8193,8187,
143.157,8364,8186,8195,
143.167,8366,8193,8195,
143.18,8361,8193,8195,
143.187,8364,8191,8198,
143.195,8353,8188,8192,
143.207,8339,8188,8187,
143.218,8310,8153,8182,
143.227,8312,8178,8190,
143.237,8350,8183,8195,
143.246,8401,8186,8200,
143.255,8420,8181,8198,
143.267,8414,8181,8198,
143.277,8390,8186,8195,
143.286,8342,8191,8190,
143.298,8283,8196,8185,
143.307,8252,8196,8180,
143.316,8246,8201,8182,
143.325,8200,8201,8172,
143.337,8092,8181,8167,
143.345,8088,8178,8144,
143.357,8283,8222,8139,
143.365,8241,8206,8136,
143.377,8331,8227,8205,
143.387,8185,8168,8182,
143.396,8283,8212,8190,
143.408,8315,8199,8174,
143.417,8318,8161,8167,
143.427,8409,8193,8190,
143.436,8366,8201,8198,
143.446,8385,8193,8195,
143.456,8353,8181,8192,
143.465,8387,8191,8198,
143.476,8396,8181,8190,
143.485,8366,8186,8198,
143.497,8390,8193,8195,
143.508,8364,8188,8195,
143.517,8364,8183,8190,
143.527,8353,8193,8190,
143.536,8353,8183,8190,
143.545,8279,8209,8185,
143.557,8358,8201,8213,
143.567,8393,8245,8187,
143.576,8064,8191,8161,
143.586,8112,8219,8174,
143.596,8150,8219,8177,
143.609,8182,8173,8174,
143.615,8188,8206,8172,
143.626,8260,8191,8182,
143.638,8293,8193,8185,
143.649,8312,8201,8187,
143.656,8326,8199,8190,
143.668,8342,8196,8192,
143.677,8358,8196,8190,
143.687,8372,8193,8190,
143.697,8390,8188,8200,
143.708,8390,8193,8192,
143.715,8396,8193,8195,
143.727,8398,8199,8200,
143.736,8401,8199,8190,
143.746,8382,8191,8192,
143.757,8377,8193,8203,
143.767,8382,8191,8192,
143.777,8364,8186,8190,
143.785,8382,8193,8192,
143.794,8412,8196,8200,
143.808,8356,8178,8177,
143.817,8318,8165,8174,
143.829,8312,8178,8185,
143.835,8323,8196,8187,
143.846,8276,8175,8185,
143.857,8318,8183,8200,
143.867,8122,8186,8161,
143.876,8139,8188,8174,
143.887,8155,8206,8174,
143.895,8179,8204,8174,
143.905,8227,8212,8182,
143.913,8254,8206,8180,
143.925,8301,8199,8190,
143.936,8326,8196,8187,
143.946,8342,8196,8190,
143.957,8364,8196,8185,
143.966,8366,8196,8192,
143.976,8379,8196,8195,
143.986,8379,8193,8190,
143.997,8385,8193,8195,
144.006,8379,8188,8187,
144.016,8347,8145,8177,
144.026,8342,8183,8187,
144.037,8361,8196,8190,
144.045,8353,8196,8192,
144.056,8356,8191,8190,
144.067,8342,8193,8190,
144.077,8353,8186,8192,
144.086,8345,8188,8185,
144.096,8331,8193,8190,
144.105,8342,8188,8192,
144.115,8337,8193,8187,
144.128,8337,8191,8190,
144.137,8350,8196,8190,
144.147,8334,8193,8192,
144.158,8345,8188,8190,
144.168,8353,8196,8187,
144.178,8345,8201,8190,
144.184,8323,8186,8180,
144.198,8345,8209,8185,
144.205,8265,8175,8177,
144.214,8208,8186,8174,
144.224,8214,8181,8177,
144.236,8268,8191,8185,
144.247,8301,8191,8187,
144.254,8318,8188,8187,
144.265,8326,8188,8185,
144.278,8320,8193,8190,
144.287,8318,8196,8187,
144.296,8323,8196,8190,
144.305,8331,8191,8190,
144.317,8342,8196,8187,
144.326,8353,8196,8190,
144.337,8358,8199,8198,
144.344,8361,8196,8190,
144.357,8353,8193,8190,
144.367,8337,8196,8187,
144.377,8347,8191,8192,
144.386,8353,8201,8187,
144.396,8310,8201,8185,
144.406,8252,8191,8172,
144.415,8171,8161,8172,
144.426,8174,8183,8172,
144.435,8198,8201,8177,
144.447,8219,8206,8177,
144.457,8227,8204,8180,
144.466,8225,8204,8174,
144.476,8230,8206,8180,
144.485,8225,8199,8180,
144.495,8217,8206,8182,
144.508,8208,8212,8172,
144.517,8185,8204,8180,
144.524,8168,8206,8177,
144.536,8163,8204,8185,
144.546,8152,8206,8174,
144.555,8144,8217,8174,
144.564,8152,8214,8177,
144.574,8128,8222,8180,
144.585,8097,8224,8172,
144.593,8085,8212,8169,
144.606,8028,8165,8172,
144.614,7937,8186,8174,
144.626,7972,8204,8182,
144.637,7988,8199,8172,
144.644,7995,8214,8180,
144.657,7988,8217,8177,
144.666,7978,8239,8177,
144.675,7961,8232,8177,
144.685,7915,8237,8169,
144.696,7909,8252,8185,
144.707,7875,8245,8163,
144.716,7835,8257,8177,
144.725,7832,8227,8169,
144.734,7818,8268,8169,
144.745,7791,8250,8174,
144.756,7832,8265,8172,
144.765,7832,8247,8180,
144.776,7807,8255,8177,
144.784,7760,8288,8163,
144.796,7746,8257,8169,
144.806,7715,8255,8163,
144.815,7581,8270,8177,
144.826,7627,8252,8167,
144.835,7632,8294,8163,
144.846,7696,8294,8180,
144.853,7674,8304,8167,
144.865,7705,8294,8172,
144.874,7649,8268,8172,
144.884,7676,8288,8177,
144.894,7694,8308,8185,
144.902,7715,8291,8174,
144.914,7676,8301,8174,
144.926,7676,8315,8172,
144.935,7715,8291,8177,
144.943,7733,8276,8177,
144.955,7729,8308,8180,
144.965,7735,8299,8177,
144.975,7682,8276,8177,
144.984,7713,8301,8174,
144.996,7726,8281,8180,
145.005,7702,8286,8174,
145.015,7616,8224,8174,
145.024,7644,8232,8167,
145.036,7765,8286,8169,
145.046,7738,8318,8167,
145.054,7796,8320,8167,
145.065,7781,8276,8187,
145.074,7807,8276,8180,
145.086,7787,8281,8172,
145.097,7824,8224,8174,
145.105,7824,8260,8154,
145.115,7865,8255,8161,
145.125,7812,8252,8169,
145.135,7801,8242,8177,
145.144,7835,8245,8172,
145.154,7840,8257,8172,
145.165,7818,8323,8172,
145.173,7807,8270,8172,
145.184,7838,8278,8172,
145.193,7846,8270,8174,
145.205,7801,8230,8177,
145.215,7699,8265,8172,
145.224,7726,8250,8180,
145.232,7784,8265,8174,
145.245,7820,8237,8180,
145.256,7824,8263,8174,
145.266,7818,8227,8169,
145.274,7851,8270,8172,
145.282,7832,8237,8172,
145.294,7796,8299,8172,
145.303,7848,8276,8167,
145.314,7835,8265,8163,
145.324,7815,8230,8169,
145.335,7851,8268,8174,
145.346,7832,8308,8161,
145.355,7835,8250,8182,
145.364,7804,8242,8169,
145.374,7840,8281,8177,
145.384,7843,8278,8174,
145.392,7835,8252,8177,
145.403,7771,8199,8174,
145.413,7694,8224,8180,
145.423,7757,8230,8177,
145.434,7773,8263,8172,
145.444,7812,8252,8180,
145.455,7809,8242,8177,
145.462,7796,8299,8177,
145.472,7824,8239,8180,
145.483,7824,8255,8177,
145.496,7815,8278,8167,
145.504,7838,8242,8185,
145.512,7824,8270,8180,
145.524,7901,8255,8185,
145.533,7857,8242,8149,
145.544,7857,8273,8185,
145.552,7865,8286,8167,
145.563,7854,8230,8185,
145.577,7895,8252,8174,
145.583,7873,8260,8185,
145.592,7884,8237,8172,
145.604,7854,8232,8177,
145.612,7768,8209,8177,
145.623,7829,8242,8174,
145.632,7881,8242,8177,
145.644,7889,8250,8169,
145.654,7909,8252,8169,
145.662,7926,8255,8157,
145.674,7940,8242,8174,
145.684,7918,8232,8187,
145.695,7951,8212,8177,
145.704,7972,8247,8174,
145.714,7970,8222,8174,
145.723,7978,8230,8167,
145.734,8000,8257,8163,
145.743,8020,8227,8169,
145.753,8037,8242,8182,
145.763,8045,8245,8174,
145.772,8085,8230,8177,
145.784,8106,8224,8169,
145.793,8141,8224,8180,
145.803,8144,8196,8174,
145.813,8122,8168,8174,
145.825,8182,8199,8177,
145.833,8214,8201,8185,
145.842,8241,8217,8177,
145.853,8265,8204,8185,
145.864,8307,8199,8190,
145.873,8342,8204,8192,
145.882,8390,8199,8198,
145.896,8420,8193,8203,
145.904,8458,8188,8200,
145.912,8495,8183,8208,
145.924,8522,8181,8210,
145.935,8546,8183,8216,
145.943,8578,8173,8216,
145.952,8586,8173,8223,
145.964,8605,8173,8223,
145.973,8613,8170,8231,
145.982,8619,8168,8228,
145.994,8630,8173,8228,
146.004,8653,8168,8216,
146.014,8710,8175,8205,
146.025,8664,8170,8238,
146.033,8644,8173,8238,
146.044,8644,8170,8238,
146.053,8650,8168,8226,
146.063,8644,8170,8238,
146.073,8630,8170,8238,
146.082,8624,8173,8228,
146.092,8635,8168,8235,
146.104,8644,8173,8228,
146.111,8642,8173,8228,
146.124,8667,8168,8235,
146.133,8670,8170,8235,
146.143,8670,8168,8238,
146.153,8680,8170,8235,
146.161,8680,8173,8243,
146.172,8691,8173,8248,
146.184,8694,8170,8246,
146.194,8702,8165,8248,
146.203,8747,8173,8235,
146.215,8811,8173,8218,
146.223,8738,8170,8241,
146.233,8710,8170,8241,
146.246,8691,8173,8246,
146.255,8689,8168,8241,
146.262,8664,8173,8241,
146.272,8672,8165,8243,
146.283,8678,8175,8243,
146.294,8675,8173,8241,
146.303,8683,8170,8251,
146.314,8689,8173,8251,
146.324,8694,8173,8246,
146.332,8699,8168,8243,
146.342,8697,8173,8246,
146.352,8678,8173,8241,
146.363,8680,8170,8251,
146.372,8686,8173,8238,
146.382,8670,8170,8246,
146.393,8670,8165,8246,
146.403,8710,8170,8226,
146.412,8788,8175,8208,
146.424,8721,8170,8231,
146.432,8650,8173,8241,
146.444,8661,8168,8241,
146.452,8656,8168,8238,
146.462,8653,8175,8238,
146.471,8656,8173,8238,
146.481,8664,8168,8241,
146.49,8672,8175,8238,
146.504,8670,8165,8251,
146.51,8672,8170,8246,
146.522,8664,8170,8235,
146.531,8675,8173,8238,
146.543,8661,8168,8246,
146.551,8653,8175,8241,
146.562,8661,8170,8246,
146.573,8656,8173,8243,
146.582,8656,8170,8248,
146.594,8664,8170,8238,
146.6,8738,8173,8221,
146.613,8804,8168,8205,
146.623,8686,8170,8238,
146.631,8642,8170,8241,
146.642,8622,8168,8231,
146.65,8613,8170,8226,
146.662,8608,8170,8231,
146.673,8605,8168,8228,
146.682,8603,8168,8226,
146.694,8597,8170,8228,
146.703,8597,8168,8228,
146.711,8600,8170,8231,
146.725,8592,8168,8228,
146.73,8586,8173,8221,
146.743,8581,8170,8223,
146.752,8584,8173,8231,
146.761,8573,8173,8226,
146.772,8565,8168,8228,
146.78,8556,8170,8223,
146.794,8567,8170,8226,
146.804,8600,8173,8213,
146.812,8675,8170,8195,
146.82,8581,8170,8221,
146.833,8541,8170,8218,
146.843,8522,8173,8216,
146.853,8522,8168,8216,
146.863,8519,8168,8216,
146.873,8519,8168,8216,
146.883,8527,8168,8216,
146.895,8522,8173,8213,
146.901,8525,8170,8213,
146.912,8525,8173,8216,
146.923,8530,8170,8213,
146.932,8522,8173,8216,
146.94,8527,8173,8213,
146.953,8527,8173,8213,
146.962,8519,8170,8216,
146.974,8525,8173,8213,
146.982,8525,8173,8218,
146.99,8530,8170,8216,
147.001,8576,8168,8203,
147.013,8661,8137,8208,
147.021,8605,8170,8216,
147.032,8578,8168,8221,
147.042,8581,8170,8216,
147.052,8576,8170,8223,
147.062,8556,8173,8226,
147.072,8536,8170,8221,
147.081,8517,8170,8216,
147.093,8509,8173,8216,
147.102,8506,8173,8216,
147.111,8522,8170,8218,
147.122,8533,8170,8218,
147.133,8570,8168,8223,
147.142,8605,8173,8231,
147.15,8694,8170,8246,
147.162,8766,8173,8259,
147.173,8877,8168,8297,
147.183,8996,8165,8321,
147.192,9125,8173,8337,
147.202,9340,8170,8324,
147.214,9628,8173,8282,
147.22,9556,8170,8355,
147.233,9430,8173,8454,
147.239,9360,8168,8416,
147.251,9262,8173,8398,
147.263,9230,8170,8357,
147.272,9138,8173,8355,
147.283,9135,8170,8355,
147.293,9125,8173,8347,
147.303,9074,8173,8329,
147.313,9069,8170,8321,
147.323,9027,8170,8321,
147.329,9040,8170,8319,
147.341,9035,8173,8334,
147.351,9027,8170,8319,
147.361,9027,8170,8319,
147.372,8985,8170,8319,
147.381,8952,8168,8305,
147.389,8899,8170,8309,
147.4,9002,8165,8241,
147.41,9125,8173,8226,
147.423,9074,8170,8274,
147.431,9035,8173,8337,
147.441,8944,8173,8321,
147.452,8863,8173,8292,
147.464,8777,8175,8274,
147.472,8718,8170,8259,
147.481,8691,8170,8254,
147.49,8653,8170,8243,
147.501,8622,8168,8241,
147.509,8605,8170,8238,
147.522,8581,8173,8226,
147.532,8576,8168,8226,
147.542,8573,8168,8221,
147.551,8567,8168,8221,
147.56,8573,8170,8223,
147.571,8578,8170,8226,
147.581,8553,8161,8223,
147.591,8533,8168,8241,
147.601,8627,8159,8241,
147.611,8836,8168,8210,
147.621,8764,8170,8226,
147.632,8630,8168,8238,
147.64,8558,8173,8226,
147.651,8514,8173,8216,
147.66,8492,8173,8208,
147.67,8490,8170,8210,
147.679,8490,8173,8205,
147.69,8481,8173,8208,
147.701,8503,8175,8205,
147.71,8718,8204,8172,
147.721,8538,8122,8131,
147.73,8858,8227,8297,
147.74,8230,8096,8106,
147.749,8444,8124,8172,
147.761,8495,8183,8216,
147.771,8447,8173,8205,
147.78,8417,8175,8203,
147.792,8409,8178,8200,
147.802,8423,8173,8198,
147.811,8450,8165,8185,
147.821,8439,8175,8198,
147.831,8433,8170,8205,
147.84,8444,8175,8203,
147.85,8450,8175,8200,
147.859,8458,8173,8210,
147.871,8436,8148,8161,
147.88,8271,8137,8200,
147.89,8567,8308,8295,
147.902,8233,8173,8200,
147.912,8536,8076,8269,
147.923,8409,8191,8161,
147.932,8458,8165,8192,
147.94,8433,8181,8205,
147.951,8409,8181,8198,
147.961,8409,8178,8198,
147.968,8409,8181,8195,
147.98,8409,8183,8198,
147.989,8409,8183,8198,
148,8423,8175,8190,
148.011,8431,8165,8177,
148.02,8414,8175,8190,
148.028,8320,8168,8192,
148.04,8428,8188,8190,
148.051,8455,8199,8205,
148.06,8498,8214,8221,
148.072,8350,8206,8167,
148.082,8498,8161,8223,
148.091,8476,8183,8203,
148.101,8471,8173,8208,
148.109,8423,8183,8205,
148.12,8414,8178,8195,
148.13,8412,8181,8200,
148.139,8406,8181,8203,
148.15,8404,8183,8198,
148.161,8398,8181,8195,
148.172,8398,8181,8198,
148.178,8390,8191,8198,
148.192,8414,8204,8195,
148.201,8404,8204,8187,
148.21,8412,8161,8167,
148.219,8377,8206,8210,
148.23,8431,8206,8205,
148.24,8329,8188,8187,
148.249,8436,8201,8210,
148.26,8409,8165,8210,
148.271,8530,8191,8218,
148.282,8433,8178,8198,
148.292,8396,8183,8198,
148.299,8379,8188,8195,
148.31,8379,8183,8192,
148.321,8382,8186,8198,
148.33,8382,8186,8195,
148.341,8387,8186,8192,
148.35,8385,8183,8198,
148.362,8387,8186,8195,
148.369,8372,8212,8205,
148.381,8304,8196,8192,
148.39,8377,8173,8200,
148.4,8296,8193,8185,
148.408,8283,8155,8187,
148.419,8271,8161,8216,
148.431,8417,8161,8216,
148.439,8331,8204,8161,
148.451,8390,8188,8174,
148.459,8436,8173,8198,
148.468,8377,8186,8192,
148.478,8353,8188,8192,
148.487,8353,8186,8192,
148.498,8356,8186,8187,
148.51,8364,8188,8192,
148.521,8364,8188,8195,
148.53,8369,8191,8195,
148.54,8364,8188,8192,
148.548,8366,8186,8187,
148.559,8350,8186,8185,
148.571,8366,8196,8187,
148.578,8393,8193,8192,
148.59,8299,8199,8187,
148.599,8358,8191,8198,
148.611,8353,8168,8167,
148.622,8233,8161,8136,
148.628,8412,8137,8192,
148.642,8425,8183,8205,
148.648,8377,8183,8190,
148.658,8356,8186,8192,
148.67,8353,8191,8190,
148.682,8353,8193,8190,
148.688,8347,8193,8192,
148.699,8345,8193,8190,
148.709,8350,8186,8192,
148.719,8356,8193,8190,
148.731,8356,8191,8195,
148.74,8361,8188,8192,
148.75,8369,8193,8195,
148.759,8372,8193,8192,
148.771,8385,8188,8195,
148.78,8387,8193,8195,
148.789,8385,8181,8195,
148.8,8396,8181,8190,
148.808,8396,8155,8180,
148.82,8393,8188,8190,
148.83,8409,8178,8198,
148.84,8409,8183,8195,
148.849,8390,8186,8195,
148.86,8372,8186,8195,
148.868,8366,8183,8192,
148.88,8369,8186,8195,
148.89,8372,8186,8195,
148.899,8366,8188,8190,
148.91,8366,8186,8198,
148.92,8364,8183,8195,
148.93,8364,8188,8192,
148.941,8356,8186,8192,
148.949,8353,8188,8192,
148.96,8347,8193,8195,
148.971,8353,8186,8190,
148.979,8353,8188,8190,
148.988,8364,8193,8195,
148.998,8385,8181,8195,
149.009,8372,8142,8182,
149.018,8366,8178,8198,
149.029,8377,8183,8200,
149.038,8372,8183,8195,
149.047,8379,8186,8198,
149.057,8372,8183,8198,
149.069,8366,8186,8192,
149.078,8361,8186,8192,
149.09,8347,8191,8190,
149.099,8347,8188,8192,
149.111,8350,8186,8195,
149.117,8347,8191,8195,
149.13,8356,8191,8195,
149.139,8350,8196,8190,
149.147,8334,8186,8195,
149.158,8385,8199,8200,
149.169,8364,8193,8185,
149.181,8433,8183,8203,
149.191,8428,8181,8200,
149.2,8404,8181,8187,
149.21,8364,8145,8187,
149.22,8339,8173,8190,
149.23,8339,8186,8192,
149.241,8347,8183,8192,
149.25,8347,8188,8192,
149.261,8347,8188,8195,
149.271,8353,8188,8192,
149.28,8353,8186,8192,
149.289,8347,8188,8190,
149.299,8350,8188,8192,
149.309,8361,8191,8190,
149.319,8353,8193,8192,
149.328,8361,8193,8190,
149.34,8331,8183,8190,
149.347,8369,8188,8198,
149.358,8387,8199,8195,
149.366,8406,8178,8203,
149.379,8433,8186,8203,
149.389,8409,8191,8198,
149.4,8385,8181,8190,
149.412,8353,8142,8174,
149.419,8339,8181,8190,
149.428,8337,8186,8185,
149.439,8345,8191,8190,
149.448,8347,8191,8190,
149.461,8345,8188,8187,
149.468,8350,8188,8192,
149.478,8347,8193,8190,
149.487,8350,8188,8187,
149.498,8353,8193,8190,
149.508,8358,8191,8190,
149.518,8353,8191,8192,
149.529,8364,8193,8185,
149.538,8361,8183,8195,
149.547,8423,8181,8198,
149.558,8428,8191,8195,
149.57,8420,8188,8203,
149.578,8385,8188,8195,
149.587,8379,8188,8195,
149.598,8366,8186,8185,
149.608,8350,8140,8177,
149.619,8331,8178,8185,
149.627,8337,8186,8190,
149.638,8347,8186,8192,
149.648,8347,8186,8190,
149.659,8339,8188,8187,
149.667,8347,8186,8187,
149.677,8358,8188,8190,
149.687,8358,8188,8195,
149.698,8358,8186,8190,
149.707,8369,8191,8190,
149.718,8369,8188,8198,
149.728,8358,8183,8190,
149.739,8442,8181,8200,
149.748,8442,8181,8203,
149.756,8406,8183,8195,
149.767,8385,8191,8198,
149.778,8385,8188,8195,
149.788,8372,8186,8192,
149.798,8364,8186,8187,
149.81,8337,8159,8174,
149.817,8320,8183,8190,
149.827,8320,8188,8182,
149.839,8323,8191,8190,
149.849,8320,8191,8187,
149.86,8329,8193,8190,
149.866,8326,8196,8190,
149.879,8323,8188,8190,
149.887,8350,8201,8190,
149.898,8329,8183,8198,
149.908,8377,8193,8203,
149.92,8372,8199,8198,
149.927,8393,8183,8203,
149.938,8396,8196,8198,
149.95,8398,8186,8195,
149.96,8369,8191,8195,
149.967,8358,8183,8190,
149.979,8361,8193,8195,
149.99,8358,8191,8190,
149.997,8347,8186,8180,
150.007,8329,8150,8174,
150.019,8326,8183,8192,
150.028,8326,8188,8190,
150.037,8342,8191,8192,
150.05,8345,8193,8192,
150.056,8347,8188,8195,
150.068,8353,8193,8190,
150.078,8358,8191,8195,
150.089,8345,8193,8190,
150.099,8356,8199,8198,
150.113,8366,8186,8195,
150.118,8387,8201,8195,
150.128,8409,8186,8200,
150.135,8428,8188,8200,
150.147,8390,8186,8198,
150.16,8372,8191,8198,
150.168,8364,8188,8195,
150.178,8364,8193,8192,
150.188,8361,8191,8195,
150.198,8353,8178,8185,
150.208,8331,8161,8180,
150.219,8318,8183,8192,
150.228,8310,8183,8190,
150.237,8326,8188,8185,
150.245,8334,8191,8187,
150.256,8334,8191,8187,
150.267,8337,8191,8195,
150.276,8339,8191,8185,
150.288,8350,8188,8192,
150.298,8353,8191,8190,
150.308,8358,8193,8190,
150.316,8358,8196,8187,
150.328,8379,8186,8187,
150.336,8412,8188,8198,
150.346,8420,8186,8198,
150.357,8393,8186,8192,
150.366,8372,8191,8190,
150.376,8364,8188,8195,
150.385,8353,8186,8190,
150.396,8342,8186,8187,
150.407,8318,8155,8177,
150.417,8307,8183,8185,
150.426,8307,8193,8187,
150.437,8318,8188,8192,
150.449,8320,8188,8190,
150.457,8323,8193,8187,
150.468,8329,8196,8187,
150.477,8331,8196,8185,
150.486,8369,8193,8195,
150.497,8379,8188,8198,
150.509,8393,8186,8195,
150.515,8387,8193,8195,
150.528,8369,8193,8190,
150.536,8364,8193,8192,
150.547,8364,8193,8190,
150.557,8358,8193,8195,
150.568,8353,8191,8192,
150.576,8350,8193,8190,
150.586,8358,8186,8185,
150.597,8350,8181,8185,
150.607,8331,8155,8172,
150.617,8342,8178,8187,
150.628,8331,8183,8192,
150.636,8347,8186,8192,
150.647,8345,8186,8187,
150.658,8358,8186,8190,
150.668,8366,8186,8195,
150.676,8358,8193,8190,
150.688,8366,8186,8190,
150.697,8369,8186,8195,
150.707,8366,8191,8195,
150.715,8369,8188,8190,
150.727,8361,8188,8190,
150.737,8356,8193,8190,
150.746,8356,8193,8190,
150.757,8356,8193,8195,
150.765,8358,8186,8192,
150.777,8353,8191,8190,
150.786,8345,8191,8192,
150.796,8339,8183,8190,
150.807,8307,8150,8180,
150.816,8291,8175,8182,
150.825,8299,8186,8187,
150.837,8320,8188,8182,
150.845,8329,8196,8187,
150.856,8329,8191,8185,
150.868,8337,8191,8190,
150.876,8337,8193,8190,
150.886,8339,8193,8190,
150.896,8342,8191,8190,
150.905,8347,8193,8190,
150.919,8350,8191,8192,
150.929,8353,8191,8190,
150.938,8356,8188,8192,
150.945,8350,8193,8187,
150.96,8347,8196,8190,
150.969,8345,8191,8190,
150.975,8342,8193,8190,
150.986,8345,8193,8187,
150.995,8347,8186,8187,
151.006,8318,8153,8174,
151.015,8318,8181,8187,
151.027,8326,8188,8187,
151.036,8337,8186,8187,
151.046,8342,8193,8192,
151.056,8345,8191,8190,
151.065,8347,8196,8190,
151.079,8347,8193,8190,
151.086,8345,8193,8190,
151.096,8350,8191,8192,
151.106,8339,8191,8190,
151.118,8342,8193,8190,
151.127,8323,8196,8187,
151.137,8312,8201,8190,
151.148,8301,8199,8185,
151.158,8304,8199,8185,
151.164,8312,8201,8195,
151.177,8312,8199,8187,
151.187,8326,8199,8192,
151.195,8323,8193,8185,
151.207,8307,8155,8174,
151.217,8310,8178,8190,
151.228,8323,8178,8182,
151.238,8331,8191,8192,
151.243,8331,8191,8190,
151.254,8339,8191,8187,
151.267,8345,8196,8190,
151.276,8342,8196,8190,
151.287,8345,8193,8190,
151.296,8350,8193,8187,
151.305,8345,8191,8187,
151.317,8337,8199,8192,
151.327,8329,8196,8187,
151.335,8331,8193,8187,
151.347,8342,8191,8190,
151.358,8353,8188,8190,
151.365,8350,8191,8192,
151.376,8358,8193,8190,
151.386,8350,8193,8195,
151.395,8345,8186,8185,
151.408,8320,8168,8174,
151.415,8310,8178,8185,
151.427,8315,8183,8187,
151.436,8318,8186,8187,
151.445,8329,8191,8187,
151.455,8331,8193,8187,
151.468,8326,8193,8187,
151.474,8326,8193,8187,
151.489,8323,8193,8190,
151.495,8315,8193,8185,
151.507,8320,8199,8190,
151.516,8331,8196,8187,
151.524,8342,8196,8192,
151.538,8353,8196,8192,
151.547,8353,8193,8185,
151.556,8356,8191,8192,
151.565,8356,8193,8190,
151.577,8353,8193,8187,
151.585,8347,8193,8190,
151.596,8339,8186,8185,
151.606,8315,8142,8182,
151.615,8299,8183,8185,
151.624,8310,8188,8187,
151.635,8323,8193,8190,
151.646,8329,8193,8187,
151.655,8329,8196,8192,
151.665,8320,8193,8187,
151.677,8315,8196,8190,
151.685,8310,8193,8187,
151.694,8318,8193,8187,
151.704,8326,8196,8187,
151.716,8334,8196,8192,
151.727,8337,8193,8190,
151.736,8339,8196,8187,
151.746,8345,8199,8190,
151.753,8347,8199,8192,
151.764,8347,8193,8190,
151.776,8339,8199,8192,
151.786,8337,8193,8192,
151.797,8331,8165,8182,
151.804,8301,8153,8180,
151.815,8296,8183,8187,
151.826,8301,8193,8187,
151.835,8307,8188,8192,
151.844,8304,8193,8187,
151.855,8304,8193,8192,
151.867,8301,8196,8182,
151.874,8323,8199,8190,
151.882,8331,8199,8190,
151.893,8339,8196,8190,
151.906,8347,8196,8192,
151.915,8356,8188,8190,
151.924,8356,8191,8190,
151.935,8356,8196,8190,
151.945,8358,8196,8195,
151.957,8356,8191,8192,
151.966,8345,8191,8190,
151.974,8347,8193,8195,
151.985,8347,8193,8190,
151.995,8331,8181,8182,
152.004,8304,8155,8174,
152.014,8285,8175,8180,
152.024,8301,8183,8190,
152.033,8310,8191,8190,
152.045,8307,8191,8187,
152.054,8304,8196,8187,
152.064,8304,8193,8185,
152.077,8296,8199,8185,
152.085,8293,8196,8182,
152.094,8293,8199,8190,
152.104,8293,8201,8185,
152.115,8299,8199,8182,
152.125,8304,8201,8185,
152.136,8301,8204,8187,
152.146,8304,8201,8187,
152.154,8299,8201,8187,
152.165,8301,8201,8185,
152.176,8291,8199,8185,
152.183,8296,8201,8187,
152.196,8279,8193,8177,
152.206,8235,8159,8172,
152.215,8230,8188,8177,
152.224,8219,8191,8172,
152.233,8225,8209,8180,
152.246,8195,8204,8177,
152.255,8150,8219,8172,
152.263,8144,8219,8172,
152.274,8061,8214,8185,
152.284,7995,8209,8174,
152.295,7929,8239,8167,
152.304,7881,8255,8172,
152.313,7835,8268,8180,
152.323,7733,8294,8180,
152.336,7679,8308,8177,
152.346,7629,8268,8167,
152.355,7544,8357,8180,
152.363,7487,8338,8161,
152.375,7444,8344,8163,
152.386,7366,8291,8177,
152.394,7280,8291,8174,
152.404,7155,8308,8174,
152.415,7215,8341,8169,
152.425,7207,8431,8174,
152.434,7260,8375,8172,
152.443,7293,8333,8180,
152.453,7282,8357,8169,
152.465,7221,8397,8180,
152.474,7249,8418,8180,
152.483,7194,8433,8163,
152.493,7331,8431,8169,
152.503,7243,8384,8169,
152.516,7235,8428,8187,
152.524,7301,8454,8185,
152.533,7215,8382,8195,
152.543,7282,8369,8177,
152.555,7296,8400,8163,
152.563,7221,8449,8163,
152.573,7366,8362,8172,
152.584,7277,8384,8163,
152.593,7188,8291,8177,
152.606,7077,8304,8180,
152.612,7130,8382,8172,
152.623,7114,8500,8190,
152.636,7160,8479,8161,
152.648,7196,8431,8187,
152.655,7183,8400,8169,
152.665,7221,8400,8177,
152.676,7196,8446,8174,
152.686,7221,8428,8190,
152.692,7307,8454,8174,
152.706,7296,8421,8169,
152.712,7265,8392,8167,
152.725,7371,8402,8177,
152.733,7331,8421,8169,
152.743,7323,8382,8167,
152.755,7368,8367,8177,
152.764,7376,8359,8174,
152.775,7312,8364,8169,
152.782,7336,8349,8169,
152.793,7299,8405,8198,
152.806,7188,8273,8180,
152.812,7257,8318,8174,
152.826,7326,8402,8185,
152.832,7274,8346,8174,
152.845,7406,8413,8161,
152.853,7290,8428,8177,
152.861,7343,8364,8163,
152.872,7379,8326,8177,
152.886,7420,8382,8192,
152.894,7343,8375,8174,
152.904,7312,8415,8147,
152.913,7351,8359,8174,
152.923,7343,8384,8174,
152.933,7393,8367,8180,
152.943,7312,8400,8169,
152.953,7336,8408,8177,
152.964,7312,8415,8177,
152.974,7336,8410,8180,
152.984,7288,8413,8198,
152.994,7202,8375,8180,
153.004,7085,8273,8154,
153.015,7100,8326,8163,
153.025,7147,8446,8167,
153.033,7171,8423,8174,
153.045,7166,8397,8163,
153.053,7188,8387,8144,
153.065,7223,8497,8149,
153.073,7233,8384,8163,
153.083,7265,8444,8177,
153.092,7265,8395,8177,
153.104,7304,8413,8187,
153.112,7433,8351,8182,
153.123,7336,8384,8169,
153.135,7506,8362,8139,
153.145,7500,8357,8167,
153.155,7516,8315,8180,
153.164,7583,8426,8174,
153.174,7597,8313,8172,
153.184,7629,8308,8180,
153.194,7525,8265,8174,
153.203,7406,8209,8163,
153.213,7433,8310,8169,
153.224,7444,8326,8172,
153.233,7398,8359,8174,
153.244,7412,8351,8182,
153.253,7473,8354,8180,
153.261,7541,8364,8172,
153.274,7476,8369,8174,
153.284,7495,8328,8172,
153.295,7481,8362,8154,
153.304,7550,8359,8172,
153.315,7553,8308,8180,
153.321,7629,8310,8174,
153.33,7668,8331,8177,
153.343,7771,8286,8174,
153.355,7793,8294,8174,
153.365,7820,8263,8177,
153.373,7870,8268,8163,
153.385,7983,8260,8169,
153.394,8007,8204,8180,
153.405,8053,8181,8182,
153.416,8222,8252,8185,
153.425,8318,8224,8187,
153.432,8461,8204,8208,
153.443,8589,8181,8221,
153.453,8675,8173,8228,
153.463,8725,8170,8251,
153.472,8761,8170,8256,
153.482,8764,8170,8254,
153.494,8761,8165,8261,
153.503,8811,8175,8251,
153.513,8788,8168,8274,
153.524,8799,8173,8269,
153.533,8802,8168,8272,
153.542,8819,8168,8277,
153.553,8827,8175,8264,
153.562,8824,8170,8277,
153.572,8819,8175,8272,
153.585,8830,8175,8272,
153.594,8899,8170,8243,
153.602,8993,8168,8213,
153.611,8863,8170,8261,
153.622,8827,8168,8266,
153.634,8799,8173,8274,
153.643,8799,8173,8264,
153.651,8811,8175,8277,
153.664,8804,8170,8274,
153.674,8827,8173,8269,
153.682,8839,8168,8266,
153.692,8852,8173,8274,
153.702,8855,8165,8279,
153.712,8866,8173,8282,
153.722,8850,8168,8282,
153.731,8822,8173,8277,
153.744,8777,8165,8277,
153.753,8769,8168,8261,
153.762,8741,8173,8256,
153.773,8730,8170,8256,
153.782,8725,8170,8251,
153.791,8772,8168,8223,
153.803,8844,8168,8213,
153.812,8741,8170,8251,
153.821,8710,8173,8243,
153.831,8689,8170,8254,
153.841,8686,8168,8246,
153.854,8678,8170,8241,
153.862,8661,8170,8246,
153.873,8670,8165,8243,
153.884,8659,8168,8243,
153.893,8675,8168,8243,
153.901,8689,8170,8248,
153.912,8702,8173,8254,
153.921,8725,8168,8248,
153.932,8730,8168,8256,
153.941,8750,8168,8264,
153.953,8764,8173,8261,
153.962,8766,8170,8259,
153.972,8774,8170,8261,
153.982,8783,8173,8256,
153.993,8860,8165,8235,
154.002,8963,8173,8205,
154.012,8858,8173,8248,
154.02,8796,8168,8269,
154.032,8761,8173,8269,
154.043,8721,8170,8261,
154.052,8716,8165,8254,
154.061,8713,8165,8246,
154.072,8710,8170,8248,
154.082,8707,8165,8251,
154.094,8725,8170,8256,
154.101,8721,8170,8248,
154.111,8710,8173,8256,
154.123,8694,8170,8248,
154.132,8683,8170,8243,
154.14,8644,8168,8241,
154.152,8630,8170,8241,
154.161,8616,8170,8231,
154.171,8624,8170,8231,
154.182,8644,8170,8231,
154.192,8716,8173,8216,
154.202,8847,8173,8203,
154.214,8799,8170,8226,
154.222,8699,8175,8248,
154.231,8680,8173,8246,
154.243,8683,8168,8243,
154.252,8670,8170,8243,
154.261,8661,8168,8231,
154.27,8647,8173,8235,
154.282,8659,8170,8238,
154.294,8656,8173,8241,
154.303,8632,8170,8231,
154.311,8635,8170,8241,
154.321,8624,8170,8231,
154.332,8622,8170,8238,
154.344,8605,8170,8231,
154.352,8597,8170,8226,
154.361,8586,8168,8228,
154.373,8586,8168,8226,
154.382,8581,8165,8221,
154.391,8639,8168,8205,
154.402,8713,8175,8190,
154.412,8656,8168,8213,
154.421,8576,8170,8218,
154.431,8562,8170,8223,
154.439,8562,8170,8221,
154.45,8558,8168,8223,
154.46,8538,8173,8221,
154.473,8541,8170,8216,
154.481,8546,8170,8221,
154.491,8546,8170,8218,
154.501,8544,8168,8218,
154.509,8541,8170,8221,
154.521,8541,8170,8221,
154.532,8549,8168,8223,
154.543,8541,8170,8221,
154.551,8544,8170,8221,
154.561,8541,8170,8218,
154.57,8541,8170,8216,
154.58,8544,8170,8213,
154.591,8594,8170,8205,
154.601,8675,8170,8192,
154.61,8592,8170,8210,
154.621,8538,8168,8216,
154.631,8525,8168,8210,
154.642,8517,8170,8213,
154.652,8509,8170,8218,
154.661,8511,8170,8213,
154.671,8517,8168,8210,
154.682,8511,8168,8216,
154.691,8506,8173,8213,
154.702,8514,8168,8208,
154.711,8511,8170,8213,
154.721,8509,8168,8213,
154.731,8509,8170,8210,
154.74,8506,8168,8213,
154.752,8498,8173,8213,
154.762,8498,8173,8208,
154.772,8498,8175,8208,
154.781,8500,8170,8213,
154.792,8517,8165,8203,
154.802,8533,8161,8182,
154.812,8487,8165,8195,
154.82,8476,8175,8203,
154.831,8479,8173,8208,
154.842,8484,8173,8205,
154.85,8481,8170,8208,
154.864,8481,8175,8205,
154.87,8481,8175,8205,
154.88,8481,8170,8205,
154.891,8484,8173,8208,
154.904,8481,8173,8208,
154.91,8487,8175,8205,
154.921,8476,8175,8208,
154.932,8476,8173,8208,
154.944,8471,8175,8205,
154.952,8473,8175,8205,
154.962,8473,8178,8208,
154.97,8471,8173,8208,
154.981,8471,8173,8205,
154.99,8487,8170,8195,
154.999,8492,8165,8187,
155.01,8455,8173,8200,
155.023,8444,8175,8205,
155.033,8442,8173,8203,
155.04,8444,8175,8203,
155.053,8444,8175,8205,
155.06,8444,8175,8205,
155.072,8447,8175,8208,
155.081,8444,8178,8208,
155.092,8447,8175,8203,
155.102,8450,8175,8203,
155.111,8452,8175,8200,
155.121,8444,8178,8205,
155.13,8439,8178,8200,
155.143,8431,8178,8200,
155.153,8425,8181,8200,
155.163,8420,8178,8200,
155.169,8414,8181,8200,
155.181,8417,8183,8200,
155.192,8406,8175,8192,
155.203,8393,8165,8180,
155.209,8356,8173,8192,
155.222,8342,8178,8195,
155.229,8329,8186,8187,
155.243,8312,8186,8187,
155.25,8312,8188,8187,
155.261,8304,8191,8185,
155.272,8307,8193,8182,
155.282,8318,8196,8187,
155.289,8329,8193,8190,
155.299,8345,8191,8187,
155.31,8361,8193,8190,
155.32,8379,8188,8190,
155.331,8387,8191,8192,
155.341,8390,8193,8195,
155.35,8390,8191,8192,
155.361,8393,8191,8198,
155.372,8396,8186,8195,
155.381,8396,8186,8195,
155.39,8396,8183,8190,
155.401,8385,8175,8177,
155.412,8369,8175,8190,
155.422,8379,8178,8192,
155.432,8385,8186,8198,
155.443,8387,8186,8195,
155.451,8387,8183,8200,
155.46,8385,8183,8195,
155.469,8379,8186,8195,
155.479,8379,8188,8200,
155.49,8377,8186,8198,
155.5,8379,8186,8198,
155.51,8382,8188,8198,
155.521,8372,8188,8195,
155.53,8377,8188,8198,
155.54,8377,8191,8195,
155.55,8377,8188,8195,
155.561,8377,8188,8192,
155.57,8372,8191,8192,
155.578,8372,8188,8195,
155.59,8364,8181,8185,
155.6,8339,8159,8177,
155.61,8331,8181,8192,
155.62,8342,8178,8185,
155.63,8345,8186,8187,
155.639,8345,8188,8190,
155.648,8345,8193,8192,
155.661,8339,8186,8190,
155.671,8337,8188,8192,
155.679,8339,8193,8192,
155.69,8345,8193,8192,
155.701,8342,8191,8190,
155.713,8342,8193,8190,
155.72,8347,8191,8190,
155.731,8350,8193,8190,
155.741,8353,8191,8190,
155.75,8350,8193,8192,
155.759,8353,8188,8195,
155.767,8353,8193,8195,
155.778,8361,8191,8195,
155.79,8342,8186,8187,
155.801,8315,8178,8185,
155.809,8304,8181,8187,
155.82,8320,8186,8187,
155.831,8337,8193,8187,
155.841,8342,8191,8192,
155.849,8342,8193,8192,
155.861,8347,8193,8187,
155.871,8339,8193,8190,
155.88,8345,8188,8190,
155.889,8342,8193,8192,
155.898,8339,8201,8192,
155.91,8339,8193,8195,
155.918,8337,8193,8192,
155.929,8342,8191,8190,
155.941,8342,8193,8192,
155.95,8342,8193,8187,
155.96,8334,8196,8187,
155.969,8342,8196,8190,
155.978,8339,8193,8187,
155.991,8331,8193,8187,
156,8299,8161,8177,
156.01,8279,8178,8182,
156.019,8296,8188,8190,
156.029,8315,8199,8190,
156.039,8323,8191,8187,
156.049,8331,8193,8187,
156.059,8337,8193,8190,
156.067,8339,8193,8190,
156.08,8342,8191,8187,
156.089,8347,8193,8190,
156.1,8350,8191,8192,
156.11,8350,8191,8190,
156.12,8353,8191,8190,
156.129,8350,8196,8187,
156.14,8353,8186,8192,
156.151,8356,8199,8195,
156.162,8356,8196,8190,
156.169,8353,8191,8192,
156.179,8358,8188,8190,
156.188,8342,8191,8187,
156.199,8318,8161,8180,
156.209,8304,8183,8185,
156.221,8315,8183,8190,
156.227,8323,8188,8192,
156.238,8331,8191,8190,
156.247,8337,8196,8190,
156.259,8337,8193,8192,
156.269,8345,8193,8190,
156.276,8342,8193,8187,
156.29,8339,8193,8187,
156.299,8347,8191,8192,
156.31,8342,8193,8185,
156.32,8350,8191,8192,
156.33,8347,8193,8190,
156.34,8347,8196,8190,
156.349,8347,8196,8192,
156.361,8347,8193,8190,
156.369,8350,8196,8190,
156.378,8353,8199,8192,
156.392,8339,8183,8187,
156.4,8310,8140,8174,
156.411,8310,8183,8185,
156.417,8320,8181,8185,
156.43,8326,8196,8190,
156.442,8326,8196,8190,
156.448,8301,8193,8185,
156.459,8299,8204,8187,
156.469,8310,8196,8187,
156.48,8315,8193,8185,
156.489,8315,8199,8185,
156.499,8318,8196,8187,
156.509,8299,8201,8187,
156.519,8283,8201,8182,
156.528,8283,8204,8185,
156.538,8283,8201,8185,
156.548,8283,8199,8185,
156.559,8296,8201,8185,
156.567,8296,8201,8185,
156.58,8299,8201,8180,
156.588,8279,8142,8174,
156.601,8249,8183,8174,
156.61,8254,8186,8182,
156.621,8263,8196,8180,
156.629,8283,8191,8185,
156.639,8283,8193,8185,
156.649,8283,8199,8182,
156.658,8283,8199,8177,
156.668,8276,8199,8182,
156.679,8283,8196,8182,
156.688,8283,8204,8182,
156.698,8283,8201,8185,
156.707,8283,8201,8185,
156.72,8283,8201,8185,
156.732,8283,8206,8185,
156.738,8283,8201,8185,
156.75,8279,8206,8182,
156.76,8276,8201,8185,
156.768,8273,8204,8177,
156.78,8268,8206,8187,
156.787,8238,8188,8180,
156.799,8198,8161,8174,
156.809,8208,8196,8180,
156.821,8206,8199,8182,
156.827,8203,8201,8177,
156.839,8200,8209,8180,
156.849,8185,8209,8180,
156.857,8168,8206,8169,
156.869,8166,8214,8177,
156.879,8163,8206,8180,
156.889,8166,8219,8169,
156.899,8163,8214,8177,
156.909,8155,8214,8174,
156.917,8155,8219,8174,
156.928,8160,8217,8174,
156.938,8168,8217,8169,
156.947,8179,8206,8174,
156.957,8158,8206,8174,
156.967,8141,8222,8172,
156.979,8155,8217,8174,
156.99,8155,8168,8177,
156.998,8069,8183,8172,
157.006,8061,8209,8169,
157.018,8061,8217,8174,
157.027,8050,8224,8174,
157.036,8058,8209,8185,
157.047,8053,8217,8177,
157.058,8053,8227,8174,
157.066,8037,8224,8177,
157.08,8031,8247,8177,
157.086,8028,8222,8169,
157.097,8028,8217,8177,
157.109,8042,8242,8169,
157.119,8007,8227,8167,
157.128,8020,8230,8163,
157.137,8015,8247,8167,
157.148,8009,8232,8180,
157.158,7991,8232,8169,
157.168,7986,8219,8172,
157.176,8000,8232,8180,
157.187,7956,8193,8169,
157.199,7857,8230,8172,
157.207,7870,8219,8180,
157.216,7940,8232,8182,
157.227,7932,8255,8172,
157.239,7926,8242,8163,
157.247,7934,8250,8169,
157.259,7923,8260,8169,
157.267,7921,8265,8172,
157.279,7942,8247,8182,
157.289,7915,8283,8177,
157.295,7915,8255,8180,
157.308,7918,8242,8161,
157.317,7921,8237,8172,
157.328,7948,8245,8177,
157.337,7909,8257,8172,
157.348,7940,8257,8177,
157.357,7923,8270,8169,
157.367,7923,8217,8172,
157.377,7906,8260,8163,
157.387,7893,8219,8163,
157.397,7807,8206,8174,
157.406,7829,8239,8169,
157.419,7875,8250,8182,
157.426,7878,8193,8172,
157.438,7901,8268,8163,
157.446,7898,8232,8182,
157.46,7893,8237,8169,
157.467,7915,8242,8185,
157.477,7929,8245,8172,
157.489,7915,8230,8167,
157.497,7942,8270,8174,
157.509,7934,8304,8169,
157.518,7915,8265,8167,
157.528,7970,8239,8163,
157.537,7921,8255,8177,
157.546,7923,8222,8182,
157.556,7918,8232,8163,
157.567,7929,8237,8182,
157.577,7940,8232,8177,
157.588,7867,8260,8177,
157.596,7787,8214,8169,
157.605,7862,8242,8177,
157.616,7893,8283,8169,
157.628,7932,8242,8161,
157.637,7886,8263,8169,
157.647,7901,8224,8177,
157.657,7886,8224,8174,
157.668,7889,8245,8167,
157.677,7895,8224,8172,
157.687,7906,8239,8167,
157.697,7940,8239,8182,
157.706,7948,8239,8177,
157.719,7967,8263,8174,
157.725,7934,8219,8174,
157.737,7940,8250,8180,
157.748,7929,8239,8187,
157.758,7951,8278,8180,
157.768,7959,8260,8172,
157.776,7975,8214,8185,
157.787,7898,8150,8174,
157.797,7815,8209,8177,
157.809,7873,8242,8174,
157.817,7934,8237,8174,
157.827,7934,8219,8185,
157.836,7953,8232,8172,
157.847,7932,8222,8172,
157.857,7975,8247,8163,
157.866,7980,8245,8167,
157.876,7972,8239,8174,
157.887,7986,8252,8177,
157.896,8007,8239,8180,
157.906,7998,8242,8185,
157.917,7988,8263,8174,
157.926,7995,8257,8177,
157.936,8009,8260,8174,
157.945,7991,8230,8167,
157.958,8020,8250,8180,
157.966,7998,8212,8174,
157.978,8007,8237,8174,
157.986,7988,8209,8172,
157.996,7915,8201,8180,
158.007,7970,8204,8174,
158.014,7988,8239,8177,
158.028,8012,8247,8180,
158.038,8009,8265,8169,
158.047,8026,8245,8180,
158.056,8003,8222,8167,
158.065,8031,8217,8177,
158.076,8009,8232,8172,
158.087,8007,8247,8167,
158.099,8020,8230,8174,
158.105,8034,8212,8174,
158.117,8045,8252,8182,
158.126,8037,8230,8180,
158.138,8042,8224,8182,
158.145,8031,8237,8182,
158.155,8058,8227,8177,
158.168,8061,8219,8187,
158.178,8047,8242,8174,
158.188,8028,8206,8190,
158.194,7961,8175,8182,
158.206,7995,8212,8177,
158.215,8053,8186,8174,
158.226,8072,8204,8172,
158.236,8094,8204,8182,
158.247,8114,8217,8180,
158.259,8094,8214,8172,
158.266,8112,8232,8157,
158.275,8120,8209,8182,
158.286,8136,8217,8180,
158.296,8160,8206,8174,
158.307,8163,8204,8169,
158.317,8160,8239,8180,
158.325,8166,8217,8174,
158.336,8166,8214,8177,
158.345,8177,8214,8177,
158.357,8198,8217,8174,
158.366,8217,8214,8174,
158.376,8222,8212,8174,
158.386,8230,8161,8180,
158.397,8217,8159,8177,
158.406,8260,8193,8187,
158.414,8283,8196,8187,
158.426,8304,8193,8182,
158.437,8329,8196,8185,
158.447,8350,8193,8187,
158.459,8379,8196,8195,
158.465,8404,8193,8195,
158.476,8431,8188,8200,
158.485,8450,8191,8203,
158.494,8476,8183,8205,
158.507,8500,8181,8210,
158.516,8514,8183,8210,
158.528,8538,8178,8216,
158.536,8556,8175,8218,
158.547,8578,8170,8216,
158.556,8592,8173,8223,
158.564,8608,8170,8226,
158.574,8622,8170,8223,
158.585,8659,8165,8213,
158.596,8758,8178,8203,
158.607,8678,8173,8226,
158.615,8675,8168,8238,
158.626,8689,8173,8246,
158.636,8686,8170,8243,
158.647,8683,8170,8246,
158.653,8697,8170,8243,
158.665,8702,8170,8243,
158.678,8705,8168,8243,
158.685,8697,8168,8248,
158.694,8691,8168,8248,
158.707,8689,8170,8246,
158.716,8691,8170,8246,
158.725,8678,8175,8246,
158.737,8680,8175,8241,
158.747,8686,8170,8246,
158.756,8689,8173,8243,
158.766,8689,8173,8241,
158.774,8667,8170,8243,
158.785,8730,8168,8231,
158.795,8799,8175,8210,
158.805,8713,8178,8243,
158.816,8691,8170,8251,
158.826,8689,8173,8241,
158.836,8689,8170,8246,
158.846,8689,8170,8246,
158.854,8689,8168,8241,
158.865,8694,8165,8251,
158.877,8691,8170,8241,
158.884,8694,8165,8248,
158.894,8694,8168,8251,
158.906,8691,8168,8259,
158.915,8691,8173,8248,
158.926,8691,8170,8246,
158.938,8686,8173,8248,
158.945,8675,8170,8248,
158.954,8664,8168,8243,
158.965,8661,8165,8243,
158.976,8680,8170,8235,
158.985,8761,8165,8208,
158.996,8813,8173,8200,
159.005,8707,8175,8238,
159.016,8683,8170,8251,
159.026,8656,8170,8241,
159.035,8656,8173,8241,
159.044,8653,8170,8238,
159.056,8661,8165,8243,
159.067,8644,8168,8246,
159.077,8644,8170,8243,
159.084,8650,8165,8246,
159.098,8659,8170,8243,
159.103,8627,8173,8238,
159.114,8619,8170,8231,
159.124,8622,8173,8231,
159.134,8611,8168,8228,
159.146,8613,8170,8231,
159.156,8613,8170,8228,
159.167,8616,8170,8231,
159.173,8627,8170,8231,
159.184,8678,8170,8221,
159.194,8777,8170,8200,
159.207,8718,8170,8221,
159.214,8639,8173,8241,
159.223,8635,8173,8235,
159.234,8630,8173,8228,
159.245,8624,8170,8228,
159.252,8635,8168,8238,
159.268,8642,8168,8231,
159.278,8635,8170,8235,
159.284,8644,8168,8228,
159.295,8632,8170,8235,
159.305,8630,8170,8235,
159.317,8619,8170,8238,
159.326,8624,8170,8228,
159.337,8613,8170,8235,
159.344,8608,8170,8228,
159.354,8611,8170,8228,
159.364,8611,8175,8228,
159.377,8619,8175,8231,
159.384,8675,8175,8213,
159.395,8772,8175,8200,
159.404,8689,8175,8223,
159.415,8635,8175,8235,
159.423,8613,8170,8231,
159.434,8605,8173,8235,
159.445,8603,8173,8231,
159.455,8592,8175,8231,
159.466,8589,8173,8228,
159.473,8592,8170,8235,
159.485,8589,8170,8226,
159.497,8581,8173,8223,
159.506,8586,8170,8221,
159.512,8592,8170,8221,
159.525,8581,8170,8223,
159.535,8600,8168,8231,
159.547,8584,8170,8228,
159.554,8581,8170,8223,
159.565,8570,8170,8228,
159.577,8578,8170,8223,
159.584,8619,8168,8205,
159.595,8716,8173,8195,
159.605,8624,8170,8221,
159.613,8578,8170,8226,
159.624,8567,8168,8226,
159.636,8558,8170,8226,
159.642,8562,8170,8221,
159.655,8558,8170,8221,
159.665,8562,8168,8223,
159.674,8544,8170,8221,
159.685,8549,8165,8223,
159.695,8546,8168,8221,
159.704,8549,8168,8223,
159.717,8541,8168,8216,
159.723,8541,8168,8221,
159.733,8541,8170,8223,
159.745,8533,8170,8221,
159.754,8538,8170,8213,
159.765,8538,8170,8216,
159.775,8546,8170,8216,
159.782,8608,8173,8203,
159.793,8699,8175,8185,
159.805,8611,8170,8210,
159.814,8536,8173,8213,
159.824,8538,8170,8218,
159.836,8533,8170,8216,
159.844,8527,8170,8216,
159.858,8519,8170,8216,
159.865,8522,8173,8218,
159.874,8514,8173,8216,
159.885,8517,8170,8216,
159.894,8514,8170,8213,
159.903,8514,8170,8216,
159.914,8517,8168,8213,
159.924,8511,8170,8213,
159.935,8511,8170,8216,
159.945,8506,8173,8213,
159.955,8514,8170,8208,
159.963,8517,8170,8213,
159.974,8525,8170,8208,
159.984,8553,8165,8200,
159.993,8594,8168,8182,
160.005,8556,8168,8200,
160.014,8519,8170,8213,
160.023,8517,8170,8213,
160.036,8517,8168,8213,
160.044,8511,8175,8213,
160.054,8509,8168,8210,
160.066,8500,8173,8208,
160.074,8498,8170,8210,
160.083,8498,8173,8210,
160.094,8492,8170,8208,
160.105,8487,8173,8208,
160.111,8484,8170,8210,
160.124,8481,8173,8208,
160.135,8473,8170,8205,
160.144,8468,8170,8205,
160.152,8455,8175,8208,
160.163,8463,8175,8203,
160.172,8476,8175,8205,
160.185,8498,8170,8198,
160.191,8514,8168,8177,
160.202,8495,8175,8195,
160.215,8452,8175,8203,
160.225,8461,8175,8203,
160.233,8461,8175,8205,
160.243,8468,8173,8205,
160.252,8471,8173,8208,
160.264,8473,8173,8208,
160.274,8479,8173,8208,
160.283,8479,8170,8210,
160.293,8473,8173,8208,
160.306,8473,8175,8208,
160.313,8468,8175,8205,
160.323,8468,8175,8208,
160.333,8476,8173,8208,
160.343,8471,8175,8210,
160.354,8476,8175,8208,
160.362,8479,8175,8208,
160.375,8481,8175,8208,
160.383,8495,8173,8195,
160.395,8511,8168,8182,
160.403,8473,8175,8187,
160.413,8452,8175,8205,
160.423,8455,8175,8205,
160.435,8452,8175,8205,
160.443,8452,8173,8205,
160.452,8452,8173,8205,
160.465,8455,8175,8200,
160.472,8442,8178,8208,
160.485,8428,8178,8200,
160.491,8428,8178,8200,
160.502,8447,8175,8200,
160.514,8461,8178,8208,
160.524,8450,8175,8203,
160.532,8447,8178,8203,
160.543,8436,8178,8200,
160.554,8433,8178,8203,
160.562,8428,8181,8203,
160.573,8428,8181,8200,
160.584,8428,8181,8195,
160.593,8428,8165,8182,
160.603,8431,8175,8198,
160.614,8442,8178,8203,
160.622,8439,8178,8203,
160.633,8433,8181,8205,
160.642,8439,8175,8200,
160.653,8436,8178,8200,
160.662,8433,8178,8203,
160.677,8433,8178,8205,
160.682,8425,8181,8203,
160.694,8423,8178,8200,
160.703,8423,8181,8200,
160.714,8423,8178,8203,
160.722,8428,8181,8203,
160.733,8433,8178,8203,
160.743,8431,8181,8200,
160.754,8431,8181,8198,
160.762,8436,8178,8200,
160.772,8431,8181,8200,
160.783,8428,8178,8195,
160.792,8412,8170,8187,
160.804,8398,8175,8195,
160.813,8409,8175,8200,
160.823,8414,8175,8195,
160.832,8404,8181,8200,
160.842,8401,8181,8198,
160.854,8398,8178,8195,
160.865,8398,8181,8198,
160.873,8404,8181,8198,
160.884,8406,8181,8200,
160.893,8412,8183,8198,
160.901,8406,8183,8198,
160.913,8409,8183,8198,
160.925,8409,8183,8198,
160.933,8409,8183,8200,
160.944,8417,8181,8198,
160.952,8423,8183,8198,
160.963,8423,8186,8200,
160.971,8428,8183,8198,
160.983,8425,8175,8190,
160.994,8406,8161,8182,
161.001,8385,8175,8190,
161.014,8390,8175,8198,
161.023,8398,8181,8198,
161.033,8401,8181,8198,
161.043,8406,8178,8198,
161.052,8404,8181,8200,
161.064,8406,8183,8198,
161.073,8396,8186,8198,
161.082,8390,8183,8195,
161.093,8382,8186,8195,
161.103,8372,8186,8195,
161.113,8358,8188,8192,
161.123,8358,8191,8192,
161.132,8353,8191,8192,
161.142,8345,8193,8192,
161.151,8339,8191,8192,
161.162,8334,8191,8192,
161.173,8329,8191,8187,
161.184,8299,8188,8182,
161.193,8263,8155,8174,
161.203,8233,8183,8182,
161.212,8254,8191,8182,
161.221,8263,8193,8180,
161.233,8249,8196,8180,
161.242,8252,8196,8185,
161.253,8222,8199,8177,
161.262,8222,8204,8177,
161.272,8217,8206,8180,
161.284,8200,8212,8174,
161.293,8192,8206,8177,
161.301,8179,8214,8182,
161.31,8174,8206,8174,
161.321,8171,8206,8172,
161.331,8168,8222,8180,
161.343,8168,8214,8180,
161.354,8163,8206,8177,
161.36,8152,8219,8172,
161.373,8144,8212,8174,
161.382,8128,8150,8172,
161.393,8026,8183,8152,
161.403,8045,8201,8169,
161.411,8109,8217,8177,
161.423,8117,8232,8172,
161.434,8101,8212,8177,
161.44,8103,8212,8180,
161.45,8112,8224,8167,
161.463,8114,8230,8172,
161.472,8094,8219,8172,
161.483,8092,8219,8172,
161.494,8074,8212,8174,
161.503,8061,8219,8172,
161.512,8061,8222,8172,
161.524,8064,8212,8174,
161.532,8053,8219,8177,
161.544,8000,8222,8174,
161.552,7975,8222,8177,
161.561,7995,8212,8174,
161.572,7986,8252,8172,
161.582,7940,8153,8161,
161.592,7840,8168,8180,
161.601,7867,8224,8169,
161.613,7937,8242,8172,
161.622,7951,8239,8174,
161.632,7972,8255,8172,
161.641,7975,8222,8174,
161.651,7975,8199,8182,
161.66,7978,8242,8172,
161.673,7988,8199,8180,
161.679,8003,8232,8169,
161.69,8000,8222,8172,
161.703,8034,8242,8177,
161.711,8042,8239,8174,
161.723,8034,8247,8169,
161.733,8058,8237,8182,
161.741,8037,8232,8172,
161.752,8026,8214,8174,
161.761,8015,8224,8177,
161.772,8003,8199,8169,
161.781,7953,8170,8169,
161.791,7846,8204,8169,
161.801,7898,8224,8180,
161.811,7983,8232,8177,
161.822,7986,8237,8185,
161.829,7995,8219,8169,
161.842,8009,8232,8167,
161.849,8003,8227,8174,
161.862,8015,8214,8174,
161.87,8007,8224,8169,
161.882,8009,8230,8185,
161.893,8028,8227,8180,
161.9,8039,8245,8172,
161.912,8066,8230,8177,
161.919,8064,8227,8185,
161.931,8077,8227,8185,
161.941,8080,8214,8167,
161.951,8064,8250,8174,
161.963,8042,8217,8180,
161.973,8061,8214,8177,
161.979,8018,8193,8177,
161.991,7926,8183,8169,
162.003,7967,8206,8174,
162.01,8012,8222,8174,
162.024,8007,8227,8172,
162.031,8003,8245,8172,
162.042,8000,8237,8172,
162.051,8009,8247,8174,
162.062,8009,8237,8172,
162.069,8028,8239,8182,
162.082,8009,8257,8174,
162.091,8020,8222,8182,
162.103,8018,8224,8172,
162.111,8028,8209,8180,
162.123,8047,8219,8163,
162.129,8077,8230,8180,
162.143,8050,8217,8169,
162.151,8058,8204,8180,
162.16,8055,8237,8169,
162.17,8042,8212,8182,
162.179,7998,8255,8177,
162.191,7906,8196,8174,
162.2,7961,8209,8182,
162.212,8015,8247,8167,
162.222,8058,8214,8172,
162.232,8031,8219,8163,
162.241,8012,8217,8167,
162.25,8037,8214,8169,
162.26,8053,8222,8177,
162.269,8042,8232,8177,
162.281,8045,8239,8167,
162.292,8061,8219,8185,
162.3,8074,8227,8174,
162.311,8085,8242,8180,
162.322,8072,8237,8169,
162.329,8094,8214,8182,
162.34,8103,8209,8174,
162.352,8085,8222,8167,
162.361,8097,8217,8185,
162.369,8094,8219,8174,
162.379,8064,8178,8180,
162.39,7953,8196,8174,
162.401,7986,8206,8169,
162.409,8055,8219,8177,
162.42,8061,8227,8180,
162.428,8061,8214,8174,
162.442,8031,8214,8169,
162.452,8066,8224,8182,
162.461,8072,8214,8174,
162.47,8074,8230,8177,
162.481,8083,8199,8185,
162.491,8097,8214,8180,
162.5,8092,8219,8169,
162.511,8088,8227,8169,
162.52,8094,8214,8177,
162.531,8097,8206,8182,
162.54,8097,8196,8174,
162.552,8085,8217,8174,
162.561,8085,8230,8167,
162.571,8058,8206,8172,
162.578,8066,8175,8169,
162.589,7953,8186,8172,
162.601,8020,8217,8169,
162.611,8066,8206,8172,
162.619,8047,8204,8163,
162.628,8055,8219,8169,
162.64,8066,8260,8174,
162.649,8061,8227,8163,
162.66,8069,8224,8174,
162.671,8066,8230,8174,
162.679,8072,8206,8174,
162.689,8069,8214,8177,
162.7,8050,8227,8172,
162.709,8066,8239,8169,
162.719,8069,8237,8169,
162.731,8055,8212,8169,
162.74,8064,8227,8169,
162.748,8058,8204,8177,
162.76,8045,8227,8161,
162.77,8055,8255,8182,
162.781,8020,8173,8177,
162.791,7932,8193,8177,
162.799,7998,8186,8169,
162.809,8037,8227,8177,
162.819,8023,8252,8169,
162.83,8034,8217,8172,
162.841,8064,8219,8167,
162.851,8058,8230,8174,
162.86,8066,8217,8174,
162.872,8080,8224,8180,
162.878,8092,8193,8182,
162.89,8085,8222,8177,
162.9,8103,8224,8174,
162.91,8080,8227,8174,
162.919,8088,8222,8174,
162.929,8097,8222,8172,
162.939,8092,8232,8185,
162.95,8092,8212,8180,
162.96,8101,8230,8172,
162.97,8092,8217,8180,
162.981,8072,8170,8182,
162.99,8020,8173,8169,
163,8103,8168,8169,
163.008,8128,8239,8174,
163.019,8144,8245,8177,
163.029,8166,8227,8177,
163.051,8166,8212,8182,
163.052,8179,8222,8177,
163.061,8192,8219,8174,
163.068,8225,8217,8177,
163.081,8230,8214,8177,
163.09,8271,8214,8187,
163.099,8283,8204,8187,
163.11,8307,8212,8185,
163.121,8339,8204,8185,
163.129,8366,8204,8192,
163.138,8409,8209,8195,
163.151,8431,8206,8203,
163.16,8479,8188,8203,
163.17,8506,8191,8210,
163.179,8538,8181,8205,
163.19,8567,8148,8192,
163.198,8570,8173,8205,
163.21,8603,8173,8223,
163.219,8635,8170,8226,
163.228,8661,8168,8238,
163.24,8686,8165,8238,
163.252,8697,8161,8243,
163.261,8697,8168,8243,
163.268,8761,8165,8238,
163.281,8780,8173,8259,
163.291,8802,8175,8264,
163.299,8830,8173,8261,
163.31,8830,8170,8279,
163.32,8832,8165,8279,
163.33,8850,8165,8272,
163.34,8852,8173,8277,
163.349,8847,8178,8277,
163.36,8847,8173,8277,
163.369,8863,8170,8272,
163.381,8965,8170,8238,
163.387,9027,8168,8221,
163.399,8921,8173,8256,
163.408,8844,8170,8277,
163.421,8824,8170,8274,
163.429,8811,8170,8277,
163.438,8813,8165,8272,
163.449,8791,8168,8269,
163.46,8774,8168,8261,
163.473,8766,8170,8264,
163.477,8758,8173,8254,
163.488,8747,8170,8259,
163.501,8725,8168,8256,
163.511,8727,8168,8261,
163.519,8718,8170,8256,
163.528,8713,8168,8246,
163.537,8718,8165,8241,
163.548,8716,8165,8248,
163.559,8707,8168,8254,
163.568,8718,8170,8254,
163.579,8780,8173,8226,
163.588,8850,8170,8218,
163.6,8780,8170,8218,
163.609,8686,8170,8246,
163.62,8667,8170,8246,
163.63,8667,8168,8241,
163.638,8656,8173,8241,
163.649,8659,8170,8241,
163.659,8656,8173,8238,
163.669,8664,8170,8241,
163.679,8664,8168,8231,
163.689,8675,8168,8241,
163.699,8680,8170,8243,
163.708,8672,8168,8238,
163.717,8675,8170,8243,
163.73,8680,8170,8241,
163.738,8672,8168,8248,
163.748,8683,8168,8251,
163.76,8675,8170,8246,
163.77,8683,8170,8248,
163.779,8741,8173,8238,
163.789,8850,8173,8200,
163.798,8721,8170,8235,
163.808,8686,8168,8254,
163.818,8680,8170,8241,
163.827,8678,8173,8243,
163.839,8670,8170,8246,
163.847,8664,8170,8246,
163.858,8667,8165,8246,
163.87,8661,8173,8241,
163.878,8664,8168,8241,
163.89,8661,8170,8231,
163.9,8664,8168,8238,
163.908,8656,8170,8243,
163.918,8656,8170,8241,
163.929,8644,8168,8243,
163.938,8632,8175,8241,
163.948,8627,8175,8238,
163.957,8630,8175,8235,
163.97,8639,8170,8231,
163.98,8683,8170,8223,
163.987,8707,8161,8195,
163.999,8653,8168,8226,
164.008,8630,8173,8241,
164.021,8639,8173,8243,
164.028,8639,8175,8238,
164.038,8650,8168,8235,
164.05,8667,8173,8241,
164.059,8670,8175,8241,
164.068,8683,8170,8243,
164.076,8691,8173,8243,
164.087,8691,8165,8246,
164.098,8689,8165,8243,
164.109,8680,8173,8243,
164.116,8670,8170,8235,
164.128,8661,8173,8246,
164.139,8659,8168,8238,
164.148,8653,8173,8235,
164.156,8639,8178,8238,
164.168,8656,8173,8228,
164.179,8699,8165,8208,
164.188,8683,8165,8203,
164.196,8630,8170,8221,
164.207,8624,8170,8228,
164.218,8622,8170,8228,
164.226,8616,8175,8231,
164.238,8619,8175,8226,
164.249,8611,8181,8228,
164.26,8624,8173,8235,
164.266,8630,8175,8235,
164.28,8627,8175,8243,
164.288,8639,8178,8231,
164.298,8630,8183,8243,
164.307,8630,8181,8241,
164.317,8632,8181,8243,
164.326,8635,8178,8243,
164.341,8639,8181,8235,
164.35,8635,8178,8243,
164.359,8639,8181,8235,
164.367,8635,8181,8235,
164.378,8656,8175,8223,
164.389,8675,8159,8205,
164.401,8627,8168,8221,
164.408,8619,8168,8223,
164.417,8627,8181,8226,
164.428,8624,8178,8238,
164.438,8622,8178,8231,
164.449,8627,8178,8228,
164.458,8635,8181,8228,
164.466,8624,8186,8241,
164.477,8639,8183,8231,
164.488,8630,8181,8235,
164.496,8627,8183,8228,
164.506,8622,8183,8235,
164.517,8632,8181,8241,
164.53,8627,8183,8238,
164.536,8630,8183,8238,
164.548,8630,8183,8235,
164.558,8630,8181,8228,
164.569,8632,8183,8226,
164.577,8650,8175,8218,
164.587,8644,8165,8203,
164.597,8603,8168,8216,
164.609,8619,8175,8231,
164.618,8608,8181,8221,
164.628,8613,8181,8223,
164.636,8611,8183,8223,
164.646,8611,8181,8223,
164.657,8611,8183,8226,
164.666,8608,8186,8231,
164.678,8603,8186,8228,
164.689,8608,8186,8226,
164.695,8608,8183,8226,
164.707,8597,8183,8226,
164.716,8600,8186,8228,
164.727,8597,8186,8231,
164.737,8603,8186,8226,
164.749,8597,8188,8228,
164.756,8605,8188,8221,
164.767,8605,8191,8228,
164.779,8619,8178,8218,
164.79,8608,8153,8203,
164.796,8570,8170,8216,
164.807,8576,8165,8223,
164.819,8589,8188,8228,
164.828,8589,8199,8223,
164.837,8576,8196,8231,
164.847,8589,8193,8238,
164.86,8586,8201,8235,
164.868,8594,8196,8228,
164.879,8584,8193,8223,
164.885,8589,8196,8221,
164.898,8597,8199,8226,
164.909,8597,8196,8231,
164.922,8589,8199,8223,
164.926,8594,8201,8223,
164.936,8586,8199,8226,
164.947,8589,8199,8221,
164.955,8589,8201,8223,
164.966,8592,8209,8228,
164.976,8589,8186,8210,
164.989,8581,8142,8198,
164.997,8562,8186,8218,
165.006,8558,8206,8221,
165.017,8558,8201,8216,
165.026,8553,8196,8216,
165.037,8553,8204,8223,
165.047,8556,8204,8216,
165.058,8558,8204,8216,
165.065,8553,8188,8223,
165.076,8570,8204,8216,
165.086,8562,8204,8216,
165.095,8570,8201,8221,
165.107,8567,8206,8218,
165.116,8573,8201,8216,
165.127,8573,8199,8223,
165.137,8578,8204,8226,
165.147,8584,8212,8223,
165.158,8584,8214,8223,
165.165,8584,8204,8218,
165.176,8592,8206,8208,
165.186,8586,8148,8195,
165.195,8553,8178,8208,
165.205,8570,8193,8213,
165.216,8573,8206,8218,
165.225,8567,8206,8221,
165.236,8570,8209,8226,
165.247,8573,8201,8221,
165.255,8573,8204,8216,
165.265,8565,8196,8213,
165.278,8589,8204,8221,
165.289,8584,8204,8218,
165.299,8578,8214,8226,
165.307,8586,8201,8213,
165.316,8592,8204,8228,
165.327,8578,8222,8231,
165.339,8589,8214,8218,
165.347,8586,8222,8223,
165.356,8592,8209,8218,
165.366,8576,8206,8213,
165.379,8592,8186,8208,
165.387,8570,8142,8200,
165.396,8556,8153,8210,
165.408,8576,8222,8221,
165.417,8556,8206,8223,
165.428,8565,8204,8223,
165.436,8567,8201,8216,
165.446,8556,8212,8218,
165.458,8576,8206,8216,
165.467,8567,8199,8218,
165.476,8570,8212,8218,
165.487,8567,8214,8216,
165.499,8558,8217,8218,
165.507,8549,8212,8208,
165.516,8549,8214,8223,
165.528,8549,8209,8221,
165.536,8556,8212,8218,
165.547,8549,8214,8223,
165.557,8549,8227,8216,
165.566,8544,8224,8208,
165.577,8530,8214,8205,
165.587,8525,8122,8195,
165.596,8500,8155,8208,
165.607,8509,8217,8195,
165.617,8514,8224,8208,
165.626,8503,8224,8213,
165.637,8498,8232,8216,
165.646,8509,8227,8200,
165.656,8492,8232,8213,
165.667,8487,8239,8205,
165.677,8479,8237,8205,
165.686,8468,8222,8208,
165.697,8463,8219,8213,
165.706,8439,8245,8208,
165.717,8439,8232,8208,
165.726,8436,8263,8200,
165.735,8431,8247,8195,
165.745,8436,8252,8198,
165.756,8417,8230,8205,
165.766,8409,8242,8200,
165.776,8387,8222,8187,
165.786,8379,8170,8180,
165.796,8396,8153,8208,
165.806,8382,8263,8192,
165.815,8369,8224,8185,
165.826,8353,8239,8177,
165.838,8364,8239,8200,
165.849,8329,8247,8195,
165.856,8326,8247,8195,
165.865,8331,8255,8185,
165.876,8312,8278,8174,
165.887,8307,8260,8192,
165.897,8310,8250,8185,
165.908,8315,8239,8185,
165.916,8291,8278,8198,
165.926,8299,8260,8192,
165.936,8285,8273,8180,
165.947,8273,8273,8195,
165.957,8271,8252,8192,
165.966,8273,8265,8185,
165.977,8249,8209,8177,
165.987,8222,8193,8174,
165.997,8257,8199,8182,
166.006,8238,8268,8187,
166.015,8252,8296,8172,
166.028,8214,8281,8177,
166.036,8227,8247,8182,
166.046,8214,8247,8180,
166.057,8230,8257,8190,
166.067,8214,8260,8200,
166.077,8225,8242,8180,
166.086,8244,8252,8180,
166.095,8235,8239,8180,
166.109,8244,8296,8177,
166.115,8233,8276,8187,
166.125,8200,8296,8180,
166.136,8192,8286,8180,
166.147,8214,8257,8180,
166.157,8203,8257,8195,
166.166,8222,8255,8174,
166.176,8203,8230,8182,
166.185,8158,8098,8169,
166.197,8188,8250,8177,
166.205,8200,8199,8177,
166.216,8158,8247,8190,
166.227,8185,8242,8185,
166.235,8171,8276,8152,
166.245,8158,8255,8177,
166.257,8163,8283,8163,
166.267,8192,8260,8180,
166.278,8168,8237,8172,
166.284,8192,8265,8177,
166.296,8171,8263,8174,
166.306,8177,8263,8161,
166.316,8177,8278,8185,
166.324,8192,8281,8192,
166.333,8174,8308,8177,
166.344,8147,8252,8167,
166.356,8155,8286,8182,
166.364,8144,8255,8172,
166.374,8155,8209,8190,
166.386,8136,8247,8169,
166.396,8188,8257,8169,
166.405,8219,8257,8180,
166.413,8163,8252,8169,
166.424,8171,8239,8180,
166.437,8206,8273,8174,
166.445,8195,8286,8182,
166.454,8174,8252,8177,
166.463,8182,8286,8174,
166.474,8211,8260,8172,
166.486,8185,8299,8169,
166.495,8182,8242,8185,
166.505,8182,8260,8185,
166.514,8203,8281,8167,
166.524,8177,8308,8182,
166.535,8182,8281,8174,
166.544,8171,8291,8182,
166.556,8185,8237,8172,
166.566,8200,8273,8174,
166.574,8168,8170,8169,
166.584,8147,8245,8182,
166.595,8177,8286,8187,
166.607,8195,8227,8169,
166.617,8182,8252,8185,
166.623,8171,8299,8172,
166.636,8163,8296,8174,
166.645,8171,8296,8172,
166.654,8168,8273,8167,
166.668,8217,8247,8187,
166.674,8214,8257,8192,
166.687,8198,8252,8167,
166.694,8238,8260,8182,
166.704,8257,8265,8169,
166.713,8233,8257,8167,
166.726,8249,8268,8190,
166.735,8252,8278,8185,
166.747,8238,8276,8185,
166.755,8249,8263,8185,
166.764,8268,8310,8174,
166.774,8235,8224,8172,
166.784,8214,8153,8172,
166.796,8257,8245,8177,
166.806,8254,8252,8182,
166.812,8233,8252,8185,
166.827,8238,8239,8177,
166.833,8238,8265,8182,
166.842,8233,8237,8177,
166.855,8214,8283,8169,
166.864,8233,8268,8185,
166.875,8246,8291,8174,
166.884,8219,8255,8192,
166.895,8217,8283,8180,
166.904,8222,8263,8185,
166.915,8225,8237,8180,
166.923,8241,8281,8192,
166.934,8241,8245,8182,
166.945,8219,8270,8177,
166.955,8244,8260,8187,
166.962,8244,8257,8192,
166.976,8227,8242,8174,
166.984,8222,8186,8177,
166.994,8260,8148,8185,
167.006,8252,8232,8180,
167.015,8244,8263,8177,
167.025,8235,8252,8185,
167.036,8268,8260,8198,
167.045,8260,8239,8185,
167.053,8273,8237,8192,
167.065,8265,8268,8172,
167.074,8283,8278,8192,
167.084,8283,8278,8185,
167.092,8296,8283,8180,
167.103,8283,8265,8190,
167.114,8283,8283,8190,
167.125,8285,8270,8190,
167.135,8301,8255,8182,
167.144,8299,8283,8187,
167.155,8301,8247,8185,
167.164,8296,8268,8182,
167.174,8323,8201,8187,
167.183,8307,8117,8180,
167.194,8361,8168,8187,
167.205,8372,8250,8187,
167.214,8369,8276,8190,
167.223,8393,8227,8200,
167.233,8417,8250,8190,
167.242,8442,8247,8195,
167.253,8473,8245,8213,
167.264,8490,8232,8208,
167.275,8511,8227,8210,
167.285,8541,8242,8210,
167.296,8576,8227,8216,
167.304,8597,8232,8238,
167.314,8627,8237,8223,
167.324,8667,8219,8235,
167.336,8680,8222,8226,
167.345,8707,8214,8231,
167.354,8718,8206,8246,
167.364,8750,8204,8254,
167.373,8788,8186,8228,
167.383,8819,8165,8203,
167.392,8791,8153,8226,
167.403,8791,8178,8256,
167.415,8791,8188,8261,
167.423,8808,8186,8266,
167.435,8813,8183,8272,
167.444,8808,8183,8266,
167.454,8819,8175,8261,
167.463,8824,8178,8269,
167.474,8827,8183,8269,
167.485,8824,8170,8266,
167.494,8836,8178,8269,
167.503,8832,8178,8264,
167.515,8822,8170,8272,
167.522,8822,8181,8272,
167.531,8813,8178,8269,
167.544,8811,8175,8269,
167.553,8811,8181,8274,
167.562,8822,8178,8264,
167.575,8863,8173,8228,
167.583,8863,8165,8210,
167.594,8799,8173,8254,
167.604,8772,8173,8256,
167.615,8774,8173,8256,
167.623,8764,8175,8261,
167.634,8764,8175,8259,
167.643,8766,8183,8259,
167.655,8772,8181,8261,
167.663,8766,8183,8264,
167.673,8764,8183,8266,
167.683,8769,8178,8261,
167.692,8772,8183,8256,
167.703,8772,8183,8259,
167.714,8769,8181,8264,
167.725,8774,8178,8256,
167.733,8774,8186,8256,
167.742,8774,8175,8256,
167.753,8774,8175,8256,
167.762,8783,8186,8261,
167.774,8808,8181,8238,
167.783,8839,8170,8210,
167.791,8777,8165,8251,
167.805,8764,8178,8259,
167.811,8772,8175,8261,
167.824,8774,8178,8248,
167.833,8766,8183,8251,
167.842,8761,8183,8264,
167.853,8772,8181,8264,
167.865,8772,8181,8261,
167.874,8772,8186,8259,
167.884,8774,8183,8259,
167.892,8769,8183,8261,
167.903,8769,8183,8261,
167.914,8761,8183,8259,
167.925,8777,8178,8261,
167.933,8772,8186,8259,
167.944,8777,8183,8261,
167.953,8774,8181,8256,
167.962,8791,8188,8256,
167.974,8824,8173,8231,
167.983,8816,8155,8208,
167.992,8758,8168,8246,
168.002,8758,8181,8256,
168.011,8758,8183,8256,
168.025,8747,8181,8254,
168.033,8761,8178,8251,
168.043,8738,8186,8256,
168.053,8753,8181,8246,
168.063,8747,8188,8251,
168.072,8761,8186,8259,
168.084,8747,8183,8251,
168.094,8750,8183,8256,
168.103,8738,8191,8261,
168.113,8738,8186,8264,
168.123,8750,8183,8256,
168.132,8756,8188,8248,
168.144,8756,8183,8256,
168.153,8750,8191,8256,
168.163,8777,8175,8251,
168.173,8774,8181,8235,
168.184,8811,8175,8208,
168.193,8756,8155,8241,
168.202,8721,8173,8256,
168.212,8736,8183,8254,
168.22,8747,8183,8256,
168.234,8736,8183,8248,
168.243,8730,8183,8251,
168.254,8741,8183,8254,
168.264,8736,8186,8264,
168.274,8745,8191,8259,
168.283,8736,8186,8251,
168.292,8736,8191,8251,
168.303,8725,8191,8261,
168.312,8738,8191,8248,
168.32,8747,8191,8256,
168.332,8721,8183,8251,
168.341,8733,8193,8251,
168.354,8727,8191,8246,
168.363,8745,8188,8241,
168.373,8772,8186,8226,
168.382,8758,8145,8210,
168.392,8705,8148,8241,
168.404,8721,8191,8246,
168.412,8716,8188,8248,
168.422,8705,8186,8254,
168.433,8705,8193,8243,
168.442,8707,8193,8246,
168.451,8721,8188,8248,
168.464,8694,8193,8254,
168.474,8707,8193,8246,
168.483,8710,8193,8241,
168.493,8713,8201,8248,
168.502,8718,8193,8251,
168.513,8707,8201,8251,
168.523,8705,8201,8248,
168.534,8707,8191,8251,
168.542,8702,8196,8248,
168.552,8713,8201,8248,
168.562,8707,8196,8243,
168.573,8747,8191,8231,
168.582,8741,8175,8208,
168.59,8713,8165,8241,
168.602,8694,8193,8246,
168.614,8707,8191,8254,
168.622,8699,8193,8251,
168.631,8689,8193,8251,
168.643,8699,8193,8246,
168.653,8710,8196,8254,
168.663,8702,8196,8235,
168.671,8699,8186,8241,
168.684,8702,8196,8243,
168.691,8710,8201,8251,
168.702,8707,8188,8235,
168.711,8707,8199,8248,
168.72,8702,8196,8246,
168.731,8716,8193,8246,
168.743,8705,8199,8254,
168.753,8697,8196,8246,
168.762,8705,8199,8248,
168.772,8741,8183,8213,
168.781,8745,8186,8208,
168.792,8713,8155,8238,
168.8,8694,8193,8241,
168.812,8699,8193,8246,
168.824,8683,8196,8248,
168.834,8683,8191,8246,
168.84,8689,8193,8243,
168.852,8689,8201,8241,
168.863,8683,8201,8256,
168.873,8697,8193,8254,
168.879,8689,8199,8241,
168.893,8683,8199,8246,
168.904,8689,8201,8243,
168.91,8686,8206,8243,
168.923,8683,8186,8243,
168.933,8678,8201,8243,
168.941,8678,8199,8248,
168.953,8680,8199,8238,
168.962,8678,8209,8228,
168.973,8705,8199,8231,
168.982,8716,8159,8200,
168.992,8670,8165,8226,
169.007,8670,8193,8243,
169.011,8675,8199,8243,
169.02,8667,8199,8241,
169.033,8664,8193,8241,
169.042,8675,8196,8241,
169.053,8678,8204,8254,
169.06,8689,8196,8238,
169.072,8683,8204,8241,
169.083,8675,8201,8238,
169.093,8672,8206,8243,
169.103,8672,8204,8241,
169.112,8664,8206,8231,
169.121,8661,8206,8228,
169.134,8670,8204,8241,
169.14,8664,8199,8238,
169.15,8670,8193,8231,
169.162,8680,8196,8238,
169.172,8683,8193,8216,
169.181,8672,8142,8203,
169.192,8632,8196,8231,
169.2,8642,8212,8235,
169.209,8642,8201,8228,
169.22,8630,8206,8235,
169.23,8632,8204,8235,
169.242,8622,8206,8238,
169.25,8622,8209,8226,
169.262,8630,8209,8235,
169.271,8627,8212,8235,
169.282,8622,8204,8238,
169.291,8605,8206,8231,
169.302,8603,8214,8226,
169.312,8594,8212,8228,
169.323,8586,8204,8226,
169.332,8578,8214,8226,
169.342,8581,8217,8226,
169.351,8565,8212,8218,
169.361,8565,8214,8213,
169.369,8546,8201,8208,
169.38,8533,8150,8192,
169.393,8503,8175,8205,
169.402,8498,8206,8205,
169.412,8481,8217,8208,
169.421,8468,8219,8210,
169.431,8455,8227,8208,
169.441,8447,8224,8210,
169.471,8436,8224,8205,
169.472,8420,8239,8192,
169.474,8417,8239,8213,
169.481,8409,8242,8187,
169.491,8379,8247,8187,
169.501,8366,8255,8192,
169.513,8353,8247,8195,
169.519,8339,8278,8187,
169.53,8320,8250,8182,
169.542,8312,8257,8190,
169.549,8323,8242,8182,
169.561,8301,8230,8177,
169.572,8283,8186,8172,
169.581,8246,8150,8177,
169.59,8249,8196,8185,
169.601,8252,8286,8177,
169.611,8208,8296,8177,
169.62,8222,8242,8177,
169.629,8225,8276,8187,
169.641,8200,8308,8174,
169.652,8188,8232,8180,
169.66,8177,8247,8198,
169.671,8166,8255,8187,
169.679,8163,8299,8174,
169.692,8179,8265,8177,
169.701,8168,8247,8169,
169.711,8195,8268,8185,
169.721,8192,8278,8167,
169.729,8171,8294,8169,
169.74,8166,8283,8172,
169.751,8195,8260,8174,
169.76,8177,8230,8185,
169.771,8152,8199,8180,
169.779,8125,8199,8185,
169.79,8139,8224,8169,
169.802,8174,8278,8180,
169.811,8171,8224,8177,
169.821,8163,8265,8169,
169.83,8174,8265,8177,
169.839,8125,8245,8172,
169.851,8117,8255,8172,
169.861,8125,8239,8174,
169.87,8128,8247,8177,
169.879,8150,8222,8174,
169.892,8101,8320,8174,
169.901,8094,8252,8187,
169.91,8160,8257,8163,
169.921,8128,8268,8161,
169.932,8117,8252,8192,
169.941,8155,8299,8172,
169.949,8120,8270,8172,
169.959,8125,8288,8185,
169.971,8120,8265,8174,
169.979,8066,8188,8172,
169.991,8092,8263,8167,
170,8114,8338,8180,
170.009,8117,8268,8172,
170.019,8092,8247,8177,
170.029,8042,8214,8169,
170.041,8077,8281,8174,
170.05,8109,8288,8172,
170.06,8125,8315,8172,
170.07,8080,8270,8174,
170.082,8077,8255,8174,
170.09,8101,8281,8174,
170.098,8094,8278,8190,
170.109,8131,8283,8180,
170.119,8094,8257,8185,
170.132,8066,8265,8174,
170.14,8077,8283,8157,
170.149,8092,8308,8169,
170.157,8085,8281,8167,
170.171,8047,8186,8167,
170.179,7986,8255,8182,
170.191,8085,8227,8174,
170.202,8058,8283,8177,
170.208,8125,8294,8180,
170.22,8039,8318,8167,
170.231,8101,8288,8185,
170.239,8074,8286,8190,
170.251,8117,8301,8172,
170.259,8088,8224,8182,
170.268,8083,8281,8182,
170.281,8074,8252,8177,
170.29,8101,8304,8169,
170.3,8061,8286,8190,
170.31,8117,8276,8172,
170.32,8152,8286,8187,
170.329,8074,8304,8172,
170.339,8125,8242,8174,
170.351,8083,8273,8174,
170.359,8120,8308,8195,
170.375,8072,8212,8167,
170.381,8061,8196,8174,
170.39,8092,8204,8174,
170.399,8083,8308,8180,
170.411,8088,8294,8174,
170.418,8083,8288,8174,
170.43,8064,8286,8167,
170.439,8131,8346,8180,
170.45,8094,8310,8174,
170.459,8168,8232,8177,
170.467,8083,8255,8177,
170.48,8064,8301,8177,
170.49,8074,8281,8174,
170.5,8109,8283,8161,
170.512,8103,8315,8169,
170.52,8080,8318,8192,
170.531,8083,8318,8167,
170.54,8083,8294,8169,
170.549,8147,8222,8174,
170.56,8083,8186,8157,
170.572,8064,8270,8172,
170.581,7975,8175,8174,
170.59,8023,8193,8182,
170.6,8050,8270,8182,
170.611,8061,8239,8169,
170.619,8069,8260,8169,
170.628,8094,8288,8172,
170.637,8034,8227,8185,
170.65,8080,8263,8177,
170.659,8072,8286,8177,
170.669,8061,8278,8167,
170.678,8072,8278,8157,
170.69,8074,8281,8185,
170.7,8064,8286,8157,
170.709,8045,8308,8200,
170.719,8088,8291,8174,
170.73,8055,8273,8180,
170.741,8047,8265,8177,
170.75,8047,8336,8169,
170.757,8012,8232,8185,
170.77,7980,8222,8182,
170.781,7934,8170,8172,
170.787,8007,8296,8180,
170.797,8000,8230,8174,
170.81,7967,8286,8177,
170.82,8042,8281,8187,
170.828,7998,8268,8177,
170.839,8020,8260,8187,
170.848,8034,8308,8180,
170.86,8020,8296,8169,
170.87,8026,8301,8172,
170.881,8012,8286,8169,
170.887,8047,8281,8198,
170.9,8072,8242,8139,
170.908,8074,8296,8169,
170.921,8012,8326,8177,
170.928,8042,8294,8169,
170.937,8042,8276,8174,
170.948,8037,8351,8185,
170.959,8047,8299,8195,
170.971,8012,8250,8177,
170.98,7926,8196,8172,
170.989,8015,8193,8177,
171,8020,8308,8177,
171.01,8000,8255,8163,
171.021,7991,8278,8163,
171.027,8018,8310,8185,
171.038,8026,8299,8167,
171.051,8003,8318,8187,
171.057,8007,8288,8152,
171.07,7975,8315,8169,
171.081,8012,8328,8174,
171.09,7978,8308,8180,
171.098,7983,8281,8163,
171.106,7975,8283,8174,
171.118,7980,8301,8182,
171.128,7921,8308,8177,
171.14,8023,8291,8180,
171.147,7995,8384,8192,
171.159,7983,8308,8163,
171.167,7956,8201,8172,
171.179,7854,8173,8185,
171.187,7901,8308,8172,
171.197,7951,8310,8182,
171.21,7921,8346,8169,
171.22,7923,8308,8174,
171.229,7937,8291,8205,
171.238,7881,8313,8174,
171.249,7909,8288,8182,
171.257,7889,8313,8174,
171.266,7972,8260,8182,
171.277,7942,8320,8185,
171.289,7948,8310,8190,
171.297,7970,8288,8177,
171.31,7956,8310,8180,
171.317,7937,8286,8185,
171.328,7923,8308,8180,
171.34,7980,8354,8177,
171.349,7942,8299,8174,
171.36,7961,8239,8182,
171.369,7926,8186,8185,
171.379,7857,8268,8174,
171.389,7904,8263,8169,
171.398,7904,8351,8174,
171.408,7948,8308,8192,
171.419,7937,8294,8190,
171.428,7967,8367,8174,
171.436,7953,8313,8169,
171.449,7961,8328,8177,
171.459,7951,8299,8187,
171.468,7959,8270,8174,
171.479,7904,8326,8187,
171.487,7926,8315,8180,
171.499,7953,8308,8152,
171.509,8042,8304,8161,
171.518,7961,8304,8167,
171.529,7998,8252,8174,
171.538,7986,8288,8172,
171.546,7961,8346,8187,
171.561,7956,8351,8172,
171.568,7970,8362,8172,
171.578,7843,8212,8169,
171.587,7970,8349,8174,
171.599,7921,8333,8172,
171.61,7995,8377,8185,
171.617,7921,8320,8192,
171.629,8003,8326,8180,
171.639,7967,8313,8157,
171.648,7875,8313,8185,
171.657,7909,8346,8185,
171.67,7918,8301,8177,
171.678,7912,8301,8167,
171.687,7991,8310,8200,
171.698,7951,8320,8172,
171.708,7983,8308,8182,
171.718,7986,8286,8161,
171.729,8000,8288,8190,
171.738,7998,8328,8198,
171.748,8015,8283,8182,
171.757,8028,8283,8174,
171.766,7980,8260,8167,
171.779,7948,8237,8177,
171.788,8039,8296,8167,
171.796,8064,8276,8174,
171.806,8077,8313,8182,
171.818,8106,8315,8185,
171.827,8112,8273,8169,
171.838,8117,8260,8172,
171.846,8092,8260,8172,
171.857,8112,8281,8180,
171.867,8080,8310,8177,
171.876,8128,8333,8177,
171.889,8158,8281,8169,
171.898,8136,8320,8177,
171.906,8133,8239,8177,
171.917,8160,8237,8182,
171.928,8144,8270,8177,
171.938,8139,8242,8169,
171.949,8200,8318,8185,
171.958,8160,8296,8187,
171.967,8133,8245,8167,
171.979,8163,8250,8177,
171.987,8195,8278,8182,
171.995,8177,8304,8180,
172.009,8195,8281,8187,
172.016,8254,8286,8180,
172.028,8219,8273,8195,
172.036,8265,8242,8172,
172.046,8257,8281,8190,
172.056,8257,8265,8185,
172.068,8254,8263,8192,
172.076,8263,8239,8185,
172.086,8283,8237,8182,
172.096,8283,8242,8190,
172.107,8291,8224,8180,
172.116,8315,8278,8180,
172.127,8318,8276,8198,
172.137,8296,8260,8185,
172.145,8299,8278,8177,
172.157,8337,8239,8192,
172.167,8345,8186,8182,
172.179,8345,8153,8180,
172.187,8398,8270,8187,
172.197,8404,8263,8190,
172.207,8433,8245,8195,
172.216,8455,8237,8190,
172.227,8500,8230,8200,
172.237,8541,8242,8205,
172.245,8589,8237,8216,
172.256,8605,8232,8223,
172.266,8605,8242,8228,
172.278,8608,8239,8218,
172.29,8600,8222,8218,
172.297,8608,8230,8228,
172.305,8597,8232,8218,
172.316,8592,8224,8223,
172.328,8586,8227,8218,
172.335,8578,8224,8235,
172.346,8567,8227,8221,
172.357,8586,8212,8228,
172.368,8584,8204,8210,
172.377,8594,8140,8187,
172.386,8562,8183,8210,
172.395,8549,8230,8223,
172.408,8562,8206,8208,
172.416,8544,8224,8216,
172.428,8549,8219,8218,
172.436,8546,8222,8218,
172.445,8556,8217,8205,
172.457,8556,8230,8216,
172.466,8565,8227,8218,
172.478,8562,8219,8218,
172.487,8562,8227,8218,
172.497,8541,8224,8203,
172.505,8567,8219,8223,
172.516,8567,8224,8218,
172.525,8573,8230,8210,
172.537,8565,8214,8208,
172.545,8570,8227,8218,
172.558,8556,8227,8216,
172.566,8570,8196,8208,
172.578,8573,8170,8198,
172.587,8541,8155,8216,
172.595,8549,8209,8208,
172.606,8541,8227,8218,
172.618,8544,8217,8198,
172.628,8549,8217,8216,
172.635,8541,8222,8221,
172.644,8556,8219,8218,
172.658,8553,8224,8210,
172.666,8546,8230,8218,
172.675,8570,8227,8221,
172.687,8567,8222,8213,
172.695,8578,8217,8223,
172.708,8567,8222,8216,
172.717,8584,8227,8223,
172.725,8584,8214,8221,
172.736,8573,8224,8218,
172.745,8578,8222,8231,
172.757,8576,8222,8213,
172.767,8586,8206,8216,
172.775,8592,8150,8195,
172.787,8581,8188,8213,
172.796,8570,8219,8210,
172.807,8567,8222,8218,
172.815,8565,8214,8216,
172.828,8567,8222,8231,
172.836,8570,8214,8213,
172.846,8570,8212,8221,
172.855,8562,8227,8210,
172.866,8558,8214,8218,
172.878,8546,8230,8216,
172.889,8562,8217,8213,
172.895,8544,8227,8216,
172.905,8549,8217,8205,
172.917,8562,8222,8218,
172.926,8553,8217,8213,
172.934,8553,8222,8223,
172.948,8565,8224,8221,
172.956,8544,8227,8221,
172.964,8576,8206,8200,
172.976,8565,8145,8192,
172.986,8549,8222,8213,
172.994,8553,8222,8210,
173.008,8541,8222,8213,
173.017,8536,8219,8210,
173.025,8541,8222,8205,
173.038,8544,8227,8213,
173.045,8546,8237,8218,
173.056,8553,8230,8213,
173.065,8549,8252,8213,
173.077,8558,8222,8216,
173.087,8562,8224,8223,
173.095,8570,8222,8226,
173.105,8570,8237,8218,
173.117,8578,8219,8223,
173.128,8570,8237,8221,
173.136,8567,8219,8221,
173.146,8570,8232,8216,
173.155,8556,8230,8210,
173.166,8581,8181,8198,
173.178,8562,8186,8187,
173.184,8541,8170,8216,
173.195,8553,8224,8218,
173.207,8546,8217,8200,
173.217,8541,8212,8218,
173.227,8562,8224,8213,
173.235,8553,8222,8216,
173.246,8549,8224,8221,
173.254,8567,8224,8198,
173.268,8567,8224,8218,
173.276,8581,8217,8216,
173.286,8567,8219,8223,
173.295,8567,8230,8208,
173.305,8578,8212,8218,
173.316,8558,8224,8213,
173.324,8558,8219,8223,
173.337,8558,8219,8231,
173.347,8565,8227,8221,
173.355,8570,8219,8208,
173.365,8576,8199,8208,
173.376,8570,8119,8192,
173.385,8538,8181,8208,
173.396,8533,8227,8216,
173.404,8533,8222,8210,
173.417,8546,8219,8213,
173.427,8538,8227,8216,
173.436,8541,8224,8210,
173.443,8562,8222,8223,
173.454,8558,8224,8221,
173.466,8562,8219,8205,
173.476,8556,8227,8223,
173.485,8565,8222,8223,
173.495,8562,8224,8203,
173.506,8576,8224,8223,
173.516,8573,8217,8231,
173.527,8562,8219,8210,
173.535,8570,8224,8218,
173.544,8573,8214,8216,
173.556,8562,8242,8210,
173.566,8567,8214,8203,
173.576,8570,8159,8198,
173.585,8538,8145,8210,
173.596,8538,8230,8208,
173.606,8549,8214,8216,
173.615,8556,8219,8205,
173.626,8549,8224,8216,
173.635,8546,8224,8216,
173.643,8541,8227,8208,
173.653,8556,8230,8210,
173.666,8576,8227,8213,
173.675,8567,8219,8216,
173.685,8581,8224,8221,
173.694,8573,8224,8216,
173.705,8570,8222,8223,
173.716,8581,8227,8223,
173.724,8570,8227,8223,
173.735,8570,8222,8221,
173.744,8565,8224,8218,
173.755,8567,8224,8213,
173.764,8578,8204,8200,
173.777,8573,8122,8198,
173.785,8527,8178,8205,
173.794,8525,8232,8210,
173.806,8527,8227,8223,
173.815,8533,8227,8216,
173.824,8525,8217,8216,
173.834,8522,8224,8216,
173.843,8533,8230,8216,
173.856,8538,8222,8221,
173.865,8533,8224,8218,
173.873,8562,8224,8223,
173.884,8549,8242,8208,
173.895,8553,8219,8208,
173.905,8567,8222,8221,
173.915,8558,8212,8213,
173.924,8565,8219,8208,
173.937,8573,8224,8213,
173.945,8553,8232,8221,
173.953,8567,8232,8208,
173.964,8567,8214,8200,
173.975,8586,8111,8192,
173.984,8576,8206,8218,
173.994,8556,8230,8216,
174.006,8565,8214,8221,
174.014,8556,8219,8208,
174.025,8553,8222,8216,
174.035,8549,8222,8216,
174.043,8565,8230,8226,
174.054,8553,8224,8221,
174.067,8570,8217,8213,
174.076,8553,8230,8223,
174.082,8573,8237,8210,
174.095,8556,8224,8223,
174.104,8558,8232,8221,
174.116,8573,8214,8223,
174.123,8567,8227,8216,
174.137,8549,8237,8218,
174.143,8567,8222,8213,
174.156,8558,8219,8221,
174.166,8570,8217,8203,
174.174,8573,8168,8195,
174.185,8562,8199,8216,
174.195,8544,8222,8218,
174.206,8538,8214,8210,
174.214,8538,8227,8208,
174.224,8538,8219,8213,
174.233,8538,8219,8210,
174.245,8544,8227,8205,
174.254,8538,8217,8218,
174.264,8541,8222,8213,
174.274,8536,8214,8200,
174.286,8530,8232,8213,
174.294,8533,8232,8213,
174.304,8533,8227,8216,
174.315,8541,8224,8203,
174.326,8570,8214,8221,
174.334,8562,8232,8221,
174.342,8558,8222,8213,
174.355,8573,8224,8210,
174.363,8573,8206,8203,
174.375,8594,8148,8195,
174.383,8573,8161,8218,
174.393,8578,8217,8218,
174.406,8573,8222,8223,
174.414,8558,8214,8208,
174.424,8570,8224,8223,
174.434,8570,8212,8218,
174.445,8573,8224,8213,
174.454,8556,8217,8221,
174.464,8567,8219,8216,
174.476,8573,8219,8213,
174.485,8565,8224,8216,
174.494,8573,8232,8226,
174.504,8556,8214,8221,
174.513,8553,8227,8221,
174.526,8567,8237,8226,
174.533,8549,8230,8210,
174.545,8556,8232,8218,
174.553,8549,8237,8216,
174.562,8567,8206,8200,
174.575,8558,8148,8195,
174.585,8527,8201,8210,
174.594,8536,8206,8223,
174.605,8533,8230,8216,
174.614,8536,8224,8216,
174.626,8517,8219,8216,
174.636,8525,8217,8213,
174.645,8522,8230,8216,
174.654,8541,8222,8208,
174.662,8553,8230,8210,
174.676,8546,8222,8216,
174.684,8549,8222,8213,
174.693,8562,8245,8226,
174.704,8553,8232,8216,
174.712,8538,8230,8213,
174.723,8544,8227,8205,
174.735,8538,8227,8216,
174.743,8556,8227,8221,
174.755,8553,8230,8205,
174.764,8578,8175,8205,
174.773,8573,8140,8198,
174.785,8546,8219,8210,
174.794,8541,8219,8213,
174.804,8556,8222,8210,
174.814,8556,8227,8213,
174.822,8544,8222,8216,
174.834,8565,8227,8213,
174.844,8570,8219,8218,
174.854,8562,8222,8210,
174.863,8581,8219,8221,
174.872,8573,8222,8213,
174.886,8576,8219,8223,
174.894,8576,8214,8216,
174.904,8584,8230,8218,
174.914,8589,8222,8226,
174.924,8594,8227,8226,
174.933,8586,8217,8218,
174.944,8570,8227,8216,
174.953,8589,8217,8218,
174.964,8611,8178,8195,
174.973,8581,8142,8198,
174.983,8556,8186,8218,
174.994,8573,8230,8216,
175.005,8556,8219,8221,
175.013,8558,8214,8216,
175.023,8544,8209,8203,
175.032,8558,8227,8223,
175.045,8562,8219,8221,
175.055,8558,8224,8218,
175.061,8573,8212,8226,
175.074,8553,8232,8213,
175.082,8570,8230,8223,
175.094,8578,8217,8208,
175.101,8565,8224,8218,
175.113,8556,8239,8221,
175.121,8546,8230,8216,
175.132,8553,8230,8213,
175.143,8565,8230,8213,
175.152,8567,8232,8218,
175.161,8578,8201,8195,
175.172,8562,8168,8195,
175.182,8530,8168,8210,
175.19,8530,8206,8208,
175.202,8541,8222,8213,
175.212,8527,8217,8213,
175.223,8530,8227,8203,
175.234,8525,8219,8213,
175.244,8536,8227,8216,
175.252,8544,8230,8216,
175.263,8546,8227,8226,
175.271,8558,8232,8208,
175.283,8541,8239,8208,
175.293,8567,8209,8213,
175.303,8565,8214,8223,
175.315,8570,8222,8216,
175.322,8570,8217,8210,
175.332,8576,8227,8216,
175.344,8553,8227,8223,
175.353,8565,8224,8213,
175.365,8576,8201,8200,
175.373,8589,8150,8192,
175.384,8578,8206,8218,
175.393,8562,8227,8226,
175.401,8553,8227,8210,
175.414,8541,8224,8221,
175.423,8546,8212,8213,
175.433,8536,8227,8223,
175.443,8544,8227,8213,
175.452,8549,8222,8210,
175.462,8544,8239,8216,
175.471,8565,8230,8221,
175.483,8556,8230,8210,
175.491,8556,8227,8221,
175.502,8553,8230,8210,
175.514,8549,8230,8216,
175.523,8538,8242,8213,
175.532,8556,8222,8218,
175.542,8556,8224,8203,
175.554,8546,8230,8208,
175.562,8556,8199,8200,
175.573,8562,8129,8192,
175.584,8556,8204,8216,
175.59,8562,8227,8221,
175.605,8549,8239,8216,
175.614,8549,8222,8221,
175.62,8546,8227,8210,
175.634,8553,8206,8218,
175.641,8565,8224,8226,
175.654,8556,8230,8223,
175.66,8578,8227,8213,
175.672,8567,8224,8218,
175.681,8570,8219,8223,
175.694,8562,8217,8218,
175.702,8570,8224,8221,
175.71,8562,8245,8218,
175.723,8558,8217,8226,
175.733,8565,8219,8216,
175.743,8565,8219,8226,
175.75,8553,8227,8221,
175.76,8576,8209,8205,
175.77,8565,8204,8187,
175.783,8549,8191,8210,
175.793,8544,8230,8221,
175.801,8544,8227,8205,
175.813,8546,8217,8208,
175.823,8527,8222,8213,
175.833,8541,8212,8216,
175.843,8536,8219,8210,
175.853,8556,8230,8213,
175.863,8546,8217,8221,
175.869,8562,8222,8216,
175.881,8565,8230,8226,
175.893,8576,8222,8213,
175.901,8562,8224,8205,
175.912,8556,8224,8210,
175.922,8573,8227,8221,
175.933,8565,8224,8216,
175.943,8565,8230,8213,
175.951,8573,8222,8221,
175.961,8567,8222,8198,
175.972,8573,8159,8192,
175.984,8533,8201,8210,
175.992,8541,8217,8205,
176.002,8538,8224,8218,
176.02,8538,8230,8221,
176.021,8530,8227,8213,
176.032,8544,8222,8226,
176.041,8538,8217,8213,
176.051,8546,8222,8208,
176.062,8549,8214,8216,
176.073,8556,8227,8221,
176.081,8544,8224,8216,
176.092,8562,8232,8221,
176.101,8556,8222,8213,
176.113,8553,8224,8223,
176.122,8541,8227,8210,
176.131,8570,8224,8221,
176.141,8553,8222,8200,
176.151,8556,8224,8203,
176.162,8584,8183,8203,
176.172,8562,8183,8192,
176.181,8538,8219,8216,
176.191,8553,8230,8216,
176.201,8544,8222,8218,
176.212,8546,8219,8218,
176.22,8530,8222,8216,
176.232,8546,8230,8210,
176.243,8549,8222,8213,
176.252,8567,8230,8208,
176.261,8556,8214,8210,
176.271,8541,8227,8210,
176.283,8567,8224,8235,
176.293,8553,8227,8216,
176.302,8570,8227,8210,
176.312,8589,8224,8213,
176.321,8576,8237,8223,
176.333,8556,8227,8218,
176.342,8562,8219,8218,
176.351,8553,8227,8216,
176.364,8576,8170,8190,
176.371,8538,8122,8192,
176.382,8514,8193,8205,
176.391,8538,8232,8221,
176.401,8538,8224,8208,
176.413,8527,8214,8213,
176.424,8533,8212,8213,
176.431,8530,8232,8213,
176.44,8541,8224,8216,
176.452,8541,8214,8213,
176.461,8562,8230,8223,
176.469,8562,8217,8205,
176.482,8558,8222,8218,
176.491,8556,8227,8218,
176.502,8556,8224,8210,
176.511,8553,8232,8216,
176.523,8556,8242,8218,
176.53,8565,8245,8216,
176.544,8544,8224,8216,
176.551,8562,8227,8210,
176.561,8567,8209,8213,
176.571,8570,8168,8185,
176.581,8527,8170,8208,
176.591,8533,8230,8210,
176.601,8546,8217,8218,
176.612,8538,8219,8210,
176.622,8538,8222,8213,
176.633,8546,8222,8200,
176.643,8546,8230,8213,
176.651,8549,8219,8228,
176.661,8565,8219,8218,
176.673,8556,8222,8223,
176.68,8578,8222,8223,
176.694,8565,8217,8218,
176.702,8549,8224,8213,
176.712,8549,8222,8213,
176.722,8570,8224,8218,
176.732,8567,8222,8223,
176.742,8567,8224,8216,
176.752,8573,8232,8221,
176.763,8570,8214,8213,
176.771,8586,8193,8192,
176.782,8546,8137,8216,
176.792,8527,8206,8205,
176.801,8530,8224,8226,
176.81,8553,8219,8223,
176.821,8538,8219,8218,
176.832,8533,8232,8216,
176.843,8562,8222,8226,
176.849,8541,8219,8213,
176.862,8553,8230,8221,
176.871,8556,8224,8210,
176.881,8562,8224,8216,
176.892,8556,8227,8205,
176.9,8565,8227,8223,
176.91,8556,8230,8216,
176.919,8558,8214,8213,
176.933,8567,8237,8228,
176.941,8570,8219,8213,
176.95,8565,8222,8216,
176.96,8565,8219,8203,
176.971,8570,8181,8198,
176.98,8533,8183,8205,
176.991,8538,8219,8216,
177.001,8533,8212,8213,
177.011,8533,8209,8213,
177.022,8544,8217,8221,
177.031,8544,8224,8223,
177.04,8546,8224,8216,
177.051,8562,8232,8231,
177.063,8562,8219,8213,
177.075,8558,8224,8213,
177.079,8573,8222,8213,
177.091,8565,8219,8208,
177.101,8573,8217,8216,
177.111,8581,8219,8216,
177.12,8567,8219,8216,
177.13,8567,8222,8213,
177.142,8578,8237,8226,
177.15,8562,8217,8205,
177.16,8584,8209,8210,
177.171,8578,8178,8192,
177.18,8562,8206,8221,
177.189,8549,8227,8213,
177.2,8544,8227,8210,
177.21,8546,8230,8221,
177.219,8530,8217,8210,
177.231,8546,8227,8208,
177.24,8544,8217,8210,
177.251,8538,8230,8213,
177.263,8567,8239,8226,
177.27,8556,8224,8218,
177.281,8565,8230,8221,
177.291,8565,8222,8218,
177.301,8553,8227,8218,
177.311,8565,8219,8218,
177.322,8565,8227,8203,
177.329,8578,8201,8213,
177.339,8565,8222,8218,
177.351,8565,8224,8221,
177.36,8570,8214,8208,
177.369,8581,8159,8185,
177.381,8565,8181,8213,
177.39,8541,8227,8210,
177.401,8546,8209,8203,
177.41,8538,8222,8223,
177.421,8536,8230,8213,
177.432,8541,8219,8226,
177.443,8538,8237,8205,
177.452,8549,8230,8213,
177.46,8556,8219,8203,
177.469,8565,8227,8221,
177.482,8565,8219,8221,
177.489,8565,8245,8210,
177.5,8576,8219,8210,
177.51,8562,8230,8216,
177.519,8562,8209,8210,
177.529,8570,8224,8216,
177.541,8556,8232,8213,
177.552,8573,8232,8213,
177.56,8578,8206,8200,
177.571,8558,8124,8190,
177.58,8536,8165,8210,
177.59,8530,8227,8216,
177.602,8556,8219,8213,
177.611,8525,8237,8213,
177.622,8541,8222,8218,
177.631,8538,8212,8210,
177.64,8553,8222,8216,
177.651,8558,8222,8221,
177.66,8567,8224,8221,
177.669,8562,8227,8218,
177.68,8570,8224,8226,
177.691,8573,8224,8223,
177.699,8565,8219,8223,
177.712,8558,8237,8221,
177.719,8553,8230,8218,
177.73,8567,8222,8223,
177.741,8556,8224,8221,
177.748,8570,8224,8228,
177.76,8570,8201,8218,
177.771,8573,8129,8192,
177.779,8536,8193,8216,
177.788,8530,8219,8208,
177.799,8536,8212,8216,
177.809,8536,8222,8221,
177.819,8527,8214,8208,
177.829,8538,8230,8208,
177.838,8553,8217,8213,
177.851,8544,8227,8216,
177.862,8565,8237,8223,
177.872,8562,8230,8213,
177.879,8576,8227,8221,
177.889,8562,8219,8221,
177.901,8567,8222,8216,
177.911,8553,8224,8216,
177.918,8544,8242,8223,
177.929,8570,8239,8216,
177.939,8567,8219,8216,
177.95,8565,8255,8218,
177.961,8565,8204,8208,
177.97,8586,8142,8192,
177.98,8556,8193,8223,
177.991,8549,8224,8223,
178.001,8541,8230,8203,
178.01,8536,8222,8205,
178.02,8549,8227,8221,
178.029,8544,8230,8221,
178.04,8549,8224,8210,
178.05,8562,8219,8216,
178.058,8558,8230,8226,
178.069,8553,8242,8226,
178.079,8558,8217,8203,
178.09,8562,8222,8221,
178.098,8570,8224,8226,
178.11,8578,8219,8210,
178.12,8549,8224,8216,
178.128,8556,8222,8210,
178.139,8553,8222,8208,
178.15,8570,8217,8216,
178.16,8565,8224,8205,
178.169,8570,8106,8195,
178.179,8541,8168,8218,
178.19,8562,8232,8226,
178.2,8546,8219,8216,
178.21,8549,8224,8221,
178.221,8533,8217,8205,
178.228,8536,8224,8210,
178.239,8553,8224,8210,
178.249,8553,8230,8218,
178.259,8565,8217,8218,
178.271,8541,8227,8216,
178.278,8562,8227,8213,
178.29,8553,8232,8218,
178.299,8558,8219,8226,
178.31,8544,8227,8208,
178.32,8573,8224,8213,
178.327,8570,8222,8221,
178.338,8578,8230,8208,
178.347,8565,8230,8228,
178.358,8573,8217,8195,
178.368,8578,8109,8195,
178.38,8570,8173,8213,
178.389,8565,8230,8223,
178.4,8549,8217,8208,
178.408,8530,8217,8210,
178.421,8536,8227,8216,
178.43,8544,8227,8213,
178.439,8546,8222,8210,
178.45,8549,8222,8213,
178.461,8562,8227,8218,
178.468,8565,8230,8213,
178.478,8567,8222,8218,
178.489,8553,8222,8216,
178.499,8562,8232,8226,
178.509,8562,8227,8216,
178.518,8558,8217,8210,
178.53,8573,8230,8208,
178.539,8562,8219,8216,
178.55,8562,8222,8213,
178.558,8581,8206,8203,
178.567,8573,8087,8195,
178.579,8556,8188,8221,
178.591,8544,8224,8210,
178.598,8541,8217,8221,
178.607,8549,8224,8216,
178.618,8544,8227,8223,
178.628,8556,8222,8221,
178.639,8558,8222,8231,
178.648,8549,8222,8213,
178.659,8553,8222,8218,
178.669,8562,8227,8216,
178.678,8556,8230,8213,
178.687,8562,8230,8210,
178.698,8556,8219,8216,
178.709,8562,8227,8213,
178.719,8565,8217,8221,
178.728,8546,8209,8210,
178.738,8565,8227,8221,
178.749,8565,8232,8221,
178.758,8578,8222,8203,
178.767,8578,8165,8192,
178.778,8538,8155,8208,
178.787,8522,8206,8213,
178.798,8549,8224,8218,
178.81,8538,8217,8213,
178.818,8530,8217,8216,
178.826,8538,8214,8216,
178.837,8546,8214,8210,
178.847,8558,8214,8213,
178.858,8544,8227,8213,
178.866,8567,8224,8208,
178.877,8576,8224,8221,
178.888,8558,8224,8216,
178.897,8562,8219,8218,
178.906,8556,8245,8228,
178.919,8565,8224,8221,
178.929,8556,8232,8223,
178.94,8562,8204,8218,
178.948,8567,8222,8213,
178.957,8573,8183,8205,
178.97,8578,8148,8195,
178.977,8538,8155,8213,
178.989,8533,8227,8208,
178.997,8541,8214,8216,
179.01,8536,8222,8221,
179.019,8527,8224,8216,
179.027,8527,8217,8221,
179.041,8546,8214,8213,
179.049,8541,8224,8221,
179.058,8553,8224,8231,
179.067,8556,8222,8210,
179.079,8562,8217,8218,
179.088,8567,8239,8205,
179.097,8562,8224,8216,
179.109,8558,8237,8221,
179.118,8562,8230,8216,
179.129,8549,8222,8208,
179.138,8565,8222,8218,
179.149,8578,8217,8218,
179.159,8581,8219,8200,
179.17,8562,8124,8198,
179.179,8536,8188,8216,
179.189,8536,8230,8208,
179.196,8533,8227,8218,
179.209,8536,8217,8213,
179.218,8549,8222,8226,
179.228,8536,8217,8218,
179.24,8546,8230,8216,
179.247,8556,8224,8221,
179.257,8562,8219,8216,
179.268,8562,8222,8223,
179.277,8549,8232,8216,
179.287,8565,8219,8205,
179.298,8565,8230,8213,
179.308,8556,8219,8216,
179.317,8556,8222,8221,
179.328,8549,8230,8216,
179.339,8562,8209,8210,
179.349,8573,8227,8231,
179.358,8573,8204,8205,
179.369,8578,8137,8190,
179.378,8570,8155,8216,
179.388,8541,8214,8216,
179.397,8544,8217,8210,
179.407,8549,8217,8208,
179.417,8527,8222,8213,
179.427,8533,8227,8213,
179.436,8538,8214,8221,
179.447,8556,8217,8228,
179.456,8562,8239,8221,
179.465,8567,8224,8221,
179.477,8541,8227,8218,
179.485,8562,8227,8226,
179.496,8562,8224,8221,
179.511,8558,8239,8226,
179.517,8565,8212,8216,
179.529,8562,8227,8226,
179.535,8549,8222,8210,
179.546,8581,8230,8218,
179.557,8589,8217,8192,
179.567,8565,8129,8190,
179.575,8544,8150,8208,
179.586,8549,8230,8218,
179.596,8544,8227,8221,
179.608,8536,8227,8210,
179.616,8541,8224,8223,
179.628,8530,8222,8216,
179.636,8544,8222,8216,
179.648,8567,8230,8218,
179.658,8549,8237,8226,
179.666,8567,8232,8226,
179.678,8567,8224,8213,
179.689,8562,8219,8208,
179.695,8567,8222,8216,
179.706,8546,8230,8203,
179.719,8565,8217,8221,
179.725,8578,8214,8210,
179.737,8549,8230,8208,
179.747,8562,8237,8216,
179.756,8567,8224,8208,
179.765,8586,8129,8192,
179.778,8541,8199,8208,
179.787,8538,8209,8205,
179.795,8533,8219,8210,
179.807,8549,8212,8213,
179.817,8541,8227,8213,
179.829,8533,8219,8216,
179.838,8556,8222,8221,
179.844,8549,8232,8221,
179.856,8544,8227,8203,
179.869,8553,8222,8216,
179.878,8549,8219,8218,
179.886,8562,8224,8216,
179.895,8549,8239,8223,
179.91,8565,8230,8223,
179.915,8553,8230,8216,
179.927,8565,8219,8221,
179.936,8544,8230,8210,
179.946,8570,8224,8218,
179.958,8578,8175,8205,
179.968,8562,8175,8187,
179.977,8536,8181,8210,
179.986,8549,8217,8213,
179.995,8541,8232,8213,
180.005,8538,8217,8203,
180.016,8546,8217,8210,
180.024,8538,8237,8218,
180.038,8541,8227,8218,
180.045,8558,8222,8210,
180.058,8567,8224,8218,
180.066,8546,8219,8216,
180.076,8553,8227,8223,
180.086,8558,8237,8208,
180.098,8565,8219,8223,
180.107,8562,8222,8208,
180.117,8558,8222,8210,
180.125,8556,8232,8216,
180.136,8553,8232,8218,
180.144,8562,8224,8216,
180.157,8565,8214,8195,
180.166,8573,8122,8198,
180.176,8544,8193,8213,
180.187,8562,8242,8221,
180.196,8544,8217,8218,
180.206,8546,8227,8216,
180.214,8544,8222,8216,
180.225,8556,8224,8208,
180.237,8546,8224,8208,
180.244,8549,8232,8216,
180.259,8546,8237,8221,
180.265,8562,8227,8210,
180.277,8565,8230,8213,
180.288,8556,8222,8228,
180.295,8576,8222,8231,
180.304,8556,8230,8216,
180.317,8567,8212,8210,
180.325,8565,8222,8223,
180.336,8562,8214,8218,
180.347,8567,8230,8218,
180.355,8570,8209,8205,
180.367,8576,8132,8195,
180.376,8567,8159,8221,
180.386,8538,8239,8216,
180.395,8546,8227,8216,
180.406,8549,8212,8205,
180.415,8538,8227,8218,
180.427,8553,8224,8213,
180.435,8565,8222,8213,
180.447,8565,8219,8218,
180.457,8546,8227,8228,
180.467,8549,8219,8208,
180.475,8556,8217,8221,
180.487,8553,8224,8223,
180.494,8562,8222,8213,
180.507,8573,8214,8228,
180.516,8562,8222,8213,
180.525,8567,8230,8218,
180.535,8553,8239,8218,
180.55,8578,8227,8218,
180.557,8570,8209,8205,
180.567,8581,8127,8203,
180.576,8541,8159,8210,
180.586,8525,8222,8208,
180.597,8536,8219,8218,
180.603,8530,8219,8210,
180.616,8553,8222,8210,
180.627,8536,8222,8210,
180.634,8546,8222,8216,
180.648,8553,8239,8213,
180.657,8565,8227,8208,
180.666,8570,8224,8221,
180.677,8553,8239,8226,
180.686,8573,8227,8226,
180.696,8544,8227,8223,
180.706,8553,8232,8213,
180.716,8562,8230,8216,
180.726,8556,8230,8228,
180.735,8573,8224,8223,
180.746,8562,8219,8208,
180.755,8584,8173,8203,
180.766,8546,8129,8195,
180.774,8530,8186,8213,
180.786,8530,8227,8216,
180.796,8541,8232,8205,
180.806,8538,8212,8226,
180.814,8538,8227,8210,
180.825,8544,8217,8216,
180.836,8544,8222,8205,
180.844,8546,8222,8213,
180.853,8573,8230,8210,
180.867,8565,8224,8221,
180.877,8573,8227,8218,
180.885,8565,8227,8210,
180.897,8556,8214,8216,
180.904,8565,8224,8218,
180.914,8565,8222,8216,
180.926,8558,8217,8226,
180.935,8556,8219,8223,
180.947,8553,8224,8221,
180.956,8567,8214,8208,
180.965,8573,8142,8198,
180.975,8544,8168,8208,
180.984,8538,8222,8218,
180.993,8556,8217,8210,
181.005,8553,8214,8216,
181.016,8541,8217,8216,
181.026,8536,8217,8223,
181.037,8549,8230,8221,
181.045,8546,8222,8223,
181.054,8562,8237,8213,
181.066,8565,8227,8210,
181.074,8546,8222,8218,
181.085,8562,8222,8210,
181.093,8565,8232,8218,
181.106,8549,8227,8213,
181.115,8562,8227,8226,
181.124,8562,8222,8210,
181.137,8549,8227,8223,
181.144,8565,8222,8223,
181.153,8584,8212,8198,
181.165,8556,8140,8187,
181.173,8530,8155,8218,
181.186,8530,8227,8210,
181.196,8538,8219,8223,
181.204,8538,8214,8210,
181.216,8525,8230,8213,
181.225,8544,8232,8216,
181.238,8538,8227,8221,
181.247,8541,8224,8210,
181.254,8565,8219,8218,
181.266,8565,8224,8210,
181.273,8546,8242,8200,
181.283,8553,8232,8216,
181.294,8553,8222,8208,
181.306,8565,8217,8221,
181.316,8562,8222,8221,
181.322,8562,8237,8221,
181.335,8549,8227,8213,
181.344,8553,8237,8223,
181.355,8567,8204,8198,
181.364,8570,8161,8187,
181.373,8538,8201,8216,
181.385,8533,8227,8213,
181.394,8549,8214,8221,
181.406,8533,8230,8216,
181.413,8541,8224,8210,
181.424,8533,8230,8213,
181.435,8549,8212,8205,
181.446,8546,8227,8216,
181.454,8558,8232,8210,
181.462,8567,8227,8228,
181.474,8541,8222,8216,
181.485,8556,8219,8223,
181.493,8549,8217,8221,
181.503,8565,8230,8221,
181.514,8553,8237,8213,
181.526,8567,8227,8216,
181.534,8562,8227,8221,
181.543,8573,8219,8216,
181.555,8584,8196,8203,
181.563,8570,8159,8195,
181.574,8522,8199,8208,
181.582,8522,8230,8221,
181.595,8538,8219,8218,
181.606,8522,8227,8213,
181.613,8525,8227,8221,
181.623,8536,8222,8223,
181.635,8533,8219,8213,
181.644,8553,8219,8216,
181.655,8546,8224,8213,
181.665,8544,8230,8208,
181.674,8558,8206,8216,
181.685,8556,8230,8221,
181.694,8558,8237,8216,
181.706,8546,8237,8213,
181.712,8553,8232,8213,
181.725,8570,8224,8228,
181.735,8556,8217,8216,
181.745,8567,8217,8213,
181.753,8570,8204,8208,
181.765,8576,8137,8198,
181.775,8565,8214,8218,
181.784,8544,8222,8210,
181.794,8565,8224,8210,
181.803,8544,8222,8213,
181.813,8538,8230,8216,
181.824,8536,8217,8218,
181.835,8549,8230,8216,
181.844,8546,8224,8213,
181.854,8558,8232,8216,
181.864,8558,8227,8210,
181.875,8567,8227,8223,
181.883,8562,8224,8208,
181.894,8549,8224,8216,
181.902,8570,8224,8210,
181.915,8565,8237,8218,
181.924,8562,8224,8213,
181.936,8562,8237,8218,
181.944,8570,8230,8218,
181.954,8573,8196,8203,
181.962,8589,8148,8187,
181.974,8573,8175,8216,
181.984,8556,8219,8221,
181.992,8562,8214,8210,
182.005,8544,8232,8216,
182.015,8546,8224,8210,
182.024,8538,8230,8218,
182.032,8558,8212,8210,
182.045,8562,8227,8210,
182.053,8562,8230,8221,
182.064,8558,8222,8218,
182.073,8558,8209,8216,
182.085,8570,8224,8213,
182.093,8565,8224,8210,
182.101,8553,8230,8205,
182.113,8549,8222,8226,
182.125,8567,8212,8223,
182.132,8565,8222,8221,
182.142,8562,8219,8218,
182.155,8578,8188,8195,
182.164,8549,8159,8192,
182.173,8525,8183,8208,
182.182,8558,8232,8210,
182.195,8533,8232,8210,
182.205,8544,8214,8208,
182.215,8530,8212,8218,
182.223,8541,8227,8221,
182.232,8541,8219,8213,
182.245,8565,8222,8210,
182.255,8570,8219,8218,
182.266,8538,8227,8216,
182.273,8556,8222,8213,
182.282,8573,8217,8213,
182.294,8558,8209,8216,
182.305,8556,8227,8218,
182.315,8558,8224,8228,
182.322,8567,8224,8213,
182.334,8567,8224,8213,
182.344,8562,8222,8205,
182.352,8576,8199,8195,
182.362,8586,8193,8195,
182.371,8556,8209,8213,
182.382,8549,8224,8210,
182.393,8541,8222,8221,
182.405,8536,8222,8218,
182.413,8536,8232,8223,
182.423,8538,8222,8216,
182.433,8544,8224,8223,
182.443,8546,8222,8218,
182.452,8538,8219,8216,
182.464,8567,8227,8223,
182.473,8553,8224,8226,
182.482,8562,8227,8218,
182.492,8562,8222,8221,
182.502,8562,8222,8221,
182.516,8562,8232,8231,
182.523,8570,8227,8221,
182.534,8562,8219,8213,
182.542,8553,8214,8216,
182.553,8573,8212,8203,
182.563,8584,8175,8192,
182.573,8544,8153,8208,
182.582,8541,8219,8205,
182.591,8525,8227,8208,
182.602,8538,8222,8216,
182.611,8527,8224,8216,
182.624,8544,8230,8210,
182.633,8546,8219,8210,
182.643,8558,8222,8221,
182.653,8565,8217,8210,
182.663,8565,8222,8216,
182.671,8570,8217,8226,
182.684,8562,8214,8231,
182.69,8565,8227,8221,
182.702,8567,8227,8213,
182.713,8553,8222,8223,
182.721,8553,8245,8221,
182.732,8576,8230,8213,
182.741,8565,8227,8226,
182.752,8570,8199,8200,
182.764,8573,8150,8190,
182.773,8549,8159,8213,
182.783,8530,8232,8216,
182.793,8544,8222,8223,
182.804,8544,8222,8218,
182.814,8549,8214,8216,
182.823,8538,8219,8208,
182.831,8544,8217,8218,
182.844,8562,8230,8221,
182.854,8546,8219,8231,
182.863,8570,8219,8218,
182.873,8558,8232,8213,
182.884,8565,8219,8226,
182.894,8573,8239,8223,
182.904,8565,8224,8210,
182.914,8573,8222,8216,
182.922,8565,8232,8221,
182.933,8567,8230,8213,
182.941,8562,8239,8208,
182.951,8576,8217,8210,
182.962,8594,8145,8192,
182.973,8556,8173,8218,
182.984,8567,8214,8221,
182.992,8556,8219,8221,
183.002,8536,8217,8221,
183.013,8536,8219,8208,
183.024,8538,8214,8216,
183.031,8546,8224,8208,
183.042,8556,8219,8210,
183.053,8556,8227,8213,
183.062,8558,8222,8216,
183.074,8546,8217,8218,
183.082,8546,8209,8210,
183.093,8562,8224,8213,
183.101,8565,8242,8223,
183.116,8565,8227,8218,
183.122,8556,8232,8218,
183.131,8549,8237,8205,
183.141,8558,8219,8221,
183.153,8567,8219,8195,
183.163,8562,8132,8187,
183.172,8556,8217,8216,
183.181,8538,8227,8221,
183.191,8541,8222,8216,
183.202,8546,8232,8216,
183.212,8530,8230,8205,
183.222,8544,8217,8218,
183.23,8556,8230,8216,
183.241,8546,8237,8210,
183.252,8549,8222,8218,
183.262,8558,8230,8218,
183.27,8546,8217,8221,
183.283,8565,8232,8221,
183.291,8556,8224,8218,
183.3,8549,8227,8213,
183.311,8558,8224,8218,
183.322,8541,8214,8208,
183.333,8562,8224,8216,
183.344,8562,8239,8213,
183.353,8567,8206,8205,
183.362,8570,8124,8203,
183.372,8544,8168,8218,
183.382,8538,8239,8223,
183.391,8533,8219,8213,
183.402,8536,8219,8218,
183.411,8527,8222,8210,
183.422,8533,8227,8221,
183.43,8546,8219,8221,
183.442,8538,8227,8203,
183.453,8562,8212,8228,
183.46,8556,8219,8218,
183.473,8553,8237,8221,
183.48,8556,8232,8205,
183.493,8565,8227,8235,
183.5,8567,8227,8203,
183.512,8558,8222,8228,
183.521,8576,8227,8216,
183.536,8553,8217,8213,
183.541,8558,8230,8213,
183.552,8570,8212,8210,
183.562,8576,8178,8195,
183.571,8527,8212,8205,
183.579,8527,8222,8213,
183.592,8536,8237,8213,
183.601,8536,8219,8218,
183.612,8522,8219,8213,
183.62,8541,8222,8223,
183.629,8549,8227,8208,
183.641,8556,8230,8221,
183.652,8549,8227,8213,
183.66,8565,8237,8221,
183.669,8558,8230,8221,
183.68,8562,8222,8223,
183.692,8565,8232,8218,
183.7,8565,8230,8216,
183.712,8558,8239,8216,
183.723,8558,8224,8218,
183.729,8558,8219,8218,
183.741,8562,8217,8221,
183.751,8581,8206,8190,
183.761,8562,8127,8195,
183.771,8536,8170,8208,
183.78,8541,8230,8213,
183.793,8544,8219,8213,
183.8,8546,8217,8218,
183.811,8533,8222,8210,
183.82,8544,8222,8208,
183.833,8546,8219,8218,
183.84,8562,8224,8221,
183.851,8541,8219,8208,
183.86,8541,8222,8213,
183.871,8541,8232,8213,
183.88,8549,8232,8223,
183.892,8553,8232,8216,
183.9,8541,8219,8216,
183.912,8544,8232,8205,
183.923,8538,8227,8216,
183.93,8546,8227,8210,
183.939,8556,8212,8210,
183.951,8546,8150,8205,
183.963,8522,8124,8192,
183.972,8514,8191,8216,
183.982,8522,8227,8213,
183.99,8522,8219,8208,
184.001,8517,8219,8216,
184.011,8511,8224,8213,
184.022,8527,8224,8213,
184.03,8562,8230,8213,
184.041,8581,8219,8218,
184.051,8611,8212,8223,
184.062,8630,8219,8231,
184.072,8624,8206,8223,
184.082,8656,8217,8226,
184.091,8689,8209,8241,
184.1,8707,8209,8243,
184.112,8702,8206,8243,
184.121,8718,8206,8246,
184.131,8710,8201,8248,
184.14,8758,8199,8248,
184.149,8772,8196,8228,
184.161,8813,8178,8208,
184.171,8783,8181,8254,
184.178,8780,8191,8259,
184.19,8788,8181,8266,
184.201,8793,8183,8256,
184.213,8804,8178,8261,
184.22,8799,8188,8269,
184.229,8824,8181,8261,
184.241,8836,8183,8272,
184.25,8841,8178,8269,
184.263,8860,8183,8264,
184.269,8855,8170,8272,
184.28,8850,8178,8269,
184.291,8855,8170,8272,
184.302,8869,8170,8282,
184.311,8871,8170,8279,
184.319,8879,8181,8282,
184.328,8882,8178,8279,
184.342,8916,8170,8272,
184.35,8996,8155,8256,
184.359,9035,8161,8216,
184.371,8921,8170,8277,
184.379,8889,8165,8290,
184.391,8897,8165,8292,
184.401,8894,8170,8295,
184.41,8891,8168,8292,
184.418,8897,8161,8297,
184.432,8889,8165,8292,
184.439,8894,8168,8292,
184.45,8897,8168,8292,
184.461,8889,8170,8292,
184.471,8882,8168,8295,
184.479,8889,8168,8284,
184.493,8877,8168,8292,
184.5,8877,8175,8295,
184.512,8874,8170,8287,
184.518,8877,8168,8290,
184.53,8877,8165,8297,
184.539,8885,8161,8284,
184.549,8949,8168,8246,
184.562,9012,8161,8223,
184.57,8913,8168,8254,
184.579,8866,8175,8292,
184.59,8869,8170,8290,
184.6,8860,8168,8292,
184.61,8866,8168,8295,
184.62,8874,8175,8290,
184.631,8866,8173,8295,
184.642,8866,8173,8295,
184.65,8879,8168,8292,
184.66,8889,8161,8287,
184.672,8885,8161,8287,
184.681,8897,8168,8287,
184.691,8899,8161,8295,
184.7,8894,8161,8292,
184.71,8897,8170,8287,
184.72,8897,8170,8295,
184.73,8902,8168,8287,
184.74,8889,8173,8292,
184.75,8985,8159,8259,
184.76,9187,8188,8223,
184.771,8993,8168,8274,
184.779,8926,8161,8297,
184.789,8899,8170,8300,
184.799,8899,8168,8295,
184.811,8899,8161,8292,
184.819,8897,8168,8292,
184.831,8899,8168,8292,
184.843,8891,8168,8302,
184.85,8897,8161,8290,
184.859,8897,8168,8290,
184.87,8905,8168,8292,
184.881,8899,8161,8290,
184.889,8891,8165,8297,
184.901,8891,8165,8290,
184.909,8891,8168,8290,
184.919,8885,8165,8297,
184.929,8897,8170,8284,
184.941,8897,8170,8292,
184.948,8969,8159,8254,
184.96,9176,8181,8259,
184.968,8996,8153,8269,
184.981,8899,8165,8302,
184.989,8891,8168,8292,
185,8882,8168,8297,
185.011,8889,8161,8292,
185.022,8879,8168,8295,
185.028,8885,8168,8282,
185.04,8879,8168,8300,
185.05,8871,8170,8300,
185.06,8899,8165,8282,
185.069,8899,8159,8287,
185.08,8891,8168,8287,
185.089,8879,8165,8287,
185.097,8889,8168,8292,
185.109,8891,8161,8287,
185.118,8879,8168,8292,
185.127,8871,8165,8292,
185.139,8882,8168,8292,
185.148,8960,8168,8251,
185.159,9074,8170,8210,
185.17,9012,8170,8238,
185.18,8874,8173,8300,
185.188,8863,8173,8290,
185.2,8858,8170,8284,
185.211,8855,8173,8284,
185.221,8850,8173,8287,
185.231,8858,8170,8292,
185.24,8863,8173,8290,
185.25,8852,8173,8287,
185.258,8852,8170,8295,
185.27,8871,8173,8282,
185.279,8855,8173,8279,
185.289,8863,8161,8290,
185.298,8874,8165,8292,
185.309,8869,8168,8287,
185.32,8871,8161,8282,
185.329,8871,8170,8284,
185.339,8871,8168,8284,
185.348,8957,8168,8246,
185.359,9050,8161,8208,
185.368,8983,8170,8231,
185.379,8874,8173,8284,
185.388,8855,8173,8282,
185.397,8855,8168,8277,
185.41,8860,8175,8287,
185.418,8858,8173,8284,
185.428,8860,8175,8282,
185.44,8858,8181,8287,
185.448,8874,8170,8284,
185.459,8863,8175,8290,
185.467,8863,8175,8290,
185.48,8860,8181,8284,
185.489,8860,8168,8282,
185.499,8863,8168,8284,
185.507,8869,8165,8274,
185.519,8863,8170,8284,
185.528,8863,8168,8279,
185.539,8860,8168,8290,
185.547,8918,8168,8248,
185.56,9015,8155,8210,
185.57,8891,8165,8251,
185.577,8852,8165,8277,
185.59,8839,8168,8279,
185.601,8813,8181,8282,
185.61,8816,8170,8274,
185.62,8844,8175,8269,
185.629,8830,8173,8287,
185.639,8839,8170,8269,
185.648,8839,8173,8274,
185.661,8830,8170,8277,
185.667,8830,8178,8277,
185.677,8852,8173,8287,
185.686,8863,8168,8282,
185.698,8850,8170,8282,
185.71,8852,8170,8277,
185.717,8858,8173,8284,
185.727,8844,8170,8282,
185.74,8858,8173,8284,
185.75,8930,8168,8246,
185.758,9007,8155,8216,
185.768,8889,8170,8246,
185.779,8832,8168,8277,
185.789,8819,8170,8277,
185.798,8830,8170,8274,
185.81,8811,8173,8277,
185.816,8824,8173,8277,
185.828,8822,8175,8274,
185.837,8830,8168,8272,
185.848,8827,8175,8277,
185.857,8830,8168,8282,
185.868,8822,8173,8272,
185.879,8824,8168,8272,
185.891,8839,8170,8272,
185.898,8836,8173,8274,
185.911,8836,8173,8284,
185.917,8847,8170,8277,
185.929,8824,8181,8284,
185.938,8871,8170,8269,
185.946,8963,8165,8226,
185.958,8999,8161,8203,
185.967,8910,8173,8248,
185.977,8832,8161,8284,
185.988,8824,8165,8284,
186,8827,8168,8279,
186.009,8852,8173,8279,
186.017,8841,8170,8284,
186.029,8858,8173,8287,
186.038,8863,8168,8282,
186.049,8855,8178,8284,
186.058,8863,8161,8295,
186.067,8866,8170,8279,
186.079,8860,8168,8279,
186.088,8855,8168,8284,
186.098,8852,8170,8277,
186.11,8847,8168,8277,
186.118,8850,8170,8284,
186.13,8832,8173,8282,
186.136,8847,8173,8282,
186.147,8910,8170,8259,
186.157,8996,8159,8203,
186.167,8921,8173,8238,
186.178,8858,8161,8282,
186.187,8824,8175,8279,
186.197,8832,8165,8269,
186.207,8824,8170,8274,
186.219,8824,8168,8282,
186.228,8836,8175,8282,
186.239,8836,8170,8272,
186.247,8841,8168,8274,
186.258,8841,8175,8279,
186.267,8832,8178,8277,
186.278,8836,8170,8274,
186.288,8839,8173,8279,
186.297,8836,8173,8282,
186.306,8836,8170,8279,
186.321,8824,8178,8279,
186.328,8832,8165,8266,
186.339,8839,8165,8282,
186.35,8910,8168,8238,
186.356,8974,8165,8205,
186.369,8894,8168,8241,
186.379,8827,8175,8272,
186.39,8808,8168,8274,
186.397,8813,8170,8279,
186.406,8811,8175,8264,
186.417,8808,8168,8274,
186.429,8832,8170,8279,
186.436,8824,8178,8282,
186.448,8827,8175,8277,
186.457,8827,8170,8272,
186.467,8832,8175,8277,
186.479,8839,8175,8279,
186.487,8841,8168,8266,
186.498,8827,8175,8269,
186.508,8824,8168,8272,
186.518,8827,8178,8266,
186.528,8819,8178,8264,
186.538,8830,8173,8274,
186.547,8897,8168,8228,
186.557,8946,8170,8203,
186.566,8882,8173,8226,
186.578,8808,8173,8274,
186.587,8808,8175,8266,
186.597,8793,8175,8269,
186.606,8791,8178,8266,
186.619,8802,8175,8261,
186.629,8793,8181,8261,
186.638,8796,8178,8266,
186.646,8799,8181,8272,
186.658,8799,8186,8269,
186.668,8802,8178,8269,
186.678,8783,8186,8266,
186.687,8783,8183,8264,
186.698,8785,8183,8261,
186.707,8788,8175,8266,
186.719,8783,8181,8261,
186.727,8788,8186,8277,
186.738,8783,8183,8264,
186.746,8844,8173,8238,
186.758,8905,8165,8205,
186.767,8802,8168,8251,
186.778,8772,8178,8256,
186.786,8761,8186,8269,
186.798,8761,8178,8259,
186.807,8753,8186,8256,
186.818,8758,8183,8256,
186.827,8761,8175,8264,
186.835,8758,8183,8256,
186.848,8758,8183,8254,
186.857,8747,8183,8261,
186.864,8747,8183,8259,
186.879,8733,8186,8259,
186.887,8758,8186,8251,
186.896,8736,8196,8248,
186.906,8750,8178,8261,
186.917,8750,8183,8251,
186.928,8750,8183,8266,
186.939,8750,8188,8246,
186.948,8793,8170,8226,
186.956,8811,8170,8210,
186.966,8761,8183,8243,
186.977,8736,8193,8251,
186.987,8725,8191,8248,
186.995,8727,8188,8256,
187.005,8721,8186,8248,
187.016,8718,8186,8243,
187.026,8733,8183,8251,
187.036,8721,8186,8251,
187.047,8725,8191,8261,
187.057,8713,8193,8251,
187.066,8713,8193,8248,
187.075,8718,8191,8246,
187.085,8713,8196,8248,
187.098,8705,8206,8248,
187.108,8705,8199,8246,
187.117,8705,8204,8241,
187.126,8699,8204,8248,
187.135,8705,8199,8246,
187.147,8756,8186,8213,
187.157,8745,8165,8198,
187.167,8699,8183,8241,
187.176,8697,8199,8251,
187.188,8689,8199,8248,
187.196,8686,8183,8238,
187.205,8675,8196,8246,
187.216,8683,8196,8246,
187.226,8694,8193,8243,
187.237,8691,8193,8238,
187.245,8691,8196,8243,
187.254,8694,8196,8246,
187.266,8689,8193,8243,
187.276,8686,8201,8238,
187.286,8678,8193,8243,
187.295,8686,8201,8241,
187.308,8680,8191,8243,
187.315,8664,8204,8241,
187.327,8664,8206,8235,
187.336,8670,8199,8248,
187.347,8686,8193,8216,
187.355,8691,8159,8200,
187.368,8644,8161,8223,
187.375,8632,8217,8228,
187.387,8653,8204,8228,
187.395,8639,8201,8228,
187.406,8632,8199,8226,
187.415,8635,8201,8238,
187.425,8627,8201,8231,
187.434,8635,8209,8235,
187.445,8632,8201,8243,
187.456,8622,8214,8235,
187.465,8622,8204,8235,
187.478,8622,8214,8223,
187.486,8622,8214,8235,
187.496,8611,8222,8228,
187.504,8613,8212,8226,
187.514,8600,8204,8221,
187.524,8608,8214,8223,
187.534,8603,8214,8226,
187.546,8600,8204,8213,
187.557,8600,8140,8190,
187.566,8586,8199,8218,
187.578,8581,8206,8221,
187.587,8578,8209,8223,
187.596,8570,8206,8216,
187.605,8565,8214,8218,
187.615,8565,8219,8228,
187.627,8549,8227,8216,
187.637,8549,8212,8216,
187.646,8544,8230,8210,
187.657,8536,8230,8218,
187.669,8538,8224,8216,
187.678,8533,8230,8218,
187.684,8522,8232,8210,
187.696,8522,8222,8198,
187.706,8503,8239,8216,
187.716,8500,8230,8208,
187.727,8500,8224,8205,
187.735,8503,8230,8200,
187.746,8495,8206,8190,
187.757,8487,8168,8190,
187.764,8487,8173,8203,
187.776,8498,8245,8216,
187.787,8492,8250,8213,
187.798,8471,8224,8195,
187.806,8463,8239,8200,
187.816,8476,8247,8208,
187.826,8458,8227,8195,
187.835,8455,8237,8200,
187.845,8442,8239,8190,
187.856,8423,8227,8203,
187.866,8433,8217,8198,
187.878,8409,8245,8208,
187.887,8398,8245,8177,
187.897,8393,8257,8198,
187.906,8369,8232,8195,
187.916,8382,8263,8185,
187.927,8364,8239,8192,
187.936,8353,8247,8195,
187.947,8334,8214,8180,
187.958,8310,8217,8182,
187.968,8318,8230,8190,
187.976,8307,8288,8198,
187.985,8307,8237,8185,
187.995,8307,8232,8187,
188.006,8304,8252,8182,
188.017,8283,8250,8180,
188.027,8283,8247,8177,
188.036,8273,8260,8180,
188.047,8283,8232,8195,
188.055,8271,8242,8180,
188.065,8291,8255,8185,
188.076,8257,8247,8190,
188.085,8244,8268,8174,
188.097,8263,8270,8180,
188.106,8244,8260,8177,
188.116,8254,8265,8182,
188.124,8233,8257,8185,
188.136,8233,8217,8180,
188.147,8217,8257,8172,
188.156,8185,8155,8177,
188.167,8225,8232,8185,
188.176,8217,8250,8192,
188.186,8227,8252,8182,
188.195,8182,8296,8182,
188.204,8206,8260,8180,
188.215,8198,8252,8185,
188.225,8219,8278,8185,
188.234,8198,8291,8190,
188.246,8230,8268,8177,
188.255,8206,8263,8185,
188.263,8174,8268,8185,
188.277,8185,8270,8180,
188.285,8195,8283,8187,
188.294,8174,8281,8174,
188.307,8141,8288,8180,
188.314,8198,8242,8180,
188.325,8179,8294,8195,
188.336,8182,8230,8180,
188.345,8139,8170,8157,
188.354,8131,8237,8180,
188.364,8147,8145,8174,
188.377,8195,8273,8174,
188.386,8133,8255,8172,
188.396,8158,8294,8185,
188.405,8171,8260,8174,
188.416,8166,8265,8180,
188.425,8144,8281,8185,
188.435,8177,8270,8167,
188.444,8192,8265,8180,
188.456,8160,8296,8177,
188.465,8179,8286,8180,
188.475,8182,8304,8172,
188.485,8195,8265,8185,
188.494,8217,8308,8185,
188.506,8192,8273,8177,
188.517,8177,8260,8174,
188.525,8171,8273,8172,
188.535,8171,8273,8180,
188.547,8182,8201,8177,
188.553,8171,8212,8169,
188.566,8211,8239,8177,
188.578,8200,8276,8174,
188.586,8225,8265,8182,
188.595,8230,8273,8177,
188.605,8217,8270,8185,
188.614,8208,8260,8185,
188.623,8222,8237,8190,
188.635,8254,8255,8187,
188.645,8246,8255,8180,
188.656,8257,8301,8182,
188.664,8260,8263,8177,
188.674,8276,8227,8182,
188.684,8271,8288,8185,
188.693,8268,8230,8180,
188.704,8263,8299,8195,
188.715,8252,8276,8190,
188.723,8249,8263,8182,
188.736,8260,8294,8182,
188.745,8252,8227,8190,
188.755,8227,8153,8167,
188.764,8254,8313,8182,
188.775,8260,8250,8192,
188.783,8235,8270,8174,
188.793,8260,8260,8169,
188.803,8246,8255,8200,
188.817,8246,8263,8185,
188.824,8249,8276,8182,
188.833,8249,8273,8172,
188.844,8260,8252,8185,
188.856,8279,8255,8195,
188.863,8235,8250,8190,
188.875,8252,8308,8185,
188.885,8249,8315,8182,
188.895,8268,8255,8187,
188.905,8257,8263,8180,
188.914,8227,8278,8182,
188.925,8238,8268,8177,
188.933,8206,8239,8177,
188.944,8235,8214,8185,
188.955,8177,8186,8167,
188.963,8254,8217,8180,
188.974,8214,8265,8177,
188.985,8185,8252,8157,
188.993,8235,8252,8177,
189.004,8208,8286,8172,
189.014,8214,8247,8185,
189.024,8217,8278,8163,
189.036,8211,8276,8180,
189.042,8200,8245,8177,
189.053,8211,8247,8187,
189.066,8222,8255,8190,
189.074,8222,8252,8180,
189.084,8195,8245,8161,
189.095,8246,8281,8180,
189.105,8241,8260,8180,
189.113,8241,8232,8177,
189.122,8222,8252,8174,
189.133,8246,8304,8187,
189.145,8230,8199,8169,
189.153,8185,8237,8167,
189.162,8206,8217,8182,
189.173,8222,8281,8163,
189.183,8227,8237,8185,
189.195,8230,8296,8182,
189.203,8222,8245,8177,
189.213,8238,8268,8185,
189.226,8206,8250,8174,
189.235,8235,8278,8187,
189.244,8222,8270,8172,
189.253,8238,8239,8185,
189.263,8214,8278,8182,
189.273,8233,8263,8180,
189.285,8230,8288,8185,
189.294,8252,8291,8190,
189.304,8233,8252,8185,
189.314,8241,8255,8185,
189.323,8225,8308,8187,
189.334,8235,8250,8180,
189.343,8235,8168,8182,
189.354,8206,8219,8180,
189.362,8244,8199,8182,
189.373,8219,8247,8174,
189.382,8235,8260,8180,
189.393,8225,8286,8180,
189.403,8244,8281,8182,
189.415,8222,8288,8180,
189.424,8238,8255,8187,
189.434,8233,8260,8190,
189.443,8241,8281,8200,
189.454,8225,8263,8177,
189.465,8233,8263,8182,
189.473,8244,8257,8192,
189.485,8246,8286,8180,
189.495,8257,8294,8174,
189.503,8283,8260,8177,
189.513,8283,8252,8169,
189.525,8268,8278,8185,
189.536,8283,8239,8185,
189.542,8273,8170,8177,
189.553,8268,8155,8174,
189.562,8307,8181,8190,
189.574,8288,8281,8185,
189.585,8304,8245,8192,
189.593,8331,8250,8190,
189.602,8345,8255,8187,
189.615,8350,8250,8190,
189.624,8387,8247,8192,
189.632,8414,8247,8205,
189.643,8431,8265,8210,
189.653,8484,8230,8200,
189.663,8514,8237,8205,
189.672,8533,8239,8210,
189.684,8578,8245,8226,
189.696,8611,8232,8221,
189.703,8632,8222,8238,
189.715,8670,8222,8235,
189.722,8686,8222,8235,
189.734,8716,8214,8243,
189.742,8761,8186,8208,
189.756,8758,8142,8205,
189.764,8747,8161,8246,
189.774,8764,8193,8272,
189.783,8788,8188,8264,
189.793,8799,8183,8269,
189.802,8804,8191,8261,
189.812,8816,8183,8269,
189.822,8844,8181,8274,
189.833,8839,8183,8277,
189.843,8850,8170,8264,
189.854,8852,8175,8277,
189.864,8852,8178,8277,
189.873,8858,8178,8277,
189.882,8863,8178,8282,
189.91,8860,8175,8274,
189.911,8866,8173,8290,
189.911,8850,8181,8282,
189.923,8863,8175,8277,
189.934,8852,8175,8282,
189.943,8918,8168,8254,
189.954,8974,8159,8210,
189.964,8889,8170,8248,
189.973,8844,8168,8277,
189.982,8847,8168,8264,
189.991,8844,8168,8279,
190.003,8852,8168,8274,
190.011,8844,8170,8274,
190.022,8839,8175,8274,
190.035,8844,8170,8266,
190.044,8844,8175,8277,
190.053,8841,8161,8282,
190.063,8847,8161,8279,
190.072,8860,8168,8277,
190.083,8850,8165,8279,
190.093,8847,8173,8287,
190.103,8858,8168,8282,
190.113,8852,8168,8277,
190.122,8850,8178,8282,
190.133,8858,8168,8274,
190.144,8936,8161,8231,
190.153,8949,8165,8221,
190.164,8869,8175,8248,
190.174,8832,8173,8282,
190.184,8827,8170,8269,
190.195,8836,8168,8272,
190.204,8827,8173,8277,
190.21,8839,8159,8279,
190.223,8836,8173,8282,
190.231,8844,8168,8284,
190.241,8844,8175,8277,
190.25,8836,8173,8277,
190.263,8847,8173,8279,
190.27,8841,8170,8277,
190.28,8841,8175,8274,
190.294,8841,8175,8279,
190.304,8836,8173,8287,
190.312,8839,8168,8277,
190.321,8844,8173,8277,
190.334,8844,8173,8277,
190.341,8926,8165,8241,
190.353,8969,8165,8216,
190.363,8882,8175,8259,
190.372,8832,8175,8274,
190.383,8830,8178,8272,
190.395,8827,8173,8272,
190.401,8830,8173,8272,
190.41,8839,8168,8279,
190.422,8836,8168,8279,
190.432,8827,8175,8274,
190.443,8839,8170,8272,
190.451,8822,8170,8279,
190.462,8830,8170,8269,
190.473,8804,8175,8272,
190.483,8827,8170,8274,
190.493,8827,8175,8279,
190.501,8832,8178,8277,
190.513,8827,8173,8272,
190.521,8830,8175,8277,
190.531,8824,8178,8272,
190.541,8897,8168,8246,
190.553,8965,8161,8216,
190.563,8863,8165,8256,
190.572,8830,8173,8282,
190.584,8819,8168,8279,
190.592,8816,8168,8277,
190.602,8811,8173,8282,
190.612,8822,8173,8274,
190.621,8804,8175,8279,
190.634,8811,8175,8277,
190.642,8811,8175,8272,
190.654,8811,8178,8272,
190.66,8813,8173,8272,
190.672,8804,8175,8274,
190.684,8808,8178,8277,
190.693,8811,8181,8272,
190.701,8802,8173,8266,
190.712,8799,8178,8269,
190.72,8799,8181,8272,
190.734,8813,8183,8259,
190.742,8860,8175,8246,
190.753,8910,8168,8203,
190.763,8836,8155,8241,
190.772,8785,8181,8266,
190.78,8788,8175,8259,
190.794,8772,8181,8264,
190.801,8783,8181,8254,
190.81,8785,8173,8259,
190.821,8788,8173,8261,
190.83,8780,8181,8266,
190.841,8785,8181,8256,
190.852,8785,8178,8266,
190.861,8774,8178,8264,
190.871,8772,8181,8269,
190.882,8777,8183,8259,
190.891,8777,8186,8261,
190.903,8780,8188,8272,
190.909,8772,8186,8261,
190.92,8780,8181,8272,
190.931,8780,8183,8261,
190.943,8824,8173,8228,
190.951,8858,8165,8216,
190.962,8793,8153,8241,
190.973,8777,8186,8256,
190.981,8764,8183,8261,
190.991,8753,8175,8261,
191.001,8761,8183,8254,
191.012,8753,8183,8251,
191.023,8766,8181,8256,
191.031,8761,8181,8259,
191.042,8758,8178,8261,
191.05,8764,8186,8259,
191.06,8741,8188,8259,
191.071,8756,8186,8256,
191.081,8747,8183,8254,
191.091,8758,8181,8259,
191.102,8745,8186,8254,
191.112,8741,8186,8254,
191.122,8750,8188,8256,
191.132,8750,8183,8254,
191.142,8788,8173,8226,
191.151,8793,8165,8208,
191.16,8745,8159,8231,
191.172,8721,8170,8264,
191.182,8716,8188,8248,
191.191,8718,8186,8248,
191.202,8718,8186,8248,
191.212,8718,8181,8238,
191.22,8707,8186,8251,
191.231,8727,8193,8254,
191.242,8721,8188,8251,
191.249,8721,8191,8251,
191.262,8710,8193,8248,
191.271,8716,8193,8251,
191.282,8707,8193,8246,
191.291,8702,8199,8256,
191.301,8707,8199,8256,
191.312,8713,8191,8246,
191.322,8702,8193,8248,
191.331,8705,8199,8243,
191.341,8725,8186,8228,
191.349,8738,8193,8216,
191.362,8697,8173,8246,
191.371,8702,8193,8246,
191.381,8702,8191,8235,
191.392,8686,8196,8246,
191.4,8694,8193,8251,
191.411,8689,8199,8243,
191.421,8683,8196,8243,
191.431,8691,8193,8246,
191.441,8683,8199,8254,
191.451,8683,8204,8231,
191.46,8680,8201,8246,
191.47,8670,8196,8241,
191.479,8667,8206,8243,
191.492,8664,8209,8238,
191.502,8670,8206,8243,
191.509,8664,8204,8238,
191.519,8664,8206,8246,
191.531,8661,8206,8238,
191.539,8686,8199,8221,
191.551,8689,8165,8200,
191.561,8664,8186,8226,
191.573,8656,8209,8228,
191.581,8656,8193,8228,
191.591,8650,8204,8238,
191.599,8647,8204,8228,
191.61,8642,8199,8231,
191.62,8642,8199,8243,
191.631,8650,8201,8246,
191.64,8650,8206,8246,
191.65,8650,8214,8238,
191.66,8650,8214,8235,
191.67,8650,8206,8238,
191.678,8650,8206,8226,
191.69,8632,8212,8228,
191.701,8624,8212,8235,
191.71,8630,8219,8228,
191.719,8624,8214,8221,
191.729,8624,8209,8216,
191.742,8644,8206,8213,
191.75,8611,8117,8195,
191.76,8586,8181,8218,
191.769,8600,8209,8228,
191.78,8594,8212,8223,
191.789,8586,8209,8221,
191.8,8586,8212,8223,
191.809,8581,8209,8221,
191.819,8605,8209,8223,
191.831,8592,8212,8226,
191.841,8589,8217,8223,
191.851,8589,8214,8218,
191.859,8576,8219,8218,
191.87,8589,8217,8226,
191.882,8565,8227,8216,
191.89,8556,8219,8218,
191.899,8546,8239,8210,
191.91,8549,8219,8218,
191.92,8546,8222,8213,
191.93,8544,8227,8208,
191.94,8530,8214,8203,
191.949,8509,8145,8182,
191.962,8487,8159,8205,
191.97,8461,8239,8205,
191.979,8458,8230,8208,
191.99,8442,8232,8200,
191.999,8428,8237,8200,
192.011,8425,8222,8208,
192.02,8425,8252,8205,
192.031,8420,8239,8200,
192.04,8406,8219,8200,
192.05,8385,8239,8192,
192.059,8398,8247,8190,
192.071,8372,8247,8190,
192.079,8377,8230,8200,
192.09,8364,8255,8203,
192.1,8358,8242,8198,
192.11,8337,8245,8180,
192.121,8320,8255,8195,
192.131,8310,8239,8198,
192.139,8299,8188,8180,
192.148,8276,8188,8167,
192.16,8271,8212,8174,
192.168,8271,8276,8195,
192.184,8273,8245,8187,
192.189,8254,8242,8190,
192.2,8235,8239,8172,
192.208,8260,8250,8182,
192.22,8273,8260,8187,
192.231,8241,8260,8192,
192.24,8252,8247,8177,
192.25,8222,8245,8192,
192.259,8263,8239,8180,
192.27,8257,8245,8187,
192.279,8254,8273,8187,
192.288,8249,8247,8190,
192.298,8222,8260,8177,
192.309,8233,8278,8174,
192.32,8230,8237,8177,
192.33,8233,8286,8182,
192.339,8214,8219,8177,
192.351,8203,8186,8174,
192.358,8254,8106,8180,
192.37,8268,8281,8192,
192.381,8241,8242,8198,
192.388,8241,8250,8169,
192.4,8257,8278,8185,
192.409,8225,8252,8185,
192.42,8249,8263,8180,
192.431,8238,8265,8172,
192.441,8260,8276,8172,
192.45,8241,8252,8169,
192.461,8238,8270,8192,
192.469,8225,8257,8185,
192.478,8238,8308,8185,
192.49,8257,8255,8177,
192.5,8241,8257,8180,
192.51,8222,8308,8177,
192.518,8241,8247,8187,
192.529,8244,8263,8177,
192.54,8238,8222,8182,
192.549,8211,8219,8172,
192.56,8276,8219,8180,
192.57,8252,8252,8198,
192.579,8271,8270,8190,
192.588,8249,8255,8182,
192.6,8227,8255,8177,
192.61,8263,8273,8182,
192.618,8249,8247,8177,
192.628,8246,8263,8185,
192.639,8257,8265,8182,
192.65,8246,8227,8177,
192.658,8273,8308,8195,
192.669,8252,8255,8177,
192.679,8268,8273,8180,
192.688,8257,8247,8187,
192.699,8273,8260,8172,
192.708,8252,8252,8182,
192.719,8260,8257,8180,
192.728,8263,8242,8167,
192.741,8238,8186,8187,
192.747,8217,8212,8169,
192.758,8235,8281,8182,
192.771,8233,8224,8180,
192.781,8235,8283,8180,
192.787,8241,8270,8177,
192.799,8241,8257,8180,
192.81,8257,8273,8190,
192.818,8252,8291,8167,
192.829,8254,8265,8190,
192.837,8254,8270,8185,
192.85,8235,8255,8195,
192.86,8273,8286,8192,
192.87,8288,8219,8190,
192.879,8271,8263,8187,
192.888,8249,8265,8182,
192.898,8246,8257,8169,
192.909,8293,8263,8177,
192.916,8291,8257,8190,
192.929,8283,8239,8182,
192.939,8276,8206,8157,
192.95,8271,8159,8174,
192.957,8291,8142,8187,
192.968,8285,8252,8190,
192.979,8283,8265,8195,
192.988,8307,8245,8190,
192.998,8304,8204,8174,
193.007,8331,8278,8190,
193.019,8334,8278,8192,
193.029,8331,8268,8182,
193.04,8361,8247,8195,
193.046,8347,8252,8198,
193.057,8372,8245,8187,
193.068,8398,8260,8210,
193.078,8390,8242,8190,
193.088,8406,8250,8185,
193.099,8390,8260,8208,
193.108,8401,8255,8180,
193.118,8406,8252,8195,
193.126,8393,8245,8195,
193.137,8404,8206,8187,
193.148,8390,8117,8182,
193.158,8404,8206,8195,
193.168,8390,8260,8195,
193.18,8393,8257,8187,
193.19,8393,8237,8203,
193.198,8372,8239,8190,
193.208,8366,8230,8187,
193.217,8379,8245,8185,
193.24,8377,8257,8187,
193.241,8372,8242,8190,
193.249,8358,8250,8187,
193.258,8382,8224,8198,
193.269,8350,8255,8200,
193.278,8364,8232,8187,
193.289,8350,8260,8185,
193.298,8345,8242,8198,
193.308,8350,8270,8187,
193.318,8334,8270,8190,
193.328,8342,8230,8192,
193.338,8323,8245,8174,
193.348,8299,8209,8172,
193.359,8315,8175,8187,
193.369,8318,8296,8169,
193.38,8312,8255,8190,
193.389,8312,8219,8187,
193.401,8304,8255,8177,
193.41,8310,8250,8190,
193.421,8323,8263,8182,
193.428,8331,8239,8192,
193.437,8345,8239,8195,
193.448,8334,8232,8180,
193.458,8347,8242,8185,
193.467,8366,8247,8192,
193.477,8366,8224,8203,
193.488,8369,8257,8192,
193.498,8401,8239,8192,
193.508,8409,8227,8198,
193.518,8423,8255,8195,
193.528,8455,8263,8187,
193.539,8473,8193,8187,
193.551,8484,8140,8192,
193.557,8500,8188,8205,
193.568,8527,8237,8226,
193.578,8546,8232,8223,
193.586,8567,8227,8198,
193.595,8581,8224,8226,
193.61,8597,8232,8235,
193.618,8622,8219,8231,
193.629,8639,8209,8235,
193.637,8659,8214,8228,
193.647,8670,8222,8235,
193.656,8675,8206,8241,
193.669,8699,8212,8241,
193.678,8702,8214,8238,
193.687,8710,8204,8251,
193.696,8721,8206,8241,
193.709,8733,8206,8251,
193.717,8745,8199,8248,
193.727,8758,8199,8254,
193.736,8780,8193,8235,
193.746,8811,8168,8218,
193.757,8769,8161,8243,
193.768,8764,8175,8251,
193.778,8750,8186,8259,
193.788,8750,8193,8251,
193.796,8738,8188,8248,
193.807,8756,8183,8259,
193.815,8761,8193,8256,
193.829,8769,8183,8251,
193.838,8764,8183,8274,
193.849,8774,8188,8251,
193.858,8785,8183,8272,
193.867,8783,8183,8259,
193.878,8799,8186,8272,
193.888,8793,8191,8279,
193.897,8802,8186,8264,
193.909,8804,8181,8261,
193.918,8796,8186,8269,
193.928,8819,8186,8254,
193.938,8858,8188,8241,
193.948,8918,8161,8216,
193.957,8850,8153,8238,
193.967,8804,8170,8261,
193.976,8793,8181,8269,
193.988,8793,8173,8261,
193.998,8811,8175,8259,
194.007,8802,8178,8264,
194.016,8816,8181,8269,
194.027,8811,8183,8272,
194.037,8816,8178,8264,
194.046,8819,8175,8274,
194.059,8811,8181,8277,
194.067,8816,8173,8266,
194.075,8819,8178,8264,
194.089,8832,8181,8274,
194.096,8830,8175,8274,
194.107,8819,8173,8272,
194.116,8832,8173,8269,
194.126,8827,8181,8269,
194.138,8894,8168,8235,
194.146,8930,8161,8213,
194.156,8871,8173,8243,
194.168,8816,8175,8261,
194.177,8804,8170,8269,
194.187,8793,8181,8274,
194.194,8816,8165,8272,
194.208,8827,8178,8272,
194.216,8819,8175,8264,
194.227,8830,8181,8269,
194.236,8813,8173,8274,
194.246,8816,8181,8269,
194.255,8813,8178,8269,
194.266,8813,8173,8266,
194.277,8813,8178,8274,
194.285,8819,8175,8261,
194.297,8808,8175,8269,
194.306,8816,8173,8277,
194.318,8804,8181,8266,
194.329,8816,8178,8266,
194.337,8899,8168,8223,
194.346,8897,8161,8218,
194.358,8816,8168,8254,
194.366,8793,8173,8269,
194.375,8788,8175,8264,
194.386,8785,8173,8259,
194.396,8785,8178,8264,
194.405,8780,8175,8264,
194.417,8780,8175,8266,
194.427,8780,8181,8254,
194.436,8783,8181,8256,
194.445,8783,8178,8269,
194.456,8780,8183,8259,
194.467,8769,8181,8272,
194.476,8777,8183,8254,
194.486,8774,8183,8259,
194.497,8769,8183,8251,
194.506,8769,8181,8272,
194.517,8772,8183,8259,
194.528,8780,8183,8259,
194.535,8802,8173,8246,
194.546,8832,8168,8221,
194.554,8761,8148,8246,
194.568,8764,8175,8256,
194.575,8747,8175,8254,
194.588,8758,8178,8251,
194.598,8753,8178,8251,
194.606,8750,8181,8254,
194.616,8745,8178,8254,
194.626,8753,8183,8264,
194.637,8764,8181,8251,
194.646,8750,8186,8261,
194.659,8753,8183,8248,
194.667,8745,8183,8254,
194.676,8750,8188,8259,
194.685,8736,8188,8254,
194.698,8745,8188,8248,
194.705,8761,8186,8259,
194.715,8741,8183,8259,
194.728,8750,8188,8264,
194.736,8780,8181,8231,
194.744,8791,8173,8213,
194.754,8738,8161,8231,
194.766,8736,8183,8254,
194.778,8733,8186,8251,
194.787,8725,8181,8261,
194.798,8738,8186,8248,
194.804,8727,8183,8251,
194.817,8725,8193,8256,
194.825,8718,8186,8256,
194.838,8727,8191,8254,
194.846,8718,8188,8251,
194.855,8730,8186,8246,
194.865,8736,8191,8243,
194.875,8713,8196,8254,
194.887,8713,8193,8251,
194.898,8710,8191,8254,
194.907,8707,8199,8246,
194.917,8694,8191,8246,
194.927,8710,8199,8246,
194.936,8733,8175,8223,
194.947,8738,8170,8208,
194.956,8689,8159,8228,
194.967,8683,8196,8238,
194.978,8683,8191,8231,
194.986,8686,8193,8241,
194.997,8683,8193,8251,
195.006,8683,8199,8248,
195.017,8689,8199,8246,
195.026,8680,8191,8246,
195.036,8675,8196,8246,
195.045,8683,8201,8246,
195.055,8678,8196,8243,
195.067,8675,8201,8241,
195.077,8678,8196,8241,
195.083,8686,8193,8246,
195.095,8683,8199,8231,
195.103,8678,8199,8246,
195.115,8670,8212,8238,
195.126,8675,8196,8238,
195.136,8686,8188,8213,
195.145,8694,8119,8208,
195.156,8659,8183,8231,
195.166,8650,8201,8238,
195.175,8664,8196,8238,
195.184,8656,8204,8226,
195.196,8650,8199,8235,
195.206,8635,8206,8241,
195.214,8661,8212,8226,
195.226,8659,8196,8241,
195.235,8659,8204,8243,
195.246,8661,8212,8243,
195.256,8659,8196,8235,
195.267,8661,8201,8238,
195.275,8659,8209,8241,
195.286,8661,8204,8238,
195.296,8664,8209,8246,
195.306,8667,8206,8235,
195.315,8650,8201,8238,
195.327,8664,8196,8243,
195.336,8670,8201,8218,
195.346,8678,8145,8200,
195.357,8639,8178,8226,
195.367,8639,8209,8241,
195.376,8632,8209,8223,
195.385,8632,8199,8228,
195.395,8632,8209,8243,
195.405,8635,8209,8235,
195.415,8622,8204,8238,
195.426,8616,8206,8235,
195.435,8622,8214,8228,
195.445,8624,8204,8228,
195.456,8619,8201,8231,
195.466,8624,8209,8231,
195.475,8622,8212,8228,
195.484,8611,8212,8228,
195.493,8608,8214,8231,
195.504,8611,8212,8226,
195.515,8613,8217,8226,
195.524,8611,8217,8218,
195.536,8624,8193,8205,
195.546,8586,8165,8192,
195.554,8567,8175,8213,
195.566,8570,8193,8228,
195.577,8576,8212,8223,
195.585,8558,8201,8223,
195.595,8553,8201,8218,
195.605,8556,8206,8228,
195.613,8546,8212,8213,
195.624,8544,8214,8218,
195.636,8522,8224,8210,
195.644,8522,8217,8221,
195.653,8506,8224,8213,
195.665,8492,8224,8205,
195.673,8487,8224,8208,
195.684,8476,8217,8203,
195.696,8461,8245,8208,
195.705,8433,8242,8200,
195.714,8436,8247,8198,
195.724,8412,8245,8200,
195.736,8377,8188,8185,
195.745,8345,8212,8174,
195.753,8350,8199,8192,
195.767,8329,8242,8177,
195.776,8304,8222,8192,
195.785,8299,8265,8187,
195.798,8296,8239,8185,
195.805,8288,8270,8190,
195.817,8288,8242,8177,
195.824,8279,8257,8185,
195.836,8273,8232,8187,
195.845,8246,8268,8174,
195.854,8222,8283,8174,
195.866,8244,8227,8161,
195.874,8222,8291,8180,
195.883,8246,8268,8177,
195.894,8235,8250,8185,
195.905,8188,8255,8172,
195.913,8177,8281,8180,
195.926,8200,8257,8192,
195.935,8177,8230,8174,
195.944,8144,8155,8169,
195.953,8198,8183,8177,
195.964,8192,8268,8185,
195.973,8158,8281,8187,
195.982,8174,8270,8182,
195.994,8152,8296,8182,
196.004,8136,8232,8182,
196.014,8150,8276,8177,
196.024,8144,8278,8172,
196.034,8166,8283,8177,
196.043,8185,8283,8177,
196.053,8144,8286,8180,
196.064,8160,8288,8187,
196.074,8192,8276,8180,
196.083,8195,8265,8169,
196.095,8150,8291,8187,
196.104,8150,8260,8174,
196.114,8179,8214,8174,
196.125,8152,8270,8169,
196.134,8160,8188,8177,
196.144,8128,8268,8174,
196.154,8163,8250,8177,
196.164,8144,8288,8172,
196.174,8155,8308,8169,
196.187,8136,8268,8169,
196.193,8144,8227,8177,
196.204,8133,8260,8185,
196.214,8128,8242,8190,
196.222,8136,8291,8172,
196.237,8179,8296,8172,
196.244,8141,8308,8157,
196.252,8114,8276,8180,
196.267,8136,8308,8180,
196.276,8163,8268,8177,
196.284,8109,8291,8172,
196.293,8182,8281,8180,
196.304,8097,8270,8177,
196.313,8136,8336,8163,
196.325,8163,8308,8172,
196.332,8120,8188,8161,
196.343,8128,8114,8161,
196.356,8139,8268,8169,
196.364,8166,8310,8180,
196.375,8125,8268,8172,
196.384,8117,8286,8174,
196.396,8160,8260,8172,
196.406,8144,8308,8182,
196.415,8177,8301,8172,
196.423,8168,8283,8180,
196.432,8147,8260,8180,
196.444,8141,8291,8182,
196.454,8152,8270,8180,
196.464,8160,8265,8169,
196.473,8163,8247,8182,
196.483,8166,8252,8182,
196.492,8152,8286,8185,
196.503,8160,8242,8185,
196.514,8198,8255,8192,
196.524,8139,8247,8182,
196.535,8103,8132,8174,
196.541,8069,8186,8172,
196.554,8144,8224,8182,
196.562,8185,8245,8174,
196.575,8103,8276,8163,
196.582,8155,8230,8180,
196.591,8125,8257,8192,
196.603,8133,8227,8169,
196.612,8144,8265,8169,
196.623,8182,8250,8172,
196.633,8114,8245,8180,
196.643,8112,8250,8180,
196.654,8128,8301,8182,
196.663,8117,8308,8167,
196.674,8141,8304,8174,
196.684,8125,8281,8174,
196.693,8152,8247,8185,
196.706,8150,8296,8177,
196.713,8120,8281,8185,
196.722,8155,8230,8185,
196.733,8141,8232,8185,
196.742,8083,8119,8174,
196.754,8131,8237,8180,
196.764,8174,8308,8185,
196.774,8147,8273,8163,
196.784,8133,8255,8185,
196.793,8131,8270,8182,
196.801,8144,8286,8185,
196.815,8155,8237,8187,
196.824,8144,8245,8177,
196.832,8136,8301,8180,
196.844,8158,8299,8177,
196.855,8160,8263,8182,
196.863,8139,8265,8167,
196.874,8141,8278,8172,
196.883,8152,8301,8185,
196.895,8136,8341,8174,
196.903,8131,8250,8161,
196.915,8144,8283,8190,
196.921,8114,8252,8172,
196.934,8141,8255,8187,
196.943,8125,8170,8182,
196.955,8128,8308,8172,
196.963,8141,8219,8185,
196.973,8150,8328,8172,
196.984,8131,8278,8177,
196.992,8117,8288,8169,
197.002,8144,8265,8185,
197.012,8160,8263,8185,
197.023,8174,8291,8177,
197.031,8155,8299,8182,
197.044,8155,8263,8167,
197.053,8208,8245,8182,
197.063,8171,8268,8187,
197.075,8166,8270,8180,
197.084,8188,8268,8192,
197.092,8188,8301,8180,
197.102,8214,8245,8182,
197.112,8241,8294,8172,
197.124,8203,8276,8177,
197.133,8219,8159,8177,
197.142,8177,8173,8157,
197.154,8214,8315,8180,
197.163,8195,8247,8185,
197.173,8230,8278,8172,
197.182,8225,8242,8187,
197.194,8200,8245,8177,
197.204,8217,8288,8174,
197.215,8203,8291,8180,
197.221,8225,8257,8177,
197.233,8227,8245,8174,
197.241,8252,8278,8187,
197.252,8244,8288,8180,
197.263,8230,8278,8182,
197.271,8244,8270,8182,
197.281,8233,8286,8185,
197.294,8263,8242,8185,
197.3,8227,8281,8180,
197.312,8254,8245,8180,
197.323,8235,8286,8177,
197.331,8227,8201,8180,
197.342,8195,8201,8163,
197.353,8233,8286,8180,
197.362,8238,8301,8185,
197.373,8225,8296,8177,
197.382,8219,8237,8180,
197.39,8238,8255,8177,
197.403,8233,8281,8177,
197.415,8230,8245,8190,
197.421,8211,8237,8174,
197.432,8265,8245,8180,
197.442,8225,8286,8182,
197.453,8227,8288,8187,
197.462,8192,8288,8182,
197.471,8225,8242,8172,
197.482,8230,8286,8187,
197.491,8198,8270,8185,
197.503,8195,8245,8180,
197.515,8222,8263,8163,
197.521,8188,8288,8177,
197.534,8211,8291,8187,
197.543,8155,8168,8172,
197.553,8203,8204,8177,
197.562,8211,8242,8185,
197.573,8233,8294,8180,
197.581,8185,8288,8185,
197.592,8222,8252,8182,
197.6,8195,8260,8177,
197.613,8188,8255,8177,
197.622,8198,8252,8180,
197.632,8246,8247,8180,
197.643,8203,8308,8169,
197.653,8198,8247,8177,
197.663,8235,8239,8177,
197.671,8211,8265,8167,
197.684,8246,8276,8187,
197.692,8233,8273,8187,
197.702,8217,8257,8177,
197.711,8225,8245,8195,
197.722,8211,8273,8182,
197.731,8211,8237,8187,
197.741,8177,8239,8177,
197.752,8235,8270,8174,
197.764,8225,8255,8187,
197.772,8235,8273,8187,
197.781,8233,8260,8185,
197.794,8238,8288,8177,
197.803,8260,8281,8190,
197.813,8241,8281,8180,
197.821,8241,8239,8182,
197.832,8260,8252,8180,
197.842,8273,8278,8192,
197.85,8268,8245,8190,
197.861,8246,8283,8182,
197.873,8268,8268,8180,
197.881,8249,8281,8190,
197.893,8271,8270,8185,
197.901,8254,8257,8177,
197.911,8268,8291,8169,
197.923,8241,8245,8182,
197.933,8238,8270,8172,
197.94,8233,8204,8167,
197.954,8265,8250,8180,
197.961,8260,8242,8187,
197.971,8257,8245,8187,
197.981,8257,8237,8182,
197.99,8257,8263,8177,
197.999,8230,8286,8190,
198.013,8222,8245,8182,
198.021,8244,8227,8172,
198.03,8260,8270,8174,
198.042,8254,8242,8182,
198.052,8249,8257,8190,
198.062,8252,8260,8187,
198.071,8230,8270,8177,
198.082,8225,8252,8174,
198.09,8235,8217,8185,
198.101,8225,8263,8180,
198.109,8230,8260,8185,
198.123,8225,8250,8180,
198.131,8230,8191,8169,
198.142,8198,8183,8172,
198.154,8230,8214,8187,
198.16,8219,8281,8190,
198.172,8227,8263,8182,
198.181,8230,8268,8187,
198.194,8241,8286,8182,
198.202,8219,8288,8177,
198.213,8230,8252,8185,
198.223,8246,8308,8187,
198.232,8233,8252,8174,
198.242,8246,8252,8180,
198.252,8249,8247,8169,
198.261,8227,8260,8174,
198.271,8254,8252,8180,
198.281,8227,8265,8187,
198.291,8249,8265,8182,
198.302,8257,8257,8172,
198.31,8260,8260,8182,
198.322,8254,8278,8182,
198.33,8241,8239,8182,
198.339,8219,8175,8182,
198.352,8257,8230,8187,
198.361,8252,8308,8182,
198.369,8252,8247,8185,
198.382,8265,8237,8187,
198.39,8254,8265,8192,
198.402,8273,8219,8195,
198.409,8257,8239,8180,
198.421,8271,8265,8195,
198.429,8310,8250,8190,
198.442,8291,8268,8198,
198.451,8279,8247,8185,
198.462,8276,8239,8174,
198.47,8283,8270,8187,
198.482,8283,8291,8185,
198.492,8276,8255,8177,
198.5,8268,8239,8182,
198.511,8265,8294,8177,
198.52,8271,8252,8177,
198.53,8252,8186,8177,
198.541,8244,8188,8180,
198.551,8271,8170,8182,
198.562,8257,8265,8190,
198.572,8288,8227,8190,
198.581,8301,8237,8195,
198.591,8299,8260,8187,
198.6,8334,8250,8192,
198.611,8331,8224,8198,
198.621,8331,8255,8190,
198.631,8356,8260,8200,
198.64,8345,8250,8192,
198.65,8358,8230,8177,
198.66,8377,8270,8213,
198.669,8379,8263,8205,
198.683,8390,8250,8192,
198.691,8412,8252,8203,
198.702,8433,8247,8198,
198.708,8455,8237,8200,
198.721,8498,8242,8205,
198.732,8533,8186,8200,
198.745,8570,8135,8192,
198.752,8584,8150,8200,
198.761,8619,8222,8216,
198.771,8630,8212,8228,
198.782,8624,8217,8218,
198.791,8605,8222,8223,
198.8,8581,8219,8226,
198.811,8584,8214,8216,
198.821,8584,8217,8221,
198.831,8584,8222,8218,
198.841,8573,8227,8223,
198.852,8581,8237,8221,
198.86,8567,8224,8210,
198.872,8570,8227,8218,
198.88,8576,8212,8223,
198.888,8565,8217,8221,
198.901,8581,8214,8218,
198.91,8562,8219,8216,
198.921,8576,8224,8213,
198.93,8576,8209,8218,
198.941,8581,8137,8190,
198.951,8570,8175,8210,
198.96,8565,8224,8218,
198.97,8565,8212,8226,
198.979,8553,8222,8218,
198.991,8549,8222,8205,
199,8553,8214,8221,
199.01,8565,8219,8223,
199.021,8562,8222,8223,
199.031,8570,8217,8216,
199.042,8567,8224,8223,
199.05,8562,8222,8218,
199.061,8570,8219,8218,
199.07,8549,8230,8218,
199.081,8544,8224,8221,
199.088,8556,8227,8218,
199.099,8567,8222,8216,
199.11,8556,8227,8210,
199.12,8576,8230,8208,
199.131,8565,8214,8190,
199.138,8581,8209,8192,
199.15,8567,8196,8218,
199.162,8565,8217,8221,
199.171,8562,8227,8210,
199.181,8541,8214,8203,
199.19,8558,8230,8221,
199.2,8553,8224,8218,
199.208,8567,8227,8226,
199.219,8556,8222,8208,
199.23,8565,8219,8216,
199.241,8567,8227,8223,
199.251,8549,8227,8213,
199.26,8567,8230,8213,
199.269,8567,8227,8216,
199.281,8570,8237,8210,
199.289,8565,8222,8221,
199.301,8567,8222,8210,
199.31,8562,8230,8216,
199.32,8581,8227,8221,
199.332,8584,8209,8200,
199.34,8565,8150,8198,
199.349,8530,8168,8208,
199.359,8517,8214,8221,
199.369,8544,8214,8221,
199.38,8525,8217,8218,
199.389,8527,8212,8210,
199.399,8533,8219,8210,
199.411,8536,8227,8218,
199.419,8538,8224,8218,
199.431,8556,8227,8226,
199.438,8556,8224,8218,
199.449,8553,8224,8213,
199.46,8556,8227,8218,
199.47,8565,8224,8213,
199.479,8578,8224,8208,
199.49,8558,8222,8216,
199.499,8570,8224,8218,
199.51,8565,8219,8218,
199.521,8576,8222,8216,
199.529,8573,8201,8203,
199.539,8558,8140,8190,
199.552,8517,8170,8203,
199.561,8519,8222,8210,
199.571,8530,8230,8210,
199.58,8530,8222,8208,
199.59,8536,8222,8228,
199.6,8536,8217,8216,
199.609,8530,8222,8205,
199.62,8553,8230,8223,
199.63,8558,8227,8221,
199.638,8553,8222,8216,
199.648,8562,8224,8213,
199.66,8573,8232,8221,
199.668,8556,8224,8213,
199.681,8565,8212,8216,
199.688,8553,8219,8210,
199.699,8567,8219,8205,
199.709,8567,8227,8221,
199.72,8562,8232,8213,
199.731,8581,8230,8208,
199.738,8578,8178,8198,
199.75,8538,8145,8205,
199.757,8538,8239,8210,
199.772,8546,8227,8210,
199.778,8541,8212,8218,
199.789,8544,8217,8218,
199.798,8558,8224,8221,
199.811,8541,8227,8210,
199.818,8567,8230,8218,
199.829,8562,8217,8216,
199.839,8570,8219,8223,
199.851,8576,8227,8210,
199.858,8578,8230,8216,
199.87,8576,8227,8216,
199.878,8570,8209,8216,
199.889,8578,8227,8228,
199.9,8584,8224,8221,
199.909,8578,8222,8226,
199.92,8567,8230,8213,
199.93,8578,8204,8208,
199.939,8578,8170,8192,
199.947,8538,8145,8203,
199.959,8527,8252,8216,
199.969,8541,8217,8216,
199.978,8544,8222,8216,
199.988,8530,8224,8208,
199.998,8541,8230,8218,
200.009,8558,8222,8218,
200.018,8546,8222,8216,
200.03,8570,8219,8223,
200.039,8567,8209,8223,
200.047,8553,8242,8218,
200.061,8562,8237,8218,
200.069,8567,8227,8210,
200.08,8570,8224,8213,
200.091,8573,8227,8210,
200.099,8562,8232,8226,
200.11,8565,8242,8203,
200.118,8578,8217,8221,
200.129,8570,8217,8210,
200.138,8570,8175,8185,
200.149,8565,8153,8213,
200.157,8553,8230,8216,
200.169,8538,8217,8226,
200.178,8538,8209,8208,
200.188,8536,8219,8216,
200.201,8527,8224,8213,
200.21,8536,8227,8223,
200.216,8553,8217,8221,
200.227,8553,8230,8216,
200.239,8544,8227,8218,
200.249,8565,8232,8221,
200.259,8556,8222,8226,
200.269,8544,8237,8228,
200.277,8570,8222,8221,
200.287,8562,8237,8216,
200.298,8558,8227,8223,
200.307,8578,8224,8226,
200.32,8567,8227,8218,
200.328,8570,8199,8213,
200.337,8578,8129,8192,
200.348,8553,8170,8210,
200.359,8546,8222,8208,
200.37,8556,8209,8216,
200.378,8541,8214,8218,
200.389,8536,8212,8216,
200.399,8544,8219,8208,
200.408,8549,8219,8216,
200.418,8556,8227,8221,
200.429,8558,8237,8221,
200.438,8565,8217,8221,
200.45,8570,8214,8223,
200.459,8570,8227,8216,
200.468,8565,8230,8213,
200.478,8570,8224,8205,
200.488,8562,8217,8223,
200.496,8562,8217,8216,
200.509,8570,8227,8208,
200.518,8581,8222,8223,
200.53,8581,8181,8200,
200.537,8546,8165,8190,
200.548,8530,8168,8210,
200.56,8538,8232,8208,
200.567,8546,8227,8213,
200.58,8530,8222,8210,
200.588,8536,8230,8210,
200.599,8525,8242,8216,
200.607,8536,8237,8210,
200.621,8546,8219,8216,
200.628,8546,8239,8226,
200.636,8562,8230,8208,
200.648,8565,8227,8216,
200.658,8558,8219,8226,
200.668,8553,8222,8218,
200.679,8556,8237,8231,
200.69,8565,8230,8216,
200.698,8565,8224,8216,
200.707,8576,8219,8221,
200.718,8562,8214,8210,
200.729,8576,8212,8203,
200.738,8586,8145,8192,
200.746,8565,8196,8216,
200.758,8549,8227,8223,
200.767,8546,8224,8213,
200.778,8527,8222,8192,
200.788,8538,8232,8213,
200.798,8541,8209,8216,
200.809,8549,8237,8226,
200.819,8558,8232,8216,
200.829,8558,8219,8216,
200.836,8549,8230,8226,
200.847,8565,8227,8213,
200.859,8556,8224,8221,
200.87,8565,8224,8213,
200.891,8567,8239,8200,
200.892,8570,8232,8226,
200.896,8562,8214,8213,
200.909,8549,8214,8218,
200.918,8565,8227,8203,
200.926,8565,8212,8205,
200.937,8570,8173,8192,
200.948,8562,8183,8221,
200.958,8541,8217,8218,
200.967,8536,8204,8218,
200.976,8538,8222,8218,
200.986,8538,8217,8218,
200.997,8533,8219,8218,
201.008,8544,8222,8223,
201.017,8549,8230,8213,
201.027,8565,8237,8210,
201.037,8556,8222,8221,
201.048,8570,8217,8223,
201.058,8570,8217,8218,
201.067,8578,8222,8213,
201.077,8570,8224,8235,
201.087,8549,8217,8218,
201.097,8567,8224,8216,
201.106,8562,8227,8221,
201.117,8556,8222,8221,
201.128,8573,8212,8200,
201.138,8573,8173,8195,
201.147,8533,8199,8208,
201.159,8538,8209,8213,
201.167,8544,8219,8216,
201.177,8541,8219,8216,
201.187,8519,8219,8218,
201.196,8546,8222,8223,
201.209,8553,8232,8226,
201.218,8553,8224,8213,
201.226,8562,8222,8223,
201.236,8562,8222,8216,
201.249,8558,8227,8213,
201.258,8549,8227,8213,
201.268,8553,8227,8216,
201.276,8562,8222,8218,
201.288,8553,8227,8213,
201.296,8556,8227,8221,
201.306,8549,8227,8221,
201.318,8565,8219,8216,
201.326,8570,8219,8205,
201.337,8567,8148,8195,
201.347,8541,8193,8218,
201.356,8546,8237,8218,
201.366,8541,8214,8223,
201.378,8544,8214,8223,
201.386,8533,8212,8221,
201.396,8527,8224,8218,
201.406,8549,8224,8235,
201.416,8544,8214,8213,
201.429,8553,8219,8228,
201.436,8546,8230,8218,
201.448,8570,8219,8216,
201.456,8553,8232,8218,
201.467,8565,8222,8208,
201.474,8578,8242,8221,
201.486,8562,8227,8218,
201.495,8573,8219,8228,
201.506,8570,8224,8213,
201.517,8576,8224,8223,
201.526,8567,8219,8208,
201.537,8581,8155,8195,
201.547,8549,8199,8216,
201.557,8546,8204,8216,
201.567,8549,8222,8216,
201.576,8549,8217,8213,
201.587,8546,8219,8213,
201.596,8549,8217,8205,
201.605,8541,8230,8210,
201.617,8553,8227,8218,
201.626,8573,8232,8226,
201.637,8553,8222,8218,
201.645,8567,8227,8208,
201.656,8570,8227,8228,
201.665,8562,8224,8205,
201.679,8558,8230,8218,
201.686,8558,8217,8216,
201.695,8549,8237,8210,
201.704,8567,8219,8221,
201.716,8565,8224,8221,
201.726,8565,8206,8195,
201.736,8567,8119,8177,
201.745,8558,8206,8216,
201.756,8536,8237,8216,
201.767,8544,8227,8210,
201.776,8533,8224,8208,
201.786,8541,8224,8218,
201.797,8533,8214,8208,
201.806,8549,8219,8213,
201.818,8553,8232,8221,
201.824,8565,8230,8203,
201.835,8562,8227,8210,
201.848,8570,8227,8231,
201.857,8549,8222,8213,
201.866,8570,8224,8218,
201.875,8565,8222,8221,
201.887,8565,8230,8231,
201.897,8562,8222,8218,
201.905,8562,8227,8218,
201.916,8553,8214,8221,
201.925,8589,8199,8200,
201.937,8549,8111,8195,
201.944,8530,8148,8210,
201.956,8541,8239,8218,
201.964,8530,8224,8205,
201.977,8544,8227,8216,
201.987,8536,8219,8208,
202.004,8541,8222,8216,
202.005,8558,8219,8203,
202.016,8544,8222,8205,
202.027,8567,8222,8221,
202.035,8570,8224,8205,
202.045,8558,8224,8213,
202.057,8565,8232,8216,
202.067,8567,8224,8208,
202.075,8562,8230,8216,
202.087,8567,8232,8231,
202.097,8573,8219,8221,
202.106,8565,8217,8221,
202.115,8576,8224,8213,
202.125,8573,8219,8221,
202.136,8581,8117,8192,
202.145,8541,8170,8205,
202.159,8538,8227,8210,
202.167,8544,8224,8213,
202.175,8541,8217,8210,
202.186,8536,8214,8213,
202.195,8544,8217,8221,
202.204,8541,8209,8218,
202.217,8558,8232,8213,
202.225,8556,8217,8210,
202.235,8562,8227,8213,
202.244,8549,8222,8223,
202.255,8546,8206,8218,
202.268,8562,8212,8223,
202.277,8556,8232,8216,
202.286,8553,8227,8221,
202.295,8549,8222,8216,
202.307,8562,8227,8203,
202.319,8570,8230,8223,
202.325,8576,8168,8195,
202.335,8544,8193,8198,
202.343,8514,8168,8208,
202.357,8514,8239,8216,
202.367,8525,8214,8218,
202.376,8511,8222,8213,
202.386,8519,8219,8208,
202.396,8541,8214,8216,
202.407,8530,8224,8213,
202.415,8538,8227,8226,
202.427,8544,8224,8216,
202.437,8549,8239,8213,
202.448,8565,8227,8210,
202.457,8567,8227,8210,
202.463,8546,8224,8216,
202.474,8553,8227,8210,
202.485,8553,8222,8213,
202.497,8562,8219,8221,
202.505,8565,8219,8216,
202.515,8573,8239,8218,
202.527,8578,8159,8198,
202.537,8549,8109,8190,
202.545,8509,8193,8200,
202.556,8509,8204,8208,
202.564,8530,8239,8210,
202.574,8527,8219,8218,
202.583,8527,8217,8216,
202.597,8538,8212,8218,
202.607,8541,8224,8216,
202.615,8562,8227,8210,
202.627,8558,8227,8221,
202.635,8549,8227,8221,
202.646,8553,8219,8218,
202.656,8567,8227,8216,
202.665,8562,8214,8218,
202.676,8556,8222,8210,
202.687,8562,8224,8216,
202.696,8549,8222,8221,
202.705,8544,8219,8216,
202.713,8573,8227,8213,
202.725,8578,8206,8200,
202.736,8565,8122,8190,
202.746,8530,8159,8216,
202.754,8558,8227,8226,
202.766,8541,8232,8210,
202.775,8546,8224,8223,
202.785,8533,8222,8216,
202.794,8538,8224,8218,
202.807,8544,8219,8208,
202.813,8546,8230,8218,
202.826,8556,8227,8208,
202.835,8562,8230,8223,
202.847,8562,8245,8221,
202.854,8558,8230,8221,
202.866,8570,8224,8216,
202.874,8558,8224,8218,
202.883,8570,8232,8226,
202.896,8562,8230,8218,
202.906,8570,8217,8216,
202.915,8567,8222,8210,
202.926,8576,8206,8216,
202.936,8586,8186,8185,
202.947,8546,8193,8205,
202.955,8533,8230,8213,
202.966,8544,8219,8203,
202.974,8536,8217,8221,
202.984,8536,8222,8213,
202.996,8546,8219,8226,
203.005,8533,8232,8213,
203.015,8544,8227,8216,
203.024,8546,8227,8218,
203.035,8556,8224,8216,
203.044,8541,8232,8218,
203.055,8549,8217,8223,
203.063,8556,8224,8221,
203.075,8562,8227,8210,
203.085,8546,8232,8221,
203.093,8546,8242,8210,
203.103,8556,8227,8223,
203.115,8567,8237,8218,
203.127,8558,8214,8205,
203.136,8576,8168,8198,
203.146,8546,8181,8218,
203.152,8544,8230,8218,
203.165,8533,8224,8213,
203.174,8527,8224,8218,
203.183,8536,8222,8216,
203.194,8541,8222,8213,
203.205,8527,8219,8216,
203.215,8546,8227,8208,
203.225,8549,8230,8210,
203.236,8553,8224,8216,
203.246,8558,8227,8216,
203.255,8556,8214,8213,
203.264,8546,8230,8218,
203.274,8562,8227,8210,
203.283,8562,8214,8210,
203.294,8581,8222,8213,
203.306,8567,8222,8221,
203.316,8567,8214,8205,
203.322,8581,8201,8200,
203.334,8549,8150,8187,
203.346,8519,8155,8213,
203.354,8527,8206,8213,
203.365,8536,8217,8221,
203.375,8530,8230,8218,
203.383,8536,8219,8213,
203.394,8538,8217,8210,
203.404,8538,8222,8216,
203.414,8544,8227,8213,
203.427,8544,8209,8218,
203.435,8573,8222,8218,
203.444,8546,8230,8221,
203.454,8562,8230,8223,
203.464,8556,8222,8216,
203.476,8567,8237,8218,
203.484,8553,8239,8213,
203.494,8556,8214,8213,
203.505,8553,8222,8218,
203.516,8544,8232,8203,
203.523,8562,8217,8210,
203.534,8570,8178,8190,
203.545,8546,8196,8218,
203.555,8556,8230,8226,
203.563,8538,8222,8210,
203.574,8536,8224,8221,
203.583,8530,8214,8208,
203.596,8536,8230,8213,
203.605,8546,8227,8210,
203.614,8562,8230,8210,
203.624,8556,8217,8216,
203.635,8541,8232,8213,
203.644,8556,8239,8218,
203.652,8562,8230,8213,
203.663,8562,8239,8223,
203.672,8546,8227,8210,
203.683,8570,8217,8216,
203.695,8546,8214,8218,
203.705,8567,8224,8226,
203.714,8562,8230,8216,
203.725,8565,8209,8192,
203.735,8567,8135,8187,
203.744,8527,8183,8200,
203.754,8530,8217,8210,
203.765,8541,8217,8208,
203.775,8538,8222,8208,
203.783,8536,8219,8218,
203.793,8527,8227,8198,
203.803,8546,8209,8218,
203.812,8556,8232,8218,
203.821,8549,8230,8216,
203.834,8553,8232,8210,
203.844,8553,8232,8223,
203.853,8562,8224,8216,
203.862,8562,8232,8221,
203.873,8565,8237,8213,
203.883,8565,8224,8213,
203.894,8565,8230,8218,
203.907,8553,8237,8213,
203.912,8565,8222,8216,
203.925,8558,8212,8203,
203.934,8578,8161,8192,
203.947,8558,8219,8213,
203.954,8558,8227,8223,
203.963,8544,8224,8223,
203.973,8538,8232,8218,
203.984,8541,8222,8218,
203.994,8544,8212,8218,
204.002,8553,8222,8218,
204.014,8541,8239,8218,
204.025,8562,8222,8213,
204.031,8570,8224,8221,
204.044,8553,8247,8213,
204.054,8578,8227,8235,
204.063,8553,8227,8221,
204.075,8565,8227,8231,
204.081,8573,8232,8213,
204.095,8549,8222,8223,
204.104,8558,8217,8205,
204.112,8570,8224,8223,
204.123,8573,8201,8195,
204.132,8576,8161,8192,
204.144,8538,8183,8208,
204.154,8536,8209,8213,
204.163,8538,8224,8213,
204.172,8541,8227,8213,
204.184,8527,8230,8218,
204.192,8536,8222,8205,
204.204,8558,8245,8208,
204.213,8549,8224,8223,
204.226,8556,8227,8218,
204.234,8544,8227,8218,
204.242,8544,8245,8213,
204.252,8570,8219,8213,
204.261,8570,8222,8218,
204.275,8553,8230,8223,
204.285,8562,8232,8218,
204.291,8558,8232,8213,
204.302,8573,8232,8205,
204.312,8570,8224,8210,
204.324,8586,8175,8208,
204.334,8562,8135,8195,
204.345,8541,8153,8216,
204.352,8541,8237,8218,
204.365,8556,8219,8213,
204.374,8536,8214,8221,
204.382,8544,8219,8203,
204.392,8530,8217,8216,
204.404,8546,8222,8221,
204.414,8546,8224,8210,
204.422,8567,8227,8221,
204.433,8541,8219,8213,
204.445,8565,8227,8218,
204.454,8549,8232,8213,
204.461,8549,8224,8213,
204.473,8558,8230,8213,
204.483,8567,8222,8216,
204.492,8549,8230,8213,
204.502,8558,8224,8228,
204.513,8570,8227,8210,
204.523,8584,8186,8200,
204.531,8546,8159,8185,
204.545,8525,8191,8213,
204.552,8527,8227,8210,
204.563,8533,8214,8208,
204.572,8533,8224,8223,
204.582,8536,8209,8216,
204.591,8533,8224,8213,
204.602,8549,8224,8218,
204.611,8538,8247,8200,
204.624,8546,8217,8208,
204.63,8565,8232,8221,
204.641,8556,8227,8218,
204.652,8553,8230,8218,
204.662,8562,8239,8231,
204.67,8558,8219,8218,
204.683,8562,8222,8210,
204.692,8558,8242,8216,
204.7,8549,8219,8218,
204.711,8581,8222,8223,
204.72,8567,8201,8203,
204.73,8578,8093,8195,
204.742,8541,8173,8213,
204.754,8536,8224,8208,
204.762,8544,8217,8218,
204.773,8546,8222,8216,
204.782,8533,8222,8216,
204.794,8536,8219,8210,
204.802,8549,8222,8221,
204.81,8544,8237,8221,
204.821,8549,8224,8210,
204.832,8565,8227,8223,
204.844,8556,8237,8221,
204.852,8565,8224,8216,
204.862,8541,8232,8208,
204.873,8556,8227,8223,
204.881,8562,8232,8208,
204.891,8567,8232,8210,
204.902,8546,8227,8216,
204.91,8544,8239,8208,
204.924,8573,8196,8203,
204.932,8570,8132,8182,
204.942,8533,8129,8205,
204.953,8536,8227,8203,
204.964,8553,8222,8221,
204.972,8538,8217,8218,
204.982,8544,8212,8221,
204.991,8541,8222,8200,
205.002,8541,8224,8216,
205.012,8549,8232,8213,
205.022,8553,8237,8221,
205.03,8549,8245,8218,
205.041,8567,8222,8223,
205.053,8546,8232,8216,
205.061,8562,8227,8218,
205.072,8570,8232,8218,
205.084,8576,8217,8223,
205.092,8567,8222,8223,
205.104,8562,8237,8210,
205.112,8578,8230,8216,
205.123,8573,8206,8200,
205.131,8573,8196,8192,
205.142,8538,8173,8208,
205.151,8538,8219,8205,
205.161,8541,8214,8218,
205.171,8533,8217,8218,
205.184,8546,8214,8216,
205.191,8530,8222,8210,
205.202,8544,8227,8221,
205.212,8556,8227,8223,
205.222,8546,8222,8213,
205.231,8549,8232,8218,
205.24,8556,8222,8218,
205.251,8565,8227,8221,
205.263,8567,8242,8218,
205.273,8576,8227,8216,
205.282,8567,8222,8216,
205.291,8565,8224,8226,
205.301,8544,8242,8210,
205.309,8567,8224,8216,
205.322,8567,8209,8192,
205.331,8570,8142,8190,
205.341,8562,8186,8216,
205.351,8549,8232,8218,
205.362,8549,8222,8216,
205.373,8533,8214,8213,
205.382,8544,8224,8213,
205.392,8538,8224,8221,
205.4,8549,8227,8221,
205.413,8556,8224,8213,
205.422,8538,8232,8210,
205.432,8562,8232,8210,
205.441,8556,8227,8218,
205.453,8570,8227,8221,
205.461,8546,8230,8221,
205.471,8553,8232,8208,
205.482,8567,8219,8210,
205.491,8562,8227,8208,
205.504,8573,8224,8218,
205.51,8567,8217,8221,
205.524,8573,8196,8198,
205.533,8581,8175,8198,
205.542,8578,8181,8216,
205.552,8553,8222,8223,
205.561,8556,8204,8213,
205.572,8538,8212,8216,
205.58,8541,8227,8218,
205.59,8544,8222,8218,
205.601,8546,8219,8226,
205.61,8546,8224,8213,
205.622,8567,8230,8221,
205.631,8538,8222,8216,
205.641,8558,8224,8210,
205.652,8544,8237,8208,
205.662,8565,8214,8226,
205.673,8553,8214,8226,
205.682,8546,8232,8218,
205.692,8573,8219,8216,
205.702,8562,8224,8208,
205.711,8558,8232,8210,
205.72,8570,8239,8200,
205.732,8541,8183,8190,
205.741,8522,8222,8216,
205.751,8525,8224,8213,
205.762,8536,8222,8213,
205.771,8530,8212,8213,
205.781,8533,8214,8221,
205.79,8544,8219,8218,
205.799,8541,8227,8223,
205.812,8570,8224,8221,
205.82,8567,8217,8223,
205.83,8567,8224,8213,
205.842,8556,8224,8213,
205.852,8546,8224,8213,
205.861,8567,8219,8210,
205.87,8556,8230,8208,
205.879,8565,8227,8216,
205.893,8567,8222,8218,
205.901,8549,8224,8221,
205.91,8556,8227,8213,
205.921,8565,8209,8200,
205.93,8558,8173,8190,
205.943,8530,8170,8213,
205.95,8517,8214,8213,
205.961,8533,8217,8218,
205.97,8546,8214,8221,
205.979,8525,8224,8216,
205.99,8538,8219,8223,
206,8549,8227,8221,
206.01,8553,8222,8228,
206.022,8556,8222,8221,
206.032,8556,8237,8228,
206.042,8562,8230,8221,
206.05,8558,8222,8218,
206.062,8567,8222,8218,
206.072,8558,8219,8226,
206.078,8573,8219,8218,
206.09,8556,8245,8216,
206.099,8562,8230,8218,
206.111,8570,8232,8210,
206.121,8581,8201,8205,
206.131,8576,8227,8198,
206.14,8527,8173,8205,
206.151,8527,8201,8213,
206.163,8544,8219,8210,
206.172,8536,8227,8213,
206.18,8541,8219,8218,
206.19,8538,8219,8208,
206.201,8541,8232,8213,
206.211,8549,8230,8228,
206.221,8538,8222,8216,
206.229,8553,8227,8218,
206.241,8565,8227,8205,
206.25,8553,8222,8223,
206.262,8567,8239,8216,
206.27,8556,8232,8226,
206.28,8562,8239,8213,
206.291,8556,8227,8213,
206.301,8567,8224,8223,
206.311,8576,8224,8216,
206.319,8570,8212,8205,
206.331,8565,8188,8198,
206.338,8536,8155,8213,
206.349,8544,8219,8218,
206.362,8544,8214,8221,
206.37,8546,8237,8210,
206.378,8525,8227,8221,
206.39,8544,8212,8216,
206.399,8562,8224,8221,
206.41,8562,8224,8213,
206.42,8549,8232,8221,
206.432,8558,8230,8221,
206.439,8546,8222,8203,
206.449,8549,8224,8216,
206.459,8556,8222,8213,
206.47,8573,8230,8208,
206.479,8562,8219,8218,
206.489,8576,8214,8218,
206.501,8562,8232,8218,
206.509,8567,8224,8221,
206.521,8576,8209,8195,
206.53,8567,8127,8192,
206.541,8558,8191,8216,
206.549,8553,8227,8213,
206.559,8553,8227,8223,
206.569,8525,8227,8210,
206.581,8538,8222,8216,
206.59,8533,8237,8205,
206.598,8546,8232,8210,
206.611,8558,8224,8228,
206.622,8558,8224,8218,
206.631,8562,8224,8213,
206.639,8553,8227,8218,
206.651,8553,8219,8213,
206.657,8562,8222,8213,
206.672,8570,8219,8228,
206.68,8562,8232,8216,
206.689,8549,8219,8228,
206.699,8565,8224,8216,
206.712,8558,8232,8213,
206.719,8581,8199,8208,
206.73,8573,8168,8185,
206.739,8541,8142,8208,
206.749,8536,8201,8218,
206.761,8546,8217,8213,
206.769,8538,8219,8218,
206.781,8533,8209,8205,
206.79,8536,8222,8208,
206.799,8541,8227,8221,
206.808,8565,8227,8218,
206.82,8546,8232,8205,
206.831,8553,8230,8228,
206.84,8549,8232,8210,
206.848,8558,8237,8223,
206.861,8549,8214,8223,
206.87,8558,8224,8218,
206.881,8553,8224,8216,
206.887,8567,8222,8226,
206.899,8558,8219,8223,
206.909,8549,8224,8213,
206.921,8567,8199,8203,
206.929,8570,8170,8192,
206.938,8553,8178,8210,
206.951,8553,8239,8226,
206.96,8538,8224,8218,
206.971,8536,8214,8216,
206.978,8553,8219,8216,
206.991,8546,8212,8218,
207.001,8544,8222,8210,
207.007,8546,8230,8218,
207.019,8544,8224,8208,
207.029,8562,8222,8223,
207.04,8565,8212,8216,
207.049,8565,8230,8218,
207.058,8556,8222,8228,
207.071,8567,8232,8213,
207.079,8567,8217,8218,
207.09,8549,8237,8213,
207.1,8562,8232,8213,
207.108,8558,8232,8216,
207.12,8570,8186,8205,
207.129,8573,8150,8200,
207.139,8541,8181,8208,
207.148,8530,8222,8210,
207.158,8533,8222,8216,
207.169,8533,8222,8216,
207.178,8538,8222,8213,
207.189,8546,8222,8216,
207.199,8549,8224,8218,
207.208,8549,8222,8218,
207.22,8562,8219,8213,
207.228,8567,8227,8216,
207.238,8553,8224,8221,
207.251,8553,8219,8210,
207.258,8544,8230,8208,
207.27,8576,8222,8216,
207.279,8558,8217,8216,
207.29,8553,8224,8208,
207.298,8549,8245,8213,
207.31,8553,8232,8223,
207.318,8567,8214,8208,
207.328,8576,8173,8200,
207.339,8549,8153,8216,
207.349,8546,8219,8221,
207.358,8538,8222,8218,
207.37,8525,8230,8216,
207.378,8538,8224,8228,
207.388,8538,8227,8216,
207.399,8549,8227,8213,
207.41,8541,8219,8223,
207.419,8567,8217,8208,
207.43,8553,8219,8228,
207.439,8565,8230,8228,
207.448,8565,8224,8226,
207.458,8567,8214,8208,
207.47,8565,8219,8226,
207.48,8556,8224,8221,
207.486,8565,8219,8218,
207.499,8556,8227,8218,
207.508,8573,8239,8213,
207.519,8567,8204,8192,
207.528,8578,8132,8195,
207.539,8570,8183,8218,
207.548,8556,8224,8216,
207.558,8553,8222,8223,
207.569,8546,8214,8213,
207.578,8549,8214,8221,
207.587,8544,8230,8216,
207.599,8544,8224,8218,
207.607,8549,8232,8208,
207.618,8553,8232,8221,
207.63,8562,8227,8208,
207.636,8546,8217,8218,
207.65,8549,8230,8216,
207.657,8562,8232,8221,
207.669,8556,8219,8213,
207.68,8556,8227,8223,
207.688,8553,8224,8213,
207.699,8546,8222,8218,
207.708,8562,8219,8210,
207.718,8570,8193,8190,
207.728,8553,8155,8190,
207.737,8533,8132,8208,
207.748,8525,8227,8210,
207.757,8541,8219,8208,
207.767,8525,8222,8203,
207.777,8536,8219,8208,
207.788,8538,8212,8210,
207.799,8562,8224,8221,
207.807,8556,8219,8218,
207.82,8553,8230,8213,
207.826,8546,8217,8216,
207.839,8556,8222,8213,
207.848,8553,8227,8218,
207.858,8556,8230,8223,
207.868,8541,8219,8213,
207.878,8562,8230,8218,
207.888,8558,8232,8213,
207.896,8553,8219,8208,
207.91,8576,8214,8218,
207.918,8576,8209,8208,
207.927,8578,8148,8192,
207.938,8562,8204,8213,
207.947,8546,8224,8216,
207.959,8536,8230,8216,
207.968,8538,8227,8200,
207.978,8544,8230,8218,
207.989,8546,8224,8213,
207.997,8546,8224,8213,
208.007,8558,8222,8213,
208.018,8549,8224,8208,
208.028,8562,8219,8216,
208.037,8562,8222,8218,
208.048,8562,8237,8216,
208.057,8562,8230,8216,
208.066,8573,8227,8218,
208.079,8556,8230,8216,
208.086,8562,8224,8213,
208.097,8549,8247,8216,
208.109,8558,8224,8216,
208.119,8570,8222,8210,
208.126,8576,8132,8190,
208.138,8553,8186,8213,
208.146,8553,8230,8221,
208.159,8541,8212,8213,
208.166,8536,8222,8228,
208.178,8538,8230,8223,
208.189,8556,8222,8216,
208.197,8556,8224,8231,
208.209,8544,8245,8216,
208.218,8562,8232,8216,
208.228,8549,8232,8221,
208.238,8573,8227,8231,
208.248,8567,8237,8221,
208.258,8567,8227,8241,
208.269,8562,8230,8221,
208.278,8562,8219,8221,
208.288,8567,8227,8213,
208.296,8562,8227,8216,
208.308,8573,8222,8213,
208.318,8573,8196,8195,
208.328,8546,8140,8190,
208.338,8533,8181,8210,
208.346,8527,8230,8208,
208.357,8544,8224,8210,
208.366,8527,8227,8218,
208.378,8525,8224,8216,
208.387,8522,8227,8208,
208.397,8549,8224,8210,
208.406,8546,8230,8213,
208.417,8553,8230,8228,
208.426,8538,8239,8213,
208.437,8553,8214,8216,
208.445,8549,8232,8216,
208.458,8562,8227,8223,
208.467,8549,8222,8216,
208.475,8562,8219,8221,
208.486,8570,8217,8216,
208.499,8565,8227,8223,
208.505,8570,8224,8221,
208.516,8567,8214,8205,
208.528,8570,8140,8195,
208.535,8538,8181,8213,
208.547,8527,8214,8213,
208.556,8541,8219,8213,
208.565,8541,8219,8213,
208.577,8536,8222,8226,
208.588,8538,8222,8213,
208.596,8553,8232,8223,
208.605,8556,8227,8218,
208.618,8570,8222,8221,
208.627,8544,8222,8218,
208.636,8562,8242,8235,
208.646,8553,8219,8216,
208.657,8576,8224,8213,
208.669,8562,8224,8210,
208.679,8565,8219,8231,
208.688,8556,8230,8228,
208.697,8558,8227,8216,
208.708,8565,8237,8216,
208.719,8576,8204,8205,
208.726,8576,8161,8190,
208.735,8541,8170,8208,
208.748,8538,8230,8221,
208.757,8544,8230,8223,
208.768,8530,8217,8223,
208.776,8527,8224,8213,
208.785,8538,8214,8216,
208.797,8546,8230,8213,
208.806,8558,8227,8223,
208.817,8549,8227,8221,
208.826,8546,8230,8218,
208.838,8553,8230,8216,
208.848,8558,8217,8223,
208.857,8558,8224,8228,
208.867,8546,8227,8226,
208.875,8570,8222,8210,
208.888,8570,8232,8221,
208.894,8558,8227,8223,
208.907,8562,8242,8218,
208.917,8567,8217,8210,
208.925,8570,8153,8195,
208.937,8553,8161,8210,
208.945,8536,8227,8210,
208.956,8549,8222,8231,
208.967,8541,8224,8221,
208.977,8538,8222,8210,
208.986,8556,8219,8203,
208.996,8553,8227,8210,
209.007,8562,8227,8216,
209.015,8570,8219,8221,
209.026,8567,8222,8213,
209.037,8544,8232,8221,
209.045,8565,8230,8205,
209.06,8558,8230,8216,
209.065,8570,8217,8218,
209.077,8549,8232,8228,
209.086,8556,8232,8213,
209.095,8553,8227,8221,
209.104,8556,8219,8226,
209.116,8570,8206,8210,
209.126,8576,8142,8190,
209.136,8556,8201,8213,
209.145,8562,8227,8216,
209.156,8549,8239,8223,
209.166,8549,8227,8218,
209.175,8549,8212,8210,
209.186,8546,8219,8218,
209.198,8546,8227,8210,
209.206,8556,8224,8216,
209.216,8546,8217,8218,
209.229,8562,8214,8218,
209.236,8562,8242,8223,
209.245,8576,8222,8221,
209.257,8558,8230,8221,
209.268,8565,8224,8226,
209.275,8565,8227,8223,
209.288,8567,8239,8221,
209.295,8567,8219,8223,
209.308,8567,8222,8216,
209.316,8570,8199,8205,
209.327,8578,8132,8198,
209.335,8553,8206,8213,
209.346,8556,8224,8228,
209.358,8549,8219,8216,
209.368,8541,8222,8216,
209.376,8549,8217,8213,
209.388,8541,8224,8218,
209.395,8553,8224,8221,
209.407,8556,8232,8216,
209.418,8558,8230,8208,
209.424,8567,8250,8228,
209.437,8567,8227,8216,
209.446,8573,8239,8216,
209.464,8567,8227,8223,
209.468,8570,8222,8226,
209.476,8565,8242,8221,
209.486,8570,8219,8218,
209.496,8576,8232,8235,
209.505,8573,8219,8216,
209.515,8567,8155,8200,
209.526,8553,8186,8192,
209.535,8530,8165,8216,
209.546,8533,8232,8216,
209.557,8549,8212,8213,
209.566,8541,8219,8218,
209.576,8538,8224,8221,
209.587,8533,8219,8216,
209.597,8562,8224,8223,
209.605,8553,8222,8216,
209.615,8567,8222,8218,
209.627,8565,8237,8216,
209.636,8553,8227,8216,
209.646,8541,8232,8218,
209.657,8562,8230,8208,
209.665,8562,8227,8218,
209.675,8558,8224,8216,
209.686,8549,8232,8213,
209.697,8567,8232,8218,
209.706,8556,8224,8218,
209.717,8570,8201,8205,
209.727,8549,8188,8187,
209.736,8519,8173,8208,
209.745,8525,8232,8208,
209.756,8546,8217,8210,
209.767,8533,8227,8210,
209.778,8533,8237,8218,
209.785,8546,8224,8213,
209.794,8549,8230,8216,
209.804,8544,8219,8226,
209.816,8558,8232,8213,
209.828,8565,8237,8213,
209.834,8565,8222,8213,
209.845,8567,8232,8221,
209.854,8562,8227,8221,
209.866,8570,8227,8213,
209.876,8565,8227,8223,
209.886,8556,8222,8221,
209.894,8553,8224,8218,
209.905,8584,8222,8226,
209.914,8565,8206,8213,
209.926,8567,8153,8190,
209.935,8556,8178,8210,
209.945,8538,8219,8208,
209.957,8546,8217,8221,
209.967,8541,8217,8218,
209.976,8544,8217,8210,
209.986,8541,8230,8213,
209.993,8549,8227,8218,
210.006,8562,8217,8218,
210.015,8553,8227,8221,
210.026,8558,8219,8218,
210.035,8549,8232,8213,
210.046,8556,8227,8210,
210.054,8562,8217,8216,
210.066,8562,8237,8218,
210.075,8556,8224,8223,
210.085,8562,8222,8223,
210.096,8556,8217,8223,
210.108,8562,8222,8223,
210.115,8570,8201,8198,
210.125,8573,8135,8190,
210.134,8544,8186,8213,
210.143,8556,8232,8213,
210.157,8533,8232,8216,
210.166,8536,8237,8208,
210.176,8530,8219,8205,
210.184,8549,8224,8221,
210.196,8536,8219,8216,
210.205,8541,8219,8218,
210.216,8553,8227,8218,
210.225,8556,8232,8216,
210.235,8549,8219,8216,
210.245,8546,8230,8223,
210.254,8565,8224,8221,
210.268,8558,8224,8216,
210.275,8562,8219,8210,
210.285,8573,8227,8213,
210.293,8562,8237,8218,
210.306,8553,8230,8213,
210.314,8565,8206,8210,
210.326,8581,8140,8192,
210.335,8570,8212,8213,
210.345,8553,8222,8213,
210.354,8544,8219,8221,
210.365,8558,8214,8221,
210.377,8533,8219,8216,
210.384,8549,8222,8223,
210.396,8546,8224,8203,
210.405,8553,8214,8218,
210.414,8576,8227,8223,
210.424,8558,8214,8216,
210.434,8556,8232,8216,
210.444,8556,8222,8221,
210.456,8562,8232,8218,
210.465,8546,8224,8216,
210.473,8553,8227,8210,
210.484,8556,8224,8221,
210.495,8558,8230,8213,
210.506,8567,8212,8221,
210.515,8562,8196,8213,
210.525,8581,8191,8195,
210.534,8538,8183,8205,
210.546,8527,8232,8210,
210.556,8544,8230,8228,
210.562,8544,8222,8221,
210.574,8541,8230,8221,
210.583,8544,8217,8221,
210.595,8549,8227,8223,
210.604,8544,8230,8213,
210.616,8558,8224,8213,
210.624,8565,8217,8218,
210.635,8573,8224,8218,
210.643,8565,8250,8223,
210.654,8562,8209,8218,
210.664,8562,8219,8221,
210.678,8565,8230,8216,
210.685,8556,8224,8218,
210.694,8578,8227,8228,
210.706,8573,8209,8213,
210.716,8576,8165,8200,
210.725,8562,8193,8195,
210.736,8533,8186,8210,
210.745,8536,8227,8218,
210.754,8546,8214,8208,
210.765,8530,8209,8218,
210.774,8538,8219,8218,
210.785,8544,8219,8216,
210.796,8556,8219,8223,
210.805,8553,8232,8221,
210.816,8553,8230,8221,
210.826,8558,8219,8213,
210.834,8567,8224,8213,
210.844,8556,8224,8216,
210.853,8570,8222,8221,
210.864,8553,8239,8203,
210.874,8576,8224,8216,
210.884,8567,8227,8218,
210.895,8567,8222,8210,
210.903,8576,8222,8228,
210.916,8565,8201,8203,
210.924,8570,8159,8200,
210.934,8536,8161,8208,
210.942,8530,8227,8218,
210.955,8541,8209,8218,
210.964,8536,8217,8218,
210.974,8536,8222,8213,
210.983,8541,8214,8210,
210.993,8546,8227,8216,
211.005,8549,8237,8218,
211.015,8567,8224,8208,
211.023,8567,8227,8221,
211.035,8553,8230,8221,
211.046,8573,8209,8210,
211.052,8573,8227,8216,
211.062,8553,8230,8205,
211.074,8549,8227,8208,
211.086,8576,8212,8223,
211.095,8567,8222,8218,
211.105,8558,8224,8216,
211.115,8581,8212,8187,
211.125,8570,8150,8190,
211.134,8553,8168,8218,
211.145,8549,8224,8221,
211.153,8553,8227,8210,
211.166,8536,8219,8216,
211.171,8553,8219,8208,
211.184,8546,8219,8210,
211.195,8562,8222,8221,
211.203,8546,8219,8218,
211.215,8556,8219,8216,
211.224,8565,8227,8213,
211.234,8565,8232,8223,
211.242,8570,8222,8223,
211.253,8567,8214,8205,
211.262,8553,8217,8218,
211.275,8544,8227,8210,
211.284,8553,8237,8216,
211.293,8556,8224,8226,
211.304,8556,8219,8210,
211.315,8578,8199,8195,
211.324,8581,8135,8195,
211.333,8565,8175,8216,
211.344,8544,8217,8213,
211.355,8553,8227,8226,
211.364,8546,8222,8210,
211.371,8541,8214,8218,
211.385,8541,8219,8210,
211.393,8558,8239,8223,
211.403,8553,8222,8228,
211.416,8562,8217,8235,
211.424,8565,8227,8221,
211.433,8570,8242,8228,
211.442,8573,8232,8226,
211.454,8556,8227,8221,
211.462,8573,8222,8223,
211.475,8570,8219,8221,
211.483,8556,8237,8218,
211.492,8573,8217,8213,
211.502,8573,8212,8216,
211.512,8581,8227,8195,
211.523,8544,8140,8198,
211.532,8527,8150,8208,
211.545,8533,8237,8213,
211.553,8541,8219,8210,
211.564,8541,8227,8210,
211.573,8536,8227,8210,
211.583,8541,8214,8221,
211.593,8558,8230,8221,
211.603,8544,8224,8213,
211.612,8556,8227,8221,
211.621,8553,8219,8210,
211.633,8567,8217,8216,
211.643,8556,8232,8231,
211.654,8567,8227,8223,
211.663,8553,8224,8218,
211.675,8553,8232,8218,
211.683,8565,8224,8218,
211.696,8562,8222,8216,
211.703,8570,8237,8221,
211.712,8567,8212,8205,
211.723,8576,8188,8195,
211.732,8536,8181,8216,
211.741,8522,8224,8205,
211.752,8536,8230,8213,
211.765,8525,8222,8208,
211.771,8538,8224,8210,
211.784,8530,8224,8203,
211.793,8538,8224,8216,
211.802,8546,8222,8216,
211.811,8541,8232,8221,
211.823,8544,8227,8208,
211.833,8558,8230,8218,
211.843,8565,8214,8218,
211.852,8546,8224,8208,
211.863,8562,8222,8221,
211.872,8538,8239,8223,
211.882,8549,8222,8223,
211.891,8558,8219,8216,
211.902,8562,8227,8213,
211.914,8584,8173,8198,
211.922,8556,8142,8190,
211.934,8541,8127,8216,
211.943,8538,8237,8226,
211.955,8538,8237,8216,
211.963,8538,8224,8213,
211.973,8536,8227,8210,
211.982,8538,8227,8203,
211.992,8556,8222,8208,
212.003,8549,8230,8223,
212.012,8570,8232,8223,
212.023,8556,8219,8221,
212.031,8565,8219,8218,
212.044,8570,8212,8223,
212.051,8567,8230,8216,
212.061,8565,8224,8226,
212.073,8565,8232,8213,
212.082,8544,8224,8223,
212.092,8581,8227,8223,
212.101,8576,8219,8216,
212.111,8597,8183,8187,
212.123,8556,8178,8190,
212.134,8527,8168,8203,
212.143,8519,8227,8210,
212.153,8538,8227,8218,
212.163,8538,8219,8218,
212.171,8517,8222,8210,
212.181,8527,8227,8216,
212.19,8519,8224,8218,
212.202,8541,8222,8221,
212.213,8541,8224,8218,
212.222,8558,8219,8228,
212.231,8553,8222,8216,
212.242,8570,8232,8223,
212.252,8567,8219,8223,
212.263,8573,8232,8218,
212.272,8562,8224,8221,
212.283,8567,8227,8223,
212.293,8565,8217,8223,
212.303,8570,8212,8213,
212.311,8589,8204,8203,
212.322,8562,8181,8198,
212.333,8530,8193,8216,
212.342,8533,8222,8221,
212.353,8536,8214,8221,
212.36,8544,8214,8216,
212.373,8536,8219,8216,
212.384,8536,8222,8210,
212.393,8541,8224,8210,
212.401,8558,8222,8221,
212.412,8570,8232,8226,
212.422,8556,8230,8223,
212.431,8553,8222,8213,
212.443,8562,8222,8216,
212.452,8556,8227,8213,
212.463,8562,8227,8221,
212.472,8562,8224,8210,
212.481,8553,8237,8218,
212.494,8556,8227,8221,
212.5,8581,8224,8221,
212.511,8573,8209,8200,
212.521,8589,8183,8200,
212.53,8565,8199,8218,
212.542,8549,8224,8213,
212.551,8549,8230,8218,
212.563,8546,8219,8210,
212.572,8533,8224,8218,
212.582,8546,8227,8210,
212.591,8549,8227,8210,
212.603,8553,8222,8221,
212.611,8565,8224,8213,
212.622,8541,8222,8210,
212.631,8549,8214,8213,
212.642,8553,8237,8203,
212.654,8556,8222,8221,
212.661,8562,8224,8226,
212.673,8565,8222,8221,
212.682,8565,8219,8203,
212.691,8567,8232,8216,
212.7,8562,8227,8238,
212.712,8567,8209,8190,
212.723,8562,8122,8198,
212.729,8544,8183,8205,
212.741,8567,8230,8218,
212.749,8546,8219,8210,
212.761,8549,8214,8213,
212.77,8544,8217,8213,
212.781,8562,8222,8226,
212.79,8546,8227,8223,
212.802,8556,8224,8223,
212.81,8558,8237,8218,
212.82,8558,8222,8228,
212.829,8562,8224,8216,
212.841,8556,8222,8221,
212.851,8565,8224,8221,
212.86,8556,8227,8216,
212.871,8553,8227,8218,
212.882,8558,8239,8228,
212.893,8558,8224,8218,
212.901,8558,8232,8216,
212.911,8578,8212,8200,
212.921,8576,8140,8187,
212.93,8536,8153,8210,
212.94,8527,8204,8200,
212.951,8544,8219,8223,
212.96,8536,8232,8213,
212.97,8536,8222,8221,
212.981,8541,8237,8216,
212.99,8536,8227,8216,
213.002,8541,8222,8216,
213.016,8549,8227,8203,
213.022,8553,8222,8218,
213.031,8553,8217,8218,
213.04,8565,8214,8228,
213.052,8556,8227,8213,
213.061,8549,8227,8221,
213.069,8549,8227,8213,
213.081,8556,8224,8223,
213.092,8570,8219,8223,
213.101,8562,8219,8218,
213.11,8576,8212,8203,
213.121,8589,8122,8195,
213.131,8558,8196,8210,
213.143,8556,8219,8216,
213.153,8546,8212,8213,
213.161,8538,8230,8210,
213.171,8541,8230,8213,
213.181,8522,8206,8216,
213.191,8541,8239,8221,
213.201,8544,8227,8218,
213.212,8544,8230,8213,
213.222,8530,8232,8203,
213.232,8544,8230,8213,
213.241,8544,8232,8216,
213.25,8544,8224,8210,
213.26,8556,8224,8213,
213.271,8556,8232,8221,
213.282,8567,8230,8218,
213.291,8553,8222,8216,
213.3,8567,8222,8203,
213.312,8553,8196,8210,
213.322,8567,8161,8190,
213.331,8546,8196,8208,
213.34,8541,8232,8218,
213.351,8536,8217,8223,
213.36,8541,8212,8218,
213.371,8536,8214,8213,
213.38,8538,8219,8210,
213.391,8536,8230,8210,
213.403,8553,8237,8210,
213.41,8553,8245,8216,
213.42,8536,8230,8223,
213.431,8553,8245,8216,
213.445,8553,8230,8213,
213.449,8556,8232,8200,
213.459,8549,8222,8216,
213.471,8562,8222,8218,
213.481,8573,8237,8226,
213.489,8558,8232,8213,
213.5,8558,8222,8216,
213.509,8570,8204,8213,
213.52,8565,8127,8190,
213.53,8549,8175,8213,
213.539,8541,8230,8221,
213.55,8538,8219,8200,
213.561,8533,8217,8218,
213.57,8536,8217,8223,
213.581,8544,8219,8213,
213.59,8546,8227,8216,
213.601,8546,8219,8228,
213.61,8546,8222,8218,
213.619,8573,8232,8218,
213.631,8562,8232,8216,
213.641,8562,8230,8213,
213.651,8549,8237,8192,
213.662,8553,8224,8218,
213.669,8556,8227,8216,
213.681,8565,8232,8213,
213.69,8556,8222,8216,
213.72,8553,8227,8210,
213.724,8573,8217,8205,
213.725,8570,8101,8192,
213.731,8533,8142,8210,
213.741,8519,8222,8213,
213.751,8533,8209,8205,
213.759,8533,8224,8213,
213.773,8533,8230,8213,
213.779,8536,8224,8210,
213.79,8562,8217,8213,
213.801,8556,8232,8210,
213.81,8556,8227,8216,
213.818,8553,8230,8226,
213.831,8578,8227,8210,
213.837,8567,8237,8221,
213.85,8573,8232,8216,
213.86,8576,8227,8231,
213.871,8556,8219,8218,
213.879,8562,8217,8221,
213.891,8576,8219,8221,
213.9,8553,8227,8200,
213.91,8586,8142,8198,
213.918,8562,8148,8190,
213.929,8530,8170,8213,
213.94,8553,8217,8210,
213.949,8536,8222,8213,
213.959,8546,8232,8205,
213.971,8541,8224,8216,
213.98,8541,8219,8213,
213.992,8553,8222,8221,
213.998,8549,8232,8208,
214.01,8576,8214,8221,
214.021,8562,8232,8218,
214.03,8553,8222,8218,
214.04,8576,8219,8210,
214.048,8562,8227,8216,
214.062,8573,8219,8221,
214.068,8562,8224,8216,
214.08,8581,8230,8213,
214.088,8562,8227,8216,
214.101,8562,8230,8216,
214.11,8581,8239,8205,
214.12,8565,8132,8190,
214.129,8519,8191,8208,
214.139,8527,8222,8208,
214.148,8533,8219,8205,
214.16,8530,8212,8216,
214.171,8527,8227,8218,
214.18,8527,8237,8213,
214.188,8538,8224,8216,
214.199,8538,8224,8221,
214.209,8556,8222,8221,
214.221,8549,8217,8216,
214.228,8546,8230,8203,
214.24,8556,8219,8221,
214.249,8556,8230,8210,
214.258,8567,8230,8221,
214.269,8549,8219,8203,
214.278,8549,8222,8223,
214.287,8565,8224,8210,
214.3,8544,8232,8216,
214.308,8565,8204,8192,
214.319,8546,8175,8190,
214.332,8519,8140,8213,
214.338,8530,8206,8210,
214.349,8527,8219,8210,
214.36,8517,8222,8216,
214.369,8525,8227,8210,
214.379,8525,8227,8213,
214.388,8576,8227,8213,
214.397,8600,8217,8221,
214.41,8644,8214,8235,
214.424,8678,8217,8235,
214.429,8764,8212,8264,
214.439,8808,8199,8272,
214.447,8824,8191,8259,
214.46,8841,8196,8274,
214.468,8847,8193,8272,
214.479,8830,8188,8269,
214.491,8832,8186,8274,
214.501,8832,8178,8261,
214.512,8871,8170,8221,
214.518,8882,8165,8213,
214.529,8813,8140,8231,
214.54,8774,8181,8251,
214.548,8772,8181,8261,
214.559,8761,8175,8259,
214.568,8780,8181,8248,
214.579,8780,8181,8261,
214.59,8799,8181,8261,
214.6,8802,8178,8269,
214.607,8808,8181,8266,
214.621,8813,8178,8264,
214.629,8827,8175,8274,
214.641,8824,8181,8272,
214.647,8827,8178,8274,
214.658,8824,8183,8269,
214.669,8844,8175,8272,
214.681,8832,8181,8279,
214.687,8839,8170,8277,
214.698,8850,8178,8269,
214.708,8907,8170,8241,
214.718,8960,8165,8216,
214.729,8889,8173,8259,
214.737,8844,8170,8292,
214.749,8832,8170,8282,
214.759,8841,8173,8272,
214.77,8832,8175,8277,
214.779,8841,8168,8279,
214.788,8847,8175,8279,
214.797,8850,8181,8279,
214.808,8852,8173,8277,
214.818,8863,8178,8277,
214.83,8858,8173,8287,
214.838,8855,8165,8284,
214.848,8841,8173,8287,
214.857,8844,8178,8284,
214.87,8850,8175,8274,
214.879,8855,8175,8284,
214.889,8852,8170,8277,
214.899,8866,8175,8277,
214.908,8905,8161,8243,
214.919,8952,8170,8226,
214.928,8860,8173,8261,
214.938,8841,8178,8274,
214.946,8824,8173,8282,
214.96,8839,8168,8277,
214.969,8827,8170,8277,
214.978,8827,8175,8282,
214.986,8836,8168,8277,
214.998,8844,8170,8282,
215.008,8836,8173,8269,
215.019,8850,8173,8279,
215.028,8850,8173,8274,
215.038,8841,8168,8274,
215.048,8844,8175,8272,
215.06,8841,8173,8282,
215.067,8844,8168,8272,
215.078,8839,8168,8284,
215.09,8841,8175,8284,
215.101,8836,8175,8269,
215.107,8905,8168,8238,
215.117,8969,8155,8213,
215.126,8879,8170,8248,
215.14,8847,8170,8272,
215.148,8813,8175,8279,
215.156,8816,8173,8274,
215.169,8827,8173,8272,
215.18,8824,8168,8269,
215.19,8841,8170,8261,
215.2,8832,8178,8279,
215.209,8839,8173,8282,
215.22,8847,8173,8277,
215.228,8841,8168,8287,
215.239,8847,8170,8284,
215.246,8844,8181,8284,
215.258,8836,8175,8279,
215.268,8827,8178,8274,
215.277,8830,8168,8272,
215.288,8824,8183,8274,
215.297,8874,8173,8269,
215.309,8954,8165,8226,
215.317,8980,8161,8203,
215.328,8913,8173,8238,
215.339,8830,8170,8274,
215.348,8822,8173,8274,
215.357,8822,8168,8272,
215.368,8816,8170,8279,
215.38,8816,8170,8272,
215.386,8832,8181,8284,
215.398,8819,8178,8279,
215.41,8827,8173,8284,
215.416,8813,8178,8272,
215.428,8813,8181,8282,
215.438,8813,8181,8266,
215.449,8816,8175,8279,
215.455,8824,8173,8272,
215.469,8824,8178,8269,
215.478,8819,8173,8272,
215.488,8836,8168,8274,
215.498,8839,8178,8272,
215.507,8885,8178,8241,
215.519,8980,8165,8200,
215.528,8866,8175,8254,
215.538,8832,8168,8274,
215.546,8822,8173,8282,
215.557,8816,8175,8277,
215.57,8816,8170,8274,
215.578,8822,8170,8274,
215.588,8816,8175,8274,
215.598,8822,8173,8277,
215.607,8841,8170,8272,
215.617,8822,8175,8282,
215.629,8819,8178,8277,
215.636,8822,8175,8277,
215.65,8830,8170,8272,
215.655,8822,8175,8282,
215.666,8827,8173,8277,
215.678,8830,8178,8277,
215.688,8813,8178,8287,
215.697,8844,8173,8277,
215.707,8916,8159,8243,
215.717,8963,8161,8205,
215.726,8891,8173,8241,
215.739,8804,8168,8266,
215.746,8816,8178,8282,
215.758,8808,8173,8264,
215.766,8796,8181,8269,
215.778,8816,8170,8272,
215.789,8819,8173,8264,
215.796,8813,8173,8274,
215.807,8830,8168,8269,
215.819,8819,8173,8279,
215.828,8824,8175,8269,
215.836,8822,8170,8272,
215.845,8830,8178,8269,
215.857,8819,8173,8261,
215.869,8811,8175,8272,
215.881,8819,8173,8274,
215.887,8816,8181,8277,
215.896,8832,8170,8269,
215.907,8902,8168,8241,
215.918,8952,8161,8200,
215.924,8866,8175,8248,
215.938,8811,8175,8274,
215.949,8802,8173,8272,
215.958,8793,8173,8277,
215.968,8780,8178,8272,
215.979,8785,8181,8264,
215.99,8793,8178,8266,
216,8793,8181,8261,
216.007,8783,8183,8272,
216.018,8793,8183,8264,
216.026,8808,8175,8264,
216.036,8793,8178,8272,
216.046,8799,8178,8272,
216.056,8799,8183,8274,
216.067,8799,8183,8274,
216.076,8796,8181,8274,
216.087,8796,8181,8266,
216.096,8804,8178,8274,
216.105,8860,8170,8246,
216.118,8924,8161,8198,
216.127,8852,8165,8238,
216.134,8783,8178,8261,
216.147,8780,8168,8264,
216.155,8780,8178,8256,
216.168,8785,8173,8261,
216.176,8774,8178,8261,
216.189,8791,8178,8272,
216.196,8785,8183,8266,
216.207,8783,8178,8277,
216.218,8777,8181,8269,
216.228,8777,8183,8269,
216.237,8777,8181,8269,
216.246,8788,8186,8259,
216.258,8788,8178,8264,
216.267,8796,8178,8261,
216.277,8788,8175,8277,
216.285,8802,8175,8261,
216.298,8802,8178,8266,
216.306,8869,8170,8243,
216.317,8930,8165,8210,
216.326,8847,8181,8256,
216.337,8813,8181,8272,
216.347,8802,8173,8264,
216.357,8788,8181,8279,
216.366,8791,8173,8264,
216.378,8799,8175,8277,
216.387,8791,8178,8259,
216.398,8783,8181,8272,
216.404,8793,8175,8266,
216.418,8774,8178,8264,
216.426,8788,8173,8269,
216.436,8785,8186,8269,
216.445,8777,8175,8264,
216.458,8793,8178,8269,
216.467,8783,8183,8269,
216.476,8791,8183,8264,
216.484,8791,8183,8256,
216.497,8802,8175,8266,
216.507,8852,8173,8238,
216.516,8894,8168,8208,
216.524,8819,8170,8246,
216.537,8777,8175,8261,
216.546,8774,8178,8264,
216.558,8774,8178,8256,
216.565,8766,8178,8261,
216.575,8772,8178,8261,
216.584,8772,8183,8254,
216.598,8777,8178,8264,
216.605,8772,8183,8256,
216.618,8774,8181,8261,
216.625,8772,8178,8259,
216.637,8769,8188,8264,
216.648,8772,8183,8261,
216.658,8772,8183,8269,
216.665,8766,8183,8256,
216.676,8777,8186,8259,
216.688,8769,8183,8259,
216.696,8774,8181,8251,
216.707,8816,8173,8238,
216.717,8850,8165,8208,
216.728,8783,8150,8235,
216.735,8756,8178,8254,
216.745,8738,8181,8256,
216.755,8738,8175,8251,
216.765,8736,8183,8259,
216.774,8738,8186,8256,
216.785,8745,8183,8266,
216.798,8738,8183,8256,
216.804,8756,8186,8254,
216.813,8747,8186,8259,
216.824,8750,8191,8256,
216.835,8750,8186,8259,
216.844,8747,8183,8269,
216.859,8741,8188,8261,
216.865,8753,8186,8261,
216.878,8753,8183,8259,
216.885,8758,8191,8251,
216.896,8761,8186,8246,
216.904,8796,8170,8226,
216.915,8802,8161,8208,
216.923,8741,8161,8254,
216.937,8727,8191,8256,
216.945,8733,8183,8251,
216.954,8730,8178,8256,
216.967,8733,8188,8256,
216.978,8733,8186,8256,
216.986,8741,8183,8261,
216.996,8721,8186,8256,
217.007,8741,8186,8254,
217.016,8747,8188,8259,
217.026,8733,8186,8254,
217.035,8738,8186,8259,
217.047,8725,8186,8254,
217.056,8725,8186,8269,
217.066,8730,8193,8259,
217.075,8727,8186,8259,
217.085,8721,8186,8248,
217.097,8741,8193,8254,
217.107,8766,8175,8218,
217.114,8753,8159,8208,
217.125,8705,8159,8228,
217.137,8699,8186,8251,
217.147,8710,8186,8254,
217.156,8691,8186,8248,
217.167,8694,8191,8251,
217.175,8694,8191,8246,
217.186,8705,8196,8246,
217.196,8697,8193,8251,
217.204,8699,8188,8243,
217.215,8705,8193,8251,
217.224,8699,8199,8241,
217.233,8694,8201,8243,
217.247,8697,8199,8241,
217.256,8699,8193,8248,
217.267,8683,8201,8243,
217.275,8694,8196,8254,
217.285,8686,8206,8238,
217.294,8680,8206,8241,
217.304,8710,8188,8223,
217.316,8713,8119,8216,
217.325,8675,8183,8235,
217.334,8667,8206,8243,
217.345,8672,8196,8243,
217.355,8656,8201,8243,
217.367,8667,8199,8243,
217.373,8659,8204,8235,
217.385,8664,8204,8238,
217.396,8653,8209,8231,
217.406,8656,8204,8241,
217.415,8653,8212,8228,
217.427,8650,8201,8243,
217.436,8647,8201,8235,
217.445,8635,8212,8238,
217.454,8650,8212,8235,
217.467,8642,8196,8235,
217.476,8653,8212,8235,
217.486,8653,8212,8243,
217.494,8644,8209,8228,
217.506,8653,8199,8226,
217.515,8672,8173,8200,
217.525,8644,8155,8238,
217.535,8642,8214,8231,
217.545,8630,8206,8241,
217.555,8624,8206,8228,
217.565,8611,8206,8228,
217.575,8611,8209,8231,
217.584,8616,8209,8228,
217.594,8611,8212,8223,
217.605,8605,8217,8235,
217.616,8603,8214,8223,
217.624,8603,8209,8208,
217.636,8592,8206,8241,
217.645,8594,8222,8223,
217.654,8584,8217,8223,
217.666,8578,8209,8226,
217.675,8570,8224,8223,
217.685,8556,8227,8226,
217.695,8562,8227,8231,
217.704,8549,8212,8200,
217.714,8546,8159,8195,
217.723,8530,8196,8218,
217.734,8525,8237,8216,
217.748,8514,8222,8210,
217.752,8492,8232,8216,
217.766,8487,8230,8213,
217.774,8463,8232,8213,
217.784,8463,8222,8208,
217.795,8455,8232,8213,
217.804,8447,8252,8200,
217.813,8433,8242,8203,
217.825,8417,8239,8213,
217.835,8412,8237,8190,
217.846,8404,8257,8190,
217.853,8401,8230,8195,
217.866,8372,8237,8187,
217.874,8379,8252,8198,
217.885,8356,8250,8192,
217.894,8323,8245,8198,
217.904,8318,8159,8185,
217.916,8291,8129,8172,
217.926,8315,8219,8185,
217.934,8299,8247,8187,
217.946,8263,8239,8187,
217.956,8263,8245,8182,
217.966,8249,8252,8182,
217.974,8260,8227,8190,
217.984,8238,8260,8185,
217.996,8230,8242,8182,
218.005,8244,8265,8180,
218.013,8238,8263,8163,
218.023,8222,8252,8174,
218.034,8206,8268,8169,
218.044,8211,8252,8177,
218.054,8203,8283,8180,
218.063,8166,8276,8185,
218.073,8198,8281,8182,
218.085,8171,8278,8172,
218.094,8192,8299,8163,
218.103,8150,8250,8172,
218.113,8141,8196,8174,
218.126,8147,8188,8172,
218.138,8158,8276,8172,
218.145,8158,8276,8185,
218.155,8158,8230,8185,
218.163,8163,8283,8174,
218.172,8150,8268,8174,
218.184,8114,8286,8180,
218.196,8141,8281,8190,
218.203,8106,8283,8167,
218.212,8109,8288,8172,
218.224,8133,8276,8177,
218.233,8171,8245,8174,
218.244,8103,8263,8180,
218.256,8094,8291,8187,
218.265,8147,8276,8190,
218.276,8150,8268,8167,
218.285,8088,8239,8182,
218.293,8128,8270,8177,
218.307,8109,8181,8180,
218.315,8103,8209,8174,
218.324,8125,8250,8169,
218.333,8158,8257,8180,
218.344,8117,8294,8167,
218.354,8141,8299,8177,
218.364,8160,8265,8174,
218.374,8147,8288,8182,
218.385,8147,8230,8177,
218.393,8141,8286,8167,
218.403,8177,8288,8172,
218.415,8158,8276,8169,
218.425,8155,8301,8167,
218.435,8139,8291,8182,
218.444,8155,8299,8180,
218.454,8141,8270,8172,
218.463,8155,8247,8161,
218.473,8171,8230,8174,
218.484,8150,8288,8185,
218.497,8139,8242,8169,
218.504,8177,8224,8152,
218.512,8092,8209,8177,
218.521,8150,8239,8174,
218.532,8168,8224,8192,
218.545,8141,8304,8161,
218.553,8152,8268,8187,
218.565,8163,8281,8187,
218.572,8158,8281,8163,
218.585,8136,8281,8172,
218.592,8166,8260,8187,
218.605,8185,8288,8177,
218.613,8171,8273,8174,
218.622,8222,8286,8180,
218.634,8179,8232,8174,
218.643,8206,8224,8169,
218.654,8155,8315,8177,
218.664,8158,8315,8174,
218.673,8198,8230,8177,
218.685,8160,8315,8187,
218.693,8152,8308,8169,
218.702,8177,8268,8180,
218.712,8174,8227,8161,
218.724,8195,8250,8177,
218.733,8147,8286,8187,
218.745,8155,8308,8180,
218.754,8174,8230,8172,
218.763,8182,8245,8177,
218.773,8208,8232,8174,
218.785,8168,8301,8180,
218.793,8203,8268,8177,
218.804,8192,8301,8185,
218.813,8198,8286,8180,
218.822,8185,8278,8169,
218.831,8171,8245,8190,
218.843,8198,8268,8167,
218.851,8179,8245,8180,
218.863,8198,8288,8169,
218.872,8179,8294,8185,
218.883,8195,8281,8180,
218.893,8182,8265,8187,
218.904,8177,8260,8172,
218.913,8160,8273,8163,
218.925,8208,8239,8180,
218.934,8192,8299,8190,
218.943,8225,8296,8163,
218.953,8195,8252,8177,
218.963,8185,8286,8172,
218.972,8192,8260,8187,
218.985,8206,8294,8174,
218.992,8203,8260,8169,
219.004,8217,8250,8182,
219.014,8208,8291,8174,
219.024,8217,8252,8198,
219.032,8225,8260,8169,
219.043,8230,8268,8172,
219.054,8206,8232,8192,
219.064,8230,8281,8185,
219.073,8219,8281,8187,
219.083,8254,8242,8182,
219.094,8254,8281,8177,
219.102,8260,8288,8182,
219.113,8225,8124,8177,
219.123,8263,8230,8185,
219.132,8279,8278,8182,
219.142,8310,8232,8195,
219.162,8323,8239,8187,
219.163,8320,8237,8192,
219.173,8366,8247,8192,
219.182,8379,8247,8192,
219.195,8417,8237,8187,
219.202,8450,8252,8192,
219.213,8468,8252,8198,
219.225,8500,8242,8210,
219.235,8514,8222,8208,
219.241,8533,8242,8210,
219.25,8573,8263,8221,
219.262,8603,8237,8208,
219.275,8581,8247,8231,
219.285,8613,8227,8221,
219.291,8632,8224,8228,
219.302,8635,8201,8208,
219.314,8650,8145,8185,
219.324,8647,8142,8223,
219.331,8653,8209,8228,
219.343,8661,8201,8216,
219.352,8664,8212,8238,
219.364,8667,8214,8243,
219.371,8683,8204,8243,
219.383,8689,8204,8246,
219.391,8699,8201,8246,
219.403,8716,8212,8246,
219.413,8727,8201,8246,
219.424,8741,8199,8248,
219.431,8753,8188,8254,
219.443,8766,8191,8256,
219.452,8772,8193,8259,
219.461,8777,8191,8256,
219.473,8785,8193,8256,
219.483,8799,8186,8266,
219.493,8819,8183,8254,
219.503,8869,8181,8223,
219.511,8899,8155,8216,
219.523,8844,8161,8256,
219.532,8804,8175,8272,
219.543,8811,8173,8274,
219.552,8813,8173,8261,
219.561,8816,8175,8272,
219.573,8804,8186,8274,
219.581,8822,8175,8272,
219.593,8827,8183,8266,
219.602,8827,8173,8272,
219.611,8827,8175,8274,
219.622,8822,8178,8272,
219.631,8832,8170,8272,
219.643,8824,8175,8272,
219.651,8824,8175,8277,
219.662,8830,8173,8274,
219.671,8819,8173,8277,
219.682,8827,8186,8277,
219.69,8827,8175,8274,
219.704,8885,8181,8246,
219.713,8930,8170,8208,
219.724,8869,8173,8241,
219.73,8832,8173,8266,
219.742,8808,8170,8277,
219.752,8813,8170,8261,
219.762,8816,8168,8272,
219.772,8813,8170,8282,
219.781,8816,8170,8274,
219.793,8816,8178,8274,
219.802,8813,8173,8266,
219.811,8791,8181,8261,
219.823,8813,8173,8272,
219.833,8808,8175,8266,
219.843,8799,8178,8269,
219.851,8802,8175,8272,
219.866,8799,8173,8264,
219.872,8799,8178,8274,
219.883,8808,8178,8261,
219.892,8802,8173,8279,
219.901,8855,8173,8238,
219.912,8902,8161,8216,
219.92,8832,8175,8248,
219.929,8793,8165,8261,
219.942,8788,8181,8269,
219.952,8774,8178,8264,
219.96,8788,8178,8269,
219.97,8793,8175,8264,
219.979,8788,8178,8269,
219.993,8799,8173,8264,
220.003,8804,8175,8269,
220.012,8793,8181,8266,
220.022,8799,8173,8264,
220.03,8788,8183,8266,
220.041,8802,8173,8266,
220.05,8785,8181,8269,
220.061,8788,8181,8272,
220.072,8785,8181,8266,
220.081,8793,8173,8256,
220.092,8793,8191,8261,
220.101,8844,8168,8228,
220.113,8869,8168,8213,
220.119,8799,8165,8238,
220.132,8774,8178,8259,
220.14,8766,8181,8256,
220.152,8772,8175,8269,
220.16,8777,8183,8264,
220.171,8772,8181,8264,
220.183,8772,8181,8272,
220.19,8777,8178,8264,
220.199,8785,8175,8266,
220.212,8777,8178,8259,
220.221,8772,8178,8266,
220.231,8772,8183,8264,
220.24,8766,8186,8259,
220.252,8769,8181,8259,
220.262,8774,8183,8272,
220.269,8774,8178,8264,
220.282,8780,8181,8264,
220.292,8793,8181,8251,
220.301,8839,8168,8221,
220.31,8836,8153,8208,
220.32,8777,8159,8254,
220.33,8769,8181,8272,
220.34,8772,8181,8259,
220.351,8764,8181,8256,
220.36,8756,8186,8254,
220.371,8764,8175,8259,
220.382,8769,8188,8254,
220.393,8769,8188,8266,
220.4,8772,8183,8259,
220.411,8769,8181,8266,
220.42,8769,8188,8259,
220.431,8772,8186,8259,
220.44,8764,8188,8254,
220.45,8774,8178,8256,
220.461,8761,8183,8259,
220.472,8764,8188,8259,
220.48,8766,8183,8256,
220.491,8780,8183,8248,
220.501,8830,8175,8221,
220.511,8796,8170,8213,
220.521,8738,8168,8254,
220.53,8741,8186,8254,
220.542,8727,8181,8246,
220.552,8718,8183,8251,
220.561,8721,8183,8254,
220.569,8718,8188,8256,
220.579,8738,8193,8254,
220.591,8738,8193,8259,
220.599,8725,8191,8256,
220.608,8730,8188,8254,
220.622,8741,8186,8254,
220.63,8725,8186,8254,
220.64,8721,8193,8246,
220.652,8745,8188,8246,
220.661,8725,8191,8256,
220.671,8725,8193,8254,
220.682,8725,8191,8254,
220.691,8747,8183,8241,
220.699,8783,8181,8218,
220.709,8777,8173,8205,
220.72,8727,8168,8248,
220.73,8727,8196,8248,
220.741,8733,8191,8254,
220.751,8721,8191,8251,
220.76,8710,8193,8243,
220.771,8733,8186,8246,
220.78,8733,8193,8254,
220.79,8730,8193,8248,
220.798,8730,8196,8251,
220.811,8738,8193,8254,
220.822,8741,8196,8256,
220.83,8738,8193,8248,
220.841,8733,8193,8254,
220.851,8721,8193,8256,
220.862,8718,8193,8251,
220.873,8725,8191,8254,
220.879,8718,8199,8246,
220.89,8718,8201,8251,
220.9,8741,8181,8231,
220.911,8756,8186,8210,
220.921,8707,8186,8235,
220.932,8689,8193,8248,
220.941,8691,8196,8248,
220.949,8697,8188,8246,
220.96,8689,8191,8243,
220.971,8672,8196,8251,
220.982,8689,8196,8246,
220.99,8686,8199,8246,
221,8675,8199,8248,
221.009,8686,8196,8238,
221.02,8689,8199,8246,
221.029,8683,8199,8243,
221.04,8675,8206,8256,
221.048,8678,8206,8243,
221.059,8678,8201,8241,
221.072,8675,8204,8238,
221.079,8678,8199,8243,
221.089,8678,8199,8241,
221.101,8705,8183,8218,
221.11,8710,8168,8203,
221.121,8667,8168,8223,
221.131,8656,8193,8243,
221.14,8664,8199,8241,
221.148,8659,8199,8246,
221.161,8656,8196,8246,
221.171,8661,8199,8243,
221.181,8661,8206,8241,
221.189,8670,8201,8246,
221.2,8667,8199,8241,
221.209,8659,8193,8243,
221.22,8670,8204,8238,
221.23,8656,8204,8231,
221.242,8656,8199,8238,
221.248,8656,8206,8243,
221.259,8656,8206,8238,
221.268,8650,8199,8228,
221.278,8653,8217,8243,
221.29,8644,8217,8235,
221.299,8653,8193,8205,
221.31,8644,8142,8192,
221.32,8605,8168,8228,
221.329,8627,8214,8238,
221.338,8616,8204,8221,
221.349,8603,8209,8228,
221.362,8600,8209,8231,
221.371,8603,8212,8228,
221.377,8592,8214,8226,
221.389,8600,8212,8223,
221.399,8594,8222,8238,
221.411,8603,8212,8223,
221.418,8608,8209,8235,
221.43,8600,8217,8228,
221.441,8594,8224,8228,
221.45,8600,8209,8241,
221.461,8608,8209,8238,
221.469,8592,8219,8221,
221.48,8608,8212,8228,
221.489,8592,8212,8221,
221.5,8603,8201,8203,
221.509,8600,8155,8195,
221.517,8578,8178,8221,
221.53,8573,8230,8216,
221.539,8573,8217,8221,
221.547,8546,8214,8221,
221.56,8530,8230,8218,
221.569,8517,8222,8216,
221.579,8506,8222,8213,
221.589,8495,8239,8208,
221.597,8461,8237,8203,
221.609,8442,8252,8190,
221.62,8425,8230,8200,
221.629,8385,8257,8182,
221.638,8379,8247,8195,
221.647,8369,8257,8190,
221.66,8350,8255,8182,
221.671,8326,8224,8185,
221.679,8323,8260,8185,
221.69,8310,8230,8185,
221.698,8288,8193,8177,
221.709,8257,8170,8174,
221.719,8283,8224,8182,
221.73,8260,8255,8177,
221.739,8271,8245,8187,
221.749,8268,8263,8187,
221.758,8244,8237,8185,
221.77,8246,8219,8190,
221.777,8276,8260,8187,
221.788,8233,8227,8182,
221.798,8230,8278,8195,
221.808,8249,8250,8180,
221.819,8271,8265,8187,
221.827,8227,8260,8180,
221.839,8241,8268,8182,
221.848,8214,8239,8187,
221.858,8219,8286,8177,
221.869,8227,8237,8190,
221.877,8192,8281,8169,
221.888,8188,8257,8174,
221.898,8179,8186,8172,
221.91,8158,8129,8177,
221.918,8198,8206,8180,
221.927,8233,8313,8177,
221.94,8158,8294,8180,
221.948,8200,8270,8185,
221.959,8168,8239,8192,
221.968,8177,8286,8174,
221.978,8200,8252,8161,
221.988,8203,8308,8190,
222.001,8188,8245,8157,
222.01,8219,8276,8172,
222.018,8192,8288,8187,
222.028,8206,8268,8169,
222.038,8174,8278,8180,
222.047,8192,8250,8182,
222.059,8208,8227,8177,
222.068,8214,8219,8163,
222.08,8238,8283,8185,
222.088,8203,8265,8177,
222.098,8179,8219,8172,
222.109,8188,8175,8174,
222.118,8219,8278,8182,
222.129,8192,8227,8172,
222.138,8203,8265,8185,
222.148,8206,8257,8195,
222.158,8179,8273,8185,
222.17,8225,8281,8185,
222.18,8208,8288,8177,
222.189,8222,8273,8177,
222.197,8252,8265,8185,
222.207,8249,8260,8180,
222.219,8233,8273,8185,
222.228,8238,8260,8187,
222.236,8252,8326,8192,
222.249,8249,8286,8190,
222.26,8219,8252,8192,
222.27,8222,8281,8190,
222.277,8233,8260,8190,
222.29,8227,8239,8198,
222.298,8214,8206,8172,
222.308,8168,8212,8174,
222.319,8214,8214,8187,
222.328,8230,8281,8177,
222.338,8206,8250,8185,
222.347,8225,8239,8185,
222.358,8200,8239,8167,
222.367,8198,8283,8174,
222.379,8227,8250,8177,
222.389,8230,8278,8180,
222.4,8235,8270,8172,
222.406,8230,8263,8169,
222.419,8276,8255,8187,
222.429,8206,8294,8192,
222.439,8249,8291,8169,
222.448,8241,8265,8187,
222.457,8233,8263,8185,
222.467,8217,8265,8172,
222.481,8222,8320,8190,
222.488,8230,8270,8187,
222.496,8203,8148,8177,
222.508,8200,8148,8167,
222.518,8233,8260,8185,
222.526,8230,8281,8172,
222.54,8217,8281,8177,
222.546,8225,8286,8180,
222.557,8200,8278,8172,
222.566,8225,8227,8185,
222.578,8244,8263,8187,
222.587,8203,8265,8167,
222.598,8214,8252,8174,
222.608,8219,8268,8190,
222.617,8233,8232,8190,
222.63,8222,8263,8180,
222.638,8225,8239,8190,
222.648,8230,8239,8190,
222.656,8225,8283,8192,
222.667,8214,8257,8182,
222.679,8219,8283,8180,
222.687,8249,8257,8187,
222.697,8219,8283,8185,
222.708,8203,8196,8174,
222.719,8254,8219,8192,
222.728,8263,8252,8180,
222.739,8246,8260,8187,
222.747,8249,8242,8192,
222.758,8252,8268,8185,
222.769,8252,8278,8187,
222.777,8260,8252,8180,
222.788,8307,8294,8190,
222.8,8254,8273,8192,
222.808,8288,8227,8187,
222.819,8279,8278,8185,
222.828,8276,8260,8192,
222.837,8273,8294,8187,
222.848,8273,8257,8174,
222.859,8273,8245,8198,
222.866,8263,8281,8195,
222.878,8263,8278,8192,
222.888,8273,8265,8187,
222.896,8271,8247,8187,
222.909,8257,8227,8182,
222.916,8283,8268,8187,
222.928,8288,8255,8190,
222.937,8283,8257,8187,
222.946,8285,8265,8192,
222.958,8291,8222,8174,
222.967,8285,8288,8190,
222.978,8320,8222,8180,
222.987,8310,8281,8185,
222.996,8320,8247,8180,
223.008,8329,8255,8198,
223.017,8345,8260,8195,
223.029,8364,8257,8190,
223.037,8358,8239,8198,
223.046,8361,8255,8200,
223.055,8390,8250,8190,
223.067,8393,8255,8198,
223.078,8423,8237,8195,
223.087,8431,8257,8195,
223.098,8463,8191,8195,
223.107,8468,8145,8177,
223.118,8495,8165,8200,
223.127,8509,8247,8213,
223.138,8541,8222,8213,
223.149,8570,8222,8226,
223.158,8581,8222,8226,
223.166,8597,8230,8218,
223.174,8639,8214,8226,
223.186,8664,8214,8223,
223.195,8678,8219,8231,
223.206,8707,8212,8246,
223.216,8718,8214,8235,
223.227,8747,8196,8254,
223.238,8772,8201,8259,
223.248,8785,8199,8261,
223.259,8808,8191,8261,
223.268,8802,8193,8259,
223.279,8830,8188,8269,
223.285,8836,8193,8272,
223.296,8882,8186,8235,
223.308,8941,8168,8208,
223.319,8874,8168,8254,
223.329,8844,8178,8277,
223.337,8830,8175,8279,
223.347,8827,8175,8274,
223.356,8819,8173,8269,
223.366,8827,8173,8264,
223.376,8830,8173,8277,
223.387,8827,8181,8272,
223.398,8816,8178,8269,
223.408,8811,8175,8264,
223.417,8827,8175,8279,
223.425,8816,8173,8277,
223.437,8827,8173,8269,
223.446,8802,8186,8269,
223.456,8827,8175,8266,
223.467,8816,8175,8272,
223.477,8802,8181,8264,
223.487,8802,8181,8264,
223.496,8863,8170,8238,
223.507,8894,8173,8210,
223.517,8824,8168,8241,
223.526,8791,8181,8261,
223.536,8788,8170,8261,
223.548,8785,8178,8266,
223.556,8777,8181,8266,
223.566,8785,8178,8259,
223.576,8788,8178,8261,
223.588,8780,8178,8266,
223.597,8791,8178,8259,
223.607,8788,8175,8261,
223.615,8791,8181,8264,
223.625,8780,8175,8261,
223.637,8785,8181,8264,
223.646,8788,8181,8272,
223.657,8780,8178,8264,
223.667,8785,8181,8274,
223.675,8780,8181,8259,
223.687,8791,8183,8259,
223.696,8839,8170,8238,
223.705,8866,8165,8208,
223.716,8799,8165,8251,
223.727,8783,8175,8254,
223.736,8774,8178,8256,
223.746,8774,8178,8259,
223.756,8772,8183,8266,
223.767,8772,8186,8259,
223.776,8772,8183,8264,
223.784,8774,8181,8261,
223.798,8777,8183,8264,
223.806,8777,8183,8269,
223.814,8783,8181,8259,
223.826,8780,8178,8272,
223.836,8777,8181,8266,
223.847,8774,8183,8264,
223.855,8783,8175,8269,
223.867,8774,8183,8254,
223.878,8772,8186,8266,
223.884,8780,8183,8259,
223.897,8816,8173,8246,
223.905,8855,8168,8210,
223.917,8777,8159,8238,
223.928,8766,8175,8259,
223.938,8764,8181,8264,
223.946,8772,8186,8256,
223.958,8758,8178,8269,
223.968,8758,8191,8261,
223.976,8766,8178,8272,
223.987,8761,8178,8261,
223.996,8772,8181,8274,
224.005,8758,8183,8266,
224.017,8761,8183,8259,
224.028,8766,8186,8266,
224.037,8766,8183,8266,
224.046,8774,8175,8272,
224.056,8766,8186,8261,
224.065,8774,8188,8269,
224.075,8766,8188,8266,
224.087,8774,8191,8264,
224.096,8813,8173,8241,
224.106,8844,8175,8218,
224.114,8777,8178,8243,
224.126,8756,8188,8259,
224.134,8756,8181,8264,
224.145,8756,8186,8251,
224.155,8750,8183,8266,
224.165,8769,8181,8259,
224.176,8756,8183,8259,
224.187,8756,8191,8256,
224.195,8769,8181,8259,
224.205,8764,8186,8259,
224.215,8766,8186,8259,
224.228,8758,8181,8259,
224.235,8764,8183,8256,
224.245,8769,8181,8261,
224.257,8772,8186,8259,
224.267,8766,8186,8259,
224.276,8764,8193,8264,
224.285,8769,8191,8259,
224.295,8802,8178,8235,
224.305,8827,8165,8205,
224.313,8772,8173,8238,
224.326,8753,8173,8254,
224.335,8758,8186,8251,
224.346,8747,8178,8251,
224.355,8745,8183,8251,
224.366,8747,8186,8254,
224.377,8750,8186,8254,
224.388,8753,8183,8248,
224.394,8758,8181,8248,
224.406,8750,8186,8264,
224.415,8747,8183,8254,
224.425,8756,8181,8251,
224.435,8756,8186,8264,
224.445,8758,8181,8256,
224.456,8758,8188,8251,
224.465,8747,8186,8256,
224.477,8758,8183,8259,
224.485,8750,8186,8256,
224.495,8783,8175,8226,
224.504,8802,8155,8205,
224.517,8753,8173,8251,
224.526,8745,8186,8254,
224.537,8730,8183,8254,
224.544,8730,8186,8254,
224.556,8730,8188,8248,
224.567,8736,8186,8254,
224.574,8741,8186,8251,
224.584,8753,8186,8256,
224.595,8738,8193,8256,
224.605,8741,8191,8256,
224.614,8736,8186,8259,
224.627,8745,8186,8259,
224.636,8736,8186,8264,
224.646,8750,8183,8261,
224.656,8738,8188,8254,
224.666,8736,8191,8254,
224.676,8750,8188,8254,
224.686,8747,8196,8248,
224.696,8758,8191,8238,
224.704,8785,8170,8205,
224.715,8718,8183,8243,
224.723,8725,8196,8246,
224.736,8721,8191,8248,
224.745,8716,8193,8254,
224.755,8710,8188,8256,
224.766,8721,8186,8248,
224.774,8718,8193,8248,
224.783,8721,8196,8248,
224.792,8725,8196,8246,
224.806,8713,8196,8251,
224.814,8713,8193,8248,
224.825,8718,8191,8254,
224.835,8705,8196,8251,
224.845,8710,8188,8248,
224.857,8710,8199,8251,
224.866,8716,8188,8251,
224.874,8713,8196,8248,
224.886,8707,8191,8241,
224.895,8736,8186,8216,
224.907,8718,8145,8208,
224.913,8678,8173,8231,
224.925,8678,8193,8243,
224.935,8680,8191,8238,
224.944,8675,8193,8238,
224.952,8670,8191,8241,
224.966,8667,8196,8241,
224.975,8664,8201,8241,
224.985,8675,8199,8246,
224.996,8675,8199,8241,
225.006,8659,8201,8243,
225.014,8672,8204,8238,
225.024,8659,8206,8238,
225.034,8661,8201,8243,
225.044,8678,8201,8241,
225.053,8659,8212,8241,
225.065,8667,8209,8235,
225.074,8672,8199,8238,
225.083,8661,8214,8241,
225.096,8683,8186,8226,
225.106,8683,8193,8200,
225.116,8647,8173,8213,
225.123,8630,8188,8231,
225.134,8647,8201,8238,
225.145,8630,8196,8226,
225.154,8627,8204,8231,
225.164,8635,8212,8241,
225.174,8635,8204,8231,
225.185,8635,8201,8235,
225.193,8632,8206,8241,
225.204,8639,8209,8238,
225.212,8639,8209,8228,
225.224,8639,8201,8231,
225.234,8639,8204,8226,
225.244,8639,8222,8235,
225.253,8627,8204,8231,
225.266,8627,8209,8235,
225.272,8627,8212,8228,
225.284,8622,8214,8223,
225.295,8639,8204,8203,
225.305,8624,8150,8192,
225.312,8589,8161,8210,
225.324,8597,8214,8235,
225.333,8600,8209,8223,
225.342,8573,8214,8221,
225.354,8573,8219,8223,
225.364,8549,8219,8221,
225.374,8541,8219,8218,
225.384,8514,8227,8208,
225.393,8506,8219,8216,
225.404,8495,8237,8205,
225.414,8476,8232,8203,
225.425,8458,8237,8205,
225.433,8444,8237,8203,
225.444,8425,8239,8198,
225.455,8425,8247,8187,
225.466,8406,8242,8192,
225.474,8390,8242,8192,
225.483,8356,8247,8190,
225.495,8356,8232,8174,
225.504,8310,8142,8177,
225.514,8323,8150,8180,
225.523,8318,8245,8187,
225.533,8299,8270,8185,
225.544,8301,8239,8187,
225.555,8283,8230,8192,
225.565,8271,8232,8190,
225.574,8254,8245,8174,
225.585,8246,8265,8163,
225.592,8283,8265,8190,
225.607,8241,8260,8185,
225.614,8235,8276,8177,
225.623,8249,8237,8169,
225.635,8254,8286,8190,
225.642,8200,8268,8180,
225.653,8208,8242,8185,
225.664,8179,8255,8172,
225.675,8163,8294,8180,
225.685,8168,8265,8182,
225.695,8128,8222,8163,
225.702,8103,8227,8172,
225.715,8128,8204,8185,
225.724,8133,8255,8169,
225.732,8133,8268,8174,
225.744,8117,8263,8169,
225.754,8114,8318,8167,
225.762,8085,8281,8169,
225.773,8133,8281,8177,
225.785,8101,8281,8172,
225.795,8117,8281,8172,
225.805,8163,8294,8174,
225.813,8101,8338,8185,
225.821,8064,8281,8169,
225.835,8109,8308,8172,
225.846,8120,8270,8177,
225.852,8088,8288,8172,
225.864,8114,8308,8174,
225.874,8136,8257,8174,
225.882,8077,8308,8180,
225.893,8120,8273,8161,
225.903,8055,8217,8187,
225.912,8112,8265,8177,
225.924,8112,8255,8177,
225.933,8077,8308,8169,
225.946,8061,8250,8190,
225.954,8055,8242,8177,
225.963,8139,8328,8190,
225.973,8094,8291,8163,
225.982,8077,8273,8174,
225.991,8092,8276,8180,
226.004,8077,8308,8177,
226.013,8085,8301,8172,
226.024,8088,8270,8167,
226.033,8088,8288,8187,
226.043,8064,8296,8163,
226.054,8074,8294,8185,
226.06,8106,8273,8185,
226.075,8109,8375,8157,
226.081,8053,8294,8185,
226.092,8045,8153,8172,
226.104,7972,8219,8157,
226.114,8042,8265,8177,
226.122,8034,8304,8180,
226.133,8064,8273,8192,
226.142,8080,8278,8172,
226.154,8077,8257,8167,
226.163,8085,8301,8177,
226.174,8077,8255,8163,
226.184,8097,8286,8169,
226.192,8106,8286,8190,
226.204,8050,8268,8169,
226.213,8114,8283,8185,
226.224,8128,8301,8177,
226.232,8120,8294,8182,
226.241,8133,8278,8177,
226.254,8077,8299,8174,
226.265,8101,8318,8185,
226.273,8097,8239,8172,
226.284,8144,8301,8180,
226.293,8120,8212,8163,
226.301,8034,8181,8177,
226.312,8097,8196,8187,
226.323,8094,8270,8172,
226.331,8101,8263,8180,
226.343,8050,8278,8172,
226.351,8109,8257,8169,
226.362,8092,8296,8174,
226.372,8155,8281,8182,
226.381,8094,8323,8185,
226.393,8117,8288,8169,
226.401,8083,8268,8190,
226.411,8103,8286,8180,
226.422,8131,8252,8174,
226.43,8077,8283,8177,
226.441,8085,8270,8172,
226.452,8092,8273,8163,
226.462,8066,8257,8180,
226.473,8141,8276,8169,
226.483,8131,8296,8174,
226.494,8069,8212,8167,
226.503,8069,8111,8169,
226.513,8083,8255,8177,
226.522,8147,8299,8163,
226.531,8083,8308,8152,
226.542,8069,8286,8174,
226.551,8085,8255,8174,
226.562,8077,8265,8180,
226.574,8103,8308,8187,
226.583,8117,8301,8180,
226.591,8094,8270,8174,
226.602,8088,8276,8174,
226.613,8101,8257,8167,
226.622,8092,8286,8182,
226.632,8083,8255,8180,
226.642,8106,8349,8174,
226.653,8133,8291,8177,
226.662,8101,8323,8177,
226.672,8083,8283,8174,
226.681,8061,8263,8185,
226.694,8080,8209,8167,
226.7,7978,8227,8167,
226.714,8074,8232,8152,
226.723,8050,8286,8172,
226.734,8069,8257,8167,
226.744,8058,8294,8169,
226.751,8066,8255,8172,
226.762,8080,8296,8167,
226.772,8080,8294,8163,
226.782,8131,8222,8195,
226.791,8094,8270,8177,
226.803,8120,8308,8167,
226.812,8085,8281,8157,
226.822,8106,8294,8177,
226.83,8112,8304,8163,
226.842,8114,8276,8180,
226.853,8088,8291,8180,
226.862,8128,8346,8177,
226.87,8133,8265,8187,
226.882,8109,8286,8172,
226.891,8072,8242,8167,
226.901,8083,8201,8177,
226.911,8094,8201,8169,
226.922,8114,8276,8195,
226.932,8077,8304,8180,
226.942,8074,8263,8174,
226.954,8094,8260,8174,
226.959,8120,8270,8169,
226.971,8094,8265,8182,
226.981,8114,8252,8172,
226.994,8072,8313,8177,
227.003,8103,8212,8180,
227.012,8094,8257,8169,
227.022,8122,8294,8182,
227.033,8083,8268,8161,
227.042,8114,8273,8180,
227.05,8117,8260,8177,
227.061,8101,8331,8161,
227.072,8109,8308,8174,
227.083,8080,8278,8174,
227.089,8092,8255,8163,
227.103,8066,8193,8167,
227.11,8128,8265,8169,
227.122,8128,8257,8185,
227.131,8101,8257,8177,
227.141,8141,8310,8161,
227.153,8106,8286,8177,
227.162,8109,8328,8172,
227.171,8158,8308,8177,
227.18,8128,8288,8182,
227.193,8133,8286,8169,
227.202,8120,8294,8169,
227.214,8114,8315,8174,
227.222,8150,8257,8177,
227.232,8166,8270,8177,
227.242,8155,8255,8185,
227.251,8141,8288,8177,
227.262,8136,8270,8167,
227.27,8128,8283,8172,
227.281,8122,8245,8167,
227.293,8152,8265,8169,
227.303,8144,8165,8177,
227.313,8200,8191,8185,
227.32,8177,8242,8180,
227.333,8177,8276,8203,
227.341,8200,8222,8169,
227.35,8200,8286,8187,
227.36,8185,8288,8157,
227.372,8238,8301,8174,
227.381,8219,8260,8190,
227.393,8254,8260,8187,
227.401,8271,8263,8182,
227.413,8268,8263,8172,
227.423,8304,8239,8182,
227.432,8268,8301,8182,
227.442,8265,8232,8174,
227.452,8288,8268,8187,
227.461,8310,8270,8185,
227.471,8304,8224,8190,
227.481,8331,8268,8195,
227.49,8318,8155,8169,
227.499,8320,8170,8180,
227.51,8356,8117,8185,
227.521,8350,8263,8192,
227.532,8366,8250,8182,
227.541,8393,8242,8192,
227.552,8404,8245,8192,
227.561,8425,8255,8190,
227.57,8447,8257,8205,
227.581,8479,8232,8203,
227.592,8495,8245,8200,
227.602,8519,8255,8216,
227.612,8527,8224,8210,
227.623,8558,8222,8213,
227.631,8586,8245,8223,
227.64,8603,8230,8226,
227.65,8608,8237,8218,
227.662,8616,8237,8223,
227.671,8589,8232,8223,
227.68,8603,8219,8221,
227.69,8600,8232,8203,
227.701,8584,8087,8198,
227.711,8544,8165,8205,
227.721,8553,8214,8221,
227.732,8549,8212,8231,
227.741,8541,8227,8216,
227.751,8533,8219,8208,
227.762,8533,8224,8210,
227.771,8536,8227,8223,
227.781,8549,8224,8213,
227.793,8558,8224,8226,
227.801,8558,8227,8216,
227.811,8576,8224,8213,
227.82,8573,8222,8213,
227.829,8565,8232,8208,
227.843,8556,8227,8231,
227.85,8567,8222,8218,
227.861,8576,8227,8223,
227.871,8586,8222,8221,
227.879,8589,8219,8208,
227.893,8603,8201,8195,
227.901,8578,8129,8190,
227.909,8541,8168,8210,
227.92,8549,8217,8218,
227.931,8538,8212,8210,
227.941,8562,8209,8221,
227.949,8538,8209,8213,
227.962,8546,8230,8221,
227.971,8549,8217,8205,
227.98,8556,8217,8218,
227.991,8570,8227,8210,
228.001,8553,8212,8218,
228.012,8576,8219,8216,
228.021,8565,8222,8216,
228.031,8578,8214,8223,
228.042,8570,8217,8226,
228.05,8573,8212,8213,
228.062,8570,8222,8223,
228.072,8556,8239,8216,
228.078,8565,8224,8213,
228.089,8567,8206,8203,
228.1,8570,8142,8192,
228.111,8530,8173,8200,
228.119,8525,8206,8221,
228.131,8536,8227,8205,
228.141,8530,8217,8218,
228.15,8541,8217,8213,
228.159,8546,8224,8213,
228.169,8541,8214,8218,
228.179,8541,8227,8208,
228.19,8553,8230,8218,
228.201,8562,8219,8223,
228.209,8549,8224,8208,
228.22,8567,8222,8218,
228.231,8556,8232,8208,
228.239,8562,8219,8213,
228.25,8565,8217,8223,
228.261,8578,8237,8223,
228.271,8544,8224,8208,
228.28,8553,8230,8216,
228.29,8562,8201,8208,
228.299,8565,8159,8195,
228.311,8549,8186,8210,
228.319,8546,8230,8223,
228.328,8538,8227,8210,
228.341,8553,8219,8213,
228.351,8546,8222,8226,
228.359,8549,8224,8218,
228.37,8565,8230,8221,
228.38,8549,8230,8218,
228.389,8553,8227,8213,
228.402,8562,8237,8210,
228.409,8562,8224,8218,
228.422,8562,8219,8213,
228.43,8544,8219,8216,
228.439,8556,8227,8203,
228.449,8558,8239,8216,
228.459,8565,8230,8213,
228.471,8553,8232,8218,
228.48,8570,8224,8216,
228.489,8558,8204,8198,
228.497,8567,8159,8192,
228.512,8553,8183,8216,
228.519,8549,8227,8218,
228.53,8549,8222,8213,
228.54,8546,8232,8216,
228.551,8541,8219,8218,
228.56,8549,8219,8218,
228.571,8556,8217,8216,
228.579,8558,8227,8218,
228.59,8558,8230,8210,
228.601,8570,8214,8221,
228.609,8567,8227,8216,
228.62,8562,8224,8218,
228.63,8562,8219,8218,
228.639,8553,8232,8203,
228.651,8570,8230,8226,
228.66,8562,8222,8218,
228.668,8562,8222,8216,
228.68,8573,8224,8216,
228.69,8570,8212,8200,
228.699,8549,8196,8192,
228.711,8527,8178,8216,
228.719,8530,8242,8228,
228.732,8546,8219,8218,
228.738,8533,8214,8216,
228.749,8536,8217,8208,
228.761,8541,8232,8213,
228.771,8558,8222,8210,
228.779,8562,8209,8216,
228.787,8562,8230,8221,
228.799,8553,8224,8226,
228.809,8546,8227,8226,
228.819,8570,8214,8221,
228.829,8567,8219,8223,
228.838,8558,8230,8218,
228.849,8567,8232,8228,
228.86,8565,8237,8218,
228.869,8556,8219,8213,
228.878,8576,8222,8218,
228.888,8584,8178,8203,
228.897,8556,8091,8192,
228.911,8522,8178,8205,
228.922,8517,8219,8208,
228.928,8536,8206,8216,
228.939,8533,8219,8221,
228.951,8522,8219,8213,
228.96,8527,8219,8216,
228.97,8549,8232,8210,
228.98,8546,8224,8216,
228.99,8541,8239,8218,
228.998,8549,8224,8218,
229.007,8549,8222,8218,
229.019,8573,8224,8216,
229.029,8553,8230,8216,
229.038,8573,8217,8218,
229.05,8570,8237,8216,
229.059,8556,8230,8216,
229.068,8556,8227,8208,
229.079,8565,8209,8218,
229.088,8573,8206,8205,
229.098,8565,8142,8187,
229.111,8553,8178,8210,
229.117,8556,8232,8218,
229.129,8558,8222,8208,
229.138,8533,8227,8221,
229.149,8544,8222,8210,
229.161,8541,8212,8223,
229.168,8546,8224,8216,
229.179,8541,8219,8216,
229.189,8549,8224,8213,
229.2,8549,8219,8218,
229.208,8558,8232,8223,
229.218,8558,8224,8218,
229.228,8546,8239,8213,
229.238,8573,8237,8223,
229.248,8558,8227,8210,
229.258,8567,8239,8216,
229.268,8562,8219,8221,
229.279,8567,8230,8218,
229.29,8570,8206,8205,
229.298,8565,8114,8192,
229.308,8527,8186,8205,
229.32,8530,8217,8216,
229.328,8536,8217,8213,
229.34,8544,8214,8213,
229.346,8527,8206,8210,
229.361,8533,8222,8208,
229.368,8538,8206,8208,
229.378,8549,8224,8208,
229.388,8562,8214,8226,
229.398,8556,8227,8213,
229.41,8544,8219,8218,
229.419,8570,8212,8231,
229.428,8562,8227,8210,
229.44,8553,8222,8210,
229.448,8558,8227,8218,
229.458,8567,8222,8221,
229.469,8562,8224,8218,
229.48,8570,8212,8218,
229.488,8573,8217,8203,
229.5,8567,8145,8192,
229.508,8536,8140,8208,
229.517,8511,8230,8203,
229.529,8533,8219,8221,
229.539,8544,8224,8205,
229.549,8527,8224,8218,
229.557,8544,8219,8210,
229.569,8546,8219,8205,
229.577,8556,8222,8221,
229.59,8556,8219,8213,
229.596,8562,8212,8226,
229.609,8558,8222,8218,
229.618,8549,8227,8216,
229.63,8556,8214,8228,
229.64,8558,8214,8216,
229.646,8553,8237,8221,
229.658,8562,8230,8218,
229.669,8562,8217,8213,
229.678,8570,8214,8218,
229.689,8586,8193,8198,
229.697,8556,8135,8190,
229.708,8538,8178,8218,
229.717,8546,8232,8208,
229.728,8541,8219,8218,
229.737,8553,8222,8221,
229.749,8541,8237,8218,
229.761,8536,8219,8210,
229.769,8544,8222,8218,
229.779,8546,8219,8213,
229.787,8558,8230,8213,
229.799,8549,8217,8226,
229.81,8553,8219,8218,
229.818,8567,8227,8221,
229.83,8556,8242,8223,
229.837,8567,8237,8221,
229.849,8553,8219,8218,
229.856,8553,8227,8223,
229.868,8573,8247,8223,
229.88,8565,8222,8205,
229.888,8567,8199,8205,
229.896,8586,8137,8192,
229.905,8546,8168,8208,
229.918,8527,8212,8210,
229.927,8544,8217,8205,
229.937,8541,8227,8208,
229.946,8533,8227,8210,
229.955,8541,8224,8208,
229.969,8556,8232,8221,
229.977,8549,8224,8210,
229.986,8549,8227,8221,
229.998,8562,8219,8213,
230.007,8567,8222,8218,
230.019,8544,8239,8216,
230.027,8549,8212,8221,
230.037,8573,8222,8221,
230.048,8549,8222,8221,
230.058,8565,8209,8221,
230.068,8553,8219,8218,
230.077,8558,8224,8218,
230.087,8576,8199,8216,
230.099,8567,8137,8190,
230.108,8556,8219,8216,
230.118,8553,8227,8216,
230.131,8553,8219,8218,
230.137,8538,8222,8213,
230.148,8538,8222,8226,
230.155,8546,8230,8223,
230.165,8546,8232,8223,
230.178,8565,8227,8226,
230.187,8565,8217,8216,
230.198,8562,8227,8205,
230.207,8556,8224,8213,
230.218,8565,8224,8218,
230.227,8565,8227,8223,
230.237,8565,8227,8218,
230.247,8553,8239,8210,
230.258,8541,8232,8226,
230.268,8565,8219,8208,
230.277,8570,8222,8223,
230.288,8567,8193,8205,
230.296,8546,8165,8187,
230.307,8511,8170,8210,
230.318,8519,8222,8223,
230.327,8527,8222,8221,
230.337,8527,8237,8218,
230.346,8530,8219,8223,
230.358,8533,8219,8226,
230.366,8527,8230,8213,
230.377,8541,8224,8221,
230.387,8546,8227,8216,
230.397,8567,8227,8221,
230.406,8553,8214,8210,
230.419,8553,8224,8218,
230.429,8578,8219,8213,
230.439,8567,8237,8223,
230.448,8570,8232,8208,
230.456,8562,8217,8221,
230.469,8567,8239,8213,
230.478,8573,8250,8221,
230.487,8570,8178,8195,
230.496,8549,8165,8190,
230.507,8525,8153,8210,
230.516,8536,8217,8210,
230.527,8533,8219,8218,
230.538,8527,8230,8213,
230.549,8527,8219,8213,
230.555,8525,8222,8216,
230.566,8544,8214,8213,
230.577,8556,8219,8218,
230.588,8565,8219,8218,
230.596,8549,8214,8210,
230.609,8544,8227,8216,
230.617,8541,8222,8216,
230.627,8556,8230,8216,
230.636,8553,8219,8221,
230.648,8567,8224,8221,
230.659,8556,8239,8218,
230.665,8562,8237,8216,
230.679,8567,8222,8223,
230.687,8567,8222,8205,
230.695,8553,8175,8198,
230.708,8527,8175,8208,
230.714,8527,8212,8200,
230.725,8538,8209,8216,
230.736,8541,8222,8213,
230.747,8538,8224,8210,
230.756,8538,8219,8213,
230.767,8538,8230,8221,
230.775,8553,8224,8208,
230.789,8553,8219,8216,
230.798,8556,8227,8218,
230.809,8556,8227,8208,
230.815,8549,8232,8213,
230.828,8556,8227,8213,
230.835,8549,8212,8208,
230.846,8573,8224,8203,
230.854,8553,8222,8218,
230.866,8567,8227,8221,
230.876,8553,8222,8218,
230.888,8562,8201,8200,
230.897,8570,8173,8195,
230.908,8546,8199,8221,
230.917,8541,8230,8223,
230.927,8541,8227,8213,
230.934,8544,8214,8205,
230.944,8538,8227,8216,
230.959,8536,8222,8218,
230.965,8544,8224,8223,
230.978,8556,8224,8216,
230.987,8553,8222,8223,
230.996,8562,8232,8221,
231.006,8573,8237,8213,
231.017,8570,8214,8221,
231.026,8544,8222,8223,
231.035,8558,8224,8216,
231.048,8573,8214,8210,
231.057,8553,8217,8216,
231.067,8565,8237,8218,
231.078,8578,8219,8210,
231.087,8570,8214,8195,
231.096,8576,8135,8195,
231.106,8556,8188,8216,
231.118,8544,8217,8216,
231.128,8544,8214,8221,
231.134,8538,8217,8213,
231.147,8533,8230,8221,
231.158,8546,8217,8216,
231.167,8538,8242,8213,
231.178,8546,8222,8221,
231.185,8562,8232,8223,
231.196,8562,8219,8210,
231.208,8562,8217,8213,
231.217,8549,8217,8210,
231.225,8565,8212,8213,
231.236,8546,8219,8218,
231.245,8573,8219,8221,
231.255,8549,8222,8226,
231.267,8567,8222,8216,
231.275,8562,8232,8210,
231.287,8581,8170,8208,
231.295,8549,8145,8187,
231.305,8530,8148,8216,
231.317,8533,8212,8213,
231.329,8533,8217,8208,
231.335,8519,8209,8218,
231.346,8530,8227,8216,
231.356,8541,8230,8223,
231.364,8541,8219,8216,
231.374,8544,8224,8216,
231.387,8549,8212,8221,
231.394,8544,8237,8221,
231.406,8553,8230,8216,
231.417,8549,8237,8213,
231.426,8558,8219,8221,
231.435,8549,8230,8208,
231.445,8567,8230,8226,
231.456,8544,8230,8218,
231.465,8549,8227,8226,
231.476,8567,8212,8221,
231.485,8570,8217,8205,
231.495,8570,8168,8195,
231.505,8536,8165,8213,
231.517,8538,8204,8216,
231.523,8538,8212,8213,
231.534,8556,8224,8223,
231.546,8533,8219,8218,
231.556,8533,8237,8218,
231.567,8556,8222,8210,
231.573,8549,8222,8208,
231.587,8567,8219,8213,
231.596,8562,8227,8218,
231.606,8567,8230,8218,
231.615,8562,8237,8210,
231.627,8544,8237,8210,
231.637,8562,8219,8221,
231.644,8567,8212,8210,
231.655,8549,8217,8210,
231.665,8558,8232,8218,
231.677,8556,8204,8205,
231.687,8549,8204,8200,
231.696,8573,8170,8198,
231.705,8538,8135,8208,
231.717,8525,8232,8210,
231.725,8546,8222,8210,
231.735,8544,8224,8210,
231.744,8538,8219,8218,
231.755,8533,8222,8213,
231.766,8541,8230,8198,
231.776,8541,8222,8218,
231.784,8562,8227,8221,
231.796,8570,8224,8218,
231.805,8544,8232,8218,
231.813,8576,8212,8216,
231.826,8562,8224,8210,
231.837,8565,8224,8223,
231.845,8546,8227,8221,
231.855,8546,8227,8218,
231.865,8556,8227,8213,
231.875,8567,8230,8221,
231.887,8562,8222,8216,
231.895,8570,8186,8182,
231.905,8536,8159,8208,
231.917,8530,8219,8208,
231.924,8544,8217,8200,
231.934,8541,8222,8216,
231.945,8527,8232,8203,
231.954,8549,8219,8216,
231.965,8536,8230,8223,
231.973,8541,8224,8216,
231.984,8562,8230,8213,
231.996,8553,8232,8216,
232.005,8544,8222,8216,
232.013,8546,8217,8223,
232.026,8565,8217,8221,
232.034,8553,8222,8213,
232.045,8570,8222,8218,
232.057,8562,8219,8231,
232.067,8562,8209,8213,
232.074,8573,8219,8223,
232.084,8565,8212,8203,
232.096,8578,8161,8192,
232.107,8553,8224,8223,
232.113,8541,8239,8223,
232.126,8546,8227,8216,
232.136,8530,8217,8213,
232.145,8549,8214,8216,
232.156,8544,8217,8210,
232.162,8553,8230,8213,
232.175,8546,8219,8228,
232.187,8549,8242,8218,
232.196,8541,8230,8216,
232.206,8565,8224,8218,
232.214,8567,8224,8223,
232.224,8546,8237,8223,
232.234,8546,8224,8223,
232.244,8562,8224,8216,
232.253,8578,8219,8218,
232.265,8541,8222,8213,
232.276,8544,8224,8218,
232.285,8565,8196,8218,
232.295,8565,8145,8190,
232.305,8556,8193,8213,
232.315,8553,8227,8218,
232.324,8541,8224,8208,
232.334,8544,8227,8210,
232.343,8549,8222,8208,
232.353,8553,8222,8221,
232.365,8549,8222,8223,
232.375,8556,8219,8208,
232.384,8549,8227,8216,
232.393,8573,8237,8218,
232.406,8567,8224,8218,
232.413,8565,8227,8216,
232.425,8578,8219,8228,
232.433,8565,8230,8221,
232.443,8556,8224,8223,
232.453,8549,8227,8210,
232.462,8570,8232,8223,
232.473,8567,8214,8218,
232.485,8573,8186,8200,
232.494,8556,8104,8192,
232.505,8530,8168,8210,
232.513,8527,8227,8208,
232.525,8533,8217,8216,
232.535,8530,8232,8218,
232.545,8538,8237,8216,
232.553,8536,8222,8223,
232.566,8556,8219,8218,
232.573,8553,8222,8216,
232.582,8558,8232,8213,
232.595,8538,8222,8216,
232.607,8541,8237,8218,
232.613,8544,8222,8228,
232.624,8567,8222,8216,
232.634,8546,8239,8213,
232.643,8556,8224,8210,
232.654,8558,8224,8221,
232.665,8562,8230,8218,
232.673,8549,8227,8223,
232.687,8570,8204,8213,
232.694,8578,8168,8192,
232.705,8538,8168,8205,
232.715,8546,8204,8218,
232.723,8549,8222,8213,
232.735,8538,8222,8213,
232.745,8541,8222,8213,
232.754,8544,8219,8221,
232.763,8538,8227,8216,
232.775,8562,8219,8213,
232.782,8546,8224,8210,
232.794,8546,8222,8208,
232.805,8570,8227,8223,
232.813,8567,8219,8221,
232.824,8558,8237,8223,
232.834,8562,8212,8218,
232.841,8553,8209,8208,
232.852,8570,8224,8218,
232.867,8562,8227,8221,
232.874,8565,8232,8213,
232.883,8576,8173,8195,
232.892,8553,8188,8190,
232.905,8533,8204,8218,
232.912,8541,8239,8223,
232.923,8533,8222,8210,
232.935,8536,8227,8216,
232.945,8538,8222,8218,
232.952,8546,8214,8216,
232.964,8549,8230,8210,
232.974,8549,8232,8216,
232.985,8562,8222,8216,
232.994,8556,8232,8218,
233.006,8556,8227,8218,
233.014,8578,8239,8223,
233.023,8553,8232,8208,
233.033,8567,8232,8223,
233.044,8562,8219,8223,
233.052,8573,8237,8218,
233.065,8567,8242,8216,
233.075,8549,8219,8216,
233.084,8576,8199,8208,
233.094,8576,8114,8192,
233.105,8558,8201,8216,
233.115,8549,8219,8210,
233.126,8536,8222,8218,
233.135,8544,8222,8216,
233.144,8541,8222,8216,
233.156,8549,8230,8221,
233.164,8544,8227,8213,
233.176,8556,8219,8213,
233.183,8558,8219,8213,
233.191,8562,8232,8216,
233.203,8556,8227,8226,
233.215,8567,8222,8218,
233.224,8558,8224,8221,
233.234,8570,8224,8226,
233.244,8562,8232,8221,
233.255,8553,8224,8213,
233.265,8565,8230,8216,
233.273,8553,8222,8213,
233.282,8565,8209,8208,
233.304,8570,8145,8195,
233.309,8544,8209,8221,
233.314,8546,8227,8218,
233.322,8544,8219,8218,
233.333,8538,8222,8213,
233.344,8541,8214,8223,
233.353,8546,8222,8221,
233.363,8544,8214,8221,
233.373,8549,8237,8218,
233.383,8565,8219,8226,
233.394,8576,8227,8235,
233.403,8558,8230,8218,
233.415,8553,8219,8218,
233.424,8553,8224,8216,
233.435,8556,8217,8221,
233.443,8556,8224,8226,
233.452,8556,8219,8213,
233.463,8558,8222,8213,
233.473,8556,8232,8221,
233.483,8576,8214,8210,
233.493,8565,8170,8195,
233.504,8536,8199,8213,
233.513,8530,8224,8221,
233.522,8536,8222,8218,
233.532,8538,8224,8213,
233.542,8544,8222,8218,
233.555,8538,8222,8216,
233.563,8549,8227,8221,
233.571,8556,8222,8221,
233.582,8549,8230,8226,
233.594,8565,8219,8218,
233.603,8556,8224,8231,
233.612,8562,8230,8216,
233.62,8553,8222,8198,
233.631,8576,8222,8218,
233.645,8567,8217,8210,
233.651,8549,8212,8205,
233.664,8556,8224,8221,
233.672,8581,8219,8213,
233.683,8570,8196,8195,
233.693,8549,8124,8198,
233.703,8522,8181,8210,
233.714,8527,8217,8223,
233.722,8530,8206,8213,
233.731,8519,8224,8210,
233.745,8533,8219,8210,
233.753,8549,8219,8205,
233.763,8546,8224,8218,
233.774,8544,8222,8213,
233.782,8565,8230,8218,
233.792,8558,8237,8216,
233.802,8565,8227,8218,
233.814,8567,8222,8208,
233.82,8567,8206,8216,
233.831,8546,8242,8218,
233.841,8558,8227,8216,
233.852,8558,8217,8218,
233.861,8565,8230,8213,
233.873,8567,8227,8216,
233.882,8567,8212,8190,
233.891,8567,8087,8198,
233.902,8527,8137,8200,
233.91,8536,8232,8208,
233.923,8538,8212,8210,
233.934,8538,8227,8216,
233.943,8541,8217,8208,
233.953,8517,8219,8210,
233.961,8544,8219,8208,
233.974,8549,8230,8213,
233.983,8562,8224,8210,
233.994,8558,8227,8221,
234,8538,8227,8218,
234.012,8558,8237,8218,
234.024,8562,8219,8218,
234.03,8556,8232,8231,
234.042,8570,8222,8226,
234.053,8541,8230,8221,
234.062,8565,8222,8223,
234.072,8553,8219,8218,
234.081,8570,8214,8205,
234.092,8581,8124,8190,
234.103,8565,8173,8216,
234.111,8556,8222,8213,
234.121,8549,8230,8213,
234.131,8541,8222,8210,
234.143,8544,8209,8216,
234.154,8544,8239,8218,
234.162,8544,8219,8218,
234.171,8567,8224,8221,
234.18,8556,8222,8218,
234.19,8562,8230,8218,
234.202,8544,8191,8210,
234.212,8553,8209,8221,
234.223,8567,8227,8218,
234.231,8565,8227,8223,
234.242,8558,8227,8216,
234.251,8562,8230,8223,
234.263,8558,8217,8205,
234.271,8562,8227,8213,
234.282,8565,8191,8198,
234.291,8578,8142,8192,
234.302,8556,8193,8210,
234.312,8562,8224,8213,
234.322,8549,8224,8221,
234.332,8549,8224,8221,
234.341,8538,8214,8208,
234.353,8546,8219,8226,
234.364,8562,8219,8223,
234.37,8562,8227,8221,
234.381,8546,8230,8218,
234.392,8562,8214,8216,
234.401,8558,8214,8221,
234.412,8558,8230,8223,
234.421,8556,8222,8216,
234.432,8567,8242,8213,
234.442,8553,8214,8213,
234.453,8570,8242,8223,
234.459,8573,8224,8218,
234.469,8556,8224,8218,
234.482,8584,8204,8200,
234.492,8558,8170,8195,
234.501,8533,8155,8208,
234.513,8541,8227,8218,
234.521,8536,8217,8216,
234.532,8527,8224,8218,
234.54,8533,8219,8221,
234.551,8538,8217,8213,
234.56,8549,8219,8223,
234.571,8553,8227,8213,
234.582,8553,8227,8221,
234.592,8544,8217,8216,
234.601,8570,8222,8223,
234.613,8562,8224,8216,
234.621,8556,8219,8213,
234.631,8549,8230,8226,
234.64,8567,8217,8226,
234.651,8553,8222,8216,
234.659,8546,8227,8221,
234.67,8544,8230,8221,
234.681,8567,8201,8200,
234.691,8567,8168,8192,
234.7,8536,8178,8213,
234.712,8530,8209,8216,
234.723,8538,8227,8210,
234.732,8536,8227,8223,
234.74,8533,8217,8218,
234.753,8527,8230,8205,
234.761,8544,8219,8226,
234.772,8544,8217,8213,
234.78,8544,8230,8213,
234.792,8538,8242,8210,
234.801,8546,8224,8205,
234.813,8556,8230,8216,
234.819,8553,8237,8210,
234.83,8544,8222,8213,
234.841,8558,8230,8198,
234.85,8538,8224,8213,
234.865,8556,8232,8213,
234.87,8565,8237,8210,
234.881,8565,8217,8203,
234.892,8576,8132,8190,
234.901,8538,8161,8210,
234.912,8538,8227,8221,
234.922,8536,8222,8213,
234.931,8546,8212,8216,
234.941,8533,8222,8213,
234.949,8538,8222,8216,
234.959,8549,8227,8213,
234.971,8549,8222,8218,
234.98,8549,8227,8205,
234.989,8565,8224,8223,
235,8553,8239,8210,
235.011,8576,8227,8216,
235.02,8565,8230,8210,
235.032,8573,8217,8223,
235.042,8562,8232,8218,
235.052,8558,8227,8218,
235.06,8556,8222,8226,
235.07,8576,8212,8218,
235.081,8562,8224,8200,
235.092,8565,8145,8187,
235.101,8544,8178,8208,
235.111,8546,8230,8200,
235.121,8549,8250,8208,
235.132,8549,8227,8208,
235.14,8544,8222,8226,
235.149,8538,8222,8210,
235.161,8544,8227,8210,
235.17,8546,8219,8218,
235.18,8544,8224,8223,
235.192,8553,8224,8218,
235.2,8558,8232,8213,
235.21,8567,8222,8226,
235.222,8553,8237,8210,
235.231,8562,8237,8221,
235.24,8558,8224,8210,
235.251,8546,8227,8221,
235.263,8565,8230,8221,
235.269,8567,8222,8213,
235.281,8567,8219,8203,
235.291,8570,8168,8187,
235.301,8544,8178,8218,
235.309,8541,8232,8210,
235.32,8553,8214,8221,
235.329,8541,8214,8218,
235.342,8536,8217,8221,
235.35,8538,8219,8213,
235.36,8556,8222,8210,
235.37,8556,8219,8213,
235.381,8562,8217,8216,
235.39,8570,8217,8223,
235.399,8546,8230,8205,
235.41,8565,8224,8226,
235.42,8570,8227,8231,
235.43,8558,8224,8216,
235.441,8553,8237,8226,
235.45,8558,8232,8205,
235.463,8546,8230,8221,
235.472,8556,8227,8223,
235.48,8565,8206,8210,
235.489,8573,8142,8190,
235.501,8536,8183,8210,
235.512,8533,8227,8213,
235.521,8536,8224,8210,
235.532,8533,8212,8213,
235.539,8538,8227,8210,
235.55,8536,8212,8213,
235.559,8546,8219,8216,
235.57,8549,8227,8221,
235.58,8558,8242,8235,
235.592,8549,8227,8221,
235.601,8549,8214,8218,
235.612,8556,8219,8216,
235.621,8553,8239,8218,
235.631,8549,8239,8218,
235.64,8553,8217,8221,
235.648,8558,8219,8223,
235.661,8549,8237,8226,
235.669,8565,8224,8216,
235.682,8581,8183,8200,
235.69,8544,8122,8190,
235.702,8514,8175,8203,
235.712,8511,8217,8208,
235.72,8530,8217,8221,
235.729,8517,8206,8208,
235.739,8519,8222,8218,
235.748,8530,8224,8210,
235.762,8536,8224,8216,
235.769,8549,8224,8218,
235.778,8544,8222,8216,
235.789,8549,8227,8218,
235.799,8553,8230,8216,
235.811,8553,8219,8210,
235.821,8558,8250,8208,
235.831,8549,8230,8208,
235.841,8562,8219,8218,
235.851,8558,8224,8221,
235.861,8565,8237,8226,
235.871,8567,8230,8210,
235.879,8570,8212,8198,
235.889,8576,8153,8205,
235.898,8533,8127,8216,
235.909,8517,8204,8213,
235.922,8536,8224,8216,
235.928,8538,8217,8216,
235.94,8530,8217,8216,
235.948,8530,8222,8218,
235.959,8541,8224,8213,
235.971,8562,8224,8218,
235.979,8546,8224,8213,
235.987,8544,8224,8223,
236.001,8556,8222,8231,
236.013,8553,8222,8216,
236.02,8553,8222,8216,
236.032,8556,8227,8213,
236.038,8553,8214,8221,
236.049,8556,8206,8205,
236.059,8558,8250,8228,
236.071,8558,8222,8208,
236.077,8567,8206,8205,
236.09,8562,8175,8195,
236.101,8530,8178,8216,
236.11,8538,8237,8216,
236.122,8527,8230,8208,
236.131,8538,8227,8223,
236.137,8541,8224,8213,
236.149,8544,8219,8226,
236.161,8541,8230,8210,
236.169,8546,8227,8216,
236.179,8556,8227,8213,
236.188,8556,8214,8223,
236.199,8558,8230,8216,
236.208,8565,8232,8216,
236.22,8567,8217,8223,
236.229,8553,8227,8223,
236.24,8565,8227,8221,
236.249,8570,8224,8218,
236.259,8562,8230,8213,
236.269,8553,8232,8216,
236.278,8565,8209,8192,
236.288,8573,8140,8195,
236.299,8544,8137,8205,
236.309,8546,8230,8218,
236.321,8533,8227,8213,
236.33,8533,8237,8218,
236.339,8536,8219,8218,
236.349,8530,8227,8213,
236.358,8538,8227,8216,
236.37,8544,8237,8221,
236.379,8567,8219,8210,
236.387,8558,8217,8210,
236.399,8558,8230,8226,
236.408,8546,8214,8218,
236.42,8553,8232,8216,
236.43,8546,8230,8221,
236.442,8546,8219,8210,
236.449,8562,8242,8213,
236.46,8558,8224,8223,
236.469,8562,8219,8223,
236.5,8570,8209,8213,
236.504,8562,8148,8200,
236.505,8530,8168,8216,
236.51,8527,8227,8216,
236.518,8544,8214,8221,
236.528,8530,8219,8213,
236.54,8525,8232,8223,
236.546,8536,8227,8216,
236.557,8536,8224,8223,
236.568,8553,8227,8226,
236.58,8567,8232,8216,
236.589,8567,8222,8221,
236.599,8546,8237,8223,
236.609,8556,8219,8223,
236.621,8549,8227,8221,
236.627,8565,8222,8218,
236.64,8565,8230,8216,
236.65,8562,8230,8208,
236.661,8544,8227,8205,
236.668,8562,8222,8223,
236.679,8573,8217,8210,
236.688,8578,8135,8200,
236.7,8578,8212,8208,
236.709,8570,8230,8221,
236.718,8549,8232,8218,
236.728,8538,8224,8216,
236.74,8536,8219,8218,
236.749,8567,8230,8223,
236.757,8556,8224,8218,
236.768,8549,8237,8216,
236.777,8565,8222,8218,
236.789,8544,8222,8213,
236.799,8558,8232,8223,
236.809,8549,8224,8208,
236.818,8549,8230,8235,
236.828,8553,8214,8221,
236.838,8549,8214,8216,
236.849,8549,8217,8218,
236.858,8562,8230,8223,
236.866,8562,8247,8213,
236.876,8573,8204,8203,
236.887,8565,8183,8187,
236.897,8573,8209,8216,
236.909,8556,8224,8216,
236.917,8546,8224,8216,
236.929,8553,8219,8218,
236.937,8549,8219,8218,
236.947,8538,8219,8213,
236.959,8544,8217,8218,
236.968,8567,8212,8223,
236.979,8562,8219,8216,
236.988,8562,8224,8216,
237,8573,8232,8226,
237.008,8562,8232,8216,
237.019,8565,8232,8208,
237.027,8556,8230,8216,
237.038,8565,8214,8226,
237.048,8549,8224,8216,
237.058,8553,8224,8221,
237.068,8573,8245,8208,
237.078,8570,8237,8195,
237.087,8553,8111,8195,
237.096,8514,8153,8205,
237.109,8506,8199,8205,
237.118,8533,8217,8210,
237.129,8527,8219,8210,
237.138,8525,8212,8223,
237.149,8530,8214,8216,
237.158,8533,8217,8223,
237.168,8533,8212,8216,
237.178,8549,8222,8213,
237.186,8565,8224,8205,
237.196,8562,8224,8231,
237.207,8553,8242,8213,
237.218,8565,8227,8226,
237.229,8556,8237,8223,
237.237,8565,8214,8213,
237.246,8556,8217,8216,
237.261,8573,8222,8221,
237.268,8562,8217,8213,
237.277,8567,8214,8205,
237.287,8570,8114,8187,
237.297,8544,8183,8213,
237.308,8533,8224,8203,
237.317,8544,8222,8216,
237.327,8544,8222,8210,
237.338,8549,8224,8216,
237.349,8544,8222,8221,
237.359,8541,8214,8218,
237.368,8556,8217,8218,
237.378,8562,8230,8216,
237.388,8556,8232,8218,
237.396,8565,8217,8221,
237.407,8567,8227,8203,
237.416,8565,8227,8218,
237.429,8570,8239,8216,
237.437,8570,8232,8213,
237.445,8556,8227,8216,
237.458,8556,8242,8221,
237.469,8558,8227,8216,
237.48,8565,8219,8205,
237.488,8562,8142,8195,
237.498,8549,8188,8218,
237.507,8544,8239,8213,
237.518,8549,8227,8228,
237.526,8546,8222,8218,
237.536,8538,8227,8208,
237.546,8536,8222,8218,
237.559,8556,8217,8216,
237.565,8546,8227,8216,
237.578,8562,8230,8223,
237.588,8556,8230,8213,
237.597,8562,8222,8216,
237.608,8562,8224,8218,
237.619,8565,8232,8221,
237.629,8565,8239,8210,
237.637,8549,8230,8221,
237.646,8567,8224,8218,
237.658,8565,8222,8218,
237.668,8556,8222,8213,
237.677,8567,8209,8198,
237.687,8567,8161,8192,
237.698,8525,8181,8200,
237.706,8519,8204,8213,
237.716,8533,8222,8216,
237.728,8533,8219,8210,
237.737,8538,8219,8216,
237.746,8544,8224,8226,
237.757,8549,8222,8218,
237.768,8562,8227,8223,
237.78,8567,8224,8221,
237.787,8570,8232,8226,
237.796,8565,8217,8223,
237.807,8584,8214,8221,
237.818,8556,8224,8228,
237.829,8562,8219,8213,
237.837,8570,8237,8216,
237.847,8553,8224,8216,
237.858,8553,8214,8226,
237.865,8570,8230,8223,
237.877,8565,8217,8210,
237.886,8570,8191,8192,
237.896,8567,8173,8213,
237.907,8562,8237,8223,
237.916,8544,8219,8223,
237.927,8549,8222,8221,
237.938,8536,8209,8213,
237.946,8549,8222,8226,
237.956,8570,8232,8226,
237.967,8549,8222,8223,
237.975,8553,8237,8218,
237.987,8562,8224,8218,
237.996,8562,8217,8223,
238.006,8570,8227,8218,
238.016,8556,8230,8208,
238.028,8553,8237,8216,
238.034,8567,8219,8216,
238.046,8562,8230,8205,
238.056,8565,8237,8216,
238.067,8556,8224,8203,
238.075,8570,8214,8203,
238.086,8578,8132,8195,
238.095,8556,8196,8213,
238.106,8544,8219,8221,
238.118,8546,8222,8218,
238.126,8544,8217,8221,
238.138,8538,8224,8213,
238.148,8536,8230,8216,
238.156,8553,8217,8213,
238.166,8562,8224,8226,
238.175,8556,8222,8226,
238.187,8556,8237,8218,
238.198,8549,8232,8221,
238.204,8549,8224,8228,
238.216,8562,8222,8210,
238.227,8565,8217,8235,
238.238,8549,8217,8205,
238.248,8567,8230,8216,
238.254,8556,8224,8221,
238.267,8567,8222,8213,
238.276,8570,8161,8190,
238.287,8546,8140,8190,
238.296,8533,8188,8208,
238.306,8538,8227,8205,
238.315,8527,8224,8216,
238.326,8536,8217,8213,
238.338,8533,8222,8226,
238.345,8533,8227,8213,
238.356,8549,8222,8210,
238.367,8549,8222,8221,
238.375,8553,8222,8221,
238.386,8556,8224,8208,
238.396,8544,8224,8221,
238.406,8567,8227,8218,
238.419,8565,8222,8218,
238.425,8556,8230,8213,
238.434,8567,8232,8226,
238.445,8562,8222,8210,
238.456,8565,8219,8210,
238.464,8556,8227,8208,
238.477,8570,8219,8210,
238.487,8573,8132,8195,
238.497,8538,8155,8205,
238.505,8530,8222,8205,
238.515,8549,8214,8221,
238.528,8538,8219,8210,
238.536,8544,8232,8213,
238.545,8538,8219,8213,
238.554,8538,8232,8226,
238.565,8556,8222,8213,
238.578,8553,8230,8213,
238.584,8556,8227,8208,
238.596,8549,8245,8221,
238.606,8558,8219,8210,
238.615,8565,8224,8226,
238.625,8573,8230,8221,
238.635,8556,8227,8216,
238.644,8567,8232,8213,
238.657,8546,8230,8205,
238.666,8562,8230,8223,
238.676,8562,8219,8203,
238.685,8565,8150,8198,
238.7,8565,8209,8216,
238.705,8544,8230,8205,
238.716,8544,8212,8210,
238.725,8556,8217,8218,
238.737,8536,8230,8218,
238.747,8538,8227,8216,
238.757,8546,8219,8210,
238.764,8546,8224,8210,
238.774,8556,8237,8228,
238.787,8565,8224,8221,
238.795,8553,8214,8216,
238.805,8562,8224,8226,
238.814,8570,8219,8223,
238.827,8570,8224,8210,
238.836,8576,8239,8218,
238.846,8562,8230,8210,
238.857,8570,8227,8221,
238.868,8570,8214,8216,
238.874,8576,8196,8205,
238.885,8565,8168,8187,
238.897,8538,8137,8203,
238.905,8522,8222,8208,
238.915,8544,8217,8216,
238.925,8544,8219,8210,
238.934,8533,8212,8216,
238.946,8536,8230,8216,
238.956,8546,8219,8221,
238.968,8541,8219,8210,
238.976,8549,8227,8223,
238.986,8553,8230,8218,
238.996,8562,8222,8221,
239.005,8553,8232,8210,
239.016,8567,8224,8231,
239.024,8556,8214,8218,
239.035,8558,8222,8216,
239.045,8562,8222,8223,
239.058,8546,8237,8208,
239.066,8567,8230,8223,
239.076,8562,8201,8198,
239.085,8576,8159,8187,
239.097,8565,8191,8210,
239.106,8538,8237,8218,
239.116,8558,8217,8213,
239.125,8549,8224,8221,
239.136,8541,8219,8218,
239.144,8546,8224,8210,
239.156,8549,8224,8203,
239.164,8562,8227,8223,
239.175,8553,8232,8216,
239.184,8562,8237,8216,
239.195,8556,8232,8216,
239.204,8556,8237,8226,
239.215,8562,8227,8216,
239.225,8549,8232,8223,
239.236,8556,8219,8221,
239.245,8570,8237,8216,
239.255,8565,8227,8218,
239.267,8556,8227,8221,
239.274,8576,8193,8195,
239.286,8558,8153,8198,
239.295,8519,8170,8210,
239.305,8530,8217,8213,
239.314,8541,8227,8213,
239.323,8544,8222,8205,
239.334,8553,8224,8216,
239.346,8541,8219,8208,
239.355,8562,8206,8213,
239.366,8553,8224,8216,
239.376,8565,8222,8205,
239.386,8567,8219,8218,
239.396,8565,8212,8216,
239.402,8570,8239,8223,
239.414,8533,8230,8208,
239.425,8546,8232,8213,
239.437,8553,8232,8221,
239.446,8549,8230,8218,
239.457,8562,8242,8213,
239.466,8556,8230,8221,
239.476,8562,8227,8203,
239.485,8565,8140,8190,
239.494,8536,8209,8205,
239.504,8530,8222,8208,
239.516,8533,8217,8208,
239.524,8525,8222,8205,
239.533,8533,8227,8216,
239.542,8536,8224,8213,
239.554,8556,8230,8218,
239.563,8549,8227,8216,
239.573,8549,8227,8216,
239.584,8570,8222,8213,
239.596,8546,8224,8213,
239.607,8553,8209,8223,
239.613,8549,8224,8208,
239.625,8565,8224,8218,
239.634,8570,8227,8216,
239.646,8558,8230,8221,
239.653,8565,8227,8216,
239.665,8567,8232,8210,
239.674,8581,8227,8200,
239.686,8576,8165,8198,
239.698,8536,8181,8208,
239.705,8536,8227,8205,
239.714,8553,8219,8221,
239.724,8533,8224,8213,
239.734,8538,8214,8213,
239.744,8536,8227,8210,
239.755,8549,8232,8213,
239.765,8556,8230,8226,
239.774,8556,8227,8218,
239.782,8546,8219,8218,
239.795,8565,8222,8216,
239.804,8544,8232,8218,
239.813,8549,8224,8216,
239.824,8544,8222,8213,
239.833,8567,8222,8216,
239.843,8556,8230,8231,
239.854,8567,8212,8218,
239.865,8565,8219,8208,
239.876,8573,8209,8205,
239.884,8584,8155,8187,
239.894,8565,8206,8223,
239.905,8556,8222,8238,
239.915,8565,8222,8223,
239.924,8544,8212,8216,
239.934,8556,8222,8218,
239.946,8546,8224,8213,
239.953,8553,8232,8216,
239.965,8549,8230,8216,
239.972,8556,8222,8218,
239.983,8553,8232,8213,
239.992,8565,8232,8210,
240.004,8546,8245,8218,
240.013,8576,8219,8228,
240.026,8567,8219,8208,
240.034,8556,8219,8216,
240.045,8567,8237,8221,
240.053,8553,8224,8210,
240.065,8573,8227,8221,
240.074,8565,8222,8198,
240.084,8556,8111,8192,
240.096,8533,8178,8210,
240.105,8538,8232,8216,
240.115,8544,8232,8218,
240.123,8536,8227,8213,
240.134,8527,8230,8218,
240.144,8546,8219,8216,
240.155,8546,8217,8216,
240.164,8549,8217,8228,
240.176,8541,8222,8213,
240.184,8562,8239,8223,
240.193,8556,8230,8216,
240.204,8549,8222,8223,
240.213,8538,8219,8216,
240.222,8556,8237,8221,
240.234,8556,8227,8216,
240.246,8567,8222,8223,
240.253,8562,8227,8221,
240.263,8570,8209,8221,
240.273,8573,8161,8190,
240.285,8544,8127,8187,
240.294,8525,8170,8213,
240.303,8527,8232,8216,
240.313,8544,8219,8216,
240.323,8536,8227,8221,
240.334,8533,8224,8218,
240.341,8544,8222,8218,
240.353,8556,8230,8218,
240.364,8556,8227,8221,
240.375,8562,8219,8216,
240.381,8553,8227,8221,
240.394,8541,8227,8210,
240.403,8556,8232,8218,
240.413,8567,8232,8205,
240.422,8562,8217,8213,
240.434,8570,8219,8226,
240.442,8549,8219,8228,
240.456,8553,8237,8218,
240.462,8565,8224,8213,
240.474,8562,8227,8205,
240.485,8567,8137,8190,
240.492,8530,8188,8210,
240.504,8538,8222,8205,
240.512,8541,8227,8221,
240.521,8538,8224,8210,
240.534,8541,8217,8216,
240.543,8538,8230,8226,
240.552,8558,8217,8216,
240.563,8565,8222,8221,
240.574,8549,8237,8226,
240.585,8573,8227,8223,
240.595,8573,8217,8218,
240.601,8592,8214,8228,
240.615,8605,8219,8228,
240.623,8608,8230,8221,
240.635,8622,8217,8235,
240.641,8632,8217,8226,
240.653,8635,8219,8228,
240.665,8650,8224,8228,
240.674,8667,8191,8221,
240.682,8689,8119,8200,
240.694,8647,8148,8223,
240.704,8644,8219,8218,
240.713,8659,8199,8235,
240.722,8647,8206,8235,
240.734,8632,8212,8238,
240.744,8639,8214,8231,
240.753,8635,8212,8228,
240.763,8639,8214,8238,
240.771,8653,8209,8235,
240.783,8639,8212,8235,
240.792,8653,8199,8231,
240.804,8683,8212,8248,
240.812,8689,8209,8235,
240.823,8713,8193,8241,
240.834,8733,8199,8251,
240.844,8745,8201,8251,
240.854,8769,8193,8256,
240.864,8788,8191,8259,
240.873,8839,8173,8243,
240.883,8874,8168,8218,
240.891,8850,8188,8248,
240.902,8802,8181,8259,
240.913,8811,8178,8266,
240.922,8808,8178,8269,
240.931,8816,8178,8261,
240.942,8822,8181,8274,
240.952,8824,8181,8272,
240.963,8822,8181,8277,
240.974,8830,8178,8277,
240.981,8819,8173,8277,
240.993,8832,8178,8279,
241.002,8827,8178,8272,
241.012,8827,8178,8266,
241.023,8824,8178,8279,
241.032,8827,8173,8277,
241.045,8836,8173,8274,
241.051,8830,8173,8282,
241.063,8832,8175,8274,
241.072,8889,8168,8251,
241.083,8941,8168,8216,
241.095,8852,8181,8256,
241.103,8836,8178,8272,
241.112,8832,8175,8272,
241.123,8819,8178,8277,
241.131,8824,8178,8272,
241.142,8852,8173,8284,
241.151,8832,8173,8282,
241.163,8850,8168,8282,
241.172,8855,8178,8282,
241.181,8863,8168,8277,
241.192,8855,8173,8282,
241.2,8866,8173,8279,
241.214,8874,8161,8282,
241.223,8874,8173,8282,
241.233,8869,8173,8279,
241.243,8860,8175,8284,
241.252,8874,8170,8292,
241.265,8874,8170,8269,
241.271,8944,8165,8256,
241.283,8993,8168,8223,
241.291,8891,8170,8269,
241.304,8855,8168,8300,
241.313,8855,8168,8290,
241.323,8863,8178,8282,
241.333,8858,8173,8282,
241.342,8866,8175,8290,
241.352,8863,8175,8284,
241.363,8885,8165,8284,
241.374,8882,8161,8290,
241.384,8885,8178,8287,
241.391,8874,8159,8284,
241.402,8885,8168,8284,
241.411,8879,8159,8295,
241.422,8869,8175,8284,
241.433,8879,8170,8290,
241.442,8869,8173,8284,
241.452,8869,8168,8277,
241.462,8882,8165,8272,
241.471,8974,8165,8241,
241.485,9010,8165,8205,
241.491,8952,8175,8235,
241.5,8860,8175,8282,
241.513,8844,8175,8290,
241.52,8841,8161,8284,
241.532,8839,8168,8279,
241.542,8858,8161,8274,
241.551,8844,8165,8287,
241.562,8858,8170,8282,
241.572,8866,8165,8282,
241.582,8855,8173,8279,
241.591,8852,8170,8282,
241.602,8850,8165,8282,
241.612,8858,8168,8279,
241.622,8855,8168,8287,
241.633,8855,8165,8287,
241.643,8858,8175,8295,
241.654,8858,8170,8297,
241.66,8869,8173,8282,
241.671,8974,8165,8238,
241.682,9021,8168,8213,
241.69,8969,8170,8259,
241.701,8869,8181,8284,
241.713,8855,8168,8282,
241.723,8847,8170,8279,
241.733,8836,8170,8279,
241.743,8836,8168,8279,
241.75,8841,8175,8290,
241.762,8847,8170,8284,
241.771,8844,8168,8284,
241.782,8855,8168,8287,
241.793,8850,8168,8279,
241.8,8847,8175,8295,
241.81,8847,8170,8279,
241.822,8855,8168,8282,
241.833,8852,8170,8277,
241.843,8852,8168,8290,
241.851,8844,8173,8282,
241.862,8863,8173,8277,
241.87,8930,8168,8254,
241.881,9010,8165,8205,
241.89,8952,8168,8243,
241.902,8841,8175,8277,
241.91,8830,8175,8272,
241.921,8841,8173,8277,
241.93,8832,8175,8284,
241.942,8836,8173,8282,
241.95,8836,8165,8274,
241.962,8841,8175,8282,
241.972,8841,8170,8274,
241.982,8839,8173,8272,
241.992,8836,8170,8274,
242.002,8839,8170,8279,
242.011,8824,8175,8269,
242.022,8841,8165,8272,
242.03,8832,8168,8272,
242.04,8824,8173,8266,
242.049,8824,8170,8274,
242.061,8824,8173,8269,
242.071,8894,8161,8235,
242.081,8969,8165,8203,
242.091,8891,8173,8243,
242.102,8811,8168,8269,
242.112,8799,8175,8272,
242.122,8802,8181,8274,
242.128,8808,8173,8269,
242.141,8811,8173,8272,
242.152,8827,8178,8279,
242.162,8827,8178,8269,
242.171,8822,8175,8269,
242.181,8827,8175,8274,
242.191,8824,8175,8272,
242.2,8824,8175,8274,
242.21,8813,8178,8282,
242.221,8808,8178,8272,
242.232,8816,8168,8269,
242.241,8816,8175,8272,
242.251,8804,8181,8269,
242.262,8804,8175,8269,
242.27,8860,8170,8241,
242.281,8944,8161,8203,
242.291,8869,8178,8241,
242.3,8804,8173,8264,
242.314,8799,8178,8261,
242.322,8793,8175,8279,
242.33,8793,8170,8272,
242.34,8796,8175,8274,
242.35,8796,8175,8274,
242.361,8796,8175,8269,
242.369,8802,8175,8259,
242.38,8791,8178,8279,
242.39,8799,8178,8264,
242.4,8791,8183,8272,
242.412,8788,8170,8259,
242.421,8802,8183,8274,
242.43,8791,8178,8266,
242.44,8783,8175,8274,
242.451,8793,8175,8261,
242.461,8799,8175,8259,
242.471,8822,8168,8238,
242.482,8897,8161,8195,
242.49,8824,8165,8246,
242.501,8774,8175,8261,
242.509,8769,8178,8264,
242.521,8769,8178,8261,
242.53,8758,8183,8251,
242.54,8774,8181,8256,
242.551,8774,8183,8261,
242.559,8766,8186,8261,
242.57,8783,8181,8261,
242.581,8777,8186,8264,
242.589,8772,8178,8256,
242.602,8772,8186,8264,
242.612,8780,8175,8261,
242.619,8785,8181,8272,
242.631,8783,8181,8261,
242.64,8774,8183,8254,
242.649,8774,8183,8272,
242.659,8785,8178,8248,
242.672,8832,8178,8235,
242.68,8877,8153,8200,
242.689,8816,8170,8248,
242.699,8769,8181,8264,
242.711,8758,8186,8272,
242.718,8750,8181,8259,
242.731,8758,8188,8256,
242.74,8756,8191,8264,
242.75,8756,8188,8248,
242.762,8756,8193,8251,
242.771,8753,8193,8261,
242.781,8756,8186,8254,
242.789,8769,8181,8269,
242.802,8753,8196,8261,
242.811,8769,8186,8259,
242.819,8758,8183,8259,
242.828,8758,8183,8256,
242.838,8761,8191,8259,
242.849,8753,8186,8256,
242.859,8780,8186,8251,
242.87,8799,8181,8216,
242.88,8802,8155,8205,
242.891,8747,8161,8231,
242.899,8721,8186,8248,
242.91,8725,8186,8256,
242.921,8721,8186,8254,
242.93,8721,8183,8256,
242.939,8733,8181,8254,
242.949,8733,8186,8254,
242.961,8725,8191,8259,
242.97,8741,8186,8251,
242.979,8741,8183,8254,
242.991,8727,8188,8248,
243.002,8730,8186,8261,
243.011,8736,8199,8254,
243.02,8747,8178,8256,
243.029,8736,8196,8266,
243.04,8736,8193,8251,
243.051,8721,8186,8248,
243.059,8727,8193,8256,
243.071,8764,8183,8241,
243.079,8783,8173,8213,
243.089,8721,8148,8238,
243.101,8694,8183,8254,
243.107,8707,8188,8254,
243.121,8702,8191,8256,
243.13,8702,8191,8243,
243.141,8699,8188,8254,
243.147,8705,8191,8248,
243.16,8713,8188,8243,
243.17,8713,8188,8251,
243.18,8705,8193,8251,
243.189,8707,8191,8251,
243.2,8707,8193,8251,
243.211,8707,8193,8251,
243.22,8689,8199,8243,
243.23,8686,8196,8248,
243.239,8694,8201,8246,
243.248,8691,8196,8243,
243.261,8689,8201,8248,
243.27,8725,8188,8231,
243.28,8721,8145,8205,
243.29,8689,8175,8228,
243.299,8680,8206,8241,
243.312,8686,8193,8246,
243.318,8683,8193,8241,
243.329,8683,8199,8246,
243.339,8683,8193,8241,
243.351,8680,8209,8243,
243.362,8683,8196,8235,
243.371,8691,8204,8251,
243.38,8683,8199,8243,
243.389,8678,8196,8248,
243.401,8683,8199,8241,
243.408,8675,8201,8241,
243.417,8680,8206,8241,
243.429,8678,8201,8248,
243.439,8672,8212,8251,
243.45,8670,8204,8254,
243.46,8659,8204,8248,
243.469,8694,8183,8223,
243.479,8694,8170,8200,
243.489,8661,8178,8235,
243.498,8656,8201,8238,
243.511,8667,8199,8235,
243.521,8644,8204,8243,
243.53,8642,8199,8235,
243.54,8653,8206,8238,
243.549,8632,8201,8235,
243.56,8653,8209,8226,
243.571,8627,8206,8235,
243.58,8644,8212,8238,
243.589,8616,8206,8241,
243.599,8619,8209,8228,
243.609,8622,8214,8235,
243.619,8624,8206,8228,
243.628,8613,8217,8231,
243.64,8608,8214,8223,
243.651,8608,8212,8223,
243.657,8603,8209,8223,
243.668,8603,8214,8221,
243.679,8611,8137,8198,
243.688,8584,8159,8221,
243.701,8578,8212,8223,
243.709,8578,8209,8221,
243.719,8562,8212,8221,
243.731,8576,8209,8218,
243.741,8549,8219,8221,
243.747,8556,8219,8213,
243.761,8556,8217,8213,
243.769,8549,8219,8216,
243.778,8522,8222,8208,
243.789,8527,8227,8208,
243.8,8522,8224,8200,
243.808,8509,8219,8210,
243.82,8490,8232,8216,
243.83,8492,8247,8208,
243.838,8484,8230,8213,
243.847,8479,8222,8203,
243.859,8450,8242,8218,
243.87,8433,8155,8195,
243.879,8414,8173,8185,
243.889,8414,8219,8198,
243.9,8396,8252,8192,
243.909,8372,8268,8192,
243.918,8347,8250,8187,
243.929,8331,8230,8190,
243.94,8334,8250,8187,
243.948,8326,8252,8185,
243.958,8307,8232,8187,
243.968,8312,8227,8185,
243.977,8293,8255,8187,
243.99,8265,8247,8187,
244,8271,8255,8182,
244.007,8246,8276,8180,
244.019,8252,8252,8187,
244.029,8238,8255,8185,
244.038,8230,8260,8180,
244.046,8235,8255,8182,
244.059,8214,8247,8177,
244.069,8198,8222,8174,
244.078,8158,8109,8174,
244.088,8188,8165,8174,
244.098,8203,8276,8182,
244.11,8200,8263,8174,
244.118,8158,8242,8169,
244.129,8182,8270,8190,
244.136,8179,8278,8174,
244.149,8160,8268,8167,
244.158,8174,8270,8167,
244.167,8182,8245,8180,
244.178,8188,8291,8167,
244.188,8192,8288,8198,
244.199,8160,8283,8192,
244.21,8185,8257,8180,
244.219,8160,8263,8174,
244.228,8188,8270,8182,
244.237,8171,8273,8174,
244.246,8160,8263,8187,
244.259,8158,8222,8172,
244.27,8152,8217,8169,
244.278,8125,8252,8163,
244.289,8152,8217,8177,
244.297,8147,8281,8195,
244.308,8177,8270,8182,
244.319,8166,8247,8182,
244.327,8155,8308,8177,
244.341,8160,8283,8172,
244.346,8174,8288,8177,
244.356,8208,8245,8169,
244.369,8185,8273,8192,
244.379,8160,8310,8172,
244.387,8182,8265,8172,
244.397,8163,8283,8177,
244.408,8150,8263,8180,
244.418,8106,8268,8177,
244.427,8109,8304,8177,
244.437,8168,8283,8180,
244.447,8168,8252,8167,
244.46,8195,8250,8163,
244.469,8150,8181,8180,
244.477,8150,8142,8172,
244.489,8182,8263,8187,
244.497,8163,8263,8182,
244.509,8136,8260,8161,
244.517,8144,8283,8154,
244.529,8174,8227,8163,
244.537,8125,8296,8174,
244.548,8160,8268,8180,
244.557,8195,8308,8167,
244.568,8163,8270,8182,
244.577,8139,8288,8163,
244.589,8174,8308,8185,
244.598,8147,8263,8180,
244.607,8152,8247,8174,
244.619,8177,8294,8177,
244.627,8166,8263,8169,
244.637,8155,8296,8182,
244.647,8182,8313,8180,
244.66,8163,8242,8182,
244.668,8152,8170,8167,
244.679,8150,8142,8182,
244.687,8166,8230,8174,
244.696,8179,8328,8180,
244.71,8171,8247,8187,
244.718,8179,8255,8180,
244.726,8198,8242,8185,
244.738,8168,8268,8185,
244.748,8208,8245,8172,
244.758,8166,8270,8177,
244.767,8185,8260,8174,
244.777,8198,8268,8169,
244.785,8203,8281,8185,
244.798,8174,8276,8177,
244.808,8171,8265,8169,
244.816,8152,8245,8169,
244.827,8198,8286,8163,
244.836,8198,8281,8169,
244.848,8188,8265,8187,
244.857,8198,8239,8167,
244.867,8158,8283,8157,
244.876,8163,8257,8174,
244.889,8174,8222,8180,
244.898,8174,8315,8177,
244.908,8160,8273,8167,
244.918,8177,8278,8169,
244.929,8163,8255,8174,
244.937,8160,8252,8185,
244.947,8166,8252,8187,
244.955,8188,8204,8177,
244.965,8177,8273,8187,
244.978,8200,8263,8174,
244.986,8168,8265,8177,
244.999,8217,8301,8182,
245.009,8163,8304,8185,
245.015,8188,8304,8177,
245.028,8195,8257,8172,
245.037,8163,8270,8180,
245.046,8198,8245,8187,
245.056,8177,8263,8187,
245.066,8182,8140,8169,
245.076,8182,8114,8172,
245.086,8200,8265,8182,
245.097,8222,8232,8195,
245.108,8192,8263,8185,
245.115,8208,8230,8187,
245.129,8177,8265,8177,
245.139,8214,8260,8177,
245.145,8200,8265,8185,
245.155,8192,8239,8174,
245.166,8214,8257,8182,
245.176,8198,8294,8182,
245.188,8192,8263,8177,
245.197,8203,8281,8177,
245.207,8195,8281,8182,
245.216,8219,8260,8187,
245.229,8206,8278,8172,
245.238,8227,8276,8185,
245.246,8238,8242,8185,
245.256,8195,8260,8174,
245.269,8211,8242,8182,
245.275,8179,8170,8174,
245.285,8214,8170,8174,
245.297,8227,8288,8180,
245.308,8192,8237,8163,
245.318,8206,8232,8177,
245.328,8222,8268,8174,
245.337,8222,8268,8187,
245.348,8219,8257,8182,
245.357,8219,8260,8169,
245.365,8235,8283,8172,
245.377,8219,8263,8177,
245.386,8219,8242,8182,
245.396,8200,8296,8154,
245.406,8217,8278,8200,
245.416,8217,8270,8177,
245.425,8208,8227,8187,
245.439,8241,8304,8177,
245.449,8192,8265,8182,
245.457,8244,8252,8195,
245.466,8198,8250,8172,
245.478,8195,8170,8182,
245.488,8225,8227,8182,
245.496,8203,8318,8177,
245.506,8211,8245,8167,
245.514,8198,8268,8190,
245.525,8244,8288,8185,
245.536,8217,8255,8172,
245.547,8179,8245,8161,
245.556,8222,8247,8177,
245.567,8203,8227,8172,
245.577,8235,8278,8192,
245.585,8227,8310,8177,
245.596,8179,8239,8190,
245.609,8198,8270,8169,
245.618,8208,8308,8177,
245.625,8192,8294,8174,
245.635,8222,8308,8190,
245.645,8208,8291,8187,
245.657,8233,8239,8174,
245.666,8219,8301,8182,
245.677,8222,8196,8174,
245.688,8222,8217,8182,
245.697,8214,8296,8174,
245.705,8235,8247,8180,
245.714,8238,8263,8192,
245.727,8233,8260,8177,
245.735,8273,8265,8177,
245.746,8288,8252,8180,
245.757,8310,8230,8190,
245.766,8318,8263,8190,
245.775,8361,8270,8200,
245.787,8358,8270,8198,
245.795,8393,8247,8198,
245.805,8412,8247,8200,
245.815,8450,8242,8200,
245.825,8479,8239,8203,
245.837,8500,8250,8213,
245.845,8525,8247,8210,
245.855,8562,8232,8223,
245.866,8632,8193,8210,
245.875,8656,8161,8200,
245.887,8664,8201,8226,
245.895,8705,8188,8243,
245.906,8721,8209,8243,
245.916,8747,8193,8246,
245.926,8756,8191,8261,
245.936,8791,8178,8254,
245.945,8799,8199,8264,
245.958,8811,8186,8264,
245.965,8827,8183,8274,
245.977,8832,8183,8272,
245.986,8855,8178,8282,
245.997,8844,8178,8287,
246.005,8850,8181,8279,
246.015,8847,8181,8290,
246.025,8860,8175,8284,
246.034,8860,8175,8277,
246.046,8863,8173,8269,
246.054,8866,8175,8279,
246.065,8926,8161,8238,
246.075,8972,8168,8216,
246.087,8882,8178,8256,
246.093,8858,8170,8269,
246.104,8836,8168,8277,
246.115,8836,8168,8274,
246.127,8832,8173,8269,
246.138,8824,8175,8266,
246.146,8830,8175,8279,
246.155,8836,8170,8279,
246.165,8822,8173,8282,
246.176,8836,8178,8272,
246.184,8816,8175,8284,
246.196,8836,8170,8266,
246.204,8839,8175,8277,
246.215,8822,8181,8282,
246.223,8819,8168,8264,
246.235,8811,8175,8279,
246.245,8827,8178,8266,
246.257,8839,8173,8272,
246.267,8882,8178,8248,
246.274,8949,8168,8208,
246.286,8863,8170,8259,
246.296,8836,8170,8277,
246.307,8827,8170,8269,
246.316,8813,8165,8282,
246.326,8827,8168,8274,
246.334,8822,8170,8279,
246.343,8822,8168,8277,
246.354,8816,8181,8274,
246.366,8822,8175,8261,
246.377,8824,8175,8272,
246.387,8819,8175,8269,
246.394,8832,8170,8277,
246.405,8824,8178,8274,
246.415,8827,8178,8277,
246.423,8827,8175,8269,
246.436,8836,8173,8279,
246.446,8819,8183,8282,
246.455,8827,8181,8274,
246.466,8899,8170,8254,
246.474,8936,8168,8210,
246.486,8844,8178,8254,
246.495,8811,8178,8279,
246.504,8802,8181,8266,
246.515,8796,8170,8272,
246.524,8813,8168,8266,
246.537,8808,8170,8266,
246.543,8813,8173,8269,
246.554,8822,8178,8272,
246.567,8811,8181,8274,
246.576,8804,8175,8274,
246.586,8819,8181,8272,
246.596,8816,8178,8266,
246.602,8811,8175,8272,
246.614,8808,8181,8264,
246.626,8811,8181,8269,
246.634,8802,8181,8272,
246.646,8811,8178,8269,
246.654,8824,8181,8264,
246.664,8877,8170,8238,
246.675,8933,8165,8205,
246.683,8844,8178,8254,
246.696,8808,8178,8279,
246.705,8804,8181,8279,
246.713,8808,8173,8269,
246.725,8799,8175,8284,
246.736,8811,8178,8272,
246.743,8816,8170,8272,
246.756,8811,8175,8266,
246.764,8802,8175,8269,
246.772,8804,8173,8277,
246.785,8811,8173,8269,
246.795,8804,8181,8269,
246.806,8799,8175,8269,
246.814,8802,8170,8272,
246.824,8808,8170,8269,
246.834,8804,8181,8272,
246.843,8802,8170,8264,
246.854,8799,8178,8266,
246.863,8844,8170,8248,
246.875,8897,8168,8210,
246.884,8824,8173,8254,
246.894,8793,8175,8277,
246.905,8796,8173,8269,
246.913,8785,8175,8269,
246.925,8785,8175,8259,
246.935,8802,8170,8269,
246.946,8802,8175,8261,
246.955,8799,8181,8264,
246.964,8796,8178,8266,
246.976,8804,8178,8269,
246.984,8793,8178,8261,
246.994,8788,8175,8274,
247.005,8793,8181,8261,
247.012,8796,8181,8259,
247.027,8791,8183,8264,
247.035,8788,8183,8272,
247.045,8785,8178,8272,
247.055,8791,8178,8272,
247.064,8841,8178,8238,
247.076,8869,8168,8210,
247.084,8783,8170,8251,
247.093,8783,8170,8261,
247.104,8780,8178,8266,
247.112,8774,8178,8272,
247.124,8780,8181,8248,
247.135,8772,8178,8254,
247.145,8780,8175,8261,
247.156,8785,8173,8254,
247.165,8777,8178,8264,
247.173,8783,8175,8261,
247.183,8783,8186,8264,
247.192,8774,8188,8264,
247.203,8785,8178,8259,
247.214,8772,8183,8269,
247.225,8791,8178,8264,
247.234,8777,8181,8266,
247.244,8772,8175,8264,
247.255,8791,8175,8256,
247.266,8860,8170,8228,
247.274,8839,8165,8210,
247.283,8774,8148,8251,
247.295,8774,8175,8259,
247.303,8769,8175,8256,
247.315,8753,8178,8264,
247.325,8758,8181,8259,
247.334,8761,8183,8254,
247.344,8772,8183,8254,
247.356,8766,8183,8259,
247.365,8774,8181,8269,
247.375,8774,8178,8254,
247.386,8774,8181,8261,
247.395,8774,8181,8259,
247.405,8769,8183,8259,
247.414,8766,8183,8254,
247.425,8766,8186,8264,
247.434,8769,8186,8266,
247.443,8777,8188,8266,
247.454,8785,8186,8254,
247.464,8827,8170,8226,
247.474,8819,8165,8216,
247.483,8772,8155,8238,
247.492,8747,8181,8259,
247.504,8741,8181,8256,
247.512,8753,8178,8254,
247.523,8733,8178,8254,
247.534,8750,8181,8256,
247.542,8747,8183,8246,
247.554,8750,8186,8256,
247.563,8758,8191,8254,
247.572,8758,8188,8256,
247.584,8764,8191,8269,
247.593,8753,8188,8256,
247.603,8758,8186,8251,
247.612,8761,8181,8251,
247.625,8766,8181,8259,
247.634,8764,8191,8256,
247.645,8753,8183,8256,
247.653,8772,8183,8259,
247.663,8791,8178,8243,
247.674,8824,8173,8210,
247.684,8764,8137,8231,
247.694,8741,8191,8261,
247.704,8747,8178,8251,
247.713,8747,8186,8256,
247.724,8741,8186,8264,
247.733,8733,8178,8254,
247.744,8738,8191,8261,
247.753,8750,8183,8251,
247.761,8745,8183,8256,
247.773,8738,8193,8241,
247.785,8733,8178,8256,
247.792,8741,8193,8254,
247.804,8741,8188,8264,
247.813,8747,8186,8254,
247.823,8745,8186,8251,
247.835,8747,8186,8251,
247.844,8733,8186,8251,
247.852,8738,8186,8251,
247.863,8772,8186,8241,
247.873,8777,8165,8213,
247.882,8745,8153,8241,
247.893,8738,8183,8259,
247.903,8725,8186,8248,
247.913,8716,8186,8251,
247.922,8716,8186,8251,
247.933,8727,8188,8251,
247.942,8727,8201,8248,
247.954,8725,8193,8251,
247.963,8725,8196,8251,
247.974,8725,8186,8248,
247.983,8718,8201,8248,
247.993,8725,8193,8246,
248.002,8727,8196,8248,
248.013,8725,8193,8254,
248.022,8727,8191,8251,
248.033,8705,8199,8246,
248.044,8718,8186,8251,
248.052,8713,8204,8243,
248.061,8756,8181,8226,
248.072,8766,8170,8203,
248.082,8721,8183,8238,
248.092,8710,8193,8254,
248.105,8699,8199,8254,
248.112,8694,8196,8248,
248.124,8697,8183,8243,
248.13,8694,8193,8254,
248.142,8691,8196,8243,
248.152,8697,8199,8243,
248.161,8702,8193,8241,
248.172,8702,8193,8251,
248.181,8697,8201,8251,
248.194,8705,8193,8243,
248.204,8683,8199,8254,
248.213,8699,8196,8248,
248.221,8689,8196,8248,
248.233,8683,8199,8248,
248.242,8689,8196,8248,
248.253,8694,8193,8246,
248.262,8716,8191,8221,
248.273,8725,8124,8200,
248.281,8672,8181,8246,
248.294,8678,8201,8246,
248.303,8670,8201,8254,
248.312,8661,8196,8241,
248.322,8664,8196,8243,
248.331,8667,8212,8238,
248.342,8656,8209,8248,
248.354,8670,8193,8235,
248.364,8656,8209,8235,
248.374,8661,8206,8238,
248.382,8656,8204,8243,
248.392,8661,8209,8243,
248.403,8656,8209,8228,
248.413,8642,8217,8235,
248.423,8635,8204,8243,
248.432,8632,8209,8235,
248.442,8632,8217,8243,
248.452,8650,8214,8231,
248.465,8664,8193,8223,
248.473,8659,8145,8205,
248.481,8627,8150,8226,
248.494,8627,8209,8235,
248.504,8622,8201,8231,
248.512,8619,8201,8228,
248.522,8622,8212,8226,
248.532,8624,8214,8223,
248.543,8616,8212,8241,
248.552,8600,8204,8226,
248.563,8581,8217,8231,
248.573,8589,8209,8223,
248.582,8576,8212,8228,
248.593,8562,8212,8218,
248.602,8570,8222,8228,
248.613,8556,8217,8216,
248.623,8546,8230,8221,
248.631,8546,8217,8221,
248.643,8538,8224,8213,
248.651,8530,8217,8213,
248.662,8522,8209,8205,
248.672,8519,8145,8190,
248.682,8484,8173,8203,
248.693,8476,8232,8203,
248.701,8487,8219,8203,
248.713,8458,8224,8200,
248.723,8455,8224,8203,
248.73,8458,8237,8208,
248.743,8436,8224,8192,
248.753,8433,8232,8198,
248.762,8423,8250,8195,
248.772,8390,8242,8200,
248.78,8390,8227,8195,
248.793,8361,8242,8198,
248.802,8361,8245,8192,
248.813,8347,8250,8187,
248.821,8337,8242,8198,
248.83,8310,8239,8192,
248.843,8307,8250,8190,
248.853,8296,8257,8187,
248.861,8268,8173,8172,
248.873,8222,8148,8169,
248.882,8254,8188,8185,
248.89,8249,8239,8185,
248.902,8163,8188,8174,
248.912,8168,8199,8172,
248.922,8155,8188,8174,
248.93,8112,8191,8172,
248.942,8094,8191,8174,
248.95,8083,8196,8174,
248.962,8069,8196,8174,
248.971,8061,8193,8174,
248.982,8047,8201,8172,
248.996,8026,8201,8174,
249.001,8020,8201,8167,
249.01,7998,8206,8180,
249.021,7986,8209,8174,
249.032,7980,8206,8174,
249.041,7980,8204,8174,
249.052,7967,8209,8174,
249.062,7915,8196,8180,
249.07,7875,8191,8180,
249.079,7886,8199,8180,
249.092,7934,8206,8180,
249.104,7937,8206,8177,
249.112,7932,8199,8174,
249.122,7932,8199,8177,
249.132,7926,8196,8177,
249.142,7923,8209,8177,
249.153,7915,8209,8177,
249.161,7918,8206,8177,
249.17,7912,8206,8177,
249.18,7904,8209,8177,
249.19,7895,8212,8174,
249.201,7881,8204,8180,
249.211,7893,8214,8177,
249.222,7878,8204,8177,
249.23,7889,8214,8177,
249.239,7878,8206,8174,
249.25,7870,8212,8177,
249.262,7820,8199,8177,
249.27,7773,8196,8177,
249.283,7824,8212,8174,
249.289,7857,8206,8174,
249.301,7848,8214,8180,
249.311,7859,8212,8177,
249.323,7859,8214,8177,
249.331,7857,8214,8180,
249.341,7867,8209,8185,
249.354,7867,8206,8174,
249.361,7867,8209,8174,
249.371,7865,8217,8177,
249.38,7851,8209,8174,
249.389,7859,8214,8174,
249.402,7851,8217,8174,
249.412,7851,8209,8177,
249.421,7862,8217,8174,
249.43,7873,8217,8174,
249.442,7873,8209,8169,
249.452,7846,8214,8174,
249.46,7829,8222,8177,
249.47,7752,8199,8172,
249.48,7832,8217,8174,
249.491,7840,8214,8180,
249.502,7851,8214,8174,
249.511,7862,8214,8172,
249.519,7851,8219,8177,
249.532,7859,8206,8174,
249.541,7857,8201,8174,
249.55,7838,8209,8174,
249.559,7846,8219,8177,
249.571,7854,8212,8172,
249.582,7846,8212,8180,
249.591,7848,8212,8180,
249.603,7846,8206,8177,
249.611,7843,8217,8177,
249.62,7851,8214,8182,
249.63,7840,8217,8177,
249.64,7865,8214,8177,
249.65,7848,8209,8177,
249.661,7801,8196,8177,
249.67,7754,8199,8180,
249.68,7824,8217,8177,
249.689,7832,8212,8174,
249.702,7843,8217,8174,
249.711,7854,8212,8172,
249.72,7857,8209,8174,
249.732,7857,8209,8177,
249.742,7859,8212,8172,
249.753,7867,8206,8174,
249.761,7881,8204,8177,
249.771,7870,8209,8174,
249.781,7886,8212,8174,
249.79,7870,8206,8174,
249.798,7881,8204,8177,
249.81,7862,8217,8174,
249.821,7878,8209,8174,
249.83,7881,8204,8174,
249.841,7870,8219,8174,
249.85,7843,8209,8174,
249.861,7801,8193,8177,
249.872,7773,8201,8172,
249.879,7784,8201,8180,
249.89,7848,8214,8177,
249.9,7873,8204,8172,
249.91,7870,8209,8182,
249.921,7881,8204,8180,
249.93,7881,8201,8177,
249.941,7875,8209,8177,
249.95,7886,8214,8180,
249.96,7893,8209,8177,
249.968,7901,8206,8174,
249.981,7915,8212,8180,
249.992,7918,8209,8177,
250.001,7906,8204,8174,
250.01,7912,8201,8174,
250.02,7926,8201,8174,
250.03,7918,8212,8177,
250.041,7923,8206,8177,
250.05,7926,8201,8174,
250.059,7870,8196,8172,
250.068,7848,8196,8177,
250.081,7870,8196,8167,
250.09,7909,8206,8174,
250.099,7934,8209,8174,
250.11,7923,8204,8177,
250.121,7923,8196,8172,
250.13,7923,8196,8177,
250.142,7918,8204,8174,
250.149,7923,8199,8174,
250.161,7926,8209,8174,
250.171,7926,8201,8174,
250.18,7921,8204,8174,
250.189,7929,8206,8174,
250.201,7926,8199,8177,
250.21,7921,8199,8174,
250.221,7929,8199,8174,
250.23,7945,8204,8177,
250.24,7948,8201,8177,
250.25,7945,8193,8177,
250.262,7889,8181,8177,
250.27,7878,8188,8172,
250.279,7906,8193,8167,
250.291,7964,8201,8177,
250.3,7975,8201,8177,
250.309,7991,8201,8174,
250.32,8007,8193,8172,
250.33,8018,8193,8174,
250.34,8028,8188,8177,
250.348,8042,8186,8174,
250.36,8055,8188,8174,
250.369,8074,8181,8174,
250.381,8094,8181,8174,
250.391,8114,8175,8174,
250.399,8136,8178,8174,
250.41,8152,8175,8174,
250.421,8168,8173,8174,
250.429,8185,8173,8177,
250.439,8188,8173,8177,
250.448,8195,8173,8177,
250.461,8198,8175,8177,
250.47,8246,8170,8163,
250.48,8276,8175,8182,
250.489,8265,8173,8185,
250.499,8283,8175,8187,
250.51,8296,8175,8187,
250.518,8315,8173,8187,
250.53,8339,8173,8190,
250.538,8358,8173,8192,
250.55,8377,8173,8195,
250.561,8387,8175,8195,
250.567,8393,8175,8198,
250.58,8401,8175,8200,
250.589,8414,8175,8198,
250.598,8423,8173,8200,
250.61,8428,8173,8200,
250.617,8433,8175,8203,
250.629,8439,8175,8203,
250.641,8450,8175,8203,
250.648,8455,8175,8203,
250.659,8484,8175,8200,
250.668,8562,8175,8192,
250.68,8506,8175,8210,
250.689,8487,8173,8208,
250.698,8487,8173,8210,
250.71,8490,8173,8210,
250.717,8492,8173,8210,
250.729,8509,8175,8210,
250.738,8519,8173,8213,
250.749,8533,8173,8216,
250.76,8553,8173,8221,
250.771,8576,8173,8216,
250.779,8576,8173,8226,
250.787,8586,8173,8226,
250.8,8600,8175,8226,
250.809,8613,8173,8226,
250.819,8616,8173,8228,
250.828,8630,8173,8231,
250.839,8630,8173,8231,
250.847,8644,8175,8228,
250.86,8725,8175,8218,
250.868,8780,8170,8205,
250.879,8710,8173,8246,
250.89,8683,8175,8241,
250.899,8680,8175,8241,
250.908,8686,8173,8251,
250.917,8697,8173,8251,
250.929,8707,8173,8251,
250.94,8699,8175,8246,
250.948,8705,8173,8248,
250.959,8716,8173,8248,
250.967,8725,8173,8251,
250.979,8713,8173,8246,
250.988,8710,8175,8251,
250.996,8710,8173,8256,
251.01,8705,8175,8248,
251.019,8702,8173,8243,
251.029,8705,8173,8251,
251.039,8699,8173,8241,
251.048,8713,8173,8246,
251.059,8808,8173,8221,
251.069,8894,8173,8213,
251.08,8777,8175,8248,
251.089,8725,8173,8248,
251.1,8699,8175,8248,
251.108,8691,8175,8246,
251.119,8697,8175,8246,
251.13,8705,8178,8243,
251.138,8691,8175,8246,
251.149,8697,8178,8251,
251.159,8689,8175,8243,
251.17,8686,8178,8243,
251.18,8683,8175,8254,
251.191,8694,8175,8241,
251.197,8683,8173,8243,
251.21,8686,8175,8248,
251.219,8680,8175,8243,
251.231,8680,8173,8241,
251.239,8664,8175,8243,
251.248,8678,8175,8251,
251.261,8730,8175,8221,
251.267,8858,8173,8208,
251.279,8791,8175,8226,
251.288,8686,8175,8251,
251.3,8670,8173,8238,
251.31,8656,8175,8235,
251.319,8642,8175,8243,
251.329,8639,8175,8241,
251.337,8644,8173,8231,
251.349,8639,8173,8241,
251.358,8632,8175,8243,
251.367,8630,8173,8238,
251.38,8619,8175,8241,
251.389,8622,8175,8235,
251.399,8619,8175,8226,
251.408,8613,8173,8238,
251.419,8611,8173,8231,
251.428,8597,8170,8235,
251.438,8600,8178,8231,
251.448,8611,8175,8223,
251.459,8647,8173,8223,
251.467,8753,8173,8198,
251.479,8661,8175,8221,
251.49,8592,8173,8228,
251.499,8592,8173,8226,
251.508,8586,8173,8226,
251.519,8589,8173,8223,
251.529,8584,8175,8226,
251.538,8589,8175,8226,
251.549,8589,8178,8223,
251.557,8584,8178,8226,
251.568,8578,8175,8226,
251.576,8570,8175,8223,
251.589,8581,8175,8221,
251.598,8565,8178,8223,
251.609,8558,8175,8223,
251.619,8573,8173,8226,
251.627,8553,8173,8228,
251.638,8553,8173,8218,
251.649,8565,8173,8213,
251.658,8597,8175,8216,
251.667,8716,8173,8195,
251.675,8632,8175,8213,
251.687,8562,8175,8221,
251.699,8553,8173,8216,
251.709,8538,8178,8216,
251.717,8533,8173,8216,
251.729,8536,8173,8218,
251.738,8525,8173,8221,
251.747,8519,8173,8218,
251.759,8519,8175,8216,
251.768,8522,8173,8216,
251.777,8514,8173,8216,
251.789,8522,8173,8213,
251.797,8511,8173,8216,
251.806,8506,8173,8210,
251.817,8506,8175,8216,
251.829,8503,8175,8213,
251.839,8492,8175,8218,
251.849,8487,8175,8213,
251.855,8522,8173,8205,
251.87,8619,8173,8192,
251.879,8541,8173,8203,
251.885,8487,8173,8213,
251.897,8473,8175,8210,
251.908,8463,8175,8210,
251.918,8461,8173,8208,
251.926,8458,8173,8208,
251.938,8455,8170,8208,
251.948,8447,8173,8205,
251.958,8450,8173,8203,
251.967,8450,8173,8205,
251.978,8447,8173,8205,
251.988,8444,8175,8203,
252,8447,8173,8205,
252.008,8444,8175,8205,
252.018,8442,8173,8205,
252.026,8436,8173,8203,
252.036,8436,8173,8203,
252.049,8433,8173,8203,
252.055,8461,8173,8195,
252.068,8553,8173,8182,
252.079,8541,8178,8187,
252.088,8447,8175,8205,
252.098,8431,8175,8200,
252.107,8420,8173,8198,
252.117,8417,8173,8200,
252.127,8417,8173,8203,
252.135,8409,8173,8198,
252.149,8401,8173,8200,
252.158,8404,8173,8200,
252.166,8401,8173,8200,
252.179,8401,8173,8200,
252.187,8396,8173,8198,
252.195,8396,8173,8198,
252.209,8387,8173,8195,
252.218,8385,8175,8198,
252.227,8387,8173,8195,
252.237,8372,8170,8198,
252.247,8382,8173,8192,
252.256,8409,8173,8187,
252.268,8463,8175,8180,
252.276,8409,8175,8187,
252.286,8318,8175,8190,
252.299,8263,8175,8180,
252.307,8222,8175,8177,
252.316,8203,8173,8174,
252.329,8192,8173,8174,
252.338,8185,8173,8174,
252.348,8179,8175,8174,
252.355,8177,8175,8174,
252.367,8174,8173,8174,
252.377,8177,8173,8174,
252.389,8177,8175,8174,
252.395,8177,8175,8174,
252.409,8174,8175,8174,
252.419,8174,8175,8174,
252.425,8174,8175,8174,
252.437,8206,8173,8180,
252.445,8235,8175,8182,
252.456,8260,8175,8182,
252.468,8301,8175,8174,
252.478,8304,8175,8182,
252.487,8273,8173,8185,
252.496,8263,8173,8180,
252.507,8257,8175,8180,
252.517,8254,8173,8182,
252.527,8252,8173,8180,
252.537,8249,8173,8180,
252.546,8246,8175,8180,
252.556,8244,8173,8182,
252.569,8238,8173,8180,
252.578,8233,8173,8182,
252.586,8227,8175,8182,
252.595,8222,8173,8180,
252.606,8222,8173,8180,
252.617,8219,8173,8180,
252.627,8219,8173,8180,
252.635,8217,8173,8180,
252.648,8217,8175,8180,
252.657,8219,8175,8180,
252.666,8222,8178,8177,
252.675,8203,8173,8180,
252.686,8188,8175,8174,
252.697,8182,8175,8180,
252.706,8174,8175,8177,
252.715,8168,8175,8174,
252.726,8163,8175,8177,
252.736,8139,8175,8182,
252.747,8128,8178,8177,
252.756,8112,8178,8174,
252.768,8097,8181,8174,
252.778,8080,8181,8174,
252.784,8064,8181,8174,
252.798,8042,8186,8174,
252.807,8018,8186,8174,
252.817,7995,8191,8174,
252.828,7975,8191,8174,
252.836,7948,8204,8174,
252.847,7909,8204,8174,
252.859,7851,8196,8177,
252.866,7781,8199,8169,
252.875,7818,8214,8172,
252.887,7812,8209,8177,
252.897,7793,8217,8174,
252.906,7784,8227,8174,
252.916,7768,8214,8174,
252.925,7738,8230,8174,
252.935,7733,8237,8174,
252.946,7721,8239,8180,
252.957,7724,8227,8174,
252.967,7735,8230,8172,
252.977,7699,8237,8177,
252.987,7674,8224,8172,
252.995,7691,8257,8174,
253.006,7676,8252,8174,
253.016,7666,8270,8180,
253.027,7652,8245,8174,
253.035,7666,8263,8174,
253.045,7649,8237,8174,
253.057,7541,8219,8180,
253.064,7508,8214,8182,
253.075,7522,8219,8182,
253.087,7619,8260,8172,
253.095,7639,8247,8180,
253.105,7671,8245,8172,
253.118,7660,8252,8172,
253.126,7668,8245,8177,
253.137,7671,8222,8177,
253.147,7668,8239,8180,
253.158,7671,8257,8177,
253.165,7696,8222,8177,
253.174,7707,8237,8180,
253.186,7707,8232,8174,
253.196,7696,8230,8177,
253.205,7749,8245,8174,
253.216,7738,8232,8174,
253.224,7715,8245,8174,
253.235,7741,8245,8180,
253.243,7715,8219,8177,
253.256,7655,8206,8177,
253.265,7581,8206,8180,
253.276,7652,8222,8180,
253.284,7726,8237,8174,
253.298,7713,8242,8172,
253.307,7707,8230,8174,
253.315,7729,8237,8177,
253.326,7726,8239,8177,
253.335,7754,8237,8177,
253.346,7724,8230,8172,
253.356,7741,8239,8169,
253.366,7738,8222,8169,
253.374,7752,8230,8180,
253.386,7749,8230,8177,
253.395,7743,8222,8174,
253.407,7733,8232,8174,
253.415,7762,8224,8172,
253.423,7741,8237,8174,
253.437,7762,8222,8180,
253.445,7733,8230,8177,
253.456,7691,8224,8174,
253.464,7613,8212,8169,
253.475,7639,8214,8180,
253.485,7724,8242,8177,
253.497,7729,8237,8169,
253.505,7738,8230,8172,
253.516,7735,8237,8174,
253.525,7733,8245,8172,
253.536,7726,8239,8177,
253.545,7743,8237,8172,
253.556,7715,8224,8177,
253.565,7718,8242,8177,
253.574,7738,8239,8177,
253.587,7721,8237,8174,
253.595,7707,8247,8172,
253.606,7699,8239,8177,
253.615,7691,8232,8174,
253.627,7707,8247,8174,
253.635,7696,8265,8174,
253.646,7671,8247,8174,
253.654,7600,8209,8177,
253.664,7527,8219,8177,
253.675,7594,8230,8177,
253.685,7658,8237,8172,
253.694,7674,8250,8163,
253.706,7666,8237,8177,
253.715,7668,8239,8174,
253.726,7674,8242,8177,
253.736,7671,8255,8172,
253.746,7691,8237,8174,
253.754,7668,8250,8172,
253.763,7674,8250,8174,
253.775,7658,8245,8177,
253.784,7660,8242,8177,
253.796,7668,8239,8172,
253.805,7660,8250,8169,
253.816,7644,8263,8174,
253.825,7644,8250,8174,
253.833,7655,8239,8174,
253.846,7632,8250,8174,
253.853,7616,8230,8169,
253.864,7495,8219,8174,
253.874,7522,8224,8174,
253.883,7613,8250,8187,
253.896,7629,8250,8172,
253.905,7613,8250,8172,
253.916,7649,8260,8180,
253.925,7644,8252,8177,
253.935,7641,8252,8177,
253.945,7627,8252,8177,
253.956,7652,8245,8177,
253.967,7671,8247,8174,
253.975,7652,8245,8172,
253.983,7652,8255,8174,
253.995,7676,8239,8177,
254.004,7647,8250,8177,
254.014,7647,8230,8177,
254.025,7658,8250,8174,
254.033,7652,8250,8172,
254.046,7621,8239,8172,
254.056,7558,8239,8177,
254.064,7479,8212,8172,
254.074,7495,8232,8177,
254.086,7605,8250,8182,
254.097,7613,8260,8167,
254.106,7600,8237,8177,
254.114,7632,8257,8177,
254.125,7608,8255,8169,
254.134,7583,8252,8177,
254.144,7611,8252,8180,
254.152,7597,8270,8169,
254.165,7605,8252,8174,
254.173,7616,8260,8172,
254.185,7641,8252,8177,
254.193,7632,8250,8172,
254.204,7611,8257,8174,
254.213,7619,8255,8169,
254.226,7624,8247,8172,
254.235,7627,8273,8174,
254.244,7629,8239,8177,
254.255,7550,8239,8172,
254.263,7452,8224,8177,
254.272,7456,8222,8180,
254.284,7555,8263,8172,
254.294,7558,8270,8182,
254.306,7563,8247,8174,
254.315,7583,8268,8172,
254.325,7569,8278,8172,
254.336,7558,8260,8174,
254.345,7547,8268,8174,
254.353,7574,8273,8174,
254.364,7566,8281,8177,
254.375,7541,8273,8177,
254.386,7553,8270,8177,
254.398,7527,8286,8180,
254.404,7535,8255,8177,
254.412,7553,8273,8182,
254.424,7555,8278,8172,
254.435,7525,8294,8177,
254.445,7527,8278,8177,
254.454,7436,8247,8177,
254.466,7382,8224,8172,
254.474,7374,8227,8174,
254.483,7444,8270,8177,
254.494,7492,8278,8172,
254.503,7508,8257,8163,
254.516,7522,8288,8172,
254.522,7508,8260,8177,
254.535,7535,8245,8172,
254.544,7525,8260,8167,
254.552,7566,8301,8163,
254.566,7581,8265,8167,
254.572,7555,8283,8180,
254.583,7583,8283,8172,
254.593,7561,8291,8177,
254.605,7561,8273,8177,
254.616,7581,8278,8169,
254.622,7566,8255,8174,
254.633,7594,8255,8172,
254.647,7578,8250,8180,
254.654,7481,8222,8177,
254.664,7444,8230,8177,
254.675,7468,8227,8190,
254.683,7581,8270,8177,
254.694,7605,8265,8185,
254.704,7602,8252,8177,
254.713,7627,8265,8174,
254.722,7621,8257,8180,
254.736,7632,8250,8174,
254.744,7639,8237,8182,
254.752,7660,8260,8182,
254.763,7644,8252,8180,
254.776,7676,8242,8177,
254.785,7649,8247,8174,
254.793,7658,8263,8180,
254.802,7688,8232,8177,
254.816,7671,8239,8174,
254.822,7699,8255,8182,
254.834,7713,8263,8174,
254.843,7694,8237,8172,
254.854,7621,8209,8177,
254.863,7600,8209,8187,
254.874,7639,8219,8172,
254.883,7721,8224,8169,
254.894,7715,8224,8182,
254.903,7735,8232,8169,
254.914,7741,8237,8172,
254.923,7729,8245,8177,
254.934,7743,8247,8172,
254.944,7743,8237,8177,
254.953,7746,8230,8177,
254.964,7743,8239,8182,
254.973,7746,8222,8174,
254.985,7729,8245,8169,
254.992,7781,8222,8169,
255.002,7752,8237,8172,
255.012,7760,8230,8177,
255.025,7771,8224,8177,
255.033,7765,8232,8177,
255.044,7762,8230,8177,
255.054,7721,8209,8177,
255.063,7655,8196,8180,
255.076,7686,8209,8177,
255.083,7771,8232,8169,
255.094,7768,8219,8172,
255.102,7776,8222,8177,
255.113,7776,8219,8177,
255.123,7757,8230,8174,
255.133,7784,8227,8174,
255.145,7787,8239,8177,
255.153,7787,8232,8174,
255.161,7793,8222,8174,
255.172,7812,8224,8174,
255.183,7791,8219,8177,
255.194,7799,8214,8172,
255.203,7807,8222,8180,
255.213,7820,8219,8174,
255.224,7815,8232,8177,
255.233,7835,8214,8177,
255.245,7838,8206,8174,
255.253,7804,8209,8177,
255.262,7765,8201,8182,
255.274,7843,8212,8172,
255.284,7846,8214,8177,
255.29,7859,8217,8177,
255.304,7875,8219,8172,
255.312,7867,8209,8172,
255.325,7881,8214,8174,
255.333,7893,8209,8174,
255.341,7895,8217,8174,
255.352,7901,8204,8174,
255.363,7906,8209,8174,
255.371,7912,8196,8172,
255.383,7906,8206,8174,
255.393,7915,8199,8174,
255.404,7926,8209,8177,
255.413,7940,8201,8174,
255.421,7937,8201,8174,
255.432,7956,8196,8174,
255.441,7959,8199,8174,
255.455,7937,8188,8174,
255.461,7923,8186,8177,
255.474,7983,8196,8177,
255.483,7975,8196,8174,
255.495,7986,8199,8174,
255.503,7995,8193,8174,
255.513,8000,8193,8174,
255.524,8015,8193,8174,
255.533,8020,8186,8174,
255.542,8028,8188,8174,
255.554,8042,8188,8174,
255.563,8047,8186,8174,
255.572,8058,8181,8174,
255.582,8072,8183,8174,
255.592,8085,8181,8174,
255.602,8103,8178,8174,
255.613,8117,8178,8174,
255.624,8128,8178,8174,
255.633,8139,8175,8177,
255.642,8150,8175,8177,
255.653,8158,8173,8177,
255.662,8168,8173,8180,
255.674,8182,8173,8177,
255.682,8188,8173,8177,
255.692,8195,8173,8177,
255.703,8192,8153,8208,
255.714,8206,8178,8180,
255.723,8195,8175,8177,
255.733,8185,8175,8177,
255.744,8179,8175,8177,
255.753,8179,8178,8177,
255.762,8179,8178,8177,
255.774,8179,8178,8177,
255.782,8177,8178,8177,
255.792,8179,8178,8177,
255.803,8179,8175,8177,
255.814,8179,8175,8177,
255.823,8179,8173,8177,
255.834,8179,8173,8177,
255.845,8177,8173,8177,
255.853,8179,8173,8177,
255.863,8179,8181,8177,
255.873,8179,8173,8177,
255.882,8177,8173,8174,
255.891,8179,8175,8177,
255.903,8177,8173,8177,
255.913,8179,8175,8177,
255.924,8179,8173,8177,
255.933,8177,8173,8177,
255.945,8177,8175,8177,
255.953,8174,8173,8177,
255.964,8177,8173,8177,
255.974,8177,8173,8177,
255.983,8177,8175,8180,
255.992,8177,8173,8177,
256.003,8177,8173,8177,
256.012,8177,8173,8177,
256.023,8177,8173,8177,
256.033,8177,8173,8177,
256.041,8179,8173,8174,
256.05,8179,8175,8174,
256.059,8179,8181,8174,
256.073,8177,8175,8174,
256.083,8174,8175,8172,
256.093,8177,8173,8174,
256.1,8177,8175,8174,
256.113,8177,8173,8174,
256.122,8177,8173,8174,
256.13,8177,8175,8174,
256.143,8177,8175,8177,
256.151,8177,8175,8177,
256.161,8177,8173,8177,
256.172,8177,8173,8177,
256.182,8177,8175,8177,
256.191,8177,8175,8177,
256.203,8177,8175,8177,
256.212,8179,8173,8177,
256.221,8174,8173,8177,
256.232,8177,8173,8177,
256.243,8177,8173,8177,
256.251,8174,8173,8177,
256.263,8177,8175,8177,
256.271,8177,8175,8177,
256.28,8174,8173,8177,
256.292,8174,8173,8177,
256.302,8174,8173,8177,
256.311,8174,8175,8177,
256.321,8177,8173,8177,
256.332,8177,8175,8177,
256.342,8177,8173,8174,
256.353,8177,8173,8174,
256.359,8179,8175,8174,
256.371,8177,8173,8174,
256.38,8177,8173,8174,
256.391,8177,8175,8174,
256.4,8177,8175,8177,
256.41,8174,8173,8174,
256.422,8177,8175,8174,
256.432,8174,8173,8174,
256.44,8177,8173,8174,
256.452,8177,8173,8174,
256.463,8177,8175,8177,
256.471,8177,8173,8174,
256.482,8177,8173,8174,
256.49,8177,8173,8174,
256.502,8177,8173,8174,
256.509,8177,8173,8174,
256.521,8177,8175,8174,
256.532,8177,8173,8174,
256.54,8177,8173,8174,
256.552,8179,8175,8174,
256.56,8177,8175,8174,
256.571,8177,8175,8174,
256.579,8177,8175,8174,
256.592,8177,8178,8174,
256.601,8177,8175,8174,
256.611,8177,8175,8174,
256.621,8177,8175,8174,
256.633,8177,8175,8174,
256.641,8179,8175,8174,
256.653,8177,8173,8174,
256.659,8179,8173,8174,
256.671,8177,8175,8177,
256.68,8174,8173,8174,
256.691,8177,8173,8174,
256.7,8177,8175,8174,
256.711,8177,8173,8174,
256.72,8177,8173,8174,
256.731,8179,8173,8174,
256.742,8177,8173,8174,
256.751,8179,8175,8177,
256.76,8177,8173,8177,
256.769,8177,8173,8177,
256.782,8177,8175,8177,
256.791,8177,8173,8180,
256.8,8177,8173,8177,
256.812,8177,8175,8177,
256.82,8177,8173,8177,
256.831,8177,8175,8177,
256.84,8177,8175,8177,
256.852,8177,8175,8177,
256.861,8177,8175,8174,
256.87,8177,8173,8174,
256.88,8177,8173,8177,
256.889,8177,8173,8174,
256.901,8177,8173,8174,
256.909,8177,8173,8174,
256.92,8179,8175,8174,
256.929,8179,8173,8174,
256.94,8177,8175,8174,
256.949,8179,8173,8174,
256.963,8177,8175,8174,
256.969,8177,8173,8174,
256.981,8177,8173,8174,
256.992,8177,8173,8174,
256.998,8177,8173,8174,
257.01,8179,8173,8174,
257.021,8177,8173,8174,
257.03,8177,8175,8174,
257.039,8177,8173,8174,
257.051,8177,8175,8174,
257.059,8177,8173,8177,
257.071,8177,8173,8177,
257.08,8179,8175,8177,
257.089,8179,8173,8177,
257.099,8177,8173,8177,
257.111,8179,8173,8177,
257.122,8179,8173,8177,
257.13,8177,8173,8177,
257.142,8177,8173,8177,
257.151,8177,8173,8177,
257.161,8177,8173,8177,
257.168,8177,8173,8177,
257.181,8177,8173,8177,
257.19,8177,8173,8177,
257.199,8179,8175,8177,
257.209,8177,8175,8177,
257.223,8177,8173,8177,
257.23,8179,8173,8177,
257.241,8177,8175,8177,
257.249,8177,8175,8177,
257.261,8179,8173,8177,
257.27,8179,8175,8177,
257.279,8177,8175,8174,
257.291,8177,8175,8174,
257.298,8177,8175,8174,
257.313,8177,8173,8174,
257.321,8177,8175,8174,
257.33,8177,8175,8174,
257.338,8177,8173,8174,
257.349,8177,8173,8174,
257.361,8177,8175,8174,
257.373,8179,8173,8177,
257.379,8179,8173,8177,
257.391,8177,8175,8177,
257.398,8177,8173,8177,
257.41,8177,8173,8177,
257.418,8177,8173,8180,
257.428,8177,8173,8177,
257.44,8177,8175,8177,
257.45,8177,8173,8177,
257.46,8179,8175,8174,
257.471,8179,8173,8177,
257.479,8179,8175,8177,
257.492,8179,8173,8174,
257.501,8179,8175,8174,
257.511,8179,8175,8174,
257.519,8177,8175,8174,
257.529,8177,8173,8174,
257.541,8177,8173,8174,
257.549,8177,8175,8174,
257.561,8177,8173,8174,
257.57,8177,8173,8174,
257.579,8174,8175,8177,
257.591,8174,8173,8177,
257.597,8174,8175,8177,
257.61,8174,8175,8177,
257.622,8177,8175,8177,
257.632,8174,8175,8177,
257.64,8174,8173,8177,
257.649,8174,8175,8177,
257.659,8171,8175,8177,
257.672,8174,8173,8177,
257.68,8179,8173,8177,
257.69,8179,8173,8177,
257.7,8177,8173,8174,
257.712,8177,8173,8177,
257.719,8177,8173,8177,
257.727,8177,8173,8177,
257.74,8177,8173,8177,
257.75,8179,8175,8177,
257.761,8177,8173,8177,
257.769,8179,8173,8177,
257.78,8177,8173,8177,
257.791,8177,8175,8180,
257.8,8177,8175,8177,
257.809,8177,8173,8177,
257.818,8177,8175,8177,
257.83,8177,8173,8177,
257.84,8177,8173,8177,
257.85,8179,8173,8177,
257.858,8177,8175,8180,
257.869,8179,8175,8177,
257.88,8174,8175,8174,
257.892,8174,8173,8174,
257.899,8174,8173,8174,
257.907,8174,8173,8174,
257.921,8174,8173,8174,
257.93,8177,8173,8174,
257.94,8177,8173,8174,
257.949,8177,8173,8174,
257.961,8177,8173,8174,
257.971,8177,8173,8174,
257.981,8174,8173,8174,
257.988,8177,8173,8177,
258.001,8177,8173,8177,
258.009,8177,8173,8177,
258.018,8177,8178,8177,
258.031,8177,8178,8177,
258.04,8177,8178,8177,
258.048,8179,8178,8177,
258.06,8179,8175,8177,
258.068,8174,8178,8180,
258.08,8179,8175,8180,
258.087,8177,8178,8180,
258.099,8179,8175,8177,
258.109,8177,8178,8177,
258.12,8177,8175,8177,
258.128,8177,8173,8177,
258.14,8177,8173,8177,
258.15,8177,8173,8177,
258.159,8177,8175,8177,
258.167,8177,8173,8177,
258.178,8177,8173,8177,
258.189,8177,8173,8177,
258.199,8177,8173,8177,
258.209,8177,8173,8177,
258.219,8177,8173,8177,
258.23,8177,8175,8177,
258.237,8177,8173,8177,
258.25,8179,8175,8180,
258.26,8177,8175,8177,
258.269,8179,8175,8177,
258.28,8177,8175,8177,
258.286,8177,8175,8177,
258.298,8177,8175,8177,
258.311,8177,8175,8177,
258.319,8177,8175,8177,
258.329,8177,8173,8177,
258.339,8177,8175,8177,
258.35,8177,8175,8177,
258.36,8177,8175,8177,
258.368,8177,8175,8177,
258.377,8177,8173,8177,
258.388,8177,8173,8177,
258.399,8179,8173,8177,
258.408,8177,8175,8177,
258.418,8174,8173,8177,
258.428,8174,8173,8177,
258.44,8174,8175,8177,
258.446,8174,8175,8177,
258.459,8177,8173,8177,
258.468,8177,8175,8177,
258.478,8177,8175,8177,
258.488,8174,8175,8174,
258.501,8174,8175,8177,
258.509,8174,8175,8177,
258.517,8179,8175,8177,
258.529,8177,8175,8177,
258.539,8177,8173,8177,
258.548,8177,8173,8177,
258.557,8177,8173,8177,
258.57,8177,8173,8177,
258.579,8177,8173,8177,
258.587,8177,8175,8177,
258.598,8177,8173,8177,
258.61,8177,8175,8177,
258.617,8177,8173,8177,
258.629,8177,8173,8177,
258.638,8177,8173,8177,
258.65,8177,8175,8177,
258.657,8177,8175,8177,
258.669,8177,8175,8177,
258.68,8174,8175,8177,
258.688,8174,8173,8177,
258.698,8177,8175,8177,
258.707,8177,8173,8177,
258.718,8177,8175,8177,
258.73,8177,8173,8177,
258.738,8177,8173,8177,
258.747,8177,8175,8177,
258.759,8177,8173,8177,
258.769,8177,8173,8177,
258.78,8179,8173,8177,
258.789,8179,8173,8177,
258.798,8179,8173,8177,
258.809,8177,8173,8177,
258.818,8179,8175,8177,
258.827,8177,8173,8177,
258.838,8177,8175,8177,
258.847,8177,8175,8177,
258.861,8177,8170,8180,
258.868,8179,8173,8177,
258.88,8177,8173,8177,
258.89,8177,8173,8177,
258.899,8179,8173,8177,
258.909,8177,8173,8177,
258.919,8177,8175,8177,
258.927,8177,8173,8177,
258.939,8177,8173,8177,
258.948,8177,8173,8177,
258.959,8177,8173,8177,
258.969,8177,8173,8177,
258.979,8177,8173,8177,
258.989,8177,8173,8177,
258.999,8177,8173,8177,
259.008,8177,8175,8177,
259.019,8177,8175,8177,
259.029,8177,8173,8177,
259.04,8177,8175,8177,
259.049,8179,8173,8177,
259.058,8179,8173,8180,
259.067,8179,8173,8177,
259.078,8174,8173,8177,
259.088,8177,8173,8177,
259.099,8177,8173,8177,
259.109,8179,8173,8177,
259.121,8179,8173,8177,
259.129,8179,8173,8177,
259.138,8177,8173,8177,
259.148,8177,8173,8177,
259.158,8177,8175,8174,
259.168,8179,8173,8177,
259.176,8179,8175,8177,
259.189,8179,8173,8177,
259.197,8177,8173,8177,
259.209,8177,8173,8177,
259.22,8177,8173,8177,
259.228,8177,8175,8177,
259.238,8177,8173,8177,
259.248,8177,8175,8177,
259.259,8179,8175,8177,
259.268,8177,8175,8177,
259.28,8177,8175,8180,
259.287,8177,8175,8177,
259.297,8177,8178,8177,
259.306,8177,8178,8177,
259.317,8177,8175,8177,
259.327,8177,8175,8177,
259.339,8177,8175,8177,
259.346,8177,8175,8177,
259.357,8177,8175,8177,
259.367,8177,8178,8177,
259.379,8177,8173,8177,
259.388,8177,8175,8177,
259.398,8177,8175,8177,
259.408,8177,8173,8177,
259.42,8177,8175,8174,
259.428,8177,8173,8174,
259.44,8177,8173,8174,
259.45,8177,8173,8174,
259.458,8179,8173,8174,
259.469,8177,8175,8174,
259.476,8177,8173,8172,
259.489,8177,8175,8174,
259.498,8177,8173,8174,
259.509,8177,8175,8174,
259.516,8177,8173,8177,
259.528,8177,8173,8177,
259.539,8177,8175,8177,
259.547,8177,8173,8177,
259.557,8177,8173,8177,
259.567,8177,8173,8177,
259.577,8177,8173,8177,
259.588,8177,8175,8177,
259.598,8177,8173,8177,
259.606,8174,8173,8177,
259.617,8177,8173,8177,
259.628,8179,8173,8174,
259.638,8177,8175,8174,
259.647,8177,8175,8174,
259.657,8177,8173,8174,
259.665,8179,8175,8174,
259.679,8179,8175,8174,
259.685,8177,8173,8177,
259.698,8177,8173,8174,
259.707,8177,8173,8174,
259.72,8177,8173,8174,
259.728,8177,8175,8174,
259.736,8177,8173,8174,
259.746,8177,8173,8174,
259.756,8177,8173,8174,
259.766,8177,8173,8174,
259.776,8177,8175,8174,
259.786,8177,8173,8174,
259.797,8177,8175,8174,
259.807,8177,8175,8174,
259.817,8177,8175,8177,
259.825,8177,8173,8177,
259.836,8177,8175,8177,
259.847,8177,8175,8177,
259.856,8177,8178,8177,
259.867,8177,8175,8177,
259.875,8174,8173,8177,
259.888,8174,8173,8177,
259.895,8177,8175,8177,
259.907,8177,8173,8177,
259.918,8177,8175,8177,
259.926,8177,8173,8177,
259.934,8177,8173,8177,
259.947,8177,8173,8177,
259.956,8177,8173,8177,
259.968,8177,8173,8177,
259.976,8177,8175,8177,
259.984,8177,8173,8177,
259.995,8177,8175,8177,
260.007,8177,8173,8177,
260.015,8177,8175,8177,
260.025,8177,8173,8177,
260.035,8177,8175,8177,
260.047,8177,8175,8177,
260.058,8179,8173,8177,
260.066,8177,8175,8177,
260.075,8179,8173,8174,
260.086,8179,8173,8174,
260.095,8177,8173,8177,
260.106,8177,8173,8177,
260.117,8177,8173,8174,
260.129,8177,8173,8177,
260.135,8177,8173,8177,
260.146,8177,8175,8177,
260.154,8177,8173,8177,
260.167,8177,8175,8177,
260.177,8177,8175,8177,
260.186,8174,8173,8177,
260.197,8174,8173,8177,
260.207,8174,8175,8177,
260.217,8177,8173,8177,
260.227,8174,8173,8177,
260.235,8177,8173,8174,
260.246,8174,8175,8177,
260.257,8174,8175,8172,
260.264,8174,8175,8174,
260.275,8177,8175,8174,
260.284,8177,8175,8172,
260.295,8177,8173,8174,
260.307,8177,8173,8174,
260.316,8177,8175,8174,
260.326,8177,8173,8174,
260.334,8177,8173,8177,
260.346,8177,8173,8177,
260.357,8177,8175,8177,
260.367,8177,8173,8177,
260.375,8177,8173,8177,
260.385,8177,8175,8177,
260.398,8174,8173,8177,
260.404,8174,8173,8177,
260.416,8174,8173,8177,
260.427,8177,8175,8177,
260.436,8177,8173,8177,
260.447,8177,8173,8174,
260.455,8177,8175,8174,
260.467,8177,8175,8174,
260.477,8177,8175,8174,
260.484,8177,8175,8177,
260.496,8177,8173,8174,
260.506,8177,8173,8174,
260.517,8177,8175,8174,
260.527,8177,8175,8174,
260.534,8177,8173,8174,
260.543,8177,8175,8174,
260.554,8177,8175,8174,
260.567,8177,8173,8174,
260.575,8177,8175,8174,
260.584,8177,8175,8174,
260.595,8179,8175,8174,
260.606,8177,8175,8174,
260.617,8174,8175,8174,
260.626,8174,8173,8174,
260.635,8174,8175,8174,
260.647,8174,8173,8177,
260.656,8174,8175,8177,
260.666,8174,8175,8177,
260.676,8177,8173,8180,
260.685,8174,8173,8180,
260.696,8174,8173,8177,
260.704,8177,8173,8177,
260.714,8177,8173,8177,
260.725,8177,8173,8177,
260.736,8177,8175,8177,
260.747,8177,8173,8177,
260.753,8177,8173,8177,
260.765,8179,8173,8177,
260.774,8177,8173,8177,
260.787,8177,8175,8177,
260.794,8177,8175,8177,
260.806,8177,8173,8177,
260.816,8177,8175,8177,
260.826,8177,8170,8177,
260.834,8177,8175,8177,
260.845,8177,8175,8177,
260.855,8179,8175,8180,
260.865,8177,8175,8177,
260.877,8177,8175,8177,
260.884,8174,8175,8172,
260.896,8177,8175,8177,
260.905,8177,8173,8177,
260.914,8177,8173,8177,
260.925,8179,8173,8177,
260.936,8179,8173,8177,
260.946,8177,8173,8177,
260.956,8177,8175,8177,
260.966,8177,8175,8177,
260.977,8177,8175,8177,
260.983,8177,8173,8177,
260.996,8179,8175,8177,
261.002,8177,8173,8177,
261.015,8179,8173,8177,
261.024,8177,8173,8174,
261.035,8177,8173,8177,
261.044,8179,8175,8177,
261.053,8174,8175,8177,
261.064,8177,8175,8177,
261.075,8179,8175,8174,
261.085,8177,8173,8172,
261.095,8177,8173,8177,
261.105,8177,8173,8177,
261.116,8177,8175,8177,
261.125,8179,8175,8177,
261.136,8177,8175,8177,
261.146,8177,8173,8177,
261.155,8179,8175,8177,
261.165,8179,8173,8174,
261.173,8177,8175,8174,
261.186,8179,8173,8174,
261.195,8179,8173,8174,
261.206,8179,8175,8174,
261.215,8177,8173,8174,
261.225,8177,8173,8174,
261.235,8179,8175,8174,
261.245,8177,8173,8174,
261.255,8179,8175,8174,
261.265,8177,8173,8180,
261.273,8177,8173,8180,
261.286,8177,8173,8177,
261.297,8177,8175,8177,
261.303,8177,8173,8177,
261.314,8177,8173,8177,
261.326,8177,8173,8177,
261.334,8177,8173,8177,
261.343,8179,8175,8177,
261.355,8179,8175,8177,
261.364,8177,8173,8177,
261.374,8177,8173,8177,
261.382,8179,8173,8177,
261.395,8177,8173,8177,
261.403,8179,8175,8177,
261.415,8179,8173,8177,
261.424,8179,8173,8177,
261.437,8177,8175,8177,
261.444,8177,8175,8177,
261.455,8177,8175,8174,
261.465,8177,8175,8174,
261.474,8177,8173,8174,
261.485,8174,8173,8174,
261.496,8179,8173,8174,
261.506,8177,8173,8174,
261.514,8177,8175,8172,
261.522,8177,8175,8174,
261.534,8177,8173,8174,
261.543,8177,8173,8174,
261.555,8174,8173,8174,
261.563,8174,8173,8174,
261.575,8177,8173,8180,
261.584,8174,8175,8177,
261.596,8174,8175,8177,
261.603,8174,8173,8177,
261.615,8174,8175,8177,
261.625,8174,8173,8177,
261.633,8174,8175,8177,
261.646,8177,8173,8177,
261.652,8177,8175,8177,
261.664,8177,8175,8177,
261.674,8179,8175,8174,
261.682,8177,8173,8177,
261.693,8177,8173,8177,
261.705,8177,8173,8177,
261.715,8177,8175,8177,
261.725,8177,8175,8177,
261.732,8177,8173,8177,
261.743,8177,8175,8177,
261.753,8177,8173,8177,
261.765,8177,8173,8177,
261.776,8177,8175,8174,
261.784,8177,8173,8174,
261.793,8177,8173,8174,
261.804,8177,8173,8174,
261.813,8177,8173,8174,
261.824,8177,8170,8174,
261.836,8177,8173,8174,
261.845,8179,8173,8174,
261.853,8179,8173,8174,
261.863,8179,8175,8172,
261.874,8177,8175,8177,
261.883,8174,8175,8177,
261.894,8177,8178,8177,
261.904,8177,8175,8177,
261.914,8177,8175,8177,
261.924,8177,8175,8174,
261.934,8177,8178,8177,
261.944,8177,8175,8177,
261.953,8177,8178,8177,
261.964,8177,8178,8177,
261.973,8177,8175,8177,
261.981,8177,8178,8174,
261.993,8177,8175,8174,
262.005,8177,8173,8174,
262.017,8177,8175,8172,
262.022,8177,8173,8174,
262.033,8177,8173,8174,
262.043,8177,8175,8174,
262.053,8177,8175,8174,
262.066,8177,8173,8174,
262.073,8179,8175,8177,
262.084,8177,8173,8174,
262.094,8177,8173,8174,
262.105,8177,8173,8174,
262.115,8174,8175,8174,
262.123,8177,8175,8174,
262.136,8177,8173,8174,
262.144,8177,8173,8174,
262.152,8177,8173,8174,
262.164,8177,8175,8174,
262.175,8177,8175,8174,
262.185,8177,8175,8177,
262.194,8177,8175,8177,
262.203,8177,8173,8177,
262.213,8179,8173,8177,
262.223,8179,8173,8177,
262.236,8177,8173,8177,
262.244,8179,8173,8180,
262.255,8177,8175,8174,
262.264,8177,8173,8177,
262.273,8174,8175,8180,
262.282,8177,8173,8174,
262.295,8177,8173,8174,
262.303,8177,8175,8174,
262.316,8177,8173,8174,
262.324,8177,8173,8174,
262.333,8177,8173,8174,
262.345,8177,8173,8174,
262.354,8177,8173,8174,
262.364,8177,8173,8174,
262.372,8177,8175,8177,
262.383,8177,8173,8174,
262.392,8177,8173,8177,
262.402,8177,8173,8177,
262.414,8177,8173,8177,
262.422,8177,8175,8177,
262.432,8177,8175,8177,
262.443,8177,8175,8177,
262.454,8177,8173,8177,
262.464,8177,8175,8177,
262.474,8177,8175,8180,
262.483,8179,8175,8177,
262.493,8177,8173,8177,
262.501,8177,8173,8177,
262.515,8177,8175,8177,
262.523,8177,8175,8177,
262.533,8179,8173,8177,
262.542,8177,8175,8177,
262.553,8177,8175,8174,
262.564,8177,8175,8177,
262.573,8177,8170,8177,
262.584,8177,8173,8177,
262.593,8174,8175,8177,
262.604,8174,8175,8177,
262.613,8174,8173,8177,
262.623,8174,8173,8177,
262.634,8174,8175,8177,
262.643,8174,8175,8177,
262.654,8174,8175,8177,
262.663,8174,8175,8177,
262.672,8174,8175,8174,
262.683,8174,8175,8177,
262.691,8177,8175,8177,
262.703,8177,8173,8177,
262.713,8177,8173,8177,
262.723,8177,8175,8177,
262.732,8177,8173,8177,
262.744,8177,8173,8174,
262.75,8177,8175,8177,
262.762,8177,8173,8177,
262.772,8177,8173,8177,
262.783,8177,8170,8177,
262.793,8177,8175,8177,
262.801,8177,8173,8174,
262.814,8177,8173,8174,
262.824,8177,8173,8174,
262.832,8179,8175,8174,
262.843,8177,8173,8174,
262.853,8179,8170,8174,
262.865,8177,8173,8174,
262.873,8177,8175,8174,
262.883,8177,8175,8174,
262.891,8177,8173,8174,
262.902,8177,8173,8177,
262.913,8177,8175,8177,
262.923,8177,8175,8177,
262.931,8177,8173,8177,
262.943,8177,8173,8177,
262.954,8177,8173,8177,
262.961,8177,8173,8177,
262.972,8177,8175,8177,
262.983,8177,8173,8177,
262.994,8177,8170,8177,
263.004,8177,8175,8174,
263.012,8177,8173,8177,
263.023,8177,8173,8174,
263.034,8179,8173,8174,
263.041,8179,8175,8174,
263.052,8177,8175,8174,
263.063,8179,8178,8174,
263.072,8179,8175,8174,
263.082,8177,8178,8180,
263.094,8177,8178,8174,
263.103,8177,8175,8174,
263.113,8174,8178,8174,
263.126,8174,8178,8174,
263.131,8174,8175,8174,
263.141,8174,8175,8174,
263.153,8174,8175,8174,
263.163,8174,8173,8174,
263.172,8174,8173,8174,
263.181,8174,8173,8174,
263.19,8174,8173,8174,
263.203,8174,8173,8174,
263.214,8177,8173,8177,
263.222,8177,8175,8177,
263.231,8177,8175,8177,
263.243,8177,8173,8177,
263.252,8177,8173,8174,
263.261,8177,8175,8177,
263.273,8177,8175,8177,
263.283,8177,8173,8177,
263.292,8177,8175,8177,
263.302,8177,8175,8177,
263.311,8177,8175,8177,
263.321,8177,8175,8177,
263.333,8177,8175,8177,
263.343,8177,8175,8177,
263.349,8177,8175,8177,
263.36,8177,8175,8177,
263.373,8177,8175,8177,
263.383,8177,8175,8177,
263.394,8177,8175,8177,
263.402,8179,8173,8177,
263.412,8179,8173,8174,
263.421,8177,8173,8177,
263.431,8177,8175,8174,
263.443,8179,8175,8174,
263.451,8177,8175,8174,
263.461,8177,8173,8174,
263.472,8177,8173,8177,
263.482,8177,8173,8177,
263.493,8177,8175,8174,
263.503,8177,8175,8174,
263.512,8177,8175,8177,
263.52,8177,8175,8177,
263.532,8177,8175,8177,
263.543,8177,8173,8177,
263.551,8177,8173,8177,
263.561,8177,8173,8177,
263.571,8179,8173,8177,
263.58,8179,8173,8177,
263.591,8177,8175,8177,
263.6,8177,8173,8177,
263.613,8177,8173,8177,
263.623,8177,8173,8177,
263.631,8174,8175,8177,
263.64,8174,8175,8177,
263.653,8177,8173,8177,
263.661,8174,8175,8177,
263.671,8174,8173,8177,
263.682,8174,8173,8177,
263.692,8174,8173,8177,
263.702,8174,8175,8177,
263.713,8174,8173,8180,
263.721,8174,8173,8174,
263.733,8174,8173,8174,
263.741,8179,8173,8174,
263.75,8177,8173,8174,
263.761,8177,8173,8174,
263.771,8177,8173,8174,
263.781,8177,8173,8174,
263.791,8177,8173,8174,
263.802,8177,8175,8174,
263.811,8179,8173,8174,
263.821,8177,8175,8177,
263.83,8177,8175,8177,
263.842,8177,8175,8177,
263.852,8174,8173,8180,
263.863,8177,8175,8180,
263.871,8174,8175,8177,
263.882,8177,8175,8177,
263.89,8177,8173,8177,
263.901,8177,8175,8177,
263.913,8177,8175,8177,
263.921,8177,8173,8174,
263.931,8177,8173,8174,
263.941,8177,8175,8174,
263.951,8177,8173,8174,
263.962,8177,8175,8174,
263.973,8177,8173,8174,
263.981,8177,8175,8174,
263.99,8177,8173,8174,
264,8177,8175,8174,
264.012,8179,8173,8174,
264.023,8177,8175,8174,
264.029,8179,8175,8177,
264.043,8179,8175,8180,
264.05,8177,8175,8177,
264.059,8177,8173,8180,
264.071,8177,8173,8177,
264.083,8182,8173,8177,
264.089,8179,8175,8177,
264.1,8177,8173,8177,
264.11,8177,8173,8177,
264.121,8177,8175,8177,
264.129,8177,8175,8177,
264.143,8177,8173,8180,
264.153,8177,8173,8177,
264.159,8177,8175,8177,
264.171,8177,8173,8177,
264.182,8177,8173,8177,
264.192,8177,8173,8177,
264.198,8177,8175,8177,
264.212,8177,8173,8177,
264.22,8177,8173,8177,
264.231,8177,8173,8177,
264.243,8177,8173,8177,
264.25,8177,8170,8177,
264.262,8174,8173,8180,
264.272,8171,8173,8180,
264.281,8174,8175,8177,
264.29,8174,8173,8177,
264.3,8174,8175,8177,
264.311,8174,8175,8177,
264.32,8174,8175,8177,
264.33,8174,8173,8177,
264.34,8174,8175,8174,
264.351,8174,8173,8174,
264.362,8177,8175,8174,
264.368,8179,8175,8174,
264.381,8179,8175,8174,
264.391,8177,8175,8174,
264.402,8179,8175,8174,
264.409,8177,8173,8174,
264.42,8177,8173,8174,
264.431,8179,8173,8174,
264.44,8177,8175,8177,
264.451,8177,8175,8177,
264.461,8177,8175,8177,
264.47,8174,8175,8177,
264.481,8174,8175,8177,
264.49,8174,8175,8177,
264.499,8174,8175,8177,
264.508,8174,8175,8177,
264.52,8174,8175,8177,
264.529,8174,8175,8177,
264.538,8174,8175,8174,
264.549,8174,8175,8174,
264.56,8174,8173,8174,
264.571,8177,8173,8174,
264.579,8177,8173,8174,
264.591,8177,8173,8174,
264.601,8177,8173,8174,
264.61,8179,8173,8174,
264.621,8177,8175,8174,
264.63,8179,8175,8174,
264.639,8179,8175,8174,
264.648,8177,8175,8174,
264.662,8177,8173,8174,
264.668,8177,8173,8174,
264.68,8177,8173,8172,
264.691,8177,8175,8174,
264.7,8177,8173,8174,
264.709,8177,8173,8174,
264.719,8177,8173,8174,
264.73,8177,8175,8174,
264.742,8177,8173,8174,
264.748,8177,8175,8177,
264.762,8177,8173,8177,
264.769,8177,8175,8177,
264.78,8174,8175,8177,
264.788,8174,8173,8177,
264.799,8174,8173,8177,
264.812,8174,8175,8177,
264.818,8174,8175,8177,
264.83,8174,8173,8177,
264.841,8174,8175,8177,
264.85,8174,8173,8174,
264.861,8174,8175,8174,
264.87,8174,8175,8174,
264.88,8174,8175,8174,
264.888,8177,8175,8174,
264.899,8177,8175,8174,
264.91,8177,8175,8174,
264.92,8177,8175,8174,
264.932,8177,8175,8174,
264.939,8177,8175,8174,
264.948,8177,8175,8174,
264.961,8177,8173,8174,
264.968,8177,8173,8174,
264.981,8177,8175,8174,
264.99,8177,8175,8174,
264.999,8179,8173,8174,
265.008,8177,8175,8174,
265.021,8177,8175,8172,
265.029,8177,8173,8174,
265.042,8177,8175,8174,
265.048,8179,8175,8172,
265.059,8179,8175,8174,
265.068,8177,8175,8172,
265.078,8177,8175,8177,
265.092,8177,8173,8174,
265.098,8177,8175,8172,
265.111,8177,8175,8174,
265.12,8177,8175,8174,
265.13,8177,8173,8174,
265.139,8177,8175,8174,
265.151,8177,8175,8174,
265.159,8177,8175,8174,
265.171,8177,8175,8174,
265.179,8177,8175,8174,
265.188,8177,8173,8174,
265.198,8177,8173,8174,
265.21,8177,8175,8174,
265.219,8177,8173,8174,
265.229,8177,8173,8174,
265.24,8179,8173,8174,
265.248,8177,8175,8177,
265.259,8179,8175,8174,
265.268,8179,8175,8174,
265.278,8177,8173,8177,
265.289,8179,8173,8174,
265.299,8177,8173,8177,
265.31,8177,8175,8174,
265.319,8177,8173,8174,
265.33,8177,8173,8174,
265.339,8177,8175,8174,
265.349,8177,8175,8174,
265.36,8177,8173,8174,
265.369,8177,8175,8174,
265.379,8179,8175,8174,
265.39,8177,8173,8174,
265.399,8177,8173,8174,
265.408,8177,8173,8174,
265.417,8177,8173,8174,
265.431,8177,8175,8174,
265.44,8177,8175,8174,
265.448,8177,8175,8174,
265.459,8177,8175,8177,
265.468,8177,8173,8177,
265.48,8174,8175,8174,
265.488,8177,8173,8177,
265.498,8177,8173,8177,
265.51,8177,8173,8177,
265.52,8177,8173,8177,
265.528,8177,8173,8177,
265.539,8177,8173,8177,
265.55,8177,8173,8177,
265.561,8177,8175,8177,
265.57,8177,8173,8174,
265.578,8177,8173,8174,
265.589,8177,8175,8174,
265.601,8177,8175,8174,
265.607,8177,8175,8174,
265.618,8177,8173,8174,
265.629,8177,8175,8174,
265.64,8177,8175,8174,
265.648,8179,8173,8174,
265.66,8179,8173,8174,
265.67,8177,8173,8174,
265.678,8177,8173,8174,
265.688,8177,8173,8174,
265.699,8177,8175,8174,
265.709,8177,8173,8174,
265.72,8177,8173,8174,
265.73,8179,8173,8174,
265.739,8179,8175,8174,
265.749,8177,8173,8174,
265.758,8177,8173,8174,
265.77,8177,8175,8177,
265.776,8177,8175,8177,
265.787,8177,8173,8177,
265.798,8177,8173,8177,
265.81,8177,8175,8177,
265.819,8177,8175,8177,
265.828,8177,8175,8177,
265.839,8177,8175,8177,
265.849,8177,8175,8177,
265.858,8177,8175,8177,
265.87,8177,8175,8174,
265.879,8177,8175,8174,
265.89,8177,8175,8174,
265.9,8177,8173,8174,
265.908,8177,8175,8174,
265.918,8177,8175,8174,
265.928,8177,8173,8174,
265.939,8177,8175,8174,
265.948,8177,8175,8174,
265.957,8177,8173,8174,
265.969,8177,8175,8174,
265.978,8177,8175,8174,
265.987,8177,8175,8174,
265.999,8177,8173,8174,
266.01,8179,8173,8174,
266.018,8177,8173,8174,
266.027,8177,8175,8174,
266.037,8177,8173,8174,
266.047,8177,8173,8174,
266.06,8174,8173,8177,
266.069,8174,8173,8174,
266.077,8177,8173,8177,
266.09,8177,8175,8177,
266.098,8174,8175,8177,
266.107,8174,8175,8177,
266.118,8174,8175,8177,
266.128,8174,8175,8177,
266.139,8177,8175,8177,
266.15,8177,8175,8177,
266.156,8177,8175,8177,
266.168,8177,8175,8177,
266.178,8177,8178,8177,
266.187,8177,8178,8177,
266.196,8177,8173,8177,
266.209,8177,8173,8177,
266.219,8177,8173,8177,
266.23,8177,8175,8177,
266.238,8177,8175,8177,
266.246,8174,8173,8177,
266.258,8177,8175,8177,
266.267,8177,8175,8177,
266.28,8177,8175,8174,
266.285,8177,8175,8174,
266.298,8177,8175,8174,
266.307,8177,8173,8174,
266.319,8177,8173,8174,
266.327,8177,8173,8174,
266.337,8177,8175,8177,
266.346,8177,8173,8174,
266.357,8174,8175,8174,
266.368,8174,8175,8174,
266.377,8174,8173,8174,
266.386,8174,8173,8174,
266.396,8174,8173,8174,
266.407,8174,8175,8174,
266.416,8174,8173,8174,
266.429,8174,8173,8174,
266.437,8174,8173,8174,
266.447,8179,8175,8177,
266.457,8174,8175,8177,
266.469,8179,8173,8174,
266.479,8179,8175,8174,
266.488,8177,8175,8174,
266.497,8177,8173,8174,
266.507,8177,8175,8174,
266.518,8177,8173,8174,
266.528,8177,8175,8174,
266.539,8177,8175,8174,
266.548,8177,8173,8174,
266.555,8174,8173,8174,
266.567,8177,8175,8174,
266.576,8179,8175,8174,
266.589,8179,8175,8177,
266.598,8179,8173,8177,
266.607,8225,8173,8180,
266.616,8235,8173,8182,
266.626,8263,8175,8185,
266.639,8377,8175,8195,
266.649,8522,8175,8192,
266.655,8570,8175,8210,
266.667,8584,8173,8223,
266.679,8624,8173,8231,
266.688,8656,8173,8235,
266.699,8678,8173,8241,
266.708,8691,8173,8241,
266.717,8710,8173,8243,
266.727,8699,8178,8248,
266.74,8710,8175,8254,
266.747,8699,8175,8251,
266.758,8710,8173,8251,
266.768,8697,8175,8248,
266.779,8710,8175,8246,
266.788,8699,8173,8254,
266.795,8710,8175,8254,
266.807,8716,8175,8251,
266.816,8718,8173,8261,
266.827,8753,8173,8259,
266.837,8808,8175,8228,
266.846,8933,8175,8221,
266.856,8860,8175,8259,
266.867,8811,8173,8261,
266.877,8791,8175,8269,
266.887,8799,8173,8256,
266.895,8808,8173,8261,
266.908,8802,8173,8277,
266.919,8816,8173,8279,
266.927,8816,8175,8279,
266.936,8824,8175,8261,
266.946,8816,8178,8277,
266.959,8827,8175,8269,
266.966,8816,8175,8284,
266.976,8802,8173,8277,
266.987,8804,8178,8272,
266.998,8819,8175,8272,
267.006,8811,8175,8269,
267.017,8819,8175,8277,
267.026,8839,8175,8274,
267.037,8924,8175,8248,
267.047,9082,8173,8210,
267.058,8965,8175,8248,
267.067,8869,8175,8284,
267.077,8855,8175,8279,
267.086,8847,8175,8292,
267.098,8830,8173,8302,
267.107,8869,8175,8309,
267.115,8855,8173,8284,
267.129,8841,8175,8272,
267.135,8858,8173,8279,
267.147,8824,8175,8295,
267.156,8824,8173,8282,
267.166,8819,8173,8292,
267.177,8847,8173,8279,
267.187,8824,8173,8277,
267.195,8830,8173,8269,
267.208,8791,8175,8284,
267.217,8783,8175,8290,
267.226,8802,8175,8274,
267.236,8921,8175,8248,
267.246,9038,8173,8208,
267.256,8933,8173,8254,
267.264,8811,8175,8272,
267.277,8785,8173,8274,
267.287,8788,8175,8269,
267.297,8785,8173,8274,
267.304,8774,8173,8266,
267.317,8783,8175,8274,
267.325,8780,8175,8261,
267.338,8769,8175,8261,
267.347,8761,8175,8274,
267.357,8761,8173,8266,
267.365,8766,8173,8269,
267.375,8750,8173,8248,
267.387,8741,8175,8256,
267.397,8741,8170,8264,
267.406,8730,8175,8251,
267.416,8741,8175,8248,
267.426,8741,8175,8241,
267.436,8852,8175,8226,
267.447,8949,8173,8208,
267.457,8791,8175,8248,
267.465,8747,8173,8264,
267.478,8727,8175,8259,
267.486,8733,8175,8254,
267.497,8713,8173,8256,
267.507,8716,8175,8259,
267.517,8710,8173,8248,
267.527,8702,8173,8259,
267.535,8710,8173,8251,
267.546,8699,8175,8256,
267.556,8702,8173,8254,
267.565,8691,8175,8254,
267.577,8702,8173,8248,
267.584,8699,8175,8254,
267.598,8691,8173,8256,
267.605,8697,8173,8254,
267.614,8680,8173,8248,
267.625,8707,8173,8251,
267.635,8774,8173,8231,
267.647,8894,8175,8203,
267.656,8799,8175,8241,
267.665,8716,8173,8241,
267.676,8699,8175,8231,
267.685,8705,8173,8246,
267.695,8683,8173,8246,
267.705,8691,8175,8246,
267.718,8670,8175,8248,
267.726,8678,8173,8251,
267.736,8675,8173,8235,
267.743,8664,8173,8251,
267.754,8672,8175,8241,
267.766,8675,8173,8231,
267.776,8667,8173,8243,
267.785,8659,8175,8243,
267.797,8667,8173,8235,
267.807,8661,8175,8254,
267.815,8659,8173,8241,
267.825,8667,8173,8241,
267.836,8727,8175,8218,
267.844,8824,8173,8203,
267.857,8730,8175,8235,
267.866,8667,8175,8248,
267.875,8661,8173,8241,
267.884,8639,8173,8238,
267.895,8647,8175,8231,
267.905,8650,8173,8238,
267.916,8635,8175,8238,
267.925,8627,8175,8243,
267.935,8635,8175,8238,
267.945,8635,8173,8238,
267.954,8644,8173,8241,
267.964,8650,8173,8243,
267.976,8635,8173,8238,
267.986,8632,8170,8243,
267.996,8635,8175,8241,
268.006,8619,8175,8241,
268.016,8622,8173,8235,
268.028,8630,8173,8235,
268.036,8675,8173,8218,
268.046,8783,8173,8190,
268.055,8716,8175,8226,
268.066,8632,8175,8235,
268.076,8635,8173,8235,
268.085,8613,8173,8228,
268.098,8619,8173,8231,
268.104,8616,8175,8238,
268.116,8630,8175,8235,
268.127,8622,8175,8241,
268.136,8619,8173,8228,
268.146,8624,8175,8231,
268.155,8608,8178,8241,
268.164,8605,8175,8235,
268.176,8608,8173,8231,
268.185,8603,8173,8235,
268.196,8603,8175,8231,
268.204,8589,8175,8231,
268.213,8594,8175,8226,
268.225,8603,8175,8231,
268.236,8686,8173,8208,
268.244,8769,8173,8192,
268.255,8672,8175,8226,
268.264,8600,8175,8231,
268.277,8589,8178,8228,
268.287,8586,8175,8231,
268.293,8581,8175,8231,
268.307,8576,8173,8226,
268.313,8578,8175,8223,
268.326,8576,8173,8228,
268.335,8565,8175,8223,
268.344,8565,8175,8221,
268.354,8570,8175,8223,
268.364,8570,8175,8223,
268.374,8573,8173,8223,
268.384,8553,8175,8221,
268.395,8556,8173,8221,
268.406,8556,8173,8223,
268.415,8562,8175,8223,
268.423,8573,8173,8221,
268.436,8630,8175,8205,
268.445,8716,8175,8195,
268.457,8616,8175,8221,
268.463,8565,8175,8218,
268.476,8549,8178,8226,
268.485,8541,8175,8218,
268.496,8530,8178,8221,
268.507,8538,8173,8216,
268.514,8536,8173,8221,
268.526,8527,8173,8216,
268.537,8522,8173,8216,
268.543,8519,8175,8216,
268.556,8517,8175,8213,
268.566,8514,8175,8221,
268.574,8522,8175,8216,
268.583,8519,8173,8213,
268.594,8519,8175,8218,
268.603,8527,8173,8216,
268.617,8527,8173,8218,
268.626,8536,8173,8218,
268.634,8578,8175,8208,
268.645,8697,8173,8187,
268.654,8656,8175,8208,
268.665,8556,8175,8221,
268.673,8562,8175,8221,
268.684,8530,8175,8218,
268.693,8527,8175,8213,
268.705,8522,8175,8213,
268.713,8525,8173,8216,
268.727,8514,8175,8213,
268.735,8514,8175,8213,
268.746,8509,8175,8213,
268.755,8503,8178,8213,
268.764,8503,8175,8210,
268.774,8498,8173,8210,
268.785,8495,8175,8210,
268.795,8495,8175,8210,
268.805,8492,8173,8210,
268.814,8490,8173,8210,
268.825,8495,8173,8205,
268.834,8527,8173,8203,
268.846,8611,8173,8190,
268.856,8567,8175,8205,
268.866,8487,8173,8216,
268.875,8479,8173,8213,
268.883,8484,8175,8210,
268.894,8473,8175,8208,
268.904,8471,8175,8208,
268.913,8461,8175,8208,
268.926,8461,8173,8208,
268.933,8455,8178,8205,
268.945,8455,8173,8205,
268.955,8455,8175,8205,
268.963,8452,8173,8203,
268.973,8452,8173,8208,
268.985,8447,8173,8205,
268.995,8444,8173,8200,
269.003,8436,8173,8200,
269.012,8428,8173,8200,
269.025,8428,8175,8200,
269.035,8452,8175,8192,
269.046,8525,8175,8182,
269.055,8463,8178,8195,
269.064,8406,8175,8200,
269.075,8396,8173,8200,
269.084,8393,8173,8200,
269.094,8390,8175,8198,
269.105,8387,8175,8200,
269.115,8387,8173,8198,
269.125,8382,8173,8198,
269.133,8377,8173,8198,
269.143,8372,8175,8198,
269.153,8366,8173,8198,
269.164,8364,8175,8192,
269.172,8358,8173,8190,
269.185,8356,8173,8192,
269.193,8347,8173,8192,
269.204,8345,8175,8190,
269.215,8339,8173,8190,
269.223,8334,8173,8190,
269.234,8345,8175,8187,
269.242,8385,8175,8180,
269.253,8337,8175,8187,
269.262,8307,8173,8185,
269.274,8299,8175,8185,
269.286,8285,8173,8185,
269.295,8283,8175,8185,
269.303,8271,8175,8182,
269.313,8260,8173,8180,
269.325,8246,8175,8182,
269.333,8233,8175,8177,
269.346,8219,8173,8177,
269.355,8203,8175,8174,
269.364,8188,8173,8174,
269.374,8174,8175,8172,
269.386,8166,8175,8172,
269.393,8139,8178,8182,
269.405,8128,8178,8174,
269.414,8109,8178,8174,
269.425,8088,8181,8177,
269.435,8055,8178,8174,
269.444,8009,8183,8174,
269.454,8018,8188,8174,
269.464,7991,8186,8180,
269.473,7975,8191,8174,
269.483,7961,8193,8174,
269.493,7948,8204,8174,
269.502,7926,8201,8174,
269.514,7906,8206,8177,
269.523,7889,8201,8174,
269.535,7867,8206,8174,
269.545,7854,8217,8174,
269.555,7848,8214,8180,
269.563,7812,8217,8172,
269.574,7809,8217,8177,
269.582,7812,8217,8177,
269.593,7791,8219,8174,
269.604,7773,8219,8172,
269.613,7760,8222,8169,
269.623,7754,8237,8174,
269.632,7686,8224,8174,
269.644,7594,8204,8177,
269.656,7649,8224,8180,
269.664,7694,8242,8182,
269.673,7679,8239,8174,
269.681,7688,8237,8177,
269.694,7691,8245,8177,
269.703,7668,8239,8174,
269.712,7668,8239,8177,
269.725,7686,8242,8182,
269.734,7691,8245,8174,
269.743,7696,8247,8174,
269.752,7688,8232,8177,
269.763,7694,8247,8174,
269.772,7696,8232,8182,
269.782,7694,8232,8174,
269.794,7694,8247,8177,
269.806,7702,8260,8172,
269.813,7699,8232,8174,
269.822,7686,8230,8177,
269.833,7641,8245,8174,
269.842,7547,8212,8172,
269.854,7566,8222,8167,
269.862,7674,8245,8169,
269.871,7676,8239,8177,
269.882,7691,8245,8174,
269.895,7688,8242,8174,
269.904,7715,8230,8177,
269.913,7696,8242,8172,
269.922,7729,8237,8172,
269.932,7710,8242,8172,
269.943,7696,8239,8167,
269.952,7696,8242,8172,
269.963,7696,8227,8169,
269.973,7696,8237,8172,
269.983,7696,8224,8172,
269.992,7702,8232,8172,
270.004,7691,8245,8167,
270.014,7721,8247,8167,
270.023,7707,8219,8169,
270.032,7624,8222,8174,
270.042,7581,8209,8174,
270.054,7605,8217,8174,
270.064,7688,8245,8177,
270.073,7710,8242,8172,
270.082,7713,8239,8180,
270.09,7721,8230,8174,
270.103,7721,8227,8177,
270.113,7718,8224,8174,
270.12,7715,8239,8174,
270.133,7724,8245,8172,
270.143,7729,8224,8177,
270.152,7729,8232,8174,
270.161,7735,8237,8177,
270.174,7752,8222,8180,
270.183,7762,8224,8177,
270.191,7776,8222,8172,
270.204,7765,8232,8174,
270.21,7754,8232,8177,
270.224,7743,8230,8177,
270.232,7702,8201,8169,
270.241,7641,8212,8177,
270.251,7655,8212,8177,
270.263,7741,8237,8177,
270.273,7749,8222,8172,
270.284,7757,8222,8172,
270.29,7754,8230,8177,
270.3,7768,8219,8174,
270.312,7765,8222,8172,
270.324,7762,8222,8172,
270.33,7768,8227,8177,
270.345,7765,8227,8174,
270.352,7773,8227,8169,
270.363,7784,8232,8174,
270.372,7801,8230,8172,
270.384,7799,8224,8177,
270.39,7796,8230,8172,
270.402,7809,8217,8172,
270.414,7793,8219,8169,
270.421,7799,8232,8180,
270.433,7713,8191,8174,
270.441,7682,8204,8169,
270.453,7743,8217,8174,
270.464,7781,8217,8177,
270.472,7784,8227,8174,
270.48,7807,8217,8174,
270.494,7818,8219,8174,
270.502,7809,8224,8177,
270.512,7807,8224,8172,
270.523,7812,8224,8172,
270.532,7820,8224,8172,
270.541,7824,8217,8172,
270.552,7812,8230,8177,
270.564,7807,8222,8177,
270.57,7820,8227,8174,
270.584,7815,8222,8174,
270.589,7815,8217,8174,
270.601,7809,8217,8172,
270.613,7827,8214,8174,
270.623,7820,8217,8172,
270.629,7784,8201,8169,
270.643,7718,8206,8172,
270.653,7760,8209,8172,
270.663,7838,8222,8177,
270.674,7820,8224,8180,
270.68,7832,8222,8177,
270.695,7827,8217,8177,
270.702,7843,8199,8172,
270.712,7854,8214,8174,
270.722,7865,8214,8174,
270.73,7854,8214,8174,
270.743,7851,8209,8174,
270.751,7873,8206,8174,
270.763,7870,8206,8174,
270.774,7873,8206,8174,
270.78,7884,8201,8177,
270.793,7884,8206,8174,
270.802,7893,8212,8174,
270.812,7909,8199,8174,
270.822,7918,8199,8177,
270.832,7895,8196,8174,
270.842,7870,8193,8174,
270.851,7906,8193,8180,
270.863,7972,8196,8177,
270.87,8007,8193,8177,
270.881,8018,8188,8174,
270.891,8042,8186,8177,
270.901,8061,8183,8174,
270.912,8088,8181,8174,
270.922,8114,8175,8174,
270.932,8133,8178,8174,
270.942,8155,8175,8177,
270.953,8174,8173,8174,
270.962,8192,8170,8174,
270.973,8198,8173,8174,
270.981,8318,8196,8174,
270.993,8230,8175,8172,
271.002,8252,8173,8182,
271.013,8271,8173,8185,
271.02,8283,8175,8185,
271.032,8307,8175,8185,
271.042,8353,8173,8180,
271.053,8337,8173,8187,
271.059,8326,8173,8185,
271.073,8331,8175,8190,
271.082,8342,8175,8190,
271.091,8350,8175,8195,
271.1,8358,8173,8195,
271.109,8372,8175,8198,
271.12,8385,8175,8195,
271.129,8398,8175,8200,
271.142,8406,8175,8200,
271.151,8412,8173,8200,
271.163,8423,8175,8203,
271.171,8433,8175,8203,
271.182,8444,8175,8203,
271.19,8447,8175,8208,
271.201,8473,8175,8208,
271.211,8490,8175,8210,
271.223,8511,8175,8210,
271.231,8538,8175,8208,
271.241,8616,8175,8203,
271.249,8597,8175,8216,
271.263,8570,8173,8226,
271.272,8578,8173,8226,
271.281,8589,8173,8223,
271.29,8597,8173,8228,
271.302,8605,8178,8226,
271.313,8627,8173,8231,
271.321,8622,8175,8231,
271.33,8632,8173,8235,
271.341,8642,8173,8241,
271.35,8639,8175,8241,
271.362,8642,8175,8241,
271.372,8664,8173,8243,
271.381,8659,8173,8243,
271.392,8661,8175,8238,
271.401,8672,8175,8235,
271.41,8672,8173,8248,
271.42,8702,8175,8243,
271.431,8785,8173,8216,
271.44,8841,8173,8210,
271.448,8774,8175,8238,
271.459,8713,8175,8241,
271.471,8707,8175,8246,
271.481,8707,8173,8241,
271.489,8705,8173,8243,
271.503,8733,8175,8246,
271.512,8707,8175,8248,
271.52,8691,8173,8254,
271.529,8699,8173,8243,
271.54,8702,8175,8256,
271.55,8697,8173,8251,
271.562,8680,8173,8254,
271.574,8691,8175,8251,
271.581,8699,8173,8254,
271.59,8694,8175,8248,
271.602,8689,8173,8254,
271.611,8710,8173,8243,
271.619,8702,8173,8261,
271.631,8769,8173,8213,
271.64,8874,8175,8203,
271.65,8802,8173,8228,
271.659,8702,8173,8254,
271.671,8707,8173,8256,
271.68,8691,8173,8248,
271.69,8694,8173,8248,
271.698,8670,8178,8246,
271.711,8678,8173,8246,
271.72,8678,8173,8248,
271.731,8672,8175,8246,
271.741,8661,8175,8251,
271.75,8667,8175,8254,
271.761,8661,8173,8251,
271.768,8659,8173,8246,
271.78,8661,8173,8243,
271.79,8661,8173,8241,
271.799,8644,8173,8246,
271.813,8659,8173,8238,
271.82,8664,8175,8246,
271.83,8733,8175,8221,
271.841,8822,8175,8198,
271.849,8738,8175,8241,
271.861,8670,8173,8241,
271.869,8650,8173,8241,
271.88,8642,8173,8241,
271.891,8635,8173,8241,
271.9,8642,8175,8241,
271.91,8639,8175,8238,
271.92,8642,8173,8241,
271.928,8622,8173,8238,
271.941,8622,8173,8235,
271.95,8627,8173,8238,
271.958,8622,8173,8243,
271.969,8619,8173,8235,
271.981,8622,8175,8235,
271.991,8608,8175,8226,
272.002,8605,8173,8228,
272.008,8603,8175,8228,
272.019,8605,8173,8228,
272.03,8656,8173,8223,
272.04,8745,8173,8198,
272.049,8705,8178,8228,
272.061,8608,8175,8228,
272.07,8594,8173,8226,
272.08,8586,8175,8226,
272.09,8565,8175,8228,
272.099,8562,8175,8231,
272.11,8567,8173,8226,
272.12,8565,8173,8223,
272.13,8562,8175,8221,
272.141,8562,8173,8218,
272.15,8549,8175,8223,
272.16,8538,8175,8221,
272.169,8530,8175,8221,
272.179,8538,8178,8218,
272.189,8530,8175,8221,
272.199,8527,8175,8221,
272.211,8525,8175,8221,
272.22,8530,8173,8216,
272.23,8584,8173,8210,
272.241,8670,8175,8187,
272.248,8589,8175,8210,
272.261,8527,8175,8218,
272.269,8514,8173,8213,
272.28,8511,8173,8210,
272.29,8509,8173,8213,
272.3,8509,8173,8213,
272.31,8500,8175,8213,
272.32,8492,8173,8213,
272.329,8490,8173,8216,
272.34,8484,8175,8213,
272.35,8484,8173,8210,
272.359,8476,8173,8213,
272.37,8473,8170,8208,
272.381,8463,8173,8208,
272.389,8473,8173,8210,
272.399,8461,8175,8208,
272.408,8452,8173,8208,
272.419,8447,8175,8205,
272.428,8461,8175,8198,
272.439,8525,8173,8185,
272.45,8490,8173,8195,
272.46,8417,8175,8198,
272.471,8404,8173,8200,
272.479,8393,8175,8198,
272.488,8385,8175,8198,
272.502,8387,8175,8198,
272.508,8382,8175,8195,
272.52,8385,8175,8198,
272.529,8390,8175,8195,
272.539,8385,8173,8198,
272.55,8390,8173,8195,
272.56,8382,8173,8198,
272.568,8377,8173,8195,
272.581,8366,8175,8195,
272.591,8366,8173,8192,
272.599,8358,8173,8192,
272.61,8358,8175,8192,
272.62,8356,8173,8190,
272.63,8385,8173,8185,
272.638,8436,8173,8174,
272.65,8406,8175,8185,
272.661,8342,8175,8190,
272.669,8337,8173,8190,
272.679,8329,8173,8187,
272.689,8318,8175,8190,
272.699,8312,8175,8187,
272.709,8307,8175,8185,
272.718,8304,8175,8187,
272.73,8296,8175,8185,
272.738,8288,8175,8187,
272.749,8283,8175,8187,
272.758,8276,8173,8185,
272.768,8268,8173,8185,
272.778,8260,8175,8185,
272.788,8252,8175,8182,
272.799,8238,8173,8182,
272.808,8230,8175,8180,
272.82,8217,8175,8180,
272.829,8200,8175,8177,
272.841,8188,8175,8169,
272.849,8168,8173,8174,
272.859,8158,8175,8177,
272.87,8120,8181,8172,
272.879,8103,8181,8174,
272.888,8085,8183,8174,
272.9,8066,8183,8174,
272.909,8050,8186,8174,
272.921,8023,8188,8174,
272.928,7991,8191,8174,
272.939,7967,8193,8180,
272.949,7937,8199,8180,
272.96,7912,8201,8177,
272.97,7878,8209,8177,
272.982,7867,8212,8177,
272.989,7843,8214,8180,
272.999,7818,8219,8177,
273.009,7791,8224,8180,
273.019,7776,8212,8177,
273.028,7718,8209,8177,
273.038,7629,8204,8177,
273.047,7647,8217,8174,
273.058,7710,8232,8174,
273.067,7710,8227,8174,
273.079,7702,8232,8177,
273.088,7668,8242,8169,
273.1,7710,8232,8174,
273.106,7682,8242,8169,
273.119,7671,8232,8172,
273.127,7668,8237,8177,
273.14,7688,8232,8169,
273.147,7655,8247,8172,
273.158,7649,8252,8172,
273.168,7649,8245,8174,
273.18,7632,8250,8182,
273.186,7674,8252,8172,
273.199,7627,8255,8177,
273.208,7616,8250,8167,
273.218,7616,8250,8180,
273.229,7541,8222,8180,
273.239,7461,8222,8169,
273.249,7484,8219,8167,
273.26,7592,8252,8174,
273.269,7600,8255,8169,
273.279,7611,8263,8177,
273.287,7583,8265,8177,
273.299,7592,8252,8174,
273.309,7619,8276,8180,
273.317,7613,8250,8174,
273.326,7608,8270,8180,
273.34,7586,8252,8174,
273.35,7624,8260,8177,
273.358,7578,8257,8180,
273.369,7581,8273,8182,
273.38,7583,8263,8174,
273.389,7589,8250,8180,
273.399,7583,8268,8177,
273.41,7566,8255,8180,
273.419,7561,8255,8172,
273.429,7476,8247,8174,
273.438,7371,8230,8180,
273.447,7393,8224,8177,
273.459,7481,8263,8177,
273.468,7508,8276,8177,
273.477,7553,8257,8174,
273.487,7527,8250,8174,
273.496,7516,8252,8185,
273.51,7527,8278,8169,
273.519,7530,8268,8180,
273.526,7530,8270,8185,
273.538,7555,8273,8177,
273.547,7541,8273,8174,
273.557,7527,8270,8177,
273.568,7538,8263,8174,
273.578,7555,8255,8180,
273.587,7547,8276,8177,
273.598,7484,8273,8177,
273.606,7514,8288,8177,
273.619,7508,8268,8180,
273.625,7456,8252,8172,
273.637,7339,8224,8177,
273.65,7379,8239,8180,
273.659,7461,8247,8172,
273.669,7459,8265,8177,
273.678,7497,8294,8172,
273.687,7516,8270,8177,
273.698,7547,8291,8180,
273.707,7581,8263,8180,
273.718,7506,8268,8180,
273.728,7514,8294,8172,
273.738,7525,8257,8174,
273.747,7514,8281,8174,
273.758,7541,8265,8177,
273.769,7497,8288,8180,
273.776,7527,8268,8180,
273.788,7563,8270,8174,
273.799,7530,8283,8185,
273.809,7572,8283,8174,
273.818,7561,8265,8177,
273.828,7525,8247,8177,
273.838,7412,8227,8167,
273.846,7420,8230,8174,
273.859,7553,8265,8177,
273.868,7558,8252,8177,
273.876,7544,8263,8172,
273.887,7563,8260,8177,
273.9,7581,8268,8169,
273.906,7563,8265,8177,
273.917,7566,8270,8177,
273.927,7541,8276,8174,
273.938,7581,8265,8180,
273.947,7621,8270,8177,
273.957,7563,8276,8169,
273.967,7624,8273,8182,
273.976,7572,8257,8177,
273.986,7581,8252,8177,
273.998,7608,8245,8172,
274.006,7613,8265,8177,
274.017,7641,8255,8187,
274.028,7558,8230,8174,
274.036,7484,8222,8169,
274.05,7481,8219,8182,
274.056,7627,8252,8174,
274.066,7602,8255,8167,
274.075,7621,8247,8174,
274.09,7629,8230,8177,
274.096,7647,8257,8169,
274.107,7668,8252,8172,
274.118,7660,8237,8172,
274.126,7660,8252,8172,
274.137,7663,8242,8177,
274.146,7663,8250,8182,
274.157,7668,8232,8172,
274.167,7686,8255,8174,
274.178,7663,8242,8174,
274.187,7655,8263,8174,
274.199,7647,8250,8177,
274.207,7660,8227,8177,
274.217,7632,8255,8174,
274.226,7574,8232,8177,
274.238,7522,8224,8172,
274.247,7572,8237,8174,
274.256,7621,8245,8177,
274.266,7627,8257,8172,
274.276,7629,8219,8185,
274.288,7639,8245,8180,
274.298,7655,8255,8174,
274.307,7639,8247,8177,
274.315,7658,8263,8174,
274.327,7641,8257,8180,
274.335,7619,8260,8180,
274.346,7639,8242,8174,
274.357,7639,8252,8177,
274.368,7655,8247,8182,
274.378,7671,8250,8177,
274.387,7652,8250,8180,
274.396,7666,8252,8177,
274.406,7660,8227,8180,
274.418,7660,8242,8177,
274.425,7608,8230,8172,
274.437,7533,8222,8182,
274.446,7553,8217,8177,
274.456,7658,8245,8185,
274.465,7663,8245,8180,
274.474,7676,8252,8180,
274.485,7655,8237,8180,
274.498,7660,8242,8180,
274.507,7686,8245,8180,
274.516,7696,8242,8172,
274.525,7691,8237,8174,
274.535,7699,8255,8182,
274.548,7694,8260,8172,
274.558,7686,8239,8177,
274.568,7707,8239,8180,
274.576,7702,8232,8177,
274.586,7705,8242,8172,
274.598,7707,8245,8180,
274.606,7749,8245,8169,
274.617,7735,8227,8172,
274.626,7652,8227,8177,
274.636,7619,8206,8167,
274.646,7696,8230,8174,
274.657,7713,8222,8169,
274.666,7710,8232,8174,
274.676,7718,8227,8177,
274.685,7738,8227,8174,
274.696,7752,8245,8177,
274.706,7762,8247,8169,
274.715,7765,8222,8169,
274.727,7771,8227,8177,
274.735,7765,8232,8177,
274.747,7771,8230,8177,
274.756,7781,8224,8172,
274.766,7801,8222,8172,
274.775,7809,8227,8177,
274.784,7807,8214,8180,
274.796,7832,8222,8180,
274.807,7851,8206,8177,
274.815,7835,8206,8177,
274.828,7796,8191,8177,
274.837,7793,8201,8180,
274.846,7815,8201,8174,
274.858,7875,8214,8174,
274.867,7873,8212,8172,
274.876,7895,8209,8177,
274.886,7889,8196,8174,
274.897,7904,8204,8174,
274.906,7915,8206,8174,
274.918,7915,8209,8174,
274.924,7912,8204,8174,
274.935,7921,8206,8174,
274.945,7923,8204,8174,
274.957,7923,8212,8174,
274.967,7929,8201,8174,
274.976,7934,8196,8174,
274.986,7937,8196,8174,
274.997,7945,8199,8177,
275.006,7959,8201,8174,
275.016,7983,8199,8174,
275.025,7959,8191,8174,
275.036,7961,8191,8174,
275.044,8020,8186,8174,
275.056,8050,8181,8169,
275.071,8074,8178,8174,
275.074,8103,8181,8174,
275.085,8125,8178,8174,
275.096,8141,8175,8177,
275.106,8155,8175,8177,
275.116,8168,8173,8177,
275.126,8179,8173,8177,
275.137,8185,8173,8177,
275.147,8188,8173,8177,
275.156,8192,8173,8177,
275.166,8246,8186,8169,
275.177,8211,8175,8177,
275.185,8211,8173,8180,
275.195,8206,8173,8177,
275.205,8203,8173,8177,
275.214,8198,8173,8174,
275.225,8192,8175,8174,
275.237,8188,8173,8174,
275.245,8179,8175,8174,
275.256,8179,8175,8174,
275.266,8179,8175,8177,
275.274,8179,8173,8177,
275.284,8179,8175,8174,
275.296,8179,8173,8174,
275.306,8179,8175,8177,
275.317,8179,8173,8174,
275.326,8179,8175,8177,
275.336,8179,8173,8174,
275.344,8179,8175,8174,
275.356,8182,8175,8174,
275.367,8179,8175,8174,
275.375,8179,8175,8174,
275.386,8179,8173,8174,
275.395,8179,8175,8174,
275.405,8179,8173,8174,
275.417,8182,8173,8174,
275.425,8182,8175,8174,
275.436,8182,8175,8174,
275.447,8182,8175,8172,
275.454,8182,8175,8174,
275.467,8182,8173,8177,
275.475,8182,8173,8174,
275.487,8179,8173,8174,
275.493,8179,8173,8177,
275.506,8177,8173,8174,
275.515,8177,8175,8174,
275.526,8177,8173,8174,
275.536,8179,8173,8174,
275.546,8179,8173,8174,
275.556,8179,8175,8174,
275.567,8179,8175,8174,
275.574,8179,8173,8174,
275.584,8177,8173,8174,
275.596,8179,8173,8177,
275.606,8179,8173,8180,
275.616,8177,8175,8177,
275.624,8179,8175,8177,
275.633,8179,8173,8177,
275.645,8179,8175,8180,
275.655,8179,8173,8177,
275.665,8179,8173,8177,
275.677,8179,8175,8177,
275.685,8179,8175,8177,
275.696,8177,8175,8177,
275.705,8177,8175,8174,
275.716,8177,8173,8174,
275.726,8177,8173,8174,
275.736,8177,8175,8174,
275.744,8174,8175,8174,
275.755,8177,8173,8174,
275.765,8177,8173,8174,
275.775,8174,8173,8174,
275.786,8174,8173,8174,
275.795,8174,8175,8174,
275.806,8174,8173,8177,
275.815,8174,8173,8177,
275.824,8174,8175,8177,
275.833,8174,8173,8177,
275.846,8174,8175,8177,
275.854,8177,8178,8174,
275.864,8177,8178,8177,
275.874,8177,8175,8177,
275.883,8179,8175,8177,
275.895,8179,8175,8177,
275.905,8179,8178,8177,
275.915,8177,8178,8174,
275.925,8179,8178,8174,
275.936,8177,8175,8174,
275.944,8177,8175,8174,
275.954,8174,8175,8174,
275.964,8174,8173,8174,
275.975,8174,8173,8174,
275.984,8174,8175,8174,
275.997,8174,8175,8174,
276.004,8174,8175,8174,
276.016,8174,8175,8174,
276.025,8177,8175,8174,
276.034,8174,8175,8174,
276.044,8174,8175,8174,
276.054,8177,8175,8174,
276.066,8177,8175,8177,
276.075,8179,8175,8174,
276.083,8177,8175,8174,
276.093,8177,8173,8174,
276.105,8177,8173,8174,
276.117,8177,8173,8174,
276.128,8177,8173,8177,
276.133,8177,8175,8174,
276.143,8177,8173,8174,
276.155,8177,8173,8174,
276.165,8177,8175,8174,
276.175,8177,8173,8174,
276.186,8177,8175,8174,
276.196,8177,8175,8174,
276.204,8177,8173,8174,
276.213,8177,8173,8177,
276.223,8179,8175,8177,
276.236,8177,8173,8174,
276.244,8179,8173,8177,
276.255,8177,8175,8177,
276.263,8177,8173,8180,
276.275,8179,8173,8177,
276.282,8177,8175,8177,
276.296,8177,8173,8177,
276.302,8177,8173,8180,
276.314,8177,8175,8180,
276.324,8177,8173,8177,
276.333,8179,8173,8177,
276.345,8177,8175,8177,
276.354,8177,8175,8177,
276.363,8177,8175,8177,
276.375,8177,8175,8177,
276.383,8177,8173,8177,
276.393,8177,8175,8177,
276.402,8177,8173,8177,
276.414,8179,8173,8177,
276.424,8177,8173,8174,
276.435,8179,8173,8174,
276.445,8177,8173,8174,
276.455,8177,8173,8174,
276.464,8177,8173,8174,
276.477,8174,8175,8174,
276.485,8177,8175,8174,
276.494,8174,8173,8174,
276.503,8174,8173,8174,
276.512,8174,8173,8174,
276.523,8174,8173,8174,
276.534,8174,8175,8174,
276.545,8177,8173,8174,
276.551,8177,8173,8174,
276.563,8174,8175,8174,
276.574,8177,8175,8174,
276.582,8177,8173,8174,
276.594,8174,8173,8177,
276.603,8177,8175,8174,
276.612,8177,8173,8177,
276.623,8174,8175,8174,
276.634,8177,8175,8174,
276.643,8177,8175,8174,
276.654,8174,8173,8174,
276.664,8174,8173,8174,
276.675,8174,8173,8174,
276.682,8177,8175,8174,
276.694,8174,8173,8174,
276.705,8174,8173,8174,
276.716,8174,8175,8174,
276.722,8174,8173,8174,
276.732,8177,8173,8174,
276.744,8174,8175,8174,
276.756,8174,8175,8174,
276.764,8174,8173,8174,
276.774,8174,8173,8174,
276.782,8174,8173,8174,
276.793,8174,8173,8174,
276.805,8174,8175,8174,
276.812,8174,8175,8174,
276.824,8174,8175,8174,
276.831,8171,8173,8174,
276.843,8174,8175,8174,
276.854,8174,8175,8174,
276.864,8174,8173,8174,
276.873,8174,8175,8177,
276.883,8174,8175,8174,
276.893,8177,8175,8177,
276.902,8177,8173,8174,
276.914,8177,8173,8174,
276.924,8177,8175,8174,
276.934,8177,8175,8174,
276.944,8177,8175,8174,
276.954,8177,8175,8174,
276.963,8177,8175,8174,
276.971,8177,8175,8174,
276.981,8177,8175,8174,
276.996,8177,8175,8174,
277.002,8179,8173,8177,
277.012,8179,8175,8174,
277.021,8177,8175,8174,
277.032,8177,8175,8174,
277.044,8177,8175,8177,
277.054,8177,8173,8172,
277.063,8177,8173,8174,
277.074,8179,8175,8174,
277.082,8179,8173,8174,
277.093,8179,8173,8174,
277.102,8177,8175,8174,
277.111,8179,8175,8174,
277.123,8177,8175,8174,
277.135,8177,8175,8174,
277.145,8177,8175,8174,
277.151,8177,8173,8174,
277.162,8177,8175,8174,
277.172,8177,8175,8174,
277.181,8177,8173,8174,
277.193,8177,8173,8174,
277.203,8177,8175,8174,
277.213,8177,8173,8177,
277.223,8177,8173,8174,
277.233,8177,8170,8174,
277.241,8177,8175,8174,
277.253,8174,8175,8172,
277.264,8177,8173,8174,
277.273,8177,8173,8174,
277.284,8177,8173,8174,
277.293,8177,8173,8174,
277.304,8179,8175,8174,
277.312,8174,8173,8174,
277.322,8177,8175,8174,
277.332,8174,8173,8174,
277.343,8174,8175,8180,
277.353,8174,8175,8180,
277.362,8174,8175,8177,
277.372,8174,8175,8177,
277.383,8174,8175,8180,
277.394,8174,8175,8177,
277.405,8174,8175,8177,
277.411,8174,8173,8177,
277.422,8179,8175,8177,
277.431,8179,8170,8177,
277.444,8177,8175,8174,
277.452,8177,8173,8174,
277.462,8177,8173,8174,
277.473,8177,8175,8174,
277.482,8177,8173,8177,
277.492,8177,8175,8174,
277.502,8177,8175,8174,
277.513,8177,8173,8174,
277.521,8177,8175,8177,
277.53,8177,8173,8174,
277.54,8177,8173,8174,
277.554,8177,8173,8177,
277.564,8177,8175,8174,
277.572,8177,8175,8174,
277.581,8177,8173,8174,
277.592,8177,8173,8174,
277.602,8177,8175,8174,
277.612,8179,8175,8177,
277.622,8174,8175,8174,
277.63,8174,8175,8174,
277.642,8177,8175,8177,
277.654,8177,8173,8174,
277.66,8177,8173,8180,
277.673,8174,8173,8177,
277.682,8174,8173,8177,
277.693,8177,8173,8177,
277.704,8174,8173,8177,
277.711,8174,8175,8177,
277.722,8174,8173,8180,
277.731,8179,8175,8177,
277.742,8177,8175,8180,
277.75,8179,8173,8174,
277.763,8177,8173,8174,
277.772,8179,8175,8174,
277.782,8179,8173,8174,
277.791,8177,8175,8174,
277.802,8177,8173,8174,
277.811,8177,8173,8174,
277.82,8177,8175,8174,
277.83,8174,8175,8174,
277.843,8174,8175,8174,
277.852,8174,8175,8177,
277.861,8174,8175,8174,
277.873,8174,8175,8177,
277.88,8174,8173,8174,
277.893,8174,8175,8177,
277.903,8174,8175,8174,
277.912,8174,8175,8174,
277.921,8174,8173,8174,
277.932,8174,8173,8174,
277.941,8177,8175,8174,
277.952,8177,8173,8174,
277.963,8179,8175,8174,
277.973,8177,8175,8177,
277.981,8179,8175,8174,
277.991,8177,8175,8174,
278,8177,8173,8174,
278.01,8177,8173,8174,
278.022,8179,8173,8174,
278.032,8177,8168,8174,
278.042,8179,8173,8174,
278.051,8177,8173,8174,
278.061,8177,8175,8174,
278.071,8177,8173,8177,
278.08,8177,8173,8174,
278.09,8177,8173,8177,
278.101,8179,8175,8174,
278.113,8177,8173,8174,
278.12,8177,8173,8174,
278.13,8177,8173,8174,
278.142,8177,8175,8174,
278.154,8174,8175,8174,
278.162,8177,8173,8174,
278.174,8177,8175,8174,
278.18,8177,8175,8174,
278.19,8177,8175,8174,
278.201,8177,8175,8174,
278.21,8177,8173,8177,
278.222,8177,8175,8174,
278.231,8177,8178,8174,
278.243,8177,8175,8177,
278.251,8174,8173,8174,
278.261,8174,8175,8174,
278.271,8174,8173,8174,
278.283,8174,8175,8174,
278.293,8174,8173,8174,
278.3,8174,8173,8174,
278.31,8174,8175,8177,
278.321,8174,8173,8174,
278.331,8174,8173,8177,
278.344,8174,8173,8174,
278.353,8174,8173,8174,
278.361,8177,8175,8177,
278.372,8177,8175,8177,
278.383,8177,8178,8174,
278.391,8177,8178,8174,
278.403,8177,8175,8174,
278.413,8177,8178,8174,
278.42,8177,8178,8174,
278.431,8179,8181,8172,
278.439,8179,8178,8177,
278.453,8177,8178,8177,
278.462,8174,8175,8177,
278.471,8174,8175,8174,
278.482,8177,8175,8174,
278.493,8174,8173,8177,
278.503,8174,8175,8177,
278.513,8174,8173,8174,
278.521,8174,8175,8177,
278.532,8174,8175,8174,
278.544,8174,8175,8174,
278.554,8174,8175,8174,
278.562,8174,8175,8174,
278.571,8177,8175,8174,
278.581,8177,8173,8174,
278.592,8177,8175,8174,
278.601,8177,8175,8174,
278.61,8177,8173,8174,
278.621,8179,8175,8174,
278.632,8177,8175,8177,
278.642,8177,8173,8177,
278.652,8174,8175,8174,
278.661,8177,8173,8177,
278.671,8179,8173,8174,
278.682,8177,8173,8174,
278.691,8177,8173,8174,
278.699,8177,8173,8174,
278.711,8179,8175,8174,
278.722,8177,8173,8174,
278.732,8177,8173,8174,
278.74,8179,8173,8174,
278.753,8177,8173,8177,
278.76,8177,8175,8174,
278.768,8179,8173,8174,
278.78,8179,8175,8174,
278.791,8179,8173,8177,
278.799,8179,8175,8174,
278.809,8179,8173,8174,
278.82,8179,8175,8174,
278.83,8177,8175,8174,
278.841,8179,8173,8174,
278.852,8177,8173,8174,
278.86,8177,8173,8174,
278.873,8177,8173,8174,
278.879,8177,8175,8174,
278.892,8177,8175,8174,
278.898,8177,8175,8174,
278.912,8177,8175,8174,
278.918,8177,8178,8174,
278.932,8177,8175,8174,
278.94,8177,8178,8174,
278.95,8177,8175,8174,
278.96,8177,8178,8174,
278.972,8177,8178,8174,
278.982,8177,8175,8174,
278.99,8177,8173,8174,
279.003,8179,8175,8174,
279.01,8177,8175,8177,
279.021,8179,8175,8174,
279.03,8177,8175,8172,
279.041,8177,8175,8174,
279.05,8177,8173,8174,
279.063,8179,8173,8174,
279.07,8179,8173,8174,
279.081,8179,8175,8174,
279.091,8177,8175,8174,
279.101,8177,8173,8174,
279.112,8177,8175,8177,
279.119,8177,8175,8174,
279.131,8177,8175,8174,
279.139,8177,8173,8174,
279.152,8177,8175,8174,
279.161,8177,8173,8174,
279.171,8179,8173,8174,
279.182,8174,8173,8174,
279.191,8177,8173,8174,
279.201,8177,8173,8174,
279.211,8177,8173,8174,
279.222,8179,8175,8174,
279.231,8177,8173,8172,
279.24,8179,8173,8177,
279.252,8179,8175,8177,
279.261,8179,8175,8174,
279.273,8177,8173,8177,
279.28,8177,8173,8174,
279.292,8177,8175,8177,
279.299,8177,8173,8177,
279.31,8177,8175,8180,
279.322,8177,8173,8177,
279.329,8177,8175,8177,
279.34,8177,8173,8177,
279.351,8177,8173,8180,
279.361,8177,8175,8180,
279.37,8177,8173,8177,
279.379,8177,8175,8180,
279.391,8177,8175,8174,
279.403,8177,8173,8174,
279.41,8177,8175,8174,
279.419,8177,8175,8177,
279.43,8177,8175,8174,
279.441,8177,8175,8172,
279.45,8177,8173,8174,
279.459,8177,8173,8174,
279.469,8177,8173,8177,
279.479,8177,8175,8174,
279.491,8177,8173,8174,
279.497,8177,8175,8174,
279.512,8177,8175,8177,
279.52,8179,8173,8174,
279.531,8177,8173,8177,
279.54,8177,8173,8174,
279.55,8177,8175,8174,
279.559,8177,8175,8174,
279.571,8177,8173,8174,
279.582,8177,8175,8174,
279.589,8177,8173,8174,
279.6,8177,8173,8177,
279.609,8177,8173,8174,
279.62,8174,8175,8177,
279.63,8177,8173,8177,
279.639,8177,8175,8174,
279.651,8179,8173,8174,
279.661,8177,8173,8174,
279.669,8177,8175,8174,
279.679,8177,8175,8174,
279.694,8177,8175,8174,
279.701,8177,8175,8174,
279.707,8177,8173,8174,
279.72,8177,8175,8174,
279.729,8177,8173,8174,
279.739,8177,8175,8174,
279.749,8177,8175,8174,
279.761,8177,8175,8174,
279.769,8177,8173,8174,
279.779,8177,8173,8174,
279.791,8177,8175,8177,
279.799,8177,8175,8174,
279.809,8179,8175,8177,
279.818,8177,8175,8174,
279.83,8177,8175,8177,
279.838,8177,8175,8174,
279.849,8179,8175,8177,
279.86,8179,8175,8174,
279.868,8177,8175,8174,
279.878,8177,8175,8174,
279.888,8177,8173,8174,
279.897,8179,8175,8174,
279.911,8177,8175,8174,
279.92,8177,8173,8174,
279.929,8177,8173,8174,
279.938,8177,8173,8174,
279.95,8177,8175,8174,
279.96,8177,8175,8177,
279.969,8177,8173,8174,
279.979,8177,8173,8174,
279.989,8177,8173,8174,
280,8177,8173,8174,
280.008,8177,8173,8174,
280.019,8177,8175,8174,
280.029,8171,8175,8177,
280.039,8174,8175,8174,
280.05,8171,8173,8174,
280.06,8174,8175,8174,
280.068,8174,8175,8174,
280.077,8174,8175,8174,
280.088,8171,8175,8174,
280.097,8174,8173,8174,
280.108,8174,8175,8174,
280.12,8174,8175,8174,
280.129,8177,8173,8174,
280.14,8177,8173,8174,
280.151,8177,8173,8174,
280.159,8177,8175,8174,
280.167,8177,8175,8174,
280.178,8177,8175,8174,
280.189,8179,8175,8177,
280.198,8177,8173,8174,
280.209,8179,8175,8177,
280.217,8177,8175,8180,
280.228,8177,8178,8177,
280.24,8171,8175,8177,
280.247,8171,8173,8177,
280.258,8174,8173,8174,
280.267,8174,8175,8177,
280.281,8174,8175,8177,
280.287,8174,8173,8177,
280.3,8174,8173,8177,
280.309,8174,8175,8177,
280.319,8174,8173,8177,
280.329,8174,8175,8177,
280.338,8177,8173,8180,
280.346,8177,8175,8177,
280.361,8177,8173,8180,
280.37,8177,8175,8177,
280.38,8177,8173,8177,
280.388,8174,8175,8177,
280.398,8177,8173,8180,
280.408,8177,8175,8177,
280.42,8177,8175,8174,
280.429,8174,8173,8174,
280.439,8177,8175,8174,
280.447,8188,8173,8177,
280.46,8182,8175,8174,
280.472,8177,8175,8174,
280.479,8177,8175,8174,
280.488,8177,8173,8174,
280.498,8177,8173,8174,
280.509,8177,8173,8174,
280.518,8177,8173,8174,
280.529,8177,8173,8174,
280.539,8177,8175,8174,
280.55,8177,8175,8174,
280.556,8177,8175,8174,
280.569,8174,8173,8174,
280.578,8174,8175,8177,
280.59,8174,8175,8174,
280.599,8174,8173,8177,
280.609,8177,8173,8177,
280.618,8174,8175,8177,
280.629,8174,8175,8177,
280.636,8177,8173,8174,
280.647,8174,8173,8174,
280.658,8174,8175,8177,
280.668,8177,8173,8174,
280.68,8177,8175,8174,
280.686,8177,8175,8174,
280.697,8177,8173,8174,
280.708,8177,8175,8174,
280.717,8177,8173,8174,
280.727,8177,8173,8174,
280.738,8177,8173,8174,
280.747,8179,8175,8174,
280.759,8174,8173,8174,
280.768,8174,8173,8174,
280.777,8174,8173,8174,
280.788,8174,8175,8174,
280.797,8174,8173,8174,
280.811,8177,8173,8177,
280.817,8177,8175,8177,
280.828,8174,8173,8174,
280.837,8174,8175,8174,
280.849,8174,8175,8177,
280.857,8177,8175,8174,
280.87,8177,8173,8174,
280.88,8177,8173,8174,
280.889,8177,8175,8174,
280.901,8177,8173,8174,
280.907,8177,8173,8174,
280.918,8177,8175,8174,
280.926,8177,8175,8174,
280.938,8179,8175,8174,
280.95,8177,8173,8174,
280.956,8177,8173,8174,
280.966,8179,8173,8174,
280.98,8177,8173,8174,
280.986,8177,8175,8174,
280.999,8177,8175,8177,
281.007,8177,8173,8174,
281.019,8179,8175,8174,
281.029,8177,8175,8174,
281.039,8177,8175,8174,
281.049,8177,8175,8177,
281.059,8177,8173,8174,
281.067,8177,8175,8174,
281.079,8177,8173,8177,
281.088,8177,8178,8177,
281.098,8177,8178,8174,
281.107,8177,8175,8177,
281.117,8177,8178,8174,
281.129,8177,8175,8177,
281.137,8177,8175,8174,
281.147,8177,8175,8174,
281.156,8177,8175,8174,
281.168,8177,8175,8174,
281.177,8177,8178,8174,
281.187,8177,8175,8174,
281.197,8177,8173,8174,
281.208,8179,8175,8174,
281.217,8179,8175,8177,
281.228,8179,8175,8172,
281.239,8179,8175,8174,
281.246,8177,8175,8180,
281.258,8177,8173,8177,
281.268,8179,8175,8174,
281.28,8177,8175,8174,
281.288,8177,8175,8174,
281.297,8179,8175,8174,
281.308,8177,8175,8174,
281.317,8177,8175,8174,
281.325,8177,8173,8174,
281.336,8177,8173,8174,
281.348,8177,8175,8174,
281.357,8177,8173,8174,
281.367,8177,8175,8174,
281.377,8177,8175,8174,
281.387,8177,8173,8174,
281.398,8177,8175,8174,
281.407,8177,8175,8174,
281.417,8177,8173,8174,
281.427,8179,8183,8174,
281.438,8177,8175,8177,
281.447,8177,8175,8174,
281.458,8174,8173,8174,
281.467,8177,8175,8174,
281.477,8177,8173,8174,
281.486,8177,8175,8174,
281.497,8179,8175,8174,
281.507,8177,8175,8174,
281.515,8177,8173,8174,
281.527,8177,8173,8174,
281.537,8177,8173,8174,
281.546,8177,8173,8177,
281.557,8177,8175,8177,
281.567,8179,8175,8177,
281.577,8177,8173,8177,
281.585,8177,8175,8177,
281.598,8174,8173,8177,
281.606,8174,8173,8177,
281.619,8174,8175,8177,
281.627,8174,8173,8177,
281.636,8174,8175,8177,
281.648,8171,8173,8174,
281.657,8174,8173,8172,
281.664,8174,8175,8174,
281.678,8174,8173,8174,
281.688,8174,8173,8174,
281.699,8177,8173,8174,
281.707,8177,8175,8174,
281.716,8177,8173,8174,
281.728,8177,8173,8174,
281.739,8177,8173,8174,
281.745,8177,8175,8174,
281.756,8177,8173,8174,
281.766,8177,8173,8174,
281.777,8177,8173,8174,
281.789,8177,8173,8174,
281.797,8177,8175,8174,
281.805,8177,8175,8174,
281.817,8179,8175,8177,
281.829,8179,8175,8174,
281.837,8177,8175,8174,
281.847,8177,8173,8177,
281.857,8177,8173,8174,
281.864,8177,8173,8174,
281.875,8177,8175,8174,
281.887,8177,8173,8174,
281.896,8177,8175,8174,
281.905,8177,8175,8174,
281.916,8177,8173,8177,
281.928,8177,8173,8174,
281.939,8177,8173,8177,
281.944,8177,8175,8174,
281.957,8177,8173,8174,
281.965,8177,8173,8174,
281.976,8177,8173,8177,
281.987,8177,8175,8174,
281.995,8177,8173,8174,
282.005,8177,8173,8174,
282.016,8174,8175,8174,
282.026,8174,8175,8174,
282.036,8174,8175,8174,
282.046,8174,8173,8177,
282.055,8174,8173,8177,
282.068,8174,8173,8177,
282.077,8174,8173,8177,
282.086,8174,8175,8177,
282.095,8174,8173,8177,
282.105,8174,8173,8177,
282.114,8174,8173,8177,
282.127,8174,8175,8177,
282.135,8174,8175,8177,
282.146,8174,8175,8177,
282.155,8174,8173,8174,
282.165,8174,8173,8174,
282.176,8174,8173,8174,
282.185,8177,8175,8177,
282.198,8174,8175,8174,
282.205,8177,8175,8177,
282.216,8179,8173,8174,
282.227,8177,8178,8174,
282.236,8177,8175,8174,
282.244,8174,8173,8174,
282.255,8177,8173,8174,
282.264,8177,8173,8174,
282.275,8179,8173,8174,
282.287,8177,8173,8174,
282.296,8177,8175,8174,
282.305,8177,8173,8174,
282.314,8177,8173,8174,
282.326,8177,8173,8174,
282.335,8177,8173,8174,
282.349,8177,8173,8174,
282.355,8177,8175,8174,
282.365,8177,8175,8174,
282.376,8177,8175,8174,
282.384,8179,8175,8174,
282.396,8177,8173,8174,
282.405,8177,8175,8174,
282.414,8179,8175,8174,
282.426,8182,8175,8177,
282.436,8177,8173,8174,
282.444,8177,8175,8177,
282.453,8179,8173,8177,
282.467,8179,8173,8177,
282.475,8177,8173,8177,
282.486,8177,8173,8177,
282.495,8177,8173,8177,
282.504,8177,8173,8177,
282.515,8177,8173,8177,
282.524,8177,8173,8177,
282.538,8177,8173,8177,
282.547,8177,8178,8180,
282.558,8177,8178,8177,
282.565,8177,8178,8174,
282.577,8177,8178,8174,
282.587,8177,8178,8177,
282.595,8177,8175,8174,
282.603,8177,8175,8174,
282.614,8177,8178,8172,
282.625,8177,8178,8174,
282.637,8177,8178,8177,
282.643,8179,8178,8177,
282.655,8179,8173,8177,
282.666,8179,8175,8174,
282.676,8179,8173,8174,
282.685,8179,8175,8174,
282.695,8177,8175,8174,
282.707,8177,8173,8174,
282.716,8177,8175,8174,
282.726,8177,8175,8177,
282.736,8177,8175,8177,
282.746,8174,8173,8174,
282.754,8174,8173,8174,
282.767,8174,8173,8174,
282.774,8174,8173,8174,
282.785,8174,8173,8174,
282.796,8174,8173,8174,
282.807,8177,8175,8174,
282.814,8174,8175,8174,
282.825,8174,8173,8174,
282.833,8179,8173,8174,
282.844,8179,8175,8174,
282.854,8179,8175,8174,
282.865,8177,8175,8174,
282.874,8177,8173,8174,
282.886,8177,8175,8174,
282.896,8174,8173,8174,
282.905,8177,8175,8174,
282.915,8177,8173,8174,
282.924,8177,8175,8177,
282.937,8177,8175,8174,
282.942,8177,8173,8174,
282.953,8177,8173,8177,
282.967,8179,8175,8174,
282.975,8177,8173,8174,
282.985,8177,8175,8174,
282.994,8177,8175,8174,
283.006,8177,8173,8174,
283.016,8179,8173,8174,
283.026,8177,8175,8172,
283.036,8177,8175,8174,
283.046,8179,8175,8177,
283.055,8179,8175,8174,
283.066,8177,8173,8174,
283.074,8179,8173,8174,
283.086,8179,8175,8174,
283.095,8177,8173,8174,
283.105,8177,8175,8177,
283.114,8177,8175,8177,
283.124,8177,8175,8174,
283.133,8177,8173,8174,
283.146,8177,8173,8174,
283.155,8177,8175,8174,
283.165,8177,8175,8174,
283.173,8177,8173,8174,
283.185,8177,8175,8174,
283.195,8177,8173,8174,
283.205,8177,8175,8174,
283.213,8177,8173,8177,
283.225,8177,8173,8177,
283.234,8174,8175,8174,
283.244,8174,8175,8174,
283.254,8177,8173,8174,
283.265,8177,8173,8174,
283.274,8177,8173,8174,
283.284,8177,8173,8177,
283.292,8179,8175,8177,
283.303,8177,8173,8177,
283.314,8179,8175,8177,
283.325,8177,8173,8177,
283.335,8177,8175,8177,
283.343,8177,8175,8177,
283.354,8177,8173,8177,
283.363,8177,8173,8177,
283.373,8177,8173,8177,
283.385,8177,8173,8174,
283.394,8177,8175,8174,
283.405,8177,8173,8174,
283.414,8177,8173,8174,
283.422,8174,8175,8174,
283.434,8177,8173,8174,
283.443,8174,8175,8174,
283.454,8177,8173,8177,
283.464,8177,8173,8174,
283.475,8177,8175,8174,
283.484,8177,8173,8174,
283.495,8177,8175,8177,
283.504,8177,8175,8177,
283.514,8177,8175,8177,
283.523,8177,8178,8177,
283.535,8179,8175,8177,
283.545,8179,8175,8177,
283.554,8177,8178,8177,
283.564,8177,8178,8177,
283.576,8177,8178,8177,
283.583,8177,8175,8177,
283.593,8177,8175,8174,
283.604,8177,8173,8174,
283.615,8177,8175,8174,
283.626,8177,8175,8172,
283.632,8174,8173,8174,
283.646,8179,8175,8177,
283.654,8179,8175,8177,
283.665,8177,8175,8174,
283.675,8177,8173,8174,
283.685,8177,8175,8177,
283.694,8177,8173,8174,
283.703,8177,8173,8174,
283.715,8177,8175,8174,
283.722,8177,8175,8174,
283.733,8177,8173,8174,
283.746,8177,8173,8174,
283.753,8177,8173,8174,
283.763,8177,8173,8174,
283.772,8177,8173,8174,
283.785,8174,8173,8174,
283.793,8174,8173,8177,
283.803,8174,8173,8174,
283.813,8174,8175,8174,
283.825,8174,8173,8174,
283.836,8177,8175,8177,
283.842,8174,8178,8172,
283.857,8174,8175,8177,
283.865,8174,8175,8177,
283.875,8174,8175,8174,
283.885,8174,8175,8174,
283.896,8177,8175,8174,
283.904,8177,8178,8174,
283.913,8177,8173,8174,
283.923,8177,8173,8174,
283.932,8177,8175,8174,
283.943,8179,8173,8174,
283.956,8179,8173,8174,
283.963,8179,8173,8174,
283.974,8177,8173,8174,
283.984,8179,8173,8174,
283.993,8179,8173,8174,
284.003,8179,8175,8174,
284.014,8177,8175,8174,
284.023,8174,8175,8172,
284.034,8177,8175,8174,
284.044,8177,8175,8174,
284.052,8179,8173,8177,
284.063,8179,8173,8174,
284.073,8177,8173,8174,
284.083,8177,8173,8174,
284.094,8177,8173,8177,
284.105,8177,8173,8174,
284.113,8177,8173,8174,
284.124,8177,8173,8177,
284.135,8177,8173,8174,
284.143,8177,8173,8174,
284.154,8177,8173,8174,
284.165,8177,8175,8174,
284.175,8177,8173,8174,
284.183,8179,8175,8174,
284.195,8179,8175,8174,
284.203,8177,8175,8177,
284.213,8177,8175,8177,
284.221,8177,8175,8177,
284.232,8179,8175,8177,
284.243,8174,8178,8177,
284.252,8174,8175,8177,
284.265,8174,8178,8177,
284.274,8174,8178,8177,
284.282,8174,8175,8177,
284.293,8174,8178,8177,
284.304,8174,8175,8177,
284.312,8174,8175,8174,
284.324,8177,8175,8174,
284.333,8177,8173,8174,
284.345,8177,8173,8174,
284.352,8174,8173,8174,
284.363,8177,8173,8174,
284.374,8174,8175,8174,
284.383,8174,8175,8174,
284.394,8174,8173,8174,
284.403,8177,8173,8174,
284.414,8177,8175,8174,
284.424,8177,8175,8174,
284.433,8177,8175,8174,
284.444,8179,8175,8174,
284.452,8177,8175,8177,
284.461,8174,8173,8174,
284.475,8174,8173,8174,
284.483,8174,8173,8174,
284.493,8177,8175,8174,
284.502,8174,8175,8174,
284.512,8174,8173,8174,
284.521,8177,8175,8174,
284.531,8177,8175,8174,
284.543,8177,8173,8174,
284.552,8177,8173,8174,
284.561,8177,8173,8174,
284.575,8179,8175,8174,
284.584,8177,8175,8174,
284.593,8177,8173,8174,
284.603,8179,8173,8174,
284.611,8179,8173,8174,
284.623,8174,8173,8177,
284.633,8174,8173,8177,
284.643,8171,8175,8180,
284.652,8174,8173,8177,
284.663,8174,8173,8177,
284.674,8174,8170,8177,
284.683,8174,8173,8177,
284.693,8174,8173,8177,
284.702,8174,8175,8177,
284.713,8174,8173,8177,
284.723,8177,8173,8174,
284.734,8177,8173,8174,
284.743,8177,8173,8174,
284.754,8177,8173,8174,
284.763,8177,8173,8174,
284.774,8177,8173,8174,
284.781,8177,8173,8177,
284.795,8177,8175,8174,
284.803,8177,8175,8174,
284.812,8177,8175,8174,
284.822,8177,8175,8174,
284.833,8177,8175,8177,
284.841,8179,8175,8174,
284.854,8179,8173,8174,
284.861,8177,8173,8174,
284.873,8179,8175,8174,
284.885,8177,8175,8174,
284.893,8179,8173,8174,
284.902,8179,8173,8174,
284.913,8179,8173,8174,
284.92,8179,8173,8174,
284.933,8177,8175,8174,
284.943,8177,8173,8174,
284.952,8177,8175,8174,
284.962,8177,8173,8174,
284.971,8177,8173,8174,
284.984,8177,8173,8174,
284.992,8177,8175,8174,
285.003,8177,8173,8174,
285.011,8177,8173,8174,
285.022,8177,8175,8174,
285.03,8177,8173,8174,
285.041,8174,8175,8172,
285.055,8174,8173,8174,
285.063,8174,8173,8177,
285.071,8174,8173,8174,
285.081,8174,8173,8174,
285.092,8174,8173,8177,
285.103,8174,8173,8174,
285.114,8174,8173,8177,
285.121,8174,8173,8174,
285.13,8174,8173,8174,
285.14,8174,8173,8174,
285.151,8174,8173,8174,
285.161,8174,8175,8177,
285.172,8174,8173,8177,
285.18,8174,8175,8174,
285.193,8174,8173,8174,
285.202,8174,8173,8174,
285.213,8174,8175,8174,
285.221,8174,8175,8174,
285.23,8174,8175,8174,
285.242,8171,8175,8177,
285.251,8177,8175,8177,
285.26,8177,8173,8174,
285.272,8177,8173,8174,
285.282,8177,8173,8174,
285.292,8177,8175,8174,
285.302,8177,8173,8174,
285.312,8174,8175,8174,
285.322,8177,8173,8174,
285.331,8174,8173,8174,
285.342,8177,8173,8174,
285.352,8174,8173,8177,
285.362,8177,8173,8177,
285.373,8174,8175,8174,
285.381,8174,8173,8172,
285.392,8174,8173,8174,
285.403,8174,8175,8174,
285.412,8177,8175,8174,
285.421,8177,8175,8174,
285.431,8177,8173,8174,
285.442,8177,8175,8174,
285.452,8177,8173,8174,
285.46,8177,8175,8174,
285.472,8177,8173,8174,
285.481,8177,8173,8174,
285.491,8177,8175,8177,
285.501,8177,8173,8174,
285.512,8177,8173,8174,
285.521,8177,8175,8174,
285.534,8177,8173,8174,
285.542,8177,8173,8177,
285.551,8177,8175,8177,
285.562,8174,8175,8180,
285.57,8174,8173,8180,
285.581,8174,8173,8177,
285.592,8174,8175,8177,
285.602,8174,8173,8177,
285.612,8174,8175,8177,
285.621,8174,8175,8174,
285.63,8174,8175,8177,
285.642,8174,8173,8180,
285.651,8174,8175,8180,
285.66,8174,8175,8177,
285.672,8174,8175,8177,
285.681,8174,8173,8177,
285.692,8174,8175,8177,
285.701,8174,8175,8177,
285.712,8174,8173,8177,
285.719,8174,8175,8177,
285.731,8174,8173,8177,
285.741,8174,8173,8174,
285.752,8174,8173,8174,
285.76,8174,8175,8174,
285.771,8177,8175,8177,
285.781,8177,8175,8174,
285.791,8177,8173,8174,
285.799,8177,8173,8174,
285.813,8177,8175,8174,
285.819,8177,8173,8177,
285.831,8177,8173,8177,
285.84,8177,8175,8174,
285.849,8179,8175,8174,
285.862,8177,8173,8174,
285.871,8177,8175,8174,
285.88,8177,8175,8174,
285.891,8177,8175,8174,
285.899,8179,8175,8174,
285.912,8177,8173,8174,
285.921,8177,8173,8174,
285.929,8177,8173,8174,
285.939,8177,8175,8174,
285.95,8177,8173,8177,
285.961,8177,8173,8177,
285.969,8177,8175,8177,
285.981,8177,8173,8180,
285.99,8177,8175,8177,
286.001,8177,8175,8177,
286.011,8177,8178,8177,
286.019,8177,8178,8177,
286.03,8177,8178,8177,
286.04,8174,8178,8180,
286.053,8174,8175,8174,
286.059,8177,8178,8174,
286.07,8174,8178,8174,
286.082,8177,8178,8174,
286.093,8177,8178,8174,
286.1,8177,8175,8174,
286.11,8177,8173,8174,
286.12,8177,8175,8174,
286.131,8177,8173,8174,
286.141,8174,8173,8174,
286.151,8177,8173,8174,
286.16,8177,8173,8174,
286.17,8177,8173,8174,
286.179,8177,8173,8174,
286.19,8174,8173,8174,
286.2,8174,8173,8174,
286.209,8174,8175,8174,
286.222,8171,8178,8177,
286.228,8174,8178,8174,
286.24,8171,8178,8174,
286.251,8174,8178,8174,
286.262,8174,8175,8177,
286.271,8174,8178,8177,
286.281,8174,8178,8180,
286.29,8174,8175,8177,
286.301,8177,8175,8177,
286.311,8177,8175,8177,
286.32,8177,8175,8177,
286.332,8177,8173,8177,
286.341,8177,8173,8180,
286.35,8177,8173,8177,
286.359,8177,8173,8174,
286.368,8177,8173,8174,
286.379,8177,8173,8177,
286.389,8177,8173,8174,
286.4,8179,8173,8174,
286.41,8179,8173,8174,
286.419,8177,8173,8172,
286.43,8177,8175,8177,
286.44,8177,8173,8174,
286.45,8177,8175,8174,
286.461,8177,8173,8177,
286.471,8177,8175,8177,
286.479,8177,8175,8177,
286.491,8177,8173,8177,
286.501,8177,8173,8180,
286.509,8177,8175,8177,
286.52,8177,8173,8177,
286.529,8177,8173,8177,
286.539,8177,8173,8177,
286.55,8177,8173,8177,
286.56,8179,8173,8174,
286.571,8177,8173,8174,
286.581,8177,8175,8174,
286.59,8177,8173,8177,
286.6,8179,8173,8174,
286.611,8179,8175,8174,
286.621,8179,8173,8177,
286.63,8177,8173,8177,
286.641,8177,8175,8177,
286.649,8177,8175,8174,
286.659,8177,8173,8174,
286.67,8177,8175,8177,
286.682,8177,8173,8174,
286.69,8177,8173,8174,
286.701,8177,8173,8174,
286.712,8177,8173,8177,
286.722,8177,8173,8174,
286.729,8179,8173,8177,
286.741,8177,8175,8174,
286.75,8177,8173,8174,
286.76,8174,8173,8174,
286.771,8174,8175,8174,
286.78,8174,8173,8174,
286.79,8174,8175,8174,
286.798,8174,8173,8174,
286.812,8177,8175,8174,
286.82,8174,8175,8177,
286.828,8174,8173,8177,
286.839,8174,8173,8172,
286.851,8177,8175,8174,
286.859,8182,8173,8174,
286.869,8185,8175,8177,
286.881,8188,8175,8177,
286.889,8192,8175,8177,
286.899,8188,8173,8177,
286.907,8192,8175,8177,
286.918,8195,8173,8180,
286.93,8195,8173,8177,
286.94,8195,8173,8177,
286.951,8192,8173,8180,
286.96,8188,8175,8177,
286.969,8188,8175,8180,
286.979,8188,8173,8180,
286.991,8185,8175,8177,
286.997,8185,8173,8177,
287.009,8185,8173,8177,
287.019,8179,8173,8177,
287.028,8182,8175,8177,
287.039,8179,8175,8177,
287.048,8179,8175,8174,
287.059,8179,8173,8177,
287.071,8177,8173,8177,
287.081,8177,8173,8177,
287.089,8177,8173,8177,
287.1,8177,8173,8177,
287.108,8177,8173,8177,
287.119,8177,8175,8177,
287.129,8177,8175,8177,
287.138,8174,8175,8177,
287.151,8174,8175,8177,
287.159,8171,8173,8177,
287.17,8171,8173,8177,
287.179,8171,8175,8174,
287.188,8174,8175,8174,
287.2,8174,8175,8174,
287.211,8174,8175,8177,
287.22,8174,8175,8177,
287.231,8192,8173,8177,
287.24,8200,8175,8177,
287.248,8227,8175,8177,
287.258,8238,8175,8182,
287.269,8252,8173,8182,
287.28,8260,8175,8182,
287.29,8268,8175,8182,
287.299,8271,8173,8182,
287.309,8276,8173,8180,
287.319,8276,8173,8182,
287.33,8276,8173,8182,
287.338,8283,8173,8185,
287.347,8285,8173,8185,
287.36,8296,8175,8185,
287.369,8301,8173,8185,
287.379,8310,8175,8187,
287.389,8318,8173,8187,
287.4,8323,8175,8190,
287.409,8345,8175,8187,
287.418,8387,8173,8185,
287.429,8382,8173,8192,
287.441,8366,8173,8195,
287.451,8372,8175,8192,
287.459,8382,8173,8192,
287.468,8387,8173,8195,
287.48,8401,8173,8195,
287.49,8414,8175,8198,
287.5,8425,8173,8200,
287.509,8436,8173,8200,
287.519,8450,8173,8200,
287.53,8458,8173,8205,
287.54,8473,8173,8205,
287.549,8473,8175,8205,
287.558,8481,8175,8208,
287.568,8490,8175,8208,
287.578,8490,8175,8210,
287.589,8495,8175,8208,
287.6,8500,8175,8210,
287.608,8530,8175,8208,
287.619,8581,8175,8198,
287.629,8527,8175,8213,
287.637,8517,8173,8213,
287.648,8519,8175,8210,
287.659,8517,8173,8216,
287.669,8527,8173,8213,
287.679,8538,8173,8210,
287.688,8541,8173,8216,
287.7,8553,8173,8216,
287.708,8553,8173,8223,
287.716,8562,8175,8221,
287.727,8558,8173,8221,
287.738,8565,8173,8218,
287.748,8565,8175,8216,
287.758,8562,8175,8221,
287.768,8556,8175,8226,
287.781,8562,8173,8221,
287.788,8567,8175,8226,
287.797,8578,8173,8221,
287.81,8611,8175,8216,
287.819,8694,8165,8203,
287.828,8616,8173,8223,
287.84,8594,8173,8235,
287.849,8584,8175,8226,
287.858,8578,8173,8226,
287.87,8581,8175,8223,
287.892,8581,8175,8231,
287.893,8592,8173,8228,
287.898,8597,8173,8228,
287.909,8589,8178,8226,
287.919,8605,8178,8228,
287.928,8597,8178,8231,
287.936,8603,8178,8228,
287.95,8608,8178,8235,
287.958,8603,8173,8228,
287.97,8608,8175,8228,
287.977,8603,8175,8226,
287.988,8608,8175,8226,
287.997,8608,8175,8226,
288.009,8667,8173,8223,
288.019,8738,8178,8198,
288.027,8659,8175,8218,
288.038,8613,8181,8226,
288.047,8613,8178,8228,
288.059,8632,8175,8231,
288.069,8624,8178,8238,
288.077,8630,8173,8226,
288.089,8630,8175,8241,
288.099,8639,8175,8228,
288.106,8630,8173,8235,
288.119,8632,8173,8243,
288.128,8635,8175,8238,
288.137,8642,8175,8241,
288.148,8642,8173,8241,
288.157,8642,8175,8241,
288.169,8650,8173,8235,
288.179,8653,8173,8231,
288.187,8647,8173,8238,
288.197,8661,8173,8235,
288.206,8753,8175,8210,
288.219,8811,8175,8198,
288.225,8745,8173,8221,
288.237,8672,8178,8235,
288.246,8661,8173,8235,
288.258,8653,8173,8241,
288.269,8653,8170,8238,
288.277,8656,8175,8235,
288.289,8647,8175,8235,
288.3,8632,8175,8241,
288.308,8647,8173,8231,
288.318,8642,8175,8243,
288.329,8632,8173,8235,
288.338,8639,8175,8238,
288.35,8639,8173,8243,
288.355,8635,8173,8235,
288.369,8630,8175,8235,
288.377,8630,8175,8235,
288.388,8630,8175,8231,
288.396,8644,8175,8241,
288.407,8716,8173,8213,
288.417,8791,8175,8198,
288.425,8713,8175,8235,
288.438,8664,8173,8238,
288.449,8639,8175,8241,
288.457,8639,8173,8235,
288.468,8622,8175,8235,
288.478,8624,8175,8235,
288.489,8627,8170,8238,
288.498,8611,8175,8238,
288.509,8627,8173,8235,
288.516,8616,8175,8228,
288.526,8616,8170,8231,
288.535,8622,8175,8235,
288.547,8619,8175,8235,
288.557,8616,8175,8235,
288.568,8622,8173,8231,
288.578,8624,8175,8235,
288.59,8613,8175,8235,
288.597,8624,8173,8228,
288.608,8683,8175,8213,
288.617,8769,8173,8205,
288.628,8697,8175,8226,
288.64,8619,8173,8231,
288.647,8616,8173,8228,
288.656,8605,8173,8231,
288.668,8589,8173,8223,
288.676,8586,8175,8226,
288.687,8581,8175,8231,
288.695,8592,8173,8228,
288.706,8592,8175,8228,
288.716,8597,8170,8228,
288.729,8592,8175,8226,
288.738,8597,8178,8223,
288.747,8594,8178,8223,
288.758,8597,8175,8231,
288.767,8597,8175,8223,
288.778,8586,8178,8226,
288.787,8581,8178,8226,
288.798,8586,8178,8221,
288.809,8627,8175,8208,
288.818,8697,8175,8205,
288.828,8611,8178,8223,
288.837,8586,8173,8223,
288.846,8576,8175,8228,
288.857,8576,8175,8226,
288.865,8584,8173,8228,
288.878,8584,8175,8231,
288.888,8592,8175,8231,
288.898,8592,8175,8231,
288.906,8589,8175,8231,
288.917,8589,8175,8221,
288.928,8578,8175,8226,
288.936,8584,8175,8223,
288.949,8576,8173,8226,
288.957,8581,8175,8228,
288.966,8581,8175,8221,
288.976,8576,8175,8223,
288.987,8573,8173,8226,
288.996,8567,8178,8223,
289.006,8605,8175,8218,
289.015,8675,8175,8200,
289.028,8622,8175,8223,
289.036,8589,8173,8223,
289.045,8581,8173,8223,
289.056,8578,8175,8228,
289.067,8581,8173,8226,
289.076,8581,8173,8218,
289.086,8581,8173,8218,
289.098,8570,8175,8221,
289.107,8565,8175,8223,
289.118,8565,8175,8223,
289.128,8567,8173,8223,
289.136,8565,8173,8218,
289.145,8553,8175,8226,
289.156,8546,8175,8221,
289.166,8549,8173,8221,
289.174,8546,8175,8221,
289.185,8541,8173,8221,
289.197,8544,8173,8223,
289.205,8589,8170,8210,
289.216,8675,8173,8198,
289.227,8619,8173,8216,
289.238,8558,8175,8223,
289.247,8556,8175,8218,
289.255,8544,8175,8216,
289.266,8530,8175,8218,
289.276,8538,8173,8216,
289.288,8527,8175,8221,
289.294,8525,8173,8216,
289.308,8522,8175,8221,
289.315,8525,8173,8216,
289.327,8517,8170,8218,
289.338,8519,8173,8216,
289.347,8511,8173,8216,
289.356,8514,8173,8213,
289.367,8514,8175,8213,
289.377,8514,8173,8213,
289.387,8509,8175,8210,
289.397,8509,8175,8210,
289.407,8538,8178,8203,
289.416,8624,8173,8190,
289.426,8556,8173,8210,
289.438,8511,8173,8210,
289.449,8506,8173,8218,
289.457,8498,8175,8208,
289.465,8503,8173,8213,
289.474,8498,8175,8216,
289.485,8495,8173,8213,
289.497,8495,8175,8210,
289.507,8487,8175,8213,
289.516,8495,8175,8210,
289.527,8500,8175,8216,
289.536,8492,8178,8213,
289.546,8492,8175,8210,
289.556,8495,8173,8213,
289.565,8498,8175,8213,
289.578,8500,8175,8210,
289.588,8503,8173,8213,
289.594,8503,8175,8216,
289.605,8536,8175,8203,
289.615,8616,8175,8195,
289.626,8562,8175,8208,
289.635,8511,8175,8216,
289.645,8506,8173,8213,
289.654,8495,8175,8213,
289.667,8498,8175,8210,
289.674,8495,8175,8210,
289.686,8490,8175,8210,
289.696,8492,8175,8210,
289.704,8492,8173,8210,
289.718,8487,8175,8210,
289.725,8487,8175,8210,
289.734,8479,8175,8208,
289.745,8481,8175,8205,
289.757,8473,8173,8205,
289.766,8473,8175,8208,
289.775,8463,8175,8210,
289.786,8458,8173,8208,
289.794,8461,8175,8208,
289.805,8492,8173,8203,
289.816,8558,8175,8190,
289.826,8495,8175,8208,
289.837,8461,8173,8208,
289.845,8461,8175,8205,
289.855,8455,8173,8205,
289.865,8455,8175,8205,
289.876,8455,8173,8205,
289.886,8447,8175,8203,
289.894,8444,8175,8203,
289.905,8433,8175,8205,
289.914,8433,8173,8203,
289.927,8431,8175,8203,
289.935,8423,8173,8200,
289.943,8414,8175,8200,
289.954,8414,8173,8203,
289.966,8412,8175,8200,
289.976,8414,8175,8200,
289.984,8423,8173,8200,
289.994,8417,8175,8200,
290.005,8428,8173,8192,
290.015,8458,8175,8190,
290.025,8425,8175,8192,
290.038,8398,8175,8198,
290.046,8393,8173,8200,
290.056,8390,8175,8198,
290.064,8387,8175,8198,
290.075,8385,8175,8200,
290.083,8385,8173,8198,
290.096,8385,8175,8198,
290.105,8387,8175,8195,
290.114,8379,8175,8198,
290.126,8379,8175,8198,
290.146,8372,8175,8198,
290.147,8369,8173,8198,
290.155,8361,8173,8192,
290.165,8356,8173,8192,
290.174,8345,8175,8192,
290.187,8339,8173,8187,
290.193,8334,8175,8190,
290.206,8342,8175,8187,
290.214,8385,8175,8177,
290.226,8337,8175,8187,
290.235,8304,8175,8192,
290.245,8304,8175,8185,
290.257,8299,8173,8187,
290.263,8296,8175,8185,
290.273,8291,8175,8187,
290.284,8288,8173,8185,
290.295,8283,8175,8185,
290.305,8273,8173,8182,
290.313,8268,8175,8182,
290.326,8263,8175,8180,
290.334,8260,8175,8182,
290.346,8254,8173,8182,
290.357,8254,8173,8180,
290.365,8249,8173,8180,
290.376,8246,8175,8182,
290.385,8246,8173,8180,
290.398,8244,8175,8180,
290.405,8244,8175,8180,
290.416,8254,8175,8177,
290.426,8246,8175,8180,
290.435,8230,8175,8180,
290.443,8222,8175,8174,
290.453,8217,8173,8177,
290.463,8211,8173,8177,
290.475,8206,8173,8177,
290.483,8200,8173,8177,
290.496,8195,8173,8174,
290.506,8188,8173,8174,
290.515,8177,8173,8174,
290.523,8166,8173,8174,
290.534,8160,8175,8174,
290.545,8125,8178,8180,
290.554,8114,8181,8174,
290.566,8094,8178,8177,
290.574,8074,8183,8174,
290.583,8053,8183,8174,
290.595,8031,8183,8174,
290.606,7986,8186,8174,
290.615,7940,8186,8172,
290.624,7934,8193,8174,
290.635,7951,8201,8174,
290.646,7937,8196,8174,
290.656,7932,8193,8174,
290.666,7923,8196,8180,
290.676,7923,8199,8177,
290.684,7926,8199,8180,
290.693,7912,8201,8177,
290.705,7912,8209,8177,
290.714,7895,8201,8177,
290.726,7886,8199,8177,
290.735,7878,8204,8177,
290.744,7884,8206,8180,
290.753,7870,8219,8180,
290.764,7851,8201,8174,
290.772,7835,8217,8177,
290.783,7838,8217,8174,
290.794,7838,8206,8174,
290.804,7781,8193,8174,
290.815,7726,8201,8174,
290.825,7738,8209,8172,
290.834,7804,8224,8174,
290.843,7807,8212,8177,
290.855,7824,8222,8174,
290.865,7820,8206,8174,
290.874,7820,8214,8172,
290.884,7832,8224,8177,
290.893,7829,8217,8174,
290.903,7820,8219,8174,
290.913,7824,8217,8177,
290.924,7824,8224,8174,
290.932,7820,8212,8174,
290.944,7812,8219,8174,
290.954,7807,8224,8172,
290.965,7812,8212,8174,
290.975,7793,8219,8174,
290.985,7779,8222,8177,
290.995,7799,8227,8180,
291.003,7741,8217,8177,
291.013,7647,8209,8163,
291.024,7726,8224,8182,
291.032,7752,8214,8174,
291.044,7765,8227,8174,
291.053,7779,8227,8180,
291.064,7787,8232,8174,
291.073,7749,8237,8180,
291.085,7749,8214,8182,
291.092,7757,8222,8174,
291.103,7771,8239,8180,
291.114,7746,8230,8180,
291.125,7760,8224,8177,
291.134,7757,8227,8177,
291.142,7765,8232,8177,
291.153,7741,8222,8177,
291.165,7757,8227,8177,
291.172,7768,8232,8174,
291.183,7743,8227,8177,
291.192,7741,8232,8169,
291.205,7713,8227,8177,
291.236,7635,8196,8182,
291.239,7713,8224,8174,
291.24,7760,8212,8169,
291.242,7746,8219,8174,
291.253,7760,8230,8174,
291.262,7752,8227,8174,
291.273,7746,8224,8174,
291.285,7757,8222,8177,
291.294,7771,8239,8177,
291.303,7760,8247,8172,
291.314,7773,8232,8177,
291.324,7765,8237,8172,
291.335,7754,8224,8177,
291.341,7781,8217,8172,
291.352,7754,8227,8177,
291.364,7765,8232,8174,
291.375,7779,8242,8177,
291.382,7765,8227,8177,
291.394,7746,8227,8177,
291.405,7688,8206,8180,
291.414,7652,8201,8169,
291.423,7699,8214,8182,
291.434,7752,8227,8180,
291.442,7760,8222,8180,
291.451,7752,8222,8177,
291.467,7776,8224,8180,
291.475,7781,8217,8180,
291.481,7796,8242,8177,
291.493,7787,8214,8177,
291.502,7781,8222,8177,
291.515,7793,8206,8180,
291.523,7812,8206,8174,
291.533,7796,8222,8177,
291.545,7779,8212,8180,
291.553,7804,8222,8180,
291.561,7799,8230,8177,
291.572,7781,8212,8180,
291.581,7799,8222,8174,
291.594,7784,8230,8169,
291.603,7749,8209,8177,
291.614,7686,8206,8180,
291.624,7707,8209,8177,
291.633,7779,8219,8177,
291.643,7799,8224,8177,
291.652,7771,8227,8177,
291.661,7791,8227,8177,
291.673,7781,8219,8174,
291.682,7784,8222,8172,
291.694,7791,8219,8174,
291.703,7781,8219,8174,
291.713,7791,8237,8177,
291.723,7791,8214,8174,
291.733,7801,8219,8174,
291.741,7801,8217,8177,
291.754,7804,8217,8172,
291.762,7804,8212,8169,
291.774,7812,8224,8174,
291.782,7820,8222,8172,
291.792,7818,8222,8174,
291.803,7773,8186,8177,
291.813,7705,8204,8172,
291.823,7752,8209,8172,
291.831,7796,8217,8174,
291.842,7815,8212,8177,
291.852,7815,8214,8177,
291.863,7829,8212,8174,
291.873,7827,8214,8174,
291.883,7838,8212,8174,
291.892,7835,8219,8177,
291.903,7848,8219,8177,
291.912,7835,8206,8174,
291.923,7843,8214,8177,
291.932,7848,8217,8177,
291.943,7838,8201,8177,
291.952,7854,8209,8174,
291.964,7862,8214,8174,
291.973,7851,8219,8174,
291.986,7862,8212,8174,
291.992,7857,8204,8180,
292.003,7829,8196,8177,
292.013,7765,8201,8182,
292.023,7827,8212,8180,
292.032,7840,8212,8182,
292.043,7859,8209,8180,
292.053,7859,8217,8177,
292.062,7870,8204,8174,
292.071,7873,8206,8180,
292.082,7884,8204,8177,
292.091,7901,8201,8177,
292.102,7915,8206,8177,
292.111,7909,8199,8172,
292.122,7923,8201,8174,
292.133,7929,8196,8174,
292.142,7940,8199,8174,
292.152,7970,8199,8174,
292.163,7980,8201,8174,
292.173,8000,8193,8174,
292.183,8023,8193,8174,
292.189,8050,8188,8177,
292.203,8055,8181,8174,
292.21,8055,8178,8172,
292.223,8101,8181,8177,
292.233,8136,8178,8174,
292.241,8155,8175,8174,
292.25,8171,8173,8174,
292.263,8188,8173,8174,
292.272,8198,8173,8174,
292.283,8230,8178,8174,
292.292,8217,8170,8198,
292.304,8235,8175,8182,
292.313,8252,8175,8185,
292.32,8271,8175,8187,
292.331,8288,8173,8187,
292.341,8310,8175,8190,
292.353,8331,8173,8192,
292.362,8347,8173,8195,
292.373,8369,8173,8195,
292.383,8390,8170,8198,
292.393,8406,8173,8198,
292.402,8447,8175,8198,
292.411,8506,8175,8192,
292.423,8461,8175,8208,
292.433,8458,8173,8205,
292.441,8463,8175,8208,
292.451,8463,8175,8208,
292.461,8479,8173,8205,
292.474,8479,8175,8210,
292.48,8481,8175,8210,
292.491,8487,8173,8208,
292.502,8484,8175,8208,
292.512,8487,8173,8213,
292.52,8490,8175,8210,
292.533,8492,8175,8213,
292.54,8495,8173,8210,
292.551,8492,8175,8210,
292.561,8490,8175,8213,
292.571,8490,8173,8210,
292.58,8487,8175,8213,
292.592,8487,8175,8210,
292.6,8511,8173,8208,
292.611,8584,8170,8198,
292.623,8527,8175,8210,
292.632,8500,8175,8213,
292.641,8492,8175,8210,
292.651,8490,8173,8208,
292.661,8484,8173,8210,
292.67,8484,8175,8210,
292.681,8484,8175,8210,
292.694,8479,8173,8210,
292.7,8479,8175,8208,
292.712,8476,8175,8205,
292.722,8481,8178,8208,
292.732,8473,8175,8208,
292.742,8479,8178,8208,
292.75,8476,8175,8205,
292.759,8468,8178,8208,
292.772,8468,8178,8208,
292.78,8468,8175,8208,
292.79,8463,8175,8208,
292.801,8492,8175,8205,
292.813,8565,8175,8198,
292.821,8509,8173,8213,
292.832,8487,8175,8210,
292.842,8484,8173,8216,
292.853,8487,8173,8213,
292.864,8492,8175,8213,
292.87,8490,8175,8210,
292.882,8498,8175,8213,
292.892,8495,8175,8216,
292.901,8492,8175,8216,
292.913,8500,8175,8205,
292.921,8498,8170,8213,
292.934,8500,8175,8213,
292.94,8503,8175,8210,
292.952,8503,8178,8210,
292.962,8509,8175,8210,
292.971,8511,8175,8208,
292.981,8500,8173,8213,
292.991,8503,8173,8213,
293.002,8517,8175,8208,
293.011,8584,8173,8198,
293.021,8530,8173,8210,
293.031,8498,8175,8213,
293.043,8492,8175,8208,
293.052,8495,8175,8210,
293.062,8487,8175,8210,
293.071,8492,8175,8208,
293.081,8498,8175,8210,
293.091,8495,8173,8210,
293.101,8500,8173,8210,
293.111,8495,8175,8210,
293.121,8495,8175,8208,
293.131,8495,8173,8213,
293.14,8495,8175,8213,
293.15,8492,8173,8213,
293.162,8500,8175,8208,
293.173,8498,8175,8213,
293.18,8492,8173,8213,
293.193,8500,8175,8208,
293.202,8527,8175,8208,
293.211,8613,8175,8192,
293.22,8549,8175,8208,
293.23,8490,8173,8213,
293.242,8479,8173,8208,
293.25,8476,8173,8208,
293.26,8463,8173,8205,
293.27,8461,8173,8205,
293.279,8458,8173,8205,
293.291,8450,8173,8205,
293.302,8450,8173,8205,
293.312,8447,8173,8205,
293.319,8442,8175,8203,
293.329,8442,8173,8203,
293.339,8436,8175,8203,
293.35,8439,8173,8203,
293.36,8433,8173,8203,
293.372,8436,8173,8200,
293.383,8431,8175,8203,
293.391,8433,8175,8203,
293.403,8452,8175,8198,
293.412,8511,8173,8192,
293.425,8498,8175,8203,
293.433,8444,8173,8205,
293.441,8436,8173,8200,
293.452,8431,8173,8200,
293.46,8431,8175,8203,
293.47,8431,8173,8200,
293.481,8433,8173,8203,
293.491,8431,8173,8203,
293.501,8428,8173,8200,
293.511,8425,8173,8200,
293.521,8423,8173,8203,
293.53,8425,8173,8203,
293.539,8423,8175,8203,
293.55,8425,8175,8203,
293.559,8423,8181,8200,
293.57,8423,8175,8200,
293.583,8420,8175,8203,
293.591,8425,8178,8200,
293.599,8455,8178,8195,
293.61,8522,8178,8187,
293.62,8487,8178,8198,
293.631,8436,8175,8200,
293.64,8423,8175,8200,
293.65,8417,8175,8200,
293.661,8414,8175,8200,
293.67,8412,8173,8198,
293.681,8409,8173,8198,
293.691,8398,8173,8198,
293.702,8404,8173,8200,
293.711,8401,8175,8195,
293.72,8401,8173,8198,
293.73,8393,8173,8198,
293.738,8393,8175,8195,
293.748,8390,8173,8195,
293.761,8387,8173,8198,
293.769,8387,8173,8200,
293.78,8387,8173,8195,
293.789,8387,8175,8195,
293.799,8406,8173,8192,
293.812,8461,8173,8182,
293.819,8439,8173,8195,
293.83,8385,8175,8195,
293.841,8377,8173,8195,
293.849,8366,8175,8195,
293.861,8372,8175,8195,
293.869,8369,8173,8195,
293.881,8379,8175,8195,
293.89,8377,8175,8195,
293.9,8379,8173,8195,
293.909,8379,8175,8195,
293.918,8372,8175,8195,
293.93,8372,8175,8192,
293.941,8366,8175,8195,
293.949,8366,8175,8192,
293.958,8358,8173,8195,
293.971,8356,8173,8192,
293.98,8353,8175,8192,
293.991,8347,8175,8190,
293.999,8356,8175,8187,
294.01,8393,8175,8185,
294.018,8377,8173,8192,
294.03,8337,8175,8190,
294.039,8323,8173,8187,
294.049,8318,8173,8187,
294.059,8312,8175,8187,
294.069,8312,8173,8187,
294.082,8310,8173,8187,
294.088,8310,8175,8187,
294.099,8304,8175,8185,
294.11,8307,8175,8187,
294.122,8301,8175,8185,
294.13,8301,8175,8185,
294.14,8296,8173,8190,
294.149,8291,8173,8187,
294.16,8288,8175,8187,
294.168,8285,8173,8187,
294.18,8283,8173,8187,
294.191,8285,8175,8182,
294.199,8288,8175,8187,
294.21,8312,8178,8182,
294.222,8291,8178,8187,
294.23,8273,8178,8182,
294.24,8246,8178,8185,
294.247,8188,8175,8172,
294.26,8179,8175,8174,
294.269,8177,8175,8174,
294.278,8177,8178,8174,
294.289,8177,8175,8174,
294.3,8177,8175,8174,
294.309,8177,8175,8174,
294.321,8177,8173,8177,
294.329,8177,8173,8174,
294.339,8177,8173,8177,
294.348,8174,8175,8174,
294.36,8174,8173,8174,
294.37,8174,8175,8174,
294.38,8171,8173,8174,
294.389,8168,8175,8177,
294.399,8168,8175,8174,
294.409,8163,8175,8177,
294.42,8166,8175,8177,
294.431,8174,8175,8174,
294.437,8174,8175,8177,
294.449,8174,8175,8174,
294.458,8174,8173,8174,
294.47,8174,8175,8174,
294.481,8177,8175,8174,
294.49,8177,8173,8174,
294.501,8174,8175,8174,
294.508,8177,8173,8174,
294.517,8177,8175,8174,
294.53,8177,8173,8174,
294.538,8179,8175,8174,
294.548,8177,8173,8180,
294.562,8174,8175,8177,
294.57,8177,8175,8180,
294.583,8174,8173,8177,
294.589,8179,8175,8177,
294.6,8182,8175,8180,
294.61,8182,8173,8180,
294.617,8185,8175,8180,
294.627,8182,8175,8180,
294.638,8182,8173,8177,
294.649,8182,8173,8180,
294.661,8179,8175,8174,
294.669,8177,8175,8174,
294.679,8171,8173,8174,
294.69,8174,8175,8174,
294.7,8174,8175,8174,
294.707,8171,8175,8174,
294.719,8171,8173,8174,
294.727,8168,8175,8174,
294.74,8168,8175,8174,
294.75,8166,8175,8177,
294.76,8160,8175,8177,
294.768,8163,8175,8177,
294.779,8163,8175,8177,
294.789,8160,8175,8177,
294.799,8136,8178,8177,
294.812,8128,8175,8180,
294.818,8155,8175,8180,
294.829,8171,8173,8177,
294.838,8192,8170,8180,
294.846,8185,8173,8177,
294.859,8182,8175,8182,
294.867,8147,8178,8174,
294.878,8128,8178,8174,
294.887,8101,8181,8174,
294.899,8072,8183,8174,
294.908,8050,8183,8174,
294.917,8028,8188,8174,
294.928,8009,8188,8174,
294.938,7991,8191,8174,
294.95,7975,8191,8174,
294.961,7961,8193,8177,
294.969,7951,8196,8174,
294.979,7948,8196,8174,
294.987,7932,8199,8177,
294.999,7867,8193,8177,
295.007,7840,8193,8177,
295.018,7889,8204,8174,
295.029,7898,8201,8174,
295.039,7898,8204,8174,
295.047,7901,8201,8174,
295.058,7893,8206,8177,
295.068,7904,8209,8174,
295.08,7884,8204,8174,
295.088,7886,8206,8174,
295.097,7881,8209,8177,
295.107,7878,8206,8177,
295.12,7875,8206,8180,
295.129,7873,8204,8174,
295.139,7865,8206,8172,
295.147,7865,8212,8177,
295.159,7859,8209,8174,
295.17,7862,8204,8180,
295.177,7875,8214,8177,
295.19,7843,8212,8177,
295.2,7771,8199,8182,
295.208,7746,8199,8177,
295.217,7784,8214,8182,
295.23,7829,8206,8174,
295.236,7835,8204,8177,
295.248,7851,8206,8174,
295.257,7848,8222,8174,
295.267,7838,8212,8174,
295.278,7838,8214,8172,
295.287,7848,8222,8174,
295.298,7859,8206,8180,
295.306,7851,8212,8174,
295.318,7848,8217,8174,
295.326,7854,8217,8177,
295.337,7854,8212,8174,
295.348,7857,8214,8174,
295.359,7851,8209,8174,
295.367,7854,8209,8177,
295.379,7862,8209,8177,
295.388,7867,8204,8180,
295.397,7840,8196,8177,
295.408,7757,8196,8174,
295.417,7779,8204,8177,
295.428,7846,8219,8180,
295.437,7862,8212,8180,
295.447,7848,8217,8177,
295.458,7848,8217,8177,
295.466,7851,8209,8180,
295.477,7846,8214,8172,
295.488,7857,8209,8174,
295.496,7848,8214,8174,
295.509,7838,8209,8174,
295.518,7846,8212,8174,
295.528,7851,8206,8174,
295.537,7851,8214,8174,
295.549,7859,8212,8174,
295.558,7857,8214,8177,
295.568,7848,8209,8174,
295.577,7854,8212,8174,
295.589,7846,8212,8177,
295.6,7784,8199,8174,
295.605,7752,8201,8172,
295.616,7760,8209,8172,
295.63,7835,8217,8174,
295.637,7854,8212,8174,
295.647,7859,8214,8172,
295.657,7854,8212,8172,
295.668,7857,8214,8174,
295.679,7848,8209,8177,
295.687,7865,8209,8174,
295.698,7865,8214,8172,
295.708,7859,8212,8174,
295.717,7865,8214,8174,
295.727,7865,8206,8174,
295.739,7867,8217,8174,
295.747,7867,8212,8177,
295.759,7873,8212,8174,
295.77,7873,8212,8174,
295.779,7884,8212,8174,
295.787,7881,8209,8177,
295.798,7838,8201,8180,
295.807,7776,8199,8167,
295.816,7838,8206,8177,
295.827,7859,8214,8180,
295.838,7884,8206,8180,
295.847,7889,8214,8180,
295.858,7881,8206,8177,
295.866,7881,8209,8180,
295.877,7884,8214,8180,
295.888,7881,8212,8172,
295.896,7878,8212,8174,
295.907,7881,8219,8174,
295.919,7878,8206,8174,
295.925,7881,8212,8174,
295.935,7893,8204,8177,
295.949,7881,8206,8174,
295.957,7884,8209,8174,
295.968,7881,8212,8177,
295.978,7878,8209,8174,
295.987,7859,8206,8174,
295.997,7843,8199,8174,
296.006,7773,8204,8177,
296.016,7846,8214,8174,
296.028,7865,8212,8174,
296.037,7875,8206,8177,
296.045,7895,8209,8177,
296.059,7918,8201,8174,
296.066,7918,8209,8174,
296.076,7923,8199,8174,
296.088,7932,8209,8174,
296.097,7937,8209,8174,
296.107,7932,8201,8174,
296.115,7940,8204,8174,
296.128,7953,8199,8177,
296.137,7953,8199,8172,
296.146,7967,8193,8174,
296.157,7967,8191,8177,
296.166,7972,8193,8177,
296.178,7995,8193,8174,
296.187,7986,8191,8177,
296.197,7961,8183,8177,
296.206,7964,8186,8177,
296.217,8009,8188,8177,
296.228,8058,8186,8177,
296.237,8088,8181,8177,
296.246,8114,8175,8177,
296.256,8141,8173,8180,
296.265,8166,8173,8180,
296.279,8188,8170,8180,
296.286,8203,8170,8180,
296.295,8310,8201,8185,
296.307,8254,8173,8187,
296.318,8273,8175,8185,
296.326,8291,8175,8187,
296.336,8315,8175,8187,
296.347,8334,8175,8190,
296.358,8358,8175,8192,
296.366,8372,8173,8192,
296.377,8393,8175,8195,
296.387,8414,8175,8198,
296.397,8455,8175,8198,
296.407,8517,8173,8192,
296.414,8500,8173,8200,
296.426,8481,8175,8208,
296.437,8492,8178,8208,
296.446,8492,8175,8208,
296.457,8503,8175,8208,
296.465,8509,8175,8210,
296.477,8514,8175,8213,
296.486,8519,8173,8216,
296.497,8525,8173,8218,
296.506,8536,8175,8210,
296.517,8538,8175,8216,
296.526,8538,8175,8213,
296.535,8546,8173,8216,
296.546,8544,8175,8213,
296.555,8541,8175,8221,
296.564,8544,8173,8216,
296.577,8553,8173,8221,
296.587,8541,8175,8221,
296.595,8567,8173,8213,
296.604,8619,8173,8203,
296.615,8567,8178,8226,
296.627,8549,8175,8223,
296.636,8549,8175,8221,
296.646,8544,8173,8223,
296.657,8549,8175,8221,
296.665,8549,8175,8223,
296.675,8549,8173,8223,
296.688,8562,8173,8221,
296.696,8556,8173,8223,
296.705,8567,8175,8218,
296.716,8556,8175,8221,
296.727,8562,8173,8223,
296.736,8565,8175,8218,
296.747,8556,8175,8218,
296.757,8546,8175,8218,
296.765,8544,8175,8218,
296.777,8544,8175,8216,
296.786,8541,8175,8218,
296.797,8573,8173,8213,
296.807,8656,8173,8195,
296.817,8608,8173,8213,
296.828,8544,8173,8218,
296.835,8530,8173,8216,
296.845,8525,8175,8216,
296.858,8525,8173,8216,
296.865,8522,8175,8213,
296.876,8519,8175,8216,
296.886,8519,8175,8216,
296.896,8514,8173,8213,
296.905,8519,8173,8218,
296.914,8517,8178,8216,
296.925,8519,8178,8213,
296.935,8514,8175,8218,
296.946,8509,8178,8213,
296.956,8509,8175,8213,
296.967,8503,8175,8213,
296.975,8506,8178,8213,
296.984,8514,8178,8210,
296.997,8546,8178,8200,
297.006,8624,8175,8195,
297.015,8581,8175,8210,
297.025,8522,8173,8218,
297.034,8511,8175,8213,
297.048,8506,8173,8213,
297.055,8506,8175,8210,
297.065,8509,8170,8210,
297.076,8506,8173,8210,
297.087,8503,8173,8210,
297.095,8503,8173,8210,
297.106,8506,8170,8213,
297.117,8492,8173,8208,
297.126,8492,8173,8210,
297.135,8490,8173,8208,
297.143,8487,8175,8208,
297.154,8484,8175,8208,
297.168,8487,8175,8210,
297.176,8481,8175,8208,
297.186,8479,8175,8208,
297.196,8506,8175,8200,
297.205,8576,8175,8187,
297.215,8530,8175,8205,
297.226,8476,8175,8210,
297.235,8463,8173,8205,
297.246,8461,8175,8205,
297.256,8468,8173,8205,
297.264,8463,8173,8208,
297.276,8471,8173,8208,
297.286,8473,8175,8205,
297.297,8463,8175,8208,
297.305,8461,8175,8205,
297.315,8458,8175,8208,
297.324,8455,8175,8203,
297.336,8452,8175,8203,
297.344,8450,8175,8203,
297.355,8444,8175,8203,
297.364,8447,8175,8203,
297.376,8444,8175,8208,
297.387,8447,8175,8203,
297.394,8473,8173,8198,
297.404,8538,8173,8187,
297.416,8490,8173,8203,
297.426,8458,8175,8208,
297.435,8450,8175,8205,
297.446,8450,8173,8208,
297.454,8447,8173,8205,
297.465,8450,8175,8205,
297.474,8450,8175,8205,
297.485,8452,8173,8205,
297.497,8450,8173,8205,
297.507,8452,8173,8203,
297.517,8452,8175,8205,
297.523,8450,8175,8208,
297.536,8450,8175,8203,
297.546,8444,8173,8205,
297.557,8436,8173,8208,
297.565,8436,8175,8203,
297.575,8420,8173,8205,
297.584,8423,8173,8203,
297.597,8447,8175,8195,
297.603,8506,8173,8187,
297.617,8447,8175,8200,
297.623,8417,8175,8195,
297.635,8409,8173,8200,
297.645,8406,8175,8198,
297.654,8404,8173,8198,
297.664,8404,8173,8198,
297.674,8398,8175,8198,
297.684,8398,8175,8198,
297.694,8396,8175,8195,
297.706,8393,8173,8198,
297.716,8390,8173,8195,
297.727,8385,8173,8195,
297.735,8385,8175,8198,
297.745,8372,8175,8195,
297.754,8364,8173,8192,
297.765,8358,8175,8190,
297.775,8356,8175,8190,
297.786,8353,8173,8190,
297.795,8377,8175,8190,
297.803,8428,8175,8177,
297.816,8393,8175,8190,
297.824,8347,8173,8195,
297.835,8342,8175,8192,
297.845,8337,8175,8192,
297.855,8339,8173,8190,
297.864,8334,8173,8190,
297.872,8334,8175,8190,
297.887,8337,8173,8190,
297.893,8331,8175,8190,
297.904,8331,8173,8190,
297.913,8326,8173,8190,
297.925,8323,8175,8187,
297.935,8318,8173,8187,
297.943,8315,8175,8187,
297.955,8310,8175,8185,
297.964,8301,8173,8187,
297.975,8299,8173,8187,
297.984,8301,8175,8185,
297.995,8312,8175,8185,
298.006,8345,8173,8180,
298.016,8331,8175,8185,
298.022,8296,8173,8185,
298.034,8293,8175,8190,
298.044,8291,8173,8187,
298.055,8291,8173,8187,
298.064,8285,8175,8187,
298.072,8285,8175,8187,
298.083,8283,8173,8187,
298.092,8283,8175,8187,
298.104,8276,8175,8185,
298.115,8271,8175,8185,
298.125,8265,8173,8185,
298.134,8260,8175,8182,
298.144,8252,8173,8182,
298.154,8244,8173,8180,
298.163,8235,8173,8177,
298.174,8227,8175,8177,
298.184,8219,8173,8177,
298.196,8211,8173,8177,
298.205,8206,8173,8174,
298.214,8198,8175,8180,
298.223,8185,8175,8177,
298.235,8179,8175,8174,
298.242,8177,8173,8174,
298.253,8174,8175,8172,
298.264,8174,8175,8174,
298.275,8171,8173,8174,
298.283,8166,8175,8177,
298.293,8168,8175,8174,
298.304,8163,8175,8174,
298.315,8160,8175,8174,
298.324,8155,8173,8174,
298.334,8150,8175,8174,
298.345,8141,8175,8174,
298.352,8133,8175,8174,
298.363,8125,8178,8174,
298.373,8114,8178,8174,
298.383,8106,8181,8174,
298.395,8092,8183,8174,
298.404,8064,8183,8177,
298.413,8064,8186,8174,
298.425,8066,8186,8174,
298.434,8058,8183,8174,
298.443,8047,8188,8174,
298.454,8037,8186,8174,
298.463,8026,8191,8174,
298.473,8007,8188,8174,
298.483,7988,8186,8174,
298.496,7980,8191,8174,
298.502,7967,8196,8174,
298.515,7951,8199,8174,
298.524,7940,8199,8177,
298.532,7921,8199,8174,
298.543,7918,8204,8174,
298.555,7893,8201,8174,
298.564,7895,8204,8174,
298.574,7873,8206,8177,
298.585,7862,8209,8174,
298.594,7824,8196,8177,
298.605,7749,8196,8172,
298.615,7804,8219,8180,
298.623,7818,8212,8182,
298.635,7818,8214,8174,
298.643,7827,8217,8177,
298.654,7820,8222,8172,
298.663,7820,8222,8174,
298.674,7812,8227,8172,
298.684,7812,8227,8177,
298.693,7809,8217,8177,
298.703,7818,8219,8174,
298.712,7812,8212,8174,
298.725,7804,8217,8174,
298.735,7824,8212,8174,
298.742,7818,8224,8174,
298.751,7824,8214,8174,
298.764,7820,8212,8172,
298.774,7827,8222,8174,
298.782,7812,8222,8172,
298.793,7771,8193,8174,
298.804,7696,8209,8172,
298.814,7760,8214,8172,
298.823,7791,8222,8169,
298.834,7818,8227,8174,
298.844,7799,8227,8174,
298.852,7807,8232,8177,
298.861,7820,8224,8180,
298.873,7804,8217,8177,
298.883,7809,8217,8177,
298.893,7827,8217,8177,
298.903,7827,8222,8174,
298.911,7835,8214,8177,
298.92,7820,8217,8180,
298.933,7815,8214,8177,
298.942,7827,8219,8177,
298.952,7815,8224,8174,
298.963,7818,8212,8174,
298.972,7827,8227,8177,
298.983,7818,8217,8177,
298.996,7776,8206,8180,
299.002,7699,8214,8180,
299.013,7760,8217,8172,
299.024,7796,8212,8180,
299.032,7809,8222,8174,
299.044,7820,8212,8174,
299.052,7820,8222,8174,
299.061,7824,8201,8174,
299.073,7829,8224,8177,
299.081,7829,8214,8172,
299.093,7838,8224,8177,
299.102,7865,8212,8177,
299.113,7862,8209,8174,
299.124,7848,8222,8177,
299.133,7862,8209,8174,
299.144,7867,8217,8174,
299.153,7870,8217,8174,
299.162,7862,8204,8174,
299.174,7857,8217,8177,
299.182,7865,8214,8172,
299.19,7824,8199,8172,
299.203,7757,8201,8177,
299.212,7791,8206,8172,
299.224,7846,8214,8180,
299.233,7851,8201,8177,
299.247,7857,8209,8174,
299.255,7867,8217,8174,
299.263,7870,8204,8177,
299.275,7859,8206,8174,
299.285,7870,8212,8177,
299.292,7881,8214,8177,
299.302,7870,8219,8177,
299.311,7870,8217,8180,
299.323,7873,8214,8174,
299.333,7873,8209,8180,
299.343,7878,8209,8177,
299.352,7870,8217,8180,
299.362,7865,8206,8177,
299.373,7873,8206,8174,
299.382,7873,8212,8174,
299.393,7838,8199,8177,
299.401,7771,8206,8172,
299.412,7846,8217,8177,
299.422,7867,8204,8177,
299.433,7878,8212,8174,
299.442,7867,8214,8177,
299.452,7884,8206,8172,
299.461,7886,8201,8172,
299.473,7889,8209,8174,
299.483,7884,8206,8177,
299.493,7881,8209,8174,
299.503,7878,8204,8174,
299.514,7886,8209,8177,
299.523,7878,8201,8177,
299.533,7873,8214,8174,
299.542,7870,8212,8177,
299.553,7875,8217,8174,
299.562,7865,8206,8177,
299.573,7870,8209,8174,
299.582,7867,8209,8177,
299.592,7835,8204,8177,
299.601,7765,8196,8172,
299.613,7824,8212,8180,
299.622,7859,8214,8180,
299.633,7865,8209,8177,
299.642,7867,8209,8180,
299.653,7895,8209,8177,
299.662,7886,8209,8180,
299.672,7889,8201,8174,
299.683,7884,8206,8177,
299.691,7886,8209,8180,
299.704,7901,8206,8180,
299.71,7901,8199,8177,
299.724,7901,8201,8177,
299.73,7906,8209,8180,
299.742,7921,8209,8180,
299.754,7926,8199,8177,
299.761,7937,8199,8177,
299.774,7934,8201,8177,
299.781,7942,8199,8177,
299.792,7926,8199,8174,
299.801,7870,8186,8174,
299.811,7953,8201,8177,
299.822,7961,8199,8172,
299.831,7983,8193,8177,
299.843,7995,8191,8174,
299.851,8023,8193,8174,
299.86,8026,8183,8174,
299.871,8050,8186,8174,
299.88,8069,8181,8180,
299.89,8088,8178,8177,
299.9,8114,8175,8177,
299.91,8136,8175,8177,
299.922,8155,8173,8177,
299.933,8174,8173,8180,
299.945,8192,8173,8177,
299.953,8203,8170,8177,
299.96,8291,8209,8167,
299.972,8244,8170,8187,
299.981,8263,8175,8182,
299.99,8283,8175,8185,
300.003,8331,8173,8185,
300.012,8353,8175,8187,
300.02,8347,8173,8192,
300.032,8369,8175,8192,
300.041,8387,8175,8195,
300.049,8412,8175,8198,
300.06,8431,8175,8203,
300.071,8444,8175,8200,
300.083,8452,8175,8205,
300.091,8468,8173,8205,
300.101,8468,8175,8205,
300.112,8473,8173,8205,
300.122,8476,8173,8208,
300.134,8479,8175,8205,
300.14,8481,8173,8205,
300.151,8481,8173,8208,
300.161,8479,8175,8208,
300.169,8479,8178,8205,
300.183,8481,8178,8205,
300.192,8500,8178,8205,
300.201,8546,8178,8195,
300.209,8509,8175,8208,
300.221,8487,8178,8208,
300.232,8479,8181,8208,
300.243,8476,8178,8208,
300.251,8468,8175,8208,
300.261,8479,8178,8208,
300.271,8484,8175,8205,
300.282,8484,8175,8205,
300.291,8484,8173,8208,
300.302,8484,8175,8208,
300.311,8484,8173,8213,
300.322,8484,8173,8210,
300.333,8487,8173,8208,
300.34,8492,8175,8208,
300.351,8487,8175,8210,
300.36,8484,8175,8210,
300.372,8487,8173,8210,
300.381,8490,8173,8210,
300.392,8503,8178,8203,
300.402,8567,8173,8198,
300.411,8538,8173,8208,
300.422,8500,8175,8213,
300.433,8492,8173,8210,
300.439,8490,8173,8208,
300.453,8484,8173,8208,
300.461,8484,8175,8208,
300.472,8484,8173,8208,
300.484,8481,8175,8208,
300.492,8476,8173,8210,
300.5,8484,8173,8210,
300.51,8487,8175,8210,
300.52,8490,8175,8210,
300.531,8492,8175,8210,
300.539,8492,8173,8213,
300.55,8495,8175,8213,
300.561,8495,8175,8216,
300.572,8492,8175,8213,
300.582,8500,8175,8213,
300.592,8536,8175,8208,
300.6,8613,8175,8192,
300.611,8544,8175,8208,
300.622,8500,8175,8216,
300.628,8492,8175,8210,
300.641,8492,8175,8210,
300.65,8487,8178,8210,
300.663,8487,8175,8208,
300.67,8481,8173,8208,
300.681,8479,8175,8213,
300.689,8476,8175,8213,
300.702,8476,8175,8210,
300.711,8463,8173,8205,
300.721,8461,8175,8208,
300.73,8458,8173,8208,
300.739,8458,8173,8208,
300.75,8452,8175,8208,
300.758,8447,8173,8205,
300.771,8439,8175,8200,
300.783,8436,8173,8203,
300.791,8473,8173,8195,
300.8,8546,8173,8190,
300.811,8487,8175,8203,
300.821,8431,8175,8208,
300.832,8425,8175,8203,
300.84,8417,8173,8203,
300.851,8417,8173,8205,
300.861,8412,8175,8200,
300.87,8409,8173,8200,
300.881,8404,8173,8200,
300.89,8409,8175,8203,
300.899,8412,8175,8200,
300.91,8412,8173,8200,
300.92,8409,8175,8203,
300.931,8414,8173,8203,
300.94,8414,8173,8203,
300.952,8412,8175,8200,
300.96,8412,8175,8203,
300.971,8406,8178,8203,
300.982,8414,8173,8200,
300.99,8452,8173,8192,
301.001,8536,8175,8190,
301.01,8517,8175,8185,
301.019,8431,8173,8200,
301.031,8414,8173,8200,
301.04,8406,8175,8203,
301.052,8404,8173,8198,
301.06,8406,8170,8198,
301.071,8404,8173,8198,
301.081,8401,8173,8195,
301.092,8398,8175,8198,
301.101,8401,8175,8198,
301.11,8396,8173,8200,
301.122,8390,8173,8200,
301.131,8387,8175,8200,
301.139,8387,8175,8198,
301.151,8385,8173,8198,
301.161,8385,8175,8198,
301.171,8385,8173,8198,
301.18,8379,8175,8198,
301.191,8393,8173,8195,
301.201,8450,8173,8185,
301.21,8433,8175,8195,
301.221,8379,8173,8198,
301.231,8369,8173,8195,
301.239,8369,8173,8192,
301.25,8366,8175,8195,
301.26,8358,8173,8192,
301.269,8356,8175,8192,
301.277,8358,8175,8195,
301.291,8353,8173,8195,
301.302,8356,8173,8192,
301.31,8358,8173,8190,
301.32,8356,8175,8192,
301.33,8353,8175,8192,
301.34,8353,8173,8192,
301.348,8350,8173,8192,
301.359,8347,8175,8192,
301.369,8347,8173,8192,
301.381,8347,8175,8190,
301.39,8377,8173,8187,
301.399,8414,8173,8185,
301.411,8372,8173,8190,
301.42,8339,8175,8187,
301.429,8342,8173,8192,
301.438,8342,8173,8190,
301.449,8337,8173,8187,
301.46,8334,8173,8190,
301.469,8334,8173,8190,
301.478,8329,8175,8190,
301.49,8329,8173,8190,
301.501,8323,8175,8187,
301.509,8318,8173,8187,
301.52,8315,8175,8187,
301.529,8315,8175,8187,
301.541,8312,8175,8187,
301.549,8307,8178,8187,
301.561,8301,8178,8187,
301.569,8296,8175,8185,
301.582,8291,8178,8185,
301.59,8288,8178,8182,
301.599,8320,8175,8177,
301.607,8296,8178,8185,
301.619,8283,8175,8180,
301.628,8283,8175,8185,
301.641,8279,8173,8182,
301.648,8276,8175,8185,
301.661,8273,8175,8185,
301.669,8268,8173,8182,
301.68,8263,8173,8182,
301.69,8257,8173,8180,
301.698,8252,8173,8180,
301.709,8244,8175,8180,
301.718,8235,8175,8180,
301.731,8227,8175,8177,
301.738,8219,8175,8177,
301.75,8208,8175,8177,
301.759,8200,8175,8174,
301.77,8192,8175,8174,
301.78,8182,8175,8174,
301.789,8177,8175,8174,
301.799,8168,8178,8172,
301.808,8171,8175,8174,
301.818,8163,8173,8174,
301.828,8155,8175,8177,
301.839,8150,8175,8174,
301.847,8147,8175,8174,
301.858,8147,8175,8174,
301.87,8144,8175,8174,
301.88,8141,8175,8174,
301.889,8141,8175,8174,
301.897,8141,8175,8174,
301.908,8141,8175,8174,
301.919,8139,8175,8174,
301.93,8139,8175,8177,
301.939,8136,8175,8177,
301.95,8136,8175,8177,
301.959,8131,8178,8177,
301.97,8128,8175,8177,
301.978,8120,8178,8177,
301.991,8106,8178,8180,
301.998,8083,8186,8177,
302.009,8092,8181,8180,
302.018,8080,8181,8180,
302.029,8069,8183,8174,
302.039,8061,8183,8174,
302.049,8045,8186,8174,
302.057,8037,8183,8174,
302.068,8020,8188,8174,
302.079,8009,8193,8174,
302.088,7988,8191,8174,
302.1,7978,8188,8174,
302.109,7961,8188,8177,
302.119,7956,8196,8174,
302.127,7942,8196,8177,
302.138,7915,8191,8174,
302.148,7906,8201,8174,
302.159,7881,8199,8174,
302.168,7870,8201,8177,
302.177,7867,8214,8172,
302.19,7807,8193,8174,
302.198,7752,8196,8172,
302.208,7760,8204,8174,
302.218,7827,8219,8174,
302.231,7848,8214,8177,
302.239,7846,8217,8177,
302.248,7846,8206,8177,
302.26,7851,8209,8174,
302.269,7854,8214,8177,
302.279,7857,8201,8180,
302.287,7857,8212,8177,
302.299,7862,8217,8177,
302.308,7838,8214,8182,
302.319,7840,8212,8180,
302.33,7835,8214,8177,
302.339,7829,8219,8174,
302.347,7840,8209,8174,
302.359,7818,8222,8174,
302.367,7827,8217,8180,
302.379,7832,8214,8172,
302.39,7757,8206,8177,
302.396,7707,8201,8167,
302.408,7715,8212,8174,
302.417,7799,8227,8177,
302.431,7812,8217,8174,
302.437,7815,8219,8172,
302.449,7824,8214,8172,
302.457,7809,8227,8172,
302.466,7815,8222,8177,
302.478,7820,8214,8174,
302.487,7838,8217,8177,
302.499,7824,8219,8174,
302.508,7829,8212,8174,
302.516,7843,8212,8177,
302.527,7832,8217,8177,
302.537,7859,8222,8177,
302.548,7854,8206,8177,
302.558,7848,8209,8180,
302.569,7846,8224,8177,
302.578,7840,8209,8177,
302.589,7793,8196,8177,
302.598,7746,8201,8182,
302.607,7804,8214,8182,
302.62,7848,8206,8174,
302.629,7851,8206,8177,
302.639,7854,8209,8177,
302.647,7851,8209,8180,
302.658,7851,8212,8177,
302.667,7865,8199,8177,
302.676,7851,8214,8177,
302.687,7870,8209,8177,
302.697,7854,8212,8177,
302.709,7843,8214,8180,
302.719,7843,8219,8177,
302.728,7840,8227,8177,
302.738,7829,8219,8180,
302.748,7832,8212,8177,
302.759,7838,8212,8177,
302.767,7824,8214,8177,
302.778,7829,8224,8180,
302.787,7784,8206,8174,
302.798,7729,8204,8172,
302.808,7779,8214,8177,
302.817,7824,8219,8180,
302.827,7824,8212,8177,
302.839,7835,8214,8177,
302.846,7832,8209,8174,
302.859,7843,8209,8180,
302.869,7838,8209,8172,
302.878,7854,8212,8174,
302.886,7846,8212,8174,
302.898,7862,8209,8172,
302.908,7843,8212,8172,
302.916,7840,8219,8169,
302.927,7832,8214,8177,
302.935,7843,8209,8174,
302.946,7829,8217,8177,
302.957,7846,8219,8174,
302.969,7840,8217,8177,
302.977,7843,8206,8174,
302.988,7807,8209,8182,
302.998,7733,8199,8182,
303.008,7801,8217,8177,
303.017,7829,8206,8172,
303.027,7832,8214,8180,
303.038,7851,8209,8177,
303.047,7846,8222,8180,
303.058,7862,8222,8180,
303.067,7857,8217,8177,
303.078,7867,8199,8180,
303.089,7859,8206,8180,
303.097,7870,8206,8177,
303.107,7859,8219,8180,
303.117,7875,8209,8180,
303.128,7875,8206,8180,
303.136,7886,8209,8180,
303.148,7884,8204,8177,
303.156,7893,8212,8174,
303.168,7901,8206,8174,
303.176,7889,8201,8174,
303.187,7862,8206,8174,
303.196,7829,8193,8180,
303.208,7843,8201,8172,
303.217,7915,8206,8180,
303.228,7921,8204,8177,
303.237,7926,8199,8174,
303.248,7945,8204,8174,
303.256,7961,8193,8180,
303.267,7975,8196,8177,
303.277,7983,8196,8177,
303.287,7998,8196,8177,
303.296,8018,8183,8180,
303.311,8042,8193,8177,
303.317,8053,8183,8177,
303.328,8077,8183,8180,
303.339,8092,8181,8177,
303.347,8109,8178,8177,
303.358,8128,8175,8177,
303.366,8141,8173,8174,
303.379,8155,8173,8174,
303.387,8166,8173,8174,
303.397,8179,8173,8174,
303.408,8195,8173,8177,
303.418,8200,8173,8177,
303.426,8235,8159,8192,
303.438,8233,8175,8180,
303.447,8235,8175,8180,
303.457,8246,8173,8182,
303.465,8260,8173,8182,
303.476,8271,8175,8185,
303.486,8279,8173,8185,
303.496,8291,8173,8185,
303.508,8304,8175,8187,
303.517,8318,8175,8187,
303.526,8326,8173,8190,
303.535,8339,8175,8190,
303.545,8350,8173,8192,
303.557,8364,8173,8192,
303.564,8379,8173,8195,
303.575,8393,8173,8198,
303.587,8423,8173,8195,
303.598,8468,8173,8192,
303.608,8458,8173,8200,
303.616,8436,8175,8200,
303.627,8442,8175,8200,
303.635,8444,8173,8205,
303.646,8442,8173,8205,
303.657,8452,8175,8203,
303.668,8452,8175,8205,
303.676,8458,8175,8208,
303.688,8468,8173,8208,
303.698,8461,8175,8208,
303.706,8463,8175,8208,
303.717,8468,8175,8205,
303.727,8473,8173,8208,
303.74,8479,8173,8208,
303.744,8479,8173,8210,
303.755,8481,8173,8210,
303.767,8490,8175,8210,
303.777,8487,8173,8205,
303.787,8511,8173,8205,
303.798,8567,8173,8198,
303.808,8514,8175,8210,
303.817,8492,8173,8210,
303.827,8503,8175,8208,
303.838,8495,8175,8213,
303.846,8495,8175,8216,
303.856,8495,8175,8208,
303.864,8500,8178,8210,
303.88,8498,8178,8210,
303.886,8498,8178,8213,
303.895,8492,8178,8210,
303.907,8495,8178,8213,
303.917,8500,8175,8210,
303.926,8490,8178,8210,
303.937,8490,8175,8210,
303.947,8490,8175,8208,
303.958,8490,8173,8210,
303.967,8490,8173,8210,
303.976,8492,8175,8205,
303.988,8525,8173,8200,
303.997,8597,8175,8192,
304.006,8538,8173,8210,
304.014,8498,8173,8213,
304.027,8492,8173,8208,
304.035,8492,8175,8210,
304.047,8492,8173,8210,
304.056,8495,8173,8210,
304.066,8495,8175,8210,
304.076,8495,8175,8210,
304.087,8495,8175,8205,
304.096,8492,8173,8210,
304.106,8490,8175,8210,
304.116,8490,8175,8208,
304.128,8484,8173,8210,
304.137,8487,8173,8210,
304.148,8481,8173,8210,
304.159,8490,8173,8205,
304.167,8481,8175,8208,
304.178,8484,8173,8205,
304.186,8530,8173,8200,
304.198,8611,8175,8190,
304.207,8541,8175,8205,
304.216,8479,8175,8213,
304.227,8473,8173,8208,
304.237,8473,8173,8205,
304.249,8468,8175,8208,
304.256,8463,8175,8210,
304.266,8468,8173,8208,
304.278,8461,8175,8205,
304.288,8452,8175,8205,
304.297,8455,8175,8203,
304.306,8452,8175,8203,
304.315,8447,8175,8205,
304.327,8447,8175,8203,
304.336,8442,8175,8205,
304.348,8442,8173,8203,
304.357,8436,8175,8205,
304.366,8439,8173,8203,
304.376,8433,8175,8203,
304.385,8452,8173,8198,
304.397,8530,8175,8185,
304.408,8511,8173,8198,
304.415,8436,8175,8205,
304.427,8425,8175,8200,
304.436,8420,8175,8198,
304.446,8417,8175,8200,
304.456,8417,8175,8198,
304.465,8414,8175,8198,
304.476,8409,8175,8200,
304.486,8414,8175,8198,
304.496,8409,8173,8200,
304.504,8406,8175,8198,
304.516,8406,8175,8198,
304.526,8406,8173,8198,
304.535,8404,8175,8198,
304.547,8409,8173,8195,
304.556,8404,8175,8198,
304.567,8409,8175,8198,
304.575,8412,8173,8198,
304.588,8452,8175,8192,
304.596,8525,8173,8187,
304.605,8514,8175,8192,
304.616,8428,8175,8203,
304.625,8412,8173,8198,
304.634,8406,8173,8198,
304.644,8404,8175,8198,
304.658,8398,8175,8198,
304.667,8398,8175,8195,
304.675,8393,8173,8198,
304.685,8393,8175,8198,
304.695,8387,8175,8198,
304.705,8387,8173,8195,
304.716,8387,8173,8195,
304.725,8377,8173,8195,
304.736,8377,8175,8195,
304.744,8366,8175,8192,
304.758,8361,8175,8192,
304.765,8356,8175,8192,
304.775,8356,8175,8192,
304.784,8366,8175,8190,
304.796,8431,8175,8185,
304.805,8396,8173,8192,
304.816,8353,8173,8192,
304.827,8350,8173,8192,
304.835,8347,8175,8192,
304.845,8347,8173,8192,
304.855,8345,8175,8190,
304.866,8339,8173,8192,
304.876,8339,8175,8190,
304.884,8334,8175,8190,
304.894,8331,8175,8192,
304.904,8329,8175,8190,
304.913,8323,8175,8190,
304.926,8320,8173,8187,
304.935,8312,8175,8190,
304.943,8307,8173,8187,
304.954,8304,8173,8187,
304.965,8301,8175,8187,
304.975,8299,8175,8187,
304.983,8307,8173,8185,
304.994,8334,8173,8180,
305.006,8310,8173,8187,
305.015,8288,8173,8190,
305.024,8288,8173,8187,
305.032,8291,8173,8185,
305.044,8288,8175,8185,
305.053,8288,8175,8185,
305.063,8285,8173,8185,
305.075,8283,8175,8187,
305.083,8283,8173,8185,
305.096,8283,8175,8185,
305.103,8283,8175,8185,
305.118,8279,8178,8182,
305.127,8273,8178,8182,
305.134,8268,8178,8182,
305.144,8265,8175,8182,
305.156,8263,8178,8182,
305.165,8263,8178,8180,
305.175,8257,8178,8182,
305.183,8263,8178,8180,
305.195,8283,8175,8177,
305.206,8263,8175,8182,
305.216,8252,8175,8182,
305.224,8249,8173,8180,
305.233,8249,8173,8182,
305.243,8246,8173,8182,
305.257,8246,8175,8180,
305.265,8246,8173,8180,
305.273,8246,8175,8180,
305.285,8246,8175,8180,
305.294,8246,8175,8180,
305.305,8246,8173,8185,
305.315,8246,8173,8182,
305.324,8244,8175,8182,
305.334,8241,8173,8182,
305.345,8238,8173,8180,
305.354,8233,8173,8182,
305.363,8230,8173,8182,
305.374,8227,8173,8180,
305.386,8225,8173,8180,
305.398,8235,8175,8177,
305.404,8222,8173,8182,
305.415,8208,8173,8177,
305.425,8214,8175,8177,
305.436,8208,8175,8177,
305.442,8208,8173,8177,
305.453,8203,8173,8177,
305.464,8203,8175,8177,
305.475,8200,8175,8177,
305.485,8195,8175,8177,
305.494,8192,8173,8174,
305.502,8185,8175,8177,
305.514,8182,8175,8174,
305.524,8174,8173,8174,
305.536,8171,8175,8174,
305.543,8166,8175,8174,
305.553,8147,8175,8182,
305.564,8144,8178,8177,
305.574,8136,8178,8174,
305.584,8120,8178,8177,
305.593,8088,8178,8174,
305.604,8085,8181,8177,
305.615,8085,8181,8180,
305.626,8072,8181,8177,
305.633,8055,8181,8177,
305.643,8045,8186,8177,
305.654,8028,8186,8177,
305.664,8009,8186,8177,
305.676,7998,8186,8177,
305.682,7978,8193,8180,
305.693,7961,8199,8180,
305.702,7945,8199,8180,
305.713,7923,8201,8177,
305.723,7929,8204,8174,
305.735,7895,8204,8177,
305.745,7884,8204,8174,
305.755,7870,8217,8177,
305.765,7851,8206,8180,
305.775,7840,8209,8177,
305.785,7801,8212,8180,
305.794,7713,8204,8172,
305.803,7773,8219,8174,
305.814,7804,8212,8172,
305.825,7804,8212,8172,
305.834,7829,8214,8177,
305.846,7807,8214,8174,
305.853,7807,8224,8172,
305.867,7804,8209,8174,
305.872,7827,8219,8174,
305.884,7815,8217,8174,
305.895,7827,8217,8174,
305.904,7812,8217,8174,
305.913,7832,8217,8174,
305.924,7827,8209,8177,
305.935,7824,8232,8174,
305.946,7804,8217,8177,
305.954,7824,8222,8174,
305.964,7832,8217,8174,
305.975,7812,8224,8177,
305.983,7773,8209,8177,
305.994,7710,8199,8180,
306.003,7721,8206,8177,
306.016,7799,8222,8177,
306.024,7820,8212,8177,
306.035,7835,8214,8174,
306.041,7838,8222,8177,
306.053,7818,8214,8174,
306.062,7815,8217,8177,
306.075,7820,8217,8174,
306.081,7820,8222,8172,
306.094,7832,8214,8174,
306.103,7829,8224,8177,
306.115,7827,8214,8174,
306.124,7829,8217,8177,
306.134,7824,8214,8172,
306.149,7820,8217,8177,
306.154,7820,8217,8174,
306.166,7843,8217,8172,
306.174,7840,8224,8174,
306.182,7812,8199,8172,
306.193,7746,8209,8174,
306.204,7818,8219,8180,
306.215,7832,8206,8174,
306.221,7843,8222,8172,
306.234,7859,8212,8174,
306.245,7862,8206,8174,
306.251,7862,8219,8177,
306.264,7867,8206,8174,
306.273,7857,8214,8177,
306.283,7881,8212,8172,
306.294,7862,8217,8174,
306.301,7859,8209,8174,
306.314,7865,8212,8177,
306.322,7857,8206,8177,
306.333,7867,8206,8174,
306.342,7867,8217,8172,
306.354,7878,8206,8177,
306.365,7889,8212,8177,
306.372,7878,8212,8177,
306.383,7859,8201,8177,
306.392,7771,8196,8172,
306.404,7809,8201,8172,
306.414,7870,8209,8177,
306.421,7873,8209,8174,
306.432,7875,8199,8177,
306.44,7881,8217,8180,
306.451,7884,8209,8177,
306.464,7875,8201,8180,
306.474,7884,8206,8177,
306.485,7884,8212,8174,
306.492,7901,8209,8180,
306.503,7895,8209,8182,
306.514,7898,8209,8177,
306.523,7886,8206,8174,
306.532,7901,8212,8177,
306.542,7904,8217,8172,
306.551,7904,8209,8177,
306.563,7915,8214,8174,
306.573,7909,8204,8174,
306.582,7873,8188,8174,
306.594,7812,8196,8174,
306.603,7846,8201,8169,
306.611,7895,8206,8174,
306.624,7906,8199,8172,
306.634,7904,8219,8174,
306.641,7909,8204,8177,
306.651,7904,8201,8177,
306.662,7898,8206,8177,
306.674,7898,8206,8177,
306.681,7906,8206,8174,
306.694,7909,8217,8174,
306.704,7904,8206,8174,
306.712,7898,8209,8174,
306.723,7895,8204,8174,
306.732,7901,8206,8174,
306.741,7904,8204,8174,
306.752,7909,8201,8174,
306.764,7909,8206,8174,
306.772,7912,8199,8174,
306.782,7878,8204,8177,
306.791,7818,8193,8172,
306.804,7878,8209,8172,
306.813,7906,8212,8172,
306.822,7915,8199,8177,
306.831,7921,8204,8174,
306.842,7929,8206,8177,
306.853,7915,8196,8177,
306.861,7926,8206,8174,
306.874,7934,8196,8177,
306.883,7934,8193,8174,
306.893,7940,8196,8180,
306.903,7945,8201,8177,
306.913,7940,8193,8177,
306.923,7951,8199,8177,
306.931,7956,8199,8177,
306.941,7961,8199,8177,
306.954,7956,8199,8177,
306.963,7948,8196,8177,
306.973,7945,8196,8177,
306.981,7915,8196,8177,
306.993,7857,8193,8177,
307.002,7915,8204,8177,
307.015,7932,8199,8177,
307.021,7940,8199,8180,
307.032,7945,8204,8180,
307.043,7948,8204,8180,
307.054,7953,8191,8174,
307.06,7959,8199,8177,
307.072,7978,8191,8174,
307.083,7980,8196,8174,
307.092,7991,8188,8177,
307.103,8003,8193,8174,
307.114,8018,8186,8174,
307.121,8037,8186,8174,
307.13,8050,8183,8174,
307.14,8069,8183,8174,
307.152,8083,8183,8174,
307.162,8106,8178,8177,
307.171,8125,8178,8174,
307.182,8139,8175,8174,
307.191,8152,8173,8174,
307.2,8179,8173,8174,
307.211,8192,8173,8174,
307.223,8208,8173,8177,
307.231,8192,8173,8172,
307.241,8244,8175,8182,
307.25,8260,8175,8185,
307.26,8283,8175,8187,
307.272,8299,8173,8187,
307.281,8318,8175,8190,
307.292,8337,8175,8192,
307.303,8353,8175,8190,
307.314,8369,8175,8198,
307.322,8385,8175,8198,
307.332,8401,8175,8200,
307.342,8412,8175,8200,
307.354,8423,8175,8200,
307.361,8428,8173,8203,
307.37,8436,8175,8203,
307.382,8471,8173,8195,
307.391,8511,8175,8195,
307.4,8481,8175,8205,
307.411,8450,8175,8200,
307.421,8442,8175,8205,
307.435,8442,8175,8203,
307.441,8439,8173,8203,
307.451,8433,8175,8203,
307.46,8439,8173,8203,
307.472,8433,8173,8200,
307.48,8439,8175,8200,
307.491,8433,8175,8205,
307.499,8442,8173,8203,
307.51,8442,8173,8203,
307.523,8444,8173,8205,
307.532,8447,8175,8205,
307.541,8450,8175,8203,
307.552,8452,8173,8203,
307.562,8455,8173,8205,
307.57,8461,8175,8205,
307.582,8487,8175,8203,
307.591,8533,8175,8192,
307.599,8490,8175,8208,
307.612,8471,8178,8203,
307.62,8476,8178,8203,
307.629,8468,8178,8205,
307.64,8476,8178,8208,
307.653,8481,8178,8208,
307.659,8479,8178,8208,
307.672,8484,8178,8208,
307.68,8481,8178,8205,
307.694,8487,8178,8208,
307.7,8481,8178,8208,
307.711,8484,8175,8213,
307.721,8481,8178,8210,
307.732,8481,8178,8210,
307.741,8476,8178,8208,
307.749,8476,8175,8208,
307.76,8463,8178,8210,
307.772,8471,8178,8205,
307.78,8490,8178,8203,
307.79,8541,8175,8190,
307.8,8511,8175,8203,
307.811,8461,8178,8205,
307.822,8455,8175,8203,
307.83,8450,8173,8205,
307.843,8444,8175,8203,
307.849,8447,8175,8205,
307.862,8447,8175,8205,
307.871,8447,8175,8203,
307.881,8450,8175,8208,
307.892,8452,8173,8203,
307.901,8450,8175,8208,
307.912,8450,8175,8205,
307.92,8452,8173,8205,
307.932,8447,8175,8205,
307.941,8447,8175,8205,
307.951,8442,8173,8203,
307.96,8439,8175,8203,
307.968,8436,8175,8205,
307.982,8461,8175,8198,
307.991,8533,8175,8190,
307.999,8487,8175,8200,
308.01,8433,8173,8205,
308.019,8428,8173,8203,
308.029,8425,8173,8200,
308.04,8417,8173,8203,
308.05,8417,8175,8200,
308.059,8414,8173,8200,
308.069,8409,8175,8200,
308.083,8409,8173,8200,
308.089,8406,8175,8200,
308.1,8406,8175,8200,
308.109,8406,8175,8200,
308.12,8404,8173,8200,
308.131,8398,8178,8203,
308.141,8401,8178,8200,
308.151,8393,8178,8200,
308.16,8396,8178,8200,
308.17,8401,8178,8198,
308.179,8417,8178,8195,
308.191,8481,8178,8185,
308.199,8471,8175,8195,
308.212,8406,8178,8200,
308.22,8401,8178,8200,
308.231,8401,8178,8198,
308.239,8401,8173,8198,
308.25,8398,8173,8198,
308.258,8401,8173,8198,
308.271,8396,8173,8198,
308.281,8396,8175,8198,
308.301,8396,8173,8198,
308.303,8396,8173,8198,
308.312,8393,8173,8198,
308.318,8393,8173,8198,
308.331,8390,8175,8195,
308.339,8390,8173,8198,
308.35,8387,8175,8195,
308.362,8387,8173,8195,
308.371,8387,8175,8195,
308.38,8406,8173,8195,
308.391,8468,8173,8182,
308.401,8455,8175,8195,
308.41,8393,8175,8203,
308.422,8390,8175,8198,
308.428,8393,8175,8200,
308.44,8390,8173,8200,
308.451,8390,8173,8200,
308.46,8387,8173,8198,
308.469,8385,8175,8198,
308.482,8377,8175,8198,
308.489,8379,8175,8198,
308.502,8372,8175,8198,
308.511,8369,8173,8198,
308.519,8366,8173,8195,
308.531,8364,8175,8198,
308.541,8364,8175,8195,
308.549,8366,8173,8195,
308.559,8364,8173,8195,
308.571,8364,8173,8195,
308.583,8379,8173,8192,
308.592,8433,8173,8182,
308.598,8401,8173,8192,
308.611,8356,8173,8192,
308.621,8353,8173,8192,
308.631,8353,8175,8192,
308.641,8353,8175,8190,
308.65,8350,8175,8195,
308.66,8347,8173,8190,
308.669,8347,8175,8190,
308.68,8342,8173,8190,
308.69,8342,8175,8195,
308.698,8342,8175,8192,
308.714,8342,8173,8192,
308.722,8339,8173,8192,
308.727,8337,8173,8192,
308.74,8331,8175,8192,
308.751,8334,8173,8192,
308.76,8329,8175,8192,
308.768,8329,8175,8192,
308.78,8337,8175,8192,
308.789,8361,8168,8187,
308.8,8337,8173,8192,
308.81,8323,8175,8190,
308.82,8323,8173,8192,
308.829,8320,8173,8190,
308.841,8320,8175,8190,
308.849,8318,8175,8190,
308.858,8318,8175,8190,
308.869,8315,8173,8190,
308.885,8315,8173,8190,
308.888,8312,8175,8190,
308.899,8307,8173,8190,
308.909,8307,8173,8190,
308.919,8307,8175,8190,
308.928,8304,8173,8190,
308.94,8301,8173,8187,
308.947,8299,8173,8187,
308.96,8293,8173,8187,
308.969,8291,8175,8187,
308.98,8299,8175,8185,
308.989,8323,8173,8182,
309,8315,8175,8185,
309.009,8285,8175,8182,
309.02,8283,8175,8185,
309.03,8283,8173,8185,
309.042,8283,8175,8185,
309.049,8279,8175,8182,
309.06,8279,8175,8185,
309.069,8276,8175,8182,
309.079,8273,8175,8185,
309.088,8273,8175,8182,
309.1,8271,8173,8182,
309.11,8268,8175,8182,
309.12,8265,8175,8182,
309.131,8263,8175,8182,
309.138,8263,8175,8182,
309.149,8260,8173,8182,
309.159,8257,8175,8182,
309.17,8254,8175,8182,
309.18,8257,8175,8180,
309.189,8268,8173,8177,
309.197,8254,8173,8185,
309.209,8241,8175,8180,
309.218,8235,8175,8180,
309.23,8233,8175,8180,
309.241,8227,8175,8182,
309.249,8222,8175,8180,
309.261,8217,8173,8180,
309.269,8208,8175,8180,
309.278,8203,8173,8180,
309.29,8198,8175,8180,
309.3,8195,8175,8177,
309.308,8185,8175,8174,
309.317,8182,8173,8174,
309.328,8179,8175,8174,
309.342,8179,8175,8174,
309.349,8177,8175,8174,
309.361,8177,8173,8174,
309.369,8177,8175,8174,
309.38,8174,8173,8174,
309.391,8171,8173,8174,
309.4,8166,8173,8174,
309.409,8163,8175,8180,
309.42,8155,8175,8177,
309.43,8141,8175,8177,
309.442,8131,8178,8177,
309.449,8120,8178,8177,
309.459,8109,8178,8177,
309.47,8097,8178,8177,
309.478,8088,8178,8177,
309.488,8077,8181,8177,
309.499,8066,8181,8180,
309.509,8053,8186,8177,
309.521,8039,8183,8177,
309.53,8028,8188,8177,
309.539,8018,8188,8177,
309.548,8009,8186,8177,
309.557,7998,8193,8180,
309.569,7988,8193,8177,
309.579,7964,8188,8177,
309.587,7909,8188,8177,
309.598,7959,8199,8180,
309.609,7953,8196,8169,
309.621,7956,8199,8174,
309.627,7959,8199,8174,
309.638,7945,8199,8174,
309.651,7942,8204,8174,
309.657,7959,8199,8174,
309.669,7921,8201,8172,
309.677,7921,8201,8174,
309.69,7915,8196,8174,
309.698,7918,8201,8174,
309.708,7909,8196,8174,
309.719,7901,8199,8174,
309.728,7912,8196,8177,
309.739,7898,8206,8177,
309.749,7909,8204,8177,
309.758,7909,8204,8174,
309.769,7906,8201,8177,
309.78,7867,8193,8174,
309.79,7818,8196,8177,
309.799,7875,8206,8174,
309.81,7912,8206,8174,
309.821,7904,8201,8177,
309.827,7901,8209,8174,
309.837,7898,8206,8174,
309.851,7906,8212,8174,
309.857,7898,8199,8172,
309.868,7909,8209,8174,
309.878,7898,8209,8174,
309.89,7906,8209,8174,
309.897,7895,8201,8174,
309.91,7895,8204,8174,
309.916,7901,8201,8174,
309.927,7915,8206,8174,
309.94,7909,8201,8177,
309.951,7912,8199,8177,
309.957,7909,8214,8174,
309.968,7904,8199,8172,
309.981,7846,8186,8177,
309.987,7807,8199,8174,
309.999,7859,8209,8177,
310.006,7886,8209,8177,
310.016,7901,8209,8177,
310.028,7898,8204,8174,
310.038,7906,8212,8174,
310.048,7915,8201,8174,
310.057,7915,8201,8174,
310.069,7909,8201,8174,
310.078,7918,8206,8174,
310.086,7921,8196,8177,
310.099,7926,8204,8174,
310.105,7923,8201,8174,
310.121,7923,8204,8174,
310.126,7923,8199,8177,
310.136,7926,8199,8177,
310.148,7926,8193,8180,
310.158,7934,8212,8177,
310.167,7918,8204,8180,
310.177,7901,8196,8180,
310.188,7838,8193,8177,
310.199,7859,8201,8177,
310.207,7909,8201,8180,
310.215,7921,8206,8180,
310.229,7923,8204,8177,
310.238,7940,8201,8174,
310.248,7932,8193,8174,
310.256,7937,8204,8174,
310.266,7934,8199,8174,
310.277,7937,8201,8174,
310.286,7948,8196,8174,
310.3,7940,8196,8177,
310.306,7945,8186,8174,
310.316,7934,8199,8174,
310.327,7948,8193,8177,
310.337,7942,8199,8177,
310.348,7934,8206,8177,
310.359,7942,8196,8177,
310.368,7945,8204,8180,
310.377,7904,8193,8174,
310.387,7851,8193,8174,
310.396,7878,8201,8180,
310.407,7921,8209,8177,
310.415,7932,8193,8177,
310.427,7937,8199,8174,
310.438,7942,8201,8174,
310.447,7942,8196,8174,
310.456,7948,8196,8174,
310.466,7951,8201,8174,
310.478,7948,8199,8174,
310.486,7942,8193,8177,
310.497,7956,8201,8177,
310.51,7961,8193,8174,
310.515,7953,8199,8174,
310.527,7964,8199,8174,
310.538,7948,8196,8177,
310.547,7953,8196,8174,
310.557,7953,8201,8177,
310.567,7953,8201,8174,
310.577,7926,8196,8174,
310.589,7881,8188,8180,
310.597,7906,8193,8172,
310.606,7945,8199,8174,
310.617,7959,8193,8174,
310.625,7967,8196,8174,
310.637,7967,8193,8174,
310.647,7961,8193,8174,
310.657,7964,8199,8174,
310.665,7967,8193,8177,
310.677,7970,8193,8174,
310.684,7956,8199,8174,
310.698,7961,8199,8174,
310.706,7970,8201,8174,
310.717,7961,8196,8174,
310.727,7961,8199,8174,
310.737,7967,8199,8174,
310.747,7970,8199,8177,
310.756,7961,8188,8174,
310.765,7970,8193,8174,
310.774,7942,8191,8174,
310.787,7893,8186,8174,
310.796,7926,8196,8174,
310.807,7972,8196,8172,
310.815,7986,8188,8174,
310.826,7986,8193,8174,
310.838,7986,8193,8174,
310.849,8000,8186,8174,
310.856,7998,8191,8174,
310.865,8012,8188,8177,
310.879,8007,8196,8174,
310.888,8009,8188,8174,
310.898,8015,8186,8174,
310.908,8020,8186,8174,
310.916,8028,8191,8174,
310.927,8037,8183,8174,
310.937,8034,8186,8174,
310.948,8039,8188,8174,
310.957,8047,8186,8174,
310.968,8050,8186,8174,
310.976,8039,8183,8177,
310.986,8020,8178,8172,
310.997,8064,8186,8174,
311.009,8080,8181,8174,
311.018,8092,8178,8174,
311.027,8112,8178,8174,
311.037,8131,8181,8174,
311.046,8144,8175,8174,
311.056,8160,8173,8174,
311.067,8174,8175,8174,
311.077,8192,8175,8174,
311.086,8200,8175,8174,
311.096,8244,8188,8190,
311.107,8238,8178,8185,
311.116,8254,8175,8182,
311.127,8271,8178,8185,
311.139,8285,8178,8185,
311.148,8304,8178,8190,
311.157,8318,8175,8190,
311.166,8339,8178,8192,
311.178,8372,8173,8192,
311.188,8428,8175,8190,
311.195,8406,8173,8198,
311.204,8390,8173,8198,
311.216,8401,8173,8200,
311.228,8409,8175,8203,
311.237,8417,8173,8203,
311.247,8423,8173,8200,
311.255,8433,8173,8200,
311.264,8436,8173,8203,
311.277,8436,8173,8203,
311.285,8442,8178,8203,
311.297,8447,8175,8203,
311.306,8450,8173,8205,
311.316,8447,8175,8205,
311.325,8452,8173,8205,
311.334,8455,8175,8203,
311.346,8452,8175,8205,
311.356,8458,8173,8203,
311.367,8455,8173,8205,
311.376,8473,8175,8200,
311.385,8530,8175,8192,
311.396,8506,8175,8203,
311.405,8461,8175,8205,
311.417,8458,8178,8205,
311.427,8455,8173,8203,
311.437,8452,8175,8205,
311.445,8455,8173,8203,
311.455,8455,8173,8205,
311.474,8458,8173,8203,
311.474,8452,8173,8203,
311.485,8452,8175,8205,
311.496,8450,8175,8203,
311.505,8458,8175,8205,
311.514,8452,8173,8205,
311.526,8455,8173,8203,
311.536,8452,8173,8203,
311.545,8455,8175,8205,
311.557,8458,8173,8205,
311.566,8455,8175,8205,
311.576,8481,8173,8200,
311.585,8538,8173,8195,
311.596,8511,8175,8203,
311.605,8473,8175,8203,
311.617,8461,8175,8205,
311.624,8458,8175,8203,
311.634,8458,8173,8203,
311.646,8455,8175,8205,
311.657,8455,8173,8205,
311.666,8455,8173,8203,
311.675,8447,8173,8208,
311.685,8447,8175,8203,
311.696,8447,8175,8203,
311.705,8450,8173,8205,
311.715,8447,8173,8200,
311.726,8444,8175,8205,
311.735,8442,8173,8205,
311.745,8447,8173,8205,
311.756,8442,8175,8203,
311.767,8442,8175,8203,
311.776,8461,8175,8198,
311.785,8527,8173,8185,
311.793,8481,8173,8203,
311.807,8439,8175,8205,
311.813,8436,8175,8203,
311.827,8436,8175,8203,
311.838,8439,8175,8205,
311.844,8428,8173,8203,
311.857,8431,8173,8203,
311.867,8425,8173,8200,
311.874,8425,8175,8203,
311.885,8425,8175,8200,
311.894,8423,8173,8203,
311.906,8423,8175,8200,
311.915,8420,8175,8200,
311.925,8420,8175,8200,
311.937,8420,8175,8198,
311.943,8417,8173,8203,
311.954,8412,8173,8200,
311.965,8417,8173,8198,
311.975,8431,8173,8195,
311.985,8490,8173,8187,
311.996,8484,8175,8195,
312.005,8423,8175,8203,
312.018,8414,8173,8203,
312.024,8414,8175,8200,
312.036,8412,8175,8200,
312.044,8409,8175,8200,
312.055,8409,8175,8200,
312.063,8406,8173,8200,
312.075,8404,8173,8200,
312.085,8401,8173,8200,
312.094,8401,8175,8198,
312.105,8396,8175,8198,
312.116,8396,8175,8200,
312.126,8401,8173,8200,
312.135,8401,8175,8198,
312.144,8396,8175,8198,
312.156,8396,8175,8198,
312.164,8398,8175,8195,
312.175,8412,8173,8195,
312.185,8481,8173,8180,
312.196,8439,8173,8195,
312.205,8396,8173,8198,
312.216,8393,8175,8195,
312.225,8393,8175,8195,
312.234,8387,8173,8198,
312.246,8385,8175,8192,
312.257,8377,8175,8195,
312.266,8372,8175,8195,
312.275,8364,8175,8195,
312.283,8364,8173,8195,
312.296,8361,8175,8195,
312.305,8361,8175,8195,
312.314,8358,8173,8192,
312.324,8356,8175,8195,
312.336,8353,8175,8192,
312.343,8353,8175,8192,
312.354,8353,8173,8192,
312.365,8353,8175,8192,
312.373,8364,8175,8192,
312.386,8417,8175,8187,
312.393,8404,8175,8190,
312.404,8350,8175,8198,
312.414,8347,8175,8195,
312.423,8339,8175,8192,
312.434,8339,8173,8192,
312.445,8334,8175,8192,
312.453,8329,8175,8192,
312.467,8329,8173,8192,
312.473,8320,8173,8192,
312.484,8320,8173,8187,
312.494,8320,8173,8187,
312.504,8315,8175,8190,
312.515,8312,8173,8187,
312.523,8315,8175,8187,
312.534,8312,8173,8187,
312.544,8312,8175,8185,
312.556,8307,8175,8187,
312.564,8310,8173,8187,
312.575,8315,8175,8185,
312.585,8345,8173,8180,
312.594,8318,8173,8185,
312.604,8296,8173,8190,
312.614,8299,8175,8187,
312.623,8296,8175,8185,
312.636,8291,8173,8185,
312.642,8288,8173,8187,
312.654,8285,8173,8185,
312.663,8283,8175,8185,
312.674,8283,8175,8185,
312.682,8279,8175,8185,
312.693,8273,8173,8182,
312.703,8273,8175,8185,
312.715,8271,8173,8182,
312.723,8271,8175,8182,
312.735,8271,8175,8182,
312.743,8268,8173,8182,
312.755,8268,8173,8182,
312.764,8265,8173,8182,
312.774,8271,8175,8182,
312.785,8283,8173,8180,
312.795,8276,8173,8182,
312.804,8254,8175,8182,
312.813,8254,8173,8180,
312.826,8249,8175,8182,
312.834,8246,8173,8180,
312.845,8246,8173,8180,
312.856,8244,8173,8180,
312.865,8241,8173,8180,
312.875,8241,8175,8180,
312.885,8238,8173,8180,
312.894,8238,8175,8177,
312.904,8235,8175,8180,
312.913,8233,8175,8180,
312.924,8227,8175,8177,
312.934,8222,8173,8177,
312.944,8219,8173,8177,
312.954,8217,8173,8177,
312.965,8217,8175,8177,
312.975,8217,8175,8177,
312.981,8222,8173,8177,
312.994,8211,8175,8177,
313.005,8198,8175,8177,
313.014,8192,8173,8174,
313.025,8188,8173,8174,
313.033,8182,8173,8174,
313.043,8177,8173,8174,
313.053,8174,8178,8174,
313.064,8171,8175,8174,
313.073,8163,8178,8174,
313.082,8155,8178,8174,
313.095,8147,8178,8174,
313.103,8136,8178,8174,
313.113,8128,8181,8177,
313.124,8117,8181,8174,
313.133,8106,8181,8174,
313.144,8094,8181,8174,
313.152,8083,8181,8174,
313.165,8069,8181,8174,
313.173,8037,8181,8177,
313.184,8003,8183,8177,
313.193,8003,8186,8174,
313.203,8015,8191,8177,
313.214,8012,8186,8174,
313.225,8003,8188,8174,
313.233,8000,8191,8177,
313.241,7995,8193,8172,
313.252,7988,8188,8174,
313.264,7983,8186,8174,
313.274,7978,8196,8177,
313.283,7970,8193,8174,
313.294,7970,8201,8177,
313.302,7959,8199,8177,
313.315,7945,8191,8174,
313.324,7951,8201,8174,
313.333,7926,8199,8177,
313.343,7929,8201,8177,
313.354,7918,8204,8174,
313.366,7921,8199,8177,
313.374,7878,8199,8174,
313.382,7801,8188,8177,
313.392,7865,8212,8174,
313.403,7881,8212,8180,
313.414,7878,8206,8174,
313.422,7889,8206,8174,
313.431,7889,8214,8174,
313.444,7898,8206,8174,
313.452,7886,8204,8177,
313.464,7898,8209,8177,
313.475,7895,8204,8177,
313.484,7895,8204,8177,
313.494,7901,8206,8174,
313.502,7901,8204,8174,
313.512,7901,8201,8174,
313.521,7904,8199,8174,
313.532,7912,8206,8177,
313.542,7915,8204,8177,
313.552,7906,8199,8174,
313.562,7915,8199,8174,
313.572,7851,8188,8177,
313.582,7824,8209,8174,
313.592,7878,8209,8172,
313.602,7901,8206,8169,
313.615,7915,8206,8174,
313.622,7915,8206,8174,
313.631,7918,8204,8174,
313.644,7926,8201,8174,
313.652,7923,8209,8174,
313.663,7921,8214,8174,
313.673,7926,8201,8177,
313.681,7921,8206,8177,
313.692,7932,8206,8174,
313.705,7923,8204,8174,
313.713,7932,8204,8174,
313.722,7932,8196,8174,
313.731,7929,8201,8174,
313.743,7937,8204,8172,
313.751,7942,8199,8177,
313.763,7929,8201,8174,
313.773,7873,8186,8177,
313.785,7848,8196,8174,
313.792,7867,8199,8177,
313.802,7932,8209,8172,
313.812,7934,8206,8177,
313.823,7926,8196,8177,
313.833,7932,8196,8180,
313.841,7932,8209,8180,
313.852,7932,8204,8177,
313.865,7929,8206,8177,
313.872,7942,8201,8177,
313.881,7934,8209,8177,
313.893,7940,8199,8180,
313.905,7937,8196,8177,
313.913,7940,8196,8177,
313.921,7926,8204,8174,
313.934,7942,8201,8177,
313.944,7948,8196,8177,
313.954,7945,8193,8174,
313.962,7953,8196,8174,
313.974,7926,8193,8174,
313.985,7878,8191,8174,
313.992,7940,8201,8169,
314.003,7948,8199,8177,
314.011,7964,8204,8177,
314.022,7961,8193,8174,
314.033,7964,8193,8174,
314.044,7967,8193,8177,
314.051,7967,8193,8177,
314.063,7972,8193,8174,
314.072,7970,8204,8177,
314.083,7967,8201,8174,
314.093,7959,8193,8174,
314.102,7953,8191,8177,
314.113,7959,8199,8174,
314.122,7964,8199,8177,
314.133,7951,8196,8177,
314.143,7951,8196,8177,
314.153,7951,8199,8177,
314.162,7948,8199,8177,
314.172,7918,8193,8177,
314.182,7859,8188,8177,
314.193,7923,8206,8177,
314.204,7929,8199,8177,
314.214,7942,8204,8177,
314.222,7937,8193,8177,
314.232,7945,8191,8177,
314.241,7948,8199,8177,
314.253,7951,8199,8177,
314.264,7953,8196,8177,
314.271,7959,8196,8177,
314.283,7959,8193,8177,
314.291,7961,8193,8177,
314.301,7972,8193,8177,
314.313,7964,8199,8177,
314.321,7964,8196,8180,
314.33,7972,8196,8177,
314.342,7967,8193,8177,
314.351,7972,8196,8180,
314.361,7967,8199,8180,
314.371,7929,8186,8180,
314.383,7893,8186,8180,
314.39,7904,8193,8177,
314.403,7956,8199,8180,
314.413,7970,8199,8180,
314.421,7961,8199,8177,
314.431,7964,8196,8177,
314.442,7970,8196,8177,
314.453,7972,8196,8177,
314.463,7967,8188,8177,
314.472,7980,8193,8174,
314.482,7980,8188,8177,
314.493,7991,8191,8177,
314.502,7995,8186,8177,
314.512,8000,8191,8180,
314.522,8012,8193,8177,
314.53,8020,8188,8177,
314.543,8023,8193,8174,
314.554,8042,8186,8174,
314.561,8050,8188,8174,
314.571,8045,8181,8177,
314.58,8045,8186,8172,
314.592,8097,8186,8177,
314.599,8112,8183,8180,
314.611,8133,8181,8180,
314.623,8150,8178,8174,
314.631,8168,8175,8174,
314.641,8185,8175,8174,
314.651,8195,8173,8174,
314.663,8252,8181,8177,
314.672,8227,8181,8167,
314.681,8252,8178,8182,
314.69,8268,8175,8185,
314.701,8291,8178,8185,
314.712,8312,8178,8187,
314.722,8334,8178,8187,
314.731,8350,8178,8192,
314.741,8369,8175,8192,
314.753,8387,8175,8195,
314.761,8406,8175,8198,
314.77,8436,8175,8195,
314.779,8492,8175,8187,
314.789,8458,8175,8203,
314.801,8452,8175,8205,
314.813,8463,8173,8205,
314.819,8463,8175,8208,
314.83,8473,8173,8208,
314.843,8479,8173,8208,
314.852,8481,8173,8208,
314.86,8481,8173,8205,
314.873,8481,8173,8208,
314.883,8473,8175,8205,
314.893,8481,8175,8205,
314.899,8479,8175,8205,
314.91,8463,8173,8205,
314.921,8463,8175,8208,
314.931,8461,8173,8205,
314.94,8461,8178,8205,
314.951,8458,8175,8205,
314.96,8455,8175,8203,
314.971,8484,8175,8198,
314.983,8536,8175,8195,
314.993,8473,8175,8205,
315.001,8452,8178,8205,
315.011,8442,8178,8205,
315.022,8439,8175,8203,
315.03,8442,8175,8203,
315.04,8442,8175,8203,
315.049,8439,8178,8203,
315.062,8442,8178,8203,
315.07,8444,8175,8203,
315.08,8442,8178,8203,
315.091,8442,8178,8203,
315.099,8444,8175,8203,
315.113,8447,8175,8203,
315.12,8444,8175,8200,
315.129,8444,8178,8205,
315.14,8442,8178,8203,
315.151,8442,8175,8205,
315.16,8433,8173,8205,
315.171,8452,8173,8203,
315.18,8509,8175,8190,
315.19,8487,8173,8203,
315.199,8447,8173,8208,
315.214,8442,8175,8203,
315.221,8439,8175,8203,
315.231,8439,8175,8205,
315.24,8439,8173,8205,
315.249,8433,8173,8205,
315.26,8433,8173,8205,
315.272,8436,8173,8203,
315.283,8433,8173,8205,
315.291,8431,8173,8203,
315.301,8431,8170,8203,
315.311,8428,8173,8203,
315.322,8431,8175,8203,
315.332,8423,8173,8205,
315.342,8425,8175,8203,
315.351,8420,8173,8203,
315.359,8420,8175,8203,
315.369,8452,8175,8192,
315.378,8527,8173,8185,
315.391,8503,8175,8195,
315.399,8428,8175,8205,
315.413,8417,8173,8203,
315.42,8417,8175,8203,
315.431,8414,8175,8200,
315.44,8414,8175,8200,
315.451,8417,8175,8203,
315.459,8423,8173,8203,
315.472,8423,8175,8200,
315.481,8420,8178,8203,
315.491,8420,8175,8203,
315.5,8414,8178,8203,
315.508,8414,8175,8203,
315.52,8409,8178,8200,
315.53,8404,8175,8200,
315.54,8396,8178,8198,
315.549,8393,8178,8195,
315.56,8390,8175,8195,
315.571,8409,8175,8190,
315.579,8473,8173,8185,
315.59,8447,8175,8190,
315.6,8387,8173,8198,
315.61,8385,8175,8195,
315.622,8379,8175,8195,
315.629,8382,8173,8195,
315.641,8379,8173,8195,
315.65,8377,8175,8195,
315.658,8377,8173,8192,
315.67,8372,8175,8195,
315.678,8366,8175,8195,
315.689,8361,8175,8195,
315.7,8361,8173,8192,
315.71,8358,8173,8192,
315.721,8356,8175,8192,
315.729,8356,8175,8192,
315.74,8358,8173,8192,
315.751,8356,8175,8192,
315.76,8361,8175,8192,
315.771,8377,8175,8192,
315.78,8417,8175,8182,
315.791,8372,8175,8192,
315.799,8347,8175,8190,
315.809,8345,8175,8192,
315.819,8345,8175,8192,
315.832,8342,8175,8192,
315.838,8339,8175,8192,
315.85,8334,8173,8190,
315.859,8329,8175,8190,
315.872,8329,8175,8187,
315.878,8323,8175,8190,
315.89,8323,8173,8190,
315.9,8323,8175,8187,
315.909,8320,8175,8187,
315.921,8323,8173,8190,
315.93,8323,8173,8187,
315.939,8323,8173,8190,
315.949,8326,8175,8190,
315.961,8326,8175,8192,
315.971,8337,8173,8190,
315.98,8377,8173,8185,
315.988,8364,8173,8192,
316.001,8331,8175,8192,
316.01,8323,8175,8190,
316.02,8318,8175,8190,
316.03,8315,8175,8190,
316.04,8310,8175,8190,
316.051,8304,8175,8187,
316.061,8299,8175,8187,
316.071,8291,8175,8187,
316.08,8288,8173,8185,
316.09,8285,8173,8185,
316.1,8283,8175,8185,
316.11,8283,8173,8185,
316.121,8283,8173,8185,
316.13,8279,8173,8185,
316.14,8279,8175,8182,
316.148,8279,8175,8182,
316.161,8276,8173,8185,
316.17,8283,8175,8185,
316.178,8299,8173,8180,
316.19,8291,8175,8185,
316.199,8276,8175,8182,
316.209,8273,8175,8182,
316.224,8268,8175,8182,
316.23,8268,8173,8182,
316.239,8265,8173,8182,
316.248,8263,8175,8182,
316.263,8260,8175,8182,
316.269,8260,8175,8182,
316.28,8260,8175,8182,
316.289,8263,8175,8182,
316.299,8263,8175,8182,
316.31,8265,8173,8185,
316.321,8268,8175,8182,
316.327,8268,8175,8185,
316.341,8265,8173,8182,
316.35,8265,8175,8182,
316.357,8263,8175,8182,
316.368,8271,8173,8180,
316.38,8288,8173,8177,
316.391,8268,8175,8182,
316.4,8254,8175,8182,
316.41,8254,8175,8182,
316.42,8252,8175,8180,
316.429,8252,8173,8180,
316.438,8249,8175,8182,
316.449,8249,8175,8180,
316.46,8246,8175,8180,
316.469,8246,8173,8182,
316.48,8241,8173,8180,
316.489,8235,8175,8180,
316.498,8230,8173,8180,
316.511,8225,8173,8177,
316.52,8222,8175,8180,
316.527,8217,8175,8177,
316.538,8206,8173,8177,
316.547,8198,8175,8174,
316.559,8185,8175,8174,
316.569,8177,8175,8174,
316.578,8168,8173,8174,
316.588,8163,8173,8177,
316.599,8139,8178,8180,
316.607,8128,8178,8180,
316.62,8109,8178,8177,
316.627,8085,8181,8180,
316.639,8058,8183,8177,
316.65,8034,8183,8177,
316.658,8007,8186,8177,
316.67,7986,8186,8180,
316.679,7970,8193,8177,
316.691,7956,8199,8174,
316.697,7926,8201,8174,
316.709,7926,8199,8174,
316.719,7918,8199,8174,
316.73,7918,8201,8172,
316.74,7901,8206,8174,
316.746,7912,8201,8174,
316.757,7893,8209,8174,
316.771,7835,8193,8169,
316.781,7809,8199,8174,
316.787,7865,8206,8177,
316.798,7893,8204,8174,
316.81,7898,8206,8174,
316.821,7898,8209,8177,
316.828,7893,8201,8172,
316.838,7901,8204,8177,
316.85,7904,8201,8174,
316.858,7909,8204,8174,
316.868,7901,8206,8177,
316.877,7895,8201,8177,
316.89,7898,8196,8174,
316.899,7893,8209,8177,
316.909,7886,8209,8174,
316.917,7886,8214,8177,
316.928,7881,8209,8174,
316.94,7904,8209,8177,
316.947,7893,8212,8177,
316.958,7895,8212,8180,
316.968,7859,8199,8174,
316.978,7804,8193,8180,
316.986,7832,8201,8180,
316.999,7881,8212,8177,
317.008,7901,8199,8177,
317.02,7893,8212,8177,
317.027,7884,8209,8177,
317.038,7893,8199,8177,
317.046,7895,8206,8177,
317.058,7886,8206,8177,
317.068,7898,8204,8177,
317.077,7904,8209,8177,
317.088,7901,8204,8174,
317.099,7918,8206,8177,
317.106,7901,8204,8174,
317.117,7898,8212,8174,
317.13,7906,8209,8177,
317.138,7904,8199,8174,
317.149,7906,8199,8174,
317.157,7893,8204,8177,
317.166,7838,8199,8177,
317.178,7796,8201,8180,
317.186,7809,8204,8177,
317.199,7884,8199,8177,
317.209,7884,8214,8180,
317.218,7889,8209,8180,
317.227,7909,8206,8177,
317.238,7904,8201,8180,
317.247,7915,8212,8177,
317.257,7912,8199,8177,
317.268,7909,8201,8177,
317.28,7918,8199,8177,
317.287,7926,8199,8177,
317.298,7926,8212,8174,
317.309,7915,8204,8174,
317.319,7906,8206,8174,
317.328,7906,8206,8174,
317.338,7901,8204,8174,
317.349,7901,8206,8177,
317.357,7895,8204,8174,
317.369,7870,8196,8177,
317.377,7812,8196,8177,
317.388,7835,8201,8174,
317.399,7889,8206,8174,
317.409,7878,8201,8172,
317.417,7912,8201,8177,
317.427,7895,8206,8177,
317.438,7906,8201,8177,
317.447,7909,8206,8177,
317.456,7904,8199,8177,
317.468,7909,8206,8174,
317.477,7915,8204,8177,
317.49,7918,8204,8177,
317.496,7915,8209,8177,
317.507,7918,8201,8177,
317.517,7921,8199,8177,
317.528,7921,8206,8174,
317.537,7923,8201,8174,
317.546,7918,8204,8177,
317.558,7918,8209,8177,
317.57,7893,8204,8174,
317.576,7820,8196,8174,
317.587,7840,8201,8169,
317.598,7898,8206,8177,
317.607,7915,8199,8174,
317.617,7912,8206,8177,
317.629,7915,8204,8174,
317.637,7912,8199,8174,
317.647,7923,8204,8174,
317.658,7906,8201,8174,
317.668,7921,8196,8177,
317.677,7932,8204,8174,
317.687,7929,8199,8174,
317.699,7912,8206,8174,
317.708,7921,8199,8177,
317.717,7929,8204,8180,
317.727,7929,8204,8177,
317.737,7923,8209,8174,
317.746,7926,8199,8177,
317.757,7942,8204,8180,
317.768,7906,8196,8177,
317.778,7838,8188,8177,
317.787,7873,8201,8180,
317.798,7932,8206,8177,
317.806,7932,8204,8174,
317.818,7934,8201,8174,
317.827,7945,8196,8177,
317.839,7951,8199,8174,
317.846,7948,8199,8174,
317.858,7959,8201,8174,
317.866,7961,8191,8177,
317.879,7964,8206,8174,
317.886,7953,8196,8177,
317.897,7972,8196,8174,
317.91,7980,8193,8174,
317.916,7978,8188,8174,
317.926,7986,8193,8177,
317.937,8003,8193,8177,
317.946,8000,8196,8177,
317.956,8003,8193,8174,
317.971,7988,8186,8174,
317.977,7964,8186,8177,
317.987,8023,8191,8180,
317.998,8031,8188,8174,
318.009,8042,8188,8180,
318.015,8053,8186,8180,
318.026,8061,8186,8177,
318.051,8077,8183,8177,
318.052,8085,8181,8177,
318.056,8101,8181,8180,
318.067,8109,8178,8180,
318.076,8122,8178,8177,
318.086,8139,8178,8177,
318.096,8150,8175,8180,
318.106,8163,8175,8177,
318.117,8174,8173,8180,
318.129,8185,8173,8180,
318.138,8192,8173,8177,
318.148,8200,8173,8177,
318.158,8211,8183,8180,
318.166,8233,8175,8180,
318.177,8268,8175,8180,
318.185,8265,8175,8182,
318.197,8260,8175,8187,
318.208,8268,8175,8182,
318.219,8283,8175,8185,
318.226,8288,8173,8185,
318.236,8301,8173,8187,
318.248,8312,8173,8187,
318.257,8323,8175,8187,
318.267,8334,8175,8187,
318.276,8342,8175,8190,
318.288,8350,8173,8190,
318.298,8358,8173,8192,
318.308,8361,8173,8195,
318.315,8369,8173,8192,
318.328,8377,8175,8195,
318.339,8382,8173,8195,
318.347,8385,8173,8195,
318.357,8390,8175,8195,
318.367,8406,8175,8190,
318.375,8442,8173,8190,
318.387,8431,8175,8195,
318.397,8404,8175,8203,
318.407,8404,8175,8198,
318.416,8409,8178,8200,
318.426,8414,8175,8198,
318.436,8414,8178,8198,
318.445,8417,8175,8198,
318.456,8409,8178,8200,
318.467,8412,8175,8200,
318.476,8414,8175,8200,
318.485,8417,8175,8198,
318.497,8414,8178,8200,
318.507,8417,8175,8198,
318.515,8412,8173,8198,
318.525,8412,8173,8200,
318.535,8409,8175,8198,
318.545,8409,8173,8200,
318.556,8417,8173,8198,
318.565,8439,8175,8195,
318.574,8492,8165,8190,
318.584,8439,8173,8203,
318.598,8420,8175,8198,
318.607,8417,8173,8198,
318.616,8417,8175,8198,
318.625,8414,8173,8198,
318.636,8412,8173,8198,
318.647,8409,8173,8200,
318.653,8409,8175,8200,
318.666,8409,8173,8198,
318.676,8406,8173,8198,
318.687,8404,8173,8198,
318.697,8398,8173,8198,
318.707,8398,8173,8198,
318.718,8393,8175,8198,
318.725,8393,8175,8195,
318.734,8396,8173,8195,
318.744,8396,8175,8198,
318.757,8393,8175,8198,
318.765,8406,8175,8192,
318.776,8447,8175,8187,
318.785,8412,8175,8195,
318.797,8390,8173,8198,
318.807,8390,8175,8195,
318.818,8390,8175,8195,
318.826,8393,8175,8195,
318.836,8393,8175,8200,
318.846,8393,8173,8198,
318.855,8390,8173,8198,
318.865,8390,8173,8200,
318.877,8393,8173,8200,
318.888,8390,8175,8200,
318.897,8390,8173,8200,
318.906,8393,8175,8198,
318.915,8393,8175,8198,
318.925,8390,8175,8198,
318.935,8387,8178,8198,
318.944,8387,8178,8195,
318.955,8387,8178,8195,
318.964,8414,8175,8190,
318.975,8479,8175,8187,
318.987,8452,8178,8192,
318.993,8396,8175,8198,
319.007,8387,8175,8192,
319.018,8379,8175,8195,
319.026,8377,8178,8195,
319.035,8377,8175,8192,
319.047,8372,8173,8195,
319.055,8372,8175,8195,
319.066,8366,8173,8195,
319.098,8366,8173,8192,
319.099,8366,8173,8195,
319.1,8364,8175,8192,
319.105,8358,8175,8195,
319.115,8358,8175,8192,
319.125,8356,8173,8192,
319.134,8353,8175,8192,
319.148,8350,8173,8192,
319.154,8353,8173,8190,
319.165,8369,8175,8187,
319.176,8423,8173,8185,
319.185,8398,8175,8190,
319.193,8347,8173,8190,
319.208,8342,8175,8192,
319.214,8337,8173,8192,
319.227,8334,8175,8190,
319.236,8334,8173,8190,
319.248,8331,8173,8190,
319.254,8331,8173,8190,
319.266,8331,8173,8190,
319.275,8334,8173,8190,
319.286,8334,8175,8190,
319.296,8331,8173,8190,
319.305,8331,8175,8190,
319.314,8331,8173,8190,
319.327,8331,8175,8190,
319.334,8326,8175,8190,
319.344,8323,8175,8190,
319.355,8329,8175,8187,
319.369,8334,8175,8187,
319.375,8372,8173,8182,
319.383,8356,8175,8187,
319.394,8318,8173,8190,
319.405,8315,8175,8187,
319.417,8312,8175,8185,
319.425,8310,8175,8187,
319.435,8301,8175,8187,
319.443,8299,8175,8185,
319.454,8291,8173,8187,
319.463,8291,8175,8185,
319.474,8288,8173,8185,
319.483,8288,8175,8185,
319.494,8288,8175,8185,
319.505,8283,8175,8185,
319.515,8283,8175,8187,
319.524,8283,8173,8185,
319.534,8283,8175,8185,
319.544,8283,8173,8185,
319.555,8283,8175,8185,
319.564,8285,8173,8185,
319.574,8312,8175,8180,
319.586,8288,8175,8185,
319.594,8273,8173,8185,
319.604,8279,8173,8185,
319.615,8279,8173,8185,
319.625,8276,8175,8182,
319.635,8273,8175,8185,
319.645,8276,8175,8185,
319.654,8273,8175,8182,
319.666,8273,8175,8182,
319.675,8271,8175,8182,
319.683,8271,8173,8185,
319.693,8268,8175,8182,
319.705,8265,8175,8182,
319.713,8265,8175,8182,
319.726,8263,8175,8182,
319.733,8260,8173,8182,
319.744,8260,8173,8182,
319.758,8260,8175,8182,
319.765,8263,8175,8180,
319.774,8276,8173,8177,
319.784,8257,8175,8180,
319.793,8249,8173,8182,
319.804,8246,8173,8180,
319.812,8244,8173,8180,
319.826,8238,8175,8180,
319.834,8235,8175,8180,
319.845,8235,8175,8180,
319.854,8230,8175,8177,
319.865,8225,8175,8180,
319.874,8225,8175,8177,
319.885,8219,8175,8177,
319.895,8214,8175,8177,
319.905,8206,8175,8177,
319.915,8203,8175,8177,
319.926,8200,8173,8177,
319.932,8198,8173,8177,
319.944,8198,8175,8177,
319.956,8192,8175,8180,
319.966,8192,8175,8177,
319.972,8188,8173,8177,
319.983,8185,8175,8180,
319.996,8179,8173,8177,
320.004,8177,8173,8177,
320.014,8174,8175,8177,
320.023,8174,8173,8177,
320.035,8174,8173,8177,
320.046,8171,8173,8177,
320.056,8158,8175,8177,
320.065,8163,8175,8174,
320.075,8158,8175,8174,
320.084,8158,8175,8174,
320.097,8155,8175,8177,
320.102,8155,8175,8174,
320.113,8155,8175,8177,
320.126,8152,8175,8177,
320.134,8152,8175,8177,
320.144,8152,8173,8177,
320.154,8152,8175,8174,
320.164,8150,8175,8177,
320.173,8144,8173,8180,
320.181,8147,8175,8177,
320.194,8141,8175,8177,
320.203,8141,8178,8174,
320.215,8136,8175,8174,
320.224,8133,8178,8174,
320.235,8128,8175,8174,
320.246,8120,8178,8177,
320.255,8109,8178,8177,
320.263,8097,8178,8174,
320.274,8092,8178,8174,
320.282,8077,8178,8177,
320.294,8069,8183,8174,
320.303,8055,8183,8174,
320.313,8047,8183,8174,
320.324,8037,8186,8174,
320.333,8028,8183,8177,
320.343,8023,8186,8174,
320.352,8015,8186,8177,
320.366,7983,8181,8174,
320.372,7937,8186,8174,
320.384,7951,8191,8180,
320.394,7972,8196,8177,
320.402,7970,8191,8177,
320.414,7964,8196,8174,
320.423,7953,8193,8177,
320.433,7953,8196,8177,
320.444,7948,8199,8177,
320.452,7942,8201,8174,
320.465,7956,8204,8177,
320.474,7945,8199,8174,
320.486,7945,8199,8177,
320.493,7932,8199,8174,
320.503,7937,8201,8177,
320.513,7929,8204,8174,
320.525,7926,8201,8174,
320.531,7926,8201,8174,
320.541,7926,8201,8174,
320.552,7909,8196,8177,
320.563,7854,8196,8172,
320.571,7818,8193,8174,
320.585,7870,8201,8174,
320.591,7901,8204,8180,
320.604,7912,8206,8174,
320.613,7906,8204,8177,
320.623,7918,8219,8174,
320.631,7915,8204,8177,
320.645,7912,8209,8174,
320.653,7895,8206,8174,
320.662,7901,8199,8174,
320.673,7904,8209,8180,
320.683,7898,8206,8177,
320.693,7909,8204,8177,
320.703,7904,8204,8177,
320.713,7895,8206,8177,
320.722,7904,8204,8177,
320.734,7895,8209,8180,
320.742,7909,8201,8180,
320.754,7898,8209,8180,
320.764,7865,8204,8177,
320.774,7807,8201,8177,
320.781,7827,8201,8177,
320.794,7889,8212,8172,
320.802,7895,8199,8177,
320.813,7898,8212,8177,
320.823,7901,8206,8174,
320.831,7904,8204,8177,
320.843,7904,8212,8177,
320.852,7898,8199,8177,
320.865,7901,8204,8174,
320.873,7886,8201,8174,
320.882,7895,8201,8174,
320.894,7893,8206,8174,
320.903,7886,8209,8174,
320.912,7889,8212,8174,
320.923,7886,8217,8174,
320.933,7901,8209,8177,
320.944,7893,8209,8172,
320.953,7898,8201,8174,
320.962,7865,8193,8177,
320.971,7799,8193,8174,
320.982,7873,8212,8174,
320.995,7884,8199,8177,
321.003,7901,8193,8174,
321.011,7906,8201,8174,
321.023,7912,8201,8174,
321.035,7904,8204,8177,
321.042,7918,8199,8174,
321.053,7918,8199,8174,
321.063,7921,8201,8177,
321.074,7923,8201,8177,
321.081,7926,8199,8174,
321.092,7929,8193,8174,
321.102,7934,8199,8177,
321.113,7937,8206,8174,
321.123,7940,8199,8174,
321.134,7945,8201,8174,
321.143,7951,8209,8174,
321.155,7951,8201,8177,
321.162,7923,8188,8177,
321.172,7870,8201,8174,
321.182,7934,8204,8174,
321.193,7932,8204,8177,
321.203,7951,8199,8174,
321.213,7956,8201,8177,
321.223,7961,8199,8177,
321.234,7972,8204,8174,
321.244,7970,8193,8177,
321.252,7978,8191,8177,
321.262,7975,8193,8177,
321.277,7986,8188,8174,
321.285,7980,8193,8174,
321.291,7986,8196,8174,
321.301,7986,8193,8174,
321.311,7995,8191,8174,
321.323,8003,8191,8177,
321.335,8007,8193,8177,
321.342,8007,8188,8174,
321.354,8009,8186,8174,
321.364,7986,8183,8174,
321.372,7951,8183,8172,
321.381,7978,8188,8177,
321.391,8009,8193,8174,
321.402,8012,8186,8177,
321.414,8012,8188,8174,
321.42,8007,8193,8177,
321.432,8018,8191,8174,
321.442,8015,8186,8177,
321.453,8009,8186,8174,
321.459,8015,8188,8174,
321.473,8009,8188,8177,
321.481,8009,8193,8177,
321.49,7998,8191,8174,
321.502,8003,8186,8177,
321.513,8000,8191,8174,
321.521,7998,8188,8177,
321.535,7991,8188,8177,
321.543,7998,8181,8174,
321.551,7986,8188,8174,
321.564,7959,8178,8174,
321.573,7932,8186,8174,
321.583,7953,8191,8172,
321.592,7995,8193,8177,
321.6,7998,8193,8174,
321.613,8007,8191,8174,
321.62,8015,8186,8174,
321.632,8026,8186,8174,
321.641,8037,8186,8177,
321.651,8047,8186,8174,
321.663,8064,8186,8174,
321.672,8074,8183,8174,
321.682,8092,8181,8174,
321.692,8106,8181,8174,
321.701,8122,8178,8177,
321.713,8139,8181,8174,
321.722,8150,8178,8174,
321.731,8166,8175,8174,
321.741,8179,8175,8174,
321.752,8188,8175,8174,
321.76,8200,8173,8174,
321.772,8227,8183,8163,
321.78,8244,8175,8182,
321.791,8238,8175,8182,
321.8,8254,8175,8182,
321.811,8268,8175,8182,
321.822,8283,8173,8185,
321.832,8291,8175,8185,
321.842,8310,8175,8187,
321.851,8323,8175,8187,
321.861,8339,8173,8190,
321.874,8358,8173,8192,
321.882,8366,8173,8195,
321.892,8385,8175,8195,
321.903,8393,8175,8198,
321.911,8404,8173,8195,
321.922,8409,8175,8200,
321.93,8423,8173,8200,
321.94,8428,8173,8203,
321.951,8442,8175,8200,
321.963,8463,8173,8200,
321.973,8519,8175,8192,
321.982,8481,8175,8203,
321.991,8468,8173,8205,
322.002,8463,8175,8205,
322.01,8468,8173,8205,
322.021,8468,8173,8205,
322.031,8468,8175,8205,
322.041,8468,8175,8205,
322.051,8461,8175,8205,
322.061,8461,8173,8208,
322.071,8461,8173,8205,
322.08,8452,8175,8205,
322.093,8450,8175,8205,
322.099,8455,8173,8203,
322.11,8452,8173,8210,
322.121,8455,8173,8205,
322.131,8455,8175,8208,
322.143,8452,8175,8208,
322.149,8452,8175,8208,
322.161,8476,8173,8203,
322.17,8519,8173,8195,
322.181,8492,8175,8205,
322.192,8461,8175,8205,
322.203,8452,8175,8205,
322.211,8442,8175,8203,
322.221,8447,8173,8203,
322.229,8444,8175,8203,
322.243,8439,8175,8203,
322.252,8433,8173,8203,
322.263,8431,8173,8203,
322.269,8428,8173,8203,
322.282,8425,8175,8200,
322.292,8420,8175,8203,
322.301,8420,8175,8198,
322.312,8417,8175,8200,
322.32,8417,8173,8198,
322.33,8417,8175,8200,
322.342,8417,8175,8200,
322.351,8417,8175,8198,
322.36,8444,8175,8195,
322.372,8503,8175,8187,
322.381,8447,8175,8200,
322.39,8417,8175,8203,
322.402,8412,8173,8198,
322.41,8409,8175,8200,
322.422,8409,8175,8198,
322.431,8409,8175,8198,
322.442,8409,8173,8198,
322.45,8414,8173,8198,
322.461,8409,8175,8198,
322.47,8412,8175,8195,
322.482,8406,8175,8198,
322.49,8404,8173,8198,
322.5,8406,8173,8198,
322.511,8398,8175,8198,
322.519,8398,8173,8198,
322.531,8396,8173,8198,
322.539,8393,8175,8198,
322.55,8387,8175,8195,
322.561,8401,8175,8192,
322.569,8444,8175,8185,
322.581,8406,8175,8195,
322.59,8385,8175,8198,
322.6,8377,8175,8195,
322.611,8377,8178,8192,
322.621,8372,8178,8195,
322.631,8369,8178,8195,
322.641,8369,8175,8192,
322.651,8366,8175,8192,
322.66,8366,8178,8192,
322.669,8364,8175,8195,
322.681,8361,8178,8195,
322.691,8358,8178,8192,
322.701,8361,8173,8192,
322.71,8358,8173,8192,
322.722,8356,8175,8192,
322.731,8350,8175,8192,
322.74,8347,8175,8192,
322.751,8350,8175,8190,
322.762,8379,8173,8187,
322.77,8444,8175,8182,
322.78,8396,8175,8190,
322.79,8350,8175,8192,
322.8,8339,8175,8192,
322.809,8342,8175,8190,
322.821,8342,8173,8190,
322.831,8339,8173,8190,
322.84,8339,8173,8190,
322.851,8337,8173,8190,
322.86,8334,8175,8190,
322.869,8326,8173,8192,
322.879,8329,8173,8190,
322.891,8323,8175,8190,
322.902,8323,8175,8187,
322.909,8320,8175,8190,
322.92,8315,8175,8190,
322.931,8315,8173,8190,
322.941,8312,8175,8190,
322.951,8307,8175,8190,
322.961,8312,8173,8190,
322.971,8347,8175,8182,
322.98,8331,8175,8190,
322.99,8299,8175,8187,
322.998,8296,8173,8190,
323.012,8293,8173,8187,
323.019,8288,8173,8190,
323.031,8288,8175,8185,
323.039,8285,8173,8185,
323.05,8288,8175,8185,
323.06,8285,8175,8185,
323.069,8285,8175,8185,
323.08,8283,8175,8182,
323.09,8283,8175,8185,
323.099,8283,8173,8185,
323.111,8283,8175,8185,
323.121,8283,8175,8185,
323.131,8283,8175,8185,
323.139,8279,8175,8185,
323.149,8279,8175,8182,
323.161,8283,8175,8182,
323.17,8301,8175,8180,
323.179,8293,8175,8182,
323.188,8268,8173,8185,
323.198,8263,8173,8185,
323.207,8263,8175,8182,
323.218,8260,8173,8182,
323.229,8254,8175,8182,
323.241,8254,8175,8185,
323.25,8252,8173,8182,
323.261,8254,8173,8182,
323.269,8254,8175,8182,
323.278,8252,8175,8185,
323.29,8252,8173,8182,
323.299,8252,8173,8182,
323.308,8249,8175,8185,
323.319,8249,8175,8182,
323.328,8249,8173,8182,
323.34,8244,8173,8182,
323.351,8241,8173,8182,
323.36,8244,8175,8182,
323.37,8252,8173,8180,
323.378,8238,8175,8185,
323.39,8230,8175,8180,
323.401,8225,8173,8180,
323.409,8225,8175,8180,
323.421,8222,8175,8180,
323.429,8219,8175,8180,
323.439,8217,8175,8177,
323.45,8211,8173,8177,
323.459,8208,8173,8177,
323.47,8203,8175,8177,
323.481,8198,8175,8174,
323.491,8188,8173,8177,
323.505,8179,8175,8174,
323.509,8177,8175,8174,
323.519,8171,8175,8174,
323.532,8163,8175,8174,
323.54,8144,8175,8177,
323.549,8136,8178,8174,
323.56,8120,8178,8177,
323.57,8094,8178,8172,
323.58,8101,8181,8177,
323.589,8088,8178,8174,
323.599,8085,8181,8177,
323.61,8077,8181,8177,
323.62,8066,8181,8174,
323.632,8061,8181,8174,
323.64,8050,8183,8174,
323.651,8042,8186,8177,
323.662,8031,8183,8174,
323.671,8020,8186,8177,
323.679,8009,8188,8174,
323.691,8003,8191,8174,
323.699,7991,8191,8177,
323.711,7983,8188,8174,
323.72,7978,8193,8174,
323.729,7972,8193,8177,
323.738,7964,8196,8174,
323.75,7959,8196,8177,
323.759,7932,8191,8177,
323.768,7878,8196,8180,
323.778,7929,8204,8177,
323.79,7932,8193,8177,
323.799,7934,8204,8174,
323.808,7926,8196,8177,
323.819,7929,8206,8174,
323.831,7937,8204,8174,
323.839,7926,8201,8177,
323.849,7926,8204,8177,
323.858,7915,8204,8174,
323.872,7923,8204,8174,
323.879,7926,8206,8174,
323.888,7923,8204,8174,
323.897,7926,8196,8177,
323.908,7923,8201,8177,
323.919,7923,8199,8177,
323.93,7923,8201,8174,
323.938,7923,8201,8177,
323.947,7918,8196,8177,
323.96,7859,8188,8172,
323.969,7827,8196,8180,
323.979,7867,8201,8182,
323.99,7912,8204,8180,
323.999,7923,8201,8172,
324.009,7923,8204,8177,
324.018,7923,8209,8174,
324.026,7929,8196,8177,
324.04,7923,8204,8177,
324.049,7929,8201,8174,
324.059,7945,8199,8174,
324.068,7929,8199,8174,
324.08,7940,8201,8174,
324.089,7934,8199,8174,
324.098,7934,8199,8174,
324.109,7948,8196,8177,
324.12,7937,8199,8174,
324.128,7945,8201,8174,
324.139,7945,8193,8177,
324.147,7942,8201,8177,
324.159,7918,8191,8177,
324.167,7867,8193,8177,
324.179,7886,8199,8174,
324.188,7915,8204,8174,
324.198,7934,8204,8174,
324.208,7940,8191,8177,
324.219,7945,8206,8174,
324.228,7948,8199,8174,
324.239,7934,8199,8174,
324.248,7942,8204,8177,
324.259,7929,8199,8174,
324.268,7934,8201,8174,
324.276,7937,8199,8174,
324.29,7942,8199,8174,
324.299,7934,8204,8174,
324.309,7929,8201,8174,
324.318,7942,8201,8174,
324.33,7937,8199,8174,
324.339,7937,8201,8174,
324.347,7934,8199,8174,
324.359,7881,8193,8177,
324.368,7859,8193,8177,
324.379,7875,8199,8180,
324.389,7926,8204,8174,
324.398,7934,8201,8174,
324.409,7932,8199,8174,
324.417,7940,8201,8177,
324.428,7934,8204,8177,
324.438,7926,8204,8177,
324.446,7929,8201,8174,
324.458,7932,8204,8174,
324.467,7934,8196,8174,
324.479,7932,8199,8174,
324.489,7940,8204,8174,
324.499,7932,8206,8174,
324.507,7942,8191,8177,
324.519,7951,8209,8174,
324.528,7956,8196,8174,
324.539,7951,8199,8174,
324.547,7956,8199,8174,
324.559,7932,8191,8177,
324.57,7878,8193,8180,
324.576,7898,8196,8180,
324.588,7953,8201,8177,
324.597,7961,8199,8177,
324.607,7975,8193,8177,
324.619,7978,8199,8174,
324.628,7970,8196,8174,
324.639,7983,8193,8174,
324.647,7980,8196,8177,
324.659,7978,8193,8174,
324.668,7980,8196,8174,
324.677,7983,8196,8177,
324.689,7983,8196,8174,
324.698,7986,8193,8174,
324.708,7995,8193,8177,
324.716,7986,8186,8174,
324.726,7995,8188,8177,
324.739,7986,8196,8177,
324.748,7988,8196,8177,
324.758,7970,8188,8174,
324.768,7926,8183,8180,
324.777,7975,8199,8174,
324.787,7980,8196,8177,
324.798,7983,8193,8174,
324.809,7988,8188,8177,
324.819,7983,8196,8177,
324.828,7980,8201,8174,
324.839,7986,8193,8174,
324.848,7983,8196,8174,
324.856,7983,8188,8177,
324.868,7983,8196,8174,
324.88,7975,8186,8174,
324.888,7986,8193,8174,
324.898,7991,8191,8174,
324.907,7991,8193,8174,
324.915,8007,8193,8177,
324.928,8000,8188,8174,
324.936,8018,8183,8174,
324.947,8015,8183,8174,
324.958,8015,8183,8177,
324.965,7988,8181,8177,
324.978,8042,8186,8180,
324.986,8080,8186,8182,
324.996,8092,8178,8180,
325.008,8112,8181,8180,
325.016,8128,8175,8177,
325.027,8147,8175,8180,
325.038,8160,8175,8177,
325.047,8174,8173,8177,
325.058,8182,8173,8177,
325.066,8195,8173,8177,
325.078,8203,8175,8174,
325.087,8206,8181,8200,
325.098,8222,8175,8180,
325.107,8233,8173,8180,
325.118,8244,8175,8182,
325.129,8252,8173,8182,
325.137,8260,8175,8182,
325.146,8268,8175,8185,
325.157,8283,8175,8185,
325.168,8318,8173,8182,
325.176,8310,8175,8185,
325.187,8301,8175,8185,
325.199,8315,8175,8190,
325.208,8326,8173,8190,
325.218,8334,8175,8192,
325.226,8345,8175,8190,
325.238,8353,8175,8192,
325.25,8364,8175,8195,
325.256,8372,8173,8195,
325.265,8387,8175,8195,
325.277,8390,8175,8198,
325.285,8396,8175,8198,
325.294,8398,8173,8200,
325.308,8406,8175,8198,
325.317,8409,8175,8198,
325.329,8414,8175,8198,
325.338,8417,8175,8198,
325.348,8417,8175,8200,
325.356,8439,8175,8200,
325.369,8479,8175,8192,
325.378,8455,8173,8198,
325.386,8423,8173,8200,
325.395,8414,8173,8200,
325.406,8414,8175,8198,
325.417,8406,8175,8198,
325.425,8401,8175,8198,
325.436,8401,8173,8195,
325.448,8393,8173,8195,
325.456,8387,8173,8198,
325.467,8385,8175,8198,
325.476,8385,8175,8195,
325.488,8382,8173,8195,
325.497,8385,8175,8195,
325.508,8385,8173,8195,
325.517,8377,8175,8195,
325.527,8385,8175,8195,
325.537,8382,8175,8195,
325.548,8387,8173,8195,
325.556,8409,8175,8190,
325.567,8455,8173,8187,
325.577,8414,8173,8195,
325.586,8393,8173,8192,
325.596,8390,8173,8192,
325.606,8393,8173,8195,
325.616,8393,8175,8195,
325.626,8393,8175,8198,
325.637,8398,8175,8195,
325.647,8396,8173,8195,
325.656,8396,8173,8198,
325.665,8396,8175,8198,
325.677,8396,8175,8198,
325.687,8398,8175,8195,
325.696,8396,8175,8198,
325.706,8396,8173,8198,
325.715,8396,8173,8198,
325.727,8393,8175,8195,
325.737,8396,8175,8198,
325.746,8396,8173,8198,
325.756,8409,8173,8190,
325.765,8450,8175,8187,
325.776,8436,8173,8198,
325.786,8401,8175,8195,
325.796,8398,8175,8195,
325.808,8396,8175,8198,
325.816,8398,8173,8198,
325.827,8398,8173,8198,
325.837,8401,8175,8198,
325.846,8401,8173,8200,
325.855,8404,8175,8195,
325.866,8404,8173,8198,
325.876,8398,8173,8198,
325.885,8401,8173,8195,
325.897,8401,8175,8198,
325.905,8398,8173,8198,
325.915,8398,8173,8198,
325.927,8396,8175,8198,
325.937,8398,8173,8198,
325.946,8396,8175,8195,
325.955,8412,8173,8195,
325.967,8461,8173,8185,
325.975,8420,8173,8192,
325.986,8396,8175,8198,
325.994,8393,8175,8195,
326.007,8390,8173,8200,
326.017,8385,8175,8198,
326.025,8387,8175,8195,
326.036,8387,8175,8198,
326.044,8387,8173,8195,
326.057,8387,8173,8198,
326.065,8387,8173,8198,
326.076,8387,8173,8195,
326.086,8387,8175,8195,
326.096,8385,8173,8195,
326.104,8387,8173,8195,
326.116,8385,8175,8195,
326.126,8385,8173,8195,
326.136,8385,8173,8195,
326.146,8385,8173,8195,
326.156,8404,8173,8190,
326.165,8471,8175,8185,
326.176,8417,8175,8195,
326.185,8379,8175,8192,
326.195,8379,8175,8195,
326.205,8377,8175,8195,
326.214,8377,8175,8195,
326.227,8379,8175,8192,
326.234,8379,8175,8195,
326.247,8379,8173,8198,
326.256,8382,8173,8195,
326.267,8385,8173,8195,
326.276,8385,8175,8195,
326.285,8382,8175,8195,
326.296,8377,8173,8195,
326.307,8377,8175,8198,
326.316,8372,8173,8198,
326.325,8366,8175,8198,
326.334,8364,8173,8198,
326.347,8364,8173,8195,
326.355,8372,8175,8192,
326.364,8414,8173,8187,
326.375,8366,8175,8195,
326.386,8347,8175,8195,
326.397,8337,8175,8192,
326.406,8331,8175,8192,
326.416,8320,8175,8187,
326.427,8312,8175,8187,
326.435,8301,8175,8187,
326.446,8301,8173,8185,
326.454,8299,8175,8187,
326.464,8296,8175,8185,
326.476,8296,8175,8185,
326.485,8299,8175,8185,
326.495,8299,8175,8187,
326.506,8301,8175,8187,
326.515,8304,8175,8187,
326.526,8304,8173,8187,
326.534,8310,8175,8187,
326.545,8312,8175,8187,
326.556,8326,8175,8185,
326.565,8366,8175,8180,
326.576,8345,8173,8190,
326.584,8320,8175,8190,
326.593,8320,8173,8187,
326.606,8323,8173,8187,
326.614,8320,8173,8187,
326.625,8318,8175,8190,
326.634,8318,8173,8187,
326.644,8315,8173,8187,
326.655,8315,8173,8187,
326.666,8312,8175,8187,
326.676,8315,8173,8187,
326.686,8315,8175,8187,
326.695,8310,8175,8187,
326.703,8310,8178,8187,
326.714,8310,8175,8187,
326.724,8304,8178,8187,
326.738,8301,8178,8187,
326.746,8299,8178,8185,
326.755,8304,8175,8185,
326.766,8323,8178,8177,
326.776,8310,8178,8185,
326.786,8283,8175,8187,
326.795,8283,8173,8185,
326.806,8276,8175,8182,
326.815,8271,8173,8185,
326.826,8268,8173,8182,
326.835,8265,8175,8182,
326.845,8257,8175,8182,
326.855,8254,8173,8180,
326.864,8252,8173,8180,
326.873,8246,8173,8180,
326.885,8238,8173,8180,
326.893,8227,8175,8177,
326.907,8217,8175,8177,
326.915,8203,8173,8174,
326.925,8188,8173,8177,
326.935,8179,8173,8174,
326.943,8177,8173,8174,
326.956,8177,8175,8174,
326.965,8179,8175,8177,
326.975,8179,8175,8177,
326.984,8177,8175,8174,
326.995,8177,8175,8174,
327.003,8177,8175,8174,
327.014,8177,8175,8174,
327.027,8179,8173,8177,
327.033,8195,8173,8177,
327.044,8200,8175,8177,
327.055,8203,8175,8177,
327.063,8208,8173,8177,
327.074,8211,8173,8177,
327.085,8214,8173,8177,
327.095,8214,8175,8177,
327.104,8214,8175,8177,
327.113,8211,8175,8177,
327.126,8208,8178,8177,
327.133,8208,8178,8177,
327.144,8206,8175,8177,
327.157,8206,8178,8177,
327.164,8214,8178,8177,
327.175,8206,8178,8177,
327.186,8195,8175,8177,
327.194,8192,8178,8174,
327.203,8185,8178,8174,
327.214,8182,8175,8174,
327.223,8177,8175,8177,
327.235,8174,8175,8174,
327.244,8171,8175,8174,
327.254,8166,8175,8174,
327.266,8155,8175,8174,
327.274,8150,8175,8177,
327.286,8141,8175,8174,
327.295,8133,8175,8174,
327.306,8128,8178,8174,
327.313,8120,8178,8174,
327.323,8117,8178,8174,
327.336,8112,8178,8174,
327.343,8109,8178,8177,
327.353,8094,8178,8177,
327.366,8077,8175,8174,
327.375,8083,8181,8177,
327.382,8088,8181,8174,
327.394,8085,8181,8174,
327.405,8077,8178,8177,
327.414,8066,8183,8174,
327.426,8055,8181,8174,
327.434,8050,8183,8177,
327.444,8039,8186,8177,
327.454,8034,8191,8177,
327.464,8020,8191,8180,
327.474,8012,8188,8177,
327.485,7998,8196,8177,
327.495,7986,8188,8177,
327.504,7978,8191,8177,
327.514,7964,8196,8177,
327.523,7967,8201,8177,
327.535,7959,8199,8174,
327.544,7953,8193,8174,
327.553,7923,8188,8177,
327.564,7875,8193,8174,
327.573,7898,8196,8169,
327.584,7942,8199,8172,
327.595,7953,8196,8174,
327.602,7964,8196,8172,
327.614,7953,8196,8177,
327.625,7964,8196,8177,
327.632,7961,8188,8177,
327.643,7961,8193,8174,
327.653,7961,8193,8174,
327.665,7961,8199,8177,
327.672,7967,8191,8174,
327.683,7959,8191,8177,
327.693,7959,8193,8174,
327.704,7964,8196,8174,
327.712,7956,8204,8174,
327.723,7964,8199,8174,
327.735,7953,8196,8177,
327.743,7964,8201,8177,
327.756,7923,8191,8174,
327.763,7870,8193,8182,
327.772,7918,8204,8180,
327.781,7923,8199,8177,
327.794,7926,8196,8174,
327.804,7929,8204,8177,
327.814,7934,8199,8177,
327.824,7937,8199,8177,
327.832,7929,8206,8177,
327.843,7929,8199,8174,
327.851,7923,8204,8174,
327.861,7932,8204,8174,
327.873,7932,8206,8174,
327.883,7929,8201,8174,
327.894,7929,8199,8177,
327.903,7929,8201,8174,
327.913,7921,8201,8174,
327.925,7934,8204,8177,
327.934,7926,8204,8177,
327.944,7926,8204,8174,
327.953,7906,8196,8174,
327.963,7832,8196,8177,
327.973,7898,8206,8177,
327.982,7909,8199,8174,
327.994,7921,8196,8174,
328.003,7923,8199,8174,
328.012,7932,8206,8174,
328.024,7918,8209,8174,
328.033,7915,8204,8174,
328.044,7906,8206,8174,
328.053,7918,8204,8174,
328.066,7915,8201,8174,
328.071,7915,8204,8177,
328.083,7915,8201,8177,
328.092,7918,8199,8177,
328.104,7901,8201,8177,
328.112,7909,8201,8177,
328.123,7912,8201,8177,
328.134,7898,8209,8174,
328.142,7895,8204,8177,
328.154,7859,8196,8177,
328.164,7809,8196,8177,
328.173,7829,8201,8172,
328.184,7893,8212,8174,
328.192,7909,8206,8172,
328.202,7912,8212,8172,
328.213,7915,8209,8172,
328.223,7923,8199,8174,
328.234,7932,8204,8174,
328.243,7934,8199,8177,
328.252,7929,8204,8174,
328.263,7937,8204,8174,
328.274,7929,8204,8174,
328.281,7932,8201,8174,
328.292,7937,8201,8177,
328.301,7934,8201,8174,
328.312,7942,8196,8174,
328.32,7945,8204,8174,
328.331,7951,8196,8174,
328.342,7934,8199,8174,
328.353,7909,8186,8174,
328.363,7859,8193,8172,
328.372,7878,8199,8172,
328.383,7940,8204,8174,
328.394,7948,8196,8177,
328.404,7945,8204,8174,
328.412,7953,8188,8174,
328.421,7964,8196,8174,
328.431,7953,8199,8174,
328.444,7959,8193,8174,
328.45,7959,8193,8177,
328.464,7961,8201,8177,
328.472,7961,8196,8177,
328.481,7967,8196,8177,
328.491,7970,8201,8174,
328.503,7972,8191,8177,
328.513,7964,8201,8174,
328.523,7964,8199,8174,
328.532,7970,8201,8174,
328.546,7967,8196,8177,
328.553,7926,8188,8174,
328.561,7884,8191,8174,
328.572,7904,8196,8180,
328.582,7942,8201,8177,
328.592,7959,8188,8177,
328.602,7961,8193,8177,
328.612,7953,8199,8177,
328.622,7972,8191,8177,
328.633,7961,8196,8177,
328.641,7964,8196,8180,
328.653,7970,8199,8177,
328.662,7964,8193,8174,
328.672,7964,8196,8174,
328.681,7959,8191,8174,
328.693,7959,8193,8174,
328.704,7970,8201,8174,
328.712,7964,8199,8174,
328.722,7970,8196,8174,
328.732,7967,8199,8174,
328.742,7967,8196,8174,
328.751,7953,8196,8174,
328.762,7898,8186,8180,
328.773,7961,8201,8177,
328.78,7967,8191,8180,
328.792,7970,8193,8174,
328.804,7986,8193,8174,
328.814,7988,8191,8177,
328.822,8000,8193,8177,
328.834,7998,8188,8174,
328.842,8007,8193,8177,
328.853,8007,8186,8174,
328.862,8020,8193,8177,
328.874,8023,8193,8177,
328.882,8031,8186,8174,
328.892,8045,8191,8174,
328.901,8042,8183,8174,
328.913,8050,8186,8174,
328.921,8053,8183,8174,
328.931,8058,8186,8174,
328.944,8064,8186,8174,
328.952,8064,8181,8174,
328.961,8045,8178,8174,
328.973,8088,8183,8177,
328.982,8101,8181,8172,
328.991,8112,8178,8177,
329.003,8125,8178,8174,
329.01,8136,8178,8174,
329.021,8147,8175,8174,
329.032,8158,8175,8174,
329.042,8171,8173,8174,
329.052,8179,8173,8174,
329.061,8192,8173,8177,
329.073,8198,8173,8174,
329.083,8301,8191,8180,
329.091,8219,8175,8174,
329.102,8238,8173,8180,
329.11,8252,8173,8180,
329.122,8265,8173,8185,
329.132,8279,8173,8185,
329.141,8296,8175,8185,
329.151,8329,8175,8185,
329.162,8396,8178,8182,
329.173,8379,8173,8192,
329.185,8361,8173,8192,
329.193,8372,8173,8195,
329.201,8393,8173,8195,
329.211,8401,8175,8198,
329.221,8412,8175,8198,
329.231,8423,8175,8200,
329.241,8433,8175,8203,
329.253,8442,8175,8205,
329.259,8444,8175,8203,
329.27,8447,8175,8205,
329.281,8452,8175,8205,
329.29,8447,8173,8208,
329.303,8452,8175,8205,
329.311,8450,8175,8205,
329.324,8447,8173,8205,
329.334,8442,8173,8203,
329.341,8444,8175,8205,
329.351,8455,8175,8203,
329.362,8500,8175,8195,
329.373,8479,8175,8208,
329.38,8436,8173,8205,
329.389,8433,8173,8203,
329.403,8428,8173,8200,
329.412,8428,8173,8200,
329.421,8428,8173,8200,
329.433,8428,8175,8200,
329.441,8428,8173,8200,
329.452,8425,8173,8203,
329.462,8420,8175,8200,
329.472,8423,8175,8200,
329.481,8417,8175,8200,
329.491,8414,8175,8198,
329.502,8412,8175,8200,
329.512,8412,8175,8198,
329.523,8406,8175,8200,
329.532,8412,8173,8200,
329.54,8414,8173,8200,
329.55,8431,8175,8198,
329.563,8476,8175,8190,
329.572,8455,8173,8198,
329.581,8417,8175,8200,
329.594,8409,8175,8200,
329.601,8406,8175,8200,
329.613,8406,8175,8198,
329.621,8409,8173,8195,
329.634,8398,8175,8198,
329.641,8396,8175,8200,
329.65,8398,8175,8198,
329.66,8396,8173,8198,
329.669,8387,8175,8198,
329.682,8385,8175,8195,
329.691,8393,8173,8198,
329.699,8387,8175,8198,
329.71,8385,8175,8198,
329.719,8385,8173,8203,
329.733,8382,8175,8198,
329.739,8387,8175,8198,
329.751,8401,8175,8195,
329.762,8463,8173,8185,
329.771,8425,8175,8200,
329.782,8387,8175,8203,
329.792,8382,8175,8195,
329.801,8385,8175,8195,
329.814,8385,8175,8195,
329.821,8379,8173,8195,
329.832,8379,8175,8195,
329.842,8377,8173,8192,
329.85,8372,8173,8195,
329.861,8377,8173,8192,
329.87,8369,8175,8195,
329.88,8366,8173,8195,
329.891,8366,8173,8198,
329.899,8366,8173,8195,
329.91,8366,8173,8195,
329.919,8361,8175,8195,
329.93,8358,8175,8195,
329.939,8358,8175,8192,
329.952,8372,8173,8195,
329.961,8425,8173,8187,
329.97,8393,8173,8195,
329.98,8361,8175,8195,
329.993,8358,8173,8195,
330,8358,8175,8190,
330.01,8356,8173,8192,
330.02,8356,8173,8192,
330.03,8353,8173,8192,
330.04,8350,8173,8192,
330.051,8350,8175,8192,
330.061,8345,8175,8192,
330.07,8345,8175,8192,
330.08,8342,8173,8190,
330.091,8339,8175,8190,
330.101,8337,8175,8190,
330.111,8334,8173,8190,
330.119,8337,8175,8190,
330.129,8334,8175,8190,
330.14,8334,8175,8190,
330.151,8342,8175,8187,
330.16,8377,8175,8180,
330.168,8366,8175,8187,
330.18,8329,8173,8187,
330.19,8326,8175,8190,
330.199,8323,8175,8190,
330.209,8326,8175,8192,
330.219,8323,8175,8192,
330.231,8320,8175,8192,
330.239,8320,8173,8190,
330.249,8320,8175,8192,
330.259,8320,8173,8190,
330.27,8320,8173,8190,
330.279,8320,8175,8192,
330.289,8318,8175,8190,
330.3,8318,8173,8187,
330.31,8320,8175,8187,
330.319,8320,8175,8187,
330.331,8315,8173,8187,
330.339,8312,8175,8187,
330.349,8320,8175,8182,
330.36,8358,8173,8177,
330.369,8329,8175,8187,
330.38,8301,8175,8185,
330.389,8296,8175,8185,
330.4,8296,8175,8187,
330.411,8296,8173,8185,
330.418,8293,8175,8185,
330.429,8293,8175,8187,
330.44,8291,8175,8185,
330.449,8291,8173,8185,
330.461,8291,8175,8185,
330.471,8288,8175,8185,
330.483,8291,8175,8185,
330.49,8288,8175,8185,
330.501,8288,8173,8185,
330.509,8288,8173,8187,
330.52,8288,8175,8185,
330.531,8283,8173,8185,
330.539,8285,8175,8187,
330.547,8291,8175,8185,
330.56,8320,8173,8180,
330.569,8315,8175,8185,
330.579,8285,8173,8185,
330.589,8283,8173,8187,
330.599,8283,8173,8182,
330.61,8283,8175,8185,
330.621,8283,8175,8185,
330.629,8283,8175,8185,
330.638,8283,8175,8185,
330.651,8279,8173,8185,
330.659,8276,8175,8185,
330.67,8276,8175,8185,
330.681,8276,8175,8182,
330.692,8276,8175,8185,
330.698,8273,8175,8182,
330.708,8271,8173,8182,
330.719,8271,8173,8182,
330.729,8268,8173,8182,
330.739,8268,8175,8182,
330.748,8283,8175,8180,
330.76,8304,8175,8174,
330.769,8283,8173,8180,
330.782,8260,8173,8182,
330.791,8260,8175,8180,
330.797,8260,8175,8182,
330.809,8257,8175,8182,
330.818,8254,8175,8180,
330.831,8249,8173,8182,
330.837,8252,8173,8180,
330.849,8246,8175,8180,
330.859,8246,8175,8180,
330.87,8238,8173,8180,
330.881,8238,8175,8180,
330.889,8235,8175,8180,
330.899,8233,8175,8180,
330.909,8230,8175,8177,
330.921,8227,8175,8180,
330.93,8225,8178,8180,
330.939,8225,8175,8182,
330.95,8227,8175,8180,
330.96,8241,8173,8180,
330.968,8225,8175,8180,
331.003,8208,8173,8185,
331.008,8203,8173,8180,
331.009,8203,8173,8180,
331.009,8200,8175,8180,
331.019,8198,8175,8177,
331.03,8195,8175,8180,
331.038,8192,8175,8180,
331.05,8188,8175,8180,
331.058,8185,8173,8180,
331.07,8182,8173,8177,
331.081,8179,8173,8177,
331.09,8177,8173,8177,
331.099,8177,8175,8177,
331.111,8174,8173,8177,
331.121,8171,8175,8174,
331.131,8166,8175,8174,
331.138,8150,8178,8177,
331.148,8141,8175,8174,
331.159,8120,8175,8177,
331.171,8112,8178,8174,
331.178,8112,8178,8172,
331.19,8101,8181,8174,
331.199,8085,8181,8174,
331.208,8074,8183,8174,
331.219,8064,8183,8174,
331.228,8053,8183,8174,
331.239,8039,8183,8174,
331.25,8028,8186,8174,
331.258,8020,8186,8177,
331.268,8007,8186,8174,
331.278,7998,8193,8174,
331.288,7983,8193,8174,
331.297,7970,8188,8174,
331.306,7961,8191,8174,
331.319,7964,8193,8177,
331.328,7945,8193,8177,
331.341,7932,8196,8174,
331.346,7881,8191,8174,
331.359,7838,8191,8180,
331.368,7873,8206,8177,
331.38,7893,8204,8174,
331.389,7895,8201,8172,
331.398,7886,8201,8177,
331.409,7889,8212,8174,
331.418,7893,8201,8177,
331.427,7893,8212,8177,
331.438,7889,8209,8174,
331.447,7886,8209,8177,
331.458,7895,8201,8174,
331.469,7906,8199,8177,
331.48,7906,8204,8177,
331.488,7904,8201,8177,
331.499,7904,8201,8177,
331.508,7923,8201,8174,
331.517,7909,8206,8177,
331.528,7915,8212,8174,
331.539,7898,8206,8174,
331.548,7870,8193,8177,
331.559,7815,8193,8172,
331.568,7881,8209,8177,
331.576,7906,8209,8174,
331.587,7915,8209,8174,
331.599,7906,8201,8177,
331.608,7923,8209,8174,
331.619,7918,8199,8180,
331.631,7915,8209,8177,
331.64,7915,8199,8177,
331.647,7923,8201,8174,
331.658,7923,8201,8174,
331.667,7923,8201,8177,
331.676,7932,8206,8177,
331.688,7926,8204,8174,
331.698,7932,8199,8177,
331.707,7929,8193,8174,
331.72,7940,8193,8174,
331.728,7940,8204,8174,
331.738,7934,8204,8177,
331.746,7918,8196,8174,
331.758,7867,8193,8174,
331.768,7904,8199,8169,
331.778,7948,8204,8177,
331.787,7956,8199,8177,
331.8,7959,8199,8174,
331.808,7959,8199,8174,
331.816,7961,8199,8177,
331.827,7956,8193,8174,
331.838,7953,8199,8177,
331.849,7959,8196,8174,
331.859,7956,8199,8177,
331.867,7953,8201,8174,
331.88,7956,8191,8174,
331.889,7959,8193,8174,
331.898,7964,8212,8177,
331.907,7967,8199,8174,
331.916,7967,8196,8174,
331.927,7972,8199,8174,
331.94,7964,8191,8177,
331.945,7940,8191,8174,
331.958,7895,8193,8180,
331.967,7921,8196,8177,
331.979,7961,8199,8174,
331.987,7967,8199,8174,
331.996,7972,8191,8174,
332.007,7970,8196,8177,
332.016,7964,8196,8177,
332.028,7970,8196,8174,
332.037,7972,8193,8174,
332.047,7970,8196,8174,
332.058,7961,8191,8177,
332.067,7964,8199,8174,
332.079,7972,8199,8177,
332.087,7967,8193,8177,
332.099,7961,8199,8177,
332.108,7967,8196,8174,
332.117,7970,8191,8177,
332.128,7970,8196,8174,
332.137,7953,8196,8177,
332.148,7929,8193,8174,
332.158,7875,8188,8174,
332.166,7904,8199,8174,
332.177,7945,8206,8177,
332.186,7942,8204,8177,
332.197,7945,8199,8177,
332.207,7956,8199,8174,
332.219,7948,8199,8174,
332.228,7953,8196,8177,
332.24,7961,8199,8172,
332.247,7961,8193,8172,
332.256,7961,8193,8174,
332.268,7961,8196,8177,
332.278,7972,8199,8177,
332.286,7967,8193,8177,
332.295,7980,8191,8177,
332.307,7975,8193,8177,
332.318,7978,8193,8174,
332.326,7978,8199,8174,
332.339,7975,8199,8174,
332.348,7959,8191,8174,
332.357,7912,8186,8174,
332.367,7978,8199,8177,
332.375,7980,8196,8177,
332.389,7991,8193,8177,
332.398,8003,8193,8177,
332.409,8000,8193,8174,
332.417,8009,8191,8174,
332.427,8009,8199,8177,
332.437,8015,8188,8174,
332.448,8023,8183,8174,
332.456,8034,8188,8174,
332.468,8037,8188,8174,
332.478,8037,8186,8174,
332.487,8047,8186,8174,
332.497,8053,8186,8177,
332.507,8066,8183,8174,
332.516,8072,8183,8174,
332.528,8083,8181,8177,
332.538,8094,8181,8177,
332.544,8097,8178,8174,
332.556,8094,8175,8177,
332.569,8133,8178,8174,
332.575,8144,8178,8177,
332.586,8158,8175,8174,
332.596,8168,8173,8174,
332.606,8179,8173,8174,
332.618,8188,8173,8174,
332.624,8192,8173,8174,
332.638,8211,8173,8174,
332.647,8211,8181,8174,
332.659,8225,8173,8177,
332.665,8238,8173,8180,
332.676,8249,8175,8182,
332.686,8260,8173,8182,
332.695,8273,8175,8185,
332.706,8283,8175,8185,
332.715,8291,8175,8185,
332.727,8307,8173,8187,
332.738,8318,8175,8187,
332.747,8339,8175,8187,
332.756,8379,8175,8182,
332.767,8358,8175,8192,
332.776,8353,8175,8192,
332.788,8361,8173,8192,
332.797,8369,8175,8195,
332.807,8379,8175,8192,
332.816,8385,8173,8195,
332.826,8390,8173,8195,
332.837,8398,8173,8198,
332.846,8401,8173,8198,
332.859,8404,8175,8198,
332.865,8409,8175,8198,
332.876,8414,8178,8198,
332.885,8414,8175,8200,
332.897,8417,8175,8200,
332.906,8417,8178,8198,
332.918,8420,8175,8200,
332.926,8420,8178,8200,
332.936,8425,8175,8198,
332.945,8450,8178,8195,
332.958,8506,8178,8192,
332.966,8473,8178,8200,
332.976,8423,8173,8203,
332.985,8417,8175,8203,
332.998,8417,8175,8203,
333.008,8420,8173,8203,
333.015,8417,8175,8200,
333.024,8409,8173,8203,
333.041,8409,8173,8200,
333.048,8409,8173,8198,
333.057,8406,8173,8200,
333.066,8406,8173,8198,
333.076,8404,8173,8200,
333.086,8404,8175,8198,
333.096,8406,8175,8198,
333.108,8404,8173,8198,
333.117,8404,8175,8195,
333.127,8404,8173,8198,
333.137,8406,8175,8195,
333.147,8428,8175,8195,
333.159,8484,8173,8187,
333.167,8433,8175,8198,
333.177,8409,8175,8195,
333.186,8406,8173,8198,
333.195,8404,8175,8198,
333.205,8404,8173,8198,
333.217,8406,8175,8198,
333.226,8404,8175,8198,
333.234,8404,8173,8198,
333.248,8404,8173,8195,
333.256,8398,8173,8198,
333.267,8401,8175,8198,
333.278,8401,8173,8195,
333.287,8401,8173,8195,
333.298,8401,8173,8198,
333.306,8401,8175,8195,
333.315,8401,8175,8198,
333.325,8398,8175,8198,
333.336,8401,8173,8198,
333.347,8423,8175,8195,
333.357,8487,8173,8182,
333.367,8473,8173,8195,
333.378,8409,8173,8205,
333.387,8401,8175,8200,
333.396,8396,8173,8198,
333.405,8396,8173,8200,
333.417,8393,8175,8200,
333.427,8393,8173,8200,
333.433,8390,8175,8200,
333.445,8385,8175,8198,
333.455,8385,8175,8198,
333.467,8379,8173,8198,
333.475,8377,8173,8198,
333.484,8372,8173,8198,
333.494,8369,8175,8198,
333.505,8372,8178,8198,
333.516,8372,8178,8195,
333.524,8369,8178,8195,
333.536,8366,8178,8195,
333.545,8387,8175,8192,
333.556,8447,8183,8185,
333.566,8414,8178,8192,
333.577,8366,8178,8198,
333.587,8364,8175,8192,
333.596,8364,8178,8192,
333.606,8356,8175,8192,
333.616,8353,8175,8192,
333.625,8350,8173,8192,
333.636,8347,8173,8190,
333.648,8342,8173,8190,
333.656,8342,8173,8190,
333.665,8339,8175,8192,
333.676,8334,8173,8190,
333.685,8331,8173,8195,
333.693,8329,8175,8192,
333.705,8323,8175,8190,
333.714,8323,8175,8190,
333.725,8320,8175,8190,
333.736,8323,8173,8192,
333.747,8331,8175,8190,
333.755,8369,8175,8185,
333.764,8366,8175,8192,
333.775,8329,8175,8192,
333.783,8320,8175,8187,
333.796,8318,8175,8187,
333.806,8318,8173,8187,
333.815,8312,8173,8187,
333.827,8312,8173,8187,
333.836,8315,8175,8187,
333.846,8312,8175,8187,
333.855,8307,8173,8187,
333.867,8304,8173,8187,
333.874,8304,8173,8187,
333.887,8301,8175,8187,
333.897,8301,8175,8185,
333.903,8299,8175,8185,
333.914,8299,8175,8185,
333.925,8296,8175,8185,
333.934,8299,8175,8182,
333.946,8315,8175,8182,
333.955,8353,8173,8177,
333.964,8320,8175,8187,
333.975,8291,8175,8185,
333.984,8291,8175,8185,
333.996,8288,8175,8187,
334.006,8288,8173,8187,
334.016,8285,8175,8187,
334.027,8283,8178,8187,
334.034,8283,8178,8187,
334.047,8283,8178,8187,
334.055,8283,8175,8187,
334.066,8279,8175,8187,
334.073,8279,8175,8187,
334.083,8276,8175,8185,
334.096,8273,8175,8182,
334.106,8273,8178,8182,
334.116,8271,8175,8182,
334.123,8268,8178,8182,
334.134,8268,8175,8182,
334.144,8276,8175,8180,
334.157,8304,8175,8180,
334.164,8283,8175,8182,
334.173,8260,8175,8182,
334.185,8257,8175,8180,
334.196,8257,8173,8182,
334.205,8254,8175,8182,
334.214,8254,8175,8182,
334.224,8246,8175,8182,
334.234,8246,8175,8182,
334.243,8244,8175,8182,
334.254,8241,8175,8182,
334.263,8238,8175,8182,
334.275,8235,8173,8182,
334.284,8233,8173,8182,
334.293,8233,8173,8180,
334.303,8227,8175,8180,
334.316,8222,8175,8180,
334.324,8219,8173,8180,
334.334,8219,8175,8182,
334.346,8219,8175,8180,
334.355,8230,8175,8180,
334.364,8230,8175,8182,
334.372,8217,8173,8182,
334.385,8217,8175,8182,
334.395,8217,8175,8180,
334.403,8217,8175,8177,
334.413,8217,8173,8177,
334.423,8217,8173,8180,
334.433,8219,8175,8177,
334.447,8219,8173,8180,
334.455,8219,8175,8177,
334.464,8219,8175,8177,
334.474,8217,8175,8177,
334.485,8217,8173,8177,
334.494,8214,8173,8177,
334.504,8211,8173,8177,
334.514,8214,8175,8177,
334.524,8211,8175,8177,
334.534,8214,8175,8177,
334.544,8217,8175,8177,
334.553,8227,8173,8174,
334.565,8219,8175,8180,
334.575,8208,8175,8182,
334.585,8208,8175,8177,
334.593,8208,8175,8174,
334.604,8206,8175,8177,
334.613,8203,8175,8177,
334.624,8200,8175,8177,
334.632,8198,8175,8177,
334.643,8195,8175,8174,
334.656,8188,8173,8177,
334.666,8182,8173,8174,
334.674,8179,8173,8174,
334.685,8177,8173,8174,
334.695,8171,8173,8174,
334.704,8171,8173,8177,
334.715,8168,8173,8177,
334.723,8160,8178,8180,
334.734,8155,8175,8180,
334.744,8150,8175,8180,
334.754,8136,8183,8177,
334.764,8136,8178,8177,
334.773,8131,8175,8180,
334.786,8125,8178,8177,
334.795,8117,8178,8177,
334.803,8112,8178,8177,
334.814,8103,8178,8174,
334.824,8094,8181,8174,
334.833,8083,8181,8174,
334.843,8072,8183,8174,
334.853,8055,8183,8174,
334.863,8042,8181,8174,
334.873,8028,8186,8177,
334.883,8018,8186,8174,
334.894,8009,8193,8174,
334.905,8000,8199,8174,
334.914,7988,8193,8177,
334.923,7988,8193,8177,
334.932,7980,8193,8177,
334.944,7964,8193,8177,
334.953,7909,8186,8182,
334.965,7964,8199,8177,
334.973,7967,8191,8177,
334.982,7975,8196,8177,
334.993,7972,8193,8177,
335.003,7972,8196,8177,
335.015,7972,8196,8174,
335.023,7975,8193,8177,
335.033,7970,8196,8174,
335.043,7961,8199,8174,
335.051,7959,8199,8177,
335.063,7953,8199,8174,
335.074,7951,8201,8174,
335.087,7959,8191,8174,
335.095,7956,8199,8174,
335.103,7953,8199,8174,
335.115,7951,8199,8177,
335.125,7961,8199,8180,
335.134,7964,8193,8177,
335.144,7937,8191,8177,
335.153,7904,8191,8177,
335.161,7926,8193,8174,
335.173,7975,8193,8177,
335.181,7978,8201,8177,
335.194,7983,8199,8177,
335.204,7988,8188,8177,
335.213,8000,8193,8177,
335.224,8007,8191,8177,
335.232,8007,8193,8177,
335.241,8015,8188,8180,
335.256,8012,8193,8180,
335.265,8023,8188,8177,
335.274,8018,8188,8177,
335.282,8023,8188,8177,
335.294,8023,8191,8180,
335.302,8023,8188,8177,
335.311,8020,8191,8177,
335.324,8020,8191,8177,
335.334,8018,8188,8177,
335.342,7995,8181,8177,
335.353,7948,8186,8177,
335.364,7970,8193,8172,
335.374,7998,8196,8174,
335.382,8007,8193,8174,
335.395,8003,8191,8177,
335.402,8007,8193,8177,
335.414,8003,8196,8177,
335.422,7998,8193,8174,
335.433,7995,8193,8177,
335.441,8003,8193,8174,
335.453,7998,8188,8174,
335.461,7991,8199,8174,
335.472,7988,8199,8174,
335.483,7986,8196,8174,
335.492,7986,8196,8174,
335.501,7975,8196,8174,
335.515,7983,8193,8174,
335.521,7970,8196,8174,
335.532,7975,8196,8177,
335.544,7951,8193,8174,
335.552,7909,8188,8182,
335.563,7951,8201,8169,
335.572,7967,8191,8172,
335.583,7961,8196,8174,
335.592,7961,8201,8174,
335.603,7970,8196,8174,
335.612,7978,8196,8174,
335.624,7978,8193,8174,
335.632,7983,8191,8177,
335.643,7991,8193,8180,
335.653,7986,8193,8177,
335.663,7998,8188,8177,
335.671,8000,8196,8177,
335.684,8009,8193,8177,
335.692,8009,8183,8177,
335.702,8015,8193,8177,
335.715,8023,8188,8177,
335.721,8037,8188,8177,
335.733,8031,8188,8177,
335.743,8009,8183,8177,
335.752,7991,8181,8180,
335.763,8028,8191,8180,
335.771,8037,8191,8174,
335.782,8042,8191,8177,
335.792,8042,8191,8177,
335.803,8037,8186,8177,
335.812,8039,8186,8177,
335.822,8042,8186,8177,
335.832,8031,8188,8174,
335.843,8020,8191,8174,
335.853,8023,8188,8174,
335.863,8015,8188,8174,
335.872,8015,8186,8174,
335.883,8007,8186,8177,
335.893,8007,8193,8174,
335.902,8003,8191,8174,
335.913,8003,8191,8174,
335.922,7995,8188,8174,
335.931,8000,8196,8174,
335.942,7970,8178,8174,
335.951,7940,8183,8180,
335.964,7995,8196,8174,
335.972,8000,8188,8174,
335.982,8009,8188,8174,
335.991,8015,8191,8174,
336.002,8015,8193,8174,
336.012,8039,8188,8174,
336.023,8045,8193,8174,
336.032,8055,8183,8174,
336.042,8066,8181,8177,
336.053,8083,8181,8177,
336.063,8101,8181,8177,
336.072,8122,8175,8177,
336.081,8139,8175,8177,
336.093,8155,8175,8177,
336.102,8171,8175,8180,
336.112,8182,8173,8177,
336.122,8192,8173,8177,
336.133,8203,8173,8177,
336.141,8233,8178,8205,
336.154,8265,8175,8180,
336.161,8268,8175,8180,
336.172,8257,8175,8182,
336.184,8268,8175,8182,
336.19,8283,8175,8185,
336.204,8288,8175,8185,
336.211,8299,8173,8187,
336.223,8310,8175,8187,
336.233,8318,8175,8187,
336.241,8326,8173,8190,
336.25,8331,8175,8190,
336.26,8342,8175,8192,
336.272,8350,8175,8195,
336.283,8361,8175,8195,
336.289,8364,8175,8192,
336.302,8377,8175,8198,
336.314,8385,8173,8198,
336.323,8387,8175,8198,
336.329,8396,8175,8198,
336.341,8409,8173,8198,
336.364,8458,8173,8190,
336.365,8442,8173,8198,
336.372,8414,8175,8203,
336.381,8409,8175,8200,
336.392,8406,8175,8200,
336.402,8409,8175,8200,
336.411,8409,8175,8200,
336.422,8412,8175,8200,
336.431,8414,8175,8203,
336.441,8417,8175,8203,
336.453,8417,8175,8198,
336.46,8423,8175,8198,
336.472,8420,8175,8200,
336.482,8420,8175,8198,
336.492,8420,8175,8198,
336.505,8420,8175,8200,
336.513,8417,8173,8198,
336.52,8420,8175,8198,
336.532,8417,8175,8198,
336.543,8431,8175,8195,
336.55,8473,8175,8190,
336.561,8452,8173,8198,
336.572,8425,8173,8200,
336.581,8414,8175,8203,
336.589,8414,8175,8200,
336.602,8414,8175,8203,
336.61,8409,8175,8200,
336.621,8414,8175,8200,
336.631,8404,8175,8203,
336.639,8406,8173,8203,
336.653,8401,8173,8198,
336.661,8404,8175,8203,
336.671,8404,8175,8198,
336.682,8398,8175,8200,
336.691,8401,8175,8200,
336.703,8398,8175,8200,
336.715,8401,8175,8200,
336.72,8401,8175,8198,
336.732,8409,8175,8200,
336.741,8420,8175,8195,
336.752,8476,8173,8187,
336.763,8436,8175,8200,
336.772,8404,8175,8198,
336.782,8398,8175,8198,
336.791,8398,8170,8198,
336.801,8401,8175,8198,
336.81,8393,8175,8203,
336.82,8387,8175,8198,
336.832,8372,8173,8192,
336.842,8379,8173,8195,
336.85,8379,8173,8198,
336.86,8379,8173,8192,
336.871,8372,8175,8195,
336.881,8372,8175,8195,
336.891,8372,8173,8195,
336.9,8369,8175,8195,
336.913,8372,8175,8192,
336.921,8364,8175,8195,
336.932,8364,8175,8192,
336.94,8379,8175,8192,
336.951,8433,8175,8185,
336.963,8390,8175,8192,
336.971,8356,8175,8192,
336.98,8347,8175,8192,
336.992,8342,8175,8190,
337.001,8339,8173,8190,
337.012,8337,8173,8192,
337.022,8334,8175,8187,
337.03,8329,8175,8190,
337.042,8326,8175,8187,
337.051,8320,8175,8187,
337.058,8318,8175,8190,
337.073,8315,8175,8190,
337.082,8320,8175,8190,
337.09,8320,8175,8190,
337.101,8320,8175,8190,
337.11,8318,8175,8187,
337.12,8318,8175,8190,
337.129,8318,8173,8190,
337.139,8326,8175,8187,
337.15,8358,8178,8180,
337.161,8326,8175,8190,
337.17,8307,8175,8187,
337.182,8304,8175,8187,
337.191,8299,8175,8187,
337.201,8291,8175,8185,
337.211,8283,8175,8185,
337.22,8283,8175,8182,
337.232,8276,8175,8182,
337.24,8268,8175,8182,
337.251,8265,8175,8182,
337.261,8257,8173,8182,
337.271,8252,8173,8182,
337.281,8241,8175,8182,
337.291,8233,8175,8180,
337.3,8225,8175,8180,
337.31,8219,8175,8180,
337.32,8214,8173,8180,
337.33,8208,8173,8177,
337.342,8208,8173,8177,
337.352,8211,8175,8177,
337.361,8198,8175,8180,
337.37,8185,8175,8180,
337.383,8182,8175,8177,
337.392,8179,8175,8177,
337.4,8177,8175,8177,
337.409,8174,8175,8177,
337.418,8174,8175,8177,
337.432,8171,8175,8177,
337.442,8163,8175,8177,
337.448,8160,8175,8180,
337.461,8158,8175,8177,
337.472,8155,8175,8174,
337.481,8152,8175,8174,
337.491,8152,8175,8174,
337.498,8150,8175,8174,
337.51,8147,8175,8174,
337.519,8150,8175,8174,
337.531,8150,8175,8174,
337.541,8150,8175,8174,
337.551,8147,8175,8174,
337.559,8155,8175,8174,
337.571,8163,8175,8174,
337.58,8160,8175,8174,
337.59,8158,8175,8174,
337.6,8158,8175,8174,
337.61,8158,8175,8174,
337.619,8155,8175,8177,
337.631,8152,8173,8174,
337.64,8152,8175,8174,
337.65,8150,8175,8174,
337.658,8147,8178,8177,
337.67,8141,8175,8174,
337.681,8136,8178,8177,
337.69,8131,8175,8177,
337.699,8125,8178,8177,
337.709,8117,8178,8177,
337.719,8112,8178,8177,
337.731,8101,8178,8177,
337.737,8080,8181,8177,
337.751,8050,8181,8177,
337.759,8050,8186,8180,
337.771,8061,8186,8177,
337.78,8058,8186,8174,
337.789,8053,8183,8174,
337.799,8047,8183,8174,
337.812,8047,8183,8174,
337.82,8050,8178,8174,
337.829,8047,8186,8174,
337.84,8050,8183,8174,
337.849,8045,8181,8174,
337.861,8045,8183,8174,
337.87,8042,8183,8174,
337.879,8042,8186,8177,
337.89,8037,8186,8180,
337.899,8031,8188,8177,
337.911,8031,8186,8180,
337.919,8028,8183,8177,
337.928,8026,8186,8180,
337.94,7986,8183,8177,
337.951,7970,8186,8177,
337.96,7978,8186,8180,
337.971,8012,8193,8180,
337.979,8018,8186,8177,
337.991,8015,8193,8177,
337.999,8012,8191,8177,
338.011,8007,8191,8177,
338.021,8009,8188,8177,
338.029,8007,8186,8177,
338.04,8009,8191,8177,
338.049,8009,8191,8177,
338.058,8015,8183,8180,
338.07,8023,8186,8177,
338.081,8023,8186,8177,
338.092,8018,8186,8174,
338.099,8026,8186,8174,
338.109,8028,8191,8177,
338.12,8028,8183,8174,
338.13,8026,8186,8174,
338.139,8020,8181,8174,
338.15,7978,8183,8174,
338.162,8007,8188,8177,
338.169,8037,8188,8177,
338.18,8047,8183,8174,
338.189,8053,8183,8174,
338.199,8061,8183,8174,
338.209,8061,8183,8174,
338.219,8066,8186,8174,
338.229,8072,8183,8174,
338.24,8072,8183,8174,
338.249,8077,8181,8174,
338.259,8083,8186,8174,
338.268,8088,8183,8174,
338.28,8094,8183,8174,
338.288,8097,8183,8177,
338.297,8103,8181,8177,
338.31,8109,8181,8177,
338.321,8112,8178,8177,
338.332,8117,8178,8177,
338.338,8117,8178,8177,
338.349,8106,8175,8177,
338.357,8131,8178,8177,
338.37,8139,8178,8177,
338.378,8141,8178,8180,
338.389,8147,8175,8177,
338.4,8150,8178,8177,
338.41,8150,8175,8177,
338.42,8155,8175,8177,
338.43,8155,8175,8177,
338.438,8158,8175,8177,
338.449,8160,8175,8180,
338.459,8160,8175,8177,
338.468,8158,8175,8177,
338.479,8155,8175,8177,
338.491,8155,8175,8177,
338.499,8150,8175,8177,
338.507,8144,8178,8177,
338.519,8139,8178,8177,
338.528,8128,8178,8177,
338.54,8109,8178,8177,
338.546,8083,8178,8177,
338.558,8088,8183,8177,
338.568,8080,8183,8177,
338.579,8072,8183,8177,
338.589,8058,8181,8177,
338.598,8053,8183,8174,
338.609,8045,8186,8174,
338.618,8031,8186,8174,
338.629,8026,8183,8174,
338.637,8020,8191,8174,
338.648,8009,8188,8174,
338.657,8003,8193,8174,
338.668,7991,8191,8174,
338.678,7986,8188,8177,
338.689,7988,8193,8174,
338.698,7980,8193,8177,
338.71,7980,8191,8174,
338.717,7972,8193,8177,
338.727,7972,8196,8174,
338.74,7948,8188,8174,
338.748,7901,8193,8177,
338.76,7921,8199,8177,
338.767,7951,8204,8177,
338.778,7967,8199,8174,
338.788,7972,8204,8177,
338.799,7964,8196,8174,
338.809,7978,8201,8174,
338.818,7970,8199,8174,
338.829,7978,8199,8174,
338.839,7978,8206,8174,
338.847,7964,8196,8177,
338.858,7964,8199,8174,
338.867,7975,8193,8174,
338.88,7972,8199,8174,
338.886,7975,8193,8177,
338.898,7978,8196,8177,
338.907,7978,8193,8177,
338.919,7978,8191,8180,
338.928,7986,8196,8177,
338.939,7972,8188,8177,
338.949,7921,8191,8180,
338.957,7975,8199,8180,
338.97,7980,8188,8180,
338.976,7995,8186,8177,
338.989,7995,8191,8177,
338.999,7998,8193,8177,
339.01,8007,8193,8177,
339.017,8003,8193,8177,
339.029,8000,8193,8180,
339.037,8003,8188,8177,
339.05,8012,8191,8177,
339.057,8015,8188,8177,
339.069,8018,8188,8177,
339.079,8026,8188,8177,
339.089,8039,8188,8177,
339.098,8042,8186,8177,
339.109,8045,8188,8180,
339.118,8053,8183,8174,
339.127,8058,8181,8174,
339.14,8053,8183,8174,
339.148,8034,8181,8180,
339.159,8053,8186,8177,
339.168,8080,8186,8177,
339.181,8085,8181,8177,
339.188,8092,8181,8174,
339.197,8103,8181,8174,
339.209,8109,8181,8174,
339.218,8120,8178,8174,
339.228,8125,8178,8177,
339.238,8136,8175,8174,
339.249,8144,8175,8174,
339.258,8155,8175,8177,
339.269,8166,8175,8177,
339.277,8174,8175,8174,
339.288,8182,8175,8174,
339.297,8188,8173,8174,
339.307,8192,8173,8174,
339.316,8241,8183,8182,
339.327,8203,8173,8180,
339.339,8217,8175,8180,
339.347,8238,8175,8177,
339.357,8238,8175,8180,
339.369,8230,8175,8180,
339.378,8241,8175,8182,
339.389,8246,8173,8182,
339.396,8252,8175,8185,
339.405,8260,8173,8187,
339.418,8265,8173,8185,
339.428,8271,8175,8187,
339.437,8276,8173,8187,
339.448,8283,8175,8187,
339.458,8288,8173,8187,
339.468,8288,8175,8187,
339.477,8296,8175,8187,
339.488,8301,8175,8187,
339.499,8307,8175,8187,
339.51,8312,8175,8190,
339.519,8312,8170,8187,
339.529,8315,8175,8187,
339.539,8329,8175,8185,
339.548,8372,8175,8182,
339.557,8366,8175,8187,
339.569,8331,8175,8190,
339.575,8331,8175,8190,
339.587,8334,8178,8190,
339.597,8334,8178,8190,
339.608,8337,8178,8190,
339.618,8337,8178,8190,
339.627,8342,8175,8192,
339.638,8342,8175,8192,
339.646,8345,8175,8190,
339.657,8342,8175,8190,
339.669,8345,8178,8192,
339.675,8347,8175,8192,
339.689,8350,8173,8192,
339.698,8347,8175,8192,
339.709,8350,8175,8190,
339.717,8350,8175,8190,
339.727,8350,8175,8192,
339.737,8366,8175,8192,
339.747,8406,8175,8185,
339.756,8401,8175,8190,
339.767,8369,8175,8192,
339.778,8364,8175,8192,
339.787,8366,8175,8192,
339.798,8366,8173,8192,
339.807,8369,8173,8192,
339.819,8372,8175,8192,
339.826,8369,8175,8195,
339.837,8364,8175,8195,
339.853,8369,8173,8195,
339.857,8366,8175,8195,
339.868,8369,8175,8195,
339.877,8366,8173,8192,
339.886,8366,8175,8192,
339.897,8364,8175,8195,
339.908,8366,8175,8195,
339.917,8366,8175,8192,
339.926,8366,8175,8195,
339.937,8387,8175,8192,
339.947,8428,8175,8190,
339.958,8420,8175,8192,
339.968,8390,8173,8198,
339.976,8382,8175,8198,
339.987,8385,8175,8198,
339.997,8382,8175,8195,
340.007,8379,8175,8198,
340.017,8379,8175,8195,
340.027,8385,8175,8195,
340.039,8385,8173,8195,
340.048,8387,8175,8192,
340.056,8385,8175,8195,
340.067,8385,8175,8198,
340.077,8382,8175,8195,
340.086,8385,8173,8195,
340.095,8387,8173,8198,
340.109,8387,8175,8195,
340.117,8390,8175,8198,
340.126,8393,8175,8195,
340.139,8406,8175,8198,
340.147,8442,8175,8187,
340.157,8409,8173,8198,
340.166,8393,8175,8198,
340.176,8385,8175,8195,
340.184,8385,8173,8195,
340.197,8379,8175,8195,
340.207,8377,8175,8195,
340.216,8369,8175,8192,
340.226,8369,8175,8195,
340.237,8369,8175,8192,
340.245,8366,8175,8195,
340.257,8361,8175,8192,
340.267,8353,8175,8192,
340.276,8353,8175,8192,
340.286,8347,8175,8190,
340.298,8345,8173,8192,
340.306,8342,8175,8190,
340.318,8337,8175,8190,
340.326,8339,8175,8190,
340.336,8350,8175,8187,
340.347,8404,8175,8182,
340.354,8369,8175,8190,
340.367,8339,8175,8192,
340.376,8337,8175,8192,
340.385,8337,8175,8192,
340.395,8334,8175,8190,
340.407,8329,8175,8190,
340.416,8326,8175,8190,
340.426,8323,8175,8187,
340.435,8315,8173,8187,
340.448,8310,8173,8187,
340.457,8307,8175,8187,
340.464,8307,8175,8187,
340.475,8304,8175,8187,
340.485,8299,8175,8187,
340.499,8299,8173,8187,
340.505,8291,8175,8185,
340.515,8296,8175,8185,
340.527,8293,8175,8185,
340.536,8307,8175,8182,
340.547,8339,8175,8180,
340.556,8304,8175,8185,
340.564,8273,8175,8182,
340.577,8268,8175,8182,
340.586,8271,8175,8182,
340.596,8265,8175,8182,
340.607,8263,8175,8182,
340.618,8263,8175,8182,
340.626,8260,8175,8182,
340.634,8260,8175,8182,
340.661,8254,8175,8185,
340.662,8246,8175,8182,
340.664,8241,8175,8182,
340.675,8238,8175,8182,
340.686,8235,8175,8182,
340.696,8227,8175,8180,
340.706,8222,8175,8180,
340.716,8219,8175,8180,
340.725,8217,8175,8180,
340.736,8217,8175,8180,
340.747,8222,8175,8180,
340.756,8219,8175,8177,
340.765,8214,8175,8177,
340.776,8211,8178,8177,
340.784,8208,8173,8177,
340.795,8208,8175,8177,
340.806,8206,8173,8177,
340.816,8203,8175,8177,
340.826,8200,8175,8177,
340.834,8200,8175,8177,
340.846,8198,8173,8177,
340.856,8195,8175,8177,
340.865,8195,8175,8180,
340.876,8188,8173,8177,
340.885,8185,8173,8180,
340.895,8188,8175,8180,
340.904,8185,8175,8180,
340.917,8179,8175,8177,
340.926,8177,8175,8177,
340.935,8179,8175,8177,
340.946,8174,8181,8177,
340.954,8174,8178,8174,
340.965,8174,8175,8174,
340.977,8174,8175,8174,
340.983,8171,8175,8174,
340.994,8171,8175,8174,
341.007,8174,8175,8174,
341.018,8177,8175,8174,
341.025,8177,8173,8174,
341.034,8177,8173,8174,
341.046,8177,8178,8174,
341.057,8177,8175,8174,
341.065,8177,8175,8174,
341.076,8177,8175,8174,
341.085,8177,8178,8174,
341.096,8179,8175,8174,
341.104,8179,8178,8174,
341.115,8179,8178,8174,
341.126,8188,8178,8177,
341.133,8185,8178,8174,
341.145,8185,8178,8174,
341.156,8192,8173,8174,
341.165,8188,8175,8174,
341.175,8182,8175,8177,
341.185,8182,8175,8177,
341.193,8182,8175,8174,
341.204,8182,8173,8174,
341.215,8185,8173,8177,
341.227,8185,8173,8177,
341.233,8188,8173,8174,
341.245,8188,8175,8174,
341.255,8192,8173,8177,
341.264,8192,8173,8180,
341.277,8192,8175,8177,
341.285,8188,8175,8177,
341.295,8185,8175,8177,
341.307,8182,8175,8177,
341.315,8182,8173,8180,
341.324,8188,8175,8180,
341.334,8182,8175,8177,
341.344,8182,8173,8177,
341.356,8179,8173,8177,
341.366,8171,8173,8177,
341.375,8174,8173,8177,
341.385,8174,8175,8177,
341.396,8177,8173,8177,
341.406,8177,8175,8180,
341.416,8177,8173,8177,
341.425,8177,8175,8180,
341.435,8171,8173,8177,
341.444,8171,8175,8177,
341.456,8174,8175,8180,
341.465,8174,8175,8174,
341.475,8171,8175,8174,
341.487,8171,8175,8174,
341.495,8171,8175,8174,
341.505,8174,8175,8174,
341.515,8171,8175,8174,
341.525,8171,8175,8174,
341.533,8174,8175,8177,
341.545,8171,8175,8177,
341.554,8168,8175,8177,
341.563,8166,8175,8174,
341.572,8152,8178,8180,
341.586,8155,8175,8177,
341.593,8158,8175,8177,
341.605,8163,8175,8177,
341.617,8163,8175,8177,
341.624,8163,8175,8177,
341.635,8160,8175,8177,
341.644,8158,8175,8180,
341.655,8155,8175,8177,
341.665,8155,8175,8177,
341.676,8158,8175,8174,
341.686,8163,8173,8174,
341.697,8166,8175,8177,
341.704,8168,8175,8174,
341.715,8174,8175,8174,
341.724,8174,8175,8174,
341.736,8174,8175,8174,
341.744,8171,8175,8174,
341.756,8177,8173,8174,
341.763,8171,8175,8174,
341.774,8174,8175,8174,
341.786,8177,8175,8177,
341.796,8179,8173,8174,
341.805,8174,8175,8174,
341.814,8177,8173,8177,
341.824,8163,8173,8174,
341.836,8179,8173,8177,
341.843,8177,8173,8174,
341.855,8177,8173,8174,
341.865,8177,8173,8174,
341.875,8174,8173,8174,
341.885,8174,8175,8174,
341.895,8177,8175,8174,
341.905,8177,8175,8174,
341.914,8177,8175,8174,
341.924,8177,8175,8174,
341.933,8179,8175,8174,
341.946,8174,8173,8177,
341.955,8179,8175,8177,
341.965,8177,8178,8174,
341.975,8174,8175,8174,
341.984,8174,8175,8174,
341.995,8174,8173,8174,
342.004,8174,8173,8174,
342.016,8177,8173,8177,
342.023,8177,8175,8174,
342.037,8177,8175,8174,
342.044,8174,8175,8174,
342.055,8174,8173,8174,
342.065,8171,8173,8174,
342.074,8174,8175,8174,
342.083,8171,8173,8177,
342.094,8174,8175,8177,
342.103,8174,8175,8177,
342.114,8171,8175,8177,
342.123,8171,8175,8177,
342.132,8177,8173,8177,
342.145,8174,8173,8180,
342.154,8174,8175,8177,
342.163,8177,8175,8177,
342.174,8177,8175,8177,
342.183,8177,8175,8174,
342.194,8177,8173,8177,
342.205,8177,8175,8174,
342.212,8174,8175,8174,
342.224,8177,8173,8174,
342.233,8177,8173,8174,
342.245,8177,8173,8174,
342.253,8177,8175,8174,
342.266,8177,8173,8177,
342.272,8177,8175,8174,
342.283,8177,8175,8177,
342.294,8177,8175,8174,
342.302,8171,8175,8174,
342.314,8166,8175,8174,
342.323,8163,8175,8174,
342.333,8166,8175,8174,
342.342,8160,8175,8177,
342.353,8163,8175,8177,
342.364,8166,8175,8174,
342.372,8160,8175,8174,
342.383,8158,8175,8177,
342.392,8158,8175,8177,
342.404,8160,8175,8177,
342.414,8160,8175,8180,
342.425,8158,8175,8180,
342.434,8150,8175,8177,
342.445,8144,8175,8180,
342.453,8136,8175,8177,
342.465,8131,8175,8180,
342.472,8122,8178,8180,
342.485,8114,8178,8177,
342.494,8109,8178,8174,
342.502,8109,8175,8174,
342.513,8114,8178,8174,
342.523,8112,8178,8177,
342.534,8103,8178,8174,
342.544,8077,8170,8177,
342.552,8088,8181,8177,
342.562,8083,8183,8174,
342.575,8066,8183,8174,
342.582,8072,8181,8174,
342.594,8045,8186,8174,
342.605,8069,8181,8174,
342.613,8058,8188,8174,
342.623,8053,8181,8174,
342.634,8042,8183,8177,
342.642,8039,8186,8174,
342.653,8023,8186,8177,
342.665,8020,8186,8174,
342.675,8023,8183,8174,
342.684,8012,8191,8174,
342.693,8009,8188,8177,
342.703,8000,8193,8177,
342.714,7986,8188,8177,
342.722,7995,8193,8177,
342.733,7967,8188,8174,
342.741,7932,8193,8177,
342.754,7975,8196,8174,
342.765,7983,8196,8174,
342.771,7988,8196,8174,
342.782,7983,8188,8174,
342.792,7983,8193,8174,
342.802,7972,8196,8177,
342.811,7970,8193,8177,
342.823,7953,8196,8177,
342.834,7956,8199,8174,
342.843,7948,8193,8177,
342.852,7951,8196,8174,
342.861,7951,8201,8177,
342.874,7940,8196,8177,
342.883,7945,8201,8174,
342.893,7942,8188,8174,
342.903,7945,8201,8174,
342.912,7953,8193,8177,
342.924,7951,8196,8174,
342.932,7932,8191,8174,
342.941,7889,8186,8172,
342.952,7909,8196,8174,
342.964,7959,8199,8174,
342.972,7964,8199,8177,
342.981,7967,8196,8177,
342.992,7978,8191,8174,
343.004,7991,8193,8174,
343.013,7988,8188,8174,
343.022,8009,8193,8174,
343.031,7998,8193,8174,
343.042,8000,8188,8174,
343.054,8009,8191,8174,
343.065,8009,8188,8174,
343.071,8000,8193,8174,
343.082,7995,8193,8174,
343.091,7983,8191,8177,
343.104,7975,8199,8177,
343.113,7972,8193,8174,
343.124,7978,8196,8177,
343.133,7940,8188,8177,
343.142,7886,8188,8172,
343.151,7934,8201,8174,
343.163,7945,8196,8177,
343.174,7937,8196,8174,
343.181,7948,8199,8177,
343.191,7956,8199,8177,
343.203,7956,8196,8177,
343.214,7956,8201,8174,
343.221,7953,8193,8174,
343.233,7948,8199,8174,
343.243,7956,8199,8177,
343.252,7953,8199,8172,
343.263,7951,8196,8174,
343.272,7964,8193,8177,
343.282,7953,8196,8177,
343.293,7953,8199,8177,
343.302,7937,8196,8177,
343.313,7948,8199,8177,
343.321,7940,8199,8177,
343.333,7918,8193,8172,
343.342,7840,8191,8180,
343.352,7909,8206,8177,
343.362,7918,8201,8174,
343.37,7929,8199,8177,
343.38,7932,8196,8174,
343.394,7934,8199,8174,
343.403,7932,8193,8177,
343.41,7929,8204,8174,
343.421,7929,8199,8174,
343.434,7934,8199,8177,
343.443,7948,8199,8177,
343.452,7951,8193,8174,
343.463,7956,8196,8174,
343.474,7959,8196,8174,
343.482,7961,8204,8177,
343.492,7959,8193,8177,
343.502,7964,8199,8174,
343.511,7964,8199,8174,
343.521,7964,8188,8177,
343.533,7923,8183,8177,
343.541,7909,8188,8177,
343.552,7961,8199,8174,
343.563,7970,8196,8174,
343.572,7980,8196,8172,
343.582,7995,8191,8174,
343.591,7988,8191,8174,
343.602,7991,8191,8174,
343.613,7986,8193,8177,
343.623,7986,8196,8174,
343.63,7995,8193,8174,
343.643,7991,8196,8177,
343.652,7986,8196,8174,
343.662,7995,8186,8174,
343.671,8000,8193,8174,
343.682,8003,8186,8174,
343.694,8009,8191,8174,
343.705,8026,8191,8174,
343.711,8031,8188,8177,
343.721,8034,8188,8174,
343.732,8015,8183,8177,
343.744,8003,8186,8174,
343.75,8047,8188,8177,
343.763,8072,8186,8177,
343.774,8085,8181,8174,
343.782,8101,8178,8177,
343.79,8114,8178,8174,
343.803,8128,8175,8174,
343.811,8141,8175,8174,
343.823,8155,8175,8177,
343.831,8163,8175,8177,
343.841,8171,8175,8177,
343.852,8185,8173,8177,
343.861,8188,8173,8177,
343.872,8195,8175,8177,
343.88,8249,8170,8200,
343.891,8217,8175,8180,
343.899,8214,8175,8180,
343.912,8214,8175,8180,
343.922,8217,8175,8180,
343.931,8219,8175,8177,
343.943,8227,8175,8177,
343.951,8222,8175,8177,
343.961,8211,8173,8177,
343.969,8203,8175,8174,
343.982,8195,8175,8177,
343.991,8188,8175,8177,
344.002,8179,8173,8174,
344.011,8177,8175,8174,
344.022,8179,8175,8174,
344.033,8182,8175,8174,
344.039,8182,8175,8174,
344.05,8182,8175,8177,
344.06,8188,8175,8177,
344.072,8195,8175,8174,
344.082,8198,8175,8174,
344.089,8198,8175,8177,
344.101,8200,8175,8177,
344.111,8200,8173,8177,
344.12,8203,8175,8174,
344.131,8206,8173,8177,
344.14,8222,8175,8177,
344.152,8225,8175,8177,
344.161,8217,8175,8180,
344.173,8225,8173,8177,
344.179,8233,8175,8177,
344.19,8241,8173,8180,
344.2,8246,8175,8182,
344.209,8246,8173,8180,
344.222,8227,8175,8177,
344.23,8225,8175,8182,
344.241,8238,8173,8185,
344.252,8219,8175,8180,
344.261,8222,8175,8182,
344.27,8214,8175,8180,
344.279,8211,8175,8177,
344.293,8206,8175,8180,
344.299,8203,8175,8180,
344.31,8203,8173,8180,
344.322,8206,8175,8180,
344.33,8219,8175,8182,
344.342,8233,8173,8177,
344.35,8225,8173,8177,
344.361,8179,8175,8172,
344.371,8174,8173,8174,
344.383,8174,8173,8174,
344.391,8185,8175,8177,
344.399,8174,8170,8180,
344.411,8192,8173,8177,
344.42,8203,8178,8172,
344.429,8219,8173,8180,
344.44,8241,8178,8182,
344.45,8235,8178,8180,
344.461,8217,8181,8180,
344.47,8214,8175,8177,
344.48,8182,8175,8174,
344.492,8168,8173,8174,
344.5,8179,8175,8174,
344.511,8171,8170,8177,
344.52,8188,8178,8177,
344.53,8182,8175,8174,
344.541,8168,8173,8177,
344.549,8182,8175,8177,
344.561,8174,8175,8174,
344.57,8179,8173,8174,
344.581,8155,8175,8172,
344.592,8182,8175,8174,
344.598,8179,8173,8177,
344.611,8185,8175,8174,
344.62,8166,8175,8169,
344.629,8192,8175,8169,
344.638,8160,8175,8169,
344.65,8211,8178,8180,
344.66,8198,8173,8177,
344.673,8219,8178,8180,
344.68,8195,8173,8177,
344.69,8214,8175,8180,
344.699,8227,8178,8180,
344.71,8244,8173,8180,
344.722,8257,8175,8182,
344.728,8273,8173,8182,
344.74,8304,8175,8177,
344.748,8291,8175,8182,
344.761,8279,8175,8185,
344.77,8279,8175,8182,
344.781,8279,8175,8182,
344.79,8283,8175,8185,
344.801,8285,8173,8185,
344.81,8285,8175,8185,
344.819,8288,8173,8185,
344.83,8283,8175,8185,
344.84,8276,8173,8182,
344.852,8265,8175,8185,
344.859,8263,8175,8185,
344.869,8265,8173,8185,
344.878,8268,8175,8185,
344.892,8273,8175,8187,
344.9,8279,8175,8185,
344.908,8283,8175,8187,
344.921,8288,8175,8187,
344.931,8310,8175,8185,
344.941,8350,8173,8180,
344.949,8347,8175,8185,
344.959,8320,8175,8190,
344.97,8318,8173,8187,
344.982,8315,8175,8187,
344.989,8318,8173,8187,
345,8318,8175,8187,
345.012,8320,8175,8187,
345.022,8323,8175,8187,
345.03,8323,8173,8190,
345.04,8323,8175,8187,
345.051,8326,8175,8190,
345.059,8326,8175,8190,
345.069,8329,8175,8187,
345.078,8334,8175,8187,
345.091,8331,8175,8190,
345.099,8334,8175,8190,
345.11,8331,8175,8190,
345.119,8331,8175,8190,
345.129,8334,8173,8187,
345.141,8364,8175,8180,
345.15,8350,8173,8187,
345.16,8320,8175,8192,
345.172,8318,8173,8185,
345.179,8318,8173,8187,
345.189,8318,8173,8187,
345.2,8320,8173,8187,
345.208,8318,8175,8187,
345.219,8318,8175,8187,
345.229,8318,8175,8187,
345.24,8320,8175,8187,
345.251,8320,8175,8190,
345.259,8320,8175,8190,
345.27,8320,8175,8190,
345.279,8320,8175,8190,
345.291,8315,8175,8190,
345.3,8312,8175,8190,
345.309,8312,8173,8190,
345.32,8310,8173,8190,
345.33,8315,8175,8187,
345.341,8345,8170,8185,
345.35,8320,8175,8192,
345.358,8312,8175,8190,
345.368,8315,8173,8190,
345.379,8318,8173,8190,
345.391,8318,8175,8190,
345.402,8318,8175,8190,
345.409,8318,8175,8190,
345.418,8312,8175,8190,
345.43,8307,8175,8190,
345.441,8304,8175,8190,
345.451,8299,8178,8190,
345.457,8293,8175,8185,
345.469,8285,8178,8185,
345.479,8285,8175,8185,
345.489,8283,8178,8185,
345.498,8283,8178,8185,
345.509,8285,8178,8185,
345.517,8283,8178,8185,
345.53,8285,8175,8182,
345.54,8312,8178,8180,
345.549,8285,8178,8185,
345.561,8268,8173,8180,
345.569,8257,8175,8185,
345.578,8233,8175,8180,
345.589,8254,8173,8185,
345.599,8265,8175,8185,
345.61,8260,8173,8185,
345.621,8260,8175,8185,
345.629,8260,8175,8185,
345.639,8260,8175,8185,
345.648,8260,8175,8185,
345.661,8260,8175,8185,
345.667,8265,8175,8182,
345.681,8268,8173,8182,
345.687,8265,8175,8182,
345.698,8263,8175,8182,
345.708,8260,8175,8182,
345.719,8257,8175,8180,
345.728,8268,8175,8180,
345.74,8291,8175,8174,
345.748,8276,8175,8182,
345.758,8257,8175,8182,
345.769,8257,8175,8182,
345.779,8265,8175,8182,
345.79,8268,8175,8182,
345.796,8271,8175,8185,
345.809,8276,8175,8185,
345.818,8276,8175,8182,
345.831,8273,8175,8185,
345.837,8271,8175,8182,
345.85,8265,8175,8182,
345.859,8254,8173,8182,
345.867,8263,8175,8182,
345.88,8265,8175,8182,
345.89,8273,8175,8185,
345.901,8273,8175,8182,
345.908,8279,8175,8185,
345.919,8283,8175,8185,
345.928,8283,8175,8182,
345.94,8312,8175,8180,
345.95,8301,8175,8182,
345.96,8283,8175,8185,
345.968,8273,8175,8182,
345.978,8265,8173,8182,
345.988,8265,8175,8182,
345.997,8268,8175,8182,
346.007,8260,8173,8180,
346.019,8249,8175,8180,
346.029,8241,8175,8180,
346.038,8225,8175,8177,
346.047,8208,8175,8174,
346.057,8185,8175,8174,
346.067,8166,8173,8172,
346.077,8152,8175,8177,
346.09,8114,8178,8177,
346.099,8094,8181,8174,
346.108,8069,8183,8177,
346.12,8045,8183,8174,
346.128,8000,8181,8177,
346.139,7956,8188,8174,
346.146,7975,8196,8177,
346.157,7961,8196,8177,
346.167,7951,8196,8174,
346.176,7934,8196,8177,
346.188,7932,8201,8177,
346.209,7912,8199,8180,
346.209,7895,8206,8177,
346.216,7884,8206,8177,
346.226,7867,8214,8174,
346.237,7854,8209,8177,
346.248,7840,8214,8180,
346.259,7820,8214,8180,
346.268,7824,8209,8177,
346.276,7807,8209,8177,
346.287,7787,8219,8174,
346.298,7793,8214,8177,
346.307,7773,8217,8174,
346.319,7760,8227,8169,
346.329,7721,8206,8174,
346.339,7624,8204,8174,
346.348,7647,8214,8174,
346.359,7746,8219,8174,
346.369,7784,8219,8169,
346.378,7773,8217,8177,
346.389,7784,8214,8177,
346.399,7784,8227,8174,
346.41,7784,8217,8177,
346.42,7793,8219,8174,
346.43,7804,8222,8174,
346.439,7801,8222,8174,
346.448,7812,8219,8177,
346.458,7804,8214,8174,
346.47,7812,8222,8177,
346.477,7867,8214,8177,
346.486,7820,8224,8169,
346.499,7660,8242,8182,
346.509,7749,8239,8177,
346.518,7768,8217,8180,
346.527,7749,8206,8169,
346.54,7696,8201,8177,
346.548,7773,8219,8177,
346.558,7829,8217,8174,
346.568,7848,8217,8177,
346.579,7857,8224,8177,
346.59,7859,8214,8174,
346.599,7848,8214,8174,
346.607,7840,8217,8174,
346.617,7820,8227,8174,
346.626,7804,8222,8177,
346.637,7807,8222,8174,
346.647,7840,8222,8174,
346.657,7807,8209,8172,
346.668,7840,8217,8174,
346.678,7857,8214,8177,
346.687,7865,8209,8177,
346.698,7884,8206,8177,
346.708,7895,8201,8174,
346.717,7895,8204,8174,
346.727,7843,8204,8177,
346.736,7781,8199,8172,
346.749,7815,8201,8174,
346.757,7854,8217,8174,
346.768,7875,8209,8172,
346.775,7886,8212,8174,
346.787,7904,8204,8177,
346.798,7918,8212,8174,
346.806,7921,8206,8174,
346.817,7940,8206,8174,
346.826,7932,8201,8174,
346.836,7940,8204,8177,
346.848,7932,8201,8174,
346.856,7934,8199,8174,
346.867,7932,8196,8174,
346.879,7937,8201,8174,
346.887,7934,8204,8172,
346.899,7937,8199,8174,
346.905,7942,8209,8174,
346.919,7937,8201,8174,
346.928,7881,8191,8174,
346.938,7854,8186,8172,
346.949,7886,8204,8177,
346.957,7906,8209,8177,
346.968,7906,8196,8174,
346.977,7904,8199,8177,
346.985,7906,8199,8177,
346.999,7898,8206,8177,
347.008,7898,8204,8174,
347.019,7901,8201,8174,
347.028,7889,8206,8174,
347.037,7889,8206,8174,
347.048,7878,8212,8174,
347.058,7870,8204,8174,
347.068,7875,8209,8177,
347.078,7884,8206,8174,
347.088,7875,8212,8174,
347.097,7886,8212,8174,
347.108,7886,8217,8174,
347.116,7889,8209,8177,
347.129,7846,8199,8174,
347.138,7787,8201,8177,
347.149,7818,8201,8172,
347.156,7878,8209,8174,
347.167,7906,8201,8177,
347.178,7912,8206,8177,
347.187,7921,8209,8174,
347.196,7934,8201,8177,
347.208,7923,8201,8174,
347.216,7932,8206,8177,
347.226,7929,8204,8174,
347.239,7926,8201,8174,
347.245,7932,8206,8177,
347.257,7923,8204,8177,
347.266,7926,8199,8174,
347.277,7923,8199,8174,
347.288,7926,8199,8174,
347.298,7923,8201,8174,
347.306,7923,8199,8174,
347.315,7923,8199,8177,
347.326,7884,8191,8177,
347.337,7857,8196,8174,
347.347,7918,8201,8174,
347.358,7948,8199,8172,
347.365,7961,8196,8174,
347.376,7970,8193,8174,
347.388,7978,8196,8174,
347.398,7991,8196,8174,
347.408,8003,8193,8174,
347.416,8018,8186,8177,
347.427,8031,8186,8174,
347.436,8050,8183,8174,
347.447,8066,8183,8177,
347.457,8077,8178,8177,
347.468,8094,8178,8174,
347.477,8120,8178,8174,
347.487,8139,8175,8174,
347.495,8158,8175,8174,
347.505,8179,8173,8174,
347.517,8195,8173,8177,
347.527,8200,8173,8177,
347.536,8235,8168,8149,
347.546,8285,8175,8180,
347.556,8291,8175,8187,
347.566,8312,8175,8187,
347.576,8334,8175,8190,
347.586,8358,8175,8192,
347.596,8379,8175,8195,
347.605,8401,8175,8198,
347.618,8423,8173,8200,
347.625,8439,8175,8203,
347.636,8455,8173,8203,
347.646,8479,8175,8208,
347.659,8492,8175,8210,
347.666,8506,8173,8210,
347.674,8517,8175,8210,
347.686,8519,8175,8213,
347.695,8522,8175,8210,
347.705,8527,8175,8213,
347.716,8530,8173,8210,
347.727,8544,8173,8210,
347.735,8600,8173,8200,
347.745,8549,8173,8208,
347.756,8519,8175,8216,
347.765,8514,8175,8213,
347.777,8506,8173,8210,
347.786,8509,8175,8210,
347.798,8506,8173,8210,
347.804,8503,8175,8210,
347.817,8506,8175,8210,
347.827,8500,8173,8208,
347.837,8498,8175,8213,
347.845,8503,8173,8210,
347.856,8495,8175,8210,
347.865,8490,8175,8205,
347.878,8498,8175,8208,
347.884,8490,8175,8208,
347.897,8487,8173,8210,
347.905,8490,8175,8210,
347.917,8492,8175,8210,
347.927,8514,8173,8208,
347.935,8570,8175,8195,
347.947,8509,8173,8210,
347.957,8479,8178,8208,
347.964,8490,8175,8208,
347.976,8492,8173,8208,
347.985,8487,8175,8210,
347.995,8484,8175,8208,
348.005,8479,8173,8210,
348.017,8481,8175,8210,
348.025,8479,8173,8216,
348.037,8479,8173,8213,
348.048,8476,8175,8213,
348.054,8476,8175,8208,
348.065,8476,8173,8210,
348.076,8476,8175,8208,
348.086,8468,8175,8213,
348.095,8468,8173,8210,
348.106,8458,8175,8210,
348.117,8458,8175,8210,
348.126,8479,8178,8203,
348.136,8527,8183,8195,
348.145,8481,8175,8210,
348.156,8463,8173,8208,
348.165,8458,8173,8208,
348.174,8455,8175,8205,
348.186,8447,8173,8205,
348.195,8444,8175,8205,
348.206,8439,8175,8208,
348.217,8436,8175,8208,
348.226,8439,8173,8203,
348.235,8436,8173,8200,
348.245,8428,8175,8200,
348.254,8406,8173,8200,
348.266,8385,8173,8195,
348.275,8361,8173,8195,
348.284,8342,8178,8190,
348.295,8331,8178,8190,
348.306,8326,8178,8190,
348.316,8334,8178,8192,
348.324,8372,8178,8187,
348.334,8473,8178,8185,
348.347,8444,8175,8195,
348.355,8409,8178,8198,
348.364,8393,8175,8198,
348.376,8377,8178,8195,
348.385,8366,8175,8195,
348.395,8356,8175,8192,
348.406,8350,8175,8192,
348.415,8347,8173,8192,
348.425,8356,8175,8195,
348.436,8379,8175,8195,
348.447,8398,8173,8198,
348.454,8409,8173,8200,
348.468,8414,8173,8198,
348.473,8414,8173,8198,
348.484,8409,8175,8200,
348.497,8406,8175,8198,
348.506,8398,8175,8195,
348.515,8393,8175,8195,
348.524,8390,8175,8190,
-1.482,0,0,0,
-1.482,0,0,0,
-1.482,0,0,0,
-1.482,0,0,0,
-1.482,0,0,0,
-1.482,0,0,0,
-1.482,0,0,0,
-1.482,0,0,0,
-1.482,0,0,0,
-1.482,0,0,0,
-1.482,0,0,0,
-1.482,0,0,0,
-1.482,0,0,0,
-1.482,0,0,0,
-1.482,0,0,0,
-1.482,0,0,0,
-1.482,0,0,0,
-1.482,0,0,0,
-1.482,0,0,0,
-1.482,0,0,0,
-1.482,0,0,0,
-1.482,0,0,0,
-1.482,0,0,0,
-1.482,0,0,0,
-1.482,0,0,0,
-1.482,0,0,0,
-1.482,0,0,0,
-1.482,0,0,0,
-1.482,0,0,0,
-1.482,0,0,0,
-1.482,0,0,0,
-1.482,0,0,0,
-1.482,0,0,0,
-1.482,0,0,0,
-1.482,0,0,0,
-1.482,0,0,0,
-1.482,0,0,0,
-1.482,0,0,0,
-1.482,0,0,0,
-1.482,0,0,0,
-1.482,0,0,0,
-1.482,0,0,0,
-1.482,0,0,0,
-1.482,0,0,0,
-1.482,0,0,0,
-1.482,0,0,0,
-1.482,0,0,0,
-1.482,0,0,0,
-1.482,0,0,0,
-1.482,0,0,0,
-1.482,0,0,0,
-1.482,0,0,0,
-1.482,0,0,0,
-1.482,0,0,0,
-1.482,0,0,0,
-1.482,0,0,0,
-1.482,0,0,0,
-1.482,0,0,0,
-1.482,0,0,0,
-1.482,0,0,0,
-1.482,0,0,0,
-1.482,0,0,0,
-1.482,0,0,0,
-1.482,0,0,0,
-1.482,0,0,0,
-1.482,0,0,0,
-1.482,0,0,0,
-1.482,0,0,0,
-1.482,0,0,0,
-1.482,0,0,0,
-1.482,0,0,0,
-1.482,0,0,0,
-1.482,0,0,0,
-1.482,0,0,0,
-1.482,0,0,0,
-1.482,0,0,0,
-1.482,0,0,0,
-1.482,0,0,0,
-1.482,0,0,0,
-1.482,0,0,0,
-1.482,0,0,0,
-1.482,0,0,0,
-1.482,0,0,0,
-1.482,0,0,0,
-1.482,0,0,0,
-1.482,0,0,0,
-1.482,0,0,0,
-1.482,0,0,0,
-1.482,0,0,0,
-1.482,0,0,0,
-1.482,0,0,0,
-1.482,0,0,0,
-1.482,0,0,0,
-1.482,0,0,0,
-1.482,0,0,0,
-1.482,0,0,0,
-1.482,0,0,0,
-1.482,0,0,0,
