Time [s],Gauge Pressure,Inspiratory Differential Pressure ,Expiratory Differential Pressure ,StartTime
0,8227,8181,8185,16:04:09
0.00200000000000067,8225,8183,8187,
0.0229999999999997,8225,8183,8185,
0.0240000000000009,8222,8181,8185,
0.0280000000000005,8222,8178,8185,
0.0380000000000003,8217,8178,8185,
0.0460000000000012,8217,8178,8185,
0.0579999999999998,8219,8178,8187,
0.0660000000000007,8219,8178,8185,
0.0780000000000012,8217,8175,8182,
0.088000000000001,8217,8178,8185,
0.0969999999999995,8217,8175,8187,
0.109,8214,8175,8185,
0.118,8214,8178,8187,
0.127000000000001,8211,8175,8185,
0.137,8211,8178,8185,
0.148,8208,8178,8185,
0.159000000000001,8208,8178,8185,
0.171000000000001,8206,8178,8185,
0.176,8192,8168,8177,
0.186999999999999,8188,8170,8177,
0.196,8192,8168,8177,
0.205,8195,8168,8174,
0.218,8188,8168,8177,
0.229000000000001,8182,8170,8174,
0.235000000000001,8179,8170,8177,
0.248000000000001,8182,8173,8174,
0.256,8179,8173,8177,
0.268000000000001,8179,8173,8174,
0.277000000000001,8177,8175,8174,
0.286,8177,8173,8174,
0.298,8174,8173,8177,
0.307,8177,8173,8174,
0.317,8177,8173,8174,
0.326000000000001,8174,8173,8174,
0.336,8174,8173,8180,
0.347,8174,8173,8180,
0.356,8177,8173,8180,
0.367000000000001,8177,8173,8177,
0.375999999999999,8174,8173,8177,
0.385,8177,8173,8177,
0.397,8177,8173,8180,
0.407,8177,8173,8177,
0.416,8177,8175,8177,
0.427,8174,8173,8180,
0.439,8177,8173,8180,
0.445,8177,8173,8174,
0.457000000000001,8177,8173,8174,
0.467000000000001,8177,8173,8174,
0.477,8177,8173,8174,
0.486000000000001,8177,8173,8174,
0.495000000000001,8177,8170,8174,
0.506,8174,8173,8177,
0.516,8174,8173,8174,
0.526,8177,8173,8174,
0.535,8177,8173,8177,
0.547000000000001,8177,8173,8174,
0.557,8177,8173,8174,
0.568,8179,8173,8174,
0.576000000000001,8179,8175,8174,
0.587,8179,8173,8174,
0.596,8179,8175,8174,
0.610000000000001,8179,8173,8174,
0.616,8179,8173,8180,
0.628,8179,8173,8177,
0.635,8179,8175,8174,
0.646000000000001,8177,8173,8177,
0.656000000000001,8179,8173,8177,
0.666,8179,8173,8177,
0.676,8179,8173,8177,
0.688000000000001,8179,8173,8177,
0.696,8177,8173,8177,
0.705,8179,8173,8177,
0.717000000000001,8177,8173,8177,
0.726000000000001,8177,8173,8177,
0.736000000000001,8179,8173,8180,
0.747,8179,8173,8180,
0.757,8177,8173,8177,
0.767000000000001,8174,8173,8177,
0.775,8163,8175,8177,
0.785,8150,8175,8185,
0.796000000000001,8147,8173,8180,
0.808,8133,8173,8180,
0.818,8133,8178,8177,
0.825000000000001,8128,8175,8180,
0.835000000000001,8122,8175,8180,
0.846,8122,8178,8180,
0.856,8120,8175,8177,
0.865,8120,8175,8177,
0.875,8117,8175,8180,
0.884,8114,8175,8177,
0.895,8114,8175,8177,
0.905000000000001,8114,8175,8177,
0.913,8114,8175,8177,
0.925000000000001,8117,8175,8180,
0.936,8120,8175,8177,
0.946,8125,8175,8180,
0.957000000000001,8128,8175,8177,
0.965,8133,8175,8174,
0.976000000000001,8139,8175,8177,
0.985000000000001,8141,8175,8177,
0.995000000000001,8144,8173,8174,
1.004,8144,8173,8177,
1.014,8152,8173,8177,
1.025,8155,8175,8174,
1.037,8160,8173,8174,
1.046,8163,8173,8174,
1.055,8168,8173,8177,
1.066,8171,8173,8177,
1.075,8171,8173,8174,
1.086,8174,8173,8174,
1.095,8177,8173,8177,
1.105,8177,8173,8174,
1.115,8177,8173,8177,
1.126,8179,8173,8180,
1.135,8179,8173,8174,
1.146,8179,8173,8177,
1.155,8182,8173,8174,
1.166,8185,8173,8180,
1.175,8185,8173,8177,
1.185,8188,8173,8177,
1.196,8192,8173,8177,
1.205,8195,8173,8174,
1.214,8192,8173,8180,
1.223,8192,8173,8177,
1.233,8188,8173,8177,
1.243,8192,8173,8177,
1.255,8192,8173,8180,
1.263,8192,8173,8180,
1.274,8192,8173,8180,
1.287,8195,8173,8180,
1.296,8195,8173,8180,
1.306,8195,8173,8180,
1.317,8195,8173,8180,
1.325,8195,8173,8180,
1.335,8195,8173,8180,
1.344,8195,8173,8180,
1.355,8192,8173,8177,
1.365,8192,8173,8177,
1.376,8192,8173,8177,
1.385,8192,8173,8177,
1.394,8198,8175,8177,
1.405,8200,8175,8177,
1.417,8195,8173,8177,
1.425,8192,8175,8174,
1.436,8192,8175,8177,
1.444,8188,8173,8177,
1.457,8185,8173,8174,
1.468,8182,8173,8180,
1.475,8182,8173,8177,
1.486,8179,8173,8177,
1.495,8179,8173,8177,
1.506,8177,8173,8180,
1.517,8174,8173,8177,
1.523,8177,8173,8177,
1.536,8177,8173,8180,
1.545,8177,8173,8177,
1.553,8177,8173,8177,
1.567,8177,8173,8177,
1.577,8177,8173,8177,
1.586,8177,8173,8177,
1.596,8177,8173,8177,
1.604,8177,8175,8174,
1.615,8177,8175,8180,
1.625,8174,8175,8174,
1.635,8174,8173,8174,
1.644,8174,8173,8174,
1.655,8174,8173,8177,
1.665,8177,8173,8180,
1.674,8174,8173,8177,
1.687,8174,8173,8180,
1.695,8177,8173,8180,
1.704,8177,8173,8180,
1.714,8179,8173,8177,
1.724,8179,8173,8177,
1.734,8179,8173,8180,
1.746,8177,8173,8177,
1.756,8179,8173,8180,
1.765,8174,8175,8180,
1.776,8174,8173,8177,
1.785,8160,8175,8180,
1.796,8160,8175,8180,
1.806,8144,8183,8177,
1.813,8136,8175,8180,
1.824,8131,8178,8180,
1.835,8125,8178,8177,
1.843,8120,8178,8177,
1.854,8117,8175,8177,
1.865,8114,8175,8177,
1.875,8114,8175,8177,
1.886,8114,8175,8177,
1.895,8114,8175,8174,
1.905,8114,8175,8174,
1.913,8114,8175,8177,
1.924,8117,8175,8174,
1.935,8120,8175,8174,
1.944,8120,8175,8174,
1.955,8122,8175,8177,
1.966,8125,8175,8174,
1.975,8128,8175,8174,
1.986,8128,8175,8174,
1.996,8128,8175,8177,
2.006,8128,8173,8174,
2.016,8133,8173,8177,
2.024,8136,8175,8174,
2.033,8141,8175,8174,
2.046,8144,8175,8174,
2.056,8147,8175,8177,
2.063,8150,8175,8174,
2.073,8155,8175,8174,
2.086,8158,8173,8174,
2.095,8160,8173,8177,
2.105,8163,8173,8177,
2.116,8166,8173,8174,
2.123,8174,8175,8174,
2.135,8177,8175,8177,
2.145,8177,8175,8177,
2.154,8179,8175,8177,
2.163,8182,8175,8177,
2.174,8182,8175,8177,
2.184,8195,8178,8174,
2.193,8192,8178,8177,
2.205,8195,8178,8177,
2.214,8198,8178,8177,
2.225,8195,8175,8177,
2.233,8192,8175,8177,
2.245,8195,8175,8174,
2.254,8198,8173,8177,
2.264,8200,8173,8177,
2.275,8203,8173,8177,
2.285,8203,8173,8177,
2.294,8206,8173,8177,
2.305,8208,8173,8177,
2.314,8208,8173,8177,
2.323,8203,8173,8177,
2.333,8211,8173,8177,
2.344,8211,8173,8177,
2.353,8211,8173,8180,
2.363,8211,8173,8177,
2.373,8214,8173,8177,
2.383,8214,8173,8182,
2.394,8217,8173,8180,
2.404,8227,8173,8180,
2.412,8219,8173,8180,
2.425,8214,8173,8182,
2.435,8214,8173,8180,
2.443,8211,8173,8182,
2.452,8211,8173,8180,
2.463,8211,8175,8180,
2.474,8214,8173,8180,
2.483,8214,8173,8180,
2.495,8211,8173,8180,
2.504,8214,8173,8180,
2.513,8214,8173,8180,
2.526,8211,8173,8180,
2.533,8208,8175,8180,
2.542,8208,8170,8180,
2.553,8208,8170,8180,
2.564,8206,8170,8180,
2.573,8206,8170,8180,
2.583,8203,8170,8182,
2.595,8203,8170,8177,
2.604,8214,8170,8174,
2.613,8206,8170,8177,
2.624,8200,8170,8177,
2.633,8200,8173,8177,
2.645,8198,8170,8177,
2.655,8198,8173,8177,
2.663,8198,8173,8177,
2.673,8195,8173,8177,
2.683,8195,8173,8177,
2.695,8195,8173,8177,
2.703,8195,8175,8180,
2.713,8195,8173,8180,
2.725,8195,8173,8180,
2.735,8195,8173,8180,
2.744,8195,8173,8180,
2.754,8195,8173,8180,
2.763,8195,8173,8180,
2.773,8195,8175,8180,
2.784,8198,8175,8180,
2.792,8198,8173,8174,
2.802,8203,8173,8174,
2.814,8198,8173,8177,
2.825,8198,8175,8177,
2.834,8200,8173,8180,
2.843,8200,8175,8177,
2.854,8200,8175,8177,
2.864,8203,8173,8177,
2.875,8206,8173,8177,
2.882,8203,8173,8177,
2.894,8203,8175,8180,
2.903,8203,8173,8177,
2.913,8203,8173,8177,
2.924,8206,8173,8177,
2.935,8206,8173,8177,
2.944,8206,8173,8177,
2.953,8206,8173,8177,
2.964,8206,8173,8174,
2.975,8206,8175,8177,
2.983,8203,8173,8177,
2.993,8206,8175,8177,
3.002,8211,8173,8177,
3.013,8208,8173,8177,
3.024,8203,8173,8180,
3.035,8206,8175,8180,
3.044,8206,8173,8182,
3.053,8206,8173,8180,
3.065,8206,8173,8180,
3.074,8206,8173,8180,
3.082,8206,8175,8180,
3.093,8206,8173,8180,
3.102,8208,8173,8177,
3.113,8206,8173,8177,
3.124,8208,8175,8177,
3.133,8208,8173,8177,
3.143,8211,8173,8177,
3.154,8211,8173,8177,
3.162,8211,8173,8177,
3.173,8211,8173,8177,
3.183,8211,8173,8177,
3.192,8211,8173,8177,
3.205,8219,8173,8177,
3.213,8211,8173,8180,
3.223,8206,8173,8185,
3.232,8208,8175,8182,
3.242,8208,8173,8180,
3.252,8206,8175,8180,
3.261,8206,8173,8180,
3.271,8206,8173,8180,
3.284,8206,8175,8180,
3.295,8203,8173,8180,
3.303,8203,8173,8180,
3.313,8203,8173,8177,
3.323,8203,8173,8177,
3.333,8200,8173,8177,
3.343,8203,8173,8177,
3.353,8200,8173,8177,
3.363,8200,8173,8177,
3.373,8198,8173,8177,
3.382,8198,8175,8177,
3.393,8195,8173,8174,
3.404,8200,8173,8174,
3.412,8192,8175,8177,
3.42,8188,8173,8174,
3.431,8185,8173,8180,
3.444,8185,8173,8177,
3.453,8185,8173,8177,
3.461,8185,8173,8174,
3.471,8185,8173,8177,
3.481,8185,8173,8174,
3.493,8185,8173,8174,
3.503,8182,8173,8177,
3.511,8182,8175,8177,
3.522,8179,8173,8177,
3.534,8182,8173,8180,
3.541,8179,8173,8177,
3.554,8182,8173,8180,
3.563,8179,8173,8180,
3.572,8182,8173,8177,
3.581,8182,8173,8180,
3.593,8185,8175,8180,
3.601,8192,8173,8180,
3.613,8188,8175,8177,
3.622,8182,8175,8177,
3.631,8185,8173,8177,
3.64,8182,8173,8177,
3.652,8182,8175,8177,
3.661,8185,8173,8177,
3.673,8182,8173,8177,
3.682,8185,8173,8177,
3.692,8182,8173,8174,
3.702,8185,8173,8174,
3.711,8182,8175,8177,
3.721,8185,8175,8180,
3.73,8185,8173,8180,
3.741,8188,8173,8177,
3.752,8188,8173,8180,
3.761,8188,8173,8180,
3.773,8192,8173,8180,
3.784,8195,8173,8180,
3.793,8195,8173,8180,
3.802,8200,8173,8180,
3.814,8200,8175,8180,
3.82,8195,8173,8177,
3.832,8195,8175,8174,
3.842,8195,8173,8177,
3.851,8198,8173,8177,
3.861,8195,8173,8177,
3.873,8195,8175,8177,
3.882,8195,8173,8177,
3.893,8192,8173,8177,
3.9,8195,8173,8177,
3.911,8198,8173,8177,
3.922,8195,8173,8180,
3.931,8195,8173,8180,
3.94,8195,8173,8180,
3.95,8192,8175,8180,
3.961,8195,8173,8180,
3.971,8192,8173,8180,
3.982,8195,8175,8180,
3.991,8195,8173,8180,
4.004,8200,8173,8177,
4.01,8192,8175,8182,
4.022,8185,8173,8180,
4.032,8188,8175,8177,
4.041,8185,8173,8177,
4.052,8185,8173,8180,
4.062,8185,8173,8177,
4.072,8185,8173,8177,
4.081,8182,8173,8177,
4.09,8182,8173,8180,
4.103,8182,8173,8177,
4.11,8185,8175,8180,
4.12,8182,8173,8180,
4.13,8182,8173,8177,
4.142,8182,8173,8177,
4.153,8182,8173,8177,
4.159,8182,8173,8174,
4.173,8182,8175,8177,
4.181,8182,8173,8174,
4.194,8182,8173,8177,
4.202,8182,8175,8180,
4.212,8182,8175,8177,
4.222,8174,8175,8174,
4.232,8174,8173,8180,
4.242,8174,8173,8177,
4.252,8174,8173,8174,
4.261,8177,8175,8177,
4.27,8177,8175,8174,
4.283,8177,8173,8174,
4.291,8177,8173,8174,
4.302,8177,8173,8174,
4.311,8177,8173,8174,
4.322,8179,8173,8177,
4.333,8179,8173,8177,
4.342,8182,8173,8177,
4.351,8179,8173,8177,
4.361,8179,8173,8174,
4.371,8179,8173,8174,
4.382,8179,8173,8174,
4.391,8179,8175,8177,
4.401,8179,8175,8172,
4.41,8177,8170,8180,
4.42,8177,8173,8180,
4.432,8174,8173,8174,
4.44,8174,8173,8174,
4.45,8174,8173,8177,
4.463,8174,8173,8177,
4.471,8174,8173,8174,
4.482,8171,8173,8174,
4.492,8171,8173,8177,
4.502,8171,8173,8177,
4.512,8168,8175,8174,
4.523,8168,8173,8177,
4.533,8171,8173,8174,
4.541,8171,8173,8174,
4.551,8171,8173,8174,
4.561,8171,8173,8177,
4.57,8171,8173,8177,
4.58,8171,8175,8177,
4.591,8171,8175,8177,
4.6,8168,8173,8174,
4.61,8171,8173,8177,
4.62,8168,8175,8174,
4.629,8168,8175,8177,
4.64,8166,8175,8180,
4.652,8168,8175,8180,
4.663,8168,8173,8177,
4.669,8168,8173,8180,
4.683,8168,8173,8177,
4.69,8168,8175,8180,
4.701,8168,8173,8177,
4.711,8166,8173,8177,
4.721,8166,8173,8177,
4.731,8166,8173,8177,
4.742,8168,8173,8180,
4.749,8166,8173,8180,
4.76,8168,8173,8177,
4.77,8171,8173,8177,
4.781,8171,8173,8177,
4.791,8171,8173,8177,
4.8,8171,8173,8180,
4.811,8168,8173,8177,
4.82,8168,8173,8177,
4.831,8166,8175,8180,
4.839,8163,8175,8180,
4.85,8163,8173,8177,
4.859,8166,8173,8177,
4.871,8168,8173,8177,
4.881,8168,8173,8177,
4.888,8168,8173,8180,
4.901,8168,8173,8177,
4.912,8168,8173,8177,
4.92,8168,8173,8177,
4.93,8168,8173,8177,
4.942,8168,8173,8177,
4.952,8168,8173,8180,
4.96,8166,8175,8177,
4.969,8166,8173,8177,
4.979,8166,8175,8177,
4.989,8166,8173,8177,
4.999,8160,8173,8174,
5.01,8163,8175,8177,
5.021,8160,8175,8180,
5.032,8163,8173,8180,
5.041,8163,8173,8177,
5.05,8160,8173,8177,
5.062,8163,8173,8177,
5.073,8160,8175,8177,
5.079,8160,8175,8177,
5.091,8158,8173,8180,
5.1,8158,8175,8177,
5.108,8160,8173,8177,
5.121,8160,8173,8177,
5.129,8160,8173,8177,
5.14,8163,8173,8177,
5.15,8166,8173,8180,
5.161,8166,8173,8177,
5.169,8168,8173,8180,
5.179,8168,8173,8177,
5.19,8171,8173,8180,
5.2,8171,8175,8177,
5.21,8174,8173,8180,
5.219,8174,8175,8177,
5.229,8174,8175,8180,
5.239,8174,8173,8180,
5.249,8179,8175,8180,
5.258,8182,8175,8180,
5.269,8182,8173,8180,
5.28,8182,8173,8177,
5.29,8185,8173,8180,
5.3,8185,8173,8177,
5.31,8182,8173,8177,
5.32,8185,8173,8180,
5.33,8185,8173,8180,
5.339,8185,8173,8177,
5.35,8188,8173,8180,
5.36,8192,8173,8177,
5.372,8188,8173,8177,
5.378,8192,8175,8174,
5.387,8192,8173,8174,
5.399,8192,8170,8174,
5.409,8188,8175,8174,
5.419,8192,8175,8177,
5.429,8188,8173,8174,
5.437,8192,8175,8177,
5.449,8192,8173,8177,
5.46,8192,8173,8180,
5.468,8192,8175,8180,
5.479,8192,8173,8180,
5.488,8192,8173,8180,
5.499,8192,8173,8180,
5.51,8195,8173,8180,
5.52,8192,8173,8180,
5.528,8195,8173,8177,
5.537,8195,8173,8180,
5.548,8195,8173,8180,
5.557,8195,8173,8174,
5.569,8195,8173,8177,
5.58,8195,8173,8177,
5.588,8195,8175,8177,
5.602,8198,8173,8174,
5.609,8195,8175,8174,
5.62,8192,8175,8177,
5.629,8192,8173,8177,
5.638,8192,8173,8174,
5.649,8192,8173,8174,
5.659,8188,8173,8177,
5.669,8192,8173,8180,
5.679,8185,8173,8180,
5.688,8185,8173,8180,
5.698,8185,8173,8180,
5.708,8185,8173,8180,
5.719,8185,8173,8180,
5.727,8188,8175,8180,
5.738,8188,8173,8180,
5.75,8188,8175,8180,
5.76,8188,8173,8177,
5.771,8188,8173,8177,
5.78,8188,8173,8180,
5.791,8192,8173,8174,
5.8,8198,8173,8177,
5.811,8195,8173,8174,
5.817,8192,8173,8174,
5.828,8192,8175,8180,
5.838,8192,8173,8177,
5.849,8192,8173,8177,
5.858,8195,8173,8177,
5.867,8195,8173,8180,
5.878,8185,8173,8177,
5.889,8177,8173,8177,
5.897,8174,8173,8180,
5.907,8177,8173,8177,
5.918,8174,8173,8177,
5.928,8177,8173,8177,
5.939,8177,8173,8177,
5.949,8177,8173,8177,
5.96,8174,8173,8180,
5.968,8174,8173,8180,
5.977,8174,8173,8180,
5.988,8179,8173,8180,
5.997,8179,8175,8182,
6.011,8179,8175,8180,
6.018,8179,8173,8177,
6.027,8177,8175,8180,
6.04,8177,8173,8177,
6.051,8177,8173,8177,
6.06,8179,8173,8177,
6.07,8179,8173,8177,
6.076,8177,8173,8174,
6.089,8179,8173,8174,
6.098,8177,8173,8177,
6.111,8177,8173,8177,
6.119,8174,8173,8174,
6.129,8174,8173,8174,
6.14,8177,8173,8177,
6.148,8177,8173,8174,
6.159,8177,8173,8177,
6.167,8177,8173,8177,
6.178,8177,8173,8177,
6.189,8177,8173,8180,
6.197,8177,8173,8177,
6.208,8177,8175,8182,
6.218,8174,8173,8180,
6.228,8177,8175,8180,
6.238,8177,8173,8177,
6.248,8177,8173,8177,
6.259,8174,8175,8177,
6.27,8174,8173,8177,
6.279,8177,8175,8177,
6.29,8174,8173,8177,
6.298,8177,8173,8174,
6.309,8174,8173,8174,
6.32,8177,8173,8174,
6.328,8177,8173,8174,
6.336,8177,8173,8177,
6.346,8174,8173,8174,
6.358,8174,8173,8177,
6.368,8174,8173,8174,
6.377,8174,8173,8174,
6.388,8174,8173,8180,
6.397,8174,8173,8180,
6.41,8177,8173,8180,
6.416,8177,8175,8180,
6.429,8177,8173,8182,
6.438,8177,8175,8177,
6.449,8177,8173,8177,
6.457,8177,8175,8177,
6.467,8171,8175,8177,
6.478,8163,8173,8180,
6.488,8171,8173,8177,
6.498,8177,8173,8177,
6.51,8182,8173,8180,
6.518,8185,8173,8177,
6.527,8192,8173,8180,
6.538,8195,8173,8180,
6.548,8200,8173,8180,
6.557,8203,8173,8180,
6.569,8203,8173,8180,
6.577,8203,8173,8180,
6.586,8206,8173,8180,
6.599,8214,8173,8177,
6.607,8208,8173,8182,
6.619,8200,8173,8182,
6.628,8200,8173,8180,
6.637,8198,8173,8180,
6.649,8198,8173,8177,
6.658,8195,8173,8180,
6.668,8188,8173,8180,
6.679,8192,8173,8180,
6.688,8192,8173,8180,
6.7,8188,8173,8180,
6.71,8188,8173,8180,
6.716,8188,8173,8180,
6.726,8192,8173,8180,
6.737,8195,8173,8177,
6.749,8192,8173,8177,
6.757,8192,8175,8180,
6.767,8192,8173,8177,
6.779,8195,8173,8180,
6.79,8195,8173,8180,
6.797,8198,8173,8180,
6.805,8192,8173,8180,
6.817,8188,8175,8180,
6.83,8188,8173,8180,
6.836,8188,8173,8177,
6.848,8188,8173,8177,
6.856,8188,8173,8180,
6.867,8188,8173,8177,
6.877,8188,8173,8180,
6.887,8185,8173,8177,
6.895,8188,8173,8180,
6.909,8185,8173,8177,
6.918,8188,8173,8180,
6.927,8188,8173,8177,
6.938,8188,8173,8180,
6.947,8188,8173,8180,
6.957,8192,8173,8180,
6.967,8195,8173,8177,
6.978,8198,8173,8180,
6.988,8200,8173,8180,
6.997,8203,8165,8180,
7.007,8198,8173,8177,
7.018,8192,8175,8174,
7.028,8192,8175,8177,
7.037,8195,8175,8177,
7.049,8195,8173,8174,
7.057,8195,8173,8174,
7.067,8198,8173,8177,
7.077,8198,8173,8177,
7.087,8198,8173,8177,
7.096,8198,8173,8177,
7.107,8195,8173,8177,
7.118,8195,8173,8177,
7.127,8195,8173,8174,
7.136,8195,8173,8174,
7.145,8195,8173,8174,
7.159,8192,8173,8177,
7.168,8192,8173,8177,
7.177,8192,8175,8177,
7.186,8192,8173,8177,
7.198,8195,8173,8174,
7.207,8192,8175,8180,
7.216,8182,8170,8180,
7.227,8185,8175,8180,
7.237,8185,8173,8177,
7.249,8185,8173,8180,
7.259,8185,8173,8180,
7.267,8177,8173,8180,
7.276,8174,8173,8177,
7.287,8174,8173,8177,
7.295,8177,8173,8177,
7.306,8174,8173,8174,
7.315,8174,8173,8174,
7.329,8174,8173,8174,
7.336,8174,8173,8174,
7.349,8179,8173,8174,
7.358,8177,8173,8174,
7.366,8179,8173,8177,
7.376,8177,8175,8174,
7.388,8177,8173,8177,
7.394,8179,8173,8174,
7.406,8177,8173,8177,
7.418,8177,8173,8177,
7.427,8179,8173,8180,
7.437,8179,8173,8177,
7.446,8179,8173,8174,
7.457,8177,8173,8177,
7.469,8174,8173,8177,
7.476,8174,8173,8174,
7.487,8174,8173,8177,
7.495,8177,8173,8177,
7.507,8177,8173,8177,
7.517,8177,8173,8177,
7.525,8177,8173,8180,
7.534,8174,8173,8177,
7.547,8177,8173,8180,
7.557,8177,8173,8174,
7.566,8177,8173,8177,
7.578,8177,8173,8180,
7.588,8179,8173,8180,
7.596,8179,8173,8180,
7.604,8177,8173,8177,
7.614,8177,8173,8174,
7.627,8177,8173,8177,
7.636,8174,8173,8177,
7.646,8177,8173,8177,
7.656,8174,8173,8174,
7.667,8171,8173,8177,
7.677,8166,8175,8177,
7.687,8163,8175,8177,
7.696,8144,8175,8177,
7.707,8160,8175,8177,
7.718,8168,8173,8177,
7.728,8179,8173,8177,
7.736,8179,8173,8174,
7.746,8185,8173,8177,
7.756,8195,8173,8177,
7.765,8200,8173,8177,
7.776,8203,8175,8177,
7.786,8206,8173,8177,
7.797,8217,8173,8174,
7.807,8206,8175,8177,
7.817,8206,8170,8180,
7.828,8206,8173,8177,
7.836,8211,8173,8177,
7.845,8211,8173,8177,
7.857,8211,8173,8177,
7.865,8214,8173,8177,
7.878,8208,8173,8180,
7.887,8211,8173,8177,
7.896,8208,8175,8177,
7.905,8208,8175,8180,
7.917,8208,8173,8180,
7.926,8211,8173,8180,
7.935,8211,8173,8177,
7.945,8211,8173,8177,
7.955,8208,8173,8177,
7.966,8203,8173,8177,
7.976,8206,8175,8177,
7.987,8208,8175,8177,
7.996,8217,8173,8174,
8.006,8211,8173,8180,
8.017,8208,8175,8177,
8.026,8208,8175,8174,
8.035,8206,8175,8177,
8.045,8206,8173,8174,
8.058,8206,8173,8177,
8.066,8206,8173,8177,
8.075,8206,8173,8177,
8.085,8206,8173,8177,
8.095,8203,8175,8177,
8.105,8206,8175,8177,
8.116,8203,8173,8177,
8.124,8203,8173,8180,
8.135,8203,8173,8180,
8.147,8200,8173,8180,
8.157,8200,8175,8180,
8.165,8198,8173,8180,
8.175,8198,8173,8180,
8.185,8198,8173,8180,
8.196,8203,8173,8180,
8.205,8195,8175,8180,
8.217,8195,8173,8182,
8.226,8192,8173,8177,
8.238,8192,8173,8177,
8.246,8192,8175,8177,
8.255,8188,8175,8174,
8.264,8192,8173,8174,
8.276,8188,8173,8177,
8.285,8188,8173,8177,
8.297,8188,8173,8177,
8.303,8185,8173,8177,
8.317,8185,8173,8177,
8.326,8185,8173,8177,
8.336,8185,8173,8180,
8.346,8185,8173,8180,
8.356,8182,8173,8177,
8.365,8185,8173,8180,
8.375,8185,8173,8180,
8.386,8185,8175,8180,
8.396,8182,8173,8177,
8.407,8182,8173,8180,
8.416,8179,8175,8177,
8.425,8174,8175,8177,
8.436,8177,8173,8177,
8.446,8177,8173,8174,
8.453,8177,8173,8177,
8.464,8177,8173,8177,
8.477,8177,8173,8177,
8.488,8179,8173,8177,
8.496,8182,8173,8177,
8.504,8182,8173,8174,
8.516,8182,8175,8177,
8.524,8182,8173,8174,
8.535,8182,8173,8180,
8.544,8182,8173,8180,
8.554,8182,8173,8177,
8.565,8182,8173,8180,
8.575,8182,8173,8177,
8.584,8182,8173,8180,
8.595,8182,8173,8180,
8.607,8179,8175,8177,
8.616,8179,8175,8180,
8.627,8179,8173,8177,
8.635,8179,8175,8174,
8.646,8179,8173,8177,
8.656,8179,8173,8174,
8.666,8179,8173,8177,
8.676,8177,8173,8177,
8.684,8177,8173,8177,
8.695,8177,8173,8177,
8.705,8179,8173,8174,
8.714,8179,8173,8174,
8.726,8179,8173,8174,
8.736,8179,8173,8174,
8.746,8179,8173,8180,
8.754,8179,8173,8177,
8.766,8177,8173,8177,
8.776,8179,8173,8180,
8.785,8179,8173,8180,
8.795,8177,8161,8180,
8.805,8177,8173,8180,
8.814,8179,8173,8180,
8.826,8179,8175,8182,
8.834,8179,8173,8177,
8.846,8179,8173,8180,
8.856,8179,8173,8180,
8.866,8179,8173,8180,
8.875,8177,8173,8180,
8.882,8177,8173,8180,
8.895,8177,8173,8180,
8.905,8179,8173,8180,
8.915,8179,8173,8180,
8.922,8179,8173,8180,
8.934,8179,8173,8180,
8.944,8179,8173,8180,
8.956,8179,8173,8177,
8.964,8179,8173,8180,
8.975,8182,8173,8180,
8.985,8182,8173,8180,
8.996,8185,8175,8177,
9.004,8179,8175,8180,
9.014,8182,8173,8180,
9.023,8179,8175,8180,
9.036,8179,8173,8177,
9.044,8179,8173,8174,
9.053,8179,8173,8177,
9.063,8179,8173,8177,
9.072,8182,8173,8177,
9.084,8179,8173,8177,
9.095,8179,8173,8174,
9.104,8179,8173,8177,
9.113,8179,8173,8174,
9.125,8179,8173,8174,
9.133,8177,8173,8177,
9.145,8177,8173,8174,
9.153,8177,8173,8177,
9.165,8177,8173,8177,
9.175,8177,8173,8177,
9.186,8177,8173,8177,
9.196,8177,8173,8177,
9.203,8177,8173,8177,
9.215,8174,8175,8180,
9.224,8177,8173,8180,
9.235,8174,8175,8180,
9.244,8174,8173,8177,
9.256,8174,8173,8177,
9.265,8174,8173,8177,
9.274,8174,8173,8174,
9.283,8174,8173,8174,
9.295,8174,8173,8174,
9.303,8171,8173,8177,
9.315,8171,8173,8177,
9.323,8166,8173,8177,
9.335,8163,8173,8177,
9.346,8168,8173,8177,
9.355,8168,8173,8177,
9.364,8171,8173,8177,
9.374,8171,8173,8177,
9.384,8174,8173,8174,
9.392,8174,8173,8177,
9.405,8171,8173,8177,
9.413,8171,8175,8174,
9.423,8171,8173,8174,
9.435,8163,8173,8177,
9.444,8160,8173,8177,
9.455,8158,8173,8180,
9.465,8155,8173,8180,
9.475,8155,8173,8180,
9.483,8155,8173,8180,
9.493,8155,8173,8180,
9.505,8155,8175,8177,
9.516,8155,8173,8177,
9.523,8158,8173,8180,
9.535,8160,8175,8180,
9.543,8168,8173,8177,
9.555,8168,8173,8180,
9.564,8171,8170,8177,
9.576,8168,8170,8177,
9.583,8166,8173,8177,
9.593,8160,8170,8174,
9.603,8158,8173,8177,
9.614,8155,8170,8180,
9.623,8150,8170,8177,
9.635,8152,8173,8177,
9.644,8147,8173,8174,
9.653,8150,8173,8174,
9.664,8147,8170,8174,
9.674,8150,8173,8177,
9.683,8150,8175,8177,
9.693,8147,8175,8177,
9.704,8144,8175,8177,
9.715,8144,8175,8174,
9.722,8141,8173,8177,
9.735,8136,8175,8177,
9.744,8131,8175,8177,
9.753,8125,8175,8177,
9.762,8114,8175,8180,
9.776,8109,8175,8180,
9.783,8097,8175,8180,
9.793,8092,8175,8180,
9.802,8097,8178,8180,
9.816,8101,8175,8177,
9.824,8101,8178,8180,
9.832,8101,8175,8180,
9.843,8097,8175,8180,
9.852,8097,8178,8180,
9.862,8094,8178,8180,
9.873,8092,8178,8180,
9.882,8085,8178,8180,
9.892,8080,8178,8180,
9.903,8074,8178,8180,
9.912,8072,8178,8180,
9.925,8066,8181,8180,
9.935,8064,8178,8180,
9.944,8061,8181,8180,
9.954,8061,8183,8180,
9.962,8061,8181,8180,
9.973,8061,8183,8177,
9.984,8055,8183,8177,
9.993,8037,8175,8174,
10.004,8061,8186,8177,
10.013,8058,8183,8177,
10.024,8055,8181,8177,
10.033,8061,8183,8177,
10.044,8055,8181,8174,
10.052,8055,8181,8174,
10.061,8053,8178,8177,
10.073,8053,8183,8180,
10.082,8050,8181,8180,
10.092,8055,8183,8180,
10.104,8055,8183,8177,
10.113,8055,8178,8177,
10.123,8055,8181,8180,
10.133,8053,8183,8180,
10.143,8053,8186,8180,
10.155,8053,8181,8177,
10.163,8055,8181,8180,
10.173,8058,8183,8177,
10.183,8050,8178,8177,
10.194,8045,8178,8174,
10.202,8061,8183,8180,
10.213,8053,8183,8174,
10.224,8053,8181,8177,
10.233,8055,8183,8174,
10.244,8055,8181,8177,
10.251,8053,8183,8174,
10.263,8055,8183,8177,
10.275,8053,8178,8177,
10.281,8058,8181,8177,
10.292,8061,8181,8177,
10.304,8058,8181,8177,
10.312,8058,8186,8177,
10.322,8055,8181,8174,
10.333,8053,8181,8177,
10.343,8053,8181,8177,
10.353,8050,8181,8177,
10.364,8050,8188,8177,
10.371,8045,8188,8174,
10.381,8028,8181,8180,
10.394,8007,8178,8180,
10.403,8026,8186,8180,
10.413,8028,8188,8180,
10.422,8028,8186,8177,
10.433,8028,8188,8180,
10.443,8031,8183,8177,
10.453,8026,8183,8180,
10.462,8023,8181,8177,
10.473,8026,8183,8177,
10.483,8023,8191,8177,
10.493,8020,8186,8177,
10.503,8020,8191,8177,
10.513,8015,8188,8177,
10.524,8012,8186,8177,
10.532,8015,8186,8177,
10.543,8009,8186,8177,
10.553,8003,8183,8177,
10.563,8012,8188,8177,
10.575,8009,8188,8177,
10.584,7998,8186,8177,
10.592,7970,8181,8177,
10.603,8000,8191,8177,
10.613,8003,8191,8172,
10.621,8009,8183,8172,
10.631,8007,8181,8174,
10.642,8007,8191,8174,
10.654,8003,8188,8174,
10.661,8007,8191,8177,
10.67,8000,8188,8174,
10.681,7998,8188,8177,
10.692,7998,8193,8177,
10.701,7998,8191,8177,
10.711,8000,8188,8177,
10.723,8000,8186,8177,
10.733,8009,8193,8177,
10.743,8003,8191,8177,
10.755,8007,8191,8177,
10.761,8003,8188,8177,
10.771,7998,8178,8177,
10.782,7986,8186,8177,
10.792,7970,8175,8180,
10.8,8003,8191,8180,
10.811,7998,8186,8177,
10.823,7995,8186,8177,
10.832,7995,8191,8182,
10.841,7991,8191,8180,
10.852,7986,8191,8177,
10.862,7986,8188,8180,
10.872,7986,8193,8180,
10.88,7986,8188,8180,
10.894,7983,8188,8177,
10.9,7978,8188,8174,
10.912,7980,8193,8180,
10.923,7978,8188,8177,
10.931,7978,8196,8174,
10.943,7975,8193,8174,
10.951,7975,8193,8177,
10.962,7972,8193,8177,
10.971,7967,8193,8174,
10.98,7959,8188,8177,
10.993,7923,8183,8172,
11.003,7961,8193,8180,
11.013,7961,8196,8177,
11.021,7959,8196,8174,
11.03,7959,8193,8177,
11.044,7948,8199,8177,
11.051,7948,8196,8177,
11.061,7956,8199,8177,
11.07,7951,8196,8177,
11.083,7951,8188,8174,
11.092,7959,8191,8177,
11.1,7959,8193,8174,
11.112,7956,8196,8177,
11.124,7948,8191,8174,
11.133,7953,8196,8177,
11.143,7951,8196,8177,
11.151,7961,8186,8180,
11.16,7961,8204,8177,
11.173,7956,8193,8174,
11.181,7932,8183,8177,
11.19,7918,8188,8172,
11.201,7961,8199,8182,
11.213,7951,8196,8174,
11.224,7951,8193,8174,
11.232,7959,8196,8174,
11.24,7959,8191,8174,
11.251,7972,8191,8177,
11.26,7972,8193,8177,
11.27,7980,8193,8177,
11.283,7986,8191,8174,
11.293,7988,8196,8177,
11.303,7983,8188,8174,
11.309,7991,8193,8177,
11.321,7983,8191,8174,
11.331,7991,8193,8177,
11.342,7995,8188,8177,
11.351,8003,8191,8177,
11.36,8009,8188,8177,
11.372,8015,8186,8177,
11.382,8003,8181,8177,
11.391,7991,8183,8180,
11.399,8020,8191,8174,
11.412,8026,8188,8174,
11.421,8028,8183,8177,
11.431,8037,8186,8177,
11.439,8047,8183,8177,
11.45,8053,8183,8174,
11.463,8055,8186,8174,
11.47,8050,8183,8177,
11.48,8047,8186,8177,
11.491,8050,8183,8174,
11.502,8053,8183,8177,
11.512,8058,8183,8177,
11.521,8066,8183,8177,
11.53,8069,8178,8177,
11.543,8069,8183,8174,
11.552,8072,8186,8177,
11.561,8074,8181,8174,
11.569,8077,8186,8177,
11.582,8072,8181,8177,
11.592,8055,8175,8177,
11.601,8074,8183,8177,
11.609,8072,8183,8180,
11.621,8069,8183,8180,
11.632,8064,8181,8177,
11.642,8066,8181,8174,
11.648,8074,8181,8177,
11.66,8077,8181,8174,
11.672,8080,8183,8177,
11.681,8085,8178,8177,
11.69,8085,8181,8177,
11.702,8085,8178,8177,
11.711,8085,8181,8177,
11.733,8083,8181,8177,
11.734,8083,8178,8177,
11.743,8083,8181,8177,
11.749,8085,8183,8177,
11.762,8083,8178,8177,
11.771,8088,8181,8177,
11.782,8083,8175,8177,
11.79,8077,8175,8174,
11.8,8092,8181,8177,
11.811,8092,8178,8180,
11.82,8088,8181,8180,
11.829,8088,8181,8177,
11.843,8092,8181,8177,
11.851,8092,8178,8177,
11.861,8092,8181,8174,
11.869,8094,8178,8174,
11.881,8094,8178,8177,
11.889,8097,8178,8174,
11.903,8097,8181,8177,
11.908,8094,8178,8177,
11.921,8097,8178,8174,
11.931,8094,8178,8174,
11.941,8094,8181,8174,
11.951,8097,8181,8174,
11.962,8103,8178,8174,
11.972,8109,8178,8177,
11.982,8106,8175,8177,
11.99,8094,8170,8174,
12.001,8109,8178,8174,
12.012,8112,8178,8177,
12.021,8112,8175,8180,
12.03,8109,8175,8174,
12.038,8112,8175,8177,
12.05,8114,8175,8177,
12.061,8114,8175,8174,
12.071,8112,8175,8177,
12.079,8112,8178,8177,
12.09,8112,8178,8177,
12.102,8112,8178,8180,
12.108,8112,8178,8177,
12.121,8112,8175,8177,
12.13,8114,8178,8177,
12.138,8114,8178,8177,
12.152,8114,8178,8177,
12.161,8114,8178,8177,
12.169,8114,8178,8177,
12.178,8114,8178,8177,
12.191,8097,8173,8177,
12.199,8109,8178,8180,
12.209,8112,8178,8180,
12.218,8112,8178,8180,
12.229,8112,8178,8177,
12.242,8114,8178,8177,
12.251,8114,8178,8177,
12.26,8112,8175,8177,
12.27,8109,8178,8177,
12.28,8106,8178,8177,
12.29,8109,8178,8177,
12.299,8109,8178,8177,
12.312,8109,8178,8177,
12.321,8109,8178,8177,
12.33,8114,8178,8177,
12.34,8120,8175,8177,
12.349,8120,8175,8177,
12.358,8120,8178,8177,
12.37,8120,8178,8177,
12.378,8112,8178,8177,
12.389,8106,8178,8177,
12.398,8122,8178,8177,
12.41,8125,8178,8180,
12.418,8128,8178,8174,
12.43,8128,8178,8177,
12.44,8125,8178,8180,
12.452,8122,8178,8180,
12.461,8122,8175,8180,
12.468,8122,8178,8180,
12.478,8125,8175,8180,
12.489,8125,8178,8180,
12.5,8128,8175,8180,
12.508,8131,8178,8180,
12.52,8131,8175,8180,
12.53,8131,8178,8177,
12.541,8131,8175,8177,
12.55,8131,8175,8177,
12.562,8131,8175,8174,
12.57,8131,8178,8177,
12.579,8131,8175,8177,
12.587,8122,8173,8177,
12.6,8133,8178,8174,
12.609,8136,8178,8177,
12.621,8133,8175,8177,
12.628,8136,8175,8174,
12.639,8139,8173,8174,
12.648,8141,8175,8177,
12.659,8141,8175,8177,
12.671,8141,8175,8177,
12.677,8147,8175,8177,
12.689,8150,8175,8177,
12.7,8150,8175,8177,
12.712,8152,8175,8177,
12.718,8152,8175,8177,
12.729,8155,8175,8177,
12.739,8158,8173,8177,
12.751,8158,8175,8177,
12.758,8160,8173,8177,
12.769,8160,8173,8177,
12.778,8158,8173,8177,
12.79,8158,8178,8174,
12.799,8163,8175,8177,
12.808,8166,8173,8177,
12.82,8166,8173,8177,
12.831,8168,8175,8177,
12.841,8174,8173,8177,
12.847,8174,8173,8177,
12.86,8177,8173,8174,
12.87,8177,8173,8177,
12.878,8177,8173,8177,
12.889,8177,8173,8177,
12.902,8179,8175,8177,
12.91,8182,8173,8177,
12.92,8182,8173,8177,
12.928,8185,8175,8177,
12.939,8179,8170,8180,
12.95,8179,8173,8180,
12.958,8177,8173,8180,
12.971,8179,8173,8180,
12.979,8179,8175,8180,
12.988,8179,8173,8177,
13.001,8179,8173,8177,
13.01,8177,8175,8177,
13.017,8179,8173,8177,
13.028,8179,8173,8180,
13.04,8179,8173,8180,
13.048,8179,8173,8177,
13.06,8179,8173,8177,
13.069,8179,8173,8177,
13.08,8177,8173,8177,
13.089,8177,8173,8177,
13.1,8177,8175,8177,
13.108,8174,8173,8177,
13.119,8174,8173,8177,
13.129,8174,8173,8177,
13.138,8174,8173,8177,
13.148,8174,8173,8177,
13.159,8174,8173,8174,
13.169,8174,8173,8177,
13.178,8174,8173,8177,
13.19,8174,8168,8177,
13.199,8179,8175,8177,
13.21,8177,8173,8174,
13.22,8179,8173,8177,
13.228,8179,8173,8174,
13.238,8179,8173,8177,
13.248,8179,8173,8177,
13.258,8179,8173,8177,
13.272,8182,8173,8177,
13.279,8185,8173,8177,
13.291,8185,8173,8177,
13.299,8185,8173,8177,
13.309,8188,8173,8177,
13.318,8185,8173,8177,
13.33,8188,8173,8177,
13.339,8188,8173,8177,
13.351,8195,8173,8180,
13.357,8195,8173,8177,
13.369,8192,8175,8177,
13.377,8192,8173,8177,
13.388,8195,8175,8174,
13.398,8192,8170,8177,
13.406,8188,8175,8174,
13.418,8188,8173,8177,
13.429,8192,8173,8177,
13.438,8198,8173,8177,
13.449,8203,8173,8177,
13.459,8206,8173,8177,
13.47,8208,8173,8180,
13.48,8214,8173,8180,
13.487,8219,8173,8177,
13.498,8225,8173,8180,
13.509,8225,8173,8180,
13.518,8225,8173,8180,
13.526,8225,8173,8180,
13.537,8222,8173,8180,
13.549,8225,8173,8180,
13.558,8225,8173,8180,
13.569,8222,8173,8180,
13.578,8227,8173,8177,
13.589,8235,8175,8180,
13.597,8227,8173,8180,
13.61,8225,8175,8180,
13.619,8227,8175,8177,
13.628,8230,8173,8180,
13.639,8233,8173,8180,
13.65,8235,8173,8180,
13.656,8238,8173,8180,
13.668,8241,8175,8182,
13.679,8241,8173,8182,
13.688,8241,8173,8180,
13.698,8244,8173,8182,
13.706,8246,8173,8182,
13.717,8246,8173,8182,
13.726,8252,8173,8182,
13.74,8254,8173,8182,
13.749,8257,8173,8182,
13.757,8263,8173,8182,
13.767,8265,8173,8185,
13.78,8279,8173,8182,
13.786,8310,8173,8177,
13.798,8293,8173,8185,
13.809,8283,8173,8185,
13.82,8285,8175,8185,
13.829,8283,8173,8185,
13.838,8285,8173,8185,
13.847,8288,8173,8185,
13.86,8291,8173,8185,
13.867,8296,8173,8187,
13.878,8299,8173,8187,
13.886,8301,8173,8187,
13.899,8307,8173,8187,
13.909,8315,8173,8190,
13.918,8318,8173,8190,
13.927,8323,8173,8190,
13.938,8326,8175,8190,
13.948,8334,8173,8190,
13.958,8337,8173,8192,
13.968,8345,8175,8190,
13.979,8382,8173,8182,
13.988,8414,8175,8185,
13.999,8390,8175,8190,
14.007,8361,8173,8195,
14.017,8366,8175,8192,
14.027,8372,8175,8192,
14.038,8377,8173,8192,
14.049,8382,8173,8192,
14.057,8379,8173,8195,
14.067,8385,8173,8198,
14.076,8385,8173,8198,
14.089,8390,8173,8198,
14.095,8393,8173,8198,
14.107,8401,8170,8198,
14.119,8401,8173,8198,
14.127,8404,8173,8198,
14.138,8406,8173,8200,
14.147,8401,8175,8200,
14.157,8401,8170,8198,
14.167,8401,8173,8198,
14.176,8428,8173,8190,
14.188,8490,8173,8182,
14.198,8471,8175,8187,
14.206,8417,8175,8198,
14.217,8417,8170,8200,
14.229,8412,8173,8200,
14.237,8412,8173,8198,
14.247,8412,8173,8198,
14.257,8409,8173,8200,
14.266,8412,8173,8200,
14.278,8404,8175,8200,
14.287,8406,8175,8200,
14.296,8401,8173,8198,
14.305,8398,8173,8198,
14.318,8401,8173,8200,
14.33,8404,8173,8198,
14.338,8406,8175,8200,
14.348,8412,8173,8200,
14.36,8409,8173,8200,
14.368,8420,8173,8200,
14.379,8452,8173,8190,
14.386,8484,8173,8182,
14.397,8463,8173,8190,
14.407,8409,8173,8198,
14.416,8404,8170,8198,
14.429,8409,8170,8198,
14.435,8398,8175,8198,
14.45,8396,8175,8198,
14.459,8401,8173,8198,
14.468,8401,8173,8198,
14.478,8398,8173,8198,
14.488,8396,8173,8198,
14.498,8387,8175,8198,
14.507,8385,8173,8195,
14.517,8387,8173,8198,
14.528,8385,8175,8195,
14.537,8387,8173,8198,
14.546,8387,8173,8195,
14.557,8385,8173,8198,
14.566,8390,8173,8198,
14.576,8420,8175,8192,
14.587,8463,8170,8180,
14.597,8425,8175,8192,
14.608,8390,8175,8198,
14.618,8390,8173,8192,
14.627,8390,8173,8198,
14.638,8390,8173,8195,
14.645,8390,8175,8195,
14.657,8393,8173,8195,
14.666,8390,8173,8198,
14.677,8387,8173,8198,
14.686,8385,8173,8198,
14.697,8385,8173,8195,
14.705,8382,8173,8198,
14.715,8387,8173,8198,
14.729,8387,8173,8195,
14.735,8385,8173,8195,
14.745,8387,8170,8195,
14.759,8387,8173,8195,
14.767,8393,8173,8195,
14.775,8401,8175,8190,
14.786,8450,8181,8182,
14.796,8406,8170,8192,
14.806,8382,8175,8192,
14.814,8382,8175,8195,
14.825,8372,8173,8195,
14.838,8377,8173,8195,
14.846,8372,8175,8198,
14.856,8377,8175,8195,
14.867,8366,8175,8198,
14.879,8382,8173,8195,
14.888,8364,8173,8192,
14.897,8358,8173,8195,
14.907,8356,8173,8195,
14.917,8353,8173,8195,
14.927,8353,8173,8192,
14.935,8353,8173,8192,
14.944,8353,8173,8192,
14.957,8353,8173,8192,
14.966,8356,8173,8192,
14.976,8369,8173,8192,
14.985,8414,8168,8182,
14.999,8377,8175,8192,
15.006,8358,8170,8192,
15.018,8358,8173,8192,
15.025,8345,8173,8192,
15.037,8347,8175,8190,
15.045,8339,8173,8192,
15.057,8345,8173,8192,
15.079,8342,8173,8192,
15.08,8337,8170,8192,
15.088,8339,8173,8192,
15.097,8339,8173,8192,
15.106,8339,8173,8190,
15.115,8337,8173,8190,
15.128,8337,8173,8190,
15.137,8334,8173,8190,
15.143,8331,8173,8190,
15.155,8329,8173,8190,
15.167,8331,8173,8187,
15.176,8345,8175,8185,
15.185,8385,8173,8180,
15.195,8350,8175,8182,
15.205,8331,8173,8185,
15.215,8329,8173,8187,
15.225,8329,8173,8190,
15.235,8329,8173,8192,
15.244,8326,8173,8190,
15.257,8329,8173,8190,
15.265,8323,8173,8190,
15.276,8320,8175,8187,
15.285,8323,8173,8190,
15.297,8323,8175,8192,
15.305,8323,8173,8192,
15.315,8320,8173,8190,
15.324,8326,8173,8192,
15.338,8326,8173,8192,
15.344,8320,8173,8190,
15.357,8318,8173,8192,
15.365,8320,8173,8190,
15.375,8329,8173,8190,
15.386,8369,8173,8182,
15.397,8361,8175,8182,
15.405,8323,8175,8187,
15.416,8315,8175,8190,
15.427,8315,8170,8187,
15.437,8315,8173,8190,
15.445,8310,8173,8187,
15.458,8312,8175,8187,
15.468,8310,8173,8187,
15.477,8310,8173,8187,
15.486,8307,8173,8190,
15.497,8301,8175,8187,
15.505,8299,8173,8187,
15.515,8299,8173,8187,
15.527,8296,8175,8187,
15.536,8293,8173,8187,
15.548,8293,8173,8187,
15.554,8296,8173,8185,
15.567,8296,8173,8185,
15.576,8304,8173,8182,
15.585,8334,8173,8180,
15.596,8301,8173,8185,
15.607,8291,8175,8190,
15.615,8283,8175,8190,
15.624,8283,8173,8187,
15.634,8283,8173,8187,
15.644,8279,8173,8187,
15.655,8283,8173,8187,
15.664,8283,8173,8187,
15.673,8283,8173,8187,
15.685,8283,8173,8187,
15.694,8279,8170,8187,
15.706,8283,8173,8185,
15.716,8283,8173,8185,
15.726,8283,8173,8185,
15.736,8279,8173,8185,
15.746,8273,8173,8185,
15.754,8276,8173,8182,
15.765,8279,8173,8185,
15.777,8283,8175,8182,
15.784,8307,8173,8177,
15.794,8288,8173,8182,
15.803,8273,8173,8187,
15.816,8273,8173,8182,
15.826,8273,8173,8185,
15.836,8268,8173,8182,
15.847,8263,8173,8182,
15.855,8260,8173,8185,
15.865,8260,8173,8185,
15.875,8260,8173,8182,
15.883,8263,8173,8185,
15.894,8265,8173,8185,
15.904,8265,8170,8182,
15.916,8265,8173,8182,
15.925,8265,8173,8185,
15.937,8263,8173,8185,
15.947,8257,8173,8185,
15.955,8257,8173,8182,
15.966,8257,8173,8182,
15.973,8265,8173,8182,
15.986,8283,8173,8174,
15.994,8265,8173,8185,
16.004,8254,8173,8182,
16.015,8254,8173,8182,
16.026,8254,8173,8182,
16.035,8252,8173,8182,
16.043,8254,8173,8182,
16.054,8254,8173,8182,
16.063,8254,8173,8182,
16.074,8254,8173,8182,
16.084,8254,8173,8182,
16.094,8249,8173,8182,
16.104,8252,8173,8182,
16.115,8252,8173,8182,
16.123,8252,8173,8182,
16.134,8252,8173,8182,
16.145,8249,8173,8182,
16.153,8246,8173,8182,
16.165,8246,8175,8180,
16.173,8249,8173,8182,
16.185,8271,8173,8177,
16.194,8263,8175,8182,
16.205,8244,8173,8182,
16.213,8244,8173,8182,
16.224,8241,8173,8182,
16.233,8241,8173,8182,
16.246,8241,8175,8182,
16.255,8241,8173,8180,
16.263,8238,8173,8180,
16.276,8235,8173,8182,
16.286,8233,8173,8180,
16.296,8233,8173,8180,
16.306,8235,8173,8180,
16.317,8235,8173,8180,
16.328,8233,8170,8182,
16.334,8230,8173,8182,
16.345,8227,8173,8182,
16.357,8227,8173,8182,
16.366,8230,8173,8182,
16.376,8238,8175,8182,
16.386,8252,8175,8180,
16.394,8238,8175,8185,
16.406,8230,8175,8185,
16.414,8227,8173,8182,
16.425,8227,8173,8180,
16.435,8227,8173,8180,
16.445,8227,8175,8180,
16.456,8225,8173,8180,
16.465,8222,8173,8180,
16.475,8222,8173,8180,
16.485,8219,8173,8180,
16.495,8219,8173,8182,
16.505,8219,8173,8177,
16.515,8219,8173,8180,
16.525,8217,8173,8180,
16.533,8219,8170,8180,
16.544,8219,8175,8180,
16.553,8219,8173,8180,
16.565,8219,8173,8180,
16.575,8225,8175,8180,
16.585,8238,8173,8177,
16.594,8227,8173,8180,
16.602,8219,8173,8182,
16.615,8217,8173,8182,
16.624,8217,8173,8177,
16.636,8214,8173,8177,
16.644,8211,8173,8177,
16.653,8211,8173,8177,
16.666,8211,8173,8177,
16.674,8211,8173,8180,
16.684,8211,8173,8177,
16.695,8211,8173,8177,
16.703,8208,8173,8177,
16.714,8208,8173,8177,
16.723,8208,8173,8177,
16.735,8208,8173,8177,
16.746,8208,8170,8180,
16.752,8206,8173,8177,
16.764,8203,8173,8177,
16.776,8206,8173,8177,
16.785,8214,8178,8177,
16.793,8203,8175,8177,
16.805,8200,8173,8174,
16.813,8198,8173,8174,
16.822,8198,8173,8177,
16.834,8198,8175,8180,
16.843,8198,8173,8180,
16.853,8200,8173,8180,
16.862,8200,8175,8180,
16.875,8200,8173,8182,
16.885,8200,8173,8180,
16.894,8200,8173,8180,
16.903,8200,8173,8180,
16.914,8200,8175,8180,
16.922,8200,8173,8180,
16.935,8198,8173,8180,
16.943,8195,8173,8180,
16.954,8192,8173,8180,
16.963,8192,8173,8180,
16.972,8188,8175,8180,
16.982,8195,8173,8180,
16.993,8192,8175,8177,
17.004,8192,8175,8180,
17.014,8192,8175,8180,
17.023,8192,8173,8180,
17.034,8192,8173,8180,
17.044,8188,8173,8180,
17.055,8188,8173,8177,
17.063,8188,8173,8180,
17.072,8188,8173,8180,
17.083,8188,8173,8180,
17.095,8185,8173,8180,
17.107,8188,8173,8180,
17.114,8188,8173,8180,
17.123,8188,8173,8180,
17.134,8188,8173,8180,
17.145,8188,8173,8177,
17.151,8188,8173,8177,
17.162,8182,8173,8177,
17.174,8185,8175,8177,
17.184,8185,8175,8177,
17.194,8185,8173,8177,
17.204,8182,8173,8180,
17.213,8182,8173,8180,
17.222,8182,8173,8177,
17.233,8179,8173,8177,
17.242,8179,8173,8177,
17.253,8179,8173,8177,
17.264,8179,8173,8177,
17.275,8179,8173,8174,
17.285,8177,8173,8177,
17.296,8177,8173,8174,
17.302,8177,8173,8177,
17.313,8177,8173,8174,
17.323,8179,8173,8177,
17.333,8179,8173,8177,
17.343,8179,8173,8177,
17.353,8179,8173,8174,
17.361,8179,8175,8177,
17.373,8179,8170,8174,
17.383,8182,8173,8177,
17.394,8179,8173,8172,
17.403,8177,8175,8174,
17.413,8177,8175,8174,
17.425,8177,8170,8174,
17.434,8177,8173,8177,
17.444,8177,8173,8177,
17.453,8177,8173,8180,
17.462,8177,8173,8180,
17.474,8177,8173,8180,
17.483,8177,8173,8180,
17.493,8177,8173,8180,
17.502,8177,8173,8177,
17.514,8177,8173,8180,
17.522,8177,8173,8180,
17.534,8177,8173,8180,
17.542,8177,8173,8180,
17.554,8174,8173,8180,
17.563,8177,8173,8177,
17.575,8177,8173,8180,
17.581,8174,8170,8180,
17.594,8177,8173,8180,
17.602,8177,8173,8174,
17.613,8177,8175,8180,
17.621,8174,8173,8180,
17.632,8171,8173,8180,
17.644,8174,8173,8177,
17.652,8174,8173,8177,
17.663,8174,8173,8177,
17.671,8174,8173,8174,
17.683,8174,8173,8177,
17.692,8174,8173,8177,
17.701,8171,8173,8174,
17.713,8171,8173,8174,
17.724,8166,8173,8177,
17.732,8160,8175,8177,
17.743,8160,8175,8177,
17.752,8158,8175,8177,
17.762,8158,8175,8174,
17.773,8158,8175,8177,
17.782,8158,8175,8174,
17.795,8160,8173,8177,
17.804,8163,8173,8177,
17.815,8163,8175,8177,
17.822,8163,8175,8174,
17.832,8160,8175,8177,
17.843,8160,8175,8174,
17.852,8160,8173,8177,
17.863,8160,8173,8177,
17.873,8158,8173,8177,
17.882,8160,8173,8177,
17.891,8160,8173,8180,
17.902,8160,8173,8180,
17.914,8160,8173,8180,
17.922,8160,8173,8180,
17.934,8160,8175,8180,
17.942,8160,8173,8180,
17.954,8160,8173,8177,
17.96,8158,8175,8177,
17.973,8155,8175,8177,
17.984,8152,8175,8180,
17.992,8155,8175,8177,
18.001,8152,8173,8177,
18.011,8152,8178,8177,
18.022,8150,8173,8180,
18.031,8150,8175,8177,
18.041,8150,8173,8180,
18.053,8150,8175,8177,
18.064,8150,8175,8180,
18.074,8152,8175,8180,
18.084,8150,8175,8180,
18.091,8150,8175,8180,
18.103,8147,8175,8180,
18.113,8144,8173,8177,
18.124,8141,8175,8180,
18.132,8136,8175,8180,
18.14,8136,8175,8180,
18.153,8136,8175,8180,
18.162,8139,8175,8180,
18.171,8133,8175,8177,
18.182,8128,8175,8177,
18.193,8131,8175,8177,
18.202,8131,8175,8177,
18.211,8128,8175,8177,
18.219,8131,8175,8177,
18.232,8131,8175,8174,
18.244,8131,8175,8177,
18.252,8131,8175,8174,
18.263,8133,8175,8177,
18.273,8133,8175,8177,
18.283,8131,8175,8174,
18.291,8131,8175,8177,
18.303,8128,8175,8177,
18.31,8131,8175,8174,
18.322,8128,8175,8177,
18.333,8125,8175,8177,
18.341,8125,8175,8174,
18.353,8122,8175,8174,
18.36,8117,8175,8177,
18.373,8112,8175,8177,
18.382,8101,8175,8174,
18.39,8101,8175,8174,
18.401,8101,8178,8174,
18.412,8092,8175,8174,
18.421,8085,8178,8174,
18.432,8080,8178,8177,
18.441,8077,8178,8174,
18.451,8074,8178,8177,
18.463,8072,8181,8174,
18.471,8066,8181,8174,
18.482,8066,8178,8174,
18.493,8064,8181,8177,
18.502,8055,8181,8177,
18.511,8053,8183,8177,
18.523,8045,8183,8174,
18.533,8037,8183,8177,
18.542,8026,8186,8177,
18.553,8015,8188,8174,
18.561,8015,8186,8174,
18.571,8000,8181,8177,
18.582,7980,8183,8172,
18.592,8012,8193,8177,
18.602,8015,8191,8174,
18.611,8023,8181,8177,
18.622,8026,8183,8177,
18.631,8023,8186,8174,
18.641,8020,8186,8177,
18.651,8015,8188,8177,
18.66,8007,8183,8174,
18.674,8007,8191,8174,
18.682,8009,8186,8177,
18.689,8015,8181,8177,
18.7,8018,8188,8174,
18.712,8026,8188,8174,
18.723,8028,8186,8177,
18.729,8031,8191,8174,
18.742,8026,8188,8174,
18.751,8023,8188,8174,
18.761,8020,8186,8174,
18.771,8009,8181,8177,
18.779,7986,8175,8177,
18.793,8015,8191,8174,
18.801,8009,8188,8177,
18.811,8009,8183,8177,
18.822,8012,8191,8174,
18.833,8015,8188,8177,
18.842,8018,8183,8177,
18.854,8020,8188,8174,
18.86,8020,8183,8177,
18.871,8023,8186,8177,
18.882,8023,8186,8177,
18.891,8020,8191,8180,
18.901,8018,8181,8177,
18.912,8026,8188,8180,
18.922,8023,8188,8180,
18.931,8031,8188,8180,
18.943,8023,8186,8177,
18.951,8026,8186,8180,
18.962,8020,8183,8177,
18.973,8000,8186,8180,
18.982,7980,8183,8180,
18.994,8012,8191,8172,
19,8007,8191,8174,
19.011,8015,8193,8177,
19.02,8015,8188,8177,
19.03,8015,8188,8177,
19.039,8020,8188,8177,
19.052,8023,8181,8177,
19.062,8034,8186,8177,
19.07,8031,8191,8177,
19.08,8026,8188,8177,
19.091,8023,8193,8174,
19.1,8023,8188,8177,
19.109,8020,8188,8177,
19.121,8020,8188,8174,
19.13,8023,8188,8177,
19.139,8028,8186,8177,
19.15,8037,8183,8174,
19.161,8037,8188,8177,
19.17,8026,8183,8177,
19.181,8009,8181,8174,
19.19,8034,8188,8177,
19.199,8037,8188,8180,
19.213,8034,8183,8180,
19.223,8037,8188,8177,
19.229,8034,8183,8177,
19.24,8037,8183,8177,
19.251,8031,8183,8180,
19.26,8037,8183,8180,
19.269,8028,8183,8180,
19.279,8037,8188,8180,
19.29,8034,8183,8177,
19.302,8034,8186,8177,
19.311,8037,8183,8174,
19.321,8034,8183,8177,
19.329,8034,8183,8177,
19.341,8034,8183,8177,
19.351,8034,8183,8177,
19.363,8034,8181,8180,
19.371,8028,8181,8174,
19.381,8000,8178,8177,
19.391,8031,8188,8177,
19.402,8028,8188,8177,
19.411,8028,8181,8177,
19.422,8034,8186,8174,
19.43,8028,8183,8177,
19.441,8037,8183,8174,
19.452,8034,8188,8174,
19.459,8042,8183,8174,
19.47,8039,8183,8174,
19.481,8047,8188,8174,
19.49,8050,8183,8174,
19.5,8050,8186,8174,
19.51,8047,8181,8177,
19.52,8039,8186,8174,
19.532,8042,8188,8174,
19.539,8042,8181,8177,
19.549,8047,8186,8174,
19.562,8042,8183,8177,
19.571,8034,8181,8177,
19.58,8015,8175,8177,
19.591,8039,8188,8177,
19.601,8039,8186,8180,
19.61,8042,8183,8180,
19.62,8039,8188,8180,
19.631,8047,8181,8180,
19.639,8045,8186,8180,
19.648,8045,8186,8177,
19.661,8042,8183,8180,
19.669,8047,8186,8180,
19.678,8045,8183,8180,
19.69,8047,8188,8180,
19.7,8047,8181,8177,
19.71,8045,8186,8177,
19.721,8050,8186,8177,
19.729,8047,8186,8177,
19.74,8047,8183,8174,
19.75,8045,8183,8177,
19.759,8039,8186,8177,
19.77,8023,8183,8177,
19.781,8009,8181,8177,
19.787,8031,8191,8174,
19.8,8026,8188,8174,
19.809,8028,8186,8174,
19.821,8037,8188,8177,
19.831,8034,8188,8174,
19.839,8037,8183,8177,
19.85,8039,8186,8177,
19.861,8042,8183,8177,
19.869,8039,8188,8177,
19.88,8039,8181,8177,
19.889,8039,8178,8177,
19.899,8039,8181,8177,
19.91,8045,8181,8174,
19.921,8047,8186,8177,
19.93,8050,8183,8177,
19.94,8047,8181,8177,
19.949,8045,8181,8177,
19.958,8042,8186,8177,
19.969,8037,8183,8177,
19.978,8015,8181,8174,
19.988,8039,8183,8182,
20,8045,8183,8174,
20.01,8045,8181,8174,
20.019,8045,8181,8174,
20.03,8045,8183,8177,
20.039,8042,8181,8177,
20.051,8037,8183,8174,
20.061,8037,8186,8174,
20.07,8037,8188,8177,
20.08,8039,8183,8177,
20.09,8045,8183,8177,
20.098,8047,8183,8177,
20.109,8045,8183,8177,
20.119,8047,8183,8177,
20.128,8050,8183,8177,
20.138,8042,8186,8177,
20.15,8037,8183,8177,
20.161,8039,8186,8174,
20.171,8015,8175,8174,
20.181,8007,8183,8174,
20.187,8034,8193,8180,
20.2,8034,8188,8180,
20.21,8034,8183,8177,
20.218,8037,8188,8180,
20.229,8034,8186,8180,
20.239,8031,8186,8180,
20.25,8026,8191,8180,
20.26,8034,8183,8180,
20.268,8026,8181,8180,
20.281,8037,8186,8180,
20.289,8042,8188,8180,
20.3,8045,8183,8177,
20.31,8045,8181,8180,
20.317,8042,8191,8177,
20.33,8047,8181,8177,
20.338,8047,8183,8177,
20.349,8055,8178,8174,
20.364,8047,8181,8177,
20.367,8042,8181,8177,
20.378,8026,8178,8172,
20.388,8042,8181,8177,
20.398,8053,8183,8174,
20.409,8053,8186,8174,
20.419,8058,8183,8180,
20.428,8058,8181,8180,
20.44,8061,8181,8177,
20.45,8061,8181,8177,
20.461,8061,8178,8180,
20.47,8064,8181,8180,
20.48,8064,8183,8177,
20.489,8066,8181,8180,
20.498,8069,8188,8180,
20.511,8077,8181,8177,
20.519,8080,8181,8180,
20.528,8085,8178,8177,
20.539,8085,8181,8180,
20.548,8085,8178,8180,
20.558,8088,8181,8180,
20.569,8085,8178,8180,
20.578,8069,8175,8177,
20.59,8085,8181,8177,
20.599,8083,8183,8182,
20.608,8083,8181,8177,
20.62,8083,8181,8180,
20.631,8085,8181,8177,
20.638,8088,8181,8177,
20.649,8085,8181,8177,
20.659,8088,8181,8177,
20.669,8088,8178,8174,
20.677,8092,8178,8177,
20.688,8094,8178,8174,
20.699,8094,8178,8177,
20.71,8101,8178,8177,
20.718,8101,8178,8177,
20.73,8103,8175,8174,
20.738,8103,8181,8177,
20.749,8101,8178,8177,
20.758,8106,8178,8177,
20.768,8109,8175,8177,
20.779,8101,8175,8174,
20.788,8109,8181,8177,
20.799,8106,8178,8177,
20.811,8109,8178,8180,
20.819,8106,8181,8177,
20.828,8106,8178,8177,
20.841,8106,8178,8174,
20.849,8109,8178,8177,
20.86,8109,8178,8177,
20.866,8109,8178,8174,
20.879,8112,8178,8177,
20.887,8112,8178,8177,
20.897,8114,8178,8177,
20.906,8114,8178,8177,
20.919,8114,8175,8174,
20.929,8120,8175,8177,
20.939,8125,8175,8180,
20.949,8131,8175,8180,
20.959,8133,8175,8180,
20.969,8128,8175,8180,
20.979,8122,8175,8177,
20.988,8131,8178,8177,
20.997,8125,8178,8182,
21.011,8122,8175,8177,
21.019,8122,8178,8180,
21.027,8117,8178,8180,
21.039,8122,8178,8174,
21.049,8125,8175,8177,
21.057,8125,8178,8174,
21.069,8128,8175,8177,
21.077,8131,8175,8174,
21.087,8131,8175,8177,
21.096,8128,8175,8174,
21.108,8131,8175,8177,
21.118,8133,8175,8177,
21.13,8133,8175,8177,
21.139,8136,8175,8177,
21.148,8136,8175,8177,
21.158,8136,8175,8177,
21.167,8133,8175,8177,
21.177,8125,8173,8180,
21.189,8136,8175,8182,
21.197,8139,8175,8174,
21.207,8141,8173,8177,
21.219,8150,8175,8177,
21.228,8150,8175,8177,
21.238,8147,8175,8177,
21.248,8144,8175,8177,
21.257,8144,8175,8177,
21.269,8144,8173,8177,
21.279,8141,8175,8177,
21.287,8141,8173,8177,
21.297,8144,8175,8177,
21.307,8144,8175,8177,
21.319,8141,8175,8174,
21.327,8141,8175,8177,
21.337,8141,8173,8177,
21.347,8147,8175,8177,
21.359,8147,8175,8177,
21.369,8144,8175,8177,
21.378,8139,8173,8177,
21.387,8147,8175,8174,
21.398,8147,8175,8177,
21.408,8144,8178,8177,
21.419,8147,8175,8177,
21.427,8147,8175,8177,
21.438,8150,8175,8177,
21.449,8144,8175,8177,
21.457,8144,8175,8177,
21.469,8144,8175,8177,
21.478,8147,8175,8177,
21.489,8147,8175,8177,
21.495,8144,8175,8177,
21.506,8144,8175,8177,
21.517,8144,8175,8174,
21.527,8141,8175,8177,
21.535,8144,8175,8174,
21.565,8144,8175,8174,
21.566,8150,8175,8177,
21.567,8147,8175,8177,
21.579,8144,8175,8174,
21.585,8152,8175,8177,
21.598,8155,8175,8177,
21.606,8158,8175,8177,
21.618,8158,8173,8177,
21.627,8160,8173,8177,
21.639,8160,8173,8177,
21.648,8158,8175,8177,
21.657,8160,8175,8177,
21.666,8166,8173,8177,
21.678,8171,8173,8177,
21.686,8171,8173,8174,
21.699,8171,8173,8174,
21.705,8168,8173,8177,
21.719,8168,8173,8174,
21.729,8168,8173,8177,
21.738,8168,8173,8177,
21.747,8171,8173,8174,
21.756,8171,8175,8177,
21.769,8174,8175,8180,
21.777,8174,8173,8177,
21.787,8177,8175,8177,
21.795,8179,8173,8180,
21.807,8179,8175,8174,
21.816,8179,8173,8177,
21.826,8179,8173,8174,
21.836,8182,8173,8177,
21.845,8179,8173,8177,
21.859,8179,8173,8177,
21.867,8177,8173,8177,
21.878,8177,8173,8180,
21.887,8177,8173,8174,
21.897,8174,8173,8177,
21.907,8174,8173,8177,
21.919,8171,8175,8177,
21.928,8174,8175,8177,
21.939,8171,8175,8174,
21.948,8174,8173,8177,
21.957,8177,8175,8180,
21.967,8179,8173,8180,
21.975,8185,8173,8177,
21.987,8185,8173,8180,
21.999,8192,8173,8177,
22.008,8192,8175,8177,
22.016,8192,8173,8180,
22.029,8192,8175,8180,
22.037,8188,8173,8180,
22.048,8185,8173,8177,
22.058,8185,8173,8180,
22.065,8185,8173,8174,
22.076,8185,8173,8177,
22.085,8188,8173,8174,
22.097,8188,8173,8174,
22.108,8192,8173,8177,
22.116,8200,8173,8174,
22.128,8211,8173,8177,
22.139,8222,8173,8177,
22.148,8203,8173,8180,
22.155,8200,8173,8177,
22.165,8203,8173,8177,
22.177,8208,8173,8174,
22.188,8203,8173,8177,
22.196,8198,8175,8177,
22.206,8198,8173,8177,
22.215,8203,8173,8177,
22.227,8200,8173,8177,
22.238,8203,8173,8177,
22.248,8206,8173,8177,
22.257,8208,8173,8180,
22.267,8211,8175,8177,
22.277,8217,8173,8180,
22.286,8222,8173,8180,
22.296,8227,8173,8180,
22.307,8225,8173,8180,
22.318,8230,8173,8180,
22.327,8233,8175,8182,
22.339,8233,8175,8182,
22.346,8233,8173,8180,
22.355,8233,8173,8180,
22.367,8235,8173,8180,
22.377,8244,8168,8174,
22.385,8233,8175,8182,
22.395,8225,8173,8182,
22.406,8222,8173,8180,
22.418,8222,8173,8177,
22.427,8222,8173,8177,
22.436,8222,8173,8180,
22.445,8225,8173,8180,
22.457,8227,8175,8180,
22.467,8227,8173,8180,
22.476,8230,8173,8180,
22.485,8233,8173,8180,
22.496,8235,8173,8180,
22.506,8241,8173,8180,
22.515,8241,8173,8180,
22.526,8241,8173,8180,
22.535,8241,8173,8182,
22.544,8238,8173,8180,
22.559,8238,8173,8180,
22.566,8244,8173,8177,
22.576,8265,8170,8177,
22.587,8263,8173,8180,
22.597,8252,8173,8182,
22.605,8254,8173,8182,
22.615,8257,8173,8182,
22.625,8260,8175,8182,
22.634,8260,8175,8182,
22.645,8257,8173,8182,
22.655,8263,8173,8182,
22.664,8260,8173,8182,
22.677,8263,8173,8187,
22.686,8263,8173,8185,
22.697,8263,8173,8185,
22.705,8268,8173,8185,
22.715,8271,8173,8187,
22.728,8271,8173,8187,
22.734,8271,8173,8187,
22.745,8271,8175,8185,
22.756,8271,8173,8185,
22.765,8279,8173,8185,
22.776,8299,8173,8177,
22.788,8283,8178,8177,
22.796,8273,8175,8182,
22.807,8268,8175,8182,
22.816,8271,8173,8182,
22.824,8271,8173,8182,
22.836,8273,8173,8185,
22.845,8273,8173,8185,
22.855,8273,8173,8182,
22.864,8273,8173,8182,
22.876,8273,8173,8182,
22.886,8271,8173,8185,
22.894,8271,8173,8182,
22.905,8271,8173,8185,
22.918,8271,8173,8185,
22.923,8273,8173,8182,
22.936,8273,8173,8185,
22.945,8273,8173,8185,
22.954,8276,8173,8185,
22.965,8283,8173,8182,
22.975,8307,8173,8177,
22.986,8299,8173,8185,
22.997,8279,8173,8187,
23.007,8279,8173,8190,
23.016,8276,8173,8187,
23.025,8276,8175,8187,
23.036,8276,8173,8187,
23.047,8279,8173,8187,
23.054,8283,8175,8187,
23.066,8283,8173,8187,
23.075,8283,8173,8187,
23.089,8283,8173,8185,
23.095,8283,8173,8185,
23.107,8283,8173,8185,
23.116,8283,8173,8185,
23.126,8283,8173,8185,
23.136,8283,8173,8185,
23.146,8283,8173,8187,
23.155,8283,8175,8185,
23.167,8296,8175,8182,
23.175,8329,8175,8177,
23.186,8307,8173,8187,
23.197,8285,8170,8187,
23.204,8283,8175,8187,
23.217,8285,8173,8187,
23.225,8285,8173,8187,
23.236,8283,8173,8187,
23.254,8285,8175,8187,
23.255,8283,8173,8187,
23.265,8285,8173,8187,
23.274,8283,8175,8187,
23.284,8285,8173,8187,
23.295,8285,8173,8185,
23.305,8285,8173,8185,
23.315,8288,8173,8187,
23.327,8285,8173,8185,
23.333,8285,8173,8185,
23.347,8285,8173,8185,
23.354,8285,8173,8185,
23.366,8299,8173,8185,
23.374,8329,8173,8177,
23.383,8304,8173,8185,
23.394,8291,8173,8187,
23.407,8285,8175,8187,
23.416,8291,8173,8190,
23.424,8285,8175,8187,
23.437,8293,8173,8190,
23.446,8293,8175,8187,
23.456,8288,8173,8187,
23.464,8291,8173,8187,
23.477,8288,8175,8187,
23.488,8288,8173,8187,
23.494,8285,8173,8185,
23.506,8288,8173,8185,
23.515,8288,8175,8185,
23.526,8288,8173,8185,
23.536,8293,8175,8185,
23.546,8285,8173,8185,
23.555,8296,8175,8185,
23.564,8312,8173,8182,
23.575,8331,8173,8180,
23.584,8323,8173,8182,
23.595,8296,8175,8185,
23.607,8291,8173,8187,
23.613,8293,8173,8185,
23.624,8291,8175,8185,
23.634,8288,8173,8185,
23.645,8285,8173,8185,
23.655,8285,8173,8185,
23.665,8283,8173,8185,
23.673,8283,8175,8185,
23.685,8283,8173,8185,
23.694,8283,8173,8185,
23.704,8283,8173,8185,
23.713,8283,8175,8185,
23.724,8283,8173,8185,
23.734,8283,8173,8187,
23.744,8283,8173,8185,
23.752,8283,8173,8185,
23.764,8301,8173,8182,
23.776,8326,8175,8180,
23.786,8307,8173,8182,
23.794,8283,8178,8187,
23.803,8283,8173,8187,
23.813,8285,8173,8190,
23.824,8285,8173,8187,
23.835,8288,8175,8187,
23.845,8285,8173,8190,
23.855,8283,8173,8187,
23.866,8285,8173,8187,
23.875,8285,8173,8190,
23.886,8285,8173,8187,
23.894,8283,8173,8187,
23.904,8283,8173,8187,
23.916,8283,8175,8185,
23.925,8283,8173,8185,
23.935,8283,8173,8185,
23.943,8283,8173,8185,
23.954,8283,8175,8185,
23.965,8296,8175,8182,
23.975,8329,8173,8177,
23.985,8304,8173,8182,
23.995,8283,8170,8185,
24.004,8283,8173,8185,
24.012,8283,8173,8185,
24.024,8283,8173,8185,
24.036,8283,8170,8185,
24.045,8283,8170,8187,
24.055,8285,8170,8187,
24.063,8285,8170,8185,
24.074,8283,8170,8185,
24.084,8283,8170,8185,
24.095,8283,8170,8185,
24.106,8283,8170,8185,
24.112,8283,8170,8187,
24.123,8283,8170,8187,
24.132,8285,8170,8187,
24.142,8283,8173,8187,
24.153,8285,8173,8187,
24.165,8307,8175,8185,
24.174,8326,8173,8182,
24.183,8318,8173,8187,
24.195,8285,8175,8190,
24.203,8288,8175,8187,
24.214,8285,8173,8185,
24.223,8283,8173,8185,
24.233,8283,8173,8185,
24.245,8283,8175,8185,
24.256,8283,8173,8185,
24.265,8283,8173,8185,
24.271,8283,8175,8185,
24.286,8283,8173,8182,
24.293,8279,8173,8185,
24.305,8283,8173,8185,
24.313,8279,8173,8185,
24.326,8276,8173,8185,
24.333,8279,8173,8185,
24.345,8279,8173,8182,
24.353,8279,8173,8185,
24.364,8288,8175,8182,
24.373,8318,8178,8177,
24.384,8291,8173,8185,
24.392,8279,8173,8187,
24.403,8276,8173,8185,
24.414,8279,8173,8182,
24.423,8279,8173,8187,
24.433,8276,8175,8187,
24.442,8279,8173,8187,
24.454,8276,8173,8187,
24.464,8276,8173,8187,
24.473,8271,8173,8185,
24.486,8273,8173,8187,
24.495,8273,8173,8187,
24.505,8273,8173,8185,
24.512,8273,8173,8187,
24.523,8276,8173,8187,
24.532,8276,8173,8187,
24.543,8279,8173,8185,
24.556,8273,8173,8185,
24.562,8279,8173,8185,
24.574,8304,8170,8177,
24.581,8283,8173,8187,
24.593,8273,8170,8187,
24.602,8273,8173,8187,
24.617,8276,8173,8187,
24.624,8279,8173,8185,
24.635,8283,8173,8185,
24.644,8283,8173,8185,
24.653,8279,8173,8185,
24.664,8283,8173,8185,
24.673,8279,8173,8185,
24.685,8283,8173,8185,
24.691,8283,8173,8185,
24.704,8279,8173,8182,
24.714,8279,8173,8185,
24.724,8283,8173,8187,
24.733,8283,8173,8187,
24.742,8283,8175,8187,
24.753,8283,8173,8187,
24.763,8293,8175,8185,
24.773,8320,8173,8180,
24.784,8312,8173,8182,
24.793,8283,8173,8187,
24.804,8279,8173,8187,
24.815,8276,8170,8187,
24.821,8283,8173,8187,
24.833,8276,8173,8187,
24.844,8279,8173,8185,
24.855,8276,8173,8187,
24.864,8276,8173,8187,
24.873,8276,8173,8187,
24.885,8276,8173,8187,
24.895,8283,8173,8187,
24.904,8283,8175,8187,
24.914,8279,8173,8187,
24.922,8279,8173,8187,
24.934,8273,8173,8187,
24.944,8271,8173,8185,
24.953,8273,8173,8187,
24.964,8279,8173,8185,
24.974,8301,8178,8180,
24.983,8283,8173,8185,
24.99,8276,8173,8190,
25.003,8276,8173,8187,
25.012,8276,8175,8187,
25.024,8273,8173,8187,
25.034,8271,8175,8185,
25.043,8271,8175,8185,
25.051,8268,8175,8182,
25.063,8271,8173,8182,
25.072,8265,8173,8182,
25.081,8265,8173,8185,
25.093,8265,8173,8182,
25.104,8265,8173,8182,
25.112,8263,8175,8182,
25.12,8260,8173,8182,
25.132,8260,8175,8185,
25.144,8260,8175,8185,
25.151,8260,8173,8185,
25.164,8265,8173,8185,
25.17,8285,8175,8180,
25.182,8283,8173,8185,
25.193,8257,8175,8185,
25.202,8254,8175,8182,
25.214,8254,8173,8185,
25.222,8254,8173,8185,
25.234,8249,8173,8185,
25.244,8249,8175,8182,
25.255,8249,8175,8182,
25.261,8249,8175,8182,
25.274,8249,8173,8182,
25.285,8249,8175,8180,
25.291,8249,8173,8182,
25.305,8249,8173,8180,
25.311,8244,8173,8182,
25.323,8244,8173,8182,
25.332,8241,8173,8182,
25.342,8244,8173,8182,
25.352,8244,8173,8182,
25.362,8249,8173,8180,
25.373,8271,8173,8174,
25.384,8260,8175,8180,
25.39,8241,8175,8180,
25.401,8238,8173,8180,
25.413,8238,8173,8182,
25.421,8238,8173,8182,
25.432,8241,8175,8180,
25.445,8238,8173,8182,
25.453,8238,8175,8185,
25.461,8238,8173,8185,
25.472,8235,8173,8185,
25.484,8235,8175,8182,
25.493,8235,8173,8182,
25.502,8233,8173,8185,
25.512,8233,8173,8185,
25.522,8235,8173,8182,
25.532,8233,8173,8182,
25.542,8230,8173,8182,
25.553,8233,8173,8182,
25.561,8235,8175,8180,
25.576,8249,8170,8180,
25.583,8244,8173,8180,
25.591,8233,8173,8182,
25.604,8230,8173,8180,
25.611,8230,8173,8180,
25.622,8227,8175,8180,
25.631,8225,8173,8180,
25.643,8225,8173,8180,
25.652,8222,8173,8180,
25.663,8222,8173,8180,
25.67,8219,8173,8180,
25.682,8219,8175,8180,
25.693,8219,8175,8180,
25.701,8219,8173,8180,
25.712,8219,8173,8180,
25.722,8219,8173,8177,
25.733,8219,8173,8180,
25.744,8219,8173,8180,
25.751,8219,8173,8180,
25.761,8222,8173,8180,
25.77,8230,8173,8180,
25.782,8219,8173,8180,
25.792,8214,8173,8180,
25.8,8214,8175,8177,
25.812,8214,8173,8180,
25.822,8214,8173,8180,
25.83,8211,8173,8180,
25.842,8211,8175,8177,
25.852,8211,8175,8180,
25.864,8208,8175,8180,
25.871,8208,8173,8180,
25.883,8211,8173,8177,
25.892,8211,8173,8177,
25.902,8211,8173,8177,
25.914,8208,8175,8180,
25.92,8208,8173,8180,
25.931,8208,8173,8177,
25.941,8208,8173,8177,
25.95,8208,8173,8177,
25.963,8211,8175,8180,
25.971,8222,8173,8174,
25.98,8211,8173,8177,
25.991,8203,8170,8174,
26.003,8203,8173,8180,
26.009,8203,8173,8177,
26.021,8203,8173,8177,
26.029,8203,8173,8180,
26.041,8206,8173,8177,
26.052,8206,8173,8177,
26.063,8206,8173,8177,
26.071,8206,8173,8177,
26.082,8203,8173,8177,
26.093,8203,8175,8177,
26.101,8203,8173,8177,
26.111,8203,8173,8177,
26.121,8200,8173,8180,
26.131,8200,8173,8177,
26.139,8200,8178,8177,
26.151,8200,8175,8177,
26.162,8200,8173,8177,
26.17,8208,8173,8174,
26.182,8203,8175,8177,
26.19,8200,8175,8177,
26.203,8200,8175,8174,
26.213,8200,8175,8177,
26.221,8198,8173,8177,
26.232,8200,8173,8177,
26.241,8198,8173,8180,
26.251,8195,8173,8177,
26.262,8198,8173,8177,
26.271,8198,8173,8177,
26.28,8198,8173,8177,
26.29,8195,8175,8174,
26.3,8195,8173,8177,
26.311,8192,8173,8177,
26.32,8192,8173,8177,
26.332,8195,8173,8177,
26.341,8195,8175,8177,
26.349,8195,8173,8177,
26.361,8198,8173,8177,
26.37,8203,8173,8177,
26.381,8200,8175,8177,
26.392,8195,8175,8180,
26.401,8192,8173,8180,
26.41,8192,8173,8180,
26.422,8188,8173,8180,
26.43,8188,8175,8180,
26.438,8188,8175,8180,
26.45,8188,8173,8180,
26.46,8188,8173,8180,
26.472,8188,8173,8177,
26.48,8188,8173,8177,
26.49,8188,8173,8177,
26.502,8192,8173,8177,
26.511,8188,8173,8174,
26.522,8188,8173,8177,
26.53,8188,8173,8177,
26.541,8188,8173,8177,
26.553,8188,8173,8174,
26.559,8188,8175,8177,
26.571,8192,8173,8180,
26.579,8185,8173,8177,
26.592,8182,8173,8180,
26.6,8182,8173,8180,
26.611,8179,8173,8180,
26.619,8177,8175,8180,
26.634,8177,8175,8180,
26.641,8179,8173,8177,
26.65,8177,8173,8180,
26.661,8177,8173,8177,
26.669,8179,8173,8180,
26.681,8177,8173,8177,
26.691,8179,8173,8177,
26.7,8177,8173,8180,
26.71,8177,8173,8177,
26.721,8179,8173,8177,
26.729,8177,8173,8180,
26.739,8174,8173,8177,
26.75,8171,8173,8177,
26.761,8168,8173,8180,
26.771,8160,8175,8180,
26.78,8168,8173,8180,
26.791,8168,8173,8174,
26.799,8171,8175,8177,
26.812,8171,8173,8177,
26.818,8174,8173,8177,
26.829,8171,8173,8177,
26.839,8171,8173,8177,
26.852,8168,8175,8177,
26.86,8168,8173,8174,
26.872,8168,8173,8174,
26.878,8171,8175,8180,
26.894,8171,8173,8177,
26.901,8171,8173,8180,
26.91,8171,8173,8180,
26.92,8171,8173,8180,
26.93,8171,8173,8180,
26.941,8171,8173,8177,
26.949,8171,8173,8182,
26.96,8171,8173,8180,
26.972,8168,8173,8180,
26.98,8166,8175,8174,
26.991,8166,8173,8174,
27.002,8163,8175,8174,
27.011,8160,8173,8177,
27.019,8160,8173,8174,
27.03,8158,8173,8177,
27.041,8158,8175,8174,
27.05,8158,8173,8177,
27.061,8155,8175,8177,
27.069,8155,8173,8177,
27.079,8152,8173,8177,
27.09,8152,8175,8174,
27.1,8150,8175,8177,
27.109,8147,8175,8177,
27.12,8147,8175,8177,
27.13,8141,8175,8174,
27.138,8136,8175,8177,
27.151,8136,8175,8174,
27.16,8136,8175,8177,
27.168,8131,8173,8177,
27.181,8136,8178,8174,
27.19,8128,8175,8174,
27.201,8128,8175,8180,
27.21,8128,8175,8177,
27.221,8131,8175,8177,
27.23,8131,8175,8174,
27.24,8131,8175,8174,
27.249,8133,8175,8177,
27.259,8133,8173,8177,
27.269,8131,8175,8177,
27.28,8125,8175,8177,
27.29,8120,8175,8180,
27.298,8117,8178,8177,
27.311,8112,8178,8180,
27.319,8106,8178,8180,
27.33,8103,8178,8180,
27.339,8103,8178,8177,
27.348,8101,8178,8180,
27.361,8092,8175,8180,
27.371,8088,8175,8174,
27.379,8101,8178,8177,
27.389,8101,8178,8177,
27.398,8097,8181,8177,
27.41,8094,8178,8174,
27.42,8094,8178,8174,
27.43,8088,8178,8177,
27.439,8083,8178,8177,
27.45,8077,8181,8174,
27.459,8074,8181,8177,
27.468,8072,8178,8174,
27.48,8069,8181,8177,
27.488,8066,8181,8180,
27.499,8066,8181,8180,
27.508,8072,8181,8177,
27.518,8066,8181,8180,
27.527,8069,8181,8180,
27.538,8069,8181,8177,
27.549,8069,8183,8177,
27.561,8064,8183,8177,
27.569,8045,8175,8177,
27.58,8058,8183,8177,
27.588,8061,8183,8182,
27.6,8058,8181,8174,
27.611,8058,8183,8174,
27.619,8053,8186,8177,
27.63,8050,8186,8177,
27.638,8042,8183,8177,
27.649,8037,8183,8177,
27.661,8037,8183,8177,
27.67,8034,8183,8174,
27.679,8042,8186,8177,
27.689,8039,8181,8177,
27.701,8055,8181,8174,
27.711,8047,8181,8177,
27.717,8045,8181,8177,
27.731,8045,8183,8174,
27.74,8039,8183,8174,
27.75,8039,8183,8174,
27.761,8023,8181,8174,
27.767,8007,8178,8177,
27.779,8028,8188,8172,
27.788,8023,8191,8177,
27.8,8020,8188,8180,
27.81,8018,8188,8177,
27.818,8018,8191,8180,
27.829,8018,8188,8177,
27.84,8012,8188,8180,
27.85,8023,8188,8177,
27.859,8012,8188,8177,
27.868,8012,8183,8180,
27.88,8012,8188,8177,
27.889,8009,8181,8180,
27.899,8018,8188,8177,
27.908,8023,8186,8174,
27.921,8015,8188,8177,
27.927,8012,8186,8177,
27.939,8018,8188,8177,
27.949,8020,8188,8174,
27.961,8015,8178,8177,
27.967,7998,8178,8177,
27.978,8026,8183,8174,
27.987,8037,8186,8174,
27.998,8037,8181,8177,
28.011,8047,8188,8177,
28.023,8047,8186,8177,
28.027,8050,8186,8177,
28.039,8058,8181,8177,
28.048,8058,8181,8177,
28.059,8061,8183,8174,
28.069,8055,8178,8177,
28.078,8055,8181,8174,
28.09,8058,8183,8177,
28.099,8055,8181,8177,
28.11,8058,8183,8180,
28.12,8064,8178,8180,
28.129,8064,8183,8177,
28.139,8066,8181,8177,
28.148,8064,8181,8180,
28.16,8061,8181,8177,
28.168,8045,8175,8177,
28.177,8066,8183,8177,
28.186,8064,8183,8177,
28.199,8066,8183,8180,
28.209,8066,8186,8174,
28.22,8072,8178,8177,
28.228,8069,8183,8177,
28.236,8066,8186,8177,
28.25,8069,8181,8177,
28.261,8074,8181,8174,
28.268,8072,8181,8177,
28.279,8074,8181,8174,
28.288,8069,8183,8177,
28.298,8072,8181,8177,
28.309,8072,8181,8180,
28.316,8069,8181,8180,
28.328,8066,8183,8177,
28.338,8072,8181,8180,
28.349,8072,8181,8180,
28.359,8066,8181,8180,
28.369,8050,8175,8177,
28.376,8072,8183,8177,
28.388,8074,8186,8180,
28.397,8074,8181,8177,
28.407,8074,8181,8177,
28.419,8080,8183,8177,
28.428,8080,8178,8177,
28.438,8077,8178,8174,
28.449,8074,8178,8174,
28.457,8072,8175,8177,
28.469,8077,8178,8174,
28.477,8080,8175,8174,
28.487,8077,8178,8177,
28.499,8080,8178,8174,
28.507,8077,8178,8177,
28.518,8080,8181,8177,
28.528,8080,8178,8174,
28.537,8083,8178,8174,
28.549,8083,8178,8174,
28.56,8083,8178,8177,
28.568,8072,8175,8174,
28.578,8088,8183,8177,
28.587,8088,8181,8174,
28.6,8092,8178,8180,
28.61,8092,8181,8174,
28.617,8088,8178,8177,
28.629,8085,8181,8180,
28.637,8094,8181,8177,
28.65,8092,8175,8177,
28.658,8092,8178,8180,
28.666,8092,8181,8177,
28.677,8092,8178,8180,
28.687,8092,8181,8177,
28.695,8094,8178,8177,
28.706,8088,8181,8180,
28.718,8088,8181,8177,
28.728,8088,8178,8177,
28.738,8085,8178,8174,
28.748,8085,8175,8177,
28.756,8077,8175,8177,
28.77,8064,8175,8174,
28.776,8074,8178,8177,
28.787,8080,8181,8174,
28.797,8080,8178,8177,
28.807,8080,8175,8177,
28.818,8083,8178,8177,
28.829,8083,8178,8177,
28.838,8085,8178,8177,
28.849,8083,8175,8177,
28.857,8083,8181,8177,
28.868,8080,8181,8177,
28.877,8080,8178,8174,
28.888,8083,8181,8177,
28.9,8085,8178,8180,
28.909,8092,8181,8177,
28.919,8092,8181,8177,
28.928,8088,8181,8177,
28.937,8088,8181,8177,
28.948,8088,8178,8177,
28.957,8080,8178,8174,
28.969,8072,8175,8180,
28.979,8085,8183,8177,
28.988,8083,8183,8177,
28.996,8085,8178,8177,
29.008,8077,8181,8177,
29.018,8077,8181,8177,
29.029,8077,8183,8177,
29.038,8077,8181,8174,
29.046,8080,8181,8177,
29.058,8085,8181,8174,
29.068,8083,8181,8174,
29.078,8085,8178,8174,
29.087,8088,8181,8174,
29.095,8088,8181,8177,
29.111,8085,8178,8177,
29.118,8088,8178,8174,
29.127,8085,8181,8177,
29.138,8085,8178,8180,
29.15,8083,8178,8180,
29.159,8074,8178,8180,
29.168,8061,8175,8177,
29.176,8080,8181,8180,
29.187,8080,8181,8177,
29.197,8077,8178,8180,
29.206,8085,8181,8180,
29.22,8083,8181,8180,
29.227,8085,8183,8180,
29.24,8088,8178,8177,
29.248,8085,8178,8177,
29.258,8085,8178,8177,
29.267,8083,8178,8177,
29.278,8085,8178,8177,
29.288,8083,8181,8174,
29.296,8083,8178,8174,
29.307,8085,8178,8174,
29.317,8088,8181,8177,
29.329,8092,8181,8177,
29.337,8092,8178,8177,
29.347,8088,8181,8177,
29.358,8083,8178,8177,
29.367,8066,8178,8174,
29.375,8083,8181,8177,
29.386,8083,8183,8177,
29.397,8077,8183,8177,
29.406,8077,8181,8174,
29.417,8077,8181,8177,
29.426,8074,8181,8177,
29.436,8077,8181,8174,
29.447,8074,8181,8174,
29.46,8077,8181,8174,
29.465,8074,8181,8174,
29.476,8077,8181,8174,
29.486,8074,8181,8174,
29.495,8072,8178,8174,
29.507,8074,8183,8174,
29.517,8072,8181,8174,
29.526,8072,8178,8174,
29.535,8072,8181,8177,
29.547,8072,8181,8180,
29.558,8064,8178,8177,
29.566,8047,8178,8177,
29.576,8066,8186,8177,
29.587,8066,8183,8177,
29.596,8069,8183,8177,
29.606,8072,8181,8182,
29.617,8072,8181,8177,
29.626,8077,8181,8180,
29.638,8074,8181,8180,
29.649,8077,8183,8174,
29.655,8080,8181,8174,
29.666,8074,8181,8177,
29.677,8074,8183,8174,
29.685,8074,8181,8177,
29.697,8072,8186,8177,
29.707,8072,8181,8177,
29.716,8077,8183,8174,
29.724,8077,8181,8174,
29.736,8080,8181,8174,
29.747,8083,8178,8174,
29.756,8069,8178,8177,
29.764,8050,8175,8174,
29.778,8069,8183,8177,
29.788,8069,8186,8177,
29.796,8066,8175,8177,
29.806,8066,8181,8177,
29.817,8072,8178,8177,
29.827,8074,8178,8177,
29.837,8074,8178,8177,
29.845,8074,8178,8180,
29.857,8074,8181,8177,
29.868,8074,8175,8177,
29.878,8074,8178,8177,
29.888,8077,8175,8180,
29.894,8083,8175,8177,
29.905,8085,8181,8180,
29.917,8083,8181,8177,
29.925,8088,8181,8177,
29.935,8094,8178,8177,
29.946,8094,8181,8177,
29.954,8094,8178,8174,
29.966,8085,8178,8177,
29.976,8101,8178,8174,
29.987,8103,8178,8177,
29.995,8103,8178,8177,
30.007,8106,8181,8174,
30.015,8106,8181,8177,
30.026,8106,8178,8177,
30.035,8109,8178,8177,
30.046,8109,8178,8177,
30.057,8109,8178,8174,
30.065,8109,8178,8174,
30.076,8114,8175,8177,
30.088,8112,8178,8177,
30.094,8114,8178,8174,
30.105,8117,8178,8174,
30.115,8114,8175,8174,
30.126,8117,8178,8177,
30.135,8122,8178,8174,
30.146,8125,8178,8174,
30.154,8131,8175,8180,
30.165,8125,8175,8180,
30.177,8131,8178,8177,
30.186,8131,8178,8180,
30.195,8128,8181,8180,
30.206,8131,8178,8177,
30.215,8128,8175,8177,
30.228,8125,8175,8180,
30.236,8125,8175,8177,
30.246,8128,8175,8180,
30.255,8128,8175,8180,
30.266,8128,8175,8177,
30.275,8128,8175,8180,
30.285,8131,8175,8180,
30.295,8133,8175,8180,
30.306,8136,8175,8180,
30.316,8139,8175,8177,
30.327,8144,8175,8177,
30.335,8144,8175,8177,
30.345,8144,8175,8180,
30.357,8141,8175,8177,
30.366,8136,8178,8180,
30.374,8139,8178,8177,
30.387,8139,8175,8182,
30.396,8141,8175,8180,
30.404,8141,8175,8180,
30.415,8144,8175,8180,
30.423,8147,8173,8180,
30.435,8150,8173,8180,
30.446,8150,8173,8180,
30.456,8152,8173,8180,
30.465,8150,8173,8174,
30.476,8150,8173,8174,
30.485,8150,8173,8177,
30.496,8147,8173,8174,
30.504,8150,8173,8174,
30.516,8150,8173,8177,
30.527,8152,8173,8177,
30.535,8150,8175,8177,
30.545,8150,8175,8177,
30.556,8150,8175,8177,
30.565,8147,8173,8174,
30.574,8152,8175,8177,
30.585,8158,8175,8180,
30.595,8160,8175,8174,
30.605,8158,8175,8177,
30.614,8158,8175,8174,
30.625,8155,8173,8177,
30.636,8158,8175,8174,
30.645,8160,8173,8177,
30.653,8163,8173,8174,
30.666,8166,8173,8174,
30.675,8171,8173,8174,
30.686,8171,8173,8177,
30.694,8168,8175,8174,
30.707,8163,8173,8177,
30.713,8163,8175,8177,
30.724,8160,8175,8177,
30.736,8160,8173,8174,
30.747,8163,8175,8177,
30.755,8168,8173,8177,
30.766,8171,8173,8174,
30.776,8174,8173,8177,
30.784,8177,8175,8174,
30.795,8174,8175,8174,
30.806,8174,8173,8177,
30.817,8174,8173,8174,
30.823,8174,8173,8177,
30.833,8174,8173,8177,
30.845,8179,8173,8174,
30.855,8177,8173,8174,
30.864,8177,8173,8174,
30.875,8179,8173,8180,
30.886,8182,8173,8180,
30.897,8185,8173,8180,
30.906,8182,8175,8180,
30.914,8182,8173,8177,
30.924,8179,8173,8177,
30.935,8179,8173,8180,
30.946,8182,8173,8177,
30.954,8182,8173,8180,
30.964,8185,8173,8177,
30.977,8192,8173,8180,
30.984,8192,8175,8180,
30.995,8188,8173,8180,
31.004,8182,8173,8177,
31.017,8185,8173,8177,
31.028,8192,8175,8177,
31.035,8198,8173,8177,
31.046,8198,8173,8180,
31.055,8192,8175,8177,
31.064,8188,8173,8177,
31.077,8192,8175,8180,
31.087,8195,8173,8180,
31.093,8195,8173,8180,
31.103,8195,8173,8177,
31.117,8195,8173,8177,
31.122,8195,8173,8177,
31.135,8198,8173,8177,
31.145,8206,8173,8180,
31.156,8214,8173,8177,
31.166,8222,8173,8180,
31.174,8214,8173,8177,
31.184,8211,8170,8177,
31.193,8211,8175,8180,
31.206,8214,8173,8177,
31.212,8214,8173,8180,
31.226,8214,8173,8177,
31.234,8217,8175,8177,
31.245,8217,8173,8180,
31.254,8219,8173,8177,
31.264,8217,8173,8177,
31.274,8219,8175,8177,
31.284,8222,8173,8182,
31.295,8219,8173,8180,
31.304,8222,8173,8182,
31.313,8225,8175,8185,
31.325,8225,8173,8182,
31.336,8227,8173,8182,
31.343,8230,8173,8182,
31.354,8233,8173,8180,
31.363,8246,8173,8180,
31.375,8244,8175,8182,
31.385,8233,8175,8177,
31.393,8233,8178,8180,
31.406,8233,8173,8180,
31.415,8233,8173,8180,
31.424,8233,8173,8180,
31.435,8230,8173,8177,
31.443,8230,8173,8180,
31.453,8233,8173,8182,
31.461,8235,8173,8180,
31.475,8244,8173,8182,
31.484,8246,8173,8182,
31.493,8246,8173,8180,
31.504,8246,8173,8182,
31.513,8244,8173,8182,
31.524,8244,8173,8182,
31.535,8246,8173,8180,
31.545,8246,8173,8182,
31.552,8254,8175,8180,
31.562,8273,8173,8174,
31.576,8260,8175,8182,
31.583,8246,8173,8180,
31.595,8249,8173,8182,
31.603,8249,8175,8180,
31.613,8249,8175,8182,
31.624,8249,8175,8182,
31.635,8249,8173,8180,
31.643,8249,8173,8180,
31.654,8249,8175,8182,
31.666,8249,8173,8180,
31.672,8252,8173,8182,
31.683,8249,8173,8182,
31.695,8246,8173,8182,
31.705,8246,8173,8185,
31.714,8246,8173,8182,
31.723,8246,8173,8185,
31.733,8246,8173,8185,
31.744,8246,8173,8182,
31.752,8257,8175,8182,
31.763,8279,8173,8177,
31.772,8260,8173,8182,
31.784,8249,8175,8182,
31.794,8252,8173,8185,
31.804,8252,8173,8185,
31.814,8254,8173,8185,
31.825,8252,8173,8185,
31.833,8252,8173,8185,
31.844,8254,8173,8182,
31.853,8252,8173,8185,
31.863,8252,8173,8185,
31.874,8254,8173,8185,
31.883,8254,8173,8185,
31.892,8257,8173,8185,
31.904,8260,8173,8182,
31.915,8265,8173,8182,
31.924,8265,8173,8182,
31.933,8271,8173,8182,
31.943,8271,8173,8185,
31.955,8279,8173,8182,
31.961,8299,8173,8177,
31.974,8283,8175,8182,
31.982,8268,8173,8185,
31.993,8268,8173,8185,
32.002,8265,8173,8185,
32.016,8271,8175,8185,
32.022,8268,8175,8185,
32.033,8268,8173,8185,
32.042,8271,8173,8185,
32.055,8271,8175,8185,
32.063,8273,8175,8185,
32.075,8273,8175,8187,
32.085,8276,8175,8185,
32.093,8276,8173,8187,
32.103,8271,8175,8185,
32.114,8271,8173,8182,
32.123,8271,8175,8182,
32.136,8271,8175,8185,
32.142,8273,8175,8182,
32.154,8276,8175,8180,
32.162,8301,8168,8177,
32.174,8283,8175,8182,
32.183,8268,8173,8182,
32.193,8268,8173,8182,
32.204,8273,8175,8182,
32.213,8273,8173,8182,
32.224,8273,8173,8182,
32.232,8273,8173,8185,
32.243,8276,8173,8182,
32.254,8276,8175,8185,
32.262,8283,8173,8185,
32.273,8283,8173,8185,
32.283,8279,8175,8182,
32.292,8279,8175,8185,
32.305,8283,8173,8185,
32.314,8283,8175,8182,
32.32,8276,8173,8185,
32.333,8279,8175,8182,
32.342,8283,8173,8185,
32.353,8285,8175,8182,
32.364,8318,8175,8177,
32.374,8312,8175,8182,
32.384,8283,8175,8182,
32.394,8283,8175,8185,
32.4,8283,8173,8185,
32.41,8283,8173,8185,
32.421,8283,8173,8185,
32.434,8283,8173,8185,
32.441,8283,8173,8185,
32.451,8283,8175,8182,
32.462,8276,8173,8185,
32.472,8283,8173,8185,
32.484,8283,8173,8185,
32.494,8283,8175,8185,
32.504,8279,8173,8185,
32.511,8283,8175,8185,
32.522,8283,8175,8185,
32.531,8283,8175,8182,
32.543,8283,8173,8185,
32.552,8288,8173,8182,
32.563,8312,8173,8174,
32.572,8301,8175,8182,
32.583,8279,8173,8187,
32.595,8279,8175,8185,
32.603,8283,8175,8185,
32.615,8283,8173,8185,
32.622,8283,8173,8185,
32.632,8279,8173,8185,
32.642,8283,8175,8185,
32.653,8279,8175,8182,
32.662,8279,8175,8185,
32.675,8283,8173,8182,
32.683,8283,8173,8185,
32.691,8283,8175,8185,
32.701,8283,8175,8185,
32.71,8283,8173,8185,
32.724,8283,8173,8185,
32.732,8283,8170,8185,
32.741,8283,8170,8185,
32.753,8285,8173,8182,
32.762,8320,8170,8177,
32.77,8296,8170,8182,
32.783,8283,8170,8187,
32.793,8279,8170,8185,
32.803,8283,8173,8185,
32.813,8283,8173,8185,
32.821,8283,8173,8185,
32.832,8279,8173,8185,
32.841,8279,8173,8182,
32.854,8276,8173,8185,
32.86,8279,8173,8182,
32.871,8283,8175,8185,
32.882,8283,8175,8185,
32.89,8283,8173,8185,
32.901,8283,8175,8185,
32.914,8283,8173,8185,
32.923,8283,8175,8185,
32.932,8283,8173,8185,
32.945,8279,8173,8185,
32.953,8283,8175,8182,
32.961,8312,8173,8177,
32.972,8288,8173,8182,
32.981,8273,8173,8182,
32.994,8273,8175,8182,
33,8273,8173,8182,
33.012,8271,8173,8182,
33.022,8271,8173,8185,
33.034,8271,8173,8185,
33.041,8268,8175,8185,
33.052,8268,8173,8185,
33.061,8271,8173,8185,
33.072,8273,8175,8187,
33.081,8271,8175,8187,
33.092,8271,8173,8185,
33.102,8273,8175,8187,
33.113,8276,8175,8185,
33.123,8271,8175,8185,
33.13,8273,8173,8187,
33.142,8271,8173,8185,
33.151,8279,8173,8185,
33.163,8296,8173,8182,
33.17,8288,8175,8185,
33.183,8271,8175,8187,
33.191,8268,8170,8185,
33.201,8268,8173,8185,
33.21,8268,8173,8185,
33.223,8268,8175,8185,
33.232,8271,8173,8185,
33.24,8271,8173,8182,
33.254,8268,8175,8182,
33.259,8263,8175,8182,
33.273,8263,8173,8182,
33.282,8263,8173,8182,
33.293,8265,8173,8182,
33.3,8265,8173,8182,
33.312,8268,8173,8182,
33.32,8268,8173,8185,
33.33,8268,8175,8185,
33.34,8268,8173,8185,
33.349,8283,8173,8182,
33.363,8301,8173,8185,
33.374,8279,8173,8185,
33.381,8263,8173,8182,
33.391,8263,8170,8185,
33.4,8260,8170,8185,
33.412,8260,8170,8185,
33.422,8260,8170,8185,
33.431,8257,8170,8185,
33.442,8260,8170,8185,
33.453,8260,8170,8185,
33.461,8260,8173,8185,
33.471,8257,8175,8185,
33.48,8254,8175,8185,
33.491,8254,8173,8185,
33.503,8254,8173,8185,
33.511,8260,8175,8185,
33.521,8257,8173,8185,
33.529,8254,8173,8185,
33.543,8257,8175,8180,
33.549,8265,8175,8182,
33.561,8285,8173,8177,
33.571,8271,8173,8182,
33.583,8260,8173,8180,
33.592,8257,8175,8182,
33.601,8257,8173,8182,
33.612,8252,8173,8182,
33.619,8252,8173,8182,
33.632,8254,8173,8182,
33.642,8252,8173,8185,
33.65,8252,8173,8185,
33.663,8249,8173,8185,
33.673,8252,8173,8185,
33.679,8252,8173,8185,
33.69,8252,8173,8182,
33.7,8249,8173,8182,
33.71,8246,8173,8182,
33.722,8249,8173,8185,
33.732,8246,8173,8182,
33.742,8249,8175,8182,
33.754,8263,8175,8182,
33.76,8273,8175,8180,
33.77,8265,8175,8182,
33.781,8252,8175,8187,
33.792,8246,8170,8185,
33.802,8244,8175,8185,
33.811,8244,8175,8182,
33.82,8241,8173,8185,
33.833,8241,8173,8182,
33.84,8241,8173,8182,
33.852,8235,8173,8180,
33.86,8238,8173,8182,
33.872,8238,8173,8180,
33.882,8235,8173,8180,
33.89,8235,8173,8180,
33.899,8233,8173,8180,
33.913,8235,8173,8180,
33.922,8235,8173,8180,
33.93,8235,8175,8182,
33.939,8235,8173,8180,
33.952,8244,8173,8180,
33.961,8257,8175,8177,
33.972,8241,8173,8182,
33.98,8235,8175,8177,
33.99,8233,8173,8180,
33.999,8230,8173,8180,
34.01,8233,8173,8180,
34.02,8230,8173,8180,
34.028,8230,8173,8177,
34.041,8230,8173,8180,
34.052,8233,8173,8177,
34.061,8233,8173,8180,
34.071,8230,8173,8180,
34.08,8230,8173,8180,
34.09,8227,8173,8180,
34.1,8227,8173,8180,
34.111,8227,8175,8182,
34.119,8230,8175,8182,
34.131,8230,8173,8180,
34.141,8227,8175,8180,
34.151,8230,8175,8177,
34.16,8249,8175,8177,
34.168,8241,8175,8180,
34.181,8227,8173,8182,
34.19,8230,8173,8182,
34.201,8230,8175,8180,
34.21,8233,8173,8180,
34.222,8233,8173,8180,
34.23,8230,8173,8180,
34.238,8230,8173,8182,
34.25,8233,8173,8180,
34.26,8233,8173,8182,
34.273,8230,8173,8182,
34.28,8233,8173,8182,
34.291,8230,8173,8182,
34.302,8233,8173,8182,
34.31,8233,8175,8182,
34.32,8230,8175,8182,
34.328,8233,8173,8182,
34.342,8230,8173,8182,
34.35,8235,8175,8182,
34.359,8254,8173,8177,
34.37,8241,8175,8185,
34.38,8230,8173,8180,
34.389,8227,8175,8182,
34.402,8230,8173,8182,
34.409,8230,8175,8182,
34.419,8230,8175,8182,
34.429,8230,8173,8182,
34.44,8230,8173,8182,
34.449,8230,8175,8182,
34.458,8230,8173,8180,
34.471,8230,8173,8180,
34.479,8233,8175,8180,
34.489,8230,8173,8180,
34.501,8230,8173,8180,
34.509,8227,8173,8182,
34.522,8227,8173,8180,
34.53,8227,8173,8180,
34.538,8227,8175,8180,
34.549,8235,8173,8180,
34.559,8244,8175,8177,
34.569,8233,8175,8180,
34.58,8225,8173,8180,
34.591,8225,8173,8177,
34.601,8225,8173,8180,
34.611,8225,8173,8180,
34.62,8225,8173,8180,
34.631,8227,8173,8177,
34.642,8227,8173,8180,
34.651,8227,8175,8177,
34.66,8227,8173,8180,
34.67,8227,8173,8182,
34.679,8227,8173,8182,
34.69,8222,8175,8180,
34.701,8225,8173,8182,
34.71,8225,8173,8182,
34.719,8222,8173,8182,
34.73,8225,8175,8182,
34.74,8222,8173,8182,
34.75,8225,8175,8182,
34.76,8235,8173,8180,
34.769,8227,8173,8177,
34.778,8219,8173,8174,
34.789,8219,8173,8174,
34.799,8219,8173,8180,
34.811,8217,8173,8177,
34.822,8219,8173,8180,
34.829,8219,8173,8177,
34.839,8219,8173,8177,
34.85,8219,8173,8177,
34.86,8217,8173,8180,
34.869,8217,8175,8180,
34.878,8217,8173,8180,
34.891,8217,8173,8180,
34.901,8217,8175,8177,
34.909,8217,8173,8177,
34.918,8214,8173,8177,
34.93,8214,8173,8180,
34.938,8214,8173,8180,
34.95,8214,8175,8180,
34.959,8222,8175,8174,
34.97,8219,8173,8180,
34.981,8211,8173,8182,
34.991,8214,8173,8180,
35,8214,8175,8182,
35.008,8211,8173,8182,
35.02,8211,8173,8182,
35.029,8211,8173,8180,
35.041,8208,8173,8180,
35.049,8208,8173,8180,
35.058,8208,8173,8180,
35.07,8211,8173,8180,
35.078,8208,8173,8180,
35.089,8208,8175,8180,
35.098,8211,8173,8180,
35.11,8208,8173,8180,
35.119,8208,8173,8180,
35.127,8208,8173,8180,
35.141,8208,8173,8180,
35.149,8211,8173,8182,
35.159,8217,8173,8180,
35.168,8208,8173,8182,
35.179,8200,8173,8174,
35.19,8203,8173,8180,
35.197,8200,8173,8177,
35.207,8200,8175,8177,
35.219,8203,8175,8177,
35.229,8200,8173,8177,
35.238,8203,8173,8177,
35.249,8203,8173,8177,
35.259,8206,8173,8177,
35.269,8203,8173,8177,
35.279,8203,8173,8180,
35.288,8203,8173,8180,
35.296,8203,8173,8180,
35.309,8203,8173,8180,
35.318,8200,8173,8180,
35.327,8203,8173,8177,
35.34,8203,8175,8180,
35.351,8203,8173,8180,
35.359,8211,8173,8177,
35.369,8206,8173,8180,
35.38,8203,8173,8180,
35.39,8203,8175,8177,
35.4,8203,8175,8180,
35.408,8200,8175,8180,
35.419,8200,8173,8180,
35.428,8200,8173,8180,
35.438,8200,8173,8180,
35.449,8200,8173,8180,
35.46,8198,8173,8180,
35.471,8198,8173,8177,
35.477,8198,8173,8180,
35.488,8198,8173,8177,
35.5,8198,8175,8177,
35.509,8198,8173,8177,
35.521,8200,8173,8177,
35.527,8200,8173,8177,
35.54,8200,8173,8177,
35.548,8200,8173,8177,
35.556,8211,8173,8174,
35.57,8200,8173,8177,
35.58,8198,8173,8177,
35.586,8195,8173,8177,
35.597,8195,8173,8177,
35.609,8195,8173,8180,
35.619,8195,8173,8180,
35.628,8195,8173,8180,
35.639,8195,8173,8180,
35.647,8195,8173,8180,
35.658,8195,8173,8180,
35.67,8195,8173,8180,
35.68,8195,8173,8180,
35.688,8195,8173,8177,
35.7,8195,8173,8177,
35.709,8195,8173,8174,
35.72,8195,8173,8177,
35.729,8192,8175,8174,
35.737,8192,8175,8177,
35.749,8195,8175,8177,
35.758,8195,8175,8174,
35.767,8195,8173,8174,
35.778,8192,8175,8174,
35.788,8192,8175,8174,
35.796,8192,8173,8180,
35.811,8195,8173,8180,
35.817,8192,8173,8180,
35.827,8195,8173,8180,
35.839,8192,8173,8180,
35.85,8192,8173,8180,
35.858,8185,8173,8180,
35.866,8188,8173,8180,
35.877,8185,8175,8180,
35.891,8188,8173,8180,
35.897,8185,8173,8177,
35.908,8185,8173,8177,
35.918,8182,8173,8180,
35.927,8182,8173,8177,
35.939,8185,8175,8180,
35.948,8185,8173,8180,
35.957,8192,8173,8177,
35.967,8192,8173,8180,
35.98,8188,8173,8180,
35.986,8188,8173,8177,
35.999,8188,8173,8177,
36.007,8188,8175,8177,
36.019,8185,8173,8180,
36.028,8185,8173,8180,
36.037,8185,8173,8180,
36.048,8185,8173,8177,
36.06,8185,8173,8180,
36.066,8182,8173,8180,
36.079,8182,8173,8177,
36.086,8182,8173,8180,
36.098,8182,8173,8180,
36.109,8182,8173,8177,
36.118,8179,8173,8180,
36.128,8182,8175,8180,
36.137,8182,8173,8180,
36.148,8185,8175,8177,
36.159,8188,8175,8180,
36.169,8185,8175,8180,
36.179,8185,8175,8180,
36.187,8185,8175,8177,
36.197,8182,8175,8177,
36.208,8182,8173,8180,
36.218,8182,8173,8180,
36.229,8182,8175,8180,
36.235,8182,8173,8177,
36.248,8182,8173,8177,
36.259,8182,8173,8180,
36.267,8182,8173,8177,
36.279,8182,8173,8177,
36.288,8185,8173,8180,
36.298,8182,8173,8180,
36.307,8182,8175,8174,
36.317,8182,8175,8177,
36.326,8182,8173,8177,
36.339,8182,8175,8177,
36.349,8185,8173,8174,
36.359,8185,8173,8174,
36.368,8182,8173,8177,
36.379,8185,8175,8177,
36.389,8179,8173,8174,
36.396,8179,8173,8177,
36.405,8179,8173,8177,
36.417,8179,8173,8177,
36.429,8179,8173,8180,
36.439,8179,8173,8180,
36.447,8179,8175,8180,
36.457,8177,8173,8177,
36.466,8179,8173,8180,
36.48,8177,8175,8180,
36.488,8182,8173,8177,
36.497,8182,8173,8180,
36.508,8182,8170,8177,
36.517,8182,8170,8177,
36.529,8182,8170,8174,
36.536,8182,8173,8174,
36.546,8182,8170,8177,
36.558,8185,8170,8177,
36.568,8185,8173,8174,
36.577,8182,8170,8174,
36.587,8182,8170,8174,
36.598,8179,8170,8174,
36.608,8179,8170,8174,
36.617,8177,8175,8180,
36.628,8177,8173,8180,
36.637,8177,8173,8177,
36.645,8177,8173,8180,
36.658,8177,8173,8180,
36.667,8177,8175,8180,
36.676,8177,8173,8177,
36.688,8177,8173,8180,
36.697,8179,8175,8180,
36.706,8179,8173,8180,
36.718,8179,8173,8174,
36.728,8177,8173,8177,
36.738,8179,8173,8177,
36.747,8177,8173,8174,
36.758,8182,8173,8174,
36.766,8179,8173,8177,
36.779,8179,8173,8177,
36.788,8179,8175,8174,
36.798,8177,8173,8177,
36.808,8177,8175,8177,
36.818,8177,8173,8177,
36.828,8177,8173,8177,
36.835,8177,8173,8177,
36.848,8177,8173,8180,
36.855,8177,8173,8177,
36.868,8177,8173,8180,
36.877,8177,8175,8177,
36.887,8177,8173,8177,
36.897,8174,8173,8180,
36.906,8179,8173,8180,
36.915,8179,8173,8177,
36.926,8179,8173,8177,
36.937,8179,8173,8174,
36.947,8179,8173,8177,
36.959,8182,8173,8172,
36.967,8182,8175,8177,
36.978,8182,8175,8174,
36.988,8182,8175,8174,
36.998,8182,8173,8174,
37.005,8179,8173,8177,
37.016,8177,8173,8174,
37.027,8179,8173,8174,
37.036,8179,8173,8174,
37.046,8177,8173,8174,
37.055,8177,8173,8177,
37.067,8177,8175,8177,
37.075,8177,8173,8174,
37.086,8177,8173,8174,
37.094,8177,8175,8174,
37.106,8177,8173,8177,
37.115,8177,8173,8174,
37.128,8177,8173,8174,
37.136,8177,8175,8177,
37.145,8177,8175,8174,
37.158,8179,8173,8177,
37.168,8179,8173,8180,
37.176,8179,8178,8180,
37.184,8179,8173,8174,
37.198,8177,8173,8177,
37.206,8177,8175,8174,
37.216,8179,8173,8174,
37.227,8179,8173,8180,
37.237,8179,8175,8177,
37.246,8179,8173,8180,
37.256,8177,8173,8177,
37.268,8177,8173,8177,
37.275,8177,8173,8180,
37.286,8177,8173,8180,
37.297,8177,8173,8180,
37.305,8179,8173,8180,
37.315,8179,8173,8180,
37.326,8179,8173,8180,
37.336,8179,8175,8180,
37.345,8179,8173,8180,
37.357,8182,8173,8177,
37.365,8177,8175,8180,
37.377,8179,8175,8177,
37.387,8179,8173,8180,
37.397,8179,8173,8180,
37.405,8179,8175,8180,
37.416,8179,8173,8177,
37.428,8179,8173,8177,
37.435,8179,8173,8177,
37.445,8179,8173,8180,
37.456,8179,8173,8180,
37.468,8179,8173,8180,
37.475,8179,8175,8180,
37.485,8179,8173,8180,
37.496,8179,8173,8180,
37.506,8179,8173,8177,
37.517,8179,8173,8177,
37.526,8179,8175,8180,
37.535,8177,8173,8180,
37.546,8177,8175,8180,
37.556,8174,8175,8182,
37.565,8177,8173,8177,
37.575,8174,8175,8182,
37.586,8177,8173,8180,
37.597,8174,8173,8177,
37.608,8177,8173,8180,
37.615,8177,8175,8180,
37.627,8174,8175,8180,
37.636,8177,8173,8177,
37.646,8177,8173,8174,
37.656,8174,8175,8177,
37.665,8174,8173,8177,
37.677,8177,8173,8174,
37.684,8174,8173,8174,
37.694,8174,8173,8177,
37.705,8171,8173,8177,
37.717,8171,8173,8174,
37.725,8168,8173,8174,
37.735,8163,8175,8180,
37.747,8168,8173,8174,
37.753,8171,8165,8177,
37.764,8171,8173,8174,
37.776,8171,8175,8177,
37.785,8171,8173,8177,
37.795,8171,8173,8177,
37.808,8168,8175,8177,
37.816,8168,8173,8174,
37.825,8168,8173,8177,
37.835,8168,8175,8174,
37.844,8171,8173,8177,
37.856,8171,8175,8177,
37.864,8174,8175,8174,
37.876,8174,8173,8177,
37.885,8174,8173,8174,
37.894,8174,8173,8174,
37.905,8174,8173,8177,
37.913,8174,8175,8174,
37.927,8174,8173,8177,
37.937,8171,8175,8177,
37.943,8168,8175,8180,
37.955,8168,8181,8177,
37.963,8168,8175,8180,
37.978,8166,8175,8177,
37.983,8166,8175,8180,
37.996,8168,8175,8180,
38.005,8168,8173,8177,
38.014,8168,8173,8177,
38.026,8168,8175,8177,
38.034,8168,8173,8180,
38.045,8168,8173,8177,
38.056,8168,8175,8180,
38.063,8168,8173,8177,
38.074,8168,8175,8177,
38.086,8171,8175,8177,
38.096,8168,8175,8177,
38.105,8166,8173,8177,
38.117,8166,8175,8177,
38.123,8166,8173,8177,
38.135,8166,8173,8177,
38.146,8163,8175,8180,
38.156,8158,8170,8177,
38.165,8155,8175,8177,
38.174,8155,8175,8177,
38.185,8155,8173,8177,
38.196,8155,8173,8177,
38.204,8155,8173,8177,
38.214,8158,8173,8177,
38.224,8158,8173,8177,
38.235,8160,8173,8177,
38.244,8160,8173,8180,
38.256,8158,8173,8177,
38.264,8158,8175,8177,
38.274,8158,8173,8180,
38.284,8158,8175,8180,
38.294,8155,8175,8180,
38.303,8158,8175,8177,
38.317,8158,8173,8180,
38.325,8158,8175,8177,
38.334,8158,8173,8177,
38.345,8158,8175,8177,
38.357,8158,8175,8177,
38.366,8155,8175,8177,
38.376,8158,8173,8180,
38.386,8158,8175,8177,
38.395,8155,8170,8177,
38.408,8152,8170,8177,
38.415,8152,8173,8180,
38.425,8152,8173,8180,
38.435,8150,8170,8180,
38.446,8150,8168,8180,
38.455,8150,8170,8177,
38.463,8150,8170,8177,
38.474,8152,8170,8177,
38.484,8152,8173,8177,
38.494,8152,8173,8174,
38.504,8152,8175,8174,
38.514,8150,8173,8177,
38.526,8152,8175,8174,
38.535,8152,8173,8174,
38.545,8150,8175,8174,
38.554,8144,8175,8177,
38.567,8147,8175,8174,
38.576,8147,8175,8174,
38.584,8147,8173,8174,
38.593,8147,8173,8174,
38.605,8144,8175,8174,
38.615,8141,8175,8174,
38.625,8136,8175,8174,
38.636,8136,8175,8177,
38.644,8139,8175,8174,
38.656,8139,8173,8174,
38.665,8144,8175,8177,
38.676,8144,8173,8177,
38.684,8147,8175,8180,
38.695,8147,8175,8180,
38.706,8144,8175,8177,
38.713,8141,8175,8177,
38.726,8141,8175,8180,
38.736,8139,8175,8177,
38.745,8136,8175,8177,
38.756,8131,8173,8177,
38.766,8136,8175,8177,
38.777,8133,8178,8174,
38.785,8131,8175,8174,
38.795,8131,8175,8177,
38.806,8131,8175,8174,
38.814,8131,8173,8174,
38.826,8131,8173,8177,
38.837,8131,8173,8177,
38.846,8128,8173,8174,
38.855,8128,8173,8177,
38.865,8128,8170,8177,
38.875,8125,8173,8177,
38.885,8125,8173,8177,
38.895,8128,8173,8177,
38.904,8125,8173,8177,
38.915,8128,8173,8177,
38.922,8128,8175,8180,
38.936,8128,8175,8177,
38.945,8122,8175,8180,
38.955,8122,8175,8180,
38.965,8125,8175,8182,
38.973,8128,8175,8180,
38.985,8131,8175,8177,
38.996,8128,8178,8174,
39.006,8128,8175,8174,
39.013,8125,8175,8174,
39.024,8125,8175,8177,
39.033,8128,8175,8174,
39.045,8131,8175,8177,
39.053,8128,8175,8174,
39.063,8125,8175,8177,
39.075,8125,8173,8177,
39.085,8122,8175,8180,
39.093,8122,8175,8177,
39.104,8122,8175,8177,
39.112,8125,8175,8177,
39.123,8128,8175,8177,
39.132,8131,8178,8177,
39.143,8131,8178,8177,
39.155,8125,8181,8182,
39.163,8131,8181,8180,
39.173,8133,8178,8180,
39.184,8131,8178,8177,
39.194,8128,8178,8177,
39.205,8128,8178,8174,
39.213,8128,8178,8177,
39.225,8128,8178,8174,
39.235,8131,8175,8174,
39.243,8131,8175,8177,
39.254,8133,8175,8174,
39.264,8133,8175,8177,
39.274,8133,8173,8174,
39.283,8133,8173,8177,
39.295,8133,8175,8174,
39.303,8133,8175,8174,
39.312,8131,8175,8177,
39.324,8131,8175,8174,
39.335,8131,8175,8174,
39.344,8131,8175,8177,
39.354,8122,8173,8177,
39.364,8131,8175,8177,
39.372,8131,8175,8180,
39.384,8131,8175,8177,
39.392,8131,8175,8180,
39.402,8133,8175,8180,
39.413,8133,8175,8177,
39.424,8136,8175,8177,
39.433,8136,8175,8180,
39.443,8136,8175,8180,
39.454,8136,8175,8177,
39.462,8133,8175,8177,
39.473,8133,8175,8177,
39.482,8136,8175,8180,
39.494,8136,8173,8177,
39.503,8136,8175,8177,
39.514,8133,8175,8177,
39.524,8133,8175,8180,
39.533,8131,8175,8180,
39.544,8128,8175,8180,
39.553,8122,8178,8177,
39.564,8131,8175,8177,
39.573,8133,8175,8182,
39.583,8136,8175,8174,
39.594,8139,8175,8174,
39.604,8139,8173,8174,
39.615,8139,8175,8177,
39.621,8139,8175,8174,
39.634,8139,8175,8177,
39.643,8139,8175,8177,
39.651,8136,8175,8177,
39.664,8136,8178,8177,
39.673,8136,8178,8174,
39.683,8136,8175,8174,
39.692,8136,8175,8174,
39.702,8136,8173,8177,
39.714,8139,8175,8174,
39.725,8136,8175,8177,
39.733,8136,8175,8177,
39.744,8133,8175,8177,
39.752,8128,8175,8174,
39.761,8136,8173,8180,
39.773,8133,8175,8174,
39.782,8136,8173,8174,
39.791,8136,8173,8180,
39.802,8133,8173,8177,
39.813,8136,8173,8180,
39.822,8136,8173,8180,
39.835,8133,8173,8180,
39.841,8136,8173,8177,
39.851,8136,8173,8177,
39.862,8136,8175,8177,
39.871,8136,8175,8177,
39.884,8139,8175,8177,
39.893,8141,8175,8180,
39.903,8139,8173,8180,
39.911,8139,8173,8177,
39.922,8139,8175,8180,
39.933,8139,8173,8180,
39.943,8139,8175,8177,
39.953,8133,8173,8177,
39.964,8139,8175,8177,
39.974,8136,8175,8182,
39.984,8139,8175,8177,
39.99,8136,8173,8180,
40.002,8139,8175,8177,
40.014,8139,8175,8177,
40.024,8144,8175,8177,
40.033,8147,8173,8177,
40.043,8150,8175,8177,
40.053,8152,8175,8177,
40.064,8152,8175,8177,
40.071,8150,8173,8177,
40.084,8152,8173,8177,
40.093,8152,8173,8180,
40.103,8152,8173,8177,
40.111,8155,8170,8174,
40.122,8158,8170,8177,
40.133,8158,8170,8174,
40.145,8160,8170,8177,
40.152,8158,8173,8174,
40.163,8163,8170,8174,
40.171,8163,8173,8177,
40.181,8163,8173,8180,
40.192,8163,8173,8174,
40.203,8166,8173,8177,
40.212,8163,8173,8177,
40.223,8163,8173,8177,
40.233,8163,8173,8180,
40.267,8163,8173,8180,
40.268,8163,8173,8177,
40.268,8163,8175,8177,
40.272,8160,8175,8180,
40.283,8160,8173,8177,
40.291,8163,8173,8177,
40.302,8163,8173,8180,
40.312,8163,8173,8177,
40.324,8163,8173,8177,
40.333,8163,8173,8180,
40.342,8163,8173,8180,
40.352,8158,8175,8180,
40.361,8158,8173,8182,
40.373,8155,8173,8180,
40.38,8160,8173,8180,
40.391,8160,8175,8180,
40.402,8163,8175,8180,
40.412,8163,8175,8180,
40.423,8163,8173,8180,
40.432,8163,8173,8177,
40.443,8163,8173,8180,
40.455,8166,8173,8180,
40.461,8168,8173,8180,
40.472,8171,8173,8180,
40.482,8174,8173,8177,
40.491,8174,8173,8180,
40.502,8174,8173,8180,
40.511,8174,8173,8174,
40.522,8177,8173,8174,
40.534,8174,8173,8174,
40.542,8179,8170,8174,
40.552,8177,8175,8180,
40.563,8182,8173,8177,
40.574,8182,8170,8174,
40.583,8182,8170,8177,
40.594,8182,8173,8174,
40.6,8182,8173,8177,
40.613,8182,8173,8180,
40.62,8182,8173,8177,
40.63,8182,8173,8180,
40.644,8179,8173,8177,
40.65,8182,8173,8177,
40.664,8179,8173,8177,
40.671,8177,8173,8177,
40.68,8177,8175,8177,
40.693,8179,8173,8180,
40.703,8177,8173,8177,
40.71,8177,8175,8177,
40.723,8177,8173,8177,
40.732,8177,8173,8177,
40.741,8177,8173,8177,
40.753,8177,8173,8174,
40.765,8177,8173,8177,
40.771,8179,8173,8177,
40.781,8179,8173,8174,
40.791,8179,8173,8177,
40.799,8179,8173,8177,
40.812,8179,8173,8174,
40.823,8179,8175,8174,
40.832,8179,8173,8174,
40.841,8179,8173,8174,
40.853,8179,8173,8174,
40.859,8179,8173,8174,
40.871,8182,8173,8177,
40.881,8179,8173,8174,
40.89,8182,8173,8174,
40.901,8179,8173,8174,
40.911,8179,8173,8174,
40.923,8179,8173,8180,
40.929,8179,8173,8177,
40.94,8179,8175,8177,
40.951,8179,8173,8177,
40.961,8179,8173,8180,
40.969,8179,8175,8174,
40.98,8179,8173,8180,
40.994,8179,8173,8177,
41.002,8179,8173,8177,
41.011,8179,8173,8177,
41.02,8179,8173,8177,
41.03,8179,8173,8177,
41.041,8177,8173,8177,
41.051,8177,8173,8180,
41.062,8179,8173,8177,
41.071,8179,8175,8177,
41.083,8177,8173,8177,
41.094,8177,8175,8180,
41.102,8177,8175,8177,
41.111,8177,8173,8177,
41.121,8177,8173,8180,
41.13,8174,8173,8180,
41.138,8177,8173,8180,
41.152,8174,8173,8180,
41.161,8177,8173,8180,
41.172,8177,8175,8174,
41.178,8177,8173,8174,
41.191,8177,8173,8180,
41.203,8177,8173,8180,
41.211,8177,8173,8180,
41.221,8177,8173,8177,
41.232,8177,8173,8177,
41.238,8177,8173,8174,
41.252,8177,8173,8177,
41.262,8177,8173,8177,
41.269,8177,8175,8177,
41.281,8177,8173,8177,
41.292,8179,8173,8177,
41.301,8179,8173,8177,
41.31,8179,8173,8177,
41.32,8179,8173,8174,
41.332,8179,8173,8180,
41.343,8179,8173,8180,
41.351,8179,8173,8177,
41.362,8179,8173,8177,
41.37,8179,8173,8180,
41.381,8177,8173,8177,
41.391,8174,8173,8180,
41.401,8174,8173,8177,
41.409,8171,8173,8177,
41.422,8171,8173,8177,
41.43,8168,8173,8177,
41.442,8174,8173,8180,
41.451,8177,8173,8180,
41.46,8188,8173,8177,
41.469,8208,8173,8180,
41.481,8206,8173,8180,
41.492,8219,8173,8182,
41.501,8230,8173,8182,
41.513,8235,8173,8182,
41.52,8238,8175,8182,
41.529,8238,8175,8180,
41.542,8244,8173,8177,
41.55,8254,8173,8174,
41.562,8244,8173,8180,
41.571,8233,8175,8180,
41.579,8230,8170,8182,
41.593,8227,8173,8177,
41.602,8222,8173,8180,
41.61,8222,8173,8180,
41.621,8222,8173,8180,
41.63,8222,8173,8182,
41.643,8222,8173,8182,
41.65,8222,8173,8182,
41.658,8222,8173,8182,
41.669,8222,8173,8182,
41.682,8222,8173,8180,
41.688,8222,8175,8180,
41.7,8222,8173,8182,
41.711,8222,8173,8182,
41.719,8222,8173,8182,
41.729,8222,8173,8182,
41.74,8227,8175,8177,
41.75,8235,8173,8180,
41.759,8230,8173,8177,
41.772,8222,8173,8177,
41.778,8222,8170,8180,
41.791,8219,8173,8180,
41.8,8214,8173,8177,
41.81,8211,8173,8177,
41.819,8211,8173,8177,
41.83,8211,8173,8177,
41.841,8219,8173,8182,
41.85,8222,8175,8182,
41.862,8222,8173,8182,
41.868,8214,8173,8180,
41.882,8188,8173,8177,
41.889,8174,8173,8177,
41.899,8174,8173,8177,
41.909,8177,8173,8177,
41.917,8179,8173,8180,
41.93,8179,8173,8180,
41.939,8179,8173,8174,
41.949,8177,8173,8177,
41.961,8179,8173,8174,
41.968,8177,8173,8177,
41.98,8179,8173,8177,
41.989,8179,8173,8174,
42,8177,8173,8174,
42.009,8177,8173,8177,
42.022,8177,8173,8174,
42.028,8177,8173,8177,
42.039,8177,8173,8174,
42.05,8179,8173,8177,
42.06,8179,8173,8180,
42.071,8177,8173,8180,
42.079,8177,8173,8180,
42.088,8179,8173,8177,
42.1,8179,8173,8180,
42.108,8177,8173,8177,
42.118,8179,8173,8180,
42.129,8179,8173,8180,
42.14,8179,8173,8177,
42.151,8177,8173,8180,
42.157,8179,8170,8177,
42.171,8179,8173,8180,
42.179,8177,8175,8177,
42.187,8177,8173,8177,
42.199,8179,8173,8177,
42.213,8179,8173,8180,
42.219,8179,8173,8177,
42.23,8179,8173,8180,
42.239,8177,8173,8180,
42.249,8179,8173,8174,
42.258,8179,8173,8177,
42.27,8177,8173,8177,
42.279,8177,8173,8174,
42.29,8179,8173,8174,
42.298,8179,8173,8177,
42.309,8179,8173,8177,
42.32,8177,8173,8177,
42.327,8179,8173,8177,
42.339,8179,8173,8174,
42.35,8179,8173,8174,
42.36,8177,8173,8180,
42.368,8179,8175,8174,
42.378,8179,8175,8177,
42.389,8179,8173,8177,
42.399,8179,8173,8174,
42.41,8177,8175,8174,
42.42,8177,8173,8177,
42.428,8179,8173,8174,
42.437,8177,8173,8177,
42.45,8177,8173,8174,
42.458,8177,8173,8177,
42.47,8177,8173,8180,
42.482,8177,8173,8177,
42.489,8174,8173,8180,
42.5,8174,8173,8180,
42.509,8174,8173,8180,
42.517,8174,8173,8177,
42.53,8177,8173,8180,
42.54,8174,8175,8180,
42.55,8168,8175,8177,
42.559,8168,8173,8174,
42.57,8171,8175,8174,
42.58,8171,8173,8177,
42.588,8174,8173,8177,
42.598,8177,8173,8177,
42.609,8179,8173,8177,
42.617,8182,8173,8177,
42.628,8182,8173,8177,
42.638,8185,8173,8177,
42.647,8188,8173,8174,
42.66,8188,8173,8180,
42.668,8188,8173,8180,
42.679,8192,8173,8180,
42.69,8188,8173,8177,
42.7,8192,8173,8180,
42.708,8192,8173,8180,
42.719,8192,8173,8180,
42.73,8195,8173,8180,
42.74,8198,8173,8180,
42.749,8206,8173,8177,
42.76,8203,8173,8182,
42.771,8200,8175,8180,
42.778,8198,8173,8182,
42.788,8198,8173,8180,
42.796,8200,8173,8180,
42.806,8203,8173,8177,
42.82,8203,8173,8180,
42.828,8206,8173,8180,
42.838,8206,8173,8180,
42.849,8206,8173,8182,
42.856,8206,8173,8180,
42.868,8208,8173,8177,
42.877,8206,8173,8177,
42.889,8208,8173,8177,
42.898,8208,8173,8177,
42.91,8206,8173,8177,
42.92,8206,8173,8180,
42.928,8206,8173,8177,
42.939,8211,8175,8177,
42.95,8217,8173,8174,
42.96,8214,8173,8177,
42.966,8208,8173,8180,
42.978,8203,8175,8174,
42.99,8203,8173,8177,
42.998,8203,8173,8177,
43.011,8203,8173,8177,
43.018,8203,8173,8177,
43.027,8206,8173,8177,
43.036,8206,8173,8177,
43.048,8208,8173,8177,
43.06,8206,8173,8177,
43.069,8208,8173,8177,
43.077,8208,8173,8177,
43.089,8206,8173,8177,
43.098,8206,8173,8177,
43.108,8206,8175,8177,
43.117,8208,8175,8177,
43.129,8206,8173,8177,
43.137,8211,8175,8174,
43.148,8217,8175,8177,
43.157,8208,8173,8177,
43.169,8200,8175,8174,
43.18,8200,8170,8180,
43.187,8200,8173,8177,
43.197,8200,8173,8177,
43.207,8200,8173,8177,
43.219,8200,8173,8174,
43.228,8200,8173,8177,
43.238,8198,8173,8177,
43.248,8195,8173,8177,
43.259,8192,8173,8177,
43.269,8192,8170,8180,
43.282,8195,8173,8180,
43.288,8195,8173,8180,
43.297,8198,8173,8180,
43.309,8200,8173,8180,
43.32,8200,8173,8180,
43.329,8198,8173,8180,
43.339,8200,8173,8180,
43.35,8208,8173,8180,
43.358,8203,8173,8182,
43.368,8198,8175,8180,
43.377,8198,8173,8180,
43.39,8195,8173,8177,
43.397,8195,8173,8177,
43.409,8192,8173,8174,
43.417,8192,8173,8177,
43.426,8192,8173,8177,
43.435,8192,8173,8177,
43.448,8192,8173,8177,
43.457,8192,8173,8177,
43.469,8188,8173,8177,
43.479,8192,8173,8177,
43.489,8195,8173,8177,
43.497,8192,8173,8177,
43.509,8192,8173,8174,
43.518,8192,8173,8177,
43.527,8192,8173,8177,
43.536,8195,8173,8177,
43.546,8198,8173,8177,
43.556,8195,8173,8177,
43.567,8195,8173,8177,
43.576,8192,8173,8177,
43.589,8188,8173,8177,
43.599,8192,8173,8180,
43.606,8192,8173,8180,
43.616,8192,8173,8180,
43.63,8188,8173,8180,
43.637,8188,8173,8177,
43.648,8192,8173,8180,
43.658,8188,8173,8180,
43.669,8188,8173,8180,
43.678,8188,8173,8177,
43.686,8188,8173,8177,
43.698,8185,8173,8177,
43.707,8185,8173,8177,
43.718,8185,8173,8174,
43.729,8182,8173,8177,
43.737,8179,8173,8177,
43.746,8179,8173,8177,
43.757,8179,8175,8177,
43.768,8179,8173,8180,
43.779,8179,8173,8177,
43.788,8185,8173,8177,
43.797,8185,8173,8177,
43.807,8185,8173,8174,
43.818,8188,8175,8174,
43.827,8185,8173,8177,
43.836,8185,8173,8177,
43.848,8182,8173,8177,
43.857,8185,8173,8177,
43.866,8182,8173,8177,
43.88,8182,8173,8177,
43.889,8179,8173,8180,
43.897,8179,8173,8180,
43.906,8179,8173,8180,
43.917,8177,8173,8180,
43.929,8179,8173,8180,
43.937,8179,8173,8180,
43.947,8179,8173,8180,
43.958,8179,8173,8177,
43.966,8179,8173,8180,
43.977,8177,8175,8177,
43.989,8177,8173,8180,
43.996,8177,8175,8180,
44.009,8177,8173,8180,
44.016,8174,8173,8180,
44.026,8177,8173,8180,
44.036,8177,8173,8180,
44.045,8177,8173,8180,
44.058,8177,8173,8180,
44.066,8177,8173,8177,
44.077,8177,8173,8180,
44.086,8177,8173,8180,
44.095,8174,8175,8174,
44.107,8177,8173,8177,
44.116,8179,8173,8174,
44.126,8177,8175,8174,
44.136,8177,8173,8177,
44.149,8177,8175,8177,
44.16,8177,8173,8177,
44.167,8177,8173,8180,
44.176,8174,8173,8174,
44.187,8177,8173,8174,
44.197,8177,8173,8177,
44.208,8177,8173,8174,
44.217,8177,8173,8177,
44.229,8174,8173,8174,
44.237,8171,8173,8177,
44.247,8171,8175,8177,
44.258,8166,8175,8177,
44.266,8171,8175,8177,
44.276,8174,8173,8177,
44.287,8174,8175,8174,
44.297,8177,8175,8180,
44.305,8177,8173,8177,
44.317,8174,8173,8180,
44.325,8174,8173,8180,
44.335,8174,8173,8180,
44.345,8174,8175,8177,
44.357,8171,8173,8180,
44.368,8168,8175,8177,
44.374,8168,8170,8177,
44.388,8168,8175,8177,
44.396,8168,8175,8180,
44.406,8166,8175,8180,
44.416,8166,8173,8180,
44.426,8168,8173,8180,
44.436,8166,8173,8180,
44.446,8168,8173,8177,
44.457,8168,8173,8180,
44.467,8168,8175,8180,
44.476,8168,8173,8180,
44.487,8166,8173,8180,
44.498,8166,8173,8180,
44.508,8166,8175,8177,
44.516,8166,8173,8177,
44.529,8168,8173,8174,
44.537,8171,8175,8177,
44.545,8168,8173,8177,
44.555,8171,8173,8174,
44.566,8171,8175,8174,
44.574,8168,8173,8177,
44.588,8171,8173,8174,
44.594,8168,8173,8177,
44.607,8168,8173,8174,
44.617,8168,8173,8177,
44.626,8168,8175,8177,
44.635,8166,8173,8177,
44.645,8166,8173,8177,
44.656,8166,8173,8174,
44.667,8163,8173,8177,
44.68,8160,8173,8174,
44.686,8160,8173,8174,
44.694,8163,8175,8174,
44.706,8163,8173,8177,
44.716,8166,8175,8177,
44.727,8163,8173,8174,
44.735,8160,8173,8177,
44.745,8155,8173,8174,
44.757,8155,8175,8177,
44.767,8155,8173,8180,
44.776,8155,8170,8174,
44.787,8155,8173,8177,
44.797,8160,8175,8177,
44.805,8160,8173,8177,
44.814,8163,8173,8177,
44.826,8166,8173,8174,
44.837,8166,8173,8177,
44.846,8166,8173,8177,
44.856,8163,8175,8177,
44.865,8163,8173,8174,
44.876,8160,8175,8177,
44.887,8158,8173,8177,
44.897,8158,8173,8177,
44.906,8155,8175,8174,
44.915,8158,8175,8180,
44.924,8155,8175,8180,
44.935,8158,8173,8177,
44.948,8152,8173,8180,
44.955,8158,8173,8180,
44.966,8155,8175,8177,
44.975,8155,8175,8177,
44.985,8155,8175,8180,
44.994,8152,8173,8177,
45.009,8152,8175,8177,
45.015,8152,8175,8177,
45.025,8152,8173,8177,
45.036,8152,8173,8177,
45.046,8152,8175,8174,
45.058,8152,8175,8174,
45.065,8152,8175,8174,
45.075,8152,8175,8177,
45.086,8152,8175,8174,
45.095,8152,8175,8174,
45.107,8152,8175,8174,
45.115,8152,8175,8177,
45.127,8152,8173,8180,
45.138,8150,8175,8180,
45.144,8147,8173,8177,
45.156,8150,8175,8180,
45.167,8150,8175,8177,
45.177,8152,8175,8180,
45.183,8152,8173,8180,
45.194,8152,8173,8180,
45.208,8150,8175,8177,
45.216,8152,8173,8180,
45.225,8155,8173,8177,
45.236,8155,8173,8177,
45.245,8152,8173,8177,
45.256,8150,8173,8177,
45.267,8150,8173,8177,
45.274,8150,8173,8174,
45.285,8147,8173,8177,
45.297,8152,8173,8177,
45.308,8155,8173,8174,
45.316,8158,8173,8177,
45.325,8158,8173,8174,
45.336,8158,8175,8174,
45.345,8158,8175,8174,
45.353,8158,8175,8177,
45.364,8155,8175,8177,
45.375,8155,8175,8174,
45.387,8155,8175,8174,
45.396,8152,8175,8174,
45.406,8155,8175,8177,
45.417,8155,8175,8177,
45.427,8152,8175,8177,
45.433,8152,8173,8180,
45.446,8152,8173,8180,
45.457,8155,8175,8177,
45.466,8158,8173,8180,
45.475,8158,8173,8177,
45.487,8155,8175,8177,
45.496,8155,8173,8180,
45.507,8155,8173,8177,
45.517,8155,8175,8177,
45.524,8155,8175,8177,
45.535,8155,8175,8177,
45.544,8152,8173,8174,
45.556,8155,8175,8180,
45.565,8155,8173,8180,
45.576,8155,8175,8174,
45.585,8155,8173,8177,
45.594,8155,8173,8177,
45.604,8155,8175,8174,
45.612,8155,8175,8174,
45.627,8155,8173,8177,
45.633,8155,8175,8177,
45.645,8152,8173,8174,
45.655,8152,8175,8174,
45.664,8155,8175,8174,
45.674,8158,8173,8174,
45.686,8160,8173,8177,
45.696,8160,8173,8174,
45.704,8160,8173,8177,
45.715,8160,8175,8174,
45.726,8160,8175,8177,
45.735,8160,8175,8174,
45.743,8160,8175,8174,
45.754,8163,8173,8174,
45.766,8163,8173,8177,
45.774,8160,8175,8174,
45.785,8158,8173,8177,
45.794,8158,8173,8174,
45.805,8158,8175,8174,
45.815,8160,8173,8174,
45.824,8160,8173,8177,
45.834,8163,8173,8174,
45.846,8166,8173,8177,
45.855,8166,8173,8174,
45.865,8166,8173,8177,
45.876,8163,8173,8177,
45.882,8166,8173,8174,
45.893,8166,8173,8174,
45.906,8163,8175,8177,
45.914,8166,8173,8177,
45.925,8163,8173,8177,
45.936,8163,8173,8177,
45.945,8163,8173,8177,
45.955,8166,8173,8177,
45.964,8163,8173,8180,
45.975,8163,8173,8177,
45.984,8163,8175,8177,
45.993,8163,8173,8177,
46.004,8163,8173,8174,
46.015,8163,8173,8177,
46.024,8163,8173,8177,
46.035,8163,8173,8177,
46.042,8163,8173,8174,
46.053,8160,8173,8177,
46.065,8160,8173,8177,
46.077,8160,8173,8174,
46.085,8160,8175,8177,
46.094,8158,8173,8177,
46.105,8158,8175,8174,
46.116,8158,8175,8174,
46.124,8158,8175,8177,
46.133,8158,8173,8177,
46.144,8155,8173,8180,
46.152,8158,8175,8180,
46.162,8158,8175,8180,
46.175,8158,8175,8180,
46.183,8158,8173,8180,
46.196,8158,8175,8177,
46.204,8158,8175,8180,
46.214,8158,8173,8177,
46.223,8158,8175,8180,
46.233,8158,8173,8180,
46.245,8155,8175,8177,
46.251,8155,8173,8180,
46.267,8158,8173,8177,
46.276,8160,8173,8180,
46.285,8160,8173,8180,
46.296,8158,8173,8177,
46.303,8160,8173,8180,
46.314,8158,8173,8180,
46.326,8158,8175,8180,
46.334,8158,8173,8180,
46.343,8155,8168,8174,
46.352,8160,8173,8177,
46.363,8163,8173,8177,
46.372,8163,8175,8174,
46.383,8166,8173,8174,
46.395,8163,8173,8174,
46.404,8160,8173,8177,
46.412,8160,8175,8177,
46.425,8160,8173,8177,
46.433,8160,8173,8174,
46.443,8163,8173,8174,
46.453,8163,8173,8177,
46.463,8166,8173,8177,
46.473,8166,8173,8174,
46.483,8166,8173,8177,
46.494,8166,8173,8174,
46.505,8168,8173,8177,
46.511,8168,8173,8177,
46.526,8171,8173,8177,
46.534,8171,8175,8174,
46.545,8171,8173,8177,
46.553,8171,8173,8180,
46.565,8171,8175,8180,
46.574,8171,8175,8182,
46.584,8174,8175,8177,
46.596,8174,8173,8180,
46.604,8174,8173,8177,
46.613,8174,8173,8177,
46.624,8177,8173,8180,
46.633,8177,8173,8177,
46.642,8177,8173,8180,
46.655,8179,8173,8177,
46.662,8179,8173,8177,
46.673,8179,8173,8177,
46.682,8179,8173,8177,
46.694,8179,8173,8177,
46.702,8177,8173,8177,
46.715,8179,8175,8174,
46.721,8179,8173,8177,
46.734,8179,8173,8174,
46.743,8182,8173,8177,
46.752,8185,8173,8180,
46.764,8179,8173,8174,
46.773,8182,8173,8177,
46.783,8179,8173,8180,
46.815,8182,8173,8180,
46.816,8185,8173,8177,
46.816,8188,8173,8180,
46.824,8188,8173,8180,
46.832,8182,8173,8177,
46.845,8179,8173,8180,
46.851,8182,8173,8180,
46.865,8182,8173,8177,
46.873,8182,8173,8174,
46.883,8185,8173,8177,
46.894,8188,8173,8177,
46.901,8188,8173,8177,
46.913,8188,8173,8177,
46.922,8188,8173,8177,
46.934,8195,8173,8177,
46.945,8198,8173,8174,
46.953,8192,8175,8174,
46.963,8192,8173,8174,
46.971,8192,8173,8177,
46.983,8192,8173,8177,
46.996,8195,8173,8177,
47.002,8195,8173,8177,
47.013,8195,8173,8177,
47.023,8195,8173,8177,
47.033,8200,8173,8177,
47.042,8200,8173,8177,
47.053,8200,8175,8177,
47.062,8200,8173,8177,
47.072,8203,8173,8177,
47.083,8200,8173,8177,
47.095,8203,8175,8177,
47.102,8203,8173,8177,
47.113,8203,8173,8177,
47.122,8200,8173,8177,
47.133,8206,8175,8177,
47.144,8208,8173,8174,
47.151,8203,8173,8177,
47.163,8200,8173,8180,
47.171,8200,8170,8177,
47.185,8200,8173,8177,
47.193,8203,8173,8177,
47.202,8203,8173,8177,
47.213,8206,8173,8177,
47.222,8206,8173,8177,
47.232,8206,8173,8177,
47.244,8208,8173,8177,
47.255,8211,8173,8177,
47.261,8211,8173,8177,
47.273,8211,8173,8182,
47.283,8211,8173,8180,
47.292,8208,8175,8180,
47.301,8208,8173,8180,
47.316,8206,8173,8180,
47.322,8206,8173,8180,
47.333,8211,8173,8180,
47.344,8222,8173,8177,
47.352,8211,8173,8180,
47.36,8203,8175,8180,
47.371,8200,8173,8177,
47.381,8200,8173,8180,
47.392,8200,8173,8180,
47.401,8200,8173,8180,
47.412,8200,8170,8180,
47.422,8203,8170,8182,
47.432,8206,8170,8182,
47.44,8208,8170,8182,
47.453,8208,8170,8180,
47.464,8211,8170,8182,
47.474,8208,8170,8177,
47.482,8211,8170,8177,
47.491,8211,8173,8177,
47.501,8208,8170,8180,
47.512,8211,8173,8180,
47.524,8208,8173,8174,
47.533,8211,8175,8177,
47.543,8219,8173,8174,
47.553,8214,8173,8180,
47.564,8206,8173,8177,
47.57,8208,8173,8182,
47.583,8208,8173,8177,
47.594,8208,8173,8177,
47.602,8208,8175,8177,
47.611,8208,8173,8177,
47.623,8208,8173,8177,
47.632,8208,8173,8177,
47.64,8208,8173,8177,
47.654,8208,8173,8177,
47.66,8208,8175,8177,
47.674,8208,8173,8177,
47.681,8208,8173,8180,
47.693,8208,8173,8180,
47.703,8208,8173,8180,
47.712,8208,8173,8180,
47.721,8208,8173,8180,
47.733,8211,8173,8180,
47.742,8219,8173,8180,
47.751,8211,8173,8180,
47.76,8208,8175,8177,
47.771,8208,8173,8182,
47.782,8208,8173,8177,
47.791,8206,8173,8177,
47.801,8206,8173,8177,
47.812,8206,8175,8180,
47.821,8206,8173,8177,
47.831,8203,8173,8177,
47.844,8203,8173,8177,
47.851,8203,8173,8177,
47.874,8200,8173,8177,
47.875,8198,8173,8177,
47.881,8198,8170,8177,
47.892,8198,8173,8177,
47.9,8198,8173,8177,
47.91,8195,8173,8177,
47.921,8192,8173,8177,
47.931,8192,8173,8177,
47.941,8198,8173,8174,
47.952,8192,8173,8180,
47.962,8192,8173,8180,
47.971,8192,8175,8177,
47.982,8195,8173,8177,
47.993,8195,8173,8177,
48.001,8198,8173,8180,
48.01,8198,8173,8180,
48.023,8195,8173,8180,
48.032,8192,8173,8180,
48.039,8192,8173,8180,
48.053,8192,8173,8180,
48.06,8192,8173,8177,
48.071,8192,8173,8180,
48.08,8192,8173,8180,
48.091,8188,8173,8177,
48.102,8185,8175,8177,
48.11,8185,8173,8177,
48.123,8185,8173,8174,
48.13,8185,8173,8177,
48.141,8192,8170,8172,
48.15,8185,8173,8177,
48.164,8182,8170,8172,
48.17,8179,8173,8174,
48.181,8182,8173,8177,
48.192,8179,8173,8177,
48.2,8179,8173,8177,
48.211,8179,8173,8180,
48.222,8179,8173,8180,
48.231,8179,8173,8180,
48.241,8179,8173,8177,
48.253,8179,8173,8180,
48.261,8179,8173,8180,
48.27,8179,8173,8177,
48.281,8179,8173,8180,
48.291,8179,8173,8180,
48.303,8179,8173,8180,
48.309,8179,8173,8177,
48.32,8179,8173,8177,
48.332,8179,8173,8180,
48.34,8177,8173,8174,
48.353,8177,8175,8180,
48.364,8177,8175,8177,
48.371,8177,8175,8177,
48.382,8177,8173,8180,
48.392,8174,8173,8180,
48.401,8174,8173,8174,
48.41,8174,8175,8177,
48.421,8174,8173,8177,
48.435,8177,8173,8177,
48.442,8177,8173,8177,
48.452,8177,8173,8174,
48.461,8174,8173,8177,
48.471,8174,8173,8177,
48.48,8174,8173,8177,
48.492,8174,8173,8177,
48.502,8174,8173,8180,
48.512,8177,8173,8180,
48.522,8177,8173,8180,
48.531,8179,8175,8180,
48.542,8179,8173,8177,
48.551,8182,8173,8180,
48.56,8179,8173,8177,
48.572,8179,8175,8180,
48.58,8179,8173,8180,
48.591,8179,8175,8180,
48.6,8177,8173,8177,
48.608,8179,8173,8177,
48.622,8177,8173,8177,
48.63,8177,8173,8177,
48.639,8177,8173,8177,
48.65,8174,8173,8180,
48.662,8177,8173,8180,
48.673,8177,8173,8180,
48.679,8177,8173,8180,
48.693,8177,8173,8180,
48.7,8177,8173,8180,
48.713,8177,8175,8180,
48.718,8177,8173,8177,
48.731,8177,8175,8180,
48.74,8177,8175,8182,
48.749,8177,8173,8180,
48.76,8177,8173,8174,
48.768,8177,8173,8177,
48.782,8177,8175,8177,
48.792,8177,8173,8177,
48.8,8177,8173,8180,
48.809,8179,8173,8177,
48.82,8179,8173,8180,
48.83,8179,8173,8177,
48.841,8179,8173,8177,
48.85,8179,8173,8180,
48.861,8179,8173,8180,
48.869,8179,8173,8180,
48.879,8179,8173,8177,
48.892,8179,8173,8180,
48.899,8179,8173,8177,
48.911,8179,8175,8174,
48.921,8179,8175,8174,
48.931,8179,8173,8177,
48.942,8182,8173,8174,
48.949,8177,8173,8174,
48.961,8177,8173,8172,
48.97,8179,8173,8174,
48.981,8179,8173,8177,
48.989,8179,8173,8177,
49,8177,8173,8174,
49.009,8177,8173,8180,
49.019,8177,8173,8177,
49.03,8177,8173,8177,
49.043,8179,8173,8177,
49.049,8179,8173,8177,
49.061,8179,8173,8177,
49.071,8179,8173,8180,
49.079,8179,8173,8177,
49.089,8179,8173,8177,
49.1,8179,8173,8177,
49.109,8179,8173,8177,
49.12,8177,8173,8177,
49.129,8177,8173,8177,
49.141,8179,8173,8174,
49.149,8179,8173,8177,
49.161,8177,8173,8182,
49.17,8177,8175,8177,
49.179,8174,8173,8177,
49.189,8174,8173,8177,
49.197,8174,8173,8177,
49.209,8174,8173,8177,
49.221,8177,8173,8177,
49.229,8177,8173,8180,
49.24,8179,8173,8177,
49.251,8177,8175,8180,
49.261,8177,8173,8177,
49.27,8177,8173,8177,
49.281,8177,8173,8177,
49.289,8177,8173,8180,
49.299,8174,8173,8180,
49.311,8171,8173,8177,
49.317,8171,8173,8177,
49.331,8168,8173,8177,
49.34,8171,8173,8174,
49.351,8171,8173,8174,
49.362,8171,8173,8174,
49.37,8171,8173,8177,
49.381,8171,8173,8174,
49.389,8171,8173,8174,
49.401,8171,8173,8177,
49.41,8168,8173,8177,
49.42,8168,8173,8180,
49.43,8171,8173,8180,
49.441,8171,8173,8177,
49.451,8171,8173,8177,
49.46,8171,8173,8180,
49.469,8171,8173,8177,
49.481,8168,8173,8177,
49.491,8171,8173,8177,
49.5,8171,8173,8180,
49.511,8168,8173,8177,
49.518,8171,8173,8177,
49.529,8171,8173,8177,
49.539,8166,8175,8177,
49.552,8163,8175,8174,
49.56,8160,8175,8174,
49.572,8158,8175,8177,
49.58,8155,8175,8177,
49.591,8155,8173,8177,
49.6,8158,8173,8174,
49.61,8163,8173,8177,
49.621,8163,8173,8177,
49.629,8163,8173,8174,
49.64,8166,8173,8177,
49.65,8166,8173,8177,
49.659,8166,8175,8174,
49.67,8166,8175,8174,
49.678,8163,8173,8174,
49.692,8163,8175,8174,
49.702,8160,8175,8177,
49.71,8160,8175,8177,
49.717,8158,8175,8174,
49.73,8155,8173,8177,
49.742,8152,8173,8174,
49.749,8152,8173,8174,
49.758,8152,8175,8174,
49.77,8150,8175,8174,
49.778,8150,8175,8177,
49.787,8150,8173,8177,
49.8,8147,8173,8177,
49.81,8147,8173,8174,
49.822,8147,8173,8174,
49.828,8147,8173,8177,
49.838,8144,8175,8177,
49.85,8144,8175,8174,
49.859,8141,8175,8177,
49.87,8141,8175,8177,
49.878,8141,8173,8177,
49.888,8141,8175,8177,
49.901,8141,8173,8174,
49.908,8139,8175,8174,
49.918,8139,8175,8177,
49.927,8136,8175,8177,
49.939,8128,8173,8180,
49.949,8133,8175,8177,
49.957,8133,8175,8182,
49.968,8133,8173,8177,
49.977,8131,8173,8180,
49.99,8133,8175,8180,
50,8131,8175,8180,
50.017,8133,8175,8177,
50.018,8131,8173,8177,
50.028,8131,8175,8177,
50.039,8131,8175,8180,
50.048,8128,8175,8180,
50.06,8131,8175,8177,
50.07,8133,8175,8177,
50.079,8133,8173,8180,
50.088,8131,8175,8177,
50.1,8128,8175,8180,
50.111,8128,8175,8180,
50.121,8128,8175,8180,
50.127,8125,8175,8180,
50.139,8122,8175,8185,
50.148,8131,8178,8180,
50.159,8133,8175,8180,
50.169,8139,8173,8177,
50.178,8139,8175,8177,
50.188,8139,8175,8180,
50.199,8139,8173,8177,
50.208,8139,8173,8177,
50.219,8136,8175,8180,
50.227,8136,8173,8180,
50.238,8136,8175,8177,
50.25,8136,8175,8177,
50.258,8136,8173,8177,
50.269,8136,8173,8174,
50.278,8133,8175,8174,
50.29,8133,8175,8177,
50.298,8136,8175,8177,
50.307,8133,8175,8177,
50.32,8133,8175,8177,
50.331,8131,8175,8177,
50.337,8128,8175,8177,
50.35,8133,8175,8174,
50.358,8133,8173,8180,
50.369,8131,8175,8177,
50.38,8128,8175,8177,
50.39,8131,8175,8177,
50.4,8131,8175,8177,
50.409,8131,8173,8177,
50.42,8133,8175,8174,
50.426,8133,8173,8174,
50.437,8133,8175,8177,
50.449,8133,8175,8174,
50.458,8133,8173,8177,
50.468,8133,8175,8177,
50.477,8139,8175,8174,
50.487,8136,8175,8174,
50.499,8136,8175,8174,
50.509,8139,8175,8177,
50.52,8139,8175,8174,
50.527,8139,8173,8177,
50.539,8131,8173,8174,
50.551,8139,8175,8177,
50.557,8139,8175,8180,
50.57,8139,8173,8174,
50.577,8139,8175,8177,
50.588,8136,8173,8174,
50.598,8139,8175,8174,
50.607,8141,8173,8174,
50.618,8144,8175,8177,
50.629,8141,8175,8174,
50.637,8141,8173,8174,
50.647,8141,8175,8177,
50.658,8141,8175,8180,
50.668,8144,8175,8177,
50.677,8147,8175,8180,
50.685,8147,8173,8177,
50.7,8150,8173,8180,
50.706,8152,8175,8180,
50.719,8152,8173,8177,
50.727,8152,8175,8177,
50.738,8147,8173,8180,
50.749,8152,8173,8177,
50.757,8152,8175,8174,
50.769,8152,8173,8177,
50.777,8152,8173,8174,
50.79,8152,8173,8174,
50.797,8152,8173,8174,
50.806,8155,8175,8177,
50.819,8152,8173,8177,
50.83,8155,8173,8174,
50.84,8155,8173,8174,
50.849,8155,8173,8177,
50.857,8155,8173,8174,
50.866,8155,8173,8177,
50.879,8158,8173,8177,
50.888,8158,8173,8174,
50.896,8160,8173,8174,
50.906,8160,8173,8177,
50.917,8160,8173,8177,
50.926,8160,8173,8177,
50.938,8160,8173,8177,
50.946,8163,8173,8177,
50.958,8166,8175,8174,
50.969,8166,8173,8177,
50.981,8168,8173,8174,
50.987,8168,8173,8177,
50.997,8171,8173,8174,
51.006,8171,8173,8174,
51.017,8174,8173,8174,
51.029,8174,8173,8177,
51.037,8174,8175,8174,
51.047,8174,8173,8177,
51.056,8177,8173,8177,
51.068,8177,8173,8180,
51.077,8177,8173,8180,
51.088,8179,8173,8180,
51.097,8179,8173,8177,
51.106,8177,8173,8180,
51.119,8177,8173,8180,
51.127,8177,8175,8180,
51.137,8179,8173,8177,
51.149,8182,8173,8180,
51.159,8182,8170,8180,
51.168,8182,8173,8177,
51.178,8179,8173,8177,
51.187,8179,8173,8180,
51.195,8179,8173,8180,
51.206,8179,8173,8180,
51.216,8182,8173,8177,
51.229,8185,8173,8180,
51.236,8188,8173,8180,
51.248,8188,8173,8177,
51.258,8188,8173,8180,
51.267,8188,8173,8177,
51.276,8188,8173,8177,
51.288,8188,8173,8174,
51.296,8188,8173,8177,
51.307,8188,8173,8174,
51.317,8192,8173,8177,
51.327,8195,8173,8177,
51.337,8203,8173,8174,
51.347,8195,8173,8180,
51.357,8192,8173,8177,
51.367,8192,8173,8174,
51.378,8195,8173,8177,
51.388,8195,8173,8177,
51.396,8195,8173,8177,
51.406,8198,8173,8177,
51.418,8198,8173,8177,
51.426,8200,8173,8177,
51.436,8200,8173,8177,
51.448,8200,8173,8177,
51.459,8200,8173,8177,
51.465,8200,8173,8177,
51.477,8200,8173,8177,
51.487,8203,8173,8177,
51.497,8203,8173,8177,
51.507,8206,8173,8177,
51.517,8208,8175,8177,
51.528,8211,8173,8180,
51.537,8222,8173,8174,
51.546,8214,8173,8177,
51.555,8208,8173,8180,
51.571,8211,8173,8180,
51.579,8211,8173,8180,
51.584,8211,8173,8180,
51.597,8214,8173,8180,
51.606,8217,8173,8180,
51.617,8217,8173,8180,
51.626,8219,8173,8180,
51.638,8219,8173,8180,
51.647,8219,8173,8180,
51.656,8219,8173,8180,
51.666,8219,8173,8180,
51.677,8222,8173,8182,
51.687,8222,8173,8180,
51.698,8222,8173,8180,
51.708,8222,8173,8182,
51.721,8222,8173,8180,
51.727,8225,8173,8180,
51.735,8233,8175,8180,
51.745,8227,8173,8182,
51.757,8219,8175,8185,
51.766,8222,8175,8180,
51.776,8225,8173,8180,
51.785,8225,8173,8180,
51.797,8225,8175,8180,
51.808,8225,8173,8180,
51.817,8225,8173,8180,
51.828,8225,8173,8177,
51.837,8222,8173,8180,
51.846,8222,8175,8177,
51.857,8222,8173,8180,
51.868,8219,8173,8177,
51.878,8222,8173,8177,
51.887,8219,8173,8180,
51.895,8219,8173,8180,
51.907,8219,8173,8180,
51.917,8222,8173,8180,
51.927,8227,8175,8177,
51.936,8233,8175,8180,
51.945,8230,8173,8182,
51.957,8219,8173,8177,
51.967,8219,8175,8177,
51.975,8219,8173,8180,
51.986,8217,8173,8177,
51.996,8219,8173,8180,
52.005,8217,8173,8177,
52.017,8217,8175,8180,
52.027,8219,8173,8180,
52.036,8217,8173,8177,
52.045,8219,8173,8180,
52.055,8219,8173,8177,
52.067,8219,8175,8177,
52.075,8219,8173,8180,
52.086,8219,8173,8180,
52.096,8217,8173,8180,
52.107,8219,8173,8180,
52.117,8219,8173,8182,
52.127,8222,8170,8180,
52.136,8230,8170,8177,
52.145,8222,8173,8177,
52.156,8214,8170,8177,
52.168,8214,8170,8182,
52.175,8214,8173,8182,
52.186,8214,8170,8180,
52.195,8208,8170,8180,
52.209,8211,8170,8180,
52.217,8211,8170,8180,
52.227,8211,8170,8180,
52.237,8211,8173,8180,
52.244,8206,8173,8180,
52.257,8203,8173,8180,
52.268,8200,8173,8180,
52.277,8200,8173,8180,
52.285,8203,8175,8182,
52.296,8203,8173,8180,
52.312,8203,8175,8180,
52.316,8208,8175,8180,
52.328,8211,8173,8177,
52.338,8219,8173,8177,
52.345,8214,8173,8182,
52.356,8203,8175,8182,
52.364,8206,8173,8177,
52.377,8206,8173,8180,
52.386,8203,8173,8182,
52.396,8203,8173,8180,
52.405,8203,8173,8180,
52.416,8200,8173,8180,
52.426,8200,8173,8180,
52.436,8198,8173,8180,
52.446,8195,8173,8180,
52.457,8198,8173,8180,
52.467,8192,8175,8180,
52.473,8192,8175,8180,
52.484,8192,8173,8180,
52.495,8192,8173,8177,
52.507,8192,8173,8180,
52.513,8192,8175,8180,
52.527,8192,8173,8180,
52.537,8195,8175,8180,
52.544,8192,8173,8182,
52.556,8188,8175,8180,
52.567,8188,8175,8177,
52.575,8185,8173,8180,
52.586,8185,8175,8180,
52.596,8185,8173,8174,
52.605,8188,8173,8177,
52.614,8185,8173,8174,
52.625,8185,8173,8177,
52.636,8185,8173,8177,
52.645,8185,8173,8174,
52.656,8182,8175,8177,
52.665,8182,8173,8177,
52.676,8182,8173,8174,
52.683,8182,8173,8174,
52.693,8182,8175,8174,
52.707,8182,8173,8180,
52.716,8182,8173,8177,
52.726,8179,8173,8180,
52.735,8179,8175,8180,
52.745,8179,8173,8182,
52.756,8179,8173,8180,
52.765,8179,8170,8177,
52.777,8179,8173,8177,
52.786,8177,8173,8177,
52.796,8177,8173,8180,
52.808,8174,8173,8177,
52.815,8177,8173,8177,
52.827,8177,8173,8174,
52.836,8177,8173,8174,
52.846,8179,8173,8177,
52.854,8179,8173,8177,
52.864,8182,8173,8177,
52.874,8182,8173,8174,
52.886,8182,8173,8177,
52.896,8182,8173,8177,
52.907,8185,8173,8180,
52.914,8182,8173,8180,
52.927,8185,8173,8180,
52.935,8185,8173,8180,
52.945,8182,8175,8182,
52.954,8179,8173,8180,
52.965,8179,8170,8180,
52.973,8179,8170,8177,
52.984,8179,8170,8180,
52.994,8179,8173,8180,
53.005,8179,8170,8177,
53.016,8179,8170,8177,
53.024,8179,8170,8177,
53.033,8179,8170,8180,
53.046,8179,8170,8177,
53.054,8179,8170,8180,
53.065,8179,8170,8177,
53.075,8179,8175,8180,
53.084,8179,8173,8177,
53.095,8177,8173,8177,
53.104,8179,8173,8177,
53.115,8179,8175,8177,
53.125,8179,8173,8180,
53.134,8179,8173,8180,
53.143,8179,8175,8180,
53.154,8182,8175,8182,
53.164,8182,8173,8177,
53.176,8182,8173,8177,
53.187,8182,8173,8177,
53.192,8179,8173,8177,
53.205,8177,8173,8177,
53.214,8177,8173,8177,
53.225,8177,8175,8177,
53.235,8177,8175,8180,
53.243,8177,8173,8180,
53.254,8177,8173,8180,
53.264,8179,8173,8180,
53.275,8177,8173,8180,
53.285,8177,8173,8177,
53.294,8177,8173,8177,
53.304,8179,8173,8177,
53.315,8179,8173,8180,
53.324,8177,8173,8177,
53.336,8177,8173,8174,
53.346,8177,8173,8177,
53.356,8174,8173,8174,
53.365,8174,8173,8177,
53.392,8174,8173,8180,
53.393,8177,8175,8177,
53.393,8177,8173,8180,
53.406,8179,8173,8180,
53.415,8179,8173,8180,
53.424,8179,8173,8177,
53.434,8179,8173,8177,
53.444,8179,8173,8180,
53.455,8179,8173,8177,
53.463,8179,8173,8177,
53.475,8179,8173,8177,
53.486,8179,8175,8177,
53.493,8179,8173,8177,
53.504,8179,8173,8177,
53.514,8177,8173,8180,
53.523,8177,8173,8177,
53.534,8179,8173,8174,
53.543,8177,8173,8174,
53.554,8177,8173,8180,
53.563,8177,8170,8180,
53.574,8177,8173,8174,
53.585,8177,8173,8174,
53.594,8177,8173,8177,
53.604,8177,8173,8174,
53.615,8177,8175,8174,
53.625,8174,8173,8177,
53.635,8177,8173,8177,
53.644,8177,8173,8180,
53.653,8177,8173,8177,
53.665,8177,8173,8180,
53.673,8177,8173,8177,
53.684,8179,8173,8180,
53.696,8177,8173,8177,
53.705,8177,8173,8177,
53.713,8177,8173,8180,
53.724,8177,8175,8177,
53.733,8179,8173,8180,
53.744,8177,8175,8180,
53.756,8177,8173,8172,
53.765,8174,8175,8177,
53.776,8177,8173,8174,
53.785,8177,8173,8177,
53.796,8177,8173,8174,
53.804,8177,8173,8177,
53.815,8174,8173,8174,
53.825,8177,8173,8174,
53.833,8177,8173,8177,
53.844,8177,8173,8180,
53.853,8179,8173,8180,
53.863,8179,8173,8177,
53.877,8179,8173,8177,
53.884,8177,8173,8177,
53.893,8177,8173,8177,
53.903,8174,8173,8177,
53.914,8174,8173,8177,
53.923,8171,8175,8180,
53.932,8174,8173,8177,
53.943,8177,8173,8182,
53.955,8177,8173,8180,
53.963,8177,8173,8177,
53.975,8177,8173,8177,
53.982,8177,8173,8174,
53.995,8177,8173,8177,
54.005,8174,8173,8174,
54.015,8174,8173,8177,
54.023,8174,8173,8174,
54.034,8174,8173,8174,
54.043,8174,8173,8177,
54.053,8171,8175,8174,
54.063,8171,8173,8174,
54.074,8171,8173,8174,
54.082,8168,8173,8177,
54.095,8163,8175,8177,
54.102,8168,8173,8174,
54.113,8168,8173,8177,
54.122,8168,8173,8174,
54.133,8166,8170,8180,
54.141,8168,8173,8180,
54.153,8168,8173,8177,
54.161,8168,8173,8180,
54.175,8166,8173,8180,
54.181,8168,8173,8177,
54.193,8166,8173,8180,
54.203,8168,8173,8177,
54.212,8166,8175,8177,
54.223,8166,8173,8177,
54.232,8166,8173,8177,
54.243,8166,8173,8177,
54.254,8166,8175,8177,
54.262,8166,8173,8174,
54.272,8166,8173,8177,
54.283,8163,8173,8174,
54.294,8163,8175,8174,
54.303,8160,8173,8174,
54.316,8160,8173,8174,
54.323,8158,8173,8177,
54.335,8152,8173,8174,
54.345,8155,8175,8174,
54.352,8152,8175,8180,
54.362,8152,8175,8180,
54.373,8147,8175,8174,
54.384,8147,8175,8174,
54.392,8150,8173,8177,
54.404,8152,8173,8174,
54.413,8150,8175,8177,
54.423,8147,8173,8177,
54.433,8144,8175,8174,
54.442,8141,8175,8174,
54.453,8139,8175,8174,
54.461,8139,8173,8177,
54.471,8139,8175,8177,
54.484,8139,8173,8177,
54.493,8141,8173,8177,
54.504,8141,8175,8177,
54.513,8141,8173,8177,
54.523,8141,8175,8174,
54.533,8136,8173,8174,
54.545,8141,8175,8177,
54.555,8141,8175,8174,
54.563,8139,8175,8174,
54.572,8141,8175,8177,
54.582,8139,8175,8174,
54.595,8139,8173,8174,
54.604,8133,8175,8177,
54.613,8133,8173,8177,
54.622,8133,8175,8177,
54.636,8133,8175,8174,
54.642,8133,8173,8174,
54.653,8133,8173,8174,
54.662,8133,8173,8177,
54.673,8133,8173,8174,
54.683,8136,8173,8177,
54.691,8136,8173,8174,
54.703,8136,8170,8177,
54.712,8133,8173,8177,
54.724,8131,8173,8174,
54.734,8125,8173,8177,
54.743,8133,8173,8174,
54.754,8131,8175,8177,
54.762,8133,8175,8180,
54.77,8133,8175,8177,
54.783,8133,8175,8180,
54.793,8131,8175,8180,
54.803,8131,8175,8177,
54.812,8131,8175,8180,
54.824,8128,8175,8180,
54.833,8125,8173,8177,
54.843,8125,8175,8180,
54.852,8125,8175,8174,
54.863,8128,8173,8174,
54.871,8125,8175,8174,
54.884,8128,8175,8174,
54.892,8125,8175,8177,
54.903,8125,8175,8174,
54.911,8125,8175,8177,
54.923,8125,8175,8174,
54.932,8117,8178,8177,
54.941,8128,8175,8180,
54.951,8128,8175,8182,
54.963,8125,8178,8180,
54.972,8125,8175,8177,
54.981,8125,8175,8177,
54.993,8125,8175,8177,
55.002,8125,8175,8177,
55.011,8128,8173,8180,
55.024,8128,8173,8177,
55.031,8128,8175,8180,
55.042,8131,8175,8180,
55.053,8131,8175,8180,
55.065,8128,8175,8180,
55.071,8131,8175,8177,
55.081,8128,8175,8177,
55.091,8131,8175,8180,
55.101,8131,8175,8177,
55.112,8131,8175,8177,
55.124,8128,8175,8177,
55.132,8120,8175,8180,
55.143,8131,8175,8182,
55.154,8128,8175,8180,
55.162,8128,8178,8180,
55.173,8131,8175,8177,
55.182,8131,8175,8177,
55.191,8131,8175,8177,
55.2,8131,8175,8180,
55.212,8131,8175,8177,
55.223,8128,8175,8180,
55.234,8128,8175,8177,
55.24,8128,8175,8180,
55.254,8128,8175,8180,
55.26,8128,8175,8174,
55.273,8128,8175,8177,
55.283,8128,8175,8177,
55.292,8131,8175,8177,
55.303,8131,8175,8174,
55.31,8131,8175,8174,
55.324,8128,8175,8174,
55.332,8122,8173,8177,
55.341,8131,8178,8177,
55.354,8131,8175,8174,
55.362,8133,8175,8177,
55.371,8133,8175,8174,
55.382,8131,8175,8177,
55.391,8133,8175,8174,
55.404,8136,8175,8174,
55.412,8136,8175,8177,
55.421,8133,8175,8174,
55.432,8133,8175,8177,
55.441,8133,8175,8174,
55.453,8139,8175,8174,
55.46,8139,8175,8177,
55.473,8141,8173,8180,
55.484,8141,8175,8177,
55.492,8141,8175,8177,
55.5,8141,8175,8177,
55.512,8141,8175,8180,
55.522,8139,8175,8177,
55.532,8139,8175,8177,
55.543,8144,8173,8177,
55.55,8147,8173,8174,
55.563,8147,8173,8180,
55.572,8150,8173,8177,
55.58,8150,8175,8180,
55.593,8150,8175,8180,
55.601,8150,8173,8180,
55.613,8150,8175,8180,
55.621,8150,8173,8177,
55.631,8150,8175,8177,
55.642,8150,8175,8177,
55.651,8152,8173,8177,
55.662,8152,8175,8180,
55.671,8150,8175,8174,
55.682,8152,8175,8177,
55.691,8152,8175,8174,
55.702,8155,8173,8174,
55.711,8158,8175,8177,
55.722,8155,8173,8177,
55.73,8150,8175,8174,
55.741,8155,8175,8174,
55.75,8155,8175,8177,
55.76,8155,8175,8174,
55.771,8155,8173,8177,
55.78,8158,8173,8177,
55.791,8158,8175,8177,
55.801,8158,8173,8174,
55.814,8155,8173,8177,
55.822,8158,8173,8174,
55.833,8158,8175,8174,
55.84,8158,8173,8177,
55.852,8158,8175,8174,
55.861,8158,8173,8177,
55.872,8160,8173,8174,
55.879,8160,8173,8177,
55.891,8163,8173,8180,
55.902,8163,8175,8177,
55.912,8166,8173,8180,
55.923,8168,8175,8180,
55.931,8166,8181,8177,
55.939,8166,8173,8177,
55.951,8166,8173,8180,
55.96,8168,8173,8182,
55.971,8168,8173,8180,
55.982,8174,8173,8177,
55.991,8174,8173,8180,
56,8174,8173,8180,
56.01,8174,8173,8177,
56.021,8174,8173,8177,
56.033,8174,8173,8180,
56.039,8174,8173,8180,
56.05,8174,8173,8180,
56.061,8174,8173,8177,
56.071,8177,8173,8180,
56.082,8177,8173,8177,
56.091,8177,8173,8177,
56.102,8177,8173,8174,
56.11,8177,8173,8177,
56.119,8179,8173,8177,
56.13,8182,8173,8174,
56.142,8182,8173,8174,
56.15,8182,8173,8177,
56.162,8182,8173,8174,
56.17,8185,8173,8177,
56.182,8185,8173,8177,
56.192,8185,8173,8177,
56.201,8188,8173,8177,
56.211,8188,8173,8177,
56.222,8188,8173,8174,
56.228,8185,8173,8177,
56.242,8185,8173,8174,
56.25,8182,8173,8174,
56.26,8185,8175,8177,
56.27,8182,8173,8177,
56.283,8182,8173,8177,
56.293,8185,8173,8174,
56.301,8185,8173,8177,
56.31,8185,8175,8177,
56.321,8185,8173,8177,
56.329,8198,8173,8177,
56.34,8192,8175,8177,
56.35,8188,8173,8180,
56.359,8188,8173,8177,
56.37,8188,8173,8177,
56.38,8188,8173,8177,
56.391,8188,8173,8180,
56.4,8188,8175,8180,
56.411,8188,8173,8180,
56.421,8188,8173,8177,
56.43,8185,8173,8180,
56.439,8182,8173,8180,
56.45,8179,8173,8180,
56.461,8179,8173,8177,
56.472,8182,8173,8180,
56.48,8182,8173,8177,
56.491,8185,8175,8180,
56.499,8185,8173,8180,
56.512,8182,8173,8177,
56.518,8182,8173,8180,
56.531,8188,8173,8177,
56.541,8188,8173,8174,
56.549,8185,8175,8177,
56.561,8188,8175,8180,
56.569,8188,8175,8180,
56.579,8192,8173,8180,
56.592,8192,8173,8180,
56.602,8192,8173,8177,
56.611,8192,8173,8177,
56.621,8192,8173,8177,
56.631,8192,8173,8177,
56.64,8192,8173,8174,
56.65,8195,8175,8177,
56.66,8195,8173,8174,
56.67,8198,8173,8177,
56.678,8198,8173,8177,
56.69,8198,8173,8177,
56.7,8200,8173,8180,
56.711,8200,8173,8180,
56.721,8206,8173,8180,
56.73,8211,8173,8177,
56.74,8206,8173,8182,
56.749,8203,8175,8177,
56.761,8203,8175,8180,
56.77,8203,8173,8180,
56.778,8206,8173,8180,
56.79,8206,8173,8180,
56.8,8208,8173,8177,
56.811,8208,8173,8180,
56.818,8211,8173,8177,
56.829,8211,8173,8177,
56.838,8214,8173,8177,
56.851,8211,8175,8177,
56.859,8211,8173,8177,
56.869,8211,8175,8177,
56.881,8211,8173,8180,
56.891,8211,8173,8177,
56.9,8211,8173,8180,
56.911,8211,8173,8182,
56.92,8217,8173,8182,
56.93,8227,8175,8177,
56.94,8225,8173,8177,
56.949,8217,8173,8180,
56.96,8214,8175,8180,
56.97,8214,8173,8180,
56.981,8217,8173,8180,
56.99,8217,8173,8182,
57,8219,8173,8182,
57.01,8219,8173,8177,
57.019,8219,8173,8177,
57.029,8219,8173,8180,
57.04,8219,8173,8177,
57.049,8217,8173,8180,
57.06,8219,8173,8180,
57.071,8219,8173,8177,
57.08,8222,8173,8180,
57.092,8222,8173,8180,
57.101,8222,8173,8177,
57.11,8225,8175,8180,
57.12,8230,8173,8177,
57.13,8244,8173,8180,
57.139,8233,8175,8180,
57.151,8227,8175,8180,
57.16,8225,8173,8180,
57.169,8225,8173,8177,
57.179,8225,8173,8180,
57.189,8225,8173,8180,
57.199,8222,8173,8180,
57.209,8225,8173,8180,
57.217,8225,8173,8182,
57.23,8225,8173,8180,
57.242,8225,8173,8177,
57.248,8225,8173,8180,
57.258,8225,8173,8180,
57.269,8227,8173,8180,
57.278,8227,8173,8180,
57.292,8227,8173,8180,
57.299,8227,8173,8180,
57.308,8227,8173,8180,
57.318,8233,8173,8177,
57.327,8246,8173,8177,
57.339,8233,8175,8182,
57.347,8227,8175,8177,
57.359,8227,8173,8182,
57.368,8225,8173,8180,
57.38,8227,8173,8177,
57.388,8227,8173,8180,
57.399,8225,8173,8180,
57.41,8225,8173,8180,
57.417,8225,8173,8182,
57.428,8222,8173,8182,
57.438,8225,8173,8182,
57.449,8222,8173,8182,
57.458,8222,8175,8182,
57.469,8222,8173,8182,
57.478,8222,8175,8182,
57.49,8222,8173,8182,
57.501,8222,8173,8182,
57.509,8222,8173,8182,
57.52,8225,8173,8180,
57.529,8238,8175,8177,
57.539,8233,8173,8180,
57.55,8225,8175,8182,
57.559,8222,8178,8180,
57.569,8219,8175,8180,
57.579,8217,8173,8177,
57.587,8217,8173,8180,
57.6,8214,8173,8177,
57.607,8217,8173,8177,
57.62,8217,8175,8177,
57.629,8219,8173,8177,
57.64,8219,8173,8180,
57.649,8222,8173,8180,
57.66,8219,8173,8177,
57.666,8219,8173,8180,
57.678,8219,8173,8180,
57.688,8222,8175,8177,
57.699,8222,8173,8180,
57.708,8222,8173,8180,
57.718,8227,8173,8180,
57.727,8233,8170,8177,
57.739,8222,8175,8182,
57.748,8217,8173,8177,
57.759,8217,8175,8177,
57.768,8217,8173,8177,
57.777,8214,8173,8180,
57.789,8211,8173,8177,
57.798,8211,8173,8180,
57.807,8211,8173,8180,
57.818,8211,8173,8177,
57.828,8208,8173,8177,
57.838,8208,8173,8177,
57.847,8208,8175,8177,
57.861,8206,8173,8177,
57.867,8206,8173,8177,
57.879,8208,8173,8177,
57.887,8211,8173,8177,
57.899,8208,8173,8177,
57.907,8203,8173,8177,
57.92,8200,8175,8177,
57.928,8195,8175,8177,
57.937,8182,8173,8174,
57.948,8177,8175,8174,
57.958,8179,8170,8174,
57.967,8179,8173,8174,
57.977,8179,8173,8177,
57.99,8177,8173,8174,
57.998,8174,8175,8174,
58.011,8177,8173,8174,
58.017,8177,8173,8177,
58.029,8177,8173,8174,
58.039,8177,8173,8177,
58.049,8177,8173,8174,
58.057,8177,8173,8174,
58.069,8177,8173,8177,
58.077,8177,8173,8174,
58.088,8177,8173,8174,
58.097,8177,8173,8174,
58.109,8174,8173,8177,
58.119,8177,8173,8177,
58.129,8174,8175,8177,
58.136,8177,8173,8177,
58.148,8177,8173,8177,
58.158,8177,8173,8180,
58.168,8177,8173,8174,
58.179,8177,8173,8177,
58.187,8177,8173,8177,
58.198,8177,8173,8177,
58.207,8177,8170,8174,
58.219,8174,8170,8177,
58.229,8177,8170,8177,
58.236,8177,8170,8177,
58.249,8174,8170,8174,
58.26,8174,8173,8177,
58.267,8177,8170,8177,
58.278,8177,8170,8177,
58.289,8177,8170,8177,
58.298,8177,8170,8174,
58.308,8174,8170,8174,
58.319,8177,8173,8174,
58.326,8177,8173,8174,
58.339,8174,8175,8174,
58.35,8177,8175,8174,
58.358,8177,8173,8177,
58.369,8177,8173,8174,
58.377,8177,8173,8177,
58.386,8177,8173,8174,
58.398,8177,8173,8174,
58.406,8177,8173,8174,
58.418,8177,8173,8174,
58.429,8177,8173,8174,
58.437,8174,8173,8177,
58.448,8177,8173,8180,
58.457,8177,8175,8177,
58.469,8174,8173,8177,
58.48,8177,8173,8180,
58.489,8177,8173,8177,
58.499,8177,8173,8177,
58.508,8174,8173,8180,
58.517,8174,8173,8180,
-1.489,0,0,0,
-1.489,0,0,0,
-1.489,0,0,0,
-1.489,0,0,0,
-1.489,0,0,0,
-1.489,0,0,0,
-1.489,0,0,0,
-1.489,0,0,0,
-1.489,0,0,0,
-1.489,0,0,0,
-1.489,0,0,0,
-1.489,0,0,0,
-1.489,0,0,0,
-1.489,0,0,0,
-1.489,0,0,0,
-1.489,0,0,0,
-1.489,0,0,0,
-1.489,0,0,0,
-1.489,0,0,0,
-1.489,0,0,0,
-1.489,0,0,0,
-1.489,0,0,0,
-1.489,0,0,0,
-1.489,0,0,0,
-1.489,0,0,0,
-1.489,0,0,0,
-1.489,0,0,0,
-1.489,0,0,0,
-1.489,0,0,0,
-1.489,0,0,0,
-1.489,0,0,0,
-1.489,0,0,0,
-1.489,0,0,0,
-1.489,0,0,0,
-1.489,0,0,0,
-1.489,0,0,0,
-1.489,0,0,0,
-1.489,0,0,0,
-1.489,0,0,0,
-1.489,0,0,0,
-1.489,0,0,0,
-1.489,0,0,0,
-1.489,0,0,0,
-1.489,0,0,0,
-1.489,0,0,0,
-1.489,0,0,0,
-1.489,0,0,0,
-1.489,0,0,0,
-1.489,0,0,0,
-1.489,0,0,0,
-1.489,0,0,0,
-1.489,0,0,0,
-1.489,0,0,0,
-1.489,0,0,0,
-1.489,0,0,0,
-1.489,0,0,0,
-1.489,0,0,0,
-1.489,0,0,0,
-1.489,0,0,0,
-1.489,0,0,0,
-1.489,0,0,0,
-1.489,0,0,0,
-1.489,0,0,0,
-1.489,0,0,0,
-1.489,0,0,0,
-1.489,0,0,0,
-1.489,0,0,0,
-1.489,0,0,0,
-1.489,0,0,0,
-1.489,0,0,0,
-1.489,0,0,0,
-1.489,0,0,0,
-1.489,0,0,0,
-1.489,0,0,0,
-1.489,0,0,0,
-1.489,0,0,0,
-1.489,0,0,0,
-1.489,0,0,0,
-1.489,0,0,0,
-1.489,0,0,0,
-1.489,0,0,0,
-1.489,0,0,0,
-1.489,0,0,0,
-1.489,0,0,0,
-1.489,0,0,0,
-1.489,0,0,0,
-1.489,0,0,0,
-1.489,0,0,0,
-1.489,0,0,0,
-1.489,0,0,0,
-1.489,0,0,0,
-1.489,0,0,0,
-1.489,0,0,0,
-1.489,0,0,0,
-1.489,0,0,0,
-1.489,0,0,0,
-1.489,0,0,0,
-1.489,0,0,0,
-1.489,0,0,0,
-1.489,0,0,0,
-1.489,0,0,0,
-1.489,0,0,0,
-1.489,0,0,0,
-1.489,0,0,0,
-1.489,0,0,0,
-1.489,0,0,0,
-1.489,0,0,0,
-1.489,0,0,0,
-1.489,0,0,0,
-1.489,0,0,0,
-1.489,0,0,0,
-1.489,0,0,0,
-1.489,0,0,0,
-1.489,0,0,0,
-1.489,0,0,0,
-1.489,0,0,0,
-1.489,0,0,0,
-1.489,0,0,0,
-1.489,0,0,0,
-1.489,0,0,0,
-1.489,0,0,0,
-1.489,0,0,0,
-1.489,0,0,0,
-1.489,0,0,0,
-1.489,0,0,0,
-1.489,0,0,0,
-1.489,0,0,0,
-1.489,0,0,0,
-1.489,0,0,0,
-1.489,0,0,0,
-1.489,0,0,0,
-1.489,0,0,0,
-1.489,0,0,0,
-1.489,0,0,0,
-1.489,0,0,0,
-1.489,0,0,0,
-1.489,0,0,0,
-1.489,0,0,0,
