Time [s],Gauge Pressure,Inspiratory Differential Pressure ,Expiratory Differential Pressure ,StartTime
0,7851,8204,8516,11:27:42
0,7865,8206,8487,
0,7895,8206,8459,
0.0320000000000036,7934,8209,8426,
0.0420000000000016,7956,8206,8403,
0.0459999999999994,7964,8193,8398,
0.0470000000000041,7964,8199,8393,
0.0470000000000041,7972,8201,8385,
0.0549999999999997,7980,8201,8382,
0.0670000000000002,7980,8199,8375,
0.0769999999999982,7986,8201,8370,
0.0859999999999985,7988,8201,8365,
0.0940000000000012,7998,8199,8357,
0.109000000000002,8000,8201,8355,
0.117000000000004,8003,8196,8352,
0.127000000000002,8007,8199,8347,
0.134,8015,8199,8342,
0.148000000000003,8031,8196,8339,
0.157000000000004,8023,8196,8334,
0.167000000000002,8015,8188,8324,
0.176000000000002,8020,8186,8321,
0.186,8007,8181,8339,
0.195,7980,8181,8357,
0.204000000000001,8023,8186,8316,
0.213999999999999,8039,8183,8305,
0.225999999999999,8055,8183,8292,
0.234000000000002,8061,8186,8282,
0.247,8069,8183,8277,
0.255000000000003,8083,8183,8266,
0.264000000000003,8094,8183,8254,
0.276000000000003,8109,8181,8243,
0.285000000000004,8125,8181,8228,
0.294000000000004,8139,8178,8216,
0.307000000000002,8152,8175,8203,
0.317,8166,8173,8190,
0.326000000000001,8179,8173,8177,
0.335999999999999,8182,8173,8174,
0.347000000000001,8195,8175,8167,
0.356000000000002,8211,8175,8142,
0.367000000000004,8233,8175,8129,
0.377000000000002,8244,8175,8118,
0.387,8271,8175,8098,
0.396000000000001,8304,8175,8047,
0.405000000000001,8293,8173,8068,
0.414000000000001,8288,8175,8073,
0.427,8299,8175,8060,
0.434000000000005,8307,8175,8055,
0.445,8312,8173,8050,
0.457000000000001,8320,8173,8045,
0.466000000000001,8323,8175,8042,
0.475999999999999,8326,8175,8034,
0.484000000000002,8331,8175,8034,
0.5,8331,8175,8029,
0.506,8337,8173,8024,
0.517000000000003,8337,8175,8027,
0.524000000000001,8339,8173,8024,
0.533999999999999,8342,8175,8024,
0.548000000000002,8342,8173,8024,
0.556000000000004,8345,8173,8018,
0.566000000000003,8342,8178,8015,
0.575000000000003,8350,8175,8013,
0.584000000000003,8382,8175,7989,
0.594999999999999,8423,8173,7936,
0.603999999999999,8398,8178,7960,
0.615000000000002,8356,8178,8013,
0.623000000000005,8350,8175,8018,
0.635000000000005,8353,8175,8010,
0.645000000000003,8350,8175,8015,
0.654000000000003,8353,8173,8013,
0.664999999999999,8353,8175,8015,
0.676000000000002,8353,8175,8015,
0.685000000000002,8353,8175,8010,
0.696000000000005,8353,8173,8010,
0.704999999999998,8358,8173,8004,
0.716000000000001,8364,8175,7999,
0.725000000000001,8366,8175,7996,
0.737000000000002,8372,8173,7994,
0.744,8379,8173,7989,
0.757000000000005,8382,8175,7981,
0.764000000000003,8387,8178,7978,
0.773000000000003,8390,8175,7978,
0.785000000000004,8414,8175,7953,
0.795000000000002,8481,8178,7879,
0.805,8436,8175,7936,
0.814,8412,8173,7965,
0.824000000000005,8409,8173,7965,
0.835000000000001,8409,8175,7963,
0.846000000000004,8409,8173,7965,
0.856999999999999,8412,8175,7963,
0.863,8414,8178,7958,
0.874000000000002,8414,8175,7963,
0.884,8412,8175,7963,
0.895000000000003,8409,8175,7963,
0.902999999999999,8414,8175,7958,
0.914999999999999,8414,8178,7960,
0.926000000000002,8414,8178,7960,
0.934000000000005,8412,8175,7960,
0.944000000000003,8414,8175,7960,
0.956000000000003,8412,8175,7963,
0.965000000000003,8412,8178,7963,
0.974000000000004,8414,8178,7965,
0.988,8439,8178,7936,
0.993000000000002,8498,8178,7860,
1.004,8447,8173,7922,
1.015,8412,8178,7960,
1.023,8406,8178,7963,
1.034,8406,8178,7968,
1.045,8404,8178,7965,
1.054,8401,8178,7971,
1.065,8401,8173,7971,
1.07400000000001,8401,8178,7973,
1.085,8396,8175,7976,
1.093,8401,8173,7971,
1.104,8396,8175,7976,
1.115,8396,8173,7978,
1.125,8393,8173,7976,
1.134,8393,8173,7978,
1.145,8385,8173,7986,
1.155,8385,8173,7989,
1.165,8379,8178,7991,
1.175,8382,8175,7994,
1.183,8412,8181,7955,
1.19600000000001,8468,8178,7886,
1.204,8417,8178,7946,
1.216,8372,8181,7994,
1.224,8366,8178,7996,
1.235,8369,8178,7994,
1.246,8366,8178,7996,
1.254,8364,8178,8001,
1.264,8361,8175,8001,
1.274,8361,8175,8010,
1.286,8358,8175,8004,
1.292,8356,8173,8008,
1.305,8353,8175,8015,
1.313,8353,8175,8010,
1.325,8347,8175,8013,
1.334,8345,8173,8018,
1.345,8347,8175,8021,
1.354,8345,8173,8021,
1.366,8345,8175,8018,
1.373,8345,8173,8021,
1.38500000000001,8356,8175,8010,
1.395,8409,8175,7944,
1.404,8393,8178,7978,
1.412,8347,8173,8027,
1.423,8334,8175,8034,
1.435,8331,8175,8034,
1.443,8331,8175,8034,
1.454,8329,8175,8039,
1.462,8326,8175,8042,
1.475,8326,8175,8042,
1.483,8320,8175,8042,
1.496,8320,8173,8045,
1.503,8315,8175,8050,
1.514,8315,8175,8050,
1.523,8312,8175,8052,
1.535,8310,8175,8052,
1.543,8304,8173,8052,
1.553,8301,8175,8057,
1.565,8299,8175,8060,
1.575,8301,8175,8057,
1.584,8320,8178,8042,
1.594,8356,8178,7994,
1.605,8318,8178,8047,
1.614,8293,8175,8065,
1.623,8293,8178,8068,
1.634,8293,8178,8070,
1.643,8291,8178,8070,
1.655,8288,8178,8073,
1.664,8285,8175,8075,
1.671,8283,8178,8078,
1.682,8283,8178,8078,
1.695,8283,8175,8078,
1.705,8283,8175,8078,
1.712,8283,8175,8078,
1.724,8283,8175,8080,
1.735,8279,8175,8080,
1.745,8276,8175,8083,
1.753,8273,8175,8087,
1.762,8276,8173,8087,
1.774,8273,8175,8087,
1.784,8283,8173,8075,
1.795,8307,8175,8047,
1.803,8283,8178,8075,
1.814,8265,8178,8098,
1.823,8263,8175,8100,
1.832,8260,8175,8100,
1.843,8257,8178,8103,
1.853,8254,8175,8106,
1.865,8252,8175,8106,
1.876,8249,8175,8108,
1.88200000000001,8246,8178,8111,
1.891,8246,8175,8111,
1.904,8246,8173,8113,
1.915,8244,8175,8113,
1.926,8244,8173,8116,
1.933,8244,8175,8116,
1.944,8244,8173,8118,
1.956,8241,8173,8121,
1.965,8238,8173,8121,
1.973,8235,8175,8124,
1.982,8238,8175,8121,
1.995,8254,8173,8100,
2.004,8244,8175,8121,
2.01300000000001,8230,8175,8126,
2.023,8230,8175,8129,
2.033,8227,8175,8131,
2.043,8227,8173,8131,
2.051,8225,8175,8131,
2.062,8225,8175,8134,
2.072,8225,8175,8134,
2.082,8225,8175,8134,
2.095,8222,8175,8136,
2.103,8222,8175,8136,
2.115,8222,8175,8136,
2.124,8219,8175,8139,
2.133,8219,8175,8139,
2.141,8214,8175,8142,
2.154,8211,8175,8144,
2.162,8211,8175,8144,
2.174,8211,8175,8147,
2.184,8214,8175,8142,
2.193,8222,8175,8129,
2.205,8211,8175,8147,
2.214,8206,8175,8157,
2.224,8203,8175,8152,
2.235,8203,8175,8154,
2.241,8200,8175,8154,
2.253,8198,8175,8157,
2.26300000000001,8198,8173,8157,
2.274,8195,8173,8161,
2.283,8195,8175,8161,
2.294,8192,8175,8163,
2.303,8192,8175,8161,
2.311,8188,8175,8163,
2.322,8185,8175,8167,
2.335,8182,8175,8169,
2.342,8179,8175,8172,
2.354,8177,8173,8174,
2.362,8174,8173,8180,
2.371,8171,8175,8182,
2.383,8163,8175,8190,
2.394,8147,8183,8205,
2.403,8150,8181,8208,
2.412,8144,8178,8213,
2.423,8136,8178,8223,
2.432,8131,8178,8228,
2.443,8122,8178,8235,
2.453,8109,8181,8241,
2.463,8103,8178,8248,
2.472,8094,8181,8256,
2.48,8088,8181,8261,
2.494,8080,8183,8269,
2.503,8074,8181,8274,
2.515,8069,8181,8279,
2.52,8061,8183,8287,
2.532,8050,8183,8295,
2.543,8042,8188,8302,
2.554,8037,8183,8311,
2.565,8026,8191,8319,
2.57100000000001,8015,8188,8326,
2.582,7991,8186,8347,
2.593,7945,8188,8395,
2.604,7967,8193,8382,
2.61,7978,8196,8362,
2.621,7980,8191,8362,
2.633,7980,8191,8370,
2.643,7975,8191,8373,
2.652,7972,8193,8375,
2.662,7961,8201,8382,
2.674,7961,8199,8385,
2.684,7951,8191,8393,
2.693,7945,8196,8395,
2.703,7951,8196,8395,
2.712,7937,8201,8398,
2.722,7926,8193,8400,
2.734,7926,8201,8403,
2.743,7918,8201,8406,
2.753,7929,8199,8408,
2.762,7921,8196,8416,
2.774,7918,8204,8416,
2.782,7881,8196,8447,
2.793,7827,8191,8500,
2.804,7884,8209,8449,
2.812,7898,8199,8442,
2.823,7898,8206,8431,
2.831,7898,8212,8429,
2.841,7895,8196,8434,
2.854,7893,8196,8431,
2.863,7898,8193,8429,
2.872,7895,8201,8439,
2.88200000000001,7886,8199,8439,
2.892,7893,8204,8442,
2.904,7886,8204,8444,
2.912,7886,8217,8449,
2.921,7886,8206,8444,
2.931,7875,8206,8449,
2.943,7875,8201,8449,
2.952,7873,8214,8456,
2.963,7867,8204,8449,
2.974,7875,8209,8449,
2.982,7832,8199,8487,
2.993,7776,8199,8554,
3.002,7843,8214,8492,
3.012,7854,8204,8464,
3.023,7867,8209,8462,
3.035,7873,8212,8449,
3.042,7884,8206,8444,
3.053,7875,8204,8454,
3.062,7878,8209,8447,
3.07400000000001,7881,8206,8444,
3.081,7895,8206,8442,
3.091,7901,8201,8439,
3.104,7889,8206,8439,
3.11,7895,8206,8434,
3.123,7901,8206,8426,
3.131,7893,8209,8429,
3.143,7918,8204,8424,
3.153,7906,8201,8424,
3.162,7906,8204,8424,
3.171,7904,8201,8431,
3.182,7835,8193,8487,
3.192,7801,8191,8516,
3.203,7862,8206,8482,
3.211,7895,8209,8436,
3.221,7912,8206,8418,
3.231,7909,8199,8418,
3.246,7909,8204,8418,
3.25,7918,8209,8416,
3.26300000000001,7912,8199,8413,
3.273,7923,8201,8411,
3.282,7926,8206,8408,
3.289,7921,8204,8406,
3.302,7929,8204,8403,
3.311,7934,8196,8400,
3.32100000000001,7934,8201,8400,
3.333,7934,8196,8403,
3.343,7951,8199,8398,
3.351,7940,8191,8393,
3.364,7948,8193,8393,
3.373,7948,8196,8390,
3.383,7929,8196,8413,
3.392,7867,8193,8469,
3.402,7901,8196,8444,
3.414,7951,8199,8403,
3.423,7959,8196,8382,
3.433,7956,8204,8378,
3.443,7961,8199,8373,
3.452,7964,8191,8373,
3.461,7975,8196,8365,
3.473,7972,8196,8365,
3.484,7978,8191,8360,
3.491,7983,8199,8357,
3.501,7983,8193,8352,
3.509,7988,8196,8352,
3.521,7988,8191,8347,
3.529,7998,8196,8344,
3.543,8000,8193,8342,
3.549,7998,8191,8339,
3.561,8003,8191,8339,
3.572,8000,8191,8337,
3.582,7961,8183,8375,
3.591,7951,8193,8395,
3.602,7995,8193,8352,
3.611,8000,8188,8337,
3.621,8015,8186,8324,
3.631,8020,8188,8326,
3.639,8023,8191,8316,
3.653,8023,8191,8316,
3.659,8034,8188,8311,
3.671,8039,8188,8305,
3.682,8042,8188,8300,
3.691,8050,8186,8292,
3.701,8058,8186,8287,
3.715,8066,8183,8279,
3.718,8074,8186,8272,
3.732,8083,8181,8264,
3.742,8092,8183,8259,
3.752,8101,8181,8248,
3.76000000000001,8109,8181,8243,
3.772,8114,8181,8241,
3.782,8109,8178,8243,
3.79,8112,8175,8248,
3.802,8128,8181,8226,
3.811,8139,8181,8221,
3.82,8144,8181,8210,
3.832,8150,8178,8208,
3.842,8158,8175,8198,
3.849,8160,8175,8192,
3.863,8163,8175,8187,
3.869,8171,8173,8185,
3.883,8174,8175,8182,
3.892,8177,8175,8177,
3.9,8179,8173,8174,
3.911,8179,8175,8172,
3.92,8179,8175,8172,
3.93,8179,8175,8174,
3.942,8179,8173,8174,
3.94900000000001,8185,8173,8169,
3.96,8188,8175,8167,
3.971,8188,8175,8167,
3.981,8192,8175,8163,
3.989,8203,8175,8152,
4.001,8200,8175,8154,
4.011,8198,8175,8157,
4.02,8206,8175,8152,
4.029,8211,8175,8149,
4.041,8217,8175,8147,
4.05,8219,8175,8136,
4.059,8227,8175,8134,
4.07,8233,8175,8126,
4.081,8244,8175,8118,
4.09,8252,8178,8108,
4.101,8263,8175,8100,
4.112,8273,8175,8093,
4.12,8283,8175,8078,
4.129,8285,8175,8068,
4.144,8296,8175,8060,
4.151,8301,8175,8055,
4.159,8312,8175,8047,
4.169,8320,8175,8039,
4.183,8350,8175,8001,
4.19,8396,8178,7958,
4.19900000000001,8356,8178,8001,
4.212,8337,8178,8021,
4.221,8342,8175,8024,
4.232,8347,8175,8021,
4.241,8347,8175,8018,
4.25,8353,8175,8018,
4.26000000000001,8356,8175,8013,
4.269,8353,8175,8013,
4.28,8358,8175,8008,
4.288,8361,8175,8008,
4.302,8361,8175,8004,
4.311,8364,8173,8004,
4.319,8361,8175,8010,
4.33,8364,8173,8004,
4.342,8366,8175,8001,
4.351,8366,8178,8001,
4.36,8364,8175,7999,
4.37,8366,8175,7999,
4.38200000000001,8387,8178,7981,
4.39,8452,8175,7907,
4.402,8409,8178,7958,
4.408,8372,8175,7991,
4.42,8379,8173,7991,
4.432,8382,8173,7986,
4.44,8382,8173,7989,
4.451,8387,8175,7983,
4.459,8387,8175,7983,
4.47,8390,8175,7983,
4.48,8396,8173,7978,
4.491,8398,8173,7978,
4.501,8398,8175,7973,
4.509,8401,8175,7973,
4.523,8404,8175,7971,
4.53,8406,8175,7968,
4.539,8404,8175,7973,
4.551,8404,8175,7973,
4.561,8406,8173,7965,
4.57,8406,8175,7965,
4.58,8425,8175,7941,
4.589,8498,8178,7865,
4.602,8471,8178,7902,
4.608,8420,8173,7953,
4.619,8409,8175,7960,
4.63,8409,8175,7963,
4.64,8409,8175,7960,
4.649,8401,8175,7968,
4.657,8401,8175,7971,
4.669,8396,8173,7973,
4.68,8396,8173,7971,
4.692,8390,8175,7983,
4.698,8390,8175,7978,
4.711,8382,8175,7986,
4.72,8382,8173,7983,
4.73,8377,8173,7994,
4.74,8372,8173,7996,
4.751,8366,8175,7999,
4.759,8364,8175,8001,
4.771,8361,8175,8008,
4.78,8393,8173,7971,
4.789,8433,8175,7925,
4.8,8385,8178,7986,
4.811,8350,8181,8021,
4.82100000000001,8342,8175,8021,
4.83,8339,8175,8027,
4.84,8337,8175,8032,
4.849,8337,8175,8034,
4.86,8329,8175,8039,
4.87,8329,8175,8037,
4.879,8326,8175,8037,
4.891,8320,8175,8039,
4.9,8320,8175,8042,
4.907,8320,8175,8045,
4.919,8315,8175,8047,
4.928,8315,8175,8050,
4.939,8312,8175,8047,
4.95,8312,8175,8050,
4.961,8312,8173,8055,
4.97,8312,8175,8050,
4.981,8334,8173,8027,
4.991,8372,8173,7983,
5,8334,8175,8029,
5.009,8310,8173,8057,
5.02,8304,8173,8057,
5.032,8307,8173,8057,
5.039,8304,8175,8055,
5.05,8301,8175,8060,
5.06,8301,8178,8060,
5.068,8299,8178,8062,
5.078,8301,8175,8065,
5.09,8299,8178,8065,
5.099,8296,8175,8068,
5.11,8293,8178,8068,
5.119,8293,8178,8070,
5.128,8288,8178,8073,
5.14,8288,8178,8070,
5.149,8285,8175,8075,
5.159,8285,8175,8075,
5.169,8283,8175,8073,
5.178,8296,8173,8060,
5.19,8329,8175,8027,
5.19900000000001,8307,8173,8052,
5.208,8279,8173,8083,
5.221,8273,8175,8083,
5.231,8273,8175,8087,
5.24,8268,8175,8089,
5.248,8265,8175,8093,
5.258,8265,8173,8095,
5.268,8263,8173,8095,
5.28,8265,8175,8098,
5.291,8265,8175,8098,
5.299,8265,8175,8098,
5.308,8263,8175,8100,
5.317,8260,8175,8100,
5.33,8260,8175,8103,
5.338,8257,8175,8103,
5.348,8257,8175,8106,
5.358,8254,8173,8108,
5.37,8252,8173,8108,
5.379,8260,8175,8100,
5.387,8276,8178,8075,
5.4,8252,8175,8108,
5.411,8238,8173,8121,
5.422,8238,8175,8118,
5.429,8238,8175,8118,
5.438,8238,8173,8118,
5.44900000000001,8238,8175,8121,
5.46,8238,8173,8121,
5.467,8233,8178,8124,
5.478,8233,8178,8124,
5.489,8233,8178,8126,
5.499,8233,8178,8126,
5.509,8230,8178,8129,
5.517,8230,8178,8131,
5.529,8227,8178,8131,
5.539,8225,8178,8134,
5.548,8225,8178,8134,
5.558,8225,8178,8136,
5.568,8222,8175,8136,
5.579,8225,8175,8134,
5.587,8235,8173,8121,
5.599,8227,8173,8131,
5.606,8217,8175,8144,
5.618,8214,8173,8142,
5.627,8214,8175,8144,
5.639,8211,8175,8144,
5.649,8208,8175,8147,
5.658,8206,8175,8147,
5.669,8203,8175,8149,
5.678,8203,8173,8149,
5.688,8203,8175,8152,
5.698,8203,8175,8152,
5.708,8203,8175,8154,
5.716,8203,8175,8154,
5.727,8200,8175,8154,
5.738,8198,8175,8157,
5.749,8195,8175,8161,
5.759,8198,8175,8161,
5.767,8195,8175,8163,
5.779,8195,8175,8161,
5.788,8198,8175,8157,
5.798,8192,8175,8169,
5.808,8182,8178,8172,
5.818,8185,8175,8172,
5.827,8182,8175,8177,
5.837,8179,8178,8177,
5.848,8177,8175,8180,
5.86,8174,8175,8182,
5.867,8168,8175,8187,
5.877,8160,8175,8198,
5.887,8158,8173,8195,
5.897,8147,8178,8208,
5.91,8141,8178,8213,
5.92,8136,8181,8216,
5.929,8131,8178,8221,
5.938,8128,8178,8223,
5.94900000000001,8122,8181,8231,
5.959,8117,8181,8238,
5.97,8112,8181,8243,
5.979,8101,8181,8251,
5.989,8077,8178,8274,
5.999,8080,8183,8272,
6.01000000000001,8083,8183,8269,
6.017,8077,8186,8269,
6.029,8072,8181,8279,
6.039,8064,8183,8284,
6.064,8066,8183,8290,
6.068,8055,8183,8292,
6.069,8050,8183,8297,
6.078,8045,8186,8302,
6.087,8042,8188,8305,
6.098,8034,8186,8311,
6.109,8031,8188,8316,
6.118,8023,8186,8319,
6.129,8023,8188,8319,
6.139,8018,8186,8326,
6.146,8012,8188,8326,
6.156,8012,8188,8329,
6.169,8007,8188,8334,
6.18,7980,8183,8357,
6.188,7951,8183,8398,
6.197,7967,8193,8373,
6.208,7991,8196,8352,
6.216,7986,8188,8352,
6.228,7991,8183,8357,
6.236,7983,8191,8357,
6.249,7983,8191,8360,
6.259,7978,8193,8357,
6.268,7975,8193,8362,
6.278,7980,8196,8360,
6.289,7975,8196,8362,
6.299,7978,8196,8370,
6.309,7972,8188,8370,
6.317,7978,8191,8370,
6.328,7967,8196,8368,
6.337,7970,8199,8373,
6.346,7972,8196,8368,
6.356,7978,8196,8370,
6.367,7970,8196,8375,
6.376,7942,8191,8395,
6.387,7901,8188,8434,
6.399,7945,8199,8398,
6.408,7956,8196,8388,
6.416,7959,8193,8375,
6.428,7956,8201,8378,
6.439,7956,8196,8385,
6.44900000000001,7961,8191,8382,
6.457,7951,8199,8385,
6.468,7951,8191,8385,
6.477,7953,8193,8385,
6.486,7948,8196,8388,
6.495,7953,8201,8390,
6.50700000000001,7940,8201,8393,
6.516,7945,8196,8390,
6.528,7942,8199,8393,
6.536,7945,8201,8393,
6.545,7945,8196,8395,
6.556,7942,8186,8395,
6.569,7953,8201,8398,
6.575,7918,8193,8416,
6.588,7862,8191,8469,
6.598,7929,8206,8421,
6.608,7934,8201,8408,
6.616,7934,8206,8400,
6.628,7940,8196,8400,
6.639,7940,8201,8398,
6.648,7937,8196,8398,
6.656,7956,8199,8398,
6.668,7934,8201,8398,
6.678,7937,8199,8398,
6.687,7934,8196,8393,
6.69600000000001,7945,8201,8393,
6.707,7937,8193,8395,
6.716,7945,8201,8393,
6.727,7948,8196,8390,
6.737,7953,8199,8390,
6.746,7945,8196,8388,
6.758,7948,8199,8388,
6.766,7942,8196,8390,
6.778,7923,8193,8418,
6.791,7870,8191,8467,
6.799,7934,8206,8408,
6.809,7934,8201,8395,
6.818,7945,8193,8393,
6.82400000000001,7956,8199,8388,
6.836,7956,8199,8388,
6.848,7953,8199,8382,
6.857,7959,8193,8388,
6.867,7953,8196,8385,
6.876,7961,8193,8378,
6.886,7961,8201,8382,
6.898,7956,8193,8382,
6.909,7959,8193,8382,
6.917,7953,8193,8375,
6.928,7961,8199,8375,
6.937,7975,8196,8373,
6.947,7967,8199,8370,
6.957,7970,8201,8368,
6.968,7967,8193,8370,
6.978,7929,8183,8413,
6.989,7912,8188,8434,
6.995,7951,8199,8398,
7.009,7975,8193,8362,
7.017,7978,8191,8357,
7.027,7995,8199,8350,
7.037,8000,8199,8344,
7.046,7998,8191,8342,
7.057,8000,8199,8337,
7.066,8015,8196,8329,
7.076,8020,8193,8326,
7.087,8023,8191,8321,
7.098,8028,8188,8316,
7.106,8037,8191,8309,
7.117,8037,8191,8302,
7.127,8050,8188,8295,
7.136,8058,8186,8290,
7.146,8061,8188,8282,
7.157,8074,8188,8277,
7.166,8077,8186,8272,
7.176,8080,8186,8272,
7.186,8064,8181,8292,
7.197,8088,8186,8269,
7.207,8103,8186,8246,
7.218,8112,8181,8235,
7.225,8120,8183,8231,
7.236,8128,8181,8223,
7.246,8133,8181,8221,
7.256,8139,8178,8216,
7.268,8144,8178,8210,
7.276,8150,8175,8205,
7.288,8155,8175,8200,
7.297,8160,8175,8198,
7.307,8160,8175,8192,
7.317,8168,8175,8187,
7.327,8171,8175,8185,
7.336,8174,8175,8182,
7.348,8177,8175,8180,
7.356,8179,8173,8177,
7.367,8177,8175,8177,
7.375,8179,8175,8174,
7.387,8177,8173,8177,
7.395,8177,8173,8174,
7.407,8177,8175,8174,
7.418,8182,8173,8163,
7.424,8188,8175,8167,
7.435,8188,8175,8167,
7.447,8188,8175,8167,
7.456,8192,8175,8163,
7.466,8198,8175,8161,
7.477,8198,8175,8157,
7.487,8198,8175,8157,
7.495,8198,8175,8157,
7.506,8200,8173,8154,
7.515,8200,8175,8154,
7.525,8203,8175,8152,
7.535,8203,8178,8152,
7.546,8206,8175,8152,
7.557,8206,8173,8149,
7.566,8208,8175,8149,
7.57400000000001,8214,8175,8144,
7.587,8222,8175,8134,
7.595,8219,8178,8139,
7.606,8214,8178,8142,
7.615,8214,8178,8144,
7.624,8214,8175,8142,
7.63500000000001,8214,8173,8147,
7.645,8214,8175,8147,
7.655,8214,8175,8147,
7.665,8217,8173,8144,
7.678,8214,8175,8147,
7.685,8214,8175,8147,
7.697,8211,8175,8149,
7.707,8211,8175,8149,
7.716,8208,8173,8149,
7.726,8206,8175,8152,
7.735,8206,8175,8149,
7.747,8206,8175,8149,
7.75700000000001,8206,8175,8149,
7.76300000000001,8206,8175,8149,
7.778,8214,8175,8142,
7.786,8222,8178,8131,
7.795,8217,8175,8144,
7.805,8211,8173,8142,
7.817,8214,8178,8144,
7.825,8214,8175,8142,
7.838,8217,8175,8142,
7.846,8219,8175,8139,
7.857,8219,8175,8139,
7.865,8222,8175,8136,
7.876,8225,8175,8134,
7.884,8222,8175,8131,
7.896,8225,8175,8131,
7.906,8225,8175,8131,
7.915,8227,8175,8129,
7.928,8227,8173,8129,
7.936,8230,8175,8129,
7.94600000000001,8233,8175,8126,
7.956,8233,8175,8124,
7.966,8235,8175,8121,
7.977,8244,8175,8113,
7.985,8265,8170,8083,
7.998,8260,8175,8103,
8.006,8254,8175,8108,
8.015,8260,8175,8103,
8.024,8268,8178,8095,
8.037,8276,8175,8087,
8.046,8283,8175,8078,
8.057,8291,8175,8065,
8.065,8299,8175,8062,
8.07400000000001,8307,8175,8052,
8.085,8315,8175,8047,
8.096,8323,8175,8042,
8.106,8329,8175,8037,
8.116,8329,8173,8034,
8.126,8334,8175,8029,
8.13500000000001,8339,8173,8027,
8.147,8342,8175,8027,
8.154,8345,8175,8027,
8.167,8350,8178,8018,
8.173,8372,8178,7994,
8.186,8431,8173,7927,
8.19600000000001,8396,8175,7973,
8.205,8364,8173,7999,
8.215,8364,8175,8001,
8.226,8366,8175,8001,
8.233,8369,8175,7999,
8.243,8366,8175,7999,
8.255,8366,8175,7996,
8.266,8369,8175,7994,
8.274,8366,8175,7994,
8.285,8366,8175,7994,
8.295,8364,8175,7994,
8.305,8366,8173,8001,
8.314,8364,8173,8001,
8.325,8361,8175,8010,
8.336,8361,8175,8008,
8.343,8356,8173,8010,
8.355,8353,8175,8015,
8.365,8353,8175,8013,
8.374,8366,8175,7996,
8.384,8423,8175,7931,
8.393,8401,8175,7968,
8.402,8353,8175,8013,
8.417,8350,8175,8015,
8.423,8350,8173,8015,
8.436,8345,8175,8024,
8.447,8342,8175,8021,
8.453,8342,8175,8021,
8.464,8345,8175,8021,
8.475,8345,8175,8021,
8.485,8347,8175,8018,
8.496,8347,8175,8018,
8.505,8350,8173,8018,
8.516,8350,8175,8018,
8.525,8350,8175,8018,
8.532,8350,8175,8013,
8.542,8350,8175,8015,
8.554,8347,8173,8013,
8.563,8356,8175,8010,
8.57400000000001,8382,8175,7981,
8.585,8439,8173,7917,
8.593,8390,8175,7978,
8.606,8356,8178,8001,
8.614,8350,8175,8010,
8.623,8353,8173,8010,
8.636,8353,8175,8015,
8.645,8350,8175,8015,
8.657,8350,8175,8013,
8.667,8347,8175,8018,
8.674,8347,8175,8015,
8.683,8347,8175,8018,
8.693,8347,8175,8021,
8.704,8347,8175,8021,
8.713,8345,8175,8021,
8.724,8339,8175,8018,
8.736,8339,8175,8021,
8.742,8337,8175,8027,
8.754,8337,8175,8027,
8.76300000000001,8337,8173,8029,
8.775,8350,8175,8008,
8.786,8398,8175,7958,
8.794,8379,8181,7976,
8.803,8334,8181,8029,
8.815,8326,8178,8034,
8.82400000000001,8329,8175,8034,
8.833,8326,8175,8037,
8.844,8326,8175,8039,
8.853,8323,8175,8039,
8.864,8323,8175,8037,
8.873,8320,8175,8039,
8.88500000000001,8323,8175,8045,
8.893,8320,8175,8042,
8.904,8320,8175,8045,
8.912,8320,8175,8047,
8.925,8318,8175,8045,
8.936,8318,8175,8047,
8.94600000000001,8315,8175,8047,
8.953,8315,8181,8050,
8.964,8312,8175,8050,
8.974,8331,8173,8032,
8.985,8369,8175,7978,
8.995,8329,8178,8032,
9.005,8304,8175,8055,
9.015,8301,8175,8055,
9.024,8304,8175,8057,
9.032,8301,8175,8060,
9.044,8301,8175,8060,
9.054,8301,8175,8060,
9.065,8301,8175,8062,
9.07400000000001,8299,8175,8062,
9.084,8296,8175,8062,
9.095,8296,8178,8065,
9.106,8293,8175,8068,
9.115,8291,8175,8068,
9.124,8288,8175,8070,
9.133,8288,8175,8073,
9.144,8285,8175,8070,
9.154,8283,8178,8075,
9.164,8283,8178,8075,
9.175,8288,8175,8068,
9.185,8320,8173,8032,
9.19600000000001,8304,8178,8050,
9.204,8283,8175,8078,
9.214,8283,8175,8078,
9.224,8283,8175,8080,
9.235,8279,8175,8080,
9.245,8279,8175,8083,
9.255,8276,8175,8087,
9.265,8273,8175,8087,
9.275,8268,8175,8093,
9.284,8265,8175,8095,
9.293,8265,8175,8098,
9.301,8263,8175,8100,
9.313,8260,8175,8103,
9.322,8257,8175,8106,
9.335,8254,8175,8106,
9.344,8254,8175,8108,
9.353,8254,8175,8108,
9.362,8254,8175,8106,
9.374,8268,8175,8089,
9.384,8285,8170,8062,
9.392,8263,8178,8100,
9.404,8246,8175,8116,
9.414,8246,8175,8118,
9.424,8246,8175,8113,
9.432,8246,8175,8116,
9.443,8246,8175,8116,
9.453,8246,8175,8116,
9.464,8244,8175,8116,
9.473,8241,8175,8118,
9.485,8238,8175,8124,
9.494,8230,8175,8129,
9.503,8227,8175,8131,
9.514,8225,8175,8134,
9.524,8219,8175,8139,
9.532,8217,8175,8142,
9.543,8211,8175,8144,
9.553,8206,8175,8147,
9.563,8203,8178,8152,
9.57100000000001,8203,8178,8154,
9.582,8203,8173,8149,
9.597,8192,8175,8163,
9.605,8182,8175,8177,
9.616,8177,8175,8174,
9.623,8171,8175,8180,
9.634,8168,8175,8185,
9.642,8160,8178,8195,
9.653,8152,8183,8203,
9.666,8141,8178,8213,
9.674,8133,8178,8221,
9.682,8128,8178,8226,
9.695,8120,8181,8235,
9.704,8112,8181,8241,
9.715,8103,8181,8248,
9.721,8097,8181,8254,
9.734,8085,8183,8264,
9.743,8080,8186,8272,
9.754,8069,8183,8279,
9.76300000000001,8064,8183,8284,
9.773,8047,8183,8300,
9.782,8015,8181,8337,
9.795,8042,8191,8311,
9.804,8037,8188,8314,
9.812,8028,8186,8319,
9.822,8023,8188,8321,
9.835,8018,8186,8326,
9.843,8012,8191,8332,
9.851,8009,8191,8337,
9.862,8003,8188,8339,
9.874,7995,8188,8347,
9.88500000000001,7988,8193,8350,
9.891,7980,8191,8355,
9.902,7988,8196,8360,
9.912,7975,8193,8362,
9.922,7978,8193,8368,
9.934,7964,8191,8373,
9.943,7970,8196,8373,
9.953,7959,8193,8378,
9.962,7953,8199,8385,
9.971,7923,8199,8413,
9.982,7867,8191,8462,
9.993,7929,8206,8411,
10.002,7932,8209,8406,
10.015,7937,8201,8400,
10.022,7934,8201,8398,
10.035,7945,8204,8398,
10.045,7940,8206,8398,
10.055,7934,8199,8400,
10.064,7929,8206,8403,
10.073,7926,8201,8403,
10.084,7945,8196,8403,
10.094,7926,8201,8408,
10.105,7934,8212,8406,
10.116,7929,8199,8408,
10.124,7921,8196,8406,
10.133,7929,8204,8408,
10.146,7912,8199,8411,
10.153,7926,8204,8408,
10.162,7923,8199,8413,
10.171,7867,8193,8477,
10.184,7829,8196,8505,
10.191,7859,8199,8474,
10.202,7898,8206,8429,
10.212,7915,8201,8418,
10.224,7901,8201,8424,
10.233,7904,8191,8421,
10.241,7906,8217,8421,
10.252,7915,8196,8424,
10.262,7923,8204,8418,
10.273,7923,8196,8413,
10.283,7915,8204,8418,
10.292,7923,8201,8411,
10.304,7921,8199,8411,
10.314,7929,8201,8408,
10.323,7921,8201,8408,
10.333,7921,8201,8403,
10.362,7926,8196,8406,
10.366,7932,8204,8406,
10.367,7926,8204,8403,
10.372,7906,8191,8424,
10.381,7854,8188,8474,
10.392,7889,8199,8467,
10.403,7929,8204,8406,
10.415,7951,8193,8390,
10.422,7942,8199,8390,
10.432,7951,8199,8390,
10.44,7948,8193,8388,
10.451,7956,8196,8385,
10.465,7959,8201,8382,
10.473,7956,8201,8375,
10.482,7961,8193,8378,
10.491,7959,8204,8378,
10.503,7961,8199,8373,
10.514,7964,8196,8373,
10.523,7961,8201,8370,
10.537,7961,8196,8370,
10.542,7972,8199,8365,
10.55,7970,8199,8365,
10.563,7978,8193,8368,
10.572,7951,8188,8388,
10.581,7918,8186,8421,
10.593,7942,8199,8403,
10.604,7978,8196,8360,
10.61,7983,8188,8357,
10.622,7991,8191,8352,
10.633,7998,8196,8347,
10.643,8000,8193,8342,
10.652,7998,8191,8334,
10.66,8009,8191,8334,
10.671,8009,8188,8329,
10.683,8018,8188,8329,
10.692,8020,8191,8326,
10.701,8023,8191,8321,
10.713,8028,8188,8314,
10.723,8037,8188,8309,
10.733,8039,8188,8302,
10.741,8047,8188,8297,
10.752,8055,8186,8292,
10.761,8061,8186,8282,
10.77,8058,8183,8290,
10.783,8047,8181,8300,
10.792,8072,8183,8279,
10.801,8101,8181,8246,
10.812,8112,8183,8241,
10.82,8125,8181,8231,
10.83,8131,8181,8223,
10.84,8139,8178,8213,
10.851,8150,8178,8205,
10.863,8158,8175,8198,
10.873,8166,8173,8187,
10.88,8174,8175,8182,
10.894,8179,8173,8177,
10.901,8182,8175,8174,
10.913,8185,8175,8169,
10.922,8192,8178,8163,
10.932,8208,8173,8147,
10.942,8217,8175,8139,
10.951,8230,8175,8131,
10.96,8238,8175,8121,
10.971,8260,8178,8100,
10.981,8296,8178,8052,
10.992,8285,8178,8073,
11,8283,8178,8080,
11.012,8291,8175,8068,
11.022,8304,8175,8055,
11.031,8312,8178,8047,
11.042,8323,8175,8037,
11.051,8331,8175,8029,
11.062,8342,8175,8021,
11.071,8350,8175,8013,
11.081,8361,8175,8001,
11.092,8366,8175,7996,
11.102,8379,8175,7989,
11.112,8385,8175,7986,
11.121,8393,8175,7981,
11.132,8398,8178,7973,
11.14,8398,8175,7971,
11.152,8409,8173,7963,
11.161,8414,8178,7958,
11.17,8447,8175,7917,
11.179,8514,8178,7838,
11.19,8450,8178,7920,
11.2,8420,8178,7953,
11.211,8412,8178,7958,
11.222,8412,8175,7963,
11.231,8414,8173,7960,
11.24,8409,8178,7965,
11.252,8409,8175,7968,
11.261,8404,8175,7973,
11.274,8404,8175,7973,
11.28,8404,8173,7976,
11.29,8396,8175,7981,
11.301,8393,8178,7981,
11.309,8393,8178,7983,
11.319,8390,8178,7978,
11.332,8387,8175,7983,
11.343,8387,8175,7989,
11.351,8385,8175,7989,
11.36,8385,8178,7986,
11.371,8404,8173,7965,
11.381,8461,8175,7904,
11.391,8423,8181,7950,
11.402,8387,8178,7989,
11.412,8379,8175,7989,
11.42,8387,8175,7986,
11.428,8382,8175,7986,
11.442,8377,8175,7991,
11.452,8379,8175,7994,
11.461,8377,8175,7991,
11.469,8377,8173,7994,
11.478,8377,8175,7991,
11.491,8372,8170,7991,
11.499,8372,8175,7994,
11.51,8377,8175,7996,
11.52,8372,8178,7996,
11.532,8369,8175,7999,
11.542,8366,8178,7996,
11.55,8364,8175,7996,
11.56,8364,8178,7996,
11.57,8393,8175,7978,
11.579,8439,8178,7909,
11.59,8417,8178,7950,
11.602,8364,8173,8001,
11.612,8356,8175,8013,
11.622,8356,8178,8010,
11.629,8350,8175,8013,
11.64,8353,8175,8013,
11.65,8350,8175,8015,
11.66,8350,8175,8015,
11.67,8345,8175,8018,
11.682,8345,8175,8021,
11.692,8342,8175,8024,
11.7,8337,8175,8027,
11.712,8337,8175,8029,
11.721,8334,8175,8032,
11.729,8334,8175,8032,
11.742,8329,8178,8034,
11.751,8326,8175,8037,
11.76,8326,8175,8037,
11.77,8350,8178,8013,
11.779,8393,8175,7958,
11.788,8345,8175,8018,
11.801,8320,8175,8039,
11.81,8318,8173,8042,
11.822,8318,8173,8039,
11.832,8315,8173,8045,
11.84,8315,8173,8045,
11.852,8310,8173,8050,
11.858,8312,8175,8050,
11.871,8310,8175,8052,
11.881,8307,8178,8052,
11.891,8304,8175,8057,
11.9,8301,8178,8057,
11.908,8299,8175,8060,
11.92,8296,8178,8062,
11.93,8299,8178,8060,
11.938,8296,8178,8065,
11.949,8296,8178,8065,
11.96,8299,8178,8068,
11.971,8307,8175,8055,
11.982,8345,8168,8013,
11.99,8312,8175,8052,
12.001,8285,8175,8073,
12.011,8288,8175,8075,
12.02,8285,8175,8075,
12.029,8285,8175,8075,
12.04,8283,8175,8075,
12.051,8283,8175,8078,
12.059,8283,8175,8078,
12.071,8283,8175,8078,
12.08,8279,8175,8080,
12.091,8276,8175,8083,
12.1,8276,8175,8087,
12.111,8273,8175,8089,
12.121,8271,8173,8093,
12.137,8268,8175,8095,
12.14,8268,8175,8098,
12.152,8265,8178,8100,
12.161,8265,8175,8100,
12.172,8273,8178,8093,
12.178,8293,8173,8062,
12.19,8271,8175,8089,
12.2,8257,8178,8111,
12.209,8254,8175,8111,
12.221,8257,8175,8108,
12.23,8254,8173,8111,
12.238,8252,8173,8111,
12.249,8252,8173,8111,
12.26,8252,8173,8111,
12.269,8249,8173,8113,
12.281,8246,8173,8113,
12.291,8246,8173,8116,
12.301,8244,8173,8116,
12.311,8244,8173,8118,
12.319,8241,8175,8118,
12.332,8241,8173,8118,
12.341,8241,8175,8121,
12.35,8238,8173,8121,
12.361,8238,8175,8124,
12.37,8244,8175,8118,
12.383,8260,8173,8098,
12.389,8244,8173,8121,
12.401,8233,8173,8129,
12.408,8230,8175,8129,
12.42,8230,8173,8129,
12.43,8230,8173,8131,
12.441,8227,8173,8131,
12.45,8227,8175,8134,
12.458,8225,8173,8134,
12.469,8222,8173,8134,
12.479,8217,8173,8136,
12.49,8217,8173,8139,
12.498,8214,8173,8142,
12.511,8214,8173,8142,
12.518,8211,8173,8144,
12.531,8208,8173,8147,
12.541,8206,8170,8147,
12.549,8203,8173,8152,
12.561,8203,8173,8152,
12.569,8208,8175,8147,
12.578,8211,8173,8136,
12.588,8203,8175,8154,
12.598,8192,8175,8163,
12.61,8188,8175,8169,
12.62,8182,8173,8172,
12.628,8177,8173,8177,
12.64,8174,8173,8182,
12.649,8168,8173,8185,
12.661,8166,8173,8185,
12.667,8155,8173,8198,
12.678,8155,8175,8200,
12.69,8150,8178,8205,
12.701,8139,8178,8216,
12.707,8133,8178,8221,
12.72,8125,8178,8228,
12.73,8117,8178,8235,
12.741,8112,8178,8241,
12.75,8109,8178,8246,
12.759,8101,8181,8256,
12.77,8083,8181,8269,
12.779,8058,8178,8295,
12.79,8058,8183,8295,
12.799,8064,8181,8287,
12.808,8061,8183,8290,
12.818,8053,8181,8297,
12.83,8045,8186,8302,
12.838,8034,8181,8309,
12.851,8037,8186,8314,
12.858,8026,8186,8316,
12.868,8020,8186,8324,
12.881,8015,8188,8329,
12.889,8009,8186,8334,
12.901,8007,8188,8339,
12.909,8000,8186,8344,
12.917,7995,8191,8352,
12.928,7991,8193,8357,
12.938,7983,8191,8362,
12.948,7972,8188,8365,
12.959,7967,8186,8373,
12.968,7951,8186,8398,
12.978,7893,8191,8464,
12.99,7942,8204,8400,
12.998,7945,8204,8398,
13.006,7945,8193,8398,
13.018,7951,8193,8395,
13.027,7948,8199,8395,
13.039,7934,8199,8398,
13.047,7945,8196,8398,
13.059,7951,8196,8403,
13.068,7932,8193,8403,
13.078,7932,8196,8403,
13.09,7932,8196,8406,
13.099,7929,8201,8408,
13.109,7940,8199,8411,
13.117,7918,8196,8413,
13.127,7923,8201,8413,
13.138,7918,8199,8418,
13.148,7915,8206,8418,
13.159,7909,8204,8418,
13.169,7875,8186,8462,
13.177,7815,8188,8516,
13.186,7893,8204,8456,
13.198,7889,8201,8442,
13.209,7912,8196,8429,
13.218,7912,8204,8424,
13.229,7906,8196,8426,
13.237,7915,8199,8424,
13.25,7912,8199,8424,
13.258,7918,8214,8421,
13.269,7909,8201,8426,
13.279,7904,8204,8426,
13.289,7898,8196,8426,
13.3,7904,8209,8426,
13.308,7906,8201,8429,
13.32,7901,8206,8424,
13.329,7906,8204,8421,
13.339,7909,8204,8424,
13.349,7906,8199,8424,
13.358,7901,8209,8429,
13.371,7873,8204,8462,
13.379,7818,8193,8508,
13.39,7870,8206,8472,
13.4,7889,8204,8444,
13.409,7893,8199,8436,
13.42,7895,8196,8431,
13.427,7901,8201,8439,
13.436,7886,8204,8436,
13.448,7893,8212,8436,
13.457,7886,8206,8434,
13.468,7884,8196,8436,
13.478,7895,8196,8434,
13.489,7893,8196,8436,
13.496,7895,8204,8434,
13.509,7898,8209,8434,
13.517,7893,8196,8429,
13.528,7895,8212,8429,
13.537,7901,8196,8424,
13.548,7912,8201,8421,
13.555,7912,8199,8424,
13.566,7884,8186,8447,
13.579,7832,8193,8508,
13.589,7859,8199,8498,
13.6,7915,8209,8429,
13.608,7923,8193,8411,
13.617,7929,8196,8408,
13.629,7934,8196,8400,
13.64,7934,8196,8398,
13.646,7940,8199,8390,
13.658,7961,8199,8388,
13.666,7945,8191,8388,
13.677,7953,8199,8378,
13.686,7959,8193,8378,
13.697,7970,8193,8375,
13.707,7964,8193,8370,
13.718,7972,8199,8370,
13.728,7978,8193,8370,
13.737,7970,8191,8365,
13.749,7972,8193,8360,
13.759,7975,8196,8362,
13.769,7934,8186,8398,
13.779,7923,8186,8431,
13.787,7964,8196,8375,
13.797,7980,8193,8362,
13.806,7986,8193,8347,
13.817,8000,8188,8342,
13.828,8009,8186,8337,
13.839,8012,8183,8334,
13.847,8009,8191,8326,
13.856,8023,8188,8321,
13.866,8026,8188,8316,
13.877,8037,8186,8311,
13.886,8042,8188,8309,
13.899,8053,8186,8297,
13.905,8061,8183,8292,
13.916,8066,8181,8284,
13.927,8074,8183,8279,
13.938,8080,8183,8269,
13.946,8085,8181,8264,
13.958,8094,8181,8256,
13.967,8097,8178,8254,
13.976,8088,8175,8264,
13.987,8120,8181,8235,
13.997,8131,8175,8218,
14.009,8139,8175,8213,
14.017,8147,8175,8203,
14.026,8155,8175,8198,
14.039,8160,8173,8190,
14.049,8171,8175,8185,
14.058,8179,8175,8180,
14.066,8179,8173,8174,
14.078,8182,8173,8174,
14.086,8185,8173,8174,
14.1,8188,8173,8172,
14.11,8198,8175,8167,
14.118,8208,8175,8152,
14.132,8214,8173,8147,
14.137,8222,8175,8139,
14.149,8227,8173,8134,
14.155,8233,8175,8131,
14.168,8244,8175,8121,
14.176,8271,8173,8089,
14.189,8268,8173,8098,
14.196,8257,8173,8106,
14.208,8265,8173,8100,
14.217,8271,8170,8095,
14.228,8273,8173,8089,
14.237,8276,8173,8087,
14.245,8279,8175,8080,
14.256,8283,8175,8078,
14.266,8283,8175,8078,
14.277,8285,8175,8073,
14.287,8288,8173,8068,
14.297,8296,8173,8062,
14.305,8299,8173,8060,
14.317,8304,8175,8057,
14.325,8307,8173,8055,
14.337,8310,8178,8052,
14.347,8315,8173,8047,
14.355,8318,8173,8045,
14.365,8331,8175,8027,
14.376,8379,8175,7978,
14.387,8342,8173,8018,
14.398,8329,8175,8032,
14.407,8329,8173,8032,
14.417,8329,8175,8037,
14.427,8331,8170,8032,
14.436,8331,8175,8029,
14.449,8334,8173,8029,
14.457,8337,8175,8027,
14.466,8334,8173,8029,
14.475,8337,8173,8027,
14.486,8339,8173,8021,
14.497,8339,8173,8021,
14.506,8342,8175,8021,
14.516,8339,8175,8024,
14.526,8345,8173,8015,
14.537,8342,8173,8018,
14.546,8342,8175,8018,
14.556,8347,8175,8013,
14.565,8377,8175,7978,
14.577,8431,8175,7925,
14.586,8387,8178,7973,
14.596,8353,8175,8004,
14.606,8353,8173,8008,
14.616,8356,8175,8008,
14.627,8356,8173,8008,
14.637,8356,8170,8010,
14.647,8358,8173,8004,
14.657,8361,8170,8001,
14.666,8358,8173,8008,
14.676,8364,8173,8004,
14.686,8364,8173,8004,
14.696,8364,8175,7996,
14.707,8369,8175,7999,
14.717,8366,8173,8001,
14.727,8361,8175,8008,
14.737,8366,8173,8001,
14.748,8364,8173,8008,
14.757,8366,8173,8001,
14.765,8396,8173,7973,
14.776,8447,8173,7907,
14.788,8417,8173,7950,
14.798,8366,8170,8004,
14.806,8356,8173,8013,
14.815,8361,8173,8008,
14.827,8350,8173,8015,
14.836,8353,8170,8018,
14.844,8353,8170,8015,
14.856,8350,8175,8018,
14.866,8350,8175,8018,
14.875,8347,8175,8021,
14.885,8345,8175,8021,
14.896,8345,8175,8021,
14.908,8345,8175,8021,
14.918,8342,8173,8027,
14.926,8342,8175,8024,
14.938,8339,8173,8027,
14.946,8339,8173,8027,
14.956,8334,8173,8032,
14.965,8345,8173,8024,
14.977,8393,8173,7971,
14.987,8345,8173,8004,
14.998,8323,8175,8037,
15.005,8323,8173,8039,
15.014,8323,8175,8039,
15.027,8320,8173,8045,
15.035,8320,8175,8042,
15.046,8320,8175,8042,
15.056,8323,8170,8039,
15.065,8320,8175,8045,
15.077,8323,8175,8042,
15.088,8318,8175,8042,
15.094,8320,8173,8047,
15.105,8320,8175,8045,
15.116,8315,8173,8047,
15.126,8318,8173,8047,
15.135,8315,8175,8050,
15.144,8310,8175,8055,
15.156,8312,8175,8052,
15.165,8323,8175,8042,
15.177,8361,8175,7996,
15.185,8326,8178,8039,
15.195,8301,8178,8062,
15.206,8304,8175,8062,
15.216,8301,8175,8057,
15.225,8301,8175,8060,
15.235,8301,8175,8060,
15.247,8299,8173,8062,
15.258,8299,8173,8065,
15.266,8296,8170,8065,
15.273,8293,8175,8065,
15.288,8291,8175,8070,
15.298,8288,8175,8070,
15.303,8285,8175,8073,
15.316,8285,8175,8070,
15.326,8283,8173,8073,
15.335,8283,8175,8075,
15.344,8283,8173,8075,
15.355,8283,8175,8078,
15.364,8288,8173,8070,
15.375,8315,8173,8034,
15.387,8288,8175,8070,
15.397,8276,8173,8087,
15.406,8273,8175,8087,
15.415,8273,8175,8087,
15.427,8273,8173,8089,
15.436,8271,8173,8089,
15.444,8268,8175,8093,
15.456,8268,8175,8098,
15.466,8265,8175,8098,
15.475,8263,8170,8098,
15.485,8263,8173,8100,
15.494,8260,8173,8100,
15.504,8260,8175,8103,
15.517,8260,8175,8103,
15.523,8257,8173,8106,
15.536,8254,8175,8106,
15.546,8254,8175,8108,
15.554,8254,8175,8108,
15.566,8257,8175,8103,
15.577,8283,8170,8073,
15.584,8263,8173,8103,
15.596,8249,8173,8111,
15.606,8249,8175,8113,
15.615,8246,8175,8113,
15.627,8244,8173,8116,
15.637,8244,8175,8116,
15.646,8241,8173,8116,
15.656,8241,8173,8118,
15.665,8238,8175,8121,
15.676,8238,8175,8118,
15.687,8235,8173,8121,
15.694,8235,8173,8124,
15.703,8233,8175,8124,
15.715,8235,8173,8126,
15.724,8233,8173,8126,
15.755,8233,8175,8131,
15.756,8233,8173,8131,
15.757,8233,8173,8131,
15.764,8241,8175,8121,
15.774,8252,8165,8103,
15.783,8233,8175,8129,
15.796,8222,8175,8139,
15.804,8222,8173,8139,
15.817,8219,8175,8139,
15.823,8219,8175,8142,
15.835,8219,8173,8144,
15.845,8217,8175,8144,
15.857,8214,8173,8147,
15.864,8217,8173,8147,
15.876,8217,8175,8144,
15.887,8214,8175,8147,
15.895,8214,8173,8147,
15.905,8214,8175,8147,
15.914,8214,8173,8147,
15.927,8208,8175,8147,
15.935,8208,8175,8147,
15.943,8208,8173,8147,
15.954,8206,8175,8147,
15.966,8208,8175,8147,
15.974,8214,8170,8134,
15.985,8208,8173,8149,
15.993,8203,8175,8157,
16.004,8200,8173,8152,
16.014,8200,8175,8152,
16.025,8198,8173,8154,
16.033,8198,8175,8154,
16.045,8198,8173,8154,
16.054,8195,8175,8157,
16.066,8188,8175,8161,
16.073,8188,8175,8163,
16.084,8182,8173,8167,
16.095,8179,8175,8172,
16.104,8174,8173,8174,
16.115,8171,8173,8180,
16.126,8168,8173,8182,
16.136,8166,8173,8187,
16.145,8147,8175,8218,
16.154,8152,8175,8205,
16.165,8144,8175,8213,
16.174,8128,8175,8228,
16.185,8125,8178,8231,
16.194,8125,8178,8235,
16.204,8114,8178,8238,
16.215,8106,8181,8246,
16.225,8103,8178,8254,
16.234,8097,8183,8259,
16.243,8092,8178,8261,
16.254,8083,8183,8266,
16.262,8077,8181,8274,
16.275,8072,8183,8277,
16.284,8064,8183,8284,
16.294,8058,8183,8290,
16.304,8053,8183,8295,
16.318,8047,8183,8300,
16.325,8042,8186,8309,
16.333,8034,8183,8311,
16.344,8028,8186,8316,
16.356,8026,8188,8321,
16.365,8007,8181,8342,
16.376,7970,8183,8378,
16.386,7986,8191,8360,
16.397,8003,8188,8342,
16.407,7998,8191,8344,
16.415,7995,8191,8352,
16.425,7986,8191,8352,
16.435,7986,8193,8357,
16.445,7983,8193,8362,
16.455,7975,8193,8368,
16.465,7967,8191,8370,
16.476,7967,8196,8375,
16.487,7961,8188,8373,
16.497,7959,8188,8375,
16.503,7959,8191,8378,
16.514,7951,8188,8382,
16.526,7953,8193,8385,
16.534,7956,8196,8382,
16.543,7956,8201,8388,
16.553,7953,8201,8393,
16.565,7901,8183,8444,
16.573,7881,8191,8462,
16.583,7909,8196,8434,
16.595,7942,8193,8398,
16.605,7937,8193,8400,
16.614,7940,8201,8403,
16.626,7940,8199,8400,
16.632,7934,8201,8406,
16.645,7934,8196,8406,
16.655,7937,8196,8400,
16.664,7929,8199,8403,
16.673,7934,8201,8403,
16.683,7923,8201,8406,
16.694,7921,8199,8411,
16.706,7923,8201,8416,
16.714,7926,8204,8411,
16.723,7909,8204,8421,
16.734,7909,8204,8426,
16.745,7904,8199,8426,
16.753,7895,8193,8431,
16.763,7870,8193,8467,
16.774,7818,8186,8528,
16.783,7827,8204,8503,
16.795,7881,8201,8449,
16.803,7895,8206,8434,
16.812,7889,8199,8434,
16.824,7895,8201,8434,
16.834,7909,8199,8426,
16.844,7906,8201,8426,
16.855,7898,8212,8429,
16.864,7904,8201,8421,
16.875,7909,8204,8418,
16.881,7912,8201,8421,
16.911,7921,8199,8413,
16.912,7912,8193,8408,
16.912,7918,8204,8411,
16.924,7929,8193,8408,
16.933,7934,8201,8403,
16.944,7923,8196,8406,
16.955,7926,8201,8403,
16.966,7898,8191,8436,
16.971,7851,8193,8495,
16.984,7906,8204,8436,
16.994,7926,8196,8418,
17.003,7932,8204,8406,
17.013,7940,8201,8400,
17.024,7942,8199,8403,
17.035,7932,8199,8400,
17.045,7937,8204,8398,
17.054,7932,8193,8398,
17.064,7945,8204,8398,
17.074,7940,8193,8398,
17.084,7942,8191,8395,
17.093,7945,8199,8395,
17.103,7940,8193,8393,
17.114,7951,8193,8388,
17.124,7953,8196,8390,
17.135,7953,8201,8385,
17.141,7951,8196,8385,
17.153,7951,8191,8385,
17.162,7898,8188,8434,
17.174,7881,8191,8454,
17.183,7895,8191,8454,
17.193,7948,8201,8388,
17.205,7961,8191,8375,
17.212,7970,8199,8370,
17.223,7972,8193,8365,
17.234,7975,8196,8362,
17.242,7978,8193,8357,
17.253,7986,8193,8357,
17.263,7988,8191,8350,
17.272,7991,8191,8344,
17.285,8000,8191,8339,
17.294,8003,8191,8337,
17.304,8009,8186,8332,
17.313,8012,8193,8332,
17.323,8020,8186,8324,
17.334,8018,8188,8321,
17.348,8026,8186,8316,
17.352,8031,8186,8311,
17.362,8031,8183,8319,
17.373,8000,8183,8355,
17.382,8042,8188,8305,
17.394,8053,8188,8297,
17.403,8058,8183,8284,
17.412,8069,8183,8277,
17.423,8083,8183,8266,
17.432,8092,8183,8256,
17.444,8101,8178,8248,
17.452,8109,8181,8241,
17.465,8120,8181,8231,
17.472,8122,8178,8226,
17.481,8128,8178,8223,
17.494,8136,8178,8216,
17.503,8141,8178,8213,
17.513,8144,8175,8208,
17.523,8150,8175,8205,
17.535,8155,8175,8203,
17.541,8160,8173,8195,
17.554,8166,8175,8190,
17.563,8171,8173,8187,
17.573,8171,8173,8185,
17.584,8177,8175,8180,
17.593,8177,8175,8174,
17.602,8182,8175,8174,
17.612,8182,8173,8174,
17.624,8185,8173,8172,
17.635,8198,8178,8154,
17.643,8203,8175,8161,
17.651,8203,8175,8154,
17.663,8206,8175,8149,
17.673,8211,8173,8144,
17.682,8217,8175,8142,
17.692,8217,8175,8142,
17.702,8219,8175,8139,
17.712,8219,8173,8136,
17.724,8222,8175,8136,
17.733,8225,8173,8134,
17.744,8225,8173,8131,
17.753,8227,8175,8129,
17.763,8233,8175,8124,
17.772,8252,8173,8103,
17.782,8244,8173,8113,
17.792,8235,8175,8126,
17.803,8235,8175,8124,
17.812,8235,8175,8121,
17.823,8238,8173,8118,
17.832,8241,8173,8116,
17.842,8244,8175,8116,
17.854,8249,8173,8111,
17.86,8252,8175,8108,
17.87,8257,8173,8103,
17.883,8260,8173,8100,
17.892,8265,8173,8095,
17.904,8268,8173,8093,
17.912,8276,8175,8087,
17.921,8283,8175,8080,
17.931,8283,8173,8075,
17.944,8285,8173,8073,
17.95,8293,8173,8068,
17.961,8307,8175,8055,
17.972,8350,8175,8004,
17.984,8342,8175,8029,
17.993,8318,8170,8050,
18.003,8318,8175,8050,
18.012,8326,8175,8045,
18.02,8329,8173,8039,
18.033,8334,8173,8037,
18.042,8337,8173,8032,
18.054,8337,8175,8032,
18.061,8342,8175,8027,
18.073,8345,8175,8021,
18.084,8347,8173,8024,
18.092,8353,8175,8015,
18.101,8353,8175,8013,
18.112,8356,8173,8010,
18.122,8353,8173,8010,
18.131,8356,8173,8010,
18.141,8358,8178,8001,
18.153,8364,8173,7994,
18.161,8393,8175,7973,
18.17,8444,8170,7907,
18.183,8390,8175,7968,
18.194,8361,8178,7999,
18.203,8358,8173,8004,
18.212,8364,8173,8001,
18.221,8361,8173,8010,
18.234,8361,8173,8008,
18.243,8361,8173,8004,
18.252,8358,8175,8004,
18.261,8358,8173,8008,
18.27,8356,8173,8008,
18.282,8356,8175,8008,
18.292,8353,8175,8010,
18.302,8356,8175,8013,
18.313,8350,8173,8015,
18.321,8356,8175,8013,
18.33,8347,8175,8013,
18.341,8350,8175,8015,
18.351,8350,8178,8010,
18.362,8369,8178,7994,
18.372,8425,8173,7931,
18.381,8404,8173,7950,
18.39,8358,8178,8001,
18.403,8350,8175,8013,
18.413,8353,8173,8013,
18.419,8347,8178,8015,
18.431,8347,8173,8013,
18.442,8347,8175,8013,
18.45,8347,8175,8015,
18.462,8347,8175,8015,
18.472,8350,8173,8013,
18.481,8345,8175,8015,
18.493,8345,8173,8015,
18.501,8347,8175,8015,
18.513,8342,8173,8018,
18.524,8342,8175,8021,
18.532,8339,8173,8024,
18.541,8339,8173,8027,
18.553,8339,8173,8027,
18.561,8358,8175,7996,
18.571,8406,8173,7953,
18.581,8356,8173,8013,
18.591,8329,8178,8034,
18.599,8323,8175,8034,
18.612,8326,8175,8037,
18.623,8323,8173,8039,
18.629,8320,8173,8039,
18.64,8323,8173,8045,
18.651,8323,8173,8042,
18.662,8318,8175,8045,
18.67,8318,8173,8047,
18.681,8315,8175,8045,
18.69,8312,8173,8047,
18.702,8310,8173,8052,
18.716,8310,8173,8055,
18.721,8307,8175,8055,
18.732,8304,8175,8055,
18.741,8304,8175,8055,
18.75,8301,8175,8057,
18.76,8312,8173,8047,
18.771,8347,8175,8001,
18.783,8312,8175,8045,
18.793,8293,8173,8065,
18.799,8291,8175,8062,
18.811,8293,8175,8065,
18.823,8291,8175,8065,
18.833,8291,8175,8065,
18.842,8288,8175,8068,
18.852,8288,8173,8073,
18.861,8285,8173,8070,
18.871,8285,8173,8073,
18.883,8283,8175,8075,
18.889,8283,8175,8078,
18.902,8283,8173,8078,
18.911,8283,8173,8080,
18.919,8283,8175,8080,
18.93,8276,8173,8087,
18.942,8276,8173,8087,
18.951,8273,8175,8087,
18.963,8283,8175,8075,
18.97,8304,8173,8050,
18.979,8288,8175,8070,
18.991,8271,8178,8093,
19.002,8265,8175,8098,
19.011,8265,8173,8100,
19.02,8260,8173,8103,
19.03,8260,8175,8106,
19.039,8254,8173,8108,
19.05,8252,8175,8111,
19.061,8252,8175,8111,
19.071,8252,8175,8113,
19.08,8249,8175,8113,
19.09,8249,8175,8116,
19.1,8249,8173,8116,
19.11,8246,8173,8116,
19.12,8246,8175,8116,
19.133,8244,8173,8116,
19.139,8244,8173,8118,
19.152,8244,8173,8118,
19.16,8246,8175,8111,
19.173,8265,8175,8095,
19.182,8246,8173,8116,
19.188,8233,8175,8126,
19.202,8233,8175,8124,
19.212,8235,8173,8124,
19.22,8235,8173,8126,
19.231,8233,8175,8126,
19.242,8230,8175,8129,
19.251,8230,8173,8129,
19.259,8230,8175,8129,
19.268,8227,8173,8131,
19.279,8227,8173,8131,
19.291,8225,8175,8134,
19.302,8225,8173,8134,
19.308,8225,8175,8136,
19.321,8222,8173,8136,
19.33,8219,8175,8139,
19.34,8219,8175,8139,
19.349,8217,8175,8142,
19.36,8222,8175,8142,
19.368,8227,8173,8126,
19.382,8217,8175,8142,
19.391,8208,8175,8152,
19.4,8206,8175,8149,
19.409,8200,8175,8152,
19.42,8195,8175,8157,
19.431,8192,8175,8161,
19.439,8185,8173,8167,
19.45,8182,8175,8172,
19.459,8177,8173,8174,
19.471,8171,8175,8180,
19.481,8168,8173,8182,
19.49,8168,8173,8185,
19.5,8158,8175,8198,
19.51,8155,8173,8190,
19.519,8144,8181,8205,
19.53,8139,8181,8213,
19.541,8131,8178,8218,
19.55,8122,8181,8228,
19.562,8112,8181,8241,
19.568,8088,8181,8266,
19.579,8097,8183,8251,
19.591,8092,8186,8256,
19.6,8085,8183,8264,
19.61,8080,8183,8269,
19.619,8074,8183,8274,
19.63,8064,8181,8279,
19.639,8061,8186,8287,
19.651,8053,8186,8292,
19.661,8045,8188,8300,
19.672,8034,8183,8311,
19.682,8020,8183,8321,
19.689,8012,8186,8326,
19.698,8007,8191,8337,
19.709,7998,8186,8342,
19.719,7988,8188,8347,
19.731,7991,8191,8352,
19.739,7978,8193,8355,
19.748,7980,8193,8360,
19.762,7948,8188,8388,
19.77,7909,8188,8434,
19.779,7929,8191,8421,
19.789,7961,8196,8382,
19.799,7964,8191,8373,
19.808,7961,8193,8378,
19.819,7964,8196,8382,
19.83,7956,8193,8390,
19.842,7948,8191,8393,
19.85,7951,8199,8395,
19.859,7948,8196,8400,
19.868,7932,8193,8400,
19.88,7934,8193,8406,
19.891,7929,8204,8408,
19.902,7921,8201,8413,
19.908,7915,8206,8418,
19.919,7915,8199,8424,
19.931,7909,8204,8424,
19.938,7901,8199,8429,
19.947,7893,8196,8442,
19.958,7835,8191,8495,
19.969,7793,8196,8541,
19.98,7854,8204,8498,
19.991,7886,8204,8462,
19.999,7889,8201,8444,
20.011,7886,8201,8444,
20.022,7889,8199,8444,
20.029,7889,8206,8442,
20.041,7889,8206,8442,
20.052,7906,8201,8442,
20.062,7895,8204,8434,
20.07,7886,8199,8439,
20.08,7898,8206,8434,
20.087,7895,8201,8434,
20.1,7906,8204,8431,
20.11,7904,8212,8429,
20.12,7909,8204,8424,
20.129,7906,8201,8426,
20.137,7915,8199,8424,
20.15,7918,8199,8424,
20.161,7881,8193,8456,
20.169,7820,8188,8510,
20.178,7857,8204,8505,
20.191,7901,8209,8434,
20.199,7923,8191,8418,
20.209,7912,8204,8418,
20.221,7912,8199,8416,
20.231,7915,8206,8416,
20.24,7912,8204,8416,
20.25,7923,8206,8416,
20.258,7921,8199,8411,
20.269,7926,8204,8411,
20.279,7932,8196,8408,
20.289,7932,8204,8406,
20.298,7929,8193,8406,
20.308,7945,8199,8403,
20.319,7932,8204,8403,
20.327,7937,8193,8398,
20.339,7940,8199,8398,
20.351,7937,8193,8395,
20.357,7915,8193,8424,
20.368,7857,8188,8472,
20.378,7912,8204,8436,
20.387,7932,8191,8395,
20.399,7948,8193,8390,
20.407,7959,8193,8385,
20.416,7961,8196,8375,
20.428,7959,8193,8375,
20.44,7961,8193,8375,
20.45,7961,8201,8370,
20.461,7972,8193,8370,
20.468,7970,8196,8365,
20.478,7978,8196,8365,
20.49,7986,8193,8357,
20.499,7980,8196,8357,
20.508,7986,8191,8350,
20.519,7995,8191,8347,
20.53,7998,8188,8347,
20.538,7998,8191,8344,
20.55,7998,8183,8342,
20.558,7983,8188,8360,
20.57,7953,8186,8411,
20.579,7988,8196,8360,
20.588,7991,8191,8347,
20.6,8003,8191,8339,
20.608,8003,8188,8334,
20.62,8009,8191,8332,
20.63,8015,8191,8332,
20.639,8020,8186,8326,
20.647,8018,8191,8324,
20.66,8023,8191,8324,
20.669,8020,8191,8321,
20.678,8023,8193,8321,
20.688,8020,8188,8321,
20.7,8023,8191,8321,
20.71,8023,8191,8319,
20.716,8026,8186,8319,
20.732,8034,8188,8316,
20.739,8037,8186,8314,
20.748,8039,8186,8311,
20.761,8028,8183,8321,
20.769,8003,8186,8352,
20.778,8031,8186,8314,
20.788,8058,8186,8290,
20.798,8069,8183,8282,
20.809,8072,8183,8279,
20.819,8085,8183,8272,
20.829,8085,8181,8264,
20.84,8097,8181,8256,
20.846,8103,8181,8251,
20.859,8109,8181,8243,
20.867,8117,8181,8235,
20.88,8125,8181,8228,
20.889,8131,8183,8223,
20.9,8136,8181,8216,
20.909,8144,8181,8210,
20.92,8150,8178,8203,
20.928,8158,8178,8198,
20.939,8163,8178,8192,
20.947,8168,8178,8185,
20.961,8174,8178,8182,
20.97,8177,8173,8185,
20.976,8179,8178,8177,
20.987,8179,8170,8174,
20.999,8182,8173,8169,
21.011,8195,8173,8163,
21.018,8200,8173,8152,
21.028,8208,8173,8149,
21.04,8211,8173,8144,
21.048,8219,8175,8139,
21.06,8225,8175,8134,
21.066,8230,8173,8126,
21.079,8235,8175,8124,
21.089,8244,8173,8116,
21.098,8249,8175,8111,
21.107,8254,8175,8103,
21.118,8263,8175,8100,
21.129,8268,8175,8093,
21.138,8273,8175,8083,
21.148,8283,8175,8078,
21.157,8293,8178,8062,
21.166,8337,8173,8018,
21.179,8323,8175,8037,
21.188,8304,8173,8057,
21.197,8307,8175,8055,
21.206,8312,8175,8047,
21.217,8318,8175,8045,
21.228,8320,8175,8042,
21.237,8323,8175,8039,
21.248,8326,8175,8034,
21.259,8337,8173,8029,
21.268,8334,8175,8029,
21.278,8339,8173,8027,
21.286,8345,8173,8024,
21.298,8345,8175,8021,
21.307,8350,8173,8015,
21.316,8350,8173,8015,
21.329,8347,8173,8018,
21.338,8350,8175,8015,
21.35,8358,8173,8010,
21.358,8382,8175,7978,
21.369,8436,8178,7920,
21.378,8387,8175,7981,
21.389,8358,8173,8001,
21.4,8356,8173,8004,
21.409,8358,8173,8004,
21.419,8358,8175,8004,
21.428,8358,8175,8008,
21.438,8358,8178,8001,
21.448,8366,8175,7994,
21.456,8369,8175,7996,
21.468,8377,8178,7994,
21.477,8382,8173,7996,
21.486,8382,8173,7991,
21.498,8377,8175,7989,
21.508,8385,8175,7989,
21.518,8382,8175,7986,
21.527,8387,8173,7991,
21.536,8387,8175,7986,
21.548,8387,8175,7983,
21.557,8406,8175,7960,
21.569,8479,8165,7889,
21.577,8428,8175,7941,
21.586,8396,8178,7978,
21.598,8390,8173,7986,
21.607,8390,8173,7986,
21.616,8390,8173,7983,
21.629,8387,8173,7986,
21.638,8385,8175,7983,
21.648,8387,8178,7986,
21.656,8385,8175,7983,
21.666,8382,8173,7986,
21.677,8379,8173,7989,
21.688,8379,8173,7989,
21.698,8372,8173,7986,
21.707,8369,8173,7994,
21.718,8377,8173,7994,
21.727,8369,8175,7999,
21.739,8366,8175,7999,
21.746,8364,8175,7999,
21.758,8382,8175,7983,
21.768,8436,8175,7922,
21.777,8390,8173,7973,
21.787,8353,8175,8010,
21.797,8350,8173,8015,
21.808,8345,8175,8015,
21.819,8342,8173,8018,
21.825,8339,8175,8024,
21.835,8337,8173,8024,
21.847,8334,8175,8029,
21.859,8334,8175,8032,
21.865,8331,8178,8032,
21.878,8331,8175,8034,
21.887,8329,8178,8034,
21.897,8329,8173,8037,
21.907,8329,8175,8039,
21.916,8326,8175,8039,
21.927,8326,8173,8037,
21.938,8323,8175,8039,
21.95,8326,8173,8039,
21.955,8337,8173,8027,
21.966,8382,8173,7976,
21.976,8358,8173,7999,
21.988,8326,8175,8037,
21.996,8318,8175,8039,
22.008,8318,8175,8045,
22.017,8315,8173,8045,
22.028,8315,8175,8045,
22.038,8312,8175,8047,
22.047,8312,8173,8050,
22.058,8312,8170,8050,
22.067,8310,8173,8050,
22.077,8310,8173,8050,
22.085,8312,8175,8052,
22.096,8310,8173,8055,
22.106,8307,8173,8057,
22.117,8304,8175,8057,
22.128,8301,8175,8057,
22.137,8299,8175,8057,
22.146,8304,8175,8057,
22.158,8323,8175,8039,
22.166,8353,8173,7996,
22.176,8315,8178,8042,
22.186,8299,8178,8068,
22.198,8291,8173,8065,
22.207,8291,8175,8065,
22.216,8285,8173,8068,
22.227,8283,8173,8070,
22.236,8283,8173,8073,
22.246,8283,8175,8078,
22.257,8283,8175,8078,
22.266,8279,8175,8078,
22.277,8283,8175,8078,
22.286,8279,8175,8078,
22.296,8279,8178,8083,
22.306,8279,8175,8083,
22.318,8276,8175,8083,
22.327,8276,8175,8087,
22.336,8273,8178,8087,
22.346,8273,8173,8089,
22.356,8283,8175,8075,
22.367,8307,8173,8047,
22.376,8288,8175,8070,
22.385,8271,8175,8095,
22.394,8268,8175,8095,
22.407,8268,8175,8095,
22.416,8265,8173,8095,
22.426,8265,8173,8098,
22.437,8265,8175,8098,
22.445,8263,8173,8100,
22.457,8265,8175,8098,
22.467,8263,8175,8098,
22.476,8263,8175,8100,
22.486,8263,8173,8103,
22.495,8260,8175,8103,
22.505,8260,8173,8103,
22.515,8260,8173,8103,
22.526,8257,8175,8103,
22.538,8257,8175,8103,
22.547,8257,8175,8106,
22.556,8265,8175,8100,
22.565,8283,8175,8073,
22.576,8265,8173,8100,
22.587,8252,8175,8108,
22.595,8249,8173,8111,
22.606,8249,8173,8111,
22.616,8249,8175,8113,
22.625,8246,8173,8116,
22.635,8244,8175,8116,
22.648,8244,8173,8116,
22.657,8241,8175,8118,
22.666,8241,8178,8121,
22.678,8238,8175,8121,
22.685,8238,8175,8124,
22.695,8235,8175,8124,
22.707,8235,8175,8124,
22.715,8233,8175,8124,
22.727,8233,8178,8124,
22.733,8233,8175,8126,
22.747,8233,8175,8126,
22.757,8235,8178,8124,
22.765,8252,8175,8103,
22.775,8235,8173,8124,
22.785,8227,8173,8134,
22.796,8227,8175,8129,
22.804,8230,8175,8129,
22.815,8230,8173,8129,
22.825,8230,8173,8129,
22.835,8230,8175,8131,
22.847,8227,8173,8131,
22.855,8227,8173,8134,
22.866,8225,8175,8136,
22.876,8222,8173,8136,
22.886,8222,8173,8136,
22.897,8219,8175,8139,
22.905,8217,8173,8144,
22.917,8217,8173,8144,
22.928,8214,8175,8147,
22.936,8211,8173,8149,
22.945,8203,8175,8154,
22.955,8200,8175,8157,
22.967,8200,8173,8154,
22.975,8192,8173,8169,
22.985,8182,8178,8172,
22.997,8177,8173,8180,
23.006,8171,8175,8182,
23.014,8166,8173,8190,
23.026,8141,8181,8203,
23.035,8136,8178,8223,
23.047,8122,8178,8228,
23.055,8112,8181,8243,
23.064,8097,8181,8254,
23.075,8088,8181,8264,
23.084,8074,8181,8274,
23.095,8066,8183,8284,
23.104,8055,8186,8290,
23.114,8047,8183,8297,
23.126,8037,8186,8309,
23.134,8034,8188,8314,
23.149,8028,8186,8321,
23.157,8007,8183,8339,
23.167,7961,8186,8382,
23.174,7998,8193,8350,
23.186,7991,8191,8355,
23.196,7991,8188,8352,
23.207,7986,8193,8355,
23.216,7983,8188,8357,
23.226,7978,8193,8360,
23.236,7980,8191,8360,
23.246,7978,8193,8360,
23.254,7972,8191,8365,
23.267,7970,8193,8370,
23.275,7964,8196,8370,
23.287,7967,8199,8373,
23.297,7961,8196,8375,
23.307,7959,8193,8375,
23.316,7953,8196,8382,
23.324,7951,8193,8382,
23.335,7959,8196,8385,
23.345,7956,8193,8393,
23.355,7921,8193,8418,
23.364,7867,8188,8477,
23.374,7915,8204,8426,
23.407,7926,8199,8418,
23.412,7932,8196,8413,
23.412,7921,8201,8416,
23.413,7915,8196,8418,
23.424,7912,8204,8418,
23.435,7912,8199,8426,
23.444,7904,8193,8426,
23.453,7886,8201,8431,
23.464,7906,8204,8431,
23.473,7898,8204,8434,
23.485,7898,8206,8442,
23.496,7901,8214,8439,
23.506,7884,8204,8442,
23.516,7893,8206,8442,
23.526,7889,8204,8442,
23.537,7886,8196,8447,
23.546,7886,8199,8447,
23.556,7818,8201,8516,
23.565,7779,8186,8548,
23.574,7818,8209,8528,
23.583,7865,8206,8472,
23.597,7889,8199,8454,
23.604,7875,8199,8449,
23.615,7881,8204,8449,
23.624,7875,8212,8449,
23.636,7881,8204,8449,
23.645,7875,8209,8449,
23.657,7881,8206,8449,
23.666,7884,8201,8449,
23.674,7881,8201,8447,
23.685,7875,8214,8447,
23.694,7889,8199,8444,
23.703,7867,8214,8442,
23.715,7886,8204,8444,
23.724,7884,8206,8442,
23.735,7881,8204,8442,
23.747,7881,8204,8444,
23.756,7862,8196,8472,
23.763,7791,8199,8538,
23.776,7812,8201,8528,
23.784,7865,8217,8462,
23.793,7886,8206,8449,
23.805,7886,8201,8442,
23.816,7901,8209,8439,
23.827,7889,8204,8442,
23.834,7895,8204,8442,
23.845,7895,8209,8434,
23.855,7889,8206,8436,
23.865,7898,8204,8436,
23.874,7901,8204,8434,
23.885,7884,8201,8439,
23.895,7893,8206,8444,
23.904,7895,8212,8442,
23.914,7893,8201,8447,
23.924,7878,8204,8444,
23.934,7898,8204,8439,
23.945,7901,8201,8436,
23.955,7843,8193,8474,
23.964,7804,8191,8528,
23.975,7873,8212,8472,
23.986,7886,8212,8442,
23.995,7909,8206,8426,
24.006,7918,8206,8424,
24.016,7918,8193,8418,
24.024,7932,8204,8413,
24.036,7926,8201,8413,
24.042,7926,8193,8411,
24.055,7923,8199,8403,
24.063,7940,8191,8400,
24.075,7937,8199,8395,
24.086,7942,8193,8393,
24.094,7953,8204,8388,
24.103,7953,8201,8382,
24.113,7967,8199,8375,
24.122,7961,8196,8375,
24.133,7975,8193,8365,
24.144,7961,8199,8362,
24.154,7953,8193,8382,
24.169,7918,8181,8418,
24.174,7970,8199,8375,
24.185,7986,8191,8355,
24.194,7998,8191,8339,
24.205,8003,8196,8334,
24.213,8012,8186,8329,
24.225,8015,8186,8321,
24.234,8026,8191,8314,
24.245,8034,8188,8311,
24.251,8045,8188,8297,
24.262,8053,8186,8290,
24.275,8058,8188,8282,
24.284,8074,8188,8274,
24.294,8080,8186,8266,
24.303,8092,8183,8259,
24.315,8103,8181,8251,
24.323,8109,8183,8243,
24.334,8122,8183,8235,
24.343,8131,8181,8228,
24.353,8133,8178,8223,
24.365,8131,8175,8223,
24.374,8150,8178,8213,
24.384,8158,8178,8198,
24.394,8166,8173,8187,
24.403,8171,8173,8182,
24.415,8179,8173,8177,
24.421,8179,8173,8177,
24.434,8182,8173,8174,
24.444,8185,8173,8169,
24.454,8198,8175,8161,
24.465,8208,8173,8154,
24.475,8214,8173,8142,
24.503,8219,8175,8136,
24.507,8227,8173,8129,
24.508,8233,8173,8126,
24.514,8238,8173,8121,
24.523,8241,8173,8116,
24.534,8249,8175,8111,
24.545,8254,8175,8106,
24.553,8268,8173,8089,
24.563,8293,8175,8055,
24.575,8276,8173,8083,
24.583,8271,8175,8089,
24.592,8273,8173,8087,
24.602,8279,8175,8080,
24.613,8283,8175,8078,
24.623,8283,8173,8073,
24.632,8285,8175,8070,
24.642,8288,8175,8065,
24.655,8296,8175,8060,
24.665,8299,8173,8060,
24.675,8304,8173,8057,
24.683,8304,8175,8055,
24.695,8304,8175,8052,
24.705,8310,8173,8052,
24.716,8310,8175,8052,
24.722,8312,8175,8052,
24.731,8315,8173,8047,
24.743,8315,8175,8050,
24.752,8326,8175,8034,
24.765,8366,8175,7986,
24.772,8347,8178,8008,
24.785,8318,8175,8047,
24.794,8312,8173,8047,
24.804,8307,8175,8052,
24.813,8301,8175,8055,
24.822,8301,8175,8057,
24.834,8299,8175,8057,
24.843,8299,8175,8060,
24.853,8299,8175,8060,
24.861,8296,8175,8062,
24.872,8296,8175,8062,
24.883,8296,8175,8062,
24.893,8296,8175,8062,
24.9,8296,8175,8065,
24.912,8299,8173,8065,
24.923,8299,8173,8062,
24.932,8296,8173,8062,
24.942,8296,8175,8065,
24.954,8310,8173,8055,
24.964,8347,8173,8018,
24.976,8326,8175,8039,
24.982,8301,8173,8065,
24.994,8299,8175,8065,
25.002,8299,8175,8065,
25.016,8296,8173,8068,
25.023,8296,8175,8068,
25.034,8299,8173,8065,
25.043,8299,8175,8065,
25.055,8301,8173,8060,
25.064,8301,8173,8057,
25.072,8304,8175,8057,
25.082,8307,8175,8057,
25.092,8307,8175,8055,
25.102,8310,8175,8052,
25.112,8310,8175,8052,
25.123,8312,8175,8050,
25.133,8315,8173,8047,
25.143,8320,8175,8039,
25.153,8342,8175,8018,
25.162,8398,8175,7955,
25.172,8377,8175,7989,
25.183,8339,8173,8024,
25.193,8334,8175,8027,
25.204,8331,8175,8029,
25.213,8329,8175,8032,
25.222,8331,8173,8034,
25.233,8326,8175,8034,
25.242,8326,8175,8037,
25.253,8329,8173,8037,
25.263,8326,8173,8032,
25.271,8326,8173,8037,
25.282,8326,8173,8037,
25.294,8326,8175,8037,
25.306,8323,8175,8037,
25.312,8326,8175,8034,
25.322,8326,8173,8037,
25.332,8326,8175,8034,
25.343,8329,8175,8029,
25.353,8353,8175,8004,
25.365,8396,8175,7958,
25.373,8347,8175,8010,
25.382,8329,8173,8037,
25.393,8329,8173,8037,
25.402,8331,8175,8029,
25.412,8334,8173,8029,
25.423,8337,8173,8027,
25.431,8342,8175,8021,
25.442,8345,8175,8024,
25.45,8350,8175,8015,
25.463,8350,8175,8015,
25.471,8353,8175,8013,
25.483,8358,8173,8010,
25.494,8358,8175,8010,
25.502,8358,8175,8008,
25.512,8361,8178,8004,
25.524,8364,8173,8001,
25.532,8364,8175,8004,
25.541,8366,8175,7996,
25.552,8393,8175,7973,
25.561,8444,8183,7912,
25.573,8401,8173,7973,
25.584,8369,8175,7996,
25.592,8366,8173,8001,
25.603,8369,8178,7999,
25.615,8364,8178,8001,
25.621,8361,8178,8008,
25.631,8361,8178,8001,
25.641,8353,8178,8008,
25.653,8356,8173,8008,
25.662,8350,8178,8013,
25.672,8350,8178,8013,
25.681,8347,8181,8015,
25.692,8345,8175,8015,
25.703,8342,8178,8021,
25.711,8339,8175,8018,
25.723,8337,8175,8024,
25.732,8337,8175,8024,
25.742,8339,8173,8029,
25.75,8358,8173,8001,
25.761,8401,8173,7955,
25.772,8353,8175,8013,
25.78,8329,8175,8039,
25.791,8326,8175,8037,
25.8,8323,8175,8042,
25.811,8320,8173,8039,
25.82,8320,8173,8042,
25.831,8318,8175,8047,
25.841,8318,8173,8045,
25.851,8315,8175,8050,
25.863,8312,8173,8050,
25.873,8310,8175,8052,
25.882,8307,8175,8055,
25.892,8304,8175,8055,
25.902,8301,8173,8057,
25.912,8301,8175,8057,
25.921,8299,8175,8060,
25.934,8296,8175,8062,
25.943,8296,8175,8065,
25.951,8304,8173,8052,
25.961,8337,8173,8015,
25.97,8304,8175,8052,
25.981,8285,8178,8073,
25.991,8283,8175,8073,
26,8283,8173,8073,
26.012,8283,8175,8075,
26.021,8283,8175,8078,
26.032,8279,8175,8080,
26.041,8276,8175,8083,
26.052,8276,8173,8083,
26.061,8276,8175,8083,
26.071,8276,8173,8087,
26.082,8273,8175,8089,
26.092,8271,8175,8089,
26.103,8271,8175,8093,
26.113,8268,8175,8095,
26.121,8263,8175,8098,
26.13,8263,8175,8100,
26.142,8260,8173,8103,
26.152,8265,8173,8098,
26.162,8283,8168,8068,
26.172,8265,8173,8100,
26.181,8249,8178,8113,
26.192,8252,8175,8111,
26.2,8249,8175,8111,
26.213,8246,8175,8113,
26.223,8246,8175,8113,
26.232,8244,8173,8116,
26.24,8244,8173,8118,
26.25,8241,8175,8121,
26.26,8241,8175,8121,
26.271,8235,8175,8124,
26.283,8233,8175,8126,
26.291,8230,8175,8129,
26.301,8225,8175,8131,
26.312,8222,8173,8134,
26.322,8214,8175,8142,
26.331,8208,8173,8147,
26.341,8203,8175,8149,
26.352,8200,8173,8154,
26.36,8200,8173,8149,
26.371,8192,8175,8167,
26.383,8179,8175,8172,
26.394,8174,8173,8177,
26.402,8171,8175,8182,
26.412,8163,8173,8190,
26.42,8133,8181,8216,
26.432,8141,8178,8216,
26.44,8136,8178,8216,
26.451,8128,8178,8226,
26.461,8117,8181,8235,
26.47,8112,8178,8243,
26.48,8103,8181,8248,
26.49,8094,8183,8256,
26.502,8088,8181,8264,
26.511,8074,8183,8274,
26.522,8069,8183,8279,
26.53,8061,8183,8290,
26.541,8053,8183,8297,
26.549,8015,8181,8329,
26.558,7995,8186,8350,
26.57,8012,8191,8326,
26.582,8007,8188,8329,
26.613,8009,8186,8334,
26.614,8007,8193,8342,
26.615,7988,8188,8350,
26.62,7991,8193,8355,
26.632,7980,8193,8360,
26.642,7980,8191,8365,
26.652,7964,8193,8368,
26.663,7967,8193,8375,
26.671,7956,8193,8378,
26.682,7959,8196,8385,
26.692,7951,8199,8390,
26.701,7942,8201,8393,
26.711,7940,8204,8398,
26.722,7934,8196,8403,
26.73,7929,8199,8408,
26.74,7923,8199,8413,
26.753,7893,8199,8447,
26.759,7840,8196,8508,
26.772,7848,8199,8500,
26.78,7895,8206,8439,
26.791,7912,8201,8421,
26.799,7898,8201,8426,
26.808,7895,8196,8426,
26.821,7918,8201,8424,
26.829,7915,8206,8424,
26.839,7904,8204,8424,
26.85,7912,8199,8418,
26.861,7901,8201,8424,
26.869,7909,8204,8424,
26.881,7909,8206,8426,
26.895,7909,8206,8426,
26.9,7912,8196,8426,
26.912,7912,8204,8421,
26.921,7904,8196,8421,
26.93,7901,8196,8424,
26.939,7904,8199,8426,
26.952,7884,8206,8454,
26.958,7807,8186,8522,
26.968,7881,8209,8454,
26.979,7893,8206,8447,
26.99,7898,8206,8436,
27.001,7889,8209,8434,
27.009,7893,8201,8434,
27.022,7904,8199,8434,
27.029,7893,8199,8431,
27.04,7898,8209,8436,
27.05,7898,8209,8434,
27.061,7909,8191,8434,
27.07,7906,8204,8429,
27.082,7904,8201,8429,
27.089,7915,8201,8429,
27.098,7904,8204,8424,
27.11,7912,8206,8424,
27.12,7918,8206,8418,
27.128,7912,8209,8416,
27.141,7912,8196,8424,
27.151,7865,8188,8477,
27.161,7846,8199,8500,
27.17,7893,8204,8449,
27.18,7912,8206,8424,
27.191,7923,8199,8408,
27.199,7940,8201,8403,
27.209,7942,8204,8395,
27.221,7948,8201,8395,
27.229,7945,8204,8390,
27.24,7937,8196,8390,
27.249,7953,8193,8388,
27.26,7951,8191,8382,
27.271,7961,8199,8382,
27.279,7951,8188,8382,
27.29,7961,8191,8378,
27.3,7964,8188,8375,
27.309,7964,8193,8373,
27.321,7959,8199,8373,
27.33,7956,8196,8373,
27.341,7970,8196,8373,
27.352,7923,8188,8416,
27.36,7904,8188,8439,
27.37,7948,8196,8408,
27.378,7967,8193,8373,
27.39,7983,8193,8362,
27.399,7980,8191,8362,
27.408,7983,8199,8360,
27.419,7983,8199,8357,
27.43,7983,8191,8355,
27.439,7988,8199,8355,
27.449,7995,8186,8350,
27.459,7998,8196,8347,
27.472,8000,8188,8342,
27.478,8000,8191,8339,
27.489,8003,8188,8337,
27.5,8007,8191,8334,
27.509,8015,8188,8332,
27.52,8015,8191,8326,
27.532,8026,8186,8321,
27.54,8028,8188,8316,
27.549,8023,8186,8324,
27.558,7995,8183,8355,
27.569,8026,8186,8329,
27.579,8053,8186,8297,
27.588,8061,8183,8287,
27.599,8069,8186,8282,
27.608,8077,8183,8274,
27.618,8088,8178,8266,
27.629,8094,8183,8259,
27.64,8097,8178,8251,
27.649,8109,8178,8246,
27.661,8112,8181,8241,
27.67,8117,8178,8235,
27.682,8125,8181,8228,
27.691,8131,8178,8223,
27.7,8136,8178,8218,
27.71,8139,8178,8216,
27.718,8144,8178,8210,
27.729,8150,8175,8208,
27.739,8150,8175,8205,
27.747,8150,8175,8208,
27.759,8144,8173,8208,
27.769,8155,8175,8200,
27.779,8158,8175,8198,
27.791,8160,8178,8195,
27.798,8160,8175,8192,
27.809,8166,8175,8190,
27.817,8168,8175,8187,
27.829,8171,8175,8185,
27.838,8174,8173,8182,
27.848,8174,8173,8180,
27.858,8177,8173,8180,
27.868,8179,8173,8177,
27.877,8177,8175,8177,
27.889,8179,8173,8177,
27.898,8179,8175,8177,
27.909,8179,8178,8177,
27.918,8179,8175,8177,
27.928,8179,8178,8177,
27.94,8177,8178,8177,
27.948,8179,8178,8174,
27.961,8177,8178,8174,
27.969,8179,8173,8172,
27.979,8182,8181,8172,
27.989,8188,8178,8157,
27.999,8185,8178,8167,
28.008,8185,8175,8167,
28.019,8185,8175,8167,
28.029,8185,8173,8167,
28.039,8188,8173,8167,
28.048,8188,8175,8167,
28.059,8188,8173,8167,
28.067,8188,8175,8167,
28.079,8188,8173,8167,
28.087,8192,8173,8167,
28.096,8192,8175,8167,
28.107,8188,8175,8167,
28.12,8188,8175,8167,
28.129,8192,8175,8167,
28.14,8188,8175,8169,
28.148,8192,8175,8163,
28.16,8198,8178,8154,
28.169,8192,8178,8163,
28.178,8185,8173,8157,
28.188,8188,8178,8167,
28.199,8192,8175,8163,
28.21,8192,8175,8163,
28.218,8192,8173,8163,
28.231,8195,8173,8161,
28.24,8195,8175,8161,
28.25,8195,8175,8157,
28.261,8195,8175,8157,
28.269,8195,8173,8154,
28.279,8198,8175,8154,
28.291,8198,8175,8154,
28.3,8198,8175,8154,
28.308,8198,8173,8154,
28.319,8198,8173,8154,
28.328,8198,8178,8157,
28.337,8198,8178,8154,
28.348,8200,8178,8154,
28.36,8208,8168,8144,
28.369,8200,8175,8154,
28.38,8198,8178,8157,
28.387,8198,8178,8152,
28.398,8200,8175,8152,
28.409,8200,8178,8152,
28.42,8203,8178,8149,
28.431,8203,8175,8149,
28.437,8203,8173,8152,
28.446,8203,8175,8152,
28.457,8208,8175,8152,
28.47,8208,8173,8152,
28.477,8208,8173,8152,
28.488,8208,8173,8149,
28.497,8211,8173,8149,
28.509,8211,8175,8149,
28.518,8211,8173,8147,
28.527,8214,8175,8147,
28.54,8217,8175,8142,
28.549,8225,8175,8134,
28.558,8241,8173,8113,
28.57,8233,8175,8124,
28.577,8233,8178,8121,
28.589,8246,8175,8113,
28.596,8257,8175,8103,
28.609,8268,8175,8093,
28.618,8279,8175,8080,
28.627,8288,8173,8068,
28.639,8304,8175,8057,
28.648,8312,8175,8050,
28.658,8323,8175,8039,
28.668,8331,8175,8034,
28.679,8337,8175,8034,
28.688,8342,8173,8027,
28.699,8342,8175,8024,
28.706,8345,8175,8021,
28.719,8350,8175,8018,
28.725,8353,8175,8013,
28.737,8358,8175,8008,
28.748,8393,8175,7976,
28.76,8447,8175,7907,
28.768,8396,8181,7973,
28.776,8364,8175,7994,
28.787,8364,8173,7994,
28.798,8361,8173,8004,
28.807,8361,8173,8001,
28.816,8361,8175,8001,
28.829,8358,8173,8008,
28.839,8358,8175,8004,
28.849,8356,8173,8015,
28.856,8353,8175,8013,
28.868,8353,8175,8013,
28.877,8350,8175,8015,
28.888,8356,8175,8010,
28.896,8353,8170,8015,
28.908,8353,8175,8013,
28.919,8353,8175,8018,
28.929,8353,8175,8013,
28.938,8356,8175,8013,
28.947,8366,8175,7996,
28.957,8425,8175,7934,
28.966,8406,8175,7965,
28.98,8358,8173,8015,
28.988,8353,8175,8015,
28.997,8353,8173,8015,
29.007,8350,8173,8015,
29.016,8353,8175,8015,
29.026,8350,8173,8018,
29.038,8350,8175,8015,
29.049,8350,8175,8018,
29.059,8350,8173,8015,
29.067,8350,8175,8015,
29.076,8350,8175,8015,
29.087,8347,8175,8013,
29.098,8350,8178,8015,
29.109,8350,8175,8013,
29.117,8356,8178,8013,
29.125,8356,8175,8013,
29.139,8353,8175,8010,
29.146,8369,8175,7986,
29.158,8423,8173,7936,
29.169,8379,8178,7986,
29.176,8353,8173,8015,
29.187,8345,8175,8024,
29.198,8345,8175,8024,
29.207,8345,8173,8024,
29.218,8342,8178,8024,
29.226,8342,8175,8024,
29.239,8345,8173,8027,
29.245,8342,8173,8027,
29.257,8342,8175,8027,
29.268,8339,8175,8027,
29.277,8339,8175,8027,
29.285,8337,8173,8027,
29.299,8334,8173,8032,
29.308,8331,8175,8032,
29.318,8329,8173,8032,
29.328,8326,8173,8039,
29.335,8329,8175,8037,
29.349,8347,8175,8013,
29.358,8390,8175,7971,
29.366,8347,8175,8018,
29.376,8318,8173,8042,
29.386,8318,8173,8047,
29.399,8318,8175,8047,
29.409,8315,8175,8050,
29.415,8318,8175,8047,
29.428,8315,8175,8050,
29.437,8312,8175,8052,
29.449,8312,8175,8052,
29.456,8312,8175,8052,
29.467,8310,8173,8050,
29.476,8312,8178,8050,
29.486,8310,8175,8052,
29.495,8307,8178,8052,
29.507,8307,8178,8060,
29.517,8304,8178,8057,
29.528,8304,8178,8057,
29.538,8304,8175,8060,
29.544,8312,8178,8045,
29.555,8350,8173,8010,
29.568,8315,8178,8042,
29.577,8299,8178,8060,
29.584,8299,8175,8060,
29.596,8296,8175,8062,
29.61,8293,8173,8068,
29.617,8291,8173,8068,
29.627,8288,8175,8070,
29.637,8288,8175,8070,
29.649,8288,8175,8070,
29.657,8283,8173,8073,
29.666,8285,8175,8075,
29.677,8283,8175,8075,
29.689,8283,8175,8075,
29.699,8283,8175,8078,
29.707,8283,8173,8078,
29.717,8279,8175,8078,
29.727,8276,8175,8080,
29.738,8276,8173,8083,
29.748,8283,8175,8073,
29.758,8310,8181,8050,
29.768,8283,8173,8075,
29.776,8271,8178,8095,
29.789,8268,8173,8095,
29.796,8268,8175,8095,
29.806,8268,8175,8095,
29.819,8268,8178,8095,
29.826,8265,8178,8100,
29.837,8265,8178,8098,
29.849,8263,8178,8100,
29.858,8260,8178,8100,
29.866,8260,8178,8103,
29.878,8257,8178,8103,
29.885,8257,8178,8106,
29.898,8254,8175,8108,
29.907,8254,8175,8106,
29.916,8254,8173,8108,
29.926,8249,8175,8111,
29.936,8249,8173,8108,
29.946,8260,8175,8098,
29.955,8283,8175,8073,
29.966,8260,8175,8098,
29.976,8244,8175,8121,
29.984,8244,8175,8116,
29.998,8244,8178,8118,
30.005,8244,8175,8118,
30.018,8241,8175,8118,
30.025,8241,8175,8121,
30.039,8241,8175,8124,
30.045,8238,8175,8124,
30.057,8235,8175,8126,
30.065,8238,8175,8126,
30.077,8235,8175,8124,
30.086,8233,8175,8126,
30.097,8233,8175,8126,
30.106,8230,8175,8129,
30.115,8230,8175,8129,
30.126,8225,8175,8129,
30.135,8225,8175,8131,
30.146,8230,8175,8126,
30.157,8241,8173,8113,
30.168,8233,8173,8126,
30.176,8219,8175,8139,
30.187,8217,8175,8136,
30.196,8217,8175,8139,
30.207,8214,8175,8142,
30.216,8214,8175,8144,
30.227,8211,8175,8144,
30.235,8211,8175,8144,
30.246,8211,8175,8147,
30.257,8211,8175,8147,
30.265,8211,8175,8147,
30.275,8208,8175,8147,
30.287,8206,8175,8149,
30.296,8206,8175,8149,
30.305,8200,8175,8152,
30.317,8200,8175,8154,
30.325,8195,8175,8161,
30.334,8188,8173,8163,
30.346,8182,8175,8169,
30.356,8179,8183,8169,
30.366,8174,8175,8177,
30.375,8168,8175,8185,
30.385,8163,8175,8187,
30.395,8147,8175,8208,
30.405,8150,8173,8198,
30.414,8141,8178,8210,
30.427,8133,8181,8218,
30.436,8125,8181,8226,
30.445,8114,8178,8235,
30.455,8103,8181,8246,
30.465,8092,8181,8256,
30.473,8080,8181,8269,
30.486,8069,8183,8279,
30.495,8058,8186,8290,
30.507,8045,8183,8300,
30.516,8034,8188,8311,
30.525,8026,8186,8319,
30.533,8012,8188,8332,
30.545,7964,8183,8373,
30.557,7940,8188,8408,
30.563,7942,8191,8416,
30.575,7967,8193,8375,
30.586,7959,8193,8378,
30.596,7948,8193,8385,
30.606,7951,8201,8393,
30.614,7937,8196,8393,
30.628,7934,8199,8398,
30.635,7929,8199,8403,
30.646,7926,8196,8406,
30.654,7929,8204,8411,
30.668,7918,8196,8418,
30.676,7909,8204,8421,
30.685,7915,8206,8424,
30.695,7904,8196,8431,
30.706,7912,8201,8431,
30.716,7898,8199,8434,
30.726,7893,8204,8442,
30.735,7884,8206,8447,
30.745,7832,8191,8500,
30.756,7787,8199,8554,
30.766,7827,8206,8510,
30.775,7865,8206,8467,
30.784,7884,8206,8456,
30.795,7878,8199,8459,
30.806,7867,8212,8454,
30.815,7867,8209,8454,
30.825,7878,8196,8456,
30.834,7875,8214,8454,
30.846,7878,8206,8456,
30.857,7875,8204,8454,
30.863,7873,8209,8454,
30.878,7865,8214,8454,
30.885,7881,8212,8454,
30.894,7867,8209,8454,
30.907,7889,8209,8449,
30.915,7881,8204,8447,
30.927,7884,8206,8449,
30.933,7878,8204,8447,
30.943,7846,8209,8477,
30.956,7787,8204,8541,
30.965,7867,8209,8472,
30.976,7881,8209,8444,
30.986,7889,8206,8436,
30.994,7904,8204,8436,
31.006,7904,8199,8431,
31.015,7901,8206,8426,
31.025,7906,8206,8424,
31.035,7898,8206,8421,
31.045,7909,8199,8418,
31.056,7912,8206,8416,
31.065,7912,8199,8416,
31.073,7918,8199,8416,
31.084,7921,8193,8413,
31.094,7932,8196,8411,
31.103,7921,8206,8411,
31.112,7918,8204,8411,
31.125,7926,8196,8411,
31.136,7918,8199,8413,
31.145,7884,8183,8447,
31.155,7835,8196,8498,
31.162,7859,8196,8508,
31.174,7906,8209,8426,
31.186,7921,8201,8411,
31.196,7918,8206,8406,
31.206,7926,8201,8403,
31.215,7926,8193,8400,
31.226,7940,8206,8398,
31.234,7945,8204,8393,
31.243,7942,8201,8393,
31.252,7942,8201,8388,
31.267,7951,8201,8385,
31.273,7961,8196,8378,
31.285,7959,8196,8375,
31.295,7972,8199,8370,
31.304,7970,8193,8365,
31.315,7978,8196,8362,
31.326,7983,8196,8360,
31.334,7980,8196,8357,
31.344,7970,8196,8373,
31.356,7923,8191,8426,
31.366,7983,8201,8365,
31.375,7980,8196,8357,
31.384,7995,8191,8347,
31.397,7998,8193,8339,
31.404,8000,8199,8342,
31.413,8000,8196,8337,
31.425,8007,8188,8334,
31.434,8007,8193,8334,
31.443,8012,8191,8329,
31.454,8007,8193,8326,
31.463,8012,8188,8324,
31.474,8018,8188,8321,
31.484,8028,8188,8321,
31.494,8026,8188,8319,
31.503,8034,8191,8314,
31.516,8039,8186,8311,
31.525,8045,8188,8302,
31.534,8045,8183,8300,
31.544,8039,8186,8305,
31.554,8012,8181,8337,
31.563,8045,8186,8311,
31.574,8064,8186,8282,
31.585,8072,8181,8274,
31.596,8077,8183,8272,
31.606,8085,8181,8264,
31.615,8092,8183,8259,
31.625,8101,8181,8251,
31.636,8106,8181,8246,
31.642,8112,8175,8241,
31.656,8122,8178,8231,
31.666,8125,8178,8226,
31.673,8131,8178,8223,
31.685,8133,8178,8218,
31.693,8139,8178,8216,
31.706,8144,8178,8210,
31.713,8147,8178,8208,
31.723,8150,8178,8203,
31.736,8152,8178,8200,
31.745,8155,8175,8200,
31.754,8155,8178,8192,
31.763,8163,8178,8190,
31.776,8171,8173,8182,
31.785,8174,8175,8180,
31.796,8174,8173,8177,
31.804,8182,8175,8174,
31.812,8182,8175,8174,
31.823,8179,8175,8174,
31.834,8182,8175,8172,
31.843,8182,8175,8172,
31.854,8198,8178,8167,
31.863,8195,8178,8163,
31.874,8192,8175,8163,
31.883,8195,8175,8161,
31.895,8198,8178,8161,
31.903,8192,8175,8161,
31.912,8195,8173,8161,
31.925,8192,8175,8157,
31.935,8195,8175,8157,
31.943,8198,8175,8154,
31.955,8200,8175,8152,
31.962,8198,8175,8157,
31.973,8188,8175,8161,
31.983,8192,8173,8161,
31.995,8192,8175,8157,
32.003,8192,8175,8161,
32.014,8192,8175,8161,
32.023,8195,8178,8163,
32.034,8195,8175,8161,
32.042,8198,8175,8161,
32.053,8198,8175,8157,
32.062,8200,8175,8157,
32.073,8200,8175,8154,
32.085,8203,8178,8152,
32.093,8203,8175,8152,
32.101,8206,8175,8152,
32.113,8211,8175,8152,
32.125,8211,8175,8149,
32.136,8217,8175,8144,
32.141,8219,8175,8139,
32.154,8230,8168,8126,
32.162,8222,8175,8139,
32.173,8217,8178,8142,
32.184,8219,8175,8139,
32.194,8222,8175,8136,
32.203,8222,8175,8134,
32.212,8222,8175,8136,
32.223,8225,8175,8134,
32.235,8225,8175,8134,
32.241,8225,8175,8134,
32.252,8225,8175,8136,
32.264,8222,8175,8136,
32.273,8222,8175,8136,
32.283,8222,8175,8136,
32.296,8222,8175,8136,
32.303,8222,8175,8136,
32.311,8222,8178,8136,
32.325,8222,8173,8136,
32.332,8222,8175,8139,
32.344,8227,8175,8134,
32.354,8238,8175,8118,
32.362,8233,8178,8131,
32.374,8222,8175,8136,
32.385,8227,8178,8134,
32.392,8227,8175,8136,
32.403,8227,8175,8134,
32.412,8227,8178,8134,
32.425,8227,8178,8134,
32.433,8227,8178,8131,
32.442,8230,8178,8131,
32.453,8230,8175,8131,
32.464,8230,8178,8129,
32.474,8233,8178,8129,
32.483,8233,8178,8129,
32.494,8233,8178,8129,
32.503,8233,8178,8126,
32.513,8235,8178,8126,
32.521,8235,8173,8124,
32.533,8235,8175,8124,
32.544,8241,8175,8118,
32.553,8260,8173,8098,
32.564,8246,8175,8116,
32.573,8235,8178,8126,
32.583,8235,8178,8124,
32.593,8238,8175,8124,
32.605,8238,8175,8124,
32.611,8238,8175,8121,
32.623,8238,8175,8121,
32.632,8235,8175,8121,
32.644,8238,8175,8124,
32.653,8238,8175,8124,
32.664,8238,8175,8121,
32.674,8241,8175,8121,
32.686,8244,8175,8118,
32.692,8244,8178,8118,
32.702,8244,8175,8118,
32.711,8244,8175,8116,
32.724,8246,8175,8116,
32.734,8246,8175,8116,
32.743,8249,8175,8108,
32.753,8273,8173,8087,
32.762,8260,8175,8100,
32.773,8244,8175,8108,
32.784,8246,8175,8111,
32.791,8246,8175,8111,
32.802,8246,8175,8113,
32.814,8246,8175,8111,
32.822,8246,8175,8113,
32.832,8246,8175,8111,
32.844,8254,8175,8108,
32.855,8254,8175,8108,
32.861,8257,8175,8106,
32.872,8260,8175,8106,
32.884,8263,8175,8100,
32.893,8263,8178,8100,
32.902,8265,8175,8098,
32.912,8268,8175,8095,
32.924,8268,8175,8095,
32.934,8271,8175,8093,
32.943,8285,8175,8070,
32.952,8310,8178,8039,
32.962,8299,8175,8065,
32.972,8283,8173,8078,
32.984,8283,8175,8078,
32.993,8283,8175,8078,
33.001,8283,8178,8075,
33.013,8285,8178,8075,
33.022,8285,8175,8070,
33.031,8288,8175,8068,
33.041,8293,8175,8068,
33.054,8291,8175,8070,
33.062,8293,8175,8068,
33.075,8293,8175,8068,
33.081,8293,8178,8065,
33.094,8293,8175,8065,
33.103,8293,8175,8065,
33.112,8299,8175,8060,
33.121,8299,8175,8062,
33.134,8301,8175,8060,
33.14,8318,8178,8042,
33.152,8361,8175,7989,
33.162,8345,8175,8013,
33.174,8315,8178,8045,
33.182,8315,8175,8045,
33.194,8318,8173,8042,
33.2,8318,8175,8039,
33.211,8318,8175,8042,
33.22,8323,8175,8039,
33.234,8326,8175,8037,
33.242,8329,8175,8034,
33.251,8331,8173,8032,
33.263,8334,8178,8027,
33.271,8337,8175,8024,
33.282,8337,8178,8024,
33.291,8345,8175,8021,
33.303,8345,8173,8018,
33.313,8347,8175,8013,
33.323,8347,8175,8008,
33.332,8353,8175,8008,
33.341,8385,8178,7978,
33.353,8439,8178,7912,
33.363,8414,8173,7953,
33.372,8372,8173,7994,
33.382,8364,8175,8001,
33.393,8369,8175,7999,
33.402,8369,8175,7999,
33.411,8364,8175,7999,
33.423,8364,8175,8001,
33.433,8364,8173,7999,
33.442,8361,8175,8004,
33.453,8361,8175,7999,
33.461,8361,8173,8008,
33.472,8358,8173,8004,
33.483,8356,8175,8010,
33.492,8356,8173,8010,
33.501,8353,8175,8013,
33.51,8350,8175,8015,
33.52,8350,8175,8015,
33.532,8350,8175,8015,
33.541,8361,8178,7994,
33.551,8409,8173,7946,
33.564,8364,8178,7996,
33.572,8339,8175,8032,
33.581,8334,8175,8027,
33.592,8329,8175,8029,
33.6,8329,8173,8032,
33.611,8323,8175,8037,
33.622,8320,8175,8039,
33.632,8320,8175,8042,
33.642,8318,8173,8045,
33.653,8315,8175,8045,
33.661,8312,8175,8050,
33.67,8310,8178,8050,
33.681,8310,8175,8050,
33.692,8307,8175,8052,
33.705,8304,8175,8055,
33.711,8301,8173,8055,
33.719,8301,8173,8057,
33.73,8301,8175,8057,
33.741,8318,8175,8039,
33.751,8353,8175,8001,
33.76,8326,8178,8024,
33.772,8291,8173,8068,
33.783,8291,8178,8070,
33.792,8285,8175,8073,
33.803,8285,8178,8075,
33.809,8285,8173,8073,
33.823,8283,8173,8075,
33.833,8283,8173,8078,
33.839,8283,8175,8075,
33.851,8283,8175,8080,
33.86,8279,8175,8080,
33.871,8279,8175,8087,
33.882,8276,8173,8089,
33.89,8268,8175,8093,
33.902,8268,8178,8095,
33.912,8265,8178,8098,
33.921,8263,8175,8098,
33.93,8263,8175,8100,
33.939,8273,8175,8087,
33.95,8293,8175,8060,
33.959,8268,8175,8095,
33.97,8252,8173,8103,
33.981,8249,8175,8106,
33.991,8252,8178,8111,
34.001,8249,8178,8113,
34.011,8246,8178,8113,
34.021,8246,8175,8116,
34.03,8244,8178,8118,
34.042,8241,8178,8118,
34.05,8241,8178,8121,
34.061,8238,8178,8121,
34.071,8238,8178,8121,
34.08,8238,8178,8124,
34.09,8235,8175,8124,
34.1,8235,8175,8124,
34.112,8235,8175,8124,
34.122,8235,8175,8124,
34.13,8233,8175,8126,
34.142,8238,8173,8124,
34.152,8254,8175,8103,
34.161,8241,8178,8118,
34.17,8233,8175,8129,
34.181,8230,8175,8131,
34.19,8227,8178,8131,
34.202,8227,8175,8134,
34.21,8227,8175,8134,
34.221,8225,8175,8134,
34.231,8227,8175,8134,
34.239,8225,8175,8136,
34.252,8225,8175,8136,
34.261,8225,8173,8139,
34.27,8222,8173,8139,
34.281,8219,8175,8139,
34.292,8219,8175,8139,
34.3,8217,8175,8142,
34.311,8214,8175,8144,
34.32,8208,8175,8147,
34.332,8206,8175,8149,
34.339,8203,8175,8152,
34.351,8203,8175,8149,
34.36,8188,8175,8169,
34.372,8174,8173,8174,
34.382,8171,8175,8182,
34.391,8168,8175,8187,
34.402,8150,8178,8203,
34.411,8147,8173,8200,
34.42,8139,8178,8213,
34.43,8125,8181,8223,
34.44,8117,8181,8235,
34.451,8106,8181,8243,
34.462,8094,8181,8254,
34.468,8088,8183,8259,
34.481,8077,8183,8269,
34.489,8069,8183,8277,
34.501,8061,8181,8287,
34.51,8050,8186,8295,
34.523,8042,8186,8305,
34.529,8034,8188,8314,
34.54,8018,8188,8334,
34.549,7959,8188,8388,
34.56,7991,8196,8360,
34.571,7986,8196,8362,
34.579,7975,8196,8362,
34.592,7972,8196,8368,
34.6,7967,8193,8373,
34.61,7953,8201,8382,
34.621,7948,8193,8385,
34.633,7959,8193,8388,
34.641,7951,8201,8395,
34.65,7934,8193,8400,
34.659,7940,8201,8406,
34.67,7937,8191,8406,
34.682,7926,8196,8408,
34.69,7926,8199,8413,
34.699,7912,8204,8418,
34.709,7921,8196,8421,
34.721,7918,8199,8421,
34.73,7898,8201,8426,
34.741,7851,8199,8472,
34.752,7818,8199,8530,
34.761,7862,8206,8485,
34.77,7895,8204,8442,
34.778,7881,8196,8431,
34.791,7893,8201,8439,
34.801,7893,8209,8439,
34.811,7884,8199,8442,
34.819,7893,8201,8444,
34.828,7886,8206,8447,
34.839,7881,8209,8442,
34.851,7884,8204,8444,
34.861,7893,8209,8447,
34.87,7878,8214,8447,
34.878,7881,8204,8449,
34.89,7875,8209,8447,
34.9,7889,8209,8444,
34.909,7884,8212,8444,
34.922,7884,8212,8442,
34.93,7881,8204,8454,
34.939,7815,8193,8508,
34.95,7796,8199,8559,
34.959,7801,8201,8538,
34.969,7884,8219,8462,
34.98,7893,8193,8444,
34.991,7881,8201,8442,
35.003,7895,8204,8439,
35.009,7886,8206,8439,
35.021,7898,8209,8439,
35.03,7893,8199,8436,
35.04,7889,8206,8434,
35.049,7906,8201,8436,
35.061,7889,8206,8431,
35.071,7901,8204,8431,
35.081,7893,8206,8431,
35.089,7904,8209,8429,
35.101,7898,8217,8426,
35.11,7901,8201,8421,
35.118,7906,8209,8424,
35.127,7906,8206,8421,
35.14,7873,8186,8459,
35.15,7815,8196,8503,
35.16,7838,8201,8492,
35.17,7901,8206,8426,
35.181,7909,8201,8416,
35.19,7918,8196,8416,
35.201,7912,8204,8413,
35.207,7921,8204,8413,
35.22,7915,8201,8411,
35.231,7926,8196,8408,
35.24,7934,8193,8406,
35.249,7937,8206,8400,
35.26,7945,8206,8400,
35.269,7937,8196,8395,
35.281,7948,8201,8395,
35.29,7951,8196,8395,
35.3,7940,8196,8395,
35.31,7940,8201,8395,
35.32,7937,8204,8398,
35.33,7940,8199,8395,
35.338,7906,8196,8421,
35.347,7859,8186,8474,
35.359,7923,8204,8429,
35.37,7942,8196,8400,
35.377,7956,8193,8390,
35.39,7951,8201,8388,
35.399,7956,8199,8385,
35.407,7956,8193,8375,
35.419,7964,8199,8375,
35.43,7972,8199,8373,
35.438,7978,8199,8368,
35.45,7980,8193,8362,
35.458,7972,8193,8357,
35.468,7986,8196,8355,
35.481,7988,8193,8350,
35.488,7995,8191,8347,
35.5,7995,8196,8344,
35.508,7998,8186,8339,
35.518,8007,8193,8334,
35.531,8007,8188,8332,
35.539,7988,8186,8350,
35.548,7956,8186,8385,
35.559,8009,8193,8334,
35.568,8020,8191,8329,
35.578,8023,8186,8324,
35.588,8028,8186,8316,
35.599,8034,8186,8316,
35.609,8028,8186,8311,
35.619,8039,8186,8305,
35.631,8045,8186,8300,
35.637,8053,8188,8297,
35.648,8058,8188,8292,
35.66,8061,8183,8287,
35.669,8064,8183,8279,
35.677,8069,8186,8274,
35.69,8077,8183,8272,
35.701,8083,8181,8264,
35.709,8088,8181,8259,
35.717,8094,8181,8254,
35.729,8101,8178,8248,
35.739,8088,8178,8259,
35.748,8088,8178,8264,
35.756,8109,8181,8243,
35.767,8117,8181,8228,
35.778,8122,8181,8226,
35.787,8128,8181,8223,
35.799,8133,8178,8218,
35.808,8133,8178,8216,
35.818,8139,8178,8216,
35.828,8144,8178,8213,
35.837,8144,8178,8208,
35.849,8150,8178,8205,
35.859,8155,8178,8203,
35.87,8158,8175,8198,
35.878,8160,8173,8195,
35.888,8163,8175,8195,
35.898,8166,8175,8192,
35.91,8166,8175,8190,
35.92,8168,8175,8190,
35.927,8168,8175,8190,
35.94,8171,8175,8187,
35.948,8168,8175,8190,
35.96,8174,8175,8187,
35.97,8177,8175,8182,
35.976,8177,8178,8180,
35.989,8179,8178,8182,
35.999,8179,8175,8180,
36.009,8179,8175,8180,
36.019,8179,8175,8177,
36.029,8179,8173,8177,
36.039,8179,8175,8174,
36.048,8179,8175,8174,
36.058,8182,8175,8174,
36.068,8182,8175,8174,
36.081,8185,8175,8172,
36.091,8203,8181,8161,
36.1,8198,8178,8157,
36.109,8198,8175,8157,
36.118,8200,8175,8152,
36.128,8203,8175,8152,
36.138,8214,8175,8144,
36.148,8230,8173,8129,
36.159,8225,8175,8136,
36.169,8225,8178,8136,
36.177,8230,8178,8131,
36.189,8238,8175,8124,
36.196,8241,8175,8124,
36.21,8246,8178,8118,
36.216,8249,8175,8113,
36.227,8254,8175,8111,
36.238,8260,8175,8106,
36.247,8268,8175,8100,
36.259,8271,8175,8093,
36.269,8279,8175,8087,
36.279,8283,8175,8080,
36.288,8283,8175,8075,
36.297,8291,8175,8068,
36.307,8293,8175,8068,
36.317,8296,8175,8065,
36.332,8296,8178,8062,
36.339,8310,8178,8047,
36.348,8353,8175,7994,
36.357,8326,8175,8032,
36.367,8304,8178,8057,
36.378,8307,8178,8050,
36.389,8307,8175,8052,
36.397,8307,8175,8052,
36.409,8307,8178,8052,
36.417,8304,8175,8052,
36.43,8304,8175,8055,
36.438,8304,8175,8055,
36.449,8304,8175,8055,
36.46,8299,8175,8055,
36.469,8299,8175,8060,
36.477,8299,8173,8057,
36.489,8299,8175,8060,
36.498,8301,8175,8060,
36.506,8301,8175,8060,
36.517,8299,8175,8060,
36.528,8301,8175,8062,
36.537,8312,8175,8047,
36.547,8350,8178,8008,
36.558,8320,8175,8042,
36.569,8301,8175,8060,
36.579,8301,8175,8057,
36.589,8304,8175,8055,
36.598,8304,8175,8057,
36.607,8301,8178,8057,
36.616,8301,8175,8057,
36.628,8304,8175,8057,
36.638,8304,8175,8057,
36.648,8304,8175,8055,
36.657,8304,8175,8055,
36.667,8304,8178,8057,
36.677,8304,8175,8055,
36.686,8304,8178,8055,
36.699,8307,8175,8057,
36.705,8299,8175,8055,
36.716,8301,8175,8057,
36.726,8299,8175,8057,
36.738,8315,8175,8042,
36.747,8347,8173,7999,
36.757,8318,8173,8045,
36.769,8299,8175,8060,
36.779,8296,8175,8062,
36.787,8299,8175,8060,
36.798,8293,8178,8065,
36.806,8291,8175,8065,
36.819,8293,8175,8065,
36.827,8288,8173,8068,
36.838,8285,8178,8070,
36.846,8283,8175,8073,
36.856,8283,8175,8075,
36.867,8283,8173,8075,
36.876,8283,8175,8078,
36.888,8283,8178,8080,
36.898,8279,8178,8083,
36.908,8276,8175,8083,
36.916,8273,8178,8087,
36.928,8273,8175,8083,
36.94,8283,8175,8073,
36.947,8312,8175,8039,
36.957,8285,8178,8062,
36.966,8271,8178,8080,
36.977,8276,8175,8080,
36.986,8276,8175,8080,
36.997,8276,8175,8078,
37.006,8279,8175,8080,
37.017,8279,8175,8080,
37.025,8283,8175,8078,
37.035,8283,8175,8078,
37.047,8283,8175,8078,
37.058,8285,8175,8075,
37.066,8285,8175,8073,
37.075,8285,8175,8070,
37.089,8288,8175,8068,
37.098,8288,8178,8070,
37.105,8291,8175,8068,
37.119,8293,8175,8065,
37.127,8293,8178,8068,
37.137,8304,8175,8055,
37.146,8339,8175,8010,
37.156,8326,8178,8034,
37.166,8304,8175,8057,
37.176,8301,8175,8055,
37.186,8301,8173,8055,
37.195,8301,8175,8055,
37.205,8304,8175,8052,
37.216,8304,8175,8052,
37.227,8307,8175,8052,
37.236,8312,8173,8050,
37.247,8315,8175,8047,
37.256,8318,8175,8042,
37.267,8323,8173,8039,
37.276,8323,8175,8039,
37.288,8326,8175,8037,
37.296,8329,8175,8034,
37.305,8331,8175,8034,
37.318,8334,8175,8032,
37.326,8339,8175,8029,
37.334,8361,8175,7996,
37.347,8406,8170,7944,
37.358,8364,8175,7999,
37.369,8339,8175,8027,
37.378,8337,8178,8024,
37.389,8342,8175,8018,
37.395,8342,8178,8024,
37.408,8345,8175,8021,
37.417,8342,8175,8024,
37.428,8342,8173,8018,
37.436,8345,8175,8015,
37.447,8345,8175,8021,
37.455,8342,8175,8021,
37.466,8339,8175,8024,
37.476,8342,8178,8024,
37.487,8339,8175,8027,
37.496,8337,8175,8029,
37.505,8334,8175,8027,
37.517,8334,8175,8029,
37.528,8334,8175,8032,
37.534,8347,8175,8018,
37.548,8393,8175,7963,
37.557,8372,8178,7983,
37.568,8331,8178,8032,
37.576,8326,8175,8039,
37.585,8326,8175,8037,
37.596,8320,8173,8045,
37.604,8318,8178,8045,
37.617,8315,8175,8047,
37.626,8310,8175,8052,
37.637,8307,8178,8055,
37.645,8304,8178,8057,
37.657,8301,8178,8060,
37.666,8296,8175,8065,
37.677,8293,8178,8068,
37.687,8291,8178,8070,
37.695,8291,8178,8068,
37.708,8288,8178,8073,
37.717,8283,8181,8075,
37.727,8283,8181,8078,
37.736,8293,8181,8070,
37.746,8323,8173,8032,
37.757,8291,8181,8065,
37.766,8279,8175,8083,
37.775,8279,8178,8087,
37.786,8273,8175,8087,
37.8,8273,8175,8093,
37.804,8268,8178,8093,
37.816,8271,8175,8093,
37.825,8268,8175,8095,
37.838,8265,8175,8098,
37.846,8263,8178,8098,
37.856,8263,8175,8098,
37.865,8263,8178,8098,
37.876,8260,8175,8098,
37.884,8257,8175,8100,
37.897,8257,8175,8100,
37.905,8254,8175,8106,
37.914,8252,8175,8106,
37.926,8252,8175,8106,
37.935,8254,8178,8103,
37.945,8276,8181,8075,
37.953,8257,8175,8103,
37.965,8246,8175,8113,
37.976,8244,8178,8116,
37.985,8241,8175,8116,
37.997,8238,8175,8118,
38.005,8238,8175,8121,
38.014,8235,8178,8121,
38.026,8233,8175,8124,
38.037,8230,8173,8126,
38.047,8227,8175,8129,
38.055,8227,8175,8131,
38.066,8225,8175,8134,
38.076,8219,8175,8142,
38.085,8214,8175,8147,
38.096,8206,8175,8152,
38.105,8200,8175,8154,
38.115,8192,8178,8163,
38.126,8185,8175,8169,
38.134,8179,8175,8174,
38.147,8177,8178,8174,
38.153,8171,8175,8185,
38.165,8166,8175,8192,
38.176,8144,8181,8213,
38.187,8150,8175,8203,
38.197,8144,8178,8208,
38.207,8139,8178,8213,
38.215,8133,8178,8218,
38.227,8125,8181,8226,
38.237,8117,8178,8231,
38.246,8112,8181,8241,
38.255,8101,8181,8246,
38.265,8094,8181,8251,
38.274,8092,8181,8259,
38.285,8085,8183,8264,
38.296,8074,8183,8272,
38.307,8069,8183,8279,
38.314,8064,8183,8287,
38.323,8053,8188,8292,
38.337,8023,8178,8324,
38.345,7998,8183,8339,
38.356,8023,8191,8329,
38.366,8020,8188,8324,
38.377,8018,8191,8326,
38.385,8007,8186,8334,
38.395,7998,8193,8342,
38.404,7991,8193,8350,
38.416,7980,8186,8355,
38.425,7978,8193,8360,
38.436,7970,8191,8365,
38.444,7964,8193,8373,
38.456,7961,8196,8375,
38.465,7951,8193,8382,
38.49,7953,8196,8385,
38.491,7945,8196,8395,
38.493,7945,8199,8400,
38.506,7937,8196,8406,
38.516,7923,8196,8416,
38.524,7918,8201,8421,
38.535,7893,8193,8449,
38.545,7832,8193,8508,
38.555,7843,8201,8500,
38.564,7889,8209,8447,
38.575,7898,8201,8434,
38.586,7898,8204,8436,
38.595,7889,8204,8434,
38.606,7893,8201,8436,
38.615,7898,8204,8436,
38.625,7886,8204,8436,
38.636,7901,8209,8434,
38.645,7895,8201,8434,
38.655,7901,8206,8431,
38.665,7895,8201,8431,
38.675,7898,8209,8426,
38.683,7893,8212,8424,
38.696,7901,8209,8429,
38.706,7898,8201,8424,
38.716,7912,8206,8424,
38.725,7909,8209,8429,
38.735,7851,8193,8490,
38.745,7824,8193,8518,
38.755,7873,8201,8474,
38.765,7901,8206,8436,
38.775,7904,8201,8426,
38.784,7898,8199,8426,
38.795,7901,8209,8421,
38.805,7909,8206,8424,
38.816,7901,8201,8421,
38.825,7904,8209,8421,
38.833,7904,8201,8421,
38.847,7915,8212,8418,
38.855,7909,8204,8418,
38.865,7912,8201,8418,
38.876,7904,8199,8418,
38.886,7915,8199,8413,
38.894,7909,8201,8416,
38.906,7921,8201,8416,
38.914,7923,8204,8413,
38.923,7923,8212,8416,
38.936,7889,8191,8447,
38.944,7846,8196,8495,
38.954,7909,8206,8447,
38.965,7918,8196,8418,
38.975,7932,8196,8406,
38.984,7934,8199,8400,
38.997,7940,8199,8398,
39.003,7945,8196,8395,
39.014,7951,8206,8390,
39.026,7951,8196,8388,
39.034,7953,8199,8382,
39.044,7959,8188,8382,
39.056,7956,8196,8378,
39.064,7961,8201,8375,
39.075,7967,8188,8375,
39.087,7970,8199,8368,
39.093,7980,8206,8368,
39.103,7972,8199,8360,
39.115,7980,8199,8362,
39.124,7980,8196,8360,
39.133,7964,8183,8373,
39.144,7918,8188,8413,
39.153,7978,8199,8368,
39.167,7980,8191,8355,
39.173,7988,8188,8352,
39.184,7991,8193,8347,
39.197,7995,8191,8342,
39.204,8003,8188,8337,
39.212,8009,8191,8334,
39.225,8009,8188,8332,
39.235,8012,8191,8334,
39.243,8020,8193,8329,
39.251,8015,8193,8326,
39.263,8018,8193,8324,
39.275,8020,8191,8324,
39.285,8028,8193,8316,
39.295,8037,8191,8314,
39.306,8037,8191,8311,
39.315,8042,8188,8302,
39.325,8050,8183,8297,
39.333,8039,8186,8305,
39.344,8020,8181,8326,
39.355,8066,8186,8284,
39.365,8077,8183,8266,
39.375,8085,8183,8261,
39.382,8094,8181,8251,
39.395,8106,8181,8243,
39.403,8114,8178,8231,
39.415,8125,8178,8226,
39.425,8136,8178,8218,
39.434,8141,8178,8210,
39.444,8150,8178,8205,
39.455,8155,8178,8200,
39.467,8158,8178,8195,
39.473,8163,8175,8192,
39.483,8168,8175,8187,
39.496,8171,8175,8182,
39.518,8174,8175,8180,
39.519,8177,8175,8177,
39.523,8179,8175,8177,
39.534,8179,8175,8174,
39.544,8179,8175,8180,
39.555,8179,8175,8177,
39.563,8179,8175,8174,
39.574,8179,8178,8174,
39.582,8182,8175,8174,
39.594,8182,8173,8174,
39.603,8182,8175,8174,
39.614,8182,8175,8172,
39.624,8195,8178,8167,
39.633,8188,8178,8167,
39.643,8192,8178,8161,
39.653,8192,8178,8161,
39.661,8195,8178,8157,
39.672,8195,8175,8157,
39.684,8198,8175,8154,
39.694,8200,8175,8154,
39.702,8200,8175,8152,
39.713,8203,8178,8152,
39.724,8203,8178,8149,
39.733,8208,8178,8147,
39.743,8219,8178,8136,
39.753,8211,8175,8144,
39.763,8208,8175,8149,
39.775,8211,8175,8144,
39.782,8214,8178,8144,
39.796,8211,8175,8142,
39.805,8211,8175,8142,
39.815,8214,8175,8142,
39.823,8214,8175,8142,
39.835,8217,8175,8139,
39.843,8217,8175,8139,
39.851,8217,8175,8139,
39.863,8219,8175,8136,
39.872,8219,8175,8136,
39.883,8219,8175,8136,
39.892,8219,8178,8136,
39.902,8219,8175,8136,
39.916,8222,8178,8134,
39.925,8222,8175,8134,
39.936,8225,8178,8131,
39.942,8241,8175,8116,
39.954,8233,8175,8126,
39.964,8225,8178,8136,
39.976,8225,8175,8134,
39.982,8225,8175,8134,
39.995,8225,8175,8134,
40.004,8222,8175,8134,
40.014,8222,8175,8134,
40.023,8222,8175,8136,
40.033,8222,8175,8134,
40.044,8222,8178,8136,
40.055,8219,8178,8136,
40.063,8219,8178,8136,
40.073,8219,8175,8136,
40.084,8217,8178,8139,
40.092,8217,8175,8136,
40.105,8217,8175,8136,
40.114,8219,8178,8136,
40.124,8219,8175,8136,
40.132,8225,8175,8129,
40.144,8238,8175,8113,
40.153,8233,8178,8129,
40.162,8222,8175,8139,
40.172,8225,8175,8134,
40.184,8227,8175,8134,
40.193,8227,8175,8131,
40.202,8227,8175,8131,
40.212,8230,8175,8129,
40.224,8230,8175,8126,
40.233,8233,8175,8126,
40.242,8235,8175,8126,
40.253,8238,8175,8121,
40.262,8235,8175,8124,
40.274,8235,8175,8118,
40.284,8241,8175,8116,
40.292,8244,8178,8116,
40.305,8244,8178,8116,
40.311,8244,8175,8113,
40.324,8249,8175,8111,
40.333,8260,8178,8103,
40.342,8283,8175,8070,
40.353,8276,8178,8080,
40.364,8268,8175,8098,
40.372,8268,8175,8093,
40.385,8273,8175,8083,
40.392,8283,8175,8080,
40.402,8283,8175,8078,
40.414,8288,8175,8070,
40.423,8293,8178,8065,
40.434,8299,8175,8060,
40.443,8304,8175,8055,
40.453,8307,8175,8055,
40.462,8310,8175,8050,
40.473,8312,8175,8050,
40.484,8312,8178,8050,
40.49,8312,8175,8052,
40.503,8312,8173,8052,
40.511,8312,8175,8047,
40.523,8312,8175,8047,
40.533,8331,8175,8027,
40.542,8369,8175,7981,
40.553,8331,8178,8029,
40.562,8312,8175,8055,
40.572,8312,8175,8052,
40.582,8312,8178,8045,
40.592,8312,8175,8047,
40.602,8312,8178,8047,
40.613,8310,8175,8052,
40.621,8307,8178,8050,
40.632,8310,8178,8052,
40.642,8307,8175,8052,
40.652,8307,8178,8055,
40.662,8307,8175,8057,
40.672,8304,8178,8055,
40.682,8304,8178,8057,
40.693,8304,8178,8057,
40.701,8304,8178,8057,
40.713,8301,8175,8060,
40.721,8301,8175,8057,
40.731,8318,8175,8039,
40.743,8356,8175,7996,
40.752,8339,8178,8013,
40.763,8310,8178,8055,
40.773,8304,8175,8057,
40.783,8301,8175,8057,
40.794,8299,8175,8057,
40.802,8299,8175,8060,
40.813,8299,8178,8060,
40.821,8299,8178,8057,
40.831,8299,8178,8057,
40.844,8301,8175,8057,
40.85,8301,8175,8057,
40.864,8304,8175,8055,
40.872,8304,8175,8055,
40.881,8301,8175,8055,
40.892,8307,8175,8055,
40.902,8307,8175,8055,
40.913,8307,8175,8052,
40.922,8310,8175,8050,
40.932,8326,8178,8032,
40.944,8366,8181,7986,
40.955,8329,8175,8032,
40.963,8304,8175,8060,
40.973,8307,8175,8055,
40.981,8307,8178,8052,
40.993,8304,8178,8055,
41.002,8304,8175,8055,
41.011,8304,8178,8057,
41.021,8301,8178,8055,
41.033,8301,8175,8057,
41.039,8301,8175,8060,
41.052,8299,8175,8062,
41.061,8299,8175,8062,
41.073,8296,8178,8065,
41.083,8293,8175,8068,
41.089,8293,8175,8068,
41.102,8288,8178,8070,
41.111,8285,8178,8070,
41.122,8285,8175,8073,
41.129,8293,8175,8065,
41.144,8323,8178,8027,
41.15,8307,8175,8052,
41.163,8283,8175,8078,
41.171,8283,8175,8078,
41.18,8279,8175,8080,
41.191,8276,8175,8083,
41.203,8273,8175,8087,
41.212,8273,8178,8087,
41.221,8271,8175,8089,
41.233,8271,8178,8093,
41.243,8268,8175,8095,
41.251,8268,8178,8093,
41.262,8265,8175,8095,
41.273,8265,8175,8098,
41.281,8265,8175,8098,
41.291,8263,8175,8098,
41.301,8260,8175,8098,
41.311,8260,8178,8100,
41.32,8260,8178,8100,
41.333,8268,8175,8089,
41.342,8285,8178,8062,
41.352,8268,8175,8093,
41.359,8257,8178,8098,
41.372,8257,8175,8103,
41.381,8260,8175,8100,
41.392,8257,8175,8100,
41.4,8257,8175,8100,
41.415,8260,8175,8100,
41.422,8260,8175,8103,
41.431,8260,8175,8103,
41.439,8260,8175,8103,
41.452,8260,8175,8103,
41.461,8260,8178,8103,
41.47,8257,8175,8106,
41.48,8257,8175,8106,
41.494,8254,8178,8106,
41.502,8254,8175,8108,
41.51,8249,8178,8111,
41.521,8252,8178,8111,
41.531,8257,8175,8103,
41.541,8276,8175,8080,
41.554,8260,8175,8100,
41.56,8241,8178,8121,
41.571,8235,8175,8124,
41.58,8230,8175,8129,
41.591,8222,8175,8136,
41.6,8214,8175,8144,
41.612,8203,8175,8149,
41.621,8195,8175,8157,
41.631,8188,8175,8167,
41.639,8182,8175,8172,
41.65,8174,8175,8180,
41.668,8171,8175,8182,
41.669,8163,8175,8190,
41.681,8136,8183,8210,
41.689,8139,8178,8213,
41.699,8136,8181,8218,
41.71,8128,8181,8226,
41.721,8117,8181,8238,
41.731,8101,8178,8251,
41.74,8080,8178,8266,
41.752,8080,8183,8274,
41.761,8083,8186,8269,
41.771,8074,8183,8272,
41.78,8069,8186,8279,
41.791,8061,8188,8287,
41.8,8055,8186,8292,
41.812,8050,8183,8297,
41.821,8047,8188,8300,
41.831,8042,8183,8305,
41.84,8039,8188,8309,
41.852,8034,8188,8316,
41.86,8023,8188,8321,
41.871,8018,8188,8329,
41.879,8009,8186,8329,
41.891,8007,8188,8337,
41.9,8000,8191,8344,
41.91,7991,8188,8350,
41.92,7988,8193,8355,
41.929,7959,8186,8378,
41.939,7915,8191,8424,
41.949,7934,8193,8411,
41.961,7948,8201,8382,
41.971,7951,8204,8378,
41.979,7953,8201,8385,
41.99,7951,8196,8390,
42,7948,8193,8390,
42.012,7956,8196,8393,
42.021,7945,8191,8395,
42.031,7948,8201,8390,
42.042,7945,8199,8395,
42.051,7937,8201,8398,
42.059,7934,8196,8400,
42.069,7926,8199,8403,
42.081,7932,8196,8406,
42.091,7929,8193,8406,
42.099,7923,8204,8408,
42.109,7915,8201,8411,
42.121,7921,8201,8408,
42.13,7878,8191,8449,
42.141,7835,8193,8503,
42.149,7886,8209,8467,
42.16,7895,8204,8421,
42.171,7915,8201,8416,
42.181,7906,8199,8418,
42.189,7921,8196,8413,
42.201,7921,8199,8413,
42.211,7918,8199,8411,
42.219,7921,8206,8413,
42.233,7923,8204,8411,
42.239,7918,8206,8413,
42.251,7926,8206,8408,
42.262,7932,8199,8406,
42.271,7926,8206,8408,
42.279,7929,8196,8406,
42.291,7929,8199,8403,
42.301,7937,8199,8400,
42.312,7934,8196,8400,
42.321,7940,8201,8400,
42.329,7912,8199,8424,
42.341,7862,8191,8487,
42.35,7878,8201,8456,
42.36,7926,8206,8400,
42.369,7934,8199,8395,
42.38,7937,8201,8398,
42.389,7940,8196,8393,
42.399,7937,8193,8393,
42.41,7948,8196,8393,
42.418,7953,8201,8388,
42.429,7951,8199,8388,
42.44,7953,8204,8388,
42.45,7953,8201,8388,
42.459,7948,8193,8388,
42.47,7948,8206,8388,
42.479,7948,8199,8388,
42.491,7951,8201,8388,
42.499,7956,8196,8388,
42.51,7956,8199,8388,
42.519,7948,8196,8388,
42.531,7923,8183,8416,
42.54,7884,8191,8469,
42.551,7906,8196,8444,
42.558,7948,8201,8388,
42.571,7953,8191,8375,
42.58,7961,8196,8378,
42.587,7956,8193,8373,
42.599,7964,8193,8370,
42.609,7972,8199,8368,
42.618,7970,8196,8365,
42.629,7978,8186,8362,
42.639,7972,8196,8357,
42.65,7983,8193,8355,
42.66,7998,8193,8352,
42.668,7988,8191,8352,
42.682,7998,8193,8347,
42.692,8000,8193,8342,
42.701,8003,8191,8339,
42.71,7998,8188,8339,
42.718,8000,8183,8339,
42.729,7972,8186,8357,
42.74,7945,8188,8400,
42.75,7983,8196,8360,
42.759,7998,8193,8337,
42.769,7998,8196,8334,
42.78,8012,8188,8334,
42.788,8012,8191,8329,
42.797,8015,8193,8326,
42.808,8012,8193,8324,
42.819,8020,8193,8321,
42.828,8023,8188,8319,
42.838,8028,8191,8316,
42.849,8026,8183,8311,
42.86,8037,8186,8309,
42.871,8042,8186,8302,
42.877,8045,8183,8300,
42.89,8055,8188,8292,
42.899,8061,8186,8287,
42.91,8069,8183,8279,
42.92,8074,8181,8274,
42.928,8064,8178,8279,
42.939,8066,8181,8287,
42.95,8101,8183,8254,
42.96,8106,8181,8241,
42.968,8117,8181,8235,
42.98,8128,8181,8226,
42.99,8136,8178,8216,
42.999,8141,8181,8210,
43.008,8150,8178,8203,
43.018,8155,8178,8198,
43.027,8163,8175,8192,
43.04,8168,8178,8187,
43.05,8174,8175,8182,
43.058,8177,8175,8177,
43.068,8182,8175,8174,
43.079,8185,8178,8172,
43.088,8185,8175,8169,
43.098,8188,8170,8147,
43.108,8206,8178,8154,
43.12,8211,8178,8147,
43.128,8222,8178,8139,
43.138,8241,8175,8118,
43.147,8233,8178,8126,
43.157,8235,8175,8124,
43.172,8241,8178,8124,
43.178,8244,8178,8116,
43.189,8249,8175,8113,
43.198,8254,8175,8111,
43.208,8257,8178,8108,
43.217,8260,8178,8106,
43.228,8263,8178,8100,
43.238,8268,8175,8098,
43.25,8271,8178,8095,
43.259,8273,8175,8089,
43.267,8279,8175,8087,
43.28,8279,8175,8083,
43.29,8283,8175,8080,
43.299,8283,8175,8075,
43.307,8288,8175,8073,
43.321,8299,8178,8062,
43.327,8323,8175,8042,
43.338,8361,8178,7986,
43.349,8331,8178,8029,
43.359,8315,8175,8045,
43.369,8318,8175,8042,
43.38,8323,8175,8042,
43.389,8323,8178,8039,
43.398,8326,8175,8037,
43.41,8326,8175,8034,
43.42,8329,8175,8032,
43.428,8331,8175,8029,
43.438,8334,8178,8024,
43.449,8339,8178,8027,
43.459,8339,8178,8021,
43.471,8342,8178,8021,
43.478,8345,8178,8018,
43.487,8347,8178,8015,
43.5,8350,8175,8013,
43.509,8353,8178,8015,
43.518,8358,8178,8015,
43.526,8382,8175,7991,
43.536,8436,8175,7925,
43.549,8396,8175,7971,
43.557,8369,8173,8001,
43.566,8364,8178,7999,
43.579,8366,8175,8001,
43.59,8366,8178,8001,
43.597,8366,8178,8001,
43.608,8369,8175,7991,
43.621,8366,8175,7996,
43.628,8369,8173,7994,
43.637,8372,8175,7994,
43.649,8372,8175,7996,
43.658,8369,8175,7994,
43.668,8369,8178,7996,
43.679,8369,8178,7999,
43.687,8369,8175,7999,
43.698,8369,8178,7999,
43.71,8364,8175,8001,
43.719,8364,8175,7996,
43.728,8382,8175,7986,
43.739,8436,8175,7917,
43.748,8393,8175,7973,
43.758,8369,8178,8001,
43.769,8361,8175,7999,
43.778,8361,8175,7999,
43.788,8358,8178,8001,
43.8,8361,8178,7999,
43.809,8361,8178,8004,
43.818,8361,8175,8001,
43.827,8361,8175,8001,
43.838,8358,8175,8001,
43.85,8361,8178,7999,
43.857,8358,8175,8001,
43.868,8356,8178,8008,
43.876,8361,8175,8001,
43.888,8356,8175,8008,
43.899,8356,8175,8008,
43.908,8353,8178,8004,
43.916,8358,8175,8008,
43.928,8377,8178,7989,
43.937,8431,8173,7925,
43.948,8398,8175,7976,
43.957,8361,8173,8010,
43.967,8356,8175,8013,
43.978,8356,8173,8010,
43.987,8353,8173,8015,
43.999,8353,8173,8015,
44.007,8347,8173,8018,
44.021,8347,8173,8018,
44.027,8347,8173,8018,
44.039,8347,8175,8018,
44.048,8347,8173,8024,
44.059,8345,8175,8018,
44.067,8345,8175,8021,
44.076,8342,8175,8024,
44.087,8342,8175,8024,
44.099,8342,8175,8024,
44.106,8337,8175,8027,
44.117,8339,8173,8027,
44.128,8353,8178,8013,
44.137,8404,8181,7950,
44.15,8361,8175,7999,
44.156,8337,8181,8029,
44.169,8331,8175,8029,
44.178,8331,8178,8032,
44.187,8329,8178,8034,
44.198,8326,8178,8037,
44.208,8326,8175,8037,
44.218,8326,8175,8039,
44.229,8320,8178,8039,
44.236,8323,8178,8039,
44.247,8323,8175,8039,
44.259,8320,8175,8045,
44.268,8320,8175,8045,
44.28,8320,8175,8042,
44.287,8318,8178,8045,
44.298,8315,8175,8047,
44.307,8315,8175,8047,
44.316,8315,8175,8050,
44.328,8323,8175,8037,
44.338,8353,8178,7996,
44.348,8323,8175,8034,
44.357,8304,8178,8052,
44.365,8304,8175,8055,
44.378,8299,8175,8057,
44.39,8299,8175,8060,
44.4,8296,8175,8060,
44.405,8293,8175,8065,
44.416,8291,8175,8065,
44.428,8291,8175,8065,
44.437,8288,8175,8070,
44.449,8285,8175,8070,
44.459,8285,8175,8073,
44.465,8285,8175,8073,
44.477,8283,8178,8073,
44.485,8283,8175,8075,
44.497,8283,8181,8078,
44.508,8283,8178,8078,
44.519,8283,8178,8078,
44.527,8285,8181,8070,
44.535,8315,8181,8042,
44.547,8285,8178,8070,
44.558,8276,8181,8089,
44.568,8273,8181,8087,
44.577,8271,8175,8087,
44.586,8271,8175,8093,
44.598,8271,8175,8093,
44.607,8271,8175,8093,
44.617,8268,8178,8093,
44.626,8265,8175,8095,
44.638,8265,8175,8093,
44.648,8268,8175,8095,
44.655,8265,8178,8098,
44.665,8265,8178,8098,
44.678,8263,8175,8100,
44.686,8263,8175,8100,
44.699,8260,8178,8100,
44.706,8257,8175,8106,
44.717,8254,8178,8106,
44.726,8263,8178,8098,
44.738,8283,8175,8070,
44.746,8271,8175,8089,
44.756,8254,8178,8108,
44.767,8252,8178,8111,
44.779,8249,8178,8111,
44.786,8246,8175,8113,
44.798,8246,8175,8113,
44.808,8244,8175,8116,
44.818,8241,8175,8118,
44.827,8241,8175,8118,
44.837,8238,8175,8121,
44.845,8238,8175,8121,
44.855,8241,8175,8118,
44.868,8244,8178,8118,
44.877,8244,8175,8116,
44.887,8244,8175,8116,
44.896,8246,8175,8116,
44.908,8246,8175,8116,
44.917,8249,8175,8111,
44.927,8257,8175,8106,
44.936,8279,8175,8075,
44.946,8260,8175,8100,
44.958,8252,8175,8116,
44.966,8249,8178,8113,
44.977,8249,8175,8111,
44.986,8246,8175,8113,
44.998,8249,8175,8113,
45.007,8244,8175,8116,
45.015,8235,8175,8121,
45.028,8225,8175,8134,
45.036,8214,8175,8144,
45.047,8206,8175,8149,
45.055,8198,8175,8154,
45.065,8192,8175,8163,
45.076,8182,8175,8169,
45.086,8177,8175,8177,
45.095,8168,8175,8182,
45.108,8160,8178,8192,
45.115,8144,8175,8208,
45.128,8133,8181,8218,
45.134,8114,8178,8241,
45.148,8114,8181,8241,
45.155,8114,8183,8241,
45.166,8103,8183,8248,
45.175,8094,8181,8256,
45.185,8085,8183,8266,
45.195,8077,8183,8272,
45.207,8069,8183,8282,
45.218,8061,8183,8290,
45.225,8053,8186,8297,
45.237,8042,8188,8305,
45.246,8026,8188,8316,
45.256,8020,8186,8324,
45.265,8012,8188,8332,
45.276,7998,8188,8342,
45.286,7988,8193,8352,
45.297,7983,8199,8360,
45.306,7967,8199,8368,
45.315,7967,8193,8378,
45.324,7923,8191,8408,
45.336,7878,8188,8474,
45.347,7884,8196,8462,
45.357,7929,8199,8413,
45.365,7926,8199,8403,
45.378,7912,8196,8416,
45.386,7912,8201,8424,
45.394,7895,8204,8426,
45.405,7889,8201,8436,
45.414,7893,8204,8442,
45.427,7875,8219,8454,
45.436,7873,8204,8456,
45.445,7873,8204,8467,
45.456,7859,8214,8472,
45.467,7851,8206,8480,
45.477,7832,8204,8480,
45.487,7835,8212,8490,
45.496,7840,8214,8490,
45.507,7829,8206,8485,
45.513,7827,8212,8498,
45.526,7791,8199,8538,
45.536,7718,8201,8635,
45.545,7738,8206,8612,
45.556,7784,8222,8524,
45.565,7804,8219,8516,
45.574,7804,8222,8528,
45.585,7784,8217,8524,
45.597,7815,8204,8522,
45.604,7801,8237,8516,
45.617,7804,8222,8518,
45.627,7799,8209,8516,
45.635,7799,8217,8518,
45.645,7809,8239,8524,
45.654,7807,8214,8518,
45.666,7796,8217,8524,
45.675,7784,8219,8536,
45.685,7779,8227,8528,
45.696,7793,8227,8530,
45.704,7784,8232,8533,
45.715,7791,8212,8538,
45.724,7749,8201,8579,
45.737,7647,8199,8681,
45.748,7724,8227,8615,
45.756,7749,8219,8564,
45.765,7779,8219,8548,
45.774,7771,8222,8543,
45.785,7771,8224,8551,
45.799,7768,8230,8546,
45.806,7768,8212,8543,
45.815,7781,8230,8541,
45.826,7781,8214,8543,
45.835,7776,8227,8548,
45.844,7793,8219,8541,
45.856,7776,8212,8536,
45.867,7791,8224,8530,
45.875,7807,8224,8524,
45.886,7807,8214,8524,
45.897,7796,8219,8524,
45.907,7812,8222,8522,
45.916,7791,8222,8528,
45.925,7702,8193,8602,
45.935,7668,8204,8667,
45.944,7710,8214,8622,
45.953,7781,8237,8548,
45.967,7784,8237,8536,
45.975,7773,8224,8538,
45.985,7784,8230,8530,
45.995,7771,8219,8533,
46.004,7779,8222,8533,
46.017,7768,8219,8536,
46.026,7791,8214,8530,
46.035,7791,8222,8524,
46.045,7791,8222,8530,
46.055,7796,8214,8524,
46.086,7796,8227,8524,
46.087,7820,8217,8510,
46.087,7804,8212,8518,
46.093,7809,8219,8513,
46.107,7818,8217,8516,
46.114,7820,8209,8505,
46.125,7787,8217,8548,
46.134,7702,8193,8630,
46.144,7781,8217,8548,
46.153,7801,8217,8513,
46.165,7832,8217,8495,
46.175,7827,8209,8490,
46.185,7840,8214,8480,
46.196,7859,8209,8474,
46.205,7848,8224,8469,
46.216,7867,8209,8464,
46.225,7873,8209,8464,
46.234,7873,8204,8456,
46.245,7865,8204,8456,
46.255,7881,8214,8454,
46.266,7867,8212,8459,
46.274,7867,8212,8456,
46.284,7865,8217,8454,
46.295,7873,8206,8454,
46.305,7870,8212,8449,
46.315,7867,8206,8456,
46.325,7827,8188,8510,
46.335,7787,8196,8548,
46.346,7809,8199,8533,
46.356,7875,8209,8456,
46.365,7889,8204,8439,
46.375,7895,8204,8434,
46.385,7904,8212,8431,
46.395,7906,8204,8426,
46.405,7918,8206,8424,
46.415,7898,8204,8424,
46.425,7909,8193,8416,
46.433,7918,8206,8413,
46.446,7918,8206,8408,
46.452,7926,8193,8403,
46.465,7937,8206,8398,
46.474,7948,8201,8390,
46.485,7956,8206,8382,
46.495,7959,8196,8373,
46.504,7967,8199,8368,
46.513,7975,8199,8365,
46.523,7959,8188,8382,
46.534,7921,8186,8431,
46.543,7972,8196,8373,
46.555,7988,8193,8350,
46.565,8007,8188,8337,
46.573,8015,8193,8329,
46.583,8023,8191,8324,
46.596,8026,8191,8314,
46.605,8042,8188,8305,
46.613,8053,8188,8295,
46.623,8061,8191,8284,
46.634,8066,8186,8274,
46.645,8085,8186,8264,
46.655,8097,8183,8251,
46.663,8109,8183,8243,
46.676,8120,8181,8231,
46.686,8128,8181,8221,
46.692,8136,8181,8213,
46.705,8144,8178,8208,
46.715,8152,8178,8200,
46.724,8158,8175,8195,
46.733,8163,8173,8190,
46.743,8177,8175,8177,
46.753,8179,8175,8177,
46.764,8185,8175,8172,
46.772,8192,8173,8163,
46.783,8214,8173,8152,
46.794,8227,8178,8131,
46.803,8244,8178,8118,
46.813,8260,8178,8103,
46.823,8283,8175,8083,
46.835,8296,8175,8068,
46.844,8310,8178,8050,
46.854,8329,8178,8039,
46.866,8339,8178,8027,
46.875,8350,8175,8015,
46.886,8358,8175,8010,
46.894,8361,8173,8008,
46.904,8364,8175,7999,
46.914,8364,8178,8001,
46.924,8377,8175,7986,
46.935,8428,8170,7931,
46.943,8412,8175,7960,
46.955,8372,8175,7996,
46.965,8361,8175,8004,
46.973,8361,8173,8004,
46.984,8356,8173,8010,
46.994,8356,8175,8010,
47.005,8358,8173,8004,
47.015,8361,8178,8004,
47.024,8366,8178,7999,
47.035,8366,8175,7999,
47.043,8366,8175,7999,
47.051,8364,8175,7999,
47.065,8364,8175,7999,
47.075,8364,8178,7999,
47.085,8364,8173,7996,
47.092,8361,8175,7999,
47.105,8364,8175,7999,
47.113,8364,8178,7999,
47.123,8396,8178,7960,
47.133,8447,8178,7907,
47.142,8404,8178,7960,
47.153,8366,8175,7991,
47.165,8364,8175,7999,
47.174,8366,8175,7999,
47.183,8364,8175,8001,
47.192,8364,8178,7999,
47.206,8366,8178,7996,
47.214,8364,8178,8001,
47.222,8364,8178,8004,
47.233,8361,8175,8010,
47.245,8361,8178,8001,
47.255,8356,8175,8010,
47.27,8356,8175,8004,
47.271,8353,8175,8013,
47.283,8353,8175,8010,
47.294,8347,8178,8013,
47.302,8350,8175,8010,
47.312,8350,8175,8015,
47.323,8361,8175,7999,
47.336,8414,8175,7941,
47.345,8396,8178,7968,
47.353,8353,8173,8013,
47.364,8342,8178,8024,
47.373,8337,8175,8027,
47.383,8334,8175,8032,
47.393,8331,8175,8032,
47.401,8323,8175,8039,
47.412,8323,8178,8045,
47.422,8320,8178,8042,
47.431,8323,8175,8039,
47.444,8323,8175,8039,
47.455,8329,8175,8037,
47.466,8329,8175,8034,
47.474,8329,8178,8039,
47.484,8331,8178,8034,
47.493,8331,8175,8034,
47.503,8334,8178,8029,
47.514,8339,8175,8024,
47.524,8364,8178,7996,
47.534,8420,8178,7936,
47.544,8377,8178,7991,
47.555,8347,8173,8021,
47.561,8347,8178,8015,
47.572,8345,8178,8021,
47.582,8339,8178,8021,
47.593,8339,8175,8024,
47.605,8339,8175,8029,
47.611,8342,8175,8027,
47.621,8347,8175,8021,
47.633,8353,8173,8018,
47.644,8358,8175,8013,
47.654,8361,8175,8004,
47.664,8366,8178,7999,
47.672,8369,8175,7999,
47.684,8377,8178,7996,
47.694,8372,8175,7991,
47.702,8382,8175,7989,
47.713,8385,8175,7986,
47.726,8401,8175,7963,
47.733,8452,8173,7907,
47.742,8431,8178,7939,
47.751,8387,8178,7978,
47.762,8385,8175,7991,
47.774,8377,8178,7991,
47.781,8372,8178,7991,
47.791,8366,8178,7996,
47.801,8369,8175,7996,
47.814,8366,8178,7999,
47.82,8364,8175,7999,
47.832,8364,8178,7999,
47.843,8358,8175,8008,
47.851,8353,8175,8010,
47.862,8353,8173,8013,
47.875,8350,8175,8015,
47.881,8345,8173,8021,
47.894,8342,8175,8021,
47.9,8339,8175,8024,
47.914,8339,8178,8024,
47.924,8347,8175,8013,
47.933,8387,8175,7965,
47.943,8364,8173,7999,
47.953,8329,8178,8037,
47.963,8320,8178,8042,
47.973,8318,8175,8045,
47.986,8315,8173,8047,
47.993,8315,8178,8047,
48.004,8312,8175,8050,
48.015,8312,8175,8050,
48.022,8310,8175,8052,
48.031,8310,8175,8052,
48.044,8304,8175,8057,
48.055,8304,8175,8055,
48.063,8301,8175,8057,
48.071,8301,8175,8060,
48.081,8296,8175,8062,
48.091,8296,8178,8062,
48.104,8299,8175,8062,
48.112,8296,8178,8068,
48.122,8304,8178,8055,
48.133,8342,8181,8013,
48.143,8310,8178,8050,
48.151,8296,8178,8068,
48.16,8291,8175,8065,
48.173,8288,8178,8070,
48.182,8283,8175,8078,
48.192,8268,8175,8089,
48.2,8257,8175,8103,
48.214,8241,8175,8116,
48.22,8225,8178,8131,
48.234,8206,8175,8147,
48.244,8192,8178,8161,
48.25,8179,8175,8172,
48.263,8168,8175,8182,
48.273,8168,8175,8185,
48.283,8168,8175,8187,
48.29,8163,8175,8190,
48.301,8174,8178,8182,
48.314,8177,8175,8180,
48.32,8171,8175,8180,
48.331,8174,8175,8182,
48.34,8174,8175,8182,
48.353,8174,8178,8180,
48.363,8174,8175,8180,
48.373,8174,8175,8180,
48.38,8177,8175,8180,
48.393,8177,8178,8177,
48.401,8177,8175,8177,
48.412,8177,8175,8177,
48.42,8177,8178,8177,
48.431,8177,8175,8177,
48.44,8179,8178,8177,
48.453,8177,8178,8177,
48.459,8177,8175,8177,
48.472,8177,8175,8177,
48.481,8179,8178,8174,
48.491,8177,8175,8177,
48.502,8179,8178,8177,
48.511,8177,8175,8177,
48.523,8177,8175,8177,
48.532,8177,8178,8177,
48.541,8179,8175,8177,
48.549,8177,8175,8177,
48.563,8177,8175,8180,
48.57,8177,8178,8174,
48.583,8177,8178,8177,
48.591,8177,8178,8177,
48.602,8177,8178,8177,
48.611,8177,8178,8177,
48.621,8177,8175,8177,
48.631,8177,8175,8180,
48.643,8177,8175,8180,
48.652,8177,8175,8182,
48.661,8177,8178,8182,
48.672,8177,8175,8182,
48.68,8177,8178,8180,
48.692,8177,8175,8182,
48.702,8177,8178,8182,
48.711,8177,8178,8180,
48.723,8174,8175,8182,
48.73,8174,8178,8177,
48.742,8174,8173,8182,
48.751,8174,8178,8177,
48.761,8174,8175,8177,
48.772,8174,8178,8180,
48.78,8174,8175,8180,
48.79,8174,8175,8180,
48.801,8171,8175,8180,
48.811,8171,8175,8180,
48.821,8174,8175,8180,
48.831,8171,8175,8182,
48.841,8171,8178,8182,
48.852,8168,8175,8187,
48.861,8155,8181,8200,
48.871,8163,8175,8192,
48.883,8160,8175,8192,
48.89,8160,8175,8195,
48.901,8168,8175,8187,
48.912,8177,8175,8180,
48.921,8227,8170,8142,
48.93,8285,8161,8060,
48.94,8320,8175,8037,
48.951,8334,8178,8029,
48.96,8345,8175,8021,
48.973,8350,8178,8010,
48.982,8358,8175,8004,
48.992,8364,8178,7996,
49,8366,8178,7996,
49.012,8369,8175,7994,
49.021,8372,8173,7994,
49.031,8382,8175,7989,
49.041,8385,8173,7986,
49.051,8385,8175,7986,
49.061,8385,8178,7986,
49.07,8387,8178,7981,
49.083,8385,8175,7986,
49.092,8390,8178,7978,
49.101,8390,8173,7981,
49.112,8393,8178,7976,
49.121,8412,8175,7955,
49.13,8481,8175,7884,
49.138,8452,8178,7899,
49.149,8404,8178,7963,
49.161,8396,8175,7976,
49.17,8396,8178,7976,
49.179,8393,8178,7973,
49.19,8393,8175,7973,
49.202,8390,8175,7973,
49.212,8390,8175,7973,
49.221,8387,8175,7978,
49.229,8387,8175,7983,
49.243,8387,8178,7983,
49.249,8387,8178,7983,
49.262,8382,8175,7986,
49.271,8382,8175,7989,
49.283,8377,8175,7991,
49.291,8369,8175,7994,
49.3,8369,8178,7996,
49.311,8369,8175,7996,
49.32,8396,8175,7965,
49.329,8455,8175,7894,
49.341,8433,8178,7934,
49.349,8372,8175,7989,
49.361,8361,8178,8010,
49.371,8361,8178,8008,
49.382,8356,8178,8010,
49.389,8353,8175,8015,
49.4,8353,8175,8013,
49.409,8347,8175,8018,
49.42,8347,8175,8021,
49.43,8342,8175,8021,
49.438,8339,8175,8024,
49.45,8342,8175,8027,
49.458,8337,8178,8027,
49.471,8334,8175,8029,
49.482,8334,8178,8032,
49.488,8329,8178,8034,
49.501,8323,8175,8042,
49.511,8323,8175,8042,
49.523,8331,8178,8029,
49.531,8369,8175,7981,
49.54,8334,8178,8029,
49.55,8304,8175,8055,
49.562,8296,8175,8062,
49.569,8293,8175,8062,
49.579,8293,8175,8065,
49.591,8291,8175,8068,
49.6,8293,8175,8068,
49.61,8293,8175,8065,
49.62,8296,8175,8060,
49.629,8296,8175,8062,
49.639,8296,8175,8062,
49.647,8296,8175,8062,
49.661,8296,8175,8062,
49.671,8293,8178,8065,
49.68,8296,8175,8068,
49.691,8293,8175,8070,
49.7,8291,8175,8073,
49.711,8288,8178,8070,
49.719,8299,8178,8055,
49.73,8337,8178,8018,
49.739,8326,8178,8034,
49.751,8296,8178,8065,
49.759,8288,8178,8068,
49.77,8288,8178,8070,
49.78,8285,8178,8070,
49.791,8285,8175,8070,
49.799,8283,8178,8073,
49.811,8283,8175,8075,
49.817,8283,8178,8078,
49.828,8279,8178,8080,
49.841,8279,8178,8083,
49.85,8279,8181,8080,
49.861,8276,8181,8083,
49.87,8273,8175,8083,
49.883,8271,8178,8087,
49.891,8268,8178,8087,
49.902,8268,8181,8089,
49.91,8271,8178,8089,
49.921,8283,8181,8075,
49.93,8310,8183,8042,
49.941,8283,8175,8073,
49.951,8265,8178,8095,
49.961,8263,8175,8093,
49.97,8268,8178,8095,
49.979,8268,8178,8095,
49.991,8265,8178,8095,
49.999,8265,8175,8095,
50.011,8265,8175,8095,
50.021,8265,8178,8098,
50.032,8265,8175,8095,
50.038,8265,8175,8095,
50.051,8265,8175,8095,
50.06,8268,8175,8095,
50.07,8268,8175,8095,
50.078,8263,8175,8095,
50.091,8263,8178,8098,
50.098,8260,8175,8098,
50.111,8260,8178,8100,
50.119,8265,8178,8095,
50.128,8285,8175,8060,
50.141,8273,8181,8083,
50.151,8252,8178,8106,
50.161,8246,8181,8111,
50.168,8241,8178,8116,
50.18,8238,8178,8118,
50.19,8233,8178,8126,
50.199,8222,8181,8134,
50.208,8217,8178,8139,
50.219,8208,8181,8147,
50.229,8198,8181,8154,
50.24,8192,8175,8161,
50.249,8185,8175,8169,
50.26,8177,8178,8177,
50.269,8171,8178,8182,
50.281,8166,8175,8187,
50.287,8141,8178,8213,
50.299,8144,8178,8210,
50.308,8136,8178,8216,
50.319,8122,8178,8231,
50.329,8109,8178,8241,
50.338,8114,8183,8241,
50.351,8109,8181,8241,
50.36,8109,8183,8243,
50.37,8106,8181,8243,
50.38,8103,8181,8246,
50.39,8103,8181,8246,
50.398,8101,8181,8248,
50.41,8097,8181,8254,
50.418,8094,8181,8254,
50.429,8094,8181,8256,
50.438,8088,8181,8256,
50.448,8088,8181,8264,
50.459,8083,8181,8266,
50.468,8080,8181,8269,
50.48,8077,8183,8277,
50.489,8069,8183,8284,
50.5,8058,8186,8292,
50.51,8050,8186,8300,
50.518,8034,8183,8316,
50.529,7995,8183,8347,
50.539,8012,8191,8342,
50.548,8018,8191,8329,
50.558,8012,8191,8339,
50.57,8000,8186,8344,
50.58,8000,8196,8347,
50.59,7986,8196,8352,
50.597,7978,8193,8360,
50.608,7967,8191,8373,
50.619,7961,8196,8378,
50.628,7951,8196,8385,
50.641,7942,8191,8393,
50.649,7934,8199,8398,
50.66,7923,8199,8406,
50.67,7923,8201,8416,
50.679,7912,8204,8421,
50.689,7895,8206,8431,
50.698,7886,8201,8442,
50.711,7881,8204,8449,
50.718,7832,8191,8480,
50.729,7784,8193,8543,
50.737,7857,8212,8480,
50.751,7832,8199,8492,
50.756,7820,8217,8492,
50.769,7820,8217,8495,
50.781,7848,8222,8508,
50.789,7809,8222,8510,
50.798,7796,8222,8518,
50.809,7807,8217,8522,
50.819,7801,8214,8530,
50.827,7793,8212,8530,
50.839,7804,8227,8536,
50.847,7796,8219,8541,
50.859,7771,8237,8559,
50.869,7762,8227,8559,
50.878,7754,8219,8556,
50.888,7765,8232,8551,
50.9,7762,8230,8548,
50.909,7773,8214,8543,
50.919,7738,8206,8587,
50.928,7696,8201,8648,
50.94,7784,8222,8559,
50.95,7804,8212,8516,
50.961,7815,8224,8503,
50.967,7812,8222,8503,
50.98,7824,8222,8508,
50.988,7807,8219,8505,
50.996,7812,8222,8508,
51.008,7818,8214,8510,
51.02,7799,8217,8500,
51.029,7801,8224,8513,
51.038,7812,8214,8510,
51.049,7807,8227,8510,
51.058,7820,8209,8508,
51.067,7804,8209,8510,
51.079,7820,8222,8508,
51.089,7818,8217,8510,
51.099,7812,8214,8503,
51.107,7809,8214,8510,
51.12,7729,8201,8587,
51.128,7691,8201,8643,
51.14,7713,8204,8630,
51.148,7776,8227,8530,
51.157,7812,8214,8518,
51.169,7815,8219,8505,
51.178,7827,8217,8498,
51.189,7812,8214,8498,
51.2,7824,8206,8500,
51.21,7820,8217,8495,
51.218,7818,8212,8500,
51.228,7827,8214,8498,
51.238,7827,8222,8498,
51.249,7829,8217,8495,
51.258,7827,8204,8500,
51.267,7820,8217,8495,
51.279,7809,8212,8500,
51.287,7827,8222,8503,
51.296,7804,8219,8505,
51.31,7812,8212,8505,
51.315,7771,8217,8548,
51.328,7702,8204,8630,
51.337,7773,8219,8546,
51.349,7799,8219,8522,
51.359,7848,8209,8495,
51.369,7815,8206,8487,
51.377,7838,8204,8487,
51.388,7840,8214,8480,
51.397,7838,8212,8474,
51.407,7862,8217,8469,
51.418,7867,8222,8459,
51.426,7870,8209,8459,
51.439,7875,8206,8449,
51.45,7881,8212,8449,
51.457,7884,8212,8439,
51.467,7886,8209,8436,
51.478,7895,8206,8436,
51.487,7898,8204,8426,
51.499,7918,8209,8424,
51.508,7898,8201,8426,
51.517,7865,8199,8456,
51.527,7824,8191,8503,
51.538,7886,8209,8454,
51.548,7912,8204,8426,
51.556,7929,8209,8408,
51.568,7932,8206,8403,
51.577,7934,8204,8395,
51.588,7940,8199,8393,
51.6,7948,8199,8388,
51.606,7964,8199,8378,
51.617,7956,8201,8375,
51.629,7970,8196,8370,
51.639,7978,8188,8362,
51.646,7986,8196,8352,
51.655,8003,8196,8350,
51.668,8000,8188,8339,
51.678,8009,8196,8332,
51.687,8023,8193,8324,
51.699,8023,8186,8316,
51.706,8034,8186,8314,
51.716,8007,8186,8339,
51.727,8007,8186,8337,
51.736,8042,8188,8311,
51.747,8058,8183,8284,
51.757,8066,8183,8279,
51.768,8072,8183,8272,
51.779,8080,8183,8266,
51.789,8088,8181,8259,
51.795,8094,8181,8251,
51.809,8106,8181,8246,
51.817,8114,8183,8235,
51.825,8122,8183,8228,
51.838,8128,8183,8226,
51.848,8133,8181,8218,
51.856,8141,8181,8213,
51.867,8150,8181,8208,
51.879,8155,8181,8200,
51.887,8158,8181,8198,
51.897,8166,8178,8192,
51.907,8171,8181,8185,
51.915,8177,8178,8182,
51.929,8177,8175,8172,
51.938,8182,8175,8172,
51.946,8185,8175,8172,
51.958,8188,8178,8169,
51.966,8188,8175,8163,
51.976,8195,8175,8163,
51.988,8195,8175,8161,
51.998,8198,8178,8157,
52.007,8198,8175,8154,
52.018,8200,8175,8154,
52.026,8203,8175,8152,
52.037,8203,8175,8152,
52.048,8206,8175,8149,
52.058,8206,8175,8149,
52.068,8208,8175,8147,
52.077,8211,8175,8147,
52.086,8214,8175,8144,
52.095,8217,8175,8142,
52.109,8217,8178,8142,
52.117,8222,8175,8134,
52.128,8233,8175,8124,
52.137,8230,8178,8129,
52.147,8222,8175,8134,
52.158,8219,8175,8139,
52.167,8222,8175,8134,
52.176,8225,8175,8131,
52.187,8227,8178,8129,
52.195,8233,8175,8124,
52.205,8238,8178,8121,
52.218,8241,8175,8116,
52.227,8244,8175,8113,
52.236,8249,8175,8108,
52.248,8249,8175,8108,
52.257,8249,8175,8106,
52.269,8254,8178,8103,
52.276,8257,8175,8106,
52.288,8257,8175,8103,
52.299,8260,8178,8100,
52.305,8265,8175,8095,
52.317,8279,8178,8083,
52.328,8304,8178,8045,
52.334,8293,8175,8057,
52.346,8283,8175,8078,
52.357,8279,8178,8080,
52.366,8276,8175,8080,
52.377,8271,8178,8087,
52.386,8273,8175,8087,
52.395,8271,8173,8087,
52.409,8271,8175,8089,
52.417,8271,8178,8089,
52.426,8271,8175,8089,
52.434,8271,8175,8093,
52.446,8271,8181,8089,
52.457,8271,8178,8089,
52.466,8268,8178,8089,
52.477,8271,8178,8093,
52.486,8271,8178,8093,
52.497,8273,8178,8093,
52.507,8273,8178,8089,
52.515,8283,8181,8073,
52.526,8307,8181,8042,
52.538,8283,8181,8078,
52.547,8271,8175,8083,
52.555,8271,8178,8093,
52.566,8271,8178,8093,
52.575,8268,8178,8095,
52.588,8268,8181,8095,
52.597,8268,8178,8093,
52.607,8271,8181,8095,
52.617,8271,8178,8095,
52.627,8271,8178,8093,
52.635,8271,8178,8089,
52.644,8268,8178,8093,
52.657,8268,8175,8093,
52.665,8268,8175,8095,
52.677,8265,8175,8098,
52.686,8263,8175,8100,
52.697,8263,8175,8100,
52.708,8260,8175,8100,
52.717,8265,8178,8095,
52.725,8283,8178,8068,
52.736,8268,8175,8098,
52.746,8254,8175,8106,
52.757,8252,8175,8108,
52.766,8252,8178,8108,
52.775,8252,8175,8111,
52.787,8252,8175,8111,
52.797,8252,8175,8108,
52.807,8252,8175,8111,
52.815,8249,8178,8111,
52.824,8249,8175,8113,
52.837,8246,8175,8113,
52.845,8246,8175,8113,
52.856,8244,8178,8116,
52.879,8244,8175,8118,
52.88,8244,8175,8116,
52.888,8244,8175,8116,
52.896,8241,8175,8116,
52.904,8244,8175,8116,
52.917,8252,8178,8108,
52.925,8271,8170,8083,
52.935,8252,8178,8108,
52.944,8238,8175,8111,
52.955,8241,8178,8118,
52.965,8244,8181,8118,
52.976,8241,8178,8118,
52.984,8241,8178,8118,
52.995,8241,8178,8118,
53.006,8238,8178,8121,
53.015,8235,8175,8124,
53.024,8230,8181,8126,
53.038,8227,8178,8131,
53.044,8219,8178,8136,
53.057,8211,8175,8144,
53.063,8203,8178,8149,
53.077,8200,8178,8152,
53.085,8203,8181,8152,
53.096,8211,8181,8147,
53.105,8217,8178,8142,
53.114,8225,8178,8131,
53.126,8246,8178,8111,
53.138,8246,8181,8113,
53.146,8235,8175,8124,
53.156,8235,8175,8126,
53.165,8233,8178,8124,
53.176,8235,8175,8124,
53.186,8235,8178,8121,
53.196,8235,8175,8121,
53.204,8238,8175,8121,
53.216,8241,8178,8118,
53.226,8241,8175,8118,
53.234,8241,8178,8118,
53.247,8235,8175,8124,
53.256,8225,8175,8131,
53.265,8200,8175,8152,
53.273,8179,8175,8169,
53.283,8179,8178,8177,
53.297,8179,8181,8174,
53.304,8177,8178,8177,
53.317,8177,8178,8174,
53.328,8179,8181,8177,
53.335,8177,8181,8177,
53.347,8174,8175,8177,
53.355,8174,8178,8180,
53.365,8174,8178,8180,
53.376,8177,8178,8177,
53.387,8177,8178,8177,
53.396,8177,8175,8177,
53.403,8177,8175,8180,
53.414,8177,8175,8177,
53.426,8177,8178,8177,
53.434,8177,8175,8177,
53.443,8177,8175,8177,
53.456,8177,8178,8177,
53.465,8177,8175,8177,
53.477,8177,8178,8180,
53.484,8177,8175,8180,
53.496,8177,8178,8174,
53.504,8177,8178,8180,
53.513,8177,8175,8180,
53.525,8177,8175,8182,
53.537,8179,8175,8174,
53.544,8179,8178,8174,
53.555,8179,8175,8174,
53.566,8179,8175,8177,
53.573,8177,8175,8177,
53.585,8177,8175,8177,
53.596,8179,8175,8177,
53.605,8177,8175,8177,
53.614,8177,8175,8177,
53.625,8177,8178,8180,
53.636,8177,8175,8177,
53.645,8177,8175,8177,
53.653,8177,8178,8180,
53.664,8179,8175,8180,
53.673,8177,8175,8180,
53.685,8177,8178,8180,
53.697,8179,8178,8180,
53.706,8177,8175,8180,
53.715,8177,8175,8180,
53.725,8177,8175,8177,
53.735,8177,8175,8182,
53.742,8174,8173,8177,
53.755,8177,8175,8177,
53.764,8177,8178,8180,
53.774,8177,8175,8177,
53.784,8177,8175,8177,
53.793,8177,8175,8180,
53.805,8177,8175,8180,
53.816,8177,8178,8177,
53.825,8177,8175,8180,
53.837,8171,8178,8180,
53.849,8171,8175,8180,
53.857,8174,8175,8180,
53.863,8171,8178,8180,
53.874,8171,8178,8180,
53.883,8166,8175,8182,
53.895,8158,8175,8195,
53.904,8152,8181,8192,
53.913,8147,8178,8205,
53.927,8147,8178,8208,
53.933,8163,8178,8190,
53.946,8188,8173,8172,
53.955,8271,8178,8113,
53.966,8291,8186,8078,
53.976,8285,8175,8070,
53.984,8293,8178,8065,
53.995,8291,8175,8068,
54.004,8288,8178,8070,
54.016,8285,8178,8073,
54.024,8283,8175,8073,
54.033,8283,8175,8075,
54.045,8283,8175,8075,
54.055,8283,8175,8075,
54.065,8283,8175,8075,
54.073,8283,8175,8075,
54.084,8283,8178,8073,
54.095,8283,8175,8073,
54.104,8285,8178,8070,
54.116,8304,8178,8050,
54.125,8345,8175,8013,
54.134,8320,8178,8042,
54.145,8312,8178,8050,
54.155,8320,8178,8042,
54.165,8326,8178,8039,
54.176,8331,8178,8032,
54.185,8339,8178,8027,
54.194,8347,8175,8018,
54.203,8350,8178,8018,
54.216,8358,8175,8008,
54.224,8358,8178,8008,
54.235,8364,8175,7999,
54.245,8369,8175,7999,
54.252,8372,8178,7991,
54.264,8377,8178,7986,
54.273,8382,8175,7986,
54.285,8385,8175,7986,
54.295,8387,8175,7983,
54.303,8390,8175,7978,
54.313,8412,8175,7953,
54.325,8484,8178,7872,
54.335,8463,8181,7904,
54.343,8412,8175,7963,
54.353,8404,8178,7968,
54.365,8404,8178,7965,
54.375,8406,8175,7960,
54.383,8406,8175,7963,
54.394,8406,8178,7960,
54.404,8412,8178,7963,
54.416,8406,8178,7960,
54.421,8406,8178,7963,
54.434,8409,8178,7965,
54.444,8404,8178,7968,
54.454,8404,8175,7965,
54.465,8404,8178,7968,
54.474,8398,8178,7973,
54.485,8396,8175,7971,
54.494,8396,8178,7976,
54.505,8396,8178,7976,
54.514,8412,8178,7958,
54.525,8479,8178,7879,
54.534,8425,8178,7941,
54.545,8387,8173,7978,
54.553,8385,8175,7989,
54.564,8379,8178,7986,
54.575,8372,8178,7996,
54.583,8366,8175,8001,
54.594,8366,8178,8004,
54.604,8356,8178,8008,
54.613,8356,8175,8013,
54.624,8350,8175,8015,
54.633,8350,8175,8015,
54.644,8347,8178,8018,
54.652,8345,8175,8027,
54.664,8339,8178,8027,
54.675,8337,8178,8027,
54.684,8334,8175,8029,
54.695,8331,8175,8029,
54.705,8329,8178,8032,
54.713,8342,8178,8018,
54.723,8390,8178,7965,
54.732,8350,8178,8010,
54.743,8323,8178,8034,
54.754,8318,8175,8045,
54.763,8315,8178,8045,
54.774,8315,8175,8045,
54.782,8310,8178,8050,
54.795,8310,8178,8052,
54.805,8310,8178,8052,
54.812,8307,8178,8052,
54.825,8307,8175,8055,
54.835,8301,8178,8060,
54.843,8299,8175,8060,
54.852,8296,8178,8062,
54.866,8296,8178,8065,
54.874,8293,8178,8068,
54.883,8291,8175,8070,
54.893,8288,8178,8070,
54.903,8288,8175,8070,
54.912,8307,8178,8055,
54.923,8339,8178,8015,
54.933,8307,8178,8055,
54.944,8283,8175,8080,
54.953,8279,8178,8083,
54.962,8279,8178,8083,
54.974,8276,8175,8087,
54.983,8273,8178,8087,
54.993,8273,8178,8089,
55.004,8271,8175,8093,
55.013,8271,8175,8093,
55.021,8271,8178,8093,
55.034,8265,8178,8095,
55.043,8263,8178,8098,
55.053,8263,8178,8098,
55.066,8263,8178,8098,
55.072,8263,8178,8100,
55.084,8260,8178,8103,
55.093,8254,8178,8108,
55.104,8254,8178,8108,
55.113,8260,8175,8100,
55.128,8283,8175,8073,
55.134,8268,8178,8093,
55.142,8252,8178,8111,
55.154,8246,8178,8111,
55.162,8246,8175,8113,
55.174,8249,8175,8113,
55.183,8246,8178,8113,
55.194,8252,8175,8108,
55.203,8249,8178,8111,
55.212,8249,8178,8111,
55.223,8249,8178,8111,
55.234,8246,8178,8111,
55.242,8246,8178,8113,
55.255,8244,8178,8116,
55.265,8244,8178,8118,
55.274,8241,8175,8118,
55.284,8241,8175,8118,
55.292,8241,8178,8118,
55.302,8241,8178,8118,
55.313,8246,8178,8113,
55.323,8263,8175,8095,
55.335,8252,8181,8111,
55.343,8235,8178,8126,
55.353,8233,8178,8124,
55.362,8233,8178,8129,
55.371,8225,8178,8131,
55.383,8219,8178,8136,
55.393,8217,8181,8142,
55.402,8208,8181,8147,
55.413,8200,8178,8154,
55.422,8192,8181,8161,
55.434,8182,8178,8169,
55.443,8174,8181,8180,
55.453,8166,8178,8185,
55.462,8158,8181,8195,
55.473,8147,8181,8208,
55.487,8128,8181,8226,
55.49,8112,8181,8241,
55.502,8097,8183,8254,
55.515,8074,8181,8277,
55.523,8037,8181,8311,
55.532,8047,8186,8302,
55.544,8034,8191,8316,
55.554,8018,8191,8324,
55.563,8007,8188,8334,
55.574,7991,8188,8344,
55.583,7986,8188,8355,
55.592,7964,8191,8368,
55.601,7959,8199,8375,
55.612,7959,8201,8385,
55.622,7937,8206,8393,
55.633,7932,8193,8400,
55.642,7923,8199,8411,
55.651,7921,8204,8421,
55.661,7901,8201,8426,
55.67,7909,8204,8431,
55.684,7901,8204,8439,
55.693,7878,8206,8444,
55.701,7870,8209,8454,
55.712,7840,8199,8485,
55.723,7760,8193,8571,
55.733,7832,8219,8503,
55.742,7854,8212,8498,
55.752,7848,8222,8480,
55.761,7824,8206,8487,
55.772,7838,8214,8482,
55.783,7848,8214,8482,
55.792,7829,8212,8490,
55.802,7827,8219,8495,
55.815,7838,8217,8487,
55.821,7835,8214,8490,
55.832,7846,8219,8492,
55.842,7832,8217,8495,
55.85,7838,8214,8487,
55.863,7838,8209,8492,
55.872,7824,8219,8495,
55.881,7840,8222,8495,
55.891,7832,8214,8495,
55.903,7807,8217,8498,
55.912,7771,8206,8548,
55.922,7702,8206,8625,
55.932,7784,8219,8551,
55.94,7804,8219,8522,
55.951,7820,8222,8510,
55.962,7809,8230,8505,
55.971,7815,8217,8505,
55.982,7815,8214,8508,
55.993,7809,8212,8508,
55.999,7804,8214,8510,
56.009,7807,8212,8513,
56.02,7807,8237,8513,
56.032,7799,8219,8522,
56.042,7801,8219,8513,
56.053,7809,8222,8505,
56.062,7820,8217,8508,
56.074,7809,8222,8503,
56.08,7812,8212,8498,
56.09,7820,8219,8500,
56.102,7824,8222,8503,
56.113,7768,8219,8582,
56.123,7715,8206,8633,
56.132,7768,8214,8574,
56.141,7804,8206,8516,
56.151,7832,8212,8485,
56.16,7848,8214,8485,
56.171,7843,8222,8485,
56.183,7848,8214,8474,
56.193,7848,8212,8477,
56.201,7857,8212,8472,
56.209,7857,8212,8469,
56.221,7865,8204,8467,
56.233,7862,8206,8464,
56.242,7867,8212,8462,
56.253,7875,8206,8464,
56.26,7859,8214,8462,
56.271,7875,8199,8459,
56.283,7870,8212,8462,
56.292,7870,8212,8449,
56.303,7870,8214,8456,
56.31,7840,8193,8485,
56.323,7779,8196,8556,
56.333,7809,8206,8533,
56.342,7870,8206,8459,
56.352,7873,8204,8447,
56.362,7884,8209,8442,
56.371,7895,8201,8436,
56.383,7884,8212,8436,
56.389,7886,8209,8431,
56.402,7898,8204,8429,
56.411,7906,8201,8421,
56.42,7898,8204,8424,
56.43,7918,8199,8418,
56.441,7915,8201,8418,
56.451,7915,8201,8418,
56.461,7918,8204,8413,
56.471,7918,8201,8406,
56.479,7921,8201,8406,
56.492,7926,8201,8403,
56.5,7923,8199,8403,
56.511,7884,8193,8447,
56.52,7867,8196,8490,
56.533,7918,8204,8431,
56.541,7929,8196,8398,
56.55,7951,8206,8390,
56.561,7948,8196,8382,
56.571,7959,8199,8385,
56.582,7961,8199,8378,
56.593,7956,8206,8382,
56.601,7961,8199,8378,
56.61,7967,8196,8373,
56.62,7967,8201,8373,
56.632,7970,8196,8365,
56.64,7972,8196,8365,
56.65,7978,8196,8365,
56.662,7970,8201,8365,
56.675,7978,8204,8362,
56.681,7972,8199,8365,
56.689,7975,8201,8365,
56.701,7970,8206,8368,
56.712,7948,8191,8398,
56.721,7901,8188,8426,
56.731,7915,8193,8426,
56.741,7970,8199,8373,
56.752,7980,8193,8360,
56.76,7980,8196,8357,
56.768,7991,8193,8355,
56.781,7988,8196,8350,
56.791,7998,8196,8347,
56.8,7991,8188,8339,
56.811,8009,8193,8334,
56.82,8009,8191,8332,
56.833,8018,8191,8329,
56.84,8020,8191,8324,
56.85,8023,8186,8321,
56.861,8028,8186,8316,
56.87,8039,8186,8311,
56.882,8042,8188,8305,
56.89,8047,8188,8302,
56.901,8050,8183,8300,
56.912,8039,8183,8305,
56.921,8015,8183,8332,
56.93,8055,8188,8292,
56.94,8061,8186,8279,
56.95,8066,8186,8282,
56.959,8072,8183,8274,
56.972,8077,8183,8269,
56.978,8083,8181,8264,
56.991,8085,8186,8256,
57,8092,8183,8254,
57.01,8097,8183,8248,
57.02,8103,8181,8243,
57.029,8109,8181,8238,
57.041,8114,8181,8231,
57.051,8120,8181,8228,
57.06,8125,8181,8226,
57.069,8128,8178,8223,
57.082,8133,8178,8218,
57.091,8136,8181,8216,
57.1,8141,8178,8213,
57.111,8139,8178,8213,
57.119,8133,8173,8221,
57.13,8144,8178,8208,
57.142,8155,8178,8200,
57.149,8155,8178,8195,
57.16,8158,8178,8195,
57.172,8160,8178,8192,
57.18,8166,8178,8190,
57.19,8168,8178,8185,
57.198,8171,8175,8185,
57.211,8174,8175,8182,
57.22,8177,8175,8177,
57.232,8179,8175,8174,
57.24,8179,8175,8174,
57.249,8179,8175,8172,
57.272,8182,8178,8172,
57.273,8182,8178,8172,
57.28,8198,8178,8161,
57.29,8198,8178,8157,
57.301,8203,8178,8154,
57.31,8214,8178,8144,
57.321,8233,8173,8124,
57.331,8230,8178,8129,
57.342,8235,8178,8126,
57.35,8244,8178,8121,
57.36,8254,8178,8111,
57.369,8260,8175,8103,
57.38,8273,8175,8093,
57.389,8283,8178,8080,
57.398,8293,8178,8068,
57.41,8304,8175,8060,
57.42,8320,8175,8045,
57.431,8331,8178,8034,
57.439,8342,8178,8021,
57.449,8350,8175,8015,
57.461,8358,8173,8008,
57.469,8366,8175,7996,
57.482,8366,8175,7999,
57.489,8366,8178,7996,
57.501,8369,8178,7994,
57.509,8390,8178,7971,
57.52,8436,8178,7917,
57.53,8404,8178,7963,
57.539,8361,8178,7996,
57.551,8342,8178,8015,
57.56,8342,8178,8021,
57.572,8331,8178,8029,
57.581,8329,8175,8034,
57.589,8323,8175,8039,
57.6,8318,8175,8045,
57.611,8315,8175,8045,
57.618,8312,8175,8047,
57.629,8312,8175,8050,
57.64,8312,8175,8052,
57.653,8310,8175,8050,
57.661,8310,8178,8052,
57.67,8310,8175,8052,
57.68,8307,8178,8052,
57.691,8310,8178,8052,
57.701,8310,8178,8050,
57.71,8329,8178,8029,
57.721,8372,8178,7978,
57.73,8353,8175,8008,
57.74,8323,8178,8039,
57.751,8326,8178,8039,
57.759,8326,8178,8039,
57.771,8329,8175,8032,
57.78,8329,8178,8034,
57.791,8331,8175,8034,
57.801,8334,8178,8029,
57.81,8331,8178,8029,
57.819,8334,8175,8029,
57.829,8334,8178,8027,
57.84,8337,8173,8024,
57.849,8337,8175,8024,
57.86,8342,8175,8021,
57.869,8339,8178,8024,
57.878,8345,8175,8018,
57.891,8347,8178,8021,
57.902,8350,8175,8015,
57.909,8372,8175,7996,
57.92,8417,8175,7946,
57.93,8396,8178,7968,
57.94,8356,8178,8010,
57.95,8350,8178,8013,
57.96,8347,8175,8015,
57.971,8345,8178,8018,
57.977,8342,8178,8021,
57.989,8342,8175,8024,
57.999,8339,8178,8024,
58.009,8337,8175,8024,
58.019,8331,8175,8029,
58.028,8334,8175,8029,
58.039,8329,8178,8034,
58.048,8334,8175,8029,
58.059,8331,8175,8032,
58.069,8329,8175,8037,
58.077,8329,8175,8034,
58.088,8329,8175,8034,
58.1,8329,8175,8032,
58.109,8353,8178,8010,
58.121,8396,8178,7963,
58.129,8366,8178,7986,
58.138,8326,8178,8032,
58.152,8326,8178,8037,
58.158,8320,8178,8039,
58.172,8320,8175,8045,
58.177,8320,8175,8042,
58.188,8320,8178,8042,
58.198,8320,8175,8045,
58.208,8320,8175,8039,
58.217,8318,8178,8042,
58.23,8320,8175,8039,
58.238,8323,8175,8039,
58.25,8320,8175,8042,
58.256,8320,8175,8042,
58.27,8323,8175,8042,
58.278,8323,8178,8042,
58.289,8323,8178,8037,
58.298,8331,8178,8037,
58.309,8356,8178,8010,
58.319,8406,8178,7950,
58.328,8390,8175,7978,
58.341,8353,8178,8015,
58.348,8353,8178,8015,
58.36,8356,8178,8013,
58.368,8358,8178,8008,
58.379,8361,8178,8004,
58.387,8358,8175,8004,
58.399,8366,8178,7999,
58.409,8369,8178,7999,
58.42,8369,8178,7994,
58.428,8366,8175,7994,
58.439,8372,8178,7991,
58.449,8379,8178,7991,
58.459,8379,8178,7986,
58.468,8385,8175,7981,
58.478,8385,8178,7983,
58.489,8387,8175,7976,
58.5,8396,8175,7976,
58.508,8414,8178,7955,
58.516,8476,8178,7884,
58.53,8420,8178,7936,
58.538,8398,8181,7963,
58.549,8390,8173,7978,
58.559,8390,8175,7978,
58.571,8387,8175,7983,
58.577,8382,8178,7986,
58.588,8379,8181,7983,
58.597,8382,8178,7981,
58.609,8385,8178,7983,
58.617,8379,8178,7986,
58.627,8379,8175,7991,
58.638,8382,8178,7989,
58.649,8377,8175,7989,
58.659,8372,8175,7991,
58.667,8369,8175,7994,
58.678,8366,8178,7999,
58.687,8361,8178,7999,
58.697,8366,8178,7996,
58.708,8398,8178,7971,
58.721,8452,8173,7899,
58.729,8406,8178,7960,
58.739,8358,8178,8004,
58.746,8358,8175,8008,
58.758,8356,8178,8008,
58.767,8350,8175,8018,
58.778,8350,8178,8013,
58.789,8350,8175,8015,
58.798,8345,8178,8018,
58.81,8347,8178,8018,
58.816,8342,8175,8027,
58.828,8342,8178,8024,
58.838,8339,8175,8027,
58.85,8334,8175,8027,
58.858,8337,8178,8029,
58.868,8334,8175,8029,
58.877,8331,8178,8027,
58.888,8331,8178,8027,
58.9,8331,8175,8034,
58.906,8345,8175,8021,
58.919,8396,8175,7960,
58.928,8366,8178,7991,
58.936,8331,8178,8032,
58.949,8326,8178,8039,
58.957,8323,8175,8037,
58.967,8320,8178,8037,
58.979,8318,8178,8042,
58.988,8315,8175,8047,
58.997,8315,8178,8045,
59.007,8312,8173,8052,
59.019,8310,8175,8052,
59.029,8307,8178,8055,
59.038,8304,8178,8057,
59.046,8304,8178,8060,
59.059,8299,8175,8060,
59.067,8299,8175,8060,
59.078,8296,8178,8065,
59.086,8296,8178,8062,
59.098,8293,8175,8062,
59.109,8312,8178,8045,
59.119,8342,8175,8010,
59.13,8318,8178,8042,
59.136,8288,8178,8068,
59.149,8283,8175,8075,
59.155,8283,8178,8073,
59.169,8283,8178,8078,
59.18,8283,8178,8075,
59.188,8279,8175,8078,
59.199,8279,8175,8078,
59.205,8276,8178,8078,
59.217,8276,8178,8083,
59.228,8276,8175,8080,
59.237,8276,8178,8087,
59.248,8273,8175,8087,
59.257,8271,8175,8087,
59.267,8271,8175,8089,
59.278,8271,8178,8089,
59.287,8268,8175,8095,
59.298,8268,8178,8093,
59.307,8276,8178,8083,
59.319,8296,8175,8057,
59.328,8283,8181,8075,
59.338,8265,8178,8098,
59.349,8263,8178,8100,
59.358,8260,8178,8100,
59.367,8260,8178,8100,
59.376,8254,8178,8106,
59.39,8252,8178,8108,
59.397,8246,8178,8113,
59.405,8244,8178,8116,
59.417,8241,8178,8118,
59.426,8241,8178,8121,
59.439,8238,8178,8121,
59.449,8235,8178,8124,
59.457,8233,8175,8126,
59.466,8230,8178,8129,
59.476,8225,8175,8131,
59.49,8222,8175,8134,
59.497,8217,8178,8139,
59.505,8217,8175,8142,
59.517,8219,8178,8134,
59.526,8200,8175,8152,
59.538,8188,8175,8163,
59.545,8179,8175,8172,
59.557,8168,8175,8182,
59.567,8163,8178,8187,
59.575,8152,8178,8205,
59.586,8144,8175,8208,
59.601,8133,8181,8218,
59.607,8125,8181,8226,
59.616,8117,8181,8235,
59.626,8106,8181,8243,
59.638,8094,8183,8254,
59.645,8085,8183,8264,
59.659,8077,8183,8272,
59.667,8066,8183,8279,
59.676,8058,8186,8290,
59.686,8047,8186,8297,
59.698,8037,8186,8309,
59.706,8015,8183,8329,
59.716,7970,8186,8373,
59.727,7978,8191,8368,
59.735,7991,8196,8347,
59.749,7983,8191,8355,
59.756,7980,8191,8360,
59.765,7975,8196,8370,
59.777,7953,8196,8375,
59.787,7953,8199,8385,
59.796,7942,8193,8390,
59.806,7942,8193,8398,
59.815,7934,8199,8403,
59.829,7915,8201,8408,
59.836,7923,8201,8413,
59.847,7912,8201,8421,
59.856,7901,8212,8429,
59.866,7901,8204,8431,
59.877,7901,8204,8434,
59.888,7881,8204,8442,
59.897,7886,8206,8449,
59.905,7838,8193,8495,
59.916,7771,8201,8548,
59.926,7787,8201,8559,
59.937,7838,8212,8485,
59.948,7859,8204,8467,
59.956,7867,8212,8472,
59.965,7846,8212,8474,
59.977,7859,8204,8469,
59.987,7851,8206,8474,
59.995,7843,8204,8477,
60.005,7840,8212,8477,
60.016,7838,8204,8474,
60.025,7843,8214,8474,
60.036,7843,8206,8472,
60.046,7851,8209,8474,
60.056,7857,8217,8474,
60.065,7854,8214,8474,
60.077,7854,8212,8474,
60.086,7857,8222,8474,
60.096,7859,8204,8482,
60.106,7779,8201,8548,
60.115,7741,8196,8612,
60.126,7757,8204,8587,
60.136,7820,8222,8503,
60.145,7840,8204,8480,
60.158,7843,8214,8477,
60.165,7857,8214,8480,
60.176,7854,8212,8474,
60.184,7848,8204,8472,
60.197,7848,8206,8474,
60.206,7846,8209,8474,
60.215,7854,8217,8477,
60.226,7857,8206,8474,
60.236,7843,8212,8477,
60.246,7857,8227,8472,
60.258,7857,8212,8469,
60.265,7867,8206,8474,
60.277,7865,8214,8467,
60.286,7865,8206,8469,
60.296,7838,8214,8472,
60.305,7799,8196,8528,
60.316,7760,8199,8579,
60.324,7818,8214,8530,
60.335,7851,8209,8477,
60.346,7889,8201,8456,
60.356,7873,8206,8449,
60.366,7875,8209,8444,
60.376,7878,8201,8442,
60.386,7893,8209,8439,
60.395,7889,8204,8434,
60.404,7889,8212,8431,
60.415,7898,8209,8429,
60.426,7901,8219,8434,
60.434,7915,8201,8429,
60.446,7912,8201,8424,
60.457,7915,8201,8421,
60.467,7912,8212,8421,
60.474,7923,8201,8418,
60.483,7912,8206,8418,
60.497,7918,8201,8418,
60.505,7878,8196,8456,
60.517,7835,8188,8500,
60.525,7893,8209,8449,
60.535,7915,8206,8426,
60.544,7915,8196,8416,
60.558,7923,8206,8411,
60.567,7921,8199,8408,
60.576,7923,8199,8408,
60.586,7926,8199,8403,
60.596,7937,8201,8398,
60.605,7934,8196,8400,
60.616,7937,8209,8400,
60.625,7940,8204,8393,
60.637,7940,8199,8390,
60.647,7948,8199,8390,
60.655,7948,8201,8385,
60.666,7948,8196,8388,
60.675,7956,8193,8382,
60.684,7961,8196,8382,
60.695,7964,8196,8378,
60.705,7926,8193,8408,
60.716,7886,8191,8456,
60.726,7906,8199,8442,
60.734,7948,8199,8393,
60.745,7959,8196,8378,
60.755,7951,8196,8373,
60.767,7964,8201,8373,
60.775,7972,8196,8368,
60.785,7967,8193,8368,
60.794,7980,8201,8362,
60.807,7970,8193,8360,
60.816,7983,8193,8357,
60.826,7980,8193,8357,
60.835,7983,8193,8352,
60.846,7988,8196,8352,
60.856,7988,8188,8350,
60.866,7998,8191,8339,
60.876,8000,8193,8339,
60.887,8003,8188,8334,
60.898,8009,8193,8332,
60.904,7983,8186,8360,
60.915,7967,8188,8382,
60.924,8009,8191,8342,
60.935,8023,8193,8324,
60.947,8028,8191,8314,
60.953,8034,8188,8309,
60.965,8042,8183,8305,
60.975,8045,8188,8297,
60.984,8053,8186,8292,
60.995,8058,8188,8287,
61.005,8069,8188,8279,
61.015,8072,8183,8274,
61.024,8077,8183,8266,
61.035,8088,8183,8264,
61.043,8088,8183,8259,
61.056,8097,8183,8251,
61.065,8103,8183,8248,
61.077,8109,8181,8241,
61.085,8114,8181,8235,
61.096,8122,8181,8228,
61.104,8125,8181,8228,
61.116,8114,8178,8238,
61.123,8136,8181,8221,
61.137,8141,8181,8210,
61.143,8147,8178,8208,
61.156,8152,8178,8203,
61.164,8158,8178,8195,
61.175,8163,8178,8192,
61.184,8168,8178,8187,
61.197,8171,8178,8180,
61.205,8179,8178,8177,
61.214,8182,8175,8172,
61.226,8182,8175,8172,
61.236,8185,8175,8169,
61.242,8200,8181,8167,
61.255,8206,8181,8157,
61.266,8211,8178,8147,
61.274,8217,8178,8139,
61.285,8225,8178,8134,
61.293,8233,8178,8126,
61.306,8252,8178,8108,
61.315,8276,8175,8075,
61.323,8265,8175,8095,
61.335,8260,8178,8106,
61.344,8268,8178,8095,
61.357,8276,8175,8083,
61.366,8283,8175,8075,
61.374,8288,8178,8070,
61.384,8299,8175,8062,
61.396,8307,8178,8055,
61.405,8315,8178,8045,
61.413,8326,8175,8039,
61.426,8331,8178,8032,
61.435,8339,8178,8027,
61.444,8347,8178,8015,
61.455,8353,8178,8013,
61.464,8358,8175,8004,
61.475,8364,8178,8001,
61.485,8369,8178,7996,
61.495,8377,8175,7994,
61.505,8396,8175,7971,
61.515,8455,8175,7904,
61.526,8431,8178,7939,
61.534,8396,8178,7976,
61.545,8390,8178,7981,
61.553,8387,8178,7978,
61.566,8385,8178,7983,
61.574,8387,8175,7983,
61.583,8385,8178,7981,
61.594,8387,8178,7978,
61.607,8387,8178,7981,
61.617,8390,8178,7976,
61.622,8390,8175,7976,
61.635,8387,8178,7978,
61.645,8387,8175,7981,
61.655,8387,8178,7976,
61.666,8385,8178,7983,
61.674,8385,8175,7981,
61.683,8387,8178,7981,
61.694,8387,8178,7983,
61.704,8406,8178,7960,
61.714,8458,8175,7902,
61.725,8433,8178,7931,
61.736,8396,8178,7968,
61.745,8393,8175,7983,
61.754,8393,8178,7986,
61.766,8390,8178,7983,
61.774,8387,8175,7983,
61.783,8393,8178,7983,
61.791,8390,8178,7978,
61.804,8396,8175,7978,
61.813,8396,8178,7978,
61.822,8398,8175,7973,
61.835,8396,8178,7976,
61.844,8396,8175,7981,
61.854,8396,8178,7976,
61.865,8390,8178,7978,
61.875,8396,8178,7976,
61.885,8390,8178,7978,
61.894,8396,8178,7978,
61.903,8414,8178,7955,
61.914,8468,8178,7889,
61.922,8423,8178,7944,
61.935,8387,8175,7981,
61.945,8382,8175,7983,
61.954,8379,8175,7983,
61.965,8379,8178,7989,
61.974,8377,8175,7989,
61.984,8366,8175,7994,
61.995,8369,8175,7994,
62.004,8366,8175,7991,
62.014,8364,8175,7999,
62.024,8369,8178,7994,
62.034,8364,8175,7999,
62.042,8364,8175,7994,
62.054,8369,8178,7994,
62.064,8364,8178,7999,
62.073,8366,8178,7999,
62.085,8369,8178,7996,
62.091,8372,8178,7991,
62.101,8393,8175,7971,
62.113,8450,8175,7904,
62.123,8431,8178,7936,
62.133,8393,8178,7976,
62.143,8385,8178,7981,
62.153,8390,8178,7978,
62.165,8387,8178,7978,
62.175,8390,8178,7978,
62.183,8390,8175,7976,
62.194,8390,8175,7978,
62.203,8390,8178,7976,
62.214,8396,8178,7978,
62.224,8390,8178,7981,
62.233,8387,8175,7973,
62.244,8396,8175,7973,
62.255,8390,8178,7978,
62.263,8390,8175,7981,
62.274,8390,8175,7976,
62.283,8385,8178,7983,
62.294,8387,8178,7981,
62.302,8406,8175,7960,
62.311,8471,8175,7889,
62.322,8420,8181,7944,
62.335,8387,8175,7976,
62.344,8385,8175,7981,
62.353,8382,8178,7983,
62.364,8382,8178,7983,
62.373,8379,8178,7989,
62.384,8379,8178,7989,
62.392,8369,8178,7994,
62.403,8377,8178,7989,
62.412,8372,8178,7989,
62.423,8369,8175,7991,
62.434,8366,8178,7994,
62.443,8366,8175,7994,
62.451,8361,8175,7999,
62.464,8361,8178,8001,
62.472,8356,8178,8010,
62.485,8353,8181,8008,
62.494,8356,8178,8008,
62.505,8390,8178,7971,
62.516,8442,8175,7909,
62.523,8393,8178,7965,
62.534,8353,8175,8010,
62.545,8347,8175,8015,
62.555,8345,8178,8018,
62.564,8342,8178,8018,
62.572,8339,8175,8024,
62.583,8339,8178,8021,
62.593,8337,8175,8024,
62.604,8337,8178,8029,
62.615,8337,8178,8027,
62.624,8334,8178,8029,
62.634,8331,8178,8029,
62.645,8329,8178,8032,
62.652,8326,8175,8039,
62.662,8326,8175,8037,
62.674,8323,8178,8039,
62.685,8320,8178,8042,
62.692,8326,8178,8042,
62.704,8342,8178,8018,
62.713,8385,8175,7965,
62.724,8339,8178,8021,
62.733,8315,8178,8047,
62.741,8310,8175,8052,
62.752,8310,8175,8052,
62.762,8307,8178,8055,
62.771,8304,8175,8055,
62.784,8301,8175,8057,
62.793,8301,8175,8057,
62.801,8299,8175,8062,
62.814,8296,8178,8062,
62.824,8296,8181,8065,
62.833,8291,8181,8068,
62.844,8288,8181,8068,
62.853,8288,8178,8070,
62.863,8285,8181,8070,
62.872,8285,8178,8073,
62.884,8283,8181,8073,
62.893,8283,8181,8078,
62.903,8285,8181,8070,
62.912,8318,8181,8037,
62.922,8301,8178,8062,
62.934,8279,8178,8080,
62.943,8273,8175,8083,
62.953,8273,8178,8083,
62.963,8271,8178,8089,
62.972,8271,8175,8087,
62.984,8268,8175,8093,
62.993,8268,8178,8095,
63.001,8265,8175,8098,
63.013,8263,8175,8098,
63.023,8260,8175,8100,
63.034,8257,8178,8100,
63.044,8257,8175,8100,
63.054,8254,8178,8103,
63.062,8254,8178,8103,
63.072,8254,8178,8106,
63.083,8254,8175,8108,
63.094,8254,8178,8108,
63.104,8265,8178,8093,
63.115,8283,8178,8075,
63.121,8265,8178,8100,
63.134,8252,8175,8106,
63.142,8252,8175,8111,
63.154,8252,8175,8111,
63.162,8252,8178,8111,
63.171,8249,8178,8113,
63.183,8249,8178,8116,
63.194,8246,8178,8116,
63.2,8244,8175,8118,
63.213,8244,8178,8118,
63.223,8241,8175,8121,
63.232,8238,8178,8121,
63.241,8235,8178,8124,
63.252,8235,8178,8126,
63.262,8230,8178,8129,
63.272,8230,8178,8129,
63.283,8227,8175,8129,
63.293,8225,8175,8131,
63.301,8225,8175,8131,
63.314,8230,8178,8124,
63.323,8214,8178,8142,
63.331,8200,8178,8149,
63.34,8195,8178,8161,
63.351,8185,8181,8167,
63.365,8177,8178,8174,
63.372,8171,8181,8182,
63.383,8166,8178,8185,
63.393,8158,8181,8198,
63.404,8147,8181,8195,
63.411,8139,8183,8216,
63.421,8125,8183,8228,
63.432,8114,8186,8238,
63.444,8103,8186,8248,
63.45,8092,8183,8256,
63.461,8085,8186,8266,
63.474,8074,8188,8274,
63.482,8064,8188,8284,
63.492,8058,8188,8292,
63.503,8026,8186,8316,
63.513,7998,8188,8350,
63.523,8020,8193,8329,
63.535,8015,8193,8329,
63.542,8009,8191,8329,
63.55,7998,8193,8334,
63.561,8000,8191,8344,
63.572,7988,8199,8350,
63.583,7983,8193,8355,
63.593,7970,8193,8360,
63.603,7978,8193,8365,
63.611,7970,8193,8365,
63.621,7959,8199,8373,
63.633,7959,8199,8378,
63.641,7951,8193,8382,
63.651,7956,8196,8388,
63.662,7951,8191,8388,
63.671,7940,8196,8398,
63.682,7934,8206,8403,
63.691,7918,8199,8411,
63.704,7895,8204,8447,
63.71,7835,8193,8500,
63.721,7859,8201,8485,
63.734,7889,8212,8442,
63.743,7904,8204,8431,
63.751,7904,8206,8434,
63.761,7889,8212,8434,
63.771,7893,8201,8436,
63.782,7889,8217,8436,
63.791,7886,8206,8439,
63.801,7884,8209,8442,
63.809,7886,8212,8444,
63.821,7886,8212,8442,
63.833,7870,8196,8449,
63.841,7886,8204,8447,
63.854,7878,8214,8449,
63.861,7878,8209,8449,
63.872,7870,8209,8454,
63.882,7875,8204,8454,
63.892,7878,8212,8459,
63.902,7835,8193,8498,
63.91,7771,8193,8569,
63.921,7787,8201,8530,
63.933,7848,8219,8477,
63.943,7875,8212,8456,
63.951,7859,8214,8459,
63.96,7870,8206,8462,
63.973,7878,8214,8467,
63.981,7865,8212,8456,
63.991,7873,8206,8459,
64,7870,8201,8459,
64.012,7875,8212,8459,
64.022,7873,8212,8459,
64.032,7867,8209,8454,
64.043,7865,8219,8456,
64.051,7862,8206,8454,
64.058,7873,8209,8454,
64.071,7875,8199,8454,
64.083,7889,8204,8447,
64.09,7884,8212,8444,
64.102,7851,8186,8480,
64.112,7787,8193,8564,
64.122,7846,8214,8487,
64.131,7873,8206,8464,
64.143,7884,8201,8449,
64.154,7884,8209,8444,
64.164,7895,8209,8444,
64.171,7886,8212,8442,
64.181,7889,8204,8442,
64.19,7889,8214,8442,
64.203,7898,8209,8439,
64.212,7893,8209,8436,
64.22,7884,8199,8436,
64.231,7893,8196,8439,
64.242,7886,8212,8436,
64.251,7893,8204,8442,
64.262,7889,8214,8442,
64.268,7881,8209,8439,
64.279,7893,8209,8436,
64.29,7886,8212,8436,
64.299,7867,8196,8474,
64.312,7807,8193,8548,
64.321,7870,8209,8467,
64.331,7873,8204,8444,
64.34,7904,8201,8434,
64.35,7909,8217,8424,
64.36,7912,8196,8418,
64.37,7904,8204,8421,
64.379,7918,8206,8416,
64.39,7921,8206,8413,
64.4,7929,8214,8403,
64.413,7923,8204,8400,
64.422,7932,8204,8398,
64.43,7934,8199,8393,
64.44,7937,8204,8390,
64.451,7942,8199,8385,
64.462,7951,8196,8382,
64.472,7951,8196,8375,
64.478,7956,8201,8375,
64.489,7964,8201,8375,
64.5,7940,8193,8400,
64.512,7895,8191,8439,
64.518,7918,8196,8436,
64.531,7967,8199,8373,
64.541,7972,8201,8365,
64.55,7975,8191,8362,
64.562,7980,8196,8360,
64.571,7986,8196,8355,
64.58,7986,8193,8352,
64.591,7988,8196,8352,
64.6,7998,8199,8347,
64.61,7998,8188,8342,
64.618,8007,8191,8339,
64.629,8007,8191,8339,
64.64,8009,8191,8334,
64.65,8012,8193,8329,
64.659,8018,8196,8326,
64.67,8020,8186,8324,
64.682,8026,8193,8321,
64.69,8037,8188,8316,
64.699,8028,8186,8321,
64.71,8000,8183,8342,
64.722,8039,8191,8321,
64.733,8061,8188,8287,
64.739,8074,8183,8274,
64.751,8085,8183,8264,
64.759,8094,8181,8254,
64.772,8106,8186,8246,
64.78,8117,8181,8235,
64.792,8125,8181,8226,
64.8,8136,8178,8218,
64.811,8147,8178,8208,
64.819,8152,8178,8200,
64.83,8163,8175,8192,
64.838,8174,8178,8182,
64.852,8182,8175,8172,
64.861,8185,8175,8172,
64.87,8188,8175,8167,
64.88,8206,8170,8149,
64.891,8217,8178,8142,
64.901,8235,8178,8126,
64.91,8257,8178,8098,
64.919,8260,8178,8098,
64.931,8257,8175,8100,
64.94,8268,8178,8095,
64.949,8276,8178,8083,
64.96,8283,8175,8070,
64.968,8293,8178,8065,
64.981,8299,8178,8057,
64.989,8304,8178,8052,
65,8312,8178,8047,
65.01,8320,8178,8042,
65.022,8326,8178,8034,
65.029,8331,8178,8034,
65.039,8334,8178,8024,
65.049,8342,8178,8021,
65.061,8345,8178,8013,
65.072,8350,8178,8013,
65.08,8356,8178,8008,
65.091,8358,8178,8001,
65.1,8382,8178,7978,
65.11,8436,8175,7912,
65.119,8409,8178,7955,
65.129,8387,8178,7981,
65.139,8387,8175,7981,
65.15,8393,8181,7973,
65.159,8398,8175,7968,
65.171,8404,8178,7965,
65.183,8406,8178,7963,
65.191,8409,8178,7960,
65.201,8414,8178,7963,
65.21,8414,8178,7958,
65.218,8414,8178,7958,
65.23,8420,8178,7950,
65.241,8420,8175,7953,
65.25,8423,8181,7955,
65.261,8425,8178,7944,
65.269,8428,8178,7950,
65.279,8433,8175,7941,
65.289,8431,8175,7941,
65.299,8450,8178,7920,
65.308,8522,8178,7841,
65.32,8492,8178,7894,
65.33,8444,8175,7931,
65.338,8439,8175,7939,
65.35,8433,8178,7944,
65.361,8431,8175,7944,
65.369,8428,8178,7941,
65.378,8425,8178,7946,
65.389,8425,8175,7946,
65.398,8423,8178,7953,
65.409,8423,8178,7950,
65.418,8423,8178,7946,
65.429,8423,8178,7953,
65.438,8420,8178,7953,
65.45,8417,8178,7958,
65.459,8420,8175,7960,
65.469,8420,8173,7955,
65.478,8417,8178,7953,
65.49,8414,8178,7960,
65.498,8442,8175,7931,
65.51,8503,8178,7860,
65.518,8473,8178,7902,
65.528,8417,8175,7950,
65.538,8412,8175,7960,
65.549,8409,8178,7963,
65.558,8406,8178,7968,
65.572,8404,8178,7968,
65.581,8406,8175,7968,
65.589,8401,8178,7971,
65.599,8401,8175,7968,
65.61,8401,8178,7973,
65.62,8401,8175,7973,
65.63,8401,8175,7971,
65.638,8398,8178,7973,
65.651,8398,8178,7971,
65.659,8398,8178,7971,
65.67,8398,8175,7976,
65.679,8393,8178,7973,
65.69,8393,8178,7976,
65.699,8414,8178,7953,
65.709,8473,8175,7889,
65.717,8425,8181,7941,
65.727,8390,8178,7983,
65.738,8382,8175,7991,
65.749,8385,8175,7983,
65.757,8382,8178,7986,
65.769,8377,8175,7986,
65.777,8372,8178,7991,
65.79,8377,8178,7994,
65.8,8369,8178,7991,
65.808,8372,8178,7991,
65.817,8369,8178,7999,
65.83,8366,8178,7999,
65.84,8361,8178,8001,
65.849,8361,8178,8008,
65.858,8356,8175,8008,
65.868,8356,8178,8013,
65.879,8350,8178,8013,
65.888,8353,8178,8013,
65.899,8377,8178,7989,
65.909,8428,8175,7927,
65.92,8404,8178,7965,
65.927,8350,8175,8015,
65.939,8345,8178,8015,
65.948,8342,8175,8024,
65.964,8339,8178,8027,
65.967,8339,8181,8027,
65.979,8334,8175,8029,
65.988,8334,8178,8029,
65.999,8331,8178,8034,
66.009,8329,8175,8037,
66.017,8326,8178,8037,
66.03,8326,8178,8032,
66.041,8326,8175,8037,
66.047,8323,8175,8039,
66.057,8320,8178,8042,
66.066,8318,8178,8045,
66.079,8318,8178,8045,
66.088,8315,8175,8047,
66.097,8326,8178,8037,
66.108,8366,8178,7989,
66.119,8342,8178,8021,
66.129,8310,8178,8050,
66.14,8310,8178,8052,
66.146,8304,8178,8057,
66.157,8304,8178,8057,
66.169,8301,8175,8057,
66.178,8299,8178,8060,
66.187,8299,8175,8062,
66.199,8299,8175,8065,
66.21,8293,8178,8065,
66.218,8291,8178,8070,
66.226,8288,8173,8068,
66.237,8285,8178,8073,
66.248,8285,8178,8075,
66.261,8283,8178,8073,
66.27,8283,8178,8075,
66.279,8283,8175,8078,
66.29,8283,8178,8078,
66.3,8285,8178,8073,
66.309,8318,8178,8034,
66.319,8291,8175,8070,
66.329,8273,8178,8095,
66.338,8273,8175,8089,
66.35,8273,8178,8087,
66.36,8271,8175,8093,
66.368,8271,8178,8093,
66.378,8268,8175,8095,
66.39,8265,8181,8098,
66.399,8263,8181,8098,
66.409,8263,8181,8095,
66.419,8260,8181,8100,
66.428,8260,8181,8103,
66.439,8257,8178,8103,
66.447,8257,8181,8103,
66.458,8257,8181,8106,
66.467,8257,8178,8106,
66.479,8254,8181,8106,
66.487,8254,8181,8106,
66.497,8260,8178,8103,
66.508,8283,8175,8073,
66.517,8268,8178,8093,
66.526,8252,8178,8113,
66.538,8246,8175,8111,
66.546,8246,8175,8111,
66.558,8244,8178,8113,
66.567,8244,8178,8116,
66.579,8241,8178,8118,
66.59,8238,8178,8121,
66.596,8235,8175,8121,
66.609,8233,8178,8124,
66.618,8230,8175,8129,
66.629,8227,8178,8131,
66.64,8225,8178,8134,
66.648,8219,8175,8139,
66.658,8214,8178,8142,
66.669,8206,8178,8149,
66.677,8198,8178,8154,
66.687,8188,8178,8163,
66.698,8179,8178,8172,
66.708,8171,8181,8180,
66.717,8166,8178,8187,
66.728,8144,8181,8208,
66.736,8144,8181,8216,
66.75,8131,8178,8221,
66.757,8122,8181,8231,
66.768,8112,8181,8238,
66.778,8106,8183,8248,
66.788,8094,8181,8254,
66.799,8085,8183,8264,
66.807,8074,8183,8272,
66.817,8064,8183,8279,
66.828,8055,8186,8287,
66.837,8042,8188,8300,
66.85,8037,8188,8309,
66.858,8023,8186,8319,
66.866,8015,8188,8324,
66.879,8012,8188,8329,
66.888,8003,8188,8337,
66.897,7970,8186,8365,
66.908,7932,8191,8403,
66.918,7970,8199,8375,
66.929,7964,8196,8373,
66.937,7961,8193,8375,
66.946,7953,8196,8378,
66.956,7956,8201,8378,
66.967,7953,8193,8385,
66.978,7937,8199,8390,
66.988,7942,8204,8393,
66.999,7937,8201,8393,
67.009,7937,8204,8398,
67.017,7937,8199,8400,
67.028,7940,8212,8408,
67.037,7926,8206,8408,
67.047,7921,8199,8408,
67.058,7904,8188,8416,
67.068,7915,8204,8416,
67.075,7912,8204,8424,
67.087,7901,8201,8434,
67.097,7832,8196,8500,
67.106,7796,8191,8530,
67.119,7848,8206,8492,
67.125,7873,8212,8464,
67.137,7881,8201,8454,
67.147,7878,8209,8449,
67.159,7878,8212,8449,
67.168,7881,8209,8447,
67.177,7893,8217,8464,
67.188,7878,8212,8459,
67.196,7875,8212,8462,
67.206,7865,8214,8462,
67.217,7873,8222,8459,
67.227,7857,8209,8462,
67.235,7867,8222,8459,
67.247,7873,8219,8459,
67.256,7865,8227,8449,
67.268,7862,8212,8459,
67.277,7862,8217,8462,
67.288,7851,8219,8472,
67.296,7807,8214,8513,
67.306,7762,8201,8584,
67.317,7820,8212,8530,
67.328,7893,8230,8464,
67.335,7934,8232,8385,
67.349,7988,8245,8334,
67.356,8066,8268,8231,
67.366,8144,8278,8208,
67.376,8125,8294,8167,
67.386,8147,8281,8131,
67.396,8177,8308,8139,
67.409,8174,8268,8131,
67.418,8188,8239,8129,
67.425,8160,8239,8124,
67.437,8182,8294,8124,
67.448,8177,8239,8126,
67.456,8182,8308,8118,
67.464,8179,8257,8116,
67.476,8198,8276,8111,
67.487,8147,8247,8116,
67.498,8166,8196,8157,
67.508,8139,8159,8185,
67.516,8152,8199,8174,
67.527,8150,8255,8167,
67.535,8128,8224,8169,
67.547,8125,8227,8169,
67.559,8144,8239,8190,
67.569,8152,8217,8157,
67.575,8152,8227,8185,
67.588,8155,8204,8185,
67.595,8125,8219,8163,
67.607,8136,8224,8187,
67.617,8152,8209,8172,
67.625,8133,8217,8185,
67.635,8128,8209,8180,
67.649,8144,8204,8177,
67.658,8141,8219,8174,
67.669,8128,8217,8152,
67.676,8136,8212,8180,
67.688,8147,8217,8185,
67.697,8125,8212,8192,
67.708,8023,8168,8326,
67.714,8047,8214,8277,
67.726,8092,8206,8241,
67.736,8106,8196,8203,
67.747,8117,8206,8192,
67.755,8122,8201,8205,
67.765,8136,8209,8192,
67.776,8136,8224,8190,
67.787,8144,8232,8182,
67.796,8155,8227,8182,
67.807,8141,8204,8174,
67.815,8141,8199,8172,
67.829,8150,8217,8177,
67.836,8141,8222,8177,
67.847,8152,8206,8177,
67.855,8174,8212,8180,
67.868,8168,8212,8180,
67.874,8174,8217,8163,
67.885,8163,8224,8163,
67.902,8147,8191,8174,
67.905,8122,8173,8208,
67.917,8136,8212,8198,
67.926,8158,8209,8180,
67.936,8160,8206,8161,
67.945,8168,8204,8167,
67.954,8168,8217,8161,
67.967,8177,8196,8172,
67.975,8171,8204,8147,
67.985,8174,8199,8152,
67.994,8182,8209,8152,
68.005,8177,8206,8144,
68.016,8179,8201,8161,
68.028,8206,8201,8161,
68.034,8179,8219,8157,
68.047,8182,8224,8142,
68.057,8198,8219,8139,
68.066,8214,8206,8147,
68.076,8217,8212,8134,
68.087,8203,8212,8134,
68.096,8200,8181,8136,
68.106,8174,8170,8174,
68.115,8198,8191,8142,
68.126,8217,8227,8131,
68.134,8225,8204,8131,
68.145,8211,8212,8121,
68.155,8233,8204,8118,
68.167,8241,8212,8111,
68.177,8246,8206,8116,
68.185,8244,8217,8103,
68.193,8252,8209,8106,
68.204,8254,8206,8087,
68.217,8257,8199,8095,
68.227,8268,8199,8095,
68.236,8271,8204,8073,
68.245,8283,8209,8078,
68.256,8283,8204,8070,
68.266,8283,8201,8065,
68.276,8293,8201,8062,
68.286,8299,8201,8052,
68.295,8296,8168,8060,
68.304,8283,8165,8075,
68.316,8296,8188,8070,
68.324,8315,8188,8037,
68.337,8329,8199,8032,
68.345,8342,8199,8027,
68.355,8350,8196,8010,
68.365,8358,8199,8010,
68.376,8372,8193,7999,
68.386,8385,8193,7991,
68.395,8396,8188,7976,
68.405,8401,8193,7981,
68.417,8406,8191,7968,
68.425,8414,8191,7965,
68.435,8431,8191,7958,
68.447,8431,8188,7946,
68.456,8436,8188,7950,
68.465,8442,8186,7939,
68.477,8444,8188,7936,
68.487,8447,8188,7931,
68.496,8452,8183,7915,
68.505,8461,8168,7894,
68.515,8444,8173,7934,
68.527,8444,8181,7941,
68.536,8458,8178,7927,
68.544,8471,8183,7920,
68.556,8473,8181,7909,
68.567,8476,8183,7909,
68.573,8481,8181,7899,
68.586,8487,8178,7899,
68.595,8487,8181,7899,
68.607,8490,8183,7899,
68.613,8490,8183,7897,
68.624,8495,8175,7899,
68.636,8495,8181,7894,
68.646,8500,8181,7894,
68.655,8503,8181,7889,
68.664,8511,8181,7879,
68.676,8509,8178,7879,
68.688,8509,8181,7889,
68.697,8527,8178,7865,
68.703,8538,8170,7817,
68.714,8509,8178,7867,
68.726,8495,8181,7897,
68.735,8503,8175,7889,
68.746,8506,8178,7889,
68.755,8509,8178,7891,
68.763,8506,8178,7884,
68.777,8503,8181,7879,
68.783,8509,8178,7886,
68.794,8509,8178,7872,
68.805,8509,8181,7872,
68.813,8511,8175,7867,
68.825,8511,8178,7875,
68.834,8509,8178,7879,
68.844,8511,8175,7879,
68.855,8517,8181,7870,
68.868,8519,8175,7875,
68.874,8517,8181,7872,
68.885,8525,8178,7867,
68.893,8549,8173,7833,
68.904,8576,8161,7791,
68.916,8546,8178,7835,
68.925,8517,8175,7865,
68.933,8522,8173,7884,
68.944,8525,8181,7875,
68.953,8519,8173,7867,
68.964,8522,8178,7862,
68.976,8525,8173,7867,
68.984,8525,8173,7857,
68.994,8530,8175,7860,
69.003,8533,8173,7860,
69.015,8527,8181,7854,
69.024,8530,8175,7865,
69.036,8536,8170,7857,
69.045,8536,8175,7862,
69.056,8536,8173,7860,
69.066,8538,8178,7846,
69.083,8533,8175,7854,
69.085,8538,8175,7860,
69.094,8565,8170,7825,
69.106,8661,8199,7736,
69.113,8613,8175,7775,
69.124,8536,8175,7860,
69.133,8530,8173,7862,
69.149,8533,8175,7852,
69.154,8527,8178,7860,
69.163,8527,8168,7870,
69.174,8525,8173,7867,
69.184,8519,8178,7865,
69.193,8522,8175,7867,
69.206,8527,8173,7872,
69.212,8519,8170,7870,
69.223,8519,8170,7872,
69.234,8519,8175,7870,
69.248,8517,8178,7870,
69.254,8519,8181,7870,
69.263,8511,8181,7881,
69.275,8509,8173,7881,
69.284,8519,8173,7870,
69.295,8538,8170,7835,
69.304,8611,8175,7709,
69.315,8576,8178,7810,
69.323,8506,8181,7889,
69.336,8495,8175,7891,
69.342,8506,8170,7886,
69.355,8503,8175,7886,
69.365,8503,8178,7889,
69.375,8500,8178,7889,
69.385,8500,8178,7884,
69.394,8503,8178,7881,
69.402,8503,8175,7881,
69.415,8500,8173,7886,
69.426,8500,8181,7879,
69.432,8500,8173,7886,
69.444,8498,8178,7889,
69.456,8500,8178,7886,
69.462,8492,8181,7884,
69.473,8495,8173,7889,
69.482,8498,8183,7884,
69.494,8522,8175,7854,
69.507,8538,8170,7823,
69.514,8503,8178,7884,
69.525,8473,8175,7902,
69.534,8476,8178,7907,
69.547,8479,8178,7904,
69.554,8481,8175,7912,
69.564,8481,8183,7899,
69.577,8484,8175,7907,
69.584,8481,8181,7904,
69.593,8484,8178,7912,
69.603,8484,8181,7904,
69.613,8476,8181,7915,
69.624,8476,8178,7912,
69.634,8479,8181,7907,
69.642,8476,8178,7922,
69.654,8471,8181,7920,
69.664,8476,8181,7922,
69.676,8473,8183,7915,
69.682,8476,8178,7920,
69.695,8490,8181,7894,
69.705,8500,8168,7865,
69.717,8458,8178,7904,
69.724,8450,8181,7934,
69.732,8458,8178,7920,
69.743,8458,8181,7925,
69.755,8463,8181,7917,
69.761,8468,8178,7925,
69.774,8461,8181,7917,
69.783,8463,8181,7920,
69.793,8463,8178,7922,
69.801,8463,8178,7915,
69.812,8463,8173,7925,
69.823,8458,8183,7922,
69.834,8458,8181,7925,
69.844,8455,8186,7925,
69.854,8452,8183,7925,
69.866,8450,8183,7925,
69.875,8455,8183,7934,
69.885,8452,8186,7925,
69.894,8458,8181,7904,
69.902,8461,8165,7897,
69.911,8431,8181,7941,
69.922,8428,8178,7955,
69.934,8431,8183,7953,
69.941,8425,8186,7950,
69.952,8433,8183,7946,
69.963,8428,8183,7955,
69.973,8428,8183,7950,
69.982,8428,8186,7955,
69.993,8428,8186,7946,
70.003,8428,8186,7950,
70.013,8425,8186,7950,
70.024,8431,8183,7950,
70.032,8428,8186,7950,
70.043,8428,8183,7955,
70.053,8425,8188,7955,
70.064,8423,8186,7965,
70.072,8417,8188,7958,
70.085,8420,8188,7965,
70.095,8423,8183,7958,
70.101,8412,8159,7936,
70.115,8401,8175,7981,
70.126,8401,8183,7986,
70.132,8401,8183,7971,
70.144,8404,8186,7981,
70.154,8398,8188,7978,
70.164,8398,8186,7978,
70.174,8401,8191,7981,
70.183,8398,8188,7986,
70.193,8393,8188,7978,
70.204,8398,8186,7983,
70.213,8393,8188,7986,
70.222,8390,8191,7989,
70.233,8387,8191,7994,
70.244,8379,8191,7989,
70.255,8372,8188,7996,
70.263,8369,8191,8001,
70.271,8361,8191,8008,
70.283,8356,8193,8008,
70.294,8347,8186,8010,
70.303,8320,8150,8021,
70.312,8323,8181,8042,
70.321,8326,8188,8050,
70.334,8320,8193,8037,
70.343,8320,8191,8055,
70.354,8307,8196,8057,
70.362,8296,8196,8060,
70.374,8288,8201,8070,
70.383,8285,8199,8070,
70.394,8279,8193,8075,
70.402,8271,8196,8087,
70.413,8276,8204,8093,
70.421,8260,8199,8098,
70.434,8246,8199,8103,
70.442,8244,8199,8113,
70.452,8233,8206,8124,
70.461,8235,8212,8129,
70.473,8217,8204,8126,
70.485,8208,8212,8129,
70.491,8192,8191,8147,
70.504,8155,8161,8190,
70.513,8163,8191,8180,
70.525,8177,8204,8174,
70.531,8168,8206,8167,
70.542,8155,8204,8167,
70.552,8163,8222,8172,
70.564,8163,8212,8174,
70.572,8155,8212,8174,
70.584,8152,8217,8177,
70.593,8152,8217,8174,
70.603,8144,8209,8169,
70.614,8147,8217,8177,
70.62,8163,8222,8180,
70.633,8163,8219,8190,
70.645,8141,8201,8174,
70.652,8155,8209,8185,
70.663,8141,8212,8185,
70.672,8160,8219,8187,
70.683,8128,8209,8167,
70.693,8114,8161,8210,
70.703,7986,8193,8316,
70.713,7995,8206,8347,
70.722,8047,8230,8272,
70.733,8083,8201,8238,
70.743,8077,8219,8241,
70.751,8085,8217,8238,
70.764,8088,8222,8248,
70.772,8083,8227,8226,
70.78,8092,8212,8241,
70.792,8101,8222,8210,
70.804,8101,8239,8218,
70.814,8103,8217,8216,
70.824,8109,8212,8210,
70.833,8112,8196,8218,
70.841,8112,8217,8205,
70.852,8112,8217,8210,
70.864,8101,8217,8210,
70.872,8101,8222,8210,
70.883,8109,8214,8198,
70.893,8085,8186,8246,
70.901,7991,8161,8337,
70.913,7998,8212,8352,
70.921,8061,8219,8277,
70.933,8085,8237,8231,
70.942,8074,8227,8238,
70.951,8083,8219,8231,
70.963,8088,8224,8210,
70.972,8114,8237,8213,
70.982,8106,8204,8210,
70.992,8114,8222,8223,
71.001,8103,8214,8223,
71.014,8080,8217,8213,
71.022,8101,8237,8213,
71.032,8101,8209,8223,
71.041,8103,8222,8210,
71.052,8097,8217,8205,
71.061,8101,8227,8210,
71.072,8101,8204,8221,
71.08,8109,8217,8213,
71.093,8072,8183,8241,
71.103,7983,8175,8329,
71.111,8031,8209,8297,
71.122,8074,8227,8246,
71.134,8092,8232,8221,
71.141,8085,8217,8223,
71.151,8106,8212,8218,
71.163,8103,8206,8226,
71.171,8122,8230,8205,
71.182,8131,8219,8203,
71.19,8125,8227,8195,
71.203,8133,8217,8198,
71.214,8125,8217,8177,
71.223,8144,8201,8169,
71.232,8133,8227,8177,
71.242,8141,8227,8180,
71.253,8131,8232,8180,
71.263,8144,8209,8174,
71.271,8133,8217,8163,
71.283,8133,8191,8167,
71.291,8144,8150,8187,
71.3,7978,8175,8337,
71.311,8083,8204,8261,
71.322,8112,8222,8226,
71.333,8120,8230,8213,
71.342,8117,8224,8210,
71.353,8122,8222,8190,
71.361,8117,8224,8182,
71.373,8136,8224,8192,
71.38,8128,8209,8185,
71.391,8141,8214,8172,
71.403,8141,8204,8169,
71.412,8152,8204,8185,
71.422,8155,8230,8174,
71.433,8150,8224,8163,
71.442,8171,8217,8172,
71.451,8168,8232,8169,
71.463,8158,8214,8163,
71.47,8152,8217,8154,
71.481,8163,8212,8180,
71.491,8141,8173,8187,
71.5,8112,8193,8231,
71.51,8128,8201,8221,
71.522,8155,8193,8174,
71.53,8171,8201,8161,
71.541,8174,8204,8169,
71.55,8179,8217,8157,
71.562,8188,8199,8154,
71.572,8198,8212,8157,
71.581,8177,8217,8136,
71.591,8208,8217,8147,
71.6,8192,8212,8134,
71.611,8206,8219,8142,
71.619,8219,8217,8134,
71.631,8219,8212,8121,
71.641,8225,8217,8124,
71.652,8235,8206,8126,
71.659,8244,8212,8106,
71.674,8254,8214,8108,
71.683,8260,8212,8100,
71.69,8260,8188,8095,
71.704,8244,8191,8113,
71.711,8249,8191,8106,
71.722,8283,8201,8083,
71.731,8301,8196,8055,
71.741,8315,8201,8050,
71.751,8331,8206,8037,
71.762,8347,8199,8029,
71.771,8361,8199,8013,
71.78,8382,8196,7996,
71.791,8398,8193,7983,
71.802,8406,8191,7973,
71.808,8417,8191,7960,
71.818,8436,8191,7953,
71.83,8442,8191,7944,
71.84,8455,8191,7927,
71.849,8458,8188,7931,
71.86,8471,8183,7909,
71.869,8490,8183,7912,
71.881,8490,8188,7899,
71.892,8498,8181,7875,
71.902,8511,8170,7843,
71.911,8492,8175,7872,
71.92,8479,8175,7902,
71.933,8490,8181,7899,
71.941,8495,8181,7891,
71.952,8495,8178,7889,
71.961,8500,8178,7891,
71.972,8503,8181,7879,
71.981,8503,8178,7884,
71.989,8509,8181,7881,
72.001,8511,8178,7875,
72.012,8514,8178,7881,
72.018,8514,8181,7884,
72.031,8509,8178,7879,
72.039,8511,8178,7886,
72.051,8511,8183,7886,
72.062,8509,8175,7886,
72.068,8506,8181,7884,
72.082,8511,8175,7881,
72.09,8527,8173,7862,
72.1,8546,8170,7810,
72.111,8511,8181,7867,
72.121,8492,8178,7894,
72.13,8490,8178,7894,
72.141,8495,8178,7886,
72.15,8495,8173,7894,
72.159,8498,8178,7897,
72.17,8500,8181,7891,
72.182,8506,8178,7889,
72.188,8509,8173,7889,
72.2,8509,8175,7886,
72.214,8506,8178,7886,
72.222,8503,8178,7886,
72.231,8509,8175,7884,
72.241,8509,8178,7881,
72.251,8509,8178,7884,
72.262,8509,8178,7889,
72.272,8509,8175,7886,
72.279,8506,8175,7897,
72.292,8522,8178,7860,
72.299,8541,8170,7807,
72.311,8549,8186,7865,
72.32,8495,8178,7907,
72.331,8490,8178,7889,
72.341,8492,8181,7889,
72.351,8492,8178,7889,
72.359,8495,8178,7891,
72.371,8500,8173,7889,
72.381,8495,8178,7886,
72.391,8500,8178,7886,
72.401,8498,8173,7891,
72.412,8495,8181,7891,
72.418,8492,8178,7897,
72.429,8495,8178,7897,
72.442,8492,8175,7894,
72.452,8492,8178,7891,
72.458,8487,8178,7897,
72.47,8487,8181,7902,
72.48,8498,8178,7904,
72.488,8506,8173,7884,
72.5,8517,8170,7843,
72.509,8481,8178,7899,
72.52,8468,8178,7917,
72.531,8471,8175,7907,
72.538,8479,8178,7909,
72.549,8476,8178,7915,
72.56,8473,8178,7915,
72.569,8476,8181,7915,
72.579,8468,8181,7912,
72.59,8473,8175,7915,
72.601,8473,8178,7909,
72.61,8473,8175,7909,
72.622,8468,8181,7907,
72.63,8476,8178,7915,
72.641,8471,8181,7912,
72.649,8473,8181,7920,
72.659,8476,8178,7912,
72.668,8473,8178,7909,
72.681,8476,8183,7912,
72.691,8490,8178,7891,
72.701,8498,8173,7862,
72.709,8468,8181,7886,
72.72,8452,8183,7939,
72.731,8463,8175,7920,
72.744,8455,8186,7920,
72.748,8458,8186,7925,
72.761,8458,8183,7922,
72.77,8463,8183,7920,
72.782,8468,8181,7925,
72.789,8463,8175,7915,
72.798,8471,8183,7925,
72.808,8468,8181,7909,
72.819,8468,8178,7920,
72.827,8468,8186,7920,
72.84,8473,8178,7912,
72.849,8476,8181,7920,
72.86,8473,8181,7915,
72.87,8476,8181,7915,
72.88,8476,8181,7915,
72.89,8484,8178,7894,
72.902,8500,8178,7854,
72.909,8471,8173,7907,
72.92,8463,8178,7915,
72.93,8468,8181,7917,
72.938,8473,8173,7915,
72.951,8471,8181,7920,
72.957,8479,8173,7915,
72.97,8479,8183,7917,
72.979,8473,8181,7917,
72.99,8479,8178,7912,
72.998,8479,8181,7909,
73.009,8479,8183,7907,
73.019,8479,8178,7909,
73.031,8479,8175,7907,
73.04,8484,8178,7907,
73.048,8479,8181,7902,
73.058,8481,8178,7907,
73.071,8481,8178,7902,
73.081,8487,8181,7899,
73.089,8495,8175,7884,
73.1,8509,8168,7838,
73.109,8476,8181,7899,
73.119,8461,8181,7922,
73.129,8468,8178,7912,
73.139,8473,8181,7915,
73.149,8471,8175,7922,
73.161,8476,8178,7917,
73.167,8473,8178,7917,
73.179,8473,8178,7915,
73.19,8471,8186,7909,
73.2,8473,8181,7915,
73.208,8463,8181,7917,
73.216,8471,8183,7915,
73.228,8468,8181,7920,
73.242,8468,8175,7925,
73.249,8468,8181,7925,
73.257,8473,8178,7917,
73.27,8468,8181,7915,
73.278,8468,8181,7915,
73.29,8481,8178,7902,
73.297,8492,8168,7862,
73.309,8450,8175,7909,
73.319,8439,8181,7941,
73.331,8455,8181,7936,
73.341,8450,8181,7931,
73.348,8450,8183,7939,
73.359,8455,8181,7927,
73.378,8452,8178,7927,
73.379,8455,8183,7931,
73.388,8452,8181,7936,
73.399,8452,8183,7931,
73.409,8450,8183,7931,
73.42,8452,8183,7925,
73.429,8447,8186,7934,
73.437,8450,8181,7939,
73.449,8444,8183,7936,
73.459,8442,8181,7939,
73.469,8442,8181,7944,
73.481,8444,8183,7941,
73.488,8455,8183,7931,
73.5,8452,8175,7899,
73.508,8431,8181,7941,
73.518,8417,8183,7968,
73.528,8425,8183,7958,
73.538,8431,8183,7950,
73.55,8431,8181,7953,
73.557,8433,8183,7946,
73.569,8428,8181,7953,
73.578,8425,8183,7946,
73.588,8433,8181,7953,
73.597,8431,8183,7950,
73.609,8428,8186,7950,
73.62,8428,8183,7950,
73.629,8425,8186,7953,
73.639,8423,8191,7946,
73.647,8425,8188,7958,
73.657,8428,8188,7950,
73.668,8423,8186,7958,
73.678,8431,8186,7953,
73.688,8439,8183,7934,
73.697,8436,8153,7917,
73.708,8412,8183,7965,
73.72,8409,8188,7973,
73.728,8417,8181,7965,
73.738,8420,8183,7971,
73.749,8412,8183,7963,
73.758,8417,8183,7968,
73.767,8414,8186,7960,
73.779,8417,8183,7963,
73.787,8412,8188,7968,
73.796,8409,8186,7971,
73.809,8409,8188,7976,
73.818,8409,8186,7978,
73.828,8404,8186,7976,
73.839,8401,8188,7973,
73.847,8398,8188,7976,
73.856,8393,8188,7981,
73.867,8393,8188,7991,
73.88,8387,8186,7989,
73.889,8366,8183,7983,
73.897,8356,8165,7991,
73.908,8345,8178,8018,
73.917,8347,8196,8027,
73.929,8334,8188,8027,
73.939,8326,8188,8039,
73.948,8320,8196,8047,
73.957,8304,8193,8055,
73.967,8299,8199,8062,
73.976,8288,8201,8068,
73.987,8285,8196,8075,
73.999,8273,8201,8075,
74.01,8265,8204,8093,
74.017,8254,8201,8100,
74.026,8244,8201,8095,
74.039,8246,8206,8116,
74.048,8233,8209,8118,
74.057,8222,8212,8118,
74.069,8214,8209,8126,
74.079,8219,8214,8152,
74.089,8192,8178,8154,
74.099,8141,8193,8185,
74.107,8171,8199,8174,
74.118,8168,8201,8180,
74.128,8163,8219,8161,
74.136,8174,8206,8167,
74.148,8155,8212,8172,
74.157,8144,8209,8180,
74.169,8158,8217,8174,
74.179,8141,8212,8185,
74.187,8155,8201,8187,
74.197,8150,8219,8172,
74.208,8147,8219,8190,
74.217,8139,8219,8169,
74.226,8144,8219,8167,
74.237,8147,8212,8195,
74.246,8139,8217,8180,
74.259,8141,8222,8169,
74.267,8136,8212,8192,
74.277,8136,8217,8182,
74.289,8122,8186,8203,
74.298,8009,8188,8282,
74.308,8018,8209,8316,
74.317,8055,8239,8277,
74.329,8061,8214,8235,
74.335,8083,8206,8235,
74.35,8072,8212,8235,
74.357,8077,8217,8228,
74.366,8092,8219,8238,
74.377,8094,8212,8243,
74.388,8097,8201,8231,
74.396,8097,8232,8235,
74.408,8109,8222,8228,
74.416,8083,8214,8235,
74.429,8109,8204,8221,
74.439,8097,8224,8223,
74.449,8092,8206,8218,
74.455,8109,8206,8216,
74.469,8103,8237,8213,
74.477,8103,8217,8231,
74.488,8045,8188,8269,
74.496,7959,8183,8382,
74.508,7986,8209,8355,
74.518,8047,8209,8282,
74.527,8077,8217,8248,
74.535,8077,8201,8248,
74.548,8103,8206,8235,
74.556,8085,8188,8218,
74.567,8103,8214,8210,
74.577,8114,8224,8208,
74.589,8128,8219,8213,
74.596,8117,8230,8195,
74.609,8120,8237,8185,
74.617,8133,8230,8180,
74.627,8131,8224,8177,
74.636,8150,8214,8185,
74.649,8144,8222,8177,
74.656,8147,8206,8169,
74.667,8152,8219,8192,
74.677,8150,8214,8187,
74.686,8141,8201,8200,
74.698,8037,8196,8321,
74.706,8034,8217,8295,
74.716,8094,8193,8241,
74.728,8133,8212,8205,
74.737,8128,8206,8192,
74.747,8128,8204,8190,
74.757,8136,8212,8185,
74.769,8139,8212,8180,
74.777,8158,8214,8177,
74.787,8147,8224,8174,
74.796,8150,8212,8177,
74.809,8155,8227,8169,
74.817,8174,8214,8167,
74.827,8155,8209,8174,
74.837,8166,8217,8169,
74.847,8147,8219,8139,
74.857,8171,8206,8174,
74.867,8171,8214,8161,
74.876,8160,8219,8167,
74.886,8150,8191,8185,
74.896,8109,8183,8213,
74.907,8141,8204,8216,
74.916,8168,8230,8180,
74.927,8182,8196,8154,
74.937,8171,8204,8152,
74.948,8179,8206,8147,
74.958,8177,8209,8154,
74.967,8195,8212,8152,
74.976,8185,8222,8139,
74.987,8198,8212,8147,
74.996,8206,8209,8134,
75.006,8211,8209,8124,
75.016,8230,8201,8126,
75.028,8219,8214,8100,
75.038,8244,8204,8113,
75.046,8249,8206,8095,
75.056,8273,8204,8093,
75.066,8276,8209,8065,
75.077,8293,8206,8062,
75.088,8299,8201,8052,
75.096,8299,8153,8057,
75.105,8320,8188,8042,
75.117,8350,8201,8024,
75.126,8369,8199,8001,
75.135,8385,8191,7981,
75.148,8404,8191,7968,
75.158,8423,8191,7963,
75.166,8433,8188,7946,
75.176,8444,8191,7934,
75.186,8458,8188,7927,
75.198,8468,8183,7912,
75.208,8479,8188,7909,
75.215,8481,8181,7912,
75.226,8490,8181,7915,
75.236,8490,8183,7899,
75.249,8492,8181,7897,
75.257,8495,8181,7889,
75.266,8495,8183,7894,
75.275,8500,8178,7879,
75.286,8522,8175,7857,
75.295,8525,8175,7820,
75.305,8522,8181,7841,
75.317,8490,8178,7904,
75.326,8495,8181,7886,
75.339,8495,8178,7891,
75.344,8503,8178,7881,
75.355,8500,8173,7886,
75.366,8500,8181,7884,
75.375,8500,8181,7884,
75.384,8506,8175,7884,
75.399,8506,8181,7884,
75.405,8506,8178,7889,
75.418,8503,8178,7891,
75.428,8503,8178,7889,
75.434,8503,8175,7897,
75.445,8498,8178,7894,
75.457,8506,8175,7889,
75.467,8506,8178,7886,
75.476,8511,8178,7879,
75.486,8530,8173,7846,
75.496,8546,8168,7810,
75.507,8509,8175,7867,
75.516,8498,8181,7889,
75.527,8500,8173,7891,
75.535,8500,8173,7881,
75.547,8509,8178,7886,
75.556,8511,8178,7881,
75.565,8514,8173,7881,
75.574,8517,8178,7879,
75.587,8514,8178,7867,
75.6,8519,8173,7879,
75.607,8519,8173,7875,
75.615,8519,8178,7862,
75.627,8519,8178,7879,
75.635,8525,8178,7865,
75.646,8525,8173,7870,
75.656,8525,8175,7872,
75.666,8517,8173,7881,
75.677,8527,8175,7870,
75.683,8544,8170,7846,
75.696,8573,8165,7788,
75.705,8536,8178,7865,
75.717,8517,8178,7870,
75.727,8509,8181,7881,
75.733,8514,8170,7879,
75.746,8519,8173,7881,
75.755,8514,8175,7875,
75.767,8509,8175,7881,
75.773,8517,8175,7881,
75.786,8514,8178,7879,
75.795,8511,8173,7875,
75.804,8514,8175,7875,
75.817,8514,8173,7879,
75.826,8511,8173,7881,
75.835,8511,8178,7875,
75.846,8509,8178,7875,
75.854,8514,8178,7884,
75.865,8511,8178,7875,
75.875,8511,8178,7886,
75.886,8536,8170,7846,
75.895,8546,8168,7807,
75.906,8509,8181,7860,
75.917,8490,8181,7891,
75.926,8490,8178,7897,
75.937,8492,8178,7899,
75.944,8495,8178,7891,
75.955,8492,8178,7891,
75.965,8492,8178,7894,
75.976,8492,8178,7897,
75.985,8492,8181,7894,
75.996,8490,8175,7894,
76.005,8495,8178,7894,
76.017,8495,8181,7891,
76.025,8487,8178,7904,
76.036,8492,8181,7897,
76.046,8484,8178,7894,
76.057,8487,8175,7907,
76.066,8490,8181,7902,
76.074,8492,8181,7904,
76.086,8500,8173,7875,
76.095,8511,8178,7846,
76.104,8473,8178,7904,
76.116,8471,8173,7915,
76.126,8471,8181,7917,
76.136,8473,8181,7912,
76.146,8473,8178,7909,
76.155,8476,8175,7912,
76.165,8476,8181,7912,
76.176,8476,8178,7912,
76.186,8479,8178,7912,
76.195,8476,8181,7915,
76.203,8476,8181,7909,
76.214,8479,8175,7915,
76.225,8473,8183,7907,
76.235,8473,8181,7917,
76.243,8476,8181,7917,
76.255,8476,8183,7912,
76.267,8476,8181,7915,
76.276,8476,8181,7912,
76.284,8487,8183,7889,
76.294,8495,8173,7860,
76.308,8455,8183,7917,
76.314,8450,8183,7934,
76.325,8450,8181,7934,
76.334,8455,8181,7931,
76.345,8452,8183,7934,
76.358,8452,8178,7931,
76.367,8452,8181,7934,
76.374,8447,8183,7927,
76.387,8450,8183,7922,
76.396,8452,8183,7931,
76.407,8450,8181,7936,
76.415,8444,8183,7934,
76.425,8447,8183,7931,
76.437,8442,8183,7936,
76.445,8444,8183,7934,
76.457,8444,8183,7941,
76.465,8439,8186,7944,
76.474,8442,8188,7939,
76.486,8447,8178,7920,
76.496,8450,8173,7904,
76.505,8428,8178,7946,
76.514,8423,8186,7963,
76.525,8425,8183,7958,
76.536,8428,8186,7955,
76.546,8431,8183,7960,
76.553,8428,8183,7958,
76.567,8428,8183,7953,
76.573,8425,8186,7955,
76.584,8423,8183,7958,
76.593,8428,8183,7953,
76.604,8425,8183,7953,
76.614,8425,8188,7953,
76.624,8420,8188,7955,
76.634,8414,8186,7955,
76.644,8423,8186,7960,
76.657,8420,8186,7958,
76.664,8420,8186,7965,
76.675,8417,8186,7958,
76.684,8423,8183,7953,
76.695,8423,8170,7936,
76.706,8398,8175,7981,
76.714,8396,8183,7986,
76.725,8409,8186,7976,
76.734,8404,8186,7968,
76.746,8409,8181,7978,
76.754,8406,8188,7976,
76.765,8404,8183,7973,
76.776,8404,8186,7976,
76.787,8401,8186,7978,
76.793,8404,8186,7976,
76.805,8404,8188,7978,
76.815,8404,8186,7973,
76.827,8404,8188,7981,
76.835,8404,8191,7981,
76.845,8404,8186,7976,
76.855,8398,8186,7971,
76.865,8398,8188,7976,
76.874,8393,8188,7976,
76.883,8393,8186,7968,
76.892,8385,8161,7963,
76.906,8364,8186,7999,
76.914,8372,8186,7996,
76.925,8379,8193,7996,
76.933,8377,8188,7996,
76.944,8372,8193,7994,
76.955,8377,8188,7996,
76.963,8369,8193,7999,
76.973,8364,8193,8001,
76.984,8364,8191,8008,
76.995,8353,8193,8015,
77.006,8347,8193,8018,
77.013,8337,8193,8032,
77.022,8329,8196,8045,
77.035,8318,8193,8050,
77.047,8307,8196,8057,
77.055,8293,8199,8060,
77.066,8285,8199,8075,
77.076,8273,8201,8078,
77.085,8257,8181,8103,
77.095,8217,8191,8131,
77.104,8222,8191,8136,
77.113,8225,8201,8131,
77.125,8214,8201,8124,
77.134,8208,8206,8134,
77.143,8198,8209,8131,
77.155,8200,8201,8139,
77.166,8188,8206,8147,
77.174,8188,8214,8139,
77.183,8182,8209,8149,
77.195,8174,8214,8163,
77.204,8166,8214,8167,
77.214,8163,8199,8169,
77.225,8166,8214,8167,
77.234,8160,8204,8163,
77.245,8152,8219,8182,
77.255,8155,8204,8172,
77.263,8160,8214,8182,
77.274,8144,8222,8174,
77.283,8131,8165,8195,
77.293,8018,8214,8256,
77.301,8042,8209,8290,
77.313,8080,8209,8243,
77.325,8109,8204,8235,
77.333,8097,8219,8221,
77.342,8103,8217,8205,
77.353,8103,8219,8221,
77.364,8088,8232,8210,
77.374,8092,8219,8213,
77.384,8094,8227,8213,
77.393,8097,8227,8223,
77.403,8106,8222,8210,
77.412,8106,8222,8223,
77.425,8101,8230,8223,
77.431,8092,8224,8218,
77.444,8114,8227,8216,
77.453,8097,8219,8210,
77.465,8092,8206,8213,
77.475,8106,8217,8216,
77.486,8066,8193,8238,
77.492,7991,8237,8344,
77.503,7995,8214,8339,
77.513,8045,8224,8274,
77.524,8077,8237,8243,
77.533,8064,8217,8243,
77.543,8080,8232,8235,
77.552,8092,8201,8231,
77.565,8074,8222,8226,
77.574,8094,8230,8213,
77.583,8088,8219,8216,
77.592,8120,8224,8208,
77.602,8106,8219,8210,
77.613,8114,8232,8200,
77.625,8106,8217,8192,
77.634,8128,8219,8200,
77.643,8122,8204,8218,
77.651,8112,8237,8200,
77.663,8128,8230,8192,
77.672,8109,8217,8192,
77.683,8103,8193,8221,
77.694,8003,8183,8314,
77.703,8023,8214,8309,
77.711,8080,8217,8238,
77.723,8131,8206,8208,
77.731,8120,8214,8213,
77.742,8112,8219,8198,
77.752,8114,8209,8192,
77.763,8125,8219,8205,
77.771,8117,8222,8180,
77.783,8131,8217,8192,
77.791,8125,8224,8174,
77.802,8131,8217,8187,
77.815,8136,8224,8182,
77.822,8141,8209,8172,
77.832,8147,8217,8172,
77.842,8150,8212,8182,
77.852,8147,8224,8177,
77.861,8155,8212,8180,
77.872,8139,8212,8167,
77.883,8147,8183,8185,
77.892,8088,8212,8235,
77.902,8069,8191,8274,
77.911,8131,8206,8203,
77.923,8155,8217,8177,
77.931,8168,8217,8180,
77.943,8150,8212,8167,
77.951,8163,8201,8167,
77.965,8158,8214,8161,
77.973,8160,8209,8154,
77.983,8177,8209,8154,
77.992,8171,8214,8152,
78.003,8174,8209,8154,
78.012,8188,8217,8161,
78.022,8192,8219,8152,
78.034,8206,8219,8147,
78.042,8192,8209,8149,
78.051,8185,8214,8136,
78.062,8192,8209,8142,
78.071,8177,8196,8152,
78.084,8179,8193,8142,
78.095,8147,8168,8180,
78.101,8188,8199,8161,
78.111,8188,8201,8154,
78.121,8195,8204,8142,
78.132,8200,8212,8131,
78.144,8211,8212,8142,
78.153,8217,8209,8126,
78.162,8208,8214,8118,
78.173,8230,8212,8106,
78.184,8244,8204,8103,
78.193,8260,8209,8095,
78.202,8260,8214,8078,
78.212,8279,8212,8080,
78.223,8283,8206,8068,
78.233,8283,8204,8068,
78.243,8307,8206,8055,
78.252,8315,8206,8045,
78.261,8326,8206,8039,
78.272,8334,8201,8024,
78.283,8345,8196,8015,
78.293,8350,8129,8004,
78.301,8366,8191,7996,
78.314,8393,8191,7976,
78.322,8409,8191,7968,
78.331,8425,8188,7958,
78.344,8433,8193,7944,
78.352,8447,8191,7934,
78.362,8461,8186,7922,
78.371,8471,8188,7915,
78.383,8484,8186,7909,
78.391,8487,8183,7899,
78.404,8498,8181,7894,
78.414,8503,8183,7889,
78.422,8514,8186,7886,
78.433,8514,8183,7872,
78.442,8525,8183,7875,
78.452,8530,8181,7862,
78.464,8536,8178,7857,
78.474,8544,8178,7848,
78.483,8573,8173,7807,
78.493,8594,8168,7781,
78.504,8594,8170,7754,
78.51,8538,8181,7857,
78.52,8530,8181,7854,
78.533,8530,8175,7857,
78.541,8533,8175,7862,
78.552,8536,8178,7857,
78.562,8530,8181,7854,
78.571,8533,8175,7848,
78.581,8533,8175,7854,
78.592,8527,8175,7852,
78.601,8525,8170,7867,
78.61,8525,8173,7862,
78.623,8519,8175,7872,
78.631,8519,8181,7865,
78.643,8519,8173,7867,
78.653,8519,8178,7867,
78.664,8522,8178,7875,
78.673,8519,8181,7865,
78.681,8536,8181,7846,
78.692,8597,8175,7783,
78.701,8578,8178,7801,
78.712,8506,8181,7872,
78.721,8503,8178,7875,
78.731,8511,8175,7879,
78.742,8514,8178,7884,
78.752,8511,8173,7879,
78.761,8517,8178,7875,
78.774,8517,8178,7867,
78.78,8514,8173,7865,
78.791,8511,8175,7875,
78.801,8514,8178,7872,
78.81,8514,8175,7875,
78.822,8514,8173,7872,
78.831,8517,8178,7872,
78.841,8514,8173,7881,
78.853,8509,8181,7875,
78.859,8506,8170,7879,
78.873,8511,8181,7875,
78.881,8525,8173,7854,
78.895,8541,8170,7815,
78.901,8500,8173,7860,
78.912,8495,8181,7889,
78.923,8495,8181,7881,
78.932,8498,8178,7886,
78.941,8498,8178,7899,
78.951,8495,8178,7886,
78.962,8500,8178,7881,
78.972,8500,8170,7891,
78.981,8500,8178,7891,
78.992,8500,8178,7886,
79.001,8495,8181,7891,
79.011,8500,8178,7884,
79.022,8498,8175,7889,
79.032,8492,8173,7897,
79.041,8498,8175,7894,
79.049,8498,8175,7894,
79.062,8498,8178,7897,
79.073,8495,8178,7894,
79.081,8517,8175,7862,
79.091,8525,8175,7817,
79.1,8495,8178,7862,
79.111,8479,8175,7904,
79.123,8481,8178,7897,
79.131,8481,8181,7904,
79.139,8487,8175,7902,
79.151,8487,8181,7897,
79.162,8487,8178,7904,
79.173,8487,8178,7899,
79.181,8487,8181,7899,
79.191,8481,8181,7902,
79.202,8479,8181,7907,
79.213,8481,8178,7907,
79.221,8484,8178,7902,
79.23,8481,8178,7907,
79.245,8479,8181,7909,
79.253,8479,8183,7904,
79.261,8476,8181,7902,
79.271,8479,8178,7907,
79.282,8490,8175,7886,
79.291,8500,8175,7854,
79.301,8468,8178,7904,
79.311,8455,8181,7934,
79.32,8461,8178,7927,
79.331,8458,8183,7922,
79.34,8463,8181,7922,
79.351,8458,8181,7931,
79.359,8461,8181,7927,
79.371,8458,8181,7927,
79.38,8468,8181,7925,
79.392,8458,8183,7931,
79.402,8458,8178,7927,
79.411,8461,8178,7931,
79.423,8458,8183,7925,
79.431,8461,8183,7931,
79.44,8463,8183,7931,
79.45,8461,8181,7934,
79.461,8450,8186,7927,
79.471,8458,8183,7925,
79.479,8455,8181,7909,
79.49,8463,8165,7889,
79.499,8433,8178,7931,
79.512,8425,8181,7958,
79.518,8436,8186,7944,
79.53,8431,8183,7946,
79.541,8436,8183,7950,
79.551,8433,8183,7946,
79.562,8433,8183,7946,
79.57,8431,8183,7946,
79.58,8431,8181,7944,
79.589,8433,8183,7939,
79.603,8431,8188,7944,
79.608,8431,8186,7950,
79.62,8431,8183,7944,
79.63,8431,8183,7950,
79.642,8431,8186,7953,
79.649,8428,8183,7946,
79.66,8431,8183,7958,
79.67,8431,8186,7955,
79.68,8433,8181,7936,
79.689,8433,8170,7922,
79.699,8412,8170,7958,
79.708,8401,8183,7968,
79.722,8412,8186,7968,
79.733,8414,8183,7965,
79.739,8412,8183,7971,
79.751,8406,8186,7963,
79.76,8414,8183,7963,
79.77,8409,8186,7963,
79.78,8412,8183,7968,
79.789,8414,8188,7968,
79.802,8404,8186,7971,
79.811,8409,8188,7968,
79.819,8409,8188,7965,
79.832,8409,8191,7960,
79.839,8412,8188,7968,
79.851,8412,8186,7971,
79.859,8406,8191,7963,
79.871,8412,8188,7965,
79.881,8414,8181,7963,
79.891,8404,8165,7946,
79.9,8382,8178,7981,
79.911,8387,8183,7991,
79.919,8393,8191,7973,
79.929,8401,8186,7978,
79.942,8398,8188,7976,
79.949,8401,8188,7978,
79.962,8401,8188,7976,
79.971,8401,8191,7971,
79.981,8401,8188,7976,
79.991,8404,8191,7983,
79.999,8404,8191,7978,
80.01,8401,8188,7983,
80.02,8401,8186,7983,
80.029,8396,8188,7986,
80.039,8401,8191,7981,
80.05,8396,8191,7983,
80.06,8393,8188,7983,
80.072,8396,8188,7981,
80.078,8396,8183,7973,
80.089,8385,8173,7963,
80.1,8372,8186,7996,
80.109,8377,8186,7983,
80.119,8377,8188,7994,
80.129,8372,8188,7996,
80.138,8369,8191,7996,
80.151,8361,8191,8004,
80.161,8364,8193,8008,
80.17,8361,8191,8013,
80.179,8345,8193,8021,
80.191,8345,8196,8024,
80.201,8334,8196,8029,
80.211,8320,8196,8042,
80.218,8315,8196,8047,
80.23,8304,8199,8057,
80.239,8288,8201,8075,
80.251,8283,8204,8078,
80.262,8268,8206,8089,
80.27,8260,8209,8111,
80.28,8227,8193,8118,
80.289,8188,8150,8152,
80.299,8203,8199,8152,
80.312,8206,8186,8154,
80.32,8192,8193,8142,
80.332,8185,8214,8152,
80.341,8179,8214,8157,
80.351,8174,8212,8172,
80.362,8155,8206,8167,
80.371,8168,8212,8167,
80.379,8152,8204,8177,
80.389,8158,8209,8182,
80.401,8155,8209,8172,
80.411,8160,8209,8177,
80.418,8133,8222,8177,
80.43,8141,8209,8180,
80.439,8171,8227,8187,
80.448,8141,8212,8172,
80.459,8171,8191,8182,
80.467,8128,8214,8192,
80.48,8097,8199,8210,
80.489,7961,8191,8370,
80.499,8018,8209,8326,
80.508,8039,8186,8266,
80.52,8066,8217,8261,
80.529,8066,8206,8243,
80.541,8066,8227,8248,
80.549,8074,8217,8251,
80.559,8072,8219,8243,
80.571,8072,8219,8241,
80.581,8092,8206,8241,
80.589,8088,8212,8231,
80.6,8097,8204,8228,
80.61,8085,8219,8231,
80.621,8088,8224,8223,
80.629,8092,8252,8226,
80.637,8125,8224,8226,
80.65,8061,8217,8210,
80.659,8092,8217,8218,
80.669,8094,8214,8216,
80.679,8064,8209,8248,
80.691,7978,8222,8355,
80.7,7983,8217,8347,
80.708,8045,8217,8282,
80.719,8083,8242,8235,
80.729,8077,8212,8223,
80.741,8072,8209,8238,
80.75,8097,8217,8231,
80.758,8080,8209,8218,
80.769,8092,8217,8208,
80.778,8122,8222,8210,
80.789,8117,8224,8203,
80.799,8136,8217,8213,
80.81,8117,8219,8210,
80.819,8125,8217,8192,
80.828,8120,8199,8195,
80.839,8122,8242,8195,
80.85,8133,8217,8200,
80.859,8117,8230,8182,
80.87,8131,8222,8190,
80.878,8103,8188,8228,
80.888,8007,8219,8311,
80.898,8028,8214,8305,
80.909,8074,8188,8246,
80.917,8122,8219,8203,
80.929,8131,8219,8192,
80.939,8122,8206,8187,
80.95,8131,8214,8187,
80.959,8147,8214,8182,
80.967,8131,8204,8177,
80.979,8141,8212,8172,
80.988,8158,8217,8177,
81,8144,8222,8177,
81.02,8155,8214,8182,
81.022,8160,8206,8172,
81.028,8160,8227,8182,
81.039,8163,8219,8180,
81.048,8166,8217,8161,
81.06,8166,8212,8163,
81.069,8152,8206,8161,
81.078,8144,8204,8185,
81.09,8122,8178,8203,
81.099,8120,8206,8218,
81.108,8150,8191,8161,
81.118,8166,8196,8163,
81.129,8166,8209,8163,
81.139,8171,8212,8154,
81.147,8188,8212,8152,
81.161,8203,8212,8152,
81.167,8203,8214,8144,
81.182,8203,8217,8134,
81.189,8211,8212,8134,
81.198,8219,8206,8113,
81.211,8241,8201,8113,
81.221,8246,8214,8106,
81.227,8265,8209,8100,
81.238,8276,8214,8080,
81.247,8283,8206,8060,
81.26,8310,8206,8052,
81.269,8326,8196,8037,
81.277,8334,8191,8018,
81.29,8345,8142,8013,
81.299,8377,8181,7996,
81.31,8404,8188,7986,
81.318,8423,8188,7953,
81.328,8442,8186,7936,
81.34,8458,8186,7925,
81.348,8473,8183,7904,
81.358,8490,8186,7899,
81.37,8492,8186,7886,
81.379,8503,8183,7886,
81.389,8506,8183,7879,
81.4,8517,8183,7875,
81.408,8519,8178,7875,
81.417,8530,8183,7867,
81.43,8530,8178,7867,
81.436,8527,8178,7865,
81.448,8536,8181,7867,
81.457,8536,8178,7860,
81.468,8541,8178,7857,
81.478,8553,8168,7828,
81.488,8581,8161,7781,
81.499,8541,8181,7830,
81.51,8533,8178,7857,
81.518,8519,8178,7862,
81.527,8530,8181,7860,
81.537,8527,8173,7862,
81.548,8533,8178,7865,
81.556,8533,8178,7854,
81.568,8530,8178,7857,
81.579,8538,8173,7848,
81.588,8536,8175,7860,
81.596,8536,8173,7862,
81.61,8527,8178,7870,
81.616,8527,8173,7867,
81.628,8530,8175,7860,
81.639,8527,8178,7867,
81.65,8519,8175,7867,
81.657,8527,8175,7870,
81.665,8527,8173,7870,
81.678,8536,8173,7841,
81.69,8597,8183,7754,
81.7,8549,8181,7828,
81.706,8503,8170,7875,
81.716,8503,8178,7886,
81.727,8503,8178,7881,
81.736,8503,8178,7884,
81.747,8506,8178,7881,
81.758,8503,8178,7889,
81.768,8500,8173,7889,
81.775,8503,8178,7886,
81.786,8503,8175,7881,
81.796,8503,8181,7881,
81.806,8495,8178,7879,
81.818,8503,8178,7884,
81.828,8503,8175,7891,
81.837,8506,8178,7891,
81.847,8503,8178,7886,
81.857,8498,8173,7894,
81.868,8503,8178,7891,
81.878,8519,8175,7865,
81.89,8544,8168,7817,
81.896,8522,8165,7817,
81.908,8484,8181,7897,
81.916,8490,8181,7897,
81.926,8492,8178,7897,
81.937,8490,8181,7897,
81.946,8492,8178,7899,
81.957,8490,8175,7897,
81.969,8495,8175,7899,
81.979,8490,8181,7899,
81.988,8490,8178,7904,
81.997,8490,8181,7899,
82.007,8490,8178,7899,
82.017,8481,8175,7902,
82.028,8484,8181,7899,
82.038,8484,8178,7904,
82.048,8487,8178,7902,
82.058,8487,8183,7897,
82.069,8487,8178,7897,
82.075,8503,8175,7865,
82.088,8514,8170,7841,
82.098,8461,8175,7902,
82.106,8461,8173,7912,
82.117,8468,8178,7922,
82.128,8468,8178,7915,
82.136,8463,8178,7920,
82.149,8471,8181,7920,
82.159,8471,8181,7917,
82.165,8476,8175,7912,
82.176,8468,8183,7917,
82.188,8468,8178,7920,
82.196,8471,8178,7922,
82.206,8463,8183,7915,
82.215,8463,8178,7925,
82.228,8463,8183,7922,
82.236,8458,8181,7931,
82.247,8458,8183,7917,
82.256,8461,8186,7917,
82.266,8461,8181,7917,
82.278,8473,8178,7904,
82.288,8481,8170,7879,
82.298,8450,8181,7925,
82.308,8444,8186,7939,
82.317,8442,8181,7934,
82.327,8444,8178,7934,
82.335,8444,8183,7936,
82.347,8444,8181,7939,
82.358,8444,8181,7934,
82.367,8442,8183,7939,
82.376,8439,8181,7946,
82.387,8444,8181,7941,
82.397,8444,8183,7939,
82.407,8439,8181,7936,
82.418,8444,8188,7944,
82.424,8439,8183,7941,
82.436,8436,8183,7939,
82.445,8436,8183,7944,
82.457,8439,8183,7946,
82.468,8439,8186,7946,
82.477,8442,8181,7934,
82.487,8444,8175,7912,
82.496,8414,8175,7946,
82.508,8406,8183,7968,
82.517,8414,8186,7958,
82.529,8417,8181,7965,
82.536,8417,8183,7960,
82.544,8417,8183,7953,
82.557,8420,8186,7965,
82.565,8423,8186,7968,
82.579,8420,8186,7958,
82.587,8423,8183,7958,
82.599,8423,8183,7960,
82.605,8423,8183,7963,
82.617,8417,8186,7960,
82.626,8420,8183,7960,
82.636,8423,8186,7958,
82.647,8420,8186,7958,
82.656,8414,8188,7965,
82.665,8417,8188,7963,
82.676,8414,8186,7950,
82.684,8412,8161,7934,
82.696,8387,8183,7976,
82.708,8396,8186,7981,
82.714,8398,8186,7978,
82.726,8401,8186,7976,
82.737,8398,8186,7976,
82.746,8404,8188,7971,
82.757,8398,8188,7973,
82.768,8398,8186,7978,
82.774,8401,8186,7978,
82.787,8398,8188,7973,
82.795,8401,8186,7976,
82.807,8396,8186,7981,
82.816,8401,8191,7978,
82.828,8404,8191,7976,
82.836,8401,8188,7983,
82.844,8401,8191,7981,
82.856,8401,8188,7981,
82.865,8398,8186,7976,
82.878,8396,8183,7971,
82.884,8393,8170,7963,
82.897,8377,8181,7994,
82.905,8369,8183,8001,
82.918,8382,8188,7989,
82.926,8385,8188,7986,
82.937,8379,8191,7994,
82.945,8379,8191,7986,
82.954,8387,8188,7989,
82.966,8385,8191,7986,
82.975,8382,8188,7983,
82.984,8385,8188,7983,
82.995,8382,8188,7983,
83.004,8385,8188,7989,
83.016,8387,8191,7986,
83.027,8385,8193,7986,
83.036,8385,8191,7989,
83.046,8379,8188,7994,
83.055,8385,8191,7989,
83.067,8393,8188,7989,
83.075,8382,8183,7978,
83.085,8372,8159,7981,
83.095,8353,8183,8010,
83.107,8358,8191,8015,
83.116,8369,8186,8004,
83.126,8364,8191,8001,
83.138,8361,8191,8001,
83.144,8358,8191,8008,
83.156,8356,8193,8013,
83.167,8350,8193,8018,
83.176,8345,8193,8032,
83.187,8334,8191,8034,
83.196,8323,8191,8045,
83.206,8318,8199,8045,
83.215,8310,8193,8057,
83.225,8296,8199,8057,
83.236,8288,8201,8068,
83.246,8276,8196,8073,
83.257,8273,8201,8083,
83.267,8260,8214,8087,
83.276,8244,8199,8111,
83.286,8200,8175,8134,
83.296,8214,8193,8134,
83.307,8217,8214,8139,
83.316,8203,8209,8124,
83.325,8203,8209,8134,
83.335,8200,8217,8144,
83.346,8192,8206,8152,
83.355,8195,8209,8147,
83.365,8177,8209,8172,
83.377,8182,8214,8167,
83.386,8174,8214,8157,
83.396,8160,8214,8161,
83.407,8177,8212,8169,
83.417,8155,8214,8163,
83.428,8166,8214,8180,
83.437,8163,8209,8167,
83.446,8155,8206,8180,
83.457,8144,8227,8174,
83.467,8152,8222,8169,
83.478,8133,8173,8190,
83.485,8072,8168,8251,
83.496,8069,8201,8254,
83.506,8092,8212,8238,
83.521,8101,8217,8216,
83.526,8109,8209,8213,
83.537,8101,8212,8216,
83.546,8097,8206,8213,
83.555,8112,8219,8216,
83.566,8097,8227,8216,
83.576,8097,8232,8208,
83.585,8097,8227,8216,
83.597,8106,8219,8198,
83.605,8103,8209,8216,
83.614,8106,8217,8213,
83.626,8112,8222,8218,
83.636,8139,8217,8210,
83.646,8101,8222,8200,
83.655,8106,8212,8195,
83.665,8114,8217,8208,
83.676,8055,8183,8259,
83.688,7964,8178,8370,
83.694,8012,8217,8319,
83.706,8053,8209,8272,
83.714,8069,8212,8226,
83.724,8080,8212,8235,
83.736,8080,8222,8231,
83.745,8072,8214,8226,
83.755,8069,8224,8231,
83.765,8077,8201,8235,
83.776,8101,8237,8226,
83.785,8092,8219,8221,
83.796,8101,8217,8223,
83.807,8085,8227,8210,
83.818,8094,8224,8190,
83.823,8101,8224,8210,
83.834,8103,8219,8205,
83.843,8094,8239,8213,
83.856,8139,8224,8205,
83.864,8109,8222,8203,
83.876,8088,8230,8241,
83.884,8012,8148,8332,
83.897,8018,8214,8319,
83.91,8077,8217,8251,
83.914,8101,8212,8218,
83.925,8103,8212,8218,
83.934,8101,8222,8203,
83.943,8125,8214,8200,
83.954,8114,8227,8203,
83.964,8131,8209,8195,
83.975,8141,8227,8190,
83.984,8147,8209,8157,
83.994,8150,8209,8180,
84.003,8150,8222,8182,
84.015,8155,8214,8177,
84.026,8158,8217,8172,
84.035,8150,8224,8174,
84.044,8152,8222,8172,
84.053,8160,8217,8161,
84.063,8168,8219,8177,
84.077,8152,8181,8180,
84.084,8114,8183,8216,
84.094,8088,8209,8208,
84.105,8155,8201,8180,
84.115,8171,8212,8163,
84.125,8168,8209,8161,
84.135,8160,8206,8169,
84.146,8158,8212,8154,
84.156,8163,8212,8154,
84.165,8182,8217,8157,
84.173,8168,8201,8139,
84.185,8163,8209,8144,
84.194,8198,8219,8144,
84.206,8177,8230,8126,
84.214,8188,8209,8147,
84.225,8200,8214,8136,
84.235,8200,8214,8126,
84.245,8225,8217,8124,
84.254,8227,8212,8118,
84.265,8238,8219,8113,
84.275,8241,8204,8100,
84.284,8227,8186,8129,
84.293,8241,8188,8121,
84.306,8273,8196,8078,
84.312,8293,8199,8052,
84.325,8323,8201,8050,
84.333,8337,8196,8034,
84.343,8361,8196,8010,
84.353,8387,8196,7983,
84.364,8409,8193,7968,
84.373,8428,8188,7950,
84.384,8450,8188,7946,
84.395,8463,8191,7925,
84.407,8473,8186,7909,
84.413,8484,8186,7902,
84.424,8490,8186,7897,
84.434,8498,8181,7894,
84.443,8498,8181,7891,
84.454,8503,8181,7881,
84.462,8511,8183,7879,
84.473,8519,8181,7862,
84.484,8527,8168,7830,
84.495,8500,8181,7881,
84.505,8479,8178,7907,
84.513,8490,8178,7897,
84.523,8490,8181,7899,
84.537,8490,8175,7897,
84.543,8490,8178,7897,
84.554,8490,8178,7899,
84.563,8500,8181,7891,
84.574,8495,8178,7899,
84.585,8495,8181,7891,
84.595,8495,8178,7897,
84.604,8495,8175,7889,
84.616,8492,8181,7894,
84.625,8495,8181,7891,
84.633,8490,8178,7899,
84.645,8490,8178,7899,
84.653,8492,8178,7902,
84.664,8495,8175,7891,
84.674,8514,8178,7857,
84.685,8522,8170,7833,
84.694,8481,8173,7897,
84.703,8479,8178,7904,
84.713,8484,8175,7902,
84.725,8487,8183,7897,
84.733,8490,8178,7902,
84.742,8490,8181,7904,
84.754,8490,8178,7899,
84.763,8495,8181,7904,
84.773,8495,8178,7897,
84.784,8495,8178,7891,
84.795,8492,8181,7899,
84.803,8492,8183,7897,
84.812,8490,8178,7904,
84.823,8492,8181,7899,
84.832,8498,8178,7899,
84.845,8490,8181,7894,
84.853,8492,8178,7891,
84.864,8503,8178,7891,
84.875,8517,8170,7865,
84.884,8519,8170,7838,
84.895,8500,8181,7879,
84.902,8476,8170,7907,
84.913,8481,8170,7915,
84.924,8481,8175,7909,
84.932,8484,8175,7907,
84.943,8484,8175,7907,
84.951,8490,8183,7894,
84.964,8479,8173,7907,
84.972,8484,8178,7909,
84.982,8484,8175,7907,
84.995,8492,8175,7907,
85.003,8484,8181,7902,
85.014,8487,8178,7902,
85.025,8484,8178,7902,
85.035,8484,8178,7899,
85.043,8492,8181,7899,
85.055,8487,8181,7902,
85.063,8484,8181,7904,
85.075,8498,8181,7870,
85.084,8517,8170,7835,
85.094,8490,8170,7872,
85.102,8468,8183,7915,
85.113,8473,8181,7907,
85.123,8473,8175,7902,
85.134,8476,8175,7909,
85.142,8476,8181,7907,
85.154,8473,8175,7902,
85.165,8481,8178,7907,
85.174,8479,8178,7907,
85.183,8484,8178,7904,
85.192,8484,8175,7907,
85.201,8476,8178,7912,
85.212,8476,8181,7904,
85.223,8476,8181,7915,
85.234,8476,8178,7909,
85.244,8476,8178,7917,
85.252,8476,8178,7917,
85.265,8473,8183,7909,
85.274,8479,8175,7899,
85.284,8484,8173,7867,
85.294,8455,8178,7915,
85.304,8447,8183,7934,
85.313,8450,8178,7925,
85.321,8455,8178,7927,
85.334,8452,8178,7922,
85.343,8450,8181,7927,
85.351,8452,8178,7927,
85.365,8447,8183,7936,
85.373,8447,8183,7927,
85.383,8452,8183,7931,
85.393,8450,8181,7936,
85.403,8447,8186,7934,
85.414,8450,8181,7939,
85.422,8450,8183,7936,
85.431,8450,8183,7931,
85.442,8450,8183,7927,
85.453,8452,8183,7934,
85.463,8452,8186,7925,
85.473,8458,8178,7915,
85.482,8461,8170,7886,
85.491,8439,8181,7936,
85.503,8433,8181,7946,
85.512,8436,8181,7939,
85.523,8444,8181,7936,
85.533,8444,8183,7936,
85.544,8444,8181,7939,
85.552,8450,8183,7939,
85.563,8447,8183,7936,
85.574,8447,8183,7936,
85.582,8444,8186,7941,
85.592,8444,8183,7936,
85.603,8439,8181,7939,
85.613,8439,8183,7931,
85.624,8439,8181,7936,
85.63,8439,8183,7936,
85.641,8442,8183,7939,
85.652,8447,8183,7944,
85.664,8442,8186,7950,
85.674,8450,8181,7920,
85.683,8452,8170,7894,
85.694,8433,8181,7939,
85.7,8431,8183,7944,
85.712,8431,8183,7960,
85.723,8433,8181,7953,
85.732,8436,8183,7953,
85.744,8433,8183,7950,
85.754,8433,8183,7950,
85.764,8439,8186,7946,
85.773,8433,8186,7950,
85.782,8433,8186,7953,
85.793,8436,8186,7953,
85.802,8428,8188,7953,
85.811,8431,8183,7955,
85.823,8431,8183,7960,
85.832,8428,8183,7955,
85.841,8428,8181,7960,
85.852,8428,8183,7960,
85.861,8425,8183,7958,
85.874,8425,8181,7941,
85.883,8433,8173,7927,
85.893,8406,8178,7963,
85.904,8401,8183,7976,
85.911,8401,8183,7971,
85.922,8409,8186,7968,
85.933,8406,8186,7968,
85.942,8409,8181,7965,
85.951,8406,8183,7965,
85.964,8406,8183,7971,
85.974,8406,8186,7965,
85.982,8406,8186,7968,
85.99,8404,8186,7971,
86.001,8406,8186,7971,
86.01,8404,8186,7971,
86.023,8406,8183,7968,
86.031,8409,8186,7973,
86.04,8409,8186,7973,
86.054,8406,8183,7976,
86.062,8404,8186,7971,
86.074,8398,8181,7960,
86.082,8393,8148,7960,
86.091,8369,8170,7986,
86.104,8372,8183,8004,
86.111,8393,8183,7991,
86.12,8393,8186,7991,
86.131,8387,8186,7994,
86.144,8385,8186,7991,
86.15,8385,8183,7991,
86.163,8385,8186,7994,
86.173,8377,8186,7999,
86.185,8372,8188,8001,
86.19,8369,8188,7999,
86.203,8364,8188,8004,
86.21,8361,8191,8015,
86.219,8347,8191,8015,
86.234,8350,8191,8024,
86.242,8339,8191,8032,
86.252,8331,8191,8034,
86.263,8323,8188,8034,
86.273,8304,8191,8052,
86.282,8276,8150,8073,
86.293,8265,8181,8108,
86.301,8273,8191,8098,
86.311,8271,8193,8093,
86.324,8260,8196,8100,
86.33,8244,8199,8095,
86.343,8244,8199,8113,
86.354,8235,8204,8116,
86.361,8225,8201,8129,
86.373,8222,8201,8134,
86.38,8211,8209,8126,
86.393,8200,8209,8131,
86.403,8203,8214,8149,
86.411,8185,8209,8147,
86.421,8174,8204,8147,
86.431,8177,8201,8163,
86.442,8166,8206,8169,
86.451,8163,8209,8161,
86.461,8155,8214,8182,
86.471,8139,8170,8185,
86.482,8061,8186,8284,
86.49,8074,8212,8282,
86.502,8077,8227,8231,
86.511,8097,8214,8213,
86.52,8117,8206,8223,
86.534,8103,8209,8228,
86.542,8088,8212,8221,
86.55,8085,8206,8228,
86.563,8101,8206,8238,
86.572,8101,8214,8213,
86.583,8106,8212,8216,
86.591,8114,8224,8216,
86.603,8085,8224,8221,
86.611,8097,8242,8231,
86.62,8083,8217,8226,
86.631,8069,8209,8235,
86.642,8080,8230,8235,
86.651,8097,8214,8251,
86.66,8074,8224,8238,
86.672,8055,8186,8266,
86.688,7948,8193,8398,
86.693,7988,8212,8342,
86.702,8023,8232,8295,
86.71,8053,8239,8287,
86.722,8061,8212,8274,
86.73,8047,8222,8269,
86.743,8077,8199,8261,
86.75,8058,8219,8264,
86.762,8072,8227,8243,
86.773,8088,8217,8251,
86.781,8066,8232,8235,
86.791,8083,8242,8228,
86.802,8085,8214,8243,
86.811,8080,8230,8231,
86.821,8088,8227,8223,
86.831,8083,8222,8213,
86.841,8106,8214,8216,
86.852,8103,8232,8208,
86.86,8106,8217,8223,
86.874,8055,8193,8290,
86.881,7951,8173,8365,
86.891,8007,8214,8319,
86.901,8050,8217,8261,
86.912,8085,8224,8221,
86.922,8094,8204,8223,
86.93,8106,8214,8213,
86.941,8109,8222,8221,
86.951,8112,8212,8200,
86.961,8109,8204,8210,
86.97,8144,8209,8192,
86.979,8133,8214,8177,
86.992,8136,8212,8174,
87.001,8128,8206,8185,
87.012,8133,8217,8174,
87.02,8160,8217,8185,
87.03,8139,8214,8174,
87.042,8141,8206,8172,
87.051,8139,8217,8182,
87.06,8139,8212,8163,
87.072,8144,8181,8190,
87.08,8088,8188,8235,
87.09,8088,8212,8272,
87.101,8128,8206,8205,
87.112,8150,8201,8172,
87.122,8150,8209,8169,
87.132,8141,8204,8174,
87.141,8163,8214,8187,
87.15,8166,8209,8169,
87.162,8166,8209,8161,
87.171,8171,8214,8161,
87.18,8177,8209,8161,
87.19,8185,8214,8157,
87.199,8185,8217,8144,
87.209,8182,8204,8134,
87.219,8211,8204,8139,
87.232,8203,8209,8134,
87.238,8211,8206,8126,
87.251,8235,8209,8121,
87.259,8233,8204,8118,
87.272,8222,8153,8113,
87.279,8214,8165,8134,
87.288,8238,8183,8118,
87.3,8273,8196,8089,
87.311,8293,8204,8057,
87.32,8318,8199,8047,
87.331,8337,8196,8027,
87.339,8369,8191,8015,
87.35,8387,8193,7991,
87.36,8404,8186,7976,
87.368,8428,8191,7960,
87.38,8433,8188,7946,
87.391,8447,8186,7939,
87.401,8455,8186,7936,
87.41,8468,8186,7917,
87.418,8479,8181,7915,
87.431,8481,8183,7907,
87.44,8487,8183,7909,
87.451,8495,8181,7897,
87.46,8506,8175,7891,
87.471,8511,8170,7881,
87.479,8517,8170,7835,
87.489,8495,8178,7881,
87.499,8481,8175,7904,
87.51,8487,8175,7899,
87.518,8492,8175,7902,
87.53,8492,8175,7907,
87.539,8490,8175,7902,
87.55,8492,8178,7891,
87.56,8495,8175,7899,
87.571,8495,8173,7891,
87.581,8495,8175,7889,
87.589,8498,8178,7891,
87.599,8498,8178,7891,
87.61,8503,8175,7889,
87.618,8500,8173,7886,
87.629,8509,8170,7886,
87.639,8517,8175,7875,
87.65,8511,8178,7891,
87.659,8511,8178,7881,
87.668,8527,8170,7865,
87.68,8541,8161,7830,
87.69,8500,8178,7889,
87.699,8490,8175,7897,
87.708,8498,8173,7902,
87.72,8495,8175,7897,
87.73,8498,8173,7897,
87.741,8498,8175,7902,
87.749,8498,8173,7904,
87.76,8492,8175,7897,
87.77,8495,8175,7891,
87.779,8492,8178,7902,
87.79,8498,8175,7904,
87.798,8495,8175,7899,
87.808,8492,8181,7897,
87.821,8498,8175,7894,
87.832,8495,8175,7904,
87.84,8487,8178,7891,
87.85,8492,8175,7902,
87.862,8498,8173,7894,
87.872,8519,8173,7867,
87.879,8517,8170,7835,
87.891,8481,8175,7886,
87.901,8473,8173,7912,
87.911,8476,8173,7909,
87.919,8481,8173,7899,
87.928,8484,8178,7902,
87.939,8484,8181,7902,
87.95,8487,8178,7899,
87.96,8490,8175,7904,
87.97,8487,8173,7907,
87.98,8481,8175,7902,
87.991,8495,8175,7897,
87.999,8492,8178,7902,
88.009,8492,8178,7899,
88.02,8495,8175,7894,
88.03,8495,8175,7902,
88.04,8495,8175,7899,
88.052,8495,8175,7899,
88.06,8495,8175,7894,
88.071,8517,8173,7857,
88.081,8519,8170,7833,
88.091,8519,8181,7852,
88.101,8481,8170,7920,
88.109,8481,8173,7912,
88.12,8484,8178,7909,
88.128,8484,8175,7907,
88.139,8479,8175,7909,
88.149,8484,8175,7912,
88.159,8484,8175,7909,
88.17,8481,8173,7912,
88.18,8484,8173,7909,
88.191,8487,8175,7915,
88.197,8487,8178,7907,
88.209,8484,8178,7912,
88.218,8476,8178,7912,
88.229,8479,8175,7917,
88.241,8471,8175,7917,
88.25,8471,8175,7920,
88.258,8473,8178,7920,
88.27,8484,8175,7894,
88.28,8495,8170,7870,
88.289,8458,8175,7917,
88.298,8452,8178,7941,
88.31,8455,8175,7936,
88.318,8458,8175,7931,
88.33,8458,8175,7927,
88.339,8458,8178,7931,
88.348,8458,8181,7925,
88.359,8458,8178,7934,
88.37,8461,8181,7934,
88.379,8458,8175,7927,
88.389,8455,8181,7931,
88.397,8450,8181,7934,
88.41,8450,8181,7931,
88.419,8455,8181,7934,
88.428,8458,8181,7931,
88.439,8450,8178,7931,
88.448,8452,8181,7934,
88.457,8455,8181,7927,
88.467,8473,8173,7904,
88.478,8468,8165,7891,
88.49,8431,8178,7944,
88.499,8439,8175,7963,
88.511,8428,8178,7953,
88.519,8431,8181,7946,
88.529,8439,8178,7946,
88.539,8433,8178,7960,
88.549,8436,8178,7953,
88.557,8433,8183,7960,
88.566,8433,8183,7955,
88.58,8433,8181,7950,
88.588,8436,8178,7953,
88.598,8433,8183,7953,
88.608,8431,8183,7955,
88.619,8428,8181,7960,
88.627,8428,8183,7955,
88.638,8428,8181,7955,
88.648,8431,8181,7955,
88.659,8428,8188,7950,
88.669,8431,8181,7941,
88.68,8431,8173,7925,
88.686,8412,8178,7955,
88.697,8401,8181,7973,
88.71,8409,8181,7965,
88.719,8417,8183,7968,
88.728,8414,8183,7971,
88.736,8417,8183,7963,
88.748,8409,8183,7963,
88.757,8417,8181,7978,
88.768,8412,8183,7965,
88.779,8420,8183,7971,
88.789,8412,8186,7968,
88.797,8414,8183,7968,
88.809,8420,8183,7971,
88.819,8414,8186,7965,
88.828,8417,8183,7963,
88.84,8409,8181,7965,
88.848,8414,8186,7971,
88.856,8414,8183,7971,
88.869,8417,8178,7950,
88.879,8404,8165,7946,
88.889,8390,8178,7989,
88.9,8393,8181,7983,
88.908,8396,8183,7978,
88.921,8398,8183,7976,
88.932,8398,8186,7983,
88.938,8398,8186,7978,
88.948,8393,8183,7978,
88.958,8398,8186,7978,
88.971,8404,8186,7981,
88.979,8406,8183,7983,
88.989,8401,8188,7973,
88.999,8396,8183,7978,
89.008,8393,8183,7989,
89.02,8398,8186,7986,
89.029,8398,8186,7983,
89.04,8396,8188,7994,
89.05,8390,8186,7994,
89.058,8393,8186,7991,
89.068,8385,8186,7986,
89.079,8377,8155,7981,
89.088,8369,8175,8008,
89.097,8372,8183,7999,
89.108,8372,8186,7996,
89.117,8369,8188,7999,
89.129,8369,8186,8008,
89.139,8361,8191,8015,
89.148,8358,8188,8010,
89.158,8353,8191,8021,
89.168,8347,8193,8027,
89.179,8337,8196,8037,
89.188,8329,8193,8039,
89.198,8315,8193,8050,
89.208,8304,8196,8052,
89.217,8299,8199,8062,
89.231,8285,8199,8073,
89.237,8283,8196,8073,
89.248,8279,8209,8083,
89.259,8263,8204,8087,
89.269,8246,8199,8103,
89.278,8217,8150,8131,
89.29,8222,8193,8134,
89.299,8222,8206,8124,
89.308,8214,8206,8136,
89.318,8211,8201,8136,
89.328,8208,8206,8142,
89.338,8198,8201,8154,
89.348,8174,8212,8149,
89.359,8182,8204,8161,
89.367,8177,8209,8154,
89.377,8179,8209,8169,
89.387,8166,8209,8174,
89.4,8158,8214,8169,
89.409,8155,8209,8174,
89.419,8155,8201,8187,
89.428,8152,8209,8167,
89.439,8133,8224,8174,
89.448,8150,8217,8187,
89.459,8131,8212,8177,
89.467,8122,8209,8203,
89.478,8020,8181,8360,
89.487,8037,8206,8295,
89.498,8058,8219,8266,
89.507,8106,8209,8228,
89.518,8092,8212,8231,
89.528,8103,8224,8243,
89.536,8074,8230,8223,
89.546,8085,8206,8218,
89.559,8097,8212,8228,
89.568,8106,8214,8223,
89.578,8101,8209,8226,
89.588,8085,8219,8208,
89.596,8097,8219,8210,
89.609,8103,8227,8198,
89.615,8117,8224,8210,
89.628,8094,8219,8208,
89.638,8117,8219,8208,
89.647,8117,8217,8208,
89.658,8117,8214,8216,
89.667,8083,8186,8228,
89.677,7983,8188,8334,
89.689,7991,8209,8329,
89.7,8042,8196,8274,
89.706,8097,8217,8241,
89.72,8088,8206,8228,
89.727,8103,8214,8235,
89.739,8094,8224,8228,
89.747,8109,8212,8216,
89.757,8109,8217,8218,
89.768,8122,8219,8208,
89.777,8136,8227,8195,
89.787,8133,8204,8192,
89.799,8128,8209,8187,
89.806,8131,8227,8187,
89.818,8131,8214,8182,
89.828,8141,8217,8195,
89.838,8155,8204,8187,
89.846,8155,8209,8174,
89.859,8144,8227,8180,
89.867,8139,8188,8187,
89.878,8069,8219,8259,
89.886,8058,8199,8284,
89.896,8109,8224,8241,
89.907,8133,8214,8195,
89.918,8136,8212,8195,
89.928,8144,8224,8182,
89.936,8136,8214,8177,
89.947,8139,8227,8182,
89.959,8131,8227,8180,
89.968,8158,8222,8180,
89.977,8144,8206,8167,
89.987,8158,8219,8177,
89.999,8155,8217,8180,
90.006,8158,8214,8180,
90.015,8152,8214,8172,
90.027,8163,8206,8177,
90.036,8158,8206,8167,
90.046,8166,8212,8163,
90.056,8168,8201,8163,
90.066,8158,8181,8177,
90.078,8112,8170,8210,
90.088,8117,8212,8210,
90.096,8158,8206,8157,
90.106,8179,8214,8174,
90.118,8179,8219,8149,
90.129,8182,8204,8157,
90.135,8182,8204,8163,
90.147,8171,8209,8149,
90.156,8182,8209,8149,
90.168,8188,8214,8149,
90.178,8195,8209,8129,
90.188,8192,8217,8142,
90.197,8206,8201,8139,
90.207,8214,8209,8142,
90.214,8211,8204,8131,
90.226,8203,8204,8136,
90.237,8219,8212,8142,
90.247,8214,8217,8124,
90.257,8222,8206,8121,
90.267,8214,8165,8126,
90.276,8174,8161,8161,
90.288,8211,8193,8147,
90.296,8230,8214,8126,
90.306,8225,8201,8113,
90.316,8244,8196,8116,
90.326,8249,8196,8108,
90.337,8257,8199,8089,
90.346,8260,8199,8093,
90.356,8276,8209,8087,
90.366,8279,8199,8075,
90.377,8283,8209,8065,
90.386,8293,8204,8057,
90.396,8307,8199,8055,
90.406,8315,8199,8039,
90.416,8326,8196,8042,
90.427,8342,8204,8027,
90.436,8347,8196,8024,
90.445,8364,8199,8001,
90.455,8372,8196,7989,
90.467,8393,8186,7983,
90.478,8393,8155,7973,
90.486,8396,8181,7976,
90.496,8406,8186,7976,
90.508,8428,8183,7960,
90.516,8439,8186,7950,
90.525,8447,8186,7941,
90.535,8458,8181,7927,
90.546,8471,8181,7920,
90.557,8476,8183,7915,
90.567,8479,8181,7902,
90.578,8492,8181,7899,
90.586,8495,8178,7894,
90.599,8498,8181,7897,
90.605,8500,8181,7891,
90.616,8495,8181,7889,
90.626,8503,8178,7884,
90.637,8500,8173,7886,
90.647,8503,8175,7891,
90.657,8509,8181,7886,
90.666,8525,8173,7846,
90.678,8530,8173,7828,
90.705,8506,8178,7867,
90.708,8487,8178,7902,
90.709,8487,8175,7897,
90.717,8495,8175,7907,
90.725,8495,8175,7894,
90.735,8498,8175,7894,
90.744,8495,8175,7897,
90.757,8492,8178,7894,
90.768,8495,8175,7894,
90.775,8495,8175,7894,
90.787,8503,8178,7891,
90.799,8500,8178,7884,
90.806,8500,8175,7891,
90.815,8498,8175,7894,
90.824,8498,8175,7886,
90.838,8503,8173,7889,
90.846,8500,8175,7891,
90.856,8498,8178,7891,
90.866,8517,8175,7860,
90.877,8536,8170,7823,
90.886,8506,8175,7833,
90.896,8487,8181,7902,
90.906,8487,8175,7904,
90.916,8490,8178,7904,
90.926,8484,8175,7902,
90.936,8490,8175,7897,
90.944,8487,8173,7899,
90.955,8487,8178,7899,
90.965,8492,8175,7907,
90.976,8490,8175,7902,
90.985,8492,8175,7904,
90.998,8492,8175,7904,
91.006,8490,8178,7902,
91.017,8487,8175,7904,
91.027,8492,8181,7902,
91.035,8492,8175,7897,
91.044,8487,8181,7904,
91.055,8492,8175,7907,
91.067,8509,8173,7872,
91.077,8519,8165,7846,
91.086,8490,8168,7884,
91.098,8476,8175,7917,
91.106,8476,8178,7909,
91.113,8479,8178,7907,
91.125,8484,8175,7912,
91.137,8481,8175,7915,
91.146,8484,8178,7899,
91.156,8484,8173,7907,
91.165,8487,8181,7907,
91.176,8487,8178,7904,
91.186,8492,8173,7902,
91.195,8498,8175,7897,
91.205,8498,8181,7902,
91.215,8495,8175,7897,
91.226,8490,8175,7902,
91.236,8490,8175,7899,
91.246,8492,8178,7897,
91.256,8498,8175,7894,
91.268,8511,8170,7872,
91.275,8527,8168,7841,
91.284,8490,8175,7889,
91.294,8479,8175,7909,
91.308,8481,8175,7904,
91.316,8487,8178,7902,
91.327,8487,8173,7907,
91.333,8495,8170,7904,
91.344,8484,8178,7889,
91.355,8490,8181,7904,
91.364,8490,8178,7904,
91.374,8487,8175,7904,
91.383,8492,8175,7897,
91.396,8490,8175,7902,
91.405,8487,8178,7909,
91.416,8487,8175,7907,
91.426,8484,8178,7907,
91.435,8481,8178,7909,
91.446,8481,8183,7909,
91.454,8484,8175,7909,
91.463,8492,8181,7886,
91.476,8506,8168,7857,
91.484,8461,8181,7907,
91.495,8452,8178,7944,
91.503,8458,8175,7922,
91.514,8458,8175,7925,
91.525,8458,8178,7925,
91.534,8458,8175,7927,
91.546,8461,8181,7925,
91.555,8455,8183,7917,
91.565,8463,8175,7925,
91.576,8458,8175,7927,
91.584,8461,8175,7922,
91.594,8461,8181,7925,
91.605,8461,8175,7931,
91.615,8458,8178,7920,
91.624,8455,8181,7931,
91.634,8450,8181,7931,
91.644,8452,8181,7934,
91.655,8455,8183,7931,
91.665,8463,8175,7920,
91.674,8471,8173,7894,
91.685,8439,8168,7934,
91.697,8423,8178,7960,
91.705,8439,8178,7950,
91.715,8442,8175,7958,
91.726,8439,8181,7946,
91.734,8436,8181,7950,
91.745,8439,8183,7941,
91.755,8436,8178,7953,
91.765,8439,8181,7950,
91.775,8436,8183,7946,
91.786,8431,8183,7946,
91.794,8436,8186,7939,
91.805,8433,8183,7955,
91.817,8436,8181,7944,
91.823,8431,8183,7950,
91.832,8431,8181,7953,
91.846,8428,8183,7950,
91.857,8439,8183,7953,
91.863,8442,8178,7931,
91.873,8433,8161,7920,
91.885,8414,8181,7963,
91.896,8409,8178,7971,
91.905,8412,8181,7971,
91.913,8412,8181,7965,
91.924,8412,8183,7968,
91.933,8414,8186,7965,
91.944,8406,8183,7965,
91.956,8414,8183,7965,
91.964,8417,8186,7965,
91.975,8417,8183,7968,
91.983,8412,8181,7968,
91.994,8417,8183,7976,
92.003,8414,8186,7973,
92.014,8412,8186,7965,
92.024,8417,8183,7968,
92.033,8414,8183,7971,
92.044,8412,8186,7968,
92.055,8412,8186,7963,
92.066,8414,8181,7955,
92.075,8412,8159,7944,
92.083,8401,8181,7973,
92.092,8393,8183,7963,
92.104,8404,8183,7976,
92.115,8406,8186,7978,
92.124,8406,8183,7973,
92.138,8404,8186,7976,
92.144,8404,8188,7965,
92.154,8409,8186,7976,
92.165,8406,8183,7978,
92.174,8404,8186,7978,
92.184,8401,8186,7978,
92.195,8398,8191,7971,
92.205,8401,8188,7978,
92.214,8398,8186,7978,
92.222,8398,8188,7986,
92.236,8401,8188,7983,
92.245,8396,8186,7983,
92.255,8404,8188,7983,
92.264,8398,8183,7976,
92.273,8390,8181,7968,
92.284,8366,8175,7994,
92.292,8369,8181,8008,
92.302,8377,8186,7991,
92.314,8369,8186,7991,
92.324,8372,8186,7999,
92.336,8372,8191,7996,
92.344,8369,8186,7996,
92.352,8372,8186,8004,
92.362,8372,8186,7999,
92.375,8372,8186,7999,
92.383,8369,8186,8001,
92.394,8369,8191,8010,
92.404,8361,8188,8004,
92.413,8356,8193,8013,
92.422,8350,8196,8021,
92.434,8342,8191,8032,
92.443,8337,8191,8032,
92.455,8326,8191,8042,
92.464,8310,8186,8050,
92.473,8283,8159,8073,
92.483,8268,8183,8093,
92.492,8271,8188,8098,
92.504,8268,8191,8100,
92.513,8254,8204,8100,
92.524,8246,8201,8113,
92.532,8238,8193,8113,
92.543,8225,8204,8116,
92.553,8225,8206,8124,
92.561,8208,8204,8129,
92.571,8211,8212,8136,
92.584,8200,8214,8144,
92.593,8192,8212,8154,
92.603,8177,8209,8147,
92.612,8185,8204,8163,
92.624,8168,8219,8157,
92.633,8166,8196,8157,
92.641,8158,8217,8157,
92.652,8150,8212,8167,
92.663,8144,8178,8185,
92.673,8083,8170,8248,
92.683,8042,8199,8297,
92.692,8085,8188,8246,
92.702,8114,8219,8221,
92.712,8112,8224,8221,
92.725,8094,8212,8216,
92.733,8106,8204,8218,
92.743,8106,8204,8208,
92.753,8101,8212,8208,
92.763,8109,8217,8231,
92.772,8112,8206,8205,
92.783,8106,8209,8210,
92.795,8097,8206,8213,
92.804,8117,8212,8213,
92.813,8097,8230,8203,
92.822,8097,8219,8210,
92.831,8109,8217,8218,
92.845,8092,8206,8218,
92.854,8103,8219,8223,
92.864,8050,8145,8264,
92.874,7951,8201,8373,
92.881,8012,8214,8321,
92.892,8050,8201,8269,
92.901,8080,8219,8246,
92.913,8097,8222,8243,
92.924,8088,8212,8231,
92.934,8080,8209,8228,
92.942,8077,8219,8228,
92.953,8109,8209,8221,
92.962,8103,8214,8231,
92.973,8131,8222,8210,
92.982,8114,8214,8213,
92.992,8122,8212,8198,
93.004,8125,8214,8203,
93.014,8125,8219,8203,
93.024,8125,8217,8208,
93.033,8114,8224,8198,
93.044,8131,8214,8198,
93.054,8141,8219,8210,
93.062,8097,8170,8221,
93.07,8018,8155,8311,
93.081,8058,8199,8284,
93.094,8103,8217,8231,
93.102,8112,8217,8208,
93.113,8122,8199,8203,
93.123,8141,8217,8200,
93.132,8139,8217,8182,
93.141,8166,8219,8187,
93.154,8147,8212,8177,
93.163,8155,8214,8180,
93.171,8139,8214,8172,
93.184,8150,8212,8180,
93.193,8155,8217,8192,
93.203,8136,8222,8172,
93.214,8152,8204,8180,
93.225,8144,8222,8172,
93.232,8155,8206,8172,
93.243,8147,8224,8163,
93.251,8160,8219,8174,
93.261,8139,8188,8185,
93.274,8106,8175,8221,
93.281,8112,8199,8200,
93.294,8158,8199,8182,
93.303,8166,8204,8169,
93.313,8174,8209,8172,
93.323,8174,8219,8154,
93.331,8192,8201,8163,
93.343,8195,8212,8144,
93.353,8192,8204,8147,
93.365,8211,8201,8144,
93.373,8198,8209,8131,
93.384,8214,8206,8144,
93.39,8235,8212,8134,
93.404,8238,8199,8111,
93.413,8249,8209,8106,
93.421,8265,8209,8106,
93.433,8283,8201,8075,
93.442,8293,8206,8068,
93.451,8312,8209,8065,
93.462,8320,8191,8050,
93.473,8326,8168,8034,
93.484,8339,8181,8021,
93.495,8372,8186,8001,
93.502,8404,8191,7978,
93.511,8423,8186,7963,
93.521,8433,8186,7953,
93.531,8455,8183,7939,
93.542,8458,8186,7920,
93.553,8476,8183,7915,
93.56,8484,8183,7907,
93.571,8492,8178,7899,
93.583,8495,8181,7889,
93.592,8498,8183,7889,
93.603,8506,8181,7881,
93.612,8506,8178,7886,
93.622,8511,8181,7881,
93.632,8517,8178,7881,
93.641,8517,8178,7884,
93.652,8525,8178,7879,
93.664,8541,8168,7843,
93.671,8549,8173,7805,
93.684,8506,8165,7857,
93.692,8506,8170,7891,
93.701,8509,8175,7889,
93.712,8514,8170,7889,
93.721,8509,8178,7879,
93.733,8514,8175,7875,
93.744,8511,8173,7875,
93.751,8517,8175,7870,
93.761,8517,8175,7865,
93.773,8511,8175,7872,
93.781,8511,8175,7879,
93.79,8519,8173,7875,
93.803,8517,8181,7867,
93.811,8519,8173,7867,
93.823,8519,8170,7875,
93.832,8514,8178,7881,
93.842,8517,8181,7872,
93.852,8522,8175,7862,
93.861,8546,8170,7828,
93.873,8656,8186,7749,
93.883,8573,8175,7791,
93.89,8506,8178,7891,
93.903,8503,8170,7886,
93.913,8503,8175,7884,
93.92,8506,8175,7884,
93.929,8503,8175,7886,
93.942,8503,8178,7886,
93.952,8503,8175,7884,
93.96,8509,8175,7881,
93.972,8506,8178,7886,
93.982,8509,8173,7884,
93.991,8506,8173,7886,
94.002,8500,8175,7891,
94.012,8500,8178,7894,
94.023,8503,8178,7886,
94.031,8492,8178,7897,
94.041,8492,8178,7894,
94.051,8500,8173,7889,
94.06,8511,8175,7854,
94.072,8533,8170,7828,
94.081,8522,8178,7860,
94.092,8481,8181,7917,
94.101,8476,8178,7902,
94.113,8481,8173,7904,
94.121,8481,8175,7899,
94.131,8484,8181,7907,
94.141,8481,8178,7904,
94.152,8481,8181,7907,
94.16,8484,8175,7909,
94.173,8479,8178,7902,
94.179,8479,8178,7909,
94.19,8484,8175,7909,
94.201,8481,8175,7912,
94.21,8479,8181,7907,
94.221,8479,8178,7912,
94.232,8481,8175,7912,
94.24,8471,8178,7912,
94.252,8481,8175,7915,
94.26,8487,8173,7886,
94.269,8498,8168,7867,
94.281,8463,8181,7904,
94.293,8452,8175,7939,
94.301,8458,8178,7925,
94.313,8458,8178,7925,
94.32,8458,8173,7927,
94.332,8458,8178,7927,
94.342,8455,8181,7931,
94.352,8458,8178,7934,
94.36,8452,8181,7927,
94.371,8455,8178,7927,
94.381,8458,8178,7927,
94.39,8455,8178,7931,
94.399,8450,8181,7925,
94.41,8452,8178,7936,
94.423,8450,8181,7934,
94.431,8450,8181,7934,
94.442,8450,8183,7931,
94.452,8455,8181,7939,
94.462,8468,8178,7915,
94.472,8458,8168,7894,
94.48,8439,8183,7939,
94.492,8428,8181,7953,
94.5,8433,8178,7950,
94.51,8436,8181,7946,
94.52,8436,8181,7946,
94.531,8439,8181,7946,
94.541,8442,8181,7944,
94.55,8439,8181,7953,
94.561,8439,8183,7944,
94.571,8428,8181,7946,
94.584,8428,8181,7950,
94.591,8431,8181,7955,
94.6,8433,8183,7963,
94.61,8431,8186,7955,
94.622,8431,8181,7953,
94.632,8425,8188,7953,
94.641,8425,8186,7953,
94.65,8431,8186,7955,
94.662,8439,8181,7955,
94.67,8433,8178,7922,
94.682,8412,8175,7963,
94.691,8404,8186,7978,
94.7,8412,8183,7965,
94.711,8420,8181,7968,
94.723,8417,8178,7973,
94.73,8414,8183,7976,
94.739,8414,8183,7971,
94.751,8412,8186,7973,
94.762,8412,8183,7968,
94.77,8409,8183,7976,
94.781,8409,8186,7973,
94.79,8412,8183,7971,
94.799,8409,8186,7968,
94.81,8412,8183,7978,
94.818,8414,8183,7976,
94.832,8412,8186,7968,
94.84,8409,8186,7976,
94.851,8412,8183,7971,
94.859,8406,8181,7960,
94.868,8404,8173,7958,
94.879,8387,8175,7989,
94.891,8387,8183,7996,
94.902,8393,8188,7981,
94.909,8396,8183,7978,
94.92,8396,8183,7986,
94.931,8398,8186,7981,
94.942,8393,8188,7983,
94.949,8396,8186,7989,
94.961,8396,8186,7983,
94.97,8398,8186,7981,
94.981,8398,8188,7981,
94.989,8393,8188,7983,
95,8396,8186,7986,
95.009,8396,8186,7983,
95.02,8393,8186,7983,
95.029,8393,8188,7989,
95.042,8393,8188,7981,
95.051,8396,8186,7991,
95.06,8390,8181,7976,
95.069,8379,8165,7976,
95.08,8366,8181,8004,
95.091,8372,8183,7999,
95.099,8382,8183,7994,
95.108,8382,8186,7999,
95.119,8379,8186,7994,
95.132,8379,8186,7996,
95.14,8385,8191,7996,
95.15,8379,8186,7994,
95.159,8379,8191,7996,
95.169,8385,8186,7996,
95.181,8385,8186,7999,
95.191,8382,8188,7999,
95.2,8385,8188,8004,
95.212,8377,8191,7996,
95.218,8382,8186,7996,
95.231,8382,8188,7996,
95.239,8372,8188,7996,
95.251,8382,8193,7994,
95.26,8372,8181,7989,
95.271,8366,8150,7989,
95.28,8364,8186,8013,
95.289,8356,8178,8024,
95.299,8358,8188,8008,
95.311,8361,8188,8008,
95.319,8361,8186,8013,
95.33,8366,8193,8010,
95.339,8361,8188,8004,
95.351,8358,8191,8015,
95.36,8356,8188,8008,
95.369,8356,8191,8015,
95.38,8353,8191,8015,
95.392,8347,8191,8021,
95.399,8347,8193,8027,
95.408,8337,8188,8029,
95.419,8331,8193,8037,
95.43,8323,8204,8045,
95.44,8315,8193,8055,
95.45,8296,8199,8057,
95.459,8283,8183,8068,
95.469,8254,8175,8103,
95.479,8252,8186,8111,
95.49,8265,8188,8126,
95.499,8246,8204,8100,
95.51,8252,8196,8113,
95.519,8241,8201,8116,
95.53,8238,8199,8126,
95.538,8233,8201,8131,
95.548,8217,8204,8126,
95.559,8222,8204,8147,
95.571,8206,8212,8136,
95.58,8200,8206,8152,
95.589,8192,8209,8149,
95.6,8185,8212,8161,
95.609,8179,8204,8163,
95.621,8171,8206,8161,
95.629,8150,8212,8157,
95.638,8152,8201,8182,
95.649,8152,8209,8182,
95.66,8139,8199,8182,
95.67,8092,8153,8246,
95.678,8050,8204,8314,
95.687,8092,8193,8228,
95.699,8097,8206,8216,
95.711,8122,8199,8218,
95.719,8114,8199,8223,
95.73,8103,8214,8210,
95.74,8097,8206,8223,
95.75,8112,8219,8210,
95.76,8085,8219,8216,
95.768,8103,8214,8228,
95.778,8109,8224,8226,
95.791,8103,8206,8226,
95.798,8101,8239,8200,
95.81,8106,8209,8208,
95.821,8106,8224,8213,
95.831,8101,8224,8216,
95.839,8106,8199,8210,
95.85,8106,8206,8218,
95.86,8083,8178,8251,
95.868,7980,8206,8350,
95.878,8026,8212,8309,
95.888,8045,8217,8274,
95.9,8088,8217,8235,
95.909,8083,8209,8218,
95.918,8083,8224,8221,
95.93,8085,8201,8226,
95.937,8112,8214,8231,
95.952,8077,8212,8216,
95.958,8106,8219,8218,
95.971,8103,8219,8213,
95.978,8097,8209,8216,
95.987,8097,8224,8200,
96,8097,8219,8200,
96.006,8122,8196,8205,
96.02,8120,8199,8192,
96.029,8117,8217,8190,
96.038,8125,8219,8190,
96.049,8131,8206,8187,
96.057,8094,8196,8213,
96.07,8018,8196,8316,
96.077,8064,8209,8279,
96.089,8103,8217,8221,
96.098,8133,8217,8190,
96.128,8133,8199,8190,
96.133,8131,8212,8200,
96.134,8147,8193,8198,
96.137,8141,8209,8180,
96.147,8147,8217,8177,
96.159,8166,8214,8185,
96.168,8147,8209,8167,
96.18,8160,8214,8172,
96.189,8152,8206,8174,
96.197,8150,8204,8163,
96.21,8160,8219,8167,
96.218,8155,8204,8157,
96.229,8155,8214,8172,
96.239,8166,8204,8167,
96.249,8168,8206,8161,
96.258,8158,8191,8182,
96.267,8128,8165,8205,
96.279,8117,8191,8272,
96.29,8166,8206,8172,
96.298,8185,8209,8154,
96.309,8174,8209,8163,
96.32,8166,8209,8152,
96.328,8171,8204,8144,
96.339,8192,8209,8167,
96.348,8179,8209,8161,
96.36,8192,8206,8147,
96.37,8177,8212,8134,
96.376,8182,8212,8144,
96.388,8198,8217,8149,
96.398,8198,8214,8126,
96.413,8198,8204,8136,
96.421,8185,8212,8131,
96.427,8198,8217,8129,
96.437,8200,8204,8126,
96.446,8225,8217,8136,
96.457,8206,8193,8144,
96.469,8163,8168,8174,
96.479,8195,8191,8174,
96.489,8214,8193,8142,
96.499,8233,8199,8126,
96.508,8238,8204,8118,
96.518,8241,8204,8111,
96.53,8260,8206,8093,
96.539,8283,8199,8078,
96.548,8285,8206,8075,
96.558,8310,8206,8057,
96.567,8315,8199,8047,
96.578,8334,8201,8024,
96.59,8345,8201,8013,
96.598,8377,8196,8001,
96.608,8393,8196,7983,
96.616,8406,8193,7971,
96.627,8428,8191,7946,
96.637,8436,8191,7946,
96.648,8452,8188,7934,
96.658,8458,8183,7907,
96.667,8473,8155,7891,
96.677,8461,8178,7922,
96.689,8471,8186,7922,
96.698,8476,8178,7912,
96.706,8481,8178,7909,
96.719,8481,8183,7907,
96.727,8484,8178,7907,
96.737,8490,8178,7907,
96.748,8490,8181,7902,
96.756,8487,8175,7904,
96.767,8490,8178,7897,
96.779,8490,8181,7886,
96.787,8495,8175,7897,
96.799,8490,8175,7897,
96.808,8495,8173,7902,
96.819,8487,8181,7899,
96.828,8498,8175,7897,
96.837,8495,8173,7907,
96.85,8500,8178,7891,
96.859,8517,8175,7862,
96.867,8525,8165,7833,
96.878,8490,8178,7886,
96.888,8490,8173,7891,
96.897,8490,8173,7899,
96.909,8492,8181,7902,
96.917,8498,8181,7891,
96.929,8492,8178,7891,
96.94,8490,8178,7899,
96.948,8492,8181,7899,
96.957,8492,8175,7899,
96.966,8492,8178,7894,
96.976,8495,8178,7897,
96.989,8495,8175,7891,
96.996,8498,8181,7899,
97.009,8492,8181,7894,
97.018,8495,8178,7897,
97.028,8500,8178,7886,
97.037,8495,8175,7909,
97.047,8503,8173,7889,
97.056,8522,8168,7854,
97.069,8522,8170,7830,
97.078,8500,8173,7872,
97.086,8484,8175,7907,
97.098,8487,8178,7902,
97.109,8490,8175,7897,
97.118,8490,8175,7902,
97.127,8492,8175,7897,
97.136,8492,8178,7894,
97.149,8492,8173,7897,
97.157,8487,8181,7889,
97.166,8492,8178,7899,
97.176,8498,8178,7889,
97.189,8498,8178,7899,
97.199,8500,8175,7891,
97.207,8495,8175,7897,
97.217,8495,8173,7886,
97.226,8500,8168,7897,
97.237,8498,8175,7894,
97.246,8495,8178,7886,
97.258,8509,8178,7865,
97.289,8525,8170,7838,
97.29,8514,8186,7891,
97.291,8479,8175,7922,
97.296,8484,8175,7912,
97.309,8484,8175,7917,
97.315,8481,8175,7909,
97.328,8476,8175,7904,
97.335,8479,8175,7915,
97.347,8481,8178,7909,
97.356,8476,8178,7907,
97.369,8481,8178,7912,
97.377,8476,8175,7915,
97.388,8481,8173,7917,
97.396,8479,8178,7907,
97.408,8481,8178,7912,
97.417,8476,8181,7907,
97.427,8476,8178,7920,
97.435,8471,8181,7909,
97.448,8479,8178,7917,
97.458,8487,8178,7894,
97.466,8495,8173,7860,
97.477,8458,8178,7920,
97.488,8455,8181,7939,
97.495,8455,8181,7925,
97.504,8455,8178,7925,
97.515,8458,8178,7925,
97.527,8461,8178,7920,
97.538,8461,8181,7925,
97.545,8461,8178,7925,
97.559,8463,8181,7920,
97.566,8468,8181,7925,
97.577,8463,8178,7931,
97.588,8461,8183,7925,
97.597,8461,8178,7920,
97.606,8458,8178,7931,
97.618,8463,8181,7925,
97.628,8463,8178,7927,
97.636,8471,8183,7917,
97.648,8463,8181,7917,
97.656,8471,8175,7912,
97.667,8479,8165,7879,
97.676,8447,8178,7934,
97.687,8444,8175,7950,
97.696,8439,8181,7939,
97.706,8447,8178,7936,
97.718,8447,8178,7936,
97.726,8452,8178,7927,
97.737,8444,8183,7939,
97.748,8444,8183,7939,
97.758,8444,8181,7944,
97.767,8447,8181,7934,
97.779,8447,8181,7941,
97.785,8447,8181,7939,
97.798,8442,8183,7944,
97.807,8442,8183,7941,
97.818,8442,8181,7936,
97.826,8439,8178,7941,
97.835,8442,8186,7946,
97.847,8450,8183,7944,
97.858,8447,8173,7934,
97.866,8450,8161,7909,
97.877,8428,8173,7953,
97.888,8420,8178,7958,
97.896,8425,8178,7958,
97.906,8425,8183,7960,
97.918,8423,8181,7955,
97.925,8425,8183,7955,
97.937,8423,8181,7960,
97.947,8425,8181,7958,
97.958,8420,8181,7958,
97.967,8425,8186,7963,
97.977,8423,8181,7963,
97.985,8425,8183,7963,
97.997,8423,8186,7963,
98.007,8417,8186,7958,
98.018,8412,8183,7971,
98.027,8414,8181,7971,
98.037,8414,8183,7976,
98.048,8414,8183,7960,
98.057,8417,8181,7953,
98.067,8409,8161,7941,
98.076,8409,8181,7958,
98.086,8393,8183,7978,
98.098,8401,8183,7983,
98.106,8404,8181,7976,
98.115,8401,8186,7976,
98.126,8404,8186,7981,
98.136,8404,8186,7976,
98.147,8404,8183,7983,
98.156,8404,8186,7973,
98.166,8406,8186,7973,
98.176,8404,8186,7976,
98.185,8401,8186,7978,
98.198,8404,8183,7983,
98.207,8401,8188,7978,
98.218,8398,8183,7981,
98.224,8401,8183,7981,
98.235,8398,8191,7978,
98.246,8404,8188,7981,
98.256,8404,8183,7963,
98.266,8387,8155,7963,
98.277,8377,8186,7994,
98.285,8385,8183,7996,
98.296,8382,8186,7989,
98.307,8390,8186,7991,
98.314,8390,8186,7994,
98.326,8387,8188,7989,
98.336,8387,8186,7986,
98.345,8390,8186,7986,
98.354,8390,8186,7991,
98.365,8387,8186,7991,
98.376,8387,8188,7991,
98.386,8387,8188,7989,
98.395,8387,8191,7991,
98.406,8387,8188,7996,
98.414,8385,8188,7994,
98.426,8385,8188,7999,
98.437,8382,8188,7999,
98.447,8379,8191,7996,
98.455,8372,8181,7991,
98.467,8358,8165,7996,
98.476,8342,8181,8021,
98.486,8353,8186,8024,
98.497,8361,8186,8018,
98.505,8358,8188,8013,
98.515,8353,8188,8024,
98.526,8347,8188,8021,
98.534,8345,8193,8024,
98.546,8339,8193,8034,
98.555,8334,8193,8039,
98.566,8326,8188,8039,
98.576,8318,8196,8050,
98.584,8315,8191,8057,
98.598,8307,8193,8057,
98.604,8299,8196,8070,
98.619,8291,8201,8073,
98.626,8283,8196,8075,
98.637,8273,8204,8080,
98.646,8268,8196,8093,
98.654,8254,8196,8108,
98.664,8217,8183,8134,
98.678,8225,8193,8136,
98.685,8227,8191,8139,
98.695,8219,8204,8131,
98.705,8217,8209,8139,
98.716,8198,8209,8134,
98.725,8203,8212,8149,
98.736,8203,8201,8154,
98.744,8188,8209,8147,
98.757,8174,8201,8144,
98.768,8177,8217,8161,
98.774,8177,8204,8154,
98.785,8166,8206,8169,
98.795,8171,8214,8172,
98.805,8152,8219,8169,
98.815,8158,8201,8172,
98.823,8144,8209,8172,
98.834,8158,8209,8187,
98.845,8150,8212,8187,
98.855,8152,8183,8182,
98.864,8074,8193,8264,
98.874,8074,8212,8279,
98.884,8092,8227,8228,
98.895,8112,8224,8213,
98.905,8114,8214,8198,
98.914,8117,8206,8213,
98.925,8106,8212,8223,
98.934,8103,8212,8210,
98.944,8106,8217,8216,
98.957,8109,8214,8205,
98.966,8109,8237,8221,
98.976,8114,8214,8213,
98.985,8103,8219,8228,
98.995,8101,8222,8223,
99.005,8122,8214,8228,
99.016,8122,8224,8218,
99.025,8106,8217,8221,
99.034,8097,8219,8210,
99.044,8109,8232,8218,
99.054,8047,8183,8274,
99.066,7956,8193,8373,
99.076,8000,8214,8329,
99.085,8053,8217,8279,
99.094,8074,8209,8248,
99.106,8094,8217,8221,
99.115,8106,8206,8226,
99.123,8094,8209,8213,
99.135,8106,8217,8218,
99.146,8114,8230,8210,
99.154,8128,8206,8210,
99.165,8120,8217,8200,
99.174,8136,8209,8200,
99.186,8150,8214,8200,
99.196,8128,8224,8187,
99.202,8139,8199,8185,
99.216,8152,8206,8182,
99.225,8152,8219,8172,
99.236,8144,8219,8182,
99.246,8144,8212,8172,
99.254,8136,8209,8185,
99.264,8061,8168,8269,
99.277,8045,8212,8292,
99.286,8106,8222,8221,
99.293,8128,8212,8200,
99.304,8155,8214,8180,
99.316,8147,8214,8185,
99.325,8147,8206,8163,
99.336,8155,8196,8174,
99.344,8166,8224,8167,
99.353,8152,8212,8172,
99.364,8179,8206,8172,
99.375,8163,8214,8161,
99.384,8166,8209,8167,
99.394,8168,8209,8154,
99.405,8168,8212,8154,
99.414,8171,8217,8154,
99.425,8174,8219,8144,
99.434,8188,8217,8152,
99.445,8192,8212,8149,
99.454,8179,8170,8154,
99.464,8147,8186,8190,
99.473,8177,8191,8167,
99.484,8206,8204,8157,
99.497,8200,8204,8139,
99.519,8214,8204,8126,
99.521,8222,8201,8134,
99.523,8233,8206,8106,
99.534,8254,8204,8108,
99.545,8263,8204,8093,
99.553,8285,8199,8089,
99.564,8299,8204,8062,
99.575,8320,8204,8039,
99.585,8345,8196,8021,
99.595,8366,8196,7994,
99.604,8404,8196,7973,
99.612,8431,8191,7950,
99.625,8455,8191,7934,
99.636,8476,8193,7920,
99.642,8490,8188,7902,
99.655,8509,8175,7879,
99.665,8527,8170,7841,
99.673,8514,8178,7872,
99.682,8509,8173,7889,
99.694,8517,8183,7879,
99.703,8517,8178,7875,
99.714,8525,8175,7872,
99.724,8522,8178,7870,
99.734,8527,8175,7867,
99.745,8530,8175,7867,
99.754,8525,8178,7867,
99.763,8525,8178,7862,
99.773,8530,8170,7867,
99.784,8530,8173,7862,
99.796,8530,8173,7867,
99.802,8522,8178,7857,
99.813,8522,8173,7865,
99.823,8525,8168,7879,
99.834,8522,8173,7875,
99.842,8525,8173,7872,
99.854,8533,8178,7852,
99.864,8558,8159,7805,
99.873,8578,8188,7862,
99.886,8506,8173,7886,
99.894,8498,8175,7884,
99.904,8506,8175,7894,
99.915,8509,8175,7879,
99.925,8509,8175,7886,
99.934,8509,8170,7886,
99.942,8503,8178,7886,
99.955,8506,8168,7891,
99.963,8506,8175,7891,
99.973,8498,8178,7891,
99.983,8498,8175,7886,
99.996,8500,8175,7894,
100.002,8498,8175,7889,
100.015,8498,8175,7904,
100.023,8498,8173,7891,
100.035,8498,8175,7899,
100.043,8500,8173,7894,
100.055,8511,8173,7872,
100.063,8525,8170,7841,
100.073,8484,8173,7899,
100.084,8479,8175,7915,
100.095,8481,8175,7907,
100.101,8484,8181,7904,
100.111,8481,8178,7907,
100.122,8484,8175,7907,
100.134,8487,8175,7907,
100.143,8484,8178,7909,
100.152,8481,8175,7907,
100.164,8484,8175,7904,
100.175,8481,8175,7909,
100.187,8481,8178,7902,
100.191,8484,8178,7904,
100.205,8487,8178,7915,
100.212,8481,8175,7899,
100.222,8479,8178,7909,
100.232,8481,8178,7909,
100.242,8484,8178,7912,
100.254,8490,8175,7889,
100.264,8506,8168,7854,
100.272,8487,8178,7875,
100.282,8461,8175,7927,
100.294,8461,8178,7922,
100.304,8471,8175,7915,
100.31,8468,8181,7920,
100.324,8461,8175,7925,
100.333,8471,8181,7912,
100.342,8471,8175,7920,
100.354,8468,8175,7927,
100.362,8468,8181,7920,
100.373,8461,8178,7925,
100.384,8458,8183,7917,
100.393,8461,8178,7931,
100.402,8461,8175,7927,
100.414,8463,8175,7925,
100.424,8458,8178,7931,
100.434,8458,8181,7927,
100.44,8461,8178,7927,
100.453,8476,8175,7899,
100.462,8476,8170,7881,
100.474,8461,8181,7912,
100.48,8439,8181,7958,
100.493,8439,8175,7941,
100.501,8444,8175,7936,
100.514,8442,8181,7936,
100.523,8444,8178,7936,
100.534,8444,8178,7941,
100.543,8442,8175,7946,
100.553,8442,8183,7946,
100.568,8442,8181,7944,
100.572,8442,8181,7946,
100.585,8439,8181,7941,
100.592,8436,8183,7941,
100.601,8439,8181,7944,
100.614,8442,8178,7950,
100.623,8436,8186,7950,
100.634,8433,8183,7944,
100.644,8436,8183,7950,
100.652,8442,8175,7939,
100.661,8442,8161,7915,
100.674,8414,8178,7960,
100.683,8414,8181,7973,
100.694,8423,8178,7963,
100.702,8420,8183,7965,
100.711,8423,8183,7963,
100.722,8423,8183,7963,
100.734,8420,8183,7960,
100.74,8423,8183,7960,
100.753,8423,8186,7958,
100.763,8420,8181,7963,
100.773,8420,8183,7963,
100.783,8423,8186,7963,
100.795,8420,8186,7960,
100.804,8423,8181,7963,
100.813,8417,8183,7960,
100.822,8417,8186,7958,
100.831,8414,8186,7963,
100.843,8417,8186,7968,
100.851,8414,8181,7950,
100.862,8417,8165,7944,
100.872,8398,8175,7971,
100.883,8393,8186,7989,
100.891,8401,8181,7978,
100.903,8404,8186,7973,
100.914,8398,8186,7976,
100.921,8404,8183,7983,
100.932,8404,8183,7978,
100.941,8401,8186,7978,
100.952,8404,8186,7978,
100.963,8398,8186,7978,
100.971,8398,8188,7973,
100.984,8404,8186,7978,
100.992,8396,8183,7981,
101.004,8398,8188,7978,
101.012,8401,8188,7978,
101.023,8401,8186,7986,
101.033,8401,8186,7983,
101.041,8401,8188,7978,
101.05,8398,8186,7973,
101.064,8393,8132,7968,
101.073,8379,8175,7994,
101.081,8385,8181,7991,
101.091,8387,8183,7983,
101.102,8390,8186,7989,
101.112,8387,8186,7986,
101.121,8390,8191,7981,
101.131,8387,8186,7989,
101.142,8390,8186,7986,
101.153,8390,8188,7986,
101.162,8393,8183,7996,
101.172,8390,8186,7989,
101.183,8387,8191,7986,
101.194,8385,8186,7994,
101.203,8390,8191,7996,
101.209,8385,8191,7989,
101.22,8385,8191,7994,
101.233,8385,8191,7996,
101.242,8377,8188,7996,
101.251,8369,8186,7996,
101.262,8358,8165,8001,
101.27,8350,8188,8027,
101.281,8342,8181,8034,
101.292,8345,8186,8027,
101.301,8339,8188,8032,
101.31,8339,8196,8039,
101.323,8326,8196,8042,
101.334,8320,8196,8042,
101.341,8312,8193,8050,
101.353,8301,8193,8055,
101.361,8299,8196,8060,
101.372,8296,8199,8073,
101.383,8283,8201,8068,
101.391,8273,8201,8075,
101.401,8263,8199,8089,
101.412,8265,8204,8095,
101.42,8254,8204,8098,
101.43,8254,8204,8100,
101.442,8235,8206,8106,
101.451,8217,8150,8129,
101.463,8174,8181,8169,
101.472,8198,8188,8174,
101.483,8200,8204,8161,
101.493,8192,8204,8147,
101.501,8195,8204,8161,
101.509,8195,8199,8161,
101.522,8171,8206,8161,
101.531,8174,8206,8154,
101.542,8177,8206,8154,
101.551,8179,8206,8152,
101.56,8158,8212,8169,
101.573,8160,8219,8149,
101.584,8168,8204,8174,
101.59,8152,8209,8163,
101.601,8155,8217,8169,
101.612,8160,8217,8177,
101.623,8144,8209,8167,
101.633,8163,8217,8185,
101.643,8155,8224,8182,
101.653,8141,8183,8187,
101.663,8077,8186,8264,
101.673,8042,8209,8282,
101.681,8080,8209,8254,
101.689,8106,8224,8223,
101.72,8101,8199,8210,
101.722,8097,8214,8218,
101.722,8114,8214,8210,
101.732,8106,8222,8216,
101.742,8103,8232,8203,
101.75,8112,8227,8210,
101.761,8112,8222,8200,
101.771,8101,8214,8210,
101.783,8120,8219,8213,
101.791,8128,8217,8203,
101.803,8128,8206,8208,
101.809,8114,8217,8205,
101.822,8117,8219,8200,
101.831,8103,8219,8210,
101.842,8122,8222,8213,
101.851,8072,8188,8243,
101.862,7967,8193,8357,
101.871,8028,8209,8314,
101.881,8066,8209,8259,
101.892,8094,8212,8216,
101.901,8094,8201,8213,
101.912,8101,8222,8205,
101.922,8092,8212,8210,
101.932,8114,8219,8203,
101.941,8128,8212,8198,
101.952,8136,8201,8174,
101.961,8120,8214,8167,
101.971,8144,8222,8180,
101.98,8141,8217,8174,
101.993,8136,8206,8174,
102.001,8158,8222,8180,
102.01,8150,8209,8172,
102.021,8141,8212,8185,
102.03,8155,8206,8182,
102.039,8141,8219,8172,
102.051,8131,8183,8182,
102.061,8094,8173,8246,
102.071,8112,8193,8226,
102.08,8141,8206,8208,
102.09,8160,8219,8167,
102.101,8158,8199,8177,
102.11,8163,8212,8172,
102.119,8158,8219,8172,
102.131,8174,8206,8180,
102.143,8171,8214,8180,
102.149,8177,8217,8163,
102.162,8171,8222,8152,
102.171,8177,8212,8169,
102.18,8174,8212,8157,
102.189,8177,8219,8157,
102.2,8179,8214,8144,
102.211,8174,8209,8136,
102.219,8185,8204,8154,
102.23,8198,8206,8139,
102.242,8192,8219,8136,
102.248,8188,8165,8163,
102.261,8155,8186,8192,
102.27,8185,8193,8174,
102.279,8195,8201,8147,
102.292,8203,8209,8139,
102.3,8214,8201,8142,
102.311,8225,8206,8139,
102.319,8225,8206,8124,
102.331,8241,8206,8118,
102.34,8246,8209,8100,
102.349,8263,8204,8103,
102.36,8283,8209,8089,
102.371,8288,8212,8068,
102.38,8304,8206,8062,
102.389,8323,8199,8050,
102.401,8337,8206,8029,
102.411,8342,8199,8018,
102.419,8364,8201,8010,
102.433,8385,8193,7994,
102.44,8401,8199,7978,
102.45,8404,8196,7965,
102.461,8404,8142,7955,
102.469,8401,8183,7973,
102.482,8412,8183,7968,
102.489,8423,8183,7958,
102.501,8433,8183,7953,
102.511,8439,8186,7946,
102.521,8442,8186,7941,
102.528,8447,8183,7936,
102.539,8452,8186,7939,
102.551,8461,8183,7927,
102.56,8463,8181,7927,
102.569,8463,8181,7920,
102.58,8471,8181,7920,
102.589,8479,8183,7915,
102.6,8481,8181,7912,
102.61,8479,8178,7909,
102.62,8487,8183,7912,
102.63,8484,8181,7902,
102.641,8490,8181,7899,
102.65,8500,8178,7884,
102.66,8511,8170,7848,
102.671,8476,8175,7894,
102.682,8476,8175,7917,
102.69,8479,8178,7909,
102.698,8481,8175,7915,
102.711,8484,8175,7902,
102.719,8487,8178,7904,
102.731,8492,8178,7894,
102.74,8492,8175,7899,
102.75,8495,8178,7899,
102.76,8495,8175,7894,
102.771,8500,8178,7889,
102.78,8492,8181,7897,
102.79,8503,8175,7897,
102.8,8495,8178,7897,
102.811,8495,8175,7899,
102.818,8498,8175,7894,
102.83,8498,8175,7902,
102.839,8506,8175,7886,
102.85,8522,8170,7857,
102.86,8527,8175,7825,
102.868,8503,8178,7881,
102.881,8490,8175,7907,
102.889,8490,8178,7902,
102.898,8492,8178,7899,
102.911,8492,8178,7897,
102.919,8495,8175,7897,
102.932,8500,8173,7897,
102.94,8498,8170,7894,
102.951,8490,8175,7897,
102.964,8498,8181,7894,
102.967,8492,8175,7897,
102.98,8495,8175,7904,
102.991,8495,8175,7897,
103.001,8487,8175,7902,
103.01,8492,8175,7899,
103.02,8490,8183,7894,
103.031,8484,8181,7899,
103.04,8487,8178,7897,
103.048,8500,8168,7875,
103.058,8506,8168,7843,
103.068,8495,8173,7862,
103.08,8461,8178,7915,
103.089,8471,8178,7912,
103.1,8473,8178,7907,
103.109,8473,8181,7912,
103.12,8471,8178,7917,
103.13,8476,8178,7912,
103.139,8476,8178,7909,
103.148,8479,8175,7915,
103.16,8479,8181,7922,
103.17,8479,8178,7917,
103.181,8484,8178,7912,
103.189,8481,8178,7915,
103.201,8476,8181,7912,
103.211,8473,8178,7915,
103.217,8479,8178,7912,
103.232,8479,8175,7917,
103.239,8476,8178,7917,
103.248,8490,8173,7894,
103.26,8492,8168,7865,
103.271,8458,8181,7904,
103.279,8444,8175,7936,
103.289,8452,8175,7927,
103.3,8461,8178,7925,
103.307,8458,8178,7925,
103.319,8455,8178,7925,
103.328,8458,8181,7934,
103.341,8458,8181,7920,
103.347,8461,8178,7931,
103.359,8455,8181,7925,
103.37,8463,8175,7925,
103.379,8455,8178,7925,
103.39,8458,8181,7927,
103.399,8458,8175,7931,
103.411,8458,8181,7934,
103.42,8452,8178,7936,
103.43,8452,8181,7925,
103.439,8452,8183,7927,
103.449,8458,8173,7904,
103.459,8461,8161,7897,
103.47,8436,8178,7941,
103.479,8431,8170,7955,
103.49,8433,8175,7953,
103.499,8439,8181,7944,
103.508,8436,8181,7953,
103.52,8436,8181,7950,
103.528,8439,8181,7953,
103.539,8439,8181,7950,
103.551,8444,8181,7955,
103.558,8439,8181,7950,
103.568,8439,8181,7939,
103.581,8442,8181,7953,
103.59,8436,8181,7953,
103.599,8436,8181,7950,
103.607,8442,8178,7953,
103.62,8436,8183,7960,
103.629,8433,8181,7950,
103.64,8439,8183,7955,
103.648,8439,8178,7944,
103.657,8436,8168,7922,
103.67,8417,8183,7953,
103.679,8420,8183,7973,
103.69,8420,8183,7958,
103.699,8423,8178,7960,
103.71,8423,8183,7960,
103.717,8425,8183,7965,
103.728,8423,8181,7965,
103.74,8423,8186,7953,
103.748,8420,8186,7960,
103.758,8420,8181,7958,
103.768,8423,8183,7965,
103.778,8420,8181,7965,
103.788,8420,8183,7963,
103.799,8417,8186,7965,
103.807,8417,8186,7965,
103.82,8417,8183,7965,
103.828,8414,8183,7971,
103.841,8420,8183,7965,
103.85,8417,8186,7953,
103.86,8414,8178,7944,
103.868,8396,8175,7973,
103.88,8401,8183,7989,
103.889,8401,8183,7978,
103.899,8401,8186,7983,
103.909,8398,8186,7983,
103.92,8396,8186,7981,
103.929,8398,8183,7983,
103.939,8393,8188,7983,
103.948,8398,8186,7973,
103.962,8401,8186,7978,
103.97,8401,8186,7983,
103.976,8401,8188,7983,
103.988,8398,8186,7968,
103.997,8401,8186,7978,
104.011,8396,8186,7983,
104.02,8401,8188,7981,
104.028,8401,8191,7978,
104.039,8398,8188,7978,
104.049,8398,8178,7971,
104.057,8382,8168,7968,
104.069,8366,8178,8008,
104.079,8372,8188,7996,
104.089,8379,8186,7986,
104.098,8382,8188,7989,
104.108,8382,8183,7996,
104.119,8385,8188,7999,
104.127,8382,8186,7991,
104.138,8387,8188,7989,
104.149,8385,8186,7996,
104.156,8385,8191,7991,
104.168,8385,8188,7996,
104.177,8385,8188,7999,
104.19,8379,8186,7999,
104.197,8379,8186,7996,
104.208,8377,8188,7999,
104.22,8369,8188,7999,
104.23,8366,8191,8001,
104.236,8364,8188,8004,
104.248,8356,8178,8004,
104.257,8337,8165,8021,
104.27,8326,8188,8034,
104.28,8323,8181,8057,
104.287,8326,8193,8037,
104.297,8315,8188,8050,
104.309,8307,8193,8057,
104.317,8299,8196,8062,
104.33,8288,8204,8065,
104.339,8288,8196,8075,
104.348,8276,8193,8078,
104.357,8276,8206,8083,
104.368,8271,8199,8100,
104.377,8254,8206,8095,
104.387,8246,8206,8103,
104.399,8249,8206,8108,
104.409,8238,8196,8106,
104.416,8244,8201,8116,
104.426,8233,8204,8121,
104.439,8227,8201,8139,
104.446,8206,8161,8147,
104.458,8160,8199,8185,
104.469,8182,8199,8163,
104.477,8188,8201,8157,
104.489,8185,8217,8149,
104.498,8182,8209,8161,
104.509,8177,8209,8154,
104.517,8174,8204,8157,
104.528,8174,8206,8167,
104.537,8174,8209,8167,
104.549,8171,8206,8163,
104.557,8150,8214,8149,
104.568,8168,8206,8174,
104.578,8155,8204,8169,
104.587,8158,8222,8167,
104.597,8152,8222,8172,
104.608,8150,8214,8174,
104.619,8150,8227,8169,
104.625,8152,8209,8182,
104.638,8147,8206,8187,
104.647,8136,8219,8190,
104.658,8080,8201,8238,
104.667,8088,8181,8254,
104.678,8141,8201,8218,
104.686,8147,8212,8185,
104.7,8160,8209,8185,
104.706,8147,8209,8177,
104.718,8163,8209,8190,
104.728,8152,8209,8180,
104.737,8150,8214,8172,
104.748,8155,8206,8174,
104.756,8160,8212,8174,
104.768,8144,8219,8157,
104.776,8150,8204,8161,
104.787,8160,8212,8180,
104.798,8182,8222,8180,
104.806,8152,8204,8167,
104.817,8155,8217,8185,
104.827,8147,8214,8172,
104.836,8141,8212,8174,
104.846,8147,8188,8192,
104.859,8097,8137,8235,
104.868,8066,8188,8282,
104.878,8114,8201,8218,
104.887,8141,8209,8182,
104.898,8141,8214,8182,
104.909,8155,8212,8180,
104.918,8158,8209,8185,
104.928,8152,8201,8177,
104.935,8152,8214,8167,
104.948,8155,8219,8167,
104.957,8163,8219,8180,
104.966,8158,8224,8169,
104.978,8155,8217,8163,
104.988,8160,8214,8157,
105.004,8166,8206,8157,
105.005,8168,8212,8172,
105.015,8171,8217,8161,
105.025,8179,8201,8161,
105.038,8171,8201,8149,
105.046,8163,8191,8174,
105.056,8133,8159,8198,
105.066,8166,8188,8174,
105.079,8168,8224,8157,
105.086,8174,8212,8169,
105.098,8185,8222,8167,
105.108,8182,8201,8163,
105.119,8171,8196,8147,
105.127,8179,8206,8152,
105.136,8192,8217,8144,
105.148,8192,8209,8142,
105.157,8192,8201,8144,
105.166,8200,8214,8144,
105.177,8192,8204,8149,
105.184,8188,8209,8134,
105.197,8206,8219,8142,
105.208,8195,8206,8126,
105.217,8222,8204,8136,
105.226,8206,8212,8134,
105.236,8225,8204,8129,
105.245,8198,8175,8147,
105.256,8166,8178,8177,
105.265,8174,8191,8157,
105.278,8208,8199,8149,
105.286,8214,8201,8136,
105.298,8219,8209,8129,
105.306,8225,8204,8136,
105.315,8233,8201,8126,
105.326,8241,8212,8124,
105.335,8233,8204,8118,
105.345,8241,8209,8098,
105.357,8241,8201,8093,
105.366,8263,8206,8111,
105.375,8257,8209,8100,
105.387,8265,8209,8100,
105.398,8283,8193,8108,
105.406,8279,8212,8087,
105.415,8283,8196,8070,
105.426,8288,8212,8068,
105.438,8304,8209,8065,
105.445,8283,8199,8068,
105.456,8265,8161,8087,
105.467,8283,8193,8087,
105.477,8296,8201,8065,
105.485,8301,8193,8055,
105.498,8315,8196,8052,
105.508,8329,8196,8047,
105.517,8329,8199,8037,
105.527,8342,8201,8032,
105.534,8347,8191,8027,
105.547,8361,8193,8010,
105.556,8372,8196,8004,
105.566,8382,8191,7989,
105.578,8393,8193,7983,
105.586,8406,8191,7978,
105.597,8417,8191,7971,
105.605,8417,8186,7965,
105.617,8423,8188,7958,
105.627,8428,8188,7944,
105.635,8442,8186,7936,
105.646,8447,8183,7920,
105.655,8447,8170,7912,
105.665,8431,8178,7944,
105.676,8428,8183,7950,
105.686,8450,8183,7939,
105.695,8450,8181,7934,
105.705,8461,8178,7927,
105.714,8461,8178,7917,
105.725,8463,8178,7920,
105.735,8473,8178,7912,
105.746,8473,8178,7915,
105.754,8476,8178,7909,
105.766,8484,8181,7912,
105.776,8481,8181,7904,
105.784,8481,8181,7902,
105.795,8487,8178,7904,
105.806,8487,8181,7899,
105.815,8490,8181,7899,
105.825,8495,8175,7899,
105.835,8503,8178,7889,
105.847,8517,8175,7860,
105.855,8525,8168,7830,
105.865,8509,8178,7870,
105.876,8487,8175,7912,
105.885,8481,8175,7902,
105.897,8487,8178,7899,
105.906,8487,8175,7904,
105.915,8490,8175,7904,
105.925,8492,8175,7902,
105.934,8492,8175,7897,
105.947,8487,8175,7904,
105.956,8487,8175,7907,
105.967,8490,8175,7904,
105.976,8487,8178,7902,
105.987,8492,8175,7902,
105.995,8487,8178,7904,
106.007,8490,8175,7902,
106.016,8487,8181,7899,
106.025,8490,8173,7899,
106.035,8492,8173,7897,
106.051,8503,8173,7879,
106.054,8514,8175,7846,
106.065,8484,8178,7904,
106.075,8463,8178,7920,
106.085,8479,8175,7917,
106.096,8479,8175,7912,
106.108,8479,8181,7912,
106.114,8481,8175,7915,
106.126,8479,8178,7907,
106.137,8484,8175,7912,
106.145,8479,8178,7904,
106.153,8481,8178,7907,
106.168,8484,8178,7909,
106.174,8487,8175,7902,
106.185,8481,8178,7904,
106.196,8484,8175,7909,
106.206,8487,8178,7904,
106.213,8484,8178,7902,
106.225,8484,8181,7899,
106.234,8487,8181,7907,
106.246,8495,8173,7881,
106.257,8500,8170,7854,
106.266,8471,8175,7917,
106.277,8468,8175,7920,
106.285,8463,8175,7925,
106.295,8473,8175,7920,
106.306,8463,8178,7912,
106.315,8468,8178,7915,
106.324,8473,8178,7915,
106.335,8473,8178,7915,
106.346,8473,8178,7915,
106.357,8476,8178,7922,
106.362,8473,8178,7920,
106.375,8471,8181,7917,
106.384,8476,8178,7917,
106.395,8473,8181,7917,
106.406,8471,8181,7907,
106.414,8473,8175,7917,
106.425,8471,8178,7917,
106.435,8473,8181,7917,
106.446,8481,8181,7884,
106.454,8490,8168,7872,
106.465,8458,8175,7922,
106.476,8452,8183,7934,
106.485,8450,8181,7922,
106.495,8450,8175,7934,
106.503,8455,8178,7936,
106.514,8455,8178,7936,
106.525,8452,8181,7931,
106.533,8458,8181,7927,
106.542,8455,8178,7939,
106.555,8452,8178,7927,
106.565,8450,8178,7934,
106.576,8450,8178,7936,
106.585,8450,8183,7931,
106.595,8452,8181,7934,
106.603,8450,8181,7934,
106.615,8450,8183,7941,
106.626,8450,8181,7934,
106.635,8452,8181,7934,
106.644,8458,8175,7912,
106.657,8452,8165,7894,
106.667,8444,8183,7936,
106.674,8425,8188,7944,
106.685,8428,8178,7944,
106.695,8439,8175,7955,
106.703,8433,8183,7944,
106.715,8436,8181,7955,
106.724,8436,8181,7950,
106.735,8433,8181,7955,
106.743,8431,8183,7955,
106.753,8433,8181,7953,
106.763,8433,8183,7950,
106.776,8436,8183,7953,
106.786,8433,8178,7958,
106.795,8431,8181,7953,
106.806,8433,8181,7955,
106.816,8436,8181,7955,
106.825,8436,8181,7955,
106.835,8431,8186,7950,
106.844,8436,8178,7946,
106.855,8433,8161,7934,
106.864,8404,8175,7963,
106.875,8406,8183,7978,
106.884,8414,8183,7968,
106.892,8417,8183,7971,
106.904,8414,8181,7968,
106.915,8417,8178,7971,
106.924,8414,8183,7965,
106.933,8423,8186,7960,
106.945,8414,8181,7968,
106.954,8417,8186,7963,
106.965,8420,8183,7963,
106.976,8423,8183,7963,
106.987,8417,8186,7963,
106.994,8414,8183,7958,
107.002,8420,8183,7968,
107.014,8414,8186,7965,
107.024,8420,8175,7971,
107.034,8420,8186,7958,
107.043,8417,8178,7950,
107.053,8409,8161,7944,
107.066,8409,8181,7965,
107.074,8398,8181,7978,
107.084,8401,8186,7978,
107.093,8398,8186,7973,
107.105,8404,8183,7978,
107.113,8404,8183,7973,
107.126,8404,8186,7978,
107.134,8404,8183,7976,
107.144,8404,8186,7973,
107.155,8401,8188,7971,
107.164,8406,8183,7978,
107.175,8404,8181,7978,
107.184,8404,8186,7973,
107.196,8401,8188,7976,
107.204,8404,8186,7973,
107.217,8404,8188,7978,
107.225,8404,8186,7981,
107.235,8404,8191,7978,
107.245,8401,8183,7968,
107.255,8396,8170,7968,
107.266,8379,8178,7996,
107.273,8379,8186,8008,
107.284,8393,8186,7996,
107.294,8387,8188,7986,
107.302,8393,8188,7991,
107.315,8387,8186,7991,
107.324,8390,8186,7991,
107.333,8387,8186,7994,
107.344,8387,8188,7996,
107.353,8382,8188,7994,
107.365,8382,8188,7994,
107.373,8385,8186,7994,
107.384,8382,8188,7994,
107.393,8385,8188,7996,
107.403,8377,8188,7994,
107.415,8379,8188,7991,
107.425,8379,8193,7999,
107.431,8379,8188,8004,
107.442,8366,8188,7999,
107.454,8356,8165,8008,
107.463,8342,8181,8032,
107.473,8339,8186,8027,
107.486,8345,8188,8032,
107.493,8329,8191,8037,
107.503,8323,8193,8042,
107.513,8320,8191,8050,
107.522,8307,8193,8052,
107.535,8299,8196,8062,
107.543,8288,8196,8062,
107.553,8293,8196,8080,
107.562,8283,8199,8078,
107.573,8276,8201,8083,
107.584,8271,8201,8098,
107.595,8265,8199,8095,
107.605,8257,8204,8089,
107.616,8254,8201,8098,
107.621,8244,8209,8108,
107.632,8244,8206,8113,
107.643,8217,8181,8118,
107.653,8188,8165,8169,
107.665,8192,8188,8154,
107.675,8208,8193,8157,
107.684,8211,8196,8147,
107.692,8203,8199,8157,
107.704,8200,8206,8149,
107.715,8188,8212,8157,
107.725,8195,8209,8154,
107.734,8185,8201,8154,
107.742,8179,8217,8161,
107.753,8163,8217,8167,
107.764,8182,8219,8177,
107.774,8160,8217,8177,
107.783,8160,8209,8157,
107.794,8160,8206,8180,
107.804,8163,8214,8169,
107.815,8171,8206,8174,
107.823,8160,8214,8180,
107.833,8147,8212,8172,
107.844,8155,8178,8185,
107.856,8106,8137,8231,
107.862,8077,8173,8277,
107.873,8131,8206,8223,
107.882,8147,8204,8185,
107.894,8150,8206,8177,
107.903,8155,8217,8177,
107.914,8150,8201,8177,
107.922,8158,8212,8185,
107.934,8155,8204,8182,
107.942,8177,8206,8187,
107.954,8163,8209,8187,
107.963,8141,8219,8177,
107.973,8144,8214,8163,
107.984,8152,8217,8174,
107.992,8147,8209,8169,
108.002,8152,8222,8172,
108.013,8160,8227,8163,
108.023,8177,8222,8177,
108.032,8160,8204,8172,
108.042,8152,8161,8182,
108.054,8097,8170,8228,
108.063,8114,8209,8235,
108.072,8141,8188,8192,
108.084,8150,8206,8187,
108.093,8152,8206,8172,
108.105,8158,8212,8169,
108.114,8152,8199,8172,
108.124,8152,8212,8172,
108.133,8160,8212,8174,
108.142,8171,8217,8187,
108.152,8160,8224,8177,
108.163,8152,8214,8182,
108.173,8158,8217,8172,
108.184,8166,8196,8163,
108.193,8147,8212,8161,
108.202,8168,8212,8174,
108.214,8171,8217,8152,
108.222,8152,8206,8152,
108.236,8166,8209,8154,
108.242,8160,8191,8161,
108.254,8131,8137,8213,
108.263,8139,8199,8216,
108.275,8166,8212,8177,
108.283,8195,8204,8172,
108.292,8179,8209,8169,
108.3,8166,8212,8163,
108.312,8179,8204,8172,
108.322,8166,8232,8169,
108.333,8166,8206,8152,
108.343,8174,8199,8157,
108.353,8182,8217,8154,
108.364,8200,8209,8149,
108.372,8182,8206,8149,
108.382,8185,8204,8144,
108.391,8192,8219,8144,
108.401,8203,8209,8139,
108.412,8195,8204,8149,
108.423,8208,8206,8147,
108.432,8200,8222,8139,
108.443,8211,8196,8149,
108.452,8147,8193,8182,
108.462,8179,8193,8154,
108.471,8206,8206,8144,
108.483,8208,8209,8139,
108.492,8208,8206,8131,
108.501,8211,8204,8134,
108.511,8217,8209,8121,
108.524,8227,8209,8121,
108.532,8238,8209,8113,
108.542,8238,8212,8116,
108.552,8246,8201,8108,
108.563,8246,8204,8106,
108.572,8263,8204,8103,
108.582,8271,8199,8083,
108.59,8283,8206,8073,
108.6,8288,8206,8057,
108.612,8307,8201,8060,
108.623,8320,8206,8042,
108.633,8331,8193,8027,
108.643,8345,8188,8021,
108.653,8342,8175,8013,
108.664,8358,8183,8013,
108.672,8387,8181,7989,
108.685,8401,8186,7976,
108.69,8414,8186,7971,
108.704,8425,8188,7960,
108.709,8431,8183,7953,
108.722,8442,8183,7941,
108.731,8447,8186,7931,
108.741,8461,8181,7927,
108.753,8468,8183,7922,
108.763,8476,8183,7915,
108.772,8476,8178,7909,
108.784,8487,8183,7907,
108.791,8490,8178,7904,
108.801,8495,8173,7904,
108.813,8500,8181,7894,
108.822,8500,8175,7894,
108.832,8509,8178,7884,
108.841,8517,8168,7867,
108.85,8533,8170,7828,
108.863,8498,8175,7867,
108.873,8484,8175,7899,
108.882,8495,8178,7897,
108.893,8500,8173,7894,
108.902,8492,8178,7886,
108.912,8498,8175,7894,
108.92,8498,8178,7889,
108.933,8500,8173,7891,
108.943,8498,8173,7894,
108.952,8498,8178,7894,
108.962,8498,8175,7886,
108.969,8500,8170,7891,
108.984,8503,8178,7891,
108.99,8498,8178,7894,
109.004,8500,8178,7884,
109.01,8503,8173,7894,
109.023,8509,8175,7891,
109.032,8509,8175,7891,
109.041,8517,8175,7862,
109.051,8533,8168,7825,
109.06,8530,8193,7884,
109.071,8481,8175,7904,
109.083,8481,8175,7912,
109.089,8487,8178,7904,
109.101,8487,8173,7904,
109.111,8490,8170,7902,
109.121,8490,8175,7897,
109.133,8492,8178,7897,
109.141,8492,8181,7894,
109.152,8490,8181,7899,
109.162,8490,8178,7897,
109.17,8490,8175,7899,
109.182,8487,8178,7894,
109.19,8487,8170,7907,
109.203,8487,8181,7904,
109.211,8481,8175,7915,
109.22,8484,8175,7902,
109.234,8490,8175,7897,
109.241,8495,8170,7879,
109.254,8506,8168,7852,
109.259,8471,8181,7904,
109.272,8468,8178,7917,
109.28,8468,8175,7912,
109.291,8476,8178,7912,
109.301,8473,8178,7915,
109.312,8476,8181,7917,
109.321,8473,8178,7912,
109.334,8476,8178,7917,
109.341,8479,8175,7917,
109.35,8473,8178,7907,
109.362,8479,8178,7915,
109.371,8479,8183,7912,
109.382,8473,8178,7917,
109.392,8473,8178,7915,
109.402,8473,8178,7920,
109.413,8473,8178,7920,
109.422,8471,8178,7920,
109.433,8473,8178,7920,
109.442,8476,8175,7909,
109.45,8481,8170,7875,
109.46,8442,8173,7920,
109.471,8442,8175,7944,
109.481,8450,8181,7936,
109.491,8450,8181,7941,
109.499,8447,8181,7939,
109.513,8447,8181,7934,
109.518,8450,8183,7936,
109.53,8447,8181,7934,
109.541,8444,8183,7936,
109.55,8450,8183,7939,
109.561,8444,8183,7936,
109.569,8450,8186,7934,
109.581,8447,8188,7939,
109.59,8447,8183,7934,
109.602,8442,8183,7941,
109.611,8439,8181,7934,
109.621,8444,8181,7939,
109.63,8447,8181,7941,
109.641,8452,8178,7920,
109.651,8452,8181,7902,
109.661,8425,8181,7946,
109.671,8428,8178,7960,
109.68,8428,8181,7958,
109.692,8433,8178,7955,
109.7,8433,8181,7955,
109.711,8433,8183,7950,
109.719,8436,8178,7946,
109.731,8439,8181,7950,
109.738,8439,8186,7944,
109.752,8436,8188,7946,
109.762,8433,8178,7953,
109.77,8433,8183,7946,
109.781,8436,8181,7950,
109.789,8431,8183,7950,
109.8,8431,8183,7946,
109.811,8431,8183,7953,
109.822,8428,8181,7955,
109.831,8436,8186,7944,
109.843,8439,8178,7934,
109.853,8431,8170,7920,
109.859,8412,8181,7971,
109.868,8409,8178,7971,
109.88,8412,8181,7965,
109.89,8414,8183,7968,
109.903,8417,8181,7968,
109.909,8414,8181,7963,
109.919,8423,8181,7963,
109.931,8420,8186,7955,
109.94,8420,8186,7965,
109.95,8425,8183,7971,
109.959,8414,8186,7965,
109.969,8414,8186,7971,
109.982,8412,8186,7963,
109.99,8412,8186,7973,
109.998,8412,8183,7976,
110.011,8412,8186,7968,
110.02,8406,8183,7973,
110.029,8414,8188,7965,
110.039,8412,8181,7963,
110.051,8401,8175,7955,
110.062,8401,8181,7965,
110.068,8390,8181,7991,
110.08,8398,8183,7978,
110.089,8398,8181,7981,
110.101,8396,8186,7981,
110.111,8401,8183,7981,
110.118,8401,8186,7981,
110.13,8398,8186,7973,
110.138,8396,8188,7973,
110.15,8401,8188,7981,
110.16,8398,8183,7978,
110.17,8396,8188,7976,
110.178,8401,8186,7976,
110.192,8398,8188,7976,
110.2,8401,8186,7983,
110.211,8398,8188,7981,
110.22,8401,8186,7978,
110.228,8393,8186,7983,
110.238,8398,8181,7978,
110.25,8387,8159,7978,
110.261,8364,8175,7996,
110.27,8372,8186,8004,
110.28,8382,8183,7996,
110.29,8385,8186,7991,
110.3,8379,8183,7999,
110.309,8379,8183,7994,
110.322,8385,8188,8001,
110.33,8379,8186,7991,
110.34,8390,8183,7994,
110.35,8385,8188,7989,
110.36,8385,8188,7991,
110.37,8382,8188,7996,
110.381,8382,8188,7994,
110.389,8382,8188,7996,
110.4,8382,8188,7994,
110.413,8382,8188,7996,
110.419,8382,8191,7999,
110.43,8382,8188,8001,
110.44,8369,8186,8001,
110.451,8356,8155,7994,
110.461,8337,8175,8027,
110.471,8347,8188,8032,
110.48,8350,8183,8018,
110.491,8350,8188,8024,
110.5,8337,8193,8029,
110.511,8331,8193,8032,
110.522,8326,8191,8034,
110.53,8320,8193,8042,
110.541,8318,8196,8047,
110.548,8310,8196,8055,
110.558,8307,8193,8065,
110.568,8296,8193,8068,
110.581,8296,8199,8073,
110.59,8283,8201,8073,
110.598,8285,8201,8087,
110.609,8273,8199,8078,
110.621,8268,8204,8095,
110.629,8257,8206,8087,
110.64,8249,8193,8111,
110.649,8200,8186,8139,
110.661,8200,8193,8147,
110.67,8222,8191,8144,
110.68,8219,8204,8136,
110.691,8217,8212,8139,
110.7,8214,8204,8147,
110.709,8198,8206,8139,
110.719,8198,8204,8147,
110.73,8179,8204,8147,
110.742,8198,8204,8163,
110.751,8174,8222,8154,
110.76,8188,8204,8163,
110.771,8163,8214,8161,
110.779,8168,8214,8157,
110.79,8163,8217,8163,
110.8,8163,8224,8167,
110.808,8158,8219,8169,
110.824,8158,8222,8161,
110.828,8171,8199,8174,
110.84,8158,8199,8190,
110.848,8101,8178,8228,
110.858,8114,8214,8259,
110.868,8136,8209,8203,
110.877,8141,8232,8190,
110.889,8141,8214,8182,
110.901,8163,8214,8177,
110.908,8147,8209,8185,
110.919,8147,8209,8187,
110.928,8144,8206,8182,
110.939,8136,8206,8174,
110.948,8147,8206,8177,
110.959,8133,8217,8182,
110.969,8136,8204,8185,
110.979,8141,8206,8182,
110.988,8131,8212,8185,
111,8139,8219,8195,
111.01,8136,8219,8180,
111.019,8147,8212,8187,
111.03,8144,8217,8195,
111.039,8131,8191,8185,
111.049,7970,8161,8406,
111.059,8015,8201,8321,
111.068,8083,8206,8259,
111.079,8106,8212,8208,
111.088,8128,8199,8195,
111.097,8136,8204,8203,
111.108,8141,8219,8190,
111.117,8152,8206,8190,
111.13,8150,8206,8172,
111.14,8160,8206,8174,
111.15,8158,8201,8182,
111.158,8150,8212,8174,
111.169,8155,8206,8161,
111.178,8158,8209,8167,
111.19,8160,8217,8182,
111.198,8171,8222,8167,
111.21,8158,8219,8174,
111.221,8160,8212,8177,
111.228,8152,8209,8182,
111.24,8150,8183,8182,
111.249,8114,8168,8213,
111.259,8117,8199,8200,
111.268,8155,8196,8172,
111.28,8177,8209,8187,
111.29,8160,8214,8161,
111.3,8168,8212,8172,
111.308,8166,8212,8169,
111.319,8160,8204,8157,
111.328,8182,8201,8149,
111.34,8174,8209,8154,
111.346,8200,8217,8144,
111.357,8177,8191,8144,
111.37,8198,8201,8152,
111.381,8185,8227,8134,
111.39,8192,8212,8136,
111.398,8192,8214,8134,
111.409,8179,8204,8129,
111.417,8198,8206,8139,
111.431,8206,8204,8144,
111.438,8203,8178,8142,
111.451,8160,8140,8182,
111.46,8179,8193,8163,
111.468,8206,8186,8149,
111.477,8198,8219,8126,
111.487,8222,8212,8136,
111.499,8222,8204,8129,
111.51,8227,8196,8116,
111.518,8233,8204,8111,
111.528,8241,8204,8106,
111.537,8260,8201,8103,
111.549,8276,8199,8089,
111.559,8276,8201,8075,
111.568,8283,8201,8075,
111.578,8307,8204,8060,
111.587,8326,8199,8045,
111.596,8337,8196,8034,
111.608,8358,8196,8015,
111.619,8385,8193,7994,
111.628,8406,8193,7968,
111.638,8423,8175,7944,
111.649,8425,8159,7931,
111.658,8420,8178,7950,
111.668,8439,8178,7953,
111.677,8461,8186,7927,
111.688,8471,8183,7917,
111.698,8479,8181,7907,
111.708,8484,8178,7907,
111.717,8492,8181,7894,
111.728,8500,8178,7897,
111.736,8500,8178,7886,
111.75,8500,8178,7884,
111.756,8506,8173,7889,
111.768,8511,8175,7886,
111.777,8509,8175,7884,
111.79,8509,8181,7884,
111.798,8500,8175,7891,
111.807,8503,8181,7884,
111.817,8503,8175,7886,
111.827,8509,8178,7881,
111.837,8522,8173,7862,
111.847,8530,8170,7830,
111.859,8517,8181,7862,
111.868,8484,8175,7909,
111.879,8490,8175,7897,
111.888,8492,8173,7899,
111.899,8492,8181,7894,
111.907,8495,8173,7902,
111.917,8495,8178,7886,
111.928,8495,8175,7899,
111.937,8500,8175,7899,
111.948,8500,8178,7889,
111.958,8500,8175,7897,
111.969,8500,8181,7894,
111.979,8495,8181,7894,
111.989,8500,8178,7902,
111.997,8498,8178,7889,
112.008,8492,8173,7899,
112.018,8495,8181,7894,
112.029,8495,8175,7897,
112.037,8503,8178,7870,
112.049,8517,8168,7852,
112.058,8479,8178,7902,
112.068,8468,8178,7922,
112.076,8471,8173,7907,
112.086,8479,8175,7912,
112.097,8476,8178,7907,
112.108,8476,8178,7915,
112.117,8481,8175,7915,
112.126,8479,8178,7915,
112.137,8479,8178,7915,
112.148,8481,8178,7920,
112.157,8476,8175,7909,
112.167,8481,8178,7904,
112.177,8479,8178,7907,
112.189,8479,8178,7920,
112.197,8481,8181,7912,
112.207,8481,8175,7909,
112.218,8479,8178,7912,
112.228,8481,8175,7909,
112.236,8495,8178,7886,
112.246,8498,8168,7867,
112.255,8461,8175,7915,
112.268,8458,8181,7934,
112.277,8455,8178,7920,
112.286,8463,8178,7920,
112.296,8463,8178,7920,
112.309,8461,8178,7920,
112.317,8463,8181,7925,
112.328,8468,8178,7925,
112.336,8471,8178,7917,
112.348,8468,8175,7925,
112.358,8463,8173,7925,
112.367,8461,8181,7917,
112.378,8468,8178,7920,
112.388,8463,8181,7920,
112.397,8463,8183,7915,
112.409,8463,8181,7915,
112.418,8461,8178,7922,
112.426,8471,8178,7912,
112.435,8481,8175,7894,
112.449,8481,8161,7881,
112.455,8452,8178,7931,
112.466,8442,8181,7944,
112.476,8442,8178,7941,
112.486,8442,8178,7936,
112.5,8444,8178,7939,
112.506,8444,8181,7934,
112.518,8444,8181,7922,
112.528,8447,8181,7934,
112.536,8452,8178,7936,
112.548,8442,8183,7939,
112.557,8450,8181,7939,
112.568,8442,8181,7944,
112.576,8444,8181,7936,
112.585,8439,8181,7950,
112.596,8436,8181,7950,
112.607,8442,8181,7953,
112.616,8439,8186,7950,
112.626,8439,8183,7946,
112.638,8439,8178,7931,
112.648,8447,8159,7917,
112.657,8417,8175,7955,
112.666,8404,8183,7968,
112.675,8417,8181,7960,
112.688,8423,8181,7960,
112.699,8425,8181,7963,
112.708,8423,8178,7958,
112.718,8420,8181,7958,
112.727,8425,8181,7958,
112.737,8428,8186,7960,
112.748,8428,8183,7955,
112.757,8425,8186,7953,
112.766,8431,8186,7958,
112.778,8425,8191,7958,
112.788,8423,8183,7958,
112.8,8425,8188,7965,
112.807,8425,8188,7960,
112.817,8423,8191,7958,
112.827,8428,8188,7955,
112.837,8428,8181,7946,
112.847,8417,8168,7934,
112.855,8390,8173,7971,
112.865,8396,8181,7983,
112.878,8401,8183,7976,
112.885,8409,8181,7973,
112.895,8398,8188,7976,
112.906,8406,8183,7976,
112.915,8409,8178,7976,
112.925,8409,8183,7973,
112.935,8409,8186,7973,
112.949,8406,8186,7973,
112.959,8409,8183,7973,
112.967,8412,8186,7976,
112.977,8404,8183,7968,
112.985,8404,8186,7971,
113,8406,8188,7973,
113.008,8406,8183,7981,
113.014,8404,8186,7989,
113.027,8404,8186,7981,
113.038,8401,8181,7968,
113.046,8387,8170,7965,
113.055,8372,8178,8001,
113.068,8382,8186,8004,
113.076,8390,8188,7989,
113.085,8393,8186,7989,
113.098,8390,8186,7994,
113.107,8390,8186,7991,
113.115,8393,8186,7991,
113.127,8393,8186,7989,
113.135,8390,8186,7986,
113.145,8393,8188,7986,
113.156,8396,8188,7986,
113.166,8393,8186,7986,
113.177,8393,8186,7989,
113.185,8393,8191,7978,
113.195,8390,8188,7989,
113.206,8393,8188,7986,
113.218,8393,8188,7983,
113.225,8390,8188,7986,
113.238,8396,8181,7983,
113.244,8377,8165,7968,
113.258,8369,8181,7999,
113.267,8377,8188,7994,
113.278,8387,8183,7994,
113.284,8382,8188,7989,
113.298,8379,8188,7991,
113.307,8382,8186,7994,
113.316,8382,8191,7994,
113.325,8377,8186,7989,
113.338,8382,8188,7991,
113.347,8382,8188,7994,
113.355,8382,8188,7999,
113.366,8382,8191,7994,
113.377,8385,8191,7994,
113.387,8387,8191,7996,
113.395,8385,8193,7996,
113.405,8385,8188,7999,
113.417,8382,8196,7991,
113.426,8377,8193,7999,
113.438,8369,8188,7999,
113.445,8356,8170,7991,
113.456,8347,8188,8018,
113.467,8358,8188,8015,
113.478,8356,8188,8010,
113.486,8356,8188,8015,
113.496,8353,8191,8015,
113.507,8353,8191,8015,
113.516,8350,8193,8015,
113.526,8353,8191,8021,
113.536,8350,8191,8015,
113.548,8345,8191,8024,
113.556,8342,8193,8027,
113.563,8342,8193,8034,
113.575,8331,8191,8037,
113.587,8326,8201,8042,
113.595,8326,8199,8045,
113.607,8318,8196,8050,
113.615,8312,8199,8055,
113.623,8301,8196,8062,
113.634,8285,8161,8068,
113.646,8260,8170,8087,
113.655,8260,8188,8103,
113.663,8273,8193,8106,
113.677,8273,8199,8083,
113.687,8268,8196,8089,
113.7,8265,8201,8103,
113.703,8260,8199,8103,
113.716,8249,8196,8108,
113.724,8246,8209,8111,
113.737,8249,8217,8111,
113.747,8246,8204,8108,
113.757,8238,8204,8108,
113.767,8227,8206,8121,
113.777,8222,8206,8121,
113.786,8225,8209,8116,
113.796,8222,8212,8131,
113.807,8206,8204,8129,
113.816,8200,8212,8129,
113.825,8200,8217,8142,
113.835,8192,8178,8161,
113.847,8147,8165,8195,
113.855,8163,8188,8185,
113.864,8179,8196,8157,
113.874,8171,8219,8172,
113.884,8168,8199,8163,
113.896,8174,8209,8157,
113.903,8168,8217,8161,
113.916,8171,8201,8172,
113.925,8168,8217,8180,
113.934,8179,8214,8163,
113.947,8171,8219,8177,
113.956,8168,8214,8169,
113.966,8166,8212,8161,
113.973,8141,8212,8157,
113.987,8141,8209,8190,
113.993,8158,8209,8172,
114.003,8155,8201,8174,
114.017,8155,8214,8172,
114.027,8166,8201,8174,
114.035,8136,8175,8187,
114.045,8103,8181,8223,
114.054,8106,8222,8223,
114.067,8139,8214,8185,
114.074,8158,8222,8172,
114.083,8150,8212,8180,
114.094,8160,8209,8174,
114.108,8158,8214,8177,
114.116,8150,8206,8177,
114.125,8152,8212,8172,
114.134,8147,8209,8169,
114.143,8160,8219,8169,
114.154,8152,8217,8172,
114.164,8155,8209,8187,
114.176,8163,8212,8169,
114.185,8179,8206,8174,
114.194,8163,8214,8161,
114.205,8166,8219,8167,
114.215,8163,8204,8174,
114.224,8168,8204,8167,
114.234,8158,8173,8177,
114.245,8109,8165,8210,
114.254,8114,8199,8200,
114.265,8158,8222,8174,
114.274,8163,8204,8161,
114.285,8168,8201,8167,
114.294,8160,8204,8157,
114.305,8163,8212,8163,
114.313,8174,8212,8157,
114.326,8179,8222,8167,
114.333,8174,8214,8157,
114.344,8171,8206,8161,
114.355,8195,8209,8157,
114.364,8179,8217,8161,
114.375,8179,8214,8152,
114.384,8192,8204,8167,
114.393,8185,8204,8157,
114.404,8171,8212,8149,
114.417,8185,8217,8163,
114.424,8174,8214,8142,
114.434,8174,8188,8167,
114.446,8141,8178,8192,
114.454,8174,8193,8163,
114.464,8168,8201,8161,
114.475,8192,8206,8154,
114.484,8192,8212,8161,
114.495,8198,8204,8142,
114.505,8198,8204,8142,
114.513,8206,8204,8129,
114.526,8206,8212,8147,
114.536,8214,8219,8131,
114.542,8217,8201,8139,
114.554,8211,8209,8126,
114.564,8219,8209,8129,
114.573,8222,8214,8129,
114.586,8214,8222,8113,
114.595,8235,8214,8131,
114.603,8235,8212,8126,
114.612,8238,8206,8124,
114.622,8238,8212,8118,
114.634,8230,8199,8121,
114.643,8198,8150,8163,
114.652,8200,8186,8157,
114.665,8217,8186,8129,
114.675,8238,8204,8118,
114.683,8249,8204,8108,
114.694,8246,8204,8103,
114.704,8265,8204,8095,
114.714,8263,8201,8083,
114.724,8283,8201,8078,
114.735,8301,8199,8070,
114.742,8312,8201,8047,
114.754,8329,8201,8034,
114.767,8350,8196,8018,
114.775,8372,8199,8008,
114.784,8398,8196,7986,
114.794,8409,8193,7973,
114.804,8425,8188,7960,
114.815,8439,8186,7953,
114.827,8455,8186,7936,
114.833,8463,8183,7902,
114.844,8471,8173,7881,
114.853,8461,8175,7909,
114.864,8463,8175,7936,
114.875,8476,8181,7915,
114.886,8481,8178,7909,
114.895,8481,8178,7907,
114.903,8481,8178,7902,
114.916,8498,8178,7897,
114.924,8492,8175,7897,
114.933,8500,8175,7902,
114.942,8498,8178,7899,
114.953,8500,8181,7891,
114.965,8506,8173,7891,
114.974,8509,8178,7891,
114.985,8509,8178,7881,
114.992,8503,8181,7889,
115.004,8506,8175,7889,
115.013,8503,8175,7891,
115.025,8509,8175,7886,
115.035,8527,8173,7862,
115.044,8536,8170,7828,
115.056,8511,8181,7860,
115.062,8484,8175,7899,
115.075,8490,8178,7907,
115.081,8495,8173,7899,
115.092,8487,8181,7889,
115.102,8495,8173,7897,
115.112,8492,8175,7902,
115.125,8492,8178,7897,
115.133,8492,8178,7897,
115.143,8498,8173,7899,
115.154,8492,8173,7904,
115.163,8492,8175,7897,
115.172,8495,8175,7897,
115.182,8495,8178,7902,
115.193,8495,8181,7899,
115.205,8495,8175,7897,
115.213,8495,8178,7902,
115.224,8500,8175,7894,
115.233,8511,8175,7865,
115.243,8517,8170,7843,
115.253,8484,8178,7902,
115.265,8471,8181,7904,
115.272,8476,8170,7915,
115.283,8479,8178,7909,
115.293,8479,8178,7909,
115.302,8479,8181,7909,
115.316,8479,8175,7907,
115.322,8481,8175,7907,
115.333,8481,8181,7904,
115.345,8484,8178,7902,
115.353,8481,8173,7915,
115.363,8481,8181,7909,
115.375,8481,8181,7907,
115.383,8481,8178,7904,
115.394,8481,8181,7907,
115.402,8481,8178,7915,
115.413,8479,8178,7920,
115.423,8479,8181,7907,
115.433,8484,8175,7891,
115.443,8492,8173,7862,
115.453,8452,8181,7920,
115.461,8455,8181,7936,
115.474,8447,8178,7934,
115.483,8458,8175,7922,
115.495,8450,8178,7927,
115.502,8455,8178,7927,
115.513,8450,8178,7936,
115.522,8450,8175,7936,
115.534,8455,8178,7931,
115.544,8452,8186,7931,
115.554,8452,8181,7925,
115.564,8455,8181,7934,
115.572,8452,8183,7931,
115.583,8452,8183,7931,
115.593,8452,8181,7931,
115.601,8452,8181,7936,
115.612,8452,8181,7936,
115.621,8452,8183,7927,
115.633,8458,8175,7899,
115.644,8461,8165,7897,
115.653,8439,8178,7936,
115.663,8431,8175,7939,
115.671,8433,8183,7946,
115.683,8439,8178,7950,
115.694,8433,8178,7953,
115.702,8433,8181,7946,
115.712,8439,8181,7941,
115.724,8436,8183,7946,
115.733,8433,8183,7944,
115.742,8439,8183,7953,
115.756,8436,8183,7944,
115.762,8439,8178,7939,
115.772,8436,8183,7944,
115.782,8436,8181,7946,
115.793,8433,8178,7953,
115.802,8436,8181,7946,
115.812,8431,8181,7950,
115.823,8433,8186,7946,
115.831,8442,8175,7927,
115.843,8436,8155,7917,
115.852,8436,8175,7939,
115.864,8412,8181,7958,
115.875,8414,8178,7971,
115.882,8417,8181,7965,
115.894,8420,8183,7963,
115.903,8423,8181,7958,
115.912,8420,8181,7958,
115.922,8420,8183,7960,
115.933,8417,8183,7965,
115.941,8417,8186,7963,
115.954,8423,8186,7976,
115.963,8412,8188,7963,
115.972,8417,8183,7968,
115.983,8414,8188,7960,
115.992,8417,8183,7963,
116.002,8417,8186,7965,
116.014,8414,8188,7965,
116.023,8417,8186,7971,
116.034,8414,8178,7950,
116.04,8414,8155,7950,
116.054,8385,8173,7991,
116.064,8396,8178,7994,
116.07,8401,8186,7973,
116.081,8406,8186,7981,
116.091,8401,8186,7981,
116.102,8404,8183,7978,
116.114,8401,8186,7976,
116.121,8401,8186,7976,
116.13,8401,8186,7983,
116.143,8404,8186,7981,
116.153,8406,8186,7983,
116.164,8406,8186,7978,
116.17,8406,8186,7981,
116.181,8401,8186,7983,
116.191,8398,8186,7981,
116.203,8404,8186,7978,
116.211,8398,8186,7981,
116.223,8404,8188,7981,
116.231,8398,8181,7968,
116.244,8390,8150,7973,
116.252,8366,8170,7999,
116.262,8377,8183,8008,
116.273,8385,8186,7994,
116.282,8387,8183,7986,
116.293,8385,8188,7989,
116.303,8387,8186,7989,
116.313,8385,8191,7989,
116.323,8385,8188,7983,
116.331,8387,8191,7989,
116.341,8387,8188,7989,
116.352,8387,8188,7983,
116.361,8382,8191,7986,
116.37,8385,8186,7994,
116.384,8387,8191,7991,
116.39,8393,8191,7994,
116.401,8390,8191,7991,
116.412,8390,8186,7994,
116.42,8393,8191,7994,
116.431,8390,8181,7994,
116.441,8377,8168,7983,
116.452,8366,8183,8008,
116.461,8377,8183,8013,
116.469,8385,8186,8001,
116.483,8382,8188,7996,
116.492,8379,8186,7996,
116.501,8382,8186,7996,
116.512,8382,8188,7996,
116.52,8382,8188,7999,
116.533,8377,8188,7991,
116.543,8382,8191,7999,
116.552,8382,8188,7994,
116.56,8382,8186,7996,
116.574,8377,8191,7996,
116.581,8372,8188,7999,
116.59,8372,8191,7991,
116.603,8369,8193,8004,
116.612,8369,8188,8010,
116.621,8364,8191,8004,
116.633,8353,8183,8018,
116.64,8337,8168,8021,
116.651,8320,8186,8042,
116.663,8326,8183,8042,
116.67,8318,8188,8034,
116.679,8315,8196,8045,
116.69,8307,8191,8060,
116.704,8310,8193,8060,
116.717,8301,8204,8068,
116.72,8296,8199,8065,
116.731,8288,8193,8073,
116.742,8288,8201,8083,
116.752,8283,8204,8089,
116.761,8271,8201,8080,
116.772,8257,8204,8093,
116.782,8254,8201,8095,
116.793,8257,8206,8116,
116.804,8238,8204,8106,
116.81,8241,8212,8124,
116.821,8227,8204,8126,
116.833,8203,8142,8144,
116.844,8163,8170,8177,
116.849,8185,8199,8169,
116.864,8195,8206,8163,
116.872,8185,8206,8152,
116.88,8188,8222,8154,
116.89,8171,8204,8161,
116.901,8171,8212,8152,
116.91,8179,8214,8152,
116.922,8185,8219,8174,
116.932,8166,8214,8167,
116.943,8163,8214,8167,
116.953,8163,8217,8180,
116.961,8147,8214,8157,
116.971,8166,8219,8172,
116.981,8177,8199,8172,
116.991,8155,8217,8174,
117.001,8152,8222,8180,
117.012,8147,8217,8167,
117.02,8160,8212,8174,
117.032,8139,8175,8185,
117.04,8085,8204,8246,
117.051,8055,8196,8309,
117.06,8094,8214,8231,
117.071,8120,8217,8198,
117.079,8125,8214,8195,
117.092,8141,8212,8203,
117.103,8136,8204,8169,
117.109,8147,8209,8190,
117.12,8152,8212,8187,
117.132,8158,8209,8174,
117.143,8158,8204,8180,
117.149,8152,8219,8172,
117.161,8163,8217,8174,
117.169,8144,8222,8174,
117.183,8147,8214,8177,
117.19,8163,8219,8180,
117.202,8152,8217,8180,
117.21,8155,8217,8172,
117.22,8163,8224,8187,
117.229,8139,8201,8182,
117.24,8034,8181,8309,
117.252,8072,8209,8254,
117.26,8114,8199,8203,
117.272,8136,8212,8182,
117.28,8168,8222,8174,
117.29,8150,8212,8177,
117.302,8144,8206,8172,
117.31,8155,8206,8167,
117.321,8150,8209,8167,
117.33,8155,8209,8163,
117.342,8155,8219,8172,
117.351,8163,8219,8172,
117.36,8163,8214,8169,
117.369,8152,8230,8163,
117.38,8158,8219,8167,
117.392,8160,8212,8172,
117.401,8182,8214,8169,
117.411,8160,8219,8177,
117.42,8147,8214,8169,
117.43,8144,8199,8185,
117.439,8106,8183,8216,
117.451,8088,8193,8290,
117.459,8150,8204,8187,
117.473,8174,8217,8167,
117.48,8155,8209,8174,
117.489,8158,8214,8167,
117.502,8174,8209,8154,
117.509,8163,8209,8161,
117.52,8171,8204,8161,
117.53,8171,8206,8149,
117.539,8185,8204,8163,
117.55,8192,8212,8152,
117.562,8174,8206,8142,
117.572,8188,8217,8157,
117.581,8203,8206,8157,
117.59,8174,8217,8131,
117.599,8195,8206,8144,
117.61,8188,8217,8136,
117.622,8179,8222,8144,
117.632,8182,8193,8152,
117.64,8147,8168,8182,
117.651,8182,8199,8174,
117.657,8198,8196,8142,
117.671,8203,8201,8134,
117.682,8203,8214,8142,
117.69,8214,8204,8144,
117.7,8203,8206,8136,
117.709,8217,8206,8144,
117.721,8206,8196,8129,
117.729,8214,8209,8129,
117.741,8222,8212,8126,
117.751,8214,8214,8124,
117.761,8233,8206,8126,
117.769,8233,8212,8124,
117.778,8235,8214,8106,
117.789,8249,8219,8103,
117.8,8257,8204,8100,
117.808,8271,8206,8103,
117.82,8276,8214,8083,
117.83,8276,8209,8073,
117.84,8263,8173,8089,
117.851,8283,8191,8083,
117.86,8315,8201,8055,
117.871,8329,8206,8034,
117.88,8342,8193,8029,
117.888,8366,8201,8021,
117.901,8385,8196,7991,
117.91,8398,8193,7986,
117.92,8409,8191,7976,
117.929,8423,8191,7965,
117.941,8425,8188,7955,
117.952,8433,8188,7944,
117.959,8439,8188,7934,
117.968,8450,8181,7944,
117.979,8452,8191,7925,
117.989,8458,8183,7925,
118.001,8463,8186,7920,
118.012,8461,8186,7912,
118.018,8476,8183,7912,
118.031,8479,8183,7899,
118.038,8484,8170,7879,
118.049,8452,8181,7927,
118.062,8452,8181,7931,
118.069,8471,8181,7920,
118.078,8473,8183,7915,
118.089,8481,8178,7915,
118.101,8481,8181,7904,
118.109,8481,8178,7915,
118.12,8490,8178,7902,
118.129,8481,8181,7904,
118.139,8484,8181,7902,
118.152,8490,8178,7897,
118.16,8490,8181,7902,
118.168,8490,8178,7907,
118.181,8490,8181,7902,
118.19,8490,8183,7894,
118.2,8490,8178,7907,
118.207,8495,8181,7899,
118.219,8492,8178,7894,
118.229,8509,8173,7879,
118.239,8514,8170,7843,
118.251,8481,8178,7899,
118.261,8473,8175,7912,
118.269,8481,8170,7912,
118.279,8487,8178,7904,
118.288,8484,8170,7907,
118.298,8487,8175,7902,
118.31,8490,8175,7899,
118.319,8492,8181,7899,
118.33,8490,8178,7894,
118.341,8490,8178,7894,
118.348,8500,8173,7897,
118.361,8495,8178,7894,
118.37,8490,8173,7897,
118.378,8490,8181,7894,
118.389,8492,8181,7899,
118.399,8492,8175,7897,
118.409,8490,8178,7902,
118.421,8492,8178,7902,
118.429,8506,8175,7872,
118.44,8519,8173,7828,
118.448,8487,8178,7891,
118.459,8471,8175,7917,
118.468,8476,8175,7917,
118.48,8481,8181,7902,
118.49,8481,8175,7907,
118.499,8481,8175,7907,
118.508,8481,8181,7899,
118.517,8484,8181,7907,
118.529,8481,8181,7899,
118.54,8487,8173,7907,
118.549,8481,8178,7912,
118.561,8487,8175,7904,
118.567,8487,8178,7907,
118.58,8484,8178,7902,
118.589,8490,8178,7909,
118.599,8487,8175,7912,
118.607,8481,8178,7902,
118.62,8492,8175,7899,
118.629,8498,8178,7881,
118.64,8509,8173,7854,
118.649,8484,8178,7894,
118.658,8471,8181,7922,
118.668,8476,8173,7917,
118.679,8476,8178,7920,
118.688,8481,8175,7920,
118.701,8476,8178,7915,
118.709,8481,8178,7912,
118.718,8479,8181,7912,
118.728,8481,8178,7909,
118.739,8481,8175,7904,
118.748,8481,8181,7909,
118.76,8479,8175,7915,
118.77,8479,8181,7909,
118.78,8479,8178,7907,
118.789,8479,8175,7909,
118.798,8476,8178,7912,
118.808,8476,8178,7917,
118.818,8481,8178,7907,
118.827,8490,8170,7879,
118.839,8490,8170,7870,
118.849,8473,8181,7904,
118.86,8450,8178,7939,
118.868,8452,8178,7934,
118.878,8452,8181,7925,
118.89,8455,8178,7934,
118.899,8458,8178,7925,
118.908,8450,8178,7927,
118.922,8455,8181,7927,
118.928,8450,8178,7931,
118.936,8455,8181,7925,
118.947,8455,8181,7927,
118.958,8452,8181,7925,
118.971,8455,8181,7931,
118.977,8455,8183,7927,
118.987,8452,8178,7934,
119.003,8455,8181,7934,
119.011,8452,8181,7931,
119.018,8458,8181,7934,
119.026,8458,8175,7917,
119.036,8461,8168,7897,
119.047,8431,8181,7941,
119.059,8425,8178,7963,
119.07,8431,8181,7950,
119.076,8431,8178,7950,
119.088,8436,8181,7955,
119.097,8436,8186,7946,
119.108,8431,8181,7953,
119.121,8439,8178,7950,
119.13,8431,8181,7946,
119.139,8439,8181,7950,
119.148,8436,8181,7950,
119.161,8431,8186,7958,
119.168,8428,8178,7963,
119.18,8433,8183,7950,
119.189,8431,8181,7955,
119.198,8428,8183,7955,
119.21,8425,8183,7958,
119.22,8433,8178,7955,
119.227,8431,8183,7946,
119.237,8425,8159,7925,
119.247,8406,8181,7963,
119.256,8414,8178,7976,
119.268,8409,8183,7968,
119.277,8414,8183,7963,
119.288,8414,8183,7965,
119.298,8417,8183,7968,
119.308,8414,8183,7965,
119.318,8414,8186,7963,
119.328,8417,8183,7965,
119.338,8417,8183,7965,
119.346,8414,8186,7973,
119.359,8412,8183,7971,
119.368,8412,8186,7968,
119.378,8409,8183,7971,
119.388,8409,8186,7981,
119.398,8406,8183,7973,
119.407,8406,8186,7981,
119.418,8406,8186,7968,
119.428,8406,8181,7965,
119.436,8393,8161,7955,
119.447,8372,8181,7994,
119.458,8382,8183,7996,
119.469,8396,8181,7991,
119.477,8396,8183,7986,
119.485,8390,8183,7989,
119.497,8387,8186,7983,
119.508,8390,8186,7986,
119.518,8390,8186,7983,
119.528,8398,8186,7983,
119.537,8396,8183,7983,
119.548,8401,8188,7981,
119.556,8393,8186,7981,
119.569,8398,8186,7983,
119.575,8393,8188,7983,
119.59,8393,8191,7981,
119.598,8396,8186,7986,
119.608,8401,8188,7981,
119.617,8396,8186,7976,
119.626,8396,8178,7968,
119.637,8387,8155,7976,
119.648,8364,8178,8008,
119.658,8369,8183,8004,
119.667,8377,8186,7989,
119.677,8377,8186,7994,
119.687,8382,8188,7996,
119.696,8385,8191,7991,
119.708,8377,8188,7996,
119.718,8372,8186,7994,
119.73,8382,8188,7996,
119.736,8372,8191,7996,
119.746,8372,8191,8001,
119.757,8364,8188,8001,
119.769,8364,8196,8008,
119.777,8353,8191,8021,
119.787,8347,8191,8024,
119.796,8342,8193,8027,
119.808,8339,8191,8037,
119.82,8320,8191,8045,
119.827,8307,8168,8047,
119.836,8283,8161,8065,
119.848,8271,8193,8065,
119.857,8276,8186,8078,
119.868,8279,8199,8078,
119.877,8271,8196,8087,
119.887,8263,8196,8095,
119.897,8257,8204,8108,
119.907,8241,8199,8100,
119.917,8244,8199,8121,
119.927,8230,8209,8113,
119.938,8227,8199,8131,
119.949,8233,8217,8124,
119.957,8214,8204,8131,
119.965,8211,8206,8136,
119.978,8211,8199,8147,
119.987,8192,8212,8131,
119.997,8192,8204,8144,
120.007,8179,8209,8142,
120.018,8185,8217,8157,
120.026,8158,8155,8169,
120.037,8131,8181,8200,
120.046,8117,8191,8238,
120.057,8158,8201,8182,
120.067,8166,8214,8182,
120.077,8166,8219,8174,
120.087,8152,8206,8169,
120.099,8155,8209,8172,
120.107,8168,8214,8174,
120.116,8160,8209,8177,
120.127,8171,8212,8167,
120.135,8174,8212,8185,
120.148,8166,8214,8169,
120.157,8163,8217,8180,
120.167,8150,8224,8169,
120.175,8150,8219,8167,
120.187,8150,8204,8174,
120.198,8141,8212,8177,
120.208,8158,8217,8167,
120.217,8139,8209,8177,
120.228,8147,8186,8187,
120.238,8094,8183,8238,
120.247,8101,8204,8243,
120.256,8125,8212,8198,
120.266,8136,8212,8182,
120.277,8136,8206,8182,
120.286,8136,8214,8172,
120.295,8150,8206,8177,
120.308,8152,8219,8177,
120.316,8144,8196,8177,
120.326,8150,8214,8163,
120.336,8133,8217,8187,
120.344,8141,8217,8190,
120.358,8166,8212,8174,
120.366,8139,8209,8182,
120.378,8155,8212,8169,
120.386,8158,8219,8177,
120.398,8150,8204,8172,
120.406,8166,8219,8177,
120.418,8160,8219,8174,
120.425,8139,8188,8190,
120.436,8101,8199,8223,
120.447,8074,8199,8277,
120.455,8122,8222,8195,
120.468,8155,8212,8172,
120.478,8152,8219,8177,
120.486,8160,8209,8180,
120.498,8158,8217,8180,
120.508,8152,8219,8172,
120.514,8158,8199,8163,
120.527,8168,8224,8172,
120.535,8171,8204,8157,
120.546,8163,8217,8167,
120.557,8163,8222,8167,
120.568,8171,8214,8154,
120.575,8179,8204,8163,
120.588,8177,8214,8147,
120.595,8174,8209,8167,
120.606,8185,8196,8169,
120.617,8168,8214,8154,
120.628,8152,8168,8177,
120.638,8125,8186,8216,
120.644,8139,8186,8246,
120.656,8171,8201,8187,
120.666,8179,8212,8163,
120.676,8166,8201,8157,
120.686,8166,8212,8154,
120.698,8177,8201,8154,
120.706,8179,8209,8163,
120.714,8192,8209,8163,
120.726,8177,8212,8149,
120.734,8198,8214,8152,
120.747,8195,8219,8142,
120.756,8200,8212,8152,
120.765,8198,8204,8149,
120.777,8188,8217,8142,
120.788,8208,8212,8136,
120.798,8200,8212,8147,
120.808,8208,8219,8136,
120.814,8217,8212,8142,
120.827,8188,8175,8136,
120.838,8160,8161,8177,
120.846,8177,8193,8169,
120.854,8195,8204,8142,
120.865,8211,8196,8134,
120.878,8208,8214,8126,
120.885,8222,8209,8131,
120.897,8230,8209,8126,
120.905,8230,8199,8126,
120.915,8244,8201,8121,
120.928,8252,8201,8111,
120.936,8244,8212,8093,
120.944,8263,8209,8093,
120.955,8268,8206,8095,
120.967,8276,8206,8089,
120.975,8285,8201,8080,
120.986,8288,8201,8068,
120.995,8304,8199,8068,
121.007,8310,8201,8055,
121.015,8315,8199,8039,
121.027,8312,8168,8045,
121.038,8301,8183,8057,
121.045,8315,8188,8047,
121.056,8339,8188,8034,
121.065,8356,8191,8015,
121.074,8364,8196,8008,
121.086,8369,8188,8004,
121.098,8379,8188,7996,
121.108,8396,8193,7989,
121.114,8406,8193,7976,
121.126,8409,8191,7973,
121.136,8417,8191,7963,
121.144,8423,8188,7955,
121.155,8433,8188,7953,
121.165,8436,8186,7944,
121.176,8447,8186,7939,
121.186,8450,8186,7941,
121.194,8450,8186,7939,
121.206,8455,8183,7931,
121.215,8468,8186,7920,
121.226,8473,8178,7904,
121.234,8471,8161,7894,
121.243,8447,8178,7917,
121.256,8452,8186,7915,
121.266,8455,8178,7920,
121.275,8463,8178,7927,
121.289,8471,8183,7907,
121.297,8468,8181,7920,
121.305,8476,8178,7915,
121.316,8476,8178,7917,
121.327,8484,8183,7909,
121.336,8479,8183,7902,
121.346,8479,8178,7904,
121.356,8481,8178,7912,
121.363,8481,8178,7902,
121.375,8484,8181,7915,
121.387,8481,8178,7917,
121.395,8479,8183,7909,
121.404,8481,8183,7909,
121.416,8484,8183,7902,
121.427,8492,8175,7886,
121.433,8492,8165,7865,
121.445,8476,8181,7907,
121.453,8461,8175,7927,
121.464,8458,8178,7917,
121.475,8461,8178,7925,
121.487,8471,8175,7927,
121.495,8471,8178,7922,
121.506,8479,8181,7917,
121.515,8481,8178,7912,
121.526,8473,8181,7909,
121.533,8476,8178,7909,
121.544,8473,8181,7912,
121.557,8471,8178,7915,
121.567,8473,8183,7912,
121.573,8479,8183,7912,
121.585,8476,8181,7909,
121.595,8479,8175,7915,
121.607,8479,8173,7917,
121.614,8481,8181,7907,
121.626,8487,8178,7891,
121.635,8495,8165,7860,
121.643,8468,8178,7907,
121.657,8468,8178,7936,
121.663,8468,8175,7917,
121.674,8471,8181,7920,
121.684,8476,8173,7917,
121.696,8476,8181,7917,
121.704,8476,8181,7915,
121.714,8479,8181,7909,
121.726,8479,8175,7915,
121.736,8481,8178,7912,
121.747,8484,8178,7907,
121.753,8484,8181,7909,
121.766,8481,8178,7904,
121.776,8487,8178,7907,
121.786,8492,8183,7904,
121.793,8487,8181,7902,
121.803,8492,8178,7902,
121.814,8495,8181,7897,
121.825,8511,8175,7875,
121.836,8519,8168,7833,
121.844,8481,8175,7891,
121.854,8476,8175,7915,
121.865,8479,8178,7909,
121.872,8481,8175,7909,
121.885,8476,8175,7915,
121.894,8479,8175,7909,
121.905,8481,8175,7915,
121.918,8479,8178,7912,
121.925,8476,8178,7917,
121.934,8481,8178,7912,
121.944,8476,8181,7915,
121.954,8473,8178,7922,
121.966,8476,8175,7917,
121.976,8479,8178,7912,
121.984,8476,8183,7912,
121.993,8481,8178,7904,
122.004,8479,8175,7917,
122.013,8479,8178,7907,
122.024,8492,8175,7886,
122.037,8495,8170,7865,
122.045,8463,8178,7907,
122.056,8458,8178,7936,
122.062,8455,8181,7931,
122.073,8461,8181,7915,
122.084,8463,8178,7917,
122.093,8463,8178,7920,
122.103,8468,8181,7925,
122.113,8471,8178,7922,
122.125,8468,8178,7925,
122.132,8461,8178,7920,
122.145,8463,8175,7927,
122.153,8468,8178,7925,
122.165,8463,8178,7927,
122.174,8461,8181,7917,
122.184,8463,8181,7925,
122.194,8463,8183,7925,
122.204,8461,8181,7922,
122.215,8463,8181,7936,
122.225,8471,8178,7909,
122.233,8473,8170,7894,
122.243,8447,8175,7934,
122.253,8442,8181,7953,
122.264,8436,8181,7939,
122.272,8442,8183,7941,
122.285,8444,8181,7941,
122.295,8442,8183,7950,
122.302,8442,8178,7944,
122.314,8439,8181,7944,
122.324,8436,8175,7950,
122.334,8439,8183,7941,
122.345,8439,8183,7950,
122.355,8439,8186,7939,
122.364,8436,8183,7944,
122.376,8442,8186,7953,
122.385,8439,8183,7946,
122.395,8433,8186,7941,
122.403,8433,8183,7950,
122.414,8439,8183,7953,
122.425,8439,8178,7931,
122.434,8433,8161,7917,
122.444,8414,8181,7958,
122.455,8423,8183,7965,
122.464,8423,8183,7953,
122.473,8425,8183,7963,
122.482,8423,8183,7968,
122.495,8420,8183,7965,
122.503,8423,8183,7963,
122.515,8423,8186,7968,
122.524,8423,8183,7965,
122.534,8425,8183,7965,
122.542,8417,8183,7965,
122.554,8420,8183,7960,
122.566,8417,8186,7960,
122.573,8417,8183,7965,
122.585,8417,8183,7968,
122.594,8420,8183,7968,
122.604,8417,8186,7968,
122.614,8414,8186,7968,
122.623,8420,8178,7950,
122.635,8406,8170,7950,
122.643,8387,8181,7983,
122.653,8385,8183,7981,
122.664,8398,8186,7976,
122.673,8401,8181,7981,
122.684,8404,8183,7976,
122.694,8401,8186,7981,
122.703,8404,8186,7973,
122.713,8401,8186,7978,
122.725,8396,8188,7981,
122.734,8396,8183,7983,
122.744,8396,8186,7983,
122.752,8401,8183,7983,
122.765,8396,8188,7986,
122.774,8398,8186,7981,
122.785,8393,8186,7978,
122.793,8393,8188,7981,
122.802,8396,8186,7986,
122.812,8390,8188,7978,
122.824,8393,8181,7978,
122.833,8379,8155,7973,
122.845,8361,8178,8004,
122.851,8364,8186,8010,
122.863,8382,8186,7989,
122.872,8379,8186,7996,
122.883,8372,8188,8001,
122.894,8372,8186,8001,
122.904,8377,8188,7996,
122.912,8372,8191,7996,
122.924,8369,8193,8008,
122.931,8364,8188,8004,
122.942,8364,8188,8015,
122.953,8361,8191,8010,
122.963,8358,8193,8013,
122.974,8353,8191,8018,
122.985,8350,8191,8021,
122.992,8345,8196,8029,
123.005,8339,8196,8037,
123.013,8329,8191,8042,
123.024,8312,8183,8047,
123.034,8283,8168,8055,
123.042,8288,8188,8089,
123.052,8283,8191,8068,
123.063,8285,8196,8070,
123.074,8283,8196,8078,
123.084,8276,8191,8089,
123.092,8271,8196,8080,
123.104,8268,8196,8093,
123.113,8263,8199,8089,
123.124,8260,8199,8098,
123.134,8257,8212,8106,
123.143,8244,8204,8116,
123.154,8252,8196,8116,
123.162,8241,8201,8113,
123.172,8238,8199,8118,
123.183,8230,8204,8126,
123.195,8217,8209,8131,
123.201,8230,8209,8136,
123.212,8219,8209,8142,
123.223,8192,8186,8142,
123.231,8150,8181,8180,
123.242,8168,8191,8190,
123.252,8192,8212,8163,
123.264,8179,8204,8149,
123.272,8182,8206,8167,
123.283,8166,8219,8163,
123.293,8179,8209,8157,
123.304,8174,8212,8169,
123.313,8174,8217,8163,
123.322,8168,8214,8167,
123.332,8168,8219,8167,
123.343,8160,8217,8174,
123.353,8163,8219,8161,
123.362,8166,8222,8177,
123.374,8163,8212,8167,
123.384,8171,8209,8169,
123.393,8158,8214,8172,
123.406,8158,8214,8172,
123.413,8160,8212,8163,
123.423,8147,8212,8177,
123.432,8117,8161,8221,
123.445,8064,8209,8205,
123.451,8144,8201,8195,
123.463,8158,8219,8169,
123.474,8152,8212,8177,
123.485,8160,8219,8187,
123.493,8152,8219,8174,
123.503,8144,8204,8174,
123.515,8152,8217,8163,
123.524,8166,8212,8180,
123.534,8155,8212,8167,
123.545,8152,8206,8182,
123.552,8158,8222,8167,
123.562,8160,8217,8172,
123.573,8171,8217,8174,
123.582,8163,8214,8169,
123.594,8166,8206,8177,
123.604,8160,8217,8161,
123.615,8171,8209,8172,
123.621,8152,8175,8172,
123.631,8128,8196,8221,
123.643,8114,8206,8213,
123.653,8158,8230,8157,
123.661,8155,8206,8157,
123.672,8160,8217,8169,
123.681,8160,8212,8161,
123.693,8179,8214,8172,
123.702,8185,8212,8177,
123.712,8163,8204,8177,
123.723,8185,8209,8167,
123.734,8171,8214,8163,
123.744,8182,8204,8161,
123.753,8166,8209,8139,
123.763,8185,8209,8152,
123.772,8195,8212,8144,
123.784,8188,8212,8144,
123.79,8198,8214,8154,
123.802,8192,8206,8136,
123.812,8185,8217,8149,
123.822,8174,8196,8161,
123.832,8141,8188,8192,
123.842,8158,8193,8195,
123.851,8185,8196,8163,
123.86,8182,8209,8157,
123.872,8182,8217,8152,
123.881,8185,8214,8152,
123.891,8203,8206,8144,
123.901,8185,8204,8144,
123.913,8203,8206,8136,
123.92,8195,8204,8142,
123.932,8203,8209,8142,
123.94,8206,8209,8131,
123.952,8214,8212,8129,
123.96,8219,8204,8121,
123.972,8225,8204,8134,
123.981,8225,8206,8129,
123.992,8225,8217,8113,
124.003,8244,8204,8126,
124.011,8241,8214,8113,
124.023,8233,8165,8111,
124.033,8206,8175,8142,
124.042,8244,8193,8126,
124.051,8263,8199,8089,
124.063,8279,8204,8068,
124.074,8293,8201,8070,
124.083,8310,8196,8055,
124.093,8331,8196,8042,
124.102,8342,8196,8032,
124.113,8356,8199,8015,
124.121,8372,8193,8004,
124.131,8387,8199,7994,
124.14,8401,8199,7981,
124.152,8412,8188,7973,
124.165,8420,8193,7963,
124.173,8428,8188,7958,
124.181,8433,8191,7946,
124.192,8444,8186,7946,
124.202,8450,8188,7936,
124.211,8468,8186,7925,
124.222,8476,8178,7907,
124.232,8479,8173,7875,
124.241,8458,8178,7912,
124.254,8450,8178,7931,
124.261,8471,8178,7912,
124.272,8473,8175,7917,
124.281,8476,8181,7917,
124.292,8476,8175,7912,
124.302,8476,8178,7917,
124.312,8473,8181,7912,
124.323,8479,8178,7909,
124.332,8476,8178,7912,
124.341,8476,8175,7912,
124.352,8473,8181,7917,
124.363,8468,8181,7917,
124.372,8473,8178,7917,
124.383,8473,8181,7915,
124.392,8471,8186,7912,
124.402,8468,8175,7909,
124.411,8473,8178,7912,
124.422,8481,8183,7891,
124.43,8484,8173,7870,
124.441,8450,8175,7912,
124.45,8444,8178,7936,
124.462,8455,8175,7925,
124.473,8455,8181,7922,
124.479,8455,8181,7934,
124.493,8458,8178,7927,
124.5,8461,8178,7934,
124.514,8463,8178,7922,
124.523,8471,8181,7920,
124.548,8461,8183,7922,
124.551,8468,8181,7917,
124.551,8468,8175,7922,
124.561,8461,8183,7917,
124.57,8468,8181,7917,
124.582,8473,8181,7917,
124.591,8473,8183,7915,
124.602,8468,8183,7915,
124.611,8476,8183,7917,
124.62,8487,8175,7897,
124.631,8490,8175,7872,
124.642,8468,8181,7902,
124.65,8450,8181,7944,
124.661,8452,8183,7927,
124.672,8458,8181,7927,
124.682,8455,8178,7920,
124.69,8458,8178,7922,
124.701,8463,8181,7922,
124.71,8461,8178,7922,
124.721,8471,8175,7922,
124.73,8461,8181,7920,
124.741,8468,8181,7922,
124.752,8473,8183,7920,
124.763,8471,8181,7912,
124.77,8463,8181,7922,
124.779,8471,8183,7920,
124.792,8471,8181,7925,
124.802,8468,8183,7927,
124.811,8476,8178,7920,
124.822,8481,8178,7891,
124.831,8481,8168,7884,
124.842,8476,8181,7907,
124.85,8447,8178,7941,
124.859,8450,8173,7941,
124.87,8447,8175,7936,
124.882,8450,8181,7934,
124.89,8455,8181,7931,
124.901,8450,8181,7931,
124.91,8452,8181,7934,
124.921,8452,8178,7934,
124.933,8458,8178,7931,
124.94,8450,8183,7925,
124.95,8452,8178,7931,
124.959,8455,8181,7934,
124.971,8452,8181,7931,
124.98,8452,8186,7927,
124.991,8458,8183,7934,
125.001,8455,8178,7934,
125.013,8458,8183,7934,
125.021,8463,8178,7915,
125.029,8461,8168,7891,
125.042,8428,8175,7931,
125.051,8425,8181,7955,
125.06,8442,8181,7944,
125.068,8439,8181,7950,
125.08,8436,8178,7950,
125.09,8442,8178,7953,
125.1,8436,8181,7941,
125.111,8439,8181,7944,
125.119,8436,8181,7950,
125.132,8439,8183,7939,
125.14,8433,8181,7944,
125.15,8439,8183,7941,
125.161,8439,8183,7944,
125.169,8436,8178,7953,
125.18,8439,8183,7950,
125.191,8436,8183,7953,
125.201,8439,8186,7953,
125.209,8436,8186,7955,
125.219,8433,8178,7936,
125.23,8439,8159,7920,
125.24,8412,8181,7960,
125.25,8412,8181,7971,
125.261,8414,8183,7963,
125.27,8420,8183,7960,
125.282,8423,8181,7955,
125.289,8423,8181,7955,
125.302,8417,8186,7953,
125.31,8420,8186,7955,
125.318,8420,8183,7955,
125.329,8423,8183,7955,
125.338,8423,8183,7960,
125.351,8423,8186,7963,
125.36,8423,8183,7960,
125.371,8417,8183,7960,
125.379,8420,8181,7963,
125.39,8417,8186,7965,
125.401,8412,8186,7968,
125.409,8417,8186,7968,
125.418,8417,8183,7963,
125.431,8404,8161,7953,
125.438,8396,8178,7978,
125.451,8404,8181,7981,
125.459,8404,8186,7981,
125.469,8404,8186,7973,
125.482,8401,8186,7981,
125.489,8412,8186,7981,
125.501,8404,8183,7971,
125.511,8404,8186,7971,
125.519,8406,8188,7968,
125.533,8409,8183,7978,
125.538,8404,8183,7976,
125.551,8406,8186,7976,
125.56,8404,8186,7971,
125.571,8401,8186,7983,
125.582,8401,8188,7976,
125.588,8406,8186,7973,
125.601,8404,8186,7976,
125.61,8398,8188,7978,
125.621,8401,8181,7968,
125.629,8393,8159,7965,
125.639,8382,8181,7986,
125.65,8387,8186,7989,
125.661,8387,8188,7983,
125.67,8390,8191,7991,
125.679,8387,8188,7986,
125.69,8390,8191,7986,
125.701,8390,8193,7991,
125.707,8390,8188,7986,
125.718,8393,8191,7989,
125.732,8387,8191,7986,
125.74,8390,8191,7989,
125.751,8390,8188,7989,
125.757,8393,8191,7981,
125.769,8390,8191,7986,
125.782,8393,8188,7986,
125.79,8398,8188,7983,
125.798,8393,8188,7986,
125.811,8390,8188,7981,
125.819,8393,8178,7973,
125.828,8382,8153,7971,
125.838,8361,8181,8010,
125.847,8369,8186,8001,
125.859,8379,8188,7994,
125.872,8379,8183,7994,
125.88,8382,8188,7999,
125.889,8372,8188,7999,
125.899,8385,8186,7999,
125.909,8382,8188,7996,
125.919,8372,8191,7996,
125.929,8377,8193,8015,
125.938,8366,8191,8004,
125.95,8364,8191,8013,
125.96,8358,8199,8018,
125.968,8350,8191,8027,
125.979,8350,8188,8027,
125.987,8337,8193,8029,
126.001,8329,8196,8037,
126.007,8320,8193,8039,
126.02,8307,8183,8052,
126.029,8283,8159,8070,
126.04,8265,8183,8093,
126.05,8283,8196,8095,
126.059,8271,8196,8078,
126.069,8271,8199,8089,
126.08,8268,8196,8098,
126.088,8265,8196,8103,
126.099,8257,8199,8095,
126.107,8252,8199,8100,
126.12,8246,8204,8111,
126.128,8246,8199,8103,
126.138,8246,8206,8121,
126.15,8235,8201,8108,
126.158,8233,8201,8118,
126.171,8225,8204,8126,
126.177,8222,8209,8124,
126.188,8217,8199,8129,
126.2,8217,8209,8134,
126.21,8206,8204,8136,
126.22,8185,8161,8147,
126.231,8147,8181,8185,
126.238,8171,8183,8177,
126.247,8177,8193,8167,
126.26,8179,8209,8163,
126.269,8179,8209,8161,
126.278,8166,8209,8169,
126.291,8158,8212,8157,
126.299,8174,8206,8172,
126.311,8166,8214,8174,
126.317,8158,8214,8157,
126.328,8168,8212,8154,
126.339,8168,8217,8163,
126.35,8155,8212,8174,
126.357,8171,8222,8172,
126.369,8160,8214,8169,
126.38,8166,8217,8174,
126.389,8168,8217,8163,
126.399,8168,8214,8163,
126.409,8163,8219,8167,
126.418,8155,8217,8177,
126.429,8101,8201,8235,
126.437,8097,8214,8205,
126.451,8152,8227,8192,
126.457,8171,8204,8180,
126.469,8160,8206,8169,
126.477,8158,8204,8174,
126.49,8158,8224,8163,
126.499,8141,8217,8174,
126.51,8160,8212,8180,
126.516,8152,8219,8172,
126.529,8144,8209,8167,
126.538,8155,8214,8169,
126.548,8163,8219,8169,
126.56,8155,8209,8177,
126.569,8160,8206,8185,
126.58,8144,8199,8169,
126.59,8152,8219,8174,
126.599,8163,8214,8174,
126.607,8160,8217,8174,
126.619,8168,8181,8169,
126.629,8117,8153,8213,
126.638,8080,8217,8200,
126.65,8150,8201,8185,
126.659,8168,8206,8169,
126.667,8155,8212,8157,
126.679,8179,8206,8177,
126.689,8171,8201,8172,
126.698,8158,8206,8167,
126.708,8166,8204,8177,
126.72,8166,8217,8167,
126.73,8168,8219,8163,
126.739,8177,8212,8163,
126.748,8177,8217,8163,
126.756,8174,8209,8147,
126.769,8179,8212,8149,
126.778,8168,8209,8154,
126.789,8179,8214,8152,
126.8,8174,8212,8142,
126.809,8179,8206,8163,
126.818,8171,8186,8157,
126.829,8141,8175,8203,
126.837,8171,8193,8174,
126.849,8171,8201,8152,
126.86,8192,8201,8157,
126.867,8188,8214,8147,
126.878,8179,8199,8152,
126.887,8192,8199,8152,
126.899,8198,8196,8144,
126.908,8177,8209,8142,
126.917,8203,8209,8147,
126.928,8200,8204,8129,
126.938,8217,8206,8149,
126.948,8200,8204,8126,
126.957,8214,8217,8139,
126.969,8203,8206,8134,
126.978,8214,8206,8124,
126.987,8219,8209,8134,
126.996,8198,8219,8121,
127.008,8227,8212,8121,
127.018,8217,8191,8139,
127.028,8168,8183,8172,
127.037,8200,8193,8152,
127.047,8219,8204,8142,
127.056,8227,8214,8126,
127.069,8227,8201,8111,
127.08,8233,8204,8108,
127.086,8257,8206,8116,
127.097,8254,8206,8100,
127.109,8263,8206,8098,
127.119,8268,8206,8089,
127.127,8279,8199,8089,
127.139,8285,8204,8070,
127.147,8296,8196,8062,
127.156,8304,8204,8065,
127.167,8315,8199,8039,
127.177,8331,8206,8037,
127.189,8342,8201,8024,
127.197,8356,8196,8008,
127.208,8364,8199,7999,
127.218,8377,8196,7983,
127.227,8382,8161,7981,
127.238,8372,8181,7986,
127.247,8398,8186,7983,
127.257,8420,8188,7963,
127.266,8425,8183,7953,
127.277,8436,8186,7946,
127.288,8444,8186,7946,
127.298,8452,8186,7934,
127.307,8452,8181,7927,
127.316,8468,8183,7920,
127.327,8471,8183,7917,
127.337,8471,8183,7920,
127.346,8479,8181,7912,
127.357,8471,8183,7909,
127.366,8479,8183,7907,
127.377,8481,8181,7907,
127.387,8484,8178,7912,
127.397,8481,8178,7909,
127.408,8487,8181,7899,
127.419,8492,8173,7886,
127.425,8495,8168,7857,
127.437,8492,8181,7889,
127.447,8458,8178,7915,
127.456,8471,8175,7915,
127.469,8471,8178,7922,
127.475,8476,8181,7912,
127.488,8473,8181,7915,
127.496,8473,8181,7915,
127.508,8479,8178,7909,
127.518,8481,8178,7915,
127.527,8481,8178,7909,
127.537,8484,8178,7909,
127.546,8479,8181,7904,
127.559,8479,8175,7907,
127.567,8484,8178,7902,
127.577,8484,8178,7907,
127.588,8490,8175,7917,
127.598,8481,8181,7907,
127.608,8481,8178,7917,
127.618,8492,8175,7889,
127.626,8500,8168,7865,
127.637,8461,8181,7909,
127.646,8450,8181,7931,
127.659,8461,8178,7922,
127.665,8461,8181,7925,
127.677,8468,8181,7922,
127.688,8468,8181,7922,
127.698,8461,8181,7925,
127.708,8463,8183,7920,
127.718,8468,8181,7920,
127.728,8468,8178,7920,
127.738,8461,8183,7922,
127.747,8461,8178,7934,
127.757,8471,8181,7925,
127.766,8463,8178,7920,
127.777,8471,8178,7917,
127.789,8463,8183,7917,
127.796,8471,8181,7925,
127.808,8471,8181,7920,
127.817,8473,8181,7899,
127.826,8479,8173,7884,
127.837,8461,8175,7909,
127.847,8442,8178,7939,
127.855,8452,8175,7936,
127.868,8455,8178,7934,
127.876,8458,8181,7941,
127.888,8452,8181,7931,
127.898,8458,8181,7925,
127.908,8458,8183,7927,
127.917,8455,8181,7922,
127.925,8455,8173,7922,
127.938,8463,8181,7927,
127.947,8458,8181,7931,
127.956,8461,8181,7934,
127.965,8458,8178,7934,
127.977,8458,8181,7936,
127.988,8452,8175,7936,
127.996,8455,8183,7934,
128.009,8452,8183,7934,
128.016,8458,8170,7915,
128.027,8461,8173,7891,
128.038,8439,8175,7936,
128.047,8436,8178,7953,
128.056,8439,8178,7936,
128.065,8442,8178,7946,
128.076,8439,8181,7934,
128.085,8452,8183,7931,
128.094,8450,8181,7939,
128.107,8447,8183,7941,
128.117,8450,8181,7936,
128.131,8450,8181,7941,
128.137,8447,8181,7936,
128.145,8452,8181,7934,
128.157,8444,8178,7939,
128.166,8447,8181,7939,
128.175,8447,8181,7939,
128.186,8452,8181,7936,
128.196,8447,8183,7931,
128.207,8444,8181,7939,
128.217,8450,8181,7917,
128.226,8450,8175,7897,
128.235,8431,8181,7944,
128.248,8431,8178,7965,
128.257,8433,8183,7936,
128.266,8439,8181,7944,
128.277,8436,8181,7941,
128.287,8436,8183,7936,
128.298,8439,8183,7941,
128.307,8439,8188,7946,
128.315,8439,8186,7946,
128.325,8436,8183,7939,
128.335,8439,8186,7950,
128.348,8442,8183,7950,
128.356,8439,8183,7939,
128.365,8433,8181,7941,
128.376,8436,8183,7936,
128.387,8433,8183,7950,
128.395,8439,8186,7941,
128.406,8442,8183,7941,
128.417,8450,8173,7931,
128.426,8444,8161,7917,
128.437,8423,8178,7944,
128.446,8420,8178,7953,
128.456,8428,8178,7960,
128.464,8423,8183,7958,
128.479,8425,8181,7958,
128.485,8423,8183,7960,
128.496,8425,8183,7963,
128.505,8425,8186,7955,
128.519,8423,8181,7960,
128.524,8425,8183,7958,
128.535,8428,8183,7960,
128.547,8428,8181,7958,
128.555,8425,8186,7958,
128.565,8423,8183,7960,
128.574,8425,8183,7958,
128.584,8423,8183,7958,
128.597,8420,8186,7953,
128.605,8425,8183,7958,
128.616,8423,8175,7946,
128.624,8417,8155,7934,
128.635,8412,8181,7960,
128.647,8404,8181,7973,
128.656,8404,8181,7976,
128.665,8406,8186,7973,
128.676,8404,8183,7976,
128.684,8406,8183,7976,
128.695,8412,8183,7968,
128.704,8409,8188,7960,
128.716,8414,8186,7971,
128.726,8406,8186,7965,
128.736,8406,8188,7971,
128.745,8409,8186,7968,
128.756,8409,8188,7965,
128.766,8404,8186,7971,
128.774,8406,8183,7976,
128.785,8409,8193,7976,
128.798,8406,8186,7965,
128.808,8409,8191,7965,
128.814,8406,8178,7963,
128.826,8401,8181,7965,
128.837,8366,8178,7999,
128.845,8379,8183,7999,
128.857,8393,8183,7981,
128.864,8390,8186,7986,
128.875,8390,8188,7991,
128.885,8387,8186,7983,
128.896,8390,8188,7991,
128.904,8387,8186,7989,
128.913,8390,8188,7978,
128.926,8390,8188,7989,
128.938,8393,8186,7991,
128.947,8387,8188,7989,
128.955,8385,8186,7983,
128.964,8393,8188,7989,
128.975,8390,8188,7983,
128.985,8393,8188,7989,
128.994,8393,8191,7986,
129.005,8393,8188,7989,
129.014,8390,8183,7983,
129.026,8377,8155,7981,
129.035,8369,8181,8001,
129.044,8369,8186,8001,
129.055,8379,8183,7996,
129.068,8387,8191,8001,
129.076,8379,8186,8001,
129.085,8372,8186,8001,
129.096,8377,8191,8001,
129.105,8372,8188,7994,
129.115,8377,8186,8001,
129.127,8377,8191,7999,
129.135,8366,8188,8001,
129.144,8366,8191,8008,
129.158,8361,8199,8015,
129.164,8356,8193,8024,
129.177,8347,8199,8029,
129.184,8339,8188,8032,
129.197,8337,8193,8042,
129.203,8320,8196,8050,
129.214,8312,8191,8055,
129.227,8283,8150,8070,
129.233,8271,8183,8089,
129.244,8283,8193,8080,
129.256,8283,8196,8075,
129.265,8279,8193,8083,
129.276,8271,8201,8093,
129.286,8257,8199,8098,
129.296,8257,8209,8103,
129.305,8252,8201,8103,
129.317,8249,8199,8121,
129.325,8244,8206,8116,
129.334,8244,8201,8116,
129.344,8238,8206,8124,
129.352,8238,8204,8118,
129.364,8230,8206,8129,
129.376,8227,8206,8126,
129.385,8217,8209,8131,
129.394,8225,8204,8131,
129.405,8211,8204,8157,
129.416,8182,8165,8147,
129.425,8155,8170,8187,
129.434,8177,8196,8167,
129.446,8182,8209,8154,
129.454,8188,8201,8163,
129.462,8182,8199,8154,
129.473,8166,8212,8157,
129.486,8174,8206,8167,
129.495,8185,8204,8154,
129.505,8166,8201,8167,
129.513,8174,8209,8163,
129.525,8163,8204,8149,
129.534,8168,8201,8154,
129.545,8171,8209,8163,
129.553,8179,8222,8157,
129.565,8171,8219,8154,
129.573,8160,8217,8152,
129.585,8160,8222,8157,
129.595,8179,8209,8163,
129.603,8171,8206,8161,
129.615,8139,8159,8192,
129.625,8112,8183,8231,
129.635,8083,8206,8279,
129.644,8139,8209,8205,
129.657,8163,8219,8169,
129.664,8160,8212,8172,
129.673,8166,8209,8167,
129.684,8168,8206,8174,
129.695,8160,8209,8174,
129.706,8155,8204,8167,
129.713,8163,8201,8172,
129.722,8155,8209,8167,
129.733,8171,8212,8174,
129.744,8152,8209,8167,
129.754,8168,8219,8185,
129.771,8163,8214,8169,
129.772,8150,8214,8167,
129.785,8150,8204,8180,
129.795,8163,8209,8154,
129.804,8171,8199,8169,
129.814,8139,8170,8182,
129.822,8103,8175,8251,
129.834,8109,8193,8243,
129.842,8141,8219,8185,
129.853,8158,8214,8177,
129.864,8160,8201,8167,
129.876,8152,8209,8157,
129.883,8166,8209,8174,
129.896,8160,8212,8169,
129.903,8179,8209,8161,
129.915,8174,8206,8163,
129.924,8166,8224,8154,
129.934,8171,8212,8163,
129.944,8160,8204,8154,
129.956,8179,8217,8154,
129.965,8171,8204,8163,
129.975,8177,8214,8157,
129.984,8182,8212,8147,
129.992,8171,8204,8149,
130.003,8182,8212,8152,
130.014,8163,8183,8169,
130.022,8141,8170,8203,
130.034,8144,8193,8210,
130.043,8168,8204,8174,
130.055,8177,8206,8167,
130.064,8177,8201,8154,
130.073,8174,8206,8157,
130.082,8185,8188,8157,
130.093,8182,8206,8147,
130.105,8203,8204,8154,
130.111,8200,8209,8152,
130.124,8188,8201,8147,
130.134,8203,8217,8149,
130.145,8200,8206,8144,
130.153,8206,8212,8149,
130.162,8195,8209,8134,
130.175,8200,8206,8134,
130.184,8203,8196,8139,
130.193,8217,8204,8136,
130.204,8192,8222,8131,
130.214,8192,8191,8154,
130.223,8155,8178,8190,
130.231,8185,8191,8169,
130.242,8195,8204,8142,
130.253,8211,8217,8147,
130.263,8217,8209,8131,
130.274,8206,8204,8134,
130.283,8222,8209,8129,
130.293,8225,8206,8118,
130.304,8227,8204,8126,
130.315,8233,8206,8118,
130.323,8233,8204,8116,
130.334,8238,8204,8113,
130.346,8241,8212,8103,
130.352,8249,8206,8098,
130.364,8257,8206,8098,
130.373,8265,8204,8083,
130.384,8276,8201,8087,
130.394,8283,8206,8078,
130.403,8279,8201,8078,
130.413,8283,8204,8078,
130.424,8257,8155,8087,
130.433,8271,8186,8098,
130.443,8285,8201,8073,
130.453,8304,8199,8060,
130.463,8307,8204,8052,
130.475,8315,8196,8050,
130.483,8320,8201,8050,
130.494,8323,8196,8047,
130.504,8334,8199,8037,
130.514,8339,8201,8029,
130.524,8353,8199,8029,
130.534,8361,8196,8021,
130.541,8364,8199,8013,
130.553,8377,8199,7996,
130.563,8385,8193,7994,
130.573,8385,8193,7989,
130.581,8398,8191,7986,
130.595,8409,8193,7981,
130.601,8406,8188,7973,
130.613,8401,8183,7963,
130.622,8404,8165,7965,
130.634,8396,8178,7976,
130.644,8406,8193,7973,
130.65,8423,8181,7971,
130.662,8423,8186,7958,
130.673,8431,8186,7953,
130.684,8433,8186,7944,
130.692,8442,8183,7944,
130.701,8447,8186,7934,
130.712,8447,8183,7934,
130.723,8461,8183,7931,
130.732,8458,8181,7927,
130.744,8458,8183,7934,
130.755,8461,8181,7931,
130.762,8458,8183,7925,
130.773,8461,8183,7920,
130.781,8468,8183,7912,
130.792,8468,8178,7912,
130.803,8468,8181,7920,
130.815,8476,8175,7909,
130.823,8479,8165,7884,
130.832,8450,8175,7925,
130.843,8455,8183,7925,
130.854,8461,8175,7925,
130.862,8463,8178,7920,
130.87,8463,8181,7917,
130.883,8473,8183,7922,
130.893,8473,8178,7912,
130.905,8481,8181,7912,
130.911,8476,8181,7915,
130.923,8473,8178,7912,
130.933,8473,8181,7912,
130.942,8473,8181,7917,
130.951,8476,8178,7912,
130.965,8473,8181,7909,
130.973,8476,8181,7909,
130.983,8476,8183,7915,
130.99,8473,8186,7912,
131.002,8476,8183,7912,
131.013,8479,8178,7904,
131.023,8481,8170,7875,
131.035,8473,8181,7909,
131.043,8444,8181,7939,
131.052,8450,8181,7927,
131.061,8452,8181,7927,
131.072,8455,8183,7934,
131.082,8455,8183,7925,
131.092,8455,8183,7922,
131.101,8455,8183,7927,
131.113,8458,8178,7927,
131.122,8458,8183,7920,
131.132,8463,8178,7927,
131.143,8461,8181,7934,
131.153,8463,8181,7920,
131.162,8461,8175,7931,
131.173,8463,8181,7925,
131.183,8461,8181,7931,
131.192,8461,8181,7934,
131.201,8473,8178,7934,
131.212,8473,8178,7904,
131.222,8461,8165,7884,
131.232,8433,8178,7944,
131.243,8439,8178,7941,
131.251,8439,8183,7936,
131.262,8442,8181,7944,
131.271,8439,8186,7941,
131.283,8447,8183,7931,
131.292,8442,8181,7939,
131.302,8444,8183,7941,
131.312,8442,8178,7934,
131.321,8444,8183,7944,
131.332,8442,8183,7941,
131.341,8444,8183,7946,
131.353,8442,8181,7946,
131.362,8447,8181,7946,
131.372,8444,8183,7936,
131.381,8444,8181,7941,
131.393,8444,8183,7941,
131.402,8450,8181,7939,
131.413,8458,8175,7907,
131.419,8458,8168,7907,
131.43,8444,8181,7925,
131.443,8431,8181,7965,
131.451,8431,8181,7950,
131.46,8436,8181,7953,
131.473,8436,8183,7944,
131.48,8439,8181,7944,
131.491,8442,8183,7941,
131.502,8439,8183,7939,
131.511,8439,8181,7939,
131.523,8444,8183,7944,
131.53,8444,8181,7939,
131.543,8444,8183,7944,
131.55,8444,8183,7941,
131.563,8444,8181,7939,
131.571,8444,8183,7941,
131.582,8442,8183,7939,
131.594,8450,8181,7941,
131.602,8450,8183,7941,
131.611,8455,8178,7920,
131.62,8455,8170,7899,
131.631,8439,8178,7931,
131.641,8425,8178,7953,
131.65,8436,8181,7953,
131.661,8447,8183,7944,
131.674,8444,8178,7941,
131.68,8436,8181,7941,
131.691,8439,8181,7946,
131.7,8444,8181,7936,
131.711,8444,8183,7939,
131.722,8444,8181,7941,
131.731,8444,8181,7941,
131.743,8444,8178,7939,
131.752,8439,8183,7941,
131.76,8447,8181,7941,
131.772,8444,8183,7941,
131.782,8444,8181,7939,
131.79,8444,8183,7939,
131.802,8450,8186,7939,
131.813,8450,8181,7922,
131.821,8450,8161,7902,
131.831,8428,8181,7944,
131.843,8436,8183,7968,
131.853,8436,8183,7950,
131.862,8436,8183,7946,
131.872,8436,8183,7946,
131.881,8439,8186,7944,
131.89,8439,8183,7946,
131.903,8444,8186,7941,
131.911,8439,8181,7946,
131.921,8444,8181,7946,
131.931,8439,8183,7944,
131.939,8439,8181,7944,
131.95,8433,8183,7941,
131.963,8436,8183,7950,
131.973,8436,8183,7950,
131.979,8433,8186,7946,
131.99,8436,8183,7941,
131.999,8436,8188,7941,
132.01,8436,8183,7934,
132.021,8436,8165,7917,
132.03,8417,8181,7958,
132.041,8417,8183,7950,
132.053,8423,8181,7960,
132.061,8425,8183,7968,
132.073,8425,8183,7955,
132.082,8428,8186,7958,
132.093,8428,8181,7958,
132.101,8425,8183,7963,
132.11,8425,8183,7965,
132.121,8428,8183,7955,
132.132,8423,8186,7963,
132.141,8428,8186,7958,
132.151,8428,8183,7965,
132.161,8425,8183,7963,
132.17,8425,8186,7958,
132.183,8423,8186,7963,
132.192,8423,8186,7958,
132.201,8425,8186,7958,
132.21,8425,8178,7944,
132.221,8414,8173,7944,
132.23,8404,8181,7960,
132.242,8398,8186,7986,
132.253,8404,8183,7978,
132.259,8409,8181,7971,
132.272,8406,8188,7976,
132.281,8409,8183,7968,
132.291,8412,8183,7973,
132.302,8412,8186,7965,
132.31,8409,8188,7976,
132.322,8409,8186,7965,
132.333,8409,8186,7971,
132.344,8406,8181,7965,
132.352,8406,8186,7976,
132.36,8412,8183,7968,
132.371,8406,8188,7968,
132.382,8409,8186,7976,
132.392,8409,8183,7976,
132.401,8409,8181,7968,
132.41,8414,8181,7963,
132.421,8396,8161,7958,
132.431,8396,8181,7973,
132.44,8385,8181,7986,
132.452,8396,8181,7983,
132.458,8393,8186,7981,
132.469,8398,8186,7986,
132.48,8390,8186,7978,
132.489,8396,8186,7986,
132.501,8396,8186,7989,
132.512,8398,8183,7986,
132.522,8398,8188,7981,
132.53,8393,8186,7981,
132.541,8393,8186,7986,
132.55,8393,8186,7989,
132.559,8390,8188,7983,
132.571,8393,8191,7983,
132.579,8393,8186,7994,
132.59,8390,8183,7989,
132.602,8390,8191,7983,
132.612,8387,8183,7973,
132.62,8366,8161,7989,
132.629,8353,8173,8021,
132.64,8353,8183,8021,
132.653,8358,8186,8010,
132.658,8356,8191,8021,
132.671,8339,8193,8027,
132.679,8337,8191,8034,
132.692,8329,8191,8037,
132.7,8323,8193,8042,
132.711,8312,8193,8047,
132.719,8310,8199,8052,
132.733,8304,8199,8060,
132.74,8301,8199,8073,
132.751,8283,8199,8070,
132.76,8283,8199,8078,
132.769,8273,8199,8083,
132.782,8268,8204,8093,
132.791,8268,8201,8103,
132.801,8252,8204,8089,
132.811,8238,8199,8118,
132.823,8195,8150,8149,
132.832,8211,8188,8149,
132.84,8219,8206,8144,
132.85,8217,8206,8136,
132.861,8211,8201,8126,
132.869,8203,8204,8131,
132.879,8203,8206,8139,
132.891,8203,8199,8134,
132.899,8203,8204,8136,
132.908,8179,8209,8144,
132.919,8192,8206,8144,
132.93,8192,8209,8152,
132.94,8195,8209,8152,
132.952,8171,8214,8142,
132.959,8171,8214,8144,
132.968,8171,8204,8152,
132.981,8160,8224,8152,
132.991,8166,8214,8163,
133.001,8174,8219,8163,
133.012,8160,8204,8180,
133.02,8136,8145,8208,
133.029,8144,8206,8210,
133.039,8155,8217,8157,
133.05,8166,8206,8172,
133.059,8163,8204,8182,
133.071,8160,8222,8177,
133.079,8160,8217,8177,
133.09,8163,8214,8177,
133.102,8152,8209,8169,
133.108,8158,8217,8185,
133.12,8139,8212,8157,
133.131,8163,8206,8180,
133.139,8152,8219,8177,
133.151,8152,8206,8172,
133.162,8158,8214,8180,
133.171,8155,8224,8172,
133.181,8158,8219,8174,
133.189,8147,8214,8169,
133.202,8163,8214,8167,
133.209,8152,8206,8185,
133.22,8106,8191,8226,
133.23,8069,8219,8231,
133.24,8125,8222,8223,
133.251,8160,8212,8185,
133.261,8150,8212,8174,
133.267,8163,8209,8185,
133.28,8155,8209,8172,
133.289,8160,8214,8180,
133.298,8158,8219,8174,
133.31,8171,8212,8185,
133.321,8155,8219,8154,
133.33,8160,8206,8174,
133.339,8163,8224,8177,
133.348,8171,8217,8167,
133.361,8166,8209,8167,
133.372,8160,8217,8163,
133.379,8160,8209,8147,
133.389,8163,8217,8167,
133.4,8158,8214,8161,
133.412,8152,8201,8182,
133.422,8128,8186,8210,
133.429,8128,8191,8241,
133.439,8160,8209,8174,
133.448,8177,8199,8149,
133.46,8160,8222,8163,
133.47,8168,8204,8154,
133.479,8177,8212,8149,
133.489,8168,8204,8157,
133.5,8182,8209,8157,
133.509,8182,8212,8136,
133.521,8188,8214,8147,
133.53,8179,8214,8144,
133.541,8192,8209,8144,
133.55,8200,8209,8144,
133.559,8203,8209,8142,
133.57,8192,8214,8142,
133.581,8198,8217,8136,
133.589,8195,8212,8139,
133.598,8203,8217,8139,
133.61,8182,8196,8147,
133.62,8152,8159,8182,
133.629,8166,8191,8169,
133.639,8195,8201,8144,
133.649,8208,8212,8139,
133.661,8203,8214,8136,
133.669,8214,8206,8142,
133.678,8217,8201,8134,
133.688,8214,8206,8126,
133.698,8235,8209,8124,
133.709,8219,8204,8118,
133.72,8238,8214,8108,
133.732,8241,8201,8116,
133.738,8241,8206,8103,
133.748,8252,8201,8108,
133.759,8268,8209,8100,
133.768,8268,8209,8093,
133.781,8271,8204,8089,
133.787,8283,8204,8080,
133.799,8285,8204,8070,
133.808,8285,8188,8070,
133.818,8273,8181,8075,
133.827,8288,8186,8073,
133.838,8318,8196,8032,
133.849,8334,8193,8029,
133.86,8350,8193,8018,
133.869,8356,8193,8004,
133.878,8369,8193,8004,
133.888,8387,8191,7981,
133.897,8398,8191,7983,
133.911,8406,8191,7976,
133.919,8414,8188,7965,
133.928,8425,8186,7955,
133.937,8428,8186,7946,
133.949,8431,8186,7950,
133.959,8433,8188,7950,
133.967,8439,8183,7953,
133.978,8442,8188,7941,
133.989,8442,8186,7944,
133.998,8442,8183,7944,
134.009,8444,8181,7934,
134.019,8444,8165,7920,
134.029,8428,8178,7950,
134.038,8436,8183,7946,
134.047,8436,8181,7946,
134.061,8442,8178,7941,
134.069,8444,8183,7941,
134.097,8447,8181,7934,
134.1,8450,8181,7944,
134.101,8452,8183,7922,
134.108,8468,8183,7915,
134.117,8458,8181,7936,
134.13,8458,8175,7931,
134.139,8458,8183,7920,
134.147,8463,8186,7925,
134.159,8463,8181,7927,
134.169,8455,8183,7922,
134.178,8455,8183,7931,
134.19,8461,8181,7927,
134.199,8458,8183,7917,
134.207,8468,8178,7902,
134.22,8463,8170,7891,
134.231,8442,8186,7931,
134.237,8436,8181,7941,
134.249,8442,8181,7941,
134.259,8444,8181,7939,
134.269,8444,8181,7939,
134.278,8447,8183,7941,
134.288,8450,8183,7936,
134.298,8444,8181,7934,
134.308,8450,8183,7941,
134.318,8452,8183,7936,
134.328,8452,8181,7939,
134.338,8452,8181,7939,
134.347,8452,8183,7934,
134.36,8450,8186,7936,
134.367,8455,8181,7934,
134.377,8455,8181,7934,
134.387,8452,8178,7936,
134.396,8458,8178,7931,
134.408,8461,8175,7909,
134.419,8463,8168,7891,
134.428,8428,8178,7927,
134.438,8431,8181,7946,
134.447,8436,8183,7950,
134.456,8436,8181,7939,
134.468,8439,8183,7941,
134.477,8442,8181,7946,
134.489,8444,8181,7941,
134.499,8444,8178,7941,
134.509,8442,8181,7939,
134.518,8447,8181,7941,
134.527,8447,8181,7944,
134.537,8444,8183,7939,
134.548,8444,8186,7936,
134.559,8444,8183,7939,
134.568,8444,8181,7939,
134.577,8447,8181,7939,
134.586,8447,8183,7941,
134.599,8444,8181,7936,
134.609,8452,8175,7927,
134.619,8452,8159,7904,
134.629,8423,8178,7944,
134.638,8423,8178,7963,
134.647,8428,8181,7950,
134.658,8431,8183,7955,
134.666,8428,8183,7953,
134.678,8433,8181,7953,
134.687,8428,8183,7953,
134.7,8433,8183,7955,
134.708,8433,8183,7944,
134.717,8436,8183,7946,
134.726,8433,8183,7958,
134.739,8433,8183,7950,
134.748,8433,8183,7955,
134.757,8433,8181,7946,
134.769,8433,8183,7946,
134.778,8436,8188,7946,
134.788,8433,8186,7953,
134.797,8431,8183,7946,
134.807,8436,8186,7934,
134.819,8442,8142,7912,
134.829,8417,8178,7950,
134.836,8423,8181,7963,
134.85,8423,8183,7958,
134.858,8433,8183,7955,
134.87,8425,8181,7953,
134.879,8433,8183,7946,
134.887,8433,8183,7950,
134.898,8433,8183,7953,
134.909,8436,8181,7946,
134.917,8433,8181,7944,
134.928,8439,8181,7946,
134.938,8439,8181,7950,
134.948,8439,8183,7941,
134.958,8442,8183,7939,
134.968,8444,8183,7939,
134.977,8442,8183,7934,
134.989,8442,8183,7939,
134.998,8447,8183,7934,
135.008,8447,8178,7920,
135.019,8455,8165,7899,
135.029,8433,8181,7941,
135.037,8433,8178,7953,
135.048,8436,8183,7953,
135.056,8439,8181,7946,
135.068,8439,8178,7955,
135.079,8442,8183,7944,
135.085,8447,8181,7941,
135.098,8450,8183,7931,
135.107,8444,8183,7934,
135.116,8444,8178,7936,
135.13,8447,8183,7939,
135.138,8447,8178,7939,
135.148,8450,8183,7934,
135.157,8450,8183,7934,
135.165,8452,8181,7934,
135.178,8450,8186,7944,
135.185,8447,8186,7936,
135.197,8447,8183,7939,
135.207,8450,8181,7936,
135.216,8450,8173,7907,
135.225,8431,8178,7944,
135.238,8428,8183,7963,
135.247,8428,8186,7953,
135.256,8436,8181,7946,
135.269,8433,8183,7950,
135.276,8433,8183,7953,
135.287,8433,8183,7946,
135.297,8436,8181,7950,
135.306,8436,8186,7946,
135.318,8439,8181,7946,
135.327,8431,8183,7953,
135.338,8436,8181,7950,
135.346,8439,8186,7955,
135.358,8433,8181,7955,
135.367,8431,8183,7958,
135.378,8428,8183,7953,
135.386,8428,8183,7953,
135.399,8428,8186,7955,
135.406,8431,8178,7950,
135.417,8428,8155,7931,
135.426,8406,8181,7965,
135.436,8414,8186,7976,
135.446,8417,8186,7963,
135.457,8414,8181,7960,
135.465,8414,8183,7968,
135.477,8417,8183,7963,
135.488,8414,8183,7968,
135.498,8420,8183,7965,
135.507,8417,8186,7965,
135.518,8417,8183,7968,
135.528,8417,8188,7963,
135.536,8420,8183,7971,
135.545,8414,8186,7965,
135.556,8417,8183,7973,
135.565,8414,8191,7976,
135.578,8412,8186,7963,
135.588,8414,8188,7971,
135.597,8412,8188,7976,
135.606,8409,8186,7963,
135.618,8401,8165,7950,
135.627,8377,8170,7986,
135.635,8385,8186,7996,
135.647,8390,8183,7981,
135.657,8393,8186,7986,
135.665,8393,8183,7983,
135.677,8393,8186,7981,
135.687,8396,8188,7986,
135.695,8393,8186,7981,
135.707,8393,8186,7983,
135.718,8396,8183,7983,
135.725,8390,8186,7981,
135.734,8393,8186,7983,
135.748,8393,8186,7978,
135.757,8390,8186,7981,
135.765,8396,8193,7981,
135.777,8396,8188,7986,
135.787,8390,8191,7986,
135.796,8390,8188,7986,
135.808,8387,8181,7976,
135.814,8382,8132,7978,
135.825,8358,8178,7999,
135.835,8364,8191,8004,
135.848,8379,8188,7994,
135.857,8379,8186,7994,
135.865,8382,8188,8001,
135.876,8377,8196,7994,
135.885,8372,8191,7996,
135.896,8372,8191,8001,
135.906,8377,8193,7996,
135.917,8372,8191,7999,
135.927,8358,8191,8004,
135.939,8361,8191,8015,
135.945,8358,8193,8018,
135.956,8350,8193,8021,
135.965,8342,8191,8029,
135.977,8337,8193,8037,
135.986,8326,8193,8039,
135.995,8323,8191,8047,
136.004,8304,8183,8055,
136.018,8276,8175,8075,
136.024,8273,8191,8103,
136.038,8276,8196,8089,
136.047,8283,8199,8078,
136.056,8271,8196,8083,
136.064,8263,8199,8089,
136.077,8254,8204,8098,
136.087,8249,8201,8100,
136.096,8249,8199,8106,
136.106,8241,8204,8106,
136.114,8241,8204,8116,
136.126,8238,8209,8111,
136.134,8230,8204,8121,
136.146,8235,8209,8129,
136.157,8230,8206,8134,
136.168,8225,8206,8126,
136.176,8214,8209,8126,
136.187,8211,8217,8129,
136.195,8211,8212,8139,
136.206,8182,8204,8142,
136.216,8158,8153,8187,
136.227,8177,8196,8169,
136.234,8188,8212,8163,
136.248,8185,8212,8152,
136.259,8188,8201,8169,
136.265,8177,8206,8161,
136.276,8174,8214,8152,
136.285,8174,8206,8167,
136.297,8188,8206,8157,
136.308,8188,8201,8174,
136.317,8171,8219,8163,
136.325,8163,8219,8152,
136.336,8160,8212,8167,
136.347,8160,8217,8161,
136.357,8179,8199,8167,
136.366,8174,8214,8167,
136.377,8166,8222,8157,
136.388,8155,8209,8172,
136.395,8166,8219,8163,
136.408,8150,8186,8185,
136.416,8117,8159,8216,
136.425,8077,8183,8238,
136.436,8150,8193,8198,
136.448,8166,8219,8185,
136.456,8163,8217,8180,
136.465,8150,8212,8163,
136.475,8158,8209,8180,
136.484,8158,8217,8182,
136.494,8144,8217,8182,
136.504,8152,8209,8172,
136.515,8158,8214,8154,
136.524,8147,8212,8157,
136.535,8160,8224,8169,
136.547,8152,8219,8163,
136.555,8152,8201,8174,
136.565,8160,8214,8174,
136.574,8160,8212,8161,
136.584,8155,8212,8185,
136.597,8171,8206,8172,
136.606,8147,8201,8192,
136.616,8088,8178,8259,
136.627,8088,8201,8246,
136.635,8147,8193,8198,
136.644,8160,8212,8192,
136.654,8166,8206,8172,
136.664,8158,8206,8172,
136.675,8179,8209,8174,
136.684,8163,8206,8169,
136.695,8160,8209,8172,
136.704,8163,8204,8174,
136.713,8171,8222,8167,
136.726,8171,8212,8167,
136.735,8174,8212,8167,
136.743,8171,8214,8157,
136.753,8179,8212,8157,
136.763,8171,8212,8154,
136.775,8188,8224,8172,
136.784,8171,8217,8142,
136.795,8195,8204,8177,
136.806,8163,8165,8163,
136.817,8128,8168,8203,
136.826,8128,8193,8238,
136.835,8182,8209,8169,
136.845,8168,8209,8157,
136.853,8182,8209,8157,
136.864,8195,8209,8152,
136.876,8185,8212,8152,
136.884,8188,8209,8142,
136.894,8195,8206,8139,
136.906,8214,8204,8139,
136.914,8214,8206,8149,
136.925,8206,8217,8136,
136.935,8227,8214,8129,
136.944,8214,8219,8134,
136.955,8203,8212,8124,
136.966,8214,8206,8129,
136.977,8219,8214,8124,
136.986,8217,8217,8121,
136.994,8214,8209,8126,
137.005,8211,8193,8136,
137.014,8177,8170,8167,
137.023,8211,8201,8147,
137.036,8230,8201,8116,
137.045,8238,8209,8118,
137.056,8254,8201,8106,
137.067,8260,8196,8093,
137.075,8271,8199,8080,
137.084,8283,8199,8060,
137.095,8293,8204,8057,
137.105,8318,8201,8050,
137.116,8329,8201,8039,
137.125,8337,8204,8029,
137.134,8353,8201,8027,
137.145,8356,8196,8013,
137.154,8366,8199,8001,
137.166,8382,8196,8001,
137.174,8396,8196,7991,
137.182,8396,8191,7981,
137.196,8398,8199,7976,
137.204,8404,8181,7973,
137.213,8396,8155,7968,
137.225,8390,8178,7991,
137.234,8401,8186,7986,
137.244,8398,8186,7978,
137.254,8406,8186,7978,
137.265,8404,8186,7976,
137.274,8409,8193,7973,
137.284,8409,8191,7973,
137.295,8412,8186,7971,
137.308,8409,8188,7963,
137.314,8417,8186,7965,
137.324,8417,8191,7960,
137.335,8420,8188,7955,
137.344,8431,8186,7958,
137.356,8433,8186,7955,
137.363,8436,8183,7950,
137.375,8439,8186,7950,
137.385,8447,8186,7941,
137.396,8452,8186,7934,
137.405,8455,8178,7925,
137.415,8450,8168,7909,
137.424,8455,8181,7934,
137.433,8431,8173,7950,
137.445,8444,8181,7946,
137.453,8452,8178,7939,
137.466,8452,8178,7936,
137.476,8458,8181,7934,
137.485,8461,8181,7931,
137.492,8458,8181,7925,
137.504,8468,8183,7917,
137.513,8463,8178,7922,
137.524,8468,8178,7931,
137.534,8473,8181,7912,
137.544,8473,8178,7915,
137.554,8473,8181,7920,
137.563,8473,8181,7915,
137.575,8476,8178,7920,
137.584,8476,8183,7912,
137.596,8481,8178,7904,
137.602,8484,8170,7891,
137.614,8490,8170,7867,
137.623,8452,8178,7922,
137.635,8452,8178,7936,
137.644,8450,8181,7931,
137.655,8450,8181,7936,
137.663,8458,8181,7927,
137.674,8461,8178,7925,
137.682,8458,8178,7927,
137.695,8458,8183,7920,
137.703,8452,8178,7931,
137.714,8458,8181,7931,
137.723,8455,8178,7931,
137.735,8455,8183,7931,
137.743,8450,8178,7934,
137.755,8458,8183,7927,
137.765,8452,8183,7936,
137.775,8444,8178,7934,
137.784,8455,8178,7927,
137.795,8458,8181,7920,
137.803,8461,8178,7899,
137.811,8468,8165,7899,
137.823,8452,8183,7912,
137.832,8428,8175,7939,
137.844,8442,8175,7944,
137.851,8442,8178,7931,
137.864,8447,8183,7936,
137.874,8447,8183,7931,
137.885,8450,8181,7936,
137.894,8444,8181,7939,
137.904,8450,8181,7939,
137.914,8455,8178,7936,
137.925,8452,8178,7934,
137.934,8450,8186,7934,
137.944,8455,8181,7936,
137.954,8452,8181,7934,
137.963,8455,8183,7934,
137.974,8458,8181,7927,
137.985,8455,8183,7925,
137.994,8452,8178,7939,
138.004,8458,8181,7917,
138.012,8452,8175,7894,
138.024,8436,8181,7936,
138.032,8436,8181,7946,
138.045,8439,8178,7941,
138.055,8442,8181,7950,
138.063,8442,8181,7944,
138.072,8439,8178,7946,
138.085,8442,8183,7946,
138.093,8442,8181,7946,
138.102,8444,8181,7936,
138.114,8444,8181,7936,
138.123,8447,8183,7941,
138.136,8450,8181,7944,
138.144,8447,8178,7936,
138.154,8447,8181,7939,
138.163,8447,8181,7939,
138.174,8450,8181,7934,
138.183,8447,8183,7936,
138.192,8447,8183,7936,
138.203,8450,8181,7920,
138.214,8458,8165,7899,
138.222,8431,8175,7946,
138.235,8436,8175,7960,
138.242,8433,8178,7953,
138.252,8436,8181,7944,
138.264,8433,8181,7941,
138.275,8442,8178,7946,
138.281,8436,8181,7944,
138.293,8436,8181,7939,
138.303,8444,8181,7946,
138.311,8436,8181,7941,
138.322,8439,8183,7939,
138.335,8439,8181,7941,
138.342,8442,8181,7936,
138.353,8447,8178,7953,
138.364,8442,8181,7936,
138.374,8444,8178,7950,
138.385,8442,8183,7950,
138.392,8439,8183,7939,
138.402,8447,8181,7925,
138.413,8450,8161,7899,
138.424,8425,8175,7950,
138.434,8425,8178,7958,
138.443,8428,8181,7950,
138.453,8433,8181,7946,
138.462,8431,8183,7950,
138.473,8433,8181,7953,
138.482,8436,8181,7944,
138.494,8433,8183,7944,
138.502,8436,8183,7936,
138.513,8442,8183,7946,
138.524,8436,8181,7939,
138.533,8439,8178,7953,
138.543,8433,8186,7941,
138.555,8436,8183,7950,
138.561,8436,8181,7958,
138.573,8433,8183,7955,
138.583,8431,8183,7960,
138.591,8433,8183,7946,
138.603,8433,8178,7927,
138.613,8431,8170,7927,
138.622,8412,8173,7960,
138.632,8412,8183,7976,
138.641,8414,8183,7968,
138.655,8417,8181,7963,
138.661,8414,8183,7968,
138.674,8420,8186,7963,
138.683,8423,8183,7963,
138.693,8423,8178,7965,
138.703,8420,8183,7958,
138.711,8420,8186,7965,
138.722,8420,8183,7971,
138.733,8417,8183,7965,
138.741,8417,8186,7968,
138.753,8417,8186,7965,
138.765,8417,8186,7971,
138.775,8417,8186,7965,
138.781,8417,8183,7965,
138.791,8420,8186,7971,
138.803,8417,8183,7960,
138.814,8417,8165,7944,
138.824,8387,8175,7978,
138.833,8396,8186,7986,
138.841,8398,8183,7973,
138.852,8404,8181,7981,
138.863,8404,8186,7971,
138.872,8401,8186,7976,
138.884,8401,8183,7978,
138.893,8398,8188,7981,
138.902,8401,8186,7973,
138.913,8398,8186,7971,
138.922,8401,8186,7981,
138.931,8398,8186,7981,
138.942,8398,8186,7981,
138.953,8406,8186,7983,
138.962,8401,8188,7983,
138.97,8401,8188,7986,
138.98,8401,8188,7986,
138.992,8398,8186,7981,
139.001,8390,8186,7983,
139.012,8382,8178,7978,
139.023,8358,8175,8004,
139.034,8364,8186,8010,
139.042,8369,8183,8001,
139.052,8372,8188,8004,
139.061,8364,8188,8004,
139.072,8364,8186,8018,
139.081,8353,8191,8024,
139.091,8347,8191,8027,
139.102,8345,8191,8029,
139.112,8337,8188,8034,
139.121,8326,8196,8045,
139.13,8312,8193,8050,
139.141,8312,8196,8052,
139.151,8301,8206,8062,
139.162,8293,8201,8070,
139.174,8283,8201,8075,
139.181,8283,8199,8078,
139.194,8283,8199,8095,
139.2,8249,8186,8106,
139.212,8211,8178,8131,
139.22,8203,8188,8136,
139.231,8219,8199,8131,
139.24,8227,8201,8134,
139.251,8225,8199,8121,
139.261,8217,8201,8136,
139.269,8214,8201,8131,
139.28,8217,8204,8131,
139.291,8203,8209,8139,
139.3,8214,8204,8144,
139.312,8208,8204,8144,
139.32,8188,8204,8142,
139.333,8188,8206,8142,
139.341,8179,8206,8152,
139.351,8182,8209,8149,
139.362,8182,8209,8154,
139.37,8174,8212,8152,
139.38,8171,8209,8167,
139.391,8174,8222,8157,
139.4,8163,8204,8167,
139.411,8131,8161,8210,
139.422,8131,8206,8221,
139.432,8147,8209,8157,
139.441,8168,8212,8180,
139.45,8166,8217,8182,
139.461,8168,8212,8174,
139.47,8152,8206,8174,
139.482,8141,8219,8163,
139.49,8150,8206,8174,
139.502,8168,8209,8182,
139.51,8152,8214,8167,
139.52,8144,8214,8185,
139.532,8155,8212,8180,
139.541,8152,8217,8182,
139.552,8144,8214,8172,
139.56,8150,8224,8172,
139.572,8152,8227,8172,
139.582,8166,8212,8190,
139.593,8147,8212,8161,
139.605,8131,8150,8192,
139.612,8097,8150,8243,
139.621,8055,8199,8302,
139.631,8103,8199,8238,
139.644,8136,8232,8198,
139.652,8152,8227,8185,
139.662,8139,8206,8172,
139.672,8155,8212,8167,
139.682,8152,8204,8180,
139.69,8158,8214,8177,
139.702,8152,8212,8167,
139.711,8158,8214,8174,
139.722,8168,8217,8190,
139.732,8158,8222,8180,
139.74,8179,8219,8174,
139.751,8155,8209,8163,
139.763,8160,8224,8167,
139.769,8171,8222,8169,
139.78,8163,8217,8161,
139.791,8174,8224,8167,
139.8,8144,8155,8195,
139.813,8109,8204,8231,
139.819,8117,8199,8213,
139.83,8168,8204,8182,
139.84,8158,8204,8169,
139.851,8166,8214,8161,
139.861,8166,8214,8167,
139.872,8168,8209,8161,
139.881,8188,8206,8161,
139.891,8179,8222,8157,
139.9,8168,8212,8149,
139.911,8195,8212,8144,
139.922,8188,8224,8142,
139.932,8182,8204,8142,
139.941,8195,8217,8144,
139.949,8200,8217,8142,
139.962,8198,8212,8142,
139.97,8198,8217,8139,
139.979,8200,8217,8136,
139.99,8208,8204,8131,
140,8211,8204,8142,
140.011,8155,8170,8169,
140.02,8179,8188,8174,
140.034,8200,8188,8139,
140.041,8217,8209,8144,
140.05,8217,8204,8131,
140.059,8211,8209,8124,
140.07,8222,8204,8129,
140.084,8230,8206,8124,
140.09,8238,8206,8121,
140.1,8238,8199,8116,
140.112,8233,8209,8093,
140.123,8246,8199,8113,
140.129,8238,8214,8103,
140.14,8257,8206,8113,
140.151,8263,8199,8103,
140.161,8254,8206,8095,
140.169,8271,8204,8098,
140.181,8265,8206,8093,
140.191,8260,8201,8073,
140.201,8273,8181,8095,
140.21,8241,8178,8106,
140.221,8263,8188,8100,
140.232,8296,8191,8075,
140.239,8304,8193,8057,
140.253,8318,8199,8045,
140.26,8334,8193,8032,
140.268,8353,8199,8021,
140.28,8366,8199,8004,
140.289,8382,8193,7991,
140.298,8401,8193,7978,
140.311,8409,8191,7971,
140.321,8414,8188,7960,
140.331,8425,8188,7960,
140.34,8425,8188,7955,
140.348,8433,8186,7953,
140.361,8436,8186,7941,
140.37,8447,8183,7939,
140.38,8442,8186,7936,
140.391,8444,8186,7931,
140.4,8452,8175,7922,
140.41,8444,8161,7912,
140.419,8433,8178,7946,
140.43,8436,8183,7955,
140.441,8433,8186,7946,
140.454,8439,8183,7944,
140.462,8433,8186,7936,
140.472,8442,8181,7944,
140.481,8444,8181,7939,
140.491,8444,8181,7939,
140.5,8450,8183,7944,
140.508,8444,8183,7934,
140.52,8452,8183,7936,
140.53,8444,8183,7936,
140.541,8450,8183,7925,
140.551,8450,8181,7936,
140.559,8447,8186,7931,
140.569,8452,8181,7936,
140.579,8450,8181,7936,
140.592,8452,8181,7927,
140.6,8461,8178,7907,
140.61,8447,8170,7899,
140.621,8431,8178,7953,
140.631,8428,8178,7968,
140.64,8433,8175,7950,
140.649,8439,8178,7953,
140.665,8433,8183,7946,
140.668,8439,8183,7950,
140.681,8442,8183,7950,
140.69,8442,8186,7946,
140.702,8439,8183,7946,
140.708,8444,8183,7950,
140.721,8442,8183,7946,
140.729,8442,8183,7936,
140.74,8444,8181,7944,
140.748,8442,8186,7936,
140.76,8444,8183,7936,
140.77,8450,8181,7944,
140.78,8447,8181,7936,
140.792,8450,8183,7931,
140.797,8458,8181,7912,
140.811,8452,8159,7902,
140.82,8433,8178,7946,
140.829,8442,8183,7953,
140.837,8431,8183,7939,
140.851,8439,8181,7944,
140.86,8442,8178,7946,
140.87,8442,8186,7941,
140.879,8439,8181,7941,
140.89,8442,8181,7950,
140.899,8444,8186,7941,
140.909,8442,8183,7936,
140.92,8439,8186,7939,
140.928,8442,8183,7941,
140.939,8442,8181,7941,
140.95,8439,8186,7941,
140.96,8439,8181,7941,
140.968,8444,8181,7939,
140.979,8444,8183,7944,
140.989,8444,8183,7939,
141.001,8447,8181,7925,
141.009,8447,8173,7907,
141.02,8420,8173,7946,
141.03,8423,8181,7963,
141.041,8428,8181,7946,
141.049,8433,8178,7944,
141.06,8431,8181,7950,
141.07,8431,8186,7950,
141.079,8433,8183,7950,
141.09,8436,8183,7953,
141.1,8436,8181,7955,
141.111,8431,8188,7944,
141.12,8436,8181,7950,
141.13,8439,8183,7950,
141.14,8442,8183,7941,
141.148,8436,8183,7941,
141.16,8442,8181,7941,
141.171,8442,8186,7944,
141.178,8442,8178,7946,
141.188,8444,8183,7946,
141.199,8450,8181,7917,
141.211,8447,8161,7909,
141.22,8431,8175,7944,
141.23,8423,8181,7963,
141.24,8431,8181,7950,
141.252,8436,8183,7946,
141.258,8439,8181,7944,
141.271,8439,8181,7941,
141.279,8439,8181,7944,
141.289,8442,8183,7941,
141.3,8447,8186,7941,
141.307,8447,8181,7941,
141.322,8444,8183,7936,
141.327,8447,8183,7941,
141.337,8450,8181,7939,
141.348,8444,8186,7936,
141.358,8444,8183,7936,
141.37,8447,8183,7941,
141.38,8444,8188,7939,
141.386,8444,8186,7941,
141.404,8447,8183,7920,
141.407,8447,8170,7897,
141.42,8431,8181,7939,
141.428,8431,8183,7950,
141.436,8439,8181,7941,
141.449,8436,8186,7946,
141.462,8444,8181,7941,
141.47,8442,8183,7944,
141.478,8442,8183,7944,
141.491,8444,8183,7939,
141.497,8444,8181,7936,
141.511,8447,8183,7939,
141.518,8447,8178,7944,
141.528,8447,8183,7941,
141.54,8447,8181,7941,
141.55,8447,8183,7941,
141.56,8450,8183,7939,
141.568,8444,8181,7946,
141.578,8447,8183,7936,
141.586,8444,8183,7939,
141.599,8450,8181,7920,
141.61,8447,8165,7909,
141.619,8433,8181,7944,
141.63,8428,8178,7958,
141.638,8433,8181,7944,
141.648,8433,8183,7950,
141.658,8436,8186,7944,
141.669,8433,8181,7953,
141.679,8431,8183,7955,
141.686,8439,8183,7950,
141.698,8439,8181,7953,
141.709,8431,8186,7946,
141.72,8431,8183,7946,
141.73,8436,8186,7955,
141.739,8428,8183,7950,
141.749,8428,8186,7946,
141.759,8433,8183,7953,
141.769,8433,8183,7953,
141.776,8439,8186,7950,
141.789,8433,8183,7946,
141.798,8436,8175,7931,
141.809,8433,8168,7927,
141.818,8417,8181,7955,
141.828,8409,8186,7960,
141.84,8417,8181,7965,
141.849,8417,8183,7960,
141.858,8417,8186,7968,
141.868,8414,8181,7960,
141.878,8417,8183,7960,
141.888,8417,8183,7960,
141.898,8414,8183,7960,
141.907,8423,8181,7960,
141.918,8417,8186,7953,
141.928,8420,8183,7965,
141.938,8417,8186,7958,
141.946,8414,8186,7963,
141.958,8412,8186,7958,
141.969,8412,8186,7968,
141.979,8409,8186,7965,
141.989,8412,8186,7971,
141.998,8409,8181,7958,
142.01,8412,8161,7953,
142.019,8385,8175,7978,
142.029,8387,8186,7986,
142.037,8398,8183,7978,
142.049,8398,8183,7981,
142.056,8401,8186,7978,
142.069,8401,8186,7976,
142.077,8401,8186,7981,
142.086,8406,8186,7978,
142.099,8398,8186,7978,
142.107,8401,8186,7976,
142.118,8401,8188,7981,
142.129,8398,8188,7976,
142.137,8398,8188,7981,
142.147,8390,8188,7981,
142.155,8393,8186,7989,
142.167,8393,8188,7989,
142.179,8387,8188,7991,
142.188,8385,8186,7989,
142.2,8372,8186,7986,
142.206,8358,8142,7996,
142.217,8331,8178,8024,
142.227,8339,8186,8032,
142.239,8345,8191,8029,
142.247,8339,8188,8027,
142.257,8331,8193,8039,
142.266,8320,8191,8039,
142.278,8315,8193,8047,
142.289,8307,8193,8050,
142.297,8299,8199,8060,
142.306,8296,8196,8068,
142.318,8288,8201,8068,
142.327,8283,8201,8075,
142.338,8276,8201,8075,
142.347,8273,8196,8083,
142.358,8271,8204,8093,
142.367,8257,8206,8093,
142.376,8257,8206,8095,
142.387,8246,8204,8093,
142.398,8238,8142,8126,
142.409,8192,8183,8152,
142.418,8211,8191,8157,
142.427,8225,8193,8139,
142.437,8225,8193,8126,
142.447,8225,8204,8134,
142.459,8214,8204,8126,
142.468,8222,8196,8136,
142.476,8217,8209,8134,
142.486,8217,8206,8134,
142.496,8214,8209,8139,
142.507,8214,8214,8136,
142.518,8200,8212,8126,
142.528,8206,8209,8129,
142.538,8219,8209,8142,
142.546,8200,8219,8131,
142.555,8217,8209,8139,
142.567,8206,8212,8142,
142.58,8200,8204,8134,
142.585,8203,8212,8161,
142.596,8174,8250,8142,
142.607,8144,8175,8203,
142.618,8163,8193,8195,
142.626,8192,8196,8163,
142.636,8171,8209,8161,
142.648,8179,8204,8172,
142.657,8192,8204,8161,
142.667,8174,8199,8157,
142.677,8177,8209,8163,
142.688,8168,8204,8161,
142.698,8179,8206,8167,
142.708,8188,8212,8167,
142.718,8171,8214,8172,
142.727,8174,8206,8154,
142.736,8177,8214,8157,
142.745,8188,8219,8154,
142.756,8179,8196,8152,
142.765,8171,8209,8142,
142.778,8185,8209,8157,
142.787,8160,8214,8163,
142.797,8155,8186,8177,
142.808,8131,8178,8208,
142.818,8136,8204,8213,
142.829,8158,8209,8177,
142.837,8177,8212,8161,
142.846,8158,8206,8172,
142.857,8168,8206,8169,
142.867,8174,8214,8174,
142.878,8171,8219,8172,
142.886,8171,8196,8174,
142.897,8171,8214,8152,
142.906,8171,8199,8152,
142.918,8195,8206,8174,
142.927,8166,8217,8157,
142.938,8174,8219,8169,
142.946,8195,8214,8174,
142.957,8179,8214,8157,
142.966,8188,8214,8167,
142.977,8163,8199,8161,
142.986,8182,8214,8161,
142.997,8160,8159,8169,
143.009,8131,8183,8200,
143.018,8141,8191,8203,
143.028,8174,8196,8169,
143.036,8185,8214,8161,
143.049,8166,8206,8152,
143.059,8177,8212,8172,
143.067,8185,8212,8149,
143.078,8195,8209,8152,
143.088,8188,8214,8161,
143.094,8192,8219,8144,
143.107,8198,8209,8139,
143.118,8195,8212,8149,
143.127,8200,8212,8136,
143.137,8211,8201,8144,
143.146,8198,8206,8136,
143.157,8200,8212,8142,
143.167,8214,8204,8136,
143.178,8217,8201,8129,
143.186,8219,8214,8129,
143.196,8188,8159,8149,
143.204,8155,8173,8192,
143.218,8192,8199,8163,
143.225,8203,8209,8147,
143.235,8211,8217,8139,
143.247,8198,8209,8131,
143.256,8211,8206,8131,
143.264,8219,8214,8126,
143.277,8222,8204,8126,
143.288,8219,8199,8126,
143.298,8222,8193,8121,
143.306,8233,8209,8116,
143.315,8230,8201,8124,
143.326,8235,8214,8111,
143.336,8235,8214,8111,
143.345,8235,8206,8111,
143.357,8252,8209,8108,
143.367,8254,8204,8113,
143.376,8241,8209,8098,
143.386,8246,8212,8103,
143.397,8238,8201,8113,
143.407,8211,8135,8136,
143.417,8214,8188,8139,
143.426,8238,8196,8113,
143.435,8257,8204,8103,
143.446,8254,8209,8083,
143.457,8268,8201,8098,
143.466,8283,8206,8078,
143.475,8283,8204,8073,
143.487,8291,8201,8060,
143.496,8307,8206,8052,
143.507,8312,8196,8042,
143.519,8337,8204,8037,
143.526,8342,8196,8032,
143.536,8350,8199,8021,
143.547,8364,8199,8004,
143.556,8379,8196,7989,
143.565,8396,8193,7986,
143.576,8401,8193,7978,
143.588,8409,8193,7971,
143.597,8417,8186,7965,
143.604,8406,8155,7946,
143.616,8396,8178,7973,
143.626,8404,8186,7971,
143.637,8423,8186,7960,
143.648,8425,8188,7950,
143.657,8423,8188,7950,
143.664,8431,8188,7946,
143.677,8431,8188,7944,
143.688,8436,8186,7946,
143.694,8439,8186,7944,
143.707,8439,8188,7946,
143.717,8433,8188,7941,
143.726,8442,8181,7946,
143.735,8439,8186,7941,
143.749,8442,8186,7950,
143.757,8439,8188,7944,
143.765,8442,8186,7946,
143.775,8444,8186,7936,
143.785,8447,8183,7939,
143.797,8450,8181,7920,
143.806,8447,8168,7912,
143.815,8423,8178,7946,
143.826,8417,8181,7963,
143.835,8428,8181,7950,
143.846,8433,8181,7953,
143.857,8425,8183,7950,
143.866,8433,8181,7953,
143.876,8433,8181,7953,
143.886,8428,8183,7944,
143.896,8431,8183,7946,
143.904,8436,8183,7944,
143.916,8433,8183,7946,
143.926,8436,8186,7939,
143.936,8436,8183,7950,
143.945,8439,8181,7946,
143.956,8436,8183,7944,
143.967,8439,8183,7944,
143.978,8439,8183,7946,
143.988,8442,8183,7941,
143.997,8439,8178,7936,
144.007,8436,8168,7915,
144.016,8409,8181,7958,
144.024,8417,8188,7968,
144.036,8417,8186,7960,
144.046,8420,8186,7953,
144.055,8425,8183,7958,
144.067,8428,8188,7955,
144.073,8425,8188,7955,
144.086,8428,8186,7953,
144.094,8428,8186,7953,
144.105,8425,8181,7946,
144.117,8431,8183,7953,
144.125,8436,8186,7955,
144.134,8431,8186,7953,
144.143,8436,8183,7946,
144.153,8433,8183,7950,
144.165,8431,8188,7946,
144.174,8428,8186,7950,
144.183,8433,8186,7953,
144.195,8433,8181,7941,
144.204,8428,8168,7927,
144.215,8409,8178,7965,
144.226,8417,8188,7976,
144.235,8414,8186,7958,
144.244,8423,8183,7965,
144.255,8425,8186,7963,
144.267,8420,8186,7963,
144.276,8428,8183,7958,
144.287,8428,8183,7955,
144.296,8425,8183,7958,
144.304,8428,8183,7955,
144.316,8428,8186,7955,
144.326,8431,8186,7953,
144.336,8428,8186,7960,
144.343,8425,8186,7958,
144.356,8425,8183,7950,
144.365,8431,8186,7955,
144.372,8431,8183,7955,
144.386,8431,8188,7946,
144.396,8433,8181,7927,
144.405,8428,8165,7927,
144.414,8417,8181,7965,
144.425,8409,8175,7963,
144.434,8423,8183,7958,
144.444,8423,8183,7955,
144.456,8420,8181,7963,
144.463,8425,8181,7960,
144.477,8425,8183,7960,
144.485,8425,8186,7960,
144.495,8425,8186,7955,
144.506,8425,8181,7960,
144.515,8423,8183,7960,
144.525,8425,8181,7955,
144.536,8431,8186,7958,
144.544,8431,8183,7953,
144.555,8428,8183,7958,
144.567,8428,8186,7953,
144.575,8428,8183,7953,
144.584,8428,8186,7953,
144.593,8439,8181,7946,
144.605,8428,8178,7931,
144.613,8404,8173,7965,
144.624,8414,8178,7983,
144.635,8417,8186,7963,
144.645,8423,8181,7958,
144.655,8417,8183,7963,
144.665,8428,8183,7955,
144.672,8425,8181,7960,
144.685,8436,8186,7953,
144.693,8428,8186,7958,
144.705,8431,8186,7941,
144.713,8436,8181,7950,
144.725,8433,8188,7941,
144.736,8442,8183,7941,
144.746,8444,8188,7953,
144.755,8439,8186,7941,
144.763,8444,8186,7941,
144.774,8442,8183,7941,
144.784,8444,8186,7939,
144.794,8450,8183,7922,
144.804,8455,8161,7909,
144.815,8423,8178,7941,
144.824,8423,8183,7960,
144.835,8428,8186,7950,
144.843,8436,8183,7946,
144.855,8431,8186,7946,
144.864,8436,8183,7955,
144.875,8442,8188,7953,
144.885,8436,8186,7946,
144.896,8439,8183,7950,
144.903,8439,8188,7946,
144.915,8436,8188,7950,
144.924,8442,8188,7944,
144.934,8442,8183,7950,
144.944,8436,8183,7950,
144.955,8442,8181,7955,
144.967,8439,8186,7946,
144.975,8439,8183,7944,
144.984,8447,8178,7941,
144.995,8442,8181,7927,
145.005,8444,8173,7915,
145.017,8423,8178,7955,
145.026,8412,8181,7971,
145.034,8423,8181,7958,
145.045,8431,8181,7958,
145.053,8423,8181,7958,
145.064,8431,8183,7955,
145.075,8433,8186,7958,
145.084,8433,8183,7950,
145.094,8431,8183,7953,
145.103,8431,8181,7958,
145.115,8428,8186,7950,
145.124,8431,8181,7955,
145.134,8431,8183,7953,
145.143,8431,8183,7953,
145.153,8428,8186,7950,
145.162,8428,8186,7950,
145.173,8433,8183,7960,
145.184,8431,8183,7963,
145.194,8428,8175,7941,
145.205,8417,8165,7931,
145.214,8404,8175,7968,
145.223,8412,8186,7973,
145.234,8414,8188,7971,
145.244,8417,8183,7968,
145.253,8417,8183,7968,
145.266,8420,8186,7971,
145.274,8417,8183,7968,
145.283,8420,8188,7963,
145.293,8414,8188,7963,
145.306,8414,8188,7971,
145.314,8417,8186,7968,
145.325,8409,8186,7968,
145.334,8409,8183,7971,
145.345,8412,8186,7968,
145.353,8412,8186,7971,
145.362,8417,8188,7965,
145.375,8414,8188,7965,
145.383,8414,8186,7971,
145.395,8417,8178,7963,
145.403,8409,8145,7946,
145.411,8398,8181,7981,
145.422,8398,8181,7986,
145.434,8396,8191,7976,
145.444,8404,8186,7981,
145.455,8396,8183,7981,
145.464,8398,8188,7978,
145.474,8387,8183,7986,
145.482,8390,8191,7983,
145.494,8387,8191,7983,
145.503,8387,8191,7994,
145.512,8377,8191,7994,
145.524,8377,8191,7999,
145.534,8366,8188,8001,
145.543,8361,8191,8013,
145.554,8350,8191,8021,
145.563,8339,8191,8029,
145.575,8331,8193,8029,
145.583,8329,8188,8050,
145.594,8304,8188,8055,
145.605,8276,8181,8078,
145.612,8271,8183,8100,
145.623,8268,8191,8089,
145.631,8279,8191,8080,
145.644,8263,8199,8087,
145.653,8265,8199,8098,
145.663,8257,8199,8098,
145.673,8252,8204,8103,
145.683,8249,8204,8106,
145.693,8244,8206,8113,
145.703,8241,8206,8116,
145.711,8241,8204,8124,
145.723,8241,8206,8129,
145.733,8227,8204,8118,
145.742,8227,8209,8126,
145.751,8227,8212,8124,
145.765,8230,8212,8129,
145.775,8219,8217,8129,
145.781,8235,8199,8131,
145.792,8200,8204,8144,
145.802,8166,8178,8172,
145.813,8177,8193,8172,
145.823,8182,8199,8142,
145.834,8182,8201,8136,
145.844,8195,8201,8149,
145.855,8188,8199,8154,
145.862,8179,8209,8142,
145.873,8188,8191,8157,
145.884,8198,8209,8157,
145.892,8195,8209,8154,
145.901,8195,8204,8157,
145.912,8192,8206,8142,
145.924,8188,8212,8154,
145.933,8192,8217,8136,
145.945,8166,8212,8134,
145.951,8198,8217,8167,
145.962,8182,8206,8149,
145.973,8185,8219,8144,
145.984,8177,8204,8147,
145.994,8163,8214,8167,
146.003,8144,8188,8200,
146.012,8174,8199,8172,
146.025,8174,8201,8169,
146.034,8168,8222,8163,
146.042,8192,8206,8154,
146.056,8163,8199,8149,
146.063,8177,8212,8161,
146.073,8188,8209,8154,
146.082,8182,8206,8163,
146.095,8185,8212,8163,
146.104,8182,8209,8167,
146.113,8177,8217,8161,
146.123,8195,8214,8157,
146.132,8182,8224,8152,
146.159,8177,8209,8147,
146.16,8185,8209,8154,
146.16,8188,8204,8144,
146.172,8195,8201,8149,
146.185,8179,8219,8144,
146.194,8171,8178,8163,
146.202,8131,8191,8190,
146.214,8152,8191,8208,
146.221,8174,8191,8174,
146.233,8168,8214,8161,
146.242,8171,8199,8149,
146.253,8185,8209,8154,
146.261,8168,8209,8152,
146.272,8188,8209,8169,
146.282,8177,8204,8154,
146.292,8179,8212,8157,
146.304,8208,8217,8167,
146.312,8182,8209,8149,
146.321,8179,8209,8149,
146.334,8192,8206,8149,
146.345,8174,8214,8136,
146.353,8192,8206,8142,
146.363,8200,8217,8144,
146.373,8208,8219,8144,
146.381,8198,8206,8142,
146.392,8188,8191,8152,
146.401,8158,8193,8187,
146.413,8179,8199,8167,
146.42,8192,8214,8136,
146.434,8203,8209,8142,
146.443,8192,8209,8136,
146.452,8200,8206,8136,
146.463,8206,8214,8139,
146.471,8211,8209,8139,
146.481,8203,8209,8126,
146.493,8219,8217,8136,
146.501,8211,8206,8124,
146.514,8219,8204,8134,
146.52,8227,8217,8136,
146.531,8222,8214,8118,
146.544,8222,8217,8113,
146.552,8225,8206,8124,
146.562,8225,8206,8113,
146.573,8233,8214,8116,
146.583,8227,8201,8121,
146.593,8219,8199,8126,
146.601,8185,8191,8157,
146.613,8198,8191,8161,
146.621,8217,8199,8136,
146.632,8222,8204,8118,
146.642,8238,8199,8118,
146.653,8233,8204,8118,
146.661,8244,8206,8106,
146.672,8238,8201,8113,
146.68,8246,8206,8100,
146.693,8254,8204,8103,
146.702,8260,8209,8106,
146.712,8260,8206,8100,
146.721,8260,8204,8089,
146.731,8260,8212,8093,
146.742,8265,8204,8080,
146.751,8265,8206,8083,
146.762,8279,8204,8080,
146.771,8273,8206,8080,
146.781,8283,8212,8078,
146.79,8271,8159,8087,
146.802,8252,8170,8106,
146.812,8263,8183,8108,
146.82,8283,8196,8068,
146.834,8307,8206,8050,
146.845,8318,8199,8042,
146.853,8331,8193,8039,
146.863,8342,8193,8027,
146.871,8353,8186,8013,
146.881,8369,8191,8004,
146.891,8387,8191,7996,
146.902,8390,8196,7981,
146.911,8406,8196,7981,
146.922,8406,8191,7971,
146.93,8409,8191,7963,
146.94,8414,8191,7965,
146.953,8423,8186,7965,
146.965,8425,8191,7958,
146.972,8425,8188,7950,
146.981,8425,8188,7953,
146.991,8433,8178,7944,
147.002,8425,8153,7934,
147.012,8412,8178,7971,
147.02,8420,8186,7973,
147.031,8420,8183,7955,
147.04,8420,8186,7963,
147.053,8420,8183,7963,
147.061,8420,8183,7963,
147.072,8417,8186,7968,
147.081,8417,8181,7965,
147.092,8414,8186,7963,
147.101,8417,8186,7965,
147.111,8414,8186,7960,
147.122,8420,8186,7960,
147.132,8417,8186,7963,
147.141,8423,8188,7953,
147.152,8420,8188,7958,
147.162,8425,8183,7960,
147.172,8428,8186,7958,
147.182,8428,8183,7953,
147.193,8425,8183,7941,
147.199,8420,8175,7927,
147.212,8398,8178,7965,
147.221,8404,8181,7976,
147.232,8414,8186,7965,
147.24,8414,8183,7960,
147.252,8414,8186,7960,
147.26,8420,8183,7963,
147.27,8420,8186,7963,
147.281,8420,8183,7968,
147.29,8425,8188,7963,
147.299,8420,8186,7963,
147.311,8423,8186,7960,
147.32,8420,8186,7950,
147.329,8423,8183,7960,
147.342,8423,8186,7955,
147.351,8420,8186,7960,
147.362,8420,8188,7950,
147.37,8423,8183,7955,
147.382,8428,8186,7955,
147.391,8423,8186,7931,
147.401,8420,8165,7936,
147.411,8398,8181,7971,
147.421,8406,8183,7986,
147.433,8404,8183,7971,
147.439,8412,8181,7968,
147.45,8414,8183,7965,
147.462,8420,8186,7958,
147.471,8420,8186,7963,
147.483,8420,8186,7963,
147.489,8420,8183,7955,
147.501,8417,8181,7958,
147.51,8425,8183,7960,
147.522,8431,8186,7960,
147.53,8431,8183,7968,
147.542,8425,8188,7958,
147.55,8425,8183,7953,
147.562,8428,8183,7963,
147.57,8428,8186,7955,
147.58,8433,8183,7953,
147.59,8436,8178,7936,
147.602,8428,8178,7934,
147.611,8420,8178,7944,
147.621,8406,8181,7973,
147.631,8414,8181,7965,
147.642,8417,8181,7958,
147.652,8423,8181,7960,
147.66,8420,8183,7955,
147.672,8420,8181,7955,
147.681,8425,8186,7955,
147.691,8425,8186,7953,
147.701,8428,8186,7953,
147.71,8428,8183,7946,
147.719,8431,8183,7946,
147.731,8433,8183,7950,
147.741,8436,8186,7953,
147.75,8436,8183,7944,
147.758,8431,8183,7946,
147.769,8436,8186,7950,
147.779,8439,8183,7944,
147.791,8436,8181,7927,
147.802,8433,8161,7920,
147.809,8412,8178,7960,
147.822,8423,8181,7976,
147.83,8420,8183,7958,
147.841,8431,8181,7960,
147.849,8431,8181,7950,
147.86,8425,8188,7950,
147.87,8436,8183,7953,
147.881,8439,8183,7941,
147.89,8442,8186,7941,
147.9,8439,8181,7944,
147.911,8444,8181,7939,
147.921,8444,8186,7936,
147.93,8447,8181,7936,
147.939,8452,8186,7934,
147.95,8447,8183,7939,
147.962,8447,8186,7936,
147.972,8450,8181,7944,
147.982,8455,8178,7939,
147.993,8452,8183,7912,
147.999,8455,8173,7904,
148.013,8425,8178,7941,
148.02,8425,8181,7965,
148.03,8428,8178,7946,
148.04,8433,8183,7946,
148.048,8439,8181,7953,
148.061,8439,8181,7946,
148.073,8439,8183,7946,
148.08,8439,8183,7944,
148.088,8442,8181,7946,
148.101,8444,8181,7941,
148.111,8439,8183,7944,
148.121,8442,8181,7946,
148.131,8442,8183,7941,
148.14,8447,8181,7944,
148.149,8452,8188,7941,
148.16,8447,8183,7936,
148.169,8450,8183,7941,
148.181,8450,8183,7946,
148.191,8455,8181,7917,
148.205,8450,8168,7897,
148.209,8431,8183,7946,
148.22,8428,8178,7958,
148.23,8433,8181,7955,
148.241,8431,8181,7950,
148.25,8436,8183,7946,
148.26,8439,8183,7936,
148.269,8433,8186,7953,
148.283,8436,8183,7946,
148.291,8436,8186,7946,
148.301,8439,8181,7944,
148.31,8436,8181,7946,
148.32,8442,8186,7944,
148.33,8442,8183,7939,
148.338,8436,8181,7939,
148.349,8444,8183,7946,
148.36,8442,8183,7950,
148.372,8436,8183,7950,
148.377,8442,8186,7950,
148.388,8444,8183,7934,
148.401,8442,8161,7909,
148.411,8414,8178,7958,
148.419,8420,8186,7968,
148.43,8425,8183,7958,
148.439,8428,8181,7958,
148.45,8428,8181,7955,
148.46,8428,8186,7958,
148.469,8428,8183,7946,
148.478,8431,8183,7950,
148.489,8431,8183,7950,
148.501,8431,8183,7955,
148.509,8433,8186,7953,
148.519,8433,8183,7950,
148.529,8433,8183,7958,
148.54,8433,8186,7950,
148.549,8433,8186,7963,
148.559,8425,8186,7953,
148.569,8428,8183,7955,
148.58,8433,8186,7950,
148.589,8431,8178,7936,
148.599,8420,8159,7934,
148.608,8398,8181,7973,
148.62,8404,8181,7976,
148.629,8417,8178,7971,
148.637,8412,8181,7965,
148.649,8417,8183,7965,
148.659,8412,8186,7968,
148.668,8414,8183,7968,
148.678,8420,8183,7968,
148.687,8414,8186,7971,
148.7,8409,8186,7968,
148.712,8409,8186,7971,
148.717,8414,8183,7973,
148.73,8414,8188,7965,
148.74,8406,8183,7971,
148.75,8404,8186,7973,
148.761,8409,8183,7978,
148.77,8409,8186,7971,
148.779,8406,8183,7971,
148.79,8404,8175,7955,
148.801,8390,8155,7960,
148.809,8387,8178,7981,
148.818,8377,8186,8001,
148.829,8385,8188,7989,
148.838,8387,8186,7986,
148.85,8382,8186,7991,
148.859,8377,8188,7994,
148.869,8372,8191,8001,
148.88,8366,8191,8001,
148.889,8358,8196,8010,
148.897,8350,8191,8018,
148.908,8342,8193,8021,
148.92,8334,8196,8032,
148.929,8329,8199,8037,
148.939,8320,8193,8052,
148.949,8307,8201,8052,
148.957,8307,8199,8057,
148.969,8299,8199,8062,
148.978,8288,8199,8073,
148.99,8273,8178,8078,
148.999,8241,8181,8113,
149.009,8235,8183,8126,
149.017,8252,8199,8116,
149.028,8254,8201,8108,
149.04,8249,8201,8111,
149.048,8246,8206,8111,
149.059,8244,8201,8113,
149.07,8235,8204,8116,
149.079,8235,8204,8111,
149.087,8230,8212,8121,
149.1,8227,8217,8108,
149.109,8230,8201,8118,
149.117,8217,8201,8126,
149.131,8227,8199,8124,
149.137,8227,8214,8124,
149.149,8222,8204,8131,
149.158,8230,8209,8131,
149.171,8219,8201,8126,
149.177,8214,8204,8121,
149.189,8198,8186,8142,
149.197,8163,8165,8172,
149.208,8185,8204,8157,
149.219,8203,8199,8134,
149.23,8206,8204,8147,
149.24,8203,8209,8142,
149.249,8198,8206,8139,
149.258,8195,8209,8139,
149.269,8203,8212,8142,
149.277,8211,8204,8144,
149.288,8195,8199,8149,
149.302,8198,8212,8131,
149.31,8200,8214,8147,
149.319,8198,8206,8131,
149.33,8203,8206,8142,
149.339,8198,8219,8142,
149.349,8182,8206,8129,
149.358,8192,8217,8142,
149.369,8198,8219,8139,
149.383,8195,8206,8149,
149.389,8177,8178,8161,
149.4,8141,8188,8190,
149.407,8174,8201,8177,
149.418,8182,8217,8163,
149.426,8182,8206,8161,
149.438,8195,8209,8152,
149.448,8179,8206,8161,
149.456,8179,8206,8154,
149.467,8188,8209,8149,
149.478,8192,8217,8149,
149.489,8192,8209,8154,
149.498,8195,8212,8161,
149.507,8203,8217,8131,
149.519,8198,8217,8147,
149.528,8198,8219,8139,
149.539,8206,8212,8149,
149.548,8182,8219,8136,
149.557,8200,8206,8142,
149.571,8200,8222,8139,
149.578,8200,8214,8131,
149.587,8185,8178,8154,
149.6,8147,8186,8198,
149.609,8166,8188,8177,
149.618,8185,8206,8154,
149.627,8192,8201,8163,
149.639,8179,8204,8144,
149.649,8168,8204,8152,
149.658,8182,8209,8157,
149.666,8185,8204,8147,
149.679,8195,8214,8152,
149.686,8182,8206,8152,
149.697,8185,8209,8142,
149.708,8179,8209,8136,
149.719,8188,8214,8147,
149.729,8206,8206,8144,
149.738,8208,8214,8136,
149.749,8211,8212,8142,
149.757,8206,8201,8134,
149.768,8206,8217,8129,
149.777,8217,8201,8147,
149.787,8188,8183,8149,
149.797,8163,8170,8190,
149.806,8185,8199,8161,
149.82,8206,8196,8142,
149.825,8203,8201,8139,
149.839,8208,8209,8144,
149.85,8206,8201,8131,
149.856,8214,8204,8139,
149.869,8211,8204,8126,
149.876,8217,8201,8126,
149.888,8225,8199,8113,
149.899,8225,8212,8134,
149.907,8227,8214,8121,
149.917,8230,8204,8121,
149.928,8235,8204,8124,
149.938,8235,8209,8111,
149.946,8225,8206,8113,
149.957,8238,8212,8118,
149.967,8233,8201,8106,
149.977,8233,8204,8103,
149.988,8233,8170,8124,
149.996,8192,8178,8142,
150.007,8222,8199,8136,
150.019,8244,8193,8116,
150.026,8244,8204,8100,
150.037,8246,8206,8106,
150.048,8257,8204,8108,
150.057,8252,8204,8106,
150.069,8260,8199,8100,
150.078,8257,8212,8098,
150.087,8260,8201,8083,
150.098,8268,8201,8083,
150.107,8283,8212,8080,
150.117,8283,8206,8075,
150.128,8285,8199,8073,
150.139,8299,8209,8055,
150.145,8307,8204,8060,
150.156,8320,8201,8055,
150.168,8323,8201,8039,
150.177,8337,8196,8032,
150.187,8339,8196,8018,
150.198,8331,8150,8021,
150.209,8345,8188,8027,
150.215,8361,8186,7999,
150.227,8372,8188,7994,
150.236,8379,8191,7989,
150.247,8390,8191,7989,
150.256,8390,8193,7983,
150.269,8401,8191,7981,
150.278,8404,8188,7971,
150.286,8406,8188,7971,
150.294,8412,8188,7968,
150.306,8417,8191,7960,
150.318,8420,8186,7963,
150.327,8425,8188,7960,
150.337,8431,8186,7953,
150.348,8433,8186,7950,
150.357,8433,8183,7946,
150.367,8444,8186,7939,
150.377,8436,8181,7936,
150.408,8436,8183,7934,
150.411,8436,8145,7915,
150.412,8414,8178,7955,
150.419,8423,8178,7965,
150.429,8433,8181,7958,
150.437,8433,8183,7944,
150.446,8431,8181,7946,
150.457,8431,8183,7946,
150.467,8431,8181,7955,
150.476,8436,8183,7946,
150.488,8436,8181,7946,
150.497,8436,8186,7953,
150.508,8439,8183,7944,
150.516,8433,8183,7939,
150.529,8442,8183,7941,
150.535,8436,8183,7941,
150.546,8439,8181,7941,
150.555,8444,8183,7939,
150.569,8442,8181,7936,
150.576,8439,8183,7946,
150.586,8450,8183,7931,
150.596,8447,8155,7907,
150.605,8417,8175,7953,
150.619,8423,8181,7968,
150.628,8428,8183,7953,
150.638,8431,8181,7955,
150.647,8433,8183,7950,
150.656,8433,8183,7950,
150.667,8433,8183,7944,
150.676,8439,8183,7950,
150.686,8442,8183,7944,
150.696,8436,8186,7941,
150.707,8439,8186,7944,
150.716,8436,8183,7944,
150.725,8439,8183,7941,
150.736,8431,8183,7946,
150.748,8444,8188,7944,
150.758,8439,8183,7946,
150.765,8436,8186,7950,
150.778,8439,8183,7950,
150.786,8439,8181,7946,
150.795,8431,8159,7927,
150.806,8409,8173,7958,
150.816,8404,8181,7973,
150.825,8417,8183,7968,
150.838,8420,8183,7965,
150.848,8420,8186,7958,
150.854,8420,8183,7960,
150.868,8420,8183,7960,
150.876,8423,8186,7960,
150.887,8423,8183,7955,
150.897,8425,8186,7960,
150.907,8425,8186,7960,
150.918,8428,8188,7955,
150.927,8428,8188,7953,
150.937,8423,8188,7955,
150.946,8425,8188,7955,
150.956,8423,8186,7953,
150.965,8425,8188,7960,
150.973,8428,8188,7955,
150.985,8431,8183,7941,
150.995,8428,8173,7931,
151.005,8412,8181,7965,
151.014,8420,8178,7973,
151.026,8420,8181,7960,
151.035,8425,8181,7963,
151.044,8423,8186,7958,
151.057,8423,8186,7950,
151.064,8431,8183,7958,
151.075,8431,8183,7955,
151.085,8431,8186,7955,
151.096,8433,8186,7958,
151.106,8439,8178,7953,
151.115,8442,8183,7950,
151.124,8444,8183,7946,
151.137,8436,8186,7944,
151.148,8442,8183,7941,
151.154,8450,8183,7944,
151.168,8447,8186,7941,
151.178,8450,8183,7936,
151.188,8450,8183,7917,
151.197,8452,8170,7904,
151.206,8431,8181,7941,
151.216,8442,8178,7953,
151.226,8439,8181,7944,
151.235,8444,8181,7941,
151.244,8447,8183,7944,
151.257,8450,8183,7934,
151.267,8452,8181,7934,
151.275,8455,8181,7939,
151.287,8452,8181,7936,
151.295,8455,8181,7927,
151.307,8458,8181,7934,
151.317,8458,8183,7927,
151.327,8458,8183,7931,
151.335,8458,8183,7922,
151.345,8458,8181,7922,
151.357,8468,8183,7925,
151.365,8458,8183,7925,
151.375,8463,8181,7922,
151.385,8479,8181,7899,
151.395,8471,8168,7891,
151.404,8447,8175,7934,
151.417,8439,8181,7939,
151.425,8444,8178,7941,
151.458,8444,8183,7936,
151.461,8450,8181,7936,
151.462,8450,8181,7936,
151.467,8447,8183,7939,
151.479,8447,8183,7931,
151.485,8452,8178,7934,
151.495,8450,8181,7936,
151.505,8450,8183,7939,
151.517,8450,8181,7936,
151.528,8450,8183,7936,
151.536,8450,8181,7931,
151.545,8450,8181,7934,
151.557,8447,8183,7934,
151.567,8447,8183,7936,
151.577,8447,8186,7936,
151.584,8450,8181,7925,
151.596,8442,8165,7899,
151.605,8417,8170,7950,
151.615,8412,8183,7958,
151.625,8428,8181,7955,
151.634,8423,8181,7958,
151.643,8423,8183,7950,
151.655,8428,8181,7958,
151.665,8425,8183,7958,
151.675,8425,8183,7950,
151.684,8425,8181,7958,
151.695,8428,8181,7960,
151.704,8423,8183,7946,
151.715,8423,8183,7955,
151.725,8425,8183,7955,
151.735,8417,8183,7958,
151.743,8425,8186,7960,
151.755,8425,8181,7960,
151.767,8425,8183,7960,
151.776,8425,8183,7958,
151.785,8425,8178,7939,
151.793,8417,8165,7925,
151.806,8393,8178,7973,
151.817,8404,8181,7973,
151.827,8409,8181,7976,
151.834,8412,8183,7978,
151.845,8409,8183,7971,
151.855,8409,8186,7971,
151.866,8412,8183,7968,
151.873,8417,8183,7973,
151.885,8414,8186,7968,
151.894,8414,8183,7965,
151.906,8412,8186,7976,
151.914,8409,8186,7971,
151.924,8409,8186,7971,
151.936,8414,8186,7971,
151.945,8414,8188,7971,
151.956,8414,8188,7971,
151.965,8412,8186,7971,
151.975,8409,8183,7971,
151.984,8414,8181,7955,
151.994,8401,8161,7946,
152.004,8396,8173,7971,
152.016,8387,8186,7996,
152.024,8390,8186,7981,
152.033,8396,8183,7983,
152.044,8393,8186,7981,
152.053,8393,8183,7983,
152.065,8387,8191,7986,
152.074,8390,8188,7986,
152.084,8385,8191,7983,
152.093,8387,8191,7994,
152.103,8387,8193,7996,
152.115,8387,8188,7991,
152.126,8385,8188,7986,
152.134,8387,8191,7994,
152.144,8382,8193,7994,
152.153,8377,8191,7991,
152.164,8377,8193,7999,
152.173,8377,8191,7996,
152.186,8364,8183,7996,
152.194,8345,8165,8015,
152.205,8331,8186,8037,
152.216,8337,8188,8039,
152.224,8331,8193,8029,
152.235,8329,8191,8039,
152.246,8315,8193,8047,
152.252,8315,8193,8052,
152.266,8310,8196,8060,
152.273,8301,8199,8062,
152.285,8293,8204,8065,
152.297,8288,8199,8073,
152.303,8288,8201,8080,
152.316,8283,8206,8078,
152.325,8283,8209,8087,
152.334,8265,8212,8087,
152.345,8263,8214,8089,
152.354,8271,8206,8106,
152.363,8249,8214,8093,
152.374,8246,8204,8103,
152.384,8235,8186,8121,
152.395,8188,8150,8149,
152.403,8214,8196,8149,
152.416,8222,8204,8134,
152.426,8214,8217,8124,
152.435,8225,8204,8139,
152.444,8214,8196,8139,
152.455,8208,8209,8136,
152.466,8214,8206,8147,
152.475,8211,8209,8144,
152.483,8206,8204,8152,
152.492,8211,8206,8129,
152.507,8200,8212,8144,
152.513,8195,8214,8152,
152.522,8188,8204,8149,
152.54,8179,8204,8147,
152.546,8195,8214,8152,
152.556,8177,8204,8144,
152.564,8188,8209,8154,
152.574,8179,8212,8152,
152.584,8168,8161,8167,
152.597,8131,8165,8198,
152.604,8144,8193,8208,
152.615,8166,8204,8163,
152.622,8166,8209,8163,
152.633,8179,8219,8163,
152.642,8174,8217,8174,
152.655,8177,8214,8182,
152.664,8174,8209,8163,
152.675,8166,8212,8161,
152.684,8171,8209,8161,
152.695,8177,8214,8169,
152.702,8177,8212,8152,
152.715,8192,8206,8169,
152.725,8166,8204,8152,
152.734,8174,8209,8163,
152.743,8166,8199,8163,
152.752,8166,8206,8169,
152.765,8177,8222,8161,
152.774,8179,8206,8161,
152.784,8152,8204,8185,
152.793,8136,8165,8205,
152.804,8166,8199,8180,
152.815,8166,8206,8157,
152.824,8171,8199,8161,
152.833,8174,8206,8161,
152.845,8174,8214,8154,
152.851,8168,8212,8147,
152.865,8182,8209,8172,
152.874,8177,8212,8152,
152.882,8203,8199,8144,
152.893,8168,8217,8142,
152.904,8182,8212,8147,
152.914,8188,8204,8154,
152.922,8192,8204,8147,
152.936,8188,8227,8152,
152.942,8179,8212,8149,
152.951,8192,8217,8144,
152.964,8188,8217,8142,
152.975,8188,8212,8154,
152.983,8171,8196,8154,
152.993,8136,8188,8203,
153.002,8152,8193,8187,
153.013,8171,8201,8163,
153.024,8171,8196,8147,
153.033,8177,8224,8163,
153.043,8174,8206,8154,
153.052,8177,8209,8147,
153.064,8188,8206,8163,
153.073,8185,8212,8131,
153.085,8200,8199,8152,
153.095,8185,8217,8144,
153.103,8195,8214,8147,
153.114,8203,8209,8136,
153.124,8217,8212,8134,
153.135,8206,8219,8134,
153.145,8206,8212,8134,
153.151,8222,8204,8142,
153.162,8200,8206,8124,
153.173,8208,8212,8129,
153.182,8200,8178,8131,
153.193,8163,8173,8172,
153.203,8179,8188,8167,
153.213,8188,8204,8144,
153.224,8208,8209,8142,
153.233,8214,8209,8139,
153.242,8219,8201,8144,
153.253,8211,8201,8142,
153.263,8214,8206,8124,
153.275,8219,8193,8131,
153.281,8227,8204,8131,
153.293,8235,8214,8121,
153.304,8225,8204,8118,
153.314,8230,8212,8124,
153.322,8235,8224,8126,
153.331,8230,8222,8118,
153.342,8227,8206,8111,
153.353,8230,8212,8111,
153.362,8249,8214,8116,
153.372,8241,8204,8116,
153.383,8225,8206,8118,
153.391,8188,8199,8152,
153.405,8222,8206,8144,
153.414,8238,8204,8126,
153.423,8244,8212,8121,
153.435,8241,8204,8106,
153.444,8244,8201,8106,
153.452,8260,8206,8106,
153.462,8257,8199,8089,
153.471,8271,8199,8095,
153.483,8279,8204,8095,
153.494,8276,8196,8075,
153.503,8296,8209,8070,
153.513,8293,8201,8057,
153.523,8315,8199,8060,
153.531,8320,8201,8042,
153.544,8329,8204,8032,
153.551,8345,8199,8029,
153.563,8353,8204,8015,
153.575,8364,8193,8004,
153.584,8369,8186,8004,
153.594,8361,8165,7986,
153.603,8372,8181,7994,
153.615,8396,8181,7989,
153.627,8401,8191,7973,
153.643,8414,8191,7968,
153.644,8420,8186,7965,
153.651,8425,8188,7960,
153.661,8428,8183,7950,
153.673,8439,8191,7950,
153.682,8436,8183,7944,
153.695,8436,8183,7939,
153.704,8447,8183,7936,
153.712,8447,8186,7931,
153.723,8450,8188,7927,
153.733,8444,8183,7925,
153.742,8450,8186,7925,
153.751,8455,8183,7927,
153.763,8455,8181,7931,
153.774,8461,8183,7912,
153.784,8471,8178,7899,
153.79,8463,8181,7897,
153.803,8436,8181,7939,
153.813,8444,8183,7950,
153.822,8444,8181,7925,
153.831,8450,8181,7925,
153.843,8458,8181,7931,
153.852,8468,8181,7922,
153.864,8468,8183,7920,
153.875,8471,8175,7912,
153.882,8473,8178,7915,
153.894,8476,8181,7912,
153.902,8479,8178,7912,
153.911,8484,8181,7907,
153.922,8484,8181,7909,
153.933,8481,8181,7904,
153.944,8487,8181,7909,
153.955,8484,8181,7912,
153.962,8487,8181,7902,
153.973,8487,8183,7899,
153.982,8503,8175,7875,
153.994,8511,8168,7860,
154.001,8490,8178,7884,
154.012,8463,8175,7927,
154.024,8473,8178,7915,
154.032,8476,8178,7909,
154.043,8484,8183,7909,
154.052,8481,8178,7909,
154.061,8479,8175,7912,
154.073,8487,8181,7907,
154.084,8487,8175,7912,
154.09,8479,8178,7904,
154.102,8481,8178,7909,
154.111,8481,8178,7909,
154.125,8484,8178,7904,
154.13,8479,8178,7907,
154.141,8481,8181,7904,
154.153,8490,8181,7909,
154.164,8487,8181,7899,
154.17,8492,8178,7902,
154.184,8500,8175,7872,
154.193,8511,8168,7846,
154.203,8503,8181,7870,
154.214,8476,8175,7912,
154.222,8476,8178,7912,
154.231,8479,8181,7902,
154.244,8481,8175,7909,
154.253,8490,8181,7894,
154.262,8492,8175,7915,
154.272,8492,8181,7899,
154.28,8492,8175,7897,
154.293,8500,8178,7894,
154.302,8503,8175,7894,
154.312,8500,8178,7891,
154.32,8503,8178,7889,
154.331,8503,8175,7891,
154.34,8506,8175,7897,
154.351,8506,8175,7891,
154.363,8503,8178,7889,
154.371,8509,8181,7884,
154.382,8525,8178,7862,
154.391,8541,8170,7820,
154.4,8506,8181,7867,
154.411,8487,8175,7894,
154.42,8495,8175,7897,
154.432,8495,8181,7891,
154.441,8495,8175,7894,
154.45,8500,8175,7891,
154.462,8492,8178,7897,
154.47,8492,8181,7886,
154.482,8495,8178,7889,
154.491,8495,8175,7897,
154.502,8498,8178,7891,
154.512,8495,8181,7894,
154.522,8498,8175,7897,
154.532,8495,8175,7894,
154.541,8495,8175,7899,
154.553,8492,8178,7897,
154.563,8492,8178,7897,
154.572,8503,8175,7897,
154.581,8511,8178,7875,
154.591,8514,8170,7841,
154.602,8487,8173,7891,
154.612,8479,8175,7917,
154.62,8479,8178,7917,
154.632,8479,8175,7909,
154.641,8479,8181,7909,
154.65,8476,8178,7907,
154.661,8476,8178,7912,
154.67,8479,8178,7909,
154.683,8473,8181,7909,
154.692,8476,8178,7909,
154.705,8476,8178,7912,
154.713,8473,8181,7909,
154.723,8473,8178,7922,
154.731,8473,8181,7907,
154.74,8468,8175,7912,
154.751,8471,8183,7920,
154.763,8461,8183,7920,
154.77,8463,8181,7920,
154.783,8473,8181,7894,
154.792,8484,8173,7872,
154.801,8442,8175,7931,
154.812,8439,8183,7953,
154.821,8450,8183,7934,
154.831,8447,8178,7939,
154.842,8450,8178,7941,
154.851,8447,8181,7936,
154.861,8455,8181,7931,
154.87,8447,8178,7944,
154.881,8450,8183,7939,
154.893,8447,8181,7934,
154.902,8447,8183,7936,
154.911,8447,8181,7934,
154.92,8444,8181,7936,
154.93,8444,8181,7944,
154.94,8444,8183,7936,
154.951,8439,8183,7944,
154.961,8439,8175,7946,
154.971,8442,8181,7939,
154.981,8450,8173,7931,
154.99,8436,8165,7912,
155,8409,8181,7958,
155.01,8420,8181,7973,
155.02,8417,8181,7960,
155.034,8420,8183,7960,
155.04,8423,8183,7960,
155.052,8425,8181,7965,
155.062,8423,8183,7958,
155.072,8420,8183,7963,
155.082,8423,8183,7963,
155.091,8425,8186,7960,
155.102,8423,8181,7965,
155.11,8423,8186,7958,
155.122,8420,8188,7963,
155.131,8423,8186,7971,
155.143,8423,8183,7960,
155.151,8420,8186,7965,
155.16,8420,8188,7965,
155.17,8420,8183,7965,
155.181,8428,8181,7941,
155.192,8414,8168,7936,
155.203,8393,8175,7983,
155.212,8404,8181,7986,
155.222,8404,8181,7968,
155.232,8406,8183,7965,
155.24,8406,8181,7976,
155.25,8414,8183,7973,
155.261,8409,8183,7971,
155.271,8409,8186,7968,
155.279,8409,8183,7976,
155.29,8406,8186,7968,
155.3,8409,8186,7976,
155.31,8409,8178,7976,
155.32,8412,8183,7971,
155.33,8412,8186,7971,
155.34,8409,8188,7978,
155.351,8406,8188,7976,
155.361,8406,8191,7983,
155.369,8406,8188,7968,
155.38,8406,8181,7963,
155.39,8393,8168,7958,
155.4,8396,8181,7976,
155.411,8382,8183,7994,
155.42,8390,8188,7989,
155.432,8390,8188,7981,
155.44,8387,8186,7989,
155.45,8387,8188,7986,
155.462,8385,8188,7986,
155.468,8382,8186,7999,
155.48,8377,8186,7994,
155.493,8377,8188,7999,
155.499,8369,8188,8008,
155.51,8361,8191,8010,
155.519,8353,8196,8021,
155.53,8345,8196,8027,
155.538,8331,8196,8032,
155.549,8326,8193,8039,
155.561,8318,8196,8050,
155.572,8304,8196,8055,
155.578,8283,8175,8073,
155.591,8254,8178,8103,
155.603,8249,8188,8116,
155.612,8252,8193,8116,
155.62,8244,8196,8116,
155.63,8244,8204,8118,
155.64,8230,8199,8136,
155.652,8225,8204,8134,
155.658,8217,8206,8131,
155.668,8206,8214,8134,
155.679,8203,8212,8131,
155.689,8206,8212,8147,
155.7,8198,8212,8142,
155.709,8188,8206,8147,
155.72,8192,8217,8154,
155.73,8179,8212,8147,
155.74,8179,8201,8157,
155.748,8179,8209,8152,
155.758,8177,8217,8149,
155.771,8171,8217,8167,
155.781,8158,8159,8185,
155.791,8125,8178,8213,
155.8,8106,8199,8261,
155.809,8147,8230,8180,
155.82,8174,8209,8182,
155.831,8144,8209,8167,
155.838,8152,8217,8180,
155.848,8166,8214,8172,
155.859,8150,8217,8180,
155.869,8150,8214,8182,
155.877,8147,8219,8180,
155.888,8163,8219,8177,
155.899,8152,8214,8187,
155.909,8141,8217,8167,
155.918,8150,8214,8177,
155.928,8152,8201,8180,
155.941,8139,8222,8174,
155.95,8147,8206,8180,
155.962,8158,8209,8174,
155.971,8147,8230,8177,
155.98,8131,8196,8190,
155.99,7975,8196,8347,
156.001,8064,8204,8277,
156.01,8097,8209,8238,
156.02,8133,8212,8203,
156.032,8152,8206,8190,
156.04,8152,8209,8190,
156.051,8131,8217,8185,
156.058,8155,8217,8182,
156.071,8150,8212,8177,
156.08,8158,8212,8180,
156.089,8152,8214,8161,
156.099,8171,8219,8192,
156.108,8158,8212,8172,
156.12,8150,8206,8163,
156.129,8171,8224,8169,
156.14,8158,8214,8172,
156.15,8158,8219,8185,
156.162,8155,8206,8163,
156.168,8158,8204,8174,
156.179,8147,8181,8185,
156.19,8103,8170,8221,
156.199,8117,8201,8205,
156.211,8152,8209,8177,
156.219,8160,8196,8172,
156.228,8163,8201,8182,
156.241,8155,8214,8161,
156.247,8158,8214,8174,
156.259,8168,8209,8172,
156.271,8174,8206,8163,
156.28,8158,8214,8172,
156.289,8163,8217,8157,
156.3,8188,8199,8157,
156.311,8177,8227,8172,
156.318,8174,8219,8157,
156.331,8177,8212,8147,
156.34,8168,8217,8147,
156.35,8177,8214,8144,
156.358,8195,8209,8154,
156.367,8188,8227,8161,
156.379,8168,8186,8167,
156.387,8141,8170,8205,
156.4,8122,8201,8235,
156.409,8163,8204,8172,
156.42,8174,8224,8157,
156.429,8179,8204,8167,
156.438,8174,8204,8163,
156.448,8171,8212,8157,
156.46,8163,8212,8157,
156.47,8188,8209,8152,
156.479,8177,8201,8154,
156.489,8177,8214,8157,
156.5,8188,8204,8152,
156.508,8182,8222,8154,
156.52,8192,8209,8154,
156.531,8182,8217,8147,
156.538,8179,8206,8139,
156.548,8182,8214,8149,
156.558,8200,8206,8154,
156.571,8188,8224,8134,
156.58,8177,8165,8161,
156.591,8144,8183,8200,
156.6,8174,8196,8177,
156.607,8182,8217,8167,
156.618,8185,8199,8149,
156.628,8185,8209,8149,
156.641,8179,8222,8154,
156.649,8188,8217,8154,
156.658,8188,8222,8149,
156.669,8192,8217,8147,
156.681,8195,8206,8147,
156.688,8195,8217,8154,
156.7,8192,8214,8147,
156.71,8195,8209,8134,
156.719,8198,8214,8144,
156.727,8198,8209,8136,
156.738,8206,8206,8139,
156.748,8200,8209,8147,
156.759,8219,8206,8144,
156.768,8200,8209,8139,
156.778,8188,8204,8152,
156.788,8160,8150,8185,
156.799,8192,8201,8157,
156.809,8208,8204,8139,
156.818,8203,8206,8129,
156.83,8203,8212,8126,
156.839,8222,8214,8126,
156.848,8219,8204,8129,
156.857,8227,8206,8113,
156.867,8222,8206,8113,
156.878,8241,8214,8116,
156.888,8233,8212,8103,
156.897,8249,8204,8106,
156.908,8246,8204,8087,
156.919,8263,8206,8103,
156.928,8268,8196,8095,
156.939,8279,8209,8080,
156.949,8283,8204,8068,
156.96,8283,8209,8070,
156.968,8301,8199,8060,
156.979,8296,8201,8050,
156.988,8283,8159,8070,
156.998,8307,8191,8060,
157.008,8334,8199,8039,
157.019,8342,8191,8024,
157.029,8358,8191,8010,
157.038,8382,8193,8004,
157.048,8393,8191,7994,
157.059,8404,8188,7978,
157.069,8409,8188,7968,
157.077,8425,8188,7958,
157.086,8431,8193,7953,
157.099,8436,8188,7941,
157.108,8444,8186,7939,
157.117,8452,8188,7936,
157.127,8461,8183,7915,
157.136,8476,8183,7912,
157.15,8481,8186,7909,
157.156,8492,8181,7902,
157.168,8492,8181,7897,
157.179,8511,8178,7867,
157.19,8522,8170,7846,
157.196,8498,8178,7879,
157.209,8487,8178,7909,
157.218,8498,8178,7904,
157.229,8503,8181,7902,
157.24,8506,8181,7891,
157.248,8509,8178,7884,
157.258,8509,8183,7879,
157.268,8511,8178,7881,
157.279,8509,8178,7884,
157.288,8511,8181,7870,
157.299,8514,8175,7872,
157.308,8514,8175,7867,
157.318,8511,8175,7875,
157.326,8509,8175,7879,
157.339,8511,8175,7879,
157.348,8511,8173,7875,
157.358,8511,8175,7875,
157.366,8517,8178,7881,
157.377,8533,8173,7848,
157.386,8541,8173,7815,
157.397,8536,8168,7825,
157.406,8503,8175,7886,
157.417,8498,8181,7886,
157.429,8495,8175,7894,
157.439,8498,8183,7889,
157.447,8506,8181,7886,
157.459,8509,8178,7881,
157.467,8506,8173,7875,
157.478,8511,8178,7881,
157.489,8511,8181,7884,
157.496,8506,8175,7884,
157.507,8509,8178,7884,
157.519,8506,8178,7881,
157.529,8509,8175,7879,
157.539,8509,8178,7881,
157.548,8511,8178,7886,
157.558,8509,8173,7881,
157.569,8522,8175,7872,
157.579,8533,8173,7838,
157.585,8573,8173,7805,
157.595,8544,8175,7825,
157.606,8503,8175,7891,
157.619,8500,8175,7894,
157.625,8495,8178,7894,
157.637,8503,8170,7891,
157.648,8503,8175,7897,
157.659,8503,8181,7884,
157.666,8506,8178,7881,
157.676,8506,8170,7891,
157.687,8514,8181,7886,
157.697,8509,8181,7879,
157.706,8506,8175,7872,
157.719,8503,8175,7879,
157.729,8503,8175,7894,
157.735,8506,8178,7884,
157.747,8506,8175,7889,
157.759,8503,8178,7886,
157.765,8509,8178,7886,
157.779,8522,8173,7867,
157.787,8536,8168,7823,
157.795,8517,8181,7886,
157.806,8495,8173,7894,
157.817,8490,8178,7891,
157.827,8495,8175,7894,
157.838,8498,8178,7899,
157.847,8495,8178,7894,
157.858,8492,8170,7899,
157.866,8498,8175,7902,
157.879,8495,8175,7891,
157.888,8495,8178,7899,
157.898,8492,8175,7899,
157.907,8492,8175,7897,
157.918,8492,8181,7894,
157.928,8498,8175,7909,
157.938,8490,8183,7894,
157.946,8492,8173,7899,
157.957,8484,8178,7909,
157.967,8490,8181,7899,
157.977,8500,8175,7879,
157.988,8506,8161,7860,
157.996,8473,8178,7915,
158.007,8458,8183,7934,
158.018,8461,8178,7915,
158.026,8471,8175,7912,
158.037,8471,8175,7912,
158.047,8471,8181,7912,
158.057,8473,8181,7909,
158.068,8468,8175,7909,
158.079,8471,8178,7917,
158.088,8471,8181,7915,
158.098,8471,8181,7917,
158.108,8463,8181,7920,
158.116,8468,8178,7922,
158.128,8468,8181,7920,
158.137,8461,8178,7922,
158.147,8468,8181,7920,
158.156,8468,8178,7917,
158.169,8468,8183,7912,
158.177,8484,8168,7891,
158.188,8476,8173,7881,
158.196,8442,8183,7927,
158.208,8439,8178,7944,
158.218,8436,8178,7944,
158.226,8442,8175,7936,
158.236,8447,8181,7934,
158.248,8442,8181,7934,
158.257,8447,8183,7939,
158.267,8447,8178,7936,
158.276,8447,8181,7936,
158.287,8444,8183,7941,
158.295,8444,8181,7936,
158.305,8447,8183,7936,
158.317,8442,8181,7946,
158.326,8442,8183,7953,
158.337,8439,8186,7939,
158.346,8439,8181,7944,
158.355,8436,8183,7939,
158.366,8436,8183,7941,
158.375,8442,8178,7915,
158.389,8442,8168,7917,
158.395,8431,8181,7941,
158.409,8409,8183,7971,
158.416,8417,8181,7963,
158.426,8420,8181,7958,
158.435,8417,8183,7960,
158.449,8420,8181,7960,
158.456,8420,8186,7963,
158.466,8423,8181,7960,
158.478,8417,8186,7955,
158.489,8420,8186,7958,
158.495,8423,8181,7963,
158.508,8417,8186,7958,
158.516,8423,8181,7960,
158.524,8417,8186,7960,
158.537,8423,8188,7963,
158.546,8417,8186,7965,
158.556,8420,8183,7960,
158.564,8428,8186,7968,
158.577,8423,8175,7950,
158.586,8412,8161,7936,
158.597,8412,8181,7960,
158.606,8393,8183,7981,
158.615,8398,8181,7976,
158.626,8406,8186,7973,
158.637,8401,8188,7971,
158.647,8409,8186,7971,
158.656,8406,8186,7968,
158.669,8401,8183,7971,
158.675,8406,8188,7968,
158.688,8409,8188,7976,
158.695,8412,8186,7971,
158.704,8412,8188,7976,
158.715,8406,8188,7968,
158.726,8409,8188,7976,
158.734,8404,8186,7976,
158.746,8401,8188,7981,
158.757,8404,8186,7978,
158.767,8409,8188,7971,
158.773,8406,8181,7965,
158.787,8396,8168,7958,
158.796,8382,8173,7983,
158.807,8390,8186,8001,
158.815,8385,8186,7986,
158.827,8390,8188,7983,
158.836,8387,8186,7989,
158.846,8387,8186,7981,
158.857,8387,8186,7991,
158.865,8382,8191,7983,
158.875,8382,8186,7991,
158.885,8387,8188,7994,
158.896,8385,8193,7991,
158.906,8385,8183,7986,
158.914,8390,8191,7989,
158.926,8385,8191,7991,
158.935,8382,8188,7994,
158.946,8387,8191,7991,
158.956,8379,8193,7994,
158.965,8369,8188,8001,
158.976,8361,8188,8001,
158.986,8342,8161,8013,
158.996,8320,8181,8042,
159.006,8326,8191,8045,
159.017,8331,8191,8037,
159.026,8320,8193,8047,
159.035,8307,8193,8052,
159.048,8301,8193,8065,
159.057,8283,8199,8073,
159.064,8276,8199,8080,
159.075,8276,8196,8089,
159.086,8263,8201,8098,
159.095,8244,8214,8103,
159.107,8235,8201,8111,
159.116,8233,8204,8121,
159.127,8227,8201,8131,
159.136,8225,8206,8136,
159.148,8222,8204,8136,
159.156,8214,8212,8134,
159.165,8195,8206,8139,
159.175,8177,8186,8161,
159.185,8147,8193,8192,
159.195,8177,8193,8177,
159.205,8179,8199,8161,
159.216,8163,8209,8161,
159.226,8185,8214,8167,
159.235,8171,8209,8174,
159.244,8166,8222,8157,
159.255,8163,8206,8174,
159.265,8163,8209,8169,
159.276,8158,8222,8174,
159.285,8158,8222,8172,
159.296,8150,8212,8163,
159.304,8155,8212,8163,
159.315,8158,8227,8185,
159.325,8160,8219,8172,
159.335,8150,8199,8174,
159.346,8158,8209,8180,
159.353,8147,8209,8161,
159.364,8144,8222,8177,
159.374,8120,8183,8180,
159.386,8094,8168,8246,
159.395,8088,8201,8259,
159.405,8122,8232,8238,
159.414,8144,8204,8198,
159.423,8152,8214,8174,
159.436,8144,8214,8182,
159.445,8147,8212,8172,
159.455,8150,8222,8174,
159.466,8144,8224,8174,
159.474,8147,8201,8163,
159.487,8163,8206,8182,
159.496,8158,8217,8182,
159.502,8141,8212,8174,
159.515,8152,8209,8161,
159.526,8144,8209,8185,
159.536,8136,8204,8154,
159.544,8147,8224,8182,
159.554,8141,8206,8185,
159.565,8155,8222,8172,
159.578,8144,8178,8198,
159.584,8077,8183,8238,
159.593,8061,8188,8284,
159.606,8094,8219,8213,
159.615,8131,8212,8195,
159.625,8163,8204,8190,
159.634,8163,8217,8185,
159.646,8144,8224,8174,
159.655,8177,8217,8185,
159.665,8166,8212,8172,
159.674,8174,8204,8177,
159.684,8177,8212,8174,
159.695,8147,8217,8172,
159.706,8166,8212,8185,
159.715,8163,8217,8161,
159.726,8166,8214,8180,
159.735,8160,8209,8167,
159.743,8174,8219,8154,
159.752,8168,8209,8169,
159.764,8166,8201,8149,
159.773,8160,8159,8177,
159.784,8112,8191,8208,
159.795,8139,8212,8203,
159.803,8155,8217,8157,
159.816,8160,8212,8167,
159.825,8177,8204,8185,
159.836,8163,8214,8154,
159.846,8174,8199,8177,
159.855,8166,8214,8163,
159.866,8182,8214,8161,
159.874,8166,8206,8161,
159.886,8179,8204,8152,
159.893,8188,8206,8161,
159.905,8185,8209,8157,
159.915,8188,8224,8142,
159.924,8185,8222,8149,
159.934,8198,8212,8149,
159.944,8185,8214,8149,
159.954,8203,8204,8157,
159.965,8200,8209,8139,
159.975,8179,8181,8149,
159.986,8150,8173,8187,
159.995,8185,8199,8167,
160.005,8192,8204,8147,
160.014,8185,8206,8142,
160.023,8185,8209,8136,
160.038,8217,8201,8136,
160.044,8214,8209,8142,
160.052,8200,8206,8134,
160.066,8222,8214,8124,
160.073,8225,8209,8129,
160.085,8227,8204,8134,
160.095,8219,8217,8116,
160.104,8230,8204,8124,
160.113,8225,8204,8108,
160.125,8241,8206,8116,
160.133,8233,8209,8100,
160.144,8244,8212,8100,
160.156,8260,8212,8111,
160.164,8254,8204,8083,
160.176,8257,8191,8093,
160.185,8238,8204,8111,
160.193,8271,8196,8093,
160.202,8293,8204,8060,
160.215,8315,8193,8050,
160.224,8331,8196,8034,
160.233,8347,8199,8029,
160.244,8366,8199,8001,
160.252,8393,8188,7983,
160.264,8406,8193,7971,
160.275,8428,8193,7960,
160.282,8436,8186,7941,
160.295,8458,8188,7936,
160.306,8463,8188,7920,
160.313,8479,8183,7909,
160.324,8487,8183,7904,
160.335,8495,8183,7904,
160.346,8500,8183,7897,
160.352,8498,8183,7886,
160.363,8511,8178,7889,
160.374,8519,8178,7865,
160.382,8530,8168,7843,
160.394,8500,8178,7872,
160.403,8484,8178,7904,
160.412,8495,8175,7904,
160.425,8495,8178,7891,
160.434,8500,8181,7889,
160.444,8503,8175,7894,
160.453,8500,8175,7894,
160.464,8503,8178,7891,
160.473,8506,8178,7891,
160.485,8506,8173,7886,
160.494,8509,8175,7886,
160.504,8506,8178,7886,
160.513,8503,8178,7886,
160.523,8509,8178,7879,
160.535,8503,8173,7886,
160.543,8509,8175,7886,
160.552,8503,8178,7884,
160.564,8506,8178,7879,
160.573,8519,8173,7848,
160.584,8530,8178,7828,
160.592,8487,8173,7884,
160.602,8481,8178,7920,
160.613,8484,8181,7907,
160.622,8487,8175,7907,
160.636,8487,8178,7904,
160.642,8484,8178,7894,
160.653,8484,8178,7907,
160.664,8490,8178,7902,
160.673,8484,8181,7904,
160.683,8484,8178,7907,
160.694,8484,8178,7907,
160.701,8481,8178,7904,
160.714,8487,8178,7907,
160.723,8484,8175,7909,
160.732,8490,8178,7907,
160.742,8484,8175,7904,
160.752,8481,8178,7912,
160.763,8487,8175,7909,
160.774,8500,8175,7884,
160.782,8506,8168,7848,
160.793,8471,8178,7907,
160.802,8471,8178,7922,
160.814,8473,8173,7922,
160.824,8471,8178,7915,
160.835,8471,8178,7920,
160.843,8476,8175,7915,
160.853,8479,8181,7909,
160.863,8471,8178,7920,
160.873,8476,8181,7912,
160.885,8473,8178,7915,
160.895,8479,8178,7915,
160.903,8476,8178,7915,
160.911,8476,8178,7912,
160.924,8473,8178,7915,
160.933,8479,8181,7917,
160.943,8476,8178,7909,
160.951,8479,8178,7912,
160.963,8487,8178,7907,
160.972,8492,8170,7884,
160.984,8495,8168,7875,
160.992,8463,8178,7902,
161.003,8450,8181,7939,
161.014,8452,8175,7934,
161.025,8455,8178,7931,
161.033,8455,8178,7927,
161.043,8458,8181,7931,
161.053,8458,8178,7934,
161.063,8463,8178,7920,
161.074,8455,8181,7917,
161.083,8458,8183,7920,
161.094,8455,8183,7931,
161.101,8458,8186,7925,
161.114,8458,8183,7931,
161.123,8458,8183,7931,
161.134,8455,8181,7931,
161.142,8458,8186,7927,
161.154,8458,8181,7922,
161.165,8458,8183,7927,
161.172,8468,8181,7909,
161.182,8473,8175,7881,
161.193,8450,8181,7922,
161.203,8444,8178,7936,
161.212,8450,8178,7927,
161.223,8452,8181,7934,
161.232,8452,8181,7931,
161.243,8452,8183,7931,
161.255,8452,8181,7931,
161.263,8455,8183,7931,
161.273,8455,8181,7927,
161.282,8452,8186,7934,
161.295,8455,8178,7936,
161.303,8455,8178,7927,
161.313,8455,8181,7934,
161.324,8461,8181,7927,
161.331,8455,8181,7925,
161.342,8458,8181,7934,
161.351,8458,8183,7925,
161.361,8455,8181,7934,
161.372,8468,8178,7909,
161.382,8463,8173,7891,
161.394,8433,8175,7941,
161.403,8431,8181,7960,
161.412,8442,8183,7941,
161.42,8447,8181,7946,
161.432,8444,8181,7946,
161.443,8444,8183,7936,
161.451,8447,8186,7944,
161.463,8447,8186,7936,
161.472,8455,8188,7936,
161.484,8452,8188,7931,
161.493,8450,8186,7934,
161.503,8450,8186,7939,
161.512,8447,8188,7922,
161.521,8450,8186,7927,
161.532,8447,8186,7941,
161.544,8447,8186,7936,
161.55,8442,8188,7936,
161.563,8458,8186,7946,
161.572,8455,8181,7927,
161.582,8450,8150,7912,
161.591,8431,8183,7941,
161.601,8433,8181,7955,
161.61,8439,8186,7939,
161.623,8442,8186,7941,
161.629,8442,8188,7944,
161.641,8447,8188,7936,
161.65,8450,8191,7941,
161.661,8447,8191,7936,
161.671,8452,8191,7934,
161.684,8455,8191,7941,
161.69,8447,8193,7931,
161.701,8455,8191,7939,
161.714,8447,8193,7939,
161.72,8450,8193,7941,
161.733,8447,8191,7927,
161.743,8450,8191,7936,
161.752,8450,8193,7934,
161.762,8447,8196,7922,
161.773,8455,8181,7920,
161.782,8442,8161,7917,
161.795,8420,8178,7950,
161.803,8417,8196,7960,
161.813,8436,8186,7950,
161.821,8431,8196,7939,
161.833,8436,8188,7953,
161.842,8433,8193,7946,
161.851,8442,8196,7955,
161.862,8439,8193,7944,
161.871,8447,8193,7941,
161.881,8452,8196,7946,
161.89,8450,8199,7944,
161.901,8447,8196,7939,
161.912,8447,8191,7944,
161.921,8455,8201,7934,
161.934,8455,8201,7939,
161.943,8455,8201,7927,
161.95,8452,8204,7925,
161.961,8455,8199,7936,
161.971,8447,8196,7927,
161.982,8436,8142,7917,
161.99,8431,8168,7941,
162.004,8433,8214,7944,
162.011,8431,8199,7958,
162.019,8417,8206,7950,
162.033,8417,8199,7968,
162.043,8401,8201,7973,
162.054,8393,8206,7978,
162.062,8387,8204,7989,
162.071,8379,8214,7994,
162.081,8364,8206,8001,
162.092,8358,8212,8024,
162.101,8350,8206,8018,
162.111,8334,8212,8029,
162.121,8323,8209,8039,
162.13,8310,8209,8045,
162.14,8299,8227,8055,
162.151,8291,8222,8050,
162.161,8283,8224,8068,
162.171,8268,8209,8070,
162.182,8219,8161,8103,
162.19,8227,8193,8118,
162.203,8249,8199,8111,
162.211,8246,8217,8108,
162.226,8238,8224,8089,
162.23,8225,8227,8116,
162.242,8235,8230,8118,
162.252,8219,8222,8106,
162.262,8230,8224,8113,
162.269,8192,8239,8121,
162.28,8219,8222,8131,
162.291,8200,8255,8131,
162.303,8219,8227,8131,
162.312,8192,8237,8121,
162.322,8214,8209,8134,
162.331,8203,8230,8131,
162.342,8211,8224,8142,
162.351,8177,8230,8134,
162.36,8211,8239,8139,
162.372,8177,8232,8152,
162.381,8144,8159,8192,
162.392,8158,8212,8154,
162.402,8160,8250,8142,
162.412,8188,8268,8149,
162.42,8166,8245,8139,
162.431,8179,8201,8139,
162.441,8166,8217,8136,
162.45,8177,8219,8139,
162.462,8179,8260,8149,
162.47,8174,8219,8118,
162.48,8174,8250,8129,
162.491,8177,8245,8131,
162.502,8188,8212,8124,
162.513,8206,8273,8126,
162.521,8195,8214,8136,
162.531,8185,8227,8124,
162.542,8198,8230,8126,
162.551,8211,8245,8121,
162.562,8206,8230,8126,
162.568,8200,8209,8134,
162.582,8147,8175,8161,
162.591,8174,8168,8144,
162.603,8168,8217,8116,
162.61,8185,8227,8136,
162.622,8198,8224,8134,
162.629,8206,8252,8126,
162.643,8208,8237,8131,
162.652,8171,8230,8118,
162.661,8219,8257,8121,
162.67,8203,8245,8118,
162.681,8195,8247,8106,
162.69,8235,8247,8129,
162.699,8185,8245,8129,
162.712,8222,8227,8111,
162.722,8208,8230,8121,
162.73,8214,8237,8121,
162.74,8214,8245,8121,
162.751,8206,8237,8121,
162.76,8219,8245,8111,
162.773,8206,8168,8144,
162.779,8160,8150,8152,
162.791,8182,8222,8163,
162.798,8188,8239,8116,
162.812,8203,8260,8116,
162.819,8227,8242,8113,
162.831,8225,8209,8116,
162.842,8225,8247,8089,
162.851,8222,8237,8113,
162.862,8227,8257,8087,
162.87,8238,8265,8100,
162.881,8249,8224,8093,
162.89,8246,8247,8073,
162.902,8244,8250,8093,
162.91,8244,8263,8078,
162.922,8268,8247,8093,
162.933,8273,8237,8083,
162.941,8260,8250,8073,
162.95,8283,8239,8062,
162.961,8276,8239,8060,
162.971,8271,8183,8060,
162.981,8233,8117,8095,
162.99,8265,8237,8070,
162.999,8283,8260,8065,
163.011,8299,8245,8062,
163.021,8279,8230,8050,
163.031,8299,8219,8060,
163.042,8296,8239,8047,
163.052,8296,8245,8024,
163.06,8307,8230,8018,
163.07,8315,8245,8024,
163.081,8323,8252,8015,
163.09,8337,8250,8004,
163.101,8347,8227,7994,
163.109,8385,8219,8015,
163.119,8385,8237,7983,
163.128,8398,8239,7971,
163.141,8417,8232,7960,
163.151,8436,8214,7944,
163.16,8452,8230,7925,
163.17,8479,8212,7907,
163.18,8495,8168,7860,
163.188,8522,8178,7875,
163.205,8541,8245,7852,
163.21,8553,8214,7835,
163.22,8578,8219,7846,
163.231,8581,8199,7823,
163.24,8613,8212,7828,
163.248,8616,8214,7796,
163.262,8632,8206,7805,
163.272,8632,8206,7783,
163.28,8624,8209,7770,
163.291,8639,8204,7791,
163.299,8639,8199,7778,
163.31,8653,8212,7781,
163.319,8647,8217,7778,
163.329,8650,8206,7768,
163.338,8653,8212,7786,
163.349,8656,8201,7764,
163.361,8672,8204,7778,
163.371,8664,8209,7733,
163.378,8694,8183,7686,
163.389,8675,8181,7744,
163.401,8659,8199,7764,
163.411,8656,8199,7768,
163.421,8650,8199,7756,
163.43,8635,8193,7781,
163.439,8650,8201,7778,
163.448,8656,8204,7775,
163.46,8664,8193,7762,
163.471,8647,8191,7793,
163.48,8667,8206,7759,
163.491,8653,8196,7783,
163.5,8661,8206,7768,
163.509,8650,8199,7756,
163.52,8664,8204,7759,
163.529,8656,8204,7783,
163.54,8653,8196,7781,
163.55,8670,8204,7778,
163.559,8661,8201,7756,
163.568,8680,8188,7741,
163.579,8710,8140,7667,
163.588,8675,8175,7722,
163.601,8659,8214,7738,
163.611,8667,8201,7768,
163.619,8667,8206,7768,
163.631,8659,8206,7768,
163.64,8664,8199,7756,
163.648,8653,8209,7768,
163.659,8680,8206,7762,
163.671,8672,8204,7746,
163.677,8672,8206,7746,
163.691,8683,8204,7749,
163.7,8667,8206,7751,
163.709,8678,8204,7749,
163.718,8675,8212,7754,
163.729,8680,8209,7738,
163.737,8670,8209,7749,
163.748,8675,8201,7751,
163.759,8683,8209,7768,
163.769,8683,8188,7719,
163.778,8725,8165,7651,
163.79,8697,8155,7704,
163.801,8659,8191,7768,
163.81,8672,8196,7770,
163.818,8670,8204,7775,
163.83,8650,8206,7759,
163.839,8675,8201,7773,
163.848,8667,8204,7768,
163.858,8670,8201,7759,
163.869,8678,8201,7756,
163.881,8680,8209,7770,
163.888,8672,8201,7764,
163.899,8680,8199,7749,
163.91,8670,8204,7764,
163.92,8667,8209,7764,
163.929,8678,8199,7770,
163.939,8672,8214,7756,
163.947,8661,8201,7762,
163.959,8678,8204,7746,
163.968,8699,8196,7691,
163.979,8710,8165,7658,
163.987,8683,8155,7727,
164.002,8670,8212,7764,
164.009,8659,8199,7773,
164.018,8661,8204,7781,
164.029,8653,8206,7775,
164.037,8659,8214,7762,
164.05,8670,8206,7762,
164.058,8670,8206,7746,
164.069,8661,8193,7764,
164.08,8672,8212,7759,
164.089,8675,8199,7773,
164.1,8672,8217,7749,
164.109,8675,8196,7773,
164.118,8670,8201,7764,
164.13,8683,8196,7762,
164.139,8670,8212,7754,
164.148,8675,8199,7749,
164.157,8691,8204,7749,
164.169,8725,8181,7691,
164.179,8718,8140,7653,
164.187,8689,8186,7727,
164.2,8670,8199,7768,
164.209,8664,8201,7759,
164.219,8661,8201,7768,
164.228,8661,8199,7762,
164.24,8672,8204,7768,
164.248,8689,8209,7781,
164.26,8667,8204,7781,
164.268,8661,8204,7749,
164.278,8667,8204,7781,
164.289,8661,8206,7759,
164.3,8672,8206,7764,
164.332,8653,8204,7786,
164.339,8650,8209,7759,
164.34,8661,8204,7778,
164.34,8656,8206,7751,
164.35,8656,8206,7773,
164.358,8656,8214,7768,
164.367,8675,8191,7736,
164.378,8702,8159,7686,
164.388,8664,8193,7730,
164.398,8632,8201,7791,
164.409,8647,8206,7799,
164.421,8650,8196,7773,
164.429,8644,8196,7786,
164.441,8630,8204,7793,
164.45,8635,8199,7793,
164.459,8650,8209,7796,
164.471,8642,8196,7788,
164.48,8635,8199,7781,
164.491,8650,8209,7796,
164.501,8642,8209,7775,
164.509,8642,8212,7788,
164.52,8627,8206,7796,
164.527,8647,8212,7793,
164.537,8639,8206,7791,
164.55,8632,8209,7778,
164.557,8635,8209,7788,
164.569,8647,8191,7773,
164.578,8689,8101,7699,
164.589,8653,8161,7754,
164.599,8632,8201,7786,
164.61,8619,8209,7793,
164.619,8622,8199,7805,
164.628,8616,8206,7799,
164.639,8608,8204,7805,
164.647,8624,8209,7801,
164.658,8627,8206,7812,
164.668,8613,8209,7812,
164.677,8616,8209,7791,
164.688,8622,8204,7801,
164.697,8630,8209,7810,
164.706,8605,8204,7788,
164.719,8624,8217,7793,
164.728,8627,8209,7793,
164.739,8613,8219,7801,
164.75,8613,8204,7793,
164.759,8624,8214,7801,
164.768,8616,8204,7770,
164.777,8653,8183,7727,
164.787,8613,8188,7788,
164.796,8605,8209,7801,
164.808,8603,8204,7820,
164.819,8597,8212,7828,
164.827,8603,8204,7812,
164.836,8605,8206,7830,
164.848,8603,8214,7807,
164.859,8605,8217,7810,
164.868,8611,8214,7823,
164.879,8603,8217,7820,
164.887,8608,8212,7820,
164.897,8597,8209,7825,
164.908,8597,8199,7812,
164.917,8594,8214,7825,
164.927,8589,8214,7828,
164.938,8594,8209,7825,
164.947,8600,8224,7823,
164.957,8592,8219,7815,
164.968,8608,8214,7783,
164.98,8616,8132,7759,
164.988,8594,8159,7805,
164.996,8567,8193,7846,
165.006,8570,8219,7820,
165.019,8573,8217,7835,
165.026,8565,8201,7860,
165.038,8558,8209,7841,
165.048,8556,8222,7852,
165.058,8556,8224,7870,
165.067,8527,8237,7862,
165.079,8544,8222,7894,
165.087,8506,8230,7870,
165.099,8495,8230,7894,
165.107,8476,8227,7904,
165.119,8476,8255,7920,
165.125,8452,8219,7936,
165.136,8458,8242,7963,
165.147,8420,8232,7941,
165.159,8412,8227,7978,
165.165,8404,8173,7963,
165.177,8385,8193,7958,
165.186,8382,8217,7981,
165.198,8356,8276,7986,
165.206,8350,8242,8008,
165.216,8331,8227,8024,
165.228,8315,8239,8037,
165.237,8310,8276,8018,
165.248,8307,8247,8034,
165.258,8315,8257,8027,
165.266,8301,8278,8050,
165.276,8296,8260,8032,
165.287,8296,8273,8055,
165.299,8279,8230,8047,
165.309,8293,8273,8060,
165.317,8283,8232,8050,
165.329,8273,8283,8062,
165.336,8283,8281,8075,
165.347,8271,8270,8070,
165.355,8268,8265,8062,
165.368,8246,8270,8075,
165.378,8230,8181,8095,
165.387,8233,8153,8089,
165.398,8252,8291,8108,
165.408,8238,8270,8078,
165.428,8222,8232,8100,
165.429,8235,8265,8111,
165.435,8211,8242,8080,
165.447,8230,8247,8073,
165.456,8249,8252,8100,
165.469,8244,8237,8089,
165.477,8252,8247,8098,
165.486,8252,8255,8070,
165.498,8244,8260,8080,
165.507,8244,8242,8083,
165.517,8233,8288,8089,
165.527,8241,8260,8089,
165.538,8222,8291,8062,
165.546,8244,8288,8098,
165.557,8230,8230,8075,
165.567,8230,8219,8098,
165.578,8203,8255,8103,
165.586,8241,8245,8103,
165.597,8235,8257,8089,
165.608,8235,8227,8093,
165.616,8227,8247,8100,
165.628,8222,8263,8089,
165.635,8244,8276,8095,
165.649,8219,8263,8068,
165.658,8257,8250,8073,
165.668,8241,8263,8078,
165.676,8238,8299,8080,
165.686,8230,8247,8075,
165.697,8241,8257,8078,
165.707,8252,8283,8068,
165.718,8249,8245,8060,
165.725,8238,8278,8080,
165.737,8249,8239,8057,
165.747,8263,8270,8073,
165.755,8225,8310,8068,
165.766,8222,8214,8062,
165.778,8246,8127,8093,
165.787,8263,8206,8070,
165.797,8283,8242,8055,
165.808,8268,8260,8062,
165.816,8271,8270,8060,
165.826,8271,8245,8070,
165.837,8268,8247,8037,
165.849,8271,8247,8034,
165.854,8296,8273,8032,
165.866,8296,8273,8029,
165.877,8315,8252,8029,
165.887,8307,8247,8024,
165.897,8310,8237,8010,
165.907,8339,8239,8021,
165.916,8326,8239,7994,
165.926,8347,8230,7994,
165.934,8345,8252,7994,
165.946,8347,8222,7994,
165.957,8356,8247,7989,
165.968,8361,8252,7983,
165.976,8356,8227,7971,
165.986,8385,8191,7981,
165.995,8382,8263,7996,
166.007,8390,8237,7991,
166.015,8393,8230,7981,
166.027,8379,8227,7973,
166.038,8398,8247,7958,
166.047,8414,8255,7953,
166.056,8428,8232,7936,
166.065,8436,8227,7917,
166.076,8452,8247,7907,
166.087,8471,8224,7897,
166.095,8473,8245,7891,
166.107,8517,8242,7886,
166.115,8533,8230,7879,
166.128,8536,8237,7828,
166.136,8541,8237,7807,
166.144,8581,8237,7841,
166.155,8613,8227,7825,
166.167,8622,8219,7791,
166.177,8650,8106,7722,
166.188,8650,8186,7768,
166.195,8650,8219,7796,
166.206,8653,8209,7773,
166.218,8650,8206,7775,
166.227,8656,8206,7770,
166.235,8675,8212,7775,
166.247,8678,8214,7738,
166.257,8683,8219,7756,
166.269,8689,8204,7756,
166.274,8672,8206,7749,
166.285,8691,8214,7746,
166.296,8678,8212,7733,
166.306,8678,8209,7749,
166.318,8686,8217,7741,
166.326,8683,8212,7744,
166.337,8689,8206,7744,
166.345,8683,8204,7744,
166.356,8678,8212,7746,
166.365,8697,8212,7714,
166.377,8736,8170,7645,
166.385,8702,8159,7709,
166.397,8691,8199,7736,
166.405,8678,8214,7741,
166.414,8678,8196,7756,
166.428,8664,8204,7751,
166.437,8667,8199,7759,
166.445,8686,8212,7754,
166.456,8675,8209,7751,
166.465,8678,8196,7762,
166.475,8683,8193,7775,
166.488,8678,8191,7768,
166.494,8683,8201,7764,
166.506,8686,8201,7746,
166.515,8672,8206,7751,
166.528,8678,8199,7759,
166.537,8678,8209,7751,
166.546,8672,8209,7759,
166.557,8683,8206,7759,
166.565,8705,8206,7722,
166.575,8721,8135,7662,
166.584,8691,8178,7730,
166.597,8667,8212,7756,
166.606,8680,8212,7751,
166.615,8661,8199,7762,
166.625,8672,8204,7764,
166.635,8664,8201,7770,
166.647,8667,8206,7764,
166.657,8675,8196,7775,
166.663,8675,8199,7756,
166.676,8675,8204,7751,
166.685,8683,8204,7756,
166.696,8670,8212,7754,
166.706,8672,8206,7759,
166.716,8689,8199,7770,
166.725,8670,8219,7759,
166.737,8667,8209,7756,
166.743,8678,8206,7749,
166.754,8678,8204,7749,
166.767,8686,8191,7699,
166.776,8705,8159,7658,
166.786,8672,8183,7725,
166.795,8661,8201,7775,
166.805,8653,8209,7764,
166.818,8664,8193,7773,
166.827,8661,8209,7781,
166.833,8653,8206,7764,
166.844,8661,8201,7762,
166.857,8667,8196,7762,
166.863,8667,8206,7764,
166.874,8686,8196,7791,
166.886,8680,8204,7773,
166.895,8670,8206,7768,
166.906,8670,8196,7754,
166.912,8656,8214,7768,
166.926,8667,8199,7764,
166.935,8664,8209,7762,
166.945,8667,8196,7768,
166.955,8675,8214,7770,
166.964,8683,8199,7738,
166.975,8705,8122,7667,
166.984,8689,8170,7709,
166.997,8661,8204,7778,
167.005,8639,8199,7751,
167.013,8650,8201,7781,
167.027,8650,8206,7768,
167.035,8659,8204,7786,
167.046,8656,8201,7775,
167.055,8672,8206,7768,
167.067,8670,8204,7778,
167.077,8667,8212,7770,
167.084,8670,8204,7778,
167.095,8672,8209,7775,
167.105,8675,8206,7762,
167.117,8672,8206,7781,
167.126,8664,8193,7764,
167.135,8667,8212,7768,
167.144,8670,8212,7751,
167.157,8680,8209,7762,
167.165,8686,8193,7709,
167.174,8716,8124,7648,
167.183,8683,8153,7722,
167.196,8647,8201,7781,
167.205,8650,8193,7783,
167.213,8656,8204,7770,
167.224,8639,8201,7778,
167.235,8661,8199,7764,
167.245,8667,8212,7778,
167.256,8656,8199,7768,
167.264,8667,8217,7764,
167.273,8672,8214,7751,
167.286,8656,8209,7751,
167.293,8664,8188,7756,
167.305,8672,8206,7775,
167.316,8661,8214,7778,
167.324,8670,8206,7775,
167.335,8659,8201,7762,
167.343,8667,8209,7770,
167.356,8661,8212,7751,
167.364,8664,8191,7746,
167.375,8694,8132,7664,
167.385,8675,8178,7746,
167.395,8656,8199,7781,
167.405,8653,8204,7775,
167.415,8650,8212,7781,
167.424,8650,8206,7788,
167.434,8644,8206,7783,
167.444,8659,8206,7788,
167.455,8647,8201,7783,
167.465,8653,8206,7770,
167.475,8642,8212,7768,
167.485,8647,8214,7788,
167.496,8642,8206,7770,
167.503,8661,8201,7781,
167.516,8650,8209,7764,
167.525,8647,8204,7788,
167.536,8653,8209,7786,
167.543,8639,8209,7781,
167.555,8644,8217,7788,
167.565,8661,8199,7756,
167.574,8691,8183,7682,
167.584,8661,8165,7751,
167.594,8635,8224,7770,
167.606,8632,8209,7801,
167.613,8630,8206,7805,
167.627,8639,8214,7805,
167.632,8622,8212,7783,
167.643,8624,8206,7799,
167.656,8635,8206,7801,
167.665,8630,8206,7805,
167.675,8647,8204,7810,
167.685,8627,8214,7788,
167.696,8624,8212,7793,
167.704,8639,8201,7791,
167.716,8632,8219,7781,
167.723,8622,8219,7781,
167.735,8622,8209,7805,
167.746,8622,8214,7810,
167.756,8627,8212,7788,
167.765,8639,8204,7781,
167.775,8664,8191,7722,
167.785,8635,8217,7781,
167.795,8613,8219,7807,
167.806,8611,8217,7807,
167.815,8608,8217,7807,
167.825,8605,8206,7823,
167.834,8608,8206,7812,
167.843,8616,8209,7793,
167.852,8611,8204,7799,
167.863,8616,8219,7810,
167.875,8616,8214,7810,
167.885,8611,8209,7812,
167.893,8624,8206,7815,
167.904,8613,8217,7810,
167.915,8605,8214,7815,
167.924,8616,8217,7817,
167.934,8603,8214,7810,
167.945,8616,8219,7805,
167.956,8619,8217,7799,
167.962,8644,8201,7751,
167.975,8632,8127,7727,
167.983,8608,8191,7791,
167.995,8594,8209,7812,
168.006,8597,8214,7825,
168.016,8586,8209,7825,
168.023,8603,8206,7820,
168.032,8605,8201,7846,
168.043,8586,8214,7810,
168.054,8592,8214,7817,
168.062,8586,8217,7815,
168.074,8600,8214,7830,
168.082,8605,8214,7807,
168.095,8584,8222,7805,
168.105,8597,8209,7815,
168.112,8597,8219,7835,
168.126,8570,8222,7825,
168.136,8589,8212,7833,
168.145,8565,8212,7830,
168.151,8570,8212,7848,
168.163,8558,8206,7830,
168.173,8562,8178,7807,
168.182,8527,8206,7865,
168.194,8509,8219,7879,
168.203,8498,8224,7891,
168.216,8476,8222,7899,
168.224,8461,8227,7925,
168.233,8461,8224,7907,
168.244,8461,8232,7936,
168.253,8450,8242,7955,
168.263,8428,8232,7944,
168.275,8414,8239,7958,
168.283,8409,8257,7968,
168.294,8396,8222,7965,
168.303,8390,8242,7978,
168.315,8369,8239,7971,
168.321,8366,8237,7976,
168.333,8350,8242,7999,
168.344,8345,8227,7991,
168.354,8342,8260,8013,
168.362,8323,8247,8015,
168.374,8307,8206,8018,
168.383,8318,8201,8021,
168.395,8301,8273,8024,
168.405,8310,8242,8042,
168.413,8326,8237,8047,
168.425,8279,8247,8045,
168.432,8283,8230,8047,
168.443,8310,8232,8070,
168.45,8271,8260,8062,
168.463,8268,8230,8062,
168.474,8293,8250,8052,
168.483,8293,8224,8073,
168.493,8279,8255,8062,
168.502,8257,8281,8060,
168.512,8283,8250,8050,
168.524,8254,8260,8070,
168.533,8276,8250,8065,
168.544,8246,8214,8073,
168.555,8268,8278,8068,
168.566,8246,8204,8068,
168.574,8214,8219,8093,
168.584,8233,8196,8095,
168.591,8235,8310,8078,
168.606,8233,8232,8103,
168.612,8246,8250,8087,
168.622,8219,8227,8087,
168.631,8230,8239,8111,
168.644,8241,8224,8087,
168.653,8233,8265,8080,
168.664,8238,8245,8078,
168.672,8235,8237,8068,
168.684,8257,8242,8073,
168.694,8233,8255,8089,
168.703,8249,8232,8062,
168.713,8271,8245,8083,
168.723,8244,8263,8083,
168.734,8244,8247,8078,
168.743,8257,8276,8078,
168.752,8260,8288,8073,
168.763,8249,8129,8075,
168.775,8219,8142,8106,
168.781,8257,8230,8078,
168.793,8241,8242,8070,
168.804,8238,8281,8075,
168.813,8273,8239,8075,
168.824,8238,8257,8068,
168.834,8235,8247,8062,
168.843,8257,8273,8055,
168.854,8268,8278,8060,
168.865,8283,8270,8062,
168.872,8265,8304,8055,
168.882,8263,8273,8052,
168.893,8279,8278,8070,
168.903,8283,8270,8045,
168.915,8296,8260,8047,
168.922,8279,8278,8034,
168.931,8291,8270,8068,
168.943,8279,8270,8024,
168.954,8283,8278,8037,
168.962,8299,8237,8039,
168.97,8283,8183,8060,
168.981,8310,8250,8034,
168.992,8312,8245,8027,
169.004,8304,8255,8034,
169.013,8299,8260,8042,
169.022,8296,8242,8032,
169.031,8285,8245,8021,
169.045,8331,8232,8039,
169.054,8312,8252,8027,
169.064,8331,8255,7999,
169.072,8342,8247,8010,
169.084,8334,8245,8001,
169.092,8326,8263,8004,
169.101,8312,8245,8001,
169.112,8358,8257,7991,
169.124,8342,8252,8018,
169.132,8345,8247,7976,
169.143,8342,8252,7999,
169.152,8358,8255,7991,
169.163,8356,8201,7978,
169.172,8361,8199,7989,
169.183,8358,8193,7989,
169.192,8358,8250,7991,
169.201,8382,8245,7999,
169.212,8366,8222,7994,
169.22,8358,8250,7983,
169.231,8398,8252,8004,
169.243,8390,8247,7968,
169.251,8404,8237,7968,
169.262,8401,8252,7944,
169.271,8417,8227,7953,
169.285,8428,8250,7960,
169.293,8442,8237,7934,
169.302,8436,8230,7931,
169.313,8450,8245,7931,
169.322,8452,8232,7915,
169.332,8479,8232,7925,
169.344,8487,8237,7917,
169.353,8479,8250,7912,
169.361,8498,8181,7881,
169.372,8509,8119,7841,
169.382,8511,8170,7867,
169.39,8514,8224,7865,
169.402,8525,8206,7881,
169.411,8525,8219,7884,
169.422,8527,8227,7846,
169.431,8570,8227,7881,
169.443,8565,8222,7830,
169.453,8584,8224,7862,
169.462,8586,8217,7817,
169.47,8600,8239,7833,
169.482,8592,8222,7828,
169.493,8613,8209,7835,
169.504,8603,8222,7805,
169.509,8608,8224,7805,
169.519,8627,8206,7807,
169.533,8639,8209,7799,
169.543,8635,8219,7778,
169.552,8647,8212,7788,
169.563,8661,8201,7751,
169.57,8691,8161,7680,
169.583,8683,8183,7744,
169.593,8664,8214,7746,
169.599,8661,8212,7759,
169.611,8650,8206,7756,
169.62,8670,8199,7764,
169.633,8670,8201,7759,
169.642,8675,8204,7754,
169.652,8675,8206,7762,
169.66,8680,8201,7759,
169.671,8686,8201,7762,
169.681,8683,8206,7759,
169.691,8689,8209,7754,
169.701,8678,8204,7756,
169.711,8683,8204,7762,
169.723,8694,8206,7762,
169.73,8699,8201,7746,
169.742,8694,8204,7744,
169.752,8691,8204,7746,
169.762,8713,8193,7709,
169.771,8753,8186,7635,
169.779,8694,8186,7699,
169.807,8686,8204,7741,
169.809,8683,8209,7764,
169.811,8672,8204,7759,
169.819,8678,8201,7768,
169.831,8680,8212,7751,
169.843,8664,8196,7754,
169.85,8667,8204,7762,
169.862,8667,8199,7746,
169.871,8686,8199,7754,
169.88,8678,8209,7738,
169.891,8686,8199,7749,
169.899,8680,8206,7756,
169.912,8678,8196,7768,
169.92,8683,8199,7754,
169.931,8672,8209,7764,
169.941,8686,8201,7773,
169.952,8675,8199,7736,
169.962,8699,8188,7704,
169.972,8716,8145,7658,
169.98,8678,8142,7744,
169.991,8659,8201,7762,
170.002,8647,8206,7768,
170.011,8650,8201,7778,
170.021,8639,8201,7786,
170.03,8647,8199,7781,
170.042,8661,8212,7781,
170.052,8653,8206,7770,
170.062,8659,8201,7746,
170.07,8667,8196,7788,
170.083,8659,8201,7773,
170.091,8664,8206,7775,
170.099,8656,8209,7759,
170.108,8659,8217,7756,
170.122,8664,8212,7770,
170.133,8661,8217,7762,
170.14,8664,8209,7762,
170.152,8672,8206,7786,
170.16,8686,8204,7730,
170.169,8699,8129,7682,
170.182,8670,8148,7733,
170.19,8635,8206,7786,
170.202,8642,8201,7788,
170.211,8635,8204,7778,
170.22,8635,8204,7791,
170.232,8632,8209,7799,
170.238,8647,8206,7796,
170.251,8650,8199,7788,
170.261,8639,8217,7788,
170.27,8635,8212,7786,
170.278,8639,8212,7786,
170.291,8635,8212,7786,
170.302,8627,8204,7788,
170.31,8647,8206,7783,
170.322,8624,8217,7775,
170.332,8642,8217,7781,
170.34,8632,8217,7773,
170.351,8639,8214,7768,
170.36,8675,8199,7736,
170.37,8675,8142,7699,
170.378,8642,8181,7751,
170.389,8619,8196,7805,
170.4,8622,8209,7801,
170.41,8619,8206,7801,
170.421,8613,8212,7817,
170.431,8619,8206,7801,
170.443,8632,8206,7793,
170.449,8635,8204,7805,
170.461,8632,8209,7781,
170.471,8624,8212,7783,
170.478,8630,8204,7788,
170.492,8630,8217,7793,
170.5,8647,8214,7810,
170.51,8635,8209,7805,
170.521,8635,8212,7793,
170.53,8635,8212,7786,
170.538,8622,8206,7783,
170.551,8635,8222,7770,
170.561,8659,8191,7756,
170.571,8672,8142,7701,
170.58,8661,8178,7762,
170.589,8639,8206,7791,
170.601,8619,8201,7796,
170.612,8632,8206,7812,
170.62,8619,8204,7799,
170.632,8630,8214,7783,
170.641,8627,8206,7786,
170.651,8627,8201,7799,
170.66,8647,8204,7801,
170.671,8635,8209,7799,
170.678,8647,8212,7781,
170.69,8639,8209,7788,
170.702,8635,8209,7773,
170.71,8635,8217,7773,
170.721,8635,8214,7801,
170.73,8635,8224,7788,
170.742,8627,8214,7791,
170.749,8635,8214,7786,
170.761,8647,8196,7762,
170.772,8672,8119,7699,
170.781,8644,8173,7756,
170.79,8616,8214,7801,
170.801,8624,8206,7810,
170.81,8624,8206,7805,
170.82,8622,8206,7799,
170.829,8635,8212,7801,
170.838,8627,8199,7796,
170.849,8627,8209,7810,
170.859,8642,8191,7807,
170.871,8622,8196,7791,
170.879,8630,8204,7793,
170.89,8624,8214,7799,
170.9,8627,8212,7788,
170.911,8632,8209,7788,
170.917,8632,8214,7810,
170.929,8616,8212,7788,
170.94,8622,8222,7796,
170.95,8622,8217,7799,
170.961,8635,8204,7754,
170.969,8670,8122,7733,
170.981,8630,8181,7773,
170.991,8611,8227,7793,
171.002,8611,8212,7801,
171.01,8600,8219,7812,
171.019,8597,8212,7805,
171.03,8603,8217,7810,
171.039,8613,8217,7825,
171.05,8616,8212,7825,
171.059,8608,8206,7810,
171.071,8605,8217,7843,
171.081,8608,8219,7817,
171.089,8605,8214,7807,
171.101,8600,8217,7801,
171.11,8603,8206,7817,
171.122,8608,8217,7823,
171.132,8603,8219,7812,
171.139,8600,8206,7820,
171.148,8613,8209,7805,
171.161,8622,8199,7775,
171.168,8616,8142,7744,
171.181,8597,8153,7805,
171.189,8592,8196,7833,
171.2,8584,8217,7838,
171.211,8586,8209,7828,
171.22,8567,8212,7820,
171.23,8576,8214,7828,
171.239,8570,8209,7838,
171.248,8597,8224,7846,
171.26,8581,8224,7817,
171.269,8567,8214,7833,
171.278,8565,8217,7830,
171.289,8570,8214,7857,
171.302,8586,8219,7860,
171.308,8553,8219,7852,
171.318,8558,8222,7854,
171.33,8544,8237,7879,
171.339,8519,8212,7867,
171.35,8511,8227,7860,
171.359,8525,8209,7884,
171.368,8522,8142,7841,
171.379,8503,8178,7886,
171.389,8473,8209,7917,
171.399,8479,8217,7920,
171.409,8450,8224,7934,
171.418,8442,8217,7925,
171.429,8423,8230,7936,
171.437,8431,8224,7953,
171.449,8425,8224,7941,
171.459,8417,8242,7953,
171.47,8423,8232,7973,
171.478,8414,8242,7963,
171.489,8396,8250,7973,
171.5,8406,8227,7996,
171.511,8369,8230,7965,
171.518,8377,8239,7981,
171.527,8366,8237,7981,
171.541,8366,8260,7989,
171.549,8345,8255,7968,
171.56,8353,8212,8001,
171.571,8342,8186,7978,
171.578,8342,8224,8021,
171.59,8347,8232,8032,
171.598,8318,8217,8027,
171.609,8310,8212,8010,
171.619,8301,8224,8029,
171.629,8312,8245,8034,
171.637,8307,8265,8029,
171.648,8293,8239,8032,
171.659,8288,8245,8045,
171.667,8307,8217,8029,
171.68,8293,8250,8060,
171.687,8285,8245,8057,
171.699,8283,8278,8055,
171.709,8283,8273,8057,
171.718,8279,8255,8057,
171.727,8273,8265,8060,
171.737,8273,8257,8052,
171.751,8279,8214,8078,
171.757,8263,8217,8073,
171.768,8238,8178,8070,
171.779,8260,8206,8080,
171.787,8257,8291,8073,
171.798,8260,8286,8057,
171.808,8268,8232,8070,
171.82,8273,8206,8052,
171.828,8263,8239,8073,
171.838,8279,8265,8052,
171.848,8276,8242,8060,
171.859,8279,8273,8055,
171.866,8285,8263,8042,
171.881,8283,8270,8034,
171.89,8283,8245,8039,
171.899,8288,8250,8052,
171.908,8291,8232,8070,
171.919,8288,8283,8042,
171.93,8304,8296,8037,
171.939,8285,8245,8039,
171.949,8293,8270,8060,
171.957,8283,8212,8047,
171.969,8283,8201,8062,
171.979,8288,8206,8042,
171.993,8285,8323,8055,
171.999,8279,8247,8057,
172.011,8283,8252,8055,
172.021,8279,8263,8060,
172.028,8296,8237,8057,
172.037,8279,8247,8029,
172.048,8288,8239,8057,
172.061,8304,8242,8039,
172.069,8299,8268,8042,
172.079,8283,8245,8024,
172.088,8293,8281,8029,
172.097,8304,8222,8034,
172.109,8310,8227,8034,
172.117,8304,8255,8037,
172.129,8329,8268,8027,
172.138,8337,8224,8037,
172.148,8326,8265,8021,
172.156,8329,8214,8027,
172.167,8315,8142,8021,
172.178,8323,8242,8015,
172.187,8323,8270,8034,
172.196,8315,8252,7996,
172.208,8337,8260,8004,
172.217,8326,8250,8024,
172.229,8334,8257,7996,
172.239,8356,8224,7989,
172.248,8350,8268,7983,
172.259,8372,8237,7983,
172.268,8379,8232,7996,
172.278,8372,8273,7983,
172.287,8369,8255,7973,
172.298,8385,8232,7991,
172.309,8396,8250,7976,
172.318,8414,8239,7978,
172.328,8396,8250,7953,
172.339,8409,8252,7963,
172.348,8431,8237,7941,
172.358,8439,8212,7920,
172.368,8450,8170,7894,
172.377,8468,8191,7904,
172.389,8458,8242,7904,
172.397,8490,8224,7902,
172.409,8506,8232,7894,
172.416,8514,8219,7886,
172.428,8544,8245,7872,
172.439,8584,8212,7852,
172.449,8592,8230,7823,
172.46,8616,8214,7807,
172.466,8616,8224,7815,
172.477,8639,8201,7781,
172.486,8639,8212,7781,
172.497,8661,8214,7783,
172.508,8661,8214,7749,
172.516,8672,8212,7751,
172.527,8670,8204,7754,
172.537,8678,8214,7746,
172.547,8683,8204,7751,
172.559,8691,8193,7722,
172.568,8727,8122,7635,
172.576,8699,8178,7709,
172.587,8670,8196,7775,
172.598,8670,8209,7749,
172.608,8675,8204,7754,
172.619,8672,8196,7749,
172.628,8680,8212,7756,
172.636,8683,8201,7746,
172.647,8678,8204,7749,
172.658,8689,8206,7744,
172.668,8678,8206,7741,
172.677,8702,8206,7751,
172.688,8678,8201,7746,
172.698,8694,8206,7744,
172.708,8694,8199,7764,
172.717,8694,8206,7759,
172.728,8672,8212,7738,
172.742,8672,8199,7754,
172.748,8675,8222,7744,
172.757,8691,8209,7736,
172.767,8736,8140,7662,
172.779,8683,8178,7733,
172.787,8667,8206,7756,
172.797,8659,8212,7768,
172.806,8647,8212,7762,
172.817,8661,8201,7770,
172.826,8675,8209,7775,
172.837,8656,8209,7796,
172.848,8659,8204,7770,
172.857,8672,8212,7759,
172.866,8667,8209,7768,
172.878,8661,8217,7773,
172.885,8670,8214,7770,
172.898,8659,8214,7770,
172.907,8670,8214,7770,
172.917,8680,8204,7764,
172.928,8675,8201,7786,
172.937,8664,8209,7768,
172.946,8675,8204,7759,
172.959,8697,8188,7736,
172.967,8710,8132,7667,
172.976,8680,8175,7738,
172.99,8650,8212,7751,
172.996,8656,8201,7773,
173.008,8642,8199,7770,
173.018,8647,8209,7783,
173.025,8650,8214,7781,
173.039,8659,8204,7770,
173.047,8664,8214,7778,
173.056,8656,8206,7773,
173.067,8653,8214,7788,
173.076,8653,8206,7775,
173.086,8661,8209,7778,
173.096,8647,8204,7768,
173.108,8659,8201,7791,
173.117,8661,8199,7759,
173.125,8656,8217,7775,
173.137,8653,8209,7775,
173.149,8667,8204,7783,
173.158,8678,8191,7738,
173.167,8697,8168,7664,
173.176,8672,8186,7741,
173.186,8661,8196,7783,
173.197,8647,8206,7770,
173.21,8642,8204,7775,
173.218,8635,8214,7788,
173.228,8656,8222,7778,
173.237,8650,8204,7775,
173.248,8659,8209,7781,
173.258,8653,8209,7775,
173.266,8647,8214,7775,
173.277,8661,8209,7778,
173.289,8659,8212,7770,
173.297,8650,8206,7759,
173.307,8644,8214,7781,
173.317,8653,8212,7781,
173.326,8650,8212,7788,
173.335,8659,8214,7791,
173.347,8664,8212,7796,
173.358,8661,8206,7744,
173.369,8686,8155,7689,
173.375,8664,8142,7751,
173.388,8639,8199,7793,
173.395,8635,8206,7805,
173.406,8639,8204,7799,
173.417,8624,8206,7793,
173.427,8632,8206,7810,
173.436,8622,8199,7788,
173.447,8630,8206,7788,
173.458,8635,8209,7793,
173.467,8642,8204,7788,
173.478,8635,8204,7796,
173.489,8627,8206,7783,
173.495,8630,8209,7796,
173.506,8639,8214,7799,
173.515,8632,8217,7781,
173.529,8622,8212,7781,
173.539,8624,8206,7793,
173.549,8630,8209,7781,
173.556,8659,8201,7730,
173.566,8661,8165,7701,
173.578,8639,8188,7775,
173.587,8619,8217,7788,
173.597,8622,8206,7796,
173.605,8622,8212,7807,
173.616,8622,8204,7793,
173.627,8627,8214,7791,
173.637,8619,8209,7786,
173.645,8624,8214,7796,
173.655,8619,8214,7781,
173.667,8639,8214,7801,
173.677,8642,8219,7801,
173.686,8632,8217,7788,
173.696,8630,8219,7799,
173.706,8632,8214,7793,
173.716,8622,8214,7788,
173.727,8619,8209,7805,
173.738,8622,8212,7801,
173.748,8632,8209,7788,
173.755,8650,8206,7764,
173.768,8656,8178,7707,
173.776,8630,8186,7773,
173.787,8616,8219,7805,
173.795,8616,8217,7801,
173.807,8613,8214,7796,
173.816,8608,8206,7820,
173.825,8600,8222,7810,
173.836,8619,8222,7788,
173.846,8619,8214,7807,
173.858,8613,8214,7799,
173.864,8622,8214,7796,
173.875,8619,8212,7799,
173.887,8611,8214,7817,
173.897,8611,8214,7810,
173.906,8622,8214,7801,
173.917,8611,8219,7793,
173.925,8619,8201,7807,
173.937,8616,8214,7815,
173.945,8639,8217,7796,
173.954,8656,8196,7746,
173.968,8653,8178,7717,
173.976,8624,8199,7764,
173.985,8603,8201,7812,
173.997,8608,8206,7810,
174.005,8611,8206,7815,
174.014,8616,8209,7817,
174.026,8605,8212,7810,
174.036,8619,8204,7817,
174.047,8613,8214,7815,
174.054,8611,8204,7801,
174.066,8624,8212,7812,
174.075,8619,8204,7799,
174.085,8619,8222,7801,
174.098,8619,8239,7810,
174.107,8594,8212,7796,
174.116,8603,8204,7812,
174.124,8611,8206,7801,
174.136,8611,8214,7815,
174.147,8613,8219,7799,
174.158,8613,8214,7786,
174.164,8650,8124,7730,
174.175,8632,8155,7781,
174.185,8592,8209,7817,
174.197,8594,8209,7823,
174.206,8584,8209,7817,
174.216,8589,8217,7815,
174.226,8592,8217,7833,
174.235,8586,8219,7817,
174.245,8597,8209,7820,
174.257,8581,8217,7817,
174.266,8594,8212,7825,
174.275,8576,8219,7801,
174.284,8592,8214,7830,
174.298,8584,8217,7841,
174.305,8581,8217,7823,
174.316,8584,8214,7833,
174.327,8589,8222,7835,
174.337,8586,8217,7825,
174.345,8586,8217,7841,
174.356,8589,8201,7817,
174.366,8603,8148,7754,
174.375,8589,8165,7801,
174.384,8567,8222,7862,
174.396,8578,8212,7854,
174.406,8562,8227,7852,
174.415,8549,8212,7860,
174.425,8549,8214,7843,
174.437,8567,8214,7854,
174.447,8567,8222,7862,
174.453,8558,8206,7857,
174.464,8549,8222,7857,
174.475,8536,8230,7857,
174.484,8541,8230,7899,
174.495,8525,8239,7879,
174.505,8514,8232,7904,
174.517,8498,8232,7889,
174.531,8484,8247,7904,
174.535,8476,8222,7904,
174.545,8476,8224,7925,
174.556,8458,8247,7917,
174.564,8442,8124,7899,
174.576,8436,8186,7927,
174.585,8436,8227,7958,
174.594,8404,8239,7950,
174.604,8409,8217,7989,
174.615,8385,8242,7971,
174.624,8387,8227,7996,
174.636,8390,8237,7983,
174.645,8379,8250,7971,
174.656,8382,8250,8001,
174.665,8350,8245,7976,
174.676,8358,8245,7996,
174.686,8358,8263,7996,
174.694,8356,8250,8004,
174.707,8337,8255,8004,
174.713,8320,8250,7999,
174.726,8323,8252,8010,
174.735,8342,8239,8010,
174.744,8326,8250,8013,
174.755,8342,8273,8024,
174.763,8299,8148,8013,
174.777,8312,8196,8029,
174.784,8301,8263,8047,
174.798,8296,8239,8034,
174.805,8299,8250,8045,
174.816,8293,8245,8047,
174.824,8283,8219,8055,
174.837,8296,8276,8050,
174.846,8329,8276,8034,
174.855,8283,8245,8042,
174.865,8307,8227,8055,
174.873,8296,8276,8042,
174.884,8301,8227,8045,
174.896,8288,8230,8045,
174.904,8296,8263,8050,
174.916,8283,8230,8050,
174.924,8285,8273,8042,
174.935,8293,8265,8039,
174.945,8283,8209,8029,
174.956,8296,8204,8039,
174.966,8252,8242,8073,
174.975,8273,8196,8068,
174.986,8283,8270,8070,
174.996,8276,8255,8055,
175.006,8283,8252,8062,
175.016,8260,8245,8047,
175.025,8279,8239,8062,
175.033,8285,8252,8047,
175.044,8283,8247,8045,
175.053,8283,8260,8052,
175.065,8293,8255,8060,
175.074,8285,8257,8037,
175.085,8304,8247,8047,
175.095,8320,8270,8060,
175.102,8301,8257,8037,
175.116,8283,8255,8029,
175.126,8279,8245,8034,
175.135,8285,8250,8045,
175.144,8283,8232,8050,
175.154,8279,8227,8042,
175.165,8260,8214,8073,
175.173,8271,8204,8052,
175.185,8299,8265,8057,
175.195,8265,8239,8060,
175.205,8268,8247,8057,
175.213,8279,8222,8073,
175.223,8273,8265,8050,
175.233,8291,8283,8039,
175.244,8283,8245,8047,
175.256,8285,8263,8018,
175.264,8285,8217,8047,
175.273,8301,8237,8034,
175.285,8307,8250,8032,
175.295,8320,8257,8039,
175.304,8318,8232,8045,
175.315,8310,8250,8029,
175.324,8301,8227,8021,
175.337,8310,8270,8021,
175.346,8323,8260,8024,
175.354,8323,8168,8018,
175.365,8318,8193,8010,
175.374,8331,8276,8015,
175.385,8334,8247,8013,
175.396,8331,8232,8027,
175.405,8320,8263,8029,
175.416,8331,8260,8013,
175.425,8329,8227,8024,
175.434,8342,8257,8021,
175.443,8334,8230,8024,
175.454,8347,8263,7999,
175.463,8350,8252,8015,
175.474,8345,8260,7994,
175.486,8361,8250,8008,
175.494,8356,8239,7991,
175.506,8358,8255,7986,
175.514,8372,8242,7996,
175.524,8377,8224,7994,
175.533,8372,8239,7989,
175.544,8393,8252,7983,
175.555,8390,8153,7963,
175.563,8401,8201,7946,
175.574,8404,8209,7953,
175.583,8409,8242,7958,
175.595,8406,8237,7953,
175.603,8428,8217,7963,
175.613,8420,8237,7953,
175.623,8439,8232,7953,
175.634,8444,8227,7904,
175.645,8468,8232,7920,
175.654,8473,8245,7920,
175.664,8481,8217,7915,
175.674,8495,8222,7894,
175.686,8506,8237,7886,
175.691,8517,8222,7870,
175.703,8536,8232,7865,
175.712,8541,8230,7860,
175.724,8553,8232,7862,
175.733,8581,8222,7838,
175.742,8597,8227,7823,
175.755,8622,8168,7786,
175.763,8635,8148,7714,
175.772,8622,8181,7778,
175.784,8619,8219,7786,
175.793,8630,8214,7781,
175.803,8627,8212,7775,
175.812,8639,8209,7775,
175.823,8650,8214,7778,
175.834,8670,8209,7746,
175.843,8670,8204,7759,
175.852,8680,8204,7762,
175.864,8678,8209,7725,
175.873,8686,8209,7762,
175.885,8686,8204,7746,
175.893,8683,8206,7746,
175.901,8683,8196,7754,
175.912,8691,8209,7741,
175.921,8672,8204,7749,
175.932,8680,8209,7759,
175.943,8667,8204,7756,
175.953,8689,8201,7730,
175.963,8710,8145,7645,
175.972,8686,8175,7712,
175.984,8664,8204,7770,
175.991,8661,8201,7768,
176.004,8664,8199,7762,
176.015,8659,8206,7781,
176.024,8670,8201,7775,
176.033,8661,8199,7770,
176.043,8675,8206,7768,
176.054,8680,8201,7762,
176.063,8667,8206,7768,
176.073,8670,8212,7751,
176.084,8686,8209,7756,
176.094,8686,8206,7762,
176.104,8680,8201,7773,
176.113,8680,8204,7768,
176.122,8672,8204,7756,
176.132,8672,8206,7751,
176.143,8678,8204,7736,
176.153,8707,8183,7701,
176.177,8707,8122,7656,
176.177,8678,8153,7719,
176.184,8650,8201,7786,
176.193,8647,8199,7786,
176.203,8650,8204,7781,
176.213,8632,8204,7783,
176.221,8653,8204,7773,
176.234,8656,8204,7775,
176.244,8656,8206,7788,
176.252,8647,8206,7775,
176.264,8661,8204,7770,
176.277,8644,8201,7788,
176.284,8659,8214,7764,
176.294,8644,8209,7775,
176.303,8670,8217,7773,
176.312,8650,8206,7778,
176.325,8653,8199,7781,
176.332,8661,8209,7751,
176.342,8670,8212,7773,
176.354,8670,8206,7704,
176.363,8710,8159,7651,
176.371,8689,8181,7704,
176.383,8661,8196,7781,
176.395,8661,8209,7775,
176.406,8656,8201,7768,
176.414,8664,8191,7770,
176.423,8667,8201,7768,
176.432,8675,8206,7770,
176.444,8667,8201,7770,
176.453,8670,8204,7770,
176.464,8659,8206,7768,
176.471,8667,8206,7773,
176.485,8675,8209,7759,
176.494,8659,8204,7754,
176.504,8661,8201,7762,
176.51,8670,8199,7762,
176.523,8670,8217,7762,
176.532,8667,8209,7738,
176.542,8670,8209,7778,
176.553,8680,8196,7722,
176.562,8727,8153,7662,
176.572,8689,8196,7722,
176.582,8664,8206,7759,
176.593,8661,8204,7762,
176.602,8661,8201,7764,
176.612,8667,8204,7781,
176.624,8667,8201,7783,
176.634,8670,8204,7754,
176.643,8675,8201,7762,
176.653,8670,8206,7759,
176.664,8670,8204,7764,
176.67,8675,8219,7759,
176.682,8661,8217,7756,
176.691,8680,8214,7768,
176.703,8661,8214,7762,
176.713,8664,8201,7768,
176.723,8664,8209,7756,
176.733,8667,8209,7756,
176.743,8672,8206,7773,
176.752,8689,8188,7709,
176.762,8697,8127,7670,
176.773,8667,8155,7736,
176.785,8647,8214,7764,
176.793,8661,8206,7783,
176.801,8647,8201,7791,
176.812,8647,8204,7788,
176.822,8661,8204,7775,
176.835,8639,8201,7773,
176.841,8639,8199,7768,
176.853,8644,8204,7781,
176.863,8656,8196,7778,
176.872,8664,8201,7781,
176.885,8661,8217,7781,
176.891,8650,8212,7762,
176.902,8656,8209,7768,
176.912,8667,8201,7775,
176.92,8659,8206,7775,
176.933,8667,8209,7786,
176.942,8653,8214,7764,
176.954,8664,8199,7730,
176.963,8697,8140,7677,
176.972,8664,8186,7727,
176.981,8635,8188,7775,
176.992,8639,8199,7781,
177.001,8624,8206,7786,
177.014,8635,8209,7793,
177.023,8639,8206,7770,
177.033,8642,8201,7781,
177.041,8647,8206,7796,
177.052,8659,8206,7788,
177.062,8664,8204,7781,
177.07,8644,8209,7783,
177.082,8639,8199,7783,
177.091,8632,8214,7788,
177.102,8653,8206,7788,
177.111,8632,8206,7788,
177.12,8644,8214,7793,
177.135,8639,8206,7783,
177.141,8635,8206,7786,
177.149,8656,8193,7733,
177.162,8680,8153,7704,
177.172,8647,8159,7751,
177.181,8624,8199,7801,
177.191,8624,8201,7786,
177.202,8619,8201,7793,
177.213,8616,8219,7801,
177.222,8616,8212,7783,
177.231,8630,8196,7796,
177.243,8639,8209,7793,
177.25,8632,8201,7773,
177.263,8630,8206,7788,
177.27,8632,8217,7788,
177.281,8639,8214,7783,
177.291,8644,8206,7793,
177.302,8639,8204,7796,
177.312,8639,8212,7778,
177.322,8642,8217,7793,
177.332,8650,8214,7786,
177.341,8647,8206,7796,
177.35,8667,8206,7756,
177.361,8686,8153,7694,
177.371,8661,8161,7736,
177.381,8624,8186,7805,
177.392,8624,8201,7788,
177.401,8624,8214,7793,
177.413,8613,8204,7807,
177.422,8613,8204,7786,
177.43,8632,8206,7810,
177.441,8627,8212,7786,
177.451,8622,8206,7799,
177.464,8624,8204,7788,
177.474,8627,8209,7801,
177.482,8624,8217,7778,
177.494,8632,8217,7791,
177.502,8619,8219,7788,
177.511,8619,8217,7791,
177.524,8627,8219,7788,
177.532,8619,8212,7801,
177.542,8624,8219,7812,
177.552,8627,8204,7759,
177.562,8653,8135,7709,
177.571,8632,8175,7773,
177.581,8613,8222,7801,
177.59,8613,8214,7796,
177.603,8613,8206,7812,
177.61,8603,8209,7801,
177.623,8613,8214,7801,
177.632,8616,8217,7807,
177.641,8616,8217,7807,
177.65,8619,8212,7796,
177.659,8613,8212,7805,
177.671,8616,8201,7817,
177.682,8619,8217,7805,
177.693,8622,8212,7791,
177.702,8622,8222,7805,
177.71,8619,8230,7810,
177.72,8622,8204,7810,
177.73,8619,8209,7805,
177.74,8619,8222,7805,
177.75,8630,8224,7768,
177.764,8644,8178,7725,
177.77,8608,8159,7788,
177.781,8608,8204,7833,
177.792,8592,8214,7796,
177.8,8597,8209,7843,
177.814,8584,8212,7825,
177.819,8594,8206,7823,
177.831,8597,8204,7823,
177.839,8597,8212,7815,
177.853,8597,8212,7820,
177.859,8594,8212,7833,
177.87,8576,8219,7815,
177.878,8578,8209,7835,
177.891,8573,8212,7833,
177.902,8567,8222,7846,
177.908,8562,8209,7857,
177.921,8541,8219,7857,
177.93,8525,8230,7854,
177.941,8541,8232,7897,
177.949,8503,8217,7879,
177.96,8500,8178,7846,
177.973,8479,8209,7891,
177.981,8476,8232,7931,
177.989,8444,8239,7939,
178.002,8431,8212,7936,
178.012,8431,8232,7958,
178.021,8420,8206,7965,
178.03,8409,8250,7968,
178.04,8398,8247,7960,
178.05,8398,8237,7971,
178.061,8385,8242,7994,
178.07,8379,8230,7965,
178.079,8382,8237,7989,
178.09,8364,8227,7986,
178.102,8372,8242,7999,
178.11,8345,8252,7989,
178.121,8345,8242,7989,
178.129,8323,8230,7989,
178.141,8347,8237,8024,
178.151,8323,8219,8027,
178.16,8299,8232,8018,
178.169,8320,8124,8039,
178.18,8299,8263,8050,
178.189,8283,8257,8032,
178.201,8293,8250,8068,
178.212,8291,8252,8045,
178.221,8271,8245,8060,
178.231,8271,8276,8052,
178.24,8285,8270,8042,
178.25,8276,8230,8062,
178.26,8273,8232,8062,
178.27,8279,8242,8065,
178.281,8288,8260,8047,
178.291,8260,8270,8065,
178.299,8276,8242,8068,
178.31,8283,8227,8057,
178.323,8260,8242,8045,
178.332,8283,8281,8068,
178.339,8254,8250,8050,
178.349,8263,8142,8068,
178.36,8244,8175,8098,
178.381,8246,8196,8073,
178.382,8252,8288,8065,
178.39,8260,8257,8062,
178.401,8268,8255,8087,
178.409,8241,8232,8093,
178.418,8249,8227,8075,
178.431,8257,8255,8078,
178.439,8271,8260,8075,
178.451,8254,8278,8070,
178.461,8252,8247,8060,
178.471,8246,8257,8070,
178.478,8257,8242,8078,
178.489,8238,8245,8073,
178.5,8260,8286,8057,
178.509,8268,8268,8083,
178.521,8244,8257,8065,
178.53,8260,8260,8060,
178.542,8252,8265,8070,
178.549,8254,8230,8062,
178.561,8241,8219,8087,
178.572,8257,8219,8070,
178.582,8241,8232,8052,
178.589,8271,8250,8073,
178.599,8263,8230,8050,
178.611,8260,8252,8070,
178.621,8271,8268,8065,
178.629,8271,8260,8068,
178.641,8283,8224,8050,
178.649,8299,8278,8047,
178.66,8296,8260,8045,
178.669,8279,8281,8047,
178.678,8260,8268,8029,
178.692,8279,8299,8047,
178.7,8285,8281,8042,
178.71,8299,8265,8034,
178.719,8301,8286,8037,
178.73,8285,8232,8027,
178.74,8291,8250,8032,
178.749,8288,8188,8034,
178.758,8268,8326,8052,
178.771,8291,8209,8039,
178.779,8301,8222,8032,
178.791,8291,8247,8039,
178.801,8283,8239,8032,
178.81,8288,8237,8057,
178.818,8301,8250,8032,
178.83,8307,8263,8042,
178.841,8299,8268,8029,
178.848,8312,8252,8027,
178.86,8323,8227,8039,
178.87,8320,8252,8010,
178.88,8337,8270,8001,
178.889,8329,8273,8013,
178.899,8331,8270,8015,
178.908,8342,8255,8018,
178.922,8337,8250,8001,
178.928,8329,8268,7983,
178.938,8339,8239,7994,
178.947,8366,8227,7989,
178.959,8358,8239,7973,
178.969,8364,8255,7978,
178.979,8377,8242,7981,
178.988,8361,8245,7978,
178.999,8377,8227,7999,
179.011,8387,8232,7986,
179.018,8401,8255,7986,
179.03,8414,8230,7996,
179.041,8406,8260,7963,
179.05,8428,8247,7931,
179.058,8442,8222,7953,
179.07,8473,8250,7950,
179.08,8476,8224,7922,
179.089,8458,8263,7891,
179.098,8495,8239,7889,
179.11,8492,8232,7872,
179.121,8522,8242,7860,
179.127,8544,8217,7854,
179.14,8576,8250,7835,
179.146,8594,8206,7823,
179.162,8622,8204,7727,
179.168,8635,8206,7778,
179.179,8632,8227,7796,
179.189,8630,8219,7770,
179.199,8639,8209,7786,
179.209,8656,8204,7768,
179.218,8661,8206,7756,
179.23,8667,8199,7746,
179.24,8672,8204,7733,
179.25,8697,8204,7744,
179.259,8702,8204,7756,
179.271,8716,8204,7719,
179.277,8725,8196,7709,
179.288,8725,8204,7712,
179.299,8713,8201,7709,
179.308,8721,8204,7727,
179.319,8713,8199,7725,
179.331,8705,8204,7741,
179.337,8699,8206,7712,
179.349,8733,8183,7680,
179.357,8766,8181,7612,
179.37,8727,8183,7686,
179.378,8702,8199,7744,
179.39,8697,8209,7741,
179.401,8689,8193,7746,
179.409,8686,8193,7741,
179.418,8686,8199,7744,
179.429,8686,8196,7751,
179.438,8686,8199,7770,
179.447,8686,8191,7764,
179.46,8680,8199,7746,
179.469,8675,8196,7754,
179.489,8686,8196,7768,
179.491,8686,8199,7759,
179.497,8675,8201,7744,
179.51,8675,8201,7764,
179.519,8661,8199,7768,
179.53,8664,8193,7762,
179.536,8683,8201,7762,
179.549,8707,8193,7699,
179.559,8707,8168,7664,
179.569,8678,8159,7725,
179.578,8659,8201,7775,
179.588,8659,8201,7781,
179.6,8650,8196,7783,
179.609,8656,8201,7775,
179.618,8647,8204,7770,
179.626,8664,8201,7775,
179.643,8667,8206,7768,
179.649,8664,8206,7754,
179.658,8656,8209,7775,
179.667,8653,8209,7768,
179.681,8667,8206,7775,
179.688,8672,8201,7778,
179.697,8642,8204,7773,
179.708,8664,8199,7751,
179.717,8656,8212,7786,
179.729,8661,8214,7773,
179.737,8664,8212,7770,
179.748,8678,8193,7736,
179.759,8716,8175,7664,
179.768,8680,8175,7714,
179.78,8653,8201,7781,
179.786,8656,8209,7775,
179.798,8650,8199,7786,
179.807,8656,8204,7786,
179.818,8659,8206,7786,
179.829,8659,8204,7778,
179.839,8661,8206,7773,
179.85,8664,8204,7786,
179.859,8664,8204,7775,
179.867,8667,8209,7783,
179.877,8656,8212,7781,
179.886,8656,8199,7778,
179.899,8656,8201,7759,
179.908,8670,8206,7783,
179.917,8653,8212,7775,
179.929,8647,8206,7770,
179.937,8653,8212,7773,
179.95,8675,8196,7736,
179.958,8702,8132,7675,
179.966,8670,8148,7738,
179.979,8644,8201,7786,
179.987,8650,8199,7786,
179.996,8639,8204,7788,
180.009,8647,8201,7786,
180.018,8644,8204,7764,
180.029,8642,8201,7793,
180.037,8653,8206,7781,
180.049,8656,8212,7778,
180.058,8664,8209,7770,
180.069,8667,8209,7781,
180.077,8659,8214,7778,
180.088,8656,8217,7770,
180.098,8656,8196,7775,
180.107,8667,8217,7778,
180.117,8667,8214,7781,
180.127,8664,8212,7783,
180.136,8667,8217,7759,
180.147,8691,8193,7744,
180.156,8699,8135,7682,
180.169,8680,8181,7738,
180.178,8647,8209,7781,
180.186,8650,8217,7788,
180.199,8632,8196,7799,
180.208,8622,8199,7778,
180.216,8639,8206,7768,
180.228,8639,8206,7817,
180.237,8627,8204,7768,
180.251,8656,8212,7791,
180.257,8644,8212,7775,
180.268,8632,8204,7799,
180.278,8632,8204,7773,
180.288,8624,8204,7791,
180.296,8650,8201,7791,
180.307,8639,8214,7770,
180.316,8667,8214,7799,
180.328,8653,8206,7783,
180.337,8644,8209,7788,
180.349,8670,8212,7759,
180.358,8694,8127,7682,
180.365,8667,8153,7738,
180.376,8622,8201,7793,
180.389,8630,8209,7778,
180.398,8635,8193,7796,
180.408,8635,8199,7801,
180.419,8642,8199,7786,
180.428,8653,8201,7778,
180.438,8647,8209,7778,
180.446,8653,8204,7783,
180.457,8647,8214,7791,
180.468,8656,8212,7783,
180.477,8656,8204,7791,
180.488,8650,8209,7781,
180.497,8635,8209,7781,
180.506,8656,8209,7788,
180.516,8661,8217,7770,
180.528,8650,8204,7768,
180.538,8656,8206,7762,
180.546,8686,8196,7717,
180.556,8697,8145,7682,
180.566,8656,8178,7746,
180.584,8642,8217,7781,
180.587,8650,8201,7799,
180.596,8630,8199,7788,
180.607,8630,8212,7796,
180.619,8632,8199,7786,
180.63,8642,8206,7807,
180.636,8647,8212,7801,
180.647,8639,8204,7788,
180.657,8644,8209,7801,
180.666,8630,8217,7791,
180.678,8627,8212,7791,
180.688,8630,8219,7786,
180.699,8627,8214,7799,
180.709,8642,8212,7791,
180.718,8622,8204,7807,
180.728,8632,8214,7799,
180.738,8635,8204,7778,
180.748,8664,8201,7744,
180.758,8664,8153,7704,
180.767,8630,8168,7754,
180.776,8613,8217,7812,
180.786,8616,8212,7810,
180.797,8613,8209,7801,
180.807,8597,8206,7801,
180.817,8611,8206,7801,
180.825,8603,8209,7786,
180.838,8624,8193,7807,
180.844,8613,8212,7805,
180.857,8613,8212,7793,
180.866,8627,8201,7812,
180.878,8627,8214,7799,
180.887,8619,8219,7801,
180.897,8627,8204,7810,
180.906,8624,8209,7793,
180.917,8605,8217,7805,
180.925,8611,8219,7786,
180.936,8619,8217,7807,
180.947,8627,8204,7783,
180.957,8656,8132,7717,
180.967,8627,8178,7773,
180.977,8597,8201,7835,
180.986,8603,8212,7805,
180.995,8600,8214,7815,
181.006,8589,8212,7820,
181.017,8600,8209,7815,
181.026,8611,8214,7815,
181.034,8608,8217,7810,
181.046,8605,8201,7801,
181.057,8605,8204,7823,
181.065,8608,8219,7820,
181.077,8600,8214,7812,
181.086,8608,8214,7833,
181.095,8597,8224,7820,
181.105,8600,8212,7825,
181.115,8597,8224,7833,
181.124,8586,8224,7828,
181.136,8592,8222,7830,
181.147,8578,8219,7810,
181.156,8578,8137,7775,
181.166,8562,8181,7835,
181.176,8527,8217,7860,
181.187,8519,8222,7879,
181.195,8511,8230,7891,
181.205,8503,8227,7889,
181.216,8481,8214,7891,
181.225,8479,8230,7927,
181.236,8490,8224,7915,
181.248,8458,8247,7907,
181.258,8461,8230,7946,
181.267,8439,8247,7965,
181.275,8417,8245,7950,
181.287,8425,8245,7973,
181.296,8393,8239,7955,
181.308,8385,8260,7960,
181.313,8387,8224,7983,
181.326,8377,8232,7999,
181.337,8364,8230,7976,
181.344,8356,8263,7991,
181.358,8334,8181,7989,
181.367,8347,8212,8013,
181.376,8356,8276,8032,
181.385,8350,8245,8034,
181.397,8304,8239,8021,
181.405,8304,8239,8045,
181.416,8310,8257,8034,
181.427,8296,8252,8021,
181.437,8296,8252,8027,
181.446,8283,8270,8039,
181.454,8293,8212,8055,
181.468,8293,8252,8052,
181.477,8283,8270,8055,
181.486,8265,8276,8065,
181.496,8265,8247,8062,
181.505,8271,8265,8060,
181.518,8268,8255,8070,
181.525,8260,8263,8070,
181.534,8254,8276,8057,
181.545,8265,8237,8075,
181.556,8254,8219,8080,
181.566,8254,8278,8065,
181.597,8273,8265,8070,
181.6,8257,8268,8070,
181.601,8244,8273,8089,
181.606,8244,8268,8080,
181.616,8252,8270,8065,
181.624,8257,8294,8080,
181.635,8263,8255,8070,
181.647,8265,8250,8070,
181.655,8254,8239,8075,
181.666,8241,8273,8057,
181.675,8260,8260,8073,
181.687,8276,8255,8070,
181.696,8263,8281,8068,
181.705,8244,8265,8080,
181.716,8254,8222,8062,
181.726,8260,8263,8070,
181.734,8244,8242,8073,
181.747,8263,8227,8083,
181.756,8230,8153,8089,
181.767,8249,8165,8098,
181.781,8244,8242,8089,
181.784,8254,8255,8070,
181.796,8249,8263,8073,
181.805,8244,8255,8083,
181.815,8283,8286,8062,
181.828,8246,8263,8073,
181.837,8252,8265,8065,
181.846,8260,8278,8062,
181.855,8276,8268,8050,
181.866,8283,8263,8057,
181.876,8283,8247,8039,
181.884,8283,8283,8057,
181.896,8288,8283,8045,
181.908,8273,8252,8050,
181.916,8283,8270,8045,
181.926,8285,8255,8050,
181.935,8288,8281,8045,
181.945,8288,8204,8045,
181.956,8268,8117,8065,
181.965,8276,8170,8052,
181.976,8288,8260,8057,
181.986,8283,8255,8050,
181.995,8288,8247,8045,
182.006,8283,8252,8045,
182.016,8291,8265,8029,
182.025,8318,8227,8045,
182.036,8310,8260,8029,
182.045,8310,8281,8037,
182.056,8329,8273,8010,
182.064,8318,8227,8015,
182.075,8337,8252,8027,
182.085,8323,8263,8008,
182.093,8342,8273,8010,
182.107,8361,8245,8021,
182.115,8342,8268,7996,
182.126,8350,8242,8001,
182.137,8364,8255,8013,
182.144,8366,8209,7999,
182.153,8345,8068,7976,
182.164,8364,8222,7976,
182.175,8379,8245,7978,
182.184,8364,8232,7968,
182.196,8361,8242,7973,
182.204,8385,8239,7983,
182.216,8385,8276,7976,
182.226,8401,8239,7973,
182.234,8404,8242,7955,
182.245,8420,8232,7960,
182.254,8428,8245,7963,
182.266,8431,8268,7939,
182.274,8439,8270,7944,
182.286,8447,8247,7925,
182.294,8473,8239,7927,
182.305,8476,8247,7917,
182.315,8463,8232,7881,
182.325,8509,8242,7889,
182.336,8506,8242,7889,
182.346,8519,8181,7865,
182.352,8533,8161,7820,
182.363,8541,8212,7848,
182.376,8553,8232,7862,
182.383,8544,8230,7843,
182.393,8562,8222,7854,
182.406,8558,8219,7846,
182.417,8589,8239,7841,
182.426,8584,8206,7820,
182.437,8597,8222,7815,
182.443,8616,8222,7815,
182.456,8613,8230,7807,
182.465,8613,8217,7801,
182.474,8603,8212,7805,
182.486,8616,8212,7807,
182.495,8613,8206,7817,
182.504,8622,8209,7805,
182.515,8627,8204,7817,
182.526,8622,8217,7812,
182.536,8616,8227,7799,
182.545,8642,8212,7788,
182.555,8659,8096,7704,
182.563,8647,8186,7775,
182.574,8630,8206,7786,
182.585,8627,8204,7791,
182.594,8627,8206,7799,
182.602,8635,8209,7793,
182.615,8642,8201,7799,
182.624,8630,8206,7788,
182.635,8635,8204,7793,
182.643,8653,8206,7791,
182.654,8630,8214,7788,
182.665,8632,8209,7783,
182.675,8632,8209,7801,
182.684,8639,8212,7781,
182.696,8639,8217,7773,
182.707,8639,8214,7775,
182.715,8656,8199,7788,
182.724,8644,8219,7786,
182.737,8635,8212,7759,
182.743,8659,8199,7751,
182.756,8691,8122,7677,
182.763,8656,8178,7730,
182.775,8639,8214,7791,
182.785,8630,8204,7788,
182.793,8632,8206,7793,
182.805,8624,8212,7796,
182.815,8639,8212,7791,
182.823,8627,8212,7775,
182.835,8635,8214,7791,
182.846,8627,8204,7801,
182.852,8639,8214,7791,
182.867,8639,8209,7786,
182.877,8635,8214,7786,
182.884,8632,8214,7770,
182.895,8659,8201,7783,
182.904,8653,8204,7793,
182.913,8644,8206,7773,
182.925,8656,8212,7781,
182.935,8656,8214,7786,
182.945,8667,8209,7746,
182.953,8686,8170,7689,
182.964,8667,8175,7738,
182.976,8635,8212,7786,
182.985,8642,8209,7775,
182.995,8630,8214,7791,
183.005,8627,8209,7799,
183.015,8635,8206,7801,
183.024,8630,8214,7805,
183.032,8632,8206,7775,
183.045,8644,8206,7786,
183.053,8639,8209,7788,
183.064,8632,8209,7783,
183.073,8644,8214,7786,
183.082,8632,8209,7788,
183.095,8635,8219,7801,
183.104,8619,8209,7783,
183.113,8635,8206,7786,
183.124,8624,8217,7783,
183.133,8647,8204,7788,
183.145,8659,8191,7736,
183.153,8664,8165,7694,
183.165,8642,8181,7764,
183.174,8613,8219,7801,
183.185,8619,8209,7788,
183.191,8611,8201,7786,
183.203,8616,8204,7786,
183.212,8624,8209,7796,
183.225,8630,8214,7775,
183.232,8642,8204,7812,
183.245,8639,8212,7793,
183.255,8632,8206,7796,
183.265,8632,8214,7799,
183.274,8627,8222,7783,
183.283,8619,8214,7807,
183.292,8611,8217,7786,
183.302,8635,8206,7817,
183.313,8613,8219,7799,
183.323,8624,8217,7796,
183.333,8613,8206,7796,
183.344,8656,8199,7751,
183.354,8647,8191,7725,
183.365,8627,8175,7764,
183.371,8600,8204,7812,
183.382,8613,8209,7805,
183.395,8616,8209,7805,
183.403,8605,8206,7801,
183.413,8624,8204,7801,
183.422,8630,8209,7788,
183.434,8635,8214,7783,
183.446,8632,8206,7791,
183.454,8624,8204,7788,
183.463,8632,8209,7793,
183.473,8630,8206,7801,
183.484,8635,8209,7793,
183.493,8632,8209,7791,
183.502,8639,8201,7783,
183.513,8635,8212,7786,
183.525,8639,8209,7791,
183.531,8639,8206,7781,
183.544,8661,8199,7727,
183.555,8680,8114,7696,
183.564,8653,8155,7749,
183.574,8624,8209,7791,
183.584,8632,8209,7793,
183.593,8622,8209,7791,
183.605,8632,8206,7793,
183.614,8635,8212,7791,
183.622,8632,8214,7799,
183.631,8639,8204,7799,
183.645,8630,8209,7791,
183.654,8627,8209,7786,
183.663,8656,8204,7799,
183.674,8653,8209,7786,
183.683,8650,8209,7773,
183.695,8650,8206,7783,
183.703,8650,8214,7778,
183.713,8647,8212,7793,
183.721,8650,8222,7781,
183.735,8642,8217,7775,
183.744,8650,8206,7741,
183.754,8691,8159,7696,
183.765,8661,8165,7749,
183.772,8642,8199,7801,
183.783,8624,8217,7781,
183.794,8632,8209,7801,
183.801,8635,8209,7793,
183.813,8632,8201,7788,
183.823,8647,8222,7770,
183.831,8653,8204,7791,
183.842,8635,8201,7788,
183.853,8639,8212,7778,
183.864,8632,8212,7775,
183.87,8630,8204,7788,
183.883,8650,8201,7783,
183.894,8647,8206,7783,
183.905,8644,8209,7783,
183.913,8653,8204,7773,
183.921,8653,8201,7773,
183.934,8639,8212,7775,
183.945,8667,8206,7756,
183.954,8697,8161,7667,
183.965,8670,8178,7730,
183.975,8632,8206,7783,
183.982,8653,8209,7778,
183.992,8639,8201,7799,
184.002,8639,8204,7778,
184.014,8642,8201,7788,
184.023,8653,8204,7793,
184.034,8639,8217,7783,
184.043,8650,8214,7778,
184.054,8653,8201,7791,
184.062,8639,8212,7778,
184.072,8647,8214,7791,
184.083,8642,8217,7786,
184.091,8653,8217,7791,
184.103,8630,8214,7778,
184.114,8632,8214,7783,
184.122,8647,8199,7788,
184.133,8632,8201,7791,
184.143,8644,8201,7756,
184.152,8678,8137,7704,
184.162,8642,8132,7751,
184.172,8619,8219,7815,
184.18,8616,8212,7799,
184.192,8613,8206,7801,
184.204,8608,8206,7810,
184.211,8613,8214,7810,
184.221,8613,8204,7807,
184.232,8613,8204,7820,
184.242,8611,8204,7801,
184.252,8608,8212,7788,
184.26,8627,8219,7812,
184.271,8622,8206,7796,
184.283,8616,8214,7812,
184.292,8613,8209,7799,
184.302,8613,8209,7817,
184.311,8616,8214,7812,
184.322,8613,8224,7796,
184.333,8624,8214,7815,
184.341,8624,8193,7788,
184.351,8650,8161,7712,
184.363,8642,8199,7786,
184.371,8613,8224,7801,
184.384,8592,8204,7801,
184.391,8611,8219,7823,
184.403,8605,8212,7817,
184.412,8611,8209,7817,
184.422,8613,8206,7815,
184.431,8611,8217,7817,
184.444,8619,8222,7823,
184.453,8600,8212,7810,
184.462,8605,8224,7812,
184.472,8600,8222,7815,
184.481,8605,8214,7817,
184.491,8608,8212,7825,
184.504,8589,8214,7817,
184.511,8589,8219,7828,
184.521,8586,8214,7828,
184.533,8584,8212,7823,
184.542,8589,8209,7793,
184.553,8605,8168,7759,
184.562,8589,8153,7805,
184.572,8549,8201,7852,
184.581,8556,8219,7854,
184.593,8546,8224,7867,
184.599,8530,8222,7872,
184.611,8519,8219,7886,
184.622,8527,8230,7891,
184.634,8495,8219,7886,
184.64,8498,8217,7899,
184.651,8490,8242,7931,
184.662,8471,8239,7909,
184.673,8481,8230,7934,
184.681,8447,8230,7912,
184.69,8450,8219,7941,
184.703,8442,8232,7955,
184.711,8436,8227,7958,
184.721,8436,8230,7976,
184.731,8409,8224,7963,
184.742,8412,8186,7953,
184.753,8401,8150,7941,
184.762,8396,8183,7965,
184.773,8372,8250,7986,
184.781,8390,8245,7996,
184.792,8372,8252,8015,
184.817,8350,8242,7996,
184.818,8331,8252,7996,
184.823,8356,8219,8008,
184.832,8334,8237,7999,
184.841,8377,8245,8029,
184.85,8342,8239,8015,
184.86,8323,8239,8021,
184.871,8318,8250,8037,
184.883,8301,8242,8029,
184.892,8307,8260,8027,
184.902,8288,8232,8021,
184.912,8310,8270,8045,
184.922,8291,8237,8021,
184.933,8301,8232,8042,
184.939,8283,8270,8042,
184.952,8265,8175,8065,
184.961,8291,8175,8052,
184.973,8268,8268,8055,
184.981,8276,8224,8057,
184.992,8260,8294,8045,
185.001,8273,8237,8062,
185.016,8283,8265,8045,
185.023,8279,8250,8062,
185.03,8283,8247,8052,
185.04,8283,8255,8055,
185.053,8285,8273,8062,
185.064,8276,8260,8050,
185.072,8276,8245,8052,
185.082,8271,8260,8052,
185.092,8271,8281,8065,
185.104,8283,8265,8070,
185.112,8285,8281,8052,
185.122,8283,8257,8075,
185.132,8276,8250,8068,
185.141,8273,8199,8057,
185.153,8260,8159,8073,
185.159,8271,8188,8065,
185.171,8265,8260,8080,
185.179,8276,8273,8060,
185.192,8283,8232,8068,
185.201,8268,8247,8060,
185.212,8271,8257,8065,
185.221,8283,8278,8057,
185.234,8276,8278,8057,
185.241,8304,8270,8045,
185.251,8293,8257,8042,
185.262,8304,8247,8042,
185.272,8293,8242,8024,
185.282,8299,8209,8034,
185.29,8310,8252,8021,
185.303,8310,8265,8037,
185.31,8304,8239,8024,
185.321,8283,8278,8024,
185.33,8304,8265,8039,
185.34,8318,8247,8042,
185.353,8283,8201,8034,
185.364,8320,8239,8029,
185.37,8304,8260,8032,
185.381,8315,8268,8029,
185.391,8315,8239,8029,
185.402,8307,8252,8027,
185.408,8318,8255,8032,
185.418,8331,8255,8018,
185.43,8356,8222,8018,
185.442,8334,8239,8013,
185.453,8342,8260,8001,
185.46,8342,8224,8008,
185.473,8347,8239,8004,
185.482,8347,8237,7981,
185.491,8364,8270,8004,
185.501,8364,8232,7989,
185.511,8364,8242,7996,
185.519,8364,8222,7983,
185.532,8377,8222,7996,
185.542,8372,8188,7976,
185.55,8366,8214,7976,
185.56,8393,8178,7968,
185.571,8377,8263,7960,
185.579,8398,8227,7991,
185.592,8372,8239,7981,
185.601,8382,8242,7978,
185.611,8393,8232,7971,
185.621,8404,8232,7960,
185.632,8409,8263,7941,
185.638,8414,8237,7958,
185.652,8420,8237,7953,
185.662,8436,8245,7941,
185.67,8436,8245,7946,
185.681,8433,8239,7936,
185.69,8452,8250,7941,
185.701,8450,8232,7922,
185.71,8476,8230,7920,
185.719,8476,8245,7915,
185.731,8492,8242,7902,
185.742,8509,8212,7862,
185.749,8522,8145,7815,
185.758,8544,8129,7843,
185.77,8549,8222,7884,
185.782,8562,8242,7857,
185.792,8584,8224,7835,
185.8,8578,8222,7820,
185.81,8603,8219,7833,
185.819,8605,8209,7801,
185.833,8608,8230,7801,
185.838,8632,8224,7791,
185.851,8630,8214,7786,
185.86,8624,8219,7786,
185.869,8644,8214,7781,
185.898,8650,8222,7805,
185.899,8639,8217,7781,
185.901,8639,8206,7764,
185.912,8653,8214,7793,
185.919,8632,8214,7793,
185.93,8667,8212,7786,
185.939,8667,8206,7741,
185.95,8694,8140,7672,
185.96,8667,8170,7730,
185.969,8659,8206,7775,
185.979,8656,8209,7773,
185.991,8656,8204,7786,
186,8656,8209,7773,
186.008,8653,8204,7775,
186.02,8667,8212,7751,
186.029,8672,8212,7764,
186.039,8672,8212,7744,
186.05,8661,8206,7751,
186.059,8670,8214,7762,
186.07,8670,8204,7768,
186.08,8664,8209,7759,
186.09,8678,8206,7762,
186.101,8675,8201,7764,
186.111,8689,8196,7759,
186.12,8675,8206,7756,
186.129,8672,8204,7762,
186.142,8697,8206,7736,
186.149,8725,8129,7658,
186.161,8691,8178,7714,
186.17,8667,8206,7768,
186.182,8661,8206,7768,
186.19,8656,8209,7775,
186.198,8661,8201,7768,
186.21,8659,8204,7762,
186.219,8664,8206,7751,
186.229,8659,8204,7762,
186.239,8667,8199,7759,
186.251,8667,8209,7764,
186.259,8661,8209,7762,
186.268,8650,8204,7768,
186.281,8661,8209,7770,
186.29,8659,8219,7764,
186.301,8650,8209,7756,
186.311,8661,8204,7770,
186.319,8656,8214,7768,
186.331,8664,8206,7781,
186.341,8678,8201,7730,
186.347,8716,8153,7667,
186.359,8683,8181,7738,
186.371,8653,8206,7770,
186.382,8650,8214,7775,
186.389,8661,8206,7768,
186.4,8647,8201,7768,
186.409,8653,8209,7751,
186.418,8656,8206,7786,
186.427,8644,8212,7773,
186.439,8642,8214,7773,
186.449,8656,8209,7764,
186.458,8656,8204,7773,
186.47,8653,8212,7768,
186.478,8661,8212,7773,
186.489,8650,8214,7775,
186.498,8661,8201,7781,
186.51,8656,8204,7788,
186.521,8659,8217,7773,
186.53,8672,8214,7759,
186.537,8691,8199,7719,
186.549,8691,8127,7680,
186.558,8667,8181,7725,
186.568,8632,8204,7781,
186.58,8642,8201,7801,
186.589,8635,8209,7796,
186.598,8627,8206,7788,
186.61,8642,8204,7788,
186.619,8644,8209,7778,
186.63,8653,8209,7775,
186.637,8653,8212,7796,
186.648,8647,8212,7783,
186.657,8664,8206,7775,
186.67,8656,8212,7781,
186.68,8656,8212,7775,
186.69,8659,8204,7783,
186.702,8664,8212,7778,
186.71,8642,8206,7770,
186.721,8656,8201,7778,
186.729,8664,8209,7770,
186.74,8675,8193,7701,
186.748,8694,8153,7675,
186.759,8670,8159,7733,
186.77,8632,8196,7793,
186.78,8635,8204,7788,
186.789,8650,8206,7788,
186.799,8635,8199,7791,
186.811,8647,8204,7773,
186.819,8644,8206,7775,
186.828,8650,8204,7768,
186.839,8653,8214,7773,
186.848,8661,8204,7786,
186.859,8661,8206,7768,
186.867,8661,8201,7773,
186.879,8670,8206,7778,
186.887,8664,8212,7762,
186.898,8670,8206,7775,
186.907,8659,8212,7773,
186.919,8661,8206,7783,
186.928,8670,8214,7768,
186.938,8710,8193,7699,
186.949,8716,8135,7658,
186.957,8675,8186,7730,
186.971,8667,8209,7778,
186.979,8653,8209,7781,
186.986,8639,8201,7781,
186.998,8653,8209,7778,
187.01,8639,8204,7786,
187.019,8653,8214,7778,
187.028,8659,8201,7770,
187.037,8667,8199,7788,
187.049,8656,8204,7781,
187.058,8659,8206,7770,
187.07,8661,8201,7791,
187.078,8653,8212,7781,
187.087,8670,8206,7770,
187.099,8661,8199,7793,
187.107,8670,8222,7788,
187.118,8661,8209,7786,
187.129,8653,8201,7773,
187.139,8691,8196,7717,
187.147,8699,8142,7677,
187.158,8667,8170,7741,
187.168,8653,8214,7791,
187.177,8642,8206,7775,
187.188,8650,8201,7783,
187.198,8647,8196,7773,
187.209,8642,8209,7786,
187.218,8650,8204,7768,
187.227,8650,8201,7773,
187.237,8661,8201,7783,
187.246,8656,8212,7768,
187.258,8650,8204,7775,
187.269,8659,8193,7786,
187.28,8653,8212,7773,
187.288,8647,8214,7793,
187.297,8650,8212,7768,
187.308,8639,8206,7759,
187.32,8664,8206,7781,
187.326,8661,8204,7768,
187.337,8653,8193,7746,
187.346,8699,8145,7677,
187.357,8670,8159,7733,
187.368,8639,8193,7788,
187.378,8647,8201,7781,
187.389,8656,8206,7793,
187.4,8642,8193,7799,
187.406,8650,8206,7773,
187.419,8650,8209,7778,
187.429,8650,8206,7783,
187.438,8650,8204,7778,
187.449,8650,8204,7786,
187.458,8656,8214,7788,
187.467,8659,8204,7778,
187.477,8650,8214,7775,
187.488,8661,8206,7781,
187.497,8659,8212,7778,
187.509,8632,8214,7788,
187.519,8642,8206,7786,
187.527,8642,8214,7796,
187.537,8664,8193,7751,
187.547,8686,8150,7696,
187.56,8670,8186,7749,
187.569,8642,8212,7805,
187.578,8642,8209,7788,
187.588,8627,8201,7786,
187.598,8647,8199,7799,
187.608,8644,8204,7781,
187.617,8642,8214,7791,
187.627,8650,8212,7791,
187.637,8653,8209,7793,
187.649,8653,8219,7773,
187.657,8653,8206,7788,
187.671,8653,8199,7788,
187.678,8656,8199,7770,
187.69,8650,8204,7786,
187.698,8644,8217,7786,
187.707,8656,8206,7786,
187.716,8639,8204,7788,
187.729,8627,8219,7796,
187.738,8656,8201,7756,
187.748,8686,8119,7691,
187.757,8650,8183,7751,
187.77,8627,8214,7805,
187.777,8624,8206,7801,
187.786,8611,8201,7815,
187.799,8624,8209,7799,
187.808,8608,8204,7807,
187.818,8624,8204,7799,
187.826,8613,8217,7796,
187.837,8627,8212,7812,
187.846,8613,8219,7817,
187.857,8608,8222,7817,
187.867,8603,8214,7815,
187.877,8586,8217,7810,
187.886,8597,8214,7828,
187.897,8581,8209,7835,
187.909,8565,8204,7841,
187.917,8567,8227,7872,
187.928,8562,8227,7848,
187.937,8541,8217,7857,
187.947,8538,8165,7820,
187.959,8514,8188,7870,
187.968,8492,8232,7907,
187.978,8476,8224,7897,
187.986,8473,8222,7894,
187.998,8442,8237,7907,
188.007,8447,8242,7922,
188.016,8452,8237,7939,
188.027,8444,8239,7946,
188.037,8433,8245,7941,
188.046,8436,8242,7971,
188.058,8414,8247,7968,
188.067,8420,8245,7968,
188.079,8417,8227,7983,
188.089,8387,8230,7968,
188.096,8379,8239,7976,
188.109,8366,8224,7986,
188.117,8358,8239,7989,
188.128,8347,8242,7991,
188.136,8350,8193,8015,
188.147,8331,8168,8001,
188.155,8334,8191,8027,
188.167,8310,8263,8037,
188.176,8299,8255,8013,
188.186,8299,8239,8037,
188.197,8296,8245,8047,
188.208,8310,8257,8052,
188.216,8293,8263,8065,
188.228,8301,8237,8045,
188.237,8288,8268,8047,
188.247,8299,8245,8062,
188.257,8260,8239,8032,
188.268,8283,8265,8034,
188.278,8288,8250,8057,
188.288,8288,8247,8052,
188.295,8293,8230,8045,
188.306,8283,8247,8047,
188.318,8268,8263,8057,
188.328,8288,8252,8057,
188.338,8271,8183,8050,
188.347,8246,8278,8075,
188.356,8260,8175,8083,
188.367,8273,8250,8062,
188.378,8246,8237,8065,
188.386,8238,8239,8065,
188.396,8246,8239,8093,
188.408,8273,8276,8093,
188.416,8238,8265,8068,
188.426,8257,8242,8083,
188.438,8233,8263,8075,
188.446,8246,8268,8070,
188.457,8235,8245,8078,
188.467,8244,8276,8075,
188.477,8276,8242,8098,
188.487,8273,8242,8065,
188.497,8249,8278,8070,
188.506,8271,8227,8073,
188.516,8265,8263,8065,
188.527,8252,8265,8055,
188.537,8241,8212,8080,
188.547,8233,8168,8087,
188.558,8241,8239,8089,
188.566,8249,8263,8078,
188.577,8279,8217,8068,
188.586,8249,8232,8062,
188.597,8246,8219,8078,
188.606,8273,8242,8060,
188.617,8283,8247,8068,
188.627,8299,8257,8062,
188.638,8296,8270,8052,
188.645,8299,8252,8050,
188.655,8288,8252,8039,
188.668,8283,8268,8037,
188.676,8307,8219,8047,
188.686,8288,8247,8029,
188.697,8299,8222,8047,
188.708,8288,8260,8024,
188.716,8291,8232,8042,
188.727,8304,8270,8015,
188.736,8296,8214,8045,
188.744,8283,8111,8045,
188.757,8293,8175,8047,
188.767,8288,8250,8042,
188.776,8320,8250,8034,
188.786,8307,8250,8032,
188.797,8310,8242,8024,
188.805,8301,8232,8024,
188.816,8329,8242,8024,
188.827,8331,8239,8032,
188.838,8320,8212,8015,
188.845,8356,8268,8015,
188.857,8353,8252,8004,
188.867,8358,8242,7994,
188.876,8356,8260,7989,
188.885,8372,8260,7971,
188.895,8390,8239,7981,
188.907,8393,8263,7981,
188.916,8401,8270,7950,
188.926,8393,8227,7958,
188.936,8428,8224,7915,
188.946,8452,8129,7894,
188.954,8473,8209,7889,
188.967,8479,8250,7899,
188.978,8514,8237,7899,
188.985,8527,8227,7875,
188.997,8546,8237,7854,
189.006,8576,8227,7852,
189.017,8600,8219,7805,
189.026,8611,8219,7812,
189.034,8630,8222,7815,
189.045,8656,8230,7783,
189.056,8653,8214,7778,
189.065,8653,8217,7762,
189.076,8670,8209,7764,
189.084,8661,8206,7751,
189.097,8683,8212,7768,
189.107,8680,8222,7738,
189.116,8661,8204,7756,
189.127,8686,8201,7744,
189.137,8702,8199,7709,
189.147,8727,8168,7643,
189.156,8705,8199,7704,
189.165,8675,8206,7756,
189.177,8675,8201,7751,
189.185,8675,8209,7749,
189.198,8659,8199,7762,
189.204,8664,8201,7768,
189.215,8667,8193,7754,
189.225,8667,8209,7746,
189.237,8680,8206,7741,
189.246,8670,8204,7762,
189.254,8672,8199,7768,
189.265,8672,8201,7768,
189.276,8672,8204,7770,
189.285,8664,8196,7751,
189.294,8683,8206,7751,
189.305,8670,8204,7770,
189.316,8678,8209,7770,
189.326,8670,8209,7749,
189.336,8686,8188,7725,
189.347,8716,8124,7640,
189.356,8689,8186,7725,
189.368,8672,8201,7778,
189.376,8653,8204,7764,
189.386,8664,8201,7768,
189.396,8656,8196,7764,
189.407,8664,8206,7762,
189.414,8661,8199,7775,
189.424,8664,8209,7778,
189.435,8659,8212,7754,
189.445,8670,8209,7756,
189.453,8670,8204,7770,
189.464,8664,8217,7764,
189.473,8670,8206,7778,
189.487,8672,8201,7764,
189.498,8670,8204,7781,
189.505,8650,8206,7764,
189.516,8667,8209,7783,
189.525,8667,8214,7770,
189.534,8672,8199,7733,
189.545,8697,8135,7677,
189.553,8680,8193,7749,
189.568,8639,8201,7791,
189.574,8644,8201,7796,
189.584,8642,8199,7775,
189.593,8644,8209,7781,
189.606,8632,8193,7791,
189.616,8647,8204,7781,
189.626,8656,8212,7788,
189.634,8647,8204,7781,
189.646,8644,8214,7770,
189.655,8642,8206,7781,
189.665,8653,8217,7778,
189.675,8644,8204,7781,
189.684,8647,8209,7783,
189.695,8639,8219,7775,
189.706,8644,8206,7770,
189.712,8647,8217,7764,
189.725,8653,8212,7756,
189.735,8691,8186,7719,
189.744,8691,8137,7680,
189.754,8656,8137,7736,
189.765,8639,8196,7788,
189.775,8647,8199,7786,
189.787,8639,8201,7783,
189.795,8644,8201,7759,
189.805,8661,8201,7786,
189.814,8653,8201,7770,
189.826,8661,8212,7778,
189.834,8656,8209,7768,
189.846,8650,8199,7778,
189.854,8664,8209,7768,
189.866,8661,8206,7778,
189.874,8675,8204,7781,
189.883,8653,8212,7768,
189.894,8659,8209,7762,
189.904,8656,8212,7773,
189.915,8664,8206,7764,
189.924,8667,8204,7770,
189.933,8664,8201,7712,
189.943,8710,8142,7667,
189.956,8680,8183,7727,
189.962,8639,8204,7783,
189.974,8653,8212,7778,
189.983,8653,8204,7788,
189.995,8650,8199,7783,
190.004,8642,8201,7783,
190.014,8647,8206,7773,
190.025,8650,8204,7783,
190.034,8659,8209,7775,
190.046,8659,8212,7762,
190.053,8647,8206,7781,
190.063,8661,8214,7775,
190.076,8667,8209,7778,
190.085,8632,8214,7756,
190.094,8653,8209,7791,
190.102,8642,8206,7775,
190.116,8659,8206,7773,
190.126,8659,8209,7768,
190.135,8694,8188,7704,
190.146,8697,8132,7675,
190.154,8659,8178,7741,
190.165,8624,8217,7788,
190.176,8642,8201,7788,
190.184,8632,8199,7791,
190.195,8630,8199,7793,
190.203,8639,8204,7786,
190.214,8644,8206,7781,
190.225,8647,8201,7786,
190.232,8647,8209,7770,
190.244,8650,8204,7788,
190.255,8647,8206,7796,
190.265,8642,8201,7781,
190.275,8653,8214,7783,
190.286,8635,8206,7783,
190.295,8632,8214,7781,
190.304,8647,8217,7783,
190.315,8642,8206,7796,
190.324,8653,8222,7773,
190.335,8650,8201,7744,
190.344,8683,8137,7696,
190.355,8647,8181,7744,
190.364,8619,8201,7810,
190.372,8613,8199,7807,
190.383,8627,8204,7807,
190.394,8619,8206,7810,
190.405,8603,8217,7796,
190.416,8616,8206,7801,
190.425,8632,8214,7793,
190.434,8622,8206,7799,
190.446,8639,8206,7820,
190.455,8616,8209,7801,
190.467,8627,8217,7812,
190.477,8624,8201,7805,
190.483,8630,8212,7815,
190.494,8619,8214,7805,
190.507,8613,8212,7799,
190.516,8619,8214,7805,
190.523,8622,8219,7807,
190.536,8624,8212,7768,
190.546,8659,8178,7712,
190.554,8650,8175,7778,
190.563,8611,8212,7807,
190.575,8619,8209,7807,
190.586,8611,8217,7796,
190.597,8619,8212,7812,
190.606,8619,8214,7807,
190.614,8616,8206,7807,
190.625,8613,8217,7807,
190.634,8611,8209,7820,
190.645,8611,8217,7820,
190.656,8594,8222,7801,
190.663,8613,8209,7817,
190.673,8613,8212,7815,
190.685,8603,8219,7828,
190.692,8611,8214,7820,
190.702,8608,8227,7817,
190.716,8594,8209,7801,
190.725,8605,8206,7815,
190.733,8611,8214,7764,
190.744,8639,8186,7736,
190.754,8608,8170,7781,
190.765,8584,8199,7825,
190.775,8584,8224,7835,
190.783,8570,8212,7830,
190.793,8578,8209,7848,
190.804,8567,8224,7830,
190.814,8578,8217,7848,
190.824,8570,8214,7841,
190.834,8573,8230,7846,
190.842,8549,8222,7841,
190.853,8546,8222,7860,
190.865,8525,8217,7879,
190.873,8519,8219,7894,
190.882,8495,8227,7894,
190.894,8492,8227,7909,
190.903,8481,8237,7891,
190.915,8481,8250,7939,
190.922,8458,8230,7925,
190.936,8447,8186,7909,
190.943,8431,8173,7912,
190.954,8431,8178,7941,
190.963,8412,8245,7976,
190.975,8404,8268,7973,
190.983,8387,8245,7968,
190.991,8379,8242,7973,
191.003,8387,8237,7971,
191.014,8372,8219,7989,
191.022,8369,8230,7986,
191.033,8369,8247,7996,
191.042,8347,8255,7986,
191.052,8361,8247,8008,
191.064,8356,8260,7999,
191.072,8358,8265,8010,
191.082,8347,8227,8001,
191.093,8318,8252,8004,
191.103,8342,8237,8024,
191.114,8318,8263,8018,
191.122,8323,8245,8015,
191.132,8323,8206,8021,
191.143,8288,8135,8029,
191.154,8299,8315,8027,
191.164,8293,8252,8034,
191.172,8285,8237,8047,
191.183,8276,8242,8042,
191.192,8273,8237,8057,
191.204,8304,8257,8047,
191.215,8279,8230,8034,
191.221,8291,8260,8052,
191.235,8291,8242,8042,
191.241,8268,8257,8037,
191.253,8283,8252,8052,
191.264,8291,8263,8062,
191.274,8265,8224,8021,
191.281,8283,8268,8042,
191.293,8283,8278,8057,
191.307,8271,8260,8037,
191.314,8283,8270,8052,
191.323,8268,8296,8042,
191.331,8273,8204,8060,
191.344,8246,8150,8087,
191.353,8263,8206,8073,
191.364,8263,8230,8065,
191.372,8265,8257,8052,
191.383,8276,8245,8075,
191.391,8254,8247,8073,
191.403,8257,8227,8065,
191.411,8252,8250,8052,
191.423,8257,8260,8070,
191.433,8263,8268,8057,
191.445,8271,8257,8037,
191.454,8273,8250,8039,
191.464,8283,8255,8047,
191.473,8276,8276,8060,
191.482,8271,8268,8057,
191.493,8271,8273,8039,
191.502,8273,8255,8039,
191.512,8291,8245,8047,
191.522,8293,8270,8039,
191.534,8296,8247,8032,
191.544,8283,8153,8045,
191.551,8285,8214,8062,
191.564,8273,8260,8055,
191.573,8296,8250,8055,
191.583,8283,8270,8037,
191.592,8288,8230,8045,
191.604,8293,8286,8027,
191.613,8293,8252,8021,
191.623,8301,8227,8013,
191.632,8318,8252,8021,
191.643,8318,8247,8027,
191.654,8310,8252,8010,
191.663,8326,8263,8018,
191.671,8337,8227,8013,
191.682,8315,8247,8015,
191.694,8323,8242,7994,
191.704,8353,8242,8018,
191.714,8337,8252,7999,
191.721,8366,8239,8004,
191.733,8364,8186,7991,
191.741,8350,8175,7991,
191.753,8369,8161,7983,
191.761,8358,8255,7994,
191.772,8366,8255,7981,
191.782,8377,8252,7983,
191.793,8382,8245,7994,
191.802,8387,8206,7983,
191.812,8398,8219,7983,
191.822,8387,8245,7968,
191.833,8396,8232,7958,
191.841,8406,8237,7960,
191.852,8420,8237,7963,
191.862,8417,8237,7960,
191.871,8442,8239,7958,
191.881,8425,8239,7934,
191.891,8442,8239,7950,
191.901,8433,8237,7927,
191.912,8450,8255,7931,
191.922,8444,8222,7904,
191.93,8476,8178,7899,
191.942,8481,8148,7870,
191.954,8495,8159,7889,
191.961,8487,8245,7894,
191.972,8522,8270,7891,
191.982,8506,8224,7870,
191.991,8527,8219,7881,
192.005,8562,8222,7846,
192.011,8573,8222,7846,
192.02,8597,8217,7862,
192.033,8600,8222,7807,
192.042,8616,8217,7817,
192.053,8635,8214,7796,
192.06,8635,8227,7788,
192.072,8635,8222,7768,
192.081,8647,8206,7801,
192.093,8635,8222,7762,
192.101,8647,8217,7768,
192.11,8656,8219,7773,
192.121,8661,8224,7764,
192.134,8691,8193,7691,
192.143,8697,8135,7672,
192.151,8664,8159,7746,
192.162,8661,8209,7778,
192.17,8653,8201,7770,
192.182,8644,8199,7786,
192.191,8650,8199,7799,
192.202,8647,8206,7778,
192.212,8647,8204,7781,
192.222,8664,8212,7768,
192.23,8656,8201,7756,
192.243,8650,8212,7770,
192.251,8656,8209,7786,
192.261,8659,8209,7793,
192.271,8650,8199,7775,
192.283,8647,8206,7786,
192.292,8656,8199,7786,
192.301,8653,8212,7775,
192.309,8656,8201,7796,
192.321,8664,8204,7773,
192.333,8678,8196,7714,
192.341,8683,8127,7694,
192.362,8661,8170,7730,
192.363,8630,8199,7788,
192.37,8635,8199,7791,
192.383,8627,8206,7791,
192.391,8632,8201,7773,
192.402,8639,8206,7788,
192.411,8642,8201,7783,
192.42,8656,8206,7773,
192.431,8650,8214,7791,
192.44,8656,8204,7773,
192.451,8653,8209,7775,
192.461,8639,8199,7770,
192.47,8639,8214,7786,
192.481,8639,8214,7778,
192.493,8647,8204,7796,
192.5,8647,8212,7786,
192.511,8647,8206,7781,
192.52,8647,8209,7773,
192.532,8689,8199,7741,
192.542,8683,8148,7677,
192.551,8653,8165,7751,
192.561,8630,8209,7781,
192.573,8639,8212,7783,
192.581,8635,8201,7791,
192.592,8630,8206,7788,
192.602,8632,8204,7781,
192.611,8630,8206,7788,
192.622,8642,8209,7810,
192.631,8632,8212,7799,
192.643,8627,8209,7791,
192.653,8639,8214,7793,
192.661,8627,8212,7793,
192.671,8630,8222,7788,
192.682,8632,8209,7793,
192.692,8635,8219,7783,
192.702,8630,8224,7783,
192.712,8624,8217,7786,
192.722,8613,8217,7778,
192.73,8632,8209,7746,
192.743,8672,8165,7704,
192.749,8656,8183,7764,
192.762,8635,8206,7799,
192.77,8619,8206,7817,
192.779,8624,8206,7791,
192.79,8616,8201,7796,
192.802,8624,8206,7783,
192.812,8639,8212,7801,
192.82,8624,8219,7791,
192.831,8632,8219,7799,
192.839,8635,8212,7796,
192.851,8627,8201,7796,
192.862,8635,8239,7781,
192.87,8624,8214,7791,
192.88,8642,8217,7805,
192.89,8632,8209,7786,
192.902,8627,8212,7778,
192.91,8630,8204,7783,
192.921,8656,8209,7788,
192.93,8661,8188,7725,
192.942,8678,8127,7704,
192.953,8650,8186,7756,
192.961,8632,8209,7801,
192.969,8635,8206,7788,
192.981,8630,8201,7791,
192.99,8632,8206,7796,
193.002,8630,8199,7788,
193.012,8642,8206,7786,
193.022,8650,8209,7775,
193.033,8650,8224,7786,
193.042,8650,8206,7799,
193.051,8653,8209,7786,
193.06,8653,8209,7781,
193.072,8656,8209,7786,
193.08,8642,8212,7778,
193.091,8659,8201,7786,
193.103,8650,8217,7770,
193.11,8653,8214,7768,
193.119,8670,8209,7770,
193.131,8675,8206,7725,
193.14,8713,8175,7667,
193.152,8691,8165,7722,
193.158,8647,8199,7783,
193.169,8650,8209,7778,
193.179,8653,8201,7770,
193.19,8659,8206,7775,
193.203,8661,8209,7768,
193.208,8644,8214,7786,
193.221,8664,8204,7768,
193.23,8670,8209,7751,
193.24,8659,8212,7781,
193.249,8659,8201,7768,
193.26,8670,8219,7770,
193.269,8667,8214,7775,
193.28,8664,8212,7783,
193.291,8670,8206,7775,
193.299,8670,8199,7762,
193.31,8672,8206,7759,
193.321,8661,8199,7764,
193.331,8691,8199,7738,
193.341,8716,8161,7662,
193.349,8683,8142,7717,
193.36,8656,8206,7775,
193.37,8647,8199,7773,
193.379,8659,8201,7773,
193.391,8635,8204,7773,
193.401,8653,8201,7778,
193.412,8656,8196,7775,
193.418,8670,8212,7781,
193.43,8667,8206,7770,
193.441,8664,8212,7773,
193.45,8656,8204,7775,
193.462,8656,8212,7781,
193.471,8653,8219,7775,
193.48,8653,8206,7778,
193.491,8667,8196,7788,
193.502,8653,8196,7783,
193.508,8664,8209,7768,
193.522,8656,8209,7781,
193.529,8667,8199,7727,
193.541,8691,8114,7675,
193.55,8661,8159,7738,
193.559,8627,8201,7810,
193.57,8627,8209,7796,
193.581,8630,8209,7793,
193.587,8624,8204,7805,
193.598,8632,8206,7799,
193.609,8632,8201,7799,
193.619,8627,8214,7778,
193.629,8627,8206,7796,
193.64,8653,8204,7786,
193.649,8630,8204,7770,
193.663,8630,8193,7788,
193.673,8644,8204,7786,
193.679,8656,8206,7791,
193.691,8644,8212,7775,
193.7,8635,8201,7773,
193.711,8644,8204,7773,
193.72,8656,8201,7783,
193.73,8659,8196,7738,
193.74,8691,8127,7689,
193.752,8667,8188,7754,
193.758,8639,8212,7793,
193.769,8639,8201,7788,
193.781,8642,8214,7793,
193.789,8630,8217,7778,
193.799,8627,8206,7796,
193.81,8661,8212,7786,
193.819,8647,8212,7759,
193.83,8656,8212,7791,
193.839,8650,8224,7770,
193.852,8635,8206,7783,
193.86,8639,8206,7773,
193.869,8639,8206,7788,
193.879,8642,8219,7783,
193.887,8635,8206,7796,
193.899,8632,8212,7793,
193.91,8632,8209,7793,
193.919,8624,8227,7778,
193.93,8647,8212,7773,
193.938,8664,8124,7699,
193.949,8642,8161,7746,
193.958,8611,8214,7805,
193.97,8611,8201,7805,
193.978,8605,8204,7815,
193.989,8605,8204,7801,
194.001,8619,8206,7815,
194.01,8622,8209,7830,
194.019,8611,8212,7807,
194.029,8605,8204,7825,
194.039,8589,8206,7807,
194.049,8603,8222,7843,
194.059,8592,8217,7820,
194.068,8608,8214,7828,
194.079,8570,8222,7810,
194.089,8584,8214,7825,
194.098,8578,8217,7841,
194.109,8565,8212,7833,
194.12,8565,8230,7848,
194.129,8565,8206,7843,
194.139,8562,8155,7801,
194.149,8541,8170,7862,
194.16,8511,8224,7891,
194.171,8506,8219,7897,
194.18,8490,8227,7899,
194.188,8463,8222,7917,
194.2,8473,8245,7915,
194.209,8461,8237,7934,
194.22,8463,8230,7922,
194.229,8439,8242,7927,
194.242,8455,8230,7941,
194.252,8442,8245,7939,
194.261,8431,8237,7968,
194.267,8404,8245,7934,
194.279,8417,8232,7944,
194.289,8404,8245,7963,
194.299,8393,8242,7960,
194.308,8406,8224,7976,
194.319,8390,8237,7983,
194.331,8387,8186,7963,
194.339,8369,8175,7968,
194.35,8377,8129,7978,
194.358,8361,8230,8008,
194.369,8353,8250,7994,
194.378,8358,8239,8001,
194.39,8350,8260,8021,
194.398,8337,8239,8024,
194.41,8342,8247,8010,
194.42,8339,8245,8015,
194.43,8331,8212,8015,
194.438,8323,8227,8013,
194.449,8329,8260,8032,
194.459,8318,8252,8010,
194.468,8318,8222,8034,
194.48,8323,8260,8034,
194.49,8312,8250,8024,
194.499,8320,8255,8021,
194.509,8331,8263,8039,
194.522,8312,8257,8042,
194.529,8296,8150,8021,
194.54,8283,8206,8039,
194.55,8307,8217,8047,
194.561,8299,8286,8039,
194.567,8307,8245,8045,
194.58,8283,8224,8032,
194.588,8283,8239,8055,
194.6,8288,8250,8045,
194.608,8299,8255,8034,
194.617,8296,8270,8027,
194.629,8293,8283,8034,
194.64,8301,8268,8027,
194.648,8307,8273,8042,
194.658,8310,8283,8034,
194.67,8299,8250,8045,
194.681,8312,8286,8047,
194.687,8326,8232,8042,
194.699,8296,8270,8039,
194.708,8299,8265,8055,
194.716,8296,8252,8021,
194.729,8283,8268,8045,
194.739,8296,8224,8029,
194.748,8296,8212,8037,
194.757,8301,8250,8034,
194.77,8279,8237,8029,
194.778,8296,8265,8047,
194.79,8283,8245,8045,
194.797,8301,8257,8034,
194.807,8296,8260,8032,
194.818,8307,8247,8050,
194.827,8296,8270,8015,
194.838,8310,8263,8032,
194.847,8307,8265,8027,
194.86,8299,8255,8024,
194.867,8318,8270,8034,
194.877,8315,8237,8027,
194.886,8320,8222,8034,
194.898,8315,8227,8034,
194.907,8320,8278,8027,
194.919,8318,8252,8018,
194.93,8307,8188,8034,
194.938,8279,8193,8047,
194.95,8283,8155,8032,
194.957,8323,8257,8045,
194.969,8310,8247,8032,
194.978,8293,8263,8032,
194.988,8293,8232,8037,
194.997,8323,8265,8047,
195.008,8312,8265,8018,
195.018,8339,8247,8032,
195.029,8334,8255,8018,
195.037,8326,8255,8010,
195.049,8347,8250,8001,
195.058,8339,8232,8001,
195.069,8347,8283,8001,
195.077,8331,8247,7991,
195.087,8342,8219,7991,
195.099,8366,8260,8001,
195.108,8366,8245,7996,
195.118,8366,8265,7989,
195.128,8372,8206,7981,
195.138,8361,8117,7960,
195.147,8382,8232,7971,
195.158,8377,8230,7996,
195.166,8379,8224,7976,
195.179,8366,8209,7994,
195.189,8387,8224,7971,
195.199,8401,8227,7968,
195.208,8401,8237,7965,
195.217,8431,8239,7946,
195.229,8439,8227,7953,
195.24,8444,8245,7925,
195.249,8461,8242,7917,
195.259,8473,8260,7894,
195.267,8487,8239,7889,
195.278,8538,8252,7894,
195.288,8533,8230,7852,
195.296,8541,8227,7846,
195.306,8589,8224,7838,
195.317,8608,8219,7828,
195.33,8611,8209,7781,
195.336,8647,8193,7725,
195.349,8632,8199,7764,
195.359,8624,8212,7793,
195.367,8630,8209,7788,
195.378,8647,8209,7775,
195.389,8642,8209,7791,
195.398,8664,8219,7781,
195.408,8647,8214,7768,
195.417,8664,8201,7751,
195.426,8670,8209,7781,
195.439,8664,8217,7759,
195.448,8680,8214,7756,
195.458,8672,8217,7754,
195.466,8667,8201,7738,
195.478,8659,8206,7756,
195.49,8675,8212,7762,
195.496,8678,8212,7759,
195.509,8670,8196,7768,
195.517,8672,8224,7746,
195.527,8689,8204,7714,
195.538,8721,8114,7667,
195.546,8686,8173,7707,
195.557,8661,8201,7786,
195.568,8659,8196,7778,
195.58,8659,8201,7775,
195.59,8656,8204,7770,
195.597,8653,8199,7768,
195.608,8659,8204,7773,
195.617,8664,8204,7770,
195.629,8656,8206,7762,
195.637,8656,8201,7756,
195.648,8650,8212,7781,
195.655,8661,8204,7778,
195.669,8670,8217,7775,
195.678,8661,8214,7775,
195.687,8661,8209,7778,
195.699,8647,8206,7775,
195.707,8667,8204,7768,
195.718,8659,8206,7781,
195.728,8675,8204,7727,
195.737,8705,8132,7664,
195.749,8680,8191,7744,
195.758,8656,8204,7764,
195.768,8661,8212,7762,
195.778,8656,8204,7770,
195.789,8656,8199,7778,
195.803,8661,8201,7778,
195.807,8661,8214,7791,
195.819,8659,8214,7770,
195.828,8653,8201,7773,
195.837,8672,8212,7764,
195.847,8664,8209,7781,
195.858,8661,8201,7764,
195.868,8659,8199,7781,
195.88,8659,8214,7768,
195.887,8661,8212,7775,
195.897,8672,8212,7775,
195.908,8661,8209,7768,
195.917,8656,8209,7756,
195.929,8691,8191,7736,
195.938,8713,8183,7672,
195.946,8672,8183,7730,
195.959,8659,8214,7773,
195.967,8650,8204,7778,
195.975,8639,8199,7773,
195.987,8659,8212,7781,
195.998,8647,8204,7773,
196.008,8664,8217,7781,
196.016,8659,8212,7773,
196.026,8661,8206,7778,
196.035,8664,8217,7762,
196.046,8670,8214,7793,
196.059,8661,8214,7775,
196.066,8650,8209,7770,
196.077,8653,8209,7783,
196.086,8656,8209,7762,
196.097,8653,8212,7788,
196.106,8659,8206,7788,
196.116,8644,8212,7764,
196.128,8686,8204,7744,
196.139,8702,8135,7691,
196.144,8678,8186,7733,
196.155,8664,8214,7786,
196.169,8650,8206,7783,
196.176,8647,8206,7781,
196.185,8656,8206,7796,
196.196,8653,8204,7783,
196.206,8647,8217,7786,
196.218,8650,8204,7793,
196.226,8653,8209,7775,
196.236,8650,8199,7775,
196.246,8647,8199,7783,
196.257,8664,8214,7778,
196.266,8661,8199,7768,
196.275,8659,8212,7754,
196.284,8661,8209,7781,
196.298,8661,8199,7768,
196.304,8653,8206,7775,
196.316,8667,8206,7781,
196.325,8686,8201,7741,
196.335,8710,8161,7682,
196.348,8675,8201,7722,
196.356,8632,8204,7791,
196.368,8632,8199,7788,
196.377,8635,8204,7770,
196.388,8647,8199,7786,
196.399,8661,8204,7778,
196.406,8650,8209,7773,
196.417,8659,8201,7773,
196.428,8659,8209,7778,
196.437,8653,8219,7768,
196.448,8667,8206,7793,
196.457,8670,8206,7768,
196.467,8661,8209,7764,
196.478,8656,8209,7781,
196.488,8664,8212,7775,
196.495,8659,8201,7764,
196.506,8661,8204,7775,
196.519,8659,8206,7764,
196.526,8680,8191,7704,
196.538,8694,8161,7680,
196.546,8656,8155,7744,
196.556,8622,8201,7801,
196.566,8639,8199,7793,
196.575,8635,8209,7796,
196.586,8627,8204,7788,
196.596,8632,8204,7796,
196.604,8622,8206,7786,
196.617,8635,8201,7778,
196.625,8635,8206,7796,
196.636,8647,8199,7799,
196.649,8653,8217,7764,
196.655,8644,8212,7791,
196.666,8622,8212,7778,
196.676,8632,8209,7788,
196.686,8639,8204,7796,
196.696,8632,8201,7786,
196.706,8630,8204,7788,
196.715,8630,8206,7783,
196.726,8664,8186,7764,
196.734,8678,8124,7696,
196.745,8659,8153,7744,
196.754,8622,8201,7810,
196.767,8627,8209,7786,
196.778,8624,8201,7810,
196.787,8624,8204,7791,
196.796,8613,8209,7799,
196.804,8632,8209,7781,
196.817,8622,8217,7788,
196.826,8613,8204,7801,
196.835,8627,8212,7799,
196.844,8622,8219,7786,
196.856,8632,8219,7805,
196.866,8619,8217,7805,
196.877,8619,8212,7805,
196.887,8616,8224,7796,
196.897,8603,8219,7812,
196.91,8624,8212,7799,
196.915,8619,8214,7799,
196.925,8624,8209,7773,
196.936,8653,8132,7717,
196.946,8622,8148,7783,
196.956,8605,8206,7793,
196.965,8608,8212,7807,
196.976,8597,8204,7823,
196.986,8603,8214,7817,
196.993,8603,8214,7812,
197.005,8608,8209,7807,
197.014,8605,8219,7820,
197.027,8608,8217,7812,
197.035,8613,8217,7801,
197.046,8611,8209,7825,
197.056,8592,8224,7801,
197.067,8608,8219,7828,
197.075,8619,8209,7830,
197.086,8592,8212,7805,
197.095,8608,8212,7828,
197.105,8603,8219,7812,
197.114,8605,8214,7812,
197.125,8594,8204,7775,
197.136,8635,8161,7733,
197.144,8613,8191,7770,
197.156,8589,8212,7835,
197.165,8592,8212,7830,
197.174,8592,8217,7815,
197.186,8584,8209,7823,
197.197,8592,8212,7828,
197.204,8594,8217,7825,
197.215,8605,8206,7830,
197.223,8586,8214,7833,
197.236,8594,8204,7823,
197.245,8594,8217,7830,
197.254,8586,8224,7823,
197.267,8584,8222,7830,
197.275,8597,8219,7841,
197.287,8578,8222,7828,
197.297,8573,8227,7843,
197.306,8565,8219,7830,
197.314,8565,8212,7830,
197.325,8581,8209,7799,
197.336,8570,8127,7788,
197.343,8556,8201,7830,
197.353,8558,8224,7870,
197.364,8530,8227,7870,
197.376,8530,8232,7870,
197.384,8500,8219,7886,
197.395,8522,8214,7902,
197.406,8495,8237,7889,
197.414,8476,8237,7897,
197.422,8463,8232,7894,
197.433,8455,8245,7899,
197.444,8461,8230,7939,
197.455,8452,8232,7936,
197.463,8444,8247,7936,
197.475,8439,8224,7946,
197.486,8431,8230,7944,
197.494,8431,8252,7958,
197.507,8406,8247,7950,
197.515,8414,8247,7953,
197.526,8414,8209,7958,
197.533,8409,8175,7939,
197.544,8398,8173,7955,
197.554,8385,8227,7989,
197.564,8366,8227,7955,
197.575,8393,8257,7994,
197.586,8356,8237,7991,
197.594,8361,8245,8004,
197.605,8358,8250,7983,
197.612,8372,8265,8004,
197.623,8364,8250,7999,
197.636,8366,8237,7989,
197.644,8361,8265,8004,
197.654,8350,8250,7994,
197.665,8339,8222,7994,
197.674,8366,8252,8001,
197.686,8361,8263,8008,
197.692,8339,8250,8015,
197.727,8361,8281,8010,
197.728,8323,8273,7999,
197.728,8334,8242,8008,
197.733,8329,8168,8013,
197.746,8334,8214,8024,
197.754,8323,8250,8015,
197.763,8331,8252,8027,
197.774,8315,8252,8015,
197.787,8329,8263,8037,
197.797,8331,8278,8037,
197.803,8312,8230,8024,
197.815,8326,8268,8032,
197.824,8334,8239,8027,
197.834,8326,8260,8013,
197.844,8312,8230,8015,
197.853,8320,8260,8004,
197.866,8329,8255,8015,
197.872,8312,8268,8004,
197.886,8326,8270,8013,
197.894,8323,8239,8024,
197.903,8329,8250,8018,
197.915,8331,8237,8015,
197.924,8331,8119,8021,
197.934,8304,8132,8032,
197.944,8312,8209,8015,
197.954,8310,8255,8034,
197.964,8323,8224,8029,
197.977,8318,8232,8039,
197.985,8312,8227,8039,
197.995,8304,8265,8024,
198.006,8323,8232,8004,
198.015,8318,8232,8024,
198.024,8323,8257,8013,
198.032,8329,8263,8021,
198.043,8334,8252,8010,
198.055,8326,8276,8021,
198.065,8334,8217,8013,
198.074,8334,8245,8015,
198.085,8334,8252,8004,
198.094,8329,8252,8004,
198.105,8342,8263,8001,
198.114,8339,8257,7996,
198.123,8361,8242,8008,
198.135,8315,8188,7999,
198.146,8342,8159,8004,
198.152,8337,8263,7989,
198.165,8339,8260,8021,
198.174,8337,8247,8013,
198.182,8326,8227,8004,
198.194,8345,8239,8001,
198.205,8353,8237,8010,
198.213,8350,8239,7991,
198.225,8366,8239,8013,
198.235,8356,8250,8010,
198.244,8364,8255,7976,
198.255,8369,8237,7965,
198.265,8361,8247,7978,
198.275,8385,8237,7989,
198.284,8382,8239,7991,
198.295,8364,8260,7989,
198.305,8377,8232,7986,
198.313,8372,8245,7991,
198.323,8358,8193,7963,
198.332,8353,8196,7989,
198.343,8364,8175,7994,
198.354,8377,8270,7999,
198.363,8358,8250,8008,
198.371,8358,8252,7996,
198.385,8356,8237,7996,
198.393,8382,8245,7996,
198.405,8364,8260,7986,
198.411,8385,8252,7976,
198.421,8396,8250,7976,
198.434,8404,8239,7971,
198.445,8412,8255,7968,
198.452,8404,8206,7965,
198.465,8420,8252,7960,
198.473,8420,8224,7936,
198.485,8431,8242,7936,
198.495,8436,8252,7931,
198.504,8458,8219,7915,
198.516,8461,8250,7894,
198.525,8484,8217,7894,
198.534,8511,8135,7846,
198.542,8533,8188,7854,
198.554,8514,8237,7875,
198.563,8527,8230,7848,
198.571,8544,8219,7860,
198.584,8567,8227,7835,
198.592,8584,8214,7805,
198.603,8594,8230,7805,
198.615,8611,8224,7805,
198.624,8624,8222,7817,
198.634,8622,8212,7775,
198.645,8650,8224,7786,
198.653,8647,8217,7764,
198.663,8664,8209,7781,
198.671,8650,8219,7746,
198.685,8667,8214,7754,
198.694,8675,8214,7762,
198.702,8672,8209,7759,
198.712,8667,8212,7746,
198.723,8694,8186,7709,
198.733,8718,8140,7648,
198.744,8691,8148,7712,
198.754,8689,8212,7759,
198.764,8670,8201,7746,
198.774,8667,8209,7749,
198.783,8650,8201,7773,
198.793,8653,8206,7768,
198.805,8661,8204,7773,
198.814,8661,8219,7759,
198.822,8672,8201,7759,
198.833,8670,8212,7754,
198.844,8661,8214,7768,
198.853,8656,8196,7764,
198.864,8667,8196,7775,
198.872,8659,8214,7751,
198.885,8667,8209,7773,
198.894,8664,8212,7764,
198.904,8670,8212,7756,
198.913,8656,8206,7759,
198.922,8675,8204,7759,
198.933,8691,8181,7680,
198.944,8667,8161,7736,
198.955,8630,8209,7783,
198.961,8656,8209,7786,
198.974,8630,8206,7788,
198.983,8632,8214,7788,
198.994,8642,8212,7788,
199.002,8642,8209,7773,
199.013,8639,8214,7783,
199.024,8630,8214,7791,
199.033,8632,8217,7788,
199.045,8644,8214,7778,
199.051,8650,8219,7783,
199.064,8642,8224,7796,
199.071,8627,8206,7791,
199.085,8639,8214,7788,
199.094,8624,8209,7791,
199.103,8635,8212,7796,
199.113,8635,8212,7791,
199.123,8653,8199,7736,
199.133,8670,8145,7699,
199.143,8642,8201,7775,
199.154,8635,8214,7796,
199.163,8627,8204,7786,
199.172,8622,8204,7801,
199.18,8630,8209,7805,
199.194,8622,8204,7793,
199.204,8632,8206,7793,
199.213,8622,8214,7786,
199.221,8616,8212,7791,
199.231,8647,8227,7796,
199.242,8630,8209,7786,
199.256,8627,8214,7791,
199.262,8639,8209,7786,
199.272,8639,8206,7791,
199.282,8650,8212,7783,
199.292,8642,8214,7791,
199.302,8635,8217,7793,
199.313,8632,8212,7781,
199.321,8650,8199,7759,
199.334,8680,8159,7694,
199.34,8650,8148,7738,
199.353,8624,8191,7801,
199.363,8622,8214,7799,
199.371,8627,8209,7793,
199.381,8627,8206,7820,
199.391,8627,8219,7793,
199.405,8619,8204,7786,
199.412,8630,8219,7805,
199.422,8630,8206,7799,
199.431,8624,8214,7791,
199.442,8619,8217,7786,
199.451,8624,8206,7788,
199.463,8622,8206,7793,
199.473,8644,8212,7807,
199.481,8627,8217,7793,
199.492,8624,8217,7786,
199.504,8632,8230,7799,
199.51,8642,8217,7807,
199.522,8659,8212,7733,
199.533,8678,8127,7701,
199.542,8650,8165,7759,
199.554,8627,8204,7810,
199.563,8622,8209,7788,
199.571,8632,8206,7801,
199.583,8627,8206,7796,
199.594,8630,8204,7783,
199.6,8627,8212,7786,
199.611,8639,8209,7793,
199.623,8639,8214,7781,
199.631,8656,8209,7791,
199.641,8639,8206,7788,
199.652,8647,8209,7788,
199.661,8630,8206,7791,
199.672,8639,8212,7791,
199.681,8627,8212,7786,
199.693,8635,8199,7786,
199.702,8639,8206,7781,
199.711,8661,8214,7773,
199.722,8683,8199,7741,
199.731,8675,8142,7701,
199.742,8647,8170,7768,
199.75,8644,8212,7799,
199.764,8627,8209,7788,
199.77,8613,8209,7807,
199.783,8627,8209,7801,
199.791,8613,8212,7801,
199.804,8624,8217,7778,
199.811,8630,8214,7786,
199.822,8639,8214,7799,
199.832,8639,8217,7799,
199.843,8619,8227,7781,
199.85,8639,8214,7801,
199.862,8622,8209,7788,
199.87,8622,8214,7801,
199.881,8630,8227,7793,
199.892,8627,8209,7805,
199.902,8635,8227,7810,
199.912,8624,8209,7796,
199.922,8661,8193,7749,
199.932,8642,8181,7714,
199.941,8616,8186,7759,
199.953,8589,8196,7820,
199.959,8600,8193,7810,
199.97,8603,8201,7823,
199.982,8603,8209,7812,
199.992,8592,8212,7810,
200.003,8605,8209,7823,
200.014,8611,8209,7812,
200.02,8608,8214,7810,
200.032,8603,8217,7823,
200.042,8611,8209,7815,
200.051,8600,8209,7823,
200.062,8613,8217,7823,
200.073,8619,8209,7820,
200.082,8611,8222,7805,
200.091,8619,8219,7817,
200.1,8611,8206,7805,
200.111,8605,8206,7796,
200.122,8632,8193,7791,
200.131,8630,8155,7730,
200.142,8608,8170,7799,
200.151,8603,8224,7812,
200.162,8594,8212,7820,
200.171,8592,8204,7830,
200.181,8586,8214,7823,
200.19,8581,8214,7817,
200.201,8597,8219,7828,
200.213,8589,8199,7815,
200.222,8589,8217,7823,
200.231,8594,8212,7817,
200.24,8594,8212,7823,
200.249,8600,8224,7812,
200.261,8603,8222,7817,
200.272,8603,8217,7825,
200.281,8586,8214,7810,
200.291,8592,8217,7815,
200.3,8600,8222,7820,
200.312,8594,8209,7796,
200.321,8613,8206,7801,
200.33,8624,8191,7741,
200.341,8605,8204,7801,
200.349,8589,8217,7823,
200.361,8578,8214,7820,
200.369,8597,8212,7833,
200.382,8589,8217,7828,
200.391,8581,8214,7825,
200.402,8589,8217,7825,
200.41,8586,8217,7823,
200.421,8597,8217,7817,
200.43,8584,8219,7823,
200.441,8584,8219,7812,
200.451,8594,8209,7817,
200.46,8581,8214,7812,
200.469,8594,8217,7820,
200.48,8597,8227,7833,
200.488,8589,8224,7812,
200.499,8603,8212,7852,
200.51,8600,8214,7820,
200.519,8594,8214,7788,
200.53,8619,8140,7744,
200.541,8600,8168,7807,
200.55,8578,8217,7843,
200.564,8578,8214,7825,
200.57,8581,8222,7841,
200.582,8570,8217,7841,
200.591,8576,8209,7854,
200.601,8578,8224,7830,
200.61,8586,8206,7841,
200.622,8578,8227,7825,
200.63,8576,8206,7830,
200.641,8576,8227,7843,
200.651,8562,8217,7846,
200.661,8565,8224,7852,
200.67,8558,8242,7846,
200.68,8565,8230,7841,
200.689,8536,8214,7854,
200.7,8533,8227,7867,
200.711,8541,8222,7879,
200.72,8514,8209,7875,
200.733,8514,8129,7854,
200.742,8503,8209,7889,
200.75,8481,8217,7902,
200.761,8463,8230,7909,
200.77,8473,8227,7931,
200.78,8450,8230,7931,
200.793,8431,8232,7912,
200.8,8436,8232,7941,
200.81,8425,8224,7934,
200.822,8442,8255,7965,
200.831,8436,8219,7955,
200.84,8409,8239,7965,
200.849,8396,8250,7950,
200.861,8406,8247,7955,
200.871,8409,8247,7971,
200.879,8387,8247,7965,
200.888,8382,8239,7978,
200.901,8377,8222,7981,
200.91,8369,8224,7973,
200.921,8364,8181,7976,
200.931,8345,8193,7991,
200.94,8358,8204,7996,
200.952,8350,8257,7983,
200.96,8347,8237,8013,
200.971,8331,8232,8010,
200.979,8323,8239,8018,
200.99,8339,8250,8024,
201.002,8318,8217,8015,
201.009,8345,8255,8021,
201.019,8326,8237,7996,
201.031,8315,8268,8021,
201.039,8323,8252,8010,
201.049,8320,8239,8027,
201.059,8318,8250,8032,
201.071,8331,8265,8032,
201.08,8310,8263,8008,
201.088,8296,8255,8010,
201.1,8320,8270,8021,
201.111,8318,8260,8015,
201.119,8310,8193,8027,
201.129,8285,8217,8034,
201.137,8291,8170,8045,
201.149,8283,8276,8057,
201.161,8326,8283,8057,
201.169,8285,8237,8055,
201.18,8285,8247,8050,
201.188,8293,8239,8055,
201.203,8299,8278,8047,
201.21,8285,8242,8037,
201.218,8307,8273,8024,
201.231,8291,8273,8027,
201.24,8299,8265,8029,
201.249,8288,8247,8039,
201.26,8315,8242,8055,
201.272,8310,8237,8037,
201.281,8304,8237,8021,
201.291,8312,8276,8021,
201.3,8329,8237,8021,
201.309,8307,8232,8032,
201.319,8315,8183,8018,
201.33,8307,8161,8037,
201.341,8304,8247,8032,
201.35,8318,8237,8042,
201.359,8304,8239,8004,
201.371,8315,8252,8037,
201.382,8310,8239,8047,
201.389,8312,8232,8037,
201.398,8301,8273,8029,
201.409,8345,8250,8027,
201.42,8318,8252,7999,
201.428,8318,8255,8013,
201.441,8339,8247,8013,
201.449,8342,8268,8021,
201.462,8339,8245,8034,
201.467,8358,8255,8013,
201.481,8353,8237,8004,
201.489,8345,8268,7994,
201.498,8353,8252,7999,
201.51,8350,8268,7994,
201.522,8356,8206,7999,
201.528,8345,8161,7976,
201.54,8379,8237,7983,
201.548,8342,8252,7981,
201.56,8372,8255,7996,
201.569,8377,8224,7996,
201.581,8369,8239,7996,
201.587,8361,8237,7978,
201.599,8369,8242,7989,
201.61,8379,8224,7973,
201.619,8390,8273,7986,
201.631,8372,8265,7981,
201.641,8401,8260,7991,
201.65,8387,8252,7965,
201.659,8390,8237,7971,
201.668,8428,8242,7965,
201.681,8401,8242,7965,
201.687,8409,8245,7936,
201.698,8442,8239,7941,
201.709,8444,8227,7939,
201.721,8458,8183,7917,
201.727,8471,8159,7884,
201.74,8490,8148,7886,
201.75,8492,8247,7909,
201.758,8500,8232,7884,
201.769,8522,8206,7886,
201.778,8544,8224,7867,
201.788,8570,8224,7830,
201.799,8594,8239,7820,
201.807,8616,8217,7807,
201.82,8632,8217,7796,
201.827,8650,8224,7778,
201.839,8659,8209,7778,
201.851,8661,8209,7759,
201.858,8675,8212,7751,
201.868,8683,8204,7764,
201.879,8686,8206,7746,
201.888,8689,8196,7759,
201.9,8675,8201,7754,
201.908,8691,8209,7738,
201.919,8725,8196,7696,
201.929,8745,8124,7620,
201.938,8713,8170,7696,
201.949,8691,8204,7762,
201.96,8697,8191,7762,
201.97,8675,8201,7749,
201.981,8675,8201,7749,
201.987,8678,8204,7744,
201.999,8686,8204,7751,
202.01,8678,8201,7759,
202.017,8678,8201,7751,
202.027,8670,8201,7762,
202.038,8670,8212,7759,
202.048,8678,8201,7762,
202.06,8675,8209,7749,
202.068,8678,8209,7768,
202.076,8664,8204,7759,
202.089,8661,8214,7746,
202.1,8664,8196,7768,
202.109,8683,8201,7775,
202.117,8694,8188,7736,
202.13,8716,8150,7667,
202.139,8686,8188,7741,
202.151,8675,8204,7756,
202.158,8659,8201,7768,
202.167,8661,8204,7781,
202.179,8653,8214,7768,
202.19,8659,8212,7775,
202.198,8659,8209,7768,
202.209,8670,8212,7764,
202.22,8670,8201,7783,
202.229,8667,8196,7773,
202.239,8664,8209,7764,
202.247,8670,8204,7764,
202.259,8656,8209,7756,
202.269,8680,8209,7764,
202.278,8664,8212,7759,
202.288,8670,8212,7759,
202.301,8664,8214,7764,
202.308,8675,8212,7768,
202.319,8689,8204,7725,
202.328,8710,8137,7664,
202.338,8686,8183,7730,
202.349,8667,8209,7775,
202.359,8659,8206,7778,
202.371,8647,8206,7788,
202.378,8642,8199,7793,
202.387,8656,8212,7773,
202.4,8656,8201,7768,
202.407,8642,8199,7791,
202.419,8659,8214,7775,
202.428,8667,8209,7778,
202.438,8656,8196,7773,
202.449,8653,8204,7775,
202.458,8661,8206,7764,
202.468,8656,8204,7770,
202.478,8653,8219,7773,
202.488,8653,8219,7778,
202.497,8647,8217,7781,
202.509,8661,8206,7773,
202.519,8686,8196,7717,
202.529,8686,8153,7682,
202.537,8659,8165,7749,
202.546,8647,8204,7786,
202.558,8630,8204,7781,
202.567,8642,8201,7781,
202.577,8632,8206,7786,
202.588,8635,8201,7799,
202.6,8644,8204,7791,
202.609,8647,8206,7786,
202.618,8656,8209,7781,
202.628,8650,8214,7770,
202.638,8644,8201,7781,
202.647,8647,8212,7793,
202.66,8647,8206,7793,
202.666,8635,8217,7764,
202.678,8653,8214,7788,
202.687,8653,8212,7773,
202.699,8632,8209,7788,
202.709,8644,8214,7786,
202.719,8650,8196,7746,
202.728,8686,8161,7691,
202.738,8664,8173,7741,
202.749,8630,8199,7805,
202.756,8632,8212,7788,
202.768,8635,8204,7791,
202.778,8627,8199,7781,
202.787,8635,8204,7793,
202.798,8632,8204,7796,
202.807,8639,8201,7796,
202.818,8635,8214,7775,
202.829,8642,8209,7781,
202.839,8642,8219,7788,
202.847,8653,8212,7788,
202.858,8635,8212,7783,
202.869,8639,8209,7778,
202.877,8632,8214,7796,
202.887,8642,8206,7783,
202.896,8635,8206,7788,
202.909,8644,8199,7770,
202.917,8672,8199,7733,
202.928,8678,8142,7699,
202.938,8656,8150,7759,
202.947,8632,8206,7796,
202.959,8627,8219,7791,
202.966,8619,8212,7796,
202.977,8616,8206,7801,
202.988,8632,8209,7793,
202.998,8619,8206,7799,
203.006,8622,8204,7788,
203.018,8632,8212,7805,
203.029,8635,8212,7788,
203.038,8627,8206,7788,
203.046,8639,8204,7796,
203.059,8624,8212,7788,
203.068,8622,8201,7796,
203.077,8627,8214,7783,
203.088,8627,8214,7786,
203.097,8639,8209,7793,
203.107,8627,8212,7796,
203.119,8627,8186,7770,
203.128,8656,8155,7714,
203.137,8630,8170,7773,
203.149,8608,8212,7801,
203.159,8611,8217,7810,
203.167,8608,8214,7820,
203.177,8613,8212,7812,
203.186,8619,8214,7801,
203.198,8608,8217,7805,
203.209,8603,8212,7799,
203.218,8616,8214,7812,
203.228,8619,8222,7810,
203.237,8611,8224,7807,
203.245,8608,8224,7810,
203.257,8608,8219,7805,
203.268,8616,8227,7830,
203.276,8613,8217,7810,
203.287,8622,8217,7807,
203.297,8619,8212,7815,
203.308,8613,8217,7807,
203.318,8647,8206,7756,
203.326,8630,8148,7725,
203.336,8608,8159,7791,
203.345,8603,8219,7815,
203.356,8597,8206,7815,
203.368,8605,8214,7815,
203.377,8605,8212,7828,
203.387,8597,8217,7820,
203.398,8608,8209,7820,
203.406,8600,8214,7825,
203.419,8603,8209,7815,
203.429,8592,8212,7815,
203.438,8600,8214,7820,
203.446,8603,8224,7817,
203.457,8608,8212,7817,
203.469,8592,8219,7807,
203.479,8600,8217,7807,
203.485,8600,8206,7828,
203.496,8597,8219,7815,
203.507,8600,8217,7823,
203.516,8603,8212,7796,
203.527,8619,8168,7744,
203.538,8605,8196,7788,
203.548,8578,8212,7828,
203.558,8581,8219,7838,
203.567,8578,8204,7841,
203.577,8576,8219,7841,
203.588,8584,8212,7833,
203.598,8573,8219,7828,
203.609,8584,8214,7833,
203.618,8567,8209,7852,
203.627,8576,8217,7841,
203.637,8562,8224,7838,
203.647,8538,8212,7865,
203.656,8541,8230,7865,
203.668,8522,8237,7867,
203.678,8527,8222,7870,
203.687,8530,8224,7881,
203.696,8514,8237,7915,
203.706,8506,8237,7889,
203.718,8498,8206,7891,
203.725,8492,8155,7857,
203.736,8479,8168,7899,
203.748,8461,8239,7925,
203.758,8444,8227,7909,
203.769,8428,8230,7946,
203.775,8436,8219,7971,
203.787,8417,8232,7955,
203.8,8404,8242,7958,
203.808,8393,8219,7960,
203.815,8385,8247,7973,
203.826,8382,8224,7958,
203.837,8382,8222,7981,
203.849,8369,8219,7981,
203.856,8361,8224,7983,
203.866,8358,8227,8001,
203.875,8366,8270,8001,
203.888,8356,8255,7994,
203.899,8337,8250,8018,
203.905,8334,8257,8001,
203.916,8334,8219,8018,
203.924,8301,8247,8018,
203.938,8318,8245,8021,
203.944,8312,8270,8018,
203.955,8304,8239,8032,
203.968,8315,8245,8045,
203.978,8291,8252,8050,
203.984,8293,8219,8052,
203.995,8296,8265,8045,
204.007,8293,8247,8047,
204.016,8291,8227,8042,
204.026,8293,8247,8062,
204.036,8271,8257,8027,
204.046,8283,8276,8060,
204.056,8288,8242,8057,
204.065,8283,8247,8042,
204.078,8288,8257,8052,
204.086,8283,8281,8057,
204.095,8283,8276,8060,
204.106,8279,8255,8057,
204.114,8265,8191,8060,
204.125,8244,8217,8075,
204.137,8268,8276,8062,
204.145,8273,8232,8052,
204.156,8265,8250,8050,
204.167,8263,8224,8065,
204.176,8273,8265,8057,
204.186,8283,8242,8060,
204.198,8283,8239,8052,
204.204,8276,8242,8057,
204.216,8285,8265,8050,
204.224,8279,8273,8042,
204.236,8283,8268,8047,
204.247,8299,8247,8042,
204.257,8283,8250,8055,
204.266,8285,8263,8050,
204.275,8310,8273,8047,
204.286,8285,8281,8057,
204.296,8283,8263,8042,
204.305,8312,8263,8050,
204.32,8276,8227,8055,
204.326,8260,8183,8050,
204.335,8296,8260,8045,
204.345,8288,8227,8034,
204.357,8279,8265,8047,
204.367,8285,8265,8060,
204.375,8283,8252,8050,
204.386,8271,8245,8039,
204.396,8307,8273,8037,
204.404,8296,8242,8045,
204.416,8299,8245,8042,
204.427,8291,8245,8032,
204.435,8312,8283,8050,
204.446,8312,8247,8027,
204.455,8312,8245,8042,
204.465,8299,8283,8018,
204.474,8310,8263,8029,
204.486,8307,8268,8034,
204.499,8310,8257,8018,
204.505,8312,8255,8024,
204.516,8310,8206,8018,
204.526,8299,8127,8050,
204.537,8307,8201,8032,
204.544,8315,8276,8042,
204.558,8310,8265,8015,
204.564,8329,8232,8042,
204.576,8312,8242,8029,
204.586,8310,8237,8042,
204.594,8345,8227,8052,
204.607,8331,8273,8004,
204.616,8356,8245,8004,
204.625,8329,8286,7996,
204.636,8339,8255,8008,
204.646,8353,8257,7991,
204.655,8350,8270,7996,
204.663,8347,8242,7983,
204.674,8364,8265,8013,
204.686,8366,8242,7994,
204.696,8369,8237,7994,
204.705,8366,8286,7983,
204.714,8369,8212,7973,
204.726,8350,8178,7960,
204.737,8372,8178,7978,
204.743,8353,8242,7986,
204.755,8372,8237,7971,
204.764,8372,8217,7973,
204.775,8385,8230,8001,
204.787,8369,8252,7983,
204.794,8385,8232,7983,
204.803,8396,8252,7981,
204.817,8387,8278,7955,
204.825,8401,8237,7963,
204.835,8401,8242,7965,
204.846,8420,8245,7978,
204.856,8417,8255,7953,
204.867,8442,8257,7963,
204.875,8431,8224,7939,
204.883,8447,8250,7958,
204.896,8452,8245,7912,
204.907,8455,8247,7886,
204.915,8490,8188,7884,
204.925,8500,8096,7857,
204.933,8506,8178,7867,
204.945,8517,8230,7894,
204.956,8530,8219,7881,
204.964,8536,8222,7860,
204.975,8553,8230,7870,
204.985,8558,8227,7833,
204.996,8594,8219,7817,
205.004,8600,8204,7799,
205.015,8624,8214,7825,
205.024,8624,8224,7788,
205.034,8639,8209,7781,
205.046,8644,8217,7762,
205.054,8661,8209,7783,
205.063,8659,8212,7775,
205.074,8664,8209,7762,
205.085,8672,8217,7764,
205.093,8670,8214,7762,
205.106,8686,8209,7749,
205.116,8710,8193,7701,
205.125,8718,8142,7656,
205.134,8699,8165,7699,
205.147,8656,8204,7759,
205.154,8680,8204,7764,
205.165,8670,8204,7756,
205.176,8667,8201,7770,
205.184,8670,8201,7764,
205.194,8678,8199,7749,
205.205,8680,8214,7746,
205.215,8686,8204,7751,
205.225,8691,8193,7736,
205.233,8686,8201,7764,
205.245,8683,8204,7741,
205.257,8689,8201,7756,
205.264,8678,8199,7746,
205.276,8689,8199,7733,
205.284,8683,8204,7759,
205.296,8675,8204,7756,
205.305,8678,8209,7736,
205.313,8713,8193,7714,
205.324,8725,8161,7630,
205.335,8694,8153,7730,
205.345,8664,8201,7768,
205.353,8653,8209,7768,
205.365,8659,8201,7759,
205.374,8667,8206,7773,
205.384,8650,8199,7783,
205.395,8656,8199,7759,
205.404,8659,8199,7775,
205.416,8667,8204,7770,
205.425,8664,8204,7759,
205.435,8661,8209,7756,
205.443,8670,8204,7770,
205.457,8670,8212,7768,
205.464,8667,8209,7762,
205.476,8670,8214,7768,
205.482,8672,8209,7749,
205.494,8670,8201,7751,
205.506,8675,8206,7762,
205.516,8689,8204,7704,
205.524,8725,8186,7645,
205.534,8691,8175,7719,
205.546,8667,8209,7764,
205.554,8667,8193,7781,
205.564,8664,8206,7759,
205.573,8653,8201,7762,
205.584,8670,8196,7764,
205.594,8675,8204,7764,
205.604,8672,8209,7764,
205.616,8661,8206,7746,
205.626,8672,8206,7770,
205.635,8664,8199,7775,
205.644,8675,8201,7762,
205.656,8678,8206,7744,
205.664,8686,8186,7775,
205.675,8689,8209,7738,
205.685,8683,8214,7746,
205.693,8678,8212,7764,
205.704,8680,8206,7764,
205.714,8697,8196,7722,
205.723,8736,8140,7638,
205.732,8707,8159,7714,
205.744,8680,8206,7751,
205.754,8672,8201,7773,
205.765,8664,8191,7768,
205.773,8664,8206,7768,
205.782,8672,8206,7759,
205.796,8678,8204,7759,
205.804,8670,8212,7759,
205.813,8675,8204,7764,
205.821,8678,8209,7759,
205.834,8678,8199,7768,
205.845,8675,8217,7759,
205.852,8661,8204,7764,
205.866,8664,8206,7751,
205.873,8672,8204,7754,
205.884,8680,8199,7770,
205.893,8680,8212,7759,
205.903,8680,8199,7759,
205.916,8710,8193,7733,
205.924,8721,8181,7640,
205.933,8705,8175,7707,
205.942,8667,8199,7778,
205.953,8653,8201,7768,
205.964,8667,8193,7781,
205.975,8667,8204,7764,
205.984,8664,8209,7759,
205.993,8670,8201,7770,
206.003,8672,8196,7764,
206.014,8683,8206,7756,
206.023,8678,8209,7744,
206.032,8680,8204,7759,
206.043,8680,8204,7768,
206.052,8675,8212,7764,
206.065,8675,8196,7754,
206.071,8686,8201,7759,
206.083,8683,8212,7741,
206.092,8678,8209,7756,
206.104,8686,8204,7741,
206.114,8705,8193,7701,
206.123,8745,8181,7630,
206.134,8705,8165,7717,
206.144,8683,8201,7744,
206.154,8678,8196,7759,
206.163,8670,8204,7762,
206.172,8667,8199,7770,
206.184,8667,8199,7759,
206.194,8680,8206,7759,
206.205,8675,8193,7759,
206.211,8678,8201,7762,
206.223,8680,8201,7749,
206.234,8675,8199,7744,
206.242,8675,8209,7730,
206.252,8672,8199,7746,
206.261,8678,8212,7751,
206.275,8680,8209,7744,
206.285,8678,8204,7768,
206.295,8672,8206,7756,
206.305,8675,8212,7764,
206.316,8699,8191,7717,
206.325,8727,8170,7643,
206.334,8689,8212,7717,
206.343,8672,8201,7768,
206.352,8672,8206,7768,
206.364,8661,8204,7773,
206.375,8659,8201,7764,
206.383,8650,8201,7778,
206.394,8656,8212,7768,
206.403,8667,8201,7764,
206.413,8661,8206,7770,
206.421,8656,8217,7768,
206.435,8667,8209,7749,
206.441,8664,8201,7775,
206.454,8656,8212,7762,
206.465,8653,8209,7773,
206.475,8661,8212,7759,
206.482,8653,8209,7778,
206.495,8664,8212,7762,
206.501,8664,8214,7773,
206.511,8683,8196,7749,
206.523,8694,8132,7677,
206.532,8678,8183,7746,
206.541,8653,8217,7773,
206.552,8644,8212,7770,
206.563,8642,8204,7791,
206.571,8647,8209,7783,
206.583,8642,8206,7788,
206.592,8644,8204,7783,
206.602,8647,8206,7773,
206.614,8639,8209,7796,
206.623,8653,8206,7793,
206.631,8647,8219,7786,
206.643,8653,8219,7778,
206.653,8632,8224,7786,
206.663,8635,8204,7791,
206.673,8650,8219,7786,
206.682,8627,8212,7783,
206.694,8639,8201,7791,
206.701,8632,8209,7773,
206.712,8647,8204,7770,
206.72,8678,8159,7704,
206.733,8647,8183,7759,
206.745,8624,8214,7810,
206.754,8613,8212,7786,
206.763,8622,8212,7807,
206.771,8616,8206,7805,
206.783,8619,8206,7799,
206.793,8627,8209,7796,
206.802,8624,8212,7805,
206.812,8613,8219,7783,
206.822,8630,8206,7805,
206.834,8624,8230,7801,
206.843,8613,8212,7805,
206.853,8627,8214,7805,
206.862,8616,8224,7799,
206.873,8616,8212,7815,
206.882,8627,8219,7810,
206.893,8613,8214,7812,
206.902,8613,8222,7807,
206.912,8635,8186,7759,
206.921,8639,8117,7733,
206.932,8611,8173,7788,
206.942,8608,8214,7815,
206.953,8603,8201,7843,
206.962,8573,8214,7820,
206.97,8570,8212,7817,
206.982,8570,8212,7846,
206.993,8576,8224,7835,
207.002,8576,8219,7857,
207.012,8558,8212,7828,
207.021,8570,8214,7854,
207.035,8546,8224,7848,
207.042,8530,8219,7852,
207.051,8519,8224,7852,
207.064,8517,8219,7891,
207.071,8498,8230,7894,
207.082,8476,8219,7912,
207.091,8479,8232,7925,
207.103,8452,8252,7909,
207.113,8455,8209,7941,
207.123,8433,8212,7912,
207.133,8423,8214,7946,
207.141,8396,8219,7991,
207.152,8396,8237,7986,
207.162,8372,8206,7996,
207.172,8358,8239,8004,
207.181,8356,8239,8015,
207.191,8350,8245,7986,
207.201,8334,8252,8008,
207.214,8331,8214,8029,
207.22,8326,8245,8013,
207.233,8307,8245,8015,
207.241,8318,8247,8032,
207.25,8299,8245,8037,
207.263,8296,8273,8029,
207.27,8291,8268,8037,
207.281,8323,8252,8045,
207.292,8283,8255,8060,
207.303,8283,8250,8055,
207.311,8283,8201,8050,
207.32,8283,8145,8062,
207.332,8276,8224,8052,
207.341,8271,8263,8052,
207.352,8279,8281,8052,
207.361,8271,8237,8042,
207.373,8279,8239,8047,
207.383,8283,8255,8065,
207.392,8276,8237,8075,
207.403,8271,8245,8068,
207.413,8273,8268,8068,
207.421,8271,8270,8042,
207.431,8260,8230,8068,
207.441,8283,8230,8057,
207.452,8273,8245,8068,
207.461,8271,8273,8055,
207.471,8279,8281,8060,
207.48,8276,8268,8078,
207.491,8273,8273,8057,
207.501,8265,8252,8062,
207.51,8271,8209,8068,
207.519,8238,8212,8073,
207.531,8257,8299,8057,
207.543,8268,8286,8052,
207.551,8279,8252,8065,
207.563,8263,8250,8100,
207.57,8249,8270,8050,
207.582,8254,8278,8060,
207.593,8265,8242,8070,
207.602,8283,8257,8050,
207.611,8271,8281,8065,
207.623,8299,8265,8057,
207.633,8285,8268,8057,
207.641,8265,8273,8068,
207.649,8265,8245,8073,
207.662,8273,8268,8062,
207.673,8279,8268,8045,
207.683,8276,8247,8042,
207.689,8271,8265,8057,
207.703,8279,8281,8050,
207.712,8283,8204,8055,
207.723,8260,8109,8073,
207.733,8283,8222,8052,
207.745,8273,8318,8055,
207.749,8271,8252,8060,
207.761,8273,8283,8065,
207.774,8288,8242,8068,
207.782,8288,8263,8070,
207.793,8279,8270,8037,
207.803,8283,8268,8055,
207.813,8301,8257,8045,
207.82,8296,8242,8047,
207.832,8301,8281,8034,
207.841,8279,8257,8032,
207.851,8283,8257,8015,
207.859,8312,8263,8029,
207.871,8310,8237,8042,
207.882,8320,8265,8018,
207.891,8301,8255,8021,
207.904,8304,8273,8013,
207.91,8323,8222,8024,
207.919,8315,8191,8024,
207.929,8331,8206,8024,
207.942,8339,8276,8029,
207.951,8339,8270,8024,
207.959,8318,8237,7991,
207.972,8337,8255,7996,
207.986,8358,8247,8024,
207.989,8353,8250,8013,
208,8372,8252,7999,
208.01,8372,8232,7963,
208.021,8390,8237,7971,
208.031,8414,8263,7955,
208.04,8423,8247,7941,
208.05,8447,8250,7941,
208.062,8461,8260,7912,
208.07,8487,8232,7889,
208.079,8509,8252,7857,
208.092,8549,8239,7825,
208.103,8589,8239,7815,
208.112,8642,8161,7746,
208.12,8667,8161,7704,
208.129,8670,8173,7751,
208.142,8675,8219,7744,
208.152,8694,8209,7749,
208.159,8691,8209,7756,
208.171,8694,8199,7744,
208.18,8710,8214,7736,
208.188,8707,8201,7725,
208.203,8699,8214,7707,
208.21,8707,8206,7727,
208.221,8699,8199,7744,
208.229,8702,8204,7722,
208.241,8697,8206,7733,
208.251,8699,8196,7762,
208.26,8675,8209,7733,
208.271,8680,8204,7741,
208.282,8691,8209,7754,
208.288,8683,8204,7751,
208.301,8683,8204,7751,
208.31,8702,8183,7730,
208.319,8725,8165,7656,
208.329,8697,8175,7717,
208.341,8667,8206,7759,
208.351,8656,8201,7751,
208.359,8659,8204,7762,
208.371,8667,8193,7768,
208.382,8670,8201,7783,
208.39,8664,8212,7762,
208.4,8672,8201,7768,
208.41,8661,8201,7775,
208.42,8656,8196,7738,
208.429,8667,8212,7762,
208.44,8667,8209,7768,
208.449,8664,8212,7768,
208.461,8664,8212,7770,
208.471,8661,8201,7762,
208.48,8670,8204,7759,
208.491,8667,8212,7756,
208.499,8661,8214,7764,
208.511,8675,8199,7751,
208.519,8713,8181,7670,
208.532,8686,8170,7725,
208.541,8650,8204,7796,
208.55,8653,8204,7775,
208.562,8647,8199,7786,
208.569,8647,8199,7773,
208.583,8650,8196,7773,
208.589,8656,8206,7775,
208.603,8647,8217,7756,
208.61,8664,8204,7783,
208.62,8670,8209,7770,
208.629,8667,8212,7773,
208.64,8667,8204,7781,
208.65,8664,8206,7768,
208.658,8672,8204,7770,
208.669,8659,8209,7778,
208.679,8670,8212,7778,
208.69,8656,8204,7778,
208.7,8664,8199,7773,
208.708,8675,8191,7736,
208.719,8699,8159,7680,
208.73,8664,8191,7738,
208.739,8644,8204,7788,
208.751,8630,8199,7791,
208.759,8635,8201,7799,
208.769,8635,8214,7775,
208.78,8632,8214,7791,
208.791,8627,8206,7786,
208.8,8627,8196,7801,
208.811,8632,8201,7807,
208.82,8632,8214,7799,
208.83,8616,8219,7791,
208.841,8627,8219,7775,
208.848,8619,8217,7773,
208.858,8632,8212,7805,
208.87,8644,8209,7799,
208.88,8639,8212,7793,
208.891,8630,8217,7791,
208.899,8656,8222,7759,
208.909,8667,8204,7730,
208.92,8675,8168,7691,
208.929,8650,8161,7746,
208.943,8644,8206,7791,
208.949,8630,8204,7788,
208.96,8632,8209,7807,
208.969,8619,8209,7791,
208.979,8635,8209,7793,
208.989,8624,8209,7778,
209,8639,8217,7788,
209.01,8627,8204,7791,
209.018,8630,8206,7791,
209.03,8632,8212,7791,
209.038,8639,8214,7793,
209.049,8642,8214,7793,
209.06,8639,8212,7793,
209.069,8647,8204,7781,
209.079,8661,8201,7815,
209.09,8642,8222,7786,
209.099,8639,8209,7781,
209.108,8653,8209,7754,
209.119,8680,8129,7701,
209.13,8653,8161,7744,
209.138,8624,8206,7807,
209.151,8627,8214,7796,
209.16,8630,8217,7788,
209.169,8624,8206,7788,
209.179,8630,8212,7796,
209.187,8622,8212,7783,
209.2,8630,8204,7805,
209.21,8624,8209,7796,
209.221,8619,8217,7793,
209.228,8642,8204,7805,
209.24,8630,8217,7778,
209.252,8635,8209,7801,
209.26,8632,8206,7799,
209.268,8627,8206,7788,
209.28,8627,8214,7801,
209.288,8632,8201,7801,
209.301,8632,8201,7788,
209.311,8659,8170,7738,
209.321,8664,8124,7704,
209.332,8635,8183,7773,
209.34,8632,8209,7791,
209.35,8622,8214,7799,
209.359,8619,8204,7805,
209.37,8613,8201,7812,
209.378,8627,8209,7796,
209.39,8616,8212,7796,
209.398,8632,8219,7807,
209.408,8624,8217,7805,
209.419,8622,8219,7796,
209.43,8616,8212,7807,
209.438,8616,8212,7805,
209.45,8622,8214,7810,
209.459,8627,8214,7799,
209.47,8622,8212,7796,
209.48,8619,8219,7788,
209.488,8622,8201,7796,
209.501,8616,8230,7791,
209.511,8647,8204,7744,
209.519,8644,8150,7719,
209.528,8619,8173,7770,
209.54,8608,8201,7799,
209.548,8608,8217,7817,
209.561,8594,8199,7830,
209.567,8603,8206,7812,
209.58,8619,8201,7810,
209.59,8619,8209,7812,
209.601,8594,8217,7815,
209.609,8632,8204,7810,
209.617,8611,8209,7817,
209.628,8622,8209,7830,
209.637,8616,8212,7830,
209.649,8603,8217,7810,
209.658,8603,8212,7817,
209.671,8608,8204,7823,
209.677,8589,8212,7823,
209.688,8589,8209,7810,
209.699,8603,8217,7823,
209.708,8603,8206,7788,
209.72,8630,8127,7736,
209.73,8608,8168,7793,
209.736,8584,8214,7852,
209.749,8573,8212,7835,
209.758,8565,8217,7833,
209.77,8573,8214,7843,
209.779,8586,8212,7830,
209.789,8594,8214,7846,
209.799,8600,8227,7835,
209.809,8594,8214,7828,
209.82,8586,8227,7835,
209.827,8589,8222,7854,
209.84,8578,8227,7833,
209.848,8581,8219,7823,
209.86,8578,8222,7825,
209.87,8581,8224,7835,
209.879,8586,8227,7830,
209.89,8589,8227,7833,
209.899,8581,8217,7820,
209.907,8600,8196,7788,
209.917,8608,8170,7773,
209.932,8586,8193,7812,
209.938,8597,8214,7825,
209.949,8605,8217,7841,
209.959,8576,8212,7833,
209.969,8589,8209,7830,
209.979,8576,8224,7825,
209.987,8594,8219,7828,
209.998,8603,8209,7815,
210.007,8592,8217,7805,
210.019,8608,8201,7820,
210.03,8603,8219,7815,
210.039,8594,8209,7825,
210.048,8594,8214,7817,
210.058,8600,8227,7812,
210.07,8592,8214,7812,
210.076,8597,8224,7825,
210.089,8592,8219,7815,
210.096,8611,8214,7828,
210.107,8605,8209,7786,
210.119,8622,8175,7749,
210.13,8600,8145,7793,
210.136,8589,8227,7846,
210.148,8581,8217,7846,
210.156,8573,8214,7828,
210.167,8570,8212,7838,
210.178,8578,8219,7846,
210.187,8558,8227,7841,
210.198,8558,8224,7860,
210.209,8533,8212,7846,
210.219,8536,8219,7865,
210.227,8525,8224,7899,
210.236,8514,8230,7894,
210.245,8492,8232,7894,
210.256,8490,8237,7927,
210.267,8452,8227,7917,
210.278,8458,8212,7939,
210.288,8439,8232,7925,
210.296,8444,8224,7936,
210.309,8428,8209,7936,
210.319,8414,8161,7934,
210.328,8417,8142,7963,
210.337,8377,8230,7973,
210.347,8396,8242,7986,
210.358,8364,8257,7986,
210.368,8361,8245,8004,
210.377,8350,8239,7978,
210.388,8350,8237,7999,
210.397,8350,8242,7994,
210.41,8353,8265,8027,
210.416,8329,8260,8001,
210.428,8326,8245,8013,
210.437,8315,8260,8024,
210.449,8331,8265,8034,
210.458,8310,8255,8018,
210.467,8326,8214,8057,
210.478,8310,8245,8039,
210.487,8299,8263,8042,
210.499,8312,8268,8042,
210.507,8293,8227,8047,
210.52,8271,8140,8070,
210.528,8283,8250,8060,
210.538,8276,8224,8039,
210.548,8257,8242,8037,
210.555,8268,8255,8060,
210.568,8265,8263,8083,
210.578,8260,8247,8055,
210.587,8271,8260,8057,
210.596,8265,8245,8057,
210.608,8279,8257,8055,
210.62,8273,8232,8052,
210.626,8283,8242,8052,
210.64,8268,8257,8062,
210.648,8263,8242,8055,
210.659,8260,8265,8057,
210.668,8271,8230,8060,
210.677,8268,8260,8073,
210.686,8283,8278,8075,
210.697,8260,8242,8065,
210.709,8252,8227,8057,
210.718,8238,8119,8078,
210.728,8257,8281,8065,
210.737,8263,8239,8078,
210.748,8260,8237,8055,
210.756,8244,8239,8078,
210.767,8252,8260,8073,
210.776,8238,8260,8080,
210.787,8268,8278,8073,
210.799,8246,8270,8070,
210.805,8254,8273,8073,
210.817,8268,8263,8075,
210.827,8283,8278,8065,
210.838,8271,8276,8062,
210.846,8260,8250,8057,
210.856,8268,8257,8068,
210.868,8265,8273,8050,
210.879,8276,8286,8055,
210.886,8271,8263,8045,
210.895,8249,8239,8055,
210.907,8260,8199,8047,
210.917,8254,8173,8098,
210.927,8252,8270,8068,
210.938,8263,8291,8068,
210.948,8296,8232,8078,
210.957,8257,8242,8062,
210.966,8257,8230,8080,
210.978,8257,8255,8073,
210.987,8301,8247,8052,
210.998,8293,8255,8055,
211.007,8276,8278,8060,
211.018,8271,8299,8050,
211.027,8296,8255,8042,
211.038,8283,8222,8052,
211.049,8288,8281,8021,
211.056,8318,8232,8052,
211.067,8293,8230,8034,
211.076,8296,8227,8032,
211.088,8326,8250,8034,
211.1,8288,8247,8034,
211.106,8312,8181,8034,
211.115,8288,8117,8027,
211.126,8312,8196,8024,
211.137,8304,8270,8004,
211.148,8323,8242,8027,
211.156,8310,8263,8039,
211.168,8320,8245,8029,
211.177,8339,8227,8018,
211.187,8331,8237,8008,
211.196,8339,8230,8029,
211.21,8339,8268,8004,
211.216,8356,8278,7996,
211.226,8334,8273,7996,
211.237,8358,8265,7986,
211.248,8361,8242,7994,
211.256,8358,8263,7976,
211.267,8382,8278,7986,
211.277,8382,8247,7965,
211.286,8390,8245,7968,
211.296,8393,8245,7950,
211.308,8414,8148,7950,
211.316,8409,8159,7931,
211.325,8436,8129,7927,
211.338,8436,8239,7944,
211.347,8452,8239,7931,
211.357,8450,8214,7904,
211.367,8481,8230,7920,
211.377,8495,8209,7886,
211.386,8511,8217,7879,
211.396,8536,8237,7835,
211.407,8567,8230,7865,
211.417,8573,8224,7815,
211.427,8603,8224,7815,
211.436,8622,8227,7817,
211.446,8632,8227,7805,
211.457,8650,8222,7791,
211.468,8664,8224,7786,
211.477,8659,8212,7764,
211.485,8672,8206,7759,
211.497,8686,8214,7762,
211.507,8699,8196,7707,
211.517,8738,8137,7640,
211.527,8705,8193,7717,
211.537,8689,8206,7746,
211.546,8683,8209,7749,
211.556,8686,8199,7764,
211.565,8664,8199,7764,
211.576,8675,8206,7778,
211.585,8670,8214,7773,
211.594,8678,8206,7749,
211.606,8672,8219,7751,
211.615,8678,8209,7749,
211.624,8670,8212,7751,
211.637,8664,8209,7762,
211.646,8667,8199,7754,
211.654,8672,8209,7773,
211.665,8664,8209,7773,
211.677,8661,8193,7768,
211.686,8653,8212,7764,
211.697,8664,8204,7759,
211.706,8675,8206,7727,
211.715,8699,8142,7677,
211.724,8675,8178,7749,
211.738,8650,8209,7754,
211.744,8653,8206,7799,
211.755,8632,8201,7796,
211.767,8630,8191,7786,
211.777,8644,8212,7775,
211.783,8644,8206,7791,
211.795,8650,8201,7778,
211.804,8653,8204,7786,
211.815,8656,8212,7778,
211.823,8639,8214,7788,
211.837,8650,8212,7773,
211.848,8661,8201,7783,
211.854,8653,8206,7778,
211.867,8635,8209,7773,
211.876,8647,8204,7778,
211.886,8647,8214,7783,
211.895,8653,8201,7781,
211.906,8670,8196,7744,
211.917,8694,8142,7677,
211.928,8661,8209,7756,
211.935,8647,8212,7781,
211.944,8635,8209,7786,
211.955,8627,8199,7796,
211.968,8639,8206,7801,
211.974,8630,8222,7788,
211.987,8632,8204,7793,
211.993,8647,8209,7783,
212.004,8635,8217,7791,
212.016,8639,8214,7793,
212.026,8644,8201,7783,
212.038,8639,8206,7791,
212.045,8647,8217,7788,
212.056,8635,8217,7786,
212.068,8647,8217,7788,
212.077,8659,8212,7793,
212.086,8644,8224,7796,
212.096,8659,8219,7783,
212.106,8664,8188,7719,
212.117,8670,8137,7709,
212.124,8644,8161,7736,
212.137,8605,8199,7807,
212.145,8616,8212,7788,
212.155,8616,8206,7799,
212.163,8619,8209,7799,
212.174,8616,8214,7799,
212.185,8622,8209,7793,
212.196,8635,8212,7793,
212.206,8627,8222,7783,
212.215,8630,8199,7801,
212.226,8632,8204,7805,
212.237,8642,8214,7786,
212.245,8630,8204,7783,
212.256,8639,8212,7788,
212.267,8619,8212,7788,
212.276,8630,8209,7778,
212.285,8647,8214,7793,
212.295,8632,8212,7775,
212.306,8667,8199,7733,
212.315,8659,8135,7696,
212.324,8627,8201,7778,
212.336,8622,8209,7788,
212.346,8622,8206,7796,
212.355,8613,8212,7799,
212.365,8622,8214,7805,
212.374,8624,8204,7801,
212.383,8622,8209,7783,
212.394,8619,8214,7786,
212.403,8630,8209,7817,
212.415,8624,8212,7793,
212.425,8624,8209,7799,
212.436,8619,8217,7786,
212.443,8630,8212,7788,
212.455,8619,8209,7817,
212.464,8619,8222,7799,
212.475,8635,8214,7810,
212.484,8622,8214,7791,
212.494,8624,8209,7788,
212.504,8647,8209,7788,
212.516,8667,8153,7694,
212.525,8642,8178,7762,
212.535,8605,8209,7801,
212.552,8613,8206,7786,
212.553,8605,8214,7805,
212.564,8622,8222,7812,
212.575,8608,8212,7810,
212.585,8616,8209,7805,
212.593,8611,8214,7805,
212.607,8627,8217,7805,
212.615,8619,8217,7801,
212.625,8627,8206,7807,
212.634,8616,8227,7793,
212.644,8611,8209,7799,
212.653,8613,8206,7805,
212.664,8613,8219,7817,
212.677,8600,8217,7801,
212.683,8613,8212,7796,
212.694,8627,8222,7801,
212.707,8630,8204,7775,
212.715,8650,8132,7733,
212.724,8624,8161,7768,
212.735,8624,8224,7805,
212.746,8605,8214,7805,
212.755,8603,8206,7820,
212.764,8608,8217,7815,
212.775,8611,8214,7823,
212.785,8619,8222,7799,
212.795,8605,8219,7796,
212.807,8613,8201,7823,
212.815,8608,8212,7810,
212.825,8616,8227,7810,
212.833,8608,8214,7812,
212.847,8611,8217,7817,
212.853,8608,8201,7810,
212.864,8608,8222,7815,
212.875,8608,8222,7810,
212.885,8605,8217,7805,
212.896,8608,8209,7812,
212.906,8608,8214,7773,
212.913,8653,8135,7744,
212.926,8616,8155,7781,
212.932,8586,8188,7833,
212.945,8603,8217,7823,
212.954,8589,8212,7828,
212.965,8597,8212,7820,
212.973,8600,8219,7810,
212.984,8594,8224,7812,
212.993,8603,8214,7810,
213.006,8589,8212,7817,
213.017,8597,8214,7825,
213.023,8597,8212,7815,
213.036,8603,8209,7815,
213.043,8597,8209,7817,
213.054,8586,8212,7812,
213.064,8605,8209,7828,
213.073,8597,8219,7810,
213.086,8603,8222,7817,
213.096,8613,8214,7812,
213.103,8605,8209,7799,
213.114,8627,8153,7746,
213.126,8608,8145,7791,
213.133,8584,8212,7793,
213.146,8589,8217,7825,
213.157,8584,8217,7810,
213.164,8584,8209,7828,
213.174,8578,8214,7817,
213.184,8600,8222,7833,
213.195,8589,8219,7825,
213.205,8594,8217,7828,
213.215,8594,8230,7823,
213.224,8586,8214,7815,
213.233,8589,8227,7825,
213.244,8584,8224,7817,
213.253,8581,8224,7823,
213.264,8578,8219,7841,
213.275,8584,8219,7828,
213.283,8576,8219,7830,
213.294,8581,8217,7815,
213.305,8600,8196,7807,
213.314,8611,8150,7754,
213.323,8597,8181,7801,
213.332,8576,8219,7820,
213.343,8584,8219,7833,
213.354,8581,8219,7835,
213.364,8578,8204,7828,
213.374,8581,8212,7848,
213.383,8578,8222,7828,
213.395,8584,8227,7838,
213.405,8576,8224,7825,
213.413,8578,8214,7825,
213.424,8565,8224,7838,
213.433,8573,8217,7848,
213.443,8562,8239,7843,
213.454,8556,8219,7825,
213.463,8546,8222,7857,
213.476,8558,8219,7886,
213.482,8536,8219,7848,
213.494,8556,8227,7894,
213.502,8538,8212,7852,
213.516,8541,8140,7823,
213.525,8514,8206,7870,
213.535,8481,8224,7920,
213.545,8492,8247,7912,
213.555,8471,8232,7904,
213.564,8452,8217,7920,
213.574,8447,8230,7915,
213.585,8444,8224,7950,
213.595,8461,8227,7931,
213.604,8444,8232,7927,
213.614,8436,8245,7939,
213.622,8414,8239,7939,
213.633,8417,8217,7946,
213.644,8404,8239,7955,
213.654,8401,8237,7981,
213.663,8396,8260,7976,
213.675,8377,8212,7960,
213.685,8382,8239,7971,
213.697,8350,8237,7968,
213.703,8364,8175,7991,
213.712,8331,8188,8001,
213.722,8347,8206,8001,
213.734,8342,8257,7999,
213.745,8326,8217,8024,
213.752,8331,8245,8024,
213.763,8318,8247,8013,
213.773,8326,8250,8042,
213.784,8315,8250,8010,
213.794,8326,8268,8010,
213.804,8334,8239,7999,
213.814,8323,8227,8027,
213.822,8323,8247,8029,
213.833,8342,8265,8024,
213.843,8323,8245,8015,
213.853,8331,8265,8027,
213.865,8323,8276,8032,
213.871,8310,8242,8027,
213.883,8318,8242,8018,
213.892,8329,8219,8042,
213.905,8299,8201,8021,
213.912,8296,8175,8047,
213.925,8296,8214,8045,
213.932,8304,8270,8045,
213.943,8283,8255,8032,
213.955,8307,8247,8055,
213.962,8279,8257,8045,
213.972,8301,8237,8039,
213.985,8288,8270,8037,
213.993,8293,8242,8050,
214.003,8283,8245,8024,
214.012,8307,8237,8055,
214.023,8288,8281,8021,
214.035,8285,8263,8037,
214.043,8296,8268,8027,
214.054,8304,8224,8050,
214.061,8301,8247,8034,
214.073,8337,8270,8037,
214.082,8315,8227,8034,
214.094,8307,8252,8037,
214.105,8296,8212,8029,
214.112,8285,8193,8034,
214.122,8310,8232,8037,
214.133,8301,8270,8029,
214.142,8301,8222,8045,
214.153,8299,8270,8045,
214.163,8304,8239,8024,
214.171,8299,8245,8029,
214.183,8334,8242,8037,
214.194,8310,8245,8021,
214.201,8301,8239,8018,
214.215,8329,8245,8032,
214.222,8318,8247,8004,
214.235,8310,8250,8013,
214.243,8323,8242,8042,
214.253,8315,8237,8018,
214.263,8312,8270,8027,
214.271,8329,8239,8027,
214.282,8329,8239,8039,
214.294,8334,8222,8021,
214.303,8331,8206,8034,
214.313,8318,8159,8018,
214.323,8337,8263,8010,
214.334,8323,8212,8008,
214.343,8337,8214,8018,
214.352,8329,8237,8021,
214.363,8337,8245,8042,
214.371,8329,8242,8015,
214.383,8318,8255,8013,
214.393,8326,8270,7999,
214.402,8358,8257,8015,
214.412,8339,8247,7996,
214.423,8356,8252,8015,
214.434,8361,8268,7994,
214.442,8356,8245,8008,
214.451,8345,8255,7994,
214.462,8353,8255,7991,
214.473,8358,8219,7983,
214.482,8366,8230,7986,
214.491,8364,8227,7999,
214.505,8347,8150,7965,
214.511,8350,8188,7986,
214.522,8358,8232,7981,
214.534,8353,8270,7981,
214.542,8369,8257,7991,
214.552,8372,8232,7996,
214.562,8358,8247,7981,
214.573,8379,8239,8001,
214.584,8382,8245,7973,
214.593,8390,8245,7971,
214.604,8406,8237,7968,
214.613,8401,8270,7960,
214.623,8404,8219,7963,
214.632,8404,8247,7963,
214.641,8398,8230,7941,
214.65,8425,8214,7960,
214.663,8425,8247,7953,
214.672,8433,8237,7920,
214.681,8461,8247,7953,
214.692,8450,8237,7931,
214.703,8473,8188,7909,
214.714,8481,8132,7872,
214.72,8498,8206,7884,
214.731,8498,8232,7912,
214.74,8511,8230,7886,
214.753,8533,8222,7865,
214.763,8562,8230,7867,
214.772,8562,8219,7854,
214.78,8578,8212,7817,
214.792,8608,8219,7838,
214.801,8605,8209,7825,
214.812,8613,8214,7807,
214.82,8632,8224,7805,
214.831,8632,8224,7791,
214.843,8642,8222,7778,
214.852,8639,8212,7778,
214.861,8661,8214,7788,
214.872,8661,8214,7762,
214.88,8670,8219,7775,
214.893,8672,8209,7749,
214.901,8686,8196,7714,
214.912,8716,8161,7662,
214.922,8686,8161,7744,
214.932,8683,8214,7744,
214.941,8675,8206,7751,
214.953,8667,8199,7754,
214.964,8656,8209,7756,
214.971,8661,8199,7775,
214.982,8667,8206,7762,
214.992,8647,8209,7762,
215.003,8667,8209,7759,
215.012,8675,8206,7762,
215.023,8672,8209,7759,
215.031,8664,8199,7770,
215.043,8675,8212,7749,
215.054,8670,8201,7756,
215.064,8664,8209,7770,
215.07,8656,8209,7770,
215.083,8647,8201,7781,
215.092,8670,8209,7756,
215.101,8680,8196,7719,
215.113,8702,8137,7670,
215.123,8680,8209,7736,
215.131,8656,8206,7778,
215.142,8653,8214,7778,
215.151,8659,8206,7783,
215.162,8653,8199,7773,
215.17,8656,8214,7756,
215.181,8661,8209,7768,
215.191,8667,8206,7775,
215.202,8675,8217,7756,
215.211,8659,8206,7764,
215.223,8667,8214,7773,
215.233,8650,8209,7756,
215.241,8659,8212,7773,
215.252,8661,8212,7762,
215.263,8659,8209,7773,
215.272,8653,8209,7773,
215.281,8653,8201,7768,
215.293,8661,8206,7770,
215.3,8697,8186,7707,
215.311,8702,8129,7662,
215.32,8670,8161,7733,
215.332,8647,8204,7768,
215.344,8656,8204,7783,
215.352,8659,8209,7793,
215.361,8650,8201,7770,
215.372,8659,8212,7778,
215.382,8650,8217,7751,
215.391,8659,8209,7773,
215.404,8659,8209,7770,
215.41,8664,8214,7764,
215.42,8661,8204,7781,
215.432,8664,8214,7754,
215.441,8653,8204,7754,
215.45,8672,8217,7756,
215.462,8656,8201,7773,
215.473,8664,8209,7746,
215.481,8667,8201,7773,
215.488,8678,8209,7749,
215.5,8702,8196,7741,
215.51,8727,8191,7667,
215.522,8699,8186,7709,
215.53,8661,8206,7781,
215.542,8664,8196,7778,
215.553,8656,8204,7781,
215.562,8647,8206,7788,
215.572,8659,8191,7783,
215.58,8656,8201,7759,
215.593,8664,8204,7770,
215.602,8650,8214,7762,
215.612,8672,8206,7759,
215.62,8661,8204,7768,
215.63,8659,8209,7770,
215.642,8653,8201,7791,
215.652,8647,8199,7781,
215.659,8650,8209,7781,
215.673,8661,8217,7788,
215.679,8661,8196,7783,
215.691,8650,8209,7788,
215.7,8667,8206,7738,
215.708,8683,8140,7677,
215.721,8659,8155,7738,
215.731,8632,8212,7786,
215.743,8639,8199,7786,
215.751,8627,8199,7788,
215.761,8622,8214,7788,
215.77,8632,8212,7799,
215.781,8632,8209,7796,
215.79,8630,8206,7786,
215.801,8627,8212,7805,
215.81,8627,8201,7786,
215.822,8644,8212,7796,
215.829,8635,8212,7788,
215.841,8647,8214,7791,
215.851,8632,8206,7783,
215.86,8656,8206,7796,
215.872,8642,8212,7788,
215.88,8653,8209,7781,
215.891,8661,8201,7775,
215.902,8659,8206,7746,
215.912,8689,8137,7680,
215.92,8661,8150,7744,
215.932,8639,8212,7783,
215.942,8635,8212,7770,
215.951,8635,8212,7791,
215.962,8639,8206,7781,
215.971,8642,8214,7770,
215.982,8653,8212,7764,
215.991,8642,8217,7759,
216,8659,8219,7762,
216.009,8667,8199,7768,
216.019,8664,8204,7775,
216.031,8664,8222,7770,
216.04,8672,8214,7775,
216.05,8664,8206,7770,
216.062,8667,8204,7762,
216.071,8672,8206,7781,
216.08,8659,8201,7781,
216.09,8656,8209,7759,
216.101,8675,8204,7733,
216.109,8699,8168,7667,
216.12,8667,8204,7733,
216.131,8627,8186,7793,
216.139,8656,8193,7796,
216.151,8635,8201,7791,
216.16,8632,8204,7791,
216.171,8630,8201,7783,
216.182,8642,8212,7775,
216.189,8630,8212,7754,
216.199,8639,8204,7793,
216.21,8642,8209,7764,
216.219,8639,8206,7791,
216.228,8650,8212,7781,
216.24,8647,8209,7768,
216.253,8644,8212,7796,
216.258,8656,8199,7796,
216.271,8632,8212,7778,
216.28,8630,8209,7791,
216.291,8650,8214,7768,
216.299,8647,8199,7725,
216.311,8686,8159,7682,
216.32,8664,8196,7770,
216.33,8635,8212,7788,
216.339,8632,8212,7796,
216.351,8627,8204,7812,
216.36,8635,8199,7805,
216.372,8632,8212,7810,
216.381,8616,8204,7791,
216.389,8627,8209,7801,
216.399,8616,8212,7791,
216.41,8622,8212,7796,
216.42,8616,8217,7788,
216.432,8635,8222,7799,
216.439,8619,8206,7801,
216.449,8608,8209,7812,
216.46,8624,8224,7810,
216.47,8624,8222,7788,
216.478,8608,8214,7807,
216.49,8613,8209,7805,
216.5,8630,8212,7778,
216.51,8642,8140,7730,
216.519,8622,8165,7786,
216.531,8603,8212,7812,
216.539,8594,8212,7810,
216.548,8597,8219,7805,
216.557,8592,8209,7820,
216.571,8600,8214,7828,
216.579,8589,8217,7807,
216.589,8594,8212,7823,
216.598,8600,8219,7820,
216.609,8597,8214,7820,
216.619,8603,8209,7820,
216.631,8613,8209,7825,
216.64,8605,8224,7807,
216.65,8622,8217,7812,
216.658,8624,8209,7810,
216.67,8624,8219,7815,
216.68,8624,8206,7796,
216.69,8622,8209,7786,
216.699,8650,8201,7786,
216.709,8672,8127,7701,
216.72,8650,8178,7781,
216.73,8630,8201,7783,
216.738,8627,8212,7805,
216.75,8632,8201,7783,
216.761,8622,8217,7788,
216.772,8613,8219,7799,
216.778,8619,8214,7786,
216.787,8616,8214,7788,
216.8,8624,8209,7810,
216.809,8616,8217,7799,
216.82,8619,8217,7793,
216.831,8613,8204,7805,
216.84,8613,8217,7810,
216.849,8603,8209,7805,
216.859,8597,8214,7820,
216.867,8586,8222,7799,
216.879,8573,8217,7833,
216.889,8589,8224,7825,
216.897,8570,8214,7807,
216.908,8573,8132,7791,
216.919,8541,8165,7848,
216.931,8506,8204,7886,
216.937,8514,8224,7907,
216.949,8458,8222,7909,
216.96,8458,8212,7931,
216.97,8452,8219,7936,
216.98,8433,8245,7941,
216.988,8423,8237,7944,
216.999,8412,8209,7960,
217.007,8398,8245,7963,
217.019,8387,8230,7989,
217.03,8393,8230,7989,
217.038,8379,8245,7996,
217.049,8379,8242,8004,
217.058,8361,8239,7994,
217.07,8350,8245,7999,
217.08,8347,8260,8013,
217.09,8350,8245,8004,
217.098,8342,8209,8013,
217.11,8326,8129,8010,
217.118,8337,8283,8004,
217.128,8339,8214,8032,
217.137,8315,8232,8018,
217.15,8296,8257,8021,
217.158,8307,8255,8034,
217.168,8304,8255,8037,
217.178,8299,8237,8029,
217.189,8312,8227,8024,
217.198,8312,8263,8045,
217.207,8299,8247,8052,
217.219,8315,8247,8042,
217.231,8304,8219,8047,
217.238,8307,8242,8052,
217.25,8285,8255,8050,
217.259,8285,8252,8042,
217.268,8301,8276,8039,
217.277,8279,8265,8045,
217.289,8296,8260,8055,
217.298,8283,8237,8062,
217.31,8252,8165,8060,
217.321,8263,8188,8075,
217.328,8260,8281,8078,
217.339,8252,8270,8065,
217.348,8283,8276,8083,
217.359,8227,8247,8089,
217.367,8265,8232,8087,
217.38,8254,8247,8055,
217.388,8268,8237,8073,
217.4,8273,8265,8068,
217.408,8252,8268,8065,
217.419,8254,8260,8070,
217.435,8252,8247,8055,
217.439,8246,8255,8062,
217.448,8263,8278,8065,
217.46,8238,8239,8073,
217.47,8238,8263,8065,
217.479,8257,8260,8080,
217.491,8257,8224,8078,
217.499,8246,8204,8075,
217.508,8225,8199,8098,
217.519,8244,8165,8070,
217.529,8249,8265,8083,
217.538,8257,8265,8068,
217.546,8241,8245,8103,
217.559,8219,8268,8073,
217.57,8235,8232,8095,
217.58,8263,8265,8100,
217.588,8217,8252,8103,
217.597,8244,8239,8075,
217.608,8244,8232,8070,
217.62,8265,8278,8080,
217.629,8252,8268,8078,
217.637,8246,8239,8068,
217.649,8263,8260,8062,
217.657,8246,8281,8075,
217.67,8238,8291,8047,
217.677,8246,8239,8057,
217.687,8260,8252,8062,
217.698,8246,8183,8068,
217.707,8238,8150,8080,
217.717,8252,8237,8070,
217.728,8260,8250,8060,
217.739,8276,8242,8070,
217.749,8276,8260,8068,
217.758,8241,8245,8039,
217.769,8279,8268,8060,
217.781,8263,8255,8052,
217.788,8283,8273,8050,
217.797,8285,8260,8047,
217.808,8283,8245,8050,
217.818,8283,8281,8047,
217.827,8283,8260,8027,
217.836,8315,8281,8050,
217.847,8293,8252,8052,
217.858,8293,8318,8057,
217.867,8285,8242,8045,
217.879,8320,8257,8047,
217.886,8310,8250,8045,
217.9,8301,8170,8024,
217.909,8288,8178,8052,
217.918,8315,8145,8042,
217.928,8318,8283,8045,
217.938,8312,8265,8047,
217.949,8307,8260,8032,
217.959,8310,8257,8032,
217.967,8323,8255,8024,
217.979,8358,8260,8029,
217.988,8350,8265,7986,
217.997,8366,8201,8008,
218.008,8350,8281,7978,
218.016,8382,8250,7978,
218.029,8372,8232,7983,
218.039,8387,8222,7978,
218.045,8396,8276,7963,
218.058,8393,8250,7941,
218.067,8436,8232,7946,
218.078,8431,8255,7927,
218.086,8450,8237,7939,
218.096,8455,8181,7875,
218.108,8476,8132,7870,
218.119,8500,8159,7879,
218.128,8484,8227,7875,
218.138,8522,8222,7875,
218.148,8533,8224,7867,
218.159,8553,8219,7867,
218.169,8567,8224,7835,
218.175,8592,8230,7820,
218.186,8622,8224,7817,
218.195,8630,8222,7799,
218.209,8642,8222,7775,
218.217,8667,8204,7762,
218.228,8659,8219,7749,
218.238,8680,8206,7770,
218.247,8664,8219,7744,
218.258,8680,8217,7749,
218.268,8691,8204,7746,
218.276,8686,8214,7736,
218.289,8691,8209,7730,
218.3,8721,8201,7664,
218.306,8738,8124,7640,
218.316,8694,8196,7719,
218.326,8678,8209,7764,
218.335,8672,8209,7759,
218.346,8667,8204,7770,
218.356,8672,8201,7764,
218.367,8672,8201,7768,
218.378,8664,8214,7741,
218.387,8678,8204,7751,
218.395,8675,8209,7770,
218.408,8661,8193,7751,
218.419,8667,8206,7756,
218.426,8670,8206,7768,
218.436,8670,8204,7764,
218.445,8667,8214,7762,
218.456,8672,8212,7768,
218.469,8667,8209,7764,
218.476,8683,8214,7749,
218.488,8683,8209,7741,
218.497,8697,8183,7696,
218.505,8713,8135,7672,
218.517,8678,8161,7725,
218.53,8675,8204,7773,
218.538,8661,8204,7768,
218.549,8656,8199,7764,
218.556,8667,8206,7775,
218.568,8667,8204,7773,
218.579,8670,8204,7770,
218.589,8675,8201,7759,
218.597,8675,8201,7759,
218.607,8664,8196,7770,
218.618,8678,8196,7762,
218.625,8667,8204,7756,
218.638,8672,8204,7770,
218.645,8667,8212,7778,
218.658,8661,8204,7770,
218.667,8664,8201,7775,
218.677,8678,8209,7746,
218.686,8675,8193,7764,
218.696,8675,8196,7744,
218.706,8718,8170,7662,
218.718,8691,8170,7709,
218.724,8650,8196,7783,
218.738,8656,8206,7770,
218.746,8661,8206,7781,
218.757,8642,8204,7781,
218.768,8656,8199,7770,
218.777,8659,8206,7764,
218.786,8661,8204,7786,
218.797,8664,8206,7764,
218.81,8670,8204,7783,
218.817,8664,8206,7778,
218.828,8664,8209,7775,
218.838,8656,8212,7775,
218.847,8667,8201,7770,
218.855,8659,8204,7770,
218.866,8667,8217,7783,
218.878,8659,8206,7770,
218.888,8656,8209,7762,
218.897,8678,8183,7704,
218.905,8689,8132,7675,
218.917,8664,8148,7741,
218.926,8632,8206,7786,
218.936,8627,8206,7775,
218.945,8635,8201,7783,
218.954,8642,8196,7796,
218.967,8642,8204,7786,
218.978,8647,8204,7783,
218.984,8650,8212,7770,
218.997,8650,8214,7773,
219.007,8650,8204,7791,
219.015,8661,8214,7781,
219.028,8650,8199,7788,
219.037,8653,8217,7775,
219.046,8656,8209,7773,
219.057,8650,8224,7764,
219.068,8647,8209,7781,
219.075,8661,8204,7781,
219.087,8647,8206,7770,
219.099,8680,8193,7701,
219.106,8686,8127,7689,
219.117,8661,8159,7722,
219.128,8630,8186,7796,
219.134,8639,8212,7791,
219.146,8627,8209,7791,
219.157,8632,8209,7793,
219.166,8630,8201,7791,
219.176,8627,8201,7778,
219.187,8627,8212,7793,
219.195,8630,8217,7805,
219.204,8642,8217,7796,
219.217,8632,8217,7801,
219.228,8642,8201,7796,
219.237,8632,8204,7805,
219.248,8642,8214,7781,
219.256,8632,8204,7786,
219.265,8627,8206,7783,
219.276,8635,8222,7770,
219.286,8642,8214,7778,
219.295,8670,8204,7741,
219.304,8672,8122,7696,
219.317,8642,8173,7775,
219.327,8635,8206,7786,
219.336,8627,8206,7796,
219.345,8630,8209,7796,
219.355,8619,8214,7801,
219.365,8624,8204,7788,
219.377,8624,8214,7799,
219.385,8644,8214,7796,
219.396,8630,8214,7801,
219.407,8627,8206,7788,
219.413,8627,8199,7805,
219.425,8627,8209,7786,
219.436,8630,8222,7791,
219.446,8613,8209,7788,
219.454,8632,8209,7801,
219.465,8624,8204,7807,
219.477,8624,8214,7799,
219.487,8627,8209,7805,
219.493,8642,8204,7764,
219.507,8664,8142,7719,
219.514,8642,8142,7768,
219.527,8608,8196,7820,
219.536,8619,8214,7817,
219.547,8613,8209,7817,
219.556,8611,8201,7828,
219.567,8605,8212,7801,
219.578,8613,8217,7807,
219.588,8600,8224,7796,
219.595,8613,8206,7812,
219.607,8608,8230,7805,
219.617,8622,8209,7810,
219.624,8600,8219,7828,
219.636,8616,8219,7807,
219.645,8616,8217,7825,
219.658,8605,8217,7823,
219.664,8597,8214,7805,
219.676,8627,8212,7817,
219.685,8605,8217,7805,
219.698,8619,8201,7768,
219.704,8639,8150,7738,
219.715,8613,8178,7786,
219.726,8586,8222,7825,
219.737,8597,8212,7817,
219.746,8592,8212,7828,
219.756,8586,8230,7825,
219.764,8586,8212,7823,
219.775,8597,8204,7830,
219.785,8603,8230,7815,
219.794,8605,8217,7825,
219.805,8594,8217,7805,
219.816,8605,8222,7835,
219.825,8597,8237,7801,
219.833,8608,8224,7817,
219.847,8597,8212,7810,
219.857,8608,8232,7820,
219.863,8589,8212,7812,
219.874,8603,8214,7807,
219.887,8611,8199,7817,
219.896,8613,8204,7764,
219.907,8613,8111,7759,
219.915,8592,8173,7793,
219.924,8581,8212,7833,
219.937,8578,8209,7815,
219.945,8576,8212,7833,
219.956,8584,8219,7825,
219.963,8581,8209,7838,
219.976,8581,8206,7823,
219.984,8589,8219,7815,
219.996,8589,8217,7823,
220.003,8589,8217,7823,
220.015,8597,8209,7830,
220.023,8603,8219,7828,
220.037,8600,8217,7815,
220.046,8611,8212,7838,
220.053,8619,8222,7796,
220.065,8594,8209,7810,
220.075,8605,8209,7825,
220.086,8597,8230,7805,
220.095,8608,8193,7807,
220.104,8616,8155,7756,
220.115,8592,8204,7815,
220.123,8584,8217,7852,
220.135,8576,8212,7848,
220.144,8556,8222,7838,
220.155,8567,8206,7862,
220.165,8562,8227,7848,
220.176,8549,8224,7854,
220.186,8546,8232,7860,
220.195,8533,8232,7860,
220.203,8527,8227,7872,
220.215,8511,8239,7872,
220.224,8503,8239,7891,
220.233,8481,8222,7897,
220.246,8479,8230,7904,
220.255,8461,8224,7902,
220.265,8458,8230,7915,
220.272,8463,8230,7944,
220.285,8447,8250,7963,
220.293,8420,8191,7936,
220.305,8428,8148,7936,
220.315,8414,8191,7963,
220.326,8417,8237,7986,
220.336,8369,8252,7986,
220.345,8366,8219,7971,
220.354,8356,8237,7994,
220.366,8361,8250,7994,
220.375,8345,8250,7999,
220.386,8337,8232,8010,
220.392,8326,8250,8021,
220.404,8329,8219,8027,
220.413,8310,8255,8032,
220.426,8318,8242,8029,
220.435,8283,8263,8029,
220.446,8315,8227,8055,
220.455,8283,8245,8032,
220.467,8285,8250,8045,
220.473,8283,8278,8050,
220.484,8285,8239,8073,
220.495,8265,8196,8060,
220.504,8227,8104,8095,
220.515,8246,8250,8073,
220.525,8268,8263,8070,
220.534,8260,8250,8075,
220.544,8241,8260,8080,
220.556,8235,8242,8068,
220.562,8271,8230,8060,
220.575,8273,8250,8095,
220.586,8263,8250,8080,
220.596,8238,8239,8060,
220.605,8271,8232,8075,
220.615,8246,8268,8057,
220.623,8263,8294,8073,
220.636,8249,8296,8065,
220.644,8244,8291,8062,
220.655,8233,8239,8073,
220.664,8254,8278,8057,
220.675,8249,8245,8080,
220.684,8235,8273,8065,
220.695,8263,8206,8078,
220.705,8195,8159,8103,
220.714,8222,8232,8106,
220.726,8233,8276,8098,
220.733,8244,8239,8103,
220.744,8241,8268,8065,
220.755,8222,8242,8083,
220.765,8246,8263,8080,
220.774,8254,8255,8095,
220.783,8227,8245,8080,
220.796,8260,8219,8093,
220.806,8244,8265,8073,
220.814,8252,8265,8073,
220.826,8260,8232,8089,
220.834,8260,8278,8075,
220.844,8249,8239,8070,
220.854,8268,8250,8073,
220.865,8273,8222,8052,
220.875,8257,8260,8068,
220.885,8271,8263,8068,
220.893,8246,8191,8065,
220.903,8225,8286,8083,
220.914,8257,8173,8093,
220.925,8235,8268,8062,
220.937,8249,8222,8052,
220.946,8271,8250,8065,
220.955,8285,8224,8087,
220.964,8279,8263,8068,
220.974,8283,8257,8047,
220.985,8276,8252,8047,
220.996,8307,8217,8052,
221.006,8315,8250,8029,
221.015,8331,8242,8032,
221.034,8329,8281,8032,
221.035,8312,8247,8021,
221.043,8318,8265,8024,
221.053,8334,8265,8029,
221.065,8329,8252,8021,
221.074,8342,8222,8024,
221.084,8339,8239,7994,
221.092,8334,8181,7986,
221.104,8337,8155,7996,
221.112,8347,8178,7986,
221.126,8369,8242,8010,
221.133,8361,8232,7981,
221.143,8369,8245,7973,
221.154,8382,8250,7971,
221.164,8412,8232,7973,
221.175,8423,8237,7968,
221.187,8442,8214,7934,
221.193,8473,8242,7922,
221.203,8487,8230,7917,
221.212,8525,8239,7920,
221.223,8525,8232,7867,
221.234,8546,8230,7852,
221.244,8581,8250,7843,
221.255,8616,8222,7812,
221.265,8613,8224,7805,
221.272,8630,8227,7805,
221.282,8659,8222,7796,
221.293,8667,8204,7749,
221.304,8707,8124,7664,
221.313,8691,8170,7719,
221.322,8667,8212,7773,
221.334,8678,8217,7749,
221.344,8678,8204,7756,
221.354,8678,8217,7759,
221.363,8675,8201,7759,
221.373,8675,8217,7738,
221.382,8691,8219,7754,
221.394,8675,8201,7751,
221.404,8680,8201,7749,
221.413,8683,8199,7744,
221.422,8670,8204,7756,
221.432,8678,8206,7751,
221.443,8678,8201,7756,
221.454,8680,8201,7759,
221.464,8664,8209,7749,
221.474,8675,8214,7751,
221.485,8680,8204,7754,
221.496,8697,8199,7730,
221.505,8718,8140,7656,
221.513,8686,8183,7741,
221.524,8670,8204,7768,
221.536,8672,8206,7762,
221.542,8659,8201,7768,
221.553,8656,8209,7773,
221.562,8667,8201,7773,
221.573,8667,8193,7788,
221.582,8650,8206,7754,
221.593,8664,8206,7775,
221.602,8675,8201,7775,
221.613,8670,8209,7773,
221.624,8667,8206,7754,
221.632,8659,8209,7764,
221.641,8664,8209,7768,
221.652,8675,8193,7768,
221.663,8667,8209,7759,
221.673,8664,8196,7764,
221.682,8667,8209,7762,
221.694,8694,8193,7709,
221.702,8699,8145,7667,
221.713,8667,8188,7725,
221.723,8635,8178,7786,
221.733,8659,8209,7778,
221.746,8653,8201,7768,
221.753,8630,8201,7783,
221.763,8642,8201,7778,
221.773,8653,8212,7783,
221.785,8639,8206,7775,
221.794,8644,8191,7778,
221.804,8653,8206,7783,
221.814,8667,8201,7775,
221.824,8653,8217,7781,
221.834,8661,8212,7786,
221.842,8661,8214,7788,
221.854,8653,8206,7773,
221.863,8650,8206,7781,
221.872,8656,8219,7786,
221.881,8644,8204,7783,
221.893,8664,8206,7744,
221.902,8694,8155,7691,
221.914,8664,8155,7738,
221.922,8639,8206,7788,
221.934,8635,8204,7796,
221.942,8642,8209,7778,
221.951,8630,8206,7788,
221.965,8650,8206,7778,
221.971,8644,8214,7783,
221.983,8647,8204,7783,
221.993,8642,8214,7783,
222.003,8656,8214,7775,
222.013,8647,8209,7781,
222.024,8661,8209,7778,
222.034,8664,8214,7768,
222.044,8650,8224,7764,
222.054,8659,8201,7786,
222.06,8659,8212,7773,
222.073,8653,8209,7786,
222.081,8653,8209,7768,
222.093,8675,8201,7746,
222.099,8699,8119,7691,
222.115,8664,8175,7733,
222.123,8644,8209,7793,
222.135,8647,8212,7781,
222.143,8644,8209,7786,
222.152,8632,8199,7786,
222.162,8630,8212,7770,
222.173,8647,8209,7786,
222.181,8650,8217,7791,
222.194,8642,8212,7786,
222.203,8644,8206,7781,
222.215,8632,8209,7781,
222.223,8653,8217,7781,
222.231,8650,8214,7778,
222.243,8656,8206,7775,
222.253,8632,8206,7764,
222.263,8656,8217,7775,
222.273,8650,8217,7775,
222.282,8659,8219,7783,
222.292,8672,8204,7736,
222.303,8697,8127,7680,
222.309,8672,8191,7749,
222.32,8650,8209,7786,
222.331,8656,8209,7788,
222.342,8635,8209,7796,
222.352,8642,8212,7796,
222.364,8644,8209,7788,
222.372,8647,8212,7783,
222.382,8642,8217,7775,
222.392,8661,8199,7788,
222.401,8653,8212,7775,
222.412,8642,8196,7783,
222.421,8653,8201,7770,
222.434,8650,8209,7778,
222.443,8661,8204,7778,
222.454,8667,8204,7770,
222.46,8656,8204,7791,
222.471,8664,8199,7788,
222.482,8670,8212,7786,
222.492,8667,8191,7730,
222.502,8699,8159,7667,
222.512,8670,8168,7725,
222.521,8653,8206,7788,
222.531,8632,8206,7762,
222.542,8653,8201,7773,
222.552,8639,8204,7778,
222.563,8644,8206,7786,
222.573,8635,8201,7778,
222.58,8647,8209,7783,
222.592,8653,8214,7793,
222.601,8644,8199,7775,
222.612,8650,8219,7783,
222.623,8650,8209,7773,
222.632,8650,8199,7781,
222.642,8659,8212,7793,
222.651,8642,8209,7793,
222.664,8635,8214,7791,
222.67,8635,8217,7791,
222.684,8632,8217,7770,
222.69,8653,8199,7736,
222.702,8672,8150,7691,
222.712,8647,8178,7762,
222.721,8635,8214,7799,
222.731,8639,8224,7796,
222.741,8635,8206,7799,
222.75,8622,8212,7796,
222.762,8613,8209,7788,
222.774,8635,8212,7786,
222.78,8632,8209,7786,
222.792,8627,8212,7791,
222.803,8632,8214,7778,
222.813,8632,8209,7796,
222.82,8639,8209,7810,
222.834,8619,8217,7788,
222.843,8622,8209,7801,
222.853,8632,8217,7807,
222.86,8627,8212,7796,
222.87,8630,8206,7793,
222.882,8635,8224,7770,
222.892,8647,8196,7722,
222.902,8656,8168,7719,
222.909,8627,8132,7773,
222.921,8619,8212,7801,
222.931,8611,8212,7812,
222.943,8611,8209,7815,
222.951,8619,8214,7810,
222.963,8619,8209,7796,
222.974,8616,8209,7801,
222.982,8639,8209,7801,
222.989,8616,8209,7796,
223.001,8624,8212,7812,
223.01,8624,8209,7805,
223.023,8630,8214,7799,
223.03,8622,8212,7796,
223.04,8624,8217,7805,
223.049,8630,8222,7810,
223.062,8613,8209,7801,
223.069,8619,8224,7823,
223.081,8600,8224,7815,
223.09,8622,8212,7770,
223.103,8639,8132,7736,
223.11,8613,8181,7788,
223.121,8584,8199,7830,
223.131,8576,8209,7830,
223.143,8576,8212,7833,
223.151,8570,8217,7843,
223.159,8576,8217,7852,
223.171,8581,8222,7843,
223.18,8570,8227,7835,
223.189,8570,8209,7846,
223.201,8565,8209,7835,
223.21,8558,8227,7867,
223.219,8538,8222,7841,
223.231,8533,8242,7862,
223.24,8541,8227,7872,
223.253,8527,8212,7870,
223.262,8509,8239,7881,
223.274,8509,8224,7925,
223.281,8511,8230,7902,
223.29,8503,8193,7881,
223.302,8473,8186,7875,
223.312,8463,8148,7912,
223.321,8455,8222,7953,
223.333,8431,8227,7927,
223.341,8420,8217,7953,
223.35,8406,8209,7958,
223.36,8398,8219,7981,
223.372,8404,8222,7978,
223.382,8379,8242,7971,
223.389,8385,8242,7981,
223.399,8364,8242,7986,
223.411,8366,8245,7991,
223.422,8334,8270,7986,
223.43,8339,8252,8008,
223.44,8342,8237,7999,
223.453,8337,8245,8001,
223.46,8329,8237,8001,
223.472,8315,8268,8024,
223.482,8315,8257,8029,
223.491,8299,8186,8034,
223.502,8265,8150,8050,
223.512,8291,8217,8057,
223.521,8288,8252,8050,
223.533,8271,8242,8055,
223.542,8283,8263,8078,
223.549,8276,8222,8057,
223.561,8252,8257,8057,
223.57,8257,8250,8062,
223.579,8273,8270,8062,
223.592,8283,8304,8070,
223.601,8276,8230,8057,
223.611,8265,8250,8057,
223.621,8257,8283,8078,
223.629,8241,8283,8062,
223.64,8235,8260,8057,
223.651,8252,8255,8068,
223.661,8244,8206,8080,
223.671,8252,8232,8070,
223.679,8252,8263,8068,
223.688,8230,8222,8080,
223.701,8182,8161,8100,
223.711,8225,8230,8103,
223.72,8227,8286,8098,
223.73,8238,8257,8093,
223.741,8230,8250,8087,
223.749,8203,8278,8095,
223.76,8235,8281,8080,
223.769,8238,8252,8087,
223.78,8244,8276,8100,
223.792,8246,8270,8073,
223.8,8238,8247,8089,
223.809,8246,8257,8075,
223.82,8263,8222,8078,
223.83,8263,8273,8062,
223.838,8252,8260,8093,
223.852,8241,8255,8060,
223.862,8265,8250,8073,
223.871,8244,8288,8057,
223.881,8246,8255,8050,
223.889,8254,8217,8070,
223.9,8235,8159,8083,
223.91,8257,8181,8075,
223.924,8265,8281,8075,
223.932,8263,8230,8073,
223.938,8271,8257,8078,
223.953,8235,8268,8089,
223.959,8276,8255,8073,
223.968,8265,8260,8083,
223.981,8260,8283,8052,
223.988,8257,8273,8060,
224,8273,8237,8062,
224.011,8260,8224,8060,
224.019,8268,8237,8050,
224.031,8273,8227,8065,
224.041,8271,8268,8052,
224.05,8260,8273,8050,
224.06,8271,8255,8070,
224.069,8263,8242,8055,
224.08,8263,8232,8045,
224.088,8276,8250,8050,
224.101,8252,8209,8062,
224.109,8283,8247,8057,
224.119,8283,8294,8047,
224.128,8283,8247,8068,
224.141,8285,8242,8052,
224.147,8283,8242,8052,
224.158,8293,8286,8037,
224.169,8299,8270,8034,
224.18,8301,8245,8032,
224.188,8299,8252,8047,
224.198,8315,8255,8015,
224.211,8312,8252,8024,
224.22,8312,8232,8018,
224.23,8342,8242,8032,
224.239,8334,8265,8015,
224.251,8342,8230,8018,
224.262,8331,8232,8010,
224.268,8339,8296,8013,
224.279,8353,8217,8015,
224.29,8342,8140,7994,
224.299,8315,8111,8015,
224.309,8334,8186,8001,
224.32,8342,8242,8042,
224.331,8361,8227,8013,
224.34,8356,8217,8032,
224.352,8334,8219,8018,
224.358,8356,8232,8004,
224.371,8379,8247,7983,
224.379,8369,8276,8015,
224.389,8409,8230,7996,
224.4,8361,8247,7971,
224.41,8361,8260,7976,
224.421,8369,8230,7994,
224.429,8385,8245,7981,
224.439,8372,8237,7978,
224.449,8361,8230,7976,
224.46,8382,8237,7968,
224.472,8390,8224,7973,
224.478,8409,8230,7986,
224.489,8401,8206,7963,
224.497,8393,8034,7941,
224.508,8428,8199,7950,
224.521,8420,8247,7925,
224.527,8436,8237,7934,
224.538,8452,8232,7934,
224.55,8468,8255,7917,
224.559,8473,8224,7899,
224.567,8500,8230,7886,
224.58,8530,8230,7884,
224.589,8530,8230,7852,
224.598,8567,8242,7852,
224.609,8565,8237,7846,
224.618,8589,8242,7807,
224.632,8619,8232,7815,
224.638,8622,8217,7796,
224.651,8650,8224,7791,
224.66,8632,8199,7791,
224.669,8661,8214,7754,
224.68,8664,8214,7749,
224.688,8694,8186,7725,
224.698,8716,8161,7656,
224.708,8694,8140,7709,
224.72,8686,8209,7749,
224.728,8686,8201,7749,
224.736,8680,8199,7741,
224.748,8686,8204,7738,
224.758,8689,8193,7751,
224.771,8705,8196,7730,
224.779,8702,8206,7712,
224.789,8702,8201,7741,
224.798,8710,8201,7738,
224.81,8702,8199,7744,
224.818,8691,8201,7730,
224.828,8702,8193,7751,
224.839,8691,8206,7733,
224.847,8694,8214,7759,
224.861,8680,8204,7746,
224.867,8680,8206,7749,
224.878,8694,8201,7736,
224.888,8710,8196,7717,
224.898,8725,8137,7651,
224.91,8694,8201,7714,
224.921,8672,8209,7756,
224.927,8670,8204,7749,
224.94,8670,8201,7768,
224.947,8664,8201,7759,
224.959,8659,8209,7756,
224.968,8672,8212,7764,
224.979,8667,8199,7751,
224.988,8678,8199,7756,
224.998,8675,8199,7759,
225.009,8675,8201,7751,
225.019,8670,8204,7749,
225.03,8675,8206,7746,
225.039,8678,8206,7759,
225.048,8680,8209,7754,
225.06,8678,8206,7746,
225.068,8683,8201,7756,
225.077,8675,8201,7773,
225.089,8694,8193,7733,
225.099,8736,8181,7633,
225.108,8705,8165,7714,
225.119,8678,8196,7768,
225.128,8678,8204,7746,
225.139,8664,8201,7781,
225.15,8678,8201,7756,
225.16,8670,8199,7775,
225.169,8683,8201,7773,
225.18,8670,8204,7749,
225.188,8683,8201,7759,
225.2,8672,8204,7764,
225.206,8675,8199,7759,
225.218,8675,8209,7751,
225.23,8678,8204,7754,
225.238,8683,8204,7759,
225.247,8675,8206,7764,
225.26,8680,8206,7764,
225.269,8678,8196,7756,
225.279,8680,8212,7733,
225.29,8694,8191,7709,
225.299,8733,8148,7640,
225.307,8689,8161,7719,
225.319,8678,8204,7754,
225.329,8670,8214,7764,
225.337,8675,8199,7778,
225.347,8670,8201,7773,
225.357,8664,8201,7773,
225.368,8664,8204,7773,
225.376,8664,8201,7762,
225.388,8661,8204,7768,
225.397,8661,8201,7775,
225.408,8661,8201,7756,
225.418,8675,8204,7770,
225.429,8667,8201,7773,
225.439,8661,8209,7744,
225.447,8680,8204,7770,
225.458,8650,8212,7770,
225.467,8672,8201,7775,
225.479,8683,8209,7756,
225.488,8699,8188,7691,
225.499,8705,8122,7672,
225.508,8678,8186,7727,
225.517,8670,8206,7770,
225.526,8664,8209,7764,
225.537,8647,8196,7778,
225.548,8656,8193,7775,
225.558,8661,8212,7751,
225.569,8661,8212,7759,
225.579,8664,8199,7781,
225.589,8664,8206,7759,
225.597,8680,8204,7759,
225.608,8672,8214,7744,
225.618,8667,8209,7764,
225.627,8670,8204,7759,
225.639,8683,8204,7770,
225.647,8667,8201,7759,
225.659,8672,8214,7749,
225.668,8672,8214,7746,
225.679,8694,8204,7754,
225.688,8707,8204,7722,
225.699,8730,8153,7664,
225.708,8694,8159,7707,
225.717,8670,8193,7773,
225.727,8664,8193,7775,
225.738,8667,8199,7764,
225.748,8661,8204,7773,
225.757,8656,8199,7773,
225.765,8664,8201,7778,
225.777,8672,8206,7759,
225.788,8672,8204,7775,
225.797,8664,8199,7756,
225.805,8672,8201,7754,
225.816,8680,8193,7759,
225.828,8672,8199,7775,
225.838,8680,8193,7759,
225.846,8664,8209,7756,
225.856,8675,8209,7751,
225.868,8678,8199,7770,
225.878,8683,8209,7749,
225.887,8721,8196,7717,
225.899,8718,8122,7648,
225.908,8680,8186,7727,
225.92,8656,8201,7778,
225.929,8647,8212,7768,
225.939,8642,8204,7783,
225.945,8644,8201,7770,
225.957,8650,8193,7778,
225.967,8661,8201,7786,
225.977,8650,8204,7768,
225.986,8667,8204,7788,
225.997,8650,8201,7770,
226.006,8659,8212,7788,
226.018,8656,8204,7783,
226.028,8642,8209,7783,
226.037,8647,8204,7770,
226.048,8650,8206,7783,
226.056,8659,8209,7773,
226.066,8650,8209,7788,
226.077,8664,8206,7793,
226.085,8672,8196,7727,
226.097,8667,8119,7701,
226.106,8647,8178,7741,
226.117,8624,8199,7801,
226.127,8627,8209,7791,
226.139,8616,8201,7791,
226.149,8622,8206,7817,
226.159,8627,8209,7783,
226.167,8635,8199,7786,
226.179,8630,8206,7788,
226.188,8639,8204,7781,
226.198,8647,8214,7786,
226.208,8653,8209,7799,
226.216,8639,8206,7788,
226.226,8644,8206,7805,
226.237,8639,8201,7791,
226.246,8630,8201,7793,
226.255,8635,8222,7805,
226.267,8635,8217,7778,
226.277,8635,8222,7793,
226.285,8639,8193,7756,
226.297,8667,8155,7699,
226.308,8656,8196,7751,
226.316,8622,8206,7793,
226.325,8622,8217,7791,
226.337,8622,8209,7815,
226.346,8619,8212,7805,
226.355,8622,8217,7791,
226.367,8630,8206,7810,
226.377,8630,8222,7805,
226.386,8627,8209,7801,
226.397,8635,8214,7801,
226.406,8616,8204,7807,
226.416,8622,8209,7812,
226.426,8622,8219,7781,
226.437,8622,8209,7796,
226.447,8627,8222,7799,
226.455,8613,8217,7796,
226.468,8622,8209,7807,
226.476,8627,8219,7786,
226.487,8630,8212,7778,
226.496,8653,8137,7717,
226.506,8632,8204,7783,
226.517,8624,8212,7810,
226.526,8600,8206,7801,
226.538,8600,8219,7820,
226.547,8608,8209,7807,
226.558,8600,8193,7817,
226.568,8619,8209,7823,
226.576,8613,8212,7807,
226.587,8608,8224,7805,
226.598,8616,8212,7823,
226.606,8608,8217,7805,
226.615,8597,8214,7799,
226.626,8616,8222,7812,
226.637,8613,8224,7812,
226.646,8594,8217,7801,
226.657,8611,8209,7823,
226.666,8594,8217,7820,
226.675,8603,8212,7841,
226.689,8600,8201,7788,
226.695,8624,8135,7746,
226.705,8608,8188,7812,
226.717,8586,8232,7825,
226.725,8570,8209,7835,
226.737,8565,8214,7835,
226.746,8578,8219,7857,
226.756,8578,8237,7854,
226.766,8546,8222,7846,
226.777,8530,8227,7860,
226.785,8536,8219,7889,
226.797,8514,8224,7884,
226.807,8498,8212,7891,
226.817,8492,8224,7912,
226.825,8468,8247,7917,
226.835,8442,8230,7925,
226.846,8436,8247,7936,
226.858,8414,8237,7934,
226.865,8409,8247,7958,
226.874,8390,8237,7936,
226.885,8401,8212,7953,
226.897,8369,8186,7968,
226.905,8379,8230,7983,
226.915,8358,8252,7994,
226.924,8353,8245,8008,
226.936,8350,8224,8001,
226.946,8320,8237,8018,
226.956,8342,8239,8029,
226.965,8334,8230,8027,
226.975,8331,8250,8037,
226.989,8323,8247,8024,
226.997,8326,8222,8021,
227.004,8312,8245,8034,
227.017,8304,8224,8029,
227.026,8318,8227,8037,
227.036,8288,8252,8034,
227.045,8315,8227,8037,
227.056,8291,8252,8045,
227.066,8299,8239,8050,
227.075,8293,8239,8052,
227.084,8273,8224,8065,
227.097,8260,8181,8065,
227.106,8268,8193,8065,
227.117,8273,8250,8062,
227.125,8263,8257,8068,
227.136,8244,8237,8070,
227.145,8260,8260,8083,
227.159,8257,8283,8070,
227.165,8257,8252,8075,
227.176,8271,8242,8083,
227.186,8265,8281,8075,
227.196,8252,8260,8060,
227.205,8283,8260,8083,
227.216,8246,8276,8070,
227.227,8249,8250,8070,
227.237,8254,8222,8060,
227.244,8279,8270,8062,
227.255,8244,8265,8075,
227.265,8263,8273,8070,
227.275,8252,8214,8089,
227.285,8246,8153,8068,
227.295,8217,8170,8106,
227.304,8246,8247,8087,
227.315,8227,8242,8065,
227.326,8252,8199,8083,
227.337,8214,8252,8073,
227.344,8257,8265,8073,
227.354,8241,8255,8087,
227.365,8238,8268,8080,
227.376,8254,8232,8062,
227.385,8238,8273,8057,
227.395,8233,8265,8052,
227.405,8246,8247,8078,
227.417,8246,8239,8057,
227.427,8257,8278,8062,
227.433,8260,8263,8057,
227.447,8263,8255,8068,
227.454,8271,8250,8068,
227.466,8260,8268,8070,
227.476,8276,8283,8068,
227.485,8263,8222,8055,
227.496,8233,8209,8070,
227.502,8283,8145,8075,
227.517,8271,8239,8068,
227.526,8271,8268,8062,
227.537,8252,8270,8062,
227.548,8285,8273,8070,
227.554,8283,8265,8055,
227.568,8293,8268,8055,
227.577,8312,8276,8052,
227.586,8296,8245,8065,
227.594,8279,8270,8037,
227.607,8288,8224,8045,
227.616,8293,8265,8047,
227.626,8291,8268,8034,
227.636,8285,8232,8034,
227.643,8296,8260,8042,
227.656,8299,8242,8045,
227.663,8296,8245,8039,
227.673,8283,8247,8032,
227.687,8283,8196,8042,
227.695,8285,8181,8042,
227.704,8315,8209,8037,
227.716,8293,8224,8034,
227.724,8307,8230,8027,
227.736,8293,8263,8024,
227.744,8307,8283,8052,
227.755,8323,8273,8055,
227.766,8326,8224,8029,
227.775,8329,8247,8024,
227.785,8345,8250,8021,
227.794,8350,8237,8021,
227.805,8350,8232,8018,
227.815,8339,8252,7996,
227.824,8353,8252,7996,
227.836,8356,8237,8010,
227.847,8358,8245,7989,
227.853,8361,8247,7973,
227.864,8372,8278,7983,
227.876,8390,8217,7971,
227.887,8387,8209,7963,
227.895,8382,8170,7960,
227.903,8406,8212,7953,
227.915,8406,8273,7963,
227.923,8414,8237,7950,
227.936,8412,8219,7941,
227.943,8444,8222,7958,
227.956,8476,8245,7920,
227.965,8492,8232,7899,
227.975,8503,8239,7889,
227.984,8533,8250,7865,
227.992,8546,8224,7860,
228.004,8592,8242,7862,
228.016,8592,8232,7820,
228.022,8624,8217,7807,
228.036,8622,8230,7791,
228.047,8630,8209,7786,
228.056,8635,8222,7778,
228.063,8656,8222,7773,
228.075,8670,8222,7768,
228.085,8686,8188,7719,
228.093,8718,8114,7645,
228.105,8707,8165,7701,
228.114,8675,8214,7759,
228.126,8678,8196,7746,
228.135,8672,8212,7741,
228.144,8672,8204,7744,
228.153,8680,8196,7751,
228.166,8680,8206,7746,
228.175,8694,8196,7751,
228.186,8689,8212,7744,
228.196,8689,8196,7738,
228.205,8699,8204,7741,
228.215,8697,8206,7756,
228.225,8689,8199,7736,
228.232,8683,8212,7749,
228.244,8683,8204,7741,
228.256,8691,8199,7759,
228.265,8680,8206,7738,
228.274,8675,8201,7744,
228.285,8721,8191,7707,
228.296,8727,8153,7648,
228.307,8691,8155,7717,
228.316,8661,8173,7762,
228.326,8664,8199,7754,
228.334,8650,8196,7762,
228.342,8661,8199,7768,
228.354,8664,8204,7778,
228.364,8672,8201,7770,
228.373,8675,8199,7764,
228.382,8672,8206,7749,
228.394,8678,8206,7762,
228.404,8680,8212,7770,
228.414,8672,8201,7762,
228.425,8670,8201,7749,
228.434,8672,8214,7762,
228.445,8675,8209,7762,
228.453,8672,8206,7751,
228.462,8680,8206,7778,
228.474,8678,8214,7741,
228.485,8691,8191,7719,
228.493,8736,8165,7648,
228.505,8710,8168,7714,
228.514,8664,8201,7746,
228.525,8672,8204,7762,
228.534,8664,8204,7754,
228.544,8659,8196,7768,
228.553,8667,8201,7775,
228.564,8680,8206,7762,
228.574,8675,8206,7768,
228.584,8678,8196,7762,
228.592,8680,8206,7762,
228.603,8672,8204,7768,
228.613,8670,8217,7738,
228.622,8689,8201,7768,
228.634,8680,8196,7773,
228.645,8678,8209,7749,
228.654,8680,8204,7738,
228.663,8675,8204,7754,
228.675,8680,8214,7751,
228.686,8680,8204,7722,
228.696,8725,8127,7640,
228.702,8699,8170,7704,
228.713,8656,8196,7781,
228.725,8667,8201,7764,
228.732,8661,8206,7756,
228.743,8670,8199,7778,
228.755,8670,8201,7759,
228.764,8689,8196,7773,
228.774,8678,8209,7749,
228.783,8691,8209,7754,
228.792,8689,8214,7746,
228.804,8680,8206,7749,
228.813,8686,8204,7759,
228.824,8689,8204,7746,
228.833,8683,8206,7751,
228.843,8680,8209,7744,
228.854,8689,8199,7754,
228.863,8683,8199,7751,
228.874,8686,8201,7746,
228.884,8707,8193,7707,
228.893,8741,8168,7643,
228.902,8699,8183,7707,
228.913,8689,8204,7746,
228.921,8683,8204,7746,
228.933,8670,8201,7764,
228.943,8683,8204,7762,
228.954,8683,8217,7746,
228.962,8678,8201,7749,
228.973,8686,8201,7770,
228.984,8680,8201,7736,
228.992,8686,8204,7744,
229.004,8699,8191,7764,
229.012,8683,8214,7749,
229.023,8686,8209,7746,
229.034,8680,8209,7751,
229.042,8683,8201,7756,
229.053,8678,8201,7751,
229.064,8678,8206,7756,
229.074,8680,8212,7733,
229.082,8702,8201,7696,
229.094,8716,8153,7648,
229.104,8686,8165,7719,
229.113,8675,8193,7773,
229.123,8670,8201,7770,
229.133,8661,8206,7762,
229.142,8664,8204,7764,
229.152,8664,8199,7764,
229.164,8661,8204,7762,
229.172,8656,8201,7756,
229.186,8659,8204,7783,
229.194,8664,8199,7788,
229.203,8667,8206,7788,
229.212,8667,8206,7762,
229.223,8653,8206,7773,
229.232,8659,8212,7768,
229.242,8661,8214,7759,
229.253,8635,8212,7762,
229.263,8659,8199,7788,
229.271,8672,8196,7791,
229.282,8678,8193,7733,
229.294,8697,8165,7689,
229.303,8667,8168,7727,
229.313,8642,8188,7799,
229.324,8644,8206,7783,
229.333,8639,8196,7781,
229.344,8630,8209,7788,
229.355,8650,8214,7786,
229.363,8647,8217,7791,
229.371,8639,8209,7791,
229.38,8627,8217,7775,
229.393,8659,8201,7793,
229.403,8632,8217,7796,
229.413,8632,8217,7773,
229.423,8635,8217,7773,
229.434,8639,8214,7786,
229.443,8650,8214,7783,
229.454,8642,8206,7791,
229.462,8644,8206,7793,
229.473,8656,8209,7775,
229.482,8667,8196,7719,
229.493,8675,8161,7694,
229.502,8653,8142,7759,
229.511,8624,8201,7805,
229.52,8619,8214,7788,
229.533,8613,8214,7807,
229.543,8597,8214,7796,
229.553,8616,8212,7796,
229.564,8627,8212,7796,
229.572,8619,8204,7796,
229.583,8624,8212,7793,
229.592,8630,8206,7799,
229.604,8613,8217,7786,
229.613,8619,8206,7799,
229.623,8627,8214,7791,
229.633,8608,8209,7815,
229.643,8619,8209,7812,
229.653,8616,8214,7805,
229.663,8608,8212,7812,
229.673,8619,8219,7807,
229.682,8611,8196,7783,
229.691,8630,8135,7730,
229.7,8619,8181,7791,
229.712,8597,8212,7810,
229.721,8603,8201,7830,
229.733,8605,8206,7820,
229.742,8581,8201,7823,
229.752,8600,8222,7817,
229.762,8586,8222,7817,
229.771,8605,8214,7825,
229.782,8584,8217,7833,
229.793,8576,8217,7830,
229.805,8573,8209,7833,
229.812,8576,8219,7843,
229.822,8562,8227,7852,
229.83,8556,8230,7846,
229.843,8556,8212,7843,
229.851,8562,8227,7857,
229.862,8541,8230,7879,
229.871,8530,8209,7881,
229.884,8522,8224,7867,
229.893,8522,8153,7838,
229.903,8498,8206,7894,
229.911,8490,8209,7899,
229.922,8458,8230,7907,
229.932,8450,8219,7931,
229.941,8450,8227,7941,
229.952,8444,8242,7917,
229.96,8442,8237,7941,
229.971,8423,8227,7944,
229.981,8420,8255,7965,
229.991,8404,8239,7965,
230.004,8387,8230,7981,
230.012,8364,8230,7986,
230.021,8382,8237,7994,
230.032,8361,8237,8001,
230.043,8337,8222,8008,
230.053,8345,8270,8015,
230.06,8329,8245,8021,
230.07,8326,8206,8013,
230.082,8307,8186,8018,
230.091,8271,8165,8057,
230.103,8291,8255,8060,
230.112,8283,8227,8047,
230.122,8279,8245,8045,
230.132,8257,8245,8062,
230.141,8271,8227,8065,
230.153,8257,8265,8073,
230.161,8263,8288,8060,
230.171,8263,8265,8065,
230.183,8265,8224,8047,
230.189,8257,8255,8060,
230.202,8246,8276,8073,
230.213,8246,8247,8062,
230.223,8252,8252,8078,
230.231,8254,8252,8070,
230.242,8230,8247,8073,
230.252,8246,8276,8080,
230.261,8249,8257,8080,
230.27,8230,8252,8083,
230.282,8233,8268,8080,
230.289,8198,8161,8111,
230.3,8214,8188,8103,
230.31,8211,8252,8103,
230.321,8241,8204,8106,
230.33,8225,8217,8089,
230.34,8206,8268,8103,
230.351,8219,8268,8095,
230.359,8211,8265,8078,
230.37,8225,8288,8100,
230.381,8222,8252,8098,
230.393,8222,8288,8106,
230.402,8227,8265,8075,
230.41,8222,8276,8078,
230.421,8233,8296,8078,
230.432,8260,8265,8093,
230.442,8227,8283,8098,
230.451,8219,8301,8089,
230.461,8225,8278,8083,
230.47,8217,8268,8089,
230.481,8225,8239,8106,
230.49,8198,8127,8118,
230.501,8200,8193,8121,
230.512,8203,8291,8103,
230.521,8252,8230,8093,
230.53,8214,8268,8087,
230.541,8230,8250,8103,
230.552,8227,8237,8089,
230.561,8246,8247,8083,
230.571,8276,8252,8078,
230.58,8230,8263,8073,
230.594,8252,8273,8075,
230.6,8260,8283,8075,
230.612,8260,8239,8080,
230.621,8254,8273,8052,
230.632,8252,8265,8065,
230.643,8263,8230,8060,
230.652,8265,8252,8070,
230.662,8265,8278,8065,
230.672,8254,8255,8050,
230.682,8276,8212,8060,
230.691,8238,8175,8075,
230.701,8249,8127,8075,
230.708,8252,8270,8083,
230.721,8252,8232,8029,
230.731,8276,8219,8068,
230.741,8265,8268,8057,
230.751,8285,8250,8068,
230.761,8293,8245,8047,
230.772,8285,8232,8042,
230.782,8293,8283,8045,
230.79,8312,8252,8042,
230.801,8320,8232,8037,
230.81,8310,8245,8034,
230.821,8320,8252,8018,
230.83,8310,8250,8001,
230.84,8320,8232,8027,
230.85,8320,8294,8010,
230.862,8320,8273,7994,
230.872,8315,8239,8008,
230.881,8339,8196,8001,
230.89,8326,8196,8001,
230.902,8347,8257,7996,
230.912,8353,8278,7999,
230.921,8358,8239,8010,
230.93,8337,8245,7991,
230.941,8356,8239,8008,
230.951,8350,8252,7978,
230.96,8364,8242,7978,
230.971,8404,8242,7991,
230.981,8369,8232,7939,
230.989,8420,8242,7944,
230.999,8431,8250,7927,
231.012,8452,8257,7925,
231.02,8452,8237,7904,
231.031,8495,8237,7907,
231.04,8484,8242,7891,
231.051,8519,8230,7884,
231.059,8530,8250,7872,
231.072,8538,8237,7852,
231.08,8570,8183,7823,
231.088,8592,8150,7762,
231.101,8600,8170,7812,
231.109,8594,8214,7825,
231.122,8608,8219,7833,
231.128,8613,8217,7815,
231.141,8616,8214,7810,
231.15,8622,8206,7786,
231.16,8632,8206,7793,
231.169,8632,8214,7788,
231.18,8650,8209,7788,
231.189,8650,8219,7770,
231.2,8659,8212,7773,
231.209,8664,8224,7762,
231.22,8659,8212,7762,
231.229,8672,8214,7759,
231.242,8670,8204,7762,
231.249,8667,8204,7764,
231.262,8667,8206,7764,
231.269,8664,8204,7746,
231.279,8702,8193,7699,
231.29,8702,8129,7656,
231.3,8672,8168,7730,
231.311,8672,8206,7770,
231.32,8650,8212,7768,
231.331,8644,8204,7754,
231.338,8635,8196,7796,
231.35,8650,8206,7781,
231.364,8630,8201,7783,
231.371,8639,8206,7775,
231.381,8667,8209,7783,
231.39,8670,8212,7762,
231.401,8675,8206,7775,
231.412,8659,8209,7762,
231.421,8642,8206,7759,
231.431,8664,8201,7773,
231.439,8661,8212,7768,
231.452,8664,8209,7749,
231.461,8647,8214,7768,
231.471,8664,8206,7773,
231.481,8672,8186,7744,
231.49,8689,8137,7677,
231.501,8664,8181,7741,
231.51,8635,8206,7796,
231.518,8632,8209,7781,
231.528,8632,8204,7778,
231.538,8642,8206,7781,
231.55,8632,8209,7791,
231.559,8635,8209,7791,
231.57,8647,8206,7791,
231.581,8656,8204,7770,
231.59,8659,8204,7783,
231.599,8642,8206,7775,
231.609,8653,8214,7786,
231.618,8661,8214,7781,
231.629,8650,8214,7775,
231.637,8661,8217,7781,
231.651,8653,8206,7773,
231.66,8647,8214,7778,
231.671,8659,8212,7768,
231.682,8683,8193,7730,
231.689,8691,8127,7675,
231.701,8664,8183,7751,
231.71,8627,8204,7786,
231.719,8642,8206,7773,
231.729,8630,8204,7778,
231.738,8632,8204,7791,
231.749,8630,8206,7775,
231.758,8659,8201,7786,
231.77,8656,8204,7775,
231.78,8656,8212,7773,
231.79,8653,8214,7768,
231.801,8661,8204,7775,
231.809,8661,8209,7775,
231.82,8659,8212,7770,
231.831,8661,8206,7764,
231.839,8650,8206,7759,
231.85,8667,8212,7770,
231.86,8659,8204,7775,
231.869,8653,8209,7768,
231.88,8678,8206,7741,
231.888,8697,8159,7677,
231.899,8672,8165,7717,
231.909,8647,8183,7805,
231.92,8650,8204,7783,
231.931,8639,8209,7783,
231.94,8632,8204,7781,
231.949,8647,8206,7778,
231.959,8659,8212,7783,
231.97,8644,8214,7775,
231.978,8639,8206,7783,
231.987,8656,8224,7791,
232,8653,8214,7781,
232.01,8653,8204,7773,
232.02,8632,8212,7781,
232.031,8632,8204,7781,
232.039,8642,8201,7799,
232.049,8635,8201,7810,
232.058,8642,8217,7781,
232.068,8635,8206,7786,
232.078,8647,8201,7751,
232.091,8672,8148,7704,
232.099,8656,8178,7770,
232.107,8630,8206,7783,
232.12,8627,8217,7788,
232.128,8627,8212,7788,
232.137,8630,8209,7786,
232.147,8635,8206,7783,
232.16,8632,8206,7801,
232.169,8644,8214,7775,
232.181,8642,8212,7775,
232.189,8653,8209,7786,
232.199,8647,8212,7778,
232.209,8653,8206,7786,
232.219,8656,8212,7775,
232.231,8647,8206,7775,
232.239,8647,8217,7786,
232.248,8661,8209,7791,
232.258,8656,8204,7770,
232.269,8661,8214,7770,
232.279,8670,8196,7744,
232.29,8697,8178,7675,
232.302,8664,8155,7730,
232.31,8664,8212,7786,
232.322,8647,8217,7773,
232.328,8647,8206,7786,
232.337,8653,8206,7786,
232.348,8647,8209,7788,
232.359,8650,8217,7775,
232.368,8664,8212,7773,
232.379,8647,8204,7781,
232.388,8661,8209,7768,
232.401,8647,8214,7778,
232.408,8656,8209,7773,
232.421,8653,8217,7762,
232.429,8670,8212,7759,
232.438,8670,8204,7775,
232.449,8670,8209,7775,
232.459,8664,8204,7770,
232.469,8664,8212,7762,
232.479,8686,8188,7704,
232.49,8697,8122,7682,
232.498,8659,8178,7714,
232.51,8627,8186,7805,
232.519,8639,8201,7793,
232.529,8627,8209,7786,
232.538,8616,8201,7791,
232.547,8627,8199,7793,
232.56,8635,8209,7786,
232.57,8639,8204,7793,
232.578,8639,8196,7786,
232.589,8632,8219,7786,
232.599,8635,8212,7791,
232.607,8630,8212,7788,
232.618,8630,8212,7807,
232.629,8635,8204,7796,
232.64,8635,8214,7796,
232.649,8624,8219,7775,
232.658,8632,8214,7791,
232.668,8644,8201,7796,
232.677,8639,8199,7756,
232.689,8670,8148,7694,
232.699,8647,8186,7756,
232.709,8622,8209,7801,
232.719,8611,8206,7796,
232.728,8627,8201,7796,
232.74,8624,8219,7778,
232.746,8622,8204,7801,
232.759,8611,8212,7799,
232.77,8630,8204,7807,
232.779,8632,8214,7796,
232.789,8619,8212,7793,
232.798,8630,8209,7796,
232.807,8627,8222,7786,
232.821,8630,8219,7805,
232.827,8627,8217,7783,
232.838,8622,8204,7815,
232.85,8622,8212,7801,
232.86,8619,8204,7796,
232.868,8635,8209,7805,
232.876,8635,8199,7768,
232.888,8639,8140,7719,
232.898,8616,8178,7781,
232.909,8616,8219,7788,
232.92,8613,8212,7817,
232.927,8608,8209,7828,
232.936,8594,8214,7825,
232.947,8605,8204,7810,
232.96,8594,8217,7815,
232.966,8608,8209,7815,
232.979,8605,8217,7817,
232.988,8608,8217,7815,
232.999,8600,8206,7817,
233.008,8600,8214,7805,
233.019,8594,8219,7805,
233.027,8616,8227,7810,
233.04,8597,8214,7805,
233.049,8594,8217,7810,
233.063,8600,8219,7812,
233.067,8592,8217,7805,
233.078,8597,8188,7781,
233.086,8622,8159,7751,
233.099,8594,8188,7801,
233.109,8562,8204,7833,
233.119,8565,8219,7838,
233.127,8570,8214,7830,
233.137,8570,8222,7875,
233.147,8562,8230,7854,
233.159,8556,8224,7875,
233.167,8527,8224,7865,
233.179,8530,8219,7865,
233.189,8522,8227,7891,
233.199,8495,8230,7891,
233.209,8503,8237,7902,
233.215,8476,8232,7897,
233.227,8481,8239,7927,
233.236,8461,8227,7915,
233.25,8447,8232,7941,
233.256,8417,8230,7944,
233.265,8412,8239,7946,
233.279,8412,8217,7965,
233.289,8369,8193,7968,
233.296,8372,8224,7989,
233.307,8358,8257,7981,
233.32,8356,8252,8008,
233.329,8334,8230,8013,
233.337,8318,8242,8010,
233.347,8331,8252,8029,
233.355,8323,8242,8032,
233.369,8304,8219,8029,
233.379,8307,8250,8034,
233.385,8301,8245,8052,
233.397,8285,8250,8060,
233.407,8285,8260,8050,
233.418,8291,8227,8057,
233.428,8288,8270,8068,
233.436,8279,8255,8055,
233.449,8268,8224,8039,
233.455,8263,8242,8070,
233.469,8265,8276,8080,
233.476,8257,8217,8073,
233.485,8222,8168,8087,
233.498,8276,8308,8083,
233.509,8279,8252,8080,
233.518,8246,8232,8065,
233.527,8238,8239,8089,
233.538,8254,8255,8080,
233.549,8257,8252,8080,
233.558,8254,8245,8078,
233.566,8252,8209,8080,
233.577,8276,8237,8065,
233.588,8257,8260,8075,
233.597,8235,8278,8073,
233.607,8260,8255,8062,
233.622,8252,8245,8089,
233.628,8246,8276,8050,
233.636,8244,8276,8065,
233.646,8271,8263,8078,
233.659,8257,8239,8062,
233.668,8283,8252,8075,
233.677,8244,8237,8055,
233.686,8230,8196,8078,
233.696,8273,8230,8075,
233.707,8241,8237,8052,
233.717,8244,8268,8068,
233.726,8254,8281,8065,
233.736,8227,8268,8065,
233.747,8249,8242,8078,
233.758,8244,8224,8080,
233.77,8254,8276,8068,
233.778,8246,8308,8078,
233.787,8260,8250,8068,
233.798,8252,8265,8070,
233.811,8263,8268,8060,
233.815,8263,8257,8065,
233.826,8268,8263,8070,
233.838,8265,8252,8070,
233.847,8265,8270,8065,
233.856,8283,8276,8065,
233.866,8265,8250,8073,
233.878,8252,8212,8078,
233.889,8225,8132,8089,
233.897,8257,8245,8087,
233.905,8246,8237,8083,
233.917,8263,8183,8080,
233.925,8257,8281,8062,
233.935,8252,8263,8068,
233.946,8260,8278,8052,
233.957,8260,8257,8068,
233.967,8283,8252,8055,
233.975,8288,8286,8050,
233.986,8283,8252,8042,
233.997,8296,8247,8055,
234.008,8283,8278,8047,
234.019,8285,8247,8032,
234.025,8279,8245,8037,
234.034,8310,8224,8047,
234.045,8315,8245,8024,
234.058,8296,8232,8037,
234.065,8310,8247,8029,
234.076,8315,8188,8021,
234.089,8296,8161,8047,
234.097,8320,8245,8037,
234.109,8326,8239,8013,
234.117,8334,8237,8021,
234.125,8334,8239,8013,
234.138,8323,8242,8032,
234.148,8342,8257,8021,
234.156,8347,8245,8001,
234.166,8347,8245,7999,
234.177,8358,8219,7973,
234.186,8366,8260,7994,
234.194,8369,8255,7999,
234.207,8358,8263,7991,
234.216,8358,8247,7973,
234.226,8353,8237,7991,
234.235,8377,8265,7971,
234.245,8390,8252,7981,
234.258,8377,8247,7976,
234.266,8390,8232,7983,
234.276,8401,8206,7978,
234.286,8382,8186,7958,
234.296,8401,8239,7973,
234.307,8398,8265,7965,
234.317,8387,8232,7958,
234.328,8390,8227,7963,
234.338,8401,8239,7963,
234.345,8414,8245,7971,
234.357,8428,8245,7955,
234.366,8433,8250,7941,
234.378,8444,8250,7939,
234.387,8450,8250,7917,
234.397,8461,8237,7904,
234.408,8473,8214,7897,
234.419,8498,8222,7894,
234.428,8498,8250,7884,
234.434,8519,8247,7886,
234.446,8509,8230,7870,
234.455,8519,8219,7879,
234.468,8538,8230,7872,
234.477,8562,8204,7843,
234.486,8562,8165,7786,
234.496,8576,8161,7823,
234.506,8570,8230,7828,
234.516,8573,8219,7830,
234.527,8570,8222,7820,
234.535,8584,8222,7828,
234.545,8589,8227,7817,
234.555,8605,8217,7830,
234.567,8584,8222,7805,
234.575,8605,8222,7810,
234.586,8616,8217,7807,
234.596,8613,8201,7801,
234.605,8619,8219,7807,
234.617,8627,8219,7799,
234.626,8624,8227,7788,
234.634,8632,8214,7801,
234.648,8622,8209,7775,
234.656,8635,8196,7786,
234.665,8642,8206,7781,
234.674,8672,8193,7738,
234.686,8699,8148,7682,
234.696,8678,8161,7722,
234.708,8647,8193,7775,
234.714,8656,8204,7751,
234.727,8661,8199,7762,
234.736,8661,8206,7773,
234.746,8656,8191,7768,
234.758,8672,8209,7786,
234.765,8672,8209,7770,
234.776,8661,8199,7775,
234.787,8672,8201,7762,
234.795,8678,8199,7754,
234.807,8678,8217,7764,
234.816,8670,8219,7744,
234.826,8678,8204,7754,
234.835,8683,8206,7759,
234.846,8689,8196,7756,
234.855,8691,8209,7746,
234.867,8697,8209,7736,
234.877,8702,8193,7696,
234.908,8727,8142,7645,
234.912,8702,8159,7709,
234.913,8675,8204,7756,
234.913,8670,8196,7768,
234.926,8670,8199,7756,
234.936,8664,8199,7781,
234.945,8672,8201,7768,
234.955,8667,8204,7764,
234.966,8675,8204,7762,
234.975,8670,8209,7749,
234.984,8675,8196,7768,
234.996,8672,8201,7754,
235.005,8664,8206,7751,
235.013,8672,8212,7775,
235.026,8675,8212,7768,
235.036,8670,8214,7751,
235.046,8664,8206,7764,
235.057,8670,8209,7756,
235.065,8672,8209,7749,
235.075,8680,8206,7725,
235.085,8707,8127,7664,
235.095,8667,8168,7709,
235.106,8653,8206,7768,
235.116,8656,8212,7775,
235.126,8635,8188,7768,
235.136,8650,8206,7770,
235.144,8650,8204,7793,
235.158,8653,8204,7793,
235.164,8656,8199,7762,
235.176,8659,8204,7756,
235.184,8667,8206,7768,
235.196,8656,8204,7778,
235.204,8667,8206,7783,
235.216,8664,8219,7754,
235.225,8670,8222,7770,
235.235,8678,8214,7778,
235.246,8667,8212,7764,
235.257,8656,8201,7781,
235.265,8661,8212,7770,
235.274,8686,8188,7746,
235.285,8705,8142,7664,
235.295,8678,8191,7727,
235.303,8650,8209,7781,
235.316,8659,8206,7788,
235.325,8653,8214,7791,
235.335,8639,8199,7781,
235.343,8653,8209,7778,
235.354,8653,8196,7773,
235.365,8653,8206,7768,
235.375,8653,8201,7762,
235.385,8656,8196,7764,
235.396,8659,8204,7775,
235.407,8670,8206,7778,
235.413,8661,8209,7781,
235.425,8661,8209,7768,
235.434,8650,8222,7764,
235.446,8667,8206,7764,
235.459,8659,8212,7759,
235.466,8678,8196,7764,
235.475,8686,8201,7712,
235.484,8702,8155,7656,
235.495,8672,8170,7730,
235.504,8647,8196,7781,
235.514,8650,8204,7775,
235.523,8661,8199,7781,
235.536,8635,8204,7781,
235.545,8644,8201,7775,
235.554,8656,8201,7791,
235.564,8647,8204,7781,
235.572,8653,8201,7773,
235.585,8670,8217,7783,
235.596,8667,8201,7773,
235.604,8664,8209,7788,
235.615,8659,8201,7781,
235.623,8656,8209,7773,
235.634,8670,8209,7793,
235.645,8656,8217,7775,
235.655,8667,8214,7778,
235.664,8661,8212,7768,
235.676,8661,8201,7722,
235.685,8691,8145,7675,
235.694,8675,8201,7741,
235.705,8644,8214,7768,
235.713,8647,8204,7783,
235.727,8653,8212,7778,
235.733,8635,8217,7783,
235.744,8647,8204,7773,
235.753,8653,8201,7781,
235.764,8653,8209,7775,
235.775,8661,8196,7791,
235.784,8653,8212,7778,
235.794,8644,8219,7775,
235.802,8644,8201,7778,
235.814,8639,8199,7786,
235.824,8635,8212,7788,
235.834,8647,8206,7778,
235.843,8632,8214,7778,
235.854,8647,8214,7786,
235.863,8644,8209,7773,
235.874,8664,8199,7756,
235.884,8680,8161,7680,
235.895,8656,8168,7741,
235.903,8616,8209,7815,
235.915,8632,8212,7783,
235.924,8619,8206,7801,
235.936,8630,8206,7807,
235.944,8622,8206,7791,
235.955,8639,8217,7786,
235.963,8630,8209,7768,
235.973,8635,8212,7781,
235.984,8630,8209,7786,
235.994,8624,8206,7783,
236.003,8627,8222,7781,
236.014,8647,8204,7796,
236.025,8635,8206,7801,
236.035,8632,8212,7793,
236.044,8632,8224,7786,
236.055,8632,8204,7793,
236.064,8644,8204,7783,
236.074,8659,8201,7751,
236.083,8664,8135,7699,
236.095,8632,8159,7775,
236.106,8624,8214,7791,
236.112,8619,8217,7791,
236.123,8619,8209,7801,
236.132,8613,8206,7810,
236.143,8613,8206,7807,
236.154,8619,8214,7791,
236.165,8622,8224,7805,
236.175,8632,8217,7793,
236.186,8630,8222,7807,
236.195,8622,8219,7815,
236.204,8613,8206,7796,
236.215,8627,8212,7799,
236.224,8613,8214,7793,
236.235,8627,8209,7799,
236.244,8605,8217,7801,
236.253,8619,8212,7807,
236.265,8624,8204,7820,
236.273,8632,8212,7770,
236.281,8653,8150,7730,
236.294,8619,8204,7783,
236.302,8594,8206,7825,
236.313,8603,8206,7801,
236.324,8600,8209,7830,
236.333,8594,8222,7817,
236.344,8608,8201,7830,
236.352,8605,8224,7815,
236.365,8597,8204,7810,
236.373,8613,8219,7835,
236.385,8594,8212,7815,
236.394,8600,8214,7810,
236.403,8594,8224,7830,
236.413,8600,8214,7825,
236.424,8603,8212,7828,
236.433,8597,8219,7817,
236.445,8603,8227,7833,
236.451,8603,8219,7801,
236.463,8589,8219,7796,
236.473,8605,8204,7807,
236.482,8608,8153,7768,
236.493,8578,8181,7817,
236.502,8567,8222,7828,
236.514,8556,8222,7846,
236.523,8556,8219,7862,
236.535,8533,8206,7867,
236.542,8538,8219,7860,
236.551,8538,8217,7870,
236.564,8519,8217,7865,
236.573,8541,8224,7872,
236.583,8525,8227,7872,
236.592,8519,8217,7884,
236.603,8506,8219,7897,
236.614,8503,8224,7904,
236.622,8479,8230,7894,
236.633,8495,8237,7944,
236.642,8452,8222,7922,
236.654,8447,8227,7936,
236.665,8409,8255,7927,
236.674,8425,8217,7953,
236.686,8409,8117,7939,
236.694,8406,8209,7963,
236.704,8387,8260,7963,
236.714,8385,8245,7981,
236.723,8385,8252,8001,
236.733,8350,8239,8010,
236.744,8347,8247,7999,
236.756,8326,8252,7994,
236.763,8337,8245,8013,
236.773,8342,8250,8015,
236.782,8318,8232,8032,
236.793,8315,8252,8037,
236.802,8329,8242,8032,
236.814,8310,8247,8034,
236.824,8318,8283,8039,
236.834,8304,8232,8052,
236.842,8304,8245,8047,
236.853,8296,8270,8045,
236.861,8283,8276,8032,
236.872,8265,8260,8055,
236.884,8254,8214,8068,
236.894,8283,8222,8062,
236.903,8279,8191,8065,
236.914,8273,8263,8062,
236.922,8265,8219,8062,
236.935,8254,8268,8073,
236.942,8238,8247,8060,
236.955,8279,8247,8083,
236.963,8273,8252,8055,
236.974,8271,8230,8070,
236.982,8271,8245,8070,
236.993,8254,8257,8065,
237.002,8265,8252,8068,
237.014,8260,8265,8060,
237.022,8246,8204,8065,
237.034,8257,8227,8052,
237.042,8257,8230,8068,
237.053,8268,8247,8065,
237.061,8257,8268,8070,
237.072,8246,8193,8060,
237.084,8227,8168,8106,
237.093,8244,8255,8083,
237.102,8238,8273,8070,
237.111,8252,8193,8065,
237.122,8246,8273,8078,
237.132,8249,8250,8093,
237.141,8260,8281,8087,
237.152,8265,8276,8075,
237.161,8246,8245,8065,
237.175,8260,8260,8073,
237.183,8283,8247,8080,
237.192,8257,8270,8060,
237.202,8249,8255,8060,
237.211,8268,8224,8047,
237.223,8279,8224,8055,
237.233,8265,8270,8055,
237.242,8285,8247,8057,
237.254,8254,8252,8045,
237.262,8271,8242,8045,
237.274,8271,8255,8050,
237.285,8257,8224,8052,
237.292,8271,8209,8068,
237.304,8283,8214,8070,
237.312,8283,8263,8047,
237.321,8276,8239,8047,
237.333,8283,8252,8045,
237.342,8283,8263,8052,
237.352,8288,8245,8055,
237.364,8301,8257,8052,
237.375,8315,8222,8034,
237.383,8307,8242,7999,
237.391,8318,8232,8027,
237.402,8310,8239,8037,
237.412,8312,8237,8029,
237.421,8301,8255,8021,
237.433,8307,8237,8029,
237.441,8318,8242,8004,
237.453,8307,8301,8010,
237.463,8334,8242,8018,
237.474,8310,8183,8004,
237.48,8315,8168,7999,
237.492,8315,8196,8024,
237.502,8315,8230,8029,
237.512,8329,8255,8018,
237.522,8339,8219,8021,
237.531,8323,8224,8021,
237.542,8320,8260,8021,
237.553,8334,8227,8021,
237.563,8350,8237,8024,
237.572,8345,8252,7991,
237.581,8361,8239,7989,
237.592,8382,8260,7991,
237.601,8401,8239,7996,
237.611,8379,8250,7968,
237.622,8379,8217,7960,
237.631,8396,8250,7963,
237.642,8414,8239,7963,
237.653,8425,8237,7955,
237.662,8442,8245,7953,
237.672,8433,8204,7904,
237.681,8463,8186,7879,
237.689,8487,8170,7889,
237.701,8484,8242,7886,
237.712,8511,8230,7870,
237.722,8509,8224,7865,
237.73,8553,8222,7872,
237.741,8556,8227,7828,
237.75,8562,8224,7807,
237.762,8613,8230,7833,
237.771,8616,8217,7833,
237.782,8619,8224,7791,
237.793,8635,8224,7770,
237.802,8644,8214,7786,
237.814,8632,8214,7770,
237.821,8664,8214,7778,
237.831,8675,8209,7768,
237.843,8670,8206,7762,
237.853,8672,8222,7749,
237.859,8678,8206,7754,
237.874,8683,8206,7730,
237.883,8721,8145,7658,
237.891,8694,8201,7707,
237.901,8667,8204,7778,
237.911,8664,8201,7756,
237.921,8672,8204,7770,
237.931,8656,8199,7770,
237.942,8664,8204,7768,
237.952,8661,8206,7778,
237.961,8670,8209,7768,
237.973,8664,8209,7778,
237.984,8664,8209,7764,
237.992,8659,8217,7768,
238.003,8656,8201,7770,
238.012,8664,8204,7768,
238.021,8661,8201,7768,
238.033,8661,8209,7773,
238.042,8650,8212,7773,
238.051,8642,8209,7770,
238.063,8667,8209,7768,
238.074,8678,8196,7727,
238.083,8672,8150,7694,
238.091,8647,8196,7756,
238.101,8639,8214,7781,
238.109,8639,8209,7783,
238.123,8647,8204,7807,
238.129,8639,8201,7783,
238.141,8650,8206,7775,
238.15,8659,8201,7786,
238.162,8642,8204,7770,
238.171,8653,8206,7778,
238.182,8656,8214,7778,
238.192,8632,8201,7773,
238.2,8661,8217,7786,
238.211,8644,8209,7759,
238.221,8659,8199,7788,
238.232,8647,8214,7773,
238.241,8656,8206,7786,
238.25,8656,8209,7775,
238.26,8656,8217,7783,
238.272,8664,8201,7749,
238.281,8683,8170,7682,
238.291,8659,8183,7730,
238.3,8619,8209,7810,
238.312,8635,8201,7788,
238.323,8632,8201,7796,
238.332,8627,8204,7793,
238.341,8635,8206,7783,
238.352,8644,8201,7778,
238.363,8639,8206,7793,
238.371,8650,8212,7788,
238.379,8656,8199,7781,
238.389,8650,8217,7773,
238.404,8656,8219,7788,
238.41,8653,8204,7786,
238.42,8647,8206,7773,
238.431,8647,8204,7788,
238.441,8653,8212,7775,
238.453,8650,8214,7786,
238.461,8639,8193,7793,
238.47,8675,8178,7730,
238.483,8689,8117,7691,
238.49,8647,8153,7756,
238.501,8653,8212,7796,
238.51,8630,8209,7788,
238.521,8635,8196,7783,
238.533,8635,8199,7788,
238.538,8630,8206,7778,
238.549,8656,8204,7799,
238.562,8639,8206,7783,
238.574,8642,8209,7759,
238.58,8639,8209,7786,
238.589,8630,8204,7783,
238.602,8650,8217,7783,
238.615,8639,8212,7807,
238.621,8635,8217,7778,
238.632,8635,8214,7788,
238.64,8627,8204,7781,
238.65,8647,8224,7793,
238.661,8639,8224,7788,
238.671,8659,8201,7749,
238.682,8686,8124,7682,
238.69,8661,8153,7749,
238.702,8627,8201,7786,
238.711,8639,8209,7788,
238.72,8630,8212,7778,
238.731,8635,8206,7788,
238.741,8630,8206,7801,
238.751,8653,8214,7775,
238.76,8644,8204,7781,
238.771,8650,8214,7786,
238.781,8642,8206,7778,
238.79,8647,8212,7770,
238.799,8656,8214,7783,
238.81,8653,8209,7778,
238.82,8667,8219,7783,
238.831,8650,8217,7762,
238.84,8656,8209,7775,
238.851,8647,8212,7770,
238.86,8656,8206,7756,
238.87,8670,8201,7736,
238.881,8699,8170,7662,
238.891,8670,8148,7736,
238.9,8664,8204,7781,
238.909,8656,8209,7783,
238.921,8647,8201,7775,
238.93,8639,8212,7781,
238.941,8644,8204,7775,
238.949,8659,8204,7781,
238.96,8653,8212,7762,
238.97,8650,8206,7762,
238.981,8664,8209,7773,
238.99,8659,8201,7791,
239.002,8653,8209,7775,
239.009,8667,8204,7775,
239.019,8661,8209,7773,
239.031,8656,8199,7783,
239.041,8650,8217,7791,
239.053,8632,8212,7778,
239.06,8650,8214,7786,
239.071,8678,8193,7746,
239.082,8678,8148,7680,
239.09,8653,8170,7741,
239.102,8619,8204,7801,
239.109,8639,8199,7801,
239.12,8630,8204,7791,
239.131,8632,8199,7791,
239.138,8624,8204,7791,
239.149,8639,8209,7801,
239.16,8639,8204,7788,
239.171,8653,8204,7783,
239.18,8632,8206,7778,
239.189,8647,8206,7786,
239.201,8639,8209,7783,
239.209,8632,8219,7778,
239.22,8635,8214,7781,
239.23,8635,8206,7796,
239.241,8632,8212,7791,
239.251,8632,8196,7793,
239.259,8642,8209,7786,
239.268,8650,8186,7768,
239.279,8675,8132,7704,
239.289,8653,8183,7759,
239.3,8622,8217,7793,
239.309,8627,8206,7812,
239.319,8630,8212,7807,
239.328,8624,8219,7793,
239.339,8611,8214,7799,
239.35,8624,8206,7807,
239.36,8635,8214,7805,
239.372,8619,8212,7799,
239.381,8622,8209,7773,
239.389,8619,8214,7796,
239.398,8619,8209,7788,
239.409,8619,8214,7796,
239.421,8624,8214,7796,
239.431,8622,8209,7788,
239.437,8619,8212,7799,
239.45,8627,8209,7807,
239.46,8622,8209,7796,
239.469,8627,8204,7786,
239.477,8653,8155,7717,
239.488,8630,8219,7770,
239.501,8616,8217,7807,
239.51,8613,8206,7799,
239.521,8616,8214,7805,
239.532,8616,8219,7820,
239.538,8605,8212,7817,
239.552,8619,8204,7807,
239.56,8608,8212,7805,
239.568,8616,8209,7817,
239.579,8622,8212,7812,
239.59,8608,8201,7805,
239.6,8611,8206,7810,
239.61,8619,8212,7812,
239.619,8611,8214,7812,
239.631,8603,8209,7828,
239.639,8597,8212,7833,
239.649,8611,8227,7810,
239.659,8613,8214,7805,
239.669,8624,8214,7759,
239.681,8613,8173,7738,
239.69,8603,8191,7791,
239.699,8581,8212,7828,
239.707,8594,8209,7830,
239.72,8589,8212,7841,
239.728,8592,8217,7810,
239.739,8589,8214,7825,
239.748,8586,8214,7833,
239.761,8603,8222,7823,
239.77,8597,8224,7833,
239.78,8600,8214,7828,
239.788,8589,8224,7815,
239.799,8600,8217,7828,
239.809,8592,8214,7843,
239.819,8597,8212,7828,
239.829,8586,8209,7823,
239.838,8584,8217,7835,
239.85,8573,8237,7825,
239.86,8573,8222,7820,
239.866,8589,8193,7801,
239.88,8576,8135,7791,
239.89,8536,8175,7835,
239.899,8530,8214,7875,
239.907,8527,8224,7897,
239.916,8484,8222,7879,
239.929,8476,8214,7917,
239.94,8476,8227,7946,
239.949,8420,8227,7917,
239.959,8428,8242,7968,
239.97,8401,8239,7958,
239.981,8387,8250,8010,
239.989,8390,8247,8010,
239.997,8358,8224,8001,
240.01,8347,8239,8004,
240.02,8337,8224,8010,
240.029,8331,8263,8027,
240.039,8331,8260,8021,
240.048,8315,8242,8039,
240.06,8318,8270,8042,
240.07,8296,8193,8029,
240.079,8283,8196,8045,
240.088,8283,8186,8062,
240.099,8263,8301,8060,
240.108,8283,8237,8037,
240.118,8283,8247,8042,
240.128,8273,8232,8065,
240.139,8257,8270,8062,
240.15,8257,8252,8062,
240.16,8252,8255,8045,
240.169,8257,8257,8060,
240.179,8276,8247,8065,
240.189,8268,8281,8057,
240.2,8268,8270,8065,
240.21,8249,8278,8060,
240.216,8235,8278,8062,
240.228,8276,8273,8078,
240.24,8260,8232,8062,
240.249,8252,8268,8065,
240.257,8235,8288,8068,
240.27,8238,8294,8083,
240.278,8219,8153,8106,
240.287,8241,8201,8080,
240.298,8263,8245,8068,
240.309,8249,8250,8080,
240.322,8241,8250,8078,
240.327,8252,8265,8103,
240.338,8235,8242,8083,
240.347,8249,8276,8087,
240.357,8273,8270,8080,
240.368,8241,8273,8098,
240.377,8254,8270,8089,
240.386,8257,8260,8070,
240.4,8244,8222,8057,
240.409,8244,8237,8078,
240.416,8273,8255,8068,
240.429,8241,8255,8062,
240.439,8257,8263,8070,
240.447,8260,8242,8089,
240.458,8246,8252,8060,
240.469,8249,8168,8062,
240.479,8235,8150,8070,
240.49,8257,8294,8062,
240.498,8263,8237,8052,
240.506,8273,8245,8073,
240.519,8244,8252,8070,
240.529,8241,8270,8078,
240.537,8257,8250,8073,
240.548,8254,8265,8062,
240.556,8254,8263,8039,
240.57,8271,8209,8055,
240.578,8283,8257,8057,
240.587,8283,8257,8047,
240.598,8271,8283,8039,
240.606,8283,8268,8039,
240.619,8296,8257,8047,
240.629,8293,8270,8045,
240.638,8291,8270,8042,
240.648,8307,8250,8034,
240.661,8285,8281,8024,
240.668,8307,8201,8027,
240.679,8283,8196,8042,
240.689,8307,8255,8015,
240.698,8310,8273,8004,
240.706,8320,8268,8024,
240.717,8299,8260,8037,
240.728,8320,8250,8034,
240.738,8312,8255,8010,
240.749,8329,8288,8024,
240.755,8337,8257,8037,
240.766,8339,8247,8032,
240.779,8320,8276,8013,
240.793,8326,8245,8024,
240.796,8337,8239,8008,
240.809,8334,8250,8024,
240.818,8331,8227,7999,
240.828,8345,8270,8013,
240.837,8342,8252,7996,
240.847,8347,8230,7999,
240.857,8342,8242,7996,
240.869,8350,8150,7991,
240.878,8337,8173,8004,
240.888,8347,8222,7999,
240.897,8350,8268,7994,
240.906,8369,8239,7996,
240.917,8369,8212,7996,
240.925,8379,8268,7978,
240.937,8398,8232,7978,
240.947,8396,8247,7950,
240.957,8420,8245,7963,
240.969,8433,8237,7934,
240.977,8455,8224,7939,
240.988,8439,8247,7891,
240.997,8492,8227,7917,
241.009,8495,8224,7891,
241.016,8506,8242,7884,
241.026,8517,8237,7865,
241.038,8522,8217,7848,
241.049,8546,8219,7852,
241.055,8565,8209,7830,
241.067,8592,8204,7793,
241.076,8605,8129,7764,
241.088,8594,8191,7791,
241.097,8605,8232,7801,
241.108,8616,8217,7807,
241.117,8608,8209,7796,
241.127,8613,8212,7799,
241.136,8635,8217,7807,
241.147,8647,8224,7778,
241.157,8639,8222,7788,
241.167,8647,8209,7756,
241.178,8667,8201,7773,
241.189,8675,8212,7775,
241.196,8664,8206,7762,
241.206,8667,8209,7756,
241.22,8672,8219,7736,
241.24,8667,8206,7762,
241.241,8667,8201,7764,
241.245,8672,8209,7759,
241.255,8672,8212,7749,
241.266,8691,8201,7730,
241.278,8713,8148,7658,
241.287,8689,8175,7714,
241.296,8667,8209,7764,
241.309,8664,8201,7775,
241.319,8656,8201,7764,
241.326,8659,8204,7775,
241.338,8659,8209,7778,
241.348,8670,8209,7764,
241.356,8659,8196,7770,
241.365,8680,8201,7786,
241.376,8664,8201,7756,
241.388,8656,8209,7770,
241.399,8661,8212,7783,
241.405,8667,8199,7764,
241.418,8661,8201,7770,
241.428,8656,8209,7770,
241.437,8650,8219,7770,
241.448,8664,8214,7781,
241.457,8672,8209,7778,
241.466,8680,8201,7730,
241.477,8699,8129,7664,
241.486,8678,8173,7727,
241.498,8656,8209,7768,
241.508,8653,8201,7770,
241.518,8653,8191,7783,
241.527,8656,8201,7781,
241.537,8659,8201,7781,
241.547,8653,8209,7775,
241.555,8653,8199,7764,
241.565,8650,8209,7768,
241.576,8653,8206,7781,
241.587,8653,8214,7770,
241.598,8659,8209,7786,
241.606,8653,8204,7793,
241.617,8647,8204,7781,
241.625,8650,8206,7783,
241.636,8647,8206,7786,
241.647,8647,8214,7764,
241.657,8656,8212,7781,
241.669,8683,8193,7773,
241.676,8699,8109,7677,
241.686,8664,8178,7727,
241.695,8639,8193,7810,
241.707,8647,8201,7778,
241.716,8630,8204,7805,
241.728,8642,8199,7793,
241.736,8647,8206,7788,
241.745,8650,8219,7781,
241.756,8642,8204,7786,
241.767,8644,8209,7775,
241.778,8650,8209,7770,
241.786,8647,8206,7786,
241.795,8653,8212,7778,
241.806,8653,8206,7775,
241.816,8661,8214,7762,
241.827,8661,8214,7786,
241.836,8670,8214,7788,
241.847,8656,8204,7770,
241.856,8680,8196,7793,
241.864,8670,8191,7722,
241.877,8691,8135,7691,
241.886,8656,8165,7741,
241.896,8635,8206,7788,
241.907,8639,8196,7801,
241.915,8635,8209,7796,
241.925,8632,8199,7799,
241.936,8630,8212,7793,
241.948,8644,8209,7796,
241.954,8635,8209,7775,
241.968,8653,8214,7778,
241.977,8647,8201,7788,
241.986,8656,8212,7783,
241.996,8656,8199,7807,
242.005,8653,8212,7791,
242.015,8661,8209,7786,
242.026,8642,8219,7762,
242.035,8653,8209,7778,
242.045,8644,8209,7775,
242.056,8639,8209,7786,
242.066,8667,8191,7738,
242.075,8683,8222,7682,
242.086,8659,8183,7754,
242.094,8639,8206,7778,
242.106,8653,8204,7791,
242.115,8644,8201,7793,
242.124,8647,8209,7796,
242.136,8644,8209,7783,
242.146,8647,8214,7786,
242.157,8635,8212,7783,
242.164,8635,8209,7775,
242.176,8653,8209,7770,
242.188,8650,8204,7783,
242.196,8653,8212,7773,
242.204,8661,8209,7762,
242.218,8656,8214,7781,
242.224,8656,8206,7783,
242.239,8664,8212,7783,
242.245,8642,8214,7781,
242.256,8653,8212,7791,
242.266,8656,8204,7730,
242.277,8689,8135,7675,
242.287,8672,8168,7744,
242.298,8632,8217,7793,
242.307,8650,8204,7770,
242.317,8644,8206,7778,
242.327,8630,8209,7778,
242.336,8653,8206,7775,
242.345,8656,8204,7783,
242.358,8656,8199,7788,
242.368,8659,8209,7764,
242.377,8661,8206,7778,
242.387,8647,8214,7759,
242.395,8653,8206,7764,
242.406,8653,8199,7783,
242.415,8642,8212,7783,
242.425,8661,8204,7807,
242.435,8644,8212,7791,
242.446,8642,8204,7783,
242.456,8647,8209,7786,
242.464,8664,8196,7736,
242.477,8686,8122,7682,
242.487,8659,8196,7751,
242.497,8644,8212,7788,
242.505,8647,8201,7788,
242.517,8632,8204,7801,
242.526,8630,8212,7781,
242.535,8635,8209,7791,
242.547,8642,8214,7793,
242.556,8635,8209,7775,
242.565,8639,8209,7778,
242.577,8647,8201,7796,
242.585,8639,8206,7793,
242.596,8639,8209,7788,
242.605,8632,8212,7793,
242.613,8632,8214,7799,
242.624,8639,8209,7778,
242.636,8630,8217,7788,
242.644,8627,8214,7778,
242.656,8639,8206,7793,
242.666,8647,8204,7768,
242.676,8667,8181,7694,
242.686,8635,8168,7783,
242.696,8627,8214,7799,
242.705,8616,8209,7793,
242.715,8613,8209,7801,
242.723,8616,8209,7801,
242.736,8605,8206,7791,
242.744,8600,8212,7791,
242.757,8624,8217,7799,
242.763,8613,8224,7799,
242.776,8608,8209,7796,
242.785,8613,8217,7805,
242.795,8616,8219,7796,
242.804,8616,8219,7807,
242.816,8613,8217,7815,
242.826,8611,8214,7801,
242.835,8622,8219,7817,
242.844,8619,8219,7807,
242.854,8613,8212,7801,
242.865,8639,8186,7764,
242.876,8624,8132,7733,
242.887,8603,8161,7786,
242.893,8584,8204,7833,
242.904,8592,8206,7812,
242.915,8589,8212,7820,
242.924,8594,8209,7825,
242.935,8597,8212,7828,
242.943,8600,8222,7825,
242.954,8603,8217,7810,
242.965,8594,8214,7810,
242.975,8597,8217,7825,
242.985,8603,8217,7820,
242.993,8600,8214,7823,
243.006,8603,8222,7820,
243.016,8592,8222,7828,
243.025,8603,8214,7833,
243.034,8578,8219,7817,
243.045,8592,8222,7825,
243.057,8586,8214,7820,
243.063,8586,8193,7799,
243.075,8586,8161,7770,
243.086,8558,8201,7838,
243.095,8558,8230,7857,
243.105,8533,8209,7854,
243.115,8549,8206,7865,
243.125,8544,8217,7889,
243.137,8522,8214,7875,
243.142,8525,8222,7897,
243.156,8530,8224,7899,
243.163,8509,8230,7891,
243.175,8509,8237,7907,
243.184,8490,8209,7920,
243.194,8479,8230,7912,
243.203,8468,8252,7912,
243.215,8487,8232,7941,
243.224,8458,8239,7927,
243.235,8436,8239,7941,
243.246,8431,8232,7953,
243.254,8425,8237,7976,
243.266,8414,8193,7960,
243.274,8393,8178,7946,
243.285,8385,8245,7976,
243.295,8379,8252,7996,
243.304,8350,8245,7978,
243.313,8347,8232,8004,
243.326,8331,8245,7999,
243.335,8350,8242,8010,
243.345,8334,8232,8008,
243.353,8334,8252,8037,
243.363,8323,8232,8032,
243.375,8326,8219,8027,
243.387,8323,8255,8027,
243.393,8320,8270,8015,
243.406,8323,8260,8060,
243.413,8307,8260,8034,
243.424,8296,8265,8018,
243.433,8301,8268,8045,
243.445,8293,8245,8042,
243.454,8291,8286,8045,
243.464,8296,8212,8060,
243.475,8271,8239,8060,
243.484,8283,8183,8057,
243.494,8268,8260,8050,
243.504,8276,8255,8057,
243.515,8283,8260,8065,
243.524,8285,8257,8068,
243.534,8276,8265,8075,
243.545,8273,8268,8055,
243.555,8283,8242,8052,
243.564,8268,8278,8050,
243.575,8265,8250,8029,
243.585,8283,8273,8062,
243.596,8283,8255,8068,
243.605,8279,8268,8047,
243.614,8254,8260,8068,
243.623,8279,8268,8062,
243.633,8276,8291,8050,
243.645,8257,8245,8045,
243.654,8271,8245,8068,
243.664,8276,8227,8060,
243.675,8238,8199,8070,
243.684,8257,8191,8052,
243.695,8276,8242,8047,
243.704,8276,8230,8047,
243.714,8283,8245,8065,
243.722,8249,8255,8062,
243.733,8265,8250,8050,
243.743,8283,8265,8062,
243.754,8283,8268,8060,
243.766,8273,8270,8052,
243.773,8285,8260,8045,
243.782,8271,8255,8034,
243.794,8283,8281,8052,
243.806,8293,8242,8024,
243.812,8285,8247,8039,
243.825,8304,8276,8047,
243.831,8304,8252,8060,
243.845,8279,8270,8029,
243.853,8301,8273,8052,
243.863,8283,8204,8052,
243.871,8268,8214,8042,
243.884,8310,8232,8034,
243.893,8296,8252,8034,
243.905,8296,8224,8060,
243.915,8283,8232,8037,
243.924,8283,8245,8032,
243.933,8304,8252,8055,
243.945,8315,8239,8034,
243.955,8323,8239,8027,
243.965,8329,8239,8034,
243.973,8320,8278,8004,
243.985,8342,8276,8034,
243.993,8337,8245,8024,
244.002,8331,8268,8010,
244.014,8345,8242,8021,
244.025,8337,8252,7994,
244.036,8347,8222,8001,
244.042,8358,8257,8021,
244.055,8350,8237,7996,
244.061,8361,8209,8004,
244.075,8345,8140,8001,
244.081,8356,8170,7999,
244.093,8372,8242,7981,
244.103,8358,8242,7978,
244.113,8364,8230,8015,
244.125,8361,8237,8013,
244.133,8372,8260,7999,
244.145,8377,8245,7983,
244.155,8377,8224,7989,
244.165,8372,8250,7976,
244.171,8382,8247,7965,
244.184,8398,8250,7976,
244.193,8398,8255,7955,
244.203,8412,8237,7958,
244.213,8417,8255,7963,
244.223,8428,8242,7936,
244.235,8442,8255,7941,
244.243,8442,8239,7902,
244.253,8476,8232,7912,
244.264,8476,8188,7872,
244.272,8498,8137,7846,
244.283,8511,8204,7867,
244.292,8503,8237,7886,
244.304,8536,8245,7867,
244.312,8536,8247,7875,
244.322,8553,8214,7843,
244.335,8570,8219,7843,
244.344,8584,8232,7841,
244.353,8597,8222,7830,
244.364,8589,8219,7807,
244.373,8622,8217,7812,
244.382,8600,8209,7807,
244.394,8616,8227,7801,
244.403,8624,8219,7801,
244.414,8622,8237,7783,
244.423,8635,8217,7799,
244.433,8630,8217,7786,
244.443,8642,8214,7796,
244.454,8639,8206,7775,
244.465,8675,8209,7744,
244.472,8670,8093,7694,
244.485,8647,8168,7764,
244.491,8639,8214,7764,
244.502,8650,8212,7781,
244.512,8630,8209,7786,
244.524,8647,8206,7775,
244.533,8639,8206,7773,
244.543,8642,8196,7786,
244.554,8632,8219,7783,
244.564,8632,8212,7778,
244.572,8653,8214,7781,
244.583,8644,8204,7770,
244.593,8642,8217,7775,
244.604,8642,8201,7778,
244.61,8635,8214,7783,
244.622,8653,8209,7788,
244.633,8656,8209,7786,
244.642,8653,8206,7786,
244.653,8650,8212,7781,
244.662,8667,8199,7733,
244.671,8667,8145,7699,
244.682,8647,8175,7736,
244.693,8622,8212,7793,
244.702,8627,8204,7778,
244.713,8624,8214,7793,
244.723,8619,8212,7796,
244.733,8622,8204,7788,
244.742,8639,8204,7799,
244.754,8639,8206,7791,
244.76,8642,8201,7788,
244.773,8639,8206,7783,
244.782,8659,8206,7781,
244.794,8659,8222,7775,
244.805,8653,8217,7783,
244.811,8639,8206,7788,
244.823,8653,8209,7781,
244.831,8653,8214,7762,
244.842,8642,8209,7788,
244.85,8650,8217,7768,
244.863,8672,8196,7733,
244.872,8678,8137,7696,
244.882,8642,8165,7764,
244.891,8632,8204,7781,
244.906,8630,8209,7786,
244.912,8630,8191,7788,
244.922,8632,8204,7783,
244.93,8622,8209,7796,
244.944,8632,8212,7783,
244.953,8632,8217,7793,
244.964,8647,8219,7773,
244.973,8653,8209,7781,
244.983,8659,8212,7783,
244.993,8644,8204,7783,
245.004,8650,8201,7788,
245.012,8659,8209,7783,
245.021,8661,8206,7796,
245.034,8639,8201,7781,
245.043,8659,8212,7768,
245.054,8659,8212,7781,
245.063,8667,8201,7736,
245.071,8689,8140,7682,
245.08,8670,8159,7751,
245.093,8653,8209,7773,
245.102,8647,8214,7778,
245.111,8644,8212,7788,
245.122,8647,8201,7773,
245.132,8647,8204,7783,
245.146,8650,8209,7796,
245.151,8661,8217,7775,
245.162,8661,8201,7786,
245.17,8659,8212,7764,
245.184,8664,8214,7791,
245.193,8639,8204,7775,
245.201,8650,8206,7775,
245.211,8650,8209,7791,
245.221,8650,8209,7778,
245.231,8644,8201,7791,
245.241,8650,8206,7783,
245.253,8644,8204,7768,
245.263,8650,8206,7725,
245.272,8680,8148,7691,
245.282,8656,8183,7751,
245.291,8642,8214,7793,
245.302,8635,8206,7786,
245.312,8627,8209,7775,
245.321,8630,8206,7793,
245.331,8635,8209,7786,
245.342,8632,8217,7778,
245.351,8635,8209,7775,
245.361,8653,8206,7781,
245.37,8653,8209,7786,
245.382,8644,8209,7781,
245.393,8656,8212,7781,
245.399,8653,8201,7786,
245.411,8656,8201,7770,
245.422,8664,8204,7783,
245.432,8647,8206,7775,
245.442,8659,8209,7778,
245.45,8661,8201,7778,
245.461,8672,8196,7738,
245.471,8699,8175,7672,
245.482,8670,8183,7727,
245.491,8644,8204,7778,
245.504,8644,8214,7778,
245.512,8656,8204,7778,
245.521,8650,8201,7786,
245.532,8647,8201,7775,
245.544,8650,8201,7773,
245.55,8650,8201,7781,
245.562,8653,8209,7762,
245.572,8667,8209,7786,
245.581,8667,8201,7778,
245.59,8656,8199,7773,
245.602,8664,8206,7778,
245.613,8659,8201,7783,
245.622,8647,8201,7788,
245.632,8678,8204,7764,
245.641,8659,8206,7759,
245.652,8672,8209,7751,
245.661,8691,8183,7727,
245.672,8702,8135,7675,
245.681,8667,8191,7749,
245.69,8659,8209,7770,
245.7,8639,8201,7775,
245.711,8642,8201,7788,
245.721,8639,8204,7799,
245.73,8644,8212,7788,
245.741,8644,8201,7791,
245.753,8635,8212,7783,
245.761,8627,8204,7762,
245.771,8653,8206,7786,
245.779,8642,8201,7783,
245.793,8632,8212,7781,
245.804,8653,8204,7799,
245.81,8650,8212,7786,
245.821,8642,8214,7768,
245.831,8635,8212,7783,
245.842,8647,8212,7793,
245.852,8650,8212,7781,
245.862,8653,8191,7759,
245.868,8678,8183,7686,
245.881,8650,8165,7749,
245.891,8630,8196,7810,
245.9,8627,8201,7796,
245.912,8624,8206,7799,
245.921,8624,8204,7796,
245.932,8624,8214,7801,
245.943,8627,8206,7812,
245.952,8627,8212,7793,
245.962,8630,8214,7786,
245.971,8627,8219,7788,
245.985,8613,8217,7801,
245.991,8635,8214,7796,
246.003,8639,8212,7788,
246.009,8642,8212,7793,
246.02,8627,8206,7801,
246.031,8624,8212,7796,
246.04,8627,8214,7796,
246.052,8635,8214,7801,
246.061,8647,8204,7778,
246.073,8659,8129,7717,
246.082,8627,8161,7770,
246.09,8608,8214,7815,
246.099,8608,8206,7805,
246.111,8611,8204,7810,
246.12,8613,8206,7801,
246.132,8613,8209,7815,
246.14,8616,8214,7812,
246.15,8616,8222,7815,
246.161,8619,8212,7812,
246.169,8619,8212,7807,
246.178,8600,8219,7807,
246.191,8611,8222,7820,
246.2,8613,8212,7825,
246.209,8594,8214,7812,
246.221,8603,8212,7820,
246.23,8594,8217,7817,
246.24,8584,8219,7812,
246.25,8597,8224,7841,
246.262,8594,8214,7823,
246.272,8594,8153,7746,
246.282,8578,8175,7823,
246.29,8544,8222,7848,
246.3,8562,8232,7860,
246.309,8527,8239,7860,
246.32,8525,8206,7867,
246.33,8519,8217,7886,
246.339,8506,8237,7904,
246.35,8498,8227,7894,
246.361,8487,8245,7912,
246.372,8490,8232,7934,
246.38,8450,8230,7917,
246.389,8468,8237,7925,
246.4,8428,8245,7931,
246.409,8436,8242,7927,
246.421,8433,8230,7963,
246.43,8420,8239,7958,
246.44,8387,8237,7950,
246.45,8401,8252,7989,
246.461,8382,8183,7973,
246.468,8361,8252,7976,
246.482,8382,8196,7991,
246.488,8358,8265,7983,
246.5,8350,8252,8004,
246.511,8337,8263,8010,
246.52,8342,8230,8001,
246.529,8342,8224,8010,
246.539,8337,8222,8018,
246.55,8345,8232,8021,
246.56,8331,8230,8018,
246.57,8315,8265,8021,
246.58,8312,8237,8045,
246.59,8318,8247,8029,
246.6,8301,8268,8027,
246.61,8296,8250,8034,
246.619,8296,8239,8039,
246.632,8285,8242,8039,
246.638,8283,8252,8029,
246.649,8283,8257,8034,
246.662,8273,8188,8045,
246.671,8263,8127,8087,
246.679,8263,8148,8065,
246.691,8273,8304,8055,
246.702,8265,8265,8052,
246.712,8268,8250,8070,
246.72,8265,8252,8068,
246.73,8260,8239,8068,
246.738,8268,8260,8068,
246.75,8249,8230,8078,
246.762,8246,8260,8095,
246.768,8241,8230,8093,
246.78,8133,8178,8200,
246.791,8083,8191,8221,
246.799,8053,8186,8290,
246.809,8047,8188,8295,
246.82,8047,8186,8297,
246.831,8042,8188,8302,
246.841,8042,8191,8305,
246.85,8034,8188,8309,
246.859,8003,8183,8337,
246.871,7986,8183,8360,
246.879,7988,8188,8344,
246.891,8020,8191,8321,
246.899,8015,8188,8319,
246.909,8009,8188,8319,
246.92,8015,8191,8324,
246.93,8015,8191,8321,
246.941,8018,8191,8321,
246.949,8020,8191,8321,
246.96,8018,8188,8319,
246.97,8031,8188,8316,
246.978,8026,8188,8314,
246.991,8028,8188,8314,
247.001,8028,8191,8314,
247.011,8026,8186,8314,
247.019,8023,8191,8314,
247.028,8028,8193,8311,
247.039,8026,8188,8311,
247.05,8023,8188,8311,
247.061,8007,8186,8334,
247.069,7975,8186,8370,
247.08,7995,8193,8344,
247.088,8018,8191,8319,
247.1,8020,8186,8316,
247.109,8015,8191,8316,
247.118,8020,8188,8316,
247.131,8015,8193,8319,
247.14,8020,8191,8319,
247.151,8015,8186,8319,
247.16,8020,8191,8319,
247.17,8018,8188,8319,
247.181,8018,8193,8319,
247.189,8012,8188,8324,
247.197,8018,8196,8324,
247.21,8015,8193,8321,
247.218,8015,8188,8324,
247.229,8009,8188,8324,
247.242,8009,8191,8324,
247.248,8015,8193,8324,
247.259,7988,8183,8347,
247.269,7945,8178,8390,
247.277,7991,8193,8347,
247.289,7998,8193,8337,
247.299,8003,8193,8329,
247.309,8007,8191,8329,
247.318,8007,8193,8329,
247.33,8000,8193,8326,
247.338,8009,8193,8326,
247.351,8003,8193,8332,
247.359,8009,8191,8326,
247.369,8012,8196,8326,
247.382,8015,8193,8324,
247.391,8015,8191,8321,
247.401,8018,8191,8319,
247.41,8018,8191,8316,
247.419,8031,8186,8309,
247.429,8045,8188,8302,
247.44,8061,8186,8290,
247.45,8072,8186,8274,
247.459,8088,8181,8261,
247.469,8103,8178,8256,
247.48,8152,8178,8205,
247.491,8179,8175,8182,
247.497,8198,8173,8163,
247.508,8217,8175,8144,
247.52,8268,8196,8062,
247.528,8315,8181,8060,
247.538,8342,8178,8024,
247.548,8377,8178,7994,
247.559,8401,8178,7973,
247.57,8423,8178,7950,
247.581,8439,8178,7936,
247.59,8455,8175,7922,
247.598,8471,8175,7907,
247.61,8481,8178,7897,
247.619,8492,8175,7884,
247.628,8498,8178,7886,
247.639,8506,8175,7875,
247.649,8514,8178,7872,
247.661,8546,8173,7825,
247.67,8639,8175,7738,
247.679,8578,8175,7810,
247.689,8541,8181,7852,
247.703,8538,8175,7854,
247.709,8541,8175,7848,
247.718,8541,8181,7848,
247.728,8541,8178,7852,
247.737,8546,8178,7848,
247.749,8544,8173,7848,
247.758,8544,8175,7846,
247.769,8546,8173,7843,
247.778,8553,8178,7846,
247.787,8562,8178,7833,
247.799,8558,8178,7833,
247.808,8553,8175,7833,
247.819,8556,8178,7846,
247.831,8558,8175,7843,
247.838,8553,8175,7838,
247.847,8558,8175,7838,
247.858,8608,8178,7775,
247.868,8707,8181,7662,
247.877,8650,8175,7754,
247.886,8592,8178,7825,
247.899,8570,8178,7823,
247.909,8570,8175,7835,
247.917,8573,8178,7823,
247.929,8573,8175,7823,
247.938,8581,8175,7823,
247.948,8584,8178,7833,
247.956,8581,8173,7823,
247.969,8584,8175,7820,
247.978,8584,8170,7807,
247.989,8589,8175,7817,
247.998,8586,8181,7805,
248.006,8584,8178,7825,
248.017,8586,8173,7820,
248.03,8581,8178,7815,
248.04,8584,8170,7815,
248.046,8589,8175,7807,
248.059,8622,8178,7770,
248.067,8730,8173,7645,
248.079,8691,8178,7704,
248.089,8603,8173,7812,
248.099,8592,8178,7805,
248.108,8570,8178,7820,
248.12,8576,8178,7817,
248.127,8573,8175,7825,
248.138,8562,8178,7830,
248.147,8565,8173,7835,
248.159,8567,8175,7838,
248.168,8556,8181,7835,
248.177,8556,8170,7841,
248.187,8558,8178,7841,
248.199,8546,8175,7852,
248.209,8538,8178,7848,
248.215,8538,8178,7852,
248.228,8533,8178,7860,
248.237,8533,8178,7860,
248.25,8533,8178,7854,
248.256,8581,8173,7810,
248.269,8680,8175,7694,
248.279,8597,8175,7801,
248.289,8533,8178,7867,
248.298,8527,8173,7870,
248.309,8517,8175,7875,
248.319,8511,8175,7872,
248.327,8514,8170,7881,
248.341,8511,8173,7886,
248.348,8509,8175,7886,
248.357,8503,8175,7886,
248.369,8500,8175,7886,
248.377,8498,8175,7889,
248.386,8495,8175,7884,
248.398,8490,8175,7886,
248.406,8481,8178,7894,
248.421,8481,8173,7899,
248.427,8479,8178,7904,
248.438,8473,8175,7902,
248.449,8471,8173,7915,
248.456,8498,8178,7884,
248.468,8592,8175,7778,
248.479,8530,8178,7838,
248.488,8471,8178,7909,
248.497,8458,8178,7920,
248.507,8452,8178,7931,
248.517,8444,8178,7934,
248.528,8442,8175,7939,
248.537,8442,8175,7927,
248.549,8436,8181,7939,
248.558,8431,8178,7941,
248.566,8425,8181,7944,
248.577,8425,8181,7950,
248.589,8420,8178,7955,
248.598,8420,8181,7955,
248.607,8414,8178,7963,
248.618,8412,8178,7960,
248.629,8406,8181,7965,
248.639,8401,8178,7968,
248.661,8401,8178,7976,
248.662,8417,8175,7953,
248.667,8487,8175,7879,
248.68,8431,8178,7941,
248.687,8393,8173,7976,
248.697,8387,8175,7983,
248.708,8379,8175,7989,
248.718,8379,8173,7991,
248.726,8369,8178,7994,
248.737,8366,8178,7999,
248.747,8364,8178,8001,
248.756,8358,8175,8001,
248.768,8358,8175,8010,
248.776,8353,8175,8013,
248.786,8353,8178,8013,
248.797,8350,8178,8015,
248.806,8353,8175,8018,
248.817,8345,8178,8021,
248.828,8345,8175,8021,
248.838,8345,8175,8021,
248.847,8342,8175,8027,
248.858,8356,8178,8008,
248.865,8409,8175,7950,
248.878,8369,8178,7996,
248.887,8339,8178,8027,
248.896,8334,8178,8029,
248.905,8331,8181,8034,
248.917,8329,8178,8037,
248.928,8326,8178,8037,
248.938,8323,8178,8039,
248.946,8323,8178,8042,
248.957,8320,8178,8042,
248.968,8318,8175,8045,
248.976,8318,8175,8045,
248.986,8315,8175,8050,
248.995,8312,8175,8050,
249.007,8310,8175,8055,
249.018,8307,8175,8055,
249.027,8307,8175,8057,
249.036,8304,8178,8057,
249.046,8304,8175,8057,
249.056,8326,8178,8034,
249.066,8364,8181,7983,
249.077,8326,8175,8042,
249.088,8296,8175,8062,
249.099,8293,8175,8068,
249.108,8293,8175,8070,
249.116,8288,8175,8073,
249.128,8285,8175,8068,
249.137,8285,8175,8073,
249.148,8283,8178,8075,
249.157,8283,8175,8075,
249.167,8283,8175,8075,
249.177,8279,8178,8080,
249.188,8276,8178,8080,
249.196,8271,8178,8089,
249.208,8265,8178,8093,
249.216,8260,8178,8100,
249.229,8249,8178,8108,
249.235,8241,8178,8113,
249.246,8233,8178,8124,
249.256,8225,8181,8129,
249.266,8222,8181,8131,
249.275,8195,8178,8157,
249.287,8174,8175,8177,
249.294,8163,8175,8185,
249.307,8155,8175,8195,
249.316,8131,8188,8223,
249.326,8117,8181,8241,
249.336,8097,8181,8251,
249.345,8080,8183,8269,
249.357,8064,8186,8284,
249.365,8047,8188,8300,
249.377,8026,8186,8311,
249.388,8012,8191,8326,
249.396,7988,8193,8344,
249.405,7980,8199,8357,
249.42,7959,8196,8370,
249.425,7948,8193,8382,
249.437,7942,8204,8395,
249.447,7918,8201,8408,
249.454,7875,8193,8442,
249.465,7793,8201,8524,
249.476,7851,8217,8482,
249.487,7851,8209,8464,
249.495,7848,8206,8469,
249.507,7854,8214,8472,
249.516,7835,8214,8480,
249.527,7835,8212,8482,
249.535,7812,8214,8490,
249.545,7827,8209,8498,
249.557,7807,8227,8500,
249.565,7807,8222,8498,
249.576,7807,8217,8500,
249.586,7807,8217,8508,
249.597,7791,8219,8518,
249.608,7804,8217,8513,
249.616,7799,8219,8518,
249.626,7796,8219,8518,
249.634,7787,8219,8518,
249.645,7784,8227,8524,
249.657,7738,8191,8579,
249.666,7658,8214,8659,
249.677,7738,8227,8590,
249.687,7779,8217,8548,
249.698,7781,8239,8530,
249.706,7771,8217,8530,
249.716,7799,8222,8536,
249.727,7781,8214,8528,
249.737,7784,8219,8528,
249.746,7771,8239,8524,
249.755,7776,8227,8533,
249.766,7784,8237,8528,
249.775,7796,8214,8524,
249.787,7784,8222,8524,
249.796,7791,8219,8522,
249.805,7781,8227,8522,
249.818,7807,8217,8516,
249.826,7818,8217,8516,
249.835,7793,8227,8518,
249.845,7776,8222,8516,
249.855,7733,8209,8584,
249.867,7649,8199,8662,
249.876,7710,8219,8612,
249.885,7768,8227,8543,
249.896,7787,8212,8528,
249.905,7781,8227,8528,
249.917,7793,8222,8518,
249.927,7781,8212,8524,
249.936,7784,8230,8516,
249.947,7784,8222,8516,
249.956,7793,8222,8522,
249.967,7801,8219,8524,
249.976,7827,8222,8518,
249.985,7799,8217,8516,
249.997,7812,8214,8513,
250.006,7796,8230,8513,
250.017,7796,8214,8513,
250.026,7799,8230,8516,
250.035,7801,8219,8513,
250.046,7796,8227,8513,
250.057,7752,8204,8559,
250.065,7671,8201,8640,
250.075,7699,8217,8638,
250.087,7779,8219,8530,
250.095,7818,8214,8503,
250.104,7827,8224,8492,
250.116,7824,8222,8490,
250.126,7832,8222,8480,
250.135,7843,8217,8474,
250.145,7857,8209,8474,
250.155,7862,8212,8459,
250.165,7878,8214,8449,
250.176,7867,8204,8444,
250.185,7895,8209,8439,
250.196,7889,8209,8429,
250.207,7901,8201,8416,
250.214,7918,8199,8406,
250.226,7923,8193,8398,
250.236,7945,8199,8388,
250.246,7951,8204,8382,
250.255,7909,8183,8424,
250.267,7904,8186,8434,
250.275,7972,8196,8385,
250.284,7991,8191,8337,
250.295,8023,8191,8316,
250.305,8047,8183,8305,
250.315,8069,8183,8282,
250.324,8088,8181,8261,
250.337,8114,8178,8238,
250.343,8141,8181,8216,
250.356,8166,8175,8192,
250.367,8188,8175,8169,
250.376,8195,8173,8167,
250.387,8246,8181,8136,
250.395,8246,8178,8111,
250.405,8271,8178,8093,
250.417,8288,8175,8068,
250.425,8312,8175,8050,
250.435,8326,8178,8037,
250.446,8347,8175,8018,
250.455,8390,8175,7973,
250.464,8452,8175,7899,
250.472,8442,8175,7909,
250.486,8393,8178,7976,
250.494,8390,8178,7978,
250.506,8393,8175,7978,
250.513,8396,8175,7976,
250.524,8401,8175,7971,
250.534,8404,8175,7968,
250.544,8409,8175,7963,
250.553,8412,8175,7963,
250.564,8414,8175,7963,
250.575,8417,8178,7960,
250.586,8417,8175,7953,
250.596,8425,8175,7955,
250.607,8425,8175,7946,
250.615,8428,8178,7950,
250.623,8436,8175,7941,
250.636,8436,8175,7936,
250.644,8444,8178,7936,
250.655,8490,8175,7889,
250.663,8567,8173,7801,
250.676,8541,8175,7830,
250.684,8473,8178,7915,
250.693,8450,8178,7925,
250.706,8450,8173,7934,
250.714,8450,8178,7927,
250.725,8444,8178,7925,
250.733,8447,8178,7920,
250.744,8444,8175,7936,
250.757,8444,8178,7936,
250.763,8444,8178,7939,
250.775,8442,8178,7936,
250.784,8439,8181,7936,
250.793,8436,8178,7944,
250.818,8431,8178,7944,
250.819,8433,8178,7939,
250.825,8425,8178,7950,
250.835,8425,8178,7950,
250.845,8428,8178,7946,
250.856,8450,8175,7917,
250.866,8519,8178,7841,
250.875,8500,8178,7872,
250.885,8431,8178,7944,
250.893,8420,8175,7955,
250.902,8417,8175,7955,
250.913,8414,8175,7960,
250.925,8412,8178,7968,
250.935,8409,8175,7963,
250.944,8409,8175,7971,
250.953,8406,8178,7968,
250.967,8409,8175,7968,
250.977,8406,8178,7968,
250.984,8404,8175,7976,
250.995,8401,8175,7973,
251.005,8398,8175,7973,
251.014,8396,8178,7978,
251.025,8393,8175,7973,
251.034,8390,8175,7978,
251.043,8387,8178,7981,
251.053,8414,8178,7955,
251.062,8479,8173,7879,
251.075,8431,8178,7931,
251.082,8393,8173,7973,
251.094,8382,8175,7986,
251.103,8377,8175,7991,
251.115,8372,8175,7989,
251.124,8372,8175,7991,
251.135,8369,8175,7996,
251.145,8369,8175,7999,
251.153,8366,8175,7996,
251.164,8366,8175,8001,
251.175,8361,8175,8001,
251.184,8361,8175,8001,
251.194,8361,8175,8004,
251.205,8358,8175,8008,
251.215,8356,8175,8010,
251.223,8356,8178,8013,
251.234,8353,8175,8015,
251.242,8353,8175,8015,
251.255,8364,8175,7999,
251.263,8423,8173,7944,
251.272,8404,8178,7965,
251.284,8356,8178,8013,
251.292,8339,8175,8021,
251.305,8339,8178,8027,
251.314,8334,8175,8032,
251.325,8331,8175,8032,
251.334,8331,8175,8029,
251.345,8326,8175,8032,
251.356,8326,8175,8037,
251.364,8323,8175,8034,
251.374,8320,8175,8039,
251.386,8318,8178,8045,
251.395,8318,8175,8042,
251.406,8318,8175,8042,
251.413,8315,8178,8045,
251.424,8315,8178,8047,
251.434,8315,8175,8050,
251.443,8312,8175,8052,
251.454,8323,8175,8042,
251.463,8364,8178,7989,
251.474,8331,8175,8032,
251.483,8310,8175,8057,
251.495,8304,8175,8057,
251.503,8301,8178,8062,
251.513,8299,8175,8062,
251.523,8299,8175,8065,
251.533,8293,8175,8070,
251.543,8291,8175,8065,
251.553,8285,8175,8070,
251.564,8285,8175,8073,
251.573,8283,8175,8075,
251.581,8283,8175,8073,
251.594,8283,8175,8078,
251.603,8283,8175,8078,
251.613,8283,8178,8078,
251.622,8279,8175,8080,
251.633,8279,8175,8083,
251.644,8276,8175,8080,
251.654,8283,8178,8073,
251.663,8318,8175,8039,
251.672,8299,8178,8047,
251.683,8273,8178,8083,
251.695,8268,8175,8089,
251.703,8268,8175,8089,
251.714,8265,8175,8095,
251.722,8263,8175,8095,
251.733,8263,8175,8098,
251.745,8263,8175,8100,
251.751,8260,8175,8100,
251.762,8263,8178,8100,
251.772,8260,8175,8100,
251.783,8257,8175,8100,
251.792,8260,8175,8100,
251.804,8257,8175,8103,
251.812,8257,8175,8103,
251.823,8257,8178,8106,
251.832,8254,8175,8106,
251.844,8257,8175,8106,
251.853,8263,8175,8098,
251.862,8285,8175,8062,
251.876,8271,8178,8089,
251.883,8257,8175,8103,
251.892,8257,8175,8103,
251.905,8260,8175,8103,
251.914,8257,8175,8103,
251.923,8257,8175,8103,
251.931,8257,8175,8106,
251.944,8252,8175,8106,
251.952,8252,8175,8106,
251.961,8252,8175,8108,
251.973,8249,8175,8108,
251.986,8249,8175,8111,
251.994,8246,8175,8108,
252.005,8246,8178,8111,
252.012,8246,8175,8113,
252.023,8244,8175,8113,
252.034,8244,8175,8113,
252.044,8244,8175,8113,
252.054,8246,8175,8111,
252.063,8268,8173,8083,
252.072,8249,8175,8113,
252.085,8235,8175,8121,
252.092,8235,8175,8124,
252.104,8233,8175,8124,
252.115,8233,8175,8124,
252.123,8230,8175,8126,
252.134,8227,8178,8129,
252.143,8225,8175,8129,
252.153,8222,8175,8134,
252.163,8219,8175,8136,
252.173,8214,8178,8139,
252.182,8211,8175,8144,
252.194,8203,8175,8149,
252.204,8195,8175,8157,
252.213,8185,8175,8163,
252.223,8177,8175,8172,
252.234,8171,8175,8180,
252.242,8166,8175,8185,
252.251,8158,8178,8192,
252.261,8136,8183,8226,
252.27,8128,8178,8226,
252.282,8117,8181,8235,
252.292,8106,8183,8248,
252.301,8092,8181,8256,
252.312,8080,8183,8272,
252.322,8069,8183,8279,
252.33,8055,8183,8292,
252.344,8045,8188,8302,
252.353,8031,8186,8309,
252.363,8015,8193,8319,
252.372,8003,8188,8329,
252.383,8000,8188,8334,
252.393,7986,8188,8344,
252.403,7978,8193,8355,
252.411,7967,8193,8365,
252.423,7956,8199,8373,
252.432,7948,8201,8375,
252.441,7948,8193,8385,
252.455,7906,8193,8421,
252.461,7846,8188,8469,
252.474,7904,8206,8436,
252.48,7915,8201,8418,
252.491,7929,8204,8411,
252.503,7918,8193,8413,
252.513,7912,8196,8413,
252.524,7909,8199,8418,
252.53,7904,8201,8421,
252.541,7898,8201,8429,
252.552,7904,8206,8431,
252.56,7889,8214,8442,
252.573,7893,8209,8442,
252.582,7881,8201,8444,
252.593,7878,8209,8447,
252.599,7881,8212,8444,
252.61,7884,8212,8449,
252.623,7878,8201,8439,
252.632,7865,8199,8456,
252.643,7865,8222,8462,
252.653,7799,8199,8516,
252.662,7760,8193,8590,
252.672,7773,8201,8569,
252.684,7835,8222,8482,
252.692,7859,8206,8469,
252.701,7865,8204,8464,
252.714,7857,8224,8464,
252.722,7851,8206,8464,
252.732,7870,8209,8464,
252.74,7851,8209,8467,
252.752,7851,8206,8467,
252.762,7859,8212,8469,
252.772,7848,8219,8467,
252.781,7851,8209,8467,
252.793,7851,8214,8467,
252.803,7851,8206,8464,
252.813,7857,8204,8469,
252.821,7857,8206,8467,
252.831,7867,8217,8464,
252.842,7848,8199,8467,
252.851,7807,8199,8518,
252.861,7743,8201,8599,
252.87,7757,8209,8577,
252.881,7824,8222,8490,
252.893,7848,8206,8469,
252.9,7851,8209,8467,
252.912,7862,8219,8467,
252.928,7851,8206,8467,
252.931,7848,8212,8464,
252.942,7859,8212,8464,
252.951,7859,8206,8462,
252.962,7865,8209,8454,
252.97,7870,8212,8454,
252.983,7870,8212,8449,
252.993,7865,8214,8447,
253.003,7881,8204,8442,
253.011,7884,8214,8442,
253.02,7881,8206,8439,
253.031,7886,8201,8439,
253.04,7889,8201,8439,
253.054,7846,8206,8482,
253.061,7781,8199,8554,
253.07,7791,8206,8551,
253.08,7865,8217,8459,
253.094,7889,8201,8439,
253.1,7881,8212,8434,
253.111,7889,8206,8434,
253.121,7889,8204,8431,
253.135,7895,8204,8429,
253.142,7909,8199,8424,
253.151,7912,8206,8424,
253.163,7898,8209,8421,
253.171,7898,8193,8424,
253.182,7904,8199,8421,
253.192,7898,8206,8424,
253.202,7898,8196,8426,
253.212,7898,8196,8424,
253.223,7906,8201,8424,
253.233,7898,8204,8418,
253.239,7906,8196,8421,
253.252,7875,8204,8444,
253.26,7812,8188,8516,
253.272,7884,8209,8442,
253.282,7912,8201,8418,
253.292,7915,8204,8408,
253.3,7940,8201,8398,
253.311,7937,8196,8395,
253.322,7948,8199,8390,
253.33,7953,8193,8385,
253.34,7951,8201,8385,
253.351,7959,8201,8375,
253.36,7959,8196,8375,
253.372,7967,8196,8370,
253.38,7967,8196,8362,
253.391,7975,8193,8360,
253.4,7980,8196,8352,
253.413,7980,8199,8350,
253.419,7988,8201,8344,
253.431,7988,8188,8344,
253.441,7995,8191,8342,
253.45,7961,8191,8365,
253.462,7934,8186,8416,
253.47,7983,8201,8360,
253.482,7995,8193,8347,
253.491,7998,8196,8339,
253.501,8009,8193,8329,
253.511,8015,8193,8324,
253.52,8023,8186,8319,
253.531,8034,8193,8311,
253.54,8037,8188,8309,
253.55,8039,8188,8309,
253.56,8045,8183,8305,
253.572,8045,8191,8300,
253.581,8061,8183,8295,
253.591,8061,8186,8290,
253.601,8069,8183,8282,
253.611,8077,8186,8274,
253.622,8088,8186,8264,
253.629,8097,8183,8254,
253.641,8112,8181,8243,
253.653,8117,8181,8238,
253.66,8128,8178,8228,
253.673,8155,8178,8205,
253.681,8168,8175,8190,
253.691,8182,8175,8172,
253.7,8188,8175,8169,
253.711,8195,8175,8163,
253.72,8217,8173,8134,
253.731,8235,8175,8126,
253.739,8246,8175,8116,
253.751,8263,8175,8100,
253.759,8273,8175,8087,
253.773,8285,8175,8073,
253.779,8299,8175,8065,
253.792,8310,8175,8055,
253.801,8318,8175,8045,
253.811,8326,8175,8039,
253.821,8334,8175,8032,
253.832,8339,8175,8027,
253.839,8345,8178,8015,
253.851,8366,8175,7996,
253.864,8431,8175,7931,
253.872,8425,8178,7946,
253.881,8387,8178,7983,
253.891,8382,8175,7983,
253.9,8385,8178,7986,
253.912,8382,8175,7983,
253.919,8379,8178,7994,
253.929,8377,8175,7989,
253.941,8377,8175,7991,
253.951,8372,8175,7991,
253.961,8372,8175,7994,
253.971,8366,8175,7999,
253.982,8364,8175,8001,
253.99,8364,8175,8001,
254,8361,8178,8004,
254.012,8361,8178,8010,
254.02,8358,8178,8008,
254.03,8358,8175,8008,
254.04,8364,8181,7999,
254.052,8398,8178,7965,
254.059,8452,8181,7904,
254.071,8425,8183,7946,
254.08,8369,8175,7996,
254.091,8364,8178,8001,
254.1,8364,8178,8001,
254.111,8361,8175,8004,
254.12,8364,8175,8001,
254.13,8364,8175,8001,
254.14,8364,8175,7999,
254.153,8361,8175,8001,
254.161,8358,8175,8001,
254.171,8364,8175,8001,
254.181,8361,8175,8004,
254.19,8361,8175,8001,
254.2,8358,8175,8004,
254.211,8358,8178,8004,
254.221,8358,8175,8004,
254.229,8358,8175,8010,
254.241,8361,8178,7999,
254.249,8382,8178,7983,
254.26,8444,8175,7917,
254.268,8404,8178,7963,
254.278,8366,8173,8001,
254.292,8361,8175,8004,
254.301,8361,8175,8004,
254.309,8361,8175,8004,
254.321,8358,8175,8008,
254.332,8353,8175,8004,
254.34,8356,8178,8010,
254.351,8356,8178,8010,
254.36,8356,8175,8013,
254.371,8353,8178,8015,
254.38,8353,8175,8015,
254.391,8350,8175,8013,
254.4,8353,8175,8013,
254.41,8350,8175,8015,
254.419,8353,8175,8015,
254.43,8350,8175,8015,
254.44,8350,8178,8015,
254.451,8366,8178,7989,
254.459,8431,8175,7931,
254.472,8393,8178,7973,
254.478,8358,8175,8001,
254.49,8356,8178,8004,
254.5,8358,8175,8004,
254.508,8353,8178,8015,
254.52,8350,8178,8018,
254.528,8350,8175,8018,
254.54,8347,8178,8018,
254.55,8345,8175,8024,
254.559,8345,8175,8021,
254.57,8342,8178,8024,
254.578,8339,8178,8024,
254.589,8339,8175,8029,
254.601,8337,8178,8029,
254.61,8337,8178,8029,
254.62,8331,8175,8032,
254.627,8331,8175,8032,
254.638,8329,8175,8037,
254.65,8342,8178,8021,
254.659,8390,8178,7968,
254.67,8366,8175,7994,
254.681,8323,8175,8037,
254.689,8318,8175,8042,
254.698,8315,8175,8045,
254.71,8312,8175,8047,
254.72,8310,8175,8052,
254.729,8310,8175,8052,
254.738,8310,8178,8050,
254.748,8307,8175,8057,
254.759,8304,8175,8057,
254.767,8301,8175,8060,
254.778,8299,8175,8060,
254.787,8296,8178,8065,
254.798,8293,8175,8065,
254.809,8293,8178,8068,
254.818,8291,8175,8068,
254.829,8288,8175,8073,
254.839,8288,8178,8073,
254.849,8296,8178,8065,
254.859,8326,8178,8027,
254.868,8301,8178,8060,
254.879,8283,8178,8078,
254.888,8279,8178,8083,
254.9,8279,8181,8087,
254.91,8276,8178,8087,
254.92,8273,8178,8089,
254.93,8273,8178,8089,
254.941,8268,8178,8095,
254.95,8268,8175,8095,
254.959,8263,8178,8095,
254.99,8263,8175,8100,
254.992,8260,8175,8100,
254.992,8257,8175,8103,
255,8254,8175,8108,
255.008,8252,8175,8108,
255.02,8252,8175,8111,
255.031,8249,8175,8113,
255.037,8246,8178,8116,
255.051,8252,8178,8111,
255.058,8268,8175,8089,
255.072,8257,8178,8108,
255.077,8235,8175,8121,
255.091,8233,8175,8126,
255.099,8230,8175,8126,
255.11,8230,8175,8129,
255.12,8230,8175,8131,
255.129,8227,8178,8129,
255.14,8227,8175,8129,
255.15,8227,8178,8129,
255.159,8225,8175,8131,
255.168,8222,8175,8134,
255.179,8222,8175,8134,
255.189,8222,8175,8136,
255.198,8217,8175,8139,
255.21,8217,8175,8142,
255.219,8214,8175,8142,
255.229,8214,8175,8144,
255.241,8211,8175,8147,
255.249,8214,8175,8147,
255.26,8214,8178,8139,
255.27,8203,8175,8154,
255.28,8188,8178,8163,
255.287,8182,8178,8169,
255.298,8174,8175,8172,
255.31,8168,8175,8180,
255.319,8166,8175,8185,
255.329,8155,8178,8195,
255.338,8144,8181,8218,
255.348,8131,8181,8221,
255.358,8122,8181,8228,
255.368,8112,8181,8241,
255.379,8101,8181,8248,
255.388,8094,8181,8259,
255.4,8083,8183,8269,
255.41,8072,8183,8279,
255.419,8064,8183,8287,
255.429,8055,8183,8292,
255.438,8042,8183,8302,
255.447,8020,8183,8319,
255.458,7986,8181,8365,
255.467,7991,8188,8352,
255.479,8003,8191,8332,
255.488,7998,8188,8339,
255.499,7991,8188,8347,
255.509,7978,8196,8355,
255.517,7970,8193,8360,
255.527,7967,8196,8368,
255.538,7956,8193,8373,
255.55,7956,8196,8378,
255.556,7934,8199,8390,
255.567,7940,8196,8393,
255.58,7932,8199,8403,
255.588,7921,8206,8406,
255.598,7921,8196,8411,
255.61,7906,8206,8413,
255.618,7915,8206,8418,
255.628,7912,8201,8418,
255.637,7906,8204,8431,
255.649,7862,8199,8467,
255.659,7809,8196,8522,
255.669,7862,8206,8469,
255.678,7884,8212,8449,
255.688,7898,8204,8429,
255.699,7895,8204,8431,
255.71,7898,8201,8431,
255.716,7895,8204,8431,
255.727,7895,8201,8434,
255.738,7895,8204,8429,
255.748,7889,8206,8434,
255.757,7895,8204,8431,
255.77,7895,8199,8429,
255.78,7893,8209,8426,
255.79,7889,8201,8429,
255.798,7901,8209,8429,
255.807,7901,8204,8424,
255.819,7898,8206,8424,
255.827,7909,8193,8421,
255.838,7912,8201,8418,
255.847,7889,8196,8447,
255.857,7824,8186,8528,
255.868,7884,8209,8459,
255.878,7901,8204,8431,
255.89,7901,8206,8416,
255.897,7912,8209,8418,
255.909,7912,8204,8413,
255.92,7915,8204,8411,
255.926,7912,8201,8411,
255.94,7918,8199,8411,
255.948,7918,8201,8411,
255.959,7921,8199,8408,
255.969,7921,8201,8408,
255.978,7921,8201,8406,
255.989,7918,8206,8403,
255.998,7923,8209,8403,
256.008,7926,8196,8400,
256.016,7929,8201,8400,
256.028,7934,8193,8398,
256.038,7932,8201,8395,
256.05,7909,8188,8434,
256.056,7854,8193,8492,
256.069,7915,8204,8421,
256.078,7932,8193,8406,
256.088,7940,8191,8393,
256.097,7937,8199,8390,
256.105,7951,8199,8385,
256.117,7956,8191,8382,
256.129,7945,8196,8378,
256.139,7956,8206,8378,
256.147,7956,8201,8373,
256.158,7956,8206,8375,
256.168,7964,8199,8370,
256.176,7961,8204,8370,
256.186,7961,8193,8368,
256.197,7980,8196,8362,
256.208,7961,8193,8365,
256.217,7978,8193,8362,
256.228,7970,8191,8360,
256.237,7972,8196,8360,
256.248,7956,8199,8382,
256.257,7906,8191,8429,
256.266,7926,8193,8424,
256.278,7970,8199,8362,
256.287,7988,8199,8352,
256.298,7986,8191,8347,
256.307,7998,8193,8339,
256.317,8003,8193,8339,
256.327,7998,8188,8337,
256.338,8007,8188,8332,
256.347,8012,8186,8329,
256.355,8015,8191,8321,
256.368,8020,8188,8316,
256.375,8026,8188,8314,
256.388,8026,8188,8311,
256.397,8026,8191,8309,
256.408,8037,8188,8311,
256.418,8037,8188,8309,
256.428,8039,8188,8309,
256.436,8031,8186,8309,
256.447,8003,8188,8332,
256.457,7986,8183,8360,
256.468,8003,8188,8337,
256.477,8034,8188,8309,
256.486,8042,8186,8305,
256.498,8047,8188,8302,
256.509,8053,8183,8297,
256.518,8053,8183,8295,
256.527,8055,8186,8287,
256.536,8066,8186,8282,
256.548,8069,8188,8277,
256.556,8077,8186,8277,
256.567,8085,8186,8269,
256.576,8092,8181,8261,
256.588,8101,8181,8251,
256.597,8112,8178,8246,
256.606,8120,8181,8231,
256.617,8133,8178,8223,
256.628,8141,8178,8216,
256.639,8150,8178,8208,
256.647,8152,8178,8203,
256.659,8155,8175,8203,
256.667,8168,8175,8187,
256.678,8177,8175,8177,
256.687,8182,8175,8174,
256.696,8179,8175,8172,
256.706,8185,8175,8169,
256.715,8208,8181,8154,
256.729,8211,8178,8144,
256.737,8219,8175,8136,
256.745,8230,8175,8131,
256.756,8238,8175,8124,
256.767,8246,8175,8113,
256.778,8257,8175,8106,
256.784,8265,8175,8098,
256.797,8273,8175,8087,
256.808,8283,8178,8078,
256.816,8288,8175,8070,
256.828,8296,8175,8060,
256.837,8304,8175,8057,
256.846,8320,8178,8039,
256.857,8369,8178,7983,
256.867,8361,8178,7994,
256.878,8331,8175,8037,
256.887,8334,8175,8034,
256.898,8339,8178,8029,
256.907,8347,8175,8024,
256.917,8353,8175,8015,
256.927,8361,8175,8008,
256.935,8372,8175,7996,
256.946,8377,8178,7991,
256.954,8385,8175,7983,
256.968,8396,8175,7976,
256.978,8401,8178,7971,
256.987,8404,8178,7963,
256.996,8406,8175,7960,
257.006,8414,8175,7960,
257.017,8417,8178,7953,
257.026,8412,8178,7953,
257.034,8414,8175,7955,
257.047,8436,8175,7931,
257.055,8506,8175,7848,
257.071,8484,8178,7889,
257.075,8425,8175,7950,
257.086,8412,8173,7955,
257.096,8406,8178,7963,
257.104,8409,8178,7963,
257.118,8406,8175,7965,
257.125,8409,8175,7963,
257.136,8404,8175,7965,
257.147,8406,8178,7965,
257.155,8404,8181,7968,
257.166,8406,8178,7968,
257.175,8401,8178,7965,
257.185,8404,8178,7965,
257.195,8404,8178,7971,
257.208,8404,8178,7968,
257.215,8401,8178,7968,
257.226,8401,8175,7968,
257.236,8406,8178,7960,
257.246,8447,8181,7915,
257.256,8519,8178,7838,
257.268,8463,8178,7912,
257.277,8417,8175,7958,
257.287,8414,8175,7960,
257.296,8414,8175,7963,
257.304,8417,8178,7953,
257.316,8417,8175,7955,
257.327,8417,8175,7953,
257.335,8420,8175,7953,
257.346,8420,8175,7955,
257.356,8420,8178,7958,
257.366,8423,8173,7960,
257.377,8417,8175,7953,
257.384,8423,8175,7955,
257.398,8417,8175,7960,
257.408,8420,8175,7960,
257.415,8420,8175,7955,
257.429,8414,8173,7955,
257.435,8420,8175,7953,
257.448,8471,8173,7904,
257.457,8533,8175,7828,
257.467,8500,8178,7862,
257.475,8423,8178,7950,
257.484,8409,8175,7968,
257.495,8404,8178,7965,
257.505,8401,8175,7971,
257.516,8398,8175,7976,
257.525,8393,8175,7976,
257.535,8390,8178,7981,
257.546,8382,8178,7981,
257.554,8382,8175,7983,
257.565,8382,8178,7986,
257.575,8372,8175,7994,
257.586,8372,8178,7994,
257.597,8364,8175,7996,
257.606,8364,8175,8001,
257.616,8358,8175,8001,
257.626,8358,8175,8004,
257.634,8353,8175,8010,
257.647,8364,8175,7994,
257.657,8423,8178,7934,
257.665,8382,8175,7986,
257.673,8350,8173,8013,
257.686,8345,8175,8018,
257.696,8345,8173,8021,
257.705,8345,8175,8021,
257.713,8342,8175,8021,
257.726,8342,8175,8027,
257.734,8339,8175,8027,
257.747,8342,8175,8024,
257.756,8339,8175,8024,
257.765,8342,8175,8024,
257.775,8339,8175,8027,
257.785,8339,8175,8029,
257.795,8337,8178,8029,
257.804,8337,8175,8027,
257.814,8334,8175,8032,
257.827,8334,8175,8037,
257.835,8334,8178,8034,
257.845,8347,8175,8018,
257.854,8396,8175,7963,
257.867,8358,8178,8010,
257.877,8329,8175,8037,
257.886,8326,8175,8039,
257.895,8320,8178,8039,
257.907,8320,8175,8039,
257.915,8315,8178,8042,
257.927,8315,8175,8045,
257.935,8312,8175,8047,
257.943,8310,8178,8047,
257.954,8310,8175,8047,
257.967,8310,8175,8050,
257.974,8307,8175,8052,
257.985,8301,8175,8055,
257.997,8301,8178,8060,
258.007,8299,8175,8065,
258.013,8301,8178,8062,
258.026,8296,8178,8065,
258.034,8299,8175,8065,
258.046,8307,8178,8050,
258.057,8350,8175,8010,
258.064,8334,8181,8021,
258.075,8296,8178,8065,
258.086,8288,8175,8073,
258.094,8288,8178,8068,
258.104,8288,8175,8073,
258.117,8288,8175,8068,
258.127,8285,8175,8073,
258.137,8283,8175,8073,
258.144,8283,8175,8075,
258.154,8283,8175,8078,
258.164,8283,8175,8080,
258.175,8276,8175,8083,
258.183,8273,8175,8089,
258.195,8271,8175,8087,
258.205,8271,8175,8095,
258.214,8268,8175,8095,
258.227,8265,8173,8098,
258.236,8265,8175,8098,
258.244,8276,8178,8083,
258.253,8304,8175,8052,
258.265,8273,8175,8089,
258.274,8252,8175,8103,
258.285,8254,8175,8111,
258.295,8252,8175,8111,
258.304,8249,8175,8111,
258.315,8249,8175,8113,
258.324,8246,8175,8116,
258.335,8244,8175,8121,
258.347,8241,8175,8124,
258.354,8235,8175,8126,
258.365,8235,8175,8129,
258.374,8230,8175,8129,
258.384,8227,8175,8134,
258.396,8225,8178,8136,
258.406,8219,8175,8136,
258.412,8217,8175,8142,
258.425,8211,8175,8147,
258.435,8200,8175,8154,
258.445,8198,8175,8157,
258.457,8192,8175,8161,
258.467,8182,8175,8174,
258.475,8174,8175,8180,
258.483,8171,8175,8182,
258.493,8163,8175,8190,
258.505,8139,8181,8216,
258.517,8133,8183,8216,
258.526,8128,8183,8226,
258.533,8114,8183,8235,
258.543,8103,8183,8248,
258.554,8092,8183,8256,
258.564,8080,8186,8269,
258.573,8069,8186,8279,
258.584,8061,8186,8287,
258.596,8050,8191,8297,
258.605,8042,8188,8305,
258.613,8028,8188,8309,
258.625,8018,8191,8321,
258.634,8003,8191,8332,
258.647,7956,8186,8378,
258.652,7929,8196,8416,
258.663,7964,8196,8378,
258.674,7961,8193,8378,
258.684,7961,8193,8370,
258.696,7959,8191,8378,
258.705,7951,8196,8382,
258.714,7948,8196,8390,
258.723,7934,8193,8395,
258.737,7932,8199,8400,
258.743,7934,8196,8403,
258.755,7921,8201,8408,
258.763,7918,8201,8411,
258.774,7909,8206,8418,
258.784,7912,8204,8418,
258.794,7904,8204,8418,
258.806,7915,8206,8421,
258.812,7893,8204,8421,
258.823,7898,8204,8424,
258.836,7895,8206,8431,
258.843,7843,8191,8474,
258.858,7801,8196,8541,
258.865,7815,8201,8528,
258.873,7867,8209,8456,
258.885,7875,8209,8447,
258.894,7884,8206,8447,
258.904,7884,8209,8447,
258.915,7878,8206,8444,
258.924,7881,8217,8447,
258.934,7881,8209,8442,
258.944,7873,8206,8447,
258.951,7893,8217,8436,
258.962,7881,8212,8439,
258.975,7906,8204,8436,
258.985,7895,8196,8436,
258.996,7884,8201,8436,
259.003,7895,8201,8434,
259.014,7895,8206,8434,
259.025,7895,8206,8434,
259.034,7895,8206,8431,
259.042,7857,8191,8467,
259.053,7799,8191,8554,
259.064,7829,8204,8510,
259.074,7886,8209,8449,
259.083,7895,8217,8436,
259.092,7886,8204,8431,
259.105,7898,8204,8431,
259.114,7904,8204,8429,
259.122,7895,8206,8426,
259.135,7904,8206,8431,
259.143,7901,8204,8424,
259.153,7898,8204,8426,
259.163,7906,8206,8424,
259.171,7901,8206,8431,
259.184,7881,8199,8436,
259.193,7895,8204,8434,
259.203,7893,8201,8439,
259.214,7889,8214,8439,
259.222,7889,8206,8434,
259.233,7884,8212,8436,
259.245,7848,8193,8477,
259.251,7801,8191,8551,
259.263,7857,8214,8472,
259.272,7873,8206,8444,
259.283,7909,8204,8426,
259.291,7895,8206,8426,
259.303,7898,8204,8418,
259.312,7909,8204,8416,
259.323,7921,8204,8413,
259.333,7912,8201,8411,
259.342,7926,8199,8408,
259.354,7923,8201,8406,
259.363,7923,8204,8403,
259.372,7932,8196,8395,
259.381,7934,8193,8400,
259.392,7945,8199,8395,
259.404,7948,8196,8390,
259.414,7948,8206,8388,
259.424,7948,8191,8390,
259.433,7937,8206,8390,
259.442,7889,8193,8442,
259.453,7873,8191,8469,
259.462,7909,8199,8424,
259.471,7937,8204,8390,
259.483,7959,8196,8375,
259.494,7956,8196,8375,
259.503,7961,8193,8375,
259.512,7961,8199,8370,
259.523,7964,8199,8370,
259.531,7964,8196,8370,
259.546,7972,8191,8365,
259.552,7972,8199,8362,
259.561,7975,8193,8360,
259.574,7975,8199,8355,
259.587,7986,8196,8350,
259.591,7986,8193,8347,
259.603,7991,8196,8344,
259.612,7998,8191,8339,
259.622,8000,8191,8337,
259.633,8003,8196,8332,
259.642,7983,8191,8347,
259.653,7961,8183,8390,
259.664,7986,8193,8360,
259.672,8018,8193,8319,
259.683,8028,8186,8309,
259.692,8037,8186,8309,
259.704,8047,8183,8300,
259.711,8055,8188,8290,
259.722,8074,8186,8277,
259.731,8088,8183,8261,
259.743,8106,8181,8246,
259.753,8128,8178,8228,
259.761,8139,8178,8216,
259.774,8155,8175,8200,
259.785,8168,8175,8187,
259.794,8182,8175,8174,
259.804,8185,8175,8172,
259.813,8188,8173,8167,
259.822,8230,8186,8167,
259.834,8222,8175,8136,
259.844,8244,8175,8116,
259.852,8271,8175,8080,
259.863,8265,8178,8100,
259.873,8257,8175,8100,
259.883,8263,8175,8095,
259.892,8273,8175,8087,
259.901,8283,8175,8080,
259.914,8285,8175,8073,
259.924,8296,8175,8065,
259.932,8304,8175,8057,
259.943,8310,8175,8052,
259.953,8318,8175,8045,
259.962,8323,8175,8039,
259.971,8331,8175,8034,
259.982,8329,8178,8032,
259.992,8337,8178,8029,
260.001,8339,8178,8024,
260.012,8339,8178,8021,
260.021,8345,8181,8021,
260.032,8345,8178,8021,
260.043,8364,8178,7994,
260.052,8420,8183,7931,
260.063,8385,8178,7983,
260.074,8347,8178,8015,
260.083,8350,8178,8013,
260.093,8347,8175,8013,
260.101,8347,8175,8010,
260.11,8350,8175,8013,
260.123,8353,8175,8004,
260.133,8353,8175,8010,
260.142,8356,8175,8008,
260.151,8356,8175,8004,
260.163,8358,8175,8008,
260.174,8358,8175,8001,
260.183,8358,8175,8004,
260.193,8364,8178,8004,
260.204,8358,8178,8001,
260.212,8358,8175,8001,
260.224,8364,8175,7996,
260.233,8369,8175,7991,
260.243,8398,8175,7963,
260.252,8468,8175,7894,
260.262,8412,8175,7958,
260.271,8379,8175,7981,
260.282,8379,8175,7989,
260.291,8377,8175,7991,
260.303,8382,8175,7989,
260.314,8379,8175,7986,
260.322,8382,8178,7983,
260.333,8379,8175,7986,
260.341,8385,8175,7981,
260.354,8382,8178,7986,
260.361,8387,8175,7986,
260.374,8387,8175,7983,
260.383,8390,8175,7981,
260.392,8390,8175,7978,
260.401,8390,8175,7981,
260.413,8393,8175,7981,
260.423,8398,8175,7978,
260.431,8404,8175,7971,
260.442,8444,8175,7922,
260.45,8503,8175,7860,
260.462,8444,8175,7927,
260.474,8406,8178,7968,
260.484,8401,8178,7971,
260.491,8398,8175,7976,
260.503,8398,8175,7976,
260.511,8393,8178,7973,
260.521,8393,8178,7976,
260.532,8393,8178,7973,
260.542,8390,8178,7978,
260.552,8390,8178,7976,
260.563,8385,8181,7981,
260.571,8385,8178,7983,
260.582,8382,8181,7983,
260.591,8385,8181,7981,
260.603,8387,8178,7983,
260.612,8385,8175,7983,
260.621,8387,8178,7986,
260.633,8387,8178,7981,
260.644,8423,8178,7946,
260.652,8490,8178,7872,
260.661,8461,8178,7899,
260.673,8398,8178,7978,
260.682,8385,8178,7983,
260.691,8382,8178,7986,
260.702,8382,8175,7986,
260.711,8382,8175,7986,
260.723,8377,8175,7989,
260.73,8377,8175,7991,
260.74,8369,8175,7996,
260.753,8366,8175,7991,
260.761,8366,8178,7994,
260.772,8366,8175,7999,
260.782,8361,8175,8001,
260.79,8364,8178,7999,
260.8,8364,8175,7999,
260.813,8361,8175,7999,
260.821,8361,8175,7999,
260.832,8358,8175,8004,
260.841,8390,8175,7973,
260.852,8442,8173,7917,
260.863,8387,8178,7973,
260.87,8347,8173,8010,
260.881,8347,8175,8021,
260.891,8342,8175,8021,
260.9,8345,8175,8021,
260.91,8339,8175,8018,
260.92,8342,8175,8024,
260.931,8339,8178,8027,
260.94,8337,8175,8032,
260.952,8334,8173,8027,
260.963,8334,8175,8029,
260.971,8331,8178,8032,
260.983,8329,8175,8034,
260.989,8326,8175,8037,
261,8323,8175,8039,
261.011,8326,8175,8039,
261.023,8323,8181,8039,
261.032,8323,8173,8037,
261.041,8342,8175,8018,
261.051,8390,8178,7963,
261.063,8342,8175,8018,
261.072,8318,8175,8047,
261.08,8315,8175,8055,
261.09,8312,8178,8052,
261.099,8312,8175,8052,
261.111,8312,8178,8052,
261.124,8310,8175,8055,
261.13,8307,8175,8055,
261.14,8307,8175,8055,
261.153,8304,8175,8060,
261.162,8304,8175,8060,
261.172,8301,8175,8060,
261.18,8299,8178,8062,
261.189,8296,8175,8060,
261.203,8291,8178,8068,
261.209,8291,8178,8070,
261.221,8288,8175,8070,
261.231,8288,8175,8070,
261.242,8299,8178,8060,
261.253,8337,8175,8024,
261.261,8318,8178,8034,
261.271,8283,8178,8075,
261.279,8283,8175,8080,
261.292,8283,8175,8080,
261.298,8283,8175,8080,
261.31,8276,8175,8083,
261.319,8276,8175,8080,
261.332,8273,8175,8087,
261.338,8273,8175,8087,
261.357,8271,8178,8093,
261.36,8268,8178,8089,
261.372,8268,8181,8098,
261.379,8263,8178,8100,
261.39,8260,8178,8103,
261.4,8257,8178,8106,
261.41,8252,8178,8111,
261.422,8246,8183,8118,
261.431,8244,8178,8118,
261.44,8246,8181,8116,
261.451,8252,8178,8100,
261.46,8225,8175,8136,
261.469,8203,8178,8152,
261.48,8195,8178,8161,
261.49,8182,8175,8174,
261.5,8171,8175,8185,
261.509,8166,8175,8190,
261.522,8155,8178,8203,
261.531,8136,8175,8213,
261.541,8125,8181,8231,
261.55,8114,8181,8243,
261.56,8101,8181,8254,
261.572,8085,8183,8266,
261.581,8074,8181,8277,
261.591,8058,8183,8287,
261.601,8047,8183,8297,
261.61,8039,8186,8309,
261.622,8028,8186,8314,
261.632,8015,8188,8326,
261.64,7988,8191,8347,
261.651,7948,8188,8395,
261.661,7953,8193,8390,
261.669,7970,8196,8362,
261.68,7972,8188,8360,
261.689,7964,8196,8368,
261.701,7959,8199,8370,
261.71,7956,8196,8378,
261.725,7945,8196,8385,
261.73,7942,8191,8390,
261.742,7942,8199,8390,
261.751,7934,8193,8400,
261.76,7923,8204,8406,
261.77,7912,8199,8406,
261.78,7912,8201,8408,
261.792,7918,8199,8416,
261.799,7904,8209,8413,
261.809,7898,8206,8416,
261.821,7893,8206,8421,
261.832,7886,8212,8436,
261.84,7843,8193,8477,
261.849,7787,8191,8548,
261.859,7801,8204,8536,
261.868,7862,8206,8467,
261.881,7865,8212,8447,
261.891,7878,8214,8454,
261.901,7862,8206,8454,
261.909,7865,8209,8456,
261.918,7867,8209,8456,
261.932,7870,8201,8459,
261.94,7881,8209,8459,
261.951,7865,8204,8454,
261.96,7875,8206,8449,
261.969,7881,8201,8459,
261.977,7867,8206,8449,
261.99,7862,8214,8456,
262.001,7878,8212,8456,
262.01,7873,8219,8454,
262.019,7870,8206,8454,
262.031,7865,8209,8456,
262.039,7832,8196,8505,
262.049,7779,8193,8548,
262.061,7793,8206,8554,
262.07,7857,8219,8474,
262.08,7870,8212,8462,
262.089,7873,8193,8454,
262.102,7867,8212,8449,
262.11,7875,8212,8449,
262.118,7865,8206,8454,
262.131,7870,8199,8454,
262.139,7870,8201,8456,
262.151,7870,8214,8454,
262.159,7873,8214,8449,
262.172,7884,8212,8454,
262.179,7886,8209,8447,
262.19,7881,8209,8444,
262.199,7873,8217,8449,
262.209,7886,8212,8442,
262.219,7878,8214,8439,
262.231,7867,8204,8449,
262.238,7812,8183,8508,
262.249,7779,8196,8559,
262.26,7832,8212,8503,
262.27,7878,8209,8459,
262.279,7884,8206,8434,
262.29,7889,8204,8431,
262.3,7901,8209,8429,
262.309,7895,8206,8431,
262.317,7898,8201,8429,
262.329,7912,8206,8418,
262.338,7915,8196,8418,
262.35,7921,8201,8416,
262.36,7918,8201,8413,
262.368,7915,8201,8408,
262.38,7923,8201,8403,
262.388,7921,8193,8403,
262.399,7932,8201,8393,
262.407,7940,8212,8390,
262.42,7937,8193,8390,
262.429,7953,8201,8388,
262.439,7909,8193,8424,
262.472,7878,8191,8485,
262.475,7895,8199,8439,
262.476,7942,8201,8382,
262.48,7953,8196,8378,
262.488,7964,8204,8368,
262.499,7959,8191,8368,
262.508,7972,8196,8365,
262.521,7978,8193,8360,
262.53,7975,8196,8357,
262.538,7978,8196,8357,
262.55,7991,8191,8355,
262.558,7980,8193,8352,
262.569,7983,8196,8350,
262.578,7983,8196,8344,
262.589,7991,8188,8342,
262.598,7995,8196,8339,
262.609,7998,8191,8332,
262.619,8003,8191,8332,
262.63,7998,8188,8332,
262.641,7980,8183,8355,
262.649,7948,8188,8382,
262.658,7986,8196,8350,
262.669,8007,8193,8339,
262.677,8000,8191,8329,
262.692,8003,8188,8329,
262.701,8007,8191,8326,
262.712,8012,8196,8329,
262.718,8012,8191,8324,
262.728,8018,8186,8321,
262.738,8023,8188,8316,
262.748,8023,8191,8314,
262.757,8037,8186,8309,
262.768,8045,8188,8305,
262.78,8050,8181,8297,
262.789,8061,8186,8290,
262.798,8064,8186,8284,
262.811,8074,8183,8272,
262.821,8088,8183,8261,
262.828,8097,8183,8251,
262.839,8103,8178,8248,
262.85,8101,8175,8254,
262.859,8128,8181,8226,
262.871,8139,8178,8218,
262.879,8144,8178,8210,
262.889,8152,8175,8203,
262.9,8160,8178,8198,
262.91,8166,8175,8190,
262.917,8171,8178,8185,
262.928,8177,8178,8180,
262.94,8182,8178,8174,
262.95,8182,8178,8172,
262.959,8192,8178,8167,
262.969,8208,8181,8149,
262.978,8219,8178,8142,
262.99,8227,8178,8131,
262.999,8238,8178,8124,
263.008,8246,8178,8116,
263.017,8260,8178,8103,
263.03,8271,8178,8089,
263.039,8291,8178,8068,
263.048,8339,8178,8018,
263.057,8323,8181,8039,
263.068,8318,8178,8047,
263.079,8326,8178,8037,
263.091,8331,8178,8032,
263.097,8339,8181,8027,
263.108,8347,8178,8015,
263.12,8353,8178,8013,
263.127,8358,8178,8008,
263.137,8366,8175,7996,
263.146,8369,8175,7994,
263.16,8377,8175,7994,
263.171,8382,8178,7986,
263.178,8387,8173,7986,
263.189,8387,8175,7983,
263.199,8390,8175,7976,
263.208,8396,8175,7976,
263.218,8398,8178,7976,
263.229,8404,8175,7965,
263.238,8444,8175,7927,
263.249,8511,8168,7852,
263.257,8455,8178,7917,
263.268,8409,8170,7960,
263.279,8401,8175,7971,
263.286,8404,8175,7968,
263.299,8401,8175,7976,
263.309,8401,8178,7973,
263.318,8401,8175,7971,
263.33,8398,8178,7968,
263.34,8398,8175,7971,
263.347,8401,8175,7968,
263.358,8401,8175,7965,
263.369,8404,8178,7963,
263.378,8409,8175,7963,
263.386,8409,8175,7958,
263.398,8409,8175,7960,
263.406,8412,8175,7960,
263.418,8412,8173,7960,
263.426,8420,8178,7958,
263.438,8458,8175,7922,
263.45,8525,8178,7835,
263.457,8495,8178,7879,
263.467,8433,8178,7950,
263.48,8420,8178,7953,
263.487,8414,8178,7960,
263.508,8417,8178,7963,
263.509,8414,8178,7965,
263.518,8409,8178,7965,
263.529,8409,8178,7965,
263.538,8401,8181,7968,
263.55,8398,8175,7968,
263.558,8393,8175,7973,
263.569,8393,8175,7976,
263.579,8396,8175,7978,
263.597,8390,8175,7981,
263.598,8387,8178,7978,
263.606,8382,8175,7986,
263.618,8382,8175,7981,
263.626,8382,8178,7991,
263.639,8404,8175,7971,
263.646,8452,8173,7902,
263.657,8433,8181,7939,
263.668,8387,8175,7991,
263.678,8379,8175,7994,
263.687,8372,8175,7994,
263.698,8369,8175,7999,
263.707,8369,8178,7999,
263.716,8369,8175,7996,
263.729,8366,8175,8004,
263.738,8366,8175,8001,
263.748,8366,8175,7999,
263.757,8361,8175,8004,
263.766,8366,8175,8001,
263.778,8366,8175,8001,
263.787,8364,8178,8004,
263.798,8366,8175,8001,
263.808,8364,8175,8001,
263.818,8361,8178,8001,
263.829,8366,8175,8001,
263.839,8390,8175,7976,
263.849,8447,8175,7912,
263.858,8412,8181,7958,
263.867,8369,8175,7991,
263.878,8364,8178,7996,
263.888,8364,8175,7999,
263.897,8364,8175,7999,
263.908,8361,8175,8001,
263.918,8361,8175,8004,
263.927,8361,8175,7999,
263.938,8356,8178,8008,
263.948,8356,8175,8008,
263.958,8356,8178,8013,
263.968,8353,8178,8015,
263.978,8353,8175,8013,
263.987,8350,8173,8018,
263.995,8345,8175,8024,
264.008,8345,8175,8024,
264.017,8342,8175,8027,
264.027,8342,8175,8024,
264.036,8356,8175,8001,
264.048,8409,8173,7944,
264.057,8366,8175,7994,
264.065,8339,8173,8018,
264.077,8337,8178,8027,
264.086,8334,8178,8027,
264.099,8334,8181,8029,
264.105,8331,8181,8027,
264.118,8331,8178,8029,
264.126,8329,8178,8032,
264.138,8334,8178,8029,
264.148,8329,8181,8034,
264.154,8326,8178,8037,
264.167,8326,8178,8039,
264.177,8323,8175,8039,
264.187,8323,8175,8039,
264.196,8320,8175,8045,
264.206,8318,8175,8042,
264.215,8320,8175,8045,
264.226,8320,8175,8039,
264.234,8331,8175,8029,
264.248,8377,8178,7978,
264.257,8356,8178,8004,
264.269,8315,8175,8050,
264.276,8312,8175,8047,
264.288,8310,8175,8050,
264.297,8307,8175,8052,
264.309,8301,8175,8055,
264.318,8299,8175,8057,
264.326,8299,8175,8060,
264.335,8296,8178,8060,
264.346,8293,8175,8065,
264.355,8293,8175,8068,
264.366,8291,8175,8068,
264.375,8296,8175,8068,
264.389,8293,8175,8070,
264.396,8293,8175,8070,
264.406,8288,8175,8073,
264.415,8288,8178,8073,
264.427,8288,8175,8073,
264.437,8310,8175,8050,
264.448,8347,8175,8008,
264.456,8312,8175,8050,
264.47,8283,8175,8075,
264.477,8283,8175,8080,
264.488,8283,8175,8078,
264.496,8283,8175,8078,
264.506,8279,8175,8080,
264.515,8276,8175,8080,
264.529,8276,8175,8080,
264.536,8276,8178,8083,
264.546,8273,8175,8083,
264.558,8276,8175,8083,
264.566,8273,8175,8087,
264.575,8271,8175,8089,
264.587,8268,8175,8095,
264.595,8263,8178,8095,
264.607,8263,8175,8098,
264.615,8260,8175,8100,
264.625,8257,8178,8103,
264.637,8263,8178,8098,
264.647,8279,8175,8073,
264.658,8260,8178,8095,
264.667,8235,8175,8116,
264.676,8227,8178,8129,
264.685,8222,8175,8134,
264.696,8214,8175,8144,
264.705,8206,8175,8149,
264.716,8195,8175,8161,
264.725,8185,8175,8169,
264.737,8174,8175,8177,
264.746,8168,8175,8185,
264.756,8160,8178,8190,
264.765,8141,8191,8213,
264.775,8125,8181,8228,
264.787,8109,8181,8243,
264.797,8094,8181,8254,
264.806,8083,8183,8266,
264.815,8069,8183,8279,
264.828,8055,8183,8287,
264.835,8037,8183,8309,
264.846,7986,8183,8352,
264.855,8018,8193,8326,
264.866,8009,8193,8334,
264.876,7998,8193,8334,
264.887,7988,8188,8350,
264.896,7980,8188,8355,
264.905,7970,8193,8360,
264.917,7972,8191,8368,
264.926,7956,8188,8375,
264.937,7951,8193,8382,
264.945,7940,8199,8388,
264.956,7929,8201,8398,
264.966,7934,8199,8398,
264.975,7918,8204,8411,
264.988,7915,8196,8413,
264.997,7909,8206,8424,
265.008,7895,8206,8431,
265.016,7904,8219,8434,
265.028,7893,8209,8436,
265.037,7835,8191,8482,
265.043,7787,8196,8561,
265.058,7848,8217,8487,
265.066,7870,8214,8462,
265.075,7875,8212,8449,
265.086,7867,8212,8447,
265.095,7886,8217,8454,
265.105,7865,8217,8449,
265.116,7870,8219,8454,
265.127,7865,8209,8454,
265.138,7873,8206,8456,
265.145,7865,8204,8454,
265.154,7862,8209,8459,
265.167,7865,8217,8456,
265.177,7865,8201,8449,
265.186,7862,8217,8454,
265.196,7870,8206,8459,
265.206,7862,8219,8459,
265.215,7875,8201,8459,
265.225,7846,8209,8462,
265.235,7784,8199,8538,
265.245,7749,8196,8596,
265.256,7791,8209,8533,
265.267,7835,8209,8480,
265.276,7854,8209,8469,
265.285,7848,8214,8472,
265.297,7846,8209,8477,
265.303,7854,8212,8474,
265.317,7851,8214,8472,
265.323,7846,8206,8469,
265.335,7848,8214,8467,
265.345,7848,8201,8467,
265.356,7859,8214,8464,
265.365,7859,8214,8464,
265.376,7857,8199,8459,
265.388,7857,8212,8464,
265.397,7878,8206,8456,
265.407,7873,8209,8456,
265.416,7875,8222,8454,
265.426,7867,8214,8454,
265.439,7824,8199,8508,
265.446,7793,8196,8574,
265.455,7829,8212,8503,
265.466,7873,8224,8449,
265.477,7893,8209,8436,
265.483,7886,8204,8434,
265.495,7889,8212,8429,
265.506,7901,8206,8424,
265.516,7906,8201,8424,
265.527,7898,8206,8421,
265.537,7906,8206,8421,
265.547,7909,8204,8416,
265.558,7909,8206,8416,
265.564,7918,8204,8411,
265.575,7912,8201,8408,
265.584,7923,8199,8406,
265.595,7926,8204,8400,
265.604,7926,8206,8400,
265.616,7932,8201,8400,
265.627,7921,8199,8398,
265.636,7867,8191,8456,
265.645,7862,8193,8480,
265.654,7878,8196,8462,
265.665,7942,8204,8390,
265.673,7942,8199,8378,
265.685,7956,8201,8375,
265.693,7961,8188,8368,
265.706,7961,8196,8368,
265.715,7967,8191,8365,
265.726,7978,8196,8360,
265.734,7978,8196,8355,
265.745,7978,8199,8352,
265.756,7986,8196,8350,
265.766,7988,8193,8347,
265.775,7991,8199,8339,
265.784,8000,8196,8339,
265.795,8003,8193,8337,
265.807,8003,8193,8334,
265.816,8003,8193,8332,
265.824,8003,8193,8329,
265.837,7980,8186,8352,
265.845,7956,8188,8378,
265.855,7967,8191,8368,
265.864,8015,8193,8326,
265.874,8020,8191,8319,
265.885,8020,8188,8316,
265.895,8031,8188,8311,
265.905,8037,8191,8309,
265.916,8045,8186,8300,
265.925,8050,8188,8297,
265.936,8061,8183,8287,
265.946,8064,8186,8282,
265.956,8077,8186,8272,
265.966,8088,8186,8261,
265.974,8097,8186,8251,
265.984,8114,8186,8241,
265.993,8125,8183,8226,
266.006,8139,8181,8213,
266.014,8152,8181,8203,
266.025,8166,8181,8190,
266.038,8177,8178,8177,
266.046,8185,8178,8172,
266.054,8188,8178,8169,
266.065,8195,8178,8167,
266.075,8211,8175,8147,
266.084,8227,8175,8134,
266.096,8235,8175,8124,
266.107,8249,8175,8113,
266.116,8260,8175,8103,
266.124,8271,8175,8089,
266.135,8283,8175,8083,
266.145,8291,8175,8070,
266.153,8301,8175,8060,
266.164,8315,8175,8047,
266.172,8331,8175,8037,
266.184,8342,8178,8024,
266.193,8350,8175,8015,
266.202,8364,8178,7999,
266.214,8377,8178,7994,
266.226,8387,8175,7983,
266.238,8417,8178,7950,
266.243,8484,8183,7881,
266.257,8433,8175,7931,
266.266,8409,8175,7963,
266.274,8404,8175,7965,
266.284,8406,8175,7965,
266.296,8401,8178,7973,
266.304,8401,8175,7973,
266.314,8401,8175,7973,
266.325,8404,8173,7968,
266.335,8406,8175,7965,
266.343,8404,8175,7963,
266.357,8406,8175,7965,
266.364,8409,8175,7963,
266.375,8412,8178,7960,
266.382,8409,8175,7965,
266.394,8406,8175,7963,
266.406,8412,8178,7960,
266.414,8409,8178,7963,
266.422,8414,8181,7953,
266.433,8452,8175,7915,
266.446,8527,8178,7828,
266.455,8476,8178,7899,
266.465,8420,8175,7950,
266.474,8417,8178,7955,
266.483,8412,8178,7960,
266.493,8414,8175,7960,
266.504,8414,8178,7963,
266.513,8414,8178,7958,
266.526,8412,8178,7960,
266.533,8414,8178,7965,
266.544,8412,8178,7963,
266.554,8414,8178,7963,
266.564,8414,8181,7960,
266.574,8412,8178,7960,
266.583,8412,8178,7963,
266.594,8414,8175,7971,
266.605,8412,8178,7960,
266.613,8409,8175,7963,
266.623,8409,8178,7960,
266.632,8423,8175,7946,
266.644,8500,8178,7857,
266.654,8473,8178,7891,
266.665,8420,8178,7950,
266.671,8406,8175,7965,
266.685,8406,8175,7968,
266.694,8406,8178,7968,
266.703,8406,8175,7965,
266.712,8406,8173,7965,
266.724,8406,8178,7968,
266.735,8406,8178,7963,
266.745,8404,8175,7973,
266.753,8406,8175,7968,
266.763,8404,8175,7973,
266.774,8396,8178,7971,
266.783,8396,8175,7973,
266.793,8396,8175,7978,
266.805,8393,8175,7976,
266.814,8387,8175,7981,
266.822,8390,8175,7978,
266.834,8412,8175,7960,
266.843,8468,8175,7889,
266.853,8447,8178,7915,
266.862,8398,8178,7978,
266.874,8390,8175,7981,
266.884,8387,8175,7983,
266.894,8385,8178,7983,
266.903,8385,8178,7983,
266.913,8382,8175,7989,
266.943,8379,8178,7989,
266.944,8379,8175,7989,
266.944,8377,8178,7986,
266.952,8379,8175,7989,
266.963,8377,8178,7994,
266.974,8377,8175,7994,
266.982,8372,8175,7991,
266.994,8366,8175,7994,
267.002,8366,8178,7994,
267.014,8366,8178,7996,
267.022,8361,8175,8001,
267.035,8387,8178,7981,
267.043,8439,8178,7915,
267.053,8404,8175,7960,
267.062,8361,8175,8004,
267.074,8356,8178,8004,
267.083,8353,8175,8010,
267.094,8356,8175,8010,
267.105,8350,8175,8015,
267.114,8353,8175,8018,
267.124,8347,8175,8021,
267.134,8347,8175,8018,
267.145,8345,8175,8024,
267.154,8345,8175,8021,
267.166,8342,8175,8021,
267.175,8339,8175,8027,
267.184,8337,8178,8027,
267.193,8331,8175,8034,
267.204,8329,8175,8034,
267.212,8326,8178,8034,
267.224,8323,8175,8037,
267.232,8347,8175,8013,
267.244,8398,8170,7963,
267.253,8347,8175,8010,
267.264,8318,8175,8039,
267.272,8312,8175,8050,
267.281,8318,8175,8042,
267.294,8312,8175,8047,
267.303,8312,8178,8047,
267.313,8310,8175,8050,
267.321,8307,8175,8055,
267.332,8304,8175,8057,
267.343,8304,8175,8057,
267.353,8301,8175,8060,
267.362,8299,8175,8062,
267.373,8296,8175,8062,
267.383,8293,8175,8062,
267.393,8293,8175,8065,
267.402,8293,8175,8070,
267.412,8291,8178,8068,
267.424,8291,8175,8068,
267.43,8301,8175,8057,
267.443,8334,8178,8015,
267.454,8320,8178,8039,
267.465,8285,8175,8068,
267.471,8285,8175,8075,
267.483,8285,8175,8070,
267.494,8283,8178,8075,
267.504,8283,8175,8075,
267.514,8283,8175,8075,
267.52,8279,8175,8080,
267.532,8279,8175,8078,
267.544,8279,8175,8078,
267.553,8279,8175,8080,
267.562,8279,8175,8080,
267.572,8276,8175,8080,
267.581,8276,8173,8083,
267.593,8273,8175,8083,
267.601,8271,8175,8087,
267.611,8273,8175,8089,
267.622,8273,8175,8089,
267.631,8283,8175,8073,
267.642,8307,8175,8045,
267.653,8283,8181,8078,
267.664,8260,8178,8100,
267.672,8260,8181,8106,
267.682,8257,8181,8103,
267.691,8252,8181,8106,
267.703,8249,8178,8111,
267.714,8244,8178,8116,
267.724,8238,8178,8121,
267.732,8233,8178,8129,
267.742,8225,8175,8131,
267.752,8217,8175,8142,
267.764,8200,8175,8152,
267.773,8188,8175,8163,
267.781,8177,8175,8177,
267.793,8166,8175,8187,
267.805,8155,8178,8198,
267.812,8136,8175,8216,
267.82,8122,8181,8228,
267.833,8097,8181,8254,
267.842,8066,8183,8290,
267.851,8066,8183,8292,
267.861,8064,8186,8284,
267.871,8047,8183,8300,
267.883,8034,8186,8309,
267.894,8020,8191,8319,
267.902,8012,8186,8329,
267.913,7991,8193,8342,
267.921,7983,8193,8352,
267.932,7972,8191,8360,
267.942,7964,8199,8370,
267.954,7959,8193,8375,
267.963,7945,8201,8385,
267.972,7937,8196,8390,
267.98,7921,8206,8398,
267.993,7923,8204,8406,
268.001,7929,8201,8406,
268.012,7904,8209,8416,
268.021,7901,8204,8426,
268.031,7846,8196,8485,
268.04,7818,8196,8541,
268.055,7859,8209,8485,
268.062,7867,8209,8456,
268.071,7889,8204,8442,
268.08,7878,8212,8444,
268.091,7873,8204,8447,
268.101,7875,8201,8449,
268.112,7870,8214,8454,
268.122,7867,8209,8459,
268.131,7870,8212,8456,
268.142,7862,8206,8456,
268.155,7862,8204,8462,
268.16,7857,8206,8462,
268.171,7859,8206,8459,
268.183,7851,8212,8462,
268.191,7873,8214,8464,
268.2,7857,8212,8467,
268.212,7848,8212,8472,
268.221,7848,8212,8474,
268.232,7804,8188,8522,
268.241,7741,8201,8599,
268.249,7801,8222,8533,
268.263,7827,8212,8485,
268.275,7843,8204,8482,
268.283,7835,8214,8477,
268.29,7840,8212,8477,
268.301,7846,8217,8472,
268.314,7835,8214,8472,
268.323,7857,8212,8469,
268.329,7838,8206,8480,
268.34,7854,8212,8472,
268.35,7848,8206,8467,
268.361,7854,8209,8469,
268.371,7846,8209,8469,
268.38,7854,8219,8467,
268.39,7865,8206,8462,
268.402,7867,8214,8462,
268.411,7862,8214,8464,
268.421,7859,8206,8469,
268.431,7791,8191,8543,
268.44,7768,8196,8593,
268.451,7757,8204,8569,
268.462,7843,8217,8480,
268.473,7854,8209,8467,
268.481,7870,8209,8459,
268.491,7865,8209,8456,
268.5,7865,8204,8454,
268.514,7867,8204,8449,
268.521,7875,8212,8447,
268.529,7870,8214,8444,
268.539,7881,8206,8439,
268.551,7878,8206,8436,
268.56,7884,8204,8434,
268.573,7889,8212,8431,
268.579,7895,8206,8431,
268.59,7898,8201,8429,
268.602,7895,8212,8424,
268.61,7895,8204,8421,
268.621,7893,8206,8431,
268.632,7846,8191,8480,
268.639,7815,8199,8533,
268.653,7840,8206,8492,
268.662,7898,8214,8431,
268.669,7912,8204,8413,
268.679,7909,8201,8411,
268.691,7921,8204,8408,
268.701,7918,8209,8406,
268.712,7915,8196,8403,
268.72,7926,8196,8403,
268.731,7921,8204,8403,
268.739,7921,8209,8400,
268.75,7921,8201,8403,
268.761,7923,8199,8398,
268.769,7929,8201,8398,
268.781,7942,8199,8393,
268.792,7940,8199,8393,
268.8,7940,8193,8385,
268.812,7953,8199,8378,
268.82,7953,8201,8375,
268.83,7934,8196,8403,
268.841,7886,8188,8456,
268.85,7915,8199,8429,
268.861,7961,8201,8373,
268.869,7980,8188,8357,
268.88,7975,8191,8355,
268.888,7983,8188,8350,
268.901,7998,8196,8342,
268.91,8000,8188,8337,
268.921,8000,8191,8332,
268.93,8020,8193,8326,
268.94,8012,8186,8319,
268.949,8028,8191,8311,
268.963,8037,8188,8309,
268.971,8042,8186,8302,
268.979,8050,8186,8295,
268.99,8061,8188,8287,
269,8069,8188,8277,
269.011,8085,8186,8266,
269.021,8094,8186,8256,
269.03,8097,8183,8256,
269.039,8094,8181,8269,
269.05,8112,8183,8246,
269.06,8136,8181,8218,
269.07,8147,8181,8210,
269.082,8155,8181,8200,
269.091,8163,8181,8192,
269.101,8168,8178,8185,
269.11,8177,8175,8180,
269.12,8179,8175,8174,
269.132,8182,8175,8174,
269.138,8182,8175,8174,
269.151,8185,8175,8172,
269.16,8195,8175,8169,
269.171,8198,8175,8161,
269.18,8198,8175,8157,
269.191,8200,8175,8154,
269.201,8203,8175,8152,
269.21,8208,8178,8152,
269.219,8211,8178,8147,
269.23,8217,8175,8142,
269.241,8233,8175,8124,
269.251,8225,8175,8139,
269.263,8217,8178,8136,
269.27,8222,8175,8136,
269.28,8225,8175,8134,
269.291,8230,8178,8131,
269.3,8233,8175,8129,
269.31,8235,8175,8126,
269.319,8238,8175,8121,
269.331,8244,8175,8118,
269.342,8246,8175,8116,
269.352,8249,8175,8113,
269.359,8252,8175,8111,
269.371,8254,8175,8108,
269.383,8254,8175,8106,
269.389,8257,8175,8103,
269.399,8260,8178,8098,
269.408,8265,8178,8093,
269.419,8268,8178,8089,
269.43,8283,8175,8075,
269.439,8307,8175,8042,
269.449,8285,8178,8070,
269.459,8279,8178,8083,
269.472,8279,8175,8078,
269.479,8283,8178,8078,
269.49,8283,8175,8075,
269.499,8283,8175,8075,
269.509,8285,8175,8073,
269.519,8285,8175,8073,
269.53,8285,8178,8073,
269.54,8288,8175,8073,
269.549,8288,8175,8070,
269.56,8288,8175,8068,
269.57,8291,8175,8070,
269.579,8291,8178,8070,
269.588,8291,8175,8068,
269.6,8291,8175,8065,
269.609,8291,8175,8065,
269.618,8296,8175,8062,
269.631,8320,8178,8034,
269.64,8353,8178,7991,
269.648,8323,8181,8034,
269.659,8301,8181,8055,
269.668,8299,8181,8055,
269.682,8301,8178,8060,
269.688,8301,8181,8057,
269.699,8304,8178,8057,
269.71,8307,8178,8055,
269.72,8307,8178,8057,
269.731,8312,8178,8050,
269.738,8312,8178,8052,
269.751,8312,8178,8050,
269.76,8312,8178,8047,
269.769,8315,8178,8047,
269.779,8318,8178,8045,
269.788,8320,8178,8045,
269.801,8315,8178,8045,
269.81,8315,8181,8042,
269.821,8318,8181,8042,
269.831,8329,8178,8034,
269.841,8372,8178,7973,
269.851,8350,8178,8001,
269.859,8318,8175,8039,
269.87,8315,8175,8047,
269.88,8315,8175,8045,
269.888,8315,8175,8045,
269.899,8315,8178,8047,
269.909,8312,8175,8050,
269.921,8315,8175,8045,
269.93,8312,8175,8047,
269.94,8312,8175,8050,
269.948,8310,8173,8050,
269.96,8310,8175,8050,
269.969,8310,8175,8050,
269.98,8307,8175,8052,
269.989,8307,8175,8052,
269.999,8307,8175,8050,
270.009,8310,8175,8050,
270.02,8310,8175,8050,
270.03,8326,8178,8034,
270.038,8361,8175,7981,
270.049,8350,8178,8010,
270.06,8312,8178,8045,
270.068,8315,8178,8042,
270.08,8315,8181,8047,
270.089,8315,8178,8045,
270.101,8318,8178,8045,
270.11,8318,8178,8042,
270.118,8320,8178,8039,
270.128,8323,8181,8039,
270.146,8326,8178,8037,
270.149,8326,8178,8037,
270.158,8329,8175,8037,
270.169,8326,8175,8037,
270.178,8329,8178,8032,
270.188,8329,8175,8034,
270.198,8329,8175,8034,
270.207,8331,8175,8032,
270.221,8334,8175,8027,
270.23,8350,8175,8004,
270.24,8406,8178,7955,
270.25,8385,8178,7973,
270.258,8342,8181,8018,
270.27,8339,8178,8024,
270.28,8339,8178,8024,
270.289,8331,8178,8032,
270.3,8334,8178,8027,
270.31,8334,8178,8029,
270.318,8334,8181,8029,
270.33,8334,8181,8029,
270.339,8334,8175,8029,
270.348,8331,8178,8029,
270.36,8334,8181,8032,
270.369,8329,8178,8032,
270.381,8329,8175,8032,
270.388,8329,8175,8032,
270.399,8329,8175,8032,
270.409,8329,8175,8032,
270.42,8329,8178,8029,
270.429,8345,8175,8021,
270.44,8396,8178,7958,
270.451,8358,8175,8004,
270.458,8339,8175,8032,
270.47,8337,8178,8029,
270.48,8337,8178,8024,
270.489,8337,8181,8029,
270.498,8339,8178,8027,
270.508,8339,8178,8027,
270.519,8342,8175,8021,
270.528,8339,8178,8024,
270.538,8342,8178,8021,
270.547,8345,8178,8018,
270.559,8345,8175,8015,
270.568,8345,8178,8018,
270.579,8345,8175,8021,
270.59,8345,8175,8018,
270.6,8345,8175,8021,
270.609,8342,8175,8018,
270.621,8342,8178,8021,
270.628,8358,8175,8004,
270.637,8412,8173,7944,
270.648,8396,8178,7973,
270.658,8345,8175,8018,
270.669,8334,8175,8029,
270.678,8337,8175,8027,
270.689,8331,8175,8032,
270.699,8329,8175,8034,
270.708,8326,8175,8039,
270.718,8323,8178,8039,
270.729,8320,8175,8045,
270.738,8318,8175,8042,
270.748,8318,8175,8045,
270.757,8312,8175,8047,
270.769,8310,8175,8047,
270.78,8310,8175,8052,
270.788,8307,8178,8052,
270.797,8304,8178,8055,
270.811,8304,8178,8057,
270.817,8304,8178,8055,
270.829,8326,8178,8037,
270.838,8366,8178,7991,
270.848,8342,8181,8013,
270.859,8301,8178,8057,
270.871,8301,8181,8062,
270.877,8296,8178,8062,
270.893,8296,8175,8065,
270.898,8293,8175,8065,
270.906,8293,8175,8068,
270.92,8293,8175,8070,
270.926,8293,8175,8068,
270.94,8296,8175,8070,
270.946,8288,8175,8070,
270.956,8291,8175,8068,
270.968,8291,8175,8068,
270.975,8293,8178,8070,
270.987,8285,8175,8073,
270.998,8285,8175,8070,
271.009,8285,8175,8070,
271.017,8285,8175,8070,
271.026,8296,8175,8062,
271.038,8329,8178,8021,
271.047,8301,8173,8060,
271.056,8285,8175,8070,
271.069,8283,8175,8073,
271.077,8283,8175,8075,
271.087,8283,8175,8078,
271.098,8283,8178,8080,
271.107,8279,8178,8083,
271.117,8273,8178,8087,
271.128,8271,8178,8089,
271.138,8265,8178,8098,
271.148,8260,8178,8100,
271.158,8257,8178,8103,
271.169,8254,8178,8108,
271.176,8252,8178,8111,
271.187,8246,8181,8113,
271.196,8244,8178,8116,
271.209,8235,8178,8124,
271.217,8230,8178,8129,
271.229,8225,8178,8134,
271.239,8225,8178,8129,
271.248,8206,8178,8152,
271.258,8192,8181,8163,
271.268,8179,8181,8174,
271.278,8171,8178,8180,
271.287,8166,8181,8185,
271.298,8158,8181,8198,
271.307,8147,8181,8210,
271.319,8128,8178,8221,
271.327,8112,8181,8241,
271.338,8097,8183,8254,
271.348,8083,8183,8266,
271.358,8072,8183,8277,
271.367,8064,8183,8287,
271.378,8053,8186,8295,
271.387,8045,8186,8305,
271.397,8034,8186,8309,
271.406,8015,8188,8321,
271.421,8007,8191,8332,
271.427,7972,8191,8365,
271.437,7926,8188,8416,
271.448,7940,8199,8403,
271.458,7956,8204,8375,
271.467,7951,8191,8375,
271.479,7948,8201,8388,
271.486,7932,8199,8388,
271.497,7934,8196,8395,
271.506,7921,8201,8400,
271.517,7915,8206,8406,
271.528,7918,8206,8411,
271.537,7906,8209,8416,
271.548,7909,8196,8418,
271.557,7904,8201,8418,
271.568,7901,8206,8421,
271.578,7895,8209,8429,
271.586,7906,8204,8424,
271.599,7904,8204,8424,
271.607,7898,8212,8429,
271.617,7898,8212,8434,
271.628,7854,8193,8469,
271.638,7793,8201,8524,
271.647,7815,8204,8524,
271.655,7870,8209,8459,
271.669,7881,8201,8444,
271.677,7875,8204,8449,
271.688,7867,8212,8444,
271.697,7886,8212,8447,
271.706,7865,8219,8449,
271.719,7867,8214,8454,
271.727,7878,8212,8454,
271.737,7865,8206,8456,
271.746,7862,8217,8449,
271.756,7865,8206,8456,
271.768,7854,8206,8462,
271.778,7857,8217,8459,
271.785,7862,8212,8462,
271.798,7862,8212,8462,
271.807,7857,8222,8464,
271.817,7846,8214,8469,
271.827,7812,8206,8503,
271.837,7749,8196,8587,
271.847,7815,8217,8510,
271.855,7832,8219,8487,
271.867,7851,8204,8472,
271.877,7854,8212,8472,
271.887,7843,8217,8472,
271.9,7851,8204,8469,
271.906,7840,8222,8467,
271.918,7859,8209,8467,
271.926,7865,8209,8469,
271.935,7859,8214,8467,
271.947,7862,8214,8464,
271.957,7867,8214,8464,
271.966,7857,8222,8459,
271.978,7865,8222,8459,
271.987,7854,8214,8459,
271.996,7870,8212,8454,
272.007,7859,8201,8454,
272.018,7862,8214,8464,
272.027,7815,8206,8503,
272.038,7746,8196,8582,
272.047,7820,8212,8508,
272.056,7857,8204,8477,
272.068,7865,8212,8464,
272.077,7873,8212,8459,
272.085,7873,8209,8459,
272.096,7884,8212,8456,
272.105,7867,8217,8456,
272.117,7881,8212,8447,
272.126,7881,8206,8447,
272.138,7878,8209,8444,
272.146,7881,8201,8444,
272.155,7884,8199,8439,
272.166,7893,8206,8436,
272.178,7893,8199,8431,
272.185,7898,8209,8431,
272.197,7904,8204,8429,
272.206,7901,8204,8421,
272.217,7893,8206,8431,
272.226,7832,8196,8485,
272.237,7804,8188,8513,
272.247,7859,8206,8492,
272.258,7895,8204,8431,
272.269,7918,8196,8411,
272.278,7918,8201,8406,
272.288,7918,8214,8408,
272.298,7934,8209,8398,
272.307,7940,8201,8393,
272.316,7940,8201,8393,
272.326,7942,8193,8393,
272.337,7942,8201,8390,
272.346,7945,8201,8385,
272.355,7948,8199,8382,
272.367,7956,8204,8378,
272.375,7953,8199,8378,
272.387,7953,8201,8373,
272.396,7961,8201,8370,
272.405,7967,8201,8368,
272.413,7961,8206,8368,
272.427,7926,8193,8406,
272.438,7909,8191,8447,
272.449,7929,8193,8413,
272.455,7978,8199,8360,
272.467,7991,8193,8352,
272.476,7991,8196,8339,
272.487,8000,8196,8334,
272.496,8009,8188,8329,
272.507,8012,8196,8324,
272.517,8026,8191,8316,
272.527,8031,8186,8309,
272.538,8042,8188,8302,
272.548,8050,8186,8297,
272.555,8061,8183,8287,
272.567,8072,8191,8277,
272.577,8085,8186,8266,
272.589,8097,8186,8256,
272.598,8106,8183,8246,
272.607,8117,8181,8235,
272.617,8131,8178,8226,
272.627,8131,8181,8226,
272.636,8136,8178,8221,
272.646,8152,8181,8203,
272.655,8158,8178,8198,
272.667,8166,8181,8190,
272.675,8171,8175,8185,
272.686,8177,8175,8180,
272.697,8179,8175,8177,
272.707,8182,8175,8174,
272.715,8182,8175,8174,
272.726,8182,8175,8172,
272.736,8200,8170,8161,
272.744,8200,8175,8154,
272.757,8206,8175,8149,
272.763,8214,8175,8144,
272.777,8217,8178,8142,
272.788,8225,8178,8136,
272.796,8227,8178,8131,
272.806,8230,8178,8129,
272.817,8233,8178,8126,
272.824,8241,8178,8118,
272.837,8263,8181,8103,
272.845,8249,8178,8108,
272.856,8235,8178,8124,
272.866,8238,8181,8121,
272.876,8238,8178,8121,
272.884,8241,8175,8121,
272.894,8244,8175,8118,
272.904,8244,8175,8116,
272.915,8252,8175,8113,
272.927,8254,8175,8108,
272.936,8260,8175,8103,
272.946,8265,8175,8100,
272.956,8268,8175,8095,
272.964,8276,8175,8087,
272.975,8283,8175,8083,
272.987,8283,8175,8078,
272.995,8285,8175,8073,
273.006,8288,8175,8070,
273.016,8293,8175,8070,
273.024,8307,8175,8055,
273.037,8345,8175,8008,
273.043,8320,8175,8045,
273.056,8301,8175,8060,
273.066,8301,8178,8057,
273.073,8301,8175,8060,
273.087,8301,8175,8060,
273.095,8299,8175,8060,
273.104,8299,8175,8057,
273.116,8301,8175,8060,
273.125,8299,8175,8062,
273.134,8299,8175,8062,
273.143,8299,8175,8062,
273.156,8296,8175,8065,
273.164,8296,8175,8062,
273.176,8296,8175,8062,
273.184,8296,8175,8062,
273.196,8299,8178,8060,
273.205,8299,8178,8060,
273.215,8299,8181,8060,
273.226,8312,8178,8050,
273.236,8350,8181,7996,
273.246,8320,8178,8042,
273.255,8299,8178,8047,
273.265,8296,8178,8062,
273.275,8296,8181,8062,
273.286,8299,8178,8065,
273.295,8296,8178,8062,
273.304,8296,8178,8065,
273.313,8293,8178,8065,
273.346,8296,8178,8065,
273.349,8296,8178,8062,
273.35,8296,8178,8068,
273.355,8296,8178,8065,
273.364,8299,8178,8057,
273.373,8301,8178,8057,
273.386,8304,8178,8052,
273.396,8312,8178,8052,
273.405,8315,8178,8047,
273.414,8323,8178,8039,
273.426,8353,8178,7996,
273.436,8412,8178,7944,
273.444,8390,8181,7963,
273.455,8347,8175,8021,
273.466,8345,8173,8018,
273.474,8345,8175,8021,
273.483,8345,8175,8018,
273.496,8345,8175,8018,
273.506,8347,8178,8013,
273.515,8347,8175,8015,
273.526,8353,8175,8013,
273.535,8353,8175,8004,
273.544,8353,8178,8008,
273.556,8361,8175,8004,
273.565,8361,8178,8001,
273.575,8366,8175,7996,
273.586,8369,8175,7996,
273.593,8372,8175,7996,
273.604,8372,8175,7994,
273.617,8379,8181,7991,
273.626,8401,8181,7968,
273.635,8463,8178,7889,
273.644,8444,8181,7927,
273.654,8396,8178,7976,
273.666,8385,8175,7978,
273.674,8387,8178,7983,
273.685,8387,8178,7983,
273.694,8387,8178,7983,
273.705,8387,8175,7981,
273.714,8387,8178,7978,
273.725,8387,8178,7983,
273.735,8385,8178,7986,
273.743,8385,8178,7983,
273.755,8382,8178,7986,
273.764,8377,8181,7989,
273.773,8377,8181,7989,
273.784,8372,8178,7991,
273.793,8369,8178,7991,
273.805,8369,8178,7994,
273.814,8369,8178,7999,
273.824,8390,8178,7981,
273.833,8444,8178,7907,
273.843,8401,8178,7965,
273.857,8364,8175,7999,
273.863,8358,8175,8008,
273.874,8361,8173,8004,
273.883,8358,8175,8008,
273.896,8356,8175,8008,
273.904,8356,8175,8013,
273.915,8350,8175,8013,
273.925,8350,8175,8013,
273.934,8347,8178,8018,
273.945,8347,8178,8021,
273.954,8345,8175,8024,
273.965,8339,8175,8027,
273.972,8339,8175,8027,
273.986,8337,8175,8032,
273.992,8334,8178,8032,
274.004,8329,8175,8034,
274.014,8331,8175,8032,
274.023,8345,8178,8015,
274.036,8396,8175,7965,
274.043,8377,8178,7976,
274.054,8331,8178,8029,
274.062,8323,8175,8039,
274.073,8323,8175,8042,
274.084,8318,8175,8042,
274.093,8318,8175,8045,
274.103,8312,8175,8045,
274.116,8315,8178,8047,
274.123,8312,8175,8047,
274.135,8310,8178,8050,
274.145,8307,8175,8052,
274.154,8304,8175,8052,
274.164,8304,8175,8055,
274.173,8301,8175,8055,
274.183,8301,8175,8057,
274.192,8301,8175,8060,
274.205,8299,8178,8062,
274.213,8299,8175,8062,
274.224,8307,8178,8052,
274.232,8347,8178,8004,
274.245,8318,8178,8045,
274.253,8299,8175,8065,
274.262,8296,8178,8068,
274.275,8293,8178,8068,
274.283,8293,8175,8065,
274.294,8293,8175,8068,
274.305,8293,8175,8070,
274.314,8293,8175,8068,
274.325,8291,8175,8068,
274.331,8288,8175,8070,
274.343,8288,8175,8073,
274.353,8288,8175,8070,
274.363,8285,8175,8070,
274.398,8283,8175,8075,
274.399,8283,8175,8075,
274.4,8283,8178,8080,
274.405,8279,8178,8080,
274.415,8279,8178,8080,
274.423,8285,8178,8070,
274.435,8318,8170,8032,
274.444,8291,8175,8065,
274.454,8273,8178,8080,
274.465,8273,8178,8087,
274.471,8273,8178,8087,
274.485,8268,8178,8089,
274.492,8265,8175,8098,
274.505,8260,8175,8100,
274.511,8254,8175,8106,
274.524,8254,8175,8108,
274.534,8249,8175,8111,
274.543,8246,8178,8113,
274.552,8241,8178,8121,
274.565,8233,8175,8126,
274.573,8225,8175,8134,
274.584,8214,8175,8142,
274.593,8203,8175,8152,
274.602,8188,8175,8163,
274.613,8177,8175,8174,
274.624,8166,8178,8187,
274.632,8155,8175,8198,
274.643,8147,8178,8208,
274.653,8128,8183,8235,
274.664,8109,8181,8243,
274.676,8097,8181,8254,
274.685,8083,8183,8264,
274.694,8074,8183,8274,
274.704,8064,8183,8284,
274.713,8053,8186,8295,
274.724,8047,8186,8300,
274.733,8039,8186,8309,
274.744,8026,8186,8311,
274.753,8015,8191,8326,
274.763,8012,8188,8332,
274.773,7995,8188,8342,
274.783,7988,8188,8352,
274.793,7975,8191,8357,
274.802,7972,8193,8365,
274.81,7964,8196,8370,
274.822,7926,8191,8400,
274.835,7873,8193,8459,
274.842,7918,8201,8413,
274.851,7929,8201,8408,
274.864,7932,8196,8400,
274.874,7918,8193,8403,
274.884,7915,8199,8406,
274.891,7918,8201,8408,
274.905,7918,8206,8416,
274.912,7909,8199,8421,
274.924,7904,8204,8421,
274.933,7893,8204,8426,
274.942,7895,8204,8431,
274.954,7898,8209,8434,
274.963,7889,8204,8436,
274.973,7895,8204,8439,
274.984,7884,8204,8442,
274.993,7895,8212,8444,
275.004,7881,8206,8439,
275.011,7870,8206,8449,
275.021,7835,8191,8492,
275.034,7776,8183,8569,
275.043,7843,8212,8490,
275.052,7851,8214,8469,
275.062,7870,8212,8449,
275.072,7886,8212,8447,
275.084,7881,8209,8449,
275.093,7873,8204,8449,
275.104,7867,8212,8444,
275.114,7870,8209,8447,
275.124,7878,8209,8447,
275.133,7881,8206,8444,
275.145,7881,8204,8444,
275.152,7865,8201,8444,
275.162,7862,8204,8447,
275.171,7870,8206,8444,
275.184,7878,8204,8447,
275.191,7870,8219,8447,
275.202,7875,8206,8447,
275.211,7873,8212,8459,
275.224,7801,8193,8524,
275.231,7776,8199,8566,
275.243,7824,8212,8505,
275.252,7875,8214,8464,
275.26,7875,8201,8449,
275.273,7873,8204,8447,
275.283,7878,8217,8444,
275.292,7895,8206,8442,
275.303,7895,8214,8436,
275.312,7884,8201,8439,
275.321,7895,8204,8434,
275.334,7881,8199,8436,
275.343,7889,8209,8439,
275.351,7889,8199,8434,
275.362,7893,8209,8436,
275.371,7886,8204,8431,
275.381,7889,8206,8429,
275.392,7893,8209,8426,
275.403,7895,8212,8431,
275.412,7893,8209,8429,
275.423,7854,8191,8474,
275.434,7787,8199,8524,
275.443,7807,8204,8559,
275.458,7870,8214,8454,
275.462,7901,8206,8436,
275.473,7901,8204,8429,
275.482,7895,8209,8429,
275.494,7898,8201,8431,
275.503,7901,8199,8424,
275.512,7912,8201,8424,
275.523,7912,8209,8416,
275.531,7912,8206,8408,
275.544,7921,8209,8406,
275.552,7923,8199,8400,
275.563,7934,8204,8398,
275.574,7937,8204,8395,
275.582,7934,8201,8393,
275.591,7948,8196,8385,
275.602,7953,8199,8382,
275.611,7961,8193,8378,
275.623,7934,8196,8400,
275.634,7893,8193,8459,
275.64,7945,8201,8390,
275.652,7959,8193,8373,
275.662,7967,8191,8362,
275.672,7978,8199,8360,
275.681,7975,8196,8355,
275.692,7980,8191,8352,
275.702,7978,8196,8350,
275.713,7986,8193,8347,
275.723,7991,8193,8344,
275.732,7991,8193,8337,
275.743,7995,8191,8337,
275.752,8007,8191,8334,
275.761,8015,8191,8324,
275.771,8018,8191,8319,
275.784,8028,8191,8314,
275.792,8031,8188,8309,
275.801,8042,8186,8302,
275.811,8058,8188,8295,
275.825,8050,8183,8297,
275.832,8039,8181,8311,
275.841,8072,8186,8279,
275.852,8094,8183,8254,
275.86,8112,8183,8243,
275.87,8122,8181,8228,
275.88,8133,8178,8218,
275.893,8144,8178,8210,
275.902,8152,8175,8200,
275.91,8160,8175,8195,
275.921,8171,8175,8185,
275.932,8177,8175,8180,
275.941,8179,8175,8174,
275.952,8182,8175,8172,
275.961,8179,8175,8172,
275.97,8185,8175,8169,
275.982,8195,8178,8161,
275.993,8203,8175,8152,
275.999,8208,8175,8147,
276.012,8211,8175,8144,
276.022,8219,8175,8136,
276.029,8238,8170,8118,
276.041,8233,8178,8129,
276.053,8227,8178,8134,
276.062,8227,8181,8126,
276.071,8235,8178,8124,
276.08,8238,8178,8121,
276.089,8241,8178,8118,
276.1,8244,8178,8116,
276.112,8246,8181,8113,
276.122,8249,8178,8111,
276.131,8252,8175,8113,
276.143,8252,8175,8111,
276.153,8252,8175,8108,
276.161,8254,8175,8106,
276.173,8257,8175,8106,
276.18,8260,8175,8103,
276.19,8263,8175,8100,
276.199,8268,8175,8095,
276.211,8273,8178,8093,
276.221,8283,8175,8078,
276.232,8320,8175,8032,
276.243,8312,8175,8050,
276.25,8291,8175,8068,
276.262,8293,8175,8068,
276.271,8296,8175,8065,
276.281,8293,8175,8060,
276.291,8296,8178,8060,
276.3,8299,8175,8057,
276.309,8301,8175,8060,
276.322,8304,8175,8055,
276.332,8307,8178,8052,
276.341,8304,8175,8052,
276.352,8310,8175,8050,
276.361,8315,8178,8050,
276.373,8318,8175,8045,
276.379,8320,8178,8042,
276.392,8326,8175,8034,
276.403,8326,8178,8037,
276.41,8331,8178,8029,
276.421,8364,8178,7994,
276.431,8414,8175,7934,
276.441,8372,8175,7989,
276.45,8345,8181,8013,
276.46,8345,8178,8015,
276.47,8342,8178,8015,
276.48,8342,8178,8018,
276.492,8345,8178,8024,
276.5,8342,8181,8021,
276.511,8342,8178,8018,
276.521,8345,8178,8027,
276.53,8342,8181,8021,
276.541,8337,8181,8027,
276.552,8337,8175,8027,
276.561,8337,8175,8029,
276.57,8334,8175,8029,
276.58,8331,8175,8032,
276.59,8331,8175,8034,
276.598,8329,8173,8034,
276.609,8329,8178,8034,
276.621,8345,8175,8015,
276.632,8398,8178,7963,
276.642,8364,8181,8008,
276.648,8326,8178,8034,
276.662,8323,8175,8039,
276.67,8326,8175,8037,
276.678,8323,8175,8039,
276.692,8323,8175,8042,
276.7,8320,8175,8042,
276.71,8320,8175,8042,
276.721,8318,8175,8045,
276.729,8320,8175,8045,
276.738,8318,8178,8045,
276.75,8315,8175,8045,
276.76,8315,8175,8050,
276.771,8312,8178,8050,
276.78,8315,8175,8047,
276.79,8312,8178,8052,
276.8,8307,8178,8055,
276.81,8304,8173,8050,
276.825,8315,8178,8042,
276.829,8358,8175,7991,
276.842,8345,8178,8018,
276.852,8310,8178,8052,
276.86,8304,8173,8055,
276.87,8304,8178,8057,
276.88,8299,8175,8057,
276.889,8296,8175,8060,
276.9,8299,8175,8060,
276.908,8296,8175,8062,
276.919,8296,8175,8062,
276.93,8296,8175,8068,
276.942,8291,8175,8068,
276.951,8288,8175,8068,
276.96,8288,8175,8070,
276.972,8285,8178,8073,
276.98,8283,8178,8073,
276.989,8283,8175,8078,
277,8283,8175,8078,
277.012,8279,8178,8083,
277.019,8283,8173,8078,
277.03,8312,8178,8039,
277.04,8285,8175,8073,
277.05,8271,8173,8089,
277.059,8268,8175,8093,
277.071,8268,8175,8095,
277.079,8265,8175,8095,
277.089,8265,8175,8100,
277.101,8260,8175,8100,
277.109,8260,8178,8100,
277.121,8260,8175,8103,
277.132,8260,8175,8100,
277.139,8260,8175,8100,
277.151,8263,8175,8100,
277.16,8260,8175,8100,
277.168,8265,8175,8098,
277.182,8268,8175,8095,
277.188,8271,8175,8093,
277.201,8273,8175,8089,
277.209,8276,8175,8087,
277.218,8285,8175,8070,
277.231,8323,8175,8037,
277.239,8301,8178,8060,
277.248,8283,8178,8075,
277.26,8285,8175,8075,
277.272,8285,8178,8073,
277.279,8285,8175,8070,
277.291,8285,8175,8073,
277.301,8288,8175,8070,
277.311,8288,8175,8070,
277.318,8285,8175,8070,
277.327,8285,8178,8070,
277.34,8283,8175,8070,
277.351,8285,8175,8070,
277.358,8285,8178,8073,
277.37,8283,8178,8070,
277.379,8283,8178,8073,
277.39,8283,8178,8075,
277.402,8283,8178,8075,
277.408,8283,8178,8075,
277.419,8288,8178,8068,
277.428,8323,8178,8034,
277.441,8310,8178,8052,
277.447,8283,8178,8075,
277.459,8283,8181,8080,
277.47,8283,8178,8080,
277.48,8279,8178,8080,
277.491,8279,8178,8083,
277.501,8276,8175,8083,
277.51,8273,8175,8087,
277.518,8273,8175,8087,
277.528,8268,8175,8089,
277.537,8268,8175,8089,
277.551,8265,8175,8093,
277.559,8263,8178,8098,
277.57,8260,8175,8098,
277.577,8260,8175,8100,
277.588,8257,8175,8103,
277.601,8257,8175,8103,
277.61,8254,8175,8106,
277.621,8257,8175,8100,
277.63,8279,8175,8073,
277.64,8252,8178,8106,
277.649,8235,8175,8124,
277.658,8230,8175,8126,
277.668,8222,8175,8131,
277.68,8211,8178,8142,
277.69,8198,8175,8152,
277.698,8182,8175,8167,
277.708,8171,8175,8177,
277.718,8163,8178,8185,
277.731,8155,8178,8195,
277.741,8139,8186,8213,
277.748,8122,8181,8228,
277.761,8109,8181,8243,
277.769,8097,8183,8256,
277.781,8083,8183,8269,
277.789,8072,8183,8277,
277.799,8058,8183,8290,
277.807,8050,8183,8297,
277.818,8018,8183,8321,
277.827,7980,8186,8373,
277.838,7978,8191,8355,
277.847,7991,8193,8344,
277.86,7986,8186,8344,
277.87,7980,8193,8352,
277.878,7975,8191,8357,
277.889,7972,8193,8362,
277.899,7964,8193,8368,
277.91,7953,8196,8373,
277.917,7956,8196,8375,
277.927,7940,8201,8375,
277.939,7951,8196,8385,
277.948,7945,8196,8388,
277.959,7942,8199,8395,
277.971,7937,8196,8395,
277.98,7926,8206,8395,
277.99,7921,8201,8403,
278,7921,8204,8408,
278.01,7909,8206,8413,
278.019,7843,8188,8480,
278.03,7820,8191,8505,
278.04,7867,8206,8469,
278.051,7884,8196,8439,
278.058,7895,8193,8431,
278.068,7904,8201,8429,
278.077,7878,8212,8434,
278.089,7886,8217,8434,
278.097,7893,8204,8439,
278.108,7881,8206,8442,
278.119,7889,8204,8436,
278.129,7884,8206,8439,
278.139,7881,8201,8439,
278.147,7889,8201,8436,
278.158,7878,8209,8442,
278.168,7881,8212,8444,
278.181,7884,8204,8442,
278.189,7867,8206,8439,
278.199,7889,8209,8444,
278.208,7893,8212,8442,
278.217,7838,8193,8480,
278.226,7793,8193,8559,
278.239,7848,8212,8485,
278.247,7867,8206,8454,
278.257,7878,8206,8442,
278.269,7886,8201,8439,
278.277,7889,8214,8434,
278.288,7901,8206,8434,
278.297,7904,8212,8431,
278.308,7904,8209,8431,
278.317,7909,8209,8429,
278.33,7906,8204,8426,
278.339,7901,8206,8424,
278.347,7909,8204,8421,
278.358,7901,8212,8421,
278.368,7906,8199,8426,
278.378,7915,8206,8424,
278.387,7906,8201,8416,
278.397,7915,8199,8411,
278.408,7906,8204,8418,
278.417,7875,8196,8454,
278.427,7815,8186,8508,
278.437,7889,8209,8442,
278.446,7901,8199,8421,
278.456,7929,8199,8411,
278.467,7923,8204,8403,
278.48,7934,8196,8398,
278.487,7926,8204,8400,
278.497,7932,8199,8395,
278.511,7942,8199,8390,
278.518,7945,8196,8393,
278.531,7953,8204,8385,
278.538,7937,8199,8390,
278.549,7948,8196,8388,
278.557,7951,8201,8382,
278.566,7953,8196,8382,
278.579,7959,8206,8375,
278.588,7959,8196,8373,
278.598,7956,8196,8375,
278.615,7967,8201,8375,
278.616,7932,8196,8403,
278.628,7886,8193,8462,
278.637,7940,8201,8406,
278.647,7959,8196,8378,
278.656,7972,8191,8362,
278.667,7972,8191,8362,
278.679,7980,8193,8357,
278.687,7978,8196,8355,
278.699,7986,8191,8347,
278.707,7995,8191,8344,
278.718,7988,8191,8337,
278.728,8000,8191,8334,
278.736,8009,8193,8329,
278.747,8000,8188,8326,
278.758,8015,8191,8321,
278.767,8020,8188,8319,
278.777,8023,8191,8316,
278.788,8020,8188,8314,
278.798,8031,8191,8309,
278.807,8037,8188,8309,
278.817,8026,8186,8314,
278.826,7998,8183,8355,
278.837,8018,8188,8324,
278.85,8050,8188,8300,
278.857,8055,8186,8292,
278.867,8066,8183,8287,
278.878,8072,8183,8279,
278.89,8080,8181,8274,
278.897,8088,8181,8261,
278.907,8101,8181,8254,
278.916,8109,8181,8243,
278.926,8120,8178,8235,
278.939,8131,8178,8223,
278.948,8139,8175,8216,
278.956,8147,8175,8208,
278.968,8155,8178,8200,
278.978,8163,8178,8192,
278.987,8168,8178,8187,
278.999,8177,8178,8180,
279.009,8182,8175,8177,
279.018,8185,8178,8177,
279.028,8182,8173,8172,
279.038,8198,8181,8157,
279.047,8208,8178,8154,
279.059,8211,8178,8152,
279.068,8222,8181,8142,
279.079,8230,8178,8134,
279.089,8241,8178,8124,
279.097,8252,8178,8111,
279.106,8263,8181,8100,
279.119,8273,8178,8089,
279.128,8283,8178,8078,
279.137,8293,8178,8065,
279.149,8307,8178,8055,
279.158,8318,8178,8047,
279.167,8329,8178,8034,
279.177,8339,8175,8029,
279.188,8347,8175,8018,
279.196,8353,8178,8013,
279.206,8364,8178,8001,
279.217,8390,8175,7978,
279.229,8452,8178,7904,
279.236,8414,8178,7955,
279.248,8390,8175,7986,
279.256,8382,8175,7989,
279.268,8382,8175,7986,
279.278,8387,8178,7983,
279.286,8387,8178,7986,
279.296,8387,8178,7983,
279.306,8390,8181,7976,
279.318,8390,8181,7981,
279.326,8390,8178,7981,
279.335,8393,8178,7976,
279.348,8393,8178,7978,
279.356,8396,8181,7978,
279.367,8398,8181,7976,
279.376,8398,8181,7971,
279.388,8398,8175,7973,
279.398,8398,8178,7976,
279.408,8401,8175,7971,
279.415,8423,8173,7953,
279.428,8487,8178,7879,
279.437,8439,8175,7934,
279.447,8412,8175,7968,
279.455,8404,8175,7965,
279.466,8401,8173,7968,
279.477,8406,8178,7971,
279.487,8406,8178,7968,
279.497,8409,8175,7968,
279.505,8412,8178,7963,
279.518,8412,8175,7960,
279.528,8412,8175,7965,
279.536,8412,8175,7963,
279.546,8409,8175,7960,
279.555,8409,8175,7965,
279.568,8406,8175,7963,
279.576,8404,8175,7968,
279.585,8398,8178,7973,
279.597,8398,8175,7973,
279.608,8398,8175,7976,
279.616,8420,8178,7941,
279.625,8481,8178,7879,
279.638,8433,8178,7941,
279.645,8398,8175,7968,
279.656,8390,8178,7981,
279.666,8385,8178,7983,
279.675,8382,8175,7986,
279.687,8379,8175,7991,
279.697,8377,8175,7991,
279.71,8372,8175,7994,
279.716,8369,8175,7999,
279.726,8364,8175,8001,
279.737,8361,8175,8001,
279.746,8358,8175,8008,
279.756,8358,8175,8008,
279.766,8356,8175,8008,
279.777,8353,8173,8013,
279.786,8356,8178,8013,
279.794,8350,8178,8018,
279.805,8353,8178,8013,
279.818,8369,8175,7994,
279.827,8431,8175,7925,
279.836,8417,8178,7941,
279.847,8366,8175,8001,
279.857,8358,8175,8004,
279.866,8356,8175,8004,
279.876,8356,8178,8004,
279.886,8356,8178,8008,
279.896,8358,8175,8004,
279.907,8358,8178,8004,
279.917,8356,8178,8004,
279.927,8356,8175,8008,
279.935,8356,8175,8010,
279.946,8358,8175,8008,
279.955,8356,8175,8004,
279.966,8358,8175,8010,
279.974,8358,8178,8010,
279.987,8353,8175,8010,
279.996,8356,8175,8013,
280.005,8353,8175,8010,
280.017,8366,8181,7994,
280.027,8420,8175,7946,
280.038,8382,8178,7991,
280.046,8353,8178,8015,
280.059,8345,8178,8024,
280.068,8347,8181,8027,
280.076,8339,8178,8024,
280.086,8337,8178,8029,
280.096,8334,8181,8032,
280.106,8331,8181,8032,
280.117,8329,8175,8037,
280.126,8326,8178,8037,
280.135,8326,8178,8042,
280.146,8323,8178,8045,
280.155,8320,8178,8045,
280.165,8318,8175,8045,
280.176,8318,8175,8045,
280.184,8315,8178,8050,
280.197,8312,8175,8055,
280.205,8312,8178,8050,
280.216,8323,8175,8039,
280.225,8366,8175,7989,
280.234,8329,8181,8027,
280.245,8307,8175,8055,
280.258,8304,8178,8055,
280.264,8304,8178,8057,
280.276,8301,8175,8060,
280.286,8299,8178,8062,
280.297,8299,8175,8062,
280.305,8299,8178,8062,
280.315,8296,8178,8062,
280.324,8293,8175,8065,
280.338,8293,8175,8065,
280.343,8291,8175,8065,
280.356,8291,8175,8068,
280.365,8288,8175,8068,
280.377,8288,8175,8068,
280.384,8285,8175,8070,
280.396,8285,8178,8070,
280.405,8283,8175,8073,
280.416,8296,8175,8060,
280.426,8331,8178,8015,
280.436,8315,8175,8034,
280.446,8283,8175,8075,
280.455,8283,8178,8080,
280.464,8283,8175,8080,
280.475,8283,8178,8080,
280.487,8279,8175,8083,
280.497,8279,8175,8087,
280.506,8276,8175,8087,
280.516,8276,8175,8087,
280.526,8276,8175,8087,
280.535,8276,8175,8083,
280.548,8276,8175,8083,
280.554,8276,8175,8083,
280.565,8276,8175,8083,
280.576,8276,8175,8089,
280.584,8271,8175,8089,
280.597,8271,8175,8093,
280.603,8268,8175,8093,
280.615,8273,8178,8087,
280.626,8301,8175,8050,
280.637,8283,8175,8080,
280.645,8265,8173,8095,
280.657,8263,8175,8098,
280.665,8263,8175,8100,
280.677,8263,8175,8103,
280.686,8260,8178,8100,
280.694,8257,8175,8106,
280.703,8254,8178,8106,
280.715,8252,8178,8106,
280.723,8252,8175,8111,
280.736,8246,8175,8113,
280.745,8244,8178,8118,
280.755,8235,8175,8124,
280.767,8227,8178,8131,
280.773,8219,8175,8136,
280.783,8208,8175,8147,
280.795,8198,8170,8157,
280.806,8185,8175,8169,
280.812,8177,8178,8177,
280.823,8166,8175,8182,
280.835,8160,8178,8192,
280.844,8144,8183,8205,
280.854,8131,8183,8226,
280.864,8117,8183,8238,
280.873,8103,8183,8248,
280.887,8085,8183,8259,
280.897,8077,8186,8269,
280.904,8066,8186,8279,
280.916,8055,8183,8290,
280.924,8045,8188,8297,
280.935,8037,8188,8309,
280.944,8023,8191,8314,
280.956,8012,8193,8326,
280.966,8000,8191,8334,
280.975,7991,8193,8344,
280.984,7986,8188,8352,
280.996,7972,8193,8357,
281.005,7970,8193,8365,
281.013,7932,8188,8406,
281.023,7886,8188,8459,
281.035,7904,8201,8439,
281.044,7929,8201,8406,
281.056,7932,8191,8393,
281.065,7929,8201,8398,
281.075,7923,8196,8400,
281.084,7932,8201,8406,
281.096,7921,8204,8411,
281.105,7921,8209,8416,
281.114,7918,8209,8416,
281.125,7912,8201,8416,
281.135,7904,8204,8418,
281.144,7904,8201,8418,
281.155,7904,8201,8421,
281.164,7901,8204,8431,
281.176,7901,8201,8424,
281.187,7906,8201,8429,
281.193,7893,8212,8436,
281.206,7886,8204,8434,
281.214,7857,8196,8477,
281.226,7796,8188,8546,
281.235,7846,8214,8487,
281.243,7862,8204,8464,
281.255,7873,8193,8439,
281.264,7875,8201,8444,
281.275,7878,8209,8447,
281.286,7878,8209,8447,
281.294,7875,8209,8447,
281.304,7870,8212,8454,
281.313,7865,8209,8449,
281.325,7875,8206,8454,
281.333,7873,8206,8454,
281.344,7881,8214,8447,
281.355,7881,8222,8449,
281.364,7878,8206,8442,
281.375,7884,8204,8444,
281.386,7884,8209,8444,
281.395,7881,8209,8447,
281.404,7875,8209,8444,
281.412,7846,8193,8477,
281.423,7773,8193,8554,
281.435,7801,8206,8543,
281.444,7857,8209,8459,
281.453,7878,8222,8449,
281.462,7875,8201,8444,
281.475,7889,8209,8436,
281.486,7895,8214,8436,
281.493,7881,8212,8439,
281.505,7893,8199,8436,
281.513,7884,8219,8434,
281.524,7895,8206,8434,
281.536,7893,8212,8436,
281.543,7893,8206,8439,
281.556,7884,8204,8434,
281.566,7873,8209,8442,
281.575,7886,8212,8442,
281.583,7893,8212,8442,
281.592,7881,8212,8436,
281.604,7901,8206,8439,
281.615,7857,8204,8477,
281.625,7796,8196,8554,
281.635,7812,8201,8530,
281.643,7873,8212,8447,
281.654,7889,8209,8429,
281.664,7895,8206,8434,
281.673,7898,8206,8429,
281.685,7904,8196,8424,
281.695,7921,8201,8421,
281.704,7904,8201,8416,
281.713,7921,8206,8406,
281.722,7923,8206,8411,
281.735,7929,8209,8406,
281.744,7923,8209,8403,
281.753,7923,8209,8403,
281.765,7937,8196,8395,
281.773,7945,8204,8393,
281.784,7929,8204,8393,
281.794,7951,8204,8390,
281.804,7945,8204,8390,
281.813,7904,8186,8424,
281.826,7865,8201,8469,
281.832,7875,8201,8469,
281.844,7929,8206,8395,
281.854,7948,8196,8388,
281.863,7948,8196,8378,
281.874,7956,8193,8373,
281.884,7961,8193,8368,
281.893,7967,8199,8368,
281.903,7964,8199,8365,
281.915,7975,8193,8360,
281.923,7983,8196,8355,
281.935,7983,8193,8350,
281.944,7988,8196,8347,
281.955,7988,8191,8344,
281.963,7998,8188,8339,
281.974,8000,8191,8332,
281.983,8000,8191,8332,
281.993,8018,8191,8324,
282.004,8018,8196,8319,
282.014,8012,8186,8329,
282.022,7980,8186,8368,
282.035,8031,8191,8311,
282.045,8047,8186,8297,
282.053,8061,8186,8282,
282.063,8074,8181,8272,
282.072,8085,8181,8261,
282.085,8101,8181,8251,
282.094,8112,8178,8241,
282.103,8122,8181,8226,
282.112,8139,8178,8216,
282.121,8152,8178,8203,
282.134,8160,8175,8192,
282.143,8171,8175,8182,
282.151,8179,8175,8177,
282.163,8185,8173,8169,
282.172,8188,8175,8167,
282.183,8200,8173,8142,
282.192,8222,8175,8136,
282.201,8233,8175,8126,
282.214,8254,8175,8106,
282.225,8285,8170,8062,
282.234,8285,8178,8073,
282.243,8283,8175,8070,
282.255,8299,8175,8062,
282.264,8310,8178,8052,
282.274,8320,8175,8045,
282.283,8331,8175,8034,
282.294,8339,8175,8027,
282.3,8345,8175,8021,
282.312,8353,8178,8013,
282.324,8358,8178,8004,
282.332,8361,8175,8004,
282.345,8366,8178,7994,
282.353,8372,8175,7996,
282.363,8372,8175,7991,
282.372,8372,8175,7994,
282.384,8377,8175,7994,
282.393,8382,8178,7991,
282.401,8385,8178,7989,
282.414,8417,8178,7953,
282.425,8487,8178,7872,
282.433,8461,8178,7894,
282.442,8401,8178,7968,
282.453,8396,8175,7973,
282.464,8396,8175,7976,
282.472,8390,8175,7981,
282.484,8393,8178,7978,
282.494,8390,8175,7978,
282.502,8390,8178,7978,
282.513,8390,8175,7976,
282.522,8390,8175,7978,
282.534,8393,8175,7978,
282.545,8398,8175,7981,
282.552,8398,8175,7978,
282.561,8398,8175,7973,
282.573,8396,8178,7976,
282.582,8396,8175,7976,
282.594,8398,8178,7971,
282.601,8401,8175,7965,
282.613,8436,8178,7934,
282.623,8506,8175,7857,
282.634,8484,8178,7886,
282.644,8423,8178,7950,
282.65,8406,8178,7965,
282.663,8401,8175,7968,
282.672,8396,8178,7973,
282.686,8396,8175,7976,
282.692,8393,8178,7978,
282.701,8390,8175,7976,
282.713,8393,8175,7981,
282.721,8387,8178,7986,
282.731,8387,8175,7983,
282.74,8387,8175,7983,
282.754,8390,8175,7983,
282.766,8390,8175,7986,
282.772,8387,8173,7986,
282.781,8387,8175,7983,
282.791,8387,8175,7983,
282.802,8387,8178,7983,
282.814,8414,8175,7953,
282.824,8476,8175,7879,
282.831,8461,8178,7912,
282.843,8401,8181,7965,
282.854,8393,8181,7976,
282.862,8387,8178,7983,
282.871,8385,8178,7981,
282.884,8382,8178,7986,
282.892,8382,8173,7991,
282.903,8385,8181,7986,
282.914,8382,8181,7991,
282.923,8382,8178,7989,
282.933,8382,8181,7991,
282.942,8382,8178,7994,
282.951,8377,8178,7991,
282.964,8379,8175,7989,
282.972,8372,8175,7994,
282.982,8369,8173,8001,
282.992,8369,8178,7999,
283.001,8366,8175,7999,
283.012,8387,8175,7976,
283.022,8450,8168,7912,
283.031,8409,8178,7960,
283.043,8369,8175,7994,
283.052,8358,8178,8004,
283.062,8361,8178,8008,
283.073,8358,8178,8013,
283.082,8358,8181,8004,
283.092,8356,8178,8013,
283.103,8358,8175,8008,
283.11,8358,8181,8010,
283.121,8353,8181,8013,
283.133,8350,8181,8018,
283.141,8345,8181,8018,
283.156,8345,8178,8021,
283.161,8342,8178,8024,
283.174,8342,8175,8024,
283.181,8339,8178,8027,
283.192,8339,8175,8024,
283.2,8337,8175,8027,
283.211,8350,8175,8010,
283.22,8404,8175,7958,
283.232,8385,8178,7981,
283.241,8342,8175,8027,
283.254,8334,8175,8029,
283.262,8331,8175,8032,
283.273,8329,8175,8034,
283.281,8326,8175,8037,
283.289,8326,8175,8039,
283.303,8323,8175,8039,
283.311,8323,8170,8039,
283.323,8320,8175,8039,
283.332,8318,8175,8042,
283.343,8318,8175,8045,
283.35,8315,8175,8045,
283.362,8312,8175,8047,
283.372,8310,8175,8050,
283.381,8310,8175,8052,
283.392,8310,8175,8052,
283.4,8310,8178,8050,
283.411,8329,8175,8032,
283.422,8366,8178,7989,
283.433,8345,8175,8021,
283.443,8304,8175,8060,
283.452,8299,8175,8062,
283.462,8296,8175,8065,
283.471,8296,8175,8068,
283.481,8288,8175,8070,
283.494,8291,8175,8070,
283.501,8291,8175,8070,
283.512,8288,8175,8068,
283.521,8285,8173,8073,
283.533,8283,8175,8075,
283.542,8283,8175,8073,
283.551,8283,8175,8078,
283.562,8283,8175,8078,
283.571,8283,8175,8080,
283.582,8279,8175,8083,
283.592,8276,8175,8083,
283.601,8276,8175,8083,
283.614,8283,8175,8073,
283.623,8318,8183,8034,
283.632,8291,8178,8062,
283.641,8273,8175,8083,
283.652,8271,8178,8087,
283.663,8271,8175,8087,
283.67,8268,8175,8087,
283.681,8268,8178,8089,
283.692,8268,8178,8093,
283.701,8268,8178,8093,
283.71,8268,8178,8093,
283.72,8268,8178,8095,
283.731,8265,8181,8093,
283.739,8265,8181,8095,
283.751,8265,8181,8098,
283.761,8265,8181,8098,
283.771,8263,8178,8095,
283.782,8263,8178,8100,
283.79,8260,8178,8100,
283.802,8263,8175,8100,
283.811,8268,8175,8095,
283.822,8288,8175,8062,
283.83,8271,8175,8089,
283.841,8257,8175,8106,
283.85,8254,8175,8106,
283.862,8254,8175,8106,
283.872,8254,8175,8108,
283.882,8252,8175,8108,
283.89,8249,8175,8111,
283.903,8249,8175,8113,
283.911,8249,8175,8113,
283.919,8249,8178,8113,
283.93,8246,8175,8116,
283.939,8244,8175,8116,
283.952,8244,8178,8118,
283.961,8244,8178,8118,
283.97,8238,8175,8121,
283.981,8235,8175,8124,
283.99,8230,8175,8129,
284.001,8225,8175,8134,
284.012,8225,8175,8134,
284.021,8230,8175,8126,
284.033,8211,8175,8147,
284.041,8192,8175,8157,
284.049,8185,8175,8169,
284.061,8177,8175,8177,
284.071,8171,8175,8182,
284.082,8163,8175,8187,
284.09,8136,8181,8223,
284.1,8136,8178,8218,
284.111,8125,8178,8226,
284.122,8114,8181,8238,
284.13,8101,8181,8251,
284.139,8088,8183,8261,
284.148,8074,8183,8274,
284.161,8064,8186,8284,
284.171,8053,8183,8295,
284.18,8042,8186,8302,
284.19,8028,8186,8309,
284.202,8023,8186,8319,
284.211,7983,8183,8350,
284.219,7948,8186,8400,
284.23,7980,8196,8357,
284.239,7978,8193,8352,
284.252,7964,8186,8360,
284.263,7970,8199,8365,
284.27,7961,8193,8370,
284.282,7956,8193,8375,
284.29,7945,8201,8382,
284.3,7940,8201,8388,
284.31,7940,8193,8390,
284.32,7934,8193,8400,
284.331,7926,8206,8406,
284.339,7915,8196,8408,
284.352,7918,8196,8411,
284.361,7912,8204,8416,
284.37,7895,8199,8429,
284.381,7909,8201,8421,
284.389,7893,8212,8426,
284.401,7886,8204,8436,
284.412,7854,8199,8474,
284.421,7779,8196,8551,
284.43,7846,8214,8480,
284.439,7857,8206,8467,
284.45,7870,8204,8454,
284.459,7881,8206,8449,
284.472,7865,8212,8447,
284.481,7875,8214,8454,
284.491,7870,8212,8454,
284.5,7870,8212,8447,
284.51,7870,8204,8456,
284.518,7862,8212,8456,
284.531,7867,8209,8454,
284.542,7862,8217,8456,
284.551,7870,8217,8459,
284.561,7851,8209,8459,
284.57,7862,8201,8456,
284.58,7859,8212,8456,
284.589,7867,8209,8459,
284.601,7851,8209,8459,
284.611,7829,8201,8500,
284.621,7749,8199,8582,
284.63,7768,8206,8574,
284.639,7838,8219,8480,
284.651,7870,8204,8464,
284.66,7870,8224,8467,
284.672,7870,8199,8459,
284.681,7870,8219,8454,
284.69,7870,8201,8456,
284.701,7870,8206,8456,
284.712,7873,8214,8447,
284.722,7867,8209,8449,
284.73,7889,8209,8439,
284.74,7884,8206,8439,
284.75,7884,8206,8439,
284.761,7889,8204,8436,
284.771,7895,8204,8434,
284.779,7895,8206,8434,
284.79,7898,8204,8434,
284.801,7889,8212,8431,
284.81,7846,8201,8474,
284.819,7801,8191,8543,
284.83,7815,8206,8524,
284.84,7881,8196,8444,
284.852,7898,8204,8426,
284.86,7909,8206,8429,
284.871,7906,8201,8424,
284.88,7912,8214,8416,
284.892,7915,8206,8413,
284.898,7904,8206,8416,
284.909,7906,8206,8416,
284.918,7904,8214,8418,
284.931,7915,8206,8418,
284.942,7901,8209,8421,
284.951,7918,8212,8418,
284.959,7901,8201,8418,
284.968,7909,8204,8416,
285.004,7901,8199,8418,
285.007,7932,8209,8413,
285.008,7918,8201,8413,
285.008,7886,8193,8444,
285.02,7846,8193,8500,
285.029,7851,8201,8498,
285.039,7912,8209,8421,
285.049,7929,8196,8398,
285.061,7929,8201,8395,
285.07,7948,8199,8388,
285.078,7942,8196,8385,
285.09,7959,8201,8378,
285.099,7953,8199,8378,
285.108,7964,8204,8373,
285.118,7961,8193,8370,
285.129,7967,8191,8362,
285.14,7975,8199,8357,
285.15,7978,8199,8355,
285.159,7983,8193,8352,
285.168,7988,8196,8350,
285.177,7991,8191,8350,
285.189,7991,8193,8344,
285.2,7988,8191,8342,
285.209,7978,8186,8357,
285.217,7940,8188,8413,
285.229,7988,8196,8342,
285.239,8007,8193,8326,
285.248,8015,8191,8321,
285.258,8031,8188,8311,
285.271,8039,8186,8305,
285.278,8050,8188,8297,
285.288,8061,8183,8287,
285.299,8074,8183,8272,
285.31,8083,8186,8266,
285.32,8097,8181,8254,
285.328,8109,8181,8243,
285.339,8120,8178,8231,
285.35,8133,8181,8221,
285.361,8147,8178,8208,
285.371,8155,8175,8198,
285.379,8163,8175,8190,
285.388,8174,8175,8182,
285.399,8179,8175,8174,
285.411,8188,8173,8169,
285.417,8192,8181,8163,
285.428,8208,8175,8144,
285.437,8217,8175,8142,
285.45,8225,8175,8134,
285.46,8235,8175,8129,
285.469,8244,8178,8118,
285.479,8252,8181,8111,
285.489,8263,8181,8103,
285.498,8268,8178,8098,
285.509,8276,8181,8089,
285.521,8283,8181,8080,
285.53,8285,8178,8075,
285.541,8291,8178,8070,
285.55,8296,8178,8065,
285.56,8301,8181,8057,
285.568,8304,8175,8055,
285.578,8304,8178,8050,
285.587,8310,8175,8050,
285.598,8315,8178,8045,
285.609,8331,8175,8024,
285.619,8385,8175,7971,
285.627,8358,8178,7999,
285.639,8337,8175,8021,
285.65,8342,8175,8024,
285.658,8347,8175,8018,
285.67,8350,8178,8010,
285.676,8358,8175,8004,
285.689,8366,8178,7996,
285.698,8369,8178,7991,
285.711,8372,8178,7989,
285.717,8382,8175,7989,
285.728,8387,8178,7983,
285.739,8390,8178,7976,
285.75,8396,8178,7973,
285.759,8398,8175,7968,
285.768,8398,8178,7973,
285.777,8404,8178,7968,
285.789,8406,8178,7968,
285.799,8409,8178,7963,
285.808,8425,8178,7944,
285.816,8500,8178,7862,
285.827,8484,8175,7884,
285.837,8428,8178,7950,
285.848,8417,8181,7953,
285.858,8414,8178,7960,
285.868,8412,8178,7963,
285.879,8409,8178,7965,
285.89,8414,8175,7963,
285.899,8412,8175,7965,
285.91,8406,8175,7971,
285.92,8404,8178,7968,
285.926,8401,8178,7971,
285.938,8398,8175,7976,
285.949,8390,8178,7978,
285.958,8390,8178,7978,
285.967,8385,8178,7991,
285.979,8385,8175,7986,
285.987,8379,8175,7989,
285.999,8382,8175,7989,
286.009,8398,8178,7968,
286.019,8452,8170,7907,
286.03,8433,8181,7934,
286.038,8382,8178,7991,
286.049,8366,8178,7996,
286.057,8361,8175,8001,
286.066,8356,8175,8008,
286.078,8361,8175,8010,
286.087,8353,8175,8015,
286.096,8353,8178,8010,
286.107,8356,8178,8015,
286.119,8353,8175,8015,
286.127,8350,8175,8018,
286.138,8353,8175,8013,
286.149,8353,8175,8015,
286.158,8350,8175,8015,
286.168,8347,8178,8018,
286.178,8347,8178,8015,
286.186,8347,8175,8013,
286.2,8350,8178,8015,
286.206,8366,8178,7991,
286.22,8428,8175,7931,
286.228,8390,8178,7978,
286.236,8350,8175,8015,
286.249,8347,8175,8018,
286.257,8347,8175,8018,
286.269,8347,8175,8018,
286.278,8345,8178,8021,
286.288,8345,8175,8024,
286.299,8342,8175,8024,
286.305,8342,8175,8018,
286.316,8342,8175,8024,
286.327,8339,8175,8027,
286.336,8339,8175,8027,
286.347,8339,8175,8027,
286.356,8337,8178,8027,
286.368,8337,8178,8029,
286.38,8337,8178,8027,
286.387,8337,8175,8027,
286.398,8337,8178,8027,
286.408,8358,8178,8001,
286.418,8404,8173,7953,
286.429,8358,8178,7999,
286.438,8331,8175,8027,
286.447,8326,8175,8032,
286.456,8326,8178,8037,
286.467,8320,8175,8039,
286.478,8320,8175,8039,
286.486,8320,8175,8045,
286.496,8318,8175,8045,
286.507,8318,8175,8045,
286.518,8315,8175,8047,
286.528,8312,8175,8050,
286.538,8310,8175,8052,
286.549,8310,8175,8055,
286.561,8307,8175,8052,
286.568,8301,8175,8060,
286.577,8301,8175,8060,
286.589,8301,8175,8062,
286.598,8299,8175,8062,
286.607,8307,8178,8055,
286.617,8345,8175,8008,
286.628,8331,8178,8032,
286.639,8296,8178,8065,
286.647,8293,8175,8065,
286.658,8291,8178,8070,
286.668,8288,8175,8073,
286.678,8285,8175,8073,
286.688,8285,8175,8070,
286.696,8283,8178,8073,
286.707,8283,8178,8073,
286.717,8283,8178,8075,
286.729,8283,8175,8078,
286.737,8283,8175,8078,
286.748,8283,8178,8078,
286.758,8279,8178,8080,
286.767,8276,8175,8080,
286.777,8279,8175,8083,
286.788,8279,8178,8083,
286.796,8276,8175,8087,
286.805,8283,8175,8070,
286.817,8318,8175,8034,
286.825,8304,8175,8052,
286.836,8276,8178,8083,
286.848,8271,8175,8089,
286.859,8271,8178,8089,
286.865,8271,8175,8093,
286.877,8268,8175,8095,
286.886,8265,8175,8095,
286.896,8265,8178,8095,
286.907,8265,8178,8095,
286.918,8263,8175,8098,
286.927,8263,8175,8100,
286.936,8263,8175,8100,
286.947,8257,8175,8103,
286.957,8257,8178,8103,
286.966,8254,8178,8106,
286.978,8252,8175,8108,
286.989,8252,8175,8108,
286.997,8252,8178,8108,
287.006,8257,8178,8103,
287.018,8283,8175,8070,
287.028,8273,8178,8089,
287.04,8252,8181,8108,
287.047,8249,8178,8113,
287.058,8249,8178,8111,
287.067,8249,8178,8113,
287.077,8246,8178,8113,
287.087,8246,8178,8113,
287.097,8246,8178,8116,
287.107,8246,8178,8118,
287.117,8244,8178,8121,
287.127,8244,8178,8121,
287.137,8241,8178,8121,
287.148,8241,8175,8121,
287.158,8241,8175,8124,
287.166,8235,8175,8126,
287.176,8235,8175,8126,
287.186,8233,8175,8129,
287.197,8233,8175,8129,
287.208,8233,8175,8124,
287.216,8246,8175,8108,
287.227,8227,8175,8129,
287.236,8217,8175,8136,
287.245,8211,8178,8142,
287.258,8203,8175,8152,
287.268,8195,8175,8157,
287.276,8185,8175,8167,
287.287,8177,8178,8177,
287.3,8168,8175,8182,
287.306,8160,8178,8190,
287.317,8125,8178,8218,
287.328,8131,8178,8226,
287.336,8122,8178,8231,
287.345,8109,8181,8241,
287.356,8097,8183,8254,
287.366,8085,8186,8264,
287.375,8077,8186,8274,
287.385,8064,8186,8284,
287.395,8050,8186,8297,
287.407,8023,8186,8314,
287.414,7983,8188,8362,
287.426,8007,8193,8334,
287.435,8000,8193,8337,
287.448,7991,8193,8339,
287.456,7983,8191,8352,
287.464,7970,8199,8357,
287.477,7975,8199,8365,
287.487,7967,8199,8370,
287.498,7956,8193,8378,
287.505,7948,8199,8385,
287.515,7940,8199,8395,
287.527,7926,8204,8398,
287.539,7932,8204,8403,
287.545,7923,8206,8406,
287.557,7918,8204,8413,
287.566,7912,8206,8416,
287.578,7901,8206,8416,
287.585,7901,8214,8421,
287.596,7893,8201,8431,
287.605,7832,8191,8503,
287.618,7784,8199,8538,
287.627,7801,8196,8546,
287.633,7857,8212,8462,
287.644,7875,8206,8442,
287.656,7878,8196,8439,
287.668,7878,8201,8444,
287.675,7889,8201,8444,
287.687,7870,8206,8447,
287.697,7875,8209,8444,
287.709,7881,8209,8442,
287.715,7884,8204,8447,
287.726,7875,8214,8444,
287.736,7884,8201,8444,
287.745,7875,8206,8447,
287.755,7875,8206,8449,
287.764,7867,8209,8449,
287.778,7873,8212,8449,
287.787,7867,8201,8454,
287.797,7867,8212,8467,
287.804,7784,8193,8528,
287.817,7754,8199,8599,
287.826,7793,8212,8528,
287.837,7840,8212,8480,
287.844,7865,8212,8464,
287.853,7854,8206,8462,
287.866,7862,8201,8462,
287.875,7865,8206,8459,
287.884,7865,8214,8456,
287.897,7870,8204,8454,
287.908,7875,8209,8454,
287.916,7865,8212,8454,
287.928,7870,8217,8442,
287.937,7878,8206,8439,
287.946,7886,8209,8439,
287.957,7881,8204,8439,
287.966,7893,8204,8439,
287.974,7893,8206,8434,
287.986,7912,8212,8434,
287.995,7889,8196,8424,
288.006,7851,8193,8464,
288.016,7807,8188,8536,
288.024,7870,8212,8464,
288.035,7898,8206,8429,
288.045,7915,8212,8416,
288.055,7918,8206,8411,
288.066,7912,8209,8408,
288.075,7912,8204,8408,
288.086,7932,8209,8408,
288.096,7929,8209,8400,
288.107,7937,8196,8398,
288.113,7926,8201,8395,
288.125,7937,8199,8390,
288.136,7942,8199,8395,
288.146,7934,8201,8388,
288.156,7945,8196,8390,
288.166,7934,8201,8388,
288.174,7951,8193,8382,
288.184,7956,8196,8375,
288.196,7948,8196,8375,
288.206,7921,8196,8411,
288.216,7873,8196,8456,
288.225,7918,8204,8421,
288.234,7951,8201,8385,
288.246,7953,8191,8370,
288.257,7970,8201,8368,
288.267,7970,8201,8365,
288.273,7970,8196,8362,
288.287,7980,8193,8357,
288.295,7975,8201,8357,
288.305,7983,8196,8352,
288.314,7983,8191,8352,
288.324,7988,8193,8352,
288.333,7983,8196,8350,
288.346,7986,8196,8347,
288.356,7995,8188,8342,
288.365,7998,8191,8342,
288.377,8000,8193,8339,
288.386,8007,8188,8334,
288.395,8007,8188,8334,
288.407,7995,8188,8344,
288.416,7964,8188,8393,
288.426,7983,8196,8362,
288.435,8026,8193,8319,
288.445,8031,8191,8309,
288.454,8039,8188,8305,
288.465,8050,8188,8297,
288.477,8061,8188,8287,
288.485,8072,8186,8277,
288.494,8080,8188,8266,
288.505,8097,8186,8254,
288.514,8109,8183,8243,
288.525,8122,8183,8231,
288.536,8136,8181,8218,
288.545,8147,8181,8205,
288.553,8160,8178,8192,
288.566,8174,8178,8182,
288.575,8179,8178,8174,
288.583,8185,8178,8169,
288.595,8188,8178,8169,
288.606,8206,8181,8154,
288.617,8225,8175,8129,
288.623,8230,8178,8129,
288.636,8233,8175,8131,
288.645,8244,8175,8118,
288.655,8249,8175,8113,
288.664,8257,8175,8106,
288.675,8263,8175,8100,
288.683,8271,8175,8089,
288.695,8276,8178,8087,
288.706,8283,8178,8078,
288.715,8288,8175,8073,
288.724,8296,8178,8065,
288.735,8299,8178,8057,
288.746,8307,8178,8055,
288.756,8315,8175,8045,
288.765,8320,8178,8039,
288.775,8329,8178,8037,
288.785,8331,8175,8034,
288.794,8337,8175,8027,
288.806,8361,8175,8004,
288.815,8420,8178,7936,
288.824,8409,8178,7946,
288.835,8366,8175,7999,
288.845,8361,8175,8001,
288.855,8364,8175,8001,
288.864,8366,8175,7996,
288.875,8366,8178,7999,
288.884,8369,8175,7996,
288.893,8372,8178,7991,
288.905,8377,8178,7991,
288.913,8377,8175,7989,
288.926,8377,8181,7986,
288.934,8382,8181,7989,
288.945,8385,8178,7986,
288.953,8382,8181,7989,
288.965,8385,8181,7983,
288.974,8390,8181,7983,
288.986,8387,8178,7983,
288.995,8393,8181,7983,
289.005,8404,8178,7963,
289.014,8471,8181,7879,
289.023,8428,8178,7946,
289.034,8393,8178,7978,
289.042,8385,8175,7986,
289.054,8382,8178,7986,
289.066,8382,8175,7986,
289.075,8379,8178,7983,
289.084,8379,8175,7989,
289.095,8369,8178,7991,
289.105,8366,8178,7996,
289.114,8361,8175,7999,
289.124,8358,8178,8001,
289.133,8358,8178,8004,
289.145,8353,8178,8008,
289.155,8353,8175,8008,
289.161,8347,8175,8013,
289.173,8345,8175,8018,
289.183,8342,8178,8018,
289.194,8339,8175,8024,
289.203,8358,8175,8004,
289.213,8409,8178,7944,
289.224,8396,8181,7976,
289.232,8345,8175,8027,
289.245,8337,8178,8029,
289.255,8337,8181,8032,
289.264,8331,8178,8032,
289.275,8329,8178,8032,
289.286,8334,8181,8032,
289.292,8329,8181,8034,
289.304,8331,8178,8034,
289.314,8334,8178,8034,
289.322,8331,8178,8034,
289.333,8331,8178,8034,
289.345,8331,8175,8034,
289.353,8326,8178,8034,
289.362,8329,8175,8032,
289.375,8326,8178,8037,
289.385,8323,8175,8037,
289.394,8326,8178,8034,
289.406,8339,8178,8024,
289.413,8390,8178,7968,
289.423,8350,8178,8013,
289.433,8318,8178,8039,
289.443,8315,8175,8047,
289.453,8312,8181,8047,
289.464,8310,8178,8050,
289.473,8307,8181,8050,
289.483,8304,8181,8050,
289.494,8304,8178,8052,
289.502,8301,8178,8055,
289.513,8299,8178,8060,
289.523,8299,8178,8060,
289.532,8296,8178,8060,
289.543,8299,8181,8062,
289.554,8299,8175,8065,
289.563,8296,8175,8065,
289.572,8293,8175,8068,
289.585,8293,8175,8068,
289.594,8291,8178,8068,
289.602,8299,8178,8057,
289.614,8337,8175,8018,
289.625,8320,8175,8042,
289.631,8293,8175,8070,
289.644,8285,8178,8070,
289.653,8285,8175,8070,
289.666,8285,8178,8070,
289.674,8283,8175,8073,
289.682,8283,8175,8075,
289.694,8283,8175,8075,
289.704,8283,8175,8075,
289.713,8283,8175,8075,
289.723,8283,8178,8075,
289.733,8283,8175,8075,
289.744,8283,8175,8075,
289.753,8283,8175,8075,
289.762,8283,8175,8073,
289.774,8283,8178,8073,
289.783,8283,8175,8075,
289.793,8283,8178,8073,
289.805,8288,8178,8068,
289.813,8323,8178,8034,
289.824,8293,8175,8062,
289.834,8283,8175,8083,
289.843,8276,8178,8083,
289.855,8276,8178,8087,
289.863,8273,8175,8087,
289.872,8271,8175,8087,
289.884,8273,8178,8087,
289.893,8271,8175,8089,
289.905,8271,8175,8089,
289.914,8271,8175,8089,
289.923,8268,8175,8093,
289.931,8265,8175,8095,
289.944,8265,8178,8098,
289.953,8263,8178,8100,
289.964,8257,8175,8103,
289.973,8254,8175,8103,
289.982,8254,8175,8106,
289.993,8254,8178,8106,
290.001,8263,8175,8098,
290.014,8283,8178,8070,
290.022,8276,8178,8080,
290.032,8254,8178,8108,
290.043,8249,8178,8111,
290.055,8249,8178,8111,
290.062,8249,8178,8113,
290.071,8246,8178,8113,
290.082,8246,8181,8116,
290.093,8246,8181,8116,
290.101,8246,8181,8113,
290.114,8244,8181,8116,
290.123,8244,8181,8118,
290.133,8244,8181,8118,
290.142,8241,8178,8118,
290.153,8241,8181,8121,
290.164,8238,8181,8121,
290.175,8238,8178,8124,
290.183,8238,8178,8124,
290.192,8238,8178,8124,
290.203,8244,8175,8118,
290.212,8260,8175,8095,
290.221,8246,8175,8113,
290.233,8235,8178,8124,
290.242,8235,8175,8126,
290.251,8233,8178,8124,
290.263,8233,8178,8126,
290.272,8230,8178,8131,
290.284,8230,8175,8131,
290.292,8227,8175,8134,
290.302,8227,8178,8134,
290.312,8227,8178,8134,
290.321,8225,8178,8134,
290.33,8225,8178,8134,
290.344,8222,8178,8139,
290.353,8222,8175,8139,
290.362,8219,8175,8142,
290.371,8219,8178,8139,
290.384,8217,8175,8142,
290.393,8214,8181,8144,
290.402,8211,8181,8144,
290.411,8219,8178,8139,
290.421,8203,8178,8147,
290.432,8198,8181,8152,
290.44,8198,8178,8157,
290.454,8188,8178,8163,
290.464,8185,8178,8167,
290.474,8179,8181,8174,
290.482,8174,8178,8180,
290.493,8171,8178,8182,
290.502,8166,8175,8187,
290.514,8141,8178,8210,
290.522,8144,8178,8210,
290.533,8136,8178,8216,
290.543,8125,8181,8226,
290.553,8114,8181,8238,
290.564,8103,8181,8246,
290.572,8097,8183,8256,
290.584,8085,8183,8266,
290.593,8072,8183,8277,
290.604,8050,8183,8295,
290.613,8023,8181,8329,
290.623,8023,8188,8321,
290.634,8028,8191,8311,
290.642,8018,8191,8316,
290.653,8007,8188,8324,
290.662,8012,8191,8332,
290.673,8000,8196,8339,
290.684,7988,8196,8347,
290.693,7980,8193,8352,
290.702,7978,8196,8357,
290.712,7970,8188,8362,
290.723,7961,8196,8368,
290.734,7953,8193,8375,
290.74,7953,8201,8385,
290.751,7942,8206,8388,
290.764,7929,8206,8395,
290.773,7937,8199,8398,
290.781,7929,8196,8395,
290.791,7918,8201,8406,
290.801,7886,8188,8436,
290.811,7827,8191,8495,
290.824,7881,8209,8454,
290.83,7901,8204,8429,
290.842,7909,8206,8421,
290.852,7901,8199,8424,
290.862,7901,8209,8429,
290.871,7909,8204,8426,
290.883,7889,8201,8434,
290.893,7901,8204,8434,
290.903,7895,8204,8439,
290.912,7889,8217,8442,
290.922,7875,8204,8447,
290.932,7867,8201,8444,
290.941,7878,8199,8454,
290.954,7875,8206,8454,
290.96,7867,8209,8454,
290.972,7875,8201,8454,
290.981,7878,8217,8454,
290.993,7881,8209,8456,
291.001,7829,8193,8485,
291.011,7762,8196,8564,
291.021,7827,8214,8503,
291.031,7854,8212,8474,
291.039,7857,8209,8459,
291.051,7867,8214,8456,
291.06,7867,8214,8456,
291.071,7870,8214,8454,
291.083,7862,8212,8456,
291.092,7867,8206,8447,
291.103,7870,8212,8447,
291.112,7889,8209,8444,
291.121,7881,8204,8444,
291.13,7878,8204,8442,
291.142,7893,8212,8439,
291.151,7884,8209,8434,
291.162,7889,8206,8436,
291.17,7889,8201,8429,
291.179,7889,8199,8434,
291.19,7898,8204,8436,
291.203,7848,8188,8477,
291.212,7796,8196,8548,
291.221,7846,8214,8482,
291.233,7878,8199,8447,
291.242,7895,8196,8431,
291.259,7889,8196,8431,
291.26,7895,8199,8426,
291.272,7898,8212,8424,
291.28,7912,8212,8418,
291.291,7906,8206,8416,
291.299,7915,8201,8416,
291.31,7923,8206,8406,
291.32,7918,8206,8408,
291.33,7932,8209,8406,
291.34,7926,8204,8403,
291.35,7934,8206,8398,
291.361,7937,8206,8395,
291.371,7937,8199,8393,
291.381,7940,8204,8388,
291.391,7945,8193,8388,
291.401,7886,8196,8442,
291.412,7862,8191,8474,
291.421,7901,8201,8442,
291.431,7937,8204,8385,
291.441,7959,8188,8373,
291.452,7956,8193,8370,
291.46,7959,8193,8365,
291.472,7964,8191,8360,
291.483,7972,8186,8355,
291.493,7980,8199,8352,
291.499,7978,8191,8350,
291.512,7991,8188,8347,
291.521,7998,8191,8337,
291.529,8012,8193,8334,
291.542,8015,8186,8326,
291.551,8020,8188,8319,
291.56,8028,8191,8314,
291.569,8037,8188,8309,
291.582,8045,8191,8305,
291.59,8053,8183,8297,
291.601,8053,8188,8300,
291.61,8039,8183,8319,
291.622,8069,8186,8284,
291.631,8097,8183,8254,
291.641,8112,8183,8241,
291.649,8131,8178,8223,
291.661,8144,8178,8208,
291.672,8160,8175,8195,
291.68,8174,8175,8182,
291.691,8182,8175,8174,
291.701,8188,8175,8169,
291.712,8192,8175,8163,
291.718,8217,8173,8161,
291.732,8227,8178,8134,
291.743,8238,8175,8124,
291.751,8252,8178,8111,
291.762,8263,8175,8098,
291.771,8276,8175,8083,
291.781,8283,8178,8073,
291.789,8299,8175,8060,
291.803,8323,8175,8037,
291.811,8369,8178,7981,
291.822,8347,8175,8015,
291.832,8337,8175,8027,
291.842,8337,8178,8024,
291.851,8342,8175,8021,
291.861,8353,8175,8010,
291.87,8356,8178,8008,
291.882,8364,8178,7999,
291.888,8366,8175,7996,
291.901,8372,8175,7991,
291.91,8372,8175,7991,
291.922,8379,8178,7989,
291.932,8379,8178,7991,
291.941,8379,8178,7994,
291.95,8377,8175,7991,
291.959,8377,8178,7991,
291.97,8369,8178,7996,
291.981,8369,8178,7996,
291.99,8369,8178,7996,
292,8393,8175,7971,
292.01,8452,8175,7907,
292.019,8412,8181,7950,
292.032,8372,8175,7994,
292.04,8366,8175,8001,
292.051,8364,8175,8001,
292.06,8361,8175,8001,
292.071,8358,8178,8004,
292.08,8361,8175,8004,
292.091,8361,8175,8004,
292.101,8361,8178,8004,
292.109,8358,8178,8004,
292.123,8361,8175,8008,
292.131,8361,8178,8008,
292.14,8364,8178,8004,
292.151,8358,8178,8008,
292.161,8361,8175,8004,
292.168,8358,8175,8008,
292.181,8364,8175,8004,
292.189,8364,8178,8001,
292.202,8401,8178,7968,
292.21,8463,8175,7899,
292.221,8439,8178,7927,
292.229,8390,8175,7983,
292.238,8379,8175,7991,
292.25,8379,8178,7986,
292.259,8382,8178,7991,
292.27,8377,8178,7989,
292.28,8379,8178,7989,
292.29,8379,8178,7991,
292.302,8382,8178,7989,
292.311,8382,8181,7986,
292.319,8377,8181,7996,
292.331,8377,8178,7999,
292.338,8377,8178,7994,
292.349,8372,8178,7994,
292.36,8369,8181,7996,
292.369,8364,8181,7996,
292.38,8364,8181,8001,
292.391,8366,8178,8004,
292.4,8385,8178,7981,
292.411,8436,8178,7912,
292.421,8393,8178,7976,
292.43,8361,8175,7999,
292.441,8353,8178,8010,
292.447,8356,8178,8008,
292.46,8353,8178,8013,
292.469,8350,8178,8013,
292.481,8347,8178,8015,
292.489,8347,8178,8015,
292.497,8342,8178,8018,
292.509,8339,8178,8021,
292.521,8337,8178,8029,
292.529,8331,8178,8029,
292.539,8331,8175,8032,
292.549,8326,8175,8034,
292.56,8329,8175,8034,
292.572,8323,8178,8037,
292.578,8320,8170,8039,
292.59,8323,8178,8037,
292.601,8347,8178,8013,
292.61,8393,8183,7955,
292.619,8350,8178,8008,
292.629,8320,8175,8039,
292.64,8312,8178,8047,
292.649,8312,8175,8047,
292.66,8312,8175,8050,
292.668,8310,8175,8052,
292.68,8310,8175,8052,
292.692,8307,8178,8055,
292.7,8307,8175,8055,
292.709,8304,8175,8057,
292.721,8301,8175,8060,
292.729,8301,8175,8057,
292.74,8301,8175,8060,
292.75,8301,8175,8060,
292.759,8301,8175,8060,
292.77,8299,8175,8060,
292.779,8296,8175,8062,
292.789,8293,8175,8065,
292.8,8304,8175,8055,
292.809,8342,8178,8013,
292.821,8326,8175,8034,
292.828,8296,8175,8062,
292.838,8291,8175,8065,
292.851,8288,8175,8068,
292.86,8288,8175,8070,
292.869,8283,8178,8073,
292.878,8285,8175,8073,
292.891,8285,8175,8073,
292.9,8283,8175,8073,
292.909,8283,8178,8078,
292.917,8283,8178,8078,
292.93,8283,8175,8078,
292.938,8279,8178,8080,
292.949,8279,8175,8080,
292.958,8276,8178,8083,
292.968,8276,8178,8083,
292.98,8273,8175,8087,
292.989,8276,8178,8087,
292.999,8288,8175,8070,
293.012,8320,8175,8034,
293.019,8285,8178,8068,
293.029,8271,8175,8093,
293.039,8271,8175,8087,
293.048,8271,8178,8089,
293.059,8271,8178,8089,
293.069,8268,8175,8093,
293.078,8268,8175,8093,
293.089,8265,8175,8093,
293.098,8263,8175,8095,
293.11,8265,8175,8095,
293.117,8263,8178,8098,
293.129,8263,8175,8098,
293.139,8260,8175,8098,
293.149,8260,8178,8098,
293.161,8257,8175,8100,
293.167,8257,8175,8100,
293.179,8257,8175,8100,
293.188,8257,8178,8103,
293.201,8263,8178,8095,
293.209,8285,8175,8065,
293.217,8276,8175,8075,
293.229,8254,8181,8108,
293.238,8249,8178,8111,
293.247,8246,8175,8111,
293.258,8246,8175,8111,
293.267,8244,8175,8113,
293.281,8244,8175,8113,
293.287,8244,8175,8113,
293.298,8246,8178,8116,
293.307,8244,8175,8116,
293.32,8244,8175,8118,
293.329,8241,8175,8121,
293.337,8238,8178,8121,
293.348,8235,8175,8124,
293.357,8233,8175,8129,
293.369,8230,8175,8129,
293.379,8230,8175,8129,
293.388,8230,8178,8129,
293.397,8235,8178,8121,
293.409,8249,8175,8108,
293.42,8230,8178,8126,
293.428,8222,8178,8136,
293.439,8222,8181,8131,
293.448,8219,8178,8134,
293.461,8219,8178,8136,
293.467,8217,8181,8139,
293.478,8217,8178,8139,
293.487,8217,8181,8139,
293.499,8214,8178,8142,
293.506,8214,8178,8142,
293.519,8211,8178,8144,
293.528,8211,8178,8147,
293.538,8208,8175,8149,
293.55,8206,8175,8154,
293.558,8200,8178,8157,
293.568,8198,8178,8161,
293.58,8192,8178,8163,
293.589,8188,8175,8169,
293.599,8185,8178,8174,
293.608,8177,8175,8177,
293.619,8171,8175,8185,
293.628,8171,8175,8190,
293.639,8163,8178,8195,
293.65,8147,8175,8200,
293.658,8141,8175,8213,
293.67,8133,8181,8218,
293.68,8125,8181,8228,
293.688,8114,8181,8238,
293.698,8103,8181,8248,
293.707,8092,8181,8259,
293.719,8080,8183,8269,
293.727,8069,8183,8279,
293.74,8055,8183,8290,
293.749,8045,8188,8302,
293.758,8031,8193,8311,
293.766,8023,8191,8321,
293.778,8012,8191,8326,
293.789,8003,8193,8337,
293.798,7972,8191,8368,
293.807,7934,8188,8424,
293.819,7970,8199,8382,
293.827,7967,8196,8375,
293.836,7961,8196,8370,
293.849,7953,8201,8375,
293.858,7948,8193,8378,
293.869,7956,8196,8378,
293.879,7948,8199,8388,
293.888,7932,8193,8395,
293.896,7934,8199,8398,
293.907,7937,8201,8398,
293.916,7923,8201,8408,
293.929,7923,8204,8411,
293.938,7921,8201,8408,
293.948,7915,8204,8413,
293.957,7909,8199,8416,
293.97,7912,8206,8421,
293.978,7904,8199,8424,
293.986,7895,8201,8429,
294,7832,8188,8498,
294.007,7791,8193,8541,
294.019,7848,8206,8500,
294.027,7867,8204,8464,
294.039,7870,8201,8439,
294.046,7889,8193,8436,
294.057,7893,8212,8439,
294.067,7884,8204,8442,
294.078,7878,8209,8439,
294.09,7893,8206,8434,
294.097,7886,8204,8439,
294.107,7895,8209,8436,
294.117,7889,8204,8434,
294.128,7893,8209,8436,
294.139,7875,8212,8436,
294.145,7889,8201,8434,
294.157,7886,8206,8431,
294.169,7884,8199,8436,
294.18,7895,8212,8431,
294.189,7893,8199,8436,
294.197,7870,8191,8469,
294.207,7787,8199,8561,
294.219,7796,8209,8538,
294.227,7851,8219,8464,
294.235,7873,8199,8447,
294.248,7878,8219,8447,
294.257,7881,8212,8449,
294.269,7884,8212,8444,
294.275,7875,8199,8447,
294.288,7867,8212,8449,
294.298,7878,8209,8449,
294.31,7865,8199,8447,
294.316,7878,8209,8447,
294.328,7881,8204,8447,
294.337,7878,8204,8447,
294.347,7884,8212,8447,
294.356,7881,8209,8444,
294.368,7881,8214,8439,
294.376,7884,8209,8439,
294.387,7898,8206,8439,
294.398,7843,8186,8482,
294.406,7791,8188,8561,
294.419,7851,8212,8485,
294.428,7884,8209,8447,
294.438,7898,8204,8429,
294.445,7898,8204,8424,
294.459,7909,8193,8424,
294.468,7898,8206,8418,
294.477,7912,8206,8416,
294.489,7921,8204,8416,
294.498,7912,8206,8411,
294.508,7912,8199,8413,
294.518,7923,8209,8408,
294.528,7921,8199,8408,
294.536,7921,8204,8411,
294.546,7921,8201,8411,
294.556,7918,8201,8406,
294.566,7929,8201,8403,
294.576,7932,8204,8398,
294.586,7940,8206,8398,
294.596,7889,8193,8431,
294.608,7846,8188,8492,
294.614,7867,8199,8480,
294.627,7929,8206,8403,
294.636,7948,8201,8385,
294.646,7951,8201,8382,
294.657,7953,8199,8378,
294.668,7953,8199,8370,
294.677,7953,8193,8368,
294.688,7961,8199,8368,
294.696,7964,8199,8362,
294.707,7967,8193,8360,
294.715,7970,8191,8355,
294.728,7978,8199,8350,
294.739,7986,8193,8350,
294.745,7980,8196,8347,
294.756,7991,8196,8339,
294.766,7998,8196,8339,
294.777,7998,8201,8339,
294.788,7998,8193,8339,
294.797,7964,8188,8362,
294.808,7945,8186,8406,
294.818,7964,8193,8375,
294.825,8007,8191,8337,
294.836,8020,8193,8324,
294.848,8023,8193,8316,
294.856,8026,8183,8309,
294.868,8039,8188,8309,
294.877,8045,8186,8305,
294.886,8047,8186,8300,
294.896,8055,8186,8295,
294.907,8053,8186,8292,
294.917,8066,8186,8287,
294.926,8072,8183,8279,
294.939,8077,8183,8274,
294.948,8085,8186,8266,
294.959,8094,8186,8254,
294.965,8106,8181,8246,
294.976,8114,8181,8238,
294.989,8125,8175,8223,
294.997,8131,8178,8221,
295.008,8131,8178,8223,
295.016,8152,8178,8203,
295.028,8160,8178,8195,
295.036,8168,8178,8185,
295.046,8174,8175,8174,
295.057,8177,8175,8174,
295.067,8182,8175,8172,
295.077,8182,8175,8172,
295.084,8203,8188,8142,
295.097,8211,8175,8147,
295.106,8219,8175,8136,
295.116,8233,8175,8124,
295.127,8246,8175,8113,
295.136,8254,8175,8106,
295.148,8271,8175,8093,
295.158,8283,8175,8078,
295.168,8296,8175,8065,
295.175,8307,8178,8050,
295.186,8326,8178,8034,
295.195,8364,8175,7994,
295.206,8436,8178,7920,
295.215,8425,8181,7927,
295.227,8390,8178,7986,
295.237,8387,8178,7983,
295.247,8393,8178,7976,
295.255,8404,8178,7971,
295.264,8409,8178,7968,
295.277,8414,8178,7955,
295.285,8423,8178,7955,
295.297,8425,8178,7953,
295.307,8428,8178,7953,
295.316,8428,8178,7946,
295.324,8433,8175,7941,
295.335,8439,8175,7941,
295.344,8439,8175,7934,
295.358,8442,8178,7936,
295.365,8444,8175,7931,
295.377,8447,8175,7927,
295.387,8450,8175,7927,
295.398,8492,8178,7881,
295.405,8573,8175,7793,
295.416,8546,8178,7835,
295.425,8479,8175,7907,
295.435,8458,8173,7920,
295.447,8450,8178,7925,
295.456,8452,8178,7934,
295.466,8455,8173,7927,
295.475,8452,8175,7927,
295.485,8455,8175,7934,
295.496,8447,8175,7931,
295.508,8447,8175,7925,
295.514,8450,8175,7927,
295.523,8447,8175,7934,
295.536,8444,8178,7934,
295.545,8444,8178,7939,
295.554,8439,8181,7944,
295.566,8436,8178,7939,
295.577,8436,8178,7939,
295.587,8439,8183,7936,
295.597,8484,8178,7889,
295.605,8553,8181,7810,
295.614,8490,8181,7889,
295.628,8436,8181,7941,
295.638,8431,8178,7944,
295.647,8423,8178,7953,
295.656,8423,8178,7955,
295.666,8417,8178,7958,
295.675,8417,8178,7955,
295.684,8417,8175,7960,
295.695,8406,8178,7971,
295.705,8409,8178,7963,
295.715,8406,8178,7965,
295.725,8406,8175,7968,
295.735,8404,8175,7971,
295.744,8398,8175,7976,
295.753,8393,8175,7976,
295.766,8393,8175,7981,
295.775,8393,8175,7983,
295.785,8393,8178,7978,
295.797,8409,8175,7963,
295.808,8471,8175,7889,
295.814,8423,8178,7944,
295.825,8382,8181,7986,
295.836,8372,8178,7994,
295.847,8369,8175,7994,
295.856,8369,8175,7994,
295.866,8366,8178,7999,
295.875,8361,8178,7999,
295.884,8358,8178,8008,
295.896,8358,8178,8010,
295.905,8356,8175,8010,
295.915,8353,8175,8013,
295.923,8350,8178,8015,
295.936,8350,8178,8018,
295.946,8347,8175,8018,
295.955,8342,8178,8018,
295.965,8342,8178,8024,
295.976,8339,8175,8027,
295.987,8337,8178,8029,
295.995,8350,8178,8010,
296.003,8398,8175,7963,
296.017,8356,8178,8004,
296.023,8331,8175,8029,
296.035,8329,8178,8034,
296.046,8329,8175,8039,
296.054,8326,8175,8039,
296.066,8323,8175,8039,
296.075,8320,8175,8045,
296.085,8320,8178,8045,
296.096,8318,8178,8045,
296.105,8312,8175,8052,
296.116,8310,8178,8050,
296.123,8307,8178,8052,
296.137,8304,8178,8052,
296.145,8304,8178,8055,
296.153,8301,8178,8057,
296.164,8301,8178,8057,
296.174,8296,8181,8057,
296.187,8296,8181,8060,
296.194,8307,8178,8052,
296.207,8342,8178,8010,
296.215,8326,8181,8029,
296.224,8296,8178,8062,
296.233,8291,8181,8065,
296.246,8291,8181,8068,
296.255,8288,8181,8070,
296.264,8285,8175,8070,
296.275,8285,8175,8070,
296.285,8285,8175,8070,
296.296,8283,8178,8073,
296.306,8283,8175,8073,
296.314,8283,8175,8075,
296.325,8283,8178,8078,
296.334,8283,8178,8075,
296.346,8279,8175,8078,
296.357,8279,8178,8080,
296.363,8276,8175,8080,
296.373,8276,8178,8080,
296.384,8276,8175,8080,
296.396,8293,8178,8060,
296.405,8320,8178,8029,
296.415,8301,8178,8047,
296.423,8276,8178,8083,
296.436,8276,8178,8093,
296.446,8273,8178,8087,
296.454,8273,8178,8093,
296.464,8273,8178,8093,
296.474,8271,8175,8093,
296.484,8271,8175,8095,
296.493,8268,8178,8095,
296.505,8268,8175,8098,
296.515,8265,8175,8100,
296.525,8263,8178,8098,
296.533,8257,8178,8100,
296.545,8257,8178,8100,
296.553,8257,8178,8103,
296.564,8254,8178,8103,
296.576,8254,8175,8103,
296.584,8254,8175,8103,
296.595,8268,8178,8089,
296.604,8291,8178,8057,
296.614,8271,8178,8089,
296.625,8254,8175,8111,
296.634,8252,8175,8111,
296.644,8252,8175,8111,
296.653,8249,8178,8116,
296.662,8246,8175,8116,
296.675,8244,8175,8118,
296.683,8244,8175,8118,
296.692,8244,8175,8118,
296.704,8244,8175,8118,
296.715,8244,8175,8121,
296.724,8244,8178,8121,
296.735,8241,8175,8124,
296.744,8238,8175,8124,
296.755,8241,8178,8124,
296.763,8238,8178,8124,
296.775,8235,8178,8126,
296.785,8235,8178,8126,
296.794,8241,8178,8121,
296.804,8254,8178,8100,
296.814,8244,8175,8116,
296.825,8230,8175,8129,
296.834,8230,8175,8131,
296.845,8230,8178,8131,
296.855,8225,8175,8134,
296.864,8222,8175,8136,
296.874,8219,8175,8139,
296.883,8217,8178,8142,
296.895,8214,8175,8144,
296.904,8208,8178,8147,
296.914,8206,8175,8152,
296.923,8198,8178,8157,
296.933,8192,8175,8161,
296.944,8182,8175,8167,
296.954,8177,8178,8174,
296.964,8171,8175,8180,
296.973,8166,8175,8185,
296.984,8152,8178,8203,
296.992,8139,8178,8218,
297.004,8120,8178,8238,
297.013,8112,8181,8243,
297.024,8106,8181,8243,
297.034,8094,8183,8256,
297.045,8080,8183,8269,
297.054,8069,8183,8279,
297.063,8058,8186,8290,
297.075,8047,8186,8300,
297.085,8037,8191,8309,
297.094,8020,8186,8316,
297.104,8009,8191,8326,
297.112,7995,8186,8337,
297.124,7995,8196,8347,
297.134,7975,8193,8357,
297.143,7964,8196,8368,
297.153,7953,8196,8378,
297.165,7959,8199,8385,
297.171,7940,8196,8390,
297.184,7945,8199,8400,
297.194,7904,8196,8439,
297.202,7835,8191,8500,
297.213,7893,8209,8454,
297.222,7881,8199,8442,
297.234,7898,8209,8434,
297.245,7886,8209,8434,
297.255,7889,8209,8439,
297.262,7884,8204,8439,
297.275,7878,8212,8444,
297.281,7873,8214,8447,
297.294,7875,8214,8449,
297.304,7870,8219,8447,
297.311,7865,8209,8456,
297.324,7854,8214,8456,
297.333,7848,8217,8467,
297.343,7867,8209,8462,
297.355,7862,8209,8467,
297.364,7854,8217,8467,
297.374,7838,8206,8472,
297.383,7846,8217,8469,
297.392,7804,8199,8508,
297.403,7746,8199,8587,
297.414,7809,8224,8524,
297.426,7832,8217,8495,
297.433,7867,8212,8482,
297.444,7840,8214,8474,
297.453,7848,8209,8469,
297.463,7843,8212,8477,
297.471,7848,8204,8474,
297.484,7848,8209,8477,
297.493,7843,8212,8469,
297.502,7854,8206,8469,
297.514,7859,8209,8469,
297.523,7848,8222,8472,
297.534,7857,8217,8467,
297.543,7846,8217,8472,
297.555,7848,8222,8472,
297.561,7846,8204,8469,
297.573,7848,8222,8467,
297.585,7843,8219,8472,
297.594,7804,8193,8518,
297.602,7743,8199,8590,
297.613,7815,8219,8528,
297.622,7824,8209,8490,
297.633,7843,8212,8480,
297.642,7843,8217,8472,
297.654,7848,8217,8474,
297.663,7851,8219,8469,
297.675,7865,8217,8469,
297.686,7862,8212,8467,
297.692,7870,8209,8459,
297.702,7870,8219,8456,
297.713,7881,8214,8449,
297.723,7881,8214,8454,
297.734,7884,8206,8444,
297.743,7881,8199,8436,
297.752,7889,8201,8436,
297.764,7889,8214,8431,
297.772,7898,8201,8429,
297.783,7898,8193,8424,
297.791,7843,8201,8487,
297.802,7820,8204,8524,
297.811,7862,8204,8477,
297.823,7898,8206,8429,
297.831,7926,8201,8411,
297.842,7921,8199,8406,
297.855,7926,8199,8400,
297.864,7923,8201,8398,
297.873,7934,8196,8390,
297.884,7937,8201,8390,
297.895,7951,8199,8382,
297.903,7964,8206,8375,
297.912,7964,8199,8373,
297.923,7970,8193,8368,
297.932,7964,8201,8365,
297.943,7978,8196,8360,
297.954,7988,8196,8357,
297.964,7983,8196,8355,
297.973,7988,8199,8350,
297.981,7978,8193,8347,
297.993,7953,8186,8382,
298.003,7934,8191,8416,
298.011,7951,8193,8395,
298.024,7995,8199,8342,
298.03,8007,8193,8334,
298.04,8012,8193,8326,
298.052,8012,8193,8321,
298.062,8020,8188,8316,
298.073,8028,8188,8314,
298.083,8034,8188,8309,
298.092,8045,8186,8305,
298.102,8047,8188,8300,
298.112,8055,8186,8292,
298.124,8061,8186,8287,
298.13,8066,8186,8282,
298.142,8077,8186,8274,
298.155,8083,8188,8266,
298.165,8092,8183,8256,
298.172,8103,8183,8246,
298.182,8112,8181,8235,
298.192,8114,8175,8241,
298.202,8122,8178,8228,
298.214,8144,8175,8208,
298.221,8163,8175,8187,
298.231,8177,8175,8177,
298.241,8182,8175,8174,
298.25,8185,8175,8167,
298.262,8211,8173,8131,
298.273,8225,8175,8136,
298.281,8235,8175,8126,
298.29,8252,8175,8108,
298.301,8271,8175,8089,
298.313,8288,8175,8073,
298.324,8301,8178,8057,
298.33,8318,8178,8047,
298.342,8331,8175,8034,
298.353,8342,8175,8024,
298.362,8353,8178,8013,
298.372,8364,8178,7999,
298.382,8379,8178,7991,
298.392,8406,8178,7963,
298.406,8484,8178,7875,
298.412,8468,8175,7889,
298.422,8417,8178,7958,
298.434,8412,8178,7960,
298.443,8412,8178,7960,
298.453,8412,8178,7960,
298.462,8412,8175,7955,
298.473,8412,8175,7955,
298.484,8412,8175,7960,
298.492,8409,8178,7963,
298.501,8409,8178,7963,
298.513,8409,8175,7968,
298.523,8414,8175,7963,
298.532,8417,8173,7955,
298.541,8417,8178,7960,
298.551,8414,8175,7963,
298.561,8414,8175,7958,
298.572,8414,8175,7963,
298.58,8414,8181,7960,
298.592,8436,8178,7931,
298.6,8509,8175,7854,
298.612,8461,8178,7907,
298.621,8423,8175,7950,
298.631,8417,8175,7958,
298.642,8417,8175,7955,
298.652,8414,8178,7958,
298.664,8414,8175,7958,
298.672,8409,8175,7955,
298.681,8412,8175,7958,
298.69,8409,8175,7963,
298.701,8412,8175,7963,
298.71,8409,8173,7963,
298.722,8409,8178,7963,
298.732,8409,8178,7971,
298.745,8406,8178,7971,
298.751,8401,8178,7971,
298.763,8398,8178,7981,
298.772,8396,8175,7976,
298.782,8396,8178,7981,
298.792,8414,8181,7953,
298.802,8479,8175,7891,
298.811,8428,8181,7950,
298.822,8390,8178,7978,
298.832,8385,8178,7983,
298.84,8379,8178,7983,
298.851,8379,8178,7989,
298.862,8379,8181,7989,
298.87,8372,8181,7994,
298.881,8369,8178,7999,
298.889,8366,8175,7999,
298.903,8366,8175,7996,
298.911,8364,8175,8004,
298.919,8361,8175,7999,
298.93,8358,8175,8008,
298.943,8358,8178,8008,
298.952,8358,8178,8008,
298.961,8356,8178,8013,
298.971,8356,8178,8010,
298.981,8353,8178,8010,
298.99,8372,8175,7989,
299,8431,8178,7927,
299.011,8412,8175,7953,
299.019,8361,8178,8008,
299.03,8347,8178,8018,
299.043,8347,8175,8021,
299.052,8339,8178,8021,
299.061,8342,8175,8021,
299.072,8342,8175,8024,
299.081,8339,8178,8024,
299.091,8337,8178,8027,
299.099,8337,8175,8024,
299.11,8331,8175,8032,
299.123,8334,8175,8029,
299.132,8329,8175,8034,
299.142,8331,8175,8037,
299.15,8329,8175,8039,
299.16,8329,8178,8037,
299.169,8323,8175,8042,
299.18,8326,8178,8042,
299.191,8337,8178,8024,
299.202,8382,8175,7978,
299.213,8347,8175,8018,
299.219,8318,8178,8039,
299.232,8318,8175,8047,
299.24,8312,8175,8050,
299.249,8307,8178,8047,
299.26,8307,8175,8052,
299.27,8301,8178,8055,
299.28,8301,8178,8057,
299.291,8301,8178,8057,
299.302,8299,8178,8060,
299.31,8296,8175,8062,
299.323,8293,8178,8060,
299.33,8296,8178,8062,
299.339,8291,8178,8062,
299.352,8291,8175,8065,
299.361,8293,8178,8065,
299.37,8291,8178,8068,
299.381,8293,8175,8065,
299.391,8307,8175,8047,
299.4,8342,8178,8015,
299.412,8307,8178,8052,
299.42,8283,8178,8070,
299.432,8283,8178,8075,
299.441,8283,8178,8075,
299.451,8283,8178,8078,
299.461,8283,8178,8080,
299.47,8283,8178,8080,
299.481,8283,8178,8080,
299.49,8279,8175,8083,
299.501,8279,8175,8083,
299.511,8273,8175,8087,
299.521,8271,8175,8089,
299.532,8273,8175,8087,
299.541,8271,8178,8089,
299.552,8271,8178,8093,
299.559,8268,8178,8093,
299.569,8263,8178,8095,
299.582,8265,8178,8098,
299.59,8271,8178,8087,
299.603,8299,8178,8055,
299.611,8276,8178,8083,
299.621,8257,8178,8103,
299.63,8257,8175,8106,
299.641,8254,8175,8106,
299.651,8252,8175,8106,
299.662,8252,8175,8108,
299.671,8249,8175,8111,
299.681,8249,8178,8108,
299.692,8246,8178,8111,
299.698,8246,8175,8113,
299.709,8246,8175,8113,
299.721,8246,8175,8113,
299.731,8246,8178,8113,
299.742,8246,8175,8113,
299.751,8244,8175,8113,
299.762,8244,8178,8113,
299.77,8244,8178,8116,
299.781,8244,8175,8116,
299.79,8252,8178,8108,
299.799,8273,8178,8083,
299.811,8265,8178,8098,
299.819,8244,8178,8118,
299.831,8241,8178,8121,
299.839,8244,8178,8118,
299.852,8241,8175,8116,
299.861,8238,8175,8121,
299.871,8238,8175,8121,
299.88,8241,8178,8124,
299.89,8241,8175,8121,
299.898,8241,8178,8124,
299.91,8241,8178,8121,
299.92,8238,8178,8121,
299.931,8235,8178,8124,
299.941,8235,8175,8124,
299.947,8235,8178,8126,
299.96,8233,8178,8126,
299.969,8230,8175,8129,
299.982,8227,8175,8129,
299.988,8230,8178,8129,
299.999,8241,8165,8116,
300.01,8225,8175,8134,
300.019,8217,8175,8134,
300.03,8217,8178,8142,
300.039,8211,8175,8147,
300.049,8203,8178,8152,
300.059,8198,8175,8157,
300.07,8188,8175,8167,
300.081,8179,8178,8174,
300.091,8171,8178,8182,
300.1,8163,8178,8190,
300.108,8131,8181,8235,
300.12,8133,8178,8213,
300.132,8122,8181,8228,
300.138,8112,8181,8241,
300.151,8101,8181,8251,
300.157,8088,8181,8261,
300.169,8077,8181,8272,
300.18,8064,8183,8284,
300.189,8028,8175,8311,
300.199,8007,8183,8342,
300.207,8007,8188,8344,
300.219,8018,8191,8329,
300.23,8007,8191,8334,
300.239,7995,8188,8342,
300.249,7988,8196,8350,
300.259,7978,8193,8360,
300.269,7972,8193,8365,
300.281,7967,8196,8375,
300.288,7956,8199,8378,
300.299,7951,8193,8388,
300.311,7937,8206,8393,
300.319,7940,8199,8395,
300.33,7934,8201,8400,
300.338,7923,8206,8408,
300.351,7918,8206,8408,
300.36,7912,8199,8413,
300.371,7906,8201,8418,
300.377,7893,8201,8426,
300.391,7862,8196,8469,
300.399,7796,8193,8524,
300.41,7812,8201,8516,
300.421,7865,8212,8456,
300.43,7878,8204,8442,
300.439,7881,8209,8449,
300.448,7878,8206,8456,
300.461,7886,8212,8456,
300.467,7870,8212,8454,
300.481,7878,8209,8456,
300.492,7859,8206,8464,
300.497,7859,8212,8467,
300.51,7848,8206,8464,
300.52,7854,8214,8467,
300.528,7846,8212,8467,
300.543,7854,8212,8469,
300.55,7838,8209,8474,
300.558,7857,8217,8474,
300.568,7857,8214,8472,
300.58,7848,8214,8474,
300.589,7809,8199,8513,
300.601,7735,8196,8593,
300.611,7801,8219,8536,
300.62,7824,8206,8495,
300.628,7851,8217,8480,
300.638,7848,8214,8474,
300.649,7840,8219,8477,
300.66,7851,8214,8477,
300.672,7838,8222,8477,
300.678,7846,8212,8480,
300.689,7857,8204,8474,
300.697,7859,8209,8472,
300.711,7859,8209,8474,
300.718,7843,8217,8469,
300.73,7865,8209,8469,
300.739,7846,8206,8472,
300.75,7867,8209,8467,
300.758,7859,8209,8469,
300.771,7851,8204,8467,
300.781,7859,8214,8464,
300.789,7820,8206,8505,
300.797,7760,8199,8582,
300.811,7824,8217,8508,
300.818,7859,8214,8469,
300.83,7867,8209,8454,
300.839,7878,8206,8449,
300.849,7878,8209,8447,
300.865,7878,8214,8442,
300.868,7886,8206,8442,
300.88,7889,8204,8442,
300.889,7889,8209,8434,
300.897,7886,8214,8434,
300.907,7901,8206,8429,
300.92,7895,8214,8426,
300.929,7904,8209,8421,
300.938,7912,8196,8421,
300.949,7909,8209,8418,
300.96,7912,8206,8413,
300.966,7912,8204,8416,
300.979,7909,8199,8418,
300.988,7846,8191,8482,
300.997,7818,8196,8518,
301.008,7859,8206,8480,
301.019,7904,8204,8434,
301.029,7909,8206,8413,
301.038,7918,8204,8413,
301.05,7915,8204,8411,
301.059,7923,8206,8408,
301.069,7923,8191,8403,
301.08,7929,8204,8395,
301.087,7934,8196,8393,
301.099,7937,8196,8388,
301.107,7940,8201,8385,
301.118,7940,8199,8385,
301.13,7953,8204,8382,
301.137,7956,8199,8375,
301.148,7956,8201,8370,
301.158,7964,8196,8368,
301.169,7972,8196,8365,
301.179,7972,8196,8365,
301.188,7934,8193,8400,
301.199,7909,8193,8439,
301.208,7932,8191,8408,
301.219,7972,8201,8357,
301.228,7988,8193,8347,
301.237,7991,8193,8344,
301.248,7995,8196,8342,
301.26,7995,8191,8337,
301.269,8003,8188,8334,
301.278,8003,8193,8332,
301.288,8012,8183,8329,
301.299,8018,8191,8321,
301.308,8020,8193,8316,
301.318,8037,8188,8309,
301.329,8039,8191,8309,
301.34,8045,8181,8302,
301.348,8053,8188,8295,
301.356,8058,8183,8287,
301.367,8069,8183,8282,
301.377,8072,8183,8277,
301.389,8053,8181,8292,
301.397,8058,8183,8297,
301.409,8080,8183,8274,
301.419,8106,8183,8246,
301.428,8114,8181,8241,
301.437,8125,8181,8228,
301.449,8136,8178,8213,
301.458,8150,8178,8203,
301.467,8163,8178,8192,
301.478,8174,8175,8180,
301.487,8182,8175,8174,
301.496,8185,8175,8167,
301.508,8214,8181,8144,
301.518,8222,8181,8134,
301.527,8233,8178,8129,
301.538,8246,8175,8113,
301.549,8263,8178,8100,
301.557,8276,8175,8083,
301.569,8283,8175,8073,
301.58,8299,8175,8060,
301.588,8329,8178,8037,
301.599,8385,8178,7978,
301.605,8385,8178,7973,
301.619,8347,8181,8015,
301.628,8358,8181,8008,
301.64,8361,8181,8004,
301.646,8364,8178,8001,
301.658,8369,8181,7999,
301.668,8372,8178,7996,
301.676,8379,8181,7989,
301.689,8385,8178,7986,
301.696,8390,8178,7981,
301.708,8390,8178,7981,
301.717,8393,8178,7978,
301.726,8398,8175,7976,
301.736,8401,8175,7973,
301.747,8404,8175,7968,
301.758,8409,8178,7963,
301.767,8409,8178,7968,
301.778,8412,8175,7963,
301.786,8431,8178,7936,
301.798,8503,8175,7857,
301.809,8450,8175,7925,
301.819,8417,8173,7955,
301.828,8412,8178,7960,
301.836,8409,8181,7960,
301.847,8409,8178,7963,
301.858,8412,8181,7963,
301.866,8412,8181,7963,
301.879,8414,8178,7963,
301.888,8417,8178,7960,
301.899,8417,8181,7963,
301.905,8417,8178,7958,
301.917,8420,8181,7953,
301.928,8417,8178,7955,
301.936,8417,8181,7958,
301.948,8420,8178,7958,
301.959,8417,8178,7958,
301.967,8412,8181,7960,
301.979,8417,8178,7953,
301.987,8442,8183,7920,
301.997,8506,8181,7852,
302.007,8455,8178,7909,
302.017,8417,8183,7946,
302.028,8414,8181,7958,
302.038,8409,8175,7963,
302.046,8406,8178,7960,
302.057,8409,8175,7963,
302.068,8404,8178,7968,
302.076,8401,8175,7971,
302.088,8398,8175,7976,
302.097,8398,8175,7978,
302.106,8398,8175,7976,
302.119,8393,8178,7978,
302.128,8390,8175,7981,
302.137,8390,8173,7981,
302.147,8387,8178,7983,
302.157,8387,8175,7983,
302.167,8382,8178,7989,
302.179,8379,8181,7991,
302.188,8406,8178,7963,
302.197,8458,8178,7897,
302.208,8439,8181,7915,
302.217,8385,8175,7991,
302.225,8369,8175,7999,
302.237,8366,8175,7999,
302.245,8361,8178,7999,
302.259,8361,8175,8008,
302.265,8356,8175,8004,
302.277,8358,8175,8004,
302.286,8356,8178,8013,
302.296,8356,8178,8008,
302.305,8350,8178,8015,
302.318,8356,8178,8015,
302.328,8356,8175,8013,
302.338,8350,8175,8013,
302.348,8350,8178,8018,
302.357,8347,8181,8015,
302.369,8345,8178,8021,
302.378,8345,8181,8021,
302.386,8361,8178,8001,
302.396,8417,8181,7944,
302.407,8396,8183,7973,
302.416,8350,8178,8021,
302.428,8339,8181,8027,
302.436,8337,8181,8027,
302.446,8337,8181,8029,
302.455,8334,8178,8032,
302.466,8334,8178,8029,
302.476,8329,8175,8034,
302.486,8323,8178,8037,
302.496,8320,8178,8042,
302.505,8318,8178,8039,
302.517,8312,8175,8047,
302.527,8312,8175,8047,
302.538,8310,8175,8050,
302.544,8310,8175,8050,
302.558,8304,8178,8055,
302.566,8307,8178,8052,
302.576,8301,8178,8057,
302.588,8312,8175,8047,
302.595,8353,8175,8004,
302.604,8323,8175,8037,
302.617,8301,8175,8057,
302.626,8299,8175,8065,
302.636,8299,8175,8062,
302.646,8299,8178,8062,
302.657,8296,8175,8065,
302.667,8296,8175,8065,
302.677,8293,8178,8068,
302.687,8293,8175,8070,
302.696,8288,8178,8070,
302.705,8285,8178,8073,
302.716,8283,8175,8073,
302.726,8283,8178,8073,
302.736,8283,8175,8075,
302.747,8283,8175,8078,
302.754,8283,8175,8075,
302.766,8283,8175,8080,
302.776,8283,8175,8075,
302.787,8299,8175,8055,
302.795,8329,8175,8024,
302.806,8299,8178,8057,
302.817,8279,8175,8080,
302.826,8276,8175,8087,
302.838,8279,8175,8083,
302.844,8276,8178,8087,
302.857,8276,8175,8087,
302.866,8273,8178,8087,
302.875,8273,8178,8089,
302.885,8273,8178,8089,
302.896,8271,8178,8089,
302.905,8271,8175,8093,
302.917,8268,8175,8095,
302.924,8268,8175,8093,
302.936,8265,8175,8098,
302.944,8265,8175,8098,
302.957,8263,8178,8098,
302.965,8265,8178,8098,
302.976,8263,8178,8100,
302.985,8268,8178,8093,
302.997,8285,8178,8057,
303.006,8283,8178,8078,
303.017,8263,8178,8103,
303.05,8260,8175,8103,
303.053,8260,8178,8103,
303.055,8257,8175,8103,
303.055,8257,8178,8106,
303.066,8252,8178,8106,
303.076,8254,8175,8106,
303.084,8254,8175,8108,
303.093,8254,8178,8108,
303.107,8252,8178,8108,
303.115,8252,8178,8108,
303.125,8252,8178,8111,
303.137,8249,8175,8111,
303.144,8249,8178,8111,
303.154,8249,8178,8111,
303.165,8249,8178,8113,
303.177,8252,8175,8111,
303.185,8257,8175,8100,
303.196,8279,8175,8073,
303.205,8257,8178,8108,
303.217,8235,8175,8116,
303.227,8238,8175,8118,
303.235,8238,8178,8118,
303.245,8235,8175,8121,
303.255,8233,8175,8124,
303.267,8233,8178,8124,
303.275,8230,8178,8129,
303.284,8225,8175,8129,
303.295,8219,8175,8136,
303.306,8214,8175,8142,
303.316,8203,8178,8147,
303.326,8198,8175,8157,
303.335,8185,8178,8167,
303.344,8177,8175,8177,
303.357,8171,8178,8182,
303.364,8166,8175,8187,
303.375,8152,8178,8205,
303.385,8144,8178,8213,
303.394,8117,8178,8241,
303.404,8112,8181,8241,
303.417,8103,8181,8248,
303.426,8085,8183,8261,
303.436,8077,8183,8272,
303.447,8064,8186,8279,
303.454,8055,8183,8290,
303.465,8045,8186,8300,
303.476,8034,8188,8309,
303.485,8023,8186,8314,
303.494,8015,8186,8324,
303.505,8000,8193,8332,
303.515,7995,8193,8342,
303.525,7983,8193,8347,
303.535,7986,8193,8352,
303.546,7975,8199,8362,
303.555,7964,8199,8368,
303.565,7961,8196,8373,
303.574,7948,8201,8382,
303.587,7909,8199,8413,
303.596,7862,8199,8472,
303.606,7875,8201,8464,
303.617,7912,8206,8416,
303.626,7918,8206,8411,
303.637,7906,8212,8418,
303.646,7906,8212,8418,
303.654,7906,8212,8421,
303.665,7895,8206,8429,
303.676,7893,8204,8434,
303.685,7881,8201,8436,
303.696,7878,8201,8439,
303.705,7875,8212,8444,
303.718,7873,8214,8444,
303.725,7873,8204,8449,
303.734,7870,8214,8456,
303.744,7875,8206,8447,
303.755,7857,8196,8462,
303.764,7862,8212,8464,
303.773,7867,8206,8467,
303.786,7812,8199,8505,
303.795,7746,8193,8593,
303.806,7809,8219,8524,
303.815,7820,8206,8485,
303.823,7832,8212,8480,
303.835,7846,8214,8482,
303.846,7843,8209,8474,
303.857,7840,8214,8477,
303.865,7840,8209,8477,
303.875,7832,8209,8477,
303.884,7840,8212,8477,
303.897,7843,8209,8474,
303.906,7848,8217,8480,
303.915,7846,8209,8477,
303.924,7843,8217,8474,
303.935,7857,8206,8474,
303.947,7846,8204,8467,
303.953,7851,8217,8472,
303.965,7857,8214,8467,
303.974,7859,8214,8474,
303.983,7799,8206,8513,
303.995,7752,8196,8599,
304.006,7820,8217,8516,
304.015,7846,8219,8480,
304.024,7859,8201,8464,
304.033,7859,8212,8462,
304.044,7875,8217,8454,
304.056,7873,8206,8454,
304.066,7867,8204,8454,
304.075,7873,8217,8447,
304.084,7875,8212,8454,
304.092,7884,8214,8439,
304.107,7886,8209,8442,
304.113,7878,8206,8442,
304.124,7886,8206,8436,
304.135,7886,8206,8436,
304.144,7889,8217,8434,
304.153,7893,8209,8429,
304.165,7886,8212,8431,
304.175,7895,8209,8436,
304.184,7857,8201,8472,
304.193,7784,8199,8538,
304.204,7840,8214,8492,
304.213,7873,8206,8449,
304.224,7881,8204,8439,
304.234,7895,8199,8434,
304.244,7901,8214,8426,
304.255,7904,8212,8431,
304.266,7904,8204,8424,
304.275,7906,8206,8418,
304.286,7909,8209,8416,
304.295,7918,8206,8408,
304.304,7929,8204,8403,
304.312,7926,8196,8400,
304.324,7932,8201,8400,
304.333,7940,8196,8395,
304.344,7940,8201,8388,
304.355,7951,8201,8385,
304.366,7953,8201,8382,
304.373,7951,8193,8378,
304.384,7929,8191,8395,
304.394,7889,8183,8454,
304.404,7918,8201,8431,
304.414,7964,8199,8370,
304.425,7975,8196,8360,
304.433,7975,8196,8357,
304.444,7983,8196,8347,
304.456,7980,8191,8350,
304.463,7986,8191,8344,
304.472,7995,8191,8342,
304.484,7998,8193,8334,
304.494,7998,8188,8334,
304.503,8003,8191,8332,
304.513,8003,8186,8326,
304.525,8015,8191,8319,
304.535,8015,8188,8319,
304.544,8026,8191,8311,
304.552,8026,8186,8309,
304.564,8037,8188,8305,
304.574,8053,8188,8300,
304.584,8028,8178,8316,
304.592,8023,8183,8314,
304.607,8058,8183,8297,
304.612,8088,8186,8259,
304.625,8106,8183,8246,
304.631,8120,8183,8235,
304.643,8133,8181,8221,
304.656,8144,8178,8210,
304.664,8155,8178,8200,
304.673,8163,8178,8192,
304.682,8174,8178,8182,
304.694,8179,8175,8177,
304.705,8182,8175,8172,
304.714,8185,8175,8169,
304.725,8198,8178,8163,
304.734,8208,8173,8144,
304.743,8222,8178,8139,
304.754,8233,8178,8126,
304.762,8246,8175,8118,
304.774,8257,8178,8106,
304.783,8276,8175,8080,
304.795,8323,8178,8032,
304.804,8320,8181,8029,
304.813,8299,8178,8060,
304.823,8301,8178,8057,
304.833,8307,8175,8052,
304.844,8315,8178,8047,
304.854,8320,8175,8042,
304.863,8323,8175,8037,
304.874,8334,8178,8027,
304.886,8342,8178,8024,
304.893,8347,8178,8015,
304.903,8356,8181,8010,
304.915,8364,8181,8004,
304.926,8366,8181,7996,
304.933,8372,8178,7994,
304.945,8372,8181,7989,
304.955,8382,8181,7986,
304.964,8382,8178,7983,
304.975,8387,8178,7981,
304.983,8409,8178,7960,
304.995,8473,8175,7891,
305.005,8425,8178,7939,
305.011,8404,8175,7965,
305.025,8398,8175,7971,
305.031,8401,8175,7968,
305.044,8406,8175,7965,
305.055,8409,8175,7968,
305.062,8412,8178,7965,
305.075,8409,8178,7965,
305.085,8414,8175,7960,
305.091,8409,8175,7968,
305.103,8417,8175,7955,
305.114,8417,8175,7960,
305.125,8412,8178,7968,
305.133,8414,8178,7960,
305.143,8409,8178,7965,
305.153,8412,8175,7955,
305.162,8414,8178,7958,
305.175,8414,8178,7965,
305.183,8436,8178,7925,
305.193,8506,8175,7860,
305.202,8455,8175,7915,
305.214,8425,8175,7953,
305.224,8417,8173,7958,
305.233,8414,8175,7960,
305.242,8412,8178,7963,
305.254,8409,8175,7965,
305.263,8409,8175,7965,
305.273,8409,8175,7971,
305.282,8409,8175,7968,
305.294,8406,8175,7971,
305.303,8404,8178,7973,
305.312,8401,8175,7976,
305.323,8398,8175,7973,
305.333,8398,8178,7978,
305.343,8398,8178,7976,
305.353,8398,8175,7976,
305.361,8398,8178,7976,
305.374,8398,8178,7976,
305.382,8417,8175,7955,
305.393,8476,8181,7884,
305.403,8431,8178,7941,
305.411,8396,8181,7978,
305.423,8382,8175,7991,
305.433,8385,8175,7991,
305.441,8382,8175,7991,
305.452,8377,8175,7994,
305.464,8379,8178,7996,
305.473,8372,8178,7996,
305.484,8377,8175,7994,
305.493,8377,8175,7994,
305.502,8372,8178,7999,
305.512,8377,8178,7996,
305.522,8369,8175,7996,
305.533,8372,8178,7996,
305.544,8372,8178,7994,
305.55,8369,8178,7999,
305.564,8372,8175,7996,
305.571,8372,8178,7994,
305.582,8401,8175,7965,
305.593,8461,8175,7899,
305.602,8433,8181,7934,
305.61,8377,8175,7999,
305.621,8361,8175,8004,
305.632,8358,8175,8008,
305.641,8356,8178,8008,
305.652,8353,8178,8010,
305.663,8356,8175,8015,
305.672,8350,8175,8013,
305.687,8345,8175,8015,
305.693,8342,8175,8015,
305.705,8339,8178,8024,
305.711,8337,8178,8024,
305.722,8337,8175,8029,
305.734,8334,8175,8032,
305.742,8334,8175,8032,
305.753,8331,8175,8034,
305.762,8331,8175,8034,
305.772,8334,8175,8029,
305.781,8353,8178,8001,
305.794,8401,8178,7953,
305.802,8356,8175,8004,
305.813,8323,8175,8037,
305.824,8326,8178,8039,
305.833,8320,8178,8042,
305.841,8318,8175,8045,
305.852,8312,8175,8045,
305.863,8315,8175,8047,
305.871,8312,8178,8047,
305.882,8310,8175,8050,
305.89,8307,8178,8052,
305.902,8307,8178,8055,
305.911,8304,8175,8057,
305.923,8304,8175,8052,
305.931,8304,8178,8055,
305.943,8307,8175,8057,
305.953,8301,8178,8057,
305.962,8301,8178,8060,
305.972,8299,8175,8062,
305.982,8310,8178,8047,
305.993,8345,8178,8013,
306.002,8329,8181,8027,
306.012,8293,8178,8065,
306.025,8288,8178,8068,
306.035,8285,8175,8073,
306.042,8283,8175,8073,
306.052,8283,8178,8075,
306.061,8283,8175,8075,
306.072,8283,8175,8078,
306.081,8283,8178,8080,
306.089,8279,8178,8080,
306.101,8276,8175,8083,
306.112,8273,8175,8089,
306.12,8271,8178,8089,
306.131,8268,8178,8093,
306.14,8268,8178,8093,
306.151,8265,8178,8098,
306.164,8265,8178,8095,
306.17,8265,8178,8100,
306.182,8279,8178,8083,
306.192,8301,8170,8055,
306.202,8276,8178,8087,
306.21,8260,8175,8106,
306.223,8257,8178,8103,
306.231,8257,8178,8106,
306.243,8257,8175,8106,
306.252,8254,8175,8106,
306.263,8254,8178,8108,
306.271,8254,8175,8108,
306.281,8254,8178,8108,
306.289,8252,8175,8111,
306.302,8252,8175,8108,
306.31,8249,8175,8111,
306.323,8249,8178,8111,
306.336,8249,8175,8111,
306.339,8246,8175,8113,
306.35,8246,8178,8113,
306.363,8246,8178,8118,
306.371,8246,8175,8118,
306.382,8252,8178,8113,
306.39,8271,8178,8087,
306.402,8260,8175,8106,
306.413,8244,8175,8121,
306.419,8241,8178,8124,
306.434,8241,8175,8124,
306.443,8241,8175,8124,
306.451,8238,8175,8124,
306.463,8235,8175,8121,
306.472,8235,8175,8124,
306.48,8235,8175,8124,
306.489,8233,8175,8124,
306.501,8233,8178,8126,
306.51,8227,8178,8126,
306.522,8227,8175,8129,
306.531,8225,8178,8129,
306.541,8222,8175,8134,
306.549,8222,8178,8134,
306.559,8225,8175,8134,
306.571,8222,8178,8136,
306.581,8225,8178,8134,
306.592,8235,8175,8121,
306.601,8227,8178,8129,
306.611,8217,8175,8142,
306.623,8214,8175,8144,
306.631,8214,8178,8144,
306.642,8208,8175,8147,
306.653,8200,8175,8152,
306.662,8195,8178,8161,
306.674,8185,8178,8169,
306.679,8177,8175,8177,
306.691,8168,8178,8182,
306.701,8163,8178,8190,
306.712,8133,8181,8238,
306.72,8131,8181,8223,
306.733,8122,8181,8231,
306.739,8112,8181,8241,
306.751,8097,8181,8254,
306.768,8085,8183,8264,
306.769,8074,8183,8277,
306.781,8050,8183,8297,
306.79,8009,8191,8334,
306.802,8028,8193,8316,
306.812,8020,8191,8316,
306.823,8012,8188,8324,
306.829,8003,8188,8334,
306.839,7983,8191,8344,
306.849,7983,8191,8350,
306.86,7972,8196,8357,
306.872,7964,8191,8368,
306.883,7961,8196,8373,
306.889,7956,8199,8375,
306.9,7948,8201,8385,
306.912,7945,8193,8390,
306.923,7934,8199,8395,
306.928,7932,8199,8403,
306.944,7921,8209,8406,
306.95,7918,8204,8413,
306.962,7915,8201,8418,
306.972,7904,8206,8424,
306.98,7867,8201,8454,
306.992,7799,8196,8522,
307,7827,8204,8516,
307.009,7875,8209,8449,
307.021,7881,8196,8444,
307.031,7881,8204,8442,
307.042,7889,8206,8447,
307.049,7867,8212,8454,
307.06,7875,8209,8456,
307.072,7867,8204,8447,
307.083,7865,8209,8454,
307.091,7875,8214,8454,
307.101,7859,8212,8459,
307.112,7862,8204,8464,
307.122,7862,8196,8462,
307.131,7862,8219,8462,
307.142,7862,8209,8464,
307.152,7862,8209,8469,
307.161,7846,8214,8467,
307.169,7851,8214,8469,
307.181,7809,8204,8508,
307.19,7746,8199,8587,
307.201,7760,8209,8574,
307.21,7832,8209,8492,
307.219,7848,8206,8474,
307.231,7851,8209,8462,
307.24,7862,8193,8464,
307.249,7854,8219,8464,
307.262,7857,8204,8467,
307.272,7862,8209,8464,
307.28,7851,8219,8467,
307.289,7854,8209,8469,
307.301,7854,8204,8469,
307.31,7862,8227,8462,
307.321,7854,8206,8467,
307.329,7857,8217,8464,
307.341,7867,8206,8462,
307.351,7873,8212,8467,
307.359,7843,8219,8464,
307.371,7846,8201,8467,
307.382,7799,8193,8516,
307.39,7724,8196,8599,
307.4,7773,8214,8551,
307.411,7829,8206,8487,
307.418,7835,8222,8482,
307.431,7846,8214,8480,
307.442,7838,8219,8482,
307.45,7846,8212,8474,
307.461,7840,8209,8480,
307.469,7848,8212,8469,
307.481,7851,8212,8469,
307.49,7870,8212,8467,
307.501,7843,8212,8464,
307.51,7848,8217,8464,
307.52,7859,8214,8462,
307.531,7873,8204,8456,
307.541,7873,8212,8456,
307.552,7867,8212,8447,
307.561,7875,8212,8444,
307.569,7881,8206,8444,
307.579,7854,8191,8477,
307.589,7787,8191,8559,
307.602,7809,8212,8536,
307.611,7884,8209,8449,
307.621,7893,8209,8429,
307.629,7904,8204,8429,
307.641,7906,8204,8426,
307.65,7895,8206,8421,
307.66,7901,8209,8418,
307.669,7926,8204,8411,
307.681,7912,8209,8413,
307.692,7918,8206,8408,
307.702,7923,8199,8403,
307.708,7918,8201,8400,
307.721,7937,8206,8398,
307.732,7923,8206,8395,
307.741,7937,8196,8393,
307.749,7934,8201,8390,
307.76,7934,8196,8382,
307.768,7940,8199,8388,
307.782,7889,8188,8436,
307.788,7875,8193,8472,
307.8,7932,8206,8418,
307.808,7942,8196,8375,
307.822,7967,8193,8360,
307.829,7975,8199,8357,
307.84,7975,8196,8355,
307.849,7983,8193,8350,
307.86,7991,8196,8344,
307.869,7995,8186,8339,
307.877,7995,8196,8337,
307.889,8000,8196,8334,
307.899,8000,8191,8332,
307.912,8009,8196,8326,
307.918,8009,8191,8324,
307.929,8012,8188,8324,
307.94,8026,8193,8316,
307.95,8023,8193,8314,
307.959,8028,8188,8311,
307.969,8031,8186,8309,
307.98,8007,8181,8337,
307.989,7998,8183,8344,
307.997,8034,8188,8309,
308.009,8053,8191,8295,
308.019,8066,8186,8282,
308.031,8074,8188,8277,
308.037,8074,8183,8272,
308.048,8085,8181,8264,
308.059,8092,8183,8259,
308.068,8094,8183,8256,
308.081,8101,8181,8248,
308.087,8109,8181,8243,
308.098,8114,8181,8238,
308.107,8120,8178,8231,
308.119,8133,8181,8221,
308.129,8133,8178,8216,
308.139,8141,8181,8208,
308.149,8152,8178,8200,
308.159,8163,8175,8190,
308.17,8174,8175,8182,
308.181,8179,8175,8174,
308.189,8188,8175,8163,
308.198,8222,8188,8131,
308.207,8227,8181,8129,
308.221,8246,8178,8116,
308.231,8265,8178,8095,
308.241,8283,8175,8075,
308.248,8299,8178,8060,
308.257,8315,8175,8042,
308.271,8331,8175,8034,
308.277,8339,8178,8021,
308.289,8350,8178,8013,
308.298,8356,8178,8001,
308.308,8358,8178,8004,
308.319,8364,8175,8004,
308.331,8366,8175,7999,
308.338,8372,8178,7996,
308.35,8372,8178,7996,
308.36,8372,8178,7996,
308.369,8382,8175,7989,
308.379,8404,8175,7968,
308.389,8463,8178,7897,
308.398,8450,8178,7922,
308.41,8409,8178,7968,
308.419,8398,8175,7973,
308.43,8396,8175,7973,
308.439,8401,8178,7971,
308.448,8398,8178,7978,
308.459,8401,8178,7971,
308.468,8398,8175,7973,
308.479,8401,8175,7971,
308.49,8404,8175,7971,
308.5,8404,8175,7968,
308.506,8406,8178,7971,
308.518,8409,8175,7963,
308.53,8414,8175,7968,
308.541,8414,8178,7960,
308.547,8414,8175,7960,
308.559,8414,8178,7963,
308.568,8417,8178,7958,
308.58,8444,8175,7925,
308.589,8519,8178,7846,
308.601,8479,8178,7899,
308.608,8431,8178,7939,
308.618,8425,8181,7950,
308.627,8425,8175,7944,
308.638,8423,8178,7958,
308.65,8423,8175,7950,
308.658,8423,8178,7950,
308.671,8425,8175,7950,
308.679,8423,8178,7955,
308.689,8420,8175,7958,
308.699,8420,8175,7950,
308.707,8423,8178,7958,
308.717,8417,8175,7955,
308.729,8423,8178,7950,
308.738,8417,8175,7958,
308.748,8414,8173,7960,
308.759,8417,8175,7950,
308.769,8417,8173,7963,
308.779,8436,8175,7936,
308.789,8506,8178,7854,
308.799,8484,8175,7886,
308.809,8425,8178,7955,
308.817,8412,8175,7958,
308.828,8409,8178,7965,
308.839,8404,8178,7971,
308.846,8404,8175,7971,
308.859,8398,8178,7976,
308.868,8398,8178,7976,
308.877,8393,8175,7978,
308.889,8393,8178,7978,
308.897,8390,8175,7981,
308.906,8387,8178,7981,
308.919,8387,8178,7983,
308.927,8379,8175,7989,
308.938,8377,8178,7996,
308.949,8379,8175,7991,
308.957,8377,8178,7991,
308.968,8372,8181,7996,
308.977,8398,8181,7963,
308.99,8455,8183,7904,
308.996,8406,8181,7965,
309.006,8364,8178,7994,
309.018,8361,8181,8010,
309.027,8361,8181,8008,
309.038,8358,8178,8004,
309.048,8356,8181,8010,
309.057,8353,8181,8010,
309.07,8347,8178,8015,
309.08,8345,8178,8018,
309.089,8345,8178,8018,
309.098,8345,8175,8021,
309.108,8342,8175,8024,
309.118,8339,8178,8024,
309.128,8337,8175,8029,
309.14,8334,8175,8032,
309.146,8331,8178,8032,
309.157,8331,8178,8034,
309.168,8331,8178,8037,
309.177,8353,8178,8010,
309.188,8398,8178,7953,
309.197,8358,8178,8008,
309.208,8323,8178,8037,
309.217,8320,8178,8045,
309.229,8318,8178,8047,
309.238,8315,8175,8050,
309.247,8312,8175,8050,
309.259,8310,8175,8052,
309.267,8307,8178,8052,
309.277,8307,8178,8055,
309.285,8304,8175,8055,
309.299,8301,8175,8057,
309.306,8301,8175,8060,
309.316,8299,8175,8062,
309.328,8296,8178,8060,
309.337,8296,8178,8068,
309.348,8293,8178,8068,
309.358,8293,8178,8070,
309.368,8293,8178,8068,
309.378,8310,8175,8050,
309.387,8342,8165,8013,
309.399,8310,8175,8052,
309.408,8291,8178,8070,
309.419,8288,8178,8073,
309.429,8285,8178,8073,
309.439,8285,8178,8075,
309.445,8283,8178,8075,
309.459,8283,8175,8078,
309.469,8283,8175,8078,
309.478,8283,8175,8080,
309.487,8283,8175,8083,
309.497,8283,8175,8083,
309.505,8279,8178,8083,
309.518,8276,8175,8087,
309.527,8276,8178,8087,
309.538,8273,8175,8087,
309.547,8273,8178,8089,
309.556,8271,8178,8089,
309.569,8271,8178,8089,
309.578,8279,8178,8080,
309.586,8301,8178,8045,
309.597,8279,8175,8075,
309.606,8265,8175,8098,
309.617,8263,8178,8095,
309.625,8263,8178,8095,
309.637,8257,8175,8100,
309.647,8254,8178,8100,
309.656,8252,8175,8103,
309.666,8249,8178,8108,
309.677,8246,8178,8108,
309.688,8249,8178,8108,
309.697,8254,8175,8108,
309.708,8254,8178,8108,
309.718,8254,8175,8108,
309.727,8254,8178,8108,
309.739,8252,8175,8108,
309.746,8249,8178,8113,
309.756,8249,8178,8113,
309.768,8249,8175,8113,
309.777,8257,8178,8106,
309.787,8273,8175,8080,
309.799,8257,8178,8106,
309.807,8244,8181,8121,
309.818,8244,8178,8118,
309.827,8244,8178,8121,
309.835,8244,8178,8121,
309.846,8238,8178,8118,
309.857,8241,8178,8121,
309.866,8241,8178,8121,
309.878,8241,8178,8118,
309.887,8241,8178,8121,
309.896,8238,8175,8121,
309.907,8238,8178,8124,
309.916,8235,8175,8126,
309.928,8233,8175,8126,
309.939,8233,8175,8126,
309.945,8233,8178,8129,
309.959,8230,8178,8129,
309.965,8230,8178,8129,
309.977,8241,8178,8121,
309.986,8252,8175,8106,
309.997,8233,8178,8126,
310.005,8222,8178,8134,
310.017,8222,8178,8136,
310.026,8219,8178,8139,
310.037,8217,8175,8142,
310.047,8211,8178,8144,
310.056,8206,8178,8149,
310.068,8200,8175,8154,
310.076,8195,8175,8161,
310.088,8188,8175,8167,
310.096,8182,8178,8172,
310.107,8174,8175,8180,
310.116,8168,8181,8182,
310.124,8163,8181,8187,
310.135,8133,8183,8226,
310.147,8141,8181,8213,
310.156,8133,8183,8221,
310.169,8122,8183,8231,
310.177,8106,8186,8246,
310.188,8077,8183,8274,
310.196,8085,8186,8266,
310.205,8077,8188,8269,
310.217,8069,8183,8279,
310.225,8066,8183,8284,
310.237,8053,8186,8292,
310.249,8050,8186,8300,
310.255,8039,8186,8305,
310.265,8028,8186,8309,
310.277,8020,8188,8316,
310.287,8012,8191,8324,
310.297,8012,8188,8332,
310.307,8000,8193,8339,
310.319,7991,8193,8347,
310.329,7975,8193,8357,
310.335,7975,8196,8362,
310.346,7964,8196,8368,
310.355,7964,8196,8368,
310.366,7956,8196,8378,
310.378,7898,8183,8434,
310.384,7870,8191,8469,
310.395,7909,8201,8431,
310.407,7926,8196,8403,
310.416,7923,8201,8398,
310.424,7929,8206,8403,
310.436,7921,8201,8400,
310.446,7926,8204,8406,
310.457,7921,8191,8406,
310.468,7923,8204,8403,
310.475,7915,8199,8408,
310.485,7921,8199,8408,
310.497,7915,8199,8408,
310.506,7921,8204,8408,
310.516,7909,8196,8418,
310.526,7909,8209,8421,
310.535,7912,8199,8424,
310.547,7895,8209,8429,
310.556,7901,8209,8429,
310.566,7889,8199,8442,
310.575,7846,8193,8477,
310.586,7784,8199,8556,
310.594,7793,8204,8546,
310.606,7870,8219,8464,
310.618,7873,8209,8449,
310.628,7873,8206,8449,
310.636,7875,8206,8447,
310.647,7886,8204,8444,
310.656,7889,8209,8444,
310.665,7889,8204,8439,
310.678,7889,8209,8434,
310.684,7889,8209,8434,
310.7,7889,8209,8434,
310.706,7898,8201,8429,
310.714,7898,8204,8429,
310.724,7895,8201,8429,
310.736,7898,8201,8418,
310.746,7912,8209,8418,
310.756,7906,8209,8418,
310.766,7906,8201,8424,
310.773,7851,8186,8480,
310.788,7815,8193,8530,
310.795,7827,8204,8505,
310.805,7889,8209,8436,
310.815,7918,8201,8418,
310.825,7909,8199,8413,
310.838,7904,8196,8416,
310.844,7915,8201,8413,
310.854,7906,8206,8418,
310.863,7912,8201,8413,
310.873,7918,8199,8413,
310.887,7915,8204,8411,
310.894,7918,8204,8408,
310.903,7921,8209,8408,
310.918,7926,8212,8406,
310.925,7923,8209,8406,
310.937,7929,8206,8406,
310.944,7926,8204,8403,
310.956,7926,8188,8403,
310.968,7918,8201,8408,
310.974,7886,8196,8436,
310.985,7843,8193,8498,
310.996,7862,8201,8474,
311.005,7909,8201,8413,
311.013,7923,8201,8400,
311.023,7932,8204,8395,
311.038,7934,8199,8393,
311.045,7937,8199,8388,
311.058,7937,8204,8390,
311.064,7934,8201,8385,
311.076,7948,8204,8388,
311.084,7956,8199,8375,
311.094,7964,8201,8373,
311.104,7964,8201,8373,
311.114,7964,8199,8370,
311.128,7964,8199,8365,
311.135,7970,8199,8362,
311.145,7972,8196,8365,
311.156,7975,8196,8360,
311.167,7970,8201,8357,
311.175,7945,8188,8378,
311.187,7906,8188,8424,
311.195,7953,8196,8388,
311.204,7970,8191,8365,
311.215,7980,8196,8355,
311.226,7983,8191,8350,
311.235,7986,8193,8350,
311.244,7988,8196,8344,
311.256,7998,8191,8337,
311.266,7998,8191,8337,
311.276,8009,8193,8334,
311.286,8009,8193,8332,
311.296,8018,8191,8324,
311.306,8020,8191,8319,
311.316,8037,8186,8311,
311.324,8045,8186,8305,
311.337,8055,8188,8290,
311.347,8077,8183,8274,
311.358,8103,8181,8254,
311.364,8125,8178,8231,
311.376,8147,8181,8213,
311.385,8168,8178,8190,
311.395,8192,8175,8169,
311.404,8200,8178,8161,
311.415,8254,8188,8172,
311.425,8263,8181,8100,
311.436,8283,8181,8075,
311.446,8307,8178,8057,
311.454,8320,8181,8042,
311.466,8339,8178,8027,
311.475,8356,8178,8010,
311.485,8366,8178,8001,
311.495,8377,8178,7996,
311.506,8387,8175,7986,
311.513,8393,8178,7983,
311.526,8396,8175,7978,
311.535,8401,8175,7973,
311.546,8404,8178,7965,
311.555,8409,8178,7965,
311.564,8406,8178,7965,
311.574,8433,8178,7931,
311.585,8498,8175,7862,
311.595,8452,8175,7927,
311.606,8423,8175,7953,
311.615,8414,8175,7958,
311.624,8417,8175,7955,
311.635,8417,8178,7953,
311.643,8423,8178,7953,
311.654,8423,8175,7950,
311.663,8428,8178,7946,
311.676,8425,8175,7944,
311.684,8431,8178,7944,
311.693,8433,8175,7944,
311.702,8436,8178,7941,
311.716,8436,8175,7939,
311.724,8439,8175,7944,
311.735,8433,8178,7939,
311.746,8436,8175,7939,
311.755,8436,8178,7939,
311.764,8442,8175,7934,
311.776,8484,8175,7889,
311.786,8556,8173,7801,
311.793,8503,8178,7872,
311.805,8444,8175,7927,
311.814,8431,8178,7934,
311.826,8433,8178,7939,
311.834,8433,8175,7946,
311.844,8436,8178,7936,
311.855,8433,8175,7941,
311.865,8436,8178,7941,
311.873,8431,8178,7939,
311.884,8433,8175,7936,
311.893,8431,8178,7941,
311.905,8428,8178,7936,
311.914,8433,8178,7939,
311.924,8436,8178,7941,
311.933,8433,8175,7946,
311.945,8433,8178,7941,
311.952,8433,8175,7941,
311.966,8431,8175,7944,
311.973,8452,8175,7912,
311.986,8522,8175,7846,
311.994,8471,8175,7907,
312.004,8433,8178,7941,
312.014,8425,8178,7946,
312.024,8423,8175,7955,
312.035,8420,8175,7958,
312.043,8420,8175,7955,
312.053,8417,8175,7955,
312.063,8412,8175,7960,
312.074,8412,8178,7958,
312.082,8406,8175,7963,
312.092,8404,8175,7965,
312.103,8401,8175,7978,
312.114,8401,8178,7976,
312.124,8396,8175,7983,
312.133,8393,8178,7981,
312.144,8393,8178,7978,
312.153,8387,8175,7983,
312.163,8387,8178,7983,
312.172,8409,8178,7960,
312.183,8461,8181,7899,
312.192,8417,8178,7955,
312.206,8387,8175,7986,
312.213,8382,8175,7989,
312.224,8379,8175,7989,
312.232,8379,8178,7989,
312.243,8377,8175,7991,
312.255,8372,8175,7994,
312.263,8369,8175,7996,
312.272,8366,8178,7996,
312.283,8364,8178,7996,
312.292,8364,8178,8001,
312.303,8361,8178,8001,
312.313,8364,8175,8004,
312.322,8358,8178,8008,
312.334,8358,8175,8013,
312.344,8358,8175,8004,
312.354,8350,8178,8010,
312.365,8350,8178,8013,
312.374,8369,8178,7989,
312.383,8425,8183,7944,
312.392,8385,8181,7981,
312.401,8345,8175,8021,
312.415,8345,8175,8027,
312.423,8342,8178,8027,
312.436,8339,8175,8027,
312.442,8337,8178,8029,
312.455,8339,8178,8027,
312.464,8337,8178,8032,
312.473,8334,8175,8034,
312.485,8334,8175,8029,
312.494,8334,8178,8034,
312.506,8337,8175,8032,
312.514,8331,8178,8032,
312.524,8331,8178,8032,
312.534,8331,8175,8032,
312.543,8331,8175,8032,
312.555,8331,8178,8032,
312.563,8331,8178,8032,
312.572,8345,8178,8015,
312.584,8396,8175,7958,
312.594,8358,8175,8001,
312.603,8334,8175,8029,
312.614,8329,8178,8034,
312.622,8329,8181,8034,
312.637,8329,8178,8034,
312.644,8323,8178,8042,
312.652,8320,8178,8039,
312.663,8318,8175,8047,
312.672,8312,8178,8050,
312.684,8312,8178,8050,
312.691,8310,8178,8052,
312.702,8307,8175,8055,
312.712,8304,8178,8060,
312.723,8304,8178,8062,
312.733,8301,8178,8062,
312.743,8296,8175,8062,
312.752,8296,8178,8065,
312.764,8293,8178,8068,
312.774,8301,8175,8057,
312.781,8339,8175,8010,
312.793,8312,8175,8055,
312.801,8288,8178,8070,
312.81,8285,8178,8073,
312.823,8283,8178,8073,
312.831,8283,8178,8075,
312.845,8283,8178,8078,
312.855,8283,8175,8078,
312.862,8279,8175,8080,
312.873,8276,8175,8083,
312.882,8273,8178,8089,
312.893,8271,8175,8089,
312.904,8271,8178,8089,
312.913,8268,8178,8095,
312.923,8265,8178,8098,
312.933,8265,8178,8098,
312.942,8263,8178,8100,
312.952,8257,8178,8103,
312.963,8254,8178,8106,
312.972,8260,8178,8100,
312.981,8276,8178,8078,
312.993,8263,8178,8100,
313.004,8244,8178,8121,
313.014,8241,8178,8121,
313.025,8238,8175,8124,
313.032,8233,8178,8126,
313.044,8227,8178,8131,
313.053,8225,8175,8134,
313.064,8219,8178,8139,
313.074,8214,8178,8142,
313.083,8206,8175,8147,
313.091,8198,8175,8154,
313.103,8185,8175,8167,
313.11,8179,8175,8174,
313.122,8168,8175,8182,
313.131,8163,8178,8187,
313.144,8155,8178,8203,
313.152,8147,8183,8216,
313.163,8131,8183,8226,
313.174,8109,8183,8246,
313.181,8083,8183,8274,
313.192,8074,8186,8279,
313.204,8080,8188,8274,
313.213,8072,8188,8284,
313.222,8058,8188,8295,
313.231,8047,8188,8302,
313.242,8037,8188,8309,
313.25,8023,8188,8316,
313.262,8012,8193,8324,
313.273,8003,8186,8332,
313.284,7995,8193,8339,
313.292,7991,8193,8350,
313.304,7980,8191,8352,
313.312,7972,8186,8362,
313.323,7967,8199,8365,
313.331,7959,8196,8375,
313.343,7959,8196,8378,
313.352,7953,8199,8385,
313.363,7940,8199,8393,
313.374,7918,8196,8418,
313.383,7848,8191,8485,
313.392,7865,8201,8469,
313.404,7898,8206,8426,
313.412,7912,8209,8418,
313.421,7906,8206,8421,
313.434,7904,8209,8421,
313.442,7915,8204,8424,
313.451,7895,8209,8424,
313.461,7895,8209,8429,
313.472,7884,8199,8436,
313.481,7884,8204,8439,
313.492,7884,8204,8444,
313.502,7884,8199,8439,
313.513,7881,8201,8444,
313.522,7873,8214,8454,
313.533,7862,8206,8449,
313.541,7870,8217,8456,
313.553,7862,8204,8459,
313.562,7859,8209,8462,
313.571,7820,8209,8505,
313.583,7760,8196,8584,
313.593,7818,8217,8522,
313.602,7843,8209,8480,
313.612,7846,8209,8477,
313.621,7862,8212,8472,
313.633,7848,8217,8469,
313.641,7851,8212,8467,
313.652,7854,8217,8472,
313.665,7859,8201,8474,
313.672,7843,8217,8474,
313.682,7857,8217,8477,
313.694,7848,8217,8477,
313.703,7843,8217,8477,
313.713,7851,8230,8477,
313.722,7851,8212,8467,
313.733,7859,8212,8467,
313.742,7857,8214,8474,
313.751,7862,8224,8469,
313.76,7870,8209,8462,
313.773,7815,8199,8510,
313.781,7743,8201,8590,
313.792,7752,8209,8574,
313.802,7851,8227,8485,
313.814,7857,8204,8467,
313.82,7870,8204,8454,
313.835,7867,8219,8447,
313.843,7875,8204,8449,
313.849,7859,8209,8449,
313.864,7889,8217,8442,
313.873,7881,8212,8439,
313.88,7881,8204,8436,
313.893,7886,8219,8434,
313.905,7893,8204,8436,
313.912,7893,8206,8436,
313.922,7886,8206,8436,
313.931,7893,8209,8439,
313.94,7889,8212,8444,
313.953,7878,8201,8442,
313.962,7875,8206,8454,
313.972,7824,8193,8505,
313.981,7781,8193,8569,
313.992,7815,8209,8508,
314.001,7870,8193,8469,
314.01,7886,8209,8442,
314.022,7889,8209,8436,
314.03,7889,8204,8434,
314.043,7895,8201,8431,
314.052,7909,8201,8429,
314.061,7906,8206,8426,
314.07,7898,8206,8421,
314.083,7909,8199,8418,
314.089,7921,8191,8416,
314.101,7926,8209,8416,
314.111,7918,8209,8413,
314.12,7923,8193,8411,
314.134,7932,8201,8411,
314.142,7929,8204,8403,
314.152,7929,8204,8398,
314.161,7932,8201,8395,
314.172,7904,8188,8431,
314.181,7857,8191,8490,
314.19,7875,8201,8467,
314.203,7929,8206,8406,
314.211,7940,8199,8388,
314.22,7940,8199,8382,
314.23,7953,8199,8382,
314.24,7959,8199,8382,
314.253,7961,8199,8375,
314.262,7956,8204,8370,
314.271,7970,8201,8368,
314.282,7975,8204,8362,
314.292,7972,8196,8355,
314.302,7983,8191,8347,
314.309,7995,8193,8339,
314.321,8007,8191,8332,
314.329,8007,8191,8324,
314.341,8020,8193,8316,
314.352,8028,8188,8311,
314.361,8039,8186,8309,
314.373,8026,8183,8311,
314.379,8012,8186,8332,
314.39,8050,8188,8300,
314.401,8064,8186,8290,
314.41,8077,8186,8272,
314.419,8088,8186,8261,
314.429,8092,8183,8256,
314.441,8103,8183,8246,
314.452,8114,8183,8238,
314.461,8122,8183,8228,
314.471,8133,8183,8221,
314.48,8139,8181,8216,
314.491,8147,8181,8208,
314.501,8158,8181,8200,
314.511,8166,8181,8192,
314.519,8174,8175,8185,
314.53,8177,8178,8180,
314.539,8179,8178,8180,
314.552,8185,8175,8174,
314.562,8185,8175,8174,
314.57,8214,8181,8152,
314.582,8230,8183,8134,
314.592,8230,8175,8134,
314.604,8233,8178,8131,
314.612,8244,8178,8116,
314.622,8260,8178,8103,
314.631,8273,8178,8089,
314.641,8283,8178,8073,
314.65,8299,8178,8062,
314.661,8315,8175,8047,
314.67,8326,8175,8034,
314.681,8334,8178,8027,
314.691,8342,8178,8018,
314.701,8350,8175,8013,
314.712,8358,8178,8008,
314.72,8364,8178,8008,
314.73,8366,8178,7999,
314.74,8369,8178,7996,
314.751,8372,8175,7996,
314.761,8379,8178,7989,
314.772,8409,8175,7963,
314.781,8463,8178,7891,
314.792,8417,8178,7963,
314.801,8387,8173,7981,
314.81,8385,8175,7986,
314.82,8385,8178,7986,
314.83,8385,8175,7989,
314.841,8390,8178,7983,
314.85,8387,8178,7981,
314.86,8393,8175,7978,
314.872,8396,8175,7976,
314.881,8398,8175,7971,
314.89,8398,8175,7968,
314.901,8401,8178,7968,
314.91,8401,8173,7971,
314.922,8404,8175,7971,
314.931,8398,8178,7976,
314.939,8398,8181,7971,
314.95,8401,8181,7968,
314.96,8404,8178,7968,
314.969,8436,8181,7931,
314.98,8500,8181,7860,
314.991,8444,8181,7927,
314.999,8396,8178,7971,
315.011,8390,8178,7981,
315.02,8390,8178,7981,
315.028,8387,8181,7989,
315.039,8385,8181,7983,
315.05,8382,8181,7991,
315.062,8379,8178,7996,
315.069,8379,8178,7989,
315.08,8379,8178,7989,
315.09,8377,8178,7994,
315.1,8369,8181,7991,
315.111,8372,8181,7996,
315.121,8372,8181,7999,
315.13,8369,8181,7999,
315.14,8369,8178,7996,
315.15,8369,8178,7996,
315.16,8369,8178,7996,
315.171,8396,8178,7971,
315.181,8458,8178,7904,
315.192,8404,8178,7971,
315.201,8364,8178,8001,
315.21,8361,8178,8004,
315.221,8356,8175,8010,
315.232,8353,8178,8015,
315.239,8350,8175,8015,
315.249,8347,8178,8018,
315.262,8345,8175,8018,
315.271,8345,8175,8021,
315.281,8342,8175,8021,
315.289,8342,8178,8027,
315.301,8342,8175,8024,
315.309,8339,8175,8027,
315.322,8339,8175,8027,
315.327,8337,8178,8027,
315.338,8337,8175,8027,
315.349,8334,8178,8027,
315.361,8334,8178,8032,
315.37,8356,8175,8001,
315.379,8406,8178,7955,
315.389,8358,8178,8008,
315.401,8329,8170,8032,
315.409,8323,8178,8037,
315.422,8323,8178,8039,
315.432,8320,8178,8042,
315.44,8315,8178,8045,
315.45,8315,8178,8047,
315.46,8312,8178,8047,
315.47,8310,8175,8050,
315.48,8310,8175,8052,
315.489,8304,8178,8052,
315.499,8304,8178,8057,
315.51,8301,8175,8057,
315.521,8304,8178,8057,
315.531,8301,8178,8057,
315.537,8304,8175,8057,
315.549,8304,8178,8060,
315.558,8301,8175,8057,
315.571,8312,8178,8047,
315.581,8347,8175,8008,
315.587,8329,8178,8032,
315.6,8299,8178,8068,
315.609,8291,8178,8070,
315.62,8293,8175,8070,
315.628,8288,8175,8073,
315.641,8288,8178,8073,
315.65,8285,8175,8073,
315.661,8285,8178,8075,
315.668,8285,8178,8075,
315.68,8283,8175,8078,
315.69,8283,8178,8075,
315.701,8283,8178,8078,
315.709,8283,8178,8078,
315.718,8283,8175,8075,
315.729,8283,8178,8078,
315.741,8279,8178,8080,
315.752,8279,8175,8080,
315.76,8279,8178,8080,
315.77,8283,8178,8073,
315.778,8310,8178,8042,
315.791,8285,8175,8075,
315.799,8273,8178,8089,
315.809,8273,8178,8089,
315.819,8273,8175,8089,
315.83,8273,8178,8089,
315.838,8271,8178,8089,
315.849,8271,8178,8093,
315.86,8268,8175,8095,
315.869,8268,8175,8093,
315.879,8268,8175,8093,
315.889,8268,8175,8098,
315.9,8263,8175,8098,
315.909,8263,8175,8100,
315.92,8263,8178,8100,
315.93,8263,8175,8100,
315.939,8260,8178,8100,
315.949,8260,8178,8103,
315.957,8254,8175,8103,
315.968,8263,8175,8098,
315.979,8283,8178,8073,
315.988,8263,8178,8098,
316,8254,8178,8111,
316.007,8249,8175,8111,
316.017,8249,8175,8111,
316.03,8252,8175,8111,
316.042,8249,8178,8111,
316.048,8252,8178,8111,
316.059,8249,8175,8113,
316.069,8249,8175,8113,
316.079,8246,8178,8113,
316.089,8249,8178,8113,
316.099,8246,8178,8111,
316.107,8246,8175,8111,
316.117,8246,8178,8113,
316.128,8246,8178,8113,
316.139,8246,8173,8113,
316.149,8244,8178,8113,
316.158,8244,8175,8116,
316.17,8249,8178,8111,
316.178,8268,8175,8087,
316.189,8252,8175,8108,
316.197,8238,8175,8121,
316.209,8238,8178,8118,
316.218,8238,8178,8118,
316.228,8238,8178,8118,
316.239,8238,8178,8121,
316.248,8235,8178,8121,
316.259,8233,8178,8124,
316.272,8233,8175,8124,
316.28,8233,8178,8126,
316.29,8230,8178,8126,
316.299,8227,8181,8131,
316.308,8227,8181,8134,
316.317,8222,8181,8136,
316.331,8219,8178,8139,
316.34,8214,8181,8144,
316.348,8206,8175,8149,
316.359,8200,8181,8154,
316.37,8198,8181,8157,
316.381,8188,8181,8161,
316.39,8177,8178,8180,
316.399,8166,8178,8180,
316.41,8163,8178,8190,
316.418,8128,8186,8213,
316.428,8131,8181,8223,
316.439,8120,8181,8235,
316.449,8106,8181,8248,
316.459,8092,8183,8261,
316.471,8077,8183,8272,
316.477,8069,8183,8282,
316.49,8055,8188,8295,
316.498,8045,8186,8305,
316.508,8034,8186,8309,
316.518,8020,8191,8319,
316.528,8009,8191,8326,
316.537,8000,8188,8337,
316.546,7986,8196,8347,
316.559,7983,8191,8357,
316.567,7948,8188,8378,
316.578,7904,8186,8439,
316.59,7909,8196,8429,
316.598,7945,8204,8390,
316.606,7940,8196,8388,
316.617,7934,8204,8393,
316.626,7929,8188,8395,
316.638,7937,8201,8400,
316.649,7926,8201,8403,
316.657,7921,8201,8406,
316.668,7915,8201,8411,
316.678,7915,8204,8413,
316.691,7904,8204,8416,
316.698,7901,8201,8424,
316.708,7898,8201,8431,
316.718,7901,8201,8429,
316.727,7904,8209,8436,
316.738,7884,8212,8434,
316.748,7895,8206,8439,
316.757,7893,8212,8436,
316.769,7835,8199,8485,
316.779,7784,8193,8561,
316.789,7793,8209,8541,
316.798,7846,8217,8469,
316.809,7862,8209,8459,
316.82,7867,8206,8459,
316.828,7867,8204,8456,
316.838,7870,8214,8459,
316.849,7857,8209,8459,
316.857,7865,8212,8459,
316.866,7859,8212,8459,
316.88,7865,8214,8456,
316.886,7867,8222,8464,
316.898,7865,8212,8464,
316.906,7859,8204,8462,
316.918,7857,8212,8456,
316.928,7862,8204,8459,
316.938,7873,8217,8454,
316.963,7865,8212,8456,
316.964,7857,8204,8462,
316.966,7824,8201,8505,
316.977,7754,8196,8566,
316.987,7799,8214,8530,
316.997,7848,8217,8477,
317.006,7865,8212,8462,
317.017,7867,8219,8454,
317.028,7870,8204,8456,
317.037,7867,8217,8454,
317.049,7873,8212,8456,
317.057,7884,8212,8456,
317.07,7875,8209,8449,
317.075,7875,8212,8449,
317.086,7884,8206,8447,
317.099,7884,8209,8444,
317.107,7870,8206,8444,
317.118,7881,8204,8442,
317.128,7884,8212,8442,
317.137,7895,8209,8439,
317.146,7893,8209,8436,
317.158,7886,8212,8434,
317.168,7857,8196,8464,
317.177,7793,8193,8548,
317.189,7807,8204,8533,
317.197,7867,8209,8447,
317.205,7906,8204,8431,
317.216,7889,8217,8431,
317.227,7901,8209,8426,
317.235,7898,8206,8421,
317.248,7923,8209,8424,
317.259,7912,8209,8418,
317.265,7909,8196,8413,
317.277,7906,8201,8413,
317.287,7915,8206,8413,
317.299,7921,8206,8413,
317.307,7921,8201,8408,
317.318,7921,8199,8406,
317.328,7921,8201,8413,
317.338,7921,8206,8408,
317.348,7918,8204,8408,
317.357,7912,8204,8411,
317.369,7878,8191,8447,
317.376,7827,8188,8516,
317.389,7889,8209,8447,
317.397,7918,8204,8418,
317.405,7932,8214,8403,
317.418,7934,8196,8398,
317.428,7951,8201,8393,
317.435,7934,8193,8388,
317.448,7953,8204,8385,
317.456,7948,8201,8385,
317.467,7951,8196,8382,
317.476,7964,8199,8378,
317.488,7961,8193,8373,
317.498,7961,8193,8373,
317.504,7972,8199,8368,
317.515,7964,8196,8368,
317.528,7978,8193,8360,
317.538,7980,8196,8355,
317.546,7980,8201,8350,
317.557,7983,8193,8352,
317.568,7937,8188,8390,
317.578,7923,8188,8416,
317.586,7934,8193,8411,
317.599,7986,8196,8347,
317.606,7995,8196,8334,
317.615,8003,8196,8332,
317.627,8003,8191,8326,
317.637,8015,8188,8321,
317.647,8026,8193,8316,
317.658,8037,8193,8309,
317.668,8045,8188,8305,
317.674,8055,8188,8297,
317.686,8061,8188,8290,
317.696,8069,8183,8282,
317.706,8077,8183,8277,
317.715,8077,8186,8272,
317.726,8088,8183,8264,
317.738,8094,8181,8254,
317.747,8101,8183,8248,
317.757,8112,8181,8243,
317.766,8112,8181,8243,
317.777,8097,8181,8251,
317.786,8128,8181,8226,
317.794,8139,8178,8223,
317.806,8144,8181,8210,
317.815,8152,8178,8200,
317.832,8163,8178,8192,
317.836,8171,8178,8182,
317.845,8177,8175,8177,
317.858,8179,8175,8174,
317.868,8185,8175,8172,
317.88,8203,8181,8154,
317.886,8208,8178,8144,
317.898,8219,8175,8139,
317.909,8233,8178,8126,
317.919,8244,8178,8116,
317.927,8254,8175,8106,
317.935,8268,8178,8093,
317.945,8283,8175,8078,
317.955,8296,8178,8065,
317.966,8326,8178,8039,
317.976,8382,8175,7981,
317.986,8372,8181,7989,
317.996,8350,8175,8018,
318.007,8361,8178,8001,
318.016,8366,8178,7999,
318.026,8379,8175,7989,
318.036,8387,8178,7983,
318.048,8398,8178,7976,
318.055,8409,8178,7968,
318.067,8409,8175,7965,
318.075,8412,8175,7960,
318.087,8420,8178,7955,
318.095,8420,8181,7960,
318.106,8420,8175,7953,
318.115,8425,8178,7953,
318.127,8428,8178,7950,
318.137,8428,8178,7946,
318.148,8428,8175,7944,
318.158,8431,8175,7941,
318.164,8479,8175,7891,
318.176,8546,8178,7812,
318.187,8495,8181,7881,
318.195,8439,8175,7927,
318.207,8433,8178,7941,
318.215,8431,8175,7944,
318.226,8433,8175,7944,
318.234,8428,8175,7950,
318.245,8428,8175,7953,
318.257,8428,8175,7953,
318.265,8425,8178,7958,
318.276,8420,8175,7955,
318.285,8417,8178,7958,
318.296,8412,8175,7963,
318.306,8414,8178,7963,
318.316,8412,8181,7963,
318.326,8414,8175,7963,
318.335,8409,8178,7963,
318.346,8406,8175,7968,
318.356,8406,8181,7965,
318.366,8428,8181,7939,
318.375,8498,8178,7854,
318.387,8481,8178,7894,
318.393,8420,8178,7955,
318.405,8412,8175,7963,
318.415,8409,8175,7965,
318.428,8409,8175,7963,
318.434,8406,8178,7968,
318.445,8406,8173,7968,
318.454,8406,8178,7971,
318.466,8406,8175,7968,
318.474,8401,8175,7973,
318.486,8404,8178,7965,
318.495,8404,8178,7971,
318.504,8404,8178,7968,
318.516,8401,8178,7973,
318.527,8401,8178,7973,
318.535,8401,8181,7973,
318.549,8401,8175,7971,
318.555,8406,8175,7965,
318.565,8431,8175,7934,
318.575,8500,8175,7857,
318.585,8439,8178,7927,
318.594,8398,8175,7965,
318.606,8393,8178,7968,
318.615,8387,8175,7978,
318.625,8390,8181,7981,
318.635,8390,8175,7981,
318.647,8387,8175,7981,
318.655,8387,8178,7983,
318.665,8390,8178,7978,
318.676,8387,8178,7989,
318.687,8387,8175,7989,
318.695,8385,8175,7989,
318.704,8382,8175,7989,
318.717,8377,8175,7994,
318.723,8377,8175,7994,
318.735,8369,8178,7996,
318.744,8369,8175,8001,
318.755,8366,8175,7999,
318.764,8385,8178,7981,
318.776,8442,8178,7917,
318.786,8404,8178,7963,
318.796,8361,8175,8001,
318.807,8356,8175,8010,
318.816,8353,8178,8013,
318.824,8350,8178,8018,
318.834,8350,8175,8015,
318.846,8347,8178,8021,
318.855,8342,8178,8018,
318.865,8345,8178,8024,
318.876,8342,8175,8024,
318.886,8337,8178,8027,
318.898,8334,8175,8029,
318.908,8331,8175,8029,
318.915,8329,8178,8034,
318.925,8326,8178,8037,
318.935,8326,8175,8037,
318.946,8329,8175,8037,
318.955,8329,8178,8037,
318.965,8342,8175,8024,
318.976,8387,8175,7973,
318.985,8350,8178,8015,
318.995,8329,8178,8034,
319.004,8326,8178,8037,
319.016,8326,8178,8037,
319.026,8329,8178,8042,
319.035,8320,8178,8039,
319.044,8323,8178,8042,
319.056,8320,8178,8045,
319.065,8320,8178,8047,
319.074,8315,8178,8047,
319.086,8315,8178,8050,
319.094,8312,8178,8052,
319.104,8310,8178,8050,
319.116,8310,8178,8052,
319.125,8304,8178,8055,
319.135,8307,8178,8057,
319.144,8307,8175,8055,
319.155,8307,8178,8060,
319.164,8315,8178,8050,
319.172,8353,8175,8001,
319.185,8337,8178,8021,
319.196,8299,8178,8057,
319.205,8296,8175,8062,
319.216,8293,8178,8065,
319.224,8293,8178,8065,
319.234,8291,8178,8068,
319.244,8288,8178,8070,
319.253,8283,8178,8073,
319.264,8283,8178,8073,
319.275,8283,8178,8075,
319.285,8283,8175,8075,
319.294,8283,8178,8078,
319.303,8283,8178,8080,
319.316,8279,8178,8080,
319.324,8279,8175,8083,
319.334,8276,8178,8083,
319.344,8276,8178,8087,
319.352,8276,8178,8083,
319.362,8288,8178,8065,
319.373,8320,8175,8032,
319.384,8301,8178,8057,
319.393,8276,8178,8087,
319.405,8271,8175,8089,
319.416,8271,8175,8089,
319.425,8271,8175,8089,
319.435,8268,8178,8095,
319.444,8268,8178,8095,
319.455,8265,8178,8098,
319.464,8265,8178,8095,
319.476,8265,8178,8100,
319.485,8265,8178,8100,
319.494,8263,8175,8103,
319.504,8265,8178,8100,
319.513,8263,8178,8103,
319.523,8263,8175,8103,
319.533,8263,8178,8106,
319.543,8260,8175,8103,
319.552,8260,8178,8106,
319.565,8271,8178,8095,
319.573,8293,8178,8068,
319.584,8279,8181,8080,
319.593,8257,8175,8106,
319.605,8254,8175,8108,
319.613,8254,8175,8106,
319.625,8254,8178,8108,
319.632,8252,8175,8111,
319.644,8252,8178,8111,
319.656,8249,8175,8111,
319.664,8249,8178,8111,
319.672,8249,8178,8111,
319.684,8249,8178,8113,
319.694,8246,8178,8116,
319.703,8244,8175,8118,
319.713,8244,8178,8121,
319.722,8238,8175,8124,
319.734,8235,8178,8126,
319.743,8230,8178,8129,
319.756,8230,8178,8134,
319.764,8233,8178,8131,
319.776,8241,8170,8118,
319.786,8225,8178,8136,
319.794,8211,8175,8144,
319.802,8203,8178,8152,
319.813,8198,8178,8157,
319.823,8188,8178,8167,
319.834,8177,8178,8174,
319.843,8174,8178,8180,
319.855,8168,8178,8185,
319.864,8158,8178,8195,
319.873,8150,8181,8208,
319.884,8133,8181,8221,
319.893,8122,8181,8231,
319.903,8109,8181,8243,
319.913,8097,8178,8254,
319.922,8085,8181,8264,
319.933,8077,8186,8272,
319.945,8069,8183,8282,
319.953,8058,8186,8290,
319.965,8037,8183,8309,
319.975,7998,8183,8347,
319.984,8020,8193,8321,
319.993,8015,8191,8326,
320.005,8003,8188,8334,
320.012,8000,8191,8337,
320.022,7995,8193,8342,
320.034,7983,8193,8350,
320.046,7978,8196,8360,
320.056,7975,8191,8365,
320.065,7964,8201,8370,
320.075,7956,8196,8378,
320.083,7948,8201,8388,
320.095,7948,8193,8395,
320.103,7934,8204,8400,
320.113,7923,8196,8411,
320.125,7921,8204,8413,
320.134,7906,8199,8418,
320.143,7906,8201,8418,
320.153,7904,8204,8431,
320.164,7832,8196,8508,
320.173,7796,8193,8533,
320.183,7799,8201,8551,
320.194,7862,8214,8464,
320.204,7881,8206,8447,
320.215,7881,8206,8447,
320.223,7878,8212,8444,
320.232,7884,8209,8449,
320.242,7865,8212,8454,
320.255,7867,8204,8454,
320.264,7881,8209,8449,
320.272,7870,8217,8456,
320.283,7867,8212,8454,
320.293,7867,8206,8459,
320.304,7865,8212,8459,
320.313,7870,8209,8454,
320.322,7873,8219,8456,
320.333,7870,8199,8459,
320.344,7859,8206,8454,
320.352,7857,8204,8467,
320.364,7791,8193,8528,
320.373,7754,8204,8593,
320.384,7754,8204,8574,
320.395,7829,8219,8487,
320.401,7854,8209,8464,
320.414,7857,8217,8459,
320.422,7859,8212,8462,
320.433,7857,8217,8462,
320.441,7865,8201,8459,
320.451,7886,8204,8459,
320.463,7870,8212,8454,
320.473,7870,8217,8454,
320.484,7873,8209,8449,
320.493,7873,8214,8449,
320.503,7867,8212,8454,
320.515,7867,8209,8449,
320.525,7878,8206,8449,
320.531,7898,8217,8444,
320.542,7878,8209,8447,
320.552,7878,8206,8447,
320.565,7832,8193,8487,
320.573,7781,8196,8569,
320.584,7807,8209,8541,
320.593,7857,8209,8462,
320.604,7881,8201,8442,
320.613,7893,8212,8442,
320.624,7886,8206,8439,
320.632,7878,8209,8439,
320.644,7884,8199,8436,
320.655,7886,8204,8439,
320.661,7884,8201,8439,
320.673,7895,8214,8436,
320.682,7878,8209,8434,
320.692,7884,8217,8439,
320.702,7895,8206,8436,
320.714,7898,8204,8431,
320.724,7895,8209,8434,
320.733,7893,8206,8429,
320.742,7906,8212,8429,
320.753,7898,8206,8421,
320.764,7859,8193,8462,
320.775,7801,8204,8508,
320.781,7859,8214,8480,
320.792,7895,8206,8434,
320.804,7921,8204,8411,
320.814,7921,8206,8408,
320.821,7921,8201,8403,
320.831,7929,8212,8398,
320.842,7929,8201,8398,
320.853,7934,8199,8395,
320.866,7948,8209,8385,
320.873,7953,8201,8382,
320.883,7953,8201,8378,
320.892,7956,8201,8378,
320.905,7961,8199,8370,
320.911,7964,8196,8370,
320.92,7964,8196,8368,
320.934,7972,8204,8365,
320.942,7975,8191,8362,
320.951,7975,8201,8360,
320.961,7961,8188,8375,
320.97,7912,8188,8429,
320.984,7937,8196,8406,
320.99,7972,8199,8355,
321.002,7995,8196,8339,
321.013,8003,8193,8332,
321.025,8009,8191,8324,
321.033,8023,8193,8316,
321.04,8037,8188,8309,
321.053,8042,8186,8297,
321.065,8058,8188,8284,
321.072,8066,8181,8277,
321.082,8083,8183,8266,
321.092,8097,8183,8254,
321.102,8112,8181,8241,
321.114,8128,8181,8226,
321.121,8139,8178,8216,
321.131,8152,8178,8203,
321.142,8166,8175,8190,
321.152,8179,8178,8180,
321.161,8182,8175,8172,
321.171,8195,8175,8167,
321.181,8214,8183,8152,
321.191,8214,8178,8142,
321.201,8225,8178,8134,
321.211,8238,8178,8121,
321.222,8249,8178,8111,
321.232,8260,8175,8100,
321.241,8273,8178,8087,
321.254,8283,8175,8078,
321.261,8293,8178,8065,
321.273,8307,8175,8057,
321.282,8312,8175,8045,
321.292,8326,8178,8039,
321.302,8334,8175,8032,
321.31,8342,8175,8024,
321.322,8347,8178,8018,
321.332,8356,8175,8013,
321.34,8358,8175,8010,
321.351,8366,8178,7999,
321.361,8393,8175,7976,
321.372,8452,8178,7899,
321.383,8439,8178,7912,
321.392,8396,8175,7976,
321.401,8390,8178,7978,
321.411,8393,8178,7973,
321.423,8396,8178,7976,
321.432,8393,8178,7981,
321.44,8393,8178,7981,
321.452,8393,8178,7978,
321.462,8393,8178,7981,
321.471,8390,8178,7978,
321.481,8387,8175,7978,
321.49,8382,8178,7986,
321.501,8372,8178,7989,
321.512,8377,8178,7989,
321.521,8372,8178,7989,
321.534,8372,8175,7994,
321.543,8377,8175,7996,
321.551,8379,8178,7989,
321.561,8409,8178,7958,
321.569,8473,8175,7891,
321.581,8447,8178,7915,
321.589,8398,8178,7973,
321.603,8387,8175,7986,
321.612,8387,8175,7983,
321.621,8390,8178,7981,
321.63,8387,8173,7986,
321.642,8393,8178,7983,
321.651,8393,8178,7976,
321.662,8393,8175,7976,
321.672,8396,8178,7978,
321.683,8396,8178,7976,
321.692,8393,8175,7978,
321.7,8396,8181,7978,
321.711,8393,8178,7978,
321.72,8387,8178,7978,
321.73,8390,8178,7981,
321.742,8385,8178,7986,
321.751,8385,8175,7983,
321.759,8401,8178,7968,
321.77,8455,8178,7899,
321.783,8417,8178,7944,
321.793,8382,8178,7981,
321.804,8372,8175,7989,
321.811,8377,8175,7989,
321.822,8372,8178,7991,
321.832,8369,8175,7994,
321.841,8366,8175,7996,
321.85,8364,8178,7996,
321.862,8366,8178,8001,
321.872,8358,8175,8008,
321.883,8361,8178,8004,
321.889,8358,8178,8010,
321.902,8356,8175,8010,
321.911,8353,8178,8013,
321.922,8350,8178,8013,
321.929,8347,8178,8015,
321.94,8347,8178,8013,
321.955,8347,8178,8013,
321.962,8364,8175,7991,
321.972,8414,8175,7939,
321.982,8372,8181,7986,
321.992,8342,8178,8024,
322.001,8339,8175,8021,
322.01,8334,8173,8027,
322.02,8337,8175,8029,
322.03,8339,8178,8029,
322.041,8334,8178,8032,
322.052,8334,8175,8032,
322.06,8331,8175,8034,
322.069,8329,8175,8034,
322.08,8331,8178,8032,
322.092,8326,8178,8039,
322.098,8323,8178,8037,
322.108,8323,8175,8042,
322.121,8318,8178,8042,
322.129,8318,8175,8045,
322.141,8315,8178,8042,
322.151,8312,8178,8047,
322.161,8323,8178,8037,
322.171,8358,8175,7994,
322.18,8326,8178,8034,
322.19,8307,8178,8052,
322.201,8304,8178,8050,
322.212,8304,8175,8052,
322.22,8304,8173,8052,
322.229,8307,8175,8055,
322.241,8301,8175,8060,
322.25,8301,8175,8060,
322.262,8299,8178,8062,
322.268,8299,8175,8062,
322.28,8296,8175,8062,
322.291,8293,8178,8065,
322.301,8293,8178,8068,
322.31,8285,8175,8070,
322.321,8288,8175,8070,
322.331,8285,8175,8073,
322.341,8285,8178,8073,
322.35,8285,8178,8075,
322.362,8296,8178,8065,
322.369,8326,8175,8034,
322.382,8312,8178,8052,
322.391,8283,8178,8078,
322.4,8283,8178,8080,
322.409,8283,8178,8080,
322.422,8283,8175,8080,
322.433,8279,8173,8087,
322.439,8276,8175,8087,
322.45,8276,8175,8087,
322.462,8273,8178,8087,
322.471,8273,8175,8087,
322.481,8271,8178,8089,
322.49,8271,8178,8089,
322.5,8271,8178,8089,
322.512,8271,8175,8089,
322.521,8271,8178,8093,
322.529,8268,8178,8093,
322.542,8268,8178,8093,
322.548,8268,8178,8095,
322.559,8283,8178,8078,
322.568,8304,8175,8050,
322.58,8285,8178,8073,
322.591,8265,8178,8103,
322.6,8263,8178,8100,
322.61,8263,8178,8100,
322.621,8263,8175,8100,
322.63,8260,8175,8103,
322.642,8257,8175,8103,
322.648,8257,8178,8100,
322.66,8254,8178,8106,
322.669,8254,8178,8106,
322.68,8254,8178,8106,
322.688,8252,8178,8108,
322.702,8252,8178,8106,
322.708,8252,8178,8108,
322.721,8249,8178,8111,
322.728,8249,8178,8108,
322.741,8249,8175,8111,
322.752,8252,8178,8111,
322.759,8260,8178,8103,
322.769,8283,8178,8075,
322.781,8268,8178,8089,
322.791,8249,8175,8113,
322.8,8246,8175,8116,
322.811,8246,8178,8113,
322.82,8244,8175,8118,
322.832,8241,8178,8118,
322.838,8238,8175,8121,
322.852,8235,8175,8124,
322.861,8233,8178,8126,
322.868,8230,8178,8126,
322.88,8225,8175,8131,
322.889,8222,8178,8136,
322.899,8217,8175,8142,
322.909,8208,8175,8144,
322.919,8200,8175,8154,
322.931,8192,8178,8163,
322.942,8182,8178,8172,
322.951,8174,8178,8177,
322.959,8168,8178,8187,
322.971,8155,8175,8200,
322.98,8136,8181,8223,
322.991,8125,8181,8231,
322.999,8114,8181,8243,
323.011,8101,8183,8251,
323.02,8088,8183,8264,
323.032,8077,8183,8277,
323.038,8066,8183,8284,
323.049,8055,8186,8295,
323.06,8045,8186,8302,
323.069,8037,8186,8309,
323.08,8028,8188,8311,
323.091,8020,8188,8319,
323.1,8015,8188,8326,
323.11,8007,8191,8334,
323.118,8000,8191,8344,
323.13,7983,8193,8352,
323.14,7986,8191,8357,
323.149,7970,8199,8365,
323.161,7934,8199,8400,
323.17,7889,8188,8464,
323.18,7934,8204,8406,
323.189,7934,8196,8400,
323.201,7929,8209,8398,
323.208,7929,8196,8398,
323.218,7918,8204,8411,
323.232,7918,8204,8416,
323.239,7912,8212,8416,
323.249,7909,8199,8421,
323.26,7904,8201,8421,
323.27,7904,8209,8429,
323.28,7912,8201,8434,
323.291,7881,8214,8436,
323.3,7898,8209,8431,
323.31,7893,8209,8436,
323.32,7873,8212,8439,
323.328,7884,8209,8442,
323.338,7886,8204,8442,
323.348,7862,8201,8447,
323.36,7804,8201,8522,
323.369,7773,8191,8566,
323.379,7809,8209,8524,
323.389,7865,8201,8464,
323.398,7875,8206,8447,
323.41,7878,8206,8444,
323.422,7875,8201,8442,
323.428,7884,8209,8442,
323.441,7884,8209,8442,
323.447,7886,8209,8439,
323.459,7901,8212,8436,
323.467,7893,8209,8439,
323.478,7895,8209,8436,
323.49,7881,8212,8436,
323.497,7895,8214,8439,
323.51,7881,8206,8442,
323.519,7867,8209,8436,
323.529,7884,8217,8442,
323.54,7878,8206,8436,
323.546,7878,8209,8447,
323.56,7848,8204,8474,
323.569,7776,8196,8546,
323.578,7799,8206,8551,
323.59,7870,8209,8467,
323.596,7873,8206,8442,
323.608,7884,8206,8444,
323.62,7895,8204,8442,
323.629,7898,8209,8439,
323.638,7904,8214,8439,
323.65,7893,8204,8434,
323.659,7898,8209,8436,
323.67,7893,8214,8431,
323.679,7904,8212,8424,
323.689,7893,8201,8429,
323.7,7886,8206,8424,
323.708,7904,8209,8421,
323.719,7904,8204,8421,
323.728,7904,8201,8424,
323.739,7909,8204,8416,
323.75,7909,8204,8416,
323.76,7875,8193,8459,
323.766,7820,8193,8513,
323.78,7835,8204,8505,
323.789,7893,8204,8434,
323.798,7904,8206,8416,
323.809,7918,8206,8408,
323.817,7915,8204,8408,
323.828,7923,8201,8403,
323.84,7937,8206,8403,
323.847,7940,8199,8398,
323.857,7937,8204,8393,
323.869,7945,8199,8388,
323.881,7945,8206,8385,
323.89,7940,8199,8385,
323.898,7945,8199,8382,
323.907,7942,8193,8378,
323.918,7951,8196,8378,
323.928,7961,8199,8375,
323.94,7959,8199,8370,
323.948,7970,8193,8373,
323.959,7937,8191,8395,
323.969,7889,8188,8442,
323.98,7942,8204,8406,
323.986,7961,8199,8368,
323.999,7975,8193,8352,
324.01,7986,8191,8352,
324.019,7983,8196,8347,
324.029,7988,8196,8344,
324.039,7991,8188,8344,
324.049,7991,8193,8342,
324.06,7998,8193,8337,
324.067,7998,8191,8339,
324.079,8000,8199,8337,
324.088,7998,8191,8334,
324.098,8009,8193,8326,
324.109,8007,8193,8329,
324.12,8015,8188,8324,
324.13,8020,8193,8319,
324.139,8026,8191,8314,
324.147,8026,8188,8311,
324.158,8020,8183,8321,
324.169,7988,8183,8357,
324.179,8039,8193,8309,
324.188,8053,8188,8300,
324.199,8066,8186,8287,
324.208,8074,8183,8277,
324.217,8083,8186,8266,
324.227,8101,8183,8256,
324.238,8109,8183,8248,
324.247,8117,8181,8238,
324.258,8128,8181,8228,
324.269,8136,8178,8221,
324.278,8141,8178,8216,
324.287,8147,8178,8208,
324.299,8155,8178,8200,
324.307,8160,8178,8195,
324.318,8166,8178,8190,
324.328,8171,8178,8182,
324.339,8177,8173,8180,
324.348,8179,8178,8177,
324.359,8185,8175,8172,
324.368,8185,8175,8169,
324.378,8192,8178,8169,
324.389,8195,8175,8163,
324.399,8203,8175,8154,
324.407,8211,8178,8149,
324.417,8217,8178,8144,
324.428,8222,8178,8139,
324.439,8227,8178,8131,
324.447,8235,8175,8126,
324.459,8244,8178,8118,
324.467,8249,8178,8111,
324.476,8263,8175,8103,
324.489,8271,8178,8093,
324.497,8279,8178,8083,
324.509,8291,8178,8070,
324.518,8301,8178,8060,
324.529,8312,8175,8050,
324.537,8323,8178,8039,
324.549,8337,8175,8029,
324.56,8364,8175,7996,
324.567,8428,8175,7931,
324.579,8406,8178,7965,
324.588,8379,8175,7989,
324.597,8379,8178,7986,
324.61,8387,8178,7981,
324.618,8390,8178,7983,
324.626,8393,8175,7976,
324.639,8398,8178,7976,
324.646,8401,8175,7973,
324.658,8406,8175,7965,
324.667,8406,8178,7965,
324.678,8404,8178,7968,
324.689,8406,8181,7960,
324.696,8409,8181,7963,
324.706,8412,8178,7958,
324.723,8409,8181,7965,
324.726,8412,8181,7960,
324.738,8412,8181,7958,
324.747,8412,8178,7963,
324.758,8431,8181,7941,
324.765,8500,8178,7857,
324.779,8455,8178,7915,
324.786,8423,8178,7953,
324.797,8412,8178,7960,
324.808,8406,8178,7963,
324.818,8406,8181,7965,
324.827,8401,8178,7973,
324.836,8401,8181,7968,
324.847,8398,8181,7973,
324.858,8401,8178,7973,
324.867,8398,8178,7973,
324.876,8398,8181,7973,
324.888,8393,8181,7978,
324.897,8393,8175,7981,
324.906,8390,8175,7983,
324.917,8387,8178,7986,
324.927,8385,8178,7986,
324.938,8390,8175,7986,
324.946,8387,8175,7983,
324.955,8406,8175,7968,
324.966,8471,8178,7889,
324.976,8447,8178,7927,
324.985,8396,8175,7981,
324.999,8390,8178,7986,
325.005,8385,8178,7986,
325.019,8385,8178,7981,
325.029,8385,8178,7989,
325.037,8385,8178,7981,
325.048,8385,8175,7983,
325.058,8382,8178,7989,
325.071,8379,8178,7994,
325.077,8377,8178,7994,
325.086,8369,8178,7994,
325.096,8369,8175,7999,
325.108,8369,8178,7999,
325.117,8366,8178,8001,
325.126,8361,8178,8001,
325.134,8358,8178,8004,
325.146,8361,8178,8004,
325.158,8393,8178,7968,
325.167,8444,8175,7909,
325.176,8401,8178,7971,
325.185,8358,8175,8008,
325.196,8356,8175,8013,
325.207,8347,8178,8021,
325.215,8345,8178,8021,
325.228,8345,8175,8021,
325.238,8342,8175,8027,
325.248,8339,8175,8027,
325.257,8339,8178,8024,
325.266,8337,8178,8027,
325.277,8334,8178,8027,
325.285,8334,8178,8029,
325.297,8331,8175,8032,
325.306,8329,8178,8032,
325.316,8326,8178,8034,
325.326,8329,8178,8037,
325.336,8323,8178,8039,
325.346,8323,8178,8039,
325.356,8337,8178,8032,
325.366,8385,8178,7976,
325.378,8364,8178,7999,
325.386,8326,8175,8042,
325.396,8320,8178,8047,
325.406,8320,8178,8045,
325.418,8318,8178,8045,
325.425,8315,8178,8045,
325.435,8312,8175,8050,
325.444,8312,8178,8050,
325.457,8312,8175,8052,
325.466,8312,8175,8052,
325.477,8312,8178,8052,
325.485,8307,8178,8050,
325.496,8307,8178,8055,
325.506,8307,8178,8052,
325.517,8301,8178,8057,
325.528,8301,8178,8057,
325.537,8301,8175,8060,
325.545,8301,8178,8062,
325.556,8318,8178,8042,
325.567,8350,8178,7999,
325.575,8315,8178,8045,
325.586,8293,8178,8065,
325.597,8293,8178,8062,
325.607,8296,8175,8062,
325.616,8293,8178,8065,
325.626,8291,8178,8065,
325.635,8288,8175,8068,
325.646,8285,8175,8070,
325.657,8283,8175,8073,
325.664,8283,8175,8075,
325.678,8283,8175,8078,
325.684,8283,8175,8080,
325.697,8279,8178,8078,
325.706,8279,8175,8080,
325.715,8276,8178,8080,
325.726,8276,8178,8080,
325.741,8276,8178,8083,
325.746,8276,8175,8080,
325.756,8291,8178,8060,
325.764,8318,8178,8032,
325.775,8299,8178,8055,
325.788,8273,8175,8083,
325.796,8271,8175,8087,
325.807,8271,8178,8087,
325.815,8268,8178,8089,
325.825,8265,8178,8093,
325.835,8265,8175,8095,
325.846,8265,8181,8095,
325.854,8263,8181,8098,
325.867,8263,8181,8098,
325.876,8263,8178,8100,
325.885,8260,8181,8100,
325.896,8263,8181,8098,
325.905,8260,8181,8100,
325.916,8260,8178,8103,
325.924,8260,8178,8103,
325.936,8257,8178,8103,
325.945,8257,8178,8103,
325.954,8265,8175,8095,
325.965,8285,8178,8065,
325.976,8273,8178,8087,
325.984,8252,8175,8113,
325.996,8249,8178,8111,
326.006,8246,8175,8108,
326.014,8246,8178,8111,
326.026,8244,8175,8113,
326.034,8241,8175,8113,
326.047,8244,8178,8116,
326.056,8241,8178,8118,
326.063,8238,8175,8118,
326.074,8235,8178,8121,
326.088,8233,8178,8124,
326.096,8235,8175,8126,
326.107,8233,8178,8126,
326.113,8233,8175,8129,
326.124,8230,8178,8129,
326.136,8227,8178,8131,
326.147,8227,8175,8134,
326.154,8230,8178,8129,
326.166,8241,8175,8116,
326.176,8227,8175,8131,
326.185,8217,8175,8139,
326.193,8211,8175,8144,
326.206,8203,8178,8147,
326.214,8198,8175,8154,
326.226,8188,8178,8161,
326.235,8179,8175,8169,
326.246,8174,8175,8177,
326.254,8168,8175,8182,
326.265,8163,8178,8187,
326.274,8139,8178,8210,
326.284,8147,8178,8208,
326.294,8131,8181,8218,
326.305,8122,8181,8231,
326.315,8109,8181,8243,
326.324,8097,8181,8251,
326.333,8088,8183,8261,
326.346,8074,8183,8274,
326.355,8058,8183,8292,
326.364,8023,8183,8319,
326.376,8039,8191,8309,
326.386,8034,8191,8316,
326.395,8020,8188,8316,
326.404,8015,8186,8324,
326.416,8000,8191,8334,
326.424,7995,8191,8344,
326.436,7980,8186,8350,
326.447,7983,8191,8357,
326.454,7970,8196,8360,
326.467,7964,8196,8370,
326.476,7959,8196,8373,
326.485,7951,8196,8382,
326.495,7953,8199,8388,
326.504,7945,8199,8390,
326.515,7932,8201,8400,
326.527,7926,8206,8406,
326.534,7912,8199,8411,
326.545,7918,8201,8424,
326.555,7846,8191,8485,
326.566,7804,8196,8528,
326.574,7832,8206,8505,
326.583,7881,8209,8459,
326.595,7870,8196,8439,
326.606,7878,8214,8444,
326.616,7881,8212,8449,
326.624,7859,8199,8456,
326.634,7851,8204,8464,
326.646,7865,8219,8462,
326.655,7851,8212,8469,
326.664,7857,8214,8472,
326.674,7851,8209,8469,
326.685,7851,8217,8469,
326.697,7846,8212,8469,
326.703,7857,8209,8472,
326.714,7843,8214,8472,
326.725,7859,8209,8472,
326.737,7848,8214,8474,
326.743,7838,8217,8469,
326.754,7804,8201,8516,
326.764,7733,8199,8599,
326.773,7746,8209,8582,
326.786,7820,8219,8500,
326.795,7848,8209,8480,
326.806,7851,8214,8474,
326.815,7848,8212,8469,
326.825,7862,8209,8467,
326.834,7843,8199,8467,
326.844,7851,8206,8462,
326.854,7865,8214,8462,
326.866,7859,8206,8462,
326.875,7865,8212,8454,
326.884,7867,8199,8456,
326.895,7865,8219,8456,
326.903,7875,8206,8456,
326.916,7867,8209,8449,
326.924,7889,8201,8456,
326.933,7873,8201,8447,
326.946,7865,8214,8462,
326.953,7793,8199,8530,
326.965,7762,8199,8584,
326.973,7776,8204,8564,
326.984,7851,8217,8474,
326.993,7870,8209,8454,
327.004,7878,8196,8447,
327.014,7875,8204,8444,
327.024,7878,8217,8444,
327.036,7875,8206,8439,
327.043,7889,8196,8436,
327.054,7893,8212,8431,
327.063,7901,8201,8429,
327.074,7898,8206,8424,
327.084,7904,8212,8429,
327.095,7901,8201,8424,
327.104,7909,8204,8424,
327.113,7906,8214,8416,
327.126,7906,8201,8416,
327.132,7904,8204,8416,
327.143,7912,8201,8413,
327.156,7878,8196,8449,
327.167,7815,8193,8510,
327.174,7881,8212,8467,
327.184,7912,8209,8418,
327.195,7921,8201,8406,
327.204,7921,8193,8400,
327.212,7934,8204,8398,
327.224,7934,8199,8395,
327.234,7940,8196,8390,
327.244,7937,8204,8385,
327.254,7953,8191,8378,
327.264,7959,8193,8375,
327.275,7956,8196,8373,
327.286,7953,8201,8373,
327.295,7970,8204,8368,
327.303,7964,8193,8368,
327.316,7980,8199,8362,
327.324,7975,8201,8360,
327.332,7980,8193,8360,
327.343,7980,8199,8352,
327.353,7961,8193,8373,
327.363,7915,8188,8418,
327.375,7970,8199,8368,
327.384,7983,8196,8352,
327.393,7995,8193,8342,
327.404,8000,8196,8337,
327.413,8000,8199,8334,
327.426,8007,8199,8332,
327.435,8015,8191,8329,
327.443,8020,8196,8326,
327.454,8012,8193,8326,
327.463,8015,8191,8324,
327.475,8023,8196,8319,
327.484,8031,8191,8316,
327.492,8020,8191,8311,
327.504,8042,8188,8309,
327.513,8039,8191,8305,
327.521,8055,8188,8297,
327.533,8058,8186,8290,
327.543,8064,8186,8282,
327.554,8064,8181,8284,
327.564,8047,8181,8302,
327.574,8083,8186,8269,
327.584,8094,8183,8256,
327.595,8103,8183,8251,
327.606,8109,8183,8241,
327.613,8114,8181,8238,
327.624,8122,8181,8231,
327.634,8125,8181,8226,
327.643,8133,8178,8221,
327.653,8136,8181,8216,
327.662,8141,8181,8213,
327.674,8147,8181,8210,
327.682,8150,8178,8205,
327.693,8155,8178,8203,
327.703,8158,8178,8198,
327.714,8160,8178,8195,
327.724,8166,8178,8192,
327.734,8168,8175,8190,
327.743,8171,8178,8187,
327.753,8174,8178,8185,
327.764,8179,8178,8182,
327.774,8179,8175,8177,
327.785,8185,8178,8174,
327.794,8182,8175,8174,
327.804,8211,8186,8152,
327.813,8200,8178,8154,
327.823,8206,8175,8149,
327.833,8217,8175,8144,
327.844,8225,8178,8134,
327.854,8235,8178,8126,
327.862,8244,8178,8116,
327.873,8257,8178,8106,
327.885,8268,8178,8098,
327.893,8283,8175,8087,
327.901,8288,8178,8075,
327.912,8304,8175,8060,
327.925,8315,8175,8052,
327.933,8329,8175,8039,
327.942,8339,8178,8032,
327.951,8366,8178,8001,
327.964,8425,8178,7936,
327.973,8420,8181,7955,
327.983,8387,8178,7983,
327.991,8385,8178,7989,
328.002,8387,8175,7983,
328.014,8387,8178,7986,
328.02,8390,8178,7978,
328.032,8393,8178,7976,
328.042,8396,8178,7981,
328.052,8396,8178,7973,
328.064,8404,8175,7971,
328.072,8406,8178,7965,
328.083,8409,8175,7963,
328.094,8409,8175,7960,
328.104,8414,8178,7958,
328.113,8420,8178,7955,
328.125,8417,8178,7960,
328.133,8414,8178,7958,
328.145,8414,8178,7963,
328.152,8433,8178,7936,
328.162,8498,8178,7860,
328.171,8450,8175,7927,
328.184,8417,8175,7953,
328.194,8409,8178,7963,
328.203,8404,8175,7965,
328.213,8406,8178,7968,
328.222,8404,8175,7968,
328.234,8404,8178,7963,
328.24,8409,8175,7971,
328.252,8406,8181,7965,
328.262,8401,8181,7968,
328.273,8406,8178,7971,
328.281,8404,8178,7971,
328.292,8404,8178,7971,
328.301,8401,8181,7968,
328.314,8401,8178,7965,
328.322,8401,8181,7968,
328.332,8401,8178,7973,
328.341,8406,8181,7968,
328.352,8423,8181,7946,
328.364,8490,8181,7872,
328.372,8444,8183,7927,
328.381,8404,8181,7973,
328.393,8393,8181,7976,
328.403,8396,8181,7973,
328.412,8398,8178,7978,
328.421,8393,8178,7981,
328.434,8396,8181,7976,
328.443,8393,8181,7978,
328.452,8393,8181,7981,
328.462,8387,8178,7978,
328.473,8390,8178,7983,
328.482,8387,8178,7989,
328.493,8385,8178,7986,
328.502,8382,8178,7989,
328.511,8382,8175,7989,
328.523,8385,8175,7986,
328.532,8382,8178,7989,
328.542,8382,8178,7991,
328.551,8398,8178,7976,
328.562,8450,8175,7907,
328.573,8431,8181,7936,
328.583,8385,8178,7991,
328.592,8369,8178,7996,
328.603,8369,8175,7999,
328.612,8366,8178,7996,
328.625,8366,8178,8004,
328.632,8361,8178,8004,
328.643,8361,8178,8008,
328.653,8361,8178,8008,
328.662,8358,8178,8010,
328.672,8356,8175,8013,
328.681,8356,8178,8013,
328.693,8353,8178,8013,
328.703,8350,8178,8013,
328.712,8350,8178,8013,
328.722,8347,8178,8015,
328.731,8345,8175,8018,
328.742,8347,8178,8015,
328.751,8358,8178,8001,
328.762,8409,8181,7944,
328.773,8369,8175,7994,
328.781,8339,8181,8018,
328.791,8339,8178,8021,
328.801,8339,8183,8027,
328.812,8337,8181,8029,
328.825,8337,8178,8027,
328.834,8331,8178,8032,
328.84,8331,8181,8037,
328.851,8331,8181,8032,
328.863,8329,8181,8034,
328.87,8329,8178,8037,
328.881,8323,8175,8039,
328.89,8323,8178,8039,
328.903,8323,8178,8042,
328.912,8323,8178,8042,
328.923,8318,8178,8045,
328.931,8320,8178,8045,
328.944,8320,8178,8042,
328.951,8334,8178,8029,
328.961,8377,8178,7981,
328.972,8356,8178,8004,
328.981,8323,8175,8042,
328.992,8318,8178,8042,
329.003,8315,8178,8047,
329.012,8310,8178,8050,
329.021,8307,8178,8050,
329.033,8304,8178,8055,
329.042,8301,8178,8052,
329.053,8301,8178,8055,
329.061,8301,8175,8055,
329.073,8299,8178,8055,
329.082,8301,8178,8060,
329.091,8299,8178,8057,
329.103,8299,8178,8060,
329.113,8296,8178,8065,
329.121,8296,8178,8065,
329.132,8296,8175,8065,
329.141,8296,8175,8065,
329.153,8307,8178,8055,
329.161,8345,8175,8013,
329.171,8312,8178,8052,
329.182,8291,8178,8073,
329.193,8285,8175,8075,
329.203,8285,8178,8075,
329.211,8283,8175,8075,
329.22,8283,8178,8078,
329.231,8283,8178,8078,
329.243,8283,8178,8080,
329.25,8283,8175,8080,
329.262,8283,8178,8080,
329.273,8283,8178,8083,
329.281,8279,8178,8087,
329.293,8276,8178,8089,
329.3,8276,8178,8087,
329.309,8273,8175,8089,
329.322,8273,8178,8087,
329.333,8271,8178,8089,
329.342,8271,8178,8089,
329.352,8279,8178,8083,
329.362,8304,8178,8052,
329.372,8283,8178,8080,
329.383,8265,8178,8098,
329.393,8265,8178,8100,
329.4,8263,8175,8100,
329.412,8263,8178,8100,
329.423,8260,8178,8103,
329.43,8257,8175,8103,
329.441,8257,8175,8103,
329.451,8254,8175,8106,
329.463,8252,8178,8106,
329.472,8252,8175,8108,
329.481,8249,8178,8111,
329.491,8249,8178,8111,
329.502,8246,8178,8113,
329.512,8246,8175,8113,
329.523,8244,8178,8113,
329.53,8244,8175,8116,
329.539,8244,8175,8116,
329.552,8257,8178,8103,
329.562,8271,8178,8083,
329.57,8249,8178,8111,
329.58,8238,8178,8124,
329.592,8241,8178,8121,
329.602,8238,8178,8121,
329.612,8235,8175,8124,
329.622,8235,8181,8124,
329.632,8235,8178,8126,
329.643,8230,8181,8126,
329.65,8227,8181,8129,
329.662,8227,8181,8131,
329.67,8222,8181,8134,
329.682,8222,8181,8136,
329.692,8217,8181,8136,
329.703,8214,8181,8142,
329.713,8206,8181,8147,
329.72,8198,8175,8154,
329.73,8192,8175,8161,
329.741,8182,8178,8169,
329.749,8179,8178,8174,
329.759,8171,8178,8185,
329.773,8166,8178,8190,
329.781,8158,8178,8198,
329.791,8150,8181,8200,
329.801,8133,8181,8218,
329.813,8122,8181,8231,
329.819,8109,8183,8243,
329.829,8097,8181,8254,
329.841,8083,8183,8266,
329.85,8069,8186,8277,
329.86,8058,8183,8287,
329.871,8050,8186,8297,
329.881,8037,8186,8305,
329.889,8026,8186,8309,
329.9,8018,8191,8321,
329.909,8003,8188,8326,
329.92,7998,8193,8337,
329.93,7983,8193,8347,
329.939,7978,8193,8357,
329.949,7953,8193,8382,
329.963,7901,8188,8456,
329.97,7906,8196,8426,
329.979,7942,8204,8393,
329.99,7948,8199,8390,
330.002,7929,8201,8398,
330.012,7929,8199,8403,
330.022,7915,8199,8406,
330.032,7912,8196,8408,
330.04,7906,8201,8411,
330.049,7923,8209,8411,
330.061,7923,8196,8416,
330.071,7909,8201,8418,
330.08,7912,8212,8418,
330.089,7901,8209,8426,
330.098,7898,8206,8431,
330.111,7895,8206,8424,
330.119,7893,8204,8429,
330.131,7904,8206,8429,
330.14,7886,8201,8439,
330.148,7851,8186,8480,
330.158,7796,8191,8561,
330.171,7848,8217,8480,
330.181,7859,8217,8456,
330.191,7881,8212,8444,
330.223,7865,8214,8447,
330.224,7875,8206,8444,
330.225,7867,8217,8447,
330.231,7870,8212,8456,
330.237,7873,8222,8456,
330.248,7865,8206,8456,
330.261,7867,8212,8459,
330.273,7857,8222,8459,
330.279,7870,8209,8464,
330.289,7865,8217,8467,
330.3,7867,8217,8459,
330.311,7878,8209,8459,
330.319,7870,8209,8456,
330.33,7862,8204,8459,
330.34,7865,8209,8462,
330.351,7829,8191,8500,
330.359,7754,8196,8599,
330.371,7768,8204,8569,
330.379,7832,8219,8482,
330.391,7862,8206,8459,
330.402,7859,8201,8456,
330.409,7862,8209,8454,
330.42,7881,8201,8449,
330.428,7875,8219,8456,
330.442,7873,8206,8449,
330.45,7881,8204,8447,
330.461,7870,8212,8454,
330.471,7884,8209,8439,
330.479,7886,8214,8444,
330.491,7881,8204,8436,
330.5,7881,8209,8442,
330.509,7889,8214,8439,
330.52,7889,8204,8436,
330.53,7884,8199,8431,
330.539,7895,8209,8429,
330.551,7865,8191,8467,
330.562,7796,8196,8546,
330.572,7865,8214,8472,
330.58,7875,8204,8444,
330.588,7895,8217,8431,
330.6,7898,8209,8424,
330.609,7901,8204,8421,
330.622,7912,8209,8416,
330.63,7912,8206,8413,
330.64,7918,8209,8416,
330.651,7918,8199,8411,
330.661,7904,8199,8408,
330.67,7923,8204,8411,
330.679,7915,8206,8411,
330.69,7918,8199,8411,
330.699,7926,8201,8411,
330.709,7918,8212,8406,
330.719,7926,8206,8406,
330.73,7912,8199,8403,
330.739,7923,8201,8403,
330.751,7884,8188,8442,
330.76,7846,8191,8503,
330.769,7904,8209,8431,
330.779,7918,8204,8400,
330.791,7942,8206,8395,
330.799,7940,8201,8390,
330.81,7951,8196,8385,
330.819,7956,8201,8382,
330.829,7956,8199,8375,
330.841,7959,8196,8373,
330.85,7956,8196,8368,
330.861,7967,8196,8365,
330.869,7970,8191,8365,
330.879,7978,8191,8360,
330.891,7972,8191,8355,
330.899,7980,8199,8355,
330.91,7988,8191,8350,
330.919,7986,8193,8344,
330.929,7995,8191,8344,
330.937,7983,8191,8344,
330.95,7951,8191,8385,
330.96,7929,8191,8408,
330.968,7937,8193,8403,
330.979,7980,8193,8350,
330.99,7998,8193,8337,
330.999,7995,8186,8332,
331.01,8007,8191,8329,
331.019,8009,8191,8324,
331.029,8018,8188,8321,
331.038,8015,8193,8321,
331.049,8023,8186,8316,
331.06,8023,8193,8314,
331.068,8031,8188,8309,
331.079,8037,8188,8309,
331.087,8045,8188,8302,
331.1,8045,8188,8300,
331.109,8058,8186,8292,
331.118,8061,8186,8284,
331.127,8072,8183,8279,
331.139,8074,8186,8274,
331.148,8064,8178,8284,
331.158,8061,8181,8295,
331.17,8080,8183,8277,
331.178,8101,8183,8251,
331.187,8109,8181,8241,
331.198,8117,8181,8235,
331.209,8122,8181,8228,
331.218,8128,8181,8221,
331.227,8139,8178,8213,
331.24,8147,8178,8205,
331.25,8155,8178,8198,
331.259,8160,8178,8192,
331.268,8168,8175,8185,
331.278,8174,8175,8180,
331.289,8179,8175,8177,
331.298,8182,8178,8174,
331.306,8188,8178,8172,
331.319,8200,8178,8167,
331.328,8217,8178,8144,
331.338,8225,8178,8139,
331.349,8238,8178,8126,
331.36,8263,8173,8095,
331.369,8260,8178,8103,
331.378,8260,8178,8103,
331.39,8271,8178,8093,
331.399,8279,8178,8083,
331.407,8283,8178,8075,
331.42,8293,8178,8068,
331.43,8299,8178,8062,
331.436,8301,8178,8060,
331.448,8304,8178,8055,
331.46,8307,8178,8055,
331.47,8310,8175,8055,
331.478,8312,8178,8052,
331.486,8312,8175,8050,
331.497,8315,8178,8047,
331.507,8323,8178,8042,
331.516,8326,8181,8037,
331.528,8337,8181,8032,
331.537,8345,8181,8024,
331.55,8372,8181,7991,
331.558,8442,8181,7922,
331.568,8409,8181,7960,
331.579,8387,8183,7981,
331.59,8393,8181,7976,
331.598,8398,8181,7976,
331.608,8401,8178,7968,
331.618,8401,8178,7973,
331.628,8406,8178,7965,
331.637,8404,8178,7965,
331.646,8401,8178,7968,
331.659,8404,8175,7968,
331.669,8404,8178,7968,
331.678,8404,8178,7968,
331.688,8401,8178,7973,
331.698,8396,8178,7965,
331.709,8398,8178,7973,
331.718,8396,8175,7968,
331.727,8396,8175,7976,
331.736,8396,8175,7981,
331.747,8414,8178,7955,
331.756,8484,8175,7881,
331.769,8458,8178,7907,
331.779,8409,8178,7971,
331.789,8396,8178,7978,
331.799,8393,8178,7981,
331.807,8387,8178,7983,
331.817,8387,8178,7983,
331.826,8387,8181,7986,
331.838,8385,8175,7986,
331.852,8387,8178,7986,
331.86,8387,8175,7986,
331.867,8387,8175,7986,
331.877,8385,8178,7983,
331.89,8387,8178,7983,
331.899,8387,8175,7983,
331.909,8387,8178,7983,
331.916,8387,8178,7986,
331.928,8387,8178,7991,
331.937,8385,8178,7981,
331.946,8417,8175,7946,
331.958,8484,8173,7872,
331.967,8425,8178,7944,
331.979,8390,8178,7983,
331.985,8385,8178,7986,
331.997,8382,8178,7989,
332.006,8382,8178,7989,
332.019,8379,8178,7991,
332.028,8372,8181,7996,
332.039,8372,8178,7994,
332.048,8369,8181,7996,
332.059,8369,8181,7994,
332.068,8366,8181,7999,
332.079,8366,8181,7999,
332.087,8366,8181,7999,
332.098,8366,8181,8001,
332.107,8364,8181,8001,
332.118,8361,8181,8001,
332.128,8361,8181,8001,
332.138,8364,8178,7999,
332.149,8385,8181,7976,
332.155,8436,8175,7925,
332.166,8417,8181,7950,
332.177,8366,8178,7996,
332.187,8358,8178,8001,
332.199,8356,8178,8004,
332.205,8353,8178,8010,
332.218,8353,8178,8013,
332.229,8350,8178,8013,
332.239,8350,8178,8013,
332.248,8350,8175,8018,
332.258,8350,8175,8018,
332.266,8347,8178,8018,
332.277,8350,8175,8018,
332.288,8347,8175,8018,
332.299,8345,8175,8018,
332.306,8345,8175,8024,
332.317,8342,8178,8024,
332.326,8339,8175,8027,
332.339,8342,8181,8021,
332.347,8366,8178,7989,
332.358,8412,8178,7946,
332.369,8382,8178,7983,
332.379,8337,8175,8029,
332.386,8329,8178,8034,
332.398,8329,8178,8032,
332.409,8326,8178,8037,
332.415,8323,8175,8037,
332.426,8326,8178,8039,
332.436,8323,8178,8039,
332.45,8318,8178,8042,
332.456,8320,8178,8045,
332.468,8318,8178,8045,
332.477,8318,8178,8047,
332.488,8315,8175,8052,
332.496,8315,8175,8050,
332.509,8310,8178,8050,
332.518,8310,8175,8055,
332.529,8310,8175,8052,
332.537,8310,8178,8055,
332.547,8315,8178,8047,
332.557,8353,8178,8001,
332.567,8318,8178,8039,
332.575,8301,8175,8060,
332.587,8296,8178,8065,
332.598,8293,8178,8062,
332.607,8293,8178,8065,
332.617,8291,8178,8068,
332.626,8285,8178,8070,
332.636,8285,8178,8070,
332.645,8285,8178,8070,
332.658,8283,8178,8073,
332.666,8283,8178,8073,
332.675,8283,8175,8078,
332.686,8283,8175,8078,
332.696,8283,8178,8078,
332.705,8279,8175,8080,
332.717,8276,8178,8080,
332.727,8276,8178,8083,
332.738,8276,8178,8083,
332.747,8283,8178,8075,
332.758,8310,8175,8045,
332.766,8283,8178,8073,
332.776,8273,8175,8089,
332.788,8271,8178,8089,
332.795,8273,8178,8089,
332.806,8271,8178,8089,
332.817,8271,8178,8093,
332.827,8271,8175,8093,
332.837,8268,8178,8093,
332.847,8268,8178,8095,
332.856,8265,8175,8098,
332.867,8263,8178,8100,
332.878,8263,8178,8100,
332.886,8263,8178,8103,
332.896,8260,8175,8103,
332.907,8257,8178,8106,
332.915,8254,8178,8106,
332.927,8254,8178,8108,
332.937,8257,8178,8106,
332.947,8271,8178,8089,
332.956,8293,8178,8060,
332.964,8271,8178,8093,
332.974,8252,8178,8111,
332.986,8252,8178,8111,
332.999,8249,8178,8113,
333.006,8246,8178,8116,
333.015,8241,8175,8118,
333.026,8241,8178,8121,
333.035,8238,8175,8124,
333.048,8235,8175,8124,
333.056,8238,8178,8124,
333.065,8235,8178,8124,
333.076,8233,8178,8126,
333.085,8233,8175,8129,
333.095,8230,8175,8129,
333.106,8225,8178,8131,
333.116,8225,8178,8134,
333.127,8219,8178,8139,
333.135,8217,8178,8142,
333.147,8217,8178,8142,
333.156,8219,8175,8134,
333.166,8203,8178,8152,
333.178,8192,8178,8163,
333.184,8185,8178,8172,
333.195,8174,8178,8180,
333.204,8168,8178,8185,
333.216,8163,8178,8192,
333.227,8136,8175,8228,
333.236,8136,8181,8221,
333.247,8133,8181,8223,
333.256,8125,8181,8228,
333.266,8114,8181,8241,
333.274,8106,8183,8246,
333.287,8094,8183,8256,
333.296,8083,8183,8264,
333.308,8077,8183,8272,
333.315,8069,8186,8279,
333.324,8061,8188,8287,
333.335,8047,8186,8295,
333.344,8012,8178,8326,
333.355,7995,8181,8352,
333.367,8015,8191,8326,
333.376,8009,8193,8332,
333.385,8007,8191,8332,
333.394,7991,8191,8337,
333.408,7998,8191,8339,
333.415,7980,8196,8352,
333.426,7978,8191,8357,
333.435,7967,8193,8362,
333.445,7970,8196,8368,
333.456,7956,8193,8375,
333.464,7956,8201,8378,
333.476,7956,8201,8388,
333.485,7940,8204,8393,
333.496,7937,8201,8395,
333.504,7934,8201,8395,
333.515,7926,8193,8403,
333.525,7923,8204,8408,
333.534,7915,8209,8411,
333.546,7881,8188,8456,
333.556,7824,8193,8503,
333.565,7865,8209,8477,
333.577,7889,8209,8436,
333.586,7895,8204,8424,
333.598,7886,8206,8434,
333.605,7895,8206,8434,
333.617,7893,8206,8442,
333.628,7895,8204,8434,
333.636,7889,8206,8439,
333.647,7889,8204,8442,
333.657,7881,8206,8444,
333.666,7884,8206,8444,
333.674,7895,8212,8447,
333.686,7870,8206,8449,
333.695,7878,8209,8447,
333.705,7873,8212,8449,
333.714,7870,8217,8449,
333.724,7870,8196,8454,
333.735,7873,8214,8449,
333.747,7832,8201,8487,
333.757,7765,8196,8577,
333.766,7791,8204,8548,
333.772,7840,8214,8472,
333.786,7865,8206,8449,
333.795,7862,8201,8456,
333.806,7870,8212,8449,
333.815,7873,8206,8449,
333.826,7867,8214,8444,
333.836,7875,8217,8444,
333.845,7867,8206,8449,
333.855,7878,8214,8444,
333.866,7867,8217,8442,
333.875,7870,8196,8442,
333.885,7886,8212,8442,
333.896,7889,8201,8439,
333.907,7886,8206,8436,
333.915,7895,8204,8436,
333.926,7878,8206,8442,
333.935,7884,8212,8449,
333.946,7796,8193,8528,
333.957,7762,8201,8564,
333.964,7824,8206,8505,
333.974,7862,8212,8459,
333.987,7878,8206,8454,
333.995,7886,8217,8447,
334.005,7881,8222,8439,
334.016,7895,8201,8439,
334.029,7895,8196,8436,
334.035,7889,8204,8431,
334.043,7904,8212,8426,
334.056,7906,8206,8426,
334.063,7901,8214,8429,
334.074,7904,8204,8421,
334.086,7909,8204,8418,
334.095,7918,8204,8413,
334.105,7929,8204,8411,
334.117,7929,8204,8406,
334.124,7921,8199,8406,
334.135,7923,8196,8403,
334.147,7865,8183,8462,
334.156,7846,8196,8498,
334.164,7878,8204,8447,
334.176,7921,8209,8398,
334.184,7945,8193,8388,
334.197,7942,8206,8388,
334.204,7948,8199,8382,
334.213,7951,8204,8378,
334.225,7953,8188,8375,
334.235,7964,8188,8373,
334.245,7967,8201,8373,
334.254,7967,8199,8365,
334.266,7972,8196,8360,
334.274,7975,8193,8357,
334.285,7983,8196,8355,
334.294,7988,8191,8352,
334.304,7998,8196,8344,
334.314,7998,8193,8339,
334.323,8007,8193,8332,
334.334,8012,8188,8326,
334.344,8012,8186,8332,
334.364,7980,8186,8368,
334.365,8039,8191,8314,
334.373,8050,8188,8287,
334.384,8066,8186,8279,
334.394,8083,8183,8266,
334.405,8103,8183,8248,
334.413,8117,8181,8235,
334.424,8136,8178,8218,
334.435,8152,8178,8203,
334.445,8168,8178,8187,
334.456,8179,8175,8174,
334.463,8188,8175,8169,
334.474,8192,8175,8167,
334.484,8206,8170,8129,
334.494,8235,8178,8126,
334.503,8244,8178,8118,
334.516,8257,8178,8106,
334.525,8268,8175,8098,
334.535,8283,8178,8083,
334.543,8301,8178,8057,
334.555,8339,8170,8013,
334.564,8315,8178,8045,
334.574,8307,8178,8052,
334.585,8310,8178,8050,
334.594,8318,8178,8045,
334.604,8323,8178,8037,
334.615,8326,8178,8037,
334.625,8329,8178,8032,
334.635,8334,8178,8027,
334.645,8337,8178,8027,
334.654,8347,8178,8018,
334.664,8350,8178,8015,
334.674,8353,8175,8015,
334.683,8356,8178,8013,
334.694,8361,8178,8004,
334.703,8361,8178,8004,
334.714,8364,8178,8001,
334.723,8364,8175,8004,
334.734,8364,8175,8001,
334.743,8387,8178,7978,
334.757,8447,8178,7907,
334.764,8404,8181,7960,
334.773,8369,8181,7994,
334.783,8366,8178,7996,
334.794,8366,8178,7994,
334.803,8369,8178,8001,
334.814,8366,8178,8001,
334.823,8369,8178,7996,
334.834,8372,8175,7996,
334.842,8372,8178,7994,
334.855,8377,8178,7999,
334.864,8372,8178,8001,
334.874,8372,8175,7996,
334.883,8377,8178,7991,
334.894,8377,8178,7994,
334.907,8379,8178,7994,
334.915,8377,8178,7994,
334.925,8377,8178,7996,
334.934,8377,8178,7999,
334.944,8398,8178,7978,
334.954,8461,8170,7897,
334.965,8414,8181,7953,
334.973,8390,8178,7976,
334.982,8382,8175,7994,
334.995,8377,8178,7989,
335.004,8377,8178,7991,
335.012,8377,8178,7991,
335.023,8372,8178,7991,
335.036,8369,8175,7996,
335.044,8369,8178,7996,
335.052,8366,8178,8004,
335.063,8364,8178,8004,
335.073,8361,8178,8001,
335.083,8358,8175,8008,
335.096,8358,8175,8008,
335.102,8356,8178,8015,
335.116,8353,8178,8013,
335.123,8350,8178,8018,
335.137,8350,8178,8015,
335.143,8364,8175,7999,
335.153,8420,8175,7941,
335.165,8398,8178,7968,
335.175,8356,8175,8010,
335.183,8345,8178,8015,
335.193,8345,8178,8018,
335.205,8342,8178,8015,
335.215,8342,8178,8021,
335.225,8342,8175,8024,
335.234,8342,8178,8021,
335.245,8342,8181,8021,
335.255,8342,8178,8021,
335.265,8342,8178,8024,
335.271,8339,8175,8021,
335.283,8345,8178,8021,
335.296,8347,8178,8021,
335.304,8345,8178,8024,
335.312,8345,8178,8024,
335.323,8345,8178,8021,
335.332,8345,8178,8024,
335.344,8361,8178,8004,
335.352,8409,8178,7953,
335.363,8372,8178,7994,
335.373,8345,8178,8024,
335.383,8339,8178,8021,
335.393,8337,8178,8027,
335.402,8337,8175,8024,
335.415,8334,8175,8032,
335.421,8334,8178,8029,
335.432,8331,8178,8032,
335.444,8329,8178,8032,
335.454,8329,8178,8034,
335.462,8326,8178,8032,
335.473,8326,8178,8034,
335.481,8326,8178,8037,
335.492,8323,8175,8037,
335.503,8323,8178,8039,
335.513,8323,8178,8039,
335.523,8323,8178,8039,
335.531,8320,8178,8039,
335.542,8331,8178,8024,
335.553,8379,8178,7978,
335.565,8356,8178,8004,
335.571,8320,8178,8039,
335.584,8315,8178,8050,
335.592,8312,8178,8050,
335.603,8307,8178,8052,
335.613,8307,8178,8057,
335.624,8304,8178,8060,
335.635,8304,8178,8057,
335.644,8301,8178,8057,
335.652,8301,8178,8060,
335.662,8299,8178,8062,
335.671,8299,8178,8065,
335.682,8296,8178,8065,
335.693,8296,8178,8065,
335.701,8293,8178,8068,
335.714,8296,8178,8068,
335.723,8291,8178,8068,
335.734,8293,8178,8068,
335.742,8301,8178,8057,
335.753,8331,8175,8024,
335.764,8304,8178,8060,
335.773,8285,8178,8073,
335.783,8283,8178,8075,
335.791,8283,8178,8075,
335.802,8283,8178,8078,
335.811,8283,8178,8080,
335.822,8283,8178,8080,
335.832,8279,8178,8083,
335.845,8283,8178,8083,
335.851,8276,8178,8083,
335.863,8276,8178,8087,
335.872,8273,8178,8087,
335.883,8273,8178,8089,
335.892,8273,8178,8089,
335.904,8271,8175,8095,
335.912,8271,8178,8095,
335.921,8268,8175,8095,
335.934,8268,8178,8098,
335.943,8273,8178,8087,
335.954,8296,8175,8062,
335.965,8273,8178,8089,
335.973,8260,8178,8106,
335.983,8257,8178,8106,
335.991,8254,8178,8106,
336.001,8254,8175,8108,
336.01,8252,8178,8111,
336.022,8249,8178,8113,
336.033,8246,8175,8116,
336.041,8246,8178,8116,
336.051,8244,8178,8116,
336.063,8244,8178,8118,
336.073,8238,8178,8121,
336.081,8238,8178,8121,
336.092,8235,8178,8124,
336.101,8233,8175,8129,
336.114,8230,8178,8131,
336.123,8225,8178,8134,
336.132,8219,8178,8139,
336.141,8217,8178,8139,
336.152,8217,8178,8139,
336.162,8195,8178,8161,
336.173,8177,8178,8172,
336.183,8174,8178,8185,
336.193,8166,8178,8187,
336.204,8160,8178,8198,
336.216,8144,8186,8221,
336.222,8131,8181,8223,
336.234,8117,8183,8241,
336.243,8103,8183,8251,
336.253,8094,8183,8259,
336.264,8083,8183,8272,
336.271,8072,8183,8282,
336.281,8061,8183,8290,
336.291,8050,8191,8297,
336.303,8037,8188,8309,
336.312,8026,8188,8311,
336.323,8018,8188,8321,
336.332,8009,8188,8329,
336.342,7978,8191,8360,
336.351,7937,8186,8421,
336.362,7940,8199,8398,
336.371,7964,8201,8378,
336.381,7959,8196,8375,
336.391,7959,8204,8385,
336.402,7945,8199,8390,
336.41,7948,8193,8390,
336.423,7923,8196,8398,
336.433,7934,8199,8403,
336.442,7932,8199,8403,
336.452,7923,8199,8411,
336.461,7915,8201,8416,
336.473,7926,8199,8418,
336.482,7906,8206,8421,
336.491,7898,8206,8421,
336.505,7906,8206,8424,
336.512,7893,8201,8434,
336.522,7889,8204,8434,
336.532,7875,8214,8447,
336.542,7801,8196,8522,
336.551,7779,8193,8579,
336.563,7776,8206,8551,
336.572,7843,8217,8474,
336.583,7857,8212,8462,
336.591,7865,8212,8464,
336.602,7865,8224,8464,
336.611,7857,8214,8467,
336.622,7848,8212,8469,
336.633,7862,8206,8464,
336.641,7840,8212,8459,
336.653,7857,8209,8467,
336.662,7862,8209,8462,
336.674,7862,8217,8462,
336.682,7862,8214,8459,
336.692,7859,8201,8459,
336.701,7859,8214,8462,
336.713,7873,8214,8456,
336.72,7862,8214,8456,
336.73,7862,8201,8456,
336.743,7829,8206,8498,
336.752,7773,8204,8571,
336.76,7781,8204,8561,
336.773,7854,8219,8472,
336.782,7870,8212,8456,
336.79,7881,8217,8454,
336.802,7889,8209,8447,
336.811,7867,8217,8449,
336.821,7881,8214,8444,
336.831,7884,8214,8447,
336.842,7886,8214,8444,
336.852,7878,8199,8447,
336.861,7889,8201,8444,
336.872,7881,8209,8447,
336.881,7881,8212,8442,
336.892,7893,8209,8442,
336.9,7884,8206,8436,
336.91,7886,8209,8434,
336.921,7881,8204,8431,
336.929,7884,8206,8439,
336.941,7829,8196,8495,
336.951,7801,8199,8546,
336.961,7848,8212,8490,
336.971,7881,8214,8449,
336.98,7906,8204,8424,
336.992,7901,8206,8429,
337.002,7904,8204,8418,
337.012,7915,8204,8416,
337.021,7901,8209,8413,
337.029,7918,8201,8413,
337.042,7923,8201,8406,
337.052,7918,8204,8408,
337.062,7926,8209,8403,
337.07,7921,8201,8400,
337.08,7929,8199,8398,
337.09,7937,8201,8395,
337.098,7937,8206,8398,
337.113,7937,8199,8395,
337.12,7956,8199,8393,
337.131,7945,8193,8390,
337.143,7918,8188,8421,
337.149,7873,8191,8464,
337.161,7940,8206,8403,
337.171,7953,8199,8390,
337.182,7972,8196,8375,
337.193,7964,8196,8368,
337.201,7970,8209,8368,
337.211,7980,8199,8360,
337.222,7975,8199,8357,
337.231,7983,8193,8355,
337.24,7986,8199,8352,
337.252,7986,8196,8347,
337.261,7995,8196,8344,
337.27,7991,8193,8342,
337.282,8000,8199,8337,
337.292,8000,8191,8332,
337.304,8018,8191,8326,
337.314,8018,8193,8324,
337.323,8018,8193,8321,
337.331,8018,8191,8319,
337.341,8003,8186,8334,
337.351,7972,8188,8370,
337.361,8012,8196,8332,
337.37,8020,8183,8311,
337.381,8037,8191,8309,
337.392,8042,8191,8302,
337.4,8055,8183,8295,
337.411,8064,8186,8282,
337.421,8074,8188,8274,
337.431,8088,8183,8261,
337.439,8097,8183,8251,
337.451,8114,8183,8238,
337.462,8125,8181,8226,
337.471,8136,8181,8216,
337.482,8147,8181,8205,
337.488,8158,8178,8195,
337.499,8168,8178,8185,
337.511,8174,8175,8177,
337.521,8179,8175,8172,
337.53,8185,8175,8172,
337.539,8208,8178,8154,
337.55,8233,8181,8131,
337.562,8235,8178,8121,
337.57,8238,8178,8124,
337.579,8252,8178,8108,
337.59,8265,8178,8098,
337.602,8276,8178,8083,
337.609,8283,8178,8075,
337.622,8291,8178,8068,
337.631,8301,8178,8057,
337.64,8312,8175,8052,
337.65,8315,8178,8045,
337.66,8323,8175,8037,
337.678,8329,8175,8034,
337.679,8334,8178,8027,
337.693,8337,8178,8027,
337.702,8342,8178,8024,
337.708,8347,8178,8015,
337.721,8347,8178,8015,
337.732,8353,8178,8008,
337.739,8372,8178,7989,
337.751,8436,8173,7934,
337.76,8414,8178,7958,
337.77,8382,8178,7983,
337.78,8382,8175,7994,
337.789,8382,8178,7989,
337.8,8382,8175,7991,
337.812,8382,8178,7989,
337.822,8385,8175,7989,
337.828,8385,8175,7989,
337.842,8387,8178,7986,
337.851,8390,8175,7983,
337.862,8385,8178,7986,
337.869,8387,8178,7983,
337.881,8390,8178,7983,
337.892,8387,8175,7986,
337.902,8387,8178,7981,
337.909,8390,8178,7983,
337.92,8393,8175,7978,
337.93,8396,8178,7971,
337.939,8420,8178,7950,
337.953,8490,8178,7879,
337.959,8442,8178,7925,
337.969,8406,8175,7963,
337.981,8404,8175,7973,
337.99,8398,8178,7971,
337.999,8406,8175,7973,
338.009,8404,8178,7971,
338.021,8401,8178,7973,
338.03,8404,8178,7968,
338.039,8404,8178,7968,
338.051,8404,8178,7971,
338.059,8404,8178,7971,
338.069,8404,8178,7968,
338.079,8401,8181,7968,
338.09,8401,8178,7971,
338.099,8398,8178,7968,
338.111,8396,8175,7973,
338.12,8396,8175,7973,
338.131,8396,8178,7976,
338.14,8423,8178,7944,
338.148,8487,8175,7870,
338.161,8452,8181,7915,
338.167,8398,8178,7971,
338.18,8385,8173,7978,
338.189,8385,8178,7983,
338.201,8382,8181,7986,
338.207,8385,8175,7989,
338.22,8385,8178,7989,
338.228,8382,8178,7991,
338.241,8382,8178,7986,
338.25,8382,8175,7991,
338.259,8385,8175,7989,
338.272,8382,8178,7991,
338.28,8379,8178,7994,
338.292,8377,8178,7991,
338.299,8377,8178,7994,
338.309,8372,8178,7994,
338.318,8369,8178,7999,
338.33,8369,8178,7996,
338.34,8390,8178,7986,
338.353,8442,8175,7920,
338.359,8401,8178,7973,
338.372,8372,8178,8004,
338.38,8366,8181,7999,
338.388,8361,8178,8008,
338.4,8364,8175,8001,
338.411,8358,8175,8010,
338.419,8358,8178,8004,
338.429,8356,8178,8013,
338.44,8356,8175,8015,
338.449,8350,8178,8018,
338.46,8353,8178,8015,
338.47,8350,8175,8021,
338.477,8345,8175,8024,
338.49,8347,8178,8021,
338.499,8345,8178,8024,
338.51,8342,8178,8027,
338.517,8339,8175,8027,
338.53,8337,8178,8027,
338.539,8353,8178,8010,
338.549,8398,8178,7958,
338.561,8377,8178,7983,
338.567,8337,8178,8029,
338.579,8331,8178,8034,
338.589,8326,8178,8034,
338.597,8323,8178,8039,
338.612,8326,8178,8042,
338.62,8326,8178,8042,
338.628,8320,8178,8042,
338.639,8320,8178,8042,
338.647,8315,8178,8042,
338.658,8318,8178,8042,
338.67,8312,8178,8045,
338.679,8315,8178,8047,
338.689,8310,8181,8047,
338.698,8310,8178,8050,
338.71,8307,8175,8055,
338.721,8307,8178,8052,
338.729,8307,8178,8052,
338.737,8320,8178,8042,
338.749,8356,8178,7999,
338.76,8323,8178,8034,
338.769,8301,8178,8055,
338.778,8299,8178,8057,
338.789,8304,8178,8057,
338.799,8301,8178,8057,
338.809,8299,8178,8060,
338.819,8296,8178,8060,
338.828,8293,8178,8062,
338.838,8293,8178,8062,
338.846,8293,8178,8062,
338.859,8291,8178,8065,
338.869,8288,8178,8068,
338.881,8285,8178,8070,
338.888,8285,8178,8073,
338.9,8283,8178,8075,
338.908,8283,8178,8073,
338.919,8283,8178,8073,
338.931,8283,8178,8073,
338.939,8293,8178,8062,
338.95,8329,8181,8024,
338.959,8301,8178,8062,
338.967,8283,8178,8080,
338.979,8283,8178,8078,
338.989,8283,8178,8080,
338.999,8279,8175,8083,
339.008,8276,8178,8083,
339.019,8273,8178,8089,
339.027,8273,8178,8087,
339.036,8271,8178,8089,
339.05,8268,8178,8089,
339.058,8268,8178,8089,
339.068,8265,8178,8093,
339.08,8265,8178,8095,
339.088,8263,8178,8098,
339.099,8260,8175,8098,
339.107,8260,8178,8100,
339.12,8260,8175,8100,
339.128,8257,8178,8103,
339.141,8263,8178,8095,
339.149,8283,8178,8068,
339.158,8265,8178,8087,
339.17,8249,8178,8113,
339.179,8244,8178,8113,
339.188,8244,8178,8116,
339.198,8238,8178,8121,
339.207,8233,8178,8124,
339.219,8230,8178,8126,
339.231,8227,8178,8129,
339.237,8225,8178,8131,
339.248,8222,8178,8134,
339.258,8219,8178,8139,
339.268,8217,8178,8142,
339.277,8211,8178,8142,
339.289,8208,8178,8147,
339.299,8203,8178,8152,
339.307,8195,8178,8157,
339.318,8188,8178,8161,
339.329,8182,8178,8169,
339.338,8177,8178,8174,
339.35,8168,8181,8182,
339.359,8166,8178,8187,
339.368,8158,8178,8198,
339.379,8150,8181,8205,
339.39,8131,8181,8221,
339.399,8114,8181,8238,
339.41,8101,8183,8251,
339.419,8085,8183,8266,
339.429,8069,8183,8279,
339.438,8053,8183,8295,
339.449,8039,8186,8309,
339.459,8020,8186,8316,
339.469,8009,8193,8326,
339.478,7988,8191,8342,
339.486,7983,8193,8352,
339.498,7978,8193,8360,
339.509,7967,8204,8368,
339.519,7953,8199,8373,
339.528,7951,8196,8382,
339.537,7918,8193,8411,
339.549,7867,8183,8482,
339.557,7915,8206,8421,
339.568,7915,8196,8418,
339.577,7926,8201,8406,
339.586,7912,8204,8411,
339.599,7918,8206,8413,
339.608,7906,8204,8418,
339.618,7906,8201,8421,
339.626,7904,8209,8424,
339.639,7906,8204,8431,
339.649,7889,8209,8436,
339.657,7901,8217,8436,
339.666,7884,8206,8444,
339.678,7878,8214,8447,
339.688,7878,8206,8444,
339.697,7881,8209,8447,
339.709,7870,8204,8454,
339.717,7875,8214,8456,
339.727,7859,8204,8456,
339.74,7820,8193,8492,
339.747,7765,8199,8587,
339.758,7815,8214,8510,
339.768,7843,8222,8477,
339.777,7867,8206,8467,
339.789,7857,8219,8456,
339.8,7865,8219,8459,
339.807,7862,8212,8459,
339.817,7865,8214,8459,
339.826,7862,8212,8464,
339.835,7857,8209,8459,
339.847,7867,8214,8456,
339.858,7865,8209,8462,
339.867,7862,8219,8462,
339.876,7862,8214,8464,
339.889,7873,8209,8464,
339.899,7862,8212,8467,
339.909,7857,8206,8472,
339.918,7846,8204,8474,
339.929,7838,8201,8482,
339.939,7771,8196,8559,
339.948,7726,8199,8625,
339.957,7771,8217,8574,
339.967,7827,8224,8500,
339.978,7851,8206,8469,
339.987,7857,8206,8472,
339.996,7854,8212,8469,
340.007,7865,8214,8462,
340.018,7862,8214,8464,
340.027,7865,8219,8459,
340.038,7870,8212,8456,
340.046,7873,8217,8449,
340.059,7865,8206,8454,
340.067,7886,8230,8447,
340.079,7884,8217,8444,
340.087,7873,8209,8439,
340.095,7884,8217,8439,
340.106,7886,8206,8434,
340.119,7886,8209,8431,
340.127,7881,8204,8431,
340.136,7862,8199,8459,
340.149,7801,8191,8541,
340.157,7870,8212,8469,
340.168,7893,8209,8434,
340.176,7895,8201,8421,
340.186,7906,8212,8418,
340.197,7904,8206,8416,
340.209,7904,8206,8416,
340.215,7912,8209,8413,
340.228,7906,8204,8411,
340.237,7909,8209,8408,
340.247,7921,8214,8403,
340.256,7921,8209,8403,
340.267,7923,8199,8406,
340.276,7932,8201,8398,
340.286,7934,8204,8395,
340.297,7942,8204,8393,
340.308,7934,8199,8388,
340.317,7948,8204,8388,
340.327,7942,8199,8388,
340.336,7889,8186,8444,
340.348,7870,8193,8467,
340.355,7915,8204,8421,
340.367,7948,8193,8382,
340.376,7956,8196,8373,
340.388,7970,8199,8368,
340.398,7964,8191,8365,
340.408,7975,8201,8360,
340.417,7980,8193,8355,
340.426,7983,8193,8355,
340.438,7986,8196,8347,
340.448,7988,8196,8344,
340.458,7995,8196,8342,
340.465,8000,8188,8334,
340.477,8007,8193,8332,
340.488,8015,8188,8326,
340.498,8020,8191,8321,
340.507,8028,8188,8314,
340.517,8037,8188,8309,
340.526,8042,8188,8305,
340.538,8020,8183,8319,
340.546,8020,8186,8321,
340.555,8064,8188,8295,
340.565,8077,8186,8269,
340.578,8088,8183,8261,
340.587,8101,8183,8256,
340.597,8109,8183,8246,
340.606,8114,8183,8238,
340.616,8122,8181,8231,
340.627,8133,8181,8223,
340.635,8139,8183,8218,
340.644,8144,8178,8213,
340.656,8152,8178,8205,
340.666,8160,8178,8198,
340.677,8166,8178,8190,
340.686,8174,8178,8185,
340.696,8177,8178,8180,
340.709,8177,8178,8177,
340.715,8179,8178,8177,
340.726,8179,8175,8174,
340.736,8182,8178,8174,
340.748,8198,8175,8142,
340.758,8203,8178,8157,
340.764,8206,8178,8152,
340.777,8211,8178,8149,
340.787,8217,8178,8142,
340.797,8227,8178,8131,
340.807,8235,8178,8124,
340.815,8246,8175,8113,
340.826,8254,8178,8106,
340.837,8265,8178,8098,
340.846,8276,8178,8087,
340.857,8283,8178,8075,
340.865,8291,8178,8068,
340.877,8299,8178,8060,
340.887,8310,8178,8052,
340.895,8315,8178,8045,
340.908,8326,8178,8037,
340.914,8334,8178,8029,
340.928,8347,8178,8018,
340.934,8379,8178,7983,
340.947,8433,8178,7925,
340.956,8398,8181,7973,
340.966,8369,8175,7996,
340.978,8372,8178,7994,
340.986,8382,8178,7991,
340.996,8385,8178,7986,
341.007,8390,8178,7981,
341.017,8390,8178,7981,
341.025,8393,8178,7981,
341.034,8398,8178,7976,
341.045,8396,8178,7978,
341.058,8398,8175,7978,
341.064,8401,8178,7976,
341.074,8398,8175,7973,
341.085,8398,8178,7971,
341.098,8401,8178,7976,
341.105,8401,8178,7976,
341.115,8401,8178,7973,
341.125,8404,8178,7971,
341.136,8431,8175,7950,
341.145,8492,8178,7872,
341.154,8479,8178,7884,
341.165,8417,8178,7960,
341.176,8404,8178,7973,
341.185,8401,8178,7971,
341.196,8401,8178,7973,
341.204,8398,8178,7971,
341.215,8398,8178,7973,
341.226,8396,8175,7976,
341.233,8396,8175,7978,
341.244,8393,8178,7976,
341.255,8396,8178,7976,
341.267,8396,8178,7973,
341.275,8398,8175,7973,
341.284,8398,8175,7973,
341.295,8398,8178,7976,
341.308,8398,8175,7976,
341.314,8396,8178,7976,
341.325,8393,8178,7973,
341.334,8414,8178,7953,
341.345,8479,8175,7879,
341.354,8433,8178,7934,
341.365,8404,8175,7973,
341.376,8393,8178,7978,
341.386,8387,8178,7981,
341.396,8385,8178,7986,
341.405,8387,8178,7989,
341.417,8385,8178,7989,
341.425,8382,8178,7994,
341.439,8377,8178,7994,
341.445,8379,8178,7991,
341.456,8372,8175,7994,
341.467,8372,8175,7991,
341.475,8366,8178,8001,
341.485,8364,8178,8001,
341.495,8364,8175,8001,
341.504,8361,8178,8001,
341.516,8358,8178,8008,
341.527,8361,8178,8008,
341.535,8372,8178,7989,
341.544,8428,8178,7931,
341.556,8412,8181,7958,
341.566,8364,8175,7999,
341.575,8350,8178,8018,
341.585,8350,8178,8013,
341.595,8347,8178,8015,
341.607,8347,8178,8018,
341.616,8347,8178,8018,
341.626,8347,8175,8021,
341.636,8345,8178,8021,
341.645,8345,8178,8024,
341.657,8347,8178,8024,
341.666,8345,8175,8024,
341.677,8345,8175,8024,
341.685,8345,8175,8021,
341.696,8342,8178,8027,
341.705,8342,8178,8024,
341.715,8339,8178,8027,
341.726,8342,8178,8024,
341.735,8377,8178,7986,
341.745,8420,8175,7936,
341.755,8393,8178,7976,
341.767,8339,8175,8027,
341.773,8334,8178,8029,
341.786,8331,8178,8034,
341.794,8326,8178,8034,
341.805,8323,8178,8037,
341.816,8320,8178,8042,
341.824,8320,8178,8037,
341.835,8320,8175,8039,
341.844,8318,8178,8045,
341.853,8315,8178,8045,
341.866,8315,8178,8047,
341.876,8312,8178,8047,
341.886,8310,8178,8050,
341.895,8310,8178,8050,
341.907,8307,8178,8055,
341.916,8304,8178,8055,
341.927,8307,8175,8052,
341.935,8320,8178,8042,
341.945,8353,8178,7996,
341.954,8337,8178,8029,
341.963,8310,8175,8052,
341.975,8304,8175,8055,
341.984,8301,8175,8060,
341.996,8301,8178,8057,
342.006,8301,8175,8062,
342.015,8296,8178,8060,
342.025,8296,8178,8065,
342.034,8296,8178,8065,
342.045,8293,8178,8065,
342.053,8291,8178,8068,
342.065,8288,8178,8070,
342.075,8288,8175,8070,
342.083,8285,8178,8073,
342.095,8283,8178,8073,
342.105,8283,8178,8073,
342.114,8283,8178,8075,
342.125,8283,8178,8075,
342.133,8293,8178,8065,
342.146,8323,8178,8032,
342.155,8299,8175,8068,
342.164,8283,8178,8075,
342.173,8279,8178,8078,
342.187,8276,8178,8080,
342.196,8276,8178,8083,
342.206,8276,8181,8080,
342.215,8273,8181,8083,
342.224,8273,8181,8089,
342.234,8271,8181,8089,
342.246,8271,8181,8093,
342.255,8268,8181,8089,
342.266,8268,8181,8093,
342.272,8268,8181,8093,
342.287,8271,8181,8095,
342.293,8268,8181,8095,
342.304,8265,8181,8098,
342.315,8265,8181,8098,
342.326,8265,8181,8100,
342.335,8271,8181,8093,
342.344,8288,8181,8068,
342.353,8263,8181,8098,
342.366,8249,8181,8113,
342.377,8246,8181,8118,
342.383,8244,8181,8118,
342.395,8241,8181,8124,
342.405,8235,8181,8126,
342.415,8233,8178,8129,
342.424,8225,8178,8134,
342.433,8219,8178,8139,
342.443,8211,8178,8147,
342.454,8200,8178,8154,
342.466,8188,8178,8167,
342.473,8177,8178,8174,
342.483,8168,8175,8182,
342.494,8163,8178,8190,
342.503,8136,8178,8243,
342.512,8133,8181,8218,
342.525,8122,8181,8231,
342.533,8101,8181,8248,
342.545,8072,8183,8284,
342.552,8077,8186,8277,
342.565,8066,8186,8279,
342.574,8058,8188,8290,
342.586,8050,8186,8297,
342.594,8039,8183,8305,
342.602,8020,8186,8311,
342.613,8015,8188,8321,
342.624,8003,8191,8332,
342.634,7998,8188,8339,
342.643,7988,8196,8350,
342.656,7980,8191,8355,
342.665,7972,8193,8362,
342.676,7970,8188,8370,
342.682,7961,8196,8375,
342.692,7951,8193,8385,
342.705,7956,8201,8385,
342.715,7937,8196,8393,
342.725,7934,8199,8398,
342.735,7904,8193,8426,
342.745,7840,8191,8487,
342.754,7893,8206,8442,
342.762,7895,8204,8421,
342.774,7906,8209,8426,
342.783,7906,8206,8424,
342.794,7901,8209,8431,
342.803,7904,8204,8429,
342.813,7904,8206,8434,
342.822,7901,8209,8434,
342.836,7884,8209,8439,
342.842,7893,8214,8436,
342.853,7878,8209,8442,
342.864,7886,8209,8439,
342.872,7884,8206,8442,
342.884,7901,8212,8442,
342.894,7886,8217,8442,
342.906,7889,8214,8442,
342.912,7881,8204,8444,
342.924,7867,8209,8449,
342.933,7827,8191,8487,
342.942,7776,8191,8571,
342.953,7781,8209,8548,
342.963,7870,8217,8464,
342.973,7865,8206,8454,
342.983,7878,8214,8447,
342.993,7875,8217,8449,
343.004,7878,8204,8449,
343.014,7884,8212,8447,
343.024,7870,8212,8454,
343.035,7867,8222,8456,
343.043,7884,8217,8447,
343.055,7875,8212,8449,
343.064,7870,8204,8447,
343.073,7865,8214,8447,
343.083,7873,8206,8449,
343.094,7875,8214,8447,
343.104,7875,8209,8444,
343.112,7878,8206,8442,
343.123,7884,8204,8444,
343.134,7809,8191,8522,
343.143,7787,8206,8561,
343.154,7809,8209,8528,
343.163,7870,8214,8467,
343.173,7884,8201,8444,
343.183,7893,8206,8436,
343.191,7889,8201,8434,
343.202,7906,8206,8434,
343.213,7893,8204,8434,
343.224,7895,8196,8429,
343.233,7898,8206,8421,
343.242,7898,8201,8424,
343.252,7906,8212,8416,
343.263,7912,8214,8413,
343.274,7909,8201,8411,
343.283,7915,8209,8411,
343.291,7921,8209,8411,
343.304,7915,8209,8411,
343.316,7926,8212,8408,
343.322,7918,8204,8411,
343.332,7884,8204,8439,
343.344,7838,8196,8495,
343.353,7859,8206,8487,
343.363,7909,8214,8421,
343.372,7926,8201,8398,
343.383,7934,8196,8395,
343.395,7948,8199,8388,
343.402,7948,8193,8388,
343.413,7951,8201,8385,
343.422,7948,8201,8378,
343.431,7956,8201,8373,
343.443,7959,8196,8370,
343.454,7961,8204,8373,
343.464,7964,8199,8365,
343.472,7978,8201,8362,
343.484,7975,8193,8357,
343.492,7970,8199,8357,
343.502,7983,8199,8352,
343.512,7983,8193,8352,
343.524,7983,8199,8352,
343.533,7964,8186,8378,
343.543,7921,8181,8431,
343.552,7972,8199,8368,
343.565,7986,8196,8357,
343.573,7995,8196,8350,
343.581,7991,8188,8342,
343.593,8000,8196,8339,
343.602,8000,8191,8339,
343.614,7998,8188,8334,
343.621,8007,8199,8334,
343.631,8015,8196,8329,
343.64,8018,8188,8321,
343.653,8023,8191,8321,
343.661,8026,8191,8314,
343.674,8037,8193,8309,
343.685,8047,8188,8297,
343.692,8061,8186,8290,
343.703,8069,8183,8277,
343.714,8077,8178,8269,
343.721,8094,8183,8256,
343.732,8092,8183,8256,
343.744,8088,8181,8266,
343.755,8109,8183,8243,
343.764,8136,8181,8223,
343.773,8144,8181,8208,
343.783,8152,8178,8203,
343.792,8160,8178,8195,
343.801,8168,8178,8187,
343.811,8177,8178,8180,
343.821,8179,8178,8174,
343.83,8182,8178,8172,
343.841,8179,8175,8172,
343.851,8185,8175,8169,
343.862,8188,8173,8161,
343.873,8208,8178,8147,
343.881,8214,8178,8142,
343.89,8219,8178,8136,
343.901,8227,8178,8129,
343.914,8233,8178,8124,
343.92,8238,8178,8121,
343.933,8252,8175,8108,
343.941,8279,8175,8073,
343.952,8271,8178,8093,
343.962,8271,8175,8093,
343.973,8276,8178,8083,
343.983,8283,8178,8078,
343.993,8288,8178,8070,
344.003,8299,8178,8065,
344.013,8307,8178,8055,
344.02,8315,8178,8045,
344.031,8323,8178,8039,
344.043,8329,8178,8037,
344.05,8334,8175,8029,
344.061,8342,8178,8024,
344.074,8347,8178,8024,
344.082,8350,8175,8018,
344.091,8350,8178,8015,
344.102,8356,8178,8013,
344.111,8356,8178,8013,
344.122,8361,8178,8004,
344.131,8379,8175,7986,
344.142,8436,8178,7920,
344.151,8417,8178,7953,
344.162,8379,8175,7991,
344.172,8366,8175,8001,
344.18,8364,8178,7999,
344.193,8366,8178,7996,
344.203,8369,8178,7996,
344.211,8369,8178,7996,
344.22,8372,8178,7989,
344.231,8377,8178,7989,
344.242,8372,8175,7989,
344.253,8382,8178,7986,
344.262,8387,8178,7989,
344.273,8390,8175,7986,
344.282,8393,8178,7981,
344.292,8393,8175,7978,
344.302,8390,8178,7981,
344.312,8393,8178,7978,
344.322,8396,8178,7978,
344.333,8420,8175,7950,
344.342,8484,8178,7872,
344.353,8468,8175,7894,
344.362,8412,8178,7965,
344.37,8398,8178,7973,
344.38,8393,8175,7981,
344.391,8393,8178,7978,
344.402,8387,8178,7981,
344.411,8387,8178,7981,
344.423,8390,8178,7981,
344.431,8385,8178,7983,
344.441,8387,8178,7978,
344.452,8390,8178,7981,
344.461,8385,8178,7986,
344.471,8382,8178,7986,
344.481,8385,8178,7989,
344.49,8382,8178,7983,
344.502,8382,8178,7989,
344.513,8382,8181,7986,
344.519,8385,8178,7989,
344.531,8406,8178,7953,
344.54,8471,8181,7886,
344.553,8447,8181,7917,
344.561,8390,8178,7983,
344.571,8385,8181,7989,
344.581,8379,8181,7989,
344.593,8377,8181,7994,
344.602,8372,8178,7991,
344.611,8372,8181,7994,
344.622,8377,8178,7991,
344.632,8369,8178,7994,
344.64,8369,8178,7996,
344.65,8366,8178,7999,
344.662,8369,8178,7999,
344.67,8366,8178,7996,
344.681,8361,8178,7999,
344.691,8361,8178,7999,
344.701,8358,8178,8004,
344.712,8358,8178,8008,
344.722,8361,8178,7999,
344.729,8390,8178,7976,
344.742,8444,8178,7915,
344.749,8396,8178,7973,
344.762,8356,8178,8004,
344.769,8353,8175,8010,
344.781,8350,8178,8013,
344.79,8350,8178,8015,
344.803,8345,8178,8021,
344.812,8345,8178,8021,
344.82,8345,8178,8021,
344.83,8337,8178,8027,
344.842,8339,8178,8024,
344.851,8337,8175,8029,
344.862,8334,8175,8032,
344.871,8331,8178,8032,
344.883,8331,8175,8034,
344.893,8334,8178,8032,
344.902,8334,8178,8032,
344.913,8329,8178,8037,
344.921,8331,8178,8032,
344.933,8342,8178,8018,
344.941,8382,8178,7978,
344.95,8345,8178,8015,
344.962,8323,8178,8039,
344.97,8318,8178,8047,
344.98,8315,8175,8047,
344.989,8310,8175,8050,
345.003,8310,8178,8050,
345.011,8307,8175,8050,
345.02,8304,8178,8055,
345.028,8307,8178,8055,
345.041,8304,8181,8055,
345.052,8304,8181,8057,
345.061,8301,8181,8055,
345.069,8301,8181,8057,
345.082,8301,8181,8057,
345.092,8301,8181,8060,
345.102,8299,8181,8060,
345.111,8299,8181,8062,
345.12,8299,8181,8062,
345.131,8310,8181,8047,
345.141,8345,8178,8004,
345.15,8312,8175,8045,
345.161,8296,8178,8068,
345.172,8288,8178,8070,
345.181,8288,8178,8068,
345.191,8285,8178,8070,
345.198,8285,8178,8073,
345.211,8285,8175,8075,
345.223,8283,8178,8075,
345.229,8283,8178,8075,
345.239,8283,8178,8078,
345.249,8283,8181,8078,
345.262,8283,8181,8080,
345.271,8283,8181,8080,
345.28,8279,8181,8083,
345.291,8276,8181,8083,
345.301,8276,8181,8087,
345.31,8276,8181,8089,
345.333,8273,8181,8089,
345.334,8283,8181,8080,
345.339,8307,8181,8047,
345.35,8293,8183,8065,
345.362,8271,8181,8089,
345.369,8268,8181,8095,
345.382,8268,8181,8095,
345.39,8263,8181,8098,
345.4,8263,8181,8098,
345.409,8260,8181,8103,
345.42,8257,8181,8103,
345.43,8257,8181,8106,
345.442,8254,8178,8103,
345.452,8254,8181,8108,
345.461,8252,8178,8108,
345.471,8249,8178,8111,
345.479,8249,8178,8113,
345.492,8246,8178,8113,
345.499,8246,8178,8116,
345.51,8241,8178,8121,
345.522,8235,8178,8124,
345.53,8238,8178,8118,
345.539,8252,8178,8106,
345.549,8235,8175,8124,
345.559,8217,8178,8139,
345.57,8211,8178,8144,
345.578,8203,8178,8152,
345.59,8195,8175,8161,
345.599,8182,8178,8169,
345.61,8174,8178,8180,
345.619,8168,8178,8185,
345.631,8163,8178,8192,
345.64,8136,8178,8241,
345.651,8128,8181,8221,
345.659,8122,8181,8235,
345.67,8112,8183,8243,
345.679,8097,8181,8256,
345.691,8083,8181,8269,
345.703,8072,8186,8279,
345.709,8061,8186,8290,
345.72,8055,8183,8300,
345.73,8026,8183,8319,
345.741,7980,8183,8365,
345.749,8009,8193,8339,
345.76,8003,8196,8342,
345.769,8000,8193,8339,
345.778,7988,8196,8347,
345.791,7991,8188,8352,
345.797,7980,8186,8360,
345.808,7972,8196,8362,
345.819,7959,8196,8370,
345.83,7961,8199,8373,
345.841,7948,8196,8375,
345.849,7953,8193,8385,
345.857,7945,8199,8385,
345.87,7942,8199,8388,
345.882,7940,8199,8393,
345.89,7934,8204,8395,
345.899,7932,8199,8403,
345.91,7929,8199,8403,
345.919,7912,8204,8413,
345.93,7881,8191,8444,
345.941,7824,8193,8524,
345.952,7832,8204,8505,
345.96,7881,8212,8444,
345.969,7901,8188,8429,
345.98,7893,8206,8429,
345.991,7912,8209,8429,
346,7893,8212,8431,
346.009,7884,8206,8434,
346.019,7886,8209,8434,
346.027,7889,8212,8434,
346.038,7881,8212,8436,
346.049,7881,8214,8434,
346.062,7881,8209,8439,
346.068,7889,8204,8434,
346.079,7884,8206,8442,
346.089,7884,8212,8439,
346.101,7889,8212,8439,
346.109,7884,8206,8436,
346.118,7881,8204,8442,
346.129,7843,8201,8482,
346.139,7796,8199,8564,
346.15,7796,8212,8543,
346.158,7851,8219,8464,
346.169,7884,8212,8447,
346.18,7873,8214,8454,
346.19,7881,8214,8442,
346.199,7886,8204,8439,
346.21,7878,8209,8444,
346.218,7867,8212,8444,
346.229,7881,8217,8442,
346.238,7881,8206,8449,
346.25,7884,8212,8444,
346.259,7881,8204,8447,
346.268,7878,8206,8444,
346.279,7881,8217,8447,
346.289,7889,8204,8444,
346.299,7889,8214,8444,
346.31,7884,8199,8439,
346.318,7895,8209,8444,
346.329,7838,8201,8482,
346.338,7787,8201,8569,
346.348,7793,8204,8559,
346.358,7867,8222,8462,
346.368,7884,8212,8439,
346.379,7889,8199,8434,
346.389,7904,8212,8439,
346.399,7884,8206,8431,
346.41,7893,8204,8431,
346.418,7904,8209,8426,
346.429,7906,8206,8421,
346.439,7918,8209,8418,
346.447,7904,8206,8416,
346.458,7915,8209,8418,
346.469,7906,8204,8411,
346.479,7912,8212,8411,
346.488,7904,8204,8408,
346.498,7921,8206,8408,
346.508,7906,8199,8403,
346.518,7929,8201,8403,
346.529,7904,8188,8431,
346.54,7843,8199,8505,
346.549,7898,8206,8436,
346.56,7937,8206,8408,
346.568,7932,8196,8393,
346.58,7945,8201,8390,
346.59,7951,8201,8385,
346.599,7953,8199,8388,
346.609,7959,8196,8378,
346.618,7961,8199,8378,
346.63,7961,8201,8373,
346.639,7961,8201,8365,
346.648,7972,8204,8362,
346.657,7970,8201,8360,
346.67,7980,8196,8357,
346.679,7988,8196,8350,
346.688,7991,8193,8347,
346.7,7995,8191,8342,
346.708,7998,8199,8337,
346.717,8000,8193,8337,
346.728,7964,8181,8370,
346.737,7951,8186,8393,
346.748,7991,8196,8355,
346.76,8009,8188,8332,
346.769,8015,8191,8319,
346.778,8023,8188,8316,
346.789,8034,8191,8314,
346.799,8037,8188,8309,
346.807,8042,8191,8302,
346.818,8047,8188,8297,
346.827,8055,8186,8290,
346.839,8061,8188,8287,
346.85,8072,8183,8279,
346.856,8074,8183,8269,
346.867,8092,8181,8264,
346.878,8097,8183,8256,
346.889,8109,8183,8248,
346.898,8114,8183,8241,
346.908,8122,8181,8235,
346.919,8131,8181,8226,
346.927,8128,8178,8228,
346.938,8136,8178,8223,
346.946,8150,8181,8208,
346.957,8155,8175,8195,
346.969,8166,8178,8190,
346.979,8171,8178,8185,
346.989,8174,8175,8180,
346.999,8177,8175,8177,
347.009,8182,8178,8174,
347.02,8182,8178,8172,
347.027,8182,8178,8169,
347.041,8200,8175,8154,
347.049,8203,8181,8161,
347.057,8206,8178,8154,
347.068,8214,8178,8147,
347.078,8219,8178,8139,
347.09,8230,8178,8131,
347.098,8235,8175,8126,
347.109,8241,8178,8118,
347.119,8249,8178,8113,
347.128,8260,8178,8100,
347.139,8291,8175,8065,
347.148,8283,8175,8075,
347.157,8276,8178,8087,
347.168,8276,8175,8080,
347.177,8283,8175,8078,
347.188,8285,8175,8073,
347.197,8291,8178,8068,
347.208,8299,8175,8062,
347.217,8304,8178,8057,
347.228,8310,8178,8052,
347.238,8318,8178,8047,
347.246,8326,8178,8039,
347.259,8331,8178,8034,
347.266,8337,8175,8024,
347.277,8345,8175,8018,
347.285,8347,8175,8018,
347.298,8353,8178,8008,
347.309,8356,8178,8004,
347.317,8366,8178,7994,
347.325,8398,8178,7968,
347.337,8458,8175,7897,
347.347,8414,8178,7955,
347.356,8387,8173,7981,
347.369,8382,8178,7989,
347.375,8382,8178,7983,
347.387,8382,8178,7983,
347.41,8385,8175,7983,
347.411,8385,8178,7978,
347.416,8385,8178,7978,
347.427,8385,8175,7981,
347.439,8385,8181,7983,
347.448,8387,8178,7981,
347.457,8387,8178,7983,
347.468,8387,8178,7981,
347.478,8390,8178,7978,
347.488,8393,8175,7981,
347.499,8387,8175,7983,
347.508,8390,8178,7978,
347.518,8393,8178,7978,
347.528,8412,8178,7955,
347.54,8479,8178,7875,
347.548,8433,8178,7936,
347.557,8404,8178,7965,
347.566,8396,8175,7973,
347.579,8393,8175,7978,
347.588,8398,8178,7976,
347.599,8398,8178,7971,
347.607,8396,8178,7971,
347.616,8398,8178,7971,
347.627,8396,8175,7976,
347.636,8398,8178,7976,
347.65,8396,8175,7973,
347.657,8396,8178,7973,
347.668,8393,8175,7981,
347.675,8393,8178,7976,
347.688,8393,8175,7981,
347.7,8393,8175,7978,
347.706,8393,8178,7981,
347.716,8393,8178,7981,
347.728,8412,8178,7960,
347.737,8479,8178,7884,
347.748,8455,8181,7915,
347.755,8406,8175,7971,
347.769,8396,8175,7981,
347.776,8390,8175,7978,
347.788,8387,8178,7983,
347.797,8390,8178,7981,
347.806,8385,8178,7986,
347.818,8385,8178,7986,
347.827,8382,8178,7991,
347.835,8382,8178,7989,
347.848,8377,8178,7989,
347.855,8372,8175,7996,
347.869,8369,8178,7996,
347.879,8364,8178,7994,
347.886,8366,8178,7999,
347.897,8369,8175,7999,
347.907,8364,8181,7999,
347.919,8369,8175,7994,
347.926,8393,8178,7971,
347.936,8450,8175,7902,
347.948,8404,8178,7968,
347.957,8364,8178,8001,
347.967,8358,8178,8001,
347.978,8356,8175,8008,
347.989,8356,8178,8008,
347.999,8353,8178,8004,
348.007,8350,8178,8013,
348.015,8350,8175,8010,
348.027,8350,8178,8018,
348.038,8350,8178,8015,
348.048,8347,8178,8018,
348.06,8347,8178,8018,
348.066,8345,8178,8021,
348.077,8342,8178,8021,
348.089,8342,8175,8027,
348.097,8342,8175,8027,
348.107,8339,8178,8027,
348.117,8342,8178,8021,
348.128,8366,8178,7991,
348.139,8414,8178,7941,
348.146,8393,8181,7976,
348.157,8339,8175,8027,
348.166,8331,8178,8034,
348.176,8331,8178,8032,
348.185,8329,8178,8037,
348.197,8329,8178,8034,
348.208,8326,8178,8039,
348.217,8323,8175,8039,
348.227,8326,8178,8037,
348.236,8326,8178,8039,
348.247,8320,8178,8045,
348.255,8318,8178,8045,
348.266,8320,8178,8042,
348.274,8315,8178,8050,
348.285,8315,8178,8047,
348.298,8318,8178,8050,
348.305,8315,8178,8050,
348.316,8315,8178,8050,
348.327,8326,8178,8037,
348.336,8366,8175,7989,
348.348,8347,8181,8015,
348.356,8312,8178,8050,
348.367,8307,8178,8055,
348.375,8304,8178,8057,
348.386,8304,8178,8060,
348.395,8301,8178,8057,
348.43,8299,8175,8062,
348.431,8301,8178,8060,
348.432,8301,8178,8060,
348.437,8299,8178,8062,
348.448,8299,8178,8062,
348.456,8296,8178,8065,
348.467,8293,8178,8068,
348.476,8293,8178,8068,
348.486,8291,8178,8070,
348.495,8291,8175,8070,
348.505,8288,8178,8070,
-1.5,0,0,0,
-1.5,0,0,0,
-1.5,0,0,0,
-1.5,0,0,0,
-1.5,0,0,0,
-1.5,0,0,0,
-1.5,0,0,0,
-1.5,0,0,0,
-1.5,0,0,0,
-1.5,0,0,0,
-1.5,0,0,0,
-1.5,0,0,0,
-1.5,0,0,0,
-1.5,0,0,0,
-1.5,0,0,0,
-1.5,0,0,0,
-1.5,0,0,0,
-1.5,0,0,0,
-1.5,0,0,0,
-1.5,0,0,0,
-1.5,0,0,0,
-1.5,0,0,0,
-1.5,0,0,0,
-1.5,0,0,0,
-1.5,0,0,0,
-1.5,0,0,0,
-1.5,0,0,0,
-1.5,0,0,0,
-1.5,0,0,0,
-1.5,0,0,0,
-1.5,0,0,0,
-1.5,0,0,0,
-1.5,0,0,0,
-1.5,0,0,0,
-1.5,0,0,0,
-1.5,0,0,0,
-1.5,0,0,0,
-1.5,0,0,0,
-1.5,0,0,0,
-1.5,0,0,0,
-1.5,0,0,0,
-1.5,0,0,0,
-1.5,0,0,0,
-1.5,0,0,0,
-1.5,0,0,0,
-1.5,0,0,0,
-1.5,0,0,0,
-1.5,0,0,0,
-1.5,0,0,0,
-1.5,0,0,0,
-1.5,0,0,0,
-1.5,0,0,0,
-1.5,0,0,0,
-1.5,0,0,0,
-1.5,0,0,0,
-1.5,0,0,0,
-1.5,0,0,0,
-1.5,0,0,0,
-1.5,0,0,0,
-1.5,0,0,0,
-1.5,0,0,0,
-1.5,0,0,0,
-1.5,0,0,0,
-1.5,0,0,0,
-1.5,0,0,0,
-1.5,0,0,0,
-1.5,0,0,0,
-1.5,0,0,0,
-1.5,0,0,0,
-1.5,0,0,0,
-1.5,0,0,0,
-1.5,0,0,0,
-1.5,0,0,0,
-1.5,0,0,0,
-1.5,0,0,0,
-1.5,0,0,0,
-1.5,0,0,0,
-1.5,0,0,0,
-1.5,0,0,0,
-1.5,0,0,0,
-1.5,0,0,0,
-1.5,0,0,0,
-1.5,0,0,0,
-1.5,0,0,0,
-1.5,0,0,0,
-1.5,0,0,0,
-1.5,0,0,0,
-1.5,0,0,0,
-1.5,0,0,0,
-1.5,0,0,0,
-1.5,0,0,0,
-1.5,0,0,0,
-1.5,0,0,0,
-1.5,0,0,0,
-1.5,0,0,0,
-1.5,0,0,0,
-1.5,0,0,0,
-1.5,0,0,0,
-1.5,0,0,0,
-1.5,0,0,0,
