Time [s],Gauge Pressure,Inspiratory Differential Pressure ,Expiratory Differential Pressure ,StartTime
0,8198,8183,8185,13:07:22
0,8195,8183,8185,
0.0289999999999999,8195,8181,8185,
0.0309999999999988,8198,8183,8185,
0.0399999999999991,8198,8183,8185,
0.0440000000000005,8198,8181,8185,
0.0459999999999994,8195,8178,8185,
0.0539999999999985,8195,8178,8185,
0.0650000000000013,8195,8178,8185,
0.0719999999999992,8200,8181,8185,
0.0809999999999995,8203,8178,8185,
0.0919999999999987,8208,8178,8185,
0.102,8208,8178,8185,
0.114000000000001,8203,8178,8185,
0.122,8200,8178,8182,
0.132000000000001,8192,8178,8185,
0.141000000000002,8185,8178,8180,
0.149999999999999,8182,8183,8180,
0.158999999999999,8182,8181,8180,
0.172000000000001,8182,8183,8182,
0.183,8174,8173,8172,
0.192,8174,8173,8172,
0.202000000000002,8174,8168,8172,
0.212,8174,8173,8174,
0.224,8174,8175,8174,
0.23,8174,8173,8172,
0.239999999999998,8177,8173,8177,
0.251999999999999,8174,8173,8174,
0.260999999999999,8174,8173,8174,
0.271999999999998,8174,8173,8174,
0.280000000000001,8174,8173,8177,
0.292000000000002,8174,8173,8174,
0.300999999999998,8174,8173,8174,
0.311,8174,8173,8177,
0.32,8174,8173,8174,
0.332000000000001,8174,8173,8174,
0.343,8174,8173,8174,
0.353000000000002,8174,8173,8174,
0.361000000000001,8174,8173,8174,
0.370999999999999,8174,8173,8177,
0.379999999999999,8171,8173,8177,
0.391999999999999,8174,8173,8177,
0.399999999999999,8174,8173,8174,
0.411999999999999,8174,8175,8174,
0.422000000000001,8171,8173,8177,
0.431000000000001,8171,8170,8177,
0.442,8171,8173,8174,
0.452999999999999,8171,8173,8177,
0.460999999999999,8171,8170,8177,
0.472000000000001,8171,8173,8174,
0.483000000000001,8171,8173,8174,
0.494,8171,8173,8174,
0.501000000000001,8171,8173,8174,
0.512,8171,8173,8174,
0.524999999999999,8171,8173,8174,
0.530000000000001,8174,8173,8174,
0.542000000000002,8177,8173,8174,
0.552,8174,8173,8174,
0.561,8174,8173,8174,
0.571999999999999,8174,8173,8174,
0.582000000000001,8171,8173,8174,
0.591999999999999,8174,8173,8174,
0.600999999999999,8171,8173,8174,
0.609999999999999,8174,8170,8177,
0.622,8168,8173,8174,
0.632000000000001,8171,8175,8177,
0.638999999999999,8171,8173,8177,
0.649999999999999,8168,8173,8180,
0.658999999999999,8171,8173,8177,
0.672000000000001,8168,8173,8180,
0.681000000000001,8168,8173,8180,
0.690999999999999,8168,8173,8180,
0.699999999999999,8168,8173,8177,
0.709,8168,8173,8180,
0.722000000000001,8171,8173,8180,
0.731999999999999,8171,8173,8180,
0.741,8171,8173,8180,
0.751000000000001,8168,8173,8180,
0.760000000000002,8166,8173,8180,
0.771000000000001,8163,8173,8180,
0.782,8160,8173,8177,
0.791,8158,8173,8180,
0.798999999999999,8150,8173,8177,
0.809999999999999,8136,8175,8177,
0.821999999999999,8139,8175,8174,
0.829999999999998,8160,8173,8180,
0.841000000000001,8160,8175,8177,
0.850000000000001,8158,8173,8177,
0.861000000000001,8158,8173,8177,
0.870000000000001,8158,8173,8177,
0.882000000000001,8155,8173,8180,
0.890999999999998,8141,8175,8177,
0.902000000000001,8122,8175,8180,
0.91,8112,8178,8180,
0.920999999999999,8101,8178,8177,
0.931999999999999,8088,8175,8177,
0.942,8077,8178,8180,
0.952000000000002,8072,8181,8177,
0.960999999999999,8064,8181,8180,
0.969999999999999,8058,8178,8180,
0.981000000000002,8050,8181,8180,
0.992000000000001,8031,8178,8177,
0.998000000000001,8007,8175,8177,
1.012,8031,8186,8177,
1.019,8020,8186,8180,
1.031,8020,8183,8180,
1.041,8018,8183,8177,
1.05,8009,8191,8177,
1.061,8003,8186,8177,
1.069,8000,8186,8174,
1.08,7991,8186,8174,
1.093,7995,8186,8177,
1.099,7986,8188,8177,
1.11,7986,8196,8177,
1.121,7975,8193,8177,
1.13,7986,8186,8174,
1.138,7978,8196,8174,
1.151,7978,8183,8177,
1.161,7978,8186,8174,
1.171,7972,8193,8174,
1.18,7975,8193,8174,
1.192,7951,8183,8177,
1.201,7915,8183,8180,
1.21,7951,8193,8177,
1.219,7953,8196,8174,
1.231,7964,8199,8177,
1.241,7959,8193,8177,
1.251,7964,8193,8174,
1.261,7953,8201,8177,
1.27,7959,8201,8174,
1.281,7953,8188,8174,
1.29,7945,8193,8174,
1.299,7951,8199,8174,
1.312,7959,8196,8174,
1.321,7967,8191,8177,
1.331,7978,8196,8174,
1.34,7964,8193,8174,
1.349,7970,8193,8174,
1.361,7980,8191,8174,
1.37,7995,8193,8174,
1.38,8003,8188,8174,
1.39,7986,8188,8174,
1.4,7951,8186,8172,
1.409,7991,8196,8174,
1.419,7986,8191,8177,
1.43,7991,8191,8177,
1.439,7991,8193,8174,
1.451,7995,8191,8174,
1.461,7991,8191,8177,
1.471,7995,8196,8174,
1.481,7995,8188,8177,
1.49,7991,8193,8177,
1.502,8000,8191,8180,
1.51,8000,8188,8177,
1.519,8003,8183,8180,
1.531,8000,8191,8177,
1.542,7991,8188,8180,
1.549,7986,8183,8177,
1.558,7991,8186,8177,
1.569,8000,8191,8177,
1.583,8012,8183,8174,
1.59,8007,8181,8174,
1.6,7995,8181,8180,
1.61,8042,8186,8177,
1.621,8061,8186,8177,
1.631,8069,8183,8177,
1.64,8077,8183,8174,
1.648,8069,8181,8177,
1.659,8053,8183,8177,
1.671,8034,8181,8177,
1.68,8012,8188,8174,
1.689,7998,8191,8174,
1.701,7980,8196,8174,
1.71,7975,8193,8174,
1.719,7956,8199,8174,
1.729,7951,8188,8177,
1.741,7948,8196,8177,
1.75,7940,8196,8174,
1.761,7923,8199,8177,
1.769,7912,8196,8174,
1.78,7886,8204,8177,
1.79,7843,8201,8174,
1.803,7824,8196,8172,
1.808,7862,8204,8182,
1.817,7884,8204,8174,
1.831,7884,8212,8172,
1.84,7904,8212,8174,
1.848,7915,8209,8177,
1.86,7915,8199,8177,
1.87,7909,8196,8177,
1.88,7929,8201,8174,
1.891,7923,8201,8177,
1.899,7923,8196,8174,
1.909,7945,8201,8177,
1.919,7929,8193,8177,
1.93,7948,8193,8174,
1.94,7948,8199,8174,
1.948,7964,8196,8174,
1.959,7951,8199,8177,
1.968,7951,8201,8174,
1.979,7932,8193,8174,
1.988,7912,8196,8177,
1.999,7870,8188,8177,
2.01,7895,8196,8180,
2.02,7918,8201,8174,
2.029,7926,8201,8177,
2.039,7932,8206,8177,
2.049,7926,8201,8174,
2.059,7932,8196,8174,
2.071,7937,8196,8177,
2.08,7934,8201,8174,
2.09,7932,8196,8174,
2.101,7934,8199,8177,
2.11,7923,8193,8174,
2.118,7937,8206,8174,
2.129,7932,8204,8177,
2.139,7926,8191,8174,
2.149,7934,8196,8174,
2.158,7937,8199,8174,
2.171,7940,8201,8174,
2.179,7940,8196,8174,
2.188,7921,8196,8174,
2.199,7881,8181,8174,
2.209,7940,8204,8174,
2.219,7937,8206,8177,
2.231,7940,8199,8174,
2.237,7934,8196,8174,
2.248,7953,8193,8177,
2.257,7953,8188,8177,
2.27,7961,8193,8174,
2.279,7964,8199,8174,
2.289,7959,8196,8174,
2.299,7961,8193,8177,
2.311,7956,8191,8177,
2.319,7956,8196,8180,
2.329,7940,8204,8177,
2.339,7951,8196,8180,
2.351,7940,8196,8180,
2.363,7942,8196,8180,
2.368,7951,8193,8177,
2.379,7953,8201,8180,
2.391,7926,8191,8177,
2.401,7893,8181,8177,
2.409,7937,8199,8172,
2.421,7932,8196,8180,
2.428,7929,8193,8174,
2.439,7929,8201,8174,
2.448,7934,8199,8174,
2.46,7923,8196,8174,
2.468,7926,8214,8174,
2.479,7923,8201,8177,
2.488,7929,8199,8174,
2.5,7932,8191,8174,
2.509,7932,8196,8174,
2.518,7934,8199,8177,
2.527,7942,8196,8177,
2.54,7942,8193,8174,
2.549,7932,8201,8177,
2.558,7923,8193,8177,
2.568,7921,8196,8177,
2.579,7918,8199,8174,
2.59,7878,8191,8174,
2.601,7829,8181,8180,
2.61,7870,8209,8180,
2.618,7857,8199,8177,
2.628,7843,8204,8174,
2.637,7851,8214,8177,
2.648,7846,8206,8177,
2.656,7835,8199,8174,
2.668,7827,8224,8174,
2.68,7835,8214,8174,
2.69,7820,8212,8172,
2.698,7832,8219,8174,
2.708,7824,8214,8174,
2.717,7809,8217,8172,
2.727,7812,8206,8174,
2.739,7809,8219,8174,
2.748,7820,8206,8172,
2.76,7799,8214,8174,
2.768,7812,8217,8174,
2.78,7791,8212,8174,
2.787,7760,8206,8174,
2.799,7705,8191,8174,
2.809,7752,8206,8174,
2.818,7771,8219,8182,
2.828,7793,8214,8172,
2.838,7804,8217,8174,
2.849,7804,8201,8177,
2.859,7812,8204,8177,
2.87,7827,8214,8180,
2.878,7840,8217,8177,
2.888,7848,8206,8174,
2.898,7865,8209,8169,
2.908,7895,8206,8177,
2.915,7886,8199,8177,
2.926,7906,8204,8177,
2.938,7904,8214,8180,
2.95,7915,8209,8180,
2.958,7906,8201,8177,
2.968,7915,8199,8180,
2.979,7912,8206,8177,
2.991,7875,8196,8174,
3,7851,8183,8180,
3.008,7889,8199,8177,
3.018,7921,8206,8180,
3.028,7932,8201,8180,
3.038,7937,8196,8177,
3.047,7959,8193,8180,
3.057,7978,8191,8177,
3.069,7991,8188,8180,
3.077,7995,8191,8177,
3.087,8015,8186,8180,
3.098,8020,8186,8180,
3.118,8028,8186,8177,
3.119,8037,8183,8174,
3.127,8045,8186,8174,
3.137,8047,8183,8177,
3.148,8047,8183,8174,
3.159,8039,8183,8174,
3.168,8039,8183,8177,
3.176,8042,8186,8174,
3.187,8047,8181,8177,
3.196,8039,8175,8177,
3.208,8072,8181,8174,
3.218,8083,8181,8174,
3.227,8083,8181,8177,
3.236,8085,8178,8174,
3.248,8094,8178,8174,
3.258,8103,8178,8174,
3.268,8109,8178,8174,
3.276,8112,8178,8174,
3.288,8112,8175,8174,
3.296,8109,8178,8174,
3.306,8109,8178,8174,
3.317,8106,8181,8177,
3.328,8112,8175,8180,
3.337,8120,8175,8177,
3.344,8133,8173,8177,
3.36,8141,8175,8180,
3.368,8141,8173,8177,
3.376,8133,8175,8180,
3.389,8125,8178,8177,
3.399,8109,8175,8177,
3.408,8120,8181,8180,
3.418,8120,8181,8174,
3.427,8125,8178,8172,
3.439,8133,8178,8177,
3.447,8136,8178,8174,
3.458,8136,8178,8174,
3.467,8133,8178,8174,
3.478,8128,8181,8174,
3.488,8122,8181,8174,
3.498,8117,8178,8174,
3.507,8125,8175,8174,
3.518,8136,8173,8177,
3.528,8152,8173,8174,
3.537,8160,8173,8177,
3.548,8163,8173,8177,
3.557,8163,8173,8174,
3.567,8160,8173,8174,
3.578,8160,8175,8174,
3.589,8160,8173,8177,
3.597,8160,8173,8174,
3.606,8168,8173,8177,
3.617,8168,8173,8177,
3.628,8168,8173,8177,
3.637,8171,8173,8174,
3.648,8174,8173,8174,
3.655,8179,8170,8174,
3.667,8179,8170,8177,
3.678,8179,8173,8174,
3.687,8182,8173,8174,
3.696,8182,8173,8174,
3.708,8185,8173,8174,
3.717,8219,8175,8177,
3.726,8200,8170,8174,
3.737,8222,8175,8180,
3.749,8238,8173,8180,
3.759,8252,8173,8182,
3.766,8273,8173,8185,
3.776,8291,8173,8185,
3.785,8331,8173,8187,
3.796,8406,8170,8180,
3.807,8404,8175,8190,
3.818,8420,8175,8198,
3.826,8463,8173,8205,
3.838,8514,8173,8213,
3.846,8565,8173,8223,
3.856,8608,8175,8228,
3.867,8644,8173,8238,
3.877,8689,8173,8243,
3.886,8716,8175,8254,
3.896,8750,8170,8256,
3.907,8777,8173,8264,
3.918,8804,8173,8269,
3.927,8841,8173,8279,
3.936,8855,8173,8295,
3.946,8874,8173,8282,
3.955,8858,8173,8292,
3.965,8882,8173,8300,
3.977,8936,8173,8277,
3.987,8980,8173,8266,
3.998,9079,8170,8223,
4.007,8985,8173,8264,
4.017,8913,8170,8295,
4.028,8930,8170,8292,
4.035,8926,8173,8297,
4.048,8921,8173,8287,
4.058,8933,8173,8295,
4.068,8941,8175,8309,
4.077,8949,8173,8305,
4.085,8952,8173,8302,
4.096,8924,8173,8297,
4.107,8910,8173,8300,
4.116,8918,8173,8300,
4.127,8905,8170,8297,
4.135,8926,8173,8302,
4.149,8899,8173,8305,
4.157,8910,8173,8292,
4.167,8916,8173,8300,
4.177,8913,8173,8295,
4.187,8980,8173,8272,
4.197,9125,8173,8235,
4.206,9012,8173,8251,
4.216,8938,8173,8302,
4.226,8930,8175,8302,
4.235,8930,8173,8300,
4.249,8916,8173,8302,
4.256,8913,8173,8287,
4.265,8910,8173,8309,
4.276,8910,8173,8287,
4.285,8899,8173,8297,
4.296,8882,8170,8297,
4.308,8891,8173,8309,
4.314,8889,8173,8287,
4.325,8869,8173,8297,
4.335,8858,8173,8282,
4.347,8885,8173,8279,
4.357,8847,8173,8300,
4.363,8855,8175,8282,
4.375,8879,8173,8300,
4.387,8965,8173,8264,
4.397,9069,8178,8213,
4.407,8944,8173,8256,
4.415,8877,8175,8300,
4.425,8871,8170,8264,
4.436,8847,8175,8287,
4.445,8850,8173,8272,
4.454,8852,8173,8284,
4.466,8847,8173,8282,
4.475,8832,8173,8279,
4.487,8830,8173,8284,
4.497,8836,8173,8279,
4.506,8827,8173,8269,
4.516,8816,8173,8272,
4.526,8827,8173,8279,
4.535,8824,8173,8282,
4.547,8836,8173,8292,
4.558,8836,8173,8290,
4.566,8858,8173,8290,
4.576,8879,8170,8282,
4.583,8905,8175,8256,
4.594,9058,8173,8223,
4.607,8988,8175,8248,
4.614,8889,8173,8297,
4.623,8891,8173,8290,
4.635,8841,8173,8287,
4.648,8844,8173,8292,
4.656,8855,8170,8279,
4.665,8841,8170,8272,
4.675,8844,8173,8279,
4.686,8839,8173,8287,
4.696,8827,8173,8279,
4.706,8816,8170,8287,
4.713,8808,8173,8274,
4.725,8785,8173,8274,
4.734,8799,8173,8282,
4.745,8769,8173,8279,
4.756,8761,8173,8274,
4.765,8725,8173,8259,
4.775,8730,8173,8248,
4.786,8788,8173,8205,
4.796,8855,8170,8200,
4.806,8738,8175,8235,
4.817,8680,8173,8254,
4.826,8635,8175,8231,
4.835,8605,8170,8228,
4.846,8586,8173,8228,
4.857,8553,8173,8218,
4.868,8530,8173,8216,
4.875,8511,8168,8216,
4.884,8487,8173,8213,
4.895,8473,8175,8205,
4.905,8450,8173,8205,
4.916,8447,8170,8205,
4.925,8439,8173,8203,
4.936,8436,8175,8203,
4.945,8428,8173,8203,
4.955,8417,8175,8200,
4.965,8414,8170,8203,
4.976,8414,8175,8200,
4.985,8439,8170,8192,
4.997,8519,8170,8180,
5.006,8527,8175,8187,
5.016,8452,8173,8200,
5.025,8423,8173,8200,
5.035,8404,8170,8200,
5.046,8396,8173,8198,
5.056,8387,8173,8198,
5.066,8385,8175,8195,
5.076,8377,8170,8195,
5.085,8369,8170,8198,
5.096,8364,8175,8195,
5.105,8358,8175,8192,
5.116,8353,8173,8192,
5.124,8345,8173,8192,
5.133,8339,8173,8192,
5.145,8331,8173,8190,
5.154,8331,8173,8190,
5.167,8323,8173,8190,
5.175,8320,8173,8187,
5.184,8329,8173,8185,
5.195,8382,8173,8177,
5.203,8347,8173,8187,
5.214,8312,8173,8190,
5.223,8307,8175,8185,
5.237,8296,8173,8187,
5.245,8288,8173,8185,
5.254,8283,8173,8185,
5.265,8279,8173,8185,
5.277,8273,8173,8185,
5.284,8265,8173,8185,
5.296,8257,8173,8185,
5.305,8252,8173,8185,
5.313,8246,8173,8185,
5.325,8244,8173,8182,
5.336,8241,8173,8182,
5.346,8238,8173,8182,
5.352,8235,8173,8182,
5.364,8235,8173,8180,
5.376,8233,8173,8177,
5.385,8238,8173,8180,
5.394,8260,8173,8177,
5.405,8263,8173,8180,
5.415,8249,8175,8180,
5.424,8241,8173,8180,
5.435,8238,8173,8180,
5.444,8238,8173,8180,
5.456,8238,8173,8180,
5.465,8241,8173,8180,
5.475,8241,8173,8180,
5.486,8244,8173,8182,
5.495,8241,8173,8180,
5.505,8241,8173,8180,
5.513,8238,8173,8180,
5.525,8241,8173,8180,
5.533,8238,8173,8180,
5.544,8235,8173,8180,
5.555,8235,8173,8180,
5.565,8235,8173,8180,
5.575,8235,8173,8180,
5.585,8246,8173,8177,
5.594,8273,8165,8177,
5.604,8263,8173,8182,
5.613,8246,8173,8180,
5.625,8246,8175,8180,
5.637,8244,8173,8180,
5.644,8244,8173,8180,
5.655,8246,8173,8182,
5.663,8249,8173,8180,
5.674,8249,8173,8180,
5.683,8246,8173,8180,
5.693,8244,8173,8182,
5.702,8244,8173,8182,
5.714,8241,8173,8180,
5.722,8241,8173,8180,
5.733,8241,8173,8182,
5.746,8238,8173,8180,
5.755,8238,8173,8180,
5.767,8235,8173,8180,
5.774,8233,8173,8180,
5.785,8233,8173,8180,
5.795,8252,8173,8177,
5.803,8246,8173,8180,
5.813,8230,8170,8177,
5.822,8219,8173,8177,
5.834,8217,8173,8177,
5.845,8214,8173,8177,
5.854,8211,8173,8177,
5.865,8208,8173,8177,
5.874,8208,8173,8177,
5.885,8208,8173,8177,
5.893,8208,8173,8177,
5.904,8208,8173,8177,
5.915,8211,8173,8177,
5.925,8208,8173,8177,
5.935,8208,8173,8177,
5.946,8208,8173,8177,
5.954,8214,8173,8177,
5.964,8214,8173,8177,
5.974,8214,8173,8177,
5.984,8219,8173,8180,
5.995,8233,8170,8174,
6.004,8225,8173,8177,
6.013,8214,8175,8174,
6.024,8214,8170,8177,
6.036,8217,8173,8177,
6.046,8217,8173,8177,
6.054,8219,8173,8177,
6.064,8219,8173,8180,
6.075,8222,8173,8177,
6.086,8222,8173,8180,
6.094,8222,8173,8180,
6.105,8222,8173,8177,
6.126,8222,8173,8177,
6.127,8219,8173,8177,
6.133,8219,8173,8177,
6.142,8217,8173,8177,
6.153,8214,8173,8177,
6.163,8208,8173,8177,
6.174,8208,8173,8177,
6.184,8211,8173,8177,
6.191,8219,8173,8174,
6.201,8214,8173,8177,
6.214,8206,8173,8177,
6.224,8203,8173,8177,
6.235,8203,8173,8177,
6.243,8203,8173,8177,
6.255,8203,8173,8177,
6.264,8200,8173,8177,
6.275,8203,8173,8177,
6.283,8203,8173,8177,
6.293,8200,8173,8177,
6.304,8200,8173,8177,
6.312,8198,8173,8177,
6.325,8198,8173,8177,
6.332,8198,8173,8174,
6.343,8198,8173,8177,
6.352,8198,8173,8177,
6.361,8195,8173,8177,
6.374,8198,8175,8177,
6.383,8198,8173,8177,
6.395,8206,8178,8177,
6.403,8200,8175,8177,
6.412,8195,8173,8177,
6.423,8192,8175,8177,
6.433,8195,8173,8177,
6.442,8192,8173,8177,
6.452,8192,8173,8174,
6.461,8192,8173,8174,
6.471,8192,8173,8177,
6.483,8192,8173,8177,
6.492,8192,8173,8177,
6.504,8192,8173,8177,
6.513,8192,8173,8174,
6.525,8188,8173,8174,
6.532,8188,8173,8177,
6.544,8188,8173,8174,
6.555,8192,8173,8177,
6.565,8192,8173,8177,
6.573,8195,8173,8177,
6.584,8198,8173,8177,
6.591,8206,8173,8174,
6.603,8203,8173,8177,
6.612,8198,8173,8177,
6.625,8198,8175,8177,
6.635,8195,8173,8177,
6.643,8195,8173,8177,
6.653,8192,8173,8177,
6.663,8188,8173,8177,
6.671,8185,8173,8174,
6.684,8185,8173,8177,
6.691,8182,8173,8177,
6.705,8179,8173,8174,
6.712,8179,8173,8174,
6.721,8177,8173,8174,
6.731,8177,8173,8174,
6.742,8177,8173,8174,
6.751,8177,8173,8174,
6.761,8174,8173,8174,
6.772,8171,8173,8174,
6.782,8163,8173,8177,
6.791,8163,8175,8172,
6.802,8160,8173,8177,
6.811,8155,8173,8177,
6.822,8152,8173,8174,
6.835,8147,8173,8177,
6.844,8139,8173,8177,
6.853,8136,8175,8177,
6.863,8131,8175,8174,
6.873,8128,8175,8177,
6.881,8122,8175,8174,
6.892,8117,8175,8177,
6.902,8106,8178,8177,
6.914,8101,8178,8174,
6.921,8094,8178,8174,
6.932,8083,8178,8174,
6.943,8074,8181,8177,
6.953,8064,8181,8174,
6.961,8053,8183,8174,
6.973,8039,8181,8177,
6.982,8015,8183,8177,
6.991,7972,8183,8177,
7.003,7995,8191,8180,
7.012,7983,8191,8174,
7.023,7978,8191,8174,
7.034,7975,8186,8177,
7.044,7964,8191,8174,
7.052,7951,8199,8174,
7.063,7945,8191,8174,
7.073,7934,8193,8174,
7.08,7929,8193,8174,
7.092,7929,8196,8177,
7.101,7921,8206,8174,
7.122,7909,8201,8177,
7.123,7909,8201,8174,
7.132,7904,8204,8174,
7.142,7878,8206,8177,
7.151,7865,8204,8174,
7.16,7851,8204,8177,
7.173,7848,8199,8177,
7.183,7812,8199,8174,
7.193,7738,8196,8174,
7.203,7757,8206,8174,
7.21,7781,8214,8174,
7.221,7793,8230,8177,
7.232,7784,8222,8172,
7.243,7784,8217,8174,
7.252,7765,8212,8177,
7.263,7776,8222,8174,
7.272,7738,8232,8172,
7.281,7733,8230,8172,
7.291,7721,8232,8172,
7.303,7702,8232,8174,
7.313,7666,8239,8172,
7.322,7686,8222,8177,
7.332,7649,8232,8177,
7.341,7660,8239,8172,
7.351,7632,8239,8177,
7.363,7632,8252,8177,
7.372,7644,8265,8177,
7.383,7530,8250,8163,
7.392,7420,8219,8177,
7.401,7452,8232,8174,
7.419,7489,8281,8172,
7.42,7511,8276,8182,
7.431,7495,8276,8182,
7.442,7479,8294,8180,
7.45,7403,8281,8177,
7.461,7422,8299,8174,
7.472,7398,8310,8177,
7.484,7384,8286,8177,
7.492,7356,8308,8177,
7.501,7417,8308,8180,
7.51,7354,8310,8172,
7.52,7366,8310,8180,
7.532,7359,8308,8174,
7.541,7354,8308,8174,
7.553,7307,8308,8192,
7.561,7309,8296,8177,
7.572,7274,8338,8167,
7.581,7223,8283,8174,
7.591,7138,8252,8177,
7.601,7144,8260,8167,
7.612,7230,8301,8187,
7.622,7218,8310,8180,
7.632,7246,8310,8180,
7.641,7257,8320,8190,
7.653,7270,8336,8180,
7.662,7265,8351,8182,
7.675,7202,8349,8174,
7.683,7320,8308,8180,
7.691,7293,8318,8177,
7.701,7282,8331,8185,
7.712,7296,8304,8163,
7.722,7307,8308,8180,
7.73,7309,8351,8177,
7.741,7315,8328,8177,
7.753,7384,8268,8180,
7.761,7336,8318,8172,
7.77,7285,8301,8177,
7.782,7227,8276,8177,
7.793,7130,8265,8174,
7.801,7174,8288,8180,
7.81,7299,8308,8167,
7.824,7265,8308,8172,
7.831,7299,8301,8163,
7.841,7379,8320,8180,
7.854,7326,8301,8169,
7.861,7301,8331,8187,
7.869,7317,8308,8182,
7.882,7293,8328,8174,
7.892,7315,8301,8185,
7.899,7343,8344,8174,
7.911,7334,8326,8174,
7.921,7326,8296,8187,
7.931,7315,8320,8169,
7.941,7334,8333,8163,
7.951,7320,8364,8174,
7.96,7280,8336,8177,
7.973,7320,8323,8172,
7.982,7254,8250,8182,
7.991,7109,8239,8177,
8.002,7168,8281,8167,
8.011,7230,8336,8157,
8.022,7221,8333,8157,
8.032,7241,8349,8174,
8.042,7233,8308,8172,
8.052,7230,8291,8203,
8.06,7213,8310,8169,
8.069,7196,8359,8174,
8.081,7336,8341,8177,
8.091,7180,8318,8195,
8.1,7188,8310,8203,
8.109,7210,8320,8172,
8.122,7196,8341,8187,
8.132,7218,8310,8180,
8.143,7204,8315,8172,
8.153,7270,8320,8163,
8.161,7268,8338,8163,
8.172,7207,8328,8172,
8.184,7166,8331,8169,
8.191,7085,8263,8174,
8.199,7136,8286,8169,
8.211,7260,8313,8167,
8.221,7207,8349,8163,
8.231,7277,8354,8187,
8.241,7221,8318,8180,
8.251,7270,8341,8172,
8.261,7252,8326,8169,
8.272,7274,8344,8169,
8.279,7282,8331,8185,
8.291,7280,8323,8182,
8.3,7315,8341,8177,
8.311,7339,8276,8161,
8.321,7296,8313,8167,
8.33,7328,8320,8177,
8.339,7293,8341,8180,
8.351,7326,8326,8172,
8.36,7309,8331,8174,
8.369,7288,8338,8185,
8.381,7199,8286,8177,
8.391,7111,8276,8177,
8.402,7128,8273,8182,
8.411,7191,8286,8154,
8.422,7221,8351,8167,
8.43,7199,8357,8177,
8.44,7230,8346,8167,
8.449,7207,8333,8187,
8.461,7270,8326,8180,
8.471,7249,8364,8167,
8.48,7328,8326,8169,
8.492,7312,8328,8169,
8.5,7371,8341,8182,
8.51,7362,8310,8177,
8.519,7356,8294,8172,
8.532,7387,8310,8172,
8.541,7395,8323,8182,
8.551,7356,8323,8169,
8.561,7393,8310,8172,
8.57,7368,8273,8177,
8.579,7274,8224,8190,
8.591,7249,8212,8182,
8.6,7317,8276,8169,
8.609,7359,8320,8177,
8.622,7384,8291,8180,
8.633,7354,8301,8177,
8.64,7459,8299,8182,
8.649,7390,8333,8182,
8.658,7447,8296,8163,
8.672,7447,8308,8167,
8.679,7444,8281,8180,
8.69,7497,8276,8167,
8.701,7516,8278,8169,
8.712,7541,8273,8182,
8.718,7605,8270,8172,
8.729,7581,8257,8182,
8.741,7608,8245,8190,
8.75,7635,8281,8177,
8.759,7666,8273,8169,
8.768,7679,8239,8172,
8.781,7668,8252,8180,
8.791,7679,8191,8169,
8.8,7743,8204,8172,
8.81,7812,8232,8174,
8.818,7840,8214,8174,
8.829,7878,8212,8174,
8.84,7926,8191,8174,
8.849,7961,8201,8177,
8.858,8015,8193,8177,
8.868,8053,8181,8172,
8.879,8077,8183,8174,
8.888,8101,8181,8177,
8.901,8125,8175,8174,
8.91,8147,8175,8174,
8.919,8160,8173,8174,
8.929,8174,8173,8174,
8.939,8185,8173,8177,
8.95,8192,8170,8174,
8.961,8198,8170,8174,
8.971,8246,8196,8167,
8.979,8233,8170,8182,
8.988,8249,8170,8177,
9.001,8246,8173,8177,
9.011,8235,8175,8180,
9.019,8230,8173,8177,
9.03,8230,8173,8180,
9.04,8230,8173,8180,
9.049,8227,8173,8180,
9.059,8222,8173,8177,
9.07,8217,8173,8177,
9.079,8214,8173,8177,
9.09,8211,8173,8177,
9.1,8206,8173,8177,
9.111,8206,8173,8177,
9.12,8206,8173,8177,
9.129,8208,8173,8177,
9.141,8217,8173,8177,
9.151,8222,8173,8177,
9.16,8225,8173,8180,
9.17,8219,8173,8177,
9.178,8208,8173,8177,
9.189,8203,8173,8174,
9.2,8188,8173,8177,
9.21,8188,8173,8174,
9.22,8195,8168,8174,
9.227,8203,8173,8177,
9.239,8214,8173,8180,
9.248,8222,8173,8180,
9.26,8222,8173,8177,
9.268,8219,8173,8177,
9.28,8222,8173,8180,
9.291,8230,8173,8182,
9.302,8244,8173,8180,
9.309,8260,8173,8185,
9.318,8279,8173,8185,
9.33,8288,8173,8187,
9.34,8299,8173,8187,
9.348,8304,8173,8187,
9.359,8315,8173,8190,
9.368,8329,8173,8190,
9.381,8361,8173,8187,
9.39,8431,8175,8182,
9.4,8425,8173,8195,
9.409,8436,8170,8200,
9.42,8461,8173,8208,
9.43,8481,8170,8210,
9.439,8495,8175,8210,
9.449,8509,8173,8213,
9.461,8517,8170,8216,
9.47,8527,8170,8216,
9.478,8538,8173,8216,
9.49,8553,8170,8218,
9.499,8549,8175,8221,
9.511,8567,8170,8221,
9.517,8570,8173,8221,
9.529,8565,8170,8221,
9.537,8565,8170,8218,
9.549,8556,8168,8221,
9.558,8576,8173,8223,
9.569,8586,8173,8231,
9.58,8627,8175,8216,
9.589,8707,8173,8200,
9.599,8678,8175,8218,
9.609,8630,8173,8228,
9.62,8644,8175,8231,
9.629,8630,8178,8231,
9.64,8639,8170,8235,
9.649,8644,8175,8228,
9.659,8644,8175,8243,
9.669,8650,8173,8238,
9.678,8659,8173,8235,
9.69,8656,8175,8241,
9.697,8675,8173,8238,
9.709,8650,8173,8246,
9.72,8672,8168,8238,
9.727,8667,8173,8241,
9.738,8678,8173,8241,
9.749,8664,8175,8241,
9.759,8659,8173,8235,
9.768,8656,8168,8238,
9.779,8680,8173,8226,
9.789,8766,8173,8203,
9.801,8672,8173,8235,
9.808,8644,8173,8241,
9.816,8656,8173,8241,
9.829,8644,8175,8235,
9.838,8635,8173,8238,
9.849,8630,8173,8235,
9.857,8627,8170,8231,
9.868,8622,8173,8228,
9.881,8616,8173,8231,
9.888,8613,8173,8228,
9.902,8600,8173,8238,
9.909,8613,8173,8226,
9.918,8603,8175,8235,
9.928,8605,8168,8228,
9.939,8603,8173,8231,
9.948,8603,8173,8231,
9.958,8605,8170,8228,
9.969,8611,8170,8231,
9.978,8639,8173,8218,
9.989,8721,8170,8192,
9.996,8642,8175,8218,
10.01,8597,8173,8226,
10.02,8597,8173,8226,
10.028,8592,8175,8226,
10.038,8586,8178,8226,
10.049,8584,8175,8221,
10.057,8581,8173,8231,
10.07,8573,8173,8226,
10.079,8573,8175,8223,
10.088,8573,8173,8221,
10.097,8553,8175,8223,
10.109,8565,8175,8218,
10.118,8565,8173,8223,
10.128,8565,8170,8223,
10.138,8562,8175,8226,
10.15,8546,8173,8221,
10.159,8549,8173,8221,
10.168,8565,8170,8218,
10.177,8600,8173,8213,
10.19,8694,8173,8190,
10.197,8624,8175,8210,
10.207,8573,8175,8223,
10.218,8581,8170,8228,
10.227,8576,8175,8226,
10.24,8578,8170,8223,
10.247,8573,8175,8223,
10.258,8570,8173,8223,
10.269,8573,8170,8221,
10.28,8570,8175,8223,
10.287,8576,8170,8226,
10.299,8573,8178,8223,
10.309,8581,8175,8226,
10.317,8589,8175,8228,
10.326,8589,8170,8223,
10.335,8589,8168,8223,
10.348,8589,8173,8223,
10.359,8581,8173,8226,
10.367,8594,8170,8223,
10.376,8632,8175,8213,
10.388,8721,8175,8190,
10.397,8639,8173,8213,
10.409,8600,8175,8226,
10.417,8592,8170,8221,
10.427,8584,8173,8228,
10.437,8578,8173,8226,
10.449,8573,8173,8223,
10.457,8565,8175,8221,
10.469,8562,8173,8223,
10.477,8562,8175,8223,
10.486,8562,8173,8226,
10.498,8556,8175,8221,
10.51,8549,8178,8218,
10.518,8546,8175,8221,
10.526,8546,8173,8221,
10.538,8544,8173,8216,
10.548,8536,8175,8218,
10.558,8530,8178,8218,
10.566,8544,8175,8218,
10.577,8573,8173,8205,
10.586,8653,8170,8190,
10.596,8605,8173,8200,
10.607,8519,8170,8216,
10.618,8511,8173,8216,
10.625,8511,8175,8213,
10.637,8503,8170,8213,
10.648,8500,8175,8213,
10.658,8500,8173,8210,
10.666,8498,8173,8210,
10.677,8500,8170,8216,
10.687,8495,8173,8210,
10.698,8500,8173,8208,
10.709,8500,8170,8210,
10.718,8498,8173,8210,
10.726,8498,8170,8213,
10.738,8495,8173,8210,
10.748,8498,8173,8210,
10.757,8495,8173,8213,
10.767,8498,8173,8210,
10.777,8530,8173,8200,
10.788,8611,8173,8185,
10.797,8546,8175,8203,
10.806,8500,8173,8213,
10.818,8503,8173,8213,
10.828,8495,8173,8213,
10.837,8509,8173,8213,
10.847,8506,8170,8213,
10.856,8503,8173,8216,
10.867,8506,8175,8216,
10.878,8514,8170,8216,
10.888,8514,8173,8213,
10.897,8511,8173,8213,
10.907,8514,8173,8216,
10.919,8511,8175,8216,
10.925,8514,8175,8216,
10.937,8519,8175,8218,
10.949,8522,8173,8213,
10.956,8514,8170,8216,
10.967,8519,8175,8216,
10.975,8553,8175,8205,
10.986,8624,8173,8192,
10.996,8592,8173,8200,
11.004,8525,8175,8218,
11.017,8519,8170,8216,
11.029,8514,8175,8216,
11.038,8511,8173,8213,
11.046,8503,8170,8216,
11.057,8503,8173,8216,
11.065,8500,8170,8210,
11.076,8495,8173,8213,
11.087,8490,8173,8210,
11.097,8495,8173,8213,
11.106,8484,8173,8208,
11.122,8473,8175,8210,
11.126,8473,8173,8205,
11.135,8463,8173,8208,
11.146,8458,8173,8208,
11.156,8455,8173,8205,
11.168,8455,8173,8205,
11.177,8484,8173,8198,
11.186,8546,8175,8185,
11.196,8492,8170,8200,
11.208,8458,8173,8205,
11.216,8455,8173,8208,
11.225,8444,8170,8205,
11.236,8442,8175,8205,
11.249,8447,8173,8203,
11.256,8436,8170,8203,
11.265,8436,8173,8205,
11.275,8431,8173,8203,
11.287,8428,8173,8205,
11.297,8425,8173,8203,
11.307,8428,8175,8205,
11.316,8425,8173,8205,
11.325,8420,8173,8208,
11.335,8423,8173,8205,
11.347,8420,8173,8203,
11.355,8414,8173,8200,
11.368,8417,8173,8203,
11.378,8436,8175,8198,
11.388,8498,8173,8180,
11.398,8450,8175,8198,
11.408,8409,8175,8203,
11.415,8414,8173,8203,
11.426,8409,8173,8200,
11.436,8406,8173,8198,
11.447,8404,8173,8200,
11.457,8401,8170,8200,
11.467,8396,8173,8200,
11.475,8396,8173,8198,
11.487,8396,8170,8200,
11.496,8390,8173,8198,
11.507,8387,8173,8198,
11.517,8387,8173,8195,
11.527,8385,8170,8198,
11.537,8379,8173,8195,
11.545,8379,8173,8195,
11.556,8377,8173,8195,
11.566,8372,8173,8195,
11.578,8385,8173,8192,
11.587,8431,8170,8182,
11.599,8387,8175,8195,
11.605,8358,8170,8192,
11.616,8358,8173,8195,
11.625,8353,8173,8192,
11.637,8347,8173,8192,
11.646,8345,8173,8192,
11.656,8339,8173,8192,
11.667,8337,8173,8192,
11.677,8331,8173,8190,
11.687,8329,8173,8187,
11.698,8326,8173,8190,
11.706,8320,8173,8190,
11.716,8320,8173,8190,
11.728,8315,8173,8190,
11.734,8312,8173,8187,
11.746,8304,8173,8187,
11.758,8301,8173,8187,
11.765,8293,8173,8185,
11.778,8296,8173,8185,
11.784,8312,8173,8177,
11.797,8288,8173,8182,
11.807,8257,8170,8185,
11.817,8246,8173,8180,
11.826,8235,8173,8180,
11.835,8225,8173,8180,
11.846,8214,8170,8177,
11.856,8206,8173,8177,
11.866,8198,8173,8177,
11.876,8188,8173,8174,
11.885,8179,8173,8174,
11.897,8171,8173,8174,
11.904,8168,8173,8174,
11.916,8152,8175,8177,
11.926,8144,8175,8174,
11.935,8131,8175,8177,
11.945,8117,8175,8174,
11.955,8103,8178,8177,
11.967,8085,8178,8174,
11.977,8061,8178,8177,
11.987,8023,8178,8177,
11.996,8023,8186,8177,
12.006,8003,8193,8177,
12.018,7983,8183,8177,
12.026,7972,8188,8177,
12.035,7956,8196,8174,
12.046,7926,8191,8174,
12.055,7923,8196,8174,
12.066,7898,8199,8174,
12.074,7881,8209,8177,
12.085,7859,8206,8174,
12.096,7838,8209,8174,
12.12,7829,8219,8174,
12.124,7815,8219,8174,
12.125,7804,8209,8177,
12.135,7820,8219,8174,
12.146,7796,8230,8172,
12.156,7762,8222,8172,
12.165,7754,8217,8172,
12.177,7676,8222,8177,
12.186,7647,8196,8174,
12.196,7691,8227,8167,
12.205,7699,8217,8174,
12.215,7713,8239,8174,
12.225,7705,8232,8177,
12.236,7715,8242,8180,
12.244,7726,8227,8174,
12.255,7707,8239,8180,
12.265,7696,8242,8177,
12.275,7718,8247,8172,
12.284,7676,8222,8174,
12.295,7682,8230,8177,
12.305,7674,8247,8174,
12.314,7666,8245,8182,
12.325,7671,8237,8177,
12.335,7660,8239,8172,
12.347,7649,8260,8172,
12.355,7644,8242,8172,
12.364,7639,8224,8177,
12.376,7578,8224,8180,
12.389,7544,8201,8177,
12.395,7572,8222,8180,
12.407,7624,8232,8172,
12.414,7632,8265,8174,
12.427,7652,8250,8177,
12.435,7639,8242,8174,
12.448,7649,8255,8172,
12.455,7613,8255,8174,
12.464,7632,8237,8180,
12.475,7629,8224,8174,
12.485,7635,8263,8177,
12.496,7613,8257,8167,
12.503,7639,8250,8177,
12.514,7641,8263,8172,
12.525,7635,8242,8172,
12.534,7649,8239,8185,
12.545,7632,8239,8174,
12.555,7621,8250,8169,
12.564,7660,8239,8177,
12.575,7572,8237,8177,
12.583,7511,8209,8182,
12.595,7544,8222,8177,
12.605,7605,8222,8172,
12.615,7611,8239,8174,
12.625,7594,8245,8177,
12.635,7613,8252,8174,
12.645,7602,8263,8167,
12.656,7608,8268,8169,
12.666,7574,8283,8174,
12.676,7589,8250,8174,
12.685,7561,8242,8177,
12.696,7592,8245,8174,
12.705,7602,8260,8169,
12.715,7566,8252,8172,
12.724,7574,8283,8177,
12.734,7583,8257,8177,
12.746,7600,8245,8172,
12.752,7619,8257,8180,
12.764,7592,8237,8169,
12.775,7489,8222,8177,
12.785,7461,8212,8174,
12.795,7461,8237,8174,
12.804,7553,8273,8172,
12.814,7566,8265,8174,
12.823,7578,8252,8174,
12.834,7602,8260,8174,
12.844,7581,8260,8172,
12.855,7592,8260,8174,
12.864,7581,8252,8180,
12.875,7616,8252,8174,
12.884,7619,8252,8172,
12.894,7624,8247,8177,
12.904,7613,8247,8177,
12.915,7621,8239,8167,
12.924,7629,8247,8180,
12.932,7624,8237,8169,
12.943,7627,8245,8180,
12.955,7632,8281,8174,
12.965,7619,8250,8180,
12.974,7550,8224,8180,
12.985,7489,8217,8169,
12.993,7511,8222,8174,
13.004,7605,8245,8161,
13.015,7569,8260,8177,
13.023,7613,8245,8174,
13.035,7619,8245,8177,
13.046,7647,8265,8177,
13.052,7658,8224,8174,
13.063,7652,8270,8172,
13.074,7707,8252,8177,
13.083,7655,8257,8167,
13.094,7652,8260,8177,
13.103,7647,8245,8177,
13.116,7666,8252,8174,
13.131,7652,8250,8174,
13.135,7676,8232,8174,
13.145,7674,8237,8172,
13.153,7682,8247,8174,
13.165,7668,8227,8177,
13.175,7627,8219,8177,
13.182,7572,8201,8177,
13.191,7627,8227,8182,
13.206,7663,8239,8177,
13.214,7660,8255,8174,
13.224,7624,8237,8174,
13.234,7624,8263,8180,
13.245,7616,8260,8177,
13.255,7619,8250,8163,
13.265,7602,8260,8167,
13.275,7632,8247,8174,
13.285,7639,8250,8182,
13.294,7644,8265,8174,
13.305,7649,8242,8180,
13.314,7635,8276,8174,
13.325,7635,8250,8174,
13.335,7658,8252,8174,
13.343,7666,8250,8167,
13.352,7639,8247,8182,
13.364,7627,8239,8177,
13.374,7558,8232,8169,
13.384,7547,8206,8182,
13.395,7553,8214,8174,
13.405,7663,8250,8174,
13.413,7674,8250,8172,
13.422,7694,8245,8177,
13.433,7718,8230,8174,
13.442,7726,8232,8174,
13.454,7757,8232,8177,
13.462,7779,8232,8172,
13.473,7793,8219,8182,
13.482,7807,8214,8172,
13.493,7820,8217,8172,
13.506,7846,8222,8172,
13.514,7843,8222,8182,
13.524,7848,8212,8174,
13.534,7862,8209,8177,
13.543,7851,8201,8172,
13.555,7895,8214,8172,
13.562,7901,8212,8177,
13.571,7895,8191,8174,
13.583,7846,8181,8185,
13.592,7870,8201,8177,
13.604,7886,8193,8174,
13.615,7901,8209,8174,
13.623,7918,8199,8177,
13.635,7932,8204,8174,
13.644,7937,8196,8174,
13.652,7951,8199,8174,
13.664,7975,8191,8174,
13.675,7988,8196,8174,
13.683,8003,8191,8177,
13.694,8003,8193,8177,
13.703,8007,8188,8174,
13.711,8009,8191,8174,
13.723,8012,8186,8177,
13.732,8037,8186,8174,
13.744,8061,8181,8177,
13.754,8097,8178,8174,
13.763,8136,8173,8174,
13.775,8160,8173,8177,
13.782,8179,8165,8177,
13.793,8198,8170,8177,
13.803,8219,8175,8177,
13.811,8230,8173,8167,
13.82,8254,8175,8190,
13.831,8276,8173,8185,
13.843,8293,8173,8185,
13.854,8304,8170,8187,
13.862,8312,8173,8187,
13.872,8323,8173,8190,
13.884,8334,8173,8190,
13.894,8347,8173,8187,
13.903,8358,8173,8192,
13.913,8377,8173,8195,
13.925,8393,8173,8195,
13.935,8401,8173,8198,
13.943,8414,8173,8200,
13.955,8417,8173,8203,
13.963,8428,8175,8198,
13.972,8452,8175,8195,
13.984,8519,8173,8185,
13.99,8500,8178,8190,
14.002,8463,8175,8205,
14.013,8468,8175,8205,
14.022,8463,8170,8205,
14.031,8458,8170,8205,
14.042,8461,8173,8203,
14.054,8471,8173,8205,
14.065,8473,8173,8208,
14.074,8487,8173,8210,
14.082,8509,8173,8210,
14.091,8527,8170,8216,
14.102,8538,8175,8216,
14.136,8553,8170,8216,
14.14,8556,8173,8216,
14.141,8565,8175,8221,
14.144,8570,8173,8221,
14.151,8570,8173,8223,
14.162,8584,8170,8223,
14.174,8619,8175,8216,
14.183,8694,8170,8203,
14.192,8627,8173,8223,
14.204,8619,8168,8226,
14.211,8627,8168,8238,
14.222,8619,8175,8231,
14.233,8624,8175,8235,
14.242,8632,8170,8231,
14.252,8639,8178,8238,
14.262,8644,8175,8231,
14.275,8644,8175,8231,
14.286,8639,8175,8231,
14.29,8639,8173,8238,
14.301,8639,8173,8238,
14.31,8630,8175,8238,
14.323,8630,8170,8228,
14.334,8624,8173,8231,
14.342,8624,8173,8228,
14.352,8616,8173,8228,
14.363,8624,8173,8231,
14.373,8667,8173,8218,
14.385,8741,8173,8200,
14.393,8675,8175,8226,
14.403,8653,8175,8241,
14.414,8635,8173,8235,
14.421,8635,8175,8246,
14.433,8642,8170,8235,
14.443,8632,8170,8231,
14.453,8632,8170,8238,
14.462,8650,8170,8235,
14.472,8647,8173,8235,
14.482,8639,8173,8235,
14.493,8635,8175,8228,
14.499,8627,8173,8235,
14.512,8622,8170,8231,
14.521,8616,8175,8231,
14.533,8613,8175,8231,
14.542,8605,8173,8221,
14.552,8605,8173,8223,
14.565,8613,8173,8223,
14.575,8659,8170,8213,
14.584,8725,8173,8192,
14.591,8678,8173,8210,
14.602,8589,8173,8231,
14.61,8594,8173,8231,
14.623,8589,8170,8228,
14.631,8584,8175,8226,
14.644,8581,8175,8223,
14.654,8576,8173,8228,
14.663,8578,8175,8223,
14.672,8573,8173,8223,
14.683,8578,8168,8223,
14.692,8578,8173,8226,
14.702,8570,8173,8223,
14.712,8570,8170,8226,
14.721,8558,8170,8221,
14.733,8562,8170,8226,
14.742,8562,8175,8221,
14.753,8562,8173,8221,
14.759,8573,8170,8216,
14.774,8616,8175,8210,
14.782,8699,8170,8190,
14.793,8630,8173,8210,
14.802,8584,8170,8226,
14.811,8578,8173,8226,
14.821,8578,8170,8223,
14.832,8584,8170,8228,
14.842,8594,8170,8226,
14.851,8589,8175,8228,
14.861,8597,8173,8226,
14.872,8594,8170,8235,
14.882,8597,8173,8226,
14.891,8581,8178,8223,
14.902,8597,8170,8228,
14.911,8597,8170,8223,
14.923,8594,8173,8226,
14.932,8597,8173,8223,
14.941,8603,8175,8226,
14.951,8597,8173,8231,
14.964,8608,8173,8231,
14.971,8650,8173,8223,
14.981,8741,8173,8195,
14.989,8656,8170,8221,
15.001,8608,8173,8231,
15.012,8600,8173,8231,
15.021,8586,8175,8231,
15.032,8592,8173,8226,
15.044,8578,8173,8228,
15.052,8576,8170,8226,
15.061,8578,8170,8221,
15.071,8570,8170,8221,
15.083,8558,8173,8221,
15.092,8549,8175,8226,
15.099,8544,8173,8221,
15.112,8541,8170,8223,
15.12,8538,8170,8221,
15.131,8527,8173,8218,
15.142,8527,8173,8213,
15.151,8517,8173,8218,
15.16,8517,8170,8216,
15.172,8541,8173,8208,
15.181,8616,8173,8192,
15.19,8544,8175,8205,
15.199,8503,8168,8218,
15.211,8500,8170,8208,
15.223,8495,8170,8210,
15.232,8490,8173,8210,
15.242,8481,8173,8213,
15.252,8484,8170,8210,
15.261,8481,8173,8213,
15.269,8471,8178,8210,
15.281,8473,8173,8208,
15.289,8468,8175,8210,
15.3,8461,8170,8208,
15.309,8455,8173,8208,
15.321,8458,8173,8205,
15.33,8452,8173,8208,
15.341,8447,8173,8205,
15.352,8452,8173,8205,
15.361,8447,8175,8205,
15.369,8473,8173,8198,
15.382,8533,8173,8185,
15.392,8506,8173,8195,
15.401,8455,8170,8208,
15.41,8447,8173,8203,
15.424,8444,8173,8203,
15.43,8439,8175,8208,
15.442,8433,8173,8205,
15.45,8433,8173,8203,
15.461,8428,8173,8203,
15.471,8428,8173,8203,
15.48,8431,8173,8203,
15.489,8425,8175,8203,
15.503,8423,8173,8203,
15.513,8420,8173,8205,
15.522,8423,8173,8203,
15.53,8417,8175,8200,
15.541,8414,8173,8203,
15.551,8412,8173,8198,
15.561,8404,8173,8198,
15.57,8428,8175,8187,
15.582,8481,8170,8180,
15.59,8428,8173,8195,
15.601,8396,8175,8200,
15.609,8398,8175,8195,
15.621,8387,8173,8198,
15.631,8387,8173,8198,
15.64,8390,8170,8198,
15.651,8385,8173,8198,
15.662,8390,8173,8195,
15.671,8385,8170,8198,
15.682,8379,8173,8195,
15.692,8372,8173,8195,
15.7,8372,8175,8195,
15.71,8364,8173,8195,
15.721,8358,8170,8195,
15.732,8356,8173,8192,
15.742,8350,8173,8192,
15.752,8347,8173,8192,
15.761,8342,8173,8192,
15.77,8353,8173,8190,
15.78,8398,8173,8180,
15.791,8356,8173,8190,
15.799,8337,8173,8192,
15.81,8334,8173,8192,
15.822,8331,8173,8190,
15.832,8329,8173,8190,
15.841,8326,8173,8190,
15.852,8323,8173,8190,
15.86,8323,8173,8190,
15.87,8326,8173,8190,
15.882,8320,8173,8187,
15.89,8320,8173,8190,
15.9,8320,8173,8187,
15.91,8320,8170,8190,
15.919,8318,8173,8192,
15.93,8312,8170,8190,
15.94,8310,8173,8190,
15.95,8310,8173,8192,
15.959,8310,8173,8190,
15.97,8323,8173,8185,
15.982,8358,8170,8177,
15.992,8326,8170,8187,
16.002,8299,8168,8190,
16.011,8299,8173,8190,
16.021,8296,8170,8190,
16.031,8291,8170,8187,
16.039,8288,8170,8187,
16.05,8285,8170,8187,
16.061,8283,8170,8187,
16.071,8283,8170,8185,
16.081,8279,8173,8187,
16.091,8276,8170,8185,
16.101,8273,8173,8187,
16.111,8265,8173,8187,
16.12,8263,8173,8185,
16.13,8257,8173,8182,
16.139,8252,8173,8180,
16.15,8244,8173,8180,
16.16,8238,8173,8180,
16.169,8235,8173,8180,
16.18,8246,8170,8174,
16.19,8227,8173,8177,
16.2,8214,8175,8177,
16.208,8206,8173,8177,
16.22,8195,8173,8177,
16.23,8188,8173,8177,
16.242,8177,8173,8174,
16.25,8171,8173,8174,
16.259,8171,8173,8174,
16.269,8166,8173,8174,
16.28,8155,8175,8177,
16.291,8150,8175,8177,
16.3,8144,8173,8174,
16.309,8133,8175,8174,
16.319,8122,8175,8174,
16.331,8109,8175,8174,
16.337,8097,8175,8177,
16.35,8088,8178,8174,
16.36,8074,8181,8177,
16.37,8039,8178,8174,
16.379,8015,8175,8174,
16.39,8015,8183,8172,
16.399,8012,8191,8172,
16.411,8003,8188,8172,
16.418,7986,8193,8174,
16.429,7978,8193,8177,
16.439,7961,8201,8177,
16.45,7948,8199,8177,
16.46,7921,8193,8177,
16.471,7915,8199,8177,
16.481,7906,8206,8177,
16.49,7878,8209,8174,
16.501,7867,8214,8177,
16.509,7851,8209,8177,
16.52,7832,8214,8180,
16.53,7807,8212,8172,
16.542,7807,8222,8177,
16.548,7791,8212,8180,
16.557,7776,8204,8180,
16.57,7699,8209,8169,
16.578,7611,8201,8169,
16.588,7629,8214,8174,
16.598,7658,8239,8177,
16.611,7663,8239,8172,
16.62,7641,8250,8174,
16.629,7658,8242,8174,
16.639,7629,8237,8174,
16.649,7639,8245,8172,
16.661,7639,8257,8180,
16.67,7632,8232,8172,
16.677,7641,8260,8174,
16.689,7627,8265,8169,
16.701,7611,8252,8172,
16.71,7616,8268,8172,
16.719,7605,8260,8174,
16.729,7660,8255,8172,
16.74,7605,8288,8172,
16.749,7600,8232,8180,
16.76,7605,8250,8177,
16.769,7547,8260,8174,
16.779,7481,8230,8177,
16.79,7479,8214,8180,
16.8,7572,8252,8177,
16.81,7569,8237,8177,
16.821,7574,8230,8172,
16.827,7611,8252,8177,
16.841,7600,8252,8174,
16.847,7608,8230,8174,
16.858,7600,8263,8177,
16.87,7589,8252,8172,
16.88,7605,8260,8180,
16.888,7569,8263,8174,
16.9,7611,8265,8174,
16.91,7611,8252,8174,
16.919,7602,8268,8177,
16.929,7597,8260,8177,
16.939,7611,8250,8180,
16.95,7605,8260,8169,
16.959,7605,8252,8177,
16.968,7514,8222,8174,
16.979,7473,8219,8177,
16.989,7522,8227,8169,
16.999,7608,8260,8177,
17.01,7629,8250,8180,
17.016,7621,8242,8182,
17.027,7652,8255,8180,
17.039,7676,8232,8172,
17.05,7660,8239,8174,
17.059,7647,8265,8169,
17.068,7658,8239,8177,
17.077,7660,8247,8172,
17.091,7668,8239,8177,
17.099,7674,8255,8174,
17.109,7676,8242,8174,
17.121,7694,8245,8172,
17.13,7710,8239,8177,
17.139,7696,8232,8172,
17.15,7726,8247,8177,
17.159,7713,8227,8182,
17.17,7674,8212,8182,
17.178,7635,8209,8177,
17.188,7647,8206,8174,
17.199,7733,8232,8182,
17.208,7738,8237,8174,
17.22,7741,8237,8177,
17.227,7749,8222,8185,
17.237,7738,8230,8177,
17.249,7733,8237,8180,
17.258,7749,8224,8177,
17.267,7746,8242,8174,
17.276,7765,8224,8172,
17.289,7760,8239,8172,
17.298,7773,8212,8177,
17.309,7776,8222,8177,
17.318,7784,8230,8174,
17.327,7804,8222,8172,
17.338,7812,8206,8174,
17.35,7804,8219,8177,
17.358,7807,8227,8174,
17.367,7762,8206,8174,
17.379,7733,8199,8177,
17.388,7799,8217,8180,
17.399,7799,8212,8172,
17.409,7812,8219,8172,
17.418,7827,8206,8172,
17.428,7840,8217,8177,
17.44,7851,8214,8172,
17.448,7846,8232,8169,
17.457,7854,8209,8174,
17.468,7873,8209,8174,
17.48,7848,8212,8174,
17.487,7840,8222,8177,
17.499,7846,8206,8174,
17.507,7832,8214,8177,
17.519,7854,8219,8172,
17.528,7857,8214,8172,
17.539,7846,8206,8174,
17.55,7859,8217,8177,
17.559,7857,8212,8172,
17.568,7832,8193,8174,
17.577,7809,8191,8180,
17.589,7859,8199,8180,
17.599,7893,8209,8172,
17.61,7901,8199,8174,
17.62,7895,8201,8177,
17.63,7912,8196,8177,
17.64,7915,8206,8172,
17.65,7912,8206,8177,
17.659,7926,8204,8177,
17.667,7934,8212,8177,
17.679,7934,8217,8177,
17.689,7929,8199,8177,
17.697,7932,8196,8177,
17.708,7929,8196,8174,
17.718,7937,8193,8177,
17.728,7945,8204,8180,
17.741,7948,8199,8180,
17.747,7959,8199,8177,
17.758,7956,8199,8177,
17.767,7921,8191,8174,
17.778,7909,8186,8177,
17.788,7926,8196,8177,
17.797,7926,8206,8174,
17.808,7918,8201,8177,
17.818,7909,8201,8174,
17.826,7921,8201,8172,
17.838,7895,8204,8177,
17.847,7889,8209,8177,
17.859,7873,8204,8174,
17.869,7859,8199,8177,
17.877,7859,8209,8174,
17.889,7881,8212,8174,
17.896,7884,8206,8174,
17.909,7901,8206,8174,
17.919,7901,8219,8174,
17.929,7909,8196,8172,
17.94,7918,8206,8174,
17.948,7929,8204,8177,
17.958,7948,8204,8177,
17.968,7932,8193,8174,
17.978,7921,8183,8182,
17.987,7967,8193,8174,
17.999,7995,8193,8177,
18.007,8000,8191,8174,
18.017,8028,8186,8177,
18.029,8037,8191,8177,
18.037,8055,8183,8174,
18.046,8064,8183,8174,
18.059,8072,8183,8174,
18.069,8074,8181,8180,
18.08,8074,8183,8177,
18.087,8085,8181,8177,
18.096,8088,8181,8177,
18.109,8103,8181,8180,
18.118,8109,8175,8177,
18.128,8114,8175,8180,
18.137,8117,8178,8177,
18.147,8114,8175,8180,
18.158,8109,8178,8180,
18.168,8097,8178,8180,
18.177,8088,8175,8174,
18.187,8106,8178,8174,
18.198,8106,8183,8174,
18.208,8109,8181,8177,
18.215,8112,8178,8177,
18.227,8122,8175,8174,
18.236,8128,8175,8177,
18.248,8136,8175,8174,
18.258,8141,8173,8174,
18.268,8150,8175,8174,
18.278,8160,8173,8174,
18.287,8171,8173,8174,
18.297,8177,8173,8177,
18.309,8179,8173,8174,
18.316,8182,8170,8174,
18.328,8185,8170,8177,
18.338,8195,8173,8177,
18.345,8208,8173,8174,
18.358,8219,8178,8177,
18.367,8238,8173,8177,
18.375,8276,8173,8177,
18.388,8283,8173,8180,
18.396,8285,8175,8187,
18.408,8301,8173,8187,
18.417,8323,8170,8190,
18.428,8345,8173,8192,
18.436,8366,8173,8195,
18.449,8406,8173,8198,
18.458,8439,8173,8203,
18.466,8473,8173,8205,
18.474,8511,8173,8216,
18.486,8549,8173,8223,
18.498,8594,8170,8221,
18.506,8616,8175,8231,
18.516,8642,8173,8235,
18.526,8667,8175,8246,
18.538,8702,8173,8248,
18.548,8733,8170,8251,
18.556,8745,8173,8256,
18.566,8816,8173,8241,
18.577,8924,8170,8223,
18.586,8836,8175,8254,
18.596,8832,8170,8282,
18.606,8855,8175,8282,
18.617,8827,8173,8277,
18.628,8832,8173,8266,
18.636,8841,8173,8274,
18.646,8850,8173,8277,
18.656,8844,8170,8269,
18.665,8822,8173,8295,
18.675,8836,8173,8290,
18.687,8813,8175,8287,
18.698,8844,8173,8277,
18.706,8832,8173,8277,
18.717,8819,8170,8277,
18.728,8822,8170,8284,
18.741,8852,8173,8282,
18.746,8822,8173,8284,
18.757,8819,8173,8266,
18.766,8916,8173,8254,
18.775,8985,8170,8210,
18.786,8874,8173,8251,
18.797,8822,8173,8272,
18.807,8832,8173,8279,
18.817,8811,8173,8277,
18.827,8830,8173,8261,
18.837,8827,8173,8282,
18.849,8816,8173,8279,
18.856,8813,8173,8274,
18.866,8799,8173,8254,
18.877,8802,8173,8282,
18.887,8804,8173,8274,
18.896,8799,8173,8272,
18.907,8808,8173,8272,
18.917,8799,8173,8261,
18.926,8804,8173,8272,
18.937,8804,8170,8266,
18.945,8802,8173,8284,
18.957,8788,8173,8279,
18.966,8836,8170,8246,
18.976,8963,8173,8210,
18.987,8877,8173,8235,
18.996,8791,8170,8269,
19.007,8764,8170,8256,
19.015,8764,8170,8261,
19.026,8769,8173,8266,
19.038,8758,8173,8272,
19.047,8761,8173,8259,
19.056,8747,8173,8256,
19.065,8745,8173,8254,
19.076,8721,8173,8274,
19.085,8733,8170,8261,
19.095,8727,8173,8256,
19.108,8718,8173,8254,
19.114,8738,8173,8256,
19.127,8710,8170,8243,
19.137,8707,8170,8248,
19.145,8697,8170,8243,
19.154,8691,8173,8254,
19.166,8733,8173,8223,
19.176,8824,8173,8190,
19.188,8761,8173,8226,
19.194,8689,8170,8256,
19.206,8683,8168,8228,
19.215,8683,8173,8248,
19.225,8667,8173,8241,
19.234,8667,8173,8241,
19.246,8656,8173,8243,
19.255,8667,8168,8231,
19.265,8670,8170,8243,
19.275,8659,8173,8238,
19.285,8653,8178,8251,
19.295,8656,8170,8243,
19.306,8650,8173,8241,
19.316,8644,8173,8243,
19.328,8656,8170,8231,
19.335,8650,8175,8241,
19.347,8644,8170,8238,
19.357,8661,8173,8228,
19.366,8699,8173,8231,
19.377,8813,8170,8210,
19.386,8736,8173,8231,
19.396,8683,8170,8251,
19.405,8689,8170,8243,
19.414,8689,8170,8243,
19.424,8691,8173,8251,
19.436,8689,8175,8251,
19.443,8683,8173,8256,
19.455,8697,8173,8259,
19.467,8689,8173,8251,
19.476,8694,8170,8238,
19.486,8675,8170,8246,
19.495,8678,8173,8243,
19.504,8680,8173,8238,
19.516,8664,8173,8246,
19.529,8656,8175,8238,
19.536,8650,8173,8231,
19.544,8650,8173,8243,
19.553,8635,8173,8241,
19.564,8702,8173,8218,
19.572,8777,8173,8198,
19.585,8702,8173,8228,
19.595,8644,8173,8238,
19.605,8627,8175,8246,
19.616,8613,8175,8235,
19.627,8597,8173,8228,
19.633,8594,8175,8228,
19.645,8576,8175,8231,
19.657,8578,8170,8223,
19.666,8570,8170,8226,
19.675,8546,8175,8223,
19.684,8538,8170,8221,
19.693,8514,8175,8216,
19.702,8500,8175,8213,
19.715,8492,8173,8213,
19.728,8479,8173,8210,
19.735,8468,8175,8208,
19.745,8452,8173,8205,
19.754,8452,8178,8203,
19.766,8484,8175,8195,
19.775,8549,8173,8182,
19.785,8533,8178,8192,
19.796,8450,8175,8208,
19.805,8425,8173,8203,
19.813,8409,8175,8200,
19.824,8387,8178,8198,
19.833,8377,8173,8198,
19.845,8361,8175,8195,
19.855,8356,8173,8192,
19.864,8347,8173,8192,
19.875,8345,8170,8192,
19.885,8337,8170,8192,
19.893,8331,8173,8190,
19.908,8326,8170,8190,
19.914,8323,8173,8190,
19.925,8318,8175,8190,
19.933,8315,8173,8187,
19.944,8310,8173,8190,
19.952,8310,8173,8187,
19.965,8315,8173,8187,
19.973,8361,8173,8177,
19.985,8361,8175,8180,
19.995,8320,8173,8185,
20.004,8304,8175,8187,
20.014,8293,8173,8187,
20.026,8285,8173,8185,
20.035,8283,8173,8185,
20.043,8279,8173,8185,
20.052,8273,8173,8185,
20.065,8268,8173,8185,
20.075,8260,8173,8182,
20.083,8254,8173,8182,
20.093,8246,8173,8180,
20.104,8235,8173,8180,
20.115,8227,8173,8180,
20.124,8222,8173,8177,
20.136,8217,8173,8177,
20.142,8214,8173,8180,
20.155,8214,8173,8177,
20.165,8217,8173,8177,
20.173,8233,8170,8174,
20.184,8227,8170,8180,
20.193,8217,8170,8177,
20.205,8219,8170,8180,
20.216,8217,8175,8177,
20.222,8222,8173,8180,
20.235,8225,8173,8180,
20.243,8230,8173,8180,
20.254,8233,8173,8180,
20.262,8235,8173,8182,
20.275,8238,8173,8180,
20.283,8233,8173,8180,
20.296,8230,8173,8177,
20.305,8222,8173,8177,
20.314,8214,8173,8177,
20.322,8206,8173,8180,
20.336,8198,8173,8177,
20.343,8192,8173,8180,
20.355,8185,8173,8180,
20.364,8182,8173,8177,
20.374,8177,8173,8174,
20.385,8174,8173,8180,
20.395,8171,8175,8177,
20.405,8168,8170,8180,
20.415,8168,8173,8177,
20.422,8168,8173,8174,
20.434,8166,8173,8174,
20.445,8168,8173,8177,
20.454,8163,8173,8174,
20.466,8163,8173,8177,
20.475,8160,8173,8174,
20.484,8158,8173,8177,
20.495,8158,8173,8177,
20.504,8155,8173,8177,
20.513,8152,8173,8177,
20.524,8147,8173,8174,
20.535,8141,8173,8177,
20.544,8133,8173,8174,
20.553,8128,8175,8177,
20.564,8117,8175,8177,
20.572,8094,8173,8172,
20.584,8094,8175,8177,
20.593,8088,8178,8177,
20.601,8074,8181,8174,
20.615,8064,8181,8177,
20.624,8055,8183,8177,
20.633,8042,8181,8174,
20.642,8028,8183,8177,
20.654,8009,8186,8177,
20.664,7998,8188,8177,
20.676,7983,8186,8177,
20.686,7972,8196,8174,
20.694,7959,8191,8177,
20.706,7942,8201,8174,
20.716,7929,8204,8177,
20.723,7926,8199,8174,
20.732,7918,8188,8177,
20.743,7906,8199,8177,
20.754,7898,8191,8174,
20.763,7867,8191,8174,
20.774,7827,8188,8174,
20.786,7848,8199,8174,
20.796,7875,8217,8177,
20.805,7870,8199,8177,
20.811,7878,8201,8177,
20.826,7878,8204,8174,
20.833,7878,8204,8174,
20.845,7886,8206,8174,
20.854,7889,8217,8174,
20.864,7901,8199,8177,
20.875,7898,8206,8174,
20.885,7904,8204,8174,
20.895,7893,8212,8174,
20.902,7893,8199,8177,
20.912,7895,8199,8177,
20.924,7898,8204,8174,
20.935,7895,8209,8174,
20.943,7893,8204,8174,
20.951,7893,8212,8177,
20.964,7859,8188,8174,
20.972,7807,8193,8174,
20.983,7832,8199,8180,
20.992,7859,8219,8174,
21.004,7862,8201,8174,
21.014,7859,8214,8174,
21.026,7873,8206,8177,
21.032,7867,8201,8177,
21.045,7878,8204,8177,
21.052,7881,8204,8177,
21.062,7865,8206,8174,
21.074,7875,8209,8174,
21.083,7878,8214,8177,
21.092,7867,8214,8174,
21.103,7875,8214,8174,
21.113,7867,8199,8174,
21.123,7875,8206,8177,
21.131,7865,8204,8180,
21.143,7873,8201,8174,
21.152,7851,8196,8177,
21.162,7832,8201,8177,
21.176,7784,8193,8180,
21.184,7835,8214,8177,
21.199,7838,8201,8172,
21.199,7857,8219,8174,
21.216,7846,8214,8177,
21.223,7848,8217,8174,
21.232,7854,8204,8177,
21.243,7857,8219,8177,
21.253,7848,8212,8172,
21.264,7854,8204,8177,
21.273,7846,8214,8177,
21.282,7846,8209,8177,
21.294,7857,8199,8174,
21.303,7840,8217,8172,
21.311,7840,8204,8174,
21.323,7838,8212,8174,
21.332,7843,8214,8172,
21.342,7848,8222,8177,
21.353,7838,8204,8177,
21.361,7804,8196,8174,
21.373,7752,8191,8177,
21.383,7784,8204,8177,
21.394,7807,8217,8177,
21.404,7818,8214,8177,
21.41,7820,8219,8177,
21.425,7832,8209,8174,
21.434,7829,8212,8177,
21.444,7835,8217,8174,
21.452,7843,8209,8177,
21.462,7835,8214,8177,
21.474,7843,8212,8177,
21.482,7838,8201,8177,
21.491,7843,8224,8177,
21.503,7848,8212,8174,
21.513,7848,8214,8172,
21.523,7848,8209,8174,
21.534,7862,8209,8177,
21.542,7870,8219,8177,
21.552,7867,8206,8177,
21.562,7820,8193,8172,
21.572,7807,8196,8177,
21.583,7862,8204,8180,
21.593,7889,8212,8174,
21.603,7881,8196,8172,
21.613,7875,8209,8177,
21.624,7881,8214,8174,
21.633,7886,8199,8174,
21.643,7886,8209,8177,
21.654,7884,8212,8180,
21.66,7881,8212,8180,
21.671,7881,8214,8177,
21.682,7881,8199,8182,
21.693,7884,8206,8177,
21.703,7886,8212,8180,
21.711,7886,8206,8177,
21.724,7889,8204,8177,
21.732,7904,8209,8180,
21.743,7895,8199,8180,
21.753,7895,8196,8180,
21.762,7862,8191,8177,
21.772,7840,8188,8169,
21.783,7857,8196,8172,
21.792,7901,8209,8180,
21.802,7898,8201,8177,
21.812,7912,8199,8174,
21.823,7915,8193,8174,
21.833,7912,8209,8177,
21.843,7918,8206,8177,
21.854,7918,8204,8177,
21.864,7918,8196,8177,
21.872,7909,8204,8177,
21.881,7898,8209,8174,
21.893,7912,8206,8177,
21.903,7909,8217,8174,
21.913,7912,8212,8174,
21.921,7904,8204,8174,
21.934,7918,8204,8174,
21.942,7898,8204,8174,
21.952,7895,8199,8174,
21.961,7862,8201,8177,
21.972,7820,8201,8180,
21.981,7867,8212,8174,
21.993,7859,8199,8174,
22.003,7857,8212,8172,
22.009,7865,8217,8174,
22.02,7859,8201,8177,
22.031,7862,8204,8177,
22.044,7857,8214,8177,
22.05,7865,8212,8177,
22.061,7873,8201,8177,
22.071,7881,8206,8177,
22.08,7889,8212,8177,
22.092,7884,8209,8177,
22.102,7895,8204,8177,
22.113,7901,8204,8174,
22.121,7898,8201,8174,
22.132,7898,8209,8177,
22.143,7884,8206,8174,
22.152,7884,8199,8174,
22.16,7865,8193,8174,
22.172,7827,8181,8177,
22.183,7886,8209,8177,
22.192,7901,8206,8177,
22.203,7901,8196,8174,
22.212,7923,8193,8174,
22.223,7929,8199,8174,
22.231,7945,8196,8174,
22.243,7940,8193,8177,
22.252,7956,8201,8177,
22.261,7961,8199,8174,
22.271,7972,8193,8174,
22.29,7967,8191,8174,
22.293,7972,8193,8174,
22.302,7970,8193,8174,
22.312,7986,8193,8177,
22.321,7991,8188,8174,
22.331,8007,8191,8174,
22.341,8018,8193,8177,
22.35,8023,8186,8177,
22.361,8012,8181,8177,
22.373,8018,8178,8174,
22.383,8047,8186,8174,
22.391,8050,8183,8177,
22.402,8053,8183,8174,
22.413,8061,8183,8177,
22.424,8069,8183,8177,
22.433,8074,8178,8177,
22.439,8083,8178,8177,
22.451,8085,8183,8177,
22.461,8092,8178,8177,
22.471,8094,8181,8180,
22.48,8097,8178,8180,
22.493,8101,8178,8177,
22.502,8106,8178,8177,
22.51,8112,8178,8177,
22.522,8112,8178,8177,
22.532,8114,8178,8177,
22.542,8120,8175,8177,
22.552,8117,8178,8177,
22.56,8117,8175,8177,
22.572,8112,8173,8180,
22.581,8125,8175,8177,
22.592,8136,8175,8174,
22.602,8139,8173,8174,
22.611,8141,8173,8174,
22.622,8150,8173,8174,
22.631,8158,8170,8174,
22.643,8168,8170,8174,
22.652,8177,8170,8174,
22.66,8185,8168,8177,
22.67,8192,8168,8177,
22.68,8206,8170,8174,
22.691,8195,8173,8203,
22.701,8230,8173,8180,
22.712,8249,8173,8182,
22.722,8263,8173,8182,
22.729,8279,8173,8185,
22.743,8291,8173,8187,
22.75,8310,8173,8187,
22.761,8337,8173,8187,
22.771,8390,8173,8180,
22.781,8393,8175,8187,
22.791,8372,8173,8198,
22.801,8390,8173,8198,
22.81,8393,8173,8198,
22.82,8404,8173,8200,
22.83,8414,8175,8198,
22.842,8420,8173,8200,
22.853,8428,8173,8200,
22.86,8433,8173,8203,
22.871,8450,8173,8203,
22.88,8455,8175,8208,
22.892,8463,8173,8208,
22.901,8473,8173,8205,
22.911,8481,8173,8210,
22.92,8484,8173,8208,
22.933,8492,8170,8210,
22.942,8495,8175,8210,
22.95,8506,8175,8213,
22.96,8527,8168,8213,
22.971,8603,8173,8187,
22.981,8553,8175,8208,
22.989,8519,8175,8216,
23.001,8519,8175,8216,
23.01,8522,8170,8216,
23.021,8517,8175,8216,
23.031,8517,8175,8210,
23.04,8522,8170,8216,
23.05,8527,8173,8213,
23.06,8525,8175,8216,
23.07,8525,8170,8216,
23.081,8533,8173,8218,
23.093,8522,8173,8216,
23.1,8519,8170,8218,
23.11,8527,8173,8213,
23.12,8517,8175,8218,
23.131,8517,8173,8216,
23.14,8519,8170,8218,
23.15,8517,8173,8216,
23.158,8541,8173,8210,
23.17,8611,8170,8195,
23.179,8578,8175,8203,
23.192,8533,8173,8213,
23.2,8527,8170,8216,
23.209,8527,8173,8218,
23.222,8533,8175,8210,
23.23,8530,8173,8218,
23.239,8533,8173,8210,
23.25,8533,8173,8216,
23.259,8527,8170,8216,
23.27,8533,8173,8213,
23.278,8530,8170,8213,
23.293,8525,8173,8218,
23.299,8527,8170,8223,
23.311,8530,8173,8221,
23.32,8530,8168,8221,
23.328,8527,8170,8218,
23.34,8533,8173,8216,
23.349,8530,8173,8218,
23.39,8549,8173,8213,
23.391,8627,8175,8195,
23.393,8558,8175,8216,
23.394,8536,8173,8218,
23.399,8530,8170,8221,
23.409,8525,8173,8221,
23.421,8536,8173,8216,
23.432,8530,8175,8216,
23.44,8530,8173,8218,
23.449,8530,8178,8218,
23.46,8522,8175,8216,
23.468,8519,8175,8216,
23.479,8525,8175,8213,
23.493,8517,8178,8210,
23.5,8522,8173,8213,
23.51,8519,8173,8213,
23.52,8517,8175,8216,
23.531,8519,8173,8216,
23.54,8514,8173,8218,
23.55,8522,8173,8213,
23.561,8573,8173,8205,
23.572,8653,8173,8185,
23.579,8592,8173,8210,
23.589,8533,8170,8221,
23.6,8527,8173,8223,
23.61,8522,8173,8218,
23.62,8525,8173,8216,
23.629,8525,8173,8216,
23.639,8519,8175,8213,
23.648,8527,8178,8213,
23.66,8522,8175,8213,
23.669,8519,8178,8213,
23.679,8517,8173,8216,
23.691,8514,8173,8213,
23.7,8511,8173,8213,
23.712,8500,8173,8213,
23.718,8503,8173,8213,
23.731,8498,8170,8213,
23.74,8500,8173,8210,
23.75,8500,8170,8213,
23.758,8522,8175,8205,
23.769,8597,8173,8190,
23.778,8538,8173,8210,
23.79,8500,8173,8218,
23.8,8500,8170,8213,
23.809,8492,8173,8210,
23.819,8490,8173,8213,
23.828,8484,8173,8213,
23.84,8481,8170,8213,
23.85,8479,8170,8210,
23.859,8471,8170,8213,
23.869,8461,8173,8213,
23.88,8458,8170,8210,
23.889,8455,8170,8208,
23.898,8444,8175,8210,
23.911,8444,8173,8208,
23.917,8447,8173,8205,
23.929,8439,8173,8205,
23.937,8436,8173,8205,
23.949,8431,8175,8205,
23.959,8458,8170,8195,
23.969,8522,8173,8182,
23.98,8509,8173,8192,
23.99,8436,8173,8205,
24,8420,8178,8203,
24.01,8412,8173,8198,
24.02,8398,8173,8198,
24.026,8393,8173,8200,
24.04,8387,8173,8200,
24.048,8379,8175,8195,
24.06,8372,8173,8192,
24.069,8361,8173,8195,
24.079,8345,8173,8192,
24.089,8337,8173,8192,
24.1,8323,8170,8190,
24.109,8315,8173,8190,
24.119,8301,8173,8187,
24.13,8291,8173,8187,
24.14,8283,8173,8185,
24.149,8276,8173,8185,
24.159,8279,8173,8182,
24.168,8299,8173,8177,
24.178,8271,8173,8177,
24.189,8249,8175,8182,
24.199,8244,8173,8182,
24.209,8238,8173,8180,
24.217,8235,8173,8180,
24.226,8233,8173,8180,
24.238,8230,8173,8180,
24.25,8227,8173,8180,
24.258,8225,8173,8180,
24.268,8222,8173,8180,
24.278,8219,8173,8177,
24.29,8217,8173,8180,
24.299,8214,8173,8180,
24.311,8211,8173,8177,
24.319,8203,8173,8177,
24.328,8192,8173,8174,
24.34,8188,8173,8174,
24.348,8182,8173,8177,
24.359,8179,8173,8174,
24.369,8177,8173,8174,
24.377,8174,8173,8177,
24.388,8171,8173,8174,
24.399,8168,8173,8172,
24.41,8155,8175,8177,
24.421,8158,8175,8177,
24.448,8152,8175,8174,
24.449,8147,8173,8174,
24.45,8141,8175,8177,
24.461,8133,8178,8174,
24.47,8122,8173,8174,
24.478,8112,8175,8177,
24.488,8106,8173,8177,
24.5,8094,8175,8177,
24.508,8083,8175,8177,
24.517,8077,8175,8177,
24.53,8069,8178,8174,
24.54,8058,8178,8174,
24.549,8053,8181,8177,
24.56,8031,8178,8177,
24.567,8012,8175,8177,
24.579,8028,8188,8177,
24.593,8018,8186,8177,
24.6,8015,8183,8174,
24.606,8012,8191,8174,
24.619,8007,8188,8177,
24.63,8003,8191,8174,
24.639,7995,8186,8177,
24.648,7995,8188,8174,
24.66,7988,8191,8177,
24.67,7983,8191,8177,
24.679,7972,8193,8177,
24.686,7970,8193,8177,
24.697,7961,8199,8177,
24.709,7951,8193,8177,
24.719,7961,8196,8177,
24.727,7951,8196,8174,
24.738,7948,8196,8177,
24.749,7934,8201,8174,
24.757,7906,8191,8174,
24.768,7875,8191,8174,
24.78,7884,8193,8177,
24.79,7912,8206,8172,
24.799,7906,8196,8174,
24.809,7915,8204,8174,
24.818,7912,8196,8174,
24.828,7904,8201,8174,
24.836,7906,8204,8174,
24.847,7906,8209,8177,
24.857,7898,8204,8177,
24.867,7901,8201,8174,
24.877,7904,8201,8172,
24.886,7904,8201,8174,
24.898,7893,8206,8174,
24.908,7895,8204,8174,
24.918,7895,8204,8174,
24.928,7901,8212,8174,
24.938,7904,8206,8177,
24.947,7889,8204,8174,
24.958,7862,8186,8174,
24.969,7809,8188,8180,
24.979,7862,8214,8180,
24.988,7848,8212,8177,
24.997,7865,8199,8180,
25.009,7851,8219,8177,
25.02,7865,8214,8177,
25.027,7865,8209,8177,
25.037,7854,8206,8174,
25.048,7870,8219,8177,
25.059,7857,8222,8177,
25.067,7862,8212,8177,
25.077,7862,8206,8174,
25.086,7851,8212,8174,
25.099,7859,8214,8172,
25.109,7843,8204,8174,
25.119,7851,8209,8174,
25.129,7859,8217,8174,
25.135,7854,8214,8172,
25.147,7857,8214,8177,
25.157,7827,8188,8177,
25.169,7784,8191,8177,
25.177,7812,8204,8177,
25.188,7843,8209,8177,
25.198,7859,8196,8174,
25.206,7873,8217,8177,
25.218,7848,8206,8174,
25.227,7865,8212,8174,
25.238,7875,8214,8177,
25.248,7865,8212,8177,
25.259,7846,8217,8172,
25.267,7859,8204,8177,
25.277,7857,8214,8177,
25.287,7851,8206,8177,
25.298,7846,8206,8174,
25.309,7840,8206,8174,
25.319,7840,8219,8177,
25.326,7846,8212,8174,
25.336,7835,8219,8177,
25.348,7835,8209,8177,
25.359,7768,8196,8174,
25.365,7762,8193,8177,
25.376,7781,8206,8180,
25.388,7820,8222,8177,
25.398,7840,8212,8174,
25.406,7835,8217,8174,
25.417,7840,8214,8177,
25.427,7843,8206,8174,
25.438,7843,8214,8174,
25.447,7870,8214,8180,
25.455,7840,8217,8174,
25.466,7838,8206,8174,
25.479,7857,8209,8174,
25.489,7851,8209,8174,
25.498,7843,8212,8174,
25.509,7870,8212,8177,
25.516,7851,8201,8177,
25.528,7865,8212,8172,
25.537,7865,8214,8180,
25.548,7873,8209,8180,
25.557,7840,8199,8177,
25.579,7799,8196,8174,
25.58,7829,8199,8172,
25.586,7862,8217,8177,
25.598,7870,8204,8174,
25.606,7865,8201,8169,
25.616,7878,8196,8174,
25.627,7875,8196,8174,
25.638,7889,8201,8174,
25.648,7901,8201,8177,
25.661,7895,8199,8174,
25.666,7912,8193,8177,
25.676,7915,8204,8177,
25.687,7921,8204,8174,
25.695,7937,8199,8177,
25.706,7937,8193,8177,
25.717,7945,8196,8174,
25.726,7961,8196,8172,
25.739,7964,8196,8174,
25.747,7972,8193,8177,
25.759,7948,8183,8174,
25.767,7934,8186,8177,
25.776,7986,8193,8180,
25.788,7978,8193,8177,
25.797,7983,8191,8174,
25.807,7991,8191,8177,
25.818,7991,8191,8174,
25.828,8015,8193,8174,
25.834,8012,8196,8174,
25.846,8026,8186,8174,
25.856,8026,8188,8177,
25.866,8026,8193,8174,
25.877,8026,8186,8177,
25.886,8028,8188,8174,
25.897,8026,8183,8177,
25.909,8037,8193,8174,
25.915,8031,8186,8174,
25.925,8034,8191,8174,
25.935,8042,8181,8174,
25.946,8042,8183,8174,
25.957,8028,8181,8177,
25.968,8012,8181,8172,
25.976,8050,8188,8174,
25.986,8045,8181,8174,
25.997,8047,8186,8174,
26.006,8050,8188,8174,
26.015,8047,8183,8174,
26.027,8045,8183,8177,
26.038,8045,8183,8174,
26.047,8045,8181,8177,
26.055,8045,8178,8174,
26.064,8047,8183,8177,
26.078,8045,8188,8174,
26.086,8042,8181,8174,
26.097,8042,8183,8177,
26.108,8042,8183,8177,
26.117,8045,8181,8177,
26.127,8053,8181,8174,
26.136,8055,8181,8174,
26.144,8055,8183,8174,
26.157,8055,8181,8174,
26.168,8045,8178,8177,
26.175,8072,8183,8174,
26.185,8069,8183,8177,
26.197,8074,8178,8174,
26.209,8080,8181,8177,
26.217,8083,8181,8174,
26.226,8092,8178,8174,
26.235,8092,8181,8177,
26.248,8094,8181,8174,
26.257,8097,8175,8174,
26.265,8101,8175,8177,
26.278,8103,8173,8180,
26.286,8106,8178,8177,
26.296,8109,8175,8180,
26.306,8114,8173,8180,
26.316,8120,8173,8180,
26.326,8125,8173,8177,
26.337,8136,8173,8177,
26.345,8141,8173,8177,
26.355,8147,8175,8177,
26.368,8144,8175,8177,
26.375,8160,8173,8177,
26.384,8168,8173,8180,
26.396,8177,8175,8180,
26.405,8185,8170,8177,
26.414,8192,8173,8177,
26.427,8230,8178,8180,
26.435,8211,8168,8167,
26.446,8235,8175,8182,
26.454,8249,8173,8185,
26.467,8268,8173,8185,
26.476,8283,8173,8185,
26.487,8296,8173,8185,
26.496,8312,8173,8190,
26.505,8334,8173,8190,
26.516,8347,8173,8192,
26.526,8361,8173,8192,
26.536,8382,8173,8195,
26.546,8393,8173,8198,
26.556,8417,8175,8195,
26.566,8479,8178,8182,
26.576,8444,8175,8198,
26.587,8433,8178,8205,
26.596,8442,8173,8203,
26.609,8444,8173,8203,
26.615,8444,8173,8205,
26.626,8450,8175,8205,
26.637,8458,8173,8205,
26.643,8461,8178,8208,
26.656,8471,8173,8205,
26.666,8479,8173,8208,
26.676,8490,8173,8210,
26.687,8498,8175,8208,
26.696,8498,8170,8213,
26.706,8506,8170,8216,
26.715,8522,8175,8216,
26.726,8519,8175,8213,
26.734,8522,8170,8216,
26.743,8538,8175,8218,
26.757,8576,8175,8208,
26.766,8642,8173,8192,
26.775,8608,8175,8203,
26.786,8556,8173,8221,
26.794,8553,8170,8221,
26.81,8556,8173,8218,
26.813,8546,8173,8216,
26.826,8556,8173,8216,
26.836,8556,8175,8218,
26.846,8549,8175,8221,
26.859,8565,8178,8221,
26.865,8565,8173,8216,
26.874,8562,8175,8221,
26.886,8565,8173,8221,
26.894,8558,8175,8221,
26.905,8567,8173,8221,
26.915,8556,8178,8221,
26.926,8565,8178,8221,
26.935,8556,8178,8221,
26.945,8565,8170,8218,
26.953,8605,8175,8205,
26.965,8683,8173,8190,
26.977,8611,8175,8213,
26.983,8567,8170,8221,
26.996,8562,8170,8223,
27.007,8546,8170,8221,
27.016,8544,8175,8218,
27.027,8546,8170,8218,
27.034,8546,8175,8218,
27.045,8538,8170,8216,
27.055,8544,8175,8218,
27.067,8546,8170,8221,
27.076,8533,8170,8221,
27.085,8536,8170,8216,
27.096,8538,8168,8218,
27.106,8533,8175,8216,
27.114,8536,8173,8216,
27.125,8533,8173,8216,
27.133,8533,8173,8218,
27.146,8530,8175,8218,
27.156,8562,8173,8213,
27.165,8632,8173,8192,
27.175,8576,8173,8210,
27.186,8530,8170,8221,
27.196,8530,8170,8218,
27.204,8533,8170,8218,
27.217,8533,8170,8216,
27.227,8538,8173,8216,
27.236,8530,8175,8218,
27.245,8533,8173,8218,
27.254,8536,8173,8216,
27.266,8530,8175,8223,
27.276,8538,8173,8218,
27.284,8538,8173,8221,
27.293,8538,8173,8218,
27.304,8538,8173,8218,
27.316,8533,8173,8218,
27.325,8530,8175,8223,
27.335,8527,8175,8221,
27.345,8530,8173,8216,
27.354,8586,8173,8203,
27.365,8678,8173,8185,
27.375,8656,8175,8195,
27.384,8570,8173,8216,
27.395,8538,8173,8221,
27.405,8527,8173,8216,
27.413,8517,8178,8218,
27.426,8509,8175,8216,
27.436,8500,8170,8213,
27.448,8506,8175,8216,
27.455,8503,8170,8213,
27.466,8506,8173,8210,
27.476,8495,8173,8210,
27.486,8500,8170,8213,
27.494,8495,8170,8213,
27.504,8492,8175,8216,
27.512,8490,8175,8213,
27.524,8484,8175,8213,
27.535,8481,8175,8213,
27.543,8484,8173,8213,
27.554,8503,8173,8208,
27.565,8581,8170,8190,
27.576,8565,8175,8200,
27.585,8498,8173,8213,
27.594,8481,8175,8210,
27.605,8471,8175,8208,
27.615,8473,8173,8208,
27.626,8458,8175,8210,
27.636,8463,8175,8208,
27.645,8461,8173,8205,
27.656,8458,8173,8208,
27.666,8452,8173,8208,
27.674,8455,8173,8205,
27.683,8452,8175,8208,
27.696,8455,8173,8208,
27.702,8458,8175,8210,
27.715,8458,8175,8208,
27.726,8463,8175,8205,
27.736,8461,8173,8208,
27.746,8463,8170,8208,
27.754,8490,8173,8200,
27.764,8570,8173,8185,
27.776,8514,8170,8203,
27.783,8473,8170,8210,
27.795,8468,8173,8205,
27.802,8452,8173,8208,
27.813,8444,8175,8205,
27.826,8447,8173,8205,
27.834,8450,8173,8203,
27.843,8439,8173,8205,
27.853,8436,8173,8203,
27.864,8431,8175,8203,
27.876,8431,8173,8203,
27.884,8425,8173,8200,
27.894,8417,8175,8203,
27.904,8409,8173,8205,
27.914,8404,8173,8200,
27.923,8404,8173,8200,
27.932,8401,8173,8198,
27.944,8396,8173,8200,
27.953,8414,8173,8192,
27.965,8476,8168,8185,
27.974,8436,8173,8192,
27.984,8387,8170,8195,
27.996,8385,8175,8198,
28.005,8372,8173,8195,
28.011,8369,8173,8195,
28.024,8361,8173,8195,
28.034,8353,8173,8192,
28.044,8342,8173,8192,
28.053,8339,8173,8192,
28.062,8329,8173,8190,
28.074,8323,8173,8190,
28.083,8318,8173,8187,
28.093,8312,8173,8190,
28.104,8307,8173,8187,
28.113,8301,8173,8187,
28.122,8293,8173,8187,
28.134,8285,8173,8187,
28.141,8283,8173,8187,
28.154,8283,8173,8185,
28.164,8301,8173,8180,
28.176,8285,8173,8182,
28.182,8260,8173,8185,
28.194,8252,8173,8182,
28.203,8241,8170,8180,
28.212,8233,8173,8180,
28.225,8225,8173,8177,
28.231,8217,8173,8180,
28.246,8211,8173,8177,
28.254,8206,8173,8177,
28.263,8200,8173,8177,
28.275,8195,8173,8177,
28.284,8188,8173,8174,
28.293,8182,8173,8177,
28.304,8179,8173,8174,
28.313,8177,8173,8174,
28.325,8174,8173,8174,
28.335,8174,8173,8174,
28.346,8171,8173,8174,
28.353,8171,8173,8174,
28.362,8168,8170,8174,
28.372,8166,8173,8177,
28.383,8166,8175,8174,
28.391,8160,8175,8174,
28.403,8160,8175,8174,
28.411,8158,8175,8174,
28.423,8158,8173,8174,
28.433,8158,8173,8174,
28.442,8155,8175,8177,
28.452,8152,8175,8177,
28.462,8152,8173,8177,
28.473,8152,8175,8174,
28.481,8150,8173,8177,
28.493,8147,8173,8177,
28.502,8147,8173,8174,
28.511,8141,8175,8174,
28.522,8136,8173,8174,
28.531,8131,8173,8177,
28.543,8125,8175,8174,
28.551,8112,8175,8177,
28.564,8094,8178,8177,
28.572,8097,8181,8177,
28.583,8088,8181,8177,
28.593,8083,8178,8174,
28.604,8074,8181,8177,
28.613,8066,8181,8177,
28.623,8055,8181,8177,
28.633,8050,8183,8177,
28.641,8045,8183,8177,
28.652,8031,8183,8177,
28.662,8026,8183,8177,
28.672,8012,8181,8174,
28.685,8009,8191,8174,
28.701,7995,8188,8174,
28.702,7991,8191,8174,
28.713,7983,8193,8174,
28.722,7975,8186,8177,
28.733,7972,8191,8177,
28.745,7967,8188,8174,
28.751,7923,8178,8180,
28.763,7901,8191,8174,
28.772,7932,8199,8182,
28.781,7929,8199,8177,
28.795,7940,8193,8177,
28.8,7932,8196,8174,
28.813,7942,8186,8174,
28.823,7923,8206,8174,
28.833,7926,8199,8177,
28.844,7926,8199,8174,
28.856,7932,8204,8177,
28.861,7923,8201,8177,
28.878,7909,8199,8174,
28.884,7904,8199,8177,
28.893,7915,8209,8174,
28.902,7909,8206,8177,
28.911,7915,8201,8177,
28.923,7904,8204,8177,
28.933,7904,8206,8177,
28.944,7901,8206,8177,
28.953,7881,8201,8174,
28.96,7827,8188,8180,
28.974,7854,8204,8177,
28.982,7878,8201,8177,
28.993,7889,8204,8177,
29.003,7886,8201,8177,
29.011,7895,8204,8174,
29.022,7893,8199,8174,
29.031,7889,8201,8174,
29.045,7893,8209,8174,
29.051,7886,8206,8174,
29.062,7884,8193,8174,
29.072,7878,8201,8174,
29.082,7873,8209,8174,
29.093,7870,8212,8177,
29.102,7862,8204,8177,
29.112,7857,8204,8174,
29.127,7846,8204,8174,
29.133,7865,8212,8174,
29.141,7851,8206,8174,
29.153,7809,8196,8177,
29.162,7776,8199,8174,
29.171,7799,8204,8180,
29.182,7838,8212,8169,
29.193,7840,8214,8174,
29.204,7846,8201,8174,
29.211,7840,8212,8172,
29.222,7838,8214,8174,
29.233,7843,8209,8180,
29.242,7832,8224,8180,
29.253,7820,8212,8180,
29.26,7812,8219,8177,
29.274,7812,8224,8180,
29.283,7827,8212,8177,
29.294,7807,8217,8177,
29.302,7807,8227,8177,
29.311,7809,8212,8174,
29.323,7815,8219,8180,
29.333,7812,8212,8182,
29.344,7787,8217,8174,
29.352,7757,8219,8177,
29.362,7710,8196,8177,
29.373,7721,8201,8174,
29.382,7784,8219,8174,
29.393,7784,8217,8174,
29.403,7799,8232,8174,
29.413,7799,8204,8174,
29.421,7801,8230,8172,
29.43,7796,8217,8177,
29.443,7784,8199,8172,
29.452,7796,8212,8174,
29.462,7796,8219,8180,
29.473,7796,8212,8177,
29.481,7804,8230,8174,
29.494,7799,8214,8177,
29.501,7793,8212,8174,
29.51,7793,8212,8174,
29.522,7796,8232,8174,
29.532,7791,8217,8174,
29.543,7799,8227,8177,
29.551,7762,8209,8174,
29.56,7715,8196,8177,
29.571,7743,8209,8174,
29.582,7791,8222,8172,
29.592,7804,8219,8174,
29.602,7804,8212,8169,
29.611,7820,8217,8177,
29.623,7807,8237,8177,
29.63,7824,8214,8174,
29.641,7809,8219,8174,
29.652,7818,8212,8180,
29.662,7809,8222,8177,
29.669,7809,8214,8177,
29.679,7824,8219,8174,
29.693,7815,8230,8174,
29.701,7812,8214,8177,
29.713,7818,8219,8177,
29.72,7827,8217,8177,
29.744,7827,8219,8174,
29.745,7840,8222,8174,
29.753,7804,8191,8174,
29.76,7757,8193,8174,
29.772,7812,8212,8177,
29.781,7829,8219,8174,
29.791,7843,8219,8177,
29.801,7843,8222,8177,
29.812,7846,8212,8177,
29.821,7846,8209,8177,
29.832,7843,8214,8174,
29.842,7846,8214,8177,
29.851,7832,8214,8174,
29.861,7843,8214,8174,
29.87,7851,8212,8174,
29.883,7843,8209,8177,
29.891,7846,8212,8174,
29.902,7851,8206,8174,
29.91,7854,8219,8174,
29.923,7846,8201,8172,
29.931,7848,8204,8180,
29.939,7857,8212,8177,
29.951,7827,8196,8177,
29.961,7771,8193,8174,
29.969,7827,8209,8172,
29.98,7815,8204,8174,
29.993,7835,8214,8172,
30.002,7838,8217,8174,
30.01,7851,8219,8174,
30.02,7851,8204,8177,
30.031,7848,8204,8174,
30.042,7843,8204,8174,
30.053,7848,8209,8177,
30.06,7843,8219,8177,
30.069,7838,8212,8180,
30.079,7835,8206,8174,
30.092,7827,8224,8174,
30.1,7829,8214,8174,
30.108,7820,8219,8177,
30.121,7820,8214,8177,
30.131,7807,8214,8174,
30.14,7793,8217,8174,
30.15,7724,8212,8180,
30.161,7679,8199,8180,
30.171,7691,8206,8174,
30.179,7733,8232,8172,
30.19,7746,8224,8174,
30.202,7746,8227,8180,
30.211,7715,8227,8177,
30.22,7726,8242,8180,
30.23,7715,8237,8172,
30.242,7718,8224,8172,
30.252,7741,8245,8174,
30.26,7715,8227,8174,
30.268,7694,8239,8174,
30.28,7715,8232,8174,
30.29,7710,8247,8177,
30.302,7686,8232,8174,
30.311,7666,8250,8172,
30.321,7658,8260,8174,
30.33,7647,8255,8182,
30.341,7632,8239,8177,
30.351,7602,8219,8172,
30.362,7511,8209,8174,
30.372,7508,8212,8174,
30.379,7586,8265,8172,
30.392,7581,8250,8177,
30.4,7569,8260,8177,
30.41,7597,8252,8177,
30.426,7621,8250,8177,
30.429,7602,8237,8180,
30.442,7629,8245,8169,
30.45,7611,8250,8174,
30.459,7639,8281,8180,
30.471,7652,8263,8180,
30.482,7641,8260,8172,
30.489,7668,8227,8177,
30.499,7688,8239,8172,
30.51,7710,8232,8177,
30.523,7710,8230,8169,
30.529,7694,8219,8172,
30.539,7707,8224,8180,
30.551,7686,8212,8174,
30.56,7629,8204,8177,
30.57,7660,8214,8169,
30.58,7713,8224,8180,
30.591,7721,8247,8177,
30.6,7699,8227,8182,
30.61,7718,8224,8174,
30.621,7738,8239,8174,
30.628,7743,8222,8182,
30.642,7743,8252,8177,
30.65,7762,8237,8172,
30.66,7773,8230,8177,
30.67,7765,8214,8180,
30.68,7773,8224,8174,
30.689,7771,8224,8174,
30.7,7781,8206,8174,
30.709,7793,8219,8174,
30.721,7832,8219,8174,
30.728,7827,8222,8174,
30.741,7838,8219,8180,
30.75,7812,8199,8177,
30.76,7787,8191,8177,
30.771,7854,8199,8174,
30.78,7889,8209,8174,
30.79,7923,8201,8177,
30.802,7934,8199,8177,
30.812,7956,8199,8174,
30.833,7978,8186,8177,
30.834,7988,8193,8174,
30.84,8012,8186,8174,
30.85,8042,8183,8174,
30.861,8066,8183,8177,
30.872,8085,8181,8177,
30.879,8103,8178,8174,
30.889,8117,8175,8177,
30.9,8128,8178,8177,
30.91,8141,8175,8177,
30.92,8158,8173,8177,
30.929,8168,8173,8177,
30.939,8177,8173,8177,
30.949,8182,8173,8177,
30.962,8195,8165,8177,
30.969,8208,8173,8177,
30.979,8211,8191,8195,
30.992,8233,8168,8169,
30.998,8241,8173,8180,
31.011,8246,8173,8180,
31.019,8249,8173,8182,
31.031,8257,8173,8185,
31.041,8263,8173,8182,
31.049,8273,8173,8182,
31.062,8283,8173,8185,
31.071,8296,8173,8187,
31.079,8307,8173,8187,
31.089,8318,8173,8190,
31.102,8331,8173,8190,
31.108,8342,8173,8192,
31.12,8353,8173,8192,
31.129,8366,8173,8195,
31.138,8377,8170,8195,
31.149,8396,8173,8195,
31.161,8447,8173,8182,
31.171,8406,8175,8190,
31.179,8379,8173,8198,
31.191,8379,8170,8198,
31.198,8372,8170,8195,
31.208,8361,8173,8195,
31.219,8358,8173,8192,
31.228,8358,8173,8190,
31.24,8353,8173,8195,
31.249,8356,8173,8192,
31.257,8361,8170,8192,
31.27,8361,8173,8195,
31.279,8372,8173,8192,
31.289,8372,8173,8195,
31.299,8385,8173,8195,
31.309,8390,8173,8198,
31.32,8398,8173,8195,
31.33,8401,8173,8200,
31.34,8414,8173,8200,
31.351,8431,8175,8195,
31.359,8500,8170,8187,
31.368,8479,8173,8195,
31.377,8447,8170,8203,
31.392,8450,8175,8208,
31.399,8463,8170,8205,
31.409,8479,8173,8205,
31.42,8487,8173,8208,
31.427,8495,8173,8210,
31.438,8495,8173,8210,
31.447,8509,8170,8213,
31.457,8517,8173,8213,
31.469,8522,8175,8213,
31.477,8522,8175,8216,
31.489,8519,8170,8216,
31.499,8527,8175,8213,
31.509,8533,8173,8216,
31.518,8544,8175,8216,
31.527,8553,8175,8218,
31.537,8570,8170,8218,
31.548,8622,8175,8205,
31.558,8689,8175,8195,
31.569,8647,8175,8213,
31.579,8603,8173,8228,
31.59,8608,8173,8228,
31.599,8608,8175,8228,
31.609,8613,8170,8231,
31.62,8622,8173,8235,
31.63,8622,8175,8231,
31.639,8627,8168,8231,
31.649,8632,8173,8228,
31.659,8632,8178,8235,
31.67,8632,8170,8228,
31.677,8624,8170,8241,
31.687,8622,8173,8238,
31.697,8630,8173,8231,
31.71,8639,8173,8238,
31.718,8635,8173,8238,
31.728,8632,8173,8235,
31.737,8627,8175,8238,
31.748,8680,8173,8228,
31.756,8747,8173,8208,
31.769,8697,8170,8223,
31.781,8656,8170,8246,
31.79,8644,8165,8231,
31.8,8644,8168,8226,
31.807,8642,8173,8235,
31.818,8650,8173,8235,
31.83,8644,8175,8238,
31.84,8653,8175,8238,
31.847,8635,8173,8228,
31.86,8632,8173,8241,
31.87,8624,8173,8231,
31.878,8619,8175,8228,
31.889,8611,8173,8231,
31.897,8603,8168,8231,
31.907,8597,8175,8231,
31.919,8581,8175,8228,
31.928,8589,8170,8231,
31.937,8597,8175,8228,
31.948,8630,8173,8216,
31.958,8727,8170,8192,
31.968,8650,8170,8216,
31.977,8597,8170,8226,
31.988,8594,8175,8228,
31.999,8586,8170,8226,
32.01,8584,8173,8228,
32.016,8578,8175,8223,
32.029,8578,8170,8218,
32.037,8570,8173,8226,
32.048,8567,8173,8226,
32.058,8576,8173,8223,
32.068,8573,8173,8218,
32.079,8578,8170,8223,
32.088,8567,8173,8223,
32.097,8567,8170,8223,
32.107,8576,8170,8221,
32.118,8573,8170,8223,
32.127,8570,8173,8223,
32.138,8578,8170,8218,
32.148,8600,8170,8210,
32.16,8697,8173,8190,
32.169,8616,8170,8216,
32.179,8570,8170,8223,
32.189,8556,8173,8218,
32.197,8544,8175,8218,
32.208,8546,8178,8218,
32.219,8549,8175,8216,
32.227,8544,8173,8221,
32.24,8536,8170,8218,
32.247,8544,8170,8218,
32.259,8546,8170,8216,
32.267,8546,8173,8221,
32.277,8541,8173,8221,
32.288,8549,8173,8216,
32.298,8549,8173,8218,
32.311,8538,8173,8221,
32.318,8541,8170,8221,
32.327,8538,8168,8218,
32.337,8538,8170,8218,
32.349,8586,8175,8208,
32.358,8675,8173,8187,
32.366,8644,8175,8205,
32.378,8549,8170,8223,
32.386,8549,8173,8221,
32.396,8546,8170,8213,
32.409,8546,8173,8218,
32.42,8538,8173,8218,
32.427,8541,8175,8221,
32.437,8541,8170,8218,
32.449,8538,8173,8221,
32.462,8544,8173,8221,
32.469,8549,8175,8218,
32.477,8546,8175,8218,
32.485,8541,8170,8216,
32.498,8549,8173,8218,
32.51,8544,8170,8221,
32.518,8546,8173,8221,
32.528,8544,8170,8218,
32.539,8544,8173,8218,
32.549,8586,8170,8208,
32.557,8661,8173,8187,
32.567,8600,8173,8208,
32.576,8536,8175,8218,
32.589,8533,8173,8216,
32.599,8527,8173,8218,
32.609,8536,8170,8218,
32.617,8527,8173,8213,
32.627,8530,8170,8221,
32.637,8530,8173,8216,
32.648,8527,8170,8218,
32.655,8522,8173,8216,
32.667,8525,8170,8216,
32.677,8522,8175,8218,
32.687,8519,8173,8216,
32.697,8514,8170,8216,
32.706,8509,8173,8216,
32.715,8514,8173,8210,
32.727,8511,8173,8216,
32.737,8517,8170,8213,
32.747,8553,8173,8208,
32.758,8644,8170,8190,
32.766,8619,8173,8200,
32.776,8538,8173,8216,
32.787,8527,8173,8218,
32.797,8517,8173,8216,
32.805,8514,8173,8218,
32.817,8509,8170,8216,
32.826,8503,8173,8218,
32.836,8500,8173,8216,
32.846,8500,8168,8210,
32.86,8495,8170,8213,
32.867,8487,8170,8216,
32.877,8484,8173,8210,
32.887,8492,8173,8205,
32.897,8481,8173,8210,
32.91,8479,8173,8210,
32.933,8481,8175,8208,
32.934,8479,8175,8210,
32.936,8484,8173,8205,
32.949,8536,8175,8195,
32.955,8605,8173,8182,
32.968,8581,8170,8195,
32.979,8500,8170,8210,
32.987,8492,8170,8213,
32.996,8484,8173,8208,
33.006,8479,8173,8210,
33.016,8481,8175,8210,
33.027,8479,8170,8208,
33.036,8476,8173,8210,
33.048,8476,8173,8208,
33.056,8461,8173,8213,
33.067,8468,8173,8208,
33.076,8455,8175,8208,
33.089,8455,8173,8205,
33.1,8452,8173,8205,
33.106,8442,8173,8205,
33.115,8436,8170,8205,
33.128,8433,8175,8203,
33.134,8425,8173,8205,
33.146,8447,8173,8198,
33.159,8517,8173,8180,
33.167,8498,8175,8187,
33.177,8428,8175,8198,
33.186,8414,8173,8203,
33.197,8398,8173,8200,
33.206,8396,8173,8198,
33.216,8387,8175,8198,
33.226,8379,8173,8195,
33.238,8364,8173,8195,
33.248,8358,8173,8192,
33.258,8347,8173,8192,
33.266,8347,8173,8192,
33.277,8339,8175,8190,
33.287,8337,8175,8190,
33.296,8329,8173,8192,
33.306,8329,8173,8190,
33.317,8323,8173,8190,
33.326,8315,8173,8190,
33.336,8310,8173,8185,
33.344,8312,8173,8182,
33.357,8345,8173,8174,
33.368,8299,8170,8185,
33.376,8279,8170,8182,
33.385,8265,8173,8180,
33.396,8257,8173,8180,
33.405,8244,8173,8177,
33.416,8230,8173,8177,
33.426,8219,8173,8174,
33.437,8206,8173,8177,
33.445,8192,8173,8177,
33.457,8177,8173,8174,
33.467,8166,8173,8172,
33.478,8160,8175,8174,
33.484,8136,8175,8172,
33.496,8117,8178,8177,
33.506,8101,8178,8177,
33.517,8080,8181,8177,
33.527,8064,8181,8177,
33.539,8045,8186,8177,
33.546,8009,8186,8177,
33.557,7975,8181,8177,
33.567,7978,8191,8180,
33.576,7972,8196,8177,
33.587,7953,8193,8177,
33.596,7940,8193,8177,
33.606,7923,8199,8174,
33.615,7906,8193,8174,
33.627,7898,8212,8174,
33.637,7875,8214,8174,
33.646,7862,8214,8177,
33.657,7848,8209,8177,
33.667,7827,8212,8174,
33.677,7824,8212,8177,
33.686,7804,8224,8180,
33.697,7791,8222,8174,
33.705,7781,8209,8174,
33.717,7773,8222,8174,
33.726,7757,8227,8177,
33.739,7738,8222,8177,
33.746,7655,8196,8174,
33.756,7624,8206,8174,
33.764,7619,8209,8177,
33.776,7699,8252,8177,
33.786,7694,8227,8174,
33.797,7699,8245,8182,
33.808,7699,8224,8172,
33.817,7713,8224,8172,
33.826,7710,8232,8177,
33.835,7696,8232,8169,
33.846,7715,8239,8177,
33.855,7696,8245,8174,
33.865,7702,8214,8172,
33.876,7699,8239,8177,
33.887,7702,8245,8177,
33.895,7682,8232,8177,
33.907,7694,8224,8177,
33.916,7694,8227,8172,
33.927,7688,8242,8174,
33.936,7668,8230,8169,
33.945,7619,8219,8182,
33.955,7563,8212,8174,
33.967,7572,8224,8180,
33.974,7641,8245,8174,
33.986,7641,8260,8174,
33.994,7644,8255,8169,
34.007,7641,8245,8177,
34.014,7635,8239,8174,
34.026,7635,8255,8172,
34.037,7605,8237,8169,
34.047,7621,8247,8182,
34.056,7597,8257,8180,
34.065,7629,8245,8185,
34.075,7611,8268,8174,
34.086,7629,8250,8174,
34.094,7616,8260,8174,
34.104,7616,8232,8177,
34.117,7641,8232,8172,
34.125,7649,8245,8180,
34.135,7629,8239,8180,
34.143,7602,8222,8180,
34.155,7550,8199,8172,
34.166,7605,8217,8172,
34.175,7691,8247,8174,
34.186,7705,8232,8172,
34.194,7699,8242,8177,
34.205,7696,8222,8177,
34.216,7707,8250,8174,
34.227,7729,8239,8177,
34.233,7733,8232,8172,
34.245,7749,8222,8180,
34.255,7746,8232,8180,
34.267,7746,8217,8177,
34.276,7746,8219,8172,
34.286,7765,8239,8174,
34.294,7765,8230,8174,
34.305,7771,8222,8174,
34.316,7773,8222,8174,
34.326,7791,8209,8180,
34.336,7796,8212,8174,
34.346,7749,8204,8185,
34.355,7713,8191,8177,
34.364,7768,8217,8177,
34.376,7787,8209,8174,
34.385,7801,8227,8174,
34.395,7807,8209,8177,
34.405,7807,8222,8177,
34.416,7818,8217,8177,
34.426,7832,8204,8177,
34.436,7848,8212,8177,
34.443,7862,8230,8169,
34.454,7857,8206,8174,
34.464,7881,8196,8172,
34.476,7901,8212,8177,
34.485,7878,8201,8174,
34.494,7909,8212,8174,
34.505,7901,8196,8174,
34.514,7918,8199,8174,
34.526,7923,8204,8172,
34.535,7923,8199,8180,
34.545,7904,8196,8174,
34.555,7870,8191,8177,
34.564,7926,8204,8172,
34.577,7915,8201,8177,
34.584,7929,8204,8177,
34.595,7912,8201,8177,
34.605,7937,8196,8177,
34.613,7926,8204,8180,
34.625,7937,8193,8174,
34.635,7942,8199,8177,
34.646,7951,8201,8174,
34.654,7956,8196,8177,
34.662,7970,8196,8174,
34.673,7980,8193,8177,
34.684,7972,8199,8177,
34.693,7972,8204,8174,
34.705,7964,8201,8174,
34.714,7972,8193,8177,
34.724,7980,8186,8177,
34.736,7986,8191,8174,
34.743,7959,8178,8174,
34.753,7951,8183,8177,
34.764,7988,8193,8172,
34.774,7983,8193,8177,
34.785,7991,8186,8177,
34.796,7998,8188,8174,
34.804,8000,8196,8174,
34.814,8009,8186,8172,
34.827,8015,8188,8174,
34.835,8023,8191,8174,
34.846,8012,8186,8177,
34.852,8020,8191,8177,
34.864,8012,8193,8174,
34.875,8012,8183,8174,
34.884,8015,8193,8174,
34.895,8034,8188,8177,
34.905,8045,8186,8174,
34.912,8061,8188,8174,
34.925,8074,8183,8174,
34.935,8074,8181,8177,
34.945,8066,8181,8177,
34.953,8055,8175,8172,
34.966,8088,8181,8174,
34.972,8103,8181,8174,
34.985,8122,8178,8177,
34.995,8139,8175,8177,
35.003,8147,8175,8177,
35.014,8150,8173,8177,
35.024,8152,8173,8177,
35.036,8155,8175,8174,
35.043,8158,8173,8177,
35.053,8163,8173,8177,
35.066,8168,8173,8177,
35.077,8174,8173,8174,
35.084,8177,8173,8174,
35.094,8174,8173,8174,
35.104,8171,8173,8177,
35.112,8171,8173,8174,
35.127,8171,8173,8174,
35.135,8174,8173,8174,
35.143,8179,8173,8174,
35.154,8182,8170,8174,
35.163,8185,8175,8177,
35.174,8188,8175,8172,
35.184,8182,8175,8174,
35.193,8182,8178,8177,
35.204,8179,8175,8174,
35.215,8185,8175,8174,
35.226,8219,8178,8180,
35.234,8195,8175,8177,
35.243,8203,8175,8177,
35.253,8203,8175,8177,
35.264,8200,8173,8177,
35.275,8198,8173,8177,
35.285,8200,8173,8177,
35.296,8206,8173,8177,
35.302,8214,8173,8177,
35.314,8227,8173,8180,
35.322,8235,8173,8180,
35.334,8244,8173,8180,
35.344,8252,8173,8180,
35.353,8273,8170,8177,
35.366,8260,8170,8182,
35.376,8257,8173,8185,
35.383,8263,8173,8182,
35.393,8273,8173,8185,
35.405,8283,8173,8185,
35.415,8288,8173,8185,
35.423,8296,8173,8187,
35.432,8301,8173,8187,
35.444,8312,8173,8187,
35.452,8318,8173,8187,
35.463,8326,8173,8190,
35.473,8331,8173,8187,
35.483,8342,8173,8192,
35.493,8356,8173,8192,
35.505,8369,8173,8195,
35.514,8385,8173,8198,
35.525,8398,8170,8198,
35.533,8417,8173,8200,
35.545,8447,8175,8198,
35.551,8503,8173,8190,
35.562,8468,8173,8200,
35.575,8447,8175,8200,
35.583,8442,8175,8203,
35.593,8436,8173,8203,
35.603,8431,8175,8200,
35.615,8428,8173,8203,
35.626,8428,8173,8203,
35.633,8431,8175,8203,
35.643,8439,8173,8203,
35.653,8461,8173,8203,
35.662,8481,8175,8208,
35.675,8503,8173,8213,
35.681,8533,8173,8216,
35.693,8562,8173,8218,
35.704,8573,8175,8221,
35.713,8581,8173,8228,
35.723,8586,8175,8221,
35.735,8592,8178,8226,
35.741,8647,8173,8216,
35.752,8691,8175,8198,
35.762,8616,8175,8216,
35.771,8589,8175,8218,
35.784,8589,8173,8228,
35.794,8592,8173,8228,
35.802,8605,8173,8228,
35.813,8619,8170,8228,
35.825,8630,8173,8228,
35.833,8644,8170,8235,
35.842,8661,8173,8235,
35.854,8670,8170,8231,
35.863,8670,8173,8241,
35.878,8670,8168,8243,
35.882,8680,8173,8238,
35.893,8675,8175,8241,
35.903,8678,8175,8243,
35.912,8672,8173,8243,
35.923,8680,8175,8238,
35.934,8675,8175,8241,
35.944,8713,8173,8223,
35.954,8808,8170,8203,
35.962,8772,8173,8235,
35.975,8689,8175,8254,
35.981,8713,8170,8243,
35.995,8697,8170,8248,
36.002,8705,8173,8254,
36.014,8705,8173,8246,
36.02,8697,8175,8254,
36.033,8707,8173,8256,
36.044,8699,8173,8248,
36.054,8697,8173,8251,
36.06,8689,8173,8248,
36.073,8710,8170,8241,
36.083,8691,8175,8238,
36.094,8699,8170,8246,
36.103,8686,8173,8246,
36.114,8697,8173,8241,
36.123,8689,8175,8241,
36.134,8691,8173,8241,
36.143,8772,8173,8223,
36.151,8839,8173,8203,
36.181,8753,8175,8235,
36.182,8699,8175,8248,
36.182,8672,8173,8246,
36.193,8659,8173,8235,
36.201,8656,8175,8243,
36.211,8630,8173,8248,
36.234,8627,8170,8231,
36.235,8616,8170,8235,
36.243,8603,8170,8235,
36.254,8597,8170,8231,
36.262,8589,8175,8223,
36.272,8573,8170,8231,
36.283,8578,8175,8231,
36.293,8567,8170,8226,
36.304,8562,8170,8221,
36.314,8565,8170,8223,
36.32,8549,8175,8221,
36.331,8565,8175,8218,
36.343,8611,8175,8208,
36.352,8705,8173,8187,
36.36,8686,8173,8195,
36.373,8594,8175,8231,
36.383,8576,8175,8223,
36.392,8556,8170,8221,
36.402,8544,8170,8221,
36.412,8536,8170,8216,
36.424,8530,8173,8218,
36.434,8522,8178,8218,
36.443,8514,8178,8216,
36.451,8506,8173,8216,
36.463,8495,8173,8213,
36.472,8476,8173,8213,
36.487,8463,8175,8205,
36.493,8455,8173,8208,
36.5,8450,8175,8205,
36.512,8450,8175,8203,
36.524,8450,8173,8208,
36.531,8447,8175,8205,
36.541,8476,8173,8203,
36.551,8553,8173,8187,
36.56,8500,8170,8200,
36.569,8461,8170,8208,
36.581,8461,8175,8208,
36.592,8450,8168,8210,
36.6,8444,8170,8203,
36.612,8433,8170,8205,
36.621,8431,8173,8205,
36.632,8425,8173,8200,
36.641,8414,8173,8200,
36.652,8414,8173,8200,
36.66,8404,8175,8200,
36.671,8396,8173,8198,
36.68,8393,8173,8198,
36.692,8382,8173,8198,
36.701,8377,8173,8198,
36.711,8369,8173,8198,
36.723,8358,8173,8195,
36.733,8350,8175,8195,
36.743,8356,8173,8187,
36.752,8406,8173,8180,
36.761,8356,8175,8190,
36.772,8329,8175,8192,
36.781,8320,8178,8192,
36.791,8312,8173,8187,
36.804,8304,8173,8187,
36.81,8299,8173,8187,
36.823,8291,8173,8185,
36.831,8283,8173,8185,
36.843,8283,8173,8185,
36.852,8273,8173,8185,
36.862,8265,8173,8182,
36.872,8260,8173,8182,
36.884,8252,8173,8182,
36.892,8244,8173,8182,
36.902,8235,8173,8180,
36.912,8230,8173,8180,
36.921,8225,8173,8180,
36.931,8222,8173,8180,
36.942,8225,8173,8177,
36.952,8235,8173,8177,
36.961,8225,8173,8180,
36.97,8208,8170,8177,
36.981,8208,8175,8177,
36.991,8214,8173,8177,
37.001,8214,8173,8177,
37.012,8214,8173,8177,
37.023,8211,8173,8180,
37.032,8208,8173,8180,
37.042,8206,8173,8180,
37.051,8206,8173,8180,
37.063,8206,8173,8180,
37.072,8203,8173,8180,
37.082,8203,8173,8180,
37.094,8203,8173,8180,
37.102,8203,8173,8180,
37.112,8203,8173,8180,
37.122,8200,8173,8177,
37.131,8198,8173,8177,
37.141,8198,8173,8177,
37.151,8198,8173,8177,
37.161,8195,8173,8177,
37.171,8188,8170,8174,
37.182,8182,8173,8174,
37.192,8182,8170,8177,
37.199,8177,8173,8174,
37.21,8177,8173,8174,
37.22,8174,8173,8174,
37.228,8171,8173,8174,
37.24,8168,8173,8174,
37.252,8166,8173,8177,
37.261,8158,8178,8177,
37.27,8150,8178,8177,
37.283,8144,8178,8174,
37.292,8136,8178,8174,
37.3,8128,8178,8174,
37.309,8117,8178,8174,
37.32,8109,8178,8177,
37.332,8097,8181,8174,
37.34,8074,8181,8177,
37.351,8047,8181,8177,
37.359,8045,8181,8177,
37.37,8045,8186,8174,
37.382,8031,8183,8174,
37.392,8026,8183,8174,
37.4,8015,8183,8174,
37.41,8007,8186,8174,
37.423,7995,8183,8177,
37.432,7988,8188,8177,
37.443,7986,8193,8174,
37.451,7978,8191,8174,
37.46,7972,8191,8174,
37.47,7964,8193,8174,
37.483,7961,8191,8177,
37.49,7953,8188,8177,
37.5,7948,8191,8177,
37.509,7951,8196,8174,
37.52,7953,8199,8174,
37.533,7940,8199,8177,
37.54,7904,8188,8177,
37.55,7875,8181,8169,
37.561,7929,8201,8174,
37.571,7921,8193,8177,
37.581,7926,8201,8174,
37.589,7940,8196,8177,
37.601,7929,8196,8177,
37.61,7926,8201,8174,
37.619,7929,8204,8177,
37.633,7929,8206,8177,
37.64,7923,8199,8177,
37.65,7923,8209,8177,
37.66,7915,8204,8174,
37.671,7912,8204,8180,
37.682,7921,8196,8177,
37.689,7918,8201,8174,
37.7,7912,8199,8174,
37.71,7918,8204,8177,
37.722,7921,8204,8174,
37.729,7921,8199,8177,
37.74,7893,8193,8174,
37.748,7873,8183,8177,
37.761,7898,8199,8174,
37.769,7929,8206,8174,
37.78,7940,8196,8174,
37.79,7929,8204,8172,
37.802,7940,8204,8177,
37.809,7932,8193,8177,
37.821,7929,8201,8177,
37.829,7932,8201,8174,
37.841,7934,8199,8174,
37.849,7921,8201,8174,
37.86,7929,8199,8174,
37.869,7921,8204,8177,
37.879,7912,8212,8174,
37.89,7904,8201,8177,
37.901,7912,8199,8174,
37.909,7901,8224,8177,
37.921,7895,8201,8174,
37.932,7893,8199,8174,
37.942,7867,8193,8174,
37.952,7824,8191,8172,
37.96,7875,8206,8174,
37.969,7873,8199,8174,
37.981,7875,8206,8177,
37.989,7870,8212,8174,
38,7881,8196,8172,
38.009,7873,8204,8174,
38.02,7870,8212,8174,
38.03,7870,8206,8174,
38.039,7881,8204,8174,
38.051,7873,8214,8177,
38.061,7881,8212,8174,
38.069,7867,8201,8174,
38.081,7881,8206,8177,
38.089,7873,8204,8177,
38.101,7867,8206,8177,
38.11,7870,8204,8177,
38.12,7873,8217,8174,
38.128,7873,8214,8174,
38.142,7846,8199,8177,
38.149,7784,8196,8172,
38.16,7843,8214,8180,
38.17,7857,8206,8177,
38.178,7848,8217,8172,
38.19,7848,8214,8177,
38.201,7862,8209,8174,
38.21,7848,8209,8174,
38.221,7859,8214,8174,
38.232,7857,8209,8174,
38.24,7857,8212,8177,
38.25,7835,8209,8174,
38.259,7851,8212,8177,
38.271,7846,8206,8177,
38.277,7848,8209,8174,
38.289,7843,8214,8174,
38.299,7843,8201,8174,
38.311,7851,8201,8177,
38.32,7840,8206,8177,
38.328,7824,8206,8177,
38.339,7784,8191,8177,
38.351,7768,8196,8180,
38.36,7809,8214,8180,
38.369,7809,8214,8182,
38.381,7827,8217,8177,
38.39,7824,8217,8177,
38.401,7832,8214,8177,
38.41,7838,8214,8177,
38.418,7840,8209,8177,
38.429,7835,8206,8177,
38.44,7838,8206,8177,
38.449,7843,8217,8177,
38.458,7835,8201,8177,
38.47,7835,8217,8174,
38.478,7840,8209,8174,
38.49,7857,8217,8172,
38.501,7840,8212,8174,
38.511,7851,8206,8174,
38.519,7851,8212,8180,
38.53,7848,8222,8174,
38.541,7838,8196,8180,
38.55,7787,8193,8177,
38.56,7851,8209,8174,
38.57,7857,8201,8177,
38.578,7873,8217,8174,
38.588,7870,8212,8174,
38.601,7889,8204,8177,
38.608,7884,8206,8177,
38.619,7895,8212,8177,
38.63,7904,8199,8174,
38.64,7915,8204,8174,
38.65,7921,8201,8174,
38.66,7929,8199,8174,
38.669,7956,8201,8174,
38.679,7948,8199,8177,
38.689,7948,8201,8177,
38.7,7953,8199,8177,
38.709,7953,8201,8177,
38.719,7956,8196,8177,
38.727,7964,8199,8177,
38.74,7929,8188,8174,
38.748,7906,8183,8172,
38.76,7929,8196,8174,
38.768,7951,8201,8180,
38.779,7951,8193,8174,
38.788,7956,8193,8174,
38.801,7964,8201,8177,
38.81,7964,8193,8174,
38.819,7978,8196,8174,
38.827,7983,8199,8174,
38.839,7980,8191,8174,
38.85,7988,8193,8177,
38.86,7998,8193,8174,
38.87,8000,8193,8174,
38.878,8018,8186,8174,
38.891,8015,8188,8177,
38.898,8031,8188,8177,
38.908,8028,8186,8174,
38.92,8042,8188,8174,
38.929,8050,8183,8174,
38.938,8047,8175,8174,
38.948,8031,8178,8174,
38.96,8050,8181,8177,
38.969,8066,8186,8177,
38.978,8066,8181,8174,
38.988,8074,8181,8177,
38.999,8077,8181,8177,
39.009,8080,8181,8177,
39.019,8083,8181,8174,
39.027,8080,8181,8174,
39.038,8080,8178,8177,
39.049,8083,8181,8174,
39.059,8085,8181,8174,
39.069,8094,8178,8174,
39.078,8103,8178,8177,
39.089,8109,8178,8177,
39.098,8122,8175,8174,
39.11,8125,8178,8174,
39.121,8136,8175,8174,
39.127,8139,8175,8174,
39.138,8141,8175,8177,
39.149,8141,8170,8174,
39.161,8155,8173,8177,
39.169,8160,8175,8174,
39.179,8166,8175,8177,
39.189,8171,8173,8174,
39.198,8179,8173,8174,
39.21,8188,8170,8177,
39.219,8195,8170,8174,
39.228,8222,8173,8174,
39.237,8217,8161,8169,
39.251,8238,8173,8180,
39.258,8249,8173,8182,
39.269,8263,8173,8182,
39.278,8273,8173,8187,
39.288,8283,8173,8187,
39.299,8283,8173,8187,
39.309,8288,8173,8187,
39.319,8293,8173,8187,
39.331,8299,8173,8187,
39.337,8312,8175,8187,
39.348,8347,8181,8180,
39.359,8323,8173,8190,
39.37,8318,8173,8192,
39.379,8323,8170,8187,
39.388,8326,8173,8190,
39.397,8331,8173,8190,
39.41,8334,8173,8190,
39.432,8339,8173,8190,
39.433,8342,8173,8190,
39.438,8347,8173,8192,
39.447,8350,8173,8192,
39.456,8358,8173,8192,
39.47,8361,8173,8192,
39.478,8369,8173,8195,
39.488,8377,8173,8195,
39.498,8385,8173,8195,
39.507,8390,8175,8195,
39.517,8398,8173,8198,
39.528,8404,8170,8195,
39.536,8431,8175,8192,
39.55,8484,8173,8185,
39.556,8442,8175,8195,
39.568,8412,8173,8200,
39.578,8423,8175,8198,
39.588,8423,8173,8200,
39.599,8423,8175,8200,
39.61,8423,8173,8200,
39.617,8425,8170,8203,
39.626,8425,8173,8203,
39.639,8425,8173,8203,
39.648,8428,8173,8200,
39.659,8428,8175,8203,
39.668,8428,8173,8203,
39.678,8433,8173,8200,
39.688,8436,8173,8203,
39.698,8439,8173,8203,
39.709,8442,8173,8203,
39.717,8447,8173,8205,
39.726,8452,8175,8205,
39.738,8481,8170,8200,
39.748,8538,8173,8190,
39.76,8514,8175,8198,
39.768,8463,8173,8208,
39.776,8473,8170,8205,
39.786,8463,8173,8205,
39.798,8458,8173,8205,
39.81,8471,8175,8205,
39.818,8468,8170,8210,
39.827,8468,8173,8210,
39.837,8463,8170,8210,
39.848,8468,8175,8208,
39.858,8471,8173,8208,
39.867,8461,8173,8210,
39.877,8461,8173,8205,
39.887,8458,8170,8210,
39.895,8452,8173,8208,
39.909,8458,8170,8205,
39.917,8450,8173,8208,
39.928,8455,8175,8205,
39.937,8500,8175,8195,
39.947,8570,8175,8185,
39.958,8546,8175,8192,
39.968,8487,8173,8208,
39.977,8484,8173,8208,
39.988,8481,8170,8208,
39.997,8479,8170,8210,
40.007,8479,8173,8208,
40.018,8481,8168,8208,
40.028,8476,8175,8208,
40.037,8468,8173,8210,
40.049,8476,8170,8208,
40.055,8471,8170,8205,
40.068,8471,8170,8210,
40.079,8471,8173,8205,
40.089,8463,8175,8205,
40.098,8463,8173,8205,
40.11,8468,8175,8208,
40.117,8468,8173,8208,
40.127,8473,8173,8210,
40.136,8492,8170,8198,
40.148,8562,8173,8185,
40.159,8506,8175,8200,
40.167,8463,8170,8205,
40.178,8461,8173,8205,
40.188,8458,8170,8205,
40.196,8458,8173,8203,
40.207,8455,8173,8208,
40.217,8452,8173,8208,
40.227,8458,8173,8208,
40.239,8452,8173,8205,
40.245,8455,8175,8205,
40.257,8452,8175,8205,
40.268,8450,8173,8205,
40.277,8450,8173,8203,
40.286,8447,8173,8205,
40.297,8447,8170,8203,
40.306,8447,8173,8205,
40.317,8447,8173,8208,
40.328,8452,8173,8205,
40.335,8473,8170,8203,
40.346,8538,8173,8185,
40.358,8517,8175,8195,
40.367,8463,8173,8208,
40.377,8458,8173,8208,
40.387,8452,8170,8203,
40.398,8450,8175,8208,
40.409,8452,8170,8208,
40.417,8447,8173,8208,
40.426,8447,8168,8208,
40.438,8444,8173,8210,
40.448,8447,8173,8208,
40.457,8442,8175,8208,
40.467,8447,8175,8205,
40.479,8444,8173,8210,
40.495,8444,8173,8205,
40.496,8439,8173,8205,
40.508,8439,8170,8205,
40.516,8444,8170,8205,
40.526,8439,8173,8205,
40.536,8458,8175,8200,
40.544,8517,8173,8187,
40.555,8458,8175,8198,
40.567,8433,8175,8203,
40.577,8433,8173,8203,
40.586,8425,8173,8205,
40.598,8436,8175,8203,
40.606,8433,8173,8205,
40.619,8436,8170,8205,
40.625,8444,8173,8203,
40.636,8444,8175,8205,
40.645,8450,8173,8208,
40.657,8455,8175,8208,
40.665,8458,8173,8208,
40.677,8468,8175,8208,
40.685,8476,8173,8205,
40.695,8481,8175,8208,
40.708,8479,8175,8208,
40.714,8490,8168,8208,
40.726,8495,8173,8210,
40.738,8522,8175,8208,
40.746,8605,8173,8187,
40.757,8589,8175,8192,
40.767,8527,8175,8213,
40.776,8522,8170,8216,
40.789,8500,8173,8213,
40.795,8503,8175,8210,
40.807,8495,8173,8210,
40.817,8487,8170,8213,
40.826,8484,8175,8213,
40.836,8481,8170,8208,
40.845,8479,8173,8208,
40.858,8473,8173,8210,
40.866,8463,8175,8205,
40.876,8461,8173,8205,
40.887,8458,8175,8205,
40.895,8452,8173,8208,
40.908,8452,8173,8208,
40.916,8447,8173,8205,
40.927,8447,8170,8205,
40.937,8471,8170,8200,
40.945,8544,8165,8182,
40.956,8490,8173,8198,
40.965,8444,8173,8205,
40.977,8444,8168,8195,
40.986,8431,8170,8203,
40.997,8428,8173,8203,
41.003,8420,8173,8203,
41.015,8423,8173,8205,
41.026,8420,8173,8205,
41.036,8414,8170,8208,
41.046,8417,8173,8203,
41.057,8412,8173,8205,
41.068,8412,8173,8200,
41.076,8404,8173,8203,
41.088,8396,8173,8200,
41.094,8396,8173,8200,
41.107,8382,8173,8200,
41.117,8372,8170,8198,
41.126,8366,8173,8195,
41.135,8377,8170,8190,
41.144,8420,8170,8182,
41.156,8404,8170,8187,
41.169,8350,8173,8192,
41.174,8339,8173,8190,
41.186,8326,8173,8187,
41.195,8318,8170,8187,
41.207,8307,8168,8187,
41.214,8296,8170,8187,
41.226,8283,8170,8185,
41.234,8276,8170,8185,
41.243,8265,8173,8180,
41.258,8252,8173,8182,
41.264,8244,8173,8182,
41.275,8235,8173,8180,
41.284,8227,8173,8180,
41.298,8219,8173,8177,
41.306,8211,8173,8177,
41.315,8200,8173,8177,
41.327,8195,8173,8174,
41.336,8192,8173,8174,
41.346,8192,8170,8174,
41.354,8182,8173,8177,
41.366,8177,8175,8174,
41.376,8174,8173,8174,
41.388,8171,8173,8174,
41.395,8168,8173,8174,
41.406,8166,8173,8174,
41.415,8166,8175,8174,
41.427,8160,8173,8174,
41.437,8158,8173,8174,
41.445,8152,8173,8177,
41.456,8147,8178,8174,
41.466,8144,8178,8174,
41.473,8139,8178,8177,
41.486,8133,8178,8174,
41.494,8125,8178,8177,
41.507,8120,8178,8174,
41.513,8112,8181,8174,
41.53,8106,8178,8177,
41.533,8094,8178,8177,
41.546,8074,8175,8174,
41.557,8077,8178,8174,
41.565,8077,8183,8172,
41.576,8069,8181,8174,
41.586,8058,8181,8177,
41.598,8050,8181,8174,
41.604,8045,8181,8174,
41.614,8037,8181,8174,
41.627,8028,8183,8177,
41.636,8015,8186,8177,
41.646,8012,8191,8174,
41.654,8000,8191,8174,
41.664,7988,8191,8174,
41.676,7986,8191,8177,
41.685,7978,8188,8177,
41.698,7978,8193,8174,
41.704,7959,8196,8174,
41.715,7964,8188,8174,
41.723,7961,8193,8174,
41.734,7932,8191,8177,
41.745,7889,8191,8177,
41.753,7934,8201,8174,
41.766,7923,8191,8177,
41.777,7921,8193,8174,
41.784,7934,8199,8174,
41.797,7923,8199,8174,
41.806,7932,8199,8177,
41.815,7923,8206,8177,
41.824,7929,8204,8174,
41.836,7923,8196,8174,
41.846,7926,8199,8174,
41.857,7926,8199,8174,
41.865,7921,8201,8174,
41.875,7912,8206,8177,
41.884,7909,8196,8174,
41.896,7912,8196,8174,
41.905,7918,8196,8177,
41.914,7918,8201,8174,
41.925,7901,8199,8177,
41.935,7865,8188,8177,
41.944,7829,8196,8180,
41.956,7881,8206,8177,
41.965,7878,8206,8180,
41.976,7901,8209,8180,
41.985,7889,8204,8180,
41.993,7893,8214,8177,
42.006,7889,8201,8177,
42.016,7886,8199,8180,
42.024,7889,8214,8177,
42.035,7884,8224,8180,
42.045,7881,8212,8177,
42.054,7886,8201,8174,
42.066,7884,8204,8174,
42.077,7878,8201,8174,
42.083,7895,8206,8180,
42.096,7878,8204,8174,
42.104,7884,8201,8174,
42.116,7884,8214,8172,
42.123,7884,8196,8174,
42.133,7835,8188,8174,
42.146,7812,8193,8174,
42.152,7838,8196,8185,
42.164,7884,8209,8174,
42.173,7901,8209,8177,
42.183,7901,8206,8177,
42.197,7906,8199,8174,
42.203,7904,8206,8174,
42.215,7912,8199,8174,
42.224,7904,8201,8174,
42.234,7915,8196,8174,
42.243,7901,8204,8174,
42.254,7912,8201,8174,
42.264,7906,8188,8177,
42.274,7906,8206,8177,
42.284,7904,8199,8174,
42.293,7909,8201,8172,
42.302,7906,8212,8172,
42.316,7901,8204,8174,
42.322,7898,8206,8177,
42.333,7870,8191,8174,
42.343,7846,8196,8177,
42.353,7867,8196,8177,
42.366,7898,8206,8174,
42.374,7906,8193,8174,
42.385,7912,8204,8177,
42.393,7904,8196,8174,
42.405,7912,8196,8177,
42.413,7926,8206,8177,
42.427,7915,8199,8177,
42.434,7918,8204,8174,
42.444,7909,8201,8174,
42.454,7915,8201,8177,
42.463,7923,8201,8174,
42.473,7912,8204,8177,
42.485,7926,8196,8174,
42.499,7929,8196,8177,
42.504,7921,8201,8177,
42.514,7929,8193,8174,
42.526,7915,8204,8174,
42.536,7893,8186,8177,
42.543,7846,8191,8174,
42.555,7881,8201,8174,
42.564,7909,8206,8177,
42.576,7904,8199,8177,
42.583,7906,8206,8174,
42.592,7912,8209,8177,
42.607,7906,8204,8177,
42.614,7904,8199,8177,
42.622,7898,8199,8174,
42.634,7893,8201,8174,
42.644,7889,8212,8177,
42.653,7895,8206,8177,
42.665,7889,8212,8174,
42.676,7881,8209,8174,
42.686,7878,8204,8174,
42.692,7889,8204,8177,
42.704,7870,8209,8174,
42.713,7870,8212,8174,
42.723,7865,8209,8177,
42.735,7840,8196,8174,
42.744,7801,8193,8174,
42.753,7857,8209,8182,
42.763,7865,8224,8180,
42.773,7878,8206,8174,
42.783,7881,8199,8180,
42.794,7895,8199,8177,
42.804,7895,8199,8177,
42.816,7893,8201,8180,
42.822,7893,8212,8180,
42.834,7895,8206,8177,
42.843,7909,8199,8177,
42.854,7904,8196,8177,
42.864,7918,8206,8177,
42.873,7921,8201,8174,
42.883,7915,8201,8177,
42.894,7912,8196,8174,
42.903,7929,8201,8174,
42.915,7923,8196,8174,
42.923,7932,8199,8177,
42.931,7906,8183,8172,
42.944,7873,8183,8174,
42.955,7915,8196,8182,
42.962,7940,8201,8177,
42.971,7937,8193,8177,
42.983,7942,8196,8180,
42.994,7953,8196,8177,
43.003,7959,8196,8180,
43.013,7953,8199,8180,
43.024,7961,8193,8180,
43.034,7959,8193,8177,
43.045,7959,8196,8177,
43.054,7964,8193,8177,
43.065,7975,8193,8174,
43.072,7972,8199,8174,
43.084,7980,8196,8177,
43.091,7991,8183,8177,
43.104,7986,8183,8174,
43.112,7988,8181,8174,
43.125,7988,8193,8174,
43.134,7970,8181,8177,
43.143,7956,8183,8177,
43.154,7980,8193,8174,
43.162,7995,8193,8172,
43.173,8009,8191,8177,
43.182,8007,8183,8177,
43.191,8018,8191,8174,
43.202,8012,8186,8174,
43.212,8023,8191,8174,
43.222,8026,8188,8174,
43.233,8023,8188,8174,
43.242,8018,8193,8177,
43.254,8018,8186,8177,
43.263,8012,8188,8174,
43.272,8007,8191,8177,
43.284,8007,8188,8174,
43.293,8007,8186,8174,
43.302,8003,8191,8177,
43.313,8009,8186,8177,
43.323,8009,8191,8174,
43.334,7986,8181,8177,
43.344,7986,8183,8174,
43.354,8018,8188,8174,
43.362,8034,8183,8174,
43.372,8045,8183,8177,
43.384,8053,8183,8174,
43.393,8064,8178,8174,
43.403,8069,8181,8174,
43.411,8072,8181,8177,
43.422,8069,8183,8174,
43.436,8074,8183,8174,
43.443,8074,8183,8177,
43.453,8072,8181,8174,
43.465,8077,8181,8174,
43.472,8074,8181,8174,
43.483,8080,8183,8174,
43.491,8080,8181,8174,
43.501,8080,8181,8174,
43.513,8083,8178,8174,
43.522,8080,8175,8174,
43.533,8064,8178,8174,
43.543,8055,8178,8177,
43.555,8074,8181,8177,
43.561,8069,8183,8174,
43.57,8069,8178,8172,
43.584,8074,8181,8174,
43.595,8072,8181,8177,
43.601,8074,8181,8177,
43.61,8077,8181,8174,
43.622,8074,8181,8174,
43.634,8077,8178,8174,
43.646,8080,8181,8177,
43.662,8074,8181,8177,
43.663,8083,8181,8174,
43.672,8080,8175,8174,
43.684,8088,8178,8177,
43.693,8092,8178,8177,
43.702,8092,8181,8174,
43.713,8092,8178,8174,
43.723,8088,8181,8174,
43.732,8080,8178,8177,
43.743,8064,8175,8177,
43.755,8074,8181,8177,
43.762,8083,8181,8174,
43.772,8083,8181,8177,
43.78,8085,8178,8177,
43.791,8088,8178,8174,
43.802,8085,8181,8177,
43.812,8088,8178,8177,
43.82,8088,8181,8174,
43.831,8080,8181,8174,
43.843,8080,8181,8177,
43.853,8077,8181,8177,
43.861,8074,8183,8174,
43.871,8069,8183,8174,
43.883,8064,8181,8174,
43.894,8066,8183,8174,
43.9,8066,8183,8174,
43.912,8066,8183,8174,
43.923,8066,8181,8174,
43.933,8058,8181,8174,
43.945,8045,8178,8174,
43.952,8069,8186,8177,
43.961,8061,8186,8174,
43.971,8061,8183,8180,
43.986,8066,8183,8174,
43.992,8064,8181,8174,
44.002,8064,8181,8177,
44.013,8061,8178,8177,
44.022,8061,8183,8174,
44.031,8055,8178,8174,
44.045,8047,8183,8174,
44.052,8037,8186,8174,
44.063,8009,8183,8177,
44.072,8000,8188,8177,
44.081,7980,8186,8177,
44.094,7970,8193,8177,
44.103,7967,8196,8174,
44.113,7964,8196,8174,
44.119,7964,8193,8177,
44.132,7926,8181,8177,
44.143,7901,8183,8174,
44.153,7923,8191,8172,
44.163,7953,8199,8177,
44.172,7961,8186,8177,
44.182,7972,8196,8177,
44.192,7995,8183,8177,
44.202,8000,8183,8177,
44.211,8018,8191,8174,
44.221,8015,8186,8174,
44.232,8012,8191,8174,
44.24,8000,8183,8174,
44.253,8007,8191,8177,
44.263,7995,8193,8177,
44.273,8012,8183,8177,
44.282,8012,8193,8174,
44.292,8028,8181,8177,
44.302,8045,8183,8177,
44.311,8061,8181,8174,
44.32,8064,8183,8174,
44.332,8045,8175,8177,
44.343,8037,8178,8177,
44.352,8058,8183,8174,
44.363,8050,8191,8177,
44.372,8055,8181,8177,
44.382,8061,8178,8174,
44.391,8072,8181,8174,
44.403,8083,8178,8174,
44.413,8094,8178,8174,
44.421,8103,8178,8174,
44.432,8112,8178,8177,
44.444,8114,8178,8177,
44.452,8122,8175,8174,
44.461,8128,8178,8177,
44.47,8133,8175,8177,
44.482,8139,8175,8174,
44.492,8139,8175,8177,
44.502,8136,8175,8180,
44.511,8136,8175,8177,
44.522,8136,8175,8177,
44.532,8136,8173,8180,
44.54,8136,8173,8177,
44.551,8147,8173,8180,
44.56,8155,8173,8180,
44.572,8158,8175,8180,
44.582,8166,8173,8180,
44.591,8171,8173,8180,
44.602,8177,8173,8174,
44.612,8177,8173,8174,
44.622,8177,8173,8174,
44.632,8171,8173,8174,
44.644,8163,8175,8177,
44.649,8158,8175,8177,
44.663,8158,8175,8177,
44.669,8160,8175,8177,
44.681,8171,8173,8177,
44.689,8185,8170,8177,
44.701,8192,8170,8174,
44.71,8198,8173,8174,
44.722,8265,8188,8174,
44.732,8211,8175,8180,
44.741,8222,8173,8177,
44.752,8214,8173,8180,
44.759,8211,8170,8177,
44.771,8219,8175,8180,
44.793,8227,8173,8180,
44.794,8238,8173,8180,
44.799,8246,8173,8180,
44.812,8257,8173,8185,
44.82,8268,8173,8182,
44.832,8283,8173,8185,
44.839,8285,8173,8185,
44.851,8301,8173,8187,
44.861,8312,8173,8187,
44.871,8323,8173,8190,
44.879,8331,8173,8190,
44.889,8339,8173,8190,
44.9,8345,8173,8192,
44.912,8350,8173,8192,
44.919,8353,8173,8192,
44.93,8369,8173,8190,
44.94,8420,8173,8185,
44.951,8404,8173,8187,
44.961,8372,8170,8195,
44.97,8382,8175,8195,
44.981,8385,8178,8192,
44.989,8385,8173,8195,
45.002,8387,8173,8198,
45.01,8393,8173,8195,
45.02,8396,8170,8198,
45.031,8396,8173,8198,
45.041,8406,8173,8200,
45.051,8412,8173,8200,
45.06,8417,8173,8200,
45.072,8423,8173,8200,
45.081,8423,8173,8200,
45.091,8428,8173,8200,
45.1,8425,8173,8200,
45.109,8423,8173,8205,
45.119,8436,8173,8200,
45.131,8463,8175,8192,
45.14,8519,8170,8185,
45.152,8498,8173,8195,
45.161,8447,8170,8205,
45.172,8455,8170,8203,
45.178,8450,8173,8205,
45.192,8452,8173,8203,
45.2,8452,8175,8205,
45.213,8455,8170,8208,
45.219,8455,8173,8208,
45.228,8463,8175,8205,
45.243,8471,8173,8208,
45.25,8476,8173,8208,
45.262,8479,8173,8208,
45.271,8484,8170,8210,
45.28,8492,8175,8213,
45.29,8492,8175,8208,
45.3,8498,8173,8210,
45.31,8495,8175,8210,
45.319,8495,8173,8213,
45.331,8527,8173,8203,
45.342,8589,8173,8187,
45.349,8565,8178,8195,
45.361,8509,8175,8210,
45.37,8509,8175,8213,
45.378,8506,8170,8216,
45.392,8514,8173,8210,
45.402,8514,8173,8210,
45.414,8519,8173,8210,
45.421,8514,8173,8216,
45.429,8514,8173,8216,
45.44,8511,8173,8216,
45.451,8514,8170,8218,
45.46,8509,8170,8218,
45.47,8511,8173,8213,
45.479,8506,8173,8213,
45.49,8506,8170,8213,
45.5,8509,8173,8213,
45.51,8498,8173,8216,
45.52,8498,8170,8216,
45.528,8509,8170,8205,
45.54,8581,8173,8190,
45.548,8517,8173,8203,
45.56,8492,8168,8208,
45.569,8490,8175,8210,
45.579,8484,8175,8210,
45.589,8487,8170,8210,
45.598,8481,8178,8213,
45.61,8484,8173,8210,
45.619,8490,8173,8208,
45.628,8490,8170,8210,
45.64,8495,8178,8208,
45.65,8492,8173,8213,
45.659,8490,8175,8213,
45.669,8492,8173,8213,
45.68,8495,8170,8208,
45.691,8492,8170,8210,
45.697,8498,8173,8213,
45.711,8492,8170,8213,
45.721,8498,8168,8210,
45.729,8517,8173,8200,
45.74,8578,8170,8190,
45.75,8517,8170,8205,
45.761,8484,8173,8208,
45.772,8481,8168,8210,
45.778,8473,8173,8208,
45.789,8468,8175,8210,
45.8,8468,8173,8205,
45.809,8468,8170,8208,
45.82,8468,8173,8208,
45.829,8468,8173,8208,
45.838,8468,8175,8208,
45.851,8463,8173,8205,
45.862,8471,8173,8208,
45.867,8463,8173,8205,
45.878,8468,8175,8205,
45.888,8468,8173,8208,
45.902,8463,8173,8205,
45.909,8461,8170,8208,
45.919,8479,8173,8203,
45.929,8511,8175,8200,
45.94,8586,8170,8185,
45.95,8565,8175,8190,
45.959,8487,8173,8208,
45.969,8473,8175,8210,
45.978,8463,8173,8208,
45.99,8471,8175,8208,
46.001,8461,8170,8208,
46.008,8458,8173,8208,
46.018,8461,8175,8208,
46.03,8468,8173,8208,
46.04,8463,8175,8205,
46.049,8468,8173,8210,
46.058,8468,8173,8205,
46.07,8461,8173,8210,
46.078,8463,8170,8205,
46.09,8468,8173,8208,
46.1,8463,8170,8208,
46.11,8461,8170,8208,
46.119,8458,8170,8205,
46.13,8484,8175,8205,
46.141,8562,8173,8185,
46.147,8498,8173,8203,
46.16,8463,8170,8208,
46.168,8463,8173,8205,
46.178,8455,8173,8208,
46.19,8455,8173,8203,
46.199,8452,8173,8208,
46.21,8455,8175,8208,
46.22,8452,8173,8208,
46.23,8452,8173,8205,
46.24,8452,8175,8208,
46.247,8452,8173,8205,
46.26,8450,8170,8200,
46.269,8450,8173,8205,
46.278,8450,8175,8205,
46.288,8447,8173,8203,
46.296,8442,8170,8205,
46.309,8447,8173,8203,
46.321,8442,8173,8203,
46.33,8463,8170,8195,
46.338,8536,8173,8182,
46.349,8481,8173,8198,
46.36,8439,8173,8205,
46.37,8433,8173,8203,
46.378,8425,8170,8205,
46.387,8417,8173,8203,
46.4,8417,8175,8203,
46.41,8417,8173,8200,
46.419,8409,8173,8200,
46.43,8404,8173,8198,
46.438,8398,8173,8200,
46.45,8398,8170,8198,
46.461,8396,8173,8198,
46.468,8387,8173,8198,
46.48,8396,8173,8198,
46.49,8390,8173,8195,
46.499,8393,8173,8200,
46.509,8393,8175,8200,
46.516,8398,8173,8200,
46.53,8425,8173,8195,
46.539,8495,8173,8180,
46.548,8450,8173,8192,
46.558,8404,8178,8203,
46.568,8401,8175,8200,
46.579,8401,8173,8198,
46.589,8398,8173,8200,
46.598,8396,8173,8198,
46.607,8390,8173,8198,
46.618,8387,8173,8198,
46.629,8385,8173,8195,
46.637,8385,8173,8195,
46.649,8379,8173,8195,
46.658,8377,8173,8195,
46.669,8369,8173,8195,
46.677,8366,8173,8195,
46.689,8366,8173,8192,
46.7,8364,8173,8192,
46.709,8361,8173,8195,
46.718,8361,8173,8192,
46.727,8372,8173,8190,
46.739,8423,8173,8180,
46.75,8404,8173,8190,
46.758,8361,8170,8195,
46.766,8353,8170,8192,
46.78,8347,8173,8195,
46.79,8345,8173,8190,
46.799,8345,8170,8192,
46.805,8342,8173,8192,
46.818,8342,8170,8190,
46.828,8342,8173,8190,
46.837,8339,8173,8190,
46.847,8337,8173,8190,
46.857,8334,8170,8195,
46.868,8331,8173,8192,
46.877,8334,8173,8195,
46.888,8331,8173,8192,
46.897,8334,8173,8195,
46.906,8329,8173,8192,
46.921,8329,8173,8192,
46.926,8339,8173,8192,
46.938,8377,8173,8185,
46.947,8345,8175,8192,
46.957,8329,8173,8190,
46.969,8323,8173,8190,
46.977,8318,8173,8190,
46.988,8318,8173,8190,
46.998,8315,8173,8190,
47.009,8312,8173,8187,
47.017,8312,8173,8187,
47.029,8310,8173,8187,
47.037,8310,8173,8187,
47.048,8304,8173,8187,
47.056,8301,8173,8187,
47.068,8291,8173,8187,
47.075,8285,8173,8185,
47.09,8283,8173,8185,
47.099,8273,8173,8185,
47.107,8260,8173,8180,
47.119,8252,8173,8180,
47.127,8249,8173,8180,
47.139,8263,8173,8174,
47.146,8241,8173,8180,
47.156,8219,8170,8180,
47.168,8208,8173,8182,
47.176,8200,8173,8177,
47.186,8192,8173,8177,
47.196,8185,8173,8177,
47.207,8177,8173,8177,
47.219,8171,8173,8177,
47.227,8168,8173,8177,
47.236,8160,8173,8177,
47.248,8152,8175,8177,
47.256,8147,8173,8177,
47.266,8139,8173,8177,
47.279,8131,8175,8177,
47.287,8120,8175,8174,
47.296,8112,8175,8174,
47.308,8106,8175,8174,
47.318,8097,8178,8174,
47.328,8080,8178,8177,
47.339,8053,8178,8177,
47.35,8064,8183,8180,
47.355,8053,8186,8174,
47.366,8045,8183,8177,
47.379,8042,8183,8177,
47.385,8031,8183,8177,
47.398,8026,8191,8177,
47.409,8018,8186,8177,
47.417,8003,8186,8177,
47.426,7998,8188,8180,
47.436,7986,8191,8180,
47.447,7978,8191,8177,
47.456,7967,8193,8180,
47.468,7959,8188,8180,
47.478,7940,8196,8177,
47.488,7945,8196,8180,
47.494,7942,8196,8177,
47.51,7923,8199,8177,
47.516,7915,8201,8177,
47.528,7875,8191,8177,
47.538,7848,8188,8180,
47.545,7862,8196,8180,
47.559,7878,8212,8177,
47.566,7893,8201,8177,
47.577,7881,8206,8177,
47.585,7884,8201,8174,
47.597,7886,8206,8177,
47.606,7886,8209,8177,
47.616,7862,8204,8177,
47.629,7889,8206,8177,
47.635,7881,8204,8174,
47.646,7878,8206,8174,
47.657,7881,8206,8177,
47.669,7886,8201,8177,
47.676,7875,8209,8177,
47.687,7875,8217,8174,
47.697,7875,8206,8177,
47.708,7881,8209,8172,
47.718,7875,8201,8177,
47.726,7838,8193,8177,
47.736,7799,8188,8174,
47.747,7827,8204,8187,
47.758,7832,8206,8174,
47.768,7829,8206,8174,
47.777,7835,8209,8174,
47.787,7829,8209,8174,
47.797,7846,8209,8174,
47.806,7818,8217,8174,
47.819,7809,8219,8174,
47.826,7824,8206,8172,
47.835,7829,8204,8177,
47.846,7812,8219,8177,
47.86,7793,8214,8174,
47.866,7799,8217,8177,
47.876,7793,8222,8174,
47.886,7784,8209,8174,
47.898,7791,8222,8174,
47.905,7791,8214,8174,
47.915,7796,8237,8174,
47.928,7757,8212,8177,
47.937,7688,8199,8174,
47.946,7724,8206,8177,
47.956,7787,8224,8177,
47.966,7779,8232,8174,
47.976,7793,8217,8172,
47.987,7796,8224,8177,
47.996,7809,8224,8180,
48.007,7799,8204,8180,
48.017,7809,8212,8177,
48.027,7807,8212,8180,
48.036,7807,8206,8180,
48.046,7804,8217,8177,
48.056,7815,8214,8177,
48.068,7804,8212,8174,
48.077,7838,8214,8177,
48.088,7829,8217,8172,
48.096,7829,8214,8174,
48.106,7820,8209,8174,
48.116,7827,8209,8177,
48.127,7765,8196,8177,
48.137,7746,8191,8174,
48.15,7804,8209,8174,
48.157,7796,8217,8172,
48.166,7812,8217,8174,
48.177,7832,8217,8177,
48.188,7832,8214,8174,
48.197,7843,8209,8177,
48.203,7835,8214,8174,
48.215,7829,8222,8177,
48.226,7846,8219,8174,
48.235,7832,8209,8174,
48.246,7832,8204,8180,
48.256,7835,8212,8172,
48.265,7820,8212,8177,
48.277,7835,8214,8172,
48.286,7838,8219,8174,
48.296,7832,8204,8174,
48.307,7838,8201,8174,
48.317,7840,8204,8177,
48.326,7796,8199,8177,
48.336,7765,8196,8177,
48.345,7818,8209,8172,
48.356,7832,8224,8177,
48.366,7832,8212,8172,
48.376,7824,8217,8177,
48.388,7859,8217,8177,
48.396,7832,8212,8174,
48.407,7846,8212,8174,
48.418,7840,8217,8177,
48.427,7857,8209,8180,
48.436,7840,8212,8172,
48.446,7835,8214,8177,
48.457,7835,8199,8174,
48.465,7827,8217,8174,
48.478,7832,8219,8177,
48.486,7829,8224,8177,
48.495,7838,8209,8177,
48.506,7818,8224,8172,
48.516,7824,8214,8174,
48.525,7771,8181,8174,
48.535,7752,8199,8174,
48.544,7804,8209,8177,
48.557,7818,8222,8180,
48.566,7820,8206,8174,
48.577,7827,8212,8177,
48.584,7843,8222,8177,
48.595,7840,8204,8177,
48.605,7843,8212,8177,
48.614,7827,8209,8177,
48.625,7843,8214,8172,
48.634,7843,8209,8174,
48.647,7848,8212,8174,
48.657,7843,8212,8174,
48.667,7838,8201,8177,
48.675,7857,8219,8174,
48.685,7862,8209,8174,
48.696,7862,8212,8177,
48.706,7867,8209,8174,
48.716,7867,8204,8177,
48.727,7854,8206,8174,
48.736,7804,8191,8172,
48.746,7846,8199,8174,
48.755,7873,8199,8177,
48.764,7867,8201,8174,
48.777,7881,8204,8177,
48.786,7881,8206,8177,
48.795,7889,8204,8177,
48.804,7901,8204,8174,
48.815,7895,8212,8177,
48.826,7906,8193,8174,
48.835,7909,8201,8177,
48.845,7909,8204,8177,
48.855,7912,8201,8177,
48.865,7912,8201,8174,
48.876,7909,8204,8174,
48.887,7921,8201,8177,
48.894,7929,8201,8174,
48.906,7934,8206,8177,
48.916,7932,8196,8172,
48.926,7904,8193,8174,
48.935,7901,8188,8177,
48.945,7929,8193,8172,
48.955,7956,8204,8177,
48.964,7959,8199,8177,
48.976,7961,8193,8177,
48.986,7959,8196,8177,
48.995,7964,8188,8174,
49.007,7972,8193,8177,
49.015,7978,8196,8174,
49.025,7980,8188,8174,
49.036,7978,8191,8174,
49.044,7967,8188,8177,
49.055,7959,8199,8174,
49.066,7956,8196,8174,
49.076,7970,8193,8177,
49.086,7980,8193,8177,
49.095,7998,8196,8174,
49.104,8007,8191,8177,
49.116,8020,8188,8177,
49.126,8000,8181,8177,
49.134,7986,8181,8177,
49.143,8003,8186,8174,
49.157,8026,8191,8177,
49.164,8031,8193,8174,
49.177,8045,8186,8172,
49.183,8050,8186,8177,
49.195,8064,8181,8174,
49.204,8072,8181,8174,
49.214,8085,8178,8177,
49.226,8094,8181,8177,
49.235,8106,8178,8177,
49.244,8125,8175,8177,
49.255,8136,8175,8177,
49.264,8144,8173,8177,
49.273,8152,8175,8177,
49.285,8160,8173,8177,
49.294,8171,8173,8174,
49.304,8179,8173,8177,
49.315,8182,8173,8177,
49.323,8188,8173,8174,
49.334,8198,8173,8177,
49.345,8198,8173,8177,
49.353,8177,8165,8182,
49.363,8203,8173,8174,
49.375,8211,8173,8180,
49.385,8217,8173,8180,
49.395,8222,8173,8177,
49.405,8225,8173,8180,
49.415,8227,8173,8180,
49.425,8227,8173,8180,
49.434,8227,8173,8180,
49.443,8233,8173,8180,
49.456,8235,8173,8180,
49.465,8235,8173,8180,
49.477,8241,8173,8180,
49.484,8241,8173,8180,
49.497,8244,8173,8180,
49.507,8244,8173,8182,
49.514,8244,8173,8180,
49.526,8252,8173,8180,
49.533,8273,8173,8177,
49.546,8271,8173,8182,
49.555,8257,8173,8185,
49.564,8265,8175,8182,
49.574,8271,8168,8185,
49.585,8276,8173,8185,
49.597,8283,8173,8185,
49.603,8283,8173,8185,
49.615,8293,8173,8185,
49.626,8301,8173,8190,
49.636,8312,8173,8190,
49.645,8320,8173,8192,
49.654,8331,8173,8195,
49.662,8345,8173,8195,
49.673,8358,8173,8195,
49.683,8377,8173,8198,
49.695,8387,8173,8200,
49.704,8398,8173,8200,
49.714,8417,8173,8200,
49.727,8455,8173,8192,
49.734,8530,8173,8185,
49.743,8514,8175,8190,
49.755,8468,8173,8205,
49.764,8471,8170,8208,
49.776,8473,8170,8208,
49.783,8476,8170,8208,
49.793,8479,8173,8210,
49.805,8481,8173,8210,
49.815,8484,8173,8213,
49.825,8490,8173,8210,
49.833,8495,8175,8210,
49.846,8498,8175,8213,
49.853,8503,8173,8210,
49.863,8509,8175,8213,
49.875,8509,8175,8210,
49.886,8514,8175,8213,
49.895,8509,8175,8213,
49.903,8514,8175,8213,
49.911,8517,8173,8210,
49.924,8546,8173,8205,
49.933,8608,8173,8192,
49.944,8570,8173,8203,
49.952,8517,8173,8221,
49.963,8519,8175,8221,
49.974,8514,8173,8216,
49.985,8514,8173,8213,
49.993,8511,8168,8213,
50.004,8509,8173,8213,
50.015,8511,8170,8213,
50.025,8506,8170,8213,
50.034,8511,8170,8216,
50.043,8517,8170,8216,
50.054,8517,8175,8213,
50.062,8514,8170,8210,
50.077,8511,8173,8216,
50.084,8511,8175,8216,
50.094,8506,8170,8213,
50.105,8503,8175,8213,
50.112,8506,8173,8210,
50.123,8517,8170,8208,
50.134,8586,8175,8192,
50.143,8567,8173,8203,
50.152,8503,8170,8216,
50.164,8511,8170,8210,
50.176,8503,8170,8213,
50.184,8506,8173,8216,
50.193,8500,8173,8213,
50.204,8500,8170,8213,
50.211,8492,8170,8210,
50.222,8490,8173,8213,
50.233,8490,8173,8210,
50.244,8490,8173,8208,
50.251,8484,8173,8210,
50.261,8487,8173,8210,
50.274,8495,8173,8210,
50.284,8500,8173,8210,
50.294,8509,8173,8216,
50.301,8503,8173,8210,
50.315,8517,8170,8213,
50.323,8541,8175,8200,
50.334,8624,8173,8185,
50.343,8570,8175,8203,
50.354,8522,8175,8218,
50.361,8514,8173,8216,
50.374,8511,8173,8213,
50.382,8509,8173,8213,
50.393,8509,8173,8216,
50.403,8509,8170,8213,
50.412,8506,8173,8213,
50.422,8506,8173,8210,
50.431,8503,8170,8213,
50.441,8498,8178,8210,
50.452,8492,8175,8213,
50.461,8500,8170,8208,
50.472,8487,8175,8208,
50.483,8490,8173,8210,
50.493,8487,8170,8210,
50.504,8490,8173,8210,
50.513,8487,8173,8210,
50.524,8514,8175,8203,
50.534,8589,8170,8190,
50.544,8565,8173,8195,
50.554,8498,8173,8213,
50.562,8492,8175,8216,
50.573,8481,8173,8208,
50.582,8479,8170,8210,
50.591,8481,8170,8210,
50.602,8484,8175,8205,
50.613,8479,8173,8208,
50.623,8479,8170,8208,
50.632,8479,8170,8210,
50.644,8476,8175,8208,
50.653,8481,8173,8208,
50.662,8481,8173,8210,
50.673,8484,8173,8210,
50.684,8481,8173,8210,
50.694,8487,8170,8210,
50.704,8490,8168,8210,
50.716,8492,8173,8205,
50.723,8530,8173,8200,
50.733,8611,8173,8185,
50.743,8544,8175,8200,
50.753,8495,8175,8216,
50.765,8487,8178,8210,
50.772,8487,8173,8210,
50.784,8484,8173,8210,
50.794,8479,8173,8213,
50.803,8481,8170,8210,
50.813,8487,8175,8208,
50.821,8476,8173,8208,
50.834,8473,8173,8208,
50.844,8476,8170,8208,
50.852,8455,8175,8205,
50.864,8455,8173,8205,
50.872,8450,8173,8208,
50.884,8450,8173,8205,
50.891,8452,8170,8205,
50.902,8444,8173,8205,
50.913,8452,8173,8205,
50.924,8484,8170,8203,
50.933,8565,8170,8185,
50.944,8544,8175,8190,
50.952,8479,8175,8208,
50.961,8452,8173,8210,
50.973,8452,8175,8210,
50.984,8447,8175,8208,
50.994,8447,8173,8208,
51.001,8444,8173,8210,
51.012,8439,8173,8208,
51.023,8436,8173,8208,
51.034,8433,8173,8208,
51.043,8433,8173,8205,
51.052,8439,8173,8205,
51.063,8439,8173,8205,
51.073,8447,8173,8205,
51.082,8450,8173,8205,
51.093,8452,8175,8205,
51.103,8461,8173,8208,
51.111,8468,8175,8203,
51.123,8503,8175,8198,
51.133,8578,8173,8187,
51.143,8514,8173,8198,
51.153,8461,8175,8210,
51.162,8455,8170,8205,
51.17,8455,8170,8205,
51.182,8450,8173,8208,
51.194,8450,8175,8203,
51.202,8444,8173,8208,
51.212,8442,8173,8205,
51.222,8442,8175,8205,
51.231,8433,8170,8205,
51.24,8433,8175,8205,
51.253,8431,8173,8203,
51.262,8428,8173,8203,
51.271,8423,8173,8203,
51.282,8423,8170,8200,
51.29,8417,8175,8203,
51.303,8417,8173,8203,
51.312,8420,8170,8198,
51.323,8431,8168,8200,
51.332,8498,8170,8185,
51.343,8479,8175,8195,
51.353,8420,8170,8203,
51.363,8412,8173,8203,
51.371,8406,8173,8200,
51.38,8398,8173,8200,
51.393,8396,8173,8200,
51.4,8393,8173,8200,
51.411,8387,8173,8198,
51.421,8379,8173,8198,
51.433,8372,8170,8198,
51.443,8369,8173,8198,
51.452,8361,8173,8195,
51.462,8350,8173,8192,
51.473,8342,8173,8192,
51.48,8337,8173,8192,
51.491,8329,8173,8190,
51.503,8315,8173,8190,
51.512,8310,8173,8185,
51.521,8307,8175,8185,
51.532,8329,8173,8177,
51.544,8304,8173,8180,
51.55,8268,8170,8185,
51.56,8260,8173,8182,
51.574,8252,8173,8182,
51.582,8246,8173,8182,
51.592,8244,8173,8182,
51.603,8241,8173,8180,
51.612,8235,8173,8180,
51.622,8233,8173,8180,
51.632,8230,8173,8182,
51.644,8230,8173,8180,
51.651,8225,8173,8180,
51.659,8219,8173,8177,
51.672,8214,8173,8177,
51.681,8206,8173,8177,
51.693,8203,8173,8177,
51.7,8198,8173,8177,
51.71,8192,8173,8177,
51.722,8188,8173,8174,
51.731,8188,8173,8177,
51.739,8179,8173,8177,
51.752,8171,8173,8172,
51.762,8166,8173,8174,
51.773,8160,8173,8177,
51.784,8160,8173,8174,
51.791,8152,8173,8174,
51.802,8144,8175,8174,
51.812,8136,8175,8177,
51.824,8131,8175,8174,
51.832,8122,8175,8174,
51.841,8112,8175,8177,
51.852,8106,8175,8174,
51.863,8097,8178,8177,
51.87,8088,8178,8174,
51.88,8077,8178,8177,
51.891,8072,8181,8177,
51.9,8064,8181,8174,
51.913,8058,8178,8177,
51.921,8045,8181,8174,
51.931,8015,8181,8177,
51.94,8039,8191,8174,
51.951,8031,8191,8177,
51.961,8028,8183,8177,
51.972,8023,8188,8174,
51.981,8026,8188,8174,
51.992,8018,8191,8177,
52.002,8015,8191,8174,
52.012,8003,8191,8177,
52.022,8000,8186,8177,
52.03,7995,8186,8177,
52.051,7991,8186,8177,
52.052,7980,8199,8177,
52.061,7978,8191,8177,
52.071,7978,8191,8174,
52.081,7967,8196,8174,
52.091,7970,8193,8177,
52.101,7970,8193,8177,
52.109,7970,8201,8177,
52.123,7945,8193,8177,
52.13,7906,8183,8180,
52.141,7951,8199,8177,
52.152,7937,8193,8177,
52.161,7951,8199,8174,
52.17,7937,8199,8177,
52.182,7929,8196,8177,
52.192,7926,8191,8177,
52.2,7923,8201,8174,
52.21,7926,8204,8177,
52.219,7915,8193,8177,
52.232,7904,8204,8174,
52.244,7906,8204,8174,
52.252,7906,8206,8174,
52.259,7901,8204,8174,
52.271,7895,8209,8177,
52.281,7893,8201,8174,
52.291,7881,8209,8177,
52.3,7884,8201,8174,
52.311,7884,8204,8174,
52.32,7824,8193,8177,
52.332,7809,8196,8172,
52.339,7851,8204,8182,
52.35,7873,8204,8177,
52.361,7865,8201,8174,
52.37,7878,8204,8174,
52.378,7878,8206,8177,
52.39,7886,8209,8174,
52.4,7859,8214,8174,
52.41,7875,8209,8177,
52.423,7862,8204,8177,
52.43,7867,8209,8174,
52.441,7857,8212,8172,
52.449,7862,8206,8174,
52.461,7867,8214,8174,
52.473,7878,8217,8174,
52.481,7865,8209,8174,
52.49,7867,8214,8177,
52.501,7859,8204,8177,
52.514,7865,8209,8180,
52.521,7835,8196,8182,
52.53,7781,8201,8180,
52.539,7815,8201,8180,
52.551,7857,8222,8180,
52.562,7870,8212,8177,
52.571,7873,8204,8180,
52.583,7867,8209,8177,
52.593,7857,8206,8174,
52.599,7875,8199,8177,
52.611,7875,8206,8177,
52.621,7865,8209,8174,
52.63,7881,8206,8177,
52.64,7873,8206,8174,
52.651,7886,8209,8177,
52.662,7862,8204,8174,
52.672,7865,8212,8174,
52.678,7870,8201,8174,
52.69,7867,8206,8177,
52.701,7873,8209,8172,
52.711,7865,8201,8174,
52.721,7827,8183,8174,
52.728,7801,8181,8174,
52.743,7851,8209,8180,
52.752,7848,8201,8174,
52.76,7875,8214,8172,
52.77,7862,8219,8177,
52.779,7867,8204,8172,
52.792,7875,8209,8172,
52.801,7901,8204,8174,
52.809,7875,8214,8174,
52.82,7889,8204,8174,
52.829,7878,8209,8174,
52.84,7875,8209,8174,
52.85,7881,8206,8172,
52.861,7865,8212,8174,
52.87,7862,8212,8177,
52.88,7862,8206,8174,
52.891,7867,8212,8177,
52.9,7873,8206,8174,
52.911,7859,8209,8180,
52.92,7812,8183,8177,
52.929,7796,8196,8180,
52.941,7829,8204,8174,
52.949,7859,8206,8174,
52.959,7867,8201,8172,
52.971,7878,8204,8177,
52.978,7878,8206,8174,
52.992,7875,8204,8174,
53,7893,8212,8174,
53.01,7881,8206,8174,
53.02,7884,8209,8177,
53.029,7884,8201,8174,
53.04,7901,8219,8177,
53.05,7909,8201,8172,
53.059,7904,8201,8172,
53.07,7912,8206,8174,
53.08,7909,8204,8174,
53.091,7904,8204,8174,
53.1,7918,8201,8174,
53.11,7912,8209,8174,
53.118,7886,8181,8180,
53.131,7854,8191,8177,
53.146,7881,8196,8174,
53.148,7912,8204,8180,
53.158,7921,8199,8174,
53.171,7923,8201,8177,
53.179,7926,8193,8174,
53.191,7934,8199,8177,
53.199,7940,8201,8174,
53.209,7940,8196,8174,
53.22,7929,8199,8174,
53.228,7942,8201,8174,
53.237,7945,8196,8177,
53.248,7942,8204,8177,
53.259,7948,8204,8177,
53.27,7940,8196,8174,
53.279,7951,8196,8174,
53.288,7956,8191,8174,
53.3,7956,8196,8177,
53.309,7967,8196,8174,
53.32,7942,8191,8177,
53.331,7923,8181,8172,
53.34,7972,8199,8177,
53.349,7975,8191,8180,
53.359,7978,8188,8174,
53.368,7986,8196,8174,
53.38,7991,8193,8174,
53.391,7995,8191,8174,
53.4,8000,8191,8174,
53.408,8007,8186,8174,
53.42,8009,8191,8177,
53.431,8015,8186,8177,
53.441,8012,8191,8177,
53.448,8023,8188,8177,
53.461,8020,8183,8174,
53.469,8031,8188,8177,
53.481,8037,8186,8174,
53.488,8042,8188,8174,
53.499,8042,8183,8174,
53.51,8042,8183,8174,
53.52,8026,8183,8174,
53.529,8003,8183,8177,
53.538,8012,8186,8177,
53.547,8023,8191,8177,
53.56,8023,8186,8174,
53.57,8026,8191,8177,
53.579,8026,8183,8174,
53.588,8034,8183,8174,
53.603,8034,8186,8174,
53.609,8042,8186,8174,
53.618,8045,8188,8174,
53.628,8047,8183,8174,
53.639,8047,8183,8177,
53.649,8053,8183,8174,
53.66,8047,8186,8174,
53.669,8055,8186,8174,
53.678,8058,8181,8177,
53.688,8066,8183,8174,
53.701,8072,8181,8174,
53.709,8080,8178,8177,
53.719,8074,8175,8177,
53.728,8069,8173,8177,
53.74,8097,8181,8177,
53.748,8097,8183,8174,
53.757,8109,8175,8177,
53.77,8120,8175,8177,
53.781,8128,8175,8174,
53.79,8136,8173,8174,
53.797,8144,8173,8174,
53.809,8155,8173,8174,
53.818,8166,8175,8177,
53.828,8174,8173,8177,
53.838,8177,8173,8180,
53.849,8182,8170,8177,
53.86,8185,8170,8177,
53.868,8192,8170,8177,
53.88,8268,8181,8177,
53.89,8211,8175,8182,
53.898,8214,8173,8180,
53.909,8222,8173,8182,
53.919,8230,8173,8182,
53.926,8254,8173,8177,
53.938,8257,8173,8180,
53.95,8257,8175,8182,
53.959,8268,8173,8182,
53.968,8279,8173,8185,
53.978,8283,8173,8185,
53.987,8296,8173,8185,
53.998,8310,8173,8187,
54.008,8318,8173,8190,
54.018,8331,8173,8190,
54.027,8342,8173,8192,
54.042,8356,8173,8195,
54.046,8361,8173,8195,
54.058,8369,8173,8200,
54.068,8385,8173,8198,
54.079,8393,8173,8200,
54.087,8393,8173,8200,
54.098,8396,8173,8200,
54.107,8404,8175,8200,
54.119,8439,8175,8192,
54.128,8487,8170,8185,
54.137,8471,8173,8190,
54.148,8431,8170,8200,
54.158,8420,8170,8200,
54.168,8420,8173,8198,
54.187,8417,8173,8200,
54.188,8420,8170,8200,
54.197,8423,8173,8198,
54.209,8423,8173,8200,
54.218,8423,8173,8200,
54.23,8425,8175,8200,
54.238,8431,8173,8200,
54.249,8433,8173,8200,
54.258,8431,8175,8203,
54.268,8436,8173,8203,
54.277,8439,8173,8203,
54.286,8436,8173,8203,
54.298,8442,8170,8203,
54.309,8439,8173,8203,
54.317,8458,8175,8198,
54.327,8517,8173,8187,
54.336,8498,8173,8192,
54.35,8450,8173,8203,
54.36,8447,8173,8205,
54.369,8436,8170,8203,
54.379,8439,8173,8200,
54.389,8436,8175,8200,
54.396,8439,8170,8203,
54.41,8439,8170,8203,
54.417,8433,8173,8203,
54.426,8442,8170,8205,
54.435,8439,8173,8203,
54.447,8444,8173,8200,
54.46,8439,8175,8200,
54.467,8436,8170,8203,
54.476,8433,8173,8200,
54.488,8436,8173,8203,
54.497,8436,8170,8203,
54.509,8436,8175,8203,
54.518,8450,8173,8203,
54.528,8517,8175,8187,
54.537,8476,8175,8200,
54.549,8447,8173,8210,
54.556,8447,8173,8210,
54.568,8439,8175,8208,
54.577,8442,8175,8205,
54.589,8439,8173,8208,
54.599,8436,8173,8208,
54.607,8439,8170,8205,
54.617,8442,8173,8205,
54.626,8439,8173,8205,
54.638,8442,8175,8200,
54.646,8439,8175,8203,
54.659,8442,8173,8205,
54.669,8452,8173,8200,
54.677,8450,8173,8205,
54.686,8452,8170,8203,
54.696,8455,8170,8203,
54.71,8458,8175,8203,
54.716,8492,8170,8198,
54.727,8549,8173,8185,
54.737,8498,8173,8200,
54.745,8452,8178,8208,
54.756,8452,8175,8208,
54.766,8447,8175,8208,
54.777,8447,8173,8205,
54.788,8442,8173,8208,
54.798,8452,8170,8208,
54.808,8452,8173,8208,
54.818,8458,8173,8208,
54.826,8455,8173,8210,
54.838,8461,8175,8208,
54.847,8458,8173,8210,
54.858,8461,8173,8210,
54.867,8461,8175,8208,
54.877,8463,8173,8210,
54.888,8461,8173,8208,
54.896,8463,8173,8210,
54.909,8463,8173,8210,
54.916,8487,8175,8205,
54.926,8562,8170,8187,
54.936,8514,8173,8205,
54.947,8481,8178,8205,
54.96,8476,8173,8208,
54.967,8468,8175,8205,
54.976,8471,8173,8205,
54.988,8461,8173,8208,
54.997,8461,8173,8208,
55.009,8468,8173,8205,
55.019,8458,8173,8205,
55.026,8458,8173,8205,
55.037,8461,8170,8205,
55.045,8458,8173,8205,
55.058,8461,8170,8203,
55.067,8452,8173,8205,
55.076,8455,8173,8208,
55.085,8455,8173,8205,
55.097,8450,8173,8208,
55.106,8447,8173,8205,
55.117,8468,8173,8200,
55.127,8536,8175,8185,
55.136,8511,8175,8195,
55.148,8444,8173,8210,
55.154,8450,8173,8205,
55.166,8439,8173,8205,
55.178,8439,8173,8205,
55.188,8436,8173,8208,
55.196,8433,8170,8203,
55.207,8436,8173,8200,
55.217,8431,8175,8203,
55.229,8433,8170,8200,
55.234,8428,8170,8203,
55.245,8428,8173,8203,
55.257,8428,8170,8200,
55.266,8425,8170,8203,
55.278,8423,8173,8205,
55.285,8425,8175,8203,
55.297,8423,8170,8203,
55.31,8423,8170,8203,
55.338,8452,8173,8195,
55.339,8506,8173,8187,
55.34,8495,8173,8198,
55.348,8439,8175,8208,
55.359,8436,8173,8205,
55.367,8431,8173,8208,
55.377,8433,8170,8203,
55.386,8431,8173,8203,
55.397,8428,8173,8205,
55.406,8423,8173,8203,
55.416,8417,8173,8203,
55.426,8417,8170,8203,
55.437,8417,8173,8203,
55.447,8417,8173,8200,
55.456,8420,8173,8203,
55.466,8417,8173,8203,
55.477,8417,8173,8200,
55.487,8417,8173,8203,
55.495,8423,8175,8200,
55.505,8425,8173,8203,
55.516,8447,8173,8195,
55.527,8511,8173,8185,
55.535,8500,8175,8187,
55.546,8442,8173,8205,
55.555,8423,8173,8200,
55.566,8414,8173,8203,
55.577,8406,8173,8200,
55.587,8406,8173,8198,
55.597,8404,8173,8200,
55.608,8404,8173,8200,
55.615,8401,8173,8200,
55.626,8401,8173,8200,
55.636,8398,8173,8198,
55.644,8393,8173,8198,
55.657,8387,8173,8198,
55.664,8385,8173,8195,
55.676,8377,8170,8198,
55.686,8379,8173,8195,
55.695,8369,8173,8195,
55.705,8369,8173,8195,
55.715,8382,8175,8192,
55.726,8423,8170,8185,
55.735,8382,8170,8192,
55.745,8356,8170,8192,
55.757,8350,8173,8190,
55.767,8334,8173,8190,
55.778,8320,8175,8187,
55.785,8310,8175,8187,
55.795,8293,8173,8185,
55.806,8283,8173,8185,
55.815,8265,8173,8185,
55.826,8249,8173,8182,
55.836,8233,8173,8180,
55.847,8222,8173,8177,
55.856,8208,8173,8177,
55.865,8195,8173,8177,
55.873,8188,8173,8174,
55.886,8179,8173,8174,
55.897,8174,8173,8174,
55.905,8171,8173,8174,
55.916,8168,8173,8174,
55.924,8155,8175,8174,
55.937,8155,8175,8177,
55.945,8152,8173,8174,
55.957,8147,8173,8177,
55.967,8144,8173,8174,
55.976,8139,8175,8174,
55.987,8136,8175,8177,
55.996,8133,8175,8177,
56.005,8128,8173,8177,
56.018,8125,8175,8177,
56.023,8120,8175,8174,
56.038,8114,8175,8174,
56.046,8112,8178,8174,
56.054,8109,8178,8174,
56.065,8103,8175,8174,
56.077,8094,8178,8177,
56.088,8088,8178,8174,
56.094,8077,8178,8174,
56.106,8069,8181,8174,
56.115,8047,8178,8177,
56.127,8018,8175,8177,
56.135,8039,8186,8174,
56.144,8026,8188,8174,
56.156,8023,8188,8174,
56.165,8018,8183,8177,
56.175,8012,8183,8174,
56.183,8007,8191,8177,
56.194,7995,8191,8174,
56.206,7995,8191,8174,
56.217,7980,8186,8174,
56.224,7980,8191,8174,
56.237,7959,8193,8177,
56.245,7956,8193,8174,
56.256,7953,8191,8177,
56.266,7945,8199,8174,
56.277,7940,8199,8174,
56.284,7940,8193,8180,
56.297,7929,8204,8177,
56.306,7923,8196,8180,
56.315,7886,8191,8180,
56.324,7857,8193,8182,
56.335,7867,8196,8169,
56.345,7901,8206,8180,
56.353,7909,8199,8180,
56.365,7926,8204,8180,
56.376,7906,8206,8177,
56.384,7906,8201,8177,
56.395,7904,8201,8174,
56.428,7898,8201,8177,
56.431,7906,8199,8174,
56.432,7906,8206,8177,
56.434,7904,8201,8177,
56.445,7886,8199,8174,
56.455,7884,8209,8177,
56.464,7886,8206,8174,
56.477,7889,8206,8174,
56.483,7895,8214,8174,
56.495,7886,8209,8177,
56.504,7870,8212,8172,
56.512,7843,8188,8177,
56.524,7809,8193,8174,
56.534,7875,8209,8182,
56.546,7862,8212,8177,
56.555,7881,8193,8172,
56.565,7889,8209,8177,
56.574,7884,8209,8174,
56.585,7889,8214,8177,
56.595,7886,8204,8180,
56.605,7895,8206,8180,
56.615,7895,8201,8174,
56.625,7895,8199,8180,
56.633,7901,8206,8180,
56.646,7906,8201,8177,
56.654,7906,8209,8177,
56.666,7915,8204,8180,
56.677,7906,8206,8177,
56.684,7906,8199,8180,
56.694,7909,8204,8174,
56.704,7912,8193,8177,
56.715,7878,8196,8177,
56.724,7838,8188,8174,
56.735,7865,8199,8174,
56.745,7898,8209,8172,
56.756,7895,8204,8177,
56.765,7912,8214,8174,
56.774,7909,8206,8172,
56.783,7921,8206,8174,
56.797,7906,8196,8177,
56.805,7909,8199,8174,
56.814,7898,8206,8177,
56.826,7895,8204,8174,
56.835,7904,8204,8174,
56.845,7901,8214,8177,
56.853,7898,8193,8177,
56.865,7895,8206,8172,
56.875,7901,8201,8177,
56.886,7895,8196,8174,
56.898,7895,8196,8174,
56.905,7898,8204,8177,
56.914,7875,8199,8177,
56.922,7827,8181,8177,
56.934,7893,8204,8180,
56.943,7881,8199,8172,
56.954,7893,8206,8174,
56.963,7893,8209,8177,
56.976,7895,8206,8174,
56.985,7893,8206,8177,
56.993,7886,8204,8174,
57.002,7898,8204,8177,
57.015,7884,8209,8174,
57.023,7895,8199,8174,
57.032,7886,8201,8177,
57.045,7886,8209,8174,
57.054,7878,8204,8174,
57.064,7862,8206,8177,
57.072,7878,8201,8177,
57.086,7884,8209,8174,
57.094,7881,8212,8177,
57.104,7881,8204,8177,
57.115,7854,8193,8177,
57.124,7804,8191,8180,
57.133,7840,8201,8174,
57.144,7865,8214,8180,
57.153,7873,8196,8177,
57.163,7867,8222,8177,
57.172,7875,8204,8174,
57.186,7881,8209,8174,
57.197,7884,8204,8177,
57.204,7898,8206,8177,
57.215,7901,8212,8172,
57.224,7901,8199,8174,
57.237,7904,8209,8174,
57.243,7906,8199,8174,
57.254,7923,8204,8177,
57.264,7915,8206,8177,
57.274,7926,8204,8177,
57.283,7921,8199,8177,
57.293,7929,8193,8174,
57.306,7918,8201,8177,
57.315,7906,8183,8177,
57.326,7867,8183,8177,
57.335,7901,8199,8172,
57.344,7937,8201,8177,
57.353,7929,8199,8177,
57.363,7923,8204,8177,
57.376,7932,8201,8177,
57.382,7951,8196,8174,
57.394,7948,8193,8180,
57.403,7956,8196,8174,
57.411,7961,8191,8174,
57.424,7956,8199,8177,
57.433,7956,8196,8174,
57.444,7959,8193,8174,
57.455,7961,8196,8174,
57.463,7961,8196,8174,
57.472,7970,8193,8174,
57.483,7967,8191,8174,
57.494,7964,8199,8174,
57.504,7961,8199,8177,
57.513,7948,8191,8174,
57.527,7918,8186,8174,
57.533,7975,8199,8177,
57.543,7970,8191,8177,
57.553,7986,8201,8177,
57.561,7998,8191,8174,
57.572,8007,8196,8174,
57.581,8009,8188,8174,
57.595,8015,8191,8174,
57.603,8028,8186,8177,
57.615,8039,8191,8177,
57.624,8045,8186,8177,
57.632,8055,8181,8177,
57.645,8061,8183,8177,
57.653,8074,8181,8177,
57.663,8074,8181,8180,
57.674,8085,8181,8177,
57.682,8092,8181,8180,
57.696,8106,8178,8180,
57.702,8114,8178,8177,
57.711,8125,8175,8177,
57.724,8131,8173,8174,
57.734,8150,8173,8174,
57.744,8160,8173,8180,
57.754,8166,8175,8174,
57.76,8171,8173,8174,
57.773,8171,8173,8174,
57.785,8174,8173,8177,
57.792,8174,8173,8174,
57.802,8177,8173,8174,
57.812,8182,8173,8177,
57.823,8185,8173,8174,
57.833,8192,8173,8174,
57.843,8203,8173,8177,
57.852,8195,8155,8180,
57.863,8230,8175,8185,
57.872,8249,8173,8182,
57.885,8271,8173,8182,
57.892,8288,8173,8185,
57.904,8315,8173,8190,
57.913,8350,8173,8187,
57.923,8406,8173,8180,
57.933,8385,8173,8192,
57.943,8377,8173,8198,
57.952,8385,8173,8195,
57.964,8390,8173,8198,
57.972,8393,8173,8195,
57.983,8396,8173,8198,
57.993,8401,8175,8198,
58.007,8409,8175,8200,
58.011,8414,8170,8200,
58.024,8420,8173,8200,
58.033,8425,8175,8200,
58.044,8433,8175,8203,
58.055,8436,8173,8203,
58.062,8439,8173,8203,
58.073,8442,8170,8205,
58.082,8436,8170,8203,
58.093,8442,8173,8203,
58.103,8444,8173,8205,
58.113,8473,8173,8200,
58.124,8530,8175,8187,
58.133,8511,8173,8192,
58.144,8458,8175,8208,
58.154,8450,8175,8205,
58.162,8442,8168,8205,
58.173,8431,8173,8200,
58.183,8433,8173,8203,
58.193,8425,8173,8203,
58.203,8423,8173,8200,
58.213,8423,8173,8200,
58.223,8420,8173,8200,
58.232,8417,8173,8203,
58.241,8417,8175,8200,
58.253,8420,8173,8200,
58.262,8414,8173,8200,
58.273,8417,8173,8200,
58.284,8420,8173,8200,
58.294,8417,8175,8200,
58.302,8417,8173,8200,
58.312,8447,8173,8195,
58.323,8511,8173,8182,
58.333,8458,8175,8198,
58.344,8428,8170,8205,
58.352,8425,8173,8205,
58.363,8423,8173,8203,
58.373,8423,8175,8203,
58.384,8420,8173,8203,
58.393,8423,8173,8205,
58.404,8420,8173,8205,
58.411,8423,8175,8203,
58.423,8425,8173,8205,
58.431,8423,8173,8203,
58.442,8423,8173,8200,
58.45,8425,8173,8203,
58.461,8425,8173,8200,
58.473,8423,8173,8203,
58.482,8420,8173,8200,
58.491,8425,8175,8203,
58.503,8425,8173,8203,
58.511,8447,8173,8195,
-1.493,0,0,0,
-1.493,0,0,0,
-1.493,0,0,0,
-1.493,0,0,0,
-1.493,0,0,0,
-1.493,0,0,0,
-1.493,0,0,0,
-1.493,0,0,0,
-1.493,0,0,0,
-1.493,0,0,0,
-1.493,0,0,0,
-1.493,0,0,0,
-1.493,0,0,0,
-1.493,0,0,0,
-1.493,0,0,0,
-1.493,0,0,0,
-1.493,0,0,0,
-1.493,0,0,0,
-1.493,0,0,0,
-1.493,0,0,0,
-1.493,0,0,0,
-1.493,0,0,0,
-1.493,0,0,0,
-1.493,0,0,0,
-1.493,0,0,0,
-1.493,0,0,0,
-1.493,0,0,0,
-1.493,0,0,0,
-1.493,0,0,0,
-1.493,0,0,0,
-1.493,0,0,0,
-1.493,0,0,0,
-1.493,0,0,0,
-1.493,0,0,0,
-1.493,0,0,0,
-1.493,0,0,0,
-1.493,0,0,0,
-1.493,0,0,0,
-1.493,0,0,0,
-1.493,0,0,0,
-1.493,0,0,0,
-1.493,0,0,0,
-1.493,0,0,0,
-1.493,0,0,0,
-1.493,0,0,0,
-1.493,0,0,0,
-1.493,0,0,0,
-1.493,0,0,0,
-1.493,0,0,0,
-1.493,0,0,0,
-1.493,0,0,0,
-1.493,0,0,0,
-1.493,0,0,0,
-1.493,0,0,0,
-1.493,0,0,0,
-1.493,0,0,0,
-1.493,0,0,0,
-1.493,0,0,0,
-1.493,0,0,0,
-1.493,0,0,0,
-1.493,0,0,0,
-1.493,0,0,0,
-1.493,0,0,0,
-1.493,0,0,0,
-1.493,0,0,0,
-1.493,0,0,0,
-1.493,0,0,0,
-1.493,0,0,0,
-1.493,0,0,0,
-1.493,0,0,0,
-1.493,0,0,0,
-1.493,0,0,0,
-1.493,0,0,0,
-1.493,0,0,0,
-1.493,0,0,0,
-1.493,0,0,0,
-1.493,0,0,0,
-1.493,0,0,0,
-1.493,0,0,0,
-1.493,0,0,0,
-1.493,0,0,0,
-1.493,0,0,0,
-1.493,0,0,0,
-1.493,0,0,0,
-1.493,0,0,0,
-1.493,0,0,0,
-1.493,0,0,0,
-1.493,0,0,0,
-1.493,0,0,0,
-1.493,0,0,0,
-1.493,0,0,0,
-1.493,0,0,0,
-1.493,0,0,0,
-1.493,0,0,0,
-1.493,0,0,0,
-1.493,0,0,0,
-1.493,0,0,0,
-1.493,0,0,0,
-1.493,0,0,0,
-1.493,0,0,0,
-1.493,0,0,0,
-1.493,0,0,0,
-1.493,0,0,0,
-1.493,0,0,0,
-1.493,0,0,0,
-1.493,0,0,0,
-1.493,0,0,0,
-1.493,0,0,0,
-1.493,0,0,0,
-1.493,0,0,0,
-1.493,0,0,0,
-1.493,0,0,0,
-1.493,0,0,0,
-1.493,0,0,0,
-1.493,0,0,0,
-1.493,0,0,0,
-1.493,0,0,0,
-1.493,0,0,0,
-1.493,0,0,0,
-1.493,0,0,0,
-1.493,0,0,0,
-1.493,0,0,0,
-1.493,0,0,0,
-1.493,0,0,0,
-1.493,0,0,0,
-1.493,0,0,0,
-1.493,0,0,0,
-1.493,0,0,0,
-1.493,0,0,0,
-1.493,0,0,0,
-1.493,0,0,0,
-1.493,0,0,0,
-1.493,0,0,0,
-1.493,0,0,0,
-1.493,0,0,0,
-1.493,0,0,0,
-1.493,0,0,0,
-1.493,0,0,0,
