Time [s],Gauge Pressure,Inspiratory Differential Pressure ,Expiratory Differential Pressure ,StartTime
0,8000,8191,8185,13:04:51
0,8018,8193,8185,
0,8037,8193,8180,
0.0190000000000055,8045,8188,8185,
0.0249999999999986,8047,8191,8185,
0.0290000000000035,8045,8188,8182,
0.0399999999999991,8039,8188,8185,
0.0500000000000043,8045,8191,8182,
0.0609999999999999,8039,8191,8182,
0.0710000000000051,8039,8191,8185,
0.0810000000000031,8039,8188,8185,
0.0910000000000011,8037,8188,8182,
0.100000000000001,8037,8191,8182,
0.109000000000002,8039,8188,8182,
0.121000000000002,8037,8191,8185,
0.129000000000005,8037,8191,8185,
0.141000000000005,8031,8196,8185,
0.152000000000001,8037,8193,8185,
0.160000000000004,8031,8193,8182,
0.170000000000002,8034,8196,8185,
0.179000000000002,8015,8188,8174,
0.192,8000,8178,8174,
0.200000000000003,7959,8181,8174,
0.210000000000001,7998,8191,8177,
0.221000000000004,7998,8186,8172,
0.228000000000002,7995,8186,8174,
0.240000000000002,8007,8191,8174,
0.25,8007,8191,8174,
0.261000000000003,7998,8191,8174,
0.270000000000003,8003,8186,8174,
0.280000000000001,8003,8188,8177,
0.286999999999999,7998,8196,8177,
0.298999999999999,7995,8191,8174,
0.310000000000002,7991,8191,8174,
0.32,7998,8196,8177,
0.329000000000001,7991,8188,8174,
0.341999999999999,7988,8188,8174,
0.350999999999999,7991,8186,8174,
0.362000000000002,7991,8186,8174,
0.371000000000002,7998,8191,8177,
0.378,7991,8186,8177,
0.389000000000003,7970,8186,8177,
0.398000000000003,7937,8188,8172,
0.410000000000004,7980,8193,8169,
0.419000000000004,7986,8191,8177,
0.43,7988,8188,8174,
0.439,7998,8191,8177,
0.450000000000003,7988,8188,8177,
0.459000000000003,7998,8196,8174,
0.471000000000004,7988,8191,8177,
0.478999999999999,7988,8186,8174,
0.488,7983,8186,8174,
0.5,7986,8186,8174,
0.508000000000003,7988,8186,8174,
0.519000000000005,7991,8186,8174,
0.527999999999999,7983,8188,8174,
0.539000000000001,7991,8188,8174,
0.550000000000004,7988,8193,8174,
0.559000000000005,8000,8188,8174,
0.568000000000005,8000,8183,8174,
0.579000000000001,7988,8188,8177,
0.590000000000003,7956,8181,8174,
0.599000000000004,7948,8183,8177,
0.609000000000002,7953,8186,8174,
0.618000000000002,7991,8191,8174,
0.629000000000005,8003,8188,8177,
0.640000000000001,8007,8186,8174,
0.649000000000001,8007,8183,8174,
0.660000000000004,8009,8183,8174,
0.670999999999999,8018,8183,8174,
0.679000000000002,8018,8186,8174,
0.689,8020,8183,8174,
0.698,8023,8188,8174,
0.707999999999998,8026,8183,8177,
0.719000000000001,8023,8183,8177,
0.728000000000002,8020,8188,8174,
0.740000000000002,8026,8183,8174,
0.748000000000005,8023,8181,8174,
0.759,8023,8183,8174,
0.770000000000003,8026,8181,8177,
0.777999999999999,8026,8183,8174,
0.788000000000004,8003,8178,8177,
0.800000000000004,7983,8178,8172,
0.810000000000002,8003,8186,8174,
0.82,8031,8188,8172,
0.829000000000001,8039,8183,8174,
0.840000000000003,8037,8186,8174,
0.850000000000001,8037,8183,8174,
0.859000000000002,8042,8183,8174,
0.869,8045,8186,8174,
0.877000000000002,8045,8181,8174,
0.890000000000001,8045,8178,8174,
0.898000000000003,8045,8183,8174,
0.908000000000001,8045,8183,8174,
0.919000000000004,8042,8181,8174,
0.929000000000002,8045,8183,8177,
0.939,8047,8178,8174,
0.950000000000003,8045,8181,8174,
0.959000000000003,8042,8181,8174,
0.968000000000004,8045,8178,8174,
0.978000000000002,8047,8186,8174,
0.989000000000004,8031,8186,8174,
0.998000000000005,8018,8181,8180,
1.009,8031,8186,8177,
1.02,8053,8186,8180,
1.031,8058,8183,8177,
1.038,8055,8183,8177,
1.047,8058,8183,8174,
1.059,8061,8181,8174,
1.068,8055,8183,8174,
1.07700000000001,8058,8181,8174,
1.088,8053,8178,8177,
1.099,8055,8181,8174,
1.107,8055,8183,8177,
1.12,8058,8178,8174,
1.126,8061,8178,8174,
1.137,8064,8175,8174,
1.147,8066,8178,8174,
1.159,8064,8181,8174,
1.167,8066,8178,8174,
1.178,8064,8178,8174,
1.188,8050,8175,8177,
1.198,8031,8178,8174,
1.207,8061,8183,8174,
1.219,8061,8181,8177,
1.228,8064,8181,8177,
1.242,8064,8178,8174,
1.249,8061,8181,8177,
1.259,8061,8181,8174,
1.26900000000001,8066,8181,8174,
1.28,8066,8181,8174,
1.289,8066,8178,8177,
1.3,8061,8181,8180,
1.309,8064,8178,8177,
1.316,8064,8181,8180,
1.329,8064,8181,8180,
1.336,8064,8186,8177,
1.347,8066,8178,8177,
1.358,8064,8181,8177,
1.368,8069,8178,8177,
1.377,8066,8178,8177,
1.39,8064,8181,8177,
1.397,8037,8175,8177,
1.408,8050,8183,8177,
1.416,8069,8181,8177,
1.428,8069,8178,8174,
1.437,8066,8178,8177,
1.447,8066,8181,8174,
1.458,8066,8178,8174,
1.466,8066,8178,8177,
1.478,8072,8181,8174,
1.487,8066,8181,8177,
1.498,8064,8183,8174,
1.508,8064,8181,8174,
1.518,8061,8181,8177,
1.529,8061,8183,8174,
1.537,8055,8181,8174,
1.546,8055,8181,8174,
1.559,8061,8178,8174,
1.567,8055,8178,8174,
1.57700000000001,8053,8178,8177,
1.587,8034,8181,8174,
1.596,8026,8178,8180,
1.608,8055,8183,8172,
1.616,8058,8181,8177,
1.626,8064,8181,8174,
1.63500000000001,8061,8178,8174,
1.649,8069,8178,8174,
1.658,8072,8178,8177,
1.667,8072,8181,8174,
1.678,8077,8181,8174,
1.688,8074,8178,8174,
1.69900000000001,8072,8178,8174,
1.709,8074,8178,8177,
1.717,8077,8181,8174,
1.728,8077,8186,8174,
1.737,8074,8178,8177,
1.747,8074,8181,8174,
1.758,8074,8181,8177,
1.767,8077,8181,8177,
1.778,8074,8178,8177,
1.787,8066,8181,8174,
1.797,8045,8178,8177,
1.808,8053,8181,8177,
1.817,8077,8181,8177,
1.829,8077,8178,8177,
1.839,8080,8181,8174,
1.848,8083,8181,8174,
1.858,8083,8178,8174,
1.868,8085,8178,8174,
1.877,8088,8178,8174,
1.88800000000001,8088,8175,8177,
1.896,8088,8178,8174,
1.908,8092,8178,8174,
1.919,8092,8178,8174,
1.929,8088,8178,8174,
1.935,8097,8175,8174,
1.947,8094,8175,8174,
1.958,8094,8178,8174,
1.968,8094,8181,8177,
1.978,8097,8175,8174,
1.986,8080,8175,8177,
1.999,8069,8175,8177,
2.008,8085,8181,8174,
2.017,8088,8178,8169,
2.026,8088,8181,8174,
2.038,8088,8181,8174,
2.048,8088,8181,8174,
2.056,8092,8181,8174,
2.067,8094,8178,8174,
2.07700000000001,8092,8178,8174,
2.086,8094,8181,8174,
2.097,8094,8181,8177,
2.106,8094,8181,8174,
2.116,8094,8181,8174,
2.127,8097,8178,8174,
2.139,8094,8175,8174,
2.148,8097,8178,8174,
2.157,8097,8178,8174,
2.167,8101,8178,8174,
2.177,8101,8178,8177,
2.188,8094,8178,8177,
2.197,8080,8173,8177,
2.208,8094,8181,8174,
2.217,8109,8178,8174,
2.228,8109,8178,8174,
2.236,8112,8175,8174,
2.248,8112,8175,8174,
2.25700000000001,8112,8175,8174,
2.26600000000001,8112,8175,8174,
2.277,8112,8175,8174,
2.287,8109,8175,8174,
2.296,8109,8178,8174,
2.309,8109,8175,8174,
2.317,8109,8175,8174,
2.328,8103,8175,8174,
2.336,8106,8181,8174,
2.347,8106,8181,8174,
2.355,8106,8178,8174,
2.365,8101,8178,8174,
2.377,8097,8178,8174,
2.38800000000001,8083,8178,8174,
2.396,8066,8178,8174,
2.407,8085,8183,8174,
2.417,8088,8183,8174,
2.426,8088,8181,8174,
2.438,8092,8183,8174,
2.44600000000001,8088,8181,8174,
2.456,8088,8181,8174,
2.467,8092,8178,8174,
2.476,8092,8181,8177,
2.486,8092,8181,8174,
2.496,8088,8183,8174,
2.506,8088,8181,8174,
2.517,8085,8178,8174,
2.526,8083,8181,8174,
2.535,8085,8183,8174,
2.547,8083,8181,8174,
2.557,8080,8178,8174,
2.566,8080,8178,8174,
2.576,8083,8178,8174,
2.585,8077,8178,8177,
2.596,8061,8175,8174,
2.607,8074,8181,8177,
2.615,8085,8178,8174,
2.624,8085,8178,8174,
2.636,8088,8175,8174,
2.647,8088,8178,8174,
2.656,8085,8181,8174,
2.666,8083,8181,8177,
2.675,8085,8181,8174,
2.688,8083,8181,8174,
2.693,8080,8181,8174,
2.706,8080,8183,8174,
2.717,8077,8181,8174,
2.727,8074,8181,8174,
2.737,8074,8181,8174,
2.747,8074,8181,8177,
2.755,8077,8178,8174,
2.764,8080,8181,8174,
2.778,8080,8178,8174,
2.787,8066,8175,8174,
2.797,8055,8175,8177,
2.805,8080,8181,8177,
2.818,8088,8178,8172,
2.82700000000001,8097,8178,8174,
2.836,8103,8178,8174,
2.845,8112,8175,8174,
2.857,8122,8175,8174,
2.866,8125,8175,8174,
2.875,8133,8175,8174,
2.887,8141,8175,8174,
2.896,8147,8173,8174,
2.908,8155,8173,8177,
2.915,8163,8173,8174,
2.927,8174,8170,8174,
2.937,8182,8170,8174,
2.947,8192,8170,8174,
2.95500000000001,8211,8173,8177,
2.967,8219,8175,8185,
2.976,8233,8173,8180,
2.986,8249,8173,8180,
2.994,8283,8170,8182,
3.006,8301,8173,8185,
3.01600000000001,8299,8173,8187,
3.025,8315,8173,8185,
3.036,8329,8170,8187,
3.045,8339,8173,8190,
3.055,8350,8173,8190,
3.068,8361,8173,8192,
3.07700000000001,8366,8175,8192,
3.084,8379,8173,8195,
3.097,8387,8175,8192,
3.106,8393,8175,8198,
3.116,8396,8173,8195,
3.124,8396,8175,8198,
3.133,8398,8175,8195,
3.14400000000001,8401,8175,8198,
3.158,8404,8175,8198,
3.165,8406,8175,8198,
3.174,8409,8173,8195,
3.187,8423,8173,8195,
3.197,8468,8173,8190,
3.207,8431,8170,8203,
3.217,8412,8173,8198,
3.223,8414,8170,8200,
3.235,8412,8170,8200,
3.245,8409,8170,8203,
3.255,8409,8170,8200,
3.267,8406,8170,8200,
3.275,8409,8173,8200,
3.285,8406,8170,8198,
3.295,8406,8173,8200,
3.304,8406,8173,8200,
3.316,8406,8173,8198,
3.32400000000001,8404,8173,8198,
3.335,8398,8170,8198,
3.344,8393,8173,8195,
3.356,8390,8173,8195,
3.364,8385,8170,8195,
3.377,8387,8173,8195,
3.38500000000001,8398,8173,8192,
3.393,8447,8173,8187,
3.405,8409,8173,8195,
3.416,8390,8173,8195,
3.425,8385,8173,8195,
3.435,8387,8173,8195,
3.444,8382,8173,8195,
3.45500000000001,8382,8173,8195,
3.466,8385,8170,8198,
3.475,8387,8170,8195,
3.483,8387,8173,8195,
3.495,8387,8173,8195,
3.50700000000001,8385,8170,8195,
3.51600000000001,8385,8173,8195,
3.524,8377,8173,8195,
3.534,8366,8170,8195,
3.545,8369,8170,8195,
3.555,8369,8173,8195,
3.565,8366,8170,8195,
3.57700000000001,8366,8173,8192,
3.584,8382,8173,8192,
3.595,8420,8175,8190,
3.604,8417,8175,8195,
3.614,8390,8175,8195,
3.626,8382,8173,8198,
3.63500000000001,8385,8175,8195,
3.643,8379,8175,8192,
3.655,8372,8175,8195,
3.663,8372,8175,8195,
3.677,8366,8175,8195,
3.683,8369,8173,8195,
3.697,8372,8175,8195,
3.703,8372,8173,8195,
3.716,8372,8173,8195,
3.723,8372,8173,8195,
3.733,8379,8173,8195,
3.743,8379,8173,8195,
3.755,8379,8170,8195,
3.764,8377,8173,8195,
3.774,8377,8173,8195,
3.784,8393,8173,8192,
3.793,8433,8173,8185,
3.804,8404,8175,8195,
3.814,8372,8170,8195,
3.82400000000001,8366,8173,8195,
3.835,8366,8173,8192,
3.843,8366,8173,8192,
3.855,8369,8173,8195,
3.864,8372,8173,8192,
3.876,8369,8170,8195,
3.884,8364,8173,8195,
3.895,8366,8170,8192,
3.903,8366,8173,8192,
3.914,8364,8170,8192,
3.926,8364,8173,8192,
3.933,8361,8173,8192,
3.94600000000001,8361,8170,8195,
3.95200000000001,8364,8173,8192,
3.966,8358,8173,8195,
3.975,8364,8173,8192,
3.985,8379,8173,8195,
3.994,8414,8170,8187,
4.005,8409,8175,8192,
4.01600000000001,8382,8173,8195,
4.022,8364,8173,8195,
4.033,8364,8173,8192,
4.044,8364,8173,8192,
4.056,8358,8173,8192,
4.062,8364,8170,8192,
4.075,8364,8170,8192,
4.084,8361,8170,8192,
4.094,8361,8173,8192,
4.104,8361,8173,8192,
4.113,8364,8173,8192,
4.127,8358,8175,8192,
4.133,8364,8175,8192,
4.14400000000001,8364,8173,8192,
4.153,8361,8175,8192,
4.165,8358,8175,8192,
4.173,8358,8175,8192,
4.186,8377,8175,8190,
4.192,8406,8175,8187,
4.20500000000001,8382,8175,8195,
4.213,8361,8175,8198,
4.224,8358,8173,8190,
4.234,8353,8170,8192,
4.242,8353,8170,8192,
4.252,8356,8173,8192,
4.26600000000001,8353,8173,8192,
4.274,8356,8173,8192,
4.282,8356,8173,8192,
4.293,8356,8173,8192,
4.304,8358,8173,8192,
4.314,8358,8173,8192,
4.322,8353,8173,8192,
4.335,8356,8173,8190,
4.344,8353,8173,8192,
4.353,8353,8173,8192,
4.365,8353,8173,8192,
4.374,8350,8173,8192,
4.383,8361,8173,8190,
4.393,8404,8170,8185,
4.404,8396,8170,8190,
4.413,8366,8173,8195,
4.424,8361,8173,8192,
4.433,8356,8173,8192,
4.443,8356,8170,8192,
4.45500000000001,8353,8173,8192,
4.465,8353,8173,8192,
4.473,8353,8173,8192,
4.485,8353,8173,8192,
4.494,8356,8173,8192,
4.501,8353,8170,8192,
4.515,8358,8173,8192,
4.523,8358,8173,8192,
4.533,8356,8173,8192,
4.543,8356,8173,8192,
4.552,8353,8170,8192,
4.564,8350,8170,8192,
4.57400000000001,8350,8173,8192,
4.583,8364,8173,8187,
4.594,8401,8170,8187,
4.604,8385,8173,8192,
4.611,8356,8170,8190,
4.622,8345,8173,8192,
4.634,8345,8173,8192,
4.64400000000001,8347,8173,8192,
4.655,8345,8170,8192,
4.662,8342,8173,8190,
4.674,8342,8173,8190,
4.684,8342,8170,8192,
4.693,8339,8173,8190,
4.70200000000001,8339,8173,8190,
4.713,8339,8173,8190,
4.725,8339,8173,8190,
4.731,8339,8173,8192,
4.743,8339,8173,8190,
4.755,8339,8170,8190,
4.764,8337,8170,8190,
4.773,8337,8173,8192,
4.785,8347,8170,8187,
4.794,8382,8170,8185,
4.801,8377,8170,8190,
4.815,8350,8173,8190,
4.82100000000001,8342,8173,8190,
4.833,8342,8170,8190,
4.842,8342,8170,8192,
4.852,8342,8173,8190,
4.866,8339,8173,8190,
4.87,8342,8173,8192,
4.883,8339,8170,8192,
4.893,8342,8170,8195,
4.904,8339,8173,8195,
4.91,8342,8173,8195,
4.922,8342,8173,8192,
4.934,8339,8170,8192,
4.941,8339,8173,8192,
4.954,8342,8173,8192,
4.964,8342,8170,8192,
4.974,8342,8170,8190,
4.983,8350,8173,8190,
4.992,8379,8170,8185,
5.003,8353,8173,8192,
5.014,8339,8170,8190,
5.023,8337,8173,8190,
5.034,8337,8173,8190,
5.043,8337,8170,8190,
5.054,8334,8170,8190,
5.064,8337,8173,8190,
5.072,8339,8173,8190,
5.081,8342,8173,8190,
5.093,8339,8173,8190,
5.102,8342,8173,8190,
5.115,8345,8173,8190,
5.121,8342,8173,8192,
5.134,8339,8173,8192,
5.145,8342,8173,8192,
5.154,8342,8173,8192,
5.164,8345,8173,8192,
5.17,8345,8173,8190,
5.183,8353,8173,8190,
5.195,8385,8170,8185,
5.201,8377,8173,8192,
5.213,8356,8173,8192,
5.221,8345,8170,8192,
5.233,8345,8173,8190,
5.244,8347,8170,8192,
5.252,8347,8170,8192,
5.26300000000001,8347,8170,8190,
5.272,8345,8173,8192,
5.281,8347,8170,8195,
5.294,8350,8173,8195,
5.303,8347,8173,8195,
5.31,8347,8173,8192,
5.323,8347,8170,8195,
5.333,8347,8173,8195,
5.342,8345,8173,8192,
5.352,8342,8173,8192,
5.362,8342,8173,8195,
5.374,8342,8173,8192,
5.38200000000001,8356,8173,8187,
5.39100000000001,8401,8170,8182,
5.401,8366,8173,8192,
5.412,8345,8170,8192,
5.423,8342,8173,8190,
5.431,8342,8173,8192,
5.444,8347,8173,8190,
5.45,8342,8173,8192,
5.461,8345,8173,8190,
5.473,8342,8173,8190,
5.482,8342,8175,8190,
5.491,8339,8175,8190,
5.503,8342,8173,8190,
5.51000000000001,8339,8173,8192,
5.521,8339,8175,8192,
5.532,8342,8175,8190,
5.541,8342,8173,8190,
5.552,8342,8175,8192,
5.561,8342,8173,8192,
5.57400000000001,8342,8173,8190,
5.582,8350,8175,8187,
5.591,8377,8173,8185,
5.602,8356,8173,8192,
5.61,8342,8170,8195,
5.624,8339,8170,8190,
5.634,8345,8170,8192,
5.64100000000001,8342,8170,8192,
5.65,8347,8173,8192,
5.665,8347,8173,8190,
5.671,8350,8170,8190,
5.682,8350,8173,8190,
5.69,8347,8173,8192,
5.703,8350,8173,8190,
5.713,8347,8170,8192,
5.721,8353,8170,8190,
5.733,8347,8170,8192,
5.743,8350,8173,8192,
5.752,8345,8173,8192,
5.76300000000001,8345,8170,8192,
5.773,8347,8173,8190,
5.781,8356,8173,8190,
5.793,8379,8170,8187,
5.803,8372,8175,8192,
5.81,8358,8170,8192,
5.82,8347,8170,8190,
5.833,8347,8173,8192,
5.842,8350,8170,8192,
5.852,8345,8173,8190,
5.859,8347,8173,8192,
5.874,8345,8173,8190,
5.881,8347,8173,8190,
5.892,8339,8173,8192,
5.903,8339,8173,8190,
5.911,8339,8173,8190,
5.923,8339,8175,8190,
5.934,8337,8175,8190,
5.941,8334,8173,8190,
5.95,8334,8175,8190,
5.961,8331,8173,8190,
5.971,8334,8173,8190,
5.982,8345,8175,8187,
5.99,8377,8175,8185,
6.002,8350,8175,8192,
6.01000000000001,8334,8173,8195,
6.021,8331,8175,8190,
6.033,8331,8175,8190,
6.04,8331,8175,8190,
6.05,8331,8175,8190,
6.062,8331,8173,8190,
6.072,8331,8175,8190,
6.08000000000001,8331,8175,8190,
6.094,8329,8173,8190,
6.102,8331,8175,8190,
6.111,8331,8173,8190,
6.123,8329,8173,8190,
6.131,8329,8170,8190,
6.14400000000001,8326,8173,8187,
6.15,8326,8173,8187,
6.162,8326,8173,8187,
6.171,8326,8173,8187,
6.182,8337,8173,8187,
6.19600000000001,8358,8173,8185,
6.19900000000001,8334,8173,8192,
6.211,8329,8173,8192,
6.221,8329,8173,8192,
6.233,8331,8173,8192,
6.242,8334,8170,8192,
6.25,8337,8170,8192,
6.261,8334,8170,8192,
6.26900000000001,8337,8173,8192,
6.28,8334,8170,8192,
6.29,8337,8173,8192,
6.302,8334,8173,8190,
6.31,8337,8173,8190,
6.32100000000001,8339,8173,8192,
6.33000000000001,8337,8173,8190,
6.342,8339,8170,8190,
6.351,8337,8173,8190,
6.36,8334,8173,8190,
6.37,8339,8173,8190,
6.38200000000001,8353,8173,8190,
6.392,8387,8173,8185,
6.402,8369,8173,8190,
6.413,8345,8173,8192,
6.422,8339,8173,8190,
6.432,8329,8175,8190,
6.44,8329,8175,8190,
6.44900000000001,8326,8175,8190,
6.461,8323,8175,8190,
6.472,8323,8173,8190,
6.479,8320,8173,8190,
6.493,8320,8175,8187,
6.502,8323,8175,8190,
6.512,8323,8175,8190,
6.521,8320,8175,8192,
6.531,8323,8173,8192,
6.541,8320,8175,8190,
6.55,8318,8173,8190,
6.561,8320,8173,8190,
6.573,8323,8175,8190,
6.58000000000001,8334,8175,8190,
6.591,8366,8175,8182,
6.601,8350,8175,8192,
6.611,8326,8175,8192,
6.621,8320,8175,8192,
6.633,8318,8175,8187,
6.642,8318,8173,8187,
6.65,8315,8173,8187,
6.661,8318,8173,8187,
6.67,8315,8173,8190,
6.681,8315,8173,8187,
6.692,8315,8170,8187,
6.701,8315,8173,8187,
6.71,8315,8170,8187,
6.72,8318,8173,8190,
6.731,8320,8173,8187,
6.742,8323,8173,8187,
6.75,8326,8173,8190,
6.762,8326,8173,8187,
6.77,8323,8173,8190,
6.78,8337,8173,8187,
6.789,8361,8173,8185,
6.801,8350,8173,8187,
6.812,8323,8170,8190,
6.82100000000001,8312,8173,8190,
6.83000000000001,8307,8173,8187,
6.841,8304,8173,8187,
6.85,8301,8170,8185,
6.861,8299,8173,8187,
6.87,8304,8173,8187,
6.881,8304,8173,8187,
6.889,8301,8173,8187,
6.901,8299,8173,8185,
6.91,8296,8170,8185,
6.921,8296,8173,8185,
6.929,8293,8173,8185,
6.941,8293,8173,8185,
6.95200000000001,8288,8170,8185,
6.959,8288,8173,8185,
6.968,8285,8173,8185,
6.98,8288,8173,8185,
6.991,8310,8173,8182,
7.001,8307,8173,8185,
7.011,8285,8173,8187,
7.02,8283,8170,8185,
7.029,8283,8173,8185,
7.039,8279,8173,8185,
7.05,8279,8173,8185,
7.061,8279,8173,8185,
7.069,8276,8175,8182,
7.08000000000001,8276,8173,8182,
7.09,8273,8175,8185,
7.098,8273,8175,8185,
7.111,8273,8175,8185,
7.12,8276,8175,8185,
7.13,8276,8175,8185,
7.139,8279,8175,8185,
7.149,8283,8173,8185,
7.159,8283,8173,8182,
7.17,8279,8173,8185,
7.179,8283,8173,8182,
7.191,8291,8170,8182,
7.19900000000001,8276,8173,8185,
7.21,8263,8173,8182,
7.219,8263,8173,8182,
7.231,8260,8173,8182,
7.239,8257,8173,8182,
7.249,8252,8173,8182,
7.25700000000001,8249,8173,8180,
7.268,8249,8173,8180,
7.281,8249,8173,8182,
7.29,8249,8173,8180,
7.3,8246,8170,8182,
7.308,8244,8173,8180,
7.322,8241,8173,8180,
7.331,8235,8173,8180,
7.34,8233,8173,8180,
7.351,8233,8173,8177,
7.36,8227,8173,8180,
7.369,8227,8175,8177,
7.386,8227,8175,8177,
7.39,8238,8173,8177,
7.399,8230,8175,8180,
7.41,8225,8175,8172,
7.42,8225,8175,8177,
7.429,8227,8173,8180,
7.441,8233,8175,8180,
7.45200000000001,8235,8173,8180,
7.458,8235,8175,8180,
7.468,8238,8175,8180,
7.48,8238,8173,8180,
7.488,8238,8173,8177,
7.5,8238,8173,8180,
7.512,8235,8170,8180,
7.518,8235,8173,8180,
7.529,8233,8173,8177,
7.539,8233,8173,8177,
7.55,8230,8173,8180,
7.559,8225,8173,8177,
7.568,8225,8170,8177,
7.579,8227,8173,8177,
7.589,8238,8175,8177,
7.597,8230,8173,8177,
7.61,8219,8173,8174,
7.618,8217,8173,8177,
7.631,8219,8173,8177,
7.637,8219,8173,8177,
7.651,8219,8173,8177,
7.659,8217,8173,8177,
7.669,8217,8170,8177,
7.68,8217,8173,8177,
7.69,8217,8173,8177,
7.701,8214,8173,8177,
7.709,8214,8170,8177,
7.719,8211,8173,8177,
7.727,8211,8173,8177,
7.74,8206,8173,8177,
7.75,8206,8173,8177,
7.759,8203,8170,8177,
7.768,8203,8173,8177,
7.779,8206,8173,8177,
7.79,8208,8173,8177,
7.798,8208,8173,8180,
7.81,8203,8173,8174,
7.818,8203,8170,8174,
7.828,8200,8173,8177,
7.841,8198,8173,8177,
7.849,8198,8173,8174,
7.858,8195,8173,8177,
7.867,8188,8173,8177,
7.88,8185,8173,8174,
7.89,8182,8173,8177,
7.898,8182,8175,8174,
7.91,8182,8175,8174,
7.92,8182,8175,8174,
7.929,8182,8175,8174,
7.937,8182,8175,8174,
7.95,8185,8175,8177,
7.959,8185,8175,8177,
7.968,8188,8173,8177,
7.979,8192,8173,8177,
7.99,8195,8175,8174,
7.997,8198,8173,8177,
8.011,8195,8170,8177,
8.01900000000001,8192,8173,8174,
8.029,8188,8170,8174,
8.037,8188,8170,8174,
8.05,8185,8170,8174,
8.059,8185,8173,8174,
8.07100000000001,8185,8173,8174,
8.07700000000001,8182,8170,8174,
8.089,8182,8173,8174,
8.1,8179,8170,8174,
8.109,8179,8173,8177,
8.119,8177,8173,8174,
8.127,8177,8173,8174,
8.139,8177,8173,8174,
8.15,8177,8175,8177,
8.161,8177,8173,8174,
8.167,8174,8175,8174,
8.18,8177,8175,8174,
8.19,8174,8173,8174,
8.19900000000001,8174,8175,8174,
8.208,8177,8170,8174,
8.221,8174,8173,8174,
8.227,8174,8170,8174,
8.24,8174,8173,8174,
8.251,8174,8173,8174,
8.258,8174,8173,8174,
8.26900000000001,8174,8173,8174,
8.277,8174,8173,8174,
8.289,8177,8173,8174,
8.298,8174,8173,8174,
8.309,8174,8173,8174,
8.319,8174,8173,8174,
8.32700000000001,8174,8173,8174,
8.338,8174,8173,8174,
8.351,8174,8173,8174,
8.36,8177,8170,8174,
8.369,8177,8173,8174,
8.376,8174,8173,8174,
8.387,8174,8173,8174,
8.398,8179,8173,8174,
8.407,8174,8170,8174,
8.42,8177,8170,8174,
8.428,8177,8173,8174,
8.439,8177,8173,8174,
8.447,8177,8173,8174,
8.459,8177,8170,8174,
8.47,8177,8173,8174,
8.476,8177,8173,8174,
8.487,8177,8173,8174,
8.499,8174,8173,8174,
8.509,8174,8170,8177,
8.51900000000001,8174,8170,8174,
8.528,8177,8173,8177,
8.538,8174,8173,8177,
8.547,8174,8173,8177,
8.56,8174,8175,8174,
8.569,8174,8173,8177,
8.578,8177,8175,8177,
8.587,8174,8170,8174,
8.597,8174,8175,8174,
8.611,8174,8175,8177,
8.618,8174,8175,8174,
8.628,8174,8170,8174,
8.63800000000001,8177,8173,8174,
8.646,8174,8170,8174,
8.659,8174,8173,8174,
8.669,8174,8170,8174,
8.678,8177,8173,8174,
8.686,8174,8173,8174,
8.697,8174,8170,8177,
8.706,8174,8173,8174,
8.718,8174,8170,8177,
8.727,8174,8170,8174,
8.737,8174,8175,8174,
8.747,8174,8175,8177,
8.758,8174,8175,8174,
8.77,8174,8175,8174,
8.778,8174,8175,8174,
8.787,8174,8175,8177,
8.797,8177,8175,8174,
8.807,8171,8175,8174,
8.819,8174,8175,8174,
8.827,8174,8175,8174,
8.839,8174,8173,8174,
8.85,8174,8170,8174,
8.857,8177,8173,8174,
8.868,8174,8173,8174,
8.876,8177,8173,8174,
8.88800000000001,8174,8170,8174,
8.89700000000001,8174,8173,8174,
8.909,8174,8173,8174,
8.918,8174,8173,8174,
8.926,8174,8173,8174,
8.938,8174,8170,8174,
8.947,8177,8173,8174,
8.956,8174,8173,8174,
8.968,8174,8170,8174,
8.976,8174,8173,8174,
8.989,8174,8173,8177,
8.997,8174,8173,8174,
9.00700000000001,8168,8173,8174,
9.01600000000001,8174,8173,8174,
9.02500000000001,8174,8173,8174,
9.039,8174,8173,8174,
9.047,8174,8173,8174,
9.057,8174,8173,8174,
9.066,8174,8173,8177,
9.078,8171,8173,8177,
9.089,8171,8173,8174,
9.097,8158,8173,8174,
9.106,8139,8175,8177,
9.117,8125,8175,8174,
9.127,8114,8175,8174,
9.136,8109,8178,8174,
9.148,8103,8175,8174,
9.159,8097,8178,8174,
9.168,8092,8178,8174,
9.175,8085,8178,8174,
9.187,8058,8178,8177,
9.198,8066,8181,8174,
9.207,8072,8181,8177,
9.217,8069,8178,8174,
9.228,8061,8181,8174,
9.237,8050,8178,8174,
9.246,8042,8178,8174,
9.258,8031,8183,8177,
9.267,8023,8183,8174,
9.276,8015,8181,8174,
9.289,8000,8188,8174,
9.295,7998,8191,8174,
9.307,7988,8186,8177,
9.316,7975,8186,8174,
9.327,7953,8193,8174,
9.336,7948,8193,8174,
9.347,7934,8193,8177,
9.356,7918,8199,8174,
9.367,7909,8199,8174,
9.378,7843,8188,8174,
9.384,7812,8193,8174,
9.39400000000001,7809,8199,8169,
9.405,7859,8209,8174,
9.416,7870,8199,8174,
9.428,7886,8204,8177,
9.436,7870,8199,8177,
9.445,7875,8206,8177,
9.457,7867,8201,8174,
9.467,7867,8204,8174,
9.476,7862,8204,8174,
9.488,7870,8204,8174,
9.498,7854,8209,8172,
9.506,7846,8206,8174,
9.51600000000001,7854,8206,8177,
9.526,7854,8204,8174,
9.537,7862,8214,8177,
9.547,7886,8209,8174,
9.555,7873,8206,8177,
9.567,7878,8209,8174,
9.576,7846,8193,8174,
9.585,7787,8193,8174,
9.597,7804,8201,8163,
9.606,7854,8212,8174,
9.616,7875,8201,8172,
9.628,7875,8212,8177,
9.637,7881,8201,8174,
9.64700000000001,7873,8199,8174,
9.655,7875,8201,8174,
9.667,7873,8212,8174,
9.677,7870,8209,8174,
9.685,7873,8204,8177,
9.695,7865,8209,8172,
9.706,7884,8206,8177,
9.717,7862,8204,8174,
9.727,7865,8206,8177,
9.735,7846,8217,8177,
9.748,7859,8217,8177,
9.76000000000001,7867,8204,8177,
9.767,7862,8212,8174,
9.77500000000001,7843,8199,8177,
9.786,7768,8201,8174,
9.798,7827,8214,8174,
9.809,7838,8209,8174,
9.816,7854,8199,8174,
9.82400000000001,7851,8214,8174,
9.837,7854,8201,8172,
9.848,7851,8209,8174,
9.856,7857,8209,8174,
9.867,7854,8206,8172,
9.876,7846,8214,8174,
9.887,7846,8212,8177,
9.898,7846,8206,8177,
9.906,7848,8214,8174,
9.916,7848,8212,8174,
9.927,7846,8206,8177,
9.936,7838,8209,8174,
9.948,7832,8209,8177,
9.957,7857,8212,8174,
9.967,7835,8214,8174,
9.976,7796,8193,8174,
9.985,7724,8196,8174,
9.997,7796,8219,8180,
10.005,7804,8209,8167,
10.017,7818,8212,8174,
10.025,7846,8212,8174,
10.034,7820,8214,8174,
10.046,7829,8206,8177,
10.055,7843,8212,8172,
10.067,7832,8214,8177,
10.075,7848,8206,8174,
10.087,7838,8206,8174,
10.096,7838,8214,8174,
10.108,7851,8214,8177,
10.115,7843,8209,8174,
10.126,7848,8209,8174,
10.137,7846,8204,8174,
10.148,7862,8209,8177,
10.156,7854,8204,8174,
10.165,7851,8212,8174,
10.177,7796,8191,8174,
10.186,7738,8201,8172,
10.193,7776,8209,8182,
10.206,7827,8209,8177,
10.216,7859,8209,8180,
10.225,7848,8214,8172,
10.237,7848,8206,8174,
10.246,7848,8222,8174,
10.256,7862,8217,8177,
10.266,7843,8204,8174,
10.275,7851,8214,8174,
10.285,7867,8212,8174,
10.297,7862,8206,8174,
10.308,7865,8217,8180,
10.316,7848,8196,8174,
10.325,7862,8196,8174,
10.335,7870,8201,8174,
10.346,7862,8214,8174,
10.357,7870,8206,8177,
10.366,7865,8212,8174,
10.376,7832,8199,8177,
10.385,7776,8196,8169,
10.395,7791,8204,8172,
10.408,7843,8212,8177,
10.415,7870,8193,8177,
10.425,7873,8204,8177,
10.435,7865,8201,8177,
10.448,7873,8206,8180,
10.458,7867,8199,8177,
10.464,7870,8204,8177,
10.475,7865,8212,8177,
10.486,7862,8206,8180,
10.495,7859,8209,8180,
10.506,7851,8201,8174,
10.514,7870,8212,8174,
10.524,7859,8214,8174,
10.534,7867,8206,8177,
10.545,7873,8204,8177,
10.553,7867,8201,8180,
10.567,7873,8204,8174,
10.578,7827,8196,8172,
10.584,7779,8196,8177,
10.597,7784,8206,8177,
10.607,7846,8222,8169,
10.616,7859,8209,8174,
10.625,7851,8201,8172,
10.636,7838,8217,8172,
10.646,7859,8217,8174,
10.656,7851,8201,8172,
10.667,7862,8212,8172,
10.674,7848,8214,8177,
10.687,7854,8209,8172,
10.696,7851,8204,8174,
10.706,7848,8206,8177,
10.715,7851,8212,8174,
10.725,7848,8206,8177,
10.736,7848,8209,8174,
10.745,7865,8206,8174,
10.756,7865,8206,8172,
10.765,7859,8206,8174,
10.775,7815,8204,8177,
10.786,7749,8199,8172,
10.796,7804,8212,8174,
10.804,7835,8201,8177,
10.815,7851,8209,8174,
10.825,7857,8212,8174,
10.835,7854,8212,8174,
10.845,7870,8214,8177,
10.855,7865,8209,8174,
10.868,7865,8206,8177,
10.877,7875,8209,8174,
10.883,7870,8196,8174,
10.894,7867,8199,8174,
10.907,7862,8204,8174,
10.914,7873,8206,8172,
10.924,7862,8209,8177,
10.936,7862,8212,8177,
10.946,7859,8212,8177,
10.957,7862,8206,8177,
10.965,7859,8201,8177,
10.975,7832,8199,8177,
10.983,7760,8193,8177,
10.994,7793,8201,8174,
11.002,7846,8209,8174,
11.015,7857,8204,8174,
11.023,7867,8214,8177,
11.034,7865,8199,8172,
11.044,7867,8206,8172,
11.054,7873,8204,8174,
11.063,7878,8199,8174,
11.074,7875,8196,8172,
11.087,7878,8209,8172,
11.094,7870,8212,8174,
11.105,7867,8209,8177,
11.115,7870,8209,8177,
11.125,7873,8217,8174,
11.135,7865,8214,8177,
11.144,7870,8212,8174,
11.156,7873,8212,8172,
11.164,7848,8204,8174,
11.176,7799,8199,8174,
11.182,7757,8201,8167,
11.195,7771,8204,8172,
11.204,7832,8214,8174,
11.216,7846,8201,8172,
11.225,7843,8209,8177,
11.234,7857,8206,8174,
11.245,7867,8209,8177,
11.255,7854,8209,8177,
11.264,7851,8204,8174,
11.275,7859,8209,8174,
11.284,7854,8209,8174,
11.296,7854,8209,8174,
11.302,7870,8201,8177,
11.316,7873,8206,8177,
11.325,7875,8209,8172,
11.334,7873,8201,8172,
11.345,7875,8209,8174,
11.354,7881,8206,8174,
11.364,7884,8204,8174,
11.375,7832,8188,8177,
11.384,7801,8193,8177,
11.393,7804,8201,8177,
11.405,7873,8212,8174,
11.414,7884,8206,8169,
11.424,7889,8206,8174,
11.433,7889,8193,8174,
11.444,7893,8201,8177,
11.453,7889,8199,8174,
11.464,7895,8204,8177,
11.473,7901,8204,8177,
11.484,7901,8199,8177,
11.493,7904,8201,8177,
11.504,7904,8201,8177,
11.515,7909,8206,8177,
11.523,7895,8209,8177,
11.533,7904,8206,8174,
11.544,7901,8196,8177,
11.555,7906,8199,8177,
11.564,7912,8196,8177,
11.574,7881,8186,8180,
11.585,7820,8196,8180,
11.596,7870,8206,8177,
11.602,7889,8201,8177,
11.613,7901,8204,8177,
11.622,7901,8196,8177,
11.634,7901,8199,8177,
11.642,7906,8204,8177,
11.651,7918,8199,8174,
11.662,7901,8193,8177,
11.674,7901,8206,8174,
11.683,7895,8199,8174,
11.694,7893,8206,8177,
11.704,7893,8199,8177,
11.713,7875,8204,8174,
11.724,7884,8196,8174,
11.733,7875,8206,8174,
11.743,7893,8212,8174,
11.754,7884,8199,8177,
11.762,7884,8201,8174,
11.774,7857,8193,8172,
11.783,7807,8199,8174,
11.792,7827,8199,8174,
11.807,7881,8206,8177,
11.812,7895,8196,8174,
11.825,7889,8204,8174,
11.835,7895,8196,8177,
11.843,7895,8199,8177,
11.853,7901,8199,8174,
11.861,7909,8204,8174,
11.874,7898,8196,8174,
11.882,7895,8204,8174,
11.896,7901,8206,8174,
11.903,7904,8199,8174,
11.912,7895,8199,8174,
11.923,7898,8206,8174,
11.934,7901,8201,8172,
11.942,7898,8201,8174,
11.953,7893,8199,8174,
11.962,7881,8204,8177,
11.976,7832,8193,8177,
11.983,7804,8199,8177,
11.995,7815,8199,8180,
12.004,7886,8212,8174,
12.013,7909,8206,8177,
12.025,7898,8209,8177,
12.033,7912,8199,8174,
12.042,7912,8204,8174,
12.053,7901,8201,8177,
12.064,7904,8204,8174,
12.075,7898,8201,8177,
12.085,7909,8206,8177,
12.092,7898,8201,8174,
12.104,7895,8206,8177,
12.113,7898,8206,8177,
12.124,7884,8206,8174,
12.133,7889,8199,8174,
12.142,7881,8199,8174,
12.153,7881,8209,8174,
12.166,7875,8212,8174,
12.172,7818,8186,8174,
12.183,7784,8196,8167,
12.193,7796,8204,8167,
12.202,7843,8214,8174,
12.212,7865,8209,8174,
12.223,7893,8206,8174,
12.233,7893,8209,8172,
12.245,7884,8206,8177,
12.253,7889,8199,8177,
12.263,7893,8201,8180,
12.274,7909,8209,8180,
12.281,7898,8206,8177,
12.292,7898,8209,8180,
12.302,7906,8209,8177,
12.314,7901,8204,8177,
12.323,7906,8206,8177,
12.332,7904,8199,8180,
12.343,7901,8191,8177,
12.353,7904,8204,8177,
12.363,7893,8196,8180,
12.372,7873,8183,8180,
12.384,7829,8191,8182,
12.393,7886,8206,8177,
12.403,7898,8214,8180,
12.412,7906,8201,8177,
12.422,7912,8209,8177,
12.434,7915,8199,8180,
12.446,7921,8204,8180,
12.454,7926,8193,8174,
12.465,7921,8196,8174,
12.471,7929,8204,8174,
12.484,7932,8204,8174,
12.492,7923,8204,8177,
12.502,7923,8206,8174,
12.51,7937,8199,8174,
12.524,7926,8209,8174,
12.535,7926,8204,8174,
12.542,7926,8204,8174,
12.553,7923,8199,8174,
12.562,7923,8204,8174,
12.573,7878,8196,8174,
12.581,7843,8188,8180,
12.592,7889,8206,8172,
12.601,7904,8199,8172,
12.614,7904,8196,8174,
12.622,7921,8212,8174,
12.63,7906,8206,8177,
12.645,7906,8193,8174,
12.653,7893,8196,8177,
12.663,7912,8193,8174,
12.672,7909,8196,8174,
12.683,7909,8204,8177,
12.691,7906,8206,8172,
12.704,7921,8191,8174,
12.71,7918,8196,8177,
12.723,7926,8199,8174,
12.731,7923,8201,8174,
12.743,7926,8201,8177,
12.751,7923,8201,8177,
12.762,7921,8199,8177,
12.771,7865,8186,8180,
12.782,7838,8191,8174,
12.791,7884,8199,8180,
12.802,7912,8204,8180,
12.813,7923,8199,8180,
12.823,7929,8204,8177,
12.831,7918,8196,8177,
12.842,7918,8206,8177,
12.853,7923,8196,8177,
12.862,7915,8201,8177,
12.873,7909,8201,8180,
12.882,7909,8206,8177,
12.891,7906,8196,8177,
12.903,7898,8201,8180,
12.913,7895,8199,8180,
12.92,7878,8206,8177,
12.933,7886,8199,8177,
12.943,7886,8214,8180,
12.953,7889,8199,8177,
12.962,7878,8204,8172,
12.973,7854,8196,8174,
12.981,7804,8196,8172,
12.992,7838,8196,8185,
13,7881,8212,8174,
13.012,7898,8201,8177,
13.022,7895,8206,8177,
13.034,7904,8201,8174,
13.042,7898,8196,8177,
13.051,7915,8204,8177,
13.061,7906,8199,8177,
13.073,7904,8199,8177,
13.081,7906,8196,8177,
13.093,7912,8206,8177,
13.103,7906,8201,8180,
13.112,7901,8204,8177,
13.121,7901,8199,8177,
13.13,7909,8206,8177,
13.139,7881,8201,8180,
13.15,7906,8201,8177,
13.161,7870,8199,8180,
13.172,7818,8183,8174,
13.181,7804,8193,8169,
13.19,7809,8199,8174,
13.203,7875,8206,8177,
13.214,7884,8209,8174,
13.221,7889,8204,8174,
13.231,7881,8212,8174,
13.244,7898,8204,8174,
13.25,7889,8201,8174,
13.261,7898,8206,8174,
13.271,7901,8199,8174,
13.283,7886,8201,8174,
13.294,7893,8204,8174,
13.3,7886,8201,8177,
13.312,7904,8201,8177,
13.323,7884,8209,8177,
13.33,7889,8214,8174,
13.342,7898,8199,8174,
13.351,7889,8209,8174,
13.363,7893,8206,8174,
13.369,7857,8193,8174,
13.38,7793,8196,8174,
13.391,7843,8209,8185,
13.403,7870,8201,8185,
13.411,7895,8201,8174,
13.423,7889,8209,8174,
13.431,7886,8201,8177,
13.44,7878,8206,8177,
13.452,7895,8212,8174,
13.462,7893,8199,8174,
13.471,7893,8201,8177,
13.48,7893,8206,8177,
13.492,7881,8209,8174,
13.504,7881,8204,8174,
13.512,7878,8206,8174,
13.522,7875,8201,8174,
13.531,7881,8206,8174,
13.541,7878,8201,8174,
13.551,7884,8199,8177,
13.56,7898,8201,8174,
13.572,7878,8193,8177,
13.582,7820,8196,8172,
13.591,7889,8209,8174,
13.601,7898,8206,8172,
13.609,7918,8206,8177,
13.621,7921,8204,8174,
13.633,7926,8196,8174,
13.642,7923,8196,8172,
13.649,7940,8188,8174,
13.66,7926,8196,8172,
13.67,7921,8199,8174,
13.682,7923,8204,8174,
13.69,7926,8196,8174,
13.703,7926,8199,8174,
13.709,7921,8193,8174,
13.721,7932,8204,8174,
13.733,7929,8199,8174,
13.739,7932,8191,8177,
13.751,7945,8199,8174,
13.761,7937,8199,8174,
13.772,7912,8191,8177,
13.78,7875,8188,8174,
13.792,7926,8201,8177,
13.802,7942,8193,8174,
13.811,7956,8196,8177,
13.822,7953,8193,8177,
13.83,7953,8201,8180,
13.842,7956,8196,8177,
13.852,7951,8193,8180,
13.861,7959,8193,8180,
13.872,7948,8191,8177,
13.88,7948,8191,8174,
13.89,7953,8199,8174,
13.901,7945,8201,8177,
13.91,7940,8196,8174,
13.921,7940,8196,8174,
13.93,7932,8199,8172,
13.94,7923,8199,8177,
13.95,7912,8193,8174,
13.959,7918,8196,8174,
13.972,7846,8183,8177,
13.981,7832,8191,8174,
13.989,7878,8201,8177,
13.999,7909,8204,8177,
14.012,7909,8206,8174,
14.019,7918,8206,8174,
14.031,7934,8201,8174,
14.039,7940,8196,8172,
14.05,7945,8193,8174,
14.059,7953,8193,8174,
14.071,7964,8188,8177,
14.082,7970,8196,8174,
14.091,7980,8193,8177,
14.1,7988,8188,8174,
14.112,7995,8191,8174,
14.118,8009,8196,8174,
14.131,8009,8188,8174,
14.139,8018,8191,8177,
14.15,8015,8193,8177,
14.16,8020,8191,8174,
14.17,8009,8183,8174,
14.18,7975,8178,8174,
14.191,8000,8193,8177,
14.201,8023,8188,8177,
14.209,8028,8188,8174,
14.22,8034,8186,8174,
14.232,8039,8183,8174,
14.241,8037,8183,8174,
14.25,8045,8186,8177,
14.26,8039,8183,8174,
14.27,8042,8183,8174,
14.281,8039,8183,8174,
14.292,8034,8183,8174,
14.3,8037,8183,8174,
14.309,8039,8186,8174,
14.322,8034,8186,8177,
14.331,8037,8183,8174,
14.341,8039,8183,8174,
14.351,8045,8183,8177,
14.361,8045,8183,8177,
14.369,8020,8175,8174,
14.38,8018,8181,8177,
14.391,8037,8181,8177,
14.403,8058,8186,8177,
14.412,8061,8183,8174,
14.42,8061,8183,8174,
14.43,8064,8183,8174,
14.439,8069,8183,8174,
14.45,8069,8183,8174,
14.46,8072,8181,8174,
14.469,8074,8183,8174,
14.479,8074,8183,8174,
14.492,8080,8183,8174,
14.498,8080,8183,8177,
14.511,8085,8181,8174,
14.521,8092,8181,8174,
14.53,8088,8181,8174,
14.542,8094,8181,8174,
14.548,8097,8181,8174,
14.561,8103,8181,8177,
14.57,8094,8178,8174,
14.582,8077,8178,8180,
14.589,8088,8181,8177,
14.599,8106,8181,8172,
14.61,8103,8181,8180,
14.623,8106,8178,8174,
14.628,8103,8181,8174,
14.642,8106,8178,8174,
14.649,8106,8181,8174,
14.66,8103,8178,8174,
14.669,8103,8178,8174,
14.679,8103,8178,8174,
14.691,8106,8178,8174,
14.7,8106,8178,8174,
14.711,8106,8178,8174,
14.719,8106,8178,8177,
14.73,8106,8181,8174,
14.739,8106,8181,8174,
14.75,8106,8181,8174,
14.761,8106,8178,8174,
14.77,8109,8178,8174,
14.78,8092,8175,8177,
14.789,8120,8178,8177,
14.797,8122,8181,8177,
14.812,8128,8178,8177,
14.818,8133,8175,8174,
14.831,8136,8173,8174,
14.837,8139,8173,8174,
14.85,8147,8173,8174,
14.859,8152,8173,8174,
14.871,8155,8173,8177,
14.88,8158,8173,8174,
14.888,8158,8173,8174,
14.899,8160,8173,8174,
14.909,8163,8173,8177,
14.92,8166,8173,8174,
14.928,8168,8173,8174,
14.937,8174,8173,8174,
14.947,8174,8173,8174,
14.961,8177,8173,8177,
14.967,8177,8170,8174,
14.977,8174,8170,8177,
14.989,8177,8173,8177,
14.999,8182,8173,8177,
15.009,8182,8170,8177,
15.019,8192,8170,8174,
15.028,8227,8155,8157,
15.039,8219,8173,8180,
15.049,8211,8173,8177,
15.058,8198,8173,8177,
15.069,8182,8170,8174,
15.079,8177,8173,8174,
15.09,8174,8170,8174,
15.098,8177,8173,8174,
15.109,8177,8173,8174,
15.118,8177,8173,8174,
15.13,8174,8173,8174,
15.138,8174,8175,8174,
15.147,8177,8173,8174,
15.16,8177,8175,8174,
15.171,8174,8175,8177,
15.181,8174,8175,8174,
15.189,8174,8175,8177,
15.198,8177,8175,8169,
15.21,8177,8175,8174,
15.219,8174,8175,8174,
15.229,8177,8175,8177,
15.238,8177,8170,8174,
15.248,8174,8173,8174,
15.259,8177,8173,8174,
15.27,8177,8173,8174,
15.279,8177,8170,8174,
15.291,8174,8170,8174,
15.299,8177,8173,8177,
15.309,8174,8173,8174,
15.318,8174,8173,8177,
15.33,8177,8170,8174,
15.338,8177,8173,8174,
15.348,8174,8173,8174,
15.359,8174,8173,8177,
15.367,8177,8173,8174,
15.376,8174,8170,8174,
15.387,8177,8170,8174,
15.398,8177,8170,8177,
15.409,8177,8173,8177,
15.417,8174,8170,8174,
15.431,8174,8173,8177,
15.437,8174,8173,8174,
15.449,8174,8173,8177,
15.459,8177,8173,8174,
15.469,8174,8170,8177,
15.477,8174,8173,8174,
15.486,8174,8173,8174,
15.498,8174,8170,8174,
15.51,8174,8170,8174,
15.52,8174,8170,8174,
15.527,8174,8170,8174,
15.54,8174,8173,8177,
15.549,8174,8170,8174,
15.56,8177,8173,8177,
15.568,8174,8173,8174,
15.577,8174,8170,8172,
15.588,8177,8173,8174,
15.6,8179,8170,8177,
15.606,8179,8173,8177,
15.616,8179,8173,8174,
15.628,8177,8173,8177,
15.637,8177,8173,8174,
15.648,8177,8173,8174,
15.66,8177,8173,8177,
15.666,8177,8173,8174,
15.679,8177,8173,8174,
15.689,8179,8170,8177,
15.697,8177,8173,8177,
15.709,8174,8173,8174,
15.718,8174,8170,8174,
15.729,8177,8173,8177,
15.738,8174,8170,8174,
15.747,8174,8173,8174,
15.76,8174,8173,8177,
15.767,8174,8173,8177,
15.779,8174,8173,8177,
15.789,8174,8173,8174,
15.8,8177,8173,8174,
15.807,8179,8173,8174,
15.819,8177,8173,8174,
15.828,8179,8173,8180,
15.839,8177,8173,8177,
15.848,8177,8170,8177,
15.859,8177,8173,8177,
15.87,8177,8170,8180,
15.877,8179,8173,8177,
15.888,8179,8173,8177,
15.9,8177,8173,8177,
15.906,8179,8173,8177,
15.917,8174,8173,8177,
15.929,8174,8173,8174,
15.939,8174,8170,8177,
15.947,8174,8173,8174,
15.958,8177,8173,8174,
15.969,8174,8173,8174,
15.977,8177,8170,8180,
15.989,8174,8173,8174,
15.998,8174,8170,8174,
16.009,8179,8170,8172,
16.015,8177,8170,8174,
16.027,8174,8173,8174,
16.039,8174,8173,8174,
16.048,8177,8173,8174,
16.057,8174,8170,8174,
16.07,8177,8173,8174,
16.078,8174,8175,8174,
16.088,8177,8175,8174,
16.099,8174,8173,8174,
16.109,8174,8175,8174,
16.117,8177,8175,8174,
16.126,8177,8173,8174,
16.138,8177,8175,8174,
16.147,8177,8173,8174,
16.159,8179,8173,8174,
16.169,8177,8175,8177,
16.176,8177,8170,8174,
16.188,8179,8173,8177,
16.199,8177,8173,8177,
16.205,8177,8173,8174,
16.216,8177,8173,8174,
16.227,8177,8170,8174,
16.238,8177,8173,8174,
16.247,8177,8173,8177,
16.258,8177,8173,8177,
16.267,8179,8173,8174,
16.277,8177,8173,8174,
16.286,8179,8173,8174,
16.297,8177,8173,8174,
16.306,8177,8173,8174,
16.317,8177,8173,8174,
16.328,8174,8173,8174,
16.337,8174,8173,8174,
16.348,8174,8170,8174,
16.357,8177,8173,8177,
16.368,8174,8173,8174,
16.376,8177,8173,8177,
16.387,8174,8173,8177,
16.397,8171,8173,8177,
16.407,8174,8173,8177,
16.417,8174,8173,8174,
16.425,8174,8173,8177,
16.438,8174,8170,8177,
16.446,8177,8173,8174,
16.457,8177,8173,8174,
16.468,8174,8173,8174,
16.477,8174,8173,8174,
16.486,8174,8173,8174,
16.498,8174,8173,8174,
16.507,8174,8173,8174,
16.517,8174,8173,8174,
16.527,8174,8173,8177,
16.538,8177,8173,8174,
16.546,8177,8170,8177,
16.556,8177,8173,8174,
16.568,8177,8173,8174,
16.578,8179,8170,8174,
16.588,8179,8173,8174,
16.597,8177,8170,8174,
16.608,8177,8173,8174,
16.616,8179,8173,8174,
16.627,8177,8173,8177,
16.638,8179,8173,8177,
16.647,8177,8170,8174,
16.657,8174,8173,8174,
16.668,8174,8173,8174,
16.678,8174,8173,8174,
16.686,8174,8173,8177,
16.698,8174,8173,8174,
16.709,8174,8170,8174,
16.715,8174,8173,8177,
16.727,8174,8173,8174,
16.738,8174,8173,8174,
16.748,8174,8173,8174,
16.757,8174,8173,8177,
16.768,8177,8173,8177,
16.777,8174,8173,8177,
16.809,8177,8173,8180,
16.809,8177,8173,8177,
16.81,8177,8170,8180,
16.815,8177,8173,8177,
16.828,8177,8173,8177,
16.838,8177,8173,8177,
16.847,8177,8173,8177,
16.855,8174,8170,8177,
16.866,8177,8173,8177,
16.877,8174,8170,8174,
16.885,8177,8170,8174,
16.896,8174,8173,8174,
16.907,8177,8173,8174,
16.917,8174,8173,8174,
16.926,8174,8173,8177,
16.938,8174,8173,8174,
16.947,8174,8173,8174,
16.957,8177,8173,8174,
16.969,8179,8173,8177,
16.975,8177,8170,8177,
16.987,8179,8173,8177,
16.995,8177,8173,8177,
17.007,8177,8173,8174,
17.015,8177,8173,8174,
17.025,8177,8173,8174,
17.038,8177,8173,8174,
17.046,8182,8173,8174,
17.058,8227,8173,8180,
17.067,8288,8170,8187,
17.076,8345,8173,8192,
17.085,8364,8173,8192,
17.098,8364,8173,8192,
17.108,8353,8173,8190,
17.117,8342,8173,8190,
17.128,8339,8173,8190,
17.137,8337,8173,8190,
17.144,8339,8170,8190,
17.154,8342,8173,8190,
17.167,8364,8173,8187,
17.177,8409,8173,8182,
17.185,8379,8173,8190,
17.194,8356,8173,8190,
17.209,8361,8173,8192,
17.218,8366,8173,8195,
17.225,8372,8173,8195,
17.235,8379,8173,8195,
17.246,8387,8173,8195,
17.256,8390,8173,8198,
17.265,8396,8170,8198,
17.276,8404,8170,8195,
17.286,8404,8173,8198,
17.296,8406,8173,8198,
17.308,8406,8173,8200,
17.315,8412,8173,8198,
17.326,8412,8173,8198,
17.336,8414,8175,8198,
17.345,8414,8175,8200,
17.354,8417,8175,8198,
17.367,8433,8173,8195,
17.376,8476,8175,8192,
17.385,8455,8175,8198,
17.393,8431,8178,8205,
17.407,8428,8175,8203,
17.416,8433,8175,8203,
17.426,8431,8173,8200,
17.437,8428,8173,8203,
17.443,8431,8173,8203,
17.457,8433,8173,8203,
17.465,8433,8173,8200,
17.477,8431,8173,8203,
17.483,8439,8170,8203,
17.497,8439,8173,8205,
17.507,8447,8173,8203,
17.516,8442,8173,8203,
17.526,8444,8173,8205,
17.536,8444,8170,8203,
17.545,8442,8173,8205,
17.557,8444,8173,8203,
17.569,8476,8173,8198,
17.576,8506,8173,8192,
17.586,8473,8173,8203,
17.595,8450,8173,8205,
17.605,8444,8173,8208,
17.618,8450,8173,8203,
17.626,8455,8173,8208,
17.636,8452,8173,8205,
17.647,8452,8173,8203,
17.654,8450,8173,8205,
17.667,8455,8170,8208,
17.675,8461,8173,8205,
17.685,8461,8170,8205,
17.696,8461,8170,8205,
17.704,8458,8173,8205,
17.715,8458,8170,8208,
17.725,8458,8173,8205,
17.736,8455,8173,8205,
17.745,8455,8173,8205,
17.756,8458,8175,8205,
17.765,8481,8173,8203,
17.775,8544,8175,8192,
17.785,8525,8175,8200,
17.796,8481,8173,8210,
17.804,8476,8173,8208,
17.816,8473,8175,8205,
17.824,8481,8175,8205,
17.835,8481,8173,8205,
17.843,8476,8173,8205,
17.856,8484,8173,8208,
17.864,8476,8173,8208,
17.877,8473,8170,8210,
17.886,8476,8173,8203,
17.894,8458,8173,8205,
17.904,8461,8173,8205,
17.915,8455,8170,8205,
17.926,8450,8173,8205,
17.937,8452,8173,8203,
17.944,8452,8173,8205,
17.955,8458,8173,8205,
17.965,8476,8173,8203,
17.975,8533,8173,8192,
17.986,8495,8175,8210,
17.996,8473,8173,8213,
18.005,8461,8175,8208,
18.017,8468,8170,8208,
18.026,8476,8170,8208,
18.033,8471,8173,8208,
18.045,8473,8173,8208,
18.054,8471,8173,8205,
18.066,8463,8173,8205,
18.074,8461,8170,8205,
18.085,8461,8173,8203,
18.095,8458,8173,8205,
18.104,8452,8173,8205,
18.115,8450,8173,8205,
18.124,8452,8173,8205,
18.133,8450,8170,8203,
18.146,8450,8170,8203,
18.155,8450,8173,8203,
18.164,8468,8170,8200,
18.174,8511,8173,8192,
18.183,8495,8173,8203,
18.195,8455,8173,8205,
18.207,8455,8173,8203,
18.212,8447,8173,8205,
18.226,8450,8173,8203,
18.234,8452,8170,8205,
18.245,8450,8173,8205,
18.257,8444,8170,8205,
18.265,8442,8173,8205,
18.276,8439,8170,8205,
18.284,8442,8173,8203,
18.294,8436,8173,8200,
18.303,8439,8173,8200,
18.314,8433,8173,8205,
18.326,8431,8173,8203,
18.333,8428,8173,8203,
18.347,8431,8170,8203,
18.354,8428,8173,8203,
18.364,8452,8173,8198,
18.374,8509,8170,8190,
18.384,8473,8173,8203,
18.395,8447,8173,8198,
18.405,8439,8173,8203,
18.417,8442,8170,8203,
18.424,8436,8173,8203,
18.434,8439,8170,8203,
18.445,8439,8173,8203,
18.454,8436,8173,8203,
18.464,8439,8170,8205,
18.474,8433,8173,8205,
18.485,8433,8173,8203,
18.495,8431,8173,8203,
18.506,8428,8173,8203,
18.514,8425,8173,8200,
18.525,8425,8170,8203,
18.535,8431,8173,8203,
18.545,8436,8173,8203,
18.553,8428,8173,8200,
18.565,8455,8173,8198,
18.576,8506,8175,8190,
18.584,8479,8173,8198,
18.593,8444,8170,8203,
18.604,8433,8173,8203,
18.613,8428,8173,8200,
18.626,8428,8173,8200,
18.634,8431,8173,8203,
18.644,8431,8170,8203,
18.655,8428,8173,8200,
18.665,8428,8173,8200,
18.675,8428,8170,8200,
18.686,8423,8173,8203,
18.694,8423,8170,8203,
18.705,8420,8173,8200,
18.714,8417,8173,8200,
18.722,8417,8173,8198,
18.735,8414,8173,8200,
18.744,8414,8173,8200,
18.755,8417,8170,8200,
18.765,8436,8173,8198,
18.775,8484,8173,8187,
18.786,8439,8173,8200,
18.794,8414,8173,8198,
18.802,8412,8173,8198,
18.815,8406,8170,8200,
18.823,8406,8173,8198,
18.832,8401,8173,8200,
18.845,8404,8170,8198,
18.857,8401,8173,8200,
18.864,8398,8173,8198,
18.875,8396,8173,8198,
18.886,8390,8170,8198,
18.892,8393,8170,8200,
18.903,8393,8170,8198,
18.913,8387,8173,8198,
18.925,8385,8173,8198,
18.934,8385,8173,8195,
18.946,8387,8173,8195,
18.953,8387,8170,8198,
18.965,8401,8173,8192,
18.973,8444,8173,8190,
18.984,8412,8175,8198,
18.993,8398,8170,8195,
19.005,8393,8173,8198,
19.014,8390,8173,8198,
19.022,8390,8170,8198,
19.033,8390,8173,8195,
19.043,8390,8170,8195,
19.055,8387,8173,8198,
19.064,8387,8173,8198,
19.073,8387,8173,8198,
19.083,8390,8170,8195,
19.094,8385,8173,8198,
19.103,8387,8173,8198,
19.115,8390,8175,8195,
19.125,8387,8175,8198,
19.134,8385,8175,8198,
19.145,8387,8175,8195,
19.153,8390,8175,8195,
19.164,8412,8173,8192,
19.173,8458,8175,8185,
19.183,8420,8175,8198,
19.192,8390,8173,8195,
19.204,8385,8175,8198,
19.214,8379,8173,8195,
19.225,8377,8170,8195,
19.234,8377,8173,8192,
19.243,8372,8173,8195,
19.254,8377,8173,8195,
19.263,8377,8173,8195,
19.272,8379,8173,8195,
19.283,8377,8173,8195,
19.295,8372,8170,8195,
19.303,8377,8173,8195,
19.314,8369,8173,8195,
19.321,8369,8173,8192,
19.334,8364,8173,8195,
19.345,8361,8173,8192,
19.353,8358,8173,8195,
19.362,8377,8173,8192,
19.373,8412,8168,8185,
19.382,8379,8173,8195,
19.394,8364,8175,8195,
19.403,8358,8173,8192,
19.413,8358,8173,8192,
19.424,8356,8173,8192,
19.433,8356,8173,8192,
19.442,8358,8173,8192,
19.454,8361,8175,8192,
19.462,8364,8173,8195,
19.472,8364,8173,8195,
19.483,8364,8173,8195,
19.494,8361,8173,8192,
19.502,8356,8173,8192,
19.514,8358,8173,8192,
19.524,8350,8173,8192,
19.533,8353,8173,8192,
19.543,8353,8173,8192,
19.552,8356,8173,8192,
19.564,8377,8173,8192,
19.57,8420,8173,8182,
19.581,8385,8173,8192,
19.595,8364,8173,8190,
19.603,8358,8173,8195,
19.612,8358,8173,8192,
19.623,8358,8173,8195,
19.633,8356,8173,8192,
19.644,8353,8173,8192,
19.654,8353,8173,8192,
19.662,8350,8170,8192,
19.672,8353,8173,8192,
19.681,8356,8173,8192,
19.692,8356,8173,8192,
19.703,8358,8170,8192,
19.712,8353,8173,8192,
19.722,8353,8173,8192,
19.734,8350,8173,8192,
19.741,8347,8173,8192,
19.751,8353,8173,8192,
19.762,8377,8173,8190,
19.771,8420,8170,8187,
19.783,8390,8173,8195,
19.792,8364,8170,8192,
19.802,8358,8173,8192,
19.813,8356,8173,8192,
19.822,8356,8173,8195,
19.832,8356,8173,8195,
19.842,8353,8173,8195,
19.851,8353,8173,8195,
19.864,8356,8173,8195,
19.872,8350,8173,8195,
19.883,8356,8173,8195,
19.895,8356,8173,8192,
19.902,8353,8173,8195,
19.913,8353,8173,8195,
19.922,8353,8173,8195,
19.931,8353,8173,8192,
19.942,8356,8173,8192,
19.953,8356,8173,8192,
19.962,8369,8173,8192,
19.972,8404,8175,8185,
19.983,8401,8173,8190,
19.993,8369,8170,8200,
20.003,8361,8170,8190,
20.011,8356,8173,8192,
20.023,8353,8173,8190,
20.032,8353,8173,8192,
20.044,8350,8173,8190,
20.052,8350,8173,8192,
20.062,8350,8173,8192,
20.071,8350,8173,8192,
20.083,8350,8173,8192,
20.092,8353,8173,8192,
20.101,8350,8173,8192,
20.112,8350,8170,8192,
20.124,8350,8173,8192,
20.132,8350,8170,8192,
20.142,8347,8170,8192,
20.154,8353,8173,8192,
20.164,8369,8173,8190,
20.172,8412,8170,8182,
20.182,8382,8173,8192,
20.19,8356,8173,8192,
20.202,8353,8173,8190,
20.21,8347,8170,8192,
20.223,8350,8173,8192,
20.233,8347,8170,8190,
20.242,8347,8173,8192,
20.253,8347,8173,8192,
20.262,8350,8170,8192,
20.27,8347,8173,8192,
20.282,8350,8173,8190,
20.292,8350,8170,8192,
20.301,8347,8173,8192,
20.312,8345,8173,8190,
20.324,8345,8173,8190,
20.333,8345,8173,8192,
20.341,8345,8173,8190,
20.353,8342,8173,8192,
20.362,8356,8173,8190,
20.372,8393,8173,8185,
20.381,8369,8173,8192,
20.392,8353,8173,8195,
20.403,8347,8173,8192,
20.412,8347,8173,8192,
20.421,8347,8170,8192,
20.432,8347,8173,8190,
20.443,8345,8173,8190,
20.453,8350,8173,8192,
20.463,8347,8173,8190,
20.472,8347,8173,8192,
20.48,8342,8173,8192,
20.492,8342,8173,8192,
20.501,8339,8173,8190,
20.511,8345,8173,8192,
20.52,8345,8173,8192,
20.532,8345,8170,8192,
20.543,8345,8170,8192,
20.55,8347,8173,8192,
20.562,8358,8173,8190,
20.571,8401,8170,8185,
20.58,8390,8173,8190,
20.591,8364,8175,8192,
20.6,8356,8175,8192,
20.61,8353,8175,8190,
20.622,8350,8173,8190,
20.632,8347,8173,8192,
20.641,8350,8175,8190,
20.652,8350,8175,8192,
20.663,8353,8173,8192,
20.673,8353,8173,8190,
20.68,8353,8175,8190,
20.692,8353,8173,8190,
20.701,8350,8173,8190,
20.711,8353,8173,8192,
20.719,8345,8173,8192,
20.729,8342,8173,8192,
20.743,8339,8173,8190,
20.753,8342,8173,8192,
20.762,8347,8173,8190,
20.772,8379,8173,8187,
20.78,8353,8173,8192,
20.791,8339,8173,8192,
20.801,8337,8173,8190,
20.81,8339,8173,8192,
20.822,8339,8173,8192,
20.831,8342,8173,8192,
20.843,8345,8173,8192,
20.851,8342,8173,8192,
20.86,8345,8170,8192,
20.873,8345,8173,8192,
20.88,8345,8173,8192,
20.89,8345,8173,8192,
20.902,8345,8173,8192,
20.911,8342,8173,8192,
20.924,8342,8173,8190,
20.932,8342,8170,8190,
20.941,8342,8173,8192,
20.95,8345,8173,8190,
20.961,8358,8173,8190,
20.97,8404,8173,8185,
20.978,8379,8173,8192,
20.993,8350,8173,8195,
21.002,8350,8173,8190,
21.01,8350,8173,8192,
21.021,8350,8173,8192,
21.032,8347,8173,8192,
21.04,8350,8173,8190,
21.051,8347,8173,8192,
21.061,8345,8173,8192,
21.07,8345,8173,8190,
21.105,8342,8173,8192,
21.106,8345,8173,8192,
21.106,8347,8173,8190,
21.11,8342,8175,8192,
21.119,8345,8173,8192,
21.13,8347,8175,8190,
21.14,8350,8175,8192,
21.152,8350,8175,8192,
21.162,8361,8175,8192,
21.171,8396,8175,8190,
21.18,8390,8175,8192,
21.189,8364,8173,8198,
21.2,8350,8175,8192,
21.211,8350,8173,8195,
21.222,8345,8173,8195,
21.233,8347,8173,8195,
21.242,8345,8173,8195,
21.251,8345,8173,8195,
21.261,8342,8173,8190,
21.272,8347,8170,8192,
21.279,8345,8173,8190,
21.291,8347,8173,8190,
21.301,8347,8173,8192,
21.31,8347,8173,8192,
21.319,8347,8173,8192,
21.332,8350,8173,8190,
21.34,8350,8173,8192,
21.353,8356,8173,8192,
21.358,8366,8173,8190,
21.369,8406,8173,8185,
21.38,8377,8173,8192,
21.389,8353,8173,8192,
21.402,8350,8173,8192,
21.411,8350,8173,8192,
21.42,8350,8173,8192,
21.429,8350,8173,8192,
21.443,8353,8170,8192,
21.451,8356,8173,8192,
21.462,8356,8173,8192,
21.469,8353,8173,8195,
21.48,8356,8175,8192,
21.489,8353,8173,8192,
21.501,8350,8173,8190,
21.51,8350,8173,8192,
21.52,8350,8173,8192,
21.53,8350,8173,8192,
21.544,8350,8173,8192,
21.55,8350,8173,8192,
21.558,8364,8173,8190,
21.571,8401,8173,8185,
21.581,8396,8173,8187,
21.59,8358,8173,8195,
21.601,8347,8173,8192,
21.612,8350,8173,8192,
21.619,8345,8173,8192,
21.631,8345,8170,8192,
21.64,8345,8173,8190,
21.652,8342,8173,8192,
21.658,8339,8170,8190,
21.67,8337,8173,8190,
21.679,8334,8173,8190,
21.689,8334,8173,8190,
21.7,8331,8173,8190,
21.709,8331,8173,8190,
21.719,8331,8173,8190,
21.732,8334,8173,8190,
21.74,8337,8173,8190,
21.751,8337,8173,8190,
21.76,8345,8173,8190,
21.768,8372,8170,8187,
21.782,8350,8173,8192,
21.79,8334,8173,8195,
21.798,8331,8173,8190,
21.809,8331,8173,8190,
21.822,8331,8173,8192,
21.828,8334,8173,8190,
21.841,8337,8173,8190,
21.85,8331,8175,8190,
21.859,8331,8173,8190,
21.867,8331,8173,8190,
21.877,8334,8173,8190,
21.888,8331,8170,8190,
21.901,8334,8173,8190,
21.91,8331,8173,8190,
21.919,8334,8173,8190,
21.931,8334,8173,8190,
21.94,8331,8173,8190,
21.949,8334,8173,8190,
21.958,8342,8173,8190,
21.969,8377,8170,8187,
21.979,8369,8173,8190,
21.99,8342,8173,8187,
22,8337,8173,8192,
22.009,8339,8173,8190,
22.021,8337,8173,8190,
22.028,8339,8173,8190,
22.04,8337,8173,8192,
22.049,8342,8170,8190,
22.058,8337,8173,8190,
22.069,8339,8173,8192,
22.08,8337,8173,8192,
22.089,8339,8170,8190,
22.1,8337,8173,8192,
22.109,8337,8173,8190,
22.119,8337,8173,8190,
22.129,8334,8173,8190,
22.14,8334,8173,8190,
22.15,8334,8173,8190,
22.159,8345,8173,8190,
22.169,8369,8173,8187,
22.178,8342,8173,8190,
22.189,8331,8173,8192,
22.2,8331,8173,8187,
22.209,8334,8173,8190,
22.217,8334,8173,8190,
22.228,8334,8170,8190,
22.239,8337,8173,8190,
22.249,8331,8173,8190,
22.258,8334,8173,8190,
22.268,8331,8173,8190,
22.279,8334,8173,8190,
22.291,8331,8173,8190,
22.301,8331,8173,8190,
22.31,8329,8173,8190,
22.318,8329,8173,8190,
22.33,8329,8170,8190,
22.338,8326,8173,8190,
22.35,8331,8173,8187,
22.361,8337,8173,8187,
22.371,8366,8173,8187,
22.378,8339,8173,8192,
22.389,8329,8173,8190,
22.398,8323,8173,8190,
22.41,8326,8173,8190,
22.418,8323,8173,8190,
22.428,8320,8173,8190,
22.437,8320,8170,8187,
22.449,8320,8170,8190,
22.458,8318,8170,8187,
22.468,8318,8173,8187,
22.478,8318,8173,8187,
22.491,8315,8173,8187,
22.501,8318,8170,8187,
22.507,8315,8173,8190,
22.518,8312,8173,8187,
22.529,8315,8173,8190,
22.542,8315,8173,8187,
22.548,8318,8173,8190,
22.558,8326,8173,8187,
22.568,8350,8168,8182,
22.58,8331,8173,8190,
22.588,8320,8170,8187,
22.596,8320,8173,8190,
22.607,8320,8170,8187,
22.619,8320,8173,8190,
22.63,8323,8173,8187,
22.64,8323,8170,8187,
22.648,8323,8173,8190,
22.66,8320,8170,8187,
22.669,8320,8173,8190,
22.68,8320,8170,8187,
22.688,8320,8173,8187,
22.701,8318,8173,8187,
22.711,8318,8173,8190,
22.718,8318,8173,8187,
22.729,8318,8170,8190,
22.737,8318,8173,8190,
22.75,8318,8170,8187,
22.759,8331,8173,8185,
22.769,8361,8170,8180,
22.781,8334,8170,8187,
22.788,8318,8170,8187,
22.797,8312,8173,8187,
22.807,8312,8173,8187,
22.817,8310,8170,8187,
22.83,8310,8173,8187,
22.839,8310,8173,8187,
22.848,8312,8173,8187,
22.858,8312,8170,8187,
22.867,8312,8170,8190,
22.878,8312,8173,8187,
22.887,8315,8170,8187,
22.899,8312,8173,8187,
22.909,8315,8173,8187,
22.917,8315,8173,8187,
22.929,8312,8173,8190,
22.939,8312,8170,8187,
22.948,8315,8173,8187,
22.958,8323,8173,8187,
22.97,8347,8173,8185,
22.979,8329,8173,8190,
22.989,8320,8173,8187,
22.998,8315,8173,8190,
23.009,8318,8173,8190,
23.018,8315,8173,8187,
23.028,8315,8173,8190,
23.038,8315,8173,8190,
23.051,8315,8170,8187,
23.059,8315,8173,8190,
23.067,8312,8173,8187,
23.079,8310,8170,8187,
23.088,8307,8173,8187,
23.097,8304,8173,8187,
23.108,8301,8173,8187,
23.118,8301,8173,8185,
23.126,8296,8173,8187,
23.138,8293,8175,8187,
23.146,8293,8173,8185,
23.158,8301,8175,8185,
23.167,8320,8173,8180,
23.178,8307,8173,8187,
23.188,8299,8173,8190,
23.199,8296,8173,8187,
23.211,8299,8173,8190,
23.216,8296,8173,8187,
23.227,8293,8173,8190,
23.237,8293,8173,8187,
23.248,8288,8173,8190,
23.257,8288,8170,8190,
23.268,8288,8175,8190,
23.276,8288,8173,8187,
23.29,8288,8173,8187,
23.298,8288,8173,8187,
23.309,8288,8170,8185,
23.319,8288,8173,8185,
23.327,8291,8173,8185,
23.339,8291,8173,8187,
23.348,8293,8173,8187,
23.36,8304,8173,8185,
23.366,8320,8170,8180,
23.378,8315,8173,8187,
23.389,8299,8173,8185,
23.399,8296,8173,8187,
23.407,8293,8173,8185,
23.418,8299,8173,8187,
23.429,8301,8173,8187,
23.438,8307,8173,8187,
23.447,8307,8173,8187,
23.456,8307,8173,8185,
23.468,8310,8173,8187,
23.479,8310,8173,8187,
23.487,8307,8173,8187,
23.498,8307,8173,8187,
23.506,8304,8173,8187,
23.516,8301,8173,8187,
23.527,8299,8173,8187,
23.536,8293,8173,8185,
23.546,8293,8173,8187,
23.557,8299,8173,8185,
23.567,8320,8173,8182,
23.577,8304,8173,8187,
23.585,8293,8170,8182,
23.595,8293,8170,8185,
23.608,8296,8173,8185,
23.619,8293,8173,8185,
23.627,8296,8173,8185,
23.637,8299,8173,8187,
23.648,8301,8173,8187,
23.659,8301,8173,8187,
23.668,8301,8170,8187,
23.679,8301,8173,8187,
23.687,8301,8173,8185,
23.698,8299,8173,8187,
23.707,8296,8173,8187,
23.716,8296,8173,8187,
23.725,8293,8173,8187,
23.738,8291,8170,8185,
23.748,8288,8170,8185,
23.756,8293,8173,8185,
23.766,8315,8173,8185,
23.776,8299,8173,8187,
23.785,8288,8173,8187,
23.797,8291,8170,8182,
23.809,8296,8173,8185,
23.818,8296,8170,8187,
23.827,8299,8173,8187,
23.838,8296,8173,8185,
23.847,8293,8173,8185,
23.858,8293,8173,8185,
23.869,8288,8173,8185,
23.875,8283,8173,8185,
23.886,8283,8173,8185,
23.895,8279,8173,8185,
23.906,8283,8173,8185,
23.916,8279,8173,8185,
23.927,8279,8173,8185,
23.936,8279,8173,8185,
23.947,8279,8173,8185,
23.956,8283,8173,8182,
23.967,8299,8173,8182,
23.977,8299,8170,8185,
23.987,8285,8173,8185,
23.997,8283,8173,8185,
24.005,8283,8173,8185,
24.018,8283,8173,8185,
24.029,8283,8173,8185,
24.038,8283,8173,8182,
24.046,8276,8173,8185,
24.055,8276,8173,8185,
24.066,8273,8173,8185,
24.076,8273,8173,8182,
24.085,8271,8170,8185,
24.097,8271,8173,8185,
24.107,8271,8173,8182,
24.118,8271,8170,8182,
24.128,8271,8173,8185,
24.136,8268,8173,8185,
24.146,8271,8173,8182,
24.156,8276,8173,8182,
24.167,8288,8168,8180,
24.176,8279,8170,8182,
24.185,8268,8173,8182,
24.198,8265,8170,8182,
24.206,8265,8173,8182,
24.215,8265,8173,8182,
24.227,8263,8173,8182,
24.236,8263,8170,8182,
24.247,8263,8173,8182,
24.257,8260,8173,8182,
24.266,8260,8173,8182,
24.276,8257,8173,8180,
24.287,8257,8173,8182,
24.297,8254,8170,8182,
24.306,8252,8173,8182,
24.316,8249,8173,8180,
24.326,8246,8173,8180,
24.337,8246,8173,8180,
24.347,8244,8173,8180,
24.356,8244,8173,8180,
24.367,8254,8173,8177,
24.375,8249,8173,8180,
24.386,8244,8173,8180,
24.397,8235,8173,8180,
24.406,8233,8173,8180,
24.415,8233,8173,8180,
24.425,8233,8170,8180,
24.436,8230,8173,8180,
24.446,8230,8173,8180,
24.456,8230,8173,8177,
24.466,8230,8170,8177,
24.476,8227,8173,8180,
24.486,8230,8173,8180,
24.497,8230,8173,8177,
24.507,8230,8173,8177,
24.514,8227,8173,8180,
24.526,8227,8170,8180,
24.537,8227,8173,8177,
24.545,8225,8173,8180,
24.557,8230,8173,8180,
24.566,8244,8173,8177,
24.576,8235,8173,8182,
24.588,8225,8175,8180,
24.598,8222,8173,8180,
24.604,8222,8173,8177,
24.616,8219,8173,8180,
24.627,8217,8173,8177,
24.638,8217,8173,8177,
24.644,8214,8173,8177,
24.656,8208,8170,8177,
24.666,8203,8173,8177,
24.677,8200,8173,8177,
24.687,8198,8173,8174,
24.696,8195,8173,8177,
24.705,8195,8173,8174,
24.715,8195,8173,8177,
24.727,8195,8173,8177,
24.735,8198,8173,8177,
24.747,8198,8173,8177,
24.756,8200,8173,8177,
24.768,8203,8173,8177,
24.775,8203,8173,8177,
24.787,8200,8175,8177,
24.797,8198,8175,8174,
24.805,8195,8173,8177,
24.816,8195,8175,8177,
24.825,8192,8175,8174,
24.836,8192,8175,8177,
24.845,8188,8175,8177,
24.854,8188,8175,8174,
24.868,8188,8175,8174,
24.875,8188,8173,8177,
24.885,8188,8173,8177,
24.895,8192,8173,8174,
24.907,8192,8170,8177,
24.916,8192,8173,8174,
24.927,8195,8173,8177,
24.935,8198,8173,8177,
24.943,8200,8173,8174,
24.957,8200,8173,8177,
24.966,8203,8173,8174,
24.975,8203,8173,8177,
24.986,8206,8173,8177,
24.995,8198,8175,8174,
25.005,8198,8173,8177,
25.016,8198,8173,8177,
25.025,8195,8173,8177,
25.037,8195,8173,8177,
25.045,8195,8173,8177,
25.055,8192,8173,8177,
25.064,8192,8173,8174,
25.075,8188,8170,8177,
25.087,8185,8173,8177,
25.094,8182,8173,8174,
25.106,8182,8173,8174,
25.114,8182,8173,8174,
25.125,8179,8173,8174,
25.134,8179,8170,8174,
25.145,8179,8173,8174,
25.155,8177,8173,8174,
25.166,8177,8175,8177,
25.177,8179,8173,8174,
25.185,8177,8173,8172,
25.195,8177,8175,8174,
25.208,8174,8173,8174,
25.216,8174,8175,8177,
25.225,8177,8175,8174,
25.235,8174,8173,8174,
25.246,8177,8175,8174,
25.255,8174,8175,8177,
25.264,8177,8175,8174,
25.276,8174,8175,8177,
25.285,8177,8175,8174,
25.294,8177,8175,8174,
25.304,8174,8170,8174,
25.315,8177,8173,8174,
25.324,8177,8173,8174,
25.333,8179,8173,8177,
25.345,8177,8173,8177,
25.353,8177,8173,8177,
25.364,8177,8173,8177,
25.375,8179,8173,8177,
25.384,8179,8173,8180,
25.399,8179,8170,8174,
25.404,8177,8173,8174,
25.416,8177,8173,8174,
25.425,8174,8173,8174,
25.434,8174,8173,8174,
25.445,8177,8173,8177,
25.455,8177,8173,8174,
25.464,8174,8173,8177,
25.477,8174,8173,8174,
25.485,8177,8173,8174,
25.495,8177,8173,8177,
25.504,8174,8173,8174,
25.515,8177,8173,8174,
25.525,8174,8170,8174,
25.534,8171,8173,8174,
25.546,8168,8173,8174,
25.553,8166,8173,8174,
25.564,8152,8175,8174,
25.574,8152,8173,8174,
25.585,8147,8173,8180,
25.594,8136,8173,8174,
25.606,8128,8173,8174,
25.615,8122,8178,8174,
25.623,8120,8178,8174,
25.636,8120,8175,8174,
25.645,8120,8178,8174,
25.656,8117,8178,8174,
25.665,8114,8178,8177,
25.675,8112,8178,8174,
25.684,8109,8181,8174,
25.695,8109,8178,8177,
25.703,8106,8178,8177,
25.715,8101,8181,8174,
25.725,8094,8178,8177,
25.733,8092,8178,8174,
25.744,8085,8178,8177,
25.755,8074,8175,8174,
25.765,8050,8175,8177,
25.774,8050,8181,8177,
25.784,8061,8183,8180,
25.793,8053,8178,8172,
25.804,8047,8181,8177,
25.814,8039,8181,8177,
25.826,8026,8183,8174,
25.834,8020,8188,8177,
25.843,8009,8183,8174,
25.853,7995,8183,8177,
25.867,7986,8188,8174,
25.875,7972,8188,8174,
25.885,7964,8191,8174,
25.894,7953,8186,8177,
25.905,7951,8191,8174,
25.915,7951,8199,8174,
25.923,7932,8196,8174,
25.934,7926,8193,8177,
25.943,7918,8199,8174,
25.956,7854,8181,8177,
25.964,7835,8193,8177,
25.973,7862,8204,8177,
25.982,7886,8196,8182,
25.993,7893,8204,8174,
26.002,7904,8201,8177,
26.014,7901,8199,8174,
26.024,7893,8206,8174,
26.034,7901,8201,8177,
26.044,7889,8204,8177,
26.053,7895,8209,8174,
26.065,7904,8199,8174,
26.074,7895,8201,8174,
26.085,7895,8209,8174,
26.093,7906,8199,8174,
26.104,7906,8199,8177,
26.114,7901,8206,8174,
26.124,7895,8199,8172,
26.135,7904,8204,8177,
26.145,7895,8196,8174,
26.153,7820,8183,8177,
26.164,7793,8199,8174,
26.173,7787,8199,8174,
26.183,7848,8209,8177,
26.194,7865,8206,8177,
26.205,7884,8209,8177,
26.216,7870,8214,8172,
26.225,7875,8196,8177,
26.233,7886,8201,8174,
26.245,7862,8222,8174,
26.255,7873,8209,8174,
26.263,7873,8214,8177,
26.272,7862,8206,8177,
26.283,7865,8209,8172,
26.292,7846,8206,8174,
26.303,7857,8204,8174,
26.315,7846,8204,8174,
26.325,7846,8214,8174,
26.334,7851,8206,8174,
26.344,7865,8206,8174,
26.353,7812,8206,8174,
26.366,7738,8196,8172,
26.373,7746,8209,8174,
26.385,7812,8232,8180,
26.392,7829,8206,8172,
26.404,7835,8212,8169,
26.414,7827,8204,8174,
26.424,7835,8219,8174,
26.433,7835,8217,8177,
26.442,7846,8214,8174,
26.452,7840,8201,8174,
26.464,7840,8204,8177,
26.474,7832,8209,8174,
26.487,7827,8209,8177,
26.496,7832,8217,8174,
26.504,7829,8209,8177,
26.513,7820,8209,8177,
26.522,7832,8206,8177,
26.533,7835,8206,8174,
26.544,7840,8209,8174,
26.553,7787,8201,8172,
26.562,7721,8206,8172,
26.574,7726,8206,8180,
26.584,7796,8217,8180,
26.593,7824,8201,8180,
26.604,7815,8217,8174,
26.614,7820,8209,8177,
26.623,7824,8219,8177,
26.634,7829,8214,8174,
26.642,7840,8209,8172,
26.652,7818,8209,8174,
26.662,7818,8219,8174,
26.674,7820,8212,8174,
26.683,7809,8219,8180,
26.693,7807,8217,8174,
26.704,7824,8209,8180,
26.714,7801,8222,8180,
26.726,7801,8212,8180,
26.732,7804,8219,8180,
26.742,7804,8227,8177,
26.752,7754,8204,8180,
26.763,7674,8196,8182,
26.772,7718,8219,8177,
26.784,7762,8219,8180,
26.794,7793,8219,8177,
26.804,7796,8214,8174,
26.81,7804,8214,8174,
26.823,7829,8222,8174,
26.832,7796,8212,8177,
26.842,7787,8219,8177,
26.853,7815,8214,8174,
26.861,7804,8204,8174,
26.875,7807,8219,8177,
26.885,7801,8214,8169,
26.895,7824,8214,8174,
26.903,7820,8204,8174,
26.914,7812,8214,8180,
26.925,7824,8209,8174,
26.931,7809,8209,8172,
26.942,7815,8212,8180,
26.954,7768,8201,8177,
26.965,7686,8204,8180,
26.973,7702,8204,8180,
26.982,7781,8224,8174,
26.991,7801,8219,8174,
27.004,7812,8239,8177,
27.013,7815,8214,8177,
27.023,7824,8209,8177,
27.032,7815,8222,8180,
27.044,7829,8212,8172,
27.053,7815,8206,8177,
27.062,7824,8217,8174,
27.071,7829,8224,8172,
27.082,7827,8214,8174,
27.092,7827,8214,8177,
27.104,7829,8214,8177,
27.113,7827,8217,8174,
27.123,7832,8222,8172,
27.134,7827,8212,8174,
27.142,7820,8217,8177,
27.152,7776,8204,8174,
27.16,7691,8193,8180,
27.174,7718,8206,8174,
27.183,7784,8214,8169,
27.192,7804,8219,8174,
27.202,7807,8212,8172,
27.212,7809,8212,8172,
27.224,7809,8217,8180,
27.232,7796,8217,8174,
27.242,7809,8214,8169,
27.251,7820,8217,8177,
27.26,7818,8212,8174,
27.274,7824,8206,8177,
27.281,7807,8214,8174,
27.293,7807,8230,8177,
27.303,7804,8212,8174,
27.314,7818,8214,8174,
27.322,7820,8219,8174,
27.333,7801,8222,8177,
27.342,7801,8212,8177,
27.351,7760,8204,8177,
27.363,7682,8204,8185,
27.372,7688,8204,8177,
27.384,7760,8227,8177,
27.393,7787,8219,8177,
27.403,7807,8206,8177,
27.413,7793,8217,8177,
27.423,7804,8227,8172,
27.432,7815,8227,8177,
27.444,7818,8230,8177,
27.45,7804,8219,8172,
27.461,7799,8219,8174,
27.473,7812,8232,8174,
27.484,7812,8230,8177,
27.493,7818,8222,8177,
27.506,7809,8222,8177,
27.512,7818,8212,8177,
27.522,7815,8214,8174,
27.532,7815,8219,8177,
27.543,7812,8212,8174,
27.551,7773,8201,8177,
27.562,7691,8204,8174,
27.571,7752,8222,8172,
27.581,7779,8206,8182,
27.59,7801,8217,8169,
27.602,7804,8217,8177,
27.612,7818,8217,8177,
27.621,7818,8212,8177,
27.63,7827,8212,8177,
27.643,7815,8219,8174,
27.652,7820,8217,8177,
27.662,7807,8214,8172,
27.685,7818,8214,8177,
27.686,7807,8219,8180,
27.693,7807,8201,8174,
27.703,7804,8219,8177,
27.711,7818,8204,8177,
27.719,7809,8206,8180,
27.731,7807,8212,8174,
27.741,7835,8212,8180,
27.752,7771,8196,8177,
27.76,7679,8209,8182,
27.773,7694,8214,8169,
27.782,7776,8237,8177,
27.793,7796,8219,8174,
27.801,7824,8219,8177,
27.811,7801,8222,8180,
27.82,7804,8230,8174,
27.833,7804,8222,8174,
27.839,7809,8219,8174,
27.851,7799,8214,8172,
27.86,7807,8219,8169,
27.873,7804,8209,8180,
27.88,7804,8214,8174,
27.893,7793,8224,8177,
27.903,7796,8209,8174,
27.912,7801,8212,8174,
27.922,7793,8217,8177,
27.933,7801,8219,8177,
27.943,7787,8214,8177,
27.952,7741,8206,8177,
27.964,7666,8196,8177,
27.971,7715,8219,8177,
27.983,7765,8214,8177,
27.992,7799,8227,8174,
28.003,7804,8217,8177,
28.009,7804,8224,8174,
28.02,7804,8217,8180,
28.031,7809,8222,8172,
28.04,7804,8214,8177,
28.053,7807,8222,8180,
28.06,7807,8206,8174,
28.072,7807,8206,8177,
28.081,7818,8204,8177,
28.091,7809,8209,8174,
28.1,7820,8217,8177,
28.111,7820,8227,8174,
28.121,7812,8204,8174,
28.132,7829,8217,8172,
28.142,7827,8219,8177,
28.152,7791,8199,8177,
28.162,7715,8201,8174,
28.173,7726,8201,8169,
28.181,7796,8217,8177,
28.191,7835,8214,8177,
28.202,7851,8217,8180,
28.211,7835,8222,8177,
28.221,7843,8206,8174,
28.232,7838,8209,8174,
28.242,7843,8209,8174,
28.252,7838,8206,8174,
28.262,7843,8212,8177,
28.268,7840,8209,8177,
28.281,7838,8214,8174,
28.29,7840,8201,8174,
28.303,7848,8209,8177,
28.31,7840,8209,8177,
28.322,7843,8196,8177,
28.332,7832,8212,8174,
28.34,7809,8206,8174,
28.351,7757,8196,8174,
28.36,7715,8196,8172,
28.369,7757,8217,8174,
28.38,7804,8209,8169,
28.39,7838,8214,8174,
28.401,7829,8217,8180,
28.409,7820,8219,8174,
28.421,7827,8209,8177,
28.43,7827,8206,8174,
28.442,7824,8232,8174,
28.454,7829,8206,8177,
28.46,7824,8209,8172,
28.473,7824,8219,8174,
28.48,7815,8219,8177,
28.489,7809,8204,8172,
28.502,7818,8219,8180,
28.511,7815,8206,8177,
28.52,7807,8217,8174,
28.53,7804,8214,8180,
28.541,7807,8219,8177,
28.553,7757,8209,8177,
28.559,7691,8201,8180,
28.57,7760,8219,8180,
28.581,7791,8219,8174,
28.593,7818,8230,8177,
28.599,7835,8209,8180,
28.612,7818,8214,8180,
28.621,7820,8224,8172,
28.632,7820,8209,8177,
28.64,7827,8209,8174,
28.651,7829,8212,8174,
28.661,7835,8217,8174,
28.67,7827,8217,8174,
28.682,7846,8204,8172,
28.689,7820,8204,8174,
28.702,7812,8206,8177,
28.712,7827,8206,8174,
28.722,7838,8206,8177,
28.728,7838,8199,8172,
28.741,7820,8217,8177,
28.751,7752,8209,8177,
28.762,7705,8201,8180,
28.77,7762,8209,8172,
28.781,7812,8209,8180,
28.79,7820,8214,8174,
28.8,7835,8212,8174,
28.811,7824,8209,8177,
28.821,7846,8219,8174,
28.831,7832,8209,8174,
28.841,7835,8214,8174,
28.852,7843,8217,8174,
28.86,7840,8214,8174,
28.87,7829,8217,8174,
28.881,7838,8206,8174,
28.892,7843,8201,8174,
28.901,7832,8212,8174,
28.91,7859,8214,8172,
28.922,7857,8212,8174,
28.93,7832,8209,8174,
28.941,7846,8204,8177,
28.949,7796,8196,8180,
28.961,7721,8196,8174,
28.971,7796,8212,8174,
28.981,7829,8214,8177,
28.99,7840,8206,8174,
29,7835,8217,8177,
29.01,7840,8222,8174,
29.02,7846,8214,8174,
29.032,7835,8219,8177,
29.042,7832,8217,8174,
29.049,7838,8204,8177,
29.06,7827,8212,8174,
29.069,7832,8214,8172,
29.081,7824,8222,8177,
29.091,7829,8212,8172,
29.102,7838,8217,8177,
29.112,7835,8222,8174,
29.118,7835,8212,8174,
29.132,7829,8224,8180,
29.138,7829,8209,8174,
29.15,7793,8196,8177,
29.159,7733,8199,8174,
29.169,7754,8201,8174,
29.178,7820,8217,8174,
29.193,7854,8201,8174,
29.199,7851,8219,8174,
29.21,7857,8214,8174,
29.221,7857,8217,8174,
29.229,7859,8217,8174,
29.242,7865,8214,8174,
29.248,7870,8217,8174,
29.26,7870,8206,8174,
29.269,7867,8201,8177,
29.28,7870,8212,8177,
29.289,7867,8204,8177,
29.299,7865,8217,8177,
29.309,7854,8206,8177,
29.32,7848,8217,8177,
29.329,7848,8206,8177,
29.34,7865,8209,8177,
29.351,7818,8204,8174,
29.359,7771,8196,8177,
29.368,7779,8201,8182,
29.381,7846,8219,8177,
29.389,7881,8209,8177,
29.4,7867,8212,8172,
29.409,7865,8204,8172,
29.418,7878,8206,8172,
29.428,7859,8201,8177,
29.44,7878,8214,8174,
29.45,7870,8204,8174,
29.458,7870,8209,8174,
29.469,7873,8201,8174,
29.481,7862,8206,8177,
29.49,7862,8219,8172,
29.501,7870,8209,8177,
29.509,7862,8217,8174,
29.519,7862,8206,8177,
29.53,7862,8204,8177,
29.539,7857,8206,8172,
29.55,7818,8191,8177,
29.558,7760,8193,8177,
29.569,7796,8201,8177,
29.581,7859,8214,8172,
29.587,7875,8204,8177,
29.598,7873,8204,8177,
29.611,7873,8206,8174,
29.621,7886,8199,8174,
29.627,7893,8201,8172,
29.639,7878,8206,8177,
29.648,7884,8201,8177,
29.659,7878,8201,8174,
29.667,7884,8199,8177,
29.678,7884,8201,8174,
29.69,7893,8204,8174,
29.699,7875,8209,8174,
29.71,7886,8212,8174,
29.719,7886,8214,8172,
29.729,7884,8212,8177,
29.738,7867,8206,8174,
29.75,7829,8196,8174,
29.76,7791,8193,8172,
29.768,7846,8209,8174,
29.778,7867,8209,8174,
29.789,7884,8206,8177,
29.799,7881,8209,8174,
29.809,7886,8212,8174,
29.819,7881,8204,8174,
29.831,7893,8212,8174,
29.836,7886,8209,8174,
29.851,7886,8193,8174,
29.862,7886,8206,8177,
29.868,7881,8209,8174,
29.88,7893,8209,8177,
29.891,7886,8206,8174,
29.898,7889,8204,8174,
29.909,7889,8201,8174,
29.919,7901,8201,8174,
29.929,7915,8204,8174,
29.939,7915,8204,8177,
29.947,7878,8193,8177,
29.958,7851,8186,8172,
29.969,7889,8204,8174,
29.978,7918,8199,8180,
29.989,7923,8199,8177,
30,7921,8201,8177,
30.007,7921,8196,8177,
30.018,7918,8199,8177,
30.031,7929,8196,8174,
30.04,7926,8206,8174,
30.048,7918,8201,8174,
30.057,7923,8201,8177,
30.068,7926,8201,8174,
30.078,7923,8199,8174,
30.088,7926,8206,8177,
30.097,7915,8193,8174,
30.108,7915,8201,8174,
30.117,7918,8201,8174,
30.13,7918,8201,8174,
30.137,7898,8201,8177,
30.149,7870,8196,8177,
30.16,7804,8196,8177,
30.169,7867,8209,8172,
30.177,7884,8201,8174,
30.189,7881,8209,8174,
30.199,7893,8199,8174,
30.21,7898,8204,8174,
30.219,7893,8206,8172,
30.228,7912,8209,8174,
30.239,7923,8201,8174,
30.249,7923,8204,8174,
30.259,7921,8201,8174,
30.269,7937,8196,8174,
30.276,7942,8204,8177,
30.289,7948,8193,8177,
30.298,7948,8193,8174,
30.309,7948,8196,8177,
30.318,7959,8201,8174,
30.326,7972,8193,8174,
30.339,7956,8193,8172,
30.348,7926,8178,8174,
30.359,7921,8188,8177,
30.37,7972,8193,8177,
30.379,7988,8193,8174,
30.39,7991,8191,8174,
30.399,8009,8186,8177,
30.409,8003,8193,8174,
30.417,8012,8188,8174,
30.429,8012,8186,8174,
30.439,8026,8191,8177,
30.448,8015,8191,8177,
30.459,8020,8188,8177,
30.469,8009,8191,8174,
30.481,8015,8188,8174,
30.488,8023,8178,8174,
30.497,8023,8183,8174,
30.509,8034,8188,8174,
30.52,8042,8186,8174,
30.529,8050,8183,8174,
30.54,8050,8183,8177,
30.548,8039,8181,8174,
30.556,8023,8181,8174,
30.569,8061,8186,8177,
30.578,8064,8181,8180,
30.588,8069,8175,8177,
30.599,8074,8183,8177,
30.608,8072,8181,8177,
30.619,8074,8178,8177,
30.629,8074,8181,8177,
30.64,8072,8181,8177,
30.646,8074,8183,8177,
30.658,8074,8181,8177,
30.665,8077,8181,8177,
30.676,8080,8181,8177,
30.689,8080,8181,8174,
30.697,8083,8178,8177,
30.707,8092,8178,8177,
30.717,8097,8178,8174,
30.727,8103,8175,8174,
30.736,8112,8175,8174,
30.748,8106,8175,8174,
30.759,8092,8175,8177,
30.767,8109,8178,8174,
30.776,8120,8178,8174,
30.787,8120,8178,8177,
30.798,8120,8175,8174,
30.807,8120,8178,8174,
30.818,8120,8175,8174,
30.827,8120,8175,8174,
30.838,8117,8175,8174,
30.849,8112,8178,8177,
30.859,8109,8175,8174,
30.868,8109,8178,8174,
30.879,8112,8178,8174,
30.889,8112,8178,8174,
30.898,8109,8178,8177,
30.906,8112,8175,8174,
30.917,8112,8175,8174,
30.93,8112,8175,8174,
30.936,8112,8178,8174,
30.949,8101,8175,8174,
30.955,8097,8175,8172,
30.966,8114,8178,8174,
30.977,8112,8178,8177,
30.986,8112,8178,8172,
30.996,8114,8178,8174,
31.008,8120,8175,8174,
31.018,8122,8175,8174,
31.028,8128,8175,8174,
31.037,8131,8175,8172,
31.048,8133,8175,8174,
31.057,8139,8175,8177,
31.068,8141,8173,8177,
31.078,8147,8175,8177,
31.087,8152,8173,8177,
31.096,8158,8173,8174,
31.11,8160,8173,8174,
31.117,8166,8173,8174,
31.128,8168,8173,8174,
31.137,8168,8173,8177,
31.147,8168,8173,8174,
31.159,8168,8173,8177,
31.169,8171,8173,8177,
31.175,8168,8175,8177,
31.186,8174,8175,8174,
31.199,8177,8175,8177,
31.206,8179,8173,8174,
31.217,8179,8175,8174,
31.228,8179,8175,8174,
31.236,8182,8175,8177,
31.248,8182,8175,8174,
31.256,8230,8188,8163,
31.267,8217,8175,8177,
31.277,8219,8170,8177,
31.286,8222,8173,8174,
31.295,8230,8173,8174,
31.307,8238,8173,8177,
31.318,8249,8173,8174,
31.328,8214,8173,8180,
31.334,8222,8173,8182,
31.347,8233,8170,8180,
31.357,8254,8173,8177,
31.368,8252,8173,8180,
31.377,8238,8170,8185,
31.385,8233,8170,8180,
31.397,8233,8173,8180,
31.406,8227,8173,8180,
31.417,8227,8173,8177,
31.426,8230,8173,8180,
31.437,8230,8173,8180,
31.446,8230,8173,8177,
31.456,8227,8173,8180,
31.468,8222,8173,8177,
31.476,8214,8173,8177,
31.488,8198,8173,8177,
31.498,8182,8170,8174,
31.505,8177,8173,8174,
31.517,8179,8173,8174,
31.526,8179,8175,8174,
31.538,8179,8173,8177,
31.545,8179,8173,8174,
31.556,8177,8173,8177,
31.566,8177,8173,8177,
31.579,8177,8175,8177,
31.584,8177,8173,8174,
31.596,8179,8173,8177,
31.606,8179,8173,8177,
31.62,8179,8173,8174,
31.626,8179,8173,8177,
31.636,8179,8173,8174,
31.645,8179,8173,8174,
31.657,8179,8173,8174,
31.665,8177,8173,8177,
31.675,8179,8173,8174,
31.684,8177,8173,8174,
31.696,8174,8173,8174,
31.709,8177,8173,8174,
31.714,8177,8173,8174,
31.726,8177,8173,8177,
31.735,8177,8173,8174,
31.747,8177,8173,8174,
31.757,8174,8173,8174,
31.764,8174,8173,8177,
31.776,8177,8173,8172,
31.786,8177,8173,8174,
31.798,8174,8173,8177,
31.806,8177,8173,8174,
31.816,8177,8173,8174,
31.827,8177,8173,8174,
31.836,8177,8173,8177,
31.846,8177,8173,8174,
31.855,8177,8173,8174,
31.866,8177,8173,8174,
31.875,8174,8173,8174,
31.886,8174,8173,8174,
31.896,8177,8175,8174,
31.908,8177,8175,8174,
31.917,8177,8175,8174,
31.926,8177,8175,8174,
31.934,8174,8175,8174,
31.947,8177,8175,8177,
31.957,8174,8175,8180,
31.965,8177,8175,8177,
31.975,8174,8175,8174,
31.986,8177,8175,8177,
31.997,8174,8175,8174,
32.006,8174,8173,8174,
32.016,8174,8173,8174,
32.025,8174,8173,8174,
32.037,8174,8173,8177,
32.044,8174,8173,8174,
32.056,8177,8173,8174,
32.067,8174,8173,8174,
32.076,8177,8173,8174,
32.086,8174,8173,8174,
32.095,8177,8173,8174,
32.105,8174,8173,8174,
32.114,8174,8173,8174,
32.125,8174,8173,8177,
32.136,8174,8173,8174,
32.147,8177,8173,8174,
32.156,8174,8173,8177,
32.166,8174,8173,8177,
32.176,8171,8173,8174,
32.186,8174,8173,8177,
32.195,8177,8173,8174,
32.204,8174,8173,8177,
32.217,8177,8173,8174,
32.227,8174,8173,8177,
32.235,8174,8173,8174,
32.247,8174,8173,8174,
32.255,8177,8173,8174,
32.267,8174,8173,8172,
32.276,8174,8173,8174,
32.285,8174,8173,8174,
32.294,8174,8173,8174,
32.307,8177,8173,8174,
32.317,8177,8173,8174,
32.327,8177,8173,8177,
32.334,8177,8170,8174,
32.347,8177,8173,8177,
32.353,8177,8173,8177,
32.366,8174,8173,8174,
32.376,8171,8175,8177,
32.386,8174,8173,8177,
32.394,8177,8173,8177,
32.405,8177,8173,8174,
32.414,8174,8173,8174,
32.426,8177,8173,8174,
32.434,8174,8173,8174,
32.446,8177,8173,8174,
32.457,8179,8173,8177,
32.466,8177,8173,8177,
32.476,8179,8173,8177,
32.486,8179,8173,8174,
32.494,8185,8173,8177,
32.506,8188,8173,8177,
32.517,8198,8173,8177,
32.526,8203,8173,8177,
32.535,8208,8173,8177,
32.544,8219,8173,8177,
32.557,8238,8175,8174,
32.565,8235,8173,8180,
32.575,8235,8170,8174,
32.585,8233,8173,8180,
32.596,8244,8173,8180,
32.605,8254,8173,8180,
32.614,8260,8173,8182,
32.625,8271,8173,8182,
32.636,8283,8173,8185,
32.647,8307,8170,8187,
32.654,8329,8173,8190,
32.665,8347,8173,8190,
32.674,8358,8173,8192,
32.685,8366,8173,8192,
32.695,8369,8173,8192,
32.704,8377,8173,8195,
32.715,8372,8173,8192,
32.725,8372,8173,8195,
32.734,8372,8173,8192,
32.745,8377,8173,8192,
32.755,8417,8173,8187,
32.766,8412,8173,8190,
32.777,8387,8173,8198,
32.786,8379,8173,8195,
32.792,8379,8173,8195,
32.806,8379,8173,8195,
32.815,8379,8173,8195,
32.824,8382,8173,8195,
32.835,8382,8173,8195,
32.847,8385,8173,8195,
32.856,8385,8173,8195,
32.865,8382,8173,8198,
32.875,8387,8173,8195,
32.885,8387,8173,8195,
32.896,8387,8173,8195,
32.907,8390,8173,8198,
32.917,8390,8173,8195,
32.925,8396,8173,8195,
32.936,8404,8173,8198,
32.945,8428,8173,8195,
32.955,8481,8173,8187,
32.964,8439,8173,8203,
32.976,8423,8170,8198,
32.987,8417,8173,8203,
32.993,8417,8173,8203,
33.005,8417,8173,8203,
33.015,8425,8170,8203,
33.027,8425,8173,8205,
33.033,8428,8173,8203,
33.045,8433,8173,8200,
33.056,8433,8173,8200,
33.064,8436,8170,8203,
33.075,8436,8173,8200,
33.084,8439,8173,8203,
33.095,8444,8173,8203,
33.104,8442,8173,8203,
33.115,8442,8170,8203,
33.124,8444,8173,8200,
33.134,8447,8173,8203,
33.146,8479,8170,8195,
33.157,8533,8173,8192,
33.165,8517,8173,8198,
33.176,8476,8173,8208,
33.185,8468,8175,8205,
33.196,8461,8173,8203,
33.206,8463,8173,8205,
33.215,8461,8170,8205,
33.226,8461,8170,8205,
33.234,8463,8173,8205,
33.244,8463,8173,8208,
33.254,8463,8173,8205,
33.264,8473,8173,8205,
33.277,8468,8173,8205,
33.284,8463,8170,8203,
33.295,8461,8170,8205,
33.305,8463,8170,8205,
33.314,8463,8173,8205,
33.323,8452,8173,8208,
33.333,8458,8173,8205,
33.342,8481,8173,8203,
33.355,8556,8173,8187,
33.363,8495,8173,8205,
33.374,8463,8173,8205,
33.386,8458,8173,8203,
33.393,8450,8173,8205,
33.404,8455,8173,8205,
33.413,8455,8173,8203,
33.422,8450,8170,8205,
33.433,8450,8173,8203,
33.445,8447,8173,8205,
33.454,8444,8173,8205,
33.464,8444,8173,8210,
33.473,8442,8173,8208,
33.483,8444,8173,8205,
33.493,8447,8173,8205,
33.504,8447,8170,8205,
33.513,8444,8173,8205,
33.524,8447,8170,8205,
33.535,8450,8173,8208,
33.543,8468,8173,8203,
33.554,8522,8173,8190,
33.565,8479,8173,8203,
33.576,8458,8173,8205,
33.582,8450,8173,8200,
33.593,8442,8173,8203,
33.604,8439,8175,8200,
33.613,8442,8173,8203,
33.626,8442,8173,8205,
33.634,8442,8173,8203,
33.644,8439,8173,8205,
33.654,8442,8173,8208,
33.663,8444,8173,8208,
33.673,8442,8173,8208,
33.683,8444,8170,8208,
33.695,8447,8173,8208,
33.703,8447,8173,8208,
33.716,8444,8173,8205,
33.722,8442,8173,8208,
33.735,8447,8173,8205,
33.744,8479,8173,8203,
33.753,8536,8173,8190,
33.764,8495,8173,8203,
33.772,8461,8170,8205,
33.784,8450,8173,8200,
33.793,8442,8173,8200,
33.802,8444,8173,8203,
33.813,8442,8170,8205,
33.825,8447,8170,8205,
33.834,8447,8173,8205,
33.844,8442,8173,8205,
33.852,8442,8173,8203,
33.863,8447,8173,8208,
33.876,8447,8173,8208,
33.883,8450,8173,8208,
33.893,8452,8173,8208,
33.902,8458,8170,8205,
33.912,8455,8173,8208,
33.922,8452,8173,8208,
33.932,8458,8173,8208,
33.945,8481,8173,8208,
33.954,8533,8173,8198,
33.961,8492,8173,8208,
33.974,8476,8173,8208,
33.985,8463,8173,8208,
33.993,8468,8173,8208,
34.004,8471,8173,8208,
34.013,8473,8173,8205,
34.022,8476,8170,8205,
34.033,8468,8173,8208,
34.043,8463,8173,8205,
34.054,8458,8173,8205,
34.061,8452,8173,8208,
34.073,8452,8175,8208,
34.085,8452,8173,8208,
34.093,8452,8173,8205,
34.103,8450,8173,8208,
34.113,8450,8173,8205,
34.122,8452,8173,8208,
34.133,8458,8173,8205,
34.142,8487,8173,8203,
34.153,8549,8173,8198,
34.162,8500,8173,8208,
34.171,8473,8173,8203,
34.184,8463,8170,8205,
34.192,8458,8173,8208,
34.203,8458,8173,8203,
34.215,8455,8173,8205,
34.224,8455,8173,8208,
34.232,8455,8173,8203,
34.244,8452,8173,8205,
34.251,8447,8173,8203,
34.264,8447,8173,8205,
34.272,8447,8173,8205,
34.282,8444,8173,8205,
34.293,8444,8173,8203,
34.302,8447,8173,8203,
34.31,8447,8173,8203,
34.323,8450,8173,8203,
34.332,8447,8175,8205,
34.342,8471,8175,8198,
34.353,8511,8173,8195,
34.364,8476,8173,8205,
34.373,8450,8173,8205,
34.381,8450,8170,8203,
34.393,8447,8173,8203,
34.403,8444,8173,8203,
34.413,8447,8173,8203,
34.422,8444,8173,8205,
34.433,8450,8173,8203,
34.441,8450,8170,8205,
34.452,8447,8173,8200,
34.46,8444,8173,8203,
34.472,8442,8173,8208,
34.484,8439,8170,8208,
34.494,8439,8175,8205,
34.502,8436,8175,8205,
34.513,8436,8173,8203,
34.522,8433,8173,8205,
34.533,8433,8173,8205,
34.544,8447,8173,8203,
34.553,8495,8173,8198,
34.561,8452,8173,8208,
34.572,8433,8173,8203,
34.581,8431,8173,8203,
34.593,8425,8170,8200,
34.602,8428,8173,8200,
34.611,8431,8170,8200,
34.622,8428,8173,8200,
34.633,8433,8173,8200,
34.643,8431,8173,8203,
34.654,8428,8173,8203,
34.66,8428,8173,8203,
34.673,8431,8173,8203,
34.681,8431,8173,8205,
34.695,8428,8173,8203,
34.701,8425,8173,8200,
34.712,8423,8173,8203,
34.723,8420,8173,8200,
34.733,8423,8173,8200,
34.746,8433,8175,8200,
34.75,8492,8170,8192,
34.761,8450,8173,8200,
34.772,8431,8173,8203,
34.781,8423,8173,8203,
34.792,8420,8173,8198,
34.8,8417,8175,8198,
34.811,8412,8173,8200,
34.824,8412,8173,8198,
34.832,8412,8173,8200,
34.843,8412,8173,8198,
34.852,8412,8173,8200,
34.864,8409,8173,8198,
34.873,8406,8173,8198,
34.882,8406,8173,8198,
34.893,8401,8173,8198,
34.903,8398,8173,8198,
34.909,8398,8173,8200,
34.921,8404,8173,8200,
34.93,8404,8173,8200,
34.942,8428,8173,8195,
34.951,8476,8170,8192,
34.962,8461,8173,8198,
34.972,8428,8175,8198,
34.981,8409,8173,8198,
34.993,8409,8173,8198,
35.001,8406,8175,8198,
35.013,8404,8173,8200,
35.024,8404,8173,8198,
35.031,8406,8173,8198,
35.039,8404,8173,8200,
35.05,8404,8170,8200,
35.062,8404,8173,8200,
35.073,8404,8173,8200,
35.082,8404,8173,8198,
35.091,8404,8170,8200,
35.102,8404,8173,8200,
35.11,8404,8170,8200,
35.121,8401,8173,8200,
35.131,8398,8173,8200,
35.142,8412,8173,8195,
35.152,8447,8173,8192,
35.163,8417,8173,8200,
35.17,8404,8173,8205,
35.181,8398,8173,8200,
35.19,8404,8173,8195,
35.201,8404,8173,8198,
35.211,8398,8173,8198,
35.222,8406,8173,8198,
35.232,8404,8173,8198,
35.242,8401,8173,8198,
35.251,8401,8173,8198,
35.261,8401,8173,8198,
35.271,8396,8173,8195,
35.281,8398,8173,8198,
35.293,8398,8173,8198,
35.303,8401,8173,8198,
35.31,8398,8173,8198,
35.32,8401,8173,8198,
35.332,8404,8173,8198,
35.341,8409,8173,8198,
35.351,8455,8170,8192,
35.359,8423,8173,8200,
35.37,8404,8173,8200,
35.381,8398,8173,8198,
35.39,8396,8173,8195,
35.403,8393,8173,8198,
35.411,8396,8173,8198,
35.422,8396,8173,8195,
35.431,8396,8173,8198,
35.44,8398,8173,8198,
35.451,8396,8173,8198,
35.462,8396,8175,8198,
35.471,8396,8173,8198,
35.482,8396,8173,8195,
35.494,8396,8173,8195,
35.502,8396,8173,8198,
35.509,8393,8173,8198,
35.52,8396,8173,8198,
35.532,8396,8173,8198,
35.54,8404,8173,8192,
35.553,8433,8173,8187,
35.559,8398,8173,8195,
35.57,8377,8173,8195,
35.583,8361,8173,8195,
35.588,8358,8173,8192,
35.6,8353,8173,8192,
35.611,8353,8173,8192,
35.62,8358,8175,8195,
35.633,8364,8173,8195,
35.639,8366,8173,8195,
35.65,8372,8173,8195,
35.66,8377,8173,8195,
35.673,8382,8173,8195,
35.681,8382,8170,8195,
35.689,8385,8173,8192,
35.703,8385,8173,8195,
35.714,8382,8173,8195,
35.72,8385,8173,8195,
35.73,8387,8175,8195,
35.741,8409,8173,8192,
35.751,8452,8173,8187,
35.761,8420,8173,8195,
35.771,8393,8173,8195,
35.782,8385,8173,8198,
35.792,8387,8173,8195,
35.801,8385,8173,8195,
35.812,8387,8173,8195,
35.82,8382,8173,8198,
35.829,8382,8173,8195,
35.842,8385,8173,8195,
35.85,8382,8173,8195,
35.86,8385,8173,8195,
35.87,8385,8173,8195,
35.881,8385,8175,8195,
35.891,8387,8173,8195,
35.902,8390,8173,8195,
35.911,8385,8175,8198,
35.922,8385,8173,8198,
35.931,8385,8173,8195,
35.941,8393,8173,8192,
35.952,8425,8173,8190,
35.96,8420,8173,8195,
35.972,8393,8173,8195,
35.98,8379,8175,8198,
35.992,8377,8175,8195,
36.001,8377,8173,8192,
36.011,8382,8173,8192,
36.019,8385,8173,8192,
36.03,8385,8173,8195,
36.04,8385,8175,8195,
36.05,8385,8173,8198,
36.06,8390,8173,8195,
36.071,8387,8173,8195,
36.079,8387,8173,8195,
36.092,8385,8173,8198,
36.1,8387,8173,8195,
36.11,8387,8173,8195,
36.12,8385,8173,8195,
36.13,8382,8173,8195,
36.139,8396,8173,8195,
36.151,8431,8170,8187,
36.16,8401,8173,8195,
36.171,8385,8173,8195,
36.181,8379,8173,8195,
36.189,8379,8173,8195,
36.2,8379,8173,8195,
36.209,8379,8173,8195,
36.222,8379,8173,8195,
36.229,8377,8173,8195,
36.241,8372,8173,8195,
36.251,8366,8173,8195,
36.261,8369,8173,8195,
36.272,8364,8173,8195,
36.282,8358,8173,8192,
36.292,8356,8173,8192,
36.299,8356,8173,8192,
36.311,8356,8173,8192,
36.32,8356,8173,8192,
36.33,8356,8173,8192,
36.339,8372,8173,8190,
36.35,8406,8173,8187,
36.36,8396,8173,8192,
36.37,8366,8175,8192,
36.379,8358,8173,8195,
36.39,8353,8173,8192,
36.399,8356,8173,8192,
36.409,8356,8173,8192,
36.419,8358,8173,8195,
36.431,8361,8173,8198,
36.442,8358,8173,8195,
36.451,8358,8173,8198,
36.459,8361,8173,8195,
36.471,8361,8173,8198,
36.48,8358,8173,8198,
36.489,8364,8173,8195,
36.5,8358,8173,8195,
36.511,8358,8175,8195,
36.521,8353,8173,8192,
36.53,8356,8173,8192,
36.54,8361,8173,8190,
36.549,8390,8173,8187,
36.558,8387,8173,8190,
36.569,8364,8173,8192,
36.581,8347,8173,8192,
36.59,8347,8173,8190,
36.601,8350,8173,8192,
36.609,8347,8173,8192,
36.618,8347,8173,8195,
36.629,8347,8173,8192,
36.639,8347,8173,8192,
36.651,8345,8173,8192,
36.66,8345,8173,8190,
36.67,8345,8173,8190,
36.678,8345,8173,8192,
36.69,8342,8173,8192,
36.698,8342,8173,8190,
36.711,8345,8173,8190,
36.72,8342,8173,8192,
36.729,8347,8173,8192,
36.74,8356,8173,8190,
36.749,8393,8173,8187,
36.758,8385,8175,8192,
36.768,8358,8173,8192,
36.78,8350,8173,8190,
36.789,8347,8175,8195,
36.797,8350,8175,8192,
36.811,8350,8173,8190,
36.819,8347,8173,8192,
36.828,8347,8173,8190,
36.838,8345,8173,8192,
36.85,8345,8173,8192,
36.859,8345,8175,8190,
36.87,8345,8173,8192,
36.879,8347,8173,8192,
36.889,8345,8173,8192,
36.899,8350,8173,8192,
36.91,8350,8173,8192,
36.92,8350,8175,8190,
36.93,8353,8173,8190,
36.94,8366,8173,8187,
36.951,8409,8173,8185,
36.958,8379,8173,8192,
36.97,8353,8173,8192,
36.98,8345,8173,8190,
36.989,8345,8173,8190,
37,8347,8173,8190,
37.01,8342,8173,8190,
37.02,8342,8173,8192,
37.029,8342,8173,8192,
37.038,8342,8173,8192,
37.048,8345,8173,8192,
37.059,8342,8173,8190,
37.069,8342,8173,8190,
37.077,8342,8173,8192,
37.09,8342,8173,8190,
37.1,8342,8173,8192,
37.109,8342,8173,8190,
37.118,8339,8173,8190,
37.128,8342,8173,8192,
37.138,8353,8173,8190,
37.151,8393,8170,8185,
37.159,8387,8173,8190,
37.168,8356,8170,8192,
37.177,8350,8173,8190,
37.19,8353,8173,8192,
37.199,8353,8173,8192,
37.208,8353,8173,8192,
37.216,8358,8173,8190,
37.229,8353,8173,8192,
37.239,8358,8173,8192,
37.248,8356,8173,8195,
37.258,8358,8173,8192,
37.268,8358,8173,8192,
37.278,8358,8173,8192,
37.288,8361,8173,8195,
37.297,8358,8173,8195,
37.307,8364,8173,8192,
37.318,8361,8173,8195,
37.329,8364,8173,8192,
37.339,8382,8173,8192,
37.351,8423,8175,8185,
37.359,8387,8175,8195,
37.371,8364,8173,8190,
37.381,8361,8173,8192,
37.388,8361,8173,8192,
37.398,8358,8173,8195,
37.409,8358,8173,8192,
37.419,8358,8173,8192,
37.429,8358,8173,8192,
37.439,8358,8173,8192,
37.449,8356,8170,8195,
37.458,8358,8173,8195,
37.47,8358,8173,8192,
37.479,8356,8173,8192,
37.489,8356,8173,8195,
37.5,8356,8173,8192,
37.508,8358,8173,8192,
37.517,8361,8173,8192,
37.53,8361,8173,8192,
37.538,8372,8173,8192,
37.551,8417,8173,8190,
37.556,8406,8175,8190,
37.568,8372,8173,8198,
37.578,8358,8173,8195,
37.589,8356,8173,8195,
37.598,8356,8173,8192,
37.608,8356,8173,8192,
37.618,8358,8173,8192,
37.629,8358,8173,8192,
37.638,8356,8173,8192,
37.649,8350,8175,8192,
37.658,8347,8173,8195,
37.667,8350,8173,8192,
37.677,8353,8173,8192,
37.688,8356,8173,8192,
37.699,8353,8173,8192,
37.709,8356,8173,8192,
37.717,8353,8173,8192,
37.726,8350,8173,8192,
37.738,8369,8173,8190,
37.748,8409,8173,8182,
37.759,8366,8173,8192,
37.77,8347,8173,8192,
37.776,8345,8173,8190,
37.788,8342,8173,8190,
37.797,8342,8173,8190,
37.809,8339,8173,8190,
37.818,8342,8173,8190,
37.826,8342,8173,8190,
37.839,8339,8173,8192,
37.846,8342,8173,8192,
37.858,8342,8173,8192,
37.867,8345,8173,8192,
37.876,8345,8173,8192,
37.888,8342,8173,8192,
37.897,8345,8173,8192,
37.908,8345,8173,8192,
37.919,8345,8173,8190,
37.928,8345,8173,8192,
37.94,8358,8173,8190,
37.947,8396,8170,8187,
37.957,8366,8175,8195,
37.969,8350,8173,8190,
37.977,8345,8173,8192,
37.988,8347,8173,8192,
37.998,8347,8173,8192,
38.007,8347,8173,8192,
38.018,8347,8173,8192,
38.029,8345,8173,8192,
38.038,8342,8173,8192,
38.047,8342,8173,8190,
38.056,8339,8173,8190,
38.066,8339,8173,8190,
38.079,8337,8175,8192,
38.09,8334,8173,8190,
38.099,8334,8173,8190,
38.105,8331,8173,8190,
38.118,8329,8173,8190,
38.128,8329,8173,8190,
38.138,8339,8173,8190,
38.147,8366,8173,8185,
38.159,8361,8173,8190,
38.167,8342,8175,8195,
38.177,8331,8173,8192,
38.188,8331,8173,8190,
38.198,8331,8173,8192,
38.205,8329,8175,8190,
38.219,8329,8175,8190,
38.227,8329,8173,8190,
38.236,8329,8173,8187,
38.247,8329,8173,8190,
38.256,8331,8173,8190,
38.268,8331,8173,8190,
38.278,8331,8173,8190,
38.286,8331,8173,8190,
38.299,8329,8173,8190,
38.307,8329,8175,8190,
38.318,8326,8173,8190,
38.328,8326,8173,8190,
38.337,8334,8173,8187,
38.345,8361,8173,8185,
38.359,8334,8173,8190,
38.368,8318,8173,8190,
38.378,8312,8173,8187,
38.389,8312,8173,8187,
38.397,8312,8173,8187,
38.408,8312,8173,8187,
38.418,8312,8170,8190,
38.428,8312,8173,8187,
38.439,8312,8173,8187,
38.445,8312,8173,8187,
38.457,8312,8173,8187,
38.468,8312,8173,8187,
38.478,8310,8173,8187,
38.487,8310,8173,8187,
38.498,8310,8173,8187,
38.507,8310,8173,8187,
38.517,8310,8173,8187,
38.527,8310,8173,8187,
38.536,8315,8173,8187,
38.547,8339,8173,8185,
38.557,8318,8173,8187,
38.566,8304,8173,8185,
38.576,8299,8173,8187,
38.586,8299,8173,8187,
38.596,8293,8173,8185,
38.607,8293,8173,8185,
38.616,8293,8173,8185,
38.625,8293,8173,8187,
38.636,8296,8173,8187,
38.646,8293,8173,8185,
38.658,8296,8173,8187,
38.666,8296,8173,8187,
38.676,8301,8173,8187,
38.687,8296,8173,8185,
38.697,8296,8173,8185,
38.706,8296,8173,8185,
38.716,8296,8173,8185,
38.726,8293,8173,8187,
38.737,8307,8173,8185,
38.747,8331,8173,8182,
38.757,8312,8173,8187,
38.766,8299,8173,8187,
38.777,8296,8173,8187,
38.786,8293,8173,8185,
38.797,8288,8170,8185,
38.806,8285,8173,8185,
38.816,8283,8175,8185,
38.826,8283,8173,8185,
38.836,8283,8173,8185,
38.848,8279,8173,8185,
38.858,8283,8173,8185,
38.867,8283,8173,8185,
38.877,8283,8173,8185,
38.886,8283,8175,8185,
38.896,8283,8173,8185,
38.906,8283,8173,8185,
38.915,8283,8173,8185,
38.928,8283,8173,8185,
38.935,8291,8173,8185,
38.949,8320,8173,8180,
38.956,8301,8175,8185,
38.967,8279,8175,8187,
38.976,8279,8173,8185,
38.984,8276,8173,8185,
38.998,8273,8175,8185,
39.005,8273,8173,8185,
39.016,8273,8173,8182,
39.027,8271,8173,8180,
39.038,8268,8173,8182,
39.046,8268,8173,8182,
39.056,8265,8173,8182,
39.066,8265,8173,8182,
39.075,8263,8173,8182,
39.084,8260,8173,8182,
39.095,8260,8173,8182,
39.107,8260,8173,8182,
39.115,8260,8175,8182,
39.125,8263,8175,8185,
39.135,8265,8173,8182,
39.149,8283,8173,8177,
39.154,8283,8173,8185,
39.167,8260,8173,8182,
39.175,8252,8173,8177,
39.185,8246,8173,8180,
39.197,8244,8173,8180,
39.208,8244,8173,8180,
39.216,8244,8173,8180,
39.225,8244,8173,8182,
39.236,8246,8173,8180,
39.246,8249,8173,8182,
39.255,8252,8173,8182,
39.266,8254,8173,8182,
39.277,8254,8173,8182,
39.287,8257,8173,8182,
39.296,8257,8173,8182,
39.305,8254,8173,8180,
39.317,8254,8173,8182,
39.326,8252,8173,8182,
39.336,8254,8173,8180,
39.344,8271,8173,8180,
39.355,8265,8173,8182,
39.365,8252,8175,8182,
39.377,8244,8173,8180,
39.383,8244,8173,8180,
39.396,8241,8173,8180,
39.404,8238,8173,8180,
39.416,8238,8173,8180,
39.425,8241,8170,8180,
39.436,8241,8173,8180,
39.445,8244,8173,8180,
39.455,8246,8173,8180,
39.467,8249,8173,8180,
39.476,8252,8173,8180,
39.485,8252,8173,8182,
39.495,8254,8173,8182,
39.508,8257,8173,8182,
39.517,8257,8173,8182,
39.524,8257,8173,8182,
39.538,8263,8173,8182,
39.546,8283,8173,8180,
39.558,8273,8173,8185,
39.564,8263,8173,8185,
39.578,8265,8173,8180,
39.587,8263,8173,8182,
39.606,8265,8173,8182,
39.606,8263,8173,8182,
39.615,8265,8173,8182,
39.625,8265,8173,8182,
39.636,8263,8173,8182,
39.646,8260,8173,8182,
39.656,8260,8173,8182,
39.666,8257,8173,8182,
39.675,8254,8173,8180,
39.687,8254,8173,8182,
39.695,8254,8173,8182,
39.704,8252,8173,8182,
39.715,8252,8173,8180,
39.725,8246,8173,8182,
39.735,8252,8173,8180,
39.745,8265,8173,8177,
39.756,8263,8173,8180,
39.764,8252,8173,8180,
39.775,8246,8173,8180,
39.785,8244,8173,8180,
39.797,8244,8173,8180,
39.807,8241,8173,8180,
39.815,8238,8173,8180,
39.825,8241,8173,8180,
39.835,8238,8173,8180,
39.845,8241,8173,8180,
39.856,8241,8173,8180,
39.865,8241,8173,8180,
39.874,8241,8173,8180,
39.886,8241,8173,8180,
39.893,8241,8173,8180,
39.906,8238,8173,8180,
39.915,8235,8173,8180,
39.926,8230,8173,8180,
39.936,8230,8173,8177,
39.945,8238,8173,8174,
39.955,8227,8173,8177,
39.964,8219,8173,8177,
39.976,8211,8173,8180,
39.985,8211,8173,8177,
39.995,8211,8173,8177,
40.004,8211,8173,8177,
40.016,8214,8173,8177,
40.024,8214,8173,8177,
40.034,8214,8173,8177,
40.046,8217,8173,8177,
40.056,8217,8173,8177,
40.065,8217,8173,8177,
40.076,8214,8173,8177,
40.083,8214,8173,8177,
40.095,8211,8173,8180,
40.105,8206,8173,8177,
40.115,8206,8173,8177,
40.125,8206,8173,8177,
40.136,8206,8173,8177,
40.145,8211,8173,8177,
40.156,8206,8173,8177,
40.164,8198,8173,8174,
40.176,8200,8173,8177,
40.186,8200,8170,8177,
40.193,8200,8173,8174,
40.204,8198,8173,8180,
40.215,8203,8173,8180,
40.226,8206,8173,8180,
40.232,8206,8170,8180,
40.246,8206,8173,8180,
40.255,8206,8173,8180,
40.267,8203,8173,8180,
40.274,8203,8173,8180,
40.285,8203,8173,8180,
40.294,8203,8173,8180,
40.303,8200,8173,8180,
40.315,8200,8173,8177,
40.326,8198,8173,8177,
40.334,8195,8173,8177,
40.346,8200,8173,8177,
40.355,8200,8173,8177,
40.365,8188,8175,8177,
40.374,8192,8173,8174,
40.384,8192,8173,8177,
40.394,8192,8173,8177,
40.402,8188,8173,8177,
40.414,8188,8173,8174,
40.426,8188,8173,8174,
40.437,8188,8173,8174,
40.446,8188,8173,8177,
40.452,8188,8173,8177,
40.466,8185,8173,8177,
40.475,8188,8173,8177,
40.485,8185,8173,8177,
40.496,8188,8173,8174,
40.504,8185,8173,8174,
40.516,8185,8173,8174,
40.524,8185,8173,8174,
40.533,8188,8173,8177,
40.547,8188,8168,8174,
40.555,8185,8173,8177,
40.564,8182,8175,8174,
40.575,8182,8173,8174,
40.583,8185,8173,8174,
40.593,8185,8173,8174,
40.603,8185,8173,8174,
40.616,8185,8173,8177,
40.624,8185,8173,8177,
40.635,8185,8173,8174,
40.644,8188,8173,8174,
40.655,8185,8173,8174,
40.663,8182,8173,8174,
40.673,8182,8173,8174,
40.688,8177,8173,8174,
40.695,8177,8173,8174,
40.704,8177,8173,8174,
40.715,8177,8173,8174,
40.723,8177,8173,8180,
40.733,8177,8173,8177,
40.745,8177,8173,8177,
40.755,8179,8173,8180,
40.762,8177,8173,8180,
40.775,8182,8173,8177,
40.786,8182,8173,8177,
40.793,8182,8173,8177,
40.805,8182,8173,8177,
40.813,8179,8173,8177,
40.823,8179,8173,8174,
40.833,8177,8173,8174,
40.844,8177,8173,8174,
40.854,8177,8173,8174,
40.865,8177,8173,8174,
40.873,8174,8173,8174,
40.884,8174,8173,8174,
40.893,8174,8173,8174,
40.903,8174,8173,8174,
40.914,8174,8173,8174,
40.923,8174,8173,8174,
40.933,8174,8173,8174,
40.941,8177,8173,8177,
40.956,8174,8173,8174,
40.965,8171,8170,8174,
40.975,8174,8173,8174,
40.984,8177,8173,8174,
40.992,8174,8173,8174,
41.004,8174,8173,8174,
41.013,8174,8173,8174,
41.023,8174,8173,8174,
41.032,8174,8173,8174,
41.044,8174,8173,8174,
41.055,8174,8173,8174,
41.066,8174,8173,8174,
41.072,8174,8173,8174,
41.083,8174,8173,8174,
41.092,8174,8173,8174,
41.105,8174,8173,8174,
41.115,8174,8173,8174,
41.125,8174,8173,8174,
41.134,8174,8173,8174,
41.142,8174,8173,8174,
41.152,8174,8173,8177,
41.166,8177,8173,8177,
41.175,8177,8173,8177,
41.184,8174,8173,8174,
41.194,8177,8173,8174,
41.202,8174,8173,8177,
41.215,8174,8173,8174,
41.224,8174,8173,8174,
41.234,8174,8173,8174,
41.243,8177,8173,8174,
41.252,8177,8173,8174,
41.264,8174,8170,8174,
41.273,8174,8173,8174,
41.284,8177,8173,8177,
41.293,8177,8173,8174,
41.302,8174,8173,8174,
41.314,8174,8173,8177,
41.322,8177,8173,8174,
41.333,8174,8173,8174,
41.343,8171,8173,8174,
41.354,8174,8173,8177,
41.365,8174,8173,8177,
41.372,8174,8170,8174,
41.382,8174,8173,8174,
41.393,8174,8173,8177,
41.405,8174,8173,8177,
41.413,8174,8173,8174,
41.422,8174,8173,8174,
41.432,8174,8173,8174,
41.445,8174,8170,8174,
41.453,8177,8173,8174,
41.463,8168,8173,8174,
41.471,8160,8175,8174,
41.485,8147,8175,8174,
41.491,8139,8175,8174,
41.503,8139,8175,8174,
41.511,8139,8175,8174,
41.525,8136,8175,8177,
41.532,8133,8175,8174,
41.543,8122,8175,8174,
41.553,8125,8173,8174,
41.561,8133,8175,8174,
41.572,8131,8175,8174,
41.581,8131,8175,8174,
41.592,8128,8175,8177,
41.602,8125,8175,8174,
41.612,8122,8175,8174,
41.622,8122,8175,8174,
41.631,8122,8175,8174,
41.644,8122,8175,8177,
41.652,8122,8175,8177,
41.661,8122,8175,8177,
41.674,8117,8175,8180,
41.682,8117,8175,8177,
41.694,8117,8175,8177,
41.702,8114,8175,8180,
41.712,8112,8178,8177,
41.747,8109,8175,8177,
41.748,8094,8175,8177,
41.748,8072,8175,8182,
41.751,8083,8181,8180,
41.764,8080,8181,8174,
41.772,8077,8181,8177,
41.784,8072,8178,8177,
41.794,8069,8181,8177,
41.803,8061,8181,8177,
41.811,8061,8181,8180,
41.82,8050,8183,8177,
41.834,8045,8183,8177,
41.842,8039,8183,8177,
41.854,8031,8183,8174,
41.861,8023,8186,8174,
41.874,8015,8186,8174,
41.882,8009,8183,8174,
41.895,8007,8183,8174,
41.903,8000,8191,8174,
41.911,7991,8188,8174,
41.923,7995,8186,8174,
41.934,7959,8181,8174,
41.942,7926,8181,8169,
41.951,7956,8196,8172,
41.965,7961,8191,8177,
41.974,7975,8196,8174,
41.983,7967,8193,8174,
41.992,7970,8193,8177,
42.004,7967,8188,8174,
42.012,7964,8193,8174,
42.022,7953,8196,8177,
42.032,7951,8191,8174,
42.043,7953,8196,8174,
42.053,7959,8191,8174,
42.063,7951,8199,8174,
42.071,7940,8191,8174,
42.082,7953,8193,8177,
42.093,7948,8188,8174,
42.103,7945,8193,8174,
42.112,7940,8193,8174,
42.123,7940,8196,8174,
42.133,7886,8183,8177,
42.142,7867,8191,8172,
42.151,7895,8199,8174,
42.161,7923,8199,8177,
42.171,7937,8201,8174,
42.18,7945,8193,8174,
42.192,7945,8193,8174,
42.201,7942,8196,8177,
42.213,7937,8199,8177,
42.223,7937,8204,8174,
42.232,7929,8199,8177,
42.241,7945,8193,8174,
42.251,7934,8193,8174,
42.262,7926,8199,8177,
42.271,7926,8201,8174,
42.281,7932,8196,8174,
42.29,7923,8196,8174,
42.3,7923,8193,8174,
42.312,7923,8193,8177,
42.321,7921,8199,8172,
42.33,7895,8191,8177,
42.342,7846,8188,8177,
42.351,7848,8199,8177,
42.361,7901,8209,8174,
42.373,7921,8199,8177,
42.381,7921,8199,8174,
42.392,7926,8196,8174,
42.4,7926,8201,8174,
42.411,7929,8201,8177,
42.422,7926,8201,8174,
42.432,7921,8199,8174,
42.443,7926,8201,8177,
42.452,7923,8191,8177,
42.463,7915,8196,8174,
42.47,7918,8199,8177,
42.483,7918,8201,8174,
42.491,7909,8196,8174,
42.502,7909,8201,8174,
42.511,7912,8201,8174,
42.522,7906,8199,8174,
42.532,7840,8181,8177,
42.541,7815,8191,8180,
42.551,7859,8206,8172,
42.563,7881,8204,8177,
42.573,7904,8206,8174,
42.582,7906,8199,8174,
42.591,7904,8201,8174,
42.601,7909,8209,8174,
42.61,7918,8201,8172,
42.621,7906,8201,8174,
42.63,7895,8196,8172,
42.639,7906,8204,8174,
42.649,7898,8209,8174,
42.661,7895,8199,8174,
42.672,7886,8217,8174,
42.681,7886,8204,8174,
42.691,7889,8199,8174,
42.701,7901,8204,8177,
42.71,7886,8206,8177,
42.721,7889,8199,8174,
42.73,7859,8188,8172,
42.741,7791,8196,8177,
42.752,7793,8196,8172,
42.759,7857,8212,8174,
42.771,7875,8217,8180,
42.782,7895,8204,8174,
42.79,7873,8206,8177,
42.8,7884,8209,8172,
42.811,7884,8214,8174,
42.822,7893,8206,8174,
42.832,7893,8206,8174,
42.839,7889,8199,8174,
42.85,7881,8212,8174,
42.86,7889,8204,8174,
42.871,7881,8206,8177,
42.88,7886,8201,8174,
42.892,7873,8204,8172,
42.901,7893,8206,8177,
42.913,7886,8206,8177,
42.921,7878,8204,8174,
42.931,7859,8186,8174,
42.941,7776,8199,8172,
42.951,7835,8212,8177,
42.961,7859,8204,8174,
42.972,7867,8199,8174,
42.982,7875,8212,8174,
42.992,7881,8188,8177,
43,7875,8209,8174,
43.009,7875,8206,8172,
43.021,7873,8209,8177,
43.03,7867,8206,8174,
43.039,7875,8201,8174,
43.049,7865,8212,8174,
43.059,7859,8204,8174,
43.072,7859,8206,8174,
43.08,7854,8214,8180,
43.09,7851,8204,8180,
43.101,7843,8206,8180,
43.111,7851,8201,8180,
43.12,7848,8217,8180,
43.131,7791,8206,8177,
43.139,7746,8199,8177,
43.15,7796,8217,8177,
43.161,7809,8214,8180,
43.17,7832,8212,8180,
43.179,7843,8212,8174,
43.192,7840,8214,8177,
43.198,7832,8206,8177,
43.212,7838,8212,8174,
43.219,7827,8214,8174,
43.232,7835,8214,8177,
43.24,7846,8206,8174,
43.251,7848,8206,8174,
43.262,7846,8204,8174,
43.271,7848,8204,8177,
43.282,7846,8219,8174,
43.292,7848,8204,8174,
43.299,7875,8201,8172,
43.31,7865,8209,8174,
43.321,7838,8206,8174,
43.331,7784,8186,8177,
43.342,7724,8196,8169,
43.349,7773,8212,8172,
43.36,7812,8214,8169,
43.371,7848,8206,8174,
43.382,7832,8214,8174,
43.388,7829,8214,8177,
43.4,7843,8217,8177,
43.409,7846,8206,8174,
43.422,7827,8217,8177,
43.428,7818,8217,8174,
43.44,7827,8214,8177,
43.453,7812,8217,8174,
43.458,7818,8214,8177,
43.472,7829,8217,8172,
43.48,7827,8214,8177,
43.492,7824,8209,8177,
43.5,7818,8204,8174,
43.509,7824,8209,8174,
43.518,7827,8214,8174,
43.53,7793,8196,8180,
43.539,7713,8199,8163,
43.551,7741,8206,8177,
43.559,7804,8230,8174,
43.569,7827,8214,8180,
43.58,7829,8209,8177,
43.588,7840,8209,8177,
43.599,7846,8204,8177,
43.61,7846,8209,8174,
43.621,7840,8222,8177,
43.63,7851,8209,8174,
43.639,7851,8206,8174,
43.652,7832,8209,8174,
43.658,7840,8209,8174,
43.671,7829,8219,8172,
43.68,7832,8224,8180,
43.69,7835,8214,8177,
43.698,7835,8206,8180,
43.709,7827,8217,8174,
43.72,7827,8209,8180,
43.729,7754,8201,8172,
43.741,7718,8201,8172,
43.748,7721,8206,8167,
43.761,7793,8219,8177,
43.771,7824,8209,8177,
43.78,7829,8214,8174,
43.792,7846,8222,8177,
43.798,7838,8209,8174,
43.811,7840,8217,8177,
43.819,7838,8206,8177,
43.829,7843,8209,8174,
43.84,7843,8204,8174,
43.851,7835,8209,8174,
43.859,7835,8219,8174,
43.87,7840,8204,8174,
43.881,7848,8212,8177,
43.891,7846,8206,8174,
43.9,7843,8212,8172,
43.909,7838,8201,8174,
43.918,7859,8201,8174,
43.93,7812,8196,8174,
43.94,7735,8201,8167,
43.95,7752,8206,8180,
43.96,7818,8217,8180,
43.969,7862,8209,8172,
43.98,7870,8217,8174,
43.989,7859,8204,8177,
43.999,7865,8212,8172,
44.01,7870,8204,8174,
44.021,7875,8209,8174,
44.03,7867,8212,8174,
44.039,7873,8212,8177,
44.049,7865,8206,8174,
44.059,7870,8209,8174,
44.067,7859,8209,8177,
44.08,7857,8209,8172,
44.089,7865,8206,8177,
44.097,7848,8204,8174,
44.108,7854,8212,8177,
44.12,7854,8209,8174,
44.129,7809,8191,8174,
44.142,7749,8196,8177,
44.148,7754,8204,8174,
44.16,7815,8217,8177,
44.171,7862,8201,8174,
44.179,7851,8209,8177,
44.187,7835,8212,8174,
44.2,7859,8206,8174,
44.208,7843,8209,8174,
44.219,7848,8219,8177,
44.23,7859,8219,8174,
44.238,7878,8209,8174,
44.25,7854,8212,8174,
44.258,7859,8212,8174,
44.269,7851,8214,8177,
44.28,7857,8212,8174,
44.289,7865,8204,8174,
44.3,7865,8217,8174,
44.309,7862,8212,8174,
44.321,7854,8209,8177,
44.327,7820,8196,8174,
44.339,7760,8196,8174,
44.35,7818,8219,8172,
44.358,7840,8212,8180,
44.368,7854,8206,8174,
44.379,7867,8217,8177,
44.391,7857,8209,8177,
44.399,7857,8206,8177,
44.411,7870,8206,8177,
44.418,7865,8201,8177,
44.43,7870,8201,8172,
44.44,7867,8219,8174,
44.45,7862,8212,8177,
44.456,7859,8214,8174,
44.469,7865,8217,8174,
44.481,7865,8212,8172,
44.488,7867,8209,8177,
44.496,7862,8206,8174,
44.509,7870,8204,8174,
44.52,7870,8206,8174,
44.531,7835,8191,8177,
44.54,7776,8193,8174,
44.548,7843,8214,8169,
44.56,7862,8214,8177,
44.57,7867,8206,8172,
44.578,7884,8209,8177,
44.589,7862,8212,8177,
44.598,7873,8209,8177,
44.61,7873,8214,8177,
44.619,7878,8206,8174,
44.626,7875,8204,8174,
44.639,7873,8204,8174,
44.647,7873,8214,8174,
44.658,7878,8206,8174,
44.669,7873,8206,8172,
44.677,7881,8201,8174,
44.69,7857,8214,8177,
44.699,7865,8199,8174,
44.709,7859,8212,8177,
44.719,7854,8209,8174,
44.729,7781,8196,8172,
44.74,7746,8201,8163,
44.751,7781,8209,8177,
44.76,7827,8217,8177,
44.768,7846,8212,8180,
44.779,7846,8212,8177,
44.788,7848,8204,8174,
44.798,7843,8204,8174,
44.81,7846,8209,8174,
44.82,7843,8212,8174,
44.828,7854,8206,8174,
44.837,7854,8201,8174,
44.85,7840,8206,8174,
44.858,7851,8199,8177,
44.869,7854,8217,8174,
44.879,7862,8212,8172,
44.889,7870,8206,8174,
44.899,7873,8214,8174,
44.909,7867,8201,8174,
44.919,7862,8212,8177,
44.929,7829,8201,8174,
44.938,7762,8199,8185,
44.948,7784,8204,8174,
44.96,7827,8212,8174,
44.967,7870,8204,8172,
44.978,7873,8212,8174,
44.988,7867,8206,8177,
44.998,7878,8212,8172,
45.008,7867,8206,8177,
45.017,7873,8204,8177,
45.026,7878,8214,8174,
45.038,7875,8206,8174,
45.049,7867,8199,8177,
45.059,7881,8206,8174,
45.069,7870,8201,8177,
45.077,7878,8206,8172,
45.09,7878,8212,8174,
45.099,7865,8214,8177,
45.11,7873,8209,8177,
45.117,7870,8204,8177,
45.127,7812,8196,8177,
45.14,7776,8201,8174,
45.146,7784,8201,8180,
45.159,7862,8212,8177,
45.167,7873,8204,8174,
45.176,7881,8196,8177,
45.187,7893,8209,8180,
45.197,7884,8201,8177,
45.208,7884,8206,8180,
45.219,7889,8201,8177,
45.225,7881,8206,8177,
45.238,7886,8204,8180,
45.248,7889,8204,8177,
45.258,7895,8204,8177,
45.267,7875,8204,8174,
45.278,7881,8206,8177,
45.287,7867,8206,8180,
45.298,7870,8209,8180,
45.307,7873,8206,8177,
45.318,7870,8206,8177,
45.328,7832,8193,8174,
45.337,7768,8199,8167,
45.345,7784,8199,8185,
45.358,7854,8217,8174,
45.365,7884,8206,8174,
45.378,7873,8204,8172,
45.389,7884,8206,8172,
45.398,7878,8209,8174,
45.407,7898,8206,8174,
45.418,7893,8204,8172,
45.428,7884,8204,8174,
45.438,7898,8193,8174,
45.448,7884,8204,8172,
45.459,7893,8206,8174,
45.467,7893,8209,8174,
45.477,7895,8206,8177,
45.488,7895,8206,8172,
45.497,7901,8199,8174,
45.508,7898,8199,8174,
45.518,7898,8201,8177,
45.526,7867,8199,8174,
45.538,7804,8193,8172,
45.546,7867,8209,8174,
45.557,7878,8196,8180,
45.565,7889,8206,8177,
45.576,7895,8206,8174,
45.587,7893,8201,8174,
45.598,7898,8204,8177,
45.606,7901,8204,8174,
45.618,7895,8204,8177,
45.628,7909,8206,8174,
45.637,7898,8201,8174,
45.646,7901,8199,8174,
45.658,7898,8201,8177,
45.667,7895,8204,8174,
45.678,7895,8204,8177,
45.689,7893,8206,8174,
45.695,7884,8209,8177,
45.707,7895,8206,8174,
45.718,7901,8193,8177,
45.728,7848,8204,8174,
45.737,7799,8196,8182,
45.746,7846,8212,8174,
45.755,7851,8201,8177,
45.769,7865,8204,8172,
45.776,7875,8214,8174,
45.786,7857,8219,8172,
45.799,7865,8209,8177,
45.808,7862,8214,8174,
45.817,7873,8217,8174,
45.828,7865,8212,8177,
45.838,7867,8209,8177,
45.849,7870,8204,8177,
45.858,7867,8219,8174,
45.866,7873,8209,8174,
45.875,7878,8219,8177,
45.887,7878,8204,8177,
45.898,7875,8212,8174,
45.906,7870,8209,8177,
45.918,7865,8204,8174,
45.928,7807,8204,8177,
45.937,7771,8196,8172,
45.947,7799,8209,8174,
45.956,7843,8209,8180,
45.968,7870,8201,8174,
45.978,7867,8206,8177,
45.989,7865,8212,8177,
45.998,7862,8204,8177,
46.007,7867,8214,8172,
46.018,7875,8209,8177,
46.027,7865,8204,8177,
46.036,7878,8206,8174,
46.046,7884,8212,8174,
46.056,7873,8206,8177,
46.066,7867,8209,8177,
46.075,7862,8212,8177,
46.086,7862,8201,8174,
46.097,7848,8206,8174,
46.108,7840,8212,8174,
46.118,7829,8201,8174,
46.127,7762,8209,8177,
46.135,7741,8204,8174,
46.146,7743,8204,8174,
46.155,7818,8217,8177,
46.167,7838,8209,8185,
46.174,7865,8214,8174,
46.187,7862,8209,8174,
46.195,7862,8214,8174,
46.206,7873,8199,8177,
46.217,7893,8199,8174,
46.226,7895,8222,8174,
46.238,7909,8206,8174,
46.247,7889,8209,8174,
46.258,7893,8201,8177,
46.268,7909,8201,8177,
46.277,7906,8201,8177,
46.288,7898,8209,8174,
46.294,7898,8206,8177,
46.305,7898,8209,8174,
46.318,7904,8199,8174,
46.327,7875,8193,8177,
46.335,7820,8196,8174,
46.347,7848,8199,8174,
46.358,7889,8206,8172,
46.367,7904,8209,8174,
46.377,7884,8212,8174,
46.386,7881,8204,8174,
46.398,7884,8204,8174,
46.405,7881,8206,8174,
46.415,7873,8206,8177,
46.426,7875,8206,8169,
46.438,7878,8212,8174,
46.447,7870,8214,8177,
46.454,7875,8209,8174,
46.464,7875,8209,8174,
46.476,7886,8209,8174,
46.487,7881,8209,8174,
46.496,7886,8212,8177,
46.505,7901,8209,8174,
46.516,7904,8201,8174,
46.526,7854,8196,8177,
46.535,7820,8191,8169,
46.545,7875,8204,8180,
46.557,7901,8212,8169,
46.568,7915,8204,8174,
46.576,7918,8199,8177,
46.587,7921,8199,8174,
46.596,7934,8199,8177,
46.607,7929,8199,8174,
46.615,7934,8206,8174,
46.627,7926,8199,8174,
46.637,7934,8201,8174,
46.645,7926,8204,8177,
46.656,7934,8199,8177,
46.666,7932,8201,8174,
46.676,7937,8201,8177,
46.688,7940,8199,8174,
46.695,7953,8196,8177,
46.706,7934,8204,8174,
46.716,7948,8193,8177,
46.725,7921,8191,8174,
46.735,7881,8186,8172,
46.746,7945,8204,8180,
46.756,7948,8188,8180,
46.768,7961,8193,8174,
46.776,7967,8191,8174,
46.785,7975,8201,8174,
46.795,7972,8193,8174,
46.804,7980,8193,8174,
46.816,7980,8193,8177,
46.825,7980,8188,8174,
46.837,7986,8191,8174,
46.846,7986,8188,8174,
46.857,7995,8188,8174,
46.865,7998,8193,8174,
46.877,7986,8191,8174,
46.884,7988,8193,8174,
46.895,7998,8186,8174,
46.908,8007,8186,8174,
46.916,8000,8193,8174,
46.925,7980,8181,8174,
46.937,7970,8181,8177,
46.945,7988,8183,8174,
46.955,8018,8191,8177,
46.965,8023,8188,8177,
46.974,8023,8191,8177,
46.986,8026,8193,8174,
46.994,8028,8186,8177,
47.006,8034,8183,8177,
47.016,8031,8186,8174,
47.027,8028,8183,8174,
47.035,8034,8183,8174,
47.047,8026,8186,8174,
47.055,8039,8183,8174,
47.065,8037,8183,8177,
47.075,8045,8183,8177,
47.085,8047,8183,8174,
47.094,8053,8178,8174,
47.104,8058,8183,8177,
47.115,8061,8181,8174,
47.124,8050,8181,8177,
47.137,8031,8178,8174,
47.144,8066,8183,8174,
47.155,8069,8181,8174,
47.166,8080,8178,8174,
47.176,8088,8181,8177,
47.184,8088,8178,8177,
47.194,8101,8178,8180,
47.207,8103,8178,8177,
47.214,8112,8178,8180,
47.228,8114,8175,8180,
47.235,8120,8175,8177,
47.243,8122,8175,8177,
47.256,8128,8175,8180,
47.266,8131,8175,8180,
47.275,8133,8175,8174,
47.286,8136,8175,8174,
47.296,8139,8175,8177,
47.307,8141,8175,8177,
47.313,8141,8175,8174,
47.328,8139,8175,8177,
47.334,8128,8175,8177,
47.343,8136,8175,8174,
47.355,8144,8175,8177,
47.363,8144,8175,8174,
47.376,8144,8175,8177,
47.385,8150,8175,8174,
47.395,8152,8173,8177,
47.404,8155,8173,8174,
47.416,8158,8173,8174,
47.424,8158,8173,8174,
47.435,8160,8173,8174,
47.448,8160,8173,8174,
47.457,8166,8173,8177,
47.462,8168,8173,8177,
47.474,8171,8173,8174,
47.484,8171,8173,8174,
47.494,8171,8173,8177,
47.506,8174,8173,8174,
47.516,8174,8173,8174,
47.523,8174,8173,8177,
47.534,8174,8173,8174,
47.546,8177,8173,8177,
47.558,8177,8173,8172,
47.564,8177,8173,8174,
47.575,8179,8173,8177,
47.585,8179,8173,8174,
47.594,8179,8173,8174,
47.605,8179,8173,8174,
47.615,8182,8173,8174,
47.625,8188,8173,8174,
47.635,8219,8173,8180,
47.646,8230,8173,8177,
47.655,8238,8173,8177,
47.665,8249,8173,8174,
47.676,8211,8170,8177,
47.684,8208,8173,8177,
47.693,8217,8173,8177,
47.702,8219,8173,8177,
47.712,8222,8173,8177,
47.727,8227,8173,8177,
47.734,8238,8173,8177,
47.743,8227,8173,8180,
47.753,8219,8170,8180,
47.767,8217,8173,8177,
47.774,8217,8173,8177,
47.784,8214,8173,8177,
47.793,8211,8173,8177,
47.804,8206,8173,8177,
47.816,8203,8173,8177,
47.824,8198,8173,8177,
47.836,8188,8173,8174,
47.842,8182,8173,8174,
47.855,8179,8173,8174,
47.865,8177,8173,8174,
47.875,8174,8173,8174,
47.886,8177,8173,8174,
47.895,8177,8173,8174,
47.902,8174,8173,8174,
47.914,8174,8173,8174,
47.924,8177,8173,8174,
47.935,8177,8173,8174,
47.944,8177,8173,8177,
47.955,8174,8173,8172,
47.964,8174,8173,8174,
47.974,8174,8173,8174,
47.984,8177,8173,8174,
47.996,8174,8173,8177,
48.005,8174,8173,8174,
48.014,8177,8173,8174,
48.023,8177,8173,8174,
48.034,8177,8173,8174,
48.044,8174,8173,8174,
48.055,8177,8173,8174,
48.065,8174,8173,8174,
48.073,8174,8173,8174,
48.083,8174,8173,8174,
48.093,8174,8173,8174,
48.106,8174,8173,8177,
48.114,8177,8173,8177,
48.126,8177,8173,8174,
48.135,8174,8173,8177,
48.146,8177,8173,8174,
48.155,8174,8173,8172,
48.165,8174,8173,8177,
48.175,8174,8173,8174,
48.184,8177,8173,8174,
48.194,8177,8173,8177,
48.203,8177,8173,8174,
48.215,8177,8173,8177,
48.225,8177,8173,8174,
48.233,8177,8173,8174,
48.245,8174,8173,8177,
48.254,8174,8175,8174,
48.265,8174,8173,8174,
48.275,8177,8173,8174,
48.282,8177,8173,8174,
48.294,8177,8173,8174,
48.304,8177,8173,8177,
48.315,8177,8173,8174,
48.326,8177,8173,8174,
48.335,8171,8173,8177,
48.343,8174,8173,8174,
48.355,8174,8173,8174,
48.364,8174,8173,8177,
48.375,8177,8173,8174,
48.383,8174,8173,8177,
48.393,8177,8173,8177,
48.404,8174,8173,8174,
48.413,8174,8173,8174,
48.423,8174,8173,8174,
48.434,8177,8173,8174,
48.442,8174,8173,8174,
48.454,8174,8173,8177,
48.463,8174,8173,8174,
48.473,8177,8173,8174,
48.481,8177,8173,8174,
48.492,8174,8173,8174,
48.505,8174,8173,8174,
48.511,8177,8173,8177,
48.525,8174,8173,8174,
48.535,8174,8173,8174,
48.543,8174,8173,8174,
48.551,8174,8175,8169,
48.564,8174,8175,8174,
48.573,8177,8173,8174,
48.583,8177,8173,8174,
48.592,8177,8173,8174,
48.603,8177,8173,8174,
48.614,8174,8173,8174,
48.624,8177,8173,8174,
48.632,8174,8173,8174,
48.642,8174,8173,8177,
48.654,8174,8173,8174,
48.664,8174,8173,8174,
48.673,8174,8173,8177,
48.685,8174,8173,8177,
48.692,8177,8173,8174,
48.704,8177,8173,8174,
48.713,8177,8173,8174,
48.723,8174,8173,8174,
48.732,8174,8173,8172,
48.742,8174,8173,8177,
48.754,8177,8173,8174,
48.764,8177,8173,8174,
48.773,8177,8173,8174,
48.783,8177,8173,8174,
48.793,8174,8173,8174,
48.802,8174,8173,8174,
48.812,8174,8173,8174,
48.823,8177,8173,8177,
48.834,8174,8173,8174,
48.841,8174,8170,8174,
48.854,8174,8173,8174,
48.864,8174,8173,8174,
48.873,8174,8173,8174,
48.884,8177,8173,8174,
48.894,8174,8173,8174,
48.902,8177,8173,8174,
48.912,8177,8173,8174,
48.923,8177,8173,8174,
48.931,8174,8170,8177,
48.943,8174,8173,8174,
48.954,8174,8173,8172,
48.965,8174,8173,8174,
48.973,8174,8173,8174,
48.987,8177,8173,8174,
48.993,8177,8173,8174,
49.002,8188,8173,8177,
49.013,8206,8173,8177,
49.022,8219,8173,8177,
49.034,8222,8173,8177,
49.044,8233,8173,8177,
49.055,8235,8173,8177,
49.061,8235,8173,8180,
49.073,8241,8173,8180,
49.083,8246,8173,8180,
49.092,8257,8173,8180,
49.103,8265,8170,8182,
49.113,8273,8173,8182,
49.121,8285,8173,8182,
49.13,8323,8173,8180,
49.144,8307,8173,8182,
49.151,8293,8173,8187,
49.162,8301,8173,8187,
49.171,8304,8170,8187,
49.181,8310,8173,8187,
49.192,8318,8173,8187,
49.205,8326,8173,8190,
49.213,8334,8173,8187,
49.221,8339,8173,8195,
49.234,8347,8173,8195,
49.243,8350,8173,8192,
49.251,8353,8173,8195,
49.262,8356,8173,8192,
49.27,8358,8173,8195,
49.284,8361,8173,8195,
49.292,8369,8173,8195,
49.302,8377,8173,8198,
49.313,8379,8173,8198,
49.322,8396,8173,8195,
49.333,8431,8173,8192,
49.342,8420,8173,8195,
49.352,8414,8173,8203,
49.36,8417,8173,8198,
49.373,8420,8173,8198,
49.384,8423,8173,8200,
49.392,8425,8173,8200,
49.402,8428,8173,8200,
49.41,8431,8173,8203,
49.422,8436,8175,8203,
49.43,8444,8173,8205,
49.442,8447,8173,8208,
49.453,8447,8173,8205,
49.461,8452,8173,8205,
49.474,8447,8173,8208,
49.482,8447,8175,8208,
49.493,8450,8173,8205,
49.502,8444,8173,8205,
49.513,8444,8173,8205,
49.522,8471,8173,8200,
49.531,8500,8173,8192,
49.541,8452,8173,8203,
49.553,8436,8170,8200,
49.565,8436,8173,8200,
49.572,8436,8173,8203,
49.58,8444,8173,8200,
49.591,8442,8173,8203,
49.602,8447,8173,8200,
49.612,8447,8173,8203,
49.622,8447,8173,8205,
49.632,8444,8173,8203,
49.642,8450,8173,8203,
49.652,8444,8173,8203,
49.662,8439,8173,8203,
49.672,8433,8173,8203,
49.682,8428,8173,8203,
49.691,8417,8173,8203,
49.702,8423,8173,8200,
49.714,8420,8173,8200,
49.722,8442,8173,8195,
49.731,8503,8173,8187,
49.741,8484,8173,8192,
49.753,8428,8173,8203,
49.759,8417,8173,8200,
49.77,8414,8173,8198,
49.782,8412,8173,8200,
49.793,8414,8173,8198,
49.802,8414,8173,8198,
49.812,8414,8173,8200,
49.819,8414,8173,8200,
49.831,8417,8173,8200,
49.842,8417,8173,8203,
49.852,8420,8173,8203,
49.863,8417,8173,8200,
49.873,8417,8173,8203,
49.881,8414,8173,8203,
49.89,8417,8173,8203,
49.903,8417,8173,8203,
49.911,8412,8173,8203,
49.921,8420,8173,8200,
49.932,8463,8173,8198,
49.943,8431,8173,8200,
49.951,8414,8173,8200,
49.96,8417,8173,8200,
49.97,8417,8173,8198,
49.982,8423,8173,8200,
49.991,8423,8173,8200,
49.999,8425,8173,8200,
50.009,8425,8170,8200,
50.021,8428,8173,8198,
50.03,8423,8173,8200,
50.042,8423,8175,8203,
50.05,8431,8173,8203,
50.062,8425,8173,8208,
50.071,8431,8173,8203,
50.082,8431,8173,8203,
50.091,8436,8173,8203,
50.101,8436,8175,8205,
50.112,8436,8175,8203,
50.12,8458,8173,8203,
50.131,8503,8173,8198,
50.14,8468,8173,8203,
50.152,8450,8173,8200,
50.16,8444,8173,8200,
50.17,8444,8173,8203,
50.18,8439,8173,8203,
50.193,8442,8173,8203,
50.202,8442,8173,8203,
50.209,8439,8173,8203,
50.222,8439,8173,8200,
50.233,8442,8175,8203,
50.239,8439,8173,8203,
50.252,8436,8173,8203,
50.261,8442,8173,8203,
50.269,8439,8173,8205,
50.284,8442,8173,8200,
50.289,8444,8173,8205,
50.299,8447,8175,8205,
50.313,8458,8175,8200,
50.322,8490,8173,8198,
50.332,8538,8173,8192,
50.341,8511,8173,8200,
50.351,8461,8175,8200,
50.362,8450,8173,8203,
50.372,8444,8173,8203,
50.382,8439,8173,8203,
50.39,8442,8173,8203,
50.402,8442,8173,8205,
50.41,8436,8173,8203,
50.419,8436,8173,8203,
50.433,8436,8173,8200,
50.439,8436,8175,8200,
50.45,8433,8173,8203,
50.46,8433,8173,8200,
50.469,8436,8173,8203,
50.48,8436,8173,8203,
50.493,8439,8173,8205,
50.501,8436,8175,8200,
50.51,8442,8173,8200,
50.519,8463,8173,8198,
50.529,8506,8168,8192,
50.541,8461,8173,8203,
50.548,8444,8173,8205,
50.558,8439,8173,8200,
50.571,8436,8173,8200,
50.58,8433,8173,8203,
50.591,8431,8173,8203,
50.599,8433,8173,8200,
50.612,8433,8173,8203,
50.618,8431,8173,8203,
50.631,8428,8173,8203,
50.642,8428,8175,8203,
50.653,8428,8173,8200,
50.659,8428,8173,8200,
50.67,8423,8173,8200,
50.678,8420,8173,8200,
50.691,8423,8173,8200,
50.701,8425,8173,8200,
50.711,8423,8173,8200,
50.718,8433,8175,8198,
50.731,8473,8173,8195,
50.739,8461,8170,8200,
50.748,8436,8170,8203,
50.759,8431,8175,8200,
50.769,8425,8175,8200,
50.78,8425,8175,8200,
50.79,8423,8173,8198,
50.802,8420,8173,8200,
50.808,8425,8173,8198,
50.819,8425,8173,8198,
50.83,8425,8173,8200,
50.84,8423,8173,8200,
50.851,8425,8170,8200,
50.859,8425,8173,8203,
50.87,8420,8173,8203,
50.879,8423,8173,8198,
50.89,8423,8173,8198,
50.9,8423,8173,8200,
50.909,8417,8175,8200,
50.92,8433,8173,8198,
50.93,8471,8173,8190,
50.941,8433,8173,8200,
50.949,8423,8173,8198,
50.961,8414,8173,8200,
50.972,8409,8173,8200,
50.979,8412,8170,8198,
50.989,8414,8173,8200,
51,8417,8173,8200,
51.01,8412,8173,8198,
51.019,8417,8173,8200,
51.027,8414,8173,8198,
51.04,8414,8173,8200,
51.051,8412,8173,8198,
51.059,8409,8173,8198,
51.071,8417,8173,8200,
51.079,8412,8173,8200,
51.091,8417,8173,8203,
51.103,8417,8173,8200,
51.11,8420,8170,8200,
51.119,8436,8175,8200,
51.13,8484,8178,8192,
51.138,8461,8170,8198,
51.15,8433,8173,8205,
51.159,8417,8173,8203,
51.169,8417,8173,8198,
51.181,8412,8173,8200,
51.189,8414,8173,8200,
51.198,8412,8173,8200,
51.209,8417,8173,8200,
51.218,8412,8173,8200,
51.228,8412,8175,8198,
51.24,8412,8173,8200,
51.249,8414,8173,8200,
51.261,8412,8173,8198,
51.272,8412,8173,8200,
51.279,8414,8173,8198,
51.29,8412,8173,8198,
51.299,8409,8173,8198,
51.31,8412,8173,8198,
51.32,8436,8173,8195,
51.328,8484,8173,8190,
51.341,8442,8173,8203,
51.352,8417,8170,8200,
51.36,8414,8173,8200,
51.37,8412,8173,8200,
51.379,8409,8173,8198,
51.392,8409,8173,8200,
51.398,8404,8173,8200,
51.41,8406,8173,8200,
51.419,8406,8173,8200,
51.427,8401,8173,8198,
51.438,8404,8173,8198,
51.447,8406,8173,8198,
51.458,8404,8173,8200,
51.47,8404,8173,8198,
51.479,8404,8173,8200,
51.49,8401,8173,8200,
51.498,8404,8173,8198,
51.509,8401,8173,8200,
51.52,8423,8173,8198,
51.528,8455,8173,8195,
51.541,8423,8173,8200,
51.55,8409,8173,8198,
51.56,8406,8173,8198,
51.57,8406,8173,8198,
51.577,8401,8173,8198,
51.59,8406,8173,8200,
51.599,8404,8173,8198,
51.611,8401,8173,8198,
51.619,8404,8173,8200,
51.629,8404,8175,8198,
51.64,8409,8173,8198,
51.649,8412,8173,8200,
51.659,8412,8173,8198,
51.667,8409,8173,8200,
51.678,8412,8173,8198,
51.69,8406,8173,8200,
51.701,8409,8173,8198,
51.707,8409,8173,8198,
51.719,8420,8173,8195,
51.731,8461,8173,8192,
51.737,8428,8175,8203,
51.748,8414,8173,8200,
51.759,8404,8173,8200,
51.77,8406,8173,8198,
51.779,8406,8173,8200,
51.789,8404,8175,8198,
51.801,8401,8173,8198,
51.811,8401,8173,8198,
51.818,8404,8173,8198,
51.826,8401,8173,8198,
51.84,8398,8173,8198,
51.848,8398,8173,8198,
51.86,8398,8173,8198,
51.866,8401,8173,8198,
51.877,8404,8173,8198,
51.888,8404,8173,8200,
51.901,8401,8175,8200,
51.906,8401,8173,8198,
51.92,8414,8173,8195,
51.929,8450,8173,8190,
51.937,8433,8173,8198,
51.951,8420,8173,8200,
51.959,8409,8173,8200,
51.969,8409,8173,8198,
51.977,8409,8173,8198,
51.99,8409,8173,8198,
51.999,8404,8173,8198,
52.008,8406,8173,8198,
52.019,8404,8170,8195,
52.029,8401,8173,8198,
52.039,8398,8173,8198,
52.048,8398,8173,8198,
52.058,8396,8173,8198,
52.069,8393,8173,8198,
52.078,8393,8173,8198,
52.089,8396,8173,8195,
52.097,8393,8173,8198,
52.106,8393,8173,8198,
52.118,8406,8173,8195,
52.127,8447,8173,8187,
52.139,8409,8173,8195,
52.149,8396,8173,8198,
52.16,8387,8173,8195,
52.168,8390,8173,8198,
52.179,8387,8173,8198,
52.19,8387,8173,8195,
52.199,8385,8173,8198,
52.207,8385,8173,8195,
52.218,8382,8173,8195,
52.23,8385,8175,8195,
52.238,8385,8175,8195,
52.249,8390,8175,8195,
52.259,8390,8173,8195,
52.267,8393,8173,8198,
52.278,8396,8173,8198,
52.289,8393,8173,8195,
52.299,8396,8173,8198,
52.309,8393,8173,8198,
52.319,8401,8173,8195,
52.33,8436,8173,8192,
52.339,8423,8175,8198,
52.348,8404,8173,8200,
52.356,8390,8175,8198,
52.368,8390,8173,8198,
52.377,8393,8173,8198,
52.387,8393,8173,8198,
52.399,8393,8173,8198,
52.407,8396,8173,8195,
52.418,8396,8173,8198,
52.425,8393,8173,8198,
52.438,8393,8173,8195,
52.449,8396,8173,8195,
52.458,8390,8173,8195,
52.468,8393,8173,8195,
52.477,8387,8175,8198,
52.489,8387,8173,8198,
52.499,8390,8173,8200,
52.507,8390,8173,8200,
52.519,8404,8175,8195,
52.527,8433,8173,8195,
52.537,8409,8173,8200,
52.545,8401,8173,8198,
52.557,8401,8173,8200,
52.567,8401,8173,8203,
52.576,8401,8173,8200,
52.589,8409,8173,8200,
52.597,8406,8173,8203,
52.607,8409,8173,8200,
52.618,8414,8173,8200,
52.628,8417,8173,8200,
52.638,8423,8173,8198,
52.649,8423,8173,8198,
52.657,8425,8173,8200,
52.669,8420,8173,8203,
52.676,8420,8173,8203,
52.688,8414,8173,8200,
52.698,8414,8173,8198,
52.707,8414,8173,8198,
52.72,8414,8173,8198,
52.729,8444,8173,8190,
52.737,8406,8173,8198,
52.748,8390,8173,8203,
52.757,8390,8173,8195,
52.768,8382,8173,8195,
52.779,8385,8173,8195,
52.791,8385,8173,8198,
52.797,8382,8175,8195,
52.806,8382,8173,8198,
52.818,8382,8175,8195,
52.826,8382,8173,8192,
52.837,8382,8173,8195,
52.845,8372,8173,8195,
52.856,8366,8173,8195,
52.867,8366,8173,8195,
52.879,8369,8173,8195,
52.889,8372,8173,8195,
52.9,8372,8173,8192,
52.908,8372,8173,8192,
52.918,8390,8175,8192,
52.929,8420,8173,8187,
52.935,8398,8175,8198,
52.947,8385,8173,8195,
52.958,8385,8173,8195,
52.968,8385,8173,8195,
52.977,8385,8173,8198,
52.987,8379,8173,8195,
52.999,8382,8173,8195,
53.006,8379,8173,8195,
53.018,8372,8173,8195,
53.026,8372,8173,8195,
53.038,8369,8175,8195,
53.047,8369,8173,8195,
53.061,8372,8173,8192,
53.067,8372,8173,8195,
53.079,8372,8175,8195,
53.088,8369,8173,8195,
53.097,8369,8173,8195,
53.106,8369,8173,8195,
53.118,8382,8173,8195,
53.128,8409,8173,8190,
53.135,8401,8173,8195,
53.146,8382,8173,8198,
53.155,8366,8173,8195,
53.168,8364,8173,8195,
53.177,8364,8173,8195,
53.184,8364,8173,8192,
53.197,8361,8173,8195,
53.208,8364,8173,8192,
53.217,8366,8173,8195,
53.226,8366,8173,8195,
53.236,8366,8173,8195,
53.246,8366,8173,8195,
53.256,8366,8173,8195,
53.268,8364,8173,8192,
53.277,8364,8173,8192,
53.287,8361,8173,8192,
53.295,8364,8173,8192,
53.306,8366,8173,8195,
53.317,8372,8173,8190,
53.328,8401,8173,8187,
53.337,8377,8173,8195,
53.346,8366,8173,8195,
53.358,8364,8173,8192,
53.367,8366,8173,8195,
53.375,8366,8173,8195,
53.388,8366,8173,8195,
53.397,8364,8173,8195,
53.407,8372,8173,8192,
53.418,8369,8173,8192,
53.426,8369,8173,8192,
53.436,8369,8173,8195,
53.445,8369,8173,8195,
53.455,8369,8173,8195,
53.468,8372,8173,8195,
53.476,8372,8175,8192,
53.485,8372,8173,8195,
53.495,8372,8173,8192,
53.504,8372,8173,8192,
53.516,8385,8173,8192,
53.528,8414,8170,8187,
53.535,8390,8175,8195,
53.546,8369,8173,8195,
53.555,8377,8175,8195,
53.567,8377,8173,8195,
53.577,8372,8173,8195,
53.585,8377,8173,8195,
53.597,8377,8170,8195,
53.607,8379,8173,8195,
53.615,8377,8173,8195,
53.625,8379,8173,8195,
53.637,8377,8175,8195,
53.644,8372,8170,8195,
53.657,8372,8173,8192,
53.666,8369,8173,8195,
53.676,8369,8173,8195,
53.686,8366,8173,8192,
53.698,8364,8170,8195,
53.707,8366,8173,8195,
53.716,8377,8173,8192,
53.726,8406,8168,8190,
53.738,8377,8175,8198,
53.744,8364,8173,8200,
53.757,8361,8173,8198,
53.765,8358,8173,8195,
53.776,8356,8173,8198,
53.786,8358,8173,8198,
53.795,8356,8173,8195,
53.805,8356,8173,8195,
53.816,8353,8173,8198,
53.824,8356,8173,8195,
53.835,8356,8173,8192,
53.846,8356,8173,8192,
53.857,8356,8173,8192,
53.866,8356,8170,8195,
53.876,8353,8173,8192,
53.887,8353,8173,8195,
53.895,8356,8173,8192,
53.908,8356,8173,8192,
53.915,8366,8173,8190,
53.925,8396,8173,8187,
53.938,8364,8173,8195,
53.946,8356,8173,8187,
53.956,8353,8173,8192,
53.964,8350,8173,8192,
53.977,8350,8173,8192,
53.986,8353,8173,8190,
53.997,8353,8173,8192,
54.005,8353,8173,8192,
54.016,8353,8173,8192,
54.025,8353,8173,8192,
54.036,8350,8173,8190,
54.046,8350,8173,8190,
54.057,8350,8173,8190,
54.066,8345,8170,8192,
54.075,8345,8170,8192,
54.085,8345,8173,8190,
54.094,8345,8173,8190,
54.106,8345,8173,8190,
54.116,8356,8173,8190,
54.123,8385,8173,8182,
54.134,8353,8173,8195,
54.147,8342,8173,8190,
54.157,8342,8173,8190,
54.168,8342,8173,8192,
54.176,8345,8173,8192,
54.186,8339,8173,8192,
54.194,8345,8173,8192,
54.207,8345,8173,8192,
54.215,8345,8173,8190,
54.226,8342,8173,8190,
54.237,8342,8173,8192,
54.245,8339,8173,8192,
54.254,8342,8173,8190,
54.265,8339,8173,8192,
54.277,8337,8175,8190,
54.288,8334,8173,8190,
54.294,8334,8173,8190,
54.307,8334,8173,8190,
54.317,8347,8173,8187,
54.325,8372,8173,8185,
54.337,8342,8173,8190,
54.347,8329,8173,8192,
54.356,8318,8173,8190,
54.366,8318,8173,8187,
54.376,8312,8173,8187,
54.386,8312,8173,8187,
54.396,8310,8173,8187,
54.404,8310,8173,8187,
54.415,8307,8173,8187,
54.424,8310,8173,8187,
54.435,8312,8173,8187,
54.443,8312,8173,8190,
54.456,8315,8173,8187,
54.464,8312,8173,8187,
54.475,8310,8173,8187,
54.485,8310,8173,8187,
54.496,8307,8170,8185,
54.506,8307,8173,8187,
54.512,8310,8173,8187,
54.526,8337,8173,8185,
54.536,8326,8173,8187,
54.547,8307,8175,8190,
54.554,8299,8175,8187,
54.565,8296,8173,8187,
54.576,8299,8173,8187,
54.584,8296,8170,8187,
54.594,8299,8173,8190,
54.606,8299,8173,8187,
54.616,8299,8173,8190,
54.625,8299,8173,8187,
54.637,8299,8173,8190,
54.645,8299,8173,8187,
54.655,8299,8173,8187,
54.668,8301,8173,8185,
54.678,8301,8173,8187,
54.684,8301,8173,8187,
54.696,8301,8170,8185,
54.704,8301,8170,8187,
54.715,8307,8173,8185,
54.725,8329,8173,8182,
54.735,8320,8173,8185,
54.744,8301,8175,8192,
54.756,8288,8173,8185,
54.763,8285,8173,8185,
54.774,8285,8173,8185,
54.784,8285,8173,8185,
54.796,8283,8173,8185,
54.806,8283,8173,8185,
54.816,8283,8173,8185,
54.825,8283,8173,8185,
54.834,8283,8173,8185,
54.845,8283,8173,8185,
54.853,8283,8175,8187,
54.864,8283,8173,8187,
54.873,8283,8173,8187,
54.885,8283,8173,8187,
54.895,8283,8173,8187,
54.904,8283,8170,8187,
54.914,8293,8170,8187,
54.926,8318,8173,8182,
54.932,8304,8173,8187,
54.943,8288,8173,8182,
54.956,8288,8173,8187,
54.966,8291,8173,8185,
54.976,8291,8173,8185,
54.985,8293,8173,8187,
54.995,8291,8173,8185,
55.005,8293,8173,8187,
55.015,8293,8173,8187,
55.024,8288,8175,8185,
55.036,8288,8173,8185,
55.044,8285,8173,8185,
55.056,8283,8173,8185,
55.064,8283,8173,8185,
55.073,8283,8173,8185,
55.084,8279,8173,8185,
55.093,8276,8173,8182,
55.103,8273,8173,8185,
55.115,8276,8173,8182,
55.125,8288,8170,8180,
55.133,8283,8173,8182,
55.144,8271,8170,8185,
55.153,8265,8173,8182,
55.164,8263,8173,8182,
55.175,8260,8173,8180,
55.185,8260,8173,8182,
55.194,8257,8173,8182,
55.203,8257,8173,8182,
55.219,8257,8173,8182,
55.226,8257,8173,8180,
55.235,8257,8173,8182,
55.244,8254,8173,8182,
55.254,8252,8173,8182,
55.265,8252,8173,8180,
55.275,8252,8173,8180,
55.283,8254,8173,8182,
55.292,8252,8173,8180,
55.303,8252,8173,8182,
55.314,8257,8173,8180,
55.323,8273,8173,8177,
55.333,8263,8173,8182,
55.344,8252,8170,8180,
55.352,8254,8173,8180,
55.363,8257,8173,8180,
55.372,8260,8173,8182,
55.385,8260,8173,8182,
55.394,8263,8173,8182,
55.405,8263,8173,8182,
55.413,8265,8173,8182,
55.424,8268,8173,8182,
55.436,8268,8173,8182,
55.445,8273,8173,8185,
55.453,8279,8173,8185,
55.464,8283,8173,8185,
55.473,8283,8173,8187,
55.486,8283,8173,8187,
55.493,8283,8173,8187,
55.503,8283,8173,8187,
55.516,8285,8173,8187,
55.525,8307,8173,8185,
55.535,8285,8173,8190,
55.544,8279,8173,8185,
55.555,8273,8173,8187,
55.563,8271,8173,8185,
55.573,8268,8173,8182,
55.585,8265,8173,8182,
55.595,8265,8173,8182,
55.603,8263,8170,8182,
55.613,8263,8170,8180,
55.624,8260,8173,8182,
55.634,8257,8173,8180,
55.645,8254,8173,8180,
55.656,8252,8173,8180,
55.665,8249,8173,8180,
55.672,8246,8173,8180,
55.684,8244,8173,8180,
55.694,8244,8173,8180,
55.704,8241,8173,8180,
55.714,8244,8173,8180,
55.724,8254,8173,8177,
55.735,8246,8173,8180,
55.745,8241,8173,8182,
55.755,8244,8173,8182,
55.764,8246,8173,8180,
55.774,8246,8173,8180,
55.784,8244,8173,8180,
55.794,8244,8173,8182,
55.805,8241,8173,8180,
55.815,8241,8173,8182,
55.825,8238,8173,8180,
55.835,8235,8173,8180,
55.843,8233,8173,8180,
55.854,8233,8173,8180,
55.865,8235,8173,8180,
55.873,8238,8173,8180,
55.884,8238,8173,8182,
55.894,8241,8173,8185,
55.905,8238,8173,8182,
55.914,8238,8175,8180,
55.923,8241,8173,8180,
55.934,8230,8173,8180,
55.945,8222,8173,8177,
55.954,8219,8173,8180,
55.962,8217,8173,8180,
55.974,8211,8173,8180,
55.985,8211,8173,8177,
55.994,8211,8173,8177,
56.002,8211,8173,8177,
56.011,8208,8173,8177,
56.024,8211,8175,8177,
56.032,8206,8173,8177,
56.042,8206,8173,8177,
56.053,8203,8173,8177,
56.061,8203,8173,8177,
56.073,8203,8173,8177,
56.085,8203,8173,8177,
56.091,8203,8173,8177,
56.102,8203,8173,8177,
56.113,8206,8173,8177,
56.124,8217,8173,8177,
56.131,8208,8173,8177,
56.141,8203,8173,8174,
56.154,8200,8173,8177,
56.162,8200,8173,8177,
56.173,8200,8173,8177,
56.182,8200,8173,8174,
56.193,8198,8173,8177,
56.204,8198,8173,8177,
56.211,8198,8173,8177,
56.222,8198,8173,8177,
56.232,8198,8173,8177,
56.244,8198,8173,8177,
56.254,8195,8173,8174,
56.26,8192,8173,8174,
56.276,8188,8173,8177,
56.283,8188,8173,8174,
56.293,8185,8173,8174,
56.303,8188,8173,8177,
56.314,8185,8173,8174,
56.322,8192,8173,8177,
56.332,8192,8173,8174,
56.343,8195,8170,8177,
56.353,8192,8173,8174,
56.362,8192,8173,8177,
56.372,8195,8173,8177,
56.381,8192,8173,8177,
56.39,8192,8173,8174,
56.405,8192,8170,8174,
56.413,8185,8173,8174,
56.424,8185,8173,8174,
56.433,8179,8173,8177,
56.444,8179,8173,8174,
56.454,8179,8173,8177,
56.463,8179,8173,8177,
56.47,8179,8173,8174,
56.482,8179,8173,8174,
56.494,8182,8173,8177,
56.502,8182,8173,8177,
56.513,8185,8173,8177,
56.523,8192,8173,8174,
56.532,8188,8173,8177,
56.545,8185,8170,8169,
56.554,8182,8173,8177,
56.561,8185,8173,8177,
56.573,8182,8173,8174,
56.584,8177,8173,8174,
56.594,8179,8173,8174,
56.603,8177,8173,8174,
56.613,8179,8173,8174,
56.625,8177,8173,8174,
56.632,8177,8173,8174,
56.643,8177,8173,8174,
56.651,8177,8173,8174,
56.662,8179,8173,8174,
56.673,8177,8173,8177,
56.682,8177,8173,8177,
56.692,8179,8173,8174,
56.702,8179,8173,8177,
56.712,8179,8173,8180,
56.721,8179,8173,8177,
56.73,8177,8173,8177,
56.746,8185,8173,8180,
56.753,8182,8173,8177,
56.761,8182,8173,8177,
56.771,8182,8173,8177,
56.783,8182,8173,8177,
56.795,8182,8173,8180,
56.802,8182,8170,8174,
56.811,8182,8173,8174,
56.825,8182,8173,8177,
56.831,8182,8173,8174,
56.843,8182,8173,8174,
56.852,8179,8173,8174,
56.863,8179,8173,8174,
56.875,8177,8173,8177,
56.882,8177,8173,8174,
56.892,8177,8173,8174,
56.902,8177,8173,8174,
56.914,8177,8173,8174,
56.92,8171,8173,8174,
56.931,8177,8173,8174,
56.941,8171,8175,8174,
56.953,8171,8173,8177,
56.962,8174,8173,8174,
56.974,8174,8173,8174,
56.981,8171,8173,8174,
56.991,8171,8173,8174,
56.999,8171,8173,8174,
57.013,8171,8173,8177,
57.021,8171,8173,8174,
57.03,8171,8173,8174,
57.042,8171,8173,8174,
57.05,8166,8173,8177,
57.062,8166,8173,8174,
57.071,8160,8173,8174,
57.083,8158,8173,8174,
57.091,8155,8175,8177,
57.102,8158,8175,8174,
57.111,8155,8175,8174,
57.121,8150,8173,8174,
57.131,8152,8175,8177,
57.142,8160,8173,8174,
57.151,8160,8173,8174,
57.162,8163,8173,8177,
57.171,8166,8173,8174,
57.182,8166,8173,8174,
57.193,8168,8173,8174,
57.2,8166,8173,8174,
57.211,8163,8175,8174,
57.223,8158,8173,8177,
57.231,8152,8175,8177,
57.241,8150,8173,8174,
57.251,8144,8175,8174,
57.263,8141,8175,8174,
57.272,8136,8175,8174,
57.282,8133,8173,8174,
57.291,8125,8175,8177,
57.302,8122,8178,8177,
57.311,8106,8175,8177,
57.319,8092,8175,8174,
57.331,8088,8178,8174,
57.339,8101,8181,8174,
57.35,8094,8178,8174,
57.363,8085,8178,8174,
57.372,8080,8181,8174,
57.38,8074,8181,8174,
57.393,8069,8175,8174,
57.4,8066,8178,8174,
57.409,8061,8178,8177,
57.421,8058,8181,8180,
57.43,8053,8181,8177,
57.442,8047,8186,8177,
57.452,8047,8186,8177,
57.462,8045,8183,8177,
57.472,8037,8181,8177,
57.482,8039,8183,8177,
57.49,8031,8183,8177,
57.501,8028,8183,8180,
57.509,8003,8183,8177,
57.523,7964,8181,8177,
57.53,7978,8186,8174,
57.543,8003,8191,8172,
57.552,8012,8186,8172,
57.561,8012,8191,8174,
57.57,8012,8186,8174,
57.579,8015,8191,8174,
57.593,8018,8188,8174,
57.6,8015,8191,8174,
57.609,8015,8183,8174,
57.62,8012,8183,8180,
57.632,8015,8183,8177,
57.64,8018,8186,8177,
57.652,8018,8188,8177,
57.66,8018,8188,8177,
57.67,8015,8191,8177,
57.682,8012,8186,8177,
57.692,8012,8183,8177,
57.7,8007,8186,8177,
57.709,7975,8178,8177,
57.721,7948,8186,8177,
57.731,7980,8193,8169,
57.742,7988,8191,8177,
57.752,8000,8191,8172,
57.761,8000,8188,8177,
57.769,7998,8186,8174,
57.78,8000,8191,8174,
57.792,8003,8191,8174,
57.801,8007,8188,8174,
57.809,8003,8188,8174,
57.822,8009,8183,8174,
57.83,8007,8188,8177,
57.839,8009,8188,8177,
57.851,8003,8183,8177,
57.86,8003,8188,8177,
57.87,8003,8186,8177,
57.878,8007,8183,8177,
57.892,8000,8191,8177,
57.901,8007,8188,8177,
57.911,7980,8183,8180,
57.919,7951,8181,8180,
57.932,7986,8196,8174,
57.94,7988,8191,8177,
57.953,8007,8188,8174,
57.962,8009,8188,8174,
57.97,8003,8191,8174,
57.982,8009,8186,8174,
57.991,8012,8186,8174,
58,8018,8183,8174,
58.009,8020,8191,8174,
58.021,8020,8188,8174,
58.031,8023,8186,8174,
58.04,8026,8183,8174,
58.048,8026,8186,8174,
58.061,8028,8183,8177,
58.07,8031,8188,8174,
58.081,8031,8191,8174,
58.089,8031,8183,8174,
58.099,8028,8186,8174,
58.112,7995,8181,8177,
58.122,7980,8183,8174,
58.128,7986,8183,8174,
58.142,8023,8188,8177,
58.151,8028,8186,8174,
58.163,8031,8183,8174,
58.17,8028,8191,8174,
58.178,8028,8186,8174,
58.189,8034,8183,8174,
58.201,8028,8188,8174,
58.209,8034,8183,8174,
58.22,8031,8186,8177,
58.228,8034,8186,8174,
58.241,8034,8183,8174,
58.251,8034,8183,8174,
58.262,8034,8186,8177,
58.268,8037,8183,8174,
58.279,8039,8186,8174,
58.288,8039,8186,8174,
58.299,8039,8181,8174,
58.311,8023,8186,8174,
58.319,7995,8181,8180,
58.328,8009,8188,8177,
58.34,8028,8186,8180,
58.349,8042,8183,8177,
58.358,8039,8181,8177,
58.372,8037,8183,8177,
58.381,8037,8183,8180,
58.389,8039,8191,8177,
58.399,8039,8183,8177,
58.409,8037,8186,8180,
58.419,8037,8183,8177,
58.43,8039,8186,8177,
58.439,8039,8181,8177,
58.451,8039,8183,8174,
58.46,8045,8183,8177,
58.47,8042,8183,8174,
58.479,8042,8178,8174,
58.49,8045,8183,8174,
58.5,8047,8183,8174,
58.509,8031,8181,8177,
-1.497,0,0,0,
-1.497,0,0,0,
-1.497,0,0,0,
-1.497,0,0,0,
-1.497,0,0,0,
-1.497,0,0,0,
-1.497,0,0,0,
-1.497,0,0,0,
-1.497,0,0,0,
-1.497,0,0,0,
-1.497,0,0,0,
-1.497,0,0,0,
-1.497,0,0,0,
-1.497,0,0,0,
-1.497,0,0,0,
-1.497,0,0,0,
-1.497,0,0,0,
-1.497,0,0,0,
-1.497,0,0,0,
-1.497,0,0,0,
-1.497,0,0,0,
-1.497,0,0,0,
-1.497,0,0,0,
-1.497,0,0,0,
-1.497,0,0,0,
-1.497,0,0,0,
-1.497,0,0,0,
-1.497,0,0,0,
-1.497,0,0,0,
-1.497,0,0,0,
-1.497,0,0,0,
-1.497,0,0,0,
-1.497,0,0,0,
-1.497,0,0,0,
-1.497,0,0,0,
-1.497,0,0,0,
-1.497,0,0,0,
-1.497,0,0,0,
-1.497,0,0,0,
-1.497,0,0,0,
-1.497,0,0,0,
-1.497,0,0,0,
-1.497,0,0,0,
-1.497,0,0,0,
-1.497,0,0,0,
-1.497,0,0,0,
-1.497,0,0,0,
-1.497,0,0,0,
-1.497,0,0,0,
-1.497,0,0,0,
-1.497,0,0,0,
-1.497,0,0,0,
-1.497,0,0,0,
-1.497,0,0,0,
-1.497,0,0,0,
-1.497,0,0,0,
-1.497,0,0,0,
-1.497,0,0,0,
-1.497,0,0,0,
-1.497,0,0,0,
-1.497,0,0,0,
-1.497,0,0,0,
-1.497,0,0,0,
-1.497,0,0,0,
-1.497,0,0,0,
-1.497,0,0,0,
-1.497,0,0,0,
-1.497,0,0,0,
-1.497,0,0,0,
-1.497,0,0,0,
-1.497,0,0,0,
-1.497,0,0,0,
-1.497,0,0,0,
-1.497,0,0,0,
-1.497,0,0,0,
-1.497,0,0,0,
-1.497,0,0,0,
-1.497,0,0,0,
-1.497,0,0,0,
-1.497,0,0,0,
-1.497,0,0,0,
-1.497,0,0,0,
-1.497,0,0,0,
-1.497,0,0,0,
-1.497,0,0,0,
-1.497,0,0,0,
-1.497,0,0,0,
-1.497,0,0,0,
-1.497,0,0,0,
-1.497,0,0,0,
-1.497,0,0,0,
-1.497,0,0,0,
-1.497,0,0,0,
-1.497,0,0,0,
-1.497,0,0,0,
-1.497,0,0,0,
-1.497,0,0,0,
-1.497,0,0,0,
-1.497,0,0,0,
-1.497,0,0,0,
-1.497,0,0,0,
-1.497,0,0,0,
-1.497,0,0,0,
-1.497,0,0,0,
-1.497,0,0,0,
-1.497,0,0,0,
-1.497,0,0,0,
-1.497,0,0,0,
-1.497,0,0,0,
-1.497,0,0,0,
-1.497,0,0,0,
-1.497,0,0,0,
-1.497,0,0,0,
-1.497,0,0,0,
-1.497,0,0,0,
-1.497,0,0,0,
-1.497,0,0,0,
-1.497,0,0,0,
-1.497,0,0,0,
-1.497,0,0,0,
-1.497,0,0,0,
-1.497,0,0,0,
-1.497,0,0,0,
-1.497,0,0,0,
-1.497,0,0,0,
-1.497,0,0,0,
-1.497,0,0,0,
-1.497,0,0,0,
-1.497,0,0,0,
-1.497,0,0,0,
-1.497,0,0,0,
-1.497,0,0,0,
-1.497,0,0,0,
-1.497,0,0,0,
-1.497,0,0,0,
-1.497,0,0,0,
-1.497,0,0,0,
-1.497,0,0,0,
