Time [s],Gauge Pressure,Inspiratory Differential Pressure ,Expiratory Differential Pressure ,StartTime
0,8293,8183,8192,09:56:16
0.0199999999999996,8310,8181,8192,
0.0289999999999999,8320,8183,8192,
0.0309999999999988,8329,8183,8195,
0.0420000000000016,8329,8183,8195,
0.0440000000000005,8326,8181,8195,
0.0530000000000008,8326,8183,8195,
0.0609999999999999,8323,8181,8195,
0.0700000000000003,8320,8181,8192,
0.0809999999999995,8318,8178,8195,
0.0910000000000011,8312,8181,8192,
0.100000000000001,8310,8181,8192,
0.113,8304,8181,8192,
0.120999999999999,8296,8181,8192,
0.131,8291,8181,8192,
0.143000000000001,8285,8181,8190,
0.151,8283,8181,8190,
0.161000000000001,8283,8178,8190,
0.172999999999998,8283,8178,8187,
0.184000000000001,8268,8170,8182,
0.192,8268,8170,8180,
0.201999999999998,8273,8170,8180,
0.212,8299,8168,8174,
0.219999999999999,8279,8168,8180,
0.233000000000001,8254,8168,8177,
0.239999999999998,8254,8170,8182,
0.248999999999999,8254,8168,8182,
0.262999999999998,8252,8168,8182,
0.27,8257,8173,8182,
0.279,8254,8173,8182,
0.292999999999999,8252,8173,8182,
0.303000000000001,8249,8175,8182,
0.311,8249,8173,8182,
0.321999999999999,8249,8173,8182,
0.331,8246,8175,8182,
0.341000000000001,8246,8173,8182,
0.353000000000002,8244,8173,8182,
0.361000000000001,8244,8173,8182,
0.369,8244,8173,8180,
0.382000000000001,8238,8173,8180,
0.393000000000001,8238,8173,8180,
0.402000000000001,8244,8175,8180,
0.411999999999999,8260,8173,8180,
0.422000000000001,8246,8173,8182,
0.433,8230,8175,8180,
0.443000000000001,8233,8173,8180,
0.451000000000001,8233,8173,8180,
0.463000000000001,8233,8173,8180,
0.474,8233,8173,8180,
0.483999999999998,8230,8173,8180,
0.491,8230,8173,8180,
0.501999999999999,8227,8175,8180,
0.513999999999999,8227,8175,8180,
0.521999999999998,8227,8173,8180,
0.533000000000001,8225,8173,8180,
0.541999999999998,8225,8173,8180,
0.553999999999998,8222,8173,8180,
0.559999999999999,8222,8175,8177,
0.571999999999999,8222,8173,8177,
0.582999999999998,8222,8173,8177,
0.588999999999999,8222,8173,8177,
0.600999999999999,8225,8175,8177,
0.611999999999998,8244,8178,8172,
0.622,8230,8173,8177,
0.634999999999998,8217,8175,8174,
0.640999999999998,8217,8175,8174,
0.652000000000001,8217,8173,8174,
0.661000000000001,8217,8173,8180,
0.669,8217,8173,8177,
0.681000000000001,8214,8173,8180,
0.692,8217,8173,8180,
0.701000000000001,8214,8173,8180,
0.713000000000001,8214,8175,8180,
0.722000000000001,8217,8175,8180,
0.731999999999999,8214,8173,8177,
0.741,8214,8173,8180,
0.751999999999999,8214,8173,8177,
0.762,8208,8173,8177,
0.771000000000001,8208,8173,8180,
0.783000000000001,8208,8173,8180,
0.792000000000002,8208,8173,8177,
0.803000000000001,8208,8175,8177,
0.809000000000001,8217,8173,8177,
0.823,8217,8170,8180,
0.832000000000001,8200,8173,8174,
0.838999999999999,8206,8173,8180,
0.850000000000001,8203,8173,8177,
0.858999999999998,8203,8173,8177,
0.869,8203,8173,8177,
0.879999999999999,8200,8173,8177,
0.893000000000001,8200,8173,8177,
0.901,8200,8175,8177,
0.911000000000001,8200,8175,8177,
0.919999999999998,8200,8173,8177,
0.931000000000001,8198,8173,8177,
0.940000000000001,8198,8173,8177,
0.951999999999998,8198,8173,8177,
0.962,8195,8173,8177,
0.971,8195,8173,8177,
0.978999999999999,8195,8173,8177,
0.991,8195,8173,8177,
1.002,8198,8175,8177,
1.01,8203,8173,8177,
1.021,8200,8173,8180,
1.031,8192,8178,8177,
1.043,8192,8175,8180,
1.051,8195,8173,8177,
1.062,8192,8173,8177,
1.07,8192,8173,8177,
1.082,8185,8173,8177,
1.09,8185,8173,8177,
1.101,8185,8173,8177,
1.111,8185,8173,8177,
1.122,8185,8173,8177,
1.134,8185,8173,8177,
1.141,8188,8173,8177,
1.151,8188,8173,8177,
1.162,8188,8173,8177,
1.172,8192,8173,8177,
1.18,8192,8173,8177,
1.192,8192,8173,8177,
1.201,8192,8175,8177,
1.212,8192,8173,8177,
1.222,8192,8175,8177,
1.231,8182,8173,8177,
1.242,8182,8175,8177,
1.251,8185,8173,8177,
1.26,8185,8175,8177,
1.27,8185,8173,8174,
1.282,8185,8173,8174,
1.291,8185,8173,8174,
1.301,8185,8173,8174,
1.31,8185,8175,8174,
1.318,8188,8170,8172,
1.331,8188,8173,8174,
1.34,8188,8170,8174,
1.348,8188,8170,8174,
1.361,8188,8170,8174,
1.371,8185,8170,8174,
1.38,8185,8170,8174,
1.389,8185,8170,8174,
1.4,8185,8170,8174,
1.41,8192,8170,8174,
1.421,8182,8173,8177,
1.431,8174,8173,8172,
1.439,8177,8175,8172,
1.449,8177,8173,8174,
1.461,8179,8173,8174,
1.471,8177,8175,8174,
1.482,8177,8175,8174,
1.49,8177,8173,8174,
1.5,8177,8173,8174,
1.509,8177,8173,8174,
1.52,8177,8173,8174,
1.529,8179,8173,8174,
1.541,8179,8173,8174,
1.548,8179,8173,8174,
1.56,8177,8173,8174,
1.569,8179,8173,8174,
1.578,8177,8173,8177,
1.589,8177,8173,8177,
1.599,8179,8173,8177,
1.611,8179,8173,8177,
1.619,8177,8173,8177,
1.629,8171,8173,8180,
1.64,8174,8173,8174,
1.651,8174,8173,8177,
1.659,8174,8173,8174,
1.67,8174,8173,8174,
1.68,8174,8173,8174,
1.689,8174,8175,8174,
1.7,8171,8173,8174,
1.71,8171,8173,8174,
1.719,8168,8173,8172,
1.729,8168,8173,8174,
1.741,8158,8175,8177,
1.752,8163,8175,8174,
1.759,8160,8173,8174,
1.77,8158,8173,8174,
1.78,8155,8175,8174,
1.792,8150,8175,8177,
1.8,8147,8175,8177,
1.811,8136,8175,8174,
1.819,8139,8175,8177,
1.829,8128,8178,8177,
1.842,8128,8175,8174,
1.849,8120,8175,8177,
1.86,8112,8175,8177,
1.869,8103,8178,8177,
1.879,8094,8178,8177,
1.889,8083,8181,8174,
1.899,8072,8178,8174,
1.909,8069,8181,8174,
1.921,8058,8183,8174,
1.929,8050,8181,8174,
1.942,8042,8186,8174,
1.948,8031,8183,8174,
1.961,8026,8186,8174,
1.971,8012,8191,8174,
1.983,8009,8186,8174,
1.989,8003,8193,8177,
2.001,7972,8183,8177,
2.01,7923,8186,8177,
2.019,7959,8199,8180,
2.028,7956,8191,8172,
2.04,7948,8188,8174,
2.049,7951,8199,8177,
2.061,7942,8196,8177,
2.068,7934,8193,8177,
2.08,7940,8196,8177,
2.088,7932,8193,8180,
2.1,7926,8191,8177,
2.11,7926,8196,8177,
2.117,7937,8199,8177,
2.129,7921,8199,8177,
2.141,7923,8204,8174,
2.15,7926,8204,8174,
2.16,7926,8199,8177,
2.169,7912,8201,8174,
2.181,7906,8196,8174,
2.191,7904,8199,8177,
2.199,7875,8196,8174,
2.211,7818,8186,8174,
2.219,7878,8204,8180,
2.229,7895,8212,8180,
2.24,7898,8206,8177,
2.25,7893,8204,8174,
2.259,7909,8196,8177,
2.268,7906,8201,8174,
2.28,7904,8196,8177,
2.289,7912,8204,8177,
2.303,7906,8196,8174,
2.307,7909,8206,8174,
2.321,7912,8199,8174,
2.327,7915,8193,8174,
2.338,7912,8206,8174,
2.349,7909,8196,8172,
2.358,7906,8199,8174,
2.367,7921,8196,8174,
2.379,7915,8199,8172,
2.389,7923,8193,8172,
2.398,7898,8199,8174,
2.409,7840,8191,8172,
2.417,7901,8199,8177,
2.429,7906,8199,8177,
2.438,7921,8199,8172,
2.45,7923,8196,8174,
2.456,7926,8201,8174,
2.47,7929,8191,8177,
2.48,7929,8199,8177,
2.491,7926,8196,8177,
2.5,7923,8206,8177,
2.509,7921,8199,8174,
2.519,7940,8201,8174,
2.53,7921,8206,8174,
2.539,7926,8196,8174,
2.549,7932,8196,8177,
2.56,7929,8201,8174,
2.569,7934,8199,8177,
2.577,7934,8193,8174,
2.588,7932,8196,8177,
2.598,7915,8191,8174,
2.609,7870,8193,8174,
2.619,7895,8193,8172,
2.629,7937,8201,8180,
2.639,7945,8196,8174,
2.649,7942,8196,8180,
2.658,7948,8196,8177,
2.67,7951,8193,8177,
2.677,7953,8199,8174,
2.69,7961,8201,8174,
2.698,7959,8201,8177,
2.71,7961,8193,8177,
2.717,7961,8196,8177,
2.728,7956,8193,8177,
2.739,7964,8201,8174,
2.748,7959,8204,8174,
2.758,7961,8188,8177,
2.769,7967,8191,8177,
2.78,7967,8196,8177,
2.789,7964,8191,8177,
2.8,7934,8183,8174,
2.809,7901,8188,8180,
2.817,7929,8191,8169,
2.829,7967,8193,8177,
2.838,7964,8196,8174,
2.848,7967,8188,8177,
2.859,7972,8188,8177,
2.869,7980,8193,8177,
2.88,7983,8188,8177,
2.888,7983,8186,8177,
2.898,7991,8188,8177,
2.91,7998,8191,8177,
2.918,7998,8186,8177,
2.927,7998,8188,8177,
2.939,7998,8191,8177,
2.949,8003,8191,8177,
2.958,8000,8183,8177,
2.967,8003,8188,8177,
2.978,8012,8193,8177,
2.988,8007,8188,8177,
3,7995,8186,8177,
3.007,7961,8183,8177,
3.018,7995,8188,8177,
3.028,8018,8191,8169,
3.038,8015,8188,8174,
3.049,8023,8188,8174,
3.057,8026,8183,8174,
3.07,8028,8186,8174,
3.079,8031,8186,8177,
3.088,8037,8188,8174,
3.099,8039,8181,8174,
3.109,8039,8183,8174,
3.117,8039,8186,8172,
3.126,8045,8186,8174,
3.138,8045,8183,8174,
3.147,8050,8186,8174,
3.16,8053,8183,8174,
3.167,8053,8183,8172,
3.178,8050,8186,8174,
3.188,8061,8186,8174,
3.198,8045,8175,8174,
3.208,8018,8178,8169,
3.219,8045,8186,8177,
3.227,8064,8183,8177,
3.236,8066,8183,8172,
3.248,8066,8181,8177,
3.259,8069,8183,8177,
3.268,8072,8181,8177,
3.277,8074,8178,8177,
3.287,8080,8178,8174,
3.299,8083,8178,8177,
3.307,8083,8181,8177,
3.318,8085,8178,8177,
3.326,8094,8175,8177,
3.339,8092,8178,8177,
3.346,8092,8178,8177,
3.356,8097,8178,8177,
3.368,8101,8178,8177,
3.377,8103,8178,8177,
3.389,8106,8178,8177,
3.399,8109,8175,8177,
3.408,8094,8175,8177,
3.42,8120,8175,8174,
3.428,8125,8178,8172,
3.438,8128,8178,8169,
3.448,8131,8175,8174,
3.457,8133,8178,8172,
3.468,8136,8175,8174,
3.476,8141,8175,8174,
3.487,8141,8175,8174,
3.497,8141,8175,8174,
3.507,8147,8173,8174,
3.517,8147,8175,8174,
3.528,8150,8175,8177,
3.537,8152,8175,8177,
3.545,8152,8173,8177,
3.558,8155,8173,8177,
3.566,8158,8173,8177,
3.577,8160,8173,8177,
3.587,8163,8173,8177,
3.599,8166,8175,8177,
3.608,8163,8173,8177,
3.616,8168,8173,8177,
3.627,8171,8173,8177,
3.637,8174,8173,8169,
3.648,8174,8173,8174,
3.656,8174,8173,8174,
3.665,8177,8173,8174,
3.678,8177,8173,8174,
3.686,8179,8173,8174,
3.696,8179,8173,8174,
3.706,8179,8173,8174,
3.719,8179,8173,8174,
3.729,8188,8173,8177,
3.74,8185,8173,8177,
3.747,8188,8173,8177,
3.757,8195,8173,8177,
3.768,8198,8173,8177,
3.776,8200,8173,8180,
3.787,8198,8173,8180,
3.798,8200,8173,8177,
3.807,8214,8173,8177,
3.818,8208,8175,8182,
3.826,8200,8175,8177,
3.837,8206,8173,8174,
3.848,8208,8173,8177,
3.857,8211,8173,8177,
3.866,8214,8173,8177,
3.877,8217,8173,8177,
3.888,8219,8173,8174,
3.898,8222,8173,8177,
3.906,8225,8173,8177,
3.918,8227,8173,8177,
3.928,8227,8173,8177,
3.937,8230,8173,8180,
3.948,8235,8173,8180,
3.957,8238,8173,8182,
3.968,8241,8173,8182,
3.975,8244,8173,8182,
3.988,8249,8173,8182,
3.996,8257,8173,8182,
4.008,8283,8173,8177,
4.017,8283,8173,8182,
4.026,8257,8170,8187,
4.037,8268,8173,8187,
4.047,8273,8173,8185,
4.059,8279,8173,8185,
4.069,8283,8173,8187,
4.076,8288,8173,8187,
4.086,8301,8173,8187,
4.096,8312,8173,8187,
4.107,8326,8173,8190,
4.116,8337,8173,8190,
4.126,8350,8173,8192,
4.138,8361,8173,8192,
4.149,8369,8173,8190,
4.156,8379,8173,8192,
4.165,8387,8173,8195,
4.176,8396,8173,8195,
4.185,8406,8173,8195,
4.196,8436,8173,8192,
4.206,8500,8173,8182,
4.215,8484,8173,8192,
4.228,8436,8173,8203,
4.238,8433,8173,8200,
4.246,8436,8173,8203,
4.254,8436,8175,8205,
4.267,8439,8173,8203,
4.276,8444,8173,8205,
4.286,8442,8173,8205,
4.297,8442,8173,8205,
4.306,8442,8173,8203,
4.318,8436,8170,8205,
4.326,8431,8173,8203,
4.334,8431,8175,8203,
4.345,8436,8173,8203,
4.356,8433,8173,8203,
4.365,8433,8173,8203,
4.376,8433,8175,8205,
4.385,8431,8173,8203,
4.396,8450,8175,8198,
4.407,8514,8173,8185,
4.418,8468,8170,8198,
4.428,8425,8170,8203,
4.434,8420,8173,8203,
4.445,8417,8173,8198,
4.455,8417,8175,8198,
4.467,8414,8173,8195,
4.477,8414,8173,8198,
4.486,8412,8173,8200,
4.498,8412,8173,8198,
4.504,8414,8173,8198,
4.516,8412,8173,8198,
4.527,8409,8173,8200,
4.534,8409,8173,8198,
4.545,8409,8173,8200,
4.554,8406,8173,8200,
4.567,8406,8173,8200,
4.577,8398,8175,8200,
4.584,8401,8173,8203,
4.597,8414,8173,8195,
4.605,8471,8173,8190,
4.618,8417,8173,8198,
4.625,8390,8170,8195,
4.635,8387,8173,8195,
4.648,8387,8173,8195,
4.658,8390,8175,8195,
4.667,8385,8175,8192,
4.676,8382,8173,8192,
4.684,8379,8173,8195,
4.698,8377,8173,8195,
4.704,8377,8173,8192,
4.713,8372,8173,8192,
4.727,8366,8173,8192,
4.736,8364,8173,8192,
4.747,8358,8173,8192,
4.756,8358,8173,8195,
4.767,8353,8175,8195,
4.777,8347,8173,8192,
4.785,8342,8175,8192,
4.795,8353,8175,8190,
4.805,8396,8173,8185,
4.816,8353,8173,8192,
4.825,8329,8173,8192,
4.836,8329,8173,8190,
4.844,8326,8173,8190,
4.857,8323,8173,8187,
4.867,8323,8173,8187,
4.877,8320,8173,8187,
4.886,8318,8175,8187,
4.894,8315,8173,8187,
4.906,8312,8175,8185,
4.916,8310,8173,8187,
4.925,8307,8175,8187,
4.935,8304,8173,8187,
4.945,8304,8173,8185,
4.958,8299,8173,8185,
4.965,8299,8173,8187,
4.974,8293,8173,8187,
4.985,8293,8175,8185,
4.997,8307,8173,8185,
5.006,8356,8170,8177,
5.016,8326,8173,8187,
5.024,8283,8173,8185,
5.036,8283,8170,8185,
5.044,8283,8173,8187,
5.054,8283,8173,8185,
5.066,8279,8173,8182,
5.076,8279,8173,8185,
5.086,8279,8173,8185,
5.094,8276,8173,8182,
5.107,8273,8173,8182,
5.114,8273,8173,8182,
5.126,8268,8173,8182,
5.135,8268,8173,8182,
5.145,8265,8173,8180,
5.154,8265,8173,8182,
5.165,8263,8173,8182,
5.177,8263,8173,8180,
5.183,8260,8173,8180,
5.195,8265,8173,8180,
5.207,8285,8173,8177,
5.213,8279,8173,8180,
5.224,8257,8173,8180,
5.235,8254,8178,8185,
5.244,8252,8173,8180,
5.253,8249,8173,8180,
5.263,8249,8173,8182,
5.272,8246,8173,8182,
5.283,8241,8173,8182,
5.295,8241,8173,8182,
5.306,8238,8173,8180,
5.315,8238,8173,8182,
5.325,8238,8173,8180,
5.334,8233,8173,8180,
5.345,8233,8173,8180,
5.356,8233,8173,8180,
5.366,8230,8173,8180,
5.374,8227,8175,8180,
5.385,8230,8173,8180,
5.395,8233,8175,8180,
5.405,8252,8175,8177,
5.414,8241,8175,8182,
5.424,8225,8175,8182,
5.436,8222,8173,8182,
5.445,8222,8173,8180,
5.455,8222,8175,8180,
5.467,8219,8173,8180,
5.473,8219,8175,8177,
5.485,8217,8175,8177,
5.494,8217,8173,8177,
5.504,8217,8175,8177,
5.514,8211,8173,8177,
5.524,8208,8175,8177,
5.535,8208,8175,8177,
5.543,8206,8175,8177,
5.556,8206,8173,8174,
5.562,8206,8175,8174,
5.574,8206,8173,8174,
5.586,8208,8173,8177,
5.595,8214,8173,8177,
5.604,8227,8175,8174,
5.614,8222,8173,8177,
5.625,8211,8175,8174,
5.634,8208,8173,8177,
5.646,8208,8173,8177,
5.653,8206,8175,8177,
5.666,8206,8173,8177,
5.675,8206,8173,8177,
5.685,8206,8173,8177,
5.695,8206,8173,8177,
5.705,8203,8175,8177,
5.716,8203,8175,8174,
5.725,8203,8173,8174,
5.736,8200,8173,8174,
5.743,8203,8173,8177,
5.755,8200,8173,8174,
5.763,8200,8173,8174,
5.776,8200,8173,8174,
5.782,8200,8173,8174,
5.795,8200,8173,8174,
5.805,8206,8173,8174,
5.816,8200,8173,8177,
5.822,8198,8175,8177,
5.834,8195,8175,8177,
5.845,8195,8173,8177,
5.856,8195,8173,8174,
5.862,8192,8173,8174,
5.873,8192,8173,8174,
5.882,8192,8173,8174,
5.893,8192,8173,8174,
5.905,8192,8173,8174,
5.913,8192,8173,8174,
5.924,8192,8173,8174,
5.933,8188,8173,8174,
5.944,8192,8173,8174,
5.954,8188,8173,8174,
5.964,8192,8173,8174,
5.972,8188,8173,8174,
5.983,8188,8173,8177,
5.992,8188,8173,8174,
6.005,8195,8175,8174,
6.014,8185,8173,8174,
6.023,8182,8175,8174,
6.033,8182,8173,8172,
6.042,8185,8173,8174,
6.054,8185,8173,8174,
6.062,8185,8173,8174,
6.074,8185,8173,8174,
6.084,8185,8173,8174,
6.092,8185,8173,8174,
6.103,8185,8173,8174,
6.114,8185,8173,8174,
6.123,8188,8173,8174,
6.132,8192,8173,8174,
6.144,8188,8173,8174,
6.153,8188,8173,8174,
6.165,8188,8173,8174,
6.174,8188,8173,8174,
6.184,8188,8173,8174,
6.193,8188,8173,8174,
6.204,8192,8178,8174,
6.214,8188,8173,8174,
6.223,8182,8175,8177,
6.235,8182,8175,8174,
6.245,8185,8175,8174,
6.251,8185,8175,8174,
6.266,8185,8175,8174,
6.273,8185,8175,8174,
6.283,8185,8175,8174,
6.293,8185,8175,8177,
6.302,8185,8175,8177,
6.314,8182,8175,8174,
6.325,8185,8175,8177,
6.332,8185,8175,8177,
6.341,8185,8175,8174,
6.353,8185,8173,8177,
6.363,8185,8173,8177,
6.372,8182,8173,8177,
6.383,8185,8173,8177,
6.394,8185,8173,8174,
6.404,8188,8173,8174,
6.415,8185,8173,8174,
6.422,8177,8173,8174,
6.433,8182,8178,8180,
6.444,8185,8173,8174,
6.453,8185,8173,8174,
6.463,8185,8173,8174,
6.475,8185,8173,8174,
6.484,8182,8173,8174,
6.494,8185,8173,8174,
6.503,8185,8173,8174,
6.514,8182,8173,8174,
6.522,8182,8173,8174,
6.533,8182,8173,8174,
6.542,8182,8173,8174,
6.555,8182,8173,8174,
6.563,8182,8173,8172,
6.573,8182,8173,8174,
6.583,8182,8173,8174,
6.594,8179,8173,8174,
6.603,8182,8175,8177,
6.613,8179,8175,8177,
6.623,8177,8175,8177,
6.633,8177,8175,8177,
6.643,8177,8173,8177,
6.652,8177,8173,8177,
6.663,8177,8173,8177,
6.672,8177,8173,8177,
6.684,8177,8173,8177,
6.693,8174,8173,8177,
6.702,8174,8173,8174,
6.713,8174,8173,8174,
6.723,8174,8173,8174,
6.733,8171,8173,8174,
6.742,8168,8173,8174,
6.753,8163,8173,8174,
6.765,8163,8173,8174,
6.773,8160,8173,8174,
6.784,8160,8175,8172,
6.795,8155,8175,8174,
6.803,8147,8175,8174,
6.813,8150,8175,8174,
6.823,8141,8175,8177,
6.833,8139,8175,8174,
6.843,8136,8175,8174,
6.853,8128,8175,8174,
6.862,8122,8175,8174,
6.873,8114,8178,8174,
6.884,8106,8178,8174,
6.891,8097,8178,8174,
6.902,8088,8178,8172,
6.914,8080,8178,8174,
6.925,8072,8181,8172,
6.931,8069,8181,8174,
6.943,8064,8178,8174,
6.951,8058,8181,8172,
6.963,8053,8181,8174,
6.971,8047,8181,8174,
6.985,8042,8181,8174,
6.991,8023,8178,8174,
7.004,7998,8183,8177,
7.013,8026,8186,8174,
7.023,8028,8183,8174,
7.033,8023,8186,8177,
7.044,8018,8186,8177,
7.052,8015,8181,8177,
7.061,8015,8186,8177,
7.073,8009,8191,8177,
7.081,8000,8186,8177,
7.093,7991,8186,8177,
7.102,8000,8188,8177,
7.112,7991,8191,8177,
7.123,7986,8193,8177,
7.133,7980,8186,8177,
7.142,7972,8193,8177,
7.152,7967,8183,8177,
7.161,7967,8196,8177,
7.173,7970,8188,8177,
7.181,7959,8188,8177,
7.192,7937,8193,8177,
7.201,7893,8191,8177,
7.213,7918,8199,8177,
7.222,7948,8204,8177,
7.231,7951,8186,8177,
7.24,7956,8191,8177,
7.252,7951,8196,8174,
7.262,7953,8186,8172,
7.272,7945,8196,8177,
7.283,7948,8196,8174,
7.294,7951,8199,8174,
7.303,7948,8201,8174,
7.311,7948,8199,8174,
7.322,7951,8196,8174,
7.332,7948,8196,8174,
7.343,7942,8196,8172,
7.354,7951,8199,8174,
7.361,7948,8193,8174,
7.372,7948,8193,8172,
7.381,7937,8201,8174,
7.394,7893,8183,8174,
7.401,7870,8186,8177,
7.411,7895,8188,8174,
7.424,7945,8199,8177,
7.434,7937,8204,8172,
7.44,7937,8196,8174,
7.453,7959,8199,8174,
7.464,7942,8193,8174,
7.473,7951,8199,8174,
7.481,7951,8196,8174,
7.493,7945,8196,8172,
7.503,7953,8199,8174,
7.514,7937,8196,8174,
7.522,7951,8191,8172,
7.531,7951,8196,8174,
7.543,7956,8196,8174,
7.553,7961,8196,8174,
7.562,7959,8191,8177,
7.573,7967,8199,8174,
7.582,7956,8193,8172,
7.59,7932,8188,8174,
7.601,7889,8186,8172,
7.61,7921,8196,8169,
7.624,7959,8196,8177,
7.63,7961,8191,8169,
7.641,7961,8196,8174,
7.651,7967,8193,8174,
7.661,7964,8196,8174,
7.672,7975,8196,8172,
7.682,7970,8188,8172,
7.692,7975,8199,8174,
7.7,7970,8191,8172,
7.713,7978,8196,8174,
7.722,7975,8199,8174,
7.733,7978,8186,8177,
7.741,7972,8191,8174,
7.751,7983,8196,8177,
7.762,7978,8193,8177,
7.772,7980,8191,8177,
7.781,7983,8196,8177,
7.792,7972,8191,8174,
7.802,7929,8181,8180,
7.811,7980,8196,8174,
7.822,7995,8191,8172,
7.831,7991,8188,8172,
7.839,7998,8191,8174,
7.852,7998,8186,8172,
7.86,8003,8191,8174,
7.871,8003,8186,8174,
7.882,8007,8188,8174,
7.893,8009,8186,8174,
7.901,8009,8183,8172,
7.909,8009,8188,8174,
7.921,8012,8188,8174,
7.932,8009,8181,8174,
7.943,8015,8188,8174,
7.951,8023,8186,8174,
7.961,8026,8191,8174,
7.97,8028,8188,8177,
7.981,8028,8183,8174,
7.993,8020,8181,8174,
8.001,7986,8178,8172,
8.011,8015,8183,8174,
8.022,8037,8186,8169,
8.032,8042,8183,8172,
8.041,8042,8186,8177,
8.049,8047,8183,8177,
8.061,8047,8183,8177,
8.071,8053,8183,8177,
8.08,8058,8183,8177,
8.093,8058,8183,8177,
8.103,8061,8181,8174,
8.111,8064,8183,8177,
8.122,8066,8183,8177,
8.13,8072,8183,8177,
8.142,8072,8186,8174,
8.153,8074,8183,8174,
8.163,8074,8181,8174,
8.169,8074,8183,8174,
8.182,8074,8178,8174,
8.189,8061,8181,8174,
8.2,8050,8183,8177,
8.21,8074,8183,8174,
8.222,8083,8183,8172,
8.233,8083,8183,8177,
8.242,8085,8181,8174,
8.249,8088,8178,8174,
8.263,8094,8178,8174,
8.274,8094,8178,8174,
8.281,8101,8178,8174,
8.293,8103,8181,8174,
8.299,8106,8181,8174,
8.312,8106,8178,8174,
8.321,8109,8178,8174,
8.333,8109,8178,8174,
8.342,8112,8178,8177,
8.351,8114,8178,8177,
8.362,8117,8178,8177,
8.371,8122,8175,8177,
8.38,8122,8175,8177,
8.39,8120,8175,8177,
8.4,8103,8173,8174,
8.412,8122,8178,8177,
8.419,8131,8175,8174,
8.432,8131,8175,8174,
8.438,8131,8175,8174,
8.45,8131,8175,8174,
8.459,8131,8178,8174,
8.471,8133,8175,8174,
8.482,8133,8173,8174,
8.49,8133,8175,8172,
8.502,8133,8175,8174,
8.51,8136,8178,8174,
8.522,8136,8175,8174,
8.528,8136,8175,8174,
8.541,8141,8175,8174,
8.552,8144,8175,8177,
8.56,8144,8173,8177,
8.568,8147,8175,8177,
8.582,8150,8173,8177,
8.591,8150,8173,8177,
8.598,8144,8173,8180,
8.61,8155,8173,8177,
8.62,8158,8175,8177,
8.629,8163,8170,8174,
8.639,8163,8175,8177,
8.651,8166,8175,8174,
8.66,8168,8173,8177,
8.672,8168,8173,8177,
8.681,8171,8173,8177,
8.692,8171,8173,8177,
8.702,8174,8173,8177,
8.711,8171,8173,8177,
8.722,8174,8173,8177,
8.728,8177,8173,8177,
8.742,8179,8173,8177,
8.748,8179,8173,8174,
8.759,8179,8173,8174,
8.77,8206,8175,8172,
8.781,8188,8173,8174,
8.791,8195,8173,8174,
8.799,8206,8181,8177,
8.812,8208,8175,8177,
8.82,8200,8173,8174,
8.829,8206,8175,8180,
8.841,8214,8173,8177,
8.85,8217,8173,8180,
8.862,8222,8173,8180,
8.868,8227,8173,8177,
8.881,8230,8173,8180,
8.89,8233,8173,8180,
8.901,8235,8175,8180,
8.911,8235,8173,8180,
8.921,8238,8173,8180,
8.931,8241,8173,8180,
8.939,8244,8173,8182,
8.95,8246,8173,8180,
8.959,8249,8173,8180,
8.969,8252,8173,8180,
8.979,8254,8175,8180,
8.99,8257,8173,8180,
9,8285,8173,8174,
9.009,8285,8173,8180,
9.02,8265,8175,8182,
9.028,8263,8173,8180,
9.041,8265,8173,8180,
9.051,8263,8173,8180,
9.059,8263,8173,8180,
9.07,8265,8173,8180,
9.079,8265,8173,8182,
9.09,8268,8173,8182,
9.1,8273,8173,8182,
9.109,8276,8173,8182,
9.12,8276,8173,8182,
9.13,8279,8173,8185,
9.138,8283,8173,8182,
9.148,8283,8173,8182,
9.159,8283,8173,8187,
9.168,8283,8173,8187,
9.179,8285,8175,8187,
9.188,8304,8173,8182,
9.201,8347,8173,8177,
9.21,8318,8173,8187,
9.219,8293,8173,8187,
9.23,8293,8173,8190,
9.241,8296,8173,8187,
9.251,8301,8173,8187,
9.259,8304,8173,8187,
9.269,8310,8173,8185,
9.278,8312,8173,8185,
9.287,8312,8175,8187,
9.3,8318,8173,8187,
9.309,8318,8173,8187,
9.321,8320,8173,8187,
9.33,8318,8173,8187,
9.34,8320,8173,8187,
9.35,8320,8173,8187,
9.361,8320,8173,8187,
9.368,8320,8173,8187,
9.378,8323,8173,8187,
9.389,8337,8175,8185,
9.4,8385,8173,8180,
9.409,8350,8175,8190,
9.42,8329,8175,8187,
9.429,8331,8175,8190,
9.441,8334,8170,8190,
9.448,8337,8173,8187,
9.457,8339,8173,8190,
9.47,8334,8173,8192,
9.479,8334,8173,8192,
9.491,8334,8175,8192,
9.498,8337,8173,8192,
9.509,8337,8173,8192,
9.52,8334,8173,8192,
9.529,8337,8173,8190,
9.538,8334,8173,8192,
9.55,8334,8173,8190,
9.559,8334,8173,8192,
9.568,8334,8175,8190,
9.58,8334,8173,8190,
9.59,8353,8173,8187,
9.599,8409,8173,8182,
9.61,8366,8173,8192,
9.62,8331,8170,8190,
9.628,8326,8173,8192,
9.639,8329,8173,8190,
9.648,8326,8173,8190,
9.658,8326,8173,8190,
9.667,8329,8173,8187,
9.679,8326,8173,8190,
9.69,8326,8173,8187,
9.696,8326,8173,8187,
9.708,8326,8173,8187,
9.72,8326,8175,8187,
9.732,8323,8173,8187,
9.739,8329,8173,8187,
9.748,8329,8173,8187,
9.757,8329,8173,8190,
9.77,8331,8173,8187,
9.779,8331,8173,8192,
9.787,8342,8173,8187,
9.798,8387,8173,8182,
9.808,8353,8173,8192,
9.819,8331,8173,8195,
9.828,8334,8175,8190,
9.838,8337,8173,8192,
9.848,8331,8173,8190,
9.86,8337,8170,8190,
9.87,8334,8173,8192,
9.878,8334,8173,8190,
9.889,8331,8173,8190,
9.898,8334,8173,8187,
9.91,8334,8173,8187,
9.918,8339,8173,8192,
9.928,8337,8173,8187,
9.939,8337,8175,8187,
9.949,8337,8173,8190,
9.959,8334,8173,8190,
9.968,8334,8173,8190,
9.98,8334,8173,8190,
9.989,8342,8173,8187,
9.997,8385,8173,8180,
10.009,8369,8170,8187,
10.018,8329,8173,8190,
10.03,8323,8173,8187,
10.038,8323,8173,8187,
10.047,8323,8173,8187,
10.059,8320,8173,8187,
10.07,8320,8173,8187,
10.079,8318,8173,8187,
10.088,8318,8173,8187,
10.099,8318,8173,8187,
10.11,8315,8173,8187,
10.12,8315,8173,8187,
10.128,8312,8173,8187,
10.139,8310,8173,8187,
10.149,8312,8173,8187,
10.158,8312,8173,8185,
10.168,8310,8173,8185,
10.178,8310,8175,8185,
10.188,8318,8173,8187,
10.198,8356,8173,8180,
10.208,8331,8173,8187,
10.217,8301,8173,8190,
10.228,8301,8173,8190,
10.238,8304,8173,8190,
10.249,8301,8173,8190,
10.257,8299,8173,8190,
10.268,8299,8173,8187,
10.278,8296,8173,8187,
10.289,8296,8173,8185,
10.297,8301,8173,8185,
10.308,8299,8173,8185,
10.318,8299,8173,8185,
10.329,8299,8173,8185,
10.339,8299,8175,8187,
10.347,8301,8175,8185,
10.357,8301,8175,8185,
10.368,8301,8175,8185,
10.377,8301,8175,8185,
10.39,8312,8175,8185,
10.397,8350,8178,8180,
10.409,8342,8175,8185,
10.417,8299,8175,8185,
10.425,8301,8175,8185,
10.437,8304,8173,8185,
10.446,8304,8173,8185,
10.459,8304,8173,8185,
10.467,8304,8173,8185,
10.475,8304,8173,8187,
10.49,8304,8173,8185,
10.5,8307,8173,8187,
10.508,8310,8173,8190,
10.519,8310,8175,8190,
10.529,8312,8173,8187,
10.54,8312,8173,8190,
10.549,8315,8173,8190,
10.557,8315,8173,8190,
10.566,8315,8173,8190,
10.58,8315,8173,8190,
10.59,8331,8173,8187,
10.598,8369,8173,8182,
10.608,8364,8173,8192,
10.617,8323,8173,8190,
10.627,8323,8173,8190,
10.637,8323,8173,8192,
10.647,8326,8173,8190,
10.657,8323,8175,8190,
10.667,8323,8175,8190,
10.679,8326,8173,8190,
10.687,8323,8173,8190,
10.699,8323,8173,8187,
10.708,8323,8173,8187,
10.719,8326,8173,8190,
10.727,8326,8173,8187,
10.738,8326,8175,8190,
10.748,8329,8173,8190,
10.759,8331,8173,8190,
10.768,8334,8173,8190,
10.779,8334,8173,8190,
10.788,8345,8175,8185,
10.797,8401,8173,8180,
10.807,8390,8170,8190,
10.817,8337,8173,8190,
10.829,8329,8170,8187,
10.836,8323,8173,8187,
10.847,8320,8173,8185,
10.856,8320,8173,8187,
10.867,8315,8173,8187,
10.875,8315,8173,8187,
10.887,8315,8173,8187,
10.896,8315,8173,8185,
10.907,8312,8173,8190,
10.917,8310,8173,8187,
10.928,8304,8173,8187,
10.937,8301,8173,8187,
10.946,8299,8173,8187,
10.958,8296,8173,8187,
10.966,8291,8173,8187,
10.975,8288,8173,8187,
10.987,8291,8173,8185,
10.998,8323,8173,8180,
11.006,8296,8173,8185,
11.015,8283,8173,8180,
11.028,8279,8173,8182,
11.036,8279,8173,8182,
11.046,8279,8173,8182,
11.057,8273,8173,8182,
11.068,8273,8173,8182,
11.077,8271,8173,8182,
11.086,8271,8175,8182,
11.097,8268,8173,8180,
11.105,8268,8173,8185,
11.116,8268,8173,8185,
11.129,8268,8173,8185,
11.138,8265,8173,8185,
11.146,8265,8173,8182,
11.158,8265,8175,8182,
11.168,8263,8173,8182,
11.178,8263,8173,8182,
11.189,8268,8173,8182,
11.195,8288,8173,8180,
11.207,8283,8173,8185,
11.218,8254,8173,8182,
11.226,8257,8173,8180,
11.236,8257,8173,8182,
11.247,8254,8173,8182,
11.258,8252,8173,8180,
11.267,8252,8173,8182,
11.277,8252,8173,8182,
11.286,8249,8173,8182,
11.297,8249,8173,8182,
11.306,8249,8173,8182,
11.314,8246,8175,8182,
11.325,8246,8173,8180,
11.337,8244,8173,8180,
11.346,8241,8173,8180,
11.358,8238,8173,8180,
11.366,8238,8173,8180,
11.375,8238,8173,8180,
11.386,8244,8173,8180,
11.397,8265,8173,8177,
11.405,8246,8173,8180,
11.415,8225,8170,8180,
11.426,8227,8173,8180,
11.436,8227,8175,8180,
11.446,8225,8173,8180,
11.457,8225,8175,8180,
11.467,8222,8173,8180,
11.477,8219,8175,8180,
11.486,8217,8173,8180,
11.497,8214,8173,8180,
11.506,8214,8173,8177,
11.517,8211,8173,8180,
11.526,8211,8175,8180,
11.537,8206,8173,8177,
11.545,8206,8173,8180,
11.559,8208,8173,8180,
11.566,8208,8173,8177,
11.575,8206,8173,8180,
11.585,8206,8173,8177,
11.596,8214,8175,8177,
11.608,8211,8173,8180,
11.614,8200,8175,8174,
11.626,8198,8175,8174,
11.637,8195,8173,8174,
11.646,8192,8173,8174,
11.655,8188,8175,8174,
11.666,8185,8173,8174,
11.676,8185,8173,8174,
11.686,8188,8173,8174,
11.696,8185,8173,8174,
11.707,8185,8173,8174,
11.718,8188,8173,8174,
11.728,8188,8175,8177,
11.737,8185,8173,8177,
11.745,8185,8173,8177,
11.755,8185,8173,8177,
11.765,8185,8173,8177,
11.775,8182,8173,8177,
11.786,8185,8173,8177,
11.796,8188,8173,8177,
11.805,8185,8175,8177,
11.817,8179,8173,8177,
11.827,8179,8170,8174,
11.844,8179,8173,8172,
11.845,8179,8173,8174,
11.858,8179,8173,8172,
11.866,8177,8173,8174,
11.876,8174,8173,8172,
11.885,8174,8175,8174,
11.898,8177,8173,8174,
11.907,8177,8173,8174,
11.915,8177,8173,8174,
11.924,8177,8173,8174,
11.936,8174,8175,8174,
11.946,8174,8173,8174,
11.957,8177,8173,8174,
11.966,8174,8173,8174,
11.977,8177,8173,8174,
11.987,8177,8175,8174,
11.997,8177,8173,8177,
12.005,8174,8173,8174,
12.016,8177,8175,8174,
12.025,8174,8173,8180,
12.037,8177,8173,8177,
12.047,8174,8173,8177,
12.053,8174,8173,8177,
12.067,8171,8173,8177,
12.076,8166,8173,8174,
12.084,8166,8175,8174,
12.097,8163,8175,8177,
12.105,8160,8175,8177,
12.115,8158,8175,8177,
12.126,8155,8175,8174,
12.135,8150,8175,8177,
12.147,8147,8175,8177,
12.155,8144,8175,8177,
12.166,8139,8175,8177,
12.176,8136,8175,8177,
12.186,8128,8173,8177,
12.195,8112,8175,8177,
12.205,8117,8178,8177,
12.214,8112,8175,8177,
12.226,8109,8178,8174,
12.234,8103,8178,8174,
12.245,8094,8178,8174,
12.254,8085,8178,8174,
12.265,8074,8181,8174,
12.276,8066,8181,8174,
12.285,8058,8181,8174,
12.293,8050,8181,8174,
12.303,8042,8181,8174,
12.314,8034,8181,8174,
12.326,8028,8188,8174,
12.336,8018,8183,8172,
12.344,8007,8186,8174,
12.357,8000,8186,8174,
12.366,7988,8191,8174,
12.374,7975,8186,8174,
12.385,7951,8183,8172,
12.393,7898,8183,8174,
12.404,7940,8199,8172,
12.416,7948,8193,8174,
12.424,7940,8188,8177,
12.433,7934,8201,8177,
12.444,7940,8196,8177,
12.456,7934,8196,8174,
12.466,7926,8193,8177,
12.474,7929,8196,8177,
12.485,7921,8201,8177,
12.496,7921,8201,8177,
12.505,7912,8206,8177,
12.515,7912,8201,8177,
12.525,7904,8204,8177,
12.535,7901,8196,8177,
12.544,7901,8199,8177,
12.555,7893,8206,8177,
12.566,7878,8204,8177,
12.575,7859,8209,8174,
12.587,7809,8186,8174,
12.595,7776,8196,8174,
12.603,7784,8206,8169,
12.613,7832,8217,8174,
12.625,7820,8204,8180,
12.634,7832,8217,8177,
12.644,7829,8214,8174,
12.656,7829,8227,8177,
12.669,7820,8214,8180,
12.676,7818,8212,8174,
12.682,7812,8201,8177,
12.696,7812,8214,8177,
12.705,7807,8209,8177,
12.717,7801,8224,8177,
12.725,7809,8217,8177,
12.734,7796,8224,8174,
12.744,7796,8212,8177,
12.754,7801,8214,8174,
12.766,7799,8224,8174,
12.774,7793,8227,8174,
12.785,7741,8196,8180,
12.795,7671,8196,8172,
12.805,7686,8209,8174,
12.816,7768,8224,8177,
12.825,7784,8222,8174,
12.835,7781,8232,8180,
12.844,7762,8217,8180,
12.852,7771,8224,8174,
12.864,7779,8219,8177,
12.876,7760,8227,8172,
12.885,7762,8219,8180,
12.894,7754,8219,8174,
12.904,7757,8217,8177,
12.914,7754,8224,8174,
12.925,7757,8217,8172,
12.934,7741,8206,8172,
12.945,7752,8219,8177,
12.956,7741,8232,8174,
12.966,7729,8230,8177,
12.975,7699,8227,8180,
12.984,7676,8214,8177,
12.993,7572,8214,8172,
13.007,7583,8219,8177,
13.015,7688,8227,8177,
13.024,7691,8214,8180,
13.034,7688,8250,8177,
13.045,7666,8224,8174,
13.054,7666,8247,8174,
13.065,7699,8242,8172,
13.075,7686,8217,8174,
13.083,7676,8245,8172,
13.095,7679,8242,8177,
13.106,7652,8237,8172,
13.112,7641,8232,8177,
13.125,7647,8230,8169,
13.134,7649,8260,8172,
13.145,7655,8247,8163,
13.156,7635,8242,8167,
13.163,7621,8247,8169,
13.175,7619,8247,8169,
13.183,7550,8250,8169,
13.193,7444,8206,8172,
13.204,7476,8224,8167,
13.213,7574,8255,8174,
13.224,7592,8278,8167,
13.232,7597,8260,8174,
13.243,7581,8242,8172,
13.254,7553,8263,8182,
13.266,7583,8260,8172,
13.275,7586,8247,8182,
13.284,7608,8257,8172,
13.292,7586,8278,8174,
13.304,7563,8250,8177,
13.314,7592,8250,8177,
13.324,7581,8260,8174,
13.331,7569,8281,8185,
13.345,7555,8250,8185,
13.356,7555,8250,8177,
13.363,7578,8250,8180,
13.374,7558,8245,8187,
13.385,7456,8252,8174,
13.395,7362,8222,8174,
13.402,7382,8227,8177,
13.412,7500,8255,8177,
13.423,7566,8268,8167,
13.435,7514,8286,8172,
13.444,7525,8260,8169,
13.453,7525,8270,8167,
13.465,7527,8288,8169,
13.473,7533,8281,8177,
13.486,7516,8278,8174,
13.494,7506,8260,8177,
13.504,7522,8294,8174,
13.514,7506,8270,8182,
13.524,7525,8252,8177,
13.533,7535,8263,8172,
13.542,7514,8281,8182,
13.551,7522,8268,8169,
13.563,7525,8255,8182,
13.574,7538,8257,8177,
13.582,7456,8242,8177,
13.595,7346,8227,8174,
13.604,7368,8232,8182,
13.613,7481,8268,8190,
13.621,7489,8273,8190,
13.632,7525,8232,8180,
13.643,7492,8265,8174,
13.652,7535,8301,8182,
13.663,7533,8270,8180,
13.673,7508,8270,8182,
13.684,7525,8255,8180,
13.694,7530,8257,8172,
13.702,7503,8260,8177,
13.712,7511,8291,8172,
13.724,7538,8263,8180,
13.733,7497,8242,8174,
13.744,7538,8296,8174,
13.753,7538,8299,8180,
13.765,7516,8239,8174,
13.774,7519,8265,8167,
13.783,7481,8227,8169,
13.791,7348,8206,8172,
13.803,7351,8224,8177,
13.813,7506,8276,8174,
13.822,7533,8278,8174,
13.833,7506,8270,8169,
13.842,7538,8273,8167,
13.852,7544,8260,8172,
13.864,7550,8255,8172,
13.872,7574,8270,8169,
13.882,7558,8239,8172,
13.895,7558,8255,8180,
13.902,7581,8263,8174,
13.915,7553,8237,8177,
13.922,7547,8278,8180,
13.934,7566,8257,8177,
13.943,7581,8245,8172,
13.952,7586,8255,8177,
13.963,7578,8257,8174,
13.975,7574,8263,8185,
13.984,7533,8245,8180,
13.994,7449,8230,8180,
14.003,7425,8227,8182,
14.012,7569,8273,8172,
14.021,7574,8247,8174,
14.032,7621,8270,8185,
14.043,7581,8260,8177,
14.051,7594,8252,8174,
14.062,7589,8273,8180,
14.072,7589,8283,8177,
14.083,7616,8245,8177,
14.093,7611,8260,8172,
14.105,7644,8242,8177,
14.111,7611,8263,8172,
14.123,7621,8265,8169,
14.132,7629,8263,8172,
14.142,7629,8242,8174,
14.152,7635,8255,8172,
14.165,7641,8255,8177,
14.172,7647,8252,8169,
14.184,7592,8217,8169,
14.192,7484,8219,8177,
14.204,7495,8224,8177,
14.212,7632,8245,8177,
14.223,7658,8265,8174,
14.232,7644,8239,8180,
14.242,7702,8245,8177,
14.253,7652,8245,8174,
14.263,7674,8257,8174,
14.272,7688,8252,8172,
14.281,7674,8237,8172,
14.294,7688,8230,8174,
14.3,7702,8222,8174,
14.311,7718,8237,8172,
14.323,7721,8230,8177,
14.331,7718,8224,8177,
14.344,7729,8239,8177,
14.35,7741,8227,8177,
14.363,7738,8242,8172,
14.371,7724,8219,8177,
14.382,7666,8224,8177,
14.392,7597,8209,8177,
14.403,7632,8212,8180,
14.411,7713,8242,8177,
14.422,7724,8230,8177,
14.431,7710,8222,8172,
14.441,7721,8227,8174,
14.451,7726,8237,8177,
14.461,7749,8247,8177,
14.472,7743,8237,8182,
14.484,7741,8219,8182,
14.492,7762,8230,8174,
14.504,7760,8237,8177,
14.512,7752,8232,8177,
14.521,7754,8227,8172,
14.534,7760,8237,8172,
14.543,7781,8222,8174,
14.552,7779,8214,8174,
14.56,7781,8214,8172,
14.573,7781,8217,8174,
14.584,7715,8212,8174,
14.592,7688,8204,8182,
14.6,7710,8204,8190,
14.611,7818,8227,8169,
14.622,7815,8222,8177,
14.634,7824,8222,8180,
14.642,7835,8227,8172,
14.651,7843,8206,8174,
14.664,7875,8214,8174,
14.673,7878,8209,8172,
14.68,7889,8212,8174,
14.693,7893,8201,8172,
14.701,7906,8206,8174,
14.712,7934,8206,8174,
14.725,7921,8204,8174,
14.732,7940,8201,8174,
14.741,7940,8196,8172,
14.751,7961,8199,8172,
14.762,7970,8196,8174,
14.771,7975,8191,8174,
14.78,7951,8178,8172,
14.793,7940,8188,8177,
14.803,7988,8196,8180,
14.811,8000,8193,8174,
14.821,8007,8191,8174,
14.83,8015,8193,8177,
14.84,8020,8186,8174,
14.854,8031,8186,8177,
14.86,8037,8186,8177,
14.871,8047,8186,8177,
14.88,8058,8181,8177,
14.892,8066,8178,8177,
14.901,8074,8183,8177,
14.913,8083,8181,8177,
14.92,8094,8178,8177,
14.933,8109,8178,8177,
14.943,8117,8178,8177,
14.953,8128,8175,8177,
14.964,8139,8178,8177,
14.972,8147,8175,8177,
14.981,8155,8175,8177,
14.992,8163,8173,8177,
15.004,8177,8173,8174,
15.011,8182,8173,8174,
15.021,8174,8175,8169,
15.031,8171,8175,8174,
15.042,8174,8173,8174,
15.053,8177,8175,8174,
15.061,8182,8178,8174,
15.071,8188,8175,8174,
15.08,8192,8175,8174,
15.092,8179,8175,8174,
15.102,8182,8175,8174,
15.112,8182,8175,8174,
15.121,8182,8175,8174,
15.133,8182,8175,8174,
15.142,8182,8175,8174,
15.151,8179,8175,8172,
15.161,8182,8173,8174,
15.171,8182,8173,8174,
15.179,8182,8173,8174,
15.193,8182,8173,8172,
15.202,8185,8175,8174,
15.211,8182,8173,8177,
15.222,8182,8173,8177,
15.232,8179,8175,8174,
15.242,8179,8173,8174,
15.25,8179,8173,8174,
15.26,8179,8173,8174,
15.27,8179,8173,8174,
15.28,8179,8173,8174,
15.29,8177,8173,8174,
15.301,8179,8173,8174,
15.313,8179,8173,8177,
15.321,8177,8173,8177,
15.33,8177,8173,8177,
15.341,8177,8173,8177,
15.35,8177,8173,8177,
15.362,8177,8173,8177,
15.371,8177,8173,8177,
15.38,8177,8173,8177,
15.391,8177,8175,8177,
15.402,8177,8173,8177,
15.412,8177,8173,8172,
15.422,8177,8175,8177,
15.431,8177,8173,8174,
15.44,8177,8173,8174,
15.449,8177,8173,8174,
15.46,8177,8173,8174,
15.472,8177,8173,8174,
15.481,8177,8173,8174,
15.491,8177,8173,8174,
15.5,8177,8173,8174,
15.51,8177,8173,8177,
15.521,8177,8173,8177,
15.529,8177,8173,8177,
15.539,8177,8173,8174,
15.552,8177,8173,8177,
15.56,8177,8173,8177,
15.572,8177,8173,8177,
15.58,8177,8173,8177,
15.592,8177,8173,8180,
15.601,8179,8173,8177,
15.612,8177,8173,8177,
15.621,8177,8175,8174,
15.631,8177,8173,8177,
15.64,8179,8173,8177,
15.651,8177,8173,8177,
15.662,8177,8173,8174,
15.67,8177,8173,8177,
15.681,8177,8173,8174,
15.694,8177,8173,8177,
15.701,8177,8173,8177,
15.71,8177,8173,8177,
15.72,8177,8173,8177,
15.731,8174,8170,8177,
15.74,8177,8173,8177,
15.75,8174,8173,8177,
15.76,8174,8173,8177,
15.769,8174,8173,8177,
15.78,8174,8175,8177,
15.791,8174,8173,8177,
15.8,8174,8173,8180,
15.812,8171,8175,8177,
15.821,8174,8173,8174,
15.831,8174,8173,8172,
15.841,8174,8173,8174,
15.852,8174,8173,8174,
15.862,8174,8173,8174,
15.872,8174,8173,8174,
15.882,8174,8173,8174,
15.89,8174,8173,8174,
15.901,8174,8173,8174,
15.911,8174,8173,8174,
15.919,8174,8173,8177,
15.932,8177,8173,8177,
15.945,8177,8173,8177,
15.95,8179,8175,8177,
15.961,8177,8173,8177,
15.97,8177,8173,8177,
15.981,8177,8173,8177,
15.991,8174,8173,8177,
16.002,8177,8173,8177,
16.011,8171,8173,8177,
16.021,8174,8173,8174,
16.029,8177,8173,8174,
16.038,8174,8173,8174,
16.047,8174,8173,8174,
16.059,8174,8175,8172,
16.068,8174,8173,8174,
16.08,8174,8173,8174,
16.088,8174,8173,8174,
16.101,8174,8173,8174,
16.11,8174,8173,8174,
16.12,8174,8173,8174,
16.129,8174,8173,8177,
16.138,8174,8173,8177,
16.148,8177,8170,8177,
16.159,8177,8173,8177,
16.17,8177,8173,8177,
16.18,8177,8173,8177,
16.189,8177,8173,8177,
16.198,8177,8173,8177,
16.211,8174,8175,8180,
16.219,8174,8173,8177,
16.23,8177,8173,8174,
16.239,8177,8175,8174,
16.249,8177,8173,8174,
16.259,8177,8173,8174,
16.269,8177,8173,8174,
16.28,8177,8173,8174,
16.29,8177,8173,8174,
16.3,8174,8173,8174,
16.309,8177,8173,8174,
16.318,8177,8173,8174,
16.33,8177,8173,8174,
16.341,8177,8173,8174,
16.349,8177,8173,8174,
16.36,8177,8173,8174,
16.368,8177,8173,8174,
16.38,8179,8173,8174,
16.39,8177,8173,8174,
16.399,8177,8175,8174,
16.408,8177,8175,8174,
16.419,8174,8175,8172,
16.43,8177,8173,8174,
16.439,8177,8173,8177,
16.452,8177,8173,8177,
16.458,8177,8173,8177,
16.469,8177,8173,8177,
16.479,8177,8173,8177,
16.488,8177,8175,8177,
16.498,8177,8173,8177,
16.511,8174,8173,8177,
16.517,8177,8173,8177,
16.53,8177,8173,8177,
16.539,8177,8173,8177,
16.55,8177,8173,8177,
16.56,8177,8173,8177,
16.569,8177,8170,8177,
16.578,8177,8173,8177,
16.591,8177,8168,8177,
16.6,8177,8173,8177,
16.61,8174,8173,8174,
16.62,8174,8173,8174,
16.63,8179,8173,8174,
16.64,8177,8173,8177,
16.649,8179,8173,8177,
16.66,8177,8173,8177,
16.671,8177,8173,8177,
16.677,8177,8173,8174,
16.69,8177,8173,8177,
16.697,8177,8173,8177,
16.711,8177,8173,8177,
16.72,8177,8173,8177,
16.727,8177,8173,8177,
16.74,8177,8173,8177,
16.749,8177,8173,8177,
16.758,8177,8173,8177,
16.767,8177,8173,8177,
16.779,8174,8173,8177,
16.79,8174,8175,8177,
16.798,8177,8173,8177,
16.81,8174,8173,8177,
16.82,8174,8175,8177,
16.83,8174,8175,8177,
16.841,8174,8173,8177,
16.85,8174,8173,8174,
16.86,8174,8173,8174,
16.869,8174,8173,8174,
16.878,8177,8173,8174,
16.89,8177,8173,8174,
16.9,8177,8173,8174,
16.909,8177,8173,8174,
16.919,8177,8173,8174,
16.928,8177,8173,8174,
16.937,8177,8173,8174,
16.949,8177,8175,8177,
16.959,8177,8173,8177,
16.968,8177,8173,8177,
16.979,8179,8173,8177,
16.987,8177,8170,8177,
16.999,8177,8173,8177,
17.008,8177,8175,8177,
17.017,8177,8175,8174,
17.029,8177,8175,8177,
17.038,8177,8173,8177,
17.049,8177,8173,8174,
17.057,8177,8173,8174,
17.066,8177,8175,8172,
17.079,8177,8173,8174,
17.088,8174,8175,8172,
17.1,8174,8173,8174,
17.111,8174,8173,8174,
17.118,8174,8173,8174,
17.132,8174,8173,8174,
17.137,8174,8173,8174,
17.149,8174,8173,8177,
17.157,8174,8173,8177,
17.168,8174,8175,8177,
17.178,8174,8175,8177,
17.188,8174,8173,8177,
17.198,8177,8170,8174,
17.207,8179,8173,8177,
17.217,8177,8173,8177,
17.229,8177,8173,8177,
17.237,8177,8173,8177,
17.249,8177,8173,8177,
17.256,8177,8173,8174,
17.267,8177,8173,8177,
17.278,8177,8173,8177,
17.287,8177,8173,8177,
17.3,8174,8173,8177,
17.31,8174,8173,8177,
17.318,8174,8173,8177,
17.328,8174,8173,8177,
17.34,8174,8173,8177,
17.348,8174,8173,8174,
17.357,8174,8173,8177,
17.366,8174,8173,8177,
17.38,8174,8173,8177,
17.389,8174,8173,8177,
17.401,8177,8173,8174,
17.407,8179,8173,8177,
17.418,8179,8173,8177,
17.426,8177,8173,8177,
17.439,8177,8173,8177,
17.448,8174,8173,8177,
17.46,8177,8173,8174,
17.466,8177,8173,8174,
17.479,8177,8173,8174,
17.488,8177,8173,8174,
17.497,8177,8173,8174,
17.509,8174,8173,8174,
17.519,8174,8173,8174,
17.529,8174,8173,8174,
17.539,8174,8173,8174,
17.55,8174,8173,8174,
17.558,8174,8173,8177,
17.568,8174,8173,8177,
17.578,8174,8173,8177,
17.587,8174,8173,8177,
17.599,8174,8173,8177,
17.607,8177,8175,8177,
17.618,8177,8173,8177,
17.627,8177,8173,8177,
17.639,8177,8173,8177,
17.646,8177,8173,8177,
17.657,8177,8173,8177,
17.667,8177,8173,8174,
17.677,8177,8173,8174,
17.687,8177,8173,8174,
17.697,8177,8173,8174,
17.706,8177,8173,8174,
17.717,8177,8173,8174,
17.729,8177,8173,8174,
17.74,8177,8173,8174,
17.747,8177,8173,8174,
17.758,8177,8173,8174,
17.767,8177,8173,8174,
17.777,8177,8173,8174,
17.786,8177,8173,8174,
17.797,8177,8173,8174,
17.808,8177,8173,8177,
17.816,8179,8173,8177,
17.827,8177,8170,8174,
17.836,8177,8173,8174,
17.848,8177,8173,8174,
17.855,8177,8173,8174,
17.867,8177,8173,8177,
17.877,8177,8175,8174,
17.886,8177,8173,8177,
17.899,8177,8175,8177,
17.908,8177,8173,8177,
17.917,8177,8173,8177,
17.927,8174,8173,8177,
17.935,8177,8173,8177,
17.949,8177,8173,8177,
17.958,8177,8175,8177,
17.967,8177,8173,8174,
17.977,8179,8173,8174,
17.988,8177,8173,8174,
17.999,8179,8175,8174,
18.005,8174,8173,8172,
18.017,8177,8173,8174,
18.026,8177,8173,8174,
18.04,8177,8173,8174,
18.047,8177,8173,8174,
18.058,8177,8173,8174,
18.067,8177,8173,8174,
18.077,8177,8173,8177,
18.088,8177,8173,8177,
18.098,8174,8173,8177,
18.106,8177,8173,8177,
18.118,8177,8173,8177,
18.127,8177,8173,8177,
18.135,8177,8173,8177,
18.147,8177,8173,8177,
18.158,8177,8173,8177,
18.167,8177,8175,8177,
18.178,8177,8173,8177,
18.187,8177,8170,8177,
18.197,8177,8173,8177,
18.208,8174,8175,8177,
18.219,8177,8170,8177,
18.226,8177,8173,8177,
18.237,8174,8173,8177,
18.249,8174,8173,8177,
18.256,8174,8173,8177,
18.266,8174,8173,8177,
18.275,8174,8173,8174,
18.289,8174,8173,8174,
18.298,8174,8173,8174,
18.307,8174,8173,8174,
18.316,8174,8173,8174,
18.326,8174,8173,8174,
18.337,8177,8173,8174,
18.346,8177,8173,8174,
18.357,8177,8173,8174,
18.367,8177,8173,8174,
18.378,8177,8175,8177,
18.387,8177,8175,8177,
18.397,8177,8173,8177,
18.407,8177,8175,8177,
18.415,8179,8173,8180,
18.43,8177,8175,8174,
18.437,8177,8173,8177,
18.447,8177,8173,8177,
18.456,8174,8173,8177,
18.468,8177,8173,8177,
18.477,8177,8173,8177,
18.486,8177,8175,8174,
18.497,8177,8173,8174,
18.509,8177,8173,8172,
18.516,8177,8173,8174,
18.527,8177,8173,8174,
18.538,8177,8173,8174,
18.546,8174,8173,8174,
18.556,8174,8175,8174,
18.569,8174,8173,8174,
18.579,8174,8173,8174,
18.588,8171,8173,8174,
18.596,8171,8175,8174,
18.607,8171,8175,8172,
18.616,8174,8173,8174,
18.625,8174,8173,8174,
18.637,8174,8173,8174,
18.646,8174,8173,8174,
18.657,8177,8175,8174,
18.668,8177,8173,8174,
18.679,8177,8175,8174,
18.685,8177,8175,8177,
18.697,8177,8173,8177,
18.708,8177,8175,8177,
18.718,8177,8173,8177,
18.726,8177,8173,8177,
18.734,8177,8173,8177,
18.747,8177,8173,8177,
18.756,8177,8173,8177,
18.766,8177,8175,8177,
18.777,8177,8173,8177,
18.785,8174,8175,8172,
18.797,8177,8173,8177,
18.806,8174,8170,8177,
18.815,8177,8173,8174,
18.826,8177,8175,8174,
18.837,8177,8173,8174,
18.844,8177,8173,8174,
18.855,8177,8173,8174,
18.866,8177,8173,8174,
18.878,8177,8170,8174,
18.888,8177,8173,8174,
18.897,8177,8173,8174,
18.905,8177,8175,8174,
18.915,8177,8173,8174,
18.925,8177,8173,8174,
18.936,8177,8173,8174,
18.949,8177,8173,8174,
18.956,8177,8173,8174,
18.967,8177,8173,8174,
18.976,8177,8173,8174,
18.988,8177,8173,8172,
18.994,8177,8173,8174,
19.005,8174,8175,8172,
19.016,8174,8175,8172,
19.027,8177,8173,8174,
19.035,8177,8173,8174,
19.045,8177,8173,8174,
19.057,8177,8173,8174,
19.067,8177,8173,8174,
19.074,8177,8173,8174,
19.084,8177,8173,8174,
19.095,8177,8173,8174,
19.106,8177,8173,8174,
19.117,8177,8173,8174,
19.125,8177,8173,8174,
19.134,8177,8173,8174,
19.148,8177,8175,8174,
19.154,8177,8178,8174,
19.168,8177,8175,8172,
19.175,8174,8175,8174,
19.186,8174,8178,8177,
19.196,8174,8175,8174,
19.205,8171,8175,8174,
19.215,8174,8175,8174,
19.226,8174,8175,8174,
19.236,8174,8175,8174,
19.245,8174,8173,8174,
19.255,8177,8173,8174,
19.266,8174,8173,8172,
19.277,8174,8173,8174,
19.286,8174,8173,8174,
19.295,8174,8173,8172,
19.305,8174,8173,8174,
19.316,8174,8173,8172,
19.326,8174,8173,8174,
19.333,8174,8173,8174,
19.345,8174,8173,8174,
19.355,8174,8173,8174,
19.366,8174,8173,8174,
19.374,8174,8173,8174,
19.386,8177,8175,8174,
19.398,8177,8173,8177,
19.406,8174,8173,8174,
19.415,8177,8175,8177,
19.426,8177,8173,8174,
19.436,8177,8173,8174,
19.445,8177,8173,8174,
19.456,8177,8175,8174,
19.464,8177,8175,8174,
19.477,8177,8175,8174,
19.487,8174,8175,8174,
19.498,8174,8175,8174,
19.504,8174,8175,8177,
19.517,8174,8175,8177,
19.525,8174,8178,8177,
19.535,8174,8175,8177,
19.544,8174,8175,8177,
19.555,8174,8175,8177,
19.566,8174,8173,8177,
19.577,8174,8175,8177,
19.583,8174,8175,8174,
19.596,8174,8175,8180,
19.606,8171,8175,8174,
19.615,8171,8173,8172,
19.624,8174,8175,8174,
19.634,8174,8173,8174,
19.645,8174,8173,8174,
19.655,8174,8173,8174,
19.667,8174,8173,8174,
19.673,8174,8175,8174,
19.684,8174,8173,8174,
19.693,8177,8173,8174,
19.706,8177,8173,8174,
19.715,8177,8173,8174,
19.726,8177,8173,8174,
19.736,8177,8173,8174,
19.745,8177,8173,8174,
19.754,8174,8173,8174,
19.763,8177,8175,8174,
19.775,8177,8173,8174,
19.783,8177,8173,8169,
19.797,8179,8170,8174,
19.805,8177,8173,8174,
19.815,8174,8170,8174,
19.825,8177,8173,8174,
19.833,8177,8173,8174,
19.846,8177,8173,8174,
19.854,8177,8173,8174,
19.865,8177,8173,8174,
19.875,8177,8173,8174,
19.883,8177,8175,8174,
19.895,8177,8173,8174,
19.906,8177,8173,8174,
19.914,8177,8175,8174,
19.925,8177,8173,8174,
19.935,8177,8173,8172,
19.946,8177,8173,8174,
19.957,8177,8173,8174,
19.964,8177,8175,8174,
19.972,8177,8173,8174,
19.985,8177,8175,8174,
19.994,8177,8173,8174,
20.004,8177,8173,8174,
20.015,8174,8173,8174,
20.024,8177,8173,8174,
20.034,8177,8173,8174,
20.045,8177,8173,8174,
20.055,8177,8173,8174,
20.066,8177,8173,8174,
20.074,8177,8173,8174,
20.085,8177,8173,8174,
20.095,8177,8173,8174,
20.102,8177,8173,8172,
20.114,8177,8173,8174,
20.123,8177,8173,8174,
20.133,8177,8173,8174,
20.144,8177,8175,8174,
20.152,8177,8173,8174,
20.165,8177,8173,8174,
20.175,8177,8173,8174,
20.183,8177,8175,8174,
20.195,8177,8173,8174,
20.203,8177,8175,8172,
20.214,8174,8175,8174,
20.223,8177,8173,8177,
20.233,8177,8173,8177,
20.244,8177,8173,8177,
20.255,8177,8173,8174,
20.264,8174,8173,8177,
20.274,8177,8173,8177,
20.283,8177,8173,8177,
20.295,8177,8173,8177,
20.306,8177,8173,8177,
20.312,8177,8173,8177,
20.325,8174,8173,8172,
20.334,8174,8173,8174,
20.344,8174,8173,8174,
20.353,8174,8173,8174,
20.364,8174,8173,8174,
20.373,8174,8173,8174,
20.384,8171,8173,8174,
20.394,8174,8173,8177,
20.404,8171,8173,8174,
20.414,8174,8173,8177,
20.424,8177,8173,8174,
20.434,8177,8173,8174,
20.442,8177,8175,8174,
20.453,8177,8173,8174,
20.463,8177,8173,8174,
20.475,8177,8173,8174,
20.483,8177,8173,8174,
20.493,8177,8173,8174,
20.504,8177,8173,8174,
20.515,8177,8173,8174,
20.524,8177,8173,8174,
20.535,8177,8173,8174,
20.543,8177,8173,8174,
20.555,8177,8173,8174,
20.564,8177,8175,8174,
20.573,8177,8173,8174,
20.584,8177,8173,8174,
20.595,8177,8175,8177,
20.603,8179,8173,8172,
20.613,8177,8170,8172,
20.625,8177,8173,8174,
20.636,8177,8173,8174,
20.643,8174,8173,8174,
20.651,8174,8173,8174,
20.663,8177,8173,8174,
20.674,8177,8173,8174,
20.685,8174,8173,8174,
20.693,8174,8173,8174,
20.703,8177,8173,8174,
20.713,8177,8173,8174,
20.723,8177,8173,8174,
20.734,8177,8173,8174,
20.743,8177,8173,8174,
20.754,8177,8173,8174,
20.762,8177,8173,8174,
20.774,8177,8173,8174,
20.782,8177,8173,8172,
20.793,8177,8173,8174,
20.802,8174,8173,8177,
20.815,8177,8173,8174,
20.822,8177,8173,8174,
20.833,8177,8173,8174,
20.841,8177,8173,8174,
20.851,8177,8173,8177,
20.865,8177,8173,8177,
20.871,8177,8173,8177,
20.883,8177,8173,8177,
20.894,8177,8173,8177,
20.901,8177,8173,8177,
20.913,8177,8173,8177,
20.921,8177,8175,8177,
20.934,8177,8173,8177,
20.943,8177,8173,8174,
20.952,8177,8173,8174,
20.963,8177,8173,8174,
20.974,8177,8173,8174,
20.985,8177,8173,8172,
20.994,8177,8173,8177,
21.003,8174,8173,8172,
21.012,8177,8173,8174,
21.022,8177,8173,8174,
21.033,8177,8175,8174,
21.042,8177,8173,8177,
21.051,8177,8173,8177,
21.063,8177,8173,8177,
21.073,8177,8173,8177,
21.085,8177,8173,8177,
21.092,8177,8173,8177,
21.102,8174,8173,8177,
21.113,8177,8173,8177,
21.121,8177,8173,8177,
21.134,8177,8175,8177,
21.144,8177,8173,8177,
21.154,8177,8173,8177,
21.16,8174,8173,8177,
21.173,8177,8173,8177,
21.183,8174,8173,8177,
21.193,8174,8173,8177,
21.203,8177,8173,8174,
21.213,8177,8175,8174,
21.222,8174,8173,8177,
21.231,8174,8173,8177,
21.243,8174,8173,8177,
21.253,8174,8173,8174,
21.264,8177,8173,8174,
21.271,8177,8173,8174,
21.285,8174,8173,8174,
21.295,8177,8173,8174,
21.3,8177,8173,8174,
21.315,8177,8173,8174,
21.322,8177,8173,8174,
21.331,8177,8173,8174,
21.342,8177,8175,8174,
21.352,8177,8173,8174,
21.361,8177,8175,8174,
21.372,8177,8173,8174,
21.383,8177,8173,8174,
21.395,8177,8173,8174,
21.401,8174,8175,8174,
21.413,8177,8173,8174,
21.422,8177,8175,8172,
21.431,8177,8173,8174,
21.442,8177,8175,8172,
21.451,8177,8173,8177,
21.463,8177,8173,8177,
21.474,8177,8173,8177,
21.483,8177,8173,8177,
21.494,8177,8173,8177,
21.503,8177,8173,8177,
21.513,8177,8175,8177,
21.521,8177,8173,8177,
21.532,8177,8173,8177,
21.54,8177,8173,8177,
21.552,8177,8173,8177,
21.562,8177,8175,8177,
21.573,8179,8173,8177,
21.583,8174,8168,8177,
21.593,8174,8175,8177,
21.602,8171,8173,8177,
21.612,8171,8170,8177,
21.624,8174,8173,8177,
21.633,8174,8173,8177,
21.642,8174,8173,8177,
21.652,8174,8173,8177,
21.662,8174,8173,8177,
21.671,8174,8173,8177,
21.682,8174,8173,8177,
21.693,8174,8173,8177,
21.702,8174,8173,8177,
21.712,8174,8173,8177,
21.722,8174,8175,8177,
21.732,8174,8173,8177,
21.743,8174,8173,8177,
21.753,8174,8173,8177,
21.762,8174,8173,8174,
21.773,8174,8173,8174,
21.784,8177,8170,8174,
21.795,8177,8173,8174,
21.801,8174,8173,8174,
21.813,8174,8175,8172,
21.822,8177,8173,8174,
21.834,8177,8173,8174,
21.841,8177,8175,8174,
21.851,8177,8173,8174,
21.863,8177,8173,8174,
21.873,8177,8173,8174,
21.882,8177,8173,8174,
21.891,8177,8173,8174,
21.903,8177,8173,8174,
21.911,8177,8175,8174,
21.922,8177,8173,8174,
21.932,8177,8173,8174,
21.944,8177,8173,8174,
21.951,8177,8175,8174,
21.963,8177,8173,8174,
21.972,8177,8173,8174,
21.981,8179,8175,8174,
21.991,8174,8175,8174,
22.002,8174,8175,8174,
22.013,8177,8175,8174,
22.021,8174,8173,8174,
22.032,8174,8173,8174,
22.044,8174,8173,8172,
22.05,8174,8173,8174,
22.063,8174,8175,8174,
22.072,8174,8173,8177,
22.081,8174,8173,8174,
22.094,8174,8173,8177,
22.1,8174,8173,8177,
22.112,8177,8173,8177,
22.121,8177,8173,8177,
22.13,8177,8173,8177,
22.141,8177,8173,8177,
22.152,8177,8175,8177,
22.162,8177,8173,8177,
22.17,8177,8173,8174,
22.181,8177,8173,8174,
22.191,8177,8175,8174,
22.2,8174,8173,8174,
22.211,8177,8178,8177,
22.22,8177,8173,8174,
22.23,8177,8173,8174,
22.241,8177,8173,8174,
22.25,8174,8173,8174,
22.263,8177,8173,8174,
22.27,8177,8173,8177,
22.283,8177,8173,8177,
22.292,8177,8173,8177,
22.301,8177,8173,8177,
22.31,8174,8173,8177,
22.322,8174,8173,8177,
22.331,8174,8173,8174,
22.342,8174,8173,8177,
22.351,8174,8175,8177,
22.361,8174,8173,8177,
22.376,8174,8173,8174,
22.38,8174,8173,8174,
22.391,8174,8175,8172,
22.401,8177,8173,8174,
22.412,8174,8173,8177,
22.421,8174,8173,8174,
22.431,8174,8173,8174,
22.44,8174,8173,8174,
22.45,8174,8173,8174,
22.462,8174,8173,8174,
22.473,8174,8173,8174,
22.482,8174,8173,8174,
22.49,8174,8173,8174,
22.501,8174,8175,8174,
22.512,8174,8175,8174,
22.522,8179,8173,8174,
22.532,8177,8173,8174,
22.539,8177,8173,8174,
22.552,8177,8173,8174,
22.561,8177,8173,8174,
22.57,8177,8173,8174,
22.582,8177,8173,8174,
22.592,8177,8175,8172,
22.604,8179,8175,8174,
22.609,8177,8173,8172,
22.622,8177,8175,8174,
22.63,8177,8173,8174,
22.641,8177,8173,8174,
22.65,8177,8173,8174,
22.66,8177,8175,8174,
22.671,8177,8173,8174,
22.68,8177,8173,8174,
22.691,8177,8173,8174,
22.7,8177,8173,8172,
22.713,8177,8173,8174,
22.722,8177,8173,8174,
22.731,8174,8175,8174,
22.741,8174,8173,8174,
22.752,8174,8173,8174,
22.76,8174,8175,8174,
22.771,8174,8173,8174,
22.78,8174,8173,8172,
22.792,8174,8175,8177,
22.801,8171,8170,8177,
22.814,8171,8173,8174,
22.819,8174,8173,8174,
22.829,8174,8173,8174,
22.841,8174,8173,8174,
22.851,8174,8173,8174,
22.859,8174,8173,8174,
22.87,8174,8173,8174,
22.88,8174,8173,8174,
22.892,8174,8175,8177,
22.903,8174,8173,8177,
22.908,8174,8173,8177,
22.92,8174,8173,8177,
22.93,8174,8175,8177,
22.941,8174,8173,8177,
22.949,8174,8173,8177,
22.961,8174,8175,8177,
22.971,8174,8173,8177,
22.981,8171,8173,8177,
22.99,8174,8175,8177,
22.999,8177,8173,8174,
23.01,8177,8170,8177,
23.021,8174,8173,8172,
23.032,8174,8173,8174,
23.038,8174,8173,8174,
23.049,8174,8173,8174,
23.062,8174,8175,8174,
23.071,8174,8173,8174,
23.079,8174,8173,8174,
23.093,8174,8173,8177,
23.101,8174,8173,8177,
23.109,8174,8173,8177,
23.118,8174,8173,8177,
23.131,8174,8173,8177,
23.141,8177,8173,8174,
23.15,8177,8173,8177,
23.161,8177,8175,8177,
23.17,8179,8175,8177,
23.179,8174,8175,8177,
23.191,8179,8170,8174,
23.202,8179,8175,8174,
23.209,8179,8178,8174,
23.219,8179,8175,8174,
23.231,8177,8175,8174,
23.242,8177,8173,8174,
23.25,8177,8173,8174,
23.26,8177,8173,8174,
23.271,8177,8173,8174,
23.282,8177,8173,8174,
23.289,8177,8173,8174,
23.3,8177,8173,8174,
23.31,8177,8173,8174,
23.322,8177,8173,8174,
23.332,8177,8173,8174,
23.34,8177,8173,8174,
23.351,8177,8173,8174,
23.361,8177,8173,8174,
23.371,8177,8173,8174,
23.38,8177,8170,8174,
23.39,8177,8175,8174,
23.4,8174,8173,8174,
23.411,8177,8175,8174,
23.421,8177,8175,8172,
23.428,8177,8173,8174,
23.44,8177,8175,8174,
23.451,8177,8173,8174,
23.461,8177,8173,8174,
23.47,8177,8173,8174,
23.482,8177,8173,8174,
23.491,8177,8175,8172,
23.499,8177,8173,8174,
23.51,8177,8173,8174,
23.52,8177,8175,8174,
23.53,8177,8175,8174,
23.542,8177,8173,8174,
23.55,8177,8173,8174,
23.559,8177,8173,8174,
23.571,8177,8175,8174,
23.581,8174,8173,8174,
23.589,8177,8173,8174,
23.601,8179,8175,8174,
23.611,8177,8175,8172,
23.62,8177,8173,8177,
23.629,8177,8173,8174,
23.64,8177,8173,8174,
23.649,8177,8175,8174,
23.661,8177,8175,8174,
23.67,8177,8175,8172,
23.679,8177,8175,8174,
23.69,8177,8175,8174,
23.699,8177,8175,8174,
23.71,8177,8178,8174,
23.718,8177,8175,8174,
23.729,8177,8175,8174,
23.739,8177,8175,8174,
23.749,8177,8178,8174,
23.758,8177,8173,8174,
23.767,8177,8173,8174,
23.778,8177,8175,8174,
23.79,8177,8173,8177,
23.799,8174,8175,8172,
23.807,8177,8173,8177,
23.818,8177,8173,8177,
23.829,8177,8173,8177,
23.841,8177,8173,8177,
23.85,8177,8175,8177,
23.858,8177,8173,8177,
23.869,8177,8175,8177,
23.879,8177,8173,8177,
23.888,8179,8173,8174,
23.899,8177,8173,8177,
23.91,8177,8173,8177,
23.919,8177,8173,8177,
23.929,8177,8173,8177,
23.938,8177,8173,8177,
23.948,8177,8173,8177,
23.96,8177,8173,8177,
23.969,8177,8175,8177,
23.978,8177,8173,8177,
23.991,8174,8173,8177,
23.999,8174,8173,8174,
24.011,8174,8173,8174,
24.019,8174,8175,8174,
24.03,8174,8173,8174,
24.039,8174,8175,8174,
24.049,8174,8173,8174,
24.06,8174,8173,8174,
24.068,8174,8173,8174,
24.082,8174,8173,8174,
24.09,8177,8175,8174,
24.101,8177,8175,8174,
24.11,8177,8175,8174,
24.12,8177,8173,8177,
24.131,8177,8173,8177,
24.141,8177,8175,8177,
24.149,8177,8173,8177,
24.158,8177,8173,8177,
24.17,8177,8173,8180,
24.179,8177,8173,8177,
24.188,8174,8173,8177,
24.2,8171,8173,8174,
24.21,8171,8173,8180,
24.219,8171,8173,8174,
24.227,8174,8173,8174,
24.24,8174,8173,8174,
24.25,8174,8173,8174,
24.259,8174,8175,8174,
24.268,8174,8173,8174,
24.28,8174,8173,8174,
24.289,8177,8173,8174,
24.3,8177,8173,8174,
24.307,8177,8173,8174,
24.32,8177,8173,8177,
24.329,8177,8173,8177,
24.34,8177,8173,8177,
24.347,8177,8173,8177,
24.357,8177,8173,8177,
24.37,8177,8175,8177,
24.379,8174,8175,8177,
24.387,8177,8175,8177,
24.398,8174,8178,8174,
24.408,8177,8173,8180,
24.419,8177,8175,8177,
24.43,8177,8175,8174,
24.439,8177,8175,8174,
24.449,8177,8175,8174,
24.459,8177,8178,8174,
24.468,8177,8178,8174,
24.478,8177,8175,8174,
24.487,8179,8173,8174,
24.499,8177,8173,8172,
24.508,8177,8175,8174,
24.518,8177,8173,8174,
24.53,8177,8173,8174,
24.539,8177,8173,8174,
24.549,8174,8173,8174,
24.56,8177,8173,8174,
24.569,8177,8173,8174,
24.579,8174,8175,8174,
24.59,8177,8173,8174,
24.599,8174,8173,8177,
24.608,8177,8175,8169,
24.619,8177,8173,8174,
24.627,8177,8175,8177,
24.636,8177,8173,8177,
24.647,8177,8173,8177,
24.659,8177,8173,8177,
24.669,8174,8173,8177,
24.678,8177,8175,8177,
24.688,8177,8175,8177,
24.699,8177,8173,8177,
24.707,8177,8173,8177,
24.718,8177,8173,8177,
24.729,8177,8173,8177,
24.738,8177,8173,8177,
24.749,8177,8173,8177,
24.76,8174,8173,8177,
24.766,8177,8175,8177,
24.778,8177,8173,8174,
24.789,8177,8173,8177,
24.798,8174,8173,8174,
24.808,8174,8173,8177,
24.819,8177,8173,8177,
24.828,8177,8173,8177,
24.837,8177,8173,8174,
24.849,8177,8173,8174,
24.858,8177,8173,8174,
24.867,8177,8173,8174,
24.878,8177,8173,8174,
24.89,8177,8173,8174,
24.899,8177,8175,8174,
24.91,8177,8173,8174,
24.916,8177,8173,8174,
24.927,8225,8170,8180,
24.938,8342,8173,8190,
24.947,8468,8170,8200,
24.957,8594,8173,8218,
24.968,8758,8173,8226,
24.979,8957,8173,8205,
24.988,8933,8173,8238,
24.999,8852,8173,8279,
25.006,8850,8173,8277,
25.018,8822,8175,8274,
25.028,8819,8175,8269,
25.037,8813,8175,8274,
25.049,8802,8173,8272,
25.059,8788,8175,8264,
25.065,8793,8178,8264,
25.076,8777,8175,8269,
25.088,8769,8175,8266,
25.097,8772,8178,8261,
25.107,8761,8175,8259,
25.118,8766,8173,8266,
25.128,8756,8173,8254,
25.138,8750,8173,8259,
25.146,8736,8173,8259,
25.159,8733,8173,8256,
25.168,8822,8173,8231,
25.176,8916,8173,8216,
25.188,8827,8175,8246,
25.196,8745,8173,8256,
25.207,8727,8175,8248,
25.216,8699,8173,8251,
25.226,8694,8173,8251,
25.236,8694,8173,8241,
25.248,8683,8175,8241,
25.256,8678,8175,8254,
25.269,8675,8173,8241,
25.277,8670,8175,8248,
25.288,8670,8173,8235,
25.296,8670,8175,8241,
25.308,8644,8173,8238,
25.316,8650,8173,8243,
25.327,8644,8175,8241,
25.335,8642,8170,8243,
25.348,8635,8173,8238,
25.358,8650,8173,8223,
25.367,8727,8173,8205,
25.376,8802,8173,8192,
25.386,8733,8173,8216,
25.397,8656,8173,8228,
25.407,8624,8173,8231,
25.416,8613,8173,8228,
25.429,8605,8175,8223,
25.435,8605,8173,8231,
25.446,8600,8173,8226,
25.458,8597,8173,8228,
25.467,8592,8175,8221,
25.478,8589,8175,8226,
25.487,8600,8170,8221,
25.497,8589,8173,8226,
25.507,8589,8173,8228,
25.518,8578,8175,8223,
25.525,8581,8173,8228,
25.538,8586,8173,8223,
25.546,8576,8175,8228,
25.557,8578,8175,8226,
25.565,8630,8173,8216,
25.577,8750,8173,8198,
25.586,8653,8175,8216,
25.597,8592,8175,8231,
25.607,8573,8175,8223,
25.616,8567,8175,8218,
25.628,8558,8170,8223,
25.636,8553,8173,8221,
25.646,8549,8173,8223,
25.655,8544,8175,8221,
25.668,8546,8173,8223,
25.674,8549,8173,8216,
25.686,8541,8173,8221,
25.698,8538,8173,8221,
25.708,8541,8175,8218,
25.714,8536,8173,8221,
25.726,8533,8173,8218,
25.737,8538,8173,8218,
25.747,8536,8173,8216,
25.758,8533,8175,8213,
25.765,8576,8175,8203,
25.775,8697,8173,8190,
25.787,8624,8175,8213,
25.796,8549,8175,8216,
25.805,8536,8173,8216,
25.816,8525,8175,8216,
25.826,8519,8173,8216,
25.839,8527,8173,8213,
25.847,8525,8175,8218,
25.858,8525,8173,8216,
25.868,8527,8173,8216,
25.876,8527,8173,8216,
25.886,8517,8173,8221,
25.895,8517,8173,8216,
25.908,8514,8173,8216,
25.915,8514,8175,8213,
25.93,8514,8173,8213,
25.936,8511,8175,8216,
25.946,8511,8173,8210,
25.956,8519,8173,8208,
25.968,8586,8170,8195,
25.974,8691,8173,8187,
25.987,8632,8173,8205,
25.996,8530,8173,8218,
26.007,8514,8173,8213,
26.017,8509,8173,8210,
26.025,8506,8173,8213,
26.037,8503,8175,8213,
26.048,8506,8173,8210,
26.057,8503,8173,8213,
26.066,8500,8173,8213,
26.076,8503,8175,8210,
26.084,8506,8175,8213,
26.096,8503,8175,8210,
26.105,8511,8173,8213,
26.117,8511,8175,8216,
26.128,8514,8175,8213,
26.135,8511,8170,8216,
26.146,8517,8173,8216,
26.157,8514,8173,8210,
26.166,8573,8170,8203,
26.176,8680,8181,8187,
26.188,8622,8173,8198,
26.194,8517,8170,8213,
26.206,8500,8178,8208,
26.214,8495,8175,8210,
26.226,8498,8173,8210,
26.235,8495,8173,8208,
26.244,8495,8173,8205,
26.255,8487,8175,8208,
26.266,8495,8173,8210,
26.277,8492,8175,8208,
26.284,8490,8173,8210,
26.296,8487,8173,8208,
26.306,8484,8175,8213,
26.315,8479,8175,8210,
26.325,8476,8175,8208,
26.335,8479,8173,8208,
26.347,8471,8175,8205,
26.355,8468,8173,8205,
26.365,8495,8173,8205,
26.377,8600,8170,8185,
26.385,8597,8173,8195,
26.397,8495,8170,8210,
26.405,8476,8173,8210,
26.417,8471,8170,8208,
26.424,8468,8170,8208,
26.437,8463,8170,8208,
26.447,8458,8170,8205,
26.458,8452,8170,8205,
26.466,8450,8170,8208,
26.475,8444,8170,8205,
26.485,8447,8173,8205,
26.495,8442,8173,8208,
26.506,8444,8173,8205,
26.514,8442,8175,8205,
26.527,8442,8175,8205,
26.535,8442,8175,8205,
26.544,8436,8175,8205,
26.557,8442,8173,8203,
26.567,8481,8175,8195,
26.576,8573,8170,8182,
26.584,8517,8175,8198,
26.594,8450,8173,8203,
26.604,8433,8175,8200,
26.615,8433,8173,8200,
26.625,8425,8173,8200,
26.634,8428,8175,8200,
26.648,8428,8175,8200,
26.653,8423,8175,8200,
26.666,8425,8173,8200,
26.676,8420,8173,8203,
26.687,8420,8175,8205,
26.696,8423,8173,8203,
26.705,8420,8173,8203,
26.716,8420,8175,8200,
26.726,8417,8173,8203,
26.736,8420,8173,8200,
26.744,8417,8173,8203,
26.754,8420,8175,8200,
26.766,8442,8173,8198,
26.776,8527,8173,8180,
26.785,8530,8173,8187,
26.795,8450,8173,8203,
26.804,8423,8170,8200,
26.813,8417,8175,8200,
26.826,8414,8175,8200,
26.836,8417,8175,8198,
26.847,8417,8173,8198,
26.853,8414,8173,8200,
26.866,8414,8173,8200,
26.873,8412,8175,8198,
26.885,8414,8173,8198,
26.894,8414,8175,8200,
26.905,8412,8173,8200,
26.914,8406,8173,8203,
26.924,8412,8173,8200,
26.935,8409,8173,8200,
26.947,8414,8173,8200,
26.956,8414,8173,8200,
26.964,8447,8175,8187,
26.975,8538,8170,8180,
26.984,8490,8175,8203,
26.997,8428,8173,8203,
27.002,8417,8178,8203,
27.017,8414,8175,8203,
27.024,8414,8173,8200,
27.037,8412,8173,8203,
27.045,8412,8173,8203,
27.054,8409,8173,8203,
27.065,8406,8175,8200,
27.073,8406,8173,8203,
27.085,8409,8173,8203,
27.094,8406,8173,8203,
27.106,8406,8173,8203,
27.114,8409,8175,8198,
27.124,8409,8173,8200,
27.135,8409,8173,8200,
27.143,8406,8173,8198,
27.155,8409,8173,8200,
27.165,8428,8175,8198,
27.174,8495,8173,8190,
27.183,8447,8173,8195,
27.194,8409,8175,8200,
27.205,8404,8170,8198,
27.215,8401,8173,8198,
27.225,8404,8173,8198,
27.234,8401,8173,8198,
27.244,8401,8175,8198,
27.253,8404,8170,8200,
27.263,8404,8170,8200,
27.274,8404,8173,8198,
27.283,8404,8173,8195,
27.295,8401,8175,8200,
27.303,8396,8173,8198,
27.315,8398,8173,8198,
27.325,8396,8175,8198,
27.334,8396,8173,8195,
27.344,8396,8175,8198,
27.355,8396,8175,8200,
27.365,8414,8173,8192,
27.373,8490,8175,8182,
27.384,8447,8173,8195,
27.393,8398,8175,8198,
27.403,8390,8173,8195,
27.416,8387,8173,8195,
27.422,8385,8173,8195,
27.435,8382,8173,8198,
27.444,8382,8173,8195,
27.455,8385,8175,8195,
27.465,8382,8175,8195,
27.475,8382,8175,8195,
27.484,8382,8173,8192,
27.495,8382,8175,8192,
27.505,8377,8173,8198,
27.517,8372,8175,8195,
27.525,8377,8173,8198,
27.535,8377,8173,8192,
27.545,8377,8173,8192,
27.554,8372,8175,8195,
27.564,8387,8175,8190,
27.574,8450,8168,8180,
27.583,8412,8175,8195,
27.593,8372,8170,8195,
27.603,8366,8175,8198,
27.613,8366,8175,8198,
27.623,8369,8175,8198,
27.633,8366,8173,8198,
27.645,8369,8175,8195,
27.657,8366,8173,8198,
27.663,8366,8175,8195,
27.673,8364,8173,8195,
27.683,8364,8173,8195,
27.696,8364,8173,8198,
27.704,8358,8173,8195,
27.714,8358,8175,8195,
27.722,8361,8173,8195,
27.735,8361,8173,8192,
27.743,8361,8173,8192,
27.755,8358,8175,8195,
27.762,8372,8175,8192,
27.776,8425,8170,8185,
27.782,8390,8178,8195,
27.795,8364,8175,8192,
27.806,8358,8173,8192,
27.814,8358,8173,8192,
27.823,8358,8173,8190,
27.834,8358,8175,8192,
27.844,8356,8173,8192,
27.854,8356,8175,8192,
27.862,8353,8173,8190,
27.876,8350,8173,8190,
27.886,8347,8173,8190,
27.892,8345,8173,8190,
27.904,8347,8173,8192,
27.912,8345,8173,8192,
27.924,8347,8175,8190,
27.933,8342,8173,8192,
27.945,8345,8175,8190,
27.952,8345,8173,8187,
27.966,8353,8175,8187,
27.973,8409,8175,8180,
27.983,8409,8173,8185,
27.993,8350,8175,8192,
28.003,8337,8173,8192,
28.015,8331,8175,8190,
28.025,8329,8173,8190,
28.034,8329,8173,8190,
28.043,8326,8173,8190,
28.053,8329,8173,8187,
28.064,8323,8175,8187,
28.072,8326,8173,8187,
28.082,8323,8175,8187,
28.094,8318,8173,8187,
28.102,8318,8173,8187,
28.113,8315,8175,8187,
28.122,8315,8173,8187,
28.136,8312,8175,8187,
28.142,8310,8175,8187,
28.153,8310,8175,8187,
28.163,8323,8175,8185,
28.173,8372,8173,8177,
28.185,8364,8175,8182,
28.194,8315,8175,8190,
28.204,8304,8173,8185,
28.214,8299,8173,8187,
28.223,8299,8173,8190,
28.232,8296,8173,8187,
28.244,8293,8173,8187,
28.252,8291,8173,8187,
28.266,8291,8173,8187,
28.272,8291,8173,8187,
28.282,8288,8175,8187,
28.294,8288,8173,8187,
28.304,8288,8173,8187,
28.316,8283,8173,8185,
28.321,8285,8173,8185,
28.333,8285,8175,8185,
28.343,8283,8175,8182,
28.353,8283,8175,8185,
28.364,8288,8173,8180,
28.374,8326,8175,8177,
28.384,8301,8175,8187,
28.393,8283,8173,8185,
28.404,8283,8173,8185,
28.413,8283,8175,8182,
28.424,8283,8173,8185,
28.435,8283,8175,8185,
28.443,8283,8173,8185,
28.454,8283,8175,8185,
28.463,8279,8173,8182,
28.473,8283,8173,8185,
28.484,8279,8173,8182,
28.494,8283,8173,8185,
28.503,8279,8173,8182,
28.512,8279,8173,8182,
28.524,8279,8173,8185,
28.532,8276,8173,8185,
28.542,8276,8175,8185,
28.552,8276,8175,8185,
28.563,8283,8175,8185,
28.572,8312,8173,8180,
28.582,8288,8173,8185,
28.593,8271,8175,8185,
28.604,8276,8173,8182,
28.613,8276,8175,8185,
28.624,8276,8175,8182,
28.634,8279,8175,8182,
28.642,8279,8173,8182,
28.653,8279,8175,8185,
28.662,8279,8173,8182,
28.673,8276,8173,8182,
28.684,8273,8175,8182,
28.692,8271,8175,8182,
28.701,8271,8173,8182,
28.712,8268,8173,8182,
28.724,8268,8175,8185,
28.733,8268,8173,8185,
28.741,8268,8173,8185,
28.753,8268,8175,8185,
28.764,8283,8175,8180,
28.773,8318,8173,8177,
28.784,8296,8173,8185,
28.791,8265,8175,8182,
28.801,8263,8175,8182,
28.812,8265,8175,8182,
28.823,8263,8175,8185,
28.832,8263,8175,8180,
28.84,8260,8175,8180,
28.853,8260,8175,8180,
28.862,8260,8175,8180,
28.872,8257,8178,8182,
28.882,8257,8175,8180,
28.891,8252,8175,8180,
28.9,8252,8175,8180,
28.909,8249,8175,8180,
28.922,8249,8173,8180,
28.933,8246,8173,8182,
28.942,8246,8173,8180,
28.951,8244,8175,8182,
28.962,8249,8173,8180,
28.973,8273,8173,8177,
28.983,8257,8173,8182,
28.991,8244,8173,8187,
29.002,8241,8173,8180,
29.013,8246,8173,8182,
29.023,8246,8173,8182,
29.034,8246,8173,8180,
29.039,8246,8173,8180,
29.053,8246,8173,8180,
29.063,8246,8173,8177,
29.073,8246,8173,8180,
29.082,8246,8173,8177,
29.091,8244,8173,8180,
29.1,8244,8173,8177,
29.111,8241,8173,8180,
29.122,8244,8173,8180,
29.133,8241,8173,8182,
29.141,8241,8173,8182,
29.151,8241,8173,8182,
29.165,8244,8175,8180,
29.171,8260,8173,8177,
29.18,8257,8173,8180,
29.191,8233,8173,8185,
29.202,8233,8173,8180,
29.211,8238,8173,8180,
29.22,8238,8173,8180,
29.232,8235,8173,8180,
29.241,8235,8173,8180,
29.252,8235,8173,8180,
29.259,8235,8175,8180,
29.273,8235,8173,8180,
29.281,8235,8173,8180,
29.293,8233,8173,8180,
29.301,8235,8173,8180,
29.312,8233,8173,8180,
29.322,8233,8173,8180,
29.332,8233,8173,8180,
29.343,8233,8173,8180,
29.353,8233,8173,8177,
29.361,8238,8173,8177,
29.373,8257,8173,8174,
29.379,8249,8173,8180,
29.392,8230,8175,8177,
29.401,8233,8170,8177,
29.411,8235,8173,8177,
29.423,8233,8173,8177,
29.429,8233,8173,8177,
29.444,8233,8173,8180,
29.452,8233,8175,8180,
29.461,8230,8173,8180,
29.47,8227,8173,8180,
29.479,8227,8173,8180,
29.49,8225,8173,8180,
29.503,8222,8173,8180,
29.511,8222,8175,8180,
29.522,8219,8173,8180,
29.533,8219,8173,8180,
29.542,8219,8173,8180,
29.55,8219,8175,8180,
29.565,8222,8175,8180,
29.569,8235,8173,8177,
29.58,8227,8173,8182,
29.592,8217,8173,8180,
29.602,8217,8173,8180,
29.613,8219,8173,8180,
29.621,8214,8175,8180,
29.632,8214,8173,8180,
29.641,8211,8175,8180,
29.651,8211,8175,8177,
29.661,8208,8173,8177,
29.673,8208,8175,8177,
29.679,8206,8175,8174,
29.693,8206,8173,8177,
29.699,8203,8173,8177,
29.712,8203,8175,8174,
29.722,8200,8173,8174,
29.731,8200,8175,8177,
29.742,8200,8173,8174,
29.752,8200,8175,8174,
29.761,8203,8173,8174,
29.769,8211,8173,8174,
29.782,8206,8175,8174,
29.792,8198,8175,8174,
29.802,8195,8175,8177,
29.811,8195,8175,8177,
29.819,8195,8175,8174,
29.836,8198,8173,8174,
29.841,8198,8173,8174,
29.85,8195,8173,8177,
29.86,8195,8173,8177,
29.869,8195,8173,8177,
29.882,8198,8173,8177,
29.891,8195,8175,8177,
29.9,8195,8173,8177,
29.909,8195,8173,8177,
29.923,8195,8175,8177,
29.931,8188,8175,8177,
29.939,8188,8173,8177,
29.951,8188,8175,8177,
29.96,8192,8175,8177,
29.973,8195,8173,8177,
29.981,8195,8170,8177,
29.989,8192,8173,8177,
30.002,8192,8175,8180,
30.012,8192,8173,8177,
30.018,8192,8173,8180,
30.03,8192,8173,8177,
30.04,8195,8173,8177,
30.052,8195,8173,8177,
30.062,8195,8173,8174,
30.07,8195,8173,8174,
30.08,8195,8173,8174,
30.092,8198,8173,8177,
30.101,8198,8173,8174,
30.11,8198,8175,8174,
30.12,8198,8173,8177,
30.132,8198,8175,8174,
30.14,8198,8170,8174,
30.15,8198,8173,8174,
30.163,8198,8173,8177,
30.17,8203,8173,8177,
30.181,8198,8173,8177,
30.19,8192,8173,8172,
30.2,8192,8173,8174,
30.209,8188,8173,8174,
30.222,8188,8173,8174,
30.233,8185,8173,8174,
30.239,8185,8173,8174,
30.252,8182,8173,8174,
30.261,8182,8173,8174,
30.269,8179,8173,8174,
30.28,8177,8173,8174,
30.289,8174,8173,8174,
30.3,8174,8173,8174,
30.311,8174,8173,8172,
30.317,8174,8173,8172,
30.331,8171,8173,8174,
30.34,8158,8175,8177,
30.349,8160,8175,8174,
30.362,8155,8175,8174,
30.368,8144,8175,8174,
30.382,8141,8175,8174,
30.392,8133,8175,8177,
30.401,8125,8178,8172,
30.413,8117,8178,8174,
30.419,8109,8175,8174,
30.429,8101,8178,8174,
30.44,8092,8178,8174,
30.45,8083,8178,8174,
30.459,8072,8181,8174,
30.47,8061,8183,8177,
30.48,8047,8186,8177,
30.49,8037,8183,8177,
30.5,8020,8183,8177,
30.508,8007,8186,8177,
30.52,7986,8186,8177,
30.531,7972,8191,8177,
30.539,7951,8201,8177,
30.551,7929,8193,8177,
30.561,7870,8193,8177,
30.572,7812,8196,8167,
30.58,7848,8206,8172,
30.592,7838,8206,8169,
30.599,7829,8199,8174,
30.611,7812,8222,8174,
30.617,7793,8222,8172,
30.633,7784,8232,8172,
30.64,7757,8222,8177,
30.651,7746,8209,8174,
30.66,7733,8222,8174,
30.673,7724,8232,8174,
30.681,7715,8227,8177,
30.691,7699,8250,8177,
30.699,7679,8222,8180,
30.708,7688,8237,8180,
30.717,7702,8247,8172,
30.732,7679,8219,8174,
30.738,7691,8255,8177,
30.75,7663,8247,8180,
30.759,7616,8217,8172,
30.768,7530,8201,8169,
30.782,7514,8217,8167,
30.791,7619,8265,8174,
30.8,7644,8255,8174,
30.81,7621,8250,8177,
30.819,7616,8252,8172,
30.83,7635,8255,8174,
30.839,7621,8257,8174,
30.848,7658,8247,8169,
30.86,7611,8247,8174,
30.87,7639,8255,8172,
30.882,7624,8265,8177,
30.891,7602,8260,8180,
30.9,7592,8263,8177,
30.909,7597,8242,8180,
30.92,7592,8255,8177,
30.929,7592,8301,8180,
30.94,7578,8281,8177,
30.949,7566,8255,8177,
30.96,7535,8219,8180,
30.968,7390,8217,8182,
30.981,7428,8245,8172,
30.99,7535,8294,8177,
30.999,7561,8270,8172,
31.01,7544,8260,8180,
31.021,7566,8278,8174,
31.031,7561,8268,8180,
31.041,7544,8247,8180,
31.047,7566,8257,8169,
31.06,7586,8247,8174,
31.069,7569,8252,8172,
31.081,7550,8265,8174,
31.087,7574,8250,8177,
31.099,7563,8247,8172,
31.11,7558,8281,8180,
31.12,7563,8263,8177,
31.126,7605,8247,8174,
31.139,7589,8257,8169,
31.15,7544,8263,8185,
31.158,7519,8245,8163,
31.172,7393,8214,8169,
31.177,7409,8239,8172,
31.188,7527,8239,8177,
31.197,7555,8255,8169,
31.208,7541,8278,8169,
31.218,7566,8265,8172,
31.231,7550,8283,8174,
31.24,7553,8281,8174,
31.249,7547,8286,8174,
31.257,7561,8247,8180,
31.269,7555,8278,8177,
31.279,7569,8281,8185,
31.289,7572,8296,8169,
31.298,7594,8257,8177,
31.308,7602,8268,8174,
31.318,7574,8268,8169,
31.33,7581,8270,8172,
31.34,7569,8257,8177,
31.349,7602,8227,8172,
31.359,7538,8252,8167,
31.37,7414,8196,8177,
31.378,7456,8255,8174,
31.387,7555,8232,8167,
31.401,7611,8273,8172,
31.408,7589,8252,8174,
31.418,7597,8247,8174,
31.43,7602,8245,8180,
31.438,7602,8245,8177,
31.449,7613,8263,8182,
31.459,7616,8257,8177,
31.468,7611,8260,8180,
31.479,7632,8250,8174,
31.49,7605,8232,8180,
31.502,7635,8255,8174,
31.509,7613,8250,8177,
31.518,7621,8268,8174,
31.528,7629,8242,8174,
31.539,7627,8257,8169,
31.549,7647,8245,8174,
31.557,7594,8224,8174,
31.57,7464,8214,8180,
31.577,7459,8224,8172,
31.588,7574,8250,8180,
31.597,7600,8273,8177,
31.608,7641,8242,8174,
31.617,7619,8237,8172,
31.628,7658,8237,8172,
31.641,7658,8242,8180,
31.648,7639,8260,8182,
31.658,7632,8242,8177,
31.667,7639,8252,8180,
31.677,7639,8245,8174,
31.688,7641,8265,8180,
31.697,7639,8276,8177,
31.708,7668,8247,8169,
31.719,7649,8232,8167,
31.727,7676,8237,8174,
31.74,7658,8257,8174,
31.749,7639,8222,8172,
31.759,7589,8227,8177,
31.767,7479,8212,8177,
31.777,7481,8217,8169,
31.79,7611,8252,8174,
31.798,7660,8250,8177,
31.809,7629,8245,8180,
31.818,7674,8245,8177,
31.828,7658,8260,8172,
31.839,7679,8245,8174,
31.847,7649,8227,8177,
31.858,7671,8237,8172,
31.866,7676,8224,8177,
31.88,7674,8230,8177,
31.889,7696,8270,8174,
31.896,7696,8245,8169,
31.909,7682,8237,8172,
31.917,7676,8247,8169,
31.928,7660,8237,8180,
31.939,7671,8242,8177,
31.948,7660,8239,8177,
31.958,7608,8212,8172,
31.968,7497,8214,8174,
31.977,7535,8230,8174,
31.987,7647,8247,8172,
31.997,7663,8230,8167,
32.006,7655,8247,8174,
32.02,7668,8247,8174,
32.029,7671,8232,8180,
32.037,7671,8239,8169,
32.046,7660,8242,8172,
32.06,7660,8242,8177,
32.068,7666,8239,8174,
32.078,7660,8232,8174,
32.087,7666,8242,8169,
32.097,7668,8255,8172,
32.107,7658,8255,8169,
32.119,7644,8247,8174,
32.127,7668,8247,8174,
32.138,7632,8255,8172,
32.147,7647,8237,8174,
32.155,7589,8230,8177,
32.169,7489,8206,8177,
32.178,7525,8224,8174,
32.187,7649,8250,8177,
32.196,7652,8265,8172,
32.208,7658,8222,8174,
32.221,7644,8247,8182,
32.227,7647,8255,8174,
32.236,7658,8250,8177,
32.249,7649,8222,8174,
32.257,7666,8237,8172,
32.268,7674,8227,8174,
32.277,7676,8232,8177,
32.285,7668,8239,8174,
32.297,7688,8224,8169,
32.306,7696,8242,8172,
32.318,7688,8237,8174,
32.327,7666,8239,8174,
32.338,7676,8252,8172,
32.345,7668,8237,8169,
32.359,7621,8222,8169,
32.367,7530,8230,8174,
32.376,7578,8222,8174,
32.387,7660,8247,8174,
32.4,7699,8250,8177,
32.407,7710,8245,8177,
32.417,7715,8250,8174,
32.426,7707,8242,8174,
32.437,7713,8239,8172,
32.45,7733,8232,8177,
32.456,7715,8239,8169,
32.468,7710,8237,8169,
32.477,7718,8224,8174,
32.488,7741,8214,8172,
32.498,7746,8224,8174,
32.508,7749,8224,8177,
32.517,7752,8232,8180,
32.528,7746,8219,8180,
32.535,7762,8222,8174,
32.547,7746,8222,8177,
32.558,7726,8222,8177,
32.566,7639,8206,8174,
32.575,7663,8214,8177,
32.585,7743,8217,8174,
32.595,7768,8217,8174,
32.609,7762,8224,8174,
32.617,7752,8239,8172,
32.628,7746,8245,8177,
32.639,7762,8222,8174,
32.646,7773,8232,8174,
32.657,7781,8222,8172,
32.667,7796,8222,8172,
32.678,7776,8224,8172,
32.686,7781,8230,8177,
32.698,7779,8222,8174,
32.708,7793,8232,8174,
32.717,7799,8227,8177,
32.726,7807,8222,8177,
32.738,7799,8237,8177,
32.746,7809,8227,8174,
32.757,7771,8199,8177,
32.767,7694,8201,8180,
32.776,7741,8217,8182,
32.787,7807,8230,8180,
32.796,7835,8217,8177,
32.809,7815,8214,8177,
32.817,7809,8219,8177,
32.828,7804,8224,8174,
32.837,7812,8222,8177,
32.846,7815,8204,8172,
32.856,7804,8227,8174,
32.866,7829,8217,8174,
32.876,7818,8212,8174,
32.887,7796,8217,8172,
32.898,7807,8222,8174,
32.906,7824,8214,8174,
32.915,7815,8219,8177,
32.926,7827,8217,8177,
32.936,7843,8209,8177,
32.95,7838,8204,8180,
32.958,7799,8199,8177,
32.964,7752,8193,8172,
32.976,7799,8206,8177,
32.988,7862,8217,8174,
32.996,7867,8209,8180,
33.005,7867,8204,8177,
33.015,7884,8204,8174,
33.027,7901,8206,8174,
33.035,7904,8204,8174,
33.046,7895,8199,8172,
33.055,7923,8209,8172,
33.066,7929,8196,8177,
33.075,7940,8214,8174,
33.087,7956,8199,8174,
33.097,7964,8193,8174,
33.107,7970,8193,8174,
33.115,7970,8193,8172,
33.127,7988,8188,8174,
33.137,7988,8196,8174,
33.149,7998,8191,8177,
33.154,7988,8181,8172,
33.168,7956,8186,8169,
33.176,8012,8191,8174,
33.187,8018,8183,8174,
33.199,8026,8191,8174,
33.205,8034,8183,8177,
33.218,8042,8188,8174,
33.226,8047,8181,8174,
33.237,8058,8188,8174,
33.247,8066,8181,8174,
33.258,8083,8181,8174,
33.267,8085,8178,8174,
33.277,8103,8175,8174,
33.287,8117,8178,8174,
33.299,8133,8175,8174,
33.307,8144,8173,8174,
33.315,8158,8173,8174,
33.326,8171,8173,8174,
33.337,8185,8173,8174,
33.347,8192,8170,8174,
33.357,8203,8173,8177,
33.366,8206,8165,8167,
33.377,8192,8173,8174,
33.387,8182,8175,8174,
33.396,8179,8173,8174,
33.405,8179,8173,8177,
33.416,8182,8173,8172,
33.428,8179,8173,8174,
33.437,8182,8175,8177,
33.446,8182,8173,8177,
33.456,8182,8173,8177,
33.465,8182,8173,8177,
33.473,8185,8175,8177,
33.485,8188,8173,8177,
33.497,8188,8173,8177,
33.507,8188,8173,8177,
33.515,8188,8173,8177,
33.525,8188,8173,8177,
33.537,8185,8173,8174,
33.546,8185,8173,8174,
33.556,8185,8173,8174,
33.565,8185,8175,8174,
33.575,8185,8173,8174,
33.588,8179,8175,8174,
33.597,8179,8175,8174,
33.606,8177,8173,8174,
33.615,8177,8173,8174,
33.626,8179,8173,8174,
33.637,8177,8175,8174,
33.643,8177,8173,8174,
33.655,8177,8175,8174,
33.667,8177,8173,8177,
33.677,8177,8175,8174,
33.684,8177,8173,8174,
33.696,8177,8175,8174,
33.706,8177,8173,8174,
33.714,8177,8173,8174,
33.728,8177,8173,8174,
33.736,8177,8173,8174,
33.747,8177,8173,8174,
33.754,8177,8175,8174,
33.767,8174,8175,8177,
33.775,8177,8173,8174,
33.783,8174,8173,8174,
33.797,8177,8173,8172,
33.807,8177,8173,8174,
33.816,8177,8173,8174,
33.824,8177,8175,8174,
33.835,8177,8175,8174,
33.845,8177,8175,8174,
33.854,8177,8173,8174,
33.863,8177,8173,8174,
33.876,8177,8175,8174,
33.886,8177,8175,8174,
33.894,8177,8173,8174,
33.905,8177,8175,8174,
33.914,8177,8173,8174,
33.925,8177,8173,8174,
33.934,8177,8173,8174,
33.946,8177,8175,8174,
33.955,8177,8173,8174,
33.964,8179,8173,8172,
33.977,8177,8173,8174,
33.983,8179,8175,8174,
33.995,8177,8175,8172,
34.003,8177,8173,8174,
34.016,8177,8173,8174,
34.027,8177,8173,8174,
34.033,8177,8173,8177,
34.044,8177,8173,8174,
34.055,8177,8173,8174,
34.066,8177,8175,8174,
34.076,8179,8173,8174,
34.087,8177,8175,8174,
34.095,8177,8175,8174,
34.106,8177,8173,8174,
34.115,8177,8175,8174,
34.125,8177,8173,8174,
34.134,8177,8173,8174,
34.147,8177,8173,8174,
34.154,8179,8173,8177,
34.167,8177,8173,8180,
34.173,8179,8173,8177,
34.186,8177,8173,8174,
34.197,8177,8173,8177,
34.206,8177,8173,8177,
34.215,8177,8173,8177,
34.223,8179,8173,8177,
34.237,8177,8175,8177,
34.243,8177,8175,8177,
34.253,8177,8173,8174,
34.266,8179,8173,8174,
34.277,8177,8175,8174,
34.285,8177,8175,8174,
34.293,8177,8173,8174,
34.305,8177,8173,8172,
34.316,8177,8173,8174,
34.323,8177,8175,8174,
34.334,8177,8175,8174,
34.343,8177,8175,8177,
34.356,8177,8175,8174,
34.364,8179,8173,8174,
34.376,8177,8173,8174,
34.385,8179,8173,8174,
34.395,8179,8173,8174,
34.406,8179,8173,8177,
34.412,8177,8173,8177,
34.425,8177,8173,8174,
34.434,8177,8173,8174,
34.444,8177,8175,8174,
34.456,8177,8175,8174,
34.462,8177,8175,8174,
34.474,8177,8175,8174,
34.487,8177,8175,8174,
34.493,8177,8175,8174,
34.505,8177,8173,8174,
34.514,8177,8173,8174,
34.525,8177,8173,8174,
34.534,8177,8173,8174,
34.546,8177,8173,8174,
34.555,8177,8173,8174,
34.565,8179,8173,8177,
34.575,8177,8173,8177,
34.583,8179,8175,8177,
34.594,8179,8175,8177,
34.604,8177,8173,8177,
34.616,8177,8173,8177,
34.623,8177,8175,8177,
34.633,8177,8175,8177,
34.646,8177,8173,8177,
34.652,8177,8175,8177,
34.663,8177,8175,8174,
34.674,8177,8175,8174,
34.683,8177,8173,8174,
34.694,8177,8175,8174,
34.703,8177,8173,8174,
34.712,8177,8173,8174,
34.723,8177,8173,8174,
34.735,8177,8178,8177,
34.743,8177,8175,8174,
34.754,8177,8175,8177,
34.764,8177,8175,8174,
34.772,8177,8173,8180,
34.786,8177,8175,8180,
34.794,8179,8175,8174,
34.802,8179,8173,8177,
34.815,8177,8173,8177,
34.824,8177,8173,8177,
34.835,8177,8175,8177,
34.845,8177,8173,8177,
34.853,8177,8175,8177,
34.865,8177,8175,8177,
34.875,8177,8173,8177,
34.883,8177,8173,8177,
34.894,8177,8175,8177,
34.905,8177,8173,8177,
34.916,8177,8173,8177,
34.923,8177,8175,8177,
34.934,8177,8173,8177,
34.945,8174,8173,8177,
34.957,8174,8175,8177,
34.963,8174,8175,8174,
34.975,8174,8175,8174,
34.984,8174,8178,8177,
34.994,8174,8173,8177,
35.003,8174,8173,8174,
35.015,8174,8175,8174,
35.024,8174,8173,8174,
35.035,8174,8175,8174,
35.043,8177,8173,8174,
35.054,8177,8175,8174,
35.064,8177,8175,8174,
35.075,8177,8173,8177,
35.083,8177,8175,8177,
35.093,8177,8175,8177,
35.103,8177,8175,8177,
35.113,8177,8175,8177,
35.122,8177,8175,8177,
35.133,8177,8173,8177,
35.143,8179,8175,8177,
35.152,8174,8175,8177,
35.161,8174,8175,8177,
35.176,8174,8175,8177,
35.183,8177,8175,8174,
35.195,8177,8170,8177,
35.203,8174,8173,8174,
35.216,8174,8173,8174,
35.222,8174,8173,8174,
35.234,8174,8173,8174,
35.244,8174,8173,8174,
35.254,8177,8175,8174,
35.265,8177,8173,8174,
35.275,8177,8173,8174,
35.284,8177,8173,8174,
35.294,8177,8175,8174,
35.303,8177,8173,8174,
35.314,8177,8175,8174,
35.322,8177,8175,8174,
35.332,8177,8170,8174,
35.345,8177,8173,8174,
35.353,8177,8175,8174,
35.364,8174,8175,8174,
35.373,8177,8173,8174,
35.383,8174,8173,8172,
35.392,8174,8173,8174,
35.402,8177,8175,8174,
35.413,8177,8173,8174,
35.425,8177,8175,8174,
35.431,8177,8173,8174,
35.444,8177,8175,8174,
35.455,8177,8173,8174,
35.463,8177,8173,8174,
35.475,8177,8173,8174,
35.484,8177,8173,8174,
35.492,8174,8173,8174,
35.503,8177,8173,8174,
35.512,8177,8175,8174,
35.523,8177,8173,8174,
35.533,8177,8173,8172,
35.544,8177,8173,8174,
35.556,8177,8175,8174,
35.566,8177,8175,8177,
35.573,8174,8175,8174,
35.584,8174,8175,8174,
35.593,8174,8173,8177,
35.602,8174,8175,8177,
35.611,8174,8175,8177,
35.624,8174,8175,8177,
35.632,8174,8173,8177,
35.644,8174,8173,8177,
35.65,8174,8175,8177,
35.661,8174,8175,8177,
35.672,8177,8173,8177,
35.684,8177,8173,8177,
35.692,8177,8173,8174,
35.703,8177,8175,8174,
35.712,8177,8173,8174,
35.723,8177,8173,8174,
35.734,8177,8173,8174,
35.742,8177,8175,8174,
35.751,8179,8175,8174,
35.767,8177,8173,8174,
35.772,8177,8175,8177,
35.783,8174,8173,8177,
35.791,8177,8175,8174,
35.802,8179,8173,8174,
35.813,8177,8173,8174,
35.822,8179,8173,8174,
35.832,8179,8173,8174,
35.843,8177,8173,8174,
35.852,8177,8173,8174,
35.864,8177,8173,8174,
35.872,8177,8173,8174,
35.883,8177,8173,8174,
35.892,8177,8175,8174,
35.902,8177,8175,8174,
35.913,8177,8175,8174,
35.925,8177,8175,8174,
35.934,8177,8175,8174,
35.941,8177,8173,8177,
35.95,8177,8175,8174,
35.962,8177,8173,8174,
35.971,8179,8173,8177,
35.982,8177,8175,8174,
35.993,8177,8175,8174,
36.003,8174,8175,8177,
36.014,8174,8175,8177,
36.023,8174,8175,8177,
36.031,8174,8173,8177,
36.042,8174,8173,8177,
36.052,8174,8173,8177,
36.063,8174,8173,8177,
36.071,8174,8173,8177,
36.082,8174,8175,8180,
36.091,8177,8173,8177,
36.103,8177,8173,8174,
36.113,8177,8175,8174,
36.123,8177,8173,8174,
36.132,8177,8173,8174,
36.141,8177,8175,8177,
36.151,8177,8175,8174,
36.163,8179,8175,8174,
36.17,8179,8173,8174,
36.183,8174,8173,8174,
36.193,8177,8173,8174,
36.202,8177,8173,8174,
36.212,8177,8173,8174,
36.221,8177,8173,8174,
36.231,8177,8173,8174,
36.242,8177,8173,8174,
36.251,8177,8173,8177,
36.262,8177,8173,8174,
36.272,8177,8173,8174,
36.284,8177,8173,8174,
36.291,8177,8175,8174,
36.302,8174,8173,8174,
36.313,8174,8173,8174,
36.322,8174,8173,8174,
36.332,8174,8178,8174,
36.341,8174,8173,8174,
36.352,8174,8173,8177,
36.362,8174,8175,8174,
36.372,8174,8173,8174,
36.382,8174,8175,8177,
36.393,8177,8173,8177,
36.401,8177,8175,8174,
36.412,8177,8173,8174,
36.421,8174,8173,8174,
36.432,8174,8173,8174,
36.442,8174,8173,8174,
36.452,8174,8173,8174,
36.464,8177,8173,8174,
36.471,8174,8173,8174,
36.481,8174,8173,8174,
36.494,8174,8173,8174,
36.501,8174,8173,8174,
36.51,8177,8175,8180,
36.524,8177,8173,8177,
36.531,8177,8175,8177,
36.542,8177,8173,8177,
36.552,8177,8173,8180,
36.562,8177,8173,8180,
36.572,8177,8173,8177,
36.581,8179,8173,8177,
36.592,8179,8175,8174,
36.6,8179,8173,8177,
36.61,8177,8173,8174,
36.621,8177,8175,8174,
36.633,8177,8175,8174,
36.641,8177,8173,8174,
36.652,8179,8175,8174,
36.661,8177,8178,8174,
36.67,8177,8175,8174,
36.68,8177,8175,8174,
36.69,8177,8175,8174,
36.702,8177,8175,8174,
36.712,8177,8175,8174,
36.721,8177,8175,8174,
36.732,8177,8175,8174,
36.743,8177,8178,8174,
36.751,8177,8175,8177,
36.761,8177,8175,8177,
36.77,8177,8173,8174,
36.78,8177,8175,8177,
36.793,8179,8173,8177,
36.799,8177,8175,8174,
36.811,8177,8173,8174,
36.821,8177,8173,8174,
36.833,8177,8173,8174,
36.842,8177,8173,8174,
36.852,8177,8175,8174,
36.861,8177,8173,8174,
36.872,8177,8175,8174,
36.881,8177,8173,8174,
36.889,8177,8173,8174,
36.901,8177,8173,8174,
36.911,8177,8173,8174,
36.922,8177,8173,8177,
36.93,8177,8173,8177,
36.941,8177,8175,8177,
36.952,8179,8175,8177,
36.961,8177,8173,8177,
36.969,8177,8173,8177,
36.98,8179,8175,8177,
36.991,8179,8173,8177,
37.002,8177,8173,8177,
37.011,8179,8173,8177,
37.021,8177,8173,8174,
37.031,8177,8173,8174,
37.042,8177,8173,8174,
37.049,8177,8173,8174,
37.061,8177,8173,8174,
37.072,8177,8173,8174,
37.083,8177,8173,8174,
37.089,8177,8173,8174,
37.101,8177,8175,8174,
37.111,8177,8175,8174,
37.119,8177,8173,8177,
37.132,8177,8173,8177,
37.138,8177,8173,8177,
37.15,8177,8173,8177,
37.161,8174,8173,8174,
37.17,8177,8175,8177,
37.181,8177,8175,8177,
37.191,8177,8173,8174,
37.199,8177,8173,8177,
37.212,8177,8173,8177,
37.218,8177,8173,8177,
37.231,8177,8173,8177,
37.242,8174,8173,8177,
37.251,8174,8173,8177,
37.26,8174,8175,8177,
37.271,8174,8173,8177,
37.28,8177,8175,8177,
37.292,8174,8173,8177,
37.301,8174,8173,8177,
37.31,8177,8175,8177,
37.32,8177,8173,8177,
37.332,8177,8173,8174,
37.341,8177,8173,8174,
37.352,8177,8175,8174,
37.36,8179,8173,8174,
37.37,8179,8170,8174,
37.382,8174,8173,8177,
37.394,8177,8173,8172,
37.4,8177,8173,8174,
37.414,8177,8173,8174,
37.421,8177,8173,8174,
37.432,8177,8173,8174,
37.438,8177,8175,8174,
37.451,8177,8173,8174,
37.46,8177,8173,8174,
37.47,8177,8173,8174,
37.479,8177,8175,8174,
37.489,8177,8173,8174,
37.502,8177,8173,8174,
37.51,8177,8173,8174,
37.518,8179,8173,8174,
37.53,8177,8173,8174,
37.542,8177,8175,8174,
37.552,8179,8175,8174,
37.561,8177,8173,8177,
37.569,8177,8173,8177,
37.579,8171,8173,8174,
37.588,8177,8178,8174,
37.6,8177,8175,8174,
37.611,8177,8173,8174,
37.62,8177,8175,8174,
37.629,8177,8173,8174,
37.639,8179,8173,8177,
37.651,8177,8175,8177,
37.662,8174,8173,8177,
37.668,8174,8173,8177,
37.682,8174,8173,8177,
37.689,8174,8173,8177,
37.7,8177,8173,8177,
37.71,8174,8173,8177,
37.72,8174,8173,8177,
37.73,8174,8173,8177,
37.743,8174,8173,8177,
37.749,8174,8173,8177,
37.762,8177,8173,8177,
37.77,8177,8173,8180,
37.78,8174,8173,8177,
37.79,8174,8173,8180,
37.799,8177,8173,8177,
37.811,8177,8173,8177,
37.819,8177,8173,8177,
37.829,8179,8173,8177,
37.841,8177,8173,8177,
37.851,8177,8173,8177,
37.858,8177,8175,8177,
37.867,8177,8173,8177,
37.881,8177,8173,8177,
37.89,8177,8173,8177,
37.9,8177,8173,8177,
37.909,8177,8173,8177,
37.919,8177,8173,8177,
37.93,8177,8173,8177,
37.939,8177,8173,8174,
37.949,8177,8175,8174,
37.958,8177,8173,8177,
37.968,8174,8173,8177,
37.98,8171,8173,8174,
37.988,8177,8173,8172,
37.997,8177,8173,8174,
38.01,8174,8173,8174,
38.019,8171,8173,8174,
38.032,8174,8173,8174,
38.038,8174,8173,8174,
38.049,8174,8173,8174,
38.059,8174,8173,8174,
38.068,8174,8173,8174,
38.079,8177,8173,8174,
38.09,8177,8173,8174,
38.101,8177,8173,8174,
38.111,8177,8175,8174,
38.12,8177,8175,8174,
38.129,8177,8175,8174,
38.141,8177,8175,8174,
38.149,8177,8175,8177,
38.159,8177,8178,8177,
38.169,8177,8173,8174,
38.181,8174,8175,8174,
38.188,8177,8175,8174,
38.198,8177,8173,8174,
38.21,8177,8175,8174,
38.222,8177,8175,8174,
38.232,8177,8173,8174,
38.238,8177,8175,8174,
38.249,8177,8173,8174,
38.26,8177,8175,8174,
38.268,8177,8175,8174,
38.279,8177,8175,8174,
38.29,8177,8173,8174,
38.3,8177,8175,8174,
38.31,8177,8175,8174,
38.321,8177,8173,8174,
38.329,8177,8173,8174,
38.339,8177,8175,8174,
38.349,8177,8175,8174,
38.359,8177,8175,8177,
38.37,8179,8173,8174,
38.379,8174,8170,8177,
38.389,8171,8173,8174,
38.399,8174,8173,8174,
38.41,8174,8173,8174,
38.419,8174,8173,8174,
38.427,8174,8173,8174,
38.44,8174,8173,8174,
38.449,8174,8173,8174,
38.458,8174,8173,8177,
38.47,8174,8173,8177,
38.48,8174,8173,8177,
38.489,8174,8173,8177,
38.499,8177,8173,8177,
38.508,8179,8173,8177,
38.518,8177,8173,8177,
38.529,8177,8173,8177,
38.538,8177,8175,8177,
38.549,8177,8178,8177,
38.558,8179,8178,8174,
38.57,8177,8178,8177,
38.579,8177,8178,8174,
38.59,8177,8178,8174,
38.598,8174,8175,8174,
38.609,8174,8178,8174,
38.619,8177,8178,8174,
38.627,8177,8175,8174,
38.639,8177,8178,8174,
38.65,8174,8173,8174,
38.658,8174,8173,8177,
38.669,8174,8173,8177,
38.679,8174,8173,8177,
38.689,8174,8173,8177,
38.698,8174,8173,8177,
38.709,8174,8173,8174,
38.717,8177,8173,8177,
38.728,8174,8173,8177,
38.74,8174,8173,8177,
38.749,8174,8175,8177,
38.758,8174,8175,8180,
38.768,8177,8173,8177,
38.778,8171,8173,8177,
38.789,8171,8173,8174,
38.797,8174,8173,8174,
38.808,8174,8173,8174,
38.817,8174,8173,8174,
38.831,8174,8173,8174,
38.839,8174,8175,8174,
38.848,8174,8175,8174,
38.859,8174,8173,8174,
38.868,8174,8173,8174,
38.878,8174,8173,8174,
38.887,8174,8173,8174,
38.9,8174,8173,8177,
38.907,8177,8175,8174,
38.919,8177,8173,8174,
38.927,8177,8173,8174,
38.938,8179,8175,8174,
38.95,8179,8173,8174,
38.958,8179,8173,8172,
38.968,8179,8173,8174,
38.978,8174,8173,8174,
38.987,8177,8173,8177,
38.996,8177,8173,8174,
39.009,8179,8173,8174,
39.017,8174,8173,8174,
39.03,8174,8175,8174,
39.04,8174,8173,8174,
39.05,8177,8173,8174,
39.056,8174,8173,8174,
39.068,8174,8173,8177,
39.078,8174,8173,8177,
39.09,8174,8173,8177,
39.097,8174,8173,8177,
39.108,8174,8175,8177,
39.118,8174,8173,8174,
39.13,8174,8173,8177,
39.136,8174,8173,8177,
39.148,8174,8173,8177,
39.157,8174,8175,8180,
39.17,8174,8173,8180,
39.18,8171,8175,8174,
39.188,8177,8175,8172,
39.198,8174,8173,8174,
39.21,8174,8173,8174,
39.219,8174,8173,8174,
39.225,8174,8173,8174,
39.235,8174,8173,8174,
39.248,8174,8173,8174,
39.258,8174,8173,8174,
39.269,8174,8173,8174,
39.277,8174,8173,8174,
39.287,8174,8173,8174,
39.297,8174,8173,8174,
39.308,8174,8173,8174,
39.319,8174,8173,8174,
39.328,8174,8173,8174,
39.339,8174,8173,8174,
39.348,8174,8173,8174,
39.357,8174,8175,8174,
39.367,8174,8173,8177,
39.377,8168,8173,8177,
39.386,8174,8173,8174,
39.4,8174,8173,8174,
39.407,8174,8173,8174,
39.418,8174,8173,8174,
39.427,8174,8173,8174,
39.437,8177,8173,8174,
39.448,8177,8175,8174,
39.456,8177,8173,8174,
39.467,8177,8173,8174,
39.476,8177,8175,8177,
39.486,8177,8173,8177,
39.498,8177,8173,8177,
39.509,8177,8173,8177,
39.52,8177,8173,8177,
39.528,8177,8173,8177,
39.536,8174,8173,8177,
39.547,8174,8173,8177,
39.557,8171,8173,8180,
39.568,8174,8173,8177,
39.578,8177,8173,8180,
39.588,8177,8170,8177,
39.599,8174,8173,8174,
39.609,8174,8173,8174,
39.619,8174,8175,8174,
39.628,8174,8175,8174,
39.64,8174,8173,8174,
39.647,8174,8173,8174,
39.659,8174,8173,8174,
39.667,8174,8173,8174,
39.677,8174,8173,8174,
39.687,8174,8173,8174,
39.697,8174,8175,8174,
39.706,8174,8173,8174,
39.718,8174,8173,8174,
39.725,8174,8170,8174,
39.734,8174,8173,8174,
39.747,8174,8173,8174,
39.757,8174,8175,8174,
39.767,8174,8173,8174,
39.776,8174,8175,8174,
39.787,8174,8173,8174,
39.799,8174,8173,8174,
39.809,8174,8173,8174,
39.817,8174,8173,8174,
39.827,8174,8173,8174,
39.839,8174,8173,8174,
39.847,8174,8175,8174,
39.857,8177,8175,8174,
39.867,8177,8173,8174,
39.877,8179,8173,8174,
39.888,8177,8173,8174,
39.898,8177,8173,8174,
39.906,8177,8173,8174,
39.917,8177,8173,8174,
39.926,8177,8175,8174,
39.938,8179,8173,8174,
39.947,8179,8173,8174,
39.958,8174,8173,8177,
39.966,8177,8173,8177,
39.979,8174,8175,8174,
39.987,8177,8173,8174,
39.997,8174,8173,8174,
40.007,8174,8173,8174,
40.019,8174,8173,8174,
40.028,8174,8173,8174,
40.039,8174,8173,8174,
40.046,8174,8173,8174,
40.057,8177,8173,8174,
40.068,8177,8173,8174,
40.077,8177,8173,8174,
40.087,8177,8173,8174,
40.096,8177,8173,8174,
40.107,8177,8173,8174,
40.116,8177,8173,8174,
40.127,8177,8173,8174,
40.135,8177,8173,8174,
40.148,8177,8173,8174,
40.158,8177,8173,8174,
40.165,8177,8173,8177,
40.174,8179,8173,8177,
40.187,8174,8173,8177,
40.195,8177,8173,8177,
40.205,8177,8173,8177,
40.217,8177,8173,8177,
40.226,8177,8173,8177,
40.236,8177,8175,8177,
40.244,8177,8173,8177,
40.257,8177,8173,8177,
40.267,8177,8173,8177,
40.277,8177,8173,8177,
40.285,8177,8173,8177,
40.297,8177,8173,8174,
40.308,8177,8173,8174,
40.317,8177,8175,8174,
40.326,8177,8173,8174,
40.335,8177,8173,8174,
40.347,8177,8173,8174,
40.357,8177,8173,8174,
40.366,8177,8173,8174,
40.376,8177,8175,8174,
40.388,8174,8173,8174,
40.397,8177,8173,8174,
40.405,8177,8173,8174,
40.415,8177,8173,8174,
40.425,8177,8173,8174,
40.436,8177,8173,8174,
40.446,8177,8173,8174,
40.456,8177,8173,8174,
40.464,8177,8173,8174,
40.475,8174,8173,8174,
40.484,8174,8173,8174,
40.496,8174,8173,8174,
40.507,8174,8173,8174,
40.515,8174,8173,8174,
40.525,8171,8173,8174,
40.536,8174,8173,8174,
40.546,8174,8175,8174,
40.556,8174,8175,8177,
40.567,8174,8173,8177,
40.576,8171,8175,8177,
40.586,8179,8170,8174,
40.596,8177,8173,8174,
40.607,8177,8175,8177,
40.615,8177,8173,8174,
40.627,8177,8175,8174,
40.635,8177,8173,8177,
40.646,8177,8173,8174,
40.655,8177,8173,8174,
40.665,8177,8173,8174,
40.674,8177,8173,8174,
40.687,8177,8173,8174,
40.695,8177,8173,8174,
40.706,8177,8173,8177,
40.715,8177,8173,8177,
40.724,8177,8173,8177,
40.736,8177,8173,8177,
40.745,8177,8175,8177,
40.756,8177,8175,8174,
40.766,8177,8173,8180,
40.776,8174,8173,8177,
40.788,8177,8175,8177,
40.797,8177,8173,8180,
40.805,8177,8173,8177,
40.815,8177,8173,8177,
40.827,8177,8173,8177,
40.835,8177,8175,8177,
40.845,8177,8173,8177,
40.854,8177,8173,8177,
40.865,8177,8173,8177,
40.874,8177,8173,8177,
40.886,8177,8175,8177,
40.895,8174,8173,8177,
40.904,8174,8175,8174,
40.917,8174,8173,8177,
40.927,8174,8173,8177,
40.935,8174,8175,8177,
40.945,8174,8175,8177,
40.958,8171,8173,8177,
40.965,8174,8173,8177,
40.974,8171,8173,8177,
40.984,8174,8173,8177,
40.997,8174,8175,8180,
41.006,8174,8173,8177,
41.014,8174,8173,8174,
41.025,8174,8175,8174,
41.033,8174,8173,8174,
41.045,8174,8173,8174,
41.054,8174,8173,8174,
41.064,8174,8173,8174,
41.075,8174,8173,8177,
41.086,8174,8173,8174,
41.095,8174,8173,8174,
41.105,8177,8173,8174,
41.114,8177,8173,8174,
41.125,8177,8173,8174,
41.136,8177,8175,8174,
41.144,8177,8175,8174,
41.154,8177,8173,8177,
41.164,8179,8175,8174,
41.176,8177,8178,8172,
41.186,8177,8175,8174,
41.195,8177,8173,8177,
41.205,8174,8173,8177,
41.216,8174,8175,8174,
41.225,8174,8175,8177,
41.234,8174,8175,8177,
41.244,8174,8173,8177,
41.254,8174,8175,8177,
41.266,8174,8173,8177,
41.274,8174,8173,8177,
41.284,8174,8173,8177,
41.295,8174,8175,8177,
41.306,8174,8175,8180,
41.315,8177,8175,8177,
41.325,8177,8173,8174,
41.335,8177,8173,8177,
41.344,8177,8173,8174,
41.354,8179,8173,8174,
41.364,8179,8173,8174,
41.375,8177,8175,8174,
41.384,8177,8173,8174,
41.395,8177,8173,8174,
41.402,8177,8173,8174,
41.414,8174,8173,8174,
41.426,8174,8175,8174,
41.435,8174,8173,8174,
41.443,8174,8175,8174,
41.455,8174,8173,8174,
41.463,8174,8173,8174,
41.476,8174,8173,8174,
41.484,8174,8175,8174,
41.495,8174,8173,8174,
41.504,8174,8173,8174,
41.513,8174,8173,8177,
41.525,8177,8173,8174,
41.534,8177,8175,8177,
41.545,8177,8173,8174,
41.556,8177,8168,8177,
41.565,8177,8173,8174,
41.573,8174,8175,8172,
41.587,8177,8175,8177,
41.593,8177,8175,8174,
41.604,8177,8173,8174,
41.613,8177,8173,8174,
41.624,8174,8175,8174,
41.636,8174,8173,8174,
41.644,8174,8173,8174,
41.656,8174,8173,8174,
41.665,8174,8173,8174,
41.676,8174,8173,8174,
41.685,8174,8173,8174,
41.695,8174,8173,8174,
41.706,8174,8173,8174,
41.716,8174,8173,8174,
41.726,8174,8175,8174,
41.734,8177,8175,8177,
41.743,8177,8173,8177,
41.754,8177,8173,8180,
41.765,8177,8173,8180,
41.774,8174,8173,8177,
41.785,8177,8173,8177,
41.794,8177,8173,8177,
41.805,8177,8173,8177,
41.815,8177,8173,8177,
41.825,8177,8173,8180,
41.835,8177,8173,8174,
41.843,8177,8173,8174,
41.854,8177,8173,8174,
41.865,8179,8173,8174,
41.872,8177,8173,8174,
41.884,8177,8173,8174,
41.893,8177,8173,8174,
41.904,8177,8173,8174,
41.915,8177,8173,8174,
41.924,8177,8175,8174,
41.934,8177,8175,8174,
41.944,8177,8173,8174,
41.954,8177,8175,8174,
41.962,8177,8173,8180,
41.974,8177,8175,8174,
41.983,8179,8173,8174,
41.994,8177,8175,8174,
42.003,8177,8175,8174,
42.016,8177,8173,8174,
42.023,8177,8173,8174,
42.035,8177,8173,8174,
42.043,8177,8173,8177,
42.055,8177,8173,8177,
42.062,8177,8173,8177,
42.076,8177,8173,8177,
42.084,8177,8173,8177,
42.094,8177,8173,8177,
42.104,8179,8173,8177,
42.113,8177,8173,8177,
42.123,8177,8173,8177,
42.134,8177,8173,8177,
42.143,8177,8175,8174,
42.152,8174,8173,8172,
42.164,8177,8173,8177,
42.172,8174,8173,8174,
42.184,8174,8173,8174,
42.195,8177,8173,8174,
42.202,8177,8173,8174,
42.213,8177,8173,8174,
42.224,8177,8173,8174,
42.234,8177,8173,8174,
42.245,8177,8175,8177,
42.254,8177,8173,8177,
42.264,8177,8175,8177,
42.273,8177,8173,8177,
42.284,8177,8173,8177,
42.292,8177,8173,8177,
42.303,8177,8173,8177,
42.312,8177,8173,8177,
42.324,8177,8175,8180,
42.335,8177,8175,8177,
42.343,8177,8173,8177,
42.355,8179,8168,8177,
42.364,8177,8173,8177,
42.373,8174,8173,8174,
42.384,8174,8170,8177,
42.393,8177,8175,8174,
42.403,8177,8173,8174,
42.412,8177,8173,8174,
42.423,8177,8173,8174,
42.433,8177,8173,8174,
42.443,8177,8173,8174,
42.453,8177,8175,8174,
42.462,8177,8175,8174,
42.473,8177,8173,8174,
42.482,8177,8173,8174,
42.493,8177,8175,8174,
42.504,8177,8173,8174,
42.513,8177,8173,8174,
42.524,8177,8173,8174,
42.533,8177,8173,8174,
42.545,8177,8175,8174,
42.554,8177,8175,8174,
42.562,8179,8173,8180,
42.573,8177,8175,8177,
42.582,8177,8175,8180,
42.592,8177,8173,8177,
42.602,8179,8173,8177,
42.614,8177,8173,8177,
42.625,8177,8175,8177,
42.633,8177,8175,8177,
42.643,8177,8173,8177,
42.652,8177,8173,8174,
42.664,8177,8173,8174,
42.674,8177,8173,8174,
42.682,8177,8173,8174,
42.692,8177,8173,8174,
42.702,8177,8173,8172,
42.714,8177,8173,8174,
42.721,8177,8173,8174,
42.733,8177,8173,8174,
42.743,8177,8173,8174,
42.752,8177,8173,8174,
42.762,8179,8173,8177,
42.772,8174,8173,8174,
42.782,8177,8173,8177,
42.792,8177,8173,8174,
42.8,8177,8173,8174,
42.812,8177,8173,8174,
42.821,8177,8173,8174,
42.833,8177,8173,8174,
42.842,8177,8173,8174,
42.852,8177,8173,8174,
42.863,8177,8173,8174,
42.872,8177,8173,8174,
42.885,8174,8173,8174,
42.891,8171,8173,8174,
42.903,8174,8173,8177,
42.913,8171,8173,8174,
42.924,8174,8173,8174,
42.933,8174,8173,8174,
42.943,8174,8173,8174,
42.952,8174,8173,8174,
42.963,8174,8173,8174,
42.971,8177,8175,8174,
42.982,8177,8173,8174,
42.993,8177,8173,8174,
43.002,8177,8173,8174,
43.013,8177,8173,8174,
43.022,8177,8173,8174,
43.034,8174,8173,8174,
43.044,8177,8173,8174,
43.055,8177,8173,8174,
43.062,8177,8173,8177,
43.074,8177,8173,8177,
43.084,8177,8173,8177,
43.094,8174,8173,8177,
43.102,8174,8173,8177,
43.112,8174,8173,8177,
43.124,8174,8173,8177,
43.133,8174,8175,8177,
43.142,8174,8175,8177,
43.153,8177,8173,8177,
43.163,8174,8175,8180,
43.173,8174,8175,8174,
43.182,8174,8170,8177,
43.191,8174,8173,8174,
43.204,8174,8173,8174,
43.213,8174,8173,8174,
43.223,8174,8173,8174,
43.234,8174,8173,8174,
43.245,8174,8173,8174,
43.25,8174,8173,8174,
43.264,8174,8173,8174,
43.273,8174,8173,8174,
43.284,8174,8173,8174,
43.292,8174,8173,8174,
43.304,8177,8173,8174,
43.316,8177,8173,8174,
43.323,8177,8173,8174,
43.334,8177,8173,8174,
43.342,8179,8175,8174,
43.354,8177,8175,8172,
43.363,8179,8175,8177,
43.372,8174,8173,8172,
43.383,8174,8175,8174,
43.392,8177,8173,8174,
43.403,8177,8175,8174,
43.411,8177,8175,8177,
43.421,8174,8173,8174,
43.432,8177,8173,8174,
43.441,8177,8173,8174,
43.453,8177,8173,8174,
43.463,8177,8173,8177,
43.47,8174,8173,8174,
43.483,8174,8173,8174,
43.492,8177,8173,8174,
43.503,8177,8173,8174,
43.512,8177,8173,8174,
43.521,8177,8173,8174,
43.531,8177,8175,8174,
43.541,8177,8173,8174,
43.552,8177,8173,8174,
43.561,8177,8173,8174,
43.572,8179,8178,8174,
43.58,8179,8175,8174,
43.594,8177,8173,8174,
43.601,8177,8173,8174,
43.61,8177,8173,8174,
43.622,8177,8173,8174,
43.631,8177,8173,8174,
43.643,8177,8175,8174,
43.651,8177,8173,8174,
43.663,8177,8173,8174,
43.67,8177,8175,8174,
43.684,8177,8173,8177,
43.69,8177,8173,8177,
43.702,8177,8173,8177,
43.711,8174,8173,8177,
43.722,8177,8173,8177,
43.733,8177,8173,8177,
43.74,8177,8173,8177,
43.752,8177,8175,8174,
43.76,8179,8173,8177,
43.771,8195,8175,8182,
43.782,8222,8175,8177,
43.79,8265,8175,8187,
43.802,8337,8175,8190,
43.812,8458,8173,8203,
43.822,8553,8173,8218,
43.831,8613,8170,8231,
43.841,8672,8175,8241,
43.852,8694,8170,8251,
43.862,8716,8173,8246,
43.872,8738,8173,8256,
43.88,8745,8175,8248,
43.893,8756,8173,8259,
43.902,8745,8175,8259,
43.912,8761,8173,8251,
43.922,8758,8173,8248,
43.93,8769,8173,8251,
43.94,8839,8175,8235,
43.952,8941,8175,8216,
43.961,8882,8173,8235,
43.971,8777,8175,8261,
43.981,8764,8173,8238,
43.992,8738,8175,8251,
44.001,8741,8173,8248,
44.012,8727,8173,8259,
44.021,8738,8173,8243,
44.032,8713,8173,8254,
44.041,8716,8175,8243,
44.051,8710,8173,8243,
44.061,8702,8175,8246,
44.07,8699,8173,8246,
44.082,8705,8173,8251,
44.09,8686,8175,8246,
44.099,8689,8173,8243,
44.111,8691,8175,8246,
44.122,8675,8173,8248,
44.13,8689,8175,8238,
44.14,8756,8175,8221,
44.152,8830,8175,8205,
44.16,8718,8173,8243,
44.17,8686,8175,8243,
44.18,8664,8175,8246,
44.193,8664,8173,8241,
44.203,8661,8175,8241,
44.212,8659,8173,8235,
44.22,8664,8175,8228,
44.232,8653,8173,8238,
44.24,8659,8175,8241,
44.252,8653,8175,8238,
44.26,8653,8173,8243,
44.271,8659,8175,8238,
44.281,8656,8173,8241,
44.294,8659,8173,8241,
44.3,8650,8173,8241,
44.311,8644,8173,8238,
44.321,8635,8173,8238,
44.33,8642,8173,8238,
44.339,8678,8175,8221,
44.352,8799,8173,8205,
44.359,8761,8173,8216,
44.371,8659,8173,8243,
44.38,8639,8175,8235,
44.393,8630,8173,8231,
44.399,8630,8173,8238,
44.411,8639,8173,8238,
44.42,8627,8173,8238,
44.429,8627,8173,8231,
44.44,8624,8175,8238,
44.45,8630,8175,8241,
44.461,8624,8170,8241,
44.47,8627,8175,8235,
44.48,8630,8173,8238,
44.491,8624,8175,8238,
44.501,8624,8173,8231,
44.513,8616,8175,8235,
44.519,8622,8175,8228,
44.532,8624,8173,8235,
44.541,8686,8178,8210,
44.55,8793,8173,8192,
44.559,8705,8175,8226,
44.57,8635,8175,8238,
44.58,8622,8175,8226,
44.591,8616,8173,8231,
44.599,8605,8173,8226,
44.61,8611,8175,8228,
44.621,8608,8173,8228,
44.632,8608,8173,8231,
44.641,8605,8175,8228,
44.65,8597,8173,8223,
44.659,8594,8173,8226,
44.67,8597,8173,8226,
44.681,8589,8175,8223,
44.69,8584,8173,8228,
44.701,8592,8173,8228,
44.71,8589,8173,8228,
44.719,8589,8175,8231,
44.73,8586,8175,8228,
44.74,8639,8175,8216,
44.749,8774,8173,8195,
44.761,8694,8175,8216,
44.769,8611,8170,8235,
44.78,8594,8175,8221,
44.788,8597,8175,8221,
44.8,8584,8175,8228,
44.809,8592,8175,8218,
44.819,8586,8175,8226,
44.83,8592,8175,8221,
44.841,8586,8173,8226,
44.848,8589,8175,8221,
44.86,8589,8173,8226,
44.87,8578,8175,8226,
44.879,8578,8173,8223,
44.889,8584,8175,8221,
44.899,8576,8175,8218,
44.911,8576,8173,8223,
44.92,8570,8173,8226,
44.929,8570,8175,8216,
44.94,8611,8173,8213,
44.948,8738,8173,8192,
44.96,8659,8173,8218,
44.971,8586,8175,8218,
44.98,8573,8175,8228,
44.989,8567,8175,8218,
45,8576,8173,8216,
45.008,8567,8175,8221,
45.019,8565,8173,8228,
45.03,8553,8175,8226,
45.039,8556,8173,8223,
45.051,8556,8173,8221,
45.058,8553,8175,8216,
45.069,8556,8170,8221,
45.081,8553,8173,8221,
45.09,8556,8175,8218,
45.1,8558,8173,8216,
45.11,8549,8173,8223,
45.12,8556,8175,8223,
45.129,8553,8175,8216,
45.139,8592,8175,8205,
45.148,8694,8173,8190,
45.16,8627,8173,8213,
45.17,8553,8173,8221,
45.179,8546,8173,8223,
45.188,8533,8173,8221,
45.199,8541,8173,8216,
45.21,8544,8170,8218,
45.22,8538,8173,8218,
45.229,8538,8173,8216,
45.24,8533,8170,8216,
45.251,8538,8173,8216,
45.26,8536,8175,8218,
45.27,8538,8173,8213,
45.279,8530,8173,8216,
45.289,8530,8173,8216,
45.302,8525,8173,8216,
45.309,8522,8175,8210,
45.317,8522,8173,8216,
45.33,8525,8175,8216,
45.338,8594,8173,8200,
45.351,8702,8170,8187,
45.359,8644,8173,8198,
45.368,8533,8173,8221,
45.38,8519,8173,8210,
45.39,8517,8173,8213,
45.399,8519,8173,8213,
45.411,8511,8173,8216,
45.417,8517,8175,8213,
45.429,8517,8173,8210,
45.439,8522,8173,8210,
45.45,8519,8173,8210,
45.457,8522,8173,8213,
45.469,8519,8175,8210,
45.479,8514,8175,8210,
45.488,8517,8175,8210,
45.499,8522,8173,8213,
45.51,8519,8175,8216,
45.519,8514,8173,8210,
45.528,8525,8173,8208,
45.539,8576,8173,8203,
45.55,8683,8173,8190,
45.56,8661,8175,8198,
45.57,8544,8175,8216,
45.579,8525,8173,8210,
45.589,8509,8173,8210,
45.598,8509,8173,8208,
45.609,8506,8173,8210,
45.619,8503,8173,8210,
45.629,8503,8173,8210,
45.638,8506,8173,8216,
45.649,8500,8173,8213,
45.658,8495,8173,8216,
45.668,8498,8175,8210,
45.678,8492,8175,8213,
45.689,8492,8173,8210,
45.698,8490,8175,8210,
45.71,8484,8173,8213,
45.719,8487,8175,8213,
45.727,8492,8173,8208,
45.739,8544,8175,8200,
45.748,8624,8175,8185,
45.759,8613,8173,8200,
45.768,8514,8175,8216,
45.779,8487,8175,8210,
45.788,8484,8173,8208,
45.8,8481,8173,8210,
45.81,8479,8175,8208,
45.818,8481,8173,8208,
45.827,8479,8173,8210,
45.841,8481,8175,8205,
45.85,8479,8173,8210,
45.858,8479,8173,8208,
45.87,8479,8173,8210,
45.877,8473,8175,8210,
45.889,8476,8173,8210,
45.9,8463,8173,8210,
45.909,8471,8173,8210,
45.919,8463,8173,8210,
45.928,8471,8173,8210,
45.938,8500,8173,8203,
45.947,8586,8175,8185,
45.956,8586,8173,8192,
45.968,8490,8173,8216,
45.978,8473,8173,8208,
45.991,8463,8175,8205,
45.997,8458,8175,8205,
46.009,8461,8175,8208,
46.019,8458,8175,8208,
46.029,8461,8175,8205,
46.039,8458,8173,8210,
46.048,8461,8173,8205,
46.058,8461,8175,8205,
46.069,8458,8173,8205,
46.08,8458,8173,8205,
46.089,8455,8175,8203,
46.099,8458,8175,8203,
46.109,8455,8173,8203,
46.118,8458,8175,8205,
46.128,8463,8175,8203,
46.141,8487,8178,8203,
46.148,8567,8175,8187,
46.16,8506,8175,8203,
46.167,8458,8175,8205,
46.177,8450,8175,8205,
46.188,8450,8170,8203,
46.199,8444,8170,8203,
46.208,8442,8173,8200,
46.217,8442,8170,8200,
46.228,8439,8170,8203,
46.239,8433,8170,8200,
46.249,8436,8170,8200,
46.259,8433,8170,8198,
46.269,8428,8170,8203,
46.278,8428,8170,8203,
46.288,8428,8170,8200,
46.3,8420,8175,8198,
46.31,8417,8173,8200,
46.317,8417,8173,8200,
46.327,8412,8173,8200,
46.338,8436,8173,8192,
46.347,8509,8173,8182,
46.358,8455,8175,8192,
46.37,8412,8173,8198,
46.38,8406,8175,8200,
46.387,8404,8175,8200,
46.398,8401,8173,8200,
46.409,8401,8173,8195,
46.418,8398,8175,8195,
46.428,8401,8173,8195,
46.439,8401,8173,8195,
46.45,8396,8175,8200,
46.458,8398,8175,8195,
46.469,8396,8175,8198,
46.479,8390,8173,8200,
46.487,8387,8173,8198,
46.499,8387,8173,8198,
46.506,8385,8173,8198,
46.519,8382,8175,8200,
46.529,8385,8175,8198,
46.539,8412,8175,8190,
46.55,8490,8173,8182,
46.557,8450,8175,8190,
46.569,8385,8173,8198,
46.579,8369,8173,8198,
46.588,8369,8173,8198,
46.597,8369,8173,8198,
46.609,8366,8175,8198,
46.617,8366,8175,8195,
46.628,8361,8173,8195,
46.637,8366,8175,8192,
46.648,8364,8173,8192,
46.658,8361,8175,8192,
46.668,8358,8173,8192,
46.677,8358,8173,8192,
46.687,8356,8175,8192,
46.697,8358,8175,8192,
46.707,8356,8173,8192,
46.719,8356,8175,8190,
46.728,8356,8173,8190,
46.739,8366,8173,8190,
46.748,8425,8175,8182,
46.759,8420,8175,8195,
46.768,8366,8173,8200,
46.778,8356,8173,8192,
46.787,8350,8173,8195,
46.799,8347,8175,8192,
46.807,8345,8173,8195,
46.815,8347,8173,8192,
46.829,8345,8173,8192,
46.838,8345,8173,8192,
46.849,8345,8173,8192,
46.857,8347,8173,8192,
46.867,8347,8175,8192,
46.878,8345,8173,8195,
46.886,8345,8173,8192,
46.897,8339,8175,8192,
46.909,8342,8175,8192,
46.917,8339,8173,8190,
46.929,8337,8173,8192,
46.935,8347,8173,8190,
46.947,8398,8173,8182,
46.958,8361,8173,8190,
46.968,8331,8175,8190,
46.977,8331,8173,8190,
46.987,8331,8173,8190,
46.998,8329,8173,8190,
47.009,8326,8173,8190,
47.018,8323,8175,8187,
47.027,8323,8173,8190,
47.036,8318,8175,8190,
47.048,8320,8175,8190,
47.057,8315,8173,8190,
47.066,8315,8175,8185,
47.078,8312,8175,8187,
47.087,8310,8175,8187,
47.097,8307,8175,8187,
47.108,8301,8173,8185,
47.116,8299,8173,8187,
47.125,8299,8173,8185,
47.14,8307,8175,8185,
47.148,8350,8173,8177,
47.158,8326,8173,8185,
47.167,8299,8175,8187,
47.176,8293,8175,8185,
47.189,8296,8173,8185,
47.196,8293,8173,8185,
47.207,8296,8175,8185,
47.217,8291,8173,8185,
47.228,8291,8173,8185,
47.237,8291,8173,8185,
47.246,8288,8175,8185,
47.258,8288,8175,8185,
47.268,8285,8175,8185,
47.274,8285,8173,8185,
47.287,8283,8173,8185,
47.295,8283,8175,8185,
47.305,8283,8173,8185,
47.316,8283,8175,8185,
47.327,8283,8175,8182,
47.336,8291,8173,8182,
47.349,8331,8173,8174,
47.355,8304,8173,8185,
47.367,8279,8175,8182,
47.375,8276,8175,8182,
47.387,8273,8173,8182,
47.399,8271,8173,8182,
47.405,8268,8173,8182,
47.416,8268,8173,8182,
47.425,8265,8173,8182,
47.437,8263,8173,8182,
47.445,8263,8175,8182,
47.457,8263,8175,8180,
47.467,8263,8173,8182,
47.477,8260,8173,8180,
47.485,8257,8175,8180,
47.496,8257,8173,8180,
47.505,8254,8175,8182,
47.516,8254,8175,8180,
47.526,8252,8175,8180,
47.537,8254,8175,8180,
47.545,8279,8173,8177,
47.557,8260,8173,8180,
47.566,8246,8175,8180,
47.576,8246,8178,8180,
47.585,8246,8173,8180,
47.595,8246,8173,8180,
47.607,8244,8173,8180,
47.617,8244,8173,8180,
47.625,8246,8173,8182,
47.637,8244,8173,8180,
47.646,8244,8173,8180,
47.657,8244,8173,8180,
47.666,8244,8173,8180,
47.677,8241,8173,8182,
47.686,8241,8173,8182,
47.696,8241,8173,8180,
47.708,8241,8173,8182,
47.718,8241,8175,8180,
47.728,8241,8175,8182,
47.736,8244,8175,8182,
47.747,8265,8173,8177,
47.757,8260,8173,8182,
47.768,8235,8170,8185,
47.775,8235,8175,8177,
47.786,8233,8173,8177,
47.797,8233,8173,8177,
47.806,8233,8173,8177,
47.818,8230,8173,8177,
47.827,8230,8173,8177,
47.836,8230,8173,8180,
47.848,8230,8173,8177,
47.857,8227,8173,8177,
47.868,8227,8173,8177,
47.877,8225,8173,8177,
47.885,8225,8173,8180,
47.895,8225,8173,8180,
47.906,8222,8173,8177,
47.914,8222,8173,8177,
47.925,8222,8173,8177,
47.935,8225,8173,8177,
47.947,8241,8175,8174,
47.958,8238,8173,8177,
47.966,8222,8173,8177,
47.976,8217,8173,8177,
47.987,8214,8173,8177,
47.997,8217,8173,8177,
48.006,8214,8175,8177,
48.016,8208,8173,8177,
48.025,8208,8173,8177,
48.036,8208,8173,8177,
48.045,8206,8173,8174,
48.055,8206,8173,8174,
48.068,8206,8173,8174,
48.077,8203,8173,8174,
48.087,8203,8173,8180,
48.096,8203,8175,8177,
48.105,8200,8173,8180,
48.116,8200,8175,8177,
48.124,8198,8173,8180,
48.134,8200,8173,8177,
48.147,8206,8170,8177,
48.154,8198,8173,8180,
48.167,8192,8175,8180,
48.175,8192,8170,8177,
48.186,8192,8173,8174,
48.195,8192,8173,8174,
48.204,8188,8175,8174,
48.213,8188,8173,8174,
48.227,8188,8173,8174,
48.236,8185,8173,8174,
48.247,8185,8173,8174,
48.258,8185,8175,8174,
48.264,8185,8173,8174,
48.275,8185,8173,8174,
48.285,8182,8173,8174,
48.295,8182,8173,8174,
48.305,8179,8173,8174,
48.316,8182,8175,8174,
48.325,8182,8173,8174,
48.336,8182,8175,8174,
48.346,8182,8175,8174,
48.356,8182,8173,8177,
48.366,8179,8173,8174,
48.375,8179,8175,8177,
48.384,8182,8173,8174,
48.395,8182,8173,8177,
48.405,8182,8173,8177,
48.414,8182,8173,8177,
48.425,8182,8173,8177,
48.434,8179,8173,8177,
48.447,8179,8175,8177,
48.456,8179,8175,8177,
48.465,8179,8173,8177,
48.477,8179,8173,8180,
48.487,8179,8173,8177,
48.495,8179,8173,8174,
48.505,8179,8173,8174,
48.514,8177,8173,8174,
48.526,8177,8173,8174,
48.536,8174,8173,8174,
48.545,8174,8173,8174,
48.554,8174,8173,8174,
48.566,8171,8175,8177,
48.575,8174,8173,8174,
48.586,8174,8173,8174,
48.596,8174,8173,8174,
48.605,8174,8173,8174,
48.617,8174,8173,8174,
48.626,8179,8173,8174,
48.635,8177,8173,8174,
48.643,8177,8173,8172,
48.656,8177,8173,8174,
48.664,8179,8173,8174,
48.674,8177,8173,8174,
48.685,8177,8173,8174,
48.693,8177,8175,8174,
48.705,8177,8175,8174,
48.716,8177,8173,8174,
48.726,8174,8173,8174,
48.735,8174,8173,8174,
48.744,8177,8175,8177,
48.757,8174,8173,8174,
48.764,8174,8173,8174,
48.775,8174,8173,8174,
48.785,8174,8173,8174,
48.794,8174,8173,8174,
48.805,8174,8173,8174,
48.814,8174,8175,8174,
48.826,8177,8173,8174,
48.837,8177,8173,8174,
48.846,8179,8173,8174,
48.855,8179,8175,8174,
48.866,8179,8173,8174,
48.875,8179,8173,8174,
48.886,8177,8173,8174,
48.894,8177,8173,8172,
48.905,8177,8173,8177,
48.914,8177,8175,8177,
48.926,8177,8173,8177,
48.934,8174,8175,8177,
48.942,8171,8175,8177,
48.953,8171,8173,8177,
48.963,8174,8173,8182,
48.974,8174,8175,8177,
48.983,8174,8173,8177,
48.992,8174,8175,8177,
49.005,8174,8173,8177,
49.015,8174,8173,8177,
49.023,8171,8173,8177,
49.034,8174,8173,8177,
49.044,8171,8173,8177,
49.056,8171,8173,8174,
49.065,8168,8173,8177,
49.073,8166,8173,8177,
49.084,8158,8175,8180,
49.096,8166,8175,8177,
49.106,8166,8173,8177,
49.114,8163,8175,8174,
49.124,8160,8175,8177,
49.136,8160,8175,8174,
49.143,8160,8175,8174,
49.156,8163,8175,8174,
49.162,8163,8175,8177,
49.176,8166,8175,8172,
49.187,8168,8173,8174,
49.195,8168,8173,8174,
49.204,8171,8173,8174,
49.214,8174,8173,8174,
49.225,8177,8173,8174,
49.234,8174,8173,8174,
49.244,8177,8173,8174,
49.254,8174,8173,8174,
49.262,8174,8173,8174,
49.273,8171,8173,8174,
49.283,8166,8173,8174,
49.294,8160,8173,8174,
49.304,8152,8175,8174,
49.312,8139,8175,8174,
49.324,8128,8175,8174,
49.333,8112,8178,8177,
49.344,8080,8178,8177,
49.354,8080,8178,8177,
49.364,8080,8181,8172,
49.373,8072,8181,8169,
49.382,8055,8181,8174,
49.395,8045,8186,8174,
49.404,8037,8181,8174,
49.413,8023,8186,8174,
49.423,8012,8183,8174,
49.434,8000,8186,8174,
49.446,7988,8188,8174,
49.452,7975,8191,8174,
49.464,7970,8193,8172,
49.475,7959,8186,8174,
49.484,7937,8193,8174,
49.496,7937,8199,8174,
49.504,7921,8199,8177,
49.512,7912,8201,8174,
49.525,7893,8199,8177,
49.533,7848,8201,8177,
49.546,7787,8188,8174,
49.554,7840,8214,8177,
49.563,7843,8206,8180,
49.574,7840,8224,8174,
49.585,7848,8209,8180,
49.593,7815,8204,8177,
49.603,7827,8204,8177,
49.615,7824,8212,8177,
49.621,7832,8209,8174,
49.632,7812,8212,8174,
49.642,7804,8214,8169,
49.652,7801,8219,8172,
49.661,7793,8222,8177,
49.671,7793,8222,8172,
49.684,7787,8222,8177,
49.692,7779,8222,8174,
49.705,7773,8224,8174,
49.713,7784,8227,8172,
49.722,7760,8219,8172,
49.734,7718,8219,8177,
49.745,7641,8186,8174,
49.752,7691,8222,8180,
49.764,7726,8222,8177,
49.774,7752,8239,8180,
49.783,7743,8219,8177,
49.792,7749,8230,8177,
49.801,7752,8219,8180,
49.814,7771,8222,8177,
49.823,7762,8217,8172,
49.834,7779,8247,8177,
49.842,7752,8224,8174,
49.853,7738,8209,8174,
49.864,7765,8227,8172,
49.873,7752,8219,8172,
49.885,7760,8219,8174,
49.893,7765,8230,8177,
49.901,7762,8245,8172,
49.914,7754,8214,8174,
49.923,7765,8206,8172,
49.933,7715,8212,8174,
49.943,7624,8204,8172,
49.954,7652,8214,8172,
49.964,7724,8224,8177,
49.972,7752,8212,8174,
49.984,7735,8237,8177,
49.994,7752,8214,8174,
50.002,7752,8230,8177,
50.012,7746,8227,8172,
50.022,7752,8224,8177,
50.034,7746,8224,8177,
50.042,7757,8209,8174,
50.051,7762,8227,8177,
50.064,7752,8227,8177,
50.074,7762,8224,8177,
50.085,7765,8237,8174,
50.091,7779,8209,8174,
50.103,7768,8224,8177,
50.113,7768,8222,8174,
50.124,7784,8217,8177,
50.133,7733,8212,8177,
50.142,7649,8199,8174,
50.154,7686,8212,8172,
50.164,7762,8224,8177,
50.172,7784,8230,8177,
50.184,7791,8227,8177,
50.192,7781,8222,8172,
50.204,7776,8219,8174,
50.215,7793,8224,8172,
50.223,7796,8214,8174,
50.235,7807,8232,8174,
50.241,7801,8217,8172,
50.252,7801,8222,8174,
50.264,7809,8222,8172,
50.273,7791,8222,8174,
50.282,7796,8230,8177,
50.292,7804,8212,8172,
50.304,7804,8217,8172,
50.312,7799,8217,8177,
50.322,7796,8201,8172,
50.333,7721,8199,8172,
50.344,7658,8201,8174,
50.35,7718,8224,8177,
50.363,7791,8212,8172,
50.371,7812,8212,8177,
50.383,7804,8224,8180,
50.39,7809,8224,8177,
50.403,7832,8239,8177,
50.413,7804,8217,8177,
50.423,7812,8224,8177,
50.432,7838,8214,8172,
50.442,7818,8217,8174,
50.452,7818,8222,8174,
50.463,7827,8209,8174,
50.47,7827,8214,8172,
50.481,7832,8222,8180,
50.493,7838,8214,8174,
50.502,7838,8217,8174,
50.513,7840,8212,8174,
50.524,7846,8227,8174,
50.532,7824,8199,8169,
50.544,7746,8199,8177,
50.552,7793,8214,8182,
50.562,7843,8212,8174,
50.574,7875,8206,8174,
50.583,7870,8219,8174,
50.592,7875,8201,8174,
50.603,7889,8196,8174,
50.613,7884,8212,8174,
50.621,7893,8206,8174,
50.633,7893,8201,8172,
50.641,7901,8209,8174,
50.655,7895,8201,8172,
50.662,7909,8212,8177,
50.671,7912,8199,8174,
50.683,7912,8204,8174,
50.69,7906,8204,8174,
50.702,7923,8201,8174,
50.714,7926,8196,8174,
50.721,7932,8196,8174,
50.733,7906,8196,8174,
50.743,7854,8186,8172,
50.755,7921,8209,8177,
50.762,7929,8201,8174,
50.77,7951,8196,8174,
50.782,7940,8201,8174,
50.79,7948,8199,8174,
50.804,7951,8199,8174,
50.812,7956,8204,8174,
50.821,7956,8199,8174,
50.831,7961,8199,8174,
50.843,7961,8204,8172,
50.852,7967,8191,8177,
50.861,7964,8196,8177,
50.873,7970,8191,8177,
50.882,7967,8196,8177,
50.892,7972,8191,8177,
50.903,7975,8196,8177,
50.911,7975,8201,8177,
50.921,7980,8196,8177,
50.931,7959,8191,8177,
50.941,7923,8183,8177,
50.952,7983,8201,8180,
50.963,7986,8193,8177,
50.972,7988,8186,8177,
50.983,8003,8191,8172,
50.993,8000,8193,8174,
51.003,8009,8191,8174,
51.014,8018,8186,8174,
51.023,8018,8186,8174,
51.031,8023,8188,8174,
51.042,8020,8186,8174,
51.051,8018,8181,8177,
51.062,8020,8186,8177,
51.07,8026,8191,8177,
51.081,8020,8183,8177,
51.092,8020,8183,8177,
51.101,8028,8186,8177,
51.112,8023,8181,8177,
51.121,8031,8183,8177,
51.131,8015,8183,8177,
51.143,7986,8178,8177,
51.154,8037,8186,8177,
51.159,8039,8186,8174,
51.171,8045,8186,8174,
51.181,8050,8181,8177,
51.192,8055,8183,8180,
51.205,8058,8183,8177,
51.211,8064,8183,8177,
51.223,8069,8183,8177,
51.234,8072,8183,8177,
51.239,8080,8181,8177,
51.252,8083,8178,8177,
51.263,8083,8183,8177,
51.269,8092,8178,8177,
51.28,8092,8181,8177,
51.293,8101,8181,8174,
51.299,8106,8178,8177,
51.311,8109,8178,8177,
51.322,8114,8178,8177,
51.333,8114,8178,8177,
51.34,8101,8173,8177,
51.351,8117,8178,8174,
51.362,8128,8178,8172,
51.371,8133,8175,8172,
51.381,8136,8178,8174,
51.391,8139,8178,8174,
51.4,8141,8175,8174,
51.411,8144,8175,8174,
51.419,8147,8175,8174,
51.433,8150,8175,8174,
51.44,8152,8175,8174,
51.452,8155,8175,8174,
51.462,8158,8175,8174,
51.471,8158,8175,8177,
51.482,8158,8175,8177,
51.492,8158,8175,8177,
51.501,8160,8175,8177,
51.511,8160,8175,8177,
51.522,8160,8175,8177,
51.531,8160,8175,8177,
51.539,8158,8178,8180,
51.551,8166,8175,8177,
51.561,8163,8173,8180,
51.57,8166,8173,8177,
51.578,8168,8173,8177,
51.589,8168,8173,8177,
51.602,8171,8173,8177,
51.612,8171,8173,8177,
51.623,8171,8175,8177,
51.629,8174,8173,8177,
51.64,8174,8173,8177,
51.651,8174,8175,8177,
51.662,8177,8173,8177,
51.67,8174,8173,8174,
51.68,8177,8175,8174,
51.689,8177,8175,8174,
51.7,8179,8173,8174,
51.71,8179,8173,8174,
51.719,8182,8175,8174,
51.732,8185,8175,8174,
51.74,8211,8173,8172,
51.75,8211,8173,8177,
51.759,8217,8173,8174,
51.772,8219,8173,8180,
51.782,8222,8175,8177,
51.792,8230,8173,8177,
51.798,8233,8173,8177,
51.809,8241,8173,8177,
51.82,8246,8173,8177,
51.83,8219,8173,8177,
51.841,8208,8173,8180,
51.848,8208,8175,8180,
51.861,8214,8173,8180,
51.871,8214,8173,8180,
51.878,8214,8173,8180,
51.889,8214,8173,8180,
51.899,8214,8173,8180,
51.91,8211,8175,8180,
51.92,8211,8173,8180,
51.931,8214,8173,8177,
51.941,8225,8173,8177,
51.95,8217,8173,8180,
51.962,8203,8175,8177,
51.97,8203,8173,8180,
51.978,8203,8175,8180,
51.989,8203,8173,8180,
52.001,8206,8173,8180,
52.01,8206,8175,8180,
52.02,8206,8175,8180,
52.031,8206,8175,8180,
52.042,8208,8175,8177,
52.049,8208,8173,8180,
52.061,8208,8173,8180,
52.071,8211,8175,8180,
52.082,8211,8173,8180,
52.09,8211,8173,8180,
52.101,8211,8173,8180,
52.111,8211,8175,8180,
52.12,8214,8173,8180,
52.131,8217,8175,8177,
52.14,8230,8175,8177,
52.152,8219,8173,8180,
52.16,8211,8173,8180,
52.17,8219,8173,8177,
52.18,8219,8173,8177,
52.19,8219,8173,8180,
52.198,8222,8173,8177,
52.21,8222,8175,8177,
52.221,8222,8173,8177,
52.229,8225,8173,8177,
52.24,8227,8173,8177,
52.249,8230,8173,8177,
52.261,8230,8173,8177,
52.269,8230,8173,8177,
52.281,8235,8173,8177,
52.289,8235,8173,8177,
52.302,8241,8173,8180,
52.31,8244,8173,8180,
52.32,8249,8175,8180,
52.331,8260,8175,8177,
52.341,8288,8173,8177,
52.35,8285,8175,8180,
52.362,8265,8175,8185,
52.371,8263,8173,8185,
52.381,8257,8175,8180,
52.39,8257,8173,8182,
52.401,8260,8175,8185,
52.409,8260,8173,8185,
52.42,8263,8173,8185,
52.43,8265,8173,8185,
52.438,8265,8173,8185,
52.452,8271,8175,8185,
52.458,8276,8175,8185,
52.471,8283,8173,8187,
52.479,8285,8173,8185,
52.489,8296,8173,8185,
52.497,8304,8175,8185,
52.509,8312,8175,8187,
52.52,8326,8175,8187,
52.53,8353,8173,8185,
52.539,8425,8173,8180,
52.552,8401,8175,8190,
52.558,8377,8178,8195,
52.568,8387,8173,8195,
52.578,8396,8173,8198,
52.589,8401,8173,8198,
52.601,8409,8173,8198,
52.609,8412,8173,8198,
52.621,8417,8173,8200,
52.632,8425,8173,8198,
52.64,8428,8173,8200,
52.649,8436,8173,8200,
52.659,8436,8173,8205,
52.668,8444,8173,8203,
52.682,8444,8175,8200,
52.689,8444,8175,8203,
52.699,8455,8175,8200,
52.709,8452,8173,8203,
52.72,8455,8173,8203,
52.731,8473,8175,8203,
52.74,8522,8175,8192,
52.748,8479,8173,8203,
52.76,8461,8173,8205,
52.768,8463,8173,8205,
52.779,8463,8175,8205,
52.79,8468,8173,8208,
52.799,8468,8173,8205,
52.809,8468,8173,8205,
52.818,8471,8175,8208,
52.828,8468,8173,8208,
52.84,8473,8175,8208,
52.851,8471,8175,8205,
52.858,8468,8175,8208,
52.869,8468,8173,8205,
52.878,8468,8173,8208,
52.887,8461,8173,8208,
52.899,8463,8173,8205,
52.908,8461,8170,8208,
52.919,8458,8175,8203,
52.928,8487,8175,8200,
52.939,8562,8170,8190,
52.948,8514,8173,8205,
52.959,8471,8175,8205,
52.97,8468,8173,8203,
52.979,8471,8173,8208,
52.99,8463,8175,8205,
52.999,8468,8175,8208,
53.009,8463,8173,8210,
53.018,8461,8175,8210,
53.027,8461,8173,8213,
53.038,8463,8175,8205,
53.049,8463,8170,8205,
53.06,8468,8173,8210,
53.07,8461,8173,8205,
53.078,8463,8175,8208,
53.09,8463,8173,8208,
53.101,8468,8173,8208,
53.107,8458,8173,8208,
53.12,8468,8175,8205,
53.129,8487,8175,8203,
53.137,8544,8173,8192,
53.149,8536,8175,8200,
53.16,8481,8173,8208,
53.169,8463,8170,8203,
53.178,8463,8173,8208,
53.189,8468,8175,8203,
53.201,8468,8175,8205,
53.207,8463,8175,8205,
53.218,8463,8173,8205,
53.229,8458,8173,8210,
53.238,8455,8175,8208,
53.249,8458,8173,8208,
53.259,8455,8173,8208,
53.268,8452,8173,8208,
53.28,8450,8173,8208,
53.288,8447,8173,8205,
53.3,8450,8173,8208,
53.309,8447,8173,8203,
53.318,8447,8175,8205,
53.327,8468,8173,8198,
53.339,8538,8173,8187,
53.349,8487,8175,8200,
53.359,8447,8175,8203,
53.369,8439,8170,8200,
53.378,8436,8175,8203,
53.388,8436,8175,8203,
53.399,8436,8173,8200,
53.41,8433,8175,8203,
53.417,8431,8173,8200,
53.427,8425,8175,8200,
53.437,8423,8175,8200,
53.448,8425,8173,8200,
53.458,8420,8175,8200,
53.467,8417,8175,8198,
53.477,8412,8173,8200,
53.488,8412,8175,8198,
53.499,8414,8173,8200,
53.509,8412,8175,8200,
53.521,8409,8175,8203,
53.528,8433,8175,8192,
53.539,8492,8173,8185,
53.547,8484,8175,8192,
53.561,8417,8175,8203,
53.567,8404,8175,8200,
53.579,8404,8170,8200,
53.587,8404,8175,8200,
53.598,8404,8173,8200,
53.606,8401,8173,8200,
53.618,8398,8175,8198,
53.628,8396,8175,8203,
53.636,8398,8173,8198,
53.647,8398,8173,8200,
53.659,8396,8175,8200,
53.667,8393,8175,8200,
53.678,8390,8175,8200,
53.686,8390,8173,8200,
53.697,8387,8175,8203,
53.711,8387,8173,8200,
53.717,8385,8175,8195,
53.729,8401,8173,8190,
53.738,8450,8173,8185,
53.749,8412,8175,8195,
53.758,8379,8173,8198,
53.768,8372,8175,8195,
53.779,8377,8173,8195,
53.789,8372,8173,8192,
53.797,8372,8173,8195,
53.806,8372,8175,8195,
53.818,8364,8175,8198,
53.828,8369,8173,8198,
53.836,8369,8173,8195,
53.847,8366,8175,8198,
53.859,8369,8173,8195,
53.868,8369,8173,8198,
53.877,8364,8173,8198,
53.886,8364,8175,8198,
53.897,8366,8173,8198,
53.909,8361,8175,8195,
53.918,8364,8175,8195,
53.927,8377,8173,8190,
53.939,8412,8173,8185,
53.947,8401,8173,8190,
53.959,8358,8175,8190,
53.965,8353,8175,8195,
53.977,8353,8173,8192,
53.988,8353,8173,8192,
53.996,8347,8173,8192,
54.006,8350,8173,8192,
54.016,8347,8173,8192,
54.026,8347,8173,8192,
54.036,8347,8173,8195,
54.047,8342,8175,8192,
54.058,8347,8175,8192,
54.067,8345,8175,8195,
54.076,8342,8173,8192,
54.089,8345,8173,8192,
54.095,8345,8173,8192,
54.111,8342,8173,8195,
54.119,8342,8175,8192,
54.127,8361,8175,8187,
54.135,8412,8183,8180,
54.147,8369,8175,8190,
54.158,8334,8175,8192,
54.169,8331,8175,8187,
54.177,8329,8173,8190,
54.188,8326,8173,8190,
54.195,8326,8175,8187,
54.208,8318,8173,8187,
54.217,8318,8173,8187,
54.229,8312,8173,8190,
54.235,8312,8173,8190,
54.248,8307,8175,8187,
54.259,8307,8175,8190,
54.267,8304,8173,8190,
54.276,8307,8173,8187,
54.287,8304,8173,8190,
54.299,8304,8173,8187,
54.308,8301,8173,8187,
54.319,8301,8173,8190,
54.327,8310,8175,8187,
54.338,8350,8173,8180,
54.348,8318,8173,8190,
54.357,8296,8173,8182,
54.368,8293,8173,8187,
54.377,8291,8175,8187,
54.387,8288,8173,8187,
54.396,8288,8175,8187,
54.406,8285,8173,8187,
54.418,8283,8170,8185,
54.427,8283,8175,8187,
54.436,8283,8173,8187,
54.449,8279,8175,8185,
54.457,8279,8173,8185,
54.467,8271,8173,8185,
54.476,8271,8173,8185,
54.484,8268,8175,8185,
54.499,8265,8175,8185,
54.507,8263,8173,8182,
54.515,8260,8175,8182,
54.525,8263,8173,8185,
54.537,8283,8175,8180,
54.546,8268,8175,8185,
54.558,8249,8173,8182,
54.565,8244,8175,8182,
54.577,8246,8173,8182,
54.586,8244,8175,8182,
54.6,8241,8175,8182,
54.606,8241,8175,8180,
54.617,8238,8173,8182,
54.626,8235,8175,8180,
54.635,8233,8173,8180,
54.648,8230,8175,8177,
54.656,8230,8173,8177,
54.666,8227,8173,8177,
54.674,8227,8175,8177,
54.687,8225,8173,8177,
54.696,8222,8173,8177,
54.707,8222,8173,8177,
54.715,8219,8173,8177,
54.725,8219,8175,8177,
54.736,8230,8175,8177,
54.745,8222,8173,8177,
54.758,8214,8175,8177,
54.768,8214,8173,8174,
54.777,8214,8173,8177,
54.787,8214,8175,8177,
54.797,8211,8175,8177,
54.806,8208,8173,8177,
54.817,8208,8173,8174,
54.826,8208,8175,8177,
54.836,8208,8173,8177,
54.844,8208,8173,8180,
54.857,8208,8173,8180,
54.866,8208,8173,8180,
54.877,8206,8175,8180,
54.887,8203,8175,8177,
54.897,8203,8173,8180,
54.906,8203,8175,8177,
54.917,8203,8173,8177,
54.926,8206,8175,8180,
54.936,8217,8175,8180,
54.944,8211,8173,8177,
54.955,8203,8175,8177,
54.967,8200,8173,8177,
54.977,8200,8173,8174,
54.988,8200,8175,8174,
54.996,8198,8173,8174,
55.005,8198,8175,8174,
55.016,8198,8175,8174,
55.028,8195,8173,8174,
55.037,8195,8173,8174,
55.044,8195,8175,8174,
55.054,8192,8175,8177,
55.065,8192,8173,8177,
55.075,8192,8175,8177,
55.086,8192,8173,8177,
55.095,8192,8173,8177,
55.106,8188,8173,8177,
55.116,8192,8175,8177,
55.125,8192,8173,8177,
55.134,8192,8175,8177,
55.145,8188,8170,8177,
55.157,8185,8173,8174,
55.166,8185,8173,8177,
55.177,8185,8175,8177,
55.186,8185,8175,8177,
55.197,8185,8175,8177,
55.207,8185,8175,8177,
55.215,8185,8173,8177,
55.225,8185,8175,8177,
55.234,8185,8173,8177,
55.246,8185,8175,8177,
55.254,8182,8173,8174,
55.267,8182,8175,8174,
55.276,8185,8175,8174,
55.286,8185,8173,8174,
55.295,8182,8173,8174,
55.306,8182,8173,8174,
55.314,8182,8175,8174,
55.327,8185,8173,8177,
55.337,8188,8175,8174,
55.345,8188,8173,8177,
55.355,8179,8175,8177,
55.364,8179,8178,8177,
55.377,8185,8175,8174,
55.388,8182,8173,8177,
55.395,8182,8173,8177,
55.407,8182,8173,8177,
55.414,8179,8173,8177,
55.427,8179,8173,8177,
55.437,8179,8173,8177,
55.446,8179,8173,8180,
55.454,8179,8175,8177,
55.467,8179,8175,8174,
55.478,8179,8175,8174,
55.488,8177,8175,8174,
55.494,8179,8173,8174,
55.506,8177,8175,8174,
55.514,8179,8175,8174,
55.526,8182,8173,8174,
55.535,8182,8178,8177,
55.544,8182,8175,8177,
55.556,8179,8173,8174,
55.565,8177,8175,8177,
55.577,8179,8173,8177,
55.583,8179,8175,8177,
55.598,8179,8173,8177,
55.605,8179,8173,8177,
55.615,8179,8173,8177,
55.626,8179,8175,8177,
55.635,8179,8175,8177,
55.644,8179,8173,8177,
55.655,8177,8173,8177,
55.667,8177,8175,8177,
55.674,8177,8175,8177,
55.685,8174,8173,8177,
55.696,8174,8175,8177,
55.705,8177,8175,8177,
55.714,8174,8175,8177,
55.727,8177,8175,8177,
55.735,8174,8173,8177,
55.747,8177,8175,8180,
55.753,8177,8173,8177,
55.764,8179,8175,8172,
55.775,8179,8173,8174,
55.786,8177,8175,8174,
55.795,8179,8173,8174,
55.804,8179,8173,8174,
55.816,8177,8173,8174,
55.825,8177,8175,8174,
55.834,8177,8175,8174,
55.845,8177,8175,8174,
55.854,8177,8173,8174,
55.863,8177,8175,8174,
55.874,8177,8175,8177,
55.885,8177,8173,8177,
55.895,8177,8175,8177,
55.903,8177,8173,8177,
55.914,8177,8175,8177,
55.926,8177,8175,8180,
55.935,8177,8175,8180,
55.947,8177,8175,8174,
55.955,8174,8173,8177,
55.965,8177,8173,8177,
55.974,8177,8175,8177,
55.984,8177,8175,8177,
55.996,8177,8175,8177,
56.006,8177,8173,8177,
56.014,8177,8173,8177,
56.025,8177,8173,8177,
56.033,8177,8173,8177,
56.046,8177,8173,8177,
56.056,8177,8175,8177,
56.064,8177,8173,8177,
56.076,8177,8175,8177,
56.084,8177,8173,8177,
56.094,8177,8173,8177,
56.105,8177,8173,8177,
56.115,8179,8175,8177,
56.126,8179,8173,8177,
56.136,8177,8173,8177,
56.145,8177,8173,8177,
56.152,8171,8173,8174,
56.167,8174,8175,8174,
56.174,8174,8173,8174,
56.184,8177,8173,8174,
56.193,8177,8173,8174,
56.204,8177,8173,8174,
56.215,8177,8173,8174,
56.225,8177,8173,8174,
56.234,8177,8173,8174,
56.242,8174,8173,8174,
56.255,8174,8173,8174,
56.265,8174,8173,8174,
56.274,8174,8173,8174,
56.284,8177,8173,8177,
56.293,8174,8175,8177,
56.304,8174,8173,8177,
56.314,8177,8175,8177,
56.325,8174,8173,8177,
56.334,8177,8175,8180,
56.344,8177,8175,8180,
56.354,8177,8175,8177,
56.365,8174,8175,8180,
56.376,8177,8173,8177,
56.385,8177,8173,8174,
56.393,8177,8175,8174,
56.404,8177,8173,8174,
56.417,8174,8173,8174,
56.425,8177,8173,8174,
56.435,8177,8173,8174,
56.446,8174,8173,8174,
56.452,8177,8173,8174,
56.465,8177,8175,8174,
56.475,8177,8173,8177,
56.483,8177,8173,8174,
56.493,8177,8175,8174,
56.502,8177,8173,8174,
56.518,8177,8173,8174,
56.521,8177,8173,8174,
56.533,8177,8173,8177,
56.544,8177,8175,8174,
56.555,8177,8175,8174,
56.564,8174,8173,8174,
56.573,8174,8175,8174,
56.583,8174,8173,8174,
56.594,8174,8175,8174,
56.604,8174,8175,8174,
56.614,8174,8173,8174,
56.624,8177,8173,8174,
56.633,8174,8173,8172,
56.646,8174,8173,8174,
56.652,8174,8173,8174,
56.664,8177,8175,8174,
56.673,8177,8175,8174,
56.684,8177,8175,8174,
56.692,8177,8173,8177,
56.706,8177,8173,8177,
56.714,8177,8175,8177,
56.724,8179,8173,8177,
56.733,8179,8173,8177,
56.742,8179,8173,8180,
56.756,8174,8173,8177,
56.763,8177,8175,8177,
56.775,8179,8173,8177,
56.784,8179,8173,8177,
56.793,8177,8173,8177,
56.804,8177,8173,8177,
56.816,8179,8173,8177,
56.822,8179,8173,8177,
56.837,8179,8173,8177,
56.843,8179,8173,8177,
56.854,8177,8175,8177,
56.862,8179,8173,8177,
56.873,8179,8173,8177,
56.884,8179,8173,8177,
56.892,8179,8173,8177,
56.905,8179,8173,8177,
56.913,8179,8173,8177,
56.923,8179,8173,8177,
56.935,8182,8173,8177,
56.944,8182,8175,8177,
56.954,8182,8175,8177,
56.964,8179,8175,8174,
56.973,8179,8173,8177,
56.984,8179,8175,8177,
56.995,8179,8175,8174,
57.004,8179,8173,8174,
57.014,8179,8173,8174,
57.023,8179,8175,8174,
57.032,8177,8175,8174,
57.043,8177,8173,8174,
57.054,8177,8173,8174,
57.065,8177,8173,8174,
57.074,8177,8173,8174,
57.085,8177,8173,8174,
57.093,8174,8175,8174,
57.102,8174,8173,8174,
57.114,8174,8173,8174,
57.123,8174,8173,8174,
57.134,8171,8175,8177,
57.144,8177,8173,8174,
57.152,8177,8175,8174,
57.163,8174,8175,8174,
57.171,8177,8175,8174,
57.183,8177,8175,8174,
57.191,8177,8173,8174,
57.204,8177,8173,8174,
57.215,8177,8173,8174,
57.223,8177,8173,8174,
57.233,8177,8173,8174,
57.245,8177,8173,8174,
57.254,8177,8173,8174,
57.265,8177,8173,8174,
57.275,8177,8175,8174,
57.282,8179,8173,8174,
57.293,8179,8173,8174,
57.302,8179,8173,8174,
57.312,8179,8173,8174,
57.322,8177,8173,8174,
57.335,8177,8175,8177,
57.342,8179,8173,8174,
57.351,8174,8173,8174,
57.364,8179,8173,8172,
57.373,8177,8173,8177,
57.382,8177,8173,8177,
57.393,8179,8173,8174,
57.404,8177,8173,8177,
57.412,8177,8173,8177,
57.42,8177,8173,8177,
57.434,8177,8173,8177,
57.442,8174,8173,8177,
57.455,8177,8175,8177,
57.461,8177,8173,8177,
57.474,8177,8173,8177,
57.482,8177,8175,8177,
57.493,8177,8175,8177,
57.502,8177,8173,8177,
57.511,8177,8173,8177,
57.523,8177,8175,8177,
57.533,8174,8173,8180,
57.543,8177,8173,8177,
57.553,8179,8173,8177,
57.561,8179,8170,8177,
57.572,8177,8173,8177,
57.585,8177,8173,8177,
57.59,8177,8173,8177,
57.602,8177,8173,8177,
57.614,8177,8173,8174,
57.622,8177,8173,8174,
57.633,8177,8173,8174,
57.643,8177,8173,8174,
57.652,8177,8173,8174,
57.661,8177,8173,8174,
57.673,8177,8173,8174,
57.681,8177,8173,8174,
57.692,8177,8173,8174,
57.702,8177,8170,8174,
57.713,8177,8173,8174,
57.723,8177,8175,8174,
57.733,8177,8173,8174,
57.742,8179,8175,8174,
57.753,8177,8173,8174,
57.762,8177,8173,8172,
57.772,8177,8170,8174,
57.782,8177,8173,8174,
57.791,8177,8173,8177,
57.801,8177,8173,8174,
57.813,8174,8173,8174,
57.824,8174,8175,8174,
57.832,8174,8173,8174,
57.843,8174,8173,8174,
57.854,8174,8173,8174,
57.862,8174,8173,8174,
57.87,8174,8173,8174,
57.883,8174,8173,8174,
57.894,8174,8175,8174,
57.902,8174,8175,8174,
57.91,8174,8173,8174,
57.921,8177,8175,8177,
57.931,8177,8173,8172,
57.942,8158,8178,8174,
57.951,8128,8181,8172,
57.961,8128,8175,8174,
57.974,8125,8178,8174,
57.981,8120,8173,8174,
57.99,8112,8178,8174,
58.003,8103,8178,8174,
58.013,8092,8178,8174,
58.021,8080,8178,8174,
58.036,8069,8181,8174,
58.042,8058,8181,8174,
58.052,8050,8181,8174,
58.06,8039,8186,8174,
58.073,8023,8188,8174,
58.082,8012,8186,8174,
58.09,8000,8186,8174,
58.102,7986,8191,8174,
58.113,7959,8186,8174,
58.121,7929,8193,8174,
58.132,7865,8186,8172,
58.142,7898,8201,8174,
58.152,7895,8204,8177,
58.163,7881,8206,8169,
58.173,7867,8206,8177,
58.183,7865,8209,8174,
58.193,7854,8204,8174,
58.203,7838,8201,8172,
58.214,7843,8199,8174,
58.223,7820,8214,8172,
58.232,7820,8212,8174,
58.24,7818,8206,8174,
58.252,7818,8214,8172,
58.26,7804,8219,8172,
58.271,7796,8227,8172,
58.281,7804,8224,8174,
58.291,7791,8217,8174,
58.302,7779,8219,8174,
58.312,7773,8219,8172,
58.322,7752,8196,8172,
58.33,7666,8201,8172,
58.342,7688,8219,8169,
58.351,7754,8227,8172,
58.362,7781,8230,8169,
58.374,7752,8227,8174,
58.381,7773,8224,8177,
58.391,7768,8227,8177,
58.4,7746,8214,8174,
58.41,7773,8230,8174,
58.422,7791,8217,8174,
58.43,7768,8217,8172,
58.441,7762,8212,8174,
58.449,7787,8222,8174,
58.459,7787,8237,8177,
58.471,7781,8242,8174,
58.483,7771,8224,8172,
58.492,7791,8224,8174,
58.5,7796,8214,8177,
58.51,7762,8219,8174,
58.521,7721,8199,8177,
58.529,7639,8199,8177,
58.539,7671,8217,8177,
58.55,7746,8219,8177,
58.56,7776,8230,8172,
58.569,7754,8214,8172,
58.581,7781,8232,8174,
58.59,7771,8219,8169,
58.599,7781,8219,8174,
58.611,7781,8227,8172,
58.62,7787,8230,8172,
58.629,7765,8217,8174,
58.641,7762,8227,8172,
58.653,7773,8230,8174,
58.659,7768,8222,8174,
58.67,7768,8217,8174,
58.681,7765,8237,8177,
58.692,7768,8219,8172,
58.701,7781,8239,8174,
58.71,7779,8219,8177,
58.72,7743,8201,8174,
58.73,7647,8204,8180,
58.739,7671,8219,8180,
58.749,7757,8245,8180,
58.761,7762,8206,8185,
58.77,7787,8219,8180,
58.781,7776,8227,8180,
58.79,7793,8230,8174,
58.802,7784,8219,8177,
58.81,7791,8204,8174,
58.822,7801,8212,8172,
58.831,7804,8214,8177,
58.84,7791,8214,8174,
58.851,7801,8224,8174,
58.863,7829,8222,8172,
58.871,7815,8212,8174,
58.882,7812,8217,8174,
58.891,7812,8206,8174,
58.902,7835,8224,8174,
58.912,7818,8217,8172,
58.922,7787,8222,8177,
58.931,7715,8196,8174,
58.943,7754,8201,8174,
58.95,7818,8214,8177,
58.962,7840,8227,8177,
58.973,7827,8227,8177,
58.983,7824,8212,8180,
58.994,7838,8204,8180,
59.001,7832,8209,8177,
59.01,7851,8209,8174,
59.022,7851,8212,8177,
59.033,7851,8204,8174,
59.04,7848,8222,8180,
59.051,7854,8214,8174,
59.06,7875,8206,8177,
59.073,7862,8214,8177,
59.081,7859,8209,8174,
59.091,7865,8222,8174,
59.101,7884,8206,8174,
59.113,7865,8206,8174,
59.12,7815,8196,8174,
59.13,7765,8199,8167,
59.141,7832,8212,8172,
59.149,7881,8209,8177,
59.163,7870,8206,8177,
59.171,7893,8206,8174,
59.18,7884,8206,8177,
59.191,7893,8206,8177,
59.199,7906,8204,8174,
59.208,7901,8204,8177,
59.22,7912,8193,8177,
59.229,7912,8199,8174,
59.241,7898,8206,8177,
59.25,7909,8206,8174,
59.26,7912,8206,8174,
59.269,7918,8199,8172,
59.28,7912,8214,8177,
59.291,7918,8196,8174,
59.3,7918,8199,8174,
59.31,7926,8196,8174,
59.321,7865,8188,8174,
59.331,7832,8193,8174,
59.337,7881,8199,8167,
59.351,7915,8212,8174,
59.36,7912,8196,8177,
59.369,7921,8201,8174,
59.38,7934,8206,8174,
59.388,7937,8204,8177,
59.4,7934,8201,8174,
59.412,7937,8196,8174,
59.42,7942,8199,8174,
59.429,7932,8206,8174,
59.441,7959,8209,8174,
59.45,7959,8201,8174,
59.46,7959,8193,8174,
59.469,7970,8193,8174,
59.48,7970,8193,8174,
59.489,7975,8188,8174,
59.499,7983,8188,8174,
59.508,7980,8193,8177,
59.519,7967,8186,8174,
59.531,7912,8181,8177,
59.54,7948,8196,8174,
59.55,7978,8199,8177,
59.56,7988,8196,8174,
59.569,7980,8193,8174,
59.58,7986,8196,8174,
59.589,7991,8196,8174,
59.6,7991,8191,8174,
59.609,8003,8193,8177,
59.62,8003,8193,8174,
59.63,8003,8188,8174,
59.64,8009,8188,8174,
59.65,8007,8196,8174,
59.66,8015,8193,8174,
59.671,8020,8186,8174,
59.679,8020,8188,8174,
59.691,8023,8186,8174,
59.701,8028,8186,8177,
59.709,8031,8186,8174,
59.718,8015,8178,8174,
59.73,7986,8186,8174,
59.74,8015,8183,8174,
59.751,8047,8188,8174,
59.76,8047,8186,8174,
59.77,8053,8181,8174,
59.778,8055,8181,8177,
59.79,8061,8183,8174,
59.801,8058,8183,8174,
59.811,8064,8181,8172,
59.82,8061,8183,8174,
59.831,8066,8186,8174,
59.839,8066,8181,8174,
59.85,8066,8183,8174,
59.859,8069,8181,8174,
59.868,8069,8181,8174,
59.878,8066,8183,8174,
59.889,8072,8181,8174,
59.897,8072,8181,8177,
59.909,8074,8183,8174,
59.921,8072,8181,8174,
59.93,8053,8175,8172,
59.94,8072,8181,8174,
59.949,8092,8181,8174,
59.958,8097,8181,8172,
59.97,8103,8181,8174,
59.977,8103,8178,8174,
59.988,8109,8181,8174,
59.999,8112,8178,8174,
60.01,8117,8178,8174,
60.018,8120,8178,8174,
60.03,8125,8178,8174,
60.039,8125,8178,8174,
60.049,8125,8175,8174,
60.058,8131,8178,8174,
60.069,8131,8175,8174,
60.08,8128,8175,8174,
60.09,8131,8175,8174,
60.099,8131,8181,8174,
60.11,8131,8178,8174,
60.118,8128,8175,8174,
60.132,8117,8175,8174,
60.14,8139,8178,8177,
60.148,8136,8175,8174,
60.159,8136,8178,8177,
60.168,8141,8175,8174,
60.181,8144,8175,8174,
60.19,8147,8175,8174,
60.198,8150,8175,8174,
60.209,8152,8175,8174,
60.221,8155,8175,8174,
60.227,8155,8175,8174,
60.238,8155,8175,8174,
60.249,8158,8173,8174,
60.26,8158,8173,8174,
60.268,8160,8173,8174,
60.28,8160,8173,8174,
60.286,8160,8173,8174,
60.298,8163,8173,8174,
60.309,8163,8173,8174,
60.319,8163,8175,8177,
60.329,8160,8173,8174,
60.338,8166,8175,8177,
60.35,8168,8173,8174,
60.359,8171,8173,8172,
60.368,8171,8173,8174,
60.378,8174,8175,8177,
60.39,8174,8173,8177,
60.398,8174,8173,8177,
60.411,8177,8173,8177,
60.42,8177,8173,8177,
60.429,8177,8173,8180,
60.441,8177,8173,8177,
60.449,8174,8175,8177,
60.458,8177,8173,8177,
60.47,8177,8173,8177,
60.48,8177,8173,8177,
60.489,8177,8175,8177,
60.499,8177,8173,8177,
60.509,8177,8173,8177,
60.519,8179,8175,8177,
60.528,8177,8173,8174,
60.538,8177,8173,8180,
60.549,8177,8173,8180,
60.56,8177,8170,8177,
60.569,8179,8175,8177,
60.577,8195,8173,8180,
60.589,8203,8173,8177,
60.598,8214,8173,8177,
60.609,8227,8173,8177,
60.619,8238,8173,8177,
60.627,8211,8173,8177,
60.637,8208,8173,8180,
60.649,8214,8173,8180,
60.658,8219,8173,8180,
60.668,8222,8175,8180,
60.678,8227,8173,8180,
60.687,8227,8173,8180,
60.696,8230,8173,8180,
60.708,8233,8173,8180,
60.717,8235,8175,8180,
60.728,8257,8175,8177,
60.74,8257,8175,8180,
60.748,8241,8173,8185,
60.758,8235,8175,8182,
60.769,8235,8175,8182,
60.779,8238,8173,8180,
60.787,8241,8173,8180,
60.798,8241,8173,8180,
60.809,8241,8173,8177,
60.819,8244,8173,8177,
60.827,8246,8173,8180,
60.836,8246,8173,8180,
60.851,8252,8173,8180,
60.857,8254,8173,8180,
60.868,8260,8175,8182,
60.876,8265,8173,8182,
60.888,8271,8173,8187,
60.898,8283,8173,8187,
60.909,8291,8173,8187,
60.917,8315,8173,8185,
60.929,8379,8173,8180,
60.939,8364,8173,8190,
60.948,8345,8175,8190,
60.957,8353,8175,8192,
60.967,8369,8173,8195,
60.979,8379,8173,8198,
60.987,8393,8175,8195,
60.996,8404,8173,8198,
61.007,8412,8173,8198,
61.016,8417,8173,8198,
61.026,8425,8173,8200,
61.037,8433,8175,8198,
61.047,8439,8175,8200,
61.058,8442,8175,8203,
61.066,8447,8173,8203,
61.078,8458,8173,8205,
61.086,8461,8175,8203,
61.098,8468,8173,8205,
61.109,8461,8175,8213,
61.117,8492,8173,8205,
61.127,8549,8173,8195,
61.139,8500,8173,8210,
61.149,8476,8178,8213,
61.158,8476,8175,8208,
61.168,8473,8173,8205,
61.178,8473,8173,8208,
61.187,8476,8175,8213,
61.198,8476,8173,8208,
61.208,8479,8175,8205,
61.219,8479,8175,8208,
61.228,8481,8173,8210,
61.237,8490,8173,8208,
61.25,8481,8175,8208,
61.256,8481,8173,8208,
61.267,8484,8175,8205,
61.278,8484,8173,8208,
61.289,8481,8175,8210,
61.296,8481,8173,8210,
61.308,8484,8173,8208,
61.317,8514,8173,8203,
61.329,8581,8175,8190,
61.337,8527,8173,8205,
61.346,8498,8173,8208,
61.358,8490,8173,8208,
61.369,8490,8175,8210,
61.378,8490,8175,8210,
61.39,8487,8173,8213,
61.399,8484,8173,8210,
61.41,8479,8173,8208,
61.419,8479,8173,8208,
61.429,8476,8175,8205,
61.437,8468,8173,8205,
61.446,8468,8173,8208,
61.459,8473,8175,8208,
61.468,8468,8173,8208,
61.477,8461,8173,8208,
61.487,8471,8173,8203,
61.496,8463,8175,8205,
61.507,8461,8173,8210,
61.517,8484,8173,8200,
61.527,8556,8175,8192,
61.536,8544,8175,8195,
61.547,8468,8175,8205,
61.556,8458,8170,8205,
61.566,8458,8173,8205,
61.577,8452,8173,8203,
61.585,8455,8173,8205,
61.596,8455,8175,8205,
61.607,8452,8173,8203,
61.616,8452,8173,8205,
61.628,8452,8173,8205,
61.637,8447,8173,8205,
61.647,8444,8173,8205,
61.658,8444,8173,8203,
61.67,8442,8175,8203,
61.676,8439,8173,8203,
61.688,8439,8173,8203,
61.697,8433,8173,8205,
61.706,8433,8173,8203,
61.718,8458,8173,8195,
61.725,8514,8175,8187,
61.737,8509,8173,8195,
61.745,8439,8175,8203,
61.758,8428,8178,8203,
61.764,8423,8173,8200,
61.778,8425,8173,8200,
61.786,8423,8173,8200,
61.796,8423,8175,8198,
61.805,8417,8175,8198,
61.815,8420,8173,8198,
61.826,8414,8175,8200,
61.838,8417,8173,8200,
61.846,8417,8173,8200,
61.857,8414,8175,8203,
61.866,8412,8173,8200,
61.877,8417,8173,8200,
61.889,8420,8173,8200,
61.896,8420,8175,8198,
61.908,8423,8173,8200,
61.917,8439,8178,8198,
61.927,8527,8173,8185,
61.938,8484,8170,8195,
61.945,8423,8173,8200,
61.959,8412,8175,8195,
61.966,8414,8173,8198,
61.977,8414,8173,8198,
61.986,8412,8173,8198,
61.998,8409,8173,8200,
62.008,8412,8175,8198,
62.018,8406,8173,8200,
62.025,8406,8173,8203,
62.037,8406,8175,8203,
62.046,8404,8173,8203,
62.058,8404,8173,8200,
62.068,8404,8175,8200,
62.076,8401,8175,8200,
62.088,8401,8173,8203,
62.097,8401,8173,8200,
62.108,8398,8173,8203,
62.116,8412,8173,8195,
62.128,8476,8173,8182,
62.134,8471,8178,8190,
62.146,8409,8173,8200,
62.155,8390,8175,8198,
62.166,8387,8173,8195,
62.177,8387,8173,8198,
62.186,8385,8173,8195,
62.196,8387,8175,8195,
62.206,8385,8175,8195,
62.215,8385,8173,8195,
62.225,8379,8173,8195,
62.236,8379,8175,8195,
62.246,8377,8178,8195,
62.257,8372,8175,8195,
62.266,8369,8175,8195,
62.281,8366,8175,8195,
62.286,8366,8175,8192,
62.295,8366,8175,8192,
62.306,8364,8175,8192,
62.318,8385,8178,8190,
62.325,8433,8178,8182,
62.335,8423,8175,8185,
62.347,8364,8175,8195,
62.356,8353,8170,8192,
62.367,8353,8173,8192,
62.376,8350,8173,8195,
62.388,8347,8173,8190,
62.399,8345,8175,8190,
62.405,8350,8173,8190,
62.417,8345,8175,8190,
62.426,8342,8175,8192,
62.434,8342,8173,8190,
62.445,8339,8173,8190,
62.454,8334,8173,8190,
62.467,8337,8175,8190,
62.477,8334,8173,8190,
62.487,8331,8173,8190,
62.497,8331,8173,8190,
62.507,8331,8173,8190,
62.517,8339,8173,8187,
62.528,8385,8173,8177,
62.535,8379,8170,8185,
62.546,8331,8173,8192,
62.555,8320,8175,8187,
62.565,8320,8173,8190,
62.576,8318,8173,8187,
62.584,8315,8175,8190,
62.595,8315,8175,8187,
62.607,8310,8175,8187,
62.615,8310,8175,8187,
62.625,8310,8173,8187,
62.636,8304,8173,8187,
62.646,8307,8173,8185,
62.655,8304,8173,8187,
62.667,8301,8173,8187,
62.674,8299,8173,8187,
62.685,8296,8173,8185,
62.697,8293,8175,8185,
62.706,8293,8173,8187,
62.716,8301,8175,8182,
62.725,8334,8173,8177,
62.734,8307,8173,8187,
62.746,8283,8173,8187,
62.755,8283,8175,8185,
62.763,8283,8173,8187,
62.776,8279,8173,8187,
62.784,8276,8173,8185,
62.794,8273,8173,8187,
62.804,8273,8173,8185,
62.818,8268,8173,8185,
62.823,8271,8173,8185,
62.834,8268,8173,8185,
62.844,8265,8175,8182,
62.856,8263,8175,8185,
62.865,8263,8173,8182,
62.874,8263,8173,8185,
62.886,8257,8173,8185,
62.894,8257,8173,8182,
62.905,8254,8173,8182,
62.915,8260,8173,8182,
62.923,8276,8175,8180,
62.935,8271,8173,8182,
62.945,8246,8175,8182,
62.956,8241,8173,8182,
62.967,8241,8173,8182,
62.974,8238,8173,8180,
62.986,8233,8173,8180,
62.996,8230,8173,8182,
63.004,8230,8173,8182,
63.016,8227,8173,8180,
63.023,8225,8173,8180,
63.035,8227,8173,8180,
63.046,8225,8175,8180,
63.054,8225,8175,8180,
63.065,8227,8173,8182,
63.075,8227,8175,8180,
63.086,8227,8173,8180,
63.094,8225,8173,8180,
63.105,8225,8173,8180,
63.116,8225,8173,8180,
63.126,8241,8175,8177,
63.135,8227,8173,8182,
63.144,8217,8173,8177,
63.155,8214,8173,8177,
63.165,8217,8173,8177,
63.173,8214,8173,8177,
63.184,8214,8173,8177,
63.195,8214,8173,8177,
63.205,8211,8173,8177,
63.215,8211,8173,8177,
63.223,8208,8173,8177,
63.235,8208,8175,8177,
63.245,8211,8173,8177,
63.253,8208,8173,8177,
63.266,8208,8175,8177,
63.275,8206,8173,8177,
63.283,8206,8175,8177,
63.296,8203,8175,8174,
63.302,8203,8175,8177,
63.316,8203,8173,8177,
63.326,8211,8173,8174,
63.337,8208,8173,8177,
63.344,8203,8175,8177,
63.356,8198,8170,8177,
63.366,8198,8175,8174,
63.376,8198,8173,8177,
63.383,8198,8175,8174,
63.395,8195,8173,8174,
63.403,8195,8173,8177,
63.415,8195,8173,8177,
63.425,8195,8173,8177,
63.434,8195,8173,8177,
63.444,8192,8175,8174,
63.454,8192,8173,8174,
63.466,8192,8175,8177,
63.474,8192,8173,8174,
63.483,8192,8173,8174,
63.494,8188,8173,8174,
63.504,8188,8173,8174,
63.513,8192,8175,8174,
63.525,8195,8173,8172,
63.535,8192,8175,8174,
63.546,8188,8173,8174,
63.553,8188,8175,8174,
63.564,8188,8175,8174,
63.574,8188,8175,8174,
63.585,8188,8175,8174,
63.595,8192,8175,8174,
63.604,8188,8175,8174,
63.615,8192,8173,8174,
63.626,8192,8175,8174,
63.634,8192,8173,8177,
63.642,8192,8173,8174,
63.655,8192,8175,8174,
63.664,8188,8175,8174,
63.676,8188,8173,8174,
63.683,8188,8173,8174,
63.695,8188,8173,8174,
63.703,8188,8173,8174,
63.715,8188,8175,8174,
63.724,8195,8173,8174,
63.732,8192,8173,8174,
63.743,8185,8173,8174,
63.754,8188,8175,8174,
63.764,8188,8173,8174,
63.777,8188,8173,8174,
63.786,8188,8173,8174,
63.793,8188,8175,8174,
63.804,8188,8173,8174,
63.813,8185,8175,8174,
63.825,8188,8175,8174,
63.833,8188,8175,8174,
63.842,8188,8173,8174,
63.854,8188,8173,8174,
63.863,8188,8173,8174,
63.873,8188,8173,8174,
63.884,8192,8175,8177,
63.894,8192,8175,8174,
63.902,8188,8173,8174,
63.913,8195,8175,8174,
63.925,8198,8173,8172,
63.935,8195,8175,8177,
63.943,8188,8175,8174,
63.951,8188,8173,8174,
63.965,8188,8175,8177,
63.975,8188,8173,8177,
63.985,8185,8175,8177,
63.995,8185,8173,8177,
64.004,8185,8175,8177,
64.013,8185,8175,8177,
64.022,8185,8175,8180,
64.034,8185,8175,8177,
64.042,8185,8173,8177,
64.053,8185,8173,8177,
64.061,8185,8173,8174,
64.072,8185,8173,8177,
64.084,8192,8173,8174,
64.094,8188,8173,8174,
64.105,8188,8173,8174,
64.114,8192,8173,8177,
64.123,8198,8173,8174,
64.133,8192,8173,8177,
64.142,8185,8173,8177,
64.153,8188,8173,8177,
64.164,8188,8173,8177,
64.174,8192,8175,8174,
64.183,8185,8175,8174,
64.193,8188,8173,8174,
64.204,8188,8173,8177,
64.212,8188,8173,8174,
64.223,8188,8173,8174,
64.234,8188,8173,8174,
64.243,8188,8175,8174,
64.254,8188,8175,8174,
64.263,8188,8175,8177,
64.272,8188,8173,8174,
64.283,8192,8175,8174,
64.293,8192,8173,8174,
64.301,8192,8173,8174,
64.313,8195,8175,8177,
64.321,8200,8173,8174,
64.335,8195,8175,8177,
64.344,8192,8175,8177,
64.354,8192,8175,8174,
64.363,8192,8175,8174,
64.375,8192,8173,8174,
64.383,8188,8175,8177,
64.393,8185,8175,8174,
64.403,8185,8175,8174,
64.413,8182,8173,8174,
64.423,8185,8173,8174,
64.433,8185,8173,8174,
64.443,8188,8173,8174,
64.454,8188,8173,8174,
64.462,8192,8175,8174,
64.474,8192,8175,8177,
64.485,8195,8173,8177,
64.492,8198,8175,8180,
64.504,8198,8173,8177,
64.513,8198,8175,8177,
64.522,8206,8175,8177,
64.531,8200,8175,8177,
64.543,8192,8173,8180,
64.552,8198,8173,8180,
64.561,8198,8175,8177,
64.573,8198,8173,8174,
64.581,8198,8173,8177,
64.593,8198,8175,8174,
64.601,8198,8173,8174,
64.613,8198,8173,8174,
64.624,8198,8175,8177,
64.633,8198,8173,8174,
64.645,8198,8175,8174,
64.653,8200,8173,8177,
64.664,8200,8175,8177,
64.673,8200,8175,8177,
64.682,8198,8175,8177,
64.694,8198,8173,8180,
64.703,8195,8173,8177,
64.713,8198,8175,8177,
64.723,8203,8173,8177,
64.735,8200,8178,8177,
64.745,8195,8175,8180,
64.751,8192,8173,8174,
64.764,8195,8173,8177,
64.771,8198,8173,8177,
64.782,8198,8173,8180,
64.794,8198,8173,8180,
64.806,8198,8175,8177,
64.811,8198,8175,8180,
64.823,8198,8173,8177,
64.833,8198,8175,8177,
64.842,8198,8173,8177,
64.852,8198,8175,8177,
64.861,8195,8173,8180,
64.871,8198,8173,8177,
64.88,8195,8173,8177,
64.894,8195,8173,8177,
64.903,8195,8175,8177,
64.912,8195,8175,8174,
64.922,8203,8173,8174,
64.932,8198,8175,8177,
64.943,8192,8175,8177,
64.952,8195,8173,8174,
64.961,8195,8173,8174,
64.975,8195,8175,8174,
64.981,8195,8175,8177,
64.995,8195,8173,8177,
65.004,8195,8175,8174,
65.01,8195,8173,8177,
65.022,8195,8173,8174,
65.033,8192,8173,8174,
65.043,8192,8175,8174,
65.052,8195,8173,8174,
65.062,8195,8175,8177,
65.07,8192,8173,8174,
65.084,8192,8173,8177,
65.091,8192,8173,8174,
65.1,8192,8173,8174,
65.112,8195,8173,8177,
65.123,8195,8173,8174,
65.131,8195,8175,8177,
65.143,8192,8175,8174,
65.152,8192,8175,8174,
65.161,8188,8173,8174,
65.171,8185,8173,8174,
65.18,8188,8175,8177,
65.193,8185,8173,8177,
65.204,8185,8175,8174,
65.212,8185,8173,8174,
65.221,8185,8173,8177,
65.232,8188,8173,8177,
65.243,8188,8173,8174,
65.252,8185,8175,8174,
65.264,8185,8175,8174,
65.272,8185,8173,8174,
65.281,8185,8175,8174,
65.292,8185,8173,8174,
65.301,8185,8175,8177,
65.311,8185,8173,8174,
65.321,8188,8173,8177,
65.333,8188,8175,8174,
65.342,8182,8175,8172,
65.351,8182,8173,8177,
65.36,8185,8173,8177,
65.374,8182,8173,8174,
65.383,8185,8175,8174,
65.391,8182,8173,8174,
65.4,8182,8175,8177,
65.414,8182,8173,8174,
65.423,8182,8175,8174,
65.433,8182,8173,8174,
65.441,8182,8173,8174,
65.452,8182,8175,8174,
65.463,8182,8173,8174,
65.471,8182,8175,8174,
65.481,8179,8175,8174,
65.493,8179,8173,8174,
65.504,8179,8175,8174,
65.51,8179,8173,8174,
65.521,8177,8173,8174,
65.532,8177,8173,8174,
65.541,8174,8175,8174,
65.552,8174,8175,8177,
65.561,8177,8175,8174,
65.571,8177,8175,8174,
65.58,8177,8173,8174,
65.591,8174,8175,8174,
65.603,8174,8175,8174,
65.61,8174,8173,8174,
65.621,8171,8175,8174,
65.631,8166,8175,8174,
65.64,8166,8175,8174,
65.651,8163,8175,8174,
65.664,8158,8175,8174,
65.673,8150,8175,8174,
65.683,8144,8175,8174,
65.692,8136,8173,8174,
65.702,8128,8175,8177,
65.712,8114,8173,8174,
65.722,8088,8173,8172,
65.73,8094,8178,8174,
65.741,8083,8178,8177,
65.753,8072,8178,8177,
65.763,8064,8181,8174,
65.769,8055,8175,8174,
65.782,8047,8183,8174,
65.791,8037,8181,8177,
65.802,8023,8183,8174,
65.809,8012,8186,8174,
65.821,8007,8186,8174,
65.829,7991,8193,8174,
65.84,7986,8193,8174,
65.853,7970,8188,8174,
65.859,7970,8191,8174,
65.871,7948,8196,8174,
65.883,7940,8196,8174,
65.893,7923,8199,8174,
65.899,7915,8199,8174,
65.909,7895,8191,8177,
65.921,7818,8188,8172,
65.931,7848,8209,8177,
65.939,7884,8204,8180,
65.953,7881,8206,8182,
65.96,7881,8201,8177,
65.972,7889,8214,8177,
65.98,7875,8201,8177,
65.989,7886,8204,8177,
66.002,7878,8209,8177,
66.011,7878,8209,8174,
66.022,7865,8204,8177,
66.031,7875,8206,8174,
66.039,7870,8206,8174,
66.05,7873,8212,8174,
66.061,7862,8201,8174,
66.07,7865,8201,8174,
66.081,7867,8204,8174,
66.093,7859,8212,8177,
66.102,7857,8206,8172,
66.111,7799,8178,8172,
66.122,7749,8196,8167,
66.13,7815,8217,8180,
66.142,7835,8214,8172,
66.153,7854,8206,8172,
66.16,7835,8206,8172,
66.172,7851,8204,8174,
66.18,7851,8214,8174,
66.19,7848,8214,8177,
66.2,7851,8209,8174,
66.21,7840,8219,8172,
66.221,7840,8212,8174,
66.233,7838,8201,8172,
66.239,7846,8217,8174,
66.252,7859,8219,8174,
66.262,7848,8212,8174,
66.272,7859,8209,8174,
66.282,7854,8214,8174,
66.29,7843,8206,8174,
66.301,7846,8212,8177,
66.312,7824,8193,8174,
66.32,7754,8191,8180,
66.331,7812,8209,8177,
66.34,7843,8206,8174,
66.35,7859,8209,8169,
66.36,7851,8214,8177,
66.368,7857,8206,8177,
66.382,7875,8204,8180,
66.39,7870,8214,8180,
66.402,7862,8204,8177,
66.41,7870,8214,8177,
66.421,7873,8212,8174,
66.429,7875,8201,8177,
66.44,7881,8199,8174,
66.451,7881,8206,8174,
66.46,7886,8201,8172,
66.471,7895,8214,8177,
66.48,7889,8206,8174,
66.49,7895,8204,8174,
66.5,7901,8201,8172,
66.509,7875,8186,8174,
66.522,7804,8196,8177,
66.531,7873,8206,8169,
66.541,7889,8212,8174,
66.549,7901,8201,8177,
66.561,7906,8201,8174,
66.569,7912,8196,8174,
66.583,7918,8204,8174,
66.591,7921,8201,8174,
66.6,7921,8204,8177,
66.61,7932,8193,8174,
66.621,7932,8201,8174,
66.628,7923,8204,8174,
66.64,7940,8196,8172,
66.649,7934,8206,8174,
66.66,7934,8193,8174,
66.668,7940,8201,8174,
66.679,7934,8206,8172,
66.691,7937,8196,8174,
66.7,7942,8196,8174,
66.709,7898,8193,8174,
66.718,7859,8191,8177,
66.73,7884,8199,8177,
66.741,7934,8217,8177,
66.751,7942,8188,8177,
66.762,7951,8201,8177,
66.768,7948,8201,8174,
66.779,7959,8193,8174,
66.791,7961,8201,8174,
66.8,7972,8201,8174,
66.811,7975,8196,8174,
66.819,7980,8196,8174,
66.829,7983,8196,8174,
66.838,7986,8201,8174,
66.85,7983,8196,8174,
66.861,7991,8191,8174,
66.871,7988,8191,8174,
66.879,7995,8193,8174,
66.891,7995,8201,8174,
66.9,7998,8191,8177,
66.911,7980,8188,8174,
66.917,7942,8181,8174,
66.928,7970,8196,8174,
66.938,7998,8193,8174,
66.95,8003,8191,8177,
66.961,8003,8186,8174,
66.969,8009,8191,8174,
66.978,8015,8191,8172,
66.989,8020,8186,8174,
67,8023,8183,8174,
67.01,8023,8193,8174,
67.02,8028,8183,8174,
67.029,8028,8188,8174,
67.04,8034,8183,8177,
67.05,8031,8188,8177,
67.059,8037,8183,8177,
67.071,8039,8188,8177,
67.08,8042,8186,8177,
67.088,8039,8186,8177,
67.101,8042,8191,8177,
67.112,8037,8178,8177,
67.119,8000,8183,8174,
67.129,8023,8186,8180,
67.138,8053,8186,8172,
67.149,8053,8186,8177,
67.161,8053,8183,8174,
67.17,8058,8186,8174,
67.179,8055,8183,8174,
67.187,8058,8183,8174,
67.199,8061,8186,8174,
67.211,8064,8183,8174,
67.219,8066,8181,8174,
67.227,8066,8181,8174,
67.24,8072,8183,8174,
67.249,8072,8181,8174,
67.259,8072,8183,8174,
67.269,8077,8181,8174,
67.279,8080,8181,8174,
67.291,8083,8175,8174,
67.302,8088,8183,8174,
67.309,8083,8178,8174,
67.32,8058,8175,8174,
67.33,8092,8183,8174,
67.34,8094,8181,8174,
67.351,8097,8178,8174,
67.358,8103,8178,8177,
67.371,8109,8178,8177,
67.379,8112,8178,8177,
67.388,8114,8178,8177,
67.4,8120,8175,8177,
67.409,8125,8178,8177,
67.418,8133,8175,8180,
67.428,8139,8175,8177,
67.44,8141,8175,8177,
67.449,8141,8175,8177,
67.46,8144,8175,8177,
67.471,8150,8175,8177,
67.478,8150,8175,8177,
67.488,8152,8178,8177,
67.498,8155,8175,8177,
67.509,8158,8175,8177,
67.518,8155,8173,8177,
67.527,8163,8175,8180,
67.54,8163,8175,8177,
67.549,8166,8173,8172,
67.559,8171,8175,8174,
67.57,8174,8175,8174,
67.577,8177,8173,8174,
67.59,8179,8173,8174,
67.599,8182,8173,8174,
67.609,8182,8173,8174,
67.618,8188,8175,8174,
67.629,8225,8178,8180,
67.639,8203,8173,8174,
67.648,8206,8173,8180,
67.659,8214,8173,8180,
67.67,8219,8175,8180,
67.678,8225,8173,8180,
67.687,8230,8173,8182,
67.698,8241,8173,8182,
67.708,8254,8175,8180,
67.717,8285,8175,8180,
67.726,8283,8175,8182,
67.738,8263,8175,8182,
67.749,8265,8175,8182,
67.758,8273,8175,8182,
67.77,8279,8175,8182,
67.777,8283,8175,8185,
67.788,8293,8173,8185,
67.797,8301,8173,8185,
67.81,8312,8173,8185,
67.819,8320,8173,8187,
67.829,8331,8175,8190,
67.837,8342,8173,8190,
67.85,8350,8175,8190,
67.856,8356,8173,8195,
67.869,8364,8173,8195,
67.878,8372,8173,8195,
67.886,8379,8175,8198,
67.899,8385,8173,8198,
67.907,8406,8173,8195,
67.918,8468,8173,8187,
67.928,8461,8175,8198,
67.938,8414,8175,8200,
67.949,8412,8170,8200,
67.958,8414,8173,8198,
67.968,8409,8175,8198,
67.978,8414,8173,8198,
67.987,8412,8175,8198,
67.998,8417,8173,8200,
68.007,8420,8173,8200,
68.017,8417,8175,8198,
68.027,8420,8173,8198,
68.037,8420,8175,8200,
68.049,8428,8173,8200,
68.059,8431,8173,8200,
68.068,8428,8175,8203,
68.079,8428,8175,8200,
68.088,8425,8173,8198,
68.099,8428,8173,8200,
68.109,8461,8175,8192,
68.115,8527,8173,8185,
68.129,8509,8175,8192,
68.138,8439,8173,8200,
68.149,8420,8173,8203,
68.157,8423,8173,8198,
68.168,8423,8175,8200,
68.179,8423,8173,8198,
68.188,8423,8173,8203,
68.196,8420,8175,8200,
68.208,8423,8173,8200,
68.219,8420,8173,8203,
68.229,8423,8175,8200,
68.239,8420,8173,8200,
68.248,8423,8173,8198,
68.258,8417,8173,8200,
68.268,8414,8175,8200,
68.279,8417,8175,8200,
68.288,8414,8170,8200,
68.297,8412,8178,8198,
68.31,8433,8175,8195,
68.317,8509,8168,8187,
68.328,8468,8173,8195,
68.336,8431,8178,8203,
68.347,8471,8175,8208,
68.358,8527,8181,8213,
68.368,8538,8191,8216,
68.38,8541,8191,8218,
68.389,8553,8183,8213,
68.397,8567,8191,8218,
68.411,8578,8191,8221,
68.417,8578,8191,8216,
68.429,8578,8196,8218,
68.437,8584,8188,8223,
68.448,8584,8191,8223,
68.456,8586,8196,8221,
68.469,8586,8191,8221,
68.478,8586,8196,8221,
68.487,8592,8191,8218,
68.496,8597,8196,8213,
68.506,8613,8183,8221,
68.52,8635,8173,8195,
68.526,8608,8196,8223,
68.536,8594,8188,8221,
68.545,8586,8196,8226,
68.558,8584,8191,8218,
68.567,8578,8191,8213,
68.579,8573,8183,8218,
68.588,8565,8186,8221,
68.596,8549,8188,8216,
68.608,8546,8183,8218,
68.618,8541,8186,8213,
68.628,8530,8178,8213,
68.637,8533,8181,8213,
68.649,8522,8181,8210,
68.658,8519,8178,8216,
68.668,8517,8183,8216,
68.676,8517,8181,8221,
68.687,8511,8178,8210,
68.696,8511,8183,8216,
68.71,8517,8175,8208,
68.716,8530,8170,8192,
68.727,8495,8181,8208,
68.736,8484,8178,8213,
68.747,8484,8178,8208,
68.756,8487,8178,8213,
68.767,8479,8178,8210,
68.778,8481,8178,8205,
68.787,8484,8181,8210,
68.798,8481,8175,8210,
68.808,8479,8178,8205,
68.818,8481,8178,8205,
68.825,8481,8181,8213,
68.839,8484,8178,8213,
68.846,8481,8178,8208,
68.856,8484,8178,8205,
68.867,8484,8175,8208,
68.878,8481,8175,8210,
68.886,8479,8175,8210,
68.899,8487,8178,8210,
68.908,8500,8175,8198,
68.917,8506,8168,8187,
68.927,8476,8178,8200,
68.937,8458,8175,8205,
68.946,8468,8178,8210,
68.956,8468,8178,8210,
68.967,8476,8175,8205,
68.977,8476,8181,8203,
68.988,8471,8181,8203,
68.997,8479,8178,8205,
69.006,8476,8178,8205,
69.017,8476,8181,8208,
69.028,8476,8178,8205,
69.036,8473,8175,8208,
69.048,8476,8178,8205,
69.058,8479,8175,8208,
69.066,8479,8181,8208,
69.076,8479,8181,8208,
69.087,8473,8178,8208,
69.096,8476,8178,8210,
69.105,8484,8175,8200,
69.117,8500,8168,8185,
69.127,8471,8175,8203,
69.134,8461,8178,8208,
69.146,8463,8175,8205,
69.158,8468,8178,8208,
69.167,8463,8175,8205,
69.175,8471,8178,8203,
69.184,8468,8178,8210,
69.197,8476,8175,8213,
69.206,8473,8175,8208,
69.219,8471,8178,8210,
69.227,8476,8178,8210,
69.236,8479,8178,8210,
69.247,8479,8178,8213,
69.256,8481,8178,8208,
69.265,8476,8178,8213,
69.277,8473,8181,8208,
69.286,8476,8175,8208,
69.296,8468,8178,8210,
69.305,8484,8175,8203,
69.318,8495,8168,8187,
69.325,8461,8173,8205,
69.335,8461,8173,8208,
69.346,8455,8178,8205,
69.355,8458,8178,8205,
69.366,8455,8181,8208,
69.376,8461,8178,8210,
69.388,8455,8178,8208,
69.394,8455,8178,8205,
69.406,8461,8181,8203,
69.418,8455,8178,8208,
69.427,8458,8183,8205,
69.435,8458,8181,8208,
69.445,8452,8178,8205,
69.458,8452,8183,8205,
69.465,8452,8183,8203,
69.476,8452,8183,8203,
69.487,8452,8181,8200,
69.497,8455,8183,8205,
69.507,8458,8178,8195,
69.519,8476,8175,8182,
69.525,8450,8183,8192,
69.536,8428,8175,8200,
69.547,8436,8181,8205,
69.556,8433,8181,8203,
69.565,8436,8181,8203,
69.576,8433,8181,8200,
69.587,8433,8175,8200,
69.596,8433,8181,8203,
69.605,8431,8183,8205,
69.615,8433,8181,8203,
69.626,8436,8178,8200,
69.637,8433,8181,8203,
69.647,8431,8183,8203,
69.655,8433,8183,8200,
69.664,8431,8183,8200,
69.676,8431,8183,8203,
69.686,8433,8181,8203,
69.696,8433,8186,8200,
69.707,8439,8178,8192,
69.717,8431,8153,8182,
69.726,8414,8178,8200,
69.735,8412,8181,8198,
69.746,8412,8181,8195,
69.756,8414,8181,8198,
69.765,8414,8186,8200,
69.776,8412,8186,8198,
69.79,8414,8178,8198,
69.797,8417,8183,8200,
69.806,8420,8183,8200,
69.816,8417,8186,8200,
69.825,8414,8183,8198,
69.833,8414,8186,8200,
69.846,8417,8188,8203,
69.858,8417,8181,8195,
69.865,8417,8186,8205,
69.874,8414,8188,8200,
69.886,8417,8188,8198,
69.896,8414,8186,8198,
69.905,8412,8181,8192,
69.917,8417,8148,8185,
69.926,8398,8175,8195,
69.936,8398,8183,8200,
69.947,8398,8186,8200,
69.953,8401,8183,8195,
69.967,8398,8191,8198,
69.974,8396,8188,8198,
69.986,8396,8183,8195,
69.997,8393,8186,8203,
70.007,8393,8188,8195,
70.016,8393,8188,8195,
70.027,8387,8188,8195,
70.035,8387,8188,8195,
70.043,8387,8186,8195,
70.056,8379,8191,8192,
70.067,8377,8188,8192,
70.075,8379,8191,8195,
70.085,8382,8193,8192,
70.096,8379,8191,8192,
70.105,8382,8183,8192,
70.115,8379,8153,8180,
70.126,8366,8173,8192,
70.136,8366,8181,8192,
70.147,8369,8186,8192,
70.156,8366,8186,8192,
70.164,8361,8191,8195,
70.175,8364,8193,8195,
70.184,8366,8193,8192,
70.197,8364,8191,8195,
70.203,8366,8188,8192,
70.214,8358,8186,8198,
70.227,8356,8196,8195,
70.236,8358,8193,8195,
70.245,8356,8193,8192,
70.253,8353,8201,8195,
70.264,8353,8193,8190,
70.275,8353,8196,8190,
70.285,8350,8196,8192,
70.296,8342,8196,8192,
70.305,8339,8188,8182,
70.314,8323,8155,8174,
70.325,8329,8183,8185,
70.335,8323,8193,8185,
70.347,8326,8196,8190,
70.354,8318,8193,8187,
70.366,8315,8193,8187,
70.373,8310,8201,8190,
70.386,8310,8199,8190,
70.397,8304,8193,8185,
70.406,8301,8199,8187,
70.415,8291,8201,8185,
70.426,8288,8196,8180,
70.436,8283,8209,8187,
70.445,8271,8206,8185,
70.453,8263,8206,8180,
70.464,8249,8199,8180,
70.474,8241,8212,8177,
70.483,8235,8206,8180,
70.495,8214,8214,8177,
70.506,8198,8206,8174,
70.517,8160,8142,8169,
70.525,8171,8196,8177,
70.533,8171,8214,8182,
70.545,8163,8214,8172,
70.554,8166,8212,8169,
70.566,8166,8214,8172,
70.574,8152,8201,8172,
70.584,8152,8224,8177,
70.595,8152,8209,8177,
70.603,8141,8209,8174,
70.615,8136,8219,8174,
70.627,8114,8212,8174,
70.633,8092,8217,8174,
70.645,8094,8217,8180,
70.655,8101,8227,8167,
70.665,8069,8209,8185,
70.673,8061,8209,8172,
70.684,8074,8222,8190,
70.694,8053,8206,8167,
70.705,8023,8196,8174,
70.715,7945,8191,8172,
70.726,7956,8214,8172,
70.733,8018,8242,8172,
70.745,8031,8222,8185,
70.757,8055,8212,8180,
70.764,8042,8237,8163,
70.775,8058,8227,8172,
70.785,8069,8230,8174,
70.794,8050,8230,8174,
70.804,8066,8214,8177,
70.814,8080,8230,8161,
70.823,8066,8219,8172,
70.835,8058,8242,8167,
70.844,8072,8224,8174,
70.855,8064,8247,8174,
70.863,8066,8204,8172,
70.874,8042,8199,8187,
70.882,8066,8224,8169,
70.893,8050,8252,8187,
70.905,8053,8204,8182,
70.915,7951,8232,8180,
70.925,7961,8217,8177,
70.935,8015,8247,8174,
70.945,8045,8242,8174,
70.953,8042,8224,8182,
70.965,8042,8214,8174,
70.973,8066,8250,8169,
70.984,8050,8232,8172,
70.992,8072,8239,8174,
71.002,8077,8222,8174,
71.012,8069,8237,8182,
71.024,8069,8222,8174,
71.033,8074,8230,8177,
71.042,8072,8222,8177,
71.054,8072,8224,8187,
71.065,8064,8206,8169,
71.074,8094,8219,8174,
71.083,8085,8214,8172,
71.094,8080,8217,8172,
71.105,8061,8206,8169,
71.113,7998,8186,8177,
71.125,8028,8183,8172,
71.134,8053,8230,8172,
71.144,8083,8214,8185,
71.154,8074,8217,8174,
71.165,8088,8217,8185,
71.174,8083,8217,8177,
71.183,8085,8214,8167,
71.193,8109,8230,8177,
71.203,8097,8224,8172,
71.216,8114,8227,8180,
71.224,8120,8227,8169,
71.233,8133,8219,8169,
71.245,8109,8214,8180,
71.255,8128,8204,8169,
71.264,8131,8214,8174,
71.275,8109,8222,8172,
71.284,8106,8227,8161,
71.295,8136,8219,8177,
71.305,8097,8181,8169,
71.313,8031,8188,8180,
71.321,8077,8170,8174,
71.333,8109,8230,8174,
71.345,8112,8217,8174,
71.353,8122,8193,8172,
71.362,8122,8219,8174,
71.373,8122,8217,8172,
71.382,8139,8204,8180,
71.393,8152,8217,8174,
71.402,8147,8230,8182,
71.413,8150,8209,8177,
71.423,8163,8209,8169,
71.436,8158,8219,8180,
71.442,8152,8217,8172,
71.453,8152,8224,8174,
71.465,8155,8219,8180,
71.477,8150,8212,8174,
71.483,8166,8230,8177,
71.493,8166,8222,8177,
71.505,8139,8181,8177,
71.513,8055,8188,8185,
71.524,8085,8204,8177,
71.536,8150,8219,8172,
71.543,8152,8206,8169,
71.554,8160,8222,8174,
71.562,8160,8217,8174,
71.572,8185,8212,8177,
71.584,8166,8219,8174,
71.594,8171,8219,8169,
71.605,8163,8217,8174,
71.614,8166,8217,8177,
71.624,8168,8204,8177,
71.633,8177,8214,8174,
71.644,8188,8209,8174,
71.652,8177,8214,8174,
71.663,8188,8214,8180,
71.672,8195,8214,8169,
71.685,8179,8219,8180,
71.693,8192,8217,8174,
71.703,8182,8173,8177,
71.715,8147,8159,8169,
71.724,8182,8201,8177,
71.733,8198,8188,8172,
71.744,8195,8209,8180,
71.752,8203,8201,8180,
71.764,8211,8206,8182,
71.773,8208,8204,8177,
71.782,8219,8204,8180,
71.794,8222,8212,8182,
71.803,8227,8206,8185,
71.812,8233,8201,8180,
71.827,8241,8206,8180,
71.831,8254,8217,8187,
71.842,8254,8206,8185,
71.852,8246,8219,8180,
71.863,8263,8209,8182,
71.873,8271,8214,8185,
71.882,8268,8209,8187,
71.893,8273,8201,8174,
71.904,8273,8199,8177,
71.913,8257,8155,8180,
71.924,8276,8155,8185,
71.933,8283,8201,8187,
71.944,8291,8206,8190,
71.952,8296,8204,8185,
71.964,8301,8193,8187,
71.974,8310,8204,8187,
71.984,8323,8196,8185,
71.992,8323,8199,8187,
72.001,8331,8201,8187,
72.014,8331,8199,8187,
72.024,8345,8199,8182,
72.033,8345,8199,8185,
72.042,8358,8204,8195,
72.051,8361,8196,8190,
72.063,8366,8201,8195,
72.075,8369,8188,8190,
72.084,8382,8193,8192,
72.093,8379,8181,8187,
72.102,8387,8178,8185,
72.112,8387,8159,8177,
72.124,8396,8183,8190,
72.134,8390,8186,8200,
72.144,8401,8186,8192,
72.151,8412,8188,8198,
72.164,8409,8183,8200,
72.171,8423,8191,8203,
72.182,8436,8183,8200,
72.191,8439,8183,8203,
72.201,8447,8181,8203,
72.212,8458,8181,8205,
72.222,8468,8183,8205,
72.234,8476,8181,8208,
72.244,8484,8181,8205,
72.252,8495,8181,8208,
72.261,8500,8178,8213,
72.272,8509,8178,8213,
72.28,8514,8178,8210,
72.291,8522,8175,8213,
72.303,8541,8175,8208,
72.312,8567,8165,8192,
72.323,8533,8175,8203,
72.333,8506,8173,8213,
72.342,8511,8173,8213,
72.353,8511,8173,8218,
72.361,8511,8173,8216,
72.372,8519,8170,8213,
72.381,8519,8173,8218,
72.392,8525,8173,8213,
72.403,8519,8173,8213,
72.412,8525,8173,8216,
72.422,8527,8178,8213,
72.434,8527,8175,8218,
72.443,8527,8178,8216,
72.451,8525,8175,8216,
72.462,8525,8173,8216,
72.471,8525,8175,8210,
72.483,8522,8173,8213,
72.493,8527,8173,8213,
72.499,8553,8175,8200,
72.513,8570,8170,8182,
72.522,8538,8170,8213,
72.534,8511,8175,8203,
72.542,8511,8175,8213,
72.552,8511,8173,8210,
72.561,8519,8175,8213,
72.572,8522,8173,8216,
72.583,8522,8175,8218,
72.593,8519,8173,8218,
72.604,8525,8170,8216,
72.614,8530,8173,8218,
72.622,8527,8173,8218,
72.632,8527,8175,8213,
72.641,8525,8175,8218,
72.651,8519,8175,8216,
72.661,8530,8173,8210,
72.669,8525,8175,8213,
72.683,8519,8178,8210,
72.692,8527,8170,8213,
72.704,8562,8175,8198,
72.71,8594,8173,8190,
72.721,8589,8168,8195,
72.733,8511,8175,8216,
72.741,8509,8173,8213,
72.751,8506,8178,8216,
72.76,8511,8175,8213,
72.771,8511,8173,8216,
72.782,8511,8175,8210,
72.794,8511,8175,8216,
72.8,8514,8175,8213,
72.811,8511,8175,8210,
72.819,8511,8175,8216,
72.83,8503,8173,8216,
72.839,8509,8175,8213,
72.852,8506,8175,8216,
72.861,8514,8173,8213,
72.87,8511,8178,8213,
72.881,8511,8170,8208,
72.89,8519,8173,8210,
72.902,8536,8170,8203,
72.913,8562,8170,8190,
72.922,8530,8183,8208,
72.931,8509,8168,8208,
72.942,8500,8181,8208,
72.951,8506,8175,8208,
72.963,8503,8175,8208,
72.972,8503,8173,8210,
72.98,8509,8175,8216,
72.992,8506,8178,8213,
73,8506,8173,8216,
73.012,8506,8173,8221,
73.021,8503,8175,8216,
73.032,8506,8173,8213,
73.04,8503,8175,8213,
73.051,8503,8173,8213,
73.061,8500,8178,8216,
73.069,8498,8173,8216,
73.082,8503,8173,8213,
73.092,8500,8175,8218,
73.101,8525,8175,8205,
73.11,8546,8168,8195,
73.123,8509,8181,8208,
73.132,8490,8175,8210,
73.141,8495,8175,8208,
73.153,8500,8173,8213,
73.16,8498,8175,8210,
73.173,8498,8175,8208,
73.18,8500,8175,8213,
73.192,8500,8175,8208,
73.201,8500,8175,8210,
73.21,8495,8178,8213,
73.222,8506,8175,8210,
73.233,8500,8175,8208,
73.24,8495,8175,8213,
73.252,8500,8178,8213,
73.262,8503,8175,8205,
73.271,8503,8175,8210,
73.28,8498,8175,8216,
73.289,8509,8175,8213,
73.303,8530,8175,8200,
73.312,8544,8168,8187,
73.321,8511,8181,8208,
73.33,8487,8175,8208,
73.342,8492,8175,8216,
73.351,8492,8178,8208,
73.36,8498,8178,8208,
73.369,8492,8175,8213,
73.381,8495,8178,8213,
73.389,8495,8175,8210,
73.399,8492,8178,8210,
73.408,8495,8175,8208,
73.42,8495,8175,8213,
73.431,8492,8175,8216,
73.441,8492,8178,8213,
73.452,8498,8175,8210,
73.46,8498,8178,8208,
73.471,8495,8175,8210,
73.482,8500,8175,8210,
73.49,8509,8178,8205,
73.502,8519,8175,8200,
73.512,8538,8173,8187,
73.519,8511,8173,8203,
73.53,8476,8175,8208,
73.538,8479,8178,8210,
73.549,8481,8175,8208,
73.56,8481,8173,8205,
73.569,8479,8175,8208,
73.58,8481,8175,8205,
73.591,8481,8175,8208,
73.601,8476,8178,8205,
73.609,8473,8175,8210,
73.62,8473,8178,8208,
73.629,8473,8175,8210,
73.641,8473,8178,8208,
73.651,8473,8181,8205,
73.661,8473,8178,8210,
73.67,8471,8181,8208,
73.682,8468,8178,8210,
73.691,8473,8178,8205,
73.701,8484,8175,8200,
73.71,8506,8168,8185,
73.721,8473,8175,8198,
73.731,8458,8178,8210,
73.743,8458,8178,8203,
73.751,8463,8178,8205,
73.763,8461,8175,8205,
73.77,8463,8183,8208,
73.781,8468,8181,8205,
73.792,8468,8175,8203,
73.8,8473,8175,8210,
73.81,8471,8178,8208,
73.821,8476,8178,8210,
73.831,8473,8181,8213,
73.84,8471,8181,8208,
73.85,8473,8178,8208,
73.862,8473,8178,8208,
73.871,8476,8181,8208,
73.882,8476,8178,8210,
73.889,8479,8175,8208,
73.902,8492,8173,8192,
73.91,8498,8170,8185,
73.921,8473,8181,8203,
73.93,8452,8181,8203,
73.942,8452,8175,8205,
73.95,8463,8175,8205,
73.959,8463,8178,8203,
73.968,8463,8175,8205,
73.981,8468,8181,8208,
73.99,8463,8178,8205,
73.998,8473,8178,8208,
74.011,8473,8181,8208,
74.02,8476,8175,8213,
74.028,8473,8178,8203,
74.038,8473,8181,8205,
74.05,8471,8181,8208,
74.06,8473,8181,8208,
74.07,8468,8175,8205,
74.082,8461,8181,8210,
74.091,8476,8181,8208,
74.103,8484,8175,8198,
74.11,8487,8170,8182,
74.12,8461,8181,8192,
74.13,8439,8178,8205,
74.141,8447,8181,8208,
74.149,8447,8178,8203,
74.16,8444,8181,8205,
74.17,8442,8178,8205,
74.18,8442,8178,8203,
74.19,8442,8178,8203,
74.201,8439,8181,8205,
74.211,8436,8183,8203,
74.22,8439,8183,8203,
74.229,8436,8181,8203,
74.24,8433,8178,8203,
74.248,8431,8181,8200,
74.261,8425,8181,8200,
74.268,8425,8186,8203,
74.279,8420,8181,8200,
74.288,8423,8186,8198,
74.3,8425,8178,8190,
74.309,8425,8181,8177,
74.318,8404,8181,8192,
74.33,8398,8186,8195,
74.34,8404,8181,8195,
74.35,8406,8181,8200,
74.36,8398,8186,8198,
74.371,8404,8181,8195,
74.377,8401,8183,8198,
74.388,8401,8188,8198,
74.401,8396,8186,8200,
74.411,8396,8183,8200,
74.418,8396,8183,8198,
74.428,8398,8191,8200,
74.441,8393,8183,8198,
74.45,8396,8191,8200,
74.459,8393,8188,8200,
74.469,8393,8193,8203,
74.48,8393,8188,8200,
74.489,8387,8188,8198,
74.501,8393,8183,8195,
74.511,8387,8161,8182,
74.518,8377,8165,8195,
74.53,8364,8173,8195,
74.539,8377,8188,8195,
74.549,8372,8186,8195,
74.559,8364,8191,8200,
74.568,8369,8193,8195,
74.581,8369,8188,8195,
74.59,8369,8188,8200,
74.599,8369,8193,8198,
74.611,8369,8191,8195,
74.621,8364,8186,8192,
74.63,8366,8191,8192,
74.638,8366,8191,8195,
74.651,8364,8188,8190,
74.66,8361,8186,8192,
74.669,8358,8193,8192,
74.678,8356,8196,8192,
74.69,8353,8193,8185,
74.699,8350,8191,8187,
74.708,8345,8175,8172,
74.718,8350,8181,8190,
74.728,8337,8186,8190,
74.74,8342,8196,8195,
74.749,8342,8191,8192,
74.757,8342,8193,8190,
74.769,8342,8191,8195,
74.778,8345,8193,8192,
74.79,8342,8196,8195,
74.801,8345,8193,8190,
74.809,8342,8193,8192,
74.818,8342,8193,8190,
74.829,8345,8193,8190,
74.839,8345,8191,8190,
74.848,8347,8196,8190,
74.858,8345,8199,8190,
74.869,8345,8193,8187,
74.88,8347,8196,8195,
74.888,8347,8191,8190,
74.896,8345,8193,8187,
74.909,8339,8148,8174,
74.918,8337,8181,8187,
74.929,8337,8193,8192,
74.938,8347,8193,8195,
74.951,8345,8196,8190,
74.959,8345,8196,8192,
74.968,8345,8193,8187,
74.98,8342,8193,8192,
74.99,8342,8196,8195,
74.999,8345,8196,8192,
75.009,8347,8196,8192,
75.019,8345,8196,8192,
75.029,8345,8196,8192,
75.04,8345,8196,8190,
75.049,8350,8201,8195,
75.058,8347,8193,8190,
75.069,8342,8196,8190,
75.078,8347,8196,8192,
75.09,8347,8201,8190,
75.099,8339,8186,8185,
75.109,8329,8173,8174,
75.119,8334,8186,8190,
75.128,8326,8196,8187,
75.14,8331,8193,8185,
75.149,8329,8199,8187,
75.161,8323,8191,8187,
75.17,8329,8199,8187,
75.179,8326,8199,8190,
75.188,8326,8196,8187,
75.199,8323,8193,8187,
75.208,8326,8199,8187,
75.219,8323,8193,8185,
75.227,8323,8193,8190,
75.237,8323,8199,8190,
75.25,8318,8204,8187,
75.258,8323,8196,8192,
75.269,8312,8209,8190,
75.278,8310,8196,8187,
75.29,8310,8201,8187,
75.297,8296,8183,8182,
75.31,8273,8178,8177,
75.316,8283,8183,8185,
75.327,8283,8191,8185,
75.337,8276,8199,8182,
75.347,8273,8204,8182,
75.359,8268,8196,8180,
75.368,8263,8204,8177,
75.379,8254,8199,8182,
75.388,8249,8204,8180,
75.399,8244,8204,8177,
75.408,8244,8212,8177,
75.417,8241,8212,8177,
75.428,8233,8206,8177,
75.439,8219,8204,8180,
75.447,8222,8209,8182,
75.456,8217,8204,8177,
75.466,8203,8209,8177,
75.479,8192,8212,8174,
75.485,8198,8212,8180,
75.5,8171,8201,8180,
75.506,8141,8145,8172,
75.52,8150,8196,8177,
75.527,8163,8212,8180,
75.538,8158,8214,8172,
75.549,8163,8209,8167,
75.56,8150,8209,8169,
75.568,8141,8222,8177,
75.579,8152,8217,8169,
75.588,8147,8204,8169,
75.597,8147,8217,8174,
75.608,8112,8219,8182,
75.618,8109,8214,8172,
75.627,8109,8209,8174,
75.637,8085,8199,8182,
75.647,8074,8227,8177,
75.657,8074,8230,8177,
75.668,8055,8227,8180,
75.679,8039,8232,8177,
75.688,8026,8227,8182,
75.697,7988,8219,8177,
75.709,7878,8219,8177,
75.718,7923,8196,8182,
75.728,7967,8230,8180,
75.738,7970,8232,8163,
75.747,7942,8230,8180,
75.757,7932,8237,8167,
75.768,7940,8239,8180,
75.778,7956,8217,8172,
75.786,7934,8242,8182,
75.799,7942,8224,8174,
75.807,7937,8219,8172,
75.82,7953,8212,8185,
75.826,7923,8224,8182,
75.84,7921,8212,8169,
75.848,7921,8224,8177,
75.858,7926,8230,8174,
75.866,7898,8268,8167,
75.877,7901,8255,8177,
75.886,7915,8250,8174,
75.898,7848,8227,8185,
75.906,7762,8232,8174,
75.918,7762,8245,8177,
75.929,7835,8263,8174,
75.938,7840,8237,8174,
75.948,7859,8224,8172,
75.957,7843,8247,8185,
75.968,7859,8252,8169,
75.977,7851,8245,8177,
75.988,7851,8268,8174,
75.997,7843,8260,8172,
76.008,7843,8278,8174,
76.018,7827,8286,8163,
76.027,7846,8252,8174,
76.035,7865,8250,8169,
76.049,7859,8257,8177,
76.057,7827,8268,8172,
76.068,7846,8265,8182,
76.078,7840,8242,8167,
76.086,7862,8227,8172,
76.098,7832,8173,8174,
76.106,7749,8252,8177,
76.115,7779,8257,8177,
76.126,7807,8291,8174,
76.137,7843,8263,8182,
76.148,7848,8250,8169,
76.157,7829,8224,8172,
76.167,7846,8257,8174,
76.175,7807,8268,8169,
76.188,7829,8250,8182,
76.197,7835,8260,8172,
76.209,7835,8237,8177,
76.217,7832,8224,8174,
76.226,7801,8242,8174,
76.235,7815,8273,8174,
76.248,7812,8257,8169,
76.257,7875,8242,8182,
76.268,7820,8308,8180,
76.277,7820,8268,8180,
76.287,7824,8242,8169,
76.297,7746,8219,8174,
76.307,7674,8239,8169,
76.318,7746,8237,8177,
76.326,7784,8209,8177,
76.336,7812,8296,8177,
76.345,7787,8201,8174,
76.356,7784,8263,8185,
76.366,7781,8278,8177,
76.376,7818,8270,8182,
76.387,7824,8278,8169,
76.395,7832,8255,8169,
76.407,7791,8252,8172,
76.417,7824,8283,8172,
76.425,7812,8250,8174,
76.437,7829,8276,8174,
76.446,7827,8232,8174,
76.457,7843,8255,8182,
76.467,7875,8257,8185,
76.478,7820,8299,8177,
76.486,7857,8257,8174,
76.497,7793,8245,8180,
76.507,7705,8186,8180,
76.517,7724,8237,8185,
76.525,7743,8263,8172,
76.538,7793,8273,8177,
76.547,7765,8278,8172,
76.555,7752,8268,8180,
76.567,7812,8265,8169,
76.576,7796,8245,8172,
76.586,7776,8281,8180,
76.595,7791,8255,8169,
76.606,7793,8260,8172,
76.617,7854,8268,8163,
76.626,7820,8291,8182,
76.635,7829,8288,8172,
76.647,7796,8245,8172,
76.657,7827,8257,8169,
76.668,7824,8232,8172,
76.677,7807,8255,8177,
76.684,7815,8304,8185,
76.695,7799,8209,8180,
76.707,7691,8252,8182,
76.717,7729,8255,8174,
76.726,7791,8257,8177,
76.737,7848,8270,8177,
76.745,7796,8268,8169,
76.756,7791,8255,8172,
76.767,7787,8239,8172,
76.775,7799,8239,8163,
76.785,7793,8252,8177,
76.798,7820,8250,8180,
76.807,7801,8242,8174,
76.817,7820,8252,8169,
76.828,7801,8268,8163,
76.836,7793,8283,8161,
76.845,7804,8299,8172,
76.857,7804,8250,8167,
76.868,7793,8299,8174,
76.875,7804,8301,8180,
76.887,7768,8260,8172,
76.895,7738,8214,8169,
76.905,7668,8191,8177,
76.917,7754,8239,8182,
76.926,7781,8268,8185,
76.935,7762,8331,8172,
76.947,7765,8260,8185,
76.957,7779,8239,8182,
76.965,7799,8288,8185,
76.973,7749,8239,8182,
76.986,7793,8250,8167,
76.995,7799,8301,8185,
77.006,7773,8308,8169,
77.017,7781,8268,8172,
77.026,7773,8299,8182,
77.036,7799,8296,8180,
77.045,7793,8247,8163,
77.056,7791,8278,8169,
77.068,7793,8252,8172,
77.075,7838,8263,8174,
77.087,7781,8313,8154,
77.095,7768,8250,8167,
77.107,7688,8237,8172,
77.114,7705,8247,8169,
77.126,7776,8263,8180,
77.138,7799,8237,8180,
77.146,7820,8255,8172,
77.155,7776,8250,8174,
77.165,7807,8263,8167,
77.175,7829,8257,8161,
77.184,7848,8260,8177,
77.195,7820,8276,8177,
77.203,7815,8257,8182,
77.216,7832,8265,8174,
77.226,7820,8268,8174,
77.236,7859,8283,8172,
77.246,7867,8294,8174,
77.256,7875,8257,8177,
77.264,7878,8250,8172,
77.279,7881,8245,8174,
77.284,7881,8245,8174,
77.296,7843,8183,8174,
77.305,7749,8255,8187,
77.314,7846,8219,8177,
77.324,7884,8242,8180,
77.336,7878,8257,8187,
77.345,7859,8242,8174,
77.356,7884,8288,8185,
77.364,7895,8239,8174,
77.375,7886,8227,8174,
77.385,7953,8237,8169,
77.396,7945,8247,8180,
77.404,7942,8281,8182,
77.415,7980,8239,8190,
77.425,7988,8222,8167,
77.435,7986,8265,8172,
77.444,8007,8237,8180,
77.454,8007,8232,8169,
77.465,8015,8217,8180,
77.475,8037,8239,8177,
77.486,8037,8227,8172,
77.495,8007,8150,8174,
77.504,7940,8206,8180,
77.517,8007,8204,8174,
77.527,8050,8237,8177,
77.534,8064,8219,8185,
77.545,8083,8219,8180,
77.555,8074,8219,8192,
77.564,8083,8217,8177,
77.573,8103,8242,8167,
77.585,8112,8224,8169,
77.594,8139,8217,8167,
77.605,8141,8242,8172,
77.615,8152,8230,8169,
77.624,8147,8224,8172,
77.635,8163,8222,8172,
77.643,8171,8222,8174,
77.653,8171,8222,8177,
77.664,8185,8212,8177,
77.676,8198,8217,8177,
77.685,8214,8206,8172,
77.697,8227,8204,8180,
77.702,8227,8153,8172,
77.715,8273,8196,8180,
77.726,8304,8201,8187,
77.735,8337,8206,8192,
77.743,8361,8196,8192,
77.754,8398,8199,8195,
77.763,8398,8199,8200,
77.776,8396,8193,8192,
77.782,8387,8196,8195,
77.794,8390,8193,8195,
77.803,8390,8193,8195,
77.817,8387,8199,8190,
77.824,8387,8193,8195,
77.833,8385,8193,8195,
77.844,8390,8193,8192,
77.855,8387,8196,8195,
77.864,8385,8193,8198,
77.873,8379,8201,8200,
77.886,8377,8193,8192,
77.896,8372,8183,8185,
77.904,8361,8148,8177,
77.914,8361,8183,8190,
77.925,8347,8186,8187,
77.934,8350,8196,8187,
77.945,8350,8196,8192,
77.955,8350,8191,8192,
77.965,8350,8193,8192,
77.973,8353,8193,8190,
77.984,8353,8191,8192,
77.994,8350,8196,8195,
78.004,8353,8188,8192,
78.015,8356,8193,8192,
78.026,8353,8196,8192,
78.034,8353,8196,8190,
78.044,8358,8191,8190,
78.055,8356,8193,8190,
78.065,8361,8193,8192,
78.074,8356,8191,8190,
78.085,8353,8193,8190,
78.095,8353,8186,8190,
78.103,8350,8153,8169,
78.112,8342,8175,8182,
78.124,8342,8191,8190,
78.133,8347,8193,8190,
78.144,8345,8196,8190,
78.152,8347,8193,8192,
78.165,8350,8193,8192,
78.174,8356,8196,8195,
78.184,8356,8196,8192,
78.195,8356,8193,8195,
78.205,8358,8199,8192,
78.213,8358,8193,8190,
78.224,8358,8196,8192,
78.234,8361,8199,8195,
78.244,8358,8196,8187,
78.255,8361,8196,8190,
78.263,8364,8199,8192,
78.275,8361,8196,8190,
78.284,8361,8193,8192,
78.294,8356,8183,8185,
78.305,8350,8181,8180,
78.314,8350,8181,8187,
78.325,8347,8193,8187,
78.336,8345,8191,8187,
78.345,8347,8188,8187,
78.354,8350,8196,8190,
78.364,8353,8199,8195,
78.374,8353,8199,8190,
78.383,8358,8191,8198,
78.393,8356,8201,8195,
78.404,8356,8193,8192,
78.415,8358,8188,8195,
78.423,8361,8191,8192,
78.434,8356,8196,8192,
78.444,8364,8196,8198,
78.455,8361,8204,8198,
78.463,8358,8199,8195,
78.474,8364,8191,8195,
78.486,8358,8191,8198,
78.493,8356,8191,8187,
78.502,8347,8155,8174,
78.514,8339,8183,8187,
78.523,8337,8186,8187,
78.535,8345,8196,8192,
78.546,8345,8191,8192,
78.552,8345,8196,8192,
78.565,8350,8188,8185,
78.574,8353,8191,8187,
78.586,8356,8193,8192,
78.595,8358,8191,8192,
78.601,8356,8196,8192,
78.614,8356,8191,8192,
78.624,8356,8191,8190,
78.634,8361,8196,8198,
78.643,8358,8193,8190,
78.654,8366,8196,8190,
78.664,8361,8196,8198,
78.673,8361,8193,8195,
78.684,8361,8191,8192,
78.693,8358,8186,8192,
78.705,8356,8161,8180,
78.714,8350,8165,8187,
78.723,8347,8183,8190,
78.733,8347,8193,8190,
78.742,8350,8191,8187,
78.756,8353,8193,8190,
78.762,8353,8191,8192,
78.774,8358,8193,8190,
78.784,8358,8193,8192,
78.793,8358,8196,8190,
78.802,8358,8196,8192,
78.813,8361,8199,8195,
78.822,8358,8188,8190,
78.833,8361,8199,8195,
78.843,8364,8199,8195,
78.852,8361,8196,8192,
78.864,8358,8199,8198,
78.873,8358,8188,8195,
78.883,8358,8191,8192,
78.891,8353,8191,8190,
78.903,8345,8168,8180,
78.912,8337,8178,8185,
78.925,8334,8191,8192,
78.932,8342,8191,8192,
78.945,8345,8196,8195,
78.953,8347,8193,8192,
78.965,8350,8193,8192,
78.974,8345,8193,8195,
78.98,8356,8199,8192,
78.993,8353,8193,8192,
79.002,8361,8196,8190,
79.012,8356,8196,8190,
79.022,8353,8188,8192,
79.034,8356,8191,8192,
79.044,8361,8196,8190,
79.054,8356,8199,8195,
79.065,8356,8199,8192,
79.071,8358,8191,8190,
79.083,8358,8196,8192,
79.093,8358,8181,8185,
79.103,8350,8148,8174,
79.111,8347,8181,8180,
79.123,8342,8183,8192,
79.133,8347,8191,8192,
79.141,8347,8191,8187,
79.152,8347,8193,8187,
79.164,8350,8193,8192,
79.173,8353,8199,8190,
79.182,8353,8191,8192,
79.194,8356,8196,8192,
79.203,8356,8191,8190,
79.211,8356,8199,8190,
79.224,8356,8196,8190,
79.231,8358,8196,8192,
79.241,8364,8196,8190,
79.253,8361,8196,8192,
79.262,8353,8196,8190,
79.271,8361,8199,8192,
79.283,8361,8191,8187,
79.292,8358,8191,8187,
79.303,8350,8155,8174,
79.312,8345,8186,8187,
79.322,8339,8188,8190,
79.332,8339,8186,8190,
79.344,8345,8199,8195,
79.351,8342,8188,8190,
79.363,8347,8188,8187,
79.371,8350,8196,8192,
79.382,8353,8196,8195,
79.391,8347,8191,8190,
79.403,8353,8199,8195,
79.413,8353,8196,8190,
79.422,8356,8193,8195,
79.435,8356,8201,8192,
79.443,8356,8199,8198,
79.452,8358,8199,8198,
79.464,8358,8193,8192,
79.472,8361,8193,8192,
79.483,8364,8201,8192,
79.491,8356,8186,8190,
79.504,8350,8153,8177,
79.514,8345,8183,8185,
79.522,8337,8186,8192,
79.532,8347,8199,8192,
79.54,8347,8193,8190,
79.55,8350,8193,8187,
79.561,8345,8193,8192,
79.573,8350,8191,8190,
79.584,8350,8193,8190,
79.592,8356,8191,8195,
79.605,8356,8199,8195,
79.611,8358,8193,8192,
79.619,8358,8196,8190,
79.632,8358,8196,8190,
79.643,8358,8199,8195,
79.654,8356,8199,8192,
79.66,8356,8199,8195,
79.671,8350,8193,8190,
79.682,8358,8193,8190,
79.693,8356,8193,8185,
79.701,8345,8145,8177,
79.711,8342,8175,8185,
79.721,8334,8175,8187,
79.733,8345,8193,8190,
79.743,8345,8186,8187,
79.753,8347,8193,8192,
79.765,8350,8191,8190,
79.771,8353,8193,8190,
79.78,8356,8193,8192,
79.793,8358,8191,8190,
79.799,8361,8193,8190,
79.813,8361,8193,8192,
79.822,8364,8191,8192,
79.831,8358,8196,8192,
79.84,8358,8191,8190,
79.853,8358,8191,8190,
79.862,8364,8193,8195,
79.87,8353,8196,8192,
79.881,8358,8196,8192,
79.893,8358,8188,8190,
79.901,8350,8168,8172,
79.913,8347,8175,8190,
79.92,8339,8191,8192,
79.931,8342,8193,8192,
79.942,8347,8196,8192,
79.953,8347,8193,8192,
79.959,8353,8193,8187,
79.972,8356,8191,8190,
79.981,8353,8193,8190,
79.994,8353,8196,8195,
80.003,8353,8199,8190,
80.01,8356,8186,8192,
80.021,8356,8191,8185,
80.031,8356,8193,8192,
80.04,8361,8193,8195,
80.051,8353,8191,8190,
80.064,8353,8196,8192,
80.071,8358,8193,8192,
80.081,8356,8193,8192,
80.09,8358,8186,8187,
80.102,8347,8178,8177,
80.111,8345,8170,8192,
80.123,8339,8181,8192,
80.132,8347,8191,8190,
80.139,8356,8199,8192,
80.152,8350,8193,8192,
80.161,8353,8193,8192,
80.17,8353,8199,8192,
80.181,8356,8193,8190,
80.191,8358,8196,8198,
80.201,8358,8191,8198,
80.21,8356,8196,8195,
80.223,8361,8196,8195,
80.229,8358,8188,8195,
80.241,8358,8196,8195,
80.251,8364,8196,8195,
80.262,8356,8196,8195,
80.273,8358,8199,8190,
80.283,8358,8199,8192,
80.291,8358,8191,8185,
80.299,8353,8153,8180,
80.313,8345,8168,8187,
80.321,8342,8188,8192,
80.332,8342,8191,8190,
80.339,8345,8191,8185,
80.351,8350,8193,8195,
80.361,8350,8193,8190,
80.37,8353,8193,8195,
80.381,8356,8199,8192,
80.39,8358,8193,8190,
80.402,8358,8188,8195,
80.413,8361,8193,8195,
80.422,8358,8193,8195,
80.431,8361,8188,8192,
80.442,8358,8193,8195,
80.452,8361,8196,8190,
80.461,8364,8199,8198,
80.47,8361,8193,8198,
80.48,8358,8199,8192,
80.489,8358,8186,8187,
80.502,8350,8168,8177,
80.509,8342,8183,8185,
80.523,8337,8188,8192,
80.53,8339,8183,8192,
80.542,8345,8191,8192,
80.553,8345,8188,8187,
80.559,8345,8193,8187,
80.572,8353,8193,8190,
80.581,8347,8193,8195,
80.592,8350,8196,8190,
80.598,8353,8196,8187,
80.611,8358,8196,8192,
80.619,8353,8193,8192,
80.632,8358,8193,8187,
80.641,8361,8196,8192,
80.652,8361,8196,8195,
80.662,8361,8191,8195,
80.669,8361,8196,8192,
80.681,8358,8191,8192,
80.69,8353,8183,8187,
80.7,8342,8150,8177,
80.711,8339,8186,8187,
80.721,8334,8186,8192,
80.729,8339,8199,8190,
80.74,8342,8186,8190,
80.75,8342,8193,8195,
80.761,8347,8196,8195,
80.769,8345,8193,8195,
80.781,8350,8193,8195,
80.79,8356,8196,8190,
80.8,8356,8196,8195,
80.81,8361,8201,8192,
80.822,8358,8196,8190,
80.831,8356,8188,8192,
80.84,8361,8191,8192,
80.85,8361,8196,8198,
80.859,8358,8201,8195,
80.871,8358,8201,8195,
80.881,8358,8193,8190,
80.89,8350,8183,8180,
80.9,8347,8155,8177,
80.912,8345,8175,8187,
80.921,8342,8193,8192,
80.932,8342,8199,8187,
80.94,8347,8193,8190,
80.949,8345,8193,8192,
80.961,8350,8193,8187,
80.968,8350,8199,8195,
80.98,8353,8196,8192,
80.989,8353,8188,8192,
81.001,8358,8193,8190,
81.012,8364,8193,8198,
81.02,8361,8193,8195,
81.03,8366,8196,8198,
81.041,8364,8196,8192,
81.051,8364,8196,8192,
81.061,8361,8188,8195,
81.069,8364,8191,8195,
81.078,8364,8196,8192,
81.089,8356,8183,8182,
81.102,8358,8155,8174,
81.108,8356,8173,8185,
81.12,8345,8199,8187,
81.132,8350,8191,8190,
81.138,8347,8193,8192,
81.149,8345,8196,8192,
81.159,8347,8193,8190,
81.171,8353,8193,8190,
81.179,8356,8191,8192,
81.19,8356,8193,8195,
81.201,8358,8193,8190,
81.208,8353,8199,8190,
81.221,8358,8196,8190,
81.23,8358,8196,8195,
81.24,8358,8196,8192,
81.251,8361,8193,8192,
81.261,8358,8193,8190,
81.27,8358,8196,8195,
81.28,8361,8199,8190,
81.291,8358,8188,8187,
81.302,8353,8159,8174,
81.311,8345,8175,8180,
81.317,8339,8183,8190,
81.328,8345,8199,8192,
81.34,8345,8191,8190,
81.35,8345,8191,8192,
81.362,8347,8196,8195,
81.368,8350,8193,8190,
81.38,8347,8196,8190,
81.389,8350,8193,8190,
81.401,8353,8196,8190,
81.408,8353,8196,8190,
81.419,8358,8196,8192,
81.429,8353,8196,8195,
81.441,8358,8196,8190,
81.449,8356,8196,8190,
81.458,8356,8199,8190,
81.469,8358,8193,8190,
81.479,8361,8191,8190,
81.489,8356,8186,8187,
81.501,8353,8161,8174,
81.509,8345,8178,8180,
81.522,8331,8193,8187,
81.529,8342,8193,8190,
81.541,8342,8193,8192,
81.551,8345,8193,8192,
81.559,8347,8191,8190,
81.568,8350,8193,8192,
81.579,8347,8193,8192,
81.588,8353,8193,8192,
81.599,8356,8193,8190,
81.609,8356,8191,8190,
81.62,8356,8199,8195,
81.629,8356,8199,8192,
81.64,8361,8193,8187,
81.65,8356,8196,8195,
81.66,8356,8191,8190,
81.669,8358,8199,8195,
81.681,8358,8193,8190,
81.691,8356,8191,8187,
81.701,8345,8148,8180,
81.706,8342,8186,8190,
81.72,8334,8188,8190,
81.729,8347,8196,8190,
81.74,8350,8193,8190,
81.748,8353,8193,8190,
81.759,8347,8193,8190,
81.77,8350,8193,8192,
81.781,8353,8199,8192,
81.79,8356,8193,8195,
81.798,8364,8188,8195,
81.809,8358,8201,8198,
81.821,8358,8193,8192,
81.829,8358,8196,8198,
81.839,8361,8199,8198,
81.851,8358,8191,8192,
81.859,8358,8196,8198,
81.871,8358,8191,8192,
81.877,8353,8188,8192,
81.888,8361,8183,8187,
81.899,8353,8168,8177,
81.908,8345,8173,8187,
81.917,8339,8183,8190,
81.93,8342,8193,8192,
81.939,8345,8193,8187,
81.951,8345,8199,8192,
81.957,8345,8199,8192,
81.968,8347,8191,8187,
81.981,8347,8196,8192,
81.99,8350,8193,8190,
81.999,8356,8196,8192,
82.009,8353,8196,8192,
82.02,8353,8196,8195,
82.029,8356,8191,8195,
82.04,8353,8193,8190,
82.048,8358,8199,8190,
82.059,8358,8199,8195,
82.069,8356,8196,8195,
82.078,8356,8188,8192,
82.086,8353,8181,8185,
82.098,8345,8175,8180,
82.111,8339,8186,8187,
82.121,8334,8188,8190,
82.131,8334,8191,8190,
82.138,8347,8188,8187,
82.151,8345,8196,8190,
82.16,8345,8193,8192,
82.168,8350,8196,8190,
82.179,8356,8196,8192,
82.188,8353,8193,8187,
82.198,8356,8193,8195,
82.207,8358,8191,8192,
82.218,8356,8191,8192,
82.231,8358,8193,8192,
82.238,8361,8199,8190,
82.247,8364,8196,8198,
82.259,8358,8191,8192,
82.27,8356,8191,8187,
82.279,8361,8196,8195,
82.289,8358,8181,8185,
82.299,8347,8142,8177,
82.309,8347,8183,8187,
82.318,8339,8201,8192,
82.326,8342,8193,8185,
82.339,8350,8193,8190,
82.349,8347,8193,8190,
82.358,8350,8193,8190,
82.37,8350,8191,8187,
82.379,8353,8193,8190,
82.388,8356,8199,8192,
82.399,8358,8196,8195,
82.408,8353,8199,8195,
82.418,8356,8196,8192,
82.428,8361,8196,8190,
82.438,8358,8191,8187,
82.447,8356,8196,8190,
82.456,8361,8193,8190,
82.467,8358,8193,8192,
82.479,8366,8191,8195,
82.488,8361,8181,8182,
82.502,8347,8135,8177,
82.508,8347,8178,8190,
82.518,8339,8181,8192,
82.527,8345,8193,8192,
82.536,8350,8193,8195,
82.549,8350,8193,8192,
82.558,8347,8193,8195,
82.568,8353,8193,8192,
82.577,8350,8196,8195,
82.587,8353,8193,8195,
82.6,8356,8188,8192,
82.61,8356,8191,8192,
82.619,8356,8193,8198,
82.629,8358,8193,8198,
82.637,8358,8191,8195,
82.649,8361,8201,8198,
82.657,8361,8196,8192,
82.668,8356,8196,8192,
82.678,8361,8196,8198,
82.689,8356,8191,8187,
82.696,8353,8145,8182,
82.709,8345,8170,8180,
82.717,8334,8186,8190,
82.726,8345,8191,8190,
82.739,8345,8191,8190,
82.75,8350,8193,8190,
82.756,8347,8193,8187,
82.768,8347,8196,8192,
82.778,8350,8196,8190,
82.786,8350,8188,8190,
82.797,8353,8199,8190,
82.807,8350,8193,8192,
82.818,8356,8199,8192,
82.827,8358,8196,8195,
82.837,8353,8193,8195,
82.849,8353,8196,8195,
82.858,8353,8188,8187,
82.867,8356,8193,8198,
82.878,8350,8188,8192,
82.889,8353,8186,8187,
82.896,8342,8159,8180,
82.905,8334,8175,8177,
82.917,8334,8188,8192,
82.927,8337,8193,8190,
82.939,8339,8186,8190,
82.946,8339,8188,8190,
82.958,8342,8191,8187,
82.97,8345,8191,8187,
82.976,8347,8199,8192,
82.985,8350,8199,8192,
82.996,8350,8199,8192,
83.007,8356,8193,8192,
83.015,8353,8188,8190,
83.026,8353,8196,8195,
83.038,8356,8188,8192,
83.053,8353,8196,8195,
83.057,8361,8196,8190,
83.068,8356,8196,8192,
83.077,8356,8191,8190,
83.086,8358,8188,8182,
83.098,8345,8137,8180,
83.108,8337,8178,8182,
83.118,8331,8183,8192,
83.128,8339,8181,8195,
83.136,8345,8196,8192,
83.146,8347,8191,8192,
83.157,8345,8193,8195,
83.167,8350,8191,8195,
83.177,8350,8193,8190,
83.187,8353,8196,8195,
83.198,8353,8191,8190,
83.206,8356,8201,8192,
83.216,8356,8199,8195,
83.228,8358,8193,8192,
83.238,8353,8193,8190,
83.248,8353,8193,8187,
83.256,8358,8196,8195,
83.266,8356,8188,8190,
83.277,8356,8196,8187,
83.288,8356,8188,8192,
83.296,8353,8170,8177,
83.307,8350,8183,8187,
83.317,8342,8188,8192,
83.327,8350,8196,8190,
83.338,8350,8186,8187,
83.348,8350,8191,8195,
83.358,8350,8199,8192,
83.367,8350,8196,8190,
83.376,8350,8193,8192,
83.388,8353,8199,8190,
83.397,8356,8196,8192,
83.408,8353,8196,8190,
83.416,8356,8193,8192,
83.425,8358,8193,8192,
83.437,8361,8199,8192,
83.449,8361,8191,8190,
83.455,8361,8193,8195,
83.468,8358,8196,8190,
83.479,8358,8188,8192,
83.485,8353,8186,8187,
83.498,8345,8170,8180,
83.508,8339,8183,8190,
83.516,8334,8199,8192,
83.531,8337,8199,8190,
83.534,8345,8193,8192,
83.546,8345,8196,8192,
83.559,8347,8193,8190,
83.567,8350,8196,8195,
83.576,8353,8193,8198,
83.584,8347,8193,8195,
83.596,8353,8199,8195,
83.608,8353,8193,8192,
83.617,8356,8196,8192,
83.627,8356,8199,8198,
83.635,8356,8196,8192,
83.647,8358,8193,8192,
83.658,8358,8196,8195,
83.666,8353,8193,8192,
83.677,8361,8196,8195,
83.688,8353,8186,8187,
83.697,8347,8145,8180,
83.707,8342,8181,8187,
83.718,8337,8191,8190,
83.728,8339,8196,8192,
83.738,8342,8196,8192,
83.749,8345,8193,8190,
83.756,8345,8196,8192,
83.768,8345,8191,8190,
83.779,8350,8193,8185,
83.787,8350,8199,8192,
83.797,8350,8196,8192,
83.809,8350,8196,8190,
83.816,8356,8196,8192,
83.826,8358,8193,8195,
83.835,8358,8199,8195,
83.846,8350,8188,8187,
83.857,8356,8193,8190,
83.866,8358,8191,8192,
83.876,8356,8199,8195,
83.886,8358,8183,8185,
83.897,8353,8178,8177,
83.907,8347,8153,8187,
83.917,8342,8186,8195,
83.925,8345,8196,8190,
83.936,8345,8191,8190,
83.948,8350,8193,8190,
83.958,8347,8199,8190,
83.965,8353,8193,8187,
83.978,8347,8191,8187,
83.987,8353,8193,8187,
83.996,8353,8193,8192,
84.006,8356,8199,8192,
84.019,8353,8193,8195,
84.025,8361,8193,8192,
84.036,8358,8196,8190,
84.047,8358,8199,8192,
84.056,8361,8196,8195,
84.067,8358,8199,8187,
84.075,8358,8193,8190,
84.087,8358,8191,8187,
84.096,8353,8132,8174,
84.104,8347,8165,8187,
84.118,8339,8186,8190,
84.127,8345,8196,8187,
84.135,8347,8196,8192,
84.147,8347,8191,8190,
84.155,8347,8186,8192,
84.165,8347,8193,8192,
84.176,8347,8196,8190,
84.185,8356,8191,8195,
84.198,8356,8196,8192,
84.207,8358,8196,8187,
84.216,8356,8199,8190,
84.226,8358,8199,8187,
84.234,8361,8196,8190,
84.248,8358,8191,8190,
84.254,8361,8193,8190,
84.265,8361,8196,8192,
84.276,8361,8201,8190,
84.285,8358,8186,8185,
84.295,8350,8148,8174,
84.305,8347,8188,8187,
84.316,8342,8186,8187,
84.325,8350,8193,8192,
84.336,8356,8188,8192,
84.344,8350,8191,8192,
84.355,8353,8199,8192,
84.365,8356,8196,8190,
84.376,8353,8196,8192,
84.385,8358,8199,8190,
84.395,8361,8193,8192,
84.403,8361,8193,8195,
84.416,8358,8196,8195,
84.425,8358,8193,8192,
84.434,8356,8193,8195,
84.447,8356,8193,8195,
84.453,8364,8199,8187,
84.465,8358,8196,8192,
84.475,8361,8196,8198,
84.483,8353,8186,8187,
84.495,8347,8148,8177,
84.505,8342,8173,8190,
84.514,8342,8188,8192,
84.527,8345,8193,8192,
84.536,8345,8191,8195,
84.545,8345,8188,8190,
84.554,8345,8193,8190,
84.566,8345,8193,8187,
84.576,8350,8196,8198,
84.586,8353,8196,8192,
84.596,8350,8196,8192,
84.604,8350,8199,8187,
84.615,8353,8199,8192,
84.623,8353,8193,8195,
84.634,8353,8196,8185,
84.642,8358,8196,8192,
84.655,8356,8196,8192,
84.664,8361,8191,8190,
84.677,8358,8199,8192,
84.688,8356,8186,8185,
84.694,8350,8168,8177,
84.704,8342,8175,8185,
84.713,8331,8181,8187,
84.725,8345,8193,8192,
84.735,8347,8191,8190,
84.746,8347,8199,8190,
84.755,8350,8183,8192,
84.765,8350,8196,8192,
84.776,8353,8193,8192,
84.785,8356,8196,8192,
84.795,8356,8199,8192,
84.806,8350,8188,8195,
84.817,8358,8196,8192,
84.824,8358,8191,8198,
84.833,8358,8199,8192,
84.846,8356,8196,8200,
84.853,8358,8199,8192,
84.865,8356,8196,8192,
84.874,8356,8196,8195,
84.885,8356,8188,8187,
84.897,8342,8150,8180,
84.903,8337,8181,8185,
84.916,8334,8188,8192,
84.924,8339,8193,8192,
84.934,8342,8188,8190,
84.944,8345,8193,8195,
84.956,8347,8193,8195,
84.965,8350,8193,8190,
84.973,8350,8196,8192,
84.983,8356,8191,8192,
84.993,8358,8193,8192,
85.005,8358,8199,8198,
85.016,8358,8199,8195,
85.023,8356,8196,8195,
85.033,8358,8199,8195,
85.045,8356,8193,8195,
85.055,8361,8193,8195,
85.063,8361,8193,8195,
85.074,8361,8196,8192,
85.086,8358,8191,8187,
85.096,8347,8161,8182,
85.104,8342,8173,8192,
85.115,8342,8188,8192,
85.127,8347,8196,8192,
85.134,8350,8199,8192,
85.146,8347,8186,8190,
85.152,8350,8199,8192,
85.166,8353,8193,8195,
85.174,8353,8193,8192,
85.184,8353,8196,8195,
85.195,8350,8196,8195,
85.204,8350,8199,8192,
85.215,8350,8191,8195,
85.223,8353,8193,8198,
85.236,8356,8191,8195,
85.243,8356,8199,8192,
85.256,8353,8193,8192,
85.267,8358,8191,8192,
85.273,8361,8193,8195,
85.282,8358,8183,8187,
85.294,8347,8148,8177,
85.305,8345,8181,8190,
85.315,8339,8193,8190,
85.325,8345,8188,8195,
85.335,8345,8191,8192,
85.345,8345,8193,8192,
85.353,8350,8193,8195,
85.364,8350,8193,8192,
85.376,8356,8186,8187,
85.384,8353,8193,8190,
85.395,8353,8193,8190,
85.404,8356,8196,8190,
85.414,8358,8186,8190,
85.423,8353,8196,8192,
85.434,8358,8191,8190,
85.444,8353,8188,8192,
85.452,8353,8199,8192,
85.465,8356,8196,8192,
85.474,8356,8191,8190,
85.485,8356,8188,8187,
85.495,8347,8159,8180,
85.505,8345,8178,8192,
85.514,8339,8196,8195,
85.525,8347,8193,8192,
85.534,8347,8193,8192,
85.545,8350,8196,8192,
85.554,8350,8196,8195,
85.565,8353,8193,8195,
85.575,8361,8196,8192,
85.581,8353,8193,8195,
85.594,8358,8199,8195,
85.603,8356,8196,8198,
85.615,8358,8199,8192,
85.623,8358,8193,8192,
85.635,8356,8193,8195,
85.644,8358,8191,8195,
85.656,8358,8196,8192,
85.664,8361,8193,8192,
85.672,8358,8196,8195,
85.683,8356,8191,8187,
85.693,8358,8159,8180,
85.703,8350,8178,8185,
85.712,8350,8188,8192,
85.723,8342,8193,8198,
85.732,8345,8199,8192,
85.744,8347,8188,8195,
85.754,8345,8188,8192,
85.764,8347,8201,8195,
85.775,8353,8199,8192,
85.783,8350,8199,8190,
85.795,8350,8196,8192,
85.803,8356,8193,8190,
85.815,8356,8196,8192,
85.825,8356,8199,8192,
85.835,8358,8196,8190,
85.843,8361,8199,8187,
85.852,8361,8193,8190,
85.864,8356,8191,8187,
85.873,8369,8191,8190,
85.884,8358,8183,8180,
85.894,8345,8145,8174,
85.905,8337,8178,8187,
85.916,8334,8186,8192,
85.923,8337,8186,8190,
85.933,8339,8193,8195,
85.944,8345,8191,8192,
85.954,8347,8196,8190,
85.962,8350,8196,8192,
85.972,8347,8193,8192,
85.983,8353,8196,8192,
85.993,8350,8193,8195,
86.003,8356,8196,8195,
86.013,8353,8193,8190,
86.023,8353,8193,8195,
86.034,8358,8199,8195,
86.044,8356,8199,8195,
86.052,8356,8193,8190,
86.062,8358,8193,8192,
86.071,8358,8196,8190,
86.083,8350,8186,8185,
86.092,8345,8165,8177,
86.102,8339,8178,8185,
86.112,8334,8188,8192,
86.124,8339,8196,8190,
86.133,8345,8193,8190,
86.143,8345,8193,8192,
86.154,8350,8193,8187,
86.163,8353,8196,8192,
86.173,8350,8193,8192,
86.183,8356,8193,8192,
86.194,8356,8199,8195,
86.203,8358,8193,8187,
86.215,8358,8199,8198,
86.224,8358,8196,8195,
86.232,8361,8199,8195,
86.243,8358,8196,8187,
86.252,8361,8201,8195,
86.263,8358,8193,8195,
86.272,8364,8199,8195,
86.284,8361,8188,8192,
86.293,8353,8145,8172,
86.303,8347,8178,8185,
86.311,8342,8183,8190,
86.322,8345,8196,8195,
86.333,8347,8196,8190,
86.344,8345,8196,8192,
86.352,8350,8191,8190,
86.364,8347,8191,8190,
86.372,8350,8193,8190,
86.383,8353,8196,8187,
86.392,8353,8191,8195,
86.402,8350,8186,8195,
86.411,8353,8191,8192,
86.424,8353,8191,8198,
86.433,8353,8191,8192,
86.444,8356,8193,8195,
86.456,8358,8199,8192,
86.464,8361,8196,8192,
86.474,8364,8191,8192,
86.484,8358,8191,8192,
86.491,8347,8153,8177,
86.504,8345,8183,8182,
86.512,8339,8188,8190,
86.523,8345,8193,8192,
86.534,8347,8191,8187,
86.543,8350,8196,8192,
86.553,8350,8191,8192,
86.563,8353,8186,8192,
86.572,8350,8199,8190,
86.585,8358,8186,8190,
86.594,8358,8196,8190,
86.602,8356,8193,8195,
86.611,8356,8193,8190,
86.623,8358,8201,8198,
86.632,8356,8199,8192,
86.644,8364,8199,8192,
86.651,8356,8199,8195,
86.662,8356,8196,8195,
86.674,8364,8193,8190,
86.683,8356,8183,8187,
86.693,8347,8161,8177,
86.701,8339,8183,8185,
86.712,8331,8186,8187,
86.721,8345,8199,8195,
86.731,8342,8191,8187,
86.741,8347,8193,8190,
86.752,8350,8199,8192,
86.76,8350,8196,8187,
86.773,8350,8191,8190,
86.784,8356,8191,8192,
86.791,8358,8196,8192,
86.804,8356,8191,8192,
86.813,8361,8188,8190,
86.822,8356,8193,8192,
86.832,8361,8193,8192,
86.843,8353,8199,8192,
86.851,8358,8196,8192,
86.861,8361,8193,8192,
86.872,8361,8196,8190,
86.882,8356,8186,8187,
86.892,8353,8159,8172,
86.901,8342,8181,8185,
86.911,8337,8188,8192,
86.922,8342,8196,8192,
86.933,8347,8199,8187,
86.942,8345,8191,8190,
86.951,8345,8186,8187,
86.962,8345,8193,8187,
86.973,8350,8191,8190,
86.983,8353,8196,8187,
86.992,8350,8199,8195,
87.002,8350,8191,8187,
87.012,8356,8193,8192,
87.022,8353,8188,8192,
87.031,8353,8191,8195,
87.043,8356,8196,8192,
87.052,8358,8193,8192,
87.063,8361,8191,8195,
87.07,8361,8199,8195,
87.081,8358,8183,8190,
87.093,8350,8155,8177,
87.102,8345,8161,8192,
87.113,8342,8188,8195,
87.121,8353,8191,8190,
87.131,8364,8196,8192,
87.142,8385,8188,8195,
87.151,8409,8191,8203,
87.163,8473,8183,8205,
87.172,8562,8183,8218,
87.181,8630,8173,8226,
87.193,8675,8178,8231,
87.2,8694,8175,8241,
87.213,8697,8173,8246,
87.222,8721,8188,8259,
87.232,8747,8168,8248,
87.243,8741,8170,8248,
87.251,8736,8175,8248,
87.263,8730,8175,8259,
87.271,8736,8173,8256,
87.282,8793,8173,8243,
87.292,8894,8170,8221,
87.301,8785,8173,8248,
87.313,8741,8170,8246,
87.322,8718,8175,8254,
87.331,8707,8173,8246,
87.341,8691,8175,8243,
87.351,8680,8178,8243,
87.36,8691,8170,8243,
87.37,8689,8173,8246,
87.38,8680,8173,8243,
87.393,8672,8173,8246,
87.404,8664,8175,8246,
87.412,8661,8178,8238,
87.422,8659,8173,8241,
87.431,8644,8173,8243,
87.442,8650,8173,8235,
87.452,8635,8175,8231,
87.46,8644,8175,8231,
87.471,8642,8173,8231,
87.481,8721,8175,8213,
87.494,8793,8173,8210,
87.5,8705,8175,8231,
87.513,8656,8170,8238,
87.523,8639,8173,8241,
87.531,8627,8170,8231,
87.54,8635,8178,8231,
87.55,8630,8175,8226,
87.563,8627,8175,8231,
87.569,8624,8173,8235,
87.584,8622,8175,8235,
87.59,8619,8175,8231,
87.601,8616,8175,8221,
87.612,8616,8175,8238,
87.621,8605,8173,8226,
87.629,8608,8173,8228,
87.641,8613,8175,8226,
87.65,8605,8170,8226,
87.661,8603,8175,8235,
87.672,8603,8175,8223,
87.682,8635,8173,8221,
87.693,8756,8173,8200,
87.703,8716,8173,8218,
87.709,8635,8173,8231,
87.72,8608,8175,8226,
87.729,8603,8173,8223,
87.743,8594,8173,8228,
87.753,8597,8173,8228,
87.76,8586,8170,8231,
87.769,8594,8173,8228,
87.781,8584,8173,8228,
87.791,8594,8175,8221,
87.8,8589,8173,8228,
87.811,8594,8173,8221,
87.823,8589,8170,8221,
87.833,8586,8173,8226,
87.839,8589,8173,8226,
87.85,8586,8173,8228,
87.863,8586,8173,8226,
87.873,8592,8175,8228,
87.882,8642,8175,8218,
87.89,8764,8170,8205,
87.899,8718,8173,8218,
87.909,8624,8175,8235,
87.92,8603,8175,8228,
87.929,8600,8173,8226,
87.94,8594,8170,8231,
87.95,8594,8175,8223,
87.959,8597,8175,8226,
87.97,8597,8173,8228,
87.98,8589,8175,8228,
87.991,8592,8175,8226,
88.001,8592,8175,8221,
88.01,8586,8175,8218,
88.021,8581,8173,8228,
88.03,8578,8175,8223,
88.039,8578,8173,8223,
88.052,8578,8173,8221,
88.06,8576,8173,8223,
88.069,8578,8170,8223,
88.082,8624,8175,8200,
88.092,8741,8175,8185,
88.1,8680,8175,8213,
88.11,8592,8168,8223,
88.12,8576,8173,8223,
88.132,8565,8173,8221,
88.14,8562,8175,8218,
88.148,8556,8173,8218,
88.159,8549,8175,8223,
88.17,8553,8173,8221,
88.179,8549,8173,8221,
88.19,8546,8173,8221,
88.198,8544,8173,8221,
88.211,8544,8175,8221,
88.22,8546,8173,8221,
88.229,8549,8170,8216,
88.239,8544,8173,8223,
88.25,8544,8170,8221,
88.26,8544,8175,8218,
88.27,8544,8173,8221,
88.282,8589,8173,8203,
88.29,8710,8175,8192,
88.302,8632,8173,8216,
88.31,8567,8175,8221,
88.32,8546,8173,8221,
88.328,8546,8173,8216,
88.341,8541,8175,8221,
88.349,8546,8175,8218,
88.361,8544,8173,8221,
88.369,8549,8173,8218,
88.381,8553,8175,8218,
88.391,8546,8173,8221,
88.401,8546,8175,8221,
88.41,8541,8175,8223,
88.42,8544,8173,8221,
88.429,8536,8173,8221,
88.438,8538,8173,8221,
88.449,8536,8175,8218,
88.461,8538,8170,8216,
88.471,8538,8173,8213,
88.479,8570,8173,8200,
88.49,8683,8173,8190,
88.499,8664,8173,8205,
88.511,8558,8175,8216,
88.52,8533,8173,8218,
88.531,8533,8173,8213,
88.54,8533,8173,8216,
88.548,8533,8173,8218,
88.56,8533,8173,8223,
88.571,8536,8175,8210,
88.577,8536,8175,8216,
88.59,8536,8173,8216,
88.6,8530,8175,8216,
88.607,8530,8173,8218,
88.62,8530,8175,8218,
88.628,8525,8173,8218,
88.642,8527,8170,8218,
88.65,8527,8173,8213,
88.661,8527,8175,8213,
88.668,8533,8175,8213,
88.681,8567,8173,8203,
88.69,8691,8173,8192,
88.7,8624,8175,8205,
88.71,8544,8173,8216,
88.719,8530,8173,8216,
88.73,8525,8175,8213,
88.739,8525,8175,8213,
88.748,8525,8173,8216,
88.759,8522,8175,8210,
88.768,8522,8175,8213,
88.779,8519,8175,8213,
88.787,8522,8178,8213,
88.802,8519,8178,8213,
88.811,8514,8178,8216,
88.819,8525,8175,8216,
88.83,8522,8178,8210,
88.839,8519,8173,8213,
88.847,8525,8173,8216,
88.86,8525,8173,8216,
88.869,8525,8175,8213,
88.881,8562,8170,8208,
88.889,8642,8173,8187,
88.901,8632,8173,8200,
88.909,8538,8173,8216,
88.92,8519,8173,8216,
88.93,8514,8173,8216,
88.939,8522,8173,8210,
88.947,8517,8173,8216,
88.96,8522,8173,8213,
88.967,8519,8173,8216,
88.979,8522,8175,8216,
88.988,8525,8170,8216,
89,8522,8178,8213,
89.007,8522,8170,8221,
89.018,8527,8178,8218,
89.028,8519,8175,8213,
89.04,8519,8173,8213,
89.05,8519,8170,8213,
89.057,8525,8175,8216,
89.069,8527,8178,8213,
89.078,8562,8175,8200,
89.091,8653,8178,8190,
89.097,8581,8178,8203,
89.11,8509,8175,8216,
89.117,8509,8175,8213,
89.128,8503,8173,8213,
89.139,8509,8173,8210,
89.148,8514,8173,8213,
89.159,8511,8173,8216,
89.169,8514,8173,8213,
89.179,8511,8173,8208,
89.188,8514,8173,8210,
89.2,8511,8175,8213,
89.21,8509,8175,8213,
89.218,8511,8173,8210,
89.228,8511,8175,8216,
89.239,8511,8175,8208,
89.247,8517,8175,8213,
89.26,8514,8173,8216,
89.269,8519,8170,8216,
89.28,8558,8170,8205,
89.287,8594,8170,8182,
89.3,8562,8178,8210,
89.309,8503,8173,8218,
89.321,8500,8173,8216,
89.331,8503,8173,8216,
89.339,8509,8175,8216,
89.348,8511,8175,8218,
89.359,8511,8175,8213,
89.368,8509,8173,8210,
89.378,8511,8173,8218,
89.388,8509,8175,8216,
89.397,8509,8175,8213,
89.41,8509,8175,8213,
89.417,8511,8173,8218,
89.429,8509,8173,8216,
89.437,8509,8175,8210,
89.451,8511,8173,8208,
89.456,8509,8175,8216,
89.469,8514,8173,8208,
89.478,8541,8173,8200,
89.488,8589,8168,8185,
89.5,8549,8178,8205,
89.51,8503,8159,8213,
89.518,8498,8173,8213,
89.531,8506,8170,8210,
89.538,8500,8173,8208,
89.548,8509,8173,8213,
89.558,8503,8173,8210,
89.569,8506,8173,8210,
89.578,8506,8173,8213,
89.586,8506,8170,8213,
89.598,8506,8178,8210,
89.608,8509,8175,8216,
89.619,8503,8178,8216,
89.629,8506,8175,8213,
89.639,8509,8175,8208,
89.648,8503,8175,8213,
89.66,8509,8173,8210,
89.669,8509,8175,8213,
89.677,8525,8173,8208,
89.688,8562,8170,8187,
89.699,8514,8175,8205,
89.709,8495,8173,8213,
89.72,8495,8178,8210,
89.726,8500,8173,8210,
89.739,8495,8178,8210,
89.747,8500,8173,8210,
89.756,8492,8175,8210,
89.768,8495,8175,8210,
89.776,8498,8173,8210,
89.79,8495,8175,8210,
89.799,8498,8178,8208,
89.808,8498,8175,8210,
89.817,8492,8175,8210,
89.828,8495,8178,8205,
89.839,8490,8178,8210,
89.849,8492,8175,8205,
89.858,8490,8178,8208,
89.868,8498,8175,8205,
89.88,8514,8178,8205,
89.889,8536,8168,8185,
89.899,8495,8175,8200,
89.907,8479,8175,8208,
89.916,8473,8178,8208,
89.929,8473,8175,8210,
89.937,8479,8178,8205,
89.949,8481,8178,8205,
89.96,8476,8175,8205,
89.967,8479,8178,8205,
89.979,8476,8178,8205,
89.989,8484,8173,8208,
89.999,8479,8178,8205,
90.007,8476,8175,8203,
90.017,8476,8178,8200,
90.029,8476,8178,8208,
90.038,8476,8175,8205,
90.049,8473,8175,8205,
90.055,8476,8181,8203,
90.068,8479,8178,8208,
90.076,8492,8178,8195,
90.09,8503,8168,8182,
90.096,8473,8175,8195,
90.109,8447,8178,8203,
90.121,8450,8175,8205,
90.126,8452,8178,8208,
90.139,8452,8178,8208,
90.147,8455,8175,8203,
90.157,8458,8178,8205,
90.166,8458,8178,8203,
90.179,8461,8181,8208,
90.189,8461,8178,8200,
90.199,8461,8178,8200,
90.209,8458,8178,8208,
90.218,8461,8178,8205,
90.228,8463,8178,8203,
90.236,8461,8181,8205,
90.248,8458,8181,8205,
90.259,8461,8178,8203,
90.265,8458,8181,8203,
90.276,8473,8175,8200,
90.289,8476,8173,8187,
90.297,8455,8178,8200,
90.308,8436,8181,8208,
90.318,8442,8186,8208,
90.328,8444,8181,8203,
90.337,8444,8181,8203,
90.348,8442,8181,8205,
90.357,8442,8181,8205,
90.366,8444,8178,8203,
90.377,8442,8178,8203,
90.387,8442,8178,8200,
90.397,8442,8181,8205,
90.406,8439,8183,8205,
90.416,8442,8178,8200,
90.43,8444,8183,8203,
90.438,8444,8183,8205,
90.447,8439,8181,8200,
90.456,8433,8181,8203,
90.469,8439,8183,8200,
90.477,8442,8178,8198,
90.486,8447,8173,8185,
90.497,8436,8175,8195,
90.508,8423,8181,8203,
90.518,8423,8181,8200,
90.525,8423,8183,8203,
90.538,8425,8181,8205,
90.545,8425,8181,8200,
90.558,8423,8181,8200,
90.568,8423,8183,8203,
90.578,8423,8181,8203,
90.586,8425,8183,8205,
90.597,8425,8183,8205,
90.606,8423,8186,8203,
90.616,8423,8183,8198,
90.625,8423,8188,8200,
90.638,8425,8183,8200,
90.647,8423,8183,8200,
90.657,8420,8183,8205,
90.668,8417,8186,8205,
90.678,8423,8178,8195,
90.688,8431,8165,8182,
90.695,8417,8175,8192,
90.708,8396,8183,8203,
90.718,8406,8183,8200,
90.728,8404,8186,8203,
90.737,8409,8183,8198,
90.745,8406,8181,8200,
90.758,8404,8183,8200,
90.766,8406,8186,8200,
90.778,8404,8186,8200,
90.788,8409,8183,8200,
90.799,8406,8186,8198,
90.807,8409,8183,8195,
90.816,8404,8188,8198,
90.828,8409,8183,8195,
90.838,8406,8181,8195,
90.847,8406,8186,8198,
90.856,8412,8188,8198,
90.865,8412,8186,8198,
90.876,8409,8181,8195,
90.888,8414,8175,8180,
90.896,8398,8173,8195,
90.905,8396,8181,8192,
90.917,8396,8186,8200,
90.926,8398,8186,8198,
90.938,8401,8186,8198,
90.945,8401,8186,8198,
90.958,8404,8186,8200,
90.966,8401,8183,8195,
90.976,8404,8191,8200,
90.985,8406,8186,8195,
90.994,8404,8186,8198,
91.007,8401,8186,8200,
91.016,8409,8191,8203,
91.026,8404,8186,8198,
91.037,8406,8186,8198,
91.047,8404,8186,8200,
91.057,8406,8193,8203,
91.069,8409,8193,8203,
91.075,8412,8186,8195,
91.084,8406,8178,8185,
91.096,8398,8165,8198,
91.104,8398,8181,8198,
91.115,8401,8188,8200,
91.125,8401,8188,8200,
91.136,8401,8183,8198,
91.146,8401,8186,8198,
91.158,8404,8183,8198,
91.165,8404,8186,8198,
91.177,8401,8188,8198,
91.188,8401,8186,8198,
91.196,8398,8183,8195,
91.205,8396,8191,8198,
91.217,8398,8186,8198,
91.225,8396,8186,8198,
91.237,8396,8191,8195,
91.247,8396,8186,8195,
91.258,8398,8191,8195,
91.267,8396,8186,8195,
91.277,8393,8183,8190,
91.288,8385,8170,8177,
91.294,8372,8183,8190,
91.307,8372,8183,8192,
91.315,8372,8188,8195,
91.327,8372,8191,8198,
91.335,8377,8186,8195,
91.347,8372,8191,8195,
91.357,8372,8186,8195,
91.369,8377,8186,8195,
91.375,8369,8188,8192,
91.386,8369,8193,8195,
91.395,8377,8196,8198,
91.409,8372,8191,8198,
91.415,8369,8188,8192,
91.427,8372,8183,8190,
91.435,8369,8193,8195,
91.445,8369,8193,8198,
91.456,8369,8188,8192,
91.466,8364,8193,8195,
91.475,8358,8191,8187,
91.486,8350,8137,8180,
91.496,8345,8183,8187,
91.504,8345,8186,8192,
91.517,8353,8188,8190,
91.526,8347,8188,8192,
91.534,8350,8191,8192,
91.544,8350,8188,8195,
91.555,8350,8193,8195,
91.567,8350,8193,8192,
91.578,8353,8193,8190,
91.586,8350,8191,8187,
91.596,8350,8193,8190,
91.603,8356,8188,8192,
91.617,8350,8191,8190,
91.627,8356,8196,8195,
91.633,8350,8193,8192,
91.646,8356,8201,8192,
91.655,8356,8191,8190,
91.666,8358,8196,8187,
91.674,8350,8186,8185,
91.685,8342,8155,8177,
91.695,8345,8183,8187,
91.706,8347,8186,8190,
91.717,8347,8196,8190,
91.726,8347,8191,8192,
91.735,8347,8191,8192,
91.746,8353,8196,8192,
91.755,8353,8199,8198,
91.765,8356,8193,8195,
91.776,8356,8193,8192,
91.786,8356,8191,8192,
91.794,8356,8199,8192,
91.806,8356,8196,8195,
91.817,8356,8196,8198,
91.825,8358,8196,8190,
91.835,8356,8191,8192,
91.845,8353,8196,8192,
91.853,8358,8196,8192,
91.866,8358,8193,8192,
91.875,8356,8183,8185,
91.884,8345,8132,8177,
91.894,8345,8193,8190,
91.903,8342,8178,8192,
91.915,8353,8193,8190,
91.924,8353,8196,8195,
91.935,8353,8193,8192,
91.946,8353,8193,8195,
91.954,8358,8191,8190,
91.968,8358,8193,8192,
91.975,8358,8193,8195,
91.986,8358,8199,8195,
91.996,8358,8188,8192,
92.005,8358,8199,8195,
92.015,8361,8196,8195,
92.025,8358,8193,8195,
92.033,8356,8188,8190,
92.045,8356,8196,8195,
92.054,8353,8193,8195,
92.066,8353,8188,8195,
92.074,8350,8186,8185,
92.087,8345,8145,8180,
92.095,8345,8178,8192,
92.104,8345,8196,8192,
92.115,8350,8193,8195,
92.126,8353,8196,8192,
92.135,8347,8191,8190,
92.143,8350,8193,8192,
92.156,8353,8193,8192,
92.163,8356,8193,8192,
92.177,8353,8199,8195,
92.185,8353,8191,8192,
92.196,8353,8199,8192,
92.204,8350,8191,8190,
92.216,8353,8196,8192,
92.224,8350,8193,8192,
92.236,8350,8193,8190,
92.245,8350,8199,8190,
92.253,8350,8196,8187,
92.266,8350,8191,8192,
92.276,8347,8186,8185,
92.285,8342,8159,8174,
92.295,8339,8181,8177,
92.305,8337,8193,8190,
92.313,8342,8188,8190,
92.326,8342,8193,8192,
92.334,8342,8196,8187,
92.346,8339,8188,8190,
92.356,8339,8204,8187,
92.363,8345,8196,8192,
92.376,8342,8191,8187,
92.386,8350,8193,8190,
92.395,8345,8196,8187,
92.402,8345,8196,8190,
92.415,8347,8199,8195,
92.423,8347,8199,8190,
92.435,8345,8196,8192,
92.443,8339,8196,8190,
92.455,8345,8196,8190,
92.465,8339,8193,8190,
92.474,8334,8183,8185,
92.485,8323,8155,8174,
92.494,8323,8181,8180,
92.505,8320,8183,8187,
92.515,8323,8199,8187,
92.525,8326,8199,8187,
92.535,8323,8191,8185,
92.544,8323,8193,8192,
92.554,8323,8196,8192,
92.566,8323,8214,8195,
92.573,8323,8199,8192,
92.584,8320,8199,8190,
92.596,8320,8199,8190,
92.605,8315,8201,8190,
92.614,8312,8201,8187,
92.623,8304,8196,8187,
92.635,8304,8201,8190,
92.643,8293,8193,8187,
92.654,8285,8201,8192,
92.663,8285,8199,8190,
92.674,8273,8186,8182,
92.684,8241,8153,8177,
92.694,8235,8186,8180,
92.702,8235,8193,8185,
92.715,8227,8204,8180,
92.724,8217,8206,8180,
92.735,8203,8201,8174,
92.745,8198,8209,8185,
92.753,8192,8212,8182,
92.764,8188,8212,8180,
92.774,8188,8209,8180,
92.782,8179,8209,8174,
92.794,8160,8212,8172,
92.803,8155,8224,8180,
92.815,8152,8209,8177,
92.823,8141,8217,8172,
92.834,8141,8214,8177,
92.842,8144,8222,8177,
92.853,8147,8219,8174,
92.865,8128,8212,8167,
92.872,8106,8212,8180,
92.883,8015,8173,8174,
92.894,8050,8201,8174,
92.905,8066,8232,8177,
92.913,8074,8217,8172,
92.924,8080,8227,8174,
92.933,8055,8204,8177,
92.945,8053,8217,8174,
92.954,8058,8247,8182,
92.963,8047,8212,8167,
92.973,8064,8227,8172,
92.985,8047,8227,8180,
92.994,8045,8222,8174,
93.005,8050,8247,8172,
93.013,8053,8224,8180,
93.025,8050,8217,8180,
93.033,8050,8239,8177,
93.045,8053,8222,8169,
93.055,8045,8214,8177,
93.066,8031,8212,8182,
93.074,8000,8188,8172,
93.086,7926,8168,8180,
93.093,7970,8181,8177,
93.102,7991,8278,8172,
93.116,7988,8201,8187,
93.124,7986,8239,8182,
93.134,7972,8232,8174,
93.145,7983,8242,8182,
93.154,7978,8222,8172,
93.164,7986,8237,8182,
93.174,8003,8227,8172,
93.182,7998,8247,8187,
93.194,7988,8263,8169,
93.205,7953,8263,8172,
93.214,7970,8227,8174,
93.224,7961,8263,8167,
93.235,7978,8222,8182,
93.243,7967,8217,8163,
93.252,7970,8232,8154,
93.263,7951,8222,8167,
93.274,7904,8224,8180,
93.283,7804,8214,8177,
93.293,7854,8232,8177,
93.303,7881,8268,8169,
93.313,7918,8263,8172,
93.324,7932,8224,8174,
93.335,7923,8232,8169,
93.341,7904,8245,8169,
93.354,7948,8237,8172,
93.363,7942,8237,8174,
93.374,7940,8281,8172,
93.385,7980,8230,8169,
93.395,7945,8230,8182,
93.404,7932,8239,8169,
93.414,7970,8250,8174,
93.424,7980,8239,8167,
93.433,7995,8247,8177,
93.442,7972,8237,8177,
93.454,7964,8263,8172,
93.463,7951,8212,8185,
93.473,7906,8252,8167,
93.482,7824,8201,8187,
93.493,7854,8230,8174,
93.504,7904,8252,8180,
93.513,7932,8230,8169,
93.522,7934,8237,8172,
93.535,7921,8268,8177,
93.543,7940,8242,8177,
93.553,7912,8224,8177,
93.564,7951,8222,8180,
93.575,7961,8224,8174,
93.587,7942,8219,8174,
93.593,7967,8227,8180,
93.604,7972,8257,8180,
93.613,7932,8252,8174,
93.623,7961,8263,8187,
93.636,7972,8255,8172,
93.643,7923,8245,8182,
93.653,7948,8239,8167,
93.662,7929,8206,8167,
93.673,7895,8137,8172,
93.682,7799,8219,8177,
93.694,7838,8242,8182,
93.706,7873,8260,8174,
93.713,7912,8278,8172,
93.722,7921,8260,8167,
93.731,7893,8239,8192,
93.742,7898,8247,8163,
93.752,7926,8257,8177,
93.763,7915,8247,8177,
93.773,7932,8230,8172,
93.78,7932,8230,8180,
93.793,7972,8252,8172,
93.803,7940,8257,8174,
93.812,7945,8242,8169,
93.824,7926,8230,8182,
93.833,7937,8276,8172,
93.841,7942,8227,8174,
93.852,7937,8265,8169,
93.864,7932,8252,8172,
93.874,7926,8227,8182,
93.882,7832,8199,8172,
93.893,7875,8199,8177,
93.902,7915,8219,8182,
93.911,7948,8281,8177,
93.922,7959,8239,8182,
93.933,7932,8224,8177,
93.944,7915,8224,8169,
93.953,7923,8242,8177,
93.964,7951,8232,8187,
93.974,7937,8245,8177,
93.982,7934,8242,8180,
93.991,7956,8227,8180,
94.005,7942,8230,8172,
94.012,7942,8219,8169,
94.023,7964,8245,8172,
94.032,7953,8263,8167,
94.042,7926,8257,8172,
94.053,7937,8232,8177,
94.062,7940,8273,8177,
94.071,7862,8239,8180,
94.083,7804,8183,8177,
94.094,7848,8217,8169,
94.1,7904,8265,8180,
94.113,7912,8278,8180,
94.122,7929,8224,8174,
94.13,7921,8232,8182,
94.143,7934,8214,8172,
94.151,7942,8278,8180,
94.163,7926,8227,8169,
94.172,7937,8239,8182,
94.182,7951,8239,8177,
94.19,7945,8242,8177,
94.201,7951,8232,8177,
94.21,7956,8245,8172,
94.221,7940,8278,8169,
94.232,7948,8247,8169,
94.24,7951,8252,8172,
94.254,7980,8222,8180,
94.263,7948,8222,8174,
94.274,7929,8183,8177,
94.282,7848,8242,8172,
94.29,7865,8219,8174,
94.304,7906,8270,8182,
94.311,7934,8255,8180,
94.321,7942,8242,8174,
94.332,7937,8212,8172,
94.341,7959,8206,8180,
94.353,7951,8263,8174,
94.362,7967,8232,8177,
94.373,7961,8268,8180,
94.382,7961,8245,8180,
94.393,7986,8217,8174,
94.399,7967,8242,8174,
94.412,7956,8247,8174,
94.421,7975,8227,8177,
94.431,7988,8224,8172,
94.443,7991,8230,8169,
94.452,7991,8252,8174,
94.462,7978,8239,8172,
94.47,7934,8201,8180,
94.484,7870,8193,8185,
94.491,7918,8204,8180,
94.503,7948,8237,8187,
94.513,7991,8227,8172,
94.521,7970,8242,8167,
94.53,7967,8237,8177,
94.54,7980,8219,8177,
94.552,7978,8230,8169,
94.563,8007,8224,8172,
94.569,8020,8214,8177,
94.582,8007,8217,8174,
94.593,8042,8224,8177,
94.602,8053,8245,8172,
94.611,8026,8230,8174,
94.619,8077,8230,8163,
94.633,8080,8237,8185,
94.642,8061,8257,8177,
94.652,8053,8222,8172,
94.659,8074,8227,8185,
94.671,8050,8186,8174,
94.684,7942,8219,8182,
94.691,8009,8196,8177,
94.701,8028,8245,8163,
94.711,8066,8239,8177,
94.72,8050,8217,8167,
94.732,8069,8237,8172,
94.741,8066,8230,8174,
94.75,8083,8237,8177,
94.762,8092,8230,8174,
94.77,8094,8206,8180,
94.781,8109,8204,8190,
94.79,8088,8237,8182,
94.802,8125,8219,8174,
94.81,8114,8230,8187,
94.82,8131,8227,8180,
94.829,8131,8227,8177,
94.843,8125,8212,8177,
94.851,8144,8217,8172,
94.86,8139,8219,8180,
94.869,8133,8214,8172,
94.881,8077,8201,8177,
94.89,8125,8193,8177,
94.9,8171,8230,8177,
94.91,8174,8212,8177,
94.922,8152,8217,8177,
94.93,8155,8209,8172,
94.94,8160,8212,8174,
94.95,8168,8217,8174,
94.959,8166,8222,8174,
94.972,8160,8219,8172,
94.983,8177,8217,8177,
94.99,8163,8217,8174,
95.002,8163,8227,8172,
95.011,8163,8209,8174,
95.021,8177,8222,8180,
95.032,8168,8224,8177,
95.041,8188,8212,8177,
95.052,8182,8222,8174,
95.061,8188,8227,8174,
95.072,8177,8193,8169,
95.081,8150,8132,8172,
95.091,8179,8196,8185,
95.101,8177,8219,8174,
95.112,8198,8214,8177,
95.121,8200,8224,8177,
95.131,8200,8212,8185,
95.14,8214,8196,8177,
95.15,8230,8212,8180,
95.16,8225,8206,8180,
95.169,8238,8212,8174,
95.182,8241,8201,8180,
95.19,8244,8209,8182,
95.2,8254,8217,8180,
95.21,8260,8204,8177,
95.221,8260,8214,8185,
95.232,8265,8212,8174,
95.241,8271,8209,8185,
95.25,8273,8212,8182,
95.261,8283,8214,8185,
95.273,8271,8201,8177,
95.281,8249,8186,8172,
95.29,8265,8193,8182,
95.299,8271,8188,8182,
95.311,8273,8206,8185,
95.321,8271,8212,8185,
95.333,8273,8201,8185,
95.338,8273,8206,8185,
95.352,8279,8201,8182,
95.36,8283,8204,8182,
95.369,8283,8206,8185,
95.38,8276,8199,8182,
95.391,8283,8204,8180,
95.401,8285,8201,8182,
95.412,8296,8201,8185,
95.421,8304,8199,8185,
95.431,8310,8206,8190,
95.442,8320,8209,8185,
95.45,8326,8204,8187,
95.461,8337,8204,8187,
95.472,8334,8183,8177,
95.481,8334,8168,8177,
95.49,8350,8183,8190,
95.502,8347,8191,8190,
95.51,8361,8199,8190,
95.522,8364,8193,8195,
95.529,8361,8196,8190,
95.538,8358,8196,8195,
95.551,8361,8193,8192,
95.56,8361,8193,8195,
95.571,8361,8196,8195,
95.582,8361,8193,8195,
95.591,8366,8193,8195,
95.599,8364,8188,8192,
95.611,8361,8201,8192,
95.62,8361,8196,8192,
95.631,8358,8199,8195,
95.64,8361,8196,8192,
95.649,8361,8199,8192,
95.66,8358,8193,8192,
95.672,8356,8193,8192,
95.679,8353,8161,8180,
95.691,8347,8170,8192,
95.702,8345,8191,8192,
95.709,8345,8193,8195,
95.72,8350,8188,8192,
95.73,8350,8201,8198,
95.741,8347,8196,8192,
95.748,8353,8191,8190,
95.762,8356,8199,8198,
95.77,8356,8199,8192,
95.78,8358,8196,8195,
95.788,8358,8199,8198,
95.801,8361,8196,8198,
95.807,8358,8193,8195,
95.821,8361,8199,8192,
95.83,8366,8196,8195,
95.841,8364,8193,8195,
95.85,8364,8199,8195,
95.86,8361,8193,8192,
95.87,8366,8191,8187,
95.88,8356,8155,8174,
95.892,8353,8170,8187,
95.898,8350,8178,8190,
95.911,8350,8191,8190,
95.921,8356,8196,8195,
95.933,8353,8188,8192,
95.939,8353,8193,8190,
95.949,8358,8196,8190,
95.961,8356,8193,8195,
95.97,8361,8193,8195,
95.981,8361,8196,8198,
95.99,8364,8193,8192,
96.001,8364,8186,8192,
96.009,8358,8196,8195,
96.017,8361,8191,8192,
96.032,8358,8199,8195,
96.041,8361,8191,8192,
96.052,8364,8199,8192,
96.061,8361,8191,8190,
96.067,8358,8181,8185,
96.08,8358,8155,8180,
96.088,8353,8168,8187,
96.101,8345,8193,8192,
96.109,8350,8193,8190,
96.119,8350,8196,8190,
96.13,8353,8196,8192,
96.139,8353,8193,8195,
96.148,8356,8196,8195,
96.159,8358,8193,8192,
96.171,8358,8199,8198,
96.179,8358,8188,8195,
96.19,8358,8193,8192,
96.2,8358,8196,8192,
96.209,8364,8196,8195,
96.219,8361,8196,8192,
96.232,8358,8199,8190,
96.239,8364,8196,8187,
96.248,8358,8188,8192,
96.26,8361,8196,8192,
96.27,8356,8188,8185,
96.278,8347,8155,8172,
96.291,8339,8173,8180,
96.297,8339,8188,8187,
96.31,8339,8193,8190,
96.319,8345,8191,8192,
96.329,8345,8193,8190,
96.338,8347,8193,8195,
96.348,8345,8196,8195,
96.359,8350,8193,8192,
96.368,8353,8199,8195,
96.38,8356,8193,8192,
96.389,8353,8193,8192,
96.401,8358,8196,8195,
96.407,8361,8193,8198,
96.419,8361,8196,8195,
96.428,8358,8199,8192,
96.44,8361,8196,8192,
96.449,8358,8191,8192,
96.46,8366,8193,8192,
96.47,8358,8191,8187,
96.479,8350,8142,8177,
96.488,8350,8183,8182,
96.499,8342,8191,8192,
96.508,8347,8199,8192,
96.519,8345,8193,8190,
96.527,8345,8193,8192,
96.539,8350,8196,8190,
96.548,8353,8188,8195,
96.559,8350,8196,8192,
96.569,8353,8196,8192,
96.579,8353,8199,8190,
96.59,8356,8199,8190,
96.599,8356,8193,8190,
96.61,8358,8196,8190,
96.618,8361,8193,8192,
96.629,8361,8196,8192,
96.639,8356,8196,8192,
96.65,8364,8199,8192,
96.659,8358,8196,8187,
96.668,8356,8191,8180,
96.68,8350,8155,8177,
96.687,8345,8173,8187,
96.701,8347,8196,8187,
96.709,8353,8199,8192,
96.717,8353,8193,8190,
96.729,8353,8193,8192,
96.738,8356,8196,8190,
96.748,8358,8193,8190,
96.759,8356,8193,8195,
96.768,8358,8191,8190,
96.78,8358,8199,8192,
96.787,8356,8193,8190,
96.798,8356,8191,8190,
96.807,8358,8199,8192,
96.819,8353,8196,8192,
96.83,8361,8193,8192,
96.839,8356,8201,8187,
96.849,8358,8196,8192,
96.858,8361,8196,8190,
96.868,8361,8196,8187,
96.877,8353,8142,8180,
96.889,8350,8165,8190,
96.901,8350,8193,8192,
96.909,8350,8199,8190,
96.918,8350,8193,8190,
96.928,8347,8193,8190,
96.937,8353,8193,8192,
96.949,8353,8193,8190,
96.959,8358,8196,8192,
96.968,8358,8201,8192,
96.977,8364,8193,8187,
96.989,8358,8193,8195,
97,8358,8196,8195,
97.006,8361,8196,8195,
97.021,8358,8196,8195,
97.027,8358,8193,8195,
97.039,8361,8196,8190,
97.049,8356,8188,8195,
97.058,8361,8193,8192,
97.068,8358,8178,8190,
97.081,8342,8165,8180,
97.088,8342,8186,8190,
97.098,8337,8193,8192,
97.108,8342,8191,8190,
97.119,8347,8191,8192,
97.125,8345,8196,8192,
97.139,8345,8196,8192,
97.147,8347,8193,8195,
97.158,8353,8196,8195,
97.168,8350,8196,8195,
97.177,8353,8199,8192,
97.186,8358,8199,8195,
97.199,8356,8193,8195,
97.207,8361,8191,8195,
97.217,8358,8191,8192,
97.229,8358,8199,8195,
97.237,8358,8188,8190,
97.248,8358,8201,8190,
97.257,8361,8188,8190,
97.27,8356,8191,8187,
97.277,8356,8168,8177,
97.288,8345,8186,8180,
97.298,8342,8183,8190,
97.306,8345,8193,8190,
97.319,8347,8188,8187,
97.328,8345,8193,8190,
97.339,8353,8193,8192,
97.348,8350,8196,8190,
97.358,8350,8188,8187,
97.366,8356,8196,8190,
97.378,8358,8193,8192,
97.387,8356,8193,8190,
97.399,8356,8186,8190,
97.408,8356,8191,8195,
97.418,8356,8188,8187,
97.427,8358,8193,8190,
97.438,8358,8193,8190,
97.448,8358,8196,8190,
97.458,8353,8196,8192,
97.469,8356,8183,8187,
97.478,8345,8161,8180,
97.489,8337,8175,8187,
97.499,8331,8183,8192,
97.507,8342,8193,8198,
97.517,8345,8191,8192,
97.527,8347,8193,8195,
97.539,8350,8188,8195,
97.548,8353,8193,8192,
97.558,8356,8193,8195,
97.566,8356,8193,8192,
97.578,8353,8193,8192,
97.586,8356,8196,8190,
97.596,8358,8196,8190,
97.608,8358,8196,8190,
97.617,8358,8199,8192,
97.627,8358,8193,8192,
97.638,8361,8201,8192,
97.649,8364,8193,8187,
97.658,8366,8196,8190,
97.669,8358,8196,8185,
97.679,8347,8159,8177,
97.685,8342,8183,8190,
97.697,8339,8186,8187,
97.707,8345,8191,8190,
97.719,8350,8191,8192,
97.725,8350,8188,8190,
97.738,8347,8191,8190,
97.75,8353,8193,8192,
97.759,8353,8196,8190,
97.765,8353,8193,8192,
97.776,8353,8199,8190,
97.785,8356,8196,8190,
97.797,8356,8193,8187,
97.809,8356,8196,8195,
97.816,8356,8196,8187,
97.829,8361,8193,8192,
97.839,8358,8191,8195,
97.847,8356,8193,8190,
97.857,8361,8196,8187,
97.865,8353,8188,8190,
97.876,8350,8155,8177,
97.885,8345,8183,8187,
97.896,8342,8183,8190,
97.907,8345,8199,8187,
97.915,8347,8193,8192,
97.927,8350,8191,8192,
97.936,8345,8193,8192,
97.947,8350,8191,8190,
97.958,8350,8193,8190,
97.97,8353,8188,8190,
97.978,8356,8199,8190,
97.987,8356,8193,8192,
97.998,8358,8199,8192,
98.006,8361,8196,8195,
98.017,8361,8191,8192,
98.027,8361,8196,8192,
98.037,8358,8199,8190,
98.049,8364,8196,8195,
98.057,8356,8196,8190,
98.065,8358,8199,8187,
98.077,8350,8161,8180,
98.085,8345,8173,8190,
98.099,8337,8186,8190,
98.107,8347,8196,8195,
98.116,8353,8196,8195,
98.128,8350,8196,8192,
98.137,8353,8193,8192,
98.147,8350,8199,8195,
98.156,8350,8188,8198,
98.167,8356,8193,8192,
98.177,8356,8193,8192,
98.19,8356,8193,8190,
98.196,8358,8193,8187,
98.207,8361,8193,8195,
98.215,8361,8193,8192,
98.227,8364,8204,8192,
98.237,8366,8201,8192,
98.246,8364,8191,8190,
98.257,8358,8199,8187,
98.267,8358,8186,8190,
98.276,8347,8150,8185,
98.286,8337,8183,8190,
98.295,8337,8181,8195,
98.306,8342,8191,8192,
98.318,8342,8193,8192,
98.327,8342,8193,8190,
98.338,8347,8193,8192,
98.344,8350,8191,8192,
98.356,8347,8196,8192,
98.367,8347,8196,8195,
98.378,8356,8191,8190,
98.387,8347,8191,8190,
98.395,8356,8193,8190,
98.406,8356,8196,8190,
98.415,8358,8199,8195,
98.424,8361,8196,8190,
98.437,8361,8191,8187,
98.446,8361,8193,8190,
98.455,8356,8196,8195,
98.467,8356,8191,8185,
98.476,8347,8145,8180,
98.487,8342,8178,8190,
98.495,8339,8196,8182,
98.505,8342,8196,8192,
98.517,8347,8193,8192,
98.526,8347,8193,8192,
98.537,8353,8193,8190,
98.546,8347,8193,8185,
98.557,8358,8193,8190,
98.566,8361,8196,8190,
98.574,8356,8193,8190,
98.585,8356,8193,8192,
98.599,8358,8199,8192,
98.605,8364,8196,8192,
98.616,8361,8186,8192,
98.625,8361,8193,8192,
98.637,8358,8188,8192,
98.644,8361,8199,8195,
98.656,8361,8199,8190,
98.666,8358,8183,8180,
98.674,8353,8155,8180,
98.685,8345,8170,8185,
98.694,8339,8193,8190,
98.705,8345,8188,8192,
98.716,8347,8191,8190,
98.724,8347,8199,8192,
98.736,8350,8193,8192,
98.747,8353,8193,8192,
98.755,8353,8199,8195,
98.765,8353,8193,8192,
98.774,8356,8191,8192,
98.786,8358,8193,8192,
98.797,8358,8193,8192,
98.808,8358,8196,8190,
98.815,8364,8193,8192,
98.824,8356,8199,8192,
98.836,8358,8193,8192,
98.846,8361,8196,8192,
98.855,8358,8196,8192,
98.864,8353,8186,8185,
98.876,8339,8145,8174,
98.885,8337,8178,8185,
98.896,8334,8193,8190,
98.905,8342,8196,8198,
98.917,8345,8191,8195,
98.924,8345,8193,8192,
98.936,8350,8191,8192,
98.947,8347,8193,8190,
98.956,8353,8196,8195,
98.966,8356,8199,8198,
98.977,8353,8196,8192,
98.985,8356,8196,8195,
98.996,8356,8199,8195,
99.004,8356,8199,8195,
99.014,8356,8196,8190,
99.023,8358,8193,8187,
99.038,8356,8199,8192,
99.043,8358,8193,8195,
99.056,8361,8201,8190,
99.066,8358,8183,8185,
99.075,8342,8173,8177,
99.084,8342,8186,8187,
99.095,8331,8186,8190,
99.106,8342,8199,8187,
99.116,8347,8191,8190,
99.124,8347,8193,8192,
99.134,8347,8196,8190,
99.146,8350,8191,8187,
99.155,8350,8199,8190,
99.165,8356,8191,8190,
99.177,8356,8193,8190,
99.184,8358,8196,8190,
99.195,8356,8193,8195,
99.207,8358,8193,8195,
99.215,8361,8188,8192,
99.227,8361,8193,8195,
99.235,8364,8199,8195,
99.245,8358,8196,8192,
99.256,8361,8196,8190,
99.266,8356,8186,8187,
99.274,8347,8153,8177,
99.286,8339,8181,8187,
99.297,8334,8183,8192,
99.304,8342,8196,8192,
99.315,8342,8196,8192,
99.326,8339,8191,8190,
99.335,8345,8191,8192,
99.345,8347,8193,8192,
99.356,8353,8191,8190,
99.365,8350,8196,8198,
99.375,8358,8193,8192,
99.386,8358,8193,8195,
99.395,8358,8188,8192,
99.403,8356,8191,8192,
99.415,8356,8196,8195,
99.423,8358,8196,8192,
99.436,8364,8199,8195,
99.445,8358,8196,8192,
99.454,8361,8193,8195,
99.465,8356,8191,8190,
99.474,8350,8181,8182,
99.486,8339,8178,8185,
99.496,8337,8188,8195,
99.504,8345,8193,8192,
99.515,8350,8196,8192,
99.525,8347,8193,8190,
99.534,8347,8196,8190,
99.544,8353,8196,8190,
99.555,8353,8199,8195,
99.564,8353,8196,8190,
99.573,8353,8196,8190,
99.585,8356,8193,8190,
99.595,8356,8201,8190,
99.603,8353,8193,8187,
99.614,8356,8196,8198,
99.625,8358,8196,8192,
99.635,8361,8196,8192,
99.645,8361,8199,8198,
99.653,8361,8193,8195,
99.665,8356,8188,8187,
99.674,8342,8137,8180,
99.685,8345,8181,8190,
99.693,8339,8199,8192,
99.705,8350,8196,8192,
99.714,8347,8193,8192,
99.724,8350,8193,8187,
99.734,8350,8201,8190,
99.743,8350,8186,8190,
99.753,8350,8196,8187,
99.765,8350,8191,8190,
99.774,8358,8196,8192,
99.783,8361,8193,8190,
99.797,8361,8201,8195,
99.804,8361,8196,8190,
99.815,8364,8191,8195,
99.824,8364,8193,8192,
99.835,8364,8196,8195,
99.846,8361,8196,8195,
99.852,8361,8196,8192,
99.862,8361,8186,8185,
99.873,8350,8161,8180,
99.886,8347,8168,8190,
99.894,8342,8191,8192,
99.905,8345,8193,8190,
99.916,8345,8196,8192,
99.924,8347,8193,8192,
99.935,8350,8196,8192,
99.944,8347,8193,8195,
99.953,8353,8199,8195,
99.964,8353,8193,8195,
99.974,8356,8199,8192,
99.984,8358,8193,8192,
99.996,8358,8196,8195,
100.002,8358,8196,8195,
100.014,8356,8196,8190,
100.026,8356,8191,8190,
100.032,8358,8193,8192,
100.043,8358,8196,8195,
100.055,8356,8201,8195,
100.065,8350,8186,8185,
100.074,8345,8159,8177,
100.085,8339,8173,8187,
100.094,8334,8183,8192,
100.104,8347,8193,8190,
100.113,8350,8196,8190,
100.125,8350,8188,8192,
100.132,8350,8191,8192,
100.143,8356,8193,8195,
100.155,8356,8196,8195,
100.163,8356,8193,8195,
100.173,8361,8193,8192,
100.184,8358,8191,8192,
100.195,8356,8193,8198,
100.203,8358,8193,8198,
100.214,8361,8196,8192,
100.224,8361,8199,8190,
100.234,8358,8191,8192,
100.244,8358,8196,8195,
100.256,8364,8199,8192,
100.266,8358,8186,8187,
100.275,8345,8150,8177,
100.284,8342,8181,8190,
100.295,8339,8193,8190,
100.303,8342,8186,8192,
100.314,8347,8191,8187,
100.325,8347,8196,8192,
100.333,8353,8193,8190,
100.345,8353,8196,8192,
100.355,8353,8196,8187,
100.364,8353,8196,8187,
100.373,8356,8193,8190,
100.384,8356,8193,8190,
100.393,8358,8193,8192,
100.402,8358,8196,8190,
100.411,8358,8196,8192,
100.425,8358,8199,8198,
100.434,8358,8193,8192,
100.444,8361,8193,8195,
100.453,8358,8191,8195,
100.462,8353,8186,8187,
100.473,8345,8150,8174,
100.485,8339,8178,8182,
100.493,8334,8181,8192,
100.504,8339,8191,8190,
100.513,8342,8193,8190,
100.523,8339,8193,8198,
100.532,8339,8193,8187,
100.541,8347,8196,8192,
100.554,8353,8199,8195,
100.563,8350,8196,8192,
100.574,8353,8193,8187,
100.585,8356,8193,8190,
100.591,8353,8199,8192,
100.605,8358,8193,8190,
100.613,8361,8196,8192,
100.624,8358,8191,8190,
100.632,8356,8196,8187,
100.642,8353,8201,8190,
100.651,8358,8201,8192,
100.665,8356,8178,8187,
100.671,8350,8142,8177,
100.681,8342,8183,8182,
100.694,8334,8193,8187,
100.702,8339,8199,8195,
100.712,8339,8191,8190,
100.725,8345,8196,8190,
100.733,8353,8196,8195,
100.745,8350,8191,8195,
100.753,8353,8193,8190,
100.763,8358,8196,8192,
100.774,8356,8196,8195,
100.784,8358,8196,8195,
100.792,8361,8193,8192,
100.8,8358,8196,8195,
100.814,8358,8186,8192,
100.824,8358,8193,8192,
100.832,8356,8193,8190,
100.843,8356,8199,8192,
100.853,8358,8196,8192,
100.863,8353,8188,8190,
100.872,8345,8170,8174,
100.882,8342,8181,8190,
100.891,8339,8188,8190,
100.903,8345,8199,8195,
100.912,8345,8193,8192,
100.923,8347,8196,8190,
100.935,8350,8191,8192,
100.943,8356,8196,8192,
100.951,8356,8193,8190,
100.961,8353,8199,8195,
100.973,8356,8193,8190,
100.982,8353,8183,8187,
100.993,8356,8193,8190,
101.003,8361,8196,8195,
101.013,8361,8196,8187,
101.025,8361,8196,8192,
101.034,8361,8196,8190,
101.044,8356,8196,8192,
101.05,8358,8196,8192,
101.062,8350,8188,8185,
101.073,8345,8148,8172,
101.083,8342,8173,8190,
101.093,8337,8201,8192,
101.102,8350,8196,8190,
101.115,8350,8193,8195,
101.122,8350,8191,8190,
101.134,8356,8193,8192,
101.144,8356,8196,8198,
101.153,8364,8193,8192,
101.163,8361,8201,8192,
101.174,8358,8191,8192,
101.183,8358,8196,8195,
101.193,8356,8193,8195,
101.203,8358,8193,8195,
101.212,8358,8193,8195,
101.222,8358,8191,8192,
101.232,8356,8199,8195,
101.244,8356,8196,8195,
101.254,8358,8196,8190,
101.262,8361,8196,8190,
101.272,8350,8170,8177,
101.283,8342,8181,8185,
101.291,8334,8193,8192,
101.302,8345,8199,8192,
101.313,8347,8191,8192,
101.322,8347,8193,8190,
101.333,8347,8193,8187,
101.343,8353,8193,8190,
101.352,8353,8193,8190,
101.362,8356,8196,8195,
101.374,8356,8196,8187,
101.382,8364,8201,8192,
101.393,8361,8191,8195,
101.401,8361,8193,8190,
101.412,8358,8196,8190,
101.423,8361,8199,8195,
101.432,8364,8193,8190,
101.441,8366,8191,8192,
101.451,8361,8196,8192,
101.462,8353,8183,8185,
101.473,8342,8161,8174,
101.482,8339,8181,8190,
101.492,8337,8191,8190,
101.501,8345,8188,8190,
101.51,8342,8191,8187,
101.52,8345,8188,8187,
101.53,8342,8193,8195,
101.544,8353,8199,8190,
101.551,8350,8193,8192,
101.562,8350,8193,8187,
101.572,8356,8188,8190,
101.582,8358,8193,8192,
101.593,8364,8201,8195,
101.603,8356,8196,8190,
101.612,8361,8196,8190,
101.623,8358,8196,8192,
101.634,8361,8191,8195,
101.643,8358,8199,8195,
101.652,8361,8196,8192,
101.662,8358,8193,8185,
101.67,8345,8155,8177,
101.684,8342,8186,8182,
101.69,8337,8186,8187,
101.702,8345,8196,8190,
101.713,8345,8193,8185,
101.721,8347,8191,8192,
101.733,8347,8193,8195,
101.742,8353,8196,8190,
101.75,8350,8193,8192,
101.764,8353,8193,8195,
101.771,8356,8193,8192,
101.781,8358,8196,8195,
101.79,8358,8193,8200,
101.802,8361,8196,8192,
101.81,8361,8196,8198,
101.821,8364,8193,8198,
101.833,8361,8193,8192,
101.841,8358,8196,8195,
101.851,8361,8196,8192,
101.862,8356,8186,8185,
101.87,8339,8148,8174,
101.882,8339,8191,8187,
101.891,8334,8193,8187,
101.9,8342,8201,8190,
101.911,8350,8191,8185,
101.921,8345,8191,8187,
101.931,8350,8193,8192,
101.942,8353,8193,8187,
101.951,8356,8186,8192,
101.962,8353,8199,8190,
101.972,8353,8191,8195,
101.98,8358,8193,8192,
101.991,8356,8199,8195,
102.003,8356,8193,8195,
102.012,8364,8191,8190,
102.02,8361,8196,8192,
102.031,8361,8196,8198,
102.045,8356,8191,8195,
102.052,8358,8193,8198,
102.061,8350,8196,8195,
102.071,8345,8165,8180,
102.081,8337,8178,8185,
102.092,8334,8186,8187,
102.101,8342,8193,8190,
102.11,8345,8193,8187,
102.121,8347,8193,8190,
102.133,8345,8193,8190,
102.142,8353,8199,8190,
102.151,8353,8196,8195,
102.16,8356,8191,8192,
102.172,8353,8196,8190,
102.179,8353,8191,8192,
102.19,8353,8196,8192,
102.199,8361,8188,8192,
102.211,8356,8196,8195,
102.219,8356,8193,8192,
102.233,8358,8199,8190,
102.242,8364,8199,8192,
102.251,8358,8193,8192,
102.264,8350,8193,8190,
102.27,8342,8142,8172,
102.281,8339,8183,8187,
102.29,8339,8183,8190,
102.301,8345,8196,8190,
102.311,8347,8193,8187,
102.322,8347,8193,8195,
102.329,8353,8193,8190,
102.341,8350,8196,8192,
102.352,8353,8196,8192,
102.362,8353,8199,8192,
102.372,8356,8193,8192,
102.381,8356,8199,8187,
102.392,8358,8196,8192,
102.401,8358,8193,8192,
102.41,8358,8196,8192,
102.421,8356,8199,8192,
102.432,8358,8199,8192,
102.44,8358,8193,8190,
102.452,8358,8193,8192,
102.459,8358,8191,8190,
102.471,8345,8155,8177,
102.482,8339,8170,8187,
102.491,8339,8181,8192,
102.501,8342,8193,8192,
102.512,8350,8193,8187,
102.522,8350,8191,8192,
102.531,8353,8199,8190,
102.544,8353,8193,8192,
102.552,8353,8196,8190,
102.561,8358,8196,8192,
102.569,8361,8201,8192,
102.582,8361,8199,8187,
102.59,8356,8199,8192,
102.6,8358,8191,8190,
102.611,8361,8193,8190,
102.619,8358,8196,8195,
102.629,8361,8196,8192,
102.64,8364,8199,8192,
102.649,8361,8196,8190,
102.661,8353,8193,8187,
102.669,8353,8148,8177,
102.678,8342,8186,8182,
102.69,8331,8186,8192,
102.702,8339,8196,8190,
102.709,8339,8199,8190,
102.721,8339,8188,8190,
102.73,8342,8199,8185,
102.739,8345,8193,8192,
102.751,8342,8196,8190,
102.76,8347,8196,8190,
102.769,8347,8196,8192,
102.78,8350,8196,8190,
102.789,8353,8193,8190,
102.799,8350,8196,8187,
102.809,8350,8199,8187,
102.822,8350,8196,8192,
102.83,8353,8201,8190,
102.84,8356,8186,8190,
102.85,8358,8193,8192,
102.86,8347,8199,8180,
102.871,8337,8150,8177,
102.879,8331,8188,8185,
102.889,8329,8183,8192,
102.899,8339,8201,8195,
102.911,8339,8193,8190,
102.919,8345,8196,8195,
102.93,8347,8199,8190,
102.94,8347,8196,8192,
102.949,8350,8193,8185,
102.959,8353,8199,8190,
102.969,8358,8196,8190,
102.98,8358,8191,8192,
102.989,8356,8193,8195,
103,8361,8193,8198,
103.009,8361,8193,8195,
103.018,8364,8196,8195,
103.031,8366,8193,8195,
103.04,8366,8199,8198,
103.049,8364,8193,8195,
103.06,8361,8188,8190,
103.069,8353,8150,8177,
103.08,8345,8165,8192,
103.09,8345,8193,8195,
103.098,8353,8196,8195,
103.11,8358,8199,8190,
103.12,8356,8193,8195,
103.128,8358,8191,8195,
103.139,8356,8193,8192,
103.148,8353,8199,8198,
103.159,8350,8196,8195,
103.168,8358,8196,8195,
103.179,8361,8199,8195,
103.187,8358,8193,8192,
103.202,8361,8191,8195,
103.211,8358,8199,8192,
103.219,8364,8196,8192,
103.229,8361,8193,8195,
103.239,8364,8199,8192,
103.249,8361,8196,8195,
103.258,8361,8191,8185,
103.27,8350,8150,8177,
103.278,8347,8170,8192,
103.291,8347,8186,8190,
103.3,8350,8193,8190,
103.309,8350,8188,8192,
103.319,8350,8199,8192,
103.329,8356,8193,8190,
103.341,8361,8196,8195,
103.349,8358,8193,8190,
103.357,8358,8188,8195,
103.37,8358,8196,8192,
103.379,8358,8196,8198,
103.39,8366,8193,8195,
103.4,8369,8196,8198,
103.41,8369,8191,8192,
103.421,8364,8193,8195,
103.43,8369,8199,8195,
103.439,8372,8191,8195,
103.45,8369,8193,8192,
103.458,8366,8186,8190,
103.471,8350,8175,8172,
103.48,8350,8186,8192,
103.488,8342,8186,8192,
103.499,8353,8193,8192,
103.509,8350,8196,8195,
103.519,8353,8196,8192,
103.529,8350,8193,8192,
103.54,8353,8196,8195,
103.548,8353,8191,8192,
103.56,8350,8191,8192,
103.568,8353,8199,8195,
103.579,8358,8199,8192,
103.589,8356,8193,8192,
103.6,8358,8196,8192,
103.609,8361,8193,8190,
103.619,8361,8196,8192,
103.628,8358,8196,8192,
103.641,8361,8199,8195,
103.649,8361,8201,8192,
103.659,8356,8186,8180,
103.669,8347,8159,8174,
103.679,8339,8183,8182,
103.689,8342,8191,8190,
103.698,8347,8193,8190,
103.71,8350,8186,8187,
103.719,8356,8191,8192,
103.729,8358,8191,8192,
103.736,8366,8188,8192,
103.748,8369,8188,8192,
103.759,8372,8191,8192,
103.77,8372,8188,8200,
103.777,8382,8196,8198,
103.788,8387,8191,8198,
103.797,8390,8193,8195,
103.809,8390,8196,8192,
103.82,8398,8188,8195,
103.827,8393,8193,8198,
103.841,8393,8191,8195,
103.847,8366,8193,8192,
103.859,8364,8191,8192,
103.867,8353,8159,8177,
103.878,8345,8181,8182,
103.889,8329,8178,8190,
103.901,8337,8196,8192,
103.909,8337,8193,8190,
103.918,8339,8193,8192,
103.929,8345,8199,8198,
103.939,8342,8196,8195,
103.948,8345,8196,8192,
103.958,8350,8193,8192,
103.97,8350,8193,8192,
103.978,8350,8193,8195,
103.987,8353,8196,8195,
103.998,8350,8193,8192,
104.009,8350,8193,8190,
104.018,8345,8199,8192,
104.029,8356,8193,8195,
104.039,8353,8196,8192,
104.049,8353,8204,8198,
104.06,8347,8196,8187,
104.069,8334,8155,8177,
104.078,8329,8186,8190,
104.089,8326,8188,8192,
104.099,8337,8193,8192,
104.109,8342,8193,8192,
104.117,8342,8196,8190,
104.129,8345,8193,8190,
104.139,8345,8193,8187,
104.147,8347,8193,8185,
104.157,8347,8193,8195,
104.168,8353,8201,8192,
104.177,8353,8196,8190,
104.188,8353,8199,8192,
104.2,8353,8196,8192,
104.208,8356,8191,8190,
104.217,8356,8196,8190,
104.23,8358,8196,8195,
104.24,8358,8193,8187,
104.246,8356,8193,8192,
104.258,8356,8191,8190,
104.269,8345,8137,8174,
104.278,8345,8168,8187,
104.287,8342,8175,8187,
104.299,8347,8201,8190,
104.308,8353,8193,8190,
104.32,8347,8188,8192,
104.326,8350,8196,8192,
104.336,8356,8188,8192,
104.347,8356,8193,8192,
104.357,8358,8199,8195,
104.369,8356,8199,8195,
104.375,8361,8196,8195,
104.386,8358,8193,8195,
104.397,8361,8193,8195,
104.408,8356,8196,8195,
104.418,8358,8199,8190,
104.429,8358,8196,8190,
104.439,8356,8196,8187,
104.448,8353,8193,8190,
104.46,8342,8183,8185,
104.467,8320,8150,8172,
104.479,8312,8183,8177,
104.488,8315,8181,8190,
104.497,8320,8193,8190,
104.506,8320,8196,8187,
104.519,8312,8196,8187,
104.53,8320,8199,8190,
104.538,8329,8199,8187,
104.545,8331,8196,8192,
104.558,8329,8201,8190,
104.569,8323,8196,8185,
104.576,8315,8199,8187,
104.59,8315,8201,8187,
104.596,8318,8199,8190,
104.608,8326,8199,8190,
104.618,8329,8199,8187,
104.626,8337,8196,8190,
104.638,8339,8196,8190,
104.647,8337,8201,8190,
104.659,8334,8193,8185,
104.67,8329,8140,8177,
104.676,8334,8183,8182,
104.687,8331,8186,8190,
104.7,8345,8193,8192,
104.709,8347,8199,8192,
104.718,8350,8191,8185,
104.729,8356,8196,8192,
104.737,8356,8196,8192,
104.747,8353,8193,8190,
104.756,8353,8199,8190,
104.768,8358,8191,8190,
104.777,8358,8196,8187,
104.788,8358,8199,8195,
104.798,8358,8193,8192,
104.808,8364,8196,8192,
104.816,8364,8193,8190,
104.828,8361,8196,8192,
104.838,8364,8199,8192,
104.847,8361,8199,8192,
104.857,8361,8183,8187,
104.865,8347,8173,8177,
104.878,8345,8178,8182,
104.888,8342,8193,8192,
104.896,8347,8193,8187,
104.907,8347,8191,8192,
104.918,8347,8196,8192,
104.927,8350,8196,8190,
104.937,8350,8193,8192,
104.946,8356,8196,8195,
104.959,8356,8193,8195,
104.965,8356,8196,8195,
104.976,8356,8193,8198,
104.987,8358,8199,8190,
104.998,8358,8196,8198,
105.006,8358,8193,8195,
105.017,8358,8193,8195,
105.028,8361,8196,8190,
105.037,8361,8199,8192,
105.049,8356,8188,8195,
105.056,8353,8183,8187,
105.066,8342,8140,8177,
105.076,8334,8178,8182,
105.085,8331,8191,8190,
105.096,8337,8191,8192,
105.106,8345,8196,8192,
105.115,8342,8193,8195,
105.126,8339,8193,8190,
105.137,8345,8196,8192,
105.148,8345,8199,8190,
105.157,8345,8191,8192,
105.167,8345,8199,8195,
105.178,8347,8193,8190,
105.188,8350,8196,8190,
105.199,8353,8193,8192,
105.207,8353,8196,8192,
105.215,8358,8201,8192,
105.224,8358,8193,8192,
105.235,8358,8196,8192,
105.249,8361,8191,8192,
105.258,8353,8178,8182,
105.267,8339,8159,8177,
105.276,8334,8183,8180,
105.288,8331,8191,8192,
105.297,8334,8186,8192,
105.308,8339,8191,8192,
105.314,8342,8193,8190,
105.328,8339,8196,8187,
105.337,8342,8191,8187,
105.347,8347,8196,8190,
105.357,8347,8193,8192,
105.368,8390,8191,8198,
105.378,8409,8191,8200,
105.386,8442,8191,8200,
105.395,8490,8178,8205,
105.406,8546,8181,8216,
105.416,8586,8178,8221,
105.428,8611,8181,8221,
105.435,8622,8173,8231,
105.447,8624,8170,8228,
105.457,8650,8170,8223,
105.467,8705,8170,8203,
105.475,8699,8181,8223,
105.487,8659,8173,8241,
105.497,8650,8175,8228,
105.507,8647,8175,8231,
105.517,8644,8173,8235,
105.528,8642,8175,8235,
105.536,8650,8175,8231,
105.546,8642,8175,8231,
105.558,8642,8173,8231,
105.565,8635,8173,8241,
105.577,8624,8173,8238,
105.586,8622,8175,8238,
105.597,8622,8173,8226,
105.607,8619,8175,8231,
105.617,8624,8175,8223,
105.626,8619,8175,8228,
105.634,8613,8175,8228,
105.647,8619,8175,8235,
105.658,8659,8175,8216,
105.664,8750,8170,8208,
105.677,8661,8175,8235,
105.687,8635,8168,8231,
105.695,8611,8175,8231,
105.705,8619,8173,8228,
105.716,8605,8173,8228,
105.727,8613,8170,8228,
105.736,8608,8175,8226,
105.747,8603,8175,8223,
105.756,8600,8173,8231,
105.766,8592,8170,8226,
105.778,8594,8175,8223,
105.784,8592,8175,8228,
105.796,8594,8175,8223,
105.806,8597,8175,8228,
105.815,8594,8173,8226,
105.827,8597,8175,8231,
105.838,8592,8175,8223,
105.845,8589,8178,8228,
105.855,8642,8178,8213,
105.863,8718,8175,8200,
105.875,8639,8175,8228,
105.888,8600,8168,8226,
105.9,8594,8175,8226,
105.904,8594,8173,8226,
105.914,8586,8173,8223,
105.928,8589,8173,8226,
105.936,8592,8170,8231,
105.946,8589,8175,8226,
105.955,8584,8173,8228,
105.966,8589,8175,8223,
105.975,8589,8178,8226,
105.985,8594,8175,8223,
105.996,8594,8173,8228,
106.006,8594,8175,8223,
106.016,8594,8173,8228,
106.026,8589,8173,8226,
106.035,8589,8173,8223,
106.046,8600,8175,8218,
106.055,8653,8175,8205,
106.066,8769,8178,8200,
106.076,8689,8175,8221,
106.086,8627,8173,8226,
106.095,8600,8170,8228,
106.108,8592,8173,8226,
106.115,8597,8173,8226,
106.125,8592,8173,8223,
106.137,8594,8173,8223,
106.146,8586,8175,8221,
106.158,8589,8173,8223,
106.164,8581,8173,8226,
106.177,8578,8175,8228,
106.187,8576,8170,8223,
106.196,8578,8175,8221,
106.205,8578,8178,8218,
106.217,8578,8175,8223,
106.226,8578,8173,8221,
106.238,8581,8173,8226,
106.244,8589,8173,8221,
106.257,8653,8175,8210,
106.266,8777,8175,8192,
106.277,8730,8178,8210,
106.285,8603,8170,8235,
106.296,8586,8170,8226,
106.306,8576,8170,8221,
106.317,8567,8173,8218,
106.327,8562,8173,8221,
106.336,8558,8175,8221,
106.345,8567,8175,8221,
106.356,8556,8173,8221,
106.367,8556,8173,8223,
106.375,8558,8178,8218,
106.384,8562,8173,8218,
106.395,8553,8173,8226,
106.408,8562,8175,8216,
106.415,8553,8173,8223,
106.427,8549,8175,8221,
106.435,8553,8175,8216,
106.446,8546,8175,8218,
106.456,8592,8173,8213,
106.464,8686,8168,8192,
106.475,8670,8170,8213,
106.486,8567,8173,8226,
106.497,8553,8170,8221,
106.505,8541,8173,8221,
106.517,8538,8173,8221,
106.527,8536,8175,8218,
106.536,8541,8175,8218,
106.547,8544,8175,8218,
106.554,8546,8175,8216,
106.567,8546,8170,8218,
106.575,8541,8173,8221,
106.586,8538,8173,8221,
106.594,8536,8175,8216,
106.604,8530,8173,8216,
106.616,8527,8173,8218,
106.626,8525,8173,8218,
106.636,8525,8170,8218,
106.645,8533,8175,8216,
106.654,8565,8173,8200,
106.665,8691,8175,8185,
106.674,8632,8175,8200,
106.686,8541,8173,8218,
106.694,8533,8173,8213,
106.705,8525,8173,8216,
106.714,8530,8173,8213,
106.726,8525,8175,8213,
106.737,8527,8175,8218,
106.745,8527,8175,8213,
106.753,8525,8175,8216,
106.764,8525,8173,8216,
106.775,8527,8173,8216,
106.787,8536,8173,8216,
106.794,8533,8173,8216,
106.802,8533,8175,8213,
106.814,8533,8175,8216,
106.826,8541,8173,8213,
106.835,8533,8175,8218,
106.845,8541,8173,8218,
106.856,8581,8170,8205,
106.864,8707,8181,8182,
106.874,8680,8168,8203,
106.885,8567,8175,8221,
106.896,8525,8175,8216,
106.906,8525,8178,8210,
106.916,8522,8173,8216,
106.925,8522,8173,8210,
106.933,8522,8173,8216,
106.945,8519,8175,8213,
106.954,8519,8175,8216,
106.963,8522,8173,8218,
106.974,8522,8175,8218,
106.982,8525,8173,8216,
106.995,8525,8175,8213,
107.004,8530,8173,8213,
107.012,8522,8175,8216,
107.025,8519,8173,8216,
107.034,8525,8173,8218,
107.045,8522,8178,8213,
107.055,8549,8170,8205,
107.063,8605,8173,8185,
107.075,8573,8165,8210,
107.084,8519,8173,8213,
107.094,8511,8173,8210,
107.103,8511,8175,8216,
107.114,8522,8175,8216,
107.124,8517,8175,8216,
107.133,8517,8178,8213,
107.144,8519,8173,8216,
107.153,8517,8175,8216,
107.166,8517,8175,8213,
107.174,8519,8173,8216,
107.182,8519,8175,8213,
107.194,8517,8175,8218,
107.205,8517,8175,8218,
107.216,8522,8170,8221,
107.225,8517,8175,8216,
107.234,8519,8173,8213,
107.244,8525,8178,8213,
107.253,8549,8175,8205,
107.264,8589,8168,8195,
107.274,8565,8161,8198,
107.285,8514,8178,8218,
107.293,8509,8175,8210,
107.304,8509,8175,8213,
107.314,8509,8175,8213,
107.323,8509,8175,8216,
107.335,8506,8173,8213,
107.343,8509,8173,8213,
107.352,8506,8173,8216,
107.363,8506,8178,8216,
107.374,8509,8173,8210,
107.384,8509,8175,8218,
107.394,8506,8178,8210,
107.402,8503,8173,8213,
107.413,8509,8175,8213,
107.425,8503,8178,8213,
107.435,8506,8178,8216,
107.444,8514,8173,8210,
107.453,8527,8175,8205,
107.464,8558,8170,8192,
107.472,8565,8181,8218,
107.484,8495,8178,8213,
107.494,8492,8175,8210,
107.503,8492,8175,8208,
107.515,8498,8175,8210,
107.524,8495,8175,8210,
107.532,8500,8178,8210,
107.543,8500,8173,8208,
107.552,8500,8175,8210,
107.565,8500,8175,8210,
107.574,8500,8175,8210,
107.583,8500,8175,8213,
107.593,8500,8175,8208,
107.605,8500,8178,8210,
107.614,8498,8178,8205,
107.625,8492,8175,8210,
107.632,8498,8175,8213,
107.644,8500,8178,8208,
107.653,8519,8170,8195,
107.664,8538,8173,8180,
107.673,8500,8175,8200,
107.682,8479,8178,8205,
107.695,8479,8173,8208,
107.702,8479,8173,8208,
107.713,8484,8178,8208,
107.723,8490,8175,8208,
107.734,8487,8178,8208,
107.744,8490,8181,8208,
107.752,8490,8175,8210,
107.761,8490,8181,8208,
107.774,8490,8178,8208,
107.782,8492,8178,8210,
107.792,8490,8175,8208,
107.805,8490,8181,8210,
107.814,8490,8175,8210,
107.824,8495,8175,8210,
107.834,8487,8178,8208,
107.843,8492,8178,8205,
107.852,8506,8175,8205,
107.863,8522,8170,8182,
107.872,8509,8181,8192,
107.881,8473,8175,8210,
107.894,8473,8175,8205,
107.903,8479,8178,8210,
107.914,8479,8175,8208,
107.923,8476,8175,8213,
107.933,8479,8175,8205,
107.943,8479,8175,8208,
107.953,8479,8178,8203,
107.964,8484,8175,8208,
107.973,8484,8181,8210,
107.983,8484,8181,8203,
107.992,8481,8178,8208,
108.004,8481,8178,8208,
108.014,8484,8181,8210,
108.023,8484,8178,8210,
108.035,8487,8181,8210,
108.041,8492,8178,8205,
108.053,8503,8175,8205,
108.064,8514,8168,8187,
108.074,8487,8175,8203,
108.082,8471,8178,8203,
108.093,8468,8178,8208,
108.102,8476,8175,8208,
108.114,8476,8175,8203,
108.122,8476,8178,8208,
108.133,8479,8181,8208,
108.143,8476,8175,8205,
108.152,8481,8178,8203,
108.164,8479,8178,8210,
108.174,8479,8178,8205,
108.185,8476,8178,8208,
108.191,8481,8178,8205,
108.202,8479,8178,8205,
108.21,8476,8178,8210,
108.222,8476,8178,8208,
108.231,8479,8178,8208,
108.243,8476,8178,8208,
108.251,8487,8178,8203,
108.264,8503,8170,8185,
108.272,8479,8178,8195,
108.285,8452,8178,8208,
108.291,8455,8178,8203,
108.305,8461,8175,8203,
108.312,8458,8178,8205,
108.325,8458,8178,8205,
108.335,8458,8178,8205,
108.341,8452,8181,8205,
108.353,8455,8178,8203,
108.362,8458,8181,8203,
108.374,8452,8178,8208,
108.38,8455,8181,8203,
108.394,8450,8181,8203,
108.405,8447,8181,8203,
108.413,8450,8181,8203,
108.421,8447,8181,8208,
108.432,8444,8181,8205,
108.443,8447,8183,8203,
108.452,8455,8170,8195,
108.461,8461,8170,8182,
108.471,8439,8178,8195,
108.48,8417,8181,8205,
108.49,8428,8178,8208,
108.504,8425,8181,8203,
108.51,8423,8178,8203,
108.522,8423,8183,8200,
108.532,8428,8181,8200,
108.543,8425,8188,8200,
108.552,8423,8183,8203,
108.563,8428,8181,8198,
108.571,8431,8181,8200,
108.583,8433,8183,8198,
108.592,8431,8181,8200,
108.601,8431,8183,8198,
108.613,8428,8181,8203,
108.623,8428,8186,8203,
108.631,8428,8186,8203,
108.641,8433,8183,8200,
108.654,8442,8175,8192,
108.664,8439,8170,8185,
108.672,8420,8183,8195,
108.68,8417,8186,8200,
108.69,8417,8181,8198,
108.702,8420,8181,8200,
108.711,8420,8183,8200,
108.72,8423,8186,8198,
108.732,8420,8183,8198,
108.742,8423,8183,8203,
108.751,8420,8183,8198,
108.76,8420,8181,8200,
108.771,8420,8183,8200,
108.781,8420,8183,8200,
108.791,8423,8183,8200,
108.803,8417,8178,8200,
108.812,8417,8181,8195,
108.823,8420,8186,8200,
108.832,8417,8183,8200,
108.842,8420,8183,8200,
108.853,8423,8178,8195,
108.863,8425,8175,8182,
108.871,8417,8186,8198,
108.882,8412,8181,8200,
108.891,8412,8183,8198,
108.903,8406,8183,8192,
108.911,8409,8181,8198,
108.92,8412,8186,8200,
108.932,8417,8183,8198,
108.942,8414,8186,8198,
108.953,8414,8186,8198,
108.961,8414,8186,8198,
108.972,8417,8188,8200,
108.981,8414,8186,8198,
108.993,8412,8183,8203,
109.001,8406,8191,8198,
109.012,8406,8183,8200,
109.02,8406,8186,8200,
109.032,8406,8186,8198,
109.042,8406,8186,8195,
109.053,8412,8183,8190,
109.06,8409,8161,8185,
109.073,8401,8170,8195,
109.081,8398,8183,8195,
109.09,8401,8193,8200,
109.1,8404,8188,8200,
109.113,8401,8183,8200,
109.119,8404,8196,8200,
109.132,8404,8188,8198,
109.142,8404,8188,8198,
109.151,8401,8188,8198,
109.159,8406,8191,8198,
109.17,8401,8188,8198,
109.182,8398,8186,8198,
109.191,8398,8188,8198,
109.202,8401,8183,8198,
109.212,8398,8188,8192,
109.222,8393,8183,8198,
109.23,8398,8186,8198,
109.242,8398,8188,8195,
109.251,8398,8183,8187,
109.261,8390,8161,8180,
109.27,8379,8175,8185,
109.28,8372,8183,8195,
109.289,8377,8186,8192,
109.3,8379,8188,8198,
109.313,8382,8191,8198,
109.319,8379,8188,8192,
109.331,8385,8186,8195,
109.342,8382,8183,8195,
109.353,8385,8193,8198,
109.361,8379,8186,8192,
109.369,8385,8191,8195,
109.381,8387,8186,8195,
109.394,8385,8188,8192,
109.401,8382,8186,8190,
109.41,8385,8193,8198,
109.419,8382,8188,8195,
109.431,8387,8188,8192,
109.441,8387,8186,8195,
109.449,8382,8183,8190,
109.459,8379,8159,8177,
109.471,8364,8178,8187,
109.481,8366,8186,8190,
109.491,8372,8186,8192,
109.501,8369,8191,8195,
109.513,8372,8193,8195,
109.522,8372,8188,8195,
109.53,8372,8188,8198,
109.542,8377,8188,8195,
109.552,8377,8191,8198,
109.562,8377,8188,8195,
109.57,8382,8193,8195,
109.58,8379,8191,8195,
109.591,8377,8188,8195,
109.603,8379,8196,8198,
109.611,8379,8193,8195,
109.62,8377,8191,8195,
109.631,8377,8191,8195,
109.64,8377,8196,8192,
109.651,8372,8188,8190,
109.662,8366,8150,8177,
109.671,8361,8178,8185,
109.68,8358,8186,8192,
109.692,8361,8186,8192,
109.701,8364,8188,8192,
109.71,8361,8188,8192,
109.72,8364,8188,8195,
109.729,8364,8186,8195,
109.74,8364,8188,8195,
109.751,8369,8196,8195,
109.763,8364,8193,8190,
109.769,8369,8191,8192,
109.781,8364,8191,8190,
109.79,8364,8188,8192,
109.799,8366,8191,8195,
109.811,8364,8193,8190,
109.82,8366,8191,8192,
109.83,8364,8188,8192,
109.839,8372,8193,8198,
109.852,8369,8186,8190,
109.861,8369,8142,8177,
109.87,8366,8186,8185,
109.88,8358,8188,8192,
109.89,8366,8183,8190,
109.898,8366,8191,8190,
109.91,8364,8186,8192,
109.921,8364,8188,8192,
109.93,8369,8193,8192,
109.941,8364,8191,8192,
109.952,8364,8191,8192,
109.96,8361,8193,8192,
109.97,8364,8196,8192,
109.982,8364,8191,8192,
109.991,8364,8188,8190,
110,8366,8188,8190,
110.009,8366,8191,8192,
110.019,8369,8193,8192,
110.032,8377,8191,8192,
110.038,8372,8196,8192,
110.051,8372,8183,8187,
110.063,8369,8155,8185,
110.07,8366,8165,8190,
110.082,8361,8191,8187,
110.089,8366,8196,8187,
110.099,8364,8188,8195,
110.11,8364,8188,8195,
110.122,8366,8191,8195,
110.128,8364,8196,8195,
110.142,8358,8193,8195,
110.152,8361,8188,8195,
110.16,8364,8193,8195,
110.171,8364,8193,8192,
110.179,8366,8196,8195,
110.192,8364,8193,8192,
110.199,8364,8188,8198,
110.209,8366,8193,8192,
110.219,8366,8196,8195,
110.228,8369,8193,8198,
110.24,8369,8196,8192,
110.25,8366,8183,8187,
110.26,8358,8137,8177,
110.27,8356,8173,8187,
110.278,8356,8188,8192,
110.29,8361,8191,8190,
110.3,8361,8188,8190,
110.31,8358,8196,8195,
110.318,8364,8196,8195,
110.333,8364,8188,8192,
110.34,8361,8193,8195,
110.348,8361,8193,8192,
110.363,8361,8196,8198,
110.369,8358,8193,8190,
110.379,8364,8191,8195,
110.387,8364,8193,8195,
110.401,8361,8193,8192,
110.41,8364,8191,8192,
110.42,8361,8193,8198,
110.428,8361,8191,8190,
110.441,8366,8196,8192,
110.45,8364,8178,8187,
110.46,8358,8168,8174,
110.47,8356,8178,8190,
110.479,8358,8183,8192,
110.489,8358,8191,8192,
110.498,8364,8191,8192,
110.509,8364,8193,8192,
110.52,8364,8188,8190,
110.532,8366,8191,8190,
110.539,8369,8188,8192,
110.55,8366,8196,8195,
110.558,8364,8196,8190,
110.57,8366,8196,8192,
110.581,8366,8193,8192,
110.59,8366,8188,8195,
110.598,8369,8191,8192,
110.61,8369,8196,8195,
110.619,8366,8188,8192,
110.63,8369,8193,8192,
110.638,8366,8196,8192,
110.648,8364,8186,8192,
110.66,8361,8173,8180,
110.669,8356,8183,8190,
110.677,8350,8188,8192,
110.687,8356,8204,8198,
110.699,8353,8193,8190,
110.71,8350,8191,8192,
110.72,8350,8191,8195,
110.727,8347,8193,8192,
110.741,8347,8193,8192,
110.748,8350,8196,8192,
110.757,8345,8193,8192,
110.769,8350,8196,8195,
110.78,8345,8196,8195,
110.789,8342,8199,8195,
110.799,8342,8191,8192,
110.807,8342,8201,8195,
110.82,8342,8191,8195,
110.831,8339,8196,8195,
110.837,8339,8196,8198,
110.848,8339,8186,8190,
110.859,8326,8145,8174,
110.869,8329,8186,8190,
110.88,8326,8193,8185,
110.89,8334,8199,8190,
110.901,8334,8199,8190,
110.907,8331,8196,8190,
110.918,8337,8199,8192,
110.929,8334,8191,8185,
110.937,8334,8196,8187,
110.949,8331,8193,8190,
110.957,8329,8191,8185,
110.969,8323,8193,8185,
110.98,8320,8193,8192,
110.99,8323,8201,8190,
110.999,8318,8204,8192,
111.009,8312,8201,8187,
111.018,8310,8196,8185,
111.03,8307,8201,8190,
111.04,8307,8204,8190,
111.048,8296,8186,8180,
111.061,8276,8165,8177,
111.067,8268,8186,8182,
111.078,8268,8191,8185,
111.088,8263,8193,8180,
111.1,8254,8201,8177,
111.108,8246,8204,8180,
111.117,8235,8212,8180,
111.13,8233,8204,8177,
111.138,8230,8201,8177,
111.146,8217,8217,8180,
111.159,8217,8206,8174,
111.17,8195,8206,8177,
111.179,8195,8217,8174,
111.188,8198,8214,8174,
111.201,8192,8206,8172,
111.21,8171,8219,8180,
111.222,8166,8209,8180,
111.23,8166,8214,8177,
111.239,8166,8212,8177,
111.249,8150,8183,8174,
111.258,8094,8161,8174,
111.269,8112,8186,8174,
111.278,8125,8193,8174,
111.287,8139,8227,8180,
111.298,8131,8206,8167,
111.31,8139,8224,8174,
111.32,8144,8217,8177,
111.327,8147,8214,8174,
111.336,8147,8222,8182,
111.347,8141,8224,8177,
111.355,8152,8217,8177,
111.368,8150,8219,8174,
111.379,8141,8222,8177,
111.39,8150,8227,8180,
111.398,8150,8219,8177,
111.408,8150,8196,8167,
111.416,8150,8209,8172,
111.428,8144,8217,8174,
111.44,8141,8212,8177,
111.448,8155,8206,8177,
111.459,8053,8178,8182,
111.468,8101,8204,8177,
111.479,8114,8209,8172,
111.489,8136,8217,8169,
111.498,8139,8224,8172,
111.51,8139,8204,8174,
111.518,8152,8224,8174,
111.527,8150,8212,8174,
111.537,8136,8214,8177,
111.55,8152,8224,8169,
111.559,8168,8204,8177,
111.569,8136,8227,8177,
111.577,8160,8209,8172,
111.591,8144,8206,8177,
111.597,8147,8212,8172,
111.608,8160,8204,8174,
111.616,8147,8222,8174,
111.628,8150,8209,8169,
111.638,8152,8212,8172,
111.648,8139,8199,8163,
111.656,8103,8142,8169,
111.669,8117,8217,8180,
111.679,8136,8227,8174,
111.688,8155,8214,8172,
111.699,8147,8212,8174,
111.707,8147,8209,8174,
111.718,8155,8204,8177,
111.729,8152,8209,8177,
111.737,8160,8206,8174,
111.748,8147,8209,8174,
111.758,8150,8219,8177,
111.77,8155,8219,8167,
111.78,8152,8219,8174,
111.786,8144,8212,8180,
111.799,8168,8217,8169,
111.808,8152,8217,8177,
111.819,8147,8204,8169,
111.826,8160,8230,8174,
111.837,8139,8217,8174,
111.848,8139,8170,8172,
111.857,8039,8199,8190,
111.869,8103,8209,8174,
111.877,8141,8212,8172,
111.891,8152,8222,8174,
111.897,8158,8209,8169,
111.908,8147,8214,8174,
111.918,8160,8209,8169,
111.927,8144,8212,8180,
111.937,8147,8219,8172,
111.949,8155,8206,8172,
111.958,8158,8204,8172,
111.971,8166,8214,8180,
111.979,8150,8227,8174,
111.987,8163,8212,8169,
111.997,8158,8217,8174,
112.007,8177,8222,8174,
112.019,8171,8217,8177,
112.028,8155,8209,8180,
112.039,8160,8201,8180,
112.045,8155,8196,8177,
112.056,8114,8199,8172,
112.068,8094,8219,8169,
112.078,8152,8217,8180,
112.086,8163,8214,8174,
112.097,8160,8214,8174,
112.107,8174,8206,8177,
112.118,8163,8201,8174,
112.127,8168,8214,8174,
112.137,8152,8224,8177,
112.147,8158,8214,8174,
112.158,8168,8232,8174,
112.167,8163,8214,8174,
112.175,8177,8219,8174,
112.187,8168,8217,8174,
112.196,8168,8214,8174,
112.208,8185,8227,8174,
112.216,8174,8222,8180,
112.228,8182,8222,8177,
112.237,8188,8214,8174,
112.249,8160,8155,8180,
112.255,8141,8186,8172,
112.266,8171,8193,8182,
112.279,8177,8206,8177,
112.289,8160,8212,8172,
112.296,8168,8201,8177,
112.308,8185,8209,8174,
112.319,8192,8201,8177,
112.329,8177,8222,8182,
112.335,8179,8212,8169,
112.346,8185,8224,8177,
112.357,8179,8214,8174,
112.367,8182,8206,8172,
112.378,8177,8212,8174,
112.388,8177,8204,8177,
112.399,8188,8219,8182,
112.407,8185,8212,8177,
112.417,8188,8224,8177,
112.427,8200,8230,8180,
112.436,8203,8217,8172,
112.447,8203,8193,8174,
112.457,8158,8161,8169,
112.465,8192,8188,8180,
112.476,8192,8204,8182,
112.486,8206,8212,8177,
112.495,8217,8209,8177,
112.506,8200,8212,8180,
112.516,8206,8217,8177,
112.526,8219,8219,8177,
112.537,8233,8201,8174,
112.546,8219,8212,8174,
112.555,8225,8224,8182,
112.568,8217,8212,8185,
112.576,8225,8212,8180,
112.588,8227,8201,8172,
112.597,8227,8212,8172,
112.608,8233,8206,8177,
112.615,8235,8212,8187,
112.627,8238,8206,8185,
112.638,8246,8204,8185,
112.648,8230,8196,8172,
112.658,8206,8148,8172,
112.665,8238,8170,8185,
112.676,8235,8199,8180,
112.687,8246,8214,8180,
112.697,8244,8209,8182,
112.707,8254,8204,8185,
112.715,8252,8204,8182,
112.727,8254,8209,8185,
112.736,8254,8201,8185,
112.747,8265,8206,8187,
112.758,8260,8209,8185,
112.765,8268,8206,8187,
112.777,8271,8209,8185,
112.786,8273,8204,8182,
112.796,8283,8209,8185,
112.808,8276,8206,8185,
112.817,8279,8209,8185,
112.827,8283,8209,8180,
112.836,8283,8206,8185,
112.846,8276,8183,8182,
112.854,8257,8150,8180,
112.867,8273,8181,8190,
112.877,8279,8206,8187,
112.886,8285,8204,8187,
112.896,8283,8204,8187,
112.905,8283,8209,8187,
112.915,8285,8201,8187,
112.927,8291,8204,8180,
112.936,8293,8204,8180,
112.946,8296,8199,8187,
112.954,8301,8206,8187,
112.965,8301,8204,8185,
112.977,8301,8199,8185,
112.985,8301,8204,8185,
112.998,8310,8206,8185,
113.007,8310,8199,8185,
113.018,8312,8212,8187,
113.025,8318,8201,8190,
113.037,8318,8196,8185,
113.045,8312,8175,8182,
113.057,8296,8150,8174,
113.066,8304,8186,8180,
113.075,8312,8193,8187,
113.085,8320,8196,8187,
113.096,8320,8199,8187,
113.105,8318,8201,8190,
113.117,8329,8193,8190,
113.126,8326,8193,8190,
113.136,8326,8196,8185,
113.146,8334,8196,8185,
113.156,8326,8201,8187,
113.165,8329,8201,8187,
113.177,8334,8199,8190,
113.186,8334,8199,8187,
113.195,8331,8201,8192,
113.205,8326,8199,8192,
113.216,8337,8199,8192,
113.226,8334,8201,8185,
113.236,8334,8199,8190,
113.247,8331,8183,8182,
113.254,8326,8145,8177,
113.265,8339,8170,8190,
113.276,8337,8183,8185,
113.285,8347,8193,8190,
113.294,8350,8193,8192,
113.305,8345,8193,8192,
113.317,8356,8196,8190,
113.325,8358,8199,8190,
113.336,8358,8199,8192,
113.344,8364,8196,8190,
113.356,8358,8196,8190,
113.365,8361,8201,8195,
113.375,8364,8193,8195,
113.385,8364,8196,8192,
113.397,8364,8196,8190,
113.405,8366,8191,8195,
113.416,8358,8196,8190,
113.426,8364,8199,8192,
113.437,8364,8196,8190,
113.447,8358,8191,8187,
113.457,8353,8155,8180,
113.467,8356,8170,8190,
113.476,8350,8186,8192,
113.488,8361,8193,8198,
113.496,8358,8188,8195,
113.506,8356,8191,8195,
113.515,8358,8186,8190,
113.526,8361,8193,8192,
113.536,8361,8196,8192,
113.546,8364,8193,8192,
113.554,8366,8191,8192,
113.566,8366,8193,8190,
113.575,8369,8196,8192,
113.585,8369,8196,8190,
113.595,8369,8199,8192,
113.605,8377,8196,8192,
113.616,8377,8186,8190,
113.625,8377,8193,8190,
113.636,8379,8199,8195,
113.645,8379,8183,8187,
113.659,8379,8155,8177,
113.666,8372,8178,8190,
113.676,8361,8196,8190,
113.685,8366,8199,8195,
113.696,8369,8186,8195,
113.705,8369,8193,8192,
113.716,8369,8193,8192,
113.725,8369,8193,8192,
113.735,8377,8193,8187,
113.744,8377,8193,8192,
113.754,8377,8193,8192,
113.766,8377,8193,8192,
113.775,8385,8191,8195,
113.784,8385,8191,8195,
113.793,8387,8193,8198,
113.804,8387,8186,8192,
113.816,8390,8186,8198,
113.825,8393,8183,8192,
113.835,8396,8186,8198,
113.845,8396,8186,8192,
113.855,8398,8191,8182,
113.866,8398,8181,8185,
113.874,8390,8186,8192,
113.884,8398,8178,8198,
113.893,8401,8183,8198,
113.905,8406,8183,8195,
113.914,8414,8193,8198,
113.926,8417,8188,8198,
113.936,8423,8181,8203,
113.944,8428,8181,8200,
113.955,8436,8181,8200,
113.965,8442,8186,8205,
113.975,8442,8191,8203,
113.984,8450,8186,8203,
113.995,8458,8178,8203,
114.005,8461,8181,8205,
114.013,8468,8181,8203,
114.025,8473,8181,8213,
114.033,8484,8186,8203,
114.044,8495,8181,8195,
114.053,8506,8165,8180,
114.065,8487,8181,8203,
114.074,8476,8183,8205,
114.088,8484,8178,8208,
114.094,8484,8181,8208,
114.104,8481,8181,8213,
114.115,8490,8183,8210,
114.126,8490,8178,8210,
114.135,8495,8178,8210,
114.147,8498,8178,8205,
114.154,8503,8173,8210,
114.167,8503,8175,8213,
114.173,8503,8175,8210,
114.184,8509,8181,8213,
114.193,8506,8178,8210,
114.206,8511,8175,8213,
114.214,8506,8178,8216,
114.225,8509,8178,8213,
114.236,8509,8175,8216,
114.246,8522,8173,8203,
114.255,8544,8170,8190,
114.262,8519,8181,8198,
114.274,8484,8175,8210,
114.285,8492,8178,8210,
114.296,8492,8175,8210,
114.302,8498,8175,8210,
114.314,8500,8175,8208,
114.325,8500,8175,8210,
114.335,8503,8175,8208,
114.345,8503,8175,8213,
114.354,8498,8175,8210,
114.363,8500,8173,8213,
114.375,8500,8175,8205,
114.386,8498,8173,8208,
114.395,8495,8173,8213,
114.406,8498,8175,8210,
114.415,8500,8178,8208,
114.425,8503,8173,8213,
114.433,8511,8175,8210,
114.445,8533,8173,8203,
114.452,8549,8173,8185,
114.465,8514,8165,8200,
114.473,8498,8181,8213,
114.482,8492,8178,8213,
114.495,8495,8178,8210,
114.503,8498,8175,8210,
114.514,8492,8181,8213,
114.523,8500,8178,8210,
114.533,8495,8178,8210,
114.544,8498,8178,8210,
114.553,8498,8178,8208,
114.564,8495,8178,8208,
114.574,8495,8175,8213,
114.583,8492,8175,8216,
114.594,8498,8175,8210,
114.603,8503,8175,8210,
114.613,8506,8175,8210,
114.622,8500,8175,8216,
114.635,8503,8175,8208,
114.645,8519,8173,8208,
114.653,8536,8170,8185,
114.662,8509,8178,8203,
114.675,8476,8178,8210,
114.682,8484,8175,8208,
114.693,8487,8178,8208,
114.702,8484,8175,8208,
114.714,8487,8178,8205,
114.722,8490,8173,8210,
114.734,8490,8175,8210,
114.745,8492,8175,8208,
114.753,8492,8178,8213,
114.763,8495,8175,8210,
114.774,8492,8178,8208,
114.785,8495,8175,8210,
114.795,8498,8175,8208,
114.806,8500,8173,8208,
114.813,8492,8173,8208,
114.825,8498,8181,8213,
114.833,8503,8173,8210,
114.845,8519,8173,8195,
114.852,8527,8168,8187,
114.863,8517,8201,8198,
114.877,8479,8175,8210,
114.885,8481,8181,8208,
114.893,8484,8175,8208,
114.902,8481,8175,8210,
114.917,8487,8178,8205,
114.924,8484,8178,8210,
114.934,8487,8178,8208,
114.944,8487,8178,8210,
114.952,8490,8173,8210,
114.963,8490,8175,8210,
114.974,8484,8175,8213,
114.986,8484,8178,8210,
114.992,8484,8181,8210,
115.003,8487,8178,8205,
115.013,8484,8178,8208,
115.021,8487,8175,8210,
115.034,8487,8175,8208,
115.044,8500,8181,8198,
115.053,8509,8170,8190,
115.063,8481,8181,8198,
115.072,8458,8178,8205,
115.081,8468,8173,8205,
115.094,8468,8175,8208,
115.104,8468,8178,8208,
115.113,8463,8181,8210,
115.121,8473,8178,8208,
115.133,8473,8181,8203,
115.143,8471,8181,8205,
115.152,8471,8175,8205,
115.164,8463,8181,8205,
115.174,8461,8181,8208,
115.183,8468,8178,8208,
115.192,8461,8183,8208,
115.203,8458,8178,8208,
115.212,8461,8181,8203,
115.224,8461,8178,8205,
115.233,8471,8178,8208,
115.244,8479,8181,8205,
115.254,8484,8168,8185,
115.262,8458,8183,8205,
115.273,8452,8178,8208,
115.282,8450,8181,8205,
115.293,8452,8181,8205,
115.304,8455,8183,8205,
115.314,8452,8181,8205,
115.32,8452,8178,8205,
115.331,8452,8178,8205,
115.345,8458,8181,8205,
115.354,8455,8181,8205,
115.365,8455,8178,8203,
115.37,8452,8183,8208,
115.381,8455,8183,8200,
115.392,8452,8181,8205,
115.402,8452,8181,8200,
115.413,8452,8181,8203,
115.422,8452,8178,8203,
115.432,8452,8183,8203,
115.443,8461,8175,8195,
115.453,8473,8173,8182,
115.464,8450,8168,8203,
115.473,8436,8175,8200,
115.482,8439,8183,8203,
115.49,8436,8181,8200,
115.504,8436,8181,8205,
115.513,8439,8178,8205,
115.523,8439,8181,8205,
115.534,8436,8183,8200,
115.543,8436,8178,8203,
115.554,8439,8181,8203,
115.564,8431,8186,8203,
115.573,8433,8181,8198,
115.582,8436,8186,8200,
115.593,8433,8183,8203,
115.602,8428,8181,8203,
115.613,8428,8183,8203,
115.623,8428,8178,8203,
115.631,8433,8183,8205,
115.642,8436,8175,8190,
115.653,8442,8170,8180,
115.663,8431,8178,8190,
115.671,8404,8178,8200,
115.683,8414,8181,8198,
115.693,8414,8178,8200,
115.703,8420,8183,8203,
115.713,8414,8181,8203,
115.72,8420,8181,8203,
115.731,8417,8186,8203,
115.744,8417,8183,8205,
115.752,8417,8178,8200,
115.763,8417,8186,8208,
115.772,8420,8183,8203,
115.783,8423,8186,8205,
115.793,8420,8181,8195,
115.802,8420,8178,8195,
115.813,8417,8186,8198,
115.823,8420,8183,8200,
115.831,8425,8181,8200,
115.84,8428,8175,8187,
115.853,8431,8159,8177,
115.864,8414,8188,8195,
115.873,8404,8181,8195,
115.882,8409,8186,8200,
115.893,8412,8183,8200,
115.902,8409,8183,8198,
115.912,8409,8186,8198,
115.92,8412,8186,8203,
115.931,8417,8183,8195,
115.941,8414,8183,8195,
115.954,8417,8186,8198,
115.96,8417,8186,8200,
115.973,8417,8186,8198,
115.982,8414,8188,8200,
115.991,8414,8188,8200,
116.002,8412,8183,8200,
116.012,8412,8183,8198,
116.02,8414,8186,8200,
116.032,8414,8186,8198,
116.041,8417,8181,8190,
116.052,8420,8175,8187,
116.06,8404,8175,8198,
116.072,8404,8183,8195,
116.082,8401,8186,8198,
116.092,8401,8183,8198,
116.101,8398,8186,8200,
116.11,8404,8188,8200,
116.124,8401,8186,8195,
116.13,8401,8193,8198,
116.141,8404,8186,8198,
116.154,8404,8186,8195,
116.162,8401,8186,8198,
116.172,8401,8188,8200,
116.181,8398,8186,8195,
116.192,8406,8186,8195,
116.201,8401,8186,8195,
116.213,8404,8183,8195,
116.219,8401,8188,8192,
116.23,8404,8186,8200,
116.241,8398,8181,8190,
116.254,8396,8159,8177,
116.26,8390,8186,8192,
116.273,8387,8193,8203,
116.281,8393,8183,8195,
116.291,8393,8188,8198,
116.302,8396,8188,8200,
116.31,8390,8188,8200,
116.321,8387,8186,8203,
116.331,8390,8188,8198,
116.342,8390,8193,8200,
116.351,8387,8191,8200,
116.36,8385,8193,8200,
116.373,8387,8188,8203,
116.383,8387,8188,8195,
116.391,8379,8191,8198,
116.401,8387,8186,8198,
116.411,8379,8196,8195,
116.421,8379,8186,8192,
116.43,8390,8188,8195,
116.441,8382,8183,8195,
116.451,8385,8135,8180,
116.464,8379,8175,8192,
116.47,8372,8186,8195,
116.48,8379,8199,8192,
116.492,8382,8186,8198,
116.502,8377,8191,8195,
116.511,8377,8186,8192,
116.521,8372,8188,8195,
116.531,8377,8186,8195,
116.543,8377,8191,8192,
116.553,8379,8188,8195,
116.562,8377,8191,8198,
116.571,8382,8196,8198,
116.581,8377,8186,8198,
116.591,8372,8191,8198,
116.601,8379,8193,8198,
116.61,8385,8188,8195,
116.621,8385,8191,8195,
116.631,8385,8193,8195,
116.641,8377,8183,8187,
116.652,8372,8161,8177,
116.662,8369,8178,8187,
116.671,8358,8186,8195,
116.681,8372,8183,8198,
116.69,8364,8191,8198,
116.7,8364,8191,8195,
116.711,8361,8188,8192,
116.723,8364,8199,8195,
116.73,8369,8193,8192,
116.742,8366,8199,8195,
116.753,8366,8196,8195,
116.761,8364,8196,8195,
116.771,8364,8196,8195,
116.78,8369,8199,8192,
116.791,8369,8196,8195,
116.804,8369,8199,8192,
116.809,8369,8199,8195,
116.819,8369,8196,8190,
116.831,8372,8199,8195,
116.84,8372,8186,8192,
116.854,8366,8148,8177,
116.86,8361,8178,8187,
116.873,8356,8178,8192,
116.88,8366,8193,8192,
116.892,8361,8193,8192,
116.899,8361,8188,8192,
116.91,8364,8188,8195,
116.922,8364,8193,8192,
116.932,8364,8188,8198,
116.939,8366,8193,8192,
116.949,8369,8196,8198,
116.96,8366,8191,8198,
116.969,8369,8196,8190,
116.981,8364,8196,8198,
116.99,8366,8188,8195,
117,8366,8193,8195,
117.012,8372,8193,8195,
117.02,8372,8188,8198,
117.031,8369,8186,8192,
117.04,8364,8186,8190,
117.052,8361,8148,8180,
117.063,8361,8175,8192,
117.069,8358,8196,8190,
117.081,8364,8191,8192,
117.09,8364,8188,8190,
117.099,8366,8186,8192,
117.111,8366,8191,8195,
117.12,8361,8199,8195,
117.131,8364,8186,8192,
117.14,8366,8193,8195,
117.15,8366,8196,8198,
117.16,8364,8193,8195,
117.169,8366,8196,8190,
117.18,8366,8193,8192,
117.191,8372,8193,8190,
117.202,8364,8196,8192,
117.21,8369,8191,8195,
117.221,8366,8196,8190,
117.23,8369,8199,8192,
117.239,8364,8183,8187,
117.252,8361,8153,8174,
117.262,8356,8155,8192,
117.272,8353,8193,8192,
117.282,8353,8186,8187,
117.29,8358,8193,8192,
117.302,8356,8191,8192,
117.311,8358,8188,8192,
117.321,8358,8193,8195,
117.33,8364,8188,8195,
117.339,8361,8193,8192,
117.351,8361,8196,8190,
117.362,8361,8193,8192,
117.371,8361,8196,8195,
117.38,8356,8193,8195,
117.389,8361,8193,8190,
117.402,8358,8193,8195,
117.408,8358,8193,8192,
117.419,8361,8196,8195,
117.43,8361,8193,8192,
117.439,8350,8183,8185,
117.45,8342,8150,8180,
117.46,8347,8188,8185,
117.469,8339,8186,8190,
117.478,8342,8188,8190,
117.492,8342,8191,8190,
117.5,8342,8193,8190,
117.51,8345,8193,8190,
117.519,8342,8196,8190,
117.532,8350,8188,8190,
117.538,8345,8193,8187,
117.548,8350,8196,8192,
117.56,8353,8196,8195,
117.571,8347,8201,8190,
117.58,8350,8193,8195,
117.589,8347,8196,8190,
117.601,8350,8196,8190,
117.611,8347,8196,8192,
117.622,8347,8193,8187,
117.63,8345,8193,8192,
117.638,8345,8191,8187,
117.65,8337,8170,8174,
117.661,8334,8181,8187,
117.67,8331,8188,8187,
117.681,8337,8191,8192,
117.691,8337,8196,8190,
117.704,8337,8193,8192,
117.709,8342,8191,8190,
117.722,8342,8196,8190,
117.728,8339,8201,8190,
117.739,8345,8196,8190,
117.75,8339,8193,8192,
117.758,8342,8193,8190,
117.771,8347,8191,8190,
117.78,8342,8193,8190,
117.788,8342,8193,8190,
117.797,8339,8201,8192,
117.808,8339,8188,8187,
117.82,8337,8204,8190,
117.829,8331,8196,8187,
117.838,8323,8186,8185,
117.85,8296,8159,8174,
117.861,8301,8183,8185,
117.869,8288,8188,8187,
117.879,8285,8193,8180,
117.887,8285,8193,8185,
117.898,8279,8199,8182,
117.911,8279,8199,8185,
117.92,8268,8204,8185,
117.93,8257,8204,8180,
117.939,8254,8209,8182,
117.95,8244,8209,8185,
117.962,8230,8212,8177,
117.968,8227,8214,8182,
117.979,8211,8212,8177,
117.987,8208,8209,8177,
118.001,8198,8201,8180,
118.007,8179,8214,8177,
118.021,8185,8206,8172,
118.032,8177,8212,8180,
118.04,8152,8183,8174,
118.046,8128,8145,8174,
118.06,8160,8186,8185,
118.069,8152,8212,8180,
118.081,8155,8214,8177,
118.089,8155,8217,8182,
118.101,8150,8219,8177,
118.111,8160,8219,8174,
118.119,8158,8206,8177,
118.128,8144,8212,8182,
118.139,8147,8209,8180,
118.148,8150,8214,8172,
118.16,8150,8196,8177,
118.169,8150,8227,8180,
118.18,8150,8217,8177,
118.19,8139,8201,8174,
118.199,8152,8212,8172,
118.211,8168,8219,8182,
118.218,8147,8219,8180,
118.23,8147,8227,8174,
118.239,8136,8212,8174,
118.249,8092,8170,8172,
118.261,8109,8209,8180,
118.268,8131,8227,8180,
118.279,8147,8219,8172,
118.29,8141,8201,8177,
118.301,8147,8217,8174,
118.308,8141,8212,8172,
118.317,8152,8214,8172,
118.33,8160,8214,8167,
118.339,8139,8219,8180,
118.347,8155,8209,8172,
118.356,8152,8212,8172,
118.367,8160,8212,8172,
118.381,8155,8217,8177,
118.387,8166,8230,8174,
118.398,8160,8209,8177,
118.407,8163,8209,8177,
118.42,8166,8214,8174,
118.429,8174,8230,8177,
118.439,8147,8201,8172,
118.45,8128,8140,8172,
118.46,8160,8196,8182,
118.469,8171,8217,8174,
118.477,8158,8239,8177,
118.488,8163,8209,8180,
118.497,8160,8217,8174,
118.509,8177,8212,8174,
118.519,8168,8217,8172,
118.527,8195,8217,8182,
118.539,8171,8214,8182,
118.548,8166,8222,8174,
118.559,8174,8214,8174,
118.57,8198,8217,8174,
118.578,8168,8222,8180,
118.589,8185,8219,8174,
118.598,8203,8201,8182,
118.609,8174,8214,8177,
118.619,8177,8206,8180,
118.627,8174,8212,8174,
118.637,8166,8178,8180,
118.649,8131,8199,8172,
118.659,8147,8201,8174,
118.67,8168,8227,8180,
118.68,8179,8204,8174,
118.686,8174,8214,8172,
118.699,8171,8212,8174,
118.709,8182,8206,8172,
118.718,8182,8212,8174,
118.728,8177,8230,8177,
118.74,8185,8214,8172,
118.746,8185,8209,8174,
118.757,8192,8219,8180,
118.769,8182,8209,8172,
118.778,8188,8209,8180,
118.789,8179,8214,8180,
118.8,8174,8214,8182,
118.808,8182,8214,8172,
118.816,8192,8201,8180,
118.829,8179,8212,8177,
118.837,8182,8196,8172,
118.849,8136,8165,8172,
118.858,8166,8201,8182,
118.869,8185,8199,8180,
118.878,8182,8217,8180,
118.889,8179,8217,8182,
118.899,8185,8206,8177,
118.908,8185,8219,8180,
118.918,8192,8214,8180,
118.927,8198,8212,8187,
118.939,8192,8209,8174,
118.945,8203,8224,8182,
118.959,8206,8212,8182,
118.968,8211,8209,8182,
118.978,8200,8209,8180,
118.988,8198,8214,8180,
118.998,8195,8212,8180,
119.005,8211,8219,8185,
119.019,8208,8214,8174,
119.025,8206,8212,8177,
119.04,8208,8183,8172,
119.048,8160,8140,8174,
119.057,8198,8191,8182,
119.067,8206,8209,8177,
119.077,8206,8219,8182,
119.087,8208,8219,8177,
119.098,8219,8214,8182,
119.109,8222,8212,8177,
119.115,8227,8217,8174,
119.126,8222,8209,8180,
119.137,8230,8209,8177,
119.148,8235,8219,8187,
119.159,8235,8209,8174,
119.166,8230,8204,8177,
119.178,8227,8212,8180,
119.189,8241,8201,8180,
119.198,8233,8217,8185,
119.209,8244,8204,8180,
119.217,8235,8230,8182,
119.227,8238,8206,8177,
119.238,8241,8183,8180,
119.245,8214,8170,8172,
119.259,8227,8186,8177,
119.265,8235,8209,8185,
119.277,8238,8206,8180,
119.285,8252,8214,8185,
119.297,8246,8199,8177,
119.307,8246,8201,8180,
119.317,8246,8209,8187,
119.326,8257,8206,8180,
119.337,8260,8204,8182,
119.351,8268,8209,8185,
119.357,8271,8204,8182,
119.367,8265,8206,8182,
119.377,8265,8212,8180,
119.386,8265,8209,8180,
119.399,8271,8199,8177,
119.407,8271,8206,8185,
119.416,8273,8209,8180,
119.427,8271,8209,8182,
119.437,8263,8175,8174,
119.446,8238,8168,8172,
119.455,8246,8188,8177,
119.469,8265,8201,8185,
119.477,8273,8193,8180,
119.487,8271,8206,8182,
119.496,8271,8199,8182,
119.508,8273,8201,8182,
119.518,8276,8209,8185,
119.531,8283,8199,8177,
119.538,8285,8206,8187,
119.546,8285,8212,8182,
119.559,8299,8206,8185,
119.569,8288,8206,8177,
119.578,8293,8201,8185,
119.588,8299,8201,8185,
119.596,8304,8206,8187,
119.607,8307,8201,8185,
119.616,8312,8204,8185,
119.626,8318,8199,8190,
119.638,8307,8191,8180,
119.649,8283,8148,8174,
119.658,8301,8183,8187,
119.67,8307,8193,8187,
119.676,8307,8193,8187,
119.688,8310,8199,8185,
119.698,8312,8204,8187,
119.71,8310,8204,8187,
119.716,8315,8201,8187,
119.727,8320,8196,8187,
119.738,8323,8196,8190,
119.747,8323,8201,8192,
119.754,8329,8193,8187,
119.767,8334,8199,8187,
119.776,8331,8201,8190,
119.788,8334,8196,8185,
119.799,8339,8193,8187,
119.807,8342,8199,8190,
119.816,8342,8196,8190,
119.828,8345,8201,8190,
119.837,8342,8186,8185,
119.846,8337,8150,8174,
119.858,8337,8170,8190,
119.866,8339,8196,8185,
119.875,8347,8199,8187,
119.886,8347,8196,8192,
119.895,8347,8193,8192,
119.908,8350,8196,8192,
119.916,8356,8193,8190,
119.924,8350,8193,8192,
119.936,8358,8201,8195,
119.945,8361,8201,8192,
119.957,8361,8201,8190,
119.965,8358,8196,8192,
119.976,8369,8193,8195,
119.988,8372,8199,8195,
119.997,8379,8199,8192,
120.007,8382,8196,8198,
120.017,8385,8196,8200,
120.027,8393,8193,8195,
120.036,8387,8186,8182,
120.048,8377,8142,8182,
120.054,8382,8186,8190,
120.064,8379,8188,8192,
120.077,8382,8188,8195,
120.09,8385,8188,8192,
120.094,8382,8191,8198,
120.106,8385,8188,8195,
120.115,8390,8188,8195,
120.128,8396,8188,8195,
120.135,8396,8191,8198,
120.147,8393,8188,8198,
120.156,8396,8191,8195,
120.166,8398,8191,8198,
120.175,8398,8188,8192,
120.186,8404,8186,8198,
120.194,8404,8186,8195,
120.204,8409,8191,8200,
120.219,8412,8186,8200,
120.228,8414,8183,8195,
120.237,8420,8186,8192,
120.247,8423,8178,8182,
120.256,8420,8178,8187,
120.266,8414,8188,8198,
120.274,8420,8191,8198,
120.286,8428,8181,8203,
120.296,8436,8183,8203,
120.304,8436,8183,8200,
120.315,8447,8186,8203,
120.325,8452,8181,8203,
120.336,8461,8186,8205,
120.345,8473,8181,8208,
120.357,8476,8175,8205,
120.365,8479,8181,8210,
120.378,8484,8183,8216,
120.385,8490,8178,8208,
120.396,8492,8181,8210,
120.407,8495,8178,8208,
120.416,8500,8181,8208,
120.427,8500,8178,8208,
120.434,8514,8175,8195,
120.447,8530,8168,8185,
120.455,8500,8181,8205,
120.466,8487,8175,8205,
120.476,8487,8175,8210,
120.488,8492,8175,8210,
120.494,8492,8175,8210,
120.505,8492,8175,8208,
120.519,8490,8175,8210,
120.525,8487,8175,8208,
120.536,8495,8181,8213,
120.546,8490,8175,8208,
120.557,8490,8175,8208,
120.564,8492,8178,8210,
120.577,8492,8175,8205,
120.586,8487,8175,8208,
120.596,8490,8178,8210,
120.604,8492,8175,8210,
120.617,8490,8175,8210,
120.623,8495,8175,8210,
120.635,8509,8175,8200,
120.644,8525,8168,8192,
120.653,8500,8183,8195,
120.664,8471,8175,8208,
120.674,8479,8173,8205,
120.685,8481,8178,8210,
120.694,8481,8175,8205,
120.706,8487,8175,8208,
120.715,8487,8175,8208,
120.726,8487,8178,8208,
120.734,8490,8178,8208,
120.746,8492,8178,8205,
120.755,8495,8175,8208,
120.768,8492,8178,8210,
120.774,8490,8175,8208,
120.786,8490,8178,8208,
120.798,8487,8178,8210,
120.806,8490,8181,8208,
120.816,8487,8178,8208,
120.826,8495,8178,8210,
120.837,8511,8175,8205,
120.843,8522,8170,8185,
120.856,8500,8175,8195,
120.865,8473,8175,8210,
120.875,8481,8181,8205,
120.887,8481,8173,8210,
120.895,8484,8178,8205,
120.905,8484,8178,8205,
120.914,8484,8175,8210,
120.923,8484,8175,8208,
120.936,8484,8178,8210,
120.945,8481,8178,8208,
120.954,8484,8175,8205,
120.963,8481,8181,8205,
120.975,8484,8178,8208,
120.986,8479,8178,8210,
120.997,8487,8175,8208,
121.005,8487,8178,8208,
121.016,8487,8175,8208,
121.025,8495,8178,8208,
121.034,8511,8175,8200,
121.045,8522,8170,8182,
121.055,8490,8178,8203,
121.065,8476,8178,8208,
121.074,8473,8175,8210,
121.086,8479,8175,8205,
121.096,8479,8173,8205,
121.104,8481,8178,8205,
121.116,8481,8178,8208,
121.123,8484,8178,8208,
121.136,8484,8178,8205,
121.145,8484,8175,8208,
121.157,8481,8178,8208,
121.163,8481,8181,8210,
121.174,8481,8178,8210,
121.185,8487,8178,8210,
121.195,8481,8178,8205,
121.203,8481,8178,8208,
121.215,8479,8178,8208,
121.225,8481,8178,8208,
121.236,8495,8178,8198,
121.243,8511,8168,8187,
121.254,8476,8175,8203,
121.264,8468,8173,8205,
121.276,8468,8178,8205,
121.286,8473,8175,8205,
121.294,8468,8178,8203,
121.304,8471,8178,8208,
121.314,8468,8178,8205,
121.325,8476,8175,8205,
121.335,8473,8178,8208,
121.344,8468,8181,8208,
121.356,8468,8181,8208,
121.366,8471,8178,8208,
121.374,8471,8181,8208,
121.385,8463,8183,8205,
121.395,8468,8178,8205,
121.404,8468,8183,8205,
121.415,8471,8178,8205,
121.423,8468,8178,8205,
121.434,8481,8178,8195,
121.445,8492,8168,8185,
121.455,8476,8175,8195,
121.463,8444,8175,8203,
121.476,8450,8175,8205,
121.484,8452,8178,8203,
121.494,8450,8178,8208,
121.504,8450,8181,8200,
121.513,8447,8178,8205,
121.523,8447,8181,8205,
121.534,8447,8181,8208,
121.544,8442,8181,8203,
121.554,8447,8183,8203,
121.565,8447,8178,8205,
121.574,8447,8181,8205,
121.582,8442,8181,8200,
121.594,8442,8183,8205,
121.605,8442,8183,8205,
121.614,8444,8181,8203,
121.626,8447,8181,8205,
121.635,8452,8173,8195,
121.644,8458,8173,8177,
121.654,8436,8175,8200,
121.666,8423,8186,8198,
121.675,8431,8183,8200,
121.684,8433,8181,8200,
121.695,8433,8181,8203,
121.703,8433,8183,8205,
121.715,8436,8183,8205,
121.724,8442,8181,8200,
121.735,8439,8181,8203,
121.745,8442,8186,8205,
121.755,8447,8181,8203,
121.763,8442,8181,8205,
121.773,8444,8178,8203,
121.786,8450,8183,8205,
121.795,8447,8191,8200,
121.807,8450,8183,8203,
121.814,8450,8183,8205,
121.823,8458,8186,8208,
121.835,8463,8183,8200,
121.843,8479,8178,8185,
121.852,8452,8181,8198,
121.865,8442,8175,8208,
121.876,8444,8183,8203,
121.883,8444,8178,8200,
121.895,8447,8183,8203,
121.904,8442,8178,8205,
121.914,8447,8181,8203,
121.926,8452,8181,8203,
121.934,8447,8175,8205,
121.943,8444,8183,8203,
121.952,8447,8183,8203,
121.963,8444,8175,8203,
121.973,8439,8181,8205,
121.985,8444,8183,8203,
121.995,8447,8181,8203,
122.004,8442,8181,8200,
122.012,8442,8181,8203,
122.025,8442,8181,8200,
122.033,8452,8181,8198,
122.045,8463,8175,8182,
122.051,8444,8175,8198,
122.064,8428,8183,8203,
122.073,8433,8181,8203,
122.083,8433,8178,8203,
122.094,8433,8183,8203,
122.105,8433,8181,8205,
122.113,8436,8183,8205,
122.123,8436,8181,8205,
122.134,8436,8181,8203,
122.143,8436,8181,8200,
122.152,8431,8183,8198,
122.163,8433,8186,8200,
122.173,8439,8183,8203,
122.183,8436,8183,8200,
122.192,8433,8186,8203,
122.203,8433,8183,8203,
122.214,8431,8186,8200,
122.221,8439,8183,8200,
122.234,8436,8181,8198,
122.243,8444,8170,8185,
122.254,8433,8181,8192,
122.265,8417,8178,8200,
122.275,8423,8181,8203,
122.281,8423,8186,8200,
122.292,8420,8186,8203,
122.303,8425,8183,8200,
122.313,8428,8186,8200,
122.324,8428,8181,8200,
122.333,8428,8181,8203,
122.343,8428,8186,8205,
122.353,8428,8183,8200,
122.363,8423,8186,8203,
122.373,8425,8186,8200,
122.383,8428,8181,8200,
122.396,8425,8183,8203,
122.403,8423,8186,8200,
122.414,8428,8181,8200,
122.425,8433,8181,8200,
122.435,8436,8181,8198,
122.443,8442,8168,8182,
122.452,8431,8170,8192,
122.464,8412,8181,8203,
122.474,8417,8183,8203,
122.482,8420,8183,8205,
122.493,8417,8178,8200,
122.503,8423,8183,8203,
122.513,8420,8181,8205,
122.523,8423,8181,8200,
122.532,8423,8188,8203,
122.541,8428,8183,8203,
122.552,8428,8186,8205,
122.563,8425,8181,8205,
122.572,8423,8183,8203,
122.581,8428,8183,8203,
122.594,8428,8183,8203,
122.605,8425,8186,8203,
122.611,8425,8186,8208,
122.623,8423,8188,8203,
122.633,8425,8178,8195,
122.645,8431,8168,8180,
122.653,8420,8175,8187,
122.662,8404,8178,8198,
122.67,8412,8181,8198,
122.684,8409,8183,8200,
122.694,8412,8183,8198,
122.703,8417,8186,8195,
122.713,8414,8183,8198,
122.722,8417,8183,8200,
122.731,8420,8183,8198,
122.743,8423,8181,8198,
122.753,8420,8188,8203,
122.765,8420,8183,8200,
122.772,8417,8181,8198,
122.781,8417,8186,8198,
122.793,8420,8186,8200,
122.805,8417,8186,8198,
122.815,8417,8188,8198,
122.822,8417,8188,8195,
122.831,8423,8181,8190,
122.844,8423,8161,8180,
122.853,8409,8178,8195,
122.862,8404,8186,8200,
122.873,8404,8181,8198,
122.882,8406,8181,8200,
122.895,8404,8186,8205,
122.904,8406,8183,8198,
122.911,8404,8186,8203,
122.921,8401,8186,8200,
122.934,8404,8188,8198,
122.941,8398,8183,8198,
122.952,8401,8186,8200,
122.962,8396,8183,8195,
122.97,8398,8188,8195,
122.981,8396,8188,8198,
122.991,8396,8183,8198,
123.003,8396,8183,8190,
123.011,8393,8191,8198,
123.023,8390,8188,8195,
123.033,8396,8183,8192,
123.042,8393,8153,8180,
123.052,8385,8173,8192,
123.062,8379,8178,8192,
123.074,8379,8193,8195,
123.081,8387,8183,8198,
123.093,8379,8186,8195,
123.102,8385,8186,8195,
123.112,8379,8188,8195,
123.122,8382,8188,8195,
123.132,8382,8191,8195,
123.142,8387,8191,8192,
123.152,8385,8188,8192,
123.162,8387,8191,8195,
123.173,8382,8188,8190,
123.182,8385,8188,8195,
123.193,8385,8191,8195,
123.203,8387,8193,8190,
123.21,8385,8193,8195,
123.221,8385,8193,8192,
123.233,8379,8186,8192,
123.241,8379,8168,8177,
123.251,8372,8178,8187,
123.263,8366,8183,8192,
123.271,8372,8188,8195,
123.282,8372,8186,8192,
123.292,8372,8191,8198,
123.301,8369,8186,8192,
123.312,8372,8191,8198,
123.323,8372,8196,8195,
123.332,8372,8191,8192,
123.343,8377,8191,8198,
123.352,8377,8191,8192,
123.361,8379,8196,8198,
123.375,8377,8191,8195,
123.382,8369,8196,8195,
123.393,8369,8186,8190,
123.402,8372,8191,8192,
123.414,8372,8191,8198,
123.42,8372,8193,8195,
123.43,8369,8191,8187,
123.443,8364,8175,8174,
123.452,8364,8178,8187,
123.46,8364,8183,8192,
123.471,8361,8188,8192,
123.483,8361,8191,8195,
123.491,8361,8193,8192,
123.5,8358,8193,8192,
123.512,8361,8193,8192,
123.523,8358,8191,8190,
123.532,8361,8191,8192,
123.542,8361,8199,8192,
123.55,8361,8196,8190,
123.563,8361,8193,8190,
123.571,8364,8196,8195,
123.583,8364,8196,8190,
123.589,8361,8193,8195,
123.601,8361,8196,8195,
123.613,8364,8193,8192,
123.622,8358,8191,8190,
123.632,8361,8183,8185,
123.641,8353,8178,8177,
123.652,8353,8178,8187,
123.662,8350,8196,8192,
123.672,8356,8188,8190,
123.681,8350,8193,8192,
123.692,8350,8191,8187,
123.701,8353,8193,8190,
123.712,8345,8196,8192,
123.72,8347,8188,8190,
123.73,8347,8196,8190,
123.742,8347,8199,8187,
123.754,8347,8193,8190,
123.76,8350,8193,8192,
123.772,8347,8191,8192,
123.781,8345,8199,8190,
123.789,8342,8196,8190,
123.803,8345,8196,8190,
123.81,8345,8196,8192,
123.819,8345,8201,8190,
123.833,8337,8186,8187,
123.841,8326,8150,8174,
123.85,8329,8178,8185,
123.862,8326,8196,8187,
123.87,8329,8196,8192,
123.883,8326,8193,8190,
123.891,8323,8201,8190,
123.902,8320,8199,8192,
123.912,8315,8199,8187,
123.923,8315,8188,8187,
123.933,8312,8196,8187,
123.941,8310,8199,8187,
123.953,8304,8201,8185,
123.961,8301,8201,8187,
123.971,8296,8201,8187,
123.979,8293,8201,8187,
123.992,8283,8201,8185,
124.003,8283,8209,8182,
124.011,8276,8204,8185,
124.02,8273,8212,8185,
124.03,8257,8204,8177,
124.04,8222,8161,8174,
124.052,8238,8186,8177,
124.06,8235,8199,8182,
124.071,8222,8209,8180,
124.082,8219,8201,8177,
124.092,8200,8212,8182,
124.102,8203,8214,8182,
124.111,8206,8214,8180,
124.122,8182,8212,8180,
124.133,8185,8206,8177,
124.142,8174,8219,8182,
124.152,8179,8214,8172,
124.162,8163,8209,8177,
124.171,8155,8212,8177,
124.182,8155,8206,8169,
124.19,8158,8217,8174,
124.202,8158,8222,8182,
124.212,8150,8206,8169,
124.221,8155,8212,8177,
124.229,8131,8196,8169,
124.242,8077,8183,8177,
124.25,8074,8206,8163,
124.26,8114,8219,8172,
124.268,8131,8204,8169,
124.28,8114,8201,8182,
124.292,8128,8219,8167,
124.303,8133,8209,8180,
124.311,8133,8217,8182,
124.32,8150,8217,8177,
124.332,8147,8219,8177,
124.342,8144,8222,8177,
124.35,8141,8219,8174,
124.36,8133,8222,8180,
124.368,8147,8214,8177,
124.382,8147,8227,8185,
124.392,8150,8209,8177,
124.4,8155,8227,8172,
124.411,8144,8204,8174,
124.421,8147,8209,8174,
124.43,8139,8186,8174,
124.439,8064,8178,8177,
124.451,8066,8201,8172,
124.46,8117,8206,8172,
124.471,8144,8209,8174,
124.479,8147,8212,8172,
124.491,8139,8209,8172,
124.501,8139,8227,8172,
124.51,8136,8209,8177,
124.521,8150,8206,8174,
124.53,8150,8227,8174,
124.538,8152,8224,8169,
124.551,8168,8217,8169,
124.562,8155,8214,8174,
124.568,8158,8212,8174,
124.581,8158,8219,8177,
124.591,8147,8212,8174,
124.599,8155,8227,8177,
124.612,8152,8217,8174,
124.619,8152,8217,8169,
124.63,8152,8178,8167,
124.642,8101,8140,8174,
124.651,8114,8168,8167,
124.659,8133,8212,8185,
124.668,8155,8239,8180,
124.682,8150,8214,8169,
124.688,8144,8209,8174,
124.702,8144,8217,8172,
124.711,8141,8209,8172,
124.721,8152,8230,8187,
124.73,8150,8224,8180,
124.741,8174,8222,8177,
124.75,8155,8217,8177,
124.761,8152,8222,8172,
124.77,8150,8209,8174,
124.78,8155,8214,8174,
124.789,8152,8222,8169,
124.8,8152,8212,8180,
124.809,8174,8219,8182,
124.821,8155,8222,8182,
124.831,8152,8201,8172,
124.84,8112,8173,8169,
124.851,8101,8206,8169,
124.859,8155,8224,8182,
124.87,8177,8239,8182,
124.88,8155,8227,8180,
124.89,8160,8209,8174,
124.899,8163,8212,8174,
124.91,8168,8214,8180,
124.919,8168,8217,8167,
124.931,8171,8227,8177,
124.941,8171,8201,8174,
124.949,8179,8219,8177,
124.958,8171,8219,8177,
124.969,8171,8212,8172,
124.979,8171,8212,8177,
124.989,8168,8209,8180,
124.999,8179,8214,8174,
125.01,8185,8209,8177,
125.021,8177,8212,8180,
125.031,8158,8170,8180,
125.038,8141,8175,8174,
125.052,8150,8199,8182,
125.057,8185,8222,8180,
125.069,8174,8224,8180,
125.08,8174,8201,8174,
125.087,8177,8206,8180,
125.099,8188,8206,8177,
125.109,8177,8209,8180,
125.118,8182,8206,8177,
125.129,8198,8214,8174,
125.14,8198,8217,8177,
125.149,8214,8217,8177,
125.161,8200,8217,8180,
125.17,8200,8196,8177,
125.18,8203,8214,8174,
125.187,8203,8227,8180,
125.201,8198,8199,8180,
125.207,8206,8206,8180,
125.219,8198,8219,8185,
125.229,8188,8183,8174,
125.239,8166,8168,8167,
125.251,8185,8193,8180,
125.257,8200,8206,8174,
125.269,8200,8214,8182,
125.281,8214,8204,8180,
125.29,8222,8206,8182,
125.298,8208,8201,8174,
125.308,8230,8214,8177,
125.32,8219,8206,8182,
125.328,8235,8212,8185,
125.337,8235,8206,8185,
125.349,8230,8214,8182,
125.359,8233,8206,8185,
125.37,8244,8206,8182,
125.379,8241,8209,8180,
125.39,8249,8219,8185,
125.398,8244,8209,8185,
125.409,8244,8204,8182,
125.42,8246,8212,8185,
125.429,8241,8188,8177,
125.439,8214,8191,8169,
125.449,8241,8183,8180,
125.461,8244,8209,8180,
125.47,8246,8212,8169,
125.481,8260,8204,8180,
125.491,8265,8199,8177,
125.5,8254,8204,8187,
125.511,8260,8201,8177,
125.52,8265,8209,8185,
125.529,8271,8201,8187,
125.539,8273,8209,8185,
125.548,8276,8209,8185,
125.56,8276,8204,8185,
125.568,8279,8212,8187,
125.579,8283,8206,8187,
125.591,8288,8209,8187,
125.598,8299,8209,8185,
125.608,8299,8209,8187,
125.618,8299,8204,8185,
125.629,8293,8199,8182,
125.639,8288,8161,8172,
125.648,8304,8161,8185,
125.658,8312,8196,8185,
125.668,8323,8206,8187,
125.679,8326,8196,8187,
125.688,8326,8199,8190,
125.699,8334,8199,8185,
125.71,8342,8199,8187,
125.719,8345,8196,8190,
125.727,8350,8204,8192,
125.74,8353,8196,8190,
125.75,8356,8199,8190,
125.759,8361,8199,8190,
125.769,8361,8193,8190,
125.78,8366,8201,8192,
125.788,8372,8199,8195,
125.801,8372,8199,8195,
125.808,8372,8196,8192,
125.818,8377,8186,8190,
125.829,8377,8175,8182,
125.839,8366,8142,8177,
125.849,8372,8188,8190,
125.858,8366,8186,8192,
125.87,8372,8186,8192,
125.88,8372,8191,8192,
125.888,8377,8188,8195,
125.899,8379,8193,8198,
125.909,8387,8191,8192,
125.917,8385,8193,8198,
125.928,8393,8186,8195,
125.938,8387,8186,8192,
125.949,8393,8193,8200,
125.959,8390,8193,8195,
125.968,8396,8188,8195,
125.978,8398,8191,8195,
125.986,8396,8196,8195,
125.999,8396,8183,8200,
126.01,8401,8188,8198,
126.019,8406,8186,8198,
126.028,8406,8191,8190,
126.038,8406,8186,8177,
126.048,8401,8175,8190,
126.057,8393,8183,8198,
126.067,8398,8186,8200,
126.077,8401,8183,8198,
126.086,8398,8188,8200,
126.098,8404,8188,8200,
126.107,8406,8188,8198,
126.117,8406,8188,8200,
126.13,8412,8186,8200,
126.138,8414,8183,8203,
126.148,8423,8186,8205,
126.16,8425,8183,8200,
126.167,8428,8188,8200,
126.178,8431,8183,8200,
126.189,8439,8183,8203,
126.198,8444,8183,8205,
126.207,8450,8183,8203,
126.219,8461,8183,8203,
126.229,8468,8178,8198,
126.237,8476,8165,8185,
126.248,8461,8175,8190,
126.259,8450,8181,8203,
126.269,8461,8181,8205,
126.277,8468,8175,8208,
126.287,8476,8181,8203,
126.298,8479,8178,8205,
126.309,8487,8181,8208,
126.316,8495,8175,8208,
126.329,8495,8175,8208,
126.337,8500,8178,8213,
126.346,8503,8178,8216,
126.36,8509,8175,8213,
126.367,8511,8178,8213,
126.376,8514,8178,8210,
126.39,8511,8178,8210,
126.399,8511,8175,8213,
126.407,8514,8175,8216,
126.418,8519,8178,8213,
126.427,8533,8175,8200,
126.437,8536,8168,8192,
126.447,8514,8181,8195,
126.458,8481,8178,8208,
126.469,8484,8178,8210,
126.478,8487,8178,8208,
126.488,8490,8175,8208,
126.497,8490,8175,8210,
126.506,8487,8178,8205,
126.52,8490,8173,8208,
126.527,8495,8173,8210,
126.536,8492,8175,8208,
126.548,8495,8175,8208,
126.558,8495,8175,8208,
126.566,8498,8178,8208,
126.576,8495,8175,8205,
126.586,8492,8175,8210,
126.598,8492,8178,8208,
126.608,8492,8178,8208,
126.616,8503,8178,8205,
126.628,8509,8175,8198,
126.638,8519,8170,8182,
126.648,8484,8183,8203,
126.658,8476,8178,8205,
126.667,8476,8175,8208,
126.678,8481,8178,8208,
126.687,8484,8178,8208,
126.697,8484,8175,8205,
126.705,8484,8175,8208,
126.716,8487,8178,8210,
126.729,8487,8178,8208,
126.738,8492,8178,8210,
126.746,8490,8178,8210,
126.756,8492,8178,8208,
126.766,8498,8178,8208,
126.777,8492,8178,8210,
126.788,8495,8181,8208,
126.796,8495,8178,8208,
126.807,8495,8175,8208,
126.819,8498,8181,8208,
126.826,8511,8175,8205,
126.835,8525,8173,8190,
126.849,8500,8178,8195,
126.858,8479,8178,8210,
126.867,8487,8173,8213,
126.878,8484,8173,8205,
126.887,8490,8178,8208,
126.897,8490,8173,8210,
126.908,8490,8178,8205,
126.916,8487,8178,8208,
126.927,8490,8178,8205,
126.937,8490,8175,8208,
126.948,8492,8175,8208,
126.957,8487,8178,8208,
126.967,8490,8178,8208,
126.978,8492,8178,8208,
126.987,8492,8181,8208,
126.997,8490,8178,8205,
127.007,8487,8178,8208,
127.018,8495,8178,8208,
127.027,8506,8175,8200,
127.038,8517,8165,8187,
127.046,8484,8175,8200,
127.057,8476,8175,8208,
127.067,8476,8175,8205,
127.078,8479,8175,8208,
127.084,8471,8175,8208,
127.097,8471,8175,8208,
127.107,8473,8175,8205,
127.119,8473,8178,8208,
127.127,8476,8181,8208,
127.136,8479,8178,8205,
127.148,8473,8175,8208,
127.157,8479,8181,8205,
127.167,8479,8175,8205,
127.177,8479,8178,8208,
127.187,8476,8175,8213,
127.197,8479,8178,8205,
127.206,8481,8178,8205,
127.216,8479,8178,8205,
127.225,8495,8175,8203,
127.237,8503,8170,8190,
127.245,8471,8181,8200,
127.257,8461,8181,8205,
127.266,8461,8178,8208,
127.279,8463,8178,8200,
127.285,8463,8183,8205,
127.296,8471,8181,8205,
127.306,8461,8181,8205,
127.317,8473,8178,8205,
127.326,8471,8183,8208,
127.336,8473,8183,8208,
127.346,8463,8178,8208,
127.356,8471,8181,8205,
127.368,8473,8181,8203,
127.378,8471,8178,8205,
127.387,8473,8181,8208,
127.397,8473,8181,8203,
127.407,8473,8175,8208,
127.417,8473,8178,8205,
127.426,8484,8175,8200,
127.435,8498,8168,8187,
127.446,8468,8178,8203,
127.458,8458,8178,8205,
127.466,8458,8178,8205,
127.477,8461,8178,8203,
127.487,8461,8175,8203,
127.496,8461,8178,8205,
127.505,8463,8183,8208,
127.516,8463,8175,8208,
127.527,8468,8181,8205,
127.536,8463,8175,8205,
127.547,8463,8178,8205,
127.556,8461,8178,8205,
127.568,8461,8178,8205,
127.576,8463,8175,8208,
127.587,8461,8181,8205,
127.595,8463,8178,8205,
127.607,8463,8178,8203,
127.615,8468,8181,8208,
127.627,8479,8181,8200,
127.636,8490,8168,8190,
127.646,8473,8175,8198,
127.654,8450,8178,8205,
127.665,8455,8181,8203,
127.677,8455,8178,8205,
127.685,8458,8178,8205,
127.697,8461,8175,8205,
127.705,8458,8181,8203,
127.715,8463,8183,8210,
127.727,8463,8181,8208,
127.737,8458,8181,8205,
127.748,8461,8181,8205,
127.757,8458,8181,8203,
127.765,8455,8183,8208,
127.776,8461,8181,8203,
127.787,8455,8181,8205,
127.797,8461,8178,8205,
127.803,8458,8178,8205,
127.817,8458,8181,8203,
127.825,8468,8178,8198,
127.836,8481,8170,8187,
127.848,8452,8183,8203,
127.856,8444,8183,8205,
127.867,8442,8181,8203,
127.875,8444,8181,8205,
127.886,8444,8181,8203,
127.895,8447,8181,8203,
127.906,8447,8178,8203,
127.915,8444,8178,8200,
127.926,8444,8181,8203,
127.937,8444,8181,8203,
127.945,8444,8175,8200,
127.956,8444,8181,8205,
127.965,8442,8181,8203,
127.976,8442,8181,8203,
127.985,8442,8181,8200,
127.997,8436,8183,8205,
128.007,8442,8183,8200,
128.018,8442,8178,8205,
128.025,8450,8178,8198,
128.036,8452,8170,8182,
128.046,8436,8178,8192,
128.054,8425,8181,8200,
128.067,8425,8181,8198,
128.075,8428,8181,8198,
128.088,8428,8183,8203,
128.097,8425,8181,8203,
128.103,8425,8183,8200,
128.116,8425,8183,8205,
128.125,8423,8181,8198,
128.135,8425,8183,8200,
128.146,8423,8181,8198,
128.156,8420,8186,8198,
128.166,8420,8186,8203,
128.174,8420,8188,8198,
128.186,8417,8183,8198,
128.197,8420,8183,8198,
128.203,8423,8183,8203,
128.215,8423,8186,8198,
128.224,8417,8183,8187,
128.234,8420,8153,8174,
128.246,8406,8178,8195,
128.253,8398,8193,8195,
128.265,8398,8183,8200,
128.274,8398,8183,8195,
128.284,8398,8183,8198,
128.294,8401,8186,8198,
128.306,8398,8186,8198,
128.316,8398,8186,8195,
128.326,8396,8191,8198,
128.335,8393,8186,8195,
128.346,8396,8188,8198,
128.356,8390,8186,8198,
128.365,8390,8193,8195,
128.377,8387,8193,8198,
128.386,8385,8191,8198,
128.396,8382,8186,8198,
128.404,8385,8183,8195,
128.416,8385,8186,8192,
128.425,8385,8181,8190,
128.435,8377,8161,8174,
128.445,8372,8173,8190,
128.454,8366,8191,8195,
128.464,8369,8193,8195,
128.475,8369,8188,8195,
128.485,8366,8191,8192,
128.496,8372,8193,8200,
128.505,8369,8188,8195,
128.516,8366,8193,8198,
128.525,8366,8193,8198,
128.535,8366,8196,8198,
128.545,8366,8188,8192,
128.553,8366,8188,8195,
128.566,8369,8196,8195,
128.573,8364,8193,8200,
128.584,8366,8191,8195,
128.594,8366,8193,8192,
128.606,8366,8196,8190,
128.613,8364,8193,8190,
128.625,8361,8193,8192,
128.634,8358,8155,8174,
128.643,8361,8181,8182,
128.656,8353,8186,8192,
128.664,8358,8186,8195,
128.676,8358,8193,8192,
128.683,8353,8193,8192,
128.695,8358,8188,8198,
128.702,8356,8196,8195,
128.714,8356,8193,8195,
128.725,8356,8193,8195,
128.735,8353,8193,8192,
128.744,8353,8191,8192,
128.754,8356,8193,8192,
128.764,8353,8193,8192,
128.774,8356,8196,8198,
128.784,8350,8196,8192,
128.793,8353,8196,8190,
128.805,8353,8191,8190,
128.817,8356,8196,8192,
128.826,8347,8181,8182,
128.834,8342,8142,8180,
128.846,8342,8168,8190,
128.855,8339,8186,8190,
128.864,8345,8193,8190,
128.873,8342,8191,8185,
128.884,8342,8193,8190,
128.897,8345,8193,8192,
128.905,8339,8196,8190,
128.915,8342,8199,8192,
128.923,8339,8191,8187,
128.934,8339,8196,8187,
128.946,8342,8196,8190,
128.956,8337,8196,8190,
128.963,8339,8199,8190,
128.975,8339,8201,8192,
128.985,8339,8199,8192,
128.996,8342,8201,8190,
129.004,8334,8201,8190,
129.014,8339,8199,8192,
129.026,8331,8193,8187,
129.035,8320,8145,8177,
129.045,8318,8191,8187,
129.054,8318,8181,8187,
129.064,8320,8204,8190,
129.08,8318,8193,8192,
129.083,8315,8196,8187,
129.092,8307,8199,8187,
129.104,8304,8199,8190,
129.113,8296,8206,8187,
129.124,8288,8199,8185,
129.133,8288,8206,8187,
129.144,8279,8201,8182,
129.152,8265,8212,8180,
129.163,8257,8199,8180,
129.173,8249,8201,8180,
129.184,8230,8212,8177,
129.194,8230,8204,8174,
129.206,8222,8214,8180,
129.212,8211,8206,8180,
129.224,8195,8178,8174,
129.233,8160,8188,8180,
129.245,8179,8193,8182,
129.253,8182,8199,8180,
129.264,8177,8209,8174,
129.275,8174,8222,8185,
129.284,8166,8217,8174,
129.292,8168,8206,8172,
129.303,8163,8212,8177,
129.312,8160,8217,8180,
129.325,8160,8214,8180,
129.335,8168,8224,8177,
129.344,8177,8217,8180,
129.351,8166,8212,8180,
129.364,8158,8222,8180,
129.373,8174,8209,8180,
129.383,8168,8209,8174,
129.394,8166,8201,8177,
129.402,8171,8206,8177,
129.415,8147,8217,8180,
129.425,8147,8178,8169,
129.432,8125,8137,8169,
129.443,8152,8186,8182,
129.453,8160,8212,8174,
129.464,8160,8222,8174,
129.473,8168,8199,8177,
129.483,8158,8222,8174,
129.495,8163,8206,8174,
129.504,8160,8224,8174,
129.514,8155,8212,8174,
129.522,8168,8212,8180,
129.533,8163,8209,8177,
129.545,8163,8214,8180,
129.554,8166,8227,8177,
129.564,8158,8227,8187,
129.574,8179,8212,8172,
129.586,8160,8212,8177,
129.593,8192,8224,8174,
129.602,8168,8214,8182,
129.614,8158,8219,8180,
129.622,8160,8204,8174,
129.634,8131,8181,8172,
129.641,8155,8196,8180,
129.653,8160,8217,8177,
129.662,8163,8212,8177,
129.672,8163,8219,8167,
129.681,8171,8199,8167,
129.694,8158,8209,8174,
129.703,8168,8222,8180,
129.713,8179,8217,8177,
129.723,8177,8214,8180,
129.733,8174,8219,8174,
129.742,8179,8212,8174,
129.753,8182,8217,8177,
129.761,8192,8209,8174,
129.772,8185,8214,8174,
129.785,8182,8209,8174,
129.792,8182,8204,8177,
129.803,8188,8209,8174,
129.812,8185,8214,8174,
129.821,8198,8161,8180,
129.836,8150,8175,8169,
129.843,8179,8193,8174,
129.852,8182,8191,8180,
129.864,8192,8196,8174,
129.874,8185,8212,8180,
129.883,8195,8214,8172,
129.892,8192,8219,8180,
129.902,8208,8212,8182,
129.912,8198,8212,8174,
129.923,8217,8204,8172,
129.932,8214,8219,8185,
129.944,8219,8222,8180,
129.954,8211,8209,8177,
129.962,8219,8214,8182,
129.976,8214,8209,8177,
129.982,8208,8206,8185,
129.992,8206,8217,8187,
130.006,8217,8204,8180,
130.015,8219,8214,8180,
130.021,8214,8193,8174,
130.032,8179,8140,8177,
130.043,8211,8188,8180,
130.052,8217,8222,8177,
130.063,8222,8217,8182,
130.071,8222,8209,8182,
130.081,8219,8204,8174,
130.092,8233,8204,8177,
130.102,8227,8204,8185,
130.115,8230,8204,8182,
130.121,8222,8204,8187,
130.133,8241,8209,8177,
130.144,8235,8219,8182,
130.153,8244,8212,8180,
130.162,8233,8209,8182,
130.172,8241,8217,8182,
130.184,8238,8206,8177,
130.194,8252,8204,8174,
130.203,8260,8217,8180,
130.213,8249,8212,8174,
130.222,8238,8209,8177,
130.232,8222,8173,8172,
130.242,8238,8173,8185,
130.251,8241,8209,8182,
130.262,8252,8201,8180,
130.272,8260,8204,8180,
130.282,8257,8212,8182,
130.293,8257,8212,8177,
130.302,8265,8209,8180,
130.315,8271,8206,8185,
130.32,8265,8209,8180,
130.331,8273,8204,8182,
130.34,8276,8206,8182,
130.353,8273,8204,8180,
130.363,8283,8201,8180,
130.371,8288,8209,8187,
130.382,8285,8206,8185,
130.391,8291,8212,8187,
130.403,8293,8204,8190,
130.411,8293,8212,8185,
130.42,8285,8201,8180,
130.431,8279,8140,8180,
130.442,8291,8168,8185,
130.452,8296,8199,8182,
130.463,8296,8204,8185,
130.472,8304,8199,8185,
130.483,8301,8204,8185,
130.492,8310,8201,8187,
130.503,8310,8196,8187,
130.511,8307,8204,8187,
130.522,8318,8204,8192,
130.532,8323,8201,8190,
130.543,8318,8204,8187,
130.551,8326,8199,8190,
130.562,8331,8204,8192,
130.571,8329,8204,8195,
130.581,8331,8199,8187,
130.592,8337,8201,8195,
130.603,8334,8201,8192,
130.613,8337,8204,8190,
130.621,8334,8191,8187,
130.631,8326,8145,8177,
130.644,8334,8161,8187,
130.653,8339,8196,8187,
130.659,8345,8193,8187,
130.67,8347,8199,8192,
130.682,8353,8196,8190,
130.691,8353,8196,8192,
130.701,8361,8193,8195,
130.711,8361,8191,8192,
130.722,8369,8193,8195,
130.732,8369,8196,8192,
130.743,8372,8199,8192,
130.751,8377,8191,8190,
130.759,8385,8196,8192,
130.77,8385,8193,8192,
130.784,8385,8193,8190,
130.79,8387,8188,8195,
130.8,8390,8193,8195,
130.811,8390,8193,8198,
130.824,8393,8178,8187,
130.833,8393,8165,8182,
130.842,8396,8173,8187,
130.85,8387,8175,8200,
130.862,8398,8191,8200,
130.873,8406,8186,8200,
130.879,8412,8181,8198,
130.89,8417,8183,8203,
130.902,8425,8183,8205,
130.912,8436,8183,8203,
130.92,8452,8181,8205,
130.931,8458,8181,8208,
130.94,8463,8181,8208,
130.952,8479,8181,8208,
130.96,8484,8178,8205,
130.969,8490,8181,8208,
130.982,8495,8175,8210,
130.991,8495,8183,8208,
131.004,8503,8181,8210,
131.012,8511,8178,8208,
131.021,8522,8175,8203,
131.032,8538,8168,8190,
131.041,8514,8178,8200,
131.05,8492,8178,8213,
131.063,8500,8178,8208,
131.071,8500,8173,8210,
131.083,8506,8175,8210,
131.09,8506,8178,8210,
131.103,8506,8175,8213,
131.109,8509,8175,8210,
131.119,8503,8175,8213,
131.132,8506,8178,8213,
131.14,8500,8175,8213,
131.152,8500,8173,8216,
131.162,8506,8175,8210,
131.17,8503,8178,8213,
131.18,8500,8181,8210,
131.192,8495,8178,8210,
131.203,8498,8181,8205,
131.213,8500,8175,8210,
131.219,8522,8173,8195,
131.232,8533,8170,8187,
131.241,8495,8178,8200,
131.251,8476,8181,8210,
131.26,8481,8173,8203,
131.271,8484,8178,8205,
131.28,8487,8175,8205,
131.29,8487,8175,8205,
131.302,8484,8175,8205,
131.309,8484,8175,8208,
131.32,8484,8173,8208,
131.332,8484,8178,8210,
131.342,8484,8175,8210,
131.352,8487,8178,8208,
131.36,8487,8178,8210,
131.37,8487,8178,8208,
131.381,8487,8178,8208,
131.392,8484,8178,8210,
131.402,8481,8178,8205,
131.413,8484,8178,8208,
131.421,8500,8178,8198,
131.43,8517,8170,8185,
131.442,8481,8175,8205,
131.451,8473,8173,8205,
131.46,8463,8175,8205,
131.469,8473,8175,8208,
131.482,8471,8178,8208,
131.492,8473,8175,8208,
131.502,8473,8178,8208,
131.51,8471,8178,8208,
131.521,8473,8178,8208,
131.53,8471,8178,8203,
131.541,8473,8178,8205,
131.55,8471,8178,8203,
131.562,8471,8181,8205,
131.57,8468,8181,8208,
131.579,8471,8181,8208,
131.592,8468,8178,8205,
131.601,8468,8178,8210,
131.612,8468,8178,8208,
131.622,8479,8175,8200,
131.632,8487,8170,8190,
131.639,8463,8178,8200,
131.649,8447,8178,8205,
131.661,8450,8178,8203,
131.671,8452,8178,8203,
131.681,8452,8183,8203,
131.689,8447,8181,8203,
131.701,8447,8181,8205,
131.711,8452,8181,8203,
131.72,8447,8183,8203,
131.73,8452,8178,8203,
131.739,8447,8183,8205,
131.75,8444,8181,8203,
131.761,8450,8183,8203,
131.77,8447,8183,8208,
131.78,8442,8181,8210,
131.788,8450,8178,8205,
131.802,8442,8181,8208,
131.809,8439,8183,8210,
131.822,8444,8181,8198,
131.83,8452,8173,8190,
131.841,8439,8175,8195,
131.85,8423,8181,8203,
131.862,8428,8175,8205,
131.873,8431,8178,8203,
131.88,8431,8183,8198,
131.891,8433,8178,8203,
131.9,8431,8183,8203,
131.908,8425,8178,8203,
131.921,8425,8181,8203,
131.932,8425,8181,8200,
131.939,8425,8183,8198,
131.951,8428,8186,8203,
131.962,8425,8181,8200,
131.972,8423,8183,8198,
131.981,8423,8183,8200,
131.99,8420,8181,8203,
132.002,8420,8183,8200,
132.009,8420,8183,8198,
132.02,8425,8181,8190,
132.03,8428,8178,8187,
132.039,8420,8183,8192,
132.051,8406,8181,8198,
132.063,8409,8181,8200,
132.069,8412,8188,8203,
132.08,8409,8186,8195,
132.091,8412,8186,8200,
132.098,8409,8183,8198,
132.11,8406,8188,8200,
132.121,8409,8186,8200,
132.131,8409,8186,8203,
132.139,8409,8181,8198,
132.152,8412,8183,8198,
132.159,8406,8183,8198,
132.168,8409,8186,8195,
132.18,8404,8186,8200,
132.191,8409,8186,8200,
132.197,8406,8188,8200,
132.208,8406,8181,8195,
132.221,8404,8183,8185,
132.229,8404,8173,8182,
132.237,8396,8178,8190,
132.252,8382,8181,8198,
132.26,8387,8181,8198,
132.269,8390,8181,8195,
132.278,8385,8186,8198,
132.29,8385,8183,8195,
132.3,8387,8186,8198,
132.308,8387,8186,8200,
132.319,8390,8188,8198,
132.329,8387,8188,8198,
132.337,8387,8191,8195,
132.348,8387,8186,8198,
132.361,8390,8188,8198,
132.37,8385,8188,8200,
132.379,8387,8188,8200,
132.39,8387,8188,8192,
132.398,8387,8188,8198,
132.408,8387,8196,8192,
132.419,8387,8181,8195,
132.43,8379,8165,8174,
132.442,8372,8181,8187,
132.448,8369,8191,8195,
132.458,8377,8191,8195,
132.469,8372,8186,8195,
132.478,8377,8191,8192,
132.489,8379,8191,8195,
132.498,8379,8186,8195,
132.509,8385,8193,8192,
132.518,8382,8188,8190,
132.53,8379,8191,8195,
132.537,8379,8193,8198,
132.551,8387,8188,8198,
132.56,8379,8188,8195,
132.571,8385,8196,8198,
132.577,8385,8191,8198,
132.589,8385,8188,8195,
132.601,8382,8191,8195,
132.61,8382,8193,8192,
132.618,8379,8183,8190,
132.629,8379,8175,8177,
132.637,8372,8168,8190,
132.648,8369,8186,8195,
132.661,8372,8193,8195,
132.669,8372,8191,8195,
132.679,8377,8188,8195,
132.688,8379,8191,8195,
132.7,8379,8193,8195,
132.708,8379,8193,8198,
132.719,8382,8191,8195,
132.729,8385,8188,8200,
132.738,8385,8193,8198,
132.749,8379,8191,8198,
132.76,8379,8199,8192,
132.768,8382,8188,8192,
132.78,8385,8193,8198,
132.789,8379,8188,8198,
132.799,8377,8188,8195,
132.81,8377,8193,8192,
132.821,8377,8183,8185,
132.831,8372,8168,8180,
132.839,8369,8186,8190,
132.848,8361,8186,8195,
132.857,8364,8191,8192,
132.871,8364,8188,8190,
132.878,8364,8191,8195,
132.887,8366,8191,8192,
132.899,8369,8188,8195,
132.909,8369,8188,8192,
132.916,8377,8191,8198,
132.929,8369,8196,8192,
132.94,8366,8191,8190,
132.947,8372,8193,8192,
132.96,8366,8193,8192,
132.97,8372,8191,8195,
132.979,8369,8188,8192,
132.988,8369,8193,8187,
133,8369,8193,8190,
133.009,8369,8199,8195,
133.017,8366,8186,8190,
133.028,8358,8150,8180,
133.037,8353,8173,8187,
133.048,8353,8188,8195,
133.06,8358,8199,8192,
133.067,8361,8186,8190,
133.078,8358,8193,8192,
133.086,8358,8191,8195,
133.098,8361,8188,8195,
133.107,8361,8193,8190,
133.121,8358,8193,8195,
133.128,8356,8193,8195,
133.136,8356,8196,8192,
133.149,8358,8186,8187,
133.158,8347,8196,8192,
133.168,8347,8193,8190,
133.18,8350,8199,8192,
133.188,8347,8199,8195,
133.199,8350,8196,8190,
133.208,8353,8193,8190,
133.221,8347,8191,8190,
133.229,8345,8175,8177,
133.237,8345,8161,8187,
133.248,8345,8186,8190,
133.26,8350,8193,8190,
133.266,8347,8193,8192,
133.277,8347,8191,8192,
133.289,8345,8193,8192,
133.3,8347,8191,8190,
133.308,8347,8199,8195,
133.318,8350,8196,8192,
133.329,8345,8193,8192,
133.339,8347,8193,8195,
133.347,8347,8199,8192,
133.359,8345,8199,8190,
133.37,8347,8193,8190,
133.38,8347,8206,8195,
133.386,8345,8196,8190,
133.398,8347,8196,8190,
133.409,8350,8196,8192,
133.418,8345,8188,8185,
133.426,8337,8153,8177,
133.439,8334,8186,8180,
133.449,8334,8186,8190,
133.459,8334,8196,8190,
133.469,8337,8196,8187,
133.476,8334,8196,8187,
133.488,8334,8196,8187,
133.497,8337,8199,8187,
133.507,8329,8199,8190,
133.517,8326,8191,8185,
133.527,8318,8193,8187,
133.538,8312,8199,8187,
133.549,8301,8193,8185,
133.557,8291,8201,8185,
133.568,8285,8196,8180,
133.578,8283,8196,8187,
133.587,8265,8206,8185,
133.6,8263,8201,8182,
133.606,8249,8206,8185,
133.619,8225,8219,8174,
133.628,8185,8168,8174,
133.639,8206,8188,8182,
133.649,8214,8199,8180,
133.658,8206,8209,8185,
133.666,8208,8206,8180,
133.68,8200,8204,8177,
133.686,8195,8206,8182,
133.697,8188,8217,8180,
133.707,8195,8212,8182,
133.718,8192,8214,8180,
133.728,8182,8206,8174,
133.737,8179,8214,8177,
133.747,8171,8222,8177,
133.758,8177,8219,8177,
133.767,8174,8212,8172,
133.776,8177,8204,8172,
133.787,8166,8217,8182,
133.796,8174,8217,8172,
133.809,8163,8217,8172,
133.815,8163,8199,8169,
133.827,8141,8132,8169,
133.837,8150,8199,8174,
133.846,8168,8196,8180,
133.856,8168,8214,8174,
133.869,8160,8217,8174,
133.876,8166,8206,8174,
133.889,8168,8217,8174,
133.898,8171,8209,8174,
133.908,8179,8209,8177,
133.918,8177,8217,8174,
133.928,8179,8219,8177,
133.937,8174,8212,8177,
133.945,8182,8217,8174,
133.956,8177,8212,8174,
133.968,8168,8212,8174,
133.979,8177,8222,8182,
133.985,8195,8217,8172,
133.998,8182,8219,8180,
134.008,8179,8217,8174,
134.017,8177,8191,8172,
134.026,8147,8148,8169,
134.037,8160,8204,8174,
134.048,8182,8204,8180,
134.081,8177,8224,8174,
134.082,8179,8193,8172,
134.082,8177,8204,8174,
134.087,8179,8206,8177,
134.096,8182,8224,8174,
134.107,8174,8227,8174,
134.115,8208,8214,8180,
134.127,8185,8214,8177,
134.136,8203,8212,8180,
134.149,8177,8201,8180,
134.156,8192,8212,8169,
134.166,8198,8206,8177,
134.178,8192,8214,8182,
134.188,8198,8212,8177,
134.199,8206,8214,8174,
134.206,8198,8209,8172,
134.219,8179,8181,8172,
134.227,8158,8242,8174,
134.236,8177,8191,8182,
134.248,8188,8227,8182,
134.258,8195,8214,8187,
134.268,8195,8227,8182,
134.279,8188,8209,8182,
134.284,8198,8224,8180,
134.298,8195,8212,8177,
134.306,8211,8212,8180,
134.318,8192,8224,8187,
134.326,8227,8219,8182,
134.336,8200,8214,8174,
134.347,8200,8212,8174,
134.357,8211,8214,8180,
134.368,8208,8204,8174,
134.375,8208,8217,8185,
134.386,8208,8214,8180,
134.396,8225,8206,8182,
134.407,8214,8214,8177,
134.417,8206,8193,8174,
134.428,8182,8186,8172,
134.438,8214,8170,8180,
134.448,8206,8209,8185,
134.454,8225,8217,8182,
134.464,8214,8204,8180,
134.475,8219,8206,8180,
134.488,8217,8212,8182,
134.497,8214,8212,8172,
134.506,8217,8212,8180,
134.518,8219,8214,8182,
134.526,8217,8209,8182,
134.539,8230,8217,8182,
134.546,8225,8212,8190,
134.556,8222,8212,8185,
134.568,8233,8209,8177,
134.577,8227,8224,8182,
134.587,8230,8206,8185,
134.597,8227,8212,8182,
134.608,8227,8214,8180,
134.617,8217,8201,8182,
134.625,8198,8145,8174,
134.635,8219,8165,8182,
134.648,8225,8212,8174,
134.654,8230,8199,8174,
134.665,8235,8212,8177,
134.675,8238,8204,8187,
134.685,8244,8204,8180,
134.697,8241,8214,8185,
134.706,8246,8212,8177,
134.718,8246,8217,8180,
134.728,8246,8204,8177,
134.737,8246,8206,8185,
134.748,8249,8214,8185,
134.755,8252,8209,8185,
134.767,8252,8214,8182,
134.776,8254,8212,8182,
134.787,8257,8212,8180,
134.795,8254,8212,8182,
134.807,8257,8212,8180,
134.815,8244,8196,8185,
134.827,8225,8165,8172,
134.835,8241,8193,8180,
134.846,8244,8204,8180,
134.854,8257,8209,8185,
134.866,8257,8209,8177,
134.878,8260,8204,8185,
134.887,8260,8209,8185,
134.896,8271,8204,8182,
134.907,8273,8214,8185,
134.915,8276,8206,8185,
134.926,8276,8214,8185,
134.935,8276,8209,8185,
134.946,8279,8204,8180,
134.954,8271,8206,8180,
134.965,8273,8199,8185,
134.974,8273,8204,8187,
134.987,8283,8214,8182,
134.995,8283,8201,8180,
135.008,8283,8212,8185,
135.016,8273,8199,8182,
135.027,8263,8150,8172,
135.036,8273,8193,8180,
135.045,8283,8196,8182,
135.057,8283,8196,8182,
135.066,8283,8204,8185,
135.075,8283,8196,8187,
135.086,8283,8209,8187,
135.096,8291,8212,8185,
135.104,8291,8201,8185,
135.116,8299,8204,8187,
135.127,8299,8206,8185,
135.133,8299,8201,8185,
135.144,8299,8204,8185,
135.155,8304,8209,8187,
135.164,8310,8206,8187,
135.176,8312,8204,8187,
135.185,8307,8209,8190,
135.196,8312,8206,8185,
135.207,8315,8201,8182,
135.217,8307,8214,8185,
135.223,8296,8150,8172,
135.238,8307,8178,8177,
135.247,8310,8201,8192,
135.256,8318,8199,8187,
135.266,8318,8201,8185,
135.276,8320,8196,8185,
135.285,8323,8193,8185,
135.295,8326,8199,8187,
135.305,8331,8204,8190,
135.314,8334,8196,8185,
135.326,8339,8196,8185,
135.334,8342,8199,8192,
135.347,8339,8201,8187,
135.353,8342,8201,8195,
135.366,8345,8196,8190,
135.376,8347,8191,8185,
135.385,8353,8201,8192,
135.395,8356,8193,8190,
135.404,8361,8196,8190,
135.417,8353,8181,8185,
135.425,8339,8150,8180,
135.434,8347,8191,8187,
135.446,8350,8191,8192,
135.454,8356,8196,8190,
135.465,8356,8193,8192,
135.475,8356,8196,8195,
135.487,8358,8188,8192,
135.495,8358,8188,8190,
135.506,8366,8191,8195,
135.516,8369,8193,8192,
135.524,8377,8193,8198,
135.535,8382,8196,8192,
135.545,8382,8188,8192,
135.556,8393,8188,8198,
135.565,8396,8191,8195,
135.574,8401,8193,8198,
135.584,8404,8188,8192,
135.593,8406,8196,8200,
135.604,8414,8193,8200,
135.615,8423,8183,8190,
135.626,8433,8175,8180,
135.636,8425,8175,8198,
135.645,8428,8186,8205,
135.656,8442,8186,8205,
135.664,8447,8186,8203,
135.673,8455,8183,8200,
135.683,8461,8181,8205,
135.695,8463,8183,8208,
135.706,8473,8183,8205,
135.717,8479,8181,8205,
135.723,8481,8181,8210,
135.734,8481,8181,8208,
135.744,8487,8183,8205,
135.755,8484,8183,8208,
135.766,8490,8181,8205,
135.775,8487,8178,8205,
135.786,8487,8178,8208,
135.795,8492,8178,8205,
135.804,8495,8178,8216,
135.815,8506,8175,8200,
135.824,8517,8170,8187,
135.833,8487,8175,8205,
135.844,8479,8175,8208,
135.856,8479,8175,8208,
135.864,8476,8181,8208,
135.875,8476,8178,8208,
135.883,8476,8178,8205,
135.895,8476,8178,8205,
135.904,8476,8183,8210,
135.915,8481,8178,8205,
135.926,8479,8181,8205,
135.935,8481,8178,8205,
135.944,8484,8178,8208,
135.956,8481,8181,8208,
135.965,8481,8178,8208,
135.973,8487,8175,8203,
135.986,8490,8181,8208,
135.994,8487,8178,8208,
136.005,8490,8178,8203,
136.015,8503,8175,8198,
136.024,8506,8170,8182,
136.034,8476,8175,8200,
136.043,8458,8175,8208,
136.053,8461,8181,8208,
136.065,8463,8181,8208,
136.072,8468,8178,8205,
136.085,8468,8181,8205,
136.093,8473,8178,8205,
136.105,8471,8178,8205,
136.113,8473,8178,8208,
136.124,8479,8181,8208,
136.132,8473,8181,8210,
136.143,8479,8178,8205,
136.153,8476,8178,8205,
136.166,8471,8178,8205,
136.176,8473,8178,8208,
136.184,8473,8181,8205,
136.195,8476,8181,8208,
136.204,8479,8178,8210,
136.215,8487,8178,8200,
136.224,8498,8170,8190,
136.234,8473,8173,8200,
136.246,8452,8175,8213,
136.252,8455,8181,8210,
136.265,8461,8178,8208,
136.275,8461,8178,8208,
136.284,8463,8178,8205,
136.292,8463,8181,8208,
136.306,8468,8181,8213,
136.314,8463,8183,8205,
136.326,8463,8181,8208,
136.335,8461,8178,8213,
136.345,8473,8181,8210,
136.356,8473,8181,8208,
136.365,8468,8183,8210,
136.374,8468,8181,8210,
136.383,8468,8181,8205,
136.396,8468,8181,8208,
136.402,8473,8181,8205,
136.414,8487,8175,8200,
136.422,8487,8170,8185,
136.434,8458,8175,8203,
136.444,8450,8181,8208,
136.454,8452,8178,8208,
136.464,8455,8178,8203,
136.474,8455,8181,8203,
136.484,8458,8181,8203,
136.496,8455,8178,8203,
136.503,8461,8178,8205,
136.513,8452,8181,8203,
136.525,8452,8178,8205,
136.535,8455,8181,8208,
136.542,8452,8183,8205,
136.555,8447,8183,8203,
136.564,8447,8178,8203,
136.572,8450,8181,8200,
136.583,8447,8183,8205,
136.593,8447,8181,8200,
136.604,8450,8181,8203,
136.613,8452,8181,8195,
136.624,8461,8170,8185,
136.635,8447,8178,8187,
136.641,8425,8181,8203,
136.655,8436,8178,8203,
136.663,8433,8181,8200,
136.671,8436,8186,8203,
136.684,8433,8181,8200,
136.695,8433,8181,8200,
136.703,8433,8178,8200,
136.712,8433,8186,8203,
136.723,8433,8181,8200,
136.735,8436,8183,8203,
136.745,8439,8186,8205,
136.751,8433,8186,8205,
136.762,8433,8181,8203,
136.775,8431,8186,8203,
136.783,8433,8183,8200,
136.794,8431,8181,8203,
136.803,8428,8186,8203,
136.814,8439,8178,8200,
136.823,8444,8168,8187,
136.835,8423,8170,8198,
136.844,8414,8186,8200,
136.852,8414,8181,8203,
136.864,8417,8181,8200,
136.874,8414,8186,8200,
136.883,8417,8188,8203,
136.894,8412,8183,8198,
136.904,8417,8183,8200,
136.913,8414,8186,8198,
136.922,8414,8186,8198,
136.935,8409,8183,8198,
136.944,8409,8183,8198,
136.954,8409,8186,8200,
136.964,8412,8186,8198,
136.972,8412,8183,8195,
136.985,8409,8188,8198,
136.992,8409,8186,8198,
137.005,8412,8188,8198,
137.011,8409,8181,8192,
137.023,8414,8173,8182,
137.032,8404,8173,8185,
137.043,8393,8181,8192,
137.053,8393,8186,8195,
137.064,8398,8186,8200,
137.075,8393,8183,8192,
137.083,8393,8186,8200,
137.094,8396,8191,8195,
137.105,8398,8186,8198,
137.112,8396,8183,8198,
137.123,8396,8186,8195,
137.135,8396,8186,8198,
137.143,8393,8188,8198,
137.153,8396,8186,8198,
137.162,8393,8186,8203,
137.171,8396,8188,8198,
137.181,8396,8188,8200,
137.193,8396,8188,8198,
137.203,8398,8188,8198,
137.213,8396,8183,8192,
137.224,8390,8165,8180,
137.233,8387,8181,8187,
137.243,8377,8183,8198,
137.256,8385,8186,8195,
137.262,8385,8186,8195,
137.273,8379,8186,8198,
137.283,8385,8193,8200,
137.292,8379,8183,8198,
137.303,8382,8183,8195,
137.312,8385,8188,8195,
137.321,8387,8193,8195,
137.335,8387,8188,8195,
137.343,8385,8188,8190,
137.354,8382,8191,8192,
137.363,8387,8188,8192,
137.371,8385,8188,8195,
137.385,8385,8186,8195,
137.391,8382,8188,8190,
137.404,8385,8191,8195,
137.415,8387,8186,8190,
137.421,8382,8153,8177,
137.432,8377,8170,8185,
137.441,8366,8183,8190,
137.453,8377,8193,8192,
137.461,8369,8186,8195,
137.473,8377,8188,8192,
137.484,8372,8188,8192,
137.492,8372,8186,8195,
137.505,8372,8191,8190,
137.511,8372,8186,8192,
137.52,8377,8188,8195,
137.532,8377,8188,8195,
137.544,8377,8193,8195,
137.553,8372,8193,8190,
137.563,8372,8193,8195,
137.572,8377,8191,8198,
137.58,8377,8193,8192,
137.592,8366,8191,8195,
137.601,8377,8188,8195,
137.611,8369,8183,8190,
137.621,8361,8148,8182,
137.633,8361,8186,8195,
137.644,8356,8186,8192,
137.653,8364,8191,8198,
137.663,8366,8186,8195,
137.672,8358,8191,8192,
137.682,8364,8191,8195,
137.692,8361,8191,8195,
137.704,8364,8191,8195,
137.713,8358,8193,8198,
137.723,8358,8193,8192,
137.735,8358,8193,8195,
137.741,8358,8199,8190,
137.753,8364,8196,8192,
137.761,8361,8193,8192,
137.772,8361,8193,8192,
137.782,8361,8196,8195,
137.792,8364,8191,8190,
137.802,8366,8199,8198,
137.81,8366,8186,8190,
137.821,8361,8159,8180,
137.832,8358,8181,8192,
137.84,8356,8193,8192,
137.851,8361,8196,8192,
137.861,8361,8191,8192,
137.871,8358,8191,8192,
137.881,8361,8193,8195,
137.89,8364,8196,8195,
137.904,8364,8193,8195,
137.91,8358,8193,8192,
137.922,8364,8193,8195,
137.93,8361,8191,8192,
137.941,8358,8199,8192,
137.952,8364,8193,8192,
137.963,8361,8196,8198,
137.971,8364,8193,8192,
137.983,8366,8196,8195,
137.992,8358,8193,8190,
138.003,8364,8193,8192,
138.011,8361,8183,8190,
138.023,8356,8161,8177,
138.033,8358,8181,8198,
138.042,8353,8193,8198,
138.051,8356,8191,8195,
138.062,8358,8193,8192,
138.074,8356,8188,8195,
138.085,8356,8188,8195,
138.092,8356,8193,8198,
138.1,8361,8191,8192,
138.112,8356,8193,8195,
138.121,8356,8196,8195,
138.129,8358,8193,8192,
138.139,8353,8196,8192,
138.153,8361,8191,8192,
138.159,8358,8193,8192,
138.172,8361,8193,8190,
138.181,8353,8196,8192,
138.192,8361,8193,8192,
138.201,8364,8191,8192,
138.212,8356,8183,8185,
138.222,8350,8168,8180,
138.233,8347,8181,8187,
138.244,8347,8188,8190,
138.251,8356,8191,8195,
138.26,8356,8191,8195,
138.271,8353,8196,8192,
138.283,8358,8191,8195,
138.29,8353,8193,8192,
138.302,8356,8191,8190,
138.311,8356,8193,8190,
138.323,8361,8193,8195,
138.329,8361,8193,8192,
138.342,8358,8193,8190,
138.353,8361,8193,8192,
138.36,8364,8193,8192,
138.374,8364,8199,8198,
138.38,8358,8196,8192,
138.391,8361,8191,8190,
138.402,8361,8196,8192,
138.412,8358,8191,8187,
138.423,8350,8175,8177,
138.433,8353,8178,8185,
138.442,8350,8186,8192,
138.451,8358,8196,8198,
138.462,8356,8193,8195,
138.473,8356,8193,8198,
138.48,8358,8196,8195,
138.491,8356,8191,8192,
138.501,8356,8191,8192,
138.512,8361,8193,8198,
138.52,8358,8191,8195,
138.533,8361,8193,8192,
138.542,8358,8196,8192,
138.552,8364,8191,8192,
138.56,8364,8188,8192,
138.573,8361,8193,8195,
138.583,8358,8193,8192,
138.592,8361,8196,8190,
138.602,8361,8193,8195,
138.61,8356,8193,8187,
138.621,8350,8153,8177,
138.63,8353,8175,8190,
138.641,8347,8188,8195,
138.653,8350,8199,8192,
138.659,8353,8193,8190,
138.672,8353,8193,8195,
138.68,8356,8193,8192,
138.691,8353,8193,8190,
138.703,8356,8193,8192,
138.712,8356,8196,8192,
138.721,8361,8196,8192,
138.733,8358,8193,8195,
138.74,8361,8191,8187,
138.753,8361,8199,8195,
138.76,8358,8196,8192,
138.771,8358,8191,8190,
138.783,8361,8196,8192,
138.79,8358,8191,8192,
138.801,8364,8193,8198,
138.813,8356,8193,8190,
138.822,8350,8165,8182,
138.833,8350,8178,8180,
138.84,8347,8186,8190,
138.85,8350,8186,8190,
138.86,8350,8196,8190,
138.871,8350,8191,8190,
138.882,8353,8196,8192,
138.89,8356,8191,8190,
138.902,8356,8193,8192,
138.91,8356,8188,8192,
138.923,8356,8191,8192,
138.93,8353,8196,8190,
138.939,8356,8193,8195,
138.95,8350,8193,8187,
138.961,8347,8201,8192,
138.97,8342,8199,8190,
138.98,8347,8196,8187,
138.988,8339,8191,8190,
139,8347,8193,8187,
139.011,8339,8188,8190,
139.018,8331,8168,8177,
139.031,8329,8178,8180,
139.04,8326,8183,8190,
139.05,8334,8193,8195,
139.058,8339,8193,8192,
139.07,8337,8196,8190,
139.08,8329,8193,8192,
139.091,8329,8188,8190,
139.1,8326,8196,8190,
139.109,8320,8199,8190,
139.119,8320,8204,8190,
139.131,8310,8186,8192,
139.138,8307,8204,8187,
139.15,8296,8204,8182,
139.159,8288,8204,8187,
139.171,8283,8206,8177,
139.18,8283,8206,8182,
139.189,8271,8204,8182,
139.201,8263,8201,8177,
139.209,8254,8204,8180,
139.22,8217,8153,8169,
139.229,8214,8193,8177,
139.24,8217,8201,8177,
139.25,8219,8201,8177,
139.261,8211,8212,8185,
139.271,8211,8204,8177,
139.28,8203,8217,8180,
139.292,8203,8212,8180,
139.302,8203,8204,8174,
139.313,8185,8212,8177,
139.321,8185,8214,8177,
139.329,8179,8214,8174,
139.341,8177,8222,8180,
139.351,8182,8214,8172,
139.361,8177,8204,8172,
139.37,8174,8219,8177,
139.379,8174,8219,8174,
139.391,8171,8224,8182,
139.399,8171,8201,8177,
139.411,8166,8206,8172,
139.42,8136,8175,8167,
139.429,8168,8188,8180,
139.438,8158,8242,8182,
139.451,8168,8219,8177,
139.459,8168,8214,8172,
139.471,8158,8206,8177,
139.477,8168,8212,8174,
139.49,8174,8217,8174,
139.5,8177,8222,8180,
139.51,8168,8214,8174,
139.519,8174,8217,8174,
139.53,8185,8219,8177,
139.538,8171,8214,8177,
139.551,8177,8212,8180,
139.563,8179,8227,8174,
139.57,8174,8204,8180,
139.581,8195,8214,8177,
139.589,8182,8222,8180,
139.598,8182,8212,8177,
139.608,8163,8201,8174,
139.619,8147,8137,8174,
139.631,8158,8201,8177,
139.639,8174,8204,8174,
139.65,8179,8212,8174,
139.659,8182,8219,8174,
139.67,8179,8212,8174,
139.679,8188,8204,8180,
139.691,8171,8212,8180,
139.699,8185,8212,8174,
139.709,8188,8209,8174,
139.72,8188,8214,8174,
139.73,8192,8212,8177,
139.738,8192,8209,8177,
139.748,8192,8214,8172,
139.758,8203,8212,8177,
139.769,8195,8209,8172,
139.779,8198,8209,8185,
139.789,8198,8214,8177,
139.801,8195,8209,8185,
139.81,8195,8161,8174,
139.82,8155,8153,8172,
139.829,8185,8191,8185,
139.839,8198,8204,8174,
139.85,8192,8206,8177,
139.858,8206,8209,8174,
139.871,8208,8212,8177,
139.879,8200,8204,8182,
139.888,8211,8206,8177,
139.902,8211,8209,8180,
139.908,8214,8206,8177,
139.919,8222,8219,8182,
139.929,8208,8212,8177,
139.939,8214,8217,8177,
139.949,8222,8212,8182,
139.958,8222,8217,8185,
139.967,8227,8214,8180,
139.979,8233,8212,8180,
139.99,8227,8209,8185,
140,8222,8217,8172,
140.009,8214,8196,8174,
140.019,8188,8170,8177,
140.029,8200,8183,8177,
140.039,8219,8206,8177,
140.05,8225,8196,8177,
140.06,8230,8209,8180,
140.068,8233,8204,8177,
140.079,8225,8201,8187,
140.088,8235,8199,8180,
140.1,8233,8209,8182,
140.108,8227,8206,8182,
140.117,8241,8224,8187,
140.128,8246,8217,8187,
140.137,8252,8217,8182,
140.148,8246,8201,8182,
140.157,8246,8206,8182,
140.166,8246,8214,8187,
140.179,8249,8212,8180,
140.187,8249,8209,8182,
140.201,8252,8204,8185,
140.208,8238,8170,8182,
140.22,8211,8173,8174,
140.228,8238,8204,8185,
140.237,8241,8196,8182,
140.248,8246,8212,8177,
140.257,8263,8201,8182,
140.268,8260,8201,8182,
140.277,8263,8204,8177,
140.289,8265,8212,8182,
140.299,8271,8206,8187,
140.31,8273,8204,8182,
140.319,8276,8204,8187,
140.331,8276,8204,8185,
140.337,8279,8196,8185,
140.348,8279,8206,8182,
140.357,8283,8209,8182,
140.371,8279,8206,8182,
140.377,8276,8209,8182,
140.388,8285,8201,8185,
140.399,8283,8206,8187,
140.408,8279,8193,8180,
140.418,8265,8165,8174,
140.428,8283,8173,8182,
140.439,8283,8204,8192,
140.449,8285,8204,8182,
140.46,8285,8204,8185,
140.468,8288,8209,8187,
140.478,8291,8206,8185,
140.489,8296,8204,8185,
140.498,8296,8206,8185,
140.508,8301,8209,8185,
140.518,8296,8204,8185,
140.529,8296,8201,8190,
140.539,8301,8201,8185,
140.549,8304,8201,8190,
140.559,8307,8212,8187,
140.569,8310,8204,8180,
140.578,8304,8201,8185,
140.589,8307,8201,8185,
140.599,8296,8193,8182,
140.607,8296,8181,8180,
140.618,8283,8170,8174,
140.629,8299,8188,8182,
140.638,8304,8201,8185,
140.648,8304,8201,8185,
140.66,8304,8204,8187,
140.669,8310,8196,8185,
140.679,8310,8204,8187,
140.688,8312,8201,8190,
140.699,8318,8196,8185,
140.71,8318,8204,8187,
140.717,8320,8204,8187,
140.728,8326,8199,8187,
140.737,8331,8196,8190,
140.748,8326,8206,8190,
140.758,8326,8204,8190,
140.766,8331,8201,8190,
140.779,8334,8204,8190,
140.791,8334,8199,8190,
140.797,8334,8201,8195,
140.809,8337,8193,8185,
140.819,8323,8145,8174,
140.829,8323,8186,8185,
140.839,8326,8196,8192,
140.847,8339,8196,8198,
140.857,8339,8193,8192,
140.869,8342,8196,8190,
140.877,8345,8196,8190,
140.886,8347,8193,8190,
140.896,8347,8199,8195,
140.907,8347,8196,8192,
140.918,8347,8196,8192,
140.928,8353,8201,8195,
140.937,8353,8193,8195,
140.949,8353,8196,8198,
140.958,8358,8201,8195,
140.969,8356,8199,8198,
140.977,8353,8193,8195,
140.987,8353,8196,8192,
140.998,8353,8199,8190,
141.008,8350,8188,8185,
141.017,8342,8150,8174,
141.029,8345,8173,8177,
141.037,8345,8186,8190,
141.047,8353,8193,8195,
141.058,8347,8193,8187,
141.069,8350,8191,8190,
141.078,8353,8191,8190,
141.089,8356,8193,8190,
141.098,8358,8196,8198,
141.107,8364,8188,8187,
141.117,8364,8196,8192,
141.128,8366,8191,8192,
141.139,8372,8181,8192,
141.148,8377,8186,8192,
141.158,8379,8191,8198,
141.168,8385,8191,8198,
141.179,8385,8191,8198,
141.188,8382,8193,8195,
141.197,8382,8193,8195,
141.211,8385,8183,8192,
141.218,8377,8165,8180,
141.228,8372,8181,8187,
141.236,8369,8186,8195,
141.247,8379,8191,8198,
141.256,8372,8188,8195,
141.269,8379,8188,8195,
141.276,8379,8191,8200,
141.285,8387,8193,8200,
141.296,8387,8193,8195,
141.307,8393,8193,8195,
141.317,8396,8188,8195,
141.326,8398,8188,8198,
141.336,8401,8188,8200,
141.348,8401,8193,8198,
141.355,8404,8188,8198,
141.365,8404,8191,8200,
141.378,8409,8193,8195,
141.387,8412,8188,8200,
141.395,8414,8191,8198,
141.407,8417,8183,8192,
141.418,8425,8155,8180,
141.428,8417,8170,8195,
141.438,8414,8178,8198,
141.447,8423,8183,8198,
141.455,8425,8183,8200,
141.468,8431,8183,8200,
141.476,8433,8183,8200,
141.489,8436,8181,8203,
141.498,8442,8181,8200,
141.508,8450,8181,8205,
141.519,8447,8186,8208,
141.527,8455,8183,8203,
141.536,8458,8178,8205,
141.548,8458,8183,8203,
141.557,8463,8183,8203,
141.57,8463,8183,8203,
141.576,8463,8183,8203,
141.587,8463,8181,8208,
141.597,8471,8183,8205,
141.607,8479,8178,8200,
141.616,8487,8170,8185,
141.627,8471,8170,8203,
141.639,8461,8181,8205,
141.649,8461,8181,8205,
141.655,8463,8178,8205,
141.669,8471,8183,8208,
141.678,8473,8181,8208,
141.687,8468,8181,8205,
141.696,8471,8181,8205,
141.704,8468,8181,8208,
141.716,8473,8181,8205,
141.728,8473,8178,8205,
141.738,8476,8178,8208,
141.746,8479,8178,8210,
141.757,8473,8181,8205,
141.767,8476,8181,8205,
141.776,8476,8178,8210,
141.787,8479,8181,8205,
141.796,8481,8181,8208,
141.806,8495,8175,8200,
141.816,8500,8165,8185,
141.825,8473,8178,8190,
141.835,8450,8178,8205,
141.846,8461,8175,8205,
141.857,8461,8175,8205,
141.865,8458,8178,8205,
141.877,8463,8178,8205,
141.885,8463,8183,8205,
141.897,8468,8175,8203,
141.908,8463,8178,8208,
141.917,8468,8181,8205,
141.927,8461,8181,8210,
141.935,8463,8183,8208,
141.947,8463,8181,8208,
141.955,8473,8181,8205,
141.968,8471,8175,8205,
141.976,8473,8181,8203,
141.985,8473,8181,8208,
141.994,8476,8181,8203,
142.008,8490,8175,8195,
142.017,8495,8170,8182,
142.027,8461,8175,8190,
142.036,8442,8181,8205,
142.046,8452,8183,8205,
142.056,8455,8181,8205,
142.066,8455,8181,8205,
142.078,8458,8183,8205,
142.084,8455,8181,8203,
142.095,8458,8181,8203,
142.106,8458,8181,8203,
142.115,8463,8181,8208,
142.124,8463,8181,8208,
142.134,8461,8181,8205,
142.146,8458,8181,8208,
142.154,8458,8178,8205,
142.167,8461,8181,8205,
142.175,8461,8183,8208,
142.187,8463,8181,8208,
142.196,8468,8181,8205,
142.206,8479,8173,8198,
142.215,8487,8168,8187,
142.227,8463,8178,8192,
142.237,8444,8178,8205,
142.245,8455,8181,8205,
142.256,8452,8178,8205,
142.265,8455,8178,8203,
142.274,8458,8181,8203,
142.286,8461,8178,8205,
142.294,8452,8178,8200,
142.303,8455,8178,8205,
142.317,8455,8178,8205,
142.327,8450,8181,8208,
142.337,8452,8183,8205,
142.346,8447,8183,8205,
142.357,8447,8178,8203,
142.368,8447,8183,8200,
142.378,8447,8186,8205,
142.385,8447,8183,8205,
142.395,8452,8186,8205,
142.406,8458,8181,8195,
142.414,8473,8170,8180,
142.426,8452,8178,8190,
142.435,8428,8181,8200,
142.445,8436,8183,8200,
142.456,8436,8183,8203,
142.466,8436,8183,8203,
142.474,8436,8181,8203,
142.485,8436,8183,8203,
142.497,8439,8183,8200,
142.503,8433,8183,8203,
142.516,8431,8183,8203,
142.527,8433,8183,8203,
142.536,8431,8183,8208,
142.545,8431,8183,8203,
142.556,8431,8186,8203,
142.567,8431,8186,8205,
142.575,8431,8183,8200,
142.587,8428,8183,8203,
142.593,8431,8183,8205,
142.606,8436,8183,8203,
142.615,8442,8173,8185,
142.627,8425,8175,8195,
142.633,8412,8181,8203,
142.647,8414,8181,8200,
142.656,8417,8183,8198,
142.667,8417,8183,8198,
142.676,8414,8186,8198,
142.686,8414,8183,8198,
142.694,8414,8186,8200,
142.706,8414,8188,8200,
142.715,8412,8186,8200,
142.726,8409,8183,8200,
142.735,8412,8188,8203,
142.747,8412,8188,8200,
142.756,8409,8191,8200,
142.764,8412,8181,8198,
142.776,8412,8183,8200,
142.786,8406,8186,8200,
142.795,8412,8186,8200,
142.805,8406,8186,8198,
142.815,8412,8159,8180,
142.825,8398,8178,8195,
142.835,8404,8183,8198,
142.847,8398,8186,8203,
142.856,8404,8186,8198,
142.868,8398,8188,8198,
142.876,8398,8188,8198,
142.888,8401,8193,8195,
142.894,8401,8188,8195,
142.905,8398,8188,8195,
142.915,8404,8186,8195,
142.925,8398,8188,8203,
142.937,8401,8191,8198,
142.945,8404,8188,8198,
142.956,8398,8188,8195,
142.967,8401,8191,8195,
142.975,8401,8188,8200,
142.987,8398,8188,8195,
142.996,8398,8188,8192,
143.007,8398,8186,8192,
143.017,8398,8132,8180,
143.024,8393,8170,8192,
143.036,8379,8183,8198,
143.046,8390,8183,8195,
143.056,8382,8188,8195,
143.062,8385,8186,8192,
143.073,8387,8188,8195,
143.085,8390,8188,8195,
143.096,8387,8188,8195,
143.105,8390,8191,8195,
143.114,8387,8191,8195,
143.126,8387,8191,8195,
143.135,8387,8188,8195,
143.145,8387,8193,8198,
143.156,8387,8188,8195,
143.164,8387,8193,8192,
143.175,8385,8193,8198,
143.184,8385,8191,8198,
143.194,8390,8193,8195,
143.205,8379,8175,8187,
143.217,8385,8155,8177,
143.224,8379,8178,8187,
143.233,8366,8188,8195,
143.245,8366,8183,8192,
143.253,8369,8186,8192,
143.265,8369,8186,8192,
143.275,8366,8188,8192,
143.285,8372,8191,8192,
143.294,8369,8191,8192,
143.304,8366,8196,8195,
143.313,8372,8191,8195,
143.326,8372,8188,8198,
143.336,8372,8196,8195,
143.344,8372,8196,8192,
143.353,8377,8193,8190,
143.365,8372,8196,8195,
143.376,8372,8196,8195,
143.387,8377,8191,8192,
143.392,8369,8191,8192,
143.404,8372,8183,8187,
143.414,8372,8165,8180,
143.426,8364,8178,8192,
143.434,8364,8181,8195,
143.445,8366,8193,8195,
143.455,8372,8188,8192,
143.463,8366,8193,8200,
143.476,8366,8186,8192,
143.483,8369,8193,8195,
143.493,8369,8196,8192,
143.505,8372,8193,8195,
143.512,8377,8193,8192,
143.524,8377,8196,8195,
143.535,8372,8188,8192,
143.546,8372,8196,8200,
143.555,8372,8196,8195,
143.565,8372,8191,8190,
143.575,8369,8196,8195,
143.585,8372,8199,8195,
143.595,8369,8191,8192,
143.606,8364,8188,8190,
143.613,8358,8165,8177,
143.624,8350,8168,8190,
143.634,8353,8183,8192,
143.645,8358,8193,8190,
143.653,8358,8193,8192,
143.662,8361,8188,8190,
143.673,8358,8191,8190,
143.686,8361,8196,8198,
143.695,8364,8186,8185,
143.701,8364,8196,8192,
143.712,8366,8193,8192,
143.723,8369,8196,8192,
143.732,8366,8186,8195,
143.745,8366,8193,8192,
143.753,8364,8196,8192,
143.765,8366,8196,8192,
143.775,8364,8193,8195,
143.781,8369,8196,8192,
143.792,8366,8196,8190,
143.805,8364,8183,8185,
143.817,8356,8150,8177,
143.826,8356,8186,8190,
143.833,8350,8188,8192,
143.843,8356,8199,8192,
143.853,8361,8191,8195,
143.864,8358,8188,8192,
143.872,8361,8188,8195,
143.884,8361,8186,8195,
143.891,8358,8193,8192,
143.905,8364,8191,8192,
143.912,8361,8191,8192,
143.924,8358,8193,8192,
143.934,8364,8193,8195,
143.943,8358,8193,8192,
143.954,8358,8191,8195,
143.963,8361,8196,8192,
143.975,8358,8199,8192,
143.983,8361,8183,8192,
143.995,8361,8193,8192,
144.004,8358,8188,8187,
144.014,8350,8168,8177,
144.023,8353,8181,8187,
144.035,8347,8193,8190,
144.043,8353,8193,8187,
144.055,8350,8193,8192,
144.064,8350,8193,8190,
144.074,8350,8196,8192,
144.082,8350,8193,8190,
144.092,8353,8196,8190,
144.103,8353,8199,8187,
144.114,8356,8191,8192,
144.124,8356,8193,8190,
144.133,8356,8196,8192,
144.144,8361,8193,8187,
144.154,8361,8196,8190,
144.163,8358,8193,8192,
144.171,8361,8196,8195,
144.183,8358,8193,8195,
144.193,8361,8196,8192,
144.202,8358,8186,8182,
144.212,8353,8155,8180,
144.221,8345,8178,8187,
144.233,8345,8183,8192,
144.246,8353,8193,8192,
144.252,8358,8188,8192,
144.262,8353,8193,8192,
144.271,8358,8193,8192,
144.284,8356,8196,8192,
144.293,8358,8193,8192,
144.304,8364,8191,8195,
144.312,8361,8196,8190,
144.322,8361,8196,8190,
144.333,8364,8199,8190,
144.341,8364,8193,8190,
144.353,8356,8193,8190,
144.364,8364,8199,8192,
144.372,8364,8196,8198,
144.382,8358,8196,8190,
144.391,8366,8196,8192,
144.403,8364,8186,8187,
144.414,8353,8170,8174,
144.422,8356,8178,8187,
144.433,8350,8186,8192,
144.443,8356,8191,8195,
144.452,8358,8188,8192,
144.462,8356,8193,8192,
144.472,8356,8191,8187,
144.481,8356,8188,8190,
144.492,8353,8188,8190,
144.503,8353,8193,8195,
144.512,8361,8193,8190,
144.524,8356,8196,8192,
144.531,8361,8193,8190,
144.542,8356,8188,8192,
144.554,8358,8193,8192,
144.565,8358,8193,8192,
144.572,8353,8188,8190,
144.582,8358,8193,8190,
144.594,8358,8196,8192,
144.603,8353,8183,8185,
144.612,8342,8155,8174,
144.622,8342,8186,8187,
144.632,8342,8196,8192,
144.644,8347,8193,8187,
144.653,8350,8191,8192,
144.663,8347,8193,8195,
144.672,8353,8191,8190,
144.682,8353,8193,8192,
144.692,8356,8193,8192,
144.704,8350,8191,8192,
144.715,8356,8191,8190,
144.723,8358,8188,8192,
144.735,8358,8191,8192,
144.742,8356,8193,8190,
144.754,8358,8196,8192,
144.764,8358,8196,8190,
144.773,8361,8196,8195,
144.782,8366,8191,8192,
144.793,8361,8193,8195,
144.803,8353,8188,8187,
144.812,8347,8168,8174,
144.829,8345,8181,8192,
144.831,8345,8191,8187,
144.843,8353,8196,8195,
144.852,8347,8196,8187,
144.861,8350,8196,8187,
144.872,8347,8199,8192,
144.881,8347,8193,8190,
144.894,8342,8193,8190,
144.903,8347,8196,8187,
144.913,8345,8196,8190,
144.922,8347,8196,8192,
144.935,8353,8199,8192,
144.941,8347,8193,8192,
144.952,8353,8196,8195,
144.963,8353,8193,8192,
144.971,8350,8193,8190,
144.982,8350,8199,8190,
144.993,8353,8196,8198,
145.003,8347,8181,8180,
145.012,8337,8150,8172,
145.023,8345,8183,8190,
145.032,8337,8181,8190,
145.042,8347,8188,8192,
145.053,8347,8199,8195,
145.063,8345,8193,8187,
145.071,8345,8196,8187,
145.08,8347,8193,8195,
145.092,8353,8191,8192,
145.103,8350,8193,8195,
145.112,8353,8193,8187,
145.122,8356,8196,8190,
145.131,8353,8196,8192,
145.143,8358,8191,8190,
145.152,8358,8188,8192,
145.161,8356,8193,8192,
145.172,8361,8193,8190,
145.181,8356,8193,8192,
145.19,8358,8199,8192,
145.202,8353,8188,8192,
145.211,8342,8155,8177,
145.222,8339,8178,8185,
145.231,8337,8188,8192,
145.241,8339,8186,8190,
145.251,8339,8191,8192,
145.263,8339,8193,8190,
145.274,8339,8193,8192,
145.28,8342,8193,8190,
145.293,8342,8193,8185,
145.303,8345,8199,8192,
145.311,8342,8191,8190,
145.321,8345,8196,8190,
145.332,8345,8196,8192,
145.341,8342,8188,8190,
145.353,8342,8193,8190,
145.359,8342,8193,8190,
145.372,8342,8199,8190,
145.381,8339,8193,8190,
145.392,8337,8193,8187,
145.403,8323,8183,8185,
145.41,8310,8173,8174,
145.422,8315,8183,8187,
145.431,8310,8196,8187,
145.441,8315,8199,8185,
145.451,8310,8199,8187,
145.46,8304,8196,8190,
145.473,8301,8204,8185,
145.482,8296,8199,8187,
145.493,8291,8204,8185,
145.503,8283,8201,8182,
145.511,8285,8201,8182,
145.521,8276,8201,8182,
145.53,8276,8201,8182,
145.541,8271,8199,8185,
145.553,8263,8204,8180,
145.561,8257,8214,8182,
145.571,8257,8209,8182,
145.58,8257,8214,8182,
145.59,8252,8212,8185,
145.603,8233,8168,8174,
145.611,8198,8186,8172,
145.619,8203,8193,8177,
145.63,8222,8199,8180,
145.641,8219,8201,8177,
145.652,8208,8212,8177,
145.66,8217,8212,8180,
145.671,8211,8214,8174,
145.682,8222,8212,8180,
145.692,8222,8201,8182,
145.698,8222,8214,8174,
145.712,8227,8209,8177,
145.72,8211,8204,8180,
145.732,8214,8214,8177,
145.741,8206,8209,8182,
145.752,8217,8217,8177,
145.76,8208,8219,8182,
145.771,8198,8206,8172,
145.78,8214,8204,8182,
145.789,8203,8217,8177,
145.8,8192,8173,8177,
145.812,8160,8153,8174,
145.82,8195,8201,8182,
145.83,8200,8206,8182,
145.841,8198,8214,8180,
145.854,8200,8199,8174,
145.861,8206,8209,8177,
145.87,8217,8212,8177,
145.882,8195,8204,8174,
145.888,8208,8214,8177,
145.902,8214,8217,8177,
145.909,8203,8217,8180,
145.922,8206,8219,8180,
145.931,8214,8201,8177,
145.94,8208,8206,8180,
145.954,8211,8204,8177,
145.96,8208,8209,8174,
145.969,8217,8209,8177,
146.003,8219,8217,8182,
146.005,8208,8217,8177,
146.005,8214,8201,8177,
146.011,8179,8175,8174,
146.019,8200,8181,8180,
146.031,8206,8206,8182,
146.042,8211,8206,8180,
146.05,8195,8199,8180,
146.062,8206,8199,8172,
146.072,8208,8204,8177,
146.082,8208,8204,8177,
146.089,8219,8209,8177,
146.1,8222,8204,8180,
146.112,8225,8214,8180,
146.121,8222,8209,8177,
146.13,8219,8204,8177,
146.14,8225,8209,8182,
146.15,8233,8206,8185,
146.161,8230,8227,8182,
146.172,8227,8217,8187,
146.18,8241,8214,8185,
146.191,8235,8214,8185,
146.203,8230,8201,8180,
146.21,8198,8155,8172,
146.221,8208,8188,8180,
146.23,8230,8193,8180,
146.239,8238,8219,8180,
146.252,8235,8206,8177,
146.261,8241,8212,8177,
146.27,8241,8201,8182,
146.28,8246,8214,8185,
146.292,8249,8206,8180,
146.298,8244,8214,8185,
146.311,8249,8214,8180,
146.32,8252,8212,8187,
146.331,8257,8214,8182,
146.339,8254,8219,8187,
146.35,8254,8209,8185,
146.361,8252,8204,8187,
146.371,8254,8206,8185,
146.381,8263,8204,8187,
146.39,8257,8201,8182,
146.403,8246,8193,8180,
146.41,8217,8161,8174,
146.421,8244,8193,8177,
146.43,8249,8191,8180,
146.439,8244,8206,8174,
146.452,8249,8204,8180,
146.461,8252,8204,8182,
146.471,8246,8214,8185,
146.48,8249,8206,8180,
146.493,8252,8206,8182,
146.502,8257,8212,8185,
146.51,8263,8204,8185,
146.521,8260,8212,8182,
146.531,8263,8206,8185,
146.541,8268,8204,8180,
146.55,8265,8212,8182,
146.56,8268,8204,8180,
146.569,8273,8214,8177,
146.58,8276,8209,8185,
146.588,8279,8206,8180,
146.6,8273,8196,8182,
146.61,8252,8142,8177,
146.621,8260,8191,8180,
146.631,8271,8201,8187,
146.637,8276,8201,8187,
146.65,8279,8201,8180,
146.659,8283,8201,8182,
146.671,8283,8201,8182,
146.68,8283,8204,8185,
146.69,8283,8204,8182,
146.7,8285,8201,8187,
146.709,8283,8204,8182,
146.719,8285,8212,8187,
146.729,8283,8204,8182,
146.737,8288,8209,8185,
146.752,8291,8193,8177,
146.761,8288,8212,8190,
146.768,8288,8209,8185,
146.781,8296,8204,8182,
146.79,8285,8206,8185,
146.8,8283,8196,8180,
146.809,8265,8155,8177,
146.821,8271,8191,8177,
146.831,8283,8199,8187,
146.841,8288,8196,8182,
146.85,8285,8201,8185,
146.859,8285,8204,8187,
146.868,8288,8196,8185,
146.88,8293,8204,8187,
146.891,8299,8201,8180,
146.898,8301,8199,8187,
146.908,8304,8206,8185,
146.921,8304,8201,8185,
146.929,8304,8209,8190,
146.938,8307,8214,8190,
146.95,8312,8199,8187,
146.958,8304,8206,8185,
146.971,8312,8206,8185,
146.979,8312,8204,8187,
146.988,8310,8201,8185,
147,8299,8196,8185,
147.011,8283,8170,8177,
147.02,8288,8181,8177,
147.031,8296,8191,8187,
147.04,8307,8191,8190,
147.049,8307,8196,8185,
147.06,8310,8201,8185,
147.069,8310,8196,8187,
147.08,8312,8201,8185,
147.088,8320,8204,8190,
147.099,8315,8199,8185,
147.11,8323,8201,8185,
147.118,8318,8204,8190,
147.13,8318,8199,8187,
147.141,8326,8201,8187,
147.15,8320,8201,8187,
147.159,8326,8201,8192,
147.168,8318,8201,8187,
147.181,8329,8204,8187,
147.189,8329,8204,8185,
147.2,8323,8193,8187,
147.208,8310,8155,8180,
147.218,8320,8183,8187,
147.229,8320,8193,8190,
147.238,8320,8199,8190,
147.25,8326,8199,8187,
147.259,8326,8201,8187,
147.271,8329,8193,8187,
147.278,8331,8199,8190,
147.289,8337,8199,8187,
147.299,8334,8196,8187,
147.307,8339,8204,8192,
147.319,8345,8201,8190,
147.328,8345,8204,8190,
147.337,8345,8199,8190,
147.349,8350,8199,8190,
147.358,8356,8196,8192,
147.369,8356,8196,8192,
147.378,8358,8201,8190,
147.387,8361,8196,8190,
147.4,8358,8191,8190,
147.406,8358,8159,8174,
147.42,8364,8168,8190,
147.429,8364,8183,8190,
147.44,8366,8193,8192,
147.446,8364,8188,8187,
147.457,8361,8193,8192,
147.47,8366,8186,8192,
147.478,8372,8191,8192,
147.487,8369,8193,8195,
147.498,8379,8196,8192,
147.509,8377,8193,8195,
147.517,8377,8193,8192,
147.527,8372,8199,8187,
147.537,8379,8193,8192,
147.55,8377,8193,8192,
147.56,8382,8193,8192,
147.57,8385,8196,8195,
147.577,8382,8193,8192,
147.587,8385,8191,8192,
147.598,8385,8178,8187,
147.609,8372,8150,8177,
147.618,8382,8186,8190,
147.629,8366,8183,8190,
147.639,8379,8188,8195,
147.65,8382,8188,8195,
147.66,8385,8188,8195,
147.67,8385,8186,8195,
147.68,8387,8191,8198,
147.69,8390,8196,8198,
147.701,8390,8193,8198,
147.707,8390,8196,8200,
147.719,8396,8191,8198,
147.728,8393,8196,8198,
147.738,8396,8188,8192,
147.747,8396,8191,8200,
147.758,8398,8193,8200,
147.769,8401,8188,8198,
147.778,8404,8188,8198,
147.787,8404,8186,8200,
147.798,8404,8188,8192,
147.807,8409,8170,8180,
147.818,8404,8175,8190,
147.828,8398,8178,8200,
147.84,8412,8186,8200,
147.847,8412,8183,8205,
147.856,8420,8186,8203,
147.869,8420,8186,8198,
147.878,8425,8186,8203,
147.888,8436,8186,8203,
147.898,8439,8183,8203,
147.908,8447,8181,8198,
147.919,8455,8181,8200,
147.927,8463,8183,8203,
147.938,8463,8186,8205,
147.947,8473,8181,8208,
147.959,8479,8181,8203,
147.969,8476,8178,8205,
147.976,8481,8178,8205,
147.989,8487,8181,8205,
147.998,8498,8178,8192,
148.006,8509,8165,8187,
148.017,8487,8175,8192,
148.03,8458,8178,8203,
148.039,8463,8178,8208,
148.049,8471,8181,8205,
148.059,8473,8178,8208,
148.07,8471,8175,8208,
148.078,8468,8178,8208,
148.088,8484,8178,8203,
148.097,8473,8175,8205,
148.109,8476,8181,8205,
148.118,8476,8178,8208,
148.13,8476,8178,8205,
148.137,8479,8175,8205,
148.146,8476,8178,8208,
148.157,8473,8181,8208,
148.168,8476,8178,8208,
148.176,8471,8178,8203,
148.188,8476,8183,8205,
148.199,8487,8178,8200,
148.208,8498,8168,8187,
148.218,8476,8178,8192,
148.228,8442,8175,8205,
148.236,8452,8178,8200,
148.25,8458,8178,8205,
148.255,8455,8178,8205,
148.269,8458,8178,8205,
148.278,8458,8178,8203,
148.288,8461,8173,8205,
148.299,8468,8178,8205,
148.307,8463,8181,8205,
148.319,8461,8178,8208,
148.328,8463,8181,8205,
148.339,8468,8186,8208,
148.345,8458,8178,8205,
148.357,8463,8183,8205,
148.37,8455,8178,8210,
148.379,8461,8181,8208,
148.386,8461,8181,8200,
148.396,8463,8175,8200,
148.408,8481,8173,8185,
148.417,8450,8175,8203,
148.428,8447,8183,8203,
148.436,8444,8178,8205,
148.448,8447,8178,8205,
148.458,8447,8181,8205,
148.466,8450,8181,8205,
148.478,8452,8178,8205,
148.486,8452,8178,8203,
148.496,8452,8175,8205,
148.508,8455,8183,8203,
148.517,8450,8183,8205,
148.53,8452,8181,8205,
148.539,8452,8183,8203,
148.547,8450,8183,8203,
148.555,8447,8181,8203,
148.568,8447,8183,8203,
148.577,8447,8181,8205,
148.586,8450,8183,8200,
148.6,8452,8175,8195,
148.608,8455,8173,8185,
148.617,8436,8181,8198,
148.627,8425,8183,8200,
148.637,8425,8183,8200,
148.646,8431,8183,8203,
148.658,8431,8181,8200,
148.667,8428,8181,8195,
148.677,8433,8178,8203,
148.686,8431,8178,8203,
148.698,8431,8186,8205,
148.706,8428,8183,8205,
148.718,8433,8181,8203,
148.726,8425,8186,8205,
148.734,8428,8183,8203,
148.747,8428,8188,8203,
148.757,8431,8181,8205,
148.768,8431,8183,8203,
148.778,8428,8181,8200,
148.787,8436,8183,8203,
148.797,8439,8175,8192,
148.805,8436,8165,8182,
148.819,8420,8181,8195,
148.828,8412,8181,8198,
148.838,8414,8186,8198,
148.849,8417,8181,8203,
148.856,8417,8186,8198,
148.865,8412,8183,8200,
148.878,8417,8183,8203,
148.887,8420,8183,8198,
148.896,8414,8183,8200,
148.906,8420,8183,8200,
148.915,8417,8183,8203,
148.928,8414,8183,8200,
148.937,8414,8188,8203,
148.947,8417,8186,8195,
148.957,8414,8186,8198,
148.966,8412,8186,8198,
148.977,8412,8186,8203,
148.986,8417,8186,8195,
148.997,8414,8181,8192,
149.005,8425,8168,8185,
149.019,8412,8178,8190,
149.027,8398,8186,8198,
149.036,8404,8186,8195,
149.047,8404,8183,8195,
149.058,8404,8188,8203,
149.065,8401,8183,8200,
149.075,8406,8188,8198,
149.086,8401,8183,8195,
149.096,8404,8183,8195,
149.106,8406,8186,8195,
149.114,8401,8186,8198,
149.127,8404,8186,8198,
149.136,8404,8186,8195,
149.148,8398,8183,8198,
149.154,8398,8193,8200,
149.166,8398,8191,8203,
149.176,8404,8186,8200,
149.186,8404,8186,8192,
149.196,8398,8181,8190,
149.207,8398,8159,8180,
149.217,8393,8186,8192,
149.225,8385,8186,8195,
149.238,8385,8186,8198,
149.244,8390,8188,8198,
149.258,8387,8188,8200,
149.268,8390,8193,8195,
149.276,8390,8188,8195,
149.286,8390,8193,8200,
149.294,8387,8191,8198,
149.307,8387,8191,8198,
149.316,8387,8191,8192,
149.325,8387,8186,8195,
149.336,8390,8196,8195,
149.346,8382,8191,8192,
149.357,8382,8191,8192,
149.365,8385,8193,8198,
149.374,8385,8186,8195,
149.385,8387,8186,8198,
149.396,8382,8186,8192,
149.409,8379,8165,8177,
149.415,8379,8181,8192,
149.427,8366,8188,8198,
149.436,8379,8188,8195,
149.447,8379,8181,8192,
149.454,8379,8186,8195,
149.466,8377,8188,8192,
149.475,8379,8188,8192,
149.486,8385,8188,8198,
149.497,8377,8191,8192,
149.506,8377,8188,8195,
149.517,8377,8186,8195,
149.525,8377,8191,8195,
149.536,8377,8193,8195,
149.544,8377,8188,8195,
149.555,8377,8193,8195,
149.567,8377,8193,8192,
149.576,8372,8191,8195,
149.587,8377,8196,8195,
149.597,8379,8191,8195,
149.605,8377,8178,8180,
149.617,8372,8183,8192,
149.626,8364,8186,8195,
149.635,8369,8181,8198,
149.645,8364,8186,8200,
149.656,8366,8188,8198,
149.664,8364,8193,8198,
149.676,8369,8196,8195,
149.684,8366,8188,8195,
149.696,8364,8193,8195,
149.705,8369,8193,8192,
149.714,8366,8193,8198,
149.725,8366,8191,8200,
149.735,8366,8188,8195,
149.745,8369,8191,8198,
149.757,8364,8199,8200,
149.765,8364,8196,8195,
149.777,8366,8201,8198,
149.786,8366,8193,8195,
149.794,8361,8181,8187,
149.804,8356,8183,8177,
149.815,8356,8186,8190,
149.825,8353,8193,8190,
149.835,8361,8191,8190,
149.843,8358,8188,8190,
149.855,8364,8191,8195,
149.864,8358,8188,8192,
149.878,8361,8199,8195,
149.883,8358,8196,8192,
149.896,8364,8191,8190,
149.905,8369,8199,8195,
149.915,8364,8188,8198,
149.924,8364,8199,8198,
149.936,8361,8196,8198,
149.946,8364,8196,8195,
149.954,8361,8188,8198,
149.964,8361,8188,8195,
149.975,8366,8193,8198,
149.986,8364,8199,8198,
149.996,8364,8186,8192,
150.004,8356,8161,8180,
150.015,8353,8170,8192,
150.025,8356,8183,8192,
150.036,8364,8183,8195,
150.045,8364,8191,8195,
150.056,8361,8191,8190,
150.065,8361,8191,8190,
150.075,8364,8199,8195,
150.085,8364,8191,8195,
150.096,8366,8193,8195,
150.106,8366,8196,8192,
150.117,8358,8193,8192,
150.124,8361,8193,8192,
150.135,8366,8196,8198,
150.145,8364,8191,8187,
150.157,8364,8199,8192,
150.163,8366,8193,8192,
150.175,8366,8191,8192,
150.184,8366,8188,8192,
150.195,8364,8178,8182,
150.206,8353,8153,8174,
150.215,8353,8186,8190,
150.226,8345,8188,8192,
150.235,8356,8186,8195,
150.243,8356,8188,8190,
150.257,8353,8191,8190,
150.263,8356,8191,8192,
150.274,8358,8191,8192,
150.285,8358,8188,8192,
150.294,8358,8193,8190,
150.304,8358,8193,8192,
150.316,8364,8191,8192,
150.326,8361,8193,8192,
150.335,8361,8193,8195,
150.344,8358,8193,8192,
150.355,8358,8193,8195,
150.363,8358,8193,8195,
150.374,8361,8191,8190,
150.386,8364,8196,8195,
150.394,8356,8183,8187,
150.403,8345,8161,8177,
150.416,8347,8183,8187,
150.426,8345,8191,8192,
150.435,8353,8188,8190,
150.446,8356,8186,8192,
150.454,8350,8188,8192,
150.465,8358,8191,8192,
150.474,8356,8191,8195,
150.483,8356,8193,8195,
150.494,8361,8196,8192,
150.504,8361,8196,8192,
150.515,8361,8191,8192,
150.527,8361,8199,8195,
150.535,8364,8191,8190,
150.544,8358,8196,8195,
150.554,8361,8191,8192,
150.565,8361,8199,8190,
150.576,8358,8196,8192,
150.584,8358,8193,8195,
150.594,8353,8193,8190,
150.603,8347,8145,8177,
150.613,8345,8188,8185,
150.624,8342,8188,8195,
150.635,8350,8196,8195,
150.643,8347,8188,8190,
150.654,8350,8196,8192,
150.665,8353,8191,8195,
150.673,8356,8188,8195,
150.684,8356,8196,8195,
150.694,8361,8193,8195,
150.702,8361,8191,8198,
150.715,8364,8196,8198,
150.724,8364,8196,8190,
150.734,8361,8193,8192,
150.744,8361,8199,8192,
150.754,8358,8193,8192,
150.763,8364,8191,8195,
150.775,8361,8193,8192,
150.784,8364,8193,8192,
150.796,8361,8186,8190,
150.806,8353,8155,8174,
150.813,8350,8175,8187,
150.825,8353,8186,8192,
150.832,8358,8191,8190,
150.844,8356,8188,8192,
150.854,8358,8188,8195,
150.863,8358,8193,8195,
150.874,8358,8193,8192,
150.883,8364,8186,8192,
150.893,8364,8193,8187,
150.903,8358,8191,8195,
150.912,8364,8193,8192,
150.925,8361,8196,8195,
150.936,8361,8191,8192,
150.944,8361,8193,8190,
150.954,8356,8196,8190,
150.964,8358,8193,8192,
150.976,8361,8196,8190,
150.983,8356,8191,8192,
150.995,8356,8193,8190,
151.003,8350,8159,8177,
151.015,8350,8173,8187,
151.025,8350,8188,8192,
151.034,8353,8191,8190,
151.045,8353,8191,8187,
151.053,8353,8191,8192,
151.063,8353,8196,8190,
151.072,8353,8199,8190,
151.082,8356,8193,8190,
151.093,8353,8196,8192,
151.103,8356,8196,8192,
151.113,8356,8196,8192,
151.124,8356,8196,8190,
151.133,8358,8199,8192,
151.144,8356,8188,8192,
151.154,8361,8201,8192,
151.163,8361,8196,8190,
151.173,8361,8196,8195,
151.183,8358,8191,8190,
151.193,8361,8181,8187,
151.204,8350,8175,8177,
151.213,8353,8170,8192,
151.221,8350,8181,8190,
151.236,8353,8188,8190,
151.242,8353,8196,8192,
151.254,8350,8193,8192,
151.266,8353,8191,8192,
151.275,8356,8193,8190,
151.285,8358,8199,8192,
151.292,8358,8196,8190,
151.303,8358,8196,8192,
151.312,8361,8191,8192,
151.324,8358,8196,8192,
151.336,8361,8193,8192,
151.343,8364,8191,8192,
151.352,8358,8193,8190,
151.363,8361,8199,8195,
151.372,8358,8196,8195,
151.384,8361,8191,8192,
151.395,8358,8178,8185,
151.404,8345,8153,8174,
151.415,8345,8188,8192,
151.423,8334,8186,8190,
151.435,8345,8193,8190,
151.445,8350,8191,8190,
151.453,8347,8193,8192,
151.462,8350,8193,8187,
151.475,8353,8199,8190,
151.484,8358,8196,8192,
151.496,8350,8191,8185,
151.502,8356,8191,8192,
151.514,8358,8196,8190,
151.523,8358,8196,8195,
151.535,8358,8199,8195,
151.543,8364,8196,8195,
151.555,8361,8196,8195,
151.565,8361,8191,8192,
151.573,8358,8201,8192,
151.583,8356,8196,8192,
151.596,8358,8191,8187,
151.605,8350,8155,8182,
151.614,8350,8181,8180,
151.625,8342,8175,8192,
151.633,8350,8191,8190,
151.643,8347,8191,8190,
151.653,8347,8193,8192,
151.665,8350,8193,8195,
151.675,8350,8196,8195,
151.683,8350,8196,8195,
151.692,8350,8193,8192,
151.703,8353,8193,8198,
151.714,8356,8193,8195,
151.724,8356,8196,8195,
151.733,8356,8193,8198,
151.744,8358,8193,8192,
151.752,8350,8193,8190,
151.764,8347,8193,8198,
151.775,8345,8196,8192,
151.784,8342,8193,8192,
151.792,8326,8186,8187,
151.801,8312,8159,8174,
151.816,8307,8183,8187,
151.824,8296,8193,8187,
151.834,8288,8201,8182,
151.841,8283,8204,8190,
151.853,8279,8201,8185,
151.864,8273,8209,8180,
151.871,8263,8209,8182,
151.884,8254,8204,8177,
151.893,8254,8209,8185,
151.904,8244,8209,8180,
151.912,8233,8199,8177,
151.923,8230,8204,8180,
151.932,8217,8224,8185,
151.945,8222,8209,8177,
151.952,8214,8201,8174,
151.962,8214,8206,8177,
151.971,8211,8212,8177,
151.981,8206,8217,8174,
151.992,8188,8181,8177,
152.003,8152,8165,8169,
152.012,8174,8199,8177,
152.023,8179,8217,8180,
152.034,8174,8224,8182,
152.042,8179,8214,8174,
152.051,8177,8217,8180,
152.062,8171,8206,8177,
152.074,8188,8212,8180,
152.084,8174,8214,8182,
152.092,8168,8209,8177,
152.102,8177,8199,8182,
152.111,8174,8209,8177,
152.124,8168,8217,8180,
152.134,8168,8209,8177,
152.144,8174,8214,8180,
152.153,8168,8209,8177,
152.164,8168,8224,8182,
152.173,8168,8206,8174,
152.182,8163,8222,8187,
152.194,8174,8201,8177,
152.2,8131,8186,8174,
152.213,8174,8188,8182,
152.221,8166,8206,8180,
152.232,8168,8222,8177,
152.242,8182,8209,8180,
152.254,8168,8224,8177,
152.261,8185,8206,8177,
152.271,8174,8222,8177,
152.283,8182,8206,8177,
152.293,8174,8217,8180,
152.305,8171,8217,8180,
152.313,8166,8212,8180,
152.324,8171,8227,8182,
152.332,8177,8219,8180,
152.343,8177,8206,8187,
152.351,8179,8214,8180,
152.361,8182,8222,8174,
152.372,8188,8209,8172,
152.382,8177,8219,8174,
152.392,8179,8186,8172,
152.401,8147,8178,8174,
152.413,8174,8193,8177,
152.421,8179,8219,8180,
152.431,8182,8219,8177,
152.442,8182,8206,8177,
152.454,8188,8217,8177,
152.462,8177,8217,8180,
152.472,8179,8209,8172,
152.48,8195,8217,8177,
152.492,8185,8199,8174,
152.502,8200,8219,8177,
152.511,8203,8214,8172,
152.521,8198,8204,8177,
152.53,8203,8219,8180,
152.542,8203,8209,8177,
152.551,8203,8214,8182,
152.562,8203,8230,8185,
152.571,8206,8196,8177,
152.583,8203,8209,8182,
152.593,8195,8186,8182,
152.604,8163,8137,8180,
152.612,8195,8181,8180,
152.621,8200,8204,8185,
152.644,8200,8201,8177,
152.644,8200,8206,8182,
152.65,8206,8201,8182,
152.661,8203,8204,8180,
152.67,8214,8199,8174,
152.684,8214,8212,8180,
152.689,8217,8217,8180,
152.702,8214,8214,8177,
152.711,8219,8212,8180,
152.719,8219,8209,8174,
152.731,8222,8212,8174,
152.743,8225,8219,8185,
152.75,8219,8209,8180,
152.763,8219,8209,8177,
152.773,8222,8212,8177,
152.782,8227,8217,8180,
152.793,8219,8199,8180,
152.802,8192,8142,8174,
152.812,8211,8196,8177,
152.82,8222,8212,8185,
152.831,8227,8212,8182,
152.842,8233,8214,8190,
152.85,8227,8201,8182,
152.862,8230,8201,8180,
152.871,8241,8209,8180,
152.882,8241,8212,8180,
152.892,8238,8204,8182,
152.901,8249,8206,8180,
152.911,8249,8212,8174,
152.919,8249,8214,8182,
152.931,8257,8217,8182,
152.941,8260,8214,8185,
152.95,8252,8214,8187,
152.96,8252,8212,8180,
152.973,8265,8212,8180,
152.979,8260,8219,8185,
152.988,8252,8173,8182,
153.001,8233,8175,8174,
153.01,8252,8188,8180,
153.021,8260,8201,8182,
153.03,8263,8199,8185,
153.039,8265,8209,8187,
153.05,8268,8212,8185,
153.063,8268,8209,8185,
153.071,8273,8196,8187,
153.082,8279,8201,8180,
153.09,8283,8212,8187,
153.1,8283,8209,8187,
153.111,8288,8206,8187,
153.12,8288,8201,8185,
153.13,8285,8204,8185,
153.14,8288,8201,8182,
153.153,8293,8206,8187,
153.159,8304,8209,8187,
153.17,8307,8209,8185,
153.182,8310,8201,8185,
153.192,8307,8196,8185,
153.202,8301,8142,8177,
153.21,8315,8178,8185,
153.22,8326,8193,8187,
153.232,8329,8199,8187,
153.24,8334,8196,8190,
153.249,8342,8201,8187,
153.261,8347,8199,8195,
153.271,8356,8196,8192,
153.28,8356,8196,8198,
153.292,8364,8199,8190,
153.302,8372,8196,8198,
153.311,8377,8196,8200,
153.323,8379,8191,8195,
153.329,8387,8191,8192,
153.341,8385,8196,8195,
153.351,8387,8193,8198,
153.359,8396,8191,8200,
153.372,8398,8196,8195,
153.38,8404,8191,8198,
153.391,8404,8178,8195,
153.4,8404,8150,8177,
153.411,8398,8178,8190,
153.421,8401,8188,8198,
153.431,8404,8183,8198,
153.442,8412,8186,8200,
153.451,8409,8186,8195,
153.462,8412,8188,8195,
153.469,8409,8186,8198,
153.482,8414,8186,8198,
153.491,8420,8183,8198,
153.5,8417,8186,8200,
153.51,8423,8186,8203,
153.521,8423,8186,8198,
153.53,8420,8183,8200,
153.541,8425,8186,8200,
153.55,8428,8188,8203,
153.562,8425,8186,8203,
153.571,8425,8181,8195,
153.581,8431,8186,8203,
153.59,8433,8183,8198,
153.599,8439,8168,8182,
153.611,8425,8161,8195,
153.62,8425,8183,8200,
153.631,8428,8186,8203,
153.64,8428,8183,8203,
153.651,8436,8183,8198,
153.661,8436,8183,8205,
153.67,8442,8181,8200,
153.679,8447,8181,8203,
153.691,8452,8181,8205,
153.699,8452,8181,8208,
153.711,8458,8181,8205,
153.72,8463,8181,8208,
153.73,8476,8181,8208,
153.739,8476,8181,8208,
153.75,8481,8181,8213,
153.758,8484,8181,8210,
153.769,8484,8178,8210,
153.779,8495,8178,8213,
153.79,8509,8173,8198,
153.799,8511,8173,8185,
153.81,8484,8181,8203,
153.821,8479,8175,8208,
153.832,8476,8178,8208,
153.84,8476,8175,8205,
153.85,8481,8178,8205,
153.86,8481,8181,8203,
153.869,8484,8178,8210,
153.881,8484,8178,8205,
153.891,8481,8178,8208,
153.898,8484,8178,8208,
153.91,8490,8178,8210,
153.919,8484,8178,8216,
153.932,8481,8178,8208,
153.94,8484,8181,8208,
153.95,8481,8178,8213,
153.962,8487,8178,8208,
153.97,8487,8178,8208,
153.979,8490,8178,8208,
153.991,8503,8175,8203,
154,8511,8170,8185,
154.009,8484,8175,8200,
154.02,8463,8181,8208,
154.03,8461,8175,8205,
154.038,8463,8178,8208,
154.049,8471,8178,8205,
154.06,8471,8178,8208,
154.071,8471,8175,8210,
154.081,8473,8175,8210,
154.088,8476,8175,8205,
154.097,8476,8181,8205,
154.11,8476,8181,8208,
154.119,8476,8175,8208,
154.128,8479,8178,8208,
154.139,8476,8175,8210,
154.148,8479,8178,8200,
154.158,8479,8181,8208,
154.17,8473,8181,8205,
154.177,8473,8178,8208,
154.189,8490,8175,8203,
154.198,8498,8173,8185,
154.211,8479,8175,8195,
154.22,8452,8175,8205,
154.231,8458,8181,8208,
154.239,8458,8181,8208,
154.249,8458,8178,8205,
154.26,8463,8178,8203,
154.268,8461,8175,8203,
154.28,8463,8181,8205,
154.29,8463,8178,8205,
154.301,8471,8178,8205,
154.309,8463,8175,8205,
154.32,8471,8175,8205,
154.328,8463,8178,8208,
154.34,8468,8175,8208,
154.349,8461,8178,8205,
154.36,8461,8181,8205,
154.369,8463,8175,8205,
154.379,8463,8181,8208,
154.39,8473,8178,8200,
154.397,8484,8170,8174,
154.41,8463,8173,8192,
154.421,8442,8178,8203,
154.431,8447,8175,8208,
154.439,8450,8178,8205,
154.449,8444,8178,8203,
154.461,8447,8181,8203,
154.469,8447,8181,8200,
154.481,8447,8181,8198,
154.488,8447,8181,8203,
154.498,8450,8183,8205,
154.509,8444,8183,8203,
154.519,8444,8183,8205,
154.53,8444,8181,8198,
154.54,8439,8178,8203,
154.549,8439,8186,8203,
154.558,8442,8186,8198,
154.57,8439,8183,8203,
154.58,8439,8181,8203,
154.589,8447,8178,8198,
154.599,8452,8170,8182,
154.609,8436,8181,8190,
154.618,8417,8178,8198,
154.629,8423,8181,8203,
154.639,8420,8181,8203,
154.649,8428,8183,8200,
154.658,8425,8183,8203,
154.669,8425,8181,8203,
154.678,8425,8181,8198,
154.69,8423,8186,8198,
154.699,8423,8186,8203,
154.709,8425,8181,8203,
154.719,8423,8183,8200,
154.73,8423,8183,8200,
154.738,8425,8186,8198,
154.749,8420,8183,8200,
154.76,8423,8186,8198,
154.771,8425,8186,8203,
154.778,8428,8183,8200,
154.79,8428,8181,8192,
154.798,8428,8170,8182,
154.809,8414,8181,8192,
154.817,8406,8183,8198,
154.829,8404,8188,8198,
154.839,8406,8183,8198,
154.85,8406,8183,8200,
154.859,8406,8181,8195,
154.869,8406,8183,8195,
154.878,8409,8188,8200,
154.889,8404,8183,8195,
154.897,8406,8186,8198,
154.909,8401,8186,8198,
154.92,8404,8183,8195,
154.928,8406,8181,8198,
154.938,8409,8186,8198,
154.949,8406,8186,8195,
154.957,8406,8186,8195,
154.97,8404,8191,8198,
154.979,8406,8186,8198,
154.989,8406,8181,8195,
154.999,8409,8173,8185,
155.007,8398,8159,8195,
155.018,8393,8183,8198,
155.03,8393,8191,8198,
155.037,8396,8188,8195,
155.049,8390,8188,8195,
155.058,8396,8188,8195,
155.069,8396,8186,8198,
155.079,8396,8188,8200,
155.088,8396,8183,8192,
155.1,8396,8186,8195,
155.108,8396,8188,8198,
155.12,8398,8193,8198,
155.13,8396,8186,8195,
155.136,8396,8191,8198,
155.149,8396,8191,8195,
155.159,8387,8191,8198,
155.17,8387,8186,8195,
155.177,8390,8186,8195,
155.188,8387,8181,8187,
155.198,8382,8148,8180,
155.209,8382,8178,8192,
155.217,8366,8191,8192,
155.227,8379,8191,8198,
155.237,8372,8191,8203,
155.247,8382,8188,8198,
155.255,8385,8186,8198,
155.267,8382,8188,8198,
155.277,8382,8188,8192,
155.29,8385,8188,8195,
155.299,8385,8191,8195,
155.308,8379,8193,8198,
155.317,8385,8191,8198,
155.33,8382,8191,8198,
155.336,8382,8191,8198,
155.346,8382,8193,8198,
155.356,8385,8196,8200,
155.37,8382,8188,8198,
155.376,8382,8188,8195,
155.387,8377,8186,8190,
155.4,8382,8148,8177,
155.409,8372,8175,8190,
155.416,8364,8188,8198,
155.428,8369,8191,8198,
155.438,8372,8191,8192,
155.45,8377,8193,8195,
155.457,8369,8191,8195,
155.468,8372,8191,8192,
155.479,8369,8193,8192,
155.488,8377,8193,8192,
155.498,8369,8193,8192,
155.505,8369,8188,8192,
155.519,8372,8199,8190,
155.529,8366,8193,8192,
155.54,8369,8188,8195,
155.547,8372,8188,8195,
155.557,8372,8196,8192,
155.568,8377,8188,8192,
155.58,8377,8188,8190,
155.588,8369,8183,8190,
155.598,8364,8150,8177,
155.607,8361,8186,8187,
155.619,8350,8183,8190,
155.627,8361,8201,8190,
155.637,8358,8188,8192,
155.647,8361,8191,8195,
155.659,8364,8193,8195,
155.667,8361,8193,8195,
155.679,8366,8196,8195,
155.686,8364,8188,8192,
155.697,8364,8186,8192,
155.707,8361,8188,8192,
155.716,8369,8186,8192,
155.727,8366,8193,8192,
155.736,8369,8196,8192,
155.749,8369,8193,8192,
155.756,8369,8196,8195,
155.769,8369,8196,8192,
155.777,8372,8199,8195,
155.786,8366,8193,8187,
155.797,8364,8161,8180,
155.807,8358,8178,8190,
155.816,8356,8183,8192,
155.829,8361,8191,8192,
155.838,8358,8191,8195,
155.846,8364,8191,8198,
155.855,8361,8193,8192,
155.869,8364,8193,8190,
155.877,8358,8193,8190,
155.887,8361,8196,8190,
155.908,8361,8193,8192,
155.909,8361,8193,8192,
155.916,8364,8191,8195,
155.927,8364,8191,8190,
155.936,8364,8193,8192,
155.947,8361,8191,8192,
155.955,8364,8199,8192,
155.966,8364,8193,8192,
155.979,8366,8193,8192,
155.985,8366,8183,8187,
155.996,8361,8155,8177,
156.006,8358,8181,8190,
156.017,8353,8186,8192,
156.027,8356,8193,8190,
156.036,8358,8188,8195,
156.048,8358,8193,8192,
156.055,8358,8191,8195,
156.068,8366,8193,8195,
156.078,8358,8193,8192,
156.086,8361,8193,8192,
156.095,8364,8193,8192,
156.106,8358,8196,8187,
156.117,8364,8196,8195,
156.128,8361,8193,8190,
156.136,8361,8199,8192,
156.145,8366,8193,8195,
156.157,8358,8196,8192,
156.167,8361,8191,8192,
156.175,8364,8193,8195,
156.187,8366,8193,8187,
156.197,8358,8170,8174,
156.209,8356,8181,8190,
156.219,8358,8175,8192,
156.225,8361,8191,8192,
156.236,8364,8191,8190,
156.247,8358,8191,8192,
156.257,8364,8183,8192,
156.267,8358,8196,8195,
156.275,8361,8204,8195,
156.287,8358,8193,8192,
156.295,8361,8188,8192,
156.305,8361,8196,8192,
156.317,8364,8193,8192,
156.326,8361,8196,8192,
156.337,8364,8186,8195,
156.348,8366,8196,8195,
156.358,8364,8191,8190,
156.365,8366,8201,8190,
156.378,8364,8191,8198,
156.385,8358,8183,8182,
156.395,8350,8155,8172,
156.404,8353,8183,8187,
156.418,8342,8181,8190,
156.428,8345,8191,8187,
156.438,8342,8188,8190,
156.446,8350,8193,8192,
156.456,8347,8193,8192,
156.467,8347,8188,8190,
156.475,8353,8188,8192,
156.486,8353,8196,8192,
156.498,8356,8191,8195,
156.506,8356,8193,8192,
156.517,8358,8196,8190,
156.526,8356,8193,8195,
156.537,8353,8193,8190,
156.546,8356,8193,8195,
156.557,8353,8191,8198,
156.565,8356,8204,8195,
156.574,8358,8196,8192,
156.589,8350,8186,8187,
156.596,8347,8153,8182,
156.604,8347,8175,8182,
156.617,8347,8186,8195,
156.625,8350,8186,8195,
156.636,8353,8188,8192,
156.648,8350,8188,8192,
156.654,8347,8191,8192,
156.666,8353,8196,8192,
156.676,8356,8199,8195,
156.688,8356,8193,8192,
156.695,8361,8193,8195,
156.707,8356,8201,8192,
156.715,8356,8193,8192,
156.725,8356,8196,8195,
156.734,8353,8196,8192,
156.745,8353,8196,8190,
156.756,8353,8196,8192,
156.765,8350,8199,8195,
156.775,8350,8188,8190,
156.786,8350,8186,8190,
156.796,8345,8155,8177,
156.806,8342,8173,8190,
156.817,8339,8183,8195,
156.828,8345,8196,8192,
156.834,8345,8193,8192,
156.847,8342,8191,8190,
156.857,8342,8193,8195,
156.865,8347,8199,8195,
156.877,8345,8193,8190,
156.886,8347,8199,8192,
156.896,8347,8196,8190,
156.907,8347,8196,8190,
156.913,8350,8196,8187,
156.926,8347,8196,8190,
156.936,8347,8199,8192,
156.946,8353,8199,8192,
156.956,8350,8199,8192,
156.966,8356,8201,8192,
156.976,8350,8199,8192,
156.986,8347,8191,8190,
156.997,8347,8161,8180,
157.003,8345,8178,8192,
157.018,8345,8186,8190,
157.024,8353,8193,8192,
157.034,8350,8191,8192,
157.045,8353,8193,8195,
157.056,8356,8188,8192,
157.065,8353,8199,8190,
157.075,8358,8193,8190,
157.083,8356,8196,8190,
157.094,8356,8193,8190,
157.107,8353,8196,8192,
157.118,8358,8199,8195,
157.126,8358,8193,8190,
157.138,8356,8196,8190,
157.146,8347,8201,8195,
157.154,8347,8201,8190,
157.166,8345,8199,8192,
157.175,8345,8196,8192,
157.187,8339,8193,8192,
157.195,8326,8173,8180,
157.206,8323,8191,8182,
157.215,8323,8191,8192,
157.225,8326,8196,8190,
157.238,8323,8193,8187,
157.244,8310,8196,8187,
157.256,8304,8196,8187,
157.265,8293,8199,8187,
157.277,8283,8201,8182,
157.287,8279,8209,8185,
157.293,8276,8204,8177,
157.307,8265,8204,8182,
157.316,8254,8209,8185,
157.327,8249,8201,8177,
157.337,8246,8217,8185,
157.343,8233,8212,8185,
157.356,8230,8201,8174,
157.365,8230,8224,8182,
157.374,8227,8204,8185,
157.386,8206,8183,8180,
157.395,8168,8161,8174,
157.406,8195,8199,8182,
157.418,8192,8206,8174,
157.424,8192,8206,8182,
157.436,8188,8201,8177,
157.444,8198,8209,8180,
157.455,8198,8209,8177,
157.464,8198,8212,8180,
157.476,8200,8206,8177,
157.485,8200,8212,8174,
157.493,8206,8222,8174,
157.504,8185,8219,8174,
157.515,8192,8209,8174,
157.524,8195,8206,8177,
157.535,8177,8209,8180,
157.545,8203,8217,8174,
157.554,8192,8214,8177,
157.566,8195,8212,8177,
157.574,8198,8209,8167,
157.585,8177,8183,8177,
157.594,8155,8137,8172,
157.604,8179,8175,8177,
157.614,8192,8209,8180,
157.624,8203,8212,8177,
157.634,8182,8212,8177,
157.645,8185,8209,8180,
157.656,8192,8217,8177,
157.666,8185,8206,8174,
157.675,8188,8224,8174,
157.686,8188,8212,8174,
157.693,8185,8209,8174,
157.706,8203,8217,8177,
157.714,8185,8214,8177,
157.725,8195,8212,8174,
157.735,8182,8219,8177,
157.745,8177,8209,8174,
157.755,8171,8219,8182,
157.764,8185,8219,8185,
157.775,8182,8204,8177,
157.784,8163,8153,8174,
157.794,8141,8193,8169,
157.803,8168,8201,8177,
157.814,8177,8217,8174,
157.825,8182,8204,8177,
157.837,8185,8204,8172,
157.845,8188,8201,8174,
157.855,8188,8206,8177,
157.864,8188,8204,8174,
157.875,8198,8212,8174,
157.884,8198,8222,8174,
157.892,8200,8219,8180,
157.904,8203,8206,8177,
157.916,8198,8217,8172,
157.925,8208,8209,8177,
157.935,8217,8209,8177,
157.945,8222,8217,8177,
157.955,8208,8217,8174,
157.965,8219,8214,8185,
157.973,8219,8217,8182,
157.986,8203,8193,8177,
157.997,8174,8170,8169,
158.005,8188,8186,8174,
158.015,8217,8183,8180,
158.023,8227,8204,8185,
158.035,8217,8206,8182,
158.043,8217,8217,8182,
158.054,8217,8201,8174,
158.063,8214,8206,8174,
158.073,8217,8217,8177,
158.085,8217,8217,8187,
158.094,8217,8212,8180,
158.103,8227,8201,8180,
158.115,8230,8212,8182,
158.124,8235,8219,8192,
158.136,8233,8204,8177,
158.142,8238,8214,8177,
158.156,8235,8217,8180,
158.163,8244,8209,8190,
158.174,8238,8212,8185,
158.183,8235,8196,8180,
158.192,8214,8140,8174,
158.204,8225,8181,8174,
158.215,8235,8204,8182,
158.227,8254,8217,8182,
158.233,8249,8209,8177,
158.244,8246,8204,8182,
158.255,8254,8212,8180,
158.263,8254,8214,8180,
158.272,8257,8201,8177,
158.284,8265,8206,8185,
158.294,8263,8199,8177,
158.305,8265,8204,8180,
158.315,8268,8209,8185,
158.323,8271,8214,8185,
158.333,8268,8206,8187,
158.344,8276,8206,8187,
158.355,8279,8214,8187,
158.364,8273,8212,8187,
158.373,8271,8212,8187,
158.384,8271,8206,8185,
158.394,8244,8175,8177,
158.405,8254,8186,8185,
158.413,8273,8199,8182,
158.423,8276,8199,8185,
158.434,8279,8199,8177,
158.443,8283,8204,8185,
158.452,8283,8204,8187,
158.464,8283,8204,8185,
158.473,8283,8199,8180,
158.483,8283,8199,8182,
158.492,8288,8201,8180,
158.503,8288,8206,8187,
158.514,8285,8204,8187,
158.522,8288,8204,8187,
158.533,8285,8209,8187,
158.543,8293,8204,8190,
158.554,8293,8204,8190,
158.563,8301,8209,8187,
158.571,8299,8201,8190,
158.584,8299,8196,8190,
158.593,8288,8135,8172,
158.603,8299,8196,8182,
158.612,8301,8199,8185,
158.622,8312,8193,8185,
158.633,8310,8201,8187,
158.646,8315,8204,8190,
158.652,8323,8199,8187,
158.664,8320,8196,8187,
158.673,8326,8201,8190,
158.685,8331,8204,8187,
158.694,8331,8193,8187,
158.703,8334,8196,8190,
158.713,8334,8201,8190,
158.721,8337,8196,8190,
158.733,8339,8199,8192,
158.743,8334,8201,8190,
158.754,8337,8196,8187,
158.763,8334,8196,8192,
158.774,8339,8193,8192,
158.783,8334,8191,8187,
158.792,8329,8165,8177,
158.805,8337,8186,8187,
158.814,8334,8193,8187,
158.823,8334,8196,8187,
158.833,8342,8193,8190,
158.844,8345,8199,8190,
158.856,8345,8196,8190,
158.862,8345,8199,8190,
158.874,8345,8201,8190,
158.882,8347,8196,8192,
158.892,8350,8196,8190,
158.903,8350,8193,8190,
158.914,8353,8191,8190,
158.924,8356,8204,8192,
158.932,8356,8199,8190,
158.942,8361,8199,8190,
158.951,8364,8196,8192,
158.963,8372,8196,8192,
158.972,8366,8199,8192,
158.982,8366,8188,8187,
158.992,8369,8129,8174,
159.002,8366,8170,8187,
159.012,8372,8193,8190,
159.023,8377,8186,8198,
159.035,8385,8188,8192,
159.044,8385,8191,8198,
159.055,8385,8188,8192,
159.063,8387,8188,8190,
159.073,8393,8188,8195,
159.082,8396,8191,8198,
159.09,8396,8191,8198,
159.103,8398,8188,8192,
159.112,8406,8191,8198,
159.122,8406,8191,8200,
159.131,8409,8188,8200,
159.142,8417,8183,8200,
159.154,8420,8186,8195,
159.163,8423,8188,8203,
159.172,8436,8188,8198,
159.183,8444,8178,8195,
159.194,8450,8161,8180,
159.204,8439,8181,8198,
159.213,8433,8181,8198,
159.223,8447,8181,8200,
159.232,8450,8181,8200,
159.244,8455,8178,8210,
159.253,8461,8181,8205,
159.261,8468,8181,8208,
159.271,8473,8183,8205,
159.284,8476,8181,8203,
159.29,8479,8181,8205,
159.302,8484,8175,8210,
159.311,8487,8181,8203,
159.322,8490,8178,8208,
159.334,8490,8181,8208,
159.343,8492,8178,8208,
159.352,8490,8181,8205,
159.363,8484,8178,8213,
159.375,8495,8178,8208,
159.38,8511,8178,8200,
159.393,8517,8168,8185,
159.403,8484,8178,8200,
159.413,8476,8181,8208,
159.424,8476,8173,8205,
159.432,8479,8175,8208,
159.442,8484,8178,8203,
159.452,8481,8178,8208,
159.462,8479,8181,8208,
159.472,8484,8181,8208,
159.481,8484,8178,8205,
159.493,8484,8175,8210,
159.503,8487,8175,8205,
159.512,8484,8178,8203,
159.521,8473,8183,8205,
159.533,8479,8183,8205,
159.543,8473,8178,8205,
159.553,8479,8181,8205,
159.562,8481,8181,8205,
159.571,8481,8181,8205,
159.582,8492,8175,8203,
159.592,8509,8168,8187,
159.603,8479,8173,8200,
159.613,8471,8178,8205,
159.621,8471,8181,8205,
159.632,8476,8181,8210,
159.641,8476,8178,8210,
159.652,8479,8178,8208,
159.662,8479,8178,8210,
159.673,8479,8178,8208,
159.683,8476,8178,8210,
159.693,8479,8178,8208,
159.704,8481,8178,8203,
159.712,8479,8181,8208,
159.721,8476,8173,8210,
159.732,8476,8181,8210,
159.743,8479,8181,8208,
159.755,8479,8186,8208,
159.762,8481,8178,8208,
159.772,8481,8181,8203,
159.782,8481,8175,8203,
159.792,8503,8168,8187,
159.804,8479,8178,8198,
159.812,8455,8178,8205,
159.823,8461,8175,8208,
159.832,8461,8181,8203,
159.841,8455,8181,8208,
159.852,8455,8181,8203,
159.863,8455,8178,8208,
159.871,8461,8181,8208,
159.881,8458,8181,8203,
159.889,8458,8181,8205,
159.903,8458,8178,8205,
159.911,8458,8175,8205,
159.922,8458,8178,8205,
159.932,8455,8183,8208,
159.94,8461,8183,8205,
159.952,8461,8181,8205,
159.962,8455,8181,8208,
159.972,8461,8181,8203,
159.981,8473,8173,8198,
159.992,8481,8168,8182,
160.001,8458,8178,8192,
160.01,8436,8178,8205,
160.021,8442,8178,8200,
160.033,8442,8178,8205,
160.042,8447,8181,8205,
160.051,8444,8178,8208,
160.061,8447,8183,8203,
160.072,8442,8181,8203,
160.082,8442,8178,8205,
160.091,8444,8183,8208,
160.103,8447,8183,8205,
160.111,8444,8178,8208,
160.12,8444,8181,8208,
160.131,8444,8181,8203,
160.144,8442,8181,8205,
160.149,8436,8181,8203,
160.161,8439,8183,8200,
160.17,8439,8186,8198,
160.181,8447,8181,8198,
160.189,8450,8170,8180,
160.202,8428,8168,8195,
160.21,8423,8181,8200,
160.222,8423,8186,8200,
160.23,8423,8181,8198,
160.242,8425,8183,8203,
160.25,8425,8186,8205,
160.261,8428,8183,8203,
160.272,8423,8183,8205,
160.28,8423,8181,8200,
160.29,8425,8186,8203,
160.3,8423,8183,8208,
160.311,8425,8186,8203,
160.322,8423,8183,8205,
160.331,8420,8186,8198,
160.342,8417,8186,8203,
160.378,8420,8183,8198,
160.379,8425,8183,8198,
160.379,8420,8188,8198,
160.38,8431,8181,8195,
160.391,8431,8168,8180,
160.4,8420,8178,8192,
160.412,8404,8181,8200,
160.423,8406,8183,8200,
160.431,8409,8183,8203,
160.442,8412,8181,8195,
160.45,8409,8183,8203,
160.46,8409,8186,8203,
160.471,8414,8183,8203,
160.481,8412,8186,8200,
160.49,8414,8186,8200,
160.501,8414,8183,8198,
160.512,8409,8183,8203,
160.518,8414,8183,8203,
160.53,8417,8183,8200,
160.54,8414,8191,8205,
160.55,8414,8186,8198,
160.561,8414,8183,8195,
160.57,8412,8186,8198,
160.579,8425,8173,8187,
160.59,8417,8155,8182,
160.602,8406,8183,8192,
160.609,8398,8186,8198,
160.62,8406,8186,8203,
160.629,8409,8186,8198,
160.639,8406,8183,8195,
160.652,8406,8186,8200,
160.659,8409,8188,8203,
160.668,8404,8183,8198,
160.68,8406,8186,8198,
160.691,8404,8183,8195,
160.701,8406,8188,8200,
160.71,8406,8183,8200,
160.72,8404,8186,8198,
160.73,8406,8191,8198,
160.74,8406,8186,8198,
160.752,8404,8186,8200,
160.763,8404,8188,8203,
160.77,8406,8191,8200,
160.783,8409,8188,8195,
160.79,8412,8168,8182,
160.799,8398,8178,8198,
160.811,8396,8183,8200,
160.82,8396,8188,8198,
160.831,8401,8183,8198,
160.84,8398,8186,8200,
160.851,8398,8186,8198,
160.861,8404,8186,8203,
160.869,8401,8188,8200,
160.882,8401,8186,8200,
160.888,8398,8191,8198,
160.903,8401,8191,8198,
160.91,8398,8191,8195,
160.919,8396,8191,8203,
160.929,8396,8188,8198,
160.939,8398,8193,8198,
160.953,8390,8193,8200,
160.959,8393,8188,8200,
160.97,8396,8191,8198,
160.98,8401,8186,8187,
160.992,8398,8155,8185,
161,8398,8181,8192,
161.009,8387,8186,8195,
161.021,8398,8186,8192,
161.032,8404,8191,8198,
161.038,8398,8186,8195,
161.049,8404,8191,8198,
161.062,8406,8193,8195,
161.072,8409,8191,8200,
161.082,8409,8193,8203,
161.09,8409,8188,8200,
161.099,8409,8193,8198,
161.109,8406,8193,8200,
161.122,8412,8193,8203,
161.128,8412,8193,8198,
161.141,8414,8196,8203,
161.152,8412,8191,8198,
161.16,8412,8193,8198,
161.169,8414,8193,8203,
161.18,8409,8193,8195,
161.188,8412,8155,8185,
161.2,8409,8178,8190,
161.208,8398,8183,8203,
161.22,8404,8193,8200,
161.23,8406,8196,8200,
161.24,8404,8196,8203,
161.25,8401,8196,8200,
161.26,8398,8191,8200,
161.271,8401,8199,8203,
161.281,8401,8193,8200,
161.289,8401,8193,8200,
161.297,8404,8193,8200,
161.308,8404,8193,8198,
161.32,8401,8196,8200,
161.329,8401,8199,8195,
161.339,8406,8199,8203,
161.35,8406,8196,8198,
161.359,8406,8196,8203,
161.369,8409,8196,8200,
161.381,8406,8186,8192,
161.39,8414,8178,8185,
161.402,8409,8183,8190,
161.408,8396,8193,8198,
161.422,8401,8196,8192,
161.429,8401,8193,8195,
161.438,8404,8199,8192,
161.448,8401,8196,8195,
161.459,8406,8196,8200,
161.47,8406,8196,8200,
161.481,8406,8196,8203,
161.488,8409,8193,8195,
161.5,8409,8191,8195,
161.509,8412,8193,8200,
161.518,8409,8193,8203,
161.531,8417,8193,8198,
161.54,8412,8193,8198,
161.552,8423,8193,8200,
161.56,8420,8196,8200,
161.57,8425,8204,8200,
161.58,8423,8191,8192,
161.589,8425,8145,8177,
161.597,8425,8170,8198,
161.609,8414,8191,8200,
161.619,8425,8193,8203,
161.629,8423,8199,8203,
161.64,8420,8188,8205,
161.649,8425,8196,8208,
161.659,8425,8201,8195,
161.67,8425,8201,8203,
161.68,8425,8199,8203,
161.69,8433,8196,8205,
161.7,8436,8201,8200,
161.708,8436,8196,8203,
161.719,8439,8209,8203,
161.731,8444,8199,8203,
161.737,8444,8196,8198,
161.751,8442,8199,8203,
161.759,8452,8201,8203,
161.768,8450,8199,8205,
161.778,8452,8196,8198,
161.788,8461,8155,8182,
161.798,8455,8168,8200,
161.808,8450,8196,8200,
161.818,8455,8201,8203,
161.83,8450,8201,8198,
161.838,8452,8199,8200,
161.849,8455,8204,8205,
161.859,8455,8201,8205,
161.868,8452,8201,8203,
161.88,8455,8196,8208,
161.889,8458,8199,8200,
161.9,8461,8196,8208,
161.909,8463,8209,8203,
161.921,8463,8199,8200,
161.929,8461,8199,8205,
161.939,8461,8193,8203,
161.948,8458,8204,8205,
161.959,8458,8199,8208,
161.97,8463,8199,8208,
161.976,8461,8193,8187,
161.988,8473,8170,8185,
161.998,8458,8170,8192,
162.008,8442,8201,8210,
162.02,8444,8204,8205,
162.028,8447,8191,8200,
162.041,8447,8201,8203,
162.05,8461,8204,8198,
162.058,8452,8204,8205,
162.07,8458,8204,8203,
162.081,8450,8199,8198,
162.089,8452,8196,8203,
162.098,8458,8201,8208,
162.107,8461,8212,8208,
162.12,8444,8201,8208,
162.132,8455,8214,8210,
162.139,8452,8219,8210,
162.148,8455,8201,8205,
162.16,8458,8209,8208,
162.168,8455,8214,8210,
162.177,8461,8186,8190,
162.189,8471,8178,8185,
162.199,8463,8175,8198,
162.209,8452,8204,8198,
162.219,8458,8201,8203,
162.23,8455,8209,8205,
162.24,8444,8204,8203,
162.25,8452,8206,8205,
162.26,8450,8206,8210,
162.269,8458,8212,8200,
162.28,8461,8212,8205,
162.289,8455,8212,8205,
162.298,8447,8214,8203,
162.307,8447,8212,8205,
162.317,8450,8217,8205,
162.329,8450,8212,8200,
162.34,8442,8206,8203,
162.349,8444,8209,8203,
162.358,8439,8212,8195,
162.369,8442,8214,8195,
162.378,8436,8186,8195,
162.388,8447,8173,8180,
162.401,8436,8170,8192,
162.407,8423,8193,8198,
162.419,8417,8214,8198,
162.427,8417,8204,8200,
162.438,8414,8214,8203,
162.447,8414,8212,8195,
162.459,8412,8206,8200,
162.469,8409,8222,8203,
162.479,8414,8214,8195,
162.489,8396,8212,8198,
162.497,8393,8219,8195,
162.508,8390,8227,8192,
162.516,8377,8219,8190,
162.53,8372,8219,8192,
162.536,8361,8217,8192,
162.548,8347,8224,8192,
162.559,8358,8230,8187,
162.569,8345,8214,8198,
162.575,8334,8159,8177,
162.588,8315,8204,8174,
162.597,8334,8214,8187,
162.61,8318,8247,8192,
162.619,8310,8217,8190,
162.627,8299,8219,8190,
162.637,8296,8227,8190,
162.649,8304,8245,8182,
162.659,8283,8219,8185,
162.665,8296,8242,8195,
162.678,8285,8222,8185,
162.687,8288,8232,8187,
162.698,8283,8252,8190,
162.707,8279,8242,8182,
162.718,8276,8247,8174,
162.728,8285,8230,8182,
162.737,8257,8214,8180,
162.745,8257,8247,8185,
162.756,8268,8245,8190,
162.769,8260,8224,8172,
162.778,8246,8232,8177,
162.79,8246,8170,8172,
162.796,8268,8201,8182,
162.809,8246,8209,8187,
162.82,8263,8224,8180,
162.826,8268,8230,8192,
162.838,8254,8239,8192,
162.847,8241,8239,8187,
162.857,8249,8255,8182,
162.867,8257,8245,8187,
162.877,8263,8224,8185,
162.886,8257,8247,8182,
162.898,8252,8255,8182,
162.907,8263,8250,8192,
162.918,8271,8252,8192,
162.926,8249,8252,8182,
162.937,8265,8257,8180,
162.948,8263,8232,8182,
162.955,8254,8247,8180,
162.967,8265,8224,8172,
162.977,8246,8214,8174,
162.987,8227,8155,8177,
162.999,8249,8227,8177,
163.006,8252,8242,8185,
163.02,8244,8276,8195,
163.028,8263,8214,8180,
163.038,8252,8250,8174,
163.048,8235,8237,8190,
163.057,8246,8242,8185,
163.068,8276,8273,8180,
163.078,8254,8255,8187,
163.087,8257,8255,8187,
163.095,8257,8255,8174,
163.108,8263,8242,8182,
163.118,8246,8278,8182,
163.127,8260,8281,8182,
163.138,8273,8250,8177,
163.148,8254,8263,8177,
163.157,8254,8247,8180,
163.168,8268,8250,8182,
163.176,8244,8255,8187,
163.187,8246,8199,8172,
163.199,8276,8260,8182,
163.209,8271,8250,8187,
163.217,8268,8250,8192,
163.227,8254,8276,8190,
163.238,8265,8242,8177,
163.248,8252,8252,8190,
163.257,8257,8263,8195,
163.266,8273,8252,8192,
163.279,8260,8239,8180,
163.288,8268,8260,8182,
163.298,8273,8232,8195,
163.307,8271,8257,8190,
163.318,8271,8245,8192,
163.326,8276,8268,8187,
163.339,8283,8247,8180,
163.344,8279,8283,8190,
163.356,8283,8308,8177,
163.365,8283,8230,8180,
163.378,8283,8245,8185,
163.386,8283,8199,8174,
163.395,8279,8219,8177,
163.408,8291,8281,8198,
163.418,8299,8252,8195,
163.425,8271,8265,8187,
163.435,8283,8245,8192,
163.447,8296,8265,8195,
163.458,8273,8250,8185,
163.469,8293,8288,8190,
163.476,8293,8245,8190,
163.488,8283,8260,8180,
163.497,8291,8270,8195,
163.506,8301,8263,8187,
163.529,8291,8250,8180,
163.53,8310,8255,8182,
163.536,8299,8276,8200,
163.546,8299,8232,8180,
163.557,8312,8273,8195,
163.565,8307,8257,8190,
163.577,8331,8247,8182,
163.586,8301,8247,8177,
163.596,8337,8222,8185,
163.607,8323,8265,8187,
163.616,8315,8227,8177,
163.627,8310,8263,8180,
163.635,8307,8237,8177,
163.647,8307,8263,8203,
163.656,8315,8255,8182,
163.665,8310,8247,8198,
163.678,8312,8278,8190,
163.685,8334,8260,8195,
163.696,8315,8263,8187,
163.707,8326,8255,8200,
163.716,8318,8250,8187,
163.728,8323,8250,8187,
163.737,8331,8283,8187,
163.746,8315,8268,8200,
163.757,8331,8265,8185,
163.765,8312,8273,8185,
163.777,8315,8219,8177,
163.786,8320,8206,8182,
163.796,8331,8159,8177,
163.806,8345,8265,8192,
163.818,8312,8252,8187,
163.825,8320,8263,8187,
163.837,8320,8257,8190,
163.845,8326,8263,8182,
163.858,8329,8237,8187,
163.866,8334,8250,8190,
163.876,8347,8283,8177,
163.887,8334,8252,8190,
163.895,8337,8252,8190,
163.905,8337,8252,8190,
163.916,8339,8268,8190,
163.925,8342,8283,8195,
163.936,8345,8255,8192,
163.946,8337,8257,8203,
163.954,8358,8273,8192,
163.966,8350,8252,8185,
163.977,8347,8232,8192,
163.987,8369,8091,8180,
163.995,8356,8239,8182,
164.006,8347,8239,8180,
164.017,8350,8270,8195,
164.026,8353,8268,8200,
164.034,8353,8250,8187,
164.047,8356,8232,8190,
164.058,8364,8250,8192,
164.064,8350,8268,8185,
164.076,8387,8232,8195,
164.087,8385,8260,8192,
164.095,8390,8260,8177,
164.107,8401,8250,8192,
164.116,8401,8245,8198,
164.126,8428,8245,8198,
164.134,8444,8257,8187,
164.144,8450,8242,8203,
164.156,8473,8255,8205,
164.166,8484,8242,8208,
164.176,8490,8222,8203,
164.188,8519,8150,8177,
164.193,8536,8206,8185,
164.205,8517,8245,8192,
164.215,8527,8239,8216,
164.224,8538,8252,8195,
164.234,8536,8212,8198,
164.245,8536,8227,8216,
164.256,8549,8245,8213,
164.268,8562,8224,8210,
164.276,8562,8227,8218,
164.285,8573,8252,8218,
164.295,8570,8227,8213,
164.305,8573,8214,8213,
164.315,8581,8239,8223,
164.324,8581,8242,8216,
164.333,8594,8219,8210,
164.345,8605,8232,8221,
164.354,8592,8204,8213,
164.365,8608,8219,8228,
164.376,8611,8214,8213,
164.387,8630,8165,8195,
164.396,8611,8165,8216,
164.406,8594,8219,8221,
164.415,8597,8212,8213,
164.426,8603,8214,8223,
164.437,8603,8217,8223,
164.445,8589,8214,8223,
164.455,8603,8209,8226,
164.468,8605,8237,8226,
164.475,8600,8232,8223,
164.485,8600,8214,8223,
164.496,8589,8227,8226,
164.505,8605,8219,8223,
164.516,8605,8227,8238,
164.526,8608,8222,8221,
164.534,8594,8214,8228,
164.547,8605,8204,8231,
164.554,8616,8227,8223,
164.566,8624,8222,8231,
164.575,8635,8206,8218,
164.586,8656,8199,8203,
164.594,8630,8199,8223,
164.605,8639,8219,8235,
164.628,8632,8217,8226,
164.628,8635,8206,8231,
164.634,8650,8212,8231,
164.646,8647,8212,8235,
164.656,8661,8222,8235,
164.665,8678,8206,8235,
164.675,8678,8201,8231,
164.684,8672,8209,8238,
164.695,8689,8206,8231,
164.704,8694,8201,8238,
164.714,8699,8209,8238,
164.725,8689,8204,8243,
164.737,8691,8204,8231,
164.746,8707,8209,8235,
164.754,8710,8209,8246,
164.764,8713,8204,8235,
164.776,8753,8201,8218,
164.786,8761,8175,8198,
164.795,8716,8175,8238,
164.804,8713,8201,8243,
164.814,8702,8206,8246,
164.824,8691,8193,8231,
164.835,8699,8201,8243,
164.845,8705,8206,8243,
164.855,8707,8199,8228,
164.865,8699,8206,8241,
164.877,8705,8201,8238,
164.886,8707,8199,8243,
164.896,8707,8199,8238,
164.905,8699,8204,8241,
164.915,8707,8201,8238,
164.926,8710,8199,8238,
164.934,8705,8201,8243,
164.945,8699,8204,8238,
164.955,8713,8206,8243,
164.966,8702,8201,8243,
164.976,8730,8201,8228,
164.987,8772,8191,8213,
164.993,8725,8168,8226,
165.004,8691,8204,8243,
165.013,8691,8206,8243,
165.023,8702,8201,8238,
165.036,8686,8193,8238,
165.042,8694,8199,8246,
165.054,8697,8214,8238,
165.065,8702,8201,8243,
165.078,8697,8209,8238,
165.086,8691,8199,8235,
165.095,8702,8206,8243,
165.104,8691,8201,8235,
165.115,8697,8204,8243,
165.126,8705,8201,8235,
165.135,8699,8204,8246,
165.146,8697,8201,8243,
165.155,8699,8193,8251,
165.165,8707,8204,8243,
165.176,8745,8196,8205,
165.184,8753,8170,8203,
165.194,8697,8168,8228,
165.205,8694,8204,8231,
165.216,8697,8204,8248,
165.225,8686,8201,8231,
165.233,8686,8191,8231,
165.245,8675,8196,8246,
165.253,8689,8206,8248,
165.263,8689,8209,8238,
165.274,8675,8212,8243,
165.282,8689,8209,8235,
165.296,8686,8201,8241,
165.305,8686,8204,8238,
165.315,8689,8206,8226,
165.326,8686,8206,8235,
165.335,8675,8204,8235,
165.343,8680,8204,8235,
165.354,8670,8214,8238,
165.363,8678,8193,8241,
165.374,8707,8196,8223,
165.383,8727,8193,8208,
165.393,8683,8186,8238,
165.404,8672,8209,8235,
165.416,8672,8206,8246,
165.425,8680,8206,8241,
165.436,8678,8214,8246,
165.443,8675,8196,8243,
165.455,8689,8212,8243,
165.464,8686,8212,8246,
165.473,8689,8204,8241,
165.483,8683,8209,8246,
165.495,8678,8199,8246,
165.504,8678,8209,8243,
165.514,8678,8199,8243,
165.522,8683,8209,8241,
165.536,8680,8212,8248,
165.545,8672,8201,8238,
165.553,8678,8214,8248,
165.564,8686,8204,8243,
165.575,8710,8206,8221,
165.585,8741,8193,8208,
165.595,8691,8191,8231,
165.604,8678,8214,8241,
165.614,8670,8201,8241,
165.622,8675,8204,8226,
165.635,8670,8204,8246,
165.643,8672,8199,8235,
165.652,8670,8196,8238,
165.665,8667,8193,8238,
165.674,8667,8212,8231,
165.685,8661,8204,8235,
165.693,8664,8206,8226,
165.702,8672,8204,8231,
165.715,8667,8209,8241,
165.724,8672,8204,8226,
165.732,8667,8214,8235,
165.744,8667,8209,8228,
165.754,8661,8212,8241,
165.762,8680,8209,8235,
165.774,8699,8204,8213,
165.782,8710,8183,8203,
165.793,8670,8196,8231,
165.804,8661,8212,8243,
165.812,8656,8212,8241,
165.823,8659,8209,8228,
165.834,8664,8204,8235,
165.844,8656,8204,8241,
165.854,8664,8204,8231,
165.862,8667,8201,8238,
165.874,8661,8206,8241,
165.882,8656,8214,8241,
165.894,8661,8209,8241,
165.906,8664,8214,8226,
165.915,8656,8214,8235,
165.924,8656,8209,8231,
165.934,8650,8212,8238,
165.944,8659,8212,8235,
165.952,8653,8206,8235,
165.961,8656,8217,8241,
165.974,8683,8209,8205,
165.982,8710,8193,8208,
165.992,8675,8204,8218,
166.001,8647,8214,8221,
166.014,8647,8214,8231,
166.023,8656,8209,8235,
166.033,8635,8209,8228,
166.042,8650,8204,8235,
166.055,8650,8214,8231,
166.064,8639,8206,8231,
166.073,8642,8214,8213,
166.085,8644,8214,8228,
166.092,8647,8219,8235,
166.103,8650,8219,8241,
166.113,8650,8209,8241,
166.123,8653,8206,8226,
166.134,8632,8214,8226,
166.142,8630,8204,8231,
166.152,8639,8214,8228,
166.162,8642,8206,8228,
166.173,8680,8196,8208,
166.181,8672,8109,8198,
166.192,8632,8186,8223,
166.201,8642,8230,8231,
166.212,8635,8214,8235,
166.223,8624,8206,8231,
166.234,8624,8217,8235,
166.242,8624,8209,8228,
166.253,8624,8214,8235,
166.263,8627,8212,8235,
166.273,8624,8199,8231,
166.282,8627,8217,8226,
166.291,8630,8212,8226,
166.302,8630,8222,8228,
166.314,8627,8212,8218,
166.323,8639,8219,8226,
166.334,8622,8209,8226,
166.342,8627,8219,8223,
166.353,8635,8219,8235,
166.362,8632,8214,8228,
166.373,8653,8206,8221,
166.384,8670,8170,8195,
166.393,8635,8161,8221,
166.405,8619,8204,8216,
166.411,8608,8209,8228,
166.424,8622,8217,8228,
166.433,8622,8219,8228,
166.443,8611,8209,8226,
166.451,8624,8206,8213,
166.462,8613,8214,8226,
166.472,8622,8206,8228,
166.482,8613,8217,8223,
166.494,8616,8224,8221,
166.503,8624,8217,8226,
166.511,8613,8206,8228,
166.523,8616,8214,8228,
166.533,8616,8230,8231,
166.54,8619,8209,8223,
166.552,8622,8212,8226,
166.563,8627,8224,8226,
166.572,8650,8204,8208,
166.583,8653,8155,8198,
166.592,8619,8170,8221,
166.603,8616,8214,8223,
166.613,8616,8212,8228,
166.621,8616,8214,8228,
166.633,8611,8217,8228,
166.641,8611,8214,8228,
166.653,8616,8214,8231,
166.662,8611,8206,8223,
166.673,8622,8212,8218,
166.682,8605,8201,8235,
166.693,8611,8224,8231,
166.705,8622,8217,8226,
166.711,8616,8206,8223,
166.722,8624,8214,8226,
166.734,8616,8209,8216,
166.742,8619,8224,8223,
166.753,8624,8217,8231,
166.763,8627,8224,8228,
166.772,8656,8217,8218,
166.782,8650,8142,8195,
166.79,8624,8199,8223,
166.802,8613,8222,8231,
166.812,8613,8212,8228,
166.821,8608,8209,8226,
166.832,8611,8222,8231,
166.84,8605,8214,8226,
166.851,8616,8214,8226,
166.862,8613,8217,8226,
166.873,8608,8222,8238,
166.88,8611,8204,8228,
166.891,8608,8206,8228,
166.903,8600,8217,8235,
166.912,8608,8222,8223,
166.922,8616,8219,8223,
166.932,8611,8222,8221,
166.943,8613,8219,8221,
166.953,8608,8214,8218,
166.959,8603,8217,8221,
166.97,8627,8227,8216,
166.981,8642,8204,8195,
166.991,8605,8206,8223,
167.003,8613,8214,8226,
167.011,8603,8217,8216,
167.02,8603,8219,8226,
167.031,8603,8217,8228,
167.043,8613,8212,8226,
167.053,8608,8227,8228,
167.059,8616,8219,8223,
167.072,8611,8237,8226,
167.08,8613,8204,8218,
167.092,8608,8217,8231,
167.1,8616,8209,8235,
167.111,8611,8222,8216,
167.121,8613,8206,8226,
167.134,8611,8206,8223,
167.14,8608,8222,8231,
167.153,8611,8219,8228,
167.162,8616,8222,8231,
167.173,8632,8214,8216,
167.182,8653,8165,8180,
167.19,8624,8201,8218,
167.204,8611,8237,8228,
167.211,8605,8214,8228,
167.221,8611,8206,8231,
167.233,8594,8222,8228,
167.241,8611,8222,8226,
167.252,8616,8204,8238,
167.263,8605,8217,8235,
167.271,8608,8222,8223,
167.282,8608,8217,8231,
167.292,8597,8219,8246,
167.302,8605,8214,8226,
167.314,8611,8212,8216,
167.32,8616,8206,8223,
167.331,8613,8219,8226,
167.342,8616,8222,8223,
167.351,8611,8217,8221,
167.363,8611,8219,8221,
167.371,8639,8212,8210,
167.382,8653,8196,8200,
167.391,8622,8181,8221,
167.4,8613,8227,8228,
167.413,8613,8212,8228,
167.419,8605,8214,8218,
167.429,8600,8212,8218,
167.442,8616,8214,8231,
167.451,8613,8212,8228,
167.461,8611,8212,8231,
167.472,8613,8209,8223,
167.482,8616,8209,8218,
167.491,8624,8217,8226,
167.502,8622,8209,8223,
167.511,8613,8217,8235,
167.522,8613,8206,8223,
167.531,8624,8214,8218,
167.543,8611,8209,8228,
167.553,8619,8222,8223,
167.56,8619,8227,8223,
167.572,8647,8222,8228,
167.581,8661,8199,8195,
167.593,8635,8140,8213,
167.599,8611,8230,8226,
167.611,8608,8204,8218,
167.625,8611,8214,8228,
167.632,8611,8206,8221,
167.641,8616,8206,8228,
167.649,8597,8222,8235,
167.662,8616,8224,8218,
167.672,8622,8212,8221,
167.681,8624,8212,8235,
167.69,8619,8217,8238,
167.7,8616,8224,8226,
167.711,8622,8214,8235,
167.722,8619,8224,8221,
167.729,8616,8199,8223,
167.74,8616,8217,8228,
167.751,8619,8219,8221,
167.762,8619,8212,8218,
167.773,8659,8206,8210,
167.779,8653,8140,8203,
167.792,8611,8155,8218,
167.8,8613,8224,8228,
167.811,8603,8217,8223,
167.82,8594,8222,8221,
167.831,8600,8212,8221,
167.841,8592,8222,8228,
167.851,8594,8217,8223,
167.86,8611,8222,8223,
167.87,8611,8227,8218,
167.88,8608,8212,8235,
167.891,8613,8219,8231,
167.9,8619,8232,8228,
167.911,8605,8219,8231,
167.92,8597,8217,8210,
167.932,8600,8214,8226,
167.941,8597,8227,8231,
167.949,8616,8227,8238,
167.959,8611,8214,8226,
167.973,8632,8191,8203,
167.979,8644,8140,8192,
167.989,8608,8173,8216,
167.999,8594,8222,8228,
168.01,8597,8212,8223,
168.021,8603,8227,8238,
168.031,8600,8217,8231,
168.04,8611,8222,8221,
168.052,8608,8227,8223,
168.059,8613,8219,8221,
168.07,8611,8222,8221,
168.079,8613,8212,8226,
168.089,8613,8209,8218,
168.101,8613,8214,8226,
168.109,8619,8224,8235,
168.12,8616,8214,8235,
168.13,8613,8222,8231,
168.142,8619,8222,8221,
168.152,8600,8212,8226,
168.16,8616,8212,8223,
168.171,8632,8193,8208,
168.181,8653,8119,8200,
168.191,8605,8217,8218,
168.2,8600,8214,8223,
168.208,8597,8227,8226,
168.222,8605,8206,8238,
168.231,8592,8206,8223,
168.237,8592,8212,8223,
168.249,8594,8222,8221,
168.261,8600,8214,8228,
168.27,8611,8214,8218,
168.28,8603,8214,8216,
168.29,8589,8214,8228,
168.3,8603,8224,8223,
168.31,8600,8219,8218,
168.321,8605,8214,8223,
168.33,8594,8222,8228,
168.338,8600,8217,8226,
168.35,8597,8230,8223,
168.362,8608,8224,8226,
168.368,8624,8212,8216,
168.38,8642,8188,8198,
168.39,8619,8183,8210,
168.4,8597,8217,8218,
168.411,8608,8206,8223,
168.422,8603,8214,8231,
168.428,8603,8214,8228,
168.44,8600,8214,8221,
168.453,8600,8227,8226,
168.459,8603,8227,8223,
168.47,8605,8222,8223,
168.48,8605,8217,8223,
168.491,8600,8219,8223,
168.498,8605,8206,8223,
168.509,8597,8214,8223,
168.519,8603,8217,8218,
168.53,8597,8209,8223,
168.539,8603,8227,8221,
168.55,8600,8212,8226,
168.561,8605,8217,8223,
168.569,8624,8204,8210,
168.581,8644,8145,8195,
168.59,8616,8232,8216,
168.599,8603,8224,8228,
168.611,8600,8217,8223,
168.62,8592,8212,8223,
168.63,8594,8206,8223,
168.638,8581,8222,8228,
168.651,8589,8214,8216,
168.662,8597,8227,8226,
168.669,8594,8214,8221,
168.68,8586,8212,8221,
168.69,8592,8212,8226,
168.7,8592,8214,8221,
168.708,8594,8222,8223,
168.717,8594,8214,8228,
168.73,8589,8232,8228,
168.741,8592,8217,8223,
168.748,8589,8224,8228,
168.759,8594,8222,8228,
168.771,8608,8212,8213,
168.779,8627,8145,8190,
168.789,8600,8188,8216,
168.797,8584,8230,8213,
168.811,8589,8214,8223,
168.82,8586,8209,8218,
168.832,8578,8214,8223,
168.837,8578,8217,8221,
168.852,8589,8217,8216,
168.858,8586,8227,8218,
168.87,8576,8217,8221,
168.879,8578,8217,8218,
168.891,8578,8224,8210,
168.899,8581,8232,8218,
168.909,8589,8214,8218,
168.92,8581,8239,8218,
168.929,8581,8222,8218,
168.94,8576,8222,8221,
168.948,8567,8224,8218,
168.96,8570,8227,8205,
168.972,8581,8204,8203,
168.977,8597,8155,8187,
168.989,8567,8186,8205,
168.999,8553,8239,8221,
169.01,8549,8214,8216,
169.019,8549,8230,8205,
169.029,8546,8206,8210,
169.038,8544,8224,8213,
169.052,8544,8201,8223,
169.06,8544,8230,8221,
169.069,8544,8224,8216,
169.077,8533,8224,8218,
169.088,8546,8219,8216,
169.098,8538,8219,8210,
169.109,8544,8239,8216,
169.119,8544,8219,8213,
169.129,8536,8232,8221,
169.139,8533,8232,8218,
169.15,8544,8232,8213,
169.159,8544,8217,8208,
169.168,8544,8230,8208,
169.179,8565,8186,8190,
169.19,8553,8173,8205,
169.198,8525,8230,8208,
169.21,8525,8214,8213,
169.22,8519,8230,8216,
169.228,8517,8230,8218,
169.24,8522,8242,8218,
169.248,8511,8245,8216,
169.26,8509,8242,8203,
169.269,8506,8227,8208,
169.278,8503,8242,8208,
169.288,8492,8245,8216,
169.298,8500,8242,8213,
169.307,8490,8250,8218,
169.32,8476,8232,8208,
169.33,8468,8232,8208,
169.34,8461,8237,8203,
169.346,8455,8227,8216,
169.357,8433,8242,8198,
169.369,8423,8227,8182,
169.38,8428,8168,8185,
169.391,8409,8237,8200,
169.398,8385,8227,8190,
169.408,8369,8252,8190,
169.418,8356,8242,8192,
169.428,8350,8247,8192,
169.44,8345,8265,8180,
169.449,8310,8260,8198,
169.458,8301,8227,8174,
169.468,8299,8232,8195,
169.476,8299,8257,8190,
169.49,8301,8263,8198,
169.498,8283,8242,8180,
169.509,8271,8265,8185,
169.518,8265,8270,8180,
169.529,8254,8260,8187,
169.537,8241,8268,8180,
169.548,8246,8257,8187,
169.56,8265,8242,8180,
169.571,8208,8227,8180,
169.576,8222,8232,8169,
169.588,8233,8217,8187,
169.598,8230,8333,8187,
169.61,8198,8260,8174,
169.617,8222,8286,8169,
169.628,8198,8286,8185,
169.639,8182,8257,8190,
169.65,8171,8296,8174,
169.658,8174,8255,8174,
169.668,8208,8281,8174,
169.679,8177,8242,8169,
169.688,8152,8278,8182,
169.697,8155,8308,8174,
169.709,8168,8308,8180,
169.719,8200,8294,8185,
169.729,8152,8283,8185,
169.738,8171,8283,8182,
169.749,8139,8333,8182,
169.758,8106,8265,8187,
169.77,8112,8237,8169,
169.777,8101,8222,8180,
169.786,8139,8242,8172,
169.797,8128,8278,8190,
169.808,8131,8278,8163,
169.818,8083,8224,8172,
169.827,8080,8268,8172,
169.837,8101,8270,8180,
169.849,8092,8291,8180,
169.857,8101,8291,8185,
169.866,8077,8288,8185,
169.878,8074,8310,8167,
169.888,8080,8294,8177,
169.898,8018,8281,8174,
169.908,8015,8288,8167,
169.92,8009,8308,8163,
169.929,7998,8232,8190,
169.94,8018,8281,8163,
169.946,8026,8268,8169,
169.959,7972,8278,8161,
169.967,8015,8257,8167,
169.977,7904,8247,8177,
169.989,7951,8377,8180,
169.997,7953,8338,8180,
170.006,7929,8308,8190,
170.017,7942,8313,8174,
170.029,7929,8278,8177,
170.038,7926,8318,8167,
170.049,7932,8308,8185,
170.056,7995,8349,8169,
170.068,7912,8296,8167,
170.076,7923,8333,8180,
170.088,7915,8344,8177,
170.098,7923,8318,8163,
170.107,8009,8344,8180,
170.118,7988,8281,8177,
170.128,8007,8281,8172,
170.138,7953,8294,8177,
170.148,7978,8382,8174,
170.157,7918,8263,8163,
170.167,7921,8286,8180,
170.179,7898,8217,8169,
170.187,7898,8286,8190,
170.196,7961,8308,8177,
170.205,7959,8315,8177,
170.218,7921,8288,8169,
170.226,7986,8281,8157,
170.24,7972,8315,8180,
170.248,7929,8308,8182,
170.256,7953,8299,8172,
170.268,7970,8397,8180,
170.279,8015,8301,8180,
170.285,8000,8299,8169,
170.297,7998,8273,8172,
170.308,7975,8257,8172,
170.317,8037,8288,8174,
170.327,7983,8296,8169,
170.337,8015,8276,8174,
170.346,8012,8308,8172,
170.359,7998,8328,8177,
170.367,7986,8193,8185,
170.375,7956,8224,8169,
170.387,7964,8252,8169,
170.395,8009,8239,8172,
170.406,8003,8294,8180,
170.417,7998,8268,8167,
170.427,8020,8433,8172,
170.438,8018,8318,8172,
170.448,7998,8357,8169,
170.457,7978,8304,8161,
170.467,8026,8283,8154,
170.479,8066,8351,8169,
170.486,8069,8308,8180,
170.498,8069,8242,8187,
170.507,8003,8288,8172,
170.518,8042,8268,8174,
170.529,7972,8268,8182,
170.54,8039,8299,8174,
170.546,8074,8296,8174,
170.556,8114,8320,8169,
170.568,8047,8299,8163,
170.578,7983,8336,8174,
170.588,8066,8299,8185,
170.597,8058,8323,8177,
170.609,8069,8260,8172,
170.617,8045,8263,8177,
170.626,8055,8286,8169,
170.637,8072,8270,8177,
170.647,8053,8320,8174,
170.657,8122,8288,8187,
170.667,8080,8288,8174,
170.676,8112,8286,8174,
170.685,8101,8278,8174,
170.698,8085,8273,8190,
170.706,8174,8263,8177,
170.717,8101,8291,8167,
170.726,8109,8308,8172,
170.736,8085,8281,8167,
170.745,8122,8344,8185,
170.758,8133,8237,8177,
170.766,8083,8245,8169,
170.778,8092,8247,8174,
170.787,8101,8349,8190,
170.798,8125,8257,8172,
170.804,8122,8270,8190,
170.816,8085,8304,8177,
170.827,8139,8252,8169,
170.835,8101,8288,8169,
170.845,8141,8278,8174,
170.854,8106,8252,8174,
170.868,8136,8260,8177,
170.876,8163,8308,8180,
170.888,8128,8291,8177,
170.895,8117,8247,8182,
170.908,8125,8257,8180,
170.917,8133,8283,8167,
170.927,8106,8273,8172,
170.936,8150,8273,8182,
170.948,8133,8278,8172,
170.957,8158,8260,8185,
170.968,8136,8222,8182,
170.978,8125,8193,8174,
170.987,8136,8294,8174,
170.997,8160,8245,8180,
171.008,8182,8291,8185,
171.014,8133,8255,8172,
171.026,8174,8278,8177,
171.036,8222,8268,8182,
171.046,8177,8260,8172,
171.055,8182,8260,8174,
171.068,8206,8326,8180,
171.077,8171,8265,8177,
171.085,8179,8294,8174,
171.096,8200,8281,8198,
171.107,8177,8283,8180,
171.117,8188,8308,8187,
171.127,8203,8283,8167,
171.136,8195,8239,8172,
171.148,8192,8273,8187,
171.156,8214,8283,8190,
171.167,8185,8227,8177,
171.179,8200,8273,8172,
171.185,8260,8173,8187,
171.195,8230,8265,8187,
171.206,8208,8265,8174,
171.218,8211,8268,8177,
171.226,8211,8286,8185,
171.237,8200,8270,8180,
171.245,8219,8281,8182,
171.257,8227,8299,8180,
171.267,8244,8265,8185,
171.276,8208,8250,8190,
171.288,8246,8276,8182,
171.296,8263,8260,8174,
171.308,8246,8296,8182,
171.316,8246,8239,8169,
171.325,8260,8265,8187,
171.338,8260,8288,8180,
171.344,8268,8237,8187,
171.356,8271,8230,8182,
171.365,8279,8239,8177,
171.375,8299,8161,8177,
171.387,8329,8252,8185,
171.398,8312,8239,8187,
171.406,8301,8219,8195,
171.414,8323,8260,8187,
171.424,8331,8276,8177,
171.436,8356,8247,8195,
171.445,8361,8252,8185,
171.455,8377,8255,8198,
171.464,8390,8270,8192,
171.475,8398,8260,8195,
171.484,8439,8247,8190,
171.495,8444,8252,8200,
171.506,8461,8230,8213,
171.517,8479,8260,8208,
171.526,8503,8257,8218,
171.535,8530,8250,8203,
171.547,8538,8239,8223,
171.557,8576,8245,8221,
171.565,8613,8224,8192,
171.577,8659,8230,8195,
171.587,8650,8201,8218,
171.595,8619,8214,8223,
171.608,8584,8219,8238,
171.614,8576,8224,8216,
171.626,8573,8206,8223,
171.635,8570,8224,8223,
171.647,8565,8214,8221,
171.655,8576,8217,8216,
171.665,8562,8227,8221,
171.676,8576,8219,8213,
171.685,8573,8232,8213,
171.695,8576,8227,8221,
171.704,8573,8245,8218,
171.715,8573,8224,8216,
171.727,8562,8232,8213,
171.735,8562,8224,8221,
171.745,8570,8219,8221,
171.755,8576,8242,8218,
171.766,8578,8214,8195,
171.775,8605,8161,8192,
171.786,8589,8155,8205,
171.795,8573,8227,8213,
171.803,8556,8227,8213,
171.817,8556,8224,8221,
171.827,8556,8214,8213,
171.837,8556,8227,8218,
171.846,8562,8217,8208,
171.854,8576,8257,8221,
171.864,8565,8242,8221,
171.875,8562,8217,8210,
171.886,8573,8214,8213,
171.894,8565,8247,8213,
171.904,8562,8224,8208,
171.913,8565,8239,8210,
171.924,8562,8237,8218,
171.935,8570,8232,8226,
171.945,8567,8232,8226,
171.953,8553,8212,8213,
171.967,8581,8230,8223,
171.976,8605,8165,8190,
171.985,8576,8186,8218,
171.994,8578,8222,8221,
172.003,8546,8224,8218,
172.014,8562,8227,8218,
172.026,8556,8242,8226,
172.034,8558,8217,8218,
172.044,8573,8219,8208,
172.056,8565,8222,8210,
172.063,8558,8217,8208,
172.076,8562,8206,8216,
172.087,8570,8230,8223,
172.095,8573,8214,8216,
172.105,8578,8219,8221,
172.115,8565,8219,8216,
172.125,8570,8219,8208,
172.136,8562,8219,8213,
172.146,8553,8237,8235,
172.157,8567,8212,8218,
172.163,8576,8217,8208,
172.175,8603,8183,8195,
172.185,8597,8239,8213,
172.197,8567,8239,8228,
172.203,8562,8230,8221,
172.213,8565,8247,8218,
172.226,8544,8227,8221,
172.237,8553,8222,8216,
172.247,8549,8230,8210,
172.255,8553,8217,8221,
172.262,8576,8232,8208,
172.276,8567,8217,8221,
172.286,8556,8232,8210,
172.294,8567,8227,8221,
172.303,8567,8219,8216,
172.316,8567,8232,8213,
172.324,8562,8214,8208,
172.333,8570,8217,8213,
172.345,8567,8224,8210,
172.356,8573,8232,8231,
172.364,8592,8212,8221,
172.373,8605,8137,8192,
172.385,8600,8175,8216,
172.393,8570,8224,8223,
172.405,8562,8227,8221,
172.415,8544,8204,8210,
172.423,8567,8212,8223,
172.436,8553,8214,8216,
172.444,8562,8232,8208,
172.453,8544,8227,8221,
172.464,8562,8247,8213,
172.475,8562,8227,8210,
172.486,8573,8232,8218,
172.494,8558,8232,8216,
172.504,8562,8227,8218,
172.515,8562,8224,8208,
172.524,8567,8214,8221,
172.533,8570,8239,8210,
172.546,8562,8214,8218,
172.554,8565,8250,8218,
172.563,8578,8193,8205,
172.574,8600,8161,8195,
172.585,8589,8217,8213,
172.594,8584,8232,8216,
172.606,8567,8217,8216,
172.614,8553,8227,8226,
172.625,8544,8222,8213,
172.637,8556,8224,8218,
172.643,8556,8239,8235,
172.654,8573,8224,8218,
172.664,8562,8222,8216,
172.675,8562,8224,8216,
172.685,8565,8237,8226,
172.693,8562,8245,8218,
172.704,8549,8232,8213,
172.714,8570,8230,8226,
172.722,8565,8212,8221,
172.734,8565,8232,8223,
172.745,8567,8219,8221,
172.755,8565,8209,8216,
172.762,8584,8214,8205,
172.774,8608,8159,8190,
172.783,8586,8204,8210,
172.794,8576,8227,8213,
172.803,8567,8230,8216,
172.812,8558,8227,8213,
172.825,8567,8209,8203,
172.836,8565,8239,8221,
172.842,8567,8237,8218,
172.856,8567,8224,8221,
172.863,8573,8217,8221,
172.874,8567,8224,8216,
172.884,8565,8242,8221,
172.895,8556,8232,8210,
172.902,8562,8219,8205,
172.915,8562,8232,8226,
172.923,8556,8232,8218,
172.934,8573,8227,8210,
172.945,8576,8245,8221,
172.953,8567,8230,8221,
172.964,8584,8204,8213,
172.974,8608,8142,8198,
172.983,8584,8214,8221,
172.992,8573,8217,8221,
173.004,8562,8222,8218,
173.015,8562,8230,8213,
173.023,8544,8227,8218,
173.033,8544,8230,8216,
173.042,8553,8224,8231,
173.054,8549,8206,8218,
173.065,8567,8232,8218,
173.073,8565,8214,8216,
173.083,8570,8224,8221,
173.092,8562,8247,8223,
173.103,8565,8232,8218,
173.115,8558,8232,8228,
173.124,8570,8204,8203,
173.133,8558,8247,8221,
173.142,8562,8227,8213,
173.155,8570,8222,8221,
173.164,8567,8214,8203,
173.177,8613,8170,8190,
173.182,8605,8201,8216,
173.194,8586,8222,8216,
173.206,8556,8219,8203,
173.215,8562,8230,8216,
173.223,8549,8227,8203,
173.233,8544,8219,8213,
173.241,8565,8222,8213,
173.252,8553,8245,8223,
173.263,8558,8219,8221,
173.273,8558,8217,8221,
173.283,8553,8209,8221,
173.296,8573,8217,8208,
173.302,8573,8217,8223,
173.311,8562,8222,8210,
173.321,8573,8245,8216,
173.332,8556,8224,8218,
173.345,8565,8219,8210,
173.352,8567,8237,8213,
173.363,8584,8206,8208,
173.375,8611,8150,8192,
173.382,8603,8173,8213,
173.394,8573,8214,8223,
173.403,8570,8232,8213,
173.414,8549,8219,8216,
173.424,8544,8217,8221,
173.435,8541,8222,8208,
173.44,8546,8230,8216,
173.456,8556,8224,8210,
173.463,8567,8232,8213,
173.473,8553,8242,8223,
173.482,8556,8217,8216,
173.493,8567,8227,8213,
173.503,8573,8237,8216,
173.513,8565,8224,8213,
173.525,8573,8219,8216,
173.535,8558,8214,8216,
173.542,8556,8227,8221,
173.554,8553,8239,8226,
173.564,8578,8212,8203,
173.573,8608,8191,8192,
173.582,8597,8173,8210,
173.594,8573,8230,8218,
173.605,8558,8224,8218,
173.612,8549,8237,8213,
173.623,8558,8217,8216,
173.633,8556,8237,8218,
173.642,8546,8232,8216,
173.653,8556,8242,8216,
173.661,8556,8222,8218,
173.673,8567,8245,8226,
173.684,8562,8245,8218,
173.693,8549,8209,8216,
173.703,8562,8219,8216,
173.713,8570,8222,8226,
173.722,8567,8230,8213,
173.733,8570,8239,8223,
173.742,8553,8222,8203,
173.752,8558,8245,8205,
173.764,8578,8206,8203,
173.773,8600,8137,8187,
173.781,8592,8132,8205,
173.792,8567,8237,8213,
173.803,8549,8230,8216,
173.812,8549,8227,8221,
173.823,8553,8237,8210,
173.832,8549,8232,8213,
173.843,8558,8217,8213,
173.851,8556,8237,8228,
173.864,8565,8239,8218,
173.87,8562,8232,8210,
173.884,8567,8209,8200,
173.893,8567,8230,8226,
173.902,8567,8230,8208,
173.913,8567,8237,8216,
173.922,8573,8227,8221,
173.933,8573,8224,8210,
173.942,8567,8239,8216,
173.951,8573,8239,8221,
173.963,8586,8209,8203,
173.972,8616,8127,8192,
173.98,8586,8153,8208,
173.992,8578,8227,8226,
174.003,8549,8217,8216,
174.011,8556,8230,8218,
174.023,8546,8222,8218,
174.034,8549,8219,8223,
174.043,8546,8224,8226,
174.052,8541,8219,8218,
174.061,8558,8214,8213,
174.072,8570,8230,8210,
174.081,8549,8227,8208,
174.093,8562,8237,8208,
174.103,8553,8224,8216,
174.113,8565,8230,8221,
174.123,8565,8227,8216,
174.133,8576,8227,8218,
174.143,8570,8227,8216,
174.153,8567,8212,8213,
174.163,8581,8230,8210,
174.172,8608,8168,8187,
174.183,8592,8173,8213,
174.193,8573,8230,8223,
174.203,8562,8227,8218,
174.212,8556,8222,8208,
174.222,8546,8219,8216,
174.231,8546,8237,8213,
174.24,8562,8227,8218,
174.252,8549,8237,8216,
174.264,8565,8214,8208,
174.273,8567,8227,8213,
174.283,8567,8227,8218,
174.292,8562,8237,8226,
174.304,8567,8230,8210,
174.313,8567,8232,8208,
174.323,8567,8217,8213,
174.333,8565,8214,8213,
174.344,8562,8222,8216,
174.353,8567,8224,8210,
174.364,8581,8214,8216,
174.371,8603,8155,8208,
174.382,8597,8201,8216,
174.391,8584,8227,8223,
174.403,8567,8227,8210,
174.411,8556,8232,8213,
174.42,8544,8224,8210,
174.43,8544,8247,8210,
174.443,8553,8230,8210,
174.452,8558,8242,8218,
174.46,8553,8237,8210,
174.472,8558,8227,8221,
174.481,8562,8227,8216,
174.491,8553,8245,8223,
174.501,8558,8214,8221,
174.511,8567,8206,8213,
174.522,8567,8239,8210,
174.532,8573,8237,8223,
174.543,8556,8224,8203,
174.549,8567,8217,8213,
174.563,8589,8217,8203,
174.569,8608,8155,8200,
174.582,8586,8199,8216,
174.59,8576,8237,8218,
174.6,8562,8222,8213,
174.611,8565,8219,8210,
174.621,8562,8232,8218,
174.631,8553,8232,8221,
174.641,8562,8219,8213,
174.652,8553,8219,8221,
174.661,8558,8217,8216,
174.672,8562,8230,8210,
174.68,8556,8222,8221,
174.691,8573,8232,8223,
174.701,8570,8227,8208,
174.711,8565,8214,8228,
174.72,8556,8237,8226,
174.73,8556,8237,8216,
174.74,8567,8230,8223,
174.751,8565,8224,8223,
174.762,8592,8222,8205,
174.771,8611,8142,8185,
174.781,8589,8196,8208,
174.792,8576,8212,8223,
174.803,8567,8252,8221,
174.809,8556,8212,8213,
174.821,8541,8232,8216,
174.831,8549,8217,8216,
174.84,8549,8230,8208,
174.85,8567,8224,8216,
174.862,8565,8224,8221,
174.872,8565,8214,8221,
174.881,8567,8227,8213,
174.892,8558,8227,8213,
174.901,8565,8230,8208,
174.911,8565,8217,8210,
174.921,8567,8219,8216,
174.932,8556,8232,8216,
174.941,8556,8230,8213,
174.95,8567,8227,8221,
174.962,8576,8222,8205,
174.97,8605,8204,8187,
174.981,8597,8209,8213,
174.989,8578,8232,8218,
175.004,8558,8245,8226,
175.013,8549,8232,8213,
175.02,8546,8237,8216,
175.031,8558,8222,8218,
175.04,8544,8227,8218,
175.052,8558,8222,8210,
175.058,8562,8232,8218,
175.069,8570,8209,8210,
175.082,8565,8222,8221,
175.091,8553,8214,8223,
175.099,8556,8217,8218,
175.109,8553,8227,8221,
175.121,8558,8217,8221,
175.131,8565,8219,8210,
175.14,8565,8230,8216,
175.15,8570,8217,8205,
175.159,8581,8230,8203,
175.172,8608,8193,8198,
175.181,8597,8135,8213,
175.192,8573,8224,8208,
175.201,8567,8212,8218,
175.211,8565,8232,8218,
175.222,8556,8230,8231,
175.228,8556,8227,8210,
175.241,8544,8219,8203,
175.25,8565,8230,8216,
175.26,8573,8239,8221,
175.271,8556,8212,8221,
175.28,8558,8230,8221,
175.29,8562,8227,8218,
175.302,8573,8242,8221,
175.312,8567,8230,8218,
175.319,8567,8222,8205,
175.329,8565,8232,8218,
175.341,8570,8206,8223,
175.352,8567,8230,8213,
175.359,8565,8219,8210,
175.37,8608,8186,8203,
175.381,8581,8170,8213,
175.39,8567,8222,8210,
175.4,8556,8214,8213,
175.409,8556,8214,8218,
175.42,8549,8219,8218,
175.431,8562,8232,8213,
175.44,8556,8232,8221,
175.451,8570,8214,8216,
175.462,8562,8239,8223,
175.47,8562,8219,8208,
175.481,8558,8217,8216,
175.489,8567,8239,8216,
175.499,8562,8232,8216,
175.508,8558,8204,8221,
175.522,8576,8232,8216,
175.529,8562,8201,8213,
175.542,8558,8232,8223,
175.55,8565,8232,8213,
175.562,8589,8204,8210,
175.568,8608,8137,8203,
175.581,8589,8224,8208,
175.589,8576,8224,8216,
175.603,8562,8232,8221,
175.613,8541,8224,8228,
175.62,8553,8209,8203,
175.63,8544,8199,8218,
175.641,8565,8239,8218,
175.649,8553,8214,8210,
175.66,8553,8232,8213,
175.669,8570,8222,8216,
175.681,8578,8239,8218,
175.69,8567,8224,8213,
175.7,8567,8239,8216,
175.712,8565,8245,8221,
175.719,8573,8212,8205,
175.731,8567,8227,8216,
175.741,8567,8224,8213,
175.75,8573,8219,8216,
175.76,8594,8201,8190,
175.771,8597,8168,8192,
175.781,8581,8159,8208,
175.789,8562,8227,8218,
175.801,8553,8230,8216,
175.809,8556,8219,8210,
175.821,8544,8219,8216,
175.828,8549,8230,8218,
175.837,8549,8227,8223,
175.849,8553,8239,8205,
175.86,8553,8230,8213,
175.869,8565,8232,8216,
175.88,8556,8217,8200,
175.888,8553,8227,8221,
175.901,8549,8230,8223,
175.909,8562,8242,8205,
175.918,8567,8217,8223,
175.93,8562,8239,8210,
175.941,8565,8232,8221,
175.949,8562,8222,8208,
175.959,8581,8209,8180,
175.968,8605,8129,8187,
175.98,8584,8206,8208,
175.988,8553,8224,8216,
175.998,8549,8214,8216,
176.01,8546,8227,8216,
176.019,8536,8219,8213,
176.029,8556,8230,8210,
176.037,8553,8230,8216,
176.047,8553,8242,8221,
176.06,8565,8237,8216,
176.069,8565,8250,8216,
176.079,8562,8212,8221,
176.09,8549,8232,8223,
176.099,8558,8245,8216,
176.108,8553,8224,8223,
176.12,8565,8222,8210,
176.13,8556,8214,8216,
176.138,8562,8224,8226,
176.151,8565,8227,8203,
176.158,8589,8219,8218,
176.169,8603,8165,8192,
176.178,8589,8196,8210,
176.187,8570,8239,8216,
176.2,8562,8222,8205,
176.208,8541,8209,8205,
176.217,8546,8217,8218,
176.229,8546,8239,8228,
176.239,8562,8232,8218,
176.249,8558,8242,8210,
176.258,8556,8214,8213,
176.271,8562,8232,8218,
176.279,8556,8217,8213,
176.288,8558,8227,8218,
176.299,8553,8224,8228,
176.307,8567,8206,8218,
176.32,8570,8230,8218,
176.328,8565,8237,8213,
176.337,8567,8219,8208,
176.35,8558,8239,8216,
176.358,8589,8209,8205,
176.369,8613,8155,8190,
176.378,8605,8222,8218,
176.388,8573,8219,8218,
176.397,8553,8219,8210,
176.41,8549,8237,8223,
176.419,8549,8222,8216,
176.428,8544,8219,8210,
176.437,8553,8239,8221,
176.45,8562,8217,8210,
176.459,8567,8224,8218,
176.467,8562,8217,8210,
176.479,8556,8214,8213,
176.488,8562,8237,8216,
176.499,8565,8224,8226,
176.508,8556,8227,8213,
176.52,8565,8232,8213,
176.53,8553,8237,8213,
176.539,8573,8219,8210,
176.549,8573,8214,8208,
176.558,8573,8222,8210,
176.57,8613,8161,8190,
176.579,8589,8201,8210,
176.589,8573,8219,8231,
176.598,8567,8214,8223,
176.609,8562,8217,8213,
176.618,8546,8224,8213,
176.628,8538,8232,8221,
176.639,8549,8219,8210,
176.649,8565,8245,8228,
176.657,8567,8224,8221,
176.669,8567,8214,8205,
176.679,8565,8245,8223,
176.687,8556,8224,8218,
176.698,8553,8237,8221,
176.709,8562,8232,8226,
176.717,8570,8230,8221,
176.728,8562,8219,8223,
176.74,8565,8232,8221,
176.746,8567,8247,8213,
176.759,8578,8227,8208,
176.769,8611,8148,8192,
176.778,8592,8201,8218,
176.788,8573,8217,8218,
176.799,8562,8227,8223,
176.809,8544,8222,8216,
176.817,8541,8219,8221,
176.828,8546,8214,8216,
176.838,8553,8224,8213,
176.847,8565,8217,8223,
176.857,8553,8214,8218,
176.868,8558,8230,8208,
176.878,8565,8242,8213,
176.888,8558,8224,8218,
176.898,8546,8230,8210,
176.909,8544,8217,8216,
176.92,8558,8237,8218,
176.929,8546,8239,8218,
176.938,8558,8227,8216,
176.947,8573,8217,8213,
176.958,8584,8217,8208,
176.968,8605,8122,8192,
176.978,8594,8219,8216,
176.988,8570,8239,8213,
176.998,8567,8212,8213,
177.006,8544,8227,8218,
177.019,8553,8222,8216,
177.027,8553,8227,8213,
177.04,8541,8222,8216,
177.047,8567,8239,8218,
177.058,8562,8219,8210,
177.07,8558,8232,8221,
177.08,8562,8209,8210,
177.087,8553,8239,8221,
177.098,8562,8232,8218,
177.105,8556,8237,8226,
177.12,8558,8206,8223,
177.126,8558,8224,8216,
177.138,8549,8242,8216,
177.147,8562,8232,8216,
177.157,8573,8224,8210,
177.168,8603,8204,8192,
177.178,8594,8135,8213,
177.187,8573,8219,8218,
177.196,8556,8237,8213,
177.207,8549,8214,8221,
177.219,8546,8217,8216,
177.228,8546,8239,8213,
177.238,8562,8217,8213,
177.247,8549,8219,8216,
177.257,8549,8214,8218,
177.266,8556,8232,8218,
177.277,8558,8209,8213,
177.286,8562,8250,8221,
177.298,8565,8230,8216,
177.307,8567,8232,8203,
177.316,8565,8227,8216,
177.327,8553,8230,8213,
177.339,8573,8227,8223,
177.348,8567,8230,8226,
177.356,8586,8224,8213,
177.368,8613,8168,8198,
177.377,8597,8217,8210,
177.388,8567,8232,8218,
177.398,8558,8212,8218,
177.408,8558,8212,8218,
177.416,8556,8219,8218,
177.427,8538,8232,8221,
177.436,8553,8214,8216,
177.449,8553,8232,8216,
177.455,8558,8219,8223,
177.469,8567,8245,8221,
177.479,8558,8232,8218,
177.485,8546,8224,8213,
177.497,8567,8219,8221,
177.509,8570,8227,8216,
177.517,8565,8239,8218,
177.528,8562,8222,8216,
177.538,8558,8242,8216,
177.549,8565,8250,8223,
177.558,8573,8222,8208,
177.567,8611,8142,8200,
177.577,8589,8204,8213,
177.611,8567,8242,8221,
177.613,8558,8247,8210,
177.614,8544,8232,8216,
177.616,8544,8227,8216,
177.628,8556,8237,8221,
177.637,8549,8224,8208,
177.649,8565,8230,8216,
177.655,8556,8224,8208,
177.668,8570,8232,8223,
177.678,8567,8239,8226,
177.688,8567,8227,8216,
177.697,8567,8239,8216,
177.705,8576,8245,8221,
177.716,8556,8232,8221,
177.729,8573,8230,8210,
177.735,8562,8222,8216,
177.746,8562,8217,8216,
177.756,8586,8219,8210,
177.766,8603,8155,8198,
177.779,8589,8188,8213,
177.787,8581,8242,8226,
177.796,8558,8212,8208,
177.806,8570,8217,8218,
177.818,8544,8227,8218,
177.825,8553,8239,8216,
177.837,8549,8224,8218,
177.847,8553,8239,8218,
177.859,8549,8214,8198,
177.868,8544,8237,8218,
177.876,8565,8230,8228,
177.886,8558,8224,8221,
177.899,8549,8245,8221,
177.908,8562,8227,8218,
177.916,8562,8237,8223,
177.928,8570,8237,8208,
177.937,8573,8212,8216,
177.947,8562,8239,8228,
177.955,8570,8199,8218,
177.967,8608,8142,8192,
177.977,8603,8217,8213,
177.989,8573,8232,8235,
177.998,8553,8217,8218,
178.008,8544,8239,8226,
178.018,8541,8219,8216,
178.027,8553,8230,8216,
178.039,8544,8227,8223,
178.046,8562,8230,8218,
178.058,8556,8217,8210,
178.068,8565,8230,8213,
178.076,8570,8230,8223,
178.086,8565,8230,8226,
178.096,8570,8247,8228,
178.108,8562,8232,8218,
178.116,8565,8224,8208,
178.127,8567,8227,8226,
178.136,8558,8230,8218,
178.146,8570,8227,8216,
178.157,8581,8214,8205,
178.168,8608,8178,8187,
178.176,8603,8199,8218,
178.186,8578,8222,8221,
178.197,8567,8217,8213,
178.206,8558,8214,8218,
178.215,8546,8219,8221,
178.227,8553,8239,8221,
178.236,8562,8227,8208,
178.247,8567,8222,8221,
178.256,8570,8239,8221,
178.267,8556,8232,8223,
178.275,8553,8219,8203,
178.288,8567,8230,8213,
178.295,8558,8217,8218,
178.305,8581,8217,8213,
178.317,8553,8222,8218,
178.329,8565,8242,8218,
178.335,8562,8206,8213,
178.349,8558,8237,8213,
178.357,8584,8206,8208,
178.368,8608,8193,8198,
178.376,8600,8155,8205,
178.385,8581,8245,8208,
178.395,8567,8237,8218,
178.406,8558,8224,8221,
178.415,8553,8227,8218,
178.427,8558,8230,8228,
178.435,8562,8242,8210,
178.446,8562,8217,8208,
178.456,8556,8232,8213,
178.463,8567,8227,8221,
178.477,8549,8227,8221,
178.487,8567,8237,8208,
178.496,8558,8219,8218,
178.506,8570,8224,8216,
178.516,8562,8217,8226,
178.524,8567,8219,8210,
178.536,8567,8232,8205,
178.545,8576,8242,8231,
178.555,8589,8222,8200,
178.567,8613,8142,8185,
178.575,8586,8201,8216,
178.588,8573,8237,8221,
178.597,8562,8250,8218,
178.607,8549,8232,8210,
178.617,8556,8232,8213,
178.626,8556,8227,8208,
178.637,8562,8212,8218,
178.644,8549,8219,8210,
178.656,8556,8222,8208,
178.666,8562,8245,8216,
178.677,8570,8230,8221,
178.687,8570,8237,8213,
178.694,8567,8222,8213,
178.706,8567,8232,8218,
178.716,8565,8217,8218,
178.725,8567,8237,8221,
178.736,8562,8209,8210,
178.764,8573,8224,8216,
178.768,8567,8206,8210,
178.769,8611,8140,8195,
178.774,8592,8201,8216,
178.786,8567,8224,8218,
178.795,8570,8237,8205,
178.806,8553,8214,8210,
178.815,8544,8227,8213,
178.825,8553,8219,8218,
178.835,8546,8214,8216,
178.847,8565,8242,8226,
178.855,8562,8230,8210,
178.865,8565,8230,8223,
178.875,8562,8224,8210,
178.885,8558,8224,8226,
178.894,8578,8212,8210,
178.906,8562,8245,8213,
178.915,8565,8239,8221,
178.924,8549,8237,8210,
178.933,8570,8227,8205,
178.946,8570,8224,8221,
178.955,8594,8214,8208,
178.964,8611,8178,8192,
178.976,8600,8227,8213,
178.985,8573,8230,8218,
178.993,8556,8237,8216,
179.006,8546,8217,8218,
179.016,8544,8239,8221,
179.027,8556,8232,8226,
179.034,8544,8214,8213,
179.046,8558,8245,8210,
179.057,8558,8214,8208,
179.066,8567,8239,8213,
179.076,8549,8227,8218,
179.086,8567,8224,8223,
179.095,8562,8230,8213,
179.104,8562,8214,8213,
179.117,8562,8227,8210,
179.125,8565,8230,8228,
179.137,8546,8232,8208,
179.144,8549,8222,8218,
179.154,8586,8222,8195,
179.165,8603,8161,8203,
179.177,8589,8252,8218,
179.183,8558,8232,8221,
179.196,8558,8206,8216,
179.204,8553,8245,8208,
179.216,8544,8217,8216,
179.227,8546,8214,8208,
179.237,8556,8227,8226,
179.243,8565,8247,8218,
179.255,8553,8232,8221,
179.265,8558,8204,8216,
179.274,8556,8232,8210,
179.287,8562,8222,8218,
179.295,8565,8239,8223,
179.305,8562,8224,8221,
179.317,8567,8224,8213,
179.326,8570,8237,8205,
179.334,8570,8245,8221,
179.345,8549,8206,8216,
179.354,8589,8214,8210,
179.366,8622,8186,8190,
179.376,8594,8227,8210,
179.386,8584,8204,8221,
179.396,8562,8230,8213,
179.403,8549,8222,8218,
179.416,8565,8219,8218,
179.426,8553,8232,8216,
179.434,8558,8239,8223,
179.446,8553,8209,8213,
179.454,8553,8237,8213,
179.465,8556,8219,8218,
179.473,8556,8219,8208,
179.486,8565,8222,8218,
179.494,8562,8230,8213,
179.505,8586,8214,8210,
179.514,8556,8227,8216,
179.524,8578,8224,8221,
179.533,8558,8222,8216,
179.546,8570,8237,8216,
179.555,8589,8206,8205,
179.565,8603,8173,8195,
179.573,8597,8159,8218,
179.582,8570,8224,8213,
179.596,8546,8222,8210,
179.604,8553,8237,8228,
179.614,8541,8219,8218,
179.624,8546,8222,8216,
179.634,8558,8212,8213,
179.645,8565,8239,8223,
179.654,8565,8224,8218,
179.665,8565,8222,8213,
179.675,8565,8222,8221,
179.686,8553,8237,8221,
179.694,8562,8219,8213,
179.705,8562,8227,8223,
179.714,8567,8224,8210,
179.724,8567,8227,8223,
179.735,8558,8222,8221,
179.743,8570,8227,8218,
179.756,8570,8214,8192,
179.765,8619,8137,8192,
179.774,8597,8140,8208,
179.787,8570,8232,8213,
179.793,8565,8239,8218,
179.804,8544,8209,8205,
179.814,8546,8206,8208,
179.826,8541,8219,8218,
179.833,8549,8237,8223,
179.843,8556,8230,8216,
179.855,8553,8230,8210,
179.865,8565,8222,8218,
179.873,8558,8232,8213,
179.883,8562,8230,8213,
179.892,8549,8219,8208,
179.904,8562,8219,8213,
179.916,8565,8230,8213,
179.925,8565,8242,8218,
179.937,8558,8232,8218,
179.944,8553,8239,8228,
179.955,8589,8224,8208,
179.964,8608,8155,8195,
179.974,8586,8186,8210,
179.985,8562,8219,8213,
179.993,8556,8209,8216,
180.007,8549,8230,8218,
180.015,8549,8224,8216,
180.024,8536,8214,8208,
180.035,8553,8227,8216,
180.044,8556,8250,8223,
180.053,8562,8222,8216,
180.064,8565,8222,8218,
180.075,8570,8230,8221,
180.084,8565,8230,8218,
180.093,8567,8219,8213,
180.105,8565,8219,8216,
180.112,8553,8245,8223,
180.126,8549,8242,8218,
180.132,8556,8227,8210,
180.144,8567,8239,8210,
180.153,8573,8224,8205,
180.164,8603,8170,8187,
180.173,8597,8175,8216,
180.183,8576,8222,8218,
180.192,8558,8224,8218,
180.203,8549,8209,8208,
180.214,8562,8222,8223,
180.223,8538,8227,8213,
180.234,8546,8230,8218,
180.244,8556,8227,8216,
180.253,8562,8222,8208,
180.263,8562,8232,8235,
180.272,8556,8230,8216,
180.284,8562,8237,8241,
180.294,8553,8230,8216,
180.302,8549,8239,8228,
180.312,8565,8227,8216,
180.325,8546,8219,8221,
180.334,8556,8201,8218,
180.342,8565,8219,8216,
180.353,8576,8219,8198,
180.364,8608,8145,8198,
180.375,8594,8175,8210,
180.383,8573,8232,8221,
180.394,8565,8212,8208,
180.402,8553,8239,8213,
180.414,8538,8239,8213,
180.423,8544,8217,8223,
180.434,8546,8224,8213,
180.441,8546,8232,8218,
180.453,8544,8227,8210,
180.465,8565,8237,8213,
180.475,8562,8224,8213,
180.484,8573,8242,8221,
180.493,8570,8219,8213,
180.505,8573,8222,8216,
180.514,8567,8232,8218,
180.521,8553,8224,8205,
180.534,8573,8237,8218,
180.545,8567,8217,8216,
180.554,8584,8201,8210,
180.564,8611,8159,8190,
180.573,8589,8196,8221,
180.584,8584,8237,8218,
180.595,8567,8227,8208,
180.604,8546,8239,8223,
180.611,8553,8232,8213,
180.623,8549,8227,8223,
180.633,8553,8237,8226,
180.643,8553,8242,8216,
180.653,8567,8224,8205,
180.662,8558,8227,8221,
180.675,8565,8222,8213,
180.683,8567,8242,8213,
180.693,8562,8230,8228,
180.704,8562,8214,8213,
180.715,8549,8209,8200,
180.724,8565,8230,8218,
180.732,8562,8239,8221,
180.744,8570,8217,8218,
180.754,8594,8217,8195,
180.765,8611,8114,8198,
180.771,8608,8178,8221,
180.783,8581,8214,8223,
180.793,8567,8224,8221,
180.804,8546,8219,8210,
180.812,8562,8230,8223,
180.821,8541,8230,8218,
180.832,8544,8237,8216,
180.841,8556,8219,8218,
180.854,8565,8212,8213,
180.864,8562,8230,8221,
180.874,8562,8222,8221,
180.882,8562,8239,8218,
180.892,8556,8222,8205,
180.904,8556,8214,8218,
180.913,8570,8245,8223,
180.923,8562,8214,8216,
180.933,8565,8219,8221,
180.942,8567,8230,8226,
180.951,8581,8209,8192,
180.964,8605,8153,8190,
180.972,8594,8122,8213,
180.983,8573,8232,8218,
180.991,8562,8227,8221,
181.005,8544,8222,8218,
181.011,8538,8214,8213,
181.022,8553,8224,8218,
181.03,8544,8219,8223,
181.042,8567,8232,8223,
181.054,8556,8222,8218,
181.064,8578,8219,8216,
181.073,8556,8219,8210,
181.082,8558,8219,8221,
181.094,8562,8227,8218,
181.104,8558,8217,8213,
181.112,8556,8232,8221,
181.121,8565,8222,8216,
181.132,8556,8224,8216,
181.141,8565,8224,8216,
181.153,8578,8224,8203,
181.162,8622,8181,8200,
181.171,8600,8232,8218,
181.183,8570,8217,8223,
181.192,8573,8224,8216,
181.203,8549,8217,8216,
181.213,8546,8245,8213,
181.223,8556,8224,8213,
181.231,8570,8217,8216,
181.242,8567,8217,8218,
181.253,8553,8237,8221,
181.261,8553,8227,8213,
181.272,8565,8230,8221,
181.28,8562,8217,8226,
181.292,8567,8245,8226,
181.3,8553,8214,8208,
181.312,8570,8230,8216,
181.321,8578,8224,8226,
181.333,8565,8209,8208,
181.342,8567,8222,8213,
181.352,8589,8232,8208,
181.362,8608,8153,8190,
181.371,8597,8168,8203,
181.383,8578,8227,8221,
181.392,8565,8212,8218,
181.403,8553,8227,8221,
181.412,8541,8212,8210,
181.421,8538,8227,8210,
181.433,8549,8230,8210,
181.442,8544,8217,8210,
181.453,8567,8224,8213,
181.465,8565,8224,8213,
181.473,8565,8222,8221,
181.481,8562,8227,8216,
181.493,8576,8224,8221,
181.503,8558,8230,8210,
181.511,8567,8227,8218,
181.523,8562,8245,8221,
181.534,8546,8214,8223,
181.542,8565,8237,8218,
181.553,8570,8224,8208,
181.563,8613,8181,8195,
181.572,8589,8199,8221,
181.583,8576,8227,8226,
181.592,8556,8224,8216,
181.6,8549,8245,8213,
181.611,8546,8222,8221,
181.622,8549,8222,8205,
181.631,8553,8242,8223,
181.641,8553,8237,8208,
181.653,8565,8224,8221,
181.66,8562,8227,8216,
181.671,8578,8237,8223,
181.684,8565,8230,8223,
181.692,8556,8239,8223,
181.702,8558,8224,8218,
181.709,8570,8219,8223,
181.72,8573,8224,8218,
181.731,8562,8237,8218,
181.743,8570,8230,8208,
181.753,8570,8214,8192,
181.761,8605,8119,8192,
181.771,8589,8193,8213,
181.781,8576,8237,8228,
181.793,8562,8217,8218,
181.804,8544,8227,8223,
181.813,8546,8237,8216,
181.821,8544,8217,8213,
181.83,8549,8230,8205,
181.84,8549,8209,8208,
181.853,8562,8245,8221,
181.861,8553,8237,8216,
181.872,8576,8245,8226,
181.879,8562,8227,8226,
181.891,8570,8209,8213,
181.9,8573,8250,8218,
181.911,8556,8217,8208,
181.921,8567,8230,8216,
181.931,8558,8230,8216,
181.942,8562,8230,8216,
181.951,8594,8227,8200,
181.961,8605,8155,8190,
181.971,8589,8175,8208,
181.98,8573,8214,8221,
181.992,8553,8222,8223,
182.001,8549,8219,8213,
182.012,8558,8224,8213,
182.049,8541,8222,8210,
182.053,8556,8217,8213,
182.053,8565,8219,8208,
182.054,8589,8227,8218,
182.06,8661,8230,8235,
182.072,8766,8214,8251,
182.082,8858,8188,8272,
182.09,8936,8186,8287,
182.103,8996,8186,8302,
182.112,9002,8181,8300,
182.122,8999,8173,8309,
182.128,8988,8175,8309,
182.144,8963,8175,8309,
182.15,9021,8173,8279,
182.162,9098,8175,8221,
182.171,8996,8173,8269,
182.18,8894,8175,8287,
182.19,8877,8161,8277,
182.202,8860,8173,8279,
182.212,8855,8170,8282,
182.221,8844,8173,8277,
182.231,8839,8168,8282,
182.242,8847,8170,8269,
182.252,8841,8173,8277,
182.259,8824,8178,8272,
182.272,8819,8175,8269,
182.279,8819,8178,8277,
182.291,8824,8175,8261,
182.301,8804,8183,8264,
182.309,8811,8175,8272,
182.32,8811,8183,8272,
182.33,8819,8175,8266,
182.341,8832,8183,8259,
182.351,8894,8168,8241,
182.361,8946,8170,8210,
182.371,8852,8183,8256,
182.382,8808,8186,8261,
182.388,8802,8178,8259,
182.402,8788,8186,8272,
182.411,8796,8181,8266,
182.421,8796,8183,8272,
182.429,8799,8183,8261,
182.44,8804,8178,8261,
182.451,8802,8183,8266,
182.462,8802,8181,8264,
182.471,8808,8183,8259,
182.479,8804,8181,8272,
182.491,8804,8178,8269,
182.5,8808,8181,8261,
182.511,8804,8181,8269,
182.521,8802,8183,8256,
182.53,8804,8178,8256,
182.542,8819,8178,8272,
182.55,8852,8186,8243,
182.561,8933,8170,8213,
182.57,8852,8170,8248,
182.581,8811,8193,8272,
182.59,8804,8178,8261,
182.598,8804,8178,8259,
182.611,8802,8183,8272,
182.621,8802,8186,8259,
182.63,8796,8181,8261,
182.641,8804,8186,8259,
182.652,8804,8181,8274,
182.662,8804,8186,8261,
182.671,8804,8181,8266,
182.68,8796,8178,8274,
182.692,8808,8186,8272,
182.699,8808,8181,8274,
182.708,8804,8181,8266,
182.72,8808,8188,8266,
182.73,8811,8188,8261,
182.742,8813,8183,8261,
182.749,8882,8181,8231,
182.76,8930,8175,8216,
182.77,8874,8181,8241,
182.781,8802,8178,8266,
182.789,8793,8183,8261,
182.801,8788,8181,8261,
182.808,8793,8183,8269,
182.821,8796,8186,8256,
182.83,8788,8183,8269,
182.841,8799,8183,8272,
182.851,8793,8181,8261,
182.86,8785,8183,8261,
182.87,8799,8186,8256,
182.879,8785,8178,8264,
182.893,8796,8186,8264,
182.901,8793,8175,8264,
182.91,8791,8188,8259,
182.921,8788,8186,8266,
182.931,8780,8193,8261,
182.941,8791,8186,8254,
182.947,8850,8186,8228,
182.96,8905,8170,8210,
182.971,8836,8183,8243,
182.981,8780,8186,8264,
182.987,8774,8183,8254,
183.001,8772,8186,8266,
183.011,8777,8186,8251,
183.02,8777,8186,8261,
183.031,8772,8199,8256,
183.041,8777,8183,8256,
183.051,8785,8186,8259,
183.059,8780,8183,8256,
183.071,8780,8183,8259,
183.079,8777,8186,8259,
183.091,8777,8193,8264,
183.1,8777,8186,8261,
183.11,8769,8193,8264,
183.121,8780,8188,8256,
183.129,8769,8186,8259,
183.139,8785,8183,8259,
183.151,8839,8181,8231,
183.16,8879,8183,8210,
183.171,8827,8183,8243,
183.177,8772,8181,8243,
183.189,8769,8186,8259,
183.198,8756,8188,8264,
183.21,8758,8188,8261,
183.221,8758,8186,8261,
183.229,8766,8193,8261,
183.24,8761,8183,8259,
183.25,8766,8188,8254,
183.259,8769,8183,8254,
183.269,8764,8188,8254,
183.28,8772,8186,8256,
183.29,8772,8186,8259,
183.299,8766,8193,8259,
183.311,8764,8188,8264,
183.321,8769,8199,8269,
183.33,8772,8193,8259,
183.338,8774,8186,8254,
183.35,8816,8181,8226,
183.359,8871,8181,8208,
183.371,8816,8181,8231,
183.38,8766,8183,8254,
183.389,8756,8183,8256,
183.399,8758,8183,8261,
183.41,8761,8201,8261,
183.42,8758,8193,8261,
183.428,8764,8188,8251,
183.44,8766,8193,8251,
183.45,8766,8186,8259,
183.46,8761,8188,8259,
183.469,8761,8188,8264,
183.479,8764,8191,8251,
183.488,8772,8186,8256,
183.498,8756,8188,8261,
183.508,8766,8193,8261,
183.519,8758,8193,8256,
183.529,8756,8191,8261,
183.537,8766,8193,8264,
183.549,8804,8186,8251,
183.558,8860,8178,8210,
183.568,8796,8188,8254,
183.578,8766,8186,8269,
183.589,8764,8188,8259,
183.6,8756,8183,8264,
183.61,8764,8193,8259,
183.621,8761,8183,8251,
183.629,8769,8188,8261,
183.639,8758,8193,8259,
183.648,8758,8196,8251,
183.661,8764,8193,8254,
183.671,8758,8188,8254,
183.679,8764,8191,8269,
183.689,8769,8186,8254,
183.702,8764,8196,8259,
183.71,8761,8183,8261,
183.72,8761,8191,8269,
183.73,8764,8193,8264,
183.739,8769,8186,8264,
183.748,8804,8188,8248,
183.757,8852,8178,8208,
183.77,8796,8193,8254,
183.777,8756,8186,8256,
183.79,8745,8186,8259,
183.797,8747,8183,8259,
183.81,8753,8188,8256,
183.82,8745,8199,8248,
183.829,8750,8191,8254,
183.839,8756,8191,8256,
183.848,8753,8193,8256,
183.859,8753,8193,8256,
183.868,8753,8186,8254,
183.88,8745,8188,8251,
183.889,8753,8193,8254,
183.898,8756,8196,8248,
183.91,8753,8193,8254,
183.92,8745,8191,8256,
183.929,8745,8186,8266,
183.94,8758,8186,8251,
183.948,8816,8183,8226,
183.959,8830,8170,8208,
183.967,8774,8191,8238,
183.978,8747,8186,8254,
183.99,8745,8196,8248,
183.998,8733,8196,8251,
184.009,8733,8191,8248,
184.019,8741,8196,8251,
184.027,8741,8188,8254,
184.041,8741,8196,8256,
184.048,8741,8196,8259,
184.058,8741,8186,8259,
184.07,8738,8196,8256,
184.08,8745,8193,8251,
184.089,8738,8196,8261,
184.1,8745,8193,8259,
184.108,8741,8186,8254,
184.117,8741,8191,8246,
184.13,8738,8191,8251,
184.138,8745,8193,8256,
184.15,8777,8193,8241,
184.156,8830,8178,8208,
184.166,8785,8193,8235,
184.179,8727,8199,8261,
184.187,8727,8186,8256,
184.198,8727,8191,8248,
184.206,8733,8186,8254,
184.216,8738,8199,8256,
184.228,8727,8191,8246,
184.239,8733,8196,8231,
184.249,8733,8186,8254,
184.258,8741,8193,8248,
184.269,8733,8199,8254,
184.276,8736,8186,8248,
184.287,8727,8196,8246,
184.3,8727,8196,8246,
184.309,8727,8199,8248,
184.317,8736,8196,8251,
184.329,8725,8204,8261,
184.338,8738,8196,8246,
184.349,8772,8186,8228,
184.356,8822,8186,8213,
184.368,8764,8175,8251,
184.376,8745,8193,8248,
184.388,8736,8199,8251,
184.397,8727,8186,8248,
184.409,8733,8196,8246,
184.417,8733,8196,8254,
184.428,8733,8193,8248,
184.436,8738,8191,8248,
184.448,8738,8188,8254,
184.459,8736,8199,8259,
184.467,8736,8199,8251,
184.478,8733,8196,8248,
184.487,8733,8193,8246,
184.499,8733,8193,8254,
184.508,8730,8199,8256,
184.518,8733,8193,8251,
184.527,8738,8199,8256,
184.537,8741,8199,8254,
184.549,8777,8186,8231,
184.559,8819,8183,8210,
184.567,8761,8181,8238,
184.576,8733,8199,8256,
184.587,8721,8199,8261,
184.598,8725,8199,8251,
184.607,8725,8196,8238,
184.619,8721,8204,8256,
184.627,8721,8206,8251,
184.638,8721,8196,8251,
184.646,8721,8193,8254,
184.656,8721,8199,8261,
184.667,8716,8201,8251,
184.679,8718,8199,8248,
184.686,8721,8196,8259,
184.698,8721,8201,8251,
184.71,8710,8204,8251,
184.715,8718,8201,8251,
184.731,8713,8193,8248,
184.735,8725,8201,8248,
184.748,8761,8186,8223,
184.757,8796,8181,8205,
184.768,8730,8175,8238,
184.778,8718,8193,8246,
184.789,8705,8199,8248,
184.797,8699,8201,8256,
184.807,8707,8199,8248,
184.816,8702,8209,8235,
184.826,8697,8204,8243,
184.837,8705,8204,8246,
184.847,8710,8196,8246,
184.858,8702,8204,8251,
184.867,8702,8196,8235,
184.878,8702,8201,8246,
184.888,8699,8196,8246,
184.897,8699,8199,8254,
184.908,8710,8204,8248,
184.917,8707,8206,8243,
184.926,8707,8204,8246,
184.937,8710,8193,8248,
184.946,8736,8196,8228,
184.959,8774,8183,8213,
184.967,8741,8181,8228,
184.978,8702,8199,8251,
184.986,8710,8201,8243,
184.999,8697,8206,8256,
185.005,8702,8204,8243,
185.016,8702,8191,8246,
185.029,8702,8206,8248,
185.037,8705,8193,8246,
185.049,8707,8204,8243,
185.058,8713,8204,8251,
185.068,8713,8204,8246,
185.076,8702,8193,8251,
185.09,8699,8204,8251,
185.097,8705,8196,8251,
185.108,8710,8204,8248,
185.117,8707,8204,8246,
185.128,8716,8206,8248,
185.137,8716,8196,8238,
185.147,8772,8191,8223,
185.157,8783,8175,8205,
185.166,8730,8168,8235,
185.175,8699,8201,8246,
185.185,8705,8199,8248,
185.199,8705,8204,8251,
185.207,8699,8193,8243,
185.218,8705,8191,8248,
185.227,8707,8201,8246,
185.237,8705,8201,8254,
185.247,8707,8199,8243,
185.257,8702,8201,8246,
185.267,8705,8204,8246,
185.276,8707,8196,8248,
185.287,8699,8204,8243,
185.299,8697,8204,8243,
185.307,8694,8199,8248,
185.317,8707,8204,8248,
185.327,8705,8201,8243,
185.336,8702,8191,8241,
185.349,8727,8196,8226,
185.355,8772,8186,8216,
185.367,8721,8170,8228,
185.375,8702,8206,8248,
185.386,8686,8209,8256,
185.398,8694,8201,8243,
185.406,8680,8201,8251,
185.415,8689,8199,8241,
185.427,8691,8204,8243,
185.438,8683,8209,8246,
185.446,8683,8199,8243,
185.455,8691,8201,8241,
185.467,8689,8204,8231,
185.476,8691,8209,8231,
185.485,8683,8209,8241,
185.496,8686,8209,8251,
185.505,8686,8212,8248,
185.517,8678,8206,8235,
185.528,8678,8201,8243,
185.538,8680,8212,8243,
185.544,8705,8193,8223,
185.555,8738,8175,8198,
185.567,8707,8178,8228,
185.576,8672,8204,8238,
185.585,8667,8193,8231,
185.596,8675,8188,8241,
185.605,8667,8209,8241,
185.618,8672,8201,8246,
185.627,8661,8219,8246,
185.636,8678,8206,8248,
185.646,8672,8204,8235,
185.655,8664,8204,8238,
185.666,8667,8214,8238,
185.676,8675,8196,8241,
185.688,8670,8209,8238,
185.696,8664,8212,8256,
185.708,8667,8212,8235,
185.714,8664,8206,8238,
185.725,8664,8209,8235,
185.736,8670,8206,8238,
185.747,8702,8193,8210,
185.755,8716,8191,8203,
185.764,8683,8165,8223,
185.775,8653,8209,8228,
185.784,8664,8204,8231,
185.797,8656,8201,8228,
185.805,8653,8196,8235,
185.816,8659,8209,8231,
185.826,8656,8196,8241,
185.836,8659,8214,8231,
185.845,8653,8209,8241,
185.858,8656,8224,8246,
185.867,8661,8212,8241,
185.875,8650,8199,8235,
185.885,8661,8219,8243,
185.897,8656,8204,8228,
185.906,8659,8217,8235,
185.915,8659,8209,8228,
185.927,8650,8204,8241,
185.937,8647,8217,8223,
185.946,8672,8209,8221,
185.956,8707,8186,8210,
185.966,8672,8175,8221,
185.975,8639,8214,8235,
185.986,8653,8201,8226,
185.997,8650,8204,8248,
186.006,8656,8209,8238,
186.015,8644,8204,8238,
186.027,8661,8206,8235,
186.036,8659,8209,8243,
186.046,8656,8206,8238,
186.056,8656,8206,8235,
186.067,8656,8209,8231,
186.075,8644,8214,8235,
186.088,8642,8206,8231,
186.095,8639,8212,8238,
186.105,8632,8196,8226,
186.116,8627,8212,8248,
186.125,8630,8212,8231,
186.133,8627,8206,8235,
186.145,8661,8209,8218,
186.158,8678,8173,8200,
186.164,8642,8204,8223,
186.176,8627,8209,8226,
186.184,8613,8206,8228,
186.196,8605,8206,8223,
186.204,8594,8201,8223,
186.216,8594,8222,8228,
186.224,8586,8222,8221,
186.236,8565,8217,8216,
186.245,8527,8217,8218,
186.256,8517,8232,8213,
186.264,8517,8224,8210,
186.275,8506,8224,8213,
186.285,8522,8237,8216,
186.295,8511,8232,8216,
186.306,8517,8219,8223,
186.316,8530,8212,8221,
186.327,8527,8224,8213,
186.335,8546,8237,8216,
186.345,8567,8209,8198,
186.355,8603,8135,8192,
186.364,8597,8193,8218,
186.376,8597,8217,8226,
186.386,8586,8212,8218,
186.393,8578,8217,8216,
186.403,8556,8204,8213,
186.415,8600,8222,8218,
186.425,8597,8222,8213,
186.432,8605,8214,8216,
186.444,8594,8219,8228,
186.456,8611,8224,8223,
186.464,8565,8209,8216,
186.478,8622,8217,8221,
186.485,8597,8214,8238,
186.498,8578,8232,8223,
186.504,8600,8242,8235,
186.516,8592,8199,8223,
186.524,8586,8255,8235,
186.534,8549,8247,8216,
186.546,8600,8186,8205,
186.555,8611,8193,8185,
186.564,8624,8183,8235,
186.575,8586,8217,8213,
186.584,8553,8201,8228,
186.597,8541,8242,8221,
186.605,8536,8247,8213,
186.614,8611,8242,8241,
186.624,8597,8209,8231,
186.636,8573,8209,8210,
186.646,8562,8217,8221,
186.657,8603,8209,8218,
186.665,8570,8219,8218,
186.674,8630,8242,8226,
186.687,8608,8230,8223,
186.695,8533,8201,8203,
186.704,8549,8214,8223,
186.715,8600,8222,8226,
186.724,8581,8214,8223,
186.735,8589,8209,8210,
186.745,8584,8204,8208,
186.756,8675,8137,8187,
186.766,8650,8165,8216,
186.774,8619,8209,8226,
186.785,8670,8219,8241,
186.796,8647,8206,8238,
186.804,8642,8209,8231,
186.814,8632,8224,8238,
186.825,8616,8214,8226,
186.836,8605,8214,8235,
186.845,8594,8214,8218,
186.853,8605,8222,8226,
186.865,8622,8214,8226,
186.874,8619,8212,8231,
186.885,8639,8214,8223,
186.896,8627,8214,8235,
186.904,8642,8212,8223,
186.915,8630,8217,8231,
186.924,8592,8227,8221,
186.934,8576,8219,8216,
186.947,8576,8217,8200,
186.954,8576,8127,8187,
186.965,8553,8175,8203,
186.973,8527,8232,8213,
186.983,8533,8237,8226,
186.996,8517,8222,8213,
187.004,8533,8239,8210,
187.017,8527,8214,8213,
187.026,8589,8224,8213,
187.034,8586,8212,8223,
187.045,8578,8219,8216,
187.054,8565,8224,8221,
187.065,8578,8219,8221,
187.073,8589,8219,8221,
187.085,8594,8201,8226,
187.094,8573,8222,8228,
187.105,8584,8224,8221,
187.116,8570,8237,8223,
187.123,8558,8219,8223,
187.133,8553,8214,8203,
187.144,8573,8212,8205,
187.153,8608,8161,8187,
187.163,8592,8153,8216,
187.175,8567,8217,8218,
187.183,8546,8222,8221,
187.195,8544,8255,8210,
187.205,8541,8230,8221,
187.214,8544,8222,8216,
187.224,8544,8217,8210,
187.233,8519,8212,8218,
187.246,8538,8237,8223,
187.254,8544,8227,8210,
187.267,8541,8252,8221,
187.274,8544,8237,8221,
187.287,8553,8222,8208,
187.294,8549,8230,8218,
187.303,8556,8232,8221,
187.314,8553,8222,8210,
187.323,8556,8245,8223,
187.334,8538,8217,8213,
187.345,8578,8232,8218,
187.353,8622,8150,8195,
187.365,8594,8204,8210,
187.373,8565,8237,8223,
187.385,8570,8222,8218,
187.393,8562,8250,8216,
187.404,8536,8237,8198,
187.414,8553,8219,8208,
187.422,8553,8227,8208,
187.434,8556,8209,8216,
187.443,8553,8222,8213,
187.452,8553,8214,8216,
187.465,8556,8224,8221,
187.473,8546,8219,8223,
187.483,8558,8232,8208,
187.494,8549,8230,8210,
187.503,8544,8230,8221,
187.513,8541,8219,8203,
187.524,8549,8245,8221,
187.533,8553,8224,8218,
187.542,8573,8217,8213,
187.555,8594,8106,8192,
187.563,8581,8191,8216,
187.573,8565,8227,8216,
187.584,8546,8222,8221,
187.592,8536,8212,8208,
187.604,8536,8237,8223,
187.615,8546,8219,8216,
187.627,8546,8222,8205,
187.633,8567,8222,8223,
187.645,8586,8219,8218,
187.654,8581,8222,8221,
187.664,8581,8212,8218,
187.672,8584,8219,8223,
187.684,8586,8230,8231,
187.693,8589,8219,8216,
187.702,8589,8224,8216,
187.715,8576,8222,8218,
187.724,8578,8219,8213,
187.735,8576,8222,8221,
187.743,8586,8224,8216,
187.754,8600,8161,8187,
187.764,8573,8183,8205,
187.771,8570,8232,8221,
187.784,8553,8214,8216,
187.793,8558,8217,8231,
187.804,8556,8224,8218,
187.815,8546,8206,8205,
187.824,8558,8222,8216,
187.835,8556,8214,8221,
187.844,8546,8230,8218,
187.853,8553,8222,8221,
187.862,8553,8239,8221,
187.874,8546,8209,8213,
187.883,8541,8224,8210,
187.892,8544,8219,8223,
187.905,8541,8239,8218,
187.914,8544,8224,8216,
187.922,8538,8217,8210,
187.931,8533,8222,8203,
187.941,8546,8217,8210,
187.954,8562,8137,8187,
187.964,8538,8142,8208,
187.971,8522,8232,8216,
187.983,8514,8227,8213,
187.993,8506,8239,8203,
188.003,8500,8245,8216,
188.014,8495,8242,8208,
188.023,8481,8232,8213,
188.034,8498,8227,8190,
188.042,8479,8245,8208,
188.052,8473,8237,8208,
188.063,8463,8257,8205,
188.073,8455,8230,8192,
188.083,8452,8252,8190,
188.094,8444,8250,8195,
188.101,8428,8260,8185,
188.112,8425,8250,8192,
188.124,8425,8255,8200,
188.136,8425,8245,8205,
188.143,8412,8232,8187,
188.151,8439,8175,8172,
188.162,8428,8227,8200,
188.174,8406,8257,8198,
188.18,8390,8232,8185,
188.193,8379,8239,8195,
188.201,8377,8227,8195,
188.214,8366,8252,8203,
188.222,8358,8242,8198,
188.232,8353,8239,8195,
188.244,8356,8270,8195,
188.255,8358,8250,8190,
188.261,8358,8263,8198,
188.273,8364,8268,8185,
188.282,8353,8273,8195,
188.293,8356,8255,8190,
188.304,8350,8247,8190,
188.312,8347,8252,8190,
188.321,8339,8255,8198,
188.333,8339,8219,8180,
188.344,8339,8263,8187,
188.353,8358,8150,8163,
188.363,8356,8214,8187,
188.373,8339,8301,8198,
188.384,8331,8260,8187,
188.393,8320,8232,8180,
188.402,8331,8230,8192,
188.412,8334,8237,8190,
188.424,8318,8255,8190,
188.434,8331,8268,8192,
188.457,8337,8239,8187,
188.458,8320,8273,8198,
188.46,8337,8257,8190,
188.474,8339,8270,8180,
188.48,8331,8263,8182,
188.492,8345,8247,8185,
188.503,8342,8252,8182,
188.513,8334,8265,8192,
188.522,8329,8252,8187,
188.532,8350,8286,8205,
188.543,8339,8263,8187,
188.555,8345,8204,8174,
188.561,8358,8239,8182,
188.57,8334,8270,8192,
188.581,8347,8281,8200,
188.593,8326,8227,8200,
188.6,8326,8255,8192,
188.612,8339,8257,8195,
188.621,8339,8252,8192,
188.632,8345,8250,8200,
188.643,8326,8245,8187,
188.651,8334,8237,8192,
188.661,8342,8242,8192,
188.673,8326,8265,8192,
188.68,8339,8245,8195,
188.693,8334,8263,8187,
188.703,8331,8245,8185,
188.713,8345,8257,8187,
188.722,8350,8252,8192,
188.732,8361,8286,8182,
188.74,8339,8214,8187,
188.753,8366,8161,8174,
188.761,8372,8206,8185,
188.77,8347,8237,8192,
188.781,8364,8232,8187,
188.792,8345,8232,8195,
188.8,8342,8242,8192,
188.813,8329,8257,8172,
188.821,8337,8257,8200,
188.833,8353,8237,8174,
188.844,8356,8268,8190,
188.854,8350,8270,8198,
188.863,8364,8252,8190,
188.871,8347,8245,8192,
188.883,8358,8250,8203,
188.892,8347,8239,8177,
188.901,8350,8250,8192,
188.914,8356,8250,8187,
188.922,8366,8255,8180,
188.933,8347,8283,8182,
188.944,8361,8237,8185,
188.95,8361,8145,8182,
188.963,8385,8170,8192,
188.969,8353,8247,8203,
188.981,8361,8260,8180,
188.989,8350,8250,8198,
189.002,8345,8247,8203,
189.013,8361,8250,8187,
189.021,8353,8252,8192,
189.032,8364,8278,8200,
189.042,8379,8265,8192,
189.054,8364,8242,8200,
189.061,8369,8255,8205,
189.07,8364,8245,8187,
189.081,8369,8250,8185,
189.093,8364,8260,8210,
189.104,8369,8252,8195,
189.11,8379,8255,8203,
189.123,8390,8270,8203,
189.129,8372,8257,8195,
189.142,8377,8222,8192,
189.154,8393,8148,8174,
189.162,8404,8217,8198,
189.171,8390,8230,8190,
189.183,8377,8265,8185,
189.191,8387,8255,8195,
189.203,8372,8252,8192,
189.209,8382,8247,8187,
189.222,8377,8232,8187,
189.231,8390,8263,8180,
189.242,8393,8237,8192,
189.251,8390,8237,8192,
189.26,8393,8245,8208,
189.271,8377,8247,8190,
189.282,8396,8255,8195,
189.29,8377,8276,8192,
189.302,8379,8263,8198,
189.311,8393,8263,8187,
189.323,8393,8257,8195,
189.332,8390,8247,8200,
189.34,8385,8227,8185,
189.349,8409,8170,8182,
189.362,8404,8227,8185,
189.373,8382,8252,8198,
189.379,8387,8237,8195,
189.392,8390,8250,8203,
189.4,8382,8242,8187,
189.412,8390,8252,8177,
189.421,8404,8257,8195,
189.432,8390,8247,8208,
189.441,8401,8232,8182,
189.452,8390,8247,8195,
189.46,8393,8247,8210,
189.472,8398,8222,8195,
189.482,8396,8245,8203,
189.491,8398,8245,8200,
189.501,8393,8265,8192,
189.509,8387,8239,8187,
189.522,8393,8255,8195,
189.533,8387,8270,8195,
189.541,8401,8212,8190,
189.553,8406,8252,8180,
189.561,8406,8257,8195,
189.574,8387,8237,8198,
189.581,8387,8247,8192,
189.591,8396,8252,8190,
189.603,8387,8276,8192,
189.611,8387,8242,8195,
189.622,8396,8227,8190,
189.631,8393,8224,8182,
189.643,8372,8245,8192,
189.652,8387,8250,8195,
189.661,8390,8252,8185,
189.672,8396,8260,8195,
189.681,8398,8255,8195,
189.692,8387,8278,8198,
189.7,8393,8260,8192,
189.711,8385,8260,8190,
189.721,8387,8239,8198,
189.73,8379,8227,8185,
189.74,8396,8219,8185,
189.752,8412,8168,8180,
189.761,8423,8224,8185,
189.77,8390,8255,8190,
189.781,8387,8255,8187,
189.791,8385,8252,8190,
189.8,8369,8242,8190,
189.811,8372,8257,8200,
189.82,8390,8257,8195,
189.834,8377,8260,8187,
189.843,8369,8281,8200,
189.85,8379,8263,8205,
189.861,8366,8257,8203,
189.87,8379,8257,8192,
189.88,8372,8242,8185,
189.891,8364,8247,8192,
189.902,8372,8245,8182,
189.912,8369,8286,8205,
189.921,8372,8255,8182,
189.929,8361,8255,8192,
189.941,8372,8204,8187,
189.949,8377,8204,8180,
189.961,8377,8245,8182,
189.969,8364,8257,8195,
189.98,8350,8224,8187,
189.989,8353,8260,8192,
190.001,8337,8245,8185,
190.009,8364,8232,8192,
190.019,8350,8278,8190,
190.028,8353,8252,8192,
190.041,8356,8230,8180,
190.05,8353,8242,8192,
190.06,8347,8257,8192,
190.069,8342,8255,8185,
190.08,8342,8250,8203,
190.09,8337,8255,8203,
190.101,8334,8245,8180,
190.109,8331,8247,8190,
190.122,8320,8263,8190,
190.129,8331,8252,8187,
190.141,8323,8242,8187,
190.152,8331,8212,8187,
190.159,8347,8201,8192,
190.169,8323,8260,8177,
190.179,8299,8237,8185,
190.189,8318,8257,8169,
190.199,8315,8278,8192,
190.21,8312,8239,8190,
190.219,8326,8242,8187,
190.23,8307,8265,8185,
190.24,8307,8263,8192,
190.249,8307,8242,8177,
190.26,8310,8227,8185,
190.269,8301,8288,8195,
190.28,8307,8247,8185,
190.292,8301,8247,8195,
190.301,8283,8301,8182,
190.312,8315,8286,8180,
190.321,8291,8260,8187,
190.33,8283,8273,8195,
190.34,8283,8204,8190,
190.35,8285,8193,8182,
190.361,8326,8291,8180,
190.367,8288,8270,8187,
190.381,8283,8255,8182,
190.389,8273,8247,8177,
190.4,8260,8227,8192,
190.409,8283,8237,8200,
190.42,8273,8247,8180,
190.432,8271,8278,8190,
190.438,8273,8227,8195,
190.449,8260,8239,8185,
190.461,8283,8263,8174,
190.47,8283,8278,8190,
190.48,8279,8263,8185,
190.49,8271,8273,8190,
190.498,8265,8257,8182,
190.509,8283,8265,8190,
190.521,8276,8260,8177,
190.531,8283,8247,8187,
190.551,8273,8222,8187,
190.552,8265,8186,8174,
190.559,8273,8206,8192,
190.568,8283,8265,8187,
190.58,8263,8257,8172,
190.591,8271,8255,8182,
190.599,8271,8252,8182,
190.609,8265,8283,8180,
190.619,8257,8265,8192,
190.63,8260,8299,8177,
190.64,8246,8247,8177,
190.648,8265,8245,8187,
190.66,8268,8263,8167,
190.67,8268,8257,8187,
190.68,8276,8245,8187,
190.688,8244,8242,8187,
190.701,8260,8281,8185,
190.707,8249,8283,8187,
190.72,8244,8245,8182,
190.729,8241,8268,8172,
190.74,8249,8247,8185,
190.749,8265,8150,8174,
190.759,8273,8294,8180,
190.768,8246,8270,8190,
190.782,8241,8278,8180,
190.79,8238,8281,8195,
190.799,8254,8263,8192,
190.809,8227,8257,8177,
190.819,8233,8252,8180,
190.83,8244,8270,8182,
190.84,8252,8255,8180,
190.851,8246,8263,8200,
190.859,8246,8260,8185,
190.869,8222,8270,8187,
190.878,8227,8294,8185,
190.891,8260,8247,8180,
190.899,8249,8273,8182,
190.907,8238,8239,8182,
190.918,8244,8252,8177,
190.927,8252,8245,8195,
190.94,8225,8245,8187,
190.949,8246,8165,8177,
190.96,8252,8278,8203,
190.971,8222,8242,8190,
190.977,8238,8245,8180,
190.99,8222,8263,8182,
191,8217,8255,8174,
191.01,8225,8281,8187,
191.017,8241,8252,8187,
191.03,8219,8255,8182,
191.036,8257,8237,8182,
191.048,8273,8239,8185,
191.058,8238,8273,8177,
191.07,8241,8260,8180,
191.078,8241,8268,8195,
191.088,8271,8265,8172,
191.099,8254,8268,8163,
191.111,8249,8242,8195,
191.12,8254,8268,8190,
191.128,8252,8227,8182,
191.139,8252,8237,8172,
191.15,8265,8186,8157,
191.159,8285,8222,8185,
191.17,8268,8255,8187,
191.18,8273,8278,8185,
191.191,8283,8245,8185,
191.199,8283,8260,8182,
191.207,8279,8278,8187,
191.216,8271,8250,8185,
191.228,8283,8268,8185,
191.239,8283,8255,8185,
191.247,8301,8308,8177,
191.258,8293,8283,8172,
191.27,8293,8263,8187,
191.28,8291,8257,8187,
191.29,8291,8288,8185,
191.296,8285,8265,8192,
191.309,8296,8263,8182,
191.319,8304,8268,8195,
191.329,8307,8257,8192,
191.339,8304,8252,8169,
191.347,8315,8124,8167,
191.358,8329,8252,8182,
191.369,8310,8250,8195,
191.378,8296,8245,8185,
191.389,8291,8247,8203,
191.399,8296,8239,8185,
191.407,8312,8276,8200,
191.419,8299,8260,8185,
191.429,8304,8247,8198,
191.438,8323,8270,8190,
191.448,8288,8294,8195,
191.458,8318,8257,8200,
191.472,8310,8276,8180,
191.479,8301,8242,8190,
191.489,8307,8257,8182,
191.497,8301,8250,8185,
191.51,8285,8242,8177,
191.517,8310,8245,8180,
191.528,8301,8230,8182,
191.538,8293,8250,8177,
191.547,8307,8183,8174,
191.557,8293,8232,8187,
191.566,8312,8268,8182,
191.577,8331,8239,8198,
191.591,8326,8257,8195,
191.598,8301,8230,8172,
191.608,8301,8242,8190,
191.619,8293,8230,8192,
191.627,8307,8260,8177,
191.638,8318,8260,8185,
191.647,8307,8255,8192,
191.659,8318,8265,8192,
191.67,8315,8281,8187,
191.676,8315,8260,8190,
191.689,8320,8242,8182,
191.697,8326,8270,8174,
191.709,8326,8245,8185,
191.717,8339,8255,8198,
191.727,8342,8252,8185,
191.737,8342,8212,8185,
191.749,8347,8153,8167,
191.758,8337,8245,8187,
191.767,8353,8212,8180,
191.776,8329,8270,8185,
191.791,8331,8242,8187,
191.8,8318,8265,8192,
191.808,8339,8252,8185,
191.817,8329,8247,8198,
191.828,8350,8301,8192,
191.838,8339,8247,8190,
191.849,8339,8245,8187,
191.857,8347,8230,8185,
191.868,8356,8257,8187,
191.878,8347,8263,8203,
191.887,8353,8245,8190,
191.899,8353,8250,8187,
191.91,8369,8257,8192,
191.921,8366,8247,8187,
191.928,8372,8252,8200,
191.938,8379,8268,8190,
191.946,8385,8127,8180,
191.958,8420,8252,8187,
191.968,8385,8247,8190,
191.978,8366,8227,8192,
191.987,8364,8217,8198,
192,8353,8268,8198,
192.007,8358,8257,8192,
192.017,8379,8255,8182,
192.03,8379,8250,8203,
192.038,8390,8247,8198,
192.047,8379,8232,8190,
192.059,8390,8276,8198,
192.067,8396,8252,8187,
192.077,8390,8230,8198,
192.09,8401,8227,8192,
192.098,8398,8257,8208,
192.106,8412,8268,8180,
192.116,8425,8232,8185,
192.125,8409,8268,8180,
192.139,8423,8257,8182,
192.146,8455,8161,8177,
192.157,8452,8193,8190,
192.167,8436,8265,8192,
192.176,8452,8222,8198,
192.187,8436,8237,8208,
192.199,8447,8250,8200,
192.207,8458,8245,8205,
192.218,8461,8230,8203,
192.228,8479,8257,8198,
192.237,8484,8252,8208,
192.247,8479,8239,8192,
192.259,8484,8239,8205,
192.268,8490,8250,8210,
192.276,8500,8247,8218,
192.287,8511,8232,8216,
192.298,8514,8237,8208,
192.307,8519,8232,8200,
192.315,8530,8232,8203,
192.33,8525,8222,8208,
192.337,8562,8237,8208,
192.346,8584,8173,8192,
192.358,8584,8199,8205,
192.367,8578,8237,8208,
192.377,8584,8239,8226,
192.388,8578,8217,8226,
192.397,8584,8222,8231,
192.407,8589,8239,8223,
192.417,8570,8212,8221,
192.425,8567,8227,8218,
192.438,8573,8230,8223,
192.446,8570,8227,8208,
192.456,8573,8242,8221,
192.465,8562,8230,8213,
192.477,8565,8230,8210,
192.486,8567,8239,8216,
192.496,8562,8242,8223,
192.505,8570,8219,8216,
192.517,8567,8227,8228,
192.526,8570,8212,8208,
192.538,8586,8212,8208,
192.547,8616,8165,8192,
192.556,8592,8193,8218,
192.567,8576,8237,8223,
192.58,8578,8242,8223,
192.588,8556,8204,8231,
192.596,8570,8222,8226,
192.608,8562,8214,8235,
192.614,8558,8217,8210,
192.626,8581,8222,8216,
192.637,8565,8232,8216,
192.648,8584,8217,8221,
192.656,8573,8214,8218,
192.667,8576,8227,8223,
192.678,8567,8199,8200,
192.687,8570,8232,8218,
192.696,8576,8217,8216,
192.706,8567,8242,8221,
192.717,8570,8230,8218,
192.727,8562,8230,8213,
192.737,8586,8209,8198,
192.744,8613,8165,8190,
192.755,8589,8230,8213,
192.767,8578,8209,8205,
192.777,8567,8224,8216,
192.788,8556,8209,8216,
192.795,8546,8230,8216,
192.806,8553,8224,8205,
192.817,8565,8227,8213,
192.828,8576,8222,8218,
192.837,8553,8232,8223,
192.845,8562,8224,8218,
192.856,8549,8242,8208,
192.866,8562,8214,8210,
192.875,8567,8227,8221,
192.886,8546,8209,8213,
192.898,8565,8230,8221,
192.907,8565,8224,8210,
192.917,8562,8206,8216,
192.927,8570,8227,8223,
192.934,8586,8212,8203,
192.947,8597,8173,8192,
192.955,8592,8193,8216,
192.965,8570,8224,8218,
192.975,8549,8227,8221,
192.987,8544,8224,8221,
192.997,8541,8222,8210,
193.006,8546,8219,8213,
193.016,8546,8214,8213,
193.028,8556,8219,8223,
193.037,8556,8242,8218,
193.047,8556,8219,8216,
193.059,8565,8239,8216,
193.065,8567,8222,8205,
193.076,8573,8227,8216,
193.087,8562,8239,8223,
193.095,8567,8222,8218,
193.106,8553,8217,8218,
193.116,8565,8212,8228,
193.125,8567,8227,8221,
193.136,8570,8204,8216,
193.144,8608,8168,8195,
193.155,8600,8153,8203,
193.167,8570,8217,8210,
193.176,8565,8212,8221,
193.188,8553,8230,8203,
193.194,8549,8219,8213,
193.204,8546,8212,8216,
193.215,8553,8224,8208,
193.226,8553,8230,8218,
193.235,8556,8219,8218,
193.245,8558,8227,8213,
193.256,8556,8227,8226,
193.265,8553,8222,8216,
193.277,8558,8232,8218,
193.284,8573,8224,8218,
193.295,8565,8222,8210,
193.306,8565,8212,8216,
193.315,8558,8227,8216,
193.325,8570,8214,8213,
193.337,8589,8212,8208,
193.346,8597,8142,8190,
193.356,8589,8165,8216,
193.364,8567,8219,8218,
193.378,8556,8219,8221,
193.385,8541,8227,8228,
193.395,8549,8222,8218,
193.407,8544,8232,8208,
193.415,8556,8230,8221,
193.423,8567,8237,8221,
193.436,8562,8232,8226,
193.444,8565,8224,8231,
193.455,8567,8232,8213,
193.466,8556,8217,8210,
193.476,8562,8242,8216,
193.487,8573,8219,8223,
193.495,8562,8224,8218,
193.505,8567,8245,8218,
193.515,8570,8219,8221,
193.527,8565,8224,8223,
193.537,8589,8219,8208,
193.544,8611,8153,8187,
193.555,8597,8217,8216,
193.564,8576,8239,8223,
193.575,8549,8206,8208,
193.585,8549,8209,8218,
193.595,8544,8212,8205,
193.605,8541,8219,8221,
193.616,8558,8232,8210,
193.626,8558,8224,8216,
193.633,8562,8212,8213,
193.647,8562,8239,8221,
193.655,8556,8242,8216,
193.666,8556,8230,8216,
193.675,8570,8239,8223,
193.7,8565,8245,8218,
193.701,8558,8227,8226,
193.703,8562,8227,8218,
193.713,8556,8224,8221,
193.725,8567,8224,8216,
193.734,8578,8224,8218,
193.746,8608,8127,8195,
193.757,8594,8165,8213,
193.766,8565,8230,8226,
193.775,8556,8219,8221,
193.786,8562,8237,8216,
193.797,8541,8237,8216,
193.804,8546,8219,8210,
193.815,8558,8219,8216,
193.826,8546,8232,8228,
193.833,8553,8214,8208,
193.845,8549,8222,8221,
193.856,8565,8227,8226,
193.865,8562,8232,8218,
193.874,8562,8247,8223,
193.887,8565,8219,8223,
193.893,8567,8237,8216,
193.904,8562,8222,8223,
193.915,8556,8242,8223,
193.927,8567,8230,8205,
193.935,8581,8209,8203,
193.945,8603,8142,8190,
193.955,8586,8196,8216,
193.963,8562,8219,8216,
193.975,8565,8219,8205,
193.984,8562,8217,8216,
193.996,8544,8222,8213,
194.005,8546,8224,8213,
194.016,8567,8217,8218,
194.022,8556,8224,8216,
194.034,8553,8227,8213,
194.043,8562,8214,8213,
194.054,8556,8224,8210,
194.064,8567,8232,8221,
194.073,8570,8237,8216,
194.084,8570,8232,8223,
194.096,8565,8219,8231,
194.106,8576,8237,8235,
194.112,8565,8245,8213,
194.126,8567,8227,8221,
194.134,8578,8212,8210,
194.146,8611,8186,8187,
194.155,8600,8181,8198,
194.164,8567,8212,8213,
194.176,8549,8214,8208,
194.184,8553,8214,8210,
194.193,8549,8206,8221,
194.205,8556,8222,8213,
194.214,8556,8224,8216,
194.223,8562,8219,8221,
194.233,8562,8209,8216,
194.245,8562,8224,8213,
194.255,8570,8247,8205,
194.264,8570,8237,8221,
194.272,8570,8239,8221,
194.284,8565,8242,8216,
194.296,8567,8219,8216,
194.303,8553,8224,8210,
194.315,8567,8224,8216,
194.323,8573,8214,8203,
194.335,8586,8217,8208,
194.344,8608,8188,8200,
194.355,8586,8181,8210,
194.364,8562,8230,8221,
194.373,8553,8222,8223,
194.385,8538,8227,8208,
194.395,8541,8239,8223,
194.405,8536,8222,8210,
194.416,8541,8222,8216,
194.422,8544,8227,8218,
194.435,8553,8224,8210,
194.443,8570,8237,8213,
194.454,8553,8237,8221,
194.463,8558,8224,8218,
194.475,8562,8227,8210,
194.485,8565,8224,8216,
194.494,8570,8239,8216,
194.504,8556,8217,8216,
194.513,8553,8242,8216,
194.526,8565,8232,8210,
194.532,8576,8199,8213,
194.545,8600,8111,8187,
194.553,8592,8245,8213,
194.563,8576,8206,8213,
194.573,8556,8239,8216,
194.583,8549,8222,8223,
194.592,8553,8232,8205,
194.604,8565,8227,8228,
194.613,8541,8219,8221,
194.624,8546,8227,8223,
194.635,8556,8227,8210,
194.643,8549,8239,8218,
194.654,8565,8219,8210,
194.665,8549,8219,8218,
194.674,8562,8230,8218,
194.685,8553,8224,8216,
194.693,8565,8245,8228,
194.704,8558,8222,8216,
194.737,8570,8219,8205,
194.738,8556,8230,8213,
194.738,8589,8245,8210,
194.743,8611,8140,8185,
194.754,8594,8183,8216,
194.764,8562,8222,8218,
194.773,8565,8224,8210,
194.785,8553,8209,8208,
194.793,8546,8224,8213,
194.802,8549,8230,8218,
194.814,8556,8219,8218,
194.825,8556,8227,8216,
194.834,8546,8219,8221,
194.843,8562,8206,8218,
194.853,8553,8222,8226,
194.862,8562,8230,8210,
194.871,8553,8212,8218,
194.883,8565,8237,8221,
194.893,8549,8224,8205,
194.904,8562,8222,8221,
194.913,8570,8239,8213,
194.922,8576,8222,8216,
194.936,8589,8222,8198,
194.943,8608,8170,8187,
194.954,8586,8155,8213,
194.963,8570,8230,8226,
194.973,8562,8230,8218,
194.984,8546,8224,8213,
194.994,8544,8227,8210,
195.004,8544,8224,8213,
195.015,8538,8237,8213,
195.023,8556,8224,8213,
195.035,8553,8224,8216,
195.041,8549,8224,8226,
195.055,8558,8239,8216,
195.061,8565,8222,8210,
195.072,8578,8237,8216,
195.081,8573,8222,8223,
195.092,8570,8237,8210,
195.104,8556,8217,8216,
195.113,8567,8227,8223,
195.124,8567,8224,8208,
195.131,8581,8222,8210,
195.142,8611,8204,8198,
195.155,8594,8191,8216,
195.164,8576,8227,8218,
195.173,8570,8232,8221,
195.182,8556,8222,8213,
195.193,8541,8209,8210,
195.204,8549,8237,8208,
195.213,8558,8242,8213,
195.224,8556,8224,8218,
195.232,8562,8239,8223,
195.244,8562,8224,8228,
195.254,8570,8245,8221,
195.262,8567,8239,8216,
195.273,8567,8232,8223,
195.281,8567,8239,8221,
195.293,8556,8239,8216,
195.305,8556,8224,8221,
195.313,8558,8232,8221,
195.323,8567,8232,8218,
195.331,8597,8206,8198,
195.343,8608,8145,8192,
195.351,8584,8183,8210,
195.362,8567,8227,8218,
195.371,8553,8212,8198,
195.382,8553,8239,8216,
195.394,8544,8219,8210,
195.404,8549,8212,8213,
195.413,8553,8239,8213,
195.424,8562,8201,8213,
195.432,8570,8222,8213,
195.444,8562,8237,8223,
195.456,8556,8212,8228,
195.464,8558,8237,8223,
195.47,8562,8227,8221,
195.482,8562,8227,8213,
195.492,8570,8230,8216,
195.503,8553,8232,8228,
195.513,8570,8232,8223,
195.522,8562,8227,8205,
195.535,8589,8204,8198,
195.543,8603,8178,8185,
195.551,8586,8199,8213,
195.561,8567,8227,8210,
195.571,8549,8245,8221,
195.581,8544,8232,8216,
195.593,8544,8214,8213,
195.603,8536,8239,8216,
195.612,8541,8230,8216,
195.623,8553,8224,8216,
195.631,8549,8224,8218,
195.644,8558,8224,8221,
195.654,8562,8239,8235,
195.661,8567,8230,8216,
195.672,8562,8232,8218,
195.681,8562,8227,8210,
195.69,8556,8219,8216,
195.705,8558,8227,8208,
195.712,8565,8230,8210,
195.722,8567,8230,8223,
195.733,8570,8222,8216,
195.742,8605,8129,8195,
195.754,8592,8212,8210,
195.764,8565,8227,8221,
195.773,8546,8219,8226,
195.782,8541,8227,8216,
195.793,8546,8224,8223,
195.802,8546,8245,8216,
195.812,8562,8230,8221,
195.823,8549,8230,8213,
195.833,8553,8255,8210,
195.843,8562,8227,8213,
195.851,8567,8227,8223,
195.863,8567,8232,8208,
195.872,8553,8224,8216,
195.883,8541,8209,8223,
195.892,8556,8227,8231,
195.903,8558,8230,8221,
195.913,8558,8230,8213,
195.922,8562,8242,8218,
195.933,8573,8193,8203,
195.943,8605,8155,8195,
195.95,8586,8168,8205,
195.963,8570,8227,8213,
195.97,8556,8214,8218,
195.982,8562,8227,8223,
195.992,8544,8214,8210,
196.003,8538,8222,8208,
196.011,8565,8237,8235,
196.022,8556,8224,8210,
196.03,8565,8230,8216,
196.044,8556,8227,8223,
196.051,8562,8224,8216,
196.062,8562,8227,8226,
196.071,8562,8237,8228,
196.08,8570,8222,8208,
196.092,8565,8227,8228,
196.104,8562,8239,8213,
196.113,8567,8232,8216,
196.122,8567,8227,8218,
196.133,8578,8230,8205,
196.142,8611,8142,8180,
196.152,8592,8186,8203,
196.16,8570,8232,8221,
196.173,8553,8222,8213,
196.182,8549,8224,8210,
196.191,8541,8219,8216,
196.2,8541,8227,8218,
196.212,8549,8222,8210,
196.222,8546,8206,8203,
196.232,8553,8227,8226,
196.241,8549,8239,8221,
196.252,8553,8242,8213,
196.261,8558,8239,8218,
196.272,8562,8230,8210,
196.28,8549,8224,8213,
196.292,8553,8230,8221,
196.301,8567,8224,8216,
196.311,8562,8212,8205,
196.319,8556,8217,8213,
196.331,8562,8204,8205,
196.341,8600,8155,8195,
196.351,8581,8188,8221,
196.362,8578,8232,8228,
196.371,8565,8237,8216,
196.382,8553,8227,8210,
196.393,8541,8224,8218,
196.401,8553,8242,8223,
196.412,8565,8227,8208,
196.422,8567,8230,8213,
196.433,8553,8230,8221,
196.442,8546,8219,8213,
196.451,8558,8206,8210,
196.461,8558,8227,8223,
196.472,8570,8230,8216,
196.481,8549,8219,8218,
196.492,8576,8222,8226,
196.502,8565,8219,8210,
196.511,8565,8219,8208,
196.522,8562,8219,8223,
196.534,8584,8204,8200,
196.543,8608,8173,8192,
196.552,8592,8209,8213,
196.562,8567,8230,8213,
196.572,8562,8206,8216,
196.581,8549,8219,8208,
196.591,8556,8227,8213,
196.602,8546,8232,8216,
196.613,8553,8230,8221,
196.62,8558,8219,8223,
196.631,8562,8239,8218,
196.642,8549,8212,8223,
196.652,8565,8222,8221,
196.664,8553,8237,8218,
196.671,8558,8217,8216,
196.681,8565,8237,8218,
196.69,8558,8237,8216,
196.703,8562,8227,8216,
196.711,8565,8224,8213,
196.722,8576,8239,8221,
196.732,8586,8186,8195,
196.743,8605,8159,8190,
196.75,8597,8191,8216,
196.761,8567,8237,8218,
196.77,8565,8222,8210,
196.781,8538,8191,8210,
196.79,8538,8206,8210,
196.801,8544,8227,8223,
196.813,8553,8219,8210,
196.822,8562,8239,8216,
196.831,8556,8227,8218,
196.843,8556,8222,8205,
196.85,8546,8227,8203,
196.861,8565,8227,8205,
196.871,8553,8227,8218,
196.881,8562,8224,8213,
196.89,8549,8242,8221,
196.901,8565,8224,8218,
196.911,8565,8239,8223,
196.922,8562,8242,8221,
196.934,8586,8227,8223,
196.941,8600,8170,8205,
196.953,8597,8153,8205,
196.963,8581,8239,8223,
196.97,8562,8232,8223,
196.982,8549,8222,8208,
196.992,8544,8227,8208,
197.001,8546,8222,8213,
197.011,8562,8237,8218,
197.021,8562,8224,8221,
197.032,8556,8232,8235,
197.042,8573,8230,8226,
197.05,8562,8227,8218,
197.062,8553,8224,8231,
197.072,8565,8242,8228,
197.081,8570,8232,8218,
197.089,8556,8252,8223,
197.103,8576,8219,8223,
197.109,8546,8232,8226,
197.12,8570,8227,8221,
197.131,8586,8212,8198,
197.139,8611,8159,8195,
197.15,8584,8175,8210,
197.159,8562,8227,8223,
197.171,8546,8237,8218,
197.181,8533,8222,8218,
197.191,8538,8227,8208,
197.202,8546,8224,8203,
197.21,8546,8227,8213,
197.22,8553,8214,8218,
197.231,8556,8230,8216,
197.239,8558,8232,8216,
197.249,8544,8232,8221,
197.259,8553,8227,8223,
197.271,8553,8227,8221,
197.28,8549,8217,8216,
197.29,8549,8227,8223,
197.299,8567,8222,8216,
197.309,8570,8242,8226,
197.321,8553,8212,8216,
197.33,8589,8206,8200,
197.34,8592,8159,8192,
197.35,8573,8135,8205,
197.359,8549,8212,8218,
197.371,8538,8217,8210,
197.381,8546,8224,8213,
197.39,8538,8214,8216,
197.399,8538,8209,8208,
197.412,8541,8230,8213,
197.419,8544,8230,8210,
197.43,8556,8222,8205,
197.441,8553,8227,8221,
197.45,8562,8239,8238,
197.46,8565,8224,8226,
197.469,8553,8209,8221,
197.479,8553,8219,8218,
197.488,8565,8242,8218,
197.5,8541,8214,8210,
197.51,8565,8232,8210,
197.521,8573,8237,8221,
197.532,8584,8206,8210,
197.54,8608,8159,8192,
197.548,8586,8214,8208,
197.559,8565,8206,8221,
197.569,8562,8232,8213,
197.58,8553,8227,8221,
197.589,8538,8224,8218,
197.599,8546,8224,8216,
197.609,8546,8219,8210,
197.621,8556,8232,8213,
197.632,8558,8227,8208,
197.638,8549,8212,8213,
197.651,8553,8247,8216,
197.66,8562,8209,8210,
197.67,8562,8239,8210,
197.68,8570,8222,8213,
197.693,8549,8219,8228,
197.697,8567,8227,8210,
197.709,8553,8239,8221,
197.719,8567,8239,8218,
197.728,8576,8214,8200,
197.739,8603,8178,8190,
197.75,8592,8183,8221,
197.759,8570,8230,8213,
197.771,8562,8237,8216,
197.78,8556,8224,8221,
197.79,8549,8237,8218,
197.799,8558,8227,8216,
197.809,8558,8222,8213,
197.82,8556,8217,8208,
197.83,8565,8222,8213,
197.842,8567,8239,8216,
197.852,8565,8242,8210,
197.858,8553,8224,8221,
197.867,8570,8224,8213,
197.879,8567,8227,8210,
197.888,8553,8227,8216,
197.9,8570,8217,8218,
197.91,8573,8224,8216,
197.919,8573,8230,8208,
197.931,8576,8217,8203,
197.943,8608,8145,8192,
197.949,8597,8193,8218,
197.958,8576,8227,8226,
197.968,8556,8219,8218,
197.981,8538,8222,8221,
197.988,8546,8222,8226,
198.001,8549,8222,8218,
198.009,8565,8219,8223,
198.022,8562,8214,8213,
198.029,8570,8222,8213,
198.039,8565,8230,8208,
198.048,8562,8219,8223,
198.057,8558,8242,8218,
198.069,8570,8222,8216,
198.078,8562,8230,8221,
198.091,8567,8224,8210,
198.099,8567,8224,8218,
198.11,8570,8212,8226,
198.12,8573,8227,8216,
198.129,8597,8209,8208,
198.138,8605,8148,8200,
198.148,8589,8204,8213,
198.159,8573,8227,8218,
198.171,8556,8230,8223,
198.178,8558,8227,8223,
198.189,8541,8219,8218,
198.201,8533,8219,8213,
198.209,8549,8230,8218,
198.221,8553,8214,8216,
198.227,8567,8224,8226,
198.241,8556,8224,8226,
198.25,8556,8219,8213,
198.259,8556,8242,8218,
198.268,8558,8214,8210,
198.28,8549,8230,8221,
198.288,8565,8227,8218,
198.3,8562,8224,8210,
198.311,8549,8227,8216,
198.318,8562,8239,8218,
198.328,8576,8224,8205,
198.338,8603,8150,8195,
198.349,8597,8175,8213,
198.358,8570,8224,8208,
198.368,8549,8219,8221,
198.378,8553,8217,8218,
198.389,8556,8239,8226,
198.398,8538,8219,8203,
198.409,8546,8222,8216,
198.42,8556,8227,8216,
198.429,8558,8217,8216,
198.437,8556,8237,8216,
198.45,8565,8245,8226,
198.457,8556,8230,8223,
198.469,8549,8250,8221,
198.481,8562,8239,8216,
198.489,8567,8232,8216,
198.499,8567,8232,8221,
198.507,8562,8219,8213,
198.519,8558,8227,8205,
198.528,8581,8219,8218,
198.538,8611,8145,8192,
198.547,8597,8209,8213,
198.559,8578,8242,8226,
198.57,8558,8227,8216,
198.58,8546,8219,8208,
198.59,8544,8212,8203,
198.6,8544,8224,8218,
198.611,8546,8230,8221,
198.62,8553,8237,8218,
198.627,8558,8239,8218,
198.64,8553,8227,8218,
198.648,8553,8217,8208,
198.659,8565,8239,8223,
198.668,8567,8206,8221,
198.678,8553,8212,8216,
198.689,8565,8214,8216,
198.7,8556,8227,8218,
198.707,8570,8257,8228,
198.718,8570,8227,8218,
198.727,8581,8214,8223,
198.74,8600,8165,8200,
198.747,8597,8175,8218,
198.759,8581,8224,8218,
198.769,8565,8232,8210,
198.777,8553,8214,8216,
198.788,8553,8230,8218,
198.799,8562,8222,8218,
198.806,8562,8227,8223,
198.819,8556,8227,8208,
198.829,8558,8227,8208,
198.838,8565,8217,8221,
198.846,8565,8237,8218,
198.858,8573,8239,8213,
198.868,8565,8222,8216,
198.877,8553,8219,8218,
198.888,8556,8232,8205,
198.897,8556,8214,8208,
198.909,8562,8227,8208,
198.917,8567,8237,8216,
198.926,8567,8201,8192,
198.938,8603,8161,8203,
198.949,8584,8165,8210,
198.958,8549,8239,8223,
198.968,8553,8224,8205,
198.976,8549,8227,8223,
198.988,8544,8230,8213,
199,8562,8237,8223,
199.005,8544,8209,8218,
199.02,8553,8227,8210,
199.029,8553,8217,8218,
199.039,8556,8219,8218,
199.05,8553,8227,8218,
199.058,8558,8214,8218,
199.068,8558,8222,8221,
199.078,8565,8219,8205,
199.089,8565,8222,8226,
199.112,8558,8230,8221,
199.113,8565,8224,8221,
199.12,8562,8214,8213,
199.127,8578,8222,8195,
199.138,8603,8178,8198,
199.146,8597,8181,8205,
199.159,8567,8237,8221,
199.168,8556,8217,8218,
199.177,8549,8227,8208,
199.188,8544,8222,8208,
199.198,8549,8224,8210,
199.209,8538,8239,8205,
199.217,8546,8232,8216,
199.228,8553,8250,8218,
199.236,8558,8237,8221,
199.248,8565,8242,8223,
199.257,8546,8214,8218,
199.265,8553,8219,8216,
199.278,8556,8222,8221,
199.287,8558,8224,8210,
199.297,8565,8230,8216,
199.307,8565,8237,8216,
199.318,8562,8245,8213,
199.328,8578,8217,8205,
199.338,8608,8159,8203,
199.348,8592,8181,8203,
199.358,8565,8222,8213,
199.367,8556,8230,8216,
199.379,8544,8219,8213,
199.387,8553,8237,8218,
199.397,8541,8227,8221,
199.407,8546,8224,8213,
199.418,8556,8227,8223,
199.428,8546,8252,8216,
199.439,8567,8247,8216,
199.448,8576,8222,8213,
199.457,8556,8239,8213,
199.469,8565,8224,8218,
199.477,8558,8232,8216,
199.486,8567,8232,8226,
199.497,8562,8237,8218,
199.508,8556,8217,8213,
199.516,8565,8217,8218,
199.527,8576,8212,8208,
199.536,8605,8145,8195,
199.547,8586,8237,8218,
199.557,8576,8242,8221,
199.566,8556,8227,8221,
199.576,8546,8224,8208,
199.588,8549,8230,8216,
199.596,8556,8232,8218,
199.604,8553,8230,8223,
199.616,8553,8219,8218,
199.626,8567,8217,8223,
199.639,8558,8227,8223,
199.645,8544,8224,8231,
199.657,8556,8219,8216,
199.668,8556,8227,8213,
199.677,8562,8222,8210,
199.684,8558,8227,8210,
199.696,8567,8227,8221,
199.706,8558,8227,8208,
199.718,8562,8232,8216,
199.729,8570,8217,8213,
199.735,8605,8135,8180,
199.749,8594,8212,8216,
199.756,8573,8239,8213,
199.767,8562,8217,8210,
199.776,8553,8212,8213,
199.79,8538,8209,8213,
199.797,8549,8222,8205,
199.806,8544,8204,8205,
199.816,8546,8227,8213,
199.828,8558,8212,8213,
199.838,8556,8219,8210,
199.846,8556,8245,8221,
199.858,8558,8222,8221,
199.867,8570,8232,8216,
199.876,8567,8217,8213,
199.888,8570,8214,8210,
199.898,8565,8222,8213,
199.904,8567,8239,8226,
199.916,8567,8239,8213,
199.926,8576,8217,8221,
199.936,8600,8155,8203,
199.945,8586,8250,8218,
199.954,8573,8224,8228,
199.968,8546,8222,8216,
199.976,8556,8212,8218,
199.986,8541,8232,8221,
199.996,8549,8219,8223,
200.004,8544,8232,8210,
200.015,8558,8217,8213,
200.027,8553,8247,8210,
200.036,8562,8239,8216,
200.047,8562,8212,8216,
200.059,8573,8245,8221,
200.066,8553,8232,8216,
200.077,8567,8224,8213,
200.086,8567,8245,8218,
200.097,8565,8219,8203,
200.109,8567,8224,8226,
200.116,8558,8209,8216,
200.127,8586,8232,8216,
200.139,8611,8191,8195,
200.146,8592,8153,8213,
200.156,8573,8242,8223,
200.166,8558,8222,8216,
200.178,8562,8232,8221,
200.187,8546,8224,8218,
200.195,8546,8219,8205,
200.205,8549,8239,8221,
200.216,8553,8230,8213,
200.228,8567,8222,8216,
200.235,8565,8232,8223,
200.245,8562,8222,8210,
200.257,8549,8219,8203,
200.266,8562,8230,8216,
200.278,8567,8224,8210,
200.287,8567,8250,8223,
200.296,8562,8245,8221,
200.308,8565,8237,8216,
200.318,8546,8230,8223,
200.324,8567,8227,8210,
200.338,8605,8183,8203,
200.345,8589,8206,8223,
200.356,8576,8209,8223,
200.365,8556,8237,8223,
200.376,8553,8227,8213,
200.386,8546,8224,8208,
200.397,8562,8219,8231,
200.408,8562,8222,8213,
200.415,8565,8227,8218,
200.427,8567,8219,8216,
200.436,8565,8237,8213,
200.446,8565,8201,8226,
200.457,8567,8212,8228,
200.463,8565,8237,8221,
200.476,8570,8222,8218,
200.487,8565,8239,8221,
200.493,8570,8247,8218,
200.507,8549,8230,8208,
200.515,8565,8219,8216,
200.526,8573,8217,8205,
200.539,8611,8148,8198,
200.545,8594,8222,8218,
200.554,8576,8222,8223,
200.566,8558,8237,8216,
200.577,8549,8232,8216,
200.587,8541,8212,8208,
200.595,8541,8245,8210,
200.605,8553,8227,8221,
200.616,8556,8232,8218,
200.627,8546,8239,8223,
200.637,8553,8212,8213,
200.647,8549,8222,8208,
200.657,8553,8224,8208,
200.666,8565,8237,8228,
200.677,8567,8219,8216,
200.688,8546,8227,8218,
200.696,8558,8227,8213,
200.707,8567,8214,8216,
200.716,8562,8224,8218,
200.725,8586,8227,8205,
200.735,8603,8145,8198,
200.745,8584,8196,8213,
200.755,8558,8227,8218,
200.766,8549,8212,8213,
200.777,8553,8219,8216,
200.786,8538,8230,8205,
200.795,8544,8232,8208,
200.805,8544,8239,8223,
200.816,8546,8219,8208,
200.827,8558,8237,8216,
200.836,8553,8237,8223,
200.845,8549,8237,8221,
200.855,8562,8222,8218,
200.865,8556,8222,8203,
200.877,8567,8242,8223,
200.883,8567,8217,8208,
200.896,8567,8232,8221,
200.905,8567,8212,8213,
200.915,8570,8214,8221,
200.924,8567,8222,8190,
200.933,8594,8140,8190,
200.947,8570,8150,8216,
200.955,8565,8237,8226,
200.966,8562,8230,8216,
200.975,8544,8222,8210,
200.985,8546,8224,8216,
200.995,8549,8227,8221,
201.006,8556,8217,8213,
201.014,8556,8214,8216,
201.027,8562,8214,8223,
201.038,8553,8230,8216,
201.047,8558,8206,8203,
201.057,8549,8239,8228,
201.065,8562,8224,8226,
201.076,8567,8227,8216,
201.086,8562,8230,8221,
201.095,8562,8217,8216,
201.106,8565,8214,8208,
201.114,8565,8224,8216,
201.124,8578,8201,8208,
201.135,8605,8168,8195,
201.143,8586,8224,8223,
201.153,8578,8212,8213,
201.166,8567,8232,8205,
201.174,8565,8224,8208,
201.182,8556,8230,8218,
201.194,8556,8232,8226,
201.204,8553,8217,8210,
201.218,8567,8239,8218,
201.225,8562,8232,8205,
201.234,8562,8232,8221,
201.246,8562,8219,8205,
201.255,8565,8247,8226,
201.267,8556,8222,8226,
201.276,8562,8232,8228,
201.283,8570,8209,8216,
201.294,8549,8230,8213,
201.305,8549,8230,8210,
201.313,8565,8230,8216,
201.325,8586,8191,8200,
201.336,8597,8142,8187,
201.346,8570,8217,8213,
201.354,8553,8237,8218,
201.365,8556,8219,8216,
201.376,8544,8237,8216,
201.385,8544,8219,8216,
201.393,8541,8212,8216,
201.405,8562,8230,8218,
201.415,8556,8224,8216,
201.425,8549,8222,8216,
201.434,8558,8222,8223,
201.445,8553,8217,8213,
201.455,8549,8227,8223,
201.465,8553,8230,8221,
201.473,8562,8219,8213,
201.486,8549,8227,8223,
201.496,8538,8230,8235,
201.504,8567,8224,8216,
201.514,8558,8250,8221,
201.522,8586,8230,8226,
201.535,8608,8181,8192,
201.545,8608,8165,8216,
201.555,8565,8232,8218,
201.563,8565,8214,8213,
201.574,8546,8232,8216,
201.585,8556,8227,8210,
201.592,8544,8214,8218,
201.605,8546,8227,8216,
201.615,8565,8212,8208,
201.625,8556,8237,8221,
201.634,8553,8224,8205,
201.643,8562,8232,8213,
201.653,8565,8224,8226,
201.667,8562,8232,8223,
201.676,8553,8209,8216,
201.684,8567,8232,8216,
201.693,8565,8224,8216,
201.706,8565,8219,8216,
201.713,8567,8242,8218,
201.725,8589,8209,8195,
201.733,8608,8142,8187,
201.745,8594,8165,8210,
201.755,8562,8222,8218,
201.765,8544,8224,8205,
201.773,8544,8219,8210,
201.784,8546,8219,8208,
201.795,8530,8214,8221,
201.804,8533,8222,8213,
201.815,8546,8224,8213,
201.824,8556,8217,8216,
201.833,8558,8214,8210,
201.846,8570,8237,8221,
201.855,8556,8222,8235,
201.862,8549,8217,8210,
201.874,8562,8239,8221,
201.886,8565,8227,8218,
201.892,8556,8237,8216,
201.903,8556,8224,8218,
201.913,8567,8245,8216,
201.925,8581,8209,8208,
201.933,8608,8150,8200,
201.942,8597,8183,8203,
201.953,8573,8232,8216,
201.964,8553,8217,8218,
201.975,8544,8219,8213,
201.984,8549,8222,8213,
201.996,8541,8227,8210,
202.002,8556,8227,8218,
202.013,8553,8232,8228,
202.022,8562,8232,8218,
202.033,8549,8230,8228,
202.045,8567,8239,8218,
202.056,8556,8206,8216,
202.062,8562,8237,8223,
202.074,8562,8219,8218,
202.083,8565,8219,8208,
202.093,8558,8232,8226,
202.105,8565,8257,8226,
202.116,8556,8245,8221,
202.125,8576,8217,8205,
202.133,8605,8173,8192,
202.143,8573,8217,8223,
202.153,8573,8232,8223,
202.165,8565,8242,8213,
202.171,8541,8219,8205,
202.183,8549,8222,8218,
202.194,8549,8219,8218,
202.202,8549,8232,8221,
202.214,8556,8219,8223,
202.222,8546,8227,8205,
202.233,8553,8219,8216,
202.242,8556,8237,8205,
202.254,8562,8214,8221,
202.262,8558,8232,8210,
202.272,8565,8230,8213,
202.287,8576,8245,8223,
202.294,8576,8222,8213,
202.303,8573,8222,8218,
202.312,8570,8245,8231,
202.325,8586,8206,8203,
202.332,8605,8159,8190,
202.344,8586,8222,8218,
202.354,8567,8222,8213,
202.363,8562,8222,8210,
202.373,8562,8227,8218,
202.381,8553,8237,8210,
202.394,8549,8224,8221,
202.403,8541,8227,8226,
202.415,8553,8250,8218,
202.424,8553,8227,8226,
202.434,8565,8239,8223,
202.443,8565,8217,8216,
202.453,8553,8237,8218,
202.46,8549,8227,8218,
202.473,8570,8222,8213,
202.483,8553,8219,8216,
202.495,8558,8232,8218,
202.504,8562,8222,8218,
202.513,8565,8222,8213,
202.522,8578,8214,8200,
202.533,8608,8137,8190,
202.542,8589,8222,8221,
202.551,8558,8230,8218,
202.564,8553,8230,8218,
202.572,8538,8230,8205,
202.584,8538,8219,8216,
202.593,8538,8227,8218,
202.605,8558,8222,8218,
202.613,8558,8217,8216,
202.622,8581,8232,8223,
202.633,8605,8224,8223,
202.643,8613,8230,8226,
202.654,8659,8219,8228,
202.663,8683,8227,8235,
202.673,8721,8204,8241,
202.684,8741,8199,8246,
202.694,8766,8212,8251,
202.706,8783,8206,8256,
202.714,8788,8201,8248,
202.72,8824,8193,8231,
202.733,8907,8178,8210,
202.742,8871,8199,8241,
202.753,8802,8193,8261,
202.762,8796,8193,8261,
202.774,8788,8183,8261,
202.782,8783,8175,8266,
202.793,8785,8199,8261,
202.802,8796,8193,8264,
202.814,8793,8186,8259,
202.822,8802,8191,8264,
202.834,8802,8183,8261,
202.843,8799,8186,8269,
202.853,8799,8186,8266,
202.864,8796,8191,8251,
202.873,8799,8186,8264,
202.885,8780,8183,8264,
202.893,8783,8193,8272,
202.902,8791,8186,8259,
202.914,8799,8196,8259,
202.922,8855,8178,8243,
202.93,8907,8181,8218,
202.943,8839,8183,8259,
202.952,8796,8183,8259,
202.964,8788,8186,8266,
202.973,8793,8178,8266,
202.983,8791,8181,8261,
202.992,8791,8186,8261,
203.003,8804,8183,8259,
203.012,8796,8188,8254,
203.021,8804,8178,8261,
203.032,8793,8186,8266,
203.042,8788,8186,8264,
203.053,8796,8181,8266,
203.062,8802,8183,8261,
203.071,8811,8181,8264,
203.082,8802,8191,8259,
203.092,8804,8178,8261,
203.101,8802,8188,8264,
203.112,8827,8188,8261,
203.123,8885,8183,8231,
203.131,8936,8178,8213,
203.142,8869,8173,8228,
203.152,8802,8170,8259,
203.162,8788,8183,8261,
203.17,8788,8186,8261,
203.181,8777,8173,8256,
203.194,8785,8181,8259,
203.202,8783,8188,8259,
203.212,8785,8186,8261,
203.222,8788,8183,8264,
203.232,8796,8181,8256,
203.24,8793,8186,8264,
203.251,8799,8178,8264,
203.263,8793,8183,8266,
203.272,8785,8186,8261,
203.284,8796,8193,8277,
203.293,8793,8181,8259,
203.301,8791,8181,8261,
203.311,8804,8186,8248,
203.32,8863,8183,8231,
203.331,8916,8170,8203,
203.343,8841,8178,8243,
203.35,8799,8175,8264,
203.362,8785,8186,8254,
203.371,8774,8178,8269,
203.382,8783,8183,8256,
203.393,8785,8186,8256,
203.401,8788,8183,8261,
203.413,8791,8188,8269,
203.421,8791,8188,8274,
203.434,8785,8186,8261,
203.443,8785,8188,8259,
203.451,8785,8181,8259,
203.462,8793,8186,8266,
203.472,8791,8178,8259,
203.48,8793,8188,8256,
203.492,8785,8193,8261,
203.503,8788,8188,8264,
203.512,8799,8191,8266,
203.522,8839,8186,8251,
203.531,8899,8181,8203,
203.541,8830,8178,8261,
203.553,8799,8191,8259,
203.563,8783,8183,8269,
203.572,8777,8183,8264,
203.583,8780,8188,8259,
203.593,8780,8183,8261,
203.602,8788,8193,8254,
203.612,8780,8186,8266,
203.621,8777,8196,8266,
203.634,8785,8186,8274,
203.643,8783,8186,8259,
203.653,8785,8183,8261,
203.663,8785,8188,8266,
203.672,8774,8191,8264,
203.684,8788,8191,8251,
203.692,8772,8186,8261,
203.702,8780,8186,8256,
203.71,8783,8193,8266,
203.72,8839,8186,8235,
203.732,8894,8178,8203,
203.74,8813,8178,8251,
203.75,8780,8178,8269,
203.762,8772,8196,8251,
203.77,8772,8188,8256,
203.781,8761,8181,8251,
203.792,8761,8183,8259,
203.802,8772,8193,8256,
203.811,8769,8188,8259,
203.82,8780,8181,8248,
203.831,8769,8193,8264,
203.84,8769,8188,8259,
203.853,8777,8186,8251,
203.86,8769,8183,8256,
203.871,8774,8191,8259,
203.88,8774,8183,8261,
203.892,8769,8193,8261,
203.901,8777,8188,8259,
203.913,8783,8191,8256,
203.92,8819,8191,8246,
203.932,8874,8183,8210,
203.942,8804,8170,8259,
203.953,8783,8181,8269,
203.96,8764,8186,8256,
203.971,8750,8186,8248,
203.979,8761,8193,8261,
203.991,8766,8186,8261,
204,8758,8196,8256,
204.011,8761,8186,8256,
204.021,8766,8193,8251,
204.032,8766,8193,8261,
204.04,8764,8191,8254,
204.051,8761,8196,8264,
204.062,8769,8188,8254,
204.07,8753,8196,8259,
204.079,8764,8191,8254,
204.091,8753,8188,8254,
204.103,8758,8199,8261,
204.112,8758,8196,8243,
204.121,8788,8183,8243,
204.132,8852,8188,8213,
204.14,8788,8188,8254,
204.153,8764,8188,8254,
204.16,8750,8191,8251,
204.17,8741,8186,8251,
204.18,8736,8188,8254,
204.191,8750,8186,8254,
204.199,8750,8199,8248,
204.21,8747,8181,8248,
204.221,8753,8193,8259,
204.232,8753,8188,8256,
204.241,8753,8199,8248,
204.248,8753,8193,8248,
204.261,8745,8193,8259,
204.269,8741,8188,8259,
204.281,8750,8196,8259,
204.29,8753,8191,8246,
204.301,8745,8193,8259,
204.311,8756,8193,8259,
204.322,8785,8193,8238,
204.328,8839,8183,8216,
204.341,8796,8186,8238,
204.349,8750,8188,8254,
204.362,8741,8201,8248,
204.37,8738,8196,8254,
204.379,8747,8191,8254,
204.392,8741,8193,8243,
204.403,8753,8193,8264,
204.41,8750,8193,8259,
204.418,8745,8188,8254,
204.455,8747,8193,8254,
204.46,8745,8199,8256,
204.461,8756,8196,8256,
204.461,8747,8193,8251,
204.471,8756,8186,8259,
204.48,8750,8188,8256,
204.492,8747,8196,8259,
204.499,8750,8193,8256,
204.511,8753,8191,8256,
204.518,8793,8199,8238,
204.533,8844,8183,8208,
204.54,8774,8206,8246,
204.549,8761,8183,8256,
204.561,8741,8191,8248,
204.571,8741,8196,8256,
204.58,8741,8186,8254,
204.591,8741,8191,8251,
204.603,8750,8191,8256,
204.611,8747,8193,8259,
204.621,8745,8196,8261,
204.629,8747,8191,8248,
204.64,8738,8196,8264,
204.65,8733,8186,8251,
204.662,8745,8191,8248,
204.668,8738,8193,8256,
204.679,8741,8199,8254,
204.689,8736,8193,8259,
204.7,8741,8193,8251,
204.71,8738,8188,8248,
204.72,8777,8188,8235,
204.728,8819,8181,8208,
204.742,8764,8183,8246,
204.752,8733,8191,8248,
204.76,8725,8188,8251,
204.77,8733,8196,8251,
204.78,8725,8193,8254,
204.788,8721,8199,8251,
204.8,8725,8199,8251,
204.809,8727,8193,8259,
204.821,8725,8193,8243,
204.83,8716,8199,8246,
204.843,8725,8193,8251,
204.849,8718,8201,8251,
204.86,8725,8196,8251,
204.869,8713,8201,8248,
204.88,8713,8196,8251,
204.889,8713,8199,8251,
204.9,8716,8199,8246,
204.908,8718,8199,8243,
204.919,8753,8196,8228,
204.929,8796,8181,8216,
204.938,8738,8193,8248,
204.95,8713,8193,8241,
204.96,8710,8196,8251,
204.969,8699,8201,8246,
204.981,8707,8199,8243,
204.989,8705,8193,8246,
205,8694,8204,8248,
205.011,8699,8201,8241,
205.019,8699,8206,8243,
205.029,8694,8199,8243,
205.041,8707,8199,8241,
205.049,8699,8193,8246,
205.059,8702,8199,8248,
205.068,8697,8204,8241,
205.08,8689,8206,8251,
205.09,8697,8201,8246,
205.101,8699,8206,8241,
205.111,8691,8201,8241,
205.12,8745,8188,8210,
205.129,8761,8181,8200,
205.14,8707,8188,8235,
205.15,8686,8204,8243,
205.16,8694,8204,8243,
205.17,8686,8201,8238,
205.18,8683,8204,8243,
205.188,8680,8204,8243,
205.198,8680,8204,8243,
205.209,8675,8201,8238,
205.22,8686,8201,8231,
205.229,8675,8217,8241,
205.24,8680,8214,8246,
205.25,8680,8201,8243,
205.259,8672,8214,8246,
205.27,8675,8204,8238,
205.279,8670,8201,8241,
205.29,8672,8204,8235,
205.299,8672,8204,8241,
205.309,8670,8204,8241,
205.32,8699,8204,8218,
205.328,8730,8183,8205,
205.339,8694,8183,8221,
205.352,8670,8201,8235,
205.358,8661,8196,8248,
205.37,8664,8209,8238,
205.38,8659,8204,8241,
205.391,8656,8204,8231,
205.399,8659,8204,8228,
205.409,8670,8206,8238,
205.419,8664,8204,8241,
205.43,8667,8214,8226,
205.438,8661,8201,8241,
205.451,8664,8206,8235,
205.459,8664,8209,8235,
205.467,8675,8212,8231,
205.482,8667,8209,8231,
205.489,8667,8212,8246,
205.499,8670,8214,8235,
205.509,8672,8209,8246,
205.521,8697,8204,8223,
205.53,8721,8170,8208,
205.542,8689,8161,8223,
205.55,8656,8214,8241,
205.56,8664,8199,8238,
205.57,8653,8206,8241,
205.578,8670,8201,8231,
205.589,8661,8206,8238,
205.599,8664,8209,8235,
205.607,8661,8209,8238,
205.62,8675,8214,8226,
205.627,8672,8209,8243,
205.638,8678,8209,8231,
205.651,8656,8209,8248,
205.66,8661,8209,8226,
205.669,8667,8206,8246,
205.678,8667,8217,8238,
205.69,8672,8214,8241,
205.698,8664,8206,8241,
205.708,8670,8212,8243,
205.72,8694,8193,8221,
205.731,8718,8183,8205,
205.737,8680,8168,8216,
205.749,8659,8222,8231,
205.757,8659,8214,8235,
205.768,8644,8206,8238,
205.777,8644,8209,8235,
205.789,8647,8209,8235,
205.797,8647,8209,8243,
205.809,8659,8222,8231,
205.82,8656,8206,8241,
205.829,8661,8201,8238,
205.837,8659,8214,8238,
205.85,8653,8206,8235,
205.86,8661,8219,8228,
205.868,8661,8206,8238,
205.878,8650,8217,8235,
205.888,8659,8214,8241,
205.898,8653,8204,8231,
205.91,8661,8212,8241,
205.919,8675,8196,8221,
205.929,8707,8191,8192,
205.938,8672,8181,8228,
205.949,8667,8222,8241,
205.958,8653,8212,8241,
205.968,8650,8206,8235,
205.98,8656,8209,8238,
205.989,8653,8212,8235,
205.997,8642,8214,8241,
206.007,8656,8196,8235,
206.018,8650,8212,8235,
206.029,8647,8201,8228,
206.037,8632,8201,8228,
206.047,8642,8209,8235,
206.056,8656,8222,8241,
206.068,8650,8204,8235,
206.079,8635,8212,8241,
206.09,8642,8204,8246,
206.099,8630,8204,8231,
206.108,8639,8214,8226,
206.121,8661,8222,8218,
206.129,8691,8196,8200,
206.138,8659,8183,8228,
206.147,8627,8204,8231,
206.157,8632,8222,8243,
206.166,8630,8212,8228,
206.177,8616,8217,8231,
206.188,8624,8214,8231,
206.2,8630,8209,8235,
206.206,8619,8217,8241,
206.219,8630,8206,8231,
206.229,8622,8224,8235,
206.238,8635,8212,8238,
206.248,8622,8204,8226,
206.256,8630,8230,8235,
206.27,8613,8219,8231,
206.28,8630,8209,8226,
206.289,8619,8209,8226,
206.297,8608,8206,8223,
206.308,8616,8214,8226,
206.318,8635,8181,8200,
206.329,8650,8106,8198,
206.337,8624,8209,8218,
206.347,8605,8206,8226,
206.358,8613,8217,8228,
206.368,8603,8199,8228,
206.378,8603,8212,8241,
206.387,8600,8214,8221,
206.398,8608,8222,8228,
206.408,8597,8212,8231,
206.418,8611,8214,8228,
206.426,8605,8214,8226,
206.439,8605,8209,8223,
206.449,8600,8217,8221,
206.457,8619,8232,8223,
206.467,8605,8219,8226,
206.478,8613,8214,8226,
206.487,8603,8219,8226,
206.499,8597,8224,8228,
206.507,8616,8227,8221,
206.517,8635,8199,8200,
206.528,8635,8122,8200,
206.539,8605,8181,8216,
206.548,8597,8217,8223,
206.557,8611,8219,8231,
206.567,8594,8212,8228,
206.578,8600,8212,8228,
206.586,8592,8222,8226,
206.599,8594,8217,8218,
206.609,8603,8214,8231,
206.626,8600,8212,8223,
206.628,8600,8214,8218,
206.637,8592,8217,8210,
206.647,8592,8222,8226,
206.656,8592,8214,8223,
206.669,8589,8214,8221,
206.677,8597,8214,8223,
206.686,8594,8224,8235,
206.698,8589,8214,8226,
206.709,8597,8227,8223,
206.715,8613,8227,8228,
206.728,8639,8193,8200,
206.737,8603,8199,8218,
206.746,8584,8222,8228,
206.76,8586,8217,8218,
206.766,8589,8217,8228,
206.776,8570,8212,8213,
206.789,8573,8230,8221,
206.798,8578,8219,8216,
206.806,8584,8224,8218,
206.817,8581,8217,8218,
206.827,8584,8232,8218,
206.836,8578,8224,8223,
206.847,8567,8214,8218,
206.857,8578,8212,8205,
206.866,8578,8227,8216,
206.876,8573,8212,8210,
206.887,8589,8237,8223,
206.895,8586,8217,8218,
206.908,8573,8209,8223,
206.917,8586,8237,8218,
206.93,8605,8140,8200,
206.941,8573,8129,8208,
206.947,8562,8227,8210,
206.955,8565,8212,8218,
206.967,8556,8224,8213,
206.977,8546,8232,8210,
206.986,8558,8224,8218,
206.996,8546,8224,8210,
207.008,8541,8212,8216,
207.017,8556,8214,8216,
207.026,8558,8217,8223,
207.036,8567,8227,8213,
207.046,8562,8219,8210,
207.057,8565,8232,8218,
207.065,8553,8230,8221,
207.079,8556,8219,8223,
207.089,8576,8217,8221,
207.096,8567,8242,8223,
207.108,8562,8217,8218,
207.117,8576,8217,8208,
207.128,8597,8145,8198,
207.137,8567,8219,8213,
207.146,8549,8245,8210,
207.156,8558,8222,8221,
207.167,8556,8217,8221,
207.177,8541,8219,8210,
207.186,8562,8230,8221,
207.197,8562,8217,8216,
207.207,8570,8232,8226,
207.217,8565,8230,8218,
207.226,8562,8214,8210,
207.236,8549,8232,8208,
207.247,8556,8232,8223,
207.257,8556,8219,8208,
207.268,8562,8224,8210,
207.277,8553,8209,8221,
207.287,8562,8237,8221,
207.297,8562,8232,8221,
207.308,8567,8242,8221,
207.316,8570,8204,8205,
207.326,8603,8153,8195,
207.335,8576,8209,8218,
207.347,8565,8214,8218,
207.359,8562,8209,8221,
207.365,8536,8222,8226,
207.377,8556,8227,8218,
207.386,8562,8227,8216,
207.398,8556,8217,8221,
207.405,8549,8237,8228,
207.414,8556,8227,8213,
207.427,8553,8227,8208,
207.437,8567,8237,8221,
207.448,8556,8230,8223,
207.457,8556,8212,8213,
207.465,8562,8222,8226,
207.479,8558,8227,8218,
207.484,8558,8222,8223,
207.496,8565,8224,8218,
207.507,8570,8232,8216,
207.516,8589,8199,8203,
207.526,8597,8155,8192,
207.535,8570,8199,8213,
207.546,8565,8219,8213,
207.555,8549,8219,8216,
207.568,8546,8230,8218,
207.576,8538,8222,8208,
207.587,8544,8214,8210,
207.594,8541,8224,8205,
207.607,8549,8230,8226,
207.617,8553,8227,8216,
207.626,8553,8227,8213,
207.636,8549,8227,8210,
207.644,8558,8219,8218,
207.657,8553,8222,8228,
207.666,8556,8227,8228,
207.675,8553,8237,8231,
207.684,8546,8242,8223,
207.694,8544,8232,8226,
207.706,8562,8214,8218,
207.714,8578,8214,8200,
207.725,8592,8129,8185,
207.74,8573,8159,8213,
207.746,8536,8224,8221,
207.755,8533,8232,8226,
207.766,8536,8217,8210,
207.778,8541,8247,8213,
207.785,8553,8222,8216,
207.797,8544,8219,8221,
207.805,8553,8217,8205,
207.815,8556,8217,8221,
207.823,8549,8214,8213,
207.836,8549,8250,8221,
207.844,8567,8217,8228,
207.856,8562,8232,8210,
207.866,8546,8204,8218,
207.876,8546,8222,8213,
207.886,8549,8212,8210,
207.894,8544,8227,8210,
207.907,8549,8222,8216,
207.915,8562,8206,8187,
207.924,8584,8165,8198,
207.935,8567,8196,8213,
207.947,8536,8237,8223,
207.955,8533,8222,8226,
207.964,8525,8227,8218,
207.976,8536,8219,8205,
207.984,8544,8237,8213,
207.995,8533,8224,8216,
208.007,8538,8230,8216,
208.017,8536,8239,8208,
208.024,8546,8224,8213,
208.037,8546,8212,8205,
208.045,8544,8224,8218,
208.055,8546,8230,8210,
208.066,8549,8214,8213,
208.075,8544,8222,8210,
208.086,8553,8227,8203,
208.096,8546,8224,8210,
208.106,8553,8224,8216,
208.116,8578,8206,8185,
208.127,8584,8137,8195,
208.137,8567,8224,8210,
208.145,8546,8232,8210,
208.157,8538,8222,8205,
208.163,8530,8222,8205,
208.175,8538,8232,8218,
208.186,8527,8227,8210,
208.196,8522,8230,8200,
208.207,8519,8212,8208,
208.215,8522,8214,8203,
208.225,8525,8219,8216,
208.235,8509,8230,8210,
208.245,8514,8227,8210,
208.254,8509,8222,8213,
208.266,8500,8245,8205,
208.275,8490,8227,8208,
208.287,8495,8227,8192,
208.295,8495,8239,8218,
208.304,8487,8232,8198,
208.314,8492,8247,8192,
208.327,8500,8191,8185,
208.336,8500,8237,8205,
208.345,8458,8237,8208,
208.355,8450,8222,8198,
208.365,8452,8214,8205,
208.376,8444,8237,8205,
208.385,8442,8247,8208,
208.396,8436,8232,8187,
208.407,8436,8230,8203,
208.416,8428,8255,8208,
208.424,8414,8247,8205,
208.434,8423,8242,8185,
208.446,8425,8237,8200,
208.454,8404,8247,8200,
208.464,8412,8242,8198,
208.474,8404,8250,8203,
208.485,8401,8278,8213,
208.494,8406,8247,8190,
208.507,8409,8245,8190,
208.513,8404,8232,8195,
208.526,8417,8168,8182,
208.538,8396,8222,8190,
208.544,8379,8257,8208,
208.556,8377,8242,8192,
208.565,8356,8242,8177,
208.573,8366,8247,8205,
208.586,8364,8255,8192,
208.592,8364,8270,8205,
208.605,8377,8265,8192,
208.615,8369,8250,8198,
208.624,8342,8250,8180,
208.636,8353,8239,8177,
208.645,8358,8260,8192,
208.655,8353,8239,8187,
208.664,8361,8263,8192,
208.675,8331,8255,8180,
208.687,8329,8237,8190,
208.695,8329,8263,8187,
208.704,8353,8250,8192,
208.714,8331,8299,8180,
208.723,8331,8193,8182,
208.734,8345,8230,8187,
208.743,8334,8239,8190,
208.755,8329,8255,8190,
208.763,8312,8242,8180,
208.774,8329,8268,8190,
208.782,8318,8227,8177,
208.797,8326,8252,8187,
208.803,8334,8250,8185,
208.814,8304,8257,8192,
208.824,8326,8265,8192,
208.834,8312,8260,8185,
208.843,8323,8263,8187,
208.855,8315,8250,8182,
208.865,8310,8276,8187,
208.874,8304,8245,8167,
208.884,8310,8265,8185,
208.893,8307,8278,8190,
208.905,8307,8270,8187,
208.914,8296,8206,8187,
208.924,8301,8227,8174,
208.935,8315,8232,8195,
208.942,8304,8273,8187,
208.953,8291,8237,8185,
208.963,8301,8237,8190,
208.973,8301,8232,8192,
208.985,8301,8250,8187,
208.995,8288,8257,8185,
209.003,8293,8263,8187,
209.016,8320,8260,8187,
209.024,8301,8257,8192,
209.033,8307,8242,8190,
209.044,8293,8273,8200,
209.054,8320,8247,8185,
209.064,8312,8255,8182,
209.072,8296,8255,8195,
209.085,8301,8257,8192,
209.094,8310,8257,8190,
209.104,8304,8239,8182,
209.112,8291,8230,8192,
209.125,8312,8153,8172,
209.135,8329,8175,8185,
209.143,8304,8276,8190,
209.155,8310,8252,8192,
209.163,8299,8239,8185,
209.174,8283,8257,8198,
209.182,8291,8268,8195,
209.193,8296,8237,8180,
209.202,8310,8252,8190,
209.215,8293,8260,8182,
209.225,8318,8299,8190,
209.233,8301,8252,8190,
209.246,8331,8247,8190,
209.255,8310,8239,8190,
209.263,8307,8245,8200,
209.274,8307,8260,8200,
209.284,8320,8276,8187,
209.292,8304,8257,8180,
209.304,8301,8304,8187,
209.314,8310,8222,8174,
209.323,8299,8227,8174,
209.333,8326,8209,8185,
209.342,8310,8263,8190,
209.356,8301,8263,8185,
209.365,8285,8255,8182,
209.374,8301,8276,8190,
209.383,8291,8263,8195,
209.396,8299,8286,8192,
209.404,8299,8286,8185,
209.414,8312,8242,8185,
209.425,8299,8232,8180,
209.434,8301,8242,8187,
209.442,8320,8281,8180,
209.452,8315,8260,8185,
209.463,8320,8260,8185,
209.473,8326,8278,8192,
209.484,8331,8245,8177,
209.493,8310,8255,8195,
209.503,8326,8283,8182,
209.515,8307,8227,8182,
209.525,8318,8155,8174,
209.534,8350,8214,8185,
209.543,8318,8247,8198,
209.553,8312,8232,8190,
209.564,8293,8252,8190,
209.575,8301,8286,8182,
209.584,8320,8227,8185,
209.594,8323,8270,8198,
209.604,8307,8255,8180,
209.615,8326,8260,8190,
209.624,8310,8252,8190,
209.633,8323,8255,8190,
209.645,8326,8232,8195,
209.654,8337,8270,8187,
209.663,8337,8237,8190,
209.674,8323,8257,8192,
209.683,8318,8268,8185,
209.694,8329,8260,8190,
209.702,8334,8247,8185,
209.714,8334,8245,8185,
209.723,8339,8155,8185,
209.734,8347,8239,8187,
209.745,8334,8232,8190,
209.752,8345,8270,8185,
209.764,8347,8257,8180,
209.773,8353,8268,8190,
209.783,8366,8257,8185,
209.792,8372,8260,8190,
209.803,8372,8247,8198,
209.814,8385,8276,8205,
209.824,8382,8242,8172,
209.834,8382,8291,8192,
209.843,8382,8232,8205,
209.852,8404,8265,8192,
209.865,8385,8263,8192,
209.871,8393,8260,8205,
209.884,8401,8276,8200,
209.892,8404,8263,8200,
209.903,8393,8268,8208,
209.912,8417,8250,8192,
209.922,8436,8168,8180,
209.931,8450,8155,8190,
209.943,8423,8242,8200,
209.955,8420,8250,8205,
209.963,8425,8230,8190,
209.974,8431,8239,8203,
209.982,8423,8245,8208,
209.993,8425,8250,8187,
210.003,8444,8247,8192,
210.014,8444,8250,8192,
210.024,8436,8255,8198,
210.033,8458,8252,8208,
210.042,8442,8250,8190,
210.05,8463,8265,8208,
210.064,8447,8245,8182,
210.073,8455,8260,8205,
210.081,8471,8239,8218,
210.093,8476,8247,8203,
210.103,8476,8276,8203,
210.114,8479,8209,8198,
210.122,8503,8159,8180,
210.132,8500,8145,8190,
210.142,8476,8255,8210,
210.151,8473,8255,8200,
210.165,8484,8230,8216,
210.173,8492,8245,8205,
210.181,8490,8232,8192,
210.194,8517,8265,8221,
210.203,8500,8239,8208,
210.214,8514,8224,8208,
210.22,8525,8239,8210,
210.233,8530,8227,8210,
210.242,8549,8217,8198,
210.251,8538,8245,8221,
210.264,8549,8232,8208,
210.274,8570,8239,8210,
210.282,8576,8230,8216,
210.294,8594,8217,8216,
210.302,8592,8217,8221,
210.312,8616,8214,8198,
210.321,8632,8168,8187,
210.335,8616,8175,8205,
210.342,8597,8217,8226,
210.352,8611,8224,8223,
210.362,8608,8204,8226,
210.375,8619,8217,8223,
210.381,8616,8206,8221,
210.394,8624,8206,8226,
210.404,8627,8222,8228,
210.412,8647,8212,8231,
210.422,8632,8214,8223,
210.432,8656,8206,8231,
210.442,8656,8217,8226,
210.453,8661,8222,8241,
210.463,8664,8201,8235,
210.474,8672,8214,8223,
210.482,8667,8209,8231,
210.492,8672,8212,8231,
210.501,8680,8217,8228,
210.511,8705,8204,8218,
210.523,8741,8175,8198,
210.531,8699,8206,8235,
210.543,8689,8212,8243,
210.553,8689,8209,8243,
210.561,8697,8209,8235,
210.571,8702,8199,8235,
210.584,8705,8204,8248,
210.594,8713,8206,8231,
210.602,8713,8214,8248,
210.612,8716,8199,8241,
210.623,8721,8199,8241,
210.632,8721,8206,8251,
210.641,8725,8201,8246,
210.651,8718,8199,8248,
210.661,8730,8196,8254,
210.674,8738,8204,8251,
210.683,8727,8209,8254,
210.693,8738,8201,8261,
210.704,8753,8191,8243,
210.711,8783,8193,8221,
210.719,8816,8191,8205,
210.731,8764,8193,8248,
210.742,8747,8199,8246,
210.75,8733,8199,8264,
210.761,8738,8199,8248,
210.773,8753,8196,8254,
210.784,8747,8186,8254,
210.795,8730,8204,8259,
210.802,8736,8188,8251,
210.813,8733,8186,8248,
210.821,8745,8196,8246,
210.832,8738,8201,8248,
210.841,8738,8196,8254,
210.852,8733,8188,8246,
210.861,8736,8196,8256,
210.873,8738,8196,8256,
210.882,8738,8191,8254,
210.89,8747,8204,8248,
210.9,8761,8201,8243,
210.911,8811,8196,8228,
210.922,8813,8170,8216,
210.932,8745,8181,8251,
210.941,8738,8188,8259,
210.952,8725,8188,8251,
210.961,8736,8188,8251,
210.972,8730,8199,8248,
210.983,8727,8196,8259,
210.989,8721,8199,8243,
211.003,8730,8201,8259,
211.012,8725,8201,8248,
211.034,8721,8196,8248,
211.036,8730,8199,8256,
211.041,8738,8193,8251,
211.051,8727,8196,8264,
211.061,8736,8201,8251,
211.069,8733,8196,8256,
211.083,8733,8186,8251,
211.092,8733,8199,8248,
211.101,8738,8193,8243,
211.109,8772,8186,8235,
211.12,8811,8181,8208,
211.132,8764,8178,8243,
211.14,8721,8186,8246,
211.151,8716,8196,8254,
211.161,8718,8204,8254,
211.174,8713,8196,8251,
211.182,8716,8193,8256,
211.189,8721,8204,8246,
211.202,8721,8199,8254,
211.212,8716,8201,8251,
211.221,8730,8193,8243,
211.232,8725,8196,8246,
211.241,8730,8193,8246,
211.25,8721,8201,8254,
211.26,8721,8204,8251,
211.269,8725,8186,8248,
211.282,8725,8199,8254,
211.291,8725,8196,8259,
211.301,8725,8204,8254,
211.311,8761,8201,8228,
211.322,8799,8173,8216,
211.333,8753,8173,8235,
211.341,8713,8188,8243,
211.351,8705,8199,8254,
211.361,8707,8191,8248,
211.371,8702,8193,8246,
211.382,8710,8199,8246,
211.389,8716,8196,8243,
211.401,8721,8199,8251,
211.412,8727,8193,8248,
211.42,8710,8204,8254,
211.432,8725,8196,8251,
211.44,8713,8196,8256,
211.451,8718,8201,8251,
211.462,8721,8199,8248,
211.471,8721,8188,8248,
211.481,8716,8196,8246,
211.492,8718,8199,8248,
211.501,8725,8206,8254,
211.512,8756,8201,8238,
211.523,8788,8168,8210,
211.528,8736,8183,8231,
211.54,8707,8201,8246,
211.55,8710,8193,8251,
211.561,8697,8201,8251,
211.571,8694,8204,8246,
211.582,8702,8201,8241,
211.592,8702,8193,8243,
211.602,8705,8188,8235,
211.61,8702,8204,8251,
211.622,8694,8201,8248,
211.63,8699,8201,8251,
211.64,8705,8201,8246,
211.651,8699,8201,8243,
211.659,8705,8204,8238,
211.672,8702,8204,8243,
211.68,8697,8209,8243,
211.691,8705,8206,8238,
211.7,8707,8201,8243,
211.71,8733,8209,8231,
211.72,8766,8178,8205,
211.73,8718,8170,8238,
211.739,8697,8206,8248,
211.752,8683,8204,8246,
211.762,8691,8196,8226,
211.772,8686,8199,8238,
211.782,8678,8201,8241,
211.79,8686,8206,8248,
211.8,8678,8206,8246,
211.81,8683,8206,8238,
211.822,8678,8204,8243,
211.828,8680,8199,8241,
211.841,8683,8214,8246,
211.852,8675,8217,8254,
211.86,8680,8209,8238,
211.873,8678,8206,8248,
211.879,8678,8206,8241,
211.891,8675,8209,8243,
211.9,8675,8191,8235,
211.911,8707,8209,8228,
211.921,8733,8181,8208,
211.929,8689,8193,8235,
211.94,8672,8206,8241,
211.95,8675,8212,8235,
211.958,8667,8199,8248,
211.97,8661,8214,8238,
211.978,8661,8206,8238,
211.991,8667,8201,8241,
211.999,8670,8212,8238,
212.011,8670,8201,8243,
212.021,8667,8201,8231,
212.029,8656,8201,8241,
212.039,8664,8206,8228,
212.049,8656,8201,8238,
212.06,8650,8214,8243,
212.071,8661,8209,8238,
212.08,8653,8209,8248,
212.09,8653,8204,8243,
212.1,8664,8209,8231,
212.109,8697,8193,8218,
212.121,8697,8178,8205,
212.129,8670,8181,8235,
212.139,8650,8209,8223,
212.152,8642,8204,8238,
212.16,8642,8206,8241,
212.169,8644,8214,8238,
212.179,8642,8201,8228,
212.191,8642,8214,8241,
212.201,8632,8212,8241,
212.209,8639,8209,8238,
212.22,8650,8212,8235,
212.231,8627,8206,8228,
212.239,8639,8219,8243,
212.25,8624,8206,8241,
212.259,8635,8201,8235,
212.27,8627,8209,8231,
212.28,8642,8222,8235,
212.291,8632,8217,8235,
212.298,8639,8214,8226,
212.308,8656,8209,8216,
212.32,8664,8175,8200,
212.33,8630,8155,8221,
212.341,8622,8217,8228,
212.349,8619,8206,8221,
212.359,8613,8209,8238,
212.371,8613,8214,8226,
212.382,8619,8214,8221,
212.391,8619,8217,8226,
212.399,8611,8209,8228,
212.41,8613,8206,8231,
212.421,8622,8212,8226,
212.429,8613,8212,8228,
212.44,8613,8227,8226,
212.449,8616,8214,8243,
212.459,8611,8214,8226,
212.471,8613,8214,8228,
212.477,8608,8217,8235,
212.489,8611,8222,8231,
212.501,8605,8217,8226,
212.511,8639,8209,8210,
212.52,8650,8186,8208,
212.53,8613,8117,8210,
212.542,8608,8217,8228,
212.549,8603,8222,8223,
212.559,8594,8222,8228,
212.571,8608,8214,8226,
212.58,8603,8212,8231,
212.591,8605,8227,8226,
212.597,8597,8219,8216,
212.61,8605,8212,8216,
212.617,8594,8219,8243,
212.629,8600,8232,8228,
212.639,8589,8188,8218,
212.649,8597,8209,8235,
212.659,8605,8214,8231,
212.669,8592,8224,8235,
212.678,8594,8222,8235,
212.688,8586,8224,8223,
212.701,8603,8227,8231,
212.712,8616,8227,8221,
212.722,8632,8175,8203,
212.73,8608,8206,8218,
212.74,8586,8219,8228,
212.748,8592,8222,8213,
212.762,8589,8239,8235,
212.769,8584,8214,8228,
212.779,8589,8224,8228,
212.791,8589,8217,8226,
212.801,8584,8224,8226,
212.808,8600,8232,8223,
212.82,8594,8230,8226,
212.83,8592,8217,8228,
212.839,8584,8212,8231,
212.849,8592,8239,8228,
212.858,8600,8230,8228,
212.868,8603,8222,8226,
212.877,8589,8230,8216,
212.889,8600,8209,8231,
212.899,8603,8227,8228,
212.908,8600,8217,8208,
212.92,8630,8199,8195,
212.93,8608,8170,8210,
212.939,8586,8212,8218,
212.949,8589,8209,8221,
212.958,8594,8224,8223,
212.97,8584,8209,8218,
212.977,8597,8214,8226,
212.987,8586,8239,8226,
212.998,8594,8214,8231,
213.011,8589,8204,8228,
213.02,8592,8227,8218,
213.026,8592,8224,8226,
213.039,8589,8222,8228,
213.048,8581,8224,8221,
213.057,8576,8212,8213,
213.069,8581,8227,8221,
213.079,8589,8219,8226,
213.09,8578,8224,8226,
213.098,8594,8227,8213,
213.111,8603,8227,8213,
213.121,8616,8153,8192,
213.131,8584,8201,8208,
213.139,8578,8242,8216,
213.15,8567,8222,8221,
213.159,8570,8222,8218,
213.17,8576,8219,8223,
213.18,8576,8219,8218,
213.191,8578,8214,8218,
213.2,8573,8209,8218,
213.207,8573,8217,8216,
213.219,8570,8214,8223,
213.228,8584,8239,8221,
213.237,8592,8224,8223,
213.25,8573,8212,8221,
213.259,8573,8222,8216,
213.271,8576,8224,8228,
213.277,8584,8230,8231,
213.289,8576,8230,8223,
213.299,8573,8212,8221,
213.31,8592,8196,8203,
213.321,8613,8159,8187,
213.327,8611,8237,8213,
213.339,8573,8217,8213,
213.35,8544,8222,8218,
213.36,8544,8227,8221,
213.37,8544,8222,8221,
213.379,8530,8237,8216,
213.389,8544,8227,8213,
213.398,8549,8222,8223,
213.409,8541,8219,8216,
213.418,8538,8227,8223,
213.427,8553,8232,8218,
213.439,8553,8219,8218,
213.448,8553,8222,8218,
213.458,8570,8217,8221,
213.47,8558,8224,8216,
213.477,8558,8232,8216,
213.489,8558,8224,8216,
213.498,8565,8219,8223,
213.508,8584,8214,8223,
213.516,8600,8188,8200,
213.529,8578,8204,8221,
213.54,8553,8214,8216,
213.55,8565,8239,8218,
213.557,8558,8219,8216,
213.569,8562,8222,8218,
213.578,8565,8227,8223,
213.588,8567,8224,8223,
213.598,8567,8214,8216,
213.608,8558,8230,8228,
213.619,8573,8242,8218,
213.627,8573,8227,8226,
213.639,8567,8222,8210,
213.649,8562,8224,8226,
213.66,8567,8217,8228,
213.667,8570,8219,8223,
213.679,8570,8214,8226,
213.689,8567,8230,8226,
213.698,8570,8217,8218,
213.708,8578,8219,8210,
213.717,8603,8165,8200,
213.729,8567,8224,8213,
213.739,8556,8219,8226,
213.748,8562,8214,8210,
213.758,8565,8209,8213,
213.766,8556,8217,8216,
213.776,8549,8206,8221,
213.787,8565,8222,8218,
213.795,8565,8219,8213,
213.806,8576,8232,8223,
213.818,8565,8217,8213,
213.828,8556,8232,8216,
213.837,8562,8230,8218,
213.848,8584,8232,8226,
213.857,8567,8222,8221,
213.866,8570,8232,8213,
213.877,8567,8222,8218,
213.888,8573,8224,8226,
213.899,8573,8237,8216,
213.908,8573,8206,8213,
213.918,8597,8191,8198,
213.927,8565,8206,8205,
213.937,8562,8232,8223,
213.948,8562,8222,8223,
213.956,8546,8219,8221,
213.968,8553,8217,8216,
213.977,8565,8209,8218,
213.989,8546,8237,8218,
213.997,8570,8224,8231,
214.007,8556,8227,8221,
214.016,8567,8239,8218,
214.027,8565,8209,8216,
214.038,8562,8237,8216,
214.048,8556,8239,8210,
214.056,8562,8214,8213,
214.067,8565,8227,8228,
214.075,8567,8232,8223,
214.085,8573,8224,8218,
214.096,8581,8239,8228,
214.107,8576,8196,8213,
214.117,8603,8175,8192,
214.128,8565,8217,8210,
214.137,8565,8212,8216,
214.147,8558,8222,8218,
214.157,8565,8214,8210,
214.167,8570,8239,8228,
214.176,8549,8247,8223,
214.187,8570,8237,8223,
214.196,8578,8237,8216,
214.207,8562,8222,8218,
214.217,8576,8222,8218,
214.226,8567,8224,8213,
214.236,8573,8219,8216,
214.248,8573,8209,8210,
214.258,8567,8209,8218,
214.268,8584,8222,8216,
214.275,8567,8227,8203,
214.287,8570,8230,8218,
214.297,8570,8224,8203,
214.308,8581,8224,8210,
214.316,8605,8165,8192,
214.326,8570,8181,8205,
214.337,8562,8230,8218,
214.347,8570,8219,8218,
214.355,8558,8222,8208,
214.368,8567,8209,8228,
214.377,8570,8250,8218,
214.389,8565,8224,8221,
214.397,8578,8219,8221,
214.407,8565,8217,8210,
214.418,8570,8209,8221,
214.43,8558,8217,8223,
214.437,8578,8219,8218,
214.448,8567,8230,8208,
214.457,8556,8230,8213,
214.466,8549,8230,8218,
214.475,8558,8237,8205,
214.486,8562,8222,8216,
214.495,8573,8227,8223,
214.507,8573,8217,8205,
214.514,8603,8175,8192,
214.525,8570,8222,8208,
214.536,8562,8217,8221,
214.547,8565,8214,8218,
214.558,8573,8219,8221,
214.565,8549,8224,8223,
214.578,8553,8217,8226,
214.587,8565,8227,8216,
214.597,8562,8209,8216,
214.606,8567,8209,8210,
214.614,8562,8224,8221,
214.628,8567,8214,8218,
214.636,8565,8201,8221,
214.646,8570,8217,8223,
214.656,8567,8222,8213,
214.665,8573,8227,8208,
214.678,8570,8219,8223,
214.684,8570,8219,8223,
214.696,8576,8219,8216,
214.704,8594,8230,8216,
214.717,8597,8142,8195,
214.727,8567,8142,8198,
214.737,8553,8212,8218,
214.747,8576,8217,8226,
214.758,8556,8214,8231,
214.767,8558,8237,8226,
214.778,8562,8237,8223,
214.787,8541,8217,8218,
214.797,8553,8230,8221,
214.805,8546,8232,8218,
214.816,8556,8222,8218,
214.825,8546,8242,8223,
214.837,8567,8232,8210,
214.846,8546,8222,8223,
214.857,8556,8232,8226,
214.864,8556,8212,8218,
214.875,8556,8214,8213,
214.888,8567,8237,8218,
214.896,8567,8237,8221,
214.905,8578,8196,8205,
214.916,8584,8132,8190,
214.925,8565,8170,8210,
214.937,8541,8224,8210,
214.945,8556,8222,8216,
214.956,8565,8224,8221,
214.964,8546,8237,8210,
214.975,8549,8219,8223,
214.987,8562,8232,8218,
214.996,8562,8227,8216,
215.005,8565,8224,8223,
215.017,8565,8227,8216,
215.026,8553,8199,8218,
215.037,8565,8239,8210,
215.047,8570,8199,8218,
215.055,8546,8222,8216,
215.066,8565,8230,8218,
215.077,8565,8230,8216,
215.089,8565,8227,8218,
215.095,8562,8224,8218,
215.106,8576,8219,8213,
215.117,8594,8161,8185,
215.125,8567,8165,8203,
215.136,8549,8239,8218,
215.146,8562,8230,8223,
215.155,8565,8212,8210,
215.165,8567,8232,8226,
215.178,8556,8237,8213,
215.187,8553,8224,8216,
215.193,8562,8201,8221,
215.206,8573,8227,8221,
215.217,8567,8219,8216,
215.225,8578,8214,8210,
215.236,8567,8227,8226,
215.247,8570,8232,8223,
215.257,8573,8227,8213,
215.266,8567,8230,8223,
215.277,8570,8222,8213,
215.286,8573,8217,8213,
215.295,8565,8224,8218,
215.305,8589,8224,8213,
215.317,8603,8145,8190,
215.325,8570,8201,8208,
215.337,8549,8230,8213,
215.345,8553,8230,8221,
215.358,8562,8219,8223,
215.364,8549,8224,8221,
215.376,8549,8222,8221,
215.407,8553,8232,8226,
215.412,8556,8219,8216,
215.412,8556,8219,8208,
215.415,8565,8222,8213,
215.423,8562,8224,8223,
215.437,8565,8245,8210,
215.445,8567,8224,8226,
215.456,8562,8232,8213,
215.464,8567,8227,8228,
215.474,8562,8222,8213,
215.487,8558,8245,8226,
215.495,8562,8232,8223,
215.506,8576,8219,8203,
215.516,8594,8155,8187,
215.524,8556,8186,8203,
215.535,8556,8222,8213,
215.547,8565,8232,8216,
215.553,8556,8219,8208,
215.564,8558,8224,8218,
215.576,8556,8232,8221,
215.584,8553,8209,8226,
215.598,8556,8219,8216,
215.606,8562,8219,8210,
215.616,8556,8232,8228,
215.626,8556,8219,8218,
215.637,8549,8227,8213,
215.645,8558,8217,8221,
215.655,8573,8237,8235,
215.664,8549,8212,8213,
215.676,8558,8219,8213,
215.685,8562,8214,8210,
215.693,8570,8242,8223,
215.705,8584,8217,8203,
215.713,8597,8124,8190,
215.726,8562,8183,8228,
215.735,8556,8209,8216,
215.745,8546,8232,8221,
215.756,8553,8222,8203,
215.764,8546,8224,8208,
215.775,8546,8224,8213,
215.785,8553,8230,8216,
215.796,8544,8245,8218,
215.806,8541,8219,8205,
215.814,8544,8245,8218,
215.824,8562,8222,8218,
215.833,8556,8224,8218,
215.844,8558,8237,8218,
215.855,8565,8237,8210,
215.864,8549,8232,8218,
215.874,8549,8227,8205,
215.886,8553,8222,8208,
215.894,8553,8222,8213,
215.906,8576,8224,8205,
215.917,8592,8168,8192,
215.925,8573,8178,8210,
215.933,8549,8227,8218,
215.944,8567,8224,8226,
215.955,8549,8222,8210,
215.965,8549,8227,8221,
215.976,8553,8230,8213,
215.987,8549,8219,8205,
215.995,8562,8242,8223,
216.003,8553,8245,8208,
216.015,8558,8217,8218,
216.025,8546,8224,8210,
216.036,8556,8230,8221,
216.046,8546,8217,8210,
216.055,8538,8224,8213,
216.063,8549,8239,8218,
216.075,8541,8209,8208,
216.084,8538,8227,8218,
216.095,8541,8232,8210,
216.104,8538,8217,8198,
216.114,8565,8161,8190,
216.125,8538,8199,8203,
216.134,8509,8239,8221,
216.144,8495,8227,8213,
216.154,8492,8232,8208,
216.166,8487,8252,8213,
216.172,8481,8230,8208,
216.186,8463,8239,8208,
216.194,8463,8247,8203,
216.206,8479,8265,8203,
216.216,8450,8214,8200,
216.222,8458,8232,8200,
216.235,8458,8224,8195,
216.244,8431,8239,8190,
216.255,8436,8252,8203,
216.263,8423,8232,8192,
216.275,8414,8245,8198,
216.284,8398,8245,8192,
216.295,8390,8265,8190,
216.304,8398,8191,8187,
216.314,8396,8204,8169,
216.324,8404,8245,8192,
216.335,8385,8255,8195,
216.345,8382,8247,8190,
216.356,8358,8252,8187,
216.362,8347,8247,8190,
216.375,8353,8260,8192,
216.384,8356,8250,8192,
216.392,8353,8239,8187,
216.403,8353,8263,8180,
216.414,8337,8265,8192,
216.424,8337,8252,8190,
216.433,8347,8239,8185,
216.442,8329,8260,8185,
216.454,8329,8260,8187,
216.465,8334,8291,8190,
216.474,8337,8283,8185,
216.484,8323,8288,8198,
216.493,8323,8250,8200,
216.505,8337,8237,8198,
216.515,8339,8242,8174,
216.521,8356,8178,8190,
216.535,8310,8265,8195,
216.543,8326,8242,8185,
216.554,8323,8263,8192,
216.562,8310,8250,8174,
216.573,8307,8260,8174,
216.585,8315,8252,8185,
216.593,8304,8247,8177,
216.604,8320,8252,8185,
216.614,8326,8294,8180,
216.622,8312,8260,8195,
216.635,8296,8278,8182,
216.646,8299,8260,8190,
216.654,8304,8260,8185,
216.664,8320,8260,8177,
216.672,8307,8304,8203,
216.684,8307,8270,8190,
216.693,8285,8273,8187,
216.701,8307,8232,8190,
216.715,8312,8222,8177,
216.722,8315,8206,8180,
216.732,8312,8214,8180,
216.744,8285,8239,8190,
216.754,8283,8239,8182,
216.764,8293,8268,8187,
216.773,8288,8263,8182,
216.783,8276,8268,8177,
216.792,8283,8252,8192,
216.804,8296,8237,8192,
216.812,8283,8278,8177,
216.823,8283,8247,8187,
216.834,8276,8252,8177,
216.842,8296,8265,8180,
216.854,8283,8232,8177,
216.863,8276,8237,8185,
216.873,8279,8263,8195,
216.884,8288,8265,8180,
216.892,8273,8263,8198,
216.903,8276,8265,8177,
216.914,8283,8181,8187,
216.924,8304,8217,8177,
216.932,8291,8263,8187,
216.943,8273,8257,8187,
216.951,8296,8242,8190,
216.966,8283,8232,8185,
216.972,8283,8278,8200,
216.984,8285,8255,8187,
216.994,8283,8257,8190,
217.003,8315,8257,8187,
217.012,8299,8299,8192,
217.023,8301,8239,8195,
217.034,8301,8232,8190,
217.044,8304,8281,8190,
217.053,8301,8270,8190,
217.065,8307,8260,8190,
217.073,8310,8268,8180,
217.082,8318,8257,8185,
217.094,8318,8250,8185,
217.107,8301,8276,8190,
217.11,8331,8137,8163,
217.124,8361,8222,8192,
217.133,8318,8270,8195,
217.144,8301,8230,8190,
217.152,8318,8242,8190,
217.165,8323,8308,8198,
217.171,8323,8281,8185,
217.184,8320,8237,8195,
217.193,8329,8255,8195,
217.202,8339,8255,8177,
217.214,8350,8255,8185,
217.221,8337,8273,8195,
217.232,8329,8247,8195,
217.241,8345,8260,8192,
217.254,8334,8263,8190,
217.262,8334,8224,8185,
217.273,8334,8263,8185,
217.282,8353,8268,8205,
217.293,8366,8245,8192,
217.303,8347,8273,8185,
217.314,8372,8186,8182,
217.323,8385,8219,8182,
217.333,8361,8268,8208,
217.342,8369,8252,8182,
217.351,8361,8245,8182,
217.364,8356,8232,8198,
217.372,8361,8255,8195,
217.384,8364,8232,8198,
217.392,8382,8273,8200,
217.404,8372,8237,8198,
217.414,8372,8283,8213,
217.423,8369,8294,8185,
217.435,8404,8263,8190,
217.442,8396,8224,8198,
217.453,8396,8245,8192,
217.462,8406,8247,8192,
217.474,8398,8239,8192,
217.483,8423,8242,8205,
217.492,8425,8250,8190,
217.502,8417,8255,8195,
217.513,8439,8148,8177,
217.524,8455,8193,8205,
217.532,8436,8245,8200,
217.54,8436,8242,8205,
217.554,8455,8217,8200,
217.562,8452,8245,8200,
217.573,8450,8237,8203,
217.581,8452,8227,8208,
217.592,8452,8242,8210,
217.604,8458,8245,8192,
217.612,8471,8252,8203,
217.625,8455,8232,8203,
217.631,8476,8227,8208,
217.642,8476,8224,8203,
217.654,8473,8245,8195,
217.664,8487,8237,8203,
217.672,8481,8227,8203,
217.684,8492,8239,8213,
217.694,8490,8242,8195,
217.704,8492,8222,8195,
217.712,8522,8153,8195,
217.72,8495,8175,8208,
217.733,8503,8239,8221,
217.745,8509,8252,8210,
217.752,8503,8232,8210,
217.76,8509,8232,8208,
217.773,8527,8245,8218,
217.782,8538,8232,8218,
217.793,8536,8230,8216,
217.802,8562,8232,8223,
217.811,8556,8217,8200,
217.822,8556,8239,8223,
217.833,8558,8230,8218,
217.842,8562,8237,8213,
217.852,8578,8250,8216,
217.862,8567,8232,8221,
217.871,8573,8224,8226,
217.881,8562,8230,8223,
217.893,8578,8219,8213,
217.901,8594,8224,8213,
217.914,8603,8159,8190,
217.92,8584,8217,8208,
217.931,8578,8222,8226,
217.941,8570,8224,8228,
217.951,8570,8217,8210,
217.963,8578,8230,8218,
217.971,8581,8222,8213,
217.981,8581,8239,8218,
217.992,8584,8227,8213,
218.001,8586,8237,8223,
218.013,8589,8214,8216,
218.022,8589,8222,8218,
218.034,8589,8227,8221,
218.044,8594,8242,8223,
218.05,8597,8222,8223,
218.061,8594,8219,8226,
218.073,8594,8227,8221,
218.081,8600,8227,8238,
218.089,8600,8222,8223,
218.101,8616,8212,8213,
218.113,8642,8178,8198,
218.122,8611,8159,8216,
218.132,8600,8230,8228,
218.14,8600,8206,8223,
218.152,8605,8214,8231,
218.162,8594,8219,8231,
218.173,8603,8222,8231,
218.179,8619,8206,8218,
218.192,8603,8222,8221,
218.202,8616,8227,8223,
218.211,8619,8219,8228,
218.222,8613,8212,8223,
218.232,8624,8214,8228,
218.243,8642,8222,8231,
218.251,8632,8217,8235,
218.261,8642,8217,8238,
218.271,8644,8212,8228,
218.282,8661,8204,8241,
218.29,8664,8219,8228,
218.302,8699,8178,8205,
218.31,8707,8148,8200,
218.32,8675,8178,8235,
218.331,8678,8204,8235,
218.34,8670,8212,8243,
218.35,8675,8209,8243,
218.362,8675,8206,8243,
218.371,8672,8209,8243,
218.381,8691,8206,8241,
218.39,8691,8214,8246,
218.401,8686,8204,8248,
218.414,8697,8204,8241,
218.422,8697,8206,8241,
218.432,8694,8214,8235,
218.439,8686,8212,8238,
218.453,8689,8209,8241,
218.461,8689,8212,8235,
218.472,8694,8204,8238,
218.481,8694,8206,8238,
218.492,8694,8209,8241,
218.503,8713,8201,8223,
218.511,8750,8175,8205,
218.521,8710,8150,8221,
218.531,8686,8206,8246,
218.542,8678,8204,8235,
218.551,8675,8199,8241,
218.56,8680,8206,8228,
218.569,8670,8204,8241,
218.582,8678,8206,8251,
218.591,8678,8201,8243,
218.601,8670,8212,8246,
218.612,8670,8212,8241,
218.62,8675,8196,8238,
218.632,8680,8219,8238,
218.641,8675,8212,8241,
218.649,8683,8201,8241,
218.662,8689,8212,8246,
218.669,8680,8196,8241,
218.68,8689,8209,8241,
218.69,8694,8209,8238,
218.703,8727,8199,8216,
218.71,8738,8188,8203,
218.723,8691,8142,8226,
218.729,8686,8209,8235,
218.741,8675,8201,8231,
218.751,8670,8209,8246,
218.76,8670,8204,8238,
218.77,8670,8209,8231,
218.783,8672,8204,8238,
218.79,8680,8206,8241,
218.801,8680,8209,8241,
218.811,8675,8206,8241,
218.821,8680,8214,8238,
218.828,8672,8201,8235,
218.841,8680,8209,8238,
218.851,8678,8204,8241,
218.859,8667,8206,8243,
218.871,8683,8209,8246,
218.881,8678,8199,8231,
218.889,8672,8206,8243,
218.9,8702,8196,8226,
218.909,8730,8181,8205,
218.921,8678,8178,8223,
218.931,8675,8204,8238,
218.94,8678,8204,8235,
218.95,8670,8196,8243,
218.961,8672,8199,8235,
218.972,8675,8209,8241,
218.982,8667,8217,8243,
218.988,8678,8212,8241,
218.999,8670,8219,8256,
219.01,8672,8217,8243,
219.021,8670,8206,8241,
219.031,8670,8204,8235,
219.041,8683,8201,8243,
219.052,8664,8206,8235,
219.062,8672,8212,8243,
219.069,8661,8219,8235,
219.081,8672,8222,8243,
219.091,8672,8201,8223,
219.1,8699,8193,8200,
219.109,8710,8135,8200,
219.122,8670,8170,8213,
219.128,8644,8204,8243,
219.14,8661,8199,8226,
219.15,8661,8201,8243,
219.159,8659,8201,8243,
219.171,8644,8201,8243,
219.182,8656,8204,8241,
219.191,8653,8212,8226,
219.2,8650,8206,8238,
219.212,8664,8212,8231,
219.221,8659,8209,8228,
219.23,8659,8212,8251,
219.242,8661,8206,8218,
219.253,8647,8206,8235,
219.26,8661,8224,8238,
219.271,8659,8219,8231,
219.283,8661,8201,8238,
219.292,8659,8206,8238,
219.301,8697,8209,8218,
219.312,8705,8170,8200,
219.322,8664,8137,8223,
219.329,8644,8204,8243,
219.34,8642,8212,8231,
219.349,8639,8204,8231,
219.36,8653,8209,8238,
219.37,8644,8206,8228,
219.38,8650,8206,8238,
219.391,8644,8212,8231,
219.401,8653,8206,8231,
219.41,8661,8206,8238,
219.42,8664,8209,8241,
219.431,8667,8219,8231,
219.439,8664,8206,8231,
219.453,8659,8206,8238,
219.46,8661,8212,8238,
219.47,8664,8222,8235,
219.481,8656,8204,8226,
219.489,8656,8199,8228,
219.5,8667,8201,8221,
219.511,8705,8175,8200,
219.522,8661,8206,8226,
219.531,8656,8209,8235,
219.542,8661,8222,8243,
219.552,8653,8214,8235,
219.562,8635,8206,8238,
219.571,8644,8212,8228,
219.58,8642,8206,8235,
219.589,8644,8214,8243,
219.601,8647,8209,8238,
219.611,8659,8227,8243,
219.643,8644,8222,8241,
219.644,8639,8212,8228,
219.644,8653,8214,8243,
219.65,8644,8212,8241,
219.66,8642,8206,8231,
219.671,8653,8206,8235,
219.677,8644,8217,8235,
219.69,8650,8217,8223,
219.698,8659,8186,8226,
219.709,8691,8183,8195,
219.718,8653,8150,8216,
219.728,8639,8212,8231,
219.739,8642,8217,8235,
219.75,8630,8206,8223,
219.759,8627,8212,8228,
219.769,8639,8214,8228,
219.779,8639,8206,8228,
219.791,8635,8212,8235,
219.798,8630,8212,8226,
219.808,8635,8214,8226,
219.821,8639,8214,8223,
219.829,8639,8204,8238,
219.837,8627,8201,8235,
219.85,8624,8209,8238,
219.859,8632,8222,8228,
219.869,8635,8212,8231,
219.882,8642,8214,8228,
219.889,8639,8217,8235,
219.898,8656,8212,8216,
219.91,8678,8173,8203,
219.919,8644,8188,8235,
219.931,8642,8217,8228,
219.939,8635,8204,8223,
219.948,8619,8212,8226,
219.961,8630,8227,8231,
219.97,8632,8204,8228,
219.98,8627,8209,8231,
219.99,8630,8209,8231,
220,8627,8214,8226,
220.009,8627,8222,8241,
220.018,8630,8212,8231,
220.03,8627,8212,8226,
220.041,8630,8224,8231,
220.048,8630,8222,8238,
220.058,8632,8196,8226,
220.067,8635,8212,8226,
220.079,8622,8209,8223,
220.089,8642,8232,8228,
220.098,8661,8196,8213,
220.11,8672,8137,8200,
220.12,8624,8196,8223,
220.131,8627,8209,8235,
220.138,8627,8219,8228,
220.15,8624,8209,8228,
220.159,8613,8222,8223,
220.171,8616,8206,8228,
220.18,8622,8214,8235,
220.188,8622,8214,8223,
220.198,8630,8224,8228,
220.209,8616,8217,8235,
220.221,8622,8206,8221,
220.229,8627,8222,8228,
220.238,8627,8214,8238,
220.25,8630,8222,8226,
220.26,8622,8222,8218,
220.269,8622,8199,8231,
220.277,8619,8222,8228,
220.289,8619,8206,8235,
220.299,8635,8204,8216,
220.31,8670,8193,8205,
220.32,8632,8173,8218,
220.33,8613,8222,8228,
220.34,8613,8219,8238,
220.35,8613,8212,8231,
220.356,8616,8212,8228,
220.371,8603,8214,8241,
220.379,8608,8217,8226,
220.39,8611,8217,8226,
220.399,8613,8224,8231,
220.41,8613,8224,8235,
220.419,8603,8214,8213,
220.427,8619,8212,8228,
220.44,8611,8214,8228,
220.45,8605,8230,8228,
220.456,8611,8230,8216,
220.47,8608,8217,8221,
220.478,8605,8217,8228,
220.486,8613,8217,8226,
220.498,8627,8227,8213,
220.509,8642,8122,8205,
220.52,8605,8186,8221,
220.529,8594,8219,8218,
220.538,8594,8219,8228,
220.548,8581,8212,8228,
220.56,8592,8227,8231,
220.569,8592,8204,8221,
220.578,8597,8219,8243,
220.588,8605,8201,8231,
220.598,8584,8232,8218,
220.606,8594,8224,8228,
220.617,8597,8224,8216,
220.626,8603,8219,8228,
220.637,8589,8219,8231,
220.648,8605,8217,8223,
220.659,8597,8217,8226,
220.671,8605,8219,8223,
220.677,8603,8227,8235,
220.689,8605,8214,8223,
220.699,8613,8206,8198,
220.708,8619,8140,8192,
220.718,8584,8255,8213,
220.729,8592,8209,8231,
220.738,8584,8230,8218,
220.749,8578,8230,8228,
220.757,8584,8217,8208,
220.768,8584,8214,8218,
220.778,8581,8212,8218,
220.787,8578,8219,8218,
220.797,8589,8214,8210,
220.807,8581,8222,8221,
220.819,8589,8224,8228,
220.827,8584,8230,8226,
220.836,8592,8239,8226,
220.848,8578,8222,8226,
220.859,8586,8224,8221,
220.868,8581,8206,8226,
220.877,8586,8222,8228,
220.888,8586,8227,8231,
220.899,8597,8204,8210,
220.907,8616,8153,8203,
220.918,8586,8186,8221,
220.926,8589,8219,8223,
220.937,8573,8212,8226,
220.948,8584,8204,8221,
220.958,8592,8224,8228,
220.966,8581,8227,8231,
220.977,8581,8227,8228,
220.988,8586,8222,8228,
220.996,8578,8252,8226,
221.006,8584,8212,8226,
221.019,8584,8232,8221,
221.029,8576,8239,8221,
221.037,8584,8227,8218,
221.046,8570,8222,8221,
221.057,8578,8224,8208,
221.066,8576,8222,8223,
221.077,8589,8232,8228,
221.087,8584,8230,8228,
221.098,8600,8214,8208,
221.106,8597,8183,8195,
221.117,8584,8165,8221,
221.128,8567,8227,8223,
221.139,8567,8222,8223,
221.148,8573,8224,8218,
221.158,8567,8209,8221,
221.167,8567,8219,8218,
221.179,8565,8230,8223,
221.189,8581,8230,8223,
221.197,8573,8230,8218,
221.208,8573,8219,8221,
221.22,8553,8224,8226,
221.228,8549,8209,8223,
221.237,8565,8224,8226,
221.248,8556,8227,8226,
221.256,8553,8237,8216,
221.27,8562,8222,8218,
221.276,8553,8222,8218,
221.285,8570,8239,8221,
221.298,8578,8206,8195,
221.307,8597,8142,8200,
221.318,8578,8204,8210,
221.329,8549,8232,8216,
221.335,8541,8222,8218,
221.346,8538,8227,8223,
221.355,8538,8217,8216,
221.369,8533,8219,8213,
221.378,8544,8247,8226,
221.387,8546,8224,8205,
221.399,8544,8219,8216,
221.407,8562,8232,8205,
221.416,8556,8212,8213,
221.426,8556,8224,8216,
221.437,8541,8237,8210,
221.448,8549,8222,8218,
221.457,8556,8230,8203,
221.466,8549,8230,8216,
221.476,8556,8224,8203,
221.486,8556,8230,8221,
221.497,8565,8199,8203,
221.507,8597,8142,8192,
221.518,8586,8193,8208,
221.526,8553,8222,8208,
221.537,8570,8224,8213,
221.546,8573,8219,8223,
221.556,8576,8224,8218,
221.567,8576,8230,8223,
221.575,8573,8209,8213,
221.587,8570,8230,8223,
221.597,8576,8219,8231,
221.607,8576,8242,8218,
221.615,8578,8209,8216,
221.628,8570,8217,8213,
221.636,8581,8242,8216,
221.645,8576,8227,8216,
221.656,8584,8222,8218,
221.667,8586,8209,8228,
221.676,8589,8232,8223,
221.686,8592,8217,8223,
221.697,8597,8199,8208,
221.706,8608,8170,8200,
221.715,8592,8239,8218,
221.727,8584,8222,8223,
221.737,8576,8217,8223,
221.747,8578,8222,8228,
221.757,8581,8222,8213,
221.769,8581,8217,8210,
221.779,8578,8219,8223,
221.787,8576,8217,8213,
221.798,8578,8219,8223,
221.806,8584,8201,8218,
221.816,8578,8239,8226,
221.828,8581,8232,8226,
221.836,8578,8232,8221,
221.846,8581,8219,8228,
221.857,8584,8217,8216,
221.867,8570,8242,8228,
221.877,8573,8224,8223,
221.887,8578,8219,8213,
221.898,8589,8212,8213,
221.906,8605,8186,8200,
221.918,8578,8188,8210,
221.927,8553,8217,8228,
221.936,8556,8227,8226,
221.947,8562,8214,8218,
221.955,8562,8227,8223,
221.967,8562,8217,8210,
221.975,8549,8219,8221,
221.988,8567,8230,8223,
221.998,8556,8212,8221,
222.007,8565,8227,8226,
222.016,8567,8222,8226,
222.025,8567,8230,8226,
222.038,8573,8232,8218,
222.046,8573,8219,8213,
222.055,8556,8224,8223,
222.067,8578,8217,8218,
222.076,8578,8237,8223,
222.086,8562,8204,8205,
222.097,8594,8201,8200,
222.107,8600,8196,8190,
222.115,8570,8217,8213,
222.125,8565,8224,8228,
222.139,8567,8214,8216,
222.146,8567,8230,8226,
222.157,8570,8224,8218,
222.165,8567,8214,8221,
222.176,8567,8252,8226,
222.185,8570,8217,8218,
222.195,8573,8230,8226,
222.204,8570,8245,8210,
222.215,8567,8239,8223,
222.224,8581,8237,8226,
222.235,8562,8224,8221,
222.247,8567,8239,8223,
222.255,8573,8237,8213,
222.266,8570,8230,8208,
222.276,8581,8224,8223,
222.285,8573,8224,8221,
222.296,8597,8214,8213,
222.307,8600,8173,8195,
222.316,8576,8150,8210,
222.327,8565,8224,8221,
222.335,8573,8224,8218,
222.346,8570,8227,8218,
222.354,8570,8222,8218,
222.365,8573,8217,8223,
222.376,8565,8224,8221,
222.385,8567,8227,8235,
222.396,8576,8219,8216,
222.407,8570,8227,8221,
222.415,8565,8224,8216,
222.426,8565,8227,8221,
222.435,8576,8237,8216,
222.445,8573,8230,8223,
222.456,8567,8239,8218,
222.466,8553,8222,8221,
222.478,8581,8245,8216,
222.486,8581,8217,8218,
222.497,8586,8191,8198,
222.505,8605,8122,8195,
222.517,8570,8224,8216,
222.526,8562,8239,8216,
222.535,8565,8237,8218,
222.544,8553,8214,8213,
222.557,8565,8232,8218,
222.565,8565,8237,8223,
222.575,8553,8209,8213,
222.586,8570,8230,8218,
222.597,8556,8232,8216,
222.604,8576,8247,8216,
222.615,8562,8227,8218,
222.627,8567,8224,8218,
222.635,8565,8230,8218,
222.646,8570,8239,8221,
222.654,8556,8230,8216,
222.664,8576,8212,8218,
222.674,8570,8224,8221,
222.685,8546,8230,8226,
222.694,8576,8227,8210,
222.705,8603,8178,8190,
222.716,8567,8212,8213,
222.727,8562,8222,8205,
222.736,8562,8232,8223,
222.745,8562,8237,8208,
222.755,8567,8217,8226,
222.767,8565,8237,8226,
222.777,8562,8224,8221,
222.785,8562,8214,8218,
222.798,8553,8227,8216,
222.806,8562,8242,8223,
222.816,8562,8209,8226,
222.825,8562,8224,8218,
222.836,8558,8224,8218,
222.845,8553,8232,8221,
222.856,8556,8230,8216,
222.865,8573,8214,8210,
222.875,8573,8219,8223,
222.886,8553,8230,8218,
222.896,8573,8217,8200,
222.908,8600,8170,8190,
222.914,8578,8173,8210,
222.925,8556,8227,8210,
222.934,8558,8219,8213,
222.945,8553,8219,8223,
222.956,8549,8217,8223,
222.964,8565,8219,8213,
222.975,8553,8230,8216,
222.985,8562,8222,8210,
222.996,8570,8239,8226,
223.004,8570,8222,8223,
223.016,8578,8242,8218,
223.025,8565,8212,8213,
223.035,8565,8232,8218,
223.045,8573,8232,8213,
223.056,8570,8219,8208,
223.064,8570,8222,8216,
223.075,8544,8209,8216,
223.086,8549,8222,8226,
223.096,8581,8214,8210,
223.104,8584,8159,8200,
223.115,8565,8175,8210,
223.124,8556,8227,8221,
223.135,8549,8222,8221,
223.146,8541,8239,8216,
223.156,8544,8219,8218,
223.164,8556,8219,8223,
223.175,8549,8227,8213,
223.183,8553,8227,8213,
223.194,8556,8227,8226,
223.205,8549,8239,8221,
223.214,8556,8232,8223,
223.226,8562,8230,8210,
223.236,8562,8227,8223,
223.244,8556,8242,8216,
223.252,8565,8255,8221,
223.263,8553,8239,8218,
223.274,8553,8230,8216,
223.285,8541,8239,8223,
223.295,8573,8237,8223,
223.305,8597,8145,8182,
223.316,8576,8212,8218,
223.325,8576,8214,8216,
223.335,8553,8242,8218,
223.346,8549,8217,8205,
223.356,8546,8230,8218,
223.365,8562,8230,8223,
223.375,8553,8222,8208,
223.386,8553,8224,8221,
223.395,8562,8232,8210,
223.404,8556,8230,8223,
223.416,8567,8222,8218,
223.424,8567,8239,8216,
223.434,8576,8222,8208,
223.444,8567,8224,8208,
223.454,8565,8222,8208,
223.465,8565,8222,8221,
223.475,8549,8230,8213,
223.485,8562,8219,8216,
223.494,8578,8206,8208,
223.506,8594,8161,8192,
223.516,8570,8212,8218,
223.525,8570,8232,8216,
223.535,8556,8224,8210,
223.544,8562,8224,8218,
223.554,8562,8217,8223,
223.564,8553,8219,8216,
223.575,8565,8219,8213,
223.585,8573,8239,8213,
223.592,8558,8214,8216,
223.603,8570,8222,8210,
223.613,8553,8214,8218,
223.624,8565,8230,8213,
223.632,8567,8242,8223,
223.643,8570,8227,8223,
223.654,8573,8222,8216,
223.663,8562,8217,8216,
223.673,8567,8209,8221,
223.686,8562,8219,8213,
223.693,8578,8230,8213,
223.702,8605,8175,8198,
223.713,8576,8170,8213,
223.725,8567,8227,8216,
223.732,8565,8214,8218,
223.743,8567,8230,8226,
223.755,8558,8219,8221,
223.764,8565,8227,8221,
223.774,8565,8212,8221,
223.786,8558,8219,8218,
223.793,8565,8217,8221,
223.803,8565,8245,8223,
223.812,8573,8239,8223,
223.824,8565,8222,8226,
223.835,8570,8224,8223,
223.844,8567,8239,8226,
223.863,8570,8230,8228,
223.867,8567,8255,8221,
223.872,8565,8222,8221,
223.883,8578,8217,8223,
223.893,8578,8224,8210,
223.903,8600,8173,8195,
223.914,8562,8193,8216,
223.925,8562,8237,8221,
223.935,8565,8232,8228,
223.944,8553,8227,8221,
223.954,8556,8245,8221,
223.965,8544,8214,8213,
223.972,8549,8230,8210,
223.984,8556,8227,8216,
223.995,8562,8247,8226,
224.004,8565,8217,8216,
224.015,8573,8227,8221,
224.022,8567,8239,8226,
224.035,8565,8230,8228,
224.042,8565,8232,8221,
224.053,8570,8224,8213,
224.063,8570,8247,8218,
224.072,8562,8222,8216,
224.085,8565,8212,8203,
224.094,8584,8204,8205,
224.103,8592,8135,8190,
224.112,8567,8165,8208,
224.124,8546,8222,8223,
224.135,8558,8217,8213,
224.141,8553,8201,8213,
224.154,8546,8219,8213,
224.163,8556,8227,8218,
224.173,8556,8212,8216,
224.185,8562,8239,8226,
224.194,8549,8222,8216,
224.202,8556,8214,8210,
224.213,8562,8212,8208,
224.225,8562,8237,8210,
224.233,8556,8222,8221,
224.243,8565,8239,8218,
224.254,8573,8217,8213,
224.263,8565,8214,8216,
224.272,8565,8230,8223,
224.283,8549,8239,8216,
224.293,8567,8222,8198,
224.306,8586,8159,8200,
224.313,8570,8178,8213,
224.322,8544,8214,8213,
224.334,8536,8227,8208,
224.343,8538,8219,8223,
224.351,8553,8227,8223,
224.362,8556,8230,8213,
224.373,8546,8245,8221,
224.382,8549,8227,8218,
224.395,8546,8237,8226,
224.403,8553,8227,8223,
224.412,8553,8232,8218,
224.422,8541,8239,8221,
224.434,8546,8257,8223,
224.443,8553,8237,8218,
224.454,8544,8227,8221,
224.464,8562,8222,8223,
224.475,8549,8212,8213,
224.483,8565,8219,8218,
224.492,8570,8204,8200,
224.503,8594,8178,8198,
224.513,8570,8206,8218,
224.523,8573,8214,8216,
224.532,8553,8227,8223,
224.543,8553,8222,8210,
224.552,8558,8217,8228,
224.563,8546,8227,8216,
224.574,8558,8227,8216,
224.582,8567,8212,8208,
224.593,8562,8219,8213,
224.604,8556,8222,8223,
224.615,8565,8214,8213,
224.624,8570,8227,8216,
224.634,8567,8222,8218,
224.644,8553,8230,8226,
224.653,8567,8217,8216,
224.662,8556,8230,8216,
224.671,8581,8227,8213,
224.681,8570,8222,8218,
224.694,8592,8217,8198,
224.701,8597,8173,8198,
224.713,8565,8212,8216,
224.722,8562,8237,8218,
224.733,8562,8222,8213,
224.743,8556,8230,8218,
224.751,8565,8239,8221,
224.76,8556,8222,8228,
224.773,8567,8224,8218,
224.782,8567,8239,8213,
224.792,8567,8239,8218,
224.801,8567,8212,8218,
224.813,8562,8242,8221,
224.825,8565,8214,8216,
224.832,8553,8232,8223,
224.843,8570,8227,8218,
224.854,8558,8230,8213,
224.864,8562,8214,8210,
224.872,8546,8219,8205,
224.883,8544,8212,8223,
224.894,8553,8206,8190,
224.905,8544,8142,8190,
224.912,8525,8178,8208,
224.923,8487,8224,8203,
224.932,8492,8232,8208,
224.943,8487,8232,8210,
224.954,8476,8242,8203,
224.96,8458,8232,8190,
224.971,8458,8239,8213,
224.982,8450,8247,8198,
224.993,8444,8252,8198,
225.002,8447,8232,8190,
225.013,8406,8250,8192,
225.023,8412,8242,8190,
225.033,8398,8250,8195,
225.043,8398,8245,8192,
225.053,8377,8268,8198,
225.062,8377,8265,8185,
225.072,8369,8260,8195,
225.081,8361,8242,8195,
225.092,8353,8230,8182,
225.102,8364,8153,8169,
225.112,8385,8247,8185,
225.123,8353,8255,8190,
225.133,8350,8252,8190,
225.141,8339,8232,8185,
225.15,8326,8237,8187,
225.164,8329,8245,8195,
225.171,8326,8263,8195,
225.183,8320,8250,8198,
225.193,8310,8268,8182,
225.202,8315,8257,8195,
225.209,8293,8291,8190,
225.222,8301,8296,8185,
225.233,8310,8268,8185,
225.241,8301,8260,8185,
225.253,8283,8281,8180,
225.262,8276,8255,8187,
225.272,8299,8278,8190,
225.284,8291,8263,8185,
225.29,8276,8196,8177,
225.302,8273,8219,8182,
225.312,8291,8219,8180,
225.32,8283,8245,8185,
225.331,8257,8268,8185,
225.342,8249,8239,8172,
225.352,8238,8291,8185,
225.361,8254,8242,8177,
225.373,8265,8268,8180,
225.382,8241,8276,8187,
225.391,8238,8313,8185,
225.404,8246,8242,8187,
225.413,8249,8245,8190,
225.419,8254,8245,8185,
225.432,8254,8270,8190,
225.441,8260,8257,8185,
225.451,8254,8250,8185,
225.463,8263,8260,8187,
225.471,8252,8265,8192,
225.481,8260,8257,8180,
225.492,8257,8222,8180,
225.501,8268,8178,8180,
225.511,8283,8227,8187,
225.521,8283,8230,8187,
225.533,8271,8270,8198,
225.542,8252,8232,8180,
225.55,8244,8260,8180,
225.562,8249,8263,8187,
225.571,8257,8263,8187,
225.583,8257,8257,8187,
225.59,8263,8239,8187,
225.601,8257,8296,8185,
225.613,8283,8252,8185,
225.621,8279,8237,8185,
225.633,8265,8296,8195,
225.641,8268,8257,8192,
225.65,8263,8265,8185,
225.661,8296,8281,8182,
225.67,8283,8270,8187,
225.681,8285,8252,8185,
225.691,8265,8214,8182,
225.701,8279,8219,8169,
225.711,8291,8224,8190,
225.72,8273,8239,8187,
225.732,8307,8255,8174,
225.739,8276,8250,8187,
225.753,8273,8232,8172,
225.762,8299,8286,8180,
225.772,8279,8257,8180,
225.783,8320,8230,8187,
225.791,8283,8260,8180,
225.802,8283,8232,8182,
225.81,8283,8278,8185,
225.822,8285,8245,8177,
225.831,8279,8278,8187,
225.842,8285,8255,8180,
225.852,8276,8257,8190,
225.86,8293,8281,8192,
225.873,8291,8273,8185,
225.884,8310,8288,8200,
225.891,8283,8255,8177,
225.903,8285,8186,8169,
225.912,8320,8239,8185,
225.921,8304,8278,8177,
225.931,8288,8260,8185,
225.94,8283,8276,8185,
225.949,8296,8227,8185,
225.96,8293,8255,8185,
225.971,8285,8294,8182,
225.98,8301,8268,8185,
225.988,8304,8245,8187,
226,8318,8268,8174,
226.012,8315,8260,8187,
226.021,8318,8276,8187,
226.029,8310,8247,8190,
226.04,8318,8257,8180,
226.052,8323,8255,8190,
226.059,8326,8268,8187,
226.072,8318,8265,8182,
226.081,8320,8257,8198,
226.092,8326,8219,8182,
226.102,8337,8145,8185,
226.11,8347,8199,8192,
226.119,8329,8212,8192,
226.132,8323,8227,8180,
226.14,8331,8281,8195,
226.152,8350,8245,8185,
226.16,8345,8230,8187,
226.171,8356,8232,8185,
226.181,8353,8260,8200,
226.191,8329,8257,8192,
226.202,8347,8260,8203,
226.21,8347,8250,8177,
226.22,8353,8263,8198,
226.23,8364,8268,8190,
226.241,8356,8252,8190,
226.25,8353,8281,8192,
226.26,8353,8265,8190,
226.272,8353,8265,8192,
226.281,8347,8288,8182,
226.291,8358,8252,8198,
226.301,8385,8148,8172,
226.31,8401,8137,8192,
226.319,8372,8255,8200,
226.331,8358,8242,8198,
226.339,8347,8245,8185,
226.35,8379,8245,8190,
226.359,8372,8252,8198,
226.37,8390,8247,8192,
226.382,8387,8265,8198,
226.39,8379,8260,8195,
226.401,8372,8265,8203,
226.41,8387,8247,8185,
226.421,8385,8268,8198,
226.43,8390,8224,8190,
226.439,8390,8239,8200,
226.449,8385,8252,8200,
226.463,8387,8252,8195,
226.469,8377,8288,8195,
226.482,8401,8247,8187,
226.49,8396,8217,8195,
226.5,8412,8142,8172,
226.51,8412,8217,8190,
226.522,8398,8232,8198,
226.529,8393,8273,8187,
226.54,8396,8257,8198,
226.551,8409,8247,8187,
226.56,8409,8219,8177,
226.57,8423,8232,8198,
226.579,8423,8252,8200,
226.59,8428,8239,8195,
226.598,8428,8239,8192,
226.611,8425,8245,8208,
226.619,8431,8257,8198,
226.629,8431,8250,8192,
226.64,8428,8250,8198,
226.65,8447,8252,8195,
226.661,8455,8260,8205,
226.672,8458,8263,8203,
226.678,8444,8252,8198,
226.689,8468,8224,8182,
226.699,8492,8135,8180,
226.709,8479,8255,8203,
226.719,8458,8237,8205,
226.73,8473,8232,8218,
226.74,8468,8232,8213,
226.748,8471,8245,8213,
226.761,8468,8239,8203,
226.77,8479,8237,8213,
226.779,8481,8260,8218,
226.79,8495,8247,8210,
226.798,8473,8263,8213,
226.811,8490,8260,8205,
226.821,8484,8260,8210,
226.83,8479,8270,8223,
226.841,8492,8247,8216,
226.851,8487,8227,8203,
226.859,8492,8245,8190,
226.869,8481,8260,8203,
226.88,8484,8250,8203,
226.891,8506,8219,8192,
226.9,8517,8181,8182,
226.91,8519,8183,8192,
226.919,8492,8239,8208,
226.929,8500,8239,8208,
226.94,8498,8239,8203,
226.951,8495,8227,8200,
226.962,8511,8237,8210,
226.97,8517,8212,8210,
226.98,8536,8227,8213,
226.99,8544,8257,8218,
226.999,8544,8224,8221,
227.011,8553,8232,8218,
227.022,8556,8237,8213,
227.029,8562,8217,8208,
227.037,8578,8212,8216,
227.048,8570,8239,8231,
227.059,8584,8232,8221,
227.068,8589,8242,8208,
227.079,8589,8230,8205,
227.089,8611,8212,8208,
227.099,8624,8140,8195,
227.11,8597,8170,8205,
227.117,8597,8224,8216,
227.128,8592,8206,8216,
227.139,8600,8204,8228,
227.151,8586,8212,8216,
227.163,8597,8239,8218,
227.168,8603,8222,8221,
227.18,8597,8224,8226,
227.188,8594,8209,8226,
227.2,8608,8217,8218,
227.209,8611,8237,8235,
227.217,8608,8214,8221,
227.229,8613,8227,8223,
227.24,8619,8224,8223,
227.25,8635,8232,8228,
227.259,8632,8206,8228,
227.269,8635,8224,8241,
227.278,8644,8209,8231,
227.29,8678,8212,8218,
227.299,8702,8193,8198,
227.31,8672,8159,8216,
227.318,8656,8206,8235,
227.329,8659,8204,8231,
227.338,8670,8204,8243,
227.347,8680,8212,8243,
227.36,8675,8212,8246,
227.37,8683,8206,8235,
227.381,8678,8199,8241,
227.387,8689,8217,8238,
227.398,8689,8206,8243,
227.409,8694,8201,8241,
227.421,8697,8212,8243,
227.426,8694,8204,8246,
227.437,8697,8212,8243,
227.449,8694,8206,8246,
227.46,8686,8201,8243,
227.468,8694,8209,8246,
227.479,8691,8217,8246,
227.488,8730,8199,8228,
227.501,8761,8181,8200,
227.508,8710,8159,8231,
227.518,8699,8214,8228,
227.53,8694,8201,8254,
227.54,8697,8201,8243,
227.549,8702,8209,8243,
227.557,8691,8193,8243,
227.568,8694,8201,8243,
227.578,8702,8204,8241,
227.587,8702,8204,8243,
227.598,8713,8209,8241,
227.607,8705,8209,8243,
227.619,8705,8206,8235,
227.629,8705,8209,8246,
227.639,8707,8201,8241,
227.649,8707,8209,8248,
227.659,8710,8206,8241,
227.667,8702,8201,8254,
227.677,8718,8214,8243,
227.686,8741,8199,8226,
227.699,8766,8188,8208,
227.709,8725,8204,8246,
227.719,8694,8204,8254,
227.73,8694,8201,8238,
227.738,8697,8199,8251,
227.75,8702,8196,8241,
227.761,8689,8196,8243,
227.768,8697,8201,8246,
227.777,8707,8209,8243,
227.789,8699,8209,8251,
227.799,8702,8206,8238,
227.808,8702,8206,8248,
227.82,8707,8209,8241,
227.828,8702,8204,8254,
227.84,8713,8199,8256,
227.848,8707,8204,8241,
227.858,8699,8201,8246,
227.868,8710,8214,8238,
227.876,8699,8209,8238,
227.889,8745,8191,8228,
227.9,8774,8178,8210,
227.906,8725,8161,8231,
227.917,8710,8204,8248,
227.93,8707,8209,8243,
227.939,8699,8204,8238,
227.948,8705,8204,8243,
227.956,8699,8193,8241,
227.968,8707,8201,8248,
227.977,8705,8212,8248,
227.988,8699,8206,8241,
227.998,8699,8206,8241,
228.007,8697,8199,8243,
228.02,8694,8201,8241,
228.028,8689,8206,8246,
228.039,8697,8206,8235,
228.051,8697,8209,8241,
228.058,8697,8201,8243,
228.065,8694,8206,8243,
228.079,8702,8204,8241,
228.09,8730,8204,8223,
228.096,8750,8209,8210,
228.106,8702,8168,8223,
228.117,8680,8209,8241,
228.126,8683,8201,8238,
228.137,8683,8193,8238,
228.147,8672,8209,8238,
228.156,8672,8212,8248,
228.168,8683,8199,8238,
228.178,8683,8206,8235,
228.187,8678,8209,8243,
228.199,8686,8214,8243,
228.207,8689,8206,8231,
228.218,8689,8188,8241,
228.229,8683,8204,8238,
228.239,8689,8212,8243,
228.247,8689,8214,8248,
228.258,8689,8206,8241,
228.269,8683,8206,8231,
228.278,8689,8201,8238,
228.289,8721,8199,8223,
228.298,8741,8165,8195,
228.307,8675,8188,8243,
228.317,8678,8206,8238,
228.327,8678,8206,8231,
228.336,8670,8199,8235,
228.348,8661,8204,8243,
228.357,8670,8193,8248,
228.365,8664,8209,8228,
228.377,8678,8206,8238,
228.39,8680,8204,8238,
228.399,8675,8199,8246,
228.407,8680,8201,8243,
228.418,8675,8217,8243,
228.428,8670,8206,8241,
228.439,8678,8206,8241,
228.446,8680,8214,8241,
228.457,8675,8201,8231,
228.467,8675,8212,8241,
228.476,8678,8206,8246,
228.487,8694,8193,8231,
228.497,8725,8196,8200,
228.507,8689,8175,8231,
228.519,8670,8209,8243,
228.528,8675,8212,8238,
228.538,8670,8206,8248,
228.546,8672,8212,8241,
228.557,8670,8206,8241,
228.568,8672,8209,8238,
228.577,8670,8212,8238,
228.585,8672,8204,8235,
228.597,8670,8214,8243,
228.605,8670,8206,8243,
228.616,8664,8212,8238,
228.628,8670,8206,8238,
228.638,8664,8204,8228,
228.647,8667,8209,8235,
228.658,8680,8206,8235,
228.668,8670,8199,8226,
228.678,8686,8209,8231,
228.687,8727,8199,8213,
228.699,8727,8175,8210,
228.705,8689,8173,8231,
228.716,8678,8217,8231,
228.728,8672,8204,8231,
228.738,8664,8209,8235,
228.746,8653,8206,8231,
228.755,8653,8206,8235,
228.767,8656,8201,8231,
228.778,8659,8222,8241,
228.787,8670,8227,8241,
228.797,8661,8212,8231,
228.808,8661,8214,8238,
228.817,8664,8217,8228,
228.828,8656,8212,8235,
228.837,8659,8209,8221,
228.847,8659,8209,8238,
228.858,8656,8212,8238,
228.871,8659,8204,8241,
228.877,8661,8209,8241,
228.888,8686,8204,8223,
228.898,8716,8183,8203,
228.908,8680,8135,8218,
228.917,8653,8204,8231,
228.926,8650,8209,8228,
228.935,8653,8212,8226,
228.947,8653,8199,8238,
228.956,8647,8214,8228,
228.966,8650,8209,8235,
228.976,8656,8212,8241,
228.987,8650,8209,8238,
228.998,8647,8212,8228,
229.007,8647,8209,8241,
229.015,8647,8204,8223,
229.026,8653,8209,8223,
229.037,8647,8217,8238,
229.047,8644,8212,8238,
229.056,8653,8222,8231,
229.066,8644,8217,8238,
229.078,8650,8217,8218,
229.087,8678,8209,8226,
229.096,8699,8188,8203,
229.109,8661,8183,8231,
229.117,8659,8219,8241,
229.126,8647,8212,8231,
229.137,8642,8204,8235,
229.146,8632,8212,8223,
229.156,8639,8204,8235,
229.168,8647,8222,8235,
229.176,8644,8209,8223,
229.185,8653,8222,8231,
229.196,8632,8212,8238,
229.207,8632,8209,8238,
229.216,8639,8214,8241,
229.227,8642,8217,8241,
229.234,8650,8209,8228,
229.247,8642,8206,8238,
229.256,8644,8217,8241,
229.266,8639,8217,8231,
229.275,8630,8214,8223,
229.287,8672,8212,8203,
229.297,8675,8196,8200,
229.307,8644,8199,8216,
229.316,8619,8214,8223,
229.325,8632,8212,8228,
229.336,8613,8214,8228,
229.345,8616,8217,8226,
229.355,8613,8209,8231,
229.365,8624,8212,8228,
229.376,8627,8206,8228,
229.387,8619,8219,8231,
229.397,8630,8217,8226,
229.407,8635,8224,8238,
229.417,8624,8201,8226,
229.427,8624,8212,8228,
229.437,8613,8222,8231,
229.447,8622,8227,8223,
229.456,8616,8219,8226,
229.468,8613,8206,8221,
229.475,8622,8227,8221,
229.488,8639,8206,8218,
229.498,8661,8155,8195,
229.507,8639,8219,8226,
229.516,8608,8201,8226,
229.525,8622,8214,8223,
229.537,8613,8209,8228,
229.545,8611,8217,8226,
229.554,8622,8214,8221,
229.565,8619,8219,8226,
229.576,8616,8199,8226,
229.585,8611,8222,8231,
229.596,8624,8224,8216,
229.607,8608,8204,8221,
229.616,8616,8212,8218,
229.628,8619,8224,8231,
229.637,8627,8232,8235,
229.644,8613,8214,8231,
229.656,8605,8227,8228,
229.664,8608,8224,8231,
229.676,8608,8222,8228,
229.686,8647,8209,8205,
229.696,8650,8155,8198,
229.704,8616,8137,8218,
229.717,8600,8222,8226,
229.723,8608,8212,8226,
229.736,8603,8212,8223,
229.744,8594,8204,8210,
229.755,8603,8214,8218,
229.764,8603,8214,8221,
229.776,8608,8212,8231,
229.787,8619,8209,8235,
229.795,8605,8217,8221,
229.806,8619,8224,8231,
229.817,8611,8219,8228,
229.827,8608,8219,8218,
229.835,8613,8217,8226,
229.846,8622,8212,8221,
229.856,8611,8209,8213,
229.866,8613,8214,8231,
229.876,8603,8209,8216,
229.885,8635,8237,8218,
229.898,8656,8186,8200,
229.904,8619,8193,8216,
229.916,8613,8224,8235,
229.925,8605,8209,8223,
229.936,8600,8214,8228,
229.945,8608,8217,8221,
229.953,8613,8219,8223,
229.966,8613,8217,8235,
229.977,8616,8217,8235,
229.986,8622,8219,8226,
229.996,8619,8212,8221,
230.008,8613,8214,8221,
230.014,8600,8219,8231,
230.026,8608,8224,8226,
230.035,8597,8204,8228,
230.046,8608,8212,8226,
230.055,8611,8222,8218,
230.065,8605,8222,8228,
230.076,8603,8206,8218,
230.086,8627,8196,8210,
230.095,8650,8153,8198,
230.106,8624,8212,8216,
230.115,8613,8217,8216,
230.123,8605,8214,8216,
230.134,8594,8219,8226,
230.146,8586,8214,8223,
230.155,8600,8212,8218,
230.165,8592,8219,8228,
230.175,8592,8212,8226,
230.186,8594,8206,8216,
230.195,8586,8219,8226,
230.204,8578,8219,8228,
230.218,8584,8230,8221,
230.225,8570,8222,8226,
230.233,8567,8237,8213,
230.246,8570,8217,8210,
230.255,8586,8214,8228,
230.266,8581,8222,8210,
230.275,8565,8232,8226,
230.286,8570,8201,8195,
230.294,8613,8132,8198,
230.304,8581,8170,8223,
230.314,8578,8217,8223,
230.326,8570,8230,8228,
230.334,8558,8222,8213,
230.344,8565,8219,8226,
230.355,8565,8214,8221,
230.363,8570,8219,8235,
230.376,8578,8217,8231,
230.393,8570,8222,8231,
230.394,8567,8217,8218,
230.403,8578,8232,8228,
230.414,8576,8214,8226,
230.425,8565,8237,8231,
230.436,8576,8224,8221,
230.445,8565,8230,8218,
230.454,8576,8217,8223,
230.464,8581,8222,8226,
230.474,8584,8237,8235,
230.487,8600,8232,8213,
230.496,8616,8159,8192,
230.504,8592,8199,8223,
230.515,8576,8227,8221,
230.525,8578,8224,8218,
230.534,8567,8230,8228,
230.544,8570,8219,8228,
230.554,8573,8209,8221,
230.564,8573,8224,8216,
230.577,8573,8217,8210,
230.584,8581,8224,8221,
230.595,8584,8224,8216,
230.604,8578,8239,8218,
230.616,8570,8230,8226,
230.622,8576,8227,8235,
230.636,8584,8242,8221,
230.645,8570,8214,8221,
230.655,8573,8230,8221,
230.665,8576,8214,8226,
230.674,8576,8224,8213,
230.684,8608,8209,8213,
230.693,8622,8155,8195,
230.705,8603,8217,8210,
230.714,8586,8217,8223,
230.726,8581,8212,8226,
230.736,8576,8219,8228,
230.746,8578,8217,8216,
230.754,8573,8230,8223,
230.763,8581,8222,8213,
230.774,8584,8237,8223,
230.785,8584,8219,8216,
230.793,8581,8222,8221,
230.804,8586,8217,8221,
230.815,8578,8217,8221,
230.823,8578,8224,8218,
230.833,8573,8214,8210,
230.844,8592,8222,8228,
230.854,8584,8237,8223,
230.866,8586,8222,8218,
230.874,8581,8239,8221,
230.885,8594,8222,8223,
230.893,8624,8148,8192,
230.904,8597,8173,8213,
230.915,8578,8222,8213,
230.923,8581,8222,8223,
230.934,8576,8224,8210,
230.946,8573,8232,8223,
230.954,8584,8217,8218,
230.963,8576,8222,8218,
230.972,8584,8222,8203,
230.983,8576,8239,8226,
230.993,8581,8239,8218,
231.005,8578,8217,8223,
231.014,8578,8214,8223,
231.024,8573,8212,8221,
231.036,8586,8227,8223,
231.043,8586,8222,8216,
231.054,8589,8227,8223,
231.065,8584,8232,8223,
231.073,8576,8217,8218,
231.085,8597,8204,8210,
231.094,8616,8173,8205,
231.102,8594,8168,8218,
231.113,8573,8227,8213,
231.125,8584,8230,8226,
231.134,8573,8219,8223,
231.146,8581,8224,8221,
231.154,8578,8219,8216,
231.165,8584,8227,8226,
231.173,8581,8214,8223,
231.184,8584,8219,8210,
231.193,8578,8227,8226,
231.207,8586,8224,8228,
231.213,8581,8242,8221,
231.224,8581,8217,8228,
231.232,8573,8224,8231,
231.244,8586,8239,8223,
231.256,8581,8219,8218,
231.264,8578,8217,8223,
231.273,8581,8227,8228,
231.282,8597,8196,8205,
231.293,8627,8153,8192,
231.304,8597,8161,8213,
231.313,8594,8245,8218,
231.325,8578,8212,8213,
231.335,8578,8222,8226,
231.342,8567,8224,8221,
231.355,8570,8230,8216,
231.362,8578,8217,8216,
231.372,8578,8227,8218,
231.384,8586,8217,8210,
231.393,8584,8230,8221,
231.403,8586,8217,8226,
231.413,8586,8219,8213,
231.425,8570,8242,8231,
231.433,8589,8230,8226,
231.442,8576,8227,8231,
231.455,8584,8227,8218,
231.462,8573,8239,8235,
231.472,8589,8222,8223,
231.481,8597,8199,8200,
231.494,8613,8145,8200,
231.502,8586,8181,8216,
231.513,8576,8219,8223,
231.521,8581,8222,8223,
231.535,8578,8219,8223,
231.544,8578,8217,8223,
231.554,8581,8209,8216,
231.565,8578,8191,8216,
231.574,8570,8237,8218,
231.583,8567,8217,8231,
231.594,8576,8222,8221,
231.602,8578,8222,8216,
231.613,8576,8217,8218,
231.626,8584,8232,8216,
231.633,8573,8224,8228,
231.644,8576,8222,8226,
231.653,8578,8224,8223,
231.662,8584,8222,8210,
231.674,8589,8230,8216,
231.685,8594,8193,8203,
231.693,8622,8137,8195,
231.701,8589,8145,8218,
231.712,8584,8222,8218,
231.723,8584,8230,8223,
231.733,8578,8227,8228,
231.742,8576,8227,8226,
231.752,8578,8219,8223,
231.764,8570,8239,8235,
231.773,8570,8224,8216,
231.783,8581,8245,8226,
231.794,8589,8230,8218,
231.803,8576,8214,8210,
231.814,8578,8224,8210,
231.824,8578,8217,8226,
231.832,8567,8214,8216,
231.844,8578,8227,8223,
231.853,8567,8230,8221,
231.864,8570,8227,8216,
231.874,8576,8239,8218,
231.885,8592,8232,8208,
231.894,8611,8140,8195,
231.902,8592,8201,8221,
231.913,8570,8222,8213,
231.922,8573,8217,8218,
231.934,8576,8232,8213,
231.942,8562,8227,8218,
231.952,8576,8227,8203,
231.963,8567,8222,8218,
231.975,8581,8232,8216,
231.983,8576,8224,8221,
231.992,8576,8227,8221,
232.002,8576,8222,8216,
232.013,8570,8227,8213,
232.023,8581,8224,8226,
232.032,8576,8227,8223,
232.042,8573,8227,8223,
232.053,8565,8219,8221,
232.069,8576,8222,8216,
232.071,8570,8239,8221,
232.084,8581,8219,8221,
232.093,8603,8175,8195,
232.102,8584,8168,8218,
232.115,8562,8227,8226,
232.121,8570,8212,8216,
232.132,8578,8214,8221,
232.14,8576,8222,8210,
232.152,8556,8239,8223,
232.163,8567,8219,8216,
232.173,8565,8209,8221,
232.182,8578,8227,8216,
232.194,8573,8230,8223,
232.202,8562,8222,8218,
232.211,8578,8239,8221,
232.222,8562,8209,8213,
232.233,8567,8214,8210,
232.243,8570,8217,8226,
232.252,8573,8227,8213,
232.264,8565,8227,8200,
232.274,8565,8217,8218,
232.281,8586,8217,8200,
232.293,8605,8129,8195,
232.304,8567,8201,8221,
232.313,8570,8219,8223,
232.322,8576,8230,8218,
232.332,8573,8227,8221,
232.346,8562,8224,8213,
232.354,8576,8230,8221,
232.362,8570,8219,8223,
232.372,8576,8217,8226,
232.38,8570,8212,8218,
232.393,8576,8222,8221,
232.403,8565,8219,8218,
232.412,8565,8219,8226,
232.422,8570,8230,8218,
232.433,8573,8222,8221,
232.443,8578,8219,8213,
232.45,8567,8222,8216,
232.462,8578,8224,8223,
232.471,8573,8224,8221,
232.508,8586,8222,8210,
232.509,8608,8124,8185,
232.51,8581,8199,8210,
232.51,8565,8230,8221,
232.522,8567,8209,8213,
232.534,8567,8230,8216,
232.541,8567,8212,8213,
232.551,8565,8230,8208,
232.564,8576,8230,8208,
232.572,8562,8227,8216,
232.581,8570,8237,8221,
232.592,8570,8214,8223,
232.601,8570,8230,8226,
232.613,8576,8217,8221,
232.624,8565,8227,8216,
232.631,8576,8227,8216,
232.641,8573,8224,8216,
232.654,8562,8227,8226,
232.662,8565,8227,8210,
232.671,8562,8217,8210,
232.682,8594,8212,8195,
232.692,8608,8150,8192,
232.701,8578,8186,8216,
232.713,8578,8219,8216,
232.723,8567,8237,8213,
232.732,8565,8232,8223,
232.74,8570,8224,8216,
232.752,8570,8214,8218,
232.762,8565,8222,8210,
232.771,8570,8222,8223,
232.783,8570,8227,8208,
232.789,8573,8219,8221,
232.802,8573,8217,8208,
232.811,8567,8219,8213,
232.82,8573,8232,8223,
232.831,8567,8224,8216,
232.84,8573,8232,8210,
232.851,8576,8222,8208,
232.864,8570,8219,8216,
232.872,8565,8227,8223,
232.883,8589,8217,8213,
232.891,8605,8159,8192,
232.901,8581,8183,8203,
232.91,8562,8232,8228,
232.924,8565,8224,8213,
232.93,8556,8209,8218,
232.941,8558,8230,8228,
232.949,8565,8219,8218,
232.963,8562,8232,8216,
232.972,8553,8209,8213,
232.981,8570,8222,8226,
232.991,8558,8224,8210,
233.001,8567,8217,8213,
233.01,8570,8212,8223,
233.022,8556,8230,8223,
233.033,8553,8217,8216,
233.041,8573,8239,8221,
233.049,8556,8232,8210,
233.062,8570,8245,8216,
233.072,8553,8227,8221,
233.083,8565,8222,8205,
233.091,8592,8165,8192,
233.101,8573,8201,8210,
233.11,8553,8230,8208,
233.122,8562,8227,8213,
233.131,8549,8219,8216,
233.14,8553,8214,8223,
233.152,8553,8230,8213,
233.16,8558,8227,8218,
233.173,8570,8230,8221,
233.181,8558,8237,8228,
233.191,8562,8214,8226,
233.202,8556,8227,8210,
233.212,8576,8239,8228,
233.22,8565,8217,8218,
233.23,8562,8222,8208,
233.24,8558,8230,8218,
233.251,8573,8227,8231,
233.261,8570,8242,8228,
233.27,8570,8227,8218,
233.282,8578,8230,8208,
233.292,8600,8165,8195,
233.3,8565,8181,8208,
233.312,8570,8232,8223,
233.32,8565,8230,8221,
233.332,8562,8214,8203,
233.341,8553,8209,8228,
233.35,8565,8239,8210,
233.362,8573,8222,8216,
233.371,8565,8222,8218,
233.379,8556,8247,8210,
233.391,8565,8217,8216,
233.4,8562,8250,8216,
233.409,8567,8217,8213,
233.423,8562,8242,8228,
233.431,8573,8214,8223,
233.443,8570,8239,8226,
233.45,8565,8224,8218,
233.459,8562,8232,8221,
233.475,8565,8230,8221,
233.479,8584,8219,8208,
233.492,8603,8165,8195,
233.501,8576,8222,8223,
233.514,8567,8219,8231,
233.522,8565,8217,8223,
233.531,8562,8224,8221,
233.543,8556,8222,8218,
233.551,8567,8230,8218,
233.562,8562,8212,8218,
233.571,8567,8227,8216,
233.592,8565,8209,8218,
233.593,8576,8212,8221,
233.601,8567,8222,8218,
233.61,8573,8224,8223,
233.619,8565,8222,8223,
233.63,8573,8227,8213,
233.64,8567,8224,8216,
233.648,8549,8237,8213,
233.66,8576,8224,8218,
233.67,8562,8222,8228,
233.68,8576,8201,8223,
233.689,8600,8168,8198,
233.701,8567,8181,8221,
233.708,8562,8224,8216,
233.719,8553,8219,8213,
233.728,8556,8230,8205,
233.74,8567,8230,8221,
233.749,8567,8222,8223,
233.761,8573,8227,8218,
233.77,8578,8219,8210,
233.78,8565,8230,8221,
233.791,8570,8219,8223,
233.8,8578,8242,8216,
233.811,8570,8222,8208,
233.82,8565,8232,8208,
233.831,8565,8230,8226,
233.842,8567,8224,8216,
233.852,8570,8239,8221,
233.86,8556,8227,8210,
233.869,8570,8212,8228,
233.88,8594,8209,8208,
233.89,8589,8155,8190,
233.899,8576,8201,8216,
233.911,8565,8232,8218,
233.921,8553,8222,8221,
233.929,8556,8214,8221,
233.939,8556,8227,8213,
233.95,8567,8224,8221,
233.959,8553,8222,8221,
233.971,8558,8219,8223,
233.981,8578,8239,8208,
233.987,8567,8219,8216,
233.999,8565,8224,8221,
234.009,8565,8219,8213,
234.02,8570,8217,8231,
234.03,8562,8224,8213,
234.039,8567,8219,8221,
234.052,8570,8217,8216,
234.061,8578,8232,8223,
234.07,8567,8245,8213,
234.08,8581,8206,8210,
234.091,8605,8135,8190,
234.099,8578,8168,8210,
234.111,8556,8245,8223,
234.12,8567,8214,8218,
234.13,8549,8206,8208,
234.14,8558,8242,8216,
234.151,8570,8219,8205,
234.157,8556,8219,8216,
234.172,8567,8232,8218,
234.182,8556,8222,8213,
234.189,8549,8257,8218,
234.201,8553,8242,8210,
234.211,8562,8227,8216,
234.22,8553,8245,8216,
234.236,8553,8232,8213,
234.242,8562,8204,8218,
234.249,8556,8219,8213,
234.258,8562,8222,8200,
234.272,8567,8232,8216,
234.281,8581,8217,8208,
234.287,8592,8170,8198,
234.3,8567,8175,8208,
234.31,8541,8222,8210,
234.319,8558,8222,8218,
234.327,8562,8222,8223,
234.339,8544,8214,8223,
234.352,8562,8217,8218,
234.358,8562,8222,8221,
234.369,8553,8224,8223,
234.379,8558,8242,8210,
234.389,8562,8227,8221,
234.4,8558,8209,8213,
234.41,8570,8209,8218,
234.419,8578,8232,8223,
234.431,8562,8222,8223,
234.44,8573,8230,8226,
234.451,8570,8227,8208,
234.461,8562,8232,8226,
234.47,8570,8222,8218,
234.478,8581,8193,8208,
234.491,8600,8145,8208,
234.499,8576,8188,8213,
234.51,8570,8222,8221,
234.518,8565,8230,8216,
234.529,8556,8222,8218,
234.539,8570,8224,8216,
234.549,8567,8230,8226,
234.559,8558,8237,8223,
234.57,8576,8245,8223,
234.579,8567,8230,8216,
234.588,8565,8219,8228,
234.598,8567,8232,8213,
234.611,8570,8227,8226,
234.618,8562,8209,8216,
234.629,8567,8245,8210,
234.637,8556,8232,8221,
234.649,8553,8219,8218,
234.661,8556,8239,8213,
234.668,8546,8232,8213,
234.681,8553,8230,8213,
234.688,8567,8196,8192,
234.701,8538,8199,8200,
234.71,8517,8232,8208,
234.719,8514,8230,8210,
234.729,8503,8232,8210,
234.738,8487,8227,8205,
234.749,8476,8230,8200,
234.757,8461,8239,8198,
234.771,8452,8245,8200,
234.781,8442,8250,8200,
234.789,8442,8239,8203,
234.797,8431,8212,8198,
234.809,8404,8255,8205,
234.818,8404,8250,8192,
234.829,8414,8263,8200,
234.837,8387,8242,8200,
234.848,8385,8250,8180,
234.856,8379,8252,8195,
234.868,8382,8252,8198,
234.877,8372,8232,8190,
234.889,8379,8142,8172,
234.898,8350,8214,8187,
234.91,8342,8230,8195,
234.92,8331,8214,8174,
234.929,8334,8237,8182,
234.94,8318,8273,8192,
234.946,8310,8278,8190,
234.958,8334,8252,8185,
234.967,8312,8276,8198,
234.979,8315,8257,8177,
234.988,8312,8257,8185,
235,8310,8265,8163,
235.009,8283,8276,8187,
235.018,8283,8296,8203,
235.029,8276,8250,8177,
235.038,8283,8270,8187,
235.049,8283,8232,8190,
235.058,8283,8268,8190,
235.069,8260,8265,8185,
235.077,8249,8247,8185,
235.089,8260,8150,8169,
235.098,8296,8270,8177,
235.108,8235,8291,8195,
235.117,8227,8265,8187,
235.128,8246,8265,8174,
235.136,8211,8222,8174,
235.147,8230,8247,8185,
235.161,8227,8299,8187,
235.169,8225,8276,8182,
235.178,8227,8281,8174,
235.187,8225,8286,8177,
235.197,8208,8252,8185,
235.208,8233,8263,8177,
235.216,8238,8278,8185,
235.228,8230,8265,8185,
235.239,8227,8273,8187,
235.246,8214,8283,8190,
235.258,8219,8242,8180,
235.269,8214,8273,8190,
235.277,8203,8204,8177,
235.287,8192,8247,8177,
235.298,8235,8276,8185,
235.308,8217,8283,8187,
235.318,8195,8232,8180,
235.329,8222,8276,8187,
235.338,8238,8237,8177,
235.349,8217,8294,8167,
235.358,8214,8291,8185,
235.367,8200,8278,8182,
235.38,8230,8278,8177,
235.388,8208,8291,8177,
235.397,8219,8299,8182,
235.408,8217,8239,8187,
235.418,8230,8286,8185,
235.43,8252,8288,8185,
235.436,8244,8255,8172,
235.448,8225,8270,8172,
235.458,8238,8250,8182,
235.466,8235,8250,8174,
235.479,8241,8214,8172,
235.49,8233,8214,8180,
235.499,8238,8245,8182,
235.507,8225,8252,8182,
235.519,8238,8270,8187,
235.528,8244,8268,8187,
235.537,8246,8263,8185,
235.548,8273,8265,8182,
235.558,8244,8247,8187,
235.568,8235,8263,8185,
235.578,8249,8276,8187,
235.589,8244,8283,8180,
235.598,8244,8247,8185,
235.605,8265,8294,8180,
235.618,8265,8257,8180,
235.629,8257,8268,8200,
235.638,8296,8283,8182,
235.647,8279,8263,8177,
235.656,8273,8230,8187,
235.667,8299,8242,8185,
235.677,8285,8257,8177,
235.689,8285,8188,8182,
235.699,8304,8206,8177,
235.709,8288,8245,8190,
235.717,8304,8217,8190,
235.727,8285,8250,8167,
235.738,8291,8268,8180,
235.746,8323,8255,8190,
235.759,8307,8286,8192,
235.769,8293,8239,8192,
235.776,8296,8250,8190,
235.789,8307,8252,8187,
235.798,8310,8242,8185,
235.809,8304,8268,8187,
235.815,8326,8257,8187,
235.826,8329,8232,8180,
235.838,8323,8294,8200,
235.849,8318,8268,8195,
235.86,8312,8281,8185,
235.867,8307,8247,8187,
235.877,8326,8250,8172,
235.888,8323,8140,8182,
235.899,8369,8222,8182,
235.905,8318,8296,8182,
235.917,8334,8230,8195,
235.928,8320,8227,8187,
235.938,8329,8265,8200,
235.946,8326,8268,8200,
235.955,8334,8276,8192,
235.967,8347,8270,8195,
235.977,8350,8260,8182,
235.987,8356,8273,8195,
235.997,8347,8257,8190,
236.007,8366,8268,8198,
236.018,8356,8250,8182,
236.029,8366,8255,8198,
236.035,8364,8237,8190,
236.048,8369,8250,8187,
236.057,8366,8263,8187,
236.069,8356,8252,8203,
236.077,8361,8239,8187,
236.085,8387,8239,8172,
236.097,8393,8237,8185,
236.108,8393,8209,8200,
236.118,8358,8230,8185,
236.128,8372,8263,8198,
236.136,8387,8252,8208,
236.146,8366,8260,8203,
236.158,8385,8255,8187,
236.165,8393,8245,8195,
236.178,8396,8239,8187,
236.186,8398,8265,8203,
236.198,8387,8239,8195,
236.204,8398,8230,8195,
236.217,8398,8260,8187,
236.226,8412,8252,8192,
236.238,8412,8245,8203,
236.247,8412,8245,8205,
236.257,8420,8224,8195,
236.266,8431,8268,8213,
236.278,8423,8227,8198,
236.286,8450,8093,8185,
236.298,8425,8250,8195,
236.306,8436,8239,8200,
236.317,8431,8242,8203,
236.327,8431,8265,8208,
236.337,8442,8242,8200,
236.348,8450,8250,8200,
236.357,8447,8265,8200,
236.367,8452,8255,8216,
236.38,8471,8217,8205,
236.386,8471,8245,8198,
236.396,8476,8255,8208,
236.406,8484,8250,8200,
236.417,8490,8260,8203,
236.426,8500,8230,8198,
236.435,8509,8239,8205,
236.448,8519,8252,8210,
236.454,8509,8257,8218,
236.467,8514,8222,8218,
236.477,8546,8219,8195,
236.487,8565,8127,8192,
236.497,8553,8165,8198,
236.508,8536,8232,8223,
236.515,8541,8250,8203,
236.526,8556,8224,8221,
236.536,8549,8242,8221,
236.548,8556,8227,8208,
236.557,8570,8219,8221,
236.566,8573,8237,8223,
236.578,8586,8242,8218,
236.584,8581,8214,8226,
236.598,8584,8230,8223,
236.606,8594,8212,8221,
236.618,8586,8230,8228,
236.627,8594,8212,8216,
236.635,8603,8219,8218,
236.646,8603,8222,8221,
236.656,8611,8242,8231,
236.668,8603,8204,8218,
236.675,8622,8199,8223,
236.684,8639,8142,8195,
236.696,8611,8199,8208,
236.707,8597,8214,8218,
236.715,8600,8217,8218,
236.726,8608,8219,8223,
236.736,8608,8212,8228,
236.746,8605,8217,8226,
236.757,8608,8219,8216,
236.764,8611,8219,8218,
236.775,8622,8224,8226,
236.785,8616,8227,8226,
236.799,8616,8217,8223,
236.806,8630,8217,8228,
236.815,8635,8224,8231,
236.825,8639,8227,8226,
236.838,8642,8214,8235,
236.844,8661,8217,8243,
236.855,8659,8212,8238,
236.867,8672,8201,8231,
236.875,8713,8212,8226,
236.885,8745,8170,8205,
236.899,8707,8168,8228,
236.905,8699,8201,8248,
236.916,8697,8214,8243,
236.926,8705,8201,8243,
236.936,8702,8204,8248,
236.946,8699,8204,8248,
236.955,8707,8204,8243,
236.967,8716,8206,8246,
236.974,8707,8201,8246,
236.986,8710,8209,8254,
236.995,8713,8196,8246,
237.006,8710,8196,8246,
237.015,8716,8201,8246,
237.025,8710,8201,8241,
237.035,8705,8199,8235,
237.046,8705,8201,8238,
237.054,8699,8204,8235,
237.065,8699,8206,8248,
237.075,8727,8206,8238,
237.087,8756,8186,8205,
237.095,8716,8181,8235,
237.106,8699,8206,8241,
237.117,8686,8204,8238,
237.126,8686,8206,8235,
237.134,8683,8201,8238,
237.146,8689,8206,8243,
237.156,8694,8206,8243,
237.167,8691,8206,8241,
237.176,8699,8214,8246,
237.187,8697,8201,8246,
237.197,8697,8209,8246,
237.206,8702,8209,8246,
237.215,8710,8201,8241,
237.223,8705,8196,8241,
237.235,8702,8206,8246,
237.246,8697,8204,8251,
237.256,8707,8206,8246,
237.266,8707,8209,8235,
237.274,8750,8199,8223,
237.285,8769,8181,8198,
237.297,8733,8183,8226,
237.306,8691,8199,8241,
237.315,8694,8209,8248,
237.325,8689,8206,8241,
237.335,8689,8199,8238,
237.347,8691,8206,8248,
237.354,8691,8204,8246,
237.368,8691,8204,8238,
237.375,8697,8204,8238,
237.385,8697,8209,8248,
237.396,8697,8204,8241,
237.407,8705,8209,8243,
237.416,8689,8201,8243,
237.424,8689,8206,8241,
237.437,8689,8199,8248,
237.445,8691,8204,8243,
237.455,8691,8199,8246,
237.465,8697,8212,8231,
237.475,8730,8191,8221,
237.485,8753,8181,8203,
237.495,8705,8155,8231,
237.504,8691,8209,8243,
237.515,8689,8193,8243,
237.524,8683,8204,8243,
237.537,8689,8209,8228,
237.546,8675,8206,8254,
237.555,8680,8206,8241,
237.564,8683,8196,8241,
237.575,8689,8201,8246,
237.584,8680,8206,8246,
237.596,8678,8206,8243,
237.605,8683,8206,8235,
237.616,8675,8199,8241,
237.624,8683,8201,8243,
237.634,8678,8204,8238,
237.643,8680,8212,8228,
237.655,8678,8201,8241,
237.666,8686,8214,8246,
237.673,8725,8191,8221,
237.685,8730,8161,8198,
237.693,8697,8196,8228,
237.706,8670,8212,8243,
237.716,8670,8199,8231,
237.726,8670,8204,8238,
237.733,8672,8196,8241,
237.744,8672,8209,8241,
237.756,8670,8204,8241,
237.766,8675,8204,8241,
237.775,8670,8206,8231,
237.784,8680,8204,8246,
237.793,8678,8214,8243,
237.804,8678,8219,8243,
237.814,8675,8214,8238,
237.824,8675,8217,8235,
237.835,8661,8209,8248,
237.846,8675,8196,8228,
237.856,8686,8212,8238,
237.865,8678,8214,8243,
237.877,8710,8199,8223,
237.884,8736,8186,8210,
237.896,8691,8214,8231,
237.905,8678,8212,8238,
237.913,8680,8199,8243,
237.922,8667,8209,8243,
237.935,8667,8212,8241,
237.944,8659,8201,8235,
237.956,8675,8206,8241,
237.964,8670,8214,8228,
237.974,8664,8217,8238,
237.984,8664,8212,8231,
237.993,8653,8206,8238,
238.004,8661,8212,8243,
238.016,8659,8204,8231,
238.025,8661,8212,8243,
238.033,8659,8214,8241,
238.044,8670,8204,8243,
238.053,8661,8204,8226,
238.064,8678,8214,8238,
238.076,8699,8196,8210,
238.083,8705,8206,8208,
238.096,8670,8165,8218,
238.107,8656,8199,8235,
238.114,8650,8209,8243,
238.123,8644,8209,8235,
238.135,8639,8201,8238,
238.143,8650,8219,8235,
238.155,8656,8204,8238,
238.163,8647,8209,8231,
238.172,8656,8219,8238,
238.185,8639,8204,8235,
238.193,8644,8204,8243,
238.203,8659,8214,8235,
238.215,8656,8209,8235,
238.224,8661,8214,8238,
238.234,8653,8201,8238,
238.243,8653,8214,8235,
238.255,8653,8217,8238,
238.265,8647,8206,8238,
238.273,8672,8212,8213,
238.284,8694,8173,8200,
238.293,8650,8155,8221,
238.304,8630,8206,8228,
238.316,8630,8212,8235,
238.325,8632,8212,8235,
238.332,8632,8212,8235,
238.344,8624,8212,8238,
238.354,8632,8209,8228,
238.363,8642,8196,8231,
238.374,8639,8214,8226,
238.382,8635,8212,8235,
238.393,8639,8219,8238,
238.404,8639,8212,8235,
238.415,8630,8209,8241,
238.424,8642,8214,8235,
238.432,8642,8209,8238,
238.443,8650,8219,8238,
238.454,8630,8209,8228,
238.466,8632,8222,8241,
238.472,8661,8214,8221,
238.485,8678,8170,8205,
238.494,8659,8196,8221,
238.503,8635,8217,8235,
238.511,8627,8201,8238,
238.524,8616,8206,8223,
238.535,8630,8214,8235,
238.543,8635,8214,8235,
238.553,8635,8219,8223,
238.563,8632,8209,8223,
238.574,8622,8219,8228,
238.583,8635,8222,8228,
238.593,8635,8222,8228,
238.602,8630,8206,8221,
238.612,8630,8227,8243,
238.623,8632,8212,8238,
238.633,8632,8222,8226,
238.642,8635,8224,8228,
238.651,8627,8214,8228,
238.665,8639,8219,8223,
238.673,8667,8201,8210,
238.683,8675,8175,8195,
238.696,8630,8183,8223,
238.705,8627,8219,8231,
238.713,8619,8212,8226,
238.721,8624,8206,8228,
238.732,8622,8219,8235,
238.745,8624,8214,8226,
238.753,8627,8209,8226,
238.761,8627,8219,8238,
238.774,8630,8212,8243,
238.783,8630,8214,8235,
238.793,8627,8222,8238,
238.802,8627,8219,8235,
238.812,8622,8206,8231,
238.822,8627,8222,8228,
238.832,8627,8206,8228,
238.844,8624,8217,8235,
238.852,8622,8212,8241,
238.861,8624,8214,8228,
238.874,8647,8206,8228,
238.882,8670,8178,8200,
238.893,8639,8201,8231,
238.904,8632,8222,8228,
238.914,8622,8222,8241,
238.924,8616,8214,8231,
238.93,8619,8209,8228,
238.942,8622,8214,8226,
238.954,8622,8212,8238,
238.962,8624,8217,8231,
238.972,8632,8217,8235,
238.985,8622,8214,8231,
238.994,8624,8214,8221,
239.002,8619,8206,8226,
239.01,8622,8222,8243,
239.021,8622,8214,8223,
239.033,8616,8212,8235,
239.042,8624,8219,8223,
239.052,8613,8217,8216,
239.062,8619,8224,8241,
239.072,8632,8212,8210,
239.087,8656,8178,8205,
239.095,8627,8159,8216,
239.104,8616,8209,8226,
239.113,8622,8214,8226,
239.121,8613,8212,8221,
239.132,8616,8214,8235,
239.141,8616,8214,8231,
239.152,8613,8217,8231,
239.164,8619,8219,8226,
239.173,8616,8206,8231,
239.183,8619,8212,8228,
239.192,8616,8217,8235,
239.203,8613,8219,8238,
239.213,8616,8219,8228,
239.221,8613,8222,8228,
239.231,8608,8217,8218,
239.242,8605,8214,8228,
239.253,8622,8224,8228,
239.263,8608,8214,8228,
239.272,8635,8230,8213,
239.282,8653,8201,8195,
239.292,8624,8183,8223,
239.302,8616,8217,8228,
239.311,8611,8217,8221,
239.321,8613,8222,8226,
239.333,8603,8209,8226,
239.344,8592,8209,8221,
239.354,8603,8212,8228,
239.364,8611,8214,8226,
239.37,8611,8222,8223,
239.383,8603,8214,8218,
239.392,8597,8227,8243,
239.401,8611,8227,8228,
239.41,8616,8227,8226,
239.423,8608,8227,8221,
239.433,8611,8219,8228,
239.442,8605,8217,8228,
239.453,8603,8219,8235,
239.462,8611,8217,8238,
239.474,8627,8206,8205,
239.482,8647,8186,8190,
239.492,8611,8201,8226,
239.503,8608,8227,8231,
239.512,8613,8209,8235,
239.522,8605,8214,8231,
239.53,8605,8206,8226,
239.542,8603,8214,8228,
239.55,8605,8212,8218,
239.561,8600,8212,8223,
239.571,8594,8224,8231,
239.582,8594,8222,8223,
239.594,8611,8224,8235,
239.603,8608,8230,8218,
239.613,8600,8237,8228,
239.622,8600,8214,8216,
239.631,8608,8224,8228,
239.642,8616,8222,8235,
239.652,8605,8230,8228,
239.661,8622,8245,8228,
239.672,8644,8212,8216,
239.683,8639,8165,8198,
239.692,8608,8191,8221,
239.702,8600,8219,8231,
239.711,8603,8230,8226,
239.721,8605,8219,8231,
239.732,8592,8214,8221,
239.741,8589,8219,8221,
239.753,8594,8219,8226,
239.761,8603,8222,8221,
239.773,8600,8217,8226,
239.78,8605,8217,8223,
239.79,8608,8214,8226,
239.801,8603,8219,8228,
239.81,8597,8219,8226,
239.82,8603,8206,8223,
239.831,8600,8219,8223,
239.842,8605,8230,8223,
239.851,8603,8219,8223,
239.862,8603,8219,8216,
239.872,8632,8209,8203,
239.881,8639,8165,8200,
239.892,8603,8178,8213,
239.904,8600,8217,8223,
239.911,8594,8222,8221,
239.921,8592,8217,8218,
239.931,8584,8217,8223,
239.941,8589,8224,8218,
239.952,8592,8217,8226,
239.96,8597,8224,8223,
239.971,8603,8209,8216,
239.983,8600,8209,8221,
239.991,8597,8219,8228,
240.001,8597,8212,8223,
240.012,8600,8214,8226,
240.021,8594,8222,8226,
240.031,8603,8219,8226,
240.04,8603,8222,8228,
240.052,8605,8212,8226,
240.061,8597,8214,8228,
240.073,8616,8201,8218,
240.083,8639,8168,8192,
240.092,8608,8181,8218,
240.104,8605,8222,8221,
240.113,8597,8212,8213,
240.122,8605,8224,8226,
240.131,8594,8212,8226,
240.141,8603,8219,8221,
240.152,8586,8219,8235,
240.163,8594,8217,8216,
240.171,8597,8219,8213,
240.181,8600,8222,8226,
240.193,8592,8227,8228,
240.203,8603,8217,8218,
240.211,8592,8217,8223,
240.222,8586,8217,8221,
240.232,8592,8217,8218,
240.243,8597,8224,8226,
240.25,8600,8222,8226,
240.259,8608,8217,8228,
240.274,8611,8206,8221,
240.282,8639,8161,8208,
240.292,8605,8204,8226,
240.299,8597,8227,8218,
240.313,8600,8217,8226,
240.323,8592,8217,8226,
240.332,8594,8212,8221,
240.341,8597,8224,8221,
240.351,8586,8217,8226,
240.359,8594,8224,8226,
240.372,8594,8224,8216,
240.38,8597,8214,8226,
240.39,8586,8219,8231,
240.402,8603,8224,8208,
240.411,8592,8199,8221,
240.42,8594,8219,8223,
240.432,8594,8214,8228,
240.44,8603,8222,8226,
240.452,8597,8224,8226,
240.461,8589,8222,8216,
240.47,8616,8206,8210,
240.48,8635,8196,8192,
240.493,8608,8217,8210,
240.503,8597,8232,8226,
240.511,8592,8209,8221,
240.52,8589,8209,8223,
240.531,8589,8204,8226,
240.541,8586,8224,8235,
240.55,8592,8214,8221,
240.56,8597,8193,8216,
240.569,8581,8219,8231,
240.581,8589,8219,8231,
240.59,8584,8217,8218,
240.601,8589,8214,8221,
240.611,8594,8227,8228,
240.62,8586,8219,8231,
240.631,8594,8219,8228,
240.641,8597,8217,8228,
240.65,8584,8222,8226,
240.663,8600,8214,8223,
240.673,8611,8214,8210,
240.682,8622,8119,8198,
240.69,8586,8204,8218,
240.704,8594,8219,8221,
240.711,8581,8224,8210,
240.719,8581,8222,8223,
240.728,8573,8224,8228,
240.742,8567,8224,8221,
240.751,8570,8222,8218,
240.76,8584,8237,8223,
240.772,8565,8227,8216,
240.781,8576,8224,8221,
240.791,8578,8222,8218,
240.801,8576,8222,8228,
240.813,8581,8227,8226,
240.82,8570,8217,8221,
240.833,8573,8219,8226,
240.842,8586,8227,8218,
240.851,8581,8212,8223,
240.863,8567,8212,8218,
240.872,8600,8222,8210,
240.881,8608,8150,8187,
240.891,8584,8209,8208,
240.901,8584,8214,8223,
240.911,8567,8217,8235,
240.921,8584,8227,8210,
240.93,8570,8204,8218,
240.94,8584,8209,8218,
240.95,8573,8214,8223,
240.96,8576,8230,8228,
240.97,8581,8209,8216,
240.979,8581,8217,8221,
240.992,8576,8217,8221,
241,8576,8204,8216,
241.011,8584,8217,8218,
241.021,8581,8224,8208,
241.031,8581,8214,8221,
241.041,8584,8217,8213,
241.051,8581,8239,8226,
241.059,8576,8227,8218,
241.071,8603,8201,8213,
241.08,8619,8193,8198,
241.091,8584,8204,8216,
241.099,8584,8219,8226,
241.111,8573,8224,8231,
241.119,8567,8219,8223,
241.13,8565,8212,8218,
241.14,8581,8217,8221,
241.151,8581,8230,8221,
241.159,8576,8222,8221,
241.17,8584,8219,8205,
241.179,8584,8219,8221,
241.189,8586,8222,8216,
241.201,8570,8214,8223,
241.21,8576,8217,8213,
241.22,8589,8204,8210,
241.229,8589,8230,8221,
241.241,8576,8242,8216,
241.249,8581,8222,8226,
241.259,8562,8232,8221,
241.27,8594,8219,8208,
241.281,8619,8159,8195,
241.288,8592,8188,8218,
241.3,8578,8237,8213,
241.308,8570,8206,8213,
241.32,8567,8219,8216,
241.329,8573,8217,8228,
241.341,8567,8224,8216,
241.348,8558,8222,8210,
241.358,8565,8227,8223,
241.369,8576,8224,8218,
241.381,8581,8230,8221,
241.388,8581,8224,8218,
241.398,8576,8232,8223,
241.409,8578,8222,8216,
241.418,8581,8222,8228,
241.429,8576,8219,8213,
241.44,8573,8219,8228,
241.449,8584,8232,8226,
241.46,8578,8232,8213,
241.471,8589,8209,8205,
241.478,8616,8193,8198,
241.487,8589,8196,8218,
241.499,8578,8212,8213,
241.509,8565,8224,8235,
241.518,8567,8224,8216,
241.529,8567,8222,8226,
241.538,8565,8230,8226,
241.55,8573,8230,8223,
241.56,8573,8230,8221,
241.57,8570,8219,8228,
241.579,8578,8224,8205,
241.587,8584,8212,8221,
241.601,8573,8206,8218,
241.609,8576,8237,8231,
241.62,8578,8232,8221,
241.628,8573,8219,8213,
241.642,8578,8222,8226,
241.648,8570,8214,8216,
241.659,8573,8214,8223,
241.671,8578,8214,8210,
241.679,8608,8150,8192,
241.69,8589,8209,8218,
241.7,8565,8227,8218,
241.71,8573,8227,8216,
241.718,8567,8227,8218,
241.728,8565,8224,8221,
241.737,8573,8219,8216,
241.747,8567,8227,8216,
241.759,8576,8214,8223,
241.767,8581,8217,8216,
241.781,8553,8222,8221,
241.789,8567,8222,8216,
241.798,8578,8217,8213,
241.808,8565,8232,8216,
241.819,8573,8224,8218,
241.83,8565,8214,8226,
241.839,8565,8222,8223,
241.85,8578,8219,8221,
241.859,8576,8232,8221,
241.868,8584,8214,8213,
241.878,8603,8178,8195,
241.888,8576,8224,8221,
241.899,8570,8237,8226,
241.908,8570,8219,8216,
241.917,8567,8219,8231,
241.927,8562,8224,8218,
241.938,8556,8206,8218,
241.95,8567,8224,8226,
241.959,8576,8230,8221,
241.968,8570,8232,8213,
241.979,8570,8219,8223,
241.989,8567,8224,8223,
241.998,8565,8239,8226,
242.009,8567,8204,8216,
242.019,8576,8227,8218,
242.028,8567,8224,8210,
242.037,8565,8219,8208,
242.048,8567,8239,8216,
242.059,8565,8219,8221,
242.07,8592,8217,8218,
242.079,8608,8140,8190,
242.089,8589,8173,8200,
242.099,8562,8222,8223,
242.11,8570,8232,8216,
242.119,8556,8212,8213,
242.127,8567,8214,8216,
242.14,8549,8204,8216,
242.151,8567,8224,8221,
242.16,8567,8232,8221,
242.169,8573,8222,8218,
242.18,8567,8217,8216,
242.19,8570,8227,8223,
242.199,8584,8232,8231,
242.207,8573,8212,8226,
242.218,8558,8214,8223,
242.23,8581,8212,8205,
242.24,8578,8222,8216,
242.249,8573,8227,8228,
242.259,8586,8204,8213,
242.268,8592,8204,8203,
242.28,8605,8178,8187,
242.289,8584,8252,8213,
242.297,8576,8212,8221,
242.308,8576,8232,8218,
242.316,8573,8227,8216,
242.33,8565,8212,8216,
242.34,8570,8230,8223,
242.348,8573,8217,8210,
242.357,8576,8217,8218,
242.37,8578,8242,8226,
242.378,8578,8219,8216,
242.389,8578,8227,8235,
242.4,8581,8237,8223,
242.408,8576,8219,8210,
242.421,8565,8224,8223,
242.43,8573,8214,8213,
242.437,8592,8222,8218,
242.448,8586,8224,8218,
242.459,8584,8227,8213,
242.467,8589,8206,8213,
242.478,8611,8170,8198,
242.489,8589,8153,8208,
242.498,8565,8227,8213,
242.508,8576,8224,8213,
242.518,8573,8214,8218,
242.529,8576,8227,8210,
242.538,8584,8219,8221,
242.548,8576,8214,8213,
242.56,8581,8239,8221,
242.567,8576,8222,8213,
242.579,8573,8227,8218,
242.591,8584,8209,8218,
242.597,8586,8227,8221,
242.609,8586,8209,8205,
242.617,8584,8222,8218,
242.63,8578,8217,8218,
242.639,8581,8222,8221,
242.649,8586,8230,8203,
242.659,8594,8214,8218,
242.669,8619,8201,8200,
242.679,8616,8155,8208,
242.687,8589,8186,8221,
242.698,8589,8227,8221,
242.707,8597,8196,8228,
242.718,8578,8224,8218,
242.728,8594,8219,8223,
242.74,8600,8214,8221,
242.749,8600,8232,8223,
242.758,8616,8237,8228,
242.767,8605,8204,8223,
242.777,8605,8227,8226,
242.789,8605,8224,8226,
242.797,8597,8217,8226,
242.808,8605,8227,8210,
242.818,8594,8204,8226,
242.829,8594,8237,8223,
242.837,8600,8209,8216,
242.847,8603,8222,8218,
242.859,8600,8222,8218,
242.867,8624,8217,8216,
242.877,8616,8127,8203,
242.889,8589,8186,8213,
242.898,8578,8209,8221,
242.906,8584,8219,8231,
242.918,8594,8230,8228,
242.929,8576,8201,8221,
242.936,8603,8227,8221,
242.948,8586,8206,8228,
242.956,8589,8204,8216,
242.969,8594,8230,8223,
242.977,8605,8212,8218,
242.989,8594,8214,8226,
242.997,8597,8224,8221,
243.008,8586,8217,8223,
243.016,8600,8217,8226,
243.026,8600,8224,8226,
243.038,8584,8227,8223,
243.048,8597,8214,8216,
243.059,8594,8222,8221,
243.068,8608,8212,8210,
243.078,8632,8170,8192,
243.088,8594,8170,8213,
243.097,8594,8217,8213,
243.108,8597,8214,8218,
243.118,8578,8237,8221,
243.127,8592,8214,8221,
243.138,8581,8201,8221,
243.148,8584,8212,8221,
243.158,8584,8206,8216,
243.168,8586,8232,8235,
243.179,8578,8227,8216,
243.19,8586,8212,8218,
243.198,8578,8217,8223,
243.209,8584,8212,8221,
243.217,8589,8227,8228,
243.227,8592,8242,8223,
243.235,8589,8232,8223,
243.248,8584,8212,8221,
243.257,8584,8227,8210,
243.269,8600,8214,8195,
243.277,8616,8135,8200,
243.288,8589,8217,8221,
243.295,8570,8227,8216,
243.308,8584,8237,8223,
243.316,8570,8232,8218,
243.326,8584,8214,8223,
243.337,8578,8212,8223,
243.347,8584,8224,8226,
243.357,8573,8212,8221,
243.368,8570,8214,8226,
243.378,8570,8217,8228,
243.388,8576,8224,8226,
243.397,8565,8227,8228,
243.406,8578,8219,8216,
243.416,8581,8219,8221,
243.427,8567,8222,8223,
243.436,8576,8232,8216,
243.444,8584,8219,8221,
243.456,8586,8227,8210,
243.468,8605,8214,8203,
243.48,8611,8150,8198,
243.487,8589,8206,8213,
243.497,8565,8242,8216,
243.507,8576,8219,8223,
243.518,8565,8232,8221,
243.527,8562,8224,8218,
243.536,8567,8212,8216,
243.546,8570,8224,8226,
243.557,8576,8214,8208,
243.567,8578,8219,8223,
243.577,8556,8227,8231,
243.589,8570,8212,8223,
243.597,8567,8212,8223,
243.607,8581,8224,8226,
243.615,8576,8227,8216,
243.626,8578,8232,8226,
243.636,8576,8224,8221,
243.647,8558,8212,8216,
243.655,8573,8217,8221,
243.666,8581,8222,8210,
243.675,8589,8129,8195,
243.686,8570,8183,8213,
243.695,8558,8239,8216,
243.705,8562,8212,8223,
243.717,8573,8230,8228,
243.726,8562,8214,8213,
243.737,8562,8209,8221,
243.745,8558,8209,8226,
243.756,8558,8232,8223,
243.767,8567,8224,8208,
243.779,8562,8232,8228,
243.786,8565,8212,8213,
243.796,8565,8224,8210,
243.806,8576,8217,8228,
243.817,8565,8232,8216,
243.826,8576,8219,8216,
243.836,8565,8227,8216,
243.848,8573,8239,8226,
243.857,8567,8212,8221,
243.866,8589,8219,8200,
243.876,8597,8165,8200,
243.884,8567,8155,8213,
243.895,8549,8217,8218,
243.906,8556,8250,8223,
243.917,8546,8217,8210,
243.927,8562,8219,8216,
243.934,8562,8222,8228,
243.947,8567,8217,8226,
243.956,8565,8230,8223,
243.967,8567,8219,8216,
243.975,8556,8230,8203,
243.986,8573,8222,8223,
243.997,8565,8239,8218,
244.007,8556,8230,8235,
244.017,8565,8230,8216,
244.027,8573,8252,8223,
244.035,8578,8247,8213,
244.045,8573,8227,8216,
244.056,8565,8224,8218,
244.068,8576,8209,8195,
244.081,8605,8142,8192,
244.086,8576,8153,8200,
244.096,8565,8224,8213,
244.107,8562,8219,8210,
244.116,8553,8230,8208,
244.126,8553,8224,8223,
244.138,8546,8224,8213,
244.147,8556,8212,8208,
244.157,8553,8227,8221,
244.165,8567,8245,8228,
244.173,8565,8227,8216,
244.186,8558,8214,8226,
244.197,8570,8245,8223,
244.207,8570,8232,8216,
244.215,8578,8227,8218,
244.225,8562,8227,8226,
244.234,8556,8250,8216,
244.245,8567,8227,8218,
244.256,8567,8237,8221,
244.265,8576,8206,8216,
244.275,8603,8140,8192,
244.286,8570,8263,8218,
244.294,8556,8217,8213,
244.306,8553,8209,8208,
244.315,8570,8232,8218,
244.325,8558,8209,8213,
244.336,8553,8219,8210,
244.346,8541,8239,8223,
244.354,8553,8217,8221,
244.367,8562,8219,8216,
244.375,8556,8237,8218,
244.387,8556,8217,8218,
244.396,8556,8242,8221,
244.405,8544,8230,8216,
244.418,8546,8227,8218,
244.426,8556,8232,8223,
244.435,8553,8227,8208,
244.446,8562,8222,8221,
244.456,8549,8224,8221,
244.465,8558,8204,8192,
244.476,8592,8165,8195,
244.486,8562,8242,8218,
244.497,8556,8237,8218,
244.506,8544,8219,8216,
244.515,8546,8214,8221,
244.525,8556,8224,8213,
244.537,8562,8230,8216,
244.547,8556,8230,8218,
244.556,8565,8230,8218,
244.566,8573,8209,8231,
244.576,8556,8219,8213,
244.585,8556,8247,8213,
244.593,8567,8224,8216,
244.606,8558,8227,8231,
244.617,8573,8245,8226,
244.627,8546,8227,8218,
244.635,8570,8230,8218,
244.644,8558,8237,8221,
244.654,8570,8227,8221,
244.666,8584,8209,8205,
244.676,8589,8135,8190,
244.686,8581,8227,8221,
244.696,8549,8219,8226,
244.706,8562,8222,8210,
244.715,8538,8217,8221,
244.724,8553,8212,8213,
244.735,8553,8219,8221,
244.746,8562,8227,8216,
244.755,8562,8217,8210,
244.764,8573,8237,8226,
244.777,8558,8227,8223,
244.785,8553,8237,8221,
244.794,8567,8224,8221,
244.806,8567,8217,8216,
244.814,8556,8217,8216,
244.825,8573,8242,8216,
244.833,8562,8232,8208,
244.846,8562,8237,8218,
244.855,8562,8247,8213,
244.864,8573,8237,8203,
244.874,8594,8122,8195,
244.884,8576,8232,8213,
244.894,8544,8212,8213,
244.903,8544,8232,8205,
244.916,8562,8219,8216,
244.923,8556,8217,8208,
244.935,8556,8245,8226,
244.943,8556,8227,8218,
244.954,8562,8224,8216,
244.966,8562,8227,8213,
244.973,8565,8222,8221,
244.985,8565,8237,8226,
244.994,8556,8227,8221,
245.005,8556,8214,8213,
245.014,8567,8232,8213,
245.025,8558,8230,8221,
245.035,8562,8252,8228,
245.046,8570,8237,8216,
245.056,8570,8227,8210,
245.065,8578,8217,8218,
245.074,8603,8161,8192,
245.084,8576,8239,8210,
245.095,8562,8232,8226,
245.104,8549,8227,8216,
245.116,8558,8222,8213,
245.122,8546,8232,8218,
245.136,8556,8230,8221,
245.144,8558,8209,8213,
245.153,8562,8232,8226,
245.163,8562,8242,8223,
245.174,8565,8247,8223,
245.185,8567,8242,8205,
245.194,8562,8219,8223,
245.204,8567,8219,8223,
245.215,8565,8230,8216,
245.226,8573,8242,8221,
245.234,8567,8252,8226,
245.245,8549,8219,8216,
245.255,8565,8239,8231,
245.265,8578,8204,8203,
245.274,8592,8161,8200,
245.283,8573,8196,8213,
245.294,8562,8224,8218,
245.304,8558,8227,8218,
245.322,8553,8227,8216,
245.323,8549,8224,8205,
245.334,8546,8224,8205,
245.344,8556,8227,8218,
245.355,8567,8237,8213,
245.363,8558,8222,8213,
245.374,8562,8230,8216,
245.383,8558,8230,8210,
245.394,8549,8217,8223,
245.403,8562,8212,8210,
245.413,8556,8232,8218,
245.425,8567,8224,8210,
245.433,8565,8230,8223,
245.444,8556,8217,8221,
245.453,8553,8232,8221,
245.464,8570,8217,8203,
245.474,8594,8173,8192,
245.485,8573,8217,8216,
245.494,8553,8224,8210,
245.505,8549,8237,8223,
245.514,8541,8219,8218,
245.526,8544,8242,8216,
245.534,8553,8239,8228,
245.544,8553,8222,8223,
245.555,8549,8224,8213,
245.566,8546,8237,8223,
245.573,8556,8222,8216,
245.586,8541,8224,8218,
245.595,8562,8230,8216,
245.604,8549,8237,8216,
245.615,8549,8219,8216,
245.623,8570,8227,8228,
245.634,8546,8214,8218,
245.644,8549,8227,8221,
245.654,8565,8214,8216,
245.663,8578,8204,8208,
245.672,8586,8137,8195,
245.683,8558,8206,8210,
245.694,8553,8217,8216,
245.704,8546,8219,8226,
245.714,8544,8214,8218,
245.725,8556,8212,8210,
245.733,8549,8237,8218,
245.744,8553,8230,8208,
245.754,8558,8222,8221,
245.762,8562,8214,8221,
245.774,8553,8222,8213,
245.785,8544,8222,8216,
245.794,8565,8224,8221,
245.803,8570,8245,8213,
245.813,8565,8224,8208,
245.824,8556,8239,8216,
245.833,8565,8217,8218,
245.842,8556,8237,8228,
245.854,8562,8219,8208,
245.864,8576,8219,8190,
245.872,8594,8168,8198,
245.883,8576,8145,8208,
245.894,8553,8232,8226,
245.903,8562,8227,8210,
245.913,8565,8222,8218,
245.922,8562,8237,8210,
245.932,8556,8224,8216,
245.944,8553,8224,8210,
245.953,8567,8237,8216,
245.962,8567,8212,8210,
245.974,8567,8217,8213,
245.984,8567,8212,8213,
245.994,8562,8224,8223,
246.007,8562,8222,8223,
246.013,8565,8219,8213,
246.025,8565,8222,8221,
246.032,8558,8224,8210,
246.044,8567,8247,8213,
246.055,8567,8224,8218,
246.066,8576,8230,8208,
246.076,8597,8170,8198,
246.084,8567,8199,8221,
246.093,8558,8224,8223,
246.104,8556,8219,8216,
246.114,8562,8224,8218,
246.125,8556,8227,8210,
246.134,8558,8222,8213,
246.143,8570,8217,8210,
246.152,8573,8224,8210,
246.165,8565,8230,8213,
246.174,8567,8224,8221,
246.184,8578,8242,8213,
246.192,8570,8214,8216,
246.201,8562,8212,8221,
246.213,8562,8239,8228,
246.223,8573,8237,8205,
246.232,8553,8227,8226,
246.243,8556,8237,8216,
246.255,8538,8242,8218,
246.264,8567,8222,8208,
246.273,8603,8206,8190,
246.285,8581,8178,8210,
246.294,8565,8214,8216,
246.303,8556,8227,8221,
246.313,8562,8227,8216,
246.323,8553,8230,8223,
246.335,8556,8227,8223,
246.343,8553,8242,8223,
246.354,8556,8245,8213,
246.364,8567,8232,8216,
246.372,8556,8230,8216,
246.384,8553,8250,8221,
246.393,8562,8230,8221,
246.402,8562,8242,8216,
246.413,8567,8224,8210,
246.424,8567,8237,8218,
246.433,8565,8242,8218,
246.442,8567,8227,8226,
246.453,8567,8222,8218,
246.464,8576,8212,8213,
246.472,8589,8175,8187,
246.483,8562,8196,8210,
246.492,8553,8227,8210,
246.502,8556,8214,8221,
246.513,8549,8219,8213,
246.524,8558,8227,8216,
246.53,8553,8206,8226,
246.543,8549,8217,8218,
246.551,8541,8204,8216,
246.562,8525,8214,8205,
246.574,8530,8204,8218,
246.582,8495,8209,8203,
246.593,8361,8168,8190,
246.601,8304,8173,8190,
246.613,8271,8181,8187,
246.621,8260,8175,8182,
246.634,8252,8175,8182,
246.642,8257,8178,8185,
246.652,8265,8170,8190,
246.661,8263,8173,8177,
246.674,8273,8173,8177,
246.683,8283,8173,8177,
246.691,8254,8173,8185,
246.7,8254,8170,8180,
246.711,8254,8173,8182,
246.723,8254,8175,8182,
246.732,8260,8175,8182,
246.742,8260,8175,8182,
246.752,8265,8175,8182,
246.764,8265,8175,8182,
246.773,8268,8175,8182,
246.782,8265,8175,8182,
246.793,8271,8175,8182,
246.802,8268,8175,8185,
246.812,8268,8175,8185,
246.824,8271,8175,8182,
246.833,8268,8175,8185,
246.843,8268,8175,8185,
246.854,8268,8175,8182,
246.862,8273,8175,8182,
246.871,8307,8173,8180,
246.884,8310,8175,8180,
246.893,8276,8173,8185,
246.901,8271,8173,8185,
246.912,8271,8173,8185,
246.923,8268,8175,8182,
246.932,8271,8175,8185,
246.941,8271,8175,8182,
246.952,8273,8175,8182,
246.962,8276,8175,8185,
246.973,8276,8175,8185,
246.982,8276,8175,8182,
246.993,8276,8175,8182,
247.001,8276,8175,8185,
247.013,8276,8175,8185,
247.023,8273,8175,8187,
247.032,8271,8173,8187,
247.045,8271,8173,8187,
247.054,8273,8175,8185,
247.062,8283,8175,8185,
247.072,8323,8175,8177,
247.082,8299,8175,8185,
247.093,8268,8173,8185,
247.101,8268,8175,8187,
247.11,8271,8175,8185,
247.122,8271,8175,8185,
247.131,8268,8175,8182,
247.142,8271,8175,8182,
247.151,8271,8173,8182,
247.162,8268,8175,8185,
247.171,8265,8175,8182,
247.181,8268,8175,8182,
247.191,8265,8175,8182,
247.204,8268,8173,8182,
247.211,8265,8175,8187,
247.222,8265,8173,8185,
247.232,8265,8173,8187,
247.24,8265,8175,8185,
247.252,8265,8175,8185,
247.263,8273,8175,8182,
247.272,8304,8175,8180,
247.282,8304,8175,8182,
247.29,8271,8175,8187,
247.302,8263,8173,8187,
247.312,8263,8173,8185,
247.321,8263,8173,8182,
247.332,8260,8173,8182,
247.344,8254,8175,8182,
247.353,8254,8175,8182,
247.363,8254,8173,8182,
247.371,8252,8175,8182,
247.382,8252,8175,8182,
247.394,8252,8175,8182,
247.403,8249,8175,8182,
247.412,8246,8178,8182,
247.421,8244,8175,8182,
247.431,8244,8175,8180,
247.442,8238,8175,8180,
247.451,8241,8178,8180,
247.461,8241,8178,8180,
247.472,8257,8178,8177,
247.482,8246,8175,8177,
247.492,8227,8175,8177,
247.501,8217,8173,8174,
247.512,8208,8175,8177,
247.521,8203,8175,8180,
247.531,8192,8175,8180,
247.542,8182,8175,8177,
247.553,8174,8175,8177,
247.562,8168,8173,8174,
247.572,8163,8175,8177,
247.581,8136,8178,8177,
247.592,8128,8178,8180,
247.602,8114,8178,8177,
247.61,8097,8181,8177,
247.622,8085,8181,8177,
247.631,8072,8181,8174,
247.64,8058,8178,8174,
247.653,8039,8186,8174,
247.663,7995,8181,8177,
247.67,7959,8186,8180,
247.681,7956,8188,8172,
247.694,7975,8196,8177,
247.702,7964,8193,8174,
247.712,7953,8201,8174,
247.721,7945,8201,8177,
247.733,7940,8196,8177,
247.742,7923,8199,8177,
247.751,7918,8199,8174,
247.762,7915,8206,8172,
247.771,7904,8212,8174,
247.782,7893,8212,8174,
247.791,7884,8199,8174,
247.802,7875,8206,8174,
247.813,7878,8204,8174,
247.821,7867,8206,8177,
247.831,7875,8209,8180,
247.84,7865,8206,8177,
247.851,7854,8209,8177,
247.862,7787,8186,8177,
247.87,7757,8201,8172,
247.881,7784,8206,8182,
247.889,7838,8219,8180,
247.901,7851,8214,8182,
247.91,7865,8222,8180,
247.918,7862,8217,8180,
247.932,7851,8204,8174,
247.942,7862,8214,8172,
247.953,7859,8206,8174,
247.96,7870,8217,8177,
247.971,7848,8219,8174,
247.981,7859,8214,8177,
247.991,7859,8209,8177,
248.004,7865,8217,8172,
248.011,7843,8214,8174,
248.022,7867,8209,8177,
248.033,7854,8204,8177,
248.041,7859,8204,8172,
248.052,7854,8206,8177,
248.061,7818,8193,8172,
248.071,7757,8201,8172,
248.081,7812,8222,8177,
248.091,7840,8214,8172,
248.101,7848,8214,8172,
248.11,7848,8219,8174,
248.121,7851,8214,8177,
248.133,7854,8199,8177,
248.141,7862,8206,8177,
248.151,7840,8214,8174,
248.163,7840,8214,8177,
248.172,7835,8217,8174,
248.18,7829,8224,8174,
248.191,7838,8224,8177,
248.201,7840,8222,8177,
248.21,7840,8209,8174,
248.22,7827,8224,8174,
248.236,7820,8217,8174,
248.239,7835,8217,8177,
248.251,7807,8209,8177,
248.262,7784,8191,8174,
248.272,7699,8188,8169,
248.283,7735,8206,8180,
248.29,7793,8212,8174,
248.301,7812,8212,8172,
248.31,7804,8232,8174,
248.321,7809,8222,8174,
248.331,7812,8219,8177,
248.342,7807,8232,8180,
248.349,7812,8217,8177,
248.361,7824,8224,8180,
248.38,7838,8217,8180,
248.38,7829,8209,8180,
248.389,7832,8214,8177,
248.4,7824,8212,8177,
248.41,7829,8224,8180,
248.421,7838,8217,8180,
248.43,7835,8219,8177,
248.442,7840,8212,8177,
248.451,7840,8209,8174,
248.461,7776,8196,8172,
248.47,7738,8199,8172,
248.48,7793,8219,8177,
248.49,7838,8209,8174,
248.502,7846,8222,8177,
248.512,7854,8209,8177,
248.521,7867,8232,8172,
248.532,7867,8222,8174,
248.541,7862,8204,8174,
248.551,7859,8214,8177,
248.562,7873,8219,8174,
248.57,7859,8212,8174,
248.58,7870,8212,8174,
248.59,7854,8212,8174,
248.6,7854,8209,8174,
248.61,7859,8217,8174,
248.62,7867,8214,8174,
248.629,7870,8219,8174,
248.642,7898,8206,8174,
248.651,7878,8209,8177,
248.659,7854,8191,8180,
248.672,7779,8196,8177,
248.681,7838,8212,8174,
248.689,7878,8212,8180,
248.7,7875,8209,8180,
248.712,7875,8209,8177,
248.72,7884,8209,8180,
248.729,7901,8206,8177,
248.739,7893,8209,8177,
248.751,7898,8206,8180,
248.76,7893,8209,8180,
248.77,7901,8204,8180,
248.778,7901,8209,8177,
248.787,7901,8209,8180,
248.8,7915,8196,8180,
248.809,7909,8201,8180,
248.818,7921,8206,8177,
248.829,7921,8206,8177,
248.841,7929,8206,8180,
248.853,7926,8201,8177,
248.861,7881,8183,8177,
248.869,7848,8191,8180,
248.881,7873,8196,8167,
248.892,7926,8209,8177,
248.9,7942,8193,8177,
248.911,7937,8199,8172,
248.921,7940,8204,8174,
248.93,7940,8201,8177,
248.942,7945,8206,8177,
248.949,7948,8196,8177,
248.959,7948,8199,8174,
248.969,7948,8201,8177,
248.981,7951,8199,8174,
248.989,7945,8199,8177,
248.998,7951,8196,8177,
249.01,7948,8196,8177,
249.019,7959,8196,8177,
249.028,7953,8204,8174,
249.039,7961,8191,8174,
249.05,7970,8199,8174,
249.059,7942,8193,8180,
249.069,7906,8186,8182,
249.08,7940,8201,8180,
249.089,7978,8196,8180,
249.099,7998,8183,8182,
249.111,7991,8191,8177,
249.122,7995,8193,8177,
249.131,8000,8186,8177,
249.14,8003,8191,8177,
249.15,8007,8191,8177,
249.16,8009,8191,8177,
249.17,8012,8193,8177,
249.179,8015,8186,8174,
249.189,8015,8193,8174,
249.198,8012,8193,8174,
249.208,8015,8188,8172,
249.219,8020,8199,8174,
249.229,8031,8186,8177,
249.239,8031,8186,8174,
249.25,8037,8186,8174,
249.26,8028,8181,8177,
249.27,8003,8183,8177,
249.28,8034,8188,8177,
249.291,8064,8186,8180,
249.3,8072,8183,8177,
249.307,8077,8183,8177,
249.319,8088,8178,8177,
249.329,8092,8178,8174,
249.338,8106,8181,8174,
249.349,8117,8181,8174,
249.358,8125,8178,8174,
249.37,8136,8178,8174,
249.378,8144,8175,8177,
249.389,8155,8173,8174,
249.398,8163,8175,8174,
249.408,8171,8173,8174,
249.419,8179,8173,8177,
249.429,8182,8173,8177,
249.441,8188,8173,8174,
249.45,8192,8173,8174,
249.459,8195,8175,8177,
249.468,8230,8161,8172,
249.479,8233,8175,8182,
249.489,8227,8173,8182,
249.499,8235,8175,8182,
249.506,8246,8175,8182,
249.52,8254,8173,8182,
249.529,8265,8173,8185,
249.54,8273,8173,8185,
249.549,8283,8175,8187,
249.558,8288,8175,8187,
249.57,8299,8175,8185,
249.579,8310,8175,8187,
249.588,8320,8175,8190,
249.6,8331,8175,8190,
249.61,8350,8175,8190,
249.619,8366,8173,8192,
249.63,8385,8173,8195,
249.636,8404,8175,8198,
249.649,8423,8175,8200,
249.661,8463,8173,8198,
249.67,8544,8175,8187,
249.678,8511,8175,8210,
249.688,8498,8173,8216,
249.698,8500,8175,8218,
249.708,8517,8173,8216,
249.719,8511,8175,8218,
249.729,8519,8173,8216,
249.739,8519,8173,8218,
249.75,8519,8173,8216,
249.759,8522,8173,8218,
249.768,8517,8173,8218,
249.78,8519,8173,8216,
249.789,8517,8175,8216,
249.798,8522,8175,8213,
249.809,8525,8175,8216,
249.822,8519,8175,8216,
249.829,8522,8175,8216,
249.839,8525,8173,8213,
249.849,8527,8178,8213,
249.858,8576,8173,8200,
249.868,8639,8170,8192,
249.878,8570,8173,8210,
249.889,8517,8173,8213,
249.898,8506,8170,8216,
249.909,8511,8175,8213,
249.921,8503,8178,8213,
249.928,8506,8173,8213,
249.938,8509,8173,8213,
249.948,8503,8173,8213,
249.961,8509,8175,8213,
249.969,8509,8175,8213,
249.979,8500,8173,8210,
249.989,8492,8175,8210,
249.998,8490,8173,8210,
250.009,8487,8175,8210,
250.017,8490,8173,8210,
250.029,8484,8173,8203,
250.041,8484,8173,8210,
250.049,8490,8175,8208,
250.057,8511,8175,8205,
250.068,8592,8175,8195,
250.079,8570,8178,8203,
250.088,8506,8173,8213,
250.1,8500,8178,8205,
250.108,8498,8175,8213,
250.119,8498,8175,8208,
250.13,8492,8175,8208,
250.138,8492,8173,8208,
250.148,8484,8175,8210,
250.157,8479,8175,8208,
250.17,8479,8175,8210,
250.178,8476,8175,8210,
250.188,8473,8173,8210,
250.195,8476,8175,8210,
250.207,8479,8175,8208,
250.219,8476,8173,8210,
250.226,8479,8175,8210,
250.239,8479,8175,8208,
250.248,8481,8175,8208,
250.26,8519,8173,8203,
250.268,8592,8175,8190,
250.278,8549,8178,8203,
250.29,8479,8173,8213,
250.299,8471,8175,8205,
250.306,8455,8173,8205,
250.32,8458,8175,8205,
250.327,8455,8175,8203,
250.338,8452,8175,8205,
250.347,8458,8178,8205,
250.356,8458,8178,8205,
250.368,8455,8175,8205,
250.377,8458,8175,8208,
250.392,8458,8178,8208,
250.397,8458,8175,8205,
250.407,8455,8181,8203,
250.417,8452,8178,8210,
250.428,8447,8173,8203,
250.436,8452,8173,8203,
250.449,8452,8175,8208,
250.457,8479,8173,8203,
250.468,8553,8175,8190,
250.476,8549,8175,8192,
250.487,8476,8173,8213,
250.497,8461,8173,8208,
250.508,8447,8175,8208,
250.516,8447,8175,8208,
250.526,8444,8175,8208,
250.539,8442,8175,8205,
250.547,8444,8178,8208,
250.558,8444,8175,8208,
250.565,8442,8178,8208,
250.577,8442,8178,8208,
250.588,8436,8178,8205,
250.598,8436,8175,8203,
250.608,8433,8178,8203,
250.616,8425,8178,8203,
250.628,8428,8175,8200,
250.635,8423,8173,8203,
250.647,8425,8175,8200,
250.657,8455,8175,8195,
250.668,8538,8175,8185,
250.679,8487,8175,8200,
250.686,8433,8175,8200,
250.697,8423,8173,8200,
250.708,8423,8175,8200,
250.716,8423,8173,8203,
250.727,8423,8175,8200,
250.737,8414,8175,8203,
250.748,8420,8175,8200,
250.756,8414,8173,8198,
250.767,8414,8175,8200,
250.776,8414,8175,8198,
250.787,8409,8173,8200,
250.798,8404,8173,8200,
250.807,8404,8173,8198,
250.817,8401,8175,8198,
250.827,8398,8173,8200,
250.837,8398,8173,8198,
250.849,8396,8175,8198,
250.858,8417,8175,8195,
250.867,8484,8173,8187,
250.877,8436,8175,8200,
250.888,8401,8178,8195,
250.897,8396,8173,8198,
250.907,8390,8175,8198,
250.917,8396,8173,8198,
250.928,8393,8175,8195,
250.939,8390,8175,8198,
250.948,8390,8173,8198,
250.957,8387,8175,8198,
250.968,8385,8175,8195,
250.976,8387,8175,8198,
250.988,8379,8173,8198,
250.997,8377,8175,8195,
251.007,8377,8175,8195,
251.018,8372,8173,8198,
251.027,8377,8173,8195,
251.036,8369,8173,8195,
251.047,8369,8173,8195,
251.057,8393,8175,8190,
251.067,8458,8175,8185,
251.076,8420,8173,8195,
251.087,8372,8175,8195,
251.096,8364,8175,8192,
251.109,8366,8173,8195,
251.117,8361,8175,8198,
251.126,8361,8173,8198,
251.137,8361,8175,8195,
251.146,8358,8175,8195,
251.155,8356,8173,8198,
251.165,8356,8175,8195,
251.177,8356,8175,8195,
251.19,8353,8173,8195,
251.197,8353,8173,8195,
251.205,8347,8173,8192,
251.217,8350,8175,8192,
251.227,8347,8175,8192,
251.236,8347,8175,8192,
251.245,8342,8173,8195,
251.258,8358,8175,8187,
251.267,8412,8173,8180,
251.277,8404,8175,8187,
251.287,8353,8175,8195,
251.297,8334,8175,8190,
251.308,8334,8173,8192,
251.317,8334,8175,8190,
251.327,8334,8175,8190,
251.335,8334,8175,8190,
251.346,8329,8175,8190,
251.357,8331,8173,8190,
251.366,8329,8175,8190,
251.376,8329,8173,8192,
251.386,8326,8175,8190,
251.398,8329,8173,8190,
251.408,8323,8175,8190,
251.417,8320,8175,8190,
251.427,8318,8175,8187,
251.435,8318,8178,8187,
251.447,8320,8175,8187,
251.457,8337,8175,8185,
251.465,8396,8175,8177,
251.476,8387,8175,8190,
251.486,8323,8175,8192,
251.497,8310,8175,8187,
251.507,8307,8173,8190,
251.517,8307,8175,8187,
251.525,8307,8175,8187,
251.537,8304,8173,8187,
251.546,8304,8173,8187,
251.558,8301,8175,8187,
251.566,8299,8173,8187,
251.575,8299,8175,8187,
251.586,8296,8173,8185,
251.598,8293,8175,8185,
251.607,8288,8173,8187,
251.619,8288,8175,8190,
251.625,8288,8175,8187,
251.636,8285,8175,8187,
251.644,8285,8175,8187,
251.655,8293,8175,8185,
251.665,8339,8175,8180,
251.674,8315,8175,8187,
251.686,8283,8175,8187,
251.695,8279,8173,8187,
251.706,8279,8173,8187,
251.717,8279,8173,8187,
251.727,8279,8173,8185,
251.737,8276,8175,8185,
251.747,8271,8175,8185,
251.754,8271,8175,8182,
251.768,8268,8175,8182,
251.777,8268,8175,8182,
251.787,8265,8175,8182,
251.797,8263,8175,8182,
251.804,8260,8175,8182,
251.817,8260,8175,8182,
251.825,8257,8175,8185,
251.835,8254,8175,8185,
251.845,8254,8175,8185,
251.856,8260,8175,8182,
251.866,8283,8175,8180,
251.875,8283,8173,8182,
251.886,8257,8175,8185,
251.894,8249,8173,8180,
251.907,8244,8173,8182,
251.917,8241,8173,8182,
251.924,8238,8173,8182,
251.937,8238,8175,8182,
251.946,8235,8173,8182,
251.957,8235,8175,8182,
251.965,8233,8173,8182,
251.975,8233,8175,8182,
251.984,8227,8173,8182,
251.998,8227,8175,8182,
252.005,8227,8175,8182,
252.015,8225,8175,8180,
252.024,8225,8175,8177,
252.036,8222,8175,8177,
252.045,8222,8175,8177,
252.056,8225,8175,8177,
252.065,8244,8175,8172,
252.076,8230,8175,8177,
252.085,8217,8175,8177,
252.096,8214,8175,8177,
252.104,8214,8173,8177,
252.116,8217,8175,8177,
252.126,8214,8175,8177,
252.138,8214,8175,8177,
252.146,8214,8173,8177,
252.155,8211,8173,8177,
252.166,8208,8175,8177,
252.177,8208,8173,8177,
252.183,8208,8173,8177,
252.197,8206,8173,8177,
252.203,8206,8175,8177,
252.217,8203,8175,8177,
252.223,8203,8175,8177,
252.234,8203,8173,8180,
252.246,8203,8175,8180,
252.256,8206,8175,8177,
252.266,8214,8175,8177,
252.276,8206,8173,8180,
252.286,8198,8173,8177,
252.296,8198,8175,8177,
252.306,8200,8175,8180,
252.313,8198,8175,8177,
252.324,8198,8175,8180,
252.336,8198,8175,8177,
252.347,8195,8175,8177,
252.355,8195,8175,8177,
252.365,8195,8175,8177,
252.374,8195,8175,8177,
252.384,8195,8175,8177,
252.396,8192,8175,8177,
252.404,8192,8175,8177,
252.415,8192,8173,8177,
252.425,8192,8175,8177,
252.433,8188,8175,8174,
252.447,8188,8175,8180,
252.456,8192,8175,8180,
252.466,8198,8181,8177,
252.475,8192,8173,8180,
252.484,8185,8175,8177,
252.495,8185,8175,8177,
252.506,8188,8175,8180,
252.517,8188,8175,8180,
252.527,8185,8175,8180,
252.536,8188,8175,8177,
252.545,8185,8175,8177,
252.554,8185,8175,8177,
252.565,8182,8175,8177,
252.573,8182,8175,8177,
252.583,8185,8175,8174,
252.597,8182,8175,8177,
252.604,8182,8175,8177,
252.613,8182,8175,8174,
252.625,8185,8173,8174,
252.634,8185,8173,8174,
252.645,8182,8173,8177,
252.654,8185,8175,8180,
252.663,8185,8175,8180,
252.673,8188,8173,8177,
252.685,8182,8173,8177,
252.692,8185,8173,8182,
252.704,8182,8175,8177,
252.716,8182,8175,8180,
252.724,8182,8178,8180,
252.736,8179,8178,8177,
252.745,8179,8178,8177,
252.756,8179,8178,8180,
252.766,8179,8178,8180,
252.776,8182,8178,8180,
252.785,8182,8178,8177,
252.796,8182,8175,8177,
252.805,8182,8175,8180,
252.816,8185,8178,8180,
252.823,8185,8178,8180,
252.833,8185,8173,8177,
252.843,8185,8175,8177,
252.856,8185,8175,8177,
252.864,8192,8173,8174,
252.875,8185,8175,8177,
252.886,8185,8178,8177,
252.895,8182,8173,8174,
252.905,8182,8175,8177,
252.914,8182,8175,8174,
252.926,8182,8173,8174,
252.936,8182,8175,8174,
252.945,8179,8175,8177,
252.955,8179,8175,8177,
252.965,8177,8175,8180,
252.974,8177,8175,8177,
252.984,8177,8173,8177,
252.995,8177,8175,8177,
253.006,8177,8173,8177,
253.013,8174,8175,8177,
253.025,8174,8175,8177,
253.036,8168,8175,8177,
253.046,8160,8175,8180,
253.054,8166,8175,8174,
253.066,8155,8175,8177,
253.074,8150,8175,8177,
253.084,8147,8178,8177,
253.095,8136,8173,8174,
253.105,8125,8178,8177,
253.113,8114,8178,8174,
253.123,8106,8178,8177,
253.133,8097,8178,8174,
253.145,8085,8181,8174,
253.155,8069,8183,8174,
253.163,8050,8181,8177,
253.175,8028,8186,8174,
253.184,8000,8188,8177,
253.195,7975,8191,8174,
253.204,7959,8196,8174,
253.213,7937,8204,8174,
253.223,7906,8209,8174,
253.234,7881,8212,8174,
253.244,7851,8209,8177,
253.253,7796,8199,8177,
253.265,7699,8196,8174,
253.274,7743,8222,8174,
253.284,7749,8230,8180,
253.294,7746,8224,8174,
253.305,7743,8212,8177,
253.315,7741,8230,8177,
253.325,7726,8230,8177,
253.332,7718,8227,8174,
253.344,7707,8230,8169,
253.353,7721,8242,8177,
253.364,7705,8227,8177,
253.375,7688,8237,8177,
253.384,7686,8245,8172,
253.392,7694,8247,8177,
253.405,7674,8242,8172,
253.416,7666,8245,8182,
253.425,7655,8242,8177,
253.435,7668,8237,8174,
253.444,7649,8237,8174,
253.456,7574,8227,8180,
253.463,7473,8214,8169,
253.473,7489,8232,8180,
253.484,7594,8255,8177,
253.494,7616,8268,8174,
253.502,7629,8263,8174,
253.514,7611,8255,8174,
253.522,7611,8268,8172,
253.535,7624,8245,8174,
253.543,7597,8252,8174,
253.553,7600,8245,8174,
253.565,7616,8263,8174,
253.574,7605,8260,8174,
253.584,7613,8257,8177,
253.593,7589,8250,8180,
253.602,7581,8250,8174,
253.613,7583,8260,8174,
253.624,7581,8252,8182,
253.634,7586,8268,8167,
253.644,7550,8294,8177,
253.654,7473,8222,8177,
253.663,7356,8217,8169,
253.672,7343,8232,8174,
253.684,7473,8278,8174,
253.692,7495,8273,8174,
253.704,7533,8250,8172,
253.713,7541,8286,8169,
253.721,7508,8286,8180,
253.734,7533,8281,8169,
253.743,7522,8286,8177,
253.754,7506,8257,8174,
253.765,7497,8294,8167,
253.773,7489,8291,8174,
253.783,7522,8294,8174,
253.795,7514,8268,8174,
253.804,7479,8299,8180,
253.811,7473,8268,8185,
253.822,7459,8278,8185,
253.833,7522,8255,8177,
253.842,7441,8263,8177,
253.853,7382,8250,8182,
253.863,7270,8214,8177,
253.873,7270,8252,8174,
253.883,7384,8281,8177,
253.892,7433,8301,8172,
253.903,7476,8273,8169,
253.914,7456,8270,8172,
253.923,7479,8260,8180,
253.931,7495,8273,8174,
253.944,7497,8276,8177,
253.952,7530,8286,8180,
253.961,7495,8286,8174,
253.973,7476,8288,8177,
253.981,7473,8286,8172,
253.992,7473,8283,8177,
254.004,7464,8286,8169,
254.013,7456,8270,8177,
254.022,7479,8268,8177,
254.032,7489,8294,8177,
254.043,7516,8257,8167,
254.054,7420,8250,8167,
254.064,7274,8237,8174,
254.072,7274,8247,8177,
254.082,7420,8283,8180,
254.092,7456,8268,8172,
254.103,7456,8286,8177,
254.111,7444,8286,8172,
254.124,7464,8286,8185,
254.134,7468,8250,8177,
254.143,7489,8310,8177,
254.153,7489,8294,8180,
254.162,7470,8296,8177,
254.172,7497,8286,8177,
254.183,7476,8268,8180,
254.191,7489,8263,8177,
254.203,7487,8278,8172,
254.213,7492,8273,8180,
254.223,7461,8288,8174,
254.233,7506,8268,8172,
254.243,7479,8278,8177,
254.251,7409,8281,8182,
254.262,7252,8222,8174,
254.272,7274,8247,8174,
254.283,7409,8281,8167,
254.293,7449,8270,8180,
254.303,7489,8288,8174,
254.312,7464,8278,8177,
254.322,7461,8294,8177,
254.333,7439,8301,8177,
254.342,7479,8286,8174,
254.352,7476,8301,8180,
254.362,7484,8260,8172,
254.373,7470,8291,8180,
254.382,7492,8286,8169,
254.393,7481,8299,8187,
254.403,7500,8268,8177,
254.412,7506,8260,8177,
254.422,7555,8270,8180,
254.432,7544,8283,8167,
254.442,7461,8273,8172,
254.451,7422,8247,8174,
254.462,7282,8209,8169,
254.471,7366,8255,8177,
254.484,7519,8336,8174,
254.492,7461,8291,8167,
254.5,7503,8301,8174,
254.511,7489,8255,8169,
254.521,7522,8270,8174,
254.53,7525,8276,8169,
254.541,7508,8255,8185,
254.552,7533,8278,8172,
254.564,7492,8283,8174,
254.571,7519,8286,8169,
254.581,7525,8263,8167,
254.593,7541,8265,8177,
254.601,7530,8270,8187,
254.612,7514,8308,8174,
254.622,7530,8232,8172,
254.632,7541,8260,8174,
254.643,7533,8278,8167,
254.651,7506,8245,8169,
254.66,7354,8232,8180,
254.671,7374,8232,8174,
254.681,7495,8255,8177,
254.693,7541,8265,8177,
254.702,7544,8291,8177,
254.713,7535,8247,8177,
254.72,7555,8263,8185,
254.733,7563,8263,8180,
254.744,7574,8278,8177,
254.753,7600,8252,8177,
254.764,7578,8260,8182,
254.771,7586,8250,8177,
254.781,7566,8268,8174,
254.79,7594,8281,8185,
254.801,7602,8247,8174,
254.81,7619,8260,8177,
254.819,7627,8257,8172,
254.83,7621,8252,8174,
254.84,7641,8252,8174,
254.85,7563,8237,8167,
254.862,7464,8217,8180,
254.871,7492,8230,8174,
254.879,7635,8247,8180,
254.89,7647,8260,8180,
254.901,7619,8260,8169,
254.91,7639,8270,8174,
254.921,7639,8239,8182,
254.932,7668,8252,8174,
254.941,7666,8263,8177,
254.951,7658,8245,8180,
254.96,7666,8250,8177,
254.971,7666,8247,8177,
254.982,7699,8245,8174,
254.99,7686,8239,8174,
255.001,7676,8239,8177,
255.012,7710,8237,8174,
255.021,7715,8227,8169,
255.031,7733,8245,8174,
255.04,7738,8227,8177,
255.051,7686,8222,8174,
255.062,7594,8209,8172,
255.072,7627,8214,8177,
255.08,7721,8245,8182,
255.09,7743,8217,8174,
255.099,7746,8222,8174,
255.11,7726,8230,8174,
255.121,7760,8242,8172,
255.132,7738,8227,8177,
255.139,7729,8227,8169,
255.149,7762,8227,8177,
255.161,7773,8219,8182,
255.171,7781,8232,8174,
255.183,7754,8242,8174,
255.189,7754,8230,8174,
255.202,7757,8242,8174,
255.211,7752,8217,8180,
255.22,7752,8230,8180,
255.232,7771,8224,8180,
255.24,7760,8224,8182,
255.251,7746,8209,8172,
255.26,7655,8193,8174,
255.272,7688,8212,8185,
255.28,7784,8237,8180,
255.29,7804,8219,8185,
255.3,7809,8224,8180,
255.311,7838,8219,8177,
255.323,7846,8219,8174,
255.329,7851,8224,8180,
255.34,7867,8209,8177,
255.349,7873,8201,8174,
255.36,7893,8209,8177,
255.37,7912,8204,8174,
255.379,7926,8201,8177,
255.39,7942,8206,8177,
255.4,7953,8196,8174,
255.411,7956,8204,8174,
255.42,7967,8199,8177,
255.431,7988,8188,8174,
255.441,7988,8201,8174,
255.449,7986,8188,8177,
255.459,7956,8178,8174,
255.469,8020,8193,8172,
255.479,8026,8191,8174,
255.49,8039,8188,8174,
255.499,8053,8183,8174,
255.508,8058,8183,8180,
255.519,8066,8186,8177,
255.53,8080,8183,8180,
255.541,8092,8183,8177,
255.551,8097,8181,8180,
255.561,8103,8178,8177,
255.57,8112,8178,8180,
255.581,8114,8181,8177,
255.591,8120,8181,8177,
255.6,8131,8178,8177,
255.61,8141,8175,8177,
255.621,8150,8175,8180,
255.632,8160,8175,8177,
255.64,8168,8175,8177,
255.649,8174,8175,8177,
255.661,8179,8173,8177,
255.672,8185,8175,8180,
255.681,8185,8173,8177,
255.69,8188,8173,8177,
255.698,8206,8178,8177,
255.71,8188,8178,8180,
255.72,8182,8175,8174,
255.731,8177,8175,8174,
255.74,8179,8175,8174,
255.751,8179,8175,8177,
255.761,8179,8175,8177,
255.77,8179,8175,8177,
255.781,8179,8175,8177,
255.791,8177,8173,8174,
255.801,8179,8175,8174,
255.81,8179,8173,8177,
255.821,8179,8175,8177,
255.83,8179,8173,8174,
255.841,8179,8175,8177,
255.85,8179,8175,8177,
255.861,8177,8173,8177,
255.87,8179,8175,8177,
255.881,8177,8175,8177,
255.888,8177,8175,8174,
255.9,8177,8175,8174,
255.909,8177,8175,8174,
255.92,8177,8173,8180,
255.93,8179,8175,8177,
255.939,8177,8175,8177,
255.949,8177,8173,8177,
255.959,8177,8175,8177,
255.97,8177,8175,8177,
255.979,8177,8175,8177,
255.989,8179,8175,8180,
256,8179,8175,8180,
256.008,8174,8175,8177,
256.02,8177,8175,8177,
256.03,8177,8175,8174,
256.039,8177,8175,8174,
256.05,8177,8175,8177,
256.059,8174,8175,8174,
256.069,8174,8175,8177,
256.08,8174,8175,8177,
256.091,8174,8175,8177,
256.1,8174,8175,8174,
256.111,8177,8173,8177,
256.12,8179,8175,8174,
256.13,8177,8173,8177,
256.139,8179,8175,8174,
256.149,8179,8175,8174,
256.161,8179,8173,8177,
256.17,8177,8175,8174,
256.179,8179,8175,8174,
256.189,8179,8175,8174,
256.2,8179,8173,8174,
256.21,8179,8173,8174,
256.22,8177,8175,8177,
256.229,8177,8175,8174,
256.24,8177,8175,8174,
256.25,8177,8175,8174,
256.26,8177,8173,8177,
256.269,8177,8175,8177,
256.28,8174,8175,8177,
256.289,8177,8175,8174,
256.3,8179,8175,8174,
256.31,8177,8173,8174,
256.32,8177,8175,8177,
256.329,8177,8173,8177,
256.341,8174,8175,8177,
256.351,8174,8175,8177,
256.361,8174,8173,8177,
256.37,8177,8175,8177,
256.378,8174,8173,8177,
256.391,8174,8175,8180,
256.399,8174,8173,8180,
256.411,8174,8175,8180,
256.418,8177,8173,8177,
256.427,8177,8175,8174,
256.439,8177,8175,8174,
256.448,8179,8175,8174,
256.457,8179,8175,8174,
256.469,8177,8173,8174,
256.479,8177,8175,8177,
256.489,8179,8173,8174,
256.5,8177,8173,8174,
256.509,8177,8173,8174,
256.52,8177,8175,8174,
256.531,8179,8175,8174,
256.54,8177,8173,8177,
256.547,8177,8175,8174,
256.558,8177,8173,8177,
256.569,8179,8175,8177,
256.579,8177,8175,8174,
256.589,8177,8175,8174,
256.6,8177,8175,8174,
256.609,8177,8175,8174,
256.619,8177,8173,8174,
256.633,8179,8173,8174,
256.639,8177,8175,8177,
256.65,8177,8173,8174,
256.66,8177,8175,8177,
256.669,8177,8175,8174,
256.679,8174,8173,8174,
256.69,8174,8175,8172,
256.7,8174,8175,8174,
256.709,8174,8175,8177,
256.719,8177,8175,8174,
256.729,8177,8175,8174,
256.738,8177,8173,8174,
256.749,8179,8175,8174,
256.758,8179,8175,8177,
256.77,8179,8173,8174,
256.78,8179,8173,8174,
256.789,8177,8175,8174,
256.799,8177,8175,8174,
256.808,8177,8175,8174,
256.818,8179,8175,8177,
256.829,8177,8175,8174,
256.838,8177,8175,8177,
256.85,8177,8175,8174,
256.858,8179,8173,8174,
256.867,8177,8175,8174,
256.878,8179,8175,8177,
256.887,8182,8175,8174,
256.9,8177,8175,8174,
256.909,8177,8173,8177,
256.919,8177,8175,8174,
256.929,8179,8175,8177,
256.94,8177,8175,8174,
256.951,8177,8175,8177,
256.958,8177,8175,8177,
256.969,8179,8173,8180,
256.977,8179,8175,8180,
256.988,8177,8175,8177,
256.998,8179,8175,8177,
257.009,8177,8175,8180,
257.018,8177,8175,8177,
257.028,8177,8175,8177,
257.038,8179,8175,8177,
257.047,8179,8175,8177,
257.057,8174,8173,8174,
257.069,8174,8173,8177,
257.078,8179,8173,8177,
257.087,8179,8173,8177,
257.097,8174,8175,8174,
257.11,8174,8175,8174,
257.12,8174,8175,8177,
257.129,8177,8175,8177,
257.14,8174,8175,8177,
257.151,8174,8175,8177,
257.159,8177,8173,8177,
257.169,8177,8175,8174,
257.178,8179,8175,8174,
257.19,8177,8175,8174,
257.2,8177,8173,8174,
257.209,8177,8173,8174,
257.217,8177,8175,8177,
257.228,8177,8173,8177,
257.238,8177,8178,8174,
257.249,8177,8178,8174,
257.256,8177,8178,8177,
257.268,8174,8178,8180,
257.279,8177,8178,8177,
257.289,8177,8175,8182,
257.298,8174,8178,8180,
257.309,8177,8178,8180,
257.317,8177,8178,8177,
257.328,8174,8178,8177,
257.335,8174,8178,8177,
257.346,8174,8178,8180,
257.357,8174,8175,8174,
257.367,8177,8178,8174,
257.379,8177,8178,8174,
257.389,8179,8178,8174,
257.398,8179,8178,8174,
257.409,8177,8178,8177,
257.418,8177,8178,8177,
257.427,8177,8175,8177,
257.437,8177,8178,8177,
257.448,8179,8175,8177,
257.459,8177,8175,8177,
257.466,8177,8173,8177,
257.476,8179,8175,8177,
257.486,8182,8173,8174,
257.497,8177,8173,8177,
257.506,8179,8175,8177,
257.519,8179,8175,8174,
257.53,8177,8175,8174,
257.537,8177,8175,8174,
257.549,8177,8175,8174,
257.558,8177,8175,8177,
257.567,8177,8175,8177,
257.578,8177,8175,8177,
257.588,8179,8175,8177,
257.597,8179,8173,8177,
257.609,8177,8175,8174,
257.618,8179,8175,8174,
257.629,8177,8175,8174,
257.638,8177,8175,8174,
257.649,8179,8175,8174,
257.657,8177,8181,8177,
257.668,8179,8175,8177,
257.678,8177,8173,8174,
257.689,8174,8175,8177,
257.697,8174,8175,8174,
257.707,8174,8175,8174,
257.716,8174,8175,8177,
257.728,8174,8175,8174,
257.738,8174,8175,8174,
257.747,8174,8175,8174,
257.758,8174,8175,8174,
257.767,8177,8175,8177,
257.778,8174,8175,8177,
257.789,8177,8175,8177,
257.797,8179,8175,8174,
257.808,8177,8175,8177,
257.818,8179,8175,8177,
257.827,8179,8173,8177,
257.839,8177,8175,8177,
257.846,8179,8175,8177,
257.859,8179,8175,8177,
257.867,8179,8175,8180,
257.879,8177,8175,8180,
257.887,8177,8175,8177,
257.897,8179,8175,8177,
257.908,8179,8175,8177,
257.919,8177,8175,8177,
257.929,8179,8175,8177,
257.938,8177,8175,8180,
257.948,8177,8175,8180,
257.959,8179,8175,8177,
257.968,8177,8175,8177,
257.978,8177,8175,8174,
257.986,8177,8175,8174,
257.998,8177,8175,8174,
258.006,8177,8173,8177,
258.017,8177,8175,8174,
258.026,8179,8175,8174,
258.037,8179,8173,8174,
258.048,8179,8175,8174,
258.057,8177,8175,8177,
258.066,8177,8175,8177,
258.077,8179,8175,8177,
258.088,8179,8173,8174,
258.098,8177,8173,8174,
258.106,8177,8173,8174,
258.118,8179,8173,8177,
258.129,8179,8175,8177,
258.137,8179,8175,8174,
258.147,8177,8175,8174,
258.158,8177,8175,8174,
258.169,8179,8175,8174,
258.178,8177,8175,8174,
258.186,8179,8175,8174,
258.197,8179,8175,8177,
258.209,8177,8175,8177,
258.219,8177,8175,8174,
258.228,8177,8175,8177,
258.236,8177,8175,8177,
258.246,8179,8175,8177,
258.257,8177,8175,8177,
258.267,8179,8175,8174,
258.277,8174,8175,8177,
258.288,8179,8175,8177,
258.298,8179,8175,8177,
258.306,8177,8175,8177,
258.316,8179,8175,8180,
258.326,8177,8175,8177,
258.338,8177,8173,8177,
258.347,8177,8175,8177,
258.356,8179,8175,8180,
258.369,8177,8175,8180,
258.377,8177,8175,8174,
258.387,8177,8173,8177,
258.398,8177,8175,8177,
258.407,8177,8173,8174,
258.417,8179,8175,8177,
258.426,8177,8173,8177,
258.438,8177,8173,8174,
258.446,8177,8175,8174,
258.455,8177,8175,8174,
258.466,8177,8175,8177,
258.478,8177,8175,8177,
258.486,8182,8175,8174,
258.497,8179,8173,8174,
258.508,8177,8173,8174,
258.517,8177,8175,8177,
258.528,8177,8175,8174,
258.536,8177,8175,8174,
258.547,8177,8173,8174,
258.557,8179,8175,8174,
258.566,8177,8175,8174,
258.578,8177,8173,8177,
258.588,8179,8175,8177,
258.597,8179,8175,8177,
258.607,8179,8175,8177,
258.618,8177,8175,8180,
258.626,8174,8173,8180,
258.638,8174,8175,8177,
258.648,8174,8175,8180,
258.657,8174,8168,8180,
258.666,8174,8175,8180,
258.676,8174,8175,8177,
258.686,8174,8175,8174,
258.696,8174,8175,8177,
258.705,8177,8175,8174,
258.717,8174,8175,8177,
258.725,8177,8175,8174,
258.737,8177,8175,8174,
258.746,8179,8175,8177,
258.755,8177,8173,8174,
258.768,8177,8175,8174,
258.776,8177,8175,8177,
258.786,8177,8175,8177,
258.797,8177,8175,8177,
258.807,8177,8173,8174,
258.816,8177,8175,8174,
258.827,8177,8173,8174,
258.836,8179,8175,8174,
258.845,8177,8175,8174,
258.857,8177,8175,8177,
258.866,8177,8175,8177,
258.877,8174,8173,8177,
258.886,8177,8173,8174,
258.896,8177,8173,8177,
258.906,8177,8173,8174,
258.918,8177,8175,8174,
258.926,8177,8175,8177,
258.936,8179,8175,8174,
258.947,8179,8175,8174,
258.956,8177,8175,8174,
258.965,8179,8175,8177,
258.976,8177,8175,8174,
258.986,8177,8175,8177,
258.995,8179,8175,8174,
259.007,8179,8175,8174,
259.016,8179,8175,8174,
259.026,8179,8175,8177,
259.036,8179,8175,8174,
259.047,8177,8175,8174,
259.057,8177,8173,8174,
259.067,8177,8175,8177,
259.079,8174,8175,8174,
259.087,8174,8175,8177,
259.095,8174,8175,8180,
259.105,8174,8175,8180,
259.117,8174,8175,8177,
259.126,8174,8173,8180,
259.135,8174,8175,8177,
259.147,8177,8175,8177,
259.155,8177,8175,8180,
259.166,8179,8175,8177,
259.176,8177,8173,8180,
259.187,8177,8175,8177,
259.197,8177,8173,8174,
259.207,8179,8175,8177,
259.214,8177,8175,8174,
259.225,8179,8175,8174,
259.236,8179,8175,8174,
259.246,8177,8175,8174,
259.255,8177,8175,8177,
259.266,8179,8178,8177,
259.276,8177,8175,8177,
259.285,8174,8175,8177,
259.295,8177,8175,8177,
259.307,8177,8173,8174,
259.315,8177,8173,8174,
259.326,8177,8175,8174,
259.336,8177,8175,8174,
259.345,8177,8175,8174,
259.356,8177,8175,8177,
259.365,8177,8175,8177,
259.374,8177,8175,8177,
259.384,8177,8175,8177,
259.395,8177,8173,8174,
259.405,8177,8175,8177,
259.416,8179,8175,8174,
259.425,8179,8175,8174,
259.434,8177,8175,8174,
259.447,8179,8175,8177,
259.457,8177,8173,8174,
259.466,8174,8175,8174,
259.476,8177,8175,8177,
259.486,8174,8173,8180,
259.495,8174,8175,8177,
259.505,8174,8175,8174,
259.514,8174,8173,8174,
259.525,8174,8175,8174,
259.536,8174,8175,8177,
259.546,8177,8175,8177,
259.555,8174,8173,8174,
259.566,8174,8175,8174,
259.575,8174,8173,8174,
259.586,8174,8175,8174,
259.594,8174,8175,8174,
259.604,8174,8175,8177,
259.616,8174,8175,8174,
259.625,8177,8175,8177,
259.634,8174,8175,8174,
259.645,8174,8175,8174,
259.654,8174,8175,8177,
259.664,8177,8175,8174,
259.675,8177,8175,8177,
259.684,8179,8175,8177,
259.695,8177,8175,8177,
259.705,8179,8175,8174,
259.715,8177,8175,8174,
259.724,8179,8173,8174,
259.735,8177,8173,8174,
259.745,8179,8175,8177,
259.756,8177,8175,8177,
259.766,8177,8175,8177,
259.773,8174,8175,8177,
259.785,8174,8175,8174,
259.797,8174,8173,8177,
259.805,8174,8173,8174,
259.814,8174,8175,8177,
259.826,8177,8173,8174,
259.835,8174,8173,8177,
259.844,8174,8175,8177,
259.853,8174,8175,8174,
259.865,8174,8175,8177,
259.877,8179,8175,8177,
259.886,8179,8173,8177,
259.894,8179,8173,8177,
259.904,8177,8175,8174,
259.915,8179,8173,8177,
259.927,8177,8173,8174,
259.935,8177,8175,8174,
259.946,8177,8175,8174,
259.953,8177,8173,8174,
259.965,8177,8175,8174,
259.976,8177,8175,8174,
259.985,8177,8178,8177,
259.995,8177,8175,8174,
260.004,8179,8178,8174,
260.015,8177,8178,8177,
260.024,8177,8178,8174,
260.034,8177,8175,8177,
260.045,8179,8178,8174,
260.054,8177,8175,8177,
260.064,8177,8175,8177,
260.073,8179,8173,8177,
260.085,8179,8175,8177,
260.096,8177,8175,8174,
260.104,8177,8175,8177,
260.115,8177,8173,8174,
260.124,8177,8175,8180,
260.135,8177,8175,8177,
260.145,8177,8175,8177,
260.154,8177,8175,8177,
260.164,8177,8173,8180,
260.173,8179,8175,8180,
260.185,8179,8173,8177,
260.193,8177,8173,8177,
260.205,8177,8175,8180,
260.213,8177,8175,8180,
260.226,8177,8175,8177,
260.233,8179,8173,8174,
260.245,8177,8175,8177,
260.252,8179,8175,8174,
260.263,8177,8175,8174,
260.273,8177,8175,8174,
260.284,8177,8173,8174,
260.294,8177,8175,8174,
260.302,8179,8175,8177,
260.314,8179,8175,8177,
260.323,8177,8175,8177,
260.333,8179,8173,8177,
260.344,8177,8175,8174,
260.355,8177,8175,8177,
260.364,8177,8175,8174,
260.374,8177,8173,8174,
260.383,8177,8175,8174,
260.394,8177,8175,8174,
260.403,8177,8175,8174,
260.415,8174,8175,8174,
260.424,8174,8175,8177,
260.435,8177,8173,8174,
260.444,8177,8173,8177,
260.453,8174,8175,8177,
260.464,8174,8175,8174,
260.473,8174,8175,8180,
260.485,8174,8175,8177,
260.493,8177,8173,8177,
260.503,8177,8175,8177,
260.514,8177,8175,8174,
260.524,8177,8175,8174,
260.532,8177,8175,8180,
260.543,8179,8175,8177,
260.554,8179,8175,8180,
260.565,8177,8175,8180,
260.571,8177,8173,8177,
260.583,8177,8175,8177,
260.592,8177,8175,8177,
260.604,8174,8175,8177,
260.613,8177,8173,8177,
260.623,8174,8175,8180,
260.635,8174,8175,8177,
260.644,8174,8175,8174,
260.654,8171,8175,8174,
260.662,8174,8175,8177,
260.673,8171,8175,8172,
260.682,8174,8175,8177,
260.692,8174,8175,8174,
260.701,8174,8175,8177,
260.711,8177,8175,8177,
260.724,8177,8175,8174,
260.735,8177,8175,8180,
260.742,8177,8175,8177,
260.753,8177,8175,8177,
260.762,8179,8175,8177,
260.775,8177,8173,8180,
260.784,8177,8175,8177,
260.793,8177,8175,8177,
260.802,8177,8173,8180,
260.814,8177,8173,8177,
260.825,8177,8173,8180,
260.834,8177,8175,8180,
260.843,8177,8175,8180,
260.855,8177,8175,8180,
260.865,8177,8175,8177,
260.875,8179,8175,8180,
260.883,8182,8175,8180,
260.893,8177,8175,8180,
260.904,8177,8173,8177,
260.913,8177,8173,8180,
260.925,8177,8175,8180,
260.935,8177,8175,8177,
260.945,8177,8173,8177,
260.955,8177,8175,8180,
260.963,8177,8173,8180,
260.974,8177,8173,8177,
260.985,8177,8175,8180,
260.995,8177,8175,8177,
261.002,8177,8173,8180,
261.013,8177,8175,8177,
261.023,8177,8175,8177,
261.032,8177,8175,8180,
261.041,8177,8175,8177,
261.053,8177,8173,8177,
261.064,8177,8173,8177,
261.074,8171,8175,8174,
261.081,8177,8175,8174,
261.093,8177,8175,8174,
261.103,8179,8173,8177,
261.116,8177,8175,8177,
261.124,8179,8175,8177,
261.132,8177,8173,8174,
261.142,8177,8175,8177,
261.153,8177,8175,8177,
261.163,8177,8175,8177,
261.172,8177,8173,8174,
261.181,8177,8175,8174,
261.191,8177,8173,8174,
261.201,8177,8175,8177,
261.211,8179,8175,8177,
261.222,8177,8175,8174,
261.232,8177,8175,8174,
261.245,8179,8175,8174,
261.256,8177,8175,8177,
261.263,8177,8175,8177,
261.273,8179,8175,8177,
261.284,8179,8173,8174,
261.292,8179,8173,8177,
261.301,8177,8175,8177,
261.314,8179,8173,8177,
261.323,8179,8175,8177,
261.333,8177,8175,8174,
261.342,8177,8175,8177,
261.351,8179,8175,8174,
261.362,8177,8175,8174,
261.374,8177,8175,8177,
261.382,8177,8175,8177,
261.392,8177,8175,8177,
261.404,8177,8173,8174,
261.412,8177,8173,8174,
261.425,8177,8175,8174,
261.435,8177,8175,8174,
261.443,8177,8173,8174,
261.454,8174,8173,8174,
261.465,8174,8175,8177,
261.471,8177,8178,8172,
261.483,8177,8175,8177,
261.493,8177,8173,8177,
261.503,8174,8173,8177,
261.513,8174,8175,8177,
261.523,8174,8175,8177,
261.533,8174,8175,8177,
261.544,8174,8175,8174,
261.551,8177,8173,8177,
261.563,8177,8175,8177,
261.573,8177,8175,8177,
261.583,8177,8175,8174,
261.593,8177,8175,8174,
261.603,8177,8175,8174,
261.613,8177,8175,8174,
261.623,8179,8175,8174,
261.633,8177,8175,8174,
261.642,8177,8175,8177,
261.652,8179,8175,8177,
261.662,8177,8175,8177,
261.672,8177,8175,8177,
261.684,8177,8175,8177,
261.693,8177,8175,8177,
261.701,8177,8175,8174,
261.712,8179,8175,8174,
261.722,8177,8175,8174,
261.731,8177,8175,8174,
261.742,8177,8175,8174,
261.753,8179,8175,8174,
261.763,8177,8175,8177,
261.77,8177,8175,8174,
261.782,8179,8175,8177,
261.791,8177,8173,8174,
261.802,8177,8175,8174,
261.811,8177,8173,8174,
261.822,8179,8173,8174,
261.834,8177,8175,8177,
261.842,8177,8175,8174,
261.852,8177,8175,8177,
261.862,8179,8175,8180,
261.872,8177,8175,8177,
261.881,8179,8173,8180,
261.893,8179,8175,8177,
261.903,8177,8175,8177,
261.912,8179,8175,8177,
261.923,8179,8175,8177,
261.932,8177,8175,8180,
261.941,8177,8175,8177,
261.952,8177,8178,8180,
261.963,8179,8178,8177,
261.973,8177,8178,8177,
261.983,8177,8178,8174,
261.993,8177,8175,8174,
262.002,8179,8178,8174,
262.01,8177,8175,8174,
262.021,8179,8178,8177,
262.032,8179,8178,8174,
262.041,8177,8178,8177,
262.052,8177,8175,8174,
262.062,8177,8175,8177,
262.071,8174,8173,8177,
262.08,8174,8175,8177,
262.092,8174,8173,8177,
262.101,8174,8175,8174,
262.111,8174,8173,8177,
262.12,8174,8175,8174,
262.131,8174,8175,8177,
262.142,8177,8175,8174,
262.153,8174,8175,8174,
262.162,8174,8175,8174,
262.173,8177,8173,8174,
262.183,8177,8175,8177,
262.192,8177,8175,8174,
262.201,8177,8173,8174,
262.212,8177,8175,8177,
262.222,8177,8175,8177,
262.232,8177,8175,8174,
262.239,8177,8175,8177,
262.251,8179,8173,8174,
262.263,8177,8175,8177,
262.272,8177,8173,8177,
262.282,8177,8175,8174,
262.293,8179,8173,8174,
262.303,8177,8175,8174,
262.311,8179,8173,8174,
262.322,8179,8175,8174,
262.331,8179,8173,8174,
262.341,8179,8175,8177,
262.354,8177,8173,8174,
262.361,8179,8173,8174,
262.372,8179,8173,8174,
262.383,8179,8173,8177,
262.392,8177,8175,8177,
262.401,8177,8173,8174,
262.411,8177,8175,8177,
262.423,8177,8175,8177,
262.431,8177,8175,8174,
262.443,8179,8175,8177,
262.453,8177,8175,8177,
262.462,8179,8175,8174,
262.471,8177,8175,8177,
262.482,8177,8173,8174,
262.49,8177,8175,8174,
262.502,8177,8173,8174,
262.511,8177,8173,8177,
262.523,8177,8175,8174,
262.532,8177,8175,8174,
262.542,8177,8175,8174,
262.552,8179,8173,8174,
262.562,8177,8175,8177,
262.573,8177,8175,8174,
262.581,8179,8173,8177,
262.59,8177,8175,8174,
262.601,8177,8173,8177,
262.613,8177,8173,8174,
262.62,8179,8175,8174,
262.629,8179,8175,8174,
262.641,8177,8173,8177,
262.65,8179,8173,8174,
262.662,8177,8175,8177,
262.671,8177,8175,8174,
262.68,8177,8175,8174,
262.691,8177,8178,8174,
262.702,8174,8178,8174,
262.711,8174,8175,8174,
262.72,8177,8178,8174,
262.731,8174,8178,8174,
262.742,8174,8178,8174,
262.753,8174,8178,8174,
262.76,8177,8178,8177,
262.771,8177,8178,8174,
262.78,8177,8178,8177,
262.788,8174,8175,8177,
262.801,8174,8175,8177,
262.809,8174,8175,8174,
262.822,8174,8175,8177,
262.832,8174,8175,8174,
262.84,8177,8175,8174,
262.851,8174,8175,8177,
262.861,8174,8173,8177,
262.872,8174,8173,8180,
262.879,8179,8170,8174,
262.892,8177,8173,8174,
262.899,8179,8175,8177,
262.91,8177,8175,8177,
262.92,8179,8175,8174,
262.93,8179,8175,8174,
262.941,8177,8175,8174,
262.951,8179,8175,8174,
262.961,8177,8175,8177,
262.971,8179,8175,8177,
262.98,8177,8175,8174,
262.991,8177,8175,8174,
263.001,8177,8175,8177,
263.011,8177,8175,8177,
263.019,8177,8175,8177,
263.03,8179,8175,8174,
263.042,8179,8175,8174,
263.051,8177,8175,8174,
263.062,8179,8175,8177,
263.072,8177,8175,8174,
263.08,8177,8173,8177,
263.09,8177,8175,8177,
263.1,8179,8175,8180,
263.112,8179,8175,8180,
263.123,8179,8175,8180,
263.131,8177,8173,8180,
263.141,8177,8175,8177,
263.149,8177,8175,8180,
263.16,8177,8173,8177,
263.169,8177,8175,8180,
263.181,8177,8175,8177,
263.19,8177,8175,8177,
263.201,8177,8175,8177,
263.21,8177,8175,8174,
263.221,8177,8175,8177,
263.229,8177,8175,8177,
263.24,8177,8175,8174,
263.251,8177,8175,8174,
263.259,8177,8175,8174,
263.27,8179,8175,8177,
263.281,8179,8175,8180,
263.291,8179,8175,8174,
263.3,8177,8175,8177,
263.309,8177,8175,8174,
263.319,8179,8175,8174,
263.329,8179,8175,8174,
263.339,8179,8175,8174,
263.349,8177,8175,8177,
263.361,8177,8175,8177,
263.372,8177,8173,8177,
263.382,8177,8175,8174,
263.388,8177,8175,8177,
263.402,8179,8175,8177,
263.409,8177,8175,8177,
263.421,8177,8175,8177,
263.429,8179,8175,8177,
263.439,8179,8175,8177,
263.454,8179,8175,8177,
263.459,8177,8175,8177,
263.469,8179,8175,8177,
263.48,8179,8175,8177,
263.489,8179,8173,8177,
263.501,8177,8175,8174,
263.51,8177,8175,8177,
263.519,8177,8175,8177,
263.53,8177,8175,8177,
263.54,8177,8173,8177,
263.549,8177,8173,8174,
263.559,8177,8175,8177,
263.571,8179,8175,8177,
263.582,8177,8175,8174,
263.589,8177,8173,8174,
263.598,8177,8175,8177,
263.611,8177,8175,8174,
263.62,8177,8173,8177,
263.63,8179,8178,8174,
263.641,8177,8178,8174,
263.65,8177,8178,8177,
263.659,8177,8178,8174,
263.67,8177,8178,8174,
263.68,8179,8175,8174,
263.689,8177,8178,8177,
263.7,8177,8178,8174,
263.708,8177,8178,8177,
263.721,8177,8175,8174,
263.73,8177,8178,8177,
263.739,8174,8175,8174,
263.752,8174,8173,8174,
263.76,8174,8173,8177,
263.77,8177,8175,8174,
263.779,8174,8173,8177,
263.79,8174,8175,8174,
263.799,8174,8175,8174,
263.809,8174,8175,8174,
263.82,8174,8175,8177,
263.828,8177,8175,8177,
263.841,8177,8175,8177,
263.848,8171,8175,8177,
263.86,8174,8175,8177,
263.869,8177,8175,8177,
263.881,8177,8175,8174,
263.889,8177,8175,8174,
263.9,8174,8173,8174,
263.91,8174,8175,8180,
263.919,8174,8175,8177,
263.928,8174,8175,8177,
263.937,8174,8175,8180,
263.95,8174,8175,8177,
263.96,8177,8175,8177,
263.97,8174,8175,8177,
263.979,8177,8175,8180,
263.988,8174,8175,8177,
263.998,8174,8175,8180,
264.01,8174,8175,8177,
264.019,8174,8175,8177,
264.028,8174,8175,8177,
264.04,8177,8175,8174,
264.049,8177,8175,8177,
264.058,8177,8175,8177,
264.067,8174,8175,8174,
264.079,8174,8175,8174,
264.091,8177,8175,8177,
264.101,8179,8175,8177,
264.109,8177,8173,8177,
264.118,8177,8175,8177,
264.13,8177,8175,8174,
264.139,8177,8175,8174,
264.148,8177,8175,8177,
264.157,8177,8175,8174,
264.169,8177,8175,8177,
264.178,8177,8175,8177,
264.189,8177,8175,8177,
264.2,8179,8175,8174,
264.207,8177,8175,8174,
264.219,8179,8175,8177,
264.229,8177,8175,8180,
264.237,8179,8175,8177,
264.246,8177,8175,8180,
264.258,8177,8175,8180,
264.27,8171,8175,8180,
264.278,8174,8175,8180,
264.289,8174,8175,8180,
264.3,8174,8175,8180,
264.309,8177,8175,8177,
264.319,8177,8175,8177,
264.329,8174,8175,8174,
264.337,8174,8175,8177,
264.348,8174,8175,8177,
264.359,8174,8175,8174,
264.368,8177,8175,8174,
264.378,8174,8175,8177,
264.389,8174,8175,8177,
264.399,8174,8175,8174,
264.408,8174,8175,8177,
264.417,8177,8175,8177,
264.428,8174,8175,8177,
264.439,8177,8175,8174,
264.449,8174,8173,8174,
264.458,8174,8175,8177,
264.47,8174,8173,8177,
264.48,8174,8173,8177,
264.489,8177,8175,8177,
264.498,8174,8175,8174,
264.509,8174,8175,8174,
264.521,8174,8173,8177,
264.529,8174,8175,8174,
264.54,8174,8175,8174,
264.549,8177,8175,8177,
264.556,8177,8175,8174,
264.568,8174,8175,8177,
264.577,8179,8173,8177,
264.586,8177,8175,8177,
264.599,8177,8175,8177,
264.607,8179,8175,8177,
264.62,8177,8175,8177,
264.628,8177,8175,8174,
264.639,8177,8175,8177,
264.648,8174,8175,8174,
264.66,8177,8175,8177,
264.67,8177,8175,8174,
264.677,8179,8175,8172,
264.69,8179,8175,8177,
264.699,8177,8175,8174,
264.707,8177,8175,8174,
264.72,8177,8175,8174,
264.726,8177,8175,8177,
264.737,8177,8175,8177,
264.749,8177,8175,8180,
264.757,8177,8175,8180,
264.766,8179,8175,8180,
264.778,8179,8175,8174,
264.788,8177,8173,8180,
264.798,8177,8175,8180,
264.807,8177,8175,8180,
264.819,8177,8175,8177,
264.828,8179,8175,8177,
264.838,8179,8175,8177,
264.847,8177,8173,8177,
264.859,8177,8175,8177,
264.868,8177,8175,8174,
264.877,8179,8175,8174,
264.888,8177,8175,8177,
264.896,8177,8175,8174,
264.908,8177,8175,8174,
264.919,8177,8175,8177,
264.927,8174,8175,8174,
264.939,8174,8175,8177,
264.947,8174,8175,8177,
264.958,8177,8175,8177,
264.967,8177,8175,8180,
264.977,8174,8175,8180,
264.988,8177,8175,8177,
264.997,8179,8173,8177,
265.006,8177,8175,8177,
265.017,8177,8175,8177,
265.028,8177,8175,8180,
265.038,8177,8175,8180,
265.047,8177,8173,8180,
265.057,8177,8178,8177,
265.066,8177,8175,8180,
265.079,8179,8175,8177,
265.087,8177,8175,8177,
265.099,8179,8175,8177,
265.106,8177,8175,8180,
265.117,8179,8175,8177,
265.128,8177,8175,8177,
265.136,8179,8175,8177,
265.148,8177,8175,8174,
265.158,8177,8175,8174,
265.169,8179,8175,8174,
265.176,8179,8175,8174,
265.187,8179,8175,8174,
265.198,8177,8175,8174,
265.208,8177,8175,8174,
265.218,8177,8175,8174,
265.227,8177,8175,8174,
265.237,8174,8175,8174,
265.248,8174,8175,8174,
265.257,8174,8175,8174,
265.267,8171,8173,8174,
265.278,8177,8175,8172,
265.286,8174,8175,8177,
265.297,8174,8175,8174,
265.308,8174,8175,8174,
265.316,8174,8175,8174,
265.327,8174,8175,8174,
265.338,8174,8175,8174,
265.347,8174,8175,8174,
265.356,8174,8175,8177,
265.369,8177,8175,8174,
265.378,8177,8175,8174,
265.387,8177,8175,8177,
265.397,8177,8175,8174,
265.407,8174,8175,8174,
265.417,8174,8175,8174,
265.428,8177,8175,8174,
265.437,8174,8175,8174,
265.446,8174,8173,8174,
265.458,8177,8175,8177,
265.469,8174,8178,8177,
265.477,8174,8178,8172,
265.486,8174,8175,8174,
265.498,8174,8175,8174,
265.507,8174,8175,8174,
265.516,8174,8175,8174,
265.528,8174,8175,8177,
265.539,8174,8175,8174,
265.548,8177,8175,8174,
265.557,8174,8175,8177,
265.565,8174,8175,8174,
265.575,8174,8175,8174,
265.586,8174,8175,8174,
265.598,8174,8175,8174,
265.607,8174,8175,8174,
265.616,8177,8175,8174,
265.627,8177,8175,8177,
265.638,8177,8175,8174,
265.646,8179,8175,8174,
265.658,8179,8173,8177,
265.666,8177,8175,8177,
265.678,8177,8175,8174,
265.688,8177,8175,8177,
265.699,8179,8175,8174,
265.708,8179,8175,8177,
265.718,8177,8175,8177,
265.728,8177,8175,8177,
265.736,8177,8175,8174,
265.746,8177,8173,8177,
265.757,8179,8175,8177,
265.768,8177,8175,8177,
265.775,8177,8175,8177,
265.785,8177,8175,8174,
265.798,8177,8175,8174,
265.808,8177,8175,8177,
265.816,8177,8175,8174,
265.828,8177,8175,8177,
265.839,8177,8175,8174,
265.846,8177,8178,8174,
265.856,8179,8175,8177,
265.867,8174,8175,8177,
265.876,8177,8173,8177,
265.888,8177,8175,8174,
265.898,8177,8173,8174,
265.906,8177,8175,8174,
265.918,8177,8175,8177,
265.928,8177,8175,8177,
265.937,8177,8175,8174,
265.946,8177,8175,8177,
265.957,8177,8175,8177,
265.968,8177,8175,8174,
265.978,8179,8175,8174,
265.988,8179,8173,8177,
265.998,8179,8175,8177,
266.007,8179,8175,8174,
266.016,8177,8175,8174,
266.027,8179,8175,8174,
266.035,8179,8175,8174,
266.049,8177,8175,8174,
266.057,8179,8175,8174,
266.067,8177,8175,8177,
266.078,8179,8173,8172,
266.087,8177,8175,8174,
266.095,8179,8175,8174,
266.107,8177,8175,8174,
266.117,8177,8175,8174,
266.127,8177,8175,8177,
266.139,8179,8175,8177,
266.149,8177,8173,8174,
266.158,8177,8175,8177,
266.167,8177,8173,8174,
266.177,8177,8175,8174,
266.187,8177,8175,8177,
266.198,8177,8173,8174,
266.205,8179,8175,8174,
266.216,8177,8175,8177,
266.228,8177,8175,8174,
266.237,8179,8175,8174,
266.247,8174,8175,8177,
266.257,8177,8175,8177,
266.268,8174,8175,8174,
266.278,8174,8175,8177,
266.286,8177,8175,8174,
266.297,8174,8175,8174,
266.307,8174,8175,8177,
266.316,8174,8175,8177,
266.325,8174,8175,8177,
266.335,8174,8175,8174,
266.345,8174,8175,8177,
266.355,8179,8173,8177,
266.366,8177,8173,8177,
266.375,8179,8175,8174,
266.386,8179,8173,8174,
266.397,8179,8175,8177,
266.406,8179,8173,8174,
266.417,8179,8175,8174,
266.425,8179,8175,8177,
266.437,8179,8175,8177,
266.448,8179,8175,8174,
266.455,8174,8178,8177,
266.465,8177,8175,8177,
266.476,8177,8178,8177,
266.486,8177,8175,8177,
266.496,8174,8175,8174,
266.504,8174,8175,8174,
266.516,8177,8175,8174,
266.527,8174,8173,8177,
266.537,8174,8173,8177,
266.544,8177,8175,8174,
266.556,8179,8175,8174,
266.567,8179,8175,8177,
266.574,8177,8175,8174,
266.585,8179,8175,8174,
266.596,8177,8175,8177,
266.607,8179,8175,8174,
266.616,8179,8173,8174,
266.624,8179,8175,8174,
266.636,8179,8175,8177,
266.647,8177,8175,8174,
266.654,8177,8175,8177,
266.663,8177,8175,8177,
266.676,8174,8173,8177,
266.687,8177,8173,8174,
266.697,8174,8173,8174,
266.707,8174,8175,8174,
266.714,8174,8175,8174,
266.726,8174,8175,8174,
266.736,8177,8175,8174,
266.747,8174,8175,8177,
266.755,8174,8175,8174,
266.765,8177,8175,8174,
266.777,8179,8175,8174,
266.786,8177,8175,8174,
266.797,8179,8175,8174,
266.805,8177,8173,8177,
266.815,8177,8175,8174,
266.827,8177,8173,8177,
266.834,8179,8175,8177,
266.845,8177,8175,8174,
266.856,8177,8175,8172,
266.867,8179,8175,8180,
266.877,8177,8175,8174,
266.884,8177,8178,8177,
266.896,8174,8175,8177,
266.907,8174,8175,8180,
266.914,8174,8175,8177,
266.924,8174,8175,8177,
266.935,8174,8175,8177,
266.947,8177,8175,8180,
266.955,8174,8175,8180,
266.965,8174,8175,8180,
266.974,8179,8175,8177,
266.985,8177,8175,8177,
266.993,8179,8175,8174,
267.003,8179,8175,8177,
267.013,8177,8175,8177,
267.022,8179,8175,8177,
267.034,8177,8173,8174,
267.046,8174,8175,8174,
267.053,8177,8175,8174,
267.062,8182,8173,8174,
267.074,8179,8175,8180,
267.086,8179,8173,8177,
267.095,8177,8175,8177,
267.104,8177,8175,8177,
267.115,8177,8175,8177,
267.125,8177,8175,8177,
267.135,8177,8175,8177,
267.147,8177,8175,8180,
267.157,8179,8175,8177,
267.165,8177,8175,8180,
267.176,8177,8175,8177,
267.185,8177,8175,8180,
267.194,8174,8175,8177,
267.206,8177,8173,8174,
267.217,8177,8173,8174,
267.223,8174,8175,8177,
267.236,8177,8175,8174,
267.244,8177,8173,8174,
267.256,8174,8175,8174,
267.266,8171,8175,8174,
267.275,8174,8175,8177,
267.283,8174,8175,8174,
267.295,8177,8175,8174,
267.304,8177,8175,8177,
267.315,8179,8175,8177,
267.325,8177,8175,8174,
267.333,8179,8173,8177,
267.346,8179,8175,8174,
267.354,8177,8175,8174,
267.366,8177,8175,8174,
267.376,8177,8175,8174,
267.385,8177,8175,8174,
267.392,8177,8175,8177,
267.403,8177,8175,8180,
267.415,8177,8175,8180,
267.424,8177,8175,8177,
267.433,8179,8173,8180,
267.444,8177,8173,8177,
267.454,8177,8175,8180,
267.462,8177,8173,8180,
267.473,8177,8175,8180,
267.483,8177,8175,8177,
267.494,8179,8173,8177,
267.504,8179,8173,8177,
267.515,8177,8173,8177,
267.525,8177,8175,8177,
267.534,8177,8175,8177,
267.546,8177,8175,8177,
267.553,8177,8175,8177,
267.562,8177,8175,8177,
267.572,8177,8175,8177,
267.584,8179,8175,8177,
267.595,8177,8173,8177,
267.604,8177,8175,8174,
267.616,8177,8175,8174,
267.623,8177,8175,8177,
267.634,8177,8175,8174,
267.644,8177,8175,8177,
267.653,8177,8175,8174,
267.663,8182,8175,8174,
267.674,8182,8175,8177,
267.684,8179,8175,8177,
267.692,8177,8175,8174,
267.704,8177,8175,8177,
267.712,8177,8175,8174,
267.724,8177,8175,8174,
267.734,8177,8175,8174,
267.743,8177,8175,8177,
267.753,8177,8175,8177,
267.764,8177,8175,8174,
267.773,8177,8175,8174,
267.784,8177,8175,8174,
267.794,8177,8175,8174,
267.804,8177,8173,8177,
267.813,8177,8175,8177,
267.822,8177,8175,8174,
267.833,8177,8175,8177,
267.843,8177,8175,8177,
267.854,8177,8175,8174,
267.862,8174,8175,8174,
267.874,8179,8173,8177,
267.883,8179,8175,8174,
267.894,8179,8175,8174,
267.903,8179,8175,8174,
267.914,8177,8175,8174,
267.923,8174,8175,8174,
267.935,8177,8175,8177,
267.944,8174,8175,8174,
267.954,8177,8175,8174,
267.964,8174,8175,8174,
267.974,8174,8175,8177,
267.983,8174,8175,8174,
267.992,8179,8175,8177,
268.006,8185,8173,8174,
268.012,8206,8175,8177,
268.026,8219,8183,8177,
268.032,8263,8173,8187,
268.044,8393,8175,8182,
268.054,8506,8173,8195,
268.066,8500,8175,8213,
268.075,8503,8173,8216,
268.082,8544,8173,8218,
268.095,8586,8175,8226,
268.103,8611,8175,8228,
268.114,8627,8178,8228,
268.122,8644,8178,8228,
268.132,8656,8175,8235,
268.142,8661,8173,8243,
268.155,8667,8175,8238,
268.161,8670,8173,8238,
268.175,8675,8173,8235,
268.185,8664,8170,8238,
268.194,8659,8175,8243,
268.203,8661,8173,8241,
268.216,8661,8173,8238,
268.223,8670,8175,8235,
268.233,8733,8175,8210,
268.242,8804,8178,8205,
268.252,8727,8175,8238,
268.263,8680,8175,8228,
268.273,8650,8178,8231,
268.283,8659,8175,8235,
268.292,8644,8175,8241,
268.304,8644,8173,8231,
268.313,8642,8173,8241,
268.325,8632,8173,8228,
268.333,8632,8175,8228,
268.343,8627,8175,8235,
268.355,8627,8175,8231,
268.364,8624,8175,8223,
268.374,8632,8173,8235,
268.382,8622,8175,8231,
268.395,8624,8175,8231,
268.425,8622,8170,8238,
268.426,8622,8178,8228,
268.426,8627,8175,8228,
268.432,8686,8173,8226,
268.442,8764,8175,8216,
268.451,8710,8175,8221,
268.461,8656,8173,8241,
268.471,8632,8175,8231,
268.483,8619,8175,8231,
268.492,8611,8175,8235,
268.505,8613,8175,8231,
268.512,8613,8173,8235,
268.523,8613,8178,8228,
268.532,8613,8173,8231,
268.543,8611,8178,8228,
268.55,8613,8173,8226,
268.562,8605,8173,8231,
268.571,8613,8178,8223,
268.583,8613,8178,8231,
268.59,8603,8175,8231,
268.6,8603,8178,8226,
268.614,8600,8170,8231,
268.624,8605,8178,8226,
268.634,8642,8178,8221,
268.64,8756,8175,8200,
268.651,8680,8175,8226,
268.663,8622,8175,8235,
268.673,8600,8175,8231,
268.682,8594,8173,8228,
268.693,8589,8175,8223,
268.705,8597,8175,8226,
268.71,8592,8175,8231,
268.72,8600,8175,8228,
268.733,8603,8175,8231,
268.743,8603,8175,8228,
268.752,8592,8175,8226,
268.763,8594,8175,8226,
268.772,8594,8175,8226,
268.783,8592,8175,8226,
268.793,8592,8175,8228,
268.803,8586,8178,8223,
268.812,8586,8178,8223,
268.821,8586,8173,8228,
268.83,8642,8175,8210,
268.842,8769,8175,8190,
268.851,8697,8175,8221,
268.863,8611,8173,8228,
268.871,8594,8175,8226,
268.881,8586,8175,8231,
268.893,8586,8173,8226,
268.901,8578,8175,8223,
268.913,8581,8173,8228,
268.924,8576,8173,8221,
268.932,8576,8181,8228,
268.944,8573,8173,8228,
268.955,8567,8175,8231,
268.963,8562,8175,8226,
268.973,8573,8175,8226,
268.983,8570,8175,8226,
268.991,8565,8173,8231,
269.002,8565,8175,8226,
269.013,8570,8170,8226,
269.022,8578,8175,8218,
269.03,8659,8175,8203,
269.044,8774,8175,8190,
269.053,8769,8175,8192,
269.061,8616,8175,8231,
269.073,8581,8175,8221,
269.084,8562,8175,8218,
269.092,8546,8175,8223,
269.104,8544,8175,8221,
269.11,8546,8175,8218,
269.122,8544,8175,8218,
269.132,8546,8170,8221,
269.141,8544,8175,8221,
269.151,8546,8173,8221,
269.162,8541,8173,8218,
269.172,8541,8173,8216,
269.18,8533,8175,8218,
269.192,8527,8173,8218,
269.2,8525,8175,8218,
269.215,8522,8175,8218,
269.22,8530,8175,8208,
269.232,8589,8173,8205,
269.241,8713,8178,8187,
269.253,8647,8175,8213,
269.263,8549,8173,8221,
269.273,8538,8175,8213,
269.282,8527,8175,8218,
269.292,8525,8175,8226,
269.302,8522,8175,8218,
269.312,8525,8175,8218,
269.321,8530,8175,8216,
269.331,8522,8178,8213,
269.34,8519,8173,8213,
269.35,8519,8178,8213,
269.36,8519,8178,8213,
269.372,8517,8175,8216,
269.381,8506,8175,8210,
269.39,8509,8175,8213,
269.403,8506,8173,8216,
269.412,8506,8175,8210,
269.421,8511,8175,8213,
269.45,8544,8178,8203,
269.455,8653,8175,8187,
269.455,8584,8175,8210,
269.461,8517,8175,8213,
269.472,8500,8175,8205,
269.482,8484,8175,8208,
269.49,8484,8175,8210,
269.504,8481,8173,8210,
269.512,8479,8173,8210,
269.519,8476,8175,8213,
269.532,8479,8173,8210,
269.543,8481,8175,8210,
269.553,8476,8175,8205,
269.561,8479,8173,8208,
269.572,8476,8173,8210,
269.583,8479,8175,8205,
269.592,8481,8175,8205,
269.601,8481,8175,8205,
269.611,8479,8175,8210,
269.621,8487,8175,8205,
269.631,8544,8173,8198,
269.643,8650,8175,8185,
269.651,8661,8175,8185,
269.662,8546,8175,8213,
269.671,8495,8175,8213,
269.681,8481,8175,8210,
269.688,8479,8175,8210,
269.7,8479,8173,8208,
269.712,8476,8178,8208,
269.723,8476,8175,8210,
269.733,8473,8175,8210,
269.742,8476,8175,8205,
269.752,8476,8175,8208,
269.761,8473,8173,8210,
269.77,8471,8173,8208,
269.779,8473,8175,8205,
269.79,8476,8175,8205,
269.801,8471,8175,8205,
269.811,8461,8173,8208,
269.819,8476,8175,8205,
269.831,8511,8173,8198,
269.843,8624,8173,8185,
269.85,8622,8175,8198,
269.86,8522,8175,8208,
269.871,8481,8178,8208,
269.881,8463,8175,8208,
269.892,8458,8175,8208,
269.901,8458,8175,8205,
269.911,8455,8175,8208,
269.923,8452,8175,8205,
269.932,8455,8175,8205,
269.942,8452,8173,8205,
269.95,8450,8175,8205,
269.962,8447,8175,8205,
269.97,8447,8170,8205,
269.98,8450,8175,8208,
269.991,8450,8175,8205,
270.001,8450,8175,8205,
270.012,8450,8175,8205,
270.021,8455,8175,8208,
270.03,8479,8175,8203,
270.039,8558,8175,8190,
270.049,8553,8175,8200,
270.062,8481,8175,8208,
270.072,8461,8175,8208,
270.082,8455,8175,8203,
270.091,8455,8173,8208,
270.102,8450,8173,8208,
270.112,8450,8175,8203,
270.118,8444,8173,8205,
270.129,8439,8175,8203,
270.141,8439,8175,8205,
270.151,8439,8173,8203,
270.161,8433,8175,8205,
270.168,8433,8175,8203,
270.181,8431,8175,8203,
270.191,8428,8173,8203,
270.203,8428,8173,8203,
270.212,8425,8173,8205,
270.222,8428,8175,8203,
270.228,8447,8175,8198,
270.241,8533,8173,8185,
270.252,8495,8175,8198,
270.26,8439,8175,8200,
270.27,8423,8175,8203,
270.28,8417,8175,8203,
270.292,8420,8173,8200,
270.3,8417,8173,8203,
270.31,8417,8175,8200,
270.322,8417,8175,8200,
270.33,8417,8175,8203,
270.338,8414,8173,8200,
270.35,8417,8175,8200,
270.362,8412,8175,8203,
270.369,8412,8175,8200,
270.381,8412,8175,8200,
270.39,8404,8173,8200,
270.401,8406,8173,8203,
270.411,8404,8175,8203,
270.42,8406,8175,8200,
270.456,8423,8175,8195,
270.456,8500,8173,8187,
270.457,8461,8173,8198,
270.459,8414,8173,8200,
270.468,8404,8173,8203,
270.479,8401,8175,8203,
270.489,8401,8175,8203,
270.498,8404,8175,8200,
270.511,8398,8175,8200,
270.52,8396,8175,8200,
270.531,8396,8175,8200,
270.543,8398,8175,8203,
270.551,8401,8175,8200,
270.56,8396,8175,8200,
270.57,8398,8175,8198,
270.579,8398,8175,8195,
270.589,8393,8175,8200,
270.599,8393,8173,8198,
270.61,8390,8175,8198,
270.621,8390,8175,8198,
270.63,8401,8175,8192,
270.64,8461,8175,8182,
270.65,8455,8178,8190,
270.659,8398,8178,8200,
270.67,8390,8175,8198,
270.679,8385,8175,8198,
270.69,8379,8175,8195,
270.701,8379,8175,8195,
270.709,8382,8175,8195,
270.72,8379,8175,8195,
270.727,8372,8175,8195,
270.74,8372,8175,8195,
270.749,8372,8175,8195,
270.758,8369,8175,8192,
270.772,8366,8175,8195,
270.778,8366,8173,8195,
270.789,8366,8175,8192,
270.799,8364,8175,8192,
270.808,8361,8173,8195,
270.821,8361,8175,8195,
270.83,8377,8173,8192,
270.842,8436,8173,8182,
270.849,8406,8175,8192,
270.86,8356,8175,8192,
270.869,8350,8175,8192,
270.879,8347,8175,8192,
270.891,8345,8175,8192,
270.9,8345,8175,8190,
270.91,8339,8175,8192,
270.921,8339,8175,8190,
270.931,8334,8175,8192,
270.938,8331,8175,8190,
270.95,8331,8175,8190,
270.959,8329,8173,8190,
270.97,8323,8175,8190,
270.982,8323,8175,8190,
270.991,8323,8175,8190,
271.001,8320,8175,8187,
271.01,8315,8173,8190,
271.018,8315,8173,8190,
271.03,8326,8175,8190,
271.04,8366,8173,8185,
271.05,8366,8178,8187,
271.058,8326,8173,8192,
271.069,8315,8173,8187,
271.081,8310,8170,8187,
271.089,8307,8173,8187,
271.099,8304,8173,8187,
271.11,8304,8173,8187,
271.117,8301,8173,8187,
271.131,8299,8173,8185,
271.138,8299,8173,8187,
271.15,8299,8173,8187,
271.159,8296,8173,8187,
271.17,8291,8173,8187,
271.18,8291,8175,8185,
271.19,8291,8175,8185,
271.198,8288,8175,8185,
271.209,8288,8178,8185,
271.22,8288,8175,8185,
271.231,8299,8173,8185,
271.24,8345,8175,8177,
271.249,8318,8175,8185,
271.257,8285,8173,8185,
271.268,8283,8175,8185,
271.277,8283,8175,8185,
271.291,8283,8175,8185,
271.3,8283,8175,8185,
271.309,8283,8175,8185,
271.32,8283,8175,8185,
271.327,8279,8175,8185,
271.338,8279,8175,8185,
271.348,8276,8175,8182,
271.359,8273,8175,8185,
271.368,8271,8175,8185,
271.379,8265,8175,8182,
271.388,8263,8175,8182,
271.397,8260,8175,8182,
271.406,8260,8175,8182,
271.417,8260,8175,8182,
271.429,8268,8175,8180,
271.438,8296,8173,8177,
271.447,8283,8175,8185,
271.459,8257,8173,8180,
271.467,8260,8175,8182,
271.481,8257,8175,8182,
271.488,8254,8175,8182,
271.496,8254,8175,8182,
271.509,8252,8175,8180,
271.52,8252,8178,8182,
271.529,8249,8175,8180,
271.537,8249,8175,8177,
271.549,8249,8175,8180,
271.56,8246,8175,8182,
271.568,8244,8175,8180,
271.577,8241,8175,8180,
271.589,8241,8175,8180,
271.598,8241,8175,8180,
271.607,8241,8175,8180,
271.618,8241,8175,8180,
271.629,8246,8175,8180,
271.638,8273,8175,8177,
271.649,8254,8173,8180,
271.657,8233,8175,8177,
271.668,8230,8175,8180,
271.679,8230,8175,8180,
271.689,8227,8175,8180,
271.697,8227,8175,8182,
271.709,8225,8175,8180,
271.72,8225,8175,8180,
271.728,8225,8175,8182,
271.739,8225,8175,8180,
271.75,8222,8175,8180,
271.76,8222,8175,8182,
271.77,8222,8175,8180,
271.779,8219,8175,8180,
271.788,8219,8175,8180,
271.799,8219,8175,8177,
271.806,8219,8175,8177,
271.818,8217,8175,8180,
271.827,8219,8175,8177,
271.838,8233,8175,8177,
271.848,8233,8175,8180,
271.859,8217,8175,8182,
271.869,8217,8178,8180,
271.878,8214,8175,8177,
271.888,8214,8175,8177,
271.896,8214,8175,8180,
271.907,8214,8175,8180,
271.917,8214,8175,8180,
271.927,8211,8175,8180,
271.938,8211,8175,8180,
271.949,8211,8175,8177,
271.957,8208,8175,8180,
271.968,8208,8175,8180,
271.978,8208,8175,8180,
271.987,8208,8175,8180,
271.997,8208,8175,8180,
272.009,8208,8175,8177,
272.02,8206,8175,8177,
272.027,8211,8175,8177,
272.037,8219,8173,8177,
272.046,8222,8175,8177,
272.06,8206,8178,8177,
272.069,8203,8175,8177,
272.076,8206,8173,8177,
272.089,8206,8175,8177,
272.098,8203,8175,8177,
272.106,8203,8175,8177,
272.117,8203,8175,8177,
272.128,8203,8175,8177,
272.138,8203,8175,8177,
272.149,8203,8175,8177,
272.157,8203,8175,8177,
272.167,8203,8175,8177,
272.177,8203,8175,8177,
272.187,8203,8175,8174,
272.198,8198,8175,8177,
272.208,8198,8175,8177,
272.217,8198,8175,8177,
272.228,8198,8175,8177,
272.238,8203,8168,8174,
272.247,8200,8173,8177,
272.257,8192,8175,8174,
272.268,8195,8173,8174,
272.278,8195,8173,8177,
272.287,8195,8175,8177,
272.297,8195,8175,8177,
272.307,8198,8175,8177,
272.317,8198,8175,8177,
272.328,8198,8175,8177,
272.337,8198,8175,8177,
272.347,8195,8175,8177,
272.355,8198,8175,8177,
272.37,8195,8173,8177,
272.376,8195,8175,8177,
272.388,8195,8175,8174,
272.397,8195,8175,8174,
272.408,8195,8175,8177,
272.418,8195,8175,8180,
272.427,8195,8175,8180,
272.438,8203,8175,8180,
272.448,8200,8175,8180,
272.46,8192,8173,8180,
272.467,8195,8173,8177,
272.476,8195,8173,8180,
272.487,8192,8175,8180,
272.495,8192,8175,8180,
272.507,8192,8175,8180,
272.517,8188,8175,8177,
272.529,8188,8175,8177,
272.537,8188,8175,8177,
272.546,8188,8175,8174,
272.557,8185,8175,8174,
272.566,8185,8175,8177,
272.577,8185,8175,8174,
272.588,8185,8175,8177,
272.597,8185,8173,8177,
272.607,8185,8175,8177,
272.617,8185,8175,8177,
272.628,8188,8175,8177,
272.635,8195,8175,8172,
272.649,8188,8178,8177,
272.658,8182,8175,8177,
272.67,8182,8173,8177,
272.677,8185,8173,8174,
272.685,8182,8175,8177,
272.699,8185,8173,8174,
272.709,8185,8175,8174,
272.716,8185,8175,8177,
272.726,8185,8175,8177,
272.736,8185,8173,8177,
272.748,8185,8173,8177,
272.759,8185,8175,8177,
272.766,8185,8175,8174,
272.778,8185,8175,8177,
272.789,8185,8175,8174,
272.798,8185,8175,8174,
272.807,8185,8175,8177,
272.817,8188,8175,8177,
272.827,8188,8175,8174,
272.842,8192,8178,8177,
272.848,8192,8178,8177,
272.857,8192,8178,8174,
272.867,8185,8173,8174,
272.878,8185,8175,8177,
272.886,8188,8175,8177,
272.897,8185,8175,8177,
272.907,8185,8173,8177,
272.918,8185,8173,8174,
272.928,8188,8173,8177,
272.936,8185,8175,8177,
272.946,8185,8175,8177,
272.957,8185,8175,8174,
272.968,8185,8175,8174,
272.977,8185,8175,8177,
272.985,8185,8175,8177,
272.997,8185,8175,8174,
273.007,8188,8173,8174,
273.016,8188,8175,8177,
273.027,8188,8175,8177,
273.038,8188,8175,8177,
273.046,8185,8175,8177,
273.058,8182,8175,8177,
273.067,8182,8173,8177,
273.077,8182,8175,8174,
273.089,8182,8175,8177,
273.097,8182,8175,8174,
273.107,8179,8175,8177,
273.117,8179,8173,8174,
273.126,8179,8175,8174,
273.136,8182,8175,8177,
273.146,8182,8175,8177,
273.156,8182,8175,8177,
273.167,8185,8173,8177,
273.176,8185,8175,8177,
273.187,8185,8175,8177,
273.196,8182,8173,8177,
273.205,8182,8175,8177,
273.219,8182,8175,8177,
273.227,8182,8175,8177,
273.237,8182,8175,8177,
273.247,8182,8173,8180,
273.256,8177,8173,8177,
273.266,8182,8175,8174,
273.276,8182,8175,8177,
273.288,8182,8175,8177,
273.295,8182,8175,8174,
273.306,8182,8175,8174,
273.314,8182,8175,8174,
273.324,8185,8175,8177,
273.337,8182,8175,8177,
273.347,8179,8175,8177,
273.357,8182,8175,8177,
273.364,8182,8175,8177,
273.377,8179,8175,8177,
273.389,8182,8175,8174,
273.395,8182,8175,8177,
273.407,8182,8175,8177,
273.415,8182,8175,8177,
273.426,8179,8175,8177,
273.435,8185,8173,8177,
273.446,8182,8173,8174,
273.465,8177,8175,8177,
273.465,8177,8178,8174,
273.475,8179,8175,8177,
273.483,8179,8175,8174,
273.494,8177,8175,8177,
273.505,8179,8175,8174,
273.516,8179,8175,8177,
273.526,8179,8175,8177,
273.536,8179,8173,8174,
273.544,8177,8175,8177,
273.556,8179,8175,8180,
273.567,8179,8175,8180,
273.574,8179,8175,8180,
273.588,8179,8175,8180,
273.597,8179,8175,8177,
273.608,8179,8175,8180,
273.616,8179,8175,8180,
273.627,8179,8175,8180,
273.636,8182,8173,8177,
273.646,8182,8178,8174,
273.655,8182,8175,8174,
273.665,8182,8175,8177,
273.676,8179,8178,8177,
273.685,8179,8173,8174,
273.696,8179,8175,8174,
273.704,8179,8175,8174,
273.714,8179,8173,8177,
273.726,8179,8173,8177,
273.735,8179,8175,8177,
273.745,8179,8173,8177,
273.754,8179,8173,8174,
273.766,8179,8175,8177,
273.776,8179,8175,8174,
273.786,8179,8175,8177,
273.796,8179,8175,8174,
273.805,8179,8175,8174,
273.815,8179,8175,8177,
273.826,8179,8175,8177,
273.836,8179,8173,8177,
273.844,8179,8175,8177,
273.855,8177,8175,8174,
273.865,8177,8178,8174,
273.876,8179,8175,8174,
273.885,8179,8175,8177,
273.895,8179,8175,8177,
273.906,8179,8175,8177,
273.915,8179,8175,8177,
273.925,8179,8175,8177,
273.936,8179,8175,8174,
273.947,8179,8175,8180,
273.955,8179,8173,8180,
273.965,8179,8175,8180,
273.976,8179,8173,8177,
273.986,8179,8175,8177,
273.995,8179,8175,8177,
274.006,8179,8175,8180,
274.015,8179,8175,8180,
274.027,8179,8175,8177,
274.036,8177,8173,8180,
274.047,8179,8175,8180,
274.056,8177,8175,8174,
274.063,8177,8173,8174,
274.076,8179,8175,8177,
274.086,8179,8175,8174,
274.096,8179,8175,8174,
274.106,8179,8175,8174,
274.115,8179,8175,8177,
274.125,8179,8175,8177,
274.136,8179,8175,8177,
274.146,8179,8175,8177,
274.155,8179,8175,8174,
274.165,8179,8173,8174,
274.174,8179,8175,8177,
274.186,8179,8175,8177,
274.196,8179,8175,8177,
274.205,8179,8175,8177,
274.215,8179,8175,8177,
274.224,8179,8175,8177,
274.234,8177,8175,8177,
274.245,8179,8175,8177,
274.255,8174,8175,8177,
274.267,8177,8178,8174,
274.275,8177,8175,8174,
274.286,8179,8175,8177,
274.295,8179,8175,8174,
274.307,8179,8175,8174,
274.316,8179,8175,8174,
274.326,8179,8173,8174,
274.333,8179,8175,8177,
274.344,8179,8173,8177,
274.354,8177,8175,8174,
274.364,8179,8175,8174,
274.377,8179,8175,8177,
274.385,8179,8175,8174,
274.396,8174,8175,8174,
274.404,8174,8175,8174,
274.415,8174,8173,8177,
274.425,8174,8175,8177,
274.436,8174,8175,8177,
274.443,8177,8175,8174,
274.456,8174,8175,8174,
274.464,8177,8175,8174,
274.476,8177,8175,8177,
274.483,8177,8175,8177,
274.495,8179,8175,8177,
274.503,8179,8175,8174,
274.514,8179,8173,8177,
274.522,8179,8175,8174,
274.533,8179,8175,8177,
274.546,8179,8175,8177,
274.555,8179,8175,8177,
274.563,8179,8175,8177,
274.574,8179,8175,8177,
274.585,8179,8175,8177,
274.594,8179,8175,8174,
274.604,8177,8173,8174,
274.616,8177,8175,8177,
274.625,8179,8175,8174,
274.633,8179,8175,8174,
274.644,8179,8175,8177,
274.654,8174,8173,8177,
274.666,8174,8175,8177,
274.675,8177,8175,8177,
274.684,8177,8175,8177,
274.696,8174,8175,8177,
274.705,8179,8175,8174,
274.713,8179,8175,8172,
274.723,8177,8175,8174,
274.734,8179,8175,8174,
274.745,8177,8175,8174,
274.756,8177,8175,8177,
274.764,8179,8175,8177,
274.771,8179,8175,8177,
274.784,8177,8175,8180,
274.794,8179,8175,8180,
274.804,8177,8175,8177,
274.816,8177,8175,8180,
274.824,8177,8175,8177,
274.833,8177,8175,8180,
274.845,8177,8175,8177,
274.853,8177,8175,8180,
274.865,8179,8175,8180,
274.874,8177,8175,8177,
274.883,8177,8175,8174,
274.893,8177,8175,8174,
274.903,8177,8175,8174,
274.914,8177,8175,8174,
274.924,8179,8175,8174,
274.934,8177,8175,8174,
274.942,8177,8175,8177,
274.954,8179,8175,8177,
274.963,8179,8175,8174,
274.974,8177,8173,8177,
274.983,8179,8175,8177,
274.995,8177,8175,8174,
275.004,8179,8173,8174,
275.016,8177,8175,8177,
275.024,8179,8175,8174,
275.035,8179,8175,8174,
275.044,8177,8175,8174,
275.053,8177,8178,8177,
275.066,8177,8175,8177,
275.074,8179,8175,8174,
275.086,8177,8175,8177,
275.094,8179,8175,8177,
275.104,8179,8175,8177,
275.114,8177,8175,8174,
275.125,8179,8175,8174,
275.135,8179,8175,8177,
275.144,8179,8175,8177,
275.153,8179,8175,8177,
275.164,8179,8175,8177,
275.174,8177,8175,8177,
275.184,8177,8173,8174,
275.193,8177,8175,8177,
275.203,8179,8175,8177,
275.215,8177,8175,8177,
275.225,8179,8175,8174,
275.234,8179,8175,8177,
275.244,8177,8175,8177,
275.255,8174,8173,8177,
275.264,8179,8175,8174,
275.275,8179,8178,8177,
275.282,8179,8178,8180,
275.295,8177,8178,8180,
275.304,8177,8178,8177,
275.315,8177,8175,8177,
275.323,8177,8178,8177,
275.334,8177,8178,8177,
275.344,8174,8178,8177,
275.353,8174,8178,8180,
275.362,8171,8178,8177,
275.373,8163,8175,8180,
275.383,8168,8175,8177,
275.393,8163,8175,8174,
275.402,8158,8175,8174,
275.414,8152,8178,8177,
275.423,8144,8175,8177,
275.435,8128,8175,8180,
275.442,8131,8178,8177,
275.454,8122,8181,8180,
275.465,8117,8178,8177,
275.474,8109,8178,8174,
275.485,8097,8181,8174,
275.494,8088,8181,8174,
275.505,8077,8181,8177,
275.513,8064,8181,8174,
275.523,8050,8183,8174,
275.533,8037,8183,8174,
275.543,8020,8183,8177,
275.553,8007,8183,8177,
275.564,7986,8193,8177,
275.574,7975,8193,8177,
275.583,7959,8199,8174,
275.594,7929,8196,8177,
275.603,7926,8209,8180,
275.615,7915,8201,8180,
275.623,7851,8188,8180,
275.633,7793,8199,8172,
275.644,7791,8201,8174,
275.655,7838,8217,8180,
275.661,7846,8196,8180,
275.672,7820,8219,8177,
275.683,7815,8214,8177,
275.693,7804,8222,8177,
275.704,7796,8219,8174,
275.713,7787,8224,8174,
275.723,7793,8217,8177,
275.733,7779,8222,8174,
275.745,7762,8224,8174,
275.753,7768,8239,8172,
275.762,7765,8219,8177,
275.775,7738,8224,8174,
275.785,7733,8227,8174,
275.794,7738,8257,8174,
275.803,7729,8227,8174,
275.813,7699,8239,8177,
275.825,7608,8227,8172,
275.831,7558,8201,8180,
275.842,7555,8206,8167,
275.853,7658,8257,8174,
275.864,7668,8214,8177,
275.873,7666,8252,8174,
275.885,7666,8247,8169,
275.894,7666,8242,8182,
275.903,7649,8265,8182,
275.914,7641,8252,8174,
275.923,7655,8257,8177,
275.932,7647,8291,8185,
275.944,7639,8250,8177,
275.953,7621,8247,8174,
275.962,7639,8247,8177,
275.973,7627,8255,8174,
275.982,7621,8257,8177,
275.992,7616,8245,8174,
276.002,7602,8247,8172,
276.012,7616,8257,8172,
276.021,7547,8224,8174,
276.034,7422,8209,8182,
276.043,7433,8224,8169,
276.052,7550,8252,8177,
276.063,7611,8260,8182,
276.072,7597,8252,8174,
276.083,7574,8230,8172,
276.094,7589,8252,8180,
276.103,7581,8257,8180,
276.114,7611,8276,8185,
276.122,7597,8257,8182,
276.131,7616,8247,8172,
276.143,7608,8250,8172,
276.153,7597,8245,8169,
276.164,7592,8239,8174,
276.172,7572,8242,8182,
276.182,7605,8242,8172,
276.193,7589,8247,8174,
276.205,7600,8268,8177,
276.213,7592,8245,8174,
276.223,7535,8219,8182,
276.233,7414,8209,8182,
276.243,7395,8224,8182,
276.251,7516,8257,8180,
276.261,7566,8257,8180,
276.273,7597,8273,8180,
276.283,7597,8263,8182,
276.293,7613,8242,8174,
276.301,7616,8263,8174,
276.313,7624,8250,8177,
276.322,7594,8247,8172,
276.334,7613,8260,8172,
276.341,7613,8263,8169,
276.353,7589,8265,8180,
276.363,7616,8250,8172,
276.371,7563,8273,8177,
276.381,7629,8260,8182,
276.393,7572,8252,8174,
276.402,7578,8268,8177,
276.413,7569,8230,8167,
276.424,7464,8232,8177,
276.432,7382,8217,8177,
276.443,7403,8242,8174,
276.452,7538,8270,8174,
276.463,7544,8281,8161,
276.473,7572,8257,8174,
276.483,7563,8255,8177,
276.491,7578,8252,8177,
276.502,7558,8268,8177,
276.511,7581,8270,8180,
276.521,7555,8265,8174,
276.533,7558,8273,8174,
276.544,7555,8283,8177,
276.552,7574,8263,8172,
276.562,7583,8242,8167,
276.575,7586,8250,8182,
276.582,7578,8263,8177,
276.592,7600,8237,8180,
276.603,7563,8257,8172,
276.611,7547,8263,8180,
276.621,7497,8217,8180,
276.634,7366,8217,8172,
276.644,7379,8227,8169,
276.653,7495,8265,8172,
276.664,7574,8239,8163,
276.671,7597,8227,8172,
276.682,7569,8247,8177,
276.691,7586,8252,8177,
276.702,7613,8250,8177,
276.713,7589,8260,8174,
276.721,7594,8242,8172,
276.733,7624,8242,8172,
276.744,7621,8255,8177,
276.752,7627,8247,8174,
276.761,7619,8242,8174,
276.772,7644,8263,8172,
276.781,7647,8247,8177,
276.792,7605,8250,8177,
276.803,7641,8255,8174,
276.811,7613,8224,8177,
276.82,7544,8237,8169,
276.832,7449,8217,8177,
276.842,7473,8227,8172,
276.851,7589,8250,8182,
276.861,7632,8252,8169,
276.871,7624,8255,8172,
276.879,7649,8288,8182,
276.89,7632,8268,8174,
276.902,7635,8237,8169,
276.912,7641,8230,8172,
276.922,7663,8263,8180,
276.933,7676,8257,8180,
276.942,7686,8257,8180,
276.952,7694,8224,8177,
276.962,7666,8265,8169,
276.97,7668,8239,8182,
276.981,7674,8230,8169,
276.991,7676,8230,8174,
277.002,7676,8227,8180,
277.012,7702,8230,8177,
277.021,7627,8224,8172,
277.031,7522,8204,8172,
277.042,7558,8237,8174,
277.05,7660,8260,8177,
277.061,7705,8260,8177,
277.073,7666,8252,8174,
277.08,7688,8245,8177,
277.091,7674,8239,8174,
277.101,7696,8230,8177,
277.11,7702,8242,8180,
277.12,7691,8242,8174,
277.13,7688,8242,8180,
277.139,7676,8245,8182,
277.15,7702,8245,8180,
277.159,7702,8250,8177,
277.17,7715,8239,8177,
277.181,7696,8227,8182,
277.191,7707,8245,8172,
277.201,7702,8227,8177,
277.211,7705,8237,8177,
277.223,7639,8217,8177,
277.233,7555,8196,8172,
277.241,7555,8219,8182,
277.251,7668,8242,8177,
277.26,7691,8237,8172,
277.273,7710,8239,8180,
277.281,7686,8239,8177,
277.291,7686,8232,8177,
277.302,7688,8232,8180,
277.312,7705,8263,8180,
277.32,7696,8257,8174,
277.33,7691,8245,8172,
277.341,7735,8242,8177,
277.349,7721,8242,8182,
277.359,7729,8247,8177,
277.37,7754,8239,8174,
277.382,7741,8227,8177,
277.391,7743,8230,8180,
277.401,7746,8239,8174,
277.409,7743,8245,8177,
277.42,7705,8219,8177,
277.432,7621,8206,8177,
277.44,7649,8217,8185,
277.448,7743,8232,8174,
277.459,7746,8209,8177,
277.471,7760,8224,8174,
277.482,7757,8232,8177,
277.491,7771,8224,8180,
277.502,7768,8219,8182,
277.511,7771,8222,8180,
277.519,7779,8242,8177,
277.532,7768,8219,8180,
277.539,7776,8227,8174,
277.55,7793,8219,8172,
277.561,7791,8209,8180,
277.572,7807,8217,8177,
277.58,7801,8214,8172,
277.591,7818,8219,8174,
277.602,7818,8222,8174,
277.609,7820,8212,8177,
277.62,7793,8186,8174,
277.631,7733,8201,8169,
277.64,7804,8212,8174,
277.653,7843,8217,8177,
277.66,7867,8212,8180,
277.671,7867,8230,8174,
277.681,7870,8206,8174,
277.69,7878,8214,8177,
277.702,7898,8206,8174,
277.709,7901,8206,8174,
277.72,7904,8214,8174,
277.729,7893,8217,8177,
277.739,7909,8206,8177,
277.749,7906,8204,8174,
277.76,7906,8209,8174,
277.77,7915,8204,8174,
277.783,7918,8206,8177,
277.79,7926,8206,8177,
277.801,7934,8201,8177,
277.811,7940,8204,8177,
277.821,7926,8199,8177,
277.828,7889,8183,8177,
277.84,7934,8199,8177,
277.85,7975,8196,8174,
277.861,7991,8199,8177,
277.87,7991,8193,8177,
277.879,8003,8188,8177,
277.888,8012,8193,8174,
277.902,8020,8191,8177,
277.911,8031,8193,8174,
277.918,8039,8188,8174,
277.93,8042,8191,8174,
277.939,8050,8186,8174,
277.95,8053,8186,8177,
277.96,8061,8186,8177,
277.969,8066,8183,8174,
277.979,8069,8181,8177,
277.991,8077,8181,8177,
278,8080,8183,8174,
278.011,8092,8181,8174,
278.02,8085,8178,8177,
278.03,8072,8175,8174,
278.041,8094,8186,8177,
278.05,8112,8181,8172,
278.06,8114,8178,8177,
278.071,8120,8181,8174,
278.082,8131,8178,8177,
278.089,8136,8175,8177,
278.099,8141,8178,8174,
278.109,8152,8178,8177,
278.119,8160,8175,8177,
278.129,8168,8175,8177,
278.14,8177,8175,8174,
278.15,8188,8173,8177,
278.158,8195,8173,8177,
278.169,8203,8175,8180,
278.18,8203,8168,8187,
278.19,8219,8175,8180,
278.199,8222,8173,8182,
278.209,8214,8175,8180,
278.218,8198,8175,8180,
278.229,8195,8175,8180,
278.239,8192,8178,8180,
278.248,8188,8173,8177,
278.258,8192,8173,8174,
278.268,8195,8175,8177,
278.28,8195,8175,8177,
278.289,8195,8175,8177,
278.299,8188,8173,8177,
278.308,8188,8175,8174,
278.319,8188,8175,8177,
278.329,8185,8175,8177,
278.341,8185,8175,8177,
278.349,8182,8175,8174,
278.36,8182,8175,8174,
278.37,8182,8175,8174,
278.38,8179,8175,8174,
278.387,8179,8175,8174,
278.399,8179,8175,8177,
278.412,8179,8175,8177,
278.418,8179,8175,8177,
278.429,8179,8175,8177,
278.439,8179,8173,8177,
278.449,8174,8175,8174,
278.458,8177,8178,8172,
278.468,8179,8175,8177,
278.48,8177,8175,8174,
278.49,8177,8175,8174,
278.5,8177,8175,8174,
278.508,8177,8175,8174,
278.519,8177,8175,8177,
278.529,8179,8175,8174,
278.538,8177,8175,8174,
278.549,8177,8175,8174,
278.56,8177,8175,8177,
278.57,8179,8175,8177,
278.58,8177,8175,8174,
278.59,8177,8175,8174,
278.597,8177,8175,8174,
278.61,8179,8175,8177,
278.619,8177,8175,8177,
278.629,8177,8175,8174,
278.638,8179,8175,8177,
278.65,8177,8175,8174,
278.66,8177,8178,8177,
278.668,8179,8175,8177,
278.682,8179,8175,8174,
278.691,8179,8175,8177,
278.698,8177,8175,8174,
278.707,8179,8175,8172,
278.719,8177,8175,8174,
278.727,8179,8175,8174,
278.738,8177,8175,8177,
278.75,8177,8175,8177,
278.759,8179,8175,8177,
278.767,8177,8175,8174,
278.779,8177,8175,8174,
278.789,8177,8175,8177,
278.799,8179,8175,8174,
278.808,8179,8175,8177,
278.818,8177,8175,8174,
278.828,8179,8175,8177,
278.838,8177,8175,8177,
278.851,8177,8175,8174,
278.857,8179,8175,8174,
278.867,8179,8175,8180,
278.876,8177,8175,8180,
278.89,8174,8175,8177,
278.897,8174,8175,8177,
278.91,8174,8175,8180,
278.918,8177,8175,8180,
278.929,8174,8175,8177,
278.939,8177,8173,8180,
278.949,8174,8175,8177,
278.958,8177,8175,8180,
278.97,8174,8175,8174,
278.979,8177,8175,8174,
278.987,8177,8175,8177,
278.996,8179,8175,8177,
279.007,8177,8175,8177,
279.019,8179,8175,8174,
279.027,8179,8175,8177,
279.039,8177,8175,8177,
279.049,8174,8175,8177,
279.057,8177,8175,8174,
279.067,8177,8175,8177,
279.078,8177,8175,8177,
279.087,8179,8175,8177,
279.098,8179,8175,8177,
279.107,8179,8175,8177,
279.116,8179,8175,8177,
279.127,8179,8175,8177,
279.137,8177,8175,8174,
279.151,8179,8175,8177,
279.158,8177,8175,8177,
279.17,8179,8175,8177,
279.177,8179,8175,8177,
279.189,8179,8175,8177,
279.2,8174,8175,8174,
279.206,8177,8175,8177,
279.218,8177,8175,8174,
279.227,8174,8175,8174,
279.238,8177,8175,8177,
279.247,8174,8175,8174,
279.256,8174,8173,8177,
279.269,8174,8175,8177,
279.278,8177,8175,8174,
279.287,8177,8175,8177,
279.298,8174,8175,8174,
279.309,8174,8175,8177,
279.318,8174,8175,8174,
279.327,8174,8173,8174,
279.339,8177,8175,8177,
279.348,8174,8175,8177,
279.36,8174,8175,8174,
279.368,8174,8175,8174,
279.377,8174,8175,8180,
279.386,8174,8175,8180,
279.398,8174,8175,8177,
279.408,8179,8175,8180,
279.418,8179,8175,8180,
279.428,8177,8178,8177,
279.438,8177,8175,8177,
279.448,8179,8175,8180,
279.457,8179,8173,8180,
279.479,8177,8175,8177,
279.48,8177,8175,8177,
279.487,8177,8175,8177,
279.496,8177,8175,8174,
279.507,8179,8175,8177,
279.516,8179,8175,8174,
279.53,8179,8175,8177,
279.536,8179,8175,8177,
279.546,8179,8175,8177,
279.558,8179,8175,8174,
279.569,8179,8175,8177,
279.578,8179,8175,8177,
279.588,8179,8175,8177,
279.597,8179,8175,8177,
279.608,8179,8175,8177,
279.617,8179,8175,8177,
279.63,8179,8175,8174,
279.637,8177,8173,8177,
279.648,8177,8175,8177,
279.658,8177,8175,8174,
279.668,8177,8175,8174,
279.678,8177,8175,8177,
279.687,8179,8175,8174,
279.7,8179,8175,8174,
279.709,8177,8175,8174,
279.718,8177,8175,8174,
279.727,8179,8175,8174,
279.74,8177,8173,8177,
279.747,8179,8175,8177,
279.757,8179,8175,8174,
279.769,8179,8175,8177,
279.778,8179,8175,8177,
279.788,8177,8175,8177,
279.798,8177,8175,8177,
279.806,8177,8175,8177,
279.818,8177,8175,8177,
279.827,8177,8183,8177,
279.836,8179,8175,8174,
279.848,8174,8175,8177,
279.86,8177,8181,8172,
279.867,8177,8175,8174,
279.875,8177,8175,8177,
279.888,8177,8173,8174,
279.898,8179,8175,8177,
279.91,8179,8175,8177,
279.917,8179,8175,8177,
279.927,8177,8175,8174,
279.936,8177,8175,8177,
279.947,8177,8175,8177,
279.96,8177,8175,8174,
279.969,8177,8175,8177,
279.976,8177,8175,8174,
279.986,8179,8175,8174,
279.996,8179,8175,8177,
280.007,8179,8175,8177,
280.016,8179,8175,8177,
280.027,8174,8175,8177,
280.038,8174,8173,8177,
280.047,8177,8175,8177,
280.058,8177,8173,8174,
280.068,8177,8173,8177,
280.077,8174,8175,8177,
280.086,8177,8175,8174,
280.098,8177,8175,8174,
280.107,8174,8175,8174,
280.116,8174,8175,8177,
280.127,8174,8175,8174,
280.136,8177,8175,8177,
280.145,8177,8175,8174,
280.156,8177,8175,8177,
280.166,8179,8175,8177,
280.177,8179,8175,8174,
280.187,8177,8175,8177,
280.197,8177,8175,8174,
280.206,8179,8175,8177,
280.216,8179,8175,8174,
280.227,8177,8175,8177,
280.236,8177,8175,8177,
280.247,8174,8175,8174,
280.257,8174,8173,8177,
280.267,8177,8175,8174,
280.276,8174,8175,8174,
280.287,8174,8175,8177,
280.297,8174,8175,8177,
280.307,8177,8175,8177,
280.315,8174,8175,8177,
280.325,8177,8175,8174,
280.337,8174,8175,8174,
280.345,8179,8175,8174,
280.357,8177,8175,8174,
280.366,8179,8175,8174,
280.377,8177,8175,8174,
280.386,8177,8175,8174,
280.396,8179,8175,8174,
280.408,8179,8175,8177,
280.416,8179,8175,8174,
280.428,8177,8175,8177,
280.436,8179,8175,8174,
280.447,8171,8175,8174,
280.456,8171,8175,8174,
280.467,8177,8175,8174,
280.478,8174,8175,8177,
280.488,8174,8175,8174,
280.498,8174,8175,8174,
280.508,8174,8175,8177,
280.516,8174,8175,8177,
280.525,8177,8175,8174,
280.537,8177,8175,8177,
280.546,8174,8175,8177,
280.556,8177,8175,8177,
280.566,8177,8175,8177,
280.577,8177,8175,8174,
280.588,8177,8175,8174,
280.595,8177,8175,8174,
280.604,8177,8175,8177,
280.616,8179,8175,8177,
280.626,8179,8175,8177,
280.637,8179,8175,8174,
280.645,8177,8175,8174,
280.655,8177,8175,8177,
280.665,8177,8175,8177,
280.679,8177,8175,8174,
280.685,8179,8175,8177,
280.696,8177,8175,8174,
280.704,8177,8175,8177,
280.717,8177,8175,8177,
280.726,8177,8173,8177,
280.738,8177,8173,8177,
280.746,8177,8175,8177,
280.757,8177,8175,8177,
280.768,8174,8175,8177,
280.776,8177,8173,8177,
280.786,8177,8175,8174,
280.796,8174,8175,8174,
280.807,8177,8175,8177,
280.814,8177,8175,8174,
280.825,8177,8175,8177,
280.836,8174,8175,8174,
280.847,8174,8173,8177,
280.856,8179,8175,8174,
280.865,8177,8173,8174,
280.875,8179,8175,8177,
280.885,8177,8175,8177,
280.897,8177,8175,8174,
280.903,8177,8175,8177,
280.917,8177,8175,8177,
280.926,8179,8175,8177,
280.935,8177,8175,8174,
280.944,8177,8175,8174,
280.956,8177,8175,8177,
280.967,8179,8175,8177,
280.978,8177,8175,8174,
280.984,8177,8175,8174,
280.995,8179,8175,8174,
281.006,8179,8175,8177,
281.017,8177,8175,8174,
281.024,8177,8168,8172,
281.036,8177,8175,8177,
281.046,8177,8175,8177,
281.056,8179,8175,8172,
281.068,8177,8173,8177,
281.074,8179,8175,8177,
281.086,8179,8175,8177,
281.096,8177,8175,8174,
281.105,8177,8173,8177,
281.117,8179,8175,8174,
281.125,8177,8175,8177,
281.136,8179,8175,8177,
281.146,8177,8175,8174,
281.154,8177,8175,8177,
281.164,8177,8175,8177,
281.178,8174,8175,8177,
281.185,8174,8175,8177,
281.195,8174,8175,8177,
281.203,8174,8175,8174,
281.215,8174,8175,8174,
281.225,8168,8175,8177,
281.235,8171,8175,8177,
281.246,8174,8175,8177,
281.255,8174,8173,8177,
281.266,8171,8175,8174,
281.276,8171,8175,8177,
281.286,8177,8175,8177,
281.296,8177,8175,8174,
281.305,8177,8175,8177,
281.317,8177,8173,8177,
281.326,8177,8175,8180,
281.335,8177,8175,8180,
281.345,8177,8175,8177,
281.356,8177,8175,8177,
281.365,8177,8175,8177,
281.374,8177,8175,8177,
281.383,8177,8175,8180,
281.394,8177,8173,8180,
281.406,8179,8175,8180,
281.415,8179,8175,8177,
281.425,8177,8175,8180,
281.437,8179,8175,8180,
281.446,8174,8175,8177,
281.455,8177,8175,8180,
281.464,8179,8175,8180,
281.475,8179,8175,8177,
281.485,8179,8175,8177,
281.494,8177,8175,8180,
281.503,8179,8175,8177,
281.513,8177,8175,8180,
281.525,8179,8175,8177,
281.535,8179,8175,8177,
281.543,8179,8175,8177,
281.556,8179,8175,8174,
281.567,8179,8175,8177,
281.576,8179,8175,8174,
281.583,8179,8175,8174,
281.595,8179,8175,8174,
281.605,8179,8173,8174,
281.615,8179,8175,8177,
281.625,8179,8175,8177,
281.635,8182,8175,8177,
281.646,8177,8178,8177,
281.653,8182,8175,8177,
281.663,8179,8173,8177,
281.673,8179,8175,8174,
281.685,8177,8175,8177,
281.696,8179,8175,8174,
281.705,8179,8175,8177,
281.714,8179,8175,8174,
281.726,8179,8175,8177,
281.736,8179,8173,8177,
281.745,8179,8175,8177,
281.754,8179,8175,8174,
281.762,8179,8175,8177,
281.777,8177,8175,8174,
281.785,8177,8175,8174,
281.793,8179,8175,8177,
281.804,8174,8175,8177,
281.814,8177,8175,8177,
281.825,8177,8175,8174,
281.833,8177,8173,8177,
281.844,8171,8175,8174,
281.855,8171,8178,8177,
281.865,8177,8175,8177,
281.874,8177,8175,8177,
281.883,8177,8175,8174,
281.895,8177,8175,8174,
281.904,8177,8175,8177,
281.914,8179,8175,8177,
281.924,8182,8178,8174,
281.935,8182,8175,8174,
281.944,8182,8175,8180,
281.955,8182,8175,8180,
281.962,8182,8175,8177,
281.973,8182,8175,8177,
281.985,8182,8175,8177,
281.997,8182,8175,8180,
282.003,8182,8175,8180,
282.014,8185,8175,8177,
282.025,8182,8175,8180,
282.035,8185,8175,8180,
282.047,8179,8175,8177,
282.054,8179,8178,8177,
282.066,8179,8175,8177,
282.075,8179,8175,8174,
282.084,8179,8175,8174,
282.094,8179,8175,8174,
282.105,8182,8175,8177,
282.115,8182,8175,8177,
282.124,8182,8175,8174,
282.135,8182,8175,8174,
282.143,8182,8173,8177,
282.155,8182,8175,8180,
282.166,8182,8175,8180,
282.173,8182,8175,8180,
282.183,8182,8175,8177,
282.195,8179,8175,8177,
282.205,8179,8173,8177,
282.214,8179,8175,8180,
282.223,8182,8173,8177,
282.233,8182,8175,8177,
282.245,8179,8175,8177,
282.256,8182,8178,8174,
282.265,8182,8173,8174,
282.273,8182,8175,8177,
282.285,8182,8173,8177,
282.294,8182,8175,8174,
282.303,8182,8175,8177,
282.313,8185,8175,8177,
282.323,8179,8175,8177,
282.334,8179,8175,8174,
282.344,8177,8175,8177,
282.352,8177,8175,8177,
282.363,8177,8175,8177,
282.374,8174,8175,8177,
282.385,8174,8175,8177,
282.392,8174,8175,8177,
282.405,8177,8175,8174,
282.412,8174,8175,8177,
282.424,8174,8175,8174,
282.433,8179,8175,8177,
282.443,8174,8175,8174,
282.454,8177,8175,8174,
282.463,8177,8173,8174,
282.474,8177,8175,8174,
282.484,8177,8175,8174,
282.494,8177,8173,8174,
282.503,8177,8175,8174,
282.514,8177,8175,8177,
282.523,8174,8175,8174,
282.533,8171,8175,8177,
282.545,8174,8175,8174,
282.554,8174,8175,8174,
282.563,8171,8175,8174,
282.574,8171,8175,8177,
282.584,8171,8175,8177,
282.594,8171,8173,8174,
282.604,8171,8175,8174,
282.613,8171,8175,8177,
282.623,8171,8175,8177,
282.635,8171,8175,8177,
282.644,8177,8175,8177,
282.653,8174,8178,8177,
282.664,8177,8175,8177,
282.675,8174,8175,8177,
282.685,8177,8175,8174,
282.694,8177,8175,8177,
282.703,8177,8173,8174,
282.714,8177,8175,8177,
282.723,8177,8175,8177,
282.732,8177,8175,8177,
282.743,8177,8175,8177,
282.753,8177,8175,8177,
282.763,8179,8175,8177,
282.774,8179,8175,8177,
282.783,8179,8175,8177,
282.792,8177,8175,8177,
282.804,8177,8175,8177,
282.815,8177,8175,8177,
282.822,8177,8175,8177,
282.834,8179,8175,8177,
282.844,8177,8175,8174,
282.854,8177,8175,8177,
282.863,8174,8175,8177,
282.873,8174,8175,8174,
282.883,8174,8173,8177,
282.892,8174,8175,8177,
282.903,8174,8175,8177,
282.914,8171,8175,8177,
282.925,8171,8175,8174,
282.935,8171,8175,8174,
282.943,8171,8175,8177,
282.953,8171,8175,8174,
282.964,8168,8175,8177,
282.973,8168,8175,8177,
282.985,8174,8173,8177,
282.994,8174,8175,8177,
283.002,8171,8175,8177,
283.013,8168,8175,8177,
283.025,8171,8173,8177,
283.033,8174,8175,8177,
283.042,8171,8175,8177,
283.054,8171,8173,8177,
283.065,8171,8175,8177,
283.075,8168,8175,8177,
283.083,8168,8175,8177,
283.093,8166,8175,8177,
283.103,8163,8175,8177,
283.115,8160,8175,8177,
283.124,8158,8178,8177,
283.132,8155,8175,8177,
283.143,8152,8178,8177,
283.155,8152,8175,8174,
283.162,8150,8175,8177,
283.174,8158,8175,8177,
283.182,8158,8175,8177,
283.195,8160,8175,8177,
283.203,8163,8175,8177,
283.213,8166,8175,8177,
283.223,8166,8173,8177,
283.233,8174,8175,8177,
283.242,8174,8175,8180,
283.252,8177,8175,8180,
283.263,8179,8175,8177,
283.273,8179,8175,8177,
283.282,8177,8173,8174,
283.292,8179,8173,8177,
283.303,8185,8175,8177,
283.312,8185,8175,8177,
283.322,8188,8175,8177,
283.332,8182,8175,8177,
283.34,8179,8175,8177,
283.352,8179,8173,8177,
283.362,8179,8175,8177,
283.37,8179,8175,8177,
283.381,8179,8175,8177,
283.392,8179,8175,8174,
283.4,8179,8175,8177,
283.412,8182,8175,8177,
283.422,8179,8175,8174,
283.43,8179,8175,8177,
283.441,8177,8175,8174,
283.453,8177,8173,8177,
283.462,8179,8175,8174,
283.473,8179,8175,8177,
283.483,8179,8175,8177,
283.494,8179,8175,8177,
283.501,8179,8175,8177,
283.511,8179,8175,8177,
283.523,8179,8175,8177,
283.533,8177,8175,8174,
283.542,8179,8175,8177,
283.553,8177,8175,8174,
283.561,8177,8175,8177,
283.572,8177,8175,8174,
283.58,8177,8175,8177,
283.592,8177,8175,8177,
283.601,8177,8175,8177,
283.613,8177,8175,8177,
283.622,8177,8175,8174,
283.633,8177,8175,8174,
283.64,8179,8175,8177,
283.651,8182,8175,8174,
283.662,8177,8173,8174,
283.67,8177,8173,8177,
283.681,8177,8175,8177,
283.694,8177,8175,8174,
283.702,8177,8175,8177,
283.712,8177,8175,8177,
283.723,8177,8175,8174,
283.733,8177,8175,8177,
283.742,8177,8175,8174,
283.75,8177,8175,8177,
283.762,8177,8175,8177,
283.77,8177,8175,8177,
283.781,8177,8175,8177,
283.793,8177,8175,8174,
283.801,8177,8175,8177,
283.813,8177,8173,8174,
283.823,8177,8175,8177,
283.83,8177,8175,8177,
283.842,8177,8175,8177,
283.85,8177,8178,8174,
283.862,8177,8173,8177,
283.873,8177,8175,8174,
283.883,8177,8175,8177,
283.893,8177,8175,8177,
283.901,8177,8175,8177,
283.912,8177,8175,8177,
283.921,8177,8175,8177,
283.931,8177,8175,8177,
283.941,8177,8175,8174,
283.952,8177,8173,8174,
283.96,8177,8175,8177,
283.972,8177,8175,8177,
283.981,8177,8175,8177,
283.991,8177,8175,8174,
284,8179,8175,8177,
284.01,8179,8175,8177,
284.021,8179,8175,8177,
284.032,8179,8175,8174,
284.043,8177,8175,8177,
284.052,8177,8175,8177,
284.061,8179,8175,8174,
284.073,8179,8175,8174,
284.083,8179,8175,8177,
284.093,8179,8175,8177,
284.1,8179,8175,8177,
284.114,8177,8175,8174,
284.119,8177,8175,8177,
284.13,8179,8175,8177,
284.14,8179,8175,8174,
284.152,8177,8175,8177,
284.161,8177,8175,8174,
284.172,8177,8175,8174,
284.182,8177,8175,8177,
284.191,8179,8175,8177,
284.204,8179,8175,8174,
284.212,8179,8175,8177,
284.221,8177,8173,8174,
284.23,8179,8175,8174,
284.24,8177,8175,8174,
284.25,8182,8175,8177,
284.261,8179,8173,8177,
284.27,8179,8175,8174,
284.282,8177,8175,8177,
284.291,8177,8175,8177,
284.302,8177,8175,8174,
284.308,8179,8173,8177,
284.322,8177,8175,8174,
284.331,8179,8175,8174,
284.34,8179,8175,8177,
284.351,8179,8175,8177,
284.363,8179,8175,8174,
284.371,8179,8175,8174,
284.382,8179,8175,8174,
284.389,8179,8175,8177,
284.402,8179,8175,8177,
284.412,8179,8175,8177,
284.421,8177,8178,8177,
284.432,8177,8175,8177,
284.44,8174,8175,8177,
284.451,8177,8175,8177,
284.462,8179,8175,8174,
284.47,8177,8175,8177,
284.482,8179,8175,8174,
284.492,8177,8175,8177,
284.503,8179,8175,8177,
284.512,8179,8175,8177,
284.519,8179,8175,8177,
284.532,8177,8175,8177,
284.541,8179,8175,8174,
284.552,8177,8175,8177,
284.561,8177,8175,8177,
284.57,8177,8173,8177,
284.581,8177,8173,8174,
284.591,8179,8175,8174,
284.602,8179,8175,8180,
284.61,8179,8175,8177,
284.622,8179,8175,8180,
284.631,8177,8175,8177,
284.64,8177,8175,8180,
284.652,8177,8175,8174,
284.66,8177,8173,8177,
284.672,8179,8175,8177,
284.681,8177,8175,8177,
284.69,8177,8175,8180,
284.701,8179,8175,8180,
284.71,8179,8175,8174,
284.723,8177,8175,8174,
284.732,8177,8175,8177,
284.74,8177,8175,8177,
284.75,8177,8175,8174,
284.76,8177,8175,8174,
284.77,8177,8175,8174,
284.779,8177,8173,8177,
284.788,8177,8175,8174,
284.8,8179,8175,8177,
284.812,8179,8175,8180,
284.822,8177,8175,8180,
284.833,8179,8175,8180,
284.841,8177,8175,8177,
284.85,8177,8173,8177,
284.86,8177,8175,8177,
284.869,8179,8175,8180,
284.881,8179,8175,8177,
284.892,8177,8175,8180,
284.901,8177,8175,8180,
284.909,8177,8175,8177,
284.92,8179,8175,8174,
284.93,8177,8175,8177,
284.941,8177,8175,8174,
284.95,8177,8175,8174,
284.96,8177,8175,8177,
284.97,8177,8175,8177,
284.979,8177,8175,8174,
284.988,8177,8175,8177,
284.999,8177,8175,8174,
285.01,8177,8175,8177,
285.019,8177,8175,8174,
285.028,8177,8175,8177,
285.041,8174,8175,8174,
285.05,8177,8173,8177,
285.06,8179,8175,8174,
285.071,8179,8175,8177,
285.078,8179,8175,8177,
285.091,8179,8175,8177,
285.1,8177,8175,8177,
285.109,8179,8175,8174,
285.119,8179,8175,8177,
285.13,8179,8175,8177,
285.14,8179,8175,8177,
285.151,8177,8175,8177,
285.158,8177,8175,8177,
285.171,8177,8175,8177,
285.18,8177,8175,8177,
285.192,8177,8175,8177,
285.2,8177,8175,8177,
285.21,8177,8175,8177,
285.221,8177,8173,8177,
285.23,8179,8175,8177,
285.24,8174,8175,8174,
285.251,8177,8175,8177,
285.262,8177,8175,8177,
285.272,8179,8175,8177,
285.281,8179,8175,8177,
285.291,8177,8175,8177,
285.301,8177,8175,8174,
285.31,8179,8175,8177,
285.321,8179,8175,8177,
285.329,8177,8175,8177,
285.339,8179,8175,8174,
285.348,8177,8175,8177,
285.36,8179,8175,8177,
285.37,8177,8175,8174,
285.378,8177,8175,8174,
285.389,8179,8175,8174,
285.4,8177,8175,8177,
285.408,8177,8175,8177,
285.417,8177,8175,8174,
285.431,8179,8175,8177,
285.439,8177,8175,8177,
285.449,8177,8175,8174,
285.459,8177,8175,8174,
285.47,8179,8175,8174,
285.48,8177,8175,8177,
285.49,8177,8175,8177,
285.5,8177,8175,8177,
285.509,8177,8175,8177,
285.519,8177,8175,8177,
285.53,8177,8175,8177,
285.54,8177,8175,8177,
285.549,8177,8175,8174,
285.559,8177,8175,8177,
285.572,8177,8175,8177,
285.578,8177,8175,8177,
285.587,8177,8175,8174,
285.599,8179,8175,8177,
285.608,8177,8175,8177,
285.62,8177,8173,8174,
285.631,8179,8175,8177,
285.639,8174,8175,8174,
285.649,8177,8178,8174,
285.659,8177,8175,8177,
285.671,8177,8175,8177,
285.677,8174,8175,8177,
285.689,8174,8175,8177,
285.699,8174,8175,8177,
285.711,8174,8175,8177,
285.718,8174,8175,8174,
285.729,8177,8175,8177,
285.74,8174,8175,8174,
285.749,8174,8178,8177,
285.758,8174,8175,8177,
285.77,8179,8175,8177,
285.779,8179,8175,8177,
285.789,8179,8175,8177,
285.799,8179,8175,8174,
285.808,8177,8175,8177,
285.818,8179,8175,8174,
285.83,8179,8175,8180,
285.84,8179,8178,8180,
285.85,8179,8175,8180,
285.86,8177,8175,8177,
285.869,8177,8175,8180,
285.879,8177,8175,8174,
285.89,8177,8175,8177,
285.901,8177,8175,8177,
285.908,8177,8175,8180,
285.92,8177,8175,8180,
285.928,8177,8175,8177,
285.938,8177,8175,8174,
285.949,8177,8175,8177,
285.96,8177,8175,8177,
285.97,8177,8175,8177,
285.981,8177,8175,8174,
285.988,8177,8173,8177,
285.998,8177,8175,8177,
286.01,8177,8175,8177,
286.019,8177,8175,8174,
286.029,8179,8175,8177,
286.039,8174,8175,8174,
286.05,8174,8173,8174,
286.058,8177,8175,8177,
286.068,8177,8175,8177,
286.08,8177,8175,8177,
286.089,8177,8175,8177,
286.098,8177,8175,8174,
286.108,8179,8175,8177,
286.118,8177,8175,8174,
286.129,8179,8175,8177,
286.138,8179,8175,8177,
286.149,8179,8173,8177,
286.159,8177,8175,8174,
286.17,8179,8175,8174,
286.179,8179,8175,8177,
286.186,8177,8175,8174,
286.197,8177,8175,8177,
286.209,8177,8178,8177,
286.219,8179,8175,8174,
286.228,8177,8175,8174,
286.237,8179,8173,8180,
286.246,8179,8175,8180,
286.258,8177,8173,8177,
286.267,8177,8175,8180,
286.278,8177,8175,8177,
286.287,8177,8175,8180,
286.3,8177,8175,8180,
286.309,8177,8175,8180,
286.318,8177,8173,8180,
286.329,8177,8175,8180,
286.339,8177,8175,8180,
286.348,8177,8175,8174,
286.358,8179,8175,8177,
286.369,8177,8175,8177,
286.379,8179,8175,8174,
286.389,8179,8175,8177,
286.399,8174,8175,8177,
286.407,8174,8173,8177,
286.417,8174,8175,8174,
286.429,8174,8175,8177,
286.439,8177,8175,8174,
286.449,8174,8175,8177,
286.459,8177,8175,8177,
286.468,8174,8173,8177,
286.478,8174,8175,8177,
286.487,8174,8175,8177,
286.499,8177,8175,8174,
286.509,8179,8175,8177,
286.518,8177,8175,8177,
286.527,8179,8175,8174,
286.538,8177,8175,8174,
286.547,8177,8175,8174,
286.56,8177,8175,8174,
286.566,8177,8175,8177,
286.575,8177,8175,8174,
286.587,8179,8175,8174,
286.597,8179,8175,8177,
286.608,8179,8175,8177,
286.617,8177,8175,8177,
286.627,8179,8175,8174,
286.64,8174,8175,8177,
286.649,8177,8175,8174,
286.658,8177,8175,8177,
286.669,8177,8175,8174,
286.678,8177,8175,8177,
286.688,8179,8175,8174,
286.697,8177,8175,8177,
286.709,8179,8173,8177,
286.717,8177,8175,8174,
286.729,8177,8175,8177,
286.738,8177,8175,8177,
286.748,8177,8175,8174,
286.758,8177,8175,8174,
286.768,8177,8175,8177,
286.777,8177,8175,8174,
286.788,8177,8175,8174,
286.798,8177,8178,8174,
286.808,8179,8178,8177,
286.82,8177,8178,8177,
286.826,8177,8178,8177,
286.84,8179,8178,8180,
286.849,8182,8178,8177,
286.859,8177,8175,8174,
286.869,8177,8178,8177,
286.875,8177,8178,8177,
286.888,8177,8178,8177,
286.899,8177,8178,8177,
286.906,8177,8175,8177,
286.916,8179,8175,8177,
286.927,8179,8175,8177,
286.936,8177,8175,8174,
286.947,8177,8175,8177,
286.958,8177,8175,8177,
286.967,8177,8175,8174,
286.978,8177,8175,8177,
286.988,8177,8175,8177,
286.997,8177,8175,8174,
287.009,8177,8175,8174,
287.017,8177,8175,8174,
287.028,8177,8175,8177,
287.037,8174,8178,8177,
287.048,8177,8178,8174,
287.057,8177,8173,8177,
287.067,8179,8175,8177,
287.076,8179,8175,8177,
287.088,8179,8173,8177,
287.098,8179,8175,8177,
287.108,8179,8175,8177,
287.116,8179,8175,8177,
287.127,8177,8175,8174,
287.138,8177,8173,8174,
287.149,8177,8175,8174,
287.16,8177,8175,8177,
287.168,8174,8175,8177,
287.176,8177,8175,8174,
287.186,8177,8175,8174,
287.198,8177,8175,8177,
287.206,8177,8175,8177,
287.218,8174,8178,8177,
287.227,8174,8175,8174,
287.237,8177,8175,8174,
287.245,8177,8173,8174,
287.256,8177,8175,8177,
287.266,8179,8173,8177,
287.277,8177,8175,8174,
287.287,8177,8175,8177,
287.296,8177,8175,8174,
287.307,8177,8173,8177,
287.317,8177,8175,8174,
287.328,8177,8175,8174,
287.339,8177,8175,8174,
287.348,8177,8175,8177,
287.358,8177,8173,8177,
287.368,8177,8175,8177,
287.377,8179,8175,8177,
287.388,8177,8175,8177,
287.397,8179,8175,8177,
287.408,8179,8175,8177,
287.419,8179,8175,8174,
287.426,8179,8173,8177,
287.437,8174,8175,8177,
287.446,8174,8178,8172,
287.458,8177,8175,8177,
287.465,8177,8175,8174,
287.478,8177,8175,8174,
287.487,8177,8175,8174,
287.496,8177,8175,8177,
287.506,8177,8175,8177,
287.519,8177,8175,8174,
287.527,8177,8175,8174,
287.537,8177,8173,8174,
287.545,8177,8175,8174,
287.556,8177,8175,8174,
287.568,8177,8175,8174,
287.576,8179,8175,8174,
287.586,8177,8175,8174,
287.596,8177,8175,8174,
287.605,8179,8175,8174,
287.617,8177,8175,8174,
287.628,8177,8175,8174,
287.636,8174,8175,8174,
287.646,8177,8175,8174,
287.657,8177,8175,8177,
287.667,8177,8173,8177,
287.674,8177,8175,8177,
287.685,8177,8175,8174,
287.697,8177,8175,8177,
287.706,8177,8175,8177,
287.717,8177,8175,8177,
287.726,8177,8175,8177,
287.739,8177,8175,8177,
287.746,8177,8175,8177,
287.756,8177,8175,8177,
287.766,8177,8175,8177,
287.776,8177,8175,8174,
287.787,8177,8175,8174,
287.796,8177,8175,8174,
287.808,8177,8175,8174,
287.817,8179,8175,8177,
287.826,8179,8175,8174,
287.839,8174,8173,8174,
287.847,8174,8175,8177,
287.856,8177,8175,8177,
287.867,8177,8175,8177,
287.877,8177,8175,8177,
287.885,8177,8175,8177,
287.895,8177,8175,8177,
287.906,8177,8175,8177,
287.917,8177,8175,8177,
287.927,8179,8175,8177,
287.937,8177,8175,8177,
287.946,8177,8175,8174,
287.956,8177,8175,8177,
287.967,8177,8175,8174,
287.977,8177,8175,8177,
287.987,8177,8175,8177,
287.994,8179,8175,8177,
288.007,8177,8175,8177,
288.014,8177,8175,8180,
288.025,8179,8175,8174,
288.037,8174,8175,8177,
288.046,8179,8175,8177,
288.055,8179,8175,8177,
288.066,8179,8175,8177,
288.076,8179,8175,8177,
288.087,8179,8175,8177,
288.098,8179,8175,8174,
288.104,8179,8175,8177,
288.115,8177,8175,8177,
288.127,8177,8175,8177,
288.137,8177,8175,8177,
288.146,8177,8175,8174,
288.155,8179,8175,8177,
288.164,8177,8175,8174,
288.176,8177,8175,8177,
288.186,8177,8175,8174,
288.195,8177,8175,8177,
288.207,8179,8175,8177,
288.218,8177,8175,8177,
288.226,8177,8175,8174,
288.236,8174,8175,8174,
288.243,8177,8178,8177,
288.254,8177,8175,8174,
288.266,8179,8175,8174,
288.275,8179,8175,8174,
288.286,8177,8175,8177,
288.296,8177,8175,8177,
288.306,8179,8175,8174,
288.315,8179,8175,8174,
288.326,8177,8175,8177,
288.337,8179,8175,8177,
288.348,8179,8175,8174,
288.357,8179,8175,8174,
288.363,8177,8175,8174,
288.377,8179,8175,8177,
288.387,8177,8175,8174,
288.394,8179,8175,8177,
288.407,8179,8175,8177,
288.415,8177,8175,8177,
288.424,8177,8178,8174,
288.438,8177,8178,8177,
288.445,8179,8175,8180,
288.454,8177,8175,8177,
288.466,8177,8175,8177,
288.476,8177,8175,8177,
288.485,8177,8175,8174,
288.496,8179,8175,8177,
288.503,8177,8175,8177,
288.514,8177,8175,8174,
288.524,8177,8175,8174,
288.535,8177,8173,8174,
288.546,8179,8175,8174,
288.555,8177,8175,8174,
288.566,8177,8175,8177,
288.576,8179,8173,8177,
288.586,8177,8175,8177,
288.597,8177,8175,8177,
288.607,8177,8175,8177,
288.613,8177,8175,8174,
288.625,8179,8175,8177,
288.636,8177,8175,8177,
288.647,8177,8175,8172,
288.653,8177,8175,8177,
288.663,8177,8175,8177,
288.673,8177,8175,8177,
288.686,8177,8175,8177,
288.694,8177,8175,8177,
288.706,8177,8175,8177,
288.715,8177,8175,8174,
288.727,8177,8175,8174,
288.737,8177,8175,8177,
288.746,8177,8175,8177,
288.754,8177,8175,8177,
288.765,8177,8175,8174,
288.774,8177,8175,8174,
288.782,8179,8175,8177,
288.793,8177,8175,8174,
288.805,8177,8175,8177,
288.814,8177,8175,8177,
288.826,8177,8175,8177,
288.834,8179,8178,8177,
288.844,8177,8175,8177,
288.856,8177,8175,8177,
288.867,8177,8173,8174,
288.876,8177,8175,8174,
288.887,8177,8175,8177,
288.895,8177,8175,8177,
288.905,8177,8175,8177,
288.915,8177,8173,8177,
288.926,8177,8175,8174,
288.935,8177,8175,8177,
288.947,8177,8175,8177,
288.954,8177,8173,8177,
288.967,8179,8175,8174,
288.974,8177,8175,8177,
288.987,8179,8175,8177,
288.996,8179,8175,8177,
289.005,8179,8175,8177,
289.013,8177,8175,8174,
289.024,8177,8175,8174,
289.035,8177,8175,8177,
289.045,8174,8175,8180,
289.057,8174,8175,8174,
289.064,8174,8175,8174,
289.076,8174,8175,8174,
289.083,8174,8175,8177,
289.094,8174,8175,8177,
289.104,8174,8175,8177,
289.114,8177,8175,8177,
289.125,8177,8175,8174,
289.134,8177,8175,8174,
289.146,8177,8175,8177,
289.157,8177,8175,8174,
289.164,8177,8173,8174,
289.174,8177,8175,8174,
289.186,8177,8173,8177,
289.194,8177,8175,8177,
289.205,8177,8175,8174,
289.213,8177,8175,8174,
289.226,8177,8175,8177,
289.236,8179,8175,8177,
289.246,8182,8175,8174,
289.255,8179,8175,8177,
289.264,8179,8175,8174,
289.276,8179,8175,8177,
289.286,8177,8175,8177,
289.294,8177,8175,8177,
289.303,8177,8175,8174,
289.315,8177,8173,8174,
289.326,8177,8173,8177,
289.334,8177,8175,8174,
289.345,8177,8175,8177,
289.354,8177,8175,8177,
289.364,8177,8173,8177,
289.374,8177,8175,8174,
289.384,8177,8173,8174,
289.394,8177,8175,8177,
289.405,8177,8175,8174,
289.415,8174,8175,8180,
289.424,8177,8178,8177,
289.433,8179,8173,8177,
289.445,8177,8173,8177,
289.453,8177,8175,8177,
289.48,8177,8175,8174,
289.48,8177,8175,8174,
289.484,8177,8175,8174,
289.493,8179,8175,8177,
289.503,8177,8175,8174,
289.515,8177,8175,8174,
289.522,8177,8173,8177,
289.535,8177,8175,8177,
289.545,8177,8175,8177,
289.556,8177,8175,8177,
289.562,8179,8175,8177,
289.574,8177,8175,8174,
289.584,8177,8175,8177,
289.594,8177,8175,8177,
289.602,8177,8173,8177,
289.613,8177,8175,8174,
289.624,8177,8175,8174,
289.635,8177,8173,8174,
289.643,8179,8175,8177,
289.653,8177,8175,8177,
289.663,8177,8175,8174,
289.671,8177,8175,8174,
289.683,8179,8175,8174,
289.693,8177,8175,8174,
289.704,8177,8175,8174,
289.714,8177,8173,8174,
289.723,8177,8175,8174,
289.734,8177,8175,8177,
289.744,8177,8175,8174,
289.754,8177,8175,8174,
289.763,8177,8175,8177,
289.773,8177,8175,8174,
289.783,8177,8175,8177,
289.794,8179,8175,8177,
289.803,8177,8173,8177,
289.814,8179,8173,8174,
289.822,8177,8175,8180,
289.835,8177,8175,8180,
289.843,8177,8173,8180,
289.854,8177,8173,8177,
289.862,8179,8175,8180,
289.873,8179,8175,8180,
289.884,8179,8175,8180,
289.891,8179,8175,8177,
289.903,8179,8175,8177,
289.913,8179,8175,8177,
289.923,8179,8175,8177,
289.931,8179,8175,8180,
289.943,8179,8175,8180,
289.954,8179,8175,8180,
289.964,8179,8175,8180,
289.973,8177,8175,8177,
289.985,8179,8175,8177,
289.994,8177,8175,8180,
290.003,8179,8175,8180,
290.011,8177,8173,8180,
290.024,8177,8175,8180,
290.034,8174,8175,8174,
290.045,8177,8173,8177,
290.053,8177,8175,8177,
290.061,8179,8175,8177,
290.074,8177,8175,8177,
290.083,8177,8175,8177,
290.092,8177,8175,8177,
290.104,8174,8175,8177,
290.112,8177,8175,8177,
290.123,8177,8173,8177,
290.131,8177,8175,8177,
290.142,8177,8175,8174,
290.152,8177,8178,8177,
290.165,8177,8178,8177,
290.171,8177,8178,8174,
290.182,8179,8178,8174,
290.192,8177,8178,8177,
290.204,8179,8178,8177,
290.213,8179,8178,8174,
290.222,8179,8178,8174,
290.234,8171,8178,8174,
290.24,8177,8178,8174,
290.253,8177,8178,8174,
290.262,8177,8173,8177,
290.272,8179,8173,8174,
290.284,8177,8175,8174,
290.293,8177,8175,8177,
290.303,8177,8175,8177,
290.312,8177,8175,8177,
290.325,8241,8175,8185,
290.334,8390,8178,8200,
290.344,8498,8178,8208,
290.354,8642,8175,8223,
290.36,8725,8173,8248,
290.373,8796,8175,8266,
290.382,8808,8175,8279,
290.392,8827,8175,8269,
290.402,8874,8175,8259,
290.413,9015,8175,8213,
290.424,8954,8175,8256,
290.434,8866,8175,8274,
290.44,8816,8175,8272,
290.451,8799,8175,8279,
290.46,8783,8175,8264,
290.473,8758,8175,8272,
290.483,8747,8175,8256,
290.492,8721,8175,8254,
290.502,8699,8175,8256,
290.514,8689,8175,8243,
290.523,8670,8175,8243,
290.533,8667,8175,8241,
290.541,8661,8175,8243,
290.554,8644,8175,8243,
290.562,8647,8175,8246,
290.57,8639,8175,8235,
290.583,8639,8175,8241,
290.593,8647,8175,8243,
290.602,8697,8175,8218,
290.612,8783,8175,8208,
290.623,8733,8175,8231,
290.631,8667,8173,8241,
290.642,8639,8175,8235,
290.653,8624,8175,8238,
290.665,8624,8175,8235,
290.67,8613,8175,8231,
290.684,8616,8175,8231,
290.693,8611,8173,8235,
290.701,8613,8175,8231,
290.711,8613,8175,8235,
290.724,8613,8173,8228,
290.734,8613,8175,8226,
290.741,8600,8175,8223,
290.751,8600,8175,8228,
290.763,8597,8175,8231,
290.773,8592,8175,8226,
290.781,8584,8178,8223,
290.792,8594,8175,8223,
290.8,8635,8175,8218,
290.811,8761,8173,8203,
290.821,8725,8178,8218,
290.831,8624,8173,8243,
290.841,8594,8173,8231,
290.853,8584,8173,8223,
290.864,8570,8175,8226,
290.87,8565,8175,8223,
290.881,8567,8175,8226,
290.89,8567,8175,8226,
290.9,8562,8175,8221,
290.912,8565,8178,8223,
290.92,8570,8175,8218,
290.932,8567,8175,8223,
290.943,8570,8175,8223,
290.951,8562,8175,8223,
290.963,8565,8175,8223,
290.973,8567,8175,8223,
290.981,8565,8175,8221,
290.993,8570,8173,8221,
291.001,8603,8178,8208,
291.012,8747,8173,8192,
291.023,8672,8175,8216,
291.032,8592,8173,8226,
291.041,8567,8175,8221,
291.05,8553,8175,8221,
291.061,8553,8178,8223,
291.072,8556,8175,8221,
291.082,8553,8175,8221,
291.09,8544,8178,8221,
291.103,8553,8175,8223,
291.111,8553,8173,8221,
291.123,8556,8173,8218,
291.133,8549,8173,8221,
291.142,8553,8175,8221,
291.151,8549,8175,8221,
291.162,8546,8173,8223,
291.174,8541,8175,8223,
291.183,8538,8175,8218,
291.191,8549,8175,8218,
291.203,8592,8175,8208,
291.212,8702,8175,8195,
291.221,8642,8173,8216,
291.232,8567,8175,8218,
291.241,8533,8173,8221,
291.251,8527,8178,8213,
291.26,8525,8178,8216,
291.272,8527,8175,8216,
291.284,8525,8178,8216,
291.292,8522,8175,8213,
291.3,8525,8178,8216,
291.312,8517,8173,8218,
291.324,8519,8173,8216,
291.331,8519,8175,8213,
291.341,8514,8175,8213,
291.351,8506,8175,8213,
291.36,8514,8173,8208,
291.37,8509,8173,8213,
291.379,8503,8173,8213,
291.391,8509,8175,8208,
291.401,8576,8178,8198,
291.411,8699,8173,8187,
291.42,8664,8175,8205,
291.432,8544,8175,8226,
291.442,8519,8175,8218,
291.452,8509,8175,8213,
291.461,8503,8175,8213,
291.47,8498,8173,8213,
291.482,8503,8175,8210,
291.49,8498,8175,8213,
291.502,8498,8175,8213,
291.511,8500,8173,8213,
291.52,8495,8175,8213,
291.532,8490,8175,8213,
291.542,8492,8173,8213,
291.548,8487,8173,8210,
291.56,8490,8175,8210,
291.57,8490,8175,8210,
291.581,8487,8175,8208,
291.59,8484,8175,8210,
291.6,8517,8173,8205,
291.611,8642,8175,8187,
291.622,8656,8175,8198,
291.632,8544,8173,8208,
291.64,8514,8173,8216,
291.649,8487,8175,8208,
291.661,8481,8175,8205,
291.674,8476,8175,8210,
291.68,8473,8178,8208,
291.691,8468,8175,8208,
291.7,8468,8173,8208,
291.712,8471,8173,8208,
291.721,8471,8175,8210,
291.731,8463,8175,8208,
291.742,8468,8173,8210,
291.75,8461,8175,8210,
291.761,8468,8175,8208,
291.769,8458,8175,8205,
291.782,8461,8175,8205,
291.792,8458,8175,8208,
291.801,8495,8173,8200,
291.81,8597,8173,8187,
291.82,8605,8178,8187,
291.831,8498,8173,8216,
291.842,8471,8175,8205,
291.85,8455,8175,8203,
291.861,8447,8175,8200,
291.87,8447,8175,8205,
291.879,8444,8175,8203,
291.89,8447,8178,8205,
291.899,8444,8175,8203,
291.908,8452,8175,8208,
291.922,8452,8173,8205,
291.93,8450,8175,8205,
291.94,8455,8173,8208,
291.951,8455,8173,8205,
291.96,8452,8173,8205,
291.97,8450,8175,8208,
291.982,8447,8173,8203,
291.992,8450,8175,8205,
292.001,8484,8175,8198,
292.011,8592,8175,8182,
292.019,8605,8175,8192,
292.032,8511,8175,8210,
292.041,8473,8175,8208,
292.053,8450,8175,8205,
292.058,8450,8173,8208,
292.069,8450,8175,8205,
292.081,8450,8175,8208,
292.091,8447,8175,8203,
292.101,8444,8173,8208,
292.11,8447,8175,8203,
292.118,8447,8175,8200,
292.13,8447,8175,8205,
292.14,8447,8175,8203,
292.149,8442,8175,8203,
292.16,8444,8175,8205,
292.171,8439,8175,8203,
292.179,8439,8175,8208,
292.19,8439,8175,8205,
292.201,8463,8175,8200,
292.211,8565,8173,8195,
292.219,8519,8175,8203,
292.228,8455,8175,8210,
292.24,8436,8178,8210,
292.249,8431,8175,8203,
292.26,8433,8175,8205,
292.269,8431,8175,8203,
292.279,8431,8175,8205,
292.29,8431,8175,8203,
292.3,8431,8175,8205,
292.312,8433,8173,8203,
292.319,8431,8173,8203,
292.331,8431,8175,8200,
292.339,8431,8175,8203,
292.35,8425,8173,8203,
292.358,8425,8175,8203,
292.372,8420,8175,8200,
292.379,8423,8175,8200,
292.39,8420,8175,8200,
292.4,8439,8175,8198,
292.41,8519,8173,8187,
292.418,8479,8175,8203,
292.429,8431,8175,8205,
292.44,8417,8173,8200,
292.449,8412,8175,8198,
292.461,8409,8173,8203,
292.47,8409,8175,8200,
292.48,8409,8175,8200,
292.49,8409,8175,8200,
292.498,8412,8175,8198,
292.51,8409,8175,8203,
292.519,8406,8175,8198,
292.528,8404,8175,8198,
292.539,8401,8175,8198,
292.548,8396,8173,8198,
292.558,8396,8173,8198,
292.568,8396,8175,8198,
292.581,8393,8175,8198,
292.588,8396,8175,8195,
292.6,8428,8173,8195,
292.611,8519,8173,8180,
292.617,8495,8175,8195,
292.631,8414,8175,8200,
292.64,8398,8173,8192,
292.649,8390,8175,8198,
292.661,8387,8173,8195,
292.67,8382,8175,8198,
292.68,8382,8175,8195,
292.689,8377,8175,8195,
292.7,8377,8173,8200,
292.708,8377,8175,8198,
292.72,8372,8175,8198,
292.731,8372,8175,8198,
292.742,8366,8175,8198,
292.749,8366,8173,8200,
292.758,8366,8175,8198,
292.77,8366,8175,8198,
292.779,8364,8175,8198,
292.788,8366,8175,8195,
292.798,8379,8175,8192,
292.811,8436,8175,8182,
292.819,8444,8175,8190,
292.828,8390,8178,8195,
292.84,8366,8173,8198,
292.848,8356,8175,8192,
292.859,8353,8175,8195,
292.87,8353,8175,8192,
292.88,8350,8175,8192,
292.888,8350,8175,8192,
292.899,8350,8173,8192,
292.908,8347,8175,8192,
292.918,8345,8175,8192,
292.928,8347,8175,8192,
292.94,8347,8175,8190,
292.949,8342,8175,8192,
292.957,8342,8173,8192,
292.971,8339,8175,8190,
292.98,8342,8173,8190,
292.991,8342,8173,8192,
292.998,8353,8175,8190,
293.01,8412,8175,8185,
293.018,8382,8175,8192,
293.03,8345,8175,8192,
293.039,8339,8175,8192,
293.047,8337,8175,8190,
293.058,8334,8175,8190,
293.07,8334,8175,8190,
293.08,8331,8173,8190,
293.089,8331,8175,8190,
293.099,8331,8175,8192,
293.11,8326,8175,8190,
293.118,8329,8175,8192,
293.128,8326,8175,8190,
293.137,8326,8175,8192,
293.148,8323,8175,8190,
293.158,8323,8175,8190,
293.169,8318,8175,8190,
293.178,8318,8175,8190,
293.19,8318,8175,8190,
293.2,8329,8175,8187,
293.208,8379,8173,8180,
293.219,8385,8175,8190,
293.228,8334,8175,8190,
293.238,8320,8173,8190,
293.248,8312,8175,8187,
293.257,8310,8175,8187,
293.268,8307,8175,8187,
293.277,8310,8175,8187,
293.289,8310,8175,8187,
293.299,8310,8175,8187,
293.308,8307,8173,8190,
293.32,8307,8175,8190,
293.328,8307,8175,8187,
293.34,8304,8173,8190,
293.349,8304,8175,8190,
293.36,8304,8175,8190,
293.369,8304,8175,8190,
293.38,8301,8175,8190,
293.386,8301,8175,8190,
293.398,8310,8175,8187,
293.408,8347,8175,8180,
293.42,8323,8175,8190,
293.428,8296,8173,8185,
293.442,8288,8173,8187,
293.448,8288,8175,8187,
293.458,8285,8175,8185,
293.469,8285,8175,8185,
293.477,8285,8175,8185,
293.486,8283,8175,8185,
293.499,8285,8175,8187,
293.508,8283,8175,8185,
293.518,8283,8175,8185,
293.527,8283,8173,8185,
293.539,8283,8175,8185,
293.548,8279,8175,8187,
293.557,8279,8175,8185,
293.568,8279,8175,8185,
293.58,8276,8175,8182,
293.59,8273,8175,8185,
293.597,8279,8175,8182,
293.61,8307,8178,8177,
293.62,8288,8175,8182,
293.629,8271,8173,8185,
293.638,8265,8173,8182,
293.648,8265,8175,8182,
293.658,8265,8175,8182,
293.668,8263,8175,8182,
293.679,8260,8175,8182,
293.688,8260,8175,8182,
293.698,8257,8175,8182,
293.708,8252,8175,8182,
293.719,8249,8175,8182,
293.73,8246,8175,8182,
293.738,8246,8175,8182,
293.749,8244,8175,8180,
293.759,8241,8173,8180,
293.779,8238,8175,8180,
293.781,8238,8175,8180,
293.788,8235,8175,8180,
293.798,8238,8175,8180,
293.807,8257,8175,8177,
293.817,8260,8175,8182,
293.827,8235,8175,8187,
293.838,8233,8173,8180,
293.849,8227,8175,8182,
293.858,8227,8175,8182,
293.866,8225,8175,8182,
293.88,8222,8175,8180,
293.887,8219,8175,8182,
293.898,8219,8175,8180,
293.908,8219,8175,8180,
293.917,8219,8175,8180,
293.929,8217,8175,8177,
293.937,8217,8175,8177,
293.947,8217,8175,8177,
293.957,8217,8175,8177,
293.968,8214,8175,8177,
293.976,8214,8175,8177,
293.987,8214,8175,8177,
293.999,8217,8175,8177,
294.009,8230,8175,8177,
294.018,8225,8175,8180,
294.027,8211,8173,8180,
294.039,8208,8178,8180,
294.049,8208,8175,8180,
294.057,8208,8175,8180,
294.066,8208,8175,8180,
294.077,8208,8175,8180,
294.089,8208,8175,8180,
294.097,8206,8175,8180,
294.107,8206,8175,8180,
294.118,8206,8173,8180,
294.129,8203,8175,8180,
294.137,8203,8173,8180,
294.145,8203,8175,8180,
294.157,8203,8173,8180,
294.168,8203,8175,8180,
294.177,8203,8173,8180,
294.188,8203,8175,8180,
294.197,8203,8175,8180,
294.208,8217,8175,8177,
294.217,8211,8175,8182,
294.229,8200,8175,8177,
294.238,8200,8175,8177,
294.25,8200,8175,8177,
294.256,8200,8175,8177,
294.269,8200,8175,8177,
294.276,8200,8175,8177,
294.286,8198,8175,8177,
294.298,8198,8173,8177,
294.309,8195,8173,8177,
294.319,8195,8175,8177,
294.326,8195,8175,8177,
294.338,8195,8175,8177,
294.348,8195,8175,8177,
294.356,8195,8175,8177,
294.368,8195,8175,8177,
294.378,8195,8175,8177,
294.389,8198,8175,8177,
294.397,8198,8175,8177,
294.407,8206,8175,8177,
294.417,8203,8173,8177,
294.428,8195,8175,8180,
294.439,8200,8175,8180,
294.446,8198,8175,8177,
294.457,8198,8175,8180,
294.468,8198,8175,8180,
294.477,8198,8175,8180,
294.49,8198,8175,8180,
294.497,8198,8175,8180,
294.506,8195,8175,8180,
294.515,8198,8175,8180,
294.528,8195,8175,8180,
294.54,8195,8173,8177,
294.546,8195,8175,8177,
294.559,8195,8173,8177,
294.569,8195,8175,8177,
294.577,8195,8175,8177,
294.586,8195,8175,8174,
294.597,8195,8175,8177,
294.608,8206,8178,8174,
294.619,8203,8175,8177,
294.626,8198,8173,8177,
294.638,8198,8173,8177,
294.647,8188,8173,8177,
294.657,8188,8175,8177,
294.666,8185,8175,8177,
294.675,8188,8175,8177,
294.686,8188,8175,8177,
294.695,8185,8175,8177,
294.707,8185,8175,8177,
294.717,8185,8175,8177,
294.727,8185,8175,8174,
294.737,8185,8175,8177,
294.745,8185,8175,8174,
294.757,8188,8175,8177,
294.765,8185,8178,8174,
294.777,8185,8175,8177,
294.788,8185,8178,8174,
294.797,8188,8178,8177,
294.809,8192,8178,8174,
294.815,8188,8175,8177,
294.826,8185,8178,8177,
294.835,8188,8178,8174,
294.849,8185,8178,8177,
294.857,8182,8178,8180,
294.866,8182,8175,8177,
294.875,8182,8175,8180,
294.886,8182,8175,8177,
294.91,8182,8175,8180,
294.91,8182,8175,8180,
294.916,8182,8175,8180,
294.927,8182,8175,8177,
294.936,8182,8175,8177,
294.947,8182,8173,8177,
294.956,8182,8173,8177,
294.966,8182,8175,8174,
294.975,8182,8175,8177,
294.986,8182,8175,8177,
294.995,8182,8175,8177,
295.007,8185,8175,8174,
295.014,8185,8175,8177,
295.024,8182,8175,8177,
295.037,8182,8173,8174,
295.045,8182,8173,8174,
295.057,8182,8173,8180,
295.066,8185,8175,8177,
295.076,8185,8175,8180,
295.086,8185,8175,8180,
295.097,8185,8175,8180,
295.106,8185,8175,8177,
295.116,8185,8175,8180,
295.126,8185,8175,8180,
295.137,8182,8175,8180,
295.147,8185,8175,8177,
295.157,8185,8175,8177,
295.166,8182,8175,8174,
295.176,8182,8175,8177,
295.185,8182,8175,8177,
295.196,8182,8175,8177,
295.207,8182,8175,8177,
295.216,8185,8175,8177,
295.226,8185,8173,8177,
295.236,8182,8175,8177,
295.244,8182,8175,8174,
295.253,8179,8173,8174,
295.265,8182,8173,8174,
295.275,8185,8175,8177,
295.286,8185,8175,8174,
295.295,8185,8175,8174,
295.305,8182,8175,8177,
295.316,8185,8175,8177,
295.324,8182,8175,8177,
295.337,8185,8175,8174,
295.346,8182,8175,8177,
295.356,8182,8175,8174,
295.366,8182,8175,8177,
295.375,8182,8175,8177,
295.384,8185,8175,8177,
295.396,8182,8175,8177,
295.407,8188,8175,8174,
295.415,8185,8175,8174,
295.426,8182,8178,8172,
295.436,8182,8175,8177,
295.445,8182,8175,8174,
295.455,8182,8175,8174,
295.468,8182,8175,8174,
295.474,8182,8175,8174,
295.485,8182,8173,8174,
295.494,8182,8175,8177,
295.506,8182,8175,8177,
295.515,8182,8175,8177,
295.526,8182,8175,8177,
295.534,8182,8173,8174,
295.545,8179,8175,8174,
295.558,8179,8175,8174,
295.566,8179,8175,8177,
295.573,8179,8175,8174,
295.586,8179,8175,8177,
295.595,8182,8175,8177,
295.606,8182,8173,8177,
295.616,8179,8173,8177,
295.623,8179,8175,8174,
295.637,8179,8173,8174,
295.647,8179,8175,8177,
295.653,8179,8175,8174,
295.667,8179,8175,8174,
295.676,8179,8175,8177,
295.684,8179,8175,8177,
295.695,8179,8173,8174,
295.704,8179,8175,8174,
295.715,8179,8175,8177,
295.726,8179,8175,8177,
295.736,8179,8175,8174,
295.747,8179,8175,8174,
295.755,8179,8175,8177,
295.765,8179,8175,8180,
295.774,8182,8175,8180,
295.783,8179,8175,8177,
295.794,8179,8175,8180,
295.805,8179,8175,8177,
295.816,8182,8175,8180,
295.823,8177,8175,8177,
295.837,8179,8173,8177,
295.845,8177,8175,8177,
295.856,8182,8175,8180,
295.864,8179,8175,8177,
295.876,8182,8175,8177,
295.885,8179,8175,8177,
295.895,8182,8175,8174,
295.904,8177,8175,8174,
295.915,8177,8175,8177,
295.925,8177,8175,8177,
295.935,8177,8175,8174,
295.944,8179,8175,8174,
295.954,8177,8175,8177,
295.964,8177,8175,8177,
295.974,8179,8175,8177,
295.985,8179,8175,8177,
295.994,8177,8175,8174,
296.006,8179,8175,8177,
296.015,8179,8175,8174,
296.026,8179,8175,8174,
296.037,8177,8173,8177,
296.044,8177,8175,8177,
296.056,8174,8175,8177,
296.063,8177,8175,8177,
296.074,8177,8175,8180,
296.085,8177,8175,8177,
296.094,8177,8175,8177,
296.106,8179,8175,8180,
296.117,8182,8175,8180,
296.125,8179,8175,8177,
296.135,8179,8175,8180,
296.145,8179,8175,8177,
296.154,8179,8175,8180,
296.165,8182,8175,8177,
296.175,8179,8175,8180,
296.186,8179,8175,8180,
296.193,8179,8175,8177,
296.205,8185,8175,8177,
296.214,8182,8175,8180,
296.226,8179,8175,8177,
296.234,8179,8173,8174,
296.243,8179,8175,8177,
296.256,8179,8175,8180,
296.265,8179,8175,8180,
296.274,8179,8175,8177,
296.283,8179,8175,8174,
296.296,8182,8175,8174,
296.302,8182,8175,8177,
296.314,8182,8175,8174,
296.324,8179,8175,8174,
296.333,8179,8175,8177,
296.344,8179,8173,8177,
296.354,8179,8175,8177,
296.363,8179,8175,8174,
296.374,8179,8175,8177,
296.387,8179,8175,8177,
296.394,8179,8175,8177,
296.403,8179,8175,8177,
296.414,8179,8175,8180,
296.425,8179,8173,8180,
296.436,8182,8175,8177,
296.445,8179,8173,8177,
296.456,8179,8175,8177,
296.465,8179,8175,8177,
296.475,8179,8175,8177,
296.486,8179,8175,8180,
296.494,8179,8175,8177,
296.503,8177,8175,8180,
296.515,8179,8175,8180,
296.525,8177,8175,8180,
296.534,8179,8175,8177,
296.542,8177,8175,8177,
296.556,8179,8175,8180,
296.564,8177,8175,8177,
296.575,8179,8175,8177,
296.583,8179,8173,8177,
296.594,8179,8175,8177,
296.604,8177,8175,8177,
296.615,8179,8175,8174,
296.625,8177,8175,8174,
296.635,8177,8175,8172,
296.645,8179,8173,8177,
296.655,8179,8175,8174,
296.662,8179,8173,8177,
296.676,8179,8175,8174,
296.682,8179,8175,8177,
296.694,8179,8175,8177,
296.702,8179,8175,8174,
296.715,8179,8175,8174,
296.725,8179,8175,8177,
296.736,8177,8175,8177,
296.745,8177,8175,8177,
296.754,8177,8175,8174,
296.763,8177,8175,8174,
296.775,8177,8175,8174,
296.783,8177,8175,8174,
296.792,8177,8175,8177,
296.805,8174,8175,8177,
296.814,8177,8178,8177,
296.823,8174,8175,8174,
296.832,8174,8175,8172,
296.845,8179,8175,8177,
296.856,8179,8175,8174,
296.863,8179,8175,8174,
296.874,8179,8175,8177,
296.884,8179,8175,8177,
296.893,8179,8175,8174,
296.904,8179,8175,8174,
296.913,8179,8175,8174,
296.922,8179,8175,8174,
296.935,8179,8173,8174,
296.943,8179,8175,8174,
296.955,8179,8175,8177,
296.963,8179,8175,8174,
296.972,8177,8173,8174,
296.984,8179,8175,8174,
296.993,8179,8175,8177,
297.003,8179,8175,8174,
297.012,8179,8175,8177,
297.023,8177,8175,8177,
297.033,8182,8175,8174,
297.043,8179,8175,8174,
297.051,8179,8175,8174,
297.062,8177,8175,8174,
297.073,8179,8175,8174,
297.086,8179,8175,8174,
297.092,8177,8175,8177,
297.102,8179,8175,8174,
297.114,8179,8175,8174,
297.125,8179,8175,8174,
297.132,8179,8175,8177,
297.143,8179,8175,8177,
297.152,8179,8175,8177,
297.164,8179,8175,8174,
297.172,8179,8175,8174,
297.182,8179,8175,8177,
297.192,8179,8175,8174,
297.202,8177,8175,8177,
297.213,8179,8175,8180,
297.222,8177,8175,8180,
297.235,8177,8178,8180,
297.244,8177,8175,8177,
297.254,8179,8175,8177,
297.263,8177,8175,8180,
297.272,8177,8175,8180,
297.284,8177,8175,8180,
297.293,8177,8175,8180,
297.303,8174,8175,8180,
297.315,8174,8175,8177,
297.323,8177,8175,8177,
297.335,8177,8173,8180,
297.341,8177,8175,8177,
297.353,8177,8175,8177,
297.364,8179,8175,8177,
297.371,8179,8175,8177,
297.382,8179,8175,8180,
297.392,8179,8175,8177,
297.402,8179,8175,8177,
297.412,8179,8175,8174,
297.423,8177,8178,8174,
297.434,8177,8175,8174,
297.444,8179,8175,8174,
297.451,8179,8175,8177,
297.463,8179,8175,8174,
297.472,8177,8175,8177,
297.482,8179,8175,8177,
297.493,8179,8175,8174,
297.504,8179,8175,8177,
297.512,8177,8175,8174,
297.523,8179,8175,8174,
297.531,8177,8175,8177,
297.542,8179,8175,8177,
297.553,8179,8175,8177,
297.562,8179,8175,8174,
297.572,8179,8175,8177,
297.584,8179,8175,8177,
297.593,8179,8175,8177,
297.603,8179,8175,8177,
297.613,8179,8175,8174,
297.624,8174,8175,8177,
297.633,8179,8173,8177,
297.642,8177,8175,8174,
297.653,8177,8173,8174,
297.664,8177,8175,8174,
297.673,8179,8175,8177,
297.681,8177,8175,8177,
297.692,8179,8175,8177,
297.702,8179,8175,8174,
297.713,8177,8173,8177,
297.722,8179,8175,8177,
297.732,8177,8175,8174,
297.741,8177,8175,8177,
297.752,8177,8175,8174,
297.764,8177,8175,8174,
297.77,8177,8175,8174,
297.781,8177,8175,8177,
297.793,8177,8175,8177,
297.803,8177,8175,8177,
297.811,8177,8175,8174,
297.821,8174,8175,8174,
297.834,8177,8178,8174,
297.842,8177,8173,8174,
297.852,8177,8175,8174,
297.862,8177,8173,8177,
297.873,8179,8175,8174,
297.881,8179,8175,8174,
297.893,8179,8175,8174,
297.901,8179,8175,8177,
297.913,8177,8175,8177,
297.92,8177,8175,8177,
297.932,8177,8175,8174,
297.941,8177,8175,8174,
297.952,8177,8175,8174,
297.962,8177,8175,8174,
297.974,8177,8175,8177,
297.981,8177,8175,8177,
297.992,8177,8175,8177,
298,8177,8175,8177,
298.012,8179,8175,8177,
298.024,8177,8175,8180,
298.031,8177,8175,8177,
298.044,8177,8175,8180,
298.05,8177,8175,8177,
298.061,8177,8175,8177,
298.071,8177,8175,8180,
298.082,8177,8173,8177,
298.091,8177,8173,8177,
298.103,8177,8175,8177,
298.109,8177,8175,8177,
298.121,8177,8173,8177,
298.131,8177,8173,8177,
298.142,8177,8175,8180,
298.154,8177,8173,8180,
298.163,8179,8175,8180,
298.173,8179,8175,8180,
298.181,8182,8175,8177,
298.193,8182,8175,8180,
298.201,8182,8175,8182,
298.212,8182,8173,8180,
298.221,8179,8173,8180,
298.233,8179,8173,8174,
298.243,8179,8173,8174,
298.252,8182,8175,8177,
298.261,8179,8175,8174,
298.272,8179,8175,8177,
298.281,8179,8175,8174,
298.29,8179,8175,8174,
298.301,8179,8175,8177,
298.312,8179,8175,8177,
298.323,8179,8175,8174,
298.33,8179,8175,8174,
298.341,8179,8175,8177,
298.352,8177,8175,8174,
298.362,8177,8175,8174,
298.371,8179,8175,8174,
298.382,8179,8175,8177,
298.393,8179,8175,8177,
298.401,8179,8175,8180,
298.41,8179,8175,8177,
298.421,8177,8175,8174,
298.431,8179,8178,8174,
298.44,8179,8178,8177,
298.452,8179,8178,8177,
298.46,8179,8178,8180,
298.473,8179,8178,8180,
298.484,8179,8178,8180,
298.493,8179,8178,8177,
298.502,8177,8178,8177,
298.512,8177,8178,8177,
298.523,8174,8178,8180,
298.531,8174,8178,8177,
298.539,8174,8175,8177,
298.553,8174,8175,8177,
298.561,8171,8175,8174,
298.572,8174,8173,8174,
298.581,8171,8175,8174,
298.592,8171,8175,8177,
298.6,8171,8175,8177,
298.612,8168,8175,8177,
298.62,8174,8175,8174,
298.631,8174,8173,8174,
298.643,8168,8175,8174,
298.651,8166,8175,8177,
298.662,8166,8175,8174,
298.672,8163,8175,8177,
298.682,8160,8175,8177,
298.69,8158,8175,8174,
298.702,8152,8178,8174,
298.711,8150,8178,8174,
298.722,8144,8178,8177,
298.731,8136,8175,8174,
298.74,8133,8178,8174,
298.752,8131,8178,8174,
298.762,8125,8178,8177,
298.771,8120,8178,8174,
298.781,8117,8178,8177,
298.793,8109,8175,8177,
298.799,8101,8175,8174,
298.81,8109,8181,8177,
298.823,8106,8181,8180,
298.829,8097,8181,8174,
298.84,8094,8178,8174,
298.849,8085,8181,8174,
298.86,8083,8181,8174,
298.872,8077,8181,8177,
298.879,8069,8181,8174,
298.89,8061,8181,8174,
298.902,8058,8183,8174,
298.909,8050,8186,8174,
298.921,8047,8183,8174,
298.929,8047,8183,8177,
298.94,8042,8183,8174,
298.951,8039,8181,8177,
298.961,8039,8186,8174,
298.972,8028,8183,8174,
298.982,8026,8186,8177,
298.991,7988,8186,8177,
299.002,7967,8183,8177,
299.011,7998,8193,8182,
299.023,8003,8193,8174,
299.031,8007,8186,8177,
299.04,8003,8188,8177,
299.05,8003,8191,8177,
299.062,8000,8191,8177,
299.071,8000,8193,8174,
299.081,7995,8193,8174,
299.09,7998,8191,8177,
299.101,7998,8193,8177,
299.11,7991,8186,8174,
299.119,7991,8193,8177,
299.131,7988,8193,8177,
299.139,7988,8188,8174,
299.152,7980,8186,8177,
299.161,7986,8196,8177,
299.17,7978,8193,8177,
299.18,7975,8196,8177,
299.188,7961,8183,8177,
299.199,7909,8183,8177,
299.209,7961,8196,8180,
299.218,7967,8188,8174,
299.231,7967,8196,8177,
299.24,7972,8193,8180,
299.249,7961,8199,8177,
299.26,7964,8193,8174,
299.271,7972,8196,8177,
299.282,7970,8191,8174,
299.292,7970,8199,8177,
299.301,7964,8196,8174,
299.31,7964,8191,8174,
299.32,7967,8191,8174,
299.329,7964,8196,8177,
299.342,7967,8191,8177,
299.351,7961,8193,8177,
299.36,7961,8193,8177,
299.369,7959,8201,8177,
299.38,7959,8199,8177,
299.389,7934,8188,8177,
299.4,7889,8188,8174,
299.409,7915,8201,8177,
299.42,7942,8201,8177,
299.43,7956,8204,8177,
299.44,7948,8201,8177,
299.452,7945,8196,8177,
299.462,7959,8196,8174,
299.471,7940,8204,8174,
299.48,7942,8196,8177,
299.488,7934,8196,8174,
299.501,7934,8199,8174,
299.509,7948,8196,8174,
299.519,7937,8201,8174,
299.529,7932,8204,8174,
299.542,7940,8204,8174,
299.55,7942,8201,8174,
299.557,7937,8201,8174,
299.57,7937,8196,8177,
299.58,7932,8196,8177,
299.589,7886,8191,8177,
299.601,7859,8191,8185,
299.61,7898,8199,8174,
299.621,7926,8193,8174,
299.629,7934,8196,8172,
299.641,7942,8201,8177,
299.651,7940,8199,8177,
299.659,7942,8191,8174,
299.669,7934,8201,8174,
299.681,7951,8196,8177,
299.691,7942,8193,8174,
299.699,7934,8201,8177,
299.709,7934,8201,8174,
299.721,7940,8204,8174,
299.729,7951,8204,8174,
299.739,7940,8199,8174,
299.751,7953,8188,8174,
299.76,7956,8196,8177,
299.769,7953,8191,8174,
299.779,7959,8204,8174,
299.791,7934,8196,8177,
299.8,7884,8191,8177,
299.811,7912,8196,8172,
299.818,7956,8196,8177,
299.831,7959,8191,8177,
299.839,7964,8196,8177,
299.851,7970,8201,8177,
299.859,7964,8196,8177,
299.872,7970,8188,8174,
299.877,7961,8199,8177,
299.89,7978,8193,8174,
299.899,7978,8193,8174,
299.91,7983,8193,8177,
299.918,7983,8191,8174,
299.929,7972,8193,8177,
299.94,7978,8191,8174,
299.949,7980,8188,8177,
299.959,7975,8193,8174,
299.969,7980,8199,8180,
299.978,7983,8196,8177,
299.989,7959,8186,8177,
300,7909,8186,8180,
300.01,7970,8201,8174,
300.022,7978,8196,8180,
300.029,7978,8193,8177,
300.037,7983,8196,8180,
300.049,7980,8199,8180,
300.062,7988,8183,8180,
300.069,7988,8196,8174,
300.079,7988,8188,8174,
300.088,7991,8188,8174,
300.1,7995,8196,8177,
300.108,7998,8186,8177,
300.121,8000,8191,8177,
300.13,8003,8199,8174,
300.139,8000,8193,8177,
300.151,8009,8193,8177,
300.157,8003,8186,8177,
300.169,8015,8191,8174,
300.178,8015,8191,8177,
300.191,8003,8186,8174,
300.2,7961,8181,8177,
300.21,8009,8193,8174,
300.22,8018,8186,8172,
300.229,8018,8191,8180,
300.24,8023,8188,8177,
300.249,8023,8183,8174,
300.258,8023,8188,8174,
300.269,8023,8186,8177,
300.277,8023,8188,8177,
300.288,8031,8186,8174,
300.299,8031,8183,8174,
300.308,8026,8183,8174,
300.318,8026,8181,8174,
300.328,8031,8188,8174,
300.338,8028,8191,8177,
300.348,8031,8186,8174,
300.358,8031,8186,8177,
300.369,8039,8186,8177,
300.378,8037,8186,8177,
300.388,8026,8191,8174,
300.399,7995,8183,8174,
300.41,8037,8191,8177,
300.421,8047,8186,8177,
300.428,8047,8186,8172,
300.439,8050,8181,8177,
300.45,8053,8181,8174,
300.456,8055,8181,8174,
300.468,8055,8183,8174,
300.477,8055,8186,8177,
300.489,8058,8183,8177,
300.5,8061,8186,8177,
300.508,8061,8186,8177,
300.519,8064,8181,8177,
300.529,8069,8186,8177,
300.54,8069,8186,8180,
300.549,8072,8188,8180,
300.56,8072,8186,8177,
300.57,8074,8186,8177,
300.58,8072,8183,8177,
300.587,8069,8181,8174,
300.6,8042,8181,8177,
300.608,8061,8186,8177,
300.62,8080,8183,8174,
300.628,8080,8183,8177,
300.638,8083,8183,8177,
300.648,8085,8183,8174,
300.658,8085,8181,8177,
300.667,8092,8178,8177,
300.679,8094,8181,8174,
300.687,8097,8183,8180,
300.697,8103,8181,8180,
300.711,8109,8178,8177,
300.72,8112,8178,8177,
300.729,8117,8178,8180,
300.738,8125,8178,8180,
300.748,8131,8178,8180,
300.758,8136,8178,8177,
300.77,8139,8178,8180,
300.78,8141,8178,8177,
300.789,8139,8175,8174,
300.8,8139,8175,8174,
300.81,8150,8178,8177,
300.818,8150,8178,8177,
300.827,8155,8178,8177,
300.838,8158,8178,8174,
300.85,8160,8175,8174,
300.858,8160,8175,8177,
300.869,8163,8175,8174,
300.879,8163,8175,8174,
300.889,8163,8175,8177,
300.901,8166,8175,8174,
300.909,8166,8175,8174,
300.92,8168,8175,8174,
300.927,8171,8175,8177,
300.937,8171,8175,8174,
300.95,8171,8175,8174,
300.958,8174,8175,8174,
300.968,8174,8175,8174,
300.977,8177,8175,8177,
300.986,8179,8175,8180,
300.997,8177,8173,8180,
301.007,8179,8173,8180,
301.017,8185,8175,8180,
301.028,8188,8173,8177,
301.039,8208,8175,8180,
301.049,8219,8175,8174,
301.059,8222,8175,8180,
301.068,8227,8175,8180,
301.08,8235,8175,8177,
301.09,8238,8175,8180,
301.096,8230,8175,8182,
301.106,8211,8175,8177,
301.118,8206,8175,8177,
301.126,8206,8175,8177,
301.137,8208,8175,8177,
301.147,8211,8175,8177,
301.157,8214,8175,8177,
301.17,8217,8175,8177,
301.176,8222,8175,8177,
301.188,8230,8175,8177,
301.197,8257,8175,8177,
301.209,8252,8175,8180,
301.219,8238,8175,8180,
301.228,8244,8178,8182,
301.237,8252,8175,8180,
301.249,8254,8173,8182,
301.259,8260,8173,8182,
301.267,8260,8175,8182,
301.276,8265,8175,8182,
301.287,8268,8175,8182,
301.298,8271,8175,8185,
301.308,8276,8175,8187,
301.319,8276,8175,8185,
301.325,8283,8175,8185,
301.338,8283,8175,8187,
301.348,8283,8175,8187,
301.358,8285,8175,8187,
301.369,8288,8175,8187,
301.377,8296,8178,8190,
301.387,8310,8178,8187,
301.396,8350,8175,8182,
301.408,8331,8178,8185,
301.417,8310,8178,8185,
301.427,8312,8175,8185,
301.438,8315,8178,8187,
301.446,8318,8178,8187,
301.458,8320,8178,8187,
301.467,8323,8178,8190,
301.475,8323,8175,8190,
301.488,8329,8175,8190,
301.497,8334,8175,8190,
301.507,8337,8175,8192,
301.519,8339,8175,8195,
301.525,8345,8175,8192,
301.538,8345,8175,8195,
301.548,8350,8175,8195,
301.559,8353,8175,8195,
301.565,8353,8175,8195,
301.576,8356,8175,8195,
301.586,8379,8175,8195,
301.597,8442,8175,8180,
301.606,8412,8173,8192,
301.618,8364,8175,8192,
301.627,8361,8178,8192,
301.639,8361,8175,8192,
301.647,8361,8175,8192,
301.658,8361,8175,8192,
301.67,8358,8175,8192,
301.677,8358,8175,8192,
301.687,8356,8175,8192,
301.697,8356,8175,8195,
301.706,8353,8175,8192,
301.716,8353,8175,8192,
301.726,8350,8175,8192,
301.737,8347,8175,8192,
301.747,8350,8175,8190,
301.756,8345,8175,8192,
301.769,8347,8175,8192,
301.776,8350,8175,8192,
301.786,8364,8175,8190,
301.799,8409,8175,8185,
301.807,8414,8175,8190,
301.819,8372,8175,8195,
301.826,8361,8175,8192,
301.838,8358,8175,8192,
301.847,8358,8175,8195,
301.856,8356,8175,8192,
301.867,8353,8175,8192,
301.878,8356,8175,8192,
301.888,8356,8175,8195,
301.899,8356,8175,8195,
301.908,8358,8175,8192,
301.919,8356,8175,8192,
301.927,8358,8175,8192,
301.937,8358,8173,8195,
301.945,8356,8175,8195,
301.956,8358,8175,8192,
301.968,8358,8175,8195,
301.977,8356,8175,8192,
301.988,8372,8175,8190,
301.998,8420,8173,8185,
302.006,8387,8178,8192,
302.017,8353,8178,8198,
302.027,8353,8175,8195,
302.036,8350,8178,8195,
302.045,8350,8178,8195,
302.058,8347,8178,8192,
302.065,8347,8178,8195,
302.075,8345,8178,8195,
302.086,8347,8178,8192,
302.097,8347,8178,8195,
302.106,8345,8175,8192,
302.117,8347,8173,8195,
302.127,8347,8175,8195,
302.137,8347,8175,8192,
302.146,8347,8175,8195,
302.158,8345,8173,8195,
302.164,8345,8175,8192,
302.176,8345,8175,8195,
302.186,8356,8175,8192,
302.197,8409,8173,8187,
302.207,8412,8173,8190,
302.217,8364,8173,8200,
302.224,8350,8175,8190,
302.237,8339,8175,8190,
302.245,8339,8175,8190,
302.256,8337,8173,8190,
302.265,8337,8175,8190,
302.276,8334,8175,8190,
302.285,8334,8175,8190,
302.296,8334,8175,8190,
302.305,8334,8175,8190,
302.316,8334,8175,8190,
302.325,8331,8175,8192,
302.336,8334,8175,8192,
302.347,8331,8175,8192,
302.355,8331,8175,8190,
302.367,8331,8173,8190,
302.376,8331,8175,8190,
302.387,8339,8175,8187,
302.396,8385,8175,8185,
302.406,8353,8175,8190,
302.415,8331,8175,8187,
302.425,8323,8173,8187,
302.437,8323,8175,8190,
302.445,8326,8175,8190,
302.456,8326,8175,8187,
302.466,8323,8175,8190,
302.476,8323,8175,8190,
302.485,8320,8175,8187,
302.497,8320,8175,8187,
302.506,8320,8175,8187,
302.518,8318,8173,8190,
302.526,8318,8175,8187,
302.538,8318,8175,8187,
302.545,8315,8173,8190,
302.558,8315,8175,8187,
302.567,8315,8175,8187,
302.575,8315,8173,8187,
302.584,8320,8175,8185,
302.596,8366,8175,8177,
302.604,8369,8175,8187,
302.618,8318,8175,8190,
302.627,8307,8175,8190,
302.637,8307,8175,8190,
302.645,8301,8175,8190,
302.656,8301,8173,8190,
302.667,8301,8175,8190,
302.675,8296,8173,8190,
302.684,8299,8175,8190,
302.695,8299,8173,8187,
302.707,8296,8175,8190,
302.713,8296,8175,8190,
302.724,8291,8175,8190,
302.736,8291,8175,8185,
302.744,8288,8175,8187,
302.755,8288,8175,8187,
302.765,8285,8175,8187,
302.773,8288,8175,8187,
302.785,8296,8173,8185,
302.794,8334,8175,8182,
302.806,8315,8173,8185,
302.817,8283,8175,8185,
302.827,8283,8175,8182,
302.835,8283,8175,8187,
302.845,8283,8175,8187,
302.856,8283,8173,8187,
302.868,8283,8175,8187,
302.878,8279,8175,8187,
302.888,8279,8175,8187,
302.896,8279,8175,8187,
302.908,8276,8175,8185,
302.915,8276,8175,8187,
302.927,8273,8173,8187,
302.937,8273,8175,8187,
302.945,8271,8175,8187,
302.955,8271,8175,8185,
302.966,8268,8175,8185,
302.977,8268,8175,8187,
302.984,8271,8175,8185,
302.997,8293,8175,8182,
303.007,8285,8175,8182,
303.013,8268,8173,8187,
303.024,8260,8178,8187,
303.035,8257,8175,8182,
303.046,8257,8175,8185,
303.055,8254,8175,8185,
303.064,8254,8173,8185,
303.075,8254,8173,8185,
303.086,8252,8175,8185,
303.094,8252,8175,8185,
303.104,8252,8175,8185,
303.116,8249,8175,8182,
303.125,8252,8175,8185,
303.135,8249,8175,8182,
303.146,8246,8175,8182,
303.155,8244,8178,8180,
303.168,8246,8178,8180,
303.175,8244,8175,8180,
303.184,8252,8178,8180,
303.195,8276,8178,8174,
303.206,8257,8178,8182,
303.215,8238,8175,8180,
303.224,8235,8175,8182,
303.236,8235,8178,8177,
303.245,8235,8178,8180,
303.254,8235,8175,8180,
303.265,8233,8175,8180,
303.276,8233,8175,8177,
303.285,8233,8173,8180,
303.296,8230,8175,8177,
303.307,8227,8175,8177,
303.313,8227,8175,8180,
303.327,8227,8175,8180,
303.333,8225,8173,8177,
303.345,8225,8175,8177,
303.354,8222,8175,8180,
303.364,8222,8175,8177,
303.376,8222,8173,8177,
303.384,8225,8175,8177,
303.394,8235,8175,8180,
303.407,8227,8175,8180,
303.416,8219,8173,8174,
303.426,8217,8175,8177,
303.434,8217,8173,8180,
303.444,8217,8175,8177,
303.455,8217,8175,8180,
303.464,8214,8175,8180,
303.475,8214,8175,8180,
303.485,8211,8175,8180,
303.494,8208,8175,8180,
303.506,8208,8175,8180,
303.515,8208,8173,8180,
303.523,8208,8175,8180,
303.537,8208,8175,8180,
303.545,8206,8175,8180,
303.555,8208,8175,8177,
303.566,8208,8175,8177,
303.576,8206,8175,8177,
303.583,8211,8173,8177,
303.596,8225,8175,8174,
303.606,8217,8175,8177,
303.615,8206,8173,8174,
303.626,8206,8173,8177,
303.636,8206,8173,8177,
303.647,8206,8173,8177,
303.654,8206,8175,8177,
303.663,8203,8175,8177,
303.674,8203,8175,8174,
303.685,8203,8178,8177,
303.693,8203,8178,8177,
303.707,8200,8175,8174,
303.713,8200,8178,8177,
303.725,8200,8178,8177,
303.734,8200,8178,8177,
303.744,8200,8178,8177,
303.754,8198,8178,8177,
303.764,8198,8178,8177,
303.775,8200,8178,8177,
303.784,8200,8173,8177,
303.793,8206,8175,8177,
303.805,8200,8175,8177,
303.817,8195,8175,8177,
303.823,8195,8173,8177,
303.834,8195,8175,8177,
303.845,8195,8175,8177,
303.856,8192,8173,8174,
303.862,8192,8175,8177,
303.873,8192,8175,8177,
303.883,8192,8175,8177,
303.893,8192,8175,8177,
303.903,8192,8175,8177,
303.912,8192,8175,8177,
303.926,8192,8175,8177,
303.933,8192,8175,8174,
303.945,8192,8175,8177,
303.954,8195,8175,8177,
303.965,8195,8175,8180,
303.974,8195,8173,8180,
303.983,8195,8175,8180,
303.994,8198,8175,8180,
304.003,8195,8173,8180,
304.012,8192,8173,8177,
304.025,8192,8175,8177,
304.033,8188,8173,8180,
304.041,8188,8173,8177,
304.053,8192,8173,8180,
304.066,8188,8175,8177,
304.075,8188,8175,8177,
304.083,8188,8175,8177,
304.094,8188,8175,8177,
304.102,8188,8175,8177,
304.115,8188,8175,8174,
304.123,8188,8175,8174,
304.133,8188,8175,8177,
304.143,8188,8175,8177,
304.156,8185,8175,8177,
304.164,8188,8175,8180,
304.174,8188,8175,8180,
304.185,8188,8175,8177,
304.194,8188,8175,8180,
304.202,8192,8175,8180,
304.214,8192,8173,8180,
304.223,8185,8175,8180,
304.236,8188,8178,8180,
304.245,8185,8173,8177,
304.253,8185,8175,8180,
304.264,8185,8175,8177,
304.275,8188,8175,8177,
304.284,8185,8175,8180,
304.293,8185,8175,8180,
304.304,8185,8175,8177,
304.313,8185,8175,8177,
304.323,8185,8175,8180,
304.333,8188,8175,8177,
304.342,8185,8175,8180,
304.353,8185,8175,8177,
304.364,8185,8175,8180,
304.373,8185,8175,8177,
304.382,8185,8175,8180,
304.395,8185,8175,8180,
304.403,8185,8175,8177,
304.414,8185,8175,8177,
304.422,8182,8175,8177,
304.433,8182,8175,8177,
304.444,8185,8175,8180,
304.455,8182,8175,8180,
304.462,8185,8175,8177,
304.471,8182,8175,8177,
304.484,8182,8173,8177,
304.493,8182,8173,8177,
304.505,8179,8175,8177,
304.511,8179,8175,8177,
304.523,8179,8175,8174,
304.534,8179,8175,8174,
304.542,8179,8175,8177,
304.553,8179,8175,8174,
304.564,8182,8175,8177,
304.572,8179,8175,8177,
304.582,8179,8175,8180,
304.591,8182,8175,8180,
304.604,8179,8175,8177,
304.615,8177,8175,8180,
304.623,8179,8173,8174,
304.633,8179,8175,8177,
304.642,8179,8175,8180,
304.654,8179,8175,8180,
304.666,8179,8175,8177,
304.674,8182,8173,8180,
304.683,8182,8175,8177,
304.693,8182,8175,8177,
304.704,8182,8173,8174,
304.714,8182,8175,8177,
304.723,8179,8175,8174,
304.732,8182,8175,8174,
304.744,8182,8175,8177,
304.751,8182,8175,8174,
304.763,8182,8175,8174,
304.771,8182,8175,8174,
304.784,8182,8175,8174,
304.794,8185,8175,8174,
304.8,8182,8175,8177,
304.811,8177,8175,8177,
304.824,8177,8178,8177,
304.834,8177,8175,8177,
304.842,8179,8175,8174,
304.854,8179,8175,8177,
304.864,8179,8173,8177,
304.875,8179,8175,8177,
304.883,8179,8173,8174,
304.893,8179,8175,8174,
304.903,8179,8175,8177,
304.912,8179,8175,8177,
304.925,8179,8175,8174,
304.932,8179,8175,8174,
304.944,8179,8175,8177,
304.953,8179,8175,8174,
304.964,8179,8175,8177,
304.971,8179,8175,8177,
304.981,8179,8175,8177,
304.993,8179,8175,8174,
305.002,8177,8178,8177,
305.012,8177,8173,8174,
305.022,8179,8178,8174,
305.034,8179,8175,8174,
305.041,8179,8175,8174,
305.053,8179,8175,8174,
305.064,8179,8175,8174,
305.071,8179,8175,8174,
305.083,8179,8175,8177,
305.093,8179,8173,8174,
305.1,8179,8175,8174,
305.113,8179,8175,8174,
305.122,8177,8175,8174,
305.134,8179,8175,8174,
305.143,8179,8175,8174,
305.152,8179,8173,8174,
305.162,8179,8175,8174,
305.172,8179,8175,8177,
305.184,8179,8175,8174,
305.19,8179,8175,8180,
305.202,8179,8175,8180,
305.212,8179,8175,8177,
305.222,8179,8175,8177,
305.232,8179,8178,8180,
305.242,8179,8175,8180,
305.253,8182,8175,8177,
305.262,8179,8175,8177,
305.271,8179,8175,8180,
305.283,8179,8175,8180,
305.293,8179,8175,8177,
305.302,8179,8173,8177,
305.314,8179,8175,8174,
305.32,8179,8175,8174,
305.332,8179,8175,8177,
305.343,8179,8175,8174,
305.352,8179,8175,8174,
305.363,8182,8175,8174,
305.371,8179,8175,8177,
305.382,8179,8175,8177,
305.392,8182,8178,8172,
305.402,8182,8175,8174,
305.41,8177,8175,8177,
305.423,8177,8175,8177,
305.43,8179,8175,8177,
305.443,8182,8173,8174,
305.454,8179,8175,8177,
305.462,8179,8175,8174,
305.474,8179,8175,8174,
305.479,8179,8173,8177,
305.49,8179,8175,8174,
305.502,8179,8173,8174,
305.512,8179,8173,8174,
305.521,8179,8175,8174,
305.531,8179,8173,8177,
305.543,8179,8175,8174,
305.551,8179,8175,8177,
305.563,8179,8175,8174,
305.57,8179,8175,8177,
305.582,8182,8175,8177,
305.594,8179,8175,8177,
305.601,8182,8173,8177,
305.612,8182,8178,8177,
305.621,8182,8173,8174,
305.633,8179,8175,8177,
305.643,8179,8175,8174,
305.65,8179,8175,8177,
305.66,8179,8175,8174,
305.671,8179,8175,8177,
305.682,8179,8173,8177,
305.69,8179,8175,8177,
305.702,8179,8175,8177,
305.712,8179,8175,8174,
305.722,8177,8173,8177,
305.732,8177,8175,8177,
305.741,8177,8175,8177,
305.751,8177,8175,8174,
305.763,8177,8175,8177,
305.773,8177,8175,8177,
305.781,8177,8175,8174,
305.792,8177,8175,8177,
305.802,8177,8175,8177,
305.811,8177,8175,8177,
305.822,8179,8175,8174,
305.831,8179,8175,8177,
305.841,8179,8173,8174,
305.85,8179,8175,8177,
305.861,8179,8175,8177,
305.871,8179,8175,8174,
305.882,8177,8175,8174,
305.891,8177,8175,8177,
305.902,8177,8175,8174,
305.91,8177,8175,8174,
305.921,8179,8175,8177,
305.933,8177,8173,8174,
305.942,8174,8175,8177,
305.948,8177,8175,8177,
305.961,8177,8175,8177,
305.97,8177,8175,8177,
305.982,8177,8175,8174,
305.993,8174,8175,8177,
306.001,8177,8175,8177,
306.012,8171,8173,8177,
306.023,8174,8175,8177,
306.029,8177,8175,8177,
306.042,8179,8175,8177,
306.05,8179,8175,8174,
306.059,8179,8175,8177,
306.071,8179,8175,8177,
306.082,8179,8173,8177,
306.091,8179,8175,8174,
306.1,8179,8175,8174,
306.11,8179,8175,8177,
306.121,8179,8175,8177,
306.133,8179,8175,8174,
306.14,8179,8173,8177,
306.151,8179,8175,8177,
306.159,8179,8175,8174,
306.172,8179,8175,8177,
306.182,8179,8175,8177,
306.19,8179,8175,8177,
306.199,8179,8175,8174,
306.211,8174,8175,8174,
306.222,8177,8175,8180,
306.231,8177,8175,8177,
306.24,8177,8175,8174,
306.249,8179,8175,8174,
306.261,8177,8175,8177,
306.269,8177,8175,8177,
306.28,8177,8175,8174,
306.289,8177,8175,8177,
306.302,8177,8175,8174,
306.311,8177,8175,8177,
306.322,8177,8175,8177,
306.33,8177,8175,8177,
306.341,8177,8175,8174,
306.349,8177,8173,8174,
306.362,8177,8175,8174,
306.372,8179,8175,8177,
306.381,8179,8175,8177,
306.393,8177,8175,8174,
306.4,8177,8175,8177,
306.41,8174,8175,8174,
306.419,8182,8175,8172,
306.429,8179,8175,8174,
306.442,8179,8175,8177,
306.45,8179,8175,8174,
306.462,8179,8175,8174,
306.47,8179,8175,8177,
306.482,8179,8175,8177,
306.494,8179,8175,8174,
306.501,8179,8173,8177,
306.51,8179,8173,8174,
306.519,8179,8175,8177,
306.531,8179,8173,8174,
306.54,8179,8175,8174,
306.551,8179,8175,8177,
306.56,8179,8173,8177,
306.572,8179,8175,8174,
306.581,8179,8173,8174,
306.591,8177,8173,8177,
306.6,8179,8173,8177,
306.611,8177,8175,8174,
306.621,8179,8175,8177,
306.632,8177,8178,8177,
306.64,8177,8178,8174,
306.65,8177,8178,8174,
306.662,8179,8178,8174,
306.67,8179,8178,8174,
306.681,8177,8178,8177,
306.69,8177,8178,8174,
306.699,8177,8178,8177,
306.71,8179,8178,8174,
306.719,8179,8173,8174,
306.732,8177,8175,8177,
306.741,8177,8175,8174,
306.753,8177,8175,8174,
306.759,8177,8175,8177,
306.77,8177,8173,8177,
306.779,8177,8175,8177,
306.79,8177,8175,8174,
306.802,8177,8175,8177,
306.808,8174,8173,8174,
306.82,8174,8170,8177,
306.831,8177,8175,8174,
306.84,8177,8175,8177,
306.85,8174,8175,8177,
306.86,8174,8175,8177,
306.871,8174,8175,8177,
306.88,8171,8175,8174,
306.89,8168,8175,8177,
306.901,8168,8175,8177,
306.908,8168,8175,8177,
306.921,8166,8175,8177,
306.927,8163,8175,8174,
306.943,8158,8175,8174,
306.948,8155,8178,8177,
306.961,8150,8175,8174,
306.969,8147,8175,8177,
306.979,8139,8173,8174,
306.991,8128,8175,8180,
307.003,8128,8175,8177,
307.01,8133,8178,8174,
307.019,8131,8175,8172,
307.027,8120,8175,8174,
307.04,8114,8178,8177,
307.051,8112,8181,8180,
307.061,8106,8181,8177,
307.071,8103,8178,8180,
307.081,8097,8181,8180,
307.091,8094,8181,8177,
307.099,8092,8181,8177,
307.11,8088,8181,8177,
307.12,8083,8181,8180,
307.13,8077,8181,8177,
307.138,8072,8183,8174,
307.15,8072,8183,8174,
307.161,8066,8181,8177,
307.169,8061,8183,8174,
307.179,8045,8183,8174,
307.191,8007,8181,8180,
307.198,8031,8191,8180,
307.209,8034,8188,8174,
307.217,8028,8183,8177,
307.228,8026,8186,8174,
307.237,8020,8188,8180,
307.251,8018,8191,8177,
307.258,8015,8191,8177,
307.268,8009,8188,8177,
307.279,8003,8193,8177,
307.289,7998,8188,8177,
307.303,7995,8193,8180,
307.31,7986,8193,8180,
307.318,7995,8193,8177,
307.328,7980,8193,8177,
307.34,7975,8196,8180,
307.349,7972,8193,8180,
307.359,7970,8196,8180,
307.369,7970,8196,8177,
307.378,7934,8188,8177,
307.392,7886,8188,8174,
307.399,7898,8193,8180,
307.409,7937,8199,8177,
307.419,7942,8201,8177,
307.428,7934,8204,8180,
307.441,7937,8196,8177,
307.448,7926,8204,8174,
307.457,7926,8196,8177,
307.47,7923,8196,8177,
307.479,7923,8191,8174,
307.488,7921,8201,8174,
307.499,7932,8199,8177,
307.508,7918,8199,8177,
307.521,7915,8204,8174,
307.529,7909,8204,8177,
307.538,7909,8201,8177,
307.549,7904,8201,8177,
307.559,7912,8204,8174,
307.568,7918,8193,8174,
307.58,7886,8191,8174,
307.589,7820,8191,8177,
307.598,7881,8206,8172,
307.608,7893,8204,8174,
307.618,7906,8204,8172,
307.629,7921,8204,8174,
307.639,7909,8206,8177,
307.648,7906,8209,8177,
307.658,7906,8204,8177,
307.667,7904,8206,8177,
307.678,7906,8206,8177,
307.691,7901,8212,8180,
307.698,7906,8204,8174,
307.707,7898,8206,8177,
307.72,7909,8217,8177,
307.729,7898,8204,8177,
307.741,7904,8209,8174,
307.747,7904,8204,8177,
307.759,7893,8204,8177,
307.769,7893,8206,8174,
307.78,7865,8191,8177,
307.79,7799,8193,8177,
307.799,7862,8212,8174,
307.809,7875,8206,8174,
307.821,7873,8209,8177,
307.827,7893,8206,8174,
307.838,7884,8209,8174,
307.848,7886,8209,8174,
307.859,7895,8204,8174,
307.868,7895,8201,8172,
307.88,7893,8206,8177,
307.89,7901,8204,8177,
307.9,7901,8199,8174,
307.91,7909,8199,8174,
307.918,7898,8206,8177,
307.926,7906,8196,8174,
307.94,7906,8204,8174,
307.948,7921,8199,8172,
307.958,7909,8206,8177,
307.968,7906,8201,8177,
307.977,7851,8204,8174,
307.989,7815,8193,8174,
307.996,7859,8201,8177,
308.008,7895,8204,8177,
308.017,7901,8193,8172,
308.03,7909,8201,8177,
308.038,7898,8199,8177,
308.047,7895,8196,8174,
308.059,7912,8206,8177,
308.069,7906,8196,8177,
308.079,7906,8212,8174,
308.089,7909,8201,8177,
308.097,7901,8204,8174,
308.106,7909,8196,8174,
308.117,7921,8206,8177,
308.127,7904,8199,8177,
308.14,7926,8206,8177,
308.148,7921,8196,8174,
308.159,7921,8201,8177,
308.168,7921,8204,8177,
308.177,7889,8191,8177,
308.188,7835,8193,8174,
308.199,7870,8199,8174,
308.207,7921,8209,8172,
308.217,7934,8199,8169,
308.229,7926,8199,8174,
308.237,7929,8201,8174,
308.25,7929,8201,8177,
308.256,7937,8206,8177,
308.267,7932,8201,8177,
308.278,7932,8201,8174,
308.287,7929,8193,8174,
308.299,7940,8204,8177,
308.31,7934,8199,8174,
308.32,7937,8193,8174,
308.328,7937,8196,8174,
308.338,7934,8204,8174,
308.347,7942,8196,8174,
308.358,7945,8199,8174,
308.368,7951,8196,8177,
308.377,7889,8191,8177,
308.386,7862,8186,8177,
308.397,7915,8201,8180,
308.406,7932,8204,8177,
308.419,7942,8199,8180,
308.431,7940,8196,8177,
308.438,7948,8204,8174,
308.447,7953,8199,8177,
308.462,7959,8199,8174,
308.469,7961,8188,8177,
308.479,7964,8199,8174,
308.488,7956,8199,8177,
308.499,7967,8196,8177,
308.509,7975,8196,8174,
308.517,7972,8199,8177,
308.527,7978,8199,8177,
308.538,7975,8206,8174,
308.549,7988,8199,8177,
308.558,7986,8188,8174,
308.566,7983,8196,8174,
308.578,7951,8183,8177,
308.59,7923,8186,8180,
308.598,7937,8196,8182,
308.607,7983,8199,8177,
308.616,7995,8196,8180,
308.629,8000,8188,8177,
308.637,8000,8188,8177,
308.648,8003,8191,8174,
308.659,8007,8193,8177,
308.67,8012,8188,8177,
308.679,8015,8183,8174,
308.69,8018,8191,8174,
308.696,8023,8188,8177,
308.71,8026,8193,8177,
308.716,8026,8186,8174,
308.727,8023,8188,8177,
308.739,8028,8186,8174,
308.748,8028,8188,8174,
308.758,8039,8188,8177,
308.768,8042,8188,8177,
308.777,8028,8183,8177,
308.788,8003,8181,8177,
308.796,8023,8191,8174,
308.806,8055,8186,8177,
308.816,8061,8181,8174,
308.826,8064,8183,8174,
308.837,8069,8183,8177,
308.848,8072,8181,8177,
308.859,8072,8181,8177,
308.868,8080,8181,8177,
308.877,8083,8181,8177,
308.888,8085,8183,8174,
308.897,8088,8181,8174,
308.906,8092,8181,8177,
308.917,8097,8181,8177,
308.926,8097,8181,8174,
308.937,8103,8181,8174,
308.946,8109,8178,8174,
308.96,8114,8178,8177,
308.966,8120,8178,8177,
308.977,8117,8175,8174,
308.986,8106,8173,8177,
308.997,8122,8175,8177,
309.008,8139,8175,8172,
309.016,8144,8175,8177,
309.026,8147,8175,8174,
309.035,8152,8173,8177,
309.048,8160,8173,8174,
309.057,8166,8173,8177,
309.066,8171,8173,8177,
309.078,8174,8173,8174,
309.086,8177,8175,8174,
309.095,8179,8175,8177,
309.107,8179,8175,8177,
309.117,8182,8173,8177,
309.126,8185,8175,8177,
309.139,8188,8175,8177,
309.145,8222,8178,8182,
309.157,8225,8175,8174,
309.166,8227,8175,8177,
309.177,8200,8175,8177,
309.189,8206,8168,8177,
309.196,8214,8175,8177,
309.207,8203,8175,8177,
309.216,8200,8175,8180,
309.23,8203,8175,8177,
309.238,8203,8173,8177,
309.248,8206,8175,8177,
309.257,8208,8175,8177,
309.265,8214,8175,8177,
309.274,8217,8175,8177,
309.287,8222,8173,8177,
309.298,8222,8175,8177,
309.308,8225,8175,8180,
309.317,8227,8175,8180,
309.327,8233,8175,8180,
309.336,8235,8175,8177,
309.346,8241,8175,8180,
309.357,8244,8175,8180,
309.366,8246,8175,8180,
309.376,8257,8175,8180,
309.388,8285,8175,8177,
309.396,8299,8175,8182,
309.408,8283,8178,8187,
309.415,8283,8175,8185,
309.426,8285,8175,8185,
309.436,8296,8175,8185,
309.445,8307,8175,8187,
309.458,8320,8173,8190,
309.466,8331,8175,8190,
309.478,8345,8175,8190,
309.484,8350,8175,8192,
309.496,8364,8173,8192,
309.506,8369,8175,8192,
309.517,8377,8175,8192,
309.528,8385,8173,8198,
309.536,8393,8173,8195,
309.546,8396,8175,8198,
309.556,8404,8175,8198,
309.566,8406,8175,8198,
309.576,8425,8173,8198,
309.587,8492,8175,8187,
309.596,8447,8175,8198,
309.608,8414,8175,8200,
309.616,8409,8175,8200,
309.625,8406,8175,8198,
309.638,8406,8175,8198,
309.648,8406,8175,8198,
309.657,8404,8173,8200,
309.667,8401,8175,8198,
309.676,8401,8173,8200,
309.686,8404,8173,8198,
309.698,8404,8175,8198,
309.707,8406,8173,8198,
309.716,8409,8175,8198,
309.727,8412,8175,8198,
309.738,8414,8173,8198,
309.747,8414,8173,8200,
309.756,8414,8175,8200,
309.767,8412,8175,8200,
309.778,8433,8175,8198,
309.786,8498,8173,8187,
309.798,8455,8175,8200,
309.809,8423,8175,8200,
309.816,8423,8175,8200,
309.827,8423,8175,8200,
309.836,8428,8175,8203,
309.845,8428,8175,8203,
309.856,8428,8175,8200,
309.867,8431,8175,8203,
309.876,8431,8175,8203,
309.886,8433,8175,8203,
309.896,8428,8175,8200,
309.906,8431,8173,8200,
309.915,8431,8173,8200,
309.926,8431,8173,8200,
309.938,8433,8175,8200,
309.947,8433,8175,8200,
309.957,8436,8175,8200,
309.966,8439,8173,8200,
309.978,8473,8175,8198,
309.987,8573,8175,8180,
309.996,8509,8175,8200,
310.004,8455,8173,8205,
310.017,8450,8170,8208,
310.025,8442,8175,8203,
310.034,8442,8175,8200,
310.046,8444,8173,8203,
310.054,8444,8175,8203,
310.066,8439,8175,8203,
310.076,8444,8175,8205,
310.085,8447,8175,8203,
310.094,8444,8173,8205,
310.106,8447,8173,8203,
310.116,8450,8175,8203,
310.125,8450,8173,8205,
310.136,8447,8175,8205,
310.146,8452,8173,8205,
310.155,8455,8175,8203,
310.167,8455,8173,8208,
310.175,8479,8173,8200,
310.184,8553,8175,8190,
310.194,8549,8175,8200,
310.207,8473,8175,8213,
310.215,8461,8178,8208,
310.225,8452,8173,8208,
310.235,8450,8173,8205,
310.245,8452,8175,8203,
310.256,8450,8173,8205,
310.265,8442,8175,8203,
310.274,8442,8175,8203,
310.286,8439,8175,8203,
310.297,8442,8173,8205,
310.303,8436,8175,8205,
310.316,8433,8175,8200,
310.327,8433,8175,8205,
310.338,8428,8175,8203,
310.345,8431,8173,8200,
310.354,8428,8175,8200,
310.367,8428,8175,8203,
310.375,8461,8173,8195,
310.385,8544,8170,8185,
310.395,8498,8175,8195,
310.404,8428,8175,8200,
310.414,8412,8173,8203,
310.424,8409,8175,8203,
310.433,8409,8175,8200,
310.444,8404,8173,8203,
310.457,8404,8173,8200,
310.467,8398,8173,8203,
310.477,8396,8173,8203,
310.486,8396,8175,8198,
310.495,8393,8175,8200,
310.507,8390,8175,8200,
310.513,8387,8175,8198,
310.524,8385,8175,8195,
310.536,8385,8175,8195,
310.546,8385,8173,8195,
310.556,8379,8175,8195,
310.565,8377,8175,8192,
310.576,8393,8175,8195,
310.586,8455,8175,8182,
310.596,8420,8175,8195,
310.604,8372,8173,8195,
310.614,8361,8175,8195,
310.624,8358,8175,8195,
310.637,8361,8175,8192,
310.644,8356,8175,8192,
310.654,8356,8175,8192,
310.665,8353,8175,8192,
310.676,8353,8175,8192,
310.684,8350,8175,8192,
310.695,8347,8175,8192,
310.703,8345,8175,8190,
310.714,8339,8175,8192,
310.722,8342,8175,8190,
310.737,8339,8175,8190,
310.745,8337,8175,8190,
310.757,8331,8178,8190,
310.765,8337,8175,8192,
310.774,8350,8175,8187,
310.785,8404,8175,8177,
310.796,8369,8175,8187,
310.805,8331,8175,8190,
310.817,8323,8175,8190,
310.825,8323,8175,8190,
310.835,8323,8173,8187,
310.844,8320,8175,8190,
310.857,8318,8173,8190,
310.865,8318,8175,8190,
310.873,8318,8175,8187,
310.886,8315,8175,8187,
310.894,8312,8175,8190,
310.904,8312,8175,8190,
310.916,8310,8175,8190,
310.926,8307,8175,8187,
310.935,8307,8175,8187,
310.945,8304,8175,8187,
310.955,8304,8175,8187,
310.965,8299,8175,8187,
310.974,8310,8175,8185,
310.982,8342,8175,8180,
310.994,8318,8175,8187,
311.007,8296,8175,8185,
311.014,8291,8173,8185,
311.023,8288,8173,8185,
311.033,8288,8175,8187,
311.045,8285,8173,8187,
311.056,8283,8175,8185,
311.062,8283,8175,8185,
311.074,8283,8173,8185,
311.085,8283,8175,8185,
311.096,8283,8175,8185,
311.104,8283,8175,8185,
311.113,8279,8175,8185,
311.124,8276,8175,8185,
311.136,8276,8175,8185,
311.147,8273,8173,8182,
311.152,8273,8175,8185,
311.164,8273,8175,8182,
311.173,8283,8175,8182,
311.182,8329,8175,8177,
311.193,8304,8175,8182,
311.204,8268,8175,8187,
311.215,8265,8175,8182,
311.224,8265,8175,8185,
311.233,8263,8175,8182,
311.244,8263,8175,8182,
311.252,8257,8175,8182,
311.263,8257,8175,8182,
311.276,8254,8175,8182,
311.282,8254,8175,8182,
311.294,8252,8175,8182,
311.304,8249,8175,8182,
311.316,8249,8175,8182,
311.323,8246,8175,8182,
311.334,8246,8175,8180,
311.342,8244,8175,8182,
311.354,8246,8175,8182,
311.364,8244,8175,8180,
311.373,8252,8175,8180,
311.384,8283,8175,8177,
311.395,8276,8175,8180,
311.401,8252,8175,8180,
311.413,8244,8178,8180,
311.424,8241,8175,8180,
311.434,8241,8175,8180,
311.444,8238,8175,8180,
311.452,8238,8173,8180,
311.464,8238,8175,8180,
311.474,8235,8175,8180,
311.484,8235,8175,8180,
311.493,8233,8175,8180,
311.503,8233,8175,8180,
311.515,8233,8173,8180,
311.524,8230,8173,8180,
311.534,8230,8175,8180,
311.543,8230,8178,8180,
311.553,8227,8178,8180,
311.566,8227,8178,8180,
311.575,8235,8178,8177,
311.584,8252,8178,8174,
311.594,8241,8175,8180,
311.604,8225,8175,8177,
311.614,8222,8178,8177,
311.624,8219,8173,8180,
311.634,8219,8175,8180,
311.642,8219,8175,8177,
311.655,8219,8173,8177,
311.663,8217,8173,8180,
311.673,8214,8173,8177,
311.682,8211,8173,8180,
311.693,8211,8173,8177,
311.702,8208,8175,8177,
311.715,8208,8173,8177,
311.723,8206,8175,8177,
311.734,8206,8175,8177,
311.742,8206,8175,8177,
311.752,8206,8173,8177,
311.763,8203,8175,8177,
311.775,8208,8175,8177,
311.783,8222,8175,8177,
311.791,8214,8175,8177,
311.804,8200,8173,8177,
311.815,8200,8173,8174,
311.823,8200,8173,8177,
311.834,8200,8173,8177,
311.842,8200,8173,8177,
311.851,8198,8173,8177,
311.862,8200,8173,8177,
311.874,8198,8173,8177,
311.884,8195,8173,8177,
311.892,8195,8170,8177,
311.902,8198,8173,8177,
311.913,8195,8175,8177,
311.923,8195,8173,8177,
311.932,8195,8175,8177,
311.943,8195,8175,8177,
311.955,8195,8175,8177,
311.962,8192,8175,8177,
311.973,8195,8175,8177,
311.983,8206,8175,8174,
311.993,8203,8175,8177,
312.002,8200,8173,8177,
312.012,8195,8175,8182,
312.022,8195,8175,8177,
312.032,8195,8175,8177,
312.043,8195,8173,8174,
312.053,8195,8175,8177,
312.062,8192,8175,8177,
312.072,8192,8175,8177,
312.082,8192,8175,8174,
312.09,8192,8175,8177,
312.102,8192,8175,8174,
312.111,8192,8175,8177,
312.124,8192,8170,8177,
312.13,8188,8170,8177,
312.143,8188,8173,8177,
312.151,8188,8173,8177,
312.163,8188,8173,8177,
312.172,8188,8173,8177,
312.184,8195,8173,8174,
312.194,8192,8173,8177,
312.202,8188,8173,8174,
312.215,8188,8170,8174,
312.223,8188,8170,8177,
312.231,8188,8173,8177,
312.243,8185,8173,8177,
312.253,8185,8173,8174,
312.262,8185,8173,8180,
312.274,8185,8173,8180,
312.284,8185,8173,8180,
312.292,8185,8173,8180,
312.301,8185,8173,8180,
312.311,8185,8170,8180,
312.323,8185,8173,8180,
312.333,8185,8175,8177,
312.342,8185,8175,8180,
312.352,8185,8175,8180,
312.363,8185,8175,8177,
312.375,8185,8175,8177,
312.382,8188,8175,8177,
312.392,8192,8173,8174,
312.401,8188,8173,8180,
312.413,8188,8173,8177,
312.423,8185,8173,8177,
312.431,8182,8173,8174,
312.443,8185,8175,8174,
312.452,8185,8173,8177,
312.463,8185,8175,8177,
312.471,8185,8175,8177,
312.483,8185,8175,8177,
312.492,8185,8175,8177,
312.503,8185,8175,8177,
312.512,8185,8175,8174,
312.521,8185,8175,8177,
312.532,8185,8175,8174,
312.542,8185,8175,8177,
312.553,8182,8175,8177,
312.562,8185,8175,8177,
312.572,8185,8175,8177,
312.581,8188,8178,8174,
312.593,8188,8173,8177,
312.602,8182,8175,8174,
312.613,8182,8175,8174,
312.624,8182,8175,8177,
312.632,8182,8175,8177,
312.642,8182,8173,8177,
312.652,8182,8175,8177,
312.662,8182,8173,8177,
312.673,8182,8175,8177,
312.683,8179,8175,8174,
312.691,8179,8175,8177,
312.702,8179,8178,8177,
312.712,8179,8178,8177,
312.722,8179,8178,8177,
312.733,8179,8178,8174,
312.741,8182,8178,8177,
312.753,8182,8175,8174,
312.762,8182,8175,8177,
312.771,8182,8175,8177,
312.782,8185,8175,8177,
312.792,8182,8175,8177,
312.803,8182,8175,8174,
312.812,8185,8173,8177,
312.821,8182,8170,8174,
312.83,8182,8173,8174,
312.843,8182,8173,8174,
312.852,8179,8173,8177,
312.86,8182,8173,8177,
312.872,8182,8175,8177,
312.882,8179,8175,8177,
312.895,8182,8175,8177,
312.903,8182,8175,8177,
312.911,8182,8173,8177,
312.922,8182,8175,8174,
312.933,8182,8175,8174,
312.943,8182,8175,8174,
312.952,8185,8175,8174,
312.962,8185,8175,8174,
312.974,8182,8175,8174,
312.98,8185,8175,8177,
312.989,8182,8175,8177,
313.002,8179,8173,8174,
313.013,8179,8175,8177,
313.021,8179,8173,8174,
313.03,8179,8175,8174,
313.043,8179,8175,8177,
313.053,8179,8173,8174,
313.063,8182,8175,8177,
313.072,8182,8175,8174,
313.081,8179,8173,8174,
313.09,8182,8175,8177,
313.1,8179,8173,8177,
313.109,8179,8175,8177,
313.121,8182,8175,8177,
313.133,8179,8175,8177,
313.143,8179,8175,8174,
313.15,8179,8173,8177,
313.162,8179,8175,8177,
313.17,8182,8173,8177,
313.182,8182,8173,8174,
313.191,8182,8173,8174,
313.202,8177,8173,8174,
313.212,8179,8173,8174,
313.224,8179,8173,8177,
313.232,8182,8173,8177,
313.243,8182,8173,8177,
313.251,8182,8173,8177,
313.262,8182,8173,8174,
313.273,8182,8175,8177,
313.279,8182,8175,8177,
313.29,8182,8175,8177,
313.301,8182,8175,8174,
313.309,8182,8175,8177,
313.32,8182,8175,8174,
313.331,8179,8175,8174,
313.342,8179,8175,8177,
313.35,8179,8175,8177,
313.361,8179,8175,8177,
313.372,8179,8175,8177,
313.381,8179,8165,8177,
313.39,8179,8173,8174,
313.4,8177,8173,8177,
313.41,8177,8173,8174,
313.421,8177,8173,8177,
313.431,8179,8173,8177,
313.44,8182,8173,8177,
313.451,8182,8173,8177,
313.463,8179,8170,8174,
313.47,8179,8173,8177,
313.481,8182,8173,8174,
313.493,8179,8173,8174,
313.5,8179,8173,8177,
313.508,8182,8173,8177,
313.522,8182,8173,8177,
313.531,8182,8173,8174,
313.542,8182,8173,8174,
313.55,8179,8173,8174,
313.562,8182,8173,8174,
313.572,8182,8173,8177,
313.582,8185,8173,8174,
313.588,8179,8173,8180,
313.6,8179,8175,8177,
313.611,8179,8170,8180,
313.621,8179,8173,8180,
313.632,8179,8173,8180,
313.642,8179,8173,8177,
313.652,8179,8173,8180,
313.66,8179,8173,8177,
313.67,8179,8173,8180,
313.682,8179,8173,8180,
313.692,8179,8173,8180,
313.701,8177,8173,8180,
313.711,8179,8173,8177,
313.72,8179,8173,8177,
313.732,8179,8173,8177,
313.741,8179,8173,8177,
313.75,8179,8173,8180,
313.759,8179,8173,8180,
313.77,8179,8173,8180,
313.782,8182,8173,8180,
313.789,8179,8173,8177,
313.801,8177,8170,8177,
313.809,8179,8173,8172,
313.821,8179,8173,8177,
313.83,8179,8173,8177,
313.838,8179,8173,8177,
313.851,8179,8173,8174,
313.86,8179,8173,8177,
313.871,8179,8173,8174,
313.882,8179,8173,8177,
313.89,8179,8173,8177,
313.902,8177,8170,8174,
313.912,8177,8173,8174,
313.919,8177,8173,8177,
313.929,8177,8173,8177,
313.941,8177,8173,8177,
313.949,8177,8173,8177,
313.961,8177,8173,8177,
313.969,8177,8173,8177,
313.982,8179,8173,8174,
313.99,8179,8173,8177,
314.001,8177,8173,8177,
314.01,8179,8170,8174,
314.021,8179,8173,8177,
314.032,8179,8173,8174,
314.04,8177,8173,8177,
314.049,8177,8173,8174,
314.061,8179,8170,8177,
314.07,8179,8173,8177,
314.08,8179,8173,8177,
314.091,8179,8170,8174,
314.099,8179,8170,8177,
314.113,8179,8175,8174,
314.121,8179,8175,8177,
314.132,8179,8173,8177,
314.139,8179,8175,8177,
314.148,8179,8175,8177,
314.158,8179,8175,8177,
314.171,8182,8173,8177,
314.179,8182,8173,8177,
314.188,8182,8175,8177,
314.199,8179,8175,8177,
314.212,8179,8175,8177,
314.218,8179,8175,8177,
314.229,8179,8173,8177,
314.243,8179,8175,8177,
314.251,8177,8175,8177,
314.258,8177,8175,8180,
314.269,8177,8175,8180,
314.279,8177,8175,8180,
314.29,8177,8175,8177,
314.299,8177,8175,8180,
314.309,8179,8175,8177,
314.319,8177,8173,8177,
314.329,8177,8173,8174,
314.341,8177,8173,8177,
314.349,8177,8173,8177,
314.359,8177,8173,8177,
314.368,8177,8173,8174,
314.38,8177,8173,8174,
314.391,8177,8173,8177,
314.401,8177,8173,8174,
314.409,8177,8170,8177,
314.421,8179,8173,8177,
314.428,8179,8173,8177,
314.44,8179,8173,8177,
314.45,8179,8173,8177,
314.461,8179,8173,8177,
314.471,8179,8173,8174,
314.481,8179,8173,8174,
314.489,8179,8173,8177,
314.5,8179,8173,8177,
314.509,8179,8173,8177,
314.52,8179,8173,8174,
314.527,8179,8173,8177,
314.54,8179,8173,8177,
314.55,8179,8173,8177,
314.56,8179,8173,8177,
314.57,8179,8173,8177,
314.578,8182,8173,8177,
314.591,8179,8175,8174,
314.598,8182,8173,8174,
314.61,8182,8173,8177,
314.619,8179,8173,8177,
314.63,8179,8173,8177,
314.639,8179,8173,8174,
314.649,8179,8173,8177,
314.659,8179,8173,8177,
314.671,8179,8173,8177,
314.679,8179,8173,8177,
314.689,8179,8173,8177,
314.7,8179,8170,8177,
314.708,8179,8173,8177,
314.721,8179,8173,8177,
314.731,8179,8173,8177,
314.739,8179,8170,8174,
314.749,8179,8173,8174,
314.761,8179,8173,8174,
314.769,8179,8173,8177,
314.777,8179,8173,8174,
314.791,8179,8173,8177,
314.799,8174,8173,8177,
314.809,8174,8170,8177,
314.819,8177,8173,8177,
314.831,8177,8173,8174,
314.84,8174,8173,8177,
314.85,8171,8173,8174,
314.858,8166,8173,8177,
314.869,8166,8173,8174,
314.88,8160,8173,8177,
314.89,8152,8175,8177,
314.899,8141,8175,8177,
314.908,8133,8175,8177,
314.918,8122,8175,8177,
314.928,8112,8178,8177,
314.941,8103,8178,8177,
314.947,8088,8178,8174,
314.958,8077,8178,8177,
314.972,8058,8181,8174,
314.979,8020,8178,8180,
314.99,8034,8186,8177,
314.999,8028,8188,8174,
315.008,8015,8183,8180,
315.019,8003,8183,8177,
315.028,7998,8186,8174,
315.038,7986,8186,8177,
315.05,7980,8186,8174,
315.059,7964,8191,8174,
315.068,7961,8196,8177,
315.078,7956,8196,8174,
315.089,7953,8196,8174,
315.098,7953,8196,8174,
315.109,7937,8193,8174,
315.118,7929,8199,8177,
315.127,7932,8199,8174,
315.139,7915,8199,8177,
315.149,7923,8199,8174,
315.158,7915,8193,8177,
315.167,7886,8186,8174,
315.179,7832,8193,8174,
315.191,7859,8206,8180,
315.2,7898,8206,8177,
315.21,7901,8204,8177,
315.219,7898,8201,8177,
315.228,7893,8214,8174,
315.238,7889,8204,8177,
315.251,7895,8212,8177,
315.26,7898,8209,8174,
315.271,7898,8204,8177,
315.281,7895,8201,8174,
315.287,7895,8196,8174,
315.298,7893,8212,8177,
315.307,7893,8209,8174,
315.32,7893,8217,8174,
315.327,7889,8199,8174,
315.336,7889,8206,8177,
315.349,7886,8206,8177,
315.358,7898,8206,8177,
315.369,7867,8196,8177,
315.378,7793,8183,8172,
315.389,7848,8212,8177,
315.399,7875,8206,8177,
315.408,7873,8209,8177,
315.42,7870,8209,8174,
315.43,7878,8206,8177,
315.439,7889,8209,8180,
315.447,7884,8214,8182,
315.456,7881,8217,8180,
315.468,7881,8219,8177,
315.479,7875,8206,8177,
315.487,7884,8217,8180,
315.498,7884,8206,8177,
315.507,7873,8196,8177,
315.518,7875,8204,8180,
315.529,7875,8204,8177,
315.537,7875,8196,8177,
315.549,7873,8214,8174,
315.558,7867,8206,8177,
315.567,7835,8206,8172,
315.578,7776,8191,8174,
315.587,7832,8214,8182,
315.597,7857,8204,8177,
315.606,7857,8201,8182,
315.621,7878,8217,8177,
315.629,7867,8209,8180,
315.639,7884,8209,8177,
315.649,7889,8209,8177,
315.658,7873,8201,8177,
315.67,7875,8206,8177,
315.679,7878,8204,8177,
315.687,7875,8206,8177,
315.699,7865,8209,8174,
315.705,7873,8201,8174,
315.716,7873,8196,8174,
315.729,7875,8206,8177,
315.737,7870,8206,8177,
315.748,7865,8204,8177,
315.757,7875,8206,8177,
315.767,7843,8199,8174,
315.778,7771,8199,8185,
315.788,7818,8209,8182,
315.796,7859,8212,8180,
315.808,7865,8204,8174,
315.817,7875,8206,8174,
315.83,7870,8206,8177,
315.837,7873,8201,8174,
315.85,7878,8209,8174,
315.859,7878,8206,8174,
315.868,7878,8201,8177,
315.877,7878,8204,8174,
315.886,7873,8212,8174,
315.897,7875,8201,8177,
315.909,7886,8204,8177,
315.917,7878,8204,8177,
315.928,7886,8212,8180,
315.937,7886,8217,8174,
315.946,7884,8206,8174,
315.956,7881,8206,8174,
315.967,7862,8201,8174,
315.978,7779,8196,8177,
315.987,7846,8214,8174,
315.999,7870,8204,8177,
316.008,7873,8199,8177,
316.019,7870,8199,8177,
316.028,7898,8199,8177,
316.037,7889,8201,8174,
316.051,7893,8206,8177,
316.059,7895,8204,8174,
316.067,7898,8204,8174,
316.078,7893,8204,8174,
316.087,7904,8204,8177,
316.098,7895,8199,8174,
316.107,7904,8204,8177,
316.118,7918,8201,8177,
316.127,7921,8196,8177,
316.136,7921,8196,8177,
316.149,7918,8206,8177,
316.157,7918,8204,8177,
316.168,7895,8193,8174,
316.176,7832,8188,8180,
316.186,7862,8201,8174,
316.198,7909,8201,8174,
316.207,7906,8204,8177,
316.218,7915,8206,8177,
316.227,7918,8199,8174,
316.238,7923,8201,8177,
316.248,7923,8191,8177,
316.257,7926,8199,8180,
316.266,7932,8201,8180,
316.277,7921,8193,8177,
316.287,7932,8199,8180,
316.298,7942,8201,8180,
316.306,7940,8204,8180,
316.316,7948,8201,8180,
316.328,7948,8193,8177,
316.337,7942,8196,8177,
316.346,7948,8201,8180,
316.357,7948,8201,8177,
316.368,7929,8188,8174,
316.378,7873,8186,8169,
316.387,7904,8193,8177,
316.398,7948,8199,8174,
316.406,7961,8199,8174,
316.418,7964,8204,8177,
316.427,7964,8196,8174,
316.437,7970,8196,8174,
316.446,7972,8191,8177,
316.457,7970,8183,8174,
316.466,7986,8199,8174,
316.477,7975,8193,8177,
316.486,7983,8191,8177,
316.497,7983,8186,8174,
316.509,7991,8191,8177,
316.517,7983,8191,8174,
316.527,7991,8199,8177,
316.537,7995,8193,8177,
316.548,7995,8188,8174,
316.557,7998,8188,8177,
316.567,7983,8191,8174,
316.575,7937,8178,8180,
316.587,7991,8196,8180,
316.596,8000,8196,8177,
316.607,8000,8188,8180,
316.618,8018,8186,8174,
316.627,8020,8186,8177,
316.636,8023,8186,8177,
316.647,8026,8186,8177,
316.656,8039,8183,8177,
316.666,8034,8186,8177,
316.676,8039,8183,8177,
316.688,8037,8186,8177,
316.695,8042,8181,8177,
316.707,8045,8183,8180,
316.715,8047,8183,8180,
316.726,8050,8183,8177,
316.734,8045,8183,8177,
316.747,8053,8181,8177,
316.757,8055,8183,8180,
316.767,8050,8181,8180,
316.775,8023,8175,8177,
316.787,8066,8186,8177,
316.797,8069,8183,8177,
316.807,8074,8178,8174,
316.816,8085,8181,8177,
316.825,8092,8178,8177,
316.837,8097,8178,8180,
316.848,8103,8178,8180,
316.855,8114,8178,8177,
316.868,8120,8178,8174,
316.878,8128,8175,8174,
316.885,8133,8175,8177,
316.896,8141,8175,8174,
316.906,8147,8175,8177,
316.915,8152,8173,8174,
316.926,8160,8173,8177,
316.937,8166,8173,8177,
316.945,8171,8173,8177,
316.956,8174,8173,8177,
316.967,8177,8173,8177,
316.976,8177,8173,8177,
316.984,8179,8173,8177,
316.997,8179,8173,8180,
317.008,8185,8170,8174,
317.017,8188,8170,8174,
317.026,8225,8181,8177,
317.036,8195,8173,8180,
317.045,8200,8173,8177,
317.055,8206,8173,8177,
317.068,8206,8170,8177,
317.076,8208,8170,8177,
317.085,8211,8173,8180,
317.096,8214,8173,8177,
317.107,8217,8173,8177,
317.115,8217,8173,8177,
317.127,8217,8173,8174,
317.137,8217,8173,8177,
317.147,8219,8173,8180,
317.155,8219,8173,8180,
317.166,8225,8173,8177,
317.176,8246,8173,8177,
317.185,8249,8173,8180,
317.197,8235,8173,8182,
317.203,8241,8173,8177,
317.214,8241,8173,8180,
317.227,8246,8173,8180,
317.237,8249,8173,8182,
317.246,8254,8173,8182,
317.255,8260,8173,8182,
317.265,8268,8173,8185,
317.277,8273,8173,8185,
317.285,8283,8173,8185,
317.297,8291,8173,8185,
317.305,8301,8173,8187,
317.315,8310,8173,8187,
317.327,8318,8173,8187,
317.336,8329,8173,8190,
317.346,8337,8173,8190,
317.354,8347,8173,8192,
317.367,8382,8173,8187,
317.377,8450,8173,8180,
317.388,8455,8173,8185,
317.394,8398,8173,8195,
317.407,8387,8173,8198,
317.414,8390,8173,8198,
317.426,8393,8173,8195,
317.435,8396,8173,8195,
317.447,8398,8173,8198,
317.457,8398,8173,8200,
317.467,8406,8173,8198,
317.477,8409,8173,8200,
317.486,8412,8173,8198,
317.494,8412,8170,8200,
317.504,8414,8173,8198,
317.516,8412,8173,8198,
317.528,8414,8173,8200,
317.536,8412,8173,8200,
317.545,8414,8173,8200,
317.555,8414,8173,8200,
317.564,8433,8173,8195,
317.576,8506,8173,8187,
317.587,8458,8170,8198,
317.593,8417,8173,8198,
317.606,8414,8170,8198,
317.617,8412,8173,8200,
317.623,8412,8173,8200,
317.637,8412,8173,8200,
317.647,8409,8173,8195,
317.655,8409,8170,8200,
317.667,8412,8173,8200,
317.673,8409,8173,8198,
317.685,8409,8173,8200,
317.696,8406,8175,8200,
317.705,8409,8173,8198,
317.714,8409,8173,8200,
317.724,8409,8173,8200,
317.735,8412,8170,8200,
317.747,8412,8173,8200,
317.755,8414,8175,8198,
317.763,8433,8173,8195,
317.774,8498,8173,8187,
317.784,8487,8173,8195,
317.794,8433,8173,8203,
317.803,8417,8173,8203,
317.815,8414,8173,8200,
317.824,8412,8173,8200,
317.836,8409,8173,8200,
317.846,8406,8173,8198,
317.855,8406,8173,8200,
317.867,8409,8173,8200,
317.875,8409,8173,8198,
317.886,8406,8173,8198,
317.895,8409,8173,8200,
317.903,8409,8173,8200,
317.915,8409,8173,8200,
317.924,8412,8173,8198,
317.935,8409,8173,8198,
317.943,8409,8170,8203,
317.954,8409,8173,8195,
317.965,8439,8173,8195,
317.976,8517,8173,8185,
317.985,8455,8173,8198,
317.993,8409,8173,8195,
318.006,8398,8168,8198,
318.014,8398,8170,8198,
318.024,8404,8170,8198,
318.035,8404,8170,8200,
318.043,8401,8175,8200,
318.056,8404,8175,8198,
318.064,8401,8175,8200,
318.077,8401,8175,8200,
318.083,8398,8175,8200,
318.095,8398,8175,8198,
318.105,8396,8175,8198,
318.113,8393,8175,8198,
318.124,8393,8175,8198,
318.135,8390,8173,8195,
318.144,8385,8175,8198,
318.155,8385,8173,8198,
318.164,8404,8175,8192,
318.177,8481,8170,8185,
318.182,8484,8173,8187,
318.195,8414,8173,8200,
318.205,8393,8173,8198,
318.214,8390,8173,8198,
318.226,8387,8173,8198,
318.233,8393,8173,8195,
318.244,8396,8170,8198,
318.254,8393,8173,8198,
318.263,8390,8173,8198,
318.275,8390,8170,8200,
318.283,8390,8173,8198,
318.294,8390,8173,8195,
318.304,8390,8173,8198,
318.313,8385,8173,8195,
318.323,8387,8173,8198,
318.334,8385,8170,8198,
318.344,8385,8170,8198,
318.354,8387,8175,8195,
318.366,8404,8173,8192,
318.373,8481,8173,8185,
318.385,8433,8173,8198,
318.392,8396,8170,8200,
318.406,8385,8175,8195,
318.415,8387,8173,8198,
318.424,8390,8173,8198,
318.433,8387,8173,8195,
318.444,8385,8173,8198,
318.455,8382,8173,8195,
318.464,8382,8170,8198,
318.476,8385,8173,8198,
318.486,8382,8170,8195,
318.494,8377,8173,8198,
318.507,8377,8173,8195,
318.514,8377,8173,8195,
318.523,8382,8173,8195,
318.534,8377,8173,8195,
318.546,8377,8173,8195,
318.554,8377,8173,8195,
318.563,8390,8173,8192,
318.575,8471,8173,8182,
318.584,8468,8173,8185,
318.595,8393,8175,8198,
318.604,8369,8173,8198,
318.615,8364,8173,8195,
318.624,8366,8173,8195,
318.634,8366,8173,8195,
318.645,8364,8173,8192,
318.655,8361,8173,8195,
318.664,8361,8173,8195,
318.674,8361,8173,8195,
318.683,8361,8173,8195,
318.694,8361,8173,8195,
318.704,8361,8173,8192,
318.713,8358,8173,8190,
318.726,8356,8173,8192,
318.732,8353,8173,8192,
318.744,8353,8173,8192,
318.754,8356,8173,8192,
318.766,8379,8173,8190,
318.775,8447,8173,8180,
318.782,8412,8170,8187,
318.793,8353,8173,8192,
318.803,8345,8173,8192,
318.815,8347,8173,8190,
318.821,8345,8173,8192,
318.835,8345,8173,8192,
318.844,8342,8173,8190,
318.854,8337,8173,8192,
318.862,8339,8173,8190,
318.896,8339,8173,8192,
318.897,8337,8173,8190,
318.897,8334,8170,8190,
318.902,8331,8173,8192,
318.913,8329,8173,8190,
318.924,8326,8173,8190,
318.932,8326,8170,8190,
318.943,8323,8173,8190,
318.954,8323,8173,8187,
318.963,8339,8170,8187,
318.974,8396,8173,8180,
318.984,8393,8173,8185,
318.992,8339,8173,8187,
319.003,8323,8173,8190,
319.015,8320,8170,8190,
319.024,8318,8173,8190,
319.035,8318,8173,8190,
319.044,8315,8173,8192,
319.053,8312,8173,8190,
319.064,8312,8173,8190,
319.072,8310,8173,8190,
319.081,8310,8173,8190,
319.095,8307,8173,8190,
319.103,8304,8173,8190,
319.114,8304,8170,8190,
319.122,8301,8173,8187,
319.132,8301,8173,8187,
319.142,8301,8173,8187,
319.156,8299,8173,8187,
319.162,8304,8173,8185,
319.174,8345,8173,8180,
319.184,8312,8173,8187,
319.192,8285,8170,8187,
319.202,8285,8173,8185,
319.212,8283,8173,8185,
319.223,8283,8170,8187,
319.234,8283,8173,8187,
319.244,8283,8173,8187,
319.253,8283,8173,8187,
319.263,8276,8170,8190,
319.274,8276,8173,8187,
319.285,8276,8173,8187,
319.291,8279,8173,8187,
319.304,8276,8173,8185,
319.312,8273,8170,8187,
319.321,8273,8173,8187,
319.333,8271,8173,8185,
319.346,8268,8173,8185,
319.353,8265,8170,8182,
319.362,8271,8173,8182,
319.373,8293,8173,8177,
319.381,8276,8173,8185,
319.394,8260,8173,8182,
319.405,8254,8170,8180,
319.411,8257,8170,8182,
319.423,8257,8170,8182,
319.434,8254,8173,8180,
319.443,8252,8173,8182,
319.454,8252,8173,8182,
319.463,8252,8173,8182,
319.474,8249,8173,8182,
319.484,8246,8173,8180,
319.493,8244,8173,8180,
319.503,8244,8173,8180,
319.514,8244,8173,8180,
319.526,8241,8173,8180,
319.532,8238,8173,8182,
319.542,8238,8170,8182,
319.553,8238,8173,8182,
319.562,8244,8173,8182,
319.573,8265,8168,8180,
319.582,8249,8173,8182,
319.591,8230,8173,8182,
319.603,8227,8170,8180,
319.613,8227,8170,8180,
319.625,8230,8173,8180,
319.631,8227,8173,8180,
319.643,8227,8173,8180,
319.652,8222,8173,8180,
319.661,8225,8173,8177,
319.671,8222,8173,8177,
319.683,8222,8170,8177,
319.694,8222,8173,8177,
319.704,8219,8173,8177,
319.714,8219,8173,8180,
319.724,8219,8170,8180,
319.732,8217,8173,8177,
319.744,8217,8173,8177,
319.755,8217,8173,8177,
319.762,8217,8173,8177,
319.774,8230,8170,8174,
319.783,8219,8173,8177,
319.793,8208,8173,8177,
319.802,8208,8173,8177,
319.812,8208,8170,8177,
319.823,8208,8173,8177,
319.834,8208,8173,8177,
319.842,8206,8173,8177,
319.853,8206,8173,8177,
319.862,8206,8173,8177,
319.871,8206,8173,8177,
319.884,8206,8173,8177,
319.892,8206,8173,8177,
319.901,8203,8173,8177,
319.914,8203,8173,8177,
319.923,8206,8170,8177,
319.932,8203,8175,8177,
319.943,8203,8175,8180,
319.952,8203,8175,8180,
319.965,8203,8175,8180,
319.975,8208,8175,8180,
319.98,8208,8175,8182,
319.993,8200,8178,8180,
320.003,8198,8173,8177,
320.013,8198,8175,8180,
320.023,8200,8175,8180,
320.034,8200,8175,8180,
320.043,8198,8173,8177,
320.053,8198,8173,8177,
320.061,8198,8173,8177,
320.072,8198,8173,8177,
320.082,8195,8173,8174,
320.092,8195,8173,8174,
320.102,8195,8173,8177,
320.111,8192,8173,8177,
320.124,8192,8173,8174,
320.131,8188,8173,8177,
320.14,8188,8173,8177,
320.149,8192,8173,8180,
320.163,8188,8173,8180,
320.172,8195,8173,8180,
320.183,8195,8173,8180,
320.195,8195,8173,8180,
320.203,8192,8170,8185,
320.211,8192,8173,8180,
320.223,8195,8173,8177,
320.231,8192,8173,8180,
320.242,8192,8173,8180,
320.251,8192,8173,8177,
320.262,8192,8173,8177,
320.273,8192,8173,8177,
320.283,8192,8173,8177,
320.293,8192,8173,8177,
320.303,8192,8173,8177,
320.311,8192,8173,8177,
320.321,8188,8173,8177,
320.33,8185,8173,8177,
320.341,8185,8173,8174,
320.35,8185,8173,8177,
320.359,8185,8173,8177,
320.372,8192,8170,8177,
320.38,8188,8173,8174,
320.393,8179,8170,8177,
320.401,8182,8170,8177,
320.411,8182,8173,8174,
320.422,8182,8173,8177,
320.433,8182,8173,8174,
320.439,8185,8173,8174,
320.45,8182,8173,8177,
320.461,8182,8173,8177,
320.472,8182,8170,8174,
320.481,8182,8173,8177,
320.49,8182,8173,8177,
320.504,8182,8173,8177,
320.512,8182,8173,8174,
320.522,8182,8173,8177,
320.532,8182,8173,8177,
320.542,8182,8173,8177,
320.551,8182,8173,8177,
320.562,8182,8173,8177,
320.57,8188,8173,8174,
320.581,8182,8173,8177,
320.59,8179,8173,8177,
320.601,8182,8170,8174,
320.61,8182,8173,8177,
320.62,8179,8173,8177,
320.632,8182,8173,8177,
320.642,8182,8173,8174,
320.65,8182,8170,8177,
320.662,8182,8173,8177,
320.67,8182,8173,8177,
320.682,8182,8170,8174,
320.691,8182,8173,8177,
320.7,8182,8173,8174,
320.712,8182,8173,8174,
320.723,8182,8173,8177,
320.731,8182,8173,8177,
320.74,8182,8170,8177,
320.752,8182,8173,8177,
320.761,8182,8173,8177,
320.77,8182,8173,8174,
320.781,8185,8173,8177,
320.79,8179,8173,8177,
320.8,8179,8173,8177,
320.812,8182,8173,8177,
320.82,8182,8173,8174,
320.831,8182,8173,8177,
320.84,8182,8173,8177,
320.849,8182,8173,8177,
320.861,8182,8173,8180,
320.871,8182,8173,8177,
320.88,8182,8173,8177,
320.891,8182,8170,8180,
320.9,8182,8173,8177,
320.91,8182,8173,8180,
320.92,8182,8173,8180,
320.932,8179,8173,8180,
320.942,8182,8173,8180,
320.953,8182,8173,8180,
320.961,8182,8173,8180,
320.972,8182,8173,8177,
320.981,8182,8173,8177,
320.988,8185,8175,8177,
321.001,8185,8173,8177,
321.011,8182,8173,8174,
321.02,8182,8173,8174,
321.031,8182,8173,8174,
321.04,8179,8170,8177,
321.05,8182,8170,8177,
321.062,8179,8173,8177,
321.071,8179,8173,8177,
321.082,8179,8173,8174,
321.09,8179,8173,8174,
321.1,8179,8173,8174,
321.111,8179,8173,8174,
321.118,8179,8173,8174,
321.129,8179,8173,8177,
321.142,8179,8173,8177,
321.152,8179,8170,8177,
321.16,8179,8173,8177,
321.17,8182,8181,8180,
321.182,8179,8173,8177,
321.188,8177,8173,8174,
321.201,8179,8173,8177,
321.209,8177,8173,8174,
321.22,8179,8173,8177,
321.231,8179,8173,8177,
321.241,8179,8173,8174,
321.252,8179,8173,8177,
321.26,8179,8173,8177,
321.27,8179,8173,8177,
321.282,8179,8173,8174,
321.289,8179,8173,8174,
321.3,8177,8173,8177,
321.309,8177,8173,8177,
321.32,8177,8173,8174,
321.331,8177,8170,8177,
321.34,8177,8173,8174,
321.348,8177,8173,8174,
321.36,8177,8173,8177,
321.37,8174,8173,8174,
321.38,8174,8173,8177,
321.391,8171,8173,8174,
321.399,8174,8175,8174,
321.411,8174,8173,8177,
321.42,8177,8173,8177,
321.429,8177,8173,8177,
321.44,8177,8173,8177,
321.452,8174,8173,8177,
321.458,8174,8173,8177,
321.47,8174,8173,8174,
321.481,8179,8173,8177,
321.49,8179,8173,8174,
321.5,8177,8173,8174,
321.51,8179,8170,8174,
321.518,8179,8173,8174,
321.531,8177,8173,8177,
321.539,8177,8173,8174,
321.55,8177,8173,8177,
321.558,8177,8173,8177,
321.572,8179,8173,8177,
321.581,8177,8173,8177,
321.587,8179,8175,8174,
321.599,8179,8173,8177,
321.609,8177,8173,8177,
321.621,8179,8170,8177,
321.629,8177,8173,8174,
321.64,8177,8173,8177,
321.65,8177,8173,8174,
321.659,8177,8170,8177,
321.671,8177,8170,8177,
321.679,8177,8173,8177,
321.689,8177,8170,8177,
321.7,8177,8173,8174,
321.711,8177,8173,8177,
321.717,8174,8173,8174,
321.732,8177,8173,8177,
321.741,8174,8173,8174,
321.752,8174,8173,8177,
321.758,8174,8173,8177,
321.769,8171,8173,8174,
321.781,8171,8173,8174,
321.789,8171,8173,8177,
321.8,8171,8173,8180,
321.81,8168,8170,8177,
321.82,8171,8173,8177,
321.829,8168,8173,8177,
321.841,8166,8173,8177,
321.851,8163,8173,8177,
321.857,8158,8173,8177,
321.871,8152,8173,8174,
321.879,8147,8173,8177,
321.888,8141,8173,8174,
321.899,8133,8173,8177,
321.912,8128,8175,8177,
321.92,8120,8175,8177,
321.929,8112,8175,8177,
321.94,8103,8175,8177,
321.948,8094,8178,8177,
321.959,8077,8178,8177,
321.969,8045,8175,8177,
321.978,8045,8183,8177,
321.99,8055,8183,8180,
321.999,8047,8183,8177,
322.01,8039,8181,8177,
322.019,8026,8181,8180,
322.03,8026,8186,8180,
322.04,8012,8186,8177,
322.049,8009,8193,8180,
322.062,8000,8193,8177,
322.092,7998,8193,8177,
322.096,7983,8191,8180,
322.097,7986,8193,8180,
322.097,7975,8196,8177,
322.109,7972,8193,8180,
322.119,7956,8193,8180,
322.131,7961,8193,8180,
322.139,7956,8196,8180,
322.148,7948,8193,8180,
322.158,7915,8183,8180,
322.17,7873,8193,8182,
322.178,7895,8196,8180,
322.186,7926,8196,8177,
322.199,7934,8193,8180,
322.209,7934,8188,8177,
322.22,7934,8196,8177,
322.229,7926,8191,8177,
322.239,7929,8196,8174,
322.248,7929,8206,8177,
322.257,7926,8206,8174,
322.27,7923,8193,8174,
322.28,7918,8193,8177,
322.288,7918,8196,8174,
322.299,7923,8196,8177,
322.31,7912,8209,8177,
322.318,7918,8196,8174,
322.33,7906,8191,8174,
322.34,7912,8204,8174,
322.347,7912,8191,8177,
322.358,7881,8191,8177,
322.367,7824,8193,8180,
322.378,7889,8212,8185,
322.39,7895,8196,8174,
322.398,7895,8204,8174,
322.408,7909,8214,8177,
322.418,7901,8206,8174,
322.43,7898,8196,8174,
322.439,7904,8209,8174,
322.449,7895,8206,8174,
322.459,7895,8199,8174,
322.469,7904,8199,8177,
322.48,7893,8204,8172,
322.488,7898,8201,8174,
322.498,7904,8201,8174,
322.507,7895,8209,8177,
322.519,7895,8199,8177,
322.529,7898,8193,8174,
322.539,7904,8204,8174,
322.548,7898,8204,8174,
322.559,7854,8181,8174,
322.567,7807,8191,8177,
322.578,7867,8212,8177,
322.589,7881,8201,8172,
322.599,7881,8206,8177,
322.609,7889,8214,8174,
322.616,7873,8212,8177,
322.626,7889,8201,8177,
322.641,7878,8212,8174,
322.648,7884,8206,8174,
322.657,7881,8201,8174,
322.669,7878,8206,8177,
322.68,7881,8204,8174,
322.691,7870,8209,8177,
322.699,7898,8209,8177,
322.707,7873,8217,8177,
322.719,7881,8204,8177,
322.728,7895,8204,8177,
322.738,7870,8206,8177,
322.749,7873,8199,8180,
322.758,7818,8196,8174,
322.767,7781,8191,8180,
322.779,7809,8196,8172,
322.787,7865,8209,8180,
322.799,7886,8212,8172,
322.81,7886,8212,8177,
322.818,7889,8193,8174,
322.829,7884,8204,8177,
322.84,7893,8206,8177,
322.846,7898,8196,8177,
322.859,7886,8196,8174,
322.868,7898,8199,8174,
322.878,7895,8209,8174,
322.889,7901,8201,8177,
322.897,7909,8199,8177,
322.906,7901,8201,8177,
322.918,7906,8206,8182,
322.929,7904,8201,8180,
322.938,7912,8196,8180,
322.95,7901,8199,8180,
322.956,7873,8191,8177,
322.968,7827,8183,8185,
322.979,7846,8199,8177,
322.987,7904,8204,8177,
322.999,7912,8201,8180,
323.01,7921,8206,8180,
323.018,7912,8199,8174,
323.027,7915,8199,8174,
323.036,7921,8199,8174,
323.047,7926,8204,8174,
323.058,7926,8199,8174,
323.067,7926,8201,8177,
323.077,7934,8196,8174,
323.087,7932,8201,8174,
323.096,7940,8196,8177,
323.108,7934,8204,8177,
323.118,7942,8193,8177,
323.126,7942,8204,8177,
323.136,7948,8201,8177,
323.147,7942,8199,8180,
323.158,7906,8186,8177,
323.168,7878,8186,8185,
323.176,7904,8196,8177,
323.189,7948,8193,8182,
323.197,7964,8196,8174,
323.21,7967,8188,8177,
323.217,7964,8196,8177,
323.227,7964,8193,8177,
323.237,7972,8201,8174,
323.248,7986,8196,8177,
323.257,7978,8193,8177,
323.267,7988,8196,8174,
323.278,7988,8196,8174,
323.287,7986,8188,8177,
323.297,7998,8191,8174,
323.306,7995,8191,8177,
323.318,8000,8191,8174,
323.33,8003,8181,8177,
323.336,8009,8191,8174,
323.349,8015,8186,8177,
323.359,7998,8181,8177,
323.368,7970,8186,8177,
323.377,8015,8188,8177,
323.388,8026,8186,8172,
323.398,8034,8183,8174,
323.409,8053,8181,8174,
323.418,8053,8183,8174,
323.427,8061,8183,8174,
323.438,8074,8178,8174,
323.446,8080,8181,8177,
323.458,8088,8178,8177,
323.467,8103,8178,8177,
323.477,8109,8178,8174,
323.488,8117,8173,8177,
323.498,8128,8175,8177,
323.508,8133,8175,8177,
323.519,8139,8173,8174,
323.527,8147,8173,8180,
323.538,8152,8173,8180,
323.546,8158,8173,8180,
323.556,8160,8173,8177,
323.567,8163,8175,8180,
323.577,8171,8173,8177,
323.588,8174,8173,8180,
323.596,8174,8170,8182,
323.607,8179,8170,8177,
323.618,8179,8173,8180,
323.628,8182,8173,8177,
323.637,8182,8173,8174,
323.647,8185,8173,8174,
323.658,8225,8181,8182,
323.667,8200,8173,8174,
323.678,8198,8170,8177,
323.688,8200,8173,8177,
323.696,8203,8173,8177,
323.708,8203,8173,8177,
323.718,8206,8173,8177,
323.727,8208,8173,8177,
323.737,8208,8173,8180,
323.749,8214,8173,8180,
323.757,8219,8173,8180,
323.768,8235,8173,8180,
323.777,8233,8175,8182,
323.787,8217,8170,8180,
323.798,8222,8173,8180,
323.807,8225,8173,8182,
323.817,8227,8173,8180,
323.827,8230,8173,8182,
323.838,8230,8173,8182,
323.845,8233,8173,8182,
323.857,8235,8173,8182,
323.866,8235,8173,8182,
323.878,8238,8173,8182,
323.89,8244,8173,8182,
323.897,8246,8173,8182,
323.906,8249,8173,8182,
323.915,8252,8173,8182,
323.926,8257,8173,8182,
323.937,8263,8173,8182,
323.946,8268,8173,8182,
323.958,8285,8173,8182,
323.968,8334,8173,8177,
323.977,8323,8173,8185,
323.985,8296,8173,8187,
323.997,8304,8173,8185,
324.007,8310,8173,8190,
324.016,8318,8173,8187,
324.026,8326,8173,8190,
324.036,8331,8173,8190,
324.046,8339,8173,8190,
324.058,8347,8173,8190,
324.066,8350,8173,8192,
324.077,8358,8173,8192,
324.087,8366,8173,8192,
324.096,8364,8173,8195,
324.106,8369,8173,8195,
324.114,8372,8173,8195,
324.127,8372,8173,8192,
324.135,8377,8173,8192,
324.145,8377,8173,8200,
324.157,8393,8173,8198,
324.166,8447,8170,8190,
324.176,8442,8173,8198,
324.185,8406,8173,8200,
324.197,8401,8173,8198,
324.206,8398,8173,8200,
324.216,8401,8173,8203,
324.228,8401,8173,8198,
324.236,8398,8173,8200,
324.246,8398,8173,8198,
324.257,8398,8173,8198,
324.267,8398,8170,8198,
324.274,8398,8173,8195,
324.286,8398,8173,8200,
324.296,8396,8173,8200,
324.307,8398,8173,8198,
324.315,8398,8173,8198,
324.324,8401,8173,8198,
324.338,8401,8173,8200,
324.345,8406,8173,8198,
324.356,8439,8173,8192,
324.366,8506,8173,8180,
324.377,8498,8173,8195,
324.385,8425,8173,8203,
324.397,8414,8173,8195,
324.403,8409,8173,8198,
324.416,8404,8173,8203,
324.426,8401,8173,8200,
324.437,8404,8173,8198,
324.445,8406,8173,8198,
324.458,8401,8173,8198,
324.464,8398,8173,8200,
324.478,8401,8173,8200,
324.485,8401,8173,8198,
324.497,8406,8173,8198,
324.509,8404,8173,8198,
324.517,8409,8173,8198,
324.525,8404,8173,8198,
324.536,8404,8173,8198,
324.545,8406,8173,8200,
324.556,8428,8170,8200,
324.567,8490,8173,8187,
324.576,8490,8175,8192,
324.585,8428,8175,8205,
324.596,8417,8175,8203,
324.606,8409,8173,8203,
324.615,8409,8173,8203,
324.624,8412,8173,8203,
324.635,8406,8173,8205,
324.646,8409,8173,8203,
324.657,8404,8173,8200,
324.666,8404,8173,8200,
324.674,8401,8173,8200,
324.686,8404,8173,8198,
324.696,8401,8173,8198,
324.703,8398,8173,8198,
324.715,8398,8173,8198,
324.725,8396,8173,8198,
324.737,8398,8173,8198,
324.746,8393,8173,8198,
324.757,8409,8173,8192,
324.767,8473,8173,8187,
324.776,8425,8170,8195,
324.785,8396,8173,8198,
324.796,8387,8173,8195,
324.806,8385,8173,8195,
324.817,8385,8173,8195,
324.825,8377,8173,8195,
324.835,8377,8173,8195,
324.844,8372,8173,8195,
324.853,8369,8173,8195,
324.864,8366,8173,8198,
324.875,8369,8173,8192,
324.883,8364,8173,8195,
324.895,8364,8173,8192,
324.907,8361,8173,8192,
324.914,8358,8173,8195,
324.926,8358,8173,8192,
324.936,8358,8173,8195,
324.946,8358,8173,8192,
324.954,8366,8173,8190,
324.963,8431,8173,8180,
324.975,8393,8173,8190,
324.986,8353,8173,8192,
324.996,8347,8175,8192,
325.004,8350,8175,8192,
325.014,8347,8173,8192,
325.026,8347,8173,8192,
325.036,8345,8175,8192,
325.046,8342,8173,8190,
325.057,8342,8173,8190,
325.065,8339,8173,8190,
325.075,8342,8173,8190,
325.083,8339,8173,8192,
325.094,8337,8173,8190,
325.106,8334,8173,8190,
325.116,8334,8173,8190,
325.127,8331,8173,8190,
325.133,8334,8173,8190,
325.143,8329,8173,8190,
325.156,8339,8173,8187,
325.165,8393,8170,8180,
325.174,8358,8170,8190,
325.186,8323,8173,8190,
325.195,8320,8170,8187,
325.207,8320,8173,8190,
325.216,8320,8173,8187,
325.225,8318,8173,8187,
325.235,8315,8173,8190,
325.244,8312,8173,8190,
325.256,8310,8173,8187,
325.266,8307,8173,8190,
325.274,8307,8173,8187,
325.286,8307,8173,8187,
325.295,8304,8173,8187,
325.306,8301,8173,8187,
325.315,8299,8173,8187,
325.326,8296,8173,8187,
325.337,8296,8173,8187,
325.345,8296,8173,8187,
325.354,8301,8173,8187,
325.366,8345,8173,8177,
325.375,8339,8173,8185,
325.384,8304,8175,8185,
325.395,8288,8175,8187,
325.405,8285,8173,8185,
325.417,8285,8173,8185,
325.427,8285,8173,8185,
325.432,8283,8173,8185,
325.445,8283,8173,8185,
325.455,8279,8170,8185,
325.464,8276,8173,8185,
325.472,8276,8173,8185,
325.486,8273,8173,8185,
325.494,8271,8173,8185,
325.502,8268,8173,8185,
325.514,8268,8173,8182,
325.525,8268,8173,8182,
325.535,8265,8175,8182,
325.544,8265,8173,8185,
325.553,8276,8173,8182,
325.565,8310,8175,8177,
325.574,8283,8173,8180,
325.586,8260,8175,8182,
325.594,8254,8173,8185,
325.605,8254,8173,8182,
325.615,8254,8173,8182,
325.625,8254,8173,8182,
325.635,8252,8173,8182,
325.644,8252,8173,8182,
325.653,8249,8173,8180,
325.663,8246,8173,8180,
325.676,8244,8173,8182,
325.684,8241,8173,8180,
325.695,8241,8173,8180,
325.704,8238,8173,8180,
325.716,8238,8173,8180,
325.723,8235,8173,8180,
325.734,8233,8173,8180,
325.743,8233,8173,8180,
325.752,8235,8173,8180,
325.763,8249,8173,8177,
325.773,8235,8173,8180,
325.786,8225,8170,8182,
325.796,8225,8173,8177,
325.804,8222,8173,8177,
325.813,8219,8173,8177,
325.822,8219,8173,8180,
325.836,8219,8173,8177,
325.845,8219,8173,8180,
325.854,8217,8173,8180,
325.862,8217,8173,8177,
325.875,8214,8173,8180,
325.884,8214,8173,8177,
325.893,8214,8170,8177,
325.906,8211,8175,8177,
325.912,8208,8173,8180,
325.924,8208,8173,8174,
325.934,8206,8173,8177,
325.944,8206,8173,8177,
325.953,8208,8173,8177,
325.964,8219,8173,8177,
325.973,8208,8173,8177,
325.985,8200,8173,8174,
325.993,8200,8175,8177,
326.004,8198,8170,8177,
326.014,8198,8173,8174,
326.022,8195,8170,8174,
326.033,8195,8173,8172,
326.044,8192,8173,8177,
326.055,8192,8173,8174,
326.064,8192,8173,8174,
326.072,8188,8170,8177,
326.084,8192,8173,8174,
326.095,8188,8173,8177,
326.104,8192,8170,8177,
326.114,8188,8173,8177,
326.123,8192,8173,8177,
326.133,8192,8173,8177,
326.143,8192,8173,8174,
326.155,8192,8173,8177,
326.161,8195,8173,8177,
326.173,8198,8173,8177,
326.186,8188,8170,8177,
326.193,8195,8173,8174,
326.204,8192,8170,8177,
326.213,8192,8173,8177,
326.224,8192,8173,8177,
326.234,8188,8173,8177,
326.243,8192,8173,8177,
326.256,8188,8173,8177,
326.265,8192,8173,8174,
326.276,8188,8173,8177,
326.284,8188,8173,8177,
326.293,8188,8173,8180,
326.303,8188,8173,8180,
326.313,8188,8173,8180,
326.323,8185,8173,8180,
326.331,8185,8173,8180,
326.345,8185,8173,8180,
326.356,8188,8173,8177,
326.363,8192,8173,8177,
326.372,8188,8173,8180,
326.383,8188,8173,8182,
326.393,8188,8170,8177,
326.402,8185,8173,8177,
326.412,8185,8173,8180,
326.425,8185,8173,8177,
326.431,8185,8173,8180,
326.445,8185,8173,8180,
326.451,8182,8173,8180,
326.464,8182,8173,8180,
326.473,8185,8173,8180,
326.484,8182,8173,8180,
326.493,8185,8173,8180,
326.502,8182,8173,8174,
326.514,8182,8173,8177,
326.522,8182,8173,8174,
326.532,8182,8173,8177,
326.542,8182,8173,8174,
326.555,8182,8173,8177,
326.563,8185,8173,8177,
326.573,8185,8173,8177,
326.583,8182,8173,8180,
326.594,8185,8170,8174,
326.604,8182,8170,8177,
326.613,8182,8170,8174,
326.623,8182,8173,8174,
326.633,8179,8173,8174,
326.643,8179,8173,8174,
326.655,8179,8173,8174,
326.663,8182,8173,8174,
326.674,8182,8173,8177,
326.682,8182,8173,8177,
326.694,8179,8170,8177,
326.703,8182,8173,8177,
326.713,8182,8173,8177,
326.724,8179,8173,8177,
326.733,8179,8173,8174,
326.745,8179,8173,8174,
326.751,8179,8173,8174,
326.762,8179,8173,8174,
326.775,8179,8170,8174,
326.784,8177,8170,8174,
326.793,8177,8173,8177,
326.802,8179,8173,8177,
326.811,8179,8173,8177,
326.823,8179,8173,8180,
326.833,8179,8173,8180,
326.843,8182,8173,8180,
326.855,8182,8173,8177,
326.863,8182,8173,8177,
326.871,8182,8173,8177,
326.883,8182,8173,8180,
326.893,8182,8173,8180,
326.902,8182,8173,8180,
326.911,8182,8173,8174,
326.921,8182,8173,8174,
326.934,8182,8173,8174,
326.945,8182,8173,8177,
326.954,8182,8170,8177,
326.964,8182,8170,8174,
326.972,8182,8170,8177,
326.984,8179,8170,8174,
326.994,8179,8170,8177,
327.002,8179,8168,8177,
327.013,8182,8170,8174,
327.021,8182,8170,8177,
327.032,8182,8170,8174,
327.041,8182,8170,8177,
327.051,8179,8170,8174,
327.063,8179,8173,8174,
327.072,8179,8173,8174,
327.082,8179,8173,8174,
327.091,8179,8173,8174,
327.103,8179,8173,8177,
327.113,8179,8170,8174,
327.122,8179,8173,8174,
327.132,8179,8173,8174,
327.141,8179,8173,8174,
327.153,8179,8173,8174,
327.164,8182,8173,8177,
327.17,8179,8173,8177,
327.182,8177,8173,8174,
327.191,8179,8173,8174,
327.203,8179,8170,8177,
327.213,8179,8170,8177,
327.221,8179,8173,8174,
327.231,8179,8173,8174,
327.243,8179,8173,8174,
327.253,8177,8173,8177,
327.263,8179,8173,8174,
327.272,8179,8173,8177,
327.282,8179,8173,8174,
327.291,8179,8173,8174,
327.301,8179,8173,8174,
327.314,8179,8173,8174,
327.32,8179,8173,8174,
327.334,8179,8173,8174,
327.341,8179,8173,8177,
327.351,8179,8173,8177,
327.362,8179,8173,8177,
327.37,8179,8173,8174,
327.382,8182,8173,8174,
327.391,8179,8175,8177,
327.401,8182,8173,8177,
327.413,8179,8173,8174,
327.423,8179,8173,8177,
327.431,8179,8173,8174,
327.44,8179,8173,8177,
327.451,8179,8170,8174,
327.461,8179,8170,8174,
327.471,8179,8173,8177,
327.481,8179,8173,8177,
327.491,8179,8173,8177,
327.501,8179,8173,8174,
327.511,8179,8173,8174,
327.521,8182,8173,8177,
327.533,8179,8173,8177,
327.542,8182,8173,8180,
327.552,8179,8173,8177,
327.56,8179,8178,8177,
327.572,8182,8170,8180,
327.58,8179,8170,8177,
327.593,8179,8173,8180,
327.602,8179,8170,8180,
327.611,8179,8173,8177,
327.62,8179,8173,8174,
327.632,8179,8173,8177,
327.642,8179,8173,8177,
327.653,8179,8173,8174,
327.663,8179,8173,8177,
327.671,8179,8173,8174,
327.68,8179,8173,8174,
327.693,8179,8173,8174,
327.7,8179,8175,8174,
327.713,8179,8175,8174,
327.723,8179,8175,8174,
327.732,8179,8175,8174,
327.743,8179,8175,8174,
327.752,8182,8175,8177,
327.763,8179,8175,8174,
327.77,8179,8175,8174,
327.78,8182,8175,8174,
327.792,8179,8170,8177,
327.803,8179,8175,8174,
327.809,8179,8170,8174,
327.821,8179,8173,8174,
327.831,8179,8173,8174,
327.84,8179,8173,8177,
327.85,8179,8173,8174,
327.862,8179,8173,8174,
327.87,8179,8173,8174,
327.882,8179,8173,8174,
327.891,8177,8173,8177,
327.902,8177,8173,8174,
327.911,8179,8173,8174,
327.922,8179,8173,8177,
327.932,8177,8173,8177,
327.94,8179,8173,8180,
327.954,8177,8173,8180,
327.961,8177,8173,8174,
327.972,8177,8173,8180,
327.982,8177,8173,8177,
327.99,8174,8173,8180,
328.003,8174,8175,8177,
328.01,8168,8173,8177,
328.022,8163,8173,8177,
328.032,8168,8173,8177,
328.041,8166,8173,8177,
328.052,8166,8173,8180,
328.063,8163,8173,8177,
328.07,8158,8173,8177,
328.081,8155,8173,8177,
328.091,8152,8173,8177,
328.101,8144,8173,8177,
328.11,8136,8173,8177,
328.122,8128,8175,8177,
328.133,8122,8175,8180,
328.143,8114,8175,8174,
328.149,8101,8175,8177,
328.16,8083,8170,8172,
328.169,8092,8178,8177,
328.18,8088,8181,8177,
328.192,8083,8181,8172,
328.198,8080,8178,8174,
328.212,8074,8181,8174,
328.221,8069,8183,8174,
328.231,8061,8181,8174,
328.24,8055,8181,8177,
328.251,8050,8181,8174,
328.262,8047,8183,8177,
328.271,8042,8181,8174,
328.278,8028,8183,8174,
328.291,8026,8186,8174,
328.299,8018,8181,8174,
328.309,8015,8186,8177,
328.321,8009,8191,8177,
328.33,8007,8186,8174,
328.341,8000,8186,8177,
328.352,7972,8183,8177,
328.361,7929,8183,8174,
328.369,7948,8191,8180,
328.38,7972,8193,8177,
328.391,7975,8193,8174,
328.399,7961,8193,8174,
328.408,7964,8193,8174,
328.421,7956,8188,8177,
328.429,7953,8196,8177,
328.441,7948,8191,8177,
328.451,7945,8199,8177,
328.459,7953,8196,8177,
328.472,7945,8196,8174,
328.479,7942,8199,8174,
328.489,7937,8201,8177,
328.499,7937,8199,8177,
328.512,7923,8193,8174,
328.521,7929,8196,8172,
328.533,7921,8204,8174,
328.539,7923,8199,8174,
328.551,7895,8196,8182,
328.56,7835,8191,8180,
328.57,7889,8206,8177,
328.58,7889,8209,8177,
328.592,7886,8206,8177,
328.601,7895,8212,8177,
328.612,7898,8201,8177,
328.618,7895,8196,8177,
328.631,7898,8204,8177,
328.643,7884,8206,8177,
328.65,7884,8199,8177,
328.659,7884,8206,8180,
328.671,7881,8212,8177,
328.68,7873,8201,8177,
328.688,7881,8204,8180,
328.701,7878,8204,8177,
328.708,7873,8209,8177,
328.72,7875,8206,8177,
328.73,7875,8201,8177,
328.74,7878,8204,8177,
328.748,7848,8201,8174,
328.761,7779,8181,8172,
328.77,7809,8204,8177,
328.781,7865,8204,8177,
328.789,7875,8199,8174,
328.799,7867,8212,8177,
328.809,7875,8196,8177,
328.818,7873,8209,8174,
328.831,7875,8214,8177,
328.839,7875,8214,8180,
328.849,7895,8222,8177,
328.861,7878,8212,8174,
328.872,7893,8201,8174,
328.881,7886,8193,8177,
328.89,7884,8206,8177,
328.9,7904,8201,8174,
328.908,7893,8204,8177,
328.92,7898,8204,8177,
328.929,7895,8209,8174,
328.939,7909,8206,8177,
328.948,7875,8196,8174,
328.96,7809,8193,8177,
328.971,7846,8209,8177,
328.979,7898,8206,8174,
328.99,7904,8196,8172,
329.002,7906,8199,8174,
329.01,7918,8204,8174,
329.02,7906,8204,8174,
329.031,7915,8201,8177,
329.041,7912,8201,8174,
329.049,7915,8196,8174,
329.058,7912,8206,8174,
329.07,7909,8191,8174,
329.082,7912,8199,8174,
329.088,7912,8204,8174,
329.099,7915,8201,8177,
329.109,7912,8196,8174,
329.121,7915,8206,8174,
329.129,7921,8206,8174,
329.138,7926,8206,8177,
329.149,7898,8178,8177,
329.158,7846,8188,8169,
329.169,7873,8201,8182,
329.18,7932,8206,8177,
329.189,7937,8196,8177,
329.199,7945,8201,8174,
329.209,7945,8193,8174,
329.217,7951,8199,8174,
329.23,7953,8181,8177,
329.24,7956,8196,8177,
329.25,7956,8196,8174,
329.259,7959,8199,8177,
329.267,7959,8196,8174,
329.28,7964,8193,8174,
329.288,7964,8196,8174,
329.297,7964,8199,8174,
329.309,7964,8199,8174,
329.319,7975,8191,8174,
329.33,7975,8196,8174,
329.34,7972,8196,8174,
329.349,7967,8181,8174,
329.361,7909,8193,8177,
329.371,7967,8199,8172,
329.381,7970,8201,8177,
329.389,7975,8191,8169,
329.398,7978,8191,8174,
329.407,7988,8191,8177,
329.42,7988,8196,8174,
329.429,7986,8196,8177,
329.44,7988,8191,8174,
329.451,7991,8191,8174,
329.459,8000,8188,8174,
329.471,7998,8188,8174,
329.479,8000,8193,8177,
329.489,8000,8193,8174,
329.497,8007,8186,8174,
329.51,8007,8188,8177,
329.52,8012,8193,8177,
329.529,8007,8188,8177,
329.539,8020,8191,8177,
329.549,8007,8188,8177,
329.56,7978,8178,8174,
329.57,8023,8191,8177,
329.579,8031,8186,8180,
329.59,8037,8183,8180,
329.6,8045,8183,8177,
329.611,8053,8186,8180,
329.617,8061,8183,8177,
329.629,8064,8183,8180,
329.639,8069,8183,8177,
329.649,8072,8181,8177,
329.66,8077,8181,8180,
329.669,8083,8178,8180,
329.68,8092,8181,8174,
329.686,8094,8178,8177,
329.698,8101,8175,8174,
329.708,8109,8178,8174,
329.718,8114,8175,8177,
329.727,8117,8175,8174,
329.737,8125,8175,8174,
329.749,8120,8173,8177,
329.759,8117,8175,8180,
329.767,8136,8175,8177,
329.777,8139,8178,8177,
329.787,8144,8175,8180,
329.8,8152,8173,8174,
329.809,8152,8173,8174,
329.818,8158,8173,8174,
329.828,8160,8173,8177,
329.84,8160,8173,8177,
329.848,8163,8173,8177,
329.857,8166,8173,8177,
329.87,8168,8173,8177,
329.878,8171,8170,8177,
329.89,8174,8173,8174,
329.897,8177,8173,8177,
329.91,8177,8173,8177,
329.922,8177,8173,8177,
329.928,8179,8170,8174,
329.94,8185,8173,8177,
329.946,8185,8173,8177,
329.958,8195,8173,8174,
329.97,8206,8175,8180,
329.979,8200,8170,8180,
329.987,8203,8168,8180,
329.998,8203,8173,8177,
330.006,8203,8173,8177,
330.019,8203,8173,8177,
330.028,8206,8173,8177,
330.037,8208,8173,8177,
330.048,8208,8173,8177,
330.057,8214,8173,8180,
330.066,8217,8173,8177,
330.079,8217,8173,8177,
330.089,8219,8173,8177,
330.099,8222,8173,8180,
330.109,8227,8173,8180,
330.117,8230,8173,8180,
330.128,8233,8173,8180,
330.138,8235,8173,8180,
330.146,8246,8173,8180,
330.16,8271,8173,8174,
330.167,8276,8173,8180,
330.179,8254,8175,8182,
330.19,8254,8170,8182,
330.196,8257,8173,8182,
330.209,8263,8173,8182,
330.22,8268,8173,8182,
330.23,8271,8173,8182,
330.238,8276,8173,8182,
330.247,8279,8173,8185,
330.259,8283,8173,8182,
330.267,8285,8173,8185,
330.279,8288,8173,8185,
330.287,8296,8173,8190,
330.297,8304,8173,8187,
330.306,8310,8173,8190,
330.318,8318,8170,8192,
330.328,8323,8170,8192,
330.337,8331,8173,8192,
330.348,8350,8173,8190,
330.356,8417,8173,8185,
330.368,8423,8170,8192,
330.377,8379,8173,8195,
330.387,8361,8173,8195,
330.401,8358,8173,8192,
330.41,8356,8173,8192,
330.417,8364,8173,8192,
330.428,8361,8170,8195,
330.44,8364,8170,8190,
330.448,8361,8173,8195,
330.457,8364,8173,8192,
330.468,8364,8173,8195,
330.479,8366,8173,8195,
330.487,8364,8173,8192,
330.497,8364,8170,8192,
330.507,8369,8173,8192,
330.519,8364,8173,8195,
330.527,8361,8170,8195,
330.538,8361,8173,8195,
330.548,8377,8173,8187,
330.558,8428,8170,8185,
330.567,8393,8173,8195,
330.576,8364,8173,8192,
330.589,8358,8173,8190,
330.599,8364,8173,8195,
330.606,8364,8173,8195,
330.619,8364,8173,8198,
330.627,8369,8173,8195,
330.637,8366,8170,8198,
330.648,8369,8173,8195,
330.657,8372,8173,8200,
330.667,8369,8173,8198,
330.678,8369,8173,8198,
330.687,8369,8173,8198,
330.699,8369,8175,8195,
330.708,8366,8173,8192,
330.717,8364,8173,8195,
330.727,8366,8173,8192,
330.736,8366,8173,8195,
330.748,8385,8173,8192,
330.757,8436,8173,8185,
330.768,8401,8173,8195,
330.778,8369,8170,8198,
330.786,8366,8173,8192,
330.797,8369,8170,8195,
330.806,8369,8173,8195,
330.82,8369,8170,8195,
330.829,8369,8173,8192,
330.837,8369,8175,8195,
330.848,8377,8175,8195,
330.857,8372,8175,8195,
330.868,8369,8175,8192,
330.876,8369,8175,8195,
330.886,8372,8173,8195,
330.897,8377,8175,8195,
330.909,8379,8175,8195,
330.918,8377,8175,8198,
330.928,8377,8175,8198,
330.936,8379,8173,8198,
330.945,8409,8173,8192,
330.956,8479,8173,8187,
330.967,8439,8173,8195,
330.978,8387,8175,8195,
330.986,8379,8173,8198,
330.998,8379,8173,8198,
331.007,8379,8173,8195,
331.018,8379,8173,8195,
331.027,8379,8173,8192,
331.038,8372,8173,8195,
331.046,8377,8173,8195,
331.056,8379,8173,8195,
331.069,8377,8173,8195,
331.076,8372,8173,8195,
331.088,8369,8173,8195,
331.097,8372,8173,8195,
331.107,8369,8173,8198,
331.116,8366,8173,8198,
331.129,8364,8173,8198,
331.137,8358,8173,8195,
331.146,8372,8173,8192,
331.155,8433,8170,8185,
331.166,8431,8173,8190,
331.175,8379,8173,8198,
331.187,8358,8170,8198,
331.196,8356,8173,8195,
331.205,8353,8173,8192,
331.215,8353,8173,8192,
331.226,8353,8173,8192,
331.235,8350,8173,8190,
331.248,8347,8173,8192,
331.257,8345,8173,8192,
331.268,8345,8173,8192,
331.276,8339,8173,8190,
331.289,8337,8170,8192,
331.297,8337,8173,8190,
331.305,8337,8173,8190,
331.317,8334,8173,8190,
331.325,8329,8170,8190,
331.337,8329,8173,8190,
331.348,8345,8173,8185,
331.357,8404,8173,8174,
331.366,8366,8173,8187,
331.377,8323,8173,8187,
331.387,8318,8170,8187,
331.396,8318,8173,8187,
331.406,8312,8173,8187,
331.418,8312,8173,8190,
331.426,8307,8173,8190,
331.436,8304,8173,8190,
331.448,8304,8173,8190,
331.456,8299,8173,8190,
331.467,8299,8173,8187,
331.475,8299,8170,8187,
331.488,8291,8173,8190,
331.496,8291,8173,8187,
331.506,8291,8173,8190,
331.517,8288,8173,8190,
331.525,8288,8173,8187,
331.535,8285,8173,8190,
331.546,8293,8173,8187,
331.557,8326,8173,8182,
331.568,8329,8173,8187,
331.574,8291,8170,8190,
331.587,8283,8170,8187,
331.596,8279,8170,8187,
331.607,8279,8173,8187,
331.616,8276,8173,8185,
331.626,8276,8173,8182,
331.638,8271,8173,8182,
331.647,8271,8173,8182,
331.657,8271,8170,8185,
331.667,8268,8173,8185,
331.677,8265,8173,8185,
331.685,8268,8173,8182,
331.696,8265,8173,8182,
331.705,8263,8173,8185,
331.714,8263,8173,8182,
331.726,8260,8175,8182,
331.735,8260,8173,8182,
331.743,8271,8173,8180,
331.755,8301,8173,8177,
331.764,8283,8173,8180,
331.777,8254,8173,8177,
331.785,8252,8170,8182,
331.797,8252,8173,8182,
331.808,8252,8173,8182,
331.814,8249,8173,8180,
331.827,8246,8173,8180,
331.838,8246,8173,8182,
331.848,8246,8173,8182,
331.854,8246,8173,8182,
331.866,8244,8173,8180,
331.876,8244,8173,8180,
331.885,8241,8173,8177,
331.894,8238,8173,8180,
331.907,8238,8173,8180,
331.918,8238,8173,8182,
331.925,8238,8173,8182,
331.937,8235,8173,8180,
331.943,8241,8173,8182,
331.955,8260,8173,8180,
331.968,8244,8170,8182,
331.977,8227,8170,8185,
331.985,8227,8170,8180,
331.996,8230,8173,8182,
332.005,8227,8173,8182,
332.015,8227,8173,8180,
332.027,8227,8173,8177,
332.035,8225,8173,8177,
332.045,8225,8173,8180,
332.055,8222,8173,8177,
332.066,8222,8173,8180,
332.075,8219,8170,8180,
332.084,8219,8173,8180,
332.098,8219,8173,8177,
332.105,8219,8173,8177,
332.116,8217,8173,8177,
332.126,8217,8175,8177,
332.136,8217,8173,8177,
332.146,8219,8173,8177,
332.156,8233,8173,8174,
332.167,8222,8173,8177,
332.178,8208,8173,8177,
332.185,8208,8170,8174,
332.196,8208,8173,8177,
332.206,8208,8170,8177,
332.216,8208,8170,8177,
332.225,8206,8173,8177,
332.237,8203,8173,8177,
332.247,8200,8170,8177,
332.256,8200,8173,8177,
332.266,8198,8173,8177,
332.276,8198,8173,8177,
332.285,8198,8173,8177,
332.295,8198,8173,8177,
332.307,8200,8173,8177,
332.317,8200,8173,8177,
332.325,8200,8173,8177,
332.336,8200,8173,8177,
332.345,8200,8173,8177,
332.355,8208,8173,8177,
332.366,8206,8170,8177,
332.375,8200,8170,8177,
332.385,8198,8175,8174,
332.396,8198,8173,8177,
332.405,8198,8175,8177,
332.416,8195,8173,8177,
332.426,8195,8173,8177,
332.434,8195,8173,8177,
332.446,8195,8173,8180,
332.455,8195,8173,8180,
332.465,8192,8173,8180,
332.475,8192,8173,8180,
332.486,8192,8173,8180,
332.494,8192,8173,8180,
332.505,8192,8173,8180,
332.515,8192,8170,8180,
332.526,8192,8173,8180,
332.537,8188,8173,8180,
332.545,8192,8173,8177,
332.555,8198,8173,8174,
332.564,8192,8173,8177,
332.575,8185,8173,8174,
332.584,8185,8175,8174,
332.594,8185,8170,8177,
332.605,8185,8173,8177,
332.613,8185,8173,8177,
332.624,8185,8173,8177,
332.635,8185,8173,8177,
332.645,8185,8173,8177,
332.657,8185,8170,8177,
332.667,8185,8173,8177,
332.673,8185,8173,8177,
332.684,8185,8173,8177,
332.696,8185,8173,8177,
332.704,8182,8173,8177,
332.714,8182,8173,8177,
332.723,8185,8173,8177,
332.736,8182,8173,8177,
332.746,8182,8173,8177,
332.753,8182,8173,8177,
332.765,8185,8175,8174,
332.774,8179,8173,8177,
332.786,8182,8173,8177,
332.793,8182,8173,8172,
332.803,8182,8173,8177,
332.816,8182,8173,8177,
332.824,8182,8173,8177,
332.835,8182,8173,8174,
332.843,8182,8173,8177,
332.856,8182,8173,8177,
332.864,8182,8173,8177,
332.876,8182,8170,8177,
332.882,8182,8170,8177,
332.896,8182,8173,8177,
332.905,8182,8173,8174,
332.916,8179,8173,8174,
332.925,8179,8173,8177,
332.932,8182,8173,8177,
332.946,8182,8173,8174,
332.953,8182,8173,8174,
332.967,8185,8173,8174,
332.973,8179,8173,8174,
332.984,8179,8173,8177,
332.996,8182,8173,8177,
333.004,8182,8173,8177,
333.012,8182,8173,8177,
333.022,8182,8173,8177,
333.036,8179,8173,8177,
333.046,8182,8170,8177,
333.052,8182,8173,8177,
333.066,8182,8173,8177,
333.072,8179,8173,8174,
333.085,8179,8170,8177,
333.093,8179,8173,8174,
333.105,8179,8170,8177,
333.114,8179,8173,8177,
333.124,8182,8173,8177,
333.133,8182,8173,8177,
333.145,8179,8173,8174,
333.153,8182,8173,8177,
333.165,8182,8170,8177,
333.175,8179,8175,8174,
333.182,8177,8173,8177,
333.195,8177,8173,8174,
333.205,8177,8173,8174,
333.215,8177,8173,8177,
333.224,8177,8173,8177,
333.235,8177,8173,8174,
333.245,8177,8173,8174,
333.255,8177,8170,8174,
333.261,8177,8170,8177,
333.275,8177,8173,8174,
333.284,8179,8170,8174,
333.295,8179,8170,8174,
333.304,8179,8173,8177,
333.314,8182,8173,8174,
333.323,8179,8173,8174,
333.334,8179,8173,8177,
333.342,8182,8173,8177,
333.354,8177,8173,8177,
333.362,8179,8173,8180,
333.375,8179,8173,8177,
333.384,8177,8170,8177,
333.392,8179,8173,8180,
333.403,8179,8173,8177,
333.414,8179,8173,8180,
333.422,8177,8173,8180,
333.432,8179,8173,8180,
333.443,8179,8173,8177,
333.454,8179,8173,8177,
333.465,8179,8173,8177,
333.474,8179,8170,8177,
333.482,8179,8173,8177,
333.493,8179,8173,8174,
333.504,8179,8170,8174,
333.515,8179,8173,8174,
333.523,8179,8175,8177,
333.533,8177,8173,8177,
333.544,8177,8173,8174,
333.553,8177,8173,8174,
333.562,8177,8173,8174,
333.574,8177,8175,8177,
333.584,8179,8173,8177,
333.592,8179,8173,8174,
333.604,8177,8173,8174,
333.613,8179,8173,8174,
333.622,8179,8173,8177,
333.634,8179,8173,8174,
333.644,8179,8173,8174,
333.652,8179,8173,8174,
333.664,8179,8173,8177,
333.674,8179,8173,8180,
333.684,8179,8173,8180,
333.694,8179,8173,8180,
333.704,8179,8173,8177,
333.716,8179,8170,8180,
333.723,8179,8173,8180,
333.734,8179,8173,8180,
333.743,8177,8173,8177,
333.751,8179,8173,8177,
333.765,8179,8173,8180,
333.773,8177,8173,8177,
333.782,8179,8170,8174,
333.794,8179,8173,8174,
333.803,8177,8173,8174,
333.813,8177,8173,8177,
333.824,8177,8173,8177,
333.835,8177,8173,8174,
333.841,8174,8173,8174,
333.854,8174,8173,8177,
333.862,8177,8173,8174,
333.873,8174,8173,8177,
333.884,8177,8173,8174,
333.892,8174,8173,8174,
333.903,8174,8173,8174,
333.913,8177,8173,8177,
333.924,8177,8173,8174,
333.933,8177,8173,8177,
333.945,8177,8173,8177,
333.953,8179,8173,8174,
333.964,8177,8170,8174,
333.975,8177,8170,8174,
333.983,8179,8170,8177,
334.016,8177,8170,8177,
334.02,8177,8173,8177,
334.02,8177,8173,8174,
334.021,8177,8173,8174,
334.03,8177,8173,8174,
334.042,8177,8173,8174,
334.051,8177,8173,8177,
334.062,8177,8173,8177,
334.072,8179,8173,8174,
334.083,8179,8170,8177,
334.094,8179,8170,8180,
334.104,8179,8168,8177,
334.114,8179,8170,8180,
334.12,8179,8170,8180,
334.131,8179,8170,8180,
334.143,8179,8170,8177,
334.154,8182,8170,8180,
334.162,8177,8170,8180,
334.172,8179,8173,8177,
334.185,8182,8170,8177,
334.193,8179,8170,8177,
334.202,8179,8170,8174,
334.212,8179,8170,8174,
334.222,8179,8173,8174,
334.233,8179,8173,8174,
334.241,8179,8173,8174,
334.252,8179,8173,8177,
334.262,8179,8173,8177,
334.271,8179,8173,8177,
334.282,8179,8173,8180,
334.291,8179,8173,8180,
334.302,8179,8173,8180,
334.313,8179,8173,8177,
334.322,8179,8173,8180,
334.333,8179,8173,8180,
334.342,8179,8173,8180,
334.352,8182,8165,8180,
334.363,8179,8173,8177,
334.372,8179,8173,8177,
334.384,8177,8173,8177,
334.394,8179,8173,8174,
334.402,8179,8173,8177,
334.413,8179,8170,8177,
334.422,8179,8173,8174,
334.431,8179,8173,8177,
334.443,8179,8173,8177,
334.453,8179,8173,8177,
334.464,8179,8173,8174,
334.47,8179,8173,8177,
334.483,8179,8173,8174,
334.494,8179,8173,8174,
334.502,8179,8173,8177,
334.511,8179,8173,8174,
334.521,8179,8173,8174,
334.533,8177,8173,8177,
334.543,8177,8173,8177,
334.552,8177,8173,8174,
334.562,8177,8170,8177,
334.57,8174,8170,8174,
334.585,8174,8173,8177,
334.591,8177,8173,8177,
334.602,8177,8173,8180,
334.61,8174,8173,8180,
334.624,8177,8173,8177,
334.633,8174,8173,8180,
334.642,8177,8173,8177,
334.65,8179,8173,8177,
334.663,8177,8170,8180,
334.671,8179,8173,8180,
334.682,8179,8170,8177,
334.692,8177,8173,8180,
334.703,8177,8170,8177,
334.712,8179,8173,8180,
334.72,8177,8173,8180,
334.733,8177,8173,8180,
334.742,8177,8173,8177,
334.753,8174,8170,8177,
334.763,8174,8173,8180,
334.774,8171,8173,8177,
334.782,8174,8173,8180,
334.79,8174,8173,8177,
334.8,8177,8173,8177,
334.811,8177,8173,8177,
334.821,8177,8170,8174,
334.833,8177,8173,8174,
334.843,8177,8173,8177,
334.852,8177,8173,8174,
334.86,8177,8173,8177,
334.873,8177,8173,8174,
334.879,8177,8173,8174,
334.892,8177,8173,8177,
334.9,8174,8173,8174,
334.911,8177,8173,8174,
334.923,8177,8173,8177,
334.932,8177,8173,8177,
334.941,8177,8175,8177,
334.953,8177,8173,8177,
334.962,8177,8173,8177,
334.971,8177,8173,8174,
334.98,8177,8170,8177,
334.991,8177,8173,8177,
335.003,8177,8173,8177,
335.009,8177,8173,8174,
335.022,8179,8173,8174,
335.03,8179,8173,8177,
335.041,8177,8173,8174,
335.051,8177,8173,8174,
335.067,8177,8173,8174,
335.071,8177,8173,8177,
335.082,8177,8170,8177,
335.093,8177,8173,8174,
335.102,8177,8170,8177,
335.113,8177,8173,8177,
335.122,8177,8170,8174,
335.132,8177,8173,8177,
335.141,8177,8173,8174,
335.15,8174,8173,8174,
335.162,8177,8173,8177,
335.17,8177,8173,8174,
335.182,8182,8175,8174,
335.191,8177,8173,8174,
335.201,8177,8173,8177,
335.212,8177,8173,8174,
335.221,8174,8173,8177,
335.231,8177,8173,8174,
335.243,8177,8173,8177,
335.252,8177,8173,8174,
335.262,8177,8173,8177,
335.27,8177,8173,8177,
335.282,8177,8173,8174,
335.291,8177,8170,8177,
335.299,8177,8173,8177,
335.31,8177,8173,8177,
335.323,8177,8173,8177,
335.333,8177,8173,8177,
335.341,8179,8173,8177,
335.351,8177,8170,8174,
335.361,8179,8173,8174,
335.372,8177,8173,8177,
335.381,8177,8170,8177,
335.392,8177,8173,8174,
335.401,8179,8173,8177,
335.411,8179,8173,8174,
335.42,8177,8173,8174,
335.433,8179,8173,8174,
335.439,8179,8173,8174,
335.452,8177,8173,8174,
335.459,8177,8173,8174,
335.47,8177,8173,8177,
335.481,8177,8170,8177,
335.491,8179,8173,8177,
335.5,8179,8173,8174,
335.511,8179,8173,8177,
335.519,8179,8173,8177,
335.531,8177,8173,8180,
335.54,8179,8173,8180,
335.55,8177,8173,8180,
335.563,8179,8175,8180,
335.57,8174,8173,8177,
335.581,8179,8178,8180,
335.591,8179,8175,8177,
335.601,8179,8175,8177,
335.61,8177,8175,8177,
335.62,8179,8175,8174,
335.632,8179,8175,8174,
335.641,8179,8175,8174,
335.652,8179,8175,8174,
335.66,8179,8173,8174,
335.67,8179,8173,8174,
335.68,8177,8170,8174,
335.691,8179,8173,8174,
335.701,8177,8173,8174,
335.709,8179,8173,8177,
335.72,8177,8173,8174,
335.731,8179,8173,8174,
335.742,8179,8173,8174,
335.752,8177,8173,8177,
335.76,8177,8173,8177,
335.771,8177,8175,8177,
335.781,8177,8173,8174,
335.789,8179,8173,8174,
335.8,8177,8173,8177,
335.811,8177,8173,8177,
335.819,8179,8173,8174,
335.829,8177,8173,8174,
335.839,8179,8173,8177,
335.851,8179,8173,8177,
335.863,8179,8173,8174,
335.869,8179,8173,8177,
335.881,8179,8173,8177,
335.89,8177,8173,8177,
335.9,8177,8173,8177,
335.911,8177,8173,8177,
335.921,8174,8173,8177,
335.929,8177,8173,8177,
335.941,8177,8173,8174,
335.95,8174,8173,8177,
335.959,8177,8170,8177,
335.969,8174,8173,8177,
335.979,8174,8173,8174,
335.989,8177,8170,8174,
335.999,8179,8173,8177,
336.011,8177,8173,8177,
336.02,8177,8173,8177,
336.03,8177,8173,8177,
336.042,8177,8173,8177,
336.049,8177,8173,8177,
336.058,8177,8173,8177,
336.069,8177,8173,8177,
336.081,8177,8173,8177,
336.09,8177,8173,8177,
336.1,8177,8173,8177,
336.11,8177,8173,8177,
336.119,8177,8173,8174,
336.13,8177,8173,8177,
336.14,8177,8173,8177,
336.151,8174,8173,8177,
336.173,8177,8173,8177,
336.174,8177,8173,8174,
336.179,8174,8170,8177,
336.191,8174,8173,8177,
336.2,8171,8173,8177,
336.208,8168,8173,8177,
336.221,8166,8173,8177,
336.229,8163,8173,8177,
336.241,8158,8173,8177,
336.249,8150,8173,8174,
336.26,8141,8175,8174,
336.269,8131,8175,8174,
336.282,8122,8175,8177,
336.288,8112,8178,8177,
336.3,8101,8175,8177,
336.311,8088,8178,8177,
336.32,8077,8178,8174,
336.33,8069,8181,8177,
336.34,8050,8178,8174,
336.35,8012,8178,8174,
336.36,8020,8183,8174,
336.368,8028,8186,8172,
336.381,8018,8178,8174,
336.391,8009,8188,8174,
336.4,8003,8186,8174,
336.408,7995,8188,8174,
336.418,7991,8188,8177,
336.427,7980,8188,8177,
336.439,7983,8191,8177,
336.451,7975,8188,8177,
336.458,7972,8193,8177,
336.469,7967,8196,8177,
336.478,7964,8191,8177,
336.491,7951,8191,8177,
336.499,7951,8191,8177,
336.51,7942,8193,8177,
336.519,7934,8191,8174,
336.528,7942,8196,8177,
336.541,7918,8196,8177,
336.547,7859,8188,8177,
336.559,7886,8199,8177,
336.568,7926,8201,8174,
336.581,7929,8186,8174,
336.589,7934,8201,8177,
336.601,7942,8199,8174,
336.609,7932,8196,8174,
336.619,7932,8196,8177,
336.629,7921,8193,8177,
336.638,7926,8191,8177,
336.649,7932,8199,8174,
336.66,7923,8204,8174,
336.671,7921,8199,8174,
336.68,7929,8199,8174,
336.688,7923,8199,8174,
336.699,7918,8201,8177,
336.711,7918,8209,8177,
336.719,7923,8191,8177,
336.729,7923,8199,8177,
336.738,7884,8191,8174,
336.75,7832,8196,8174,
336.759,7893,8204,8177,
336.769,7901,8196,8177,
336.78,7915,8209,8174,
336.791,7915,8199,8174,
336.8,7901,8204,8174,
336.807,7909,8199,8174,
336.817,7926,8209,8177,
336.829,7909,8196,8177,
336.838,7909,8201,8174,
336.85,7915,8191,8177,
336.86,7921,8196,8177,
336.87,7915,8209,8174,
336.88,7926,8199,8180,
336.889,7929,8206,8180,
336.899,7915,8201,8177,
336.909,7921,8191,8177,
336.918,7926,8196,8177,
336.928,7926,8193,8177,
336.937,7909,8183,8180,
336.948,7846,8181,8177,
336.96,7875,8196,8174,
336.968,7929,8204,8177,
336.978,7940,8196,8174,
336.989,7937,8206,8177,
337,7951,8199,8174,
337.009,7948,8196,8174,
337.02,7951,8191,8174,
337.028,7953,8196,8177,
337.039,7951,8199,8174,
337.049,7964,8191,8177,
337.06,7953,8199,8177,
337.067,7959,8201,8177,
337.08,7953,8201,8174,
337.088,7956,8199,8174,
337.098,7967,8199,8174,
337.109,7970,8193,8177,
337.119,7964,8196,8174,
337.128,7964,8193,8177,
337.137,7942,8178,8177,
337.146,7889,8183,8174,
337.159,7951,8201,8177,
337.169,7959,8196,8180,
337.178,7964,8193,8177,
337.188,7970,8186,8177,
337.2,7978,8193,8177,
337.208,7978,8201,8174,
337.218,7983,8186,8174,
337.228,7991,8199,8177,
337.237,7988,8191,8174,
337.248,7995,8188,8177,
337.257,7988,8191,8177,
337.268,7995,8188,8180,
337.277,7991,8191,8177,
337.288,8000,8181,8180,
337.298,7995,8188,8177,
337.309,7998,8188,8177,
337.317,8000,8193,8177,
337.328,8000,8183,8180,
337.336,7986,8181,8180,
337.347,7942,8181,8177,
337.358,7986,8193,8182,
337.369,8000,8191,8174,
337.378,8003,8186,8177,
337.39,8012,8191,8180,
337.399,8000,8186,8177,
337.408,8012,8186,8177,
337.42,8007,8188,8177,
337.428,8012,8186,8180,
337.439,8009,8188,8177,
337.45,8012,8191,8177,
337.456,8015,8191,8174,
337.468,8018,8188,8177,
337.479,8018,8186,8174,
337.487,8018,8186,8177,
337.498,8026,8183,8177,
337.508,8026,8188,8174,
337.519,8031,8183,8174,
337.527,8028,8191,8177,
337.539,8009,8181,8177,
337.547,7986,8183,8185,
337.56,8028,8188,8174,
337.566,8037,8186,8180,
337.58,8045,8183,8174,
337.588,8047,8181,8177,
337.598,8047,8181,8174,
337.607,8047,8183,8177,
337.617,8053,8183,8177,
337.627,8058,8181,8177,
337.637,8058,8178,8174,
337.649,8064,8183,8174,
337.658,8064,8181,8174,
337.666,8072,8181,8174,
337.678,8072,8181,8177,
337.688,8074,8181,8177,
337.698,8080,8181,8174,
337.708,8080,8181,8174,
337.717,8088,8178,8177,
337.73,8092,8178,8177,
337.738,8092,8178,8177,
337.749,8074,8173,8180,
337.758,8094,8183,8177,
337.768,8117,8178,8174,
337.779,8120,8181,8180,
337.788,8128,8178,8177,
337.799,8136,8178,8174,
337.81,8144,8175,8177,
337.819,8150,8175,8174,
337.828,8155,8175,8174,
337.839,8160,8175,8174,
337.848,8166,8175,8174,
337.858,8171,8173,8174,
337.866,8174,8173,8174,
337.877,8177,8173,8177,
337.887,8179,8173,8174,
337.897,8182,8173,8174,
337.907,8182,8173,8174,
337.917,8185,8173,8174,
337.928,8192,8173,8177,
337.938,8195,8168,8180,
337.948,8203,8173,8174,
337.958,8206,8170,8177,
337.967,8200,8173,8182,
337.975,8206,8170,8174,
337.986,8206,8173,8180,
337.999,8211,8173,8177,
338.008,8214,8173,8177,
338.017,8219,8173,8177,
338.028,8222,8173,8180,
338.038,8227,8173,8180,
338.046,8230,8173,8180,
338.059,8235,8173,8180,
338.068,8238,8173,8180,
338.075,8244,8173,8180,
338.087,8249,8173,8180,
338.095,8252,8173,8182,
338.108,8257,8173,8182,
338.116,8263,8173,8185,
338.126,8271,8173,8185,
338.137,8283,8173,8182,
338.148,8329,8170,8177,
338.159,8318,8173,8187,
338.165,8301,8173,8187,
338.176,8310,8173,8187,
338.188,8318,8173,8187,
338.198,8326,8173,8190,
338.207,8329,8173,8192,
338.218,8337,8173,8187,
338.226,8342,8170,8192,
338.237,8345,8173,8190,
338.248,8347,8173,8192,
338.256,8350,8173,8190,
338.268,8356,8173,8192,
338.278,8358,8175,8195,
338.286,8364,8173,8195,
338.296,8364,8175,8192,
338.312,8364,8175,8192,
338.316,8366,8175,8195,
338.327,8366,8175,8195,
338.335,8382,8175,8192,
338.346,8442,8175,8185,
338.357,8406,8175,8192,
338.365,8372,8173,8198,
338.376,8369,8175,8195,
338.388,8369,8175,8192,
338.398,8364,8175,8195,
338.406,8366,8175,8195,
338.418,8364,8175,8195,
338.425,8364,8175,8192,
338.435,8366,8175,8195,
338.448,8366,8175,8195,
338.457,8366,8175,8192,
338.468,8372,8173,8195,
338.476,8372,8175,8192,
338.486,8377,8173,8195,
338.497,8372,8173,8192,
338.509,8377,8173,8195,
338.516,8377,8173,8195,
338.527,8377,8173,8195,
338.537,8398,8173,8195,
338.547,8452,8175,8182,
338.557,8414,8173,8198,
338.566,8387,8173,8195,
338.577,8379,8170,8195,
338.589,8382,8170,8195,
338.597,8379,8173,8198,
338.608,8379,8173,8195,
338.619,8379,8173,8195,
338.628,8379,8173,8195,
338.636,8379,8173,8198,
338.648,8379,8173,8195,
338.658,8379,8173,8195,
338.668,8377,8173,8195,
338.675,8377,8173,8195,
338.687,8377,8173,8198,
338.697,8377,8173,8198,
338.705,8372,8173,8198,
338.716,8377,8173,8195,
338.728,8382,8173,8195,
338.738,8412,8173,8190,
338.746,8490,8170,8185,
338.758,8439,8173,8195,
338.764,8385,8173,8200,
338.778,8372,8173,8200,
338.786,8372,8173,8195,
338.797,8369,8173,8195,
338.806,8366,8173,8195,
338.816,8366,8173,8192,
338.825,8366,8173,8195,
338.836,8361,8173,8195,
338.847,8361,8173,8195,
338.856,8358,8173,8192,
338.867,8358,8173,8192,
338.879,8353,8173,8195,
338.885,8353,8173,8192,
338.894,8353,8173,8198,
338.906,8350,8175,8195,
338.915,8350,8175,8195,
338.926,8345,8175,8195,
338.934,8356,8175,8192,
338.947,8412,8173,8187,
338.955,8377,8175,8195,
338.966,8339,8175,8195,
338.975,8331,8175,8192,
338.987,8329,8175,8192,
338.998,8329,8175,8190,
339.009,8326,8175,8190,
339.014,8323,8173,8192,
339.028,8323,8173,8190,
339.036,8323,8173,8190,
339.046,8320,8173,8190,
339.054,8320,8173,8190,
339.065,8318,8173,8187,
339.074,8318,8173,8190,
339.086,8312,8173,8187,
339.096,8312,8173,8187,
339.106,8312,8173,8187,
339.114,8310,8173,8187,
339.126,8310,8173,8187,
339.135,8331,8173,8182,
339.146,8385,8170,8174,
339.156,8350,8173,8187,
339.167,8304,8173,8190,
339.175,8293,8173,8185,
339.184,8296,8173,8187,
339.195,8291,8173,8187,
339.207,8288,8173,8185,
339.216,8285,8173,8185,
339.228,8283,8173,8185,
339.235,8283,8173,8185,
339.245,8283,8170,8185,
339.255,8283,8173,8185,
339.266,8279,8173,8185,
339.275,8279,8173,8185,
339.285,8276,8173,8185,
339.296,8273,8173,8182,
339.307,8271,8173,8185,
339.314,8268,8173,8182,
339.323,8268,8173,8185,
339.336,8279,8173,8180,
339.347,8312,8173,8177,
339.356,8291,8175,8182,
339.366,8263,8173,8182,
339.376,8257,8173,8180,
339.386,8260,8173,8182,
339.396,8257,8173,8182,
339.405,8254,8173,8182,
339.414,8254,8173,8182,
339.426,8252,8173,8180,
339.435,8252,8173,8180,
339.446,8249,8173,8182,
339.453,8249,8173,8180,
339.465,8246,8170,8180,
339.475,8244,8173,8180,
339.483,8244,8173,8180,
339.494,8244,8173,8180,
339.505,8244,8173,8182,
339.516,8241,8173,8180,
339.524,8241,8173,8180,
339.535,8244,8173,8180,
339.545,8265,8170,8177,
339.554,8263,8173,8180,
339.566,8235,8173,8180,
339.574,8235,8173,8180,
339.585,8233,8173,8180,
339.594,8233,8173,8177,
339.605,8233,8173,8180,
339.614,8230,8173,8180,
339.626,8230,8173,8180,
339.635,8227,8173,8180,
339.644,8227,8173,8177,
339.656,8227,8173,8180,
339.665,8227,8173,8180,
339.676,8225,8173,8180,
339.686,8225,8173,8180,
339.696,8225,8173,8180,
339.705,8222,8173,8177,
339.715,8222,8173,8180,
339.726,8222,8173,8180,
339.735,8227,8173,8177,
339.746,8244,8170,8174,
339.754,8233,8173,8180,
339.766,8217,8170,8177,
339.775,8217,8173,8180,
339.785,8217,8173,8177,
339.795,8217,8173,8177,
339.804,8214,8173,8177,
339.815,8217,8173,8180,
339.824,8214,8173,8177,
339.833,8214,8173,8177,
339.845,8214,8173,8180,
339.854,8211,8173,8177,
339.865,8208,8173,8177,
339.874,8208,8173,8177,
339.883,8208,8173,8177,
339.896,8208,8173,8177,
339.906,8208,8173,8177,
339.915,8206,8173,8177,
339.924,8206,8173,8177,
339.933,8208,8173,8177,
339.946,8219,8170,8177,
339.956,8219,8173,8177,
339.964,8208,8170,8177,
339.975,8206,8170,8177,
339.984,8203,8173,8177,
339.995,8203,8173,8177,
340.004,8203,8173,8177,
340.016,8200,8173,8177,
340.025,8200,8173,8177,
340.033,8198,8173,8177,
340.044,8195,8173,8177,
340.055,8195,8173,8177,
340.066,8195,8173,8177,
340.075,8192,8173,8177,
340.084,8188,8173,8177,
340.094,8192,8173,8177,
340.106,8192,8173,8177,
340.115,8192,8173,8177,
340.125,8192,8173,8177,
340.135,8195,8173,8177,
340.147,8200,8173,8177,
340.155,8195,8175,8177,
340.165,8188,8173,8177,
340.172,8192,8173,8174,
340.185,8192,8173,8177,
340.194,8192,8173,8174,
340.203,8192,8173,8177,
340.213,8192,8173,8177,
340.224,8192,8173,8177,
340.236,8192,8173,8177,
340.244,8188,8173,8177,
340.254,8192,8173,8177,
340.264,8188,8173,8177,
340.274,8188,8173,8177,
340.286,8188,8173,8177,
340.294,8188,8173,8174,
340.307,8188,8173,8177,
340.315,8188,8173,8177,
340.323,8188,8173,8180,
340.335,8185,8173,8180,
340.344,8188,8173,8177,
340.354,8192,8173,8180,
340.363,8185,8175,8177,
340.374,8185,8173,8177,
340.383,8188,8170,8180,
340.395,8185,8173,8180,
340.405,8185,8173,8177,
340.413,8185,8173,8180,
340.422,8185,8175,8180,
340.434,8185,8173,8177,
340.455,8185,8173,8174,
340.456,8185,8173,8177,
340.463,8185,8173,8177,
340.473,8185,8173,8177,
340.485,8182,8173,8177,
340.494,8182,8173,8174,
340.504,8182,8173,8177,
340.515,8179,8173,8174,
340.524,8179,8173,8174,
340.533,8182,8173,8177,
340.544,8182,8173,8174,
340.554,8182,8175,8177,
340.564,8179,8173,8174,
340.573,8179,8173,8174,
340.584,8182,8175,8174,
340.594,8179,8173,8177,
340.603,8182,8173,8177,
340.611,8182,8173,8177,
340.624,8182,8173,8177,
340.634,8182,8173,8177,
340.645,8182,8173,8174,
340.655,8182,8173,8174,
340.664,8182,8173,8177,
340.675,8182,8173,8174,
340.684,8182,8173,8174,
340.693,8179,8173,8177,
340.704,8182,8173,8177,
340.715,8179,8173,8177,
340.724,8182,8173,8177,
340.734,8182,8173,8177,
340.743,8185,8173,8174,
340.755,8182,8173,8174,
340.763,8185,8173,8174,
340.774,8177,8173,8177,
340.784,8182,8173,8177,
340.794,8179,8173,8174,
340.804,8182,8173,8177,
340.814,8182,8173,8177,
340.822,8179,8173,8177,
340.833,8179,8173,8174,
340.844,8179,8170,8174,
340.852,8179,8173,8174,
340.863,8179,8173,8177,
340.873,8179,8173,8177,
340.883,8179,8173,8177,
340.893,8179,8173,8177,
340.904,8179,8173,8177,
340.914,8179,8173,8174,
340.924,8179,8173,8177,
340.933,8179,8173,8177,
340.942,8179,8173,8177,
340.953,8177,8175,8177,
340.964,8177,8173,8180,
340.973,8177,8173,8180,
340.983,8179,8175,8177,
340.993,8179,8173,8177,
341.004,8177,8173,8180,
341.014,8179,8173,8180,
341.021,8179,8173,8177,
341.031,8179,8173,8177,
341.044,8179,8173,8177,
341.054,8179,8173,8177,
341.064,8179,8173,8177,
341.073,8179,8173,8174,
341.084,8179,8170,8177,
341.094,8179,8173,8177,
341.104,8179,8173,8174,
341.113,8179,8173,8174,
341.122,8179,8173,8177,
341.135,8179,8173,8177,
341.143,8179,8173,8177,
341.151,8179,8173,8177,
341.163,8171,8175,8174,
341.172,8179,8170,8174,
341.184,8179,8173,8177,
341.192,8179,8170,8177,
341.203,8179,8173,8174,
341.214,8177,8173,8177,
341.224,8179,8173,8177,
341.233,8179,8173,8177,
341.244,8179,8173,8177,
341.253,8177,8173,8177,
341.263,8179,8173,8174,
341.272,8179,8170,8174,
341.282,8177,8173,8177,
341.292,8177,8173,8177,
341.303,8179,8173,8177,
341.315,8177,8173,8177,
341.324,8177,8173,8177,
341.333,8177,8173,8177,
341.344,8174,8173,8177,
341.352,8177,8173,8174,
341.363,8179,8173,8177,
341.373,8182,8170,8174,
341.383,8177,8173,8174,
341.392,8177,8173,8174,
341.403,8177,8173,8174,
341.412,8177,8173,8177,
341.425,8179,8173,8177,
341.434,8177,8173,8177,
341.442,8177,8173,8177,
341.451,8177,8173,8177,
341.462,8177,8173,8174,
341.474,8177,8173,8177,
341.485,8179,8173,8177,
341.491,8177,8173,8174,
341.503,8177,8173,8174,
341.513,8179,8173,8174,
341.523,8179,8173,8177,
341.532,8177,8173,8177,
341.542,8177,8173,8174,
341.552,8177,8173,8174,
341.561,8174,8173,8177,
341.573,8177,8170,8177,
341.583,8177,8173,8177,
341.594,8177,8173,8174,
341.603,8177,8173,8174,
341.616,8177,8173,8177,
341.623,8177,8173,8177,
341.633,8179,8173,8174,
341.642,8177,8173,8177,
341.653,8179,8173,8177,
341.663,8179,8173,8174,
341.673,8177,8173,8174,
341.683,8177,8173,8177,
341.694,8177,8173,8174,
341.702,8179,8173,8177,
341.711,8177,8173,8177,
341.722,8177,8173,8174,
341.733,8179,8173,8177,
341.745,8177,8173,8177,
341.753,8177,8175,8177,
341.762,8179,8173,8177,
341.772,8177,8170,8177,
341.783,8177,8173,8177,
341.791,8177,8173,8177,
341.803,8177,8173,8174,
341.812,8177,8173,8174,
341.822,8177,8173,8177,
341.833,8177,8173,8177,
341.841,8177,8173,8174,
341.85,8179,8173,8174,
341.861,8177,8173,8174,
341.873,8177,8173,8177,
341.881,8177,8173,8174,
341.892,8179,8173,8177,
341.905,8177,8173,8174,
341.909,8177,8173,8174,
341.923,8177,8173,8177,
341.931,8179,8173,8174,
341.944,8177,8173,8177,
341.953,8174,8173,8177,
341.964,8177,8173,8174,
341.971,8177,8173,8174,
341.981,8177,8173,8177,
341.992,8177,8173,8177,
342.001,8174,8173,8174,
342.012,8174,8173,8174,
342.023,8174,8173,8177,
342.033,8174,8173,8177,
342.042,8174,8173,8174,
342.054,8177,8173,8177,
342.063,8177,8173,8177,
342.072,8177,8173,8174,
342.083,8179,8173,8174,
342.091,8179,8173,8177,
342.101,8177,8173,8177,
342.111,8179,8173,8177,
342.123,8179,8173,8174,
342.131,8179,8173,8177,
342.141,8179,8173,8177,
342.151,8179,8173,8177,
342.162,8177,8173,8174,
342.171,8177,8173,8174,
342.183,8179,8173,8174,
342.193,8179,8173,8174,
342.202,8179,8173,8177,
342.212,8179,8173,8177,
342.224,8179,8173,8174,
342.231,8179,8173,8177,
342.242,8179,8173,8174,
342.251,8179,8173,8177,
342.261,8179,8173,8177,
342.272,8179,8173,8177,
342.282,8179,8173,8177,
342.294,8179,8173,8177,
342.3,8179,8173,8174,
342.312,8177,8173,8174,
342.322,8179,8173,8174,
342.334,8179,8173,8177,
342.342,8179,8173,8177,
342.351,8179,8173,8177,
342.361,8179,8170,8177,
342.372,8179,8175,8177,
342.381,8179,8173,8174,
342.392,8179,8173,8177,
342.401,8177,8173,8174,
342.412,8179,8173,8177,
342.421,8179,8173,8174,
342.431,8177,8173,8177,
342.441,8179,8173,8177,
342.451,8179,8173,8174,
342.463,8179,8173,8174,
342.471,8179,8173,8174,
342.482,8179,8173,8180,
342.493,8179,8173,8180,
342.503,8179,8173,8180,
342.509,8179,8173,8180,
342.523,8177,8173,8177,
342.533,8177,8173,8180,
342.542,8177,8173,8177,
342.551,8177,8173,8180,
342.56,8179,8173,8180,
342.57,8177,8170,8180,
342.581,8177,8173,8177,
342.592,8177,8173,8177,
342.601,8177,8173,8174,
342.612,8177,8173,8177,
342.62,8177,8173,8174,
342.632,8177,8173,8177,
342.639,8179,8173,8177,
342.652,8179,8173,8177,
342.659,8179,8173,8177,
342.671,8179,8173,8177,
342.679,8179,8173,8177,
342.691,8177,8173,8180,
342.702,8177,8173,8180,
342.711,8177,8173,8180,
342.72,8179,8173,8180,
342.732,8179,8173,8177,
342.739,8179,8173,8180,
342.75,8179,8173,8180,
342.761,8179,8173,8182,
342.77,8179,8173,8180,
342.782,8179,8175,8177,
342.79,8179,8173,8177,
342.799,8179,8173,8177,
342.81,8179,8173,8174,
342.822,8179,8173,8177,
342.832,8179,8173,8177,
342.843,8179,8173,8177,
342.85,8179,8173,8174,
342.86,8179,8173,8174,
342.869,8179,8173,8174,
342.881,8179,8173,8177,
342.89,8177,8173,8177,
342.9,8177,8173,8177,
342.909,8177,8173,8177,
342.921,8177,8173,8180,
342.929,8179,8173,8180,
342.941,8177,8175,8180,
342.951,8177,8173,8180,
342.961,8177,8173,8180,
342.972,8177,8173,8180,
342.98,8177,8173,8180,
342.991,8177,8173,8177,
343.001,8177,8173,8177,
343.009,8177,8173,8177,
343.021,8179,8173,8177,
343.031,8177,8173,8177,
343.04,8177,8173,8177,
343.05,8179,8173,8174,
343.061,8177,8173,8177,
343.07,8179,8173,8177,
343.081,8179,8173,8174,
343.092,8179,8173,8174,
343.102,8179,8173,8174,
343.108,8179,8173,8174,
343.12,8179,8173,8177,
343.129,8182,8173,8177,
343.139,8182,8173,8177,
343.15,8182,8173,8180,
343.158,8182,8173,8177,
343.17,8185,8173,8177,
343.18,8182,8170,8174,
343.191,8182,8173,8174,
343.2,8179,8173,8177,
343.211,8179,8173,8180,
343.22,8179,8173,8180,
343.229,8179,8173,8180,
343.241,8179,8173,8180,
343.25,8179,8173,8177,
343.26,8179,8173,8180,
343.269,8179,8173,8177,
343.279,8179,8173,8177,
343.288,8179,8173,8180,
343.301,8182,8173,8180,
343.309,8185,8173,8180,
343.319,8185,8173,8177,
343.33,8185,8173,8180,
343.34,8188,8173,8177,
343.349,8188,8173,8180,
343.359,8182,8170,8180,
343.371,8188,8173,8177,
343.379,8185,8173,8180,
343.391,8185,8173,8177,
343.4,8185,8173,8174,
343.409,8185,8173,8177,
343.421,8182,8173,8177,
343.43,8182,8173,8174,
343.442,8182,8173,8174,
343.449,8182,8173,8174,
343.459,8179,8173,8177,
343.472,8179,8173,8177,
343.48,8179,8173,8177,
343.492,8179,8173,8177,
343.498,8177,8173,8174,
343.509,8179,8173,8174,
343.519,8179,8175,8177,
343.528,8179,8175,8174,
343.539,8179,8175,8177,
343.548,8182,8175,8172,
343.563,8179,8175,8174,
343.569,8177,8173,8180,
343.58,8179,8175,8177,
343.592,8179,8175,8174,
343.601,8179,8175,8177,
343.611,8179,8175,8177,
343.621,8179,8173,8177,
343.63,8179,8173,8174,
343.64,8179,8173,8177,
343.65,8179,8173,8177,
343.662,8179,8173,8174,
343.671,8179,8173,8177,
343.68,8179,8173,8174,
343.69,8179,8173,8177,
343.698,8179,8173,8174,
343.71,8179,8173,8180,
343.719,8179,8170,8180,
343.729,8179,8173,8177,
343.74,8177,8173,8180,
343.749,8179,8173,8177,
343.759,8177,8173,8180,
343.77,8177,8175,8177,
343.78,8177,8170,8177,
343.791,8177,8173,8177,
343.798,8179,8173,8180,
343.809,8177,8173,8180,
343.822,8179,8173,8180,
343.829,8179,8173,8180,
343.839,8179,8173,8177,
343.85,8177,8173,8177,
343.859,8177,8173,8177,
343.875,8177,8173,8177,
343.877,8177,8173,8177,
343.889,8177,8173,8177,
343.9,8177,8173,8180,
343.909,8177,8170,8180,
343.918,8177,8173,8177,
343.93,8177,8173,8180,
343.94,8174,8173,8177,
343.948,8174,8173,8180,
343.959,8177,8173,8180,
343.968,8177,8173,8180,
343.979,8177,8173,8180,
343.99,8177,8170,8180,
343.997,8177,8173,8180,
344.007,8177,8173,8180,
344.021,8177,8173,8177,
344.03,8177,8173,8177,
344.04,8177,8170,8180,
344.048,8177,8173,8180,
344.057,8177,8173,8177,
344.072,8177,8173,8180,
344.078,8177,8173,8180,
344.089,8177,8173,8177,
344.101,8177,8173,8180,
344.108,8177,8173,8180,
344.121,8177,8173,8174,
344.128,8177,8173,8177,
344.139,8174,8173,8177,
344.148,8177,8173,8174,
344.157,8174,8173,8177,
344.169,8174,8175,8174,
344.181,8174,8173,8177,
344.187,8174,8173,8174,
344.199,8177,8170,8177,
344.208,8177,8173,8177,
344.218,8177,8173,8174,
344.23,8177,8173,8177,
344.24,8177,8173,8174,
344.248,8179,8173,8177,
344.258,8179,8173,8177,
344.268,8179,8173,8177,
344.279,8179,8173,8174,
344.289,8179,8173,8177,
344.3,8179,8173,8174,
344.307,8179,8173,8174,
344.319,8179,8173,8177,
344.33,8179,8173,8177,
344.337,8182,8173,8177,
344.349,8182,8173,8180,
344.357,8179,8170,8180,
344.37,8179,8170,8177,
344.381,8179,8170,8174,
344.387,8179,8173,8177,
344.4,8179,8173,8174,
344.408,8179,8170,8177,
344.418,8179,8173,8177,
344.428,8182,8170,8174,
344.439,8179,8173,8177,
344.449,8179,8173,8177,
344.458,8179,8173,8174,
344.467,8179,8173,8177,
344.48,8182,8173,8177,
344.49,8179,8173,8177,
344.499,8179,8173,8177,
344.507,8179,8173,8174,
344.52,8179,8173,8177,
344.529,8179,8173,8180,
344.538,8182,8173,8177,
344.548,8182,8173,8177,
344.557,8177,8170,8177,
344.569,8179,8173,8180,
344.579,8179,8173,8177,
344.589,8179,8175,8177,
344.599,8179,8173,8180,
344.609,8177,8173,8180,
344.618,8179,8173,8177,
344.629,8179,8173,8177,
344.638,8179,8173,8174,
344.648,8177,8173,8177,
344.659,8179,8173,8177,
344.667,8179,8173,8174,
344.681,8179,8173,8174,
344.688,8179,8173,8177,
344.698,8179,8173,8177,
344.708,8179,8173,8174,
344.716,8179,8173,8177,
344.729,8179,8173,8174,
344.738,8179,8170,8177,
344.748,8179,8173,8177,
344.758,8182,8175,8174,
344.769,8182,8173,8174,
344.775,8179,8173,8174,
344.788,8179,8173,8177,
344.799,8179,8173,8177,
344.81,8179,8173,8174,
344.818,8179,8173,8174,
344.828,8179,8173,8174,
344.837,8179,8173,8177,
344.849,8179,8173,8177,
344.858,8179,8173,8177,
344.867,8179,8173,8177,
344.88,8179,8173,8174,
344.886,8177,8173,8174,
344.897,8177,8173,8174,
344.906,8177,8173,8174,
344.919,8177,8173,8174,
344.929,8177,8173,8177,
344.936,8179,8173,8180,
344.95,8179,8173,8177,
344.957,8179,8175,8177,
344.969,8182,8173,8177,
344.978,8179,8173,8180,
344.986,8179,8173,8177,
344.998,8179,8173,8177,
345.008,8179,8173,8177,
345.018,8179,8173,8177,
345.027,8179,8173,8180,
345.036,8179,8173,8174,
345.047,8182,8173,8177,
345.059,8179,8173,8177,
345.066,8179,8173,8174,
345.078,8179,8173,8174,
345.087,8179,8173,8174,
345.099,8179,8173,8177,
345.107,8179,8173,8177,
345.118,8179,8173,8177,
345.127,8179,8173,8177,
345.137,8179,8173,8177,
345.149,8182,8173,8177,
345.157,8182,8175,8177,
345.168,8182,8170,8174,
345.176,8179,8170,8174,
345.189,8179,8173,8174,
345.197,8177,8173,8174,
345.209,8177,8173,8177,
345.219,8177,8173,8177,
345.228,8177,8173,8177,
345.238,8177,8173,8177,
345.248,8177,8173,8174,
345.259,8177,8173,8174,
345.267,8177,8173,8174,
345.275,8174,8173,8174,
345.288,8177,8173,8174,
345.297,8174,8173,8177,
345.308,8174,8173,8174,
345.318,8171,8173,8177,
345.327,8166,8173,8174,
345.336,8166,8175,8174,
345.347,8166,8175,8177,
345.359,8158,8175,8174,
345.366,8155,8173,8180,
345.376,8150,8175,8177,
345.389,8144,8175,8174,
345.399,8139,8175,8177,
345.407,8131,8175,8177,
345.416,8120,8175,8177,
345.427,8109,8175,8177,
345.436,8101,8178,8177,
345.447,8092,8178,8174,
345.456,8083,8178,8174,
345.465,8074,8178,8174,
345.476,8064,8181,8177,
345.489,8058,8181,8177,
345.495,8047,8183,8174,
345.508,8039,8183,8174,
345.516,8026,8181,8177,
345.529,8007,8183,8177,
345.537,7964,8183,8177,
345.546,8000,8191,8172,
345.555,7988,8191,8174,
345.569,7991,8191,8174,
345.575,7972,8186,8174,
345.587,7980,8186,8177,
345.597,7964,8183,8174,
345.606,7970,8193,8174,
345.617,7956,8191,8177,
345.626,7956,8199,8174,
345.636,7953,8196,8177,
345.646,7942,8199,8177,
345.657,7940,8199,8177,
345.668,7926,8199,8177,
345.677,7929,8188,8177,
345.686,7926,8196,8174,
345.699,7918,8196,8177,
345.705,7918,8196,8177,
345.716,7923,8201,8174,
345.726,7881,8199,8177,
345.737,7824,8181,8174,
345.748,7881,8206,8177,
345.757,7898,8199,8177,
345.766,7901,8193,8174,
345.778,7895,8201,8177,
345.787,7895,8206,8177,
345.795,7898,8206,8174,
345.806,7901,8206,8177,
345.816,7895,8209,8177,
345.827,7898,8204,8174,
345.837,7898,8199,8177,
345.847,7893,8206,8177,
345.856,7895,8204,8174,
345.866,7895,8206,8177,
345.877,7893,8199,8177,
345.887,7898,8196,8174,
345.896,7875,8214,8177,
345.908,7884,8214,8174,
345.916,7873,8212,8177,
345.925,7824,8196,8177,
345.936,7784,8191,8177,
345.946,7804,8196,8169,
345.958,7867,8214,8177,
345.967,7873,8209,8177,
345.975,7867,8212,8177,
345.985,7893,8209,8177,
345.996,7886,8201,8177,
346.004,7881,8212,8177,
346.017,7884,8204,8174,
346.027,7904,8199,8177,
346.036,7884,8201,8174,
346.046,7884,8206,8174,
346.056,7881,8209,8177,
346.067,7889,8206,8177,
346.077,7895,8212,8177,
346.087,7893,8199,8177,
346.097,7886,8206,8174,
346.105,7893,8201,8177,
346.116,7884,8209,8177,
346.128,7843,8193,8177,
346.136,7787,8188,8182,
346.144,7824,8199,8172,
346.158,7875,8209,8174,
346.167,7884,8206,8174,
346.177,7878,8199,8177,
346.187,7881,8196,8174,
346.196,7886,8206,8177,
346.206,7881,8201,8177,
346.216,7893,8206,8174,
346.226,7893,8201,8174,
346.235,7886,8209,8174,
346.245,7893,8206,8177,
346.256,7898,8209,8177,
346.268,7893,8204,8177,
346.277,7898,8209,8177,
346.285,7893,8206,8180,
346.297,7889,8217,8180,
346.305,7901,8214,8180,
346.315,7886,8209,8177,
346.325,7862,8193,8180,
346.335,7787,8191,8177,
346.346,7854,8214,8180,
346.356,7878,8201,8177,
346.367,7889,8206,8177,
346.375,7884,8209,8180,
346.383,7881,8206,8180,
346.395,7884,8204,8180,
346.405,7893,8206,8180,
346.417,7895,8214,8180,
346.427,7898,8196,8177,
346.433,7893,8199,8180,
346.446,7895,8209,8180,
346.456,7906,8204,8177,
346.467,7909,8193,8180,
346.473,7926,8201,8177,
346.484,7912,8201,8177,
346.495,7912,8209,8174,
346.506,7932,8188,8177,
346.516,7915,8201,8177,
346.526,7895,8193,8174,
346.534,7848,8188,8177,
346.545,7870,8201,8177,
346.556,7921,8209,8174,
346.566,7921,8188,8174,
346.575,7932,8201,8177,
346.587,7926,8201,8174,
346.597,7937,8199,8177,
346.605,7932,8196,8177,
346.616,7951,8204,8177,
346.626,7940,8201,8177,
346.635,7940,8188,8177,
346.646,7951,8191,8174,
346.657,7956,8201,8174,
346.665,7961,8199,8174,
346.676,7964,8191,8174,
346.684,7967,8199,8177,
346.696,7975,8199,8177,
346.704,7967,8191,8177,
346.716,7972,8196,8177,
346.726,7945,8183,8172,
346.735,7915,8178,8180,
346.745,7967,8193,8177,
346.754,7980,8191,8180,
346.768,7986,8196,8174,
346.776,7995,8188,8177,
346.785,7995,8191,8177,
346.796,8003,8193,8177,
346.807,7998,8191,8177,
346.813,8009,8188,8174,
346.824,8018,8183,8177,
346.836,8020,8188,8174,
346.843,8026,8181,8174,
346.854,8031,8186,8177,
346.863,8037,8186,8174,
346.891,8039,8186,8174,
346.895,8047,8183,8177,
346.896,8050,8183,8180,
346.903,8061,8181,8180,
346.916,8061,8181,8180,
346.925,8047,8175,8180,
346.939,8042,8181,8182,
346.944,8072,8181,8180,
346.952,8092,8181,8180,
346.964,8101,8183,8185,
346.977,8109,8178,8180,
346.985,8120,8175,8177,
346.996,8131,8178,8177,
347.005,8139,8175,8177,
347.015,8150,8175,8174,
347.026,8158,8173,8174,
347.037,8166,8173,8174,
347.043,8174,8170,8177,
347.056,8179,8170,8177,
347.067,8185,8173,8177,
347.075,8188,8173,8177,
347.084,8195,8173,8177,
347.096,8198,8183,8174,
347.107,8217,8175,8177,
347.114,8222,8173,8180,
347.125,8238,8173,8180,
347.134,8283,8173,8177,
347.144,8283,8173,8182,
347.155,8271,8175,8187,
347.166,8283,8175,8187,
347.174,8299,8173,8187,
347.186,8315,8173,8187,
347.196,8329,8173,8190,
347.203,8345,8173,8190,
347.215,8358,8173,8195,
347.224,8377,8173,8192,
347.236,8387,8173,8195,
347.242,8387,8173,8198,
347.254,8401,8173,8198,
347.265,8401,8173,8198,
347.276,8401,8170,8200,
347.284,8404,8173,8198,
347.294,8409,8173,8198,
347.303,8406,8173,8200,
347.316,8409,8173,8198,
347.325,8425,8175,8195,
347.334,8500,8173,8185,
347.346,8455,8173,8192,
347.354,8417,8173,8200,
347.365,8414,8173,8200,
347.375,8412,8173,8198,
347.385,8412,8173,8200,
347.393,8414,8173,8203,
347.405,8412,8175,8200,
347.415,8412,8173,8203,
347.424,8412,8173,8200,
347.435,8412,8173,8203,
347.445,8409,8173,8203,
347.453,8406,8173,8200,
347.465,8409,8173,8203,
347.474,8406,8173,8203,
347.485,8409,8173,8203,
347.495,8409,8170,8203,
347.504,8404,8173,8200,
347.516,8412,8173,8200,
347.525,8431,8173,8200,
347.536,8506,8173,8187,
347.542,8461,8173,8198,
347.553,8412,8170,8203,
347.566,8401,8173,8203,
347.574,8401,8173,8200,
347.582,8396,8173,8200,
347.595,8393,8173,8198,
347.605,8390,8173,8200,
347.614,8390,8173,8200,
347.624,8387,8173,8198,
347.634,8387,8173,8198,
347.643,8385,8173,8200,
347.654,8385,8173,8198,
347.663,8387,8173,8198,
347.675,8385,8173,8200,
347.685,8385,8173,8198,
347.695,8382,8173,8198,
347.703,8385,8173,8198,
347.714,8382,8173,8198,
347.723,8398,8170,8195,
347.735,8455,8173,8187,
347.744,8447,8173,8195,
347.752,8398,8170,8203,
347.761,8379,8170,8198,
347.773,8377,8170,8198,
347.785,8377,8173,8198,
347.794,8372,8173,8198,
347.805,8369,8173,8195,
347.813,8366,8170,8195,
347.826,8366,8173,8195,
347.835,8366,8173,8195,
347.843,8366,8173,8195,
347.855,8366,8173,8195,
347.863,8369,8173,8195,
347.872,8369,8173,8195,
347.883,8366,8173,8195,
347.893,8366,8175,8192,
347.907,8366,8173,8198,
347.915,8372,8173,8195,
347.924,8393,8170,8195,
347.935,8455,8173,8185,
347.943,8412,8173,8192,
347.953,8364,8173,8198,
347.964,8358,8175,8195,
347.975,8356,8170,8195,
347.984,8356,8173,8195,
347.993,8356,8173,8198,
348.006,8356,8173,8195,
348.013,8353,8173,8192,
348.022,8353,8173,8195,
348.034,8353,8175,8192,
348.045,8353,8175,8192,
348.053,8350,8175,8192,
348.065,8350,8175,8192,
348.074,8350,8175,8190,
348.083,8347,8175,8192,
348.092,8345,8175,8192,
348.101,8347,8175,8192,
348.114,8345,8175,8190,
348.125,8358,8175,8190,
348.132,8412,8170,8182,
348.142,8382,8175,8192,
348.153,8339,8173,8192,
348.163,8334,8175,8190,
348.174,8334,8173,8187,
348.183,8334,8170,8190,
348.192,8331,8173,8190,
348.203,8329,8173,8190,
348.213,8329,8173,8190,
348.224,8326,8173,8190,
348.232,8323,8173,8190,
348.243,8320,8173,8190,
348.252,8320,8173,8190,
348.262,8315,8173,8187,
348.274,8312,8173,8187,
348.285,8310,8173,8187,
348.293,8307,8173,8187,
348.302,8304,8173,8190,
348.314,8304,8173,8190,
348.324,8326,8173,8185,
348.333,8379,8173,8180,
348.343,8350,8173,8185,
348.352,8301,8170,8185,
348.364,8296,8170,8190,
348.374,8291,8173,8187,
348.382,8291,8173,8185,
348.392,8285,8170,8185,
348.403,8285,8173,8185,
348.414,8283,8173,8185,
348.424,8283,8173,8185,
348.431,8283,8173,8185,
348.443,8283,8173,8185,
348.456,8279,8173,8185,
348.464,8273,8173,8185,
348.473,8276,8173,8185,
348.484,8273,8173,8182,
348.492,8271,8173,8185,
348.503,8268,8173,8182,
348.514,8268,8173,8182,
348.52,8273,8173,8182,
-1.484,0,0,0,
-1.484,0,0,0,
-1.484,0,0,0,
-1.484,0,0,0,
-1.484,0,0,0,
-1.484,0,0,0,
-1.484,0,0,0,
-1.484,0,0,0,
-1.484,0,0,0,
-1.484,0,0,0,
-1.484,0,0,0,
-1.484,0,0,0,
-1.484,0,0,0,
-1.484,0,0,0,
-1.484,0,0,0,
-1.484,0,0,0,
-1.484,0,0,0,
-1.484,0,0,0,
-1.484,0,0,0,
-1.484,0,0,0,
-1.484,0,0,0,
-1.484,0,0,0,
-1.484,0,0,0,
-1.484,0,0,0,
-1.484,0,0,0,
-1.484,0,0,0,
-1.484,0,0,0,
-1.484,0,0,0,
-1.484,0,0,0,
-1.484,0,0,0,
-1.484,0,0,0,
-1.484,0,0,0,
-1.484,0,0,0,
-1.484,0,0,0,
-1.484,0,0,0,
-1.484,0,0,0,
-1.484,0,0,0,
-1.484,0,0,0,
-1.484,0,0,0,
-1.484,0,0,0,
-1.484,0,0,0,
-1.484,0,0,0,
-1.484,0,0,0,
-1.484,0,0,0,
-1.484,0,0,0,
-1.484,0,0,0,
-1.484,0,0,0,
-1.484,0,0,0,
-1.484,0,0,0,
-1.484,0,0,0,
-1.484,0,0,0,
-1.484,0,0,0,
-1.484,0,0,0,
-1.484,0,0,0,
-1.484,0,0,0,
-1.484,0,0,0,
-1.484,0,0,0,
-1.484,0,0,0,
-1.484,0,0,0,
-1.484,0,0,0,
-1.484,0,0,0,
-1.484,0,0,0,
-1.484,0,0,0,
-1.484,0,0,0,
-1.484,0,0,0,
-1.484,0,0,0,
-1.484,0,0,0,
-1.484,0,0,0,
-1.484,0,0,0,
-1.484,0,0,0,
-1.484,0,0,0,
-1.484,0,0,0,
-1.484,0,0,0,
-1.484,0,0,0,
-1.484,0,0,0,
-1.484,0,0,0,
-1.484,0,0,0,
-1.484,0,0,0,
-1.484,0,0,0,
-1.484,0,0,0,
-1.484,0,0,0,
-1.484,0,0,0,
-1.484,0,0,0,
-1.484,0,0,0,
-1.484,0,0,0,
-1.484,0,0,0,
-1.484,0,0,0,
-1.484,0,0,0,
-1.484,0,0,0,
-1.484,0,0,0,
-1.484,0,0,0,
-1.484,0,0,0,
-1.484,0,0,0,
-1.484,0,0,0,
-1.484,0,0,0,
-1.484,0,0,0,
-1.484,0,0,0,
-1.484,0,0,0,
