Program version:	Static Test ver. 4.0
Date and time:	17-08-2015 13:18:32
Operator:	vanj
Project ID:	44584
Sample ID:	EQA03-02
Comments:	
	
Mode of operation:	Tensile
Low load setpoint [kN]:	0.000000
Displacement rate [mm/s]:	0.033300
Sample rate [Hz]:	10.000000
Sample width [mm]:	25.380000
Sample thickness [mm]:	4.510000
Strain sensor:	Extensometer
Number of strain sensors:	2
Channel configuration:	0 5 1,0,0,0,0 1,1,2,3,4
	
Machine SN:	88R8033
Load cell SN:	UK004
Load cell [kN]:	250.000000
Extensometer 1 SN:	1916
Gauge length 1 [mm]:	50.000000
Full scale 1 [%]:	5.000000
Extensometer 2 SN:	2100
Gauge length 2 [mm]:	50.000000
Full scale 2 [%]:	5.000000
	
Auto analyse:	On
Auto stop:	On
Strain correction 1 [%]:	-0.002509
Strain correction 2 [%]:	-0.001545
Modulus estimate from  [%]:	0.050000
Modulus estimate to  [%]:	0.250000
Position estimate  from [%]:	1.502052
Position estimate  to [%]:	1.602052
Modulus1 [GPa]:	36.814956
Modulus2 [GPa]:	35.757951
Modulus [GPa]:	36.278918
Uniform strain [%]:	3.197642
Max stress [MPa]: 	958.087861
	
	
	
Time [s]	Position [mm]	Load [kN]	Strain1 [%]	Strain2 [%]	Strain1 corrected [%]	Strain2 corrected [%]	Estimated total strain [%]	Stress [MPa]	Bending	Modulus estimate [MPa]	Position estimate [MPa]
0.000000E+0	27.147702E+0	-5.155802E-3	184.774414E-6	360.608130E-6	2.694178E-3	1.905546E-3	2.299862E-3	-45.043077E-3	NaN	NaN	NaN
100.000000E-3	27.150492E+0	50.723553E-3	1.246929E-3	1.181364E-3	3.756333E-3	2.726302E-3	3.241317E-3	443.140562E-3	NaN	NaN	NaN
200.000000E-3	27.156214E+0	133.544207E-3	2.350211E-3	2.833605E-3	4.859615E-3	4.378542E-3	4.619079E-3	1.166694E+0	NaN	NaN	NaN
300.000000E-3	27.158762E+0	165.641308E-3	4.051924E-3	4.384518E-3	6.561328E-3	5.929455E-3	6.245392E-3	1.447106E+0	NaN	NaN	NaN
400.000000E-3	27.161516E+0	232.428312E-3	5.095005E-3	5.645752E-3	7.604410E-3	7.190690E-3	7.397550E-3	2.030584E+0	NaN	NaN	NaN
500.000000E-3	27.162473E+0	293.105841E-3	6.330014E-3	6.757975E-3	8.839418E-3	8.302913E-3	8.571165E-3	2.560686E+0	NaN	NaN	NaN
600.000000E-3	27.169214E+0	360.757113E-3	7.649065E-3	8.464456E-3	10.158469E-3	10.009394E-3	10.083931E-3	3.151714E+0	NaN	NaN	NaN
700.000000E-3	27.170161E+0	400.900841E-3	9.282828E-3	9.655357E-3	11.792232E-3	11.200295E-3	11.496263E-3	3.502425E+0	NaN	NaN	NaN
800.000000E-3	27.174158E+0	456.243753E-3	10.542274E-3	11.038781E-3	13.051678E-3	12.583718E-3	12.817698E-3	3.985922E+0	NaN	NaN	NaN
900.000000E-3	27.179353E+0	534.713268E-3	11.820198E-3	12.749435E-3	14.329602E-3	14.294372E-3	14.311987E-3	4.671462E+0	NaN	NaN	NaN
1.000000E+0	27.181901E+0	560.402870E-3	13.247133E-3	13.732315E-3	15.756537E-3	15.277253E-3	15.516895E-3	4.895896E+0	NaN	NaN	NaN
1.100000E+0	27.183510E+0	623.881817E-3	14.120938E-3	14.750363E-3	16.630342E-3	16.295300E-3	16.462821E-3	5.450473E+0	NaN	NaN	NaN
1.200000E+0	27.189742E+0	693.529844E-3	15.159251E-3	16.267897E-3	17.668655E-3	17.812834E-3	17.740744E-3	6.058945E+0	NaN	NaN	NaN
1.300000E+0	27.188919E+0	719.189644E-3	16.199352E-3	17.529131E-3	18.708756E-3	19.074069E-3	18.891412E-3	6.283119E+0	NaN	NaN	NaN
1.400000E+0	27.196438E+0	788.956881E-3	18.197896E-3	18.907787E-3	20.707300E-3	20.452724E-3	20.580012E-3	6.892632E+0	NaN	NaN	NaN
1.500000E+0	27.195732E+0	865.399837E-3	19.305946E-3	20.534994E-3	21.815350E-3	22.079931E-3	21.947641E-3	7.560467E+0	NaN	NaN	NaN
1.600000E+0	27.204404E+0	893.622637E-3	21.057131E-3	21.722915E-3	23.566535E-3	23.267852E-3	23.417193E-3	7.807033E+0	NaN	NaN	NaN
1.700000E+0	27.204351E+0	955.224037E-3	21.860601E-3	23.155214E-3	24.370005E-3	24.700152E-3	24.535079E-3	8.345206E+0	NaN	NaN	NaN
1.800000E+0	27.205602E+0	1.027703E+0	23.244025E-3	24.522545E-3	25.753429E-3	26.067482E-3	25.910456E-3	8.978413E+0	NaN	NaN	NaN
1.900000E+0	27.212621E+0	1.095742E+0	24.823548E-3	25.791528E-3	27.332952E-3	27.336465E-3	27.334709E-3	9.572826E+0	NaN	NaN	NaN
2.000000E+0	27.216546E+0	1.134843E+0	26.064517E-3	27.216079E-3	28.573921E-3	28.761016E-3	28.667469E-3	9.914424E+0	NaN	NaN	NaN
2.100000E+0	27.217145E+0	1.182735E+0	27.210119E-3	28.550031E-3	29.719523E-3	30.094968E-3	29.907246E-3	10.332830E+0	NaN	NaN	NaN
2.200000E+0	27.219058E+0	1.255959E+0	28.431418E-3	29.966834E-3	30.940822E-3	31.511771E-3	31.226296E-3	10.972546E+0	NaN	NaN	NaN
2.300000E+0	27.224494E+0	1.311898E+0	29.953125E-3	30.742886E-3	32.462529E-3	32.287824E-3	32.375176E-3	11.461250E+0	NaN	NaN	NaN
2.400000E+0	27.229465E+0	1.338989E+0	30.364993E-3	32.238367E-3	32.874397E-3	33.783304E-3	33.328850E-3	11.697921E+0	NaN	NaN	NaN
2.500000E+0	27.231343E+0	1.421899E+0	32.544735E-3	33.355954E-3	35.054139E-3	34.900891E-3	34.977515E-3	12.422256E+0	NaN	NaN	NaN
2.600000E+0	27.235545E+0	1.463503E+0	33.561590E-3	35.509470E-3	36.070994E-3	37.054407E-3	36.562701E-3	12.785725E+0	NaN	NaN	NaN
2.700000E+0	27.238701E+0	1.518518E+0	35.291913E-3	36.373141E-3	37.801317E-3	37.918079E-3	37.859698E-3	13.266358E+0	NaN	NaN	NaN
2.800000E+0	27.241017E+0	1.562208E+0	35.880807E-3	37.856105E-3	38.390211E-3	39.401042E-3	38.895627E-3	13.648052E+0	NaN	NaN	NaN
2.900000E+0	27.245120E+0	1.646399E+0	37.446025E-3	38.915876E-3	39.955429E-3	40.460813E-3	40.208121E-3	14.383582E+0	NaN	NaN	NaN
3.000000E+0	27.246256E+0	1.675159E+0	38.196448E-3	40.459040E-3	40.705852E-3	42.003977E-3	41.354915E-3	14.634834E+0	NaN	NaN	NaN
3.100000E+0	27.250413E+0	1.745850E+0	39.754513E-3	41.317943E-3	42.263917E-3	42.862880E-3	42.563399E-3	15.252419E+0	NaN	NaN	NaN
3.200000E+0	27.256448E+0	1.800209E+0	41.120056E-3	42.937401E-3	43.629460E-3	44.482339E-3	44.055899E-3	15.727324E+0	NaN	NaN	NaN
3.300000E+0	27.259667E+0	1.850337E+0	42.479042E-3	44.615272E-3	44.988446E-3	46.160210E-3	45.574328E-3	16.165257E+0	NaN	NaN	NaN
3.400000E+0	27.262233E+0	1.905650E+0	43.803457E-3	45.568351E-3	46.312861E-3	47.113288E-3	46.713075E-3	16.648494E+0	NaN	NaN	NaN
3.500000E+0	27.264888E+0	1.959860E+0	44.434670E-3	46.853427E-3	46.944074E-3	48.398364E-3	47.671219E-3	17.122097E+0	NaN	NaN	NaN
3.600000E+0	27.268339E+0	2.018750E+0	45.933727E-3	48.064593E-3	48.443131E-3	49.609531E-3	49.026331E-3	17.636578E+0	NaN	NaN	NaN
3.700000E+0	27.271844E+0	2.059758E+0	47.230724E-3	49.518351E-3	49.740128E-3	51.063288E-3	50.401708E-3	17.994839E+0	13.126140E-3	17.994839E+0	NaN
3.800000E+0	27.276681E+0	2.121985E+0	48.108701E-3	50.461892E-3	50.618105E-3	52.006830E-3	51.312467E-3	18.538481E+0	13.532042E-3	18.538481E+0	NaN
3.900000E+0	27.274920E+0	2.148509E+0	49.445633E-3	51.758293E-3	51.955037E-3	53.303231E-3	52.629134E-3	18.770205E+0	12.808435E-3	18.770205E+0	NaN
4.000000E+0	27.282215E+0	2.213210E+0	50.582890E-3	52.660112E-3	53.092294E-3	54.205049E-3	53.648672E-3	19.335457E+0	10.370763E-3	19.335457E+0	NaN
4.100000E+0	27.285595E+0	2.256751E+0	51.749949E-3	54.054265E-3	54.259353E-3	55.599202E-3	54.929277E-3	19.715850E+0	12.196129E-3	19.715850E+0	NaN
4.200000E+0	27.287821E+0	2.315849E+0	53.042774E-3	55.618887E-3	55.552178E-3	57.163824E-3	56.358001E-3	20.232153E+0	14.298292E-3	20.232153E+0	NaN
4.300000E+0	27.290807E+0	2.372146E+0	54.624681E-3	57.024960E-3	57.134085E-3	58.569898E-3	57.851991E-3	20.723981E+0	12.409361E-3	20.723981E+0	NaN
4.400000E+0	27.296422E+0	2.433121E+0	55.796508E-3	58.382158E-3	58.305913E-3	59.927096E-3	59.116504E-3	21.256687E+0	13.711763E-3	21.256687E+0	NaN
4.500000E+0	27.296887E+0	2.488673E+0	57.389145E-3	59.588556E-3	59.898549E-3	61.133494E-3	60.516021E-3	21.742007E+0	10.203454E-3	21.742007E+0	NaN
4.600000E+0	27.302296E+0	2.526164E+0	57.843332E-3	60.964232E-3	60.352736E-3	62.509169E-3	61.430953E-3	22.069546E+0	17.551679E-3	22.069546E+0	NaN
4.700000E+0	27.303342E+0	2.580106E+0	58.921580E-3	61.825519E-3	61.430984E-3	63.370456E-3	62.400720E-3	22.540806E+0	15.540460E-3	22.540806E+0	NaN
4.800000E+0	27.311183E+0	2.628386E+0	60.316329E-3	63.244705E-3	62.825733E-3	64.789643E-3	63.807688E-3	22.962596E+0	15.389288E-3	22.962596E+0	NaN
4.900000E+0	27.312417E+0	2.696395E+0	61.938172E-3	64.009433E-3	64.447576E-3	65.554371E-3	65.000973E-3	23.556748E+0	8.513679E-3	23.556748E+0	NaN
5.000000E+0	27.315662E+0	2.743244E+0	62.919264E-3	66.099172E-3	65.428668E-3	67.644110E-3	66.536389E-3	23.966041E+0	16.648344E-3	23.966041E+0	NaN
5.100000E+0	27.318801E+0	2.803296E+0	64.058309E-3	67.102318E-3	66.567713E-3	68.647256E-3	67.607484E-3	24.490676E+0	15.379531E-3	24.490676E+0	NaN
5.200000E+0	27.322672E+0	2.871007E+0	65.775519E-3	68.545347E-3	68.284923E-3	70.090284E-3	69.187604E-3	25.082224E+0	13.046856E-3	25.082224E+0	NaN
5.300000E+0	27.325900E+0	2.914429E+0	66.796547E-3	69.714790E-3	69.305951E-3	71.259728E-3	70.282839E-3	25.461576E+0	13.899388E-3	25.461576E+0	NaN
5.400000E+0	27.327500E+0	2.972215E+0	68.436867E-3	71.156031E-3	70.946271E-3	72.700968E-3	71.823619E-3	25.966423E+0	12.215323E-3	25.966423E+0	NaN
5.500000E+0	27.331747E+0	3.029287E+0	69.699293E-3	72.954303E-3	72.208697E-3	74.499240E-3	73.353969E-3	26.465021E+0	15.612947E-3	26.465021E+0	NaN
5.600000E+0	27.332507E+0	3.088564E+0	71.100598E-3	73.838240E-3	73.610002E-3	75.383177E-3	74.496590E-3	26.982886E+0	11.901047E-3	26.982886E+0	NaN
5.700000E+0	27.337916E+0	3.120065E+0	72.296864E-3	75.355178E-3	74.806268E-3	76.900116E-3	75.853192E-3	27.258092E+0	13.801976E-3	27.258092E+0	NaN
5.800000E+0	27.341018E+0	3.205717E+0	73.620087E-3	76.520449E-3	76.129491E-3	78.065386E-3	77.097439E-3	28.006379E+0	12.554863E-3	28.006379E+0	NaN
5.900000E+0	27.346669E+0	3.252923E+0	74.633962E-3	77.971226E-3	77.143366E-3	79.516164E-3	78.329765E-3	28.418797E+0	15.146207E-3	28.418797E+0	NaN
6.000000E+0	27.348385E+0	3.295928E+0	75.806981E-3	78.968412E-3	78.316386E-3	80.513349E-3	79.414867E-3	28.794503E+0	13.832195E-3	28.794503E+0	NaN
6.100000E+0	27.352194E+0	3.343791E+0	76.927549E-3	80.193884E-3	79.436953E-3	81.738821E-3	80.587887E-3	29.212649E+0	14.281725E-3	29.212649E+0	NaN
6.200000E+0	27.354161E+0	3.396273E+0	78.276998E-3	81.332928E-3	80.786402E-3	82.877866E-3	81.832134E-3	29.671151E+0	12.778988E-3	29.671151E+0	NaN
6.300000E+0	27.357961E+0	3.441185E+0	79.338557E-3	82.833178E-3	81.847961E-3	84.378115E-3	83.113038E-3	30.063520E+0	15.221161E-3	30.063520E+0	NaN
6.400000E+0	27.362968E+0	3.478229E+0	80.871589E-3	83.927519E-3	83.380993E-3	85.472456E-3	84.426724E-3	30.387153E+0	12.386266E-3	30.387153E+0	NaN
6.500000E+0	27.363674E+0	3.566027E+0	81.679232E-3	85.208423E-3	84.188636E-3	86.753360E-3	85.470998E-3	31.154188E+0	15.003479E-3	31.154188E+0	NaN
6.600000E+0	27.368556E+0	3.609300E+0	83.155639E-3	86.746223E-3	85.665043E-3	88.291160E-3	86.978101E-3	31.532237E+0	15.096429E-3	31.532237E+0	NaN
6.700000E+0	27.376093E+0	3.650129E+0	84.471709E-3	87.939508E-3	86.981113E-3	89.484445E-3	88.232779E-3	31.888936E+0	14.185951E-3	31.888936E+0	NaN
6.800000E+0	27.375967E+0	3.721744E+0	85.554726E-3	89.363463E-3	88.064130E-3	90.908400E-3	89.486265E-3	32.514593E+0	15.892218E-3	32.514593E+0	NaN
6.900000E+0	27.377210E+0	3.762662E+0	86.945302E-3	90.746887E-3	89.454706E-3	92.291824E-3	90.873265E-3	32.872073E+0	15.610300E-3	32.872073E+0	NaN
7.000000E+0	27.381913E+0	3.829658E+0	87.953813E-3	91.934211E-3	90.463217E-3	93.479149E-3	91.971183E-3	33.457373E+0	16.396069E-3	33.457373E+0	NaN
7.100000E+0	27.385749E+0	3.871769E+0	89.542873E-3	93.086369E-3	92.052277E-3	94.631307E-3	93.341792E-3	33.825268E+0	13.814979E-3	33.825268E+0	NaN
7.200000E+0	27.387483E+0	3.944337E+0	90.815432E-3	94.490655E-3	93.324836E-3	96.035592E-3	94.680214E-3	34.459256E+0	14.315325E-3	34.459256E+0	NaN
7.300000E+0	27.393688E+0	3.974259E+0	92.011101E-3	95.742353E-3	94.520506E-3	97.287290E-3	95.903898E-3	34.720662E+0	14.424775E-3	34.720662E+0	NaN
7.400000E+0	27.394555E+0	4.036456E+0	93.275316E-3	96.997626E-3	95.784720E-3	98.542564E-3	97.163642E-3	35.264043E+0	14.191747E-3	35.264043E+0	NaN
7.500000E+0	27.396129E+0	4.090607E+0	94.372638E-3	98.459728E-3	96.882042E-3	100.004666E-3	98.443354E-3	35.737125E+0	15.860005E-3	35.737125E+0	NaN
7.600000E+0	27.402995E+0	4.143357E+0	96.135147E-3	99.660166E-3	98.644551E-3	101.205104E-3	99.924827E-3	36.197971E+0	12.812393E-3	36.197971E+0	NaN
7.700000E+0	27.404756E+0	4.189461E+0	96.909412E-3	101.125248E-3	99.418816E-3	102.670186E-3	101.044501E-3	36.600755E+0	16.088803E-3	36.600755E+0	NaN
7.800000E+0	27.407680E+0	4.262865E+0	98.458536E-3	102.339395E-3	100.967940E-3	103.884333E-3	102.426137E-3	37.242033E+0	14.236562E-3	37.242033E+0	NaN
7.900000E+0	27.411471E+0	4.315048E+0	99.610694E-3	103.627452E-3	102.120098E-3	105.172389E-3	103.646244E-3	37.697931E+0	14.724560E-3	37.697931E+0	NaN
8.000000E+0	27.416522E+0	4.349649E+0	100.727685E-3	104.991802E-3	103.237089E-3	106.536739E-3	104.886914E-3	38.000214E+0	15.729560E-3	38.000214E+0	NaN
8.100000E+0	27.417998E+0	4.395574E+0	102.003821E-3	106.080183E-3	104.513225E-3	107.625120E-3	106.069173E-3	38.401436E+0	14.669179E-3	38.401436E+0	NaN
8.200000E+0	27.421636E+0	4.460275E+0	103.253730E-3	107.348570E-3	105.763135E-3	108.893507E-3	107.328321E-3	38.966688E+0	14.583163E-3	38.966688E+0	NaN
8.300000E+0	27.424372E+0	4.522622E+0	104.231247E-3	108.668813E-3	106.740651E-3	110.213750E-3	108.477201E-3	39.511371E+0	16.008431E-3	39.511371E+0	NaN
8.400000E+0	27.428798E+0	4.555374E+0	105.614671E-3	109.875807E-3	108.124075E-3	111.420744E-3	109.772410E-3	39.797511E+0	15.015930E-3	39.797511E+0	NaN
8.500000E+0	27.431945E+0	4.626065E+0	106.913456E-3	111.123332E-3	109.422860E-3	112.668270E-3	111.045565E-3	40.415096E+0	14.612964E-3	40.415096E+0	NaN
8.600000E+0	27.436791E+0	4.680395E+0	107.864150E-3	112.513909E-3	110.373554E-3	114.058846E-3	112.216200E-3	40.889741E+0	16.420499E-3	40.889741E+0	NaN
8.700000E+0	27.434815E+0	4.730791E+0	109.136113E-3	113.307247E-3	111.645517E-3	114.852184E-3	113.248851E-3	41.330017E+0	14.157612E-3	41.330017E+0	NaN
8.800000E+0	27.440528E+0	4.779488E+0	110.436091E-3	114.615569E-3	112.945495E-3	116.160506E-3	114.553000E-3	41.755453E+0	14.032855E-3	41.755453E+0	NaN
8.900000E+0	27.443371E+0	4.812479E+0	111.473808E-3	115.835676E-3	113.983212E-3	117.380613E-3	115.681913E-3	42.043677E+0	14.684238E-3	42.043677E+0	NaN
9.000000E+0	27.448074E+0	4.881382E+0	112.943658E-3	117.278704E-3	115.453062E-3	118.823642E-3	117.138352E-3	42.645640E+0	14.387173E-3	42.645640E+0	NaN
9.100000E+0	27.449639E+0	4.922867E+0	113.816866E-3	118.317614E-3	116.326271E-3	119.862551E-3	118.094411E-3	43.008067E+0	14.972260E-3	43.008067E+0	NaN
9.200000E+0	27.454502E+0	4.979908E+0	114.983925E-3	119.834552E-3	117.493330E-3	121.379489E-3	119.436409E-3	43.506405E+0	16.268740E-3	43.506405E+0	NaN
9.300000E+0	27.456934E+0	5.023837E+0	116.193900E-3	121.034393E-3	118.703304E-3	122.579331E-3	120.641317E-3	43.890183E+0	16.064260E-3	43.890183E+0	NaN
9.400000E+0	27.461432E+0	5.085260E+0	117.998133E-3	122.514377E-3	120.507537E-3	124.059314E-3	122.283425E-3	44.426794E+0	14.522727E-3	44.426794E+0	NaN
9.500000E+0	27.468316E+0	5.148590E+0	119.351754E-3	124.238739E-3	121.861158E-3	125.783677E-3	123.822418E-3	44.980069E+0	15.839291E-3	44.980069E+0	NaN
9.600000E+0	27.467806E+0	5.182505E+0	120.249996E-3	125.350366E-3	122.759400E-3	126.895304E-3	124.827352E-3	45.276364E+0	16.566494E-3	45.276364E+0	NaN
9.700000E+0	27.474351E+0	5.236149E+0	121.412883E-3	126.187215E-3	123.922287E-3	127.732153E-3	125.827220E-3	45.745020E+0	15.139275E-3	45.745020E+0	NaN
9.800000E+0	27.475656E+0	5.318224E+0	122.861276E-3	127.781640E-3	125.370680E-3	129.326577E-3	127.348629E-3	46.462064E+0	15.531762E-3	46.462064E+0	NaN
9.900000E+0	27.479527E+0	5.352139E+0	124.016414E-3	128.844391E-3	126.525818E-3	130.389328E-3	128.457573E-3	46.758359E+0	15.038078E-3	46.758359E+0	NaN
10.000000E+0	27.480314E+0	5.401880E+0	125.340233E-3	130.443583E-3	127.849637E-3	131.988521E-3	129.919079E-3	47.192908E+0	15.928697E-3	47.192908E+0	NaN
10.100000E+0	27.483792E+0	5.465269E+0	126.775513E-3	131.320368E-3	129.284917E-3	132.865305E-3	131.075111E-3	47.746703E+0	13.657771E-3	47.746703E+0	NaN
10.200000E+0	27.489782E+0	5.510777E+0	127.909194E-3	133.065592E-3	130.418598E-3	134.610529E-3	132.514564E-3	48.144280E+0	15.816871E-3	48.144280E+0	NaN
10.300000E+0	27.493153E+0	5.571932E+0	129.528056E-3	134.296428E-3	132.037460E-3	135.841365E-3	133.939413E-3	48.678548E+0	14.200097E-3	48.678548E+0	NaN
10.400000E+0	27.495719E+0	5.612999E+0	130.819689E-3	135.722171E-3	133.329093E-3	137.267109E-3	135.298101E-3	49.037331E+0	14.553108E-3	49.037331E+0	NaN
10.500000E+0	27.499626E+0	5.674332E+0	132.018934E-3	136.976849E-3	134.528338E-3	138.521786E-3	136.525062E-3	49.573161E+0	14.625330E-3	49.573161E+0	NaN
10.600000E+0	27.501897E+0	5.735338E+0	132.926117E-3	138.061058E-3	135.435521E-3	139.605995E-3	137.520758E-3	50.106127E+0	15.163070E-3	50.106127E+0	NaN
10.700000E+0	27.507020E+0	5.784631E+0	134.446632E-3	139.606606E-3	136.956036E-3	141.151544E-3	139.053790E-3	50.536770E+0	15.085917E-3	50.536770E+0	NaN
10.800000E+0	27.508513E+0	5.839646E+0	135.735284E-3	140.848767E-3	138.244688E-3	142.393704E-3	140.319196E-3	51.017403E+0	14.784207E-3	51.017403E+0	NaN
10.900000E+0	27.507789E+0	5.894601E+0	136.741411E-3	141.890656E-3	139.250815E-3	143.435594E-3	141.343204E-3	51.497516E+0	14.803609E-3	51.497516E+0	NaN
11.000000E+0	27.513699E+0	5.935192E+0	137.996089E-3	143.174541E-3	140.505493E-3	144.719478E-3	142.612485E-3	51.852132E+0	14.774251E-3	51.852132E+0	NaN
11.100000E+0	27.516506E+0	5.990714E+0	139.034998E-3	144.291532E-3	141.544402E-3	145.836469E-3	143.690435E-3	52.337192E+0	14.935118E-3	52.337192E+0	NaN
11.200000E+0	27.521370E+0	6.045610E+0	140.654456E-3	145.542037E-3	143.163860E-3	147.086975E-3	145.125417E-3	52.816783E+0	13.516290E-3	52.816783E+0	NaN
11.300000E+0	27.522246E+0	6.088108E+0	141.726148E-3	147.106659E-3	144.235552E-3	148.651597E-3	146.443574E-3	53.188063E+0	15.077633E-3	53.188063E+0	NaN
11.400000E+0	27.527056E+0	6.137669E+0	143.089902E-3	148.273122E-3	145.599306E-3	149.818060E-3	147.708683E-3	53.621050E+0	14.280656E-3	53.621050E+0	NaN
11.500000E+0	27.532179E+0	6.195366E+0	144.420874E-3	149.412167E-3	146.930278E-3	150.957104E-3	148.943691E-3	54.125115E+0	13.517950E-3	54.125115E+0	NaN
11.600000E+0	27.534486E+0	6.233960E+0	145.325076E-3	150.426638E-3	147.834480E-3	151.971576E-3	149.903028E-3	54.462288E+0	13.799238E-3	54.462288E+0	NaN
11.700000E+0	27.538947E+0	6.284118E+0	146.723401E-3	151.803506E-3	149.232805E-3	153.348443E-3	151.290624E-3	54.900481E+0	13.601760E-3	54.900481E+0	NaN
11.800000E+0	27.540700E+0	6.350756E+0	147.858274E-3	153.357399E-3	150.367678E-3	154.902336E-3	152.635007E-3	55.482656E+0	14.854581E-3	55.482656E+0	NaN
11.900000E+0	27.543856E+0	6.413937E+0	149.277461E-3	154.598368E-3	151.786865E-3	156.143305E-3	153.965085E-3	56.034629E+0	14.147494E-3	56.034629E+0	NaN
12.000000E+0	27.547557E+0	6.452739E+0	150.443924E-3	156.121863E-3	152.953328E-3	157.666800E-3	155.310064E-3	56.373624E+0	15.174394E-3	56.373624E+0	NaN
12.100000E+0	27.551312E+0	6.500661E+0	151.309979E-3	157.174481E-3	153.819383E-3	158.719418E-3	156.269401E-3	56.792290E+0	15.678165E-3	56.792290E+0	NaN
12.200000E+0	27.555166E+0	6.555498E+0	152.768505E-3	158.385051E-3	155.277909E-3	159.929988E-3	157.603949E-3	57.271361E+0	14.758765E-3	57.271361E+0	NaN
12.300000E+0	27.558188E+0	6.599933E+0	154.283655E-3	159.891261E-3	156.793059E-3	161.436198E-3	159.114629E-3	57.659565E+0	14.590546E-3	57.659565E+0	NaN
12.400000E+0	27.561317E+0	6.664723E+0	155.083550E-3	161.231173E-3	157.592954E-3	162.776110E-3	160.184532E-3	58.225598E+0	16.178706E-3	58.225598E+0	NaN
12.500000E+0	27.563883E+0	6.713986E+0	156.713737E-3	162.283195E-3	159.223141E-3	163.828133E-3	161.525637E-3	58.655980E+0	14.254678E-3	58.655980E+0	NaN
12.600000E+0	27.568657E+0	6.764293E+0	158.072127E-3	163.548602E-3	160.581531E-3	165.093539E-3	162.837535E-3	59.095476E+0	13.854326E-3	59.095476E+0	NaN
12.700000E+0	27.571474E+0	6.842345E+0	158.810628E-3	164.917721E-3	161.320032E-3	166.462658E-3	163.891345E-3	59.777371E+0	15.689131E-3	59.777371E+0	NaN
12.800000E+0	27.575676E+0	6.892204E+0	160.498632E-3	165.917887E-3	163.008036E-3	167.462824E-3	165.235430E-3	60.212961E+0	13.480124E-3	60.212961E+0	NaN
12.900000E+0	27.580030E+0	6.926805E+0	161.411775E-3	167.260183E-3	163.921179E-3	168.805121E-3	166.363150E-3	60.515244E+0	14.678556E-3	60.515244E+0	NaN
13.000000E+0	27.583383E+0	6.967843E+0	162.835730E-3	168.702616E-3	165.345134E-3	170.247553E-3	167.796344E-3	60.873766E+0	14.608241E-3	60.873766E+0	NaN
13.100000E+0	27.583803E+0	7.024884E+0	163.998021E-3	169.684901E-3	166.507425E-3	171.229838E-3	168.868631E-3	61.372104E+0	13.982505E-3	61.372104E+0	NaN
13.200000E+0	27.588747E+0	7.070124E+0	164.940370E-3	171.123757E-3	167.449774E-3	172.668694E-3	170.059234E-3	61.767337E+0	15.344417E-3	61.767337E+0	NaN
13.300000E+0	27.589069E+0	7.141322E+0	166.286839E-3	172.500624E-3	168.796244E-3	174.045562E-3	171.420903E-3	62.389348E+0	15.311196E-3	62.389348E+0	NaN
13.400000E+0	27.592833E+0	7.172823E+0	167.958750E-3	173.546090E-3	170.468154E-3	175.091027E-3	172.779591E-3	62.664554E+0	13.377949E-3	62.664554E+0	NaN
13.500000E+0	27.600906E+0	7.244557E+0	169.000043E-3	174.946203E-3	171.509447E-3	176.491140E-3	174.000294E-3	63.291251E+0	14.315186E-3	63.291251E+0	NaN
13.600000E+0	27.601282E+0	7.289857E+0	170.327439E-3	176.197901E-3	172.836843E-3	177.742838E-3	175.289840E-3	63.687006E+0	13.993952E-3	63.687006E+0	NaN
13.700000E+0	27.606289E+0	7.318884E+0	171.297206E-3	177.564039E-3	173.806610E-3	179.108977E-3	176.457793E-3	63.940601E+0	15.024460E-3	63.940601E+0	NaN
13.800000E+0	27.610840E+0	7.393301E+0	172.634735E-3	178.628578E-3	175.144139E-3	180.173516E-3	177.658827E-3	64.590731E+0	14.154593E-3	64.590731E+0	NaN
13.900000E+0	27.611224E+0	7.437915E+0	173.339262E-3	179.907098E-3	175.848666E-3	181.452035E-3	178.650350E-3	64.980497E+0	15.682504E-3	64.980497E+0	NaN
14.000000E+0	27.617339E+0	7.488370E+0	174.698844E-3	181.045547E-3	177.208248E-3	182.590484E-3	179.899366E-3	65.421294E+0	14.959020E-3	65.421294E+0	NaN
14.100000E+0	27.616910E+0	7.538974E+0	175.884976E-3	182.392612E-3	178.394380E-3	183.937549E-3	181.165965E-3	65.863393E+0	15.298594E-3	65.863393E+0	NaN
14.200000E+0	27.621542E+0	7.612258E+0	177.534833E-3	183.810010E-3	180.044237E-3	185.354948E-3	182.699592E-3	66.503630E+0	14.533997E-3	66.503630E+0	NaN
14.300000E+0	27.625672E+0	7.640988E+0	178.408637E-3	185.244694E-3	180.918041E-3	186.789632E-3	183.853836E-3	66.754621E+0	15.968094E-3	66.754621E+0	NaN
14.400000E+0	27.626182E+0	7.688731E+0	179.767027E-3	186.362281E-3	182.276431E-3	187.907219E-3	185.091825E-3	67.171726E+0	15.210795E-3	67.171726E+0	NaN
14.500000E+0	27.631189E+0	7.757813E+0	180.960312E-3	187.518612E-3	183.469716E-3	189.063549E-3	186.266633E-3	67.775251E+0	15.015660E-3	67.775251E+0	NaN
14.600000E+0	27.633531E+0	7.789552E+0	182.224527E-3	188.837663E-3	184.733931E-3	190.382600E-3	187.558265E-3	68.052539E+0	15.058438E-3	68.052539E+0	NaN
14.700000E+0	27.639208E+0	7.835448E+0	183.538213E-3	190.347448E-3	186.047617E-3	191.892386E-3	188.970001E-3	68.453500E+0	15.464805E-3	68.453500E+0	NaN
14.800000E+0	27.641417E+0	7.899076E+0	184.985414E-3	191.610471E-3	187.494818E-3	193.155408E-3	190.325113E-3	69.009379E+0	14.870844E-3	69.009379E+0	NaN
14.900000E+0	27.643133E+0	7.963330E+0	185.804978E-3	192.587987E-3	188.314382E-3	194.132924E-3	191.223653E-3	69.570725E+0	15.213972E-3	69.570725E+0	NaN
15.000000E+0	27.649785E+0	8.003831E+0	187.354103E-3	194.048301E-3	189.863507E-3	195.593238E-3	192.728373E-3	69.924561E+0	14.864785E-3	69.924561E+0	NaN
15.100000E+0	27.649866E+0	8.056998E+0	188.643351E-3	195.398346E-3	191.152755E-3	196.943284E-3	194.048020E-3	70.389051E+0	14.920349E-3	70.389051E+0	NaN
15.200000E+0	27.657063E+0	8.114904E+0	189.987436E-3	196.546332E-3	192.496840E-3	198.091269E-3	195.294055E-3	70.894939E+0	14.323091E-3	70.894939E+0	NaN
15.300000E+0	27.660317E+0	8.155078E+0	190.984026E-3	197.733656E-3	193.493430E-3	199.278594E-3	196.386012E-3	71.245911E+0	14.729063E-3	71.245911E+0	NaN
15.400000E+0	27.658806E+0	8.213073E+0	192.052737E-3	199.107544E-3	194.562141E-3	200.652481E-3	197.607311E-3	71.752580E+0	15.410208E-3	71.752580E+0	NaN
15.500000E+0	27.663920E+0	8.291036E+0	193.585173E-3	200.626866E-3	196.094577E-3	202.171804E-3	199.133190E-3	72.433694E+0	15.259201E-3	72.433694E+0	NaN
15.600000E+0	27.670394E+0	8.313388E+0	195.012704E-3	201.903002E-3	197.522108E-3	203.447939E-3	200.485024E-3	72.628968E+0	14.778737E-3	72.628968E+0	NaN
15.700000E+0	27.670778E+0	8.356214E+0	195.936576E-3	202.793495E-3	198.445980E-3	204.338433E-3	201.392206E-3	73.003112E+0	14.629295E-3	73.003112E+0	NaN
15.800000E+0	27.676911E+0	8.435905E+0	197.485701E-3	204.232947E-3	199.995105E-3	205.777885E-3	202.886495E-3	73.699327E+0	14.251268E-3	73.699327E+0	NaN
15.900000E+0	27.678172E+0	8.475840E+0	198.314802E-3	205.506103E-3	200.824206E-3	207.051040E-3	203.937623E-3	74.048215E+0	15.266517E-3	74.048215E+0	NaN
16.000000E+0	27.683438E+0	8.513451E+0	199.639813E-3	206.738727E-3	202.149217E-3	208.283664E-3	205.216441E-3	74.376795E+0	14.946286E-3	74.376795E+0	NaN
16.100000E+0	27.683831E+0	8.561939E+0	200.793163E-3	207.600610E-3	203.302567E-3	209.145548E-3	206.224057E-3	74.800409E+0	14.166583E-3	74.800409E+0	NaN
16.200000E+0	27.687613E+0	8.626729E+0	202.322618E-3	208.993571E-3	204.832023E-3	210.538508E-3	207.685265E-3	75.366441E+0	13.738302E-3	75.366441E+0	NaN
16.300000E+0	27.692754E+0	8.676678E+0	203.257815E-3	210.489051E-3	205.767219E-3	212.033989E-3	208.900604E-3	75.802812E+0	14.999405E-3	75.802812E+0	NaN
16.400000E+0	27.695821E+0	8.727044E+0	204.685347E-3	211.716907E-3	207.194751E-3	213.261845E-3	210.228298E-3	76.242828E+0	14.429774E-3	76.242828E+0	NaN
16.500000E+0	27.696956E+0	8.786380E+0	205.976383E-3	212.906616E-3	208.485788E-3	214.451553E-3	211.468671E-3	76.761214E+0	14.105555E-3	76.761214E+0	NaN
16.600000E+0	27.702929E+0	8.830667E+0	207.072513E-3	214.319246E-3	209.581917E-3	215.864184E-3	212.723050E-3	77.148116E+0	14.766304E-3	77.148116E+0	NaN
16.700000E+0	27.703465E+0	8.859158E+0	208.472626E-3	215.490478E-3	210.982030E-3	217.035415E-3	214.008723E-3	77.397025E+0	14.142846E-3	77.397025E+0	NaN
16.800000E+0	27.706416E+0	8.931011E+0	209.568756E-3	216.574090E-3	212.078160E-3	218.119028E-3	215.098594E-3	78.024764E+0	14.042090E-3	78.024764E+0	NaN
16.900000E+0	27.711548E+0	8.975685E+0	210.628526E-3	217.967051E-3	213.137930E-3	219.511988E-3	216.324959E-3	78.415050E+0	14.732599E-3	78.415050E+0	NaN
17.000000E+0	27.716259E+0	9.024292E+0	211.586969E-3	219.372528E-3	214.096373E-3	220.917466E-3	217.506920E-3	78.839705E+0	15.680174E-3	78.839705E+0	NaN
17.100000E+0	27.720077E+0	9.084463E+0	213.195699E-3	220.454353E-3	215.705103E-3	221.999290E-3	218.852196E-3	79.365381E+0	14.379996E-3	79.365381E+0	NaN
17.200000E+0	27.722956E+0	9.131402E+0	214.228051E-3	221.482533E-3	216.737455E-3	223.027470E-3	219.882463E-3	79.775455E+0	14.303131E-3	79.775455E+0	NaN
17.300000E+0	27.720640E+0	9.171814E+0	215.305703E-3	223.051327E-3	217.815107E-3	224.596265E-3	221.205686E-3	80.128510E+0	15.327720E-3	80.128510E+0	NaN
17.400000E+0	27.726407E+0	9.241074E+0	216.880458E-3	224.184412E-3	219.389862E-3	225.729349E-3	222.559606E-3	80.733597E+0	14.242223E-3	80.733597E+0	NaN
17.500000E+0	27.732263E+0	9.295493E+0	218.397396E-3	225.424189E-3	220.906800E-3	226.969126E-3	223.937963E-3	81.209023E+0	13.535725E-3	81.209023E+0	NaN
17.600000E+0	27.737172E+0	9.341270E+0	219.573992E-3	226.770658E-3	222.083396E-3	228.315595E-3	225.199496E-3	81.608943E+0	13.837062E-3	81.608943E+0	NaN
17.700000E+0	27.735437E+0	9.388119E+0	220.457333E-3	227.864999E-3	222.966737E-3	229.409936E-3	226.188337E-3	82.018236E+0	14.242996E-3	82.018236E+0	NaN
17.800000E+0	27.739872E+0	9.433150E+0	221.312660E-3	228.844303E-3	223.822064E-3	230.389241E-3	227.105652E-3	82.411647E+0	14.458418E-3	82.411647E+0	NaN
17.900000E+0	27.744136E+0	9.500921E+0	222.712177E-3	230.305809E-3	225.221581E-3	231.850747E-3	228.536164E-3	83.003716E+0	14.503538E-3	83.003716E+0	NaN
18.000000E+0	27.750547E+0	9.538412E+0	224.316138E-3	231.484789E-3	226.825542E-3	233.029727E-3	229.927634E-3	83.331255E+0	13.491603E-3	83.331255E+0	NaN
18.100000E+0	27.752398E+0	9.582311E+0	225.396770E-3	232.709665E-3	227.906174E-3	234.254602E-3	231.080388E-3	83.714772E+0	13.736405E-3	83.714772E+0	NaN
18.200000E+0	27.755303E+0	9.643495E+0	226.506609E-3	233.992357E-3	229.016013E-3	235.537294E-3	232.276654E-3	84.249301E+0	14.037746E-3	84.249301E+0	NaN
18.300000E+0	27.757413E+0	9.686410E+0	227.724928E-3	235.390682E-3	230.234332E-3	236.935619E-3	233.584976E-3	84.624226E+0	14.344431E-3	84.624226E+0	NaN
18.400000E+0	27.762393E+0	9.725004E+0	228.987951E-3	236.398001E-3	231.497355E-3	237.942938E-3	234.720146E-3	84.961398E+0	13.730358E-3	84.961398E+0	NaN
18.500000E+0	27.763413E+0	9.792179E+0	229.927916E-3	238.131900E-3	232.437320E-3	239.676837E-3	236.057079E-3	85.548260E+0	15.334252E-3	85.548260E+0	NaN
18.600000E+0	27.767472E+0	9.841979E+0	231.443662E-3	238.862057E-3	233.953066E-3	240.406994E-3	237.180030E-3	85.983329E+0	13.605547E-3	85.983329E+0	NaN
18.700000E+0	27.772067E+0	9.880066E+0	233.140606E-3	240.730663E-3	235.650011E-3	242.275600E-3	238.962805E-3	86.316075E+0	13.863223E-3	86.316075E+0	NaN
18.800000E+0	27.776019E+0	9.949803E+0	233.779568E-3	242.139716E-3	236.288972E-3	243.684654E-3	239.986813E-3	86.925328E+0	15.408516E-3	86.925328E+0	NaN
18.900000E+0	27.778862E+0	9.993404E+0	235.180874E-3	243.107696E-3	237.690278E-3	244.652633E-3	241.171456E-3	87.306241E+0	14.434452E-3	87.306241E+0	NaN
19.000000E+0	27.782751E+0	10.036439E+0	236.660261E-3	244.300981E-3	239.169665E-3	245.845918E-3	242.507792E-3	87.682208E+0	13.765029E-3	87.682208E+0	NaN
19.100000E+0	27.781911E+0	10.103226E+0	237.647910E-3	245.630761E-3	240.157314E-3	247.175698E-3	243.666506E-3	88.265685E+0	14.401618E-3	88.265685E+0	NaN
19.200000E+0	27.786667E+0	10.146618E+0	238.794107E-3	246.794244E-3	241.303512E-3	248.339181E-3	244.821346E-3	88.644776E+0	14.368987E-3	88.644776E+0	NaN
19.300000E+0	27.793820E+0	10.197878E+0	240.179916E-3	248.220583E-3	242.689320E-3	249.765520E-3	246.227420E-3	89.092603E+0	14.369237E-3	89.092603E+0	NaN
19.400000E+0	27.794061E+0	10.247618E+0	241.020341E-3	249.222537E-3	243.529745E-3	250.767474E-3	247.148610E-3	89.527151E+0	14.642464E-3	89.527151E+0	NaN
19.500000E+0	27.798603E+0	10.292172E+0	242.133160E-3	250.396749E-3	244.642564E-3	251.941686E-3	248.292125E-3	89.916397E+0	14.698658E-3	89.916397E+0	NaN
19.600000E+0	27.801258E+0	10.346860E+0	243.926068E-3	251.918455E-3	246.435472E-3	253.463393E-3	249.949432E-3	90.394166E+0	14.058685E-3	90.394166E+0	NaN
19.700000E+0	27.804164E+0	10.381460E+0	244.747420E-3	252.997895E-3	247.256824E-3	254.542833E-3	250.899828E-3	90.696449E+0	14.519757E-3	NaN	NaN
19.800000E+0	27.806408E+0	10.443181E+0	245.977660E-3	254.355689E-3	248.487064E-3	255.900627E-3	252.193845E-3	91.235664E+0	14.698144E-3	NaN	NaN
19.900000E+0	27.812872E+0	10.494411E+0	247.432609E-3	255.436918E-3	249.942013E-3	256.981855E-3	253.461934E-3	91.683231E+0	13.887375E-3	NaN	NaN
20.000000E+0	27.813838E+0	10.542214E+0	248.219987E-3	256.655237E-3	250.729391E-3	258.200174E-3	254.464782E-3	92.100856E+0	14.679405E-3	NaN	NaN
20.100000E+0	27.818577E+0	10.585576E+0	249.907990E-3	257.666132E-3	252.417395E-3	259.211069E-3	255.814232E-3	92.479686E+0	13.278531E-3	NaN	NaN
20.200000E+0	27.820946E+0	10.659367E+0	251.052400E-3	258.967897E-3	253.561804E-3	260.512835E-3	257.037319E-3	93.124349E+0	13.521443E-3	NaN	NaN
20.300000E+0	27.822189E+0	10.705799E+0	251.896998E-3	260.258338E-3	254.406402E-3	261.803275E-3	258.104838E-3	93.529997E+0	14.329204E-3	NaN	NaN
20.400000E+0	27.828465E+0	10.749817E+0	253.387114E-3	261.670968E-3	255.896518E-3	263.215905E-3	259.556212E-3	93.914555E+0	14.099812E-3	NaN	NaN
20.500000E+0	27.831058E+0	10.814071E+0	254.859945E-3	263.158104E-3	257.369349E-3	264.703041E-3	261.036195E-3	94.475902E+0	14.047272E-3	NaN	NaN
20.600000E+0	27.835761E+0	10.871291E+0	255.985877E-3	264.350793E-3	258.495281E-3	265.895730E-3	262.195506E-3	94.975802E+0	14.112465E-3	NaN	NaN
20.700000E+0	27.835081E+0	10.904282E+0	257.154128E-3	265.403411E-3	259.663532E-3	266.948349E-3	263.305940E-3	95.264025E+0	13.833370E-3	NaN	NaN
20.800000E+0	27.840615E+0	10.973930E+0	258.471986E-3	266.515038E-3	260.981391E-3	268.059975E-3	264.520683E-3	95.872497E+0	13.380021E-3	NaN	NaN
20.900000E+0	27.846337E+0	11.018127E+0	259.960315E-3	268.381856E-3	262.469719E-3	269.926793E-3	266.198256E-3	96.258618E+0	14.006617E-3	NaN	NaN
21.000000E+0	27.848796E+0	11.060297E+0	261.269233E-3	269.317052E-3	263.778637E-3	270.861990E-3	267.320313E-3	96.627034E+0	13.248812E-3	NaN	NaN
21.100000E+0	27.852685E+0	11.094719E+0	262.227675E-3	270.558617E-3	264.737080E-3	272.103555E-3	268.420317E-3	96.927755E+0	13.721903E-3	NaN	NaN
21.200000E+0	27.855198E+0	11.169821E+0	263.488314E-3	271.948598E-3	265.997718E-3	273.493535E-3	269.745626E-3	97.583874E+0	13.894233E-3	NaN	NaN
21.300000E+0	27.860517E+0	11.204153E+0	265.057704E-3	273.110292E-3	267.567108E-3	274.655230E-3	271.111169E-3	97.883814E+0	13.072352E-3	NaN	NaN
21.400000E+0	27.862654E+0	11.258334E+0	265.946410E-3	274.374507E-3	268.455814E-3	275.919444E-3	272.187629E-3	98.357157E+0	13.710452E-3	NaN	NaN
21.500000E+0	27.865837E+0	11.314362E+0	267.054460E-3	275.476597E-3	269.563864E-3	277.021534E-3	273.292699E-3	98.846642E+0	13.644108E-3	NaN	NaN
21.600000E+0	27.867840E+0	11.365443E+0	268.172047E-3	276.831411E-3	270.681451E-3	278.376348E-3	274.528900E-3	99.292907E+0	14.014730E-3	NaN	NaN
21.700000E+0	27.871461E+0	11.420935E+0	269.895218E-3	278.044365E-3	272.404622E-3	279.589303E-3	275.996962E-3	99.777706E+0	13.015870E-3	NaN	NaN
21.800000E+0	27.873213E+0	11.474222E+0	270.952008E-3	279.316925E-3	273.461412E-3	280.861862E-3	277.161637E-3	100.243238E+0	13.350422E-3	NaN	NaN
21.900000E+0	27.879400E+0	11.530668E+0	271.580837E-3	280.693792E-3	274.090241E-3	282.238729E-3	278.164485E-3	100.736369E+0	14.646888E-3	NaN	NaN
22.000000E+0	27.881260E+0	11.562020E+0	273.012541E-3	282.008670E-3	275.521945E-3	283.553608E-3	279.537776E-3	101.010272E+0	14.365971E-3	NaN	NaN
22.100000E+0	27.885373E+0	11.616349E+0	274.504445E-3	283.439182E-3	277.013849E-3	284.984119E-3	280.998984E-3	101.484917E+0	14.182027E-3	NaN	NaN
22.200000E+0	27.887635E+0	11.668593E+0	275.824688E-3	284.190797E-3	278.334092E-3	285.735734E-3	282.034913E-3	101.941336E+0	13.121854E-3	NaN	NaN
22.300000E+0	27.891917E+0	11.717379E+0	277.057908E-3	285.363816E-3	279.567312E-3	286.908754E-3	283.238033E-3	102.367553E+0	12.959844E-3	NaN	NaN
22.400000E+0	27.894859E+0	11.777550E+0	277.847074E-3	286.785983E-3	280.356478E-3	288.330921E-3	284.343699E-3	102.893229E+0	14.022541E-3	NaN	NaN
22.500000E+0	27.899490E+0	11.810422E+0	279.434346E-3	288.259410E-3	281.943750E-3	289.804347E-3	285.874049E-3	103.180411E+0	13.748358E-3	NaN	NaN
22.600000E+0	27.900384E+0	11.875421E+0	280.209206E-3	289.186858E-3	282.718610E-3	290.731796E-3	286.725203E-3	103.748266E+0	13.973633E-3	NaN	NaN
22.700000E+0	27.903066E+0	11.912584E+0	281.318449E-3	290.591740E-3	283.827853E-3	292.136677E-3	287.982265E-3	104.072941E+0	14.425931E-3	NaN	NaN
22.800000E+0	27.908779E+0	11.973500E+0	282.656573E-3	291.404151E-3	285.165977E-3	292.949089E-3	289.057533E-3	104.605126E+0	13.462911E-3	NaN	NaN
22.900000E+0	27.911390E+0	12.012869E+0	284.092449E-3	293.073082E-3	286.601853E-3	294.618019E-3	290.609936E-3	104.949068E+0	13.791968E-3	NaN	NaN
23.000000E+0	27.916182E+0	12.049049E+0	285.645150E-3	294.113779E-3	288.154554E-3	295.658716E-3	291.906635E-3	105.265151E+0	12.853702E-3	NaN	NaN
23.100000E+0	27.917863E+0	12.112975E+0	286.741280E-3	295.411372E-3	289.250684E-3	296.956309E-3	293.103497E-3	105.823633E+0	13.144889E-3	NaN	NaN
23.200000E+0	27.923451E+0	12.163907E+0	287.902378E-3	296.648765E-3	290.411782E-3	298.193702E-3	294.302742E-3	106.268596E+0	13.220943E-3	NaN	NaN
23.300000E+0	27.925722E+0	12.224138E+0	288.781547E-3	297.982717E-3	291.290951E-3	299.527654E-3	295.409302E-3	106.794793E+0	13.941171E-3	NaN	NaN
23.400000E+0	27.927027E+0	12.247920E+0	289.742970E-3	299.372101E-3	292.252374E-3	300.917038E-3	296.584706E-3	107.002564E+0	14.607403E-3	NaN	NaN
23.500000E+0	27.932901E+0	12.315333E+0	291.681909E-3	300.503397E-3	294.191313E-3	302.048335E-3	298.119824E-3	107.591508E+0	13.177623E-3	NaN	NaN
23.600000E+0	27.936433E+0	12.363523E+0	292.477035E-3	301.729465E-3	294.986439E-3	303.274402E-3	299.130421E-3	108.012518E+0	13.853427E-3	NaN	NaN
23.700000E+0	27.937229E+0	12.410849E+0	293.788337E-3	303.094411E-3	296.297741E-3	304.639349E-3	300.468545E-3	108.425977E+0	13.880999E-3	NaN	NaN
23.800000E+0	27.942665E+0	12.460858E+0	294.845724E-3	304.139281E-3	297.355128E-3	305.684218E-3	301.519673E-3	108.862869E+0	13.811852E-3	NaN	NaN
23.900000E+0	27.944292E+0	12.520134E+0	296.203518E-3	305.185342E-3	298.712922E-3	306.730280E-3	302.721601E-3	109.380734E+0	13.242131E-3	NaN	NaN
24.000000E+0	27.946688E+0	12.570381E+0	296.970630E-3	306.373859E-3	299.480034E-3	307.918797E-3	303.699415E-3	109.819709E+0	13.893281E-3	NaN	NaN
24.100000E+0	27.952937E+0	12.620211E+0	298.990035E-3	308.322335E-3	301.499439E-3	309.867273E-3	305.683356E-3	110.255038E+0	13.687093E-3	NaN	NaN
24.200000E+0	27.955164E+0	12.677491E+0	300.115371E-3	309.599663E-3	302.624775E-3	311.144600E-3	306.884688E-3	110.755459E+0	13.881151E-3	NaN	NaN
24.300000E+0	27.958516E+0	12.711495E+0	301.436210E-3	310.329224E-3	303.945614E-3	311.874161E-3	307.909888E-3	111.052535E+0	12.874785E-3	NaN	NaN
24.400000E+0	27.960215E+0	12.741923E+0	302.426243E-3	311.720396E-3	304.935647E-3	313.265334E-3	309.100490E-3	111.318367E+0	13.474075E-3	NaN	NaN
24.500000E+0	27.965186E+0	12.804270E+0	303.176070E-3	312.488700E-3	305.685474E-3	314.033638E-3	309.859556E-3	111.863050E+0	13.470883E-3	NaN	NaN
24.600000E+0	27.967940E+0	12.840778E+0	304.866458E-3	314.262534E-3	307.375862E-3	315.807472E-3	311.591667E-3	112.181997E+0	13.529903E-3	NaN	NaN
24.700000E+0	27.972786E+0	12.913078E+0	306.415582E-3	315.368797E-3	308.924986E-3	316.913734E-3	312.919360E-3	112.813641E+0	12.764866E-3	NaN	NaN
24.800000E+0	27.973000E+0	12.959003E+0	306.852484E-3	316.872026E-3	309.361889E-3	318.416963E-3	313.889426E-3	113.214863E+0	14.423988E-3	NaN	NaN
24.900000E+0	27.977837E+0	13.004065E+0	308.627511E-3	318.010475E-3	311.136915E-3	319.555412E-3	315.346164E-3	113.608534E+0	13.348025E-3	NaN	NaN
25.000000E+0	27.983667E+0	13.049185E+0	309.532906E-3	319.224026E-3	312.042310E-3	320.768963E-3	316.405636E-3	114.002726E+0	13.790294E-3	NaN	NaN
25.100000E+0	27.983416E+0	13.095677E+0	310.552741E-3	320.383336E-3	313.062145E-3	321.928273E-3	317.495209E-3	114.408895E+0	13.962617E-3	NaN	NaN
25.200000E+0	27.986206E+0	13.174921E+0	312.497641E-3	321.805503E-3	315.007045E-3	323.350440E-3	319.178743E-3	115.101205E+0	13.070099E-3	NaN	NaN
25.300000E+0	27.991436E+0	13.204098E+0	313.367869E-3	322.821762E-3	315.877273E-3	324.366700E-3	320.121986E-3	115.356102E+0	13.259675E-3	NaN	NaN
25.400000E+0	27.994682E+0	13.265491E+0	314.300681E-3	323.971536E-3	316.810086E-3	325.516473E-3	321.163279E-3	115.892453E+0	13.554457E-3	NaN	NaN
25.500000E+0	27.999250E+0	13.326108E+0	315.441514E-3	325.572517E-3	317.950919E-3	327.117454E-3	322.534186E-3	116.422034E+0	14.210177E-3	NaN	NaN
25.600000E+0	28.001780E+0	13.350397E+0	316.854145E-3	326.523807E-3	319.363549E-3	328.068744E-3	323.716147E-3	116.634232E+0	13.445724E-3	NaN	NaN
25.700000E+0	28.003139E+0	13.398319E+0	318.089749E-3	327.709343E-3	320.599153E-3	329.254281E-3	324.926717E-3	117.052898E+0	13.318584E-3	NaN	NaN
25.800000E+0	28.006072E+0	13.457388E+0	319.239523E-3	329.264429E-3	321.748927E-3	330.809366E-3	326.279146E-3	117.568940E+0	13.884490E-3	NaN	NaN
25.900000E+0	28.011436E+0	13.503343E+0	320.228960E-3	330.252078E-3	322.738364E-3	331.797015E-3	327.267690E-3	117.970423E+0	13.839819E-3	NaN	NaN
26.000000E+0	28.012849E+0	13.557911E+0	321.836497E-3	331.732061E-3	324.345901E-3	333.276999E-3	328.811450E-3	118.447150E+0	13.580879E-3	NaN	NaN
26.100000E+0	28.019018E+0	13.587147E+0	322.837855E-3	332.665470E-3	325.347260E-3	334.210407E-3	329.778833E-3	118.702568E+0	13.438018E-3	NaN	NaN
26.200000E+0	28.021343E+0	13.670534E+0	324.149754E-3	334.269431E-3	326.659158E-3	335.814369E-3	331.236763E-3	119.431068E+0	13.819738E-3	NaN	NaN
26.300000E+0	28.025357E+0	13.714075E+0	325.346019E-3	335.432914E-3	327.855423E-3	336.977851E-3	332.416637E-3	119.811461E+0	13.721377E-3	NaN	NaN
26.400000E+0	28.027056E+0	13.755977E+0	326.831367E-3	336.620239E-3	329.340771E-3	338.165176E-3	333.752973E-3	120.177533E+0	13.219964E-3	NaN	NaN
26.500000E+0	28.031633E+0	13.815343E+0	327.770140E-3	337.892202E-3	330.279544E-3	339.437139E-3	334.858342E-3	120.696180E+0	13.673834E-3	NaN	NaN
26.600000E+0	28.035004E+0	13.857603E+0	329.393771E-3	338.934687E-3	331.903175E-3	340.479624E-3	336.191400E-3	121.065377E+0	12.755308E-3	NaN	NaN
26.700000E+0	28.036300E+0	13.911039E+0	329.827693E-3	340.176252E-3	332.337097E-3	341.721189E-3	337.029143E-3	121.532211E+0	13.921782E-3	NaN	NaN
26.800000E+0	28.040726E+0	13.959050E+0	331.115749E-3	341.336158E-3	333.625153E-3	342.881096E-3	338.253125E-3	121.951658E+0	13.681976E-3	NaN	NaN
26.900000E+0	28.044857E+0	13.991654E+0	332.559374E-3	342.832235E-3	335.068778E-3	344.377173E-3	339.722975E-3	122.236497E+0	13.699978E-3	NaN	NaN
27.000000E+0	28.048630E+0	14.032185E+0	333.924320E-3	343.726901E-3	336.433724E-3	345.271838E-3	340.852781E-3	122.590593E+0	12.964709E-3	NaN	NaN
27.100000E+0	28.052277E+0	14.093846E+0	334.408906E-3	344.887403E-3	336.918310E-3	346.432341E-3	341.675325E-3	123.129287E+0	13.922619E-3	NaN	NaN
27.200000E+0	28.054656E+0	14.144421E+0	336.474803E-3	346.367387E-3	338.984207E-3	347.912324E-3	343.448266E-3	123.571126E+0	12.997761E-3	NaN	NaN
27.300000E+0	28.058393E+0	14.213413E+0	337.345627E-3	347.763328E-3	339.855031E-3	349.308265E-3	344.581648E-3	124.173870E+0	13.716972E-3	NaN	NaN
27.400000E+0	28.061245E+0	14.272302E+0	338.934091E-3	349.130658E-3	341.443495E-3	350.675596E-3	346.059545E-3	124.688350E+0	13.338890E-3	NaN	NaN
27.500000E+0	28.065161E+0	14.300734E+0	339.673785E-3	349.942474E-3	342.183189E-3	351.487411E-3	346.835300E-3	124.936738E+0	13.413027E-3	NaN	NaN
27.600000E+0	28.068111E+0	14.346868E+0	341.188935E-3	351.448087E-3	343.698339E-3	352.993025E-3	348.345682E-3	125.339783E+0	13.341181E-3	NaN	NaN
27.700000E+0	28.072305E+0	14.392495E+0	342.186121E-3	352.631239E-3	344.695525E-3	354.176177E-3	349.435851E-3	125.738401E+0	13.565655E-3	NaN	NaN
27.800000E+0	28.073172E+0	14.440387E+0	343.352584E-3	353.931813E-3	345.861988E-3	355.476750E-3	350.669369E-3	126.156807E+0	13.709157E-3	NaN	NaN
27.900000E+0	28.078572E+0	14.494181E+0	345.032839E-3	355.291395E-3	347.542243E-3	356.836332E-3	352.189288E-3	126.626765E+0	13.194736E-3	NaN	NaN
28.000000E+0	28.081147E+0	14.535397E+0	345.942406E-3	356.048374E-3	348.451810E-3	357.593311E-3	353.022561E-3	126.986849E+0	12.947475E-3	NaN	NaN
28.100000E+0	28.084536E+0	14.591157E+0	346.791772E-3	357.301264E-3	349.301176E-3	358.846201E-3	354.073689E-3	127.473991E+0	13.478868E-3	NaN	NaN
28.200000E+0	28.085814E+0	14.653802E+0	348.044662E-3	358.495741E-3	350.554066E-3	360.040678E-3	355.297372E-3	128.021278E+0	13.350243E-3	NaN	NaN
28.300000E+0	28.092207E+0	14.685869E+0	349.423913E-3	359.880357E-3	351.933317E-3	361.425294E-3	356.679306E-3	128.301430E+0	13.306038E-3	NaN	NaN
28.400000E+0	28.094442E+0	14.734447E+0	350.735812E-3	361.127286E-3	353.245216E-3	362.672224E-3	357.958720E-3	128.725824E+0	13.167731E-3	NaN	NaN
28.500000E+0	28.099091E+0	14.789790E+0	351.554780E-3	362.464219E-3	354.064184E-3	364.009156E-3	359.036670E-3	129.209321E+0	13.849522E-3	NaN	NaN
28.600000E+0	28.100468E+0	14.834464E+0	353.050856E-3	363.693266E-3	355.560260E-3	365.238204E-3	360.399232E-3	129.599608E+0	13.426698E-3	NaN	NaN
28.700000E+0	28.104178E+0	14.862537E+0	354.592829E-3	365.165501E-3	357.102233E-3	366.710439E-3	361.906336E-3	129.844871E+0	13.274437E-3	NaN	NaN
28.800000E+0	28.108908E+0	14.935970E+0	355.171590E-3	366.292625E-3	357.680994E-3	367.837563E-3	362.759278E-3	130.486410E+0	13.999048E-3	NaN	NaN
28.900000E+0	28.112270E+0	14.983594E+0	356.698661E-3	367.606312E-3	359.208065E-3	369.151249E-3	364.179657E-3	130.902472E+0	13.651482E-3	NaN	NaN
29.000000E+0	28.116999E+0	15.033662E+0	358.133941E-3	368.849069E-3	360.643345E-3	370.394006E-3	365.518675E-3	131.339885E+0	13.338116E-3	NaN	NaN
29.100000E+0	28.116856E+0	15.091479E+0	359.387427E-3	370.022684E-3	361.896831E-3	371.567622E-3	366.732226E-3	131.844992E+0	13.185085E-3	NaN	NaN
29.200000E+0	28.120066E+0	15.156507E+0	360.142617E-3	371.081263E-3	362.652022E-3	372.626200E-3	367.639111E-3	132.413108E+0	13.565176E-3	NaN	NaN
29.300000E+0	28.123580E+0	15.178442E+0	361.321001E-3	372.291833E-3	363.830405E-3	373.836771E-3	368.833588E-3	132.604736E+0	13.564878E-3	NaN	NaN
29.400000E+0	28.126628E+0	15.217423E+0	362.537532E-3	373.585254E-3	365.046936E-3	375.130191E-3	370.088564E-3	132.945293E+0	13.622760E-3	NaN	NaN
29.500000E+0	28.133575E+0	15.301675E+0	364.192157E-3	374.867946E-3	366.701561E-3	376.412883E-3	371.557222E-3	133.681344E+0	13.068407E-3	NaN	NaN
29.600000E+0	28.133799E+0	15.325308E+0	365.139275E-3	376.056463E-3	367.648679E-3	377.601400E-3	372.625040E-3	133.887813E+0	13.354874E-3	NaN	NaN
29.700000E+0	28.139458E+0	15.360534E+0	366.647869E-3	377.528102E-3	369.157273E-3	379.073039E-3	374.115156E-3	134.195564E+0	13.252291E-3	NaN	NaN
29.800000E+0	28.137625E+0	15.433192E+0	367.807179E-3	378.731519E-3	370.316583E-3	380.276457E-3	375.296520E-3	134.830333E+0	13.269339E-3	NaN	NaN
29.900000E+0	28.144581E+0	15.484482E+0	368.806749E-3	380.003483E-3	371.316153E-3	381.548420E-3	376.432287E-3	135.278420E+0	13.591112E-3	NaN	NaN
30.000000E+0	28.148095E+0	15.522093E+0	370.564490E-3	381.261737E-3	373.073894E-3	382.806674E-3	377.940284E-3	135.607000E+0	12.876081E-3	NaN	NaN
30.100000E+0	28.152279E+0	15.589923E+0	371.123582E-3	382.428200E-3	373.632986E-3	383.973137E-3	378.803062E-3	136.199590E+0	13.648452E-3	NaN	NaN
30.200000E+0	28.152583E+0	15.626639E+0	372.805625E-3	383.403332E-3	375.315029E-3	384.948269E-3	380.131649E-3	136.520360E+0	12.670926E-3	NaN	NaN
30.300000E+0	28.158493E+0	15.686035E+0	374.145538E-3	385.381610E-3	376.654942E-3	386.926548E-3	381.790745E-3	137.039266E+0	13.451879E-3	NaN	NaN
30.400000E+0	28.160862E+0	15.723258E+0	375.183255E-3	386.402042E-3	377.692659E-3	387.946979E-3	382.819819E-3	137.364462E+0	13.393142E-3	NaN	NaN
30.500000E+0	28.165762E+0	15.765488E+0	376.318723E-3	387.159021E-3	378.828127E-3	388.703958E-3	383.766043E-3	137.733398E+0	12.866994E-3	NaN	NaN
30.600000E+0	28.167416E+0	15.812725E+0	377.299220E-3	388.126404E-3	379.808624E-3	389.671342E-3	384.739983E-3	138.146076E+0	12.817381E-3	NaN	NaN
30.700000E+0	28.169043E+0	15.867949E+0	378.458530E-3	389.900239E-3	380.967934E-3	391.445176E-3	386.206555E-3	138.628532E+0	13.564298E-3	NaN	NaN
30.800000E+0	28.173120E+0	15.930831E+0	379.250080E-3	391.094120E-3	381.759484E-3	392.639057E-3	387.199271E-3	139.177901E+0	14.049062E-3	NaN	NaN
30.900000E+0	28.177322E+0	15.973717E+0	380.820662E-3	392.476948E-3	383.330067E-3	394.021885E-3	388.675976E-3	139.552566E+0	13.754154E-3	NaN	NaN
31.000000E+0	28.181050E+0	16.001582E+0	382.128388E-3	393.719109E-3	384.637793E-3	395.264046E-3	389.950919E-3	139.796007E+0	13.625117E-3	NaN	NaN
31.100000E+0	28.185628E+0	16.056120E+0	383.347304E-3	394.506486E-3	385.856708E-3	396.051423E-3	390.954066E-3	140.272474E+0	13.038253E-3	NaN	NaN
31.200000E+0	28.189803E+0	16.142994E+0	384.619863E-3	395.990046E-3	387.129267E-3	397.534983E-3	392.332125E-3	141.031437E+0	13.261361E-3	NaN	NaN
31.300000E+0	28.191958E+0	16.166747E+0	386.201770E-3	397.294792E-3	388.711174E-3	398.839729E-3	393.775452E-3	141.238947E+0	12.860825E-3	NaN	NaN
31.400000E+0	28.195677E+0	16.220957E+0	387.618573E-3	398.860010E-3	390.127977E-3	400.404947E-3	395.266462E-3	141.712551E+0	13.000053E-3	NaN	NaN
31.500000E+0	28.199558E+0	16.280502E+0	388.359459E-3	399.764212E-3	390.868863E-3	401.309150E-3	396.089006E-3	142.232759E+0	13.179218E-3	NaN	NaN
31.600000E+0	28.200622E+0	16.320765E+0	389.302404E-3	401.084455E-3	391.811808E-3	402.629393E-3	397.220600E-3	142.584512E+0	13.616595E-3	NaN	NaN
31.700000E+0	28.204064E+0	16.375303E+0	390.965970E-3	402.472051E-3	393.475374E-3	404.016989E-3	398.746181E-3	143.060979E+0	13.218452E-3	NaN	NaN
31.800000E+0	28.207560E+0	16.421974E+0	391.597779E-3	403.429898E-3	394.107183E-3	404.974836E-3	399.541009E-3	143.468710E+0	13.600171E-3	NaN	NaN
31.900000E+0	28.210537E+0	16.467482E+0	393.152268E-3	404.645833E-3	395.661672E-3	406.190770E-3	400.926221E-3	143.866287E+0	13.130967E-3	NaN	NaN
32.000000E+0	28.213353E+0	16.506433E+0	394.495757E-3	406.128797E-3	397.005161E-3	407.673734E-3	402.339448E-3	144.206583E+0	13.258174E-3	NaN	NaN
32.100000E+0	28.214864E+0	16.581446E+0	395.862492E-3	407.451424E-3	398.371896E-3	408.996361E-3	403.684129E-3	144.861921E+0	13.159380E-3	NaN	NaN
32.200000E+0	28.221999E+0	16.618073E+0	396.757754E-3	408.430728E-3	399.267158E-3	409.975666E-3	404.621412E-3	145.181909E+0	13.232750E-3	NaN	NaN
32.300000E+0	28.226854E+0	16.647607E+0	398.183497E-3	409.671697E-3	400.692901E-3	411.216634E-3	405.954768E-3	145.439930E+0	12.961707E-3	NaN	NaN
32.400000E+0	28.230564E+0	16.707361E+0	399.208101E-3	411.126647E-3	401.717505E-3	412.671584E-3	407.194544E-3	145.961961E+0	13.450670E-3	NaN	NaN
32.500000E+0	28.229768E+0	16.771853E+0	400.047930E-3	412.048730E-3	402.557334E-3	413.593668E-3	408.075501E-3	146.525390E+0	13.522416E-3	NaN	NaN
32.600000E+0	28.235159E+0	16.825467E+0	401.818784E-3	413.462553E-3	404.328189E-3	415.007490E-3	409.667839E-3	146.993786E+0	13.034098E-3	NaN	NaN
32.700000E+0	28.234972E+0	16.871572E+0	402.947696E-3	414.677892E-3	405.457101E-3	416.222829E-3	410.839965E-3	147.396570E+0	13.102095E-3	NaN	NaN
32.800000E+0	28.240506E+0	16.907752E+0	404.014620E-3	415.760312E-3	406.524024E-3	417.305249E-3	411.914637E-3	147.712653E+0	13.086723E-3	NaN	NaN
32.900000E+0	28.244511E+0	16.952813E+0	405.328306E-3	417.074594E-3	407.837710E-3	418.619532E-3	413.228621E-3	148.106324E+0	13.045831E-3	NaN	NaN
33.000000E+0	28.246246E+0	16.992658E+0	406.417283E-3	417.894754E-3	408.926687E-3	419.439692E-3	414.183190E-3	148.454432E+0	12.691250E-3	NaN	NaN
33.100000E+0	28.250377E+0	17.028809E+0	407.633814E-3	419.597659E-3	410.143218E-3	421.142597E-3	415.642907E-3	148.770254E+0	13.231765E-3	NaN	NaN
33.200000E+0	28.253407E+0	17.106056E+0	409.061345E-3	420.706902E-3	411.570749E-3	422.251839E-3	416.911294E-3	149.445119E+0	12.809787E-3	NaN	NaN
33.300000E+0	28.256447E+0	17.130136E+0	409.566793E-3	421.799455E-3	412.076197E-3	423.344392E-3	417.710295E-3	149.655494E+0	13.488051E-3	NaN	NaN
33.400000E+0	28.262724E+0	17.177224E+0	410.896573E-3	422.943864E-3	413.405977E-3	424.488802E-3	418.947389E-3	150.066870E+0	13.226989E-3	NaN	NaN
33.500000E+0	28.262134E+0	17.257214E+0	411.934886E-3	423.952971E-3	414.444290E-3	425.497908E-3	419.971099E-3	150.765688E+0	13.159976E-3	NaN	NaN
33.600000E+0	28.268097E+0	17.292857E+0	413.451228E-3	425.531302E-3	415.960632E-3	427.076240E-3	421.518436E-3	151.077084E+0	13.185197E-3	NaN	NaN
33.700000E+0	28.270618E+0	17.326862E+0	414.705310E-3	426.731740E-3	417.214714E-3	428.276677E-3	422.745695E-3	151.374160E+0	13.083473E-3	NaN	NaN
33.800000E+0	28.273157E+0	17.397970E+0	416.168008E-3	428.119336E-3	418.677412E-3	429.664273E-3	424.170843E-3	151.995390E+0	12.950986E-3	NaN	NaN
33.900000E+0	28.277878E+0	17.453581E+0	417.400632E-3	429.319178E-3	419.910036E-3	430.864115E-3	425.387076E-3	152.481231E+0	12.875425E-3	NaN	NaN
34.000000E+0	28.281553E+0	17.483711E+0	418.364439E-3	430.290733E-3	420.873843E-3	431.835671E-3	426.354757E-3	152.744459E+0	12.855289E-3	NaN	NaN
34.100000E+0	28.283770E+0	17.543644E+0	419.169698E-3	431.626474E-3	421.679102E-3	433.171411E-3	427.425257E-3	153.268053E+0	13.443648E-3	NaN	NaN
34.200000E+0	28.289233E+0	17.585129E+0	420.932207E-3	433.420574E-3	423.441611E-3	434.965511E-3	429.203561E-3	153.630480E+0	13.424748E-3	NaN	NaN
34.300000E+0	28.291584E+0	17.629802E+0	422.119532E-3	433.877741E-3	424.628936E-3	435.422679E-3	430.025807E-3	154.020767E+0	12.550110E-3	NaN	NaN
34.400000E+0	28.295366E+0	17.681271E+0	423.269902E-3	435.442959E-3	425.779306E-3	436.987897E-3	431.383601E-3	154.470416E+0	12.991443E-3	NaN	NaN
34.500000E+0	28.296832E+0	17.732561E+0	424.545441E-3	436.556374E-3	427.054845E-3	438.101312E-3	432.578078E-3	154.918504E+0	12.768176E-3	NaN	NaN
34.600000E+0	28.300283E+0	17.757475E+0	425.341163E-3	438.066160E-3	427.850567E-3	439.611097E-3	433.730832E-3	155.136169E+0	13.557406E-3	NaN	NaN
34.700000E+0	28.301625E+0	17.833173E+0	427.030955E-3	439.393556E-3	429.540359E-3	440.938493E-3	435.239426E-3	155.797495E+0	13.094096E-3	NaN	NaN
34.800000E+0	28.307338E+0	17.878532E+0	428.046022E-3	440.467631E-3	430.555426E-3	442.012569E-3	436.283998E-3	156.193770E+0	13.130372E-3	NaN	NaN
34.900000E+0	28.312783E+0	17.918766E+0	429.546271E-3	441.189444E-3	432.055675E-3	442.734381E-3	437.395028E-3	156.545262E+0	12.207164E-3	NaN	NaN
35.000000E+0	28.312997E+0	17.970562E+0	430.411731E-3	442.707574E-3	432.921135E-3	444.252511E-3	438.586823E-3	156.997776E+0	12.918054E-3	NaN	NaN
35.100000E+0	28.318496E+0	18.031985E+0	431.573425E-3	443.998015E-3	434.082830E-3	445.542952E-3	439.812891E-3	157.534387E+0	13.028407E-3	NaN	NaN
35.200000E+0	28.320740E+0	18.083721E+0	432.811414E-3	445.202029E-3	435.320818E-3	446.746966E-3	441.033892E-3	157.986380E+0	12.953821E-3	NaN	NaN
35.300000E+0	28.324709E+0	18.131763E+0	434.231793E-3	446.561611E-3	436.741197E-3	448.106548E-3	442.423872E-3	158.406088E+0	12.844414E-3	NaN	NaN
35.400000E+0	28.328626E+0	18.152595E+0	435.488855E-3	447.748339E-3	437.998259E-3	449.293277E-3	443.645768E-3	158.588083E+0	12.729771E-3	NaN	NaN
35.500000E+0	28.332935E+0	18.224746E+0	436.775123E-3	448.818839E-3	439.284527E-3	450.363776E-3	444.824152E-3	159.218425E+0	12.453515E-3	NaN	NaN
35.600000E+0	28.333811E+0	18.264681E+0	437.588727E-3	450.219548E-3	440.098131E-3	451.764485E-3	445.931308E-3	159.567314E+0	13.080888E-3	NaN	NaN
35.700000E+0	28.337691E+0	18.309146E+0	439.127719E-3	451.440251E-3	441.637123E-3	452.985189E-3	447.311156E-3	159.955778E+0	12.684756E-3	NaN	NaN
35.800000E+0	28.340758E+0	18.376917E+0	440.155303E-3	452.564395E-3	442.664707E-3	454.109332E-3	448.387020E-3	160.547847E+0	12.761994E-3	NaN	NaN
35.900000E+0	28.342466E+0	18.400073E+0	441.033279E-3	453.717745E-3	443.542683E-3	455.262682E-3	449.402683E-3	160.750150E+0	13.039529E-3	NaN	NaN
36.000000E+0	28.347472E+0	18.450022E+0	442.467367E-3	455.101169E-3	444.976771E-3	456.646106E-3	450.811439E-3	161.186521E+0	12.942590E-3	NaN	NaN
36.100000E+0	28.350512E+0	18.499255E+0	443.562305E-3	456.287301E-3	446.071709E-3	457.832239E-3	451.951974E-3	161.616644E+0	13.010818E-3	NaN	NaN
36.200000E+0	28.351076E+0	18.554211E+0	444.937384E-3	457.409657E-3	447.446788E-3	458.954594E-3	453.200691E-3	162.096756E+0	12.696148E-3	NaN	NaN
36.300000E+0	28.356404E+0	18.611610E+0	446.080005E-3	458.822287E-3	448.589409E-3	460.367224E-3	454.478317E-3	162.598218E+0	12.957511E-3	NaN	NaN
36.400000E+0	28.360133E+0	18.654644E+0	447.317994E-3	460.269488E-3	449.827398E-3	461.814425E-3	455.820912E-3	162.974185E+0	13.148835E-3	NaN	NaN
36.500000E+0	28.363628E+0	18.708974E+0	448.651350E-3	461.113490E-3	451.160754E-3	462.658427E-3	456.909590E-3	163.448829E+0	12.582001E-3	NaN	NaN
36.600000E+0	28.367938E+0	18.752337E+0	449.442303E-3	462.257303E-3	451.951707E-3	463.802240E-3	457.876974E-3	163.827660E+0	12.940739E-3	NaN	NaN
36.700000E+0	28.366892E+0	18.793911E+0	450.946725E-3	463.496484E-3	453.456129E-3	465.041421E-3	459.248775E-3	164.190869E+0	12.613308E-3	NaN	NaN
36.800000E+0	28.375028E+0	18.844545E+0	452.207363E-3	464.916266E-3	454.716767E-3	466.461204E-3	460.588985E-3	164.633228E+0	12.749368E-3	NaN	NaN
36.900000E+0	28.378559E+0	18.895835E+0	453.175939E-3	466.226973E-3	455.685343E-3	467.771910E-3	461.728626E-3	165.081316E+0	13.088389E-3	NaN	NaN
37.000000E+0	28.382046E+0	18.939823E+0	454.900897E-3	467.494168E-3	457.410301E-3	469.039105E-3	463.224703E-3	165.465614E+0	12.552012E-3	NaN	NaN
37.100000E+0	28.384415E+0	18.986315E+0	455.759204E-3	468.741693E-3	458.268608E-3	470.286630E-3	464.277619E-3	165.871782E+0	12.942711E-3	NaN	NaN
37.200000E+0	28.389261E+0	19.031733E+0	457.307137E-3	469.859280E-3	459.816541E-3	471.404217E-3	465.610379E-3	166.268578E+0	12.443533E-3	NaN	NaN
37.300000E+0	28.390379E+0	19.072860E+0	458.167828E-3	470.965542E-3	460.677232E-3	472.510480E-3	466.593856E-3	166.627881E+0	12.680458E-3	NaN	NaN
37.400000E+0	28.394483E+0	19.128323E+0	458.951033E-3	471.879282E-3	461.460437E-3	473.424219E-3	467.442328E-3	167.112420E+0	12.797067E-3	NaN	NaN
37.500000E+0	28.397299E+0	19.187301E+0	460.371412E-3	473.487415E-3	462.880816E-3	475.032352E-3	468.956584E-3	167.627681E+0	12.955929E-3	NaN	NaN
37.600000E+0	28.401868E+0	19.236624E+0	462.009944E-3	474.727192E-3	464.519348E-3	476.272129E-3	470.395738E-3	168.058585E+0	12.492440E-3	NaN	NaN
37.700000E+0	28.404022E+0	19.285262E+0	462.812222E-3	475.735106E-3	465.321626E-3	477.280044E-3	471.300835E-3	168.483500E+0	12.686607E-3	NaN	NaN
37.800000E+0	28.409664E+0	19.319415E+0	464.156307E-3	476.959386E-3	466.665711E-3	478.504323E-3	472.585017E-3	168.781878E+0	12.525378E-3	NaN	NaN
37.900000E+0	28.410710E+0	19.370794E+0	464.724339E-3	478.170552E-3	467.233744E-3	479.715490E-3	473.474617E-3	169.230746E+0	13.181009E-3	NaN	NaN
38.000000E+0	28.413151E+0	19.418091E+0	466.192998E-3	479.206481E-3	468.702402E-3	480.751419E-3	474.726910E-3	169.643945E+0	12.690471E-3	NaN	NaN
38.100000E+0	28.416495E+0	19.459337E+0	467.776694E-3	480.702558E-3	470.286098E-3	482.247495E-3	476.266796E-3	170.004290E+0	12.557455E-3	NaN	NaN
38.200000E+0	28.420035E+0	19.530118E+0	468.432345E-3	481.969157E-3	470.941749E-3	483.514094E-3	477.227921E-3	170.622655E+0	13.172265E-3	NaN	NaN
38.300000E+0	28.426240E+0	19.541651E+0	469.530858E-3	483.108202E-3	472.040262E-3	484.653139E-3	478.346701E-3	170.723417E+0	13.183823E-3	NaN	NaN
38.400000E+0	28.425552E+0	19.591510E+0	471.172967E-3	484.293738E-3	473.682371E-3	485.838675E-3	479.760523E-3	171.159007E+0	12.669138E-3	NaN	NaN
38.500000E+0	28.428100E+0	19.674927E+0	472.033658E-3	485.570470E-3	474.543062E-3	487.115407E-3	480.829234E-3	171.887767E+0	13.073607E-3	NaN	NaN
38.600000E+0	28.434716E+0	19.697905E+0	473.341980E-3	486.903826E-3	475.851384E-3	488.448763E-3	482.150073E-3	172.088508E+0	13.063753E-3	NaN	NaN
38.700000E+0	28.436978E+0	19.749224E+0	474.617519E-3	488.027373E-3	477.126923E-3	489.572311E-3	483.349617E-3	172.536856E+0	12.874105E-3	NaN	NaN
38.800000E+0	28.439025E+0	19.807607E+0	475.932398E-3	489.208737E-3	478.441802E-3	490.753675E-3	484.597738E-3	173.046910E+0	12.703189E-3	NaN	NaN
38.900000E+0	28.446741E+0	19.869149E+0	477.586427E-3	490.552822E-3	480.095831E-3	492.097760E-3	486.096795E-3	173.584563E+0	12.345205E-3	NaN	NaN
39.000000E+0	28.446160E+0	19.893080E+0	478.782692E-3	491.940418E-3	481.292096E-3	493.485356E-3	487.388726E-3	173.793636E+0	12.508763E-3	NaN	NaN
39.100000E+0	28.454224E+0	19.933879E+0	479.844847E-3	492.876808E-3	482.354251E-3	494.421745E-3	488.387998E-3	174.150075E+0	12.354413E-3	NaN	NaN
39.200000E+0	28.453196E+0	20.011038E+0	480.972567E-3	493.812004E-3	483.481971E-3	495.356942E-3	489.419456E-3	174.824159E+0	12.131691E-3	NaN	NaN
39.300000E+0	28.459410E+0	20.038605E+0	482.145586E-3	495.312850E-3	484.654991E-3	496.857787E-3	490.756389E-3	175.064996E+0	12.432641E-3	NaN	NaN
39.400000E+0	28.462271E+0	20.092756E+0	483.621398E-3	496.632497E-3	486.130802E-3	498.177434E-3	492.154118E-3	175.538079E+0	12.238679E-3	NaN	NaN
39.500000E+0	28.465311E+0	20.164520E+0	484.904090E-3	498.487989E-3	487.413494E-3	500.032927E-3	493.723210E-3	176.165037E+0	12.779866E-3	NaN	NaN
39.600000E+0	28.466831E+0	20.184070E+0	485.439339E-3	499.280731E-3	487.948743E-3	500.825668E-3	494.387206E-3	176.335836E+0	13.023117E-3	NaN	NaN
39.700000E+0	28.472124E+0	20.236492E+0	487.031380E-3	500.363748E-3	489.540784E-3	501.908685E-3	495.724734E-3	176.793817E+0	12.474565E-3	NaN	NaN
39.800000E+0	28.472598E+0	20.275027E+0	488.156715E-3	501.705448E-3	490.666119E-3	503.250386E-3	496.958253E-3	177.130469E+0	12.661291E-3	NaN	NaN
39.900000E+0	28.480215E+0	20.307779E+0	489.203969E-3	502.658527E-3	491.713373E-3	504.203464E-3	497.958419E-3	177.416610E+0	12.541299E-3	NaN	NaN
40.000000E+0	28.480206E+0	20.374388E+0	490.304867E-3	503.879826E-3	492.814271E-3	505.424763E-3	499.119517E-3	177.998524E+0	12.632738E-3	NaN	NaN
40.100000E+0	28.484828E+0	20.430624E+0	491.476098E-3	505.325239E-3	493.985502E-3	506.870176E-3	500.427839E-3	178.489832E+0	12.873658E-3	NaN	NaN
40.200000E+0	28.487788E+0	20.458132E+0	492.568652E-3	506.463687E-3	495.078056E-3	508.008625E-3	501.543340E-3	178.730149E+0	12.890779E-3	NaN	NaN
40.300000E+0	28.488369E+0	20.536631E+0	493.903796E-3	507.792275E-3	496.413200E-3	509.337212E-3	502.875206E-3	179.415949E+0	12.850119E-3	NaN	NaN
40.400000E+0	28.495316E+0	20.577520E+0	495.213310E-3	508.861582E-3	497.722714E-3	510.406520E-3	504.064617E-3	179.773170E+0	12.581528E-3	NaN	NaN
40.500000E+0	28.497783E+0	20.641655E+0	496.246854E-3	510.219376E-3	498.756259E-3	511.764314E-3	505.260286E-3	180.333474E+0	12.872628E-3	NaN	NaN
40.600000E+0	28.499089E+0	20.669043E+0	497.581403E-3	511.435311E-3	500.090807E-3	512.980249E-3	506.535528E-3	180.572749E+0	12.723137E-3	NaN	NaN
40.700000E+0	28.502290E+0	20.706773E+0	498.643557E-3	512.800854E-3	501.152961E-3	514.345791E-3	507.749376E-3	180.902371E+0	12.991478E-3	NaN	NaN
40.800000E+0	28.505151E+0	20.794928E+0	499.786775E-3	513.640683E-3	502.296179E-3	515.185621E-3	508.740900E-3	181.672529E+0	12.667983E-3	NaN	NaN
40.900000E+0	28.511695E+0	20.811856E+0	501.212518E-3	515.243452E-3	503.721922E-3	516.788390E-3	510.255156E-3	181.820417E+0	12.803857E-3	NaN	NaN
41.000000E+0	28.512947E+0	20.862997E+0	502.419512E-3	516.282361E-3	504.928916E-3	517.827299E-3	511.378107E-3	182.267202E+0	12.611395E-3	NaN	NaN
41.100000E+0	28.518115E+0	20.898998E+0	503.755848E-3	517.870825E-3	506.265252E-3	519.415763E-3	512.840507E-3	182.581723E+0	12.821248E-3	NaN	NaN
41.200000E+0	28.523533E+0	20.973623E+0	505.112450E-3	519.007486E-3	507.621854E-3	520.552423E-3	514.087139E-3	183.233676E+0	12.576243E-3	NaN	NaN
41.300000E+0	28.523971E+0	21.002918E+0	505.875986E-3	519.741219E-3	508.385390E-3	521.286157E-3	514.835773E-3	183.489614E+0	12.529012E-3	NaN	NaN
41.400000E+0	28.528396E+0	21.054894E+0	507.098477E-3	521.371406E-3	509.607881E-3	522.916344E-3	516.262112E-3	183.943690E+0	12.889250E-3	NaN	NaN
41.500000E+0	28.532759E+0	21.115035E+0	508.322756E-3	522.645754E-3	510.832161E-3	524.190691E-3	517.511426E-3	184.469106E+0	12.906508E-3	NaN	NaN
41.600000E+0	28.532929E+0	21.146923E+0	509.865921E-3	523.783010E-3	512.375325E-3	525.327948E-3	518.851636E-3	184.747696E+0	12.482010E-3	NaN	NaN
41.700000E+0	28.534950E+0	21.206439E+0	510.638397E-3	524.822516E-3	513.147801E-3	526.367453E-3	519.757627E-3	185.267644E+0	12.717131E-3	NaN	NaN
41.800000E+0	28.541915E+0	21.276802E+0	512.284677E-3	526.633901E-3	514.794082E-3	528.178838E-3	521.486460E-3	185.882365E+0	12.833273E-3	NaN	NaN
41.900000E+0	28.543685E+0	21.307588E+0	513.330739E-3	527.386111E-3	515.840143E-3	528.931049E-3	522.385596E-3	186.151321E+0	12.529926E-3	NaN	NaN
42.000000E+0	28.546948E+0	21.330655E+0	514.472764E-3	528.742117E-3	516.982168E-3	530.287055E-3	523.634611E-3	186.352844E+0	12.704361E-3	NaN	NaN
42.100000E+0	28.549157E+0	21.375299E+0	515.490812E-3	529.864473E-3	518.000216E-3	531.409410E-3	524.704813E-3	186.742870E+0	12.777846E-3	NaN	NaN
42.200000E+0	28.556086E+0	21.446824E+0	516.812843E-3	531.331939E-3	519.322247E-3	532.876877E-3	526.099562E-3	187.367745E+0	12.882191E-3	NaN	NaN
42.300000E+0	28.555835E+0	21.489203E+0	517.538231E-3	532.334489E-3	520.047635E-3	533.879427E-3	526.963531E-3	187.737983E+0	13.124050E-3	NaN	NaN
42.400000E+0	28.559519E+0	21.524429E+0	519.178551E-3	533.534331E-3	521.687955E-3	535.079268E-3	528.383612E-3	188.045734E+0	12.671961E-3	NaN	NaN
42.500000E+0	28.561575E+0	21.591753E+0	520.426673E-3	534.451051E-3	522.936077E-3	535.995988E-3	529.466032E-3	188.633898E+0	12.333096E-3	NaN	NaN
42.600000E+0	28.568227E+0	21.630079E+0	521.529359E-3	536.082430E-3	524.038763E-3	537.627367E-3	530.833065E-3	188.968727E+0	12.799320E-3	NaN	NaN
42.700000E+0	28.571088E+0	21.663517E+0	522.455019E-3	537.074847E-3	524.964423E-3	538.619785E-3	531.792104E-3	189.260856E+0	12.839004E-3	NaN	NaN
42.800000E+0	28.576006E+0	21.725804E+0	523.737115E-3	538.305683E-3	526.246519E-3	539.850621E-3	533.048570E-3	189.805018E+0	12.760659E-3	NaN	NaN
42.900000E+0	28.577365E+0	21.772236E+0	525.106830E-3	539.451881E-3	527.616234E-3	540.996818E-3	534.306526E-3	190.210666E+0	12.521449E-3	NaN	NaN
43.000000E+0	28.580145E+0	21.797568E+0	526.161236E-3	540.676756E-3	528.670640E-3	542.221694E-3	535.446167E-3	190.431976E+0	12.653983E-3	NaN	NaN
43.100000E+0	28.584115E+0	21.858126E+0	527.466578E-3	542.221113E-3	529.975982E-3	543.766050E-3	536.871016E-3	190.961037E+0	12.842999E-3	NaN	NaN
43.200000E+0	28.589086E+0	21.903455E+0	528.692645E-3	542.910739E-3	531.202049E-3	544.455676E-3	537.828863E-3	191.357051E+0	12.321416E-3	NaN	NaN
43.300000E+0	28.588353E+0	21.960437E+0	529.770894E-3	544.732853E-3	532.280298E-3	546.277790E-3	539.279044E-3	191.854869E+0	12.977968E-3	NaN	NaN
43.400000E+0	28.593690E+0	21.990597E+0	531.295580E-3	545.527383E-3	533.804985E-3	547.072320E-3	540.438652E-3	192.118357E+0	12.274599E-3	NaN	NaN
43.500000E+0	28.596426E+0	22.041142E+0	531.936330E-3	546.870871E-3	534.445735E-3	548.415809E-3	541.430772E-3	192.559936E+0	12.901072E-3	NaN	NaN
43.600000E+0	28.603588E+0	22.112161E+0	533.638043E-3	548.051640E-3	536.147447E-3	549.596577E-3	542.872012E-3	193.180385E+0	12.387017E-3	NaN	NaN
43.700000E+0	28.605108E+0	22.144437E+0	534.687085E-3	549.628779E-3	537.196489E-3	551.173716E-3	544.185103E-3	193.462360E+0	12.842346E-3	NaN	NaN
43.800000E+0	28.603659E+0	22.210717E+0	535.404129E-3	550.415560E-3	537.913533E-3	551.960497E-3	544.937015E-3	194.041410E+0	12.888613E-3	NaN	NaN
43.900000E+0	28.608970E+0	22.261977E+0	537.060542E-3	551.596924E-3	539.569946E-3	553.141861E-3	546.355904E-3	194.489238E+0	12.420398E-3	NaN	NaN
44.000000E+0	28.614424E+0	22.294998E+0	538.080378E-3	552.692458E-3	540.589782E-3	554.237395E-3	547.413588E-3	194.777722E+0	12.465541E-3	NaN	NaN
44.100000E+0	28.615443E+0	22.346288E+0	539.138956E-3	554.196283E-3	541.648360E-3	555.741220E-3	548.694790E-3	195.225809E+0	12.842167E-3	NaN	NaN
44.200000E+0	28.620924E+0	22.393316E+0	540.480061E-3	555.499837E-3	542.989465E-3	557.044774E-3	550.017119E-3	195.636664E+0	12.777156E-3	NaN	NaN
44.300000E+0	28.623928E+0	22.436231E+0	542.150779E-3	556.761667E-3	544.660183E-3	558.306604E-3	551.483394E-3	196.011589E+0	12.372468E-3	NaN	NaN
44.400000E+0	28.626673E+0	22.484541E+0	543.214126E-3	558.214828E-3	545.723530E-3	559.759766E-3	552.741648E-3	196.433640E+0	12.696922E-3	NaN	NaN
44.500000E+0	28.631366E+0	22.531360E+0	544.743581E-3	559.444472E-3	547.252986E-3	560.989410E-3	554.121198E-3	196.842673E+0	12.394783E-3	NaN	NaN
44.600000E+0	28.632511E+0	22.593647E+0	545.684739E-3	560.823724E-3	548.194143E-3	562.368661E-3	555.281402E-3	197.386835E+0	12.763365E-3	NaN	NaN
44.700000E+0	28.636472E+0	22.615820E+0	546.647354E-3	561.541364E-3	549.156758E-3	563.086301E-3	556.121530E-3	197.580547E+0	12.523830E-3	NaN	NaN
44.800000E+0	28.644411E+0	22.678465E+0	547.933026E-3	562.775180E-3	550.442430E-3	564.320117E-3	557.381274E-3	198.127833E+0	12.449007E-3	NaN	NaN
44.900000E+0	28.644617E+0	22.720307E+0	549.315258E-3	563.961313E-3	551.824662E-3	565.506250E-3	558.665456E-3	198.493385E+0	12.244884E-3	NaN	NaN
45.000000E+0	28.645439E+0	22.772163E+0	550.059720E-3	565.264270E-3	552.569124E-3	566.809208E-3	559.689166E-3	198.946419E+0	12.721421E-3	NaN	NaN
45.100000E+0	28.650607E+0	22.836477E+0	551.531955E-3	566.827700E-3	554.041359E-3	568.372638E-3	561.206998E-3	199.508286E+0	12.768264E-3	NaN	NaN
45.200000E+0	28.651259E+0	22.867799E+0	552.128002E-3	567.411230E-3	554.637406E-3	568.956167E-3	561.796786E-3	199.781929E+0	12.743720E-3	NaN	NaN
45.300000E+0	28.659136E+0	22.904783E+0	553.637787E-3	569.196985E-3	556.147191E-3	570.741922E-3	563.444557E-3	200.105042E+0	12.951346E-3	NaN	NaN
45.400000E+0	28.661774E+0	22.949010E+0	554.612323E-3	570.315168E-3	557.121727E-3	571.860106E-3	564.490917E-3	200.491423E+0	13.054575E-3	NaN	NaN
45.500000E+0	28.664814E+0	23.007900E+0	556.180522E-3	571.321891E-3	558.689926E-3	572.866828E-3	565.778377E-3	201.005903E+0	12.528671E-3	NaN	NaN
45.600000E+0	28.666727E+0	23.045808E+0	557.194993E-3	572.850154E-3	559.704397E-3	574.395091E-3	567.049744E-3	201.337087E+0	12.953621E-3	NaN	NaN
45.700000E+0	28.669534E+0	23.087591E+0	558.320925E-3	573.810385E-3	560.830329E-3	575.355322E-3	568.092825E-3	201.702118E+0	12.783997E-3	NaN	NaN
45.800000E+0	28.671984E+0	23.160815E+0	559.592292E-3	574.949430E-3	562.101696E-3	576.494367E-3	569.298031E-3	202.341834E+0	12.640718E-3	NaN	NaN
45.900000E+0	28.676007E+0	23.197353E+0	560.900614E-3	576.278017E-3	563.410018E-3	577.822955E-3	570.616486E-3	202.661041E+0	12.629268E-3	NaN	NaN
46.000000E+0	28.680773E+0	23.257315E+0	562.101648E-3	577.287124E-3	564.611052E-3	578.832061E-3	571.721557E-3	203.184895E+0	12.437007E-3	NaN	NaN
46.100000E+0	28.683321E+0	23.293048E+0	563.340828E-3	578.801082E-3	565.850232E-3	580.346020E-3	573.098126E-3	203.497072E+0	12.646863E-3	NaN	NaN
46.200000E+0	28.689356E+0	23.337960E+0	564.748094E-3	580.305504E-3	567.257498E-3	581.850441E-3	574.553969E-3	203.889441E+0	12.699367E-3	NaN	NaN
46.300000E+0	28.687040E+0	23.398131E+0	565.589116E-3	581.255602E-3	568.098520E-3	582.800539E-3	575.449529E-3	204.415118E+0	12.774378E-3	NaN	NaN
46.400000E+0	28.693021E+0	23.437858E+0	566.897438E-3	582.431005E-3	569.406842E-3	583.975943E-3	576.691392E-3	204.762184E+0	12.631627E-3	NaN	NaN
46.500000E+0	28.696464E+0	23.471862E+0	567.640708E-3	583.379911E-3	570.150112E-3	584.924849E-3	577.537480E-3	205.059260E+0	12.791150E-3	NaN	NaN
46.600000E+0	28.699968E+0	23.526311E+0	569.040821E-3	584.664392E-3	571.550225E-3	586.209329E-3	578.879777E-3	205.534946E+0	12.661614E-3	NaN	NaN
46.700000E+0	28.704761E+0	23.562670E+0	570.779488E-3	586.154508E-3	573.288893E-3	587.699445E-3	580.494169E-3	205.852591E+0	12.412315E-3	NaN	NaN
46.800000E+0	28.705154E+0	23.632258E+0	571.742104E-3	587.139773E-3	574.251508E-3	588.684710E-3	581.468109E-3	206.460542E+0	12.411001E-3	NaN	NaN
46.900000E+0	28.709267E+0	23.674786E+0	572.788165E-3	588.600683E-3	575.297569E-3	590.145620E-3	582.721595E-3	206.832082E+0	12.740261E-3	NaN	NaN
47.000000E+0	28.713835E+0	23.714125E+0	573.974298E-3	589.739727E-3	576.483702E-3	591.284665E-3	583.884183E-3	207.175763E+0	12.674571E-3	NaN	NaN
47.100000E+0	28.718029E+0	23.770988E+0	575.280236E-3	590.731549E-3	577.789640E-3	592.276486E-3	585.033063E-3	207.672539E+0	12.381220E-3	NaN	NaN
47.200000E+0	28.721650E+0	23.805946E+0	575.882242E-3	592.053580E-3	578.391647E-3	593.598517E-3	585.995082E-3	207.977947E+0	12.975255E-3	NaN	NaN
47.300000E+0	28.723062E+0	23.847699E+0	577.526139E-3	593.189645E-3	580.035543E-3	594.734582E-3	587.385062E-3	208.342718E+0	12.512268E-3	NaN	NaN
47.400000E+0	28.727810E+0	23.900092E+0	578.857707E-3	594.586182E-3	581.367111E-3	596.131119E-3	588.749115E-3	208.800439E+0	12.538455E-3	NaN	NaN
47.500000E+0	28.734068E+0	23.949653E+0	580.132054E-3	595.658469E-3	582.641458E-3	597.203407E-3	589.922432E-3	209.233425E+0	12.342257E-3	NaN	NaN
47.600000E+0	28.734328E+0	23.994088E+0	580.833005E-3	596.592474E-3	583.342409E-3	598.137411E-3	590.739910E-3	209.621629E+0	12.522434E-3	NaN	NaN
47.700000E+0	28.735686E+0	24.033189E+0	581.914829E-3	597.754765E-3	584.424233E-3	599.299702E-3	591.861968E-3	209.963227E+0	12.566671E-3	NaN	NaN
47.800000E+0	28.741882E+0	24.087995E+0	583.152222E-3	598.792482E-3	585.661626E-3	600.337419E-3	592.999522E-3	210.442037E+0	12.374203E-3	NaN	NaN
47.900000E+0	28.742258E+0	24.129689E+0	584.382462E-3	600.136566E-3	586.891866E-3	601.681504E-3	594.286685E-3	210.806288E+0	12.443185E-3	NaN	NaN
48.000000E+0	28.748043E+0	24.168432E+0	585.067319E-3	601.481247E-3	587.576723E-3	603.026185E-3	595.301454E-3	211.144762E+0	12.976167E-3	NaN	NaN
48.100000E+0	28.747739E+0	24.222046E+0	587.006854E-3	602.822352E-3	589.516258E-3	604.367289E-3	596.941774E-3	211.613157E+0	12.439263E-3	NaN	NaN
48.200000E+0	28.753881E+0	24.273366E+0	588.100600E-3	603.604961E-3	590.610004E-3	605.149898E-3	597.879951E-3	212.061505E+0	12.159544E-3	NaN	NaN
48.300000E+0	28.759022E+0	24.318576E+0	588.853406E-3	604.912687E-3	591.362810E-3	606.457624E-3	598.910217E-3	212.456478E+0	12.601901E-3	NaN	NaN
48.400000E+0	28.759969E+0	24.345875E+0	590.499091E-3	606.073786E-3	593.008495E-3	607.618723E-3	600.313609E-3	212.694972E+0	12.168830E-3	NaN	NaN
48.500000E+0	28.763108E+0	24.420261E+0	591.595816E-3	607.625891E-3	594.105220E-3	609.170828E-3	601.638024E-3	213.344843E+0	12.520492E-3	NaN	NaN
48.600000E+0	28.766067E+0	24.461120E+0	592.790293E-3	609.112431E-3	595.299698E-3	610.657368E-3	602.978533E-3	213.701802E+0	12.734840E-3	NaN	NaN
48.700000E+0	28.769813E+0	24.516523E+0	594.267297E-3	609.948088E-3	596.776701E-3	611.493025E-3	604.134863E-3	214.185820E+0	12.179668E-3	NaN	NaN
48.800000E+0	28.772665E+0	24.569035E+0	595.204878E-3	611.612250E-3	597.714282E-3	613.157187E-3	605.435734E-3	214.644583E+0	12.753546E-3	NaN	NaN
48.900000E+0	28.773997E+0	24.611026E+0	596.374917E-3	612.565328E-3	598.884321E-3	614.110265E-3	606.497293E-3	215.011436E+0	12.552360E-3	NaN	NaN
49.000000E+0	28.782116E+0	24.639904E+0	597.492504E-3	613.898088E-3	600.001908E-3	615.443025E-3	607.722467E-3	215.263730E+0	12.704086E-3	NaN	NaN
49.100000E+0	28.784467E+0	24.682671E+0	598.731685E-3	614.671160E-3	601.241089E-3	616.216098E-3	608.728593E-3	215.637353E+0	12.300234E-3	NaN	NaN
49.200000E+0	28.787703E+0	24.742931E+0	600.567508E-3	616.333534E-3	603.076912E-3	617.878471E-3	610.477692E-3	216.163810E+0	12.122932E-3	NaN	NaN
49.300000E+0	28.787417E+0	24.794579E+0	601.227332E-3	617.589404E-3	603.736736E-3	619.134341E-3	611.435538E-3	216.615022E+0	12.591356E-3	NaN	NaN
49.400000E+0	28.794177E+0	24.839193E+0	602.597642E-3	618.694474E-3	605.107047E-3	620.239412E-3	612.673229E-3	217.004788E+0	12.349458E-3	NaN	NaN
49.500000E+0	28.797270E+0	24.886578E+0	603.901792E-3	620.343139E-3	606.411196E-3	621.888076E-3	614.149636E-3	217.418768E+0	12.600252E-3	NaN	NaN
49.600000E+0	28.801731E+0	24.946332E+0	605.034281E-3	621.084621E-3	607.543685E-3	622.629558E-3	615.086621E-3	217.940799E+0	12.263210E-3	NaN	NaN
49.700000E+0	28.804843E+0	24.982393E+0	605.883647E-3	622.215917E-3	608.393051E-3	623.760854E-3	616.076953E-3	218.255840E+0	12.472308E-3	NaN	NaN
49.800000E+0	28.811718E+0	25.043100E+0	607.088257E-3	623.621991E-3	609.597661E-3	625.166928E-3	617.382294E-3	218.786202E+0	12.609097E-3	NaN	NaN
49.900000E+0	28.813444E+0	25.088370E+0	608.553935E-3	624.945214E-3	611.063339E-3	626.490151E-3	618.776745E-3	219.181696E+0	12.465572E-3	NaN	NaN
50.000000E+0	28.816010E+0	25.105774E+0	609.291841E-3	625.655701E-3	611.801245E-3	627.200639E-3	619.500942E-3	219.333749E+0	12.428870E-3	NaN	NaN
50.100000E+0	28.819103E+0	25.154442E+0	610.306908E-3	626.875808E-3	612.816312E-3	628.420746E-3	620.618529E-3	219.758925E+0	12.571679E-3	NaN	NaN
50.200000E+0	28.819166E+0	25.218427E+0	611.574699E-3	628.031542E-3	614.084103E-3	629.576480E-3	621.830291E-3	220.317927E+0	12.457078E-3	NaN	NaN
50.300000E+0	28.822867E+0	25.244832E+0	613.302041E-3	629.512718E-3	615.811446E-3	631.057655E-3	623.434550E-3	220.548610E+0	12.227595E-3	NaN	NaN
50.400000E+0	28.827418E+0	25.297821E+0	614.408304E-3	630.725077E-3	616.917708E-3	632.270014E-3	624.593861E-3	221.011539E+0	12.289831E-3	NaN	NaN
50.500000E+0	28.833623E+0	25.358498E+0	615.521719E-3	632.159761E-3	618.031123E-3	633.704698E-3	625.867910E-3	221.541641E+0	12.521472E-3	NaN	NaN
50.600000E+0	28.832461E+0	25.383174E+0	616.838385E-3	633.201650E-3	619.347789E-3	634.746587E-3	627.047188E-3	221.757223E+0	12.278819E-3	NaN	NaN
50.700000E+0	28.836064E+0	25.448918E+0	617.770006E-3	634.265593E-3	620.279410E-3	635.810530E-3	628.044970E-3	222.331587E+0	12.364656E-3	NaN	NaN
50.800000E+0	28.839515E+0	25.497317E+0	619.129588E-3	635.445765E-3	621.638992E-3	636.990702E-3	629.314847E-3	222.754419E+0	12.197162E-3	NaN	NaN
50.900000E+0	28.844656E+0	25.531620E+0	620.579173E-3	636.957339E-3	623.088577E-3	638.502276E-3	630.795427E-3	223.054099E+0	12.217669E-3	NaN	NaN
51.000000E+0	28.847722E+0	25.589168E+0	621.536424E-3	638.135127E-3	624.045828E-3	639.680064E-3	631.862946E-3	223.556863E+0	12.371541E-3	NaN	NaN
51.100000E+0	28.850914E+0	25.651902E+0	622.767260E-3	639.369539E-3	625.276664E-3	640.914476E-3	633.095570E-3	224.104931E+0	12.350278E-3	NaN	NaN
51.200000E+0	28.853346E+0	25.700539E+0	623.737624E-3	640.444211E-3	626.247028E-3	641.989148E-3	634.118088E-3	224.529846E+0	12.412610E-3	NaN	NaN
51.300000E+0	28.859497E+0	25.713056E+0	625.334432E-3	641.692928E-3	627.843836E-3	643.237866E-3	635.540851E-3	224.639199E+0	12.110968E-3	NaN	NaN
51.400000E+0	28.857369E+0	25.781482E+0	626.242211E-3	643.063835E-3	628.751615E-3	644.608772E-3	636.680194E-3	225.236996E+0	12.453000E-3	NaN	NaN
51.500000E+0	28.862850E+0	25.820822E+0	627.859285E-3	644.117049E-3	630.368689E-3	645.661987E-3	638.015338E-3	225.580677E+0	11.985055E-3	NaN	NaN
51.600000E+0	28.865792E+0	25.878191E+0	628.866008E-3	645.441465E-3	631.375412E-3	646.986402E-3	639.180907E-3	226.081879E+0	12.211715E-3	NaN	NaN
51.700000E+0	28.867714E+0	25.926471E+0	629.668286E-3	646.356396E-3	632.177690E-3	647.901333E-3	640.039512E-3	226.503670E+0	12.283338E-3	NaN	NaN
51.800000E+0	28.873588E+0	25.971413E+0	630.848458E-3	647.810153E-3	633.357862E-3	649.355091E-3	641.356477E-3	226.896300E+0	12.471402E-3	NaN	NaN
51.900000E+0	28.879417E+0	26.002854E+0	632.110289E-3	649.110727E-3	634.619693E-3	650.655664E-3	642.637678E-3	227.170984E+0	12.476682E-3	NaN	NaN
52.000000E+0	28.882135E+0	26.058882E+0	633.163503E-3	650.039963E-3	635.672907E-3	651.584901E-3	643.628904E-3	227.660470E+0	12.361155E-3	NaN	NaN
52.100000E+0	28.884469E+0	26.109606E+0	634.658387E-3	651.267819E-3	637.167791E-3	652.812756E-3	644.990274E-3	228.103610E+0	12.128063E-3	NaN	NaN
52.200000E+0	28.885711E+0	26.158094E+0	635.731867E-3	652.620845E-3	638.241271E-3	654.165782E-3	646.203527E-3	228.527224E+0	12.321591E-3	NaN	NaN
52.300000E+0	28.889002E+0	26.193202E+0	636.634282E-3	653.570943E-3	639.143686E-3	655.115880E-3	647.129783E-3	228.833933E+0	12.340797E-3	NaN	NaN
52.400000E+0	28.891630E+0	26.247531E+0	637.717894E-3	654.851251E-3	640.227298E-3	656.396188E-3	648.311743E-3	229.308578E+0	12.469996E-3	NaN	NaN
52.500000E+0	28.899882E+0	26.291907E+0	638.863495E-3	656.145268E-3	641.372900E-3	657.690205E-3	649.531552E-3	229.696261E+0	12.560826E-3	NaN	NaN
52.600000E+0	28.900589E+0	26.308388E+0	639.989427E-3	657.125764E-3	642.498831E-3	658.670701E-3	650.584766E-3	229.840242E+0	12.428719E-3	NaN	NaN
52.700000E+0	28.904129E+0	26.370406E+0	641.459278E-3	658.311300E-3	643.968682E-3	659.856238E-3	651.912460E-3	230.382061E+0	12.185345E-3	NaN	NaN
52.800000E+0	28.907151E+0	26.419669E+0	642.402223E-3	659.459882E-3	644.911628E-3	661.004819E-3	652.958224E-3	230.812444E+0	12.323294E-3	NaN	NaN
52.900000E+0	28.911237E+0	26.460201E+0	643.688492E-3	660.768204E-3	646.197896E-3	662.313142E-3	654.255519E-3	231.166540E+0	12.315712E-3	NaN	NaN
53.000000E+0	28.912730E+0	26.497394E+0	644.628457E-3	661.979371E-3	647.137861E-3	663.524308E-3	655.331085E-3	231.491475E+0	12.502418E-3	NaN	NaN
53.100000E+0	28.912954E+0	26.555121E+0	646.029166E-3	663.119012E-3	648.538570E-3	664.663949E-3	656.601260E-3	231.995801E+0	12.279430E-3	NaN	NaN
53.200000E+0	28.918247E+0	26.610166E+0	647.121124E-3	664.397531E-3	649.630528E-3	665.942469E-3	657.786498E-3	232.476694E+0	12.399115E-3	NaN	NaN
53.300000E+0	28.924738E+0	26.671201E+0	648.896746E-3	665.798837E-3	651.406150E-3	667.343774E-3	659.374962E-3	233.009921E+0	12.085403E-3	NaN	NaN
53.400000E+0	28.924326E+0	26.710659E+0	649.548821E-3	666.872912E-3	652.058225E-3	668.417850E-3	660.238037E-3	233.354644E+0	12.389187E-3	NaN	NaN
53.500000E+0	28.932364E+0	26.765943E+0	650.934629E-3	668.107921E-3	653.444033E-3	669.652858E-3	661.548446E-3	233.837620E+0	12.250671E-3	NaN	NaN
53.600000E+0	28.934519E+0	26.803970E+0	652.024798E-3	669.323259E-3	654.534202E-3	670.868197E-3	662.701200E-3	234.169845E+0	12.323800E-3	NaN	NaN
53.700000E+0	28.933884E+0	26.833892E+0	653.048806E-3	670.454556E-3	655.558210E-3	671.999493E-3	663.778852E-3	234.431251E+0	12.384609E-3	NaN	NaN
53.800000E+0	28.942226E+0	26.886463E+0	654.621177E-3	671.886259E-3	657.130581E-3	673.431197E-3	665.280889E-3	234.890535E+0	12.250928E-3	NaN	NaN
53.900000E+0	28.945140E+0	26.954174E+0	655.738764E-3	672.841722E-3	658.248168E-3	674.386659E-3	666.317414E-3	235.482083E+0	12.110213E-3	NaN	NaN
54.000000E+0	28.947965E+0	26.976049E+0	657.073312E-3	674.384290E-3	659.582716E-3	675.929228E-3	667.755972E-3	235.673191E+0	12.239884E-3	NaN	NaN
54.100000E+0	28.948457E+0	27.018338E+0	658.032351E-3	675.560886E-3	660.541755E-3	677.105823E-3	668.823789E-3	236.042648E+0	12.382984E-3	NaN	NaN
54.200000E+0	28.954376E+0	27.080476E+0	659.119540E-3	676.623041E-3	661.628944E-3	678.167978E-3	669.898461E-3	236.585508E+0	12.344434E-3	NaN	NaN
54.300000E+0	28.955064E+0	27.123272E+0	660.864168E-3	678.011233E-3	663.373572E-3	679.556171E-3	671.464871E-3	236.959392E+0	12.050220E-3	NaN	NaN
54.400000E+0	28.959821E+0	27.164519E+0	661.677175E-3	679.302270E-3	664.186579E-3	680.847207E-3	672.516893E-3	237.319736E+0	12.386773E-3	NaN	NaN
54.500000E+0	28.961958E+0	27.226359E+0	662.956291E-3	680.342371E-3	665.465695E-3	681.887308E-3	673.676502E-3	237.859993E+0	12.188056E-3	NaN	NaN
54.600000E+0	28.966643E+0	27.277917E+0	664.241963E-3	681.871230E-3	666.751367E-3	683.416168E-3	675.083767E-3	238.310424E+0	12.342765E-3	NaN	NaN
54.700000E+0	28.969691E+0	27.318418E+0	665.141993E-3	682.924444E-3	667.651397E-3	684.469382E-3	676.060390E-3	238.664259E+0	12.438226E-3	NaN	NaN
54.800000E+0	28.976281E+0	27.372867E+0	666.506940E-3	684.029515E-3	669.016344E-3	685.574452E-3	677.295398E-3	239.139945E+0	12.223698E-3	NaN	NaN
54.900000E+0	28.977845E+0	27.408183E+0	667.766386E-3	685.318763E-3	670.275790E-3	686.863701E-3	678.569745E-3	239.448477E+0	12.222701E-3	NaN	NaN
55.000000E+0	28.980572E+0	27.467340E+0	668.793970E-3	686.318333E-3	671.303374E-3	687.863271E-3	679.583322E-3	239.965301E+0	12.183860E-3	NaN	NaN
55.100000E+0	28.982235E+0	27.502239E+0	670.028979E-3	687.405522E-3	672.538383E-3	688.950459E-3	680.744421E-3	240.270188E+0	12.054507E-3	NaN	NaN
55.200000E+0	28.988520E+0	27.559817E+0	670.996362E-3	688.821728E-3	673.505766E-3	690.366666E-3	681.936216E-3	240.773212E+0	12.362520E-3	NaN	NaN
55.300000E+0	28.990344E+0	27.582556E+0	672.211105E-3	689.969714E-3	674.720509E-3	691.514651E-3	683.117580E-3	240.971871E+0	12.292278E-3	NaN	NaN
55.400000E+0	28.994180E+0	27.631521E+0	673.421675E-3	691.159423E-3	675.931079E-3	692.704360E-3	684.317720E-3	241.399650E+0	12.255478E-3	NaN	NaN
55.500000E+0	28.999437E+0	27.688295E+0	674.654299E-3	692.496355E-3	677.163703E-3	694.041293E-3	685.602498E-3	241.895644E+0	12.308582E-3	NaN	NaN
55.600000E+0	28.997256E+0	27.738690E+0	675.572211E-3	693.658646E-3	678.081615E-3	695.203583E-3	686.642599E-3	242.335921E+0	12.467890E-3	NaN	NaN
55.700000E+0	29.001082E+0	27.769178E+0	676.685626E-3	694.721397E-3	679.195030E-3	696.266334E-3	687.730682E-3	242.602274E+0	12.411330E-3	NaN	NaN
55.800000E+0	29.005660E+0	27.828068E+0	678.281242E-3	696.482118E-3	680.790646E-3	698.027055E-3	689.408851E-3	243.116754E+0	12.500861E-3	NaN	NaN
55.900000E+0	29.010980E+0	27.877688E+0	679.786260E-3	697.573479E-3	682.295664E-3	699.118417E-3	690.707040E-3	243.550261E+0	12.177922E-3	NaN	NaN
56.000000E+0	29.014699E+0	27.941644E+0	680.463965E-3	698.775705E-3	682.973369E-3	700.320642E-3	691.647005E-3	244.109004E+0	12.540554E-3	NaN	NaN
56.100000E+0	29.017998E+0	27.959853E+0	681.516583E-3	699.693021E-3	684.025987E-3	701.237958E-3	692.631972E-3	244.268087E+0	12.425048E-3	NaN	NaN
56.200000E+0	29.020591E+0	28.018445E+0	682.767684E-3	700.866636E-3	685.277088E-3	702.411573E-3	693.844331E-3	244.779963E+0	12.347500E-3	NaN	NaN
56.300000E+0	29.023765E+0	28.041095E+0	684.071834E-3	702.205953E-3	686.581238E-3	703.750890E-3	695.166064E-3	244.977841E+0	12.349317E-3	NaN	NaN
56.400000E+0	29.026661E+0	28.107047E+0	685.526783E-3	703.802761E-3	688.036188E-3	705.347699E-3	696.691943E-3	245.554027E+0	12.424079E-3	NaN	NaN
56.500000E+0	29.031802E+0	28.127939E+0	686.568673E-3	704.723057E-3	689.078077E-3	706.267994E-3	697.673036E-3	245.736543E+0	12.319465E-3	NaN	NaN
56.600000E+0	29.033725E+0	28.210491E+0	687.819774E-3	705.807862E-3	690.329178E-3	707.352799E-3	698.840989E-3	246.457753E+0	12.179896E-3	NaN	NaN
56.700000E+0	29.038445E+0	28.241664E+0	689.125116E-3	707.077441E-3	691.634520E-3	708.622378E-3	700.128449E-3	246.730094E+0	12.131958E-3	NaN	NaN
56.800000E+0	29.037694E+0	28.291047E+0	690.084155E-3	708.056149E-3	692.593559E-3	709.601086E-3	701.097323E-3	247.161518E+0	12.129220E-3	NaN	NaN
56.900000E+0	29.044999E+0	28.342158E+0	691.297706E-3	709.683356E-3	693.807110E-3	711.228293E-3	702.517701E-3	247.608044E+0	12.399106E-3	NaN	NaN
57.000000E+0	29.045428E+0	28.380483E+0	692.699011E-3	710.738954E-3	695.208415E-3	712.283892E-3	703.746153E-3	247.942873E+0	12.131844E-3	NaN	NaN
57.100000E+0	29.052482E+0	28.436363E+0	693.883355E-3	712.376890E-3	696.392759E-3	713.921827E-3	705.157293E-3	248.431056E+0	12.429190E-3	NaN	NaN
57.200000E+0	29.057543E+0	28.479487E+0	695.258435E-3	713.175592E-3	697.767839E-3	714.720530E-3	706.244184E-3	248.807804E+0	12.002004E-3	NaN	NaN
57.300000E+0	29.058768E+0	28.514475E+0	696.091708E-3	714.260397E-3	698.601112E-3	715.805334E-3	707.203223E-3	249.113472E+0	12.163563E-3	NaN	NaN
57.400000E+0	29.061736E+0	28.561562E+0	696.968492E-3	715.361295E-3	699.477896E-3	716.906232E-3	708.192064E-3	249.524848E+0	12.304809E-3	NaN	NaN
57.500000E+0	29.065482E+0	28.604150E+0	698.375758E-3	716.474114E-3	700.885162E-3	718.019051E-3	709.452106E-3	249.896909E+0	12.075437E-3	NaN	NaN
57.600000E+0	29.067994E+0	28.635532E+0	698.877629E-3	717.501102E-3	701.387033E-3	719.046039E-3	710.216536E-3	250.171073E+0	12.432128E-3	NaN	NaN
57.700000E+0	29.074217E+0	28.676182E+0	700.395759E-3	718.352852E-3	702.905163E-3	719.897790E-3	711.401476E-3	250.526210E+0	11.943064E-3	NaN	NaN
57.800000E+0	29.072599E+0	28.741032E+0	701.271948E-3	719.509182E-3	703.781352E-3	721.054120E-3	712.417736E-3	251.092764E+0	12.122640E-3	NaN	NaN
57.900000E+0	29.077212E+0	28.785497E+0	702.570137E-3	720.838366E-3	705.079541E-3	722.383303E-3	713.731422E-3	251.481228E+0	12.122040E-3	NaN	NaN
58.000000E+0	29.080520E+0	28.807580E+0	703.829583E-3	722.158013E-3	706.338987E-3	723.702950E-3	715.020969E-3	251.674158E+0	12.142275E-3	NaN	NaN
58.100000E+0	29.083292E+0	28.879017E+0	704.718289E-3	723.375140E-3	707.227693E-3	724.920077E-3	716.073885E-3	252.298252E+0	12.353742E-3	NaN	NaN
58.200000E+0	29.084302E+0	28.931051E+0	706.164893E-3	724.813996E-3	708.674297E-3	726.358934E-3	717.516615E-3	252.752848E+0	12.323503E-3	NaN	NaN
58.300000E+0	29.090865E+0	28.974593E+0	707.650241E-3	725.937544E-3	710.159645E-3	727.482481E-3	718.821063E-3	253.133241E+0	12.049477E-3	NaN	NaN
58.400000E+0	29.095478E+0	29.028088E+0	708.624777E-3	727.203547E-3	711.134181E-3	728.748484E-3	719.941333E-3	253.600596E+0	12.233151E-3	NaN	NaN
58.500000E+0	29.096283E+0	29.089898E+0	710.028467E-3	728.396832E-3	712.537871E-3	729.941769E-3	721.239820E-3	254.140592E+0	12.065264E-3	NaN	NaN
58.600000E+0	29.100172E+0	29.099017E+0	711.285529E-3	729.668795E-3	713.794933E-3	731.213732E-3	722.504333E-3	254.220263E+0	12.054460E-3	NaN	NaN
58.700000E+0	29.104767E+0	29.148519E+0	712.157545E-3	730.963408E-3	714.666949E-3	732.508345E-3	723.587647E-3	254.652729E+0	12.328428E-3	NaN	NaN
58.800000E+0	29.106618E+0	29.193521E+0	713.777599E-3	732.292592E-3	716.287003E-3	733.837529E-3	725.062266E-3	255.045880E+0	12.102771E-3	NaN	NaN
58.900000E+0	29.112403E+0	29.241890E+0	714.742598E-3	733.301698E-3	717.252003E-3	734.846636E-3	726.049319E-3	255.468451E+0	12.116693E-3	NaN	NaN
59.000000E+0	29.113395E+0	29.276729E+0	715.736208E-3	734.340011E-3	718.245612E-3	735.884949E-3	727.065280E-3	255.772818E+0	12.130504E-3	NaN	NaN
59.100000E+0	29.115782E+0	29.342055E+0	717.416463E-3	735.963046E-3	719.925867E-3	737.507983E-3	728.716925E-3	256.343537E+0	12.063749E-3	NaN	NaN
59.200000E+0	29.120235E+0	29.404223E+0	718.370137E-3	736.972749E-3	720.879542E-3	738.517686E-3	729.698614E-3	256.886657E+0	12.085911E-3	NaN	NaN
59.300000E+0	29.124276E+0	29.431909E+0	719.225464E-3	738.391935E-3	721.734868E-3	739.936873E-3	730.835870E-3	257.128536E+0	12.452867E-3	NaN	NaN
59.400000E+0	29.128568E+0	29.489815E+0	720.514117E-3	739.217460E-3	723.023521E-3	740.762397E-3	731.892959E-3	257.634424E+0	12.118491E-3	NaN	NaN
59.500000E+0	29.126493E+0	29.544473E+0	721.972046E-3	740.628302E-3	724.481451E-3	742.173239E-3	733.327345E-3	258.111933E+0	12.062682E-3	NaN	NaN
59.600000E+0	29.133655E+0	29.590964E+0	723.134337E-3	742.137491E-3	725.643741E-3	743.682429E-3	734.663085E-3	258.518102E+0	12.276844E-3	NaN	NaN
59.700000E+0	29.137428E+0	29.620618E+0	724.274574E-3	743.028581E-3	726.783978E-3	744.573518E-3	735.678748E-3	258.777165E+0	12.090563E-3	NaN	NaN
59.800000E+0	29.140396E+0	29.679358E+0	724.887906E-3	744.273722E-3	727.397310E-3	745.818660E-3	736.607985E-3	259.290343E+0	12.504174E-3	NaN	NaN
59.900000E+0	29.143463E+0	29.715240E+0	726.462661E-3	745.164812E-3	728.972065E-3	746.709749E-3	737.840907E-3	259.603822E+0	12.019992E-3	NaN	NaN
60.000000E+0	29.144428E+0	29.764771E+0	727.469383E-3	746.791423E-3	729.978787E-3	748.336360E-3	739.157574E-3	260.036548E+0	12.417902E-3	NaN	NaN
60.100000E+0	29.148693E+0	29.815525E+0	728.911220E-3	747.912586E-3	731.420624E-3	749.457523E-3	740.439074E-3	260.479949E+0	12.179867E-3	NaN	NaN
60.200000E+0	29.153378E+0	29.864043E+0	729.592501E-3	748.995602E-3	732.101905E-3	750.540540E-3	741.321222E-3	260.903823E+0	12.436333E-3	NaN	NaN
60.300000E+0	29.157553E+0	29.891163E+0	731.245934E-3	750.369490E-3	733.755338E-3	751.914427E-3	742.834882E-3	261.140755E+0	12.222830E-3	NaN	NaN
60.400000E+0	29.159780E+0	29.927790E+0	731.899797E-3	751.252234E-3	734.409201E-3	752.797172E-3	743.603186E-3	261.460743E+0	12.364102E-3	NaN	NaN
60.500000E+0	29.161979E+0	29.985070E+0	733.019172E-3	752.373994E-3	735.528576E-3	753.918931E-3	744.723754E-3	261.961164E+0	12.347099E-3	NaN	NaN
60.600000E+0	29.166718E+0	30.017555E+0	734.260737E-3	753.430188E-3	736.770141E-3	754.975126E-3	745.872633E-3	262.244961E+0	12.203816E-3	NaN	NaN
60.700000E+0	29.170777E+0	30.064583E+0	735.799133E-3	754.944146E-3	738.308537E-3	756.489084E-3	747.398810E-3	262.655816E+0	12.162547E-3	NaN	NaN
60.800000E+0	29.175310E+0	30.114919E+0	736.721217E-3	756.142796E-3	739.230621E-3	757.687733E-3	748.459177E-3	263.095572E+0	12.330073E-3	NaN	NaN
60.900000E+0	29.176186E+0	30.165464E+0	738.255441E-3	757.296742E-3	740.764845E-3	758.841679E-3	749.803262E-3	263.537150E+0	12.054385E-3	NaN	NaN
61.000000E+0	29.180209E+0	30.213177E+0	739.353358E-3	758.323730E-3	741.862762E-3	759.868667E-3	750.865715E-3	263.953994E+0	11.990097E-3	NaN	NaN
61.100000E+0	29.181944E+0	30.261070E+0	739.969670E-3	759.852589E-3	742.479074E-3	761.397527E-3	751.938301E-3	264.372400E+0	12.579790E-3	NaN	NaN
61.200000E+0	29.184912E+0	30.317247E+0	741.463363E-3	760.778250E-3	743.972767E-3	762.323187E-3	753.147977E-3	264.863187E+0	12.182480E-3	NaN	NaN
61.300000E+0	29.189320E+0	30.364573E+0	743.176997E-3	762.278499E-3	745.686401E-3	763.823436E-3	754.754918E-3	265.276646E+0	12.015182E-3	NaN	NaN
61.400000E+0	29.194434E+0	30.394197E+0	744.243324E-3	763.472976E-3	746.752728E-3	765.017913E-3	755.885320E-3	265.535449E+0	12.081982E-3	NaN	NaN
61.500000E+0	29.198573E+0	30.442864E+0	745.435417E-3	764.670433E-3	747.944821E-3	766.215371E-3	757.080096E-3	265.960624E+0	12.066458E-3	NaN	NaN
61.600000E+0	29.200343E+0	30.489534E+0	746.537507E-3	765.482845E-3	749.046911E-3	767.027782E-3	758.037346E-3	266.368355E+0	11.860149E-3	NaN	NaN
61.700000E+0	29.204304E+0	30.529261E+0	747.798741E-3	767.039718E-3	750.308145E-3	768.584655E-3	759.446400E-3	266.715421E+0	12.032785E-3	NaN	NaN
61.800000E+0	29.206575E+0	30.582964E+0	749.078453E-3	767.794909E-3	751.587857E-3	769.339846E-3	760.463852E-3	267.184598E+0	11.671817E-3	NaN	NaN
61.900000E+0	29.210044E+0	30.642301E+0	750.016034E-3	769.090118E-3	752.525438E-3	770.635055E-3	761.580247E-3	267.702984E+0	11.889500E-3	NaN	NaN
62.000000E+0	29.211966E+0	30.668318E+0	751.156271E-3	770.367446E-3	753.665675E-3	771.912383E-3	762.789029E-3	267.930283E+0	11.960521E-3	NaN	NaN
62.100000E+0	29.215194E+0	30.720741E+0	752.391279E-3	771.402182E-3	754.900683E-3	772.947120E-3	763.923902E-3	268.388264E+0	11.811671E-3	NaN	NaN
62.200000E+0	29.220684E+0	30.774206E+0	753.751457E-3	773.024621E-3	756.260862E-3	774.569558E-3	765.415210E-3	268.855358E+0	11.959977E-3	NaN	NaN
62.300000E+0	29.221926E+0	30.806214E+0	754.628242E-3	774.282875E-3	757.137646E-3	775.827812E-3	766.482729E-3	269.134990E+0	12.192164E-3	NaN	NaN
62.400000E+0	29.229293E+0	30.859232E+0	755.610526E-3	775.071445E-3	758.119931E-3	776.616382E-3	767.368156E-3	269.598178E+0	12.051876E-3	NaN	NaN
62.500000E+0	29.230751E+0	30.896395E+0	756.805600E-3	776.429238E-3	759.315004E-3	777.974176E-3	768.644590E-3	269.922853E+0	12.137711E-3	NaN	NaN
62.600000E+0	29.236857E+0	30.945271E+0	757.738412E-3	777.614179E-3	760.247817E-3	779.159116E-3	769.703466E-3	270.349851E+0	12.284796E-3	NaN	NaN
62.700000E+0	29.238708E+0	30.968279E+0	758.596719E-3	778.748455E-3	761.106123E-3	780.293393E-3	770.699758E-3	270.550852E+0	12.447953E-3	NaN	NaN
62.800000E+0	29.239209E+0	31.045824E+0	759.723247E-3	779.276553E-3	762.232651E-3	780.821490E-3	771.527071E-3	271.228321E+0	12.046783E-3	NaN	NaN
62.900000E+0	29.241372E+0	31.082958E+0	760.948123E-3	780.931774E-3	763.457527E-3	782.476711E-3	772.967119E-3	271.552735E+0	12.302712E-3	NaN	NaN
63.000000E+0	29.244966E+0	31.121880E+0	762.127699E-3	782.159033E-3	764.637103E-3	783.703971E-3	774.170537E-3	271.892771E+0	12.314385E-3	NaN	NaN
63.100000E+0	29.250662E+0	31.154335E+0	763.549866E-3	783.306423E-3	766.059270E-3	784.851360E-3	775.455315E-3	272.176309E+0	12.116811E-3	NaN	NaN
63.200000E+0	29.252378E+0	31.194836E+0	764.890374E-3	784.586731E-3	767.399778E-3	786.131668E-3	776.765723E-3	272.530144E+0	12.057619E-3	NaN	NaN
63.300000E+0	29.257886E+0	31.257361E+0	766.267838E-3	786.593023E-3	768.777242E-3	788.137961E-3	778.457601E-3	273.076389E+0	12.435307E-3	NaN	NaN
63.400000E+0	29.258807E+0	31.297684E+0	767.166080E-3	786.789719E-3	769.675484E-3	788.334656E-3	779.005070E-3	273.428662E+0	11.976284E-3	NaN	NaN
63.500000E+0	29.265485E+0	31.357586E+0	768.168630E-3	788.333479E-3	770.678034E-3	789.878416E-3	780.278225E-3	273.951995E+0	12.303549E-3	NaN	NaN
63.600000E+0	29.265718E+0	31.400084E+0	769.505562E-3	789.238278E-3	772.014966E-3	790.783215E-3	781.399091E-3	274.323275E+0	12.009387E-3	NaN	NaN
63.700000E+0	29.271225E+0	31.441182E+0	770.716133E-3	790.587131E-3	773.225537E-3	792.132068E-3	782.678803E-3	274.682318E+0	12.078091E-3	NaN	NaN
63.800000E+0	29.274292E+0	31.487942E+0	771.998229E-3	791.901413E-3	774.507633E-3	793.446351E-3	783.976992E-3	275.090830E+0	12.078618E-3	NaN	NaN
63.900000E+0	29.277475E+0	31.545907E+0	773.653450E-3	793.228809E-3	776.162854E-3	794.773746E-3	785.468300E-3	275.597239E+0	11.847004E-3	NaN	NaN
64.000000E+0	29.283537E+0	31.584114E+0	774.588051E-3	794.323150E-3	777.097455E-3	795.868088E-3	786.482771E-3	275.931027E+0	11.933277E-3	NaN	NaN
64.100000E+0	29.282482E+0	31.629980E+0	776.044788E-3	795.680944E-3	778.554193E-3	797.225882E-3	787.890037E-3	276.331728E+0	11.849172E-3	NaN	NaN
64.200000E+0	29.285021E+0	31.691551E+0	776.928129E-3	796.937410E-3	779.437533E-3	798.482348E-3	788.959941E-3	276.869641E+0	12.069570E-3	NaN	NaN
64.300000E+0	29.291422E+0	31.740904E+0	777.941408E-3	797.982280E-3	780.450812E-3	799.527217E-3	789.989015E-3	277.300805E+0	12.073842E-3	NaN	NaN
64.400000E+0	29.293944E+0	31.777263E+0	778.959456E-3	799.377625E-3	781.468860E-3	800.922562E-3	791.195711E-3	277.618450E+0	12.293862E-3	NaN	NaN
64.500000E+0	29.298253E+0	31.824559E+0	780.466857E-3	800.744359E-3	782.976261E-3	802.289297E-3	792.632779E-3	278.031648E+0	12.182839E-3	NaN	NaN
64.600000E+0	29.300229E+0	31.867266E+0	781.714979E-3	802.099173E-3	784.224383E-3	803.644110E-3	793.934247E-3	278.404751E+0	12.230060E-3	NaN	NaN
64.700000E+0	29.304976E+0	31.905234E+0	782.485071E-3	802.965824E-3	784.994475E-3	804.510762E-3	794.752618E-3	278.736455E+0	12.278215E-3	NaN	NaN
64.800000E+0	29.307310E+0	31.943530E+0	783.934656E-3	803.827112E-3	786.444060E-3	805.372049E-3	795.908055E-3	279.071024E+0	11.890814E-3	NaN	NaN
64.900000E+0	29.310958E+0	32.029539E+0	785.157743E-3	805.229609E-3	787.667147E-3	806.774546E-3	797.220847E-3	279.822436E+0	11.983755E-3	NaN	NaN
65.000000E+0	29.313756E+0	32.053471E+0	786.366526E-3	806.735819E-3	788.875930E-3	808.280756E-3	798.578343E-3	280.031509E+0	12.149607E-3	NaN	NaN
65.100000E+0	29.314579E+0	32.091022E+0	787.356559E-3	807.974403E-3	789.865963E-3	809.519341E-3	799.692652E-3	280.359568E+0	12.288082E-3	NaN	NaN
65.200000E+0	29.320918E+0	32.139212E+0	788.749520E-3	808.764761E-3	791.258924E-3	810.309698E-3	800.784311E-3	280.780578E+0	11.895072E-3	NaN	NaN
65.300000E+0	29.324825E+0	32.180965E+0	789.960090E-3	810.269182E-3	792.469494E-3	811.814120E-3	802.141807E-3	281.145349E+0	12.058108E-3	NaN	NaN
65.400000E+0	29.328490E+0	32.240570E+0	791.118804E-3	811.352795E-3	793.628208E-3	812.897732E-3	803.262970E-3	281.666078E+0	11.994530E-3	NaN	NaN
65.500000E+0	29.330913E+0	32.279134E+0	791.932408E-3	812.336271E-3	794.441812E-3	813.881209E-3	804.161510E-3	282.002990E+0	12.086749E-3	NaN	NaN
65.600000E+0	29.334150E+0	32.331973E+0	793.113176E-3	813.585585E-3	795.622580E-3	815.130522E-3	805.376551E-3	282.464616E+0	12.111069E-3	NaN	NaN
65.700000E+0	29.336922E+0	32.349914E+0	794.016782E-3	814.958280E-3	796.526186E-3	816.503217E-3	806.514702E-3	282.621356E+0	12.384790E-3	NaN	NaN
65.800000E+0	29.339944E+0	32.410741E+0	795.561139E-3	816.232627E-3	798.070543E-3	817.777565E-3	807.924054E-3	283.152760E+0	12.196086E-3	NaN	NaN
65.900000E+0	29.343556E+0	32.444626E+0	796.434347E-3	816.931194E-3	798.943751E-3	818.476131E-3	808.709941E-3	283.448794E+0	12.076258E-3	NaN	NaN
66.000000E+0	29.345397E+0	32.490522E+0	797.507231E-3	818.185276E-3	800.016635E-3	819.730213E-3	809.873424E-3	283.849756E+0	12.170777E-3	NaN	NaN
66.100000E+0	29.350315E+0	32.548219E+0	798.599784E-3	819.281405E-3	801.109188E-3	820.826343E-3	810.967765E-3	284.353822E+0	12.156559E-3	NaN	NaN
66.200000E+0	29.351933E+0	32.589078E+0	800.008242E-3	820.787615E-3	802.517646E-3	822.332552E-3	812.425099E-3	284.710781E+0	12.194913E-3	NaN	NaN
66.300000E+0	29.356743E+0	32.632142E+0	801.341002E-3	822.218126E-3	803.850406E-3	823.763064E-3	813.806735E-3	285.087008E+0	12.234267E-3	NaN	NaN
66.400000E+0	29.362599E+0	32.693624E+0	802.785818E-3	823.212928E-3	805.295223E-3	824.757865E-3	815.026544E-3	285.624141E+0	11.939883E-3	NaN	NaN
66.500000E+0	29.363905E+0	32.750309E+0	803.990428E-3	824.588603E-3	806.499832E-3	826.133541E-3	816.316687E-3	286.119354E+0	12.025791E-3	NaN	NaN
66.600000E+0	29.366792E+0	32.775521E+0	804.831450E-3	825.390286E-3	807.340854E-3	826.935223E-3	817.138039E-3	286.339622E+0	11.989632E-3	NaN	NaN
66.700000E+0	29.371817E+0	32.815516E+0	805.711215E-3	826.550788E-3	808.220619E-3	828.095726E-3	818.158172E-3	286.689032E+0	12.146250E-3	NaN	NaN
66.800000E+0	29.375742E+0	32.860667E+0	806.937282E-3	827.801890E-3	809.446686E-3	829.346827E-3	819.396757E-3	287.083484E+0	12.143166E-3	NaN	NaN
66.900000E+0	29.376886E+0	32.913744E+0	808.280175E-3	829.240746E-3	810.789579E-3	830.785683E-3	820.787631E-3	287.547194E+0	12.181046E-3	NaN	NaN
67.000000E+0	29.379730E+0	32.957345E+0	809.482997E-3	830.355353E-3	811.992401E-3	831.900290E-3	821.946346E-3	287.928107E+0	12.110212E-3	NaN	NaN
67.100000E+0	29.382269E+0	33.003151E+0	810.414618E-3	831.250019E-3	812.924022E-3	832.794956E-3	822.859489E-3	288.328287E+0	12.074318E-3	NaN	NaN
67.200000E+0	29.385961E+0	33.046544E+0	811.988180E-3	832.719869E-3	814.497584E-3	834.264807E-3	824.381196E-3	288.707378E+0	11.989127E-3	NaN	NaN
67.300000E+0	29.389618E+0	33.086032E+0	812.979406E-3	833.311148E-3	815.488810E-3	834.856085E-3	825.172447E-3	289.052361E+0	11.735290E-3	NaN	NaN
67.400000E+0	29.391406E+0	33.131331E+0	814.186400E-3	835.182734E-3	816.695804E-3	836.727671E-3	826.711737E-3	289.448116E+0	12.115388E-3	NaN	NaN
67.500000E+0	29.397432E+0	33.188522E+0	814.819997E-3	835.952826E-3	817.329401E-3	837.497763E-3	827.413582E-3	289.947755E+0	12.187594E-3	NaN	NaN
67.600000E+0	29.400499E+0	33.214778E+0	816.346472E-3	837.272473E-3	818.855876E-3	838.817410E-3	828.836643E-3	290.177136E+0	12.041899E-3	NaN	NaN
67.700000E+0	29.404245E+0	33.257037E+0	817.155903E-3	838.122435E-3	819.665307E-3	839.667372E-3	829.666340E-3	290.546333E+0	12.054282E-3	NaN	NaN
67.800000E+0	29.406507E+0	33.317149E+0	818.608469E-3	839.518376E-3	821.117873E-3	841.063313E-3	831.090593E-3	291.071489E+0	11.999559E-3	NaN	NaN
67.900000E+0	29.406596E+0	33.349842E+0	819.597906E-3	840.942331E-3	822.107310E-3	842.487268E-3	832.297289E-3	291.357109E+0	12.243196E-3	NaN	NaN
68.000000E+0	29.414509E+0	33.387631E+0	820.586151E-3	841.963955E-3	823.095555E-3	843.508892E-3	833.302224E-3	291.687251E+0	12.248459E-3	NaN	NaN
68.100000E+0	29.416905E+0	33.449382E+0	822.024411E-3	843.297907E-3	824.533815E-3	844.842844E-3	834.688330E-3	292.226727E+0	12.165636E-3	NaN	NaN
68.200000E+0	29.417370E+0	33.515871E+0	823.295182E-3	844.306417E-3	825.804586E-3	845.851355E-3	835.827971E-3	292.807600E+0	11.992162E-3	NaN	NaN
68.300000E+0	29.422001E+0	33.527613E+0	824.571914E-3	845.629641E-3	827.081318E-3	847.174578E-3	837.127948E-3	292.910184E+0	12.001308E-3	NaN	NaN
68.400000E+0	29.427455E+0	33.582121E+0	825.552410E-3	846.729942E-3	828.061814E-3	848.274880E-3	838.168347E-3	293.386391E+0	12.057879E-3	NaN	NaN
68.500000E+0	29.431246E+0	33.639520E+0	826.370782E-3	847.855278E-3	828.880186E-3	849.400216E-3	839.140201E-3	293.887853E+0	12.226818E-3	NaN	NaN
68.600000E+0	29.433633E+0	33.673704E+0	828.348464E-3	849.266716E-3	830.857869E-3	850.811654E-3	840.834761E-3	294.186491E+0	11.865462E-3	NaN	NaN
68.700000E+0	29.436333E+0	33.703029E+0	828.898019E-3	850.169131E-3	831.407423E-3	851.714068E-3	841.560746E-3	294.442690E+0	12.064872E-3	NaN	NaN
68.800000E+0	29.440276E+0	33.769101E+0	830.460853E-3	851.657459E-3	832.970257E-3	853.202396E-3	843.086327E-3	295.019918E+0	11.998854E-3	NaN	NaN
68.900000E+0	29.443897E+0	33.817023E+0	831.395454E-3	853.104064E-3	833.904858E-3	854.649001E-3	844.276930E-3	295.438584E+0	12.285153E-3	NaN	NaN
69.000000E+0	29.445015E+0	33.857971E+0	832.703776E-3	853.755542E-3	835.213180E-3	855.300480E-3	845.256830E-3	295.796325E+0	11.882364E-3	NaN	NaN
69.100000E+0	29.450424E+0	33.913374E+0	833.947725E-3	855.354735E-3	836.457129E-3	856.899673E-3	846.678401E-3	296.280343E+0	12.072201E-3	NaN	NaN
69.200000E+0	29.454563E+0	33.956975E+0	834.839411E-3	856.423447E-3	837.348815E-3	857.968384E-3	847.658599E-3	296.661257E+0	12.162661E-3	NaN	NaN
69.300000E+0	29.456494E+0	33.998460E+0	835.831232E-3	857.771704E-3	838.340636E-3	859.316641E-3	848.828639E-3	297.023684E+0	12.355854E-3	NaN	NaN
69.400000E+0	29.459364E+0	34.045666E+0	837.638445E-3	858.849952E-3	840.147849E-3	860.394889E-3	850.271369E-3	297.436102E+0	11.906222E-3	NaN	NaN
69.500000E+0	29.463182E+0	34.101516E+0	838.285156E-3	859.853694E-3	840.794560E-3	861.398631E-3	851.096596E-3	297.924025E+0	12.104426E-3	NaN	NaN
69.600000E+0	29.466910E+0	34.118682E+0	839.248963E-3	861.361096E-3	841.758367E-3	862.906033E-3	852.332200E-3	298.073995E+0	12.405765E-3	NaN	NaN
69.700000E+0	29.471828E+0	34.162939E+0	840.747424E-3	862.279007E-3	843.256828E-3	863.823945E-3	853.540386E-3	298.460636E+0	12.048122E-3	NaN	NaN
69.800000E+0	29.473598E+0	34.233361E+0	841.816731E-3	863.613555E-3	844.326135E-3	865.158493E-3	854.742314E-3	299.075878E+0	12.186338E-3	NaN	NaN
69.900000E+0	29.475529E+0	34.269065E+0	843.356915E-3	864.807437E-3	845.866319E-3	866.352374E-3	856.109347E-3	299.387795E+0	11.964625E-3	NaN	NaN
70.000000E+0	29.478971E+0	34.298182E+0	844.448872E-3	866.044829E-3	846.958276E-3	867.589766E-3	857.274021E-3	299.642171E+0	12.033194E-3	NaN	NaN
70.100000E+0	29.485355E+0	34.354389E+0	845.539041E-3	867.225597E-3	848.048446E-3	868.770535E-3	858.409490E-3	300.133219E+0	12.070049E-3	NaN	NaN
70.200000E+0	29.487250E+0	34.418106E+0	846.531459E-3	868.412326E-3	849.040863E-3	869.957263E-3	859.499063E-3	300.689878E+0	12.167785E-3	NaN	NaN
70.300000E+0	29.490094E+0	34.451574E+0	848.027536E-3	869.680713E-3	850.536940E-3	871.225650E-3	860.881295E-3	300.982268E+0	12.016006E-3	NaN	NaN
70.400000E+0	29.495100E+0	34.501106E+0	849.205919E-3	871.191691E-3	851.715324E-3	872.736628E-3	862.225976E-3	301.414994E+0	12.190136E-3	NaN	NaN
70.500000E+0	29.494376E+0	34.537971E+0	849.991509E-3	872.021983E-3	852.500913E-3	873.566921E-3	863.033917E-3	301.737065E+0	12.204623E-3	NaN	NaN
70.600000E+0	29.498462E+0	34.592658E+0	851.432153E-3	873.307656E-3	853.941557E-3	874.852593E-3	864.397075E-3	302.214834E+0	12.095735E-3	NaN	NaN
70.700000E+0	29.504962E+0	34.620762E+0	852.426359E-3	874.443720E-3	854.935763E-3	875.988658E-3	865.462210E-3	302.460358E+0	12.162804E-3	NaN	NaN
70.800000E+0	29.507161E+0	34.680337E+0	853.638121E-3	875.765751E-3	856.147525E-3	877.310689E-3	866.729107E-3	302.980826E+0	12.208638E-3	NaN	NaN
70.900000E+0	29.512991E+0	34.727424E+0	854.765841E-3	876.605581E-3	857.275245E-3	878.150518E-3	867.712882E-3	303.392202E+0	12.028906E-3	NaN	NaN
71.000000E+0	29.513062E+0	34.760803E+0	855.944225E-3	877.654623E-3	858.453629E-3	879.199560E-3	868.826595E-3	303.683811E+0	11.939051E-3	NaN	NaN
71.100000E+0	29.516352E+0	34.794748E+0	856.804916E-3	878.797840E-3	859.314320E-3	880.342777E-3	869.828549E-3	303.980366E+0	12.087702E-3	NaN	NaN
71.200000E+0	29.520018E+0	34.852415E+0	858.422586E-3	880.316566E-3	860.931991E-3	881.861504E-3	871.396747E-3	304.484172E+0	12.009176E-3	NaN	NaN
71.300000E+0	29.524435E+0	34.915239E+0	859.540770E-3	881.666016E-3	862.050174E-3	883.210953E-3	872.630563E-3	305.033020E+0	12.124707E-3	NaN	NaN
71.400000E+0	29.526035E+0	34.961879E+0	860.446164E-3	883.042287E-3	862.955568E-3	884.587224E-3	873.771396E-3	305.440491E+0	12.378327E-3	NaN	NaN
71.500000E+0	29.530425E+0	35.011619E+0	861.531565E-3	883.650850E-3	864.040969E-3	885.195788E-3	874.618378E-3	305.875039E+0	12.093742E-3	NaN	NaN
71.600000E+0	29.532911E+0	35.035491E+0	862.654517E-3	885.040831E-3	865.163921E-3	886.585768E-3	875.874844E-3	306.083591E+0	12.228829E-3	NaN	NaN
71.700000E+0	29.536442E+0	35.075426E+0	864.182184E-3	886.308622E-3	866.691588E-3	887.853559E-3	877.272573E-3	306.432480E+0	12.061229E-3	NaN	NaN
71.800000E+0	29.541386E+0	35.116374E+0	865.224669E-3	887.680125E-3	867.734073E-3	889.225062E-3	878.479568E-3	306.790221E+0	12.231923E-3	NaN	NaN
71.900000E+0	29.543675E+0	35.183340E+0	866.239140E-3	888.500285E-3	868.748544E-3	890.045222E-3	879.396883E-3	307.375260E+0	12.108684E-3	NaN	NaN
72.000000E+0	29.546617E+0	35.188794E+0	867.757867E-3	889.854502E-3	870.267271E-3	891.399440E-3	880.833355E-3	307.422907E+0	11.995554E-3	NaN	NaN
72.100000E+0	29.550515E+0	35.239369E+0	868.276427E-3	890.520286E-3	870.785831E-3	892.065224E-3	881.425527E-3	307.864746E+0	12.071010E-3	NaN	NaN
72.200000E+0	29.555021E+0	35.303056E+0	869.728396E-3	891.904306E-3	872.237800E-3	893.449244E-3	882.843522E-3	308.421145E+0	12.013139E-3	NaN	NaN
72.300000E+0	29.554824E+0	35.349369E+0	870.996783E-3	893.262100E-3	873.506187E-3	894.807038E-3	884.156612E-3	308.825751E+0	12.045858E-3	NaN	NaN
72.400000E+0	29.559742E+0	35.395294E+0	871.786545E-3	894.312334E-3	874.295949E-3	895.857271E-3	885.076610E-3	309.226973E+0	12.180484E-3	NaN	NaN
72.500000E+0	29.565026E+0	35.426438E+0	872.897576E-3	895.399523E-3	875.406980E-3	896.944460E-3	886.175720E-3	309.499054E+0	12.151924E-3	NaN	NaN
72.600000E+0	29.566107E+0	35.463274E+0	874.505709E-3	896.889639E-3	877.015113E-3	898.434577E-3	887.724845E-3	309.820865E+0	12.064247E-3	NaN	NaN
72.700000E+0	29.567645E+0	35.490960E+0	875.007580E-3	897.589398E-3	877.516984E-3	899.134335E-3	888.325660E-3	310.062744E+0	12.167470E-3	NaN	NaN
72.800000E+0	29.573627E+0	35.577595E+0	876.625250E-3	899.220777E-3	879.134654E-3	900.765714E-3	889.950184E-3	310.819624E+0	12.152961E-3	NaN	NaN
72.900000E+0	29.576309E+0	35.598189E+0	877.391170E-3	900.285912E-3	879.900574E-3	901.830849E-3	890.865712E-3	310.999536E+0	12.308407E-3	NaN	NaN
73.000000E+0	29.580412E+0	35.663664E+0	878.703068E-3	901.337338E-3	881.212473E-3	902.882275E-3	892.047374E-3	311.571557E+0	12.146105E-3	NaN	NaN
73.100000E+0	29.583095E+0	35.699934E+0	879.905294E-3	902.495456E-3	882.414698E-3	904.040394E-3	893.227546E-3	311.888420E+0	12.105368E-3	NaN	NaN
73.200000E+0	29.585348E+0	35.751134E+0	880.699228E-3	903.884245E-3	883.208632E-3	905.429182E-3	894.318907E-3	312.335727E+0	12.423169E-3	NaN	NaN
73.300000E+0	29.590837E+0	35.787344E+0	882.270407E-3	904.938055E-3	884.779811E-3	906.482992E-3	895.631402E-3	312.652070E+0	12.116135E-3	NaN	NaN
73.400000E+0	29.595531E+0	35.816461E+0	883.321237E-3	905.896498E-3	885.830641E-3	907.441435E-3	896.636038E-3	312.906446E+0	12.051040E-3	NaN	NaN
73.500000E+0	29.595746E+0	35.883099E+0	884.342860E-3	907.408668E-3	886.852264E-3	908.953605E-3	897.902935E-3	313.488621E+0	12.307199E-3	NaN	NaN
73.600000E+0	29.601119E+0	35.927176E+0	885.704231E-3	908.504797E-3	888.213635E-3	910.049735E-3	899.131685E-3	313.873700E+0	12.142882E-3	NaN	NaN
73.700000E+0	29.605795E+0	35.960317E+0	887.058448E-3	909.849478E-3	889.567852E-3	911.394415E-3	900.481134E-3	314.163226E+0	12.119389E-3	NaN	NaN
73.800000E+0	29.607762E+0	36.010385E+0	888.233852E-3	910.763217E-3	890.743256E-3	912.308155E-3	901.525705E-3	314.600638E+0	11.960224E-3	NaN	NaN
73.900000E+0	29.609881E+0	36.080688E+0	889.232230E-3	911.958887E-3	891.741634E-3	913.503824E-3	902.622729E-3	315.214839E+0	12.054976E-3	NaN	NaN
74.000000E+0	29.612277E+0	36.100209E+0	890.520286E-3	913.503243E-3	893.029690E-3	915.048180E-3	904.038935E-3	315.385377E+0	12.177844E-3	NaN	NaN
74.100000E+0	29.616399E+0	36.146909E+0	891.944837E-3	914.529635E-3	894.454241E-3	916.074573E-3	905.264407E-3	315.793369E+0	11.941445E-3	NaN	NaN
74.200000E+0	29.617418E+0	36.194354E+0	892.751288E-3	915.682985E-3	895.260692E-3	917.227923E-3	906.244307E-3	316.207869E+0	12.119927E-3	NaN	NaN
74.300000E+0	29.626001E+0	36.238134E+0	894.070935E-3	917.016937E-3	896.580339E-3	918.561875E-3	907.571107E-3	316.590345E+0	12.110090E-3	NaN	NaN
74.400000E+0	29.626591E+0	36.284298E+0	895.358396E-3	918.141081E-3	897.867800E-3	919.686018E-3	908.776909E-3	316.993650E+0	12.004166E-3	NaN	NaN
74.500000E+0	29.631008E+0	36.343068E+0	896.254254E-3	919.429733E-3	898.763658E-3	920.974671E-3	909.869164E-3	317.507089E+0	12.205608E-3	NaN	NaN
74.600000E+0	29.634539E+0	36.378175E+0	897.390318E-3	920.451953E-3	899.899722E-3	921.996891E-3	910.948306E-3	317.813798E+0	12.128662E-3	NaN	NaN
74.700000E+0	29.639439E+0	36.415815E+0	898.501349E-3	921.610668E-3	901.010753E-3	923.155605E-3	912.083179E-3	318.142639E+0	12.139711E-3	NaN	NaN
74.800000E+0	29.640020E+0	36.495626E+0	899.732781E-3	922.916605E-3	902.242185E-3	924.461543E-3	913.351864E-3	318.839895E+0	12.163635E-3	NaN	NaN
74.900000E+0	29.641048E+0	36.527306E+0	900.940967E-3	924.235060E-3	903.450371E-3	925.779998E-3	914.615184E-3	319.116663E+0	12.207116E-3	NaN	NaN
75.000000E+0	29.645644E+0	36.552310E+0	902.131868E-3	925.254300E-3	904.641272E-3	926.799237E-3	915.720255E-3	319.335108E+0	12.098654E-3	NaN	NaN
75.100000E+0	29.649819E+0	36.619961E+0	903.225017E-3	926.711037E-3	905.734421E-3	928.255975E-3	916.995198E-3	319.926136E+0	12.280083E-3	NaN	NaN
75.200000E+0	29.651902E+0	36.659122E+0	904.396845E-3	927.668884E-3	906.906249E-3	929.213821E-3	918.060035E-3	320.268255E+0	12.149300E-3	NaN	NaN
75.300000E+0	29.654790E+0	36.697775E+0	905.631257E-3	929.316357E-3	908.140661E-3	930.861294E-3	919.500978E-3	320.605948E+0	12.354872E-3	NaN	NaN
75.400000E+0	29.661970E+0	36.754400E+0	907.183362E-3	930.478647E-3	909.692766E-3	932.023585E-3	920.858175E-3	321.100641E+0	12.125004E-3	NaN	NaN
75.500000E+0	29.663686E+0	36.804497E+0	908.200813E-3	931.389406E-3	910.710218E-3	932.934344E-3	921.822281E-3	321.538314E+0	12.054453E-3	NaN	NaN
75.600000E+0	29.665135E+0	36.834210E+0	909.441186E-3	932.648853E-3	911.950590E-3	934.193790E-3	923.072190E-3	321.797897E+0	12.048462E-3	NaN	NaN
75.700000E+0	29.671608E+0	36.883235E+0	910.456849E-3	933.666900E-3	912.966254E-3	935.211837E-3	924.089045E-3	322.226197E+0	12.036494E-3	NaN	NaN
75.800000E+0	29.673396E+0	36.931336E+0	911.364032E-3	934.902504E-3	913.873436E-3	936.447442E-3	925.160439E-3	322.646426E+0	12.200049E-3	NaN	NaN
75.900000E+0	29.675783E+0	36.985338E+0	911.964251E-3	935.695246E-3	914.473655E-3	937.240184E-3	925.856919E-3	323.118206E+0	12.294842E-3	NaN	NaN
76.000000E+0	29.679162E+0	37.022740E+0	913.595630E-3	937.110261E-3	916.105034E-3	938.655198E-3	927.380116E-3	323.444964E+0	12.157994E-3	NaN	NaN
76.100000E+0	29.683704E+0	37.063777E+0	915.017797E-3	938.421563E-3	917.527201E-3	939.966500E-3	928.746851E-3	323.803486E+0	12.080417E-3	NaN	NaN
76.200000E+0	29.686181E+0	37.123471E+0	916.205718E-3	940.094665E-3	918.715122E-3	941.639603E-3	930.177362E-3	324.324996E+0	12.322640E-3	NaN	NaN
76.300000E+0	29.690428E+0	37.131548E+0	917.474701E-3	941.221193E-3	919.984105E-3	942.766131E-3	931.375118E-3	324.395555E+0	12.230317E-3	NaN	NaN
76.400000E+0	29.694362E+0	37.188470E+0	918.575599E-3	941.984133E-3	921.085003E-3	943.529070E-3	932.307037E-3	324.892851E+0	12.036843E-3	NaN	NaN
76.500000E+0	29.696740E+0	37.241936E+0	919.630005E-3	943.277554E-3	922.139409E-3	944.822491E-3	933.480950E-3	325.359946E+0	12.149729E-3	NaN	NaN
76.600000E+0	29.698126E+0	37.267506E+0	920.627191E-3	944.170431E-3	923.136595E-3	945.715369E-3	934.425982E-3	325.583338E+0	12.081628E-3	NaN	NaN
76.700000E+0	29.701872E+0	37.328988E+0	921.800806E-3	945.658759E-3	924.310210E-3	947.203697E-3	935.756954E-3	326.120471E+0	12.232603E-3	NaN	NaN
76.800000E+0	29.707415E+0	37.370890E+0	922.941043E-3	946.524815E-3	925.450447E-3	948.069752E-3	936.760100E-3	326.486543E+0	12.073158E-3	NaN	NaN
76.900000E+0	29.709132E+0	37.407398E+0	923.762395E-3	947.613792E-3	926.271799E-3	949.158729E-3	937.715264E-3	326.805490E+0	12.203560E-3	NaN	NaN
77.000000E+0	29.710205E+0	37.451625E+0	924.959853E-3	948.776083E-3	927.469257E-3	950.321020E-3	938.895138E-3	327.191871E+0	12.169497E-3	NaN	NaN
77.100000E+0	29.713352E+0	37.512928E+0	926.246121E-3	950.197653E-3	928.755525E-3	951.742591E-3	940.249058E-3	327.727441E+0	12.223924E-3	NaN	NaN
77.200000E+0	29.719771E+0	37.539512E+0	927.343443E-3	951.179938E-3	929.852847E-3	952.724876E-3	941.288861E-3	327.959686E+0	12.149314E-3	NaN	NaN
77.300000E+0	29.724483E+0	37.598014E+0	928.735807E-3	952.838139E-3	931.245211E-3	954.383077E-3	942.814144E-3	328.470782E+0	12.270640E-3	NaN	NaN
77.400000E+0	29.726423E+0	37.626803E+0	929.964855E-3	953.434186E-3	932.474259E-3	954.979123E-3	943.726691E-3	328.722294E+0	11.923401E-3	NaN	NaN
77.500000E+0	29.729034E+0	37.665457E+0	930.645540E-3	954.499321E-3	933.154944E-3	956.044258E-3	944.599601E-3	329.059987E+0	12.115882E-3	NaN	NaN
77.600000E+0	29.730053E+0	37.736446E+0	932.253078E-3	956.022220E-3	934.762482E-3	957.567157E-3	946.164820E-3	329.680175E+0	12.051111E-3	NaN	NaN
77.700000E+0	29.734505E+0	37.734419E+0	933.324769E-3	957.335310E-3	935.834173E-3	958.880248E-3	947.357211E-3	329.662471E+0	12.163350E-3	NaN	NaN
77.800000E+0	29.740335E+0	37.812561E+0	934.252218E-3	958.255010E-3	936.761622E-3	959.799947E-3	948.280785E-3	330.345147E+0	12.147418E-3	NaN	NaN
77.900000E+0	29.741953E+0	37.857473E+0	935.100392E-3	959.326702E-3	937.609796E-3	960.871639E-3	949.240717E-3	330.737516E+0	12.252868E-3	NaN	NaN
78.000000E+0	29.745869E+0	37.889838E+0	936.771110E-3	960.740524E-3	939.280514E-3	962.285461E-3	950.782988E-3	331.020272E+0	12.097896E-3	NaN	NaN
78.100000E+0	29.753746E+0	37.932158E+0	937.862471E-3	962.156134E-3	940.371875E-3	963.701072E-3	952.036474E-3	331.389990E+0	12.252260E-3	NaN	NaN
78.200000E+0	29.756070E+0	37.974060E+0	939.095691E-3	962.939935E-3	941.605096E-3	964.484873E-3	953.044984E-3	331.756062E+0	12.003514E-3	NaN	NaN
78.300000E+0	29.756821E+0	38.012952E+0	939.935521E-3	964.030105E-3	942.444925E-3	965.575042E-3	954.009983E-3	332.095838E+0	12.122576E-3	NaN	NaN
78.400000E+0	29.758744E+0	38.072616E+0	941.203908E-3	965.198356E-3	943.713312E-3	966.743293E-3	955.228303E-3	332.617088E+0	12.054700E-3	NaN	NaN
78.500000E+0	29.762427E+0	38.121492E+0	942.088441E-3	966.371375E-3	944.597845E-3	967.916313E-3	956.257079E-3	333.044086E+0	12.192573E-3	NaN	NaN
78.600000E+0	29.767085E+0	38.170964E+0	943.150596E-3	968.037921E-3	945.660000E-3	969.582859E-3	957.621429E-3	333.476291E+0	12.490770E-3	NaN	NaN
78.700000E+0	29.769839E+0	38.217485E+0	944.655613E-3	969.316441E-3	947.165017E-3	970.861378E-3	959.013198E-3	333.882721E+0	12.354554E-3	NaN	NaN
78.800000E+0	29.772414E+0	38.264602E+0	946.136193E-3	970.497209E-3	948.645597E-3	972.042146E-3	960.343872E-3	334.294357E+0	12.181340E-3	NaN	NaN
78.900000E+0	29.776071E+0	38.304746E+0	947.336630E-3	971.402008E-3	949.846034E-3	972.946945E-3	961.396490E-3	334.645068E+0	12.014247E-3	NaN	NaN
79.000000E+0	29.779057E+0	38.344264E+0	948.413090E-3	972.752649E-3	950.922494E-3	974.297586E-3	962.610040E-3	334.990312E+0	12.141517E-3	NaN	NaN
79.100000E+0	29.781095E+0	38.404316E+0	949.382858E-3	973.964411E-3	951.892262E-3	975.509349E-3	963.700805E-3	335.514946E+0	12.253329E-3	NaN	NaN
79.200000E+0	29.785637E+0	38.448334E+0	950.513558E-3	974.800665E-3	953.022962E-3	976.345602E-3	964.684282E-3	335.899505E+0	12.088224E-3	NaN	NaN
79.300000E+0	29.790117E+0	38.489223E+0	952.206926E-3	976.360518E-3	954.716330E-3	977.905456E-3	966.310893E-3	336.256725E+0	11.998791E-3	NaN	NaN
79.400000E+0	29.791797E+0	38.530439E+0	952.562170E-3	977.485258E-3	955.071574E-3	979.030195E-3	967.050885E-3	336.616809E+0	12.387467E-3	NaN	NaN
79.500000E+0	29.797689E+0	38.572222E+0	953.629689E-3	978.373367E-3	956.139093E-3	979.918305E-3	968.028699E-3	336.981840E+0	12.282286E-3	NaN	NaN
79.600000E+0	29.798226E+0	38.622260E+0	955.154972E-3	979.535062E-3	957.664376E-3	981.079999E-3	969.372188E-3	337.418993E+0	12.077726E-3	NaN	NaN
79.700000E+0	29.800273E+0	38.657784E+0	956.622439E-3	980.824907E-3	959.131843E-3	982.369844E-3	970.750843E-3	337.729347E+0	11.969086E-3	NaN	NaN
79.800000E+0	29.805360E+0	38.714111E+0	957.465844E-3	982.006271E-3	959.975249E-3	983.551208E-3	971.763228E-3	338.221436E+0	12.130506E-3	NaN	NaN
79.900000E+0	29.810010E+0	38.742661E+0	958.582836E-3	983.183463E-3	961.092240E-3	984.728400E-3	972.910320E-3	338.470866E+0	12.147142E-3	NaN	NaN
80.000000E+0	29.812003E+0	38.785368E+0	959.756451E-3	984.417279E-3	962.265855E-3	985.962216E-3	974.114036E-3	338.843968E+0	12.163032E-3	NaN	NaN
80.100000E+0	29.815285E+0	38.820356E+0	960.902053E-3	985.704739E-3	963.411457E-3	987.249677E-3	975.330567E-3	339.149636E+0	12.220585E-3	NaN	NaN
80.200000E+0	29.820184E+0	38.874686E+0	962.377268E-3	986.678083E-3	964.886672E-3	988.223021E-3	976.554846E-3	339.624281E+0	11.948304E-3	NaN	NaN
80.300000E+0	29.823206E+0	38.936794E+0	963.457304E-3	987.943490E-3	965.966708E-3	989.488427E-3	977.727568E-3	340.166881E+0	12.028770E-3	NaN	NaN
80.400000E+0	29.826595E+0	38.966179E+0	964.648205E-3	989.587982E-3	967.157609E-3	991.132920E-3	979.145264E-3	340.423600E+0	12.242979E-3	NaN	NaN
80.500000E+0	29.830323E+0	39.028913E+0	965.727049E-3	990.458210E-3	968.236453E-3	992.003147E-3	980.119800E-3	340.971668E+0	12.124382E-3	NaN	NaN
80.600000E+0	29.830958E+0	39.062262E+0	967.118817E-3	991.624077E-3	969.628222E-3	993.169014E-3	981.398618E-3	341.263016E+0	11.993492E-3	NaN	NaN
80.700000E+0	29.837753E+0	39.094597E+0	968.124944E-3	992.723783E-3	970.634348E-3	994.268720E-3	982.451534E-3	341.545511E+0	12.028264E-3	NaN	NaN
80.800000E+0	29.838307E+0	39.146781E+0	969.042259E-3	993.753155E-3	971.551664E-3	995.298092E-3	983.424878E-3	342.001410E+0	12.073331E-3	NaN	NaN
80.900000E+0	29.842840E+0	39.178580E+0	970.306474E-3	995.206913E-3	972.815878E-3	996.751850E-3	984.783864E-3	342.279219E+0	12.152906E-3	NaN	NaN
81.000000E+0	29.846032E+0	39.232135E+0	971.146900E-3	996.466359E-3	973.656304E-3	998.011296E-3	985.833800E-3	342.747094E+0	12.352484E-3	NaN	NaN
81.100000E+0	29.847909E+0	39.284319E+0	972.475487E-3	997.285923E-3	974.984891E-3	998.830860E-3	986.907876E-3	343.202992E+0	12.081152E-3	NaN	NaN
81.200000E+0	29.854928E+0	39.339811E+0	973.789174E-3	998.641332E-3	976.298578E-3	1.000186E+0	988.242424E-3	343.687791E+0	12.085947E-3	NaN	NaN
81.300000E+0	29.854543E+0	39.373219E+0	974.698741E-3	999.965152E-3	977.208145E-3	1.001510E+0	989.359117E-3	343.979660E+0	12.281660E-3	NaN	NaN
81.400000E+0	29.856832E+0	39.409459E+0	975.900967E-3	1.001120E+0	978.410371E-3	1.002665E+0	990.537799E-3	344.296263E+0	12.243277E-3	NaN	NaN
81.500000E+0	29.863743E+0	39.454430E+0	977.156836E-3	1.002178E+0	979.666241E-3	1.003723E+0	991.694427E-3	344.689154E+0	12.128924E-3	NaN	NaN
81.600000E+0	29.866112E+0	39.506525E+0	978.080113E-3	1.003427E+0	980.589517E-3	1.004972E+0	992.780722E-3	345.144271E+0	12.279857E-3	NaN	NaN
81.700000E+0	29.869063E+0	39.544016E+0	979.176838E-3	1.004209E+0	981.686242E-3	1.005754E+0	993.720091E-3	345.471810E+0	12.109898E-3	NaN	NaN
81.800000E+0	29.872460E+0	39.598465E+0	980.504234E-3	1.005288E+0	983.013638E-3	1.006833E+0	994.923509E-3	345.947496E+0	11.970640E-3	NaN	NaN
81.900000E+0	29.878111E+0	39.627254E+0	981.335122E-3	1.006414E+0	983.844526E-3	1.007959E+0	995.901919E-3	346.199008E+0	12.107008E-3	NaN	NaN
82.000000E+0	29.879613E+0	39.667904E+0	982.639868E-3	1.007993E+0	985.149272E-3	1.009538E+0	997.343756E-3	346.554145E+0	12.226961E-3	NaN	NaN
82.100000E+0	29.882125E+0	39.708853E+0	983.461220E-3	1.008763E+0	985.970624E-3	1.010308E+0	998.139180E-3	346.911886E+0	12.191241E-3	NaN	NaN
82.200000E+0	29.885219E+0	39.766550E+0	985.001404E-3	1.010124E+0	987.510808E-3	1.011669E+0	999.589957E-3	347.415952E+0	12.084104E-3	NaN	NaN
82.300000E+0	29.888715E+0	39.798588E+0	985.841830E-3	1.011490E+0	988.351234E-3	1.013035E+0	1.000693E+0	347.695844E+0	12.333455E-3	NaN	NaN
82.400000E+0	29.892568E+0	39.846897E+0	986.979087E-3	1.012274E+0	989.488491E-3	1.013818E+0	1.001653E+0	348.117895E+0	12.144898E-3	NaN	NaN
82.500000E+0	29.895751E+0	39.891243E+0	988.127668E-3	1.013656E+0	990.637072E-3	1.015201E+0	1.002919E+0	348.505318E+0	12.246060E-3	NaN	NaN
82.600000E+0	29.899095E+0	39.947718E+0	989.478906E-3	1.014815E+0	991.988310E-3	1.016360E+0	1.004174E+0	348.998709E+0	12.135187E-3	NaN	NaN
82.700000E+0	29.905076E+0	39.979011E+0	990.434964E-3	1.016067E+0	992.944368E-3	1.017612E+0	1.005278E+0	349.272091E+0	12.269198E-3	NaN	NaN
82.800000E+0	29.905604E+0	40.035427E+0	991.816004E-3	1.017471E+0	994.325408E-3	1.019016E+0	1.006671E+0	349.764962E+0	12.263477E-3	NaN	NaN
82.900000E+0	29.908250E+0	40.090740E+0	992.907365E-3	1.018269E+0	995.416769E-3	1.019814E+0	1.007615E+0	350.248198E+0	12.106460E-3	NaN	NaN
83.000000E+0	29.912837E+0	40.128350E+0	994.016012E-3	1.019310E+0	996.525416E-3	1.020855E+0	1.008690E+0	350.576778E+0	12.060172E-3	NaN	NaN
83.100000E+0	29.918728E+0	40.150017E+0	994.892200E-3	1.020851E+0	997.401604E-3	1.022396E+0	1.009899E+0	350.766064E+0	12.374487E-3	NaN	NaN
83.200000E+0	29.917119E+0	40.197283E+0	996.171316E-3	1.021692E+0	998.680720E-3	1.023237E+0	1.010959E+0	351.179002E+0	12.144839E-3	NaN	NaN
83.300000E+0	29.922439E+0	40.241599E+0	997.297248E-3	1.022895E+0	999.806652E-3	1.024440E+0	1.012123E+0	351.566164E+0	12.169143E-3	NaN	NaN
83.400000E+0	29.925380E+0	40.295631E+0	998.289069E-3	1.023799E+0	1.000798E+0	1.025344E+0	1.013071E+0	352.038205E+0	12.114511E-3	NaN	NaN
83.500000E+0	29.928805E+0	40.352434E+0	999.816736E-3	1.025214E+0	1.002326E+0	1.026759E+0	1.014543E+0	352.534460E+0	12.041423E-3	NaN	NaN
83.600000E+0	29.931684E+0	40.379256E+0	1.000785E+0	1.026412E+0	1.003294E+0	1.027957E+0	1.015626E+0	352.768788E+0	12.141849E-3	NaN	NaN
83.700000E+0	29.936297E+0	40.429592E+0	1.002480E+0	1.027835E+0	1.004990E+0	1.029380E+0	1.017185E+0	353.208544E+0	11.989048E-3	NaN	NaN
83.800000E+0	29.940079E+0	40.481865E+0	1.003541E+0	1.028990E+0	1.006051E+0	1.030535E+0	1.018293E+0	353.665223E+0	12.021955E-3	NaN	NaN
83.900000E+0	29.942001E+0	40.524274E+0	1.004353E+0	1.030331E+0	1.006863E+0	1.031876E+0	1.019369E+0	354.035722E+0	12.268876E-3	NaN	NaN
84.000000E+0	29.947535E+0	40.568262E+0	1.005877E+0	1.031381E+0	1.008387E+0	1.032926E+0	1.020656E+0	354.420020E+0	12.021270E-3	NaN	NaN
84.100000E+0	29.950951E+0	40.601879E+0	1.007262E+0	1.032779E+0	1.009771E+0	1.034324E+0	1.022048E+0	354.713712E+0	12.011610E-3	NaN	NaN
84.200000E+0	29.951246E+0	40.658414E+0	1.008348E+0	1.033994E+0	1.010857E+0	1.035539E+0	1.023198E+0	355.207623E+0	12.061019E-3	NaN	NaN
84.300000E+0	29.958255E+0	40.695220E+0	1.009147E+0	1.035054E+0	1.011657E+0	1.036599E+0	1.024128E+0	355.529174E+0	12.177240E-3	NaN	NaN
84.400000E+0	29.962896E+0	40.791720E+0	1.011603E+0	1.037377E+0	1.014112E+0	1.038922E+0	1.026517E+0	356.372234E+0	12.084442E-3	NaN	NaN
84.500000E+0	29.967035E+0	40.833443E+0	1.012480E+0	1.038354E+0	1.014989E+0	1.039899E+0	1.027444E+0	356.736745E+0	12.122271E-3	NaN	NaN
84.600000E+0	29.968278E+0	40.871799E+0	1.013337E+0	1.039451E+0	1.015846E+0	1.040996E+0	1.028421E+0	357.071834E+0	12.227250E-3	NaN	NaN
84.700000E+0	29.972060E+0	40.897399E+0	1.014444E+0	1.040486E+0	1.016954E+0	1.042031E+0	1.029492E+0	357.295487E+0	12.179498E-3	NaN	NaN
84.800000E+0	29.974733E+0	40.954441E+0	1.015688E+0	1.041685E+0	1.018198E+0	1.043230E+0	1.030714E+0	357.793825E+0	12.143377E-3	NaN	NaN
84.900000E+0	29.977165E+0	41.007578E+0	1.016634E+0	1.042655E+0	1.019144E+0	1.044200E+0	1.031672E+0	358.258055E+0	12.143372E-3	NaN	NaN
85.000000E+0	29.980679E+0	41.026473E+0	1.017796E+0	1.044195E+0	1.020306E+0	1.045740E+0	1.033023E+0	358.423126E+0	12.310680E-3	NaN	NaN
85.100000E+0	29.984702E+0	41.090429E+0	1.018687E+0	1.045032E+0	1.021196E+0	1.046577E+0	1.033886E+0	358.981869E+0	12.274168E-3	NaN	NaN
85.200000E+0	29.989896E+0	41.131824E+0	1.020173E+0	1.046542E+0	1.022682E+0	1.048087E+0	1.035385E+0	359.343515E+0	12.268209E-3	NaN	NaN
85.300000E+0	29.992051E+0	41.160405E+0	1.021273E+0	1.047546E+0	1.023783E+0	1.049091E+0	1.036437E+0	359.593205E+0	12.209174E-3	NaN	NaN
85.400000E+0	29.993437E+0	41.209310E+0	1.022275E+0	1.048596E+0	1.024785E+0	1.050141E+0	1.037463E+0	360.020463E+0	12.220367E-3	NaN	NaN
85.500000E+0	29.999168E+0	41.240603E+0	1.023156E+0	1.049746E+0	1.025665E+0	1.051291E+0	1.038478E+0	360.293846E+0	12.338137E-3	NaN	NaN
85.600000E+0	29.998667E+0	41.282624E+0	1.024230E+0	1.051120E+0	1.026739E+0	1.052665E+0	1.039702E+0	360.660960E+0	12.467794E-3	NaN	NaN
85.700000E+0	30.005569E+0	41.323811E+0	1.025534E+0	1.052059E+0	1.028043E+0	1.053604E+0	1.040824E+0	361.020784E+0	12.279120E-3	NaN	NaN
85.800000E+0	30.005838E+0	41.378915E+0	1.026439E+0	1.052981E+0	1.028948E+0	1.054526E+0	1.041737E+0	361.502198E+0	12.276649E-3	NaN	NaN
85.900000E+0	30.010263E+0	41.425198E+0	1.027777E+0	1.054282E+0	1.030287E+0	1.055827E+0	1.043057E+0	361.906544E+0	12.243113E-3	NaN	NaN
86.000000E+0	30.015717E+0	41.459531E+0	1.029336E+0	1.055504E+0	1.031845E+0	1.057049E+0	1.044447E+0	362.206484E+0	12.065599E-3	NaN	NaN
86.100000E+0	30.017496E+0	41.500062E+0	1.029740E+0	1.056295E+0	1.032249E+0	1.057840E+0	1.045045E+0	362.560580E+0	12.243780E-3	NaN	NaN
86.200000E+0	30.019472E+0	41.548312E+0	1.030716E+0	1.057217E+0	1.033225E+0	1.058762E+0	1.045993E+0	362.982111E+0	12.206749E-3	NaN	NaN
86.300000E+0	30.025239E+0	41.588753E+0	1.032275E+0	1.058975E+0	1.034784E+0	1.060520E+0	1.047652E+0	363.335425E+0	12.282433E-3	NaN	NaN
86.400000E+0	30.027993E+0	41.630149E+0	1.033169E+0	1.059970E+0	1.035678E+0	1.061515E+0	1.048596E+0	363.697072E+0	12.319691E-3	NaN	NaN
86.500000E+0	30.028341E+0	41.681319E+0	1.034816E+0	1.061298E+0	1.037325E+0	1.062843E+0	1.050084E+0	364.144118E+0	12.150115E-3	NaN	NaN
86.600000E+0	30.034135E+0	41.708887E+0	1.035138E+0	1.062291E+0	1.037647E+0	1.063836E+0	1.050742E+0	364.384955E+0	12.462162E-3	NaN	NaN
86.700000E+0	30.035574E+0	41.750073E+0	1.036538E+0	1.063215E+0	1.039047E+0	1.064760E+0	1.051904E+0	364.744779E+0	12.222024E-3	NaN	NaN
86.800000E+0	30.038391E+0	41.801423E+0	1.037967E+0	1.064625E+0	1.040477E+0	1.066170E+0	1.053323E+0	365.193387E+0	12.196216E-3	NaN	NaN
86.900000E+0	30.043004E+0	41.851133E+0	1.038685E+0	1.065601E+0	1.041194E+0	1.067146E+0	1.054170E+0	365.627675E+0	12.309113E-3	NaN	NaN
87.000000E+0	30.047367E+0	41.881531E+0	1.039639E+0	1.066803E+0	1.042148E+0	1.068348E+0	1.055248E+0	365.893247E+0	12.414308E-3	NaN	NaN
87.100000E+0	30.048762E+0	41.927159E+0	1.040956E+0	1.067792E+0	1.043465E+0	1.069337E+0	1.056401E+0	366.291865E+0	12.245315E-3	NaN	NaN
87.200000E+0	30.055584E+0	41.982919E+0	1.041948E+0	1.069002E+0	1.044458E+0	1.070547E+0	1.057502E+0	366.779008E+0	12.335427E-3	NaN	NaN
87.300000E+0	30.056049E+0	42.002589E+0	1.042959E+0	1.069841E+0	1.045468E+0	1.071386E+0	1.058427E+0	366.950848E+0	12.243838E-3	NaN	NaN
87.400000E+0	30.060599E+0	42.038679E+0	1.044170E+0	1.071296E+0	1.046680E+0	1.072841E+0	1.059761E+0	367.266150E+0	12.343170E-3	NaN	NaN
87.500000E+0	30.059580E+0	42.120665E+0	1.045399E+0	1.072447E+0	1.047908E+0	1.073992E+0	1.060950E+0	367.982413E+0	12.292534E-3	NaN	NaN
87.600000E+0	30.066760E+0	42.159319E+0	1.046747E+0	1.073819E+0	1.049256E+0	1.075364E+0	1.062310E+0	368.320106E+0	12.288016E-3	NaN	NaN
87.700000E+0	30.067824E+0	42.185307E+0	1.047879E+0	1.074878E+0	1.050388E+0	1.076423E+0	1.063406E+0	368.547144E+0	12.241166E-3	NaN	NaN
87.800000E+0	30.073572E+0	42.230785E+0	1.049140E+0	1.075925E+0	1.051649E+0	1.077470E+0	1.064559E+0	368.944460E+0	12.127399E-3	NaN	NaN
87.900000E+0	30.076424E+0	42.277485E+0	1.050135E+0	1.077287E+0	1.052644E+0	1.078832E+0	1.065738E+0	369.352451E+0	12.286241E-3	NaN	NaN
88.000000E+0	30.079992E+0	42.323023E+0	1.051030E+0	1.078214E+0	1.053540E+0	1.079758E+0	1.066649E+0	369.750289E+0	12.290279E-3	NaN	NaN
88.100000E+0	30.079160E+0	42.370051E+0	1.052665E+0	1.079406E+0	1.055174E+0	1.080951E+0	1.068062E+0	370.161144E+0	12.066976E-3	NaN	NaN
88.200000E+0	30.085982E+0	42.413384E+0	1.053461E+0	1.080632E+0	1.055970E+0	1.082177E+0	1.069073E+0	370.539714E+0	12.256554E-3	NaN	NaN
88.300000E+0	30.088083E+0	42.469829E+0	1.054336E+0	1.081725E+0	1.056845E+0	1.083270E+0	1.070058E+0	371.032845E+0	12.347492E-3	NaN	NaN
88.400000E+0	30.091570E+0	42.501837E+0	1.055641E+0	1.082693E+0	1.058151E+0	1.084238E+0	1.071194E+0	371.312476E+0	12.176645E-3	NaN	NaN
88.500000E+0	30.098231E+0	42.538613E+0	1.056742E+0	1.084084E+0	1.059251E+0	1.085629E+0	1.072440E+0	371.633766E+0	12.298112E-3	NaN	NaN
88.600000E+0	30.100305E+0	42.589098E+0	1.058112E+0	1.085023E+0	1.060622E+0	1.086568E+0	1.073595E+0	372.074824E+0	12.083902E-3	NaN	NaN
88.700000E+0	30.101369E+0	42.635798E+0	1.059103E+0	1.086550E+0	1.061612E+0	1.088095E+0	1.074854E+0	372.482815E+0	12.319572E-3	NaN	NaN
88.800000E+0	30.105678E+0	42.664647E+0	1.060291E+0	1.087825E+0	1.062800E+0	1.089370E+0	1.076085E+0	372.734848E+0	12.345355E-3	NaN	NaN
88.900000E+0	30.108700E+0	42.730242E+0	1.061863E+0	1.088881E+0	1.064373E+0	1.090426E+0	1.077399E+0	373.307911E+0	12.090748E-3	NaN	NaN
89.000000E+0	30.111991E+0	42.782873E+0	1.062869E+0	1.090156E+0	1.065378E+0	1.091701E+0	1.078540E+0	373.767714E+0	12.202863E-3	NaN	NaN
89.100000E+0	30.116184E+0	42.811185E+0	1.063706E+0	1.091046E+0	1.066216E+0	1.092591E+0	1.079403E+0	374.015061E+0	12.217396E-3	NaN	NaN
89.200000E+0	30.120493E+0	42.857468E+0	1.065105E+0	1.092362E+0	1.067615E+0	1.093907E+0	1.080761E+0	374.419407E+0	12.163720E-3	NaN	NaN
89.300000E+0	30.123158E+0	42.906076E+0	1.066071E+0	1.093571E+0	1.068580E+0	1.095116E+0	1.081848E+0	374.844062E+0	12.264163E-3	NaN	NaN
89.400000E+0	30.124892E+0	42.930722E+0	1.067371E+0	1.094650E+0	1.069880E+0	1.096195E+0	1.083038E+0	375.059383E+0	12.148605E-3	NaN	NaN
89.500000E+0	30.128585E+0	43.004364E+0	1.068284E+0	1.095846E+0	1.070793E+0	1.097391E+0	1.084092E+0	375.702744E+0	12.267366E-3	NaN	NaN
89.600000E+0	30.131142E+0	43.031365E+0	1.069618E+0	1.097096E+0	1.072127E+0	1.098641E+0	1.085384E+0	375.938635E+0	12.214048E-3	NaN	NaN
89.700000E+0	30.135549E+0	43.066978E+0	1.070414E+0	1.098220E+0	1.072924E+0	1.099765E+0	1.086344E+0	376.249770E+0	12.353866E-3	NaN	NaN
89.800000E+0	30.141191E+0	43.110311E+0	1.071662E+0	1.099513E+0	1.074172E+0	1.101058E+0	1.087615E+0	376.628340E+0	12.359986E-3	NaN	NaN
89.900000E+0	30.142317E+0	43.153167E+0	1.073015E+0	1.100658E+0	1.075524E+0	1.102203E+0	1.088863E+0	377.002745E+0	12.250564E-3	NaN	NaN
90.000000E+0	30.145482E+0	43.197185E+0	1.074098E+0	1.101611E+0	1.076607E+0	1.103156E+0	1.089882E+0	377.387303E+0	12.179780E-3	NaN	NaN
90.100000E+0	30.150176E+0	43.249816E+0	1.075497E+0	1.103134E+0	1.078006E+0	1.104679E+0	1.091343E+0	377.847107E+0	12.220276E-3	NaN	NaN
90.200000E+0	30.150900E+0	43.307334E+0	1.076376E+0	1.104252E+0	1.078885E+0	1.105797E+0	1.092341E+0	378.349611E+0	12.318508E-3	NaN	NaN
90.300000E+0	30.156560E+0	43.348849E+0	1.077823E+0	1.105643E+0	1.080332E+0	1.107188E+0	1.093760E+0	378.712299E+0	12.276919E-3	NaN	NaN
90.400000E+0	30.160834E+0	43.387622E+0	1.078962E+0	1.106785E+0	1.081472E+0	1.108330E+0	1.094901E+0	379.051033E+0	12.265215E-3	NaN	NaN
90.500000E+0	30.162774E+0	43.417931E+0	1.079601E+0	1.107572E+0	1.082110E+0	1.109117E+0	1.095613E+0	379.315824E+0	12.324970E-3	NaN	NaN
90.600000E+0	30.168540E+0	43.477535E+0	1.081163E+0	1.108830E+0	1.083673E+0	1.110375E+0	1.097024E+0	379.836553E+0	12.170302E-3	NaN	NaN
90.700000E+0	30.168836E+0	43.508083E+0	1.082011E+0	1.110082E+0	1.084520E+0	1.111627E+0	1.098074E+0	380.103427E+0	12.342949E-3	NaN	NaN
90.800000E+0	30.171017E+0	43.580234E+0	1.083338E+0	1.111476E+0	1.085847E+0	1.113021E+0	1.099434E+0	380.733770E+0	12.358039E-3	NaN	NaN
90.900000E+0	30.175246E+0	43.623537E+0	1.084250E+0	1.112580E+0	1.086759E+0	1.114125E+0	1.100442E+0	381.112079E+0	12.433924E-3	NaN	NaN
91.000000E+0	30.179770E+0	43.654114E+0	1.085633E+0	1.113648E+0	1.088143E+0	1.115193E+0	1.101668E+0	381.379213E+0	12.276985E-3	NaN	NaN
91.100000E+0	30.183319E+0	43.697298E+0	1.086882E+0	1.115084E+0	1.089392E+0	1.116629E+0	1.103011E+0	381.756482E+0	12.346878E-3	NaN	NaN
91.200000E+0	30.185269E+0	43.726146E+0	1.087869E+0	1.116176E+0	1.090379E+0	1.117721E+0	1.104050E+0	382.008515E+0	12.382761E-3	NaN	NaN
91.300000E+0	30.189828E+0	43.764621E+0	1.089079E+0	1.116872E+0	1.091588E+0	1.118417E+0	1.105003E+0	382.344645E+0	12.139603E-3	NaN	NaN
91.400000E+0	30.191715E+0	43.796480E+0	1.089829E+0	1.118040E+0	1.092339E+0	1.119585E+0	1.105962E+0	382.622975E+0	12.317971E-3	NaN	NaN
91.500000E+0	30.199583E+0	43.869019E+0	1.090761E+0	1.119191E+0	1.093270E+0	1.120736E+0	1.107003E+0	383.256703E+0	12.405456E-3	NaN	NaN
91.600000E+0	30.198322E+0	43.903857E+0	1.092284E+0	1.120547E+0	1.094793E+0	1.122092E+0	1.108443E+0	383.561069E+0	12.314063E-3	NaN	NaN
91.700000E+0	30.204482E+0	43.925554E+0	1.093339E+0	1.121758E+0	1.095848E+0	1.123303E+0	1.109576E+0	383.750614E+0	12.371860E-3	NaN	NaN
91.800000E+0	30.204232E+0	43.980509E+0	1.094397E+0	1.122752E+0	1.096907E+0	1.124297E+0	1.110602E+0	384.230727E+0	12.331180E-3	NaN	NaN
91.900000E+0	30.207710E+0	44.039875E+0	1.095090E+0	1.123993E+0	1.097599E+0	1.125538E+0	1.111569E+0	384.749373E+0	12.567381E-3	NaN	NaN
92.000000E+0	30.212815E+0	44.070303E+0	1.096551E+0	1.125228E+0	1.099060E+0	1.126773E+0	1.112917E+0	385.015205E+0	12.450669E-3	NaN	NaN
92.100000E+0	30.217419E+0	44.116050E+0	1.097581E+0	1.126173E+0	1.100091E+0	1.127718E+0	1.113905E+0	385.414865E+0	12.401102E-3	NaN	NaN
92.200000E+0	30.220030E+0	44.162840E+0	1.098548E+0	1.127069E+0	1.101058E+0	1.128614E+0	1.114836E+0	385.823637E+0	12.358931E-3	NaN	NaN
92.300000E+0	30.220790E+0	44.209182E+0	1.099466E+0	1.128388E+0	1.101976E+0	1.129932E+0	1.115954E+0	386.228504E+0	12.526009E-3	NaN	NaN
92.400000E+0	30.226378E+0	44.245809E+0	1.101142E+0	1.129606E+0	1.103652E+0	1.131151E+0	1.117401E+0	386.548492E+0	12.304952E-3	NaN	NaN
92.500000E+0	30.229990E+0	44.299811E+0	1.102115E+0	1.130710E+0	1.104624E+0	1.132255E+0	1.118440E+0	387.020273E+0	12.352414E-3	NaN	NaN
92.600000E+0	30.231707E+0	44.348180E+0	1.103513E+0	1.132054E+0	1.106022E+0	1.133599E+0	1.119811E+0	387.442845E+0	12.313339E-3	NaN	NaN
92.700000E+0	30.233808E+0	44.366986E+0	1.104292E+0	1.133134E+0	1.106802E+0	1.134679E+0	1.120741E+0	387.607135E+0	12.437145E-3	NaN	NaN
92.800000E+0	30.240307E+0	44.422239E+0	1.105690E+0	1.134458E+0	1.108199E+0	1.136003E+0	1.122101E+0	388.089851E+0	12.388867E-3	NaN	NaN
92.900000E+0	30.243535E+0	44.473410E+0	1.106575E+0	1.135109E+0	1.109085E+0	1.136653E+0	1.122869E+0	388.536897E+0	12.276086E-3	NaN	NaN
93.000000E+0	30.244912E+0	44.503003E+0	1.107774E+0	1.136732E+0	1.110284E+0	1.138277E+0	1.124280E+0	388.795439E+0	12.449149E-3	NaN	NaN
93.100000E+0	30.249454E+0	44.549823E+0	1.109000E+0	1.137893E+0	1.111509E+0	1.139438E+0	1.125473E+0	389.204472E+0	12.407352E-3	NaN	NaN
93.200000E+0	30.253352E+0	44.599295E+0	1.110216E+0	1.139107E+0	1.112725E+0	1.140652E+0	1.126689E+0	389.636677E+0	12.393439E-3	NaN	NaN
93.300000E+0	30.257062E+0	44.634163E+0	1.110983E+0	1.140197E+0	1.113492E+0	1.141742E+0	1.127617E+0	389.941304E+0	12.526219E-3	NaN	NaN
93.400000E+0	30.258296E+0	44.676602E+0	1.112731E+0	1.141274E+0	1.115241E+0	1.142819E+0	1.129030E+0	390.312063E+0	12.213323E-3	NaN	NaN
93.500000E+0	30.261291E+0	44.739515E+0	1.113449E+0	1.142495E+0	1.115959E+0	1.144040E+0	1.130000E+0	390.861692E+0	12.425436E-3	NaN	NaN
93.600000E+0	30.263652E+0	44.753969E+0	1.114460E+0	1.143666E+0	1.116969E+0	1.145211E+0	1.131090E+0	390.987969E+0	12.484334E-3	NaN	NaN
93.700000E+0	30.268998E+0	44.799447E+0	1.115706E+0	1.144764E+0	1.118215E+0	1.146309E+0	1.132262E+0	391.385286E+0	12.405871E-3	NaN	NaN
93.800000E+0	30.271591E+0	44.868708E+0	1.116632E+0	1.145778E+0	1.119142E+0	1.147323E+0	1.133233E+0	391.990373E+0	12.434170E-3	NaN	NaN
93.900000E+0	30.274255E+0	44.909358E+0	1.117719E+0	1.146931E+0	1.120228E+0	1.148475E+0	1.134352E+0	392.345510E+0	12.450799E-3	NaN	NaN
94.000000E+0	30.277984E+0	44.934601E+0	1.119192E+0	1.148273E+0	1.121701E+0	1.149818E+0	1.135760E+0	392.566039E+0	12.378163E-3	NaN	NaN
94.100000E+0	30.286468E+0	44.982314E+0	1.120445E+0	1.149503E+0	1.122954E+0	1.151048E+0	1.137001E+0	392.982883E+0	12.354427E-3	NaN	NaN
94.200000E+0	30.284296E+0	45.042813E+0	1.121268E+0	1.150565E+0	1.123778E+0	1.152110E+0	1.137944E+0	393.511423E+0	12.448948E-3	NaN	NaN
94.300000E+0	30.288543E+0	45.081317E+0	1.122215E+0	1.151832E+0	1.124725E+0	1.153377E+0	1.139051E+0	393.847814E+0	12.577091E-3	NaN	NaN
94.400000E+0	30.294819E+0	45.123726E+0	1.123676E+0	1.153019E+0	1.126185E+0	1.154564E+0	1.140374E+0	394.218313E+0	12.442540E-3	NaN	NaN
94.500000E+0	30.292834E+0	45.171559E+0	1.124893E+0	1.153873E+0	1.127402E+0	1.155418E+0	1.141410E+0	394.636198E+0	12.272240E-3	NaN	NaN
94.600000E+0	30.295883E+0	45.209885E+0	1.126210E+0	1.155695E+0	1.128720E+0	1.157240E+0	1.142980E+0	394.971027E+0	12.476492E-3	NaN	NaN
94.700000E+0	30.303590E+0	45.260429E+0	1.126878E+0	1.156483E+0	1.129388E+0	1.158028E+0	1.143708E+0	395.412605E+0	12.520668E-3	NaN	NaN
94.800000E+0	30.305360E+0	45.310050E+0	1.128213E+0	1.157824E+0	1.130722E+0	1.159369E+0	1.145046E+0	395.846112E+0	12.508903E-3	NaN	NaN
94.900000E+0	30.309321E+0	45.344710E+0	1.129671E+0	1.159235E+0	1.132180E+0	1.160780E+0	1.146480E+0	396.148917E+0	12.472973E-3	NaN	NaN
95.000000E+0	30.312217E+0	45.388132E+0	1.130441E+0	1.160176E+0	1.132950E+0	1.161721E+0	1.147336E+0	396.528268E+0	12.538221E-3	NaN	NaN
95.100000E+0	30.316089E+0	45.439869E+0	1.131844E+0	1.161281E+0	1.134353E+0	1.162826E+0	1.148590E+0	396.980261E+0	12.394540E-3	NaN	NaN
95.200000E+0	30.318011E+0	45.480162E+0	1.133155E+0	1.162725E+0	1.135665E+0	1.164270E+0	1.149967E+0	397.332274E+0	12.437483E-3	NaN	NaN
95.300000E+0	30.320264E+0	45.519471E+0	1.133816E+0	1.163659E+0	1.136325E+0	1.165204E+0	1.150764E+0	397.675695E+0	12.547482E-3	NaN	NaN
95.400000E+0	30.326487E+0	45.563757E+0	1.134998E+0	1.164562E+0	1.137508E+0	1.166107E+0	1.151807E+0	398.062596E+0	12.414771E-3	NaN	NaN
95.500000E+0	30.327265E+0	45.600861E+0	1.136000E+0	1.165821E+0	1.138510E+0	1.167366E+0	1.152938E+0	398.386750E+0	12.514264E-3	NaN	NaN
95.600000E+0	30.332772E+0	45.671761E+0	1.137187E+0	1.167235E+0	1.139696E+0	1.168780E+0	1.154238E+0	399.006158E+0	12.598795E-3	NaN	NaN
95.700000E+0	30.335365E+0	45.688838E+0	1.138863E+0	1.168300E+0	1.141372E+0	1.169845E+0	1.155609E+0	399.155347E+0	12.319257E-3	NaN	NaN
95.800000E+0	30.341561E+0	45.741469E+0	1.139188E+0	1.169702E+0	1.141698E+0	1.171247E+0	1.156472E+0	399.615151E+0	12.775464E-3	NaN	NaN
95.900000E+0	30.341167E+0	45.784801E+0	1.140701E+0	1.170787E+0	1.143211E+0	1.172332E+0	1.157771E+0	399.993721E+0	12.576311E-3	NaN	NaN
96.000000E+0	30.348213E+0	45.827478E+0	1.142020E+0	1.172057E+0	1.144529E+0	1.173602E+0	1.159065E+0	400.366563E+0	12.541440E-3	NaN	NaN
96.100000E+0	30.348552E+0	45.860201E+0	1.143005E+0	1.173275E+0	1.145514E+0	1.174820E+0	1.160167E+0	400.652443E+0	12.629970E-3	NaN	NaN
96.200000E+0	30.356376E+0	45.905143E+0	1.144120E+0	1.173928E+0	1.146630E+0	1.175473E+0	1.161052E+0	401.045073E+0	12.421421E-3	NaN	NaN
96.300000E+0	30.352844E+0	45.955390E+0	1.145281E+0	1.175346E+0	1.147791E+0	1.176891E+0	1.162341E+0	401.484048E+0	12.518148E-3	NaN	NaN
96.400000E+0	30.357726E+0	45.994341E+0	1.146233E+0	1.176458E+0	1.148743E+0	1.178003E+0	1.163373E+0	401.824344E+0	12.575700E-3	NaN	NaN
96.500000E+0	30.363036E+0	46.048045E+0	1.147207E+0	1.177451E+0	1.149717E+0	1.178995E+0	1.164356E+0	402.293521E+0	12.573016E-3	NaN	NaN
96.600000E+0	30.365987E+0	46.083033E+0	1.148093E+0	1.178358E+0	1.150603E+0	1.179903E+0	1.165253E+0	402.599189E+0	12.572291E-3	NaN	NaN
96.700000E+0	30.372192E+0	46.107471E+0	1.149701E+0	1.179913E+0	1.152210E+0	1.181458E+0	1.166834E+0	402.812688E+0	12.532777E-3	NaN	NaN
96.800000E+0	30.373667E+0	46.167850E+0	1.150608E+0	1.180856E+0	1.153117E+0	1.182401E+0	1.167759E+0	403.340187E+0	12.538672E-3	NaN	NaN
96.900000E+0	30.371494E+0	46.217710E+0	1.151750E+0	1.182104E+0	1.154260E+0	1.183649E+0	1.168954E+0	403.775777E+0	12.570724E-3	NaN	NaN
97.000000E+0	30.378200E+0	46.248943E+0	1.152722E+0	1.183230E+0	1.155232E+0	1.184775E+0	1.170003E+0	404.048639E+0	12.625171E-3	NaN	NaN
97.100000E+0	30.381490E+0	46.290874E+0	1.153866E+0	1.184412E+0	1.156376E+0	1.185957E+0	1.171166E+0	404.414972E+0	12.629172E-3	NaN	NaN
97.200000E+0	30.387248E+0	46.343118E+0	1.155159E+0	1.185654E+0	1.157668E+0	1.187199E+0	1.172434E+0	404.871391E+0	12.593662E-3	NaN	NaN
97.300000E+0	30.390055E+0	46.389580E+0	1.156213E+0	1.186913E+0	1.158723E+0	1.188458E+0	1.173591E+0	405.277300E+0	12.668603E-3	NaN	NaN
97.400000E+0	30.392728E+0	46.413392E+0	1.157247E+0	1.188042E+0	1.159756E+0	1.189587E+0	1.174672E+0	405.485331E+0	12.697535E-3	NaN	NaN
97.500000E+0	30.396305E+0	46.471536E+0	1.158282E+0	1.189091E+0	1.160792E+0	1.190636E+0	1.175714E+0	405.993302E+0	12.692110E-3	NaN	NaN
97.600000E+0	30.399711E+0	46.531677E+0	1.160112E+0	1.190418E+0	1.162622E+0	1.191962E+0	1.177292E+0	406.518718E+0	12.461191E-3	NaN	NaN
97.700000E+0	30.403752E+0	46.548635E+0	1.160973E+0	1.191476E+0	1.163482E+0	1.193021E+0	1.178252E+0	406.666866E+0	12.535017E-3	NaN	NaN
97.800000E+0	30.403654E+0	46.607077E+0	1.161894E+0	1.192708E+0	1.164403E+0	1.194253E+0	1.179328E+0	407.177441E+0	12.655488E-3	NaN	NaN
97.900000E+0	30.408786E+0	46.646327E+0	1.163100E+0	1.193708E+0	1.165609E+0	1.195253E+0	1.180431E+0	407.520341E+0	12.556312E-3	NaN	NaN
98.000000E+0	30.413426E+0	46.693295E+0	1.164358E+0	1.195020E+0	1.166868E+0	1.196565E+0	1.181716E+0	407.930675E+0	12.565348E-3	NaN	NaN
98.100000E+0	30.414150E+0	46.723992E+0	1.165176E+0	1.195982E+0	1.167686E+0	1.197527E+0	1.182606E+0	408.198851E+0	12.616629E-3	NaN	NaN
98.200000E+0	30.417897E+0	46.795726E+0	1.166222E+0	1.197430E+0	1.168731E+0	1.198975E+0	1.183853E+0	408.825549E+0	12.773517E-3	NaN	NaN
98.300000E+0	30.424861E+0	46.819001E+0	1.167695E+0	1.198644E+0	1.170204E+0	1.200188E+0	1.185196E+0	409.028893E+0	12.649403E-3	NaN	NaN
98.400000E+0	30.425791E+0	46.850085E+0	1.168680E+0	1.199381E+0	1.171189E+0	1.200926E+0	1.186058E+0	409.300454E+0	12.536191E-3	NaN	NaN
98.500000E+0	30.432094E+0	46.894580E+0	1.169853E+0	1.200565E+0	1.172363E+0	1.202110E+0	1.187236E+0	409.689178E+0	12.527764E-3	NaN	NaN
98.600000E+0	30.432729E+0	46.960413E+0	1.170765E+0	1.201645E+0	1.173275E+0	1.203190E+0	1.188232E+0	410.264323E+0	12.587993E-3	NaN	NaN
98.700000E+0	30.433963E+0	46.984583E+0	1.172316E+0	1.203128E+0	1.174826E+0	1.204673E+0	1.189749E+0	410.475479E+0	12.543634E-3	NaN	NaN
98.800000E+0	30.439283E+0	47.047257E+0	1.173374E+0	1.204531E+0	1.175884E+0	1.206076E+0	1.190980E+0	411.023026E+0	12.675312E-3	NaN	NaN
98.900000E+0	30.442036E+0	47.070950E+0	1.174430E+0	1.205326E+0	1.176940E+0	1.206871E+0	1.191906E+0	411.230016E+0	12.556198E-3	NaN	NaN
99.000000E+0	30.447061E+0	47.124386E+0	1.175476E+0	1.206851E+0	1.177985E+0	1.208396E+0	1.193191E+0	411.696849E+0	12.743490E-3	NaN	NaN
99.100000E+0	30.448974E+0	47.154367E+0	1.176493E+0	1.207740E+0	1.179002E+0	1.209285E+0	1.194143E+0	411.958776E+0	12.679664E-3	NaN	NaN
99.200000E+0	30.452944E+0	47.210544E+0	1.177294E+0	1.208934E+0	1.179804E+0	1.210479E+0	1.195141E+0	412.449564E+0	12.833405E-3	NaN	NaN
99.300000E+0	30.456118E+0	47.242939E+0	1.179229E+0	1.210236E+0	1.181738E+0	1.211781E+0	1.196759E+0	412.732580E+0	12.551839E-3	NaN	NaN
99.400000E+0	30.456386E+0	47.293574E+0	1.179543E+0	1.211186E+0	1.182052E+0	1.212730E+0	1.197391E+0	413.174939E+0	12.810537E-3	NaN	NaN
99.500000E+0	30.461456E+0	47.354490E+0	1.181116E+0	1.212558E+0	1.183626E+0	1.214103E+0	1.198864E+0	413.707125E+0	12.710776E-3	NaN	NaN
99.600000E+0	30.464388E+0	47.393382E+0	1.182326E+0	1.213642E+0	1.184836E+0	1.215187E+0	1.200011E+0	414.046900E+0	12.646469E-3	NaN	NaN
99.700000E+0	30.466757E+0	47.440201E+0	1.183554E+0	1.214852E+0	1.186063E+0	1.216397E+0	1.201230E+0	414.455933E+0	12.625948E-3	NaN	NaN
99.800000E+0	30.473427E+0	47.471344E+0	1.184639E+0	1.215954E+0	1.187148E+0	1.217499E+0	1.202324E+0	414.728014E+0	12.621654E-3	NaN	NaN
99.900000E+0	30.475019E+0	47.510326E+0	1.185518E+0	1.217162E+0	1.188027E+0	1.218707E+0	1.203367E+0	415.068571E+0	12.747415E-3	NaN	NaN
100.000000E+0	30.478997E+0	47.562838E+0	1.187083E+0	1.218428E+0	1.189593E+0	1.219973E+0	1.204783E+0	415.527334E+0	12.608258E-3	NaN	NaN
100.100000E+0	30.484773E+0	47.608942E+0	1.188093E+0	1.219485E+0	1.190602E+0	1.221030E+0	1.205816E+0	415.930118E+0	12.616980E-3	NaN	NaN
100.200000E+0	30.487071E+0	47.646552E+0	1.189180E+0	1.220676E+0	1.191689E+0	1.222221E+0	1.206955E+0	416.258698E+0	12.648531E-3	NaN	NaN
100.300000E+0	30.490254E+0	47.696352E+0	1.190510E+0	1.221768E+0	1.193019E+0	1.223313E+0	1.208166E+0	416.693767E+0	12.537181E-3	NaN	NaN
100.400000E+0	30.493284E+0	47.726899E+0	1.191629E+0	1.223072E+0	1.194139E+0	1.224617E+0	1.209378E+0	416.960641E+0	12.600768E-3	NaN	NaN
100.500000E+0	30.494062E+0	47.792733E+0	1.192514E+0	1.224318E+0	1.195023E+0	1.225863E+0	1.210443E+0	417.535786E+0	12.738884E-3	NaN	NaN
100.600000E+0	30.499391E+0	47.835350E+0	1.193714E+0	1.225299E+0	1.196224E+0	1.226844E+0	1.211534E+0	417.908108E+0	12.636891E-3	NaN	NaN
100.700000E+0	30.502985E+0	47.839820E+0	1.194807E+0	1.226409E+0	1.197317E+0	1.227954E+0	1.212635E+0	417.947162E+0	12.632294E-3	NaN	NaN
100.800000E+0	30.507464E+0	47.916412E+0	1.195944E+0	1.227738E+0	1.198453E+0	1.229283E+0	1.213868E+0	418.616299E+0	12.699007E-3	NaN	NaN
100.900000E+0	30.507464E+0	47.951519E+0	1.197063E+0	1.229003E+0	1.199573E+0	1.230548E+0	1.215060E+0	418.923009E+0	12.746153E-3	NaN	NaN
101.000000E+0	30.513562E+0	47.994435E+0	1.198375E+0	1.230087E+0	1.200884E+0	1.231632E+0	1.216258E+0	419.297934E+0	12.640485E-3	NaN	NaN
101.100000E+0	30.515431E+0	48.037529E+0	1.199089E+0	1.231029E+0	1.201598E+0	1.232574E+0	1.217086E+0	419.674421E+0	12.725425E-3	NaN	NaN
101.200000E+0	30.517934E+0	48.077375E+0	1.200535E+0	1.232302E+0	1.203045E+0	1.233847E+0	1.218446E+0	420.022528E+0	12.640046E-3	NaN	NaN
101.300000E+0	30.523656E+0	48.110336E+0	1.201487E+0	1.232933E+0	1.203997E+0	1.234478E+0	1.219237E+0	420.310492E+0	12.500093E-3	NaN	NaN
101.400000E+0	30.524863E+0	48.157424E+0	1.202679E+0	1.234383E+0	1.205189E+0	1.235928E+0	1.220558E+0	420.721868E+0	12.592288E-3	NaN	NaN
101.500000E+0	30.526696E+0	48.200428E+0	1.203156E+0	1.235462E+0	1.205666E+0	1.237007E+0	1.221336E+0	421.097574E+0	12.830723E-3	NaN	NaN
101.600000E+0	30.531202E+0	48.229009E+0	1.204876E+0	1.236541E+0	1.207386E+0	1.238086E+0	1.222736E+0	421.347264E+0	12.553778E-3	NaN	NaN
101.700000E+0	30.533053E+0	48.274010E+0	1.205580E+0	1.237528E+0	1.208089E+0	1.239073E+0	1.223581E+0	421.740414E+0	12.661285E-3	NaN	NaN
101.800000E+0	30.540313E+0	48.323840E+0	1.206879E+0	1.238868E+0	1.209389E+0	1.240413E+0	1.224901E+0	422.175744E+0	12.663949E-3	NaN	NaN
101.900000E+0	30.541493E+0	48.373133E+0	1.207818E+0	1.239989E+0	1.210328E+0	1.241534E+0	1.225931E+0	422.606387E+0	12.727691E-3	NaN	NaN
102.000000E+0	30.545704E+0	48.389137E+0	1.209270E+0	1.241077E+0	1.211780E+0	1.242622E+0	1.227201E+0	422.746203E+0	12.566141E-3	NaN	NaN
102.100000E+0	30.548914E+0	48.436195E+0	1.210239E+0	1.242544E+0	1.212748E+0	1.244089E+0	1.228419E+0	423.157318E+0	12.756504E-3	NaN	NaN
102.200000E+0	30.552231E+0	48.515886E+0	1.211322E+0	1.243603E+0	1.213831E+0	1.245148E+0	1.229490E+0	423.853533E+0	12.735456E-3	NaN	NaN
102.300000E+0	30.555896E+0	48.531145E+0	1.212531E+0	1.244782E+0	1.215040E+0	1.246327E+0	1.230683E+0	423.986840E+0	12.710993E-3	NaN	NaN
102.400000E+0	30.562074E+0	48.581153E+0	1.213636E+0	1.245984E+0	1.216146E+0	1.247529E+0	1.231837E+0	424.423732E+0	12.738279E-3	NaN	NaN
102.500000E+0	30.561413E+0	48.641503E+0	1.214704E+0	1.247185E+0	1.217213E+0	1.248730E+0	1.232972E+0	424.950970E+0	12.780704E-3	NaN	NaN
102.600000E+0	30.565427E+0	48.683524E+0	1.215693E+0	1.248319E+0	1.218203E+0	1.249864E+0	1.234034E+0	425.318084E+0	12.828392E-3	NaN	NaN
102.700000E+0	30.569745E+0	48.702657E+0	1.217299E+0	1.249219E+0	1.219808E+0	1.250764E+0	1.235286E+0	425.485238E+0	12.529975E-3	NaN	NaN
102.800000E+0	30.572007E+0	48.759848E+0	1.217980E+0	1.250512E+0	1.220489E+0	1.252056E+0	1.236273E+0	425.984878E+0	12.767066E-3	NaN	NaN
102.900000E+0	30.573903E+0	48.801869E+0	1.219107E+0	1.251388E+0	1.221616E+0	1.252933E+0	1.237275E+0	426.351992E+0	12.655324E-3	NaN	NaN
103.000000E+0	30.577685E+0	48.839420E+0	1.220362E+0	1.253325E+0	1.222871E+0	1.254870E+0	1.238870E+0	426.680052E+0	12.914463E-3	NaN	NaN
103.100000E+0	30.584739E+0	48.871368E+0	1.221247E+0	1.254226E+0	1.223757E+0	1.255771E+0	1.239764E+0	426.959162E+0	12.911406E-3	NaN	NaN
103.200000E+0	30.584104E+0	48.925191E+0	1.222532E+0	1.255358E+0	1.225042E+0	1.256903E+0	1.240972E+0	427.429381E+0	12.837113E-3	NaN	NaN
103.300000E+0	30.585991E+0	48.962384E+0	1.223416E+0	1.256040E+0	1.225926E+0	1.257585E+0	1.241756E+0	427.754316E+0	12.747896E-3	NaN	NaN
103.400000E+0	30.593116E+0	48.999041E+0	1.225097E+0	1.257495E+0	1.227606E+0	1.259040E+0	1.243323E+0	428.074564E+0	12.641217E-3	NaN	NaN
103.500000E+0	30.599402E+0	49.059272E+0	1.225559E+0	1.258459E+0	1.228069E+0	1.260004E+0	1.244036E+0	428.600761E+0	12.835205E-3	NaN	NaN
103.600000E+0	30.600671E+0	49.103260E+0	1.226572E+0	1.259707E+0	1.229081E+0	1.261252E+0	1.245166E+0	428.985059E+0	12.918094E-3	NaN	NaN
103.700000E+0	30.602388E+0	49.145103E+0	1.227748E+0	1.260580E+0	1.230257E+0	1.262125E+0	1.246191E+0	429.350611E+0	12.785986E-3	NaN	NaN
103.800000E+0	30.605964E+0	49.184829E+0	1.228913E+0	1.262042E+0	1.231423E+0	1.263587E+0	1.247505E+0	429.697677E+0	12.891491E-3	NaN	NaN
103.900000E+0	30.608539E+0	49.217194E+0	1.230574E+0	1.263040E+0	1.233084E+0	1.264585E+0	1.248835E+0	429.980433E+0	12.612395E-3	NaN	NaN
104.000000E+0	30.611972E+0	49.261928E+0	1.231673E+0	1.264148E+0	1.234182E+0	1.265693E+0	1.249938E+0	430.371241E+0	12.604842E-3	NaN	NaN
104.100000E+0	30.614699E+0	49.308509E+0	1.232510E+0	1.265590E+0	1.235019E+0	1.267135E+0	1.251077E+0	430.778190E+0	12.835150E-3	NaN	NaN
104.200000E+0	30.617229E+0	49.372822E+0	1.233626E+0	1.266674E+0	1.236135E+0	1.268219E+0	1.252177E+0	431.340057E+0	12.811260E-3	NaN	NaN
104.300000E+0	30.620493E+0	49.398869E+0	1.234617E+0	1.268221E+0	1.237127E+0	1.269766E+0	1.253446E+0	431.567616E+0	13.019644E-3	NaN	NaN
104.400000E+0	30.624284E+0	49.441278E+0	1.236183E+0	1.269228E+0	1.238692E+0	1.270773E+0	1.254732E+0	431.938115E+0	12.783979E-3	NaN	NaN
104.500000E+0	30.629138E+0	49.490094E+0	1.237186E+0	1.270183E+0	1.239696E+0	1.271728E+0	1.255712E+0	432.364592E+0	12.754782E-3	NaN	NaN
104.600000E+0	30.634708E+0	49.519330E+0	1.238293E+0	1.271382E+0	1.240803E+0	1.272927E+0	1.256865E+0	432.620010E+0	12.779600E-3	NaN	NaN
104.700000E+0	30.637069E+0	49.575418E+0	1.239485E+0	1.272437E+0	1.241994E+0	1.273982E+0	1.257988E+0	433.110016E+0	12.713938E-3	NaN	NaN
104.800000E+0	30.637641E+0	49.634576E+0	1.240702E+0	1.273951E+0	1.243212E+0	1.275496E+0	1.259354E+0	433.626840E+0	12.817763E-3	NaN	NaN
104.900000E+0	30.642469E+0	49.681932E+0	1.241860E+0	1.275068E+0	1.244370E+0	1.276613E+0	1.260491E+0	434.040559E+0	12.789881E-3	NaN	NaN
105.000000E+0	30.643390E+0	49.709558E+0	1.242833E+0	1.276201E+0	1.245343E+0	1.277746E+0	1.261544E+0	434.281917E+0	12.842754E-3	NaN	NaN
105.100000E+0	30.650337E+0	49.742192E+0	1.243609E+0	1.277158E+0	1.246118E+0	1.278703E+0	1.262410E+0	434.567016E+0	12.905711E-3	NaN	NaN
105.200000E+0	30.653788E+0	49.794376E+0	1.244845E+0	1.278243E+0	1.247354E+0	1.279788E+0	1.263571E+0	435.022915E+0	12.834182E-3	NaN	NaN
105.300000E+0	30.654771E+0	49.839020E+0	1.246439E+0	1.279525E+0	1.248949E+0	1.281070E+0	1.265009E+0	435.412941E+0	12.695909E-3	NaN	NaN
105.400000E+0	30.657677E+0	49.874067E+0	1.247382E+0	1.280773E+0	1.249892E+0	1.282318E+0	1.266105E+0	435.719130E+0	12.805441E-3	NaN	NaN
105.500000E+0	30.661727E+0	49.944729E+0	1.248649E+0	1.282083E+0	1.251158E+0	1.283628E+0	1.267393E+0	436.336454E+0	12.809589E-3	NaN	NaN
105.600000E+0	30.665894E+0	49.958140E+0	1.250056E+0	1.283280E+0	1.252566E+0	1.284825E+0	1.268695E+0	436.453618E+0	12.713753E-3	NaN	NaN
105.700000E+0	30.667172E+0	49.996972E+0	1.250590E+0	1.284053E+0	1.253099E+0	1.285598E+0	1.269349E+0	436.792873E+0	12.801594E-3	NaN	NaN
105.800000E+0	30.672939E+0	50.052524E+0	1.252220E+0	1.285588E+0	1.254729E+0	1.287133E+0	1.270931E+0	437.278193E+0	12.748135E-3	NaN	NaN
105.900000E+0	30.673288E+0	50.109059E+0	1.253003E+0	1.286786E+0	1.255512E+0	1.288331E+0	1.271922E+0	437.772105E+0	12.901285E-3	NaN	NaN
106.000000E+0	30.680887E+0	50.121188E+0	1.254170E+0	1.287500E+0	1.256679E+0	1.289045E+0	1.272862E+0	437.878073E+0	12.713809E-3	NaN	NaN
106.100000E+0	30.684356E+0	50.176114E+0	1.255663E+0	1.289049E+0	1.258172E+0	1.290594E+0	1.274383E+0	438.357925E+0	12.720853E-3	NaN	NaN
106.200000E+0	30.685974E+0	50.240189E+0	1.256967E+0	1.290270E+0	1.259477E+0	1.291815E+0	1.275646E+0	438.917709E+0	12.675320E-3	NaN	NaN
106.300000E+0	30.691097E+0	50.280392E+0	1.257467E+0	1.291208E+0	1.259977E+0	1.292753E+0	1.276365E+0	439.268941E+0	12.839565E-3	NaN	NaN
106.400000E+0	30.689881E+0	50.286412E+0	1.258047E+0	1.292335E+0	1.260556E+0	1.293880E+0	1.277218E+0	439.321534E+0	13.045656E-3	NaN	NaN
106.500000E+0	30.696667E+0	50.350755E+0	1.259338E+0	1.293337E+0	1.261848E+0	1.294882E+0	1.278365E+0	439.883661E+0	12.920652E-3	NaN	NaN
106.600000E+0	30.698652E+0	50.381511E+0	1.260094E+0	1.294266E+0	1.262604E+0	1.295811E+0	1.279207E+0	440.152358E+0	12.979708E-3	NaN	NaN
106.700000E+0	30.701281E+0	50.428331E+0	1.261564E+0	1.295393E+0	1.264073E+0	1.296938E+0	1.280505E+0	440.561391E+0	12.832492E-3	NaN	NaN
106.800000E+0	30.706663E+0	50.462395E+0	1.262801E+0	1.296720E+0	1.265310E+0	1.298265E+0	1.281788E+0	440.858987E+0	12.854997E-3	NaN	NaN
106.900000E+0	30.708362E+0	50.500572E+0	1.263456E+0	1.297600E+0	1.265965E+0	1.299145E+0	1.282555E+0	441.192514E+0	12.935137E-3	NaN	NaN
107.000000E+0	30.712189E+0	50.545335E+0	1.264871E+0	1.298699E+0	1.267380E+0	1.300244E+0	1.283812E+0	441.583582E+0	12.799438E-3	NaN	NaN
107.100000E+0	30.714012E+0	50.598264E+0	1.266030E+0	1.299979E+0	1.268540E+0	1.301524E+0	1.285032E+0	442.045990E+0	12.833910E-3	NaN	NaN
107.200000E+0	30.717884E+0	50.655514E+0	1.267314E+0	1.301066E+0	1.269823E+0	1.302611E+0	1.286217E+0	442.546150E+0	12.745617E-3	NaN	NaN
107.300000E+0	30.724250E+0	50.676465E+0	1.268370E+0	1.302446E+0	1.270880E+0	1.303991E+0	1.287435E+0	442.729186E+0	12.859256E-3	NaN	NaN
107.400000E+0	30.726225E+0	50.728649E+0	1.269752E+0	1.303785E+0	1.272261E+0	1.305330E+0	1.288796E+0	443.185085E+0	12.829263E-3	NaN	NaN
107.500000E+0	30.729095E+0	50.777048E+0	1.270897E+0	1.304794E+0	1.273406E+0	1.306339E+0	1.289873E+0	443.607917E+0	12.765872E-3	NaN	NaN
107.600000E+0	30.732734E+0	50.813258E+0	1.271594E+0	1.305806E+0	1.274103E+0	1.307351E+0	1.290727E+0	443.924260E+0	12.879565E-3	NaN	NaN
107.700000E+0	30.735676E+0	50.853342E+0	1.272769E+0	1.307035E+0	1.275278E+0	1.308580E+0	1.291929E+0	444.274450E+0	12.888341E-3	NaN	NaN
107.800000E+0	30.738403E+0	50.903738E+0	1.273946E+0	1.308632E+0	1.276455E+0	1.310177E+0	1.293316E+0	444.714727E+0	13.036977E-3	NaN	NaN
107.900000E+0	30.739359E+0	50.957263E+0	1.275083E+0	1.309455E+0	1.277592E+0	1.310999E+0	1.294296E+0	445.182342E+0	12.905530E-3	NaN	NaN
108.000000E+0	30.745716E+0	50.993741E+0	1.276354E+0	1.310862E+0	1.278864E+0	1.312407E+0	1.295636E+0	445.501028E+0	12.944862E-3	NaN	NaN
108.100000E+0	30.749793E+0	51.048309E+0	1.277720E+0	1.311861E+0	1.280229E+0	1.313406E+0	1.296817E+0	445.977756E+0	12.791500E-3	NaN	NaN
108.200000E+0	30.753101E+0	51.078528E+0	1.278854E+0	1.313145E+0	1.281363E+0	1.314690E+0	1.298027E+0	446.241765E+0	12.837673E-3	NaN	NaN
108.300000E+0	30.756883E+0	51.103413E+0	1.280223E+0	1.314433E+0	1.282733E+0	1.315978E+0	1.299355E+0	446.459170E+0	12.792894E-3	NaN	NaN
108.400000E+0	30.760361E+0	51.168829E+0	1.281164E+0	1.315333E+0	1.283673E+0	1.316878E+0	1.300276E+0	447.030670E+0	12.768480E-3	NaN	NaN
108.500000E+0	30.760737E+0	51.206559E+0	1.282328E+0	1.316676E+0	1.284838E+0	1.318221E+0	1.301530E+0	447.360292E+0	12.824645E-3	NaN	NaN
108.600000E+0	30.764474E+0	51.248938E+0	1.283082E+0	1.317440E+0	1.285592E+0	1.318985E+0	1.302288E+0	447.730530E+0	12.820834E-3	NaN	NaN
108.700000E+0	30.767710E+0	51.285565E+0	1.284297E+0	1.318802E+0	1.286807E+0	1.320347E+0	1.303577E+0	448.050518E+0	12.864632E-3	NaN	NaN
108.800000E+0	30.770804E+0	51.329404E+0	1.284965E+0	1.319800E+0	1.287475E+0	1.321344E+0	1.304410E+0	448.433514E+0	12.982763E-3	NaN	NaN
108.900000E+0	30.776758E+0	51.372617E+0	1.286150E+0	1.320940E+0	1.288660E+0	1.322485E+0	1.305573E+0	448.811043E+0	12.954307E-3	NaN	NaN
109.000000E+0	30.778296E+0	51.402718E+0	1.287162E+0	1.321708E+0	1.289672E+0	1.323253E+0	1.306462E+0	449.074011E+0	12.851956E-3	NaN	NaN
109.100000E+0	30.781980E+0	51.428586E+0	1.288435E+0	1.323093E+0	1.290944E+0	1.324638E+0	1.307791E+0	449.300008E+0	12.881742E-3	NaN	NaN
109.200000E+0	30.783044E+0	51.509678E+0	1.289527E+0	1.324090E+0	1.292036E+0	1.325635E+0	1.308836E+0	450.008460E+0	12.835482E-3	NaN	NaN
109.300000E+0	30.787138E+0	51.547319E+0	1.290878E+0	1.325764E+0	1.293388E+0	1.327309E+0	1.310348E+0	450.337301E+0	12.943486E-3	NaN	NaN
109.400000E+0	30.791546E+0	51.588923E+0	1.291790E+0	1.326654E+0	1.294299E+0	1.328199E+0	1.311249E+0	450.700769E+0	12.926638E-3	NaN	NaN
109.500000E+0	30.795748E+0	51.617175E+0	1.293303E+0	1.327682E+0	1.295813E+0	1.329227E+0	1.312520E+0	450.947595E+0	12.729064E-3	NaN	NaN
109.600000E+0	30.798591E+0	51.688880E+0	1.294414E+0	1.328930E+0	1.296923E+0	1.330475E+0	1.313699E+0	451.574032E+0	12.770042E-3	NaN	NaN
109.700000E+0	30.803080E+0	51.717788E+0	1.295195E+0	1.330072E+0	1.297704E+0	1.331617E+0	1.314660E+0	451.826586E+0	12.897854E-3	NaN	NaN
109.800000E+0	30.805556E+0	51.758558E+0	1.296830E+0	1.331419E+0	1.299339E+0	1.332964E+0	1.316152E+0	452.182765E+0	12.774098E-3	NaN	NaN
109.900000E+0	30.806960E+0	51.801682E+0	1.298263E+0	1.332944E+0	1.300773E+0	1.334489E+0	1.317631E+0	452.559512E+0	12.794365E-3	NaN	NaN
110.000000E+0	30.810295E+0	51.853627E+0	1.298706E+0	1.333526E+0	1.301215E+0	1.335071E+0	1.318143E+0	453.013328E+0	12.842072E-3	NaN	NaN
110.100000E+0	30.815749E+0	51.883966E+0	1.300179E+0	1.334943E+0	1.302689E+0	1.336488E+0	1.319589E+0	453.278379E+0	12.806776E-3	NaN	NaN
110.200000E+0	30.819218E+0	51.937044E+0	1.301167E+0	1.335878E+0	1.303676E+0	1.337423E+0	1.320550E+0	453.742088E+0	12.777820E-3	NaN	NaN
110.300000E+0	30.818207E+0	51.979870E+0	1.302072E+0	1.337047E+0	1.304581E+0	1.338592E+0	1.321587E+0	454.116232E+0	12.867466E-3	NaN	NaN
110.400000E+0	30.824564E+0	52.006543E+0	1.303325E+0	1.338253E+0	1.305834E+0	1.339797E+0	1.322816E+0	454.349259E+0	12.837487E-3	NaN	NaN
110.500000E+0	30.830554E+0	52.065641E+0	1.304447E+0	1.339614E+0	1.306956E+0	1.341159E+0	1.324057E+0	454.865562E+0	12.915933E-3	NaN	NaN
110.600000E+0	30.834453E+0	52.100897E+0	1.305954E+0	1.340897E+0	1.308463E+0	1.342442E+0	1.325452E+0	455.173573E+0	12.817571E-3	NaN	NaN
110.700000E+0	30.835213E+0	52.154869E+0	1.306707E+0	1.341728E+0	1.309216E+0	1.343273E+0	1.326245E+0	455.645093E+0	12.839578E-3	NaN	NaN
110.800000E+0	30.839316E+0	52.185506E+0	1.308106E+0	1.342979E+0	1.310615E+0	1.344524E+0	1.327569E+0	455.912748E+0	12.770868E-3	NaN	NaN
110.900000E+0	30.842785E+0	52.228928E+0	1.309099E+0	1.344410E+0	1.311608E+0	1.345955E+0	1.328781E+0	456.292099E+0	12.924067E-3	NaN	NaN
111.000000E+0	30.845745E+0	52.272469E+0	1.310358E+0	1.345639E+0	1.312868E+0	1.347184E+0	1.330026E+0	456.672492E+0	12.900549E-3	NaN	NaN
111.100000E+0	30.847560E+0	52.313328E+0	1.310964E+0	1.346585E+0	1.313473E+0	1.348130E+0	1.330801E+0	457.029452E+0	13.020900E-3	NaN	NaN
111.200000E+0	30.853434E+0	52.364111E+0	1.312106E+0	1.347312E+0	1.314615E+0	1.348857E+0	1.331736E+0	457.473113E+0	12.856229E-3	NaN	NaN
111.300000E+0	30.854712E+0	52.388251E+0	1.313943E+0	1.348612E+0	1.316452E+0	1.350157E+0	1.333305E+0	457.684009E+0	12.639711E-3	NaN	NaN
111.400000E+0	30.859987E+0	52.431285E+0	1.314594E+0	1.350159E+0	1.317103E+0	1.351703E+0	1.334403E+0	458.059975E+0	12.964760E-3	NaN	NaN
111.500000E+0	30.862973E+0	52.493483E+0	1.315863E+0	1.351088E+0	1.318372E+0	1.352633E+0	1.335503E+0	458.603356E+0	12.827112E-3	NaN	NaN
111.600000E+0	30.867605E+0	52.538842E+0	1.316670E+0	1.352064E+0	1.319179E+0	1.353609E+0	1.336394E+0	458.999631E+0	12.881667E-3	NaN	NaN
111.700000E+0	30.871753E+0	52.557349E+0	1.317952E+0	1.353372E+0	1.320462E+0	1.354917E+0	1.337690E+0	459.161317E+0	12.878771E-3	NaN	NaN
111.800000E+0	30.872754E+0	52.604079E+0	1.318661E+0	1.354195E+0	1.321170E+0	1.355740E+0	1.338455E+0	459.569569E+0	12.913933E-3	NaN	NaN
111.900000E+0	30.875580E+0	52.646667E+0	1.319671E+0	1.355510E+0	1.322180E+0	1.357055E+0	1.339617E+0	459.941630E+0	13.016632E-3	NaN	NaN
112.000000E+0	30.878056E+0	52.680820E+0	1.321100E+0	1.356267E+0	1.323609E+0	1.357812E+0	1.340711E+0	460.240008E+0	12.755724E-3	NaN	NaN
112.100000E+0	30.882044E+0	52.734077E+0	1.322107E+0	1.357540E+0	1.324617E+0	1.359085E+0	1.341851E+0	460.705280E+0	12.843496E-3	NaN	NaN
112.200000E+0	30.882250E+0	52.787155E+0	1.323180E+0	1.358850E+0	1.325690E+0	1.360394E+0	1.343042E+0	461.168989E+0	12.920200E-3	NaN	NaN
112.300000E+0	30.889858E+0	52.834958E+0	1.324538E+0	1.360149E+0	1.327048E+0	1.361694E+0	1.344371E+0	461.586614E+0	12.885706E-3	NaN	NaN
112.400000E+0	30.892066E+0	52.864939E+0	1.325677E+0	1.361100E+0	1.328187E+0	1.362645E+0	1.345416E+0	461.848541E+0	12.805702E-3	NaN	NaN
112.500000E+0	30.895714E+0	52.907467E+0	1.326848E+0	1.362500E+0	1.329357E+0	1.364045E+0	1.346701E+0	462.220081E+0	12.878898E-3	NaN	NaN
112.600000E+0	30.896876E+0	52.956492E+0	1.327364E+0	1.363426E+0	1.329873E+0	1.364971E+0	1.347422E+0	462.648381E+0	13.023958E-3	NaN	NaN
112.700000E+0	30.900971E+0	52.998066E+0	1.328881E+0	1.364634E+0	1.331391E+0	1.366179E+0	1.348785E+0	463.011589E+0	12.896122E-3	NaN	NaN
112.800000E+0	30.901883E+0	53.012997E+0	1.329984E+0	1.365732E+0	1.332493E+0	1.367277E+0	1.349885E+0	463.142032E+0	12.884067E-3	NaN	NaN
112.900000E+0	30.908696E+0	53.067327E+0	1.331193E+0	1.367404E+0	1.333702E+0	1.368949E+0	1.351326E+0	463.616677E+0	13.041472E-3	NaN	NaN
113.000000E+0	30.913757E+0	53.128630E+0	1.332215E+0	1.368445E+0	1.334725E+0	1.369990E+0	1.352357E+0	464.152247E+0	13.038574E-3	NaN	NaN
113.100000E+0	30.916099E+0	53.169996E+0	1.333404E+0	1.369412E+0	1.335914E+0	1.370957E+0	1.353435E+0	464.513633E+0	12.946056E-3	NaN	NaN
113.200000E+0	30.918209E+0	53.207725E+0	1.334635E+0	1.370327E+0	1.337145E+0	1.371872E+0	1.354508E+0	464.843254E+0	12.819189E-3	NaN	NaN
113.300000E+0	30.924199E+0	53.245634E+0	1.335762E+0	1.371858E+0	1.338272E+0	1.373403E+0	1.355837E+0	465.174438E+0	12.955434E-3	NaN	NaN
113.400000E+0	30.924137E+0	53.286791E+0	1.337217E+0	1.373169E+0	1.339727E+0	1.374714E+0	1.357220E+0	465.534002E+0	12.889312E-3	NaN	NaN
113.500000E+0	30.930073E+0	53.324610E+0	1.338509E+0	1.374444E+0	1.341019E+0	1.375989E+0	1.358504E+0	465.864404E+0	12.870771E-3	NaN	NaN
113.600000E+0	30.930431E+0	53.391695E+0	1.339259E+0	1.375256E+0	1.341769E+0	1.376801E+0	1.359285E+0	466.450485E+0	12.886396E-3	NaN	NaN
113.700000E+0	30.938057E+0	53.409100E+0	1.340328E+0	1.376622E+0	1.342837E+0	1.378167E+0	1.360502E+0	466.602538E+0	12.984173E-3	NaN	NaN
113.800000E+0	30.940167E+0	53.454548E+0	1.341176E+0	1.377207E+0	1.343686E+0	1.378752E+0	1.361219E+0	466.999594E+0	12.880568E-3	NaN	NaN
113.900000E+0	30.941365E+0	53.509295E+0	1.342237E+0	1.378627E+0	1.344746E+0	1.380172E+0	1.362459E+0	467.477884E+0	13.000745E-3	NaN	NaN
114.000000E+0	30.947633E+0	53.532392E+0	1.343264E+0	1.379458E+0	1.345773E+0	1.381003E+0	1.363388E+0	467.679666E+0	12.919965E-3	NaN	NaN
114.100000E+0	30.948554E+0	53.586096E+0	1.344563E+0	1.380770E+0	1.347073E+0	1.382315E+0	1.364694E+0	468.148843E+0	12.911974E-3	NaN	NaN
114.200000E+0	30.950968E+0	53.613663E+0	1.345419E+0	1.381893E+0	1.347928E+0	1.383438E+0	1.365683E+0	468.389681E+0	13.000820E-3	NaN	NaN
114.300000E+0	30.952586E+0	53.671390E+0	1.346692E+0	1.383299E+0	1.349201E+0	1.384844E+0	1.367023E+0	468.894007E+0	13.036480E-3	NaN	NaN
114.400000E+0	30.960025E+0	53.719580E+0	1.348254E+0	1.384272E+0	1.350764E+0	1.385817E+0	1.368290E+0	469.315016E+0	12.809208E-3	NaN	NaN
114.500000E+0	30.964933E+0	53.755552E+0	1.349046E+0	1.385173E+0	1.351556E+0	1.386718E+0	1.369137E+0	469.629276E+0	12.841121E-3	NaN	NaN
114.600000E+0	30.962912E+0	53.814441E+0	1.350293E+0	1.386490E+0	1.352803E+0	1.388035E+0	1.370419E+0	470.143757E+0	12.854554E-3	NaN	NaN
114.700000E+0	30.969091E+0	53.835869E+0	1.351482E+0	1.387940E+0	1.353992E+0	1.389485E+0	1.371738E+0	470.330959E+0	12.937347E-3	NaN	NaN
114.800000E+0	30.969815E+0	53.890318E+0	1.352600E+0	1.388896E+0	1.355109E+0	1.390441E+0	1.372775E+0	470.806645E+0	12.868743E-3	NaN	NaN
114.900000E+0	30.976082E+0	53.924322E+0	1.353690E+0	1.390395E+0	1.356200E+0	1.391940E+0	1.374070E+0	471.103721E+0	13.005192E-3	NaN	NaN
115.000000E+0	30.976538E+0	53.956926E+0	1.354718E+0	1.391386E+0	1.357228E+0	1.392931E+0	1.375079E+0	471.388560E+0	12.982205E-3	NaN	NaN
115.100000E+0	30.979703E+0	54.009497E+0	1.355861E+0	1.392392E+0	1.358370E+0	1.393937E+0	1.376154E+0	471.847843E+0	12.922477E-3	NaN	NaN
115.200000E+0	30.984951E+0	54.059297E+0	1.356917E+0	1.393408E+0	1.359427E+0	1.394953E+0	1.377190E+0	472.282913E+0	12.898255E-3	NaN	NaN
115.300000E+0	30.985988E+0	54.116309E+0	1.358093E+0	1.394740E+0	1.360602E+0	1.396285E+0	1.378444E+0	472.780990E+0	12.943384E-3	NaN	NaN
115.400000E+0	30.991174E+0	54.141223E+0	1.359418E+0	1.395737E+0	1.361927E+0	1.397282E+0	1.379604E+0	472.998655E+0	12.813466E-3	NaN	NaN
115.500000E+0	30.995761E+0	54.173112E+0	1.359993E+0	1.397086E+0	1.362503E+0	1.398631E+0	1.380567E+0	473.277245E+0	13.084731E-3	NaN	NaN
115.600000E+0	31.000311E+0	54.215729E+0	1.361507E+0	1.397994E+0	1.364017E+0	1.399539E+0	1.381778E+0	473.649566E+0	12.853917E-3	NaN	NaN
115.700000E+0	31.004800E+0	54.254234E+0	1.362333E+0	1.399446E+0	1.364842E+0	1.400991E+0	1.382917E+0	473.985957E+0	13.069827E-3	NaN	NaN
115.800000E+0	31.004254E+0	54.293662E+0	1.363414E+0	1.400376E+0	1.365923E+0	1.401921E+0	1.383922E+0	474.330420E+0	13.005633E-3	NaN	NaN
115.900000E+0	31.007616E+0	54.347456E+0	1.364834E+0	1.401399E+0	1.367344E+0	1.402944E+0	1.385144E+0	474.800378E+0	12.850653E-3	NaN	NaN
116.000000E+0	31.013857E+0	54.369867E+0	1.365606E+0	1.402516E+0	1.368116E+0	1.404061E+0	1.386088E+0	474.996172E+0	12.966388E-3	NaN	NaN
116.100000E+0	31.016539E+0	54.412425E+0	1.366899E+0	1.403796E+0	1.369408E+0	1.405341E+0	1.387375E+0	475.367973E+0	12.950070E-3	NaN	NaN
116.200000E+0	31.019409E+0	54.480374E+0	1.367977E+0	1.404908E+0	1.370487E+0	1.406453E+0	1.388470E+0	475.961604E+0	12.951872E-3	NaN	NaN
116.300000E+0	31.021134E+0	54.516047E+0	1.369054E+0	1.405905E+0	1.371564E+0	1.407450E+0	1.389507E+0	476.273261E+0	12.913253E-3	NaN	NaN
116.400000E+0	31.022949E+0	54.561019E+0	1.370491E+0	1.407136E+0	1.373000E+0	1.408681E+0	1.390841E+0	476.666151E+0	12.826946E-3	NaN	NaN
116.500000E+0	31.026812E+0	54.598182E+0	1.371336E+0	1.408405E+0	1.373845E+0	1.409950E+0	1.391898E+0	476.990825E+0	12.969650E-3	NaN	NaN
116.600000E+0	31.033455E+0	54.631442E+0	1.372599E+0	1.409381E+0	1.375109E+0	1.410926E+0	1.393017E+0	477.281392E+0	12.856108E-3	NaN	NaN
116.700000E+0	31.035967E+0	54.671407E+0	1.373385E+0	1.410444E+0	1.375895E+0	1.411989E+0	1.393942E+0	477.630541E+0	12.946996E-3	NaN	NaN
116.800000E+0	31.039293E+0	54.725111E+0	1.374632E+0	1.411520E+0	1.377142E+0	1.413065E+0	1.395103E+0	478.099718E+0	12.874698E-3	NaN	NaN
116.900000E+0	31.041617E+0	54.769605E+0	1.375602E+0	1.412687E+0	1.378111E+0	1.414232E+0	1.396172E+0	478.488443E+0	12.935710E-3	NaN	NaN
117.000000E+0	31.043745E+0	54.798126E+0	1.377119E+0	1.414195E+0	1.379628E+0	1.415740E+0	1.397684E+0	478.737612E+0	12.918514E-3	NaN	NaN
117.100000E+0	31.051104E+0	54.858059E+0	1.377754E+0	1.415010E+0	1.380264E+0	1.416555E+0	1.398409E+0	479.261205E+0	12.975963E-3	NaN	NaN
117.200000E+0	31.050737E+0	54.889977E+0	1.378908E+0	1.416213E+0	1.381417E+0	1.417758E+0	1.399588E+0	479.540055E+0	12.982715E-3	NaN	NaN
117.300000E+0	31.054975E+0	54.916322E+0	1.380302E+0	1.417308E+0	1.382812E+0	1.418853E+0	1.400832E+0	479.770218E+0	12.864166E-3	NaN	NaN
117.400000E+0	31.059427E+0	54.980010E+0	1.381425E+0	1.418222E+0	1.383934E+0	1.419767E+0	1.401850E+0	480.326617E+0	12.780416E-3	NaN	NaN
117.500000E+0	31.059499E+0	55.027902E+0	1.382337E+0	1.419764E+0	1.384846E+0	1.421309E+0	1.403077E+0	480.745023E+0	12.993754E-3	NaN	NaN
117.600000E+0	31.065507E+0	55.050194E+0	1.383339E+0	1.420551E+0	1.385849E+0	1.422096E+0	1.403972E+0	480.939775E+0	12.908841E-3	NaN	NaN
117.700000E+0	31.071864E+0	55.092424E+0	1.384238E+0	1.421803E+0	1.386748E+0	1.423348E+0	1.405048E+0	481.308712E+0	13.024740E-3	NaN	NaN
117.800000E+0	31.072302E+0	55.148184E+0	1.386025E+0	1.423003E+0	1.388534E+0	1.424548E+0	1.406541E+0	481.795854E+0	12.802206E-3	NaN	NaN
117.900000E+0	31.071506E+0	55.200130E+0	1.387086E+0	1.424444E+0	1.389595E+0	1.425989E+0	1.407792E+0	482.249670E+0	12.925681E-3	NaN	NaN
118.000000E+0	31.080089E+0	55.232972E+0	1.387980E+0	1.425659E+0	1.390489E+0	1.427204E+0	1.408847E+0	482.536592E+0	13.030023E-3	NaN	NaN
118.100000E+0	31.083093E+0	55.274069E+0	1.389268E+0	1.426832E+0	1.391778E+0	1.428377E+0	1.410077E+0	482.895634E+0	12.977861E-3	NaN	NaN
118.200000E+0	31.087439E+0	55.325776E+0	1.390484E+0	1.427824E+0	1.392993E+0	1.429369E+0	1.411181E+0	483.347367E+0	12.888303E-3	NaN	NaN
118.300000E+0	31.087796E+0	55.358052E+0	1.391806E+0	1.428998E+0	1.394316E+0	1.430543E+0	1.412429E+0	483.629342E+0	12.824377E-3	NaN	NaN
118.400000E+0	31.089620E+0	55.415094E+0	1.392561E+0	1.430073E+0	1.395071E+0	1.431618E+0	1.413344E+0	484.127680E+0	12.929307E-3	NaN	NaN
118.500000E+0	31.096191E+0	55.454552E+0	1.393567E+0	1.431306E+0	1.396076E+0	1.432851E+0	1.414464E+0	484.472402E+0	12.999561E-3	NaN	NaN
118.600000E+0	31.096254E+0	55.478811E+0	1.394620E+0	1.432617E+0	1.397129E+0	1.434162E+0	1.415646E+0	484.684339E+0	13.079653E-3	NaN	NaN
118.700000E+0	31.101055E+0	55.523992E+0	1.396204E+0	1.433816E+0	1.398713E+0	1.435361E+0	1.417037E+0	485.079052E+0	12.931156E-3	NaN	NaN
118.800000E+0	31.106545E+0	55.579871E+0	1.397084E+0	1.434903E+0	1.399594E+0	1.436448E+0	1.418021E+0	485.567236E+0	12.994906E-3	NaN	NaN
118.900000E+0	31.110470E+0	55.616975E+0	1.397990E+0	1.435669E+0	1.400499E+0	1.437214E+0	1.418857E+0	485.891390E+0	12.938309E-3	NaN	NaN
119.000000E+0	31.114958E+0	55.638462E+0	1.399212E+0	1.437205E+0	1.401721E+0	1.438750E+0	1.420235E+0	486.079112E+0	13.035913E-3	NaN	NaN
119.100000E+0	31.115789E+0	55.696309E+0	1.400847E+0	1.438436E+0	1.403356E+0	1.439981E+0	1.421669E+0	486.584480E+0	12.880853E-3	NaN	NaN
119.200000E+0	31.114976E+0	55.739850E+0	1.401331E+0	1.439250E+0	1.403840E+0	1.440795E+0	1.422317E+0	486.964873E+0	12.990849E-3	NaN	NaN
119.300000E+0	31.121368E+0	55.780232E+0	1.402816E+0	1.440333E+0	1.405325E+0	1.441878E+0	1.423601E+0	487.317667E+0	12.838035E-3	NaN	NaN
119.400000E+0	31.126724E+0	55.815816E+0	1.403496E+0	1.441689E+0	1.406006E+0	1.443234E+0	1.424620E+0	487.628542E+0	13.066083E-3	NaN	NaN
119.500000E+0	31.128333E+0	55.869550E+0	1.404562E+0	1.442595E+0	1.407072E+0	1.444140E+0	1.425606E+0	488.097980E+0	13.001021E-3	NaN	NaN
119.600000E+0	31.133143E+0	55.919915E+0	1.406186E+0	1.444116E+0	1.408696E+0	1.445661E+0	1.427178E+0	488.537996E+0	12.950363E-3	NaN	NaN
119.700000E+0	31.134324E+0	55.952460E+0	1.406915E+0	1.445419E+0	1.409424E+0	1.446964E+0	1.428194E+0	488.822314E+0	13.142519E-3	NaN	NaN
119.800000E+0	31.138320E+0	55.977792E+0	1.408172E+0	1.446314E+0	1.410681E+0	1.447859E+0	1.429270E+0	489.043624E+0	13.005849E-3	NaN	NaN
119.900000E+0	31.141959E+0	56.032449E+0	1.409388E+0	1.447252E+0	1.411897E+0	1.448797E+0	1.430347E+0	489.521133E+0	12.898961E-3	NaN	NaN
120.000000E+0	31.146590E+0	56.064636E+0	1.410071E+0	1.448243E+0	1.412580E+0	1.449788E+0	1.431184E+0	489.802326E+0	12.998868E-3	NaN	NaN
120.100000E+0	31.148351E+0	56.116581E+0	1.411336E+0	1.449663E+0	1.413845E+0	1.451208E+0	1.432526E+0	490.256142E+0	13.040779E-3	NaN	NaN
120.200000E+0	31.150524E+0	56.171000E+0	1.412466E+0	1.450790E+0	1.414976E+0	1.452335E+0	1.433655E+0	490.731568E+0	13.029468E-3	NaN	NaN
120.300000E+0	31.154896E+0	56.201965E+0	1.413989E+0	1.451906E+0	1.416499E+0	1.453451E+0	1.434975E+0	491.002086E+0	12.875639E-3	NaN	NaN
120.400000E+0	31.158723E+0	56.243598E+0	1.415088E+0	1.453158E+0	1.417597E+0	1.454703E+0	1.436150E+0	491.365816E+0	12.918435E-3	NaN	NaN
120.500000E+0	31.159286E+0	56.301624E+0	1.415914E+0	1.454415E+0	1.418423E+0	1.455960E+0	1.437191E+0	491.872746E+0	13.058998E-3	NaN	NaN
120.600000E+0	31.164311E+0	56.335628E+0	1.417597E+0	1.455447E+0	1.420106E+0	1.456992E+0	1.438549E+0	492.169822E+0	12.820238E-3	NaN	NaN
120.700000E+0	31.167279E+0	56.363732E+0	1.418377E+0	1.456536E+0	1.420887E+0	1.458081E+0	1.439484E+0	492.415345E+0	12.919159E-3	NaN	NaN
120.800000E+0	31.171195E+0	56.402862E+0	1.419298E+0	1.457489E+0	1.421807E+0	1.459034E+0	1.440421E+0	492.757204E+0	12.922341E-3	NaN	NaN
120.900000E+0	31.174646E+0	56.469321E+0	1.420450E+0	1.458583E+0	1.422959E+0	1.460128E+0	1.441544E+0	493.337817E+0	12.892014E-3	NaN	NaN
121.000000E+0	31.179841E+0	56.493789E+0	1.421563E+0	1.460102E+0	1.424073E+0	1.461647E+0	1.442860E+0	493.551577E+0	13.020710E-3	NaN	NaN
121.100000E+0	31.183184E+0	56.542397E+0	1.422586E+0	1.461011E+0	1.425095E+0	1.462556E+0	1.443826E+0	493.976231E+0	12.972778E-3	NaN	NaN
121.200000E+0	31.186269E+0	56.587934E+0	1.423763E+0	1.462228E+0	1.426273E+0	1.463773E+0	1.445023E+0	494.374068E+0	12.975645E-3	NaN	NaN
121.300000E+0	31.186859E+0	56.632608E+0	1.424783E+0	1.463322E+0	1.427292E+0	1.464867E+0	1.446079E+0	494.764355E+0	12.991718E-3	NaN	NaN
121.400000E+0	31.192367E+0	56.667536E+0	1.425884E+0	1.464121E+0	1.428393E+0	1.465666E+0	1.447030E+0	495.069502E+0	12.878974E-3	NaN	NaN
121.500000E+0	31.193484E+0	56.693733E+0	1.427059E+0	1.465643E+0	1.429568E+0	1.467188E+0	1.448378E+0	495.298363E+0	12.986943E-3	NaN	NaN
121.600000E+0	31.198196E+0	56.756198E+0	1.427989E+0	1.466719E+0	1.430499E+0	1.468264E+0	1.449381E+0	495.844087E+0	13.028126E-3	NaN	NaN
121.700000E+0	31.204463E+0	56.781828E+0	1.429204E+0	1.468078E+0	1.431713E+0	1.469623E+0	1.450668E+0	496.068001E+0	13.066285E-3	NaN	NaN
121.800000E+0	31.204106E+0	56.854129E+0	1.430359E+0	1.468634E+0	1.432868E+0	1.470179E+0	1.451524E+0	496.699645E+0	12.852239E-3	NaN	NaN
121.900000E+0	31.206180E+0	56.877285E+0	1.431593E+0	1.470360E+0	1.434102E+0	1.471905E+0	1.453003E+0	496.901948E+0	13.008365E-3	NaN	NaN
122.000000E+0	31.213002E+0	56.919485E+0	1.432572E+0	1.471391E+0	1.435082E+0	1.472936E+0	1.454009E+0	497.270625E+0	13.017406E-3	NaN	NaN
122.100000E+0	31.216569E+0	56.955934E+0	1.433461E+0	1.472404E+0	1.435971E+0	1.473949E+0	1.454960E+0	497.589051E+0	13.051298E-3	NaN	NaN
122.200000E+0	31.218303E+0	57.015836E+0	1.434955E+0	1.473894E+0	1.437465E+0	1.475439E+0	1.456452E+0	498.112383E+0	13.036701E-3	NaN	NaN
122.300000E+0	31.220244E+0	57.046562E+0	1.435670E+0	1.474689E+0	1.438179E+0	1.476234E+0	1.457206E+0	498.380819E+0	13.057355E-3	NaN	NaN
122.400000E+0	31.225528E+0	57.068735E+0	1.436832E+0	1.475484E+0	1.439341E+0	1.477029E+0	1.458185E+0	498.574531E+0	12.922694E-3	NaN	NaN
122.500000E+0	31.230901E+0	57.124048E+0	1.438259E+0	1.476837E+0	1.440768E+0	1.478382E+0	1.459575E+0	499.057767E+0	12.885068E-3	NaN	NaN
122.600000E+0	31.232939E+0	57.160228E+0	1.439007E+0	1.477955E+0	1.441516E+0	1.479499E+0	1.460508E+0	499.373850E+0	13.003353E-3	NaN	NaN
122.700000E+0	31.231706E+0	57.187110E+0	1.440069E+0	1.479269E+0	1.442578E+0	1.480814E+0	1.461696E+0	499.608699E+0	13.079435E-3	NaN	NaN
122.800000E+0	31.240628E+0	57.247639E+0	1.440923E+0	1.480317E+0	1.443432E+0	1.481862E+0	1.462647E+0	500.137499E+0	13.136950E-3	NaN	NaN
122.900000E+0	31.245045E+0	57.278365E+0	1.442418E+0	1.481528E+0	1.444927E+0	1.483073E+0	1.464000E+0	500.405935E+0	13.028112E-3	NaN	NaN
123.000000E+0	31.246976E+0	57.310462E+0	1.443636E+0	1.482588E+0	1.446145E+0	1.484133E+0	1.465139E+0	500.686348E+0	12.963876E-3	NaN	NaN
123.100000E+0	31.249292E+0	57.362914E+0	1.444677E+0	1.484110E+0	1.447186E+0	1.485655E+0	1.466420E+0	501.144590E+0	13.116558E-3	NaN	NaN
123.200000E+0	31.249980E+0	57.424426E+0	1.446144E+0	1.485112E+0	1.448654E+0	1.486657E+0	1.467655E+0	501.681982E+0	12.946933E-3	NaN	NaN
123.300000E+0	31.252448E+0	57.442755E+0	1.446802E+0	1.485962E+0	1.449311E+0	1.487507E+0	1.468409E+0	501.842106E+0	13.005842E-3	NaN	NaN
123.400000E+0	31.256990E+0	57.496011E+0	1.447839E+0	1.487262E+0	1.450348E+0	1.488807E+0	1.469577E+0	502.307378E+0	13.084933E-3	NaN	NaN
123.500000E+0	31.261621E+0	57.532966E+0	1.449419E+0	1.488427E+0	1.451929E+0	1.489972E+0	1.470950E+0	502.630230E+0	12.931504E-3	NaN	NaN
123.600000E+0	31.261934E+0	57.579011E+0	1.450278E+0	1.489633E+0	1.452787E+0	1.491178E+0	1.471982E+0	503.032493E+0	13.040473E-3	NaN	NaN
123.700000E+0	31.267451E+0	57.597280E+0	1.451531E+0	1.490712E+0	1.454040E+0	1.492257E+0	1.473149E+0	503.192097E+0	12.971280E-3	NaN	NaN
123.800000E+0	31.270276E+0	57.659209E+0	1.452558E+0	1.491764E+0	1.455068E+0	1.493309E+0	1.474188E+0	503.733135E+0	12.970220E-3	NaN	NaN
123.900000E+0	31.274782E+0	57.716638E+0	1.453412E+0	1.492874E+0	1.455922E+0	1.494419E+0	1.475170E+0	504.234857E+0	13.048455E-3	NaN	NaN
124.000000E+0	31.276990E+0	57.745993E+0	1.454581E+0	1.493629E+0	1.457091E+0	1.495174E+0	1.476132E+0	504.491316E+0	12.899836E-3	NaN	NaN
124.100000E+0	31.281568E+0	57.790965E+0	1.455298E+0	1.495245E+0	1.457808E+0	1.496790E+0	1.477299E+0	504.884207E+0	13.193668E-3	NaN	NaN
124.200000E+0	31.284456E+0	57.828635E+0	1.456674E+0	1.496301E+0	1.459183E+0	1.497846E+0	1.478515E+0	505.213307E+0	13.074776E-3	NaN	NaN
124.300000E+0	31.287084E+0	57.873964E+0	1.457653E+0	1.497685E+0	1.460163E+0	1.499230E+0	1.479696E+0	505.609322E+0	13.201290E-3	NaN	NaN
124.400000E+0	31.290741E+0	57.919234E+0	1.458928E+0	1.498771E+0	1.461437E+0	1.500316E+0	1.480877E+0	506.004816E+0	13.127175E-3	NaN	NaN
124.500000E+0	31.294505E+0	57.961494E+0	1.460317E+0	1.500021E+0	1.462827E+0	1.501566E+0	1.482196E+0	506.374013E+0	13.068035E-3	NaN	NaN
124.600000E+0	31.295837E+0	57.993978E+0	1.461226E+0	1.500893E+0	1.463735E+0	1.502438E+0	1.483087E+0	506.657810E+0	13.048132E-3	NaN	NaN
124.700000E+0	31.303973E+0	58.017969E+0	1.462489E+0	1.501851E+0	1.464998E+0	1.503396E+0	1.484197E+0	506.867404E+0	12.935363E-3	NaN	NaN
124.800000E+0	31.303356E+0	58.076292E+0	1.463467E+0	1.503349E+0	1.465976E+0	1.504894E+0	1.485435E+0	507.376937E+0	13.099730E-3	NaN	NaN
124.900000E+0	31.306691E+0	58.134288E+0	1.464448E+0	1.504066E+0	1.466957E+0	1.505610E+0	1.486284E+0	507.883607E+0	13.003220E-3	NaN	NaN
125.000000E+0	31.311653E+0	58.161974E+0	1.466065E+0	1.505255E+0	1.468575E+0	1.506800E+0	1.487687E+0	508.125486E+0	12.847320E-3	NaN	NaN
125.100000E+0	31.312163E+0	58.202296E+0	1.466713E+0	1.506614E+0	1.469222E+0	1.508159E+0	1.488691E+0	508.477759E+0	13.077291E-3	NaN	NaN
125.200000E+0	31.317214E+0	58.253050E+0	1.468161E+0	1.508055E+0	1.470670E+0	1.509600E+0	1.490135E+0	508.921160E+0	13.062611E-3	NaN	NaN
125.300000E+0	31.321765E+0	58.295012E+0	1.468880E+0	1.508805E+0	1.471389E+0	1.510350E+0	1.490869E+0	509.287753E+0	13.066375E-3	NaN	NaN
125.400000E+0	31.326137E+0	58.326066E+0	1.469965E+0	1.509889E+0	1.472474E+0	1.511434E+0	1.491954E+0	509.559053E+0	13.056677E-3	NaN	NaN
125.500000E+0	31.327058E+0	58.377564E+0	1.471371E+0	1.511173E+0	1.473880E+0	1.512718E+0	1.493299E+0	510.008963E+0	13.004005E-3	NaN	NaN
125.600000E+0	31.332199E+0	58.416635E+0	1.472251E+0	1.512076E+0	1.474760E+0	1.513621E+0	1.494191E+0	510.350301E+0	13.003824E-3	NaN	NaN
125.700000E+0	31.334559E+0	58.453411E+0	1.473424E+0	1.513489E+0	1.475933E+0	1.515034E+0	1.495484E+0	510.671591E+0	13.072890E-3	NaN	NaN
125.800000E+0	31.338922E+0	58.492362E+0	1.474605E+0	1.514388E+0	1.477115E+0	1.515933E+0	1.496524E+0	511.011888E+0	12.969410E-3	NaN	NaN
125.900000E+0	31.341828E+0	58.539063E+0	1.475455E+0	1.515743E+0	1.477964E+0	1.517288E+0	1.497626E+0	511.419879E+0	13.128812E-3	NaN	NaN
126.000000E+0	31.343134E+0	58.581173E+0	1.477310E+0	1.517276E+0	1.479820E+0	1.518821E+0	1.499320E+0	511.787774E+0	13.006244E-3	NaN	NaN
126.100000E+0	31.347014E+0	58.627933E+0	1.477948E+0	1.518067E+0	1.480457E+0	1.519612E+0	1.500034E+0	512.196286E+0	13.051110E-3	NaN	NaN
126.200000E+0	31.350921E+0	58.671117E+0	1.478510E+0	1.519026E+0	1.481019E+0	1.520571E+0	1.500795E+0	512.573555E+0	13.176945E-3	NaN	NaN
126.300000E+0	31.354515E+0	58.691442E+0	1.479837E+0	1.519810E+0	1.482347E+0	1.521355E+0	1.501851E+0	512.751123E+0	12.986708E-3	NaN	NaN
126.400000E+0	31.358038E+0	58.732659E+0	1.481382E+0	1.521339E+0	1.483891E+0	1.522884E+0	1.503388E+0	513.111207E+0	12.968280E-3	NaN	513.111207E+0
126.500000E+0	31.361077E+0	58.788747E+0	1.482111E+0	1.522295E+0	1.484620E+0	1.523840E+0	1.504230E+0	513.601214E+0	13.036502E-3	NaN	513.601214E+0
126.600000E+0	31.364055E+0	58.837086E+0	1.483185E+0	1.523457E+0	1.485694E+0	1.525002E+0	1.505348E+0	514.023525E+0	13.056119E-3	NaN	514.023525E+0
126.700000E+0	31.369294E+0	58.855802E+0	1.484428E+0	1.524428E+0	1.486937E+0	1.525973E+0	1.506455E+0	514.187034E+0	12.956120E-3	NaN	514.187034E+0
126.800000E+0	31.372683E+0	58.910340E+0	1.485921E+0	1.526126E+0	1.488431E+0	1.527671E+0	1.508051E+0	514.663501E+0	13.010193E-3	NaN	514.663501E+0
126.900000E+0	31.375275E+0	58.946401E+0	1.486742E+0	1.527149E+0	1.489251E+0	1.528694E+0	1.508972E+0	514.978542E+0	13.069198E-3	NaN	514.978542E+0
127.000000E+0	31.377144E+0	59.001207E+0	1.487609E+0	1.528229E+0	1.490119E+0	1.529774E+0	1.509946E+0	515.457353E+0	13.131233E-3	NaN	515.457353E+0
127.100000E+0	31.381802E+0	59.028924E+0	1.488914E+0	1.529248E+0	1.491423E+0	1.530793E+0	1.511108E+0	515.699492E+0	13.026861E-3	NaN	515.699492E+0
127.200000E+0	31.384466E+0	59.084207E+0	1.489760E+0	1.530107E+0	1.492269E+0	1.531652E+0	1.511961E+0	516.182468E+0	13.023854E-3	NaN	516.182468E+0
127.300000E+0	31.390215E+0	59.107780E+0	1.491071E+0	1.531320E+0	1.493580E+0	1.532865E+0	1.513223E+0	516.388417E+0	12.980695E-3	NaN	516.388417E+0
127.400000E+0	31.391681E+0	59.153706E+0	1.492243E+0	1.532723E+0	1.494752E+0	1.534268E+0	1.514510E+0	516.789639E+0	13.045617E-3	NaN	516.789639E+0
127.500000E+0	31.392316E+0	59.214741E+0	1.492916E+0	1.533400E+0	1.495425E+0	1.534945E+0	1.515185E+0	517.322865E+0	13.041182E-3	NaN	517.322865E+0
127.600000E+0	31.397457E+0	59.240282E+0	1.494341E+0	1.534941E+0	1.496850E+0	1.536486E+0	1.516668E+0	517.545998E+0	13.066745E-3	NaN	517.545998E+0
127.700000E+0	31.402258E+0	59.284925E+0	1.495143E+0	1.535831E+0	1.497652E+0	1.537376E+0	1.517514E+0	517.936024E+0	13.088528E-3	NaN	517.936024E+0
127.800000E+0	31.402983E+0	59.320480E+0	1.496267E+0	1.537280E+0	1.498777E+0	1.538825E+0	1.518801E+0	518.246639E+0	13.184183E-3	NaN	518.246639E+0
127.900000E+0	31.406952E+0	59.356421E+0	1.497697E+0	1.538297E+0	1.500207E+0	1.539842E+0	1.520024E+0	518.560639E+0	13.037699E-3	NaN	518.560639E+0
128.000000E+0	31.411548E+0	59.398413E+0	1.498913E+0	1.539251E+0	1.501423E+0	1.540796E+0	1.521109E+0	518.927492E+0	12.942387E-3	NaN	518.927492E+0
128.100000E+0	31.415464E+0	59.437484E+0	1.499924E+0	1.540571E+0	1.502433E+0	1.542116E+0	1.522274E+0	519.268830E+0	13.034090E-3	NaN	519.268830E+0
128.200000E+0	31.418155E+0	59.488356E+0	1.500880E+0	1.541863E+0	1.503389E+0	1.543408E+0	1.523398E+0	519.713273E+0	13.134614E-3	NaN	519.713273E+0
128.300000E+0	31.421204E+0	59.543282E+0	1.502035E+0	1.542803E+0	1.504545E+0	1.544348E+0	1.524446E+0	520.193125E+0	13.054816E-3	NaN	520.193125E+0
128.400000E+0	31.428106E+0	59.575766E+0	1.502949E+0	1.544069E+0	1.505458E+0	1.545614E+0	1.525536E+0	520.476922E+0	13.161143E-3	NaN	520.476922E+0
128.500000E+0	31.431038E+0	59.633225E+0	1.503789E+0	1.545068E+0	1.506298E+0	1.546612E+0	1.526455E+0	520.978905E+0	13.205147E-3	NaN	520.978905E+0
128.600000E+0	31.433426E+0	59.661955E+0	1.505454E+0	1.546381E+0	1.507964E+0	1.547926E+0	1.527945E+0	521.229897E+0	13.077196E-3	NaN	521.229897E+0
128.700000E+0	31.436224E+0	59.684187E+0	1.506052E+0	1.547157E+0	1.508562E+0	1.548702E+0	1.528632E+0	521.424129E+0	13.129420E-3	NaN	521.424129E+0
128.800000E+0	31.439335E+0	59.743166E+0	1.507486E+0	1.548679E+0	1.509996E+0	1.550224E+0	1.530110E+0	521.939390E+0	13.145562E-3	NaN	521.939390E+0
128.900000E+0	31.443564E+0	59.774965E+0	1.508771E+0	1.549927E+0	1.511280E+0	1.551472E+0	1.531376E+0	522.217199E+0	13.122821E-3	NaN	522.217199E+0
129.000000E+0	31.446229E+0	59.824258E+0	1.510228E+0	1.551141E+0	1.512737E+0	1.552686E+0	1.532712E+0	522.647842E+0	13.032052E-3	NaN	522.647842E+0
129.100000E+0	31.451772E+0	59.864700E+0	1.510903E+0	1.552183E+0	1.513413E+0	1.553727E+0	1.533570E+0	523.001157E+0	13.144079E-3	NaN	523.001157E+0
129.200000E+0	31.448285E+0	59.912711E+0	1.511727E+0	1.553030E+0	1.514237E+0	1.554574E+0	1.534405E+0	523.420604E+0	13.144498E-3	NaN	523.420604E+0
129.300000E+0	31.453006E+0	59.958041E+0	1.512942E+0	1.554256E+0	1.515452E+0	1.555801E+0	1.535626E+0	523.816619E+0	13.137734E-3	NaN	523.816619E+0
129.400000E+0	31.456296E+0	59.996575E+0	1.514288E+0	1.555653E+0	1.516797E+0	1.557198E+0	1.536997E+0	524.153270E+0	13.142691E-3	NaN	524.153270E+0
129.500000E+0	31.461204E+0	60.039371E+0	1.514908E+0	1.556614E+0	1.517418E+0	1.558159E+0	1.537788E+0	524.527154E+0	13.246594E-3	NaN	524.527154E+0
129.600000E+0	31.464772E+0	60.075402E+0	1.515855E+0	1.557112E+0	1.518364E+0	1.558657E+0	1.538510E+0	524.841935E+0	13.094704E-3	NaN	524.841935E+0
129.700000E+0	31.467740E+0	60.100257E+0	1.517342E+0	1.558786E+0	1.519851E+0	1.560331E+0	1.540091E+0	525.059079E+0	13.142027E-3	NaN	525.059079E+0
129.800000E+0	31.472085E+0	60.155571E+0	1.518521E+0	1.560086E+0	1.521031E+0	1.561631E+0	1.541331E+0	525.542316E+0	13.170513E-3	NaN	525.542316E+0
129.900000E+0	31.475858E+0	60.202330E+0	1.519698E+0	1.561163E+0	1.522207E+0	1.562708E+0	1.542457E+0	525.950828E+0	13.128434E-3	NaN	525.950828E+0
130.000000E+0	31.476153E+0	60.238540E+0	1.520803E+0	1.562294E+0	1.523313E+0	1.563839E+0	1.543576E+0	526.267171E+0	13.127419E-3	NaN	526.267171E+0
130.100000E+0	31.482304E+0	60.292631E+0	1.522212E+0	1.563470E+0	1.524721E+0	1.565015E+0	1.544868E+0	526.739732E+0	13.041393E-3	NaN	526.739732E+0
130.200000E+0	31.483958E+0	60.341448E+0	1.523132E+0	1.564760E+0	1.525642E+0	1.566305E+0	1.545974E+0	527.166210E+0	13.151396E-3	NaN	527.166210E+0
130.300000E+0	31.486462E+0	60.380250E+0	1.524257E+0	1.565831E+0	1.526766E+0	1.567376E+0	1.547071E+0	527.505204E+0	13.124730E-3	NaN	527.505204E+0
130.400000E+0	31.491281E+0	60.395986E+0	1.525573E+0	1.566689E+0	1.528082E+0	1.568234E+0	1.548158E+0	527.642677E+0	12.967672E-3	NaN	527.642677E+0
130.500000E+0	31.495286E+0	60.466856E+0	1.526365E+0	1.568008E+0	1.528875E+0	1.569553E+0	1.549214E+0	528.261824E+0	13.128697E-3	NaN	528.261824E+0
130.600000E+0	31.498398E+0	60.484558E+0	1.527403E+0	1.569103E+0	1.529912E+0	1.570648E+0	1.550280E+0	528.416481E+0	13.138316E-3	NaN	528.416481E+0
130.700000E+0	31.503637E+0	60.537308E+0	1.528287E+0	1.570167E+0	1.530796E+0	1.571712E+0	1.551254E+0	528.877326E+0	13.187893E-3	NaN	528.877326E+0
130.800000E+0	31.502457E+0	60.574710E+0	1.529628E+0	1.571290E+0	1.532138E+0	1.572835E+0	1.552486E+0	529.204083E+0	13.107168E-3	NaN	529.204083E+0
130.900000E+0	31.506274E+0	60.609609E+0	1.530979E+0	1.572409E+0	1.533488E+0	1.573954E+0	1.553721E+0	529.508970E+0	13.022326E-3	NaN	529.508970E+0
131.000000E+0	31.513203E+0	60.648024E+0	1.531857E+0	1.573565E+0	1.534367E+0	1.575110E+0	1.554738E+0	529.844580E+0	13.102941E-3	NaN	529.844580E+0
131.100000E+0	31.517906E+0	60.683906E+0	1.532776E+0	1.574845E+0	1.535286E+0	1.576390E+0	1.555838E+0	530.158059E+0	13.209759E-3	NaN	530.158059E+0
131.200000E+0	31.520374E+0	60.727656E+0	1.533949E+0	1.575582E+0	1.536459E+0	1.577127E+0	1.556793E+0	530.540275E+0	13.061527E-3	NaN	530.540275E+0
131.300000E+0	31.523628E+0	60.771167E+0	1.534860E+0	1.576823E+0	1.537370E+0	1.578368E+0	1.557869E+0	530.920407E+0	13.158488E-3	NaN	530.920407E+0
131.400000E+0	31.524916E+0	60.825080E+0	1.535648E+0	1.578084E+0	1.538157E+0	1.579629E+0	1.558893E+0	531.391407E+0	13.301639E-3	NaN	531.391407E+0
131.500000E+0	31.526311E+0	60.854226E+0	1.537461E+0	1.579348E+0	1.539971E+0	1.580893E+0	1.560432E+0	531.646043E+0	13.112429E-3	NaN	531.646043E+0
131.600000E+0	31.532202E+0	60.918063E+0	1.538335E+0	1.580524E+0	1.540845E+0	1.582069E+0	1.561457E+0	532.203744E+0	13.200590E-3	NaN	532.203744E+0
131.700000E+0	31.535063E+0	60.930938E+0	1.540017E+0	1.581393E+0	1.542527E+0	1.582938E+0	1.562732E+0	532.316222E+0	12.929691E-3	NaN	532.316222E+0
131.800000E+0	31.538193E+0	60.981363E+0	1.541013E+0	1.582675E+0	1.543522E+0	1.584220E+0	1.563871E+0	532.756759E+0	13.011940E-3	NaN	532.756759E+0
131.900000E+0	31.539722E+0	61.031431E+0	1.541694E+0	1.583512E+0	1.544203E+0	1.585057E+0	1.564630E+0	533.194171E+0	13.055341E-3	NaN	533.194171E+0
132.000000E+0	31.541411E+0	61.052501E+0	1.542575E+0	1.584775E+0	1.545084E+0	1.586320E+0	1.565702E+0	533.378249E+0	13.168413E-3	NaN	533.378249E+0
132.100000E+0	31.550039E+0	61.090857E+0	1.543610E+0	1.585588E+0	1.546120E+0	1.587133E+0	1.566626E+0	533.713338E+0	13.089689E-3	NaN	533.713338E+0
132.200000E+0	31.549610E+0	61.141193E+0	1.545252E+0	1.586902E+0	1.547761E+0	1.588447E+0	1.568104E+0	534.153094E+0	12.972825E-3	NaN	534.153094E+0
132.300000E+0	31.554250E+0	61.173290E+0	1.545862E+0	1.588265E+0	1.548371E+0	1.589810E+0	1.569091E+0	534.433507E+0	13.204553E-3	NaN	534.433507E+0
132.400000E+0	31.555475E+0	61.221868E+0	1.546707E+0	1.589394E+0	1.549216E+0	1.590939E+0	1.570077E+0	534.857901E+0	13.286796E-3	NaN	534.857901E+0
132.500000E+0	31.561126E+0	61.272264E+0	1.548483E+0	1.590402E+0	1.550992E+0	1.591947E+0	1.571469E+0	535.298177E+0	13.030572E-3	NaN	535.298177E+0
132.600000E+0	31.564925E+0	61.325341E+0	1.549598E+0	1.591648E+0	1.552108E+0	1.593193E+0	1.572650E+0	535.761887E+0	13.062479E-3	NaN	535.761887E+0
132.700000E+0	31.568117E+0	61.348468E+0	1.550613E+0	1.592770E+0	1.553122E+0	1.594315E+0	1.573718E+0	535.963930E+0	13.087701E-3	NaN	535.963930E+0
132.800000E+0	31.573660E+0	61.366409E+0	1.551761E+0	1.593733E+0	1.554270E+0	1.595278E+0	1.574774E+0	536.120669E+0	13.020261E-3	NaN	536.120669E+0
132.900000E+0	31.576611E+0	61.445624E+0	1.552980E+0	1.594582E+0	1.555489E+0	1.596127E+0	1.575808E+0	536.812718E+0	12.894081E-3	NaN	536.812718E+0
133.000000E+0	31.575806E+0	61.465502E+0	1.554363E+0	1.596288E+0	1.556873E+0	1.597833E+0	1.577353E+0	536.986382E+0	12.983857E-3	NaN	536.986382E+0
133.100000E+0	31.582673E+0	61.508685E+0	1.555435E+0	1.597250E+0	1.557945E+0	1.598795E+0	1.578370E+0	537.363650E+0	12.940750E-3	NaN	537.363650E+0
133.200000E+0	31.586043E+0	61.572790E+0	1.556298E+0	1.598578E+0	1.558807E+0	1.600123E+0	1.579465E+0	537.923694E+0	13.078954E-3	NaN	537.923694E+0
133.300000E+0	31.587268E+0	61.592996E+0	1.557284E+0	1.599534E+0	1.559793E+0	1.601079E+0	1.580436E+0	538.100221E+0	13.061676E-3	NaN	538.100221E+0
133.400000E+0	31.592838E+0	61.629713E+0	1.558747E+0	1.600585E+0	1.561257E+0	1.602130E+0	1.581693E+0	538.420991E+0	12.920718E-3	NaN	538.420991E+0
133.500000E+0	31.592659E+0	61.704159E+0	1.559706E+0	1.601945E+0	1.562216E+0	1.603490E+0	1.582853E+0	539.071381E+0	13.037966E-3	NaN	539.071381E+0
133.600000E+0	31.597523E+0	61.744630E+0	1.560937E+0	1.603317E+0	1.563446E+0	1.604862E+0	1.584154E+0	539.424957E+0	13.072031E-3	NaN	539.424957E+0
133.700000E+0	31.601260E+0	61.762005E+0	1.561823E+0	1.604115E+0	1.564332E+0	1.605660E+0	1.584996E+0	539.576749E+0	13.037072E-3	NaN	539.576749E+0
133.800000E+0	31.604506E+0	61.806053E+0	1.563397E+0	1.605470E+0	1.565906E+0	1.607015E+0	1.586461E+0	539.961568E+0	12.956282E-3	NaN	539.961568E+0
133.900000E+0	31.605999E+0	61.845392E+0	1.564285E+0	1.606490E+0	1.566795E+0	1.608035E+0	1.587415E+0	540.305249E+0	12.989797E-3	NaN	540.305249E+0
134.000000E+0	31.610720E+0	61.894268E+0	1.565615E+0	1.607610E+0	1.568124E+0	1.609154E+0	1.588639E+0	540.732247E+0	12.913562E-3	NaN	540.732247E+0
134.100000E+0	31.614063E+0	61.925918E+0	1.566993E+0	1.608961E+0	1.569503E+0	1.610506E+0	1.590004E+0	541.008754E+0	12.894044E-3	NaN	541.008754E+0
134.200000E+0	31.618587E+0	61.980933E+0	1.567891E+0	1.609991E+0	1.570400E+0	1.611536E+0	1.590968E+0	541.489387E+0	12.928004E-3	NaN	541.489387E+0
134.300000E+0	31.620563E+0	62.012941E+0	1.569007E+0	1.611215E+0	1.571517E+0	1.612760E+0	1.592138E+0	541.769019E+0	12.952196E-3	NaN	541.769019E+0
134.400000E+0	31.625132E+0	62.066555E+0	1.570617E+0	1.612432E+0	1.573126E+0	1.613977E+0	1.593552E+0	542.237415E+0	12.817462E-3	NaN	542.237415E+0
134.500000E+0	31.627752E+0	62.090755E+0	1.571425E+0	1.613166E+0	1.573935E+0	1.614711E+0	1.594323E+0	542.448831E+0	12.788082E-3	NaN	542.448831E+0
134.600000E+0	31.631909E+0	62.126428E+0	1.571959E+0	1.614131E+0	1.574468E+0	1.615676E+0	1.595072E+0	542.760487E+0	12.917348E-3	NaN	542.760487E+0
134.700000E+0	31.635092E+0	62.166929E+0	1.573424E+0	1.615151E+0	1.575933E+0	1.616696E+0	1.596315E+0	543.114323E+0	12.767833E-3	NaN	543.114323E+0
134.800000E+0	31.635780E+0	62.216729E+0	1.574522E+0	1.616656E+0	1.577031E+0	1.618201E+0	1.597616E+0	543.549392E+0	12.884840E-3	NaN	543.549392E+0
134.900000E+0	31.642236E+0	62.266141E+0	1.575738E+0	1.617718E+0	1.578248E+0	1.619263E+0	1.598755E+0	543.981077E+0	12.827194E-3	NaN	543.981077E+0
135.000000E+0	31.646724E+0	62.300116E+0	1.577066E+0	1.618893E+0	1.579575E+0	1.620438E+0	1.600006E+0	544.277892E+0	12.769480E-3	NaN	544.277892E+0
135.100000E+0	31.646205E+0	62.356234E+0	1.578090E+0	1.619873E+0	1.580600E+0	1.621418E+0	1.601009E+0	544.768159E+0	12.747709E-3	NaN	544.768159E+0
135.200000E+0	31.650407E+0	62.392741E+0	1.579309E+0	1.620740E+0	1.581818E+0	1.622285E+0	1.602052E+0	545.087106E+0	12.629842E-3	NaN	545.087106E+0
135.300000E+0	31.654136E+0	62.420517E+0	1.580756E+0	1.622427E+0	1.583265E+0	1.623972E+0	1.603619E+0	545.329765E+0	NaN	NaN	NaN
135.400000E+0	31.656541E+0	62.469602E+0	1.580143E+0	1.626042E+0	1.582653E+0	1.627587E+0	1.603794E+0	545.758586E+0	NaN	NaN	NaN
135.500000E+0	31.662647E+0	62.519342E+0	1.585887E+0	1.625251E+0	1.588397E+0	1.626796E+0	1.605857E+0	546.193134E+0	NaN	NaN	NaN
135.600000E+0	31.663389E+0	62.561959E+0	1.586154E+0	1.625557E+0	1.588663E+0	1.627102E+0	1.606108E+0	546.565456E+0	NaN	NaN	NaN
135.700000E+0	31.669129E+0	62.588125E+0	1.590890E+0	1.636286E+0	1.593400E+0	1.637831E+0	1.608047E+0	546.794056E+0	NaN	NaN	NaN
135.800000E+0	31.672437E+0	62.609047E+0	1.590853E+0	1.624456E+0	1.593362E+0	1.626001E+0	1.609164E+0	546.976832E+0	NaN	NaN	NaN
135.900000E+0	31.676657E+0	62.644720E+0	1.588797E+0	1.630075E+0	1.591307E+0	1.631620E+0	1.610590E+0	547.288488E+0	NaN	NaN	NaN
136.000000E+0	31.676595E+0	62.704325E+0	1.600393E+0	1.637089E+0	1.602902E+0	1.638634E+0	1.610569E+0	547.809218E+0	NaN	NaN	NaN
136.100000E+0	31.680484E+0	62.750459E+0	1.618635E+0	1.645603E+0	1.621145E+0	1.647148E+0	1.611883E+0	548.212262E+0	NaN	NaN	NaN
136.200000E+0	31.684364E+0	62.790990E+0	1.615424E+0	1.643599E+0	1.617933E+0	1.645144E+0	1.613193E+0	548.566358E+0	NaN	NaN	NaN
136.300000E+0	31.687887E+0	62.835068E+0	1.599854E+0	1.632494E+0	1.602364E+0	1.634039E+0	1.614383E+0	548.951437E+0	NaN	NaN	NaN
136.400000E+0	31.691231E+0	62.853783E+0	1.599925E+0	1.631244E+0	1.602435E+0	1.632789E+0	1.615513E+0	549.114946E+0	NaN	NaN	NaN
136.500000E+0	31.694431E+0	62.921226E+0	1.597871E+0	1.632428E+0	1.600380E+0	1.633973E+0	1.616594E+0	549.704151E+0	NaN	NaN	NaN
136.600000E+0	31.698133E+0	62.965065E+0	1.598216E+0	1.641966E+0	1.600726E+0	1.643511E+0	1.617845E+0	550.087148E+0	NaN	NaN	NaN
136.700000E+0	31.699259E+0	62.995046E+0	1.637828E+0	1.688247E+0	1.640337E+0	1.689792E+0	1.618225E+0	550.349074E+0	NaN	NaN	NaN
136.800000E+0	31.704910E+0	63.025177E+0	1.713293E+0	1.742634E+0	1.715802E+0	1.744179E+0	1.620134E+0	550.612303E+0	NaN	NaN	NaN
136.900000E+0	31.707512E+0	63.076109E+0	1.727464E+0	1.760220E+0	1.729974E+0	1.761765E+0	1.621013E+0	551.057266E+0	NaN	NaN	NaN
137.000000E+0	31.710498E+0	63.109934E+0	1.788630E+0	1.766257E+0	1.791139E+0	1.767802E+0	1.622022E+0	551.352780E+0	NaN	NaN	NaN
137.100000E+0	31.717588E+0	63.149124E+0	1.559385E+0	783.452454E-3	1.561894E+0	784.997392E-3	1.624417E+0	551.695159E+0	NaN	NaN	NaN
137.200000E+0	31.717704E+0	63.200444E+0	1.552693E+0	768.007698E-3	1.555202E+0	769.552635E-3	1.624456E+0	552.143507E+0	NaN	NaN	NaN
137.300000E+0	31.717802E+0	63.254148E+0	1.493517E+0	852.730938E-3	1.496026E+0	854.275876E-3	1.624489E+0	552.612684E+0	NaN	NaN	NaN
137.400000E+0	31.723837E+0	63.266605E+0	1.183003E+0	719.529448E-3	1.185513E+0	721.074385E-3	1.626528E+0	552.721517E+0	NaN	NaN	NaN
137.500000E+0	31.729202E+0	63.330591E+0	1.320109E+0	754.184187E-3	1.322618E+0	755.729125E-3	1.628340E+0	553.280519E+0	NaN	NaN	NaN
137.600000E+0	31.733341E+0	63.358933E+0	1.501022E+0	653.537564E-3	1.503531E+0	655.082502E-3	1.629739E+0	553.528126E+0	NaN	NaN	NaN
137.700000E+0	31.733028E+0	63.403398E+0	1.499736E+0	726.097880E-3	1.502245E+0	727.642818E-3	1.629633E+0	553.916590E+0	NaN	NaN	NaN
137.800000E+0	31.737508E+0	63.447326E+0	1.346597E+0	720.185695E-3	1.349107E+0	721.730632E-3	1.631146E+0	554.300368E+0	NaN	NaN	NaN
137.900000E+0	31.743936E+0	63.492328E+0	1.395808E+0	643.192581E-3	1.398317E+0	644.737519E-3	1.633318E+0	554.693518E+0	NaN	NaN	NaN
138.000000E+0	31.744097E+0	63.531607E+0	1.732294E+0	1.050015E+0	1.734803E+0	1.051560E+0	1.633372E+0	555.036679E+0	NaN	NaN	NaN
138.100000E+0	31.747602E+0	63.560665E+0	1.396619E+0	673.435980E-3	1.399129E+0	674.980918E-3	1.634556E+0	555.290534E+0	NaN	NaN	NaN
138.200000E+0	31.749613E+0	63.595295E+0	1.396349E+0	674.324686E-3	1.398859E+0	675.869623E-3	1.635236E+0	555.593078E+0	NaN	NaN	NaN
138.300000E+0	31.755925E+0	63.649774E+0	1.346642E+0	794.277851E-3	1.349151E+0	795.822788E-3	1.637368E+0	556.069024E+0	NaN	NaN	NaN
138.400000E+0	31.757159E+0	63.679457E+0	1.344116E+0	843.851038E-3	1.346625E+0	845.395975E-3	1.637785E+0	556.328348E+0	NaN	NaN	NaN
138.500000E+0	31.760172E+0	63.724607E+0	1.345372E+0	816.315478E-3	1.347881E+0	817.860415E-3	1.638803E+0	556.722800E+0	NaN	NaN	NaN
138.600000E+0	31.763248E+0	63.768029E+0	1.345150E+0	811.980432E-3	1.347659E+0	813.525369E-3	1.639842E+0	557.102151E+0	NaN	NaN	NaN
138.700000E+0	31.769310E+0	63.804209E+0	1.389381E+0	751.773179E-3	1.391890E+0	753.318117E-3	1.641889E+0	557.418234E+0	NaN	NaN	NaN
138.800000E+0	31.769953E+0	63.858598E+0	1.320833E+0	724.016486E-3	1.323342E+0	725.561423E-3	1.642107E+0	557.893399E+0	NaN	NaN	NaN
138.900000E+0	31.772207E+0	63.902050E+0	1.317184E+0	114.213833E-3	1.319693E+0	115.758771E-3	1.642868E+0	558.273011E+0	NaN	NaN	NaN
139.000000E+0	31.777213E+0	63.927919E+0	1.256816E+0	758.540691E-3	1.259325E+0	760.085628E-3	1.644559E+0	558.499007E+0	NaN	NaN	NaN
139.100000E+0	31.782086E+0	63.980073E+0	1.323669E+0	813.967055E-3	1.326178E+0	815.511992E-3	1.646205E+0	558.954645E+0	NaN	NaN	NaN
139.200000E+0	31.782041E+0	64.028889E+0	1.182892E+0	645.748429E-3	1.185401E+0	647.293366E-3	1.646190E+0	559.381123E+0	NaN	NaN	NaN
139.300000E+0	31.783981E+0	64.086288E+0	1.205383E+0	736.873209E-3	1.207892E+0	738.418146E-3	1.646846E+0	559.882585E+0	NaN	NaN	NaN
139.400000E+0	31.791053E+0	64.112186E+0	1.204286E+0	732.736050E-3	1.206796E+0	734.280987E-3	1.649235E+0	560.108842E+0	NaN	NaN	NaN
139.500000E+0	31.793235E+0	64.134598E+0	1.204606E+0	732.125698E-3	1.207116E+0	733.670636E-3	1.649972E+0	560.304636E+0	NaN	NaN	NaN
139.600000E+0	31.800191E+0	64.183623E+0	1.204540E+0	732.125102E-3	1.207049E+0	733.670040E-3	1.652322E+0	560.732936E+0	NaN	NaN	NaN
139.700000E+0	31.800182E+0	64.222634E+0	1.204274E+0	734.018146E-3	1.206783E+0	735.563084E-3	1.652318E+0	561.073753E+0	NaN	NaN	NaN
139.800000E+0	31.805081E+0	64.253896E+0	1.204838E+0	734.123646E-3	1.207347E+0	735.668584E-3	1.653974E+0	561.346875E+0	NaN	NaN	NaN
139.900000E+0	31.804885E+0	64.304650E+0	1.204663E+0	733.907878E-3	1.207172E+0	735.452815E-3	1.653907E+0	561.790276E+0	NaN	NaN	NaN
140.000000E+0	31.812824E+0	64.346939E+0	1.204468E+0	733.650385E-3	1.206978E+0	735.195323E-3	1.656589E+0	562.159734E+0	NaN	NaN	NaN
140.100000E+0	31.815935E+0	64.395964E+0	1.204528E+0	733.422100E-3	1.207037E+0	734.967037E-3	1.657640E+0	562.588033E+0	NaN	NaN	NaN
140.200000E+0	31.816686E+0	64.423621E+0	1.204605E+0	733.800589E-3	1.207114E+0	735.345527E-3	1.657894E+0	562.829652E+0	NaN	NaN	NaN
140.300000E+0	31.820200E+0	64.461589E+0	1.204385E+0	733.715951E-3	1.206895E+0	735.260888E-3	1.659081E+0	563.161356E+0	NaN	NaN	NaN
140.400000E+0	31.824939E+0	64.499378E+0	1.204579E+0	733.726679E-3	1.207088E+0	735.271617E-3	1.660682E+0	563.491499E+0	NaN	NaN	NaN
140.500000E+0	31.826763E+0	64.565539E+0	1.204361E+0	733.859598E-3	1.206871E+0	735.404535E-3	1.661298E+0	564.069508E+0	NaN	NaN	NaN
140.600000E+0	31.829802E+0	64.595222E+0	1.204482E+0	733.245670E-3	1.206991E+0	734.790607E-3	1.662325E+0	564.328831E+0	NaN	NaN	NaN
140.700000E+0	31.833826E+0	64.622998E+0	1.204605E+0	733.751117E-3	1.207115E+0	735.296055E-3	1.663684E+0	564.571491E+0	NaN	NaN	NaN
140.800000E+0	31.836606E+0	64.666480E+0	1.204489E+0	734.131395E-3	1.206998E+0	735.676332E-3	1.664623E+0	564.951363E+0	NaN	NaN	NaN
140.900000E+0	31.843759E+0	64.702690E+0	1.204301E+0	733.919798E-3	1.206811E+0	735.464736E-3	1.667039E+0	565.267706E+0	NaN	NaN	NaN
141.000000E+0	31.844993E+0	64.743102E+0	1.204605E+0	733.551442E-3	1.207115E+0	735.096379E-3	1.667456E+0	565.620760E+0	NaN	NaN	NaN
141.100000E+0	31.849731E+0	64.766914E+0	1.204386E+0	733.887612E-3	1.206896E+0	735.432549E-3	1.669057E+0	565.828792E+0	NaN	NaN	NaN
141.200000E+0	31.850455E+0	64.837813E+0	1.204777E+0	733.915626E-3	1.207287E+0	735.460564E-3	1.669302E+0	566.448199E+0	NaN	NaN	NaN
141.300000E+0	31.852771E+0	64.862490E+0	1.204252E+0	733.727871E-3	1.206761E+0	735.272809E-3	1.670084E+0	566.663781E+0	NaN	NaN	NaN
141.400000E+0	31.856097E+0	64.896703E+0	1.204503E+0	733.881055E-3	1.207012E+0	735.425993E-3	1.671208E+0	566.962680E+0	NaN	NaN	NaN
141.500000E+0	31.861569E+0	64.952642E+0	1.204938E+0	733.882844E-3	1.207447E+0	735.427781E-3	1.673056E+0	567.451384E+0	NaN	NaN	NaN
141.600000E+0	31.864939E+0	64.988136E+0	1.204701E+0	733.866154E-3	1.207211E+0	735.411092E-3	1.674195E+0	567.761478E+0	NaN	NaN	NaN
141.700000E+0	31.870134E+0	65.021545E+0	1.204338E+0	733.723103E-3	1.206847E+0	735.268040E-3	1.675949E+0	568.053347E+0	NaN	NaN	NaN
141.800000E+0	31.870357E+0	65.074116E+0	1.204388E+0	733.595549E-3	1.206897E+0	735.140487E-3	1.676025E+0	568.512630E+0	NaN	NaN	NaN
141.900000E+0	31.874068E+0	65.117955E+0	1.204295E+0	733.756482E-3	1.206804E+0	735.301419E-3	1.677278E+0	568.895626E+0	NaN	NaN	NaN
142.000000E+0	31.877573E+0	65.162867E+0	1.204465E+0	733.575284E-3	1.206974E+0	735.120221E-3	1.678462E+0	569.287996E+0	NaN	NaN	NaN
142.100000E+0	31.882222E+0	65.182447E+0	1.204468E+0	733.673631E-3	1.206978E+0	735.218569E-3	1.680033E+0	569.459055E+0	NaN	NaN	NaN
142.200000E+0	31.883608E+0	65.245569E+0	1.204429E+0	734.084903E-3	1.206938E+0	735.629841E-3	1.680501E+0	570.010508E+0	NaN	NaN	NaN
142.300000E+0	31.888132E+0	65.286070E+0	1.204500E+0	733.473956E-3	1.207010E+0	735.018893E-3	1.682029E+0	570.364343E+0	NaN	NaN	NaN
142.400000E+0	31.889339E+0	65.326124E+0	1.204591E+0	733.760058E-3	1.207101E+0	735.304995E-3	1.682437E+0	570.714273E+0	NaN	NaN	NaN
142.500000E+0	31.895427E+0	65.350890E+0	1.204556E+0	733.488857E-3	1.207065E+0	735.033794E-3	1.684494E+0	570.930636E+0	NaN	NaN	NaN
142.600000E+0	31.897948E+0	65.399706E+0	1.204504E+0	733.743369E-3	1.207014E+0	735.288306E-3	1.685346E+0	571.357113E+0	NaN	NaN	NaN
142.700000E+0	31.901677E+0	65.437138E+0	1.204685E+0	733.900725E-3	1.207194E+0	735.445662E-3	1.686605E+0	571.684131E+0	NaN	NaN	NaN
142.800000E+0	31.904618E+0	65.472454E+0	1.204813E+0	733.580052E-3	1.207323E+0	735.124989E-3	1.687599E+0	571.992663E+0	NaN	NaN	NaN
142.900000E+0	31.905727E+0	65.527231E+0	1.204586E+0	733.866154E-3	1.207096E+0	735.411092E-3	1.687973E+0	572.471214E+0	NaN	NaN	NaN
143.000000E+0	31.910850E+0	65.556169E+0	1.204573E+0	733.730852E-3	1.207082E+0	735.275789E-3	1.689704E+0	572.724028E+0	NaN	NaN	NaN
143.100000E+0	31.913210E+0	65.596968E+0	1.204465E+0	733.709990E-3	1.206974E+0	735.254927E-3	1.690501E+0	573.080467E+0	NaN	NaN	NaN
143.200000E+0	31.916286E+0	65.634102E+0	1.204271E+0	733.895957E-3	1.206781E+0	735.440894E-3	1.691540E+0	573.404881E+0	NaN	NaN	NaN
143.300000E+0	31.920416E+0	65.689802E+0	1.204552E+0	733.550250E-3	1.207062E+0	735.095187E-3	1.692936E+0	573.891503E+0	NaN	NaN	NaN
143.400000E+0	31.921561E+0	65.708429E+0	1.204720E+0	733.844101E-3	1.207230E+0	735.389038E-3	1.693322E+0	574.054230E+0	NaN	NaN	NaN
143.500000E+0	31.926451E+0	65.785408E+0	1.204399E+0	733.667671E-3	1.206908E+0	735.212608E-3	1.694974E+0	574.726752E+0	NaN	NaN	NaN
143.600000E+0	31.934641E+0	65.811217E+0	1.204699E+0	733.630716E-3	1.207208E+0	735.175653E-3	1.697741E+0	574.952228E+0	NaN	NaN	NaN
143.700000E+0	31.935446E+0	65.852493E+0	1.204394E+0	734.024703E-3	1.206904E+0	735.569640E-3	1.698013E+0	575.312833E+0	NaN	NaN	NaN
143.800000E+0	31.938119E+0	65.887511E+0	1.204962E+0	733.590185E-3	1.207471E+0	735.135122E-3	1.698916E+0	575.618761E+0	NaN	NaN	NaN
143.900000E+0	31.940596E+0	65.941930E+0	1.204027E+0	733.966290E-3	1.206536E+0	735.511227E-3	1.699752E+0	576.094187E+0	NaN	NaN	NaN
144.000000E+0	31.942875E+0	65.994740E+0	1.204726E+0	733.844697E-3	1.207235E+0	735.389634E-3	1.700523E+0	576.555553E+0	NaN	NaN	NaN
144.100000E+0	31.950171E+0	66.012681E+0	1.204639E+0	733.825623E-3	1.207148E+0	735.370560E-3	1.702987E+0	576.712293E+0	NaN	NaN	NaN
144.200000E+0	31.952308E+0	66.067338E+0	1.204809E+0	733.959734E-3	1.207318E+0	735.504671E-3	1.703709E+0	577.189801E+0	NaN	NaN	NaN
144.300000E+0	31.953130E+0	66.101402E+0	1.204373E+0	733.915626E-3	1.206883E+0	735.460564E-3	1.703987E+0	577.487398E+0	NaN	NaN	NaN
144.400000E+0	31.960417E+0	66.123605E+0	1.204641E+0	733.853637E-3	1.207150E+0	735.398575E-3	1.706448E+0	577.681370E+0	NaN	NaN	NaN
144.500000E+0	31.961794E+0	66.166341E+0	1.205122E+0	733.876287E-3	1.207631E+0	735.421224E-3	1.706914E+0	578.054733E+0	NaN	NaN	NaN
144.600000E+0	31.966381E+0	66.214412E+0	1.205266E+0	733.802377E-3	1.207776E+0	735.347315E-3	1.708463E+0	578.474701E+0	NaN	NaN	NaN
144.700000E+0	31.967051E+0	66.233367E+0	1.204585E+0	733.820855E-3	1.207094E+0	735.365792E-3	1.708690E+0	578.640293E+0	NaN	NaN	NaN
144.800000E+0	31.972129E+0	66.303045E+0	1.211466E+0	734.580218E-3	1.213976E+0	736.125155E-3	1.710405E+0	579.249025E+0	NaN	NaN	NaN
144.900000E+0	31.972898E+0	66.342264E+0	1.209436E+0	738.859236E-3	1.211946E+0	740.404173E-3	1.710665E+0	579.591665E+0	NaN	NaN	NaN
145.000000E+0	31.976698E+0	66.372722E+0	1.232103E+0	739.294946E-3	1.234613E+0	740.839883E-3	1.711948E+0	579.857758E+0	NaN	NaN	NaN
145.100000E+0	31.981016E+0	66.402614E+0	1.232421E+0	739.119112E-3	1.234931E+0	740.664049E-3	1.713407E+0	580.118903E+0	NaN	NaN	NaN
145.200000E+0	31.985487E+0	66.459745E+0	1.232565E+0	738.417565E-3	1.235074E+0	739.962503E-3	1.714917E+0	580.618022E+0	NaN	NaN	NaN
145.300000E+0	31.984834E+0	66.508889E+0	1.232345E+0	738.129675E-3	1.234855E+0	739.674612E-3	1.714697E+0	581.047363E+0	NaN	NaN	NaN
145.400000E+0	31.991307E+0	66.531450E+0	1.232606E+0	738.065898E-3	1.235116E+0	739.610835E-3	1.716884E+0	581.244459E+0	NaN	NaN	NaN
145.500000E+0	31.994311E+0	66.577286E+0	1.232500E+0	738.260805E-3	1.235009E+0	739.805742E-3	1.717898E+0	581.644900E+0	NaN	NaN	NaN
145.600000E+0	31.994892E+0	66.615582E+0	1.232239E+0	738.256633E-3	1.234749E+0	739.801570E-3	1.718095E+0	581.979469E+0	NaN	NaN	NaN
145.700000E+0	32.002510E+0	66.654056E+0	1.232188E+0	737.985432E-3	1.234698E+0	739.530369E-3	1.720668E+0	582.315599E+0	NaN	NaN	NaN
145.800000E+0	32.006068E+0	66.680878E+0	1.232467E+0	738.332927E-3	1.234977E+0	739.877864E-3	1.721870E+0	582.549928E+0	NaN	NaN	NaN
145.900000E+0	32.008232E+0	66.738069E+0	1.232186E+0	737.986028E-3	1.234695E+0	739.530965E-3	1.722601E+0	583.049567E+0	NaN	NaN	NaN
146.000000E+0	32.012488E+0	66.781402E+0	1.232199E+0	737.686216E-3	1.234709E+0	739.231154E-3	1.724039E+0	583.428137E+0	NaN	NaN	NaN
146.100000E+0	32.014365E+0	66.804498E+0	1.232055E+0	737.720191E-3	1.234564E+0	739.265128E-3	1.724673E+0	583.629920E+0	NaN	NaN	NaN
146.200000E+0	32.018317E+0	66.842943E+0	1.232116E+0	737.869799E-3	1.234626E+0	739.414736E-3	1.726008E+0	583.965790E+0	NaN	NaN	NaN
146.300000E+0	32.021625E+0	66.887647E+0	1.232485E+0	738.062322E-3	1.234995E+0	739.607259E-3	1.727126E+0	584.356337E+0	NaN	NaN	NaN
146.400000E+0	32.022403E+0	66.928238E+0	1.232447E+0	737.767875E-3	1.234956E+0	739.312812E-3	1.727388E+0	584.710954E+0	NaN	NaN	NaN
146.500000E+0	32.026391E+0	66.978097E+0	1.232258E+0	737.767875E-3	1.234767E+0	739.312812E-3	1.728735E+0	585.146544E+0	NaN	NaN	NaN
146.600000E+0	32.031388E+0	67.018867E+0	1.232349E+0	737.468659E-3	1.234858E+0	739.013597E-3	1.730424E+0	585.502723E+0	NaN	NaN	NaN
146.700000E+0	32.031576E+0	67.045778E+0	1.232128E+0	737.987220E-3	1.234638E+0	739.532157E-3	1.730487E+0	585.737832E+0	NaN	NaN	NaN
146.800000E+0	32.036592E+0	67.095488E+0	1.232358E+0	737.771451E-3	1.234868E+0	739.316388E-3	1.732182E+0	586.172120E+0	NaN	NaN	NaN
146.900000E+0	32.043020E+0	67.129165E+0	1.232064E+0	737.773239E-3	1.234574E+0	739.318176E-3	1.734353E+0	586.466332E+0	NaN	NaN	NaN
147.000000E+0	32.044486E+0	67.183554E+0	1.232151E+0	737.618863E-3	1.234661E+0	739.163800E-3	1.734848E+0	586.941497E+0	NaN	NaN	NaN
147.100000E+0	32.047884E+0	67.213625E+0	1.231940E+0	737.842976E-3	1.234450E+0	739.387914E-3	1.735996E+0	587.204205E+0	NaN	NaN	NaN
147.200000E+0	32.052104E+0	67.254335E+0	1.232053E+0	737.759530E-3	1.234563E+0	739.304467E-3	1.737422E+0	587.559863E+0	NaN	NaN	NaN
147.300000E+0	32.055028E+0	67.296028E+0	1.232327E+0	738.117754E-3	1.234837E+0	739.662691E-3	1.738409E+0	587.924113E+0	NaN	NaN	NaN
147.400000E+0	32.060446E+0	67.328095E+0	1.232256E+0	737.891256E-3	1.234766E+0	739.436194E-3	1.740240E+0	588.204266E+0	NaN	NaN	NaN
147.500000E+0	32.056127E+0	67.396313E+0	1.232264E+0	738.170802E-3	1.234774E+0	739.715739E-3	1.738781E+0	588.800240E+0	NaN	NaN	NaN
147.600000E+0	32.063825E+0	67.431569E+0	1.232324E+0	737.605154E-3	1.234833E+0	739.150091E-3	1.741381E+0	589.108252E+0	NaN	NaN	NaN
147.700000E+0	32.067321E+0	67.447543E+0	1.232282E+0	737.474024E-3	1.234791E+0	739.018961E-3	1.742562E+0	589.247807E+0	NaN	NaN	NaN
147.800000E+0	32.072408E+0	67.494780E+0	1.232307E+0	737.895429E-3	1.234816E+0	739.440366E-3	1.744281E+0	589.660485E+0	NaN	NaN	NaN
147.900000E+0	32.075296E+0	67.524999E+0	1.232539E+0	737.755358E-3	1.235048E+0	739.300295E-3	1.745256E+0	589.924495E+0	NaN	NaN	NaN
148.000000E+0	32.077862E+0	67.585856E+0	1.232324E+0	737.778007E-3	1.234834E+0	739.322945E-3	1.746123E+0	590.456159E+0	NaN	NaN	NaN
148.100000E+0	32.081331E+0	67.607939E+0	1.232213E+0	737.847745E-3	1.234722E+0	739.392682E-3	1.747295E+0	590.649089E+0	NaN	NaN	NaN
148.200000E+0	32.084326E+0	67.657888E+0	1.232120E+0	737.978279E-3	1.234630E+0	739.523216E-3	1.748307E+0	591.085461E+0	NaN	NaN	NaN
148.300000E+0	32.084532E+0	67.704052E+0	1.232153E+0	737.728536E-3	1.234663E+0	739.273473E-3	1.748376E+0	591.488765E+0	NaN	NaN	NaN
148.400000E+0	32.089887E+0	67.738742E+0	1.232297E+0	737.869203E-3	1.234806E+0	739.414140E-3	1.750186E+0	591.791830E+0	NaN	NaN	NaN
148.500000E+0	32.092614E+0	67.775607E+0	1.232135E+0	737.872183E-3	1.234645E+0	739.417120E-3	1.751107E+0	592.113901E+0	NaN	NaN	NaN
148.600000E+0	32.097058E+0	67.811757E+0	1.232742E+0	737.778603E-3	1.235252E+0	739.323541E-3	1.752608E+0	592.429723E+0	NaN	NaN	NaN
148.700000E+0	32.100598E+0	67.850590E+0	1.232224E+0	737.663566E-3	1.234733E+0	739.208504E-3	1.753804E+0	592.768978E+0	NaN	NaN	NaN
148.800000E+0	32.102503E+0	67.914665E+0	1.231822E+0	737.700521E-3	1.234332E+0	739.245459E-3	1.754447E+0	593.328762E+0	NaN	NaN	NaN
148.900000E+0	32.108082E+0	67.954212E+0	1.232185E+0	737.641513E-3	1.234695E+0	739.186450E-3	1.756332E+0	593.674266E+0	NaN	NaN	NaN
149.000000E+0	32.113983E+0	67.986459E+0	1.232444E+0	737.635552E-3	1.234953E+0	739.180490E-3	1.758325E+0	593.955980E+0	NaN	NaN	NaN
149.100000E+0	32.114787E+0	68.035781E+0	1.231974E+0	737.490117E-3	1.234484E+0	739.035054E-3	1.758597E+0	594.386884E+0	NaN	NaN	NaN
149.200000E+0	32.118033E+0	68.072110E+0	1.232334E+0	737.783372E-3	1.234843E+0	739.328309E-3	1.759694E+0	594.704268E+0	NaN	NaN	NaN
149.300000E+0	32.120867E+0	68.097442E+0	1.232491E+0	737.907946E-3	1.235000E+0	739.452883E-3	1.760651E+0	594.925578E+0	NaN	NaN	NaN
149.400000E+0	32.123424E+0	68.139583E+0	1.232205E+0	737.876951E-3	1.234714E+0	739.421889E-3	1.761515E+0	595.293734E+0	NaN	NaN	NaN
149.500000E+0	32.126517E+0	68.190187E+0	1.232089E+0	737.909734E-3	1.234599E+0	739.454671E-3	1.762560E+0	595.735833E+0	NaN	NaN	NaN
149.600000E+0	32.127850E+0	68.234771E+0	1.232124E+0	737.681448E-3	1.234633E+0	739.226385E-3	1.763010E+0	596.125338E+0	NaN	NaN	NaN
149.700000E+0	32.137559E+0	68.258047E+0	1.232587E+0	737.714826E-3	1.235096E+0	739.259764E-3	1.766290E+0	596.328683E+0	NaN	NaN	NaN
149.800000E+0	32.139794E+0	68.292230E+0	1.232193E+0	737.919270E-3	1.234702E+0	739.464208E-3	1.767045E+0	596.627321E+0	NaN	NaN	NaN
149.900000E+0	32.140885E+0	68.350941E+0	1.232094E+0	737.645685E-3	1.234604E+0	739.190622E-3	1.767413E+0	597.140239E+0	NaN	NaN	NaN
150.000000E+0	32.141520E+0	68.381816E+0	1.232526E+0	737.698137E-3	1.235035E+0	739.243075E-3	1.767628E+0	597.409977E+0	NaN	NaN	NaN
150.100000E+0	32.150461E+0	68.429500E+0	1.232459E+0	737.838208E-3	1.234968E+0	739.383145E-3	1.770648E+0	597.826561E+0	NaN	NaN	NaN
150.200000E+0	32.148342E+0	68.470448E+0	1.231743E+0	737.747609E-3	1.234253E+0	739.292546E-3	1.769932E+0	598.184302E+0	NaN	NaN	NaN
150.300000E+0	32.152347E+0	68.505406E+0	1.232256E+0	737.851917E-3	1.234765E+0	739.396855E-3	1.771285E+0	598.489709E+0	NaN	NaN	NaN
150.400000E+0	32.157220E+0	68.524539E+0	1.232262E+0	737.435877E-3	1.234772E+0	738.980814E-3	1.772932E+0	598.656863E+0	NaN	NaN	NaN
150.500000E+0	32.162271E+0	68.593681E+0	1.232201E+0	737.791120E-3	1.234710E+0	739.336058E-3	1.774638E+0	599.260909E+0	NaN	NaN	NaN
150.600000E+0	32.160939E+0	68.632692E+0	1.232367E+0	737.809002E-3	1.234877E+0	739.353939E-3	1.774188E+0	599.601726E+0	NaN	NaN	NaN
150.700000E+0	32.167779E+0	68.661153E+0	1.232312E+0	737.853109E-3	1.234821E+0	739.398047E-3	1.776499E+0	599.850375E+0	NaN	NaN	NaN
150.800000E+0	32.170899E+0	68.697840E+0	1.232357E+0	738.007485E-3	1.234867E+0	739.552423E-3	1.777553E+0	600.170884E+0	NaN	NaN	NaN
150.900000E+0	32.177345E+0	68.755031E+0	1.232715E+0	737.673699E-3	1.235225E+0	739.218637E-3	1.779730E+0	600.670523E+0	NaN	NaN	NaN
151.000000E+0	32.179893E+0	68.778753E+0	1.232200E+0	737.577736E-3	1.234709E+0	739.122673E-3	1.780591E+0	600.877773E+0	NaN	NaN	NaN
151.100000E+0	32.184364E+0	68.818063E+0	1.232331E+0	738.059937E-3	1.234840E+0	739.604875E-3	1.782101E+0	601.221194E+0	NaN	NaN	NaN
151.200000E+0	32.184650E+0	68.876982E+0	1.232662E+0	737.868010E-3	1.235172E+0	739.412948E-3	1.782198E+0	601.735935E+0	NaN	NaN	NaN
151.300000E+0	32.185732E+0	68.909615E+0	1.232066E+0	737.817346E-3	1.234576E+0	739.362284E-3	1.782563E+0	602.021034E+0	NaN	NaN	NaN
151.400000E+0	32.189415E+0	68.935573E+0	1.231786E+0	737.916886E-3	1.234295E+0	739.461824E-3	1.783808E+0	602.247812E+0	NaN	NaN	NaN
151.500000E+0	32.195307E+0	68.995535E+0	1.232122E+0	738.010466E-3	1.234631E+0	739.555403E-3	1.785798E+0	602.771666E+0	NaN	NaN	NaN
151.600000E+0	32.199134E+0	69.018632E+0	1.232194E+0	737.835824E-3	1.234704E+0	739.380761E-3	1.787091E+0	602.973448E+0	NaN	NaN	NaN
151.700000E+0	32.198508E+0	69.051743E+0	1.232522E+0	737.626612E-3	1.235031E+0	739.171549E-3	1.786879E+0	603.262713E+0	NaN	NaN	NaN
151.800000E+0	32.203354E+0	69.110215E+0	1.232079E+0	737.922847E-3	1.234589E+0	739.467784E-3	1.788516E+0	603.773549E+0	NaN	NaN	NaN
151.900000E+0	32.208316E+0	69.157898E+0	1.232163E+0	737.418591E-3	1.234672E+0	738.963529E-3	1.790193E+0	604.190132E+0	NaN	NaN	NaN
152.000000E+0	32.213644E+0	69.182932E+0	1.232486E+0	737.779796E-3	1.234995E+0	739.324733E-3	1.791993E+0	604.408838E+0	NaN	NaN	NaN
152.100000E+0	32.212697E+0	69.234014E+0	1.232201E+0	737.850725E-3	1.234710E+0	739.395662E-3	1.791673E+0	604.855103E+0	NaN	NaN	NaN
152.200000E+0	32.216604E+0	69.283575E+0	1.232198E+0	738.004505E-3	1.234707E+0	739.549442E-3	1.792992E+0	605.288090E+0	NaN	NaN	NaN
152.300000E+0	32.220395E+0	69.308043E+0	1.232010E+0	737.847745E-3	1.234519E+0	739.392682E-3	1.794273E+0	605.501849E+0	NaN	NaN	NaN
152.400000E+0	32.225428E+0	69.336206E+0	1.232576E+0	737.747609E-3	1.235086E+0	739.292546E-3	1.795973E+0	605.747893E+0	NaN	NaN	NaN
152.500000E+0	32.228870E+0	69.391072E+0	1.232440E+0	737.752377E-3	1.234949E+0	739.297315E-3	1.797136E+0	606.227225E+0	NaN	NaN	NaN
152.600000E+0	32.228718E+0	69.444776E+0	1.231856E+0	737.871587E-3	1.234365E+0	739.416524E-3	1.797085E+0	606.696402E+0	NaN	NaN	NaN
152.700000E+0	32.235344E+0	69.476366E+0	1.232625E+0	737.536609E-3	1.235134E+0	739.081546E-3	1.799323E+0	606.972388E+0	NaN	NaN	NaN
152.800000E+0	32.236783E+0	69.495052E+0	1.232170E+0	737.721979E-3	1.234679E+0	739.266916E-3	1.799809E+0	607.135637E+0	NaN	NaN	NaN
152.900000E+0	32.241343E+0	69.558918E+0	1.232547E+0	737.433493E-3	1.235056E+0	738.978430E-3	1.801350E+0	607.693598E+0	NaN	NaN	NaN
153.000000E+0	32.241575E+0	69.600642E+0	1.232417E+0	737.608730E-3	1.234927E+0	739.153668E-3	1.801428E+0	608.058109E+0	NaN	NaN	NaN
153.100000E+0	32.245089E+0	69.616497E+0	1.232467E+0	737.633764E-3	1.234976E+0	739.178702E-3	1.802615E+0	608.196623E+0	NaN	NaN	NaN
153.200000E+0	32.250203E+0	69.659263E+0	1.232419E+0	737.609922E-3	1.234929E+0	739.154860E-3	1.804343E+0	608.570246E+0	NaN	NaN	NaN
153.300000E+0	32.254691E+0	69.700539E+0	1.232554E+0	737.789332E-3	1.235063E+0	739.334270E-3	1.805859E+0	608.930851E+0	NaN	NaN	NaN
153.400000E+0	32.256587E+0	69.738328E+0	1.232398E+0	737.644493E-3	1.234908E+0	739.189430E-3	1.806499E+0	609.260993E+0	NaN	NaN	NaN
153.500000E+0	32.261173E+0	69.795698E+0	1.232315E+0	737.653434E-3	1.234825E+0	739.198371E-3	1.808049E+0	609.762195E+0	NaN	NaN	NaN
153.600000E+0	32.265465E+0	69.836706E+0	1.232381E+0	737.631380E-3	1.234890E+0	739.176317E-3	1.809498E+0	610.120457E+0	NaN	NaN	NaN
153.700000E+0	32.269524E+0	69.856256E+0	1.232549E+0	737.612306E-3	1.235058E+0	739.157244E-3	1.810870E+0	610.291256E+0	NaN	NaN	NaN
153.800000E+0	32.270454E+0	69.914073E+0	1.232490E+0	737.818539E-3	1.234999E+0	739.363476E-3	1.811184E+0	610.796363E+0	NaN	NaN	NaN
153.900000E+0	32.275139E+0	69.944382E+0	1.232152E+0	737.617671E-3	1.234661E+0	739.162608E-3	1.812766E+0	611.061154E+0	NaN	NaN	NaN
154.000000E+0	32.277588E+0	69.974691E+0	1.232412E+0	737.627208E-3	1.234921E+0	739.172145E-3	1.813594E+0	611.325945E+0	NaN	NaN	NaN
154.100000E+0	32.281755E+0	70.046335E+0	1.232065E+0	737.661778E-3	1.234574E+0	739.206716E-3	1.815001E+0	611.951861E+0	NaN	NaN	NaN
154.200000E+0	32.280727E+0	70.076227E+0	1.232514E+0	737.685024E-3	1.235023E+0	739.229962E-3	1.814654E+0	612.213007E+0	NaN	NaN	NaN
154.300000E+0	32.287334E+0	70.121199E+0	1.232336E+0	737.795889E-3	1.234845E+0	739.340826E-3	1.816886E+0	612.605897E+0	NaN	NaN	NaN
154.400000E+0	32.292028E+0	70.155978E+0	1.232285E+0	737.676679E-3	1.234794E+0	739.221617E-3	1.818472E+0	612.909743E+0	NaN	NaN	NaN
154.500000E+0	32.294611E+0	70.205688E+0	1.232132E+0	737.632572E-3	1.234642E+0	739.177509E-3	1.819345E+0	613.344031E+0	NaN	NaN	NaN
154.600000E+0	32.295774E+0	70.239872E+0	1.232561E+0	738.074243E-3	1.235070E+0	739.619180E-3	1.819737E+0	613.642669E+0	NaN	NaN	NaN
154.700000E+0	32.302247E+0	70.281714E+0	1.231973E+0	737.672507E-3	1.234482E+0	739.217445E-3	1.821924E+0	614.008221E+0	NaN	NaN	NaN
154.800000E+0	32.304804E+0	70.314616E+0	1.232284E+0	737.752973E-3	1.234793E+0	739.297911E-3	1.822788E+0	614.295663E+0	NaN	NaN	NaN
154.900000E+0	32.306377E+0	70.367396E+0	1.232093E+0	737.345278E-3	1.234602E+0	738.890215E-3	1.823319E+0	614.756769E+0	NaN	NaN	NaN
155.000000E+0	32.311295E+0	70.379734E+0	1.232227E+0	738.155901E-3	1.234736E+0	739.700838E-3	1.824981E+0	614.864560E+0	NaN	NaN	NaN
155.100000E+0	32.313834E+0	70.413083E+0	1.232351E+0	737.696349E-3	1.234861E+0	739.241286E-3	1.825838E+0	615.155908E+0	NaN	NaN	NaN
155.200000E+0	32.315166E+0	70.454895E+0	1.232255E+0	737.642109E-3	1.234765E+0	739.187046E-3	1.826288E+0	615.521200E+0	NaN	NaN	NaN
155.300000E+0	32.320638E+0	70.485294E+0	1.232459E+0	737.838804E-3	1.234968E+0	739.383742E-3	1.828137E+0	615.786772E+0	NaN	NaN	NaN
155.400000E+0	32.320709E+0	70.527941E+0	1.232236E+0	737.646877E-3	1.234745E+0	739.191815E-3	1.828161E+0	616.159353E+0	NaN	NaN	NaN
155.500000E+0	32.327236E+0	70.593566E+0	1.231954E+0	737.470447E-3	1.234463E+0	739.015385E-3	1.830366E+0	616.732676E+0	NaN	NaN	NaN
155.600000E+0	32.330034E+0	70.621341E+0	1.232333E+0	737.756550E-3	1.234843E+0	739.301487E-3	1.831311E+0	616.975336E+0	NaN	NaN	NaN
155.700000E+0	32.335819E+0	70.654660E+0	1.232184E+0	738.177955E-3	1.234693E+0	739.722892E-3	1.833265E+0	617.266424E+0	NaN	NaN	NaN
155.800000E+0	32.337554E+0	70.689023E+0	1.232483E+0	737.689793E-3	1.234992E+0	739.234730E-3	1.833851E+0	617.566624E+0	NaN	NaN	NaN
155.900000E+0	32.338644E+0	70.721030E+0	1.232705E+0	737.863242E-3	1.235214E+0	739.408179E-3	1.834220E+0	617.846256E+0	NaN	NaN	NaN
156.000000E+0	32.344885E+0	70.782214E+0	1.232476E+0	737.877547E-3	1.234986E+0	739.422485E-3	1.836328E+0	618.380784E+0	NaN	NaN	NaN
156.100000E+0	32.348166E+0	70.812464E+0	1.232416E+0	737.890064E-3	1.234925E+0	739.435002E-3	1.837436E+0	618.645054E+0	NaN	NaN	NaN
156.200000E+0	32.350482E+0	70.858687E+0	1.232674E+0	737.692773E-3	1.235184E+0	739.237710E-3	1.838219E+0	619.048880E+0	NaN	NaN	NaN
156.300000E+0	32.355247E+0	70.884556E+0	1.232244E+0	737.783968E-3	1.234754E+0	739.328905E-3	1.839828E+0	619.274876E+0	NaN	NaN	NaN
156.400000E+0	32.357974E+0	70.917159E+0	1.232432E+0	737.875759E-3	1.234942E+0	739.420696E-3	1.840750E+0	619.559715E+0	NaN	NaN	NaN
156.500000E+0	32.358976E+0	70.974499E+0	1.232329E+0	737.902581E-3	1.234838E+0	739.447519E-3	1.841088E+0	620.060657E+0	NaN	NaN	NaN
156.600000E+0	32.364769E+0	71.016580E+0	1.231960E+0	737.654626E-3	1.234469E+0	739.199563E-3	1.843045E+0	620.428291E+0	NaN	NaN	NaN
156.700000E+0	32.369606E+0	71.051568E+0	1.232119E+0	737.704694E-3	1.234629E+0	739.249631E-3	1.844679E+0	620.733959E+0	NaN	NaN	NaN
156.800000E+0	32.371045E+0	71.110606E+0	1.232180E+0	737.816154E-3	1.234689E+0	739.361092E-3	1.845165E+0	621.249742E+0	NaN	NaN	NaN
156.900000E+0	32.372959E+0	71.150661E+0	1.232188E+0	737.883508E-3	1.234698E+0	739.428445E-3	1.845812E+0	621.599672E+0	NaN	NaN	NaN
157.000000E+0	32.376151E+0	71.194738E+0	1.232507E+0	737.618267E-3	1.235016E+0	739.163204E-3	1.846890E+0	621.984751E+0	NaN	NaN	NaN
157.100000E+0	32.379655E+0	71.217090E+0	1.232305E+0	737.696945E-3	1.234815E+0	739.241882E-3	1.848074E+0	622.180025E+0	NaN	NaN	NaN
157.200000E+0	32.383080E+0	71.261078E+0	1.232144E+0	737.565219E-3	1.234653E+0	739.110156E-3	1.849231E+0	622.564323E+0	NaN	NaN	NaN
157.300000E+0	32.388051E+0	71.300983E+0	1.232501E+0	737.715423E-3	1.235010E+0	739.260360E-3	1.850910E+0	622.912951E+0	NaN	NaN	NaN
157.400000E+0	32.389678E+0	71.329504E+0	1.232326E+0	738.027155E-3	1.234835E+0	739.572092E-3	1.851460E+0	623.162120E+0	NaN	NaN	NaN
157.500000E+0	32.392128E+0	71.397811E+0	1.232150E+0	737.457930E-3	1.234659E+0	739.002868E-3	1.852287E+0	623.758876E+0	NaN	NaN	NaN
157.600000E+0	32.396982E+0	71.447104E+0	1.232294E+0	737.688004E-3	1.234803E+0	739.232942E-3	1.853927E+0	624.189519E+0	NaN	NaN	NaN
157.700000E+0	32.399486E+0	71.457863E+0	1.232367E+0	737.454354E-3	1.234877E+0	738.999292E-3	1.854773E+0	624.283510E+0	NaN	NaN	NaN
157.800000E+0	32.402320E+0	71.495920E+0	1.232441E+0	737.453162E-3	1.234951E+0	738.998099E-3	1.855730E+0	624.615996E+0	NaN	NaN	NaN
157.900000E+0	32.407479E+0	71.525335E+0	1.232005E+0	737.602174E-3	1.234515E+0	739.147111E-3	1.857473E+0	624.872976E+0	NaN	NaN	NaN
158.000000E+0	32.409964E+0	71.554124E+0	1.232650E+0	737.729728E-3	1.235160E+0	739.274665E-3	1.858313E+0	625.124488E+0	NaN	NaN	NaN
158.100000E+0	32.414283E+0	71.606070E+0	1.232408E+0	737.604558E-3	1.234917E+0	739.149495E-3	1.859771E+0	625.578303E+0	NaN	NaN	NaN
158.200000E+0	32.417501E+0	71.652412E+0	1.232218E+0	737.931787E-3	1.234728E+0	739.476725E-3	1.860859E+0	625.983170E+0	NaN	NaN	NaN
158.300000E+0	32.423322E+0	71.688503E+0	1.232373E+0	737.721979E-3	1.234883E+0	739.266916E-3	1.862825E+0	626.298472E+0	NaN	NaN	NaN
158.400000E+0	32.421551E+0	71.742296E+0	1.232315E+0	737.708866E-3	1.234825E+0	739.253803E-3	1.862227E+0	626.768430E+0	NaN	NaN	NaN
158.500000E+0	32.426782E+0	71.789324E+0	1.232215E+0	737.922251E-3	1.234725E+0	739.467188E-3	1.863994E+0	627.179285E+0	NaN	NaN	NaN
158.600000E+0	32.431118E+0	71.822733E+0	1.232068E+0	737.747013E-3	1.234577E+0	739.291950E-3	1.865459E+0	627.471154E+0	NaN	NaN	NaN
158.700000E+0	32.434265E+0	71.848392E+0	1.232443E+0	737.746417E-3	1.234952E+0	739.291354E-3	1.866522E+0	627.695328E+0	NaN	NaN	NaN
158.800000E+0	32.434730E+0	71.902364E+0	1.232122E+0	737.499654E-3	1.234632E+0	739.044591E-3	1.866679E+0	628.166848E+0	NaN	NaN	NaN
158.900000E+0	32.441596E+0	71.946830E+0	1.232470E+0	737.760722E-3	1.234979E+0	739.305659E-3	1.868999E+0	628.555312E+0	NaN	NaN	NaN
159.000000E+0	32.444753E+0	71.973205E+0	1.231973E+0	737.369716E-3	1.234483E+0	738.914653E-3	1.870065E+0	628.785735E+0	NaN	NaN	NaN
159.100000E+0	32.446728E+0	72.008342E+0	1.232374E+0	737.813770E-3	1.234884E+0	739.358708E-3	1.870732E+0	629.092705E+0	NaN	NaN	NaN
159.200000E+0	32.450305E+0	72.072506E+0	1.232265E+0	737.664163E-3	1.234775E+0	739.209100E-3	1.871940E+0	629.653270E+0	NaN	NaN	NaN
159.300000E+0	32.452424E+0	72.096974E+0	1.232558E+0	737.567603E-3	1.235067E+0	739.112540E-3	1.872656E+0	629.867029E+0	NaN	NaN	NaN
159.400000E+0	32.457430E+0	72.127134E+0	1.232121E+0	737.519919E-3	1.234630E+0	739.064857E-3	1.874347E+0	630.130518E+0	NaN	NaN	NaN
159.500000E+0	32.462956E+0	72.186232E+0	1.232255E+0	737.649261E-3	1.234765E+0	739.194199E-3	1.876214E+0	630.646821E+0	NaN	NaN	NaN
159.600000E+0	32.463153E+0	72.214246E+0	1.231950E+0	737.883508E-3	1.234459E+0	739.428445E-3	1.876280E+0	630.891564E+0	NaN	NaN	NaN
159.700000E+0	32.467846E+0	72.250277E+0	1.232388E+0	737.670719E-3	1.234897E+0	739.215656E-3	1.877866E+0	631.206345E+0	NaN	NaN	NaN
159.800000E+0	32.471217E+0	72.288960E+0	1.232450E+0	737.853705E-3	1.234959E+0	739.398643E-3	1.879005E+0	631.544298E+0	NaN	NaN	NaN
159.900000E+0	32.473479E+0	72.329074E+0	1.232042E+0	737.844765E-3	1.234552E+0	739.389702E-3	1.879769E+0	631.894749E+0	NaN	NaN	NaN
160.000000E+0	32.479988E+0	72.365969E+0	1.232230E+0	737.764298E-3	1.234740E+0	739.309236E-3	1.881968E+0	632.217080E+0	NaN	NaN	NaN
160.100000E+0	32.479586E+0	72.400272E+0	1.232042E+0	737.683832E-3	1.234551E+0	739.228769E-3	1.881832E+0	632.516760E+0	NaN	NaN	NaN
160.200000E+0	32.482518E+0	72.433203E+0	1.231915E+0	737.981259E-3	1.234424E+0	739.526197E-3	1.882822E+0	632.804463E+0	NaN	NaN	NaN
160.300000E+0	32.484700E+0	72.487354E+0	1.232080E+0	737.440049E-3	1.234589E+0	738.984986E-3	1.883559E+0	633.277545E+0	NaN	NaN	NaN
160.400000E+0	32.488151E+0	72.514296E+0	1.231917E+0	737.617075E-3	1.234427E+0	739.162012E-3	1.884725E+0	633.512915E+0	NaN	NaN	NaN
160.500000E+0	32.494123E+0	72.565228E+0	1.232299E+0	737.507998E-3	1.234809E+0	739.052936E-3	1.886743E+0	633.957878E+0	NaN	NaN	NaN
160.600000E+0	32.497825E+0	72.590262E+0	1.232214E+0	737.254083E-3	1.234723E+0	738.799020E-3	1.887993E+0	634.176584E+0	NaN	NaN	NaN
160.700000E+0	32.500972E+0	72.636455E+0	1.232110E+0	737.611710E-3	1.234620E+0	739.156648E-3	1.889056E+0	634.580149E+0	NaN	NaN	NaN
160.800000E+0	32.502152E+0	72.666168E+0	1.232305E+0	737.589657E-3	1.234815E+0	739.134594E-3	1.889455E+0	634.839733E+0	NaN	NaN	NaN
160.900000E+0	32.505978E+0	72.710603E+0	1.232146E+0	737.655222E-3	1.234656E+0	739.200159E-3	1.890748E+0	635.227936E+0	NaN	NaN	NaN
161.000000E+0	32.511665E+0	72.757304E+0	1.232080E+0	737.650453E-3	1.234589E+0	739.195391E-3	1.892669E+0	635.635928E+0	NaN	NaN	NaN
161.100000E+0	32.516278E+0	72.803974E+0	1.232182E+0	737.721383E-3	1.234692E+0	739.266320E-3	1.894227E+0	636.043659E+0	NaN	NaN	NaN
161.200000E+0	32.514383E+0	72.864115E+0	1.232010E+0	737.602174E-3	1.234519E+0	739.147111E-3	1.893587E+0	636.569075E+0	NaN	NaN	NaN
161.300000E+0	32.520945E+0	72.880000E+0	1.232536E+0	737.827479E-3	1.235045E+0	739.372417E-3	1.895804E+0	636.707849E+0	NaN	NaN	NaN
161.400000E+0	32.523091E+0	72.906643E+0	1.232374E+0	737.944304E-3	1.234884E+0	739.489242E-3	1.896529E+0	636.940615E+0	NaN	NaN	NaN
161.500000E+0	32.526605E+0	72.955817E+0	1.232211E+0	737.579524E-3	1.234720E+0	739.124461E-3	1.897716E+0	637.370216E+0	NaN	NaN	NaN
161.600000E+0	32.530100E+0	73.003113E+0	1.232643E+0	737.718999E-3	1.235153E+0	739.263936E-3	1.898897E+0	637.783415E+0	NaN	NaN	NaN
161.700000E+0	32.534472E+0	73.031336E+0	1.232224E+0	737.633168E-3	1.234733E+0	739.178105E-3	1.900373E+0	638.029980E+0	NaN	NaN	NaN
161.800000E+0	32.538934E+0	73.077530E+0	1.232162E+0	737.708270E-3	1.234671E+0	739.253207E-3	1.901881E+0	638.433546E+0	NaN	NaN	NaN
161.900000E+0	32.539542E+0	73.104799E+0	1.232055E+0	737.546741E-3	1.234564E+0	739.091679E-3	1.902086E+0	638.671779E+0	NaN	NaN	NaN
162.000000E+0	32.540677E+0	73.158741E+0	1.232438E+0	737.750589E-3	1.234948E+0	739.295527E-3	1.902470E+0	639.143039E+0	NaN	NaN	NaN
162.100000E+0	32.547991E+0	73.192686E+0	1.232509E+0	737.596809E-3	1.235019E+0	739.141747E-3	1.904940E+0	639.439594E+0	NaN	NaN	NaN
162.200000E+0	32.550128E+0	73.248535E+0	1.232314E+0	737.769067E-3	1.234823E+0	739.314004E-3	1.905662E+0	639.927518E+0	NaN	NaN	NaN
162.300000E+0	32.550905E+0	73.296815E+0	1.231622E+0	737.453162E-3	1.234132E+0	738.998099E-3	1.905925E+0	640.349308E+0	NaN	NaN	NaN
162.400000E+0	32.557781E+0	73.319823E+0	1.232148E+0	737.828075E-3	1.234657E+0	739.373013E-3	1.908247E+0	640.550310E+0	NaN	NaN	NaN
162.500000E+0	32.562028E+0	73.381603E+0	1.232388E+0	737.780988E-3	1.234897E+0	739.325925E-3	1.909682E+0	641.090046E+0	NaN	NaN	NaN
162.600000E+0	32.565273E+0	73.399097E+0	1.232270E+0	737.814366E-3	1.234779E+0	739.359304E-3	1.910778E+0	641.242880E+0	NaN	NaN	NaN
162.700000E+0	32.566739E+0	73.444575E+0	1.232284E+0	737.842380E-3	1.234793E+0	739.387318E-3	1.911274E+0	641.640196E+0	NaN	NaN	NaN
162.800000E+0	32.570593E+0	73.467076E+0	1.232534E+0	738.043844E-3	1.235044E+0	739.588782E-3	1.912576E+0	641.836771E+0	NaN	NaN	NaN
162.900000E+0	32.574920E+0	73.511362E+0	1.232089E+0	737.618267E-3	1.234599E+0	739.163204E-3	1.914037E+0	642.223673E+0	NaN	NaN	NaN
163.000000E+0	32.578684E+0	73.548168E+0	1.232292E+0	737.705886E-3	1.234801E+0	739.250823E-3	1.915309E+0	642.545223E+0	NaN	NaN	NaN
163.100000E+0	32.579158E+0	73.583454E+0	1.232120E+0	737.704098E-3	1.234629E+0	739.249035E-3	1.915469E+0	642.853495E+0	NaN	NaN	NaN
163.200000E+0	32.583074E+0	73.626190E+0	1.232245E+0	737.820327E-3	1.234754E+0	739.365264E-3	1.916792E+0	643.226858E+0	NaN	NaN	NaN
163.300000E+0	32.586954E+0	73.664188E+0	1.232417E+0	737.760722E-3	1.234927E+0	739.305659E-3	1.918103E+0	643.558823E+0	NaN	NaN	NaN
163.400000E+0	32.589288E+0	73.693842E+0	1.232252E+0	737.627208E-3	1.234762E+0	739.172145E-3	1.918891E+0	643.817886E+0	NaN	NaN	NaN
163.500000E+0	32.592605E+0	73.748559E+0	1.232280E+0	737.692177E-3	1.234790E+0	739.237114E-3	1.920012E+0	644.295915E+0	NaN	NaN	NaN
163.600000E+0	32.597156E+0	73.814273E+0	1.232135E+0	737.853109E-3	1.234644E+0	739.398047E-3	1.921549E+0	644.870019E+0	NaN	NaN	NaN
163.700000E+0	32.598515E+0	73.842585E+0	1.232321E+0	737.766683E-3	1.234830E+0	739.311620E-3	1.922008E+0	645.117365E+0	NaN	NaN	NaN
163.800000E+0	32.603504E+0	73.868483E+0	1.232575E+0	737.659990E-3	1.235085E+0	739.204928E-3	1.923693E+0	645.343622E+0	NaN	NaN	NaN
163.900000E+0	32.607858E+0	73.908240E+0	1.232260E+0	737.569987E-3	1.234769E+0	739.114925E-3	1.925164E+0	645.690949E+0	NaN	NaN	NaN
164.000000E+0	32.609869E+0	73.950410E+0	1.232275E+0	737.503826E-3	1.234785E+0	739.048763E-3	1.925844E+0	646.059365E+0	NaN	NaN	NaN
164.100000E+0	32.616745E+0	73.985428E+0	1.232164E+0	737.710058E-3	1.234673E+0	739.254995E-3	1.928166E+0	646.365293E+0	NaN	NaN	NaN
164.200000E+0	32.615359E+0	74.025661E+0	1.232408E+0	737.844765E-3	1.234918E+0	739.389702E-3	1.927698E+0	646.716785E+0	NaN	NaN	NaN
164.300000E+0	32.619212E+0	74.059486E+0	1.232172E+0	737.470447E-3	1.234681E+0	739.015385E-3	1.929000E+0	647.012299E+0	NaN	NaN	NaN
164.400000E+0	32.622708E+0	74.092835E+0	1.232198E+0	737.738072E-3	1.234707E+0	739.283010E-3	1.930181E+0	647.303647E+0	NaN	NaN	NaN
164.500000E+0	32.626669E+0	74.153751E+0	1.232337E+0	737.727939E-3	1.234847E+0	739.272877E-3	1.931519E+0	647.835832E+0	NaN	NaN	NaN
164.600000E+0	32.628511E+0	74.183196E+0	1.232162E+0	737.571179E-3	1.234671E+0	739.116117E-3	1.932141E+0	648.093072E+0	NaN	NaN	NaN
164.700000E+0	32.632668E+0	74.218303E+0	1.232238E+0	737.374484E-3	1.234747E+0	738.919421E-3	1.933546E+0	648.399782E+0	NaN	NaN	NaN
164.800000E+0	32.637273E+0	74.257135E+0	1.232255E+0	737.778603E-3	1.234764E+0	739.323541E-3	1.935101E+0	648.739037E+0	NaN	NaN	NaN
164.900000E+0	32.638855E+0	74.309826E+0	1.232435E+0	737.592637E-3	1.234945E+0	739.137574E-3	1.935636E+0	649.199362E+0	NaN	NaN	NaN
165.000000E+0	32.642932E+0	74.329883E+0	1.232144E+0	737.646281E-3	1.234653E+0	739.191219E-3	1.937013E+0	649.374587E+0	NaN	NaN	NaN
165.100000E+0	32.647304E+0	74.354112E+0	1.232351E+0	737.766086E-3	1.234861E+0	739.311024E-3	1.938490E+0	649.586264E+0	NaN	NaN	NaN
165.200000E+0	32.652123E+0	74.397206E+0	1.232074E+0	737.387001E-3	1.234583E+0	738.931938E-3	1.940118E+0	649.962751E+0	NaN	NaN	NaN
165.300000E+0	32.649414E+0	74.455529E+0	1.232044E+0	737.634360E-3	1.234553E+0	739.179298E-3	1.939203E+0	650.472284E+0	NaN	NaN	NaN
165.400000E+0	32.657192E+0	74.463338E+0	1.232194E+0	737.695753E-3	1.234703E+0	739.240690E-3	1.941830E+0	650.540500E+0	NaN	NaN	NaN
165.500000E+0	32.660322E+0	74.536264E+0	1.232206E+0	737.432300E-3	1.234715E+0	738.977238E-3	1.942887E+0	651.177612E+0	NaN	NaN	NaN
165.600000E+0	32.664068E+0	74.563265E+0	1.232091E+0	737.587869E-3	1.234600E+0	739.132806E-3	1.944153E+0	651.413502E+0	NaN	NaN	NaN
165.700000E+0	32.669146E+0	74.608326E+0	1.232082E+0	737.725555E-3	1.234592E+0	739.270493E-3	1.945868E+0	651.807174E+0	NaN	NaN	NaN
165.800000E+0	32.669861E+0	74.641556E+0	1.232261E+0	737.826287E-3	1.234771E+0	739.371225E-3	1.946110E+0	652.097480E+0	NaN	NaN	NaN
165.900000E+0	32.676558E+0	74.692309E+0	1.232200E+0	737.458526E-3	1.234710E+0	739.003464E-3	1.948372E+0	652.540881E+0	NaN	NaN	NaN
166.000000E+0	32.676200E+0	74.718148E+0	1.232277E+0	737.693965E-3	1.234786E+0	739.238902E-3	1.948251E+0	652.766617E+0	NaN	NaN	NaN
166.100000E+0	32.680599E+0	74.750245E+0	1.232306E+0	737.769067E-3	1.234816E+0	739.314004E-3	1.949737E+0	653.047030E+0	NaN	NaN	NaN
166.200000E+0	32.684739E+0	74.782014E+0	1.232512E+0	737.740456E-3	1.235021E+0	739.285394E-3	1.951136E+0	653.324579E+0	NaN	NaN	NaN
166.300000E+0	32.684649E+0	74.836284E+0	1.232182E+0	737.823307E-3	1.234692E+0	739.368244E-3	1.951106E+0	653.798702E+0	NaN	NaN	NaN
166.400000E+0	32.689987E+0	74.871629E+0	1.231990E+0	737.600386E-3	1.234499E+0	739.145323E-3	1.952909E+0	654.107495E+0	NaN	NaN	NaN
166.500000E+0	32.695941E+0	74.922264E+0	1.232461E+0	737.823903E-3	1.234971E+0	739.368840E-3	1.954920E+0	654.549854E+0	NaN	NaN	NaN
166.600000E+0	32.696594E+0	74.951708E+0	1.232292E+0	737.664759E-3	1.234801E+0	739.209696E-3	1.955141E+0	654.807095E+0	NaN	NaN	NaN
166.700000E+0	32.699124E+0	74.989706E+0	1.232056E+0	737.353026E-3	1.234565E+0	738.897964E-3	1.955996E+0	655.139059E+0	NaN	NaN	NaN
166.800000E+0	32.702897E+0	75.038582E+0	1.232182E+0	737.734496E-3	1.234692E+0	739.279433E-3	1.957270E+0	655.566057E+0	NaN	NaN	NaN
166.900000E+0	32.707743E+0	75.076699E+0	1.232326E+0	737.698137E-3	1.234836E+0	739.243075E-3	1.958907E+0	655.899064E+0	NaN	NaN	NaN
167.000000E+0	32.708727E+0	75.124174E+0	1.232167E+0	737.758338E-3	1.234676E+0	739.303275E-3	1.959239E+0	656.313825E+0	NaN	NaN	NaN
167.100000E+0	32.713617E+0	75.144857E+0	1.232258E+0	737.721383E-3	1.234767E+0	739.266320E-3	1.960891E+0	656.494518E+0	NaN	NaN	NaN
167.200000E+0	32.717632E+0	75.206488E+0	1.231876E+0	737.546145E-3	1.234386E+0	739.091083E-3	1.962248E+0	657.032952E+0	NaN	NaN	NaN
167.300000E+0	32.721118E+0	75.233817E+0	1.232383E+0	737.525284E-3	1.234892E+0	739.070221E-3	1.963425E+0	657.271706E+0	NaN	NaN	NaN
167.400000E+0	32.726599E+0	75.269341E+0	1.232408E+0	737.821519E-3	1.234917E+0	739.366456E-3	1.965277E+0	657.582061E+0	NaN	NaN	NaN
167.500000E+0	32.724587E+0	75.316668E+0	1.232269E+0	737.749993E-3	1.234778E+0	739.294931E-3	1.964597E+0	657.995520E+0	NaN	NaN	NaN
167.600000E+0	32.731069E+0	75.347275E+0	1.232470E+0	737.502038E-3	1.234980E+0	739.046975E-3	1.966787E+0	658.262914E+0	NaN	NaN	NaN
167.700000E+0	32.731087E+0	75.379580E+0	1.232203E+0	737.410247E-3	1.234713E+0	738.955184E-3	1.966793E+0	658.545149E+0	NaN	NaN	NaN
167.800000E+0	32.737203E+0	75.418323E+0	1.232162E+0	737.689196E-3	1.234671E+0	739.234134E-3	1.968859E+0	658.883623E+0	NaN	NaN	NaN
167.900000E+0	32.738285E+0	75.472742E+0	1.232024E+0	737.669527E-3	1.234533E+0	739.214464E-3	1.969224E+0	659.359049E+0	NaN	NaN	NaN
168.000000E+0	32.744981E+0	75.497270E+0	1.232287E+0	737.696945E-3	1.234797E+0	739.241882E-3	1.971487E+0	659.573329E+0	NaN	NaN	NaN
168.100000E+0	32.746000E+0	75.525969E+0	1.232066E+0	737.412631E-3	1.234576E+0	738.957568E-3	1.971831E+0	659.824060E+0	NaN	NaN	NaN
168.200000E+0	32.748405E+0	75.581491E+0	1.232232E+0	737.571775E-3	1.234741E+0	739.116713E-3	1.972643E+0	660.309120E+0	NaN	NaN	NaN
168.300000E+0	32.753564E+0	75.606436E+0	1.232175E+0	737.646281E-3	1.234685E+0	739.191219E-3	1.974386E+0	660.527045E+0	NaN	NaN	NaN
168.400000E+0	32.757024E+0	75.644851E+0	1.232180E+0	737.726747E-3	1.234689E+0	739.271685E-3	1.975555E+0	660.862655E+0	NaN	NaN	NaN
168.500000E+0	32.756872E+0	75.692564E+0	1.232087E+0	737.515747E-3	1.234597E+0	739.060684E-3	1.975504E+0	661.279498E+0	NaN	NaN	NaN
168.600000E+0	32.763569E+0	75.741827E+0	1.232202E+0	737.720191E-3	1.234711E+0	739.265128E-3	1.977766E+0	661.709881E+0	NaN	NaN	NaN
168.700000E+0	32.767136E+0	75.783134E+0	1.232019E+0	737.553894E-3	1.234529E+0	739.098831E-3	1.978971E+0	662.070746E+0	NaN	NaN	NaN
168.800000E+0	32.765902E+0	75.816184E+0	1.231916E+0	737.615287E-3	1.234425E+0	739.160224E-3	1.978554E+0	662.359491E+0	NaN	NaN	NaN
168.900000E+0	32.775299E+0	75.856626E+0	1.232292E+0	737.643897E-3	1.234802E+0	739.188834E-3	1.981729E+0	662.712806E+0	NaN	NaN	NaN
169.000000E+0	32.778330E+0	75.876743E+0	1.232514E+0	737.683832E-3	1.235024E+0	739.228769E-3	1.982752E+0	662.888552E+0	NaN	NaN	NaN
169.100000E+0	32.783444E+0	75.913101E+0	1.232069E+0	737.903773E-3	1.234578E+0	739.448711E-3	1.984480E+0	663.206196E+0	NaN	NaN	NaN
169.200000E+0	32.782711E+0	75.990230E+0	1.232183E+0	737.630188E-3	1.234692E+0	739.175125E-3	1.984232E+0	663.880020E+0	NaN	NaN	NaN
169.300000E+0	32.789837E+0	75.999141E+0	1.232129E+0	737.658798E-3	1.234639E+0	739.203735E-3	1.986640E+0	663.957869E+0	NaN	NaN	NaN
169.400000E+0	32.790972E+0	76.039672E+0	1.232299E+0	737.797081E-3	1.234809E+0	739.342018E-3	1.987023E+0	664.311965E+0	NaN	NaN	NaN
169.500000E+0	32.794477E+0	76.079726E+0	1.232417E+0	737.607538E-3	1.234926E+0	739.152475E-3	1.988207E+0	664.661895E+0	NaN	NaN	NaN
169.600000E+0	32.796131E+0	76.111823E+0	1.232032E+0	737.397730E-3	1.234542E+0	738.942667E-3	1.988766E+0	664.942308E+0	NaN	NaN	NaN
169.700000E+0	32.802014E+0	76.158702E+0	1.232259E+0	737.476408E-3	1.234769E+0	739.021345E-3	1.990753E+0	665.351861E+0	NaN	NaN	NaN
169.800000E+0	32.804687E+0	76.175272E+0	1.232412E+0	737.795293E-3	1.234921E+0	739.340230E-3	1.991656E+0	665.496624E+0	NaN	NaN	NaN
169.900000E+0	32.807897E+0	76.234996E+0	1.232244E+0	737.637340E-3	1.234754E+0	739.182278E-3	1.992741E+0	666.018395E+0	NaN	NaN	NaN
170.000000E+0	32.811983E+0	76.251447E+0	1.232295E+0	737.571179E-3	1.234804E+0	739.116117E-3	1.994121E+0	666.162116E+0	NaN	NaN	NaN
170.100000E+0	32.812081E+0	76.307863E+0	1.232085E+0	737.810790E-3	1.234594E+0	739.355727E-3	1.994154E+0	666.654986E+0	NaN	NaN	NaN
170.200000E+0	32.816927E+0	76.345742E+0	1.232257E+0	737.753569E-3	1.234766E+0	739.298507E-3	1.995791E+0	666.985910E+0	NaN	NaN	NaN
170.300000E+0	32.818045E+0	76.384455E+0	1.232036E+0	737.888872E-3	1.234545E+0	739.433809E-3	1.996169E+0	667.324123E+0	NaN	NaN	NaN
170.400000E+0	32.822783E+0	76.403022E+0	1.231933E+0	737.502038E-3	1.234443E+0	739.046975E-3	1.997769E+0	667.486330E+0	NaN	NaN	NaN
170.500000E+0	32.827414E+0	76.459646E+0	1.232385E+0	737.620055E-3	1.234895E+0	739.164992E-3	1.999334E+0	667.981023E+0	NaN	NaN	NaN
170.600000E+0	32.828907E+0	76.499432E+0	1.232620E+0	737.466275E-3	1.235129E+0	739.011212E-3	1.999838E+0	668.328610E+0	NaN	NaN	NaN
170.700000E+0	32.833941E+0	76.524258E+0	1.232037E+0	737.773239E-3	1.234546E+0	739.318176E-3	2.001539E+0	668.545494E+0	NaN	NaN	NaN
170.800000E+0	32.837142E+0	76.564997E+0	1.232047E+0	737.813770E-3	1.234557E+0	739.358708E-3	2.002620E+0	668.901412E+0	NaN	NaN	NaN
170.900000E+0	32.840119E+0	76.622248E+0	1.232240E+0	738.028347E-3	1.234749E+0	739.573284E-3	2.003626E+0	669.401572E+0	NaN	NaN	NaN
171.000000E+0	32.841004E+0	76.650143E+0	1.232088E+0	737.651049E-3	1.234598E+0	739.195987E-3	2.003925E+0	669.645274E+0	NaN	NaN	NaN
171.100000E+0	32.848613E+0	76.690078E+0	1.232089E+0	737.755358E-3	1.234598E+0	739.300295E-3	2.006495E+0	669.994162E+0	NaN	NaN	NaN
171.200000E+0	32.852878E+0	76.715022E+0	1.232300E+0	737.672507E-3	1.234809E+0	739.217445E-3	2.007936E+0	670.212087E+0	NaN	NaN	NaN
171.300000E+0	32.855283E+0	76.765388E+0	1.232073E+0	737.958013E-3	1.234582E+0	739.502951E-3	2.008748E+0	670.652104E+0	NaN	NaN	NaN
171.400000E+0	32.857473E+0	76.792657E+0	1.231948E+0	737.644493E-3	1.234458E+0	739.189430E-3	2.009488E+0	670.890337E+0	NaN	NaN	NaN
171.500000E+0	32.860406E+0	76.848239E+0	1.232334E+0	737.718999E-3	1.234843E+0	739.263936E-3	2.010479E+0	671.375917E+0	NaN	NaN	NaN
171.600000E+0	32.862757E+0	76.905012E+0	1.232270E+0	737.406074E-3	1.234779E+0	738.951012E-3	2.011273E+0	671.871912E+0	NaN	NaN	NaN
171.700000E+0	32.868130E+0	76.914638E+0	1.232529E+0	737.680852E-3	1.235039E+0	739.225789E-3	2.013088E+0	671.956010E+0	NaN	NaN	NaN
171.800000E+0	32.869686E+0	76.959908E+0	1.232296E+0	737.870991E-3	1.234806E+0	739.415928E-3	2.013614E+0	672.351503E+0	NaN	NaN	NaN
171.900000E+0	32.871528E+0	77.002764E+0	1.232055E+0	737.609922E-3	1.234564E+0	739.154860E-3	2.014236E+0	672.725908E+0	NaN	NaN	NaN
172.000000E+0	32.879834E+0	77.053815E+0	1.231935E+0	737.768471E-3	1.234444E+0	739.313408E-3	2.017042E+0	673.171912E+0	NaN	NaN	NaN
172.100000E+0	32.878671E+0	77.100039E+0	1.231981E+0	737.571775E-3	1.234490E+0	739.116713E-3	2.016649E+0	673.575738E+0	NaN	NaN	NaN
172.200000E+0	32.882534E+0	77.125430E+0	1.232283E+0	737.944304E-3	1.234793E+0	739.489242E-3	2.017954E+0	673.797568E+0	NaN	NaN	NaN
172.300000E+0	32.886512E+0	77.174157E+0	1.232123E+0	737.639129E-3	1.234633E+0	739.184066E-3	2.019298E+0	674.223265E+0	NaN	NaN	NaN
172.400000E+0	32.889722E+0	77.197134E+0	1.232452E+0	737.643897E-3	1.234962E+0	739.188834E-3	2.020382E+0	674.424006E+0	NaN	NaN	NaN
172.500000E+0	32.895122E+0	77.229828E+0	1.232504E+0	737.547337E-3	1.235014E+0	739.092275E-3	2.022207E+0	674.709626E+0	NaN	NaN	NaN
172.600000E+0	32.896088E+0	77.277839E+0	1.232241E+0	737.773835E-3	1.234750E+0	739.318772E-3	2.022533E+0	675.129073E+0	NaN	NaN	NaN
172.700000E+0	32.900710E+0	77.315331E+0	1.232318E+0	737.541973E-3	1.234828E+0	739.086910E-3	2.024094E+0	675.456612E+0	NaN	NaN	NaN
172.800000E+0	32.903178E+0	77.348202E+0	1.232511E+0	737.744033E-3	1.235021E+0	739.288970E-3	2.024928E+0	675.743794E+0	NaN	NaN	NaN
172.900000E+0	32.905082E+0	77.412844E+0	1.232159E+0	737.339913E-3	1.234668E+0	738.884851E-3	2.025571E+0	676.308525E+0	NaN	NaN	NaN
173.000000E+0	32.911689E+0	77.435046E+0	1.232211E+0	737.339317E-3	1.234720E+0	738.884255E-3	2.027803E+0	676.502496E+0	NaN	NaN	NaN
173.100000E+0	32.916097E+0	77.460647E+0	1.231953E+0	737.263619E-3	1.234462E+0	738.808557E-3	2.029292E+0	676.726149E+0	NaN	NaN	NaN
173.200000E+0	32.916231E+0	77.528417E+0	1.231985E+0	737.623631E-3	1.234495E+0	739.168569E-3	2.029338E+0	677.318219E+0	NaN	NaN	NaN
173.300000E+0	32.921175E+0	77.554226E+0	1.232130E+0	737.301170E-3	1.234639E+0	738.846108E-3	2.031008E+0	677.543694E+0	NaN	NaN	NaN
173.400000E+0	32.923741E+0	77.581555E+0	1.231993E+0	737.658798E-3	1.234502E+0	739.203735E-3	2.031875E+0	677.782449E+0	NaN	NaN	NaN
173.500000E+0	32.927398E+0	77.619493E+0	1.232134E+0	737.601578E-3	1.234643E+0	739.146515E-3	2.033110E+0	678.113893E+0	NaN	NaN	NaN
173.600000E+0	32.927792E+0	77.667892E+0	1.232106E+0	737.239181E-3	1.234616E+0	738.784119E-3	2.033243E+0	678.536725E+0	NaN	NaN	NaN
173.700000E+0	32.935168E+0	77.706575E+0	1.231881E+0	737.200438E-3	1.234390E+0	738.745376E-3	2.035735E+0	678.874678E+0	NaN	NaN	NaN
173.800000E+0	32.936509E+0	77.734113E+0	1.232643E+0	737.628400E-3	1.235153E+0	739.173337E-3	2.036188E+0	679.115255E+0	NaN	NaN	NaN
173.900000E+0	32.941167E+0	77.764541E+0	1.232164E+0	737.477004E-3	1.234673E+0	739.021941E-3	2.037761E+0	679.381087E+0	NaN	NaN	NaN
174.000000E+0	32.943822E+0	77.793449E+0	1.232064E+0	737.153351E-3	1.234574E+0	738.698288E-3	2.038658E+0	679.633641E+0	NaN	NaN	NaN
174.100000E+0	32.946737E+0	77.844411E+0	1.232086E+0	737.667739E-3	1.234595E+0	739.212676E-3	2.039643E+0	680.078865E+0	NaN	NaN	NaN
174.200000E+0	32.949866E+0	77.861339E+0	1.232575E+0	737.805426E-3	1.235084E+0	739.350363E-3	2.040700E+0	680.226752E+0	NaN	NaN	NaN
174.300000E+0	32.953273E+0	77.927768E+0	1.231998E+0	737.732708E-3	1.234508E+0	739.277645E-3	2.041851E+0	680.807104E+0	NaN	NaN	NaN
174.400000E+0	32.957904E+0	77.952862E+0	1.232415E+0	737.669527E-3	1.234924E+0	739.214464E-3	2.043415E+0	681.026331E+0	NaN	NaN	NaN
174.500000E+0	32.961096E+0	77.997506E+0	1.232569E+0	737.337529E-3	1.235079E+0	738.882466E-3	2.044494E+0	681.416358E+0	NaN	NaN	NaN
174.600000E+0	32.963474E+0	78.048378E+0	1.232216E+0	737.430512E-3	1.234726E+0	738.975450E-3	2.045297E+0	681.860800E+0	NaN	NaN	NaN
174.700000E+0	32.967658E+0	78.051269E+0	1.232509E+0	737.579524E-3	1.235018E+0	739.124461E-3	2.046711E+0	681.886055E+0	NaN	NaN	NaN
174.800000E+0	32.970689E+0	78.124940E+0	1.232193E+0	737.442433E-3	1.234702E+0	738.987371E-3	2.047734E+0	682.529677E+0	NaN	NaN	NaN
174.900000E+0	32.974158E+0	78.142494E+0	1.232295E+0	737.552702E-3	1.234804E+0	739.097639E-3	2.048906E+0	682.683031E+0	NaN	NaN	NaN
175.000000E+0	32.979102E+0	78.187823E+0	1.232283E+0	737.348854E-3	1.234793E+0	738.893791E-3	2.050577E+0	683.079046E+0	NaN	NaN	NaN
175.100000E+0	32.979603E+0	78.225613E+0	1.231938E+0	737.331569E-3	1.234448E+0	738.876506E-3	2.050746E+0	683.409188E+0	NaN	NaN	NaN
175.200000E+0	32.984288E+0	78.259856E+0	1.232073E+0	737.501442E-3	1.234583E+0	739.046379E-3	2.052328E+0	683.708347E+0	NaN	NaN	NaN
175.300000E+0	32.983921E+0	78.296155E+0	1.232172E+0	737.777411E-3	1.234681E+0	739.322349E-3	2.052204E+0	684.025471E+0	NaN	NaN	NaN
175.400000E+0	32.986907E+0	78.316689E+0	1.232033E+0	737.354814E-3	1.234543E+0	738.899752E-3	2.053213E+0	684.204862E+0	NaN	NaN	NaN
175.500000E+0	32.993381E+0	78.379840E+0	1.232046E+0	737.392961E-3	1.234555E+0	738.937899E-3	2.055400E+0	684.756575E+0	NaN	NaN	NaN
175.600000E+0	32.995124E+0	78.390896E+0	1.232461E+0	737.695157E-3	1.234971E+0	739.240094E-3	2.055989E+0	684.853170E+0	NaN	NaN	NaN
175.700000E+0	32.999264E+0	78.425109E+0	1.232631E+0	737.419187E-3	1.235140E+0	738.964125E-3	2.057387E+0	685.152069E+0	NaN	NaN	NaN
175.800000E+0	33.002348E+0	78.480601E+0	1.232060E+0	737.447798E-3	1.234570E+0	738.992735E-3	2.058429E+0	685.636868E+0	NaN	NaN	NaN
175.900000E+0	33.006935E+0	78.515977E+0	1.232424E+0	737.431108E-3	1.234933E+0	738.976046E-3	2.059979E+0	685.945921E+0	NaN	NaN	NaN
176.000000E+0	33.010162E+0	78.546226E+0	1.231786E+0	737.136065E-3	1.234296E+0	738.681003E-3	2.061069E+0	686.210191E+0	NaN	NaN	NaN
176.100000E+0	33.011798E+0	78.587890E+0	1.232402E+0	737.718403E-3	1.234911E+0	739.263340E-3	2.061622E+0	686.574180E+0	NaN	NaN	NaN
176.200000E+0	33.017485E+0	78.629822E+0	1.232007E+0	737.342297E-3	1.234517E+0	738.887235E-3	2.063543E+0	686.940513E+0	NaN	NaN	NaN
176.300000E+0	33.019630E+0	78.678846E+0	1.232065E+0	737.266003E-3	1.234574E+0	738.810941E-3	2.064268E+0	687.368813E+0	NaN	NaN	NaN
176.400000E+0	33.025326E+0	78.720093E+0	1.232219E+0	737.711846E-3	1.234728E+0	739.256784E-3	2.066192E+0	687.729158E+0	NaN	NaN	NaN
176.500000E+0	33.026014E+0	78.762233E+0	1.232115E+0	737.471043E-3	1.234624E+0	739.015981E-3	2.066424E+0	688.097313E+0	NaN	NaN	NaN
176.600000E+0	33.033319E+0	78.774095E+0	1.232097E+0	737.420380E-3	1.234607E+0	738.965317E-3	2.068892E+0	688.200938E+0	NaN	NaN	NaN
176.700000E+0	33.032201E+0	78.815401E+0	1.232172E+0	737.447202E-3	1.234681E+0	738.992139E-3	2.068514E+0	688.561804E+0	NaN	NaN	NaN
176.800000E+0	33.037834E+0	78.862011E+0	1.232160E+0	737.694561E-3	1.234669E+0	739.239498E-3	2.070417E+0	688.969014E+0	NaN	NaN	NaN
176.900000E+0	33.037923E+0	78.892231E+0	1.232188E+0	737.405478E-3	1.234698E+0	738.950416E-3	2.070447E+0	689.233024E+0	NaN	NaN	NaN
177.000000E+0	33.043305E+0	78.942746E+0	1.232176E+0	737.167060E-3	1.234685E+0	738.711997E-3	2.072265E+0	689.674342E+0	NaN	NaN	NaN
177.100000E+0	33.046658E+0	78.976750E+0	1.232060E+0	737.593233E-3	1.234570E+0	739.138170E-3	2.073398E+0	689.971418E+0	NaN	NaN	NaN
177.200000E+0	33.050199E+0	79.004347E+0	1.232175E+0	737.277924E-3	1.234685E+0	738.822862E-3	2.074594E+0	690.212515E+0	NaN	NaN	NaN
177.300000E+0	33.050941E+0	79.044431E+0	1.231974E+0	737.511575E-3	1.234483E+0	739.056512E-3	2.074845E+0	690.562706E+0	NaN	NaN	NaN
177.400000E+0	33.054848E+0	79.082042E+0	1.232378E+0	737.477600E-3	1.234887E+0	739.022537E-3	2.076165E+0	690.891286E+0	NaN	NaN	NaN
177.500000E+0	33.059157E+0	79.135478E+0	1.232345E+0	737.614691E-3	1.234855E+0	739.159628E-3	2.077620E+0	691.358120E+0	NaN	NaN	NaN
177.600000E+0	33.064423E+0	79.171985E+0	1.232303E+0	737.286269E-3	1.234813E+0	738.831206E-3	2.079399E+0	691.677066E+0	NaN	NaN	NaN
177.700000E+0	33.063771E+0	79.198182E+0	1.232110E+0	737.234413E-3	1.234620E+0	738.779350E-3	2.079179E+0	691.905927E+0	NaN	NaN	NaN
177.800000E+0	33.067642E+0	79.248339E+0	1.232234E+0	737.354218E-3	1.234744E+0	738.899156E-3	2.080487E+0	692.344120E+0	NaN	NaN	NaN
177.900000E+0	33.072139E+0	79.296887E+0	1.232549E+0	737.370312E-3	1.235058E+0	738.915249E-3	2.082006E+0	692.768254E+0	NaN	NaN	NaN
178.000000E+0	33.078925E+0	79.306751E+0	1.232312E+0	737.362563E-3	1.234822E+0	738.907500E-3	2.084298E+0	692.854435E+0	NaN	NaN	NaN
178.100000E+0	33.082028E+0	79.349190E+0	1.232133E+0	737.098514E-3	1.234642E+0	738.643452E-3	2.085346E+0	693.225194E+0	NaN	NaN	NaN
178.200000E+0	33.084272E+0	79.406828E+0	1.232330E+0	737.478792E-3	1.234840E+0	739.023729E-3	2.086104E+0	693.728739E+0	NaN	NaN	NaN
178.300000E+0	33.084397E+0	79.431862E+0	1.232251E+0	737.254083E-3	1.234760E+0	738.799020E-3	2.086147E+0	693.947446E+0	NaN	NaN	NaN
178.400000E+0	33.092238E+0	79.456061E+0	1.232129E+0	737.268388E-3	1.234638E+0	738.813325E-3	2.088795E+0	694.158862E+0	NaN	NaN	NaN
178.500000E+0	33.094777E+0	79.504460E+0	1.232097E+0	737.210571E-3	1.234607E+0	738.755509E-3	2.089653E+0	694.581694E+0	NaN	NaN	NaN
178.600000E+0	33.097522E+0	79.542428E+0	1.232081E+0	737.623035E-3	1.234591E+0	739.167973E-3	2.090581E+0	694.913398E+0	NaN	NaN	NaN
178.700000E+0	33.100490E+0	79.580188E+0	1.232286E+0	737.266600E-3	1.234795E+0	738.811537E-3	2.091583E+0	695.243280E+0	NaN	NaN	NaN
178.800000E+0	33.103879E+0	79.605192E+0	1.232280E+0	737.443625E-3	1.234790E+0	738.988563E-3	2.092728E+0	695.461726E+0	NaN	NaN	NaN
178.900000E+0	33.104013E+0	79.661727E+0	1.232212E+0	737.422764E-3	1.234721E+0	738.967701E-3	2.092773E+0	695.955638E+0	NaN	NaN	NaN
179.000000E+0	33.108912E+0	79.686821E+0	1.232057E+0	737.131297E-3	1.234566E+0	738.676234E-3	2.094428E+0	696.174865E+0	NaN	NaN	NaN
179.100000E+0	33.114366E+0	79.742908E+0	1.232445E+0	737.741053E-3	1.234955E+0	739.285990E-3	2.096271E+0	696.664871E+0	NaN	NaN	NaN
179.200000E+0	33.118523E+0	79.766154E+0	1.231938E+0	737.448394E-3	1.234448E+0	738.993331E-3	2.097675E+0	696.867956E+0	NaN	NaN	NaN
179.300000E+0	33.119221E+0	79.799742E+0	1.231946E+0	737.268984E-3	1.234455E+0	738.813921E-3	2.097911E+0	697.161386E+0	NaN	NaN	NaN
179.400000E+0	33.122565E+0	79.831451E+0	1.232240E+0	737.596213E-3	1.234749E+0	739.141151E-3	2.099040E+0	697.438414E+0	NaN	NaN	NaN
179.500000E+0	33.128421E+0	79.885840E+0	1.232158E+0	737.528264E-3	1.234667E+0	739.073201E-3	2.101019E+0	697.913580E+0	NaN	NaN	NaN
179.600000E+0	33.127008E+0	79.911590E+0	1.232201E+0	737.228453E-3	1.234710E+0	738.773390E-3	2.100541E+0	698.138535E+0	NaN	NaN	NaN
179.700000E+0	33.130647E+0	79.935491E+0	1.232368E+0	737.479388E-3	1.234878E+0	739.024326E-3	2.101771E+0	698.347347E+0	NaN	NaN	NaN
179.800000E+0	33.135815E+0	79.977006E+0	1.232280E+0	737.210571E-3	1.234789E+0	738.755509E-3	2.103516E+0	698.710035E+0	NaN	NaN	NaN
179.900000E+0	33.138908E+0	80.012769E+0	1.232045E+0	737.114012E-3	1.234554E+0	738.658949E-3	2.104562E+0	699.022473E+0	NaN	NaN	NaN
180.000000E+0	33.144308E+0	80.043972E+0	1.232237E+0	737.189113E-3	1.234747E+0	738.734051E-3	2.106386E+0	699.295074E+0	NaN	NaN	NaN
180.100000E+0	33.146597E+0	80.082715E+0	1.231969E+0	737.077057E-3	1.234479E+0	738.621994E-3	2.107159E+0	699.633548E+0	NaN	NaN	NaN
180.200000E+0	33.148555E+0	80.106378E+0	1.232101E+0	737.128317E-3	1.234610E+0	738.673254E-3	2.107820E+0	699.840278E+0	NaN	NaN	NaN
180.300000E+0	33.152775E+0	80.150306E+0	1.232065E+0	737.113416E-3	1.234574E+0	738.658353E-3	2.109246E+0	700.224055E+0	NaN	NaN	NaN
180.400000E+0	33.156200E+0	80.190957E+0	1.231880E+0	737.230837E-3	1.234389E+0	738.775774E-3	2.110403E+0	700.579193E+0	NaN	NaN	NaN
180.500000E+0	33.159114E+0	80.230623E+0	1.232314E+0	737.492501E-3	1.234824E+0	739.037439E-3	2.111387E+0	700.925738E+0	NaN	NaN	NaN
180.600000E+0	33.161904E+0	80.259115E+0	1.232315E+0	737.742841E-3	1.234824E+0	739.287778E-3	2.112330E+0	701.174647E+0	NaN	NaN	NaN
180.700000E+0	33.166696E+0	80.306023E+0	1.232007E+0	737.441241E-3	1.234516E+0	738.986179E-3	2.113949E+0	701.584460E+0	NaN	NaN	NaN
180.800000E+0	33.172060E+0	80.326319E+0	1.232419E+0	737.137853E-3	1.234929E+0	738.682791E-3	2.115761E+0	701.761769E+0	NaN	NaN	NaN
180.900000E+0	33.173339E+0	80.380797E+0	1.232265E+0	737.151563E-3	1.234774E+0	738.696500E-3	2.116193E+0	702.237715E+0	NaN	NaN	NaN
181.000000E+0	33.175994E+0	80.405146E+0	1.232129E+0	736.892282E-3	1.234639E+0	738.437220E-3	2.117090E+0	702.450433E+0	NaN	NaN	NaN
181.100000E+0	33.179222E+0	80.436289E+0	1.232276E+0	737.294018E-3	1.234785E+0	738.838955E-3	2.118180E+0	702.722514E+0	NaN	NaN	NaN
181.200000E+0	33.182923E+0	80.498785E+0	1.232233E+0	737.193882E-3	1.234742E+0	738.738819E-3	2.119430E+0	703.268499E+0	NaN	NaN	NaN
181.300000E+0	33.186875E+0	80.534220E+0	1.232377E+0	737.561046E-3	1.234886E+0	739.105984E-3	2.120765E+0	703.578072E+0	NaN	NaN	NaN
181.400000E+0	33.188493E+0	80.553412E+0	1.232126E+0	737.563431E-3	1.234635E+0	739.108368E-3	2.121312E+0	703.745747E+0	NaN	NaN	NaN
181.500000E+0	33.194162E+0	80.608577E+0	1.232260E+0	737.496673E-3	1.234769E+0	739.041611E-3	2.123227E+0	704.227682E+0	NaN	NaN	NaN
181.600000E+0	33.197979E+0	80.659658E+0	1.232292E+0	737.085401E-3	1.234802E+0	738.630339E-3	2.124517E+0	704.673947E+0	NaN	NaN	NaN
181.700000E+0	33.200089E+0	80.662251E+0	1.232288E+0	737.024009E-3	1.234797E+0	738.568946E-3	2.125229E+0	704.696599E+0	NaN	NaN	NaN
181.800000E+0	33.203621E+0	80.723584E+0	1.232254E+0	737.195670E-3	1.234763E+0	738.740607E-3	2.126423E+0	705.232429E+0	NaN	NaN	NaN
181.900000E+0	33.206241E+0	80.756515E+0	1.232702E+0	737.237989E-3	1.235212E+0	738.782927E-3	2.127307E+0	705.520132E+0	NaN	NaN	NaN
182.000000E+0	33.210452E+0	80.777436E+0	1.232192E+0	737.208187E-3	1.234701E+0	738.753124E-3	2.128730E+0	705.702908E+0	NaN	NaN	NaN
182.100000E+0	33.215047E+0	80.800474E+0	1.232224E+0	737.406670E-3	1.234733E+0	738.951608E-3	2.130282E+0	705.904170E+0	NaN	NaN	NaN
182.200000E+0	33.216308E+0	80.844313E+0	1.231924E+0	737.168252E-3	1.234433E+0	738.713189E-3	2.130708E+0	706.287166E+0	NaN	NaN	NaN
182.300000E+0	33.218579E+0	80.854028E+0	1.232138E+0	736.864268E-3	1.234648E+0	738.409206E-3	2.131475E+0	706.372045E+0	NaN	NaN	NaN
182.400000E+0	33.220796E+0	80.911547E+0	1.232697E+0	737.421572E-3	1.235206E+0	738.966509E-3	2.132225E+0	706.874549E+0	NaN	NaN	NaN
182.500000E+0	33.225508E+0	80.948859E+0	1.231710E+0	736.944734E-3	1.234219E+0	738.489672E-3	2.133816E+0	707.200525E+0	NaN	NaN	NaN
182.600000E+0	33.230604E+0	80.989093E+0	1.232286E+0	737.169444E-3	1.234795E+0	738.714381E-3	2.135538E+0	707.552017E+0	NaN	NaN	NaN
182.700000E+0	33.233921E+0	81.006974E+0	1.231843E+0	737.106263E-3	1.234352E+0	738.651200E-3	2.136658E+0	707.708236E+0	NaN	NaN	NaN
182.800000E+0	33.235387E+0	81.035882E+0	1.231991E+0	737.257659E-3	1.234500E+0	738.802596E-3	2.137154E+0	707.960790E+0	NaN	NaN	NaN
182.900000E+0	33.241100E+0	81.086546E+0	1.232212E+0	737.391769E-3	1.234722E+0	738.936707E-3	2.139084E+0	708.403409E+0	NaN	NaN	NaN
183.000000E+0	33.243121E+0	81.107587E+0	1.232194E+0	737.411439E-3	1.234704E+0	738.956376E-3	2.139766E+0	708.587227E+0	NaN	NaN	NaN
183.100000E+0	33.246358E+0	81.159890E+0	1.232328E+0	736.995398E-3	1.234837E+0	738.540336E-3	2.140860E+0	709.044167E+0	NaN	NaN	NaN
183.200000E+0	33.249710E+0	81.199288E+0	1.232360E+0	736.938178E-3	1.234870E+0	738.483115E-3	2.141992E+0	709.388369E+0	NaN	NaN	NaN
183.300000E+0	33.252482E+0	81.222534E+0	1.232340E+0	737.022816E-3	1.234849E+0	738.567754E-3	2.142929E+0	709.591453E+0	NaN	NaN	NaN
183.400000E+0	33.258535E+0	81.264019E+0	1.232048E+0	737.066328E-3	1.234558E+0	738.611265E-3	2.144973E+0	709.953881E+0	NaN	NaN	NaN
183.500000E+0	33.259277E+0	81.300676E+0	1.232302E+0	737.382829E-3	1.234812E+0	738.927766E-3	2.145224E+0	710.274129E+0	NaN	NaN	NaN
183.600000E+0	33.265097E+0	81.321776E+0	1.232208E+0	736.949503E-3	1.234717E+0	738.494440E-3	2.147190E+0	710.458467E+0	NaN	NaN	NaN
183.700000E+0	33.266707E+0	81.377685E+0	1.232167E+0	737.425148E-3	1.234676E+0	738.970085E-3	2.147734E+0	710.946911E+0	NaN	NaN	NaN
183.800000E+0	33.270113E+0	81.408560E+0	1.231930E+0	736.983477E-3	1.234439E+0	738.528415E-3	2.148885E+0	711.216649E+0	NaN	NaN	NaN
183.900000E+0	33.271767E+0	81.454992E+0	1.232285E+0	737.139046E-3	1.234794E+0	738.683983E-3	2.149443E+0	711.622297E+0	NaN	NaN	NaN
184.000000E+0	33.275343E+0	81.473768E+0	1.231883E+0	737.100303E-3	1.234393E+0	738.645240E-3	2.150651E+0	711.786327E+0	NaN	NaN	NaN
184.100000E+0	33.279465E+0	81.505716E+0	1.231909E+0	736.906587E-3	1.234419E+0	738.451525E-3	2.152044E+0	712.065438E+0	NaN	NaN	NaN
184.200000E+0	33.281164E+0	81.553340E+0	1.231864E+0	737.239181E-3	1.234374E+0	738.784119E-3	2.152618E+0	712.481500E+0	NaN	NaN	NaN
184.300000E+0	33.288817E+0	81.584662E+0	1.232303E+0	737.191498E-3	1.234813E+0	738.736435E-3	2.155203E+0	712.755144E+0	NaN	NaN	NaN
184.400000E+0	33.291419E+0	81.615567E+0	1.232069E+0	737.222492E-3	1.234578E+0	738.767429E-3	2.156082E+0	713.025142E+0	NaN	NaN	NaN
184.500000E+0	33.292787E+0	81.654221E+0	1.232392E+0	737.413227E-3	1.234901E+0	738.958164E-3	2.156544E+0	713.362835E+0	NaN	NaN	NaN
184.600000E+0	33.296291E+0	81.693858E+0	1.231992E+0	737.077057E-3	1.234501E+0	738.621994E-3	2.157728E+0	713.709119E+0	NaN	NaN	NaN
184.700000E+0	33.302469E+0	81.711590E+0	1.232026E+0	736.768901E-3	1.234535E+0	738.313838E-3	2.159815E+0	713.864036E+0	NaN	NaN	NaN
184.800000E+0	33.304079E+0	81.746548E+0	1.232200E+0	737.112820E-3	1.234709E+0	738.657757E-3	2.160359E+0	714.169444E+0	NaN	NaN	NaN
184.900000E+0	33.305196E+0	81.795514E+0	1.232156E+0	736.948311E-3	1.234666E+0	738.493248E-3	2.160736E+0	714.597223E+0	NaN	NaN	NaN
185.000000E+0	33.310784E+0	81.833929E+0	1.232101E+0	737.342893E-3	1.234610E+0	738.887831E-3	2.162624E+0	714.932833E+0	NaN	NaN	NaN
185.100000E+0	33.311222E+0	81.870317E+0	1.232008E+0	737.358391E-3	1.234517E+0	738.903328E-3	2.162772E+0	715.250738E+0	NaN	NaN	NaN
185.200000E+0	33.315907E+0	81.899643E+0	1.232385E+0	737.364947E-3	1.234895E+0	738.909885E-3	2.164355E+0	715.506937E+0	NaN	NaN	NaN
185.300000E+0	33.319662E+0	81.905484E+0	1.232361E+0	737.203419E-3	1.234871E+0	738.748356E-3	2.165623E+0	715.557969E+0	NaN	NaN	NaN
185.400000E+0	33.325966E+0	81.971467E+0	1.232089E+0	737.344682E-3	1.234599E+0	738.889619E-3	2.167752E+0	716.134416E+0	NaN	NaN	NaN
185.500000E+0	33.327146E+0	82.020730E+0	1.232347E+0	736.861884E-3	1.234856E+0	738.406821E-3	2.168151E+0	716.564798E+0	NaN	NaN	NaN
185.600000E+0	33.330642E+0	82.038075E+0	1.232262E+0	737.381636E-3	1.234771E+0	738.926574E-3	2.169332E+0	716.716331E+0	NaN	NaN	NaN
185.700000E+0	33.334325E+0	82.085460E+0	1.232486E+0	737.230241E-3	1.234995E+0	738.775178E-3	2.170576E+0	717.130310E+0	NaN	NaN	NaN
185.800000E+0	33.336578E+0	82.116693E+0	1.231860E+0	737.278520E-3	1.234369E+0	738.823458E-3	2.171338E+0	717.403173E+0	NaN	NaN	NaN
185.900000E+0	33.339269E+0	82.133502E+0	1.232215E+0	736.877381E-3	1.234725E+0	738.422319E-3	2.172247E+0	717.550018E+0	NaN	NaN	NaN
186.000000E+0	33.344634E+0	82.178116E+0	1.232295E+0	736.783802E-3	1.234805E+0	738.328739E-3	2.174059E+0	717.939784E+0	NaN	NaN	NaN
186.100000E+0	33.348487E+0	82.213312E+0	1.232237E+0	737.240970E-3	1.234747E+0	738.785907E-3	2.175361E+0	718.247275E+0	NaN	NaN	NaN
186.200000E+0	33.349363E+0	82.263499E+0	1.232325E+0	737.530052E-3	1.234834E+0	739.074989E-3	2.175657E+0	718.685729E+0	NaN	NaN	NaN
186.300000E+0	33.354084E+0	82.309723E+0	1.232149E+0	737.187921E-3	1.234659E+0	738.732859E-3	2.177251E+0	719.089554E+0	NaN	NaN	NaN
186.400000E+0	33.356891E+0	82.333177E+0	1.231730E+0	737.016856E-3	1.234239E+0	738.561793E-3	2.178200E+0	719.294461E+0	NaN	NaN	NaN
186.500000E+0	33.361049E+0	82.382441E+0	1.232336E+0	737.102687E-3	1.234845E+0	738.647624E-3	2.179604E+0	719.724844E+0	NaN	NaN	NaN
186.600000E+0	33.361871E+0	82.416683E+0	1.232528E+0	737.106859E-3	1.235038E+0	738.651796E-3	2.179882E+0	720.024003E+0	NaN	NaN	NaN
186.700000E+0	33.364589E+0	82.440466E+0	1.232144E+0	737.043082E-3	1.234654E+0	738.588019E-3	2.180800E+0	720.231774E+0	NaN	NaN	NaN
186.800000E+0	33.370749E+0	82.484931E+0	1.232175E+0	737.050235E-3	1.234685E+0	738.595172E-3	2.182881E+0	720.620238E+0	NaN	NaN	NaN
186.900000E+0	33.371053E+0	82.541734E+0	1.232197E+0	737.204015E-3	1.234706E+0	738.748952E-3	2.182984E+0	721.116493E+0	NaN	NaN	NaN
187.000000E+0	33.376409E+0	82.589179E+0	1.232172E+0	737.105071E-3	1.234681E+0	738.650008E-3	2.184793E+0	721.530993E+0	NaN	NaN	NaN
187.100000E+0	33.379342E+0	82.611829E+0	1.232097E+0	737.084209E-3	1.234607E+0	738.629147E-3	2.185784E+0	721.728870E+0	NaN	NaN	NaN
187.200000E+0	33.381657E+0	82.649767E+0	1.232051E+0	737.056791E-3	1.234561E+0	738.601729E-3	2.186566E+0	722.060314E+0	NaN	NaN	NaN
187.300000E+0	33.385484E+0	82.672626E+0	1.232106E+0	737.334549E-3	1.234615E+0	738.879486E-3	2.187859E+0	722.260014E+0	NaN	NaN	NaN
187.400000E+0	33.390893E+0	82.707822E+0	1.232444E+0	737.355410E-3	1.234954E+0	738.900348E-3	2.189686E+0	722.567505E+0	NaN	NaN	NaN
187.500000E+0	33.394952E+0	82.751721E+0	1.232429E+0	737.081229E-3	1.234939E+0	738.626166E-3	2.191057E+0	722.951022E+0	NaN	NaN	NaN
187.600000E+0	33.394943E+0	82.786202E+0	1.231892E+0	737.037122E-3	1.234401E+0	738.582059E-3	2.191054E+0	723.252263E+0	NaN	NaN	NaN
187.700000E+0	33.401076E+0	82.819462E+0	1.232474E+0	737.304746E-3	1.234983E+0	738.849684E-3	2.193126E+0	723.542830E+0	NaN	NaN	NaN
187.800000E+0	33.404000E+0	82.854211E+0	1.231870E+0	737.205803E-3	1.234379E+0	738.750740E-3	2.194114E+0	723.846415E+0	NaN	NaN	NaN
187.900000E+0	33.408354E+0	82.902312E+0	1.232520E+0	737.334549E-3	1.235030E+0	738.879486E-3	2.195585E+0	724.266644E+0	NaN	NaN	NaN
188.000000E+0	33.408175E+0	82.941651E+0	1.232144E+0	737.057387E-3	1.234654E+0	738.602325E-3	2.195524E+0	724.610325E+0	NaN	NaN	NaN
188.100000E+0	33.412234E+0	82.967758E+0	1.232190E+0	737.257659E-3	1.234699E+0	738.802596E-3	2.196895E+0	724.838405E+0	NaN	NaN	NaN
188.200000E+0	33.416669E+0	83.023012E+0	1.231971E+0	737.279713E-3	1.234480E+0	738.824650E-3	2.198393E+0	725.321121E+0	NaN	NaN	NaN
188.300000E+0	33.418520E+0	83.045512E+0	1.232309E+0	737.162887E-3	1.234818E+0	738.707825E-3	2.199019E+0	725.517696E+0	NaN	NaN	NaN
188.400000E+0	33.423026E+0	83.089828E+0	1.232302E+0	736.922085E-3	1.234812E+0	738.467022E-3	2.200541E+0	725.904858E+0	NaN	NaN	NaN
188.500000E+0	33.425592E+0	83.127558E+0	1.232256E+0	737.026393E-3	1.234765E+0	738.571330E-3	2.201408E+0	726.234480E+0	NaN	NaN	NaN
188.600000E+0	33.431671E+0	83.163023E+0	1.232088E+0	737.224876E-3	1.234598E+0	738.769814E-3	2.203462E+0	726.544314E+0	NaN	NaN	NaN
188.700000E+0	33.434756E+0	83.176464E+0	1.232219E+0	736.932813E-3	1.234729E+0	738.477751E-3	2.204504E+0	726.661738E+0	NaN	NaN	NaN
188.800000E+0	33.437152E+0	83.212435E+0	1.232463E+0	737.565815E-3	1.234972E+0	739.110752E-3	2.205313E+0	726.975998E+0	NaN	NaN	NaN
188.900000E+0	33.439736E+0	83.278894E+0	1.231932E+0	736.886918E-3	1.234441E+0	738.431855E-3	2.206186E+0	727.556611E+0	NaN	NaN	NaN
189.000000E+0	33.442910E+0	83.311200E+0	1.231639E+0	736.951887E-3	1.234149E+0	738.496824E-3	2.207258E+0	727.838846E+0	NaN	NaN	NaN
189.100000E+0	33.442373E+0	83.332330E+0	1.231972E+0	737.054407E-3	1.234481E+0	738.599344E-3	2.207077E+0	728.023445E+0	NaN	NaN	NaN
189.200000E+0	33.446558E+0	83.371311E+0	1.232099E+0	737.259447E-3	1.234608E+0	738.804384E-3	2.208490E+0	728.364002E+0	NaN	NaN	NaN
189.300000E+0	33.451046E+0	83.421946E+0	1.231845E+0	736.936986E-3	1.234354E+0	738.481923E-3	2.210007E+0	728.806361E+0	NaN	NaN	NaN
189.400000E+0	33.455659E+0	83.433598E+0	1.231971E+0	736.814200E-3	1.234481E+0	738.359138E-3	2.211565E+0	728.908164E+0	NaN	NaN	NaN
189.500000E+0	33.460317E+0	83.475441E+0	1.231781E+0	737.533628E-3	1.234291E+0	739.078566E-3	2.213139E+0	729.273716E+0	NaN	NaN	NaN
189.600000E+0	33.464430E+0	83.508611E+0	1.232095E+0	737.176596E-3	1.234604E+0	738.721534E-3	2.214528E+0	729.563502E+0	NaN	NaN	NaN
189.700000E+0	33.466218E+0	83.531529E+0	1.231801E+0	737.173616E-3	1.234310E+0	738.718554E-3	2.215132E+0	729.763722E+0	NaN	NaN	NaN
189.800000E+0	33.468829E+0	83.578378E+0	1.231965E+0	737.123548E-3	1.234474E+0	738.668486E-3	2.216014E+0	730.173015E+0	NaN	NaN	NaN
189.900000E+0	33.473550E+0	83.624095E+0	1.232149E+0	737.048446E-3	1.234658E+0	738.593384E-3	2.217609E+0	730.572414E+0	NaN	NaN	NaN
190.000000E+0	33.475534E+0	83.659202E+0	1.232585E+0	737.415015E-3	1.235095E+0	738.959952E-3	2.218279E+0	730.879124E+0	NaN	NaN	NaN
190.100000E+0	33.481221E+0	83.704650E+0	1.232014E+0	737.004339E-3	1.234524E+0	738.549276E-3	2.220200E+0	731.276180E+0	NaN	NaN	NaN
190.200000E+0	33.483089E+0	83.733529E+0	1.232084E+0	737.189710E-3	1.234593E+0	738.734647E-3	2.220831E+0	731.528473E+0	NaN	NaN	NaN
190.300000E+0	33.487309E+0	83.773971E+0	1.232038E+0	737.067520E-3	1.234548E+0	738.612457E-3	2.222257E+0	731.881788E+0	NaN	NaN	NaN
190.400000E+0	33.487211E+0	83.792627E+0	1.232113E+0	736.909568E-3	1.234623E+0	738.454505E-3	2.222224E+0	732.044776E+0	NaN	NaN	NaN
190.500000E+0	33.493425E+0	83.844751E+0	1.231997E+0	737.408459E-3	1.234506E+0	738.953396E-3	2.224323E+0	732.500154E+0	NaN	NaN	NaN
190.600000E+0	33.494587E+0	83.885282E+0	1.232144E+0	737.130105E-3	1.234654E+0	738.675042E-3	2.224715E+0	732.854250E+0	NaN	NaN	NaN
190.700000E+0	33.498727E+0	83.917350E+0	1.232053E+0	737.056195E-3	1.234562E+0	738.601132E-3	2.226114E+0	733.134402E+0	NaN	NaN	NaN
190.800000E+0	33.501194E+0	83.952993E+0	1.232551E+0	737.479388E-3	1.235060E+0	739.024326E-3	2.226947E+0	733.445798E+0	NaN	NaN	NaN
190.900000E+0	33.503501E+0	83.994716E+0	1.232120E+0	737.425744E-3	1.234629E+0	738.970681E-3	2.227727E+0	733.810309E+0	NaN	NaN	NaN
191.000000E+0	33.510582E+0	84.038436E+0	1.232281E+0	737.043082E-3	1.234790E+0	738.588019E-3	2.230119E+0	734.192264E+0	NaN	NaN	NaN
191.100000E+0	33.511270E+0	84.056854E+0	1.232033E+0	736.955463E-3	1.234543E+0	738.500401E-3	2.230351E+0	734.353169E+0	NaN	NaN	NaN
191.200000E+0	33.519344E+0	84.089816E+0	1.232568E+0	737.213551E-3	1.235078E+0	738.758489E-3	2.233079E+0	734.641132E+0	NaN	NaN	NaN
191.300000E+0	33.520453E+0	84.145486E+0	1.231742E+0	737.035333E-3	1.234251E+0	738.580271E-3	2.233453E+0	735.127493E+0	NaN	NaN	NaN
191.400000E+0	33.521195E+0	84.159136E+0	1.232073E+0	737.202823E-3	1.234582E+0	738.747760E-3	2.233704E+0	735.246740E+0	NaN	NaN	NaN
191.500000E+0	33.527990E+0	84.220320E+0	1.231962E+0	737.349450E-3	1.234471E+0	738.894387E-3	2.235999E+0	735.781269E+0	NaN	NaN	NaN
191.600000E+0	33.528714E+0	84.263444E+0	1.231982E+0	737.254679E-3	1.234491E+0	738.799616E-3	2.236244E+0	736.158016E+0	NaN	NaN	NaN
191.700000E+0	33.533202E+0	84.301859E+0	1.232202E+0	736.681282E-3	1.234712E+0	738.226219E-3	2.237760E+0	736.493626E+0	NaN	NaN	NaN
191.800000E+0	33.534025E+0	84.324598E+0	1.232149E+0	737.039506E-3	1.234658E+0	738.584443E-3	2.238038E+0	736.692284E+0	NaN	NaN	NaN
191.900000E+0	33.537654E+0	84.368497E+0	1.232194E+0	737.140238E-3	1.234703E+0	738.685175E-3	2.239264E+0	737.075802E+0	NaN	NaN	NaN
192.000000E+0	33.540203E+0	84.403038E+0	1.232262E+0	737.180173E-3	1.234771E+0	738.725110E-3	2.240125E+0	737.377564E+0	NaN	NaN	NaN
192.100000E+0	33.548026E+0	84.430486E+0	1.232309E+0	737.333953E-3	1.234819E+0	738.878890E-3	2.242768E+0	737.617360E+0	NaN	NaN	NaN
192.200000E+0	33.550735E+0	84.462851E+0	1.232250E+0	736.973345E-3	1.234760E+0	738.518282E-3	2.243683E+0	737.900116E+0	NaN	NaN	NaN
192.300000E+0	33.552022E+0	84.505379E+0	1.231827E+0	736.928641E-3	1.234336E+0	738.473579E-3	2.244118E+0	738.271656E+0	NaN	NaN	NaN
192.400000E+0	33.557646E+0	84.530264E+0	1.232017E+0	736.883938E-3	1.234526E+0	738.428875E-3	2.246018E+0	738.489061E+0	NaN	NaN	NaN
192.500000E+0	33.558424E+0	84.552497E+0	1.232243E+0	736.988842E-3	1.234753E+0	738.533779E-3	2.246280E+0	738.683293E+0	NaN	NaN	NaN
192.600000E+0	33.562796E+0	84.621757E+0	1.232015E+0	736.981689E-3	1.234524E+0	738.526627E-3	2.247757E+0	739.288380E+0	NaN	NaN	NaN
192.700000E+0	33.567624E+0	84.638804E+0	1.232095E+0	736.761748E-3	1.234605E+0	738.306686E-3	2.249388E+0	739.437309E+0	NaN	NaN	NaN
192.800000E+0	33.569617E+0	84.670901E+0	1.232308E+0	737.249910E-3	1.234817E+0	738.794848E-3	2.250062E+0	739.717721E+0	NaN	NaN	NaN
192.900000E+0	33.574410E+0	84.735334E+0	1.232222E+0	736.894070E-3	1.234732E+0	738.439008E-3	2.251681E+0	740.280630E+0	NaN	NaN	NaN
193.000000E+0	33.576126E+0	84.752917E+0	1.231923E+0	736.869036E-3	1.234432E+0	738.413974E-3	2.252261E+0	740.434245E+0	NaN	NaN	NaN
193.100000E+0	33.576108E+0	84.794760E+0	1.232292E+0	737.292826E-3	1.234802E+0	738.837763E-3	2.252255E+0	740.799797E+0	NaN	NaN	NaN
193.200000E+0	33.583422E+0	84.845513E+0	1.231975E+0	737.081229E-3	1.234484E+0	738.626166E-3	2.254725E+0	741.243197E+0	NaN	NaN	NaN
193.300000E+0	33.587204E+0	84.870994E+0	1.232146E+0	737.242162E-3	1.234656E+0	738.787099E-3	2.256003E+0	741.465809E+0	NaN	NaN	NaN
193.400000E+0	33.588813E+0	84.918171E+0	1.232050E+0	737.194478E-3	1.234560E+0	738.739415E-3	2.256547E+0	741.877966E+0	NaN	NaN	NaN
193.500000E+0	33.594401E+0	84.939808E+0	1.232089E+0	737.059175E-3	1.234598E+0	738.604113E-3	2.258434E+0	742.066991E+0	NaN	NaN	NaN
193.600000E+0	33.597012E+0	84.980041E+0	1.232239E+0	736.974537E-3	1.234748E+0	738.519474E-3	2.259316E+0	742.418483E+0	NaN	NaN	NaN
193.700000E+0	33.598746E+0	85.022330E+0	1.232017E+0	736.922085E-3	1.234526E+0	738.467022E-3	2.259902E+0	742.787941E+0	NaN	NaN	NaN
193.800000E+0	33.602099E+0	85.051000E+0	1.232079E+0	737.213551E-3	1.234589E+0	738.758489E-3	2.261035E+0	743.038411E+0	NaN	NaN	NaN
193.900000E+0	33.605201E+0	85.083574E+0	1.232452E+0	736.846387E-3	1.234962E+0	738.391324E-3	2.262083E+0	743.322990E+0	NaN	NaN	NaN
194.000000E+0	33.608760E+0	85.125357E+0	1.231966E+0	737.245738E-3	1.234475E+0	738.790675E-3	2.263285E+0	743.688021E+0	NaN	NaN	NaN
194.100000E+0	33.611603E+0	85.149854E+0	1.231991E+0	737.024605E-3	1.234501E+0	738.569542E-3	2.264245E+0	743.902041E+0	NaN	NaN	NaN
194.200000E+0	33.616529E+0	85.192859E+0	1.232153E+0	737.023413E-3	1.234663E+0	738.568350E-3	2.265909E+0	744.277747E+0	NaN	NaN	NaN
194.300000E+0	33.619641E+0	85.229158E+0	1.232138E+0	736.794531E-3	1.234647E+0	738.339468E-3	2.266961E+0	744.594871E+0	NaN	NaN	NaN
194.400000E+0	33.624486E+0	85.252404E+0	1.231925E+0	736.976325E-3	1.234434E+0	738.521262E-3	2.268598E+0	744.797955E+0	NaN	NaN	NaN
194.500000E+0	33.626874E+0	85.315406E+0	1.231973E+0	737.209379E-3	1.234482E+0	738.754316E-3	2.269404E+0	745.348366E+0	NaN	NaN	NaN
194.600000E+0	33.628850E+0	85.340053E+0	1.232241E+0	736.966192E-3	1.234751E+0	738.511129E-3	2.270071E+0	745.563688E+0	NaN	NaN	NaN
194.700000E+0	33.633999E+0	85.376829E+0	1.232383E+0	737.207591E-3	1.234893E+0	738.752528E-3	2.271811E+0	745.884978E+0	NaN	NaN	NaN
194.800000E+0	33.633624E+0	85.407317E+0	1.232071E+0	737.046658E-3	1.234580E+0	738.591596E-3	2.271684E+0	746.151331E+0	NaN	NaN	NaN
194.900000E+0	33.642118E+0	85.458130E+0	1.232343E+0	736.910164E-3	1.234853E+0	738.455101E-3	2.274554E+0	746.595252E+0	NaN	NaN	NaN
195.000000E+0	33.641554E+0	85.477144E+0	1.232258E+0	736.917912E-3	1.234768E+0	738.462850E-3	2.274363E+0	746.761365E+0	NaN	NaN	NaN
195.100000E+0	33.646114E+0	85.514009E+0	1.232300E+0	737.111031E-3	1.234809E+0	738.655969E-3	2.275904E+0	747.083436E+0	NaN	NaN	NaN
195.200000E+0	33.648573E+0	85.563093E+0	1.231853E+0	736.790954E-3	1.234363E+0	738.335892E-3	2.276734E+0	747.512256E+0	NaN	NaN	NaN
195.300000E+0	33.652364E+0	85.593969E+0	1.232308E+0	737.041890E-3	1.234817E+0	738.586827E-3	2.278015E+0	747.781994E+0	NaN	NaN	NaN
195.400000E+0	33.656923E+0	85.634202E+0	1.232323E+0	737.106263E-3	1.234832E+0	738.651200E-3	2.279555E+0	748.133486E+0	NaN	NaN	NaN
195.500000E+0	33.660249E+0	85.664719E+0	1.232371E+0	737.127721E-3	1.234880E+0	738.672658E-3	2.280679E+0	748.400100E+0	NaN	NaN	NaN
195.600000E+0	33.663978E+0	85.707784E+0	1.231859E+0	736.752211E-3	1.234369E+0	738.297149E-3	2.281938E+0	748.776327E+0	NaN	NaN	NaN
195.700000E+0	33.665274E+0	85.738808E+0	1.232156E+0	736.984073E-3	1.234665E+0	738.529011E-3	2.282376E+0	749.047366E+0	NaN	NaN	NaN
195.800000E+0	33.670468E+0	85.785776E+0	1.231957E+0	737.014472E-3	1.234466E+0	738.559409E-3	2.284131E+0	749.457701E+0	NaN	NaN	NaN
195.900000E+0	33.674465E+0	85.818321E+0	1.231994E+0	736.851751E-3	1.234503E+0	738.396689E-3	2.285481E+0	749.742019E+0	NaN	NaN	NaN
196.000000E+0	33.673553E+0	85.867852E+0	1.231846E+0	736.976325E-3	1.234355E+0	738.521262E-3	2.285173E+0	750.174745E+0	NaN	NaN	NaN
196.100000E+0	33.677353E+0	85.878998E+0	1.232391E+0	736.953675E-3	1.234901E+0	738.498612E-3	2.286457E+0	750.272121E+0	NaN	NaN	NaN
196.200000E+0	33.682002E+0	85.919738E+0	1.232140E+0	736.995994E-3	1.234650E+0	738.540932E-3	2.288027E+0	750.628040E+0	NaN	NaN	NaN
196.300000E+0	33.685954E+0	85.969836E+0	1.232087E+0	737.025797E-3	1.234596E+0	738.570734E-3	2.289362E+0	751.065713E+0	NaN	NaN	NaN
196.400000E+0	33.690174E+0	86.003810E+0	1.232125E+0	737.133681E-3	1.234635E+0	738.678619E-3	2.290788E+0	751.362528E+0	NaN	NaN	NaN
196.500000E+0	33.691193E+0	86.052150E+0	1.231973E+0	737.132489E-3	1.234482E+0	738.677426E-3	2.291132E+0	751.784840E+0	NaN	NaN	NaN
196.600000E+0	33.697040E+0	86.074591E+0	1.231909E+0	736.967980E-3	1.234418E+0	738.512918E-3	2.293107E+0	751.980894E+0	NaN	NaN	NaN
196.700000E+0	33.698605E+0	86.113721E+0	1.231979E+0	737.217724E-3	1.234489E+0	738.762661E-3	2.293636E+0	752.322753E+0	NaN	NaN	NaN
196.800000E+0	33.700098E+0	86.136758E+0	1.232145E+0	736.910164E-3	1.234654E+0	738.455101E-3	2.294140E+0	752.524015E+0	NaN	NaN	NaN
196.900000E+0	33.703156E+0	86.194754E+0	1.231881E+0	736.902415E-3	1.234390E+0	738.447352E-3	2.295173E+0	753.030684E+0	NaN	NaN	NaN
197.000000E+0	33.709361E+0	86.228192E+0	1.232190E+0	736.901223E-3	1.234699E+0	738.446160E-3	2.297269E+0	753.322813E+0	NaN	NaN	NaN
197.100000E+0	33.711059E+0	86.243153E+0	1.231809E+0	737.246334E-3	1.234319E+0	738.791271E-3	2.297843E+0	753.453516E+0	NaN	NaN	NaN
197.200000E+0	33.716298E+0	86.296052E+0	1.231971E+0	736.990630E-3	1.234481E+0	738.535567E-3	2.299613E+0	753.915664E+0	NaN	NaN	NaN
197.300000E+0	33.720000E+0	86.337656E+0	1.231922E+0	737.088382E-3	1.234431E+0	738.633319E-3	2.300864E+0	754.279133E+0	NaN	NaN	NaN
197.400000E+0	33.721994E+0	86.366951E+0	1.231951E+0	737.116396E-3	1.234461E+0	738.661333E-3	2.301537E+0	754.535071E+0	NaN	NaN	NaN
197.500000E+0	33.724595E+0	86.401969E+0	1.232187E+0	737.062156E-3	1.234696E+0	738.607093E-3	2.302416E+0	754.840999E+0	NaN	NaN	NaN
197.600000E+0	33.729683E+0	86.445421E+0	1.232180E+0	737.106859E-3	1.234689E+0	738.651796E-3	2.304135E+0	755.220611E+0	NaN	NaN	NaN
197.700000E+0	33.732839E+0	86.462557E+0	1.232193E+0	737.245738E-3	1.234702E+0	738.790675E-3	2.305201E+0	755.370321E+0	NaN	NaN	NaN
197.800000E+0	33.738498E+0	86.508840E+0	1.232291E+0	736.982881E-3	1.234800E+0	738.527819E-3	2.307113E+0	755.774667E+0	NaN	NaN	NaN
197.900000E+0	33.740063E+0	86.550921E+0	1.232294E+0	736.896455E-3	1.234803E+0	738.441392E-3	2.307641E+0	756.142302E+0	NaN	NaN	NaN
198.000000E+0	33.741860E+0	86.556584E+0	1.232182E+0	736.965000E-3	1.234692E+0	738.509937E-3	2.308248E+0	756.191771E+0	NaN	NaN	NaN
198.100000E+0	33.748601E+0	86.568326E+0	1.232278E+0	736.811220E-3	1.234787E+0	738.356157E-3	2.310525E+0	756.294355E+0	NaN	NaN	NaN
198.200000E+0	33.750550E+0	86.621106E+0	1.232137E+0	737.032949E-3	1.234647E+0	738.577887E-3	2.311184E+0	756.755460E+0	NaN	NaN	NaN
198.300000E+0	33.753474E+0	86.636871E+0	1.232072E+0	736.991822E-3	1.234582E+0	738.536759E-3	2.312172E+0	756.893193E+0	NaN	NaN	NaN
198.400000E+0	33.756979E+0	86.670190E+0	1.231923E+0	737.271368E-3	1.234432E+0	738.816305E-3	2.313356E+0	757.184281E+0	NaN	NaN	NaN
198.500000E+0	33.760904E+0	86.700946E+0	1.232178E+0	737.068116E-3	1.234688E+0	738.613053E-3	2.314681E+0	757.452977E+0	NaN	NaN	NaN
198.600000E+0	33.762191E+0	86.733580E+0	1.232305E+0	737.075269E-3	1.234815E+0	738.620206E-3	2.315116E+0	757.738076E+0	NaN	NaN	NaN
198.700000E+0	33.768110E+0	86.763382E+0	1.231905E+0	736.993610E-3	1.234415E+0	738.538548E-3	2.317116E+0	757.998441E+0	NaN	NaN	NaN
198.800000E+0	33.765633E+0	86.813688E+0	1.231891E+0	736.731350E-3	1.234400E+0	738.276287E-3	2.316279E+0	758.437937E+0	NaN	NaN	NaN
198.900000E+0	33.771230E+0	86.837709E+0	1.232151E+0	736.980497E-3	1.234660E+0	738.525435E-3	2.318170E+0	758.647790E+0	NaN	NaN	NaN
199.000000E+0	33.773599E+0	86.861253E+0	1.232335E+0	737.061560E-3	1.234844E+0	738.606497E-3	2.318970E+0	758.853478E+0	NaN	NaN	NaN
199.100000E+0	33.779375E+0	86.905003E+0	1.231838E+0	737.168848E-3	1.234347E+0	738.713785E-3	2.320921E+0	759.235694E+0	NaN	NaN	NaN
199.200000E+0	33.779885E+0	86.941779E+0	1.231967E+0	736.860096E-3	1.234477E+0	738.405033E-3	2.321094E+0	759.556984E+0	NaN	NaN	NaN
199.300000E+0	33.785580E+0	86.965799E+0	1.232078E+0	736.881553E-3	1.234587E+0	738.426491E-3	2.323017E+0	759.766837E+0	NaN	NaN	NaN
199.400000E+0	33.788656E+0	86.992383E+0	1.231855E+0	737.070500E-3	1.234364E+0	738.615438E-3	2.324056E+0	759.999083E+0	NaN	NaN	NaN
199.500000E+0	33.790462E+0	87.060690E+0	1.232216E+0	737.024605E-3	1.234725E+0	738.569542E-3	2.324667E+0	760.595838E+0	NaN	NaN	NaN
199.600000E+0	33.796300E+0	87.057680E+0	1.231918E+0	736.808836E-3	1.234427E+0	738.353773E-3	2.326639E+0	760.569542E+0	NaN	NaN	NaN
199.700000E+0	33.799724E+0	87.102264E+0	1.232288E+0	736.662804E-3	1.234797E+0	738.207742E-3	2.327796E+0	760.959047E+0	NaN	NaN	NaN
199.800000E+0	33.802102E+0	87.138087E+0	1.232100E+0	736.879169E-3	1.234610E+0	738.424107E-3	2.328599E+0	761.272005E+0	NaN	NaN	NaN
199.900000E+0	33.807127E+0	87.174416E+0	1.231896E+0	736.877381E-3	1.234405E+0	738.422319E-3	2.330296E+0	761.589390E+0	NaN	NaN	NaN
200.000000E+0	33.811159E+0	87.213457E+0	1.232088E+0	737.153351E-3	1.234597E+0	738.698288E-3	2.331659E+0	761.930467E+0	NaN	NaN	NaN
200.100000E+0	33.815791E+0	87.252140E+0	1.232113E+0	737.307727E-3	1.234623E+0	738.852664E-3	2.333223E+0	762.268421E+0	NaN	NaN	NaN
200.200000E+0	33.814968E+0	87.281108E+0	1.232057E+0	736.997186E-3	1.234566E+0	738.542124E-3	2.332945E+0	762.521495E+0	NaN	NaN	NaN
200.300000E+0	33.819224E+0	87.320566E+0	1.232115E+0	736.981093E-3	1.234625E+0	738.526031E-3	2.334383E+0	762.866218E+0	NaN	NaN	NaN
200.400000E+0	33.824383E+0	87.352961E+0	1.232093E+0	737.082421E-3	1.234602E+0	738.627359E-3	2.336126E+0	763.149234E+0	NaN	NaN	NaN
200.500000E+0	33.824481E+0	87.402910E+0	1.231982E+0	736.883342E-3	1.234492E+0	738.428279E-3	2.336159E+0	763.585605E+0	NaN	NaN	NaN
200.600000E+0	33.830301E+0	87.424487E+0	1.232046E+0	737.064540E-3	1.234555E+0	738.609477E-3	2.338125E+0	763.774109E+0	NaN	NaN	NaN
200.700000E+0	33.831884E+0	87.458521E+0	1.232126E+0	737.096130E-3	1.234635E+0	738.641068E-3	2.338660E+0	764.071446E+0	NaN	NaN	NaN
200.800000E+0	33.837221E+0	87.502182E+0	1.232203E+0	736.775457E-3	1.234712E+0	738.320395E-3	2.340463E+0	764.452880E+0	NaN	NaN	NaN
200.900000E+0	33.840601E+0	87.536365E+0	1.232039E+0	736.947119E-3	1.234549E+0	738.492056E-3	2.341604E+0	764.751518E+0	NaN	NaN	NaN
201.000000E+0	33.843632E+0	87.563455E+0	1.232003E+0	736.931621E-3	1.234512E+0	738.476559E-3	2.342628E+0	764.988189E+0	NaN	NaN	NaN
201.100000E+0	33.845653E+0	87.601930E+0	1.231975E+0	737.104475E-3	1.234484E+0	738.649412E-3	2.343311E+0	765.324320E+0	NaN	NaN	NaN
201.200000E+0	33.850051E+0	87.618649E+0	1.231967E+0	737.212955E-3	1.234476E+0	738.757893E-3	2.344797E+0	765.470385E+0	NaN	NaN	NaN
201.300000E+0	33.854119E+0	87.644607E+0	1.232171E+0	736.968576E-3	1.234681E+0	738.513514E-3	2.346171E+0	765.697162E+0	NaN	NaN	NaN
201.400000E+0	33.856346E+0	87.690800E+0	1.231949E+0	737.223684E-3	1.234459E+0	738.768622E-3	2.346923E+0	766.100727E+0	NaN	NaN	NaN
201.500000E+0	33.859010E+0	87.736994E+0	1.232066E+0	736.948311E-3	1.234576E+0	738.493248E-3	2.347823E+0	766.504292E+0	NaN	NaN	NaN
201.600000E+0	33.862935E+0	87.777436E+0	1.232017E+0	737.052023E-3	1.234526E+0	738.596960E-3	2.349149E+0	766.857607E+0	NaN	NaN	NaN
201.700000E+0	33.867119E+0	87.799817E+0	1.231776E+0	736.813604E-3	1.234285E+0	738.358542E-3	2.350563E+0	767.053141E+0	NaN	NaN	NaN
201.800000E+0	33.869569E+0	87.822974E+0	1.231893E+0	736.876189E-3	1.234402E+0	738.421126E-3	2.351390E+0	767.255444E+0	NaN	NaN	NaN
201.900000E+0	33.871196E+0	87.870568E+0	1.232096E+0	736.984670E-3	1.234605E+0	738.529607E-3	2.351940E+0	767.671247E+0	NaN	NaN	NaN
202.000000E+0	33.874602E+0	87.911129E+0	1.232082E+0	737.087786E-3	1.234591E+0	738.632723E-3	2.353091E+0	768.025603E+0	NaN	NaN	NaN
202.100000E+0	33.879627E+0	87.929696E+0	1.232267E+0	737.319052E-3	1.234777E+0	738.863989E-3	2.354788E+0	768.187810E+0	NaN	NaN	NaN
202.200000E+0	33.882274E+0	87.966800E+0	1.231671E+0	737.065136E-3	1.234180E+0	738.610073E-3	2.355682E+0	768.511964E+0	NaN	NaN	NaN
202.300000E+0	33.888326E+0	87.998599E+0	1.231981E+0	736.820161E-3	1.234490E+0	738.365098E-3	2.357727E+0	768.789773E+0	NaN	NaN	NaN
202.400000E+0	33.887835E+0	88.037729E+0	1.232312E+0	737.195074E-3	1.234821E+0	738.740011E-3	2.357561E+0	769.131632E+0	NaN	NaN	NaN
202.500000E+0	33.890705E+0	88.072807E+0	1.232042E+0	736.847579E-3	1.234552E+0	738.392516E-3	2.358530E+0	769.438081E+0	NaN	NaN	NaN
202.600000E+0	33.894737E+0	88.117808E+0	1.231808E+0	736.972749E-3	1.234317E+0	738.517686E-3	2.359892E+0	769.831231E+0	NaN	NaN	NaN
202.700000E+0	33.899243E+0	88.134289E+0	1.232125E+0	737.024605E-3	1.234635E+0	738.569542E-3	2.361415E+0	769.975213E+0	NaN	NaN	NaN
202.800000E+0	33.900942E+0	88.160515E+0	1.231912E+0	737.075865E-3	1.234422E+0	738.620802E-3	2.361989E+0	770.204334E+0	NaN	NaN	NaN
202.900000E+0	33.906083E+0	88.174969E+0	1.231999E+0	736.867248E-3	1.234508E+0	738.412186E-3	2.363725E+0	770.330611E+0	NaN	NaN	NaN
203.000000E+0	33.908693E+0	88.203639E+0	1.232035E+0	736.884534E-3	1.234544E+0	738.429471E-3	2.364607E+0	770.581081E+0	NaN	NaN	NaN
203.100000E+0	33.910705E+0	88.238150E+0	1.231902E+0	736.994802E-3	1.234412E+0	738.539740E-3	2.365287E+0	770.882584E+0	NaN	NaN	NaN
203.200000E+0	33.914398E+0	88.241249E+0	1.232210E+0	736.860096E-3	1.234719E+0	738.405033E-3	2.366534E+0	770.909662E+0	NaN	NaN	NaN
203.300000E+0	33.918474E+0	88.268220E+0	1.232093E+0	736.848175E-3	1.234602E+0	738.393112E-3	2.367911E+0	771.145292E+0	NaN	NaN	NaN
203.400000E+0	33.922256E+0	88.307112E+0	1.232039E+0	737.007915E-3	1.234548E+0	738.552853E-3	2.369189E+0	771.485067E+0	NaN	NaN	NaN
203.500000E+0	33.927263E+0	88.353753E+0	1.232028E+0	736.872613E-3	1.234537E+0	738.417550E-3	2.370880E+0	771.892538E+0	NaN	NaN	NaN
203.600000E+0	33.927791E+0	88.367462E+0	1.232378E+0	736.855923E-3	1.234887E+0	738.400861E-3	2.371059E+0	772.012306E+0	NaN	NaN	NaN
203.700000E+0	33.931805E+0	88.380665E+0	1.232071E+0	736.950099E-3	1.234580E+0	738.495036E-3	2.372415E+0	772.127647E+0	NaN	NaN	NaN
203.800000E+0	33.936544E+0	88.400930E+0	1.232125E+0	737.076461E-3	1.234635E+0	738.621398E-3	2.374015E+0	772.304695E+0	NaN	NaN	NaN
203.900000E+0	33.940925E+0	88.255614E+0	1.232094E+0	736.860692E-3	1.234603E+0	738.405629E-3	2.375495E+0	771.035157E+0	NaN	NaN	NaN
204.000000E+0	33.944841E+0	88.245541E+0	1.232291E+0	736.888706E-3	1.234800E+0	738.433643E-3	2.376818E+0	770.947154E+0	NaN	NaN	NaN
204.100000E+0	33.946307E+0	88.267654E+0	1.232187E+0	737.272560E-3	1.234697E+0	738.817497E-3	2.377314E+0	771.140345E+0	NaN	NaN	NaN
204.200000E+0	33.950116E+0	88.286728E+0	1.232066E+0	736.600816E-3	1.234576E+0	738.145753E-3	2.378600E+0	771.306978E+0	NaN	NaN	NaN
204.300000E+0	33.952896E+0	88.294297E+0	1.231864E+0	736.602008E-3	1.234373E+0	738.146945E-3	2.379540E+0	771.373111E+0	NaN	NaN	NaN
204.400000E+0	33.956973E+0	88.317364E+0	1.232210E+0	736.987054E-3	1.234720E+0	738.531991E-3	2.380917E+0	771.574633E+0	NaN	NaN	NaN
204.500000E+0	33.959682E+0	88.337183E+0	1.232085E+0	736.815392E-3	1.234595E+0	738.360330E-3	2.381832E+0	771.747775E+0	NaN	NaN	NaN
204.600000E+0	33.962758E+0	88.346809E+0	1.232380E+0	736.650287E-3	1.234889E+0	738.195225E-3	2.382871E+0	771.831873E+0	NaN	NaN	NaN
204.700000E+0	33.964912E+0	88.364631E+0	1.232028E+0	736.818969E-3	1.234538E+0	738.363906E-3	2.383599E+0	771.987571E+0	NaN	NaN	NaN
204.800000E+0	33.970867E+0	88.400960E+0	1.231783E+0	736.823141E-3	1.234292E+0	738.368078E-3	2.385610E+0	772.304956E+0	NaN	NaN	NaN
204.900000E+0	33.972986E+0	88.423431E+0	1.231859E+0	736.694991E-3	1.234369E+0	738.239928E-3	2.386326E+0	772.501270E+0	NaN	NaN	NaN
205.000000E+0	33.975427E+0	88.439912E+0	1.232135E+0	736.978709E-3	1.234645E+0	738.523646E-3	2.387151E+0	772.645252E+0	NaN	NaN	NaN
205.100000E+0	33.978100E+0	88.468045E+0	1.232003E+0	736.728966E-3	1.234512E+0	738.273903E-3	2.388054E+0	772.891036E+0	NaN	NaN	NaN
205.200000E+0	33.984966E+0	88.512599E+0	1.232053E+0	736.503064E-3	1.234562E+0	738.048001E-3	2.390373E+0	773.280281E+0	NaN	NaN	NaN
205.300000E+0	33.986129E+0	88.521540E+0	1.232219E+0	736.694395E-3	1.234729E+0	738.239332E-3	2.390766E+0	773.358391E+0	NaN	NaN	NaN
205.400000E+0	33.989848E+0	88.556558E+0	1.231721E+0	736.692607E-3	1.234231E+0	738.237544E-3	2.392022E+0	773.664319E+0	NaN	NaN	NaN
205.500000E+0	33.992369E+0	88.603765E+0	1.232318E+0	736.981689E-3	1.234828E+0	738.526627E-3	2.392874E+0	774.076737E+0	NaN	NaN	NaN
205.600000E+0	33.994828E+0	88.618487E+0	1.231705E+0	736.826121E-3	1.234214E+0	738.371059E-3	2.393705E+0	774.205357E+0	NaN	NaN	NaN
205.700000E+0	33.999084E+0	88.649362E+0	1.231594E+0	736.634194E-3	1.234104E+0	738.179132E-3	2.395142E+0	774.475095E+0	NaN	NaN	NaN
205.800000E+0	34.004716E+0	88.667631E+0	1.231980E+0	736.998379E-3	1.234489E+0	738.543316E-3	2.397045E+0	774.634698E+0	NaN	NaN	NaN
205.900000E+0	34.004395E+0	88.712454E+0	1.231887E+0	736.314117E-3	1.234397E+0	737.859055E-3	2.396937E+0	775.026286E+0	NaN	NaN	NaN
206.000000E+0	34.009822E+0	88.747591E+0	1.232220E+0	736.730158E-3	1.234729E+0	738.275095E-3	2.398770E+0	775.333256E+0	NaN	NaN	NaN
206.100000E+0	34.009777E+0	88.775784E+0	1.232140E+0	736.631214E-3	1.234650E+0	738.176151E-3	2.398755E+0	775.579561E+0	NaN	NaN	NaN
206.200000E+0	34.016536E+0	88.820249E+0	1.231748E+0	736.513197E-3	1.234257E+0	738.058134E-3	2.401038E+0	775.968025E+0	NaN	NaN	NaN
206.300000E+0	34.021489E+0	88.843018E+0	1.232005E+0	736.799299E-3	1.234514E+0	738.344236E-3	2.402711E+0	776.166944E+0	NaN	NaN	NaN
206.400000E+0	34.019504E+0	88.877141E+0	1.232130E+0	736.504852E-3	1.234639E+0	738.049789E-3	2.402041E+0	776.465061E+0	NaN	NaN	NaN
206.500000E+0	34.025092E+0	88.922739E+0	1.231928E+0	736.835658E-3	1.234437E+0	738.380595E-3	2.403929E+0	776.863419E+0	NaN	NaN	NaN
206.600000E+0	34.030475E+0	88.927776E+0	1.231810E+0	737.070500E-3	1.234319E+0	738.615438E-3	2.405747E+0	776.907421E+0	NaN	NaN	NaN
206.700000E+0	34.032576E+0	88.967294E+0	1.231794E+0	736.781418E-3	1.234304E+0	738.326355E-3	2.406457E+0	777.252664E+0	NaN	NaN	NaN
206.800000E+0	34.035401E+0	89.017808E+0	1.231982E+0	736.805260E-3	1.234491E+0	738.350197E-3	2.407411E+0	777.693982E+0	NaN	NaN	NaN
206.900000E+0	34.036340E+0	89.051574E+0	1.232139E+0	736.637174E-3	1.234648E+0	738.182112E-3	2.407728E+0	777.988975E+0	NaN	NaN	NaN
207.000000E+0	34.041320E+0	89.085728E+0	1.232022E+0	736.727773E-3	1.234531E+0	738.272711E-3	2.409410E+0	778.287353E+0	NaN	NaN	NaN
207.100000E+0	34.048043E+0	89.110702E+0	1.232129E+0	737.009107E-3	1.234639E+0	738.554045E-3	2.411682E+0	778.505539E+0	NaN	NaN	NaN
207.200000E+0	34.048347E+0	89.160323E+0	1.232097E+0	736.860096E-3	1.234607E+0	738.405033E-3	2.411784E+0	778.939046E+0	NaN	NaN	NaN
207.300000E+0	34.051986E+0	89.188874E+0	1.232098E+0	736.729562E-3	1.234607E+0	738.274499E-3	2.413014E+0	779.188475E+0	NaN	NaN	NaN
207.400000E+0	34.054936E+0	89.224577E+0	1.232285E+0	736.663997E-3	1.234794E+0	738.208934E-3	2.414010E+0	779.500392E+0	NaN	NaN	NaN
207.500000E+0	34.056537E+0	89.249551E+0	1.232208E+0	736.802875E-3	1.234717E+0	738.347813E-3	2.414551E+0	779.718577E+0	NaN	NaN	NaN
207.600000E+0	34.060345E+0	89.276433E+0	1.231794E+0	736.820757E-3	1.234303E+0	738.365694E-3	2.415838E+0	779.953426E+0	NaN	NaN	NaN
207.700000E+0	34.065066E+0	89.313507E+0	1.232255E+0	736.475646E-3	1.234764E+0	738.020583E-3	2.417432E+0	780.277320E+0	NaN	NaN	NaN
207.800000E+0	34.068803E+0	89.352280E+0	1.232324E+0	736.955463E-3	1.234834E+0	738.500401E-3	2.418695E+0	780.616054E+0	NaN	NaN	NaN
207.900000E+0	34.071262E+0	89.404523E+0	1.231763E+0	736.606180E-3	1.234273E+0	738.151117E-3	2.419525E+0	781.072473E+0	NaN	NaN	NaN
208.000000E+0	34.074248E+0	89.411348E+0	1.232035E+0	736.487567E-3	1.234545E+0	738.032504E-3	2.420534E+0	781.132097E+0	NaN	NaN	NaN
208.100000E+0	34.078817E+0	89.444906E+0	1.232090E+0	736.786186E-3	1.234599E+0	738.331123E-3	2.422078E+0	781.425267E+0	NaN	NaN	NaN
208.200000E+0	34.081910E+0	89.491308E+0	1.232358E+0	736.627042E-3	1.234868E+0	738.171979E-3	2.423123E+0	781.830655E+0	NaN	NaN	NaN
208.300000E+0	34.085084E+0	89.533478E+0	1.232023E+0	736.954271E-3	1.234533E+0	738.499209E-3	2.424195E+0	782.199071E+0	NaN	NaN	NaN
208.400000E+0	34.090252E+0	89.543700E+0	1.232113E+0	736.659228E-3	1.234622E+0	738.204166E-3	2.425941E+0	782.288376E+0	NaN	NaN	NaN
208.500000E+0	34.095196E+0	89.594424E+0	1.232160E+0	736.763536E-3	1.234669E+0	738.308474E-3	2.427611E+0	782.731517E+0	NaN	NaN	NaN
208.600000E+0	34.097038E+0	89.628488E+0	1.231851E+0	736.546575E-3	1.234360E+0	738.091513E-3	2.428233E+0	783.029113E+0	NaN	NaN	NaN
208.700000E+0	34.099890E+0	89.645207E+0	1.232039E+0	736.792146E-3	1.234549E+0	738.337084E-3	2.429196E+0	783.175178E+0	NaN	NaN	NaN
208.800000E+0	34.104361E+0	89.695424E+0	1.231985E+0	736.598431E-3	1.234494E+0	738.143369E-3	2.430707E+0	783.613892E+0	NaN	NaN	NaN
208.900000E+0	34.106274E+0	89.717269E+0	1.231881E+0	736.777841E-3	1.234390E+0	738.322779E-3	2.431353E+0	783.804740E+0	NaN	NaN	NaN
209.000000E+0	34.106730E+0	89.747339E+0	1.231830E+0	736.250340E-3	1.234339E+0	737.795278E-3	2.431507E+0	784.067447E+0	NaN	NaN	NaN
209.100000E+0	34.113444E+0	89.777708E+0	1.232212E+0	736.815988E-3	1.234722E+0	738.360926E-3	2.433775E+0	784.332759E+0	NaN	NaN	NaN
209.200000E+0	34.114803E+0	89.833170E+0	1.231811E+0	736.644923E-3	1.234320E+0	738.189860E-3	2.434234E+0	784.817297E+0	NaN	NaN	NaN
209.300000E+0	34.120034E+0	89.848638E+0	1.232017E+0	736.616909E-3	1.234527E+0	738.161846E-3	2.436001E+0	784.952427E+0	NaN	NaN	NaN
209.400000E+0	34.122921E+0	89.873075E+0	1.231973E+0	736.941158E-3	1.234482E+0	738.486096E-3	2.436977E+0	785.165926E+0	NaN	NaN	NaN
209.500000E+0	34.125201E+0	89.906216E+0	1.232107E+0	736.769497E-3	1.234616E+0	738.314434E-3	2.437747E+0	785.455451E+0	NaN	NaN	NaN
209.600000E+0	34.127115E+0	89.930087E+0	1.232450E+0	736.879169E-3	1.234959E+0	738.424107E-3	2.438393E+0	785.664003E+0	NaN	NaN	NaN
209.700000E+0	34.133749E+0	89.938432E+0	1.232169E+0	736.897647E-3	1.234678E+0	738.442584E-3	2.440634E+0	785.736905E+0	NaN	NaN	NaN
209.800000E+0	34.133516E+0	89.982271E+0	1.231744E+0	736.758768E-3	1.234253E+0	738.303705E-3	2.440556E+0	786.119902E+0	NaN	NaN	NaN
209.900000E+0	34.139381E+0	90.029180E+0	1.232152E+0	736.752807E-3	1.234661E+0	738.297745E-3	2.442537E+0	786.529716E+0	NaN	NaN	NaN
210.000000E+0	34.141759E+0	90.042561E+0	1.232364E+0	736.892282E-3	1.234874E+0	738.437220E-3	2.443341E+0	786.646619E+0	NaN	NaN	NaN
210.100000E+0	34.146131E+0	90.064734E+0	1.231792E+0	737.013876E-3	1.234301E+0	738.558813E-3	2.444818E+0	786.840330E+0	NaN	NaN	NaN
210.200000E+0	34.149046E+0	90.095878E+0	1.231957E+0	736.761152E-3	1.234467E+0	738.306089E-3	2.445802E+0	787.112411E+0	NaN	NaN	NaN
210.300000E+0	34.150128E+0	90.125561E+0	1.232171E+0	736.890494E-3	1.234680E+0	738.435432E-3	2.446168E+0	787.371735E+0	NaN	NaN	NaN
210.400000E+0	34.156100E+0	90.154827E+0	1.231758E+0	736.778437E-3	1.234268E+0	738.323375E-3	2.448185E+0	787.627413E+0	NaN	NaN	NaN
210.500000E+0	34.157736E+0	90.200096E+0	1.231608E+0	736.680686E-3	1.234117E+0	738.225623E-3	2.448738E+0	788.022907E+0	NaN	NaN	NaN
210.600000E+0	34.161635E+0	90.223283E+0	1.232024E+0	736.808240E-3	1.234533E+0	738.353177E-3	2.450055E+0	788.225470E+0	NaN	NaN	NaN
210.700000E+0	34.163575E+0	90.244591E+0	1.231960E+0	736.586510E-3	1.234469E+0	738.131448E-3	2.450710E+0	788.411631E+0	NaN	NaN	NaN
210.800000E+0	34.169663E+0	90.292841E+0	1.231923E+0	736.829101E-3	1.234433E+0	738.374039E-3	2.452767E+0	788.833161E+0	NaN	NaN	NaN
210.900000E+0	34.172310E+0	90.305001E+0	1.232413E+0	736.991226E-3	1.234922E+0	738.536163E-3	2.453661E+0	788.939390E+0	NaN	NaN	NaN
211.000000E+0	34.174804E+0	90.350807E+0	1.232192E+0	736.854135E-3	1.234701E+0	738.399073E-3	2.454504E+0	789.339570E+0	NaN	NaN	NaN
211.100000E+0	34.180088E+0	90.378940E+0	1.231712E+0	736.583530E-3	1.234221E+0	738.128468E-3	2.456289E+0	789.585355E+0	NaN	NaN	NaN
211.200000E+0	34.182779E+0	90.414315E+0	1.231792E+0	736.728370E-3	1.234301E+0	738.273307E-3	2.457198E+0	789.894407E+0	NaN	NaN	NaN
211.300000E+0	34.185077E+0	90.446591E+0	1.231871E+0	736.774861E-3	1.234380E+0	738.319799E-3	2.457974E+0	790.176382E+0	NaN	NaN	NaN
211.400000E+0	34.190039E+0	90.474010E+0	1.232085E+0	736.681878E-3	1.234595E+0	738.226815E-3	2.459650E+0	790.415918E+0	NaN	NaN	NaN
211.500000E+0	34.194009E+0	90.522379E+0	1.232245E+0	737.013876E-3	1.234754E+0	738.558813E-3	2.460991E+0	790.838489E+0	NaN	NaN	NaN
211.600000E+0	34.193437E+0	90.544641E+0	1.231672E+0	736.305177E-3	1.234181E+0	737.850114E-3	2.460798E+0	791.032982E+0	NaN	NaN	NaN
211.700000E+0	34.198604E+0	90.573281E+0	1.231952E+0	736.907780E-3	1.234461E+0	738.452717E-3	2.462544E+0	791.283192E+0	NaN	NaN	NaN
211.800000E+0	34.203853E+0	90.592474E+0	1.232134E+0	736.681282E-3	1.234643E+0	738.226219E-3	2.464317E+0	791.450867E+0	NaN	NaN	NaN
211.900000E+0	34.203629E+0	90.612978E+0	1.232274E+0	736.649691E-3	1.234783E+0	738.194629E-3	2.464241E+0	791.629998E+0	NaN	NaN	NaN
212.000000E+0	34.211220E+0	90.637654E+0	1.232401E+0	736.771285E-3	1.234910E+0	738.316222E-3	2.466805E+0	791.845580E+0	NaN	NaN	NaN
212.100000E+0	34.209485E+0	90.655595E+0	1.231828E+0	737.056195E-3	1.234338E+0	738.601132E-3	2.466219E+0	792.002319E+0	NaN	NaN	NaN
212.200000E+0	34.216486E+0	90.715110E+0	1.232122E+0	736.659824E-3	1.234632E+0	738.204762E-3	2.468584E+0	792.522267E+0	NaN	NaN	NaN
212.300000E+0	34.218015E+0	90.742022E+0	1.231979E+0	736.757576E-3	1.234489E+0	738.302513E-3	2.469101E+0	792.757377E+0	NaN	NaN	NaN
212.400000E+0	34.223129E+0	90.761006E+0	1.231890E+0	736.425578E-3	1.234400E+0	737.970515E-3	2.470828E+0	792.923229E+0	NaN	NaN	NaN
212.500000E+0	34.225239E+0	90.814263E+0	1.231886E+0	736.599027E-3	1.234396E+0	738.143965E-3	2.471541E+0	793.388500E+0	NaN	NaN	NaN
212.600000E+0	34.228636E+0	90.820312E+0	1.232061E+0	736.451804E-3	1.234570E+0	737.996741E-3	2.472689E+0	793.441354E+0	NaN	NaN	NaN
212.700000E+0	34.228162E+0	90.834826E+0	1.232032E+0	736.467897E-3	1.234541E+0	738.012835E-3	2.472529E+0	793.568152E+0	NaN	NaN	NaN
212.800000E+0	34.235422E+0	90.893418E+0	1.231881E+0	736.662804E-3	1.234390E+0	738.207742E-3	2.474981E+0	794.080029E+0	NaN	NaN	NaN
212.900000E+0	34.240465E+0	90.911746E+0	1.232416E+0	736.840426E-3	1.234925E+0	738.385364E-3	2.476685E+0	794.240153E+0	NaN	NaN	NaN
213.000000E+0	34.243639E+0	90.939790E+0	1.232394E+0	736.842810E-3	1.234903E+0	738.387748E-3	2.477757E+0	794.485156E+0	NaN	NaN	NaN
213.100000E+0	34.246097E+0	90.981990E+0	1.231846E+0	736.425578E-3	1.234355E+0	737.970515E-3	2.478588E+0	794.853832E+0	NaN	NaN	NaN
213.200000E+0	34.246214E+0	91.033787E+0	1.232079E+0	736.588895E-3	1.234588E+0	738.133832E-3	2.478627E+0	795.306346E+0	NaN	NaN	NaN
213.300000E+0	34.253223E+0	91.063559E+0	1.232007E+0	736.653268E-3	1.234516E+0	738.198205E-3	2.480995E+0	795.566450E+0	NaN	NaN	NaN
213.400000E+0	34.253366E+0	91.080129E+0	1.232414E+0	736.953079E-3	1.234923E+0	738.498016E-3	2.481043E+0	795.711213E+0	NaN	NaN	NaN
213.500000E+0	34.259169E+0	91.116458E+0	1.232417E+0	736.654460E-3	1.234927E+0	738.199397E-3	2.483003E+0	796.028597E+0	NaN	NaN	NaN
213.600000E+0	34.261967E+0	91.149092E+0	1.232039E+0	736.799299E-3	1.234548E+0	738.344236E-3	2.483949E+0	796.313697E+0	NaN	NaN	NaN
213.700000E+0	34.264694E+0	91.190666E+0	1.232357E+0	736.702740E-3	1.234867E+0	738.247677E-3	2.484870E+0	796.676905E+0	NaN	NaN	NaN
213.800000E+0	34.270130E+0	91.228813E+0	1.232055E+0	736.664593E-3	1.234564E+0	738.209530E-3	2.486706E+0	797.010172E+0	NaN	NaN	NaN
213.900000E+0	34.269138E+0	91.257423E+0	1.231913E+0	736.408293E-3	1.234422E+0	737.953230E-3	2.486371E+0	797.260122E+0	NaN	NaN	NaN
214.000000E+0	34.275924E+0	91.285914E+0	1.232219E+0	736.604392E-3	1.234729E+0	738.149329E-3	2.488663E+0	797.509031E+0	NaN	NaN	NaN
214.100000E+0	34.280376E+0	91.307580E+0	1.231889E+0	736.470877E-3	1.234398E+0	738.015815E-3	2.490167E+0	797.698316E+0	NaN	NaN	NaN
214.200000E+0	34.282915E+0	91.357350E+0	1.231880E+0	736.660420E-3	1.234390E+0	738.205358E-3	2.491025E+0	798.133125E+0	NaN	NaN	NaN
214.300000E+0	34.283371E+0	91.369569E+0	1.231957E+0	736.765324E-3	1.234467E+0	738.310262E-3	2.491179E+0	798.239874E+0	NaN	NaN	NaN
214.400000E+0	34.289880E+0	91.405869E+0	1.231830E+0	736.630618E-3	1.234340E+0	738.175555E-3	2.493378E+0	798.556998E+0	NaN	NaN	NaN
214.500000E+0	34.290640E+0	91.433644E+0	1.232050E+0	736.747443E-3	1.234559E+0	738.292380E-3	2.493635E+0	798.799658E+0	NaN	NaN	NaN
214.600000E+0	34.295611E+0	91.467708E+0	1.231580E+0	736.495911E-3	1.234090E+0	738.040849E-3	2.495314E+0	799.097255E+0	NaN	NaN	NaN
214.700000E+0	34.296889E+0	91.497332E+0	1.232231E+0	736.737906E-3	1.234741E+0	738.282844E-3	2.495746E+0	799.356057E+0	NaN	NaN	NaN
214.800000E+0	34.303211E+0	91.534317E+0	1.231982E+0	736.984073E-3	1.234491E+0	738.529011E-3	2.497881E+0	799.679170E+0	NaN	NaN	NaN
214.900000E+0	34.303944E+0	91.576159E+0	1.231946E+0	736.522137E-3	1.234455E+0	738.067075E-3	2.498129E+0	800.044722E+0	NaN	NaN	NaN
215.000000E+0	34.309800E+0	91.595769E+0	1.232011E+0	736.676513E-3	1.234520E+0	738.221451E-3	2.500107E+0	800.216041E+0	NaN	NaN	NaN
215.100000E+0	34.313144E+0	91.636509E+0	1.232158E+0	736.764728E-3	1.234667E+0	738.309666E-3	2.501237E+0	800.571960E+0	NaN	NaN	NaN
215.200000E+0	34.315298E+0	91.669291E+0	1.232004E+0	736.607372E-3	1.234514E+0	738.152309E-3	2.501965E+0	800.858361E+0	NaN	NaN	NaN
215.300000E+0	34.317757E+0	91.688275E+0	1.232283E+0	736.634194E-3	1.234793E+0	738.179132E-3	2.502795E+0	801.024213E+0	NaN	NaN	NaN
215.400000E+0	34.322111E+0	91.726810E+0	1.232243E+0	736.665785E-3	1.234753E+0	738.210722E-3	2.504266E+0	801.360865E+0	NaN	NaN	NaN
215.500000E+0	34.324159E+0	91.763616E+0	1.232228E+0	736.764728E-3	1.234738E+0	738.309666E-3	2.504958E+0	801.682415E+0	NaN	NaN	NaN
215.600000E+0	34.329174E+0	91.808528E+0	1.232098E+0	736.634790E-3	1.234608E+0	738.179728E-3	2.506652E+0	802.074784E+0	NaN	NaN	NaN
215.700000E+0	34.330203E+0	91.835290E+0	1.231920E+0	736.775457E-3	1.234430E+0	738.320395E-3	2.507000E+0	802.308592E+0	NaN	NaN	NaN
215.800000E+0	34.332974E+0	91.876686E+0	1.232230E+0	736.743271E-3	1.234740E+0	738.288208E-3	2.507936E+0	802.670238E+0	NaN	NaN	NaN
215.900000E+0	34.340243E+0	91.918677E+0	1.232116E+0	736.776649E-3	1.234626E+0	738.321587E-3	2.510391E+0	803.037092E+0	NaN	NaN	NaN
216.000000E+0	34.344007E+0	91.927022E+0	1.231938E+0	736.813604E-3	1.234448E+0	738.358542E-3	2.511663E+0	803.109994E+0	NaN	NaN	NaN
216.100000E+0	34.346993E+0	91.977477E+0	1.232048E+0	736.780226E-3	1.234558E+0	738.325163E-3	2.512672E+0	803.550791E+0	NaN	NaN	NaN
216.200000E+0	34.345965E+0	92.017949E+0	1.231597E+0	736.464321E-3	1.234106E+0	738.009258E-3	2.512324E+0	803.904367E+0	NaN	NaN	NaN
216.300000E+0	34.352492E+0	92.037320E+0	1.232244E+0	736.587703E-3	1.234754E+0	738.132640E-3	2.514529E+0	804.073604E+0	NaN	NaN	NaN
216.400000E+0	34.355603E+0	92.064917E+0	1.232253E+0	736.810028E-3	1.234763E+0	738.354965E-3	2.515580E+0	804.314701E+0	NaN	NaN	NaN
216.500000E+0	34.354673E+0	92.102259E+0	1.232376E+0	736.685454E-3	1.234886E+0	738.230392E-3	2.515266E+0	804.640938E+0	NaN	NaN	NaN
216.600000E+0	34.361155E+0	92.150748E+0	1.231951E+0	736.727773E-3	1.234460E+0	738.272711E-3	2.517456E+0	805.064551E+0	NaN	NaN	NaN
216.700000E+0	34.364606E+0	92.196405E+0	1.232350E+0	736.784994E-3	1.234859E+0	738.329931E-3	2.518622E+0	805.463430E+0	NaN	NaN	NaN
216.800000E+0	34.369720E+0	92.207670E+0	1.232074E+0	736.627638E-3	1.234583E+0	738.172575E-3	2.520349E+0	805.561848E+0	NaN	NaN	NaN
216.900000E+0	34.372206E+0	92.238635E+0	1.231916E+0	736.452996E-3	1.234425E+0	737.997933E-3	2.521189E+0	805.832366E+0	NaN	NaN	NaN
217.000000E+0	34.376989E+0	92.265934E+0	1.232684E+0	736.890494E-3	1.235193E+0	738.435432E-3	2.522805E+0	806.070860E+0	NaN	NaN	NaN
217.100000E+0	34.377937E+0	92.307180E+0	1.231978E+0	736.568629E-3	1.234487E+0	738.113566E-3	2.523125E+0	806.431205E+0	NaN	NaN	NaN
217.200000E+0	34.383426E+0	92.350602E+0	1.232072E+0	736.128151E-3	1.234582E+0	737.673088E-3	2.524980E+0	806.810556E+0	NaN	NaN	NaN
217.300000E+0	34.385867E+0	92.379212E+0	1.231694E+0	736.922681E-3	1.234203E+0	738.467618E-3	2.525804E+0	807.060506E+0	NaN	NaN	NaN
217.400000E+0	34.388585E+0	92.417985E+0	1.231869E+0	736.485779E-3	1.234378E+0	738.030716E-3	2.526722E+0	807.399241E+0	NaN	NaN	NaN
217.500000E+0	34.389774E+0	92.465520E+0	1.232011E+0	736.861884E-3	1.234520E+0	738.406821E-3	2.527124E+0	807.814522E+0	NaN	NaN	NaN
217.600000E+0	34.394495E+0	92.494667E+0	1.232071E+0	736.796319E-3	1.234580E+0	738.341256E-3	2.528719E+0	808.069159E+0	NaN	NaN	NaN
217.700000E+0	34.395952E+0	92.517108E+0	1.232195E+0	736.746847E-3	1.234704E+0	738.291784E-3	2.529211E+0	808.265213E+0	NaN	NaN	NaN
217.800000E+0	34.402980E+0	92.543155E+0	1.232480E+0	737.009703E-3	1.234989E+0	738.554641E-3	2.531585E+0	808.492772E+0	NaN	NaN	NaN
217.900000E+0	34.406967E+0	92.592239E+0	1.231954E+0	736.323058E-3	1.234463E+0	737.867995E-3	2.532932E+0	808.921593E+0	NaN	NaN	NaN
218.000000E+0	34.408130E+0	92.615992E+0	1.232205E+0	736.689627E-3	1.234715E+0	738.234564E-3	2.533325E+0	809.129103E+0	NaN	NaN	NaN
218.100000E+0	34.411447E+0	92.652500E+0	1.231928E+0	736.911356E-3	1.234437E+0	738.456293E-3	2.534445E+0	809.448050E+0	NaN	NaN	NaN
218.200000E+0	34.412975E+0	92.697859E+0	1.231774E+0	736.516177E-3	1.234284E+0	738.061114E-3	2.534962E+0	809.844325E+0	NaN	NaN	NaN
218.300000E+0	34.415255E+0	92.739940E+0	1.231951E+0	736.857712E-3	1.234461E+0	738.402649E-3	2.535732E+0	810.211959E+0	NaN	NaN	NaN
218.400000E+0	34.419538E+0	92.753112E+0	1.232241E+0	736.652672E-3	1.234751E+0	738.197609E-3	2.537179E+0	810.327041E+0	NaN	NaN	NaN
218.500000E+0	34.425734E+0	92.805505E+0	1.232028E+0	736.535847E-3	1.234538E+0	738.080784E-3	2.539272E+0	810.784762E+0	NaN	NaN	NaN
218.600000E+0	34.430669E+0	92.823863E+0	1.232168E+0	736.957251E-3	1.234677E+0	738.502189E-3	2.540939E+0	810.945146E+0	NaN	NaN	NaN
218.700000E+0	34.431367E+0	92.862159E+0	1.232253E+0	736.419021E-3	1.234762E+0	737.963959E-3	2.541174E+0	811.279715E+0	NaN	NaN	NaN
218.800000E+0	34.434192E+0	92.886895E+0	1.232039E+0	736.683666E-3	1.234549E+0	738.228603E-3	2.542129E+0	811.495817E+0	NaN	NaN	NaN
218.900000E+0	34.437232E+0	92.916280E+0	1.232141E+0	736.652672E-3	1.234650E+0	738.197609E-3	2.543156E+0	811.752537E+0	NaN	NaN	NaN
219.000000E+0	34.443803E+0	92.954218E+0	1.232324E+0	736.518561E-3	1.234834E+0	738.063499E-3	2.545376E+0	812.083981E+0	NaN	NaN	NaN
219.100000E+0	34.444885E+0	92.982173E+0	1.231878E+0	736.832678E-3	1.234387E+0	738.377615E-3	2.545741E+0	812.328203E+0	NaN	NaN	NaN
219.200000E+0	34.447406E+0	93.027979E+0	1.232173E+0	736.497103E-3	1.234682E+0	738.042041E-3	2.546593E+0	812.728383E+0	NaN	NaN	NaN
219.300000E+0	34.452091E+0	93.032539E+0	1.231860E+0	736.582338E-3	1.234369E+0	738.127276E-3	2.548176E+0	812.768219E+0	NaN	NaN	NaN
219.400000E+0	34.454675E+0	93.059480E+0	1.232261E+0	736.900627E-3	1.234770E+0	738.445564E-3	2.549048E+0	813.003589E+0	NaN	NaN	NaN
219.500000E+0	34.459163E+0	93.113184E+0	1.231789E+0	736.508428E-3	1.234298E+0	738.053366E-3	2.550565E+0	813.472766E+0	NaN	NaN	NaN
219.600000E+0	34.463839E+0	93.136579E+0	1.231857E+0	736.482798E-3	1.234366E+0	738.027736E-3	2.552144E+0	813.677152E+0	NaN	NaN	NaN
219.700000E+0	34.465681E+0	93.164265E+0	1.232126E+0	736.595451E-3	1.234635E+0	738.140389E-3	2.552766E+0	813.919031E+0	NaN	NaN	NaN
219.800000E+0	34.470974E+0	93.204200E+0	1.232215E+0	736.591279E-3	1.234725E+0	738.136216E-3	2.554554E+0	814.267919E+0	NaN	NaN	NaN
219.900000E+0	34.471618E+0	93.227923E+0	1.232271E+0	736.365973E-3	1.234780E+0	737.910911E-3	2.554772E+0	814.475170E+0	NaN	NaN	NaN
220.000000E+0	34.474809E+0	93.253553E+0	1.231819E+0	736.565053E-3	1.234328E+0	738.109990E-3	2.555850E+0	814.699083E+0	NaN	NaN	NaN
220.100000E+0	34.480522E+0	93.304157E+0	1.231964E+0	736.508428E-3	1.234473E+0	738.053366E-3	2.557780E+0	815.141182E+0	NaN	NaN	NaN
220.200000E+0	34.481408E+0	93.328774E+0	1.231784E+0	736.820757E-3	1.234293E+0	738.365694E-3	2.558079E+0	815.356243E+0	NaN	NaN	NaN
220.300000E+0	34.484197E+0	93.367904E+0	1.231958E+0	736.972153E-3	1.234468E+0	738.517090E-3	2.559021E+0	815.698102E+0	NaN	NaN	NaN
220.400000E+0	34.488614E+0	93.380481E+0	1.232232E+0	736.712276E-3	1.234741E+0	738.257214E-3	2.560513E+0	815.807976E+0	NaN	NaN	NaN
220.500000E+0	34.493808E+0	93.434662E+0	1.232175E+0	736.662804E-3	1.234685E+0	738.207742E-3	2.562268E+0	816.281319E+0	NaN	NaN	NaN
220.600000E+0	34.494917E+0	93.462974E+0	1.231968E+0	736.919700E-3	1.234477E+0	738.464638E-3	2.562643E+0	816.528665E+0	NaN	NaN	NaN
220.700000E+0	34.496911E+0	93.497783E+0	1.232075E+0	736.327230E-3	1.234585E+0	737.872168E-3	2.563316E+0	816.832771E+0	NaN	NaN	NaN
220.800000E+0	34.502776E+0	93.523711E+0	1.232039E+0	736.585914E-3	1.234548E+0	738.130852E-3	2.565298E+0	817.059288E+0	NaN	NaN	NaN
220.900000E+0	34.507166E+0	93.558490E+0	1.231753E+0	736.530482E-3	1.234263E+0	738.075419E-3	2.566781E+0	817.363134E+0	NaN	NaN	NaN
221.000000E+0	34.505843E+0	93.579561E+0	1.232007E+0	736.845791E-3	1.234516E+0	738.390728E-3	2.566334E+0	817.547212E+0	NaN	NaN	NaN
221.100000E+0	34.509902E+0	93.615234E+0	1.231843E+0	736.661612E-3	1.234353E+0	738.206550E-3	2.567705E+0	817.858868E+0	NaN	NaN	NaN
221.200000E+0	34.512593E+0	93.663305E+0	1.232034E+0	736.793935E-3	1.234543E+0	738.338872E-3	2.568614E+0	818.278836E+0	NaN	NaN	NaN
221.300000E+0	34.517036E+0	93.700975E+0	1.232378E+0	736.412465E-3	1.234887E+0	737.957402E-3	2.570115E+0	818.607937E+0	NaN	NaN	NaN
221.400000E+0	34.520076E+0	93.719423E+0	1.231600E+0	736.491739E-3	1.234109E+0	738.036676E-3	2.571142E+0	818.769103E+0	NaN	NaN	NaN
221.500000E+0	34.522597E+0	93.760908E+0	1.232038E+0	736.608564E-3	1.234547E+0	738.153502E-3	2.571994E+0	819.131530E+0	NaN	NaN	NaN
221.600000E+0	34.526066E+0	93.790978E+0	1.232143E+0	736.500084E-3	1.234653E+0	738.045021E-3	2.573166E+0	819.394238E+0	NaN	NaN	NaN
221.700000E+0	34.533764E+0	93.808681E+0	1.231921E+0	736.169278E-3	1.234431E+0	737.714215E-3	2.575766E+0	819.548895E+0	NaN	NaN	NaN
221.800000E+0	34.534739E+0	93.852848E+0	1.232220E+0	736.675321E-3	1.234729E+0	738.220259E-3	2.576095E+0	819.934755E+0	NaN	NaN	NaN
221.900000E+0	34.534891E+0	93.877494E+0	1.232016E+0	736.503660E-3	1.234526E+0	738.048597E-3	2.576147E+0	820.150077E+0	NaN	NaN	NaN
222.000000E+0	34.540881E+0	93.911171E+0	1.232111E+0	736.603796E-3	1.234620E+0	738.148733E-3	2.578170E+0	820.444289E+0	NaN	NaN	NaN
222.100000E+0	34.545119E+0	93.944877E+0	1.232085E+0	736.554324E-3	1.234595E+0	738.099261E-3	2.579602E+0	820.738761E+0	NaN	NaN	NaN
222.200000E+0	34.549080E+0	93.970299E+0	1.231814E+0	736.439287E-3	1.234324E+0	737.984224E-3	2.580940E+0	820.960852E+0	NaN	NaN	NaN
222.300000E+0	34.550555E+0	94.019204E+0	1.232244E+0	736.522733E-3	1.234753E+0	738.067671E-3	2.581438E+0	821.388110E+0	NaN	NaN	NaN
222.400000E+0	34.553344E+0	94.040185E+0	1.231771E+0	736.742675E-3	1.234281E+0	738.287612E-3	2.582381E+0	821.571407E+0	NaN	NaN	NaN
222.500000E+0	34.559630E+0	94.104350E+0	1.232041E+0	736.426174E-3	1.234550E+0	737.971111E-3	2.584504E+0	822.131972E+0	NaN	NaN	NaN
222.600000E+0	34.559567E+0	94.122618E+0	1.231806E+0	736.466109E-3	1.234315E+0	738.011046E-3	2.584483E+0	822.291575E+0	NaN	NaN	NaN
222.700000E+0	34.564690E+0	94.131172E+0	1.231911E+0	736.448824E-3	1.234421E+0	737.993761E-3	2.586213E+0	822.366300E+0	NaN	NaN	NaN
222.800000E+0	34.567578E+0	94.183952E+0	1.231678E+0	736.324846E-3	1.234187E+0	737.869783E-3	2.587189E+0	822.827406E+0	NaN	NaN	NaN
222.900000E+0	34.573416E+0	94.207913E+0	1.231834E+0	736.024439E-3	1.234343E+0	737.569376E-3	2.589161E+0	823.036739E+0	NaN	NaN	NaN
223.000000E+0	34.575321E+0	94.250590E+0	1.232008E+0	736.431538E-3	1.234518E+0	737.976476E-3	2.589804E+0	823.409581E+0	NaN	NaN	NaN
223.100000E+0	34.575204E+0	94.264835E+0	1.232006E+0	736.672937E-3	1.234515E+0	738.217875E-3	2.589765E+0	823.534035E+0	NaN	NaN	NaN
223.200000E+0	34.581678E+0	94.331563E+0	1.231824E+0	736.650883E-3	1.234334E+0	738.195821E-3	2.591952E+0	824.116992E+0	NaN	NaN	NaN
223.300000E+0	34.585987E+0	94.355136E+0	1.231890E+0	736.558496E-3	1.234399E+0	738.103434E-3	2.593408E+0	824.322940E+0	NaN	NaN	NaN
223.400000E+0	34.591986E+0	94.365865E+0	1.232091E+0	736.417233E-3	1.234601E+0	737.962171E-3	2.595434E+0	824.416671E+0	NaN	NaN	NaN
223.500000E+0	34.591253E+0	94.401151E+0	1.231988E+0	736.649691E-3	1.234498E+0	738.194629E-3	2.595187E+0	824.724943E+0	NaN	NaN	NaN
223.600000E+0	34.594954E+0	94.421148E+0	1.232165E+0	736.611544E-3	1.234674E+0	738.156482E-3	2.596437E+0	824.899648E+0	NaN	NaN	NaN
223.700000E+0	34.599881E+0	94.439447E+0	1.232163E+0	736.417233E-3	1.234672E+0	737.962171E-3	2.598101E+0	825.059512E+0	NaN	NaN	NaN
223.800000E+0	34.601696E+0	94.465613E+0	1.232067E+0	736.553132E-3	1.234576E+0	738.098069E-3	2.598714E+0	825.288112E+0	NaN	NaN	NaN
223.900000E+0	34.604092E+0	94.490170E+0	1.231909E+0	736.593663E-3	1.234418E+0	738.138600E-3	2.599524E+0	825.502652E+0	NaN	NaN	NaN
224.000000E+0	34.608035E+0	94.498336E+0	1.231966E+0	736.598431E-3	1.234476E+0	738.143369E-3	2.600856E+0	825.573992E+0	NaN	NaN	NaN
224.100000E+0	34.609170E+0	94.484478E+0	1.232286E+0	736.488759E-3	1.234795E+0	738.033696E-3	2.601239E+0	825.452923E+0	NaN	NaN	NaN
224.200000E+0	34.615107E+0	94.460517E+0	1.232009E+0	736.326634E-3	1.234518E+0	737.871572E-3	2.603245E+0	825.243589E+0	NaN	NaN	NaN
224.300000E+0	34.619819E+0	94.462186E+0	1.232215E+0	736.503660E-3	1.234724E+0	738.048597E-3	2.604837E+0	825.258170E+0	NaN	NaN	NaN
224.400000E+0	34.619515E+0	94.472617E+0	1.231878E+0	736.518561E-3	1.234387E+0	738.063499E-3	2.604734E+0	825.349297E+0	NaN	NaN	NaN
224.500000E+0	34.621562E+0	94.488978E+0	1.231918E+0	736.352264E-3	1.234427E+0	737.897202E-3	2.605425E+0	825.492238E+0	NaN	NaN	NaN
224.600000E+0	34.627713E+0	94.482630E+0	1.231920E+0	736.272990E-3	1.234430E+0	737.817927E-3	2.607503E+0	825.436780E+0	NaN	NaN	NaN
224.700000E+0	34.631504E+0	94.508976E+0	1.232069E+0	736.599027E-3	1.234579E+0	738.143965E-3	2.608784E+0	825.666942E+0	NaN	NaN	NaN
224.800000E+0	34.634222E+0	94.521672E+0	1.232087E+0	736.607968E-3	1.234596E+0	738.152906E-3	2.609702E+0	825.777858E+0	NaN	NaN	NaN
224.900000E+0	34.640507E+0	94.545513E+0	1.232058E+0	736.514389E-3	1.234567E+0	738.059326E-3	2.611826E+0	825.986149E+0	NaN	NaN	NaN
225.000000E+0	34.639381E+0	94.556838E+0	1.232343E+0	736.693799E-3	1.234853E+0	738.238736E-3	2.611445E+0	826.085088E+0	NaN	NaN	NaN
225.100000E+0	34.643485E+0	94.585687E+0	1.231689E+0	736.468493E-3	1.234198E+0	738.013431E-3	2.612831E+0	826.337121E+0	NaN	NaN	NaN
225.200000E+0	34.646480E+0	94.598413E+0	1.232096E+0	736.501872E-3	1.234605E+0	738.046809E-3	2.613843E+0	826.448296E+0	NaN	NaN	NaN
225.300000E+0	34.649385E+0	94.613999E+0	1.232057E+0	736.674129E-3	1.234567E+0	738.219067E-3	2.614825E+0	826.584467E+0	NaN	NaN	NaN
225.400000E+0	34.654625E+0	94.627410E+0	1.232092E+0	736.628234E-3	1.234601E+0	738.173171E-3	2.616595E+0	826.701631E+0	NaN	NaN	NaN
225.500000E+0	34.660436E+0	94.553560E+0	1.232001E+0	736.800491E-3	1.234510E+0	738.345429E-3	2.618558E+0	826.056448E+0	NaN	NaN	NaN
225.600000E+0	34.663467E+0	94.528109E+0	1.231843E+0	736.581742E-3	1.234352E+0	738.126679E-3	2.619582E+0	825.834096E+0	NaN	NaN	NaN
225.700000E+0	34.663440E+0	94.500273E+0	1.232345E+0	736.547171E-3	1.234854E+0	738.092109E-3	2.619573E+0	825.590916E+0	NaN	NaN	NaN
225.800000E+0	34.665568E+0	94.508588E+0	1.231839E+0	736.776649E-3	1.234348E+0	738.321587E-3	2.620291E+0	825.663558E+0	NaN	NaN	NaN
225.900000E+0	34.673141E+0	94.511330E+0	1.231810E+0	736.318290E-3	1.234319E+0	737.863227E-3	2.622850E+0	825.687511E+0	NaN	NaN	NaN
226.000000E+0	34.674026E+0	94.520211E+0	1.232206E+0	736.554324E-3	1.234716E+0	738.099261E-3	2.623149E+0	825.765100E+0	NaN	NaN	NaN
226.100000E+0	34.676529E+0	94.547480E+0	1.231918E+0	736.315905E-3	1.234427E+0	737.860843E-3	2.623994E+0	826.003333E+0	NaN	NaN	NaN
226.200000E+0	34.680115E+0	94.569057E+0	1.231901E+0	736.640751E-3	1.234411E+0	738.185688E-3	2.625205E+0	826.191837E+0	NaN	NaN	NaN
226.300000E+0	34.685846E+0	94.594896E+0	1.231803E+0	736.290871E-3	1.234312E+0	737.835809E-3	2.627142E+0	826.417573E+0	NaN	NaN	NaN
226.400000E+0	34.688590E+0	94.615638E+0	1.231963E+0	736.579954E-3	1.234473E+0	738.124891E-3	2.628069E+0	826.598787E+0	NaN	NaN	NaN
226.500000E+0	34.693123E+0	94.644636E+0	1.232233E+0	736.551940E-3	1.234742E+0	738.096877E-3	2.629600E+0	826.852122E+0	NaN	NaN	NaN
226.600000E+0	34.692202E+0	94.687432E+0	1.232134E+0	736.383855E-3	1.234643E+0	737.928792E-3	2.629289E+0	827.226006E+0	NaN	NaN	NaN
226.700000E+0	34.694733E+0	94.693273E+0	1.232193E+0	736.523330E-3	1.234702E+0	738.068267E-3	2.630144E+0	827.277037E+0	NaN	NaN	NaN
226.800000E+0	34.701769E+0	94.737560E+0	1.231742E+0	736.508428E-3	1.234251E+0	738.053366E-3	2.632521E+0	827.663939E+0	NaN	NaN	NaN
226.900000E+0	34.703253E+0	94.775915E+0	1.231918E+0	736.422598E-3	1.234428E+0	737.967535E-3	2.633022E+0	827.999028E+0	NaN	NaN	NaN
227.000000E+0	34.707822E+0	94.797194E+0	1.232141E+0	736.576974E-3	1.234651E+0	738.121911E-3	2.634565E+0	828.184928E+0	NaN	NaN	NaN
227.100000E+0	34.713204E+0	94.827980E+0	1.231934E+0	736.274778E-3	1.234443E+0	737.819716E-3	2.636384E+0	828.453885E+0	NaN	NaN	NaN
227.200000E+0	34.713580E+0	94.871700E+0	1.231920E+0	736.361205E-3	1.234430E+0	737.906142E-3	2.636511E+0	828.835840E+0	NaN	NaN	NaN
227.300000E+0	34.717862E+0	94.899058E+0	1.232207E+0	736.445247E-3	1.234716E+0	737.990185E-3	2.637957E+0	829.074855E+0	NaN	NaN	NaN
227.400000E+0	34.720178E+0	94.940335E+0	1.232244E+0	736.715853E-3	1.234754E+0	738.260790E-3	2.638739E+0	829.435460E+0	NaN	NaN	NaN
227.500000E+0	34.725605E+0	94.970644E+0	1.232382E+0	736.796319E-3	1.234892E+0	738.341256E-3	2.640573E+0	829.700250E+0	NaN	NaN	NaN
227.600000E+0	34.729458E+0	95.003456E+0	1.231937E+0	736.425578E-3	1.234446E+0	737.970515E-3	2.641875E+0	829.986912E+0	NaN	NaN	NaN
227.700000E+0	34.730022E+0	95.036805E+0	1.231799E+0	736.414253E-3	1.234309E+0	737.959190E-3	2.642065E+0	830.278260E+0	NaN	NaN	NaN
227.800000E+0	34.735055E+0	95.060408E+0	1.232073E+0	736.463129E-3	1.234583E+0	738.008066E-3	2.643765E+0	830.484469E+0	NaN	NaN	NaN
227.900000E+0	34.736986E+0	95.122606E+0	1.231783E+0	736.413657E-3	1.234293E+0	737.958594E-3	2.644418E+0	831.027850E+0	NaN	NaN	NaN
228.000000E+0	34.740786E+0	95.158547E+0	1.232377E+0	736.835658E-3	1.234887E+0	738.380595E-3	2.645701E+0	831.341849E+0	NaN	NaN	NaN
228.100000E+0	34.743790E+0	95.187038E+0	1.232104E+0	736.626446E-3	1.234614E+0	738.171383E-3	2.646716E+0	831.590758E+0	NaN	NaN	NaN
228.200000E+0	34.747635E+0	95.220327E+0	1.232007E+0	736.575186E-3	1.234517E+0	738.120123E-3	2.648015E+0	831.881585E+0	NaN	NaN	NaN
228.300000E+0	34.753017E+0	95.238984E+0	1.231976E+0	736.383855E-3	1.234486E+0	737.928792E-3	2.649833E+0	832.044573E+0	NaN	NaN	NaN
228.400000E+0	34.754769E+0	95.282137E+0	1.232157E+0	736.407100E-3	1.234667E+0	737.952038E-3	2.650425E+0	832.421581E+0	NaN	NaN	NaN
228.500000E+0	34.755431E+0	95.316768E+0	1.231837E+0	736.662804E-3	1.234346E+0	738.207742E-3	2.650649E+0	832.724125E+0	NaN	NaN	NaN
228.600000E+0	34.761707E+0	95.355123E+0	1.231721E+0	736.256301E-3	1.234230E+0	737.801238E-3	2.652769E+0	833.059214E+0	NaN	NaN	NaN
228.700000E+0	34.765212E+0	95.383495E+0	1.232273E+0	736.674129E-3	1.234782E+0	738.219067E-3	2.653953E+0	833.307081E+0	NaN	NaN	NaN
228.800000E+0	34.767957E+0	95.421731E+0	1.232024E+0	736.429154E-3	1.234533E+0	737.974092E-3	2.654880E+0	833.641129E+0	NaN	NaN	NaN
228.900000E+0	34.771614E+0	95.447093E+0	1.232069E+0	736.416041E-3	1.234579E+0	737.960979E-3	2.656115E+0	833.862699E+0	NaN	NaN	NaN
229.000000E+0	34.777300E+0	95.494717E+0	1.232216E+0	736.603796E-3	1.234725E+0	738.148733E-3	2.658036E+0	834.278762E+0	NaN	NaN	NaN
229.100000E+0	34.777801E+0	95.526218E+0	1.231562E+0	736.097156E-3	1.234071E+0	737.642094E-3	2.658205E+0	834.553967E+0	NaN	NaN	NaN
229.200000E+0	34.779544E+0	95.575392E+0	1.232110E+0	736.559092E-3	1.234620E+0	738.104030E-3	2.658794E+0	834.983569E+0	NaN	NaN	NaN
229.300000E+0	34.785025E+0	95.602870E+0	1.232193E+0	736.611544E-3	1.234702E+0	738.156482E-3	2.660646E+0	835.223625E+0	NaN	NaN	NaN
229.400000E+0	34.788968E+0	95.604062E+0	1.232066E+0	736.671745E-3	1.234575E+0	738.216683E-3	2.661978E+0	835.234040E+0	NaN	NaN	NaN
229.500000E+0	34.792258E+0	95.655292E+0	1.232026E+0	736.627042E-3	1.234536E+0	738.171979E-3	2.663089E+0	835.681607E+0	NaN	NaN	NaN
229.600000E+0	34.791686E+0	95.697612E+0	1.231880E+0	736.323058E-3	1.234389E+0	737.867995E-3	2.662896E+0	836.051324E+0	NaN	NaN	NaN
229.700000E+0	34.797685E+0	95.715940E+0	1.232075E+0	736.561477E-3	1.234584E+0	738.106414E-3	2.664923E+0	836.211448E+0	NaN	NaN	NaN
229.800000E+0	34.801064E+0	95.778435E+0	1.231845E+0	736.473858E-3	1.234355E+0	738.018795E-3	2.666064E+0	836.757433E+0	NaN	NaN	NaN
229.900000E+0	34.803630E+0	95.803767E+0	1.232094E+0	736.672341E-3	1.234603E+0	738.217279E-3	2.666931E+0	836.978743E+0	NaN	NaN	NaN
230.000000E+0	34.808816E+0	95.820755E+0	1.231948E+0	736.561477E-3	1.234458E+0	738.106414E-3	2.668683E+0	837.127151E+0	NaN	NaN	NaN
230.100000E+0	34.809567E+0	95.863461E+0	1.232235E+0	736.612737E-3	1.234744E+0	738.157674E-3	2.668937E+0	837.500253E+0	NaN	NaN	NaN
230.200000E+0	34.814574E+0	95.908880E+0	1.231629E+0	736.373126E-3	1.234139E+0	737.918063E-3	2.670628E+0	837.897049E+0	NaN	NaN	NaN
230.300000E+0	34.816031E+0	95.945865E+0	1.232186E+0	736.841618E-3	1.234695E+0	738.386556E-3	2.671120E+0	838.220161E+0	NaN	NaN	NaN
230.400000E+0	34.818829E+0	95.973730E+0	1.232088E+0	736.588299E-3	1.234597E+0	738.133236E-3	2.672066E+0	838.463602E+0	NaN	NaN	NaN
230.500000E+0	34.824462E+0	96.019447E+0	1.231802E+0	736.400544E-3	1.234311E+0	737.945481E-3	2.673968E+0	838.863002E+0	NaN	NaN	NaN
230.600000E+0	34.828736E+0	96.048385E+0	1.231944E+0	736.338555E-3	1.234453E+0	737.883493E-3	2.675412E+0	839.115816E+0	NaN	NaN	NaN
230.700000E+0	34.830783E+0	96.082658E+0	1.231622E+0	736.712872E-3	1.234131E+0	738.257810E-3	2.676104E+0	839.415235E+0	NaN	NaN	NaN
230.800000E+0	34.832741E+0	96.115828E+0	1.232185E+0	736.905991E-3	1.234695E+0	738.450929E-3	2.676765E+0	839.705021E+0	NaN	NaN	NaN
230.900000E+0	34.837444E+0	96.139044E+0	1.232002E+0	736.684858E-3	1.234512E+0	738.229796E-3	2.678354E+0	839.907845E+0	NaN	NaN	NaN
231.000000E+0	34.840976E+0	96.194208E+0	1.231930E+0	736.439287E-3	1.234440E+0	737.984224E-3	2.679547E+0	840.389780E+0	NaN	NaN	NaN
231.100000E+0	34.845947E+0	96.218556E+0	1.231879E+0	736.487567E-3	1.234388E+0	738.032504E-3	2.681226E+0	840.602498E+0	NaN	NaN	NaN
231.200000E+0	34.845625E+0	96.269637E+0	1.232042E+0	736.447036E-3	1.234551E+0	737.991973E-3	2.681117E+0	841.048763E+0	NaN	NaN	NaN
231.300000E+0	34.851696E+0	96.269429E+0	1.232088E+0	736.941158E-3	1.234597E+0	738.486096E-3	2.683168E+0	841.046940E+0	NaN	NaN	NaN
231.400000E+0	34.853904E+0	96.311092E+0	1.232273E+0	736.443459E-3	1.234782E+0	737.988397E-3	2.683914E+0	841.410930E+0	NaN	NaN	NaN
231.500000E+0	34.859608E+0	96.344233E+0	1.231846E+0	736.578166E-3	1.234355E+0	738.123103E-3	2.685841E+0	841.700455E+0	NaN	NaN	NaN
231.600000E+0	34.860645E+0	96.389234E+0	1.232262E+0	736.134707E-3	1.234771E+0	737.679645E-3	2.686192E+0	842.093606E+0	NaN	NaN	NaN
231.700000E+0	34.862317E+0	96.417069E+0	1.232157E+0	736.521541E-3	1.234667E+0	738.066479E-3	2.686756E+0	842.336786E+0	NaN	NaN	NaN
231.800000E+0	34.867440E+0	96.445262E+0	1.232307E+0	736.696183E-3	1.234816E+0	738.241120E-3	2.688487E+0	842.583091E+0	NaN	NaN	NaN
231.900000E+0	34.871749E+0	96.467644E+0	1.231935E+0	736.556112E-3	1.234444E+0	738.101049E-3	2.689943E+0	842.778625E+0	NaN	NaN	NaN
232.000000E+0	34.874602E+0	96.513629E+0	1.231952E+0	736.327230E-3	1.234462E+0	737.872168E-3	2.690906E+0	843.180368E+0	NaN	NaN	NaN
232.100000E+0	34.877749E+0	96.541375E+0	1.231994E+0	736.295640E-3	1.234503E+0	737.840577E-3	2.691969E+0	843.422767E+0	NaN	NaN	NaN
232.200000E+0	34.881763E+0	96.591711E+0	1.231964E+0	736.365377E-3	1.234474E+0	737.910315E-3	2.693326E+0	843.862523E+0	NaN	NaN	NaN
232.300000E+0	34.885187E+0	96.617699E+0	1.231889E+0	736.221134E-3	1.234398E+0	737.766071E-3	2.694482E+0	844.089561E+0	NaN	NaN	NaN
232.400000E+0	34.890006E+0	96.634030E+0	1.231966E+0	736.521541E-3	1.234475E+0	738.066479E-3	2.696110E+0	844.232241E+0	NaN	NaN	NaN
232.500000E+0	34.890838E+0	96.684813E+0	1.232357E+0	736.377894E-3	1.234867E+0	737.922832E-3	2.696391E+0	844.675902E+0	NaN	NaN	NaN
232.600000E+0	34.896381E+0	96.703798E+0	1.232200E+0	736.373126E-3	1.234709E+0	737.918063E-3	2.698264E+0	844.841754E+0	NaN	NaN	NaN
232.700000E+0	34.896068E+0	96.729428E+0	1.232056E+0	736.594259E-3	1.234566E+0	738.139196E-3	2.698158E+0	845.065668E+0	NaN	NaN	NaN
232.800000E+0	34.902613E+0	96.771181E+0	1.231931E+0	736.571609E-3	1.234440E+0	738.116547E-3	2.700369E+0	845.430439E+0	NaN	NaN	NaN
232.900000E+0	34.904499E+0	96.814603E+0	1.231844E+0	736.418425E-3	1.234353E+0	737.963363E-3	2.701006E+0	845.809790E+0	NaN	NaN	NaN
233.000000E+0	34.904812E+0	96.826851E+0	1.231659E+0	736.354052E-3	1.234168E+0	737.898990E-3	2.701112E+0	845.916800E+0	NaN	NaN	NaN
233.100000E+0	34.911393E+0	96.863717E+0	1.232417E+0	736.280739E-3	1.234927E+0	737.825676E-3	2.703335E+0	846.238871E+0	NaN	NaN	NaN
233.200000E+0	34.914593E+0	96.900254E+0	1.231723E+0	736.553132E-3	1.234232E+0	738.098069E-3	2.704416E+0	846.558078E+0	NaN	NaN	NaN
233.300000E+0	34.916551E+0	96.917570E+0	1.231780E+0	736.497103E-3	1.234289E+0	738.042041E-3	2.705078E+0	846.709349E+0	NaN	NaN	NaN
233.400000E+0	34.921040E+0	96.954018E+0	1.232209E+0	736.474454E-3	1.234718E+0	738.019391E-3	2.706594E+0	847.027775E+0	NaN	NaN	NaN
233.500000E+0	34.924553E+0	96.970677E+0	1.232171E+0	736.367761E-3	1.234680E+0	737.912699E-3	2.707781E+0	847.173319E+0	NaN	NaN	NaN
233.600000E+0	34.929936E+0	97.012132E+0	1.231851E+0	736.347496E-3	1.234360E+0	737.892433E-3	2.709599E+0	847.535486E+0	NaN	NaN	NaN
233.700000E+0	34.929828E+0	97.017646E+0	1.232046E+0	736.637174E-3	1.234555E+0	738.182112E-3	2.709563E+0	847.583654E+0	NaN	NaN	NaN
233.800000E+0	34.934173E+0	97.028822E+0	1.231711E+0	736.613333E-3	1.234220E+0	738.158270E-3	2.711031E+0	847.681291E+0	NaN	NaN	NaN
233.900000E+0	34.937043E+0	97.030342E+0	1.232035E+0	736.483394E-3	1.234545E+0	738.028332E-3	2.712000E+0	847.694569E+0	NaN	NaN	NaN
234.000000E+0	34.942274E+0	97.025037E+0	1.231953E+0	736.512005E-3	1.234462E+0	738.056942E-3	2.713767E+0	847.648224E+0	NaN	NaN	NaN
234.100000E+0	34.945734E+0	97.042769E+0	1.232053E+0	736.163317E-3	1.234563E+0	737.708255E-3	2.714936E+0	847.803141E+0	NaN	NaN	NaN
234.200000E+0	34.948738E+0	97.049892E+0	1.231949E+0	736.354648E-3	1.234458E+0	737.899586E-3	2.715951E+0	847.865368E+0	NaN	NaN	NaN
234.300000E+0	34.950839E+0	97.039491E+0	1.232064E+0	736.320674E-3	1.234574E+0	737.865611E-3	2.716660E+0	847.774501E+0	NaN	NaN	NaN
234.400000E+0	34.953870E+0	96.991509E+0	1.231842E+0	736.442267E-3	1.234351E+0	737.987205E-3	2.717684E+0	847.355314E+0	NaN	NaN	NaN
234.500000E+0	34.957124E+0	96.925527E+0	1.231921E+0	736.321866E-3	1.234431E+0	737.866803E-3	2.718784E+0	846.778867E+0	NaN	NaN	NaN
234.600000E+0	34.962837E+0	96.924007E+0	1.231769E+0	736.472666E-3	1.234278E+0	738.017603E-3	2.720714E+0	846.765588E+0	NaN	NaN	NaN
234.700000E+0	34.963973E+0	96.929312E+0	1.232008E+0	736.221730E-3	1.234518E+0	737.766667E-3	2.721097E+0	846.811933E+0	NaN	NaN	NaN
234.800000E+0	34.968291E+0	96.966237E+0	1.232142E+0	736.467301E-3	1.234651E+0	738.012239E-3	2.722556E+0	847.134525E+0	NaN	NaN	NaN
234.900000E+0	34.974460E+0	96.977383E+0	1.232012E+0	736.312925E-3	1.234521E+0	737.857863E-3	2.724640E+0	847.231901E+0	NaN	NaN	NaN
235.000000E+0	34.974112E+0	97.000062E+0	1.231993E+0	736.480414E-3	1.234502E+0	738.025352E-3	2.724522E+0	847.430039E+0	NaN	NaN	NaN
235.100000E+0	34.979798E+0	97.027123E+0	1.231892E+0	736.031591E-3	1.234402E+0	737.576529E-3	2.726443E+0	847.666450E+0	NaN	NaN	NaN
235.200000E+0	34.981595E+0	97.057343E+0	1.232218E+0	736.466705E-3	1.234727E+0	738.011643E-3	2.727050E+0	847.930459E+0	NaN	NaN	NaN
235.300000E+0	34.983705E+0	97.069860E+0	1.232044E+0	736.193716E-3	1.234554E+0	737.738653E-3	2.727763E+0	848.039813E+0	NaN	NaN	NaN
235.400000E+0	34.983893E+0	97.100914E+0	1.231914E+0	736.487567E-3	1.234423E+0	738.032504E-3	2.727827E+0	848.311113E+0	NaN	NaN	NaN
235.500000E+0	34.991760E+0	97.124130E+0	1.231819E+0	736.534654E-3	1.234329E+0	738.079592E-3	2.730484E+0	848.513937E+0	NaN	NaN	NaN
235.600000E+0	34.993423E+0	97.158313E+0	1.231999E+0	736.422002E-3	1.234509E+0	737.966939E-3	2.731046E+0	848.812575E+0	NaN	NaN	NaN
235.700000E+0	34.996508E+0	97.186178E+0	1.231780E+0	736.514985E-3	1.234289E+0	738.059922E-3	2.732088E+0	849.056016E+0	NaN	NaN	NaN
235.800000E+0	35.001157E+0	97.197801E+0	1.232044E+0	736.258089E-3	1.234553E+0	737.803026E-3	2.733659E+0	849.157558E+0	NaN	NaN	NaN
235.900000E+0	35.005109E+0	97.243309E+0	1.231756E+0	736.457764E-3	1.234265E+0	738.002702E-3	2.734994E+0	849.555135E+0	NaN	NaN	NaN
236.000000E+0	35.009096E+0	97.264200E+0	1.232020E+0	736.438691E-3	1.234529E+0	737.983628E-3	2.736341E+0	849.737650E+0	NaN	NaN	NaN
236.100000E+0	35.013227E+0	97.284079E+0	1.232064E+0	736.392199E-3	1.234574E+0	737.937137E-3	2.737736E+0	849.911313E+0	NaN	NaN	NaN
236.200000E+0	35.013853E+0	97.310603E+0	1.232286E+0	736.645519E-3	1.234795E+0	738.190456E-3	2.737948E+0	850.143038E+0	NaN	NaN	NaN
236.300000E+0	35.020845E+0	97.350478E+0	1.231735E+0	736.730158E-3	1.234245E+0	738.275095E-3	2.740309E+0	850.491406E+0	NaN	NaN	NaN
236.400000E+0	35.022955E+0	97.373605E+0	1.232165E+0	736.262857E-3	1.234675E+0	737.807795E-3	2.741022E+0	850.693449E+0	NaN	NaN	NaN
236.500000E+0	35.023786E+0	97.408086E+0	1.232053E+0	736.565053E-3	1.234563E+0	738.109990E-3	2.741303E+0	850.994691E+0	NaN	NaN	NaN
236.600000E+0	35.025047E+0	97.451061E+0	1.231872E+0	736.488759E-3	1.234381E+0	738.033696E-3	2.741729E+0	851.370136E+0	NaN	NaN	NaN
236.700000E+0	35.030000E+0	97.474784E+0	1.231728E+0	736.408293E-3	1.234237E+0	737.953230E-3	2.743402E+0	851.577387E+0	NaN	NaN	NaN
236.800000E+0	35.036571E+0	97.518444E+0	1.231803E+0	736.399352E-3	1.234312E+0	737.944289E-3	2.745622E+0	851.958821E+0	NaN	NaN	NaN
236.900000E+0	35.036616E+0	97.536922E+0	1.231985E+0	736.630618E-3	1.234494E+0	738.175555E-3	2.745637E+0	852.120247E+0	NaN	NaN	NaN
237.000000E+0	35.038440E+0	97.572625E+0	1.231989E+0	736.553132E-3	1.234498E+0	738.098069E-3	2.746253E+0	852.432164E+0	NaN	NaN	NaN
237.100000E+0	35.044323E+0	97.608417E+0	1.232193E+0	736.328422E-3	1.234703E+0	737.873360E-3	2.748241E+0	852.744861E+0	NaN	NaN	NaN
237.200000E+0	35.047962E+0	97.630650E+0	1.231952E+0	736.453592E-3	1.234462E+0	737.998529E-3	2.749470E+0	852.939093E+0	NaN	NaN	NaN
237.300000E+0	35.053255E+0	97.662836E+0	1.231954E+0	736.530482E-3	1.234464E+0	738.075419E-3	2.751258E+0	853.220287E+0	NaN	NaN	NaN
237.400000E+0	35.054944E+0	97.695082E+0	1.232047E+0	736.332595E-3	1.234556E+0	737.877532E-3	2.751829E+0	853.502002E+0	NaN	NaN	NaN
237.500000E+0	35.057895E+0	97.732693E+0	1.232199E+0	736.370742E-3	1.234709E+0	737.915679E-3	2.752826E+0	853.830582E+0	NaN	NaN	NaN
237.600000E+0	35.063420E+0	97.771555E+0	1.231809E+0	736.440479E-3	1.234318E+0	737.985416E-3	2.754692E+0	854.170097E+0	NaN	NaN	NaN
237.700000E+0	35.064547E+0	97.808182E+0	1.231964E+0	736.499488E-3	1.234473E+0	738.044425E-3	2.755073E+0	854.490085E+0	NaN	NaN	NaN
237.800000E+0	35.068123E+0	97.847700E+0	1.231828E+0	736.587703E-3	1.234337E+0	738.132640E-3	2.756281E+0	854.835329E+0	NaN	NaN	NaN
237.900000E+0	35.070671E+0	97.883463E+0	1.231899E+0	736.652076E-3	1.234409E+0	738.197013E-3	2.757142E+0	855.147766E+0	NaN	NaN	NaN
238.000000E+0	35.073550E+0	97.912431E+0	1.231932E+0	736.311733E-3	1.234441E+0	737.856670E-3	2.758114E+0	855.400841E+0	NaN	NaN	NaN
238.100000E+0	35.080318E+0	97.942114E+0	1.231850E+0	736.458360E-3	1.234359E+0	738.003298E-3	2.760401E+0	855.660164E+0	NaN	NaN	NaN
238.200000E+0	35.081185E+0	97.993076E+0	1.232192E+0	736.177027E-3	1.234701E+0	737.721964E-3	2.760694E+0	856.105387E+0	NaN	NaN	NaN
238.300000E+0	35.083456E+0	98.013908E+0	1.231866E+0	736.495911E-3	1.234375E+0	738.040849E-3	2.761461E+0	856.287382E+0	NaN	NaN	NaN
238.400000E+0	35.086568E+0	98.030895E+0	1.231927E+0	736.684262E-3	1.234436E+0	738.229199E-3	2.762512E+0	856.435790E+0	NaN	NaN	NaN
238.500000E+0	35.090698E+0	98.087490E+0	1.232028E+0	736.421406E-3	1.234537E+0	737.966343E-3	2.763907E+0	856.930223E+0	NaN	NaN	NaN
238.600000E+0	35.094766E+0	98.109692E+0	1.232056E+0	736.501872E-3	1.234565E+0	738.046809E-3	2.765281E+0	857.124194E+0	NaN	NaN	NaN
238.700000E+0	35.095499E+0	98.135710E+0	1.231962E+0	736.109673E-3	1.234471E+0	737.654611E-3	2.765529E+0	857.351492E+0	NaN	NaN	NaN
238.800000E+0	35.101114E+0	98.168164E+0	1.231875E+0	736.612737E-3	1.234384E+0	738.157674E-3	2.767426E+0	857.635030E+0	NaN	NaN	NaN
238.900000E+0	35.104994E+0	98.215967E+0	1.231717E+0	736.383855E-3	1.234226E+0	737.928792E-3	2.768737E+0	858.052654E+0	NaN	NaN	NaN
239.000000E+0	35.108222E+0	98.222703E+0	1.231857E+0	736.398756E-3	1.234366E+0	737.943693E-3	2.769827E+0	858.111497E+0	NaN	NaN	NaN
239.100000E+0	35.110278E+0	98.256707E+0	1.232175E+0	736.374914E-3	1.234684E+0	737.919851E-3	2.770522E+0	858.408573E+0	NaN	NaN	NaN
239.200000E+0	35.114320E+0	98.306000E+0	1.232008E+0	736.361801E-3	1.234518E+0	737.906738E-3	2.771887E+0	858.839216E+0	NaN	NaN	NaN
239.300000E+0	35.118352E+0	98.332107E+0	1.232290E+0	736.382067E-3	1.234800E+0	737.927004E-3	2.773249E+0	859.067295E+0	NaN	NaN	NaN
239.400000E+0	35.119139E+0	98.378301E+0	1.232398E+0	736.568033E-3	1.234907E+0	738.112970E-3	2.773515E+0	859.470860E+0	NaN	NaN	NaN
239.500000E+0	35.123707E+0	98.412514E+0	1.231713E+0	736.343323E-3	1.234223E+0	737.888261E-3	2.775058E+0	859.769759E+0	NaN	NaN	NaN
239.600000E+0	35.131057E+0	98.441690E+0	1.232103E+0	736.377894E-3	1.234613E+0	737.922832E-3	2.777541E+0	860.024656E+0	NaN	NaN	NaN
239.700000E+0	35.131816E+0	98.458499E+0	1.231604E+0	736.467301E-3	1.234113E+0	738.012239E-3	2.777798E+0	860.171502E+0	NaN	NaN	NaN
239.800000E+0	35.134588E+0	98.510236E+0	1.231975E+0	736.277758E-3	1.234484E+0	737.822696E-3	2.778734E+0	860.623494E+0	NaN	NaN	NaN
239.900000E+0	35.140605E+0	98.547310E+0	1.231875E+0	736.256301E-3	1.234384E+0	737.801238E-3	2.780767E+0	860.947388E+0	NaN	NaN	NaN
240.000000E+0	35.141025E+0	98.573774E+0	1.231908E+0	736.634194E-3	1.234418E+0	738.179132E-3	2.780908E+0	861.178592E+0	NaN	NaN	NaN
240.100000E+0	35.145835E+0	98.614812E+0	1.231784E+0	736.554324E-3	1.234293E+0	738.099261E-3	2.782533E+0	861.537114E+0	NaN	NaN	NaN
240.200000E+0	35.149993E+0	98.643422E+0	1.231981E+0	736.166894E-3	1.234490E+0	737.711831E-3	2.783938E+0	861.787064E+0	NaN	NaN	NaN
240.300000E+0	35.151021E+0	98.684460E+0	1.232221E+0	736.039340E-3	1.234731E+0	737.584277E-3	2.784285E+0	862.145586E+0	NaN	NaN	NaN
240.400000E+0	35.153936E+0	98.709732E+0	1.232077E+0	736.626446E-3	1.234586E+0	738.171383E-3	2.785270E+0	862.366375E+0	NaN	NaN	NaN
240.500000E+0	35.158755E+0	98.742157E+0	1.232166E+0	736.228883E-3	1.234675E+0	737.773820E-3	2.786898E+0	862.649652E+0	NaN	NaN	NaN
240.600000E+0	35.163091E+0	98.784864E+0	1.231921E+0	736.352264E-3	1.234431E+0	737.897202E-3	2.788363E+0	863.022754E+0	NaN	NaN	NaN
240.700000E+0	35.165648E+0	98.835588E+0	1.231942E+0	736.278354E-3	1.234451E+0	737.823292E-3	2.789226E+0	863.465895E+0	NaN	NaN	NaN
240.800000E+0	35.168715E+0	98.853678E+0	1.232122E+0	736.451804E-3	1.234632E+0	737.996741E-3	2.790262E+0	863.623936E+0	NaN	NaN	NaN
240.900000E+0	35.172273E+0	98.894238E+0	1.232106E+0	736.335575E-3	1.234616E+0	737.880512E-3	2.791464E+0	863.978292E+0	NaN	NaN	NaN
241.000000E+0	35.175295E+0	98.923534E+0	1.232226E+0	736.022054E-3	1.234735E+0	737.566992E-3	2.792485E+0	864.234231E+0	NaN	NaN	NaN
241.100000E+0	35.179622E+0	98.948568E+0	1.232145E+0	736.470281E-3	1.234654E+0	738.015219E-3	2.793947E+0	864.452937E+0	NaN	NaN	NaN
241.200000E+0	35.179551E+0	99.010587E+0	1.232219E+0	736.845195E-3	1.234729E+0	738.390132E-3	2.793923E+0	864.994756E+0	NaN	NaN	NaN
241.300000E+0	35.180883E+0	99.027306E+0	1.232093E+0	736.107885E-3	1.234602E+0	737.652823E-3	2.794373E+0	865.140820E+0	NaN	NaN	NaN
241.400000E+0	35.187481E+0	99.042177E+0	1.232097E+0	736.265837E-3	1.234607E+0	737.810775E-3	2.796602E+0	865.270742E+0	NaN	NaN	NaN
241.500000E+0	35.191460E+0	99.083841E+0	1.231669E+0	736.612140E-3	1.234179E+0	738.157078E-3	2.797946E+0	865.634732E+0	NaN	NaN	NaN
241.600000E+0	35.194491E+0	99.121511E+0	1.231923E+0	736.416041E-3	1.234433E+0	737.960979E-3	2.798970E+0	865.963833E+0	NaN	NaN	NaN
241.700000E+0	35.194231E+0	99.140733E+0	1.232065E+0	736.466705E-3	1.234574E+0	738.011643E-3	2.798882E+0	866.131768E+0	NaN	NaN	NaN
241.800000E+0	35.200070E+0	99.161923E+0	1.231985E+0	736.475050E-3	1.234494E+0	738.019987E-3	2.800855E+0	866.316887E+0	NaN	NaN	NaN
241.900000E+0	35.202287E+0	99.214762E+0	1.232251E+0	736.441075E-3	1.234760E+0	737.986013E-3	2.801604E+0	866.778514E+0	NaN	NaN	NaN
242.000000E+0	35.207544E+0	99.249005E+0	1.232098E+0	736.239611E-3	1.234607E+0	737.784549E-3	2.803380E+0	867.077673E+0	NaN	NaN	NaN
242.100000E+0	35.212560E+0	99.271417E+0	1.231831E+0	736.157953E-3	1.234340E+0	737.702890E-3	2.805074E+0	867.273467E+0	NaN	NaN	NaN
242.200000E+0	35.214420E+0	99.307507E+0	1.232070E+0	736.293852E-3	1.234580E+0	737.838789E-3	2.805702E+0	867.588768E+0	NaN	NaN	NaN
242.300000E+0	35.218452E+0	99.331379E+0	1.231793E+0	736.376702E-3	1.234302E+0	737.921639E-3	2.807064E+0	867.797321E+0	NaN	NaN	NaN
242.400000E+0	35.223155E+0	99.375457E+0	1.232206E+0	736.521541E-3	1.234715E+0	738.066479E-3	2.808653E+0	868.182400E+0	NaN	NaN	NaN
242.500000E+0	35.223682E+0	99.403441E+0	1.232400E+0	736.510217E-3	1.234909E+0	738.055154E-3	2.808831E+0	868.426882E+0	NaN	NaN	NaN
242.600000E+0	35.226490E+0	99.451452E+0	1.231865E+0	736.534058E-3	1.234374E+0	738.078996E-3	2.809780E+0	868.846330E+0	NaN	NaN	NaN
242.700000E+0	35.231085E+0	99.483818E+0	1.232104E+0	736.312925E-3	1.234613E+0	737.857863E-3	2.811332E+0	869.129085E+0	NaN	NaN	NaN
242.800000E+0	35.233633E+0	99.498212E+0	1.232267E+0	736.500084E-3	1.234777E+0	738.045021E-3	2.812193E+0	869.254842E+0	NaN	NaN	NaN
242.900000E+0	35.239498E+0	99.547952E+0	1.231977E+0	736.388623E-3	1.234487E+0	737.933560E-3	2.814174E+0	869.689390E+0	NaN	NaN	NaN
243.000000E+0	35.239051E+0	99.577814E+0	1.231771E+0	736.625253E-3	1.234281E+0	738.170191E-3	2.814023E+0	869.950275E+0	NaN	NaN	NaN
243.100000E+0	35.242735E+0	99.600136E+0	1.232067E+0	736.221134E-3	1.234577E+0	737.766071E-3	2.815268E+0	870.145289E+0	NaN	NaN	NaN
243.200000E+0	35.249521E+0	99.658817E+0	1.232321E+0	736.451804E-3	1.234830E+0	737.996741E-3	2.817560E+0	870.657946E+0	NaN	NaN	NaN
243.300000E+0	35.252131E+0	99.669933E+0	1.231713E+0	736.387431E-3	1.234223E+0	737.932368E-3	2.818442E+0	870.755062E+0	NaN	NaN	NaN
243.400000E+0	35.255645E+0	99.686027E+0	1.231850E+0	736.516773E-3	1.234359E+0	738.061710E-3	2.819629E+0	870.895659E+0	NaN	NaN	NaN
243.500000E+0	35.255797E+0	99.724025E+0	1.231722E+0	736.043512E-3	1.234231E+0	737.588449E-3	2.819680E+0	871.227624E+0	NaN	NaN	NaN
243.600000E+0	35.258640E+0	99.770010E+0	1.231782E+0	736.336767E-3	1.234291E+0	737.881704E-3	2.820641E+0	871.629367E+0	NaN	NaN	NaN
243.700000E+0	35.264908E+0	99.800140E+0	1.231781E+0	736.219942E-3	1.234291E+0	737.764879E-3	2.822758E+0	871.892595E+0	NaN	NaN	NaN
243.800000E+0	35.263549E+0	99.834979E+0	1.231792E+0	736.576378E-3	1.234301E+0	738.121315E-3	2.822299E+0	872.196962E+0	NaN	NaN	NaN
243.900000E+0	35.271291E+0	99.870026E+0	1.232403E+0	736.544787E-3	1.234912E+0	738.089725E-3	2.824914E+0	872.503150E+0	NaN	NaN	NaN
244.000000E+0	35.277514E+0	99.888563E+0	1.232115E+0	736.473858E-3	1.234625E+0	738.018795E-3	2.827017E+0	872.665097E+0	NaN	NaN	NaN
244.100000E+0	35.281868E+0	99.918932E+0	1.231807E+0	736.344516E-3	1.234316E+0	737.889453E-3	2.828487E+0	872.930409E+0	NaN	NaN	NaN
244.200000E+0	35.279982E+0	99.975765E+0	1.231911E+0	736.468493E-3	1.234421E+0	738.013431E-3	2.827850E+0	873.426924E+0	NaN	NaN	NaN
244.300000E+0	35.282485E+0	99.995077E+0	1.232211E+0	736.650883E-3	1.234720E+0	738.195821E-3	2.828696E+0	873.595640E+0	NaN	NaN	NaN
244.400000E+0	35.285507E+0	100.029260E+0	1.232129E+0	736.479222E-3	1.234638E+0	738.024159E-3	2.829717E+0	873.894279E+0	NaN	NaN	NaN
244.500000E+0	35.290675E+0	100.056916E+0	1.231723E+0	736.150204E-3	1.234232E+0	737.695142E-3	2.831462E+0	874.135897E+0	NaN	NaN	NaN
244.600000E+0	35.291596E+0	100.085735E+0	1.231871E+0	736.206829E-3	1.234380E+0	737.751766E-3	2.831774E+0	874.387669E+0	NaN	NaN	NaN
244.700000E+0	35.293920E+0	100.110650E+0	1.231756E+0	736.269414E-3	1.234265E+0	737.814351E-3	2.832559E+0	874.605334E+0	NaN	NaN	NaN
244.800000E+0	35.301109E+0	100.134581E+0	1.232022E+0	736.399352E-3	1.234531E+0	737.944289E-3	2.834987E+0	874.814407E+0	NaN	NaN	NaN
244.900000E+0	35.307608E+0	100.185812E+0	1.231883E+0	736.330807E-3	1.234393E+0	737.875744E-3	2.837183E+0	875.261974E+0	NaN	NaN	NaN
245.000000E+0	35.307108E+0	100.201309E+0	1.232192E+0	736.201464E-3	1.234701E+0	737.746402E-3	2.837014E+0	875.397363E+0	NaN	NaN	NaN
245.100000E+0	35.311381E+0	100.256950E+0	1.232158E+0	736.232459E-3	1.234667E+0	737.777396E-3	2.838457E+0	875.883464E+0	NaN	NaN	NaN
245.200000E+0	35.314538E+0	100.283921E+0	1.231884E+0	736.096560E-3	1.234394E+0	737.641498E-3	2.839524E+0	876.119094E+0	NaN	NaN	NaN
245.300000E+0	35.317890E+0	100.301176E+0	1.232042E+0	736.075103E-3	1.234552E+0	737.620040E-3	2.840656E+0	876.269845E+0	NaN	NaN	NaN
245.400000E+0	35.320939E+0	100.327969E+0	1.232120E+0	736.333191E-3	1.234630E+0	737.878128E-3	2.841686E+0	876.503913E+0	NaN	NaN	NaN
245.500000E+0	35.323630E+0	100.361556E+0	1.231830E+0	735.979735E-3	1.234339E+0	737.524673E-3	2.842595E+0	876.797344E+0	NaN	NaN	NaN
245.600000E+0	35.329397E+0	100.425959E+0	1.232115E+0	736.127555E-3	1.234625E+0	737.672492E-3	2.844543E+0	877.359992E+0	NaN	NaN	NaN
245.700000E+0	35.330595E+0	100.448668E+0	1.231846E+0	736.468493E-3	1.234356E+0	738.013431E-3	2.844948E+0	877.558390E+0	NaN	NaN	NaN
245.800000E+0	35.334609E+0	100.458503E+0	1.232233E+0	736.548363E-3	1.234742E+0	738.093301E-3	2.846304E+0	877.644310E+0	NaN	NaN	NaN
245.900000E+0	35.336281E+0	100.499302E+0	1.231905E+0	736.059009E-3	1.234414E+0	737.603947E-3	2.846869E+0	878.000749E+0	NaN	NaN	NaN
246.000000E+0	35.341038E+0	100.523770E+0	1.231786E+0	735.780060E-3	1.234295E+0	737.324997E-3	2.848476E+0	878.214508E+0	NaN	NaN	NaN
246.100000E+0	35.345526E+0	100.563645E+0	1.231945E+0	736.047684E-3	1.234454E+0	737.592622E-3	2.849992E+0	878.562876E+0	NaN	NaN	NaN
246.200000E+0	35.346223E+0	100.614369E+0	1.232115E+0	735.770523E-3	1.234625E+0	737.315460E-3	2.850228E+0	879.006017E+0	NaN	NaN	NaN
246.300000E+0	35.350139E+0	100.630581E+0	1.232018E+0	736.013114E-3	1.234527E+0	737.558051E-3	2.851551E+0	879.147655E+0	NaN	NaN	NaN
246.400000E+0	35.352956E+0	100.665599E+0	1.231762E+0	735.954105E-3	1.234271E+0	737.499043E-3	2.852502E+0	879.453584E+0	NaN	NaN	NaN
246.500000E+0	35.355209E+0	100.681454E+0	1.231970E+0	736.059009E-3	1.234480E+0	737.603947E-3	2.853263E+0	879.592098E+0	NaN	NaN	NaN
246.600000E+0	35.359044E+0	100.743085E+0	1.231992E+0	735.963642E-3	1.234502E+0	737.508579E-3	2.854559E+0	880.130532E+0	NaN	NaN	NaN
246.700000E+0	35.364892E+0	100.759447E+0	1.232044E+0	736.095964E-3	1.234554E+0	737.640902E-3	2.856534E+0	880.273472E+0	NaN	NaN	NaN
246.800000E+0	35.367449E+0	100.800306E+0	1.232063E+0	736.301600E-3	1.234572E+0	737.846538E-3	2.857398E+0	880.630432E+0	NaN	NaN	NaN
246.900000E+0	35.369308E+0	100.822002E+0	1.231868E+0	736.038148E-3	1.234378E+0	737.583085E-3	2.858026E+0	880.819977E+0	NaN	NaN	NaN
247.000000E+0	35.374789E+0	100.864381E+0	1.231938E+0	735.736548E-3	1.234448E+0	737.281486E-3	2.859877E+0	881.190216E+0	NaN	NaN	NaN
247.100000E+0	35.376488E+0	100.875586E+0	1.231986E+0	735.917746E-3	1.234496E+0	737.462684E-3	2.860451E+0	881.288113E+0	NaN	NaN	NaN
247.200000E+0	35.380797E+0	100.933194E+0	1.231856E+0	735.698997E-3	1.234366E+0	737.243935E-3	2.861907E+0	881.791397E+0	NaN	NaN	NaN
247.300000E+0	35.384570E+0	100.949526E+0	1.232004E+0	735.784828E-3	1.234514E+0	737.329765E-3	2.863182E+0	881.934077E+0	NaN	NaN	NaN
247.400000E+0	35.385455E+0	100.967228E+0	1.231673E+0	736.252128E-3	1.234182E+0	737.797066E-3	2.863481E+0	882.088734E+0	NaN	NaN	NaN
247.500000E+0	35.393064E+0	101.016879E+0	1.232119E+0	736.126363E-3	1.234628E+0	737.671300E-3	2.866051E+0	882.522501E+0	NaN	NaN	NaN
247.600000E+0	35.395594E+0	101.028621E+0	1.232013E+0	736.100137E-3	1.234522E+0	737.645074E-3	2.866906E+0	882.625085E+0	NaN	NaN	NaN
247.700000E+0	35.396846E+0	101.040840E+0	1.231654E+0	735.838472E-3	1.234163E+0	737.383410E-3	2.867329E+0	882.731834E+0	NaN	NaN	NaN
247.800000E+0	35.397284E+0	101.065189E+0	1.231738E+0	736.090600E-3	1.234247E+0	737.635537E-3	2.867477E+0	882.944552E+0	NaN	NaN	NaN
247.900000E+0	35.402755E+0	101.106375E+0	1.231820E+0	736.111461E-3	1.234329E+0	737.656399E-3	2.869325E+0	883.304376E+0	NaN	NaN	NaN
248.000000E+0	35.405026E+0	101.114541E+0	1.232150E+0	735.776483E-3	1.234659E+0	737.321421E-3	2.870092E+0	883.375716E+0	NaN	NaN	NaN
248.100000E+0	35.411061E+0	101.146817E+0	1.231869E+0	735.982715E-3	1.234378E+0	737.527653E-3	2.872131E+0	883.657691E+0	NaN	NaN	NaN
248.200000E+0	35.414790E+0	101.189882E+0	1.232011E+0	736.183583E-3	1.234520E+0	737.728520E-3	2.873390E+0	884.033918E+0	NaN	NaN	NaN
248.300000E+0	35.417651E+0	101.226687E+0	1.232190E+0	736.218750E-3	1.234700E+0	737.763687E-3	2.874357E+0	884.355468E+0	NaN	NaN	NaN
248.400000E+0	35.418402E+0	101.247668E+0	1.232158E+0	735.809266E-3	1.234667E+0	737.354203E-3	2.874611E+0	884.538765E+0	NaN	NaN	NaN
248.500000E+0	35.422943E+0	101.283103E+0	1.232034E+0	735.994040E-3	1.234543E+0	737.538978E-3	2.876145E+0	884.848338E+0	NaN	NaN	NaN
248.600000E+0	35.428531E+0	101.313800E+0	1.231455E+0	736.307561E-3	1.233965E+0	737.852498E-3	2.878033E+0	885.116514E+0	NaN	NaN	NaN
248.700000E+0	35.428281E+0	101.345390E+0	1.232091E+0	736.045896E-3	1.234601E+0	737.590834E-3	2.877948E+0	885.392500E+0	NaN	NaN	NaN
248.800000E+0	35.429721E+0	101.362944E+0	1.231660E+0	736.028015E-3	1.234170E+0	737.572952E-3	2.878434E+0	885.545855E+0	NaN	NaN	NaN
248.900000E+0	35.438134E+0	101.403803E+0	1.231828E+0	735.668003E-3	1.234338E+0	737.212940E-3	2.881276E+0	885.902815E+0	NaN	NaN	NaN
249.000000E+0	35.440002E+0	101.423174E+0	1.231919E+0	736.044704E-3	1.234428E+0	737.589642E-3	2.881908E+0	886.072052E+0	NaN	NaN	NaN
249.100000E+0	35.444625E+0	101.478130E+0	1.232154E+0	735.978543E-3	1.234664E+0	737.523480E-3	2.883469E+0	886.552164E+0	NaN	NaN	NaN
249.200000E+0	35.445984E+0	101.516992E+0	1.232210E+0	735.992252E-3	1.234719E+0	737.537189E-3	2.883928E+0	886.891680E+0	NaN	NaN	NaN
249.300000E+0	35.450973E+0	101.547182E+0	1.231486E+0	735.936820E-3	1.233996E+0	737.481757E-3	2.885614E+0	887.155429E+0	NaN	NaN	NaN
249.400000E+0	35.455255E+0	101.573706E+0	1.232205E+0	736.013710E-3	1.234715E+0	737.558647E-3	2.887060E+0	887.387154E+0	NaN	NaN	NaN
249.500000E+0	35.457294E+0	101.609737E+0	1.231877E+0	736.221134E-3	1.234387E+0	737.766071E-3	2.887749E+0	887.701934E+0	NaN	NaN	NaN
249.600000E+0	35.460432E+0	101.637185E+0	1.231847E+0	736.071526E-3	1.234356E+0	737.616464E-3	2.888809E+0	887.941730E+0	NaN	NaN	NaN
249.700000E+0	35.463221E+0	101.670504E+0	1.231725E+0	735.828935E-3	1.234235E+0	737.373873E-3	2.889751E+0	888.232818E+0	NaN	NaN	NaN
249.800000E+0	35.466216E+0	101.701677E+0	1.231795E+0	735.811054E-3	1.234304E+0	737.355991E-3	2.890763E+0	888.505159E+0	NaN	NaN	NaN
249.900000E+0	35.471429E+0	101.733118E+0	1.232358E+0	735.944568E-3	1.234868E+0	737.489506E-3	2.892524E+0	888.779844E+0	NaN	NaN	NaN
250.000000E+0	35.473986E+0	101.760805E+0	1.232010E+0	735.932051E-3	1.234519E+0	737.476989E-3	2.893388E+0	889.021723E+0	NaN	NaN	NaN
250.100000E+0	35.477339E+0	101.790249E+0	1.231944E+0	735.892712E-3	1.234453E+0	737.437650E-3	2.894520E+0	889.278963E+0	NaN	NaN	NaN
250.200000E+0	35.480513E+0	101.844698E+0	1.231744E+0	736.090600E-3	1.234253E+0	737.635537E-3	2.895593E+0	889.754649E+0	NaN	NaN	NaN
250.300000E+0	35.481004E+0	101.859868E+0	1.231868E+0	736.144840E-3	1.234377E+0	737.689777E-3	2.895759E+0	889.887175E+0	NaN	NaN	NaN
250.400000E+0	35.485037E+0	101.902395E+0	1.231946E+0	735.827743E-3	1.234456E+0	737.372681E-3	2.897121E+0	890.258715E+0	NaN	NaN	NaN
250.500000E+0	35.489069E+0	101.935089E+0	1.231981E+0	736.093580E-3	1.234490E+0	737.638517E-3	2.898483E+0	890.544335E+0	NaN	NaN	NaN
250.600000E+0	35.494952E+0	101.976842E+0	1.231996E+0	735.974371E-3	1.234505E+0	737.519308E-3	2.900470E+0	890.909106E+0	NaN	NaN	NaN
250.700000E+0	35.498582E+0	101.990610E+0	1.231918E+0	735.824763E-3	1.234428E+0	737.369700E-3	2.901697E+0	891.029394E+0	NaN	NaN	NaN
250.800000E+0	35.501890E+0	102.033764E+0	1.232307E+0	736.177027E-3	1.234816E+0	737.721964E-3	2.902814E+0	891.406402E+0	NaN	NaN	NaN
250.900000E+0	35.504268E+0	102.065384E+0	1.231788E+0	735.670387E-3	1.234298E+0	737.215324E-3	2.903618E+0	891.682649E+0	NaN	NaN	NaN
251.000000E+0	35.505743E+0	102.097273E+0	1.231921E+0	735.799729E-3	1.234430E+0	737.344666E-3	2.904116E+0	891.961239E+0	NaN	NaN	NaN
251.100000E+0	35.510008E+0	102.129757E+0	1.232178E+0	736.042916E-3	1.234687E+0	737.587853E-3	2.905557E+0	892.245036E+0	NaN	NaN	NaN
251.200000E+0	35.512932E+0	102.168560E+0	1.231684E+0	735.899865E-3	1.234193E+0	737.444802E-3	2.906544E+0	892.584031E+0	NaN	NaN	NaN
251.300000E+0	35.517232E+0	102.187097E+0	1.232025E+0	735.998213E-3	1.234535E+0	737.543150E-3	2.907997E+0	892.745978E+0	NaN	NaN	NaN
251.400000E+0	35.519548E+0	102.217704E+0	1.231646E+0	735.833108E-3	1.234155E+0	737.378045E-3	2.908779E+0	893.013372E+0	NaN	NaN	NaN
251.500000E+0	35.523240E+0	102.261662E+0	1.231672E+0	735.879599E-3	1.234182E+0	737.424537E-3	2.910027E+0	893.397410E+0	NaN	NaN	NaN
251.600000E+0	35.526003E+0	102.321804E+0	1.231925E+0	735.653698E-3	1.234434E+0	737.198635E-3	2.910960E+0	893.922826E+0	NaN	NaN	NaN
251.700000E+0	35.533808E+0	102.325261E+0	1.231824E+0	736.257493E-3	1.234334E+0	737.802430E-3	2.913597E+0	893.953028E+0	NaN	NaN	NaN
251.800000E+0	35.533629E+0	102.364689E+0	1.232060E+0	735.964834E-3	1.234570E+0	737.509771E-3	2.913536E+0	894.297491E+0	NaN	NaN	NaN
251.900000E+0	35.536133E+0	102.399290E+0	1.231991E+0	736.231863E-3	1.234500E+0	737.776800E-3	2.914382E+0	894.599774E+0	NaN	NaN	NaN
252.000000E+0	35.542749E+0	102.429748E+0	1.231864E+0	736.026823E-3	1.234374E+0	737.571760E-3	2.916617E+0	894.865867E+0	NaN	NaN	NaN
252.100000E+0	35.544778E+0	102.456510E+0	1.232006E+0	735.712110E-3	1.234515E+0	737.257048E-3	2.917303E+0	895.099674E+0	NaN	NaN	NaN
252.200000E+0	35.545118E+0	102.499306E+0	1.231924E+0	736.087023E-3	1.234433E+0	737.631961E-3	2.917417E+0	895.473558E+0	NaN	NaN	NaN
252.300000E+0	35.549785E+0	102.526039E+0	1.231730E+0	735.969006E-3	1.234239E+0	737.513944E-3	2.918994E+0	895.707105E+0	NaN	NaN	NaN
252.400000E+0	35.553388E+0	102.564394E+0	1.231897E+0	735.985696E-3	1.234406E+0	737.530633E-3	2.920211E+0	896.042194E+0	NaN	NaN	NaN
252.500000E+0	35.559459E+0	102.604926E+0	1.232048E+0	735.872447E-3	1.234558E+0	737.417384E-3	2.922262E+0	896.396290E+0	NaN	NaN	NaN
252.600000E+0	35.561015E+0	102.599353E+0	1.231753E+0	735.887944E-3	1.234262E+0	737.432881E-3	2.922788E+0	896.347602E+0	NaN	NaN	NaN
252.700000E+0	35.564573E+0	102.639943E+0	1.232033E+0	735.647737E-3	1.234543E+0	737.192675E-3	2.923990E+0	896.702218E+0	NaN	NaN	NaN
252.800000E+0	35.568578E+0	102.663338E+0	1.232255E+0	735.917150E-3	1.234764E+0	737.462088E-3	2.925343E+0	896.906604E+0	NaN	NaN	NaN
252.900000E+0	35.571976E+0	102.698386E+0	1.231875E+0	735.870063E-3	1.234384E+0	737.415000E-3	2.926490E+0	897.212793E+0	NaN	NaN	NaN
253.000000E+0	35.573755E+0	102.742404E+0	1.232194E+0	735.573231E-3	1.234703E+0	737.118169E-3	2.927091E+0	897.597352E+0	NaN	NaN	NaN
253.100000E+0	35.578780E+0	102.771878E+0	1.232130E+0	735.789596E-3	1.234639E+0	737.334534E-3	2.928789E+0	897.854852E+0	NaN	NaN	NaN
253.200000E+0	35.581641E+0	102.791667E+0	1.231878E+0	735.856354E-3	1.234388E+0	737.401291E-3	2.929755E+0	898.027734E+0	NaN	NaN	NaN
253.300000E+0	35.581677E+0	102.840692E+0	1.232056E+0	735.586940E-3	1.234565E+0	737.131878E-3	2.929767E+0	898.456034E+0	NaN	NaN	NaN
253.400000E+0	35.586531E+0	102.878302E+0	1.231923E+0	736.134707E-3	1.234432E+0	737.679645E-3	2.931407E+0	898.784614E+0	NaN	NaN	NaN
253.500000E+0	35.590912E+0	102.904588E+0	1.232167E+0	735.793769E-3	1.234676E+0	737.338706E-3	2.932887E+0	899.014256E+0	NaN	NaN	NaN
253.600000E+0	35.593371E+0	102.943778E+0	1.231933E+0	735.411107E-3	1.234443E+0	736.956044E-3	2.933718E+0	899.356635E+0	NaN	NaN	NaN
253.700000E+0	35.594149E+0	102.961957E+0	1.232057E+0	735.972583E-3	1.234566E+0	737.517520E-3	2.933981E+0	899.515458E+0	NaN	NaN	NaN
253.800000E+0	35.600747E+0	103.003204E+0	1.231421E+0	735.621511E-3	1.233931E+0	737.166449E-3	2.936210E+0	899.875802E+0	NaN	NaN	NaN
253.900000E+0	35.603760E+0	103.041172E+0	1.231877E+0	735.782444E-3	1.234387E+0	737.327381E-3	2.937228E+0	900.207507E+0	NaN	NaN	NaN
254.000000E+0	35.607202E+0	103.074312E+0	1.232194E+0	735.707938E-3	1.234703E+0	737.252875E-3	2.938390E+0	900.497032E+0	NaN	NaN	NaN
254.100000E+0	35.609840E+0	103.099346E+0	1.231855E+0	735.622703E-3	1.234364E+0	737.167641E-3	2.939281E+0	900.715739E+0	NaN	NaN	NaN
254.200000E+0	35.615463E+0	103.166640E+0	1.231948E+0	736.027419E-3	1.234458E+0	737.572356E-3	2.941181E+0	901.303642E+0	NaN	NaN	NaN
254.300000E+0	35.617717E+0	103.182137E+0	1.231824E+0	735.619127E-3	1.234333E+0	737.164064E-3	2.941942E+0	901.439031E+0	NaN	NaN	NaN
254.400000E+0	35.617958E+0	103.198141E+0	1.231678E+0	735.744893E-3	1.234187E+0	737.289830E-3	2.942024E+0	901.578847E+0	NaN	NaN	NaN
254.500000E+0	35.622643E+0	103.243500E+0	1.231695E+0	735.857546E-3	1.234204E+0	737.402483E-3	2.943607E+0	901.975122E+0	NaN	NaN	NaN
254.600000E+0	35.629107E+0	103.257865E+0	1.231665E+0	735.535084E-3	1.234175E+0	737.080022E-3	2.945790E+0	902.100618E+0	NaN	NaN	NaN
254.700000E+0	35.632487E+0	103.301078E+0	1.231805E+0	735.885560E-3	1.234315E+0	737.430497E-3	2.946932E+0	902.478147E+0	NaN	NaN	NaN
254.800000E+0	35.637172E+0	103.337020E+0	1.231950E+0	735.938012E-3	1.234459E+0	737.482949E-3	2.948515E+0	902.792146E+0	NaN	NaN	NaN
254.900000E+0	35.635938E+0	103.376299E+0	1.231840E+0	735.560118E-3	1.234349E+0	737.105056E-3	2.948098E+0	903.135307E+0	NaN	NaN	NaN
255.000000E+0	35.642920E+0	103.381753E+0	1.231952E+0	735.908210E-3	1.234462E+0	737.453147E-3	2.950457E+0	903.182954E+0	NaN	NaN	NaN
255.100000E+0	35.641830E+0	103.429109E+0	1.231719E+0	735.557734E-3	1.234228E+0	737.102672E-3	2.950088E+0	903.596673E+0	NaN	NaN	NaN
255.200000E+0	35.647355E+0	103.453428E+0	1.231963E+0	735.645353E-3	1.234472E+0	737.190290E-3	2.951955E+0	903.809131E+0	NaN	NaN	NaN
255.300000E+0	35.650600E+0	103.500634E+0	1.232001E+0	735.336601E-3	1.234510E+0	736.881538E-3	2.953051E+0	904.221548E+0	NaN	NaN	NaN
255.400000E+0	35.653694E+0	103.524536E+0	1.231752E+0	735.717475E-3	1.234262E+0	737.262412E-3	2.954096E+0	904.430360E+0	NaN	NaN	NaN
255.500000E+0	35.656832E+0	103.555292E+0	1.231873E+0	735.520183E-3	1.234382E+0	737.065121E-3	2.955156E+0	904.699057E+0	NaN	NaN	NaN
255.600000E+0	35.657664E+0	103.580177E+0	1.231741E+0	735.492765E-3	1.234250E+0	737.037703E-3	2.955437E+0	904.916461E+0	NaN	NaN	NaN
255.700000E+0	35.662661E+0	103.612751E+0	1.231703E+0	735.771715E-3	1.234213E+0	737.316652E-3	2.957125E+0	905.201040E+0	NaN	NaN	NaN
255.800000E+0	35.667936E+0	103.620142E+0	1.231887E+0	735.591709E-3	1.234397E+0	737.136646E-3	2.958907E+0	905.265610E+0	NaN	NaN	NaN
255.900000E+0	35.672139E+0	103.685379E+0	1.231824E+0	735.987484E-3	1.234334E+0	737.532421E-3	2.960327E+0	905.835548E+0	NaN	NaN	NaN
256.000000E+0	35.673453E+0	103.706747E+0	1.232261E+0	735.864102E-3	1.234770E+0	737.409040E-3	2.960771E+0	906.022230E+0	NaN	NaN	NaN
256.100000E+0	35.674642E+0	103.744805E+0	1.232176E+0	735.829531E-3	1.234685E+0	737.374469E-3	2.961173E+0	906.354715E+0	NaN	NaN	NaN
256.200000E+0	35.682984E+0	103.770286E+0	1.232311E+0	735.915958E-3	1.234820E+0	737.460896E-3	2.963991E+0	906.577327E+0	NaN	NaN	NaN
256.300000E+0	35.684110E+0	103.807628E+0	1.232243E+0	735.663234E-3	1.234753E+0	737.208172E-3	2.964371E+0	906.903564E+0	NaN	NaN	NaN
256.400000E+0	35.685764E+0	103.836238E+0	1.231791E+0	735.675155E-3	1.234300E+0	737.220093E-3	2.964930E+0	907.153514E+0	NaN	NaN	NaN
256.500000E+0	35.690637E+0	103.850931E+0	1.232247E+0	735.674559E-3	1.234757E+0	737.219497E-3	2.966576E+0	907.281874E+0	NaN	NaN	NaN
256.600000E+0	35.693364E+0	103.912205E+0	1.232156E+0	735.821187E-3	1.234665E+0	737.366124E-3	2.967497E+0	907.817183E+0	NaN	NaN	NaN
256.700000E+0	35.694937E+0	103.931487E+0	1.232081E+0	735.893904E-3	1.234591E+0	737.438842E-3	2.968029E+0	907.985639E+0	NaN	NaN	NaN
256.800000E+0	35.703485E+0	103.962034E+0	1.231880E+0	735.914170E-3	1.234389E+0	737.459107E-3	2.970916E+0	908.252513E+0	NaN	NaN	NaN
256.900000E+0	35.704897E+0	104.005873E+0	1.232070E+0	735.685884E-3	1.234579E+0	737.230822E-3	2.971393E+0	908.635509E+0	NaN	NaN	NaN
257.000000E+0	35.706596E+0	104.018241E+0	1.232008E+0	735.963642E-3	1.234518E+0	737.508579E-3	2.971967E+0	908.743561E+0	NaN	NaN	NaN
257.100000E+0	35.711344E+0	104.053646E+0	1.232284E+0	735.715687E-3	1.234794E+0	737.260624E-3	2.973571E+0	909.052874E+0	NaN	NaN	NaN
257.200000E+0	35.711880E+0	104.082108E+0	1.231950E+0	735.700785E-3	1.234459E+0	737.245723E-3	2.973752E+0	909.301522E+0	NaN	NaN	NaN
257.300000E+0	35.717083E+0	104.123414E+0	1.232192E+0	735.792577E-3	1.234701E+0	737.337514E-3	2.975510E+0	909.662387E+0	NaN	NaN	NaN
257.400000E+0	35.722162E+0	104.134947E+0	1.232183E+0	735.795557E-3	1.234692E+0	737.340494E-3	2.977226E+0	909.763148E+0	NaN	NaN	NaN
257.500000E+0	35.725157E+0	104.175329E+0	1.232075E+0	735.659062E-3	1.234584E+0	737.204000E-3	2.978237E+0	910.115942E+0	NaN	NaN	NaN
257.600000E+0	35.728885E+0	104.204565E+0	1.231954E+0	735.431372E-3	1.234464E+0	736.976310E-3	2.979497E+0	910.371360E+0	NaN	NaN	NaN
257.700000E+0	35.726623E+0	104.246825E+0	1.232177E+0	735.660254E-3	1.234687E+0	737.205192E-3	2.978733E+0	910.740557E+0	NaN	NaN	NaN
257.800000E+0	35.731916E+0	104.272187E+0	1.231960E+0	735.623895E-3	1.234469E+0	737.168833E-3	2.980521E+0	910.962127E+0	NaN	NaN	NaN
257.900000E+0	35.735823E+0	104.307085E+0	1.231805E+0	735.645353E-3	1.234314E+0	737.190290E-3	2.981841E+0	911.267014E+0	NaN	NaN	NaN
258.000000E+0	35.738148E+0	104.328007E+0	1.231738E+0	735.499322E-3	1.234248E+0	737.044259E-3	2.982626E+0	911.449790E+0	NaN	NaN	NaN
258.100000E+0	35.745121E+0	104.363024E+0	1.231907E+0	735.652506E-3	1.234417E+0	737.197443E-3	2.984982E+0	911.755719E+0	NaN	NaN	NaN
258.200000E+0	35.747732E+0	104.407907E+0	1.232014E+0	735.719859E-3	1.234524E+0	737.264796E-3	2.985864E+0	912.147828E+0	NaN	NaN	NaN
258.300000E+0	35.750531E+0	104.434669E+0	1.231835E+0	735.644161E-3	1.234344E+0	737.189098E-3	2.986809E+0	912.381635E+0	NaN	NaN	NaN
258.400000E+0	35.753106E+0	104.455322E+0	1.232044E+0	735.679328E-3	1.234554E+0	737.224265E-3	2.987679E+0	912.562068E+0	NaN	NaN	NaN
258.500000E+0	35.756262E+0	104.499847E+0	1.231850E+0	735.399186E-3	1.234360E+0	736.944123E-3	2.988745E+0	912.951053E+0	NaN	NaN	NaN
258.600000E+0	35.757379E+0	104.518503E+0	1.231912E+0	735.666811E-3	1.234421E+0	737.211748E-3	2.989123E+0	913.114041E+0	NaN	NaN	NaN
258.700000E+0	35.763593E+0	104.547977E+0	1.231667E+0	735.613763E-3	1.234176E+0	737.158700E-3	2.991222E+0	913.371541E+0	NaN	NaN	NaN
258.800000E+0	35.764880E+0	104.602695E+0	1.231888E+0	735.524356E-3	1.234397E+0	737.069293E-3	2.991657E+0	913.849571E+0	NaN	NaN	NaN
258.900000E+0	35.769324E+0	104.618341E+0	1.231881E+0	735.696017E-3	1.234390E+0	737.240954E-3	2.993158E+0	913.986262E+0	NaN	NaN	NaN
259.000000E+0	35.773750E+0	104.648143E+0	1.231882E+0	735.884964E-3	1.234391E+0	737.429901E-3	2.994653E+0	914.246627E+0	NaN	NaN	NaN
259.100000E+0	35.775037E+0	104.685783E+0	1.231730E+0	735.896289E-3	1.234239E+0	737.441226E-3	2.995088E+0	914.575467E+0	NaN	NaN	NaN
259.200000E+0	35.779731E+0	104.711950E+0	1.231661E+0	735.933243E-3	1.234170E+0	737.478181E-3	2.996673E+0	914.804068E+0	NaN	NaN	NaN
259.300000E+0	35.783835E+0	104.743600E+0	1.231948E+0	735.567271E-3	1.234458E+0	737.112208E-3	2.998060E+0	915.080575E+0	NaN	NaN	NaN
259.400000E+0	35.788019E+0	104.774714E+0	1.231803E+0	735.776483E-3	1.234312E+0	737.321421E-3	2.999473E+0	915.352395E+0	NaN	NaN	NaN
259.500000E+0	35.791264E+0	104.809940E+0	1.231918E+0	735.687672E-3	1.234427E+0	737.232610E-3	3.000570E+0	915.660146E+0	NaN	NaN	NaN
259.600000E+0	35.792892E+0	104.845583E+0	1.232135E+0	735.585748E-3	1.234644E+0	737.130686E-3	3.001119E+0	915.971542E+0	NaN	NaN	NaN
259.700000E+0	35.798649E+0	104.867339E+0	1.232033E+0	736.100137E-3	1.234542E+0	737.645074E-3	3.003064E+0	916.161609E+0	NaN	NaN	NaN
259.800000E+0	35.799052E+0	104.909241E+0	1.231901E+0	735.821783E-3	1.234410E+0	737.366720E-3	3.003200E+0	916.527681E+0	NaN	NaN	NaN
259.900000E+0	35.803907E+0	104.926318E+0	1.232152E+0	735.816418E-3	1.234661E+0	737.361356E-3	3.004840E+0	916.676870E+0	NaN	NaN	NaN
260.000000E+0	35.807671E+0	104.981989E+0	1.231870E+0	735.431372E-3	1.234380E+0	736.976310E-3	3.006112E+0	917.163231E+0	NaN	NaN	NaN
260.100000E+0	35.810666E+0	104.981422E+0	1.232005E+0	735.744297E-3	1.234515E+0	737.289234E-3	3.007124E+0	917.158284E+0	NaN	NaN	NaN
260.200000E+0	35.816504E+0	105.021000E+0	1.232201E+0	735.582768E-3	1.234710E+0	737.127706E-3	3.009096E+0	917.504049E+0	NaN	NaN	NaN
260.300000E+0	35.817014E+0	105.055988E+0	1.232116E+0	735.617935E-3	1.234625E+0	737.162872E-3	3.009268E+0	917.809717E+0	NaN	NaN	NaN
260.400000E+0	35.820483E+0	105.073452E+0	1.232116E+0	735.616147E-3	1.234625E+0	737.161084E-3	3.010440E+0	917.962290E+0	NaN	NaN	NaN
260.500000E+0	35.825105E+0	105.129421E+0	1.232006E+0	735.697209E-3	1.234515E+0	737.242146E-3	3.012001E+0	918.451255E+0	NaN	NaN	NaN
260.600000E+0	35.827957E+0	105.174869E+0	1.231977E+0	735.806882E-3	1.234486E+0	737.351819E-3	3.012965E+0	918.848311E+0	NaN	NaN	NaN
260.700000E+0	35.829423E+0	105.167747E+0	1.232032E+0	735.760986E-3	1.234541E+0	737.305923E-3	3.013460E+0	918.786084E+0	NaN	NaN	NaN
260.800000E+0	35.832982E+0	105.214268E+0	1.232277E+0	735.738932E-3	1.234786E+0	737.283870E-3	3.014662E+0	919.192513E+0	NaN	NaN	NaN
260.900000E+0	35.838775E+0	105.230689E+0	1.231911E+0	735.538661E-3	1.234420E+0	737.083598E-3	3.016619E+0	919.335974E+0	NaN	NaN	NaN
261.000000E+0	35.840179E+0	105.276078E+0	1.231914E+0	735.579788E-3	1.234423E+0	737.124725E-3	3.017094E+0	919.732509E+0	NaN	NaN	NaN
261.100000E+0	35.843460E+0	105.295420E+0	1.231851E+0	735.801517E-3	1.234360E+0	737.346455E-3	3.018202E+0	919.901486E+0	NaN	NaN	NaN
261.200000E+0	35.849281E+0	105.344117E+0	1.231907E+0	735.694229E-3	1.234417E+0	737.239166E-3	3.020168E+0	920.326922E+0	NaN	NaN	NaN
261.300000E+0	35.850327E+0	105.367661E+0	1.232023E+0	735.941588E-3	1.234532E+0	737.486526E-3	3.020522E+0	920.532610E+0	NaN	NaN	NaN
261.400000E+0	35.856281E+0	105.404109E+0	1.231921E+0	735.678136E-3	1.234431E+0	737.223073E-3	3.022533E+0	920.851036E+0	NaN	NaN	NaN
261.500000E+0	35.856219E+0	105.434716E+0	1.231758E+0	735.629856E-3	1.234268E+0	737.174793E-3	3.022512E+0	921.118430E+0	NaN	NaN	NaN
261.600000E+0	35.860448E+0	105.485350E+0	1.231839E+0	735.765754E-3	1.234348E+0	737.310692E-3	3.023941E+0	921.560789E+0	NaN	NaN	NaN
261.700000E+0	35.867886E+0	105.516791E+0	1.232228E+0	735.568463E-3	1.234738E+0	737.113400E-3	3.026454E+0	921.835474E+0	NaN	NaN	NaN
261.800000E+0	35.868441E+0	105.533421E+0	1.231858E+0	735.533892E-3	1.234367E+0	737.078830E-3	3.026641E+0	921.980758E+0	NaN	NaN	NaN
261.900000E+0	35.872830E+0	105.541885E+0	1.232101E+0	735.740720E-3	1.234610E+0	737.285658E-3	3.028124E+0	922.054701E+0	NaN	NaN	NaN
262.000000E+0	35.873662E+0	105.595708E+0	1.232249E+0	735.713302E-3	1.234759E+0	737.258240E-3	3.028405E+0	922.524920E+0	NaN	NaN	NaN
262.100000E+0	35.879616E+0	105.632424E+0	1.231884E+0	735.351502E-3	1.234393E+0	736.896440E-3	3.030416E+0	922.845689E+0	NaN	NaN	NaN
262.200000E+0	35.879447E+0	105.650008E+0	1.231825E+0	735.496937E-3	1.234335E+0	737.041875E-3	3.030359E+0	922.999304E+0	NaN	NaN	NaN
262.300000E+0	35.886224E+0	105.689377E+0	1.232036E+0	735.632836E-3	1.234545E+0	737.177773E-3	3.032648E+0	923.343246E+0	NaN	NaN	NaN
262.400000E+0	35.889183E+0	105.713248E+0	1.231728E+0	735.302626E-3	1.234237E+0	736.847564E-3	3.033648E+0	923.551798E+0	NaN	NaN	NaN
262.500000E+0	35.889505E+0	105.728954E+0	1.231931E+0	735.630452E-3	1.234440E+0	737.175389E-3	3.033757E+0	923.689010E+0	NaN	NaN	NaN
262.600000E+0	35.895656E+0	105.769902E+0	1.232330E+0	735.545217E-3	1.234839E+0	737.090155E-3	3.035835E+0	924.046751E+0	NaN	NaN	NaN
262.700000E+0	35.899161E+0	105.798244E+0	1.232159E+0	735.498726E-3	1.234668E+0	737.043663E-3	3.037019E+0	924.294357E+0	NaN	NaN	NaN
262.800000E+0	35.900895E+0	105.836302E+0	1.231923E+0	735.685288E-3	1.234432E+0	737.230226E-3	3.037605E+0	924.626843E+0	NaN	NaN	NaN
262.900000E+0	35.904311E+0	105.855763E+0	1.231868E+0	735.527336E-3	1.234377E+0	737.072273E-3	3.038758E+0	924.796861E+0	NaN	NaN	NaN
263.000000E+0	35.907735E+0	105.862528E+0	1.231518E+0	735.701977E-3	1.234028E+0	737.246915E-3	3.039915E+0	924.855964E+0	NaN	NaN	NaN
263.100000E+0	35.908656E+0	105.903804E+0	1.231737E+0	735.447466E-3	1.234246E+0	736.992403E-3	3.040226E+0	925.216569E+0	NaN	NaN	NaN
263.200000E+0	35.914861E+0	105.880290E+0	1.231993E+0	735.789596E-3	1.234502E+0	737.334534E-3	3.042322E+0	925.011141E+0	NaN	NaN	NaN
263.300000E+0	35.916693E+0	105.900586E+0	1.231692E+0	735.353886E-3	1.234201E+0	736.898824E-3	3.042941E+0	925.188450E+0	NaN	NaN	NaN
263.400000E+0	35.923086E+0	105.933756E+0	1.231863E+0	735.731184E-3	1.234372E+0	737.276121E-3	3.045101E+0	925.478235E+0	NaN	NaN	NaN
263.500000E+0	35.924374E+0	105.954975E+0	1.231926E+0	735.566079E-3	1.234435E+0	737.111016E-3	3.045536E+0	925.663615E+0	NaN	NaN	NaN
263.600000E+0	35.928602E+0	105.983436E+0	1.232004E+0	735.501706E-3	1.234514E+0	737.046643E-3	3.046965E+0	925.912263E+0	NaN	NaN	NaN
263.700000E+0	35.930158E+0	106.013358E+0	1.232047E+0	735.354482E-3	1.234556E+0	736.899420E-3	3.047490E+0	926.173669E+0	NaN	NaN	NaN
263.800000E+0	35.934173E+0	106.044173E+0	1.231819E+0	735.923111E-3	1.234328E+0	737.468048E-3	3.048846E+0	926.442886E+0	NaN	NaN	NaN
263.900000E+0	35.938160E+0	106.075227E+0	1.231539E+0	735.523164E-3	1.234048E+0	737.068101E-3	3.050193E+0	926.714186E+0	NaN	NaN	NaN
264.000000E+0	35.940941E+0	106.093138E+0	1.231926E+0	735.746681E-3	1.234435E+0	737.291618E-3	3.051133E+0	926.870665E+0	NaN	NaN	NaN
264.100000E+0	35.943176E+0	106.123298E+0	1.232123E+0	735.476672E-3	1.234633E+0	737.021609E-3	3.051888E+0	927.134154E+0	NaN	NaN	NaN
264.200000E+0	35.947414E+0	106.147796E+0	1.231808E+0	735.529124E-3	1.234318E+0	737.074061E-3	3.053319E+0	927.348174E+0	NaN	NaN	NaN
264.300000E+0	35.950641E+0	106.192231E+0	1.231756E+0	735.599457E-3	1.234266E+0	737.144395E-3	3.054410E+0	927.736378E+0	NaN	NaN	NaN
264.400000E+0	35.955487E+0	106.201410E+0	1.231919E+0	735.552370E-3	1.234428E+0	737.097307E-3	3.056047E+0	927.816570E+0	NaN	NaN	NaN
264.500000E+0	35.955711E+0	106.260449E+0	1.232063E+0	735.326468E-3	1.234573E+0	736.871406E-3	3.056122E+0	928.332352E+0	NaN	NaN	NaN
264.600000E+0	35.958679E+0	106.309146E+0	1.231776E+0	735.767543E-3	1.234285E+0	737.312480E-3	3.057125E+0	928.757788E+0	NaN	NaN	NaN
264.700000E+0	35.960941E+0	106.304049E+0	1.231593E+0	735.656082E-3	1.234102E+0	737.201019E-3	3.057889E+0	928.713266E+0	NaN	NaN	NaN
264.800000E+0	35.967763E+0	106.345564E+0	1.232106E+0	735.673367E-3	1.234616E+0	737.218305E-3	3.060193E+0	929.075954E+0	NaN	NaN	NaN
264.900000E+0	35.967602E+0	106.377274E+0	1.231865E+0	735.853373E-3	1.234374E+0	737.398311E-3	3.060139E+0	929.352981E+0	NaN	NaN	NaN
265.000000E+0	35.975774E+0	106.418043E+0	1.232258E+0	735.773503E-3	1.234768E+0	737.318440E-3	3.062900E+0	929.709160E+0	NaN	NaN	NaN
265.100000E+0	35.976927E+0	106.433719E+0	1.232118E+0	735.797941E-3	1.234627E+0	737.342878E-3	3.063289E+0	929.846112E+0	NaN	NaN	NaN
265.200000E+0	35.979779E+0	106.457353E+0	1.232129E+0	735.640585E-3	1.234639E+0	737.185522E-3	3.064253E+0	930.052581E+0	NaN	NaN	NaN
265.300000E+0	35.985260E+0	106.483430E+0	1.231929E+0	735.613763E-3	1.234439E+0	737.158700E-3	3.066104E+0	930.280400E+0	NaN	NaN	NaN
265.400000E+0	35.986949E+0	106.507778E+0	1.231758E+0	735.389649E-3	1.234267E+0	736.934586E-3	3.066675E+0	930.493118E+0	NaN	NaN	NaN
265.500000E+0	35.990651E+0	106.534064E+0	1.231691E+0	735.328852E-3	1.234201E+0	736.873790E-3	3.067925E+0	930.722760E+0	NaN	NaN	NaN
265.600000E+0	35.991885E+0	106.557727E+0	1.231843E+0	735.523164E-3	1.234353E+0	737.068101E-3	3.068342E+0	930.929489E+0	NaN	NaN	NaN
265.700000E+0	36.000504E+0	106.587470E+0	1.231904E+0	735.444485E-3	1.234414E+0	736.989423E-3	3.071254E+0	931.189333E+0	NaN	NaN	NaN
265.800000E+0	35.998438E+0	106.625706E+0	1.231880E+0	735.718071E-3	1.234389E+0	737.263008E-3	3.070556E+0	931.523381E+0	NaN	NaN	NaN
265.900000E+0	36.004187E+0	106.673390E+0	1.231981E+0	735.597669E-3	1.234490E+0	737.142607E-3	3.072498E+0	931.939964E+0	NaN	NaN	NaN
266.000000E+0	36.008264E+0	106.691986E+0	1.231703E+0	735.750853E-3	1.234213E+0	737.295791E-3	3.073875E+0	932.102432E+0	NaN	NaN	NaN
266.100000E+0	36.010052E+0	106.704563E+0	1.231924E+0	735.525548E-3	1.234434E+0	737.070485E-3	3.074480E+0	932.212306E+0	NaN	NaN	NaN
266.200000E+0	36.011456E+0	106.758922E+0	1.231892E+0	736.152589E-3	1.234402E+0	737.697526E-3	3.074954E+0	932.687211E+0	NaN	NaN	NaN
266.300000E+0	36.016212E+0	106.779158E+0	1.231452E+0	735.939204E-3	1.233961E+0	737.484141E-3	3.076561E+0	932.863998E+0	NaN	NaN	NaN
266.400000E+0	36.021747E+0	106.819630E+0	1.231955E+0	735.462963E-3	1.234465E+0	737.007900E-3	3.078430E+0	933.217573E+0	NaN	NaN	NaN
266.500000E+0	36.022730E+0	106.865793E+0	1.231762E+0	735.694825E-3	1.234271E+0	737.239762E-3	3.078762E+0	933.620878E+0	NaN	NaN	NaN
266.600000E+0	36.027370E+0	106.868207E+0	1.231675E+0	735.597073E-3	1.234184E+0	737.142011E-3	3.080330E+0	933.641968E+0	NaN	NaN	NaN
266.700000E+0	36.027299E+0	106.905252E+0	1.232107E+0	735.625087E-3	1.234616E+0	737.170025E-3	3.080306E+0	933.965601E+0	NaN	NaN	NaN
266.800000E+0	36.033271E+0	106.907189E+0	1.231753E+0	735.501706E-3	1.234262E+0	737.046643E-3	3.082323E+0	933.982525E+0	NaN	NaN	NaN
266.900000E+0	36.037777E+0	106.957048E+0	1.232122E+0	735.676944E-3	1.234631E+0	737.221881E-3	3.083846E+0	934.418115E+0	NaN	NaN	NaN
267.000000E+0	36.040522E+0	106.994659E+0	1.231766E+0	735.429584E-3	1.234276E+0	736.974522E-3	3.084773E+0	934.746695E+0	NaN	NaN	NaN
267.100000E+0	36.046486E+0	107.008576E+0	1.232239E+0	735.583364E-3	1.234749E+0	737.128302E-3	3.086787E+0	934.868285E+0	NaN	NaN	NaN
267.200000E+0	36.046959E+0	107.049376E+0	1.232074E+0	735.328256E-3	1.234583E+0	736.873194E-3	3.086947E+0	935.224724E+0	NaN	NaN	NaN
267.300000E+0	36.049427E+0	107.087642E+0	1.231621E+0	735.526740E-3	1.234130E+0	737.071677E-3	3.087781E+0	935.559032E+0	NaN	NaN	NaN
267.400000E+0	36.054335E+0	107.103258E+0	1.232371E+0	735.501110E-3	1.234881E+0	737.046047E-3	3.089439E+0	935.695463E+0	NaN	NaN	NaN
267.500000E+0	36.059324E+0	107.147157E+0	1.231973E+0	735.740124E-3	1.234483E+0	737.285062E-3	3.091124E+0	936.078980E+0	NaN	NaN	NaN
267.600000E+0	36.062320E+0	107.166559E+0	1.232197E+0	735.633432E-3	1.234707E+0	737.178370E-3	3.092136E+0	936.248478E+0	NaN	NaN	NaN
267.700000E+0	36.064564E+0	107.184738E+0	1.231859E+0	735.551178E-3	1.234368E+0	737.096115E-3	3.092894E+0	936.407300E+0	NaN	NaN	NaN
267.800000E+0	36.064716E+0	107.217550E+0	1.232361E+0	735.487401E-3	1.234870E+0	737.032338E-3	3.092946E+0	936.693962E+0	NaN	NaN	NaN
267.900000E+0	36.068274E+0	107.254952E+0	1.231915E+0	735.399782E-3	1.234425E+0	736.944719E-3	3.094148E+0	937.020719E+0	NaN	NaN	NaN
268.000000E+0	36.072396E+0	107.269913E+0	1.231827E+0	735.631644E-3	1.234336E+0	737.176581E-3	3.095540E+0	937.151422E+0	NaN	NaN	NaN
268.100000E+0	36.080863E+0	107.288808E+0	1.232399E+0	735.427796E-3	1.234908E+0	736.972733E-3	3.098400E+0	937.316493E+0	NaN	NaN	NaN
268.200000E+0	36.079548E+0	107.322663E+0	1.232172E+0	735.686480E-3	1.234681E+0	737.231418E-3	3.097956E+0	937.612268E+0	NaN	NaN	NaN
268.300000E+0	36.083285E+0	107.361764E+0	1.232021E+0	735.526740E-3	1.234530E+0	737.071677E-3	3.099219E+0	937.953866E+0	NaN	NaN	NaN
268.400000E+0	36.086620E+0	107.383519E+0	1.231948E+0	735.629260E-3	1.234457E+0	737.174197E-3	3.100345E+0	938.143932E+0	NaN	NaN	NaN
268.500000E+0	36.089812E+0	107.424766E+0	1.231925E+0	735.467135E-3	1.234434E+0	737.012073E-3	3.101424E+0	938.504277E+0	NaN	NaN	NaN
268.600000E+0	36.092468E+0	107.440263E+0	1.231842E+0	735.424220E-3	1.234351E+0	736.969157E-3	3.102321E+0	938.639666E+0	NaN	NaN	NaN
268.700000E+0	36.095874E+0	107.455075E+0	1.231716E+0	735.605418E-3	1.234225E+0	737.150355E-3	3.103471E+0	938.769067E+0	NaN	NaN	NaN
268.800000E+0	36.100407E+0	107.462525E+0	1.231907E+0	735.728800E-3	1.234417E+0	737.273737E-3	3.105003E+0	938.834159E+0	NaN	NaN	NaN
268.900000E+0	36.101936E+0	107.494444E+0	1.232105E+0	735.765158E-3	1.234614E+0	737.310096E-3	3.105519E+0	939.113009E+0	NaN	NaN	NaN
269.000000E+0	36.104725E+0	107.523382E+0	1.231879E+0	735.471904E-3	1.234388E+0	737.016841E-3	3.106462E+0	939.365823E+0	NaN	NaN	NaN
269.100000E+0	36.110698E+0	107.537955E+0	1.231917E+0	735.503494E-3	1.234427E+0	737.048431E-3	3.108479E+0	939.493141E+0	NaN	NaN	NaN
269.200000E+0	36.112173E+0	107.584924E+0	1.231901E+0	735.327064E-3	1.234411E+0	736.872002E-3	3.108978E+0	939.903476E+0	NaN	NaN	NaN
269.300000E+0	36.114515E+0	107.598692E+0	1.231796E+0	735.503494E-3	1.234306E+0	737.048431E-3	3.109769E+0	940.023765E+0	NaN	NaN	NaN
269.400000E+0	36.120693E+0	107.637465E+0	1.232022E+0	735.361039E-3	1.234531E+0	736.905976E-3	3.111856E+0	940.362499E+0	NaN	NaN	NaN
269.500000E+0	36.122741E+0	107.669115E+0	1.232060E+0	735.646545E-3	1.234569E+0	737.191483E-3	3.112548E+0	940.639006E+0	NaN	NaN	NaN
269.600000E+0	36.124743E+0	107.689977E+0	1.232056E+0	735.458790E-3	1.234565E+0	737.003728E-3	3.113224E+0	940.821261E+0	NaN	NaN	NaN
269.700000E+0	36.129616E+0	107.713252E+0	1.231907E+0	735.461175E-3	1.234416E+0	737.006112E-3	3.114870E+0	941.024606E+0	NaN	NaN	NaN
269.800000E+0	36.136340E+0	107.740879E+0	1.232277E+0	735.496937E-3	1.234787E+0	737.041875E-3	3.117141E+0	941.265964E+0	NaN	NaN	NaN
269.900000E+0	36.136849E+0	107.783020E+0	1.231617E+0	735.195338E-3	1.234127E+0	736.740275E-3	3.117314E+0	941.634120E+0	NaN	NaN	NaN
270.000000E+0	36.141588E+0	107.808620E+0	1.232001E+0	735.523760E-3	1.234511E+0	737.068697E-3	3.118914E+0	941.857773E+0	NaN	NaN	NaN
270.100000E+0	36.143769E+0	107.827872E+0	1.231868E+0	735.573231E-3	1.234378E+0	737.118169E-3	3.119651E+0	942.025968E+0	NaN	NaN	NaN
270.200000E+0	36.147229E+0	107.876927E+0	1.231814E+0	735.478460E-3	1.234324E+0	737.023397E-3	3.120820E+0	942.454529E+0	NaN	NaN	NaN
270.300000E+0	36.151950E+0	107.904911E+0	1.231726E+0	735.324084E-3	1.234235E+0	736.869021E-3	3.122415E+0	942.699011E+0	NaN	NaN	NaN
270.400000E+0	36.152218E+0	107.889980E+0	1.232060E+0	735.582768E-3	1.234570E+0	737.127706E-3	3.122505E+0	942.568568E+0	NaN	NaN	NaN
270.500000E+0	36.156125E+0	107.923627E+0	1.231855E+0	735.557734E-3	1.234365E+0	737.102672E-3	3.123825E+0	942.862520E+0	NaN	NaN	NaN
270.600000E+0	36.161821E+0	107.959300E+0	1.231657E+0	735.412895E-3	1.234167E+0	736.957832E-3	3.125749E+0	943.174176E+0	NaN	NaN	NaN
270.700000E+0	36.162893E+0	107.963532E+0	1.232171E+0	735.460579E-3	1.234681E+0	737.005516E-3	3.126112E+0	943.211148E+0	NaN	NaN	NaN
270.800000E+0	36.164691E+0	107.993811E+0	1.231414E+0	735.605418E-3	1.233923E+0	737.150355E-3	3.126719E+0	943.475679E+0	NaN	NaN	NaN
270.900000E+0	36.168070E+0	108.033895E+0	1.231756E+0	735.357463E-3	1.234266E+0	736.902400E-3	3.127860E+0	943.825869E+0	NaN	NaN	NaN
271.000000E+0	36.170216E+0	108.065486E+0	1.231590E+0	735.494553E-3	1.234099E+0	737.039491E-3	3.128585E+0	944.101855E+0	NaN	NaN	NaN
271.100000E+0	36.175366E+0	108.098477E+0	1.232102E+0	735.218584E-3	1.234611E+0	736.763521E-3	3.130325E+0	944.390079E+0	NaN	NaN	NaN
271.200000E+0	36.179899E+0	108.112961E+0	1.232075E+0	735.479056E-3	1.234584E+0	737.023993E-3	3.131856E+0	944.516616E+0	NaN	NaN	NaN
271.300000E+0	36.182992E+0	108.140290E+0	1.231618E+0	735.356270E-3	1.234127E+0	736.901208E-3	3.132901E+0	944.755371E+0	NaN	NaN	NaN
271.400000E+0	36.185522E+0	108.187824E+0	1.231943E+0	735.786616E-3	1.234453E+0	737.331553E-3	3.133756E+0	945.170652E+0	NaN	NaN	NaN
271.500000E+0	36.190878E+0	108.207434E+0	1.231936E+0	735.311567E-3	1.234445E+0	736.856504E-3	3.135565E+0	945.341972E+0	NaN	NaN	NaN
271.600000E+0	36.191969E+0	108.228356E+0	1.232078E+0	735.669195E-3	1.234588E+0	737.214132E-3	3.135934E+0	945.524748E+0	NaN	NaN	NaN
271.700000E+0	36.195509E+0	108.253062E+0	1.231940E+0	735.571443E-3	1.234449E+0	737.116381E-3	3.137130E+0	945.740590E+0	NaN	NaN	NaN
271.800000E+0	36.201061E+0	108.292311E+0	1.232100E+0	735.502302E-3	1.234610E+0	737.047239E-3	3.139005E+0	946.083490E+0	NaN	NaN	NaN
271.900000E+0	36.204566E+0	108.326435E+0	1.231965E+0	735.409915E-3	1.234474E+0	736.954852E-3	3.140189E+0	946.381608E+0	NaN	NaN	NaN
272.000000E+0	36.205791E+0	108.371049E+0	1.232028E+0	735.472500E-3	1.234538E+0	737.017437E-3	3.140603E+0	946.771374E+0	NaN	NaN	NaN
272.100000E+0	36.212657E+0	108.379394E+0	1.231785E+0	735.226928E-3	1.234294E+0	736.771866E-3	3.142923E+0	946.844276E+0	NaN	NaN	NaN
272.200000E+0	36.215214E+0	108.420730E+0	1.231945E+0	735.690653E-3	1.234454E+0	737.235590E-3	3.143787E+0	947.205402E+0	NaN	NaN	NaN
272.300000E+0	36.218558E+0	108.447313E+0	1.231687E+0	735.293686E-3	1.234196E+0	736.838623E-3	3.144916E+0	947.437647E+0	NaN	NaN	NaN
272.400000E+0	36.219872E+0	108.460873E+0	1.231874E+0	735.425412E-3	1.234384E+0	736.970349E-3	3.145360E+0	947.556113E+0	NaN	NaN	NaN
272.500000E+0	36.221625E+0	108.500928E+0	1.231815E+0	735.589921E-3	1.234324E+0	737.134858E-3	3.145952E+0	947.906043E+0	NaN	NaN	NaN
272.600000E+0	36.227204E+0	108.520627E+0	1.231722E+0	735.578596E-3	1.234231E+0	737.123533E-3	3.147837E+0	948.078144E+0	NaN	NaN	NaN
272.700000E+0	36.228116E+0	108.539730E+0	1.231710E+0	735.312163E-3	1.234219E+0	736.857100E-3	3.148145E+0	948.245037E+0	NaN	NaN	NaN
272.800000E+0	36.234088E+0	108.574599E+0	1.231997E+0	735.296666E-3	1.234506E+0	736.841603E-3	3.150162E+0	948.549664E+0	NaN	NaN	NaN
272.900000E+0	36.239238E+0	108.609349E+0	1.232098E+0	735.410511E-3	1.234607E+0	736.955448E-3	3.151902E+0	948.853249E+0	NaN	NaN	NaN
273.000000E+0	36.238845E+0	108.635247E+0	1.231988E+0	735.343157E-3	1.234498E+0	736.888095E-3	3.151769E+0	949.079506E+0	NaN	NaN	NaN
273.100000E+0	36.243655E+0	108.680099E+0	1.231883E+0	735.508858E-3	1.234393E+0	737.053796E-3	3.153394E+0	949.471355E+0	NaN	NaN	NaN
273.200000E+0	36.244084E+0	108.695358E+0	1.231956E+0	735.567867E-3	1.234465E+0	737.112804E-3	3.153539E+0	949.604661E+0	NaN	NaN	NaN
273.300000E+0	36.248563E+0	108.723670E+0	1.232254E+0	735.614359E-3	1.234763E+0	737.159296E-3	3.155052E+0	949.852008E+0	NaN	NaN	NaN
273.400000E+0	36.253767E+0	108.753413E+0	1.231722E+0	735.461771E-3	1.234232E+0	737.006708E-3	3.156810E+0	950.111852E+0	NaN	NaN	NaN
273.500000E+0	36.259748E+0	108.767450E+0	1.231895E+0	735.206663E-3	1.234404E+0	736.751600E-3	3.158831E+0	950.234483E+0	NaN	NaN	NaN
273.600000E+0	36.259811E+0	108.817905E+0	1.231935E+0	735.114872E-3	1.234445E+0	736.659809E-3	3.158852E+0	950.675281E+0	NaN	NaN	NaN
273.700000E+0	36.263798E+0	108.859956E+0	1.231999E+0	735.182821E-3	1.234509E+0	736.727758E-3	3.160199E+0	951.042655E+0	NaN	NaN	NaN
273.800000E+0	36.268868E+0	108.879745E+0	1.232094E+0	735.541045E-3	1.234604E+0	737.085982E-3	3.161911E+0	951.215537E+0	NaN	NaN	NaN
273.900000E+0	36.266087E+0	108.906388E+0	1.232004E+0	735.539853E-3	1.234514E+0	737.084790E-3	3.160972E+0	951.448303E+0	NaN	NaN	NaN
274.000000E+0	36.270459E+0	108.940721E+0	1.231523E+0	735.361039E-3	1.234032E+0	736.905976E-3	3.162449E+0	951.748243E+0	NaN	NaN	NaN
274.100000E+0	36.277924E+0	108.974069E+0	1.232307E+0	735.427200E-3	1.234816E+0	736.972137E-3	3.164971E+0	952.039591E+0	NaN	NaN	NaN
274.200000E+0	36.279730E+0	109.000981E+0	1.232419E+0	735.442101E-3	1.234929E+0	736.987039E-3	3.165581E+0	952.274700E+0	NaN	NaN	NaN
274.300000E+0	36.281322E+0	109.035760E+0	1.232039E+0	735.420644E-3	1.234548E+0	736.965581E-3	3.166119E+0	952.578546E+0	NaN	NaN	NaN
274.400000E+0	36.284684E+0	109.054446E+0	1.231629E+0	735.276996E-3	1.234139E+0	736.821934E-3	3.167254E+0	952.741795E+0	NaN	NaN	NaN
274.500000E+0	36.292095E+0	109.079778E+0	1.231823E+0	735.579192E-3	1.234332E+0	737.124129E-3	3.169758E+0	952.963104E+0	NaN	NaN	NaN
274.600000E+0	36.293767E+0	109.115511E+0	1.231959E+0	735.435545E-3	1.234468E+0	736.980482E-3	3.170323E+0	953.275282E+0	NaN	NaN	NaN
274.700000E+0	36.297621E+0	109.167457E+0	1.232064E+0	735.504090E-3	1.234574E+0	737.049027E-3	3.171625E+0	953.729097E+0	NaN	NaN	NaN
274.800000E+0	36.298372E+0	109.190851E+0	1.232140E+0	735.524356E-3	1.234650E+0	737.069293E-3	3.171878E+0	953.933483E+0	NaN	NaN	NaN
274.900000E+0	36.301966E+0	109.230578E+0	1.231927E+0	735.244810E-3	1.234437E+0	736.789747E-3	3.173093E+0	954.280549E+0	NaN	NaN	NaN
275.000000E+0	36.305140E+0	109.258324E+0	1.231925E+0	735.353290E-3	1.234434E+0	736.898228E-3	3.174165E+0	954.522949E+0	NaN	NaN	NaN
275.100000E+0	36.310379E+0	109.260917E+0	1.231865E+0	735.439717E-3	1.234375E+0	736.984654E-3	3.175935E+0	954.545601E+0	NaN	NaN	NaN
275.200000E+0	36.312096E+0	109.299511E+0	1.231845E+0	735.153019E-3	1.234355E+0	736.697956E-3	3.176515E+0	954.882773E+0	NaN	NaN	NaN
275.300000E+0	36.314268E+0	109.339386E+0	1.231658E+0	735.536277E-3	1.234167E+0	737.081214E-3	3.177249E+0	955.231141E+0	NaN	NaN	NaN
275.400000E+0	36.319883E+0	109.362572E+0	1.231885E+0	735.761582E-3	1.234394E+0	737.306520E-3	3.179145E+0	955.433704E+0	NaN	NaN	NaN
275.500000E+0	36.323692E+0	109.397858E+0	1.231718E+0	735.657870E-3	1.234228E+0	737.202807E-3	3.180432E+0	955.741976E+0	NaN	NaN	NaN
275.600000E+0	36.324953E+0	109.412909E+0	1.231836E+0	735.371172E-3	1.234345E+0	736.916109E-3	3.180858E+0	955.873460E+0	NaN	NaN	NaN
275.700000E+0	36.329512E+0	109.451890E+0	1.231887E+0	735.507666E-3	1.234397E+0	737.052604E-3	3.182398E+0	956.214017E+0	NaN	NaN	NaN
275.800000E+0	36.334296E+0	109.409094E+0	1.231697E+0	735.212623E-3	1.234207E+0	736.757561E-3	3.184014E+0	955.840133E+0	NaN	NaN	NaN
275.900000E+0	36.336736E+0	109.436303E+0	1.231855E+0	735.272824E-3	1.234365E+0	736.817761E-3	3.184839E+0	956.077846E+0	NaN	NaN	NaN
276.000000E+0	36.338444E+0	109.446108E+0	1.231943E+0	735.422432E-3	1.234453E+0	736.967369E-3	3.185416E+0	956.163506E+0	NaN	NaN	NaN
276.100000E+0	36.343487E+0	109.453797E+0	1.231686E+0	735.402762E-3	1.234195E+0	736.947700E-3	3.187119E+0	956.230680E+0	NaN	NaN	NaN
276.200000E+0	36.347242E+0	109.514534E+0	1.231930E+0	735.316335E-3	1.234439E+0	736.861273E-3	3.188388E+0	956.761303E+0	NaN	NaN	NaN
276.300000E+0	36.351453E+0	109.528989E+0	1.232230E+0	735.448062E-3	1.234739E+0	736.992999E-3	3.189810E+0	956.887580E+0	NaN	NaN	NaN
276.400000E+0	36.352982E+0	109.519184E+0	1.232163E+0	735.409319E-3	1.234672E+0	736.954256E-3	3.190327E+0	956.801920E+0	NaN	NaN	NaN
276.500000E+0	36.356200E+0	109.573096E+0	1.232113E+0	735.101163E-3	1.234622E+0	736.646100E-3	3.191414E+0	957.272920E+0	NaN	NaN	NaN
276.600000E+0	36.358909E+0	109.593809E+0	1.231981E+0	735.537469E-3	1.234490E+0	737.082406E-3	3.192329E+0	957.453873E+0	NaN	NaN	NaN
276.700000E+0	36.362682E+0	109.607577E+0	1.231905E+0	735.464751E-3	1.234414E+0	737.009688E-3	3.193604E+0	957.574162E+0	NaN	NaN	NaN
276.800000E+0	36.366017E+0	109.630466E+0	1.232089E+0	735.464155E-3	1.234598E+0	737.009092E-3	3.194730E+0	957.774122E+0	NaN	NaN	NaN
276.900000E+0	36.371319E+0	109.650970E+0	1.231652E+0	735.358655E-3	1.234161E+0	736.903592E-3	3.196521E+0	957.953253E+0	NaN	NaN	NaN
277.000000E+0	36.374636E+0	109.666377E+0	1.232477E+0	735.614359E-3	1.234986E+0	737.159296E-3	3.197642E+0	958.087861E+0	NaN	NaN	NaN
277.100000E+0	36.378364E+0	109.647393E+0	1.231769E+0	735.204875E-3	1.234278E+0	736.749812E-3	3.198901E+0	957.922009E+0	NaN	NaN	NaN
277.200000E+0	36.377372E+0	109.621197E+0	1.232277E+0	735.383093E-3	1.234786E+0	736.928030E-3	3.198566E+0	957.693148E+0	NaN	NaN	NaN
277.300000E+0	36.388423E+0	107.804298E+0	1.231589E+0	735.193550E-3	1.234099E+0	736.738487E-3	3.202299E+0	941.820020E+0	NaN	NaN	NaN
277.400000E+0	36.387859E+0	107.772142E+0	1.232110E+0	734.996258E-3	1.234619E+0	736.541196E-3	3.202109E+0	941.539087E+0	NaN	NaN	NaN
277.500000E+0	36.390184E+0	107.861519E+0	1.231855E+0	735.105931E-3	1.234364E+0	736.650868E-3	3.202894E+0	942.319920E+0	NaN	NaN	NaN
277.600000E+0	36.395593E+0	107.864231E+0	1.232054E+0	734.744727E-3	1.234564E+0	736.289664E-3	3.204721E+0	942.343613E+0	NaN	NaN	NaN
277.700000E+0	36.397792E+0	107.834071E+0	1.232024E+0	734.883606E-3	1.234533E+0	736.428543E-3	3.205464E+0	942.080124E+0	NaN	NaN	NaN
277.800000E+0	36.400215E+0	107.760757E+0	1.232087E+0	735.310375E-3	1.234596E+0	736.855312E-3	3.206283E+0	941.439627E+0	NaN	NaN	NaN
277.900000E+0	36.404712E+0	107.735485E+0	1.232181E+0	735.281765E-3	1.234691E+0	736.826702E-3	3.207802E+0	941.218838E+0	NaN	NaN	NaN
278.000000E+0	36.406045E+0	107.700557E+0	1.231951E+0	735.115468E-3	1.234461E+0	736.660405E-3	3.208252E+0	940.913691E+0	NaN	NaN	NaN
278.100000E+0	36.410962E+0	107.739627E+0	1.231889E+0	735.337793E-3	1.234398E+0	736.882730E-3	3.209913E+0	941.255029E+0	NaN	NaN	NaN
278.200000E+0	36.412670E+0	107.769310E+0	1.231867E+0	734.873473E-3	1.234377E+0	736.418410E-3	3.210490E+0	941.514352E+0	NaN	NaN	NaN
278.300000E+0	36.414619E+0	107.791275E+0	1.232068E+0	735.378324E-3	1.234577E+0	736.923262E-3	3.211149E+0	941.706241E+0	NaN	NaN	NaN
278.400000E+0	36.420394E+0	107.802004E+0	1.231955E+0	735.145270E-3	1.234464E+0	736.690207E-3	3.213100E+0	941.799972E+0	NaN	NaN	NaN
278.500000E+0	36.423810E+0	107.835025E+0	1.232167E+0	735.420047E-3	1.234676E+0	736.964985E-3	3.214253E+0	942.088456E+0	NaN	NaN	NaN
278.600000E+0	36.426921E+0	107.877374E+0	1.232087E+0	735.177457E-3	1.234597E+0	736.722394E-3	3.215304E+0	942.458434E+0	NaN	NaN	NaN
278.700000E+0	36.430319E+0	107.883513E+0	1.231905E+0	735.086857E-3	1.234414E+0	736.631795E-3	3.216452E+0	942.512069E+0	NaN	NaN	NaN
278.800000E+0	36.433868E+0	107.872248E+0	1.231924E+0	735.017120E-3	1.234434E+0	736.562057E-3	3.217651E+0	942.413651E+0	NaN	NaN	NaN
278.900000E+0	36.436291E+0	107.883126E+0	1.231755E+0	735.222160E-3	1.234264E+0	736.767097E-3	3.218470E+0	942.508684E+0	NaN	NaN	NaN
279.000000E+0	36.441995E+0	107.892126E+0	1.231843E+0	735.142290E-3	1.234353E+0	736.687227E-3	3.220397E+0	942.587314E+0	NaN	NaN	NaN
279.100000E+0	36.443140E+0	107.905209E+0	1.231892E+0	735.322296E-3	1.234402E+0	736.867233E-3	3.220783E+0	942.701615E+0	NaN	NaN	NaN
279.200000E+0	36.445089E+0	107.923388E+0	1.231918E+0	735.120832E-3	1.234427E+0	736.665770E-3	3.221442E+0	942.860437E+0	NaN	NaN	NaN
279.300000E+0	36.449639E+0	107.927591E+0	1.231769E+0	735.212623E-3	1.234278E+0	736.757561E-3	3.222979E+0	942.897148E+0	NaN	NaN	NaN
279.400000E+0	36.454020E+0	107.960969E+0	1.231875E+0	735.306203E-3	1.234384E+0	736.851140E-3	3.224459E+0	943.188757E+0	NaN	NaN	NaN
279.500000E+0	36.455657E+0	107.972175E+0	1.231741E+0	735.120236E-3	1.234250E+0	736.665173E-3	3.225012E+0	943.286654E+0	NaN	NaN	NaN
279.600000E+0	36.460154E+0	107.993096E+0	1.232064E+0	735.088050E-3	1.234573E+0	736.632987E-3	3.226531E+0	943.469430E+0	NaN	NaN	NaN
279.700000E+0	36.461012E+0	108.027816E+0	1.231790E+0	734.984934E-3	1.234300E+0	736.529871E-3	3.226821E+0	943.772755E+0	NaN	NaN	NaN
279.800000E+0	36.464955E+0	108.060628E+0	1.231390E+0	735.145270E-3	1.233900E+0	736.690207E-3	3.228153E+0	944.059416E+0	NaN	NaN	NaN
279.900000E+0	36.469908E+0	108.106345E+0	1.232079E+0	734.953939E-3	1.234589E+0	736.498877E-3	3.229826E+0	944.458815E+0	NaN	NaN	NaN
280.000000E+0	36.470087E+0	108.122200E+0	1.232200E+0	735.167324E-3	1.234710E+0	736.712261E-3	3.229887E+0	944.597329E+0	NaN	NaN	NaN
280.100000E+0	36.474843E+0	108.150065E+0	1.231866E+0	735.104143E-3	1.234375E+0	736.649080E-3	3.231493E+0	944.840770E+0	NaN	NaN	NaN
280.200000E+0	36.480887E+0	108.179957E+0	1.231857E+0	735.070764E-3	1.234366E+0	736.615702E-3	3.233535E+0	945.101916E+0	NaN	NaN	NaN
280.300000E+0	36.485393E+0	108.208984E+0	1.232072E+0	734.883606E-3	1.234582E+0	736.428543E-3	3.235057E+0	945.355511E+0	NaN	NaN	NaN
280.400000E+0	36.487414E+0	108.226269E+0	1.232027E+0	735.402762E-3	1.234536E+0	736.947700E-3	3.235740E+0	945.506522E+0	NaN	NaN	NaN
280.500000E+0	36.489327E+0	108.278453E+0	1.231933E+0	735.203087E-3	1.234442E+0	736.748024E-3	3.236386E+0	945.962421E+0	NaN	NaN	NaN
280.600000E+0	36.492912E+0	108.290553E+0	1.231635E+0	734.765588E-3	1.234144E+0	736.310526E-3	3.237597E+0	946.068129E+0	NaN	NaN	NaN
280.700000E+0	36.497124E+0	108.319044E+0	1.231604E+0	734.997451E-3	1.234113E+0	736.542388E-3	3.239020E+0	946.317037E+0	NaN	NaN	NaN
280.800000E+0	36.500119E+0	108.349234E+0	1.232014E+0	734.937250E-3	1.234523E+0	736.482187E-3	3.240032E+0	946.580787E+0	NaN	NaN	NaN
280.900000E+0	36.502372E+0	108.385414E+0	1.231869E+0	734.790622E-3	1.234378E+0	736.335560E-3	3.240793E+0	946.896869E+0	NaN	NaN	NaN
281.000000E+0	36.505876E+0	108.434170E+0	1.232132E+0	734.793603E-3	1.234642E+0	736.338540E-3	3.241977E+0	947.322826E+0	NaN	NaN	NaN
281.100000E+0	36.510821E+0	108.452290E+0	1.231918E+0	734.965264E-3	1.234427E+0	736.510201E-3	3.243647E+0	947.481128E+0	NaN	NaN	NaN
281.200000E+0	36.513226E+0	108.466148E+0	1.231734E+0	735.008775E-3	1.234244E+0	736.553713E-3	3.244460E+0	947.602197E+0	NaN	NaN	NaN
281.300000E+0	36.517312E+0	108.509034E+0	1.232108E+0	734.880625E-3	1.234617E+0	736.425563E-3	3.245840E+0	947.976862E+0	NaN	NaN	NaN
281.400000E+0	36.518957E+0	108.530283E+0	1.231929E+0	735.247790E-3	1.234439E+0	736.792727E-3	3.246396E+0	948.162502E+0	NaN	NaN	NaN
281.500000E+0	36.522712E+0	108.565539E+0	1.231644E+0	735.013544E-3	1.234153E+0	736.558481E-3	3.247664E+0	948.470513E+0	NaN	NaN	NaN
281.600000E+0	36.526726E+0	108.585030E+0	1.232079E+0	735.006391E-3	1.234588E+0	736.551329E-3	3.249020E+0	948.640792E+0	NaN	NaN	NaN
281.700000E+0	36.528648E+0	108.641565E+0	1.232042E+0	734.991490E-3	1.234552E+0	736.536427E-3	3.249670E+0	949.134703E+0	NaN	NaN	NaN
281.800000E+0	36.532117E+0	108.659744E+0	1.231672E+0	734.863936E-3	1.234182E+0	736.408873E-3	3.250841E+0	949.293526E+0	NaN	NaN	NaN
281.900000E+0	36.537714E+0	108.686328E+0	1.231908E+0	734.993874E-3	1.234418E+0	736.538812E-3	3.252732E+0	949.525771E+0	NaN	NaN	NaN
282.000000E+0	36.538796E+0	108.706534E+0	1.232159E+0	735.133945E-3	1.234668E+0	736.678883E-3	3.253098E+0	949.702298E+0	NaN	NaN	NaN
282.100000E+0	36.542489E+0	108.715624E+0	1.232030E+0	735.021888E-3	1.234539E+0	736.566826E-3	3.254345E+0	949.781709E+0	NaN	NaN	NaN
282.200000E+0	36.545779E+0	108.754396E+0	1.232165E+0	734.696447E-3	1.234674E+0	736.241384E-3	3.255456E+0	950.120444E+0	NaN	NaN	NaN
282.300000E+0	36.547719E+0	108.782768E+0	1.231712E+0	734.942614E-3	1.234221E+0	736.487552E-3	3.256112E+0	950.368311E+0	NaN	NaN	NaN
282.400000E+0	36.554389E+0	108.806610E+0	1.232106E+0	734.786450E-3	1.234616E+0	736.331387E-3	3.258365E+0	950.576602E+0	NaN	NaN	NaN
282.500000E+0	36.554773E+0	108.804762E+0	1.231990E+0	735.101759E-3	1.234499E+0	736.646696E-3	3.258495E+0	950.560460E+0	NaN	NaN	NaN
282.600000E+0	36.560504E+0	108.821988E+0	1.231878E+0	734.891950E-3	1.234388E+0	736.436888E-3	3.260431E+0	950.710951E+0	NaN	NaN	NaN
282.700000E+0	36.565725E+0	108.825088E+0	1.231981E+0	735.023677E-3	1.234490E+0	736.568614E-3	3.262195E+0	950.738029E+0	NaN	NaN	NaN
282.800000E+0	36.567102E+0	108.867586E+0	1.232184E+0	734.770953E-3	1.234693E+0	736.315890E-3	3.262660E+0	951.109308E+0	NaN	NaN	NaN
282.900000E+0	36.571993E+0	108.895779E+0	1.231741E+0	734.698235E-3	1.234250E+0	736.243173E-3	3.264312E+0	951.355613E+0	NaN	NaN	NaN
283.000000E+0	36.573468E+0	108.902663E+0	1.231659E+0	734.456240E-3	1.234168E+0	736.001178E-3	3.264810E+0	951.415758E+0	NaN	NaN	NaN
283.100000E+0	36.574309E+0	108.921438E+0	1.231980E+0	735.022484E-3	1.234489E+0	736.567422E-3	3.265094E+0	951.579787E+0	NaN	NaN	NaN
283.200000E+0	36.581515E+0	108.956307E+0	1.232092E+0	734.671413E-3	1.234601E+0	736.216350E-3	3.267529E+0	951.884414E+0	NaN	NaN	NaN
283.300000E+0	36.583035E+0	108.998388E+0	1.232295E+0	734.785258E-3	1.234804E+0	736.330195E-3	3.268042E+0	952.252049E+0	NaN	NaN	NaN
283.400000E+0	36.586978E+0	109.025300E+0	1.232147E+0	734.810292E-3	1.234657E+0	736.355229E-3	3.269374E+0	952.487158E+0	NaN	NaN	NaN
283.500000E+0	36.590625E+0	109.061331E+0	1.231750E+0	734.701811E-3	1.234259E+0	736.246749E-3	3.270606E+0	952.801939E+0	NaN	NaN	NaN
283.600000E+0	36.593290E+0	109.073311E+0	1.231846E+0	734.762608E-3	1.234356E+0	736.307546E-3	3.271506E+0	952.906605E+0	NaN	NaN	NaN
283.700000E+0	36.595686E+0	109.109730E+0	1.232054E+0	734.487235E-3	1.234563E+0	736.032172E-3	3.272316E+0	953.224771E+0	NaN	NaN	NaN
283.800000E+0	36.599477E+0	109.129071E+0	1.231953E+0	734.835326E-3	1.234462E+0	736.380263E-3	3.273596E+0	953.393748E+0	NaN	NaN	NaN
283.900000E+0	36.603259E+0	109.170407E+0	1.231971E+0	734.694659E-3	1.234480E+0	736.239596E-3	3.274874E+0	953.754873E+0	NaN	NaN	NaN
284.000000E+0	36.606361E+0	109.192818E+0	1.231778E+0	734.857976E-3	1.234287E+0	736.402913E-3	3.275922E+0	953.950667E+0	NaN	NaN	NaN
284.100000E+0	36.609267E+0	109.195232E+0	1.231746E+0	734.733998E-3	1.234256E+0	736.278935E-3	3.276904E+0	953.971757E+0	NaN	NaN	NaN
284.200000E+0	36.613773E+0	109.261632E+0	1.231830E+0	734.819829E-3	1.234340E+0	736.364766E-3	3.278426E+0	954.551849E+0	NaN	NaN	NaN
284.300000E+0	36.618270E+0	109.266162E+0	1.232052E+0	734.919964E-3	1.234561E+0	736.464902E-3	3.279945E+0	954.591425E+0	NaN	NaN	NaN
284.400000E+0	36.620219E+0	109.282762E+0	1.231908E+0	734.524786E-3	1.234417E+0	736.069723E-3	3.280604E+0	954.736448E+0	NaN	NaN	NaN
284.500000E+0	36.624904E+0	109.312207E+0	1.231943E+0	734.895527E-3	1.234452E+0	736.440464E-3	3.282186E+0	954.993688E+0	NaN	NaN	NaN
284.600000E+0	36.625771E+0	109.136999E+0	1.231735E+0	734.735786E-3	1.234245E+0	736.280723E-3	3.282479E+0	953.463004E+0	NaN	NaN	NaN
284.700000E+0	36.628427E+0	108.763695E+0	1.232078E+0	734.656512E-3	1.234588E+0	736.201449E-3	3.283376E+0	950.201677E+0	NaN	NaN	NaN
284.800000E+0	36.631931E+0	108.785123E+0	1.231736E+0	734.683930E-3	1.234245E+0	736.228867E-3	3.284560E+0	950.388880E+0	NaN	NaN	NaN
284.900000E+0	36.638127E+0	108.248323E+0	1.231989E+0	734.614193E-3	1.234499E+0	736.159130E-3	3.286653E+0	945.699192E+0	NaN	NaN	NaN
285.000000E+0	36.638583E+0	107.840419E+0	1.231833E+0	734.770357E-3	1.234343E+0	736.315294E-3	3.286807E+0	942.135582E+0	NaN	NaN	NaN
285.100000E+0	36.643930E+0	107.599437E+0	1.231961E+0	734.684526E-3	1.234470E+0	736.229463E-3	3.288613E+0	940.030274E+0	NaN	NaN	NaN
285.200000E+0	36.648498E+0	107.576638E+0	1.231890E+0	734.578430E-3	1.234400E+0	736.123367E-3	3.290157E+0	939.831095E+0	NaN	NaN	NaN
285.300000E+0	36.646102E+0	107.553065E+0	1.231874E+0	734.706580E-3	1.234384E+0	736.251517E-3	3.289347E+0	939.625146E+0	NaN	NaN	NaN
285.400000E+0	36.655401E+0	107.522577E+0	1.231740E+0	734.732806E-3	1.234249E+0	736.277743E-3	3.292489E+0	939.358793E+0	NaN	NaN	NaN
285.500000E+0	36.655186E+0	107.495934E+0	1.232084E+0	734.587371E-3	1.234593E+0	736.132308E-3	3.292416E+0	939.126027E+0	NaN	NaN	NaN
285.600000E+0	36.661391E+0	107.491374E+0	1.231756E+0	734.598099E-3	1.234266E+0	736.143037E-3	3.294512E+0	939.086192E+0	NaN	NaN	NaN
285.700000E+0	36.659639E+0	107.498556E+0	1.231684E+0	734.688698E-3	1.234193E+0	736.233636E-3	3.293920E+0	939.148939E+0	NaN	NaN	NaN
285.800000E+0	36.666657E+0	107.518196E+0	1.231774E+0	734.703600E-3	1.234283E+0	736.248537E-3	3.296291E+0	939.320520E+0	NaN	NaN	NaN
285.900000E+0	36.668749E+0	107.527792E+0	1.231642E+0	734.805524E-3	1.234152E+0	736.350461E-3	3.296998E+0	939.404357E+0	NaN	NaN	NaN
286.000000E+0	36.673112E+0	107.552648E+0	1.231427E+0	734.285771E-3	1.233936E+0	735.830708E-3	3.298472E+0	939.621501E+0	NaN	NaN	NaN
286.100000E+0	36.675794E+0	107.556373E+0	1.231805E+0	734.726845E-3	1.234314E+0	736.271783E-3	3.299378E+0	939.654047E+0	NaN	NaN	NaN
286.200000E+0	36.679710E+0	107.475311E+0	1.231852E+0	734.477102E-3	1.234362E+0	736.022039E-3	3.300701E+0	938.945855E+0	NaN	NaN	NaN
286.300000E+0	36.684655E+0	107.291162E+0	1.231615E+0	734.438359E-3	1.234124E+0	735.983296E-3	3.302371E+0	937.337062E+0	NaN	NaN	NaN
286.400000E+0	36.695419E+0	97.931772E+0	1.219738E+0	728.098808E-3	1.222247E+0	729.643746E-3	3.306007E+0	855.569817E+0	NaN	NaN	NaN
286.500000E+0	36.700185E+0	94.979823E+0	1.219285E+0	728.350936E-3	1.221795E+0	729.895873E-3	3.307617E+0	829.780443E+0	NaN	NaN	NaN
286.600000E+0	36.698164E+0	94.775200E+0	1.219636E+0	727.495609E-3	1.222146E+0	729.040547E-3	3.306935E+0	827.992779E+0	NaN	NaN	NaN
286.700000E+0	36.701034E+0	94.594896E+0	1.219357E+0	727.723299E-3	1.221867E+0	729.268236E-3	3.307904E+0	826.417573E+0	NaN	NaN	NaN
286.800000E+0	36.703046E+0	94.521075E+0	1.219433E+0	727.907477E-3	1.221942E+0	729.452415E-3	3.308584E+0	825.772650E+0	NaN	NaN	NaN
286.900000E+0	36.705835E+0	94.200343E+0	1.219186E+0	727.893172E-3	1.221695E+0	729.438110E-3	3.309526E+0	822.970606E+0	NaN	NaN	NaN
287.000000E+0	36.712496E+0	94.073117E+0	1.219655E+0	727.592169E-3	1.222165E+0	729.137106E-3	3.311776E+0	821.859110E+0	NaN	NaN	NaN
287.100000E+0	36.711209E+0	93.952388E+0	1.219552E+0	727.970658E-3	1.222062E+0	729.515596E-3	3.311341E+0	820.804373E+0	NaN	NaN	NaN
287.200000E+0	36.715339E+0	93.820244E+0	1.219581E+0	727.945028E-3	1.222090E+0	729.489966E-3	3.312737E+0	819.649916E+0	NaN	NaN	NaN
287.300000E+0	36.720015E+0	93.709141E+0	1.219620E+0	727.917014E-3	1.222130E+0	729.461952E-3	3.314316E+0	818.679277E+0	NaN	NaN	NaN
287.400000E+0	36.722957E+0	93.388051E+0	1.219550E+0	728.060661E-3	1.222060E+0	729.605599E-3	3.315310E+0	815.874109E+0	NaN	NaN	NaN
287.500000E+0	36.727659E+0	93.237072E+0	1.219679E+0	727.650581E-3	1.222189E+0	729.195519E-3	3.316899E+0	814.555102E+0	NaN	NaN	NaN
287.600000E+0	36.753301E+0	80.103785E+0	1.212679E+0	717.640577E-3	1.215188E+0	719.185514E-3	3.325561E+0	699.817626E+0	NaN	NaN	NaN
287.700000E+0	36.741079E+0	75.507402E+0	1.214771E+0	718.755780E-3	1.217280E+0	720.300717E-3	3.321432E+0	659.661853E+0	NaN	NaN	NaN
287.800000E+0	36.747240E+0	71.499437E+0	1.214452E+0	718.979297E-3	1.216962E+0	720.524234E-3	3.323513E+0	624.646719E+0	NaN	NaN	NaN
287.900000E+0	36.745371E+0	71.052492E+0	1.214928E+0	718.399344E-3	1.217438E+0	719.944281E-3	3.322882E+0	620.742031E+0	NaN	NaN	NaN
288.000000E+0	36.751102E+0	69.406718E+0	1.214990E+0	718.413649E-3	1.217499E+0	719.958586E-3	3.324818E+0	606.363916E+0	NaN	NaN	NaN
288.100000E+0	36.756618E+0	65.998435E+0	1.214650E+0	718.227086E-3	1.217159E+0	719.772024E-3	3.326681E+0	576.587838E+0	NaN	NaN	NaN
288.200000E+0	36.757942E+0	59.130907E+0	1.216760E+0	717.365799E-3	1.219270E+0	718.910737E-3	3.327128E+0	516.590460E+0	NaN	NaN	NaN
288.300000E+0	36.758845E+0	58.817238E+0	1.216781E+0	717.146454E-3	1.219290E+0	718.691391E-3	3.327433E+0	513.850122E+0	NaN	NaN	NaN
288.400000E+0	36.765335E+0	57.530522E+0	1.216698E+0	717.458186E-3	1.219207E+0	719.003124E-3	3.329626E+0	502.608880E+0	NaN	NaN	NaN
288.500000E+0	36.771227E+0	49.813598E+0	1.217947E+0	717.147050E-3	1.220456E+0	718.691987E-3	3.331617E+0	435.190850E+0	NaN	NaN	NaN
288.600000E+0	36.770333E+0	49.611628E+0	1.217783E+0	717.055259E-3	1.220292E+0	718.600196E-3	3.331315E+0	433.426359E+0	NaN	NaN	NaN
288.700000E+0	36.777030E+0	49.492329E+0	1.218089E+0	716.836510E-3	1.220598E+0	718.381447E-3	3.333577E+0	432.384119E+0	NaN	NaN	NaN
288.800000E+0	36.781813E+0	44.403821E+0	1.218288E+0	716.456828E-3	1.220797E+0	718.001766E-3	3.335193E+0	387.928945E+0	NaN	NaN	NaN
288.900000E+0	36.782984E+0	44.586867E+0	1.218466E+0	717.050491E-3	1.220975E+0	718.595428E-3	3.335588E+0	389.528105E+0	NaN	NaN	NaN
289.000000E+0	36.784120E+0	44.360757E+0	1.218500E+0	717.309771E-3	1.221009E+0	718.854708E-3	3.335972E+0	387.552719E+0	NaN	NaN	NaN
289.100000E+0	36.785202E+0	44.287711E+0	1.218659E+0	717.145858E-3	1.221168E+0	718.690795E-3	3.336337E+0	386.914565E+0	NaN	NaN	NaN
289.200000E+0	36.786149E+0	44.299096E+0	1.218492E+0	716.751871E-3	1.221002E+0	718.296809E-3	3.336658E+0	387.014024E+0	NaN	NaN	NaN
289.300000E+0	36.792220E+0	44.247925E+0	1.218575E+0	716.942010E-3	1.221084E+0	718.486947E-3	3.338708E+0	386.566978E+0	NaN	NaN	NaN
289.400000E+0	36.792783E+0	44.204235E+0	1.218972E+0	717.051087E-3	1.221482E+0	718.596024E-3	3.338899E+0	386.185284E+0	NaN	NaN	NaN
289.500000E+0	36.797594E+0	44.071943E+0	1.218864E+0	717.364011E-3	1.221373E+0	718.908948E-3	3.340524E+0	385.029525E+0	NaN	NaN	NaN
289.600000E+0	36.801608E+0	42.647988E+0	1.218693E+0	717.254338E-3	1.221202E+0	718.799276E-3	3.341880E+0	372.589304E+0	NaN	NaN	NaN
289.700000E+0	36.803924E+0	42.249590E+0	1.218271E+0	717.312751E-3	1.220781E+0	718.857688E-3	3.342662E+0	369.108750E+0	NaN	NaN	NaN
289.800000E+0	36.805765E+0	41.670173E+0	1.218467E+0	716.932473E-3	1.220977E+0	718.477411E-3	3.343284E+0	364.046741E+0	NaN	NaN	NaN
289.900000E+0	36.805721E+0	41.611582E+0	1.218578E+0	717.288313E-3	1.221088E+0	718.833250E-3	3.343269E+0	363.534865E+0	NaN	NaN	NaN
290.000000E+0	36.812185E+0	39.260387E+0	1.218551E+0	717.156587E-3	1.221060E+0	718.701524E-3	3.345453E+0	342.993920E+0	NaN	NaN	NaN
290.100000E+0	36.815985E+0	38.742781E+0	1.218734E+0	716.915188E-3	1.221244E+0	718.460125E-3	3.346736E+0	338.471907E+0	NaN	NaN	NaN
290.200000E+0	36.815752E+0	37.795126E+0	1.218481E+0	717.242417E-3	1.220991E+0	718.787355E-3	3.346658E+0	330.192833E+0	NaN	NaN	NaN
290.300000E+0	36.821268E+0	35.887778E+0	1.218442E+0	716.618357E-3	1.220951E+0	718.163294E-3	3.348521E+0	313.529498E+0	NaN	NaN	NaN
290.400000E+0	36.825587E+0	34.378797E+0	1.218512E+0	716.809688E-3	1.221022E+0	718.354625E-3	3.349980E+0	300.346457E+0	NaN	NaN	NaN
290.500000E+0	36.827125E+0	33.750117E+0	1.218631E+0	716.655312E-3	1.221141E+0	718.200249E-3	3.350500E+0	294.854066E+0	NaN	NaN	NaN
290.600000E+0	36.854778E+0	-189.960003E-3	1.231998E+0	722.698031E-3	1.234507E+0	724.242968E-3	3.359841E+0	-1.659564E+0	NaN	NaN	NaN
290.700000E+0	36.844568E+0	-459.536910E-3	1.231924E+0	723.200498E-3	1.234433E+0	724.745436E-3	3.356392E+0	-4.014692E+0	NaN	NaN	NaN
