# Step 	    Time    	  Current   	  Voltage   	Absolute time	Temperature 	
#   i  	     s      	     A      	     V      	     s      	     C      	
2022-11-13T19:27:37.820505
  0  	0.000000e+00	2.247779e-04	3.000000e+01	4.261252e+03	   nan    	
  1  	5.070000e-01	2.749166e-04	3.000000e+01	4.261759e+03	   nan    	
  2  	1.011000e+00	2.768340e-04	3.000000e+01	4.262263e+03	   nan    	
  3  	1.506000e+00	2.761929e-04	3.000000e+01	4.262758e+03	   nan    	
  4  	2.009000e+00	2.834753e-04	3.000000e+01	4.263261e+03	   nan    	
  5  	2.521000e+00	2.831185e-04	3.000000e+01	4.263773e+03	   nan    	
  6  	3.007000e+00	2.836351e-04	3.000000e+01	4.264259e+03	   nan    	
  7  	3.509000e+00	2.839604e-04	3.000000e+01	4.264761e+03	   nan    	
  8  	4.016000e+00	2.891294e-04	3.000000e+01	4.265268e+03	   nan    	
  9  	4.507000e+00	2.927088e-04	3.000000e+01	4.265759e+03	   nan    	
 10  	5.005000e+00	2.948400e-04	3.000000e+01	4.266257e+03	   nan    	
 11  	5.499000e+00	2.965860e-04	3.000000e+01	4.266751e+03	   nan    	
 12  	5.997000e+00	2.996461e-04	3.000000e+01	4.267249e+03	   nan    	
 13  	6.497000e+00	3.008981e-04	3.000000e+01	4.267749e+03	   nan    	
 14  	6.994000e+00	3.020226e-04	3.000000e+01	4.268246e+03	   nan    	
 15  	7.492000e+00	3.029997e-04	3.000000e+01	4.268744e+03	   nan    	
 16  	7.994000e+00	3.042501e-04	3.000000e+01	4.269246e+03	   nan    	
 17  	8.496000e+00	3.005542e-04	3.000000e+01	4.269748e+03	   nan    	
 18  	8.999000e+00	2.994355e-04	3.000000e+01	4.270251e+03	   nan    	
 19  	9.501000e+00	2.998456e-04	3.000000e+01	4.270753e+03	   nan    	
 20  	1.000000e+01	3.018011e-04	3.000000e+01	4.271252e+03	   nan    	
 21  	1.050500e+01	2.997337e-04	3.000000e+01	4.271757e+03	   nan    	
 22  	1.100500e+01	2.970022e-04	3.000000e+01	4.272257e+03	   nan    	
 23  	1.151000e+01	3.002294e-04	3.000000e+01	4.272762e+03	   nan    	
 24  	1.200700e+01	2.957330e-04	3.000000e+01	4.273259e+03	   nan    	
 25  	1.251300e+01	2.991904e-04	3.000000e+01	4.273765e+03	   nan    	
 26  	1.300900e+01	3.003086e-04	3.000000e+01	4.274261e+03	   nan    	
 27  	1.351100e+01	2.972503e-04	3.000000e+01	4.274763e+03	   nan    	
 28  	1.400400e+01	2.967637e-04	3.000000e+01	4.275256e+03	   nan    	
 29  	1.450800e+01	2.970071e-04	3.000000e+01	4.275760e+03	   nan    	
 30  	1.500200e+01	2.972204e-04	3.000000e+01	4.276254e+03	   nan    	
 31  	1.549700e+01	3.041595e-04	3.000000e+01	4.276749e+03	   nan    	
 32  	1.599500e+01	3.008640e-04	3.000000e+01	4.277247e+03	   nan    	
 33  	1.650300e+01	3.001694e-04	3.000000e+01	4.277755e+03	   nan    	
 34  	1.699800e+01	2.982406e-04	3.000000e+01	4.278250e+03	   nan    	
 35  	1.750300e+01	3.005363e-04	3.000000e+01	4.278755e+03	   nan    	
 36  	1.800700e+01	3.001843e-04	3.000000e+01	4.279259e+03	   nan    	
 37  	1.850800e+01	3.022800e-04	3.000000e+01	4.279760e+03	   nan    	
 38  	1.900400e+01	3.039729e-04	3.000000e+01	4.280256e+03	   nan    	
 39  	1.950800e+01	3.002179e-04	3.000000e+01	4.280760e+03	   nan    	
 40  	2.001100e+01	3.028542e-04	3.000000e+01	4.281263e+03	   nan    	
 41  	2.050900e+01	3.011611e-04	3.000000e+01	4.281761e+03	   nan    	
 42  	2.100700e+01	3.002881e-04	3.000000e+01	4.282259e+03	   nan    	
 43  	2.150400e+01	3.003418e-04	3.000000e+01	4.282756e+03	   nan    	
 44  	2.200200e+01	3.016815e-04	3.000000e+01	4.283254e+03	   nan    	
 45  	2.250600e+01	3.026647e-04	3.000000e+01	4.283758e+03	   nan    	
 46  	2.301100e+01	3.029249e-04	3.000000e+01	4.284263e+03	   nan    	
 47  	2.350600e+01	3.001703e-04	3.000000e+01	4.284758e+03	   nan    	
 48  	2.400600e+01	3.018049e-04	3.000000e+01	4.285258e+03	   nan    	
 49  	2.450800e+01	3.065806e-04	3.000000e+01	4.285760e+03	   nan    	
 50  	2.500700e+01	3.040265e-04	3.000000e+01	4.286259e+03	   nan    	
 51  	2.550300e+01	3.121660e-04	3.000000e+01	4.286755e+03	   nan    	
 52  	2.600300e+01	3.087806e-04	3.000000e+01	4.287255e+03	   nan    	
 53  	2.649600e+01	3.085429e-04	3.000000e+01	4.287748e+03	   nan    	
 54  	2.699700e+01	3.088720e-04	3.000000e+01	4.288249e+03	   nan    	
 55  	2.750000e+01	3.063010e-04	3.000000e+01	4.288752e+03	   nan    	
 56  	2.800400e+01	3.066115e-04	3.000000e+01	4.289256e+03	   nan    	
 57  	2.850200e+01	3.044315e-04	3.000000e+01	4.289754e+03	   nan    	
 58  	2.899600e+01	3.010447e-04	3.000000e+01	4.290248e+03	   nan    	
 59  	2.949500e+01	3.016638e-04	3.000000e+01	4.290747e+03	   nan    	
 60  	2.998900e+01	3.028892e-04	3.000000e+01	4.291241e+03	   nan    	
 61  	3.048900e+01	3.015749e-04	3.000000e+01	4.291741e+03	   nan    	
 62  	3.098500e+01	2.985121e-04	3.000000e+01	4.292237e+03	   nan    	
 63  	3.148400e+01	2.967477e-04	3.000000e+01	4.292736e+03	   nan    	
 64  	3.198300e+01	2.956565e-04	3.000000e+01	4.293235e+03	   nan    	
 65  	3.248700e+01	2.934354e-04	3.000000e+01	4.293739e+03	   nan    	
 66  	3.298200e+01	2.919403e-04	3.000000e+01	4.294234e+03	   nan    	
 67  	3.348200e+01	2.935859e-04	3.000000e+01	4.294734e+03	   nan    	
 68  	3.398900e+01	2.907462e-04	3.000000e+01	4.295241e+03	   nan    	
 69  	3.448300e+01	2.903153e-04	3.000000e+01	4.295735e+03	   nan    	
 70  	3.497800e+01	2.897321e-04	3.000000e+01	4.296230e+03	   nan    	
 71  	3.547300e+01	2.896462e-04	3.000000e+01	4.296725e+03	   nan    	
 72  	3.596700e+01	2.914583e-04	3.000000e+01	4.297219e+03	   nan    	
 73  	3.646000e+01	2.893938e-04	3.000000e+01	4.297712e+03	   nan    	
 74  	3.697200e+01	2.905565e-04	3.000000e+01	4.298224e+03	   nan    	
 75  	3.746500e+01	2.936185e-04	3.000000e+01	4.298717e+03	   nan    	
 76  	3.797300e+01	2.930149e-04	3.000000e+01	4.299225e+03	   nan    	
 77  	3.847600e+01	2.938390e-04	3.000000e+01	4.299728e+03	   nan    	
 78  	3.897600e+01	2.907581e-04	3.000000e+01	4.300228e+03	   nan    	
 79  	3.947800e+01	2.887940e-04	3.000000e+01	4.300730e+03	   nan    	
 80  	3.998700e+01	2.886993e-04	3.000000e+01	4.301239e+03	   nan    	
 81  	4.048600e+01	2.881913e-04	3.000000e+01	4.301738e+03	   nan    	
 82  	4.098300e+01	2.881240e-04	3.000000e+01	4.302235e+03	   nan    	
 83  	4.148600e+01	2.861612e-04	3.000000e+01	4.302738e+03	   nan    	
 84  	4.198200e+01	2.838872e-04	3.000000e+01	4.303234e+03	   nan    	
 85  	4.247900e+01	2.842845e-04	3.000000e+01	4.303731e+03	   nan    	
 86  	4.297400e+01	2.873804e-04	3.000000e+01	4.304226e+03	   nan    	
 87  	4.347700e+01	2.832586e-04	3.000000e+01	4.304729e+03	   nan    	
 88  	4.397700e+01	2.863776e-04	3.000000e+01	4.305229e+03	   nan    	
 89  	4.447700e+01	2.836579e-04	3.000000e+01	4.305729e+03	   nan    	
 90  	4.497600e+01	2.831741e-04	3.000000e+01	4.306228e+03	   nan    	
 91  	4.547900e+01	2.827110e-04	3.000000e+01	4.306731e+03	   nan    	
 92  	4.598200e+01	2.808546e-04	3.000000e+01	4.307234e+03	   nan    	
 93  	4.648500e+01	2.799695e-04	3.000000e+01	4.307737e+03	   nan    	
 94  	4.697200e+01	2.807119e-04	3.000000e+01	4.308224e+03	   nan    	
 95  	4.747100e+01	2.845529e-04	3.000000e+01	4.308723e+03	   nan    	
 96  	4.797100e+01	2.832171e-04	3.000000e+01	4.309223e+03	   nan    	
 97  	4.846900e+01	2.811354e-04	3.000000e+01	4.309721e+03	   nan    	
 98  	4.897100e+01	2.855582e-04	3.000000e+01	4.310223e+03	   nan    	
 99  	4.946700e+01	2.834741e-04	3.000000e+01	4.310719e+03	   nan    	
 100 	4.997300e+01	2.834329e-04	3.000000e+01	4.311225e+03	   nan    	
 101 	5.047800e+01	2.834759e-04	3.000000e+01	4.311730e+03	   nan    	
 102 	5.099200e+01	2.867383e-04	3.000000e+01	4.312244e+03	   nan    	
 103 	5.148900e+01	2.831073e-04	3.000000e+01	4.312741e+03	   nan    	
 104 	5.199600e+01	2.799225e-04	3.000000e+01	4.313248e+03	   nan    	
 105 	5.249000e+01	2.805737e-04	3.000000e+01	4.313742e+03	   nan    	
 106 	5.298900e+01	2.784952e-04	3.000000e+01	4.314241e+03	   nan    	
 107 	5.349300e+01	2.762511e-04	3.000000e+01	4.314745e+03	   nan    	
 108 	5.398800e+01	2.758947e-04	3.000000e+01	4.315240e+03	   nan    	
 109 	5.448500e+01	2.761636e-04	3.000000e+01	4.315737e+03	   nan    	
 110 	5.498200e+01	2.740984e-04	3.000000e+01	4.316234e+03	   nan    	
 111 	5.548400e+01	2.731572e-04	3.000000e+01	4.316736e+03	   nan    	
 112 	5.598300e+01	2.742023e-04	3.000000e+01	4.317235e+03	   nan    	
 113 	5.647700e+01	2.753528e-04	3.000000e+01	4.317729e+03	   nan    	
 114 	5.697500e+01	2.757972e-04	3.000000e+01	4.318227e+03	   nan    	
 115 	5.747600e+01	2.751562e-04	3.000000e+01	4.318728e+03	   nan    	
 116 	5.797600e+01	2.771914e-04	3.000000e+01	4.319228e+03	   nan    	
 117 	5.847400e+01	2.742441e-04	3.000000e+01	4.319726e+03	   nan    	
 118 	5.897000e+01	2.816639e-04	3.000000e+01	4.320222e+03	   nan    	
 119 	5.946800e+01	2.800621e-04	3.000000e+01	4.320720e+03	   nan    	
 120 	5.996500e+01	2.799685e-04	3.000000e+01	4.321217e+03	   nan    	
 121 	6.046800e+01	2.779464e-04	3.000000e+01	4.321720e+03	   nan    	
 122 	6.097300e+01	2.758340e-04	3.000000e+01	4.322225e+03	   nan    	
 123 	6.146000e+01	2.740058e-04	3.000000e+01	4.322712e+03	   nan    	
 124 	6.195500e+01	2.737046e-04	3.000000e+01	4.323207e+03	   nan    	
 125 	6.245500e+01	2.727518e-04	3.000000e+01	4.323707e+03	   nan    	
 126 	6.295600e+01	2.700411e-04	3.000000e+01	4.324208e+03	   nan    	
 127 	6.345500e+01	2.707363e-04	3.000000e+01	4.324707e+03	   nan    	
 128 	6.395400e+01	2.701922e-04	3.000000e+01	4.325206e+03	   nan    	
 129 	6.445700e+01	2.677538e-04	3.000000e+01	4.325709e+03	   nan    	
 130 	6.495700e+01	2.666979e-04	3.000000e+01	4.326209e+03	   nan    	
 131 	6.545700e+01	2.683853e-04	3.000000e+01	4.326709e+03	   nan    	
 132 	6.595200e+01	2.695034e-04	3.000000e+01	4.327204e+03	   nan    	
 133 	6.644700e+01	2.727880e-04	3.000000e+01	4.327699e+03	   nan    	
 134 	6.694200e+01	2.698872e-04	3.000000e+01	4.328194e+03	   nan    	
 135 	6.744200e+01	2.766587e-04	3.000000e+01	4.328694e+03	   nan    	
 136 	6.793800e+01	2.804230e-04	3.000000e+01	4.329190e+03	   nan    	
 137 	6.843700e+01	2.780711e-04	3.000000e+01	4.329689e+03	   nan    	
 138 	6.893300e+01	2.794408e-04	3.000000e+01	4.330185e+03	   nan    	
 139 	6.943400e+01	2.789611e-04	3.000000e+01	4.330686e+03	   nan    	
 140 	6.993500e+01	2.775103e-04	3.000000e+01	4.331187e+03	   nan    	
 141 	7.043800e+01	2.771825e-04	3.000000e+01	4.331690e+03	   nan    	
 142 	7.093800e+01	2.768906e-04	3.000000e+01	4.332190e+03	   nan    	
 143 	7.143700e+01	2.780600e-04	3.000000e+01	4.332689e+03	   nan    	
 144 	7.193400e+01	2.750316e-04	3.000000e+01	4.333186e+03	   nan    	
 145 	7.242900e+01	2.759836e-04	3.000000e+01	4.333681e+03	   nan    	
 146 	7.293100e+01	2.748720e-04	3.000000e+01	4.334183e+03	   nan    	
 147 	7.342900e+01	2.724354e-04	3.000000e+01	4.334681e+03	   nan    	
 148 	7.392700e+01	2.710823e-04	3.000000e+01	4.335179e+03	   nan    	
 149 	7.442200e+01	2.713478e-04	3.000000e+01	4.335674e+03	   nan    	
 150 	7.492600e+01	2.701124e-04	3.000000e+01	4.336178e+03	   nan    	
 151 	7.542800e+01	2.692367e-04	3.000000e+01	4.336680e+03	   nan    	
 152 	7.592900e+01	2.686076e-04	3.000000e+01	4.337181e+03	   nan    	
 153 	7.642700e+01	2.656900e-04	3.000000e+01	4.337679e+03	   nan    	
 154 	7.693000e+01	2.645881e-04	3.000000e+01	4.338182e+03	   nan    	
 155 	7.743100e+01	2.635763e-04	3.000000e+01	4.338683e+03	   nan    	
 156 	7.793300e+01	2.629280e-04	3.000000e+01	4.339185e+03	   nan    	
 157 	7.842800e+01	2.618570e-04	3.000000e+01	4.339680e+03	   nan    	
 158 	7.893100e+01	2.618442e-04	3.000000e+01	4.340183e+03	   nan    	
 159 	7.943000e+01	2.643715e-04	3.000000e+01	4.340682e+03	   nan    	
 160 	7.993000e+01	2.707442e-04	3.000000e+01	4.341182e+03	   nan    	
 161 	8.042500e+01	2.688449e-04	3.000000e+01	4.341677e+03	   nan    	
 162 	8.092300e+01	2.678344e-04	3.000000e+01	4.342175e+03	   nan    	
 163 	8.142400e+01	2.703045e-04	3.000000e+01	4.342676e+03	   nan    	
 164 	8.192000e+01	2.680244e-04	3.000000e+01	4.343172e+03	   nan    	
 165 	8.242400e+01	2.650050e-04	3.000000e+01	4.343676e+03	   nan    	
 166 	8.292500e+01	2.655277e-04	3.000000e+01	4.344177e+03	   nan    	
 167 	8.343400e+01	2.651269e-04	3.000000e+01	4.344686e+03	   nan    	
 168 	8.392300e+01	2.676227e-04	3.000000e+01	4.345175e+03	   nan    	
 169 	8.442200e+01	2.652048e-04	3.000000e+01	4.345674e+03	   nan    	
 170 	8.491600e+01	2.649826e-04	3.000000e+01	4.346168e+03	   nan    	
 171 	8.541500e+01	2.641027e-04	3.000000e+01	4.346667e+03	   nan    	
 172 	8.591200e+01	2.626310e-04	3.000000e+01	4.347164e+03	   nan    	
 173 	8.641200e+01	2.618087e-04	3.000000e+01	4.347664e+03	   nan    	
 174 	8.691200e+01	2.614085e-04	3.000000e+01	4.348164e+03	   nan    	
 175 	8.740600e+01	2.602929e-04	3.000000e+01	4.348658e+03	   nan    	
 176 	8.790300e+01	2.589357e-04	3.000000e+01	4.349155e+03	   nan    	
 177 	8.840900e+01	2.586365e-04	3.000000e+01	4.349661e+03	   nan    	
 178 	8.891100e+01	2.595127e-04	3.000000e+01	4.350163e+03	   nan    	
 179 	8.941200e+01	2.593256e-04	3.000000e+01	4.350664e+03	   nan    	
 180 	8.990600e+01	2.594150e-04	3.000000e+01	4.351158e+03	   nan    	
 181 	9.040800e+01	2.590648e-04	3.000000e+01	4.351660e+03	   nan    	
 182 	9.090800e+01	2.595813e-04	3.000000e+01	4.352160e+03	   nan    	
 183 	9.140400e+01	2.582557e-04	3.000000e+01	4.352656e+03	   nan    	
 184 	9.190400e+01	2.592192e-04	3.000000e+01	4.353156e+03	   nan    	
 185 	9.240700e+01	2.583879e-04	3.000000e+01	4.353659e+03	   nan    	
 186 	9.290200e+01	2.586813e-04	3.000000e+01	4.354154e+03	   nan    	
 187 	9.340500e+01	2.581112e-04	3.000000e+01	4.354657e+03	   nan    	
 188 	9.390100e+01	2.579945e-04	3.000000e+01	4.355153e+03	   nan    	
 189 	9.439700e+01	2.584250e-04	3.000000e+01	4.355649e+03	   nan    	
 190 	9.489400e+01	2.559540e-04	3.000000e+01	4.356146e+03	   nan    	
 191 	9.539500e+01	2.543462e-04	3.000000e+01	4.356647e+03	   nan    	
 192 	9.589100e+01	2.539137e-04	3.000000e+01	4.357143e+03	   nan    	
 193 	9.639600e+01	2.554042e-04	3.000000e+01	4.357648e+03	   nan    	
 194 	9.689700e+01	2.559959e-04	3.000000e+01	4.358149e+03	   nan    	
 195 	9.739500e+01	2.571377e-04	3.000000e+01	4.358647e+03	   nan    	
 196 	9.789800e+01	2.556619e-04	3.000000e+01	4.359150e+03	   nan    	
 197 	9.841100e+01	2.538021e-04	3.000000e+01	4.359663e+03	   nan    	
 198 	9.889500e+01	2.542057e-04	3.000000e+01	4.360147e+03	   nan    	
 199 	9.939100e+01	2.575607e-04	3.000000e+01	4.360643e+03	   nan    	
 200 	9.988600e+01	2.564572e-04	3.000000e+01	4.361138e+03	   nan    	
 201 	1.003810e+02	2.592855e-04	3.000000e+01	4.361633e+03	   nan    	
 202 	1.008840e+02	2.583493e-04	3.000000e+01	4.362136e+03	   nan    	
 203 	1.013810e+02	2.599626e-04	3.000000e+01	4.362633e+03	   nan    	
 204 	1.018800e+02	2.582142e-04	3.000000e+01	4.363132e+03	   nan    	
 205 	1.023790e+02	2.561075e-04	3.000000e+01	4.363631e+03	   nan    	
 206 	1.028780e+02	2.555990e-04	3.000000e+01	4.364130e+03	   nan    	
 207 	1.033760e+02	2.525419e-04	3.000000e+01	4.364628e+03	   nan    	
 208 	1.038730e+02	2.582849e-04	3.000000e+01	4.365125e+03	   nan    	
 209 	1.043680e+02	2.608639e-04	3.000000e+01	4.365620e+03	   nan    	
 210 	1.048730e+02	2.599258e-04	3.000000e+01	4.366125e+03	   nan    	
 211 	1.053740e+02	2.617846e-04	3.000000e+01	4.366626e+03	   nan    	
 212 	1.058710e+02	2.603871e-04	3.000000e+01	4.367123e+03	   nan    	
 213 	1.063690e+02	2.566697e-04	3.000000e+01	4.367621e+03	   nan    	
 214 	1.068680e+02	2.566253e-04	3.000000e+01	4.368120e+03	   nan    	
 215 	1.073690e+02	2.551808e-04	3.000000e+01	4.368621e+03	   nan    	
 216 	1.078700e+02	2.551822e-04	3.000000e+01	4.369122e+03	   nan    	
 217 	1.083700e+02	2.531236e-04	3.000000e+01	4.369622e+03	   nan    	
 218 	1.088740e+02	2.543158e-04	3.000000e+01	4.370126e+03	   nan    	
 219 	1.093680e+02	2.522702e-04	3.000000e+01	4.370620e+03	   nan    	
 220 	1.098710e+02	2.534639e-04	3.000000e+01	4.371123e+03	   nan    	
 221 	1.103740e+02	2.516056e-04	3.000000e+01	4.371626e+03	   nan    	
 222 	1.108680e+02	2.522505e-04	3.000000e+01	4.372120e+03	   nan    	
 223 	1.113650e+02	2.507826e-04	3.000000e+01	4.372617e+03	   nan    	
 224 	1.118650e+02	2.512182e-04	3.000000e+01	4.373117e+03	   nan    	
 225 	1.123600e+02	2.514070e-04	3.000000e+01	4.373612e+03	   nan    	
 226 	1.128560e+02	2.522278e-04	3.000000e+01	4.374108e+03	   nan    	
 227 	1.133590e+02	2.513710e-04	3.000000e+01	4.374611e+03	   nan    	
 228 	1.138590e+02	2.518268e-04	3.000000e+01	4.375111e+03	   nan    	
 229 	1.143560e+02	2.504257e-04	3.000000e+01	4.375608e+03	   nan    	
 230 	1.148660e+02	2.487090e-04	3.000000e+01	4.376118e+03	   nan    	
 231 	1.153590e+02	2.481589e-04	3.000000e+01	4.376611e+03	   nan    	
 232 	1.158640e+02	2.474783e-04	3.000000e+01	4.377116e+03	   nan    	
 233 	1.163630e+02	2.449946e-04	3.000000e+01	4.377615e+03	   nan    	
 234 	1.168570e+02	2.448973e-04	3.000000e+01	4.378109e+03	   nan    	
 235 	1.173540e+02	2.453668e-04	3.000000e+01	4.378606e+03	   nan    	
 236 	1.178520e+02	2.467840e-04	3.000000e+01	4.379104e+03	   nan    	
 237 	1.183550e+02	2.457277e-04	3.000000e+01	4.379607e+03	   nan    	
 238 	1.188560e+02	2.437979e-04	3.000000e+01	4.380108e+03	   nan    	
 239 	1.193520e+02	2.425198e-04	3.000000e+01	4.380604e+03	   nan    	
 240 	1.198460e+02	2.415266e-04	3.000000e+01	4.381098e+03	   nan    	
 241 	1.203400e+02	2.431011e-04	3.000000e+01	4.381592e+03	   nan    	
 242 	1.208360e+02	2.412924e-04	3.000000e+01	4.382088e+03	   nan    	
 243 	1.213360e+02	2.419877e-04	3.000000e+01	4.382588e+03	   nan    	
 244 	1.218340e+02	2.400064e-04	3.000000e+01	4.383086e+03	   nan    	
 245 	1.223320e+02	2.400382e-04	3.000000e+01	4.383584e+03	   nan    	
 246 	1.228290e+02	2.391168e-04	3.000000e+01	4.384081e+03	   nan    	
 247 	1.233330e+02	2.384371e-04	3.000000e+01	4.384585e+03	   nan    	
 248 	1.238290e+02	2.365566e-04	3.000000e+01	4.385081e+03	   nan    	
 249 	1.243250e+02	2.370133e-04	3.000000e+01	4.385577e+03	   nan    	
 250 	1.248340e+02	2.358886e-04	3.000000e+01	4.386086e+03	   nan    	
 251 	1.253210e+02	2.364582e-04	3.000000e+01	4.386573e+03	   nan    	
 252 	1.258240e+02	2.361385e-04	3.000000e+01	4.387076e+03	   nan    	
 253 	1.263240e+02	2.365634e-04	3.000000e+01	4.387576e+03	   nan    	
 254 	1.268280e+02	2.360705e-04	3.000000e+01	4.388080e+03	   nan    	
 255 	1.273240e+02	2.361691e-04	3.000000e+01	4.388576e+03	   nan    	
 256 	1.278270e+02	2.354029e-04	3.000000e+01	4.389079e+03	   nan    	
 257 	1.283230e+02	2.348589e-04	3.000000e+01	4.389575e+03	   nan    	
 258 	1.288230e+02	2.335930e-04	3.000000e+01	4.390075e+03	   nan    	
 259 	1.293200e+02	2.346001e-04	3.000000e+01	4.390572e+03	   nan    	
 260 	1.298150e+02	2.322842e-04	3.000000e+01	4.391067e+03	   nan    	
 261 	1.303180e+02	2.325046e-04	3.000000e+01	4.391570e+03	   nan    	
 262 	1.308250e+02	2.336681e-04	3.000000e+01	4.392077e+03	   nan    	
 263 	1.313150e+02	2.347826e-04	3.000000e+01	4.392567e+03	   nan    	
 264 	1.318130e+02	2.345073e-04	3.000000e+01	4.393065e+03	   nan    	
 265 	1.323150e+02	2.346337e-04	3.000000e+01	4.393567e+03	   nan    	
 266 	1.328120e+02	2.345917e-04	3.000000e+01	4.394064e+03	   nan    	
 267 	1.333190e+02	2.342987e-04	3.000000e+01	4.394571e+03	   nan    	
 268 	1.338170e+02	2.363467e-04	3.000000e+01	4.395069e+03	   nan    	
 269 	1.343210e+02	2.360490e-04	3.000000e+01	4.395573e+03	   nan    	
 270 	1.348140e+02	2.334978e-04	3.000000e+01	4.396066e+03	   nan    	
 271 	1.353100e+02	2.329151e-04	3.000000e+01	4.396562e+03	   nan    	
 272 	1.358040e+02	2.336269e-04	3.000000e+01	4.397056e+03	   nan    	
 273 	1.363040e+02	2.330809e-04	3.000000e+01	4.397556e+03	   nan    	
 274 	1.368050e+02	2.314255e-04	3.000000e+01	4.398057e+03	   nan    	
 275 	1.373090e+02	2.320528e-04	3.000000e+01	4.398561e+03	   nan    	
 276 	1.378020e+02	2.310464e-04	3.000000e+01	4.399054e+03	   nan    	
 277 	1.383040e+02	2.298026e-04	3.000000e+01	4.399556e+03	   nan    	
 278 	1.388080e+02	2.292634e-04	3.000000e+01	4.400060e+03	   nan    	
 279 	1.393090e+02	2.294436e-04	3.000000e+01	4.400561e+03	   nan    	
 280 	1.398040e+02	2.289964e-04	3.000000e+01	4.401056e+03	   nan    	
 281 	1.403080e+02	2.291486e-04	3.000000e+01	4.401560e+03	   nan    	
 282 	1.408080e+02	2.296388e-04	3.000000e+01	4.402060e+03	   nan    	
 283 	1.413080e+02	2.303077e-04	3.000000e+01	4.402560e+03	   nan    	
 284 	1.417990e+02	2.289134e-04	3.000000e+01	4.403051e+03	   nan    	
 285 	1.422930e+02	2.286548e-04	3.000000e+01	4.403545e+03	   nan    	
 286 	1.427870e+02	2.318019e-04	3.000000e+01	4.404039e+03	   nan    	
 287 	1.432870e+02	2.292195e-04	3.000000e+01	4.404539e+03	   nan    	
 288 	1.437830e+02	2.294406e-04	3.000000e+01	4.405035e+03	   nan    	
 289 	1.442860e+02	2.294318e-04	3.000000e+01	4.405538e+03	   nan    	
 290 	1.447880e+02	2.288815e-04	3.000000e+01	4.406040e+03	   nan    	
 291 	1.452860e+02	2.282357e-04	3.000000e+01	4.406538e+03	   nan    	
 292 	1.457840e+02	2.301702e-04	3.000000e+01	4.407036e+03	   nan    	
 293 	1.462840e+02	2.315980e-04	3.000000e+01	4.407536e+03	   nan    	
 294 	1.467830e+02	2.332376e-04	3.000000e+01	4.408035e+03	   nan    	
 295 	1.472850e+02	2.304553e-04	3.000000e+01	4.408537e+03	   nan    	
 296 	1.477830e+02	2.308550e-04	3.000000e+01	4.409035e+03	   nan    	
 297 	1.482840e+02	2.301262e-04	3.000000e+01	4.409536e+03	   nan    	
 298 	1.487850e+02	2.287957e-04	3.000000e+01	4.410037e+03	   nan    	
 299 	1.492860e+02	2.280735e-04	3.000000e+01	4.410538e+03	   nan    	
 300 	1.497890e+02	2.272286e-04	3.000000e+01	4.411041e+03	   nan    	
 301 	1.502910e+02	2.272285e-04	3.000000e+01	4.411543e+03	   nan    	
 302 	1.507860e+02	2.272870e-04	3.000000e+01	4.412038e+03	   nan    	
 303 	1.512890e+02	2.295494e-04	3.000000e+01	4.412541e+03	   nan    	
 304 	1.517890e+02	2.285190e-04	3.000000e+01	4.413041e+03	   nan    	
 305 	1.522810e+02	2.269988e-04	3.000000e+01	4.413533e+03	   nan    	
 306 	1.527770e+02	2.268538e-04	3.000000e+01	4.414029e+03	   nan    	
 307 	1.532750e+02	2.268955e-04	3.000000e+01	4.414527e+03	   nan    	
 308 	1.537760e+02	2.261579e-04	3.000000e+01	4.415028e+03	   nan    	
 309 	1.542730e+02	2.246137e-04	3.000000e+01	4.415525e+03	   nan    	
 310 	1.547740e+02	2.238833e-04	3.000000e+01	4.416026e+03	   nan    	
 311 	1.552700e+02	2.229500e-04	3.000000e+01	4.416522e+03	   nan    	
 312 	1.557650e+02	2.229274e-04	3.000000e+01	4.417017e+03	   nan    	
 313 	1.562660e+02	2.224900e-04	3.000000e+01	4.417518e+03	   nan    	
 314 	1.567620e+02	2.220645e-04	3.000000e+01	4.418014e+03	   nan    	
 315 	1.572650e+02	2.224851e-04	3.000000e+01	4.418517e+03	   nan    	
 316 	1.577650e+02	2.215803e-04	3.000000e+01	4.419017e+03	   nan    	
 317 	1.582630e+02	2.218789e-04	3.000000e+01	4.419515e+03	   nan    	
 318 	1.587620e+02	2.212509e-04	3.000000e+01	4.420014e+03	   nan    	
 319 	1.592620e+02	2.222890e-04	3.000000e+01	4.420514e+03	   nan    	
 320 	1.597670e+02	2.209170e-04	3.000000e+01	4.421019e+03	   nan    	
 321 	1.602660e+02	2.211347e-04	3.000000e+01	4.421518e+03	   nan    	
 322 	1.607610e+02	2.229951e-04	3.000000e+01	4.422013e+03	   nan    	
 323 	1.612650e+02	2.239330e-04	3.000000e+01	4.422517e+03	   nan    	
 324 	1.617670e+02	2.224293e-04	3.000000e+01	4.423019e+03	   nan    	
 325 	1.622690e+02	2.227997e-04	3.000000e+01	4.423521e+03	   nan    	
 326 	1.627690e+02	2.217256e-04	3.000000e+01	4.424021e+03	   nan    	
 327 	1.632730e+02	2.223527e-04	3.000000e+01	4.424525e+03	   nan    	
 328 	1.637680e+02	2.221986e-04	3.000000e+01	4.425020e+03	   nan    	
 329 	1.642660e+02	2.210494e-04	3.000000e+01	4.425518e+03	   nan    	
 330 	1.647580e+02	2.227653e-04	3.000000e+01	4.426010e+03	   nan    	
 331 	1.652550e+02	2.219668e-04	3.000000e+01	4.426507e+03	   nan    	
 332 	1.657520e+02	2.215619e-04	3.000000e+01	4.427004e+03	   nan    	
 333 	1.662550e+02	2.230315e-04	3.000000e+01	4.427507e+03	   nan    	
 334 	1.667580e+02	2.243058e-04	3.000000e+01	4.428010e+03	   nan    	
 335 	1.672620e+02	2.238204e-04	3.000000e+01	4.428514e+03	   nan    	
 336 	1.677600e+02	2.229784e-04	3.000000e+01	4.429012e+03	   nan    	
 337 	1.682550e+02	2.220218e-04	3.000000e+01	4.429507e+03	   nan    	
 338 	1.687540e+02	2.236333e-04	3.000000e+01	4.430006e+03	   nan    	
 339 	1.692570e+02	2.242193e-04	3.000000e+01	4.430509e+03	   nan    	
 340 	1.697570e+02	2.240711e-04	3.000000e+01	4.431009e+03	   nan    	
 341 	1.702600e+02	2.233104e-04	3.000000e+01	4.431512e+03	   nan    	
 342 	1.707610e+02	2.245058e-04	3.000000e+01	4.432013e+03	   nan    	
 343 	1.712620e+02	2.223096e-04	3.000000e+01	4.432514e+03	   nan    	
 344 	1.717650e+02	2.215390e-04	3.000000e+01	4.433017e+03	   nan    	
 345 	1.722690e+02	2.203823e-04	3.000000e+01	4.433521e+03	   nan    	
 346 	1.727680e+02	2.214388e-04	3.000000e+01	4.434020e+03	   nan    	
 347 	1.732700e+02	2.213670e-04	3.000000e+01	4.434522e+03	   nan    	
 348 	1.737690e+02	2.209782e-04	3.000000e+01	4.435021e+03	   nan    	
 349 	1.742720e+02	2.231635e-04	3.000000e+01	4.435524e+03	   nan    	
 350 	1.747840e+02	2.213727e-04	3.000000e+01	4.436036e+03	   nan    	
 351 	1.752740e+02	2.214456e-04	3.000000e+01	4.436526e+03	   nan    	
 352 	1.757750e+02	2.198943e-04	3.000000e+01	4.437027e+03	   nan    	
 353 	1.762710e+02	2.200937e-04	3.000000e+01	4.437523e+03	   nan    	
 354 	1.767690e+02	2.197855e-04	3.000000e+01	4.438021e+03	   nan    	
 355 	1.772710e+02	2.182801e-04	3.000000e+01	4.438523e+03	   nan    	
 356 	1.777730e+02	2.170636e-04	3.000000e+01	4.439025e+03	   nan    	
 357 	1.782690e+02	2.167075e-04	3.000000e+01	4.439521e+03	   nan    	
 358 	1.787700e+02	2.175044e-04	3.000000e+01	4.440022e+03	   nan    	
 359 	1.792680e+02	2.186643e-04	3.000000e+01	4.440520e+03	   nan    	
 360 	1.797720e+02	2.173957e-04	3.000000e+01	4.441024e+03	   nan    	
 361 	1.802740e+02	2.187500e-04	3.000000e+01	4.441526e+03	   nan    	
 362 	1.807770e+02	2.200163e-04	3.000000e+01	4.442029e+03	   nan    	
 363 	1.812720e+02	2.195623e-04	3.000000e+01	4.442524e+03	   nan    	
 364 	1.817740e+02	2.199775e-04	3.000000e+01	4.443026e+03	   nan    	
 365 	1.822720e+02	2.189960e-04	3.000000e+01	4.443524e+03	   nan    	
 366 	1.827710e+02	2.190707e-04	3.000000e+01	4.444023e+03	   nan    	
 367 	1.832660e+02	2.190384e-04	3.000000e+01	4.444518e+03	   nan    	
 368 	1.837630e+02	2.202442e-04	3.000000e+01	4.445015e+03	   nan    	
 369 	1.842660e+02	2.187127e-04	3.000000e+01	4.445518e+03	   nan    	
 370 	1.847680e+02	2.165462e-04	3.000000e+01	4.446020e+03	   nan    	
 371 	1.852810e+02	2.169109e-04	3.000000e+01	4.446533e+03	   nan    	
 372 	1.857650e+02	2.163765e-04	3.000000e+01	4.447017e+03	   nan    	
 373 	1.862630e+02	2.212805e-04	3.000000e+01	4.447515e+03	   nan    	
 374 	1.867650e+02	2.207924e-04	3.000000e+01	4.448017e+03	   nan    	
 375 	1.872640e+02	2.197563e-04	3.000000e+01	4.448516e+03	   nan    	
 376 	1.877600e+02	2.226686e-04	3.000000e+01	4.449012e+03	   nan    	
 377 	1.882570e+02	2.218369e-04	3.000000e+01	4.449509e+03	   nan    	
 378 	1.887590e+02	2.212952e-04	3.000000e+01	4.450011e+03	   nan    	
 379 	1.892580e+02	2.211971e-04	3.000000e+01	4.450510e+03	   nan    	
 380 	1.897620e+02	2.222145e-04	3.000000e+01	4.451014e+03	   nan    	
 381 	1.902600e+02	2.196599e-04	3.000000e+01	4.451512e+03	   nan    	
 382 	1.907580e+02	2.201416e-04	3.000000e+01	4.452010e+03	   nan    	
 383 	1.912510e+02	2.193525e-04	3.000000e+01	4.452503e+03	   nan    	
 384 	1.917510e+02	2.195442e-04	3.000000e+01	4.453003e+03	   nan    	
 385 	1.922530e+02	2.198371e-04	3.000000e+01	4.453505e+03	   nan    	
 386 	1.927540e+02	2.201107e-04	3.000000e+01	4.454006e+03	   nan    	
 387 	1.932530e+02	2.200685e-04	3.000000e+01	4.454505e+03	   nan    	
 388 	1.937510e+02	2.197483e-04	3.000000e+01	4.455003e+03	   nan    	
 389 	1.942450e+02	2.202732e-04	3.000000e+01	4.455497e+03	   nan    	
 390 	1.947500e+02	2.199911e-04	3.000000e+01	4.456002e+03	   nan    	
 391 	1.952450e+02	2.188096e-04	3.000000e+01	4.456497e+03	   nan    	
 392 	1.957410e+02	2.187659e-04	3.000000e+01	4.456993e+03	   nan    	
 393 	1.962380e+02	2.190283e-04	3.000000e+01	4.457490e+03	   nan    	
 394 	1.967400e+02	2.195305e-04	3.000000e+01	4.457992e+03	   nan    	
 395 	1.972350e+02	2.198418e-04	3.000000e+01	4.458487e+03	   nan    	
 396 	1.977350e+02	2.200061e-04	3.000000e+01	4.458987e+03	   nan    	
 397 	1.982350e+02	2.192597e-04	3.000000e+01	4.459487e+03	   nan    	
 398 	1.987370e+02	2.186068e-04	3.000000e+01	4.459989e+03	   nan    	
 399 	1.992350e+02	2.195704e-04	3.000000e+01	4.460487e+03	   nan    	
 400 	1.997360e+02	2.182162e-04	3.000000e+01	4.460988e+03	   nan    	
 401 	2.002340e+02	2.199375e-04	3.000000e+01	4.461486e+03	   nan    	
 402 	2.007390e+02	2.192640e-04	3.000000e+01	4.461991e+03	   nan    	
 403 	2.012390e+02	2.183045e-04	3.000000e+01	4.462491e+03	   nan    	
 404 	2.017400e+02	2.178494e-04	3.000000e+01	4.462992e+03	   nan    	
 405 	2.022420e+02	2.176504e-04	3.000000e+01	4.463494e+03	   nan    	
 406 	2.027390e+02	2.167729e-04	3.000000e+01	4.463991e+03	   nan    	
 407 	2.032450e+02	2.186465e-04	3.000000e+01	4.464497e+03	   nan    	
 408 	2.037350e+02	2.185848e-04	3.000000e+01	4.464987e+03	   nan    	
 409 	2.042310e+02	2.183830e-04	3.000000e+01	4.465483e+03	   nan    	
 410 	2.047290e+02	2.176108e-04	3.000000e+01	4.465981e+03	   nan    	
 411 	2.052260e+02	2.146284e-04	3.000000e+01	4.466478e+03	   nan    	
 412 	2.057350e+02	2.153427e-04	3.000000e+01	4.466987e+03	   nan    	
 413 	2.062390e+02	2.165717e-04	3.000000e+01	4.467491e+03	   nan    	
 414 	2.067310e+02	2.150377e-04	3.000000e+01	4.467983e+03	   nan    	
 415 	2.072330e+02	2.147343e-04	3.000000e+01	4.468485e+03	   nan    	
 416 	2.077310e+02	2.147151e-04	3.000000e+01	4.468983e+03	   nan    	
 417 	2.082320e+02	2.153760e-04	3.000000e+01	4.469484e+03	   nan    	
 418 	2.087330e+02	2.158909e-04	3.000000e+01	4.469985e+03	   nan    	
 419 	2.092300e+02	2.153517e-04	3.000000e+01	4.470482e+03	   nan    	
 420 	2.097310e+02	2.142603e-04	3.000000e+01	4.470983e+03	   nan    	
 421 	2.102310e+02	2.158678e-04	3.000000e+01	4.471483e+03	   nan    	
 422 	2.107330e+02	2.159933e-04	3.000000e+01	4.471985e+03	   nan    	
 423 	2.112260e+02	2.138368e-04	3.000000e+01	4.472478e+03	   nan    	
 424 	2.117260e+02	2.140348e-04	3.000000e+01	4.472978e+03	   nan    	
 425 	2.122230e+02	2.127644e-04	3.000000e+01	4.473475e+03	   nan    	
 426 	2.127220e+02	2.121131e-04	3.000000e+01	4.473974e+03	   nan    	
 427 	2.132210e+02	2.110475e-04	3.000000e+01	4.474473e+03	   nan    	
 428 	2.137220e+02	2.123221e-04	3.000000e+01	4.474974e+03	   nan    	
 429 	2.142160e+02	2.109366e-04	3.000000e+01	4.475468e+03	   nan    	
 430 	2.147130e+02	2.111303e-04	3.000000e+01	4.475965e+03	   nan    	
 431 	2.152150e+02	2.118187e-04	3.000000e+01	4.476467e+03	   nan    	
 432 	2.157110e+02	2.121667e-04	3.000000e+01	4.476963e+03	   nan    	
 433 	2.162060e+02	2.116724e-04	3.000000e+01	4.477458e+03	   nan    	
 434 	2.167110e+02	2.105544e-04	3.000000e+01	4.477963e+03	   nan    	
 435 	2.172090e+02	2.093999e-04	3.000000e+01	4.478461e+03	   nan    	
 436 	2.177210e+02	2.100667e-04	3.000000e+01	4.478973e+03	   nan    	
 437 	2.182120e+02	2.102777e-04	3.000000e+01	4.479464e+03	   nan    	
 438 	2.187040e+02	2.111779e-04	3.000000e+01	4.479956e+03	   nan    	
 439 	2.191980e+02	2.106698e-04	3.000000e+01	4.480450e+03	   nan    	
 440 	2.197020e+02	2.087286e-04	3.000000e+01	4.480954e+03	   nan    	
 441 	2.201970e+02	2.090029e-04	3.000000e+01	4.481449e+03	   nan    	
 442 	2.206980e+02	2.088322e-04	3.000000e+01	4.481950e+03	   nan    	
 443 	2.211930e+02	2.084554e-04	3.000000e+01	4.482445e+03	   nan    	
 444 	2.216940e+02	2.085731e-04	3.000000e+01	4.482946e+03	   nan    	
 445 	2.221940e+02	2.080689e-04	3.000000e+01	4.483446e+03	   nan    	
 446 	2.226940e+02	2.070800e-04	3.000000e+01	4.483946e+03	   nan    	
 447 	2.231990e+02	2.084637e-04	3.000000e+01	4.484451e+03	   nan    	
 448 	2.236980e+02	2.077859e-04	3.000000e+01	4.484950e+03	   nan    	
 449 	2.241990e+02	2.089890e-04	3.000000e+01	4.485451e+03	   nan    	
 450 	2.247050e+02	2.099196e-04	3.000000e+01	4.485957e+03	   nan    	
 451 	2.252090e+02	2.079676e-04	3.000000e+01	4.486461e+03	   nan    	
 452 	2.257110e+02	2.090502e-04	3.000000e+01	4.486963e+03	   nan    	
 453 	2.262060e+02	2.071917e-04	3.000000e+01	4.487458e+03	   nan    	
 454 	2.267020e+02	2.066923e-04	3.000000e+01	4.487954e+03	   nan    	
 455 	2.272020e+02	2.054345e-04	3.000000e+01	4.488454e+03	   nan    	
 456 	2.276970e+02	2.041738e-04	3.000000e+01	4.488949e+03	   nan    	
 457 	2.281930e+02	2.044436e-04	3.000000e+01	4.489445e+03	   nan    	
 458 	2.286870e+02	2.043359e-04	3.000000e+01	4.489939e+03	   nan    	
 459 	2.291830e+02	2.040407e-04	3.000000e+01	4.490435e+03	   nan    	
 460 	2.296790e+02	2.028686e-04	3.000000e+01	4.490931e+03	   nan    	
 461 	2.301770e+02	2.031334e-04	3.000000e+01	4.491429e+03	   nan    	
 462 	2.306800e+02	2.015792e-04	3.000000e+01	4.491932e+03	   nan    	
 463 	2.311780e+02	2.031923e-04	3.000000e+01	4.492430e+03	   nan    	
 464 	2.316820e+02	2.026828e-04	3.000000e+01	4.492934e+03	   nan    	
 465 	2.321850e+02	2.026087e-04	3.000000e+01	4.493437e+03	   nan    	
 466 	2.326880e+02	2.031247e-04	3.000000e+01	4.493940e+03	   nan    	
 467 	2.331840e+02	2.039422e-04	3.000000e+01	4.494436e+03	   nan    	
 468 	2.336850e+02	2.027259e-04	3.000000e+01	4.494937e+03	   nan    	
 469 	2.341930e+02	2.041852e-04	3.000000e+01	4.495445e+03	   nan    	
 470 	2.346880e+02	2.044353e-04	3.000000e+01	4.495940e+03	   nan    	
 471 	2.351890e+02	2.040188e-04	3.000000e+01	4.496441e+03	   nan    	
 472 	2.356920e+02	2.030019e-04	3.000000e+01	4.496944e+03	   nan    	
 473 	2.361940e+02	2.034290e-04	3.000000e+01	4.497446e+03	   nan    	
 474 	2.366970e+02	2.034185e-04	3.000000e+01	4.497949e+03	   nan    	
 475 	2.371940e+02	2.026849e-04	3.000000e+01	4.498446e+03	   nan    	
 476 	2.376890e+02	2.034023e-04	3.000000e+01	4.498941e+03	   nan    	
 477 	2.381870e+02	2.030216e-04	3.000000e+01	4.499439e+03	   nan    	
 478 	2.386890e+02	2.043014e-04	3.000000e+01	4.499941e+03	   nan    	
 479 	2.391860e+02	2.020518e-04	3.000000e+01	4.500438e+03	   nan    	
 480 	2.396860e+02	2.020746e-04	3.000000e+01	4.500938e+03	   nan    	
 481 	2.401900e+02	2.031081e-04	3.000000e+01	4.501442e+03	   nan    	
 482 	2.406870e+02	2.020388e-04	3.000000e+01	4.501939e+03	   nan    	
 483 	2.411910e+02	2.012130e-04	3.000000e+01	4.502443e+03	   nan    	
 484 	2.416890e+02	2.017392e-04	3.000000e+01	4.502941e+03	   nan    	
 485 	2.421850e+02	2.003160e-04	3.000000e+01	4.503437e+03	   nan    	
 486 	2.426820e+02	2.001554e-04	3.000000e+01	4.503934e+03	   nan    	
 487 	2.431840e+02	2.006287e-04	3.000000e+01	4.504436e+03	   nan    	
 488 	2.436810e+02	2.000103e-04	3.000000e+01	4.504933e+03	   nan    	
 489 	2.441820e+02	2.001268e-04	3.000000e+01	4.505434e+03	   nan    	
 490 	2.446850e+02	1.999750e-04	3.000000e+01	4.505937e+03	   nan    	
 491 	2.451840e+02	2.002322e-04	3.000000e+01	4.506436e+03	   nan    	
 492 	2.456840e+02	2.000487e-04	3.000000e+01	4.506936e+03	   nan    	
 493 	2.461810e+02	2.003223e-04	3.000000e+01	4.507433e+03	   nan    	
 494 	2.466750e+02	1.996113e-04	3.000000e+01	4.507927e+03	   nan    	
 495 	2.471710e+02	1.996195e-04	3.000000e+01	4.508423e+03	   nan    	
 496 	2.476760e+02	1.991741e-04	3.000000e+01	4.508928e+03	   nan    	
 497 	2.481730e+02	1.983631e-04	3.000000e+01	4.509425e+03	   nan    	
 498 	2.486730e+02	1.992628e-04	3.000000e+01	4.509925e+03	   nan    	
 499 	2.491860e+02	1.999607e-04	3.000000e+01	4.510438e+03	   nan    	
 500 	2.496750e+02	1.994197e-04	3.000000e+01	4.510927e+03	   nan    	
 501 	2.501730e+02	1.987978e-04	3.000000e+01	4.511425e+03	   nan    	
 502 	2.506710e+02	1.991563e-04	3.000000e+01	4.511923e+03	   nan    	
 503 	2.511750e+02	1.985594e-04	3.000000e+01	4.512427e+03	   nan    	
 504 	2.516770e+02	1.982575e-04	3.000000e+01	4.512929e+03	   nan    	
 505 	2.521720e+02	1.997680e-04	3.000000e+01	4.513424e+03	   nan    	
 506 	2.526740e+02	2.013825e-04	3.000000e+01	4.513926e+03	   nan    	
 507 	2.531690e+02	1.985877e-04	3.000000e+01	4.514421e+03	   nan    	
 508 	2.536710e+02	2.000689e-04	3.000000e+01	4.514923e+03	   nan    	
 509 	2.541740e+02	2.018036e-04	3.000000e+01	4.515426e+03	   nan    	
 510 	2.546750e+02	2.032179e-04	3.000000e+01	4.515927e+03	   nan    	
 511 	2.551770e+02	2.027942e-04	3.000000e+01	4.516429e+03	   nan    	
 512 	2.556780e+02	2.013487e-04	3.000000e+01	4.516930e+03	   nan    	
 513 	2.561730e+02	2.003703e-04	3.000000e+01	4.517425e+03	   nan    	
 514 	2.566670e+02	1.998598e-04	3.000000e+01	4.517919e+03	   nan    	
 515 	2.571610e+02	1.997937e-04	3.000000e+01	4.518413e+03	   nan    	
 516 	2.576600e+02	1.991559e-04	3.000000e+01	4.518912e+03	   nan    	
 517 	2.581630e+02	1.984744e-04	3.000000e+01	4.519415e+03	   nan    	
 518 	2.586660e+02	1.998235e-04	3.000000e+01	4.519918e+03	   nan    	
 519 	2.591630e+02	2.001714e-04	3.000000e+01	4.520415e+03	   nan    	
 520 	2.596590e+02	1.995558e-04	3.000000e+01	4.520911e+03	   nan    	
 521 	2.601620e+02	2.086469e-04	3.000000e+01	4.521414e+03	   nan    	
 522 	2.606640e+02	2.044021e-04	3.000000e+01	4.521916e+03	   nan    	
 523 	2.611590e+02	2.043787e-04	3.000000e+01	4.522411e+03	   nan    	
 524 	2.616640e+02	2.043147e-04	3.000000e+01	4.522916e+03	   nan    	
 525 	2.621690e+02	2.028246e-04	3.000000e+01	4.523421e+03	   nan    	
 526 	2.626710e+02	2.042535e-04	3.000000e+01	4.523923e+03	   nan    	
 527 	2.631700e+02	2.035432e-04	3.000000e+01	4.524422e+03	   nan    	
 528 	2.636710e+02	2.040142e-04	3.000000e+01	4.524923e+03	   nan    	
 529 	2.641740e+02	2.032669e-04	3.000000e+01	4.525426e+03	   nan    	
 530 	2.646700e+02	2.019744e-04	3.000000e+01	4.525922e+03	   nan    	
 531 	2.651710e+02	2.002048e-04	3.000000e+01	4.526423e+03	   nan    	
 532 	2.656690e+02	1.990188e-04	3.000000e+01	4.526921e+03	   nan    	
 533 	2.661700e+02	2.001050e-04	3.000000e+01	4.527422e+03	   nan    	
 534 	2.666660e+02	1.983508e-04	3.000000e+01	4.527918e+03	   nan    	
 535 	2.671690e+02	1.991183e-04	3.000000e+01	4.528421e+03	   nan    	
 536 	2.676630e+02	1.982103e-04	3.000000e+01	4.528915e+03	   nan    	
 537 	2.681580e+02	1.980542e-04	3.000000e+01	4.529410e+03	   nan    	
 538 	2.686550e+02	1.984807e-04	3.000000e+01	4.529907e+03	   nan    	
 539 	2.691580e+02	1.963921e-04	3.000000e+01	4.530410e+03	   nan    	
 540 	2.696570e+02	1.962654e-04	3.000000e+01	4.530909e+03	   nan    	
 541 	2.701550e+02	1.952675e-04	3.000000e+01	4.531407e+03	   nan    	
 542 	2.706520e+02	1.972124e-04	3.000000e+01	4.531904e+03	   nan    	
 543 	2.711460e+02	1.972213e-04	3.000000e+01	4.532398e+03	   nan    	
 544 	2.716440e+02	1.963792e-04	3.000000e+01	4.532896e+03	   nan    	
 545 	2.721440e+02	1.963248e-04	3.000000e+01	4.533396e+03	   nan    	
 546 	2.726470e+02	1.960008e-04	3.000000e+01	4.533899e+03	   nan    	
 547 	2.731500e+02	1.959906e-04	3.000000e+01	4.534402e+03	   nan    	
 548 	2.736520e+02	1.961781e-04	3.000000e+01	4.534904e+03	   nan    	
 549 	2.741480e+02	1.956504e-04	3.000000e+01	4.535400e+03	   nan    	
 550 	2.746440e+02	1.971461e-04	3.000000e+01	4.535896e+03	   nan    	
 551 	2.751470e+02	1.965197e-04	3.000000e+01	4.536399e+03	   nan    	
 552 	2.756440e+02	1.958276e-04	3.000000e+01	4.536896e+03	   nan    	
 553 	2.761460e+02	1.950126e-04	3.000000e+01	4.537398e+03	   nan    	
 554 	2.766490e+02	1.963542e-04	3.000000e+01	4.537901e+03	   nan    	
 555 	2.771490e+02	1.964212e-04	3.000000e+01	4.538401e+03	   nan    	
 556 	2.776490e+02	1.961661e-04	3.000000e+01	4.538901e+03	   nan    	
 557 	2.781500e+02	1.971667e-04	3.000000e+01	4.539402e+03	   nan    	
 558 	2.786520e+02	1.963448e-04	3.000000e+01	4.539904e+03	   nan    	
 559 	2.791550e+02	1.963581e-04	3.000000e+01	4.540407e+03	   nan    	
 560 	2.796530e+02	1.963208e-04	3.000000e+01	4.540905e+03	   nan    	
 561 	2.801530e+02	1.954167e-04	3.000000e+01	4.541405e+03	   nan    	
 562 	2.806480e+02	1.969718e-04	3.000000e+01	4.541900e+03	   nan    	
 563 	2.811540e+02	1.958160e-04	3.000000e+01	4.542406e+03	   nan    	
 564 	2.816530e+02	1.964890e-04	3.000000e+01	4.542905e+03	   nan    	
 565 	2.821580e+02	1.954844e-04	3.000000e+01	4.543410e+03	   nan    	
 566 	2.826590e+02	1.954068e-04	3.000000e+01	4.543911e+03	   nan    	
 567 	2.831540e+02	1.957064e-04	3.000000e+01	4.544406e+03	   nan    	
 568 	2.836560e+02	1.936875e-04	3.000000e+01	4.544908e+03	   nan    	
 569 	2.841550e+02	1.940589e-04	3.000000e+01	4.545407e+03	   nan    	
 570 	2.846510e+02	1.925375e-04	3.000000e+01	4.545903e+03	   nan    	
 571 	2.851480e+02	1.941223e-04	3.000000e+01	4.546400e+03	   nan    	
 572 	2.856460e+02	1.929727e-04	3.000000e+01	4.546898e+03	   nan    	
 573 	2.861460e+02	1.929280e-04	3.000000e+01	4.547398e+03	   nan    	
 574 	2.866510e+02	1.934396e-04	3.000000e+01	4.547903e+03	   nan    	
 575 	2.871650e+02	1.934689e-04	3.000000e+01	4.548417e+03	   nan    	
 576 	2.876520e+02	1.937467e-04	3.000000e+01	4.548904e+03	   nan    	
 577 	2.881540e+02	1.939952e-04	3.000000e+01	4.549406e+03	   nan    	
 578 	2.886540e+02	1.926712e-04	3.000000e+01	4.549906e+03	   nan    	
 579 	2.891600e+02	1.928116e-04	3.000000e+01	4.550412e+03	   nan    	
 580 	2.896590e+02	1.928065e-04	3.000000e+01	4.550911e+03	   nan    	
 581 	2.901600e+02	1.928779e-04	3.000000e+01	4.551412e+03	   nan    	
 582 	2.906690e+02	1.924266e-04	3.000000e+01	4.551921e+03	   nan    	
 583 	2.911590e+02	1.912236e-04	3.000000e+01	4.552411e+03	   nan    	
 584 	2.916630e+02	1.900480e-04	3.000000e+01	4.552915e+03	   nan    	
 585 	2.921580e+02	1.906721e-04	3.000000e+01	4.553410e+03	   nan    	
 586 	2.926550e+02	1.909906e-04	3.000000e+01	4.553907e+03	   nan    	
 587 	2.931520e+02	1.912492e-04	3.000000e+01	4.554404e+03	   nan    	
 588 	2.936510e+02	1.894723e-04	3.000000e+01	4.554903e+03	   nan    	
 589 	2.941440e+02	1.885264e-04	3.000000e+01	4.555396e+03	   nan    	
 590 	2.946430e+02	1.897775e-04	3.000000e+01	4.555895e+03	   nan    	
 591 	2.951430e+02	1.907106e-04	3.000000e+01	4.556395e+03	   nan    	
 592 	2.956450e+02	1.903010e-04	3.000000e+01	4.556897e+03	   nan    	
 593 	2.961420e+02	1.913129e-04	3.000000e+01	4.557394e+03	   nan    	
 594 	2.966450e+02	1.913929e-04	3.000000e+01	4.557897e+03	   nan    	
 595 	2.971490e+02	1.915614e-04	3.000000e+01	4.558401e+03	   nan    	
 596 	2.976510e+02	1.920520e-04	3.000000e+01	4.558903e+03	   nan    	
 597 	2.981510e+02	1.919131e-04	3.000000e+01	4.559403e+03	   nan    	
 598 	2.986540e+02	1.907109e-04	3.000000e+01	4.559906e+03	   nan    	
 599 	2.991670e+02	1.905665e-04	3.000000e+01	4.560419e+03	   nan    	
 600 	2.996560e+02	1.919523e-04	3.000000e+01	4.560908e+03	   nan    	
 601 	3.001530e+02	1.924917e-04	3.000000e+01	4.561405e+03	   nan    	
 602 	3.006610e+02	1.919607e-04	3.000000e+01	4.561913e+03	   nan    	
 603 	3.011540e+02	1.918090e-04	3.000000e+01	4.562406e+03	   nan    	
 604 	3.016510e+02	1.912750e-04	3.000000e+01	4.562903e+03	   nan    	
 605 	3.021560e+02	1.911079e-04	3.000000e+01	4.563408e+03	   nan    	
 606 	3.026580e+02	1.904463e-04	3.000000e+01	4.563910e+03	   nan    	
 607 	3.031540e+02	1.901017e-04	3.000000e+01	4.564406e+03	   nan    	
 608 	3.036570e+02	1.903907e-04	3.000000e+01	4.564909e+03	   nan    	
 609 	3.041520e+02	1.902014e-04	3.000000e+01	4.565404e+03	   nan    	
 610 	3.046530e+02	1.898319e-04	3.000000e+01	4.565905e+03	   nan    	
 611 	3.051490e+02	1.884442e-04	3.000000e+01	4.566401e+03	   nan    	
 612 	3.056540e+02	1.873455e-04	3.000000e+01	4.566906e+03	   nan    	
 613 	3.061570e+02	1.877415e-04	3.000000e+01	4.567409e+03	   nan    	
 614 	3.066500e+02	1.877563e-04	3.000000e+01	4.567902e+03	   nan    	
 615 	3.071510e+02	1.876664e-04	3.000000e+01	4.568403e+03	   nan    	
 616 	3.076490e+02	1.875306e-04	3.000000e+01	4.568901e+03	   nan    	
 617 	3.081480e+02	1.870076e-04	3.000000e+01	4.569400e+03	   nan    	
 618 	3.086450e+02	1.867848e-04	3.000000e+01	4.569897e+03	   nan    	
 619 	3.091530e+02	1.861527e-04	3.000000e+01	4.570405e+03	   nan    	
 620 	3.096440e+02	1.851608e-04	3.000000e+01	4.570896e+03	   nan    	
 621 	3.101480e+02	1.851066e-04	3.000000e+01	4.571400e+03	   nan    	
 622 	3.106490e+02	1.857115e-04	3.000000e+01	4.571901e+03	   nan    	
 623 	3.111540e+02	1.852571e-04	3.000000e+01	4.572406e+03	   nan    	
 624 	3.116570e+02	1.862462e-04	3.000000e+01	4.572909e+03	   nan    	
 625 	3.121550e+02	1.869080e-04	3.000000e+01	4.573407e+03	   nan    	
 626 	3.126500e+02	1.851944e-04	3.000000e+01	4.573902e+03	   nan    	
 627 	3.131580e+02	1.846235e-04	3.000000e+01	4.574410e+03	   nan    	
 628 	3.136520e+02	1.859882e-04	3.000000e+01	4.574904e+03	   nan    	
 629 	3.141520e+02	1.863387e-04	3.000000e+01	4.575404e+03	   nan    	
 630 	3.146660e+02	1.865001e-04	3.000000e+01	4.575918e+03	   nan    	
 631 	3.151560e+02	1.863662e-04	3.000000e+01	4.576408e+03	   nan    	
 632 	3.156580e+02	1.857588e-04	3.000000e+01	4.576910e+03	   nan    	
 633 	3.161600e+02	1.863125e-04	3.000000e+01	4.577412e+03	   nan    	
 634 	3.166540e+02	1.863729e-04	3.000000e+01	4.577906e+03	   nan    	
 635 	3.171560e+02	1.839854e-04	3.000000e+01	4.578408e+03	   nan    	
 636 	3.176540e+02	1.858983e-04	3.000000e+01	4.578906e+03	   nan    	
 637 	3.181480e+02	1.856657e-04	3.000000e+01	4.579400e+03	   nan    	
 638 	3.186580e+02	1.891826e-04	3.000000e+01	4.579910e+03	   nan    	
 639 	3.191570e+02	1.890341e-04	3.000000e+01	4.580409e+03	   nan    	
 640 	3.196560e+02	1.896979e-04	3.000000e+01	4.580908e+03	   nan    	
 641 	3.201520e+02	1.892112e-04	3.000000e+01	4.581404e+03	   nan    	
 642 	3.206530e+02	1.886026e-04	3.000000e+01	4.581905e+03	   nan    	
 643 	3.211550e+02	1.883450e-04	3.000000e+01	4.582407e+03	   nan    	
 644 	3.216560e+02	1.866787e-04	3.000000e+01	4.582908e+03	   nan    	
 645 	3.221590e+02	1.847668e-04	3.000000e+01	4.583411e+03	   nan    	
 646 	3.226550e+02	1.868246e-04	3.000000e+01	4.583907e+03	   nan    	
 647 	3.231550e+02	1.872603e-04	3.000000e+01	4.584407e+03	   nan    	
 648 	3.236510e+02	1.901835e-04	3.000000e+01	4.584903e+03	   nan    	
 649 	3.241540e+02	1.905266e-04	3.000000e+01	4.585406e+03	   nan    	
 650 	3.246610e+02	1.895926e-04	3.000000e+01	4.585913e+03	   nan    	
 651 	3.251570e+02	1.906968e-04	3.000000e+01	4.586409e+03	   nan    	
 652 	3.256550e+02	1.882678e-04	3.000000e+01	4.586907e+03	   nan    	
 653 	3.261580e+02	1.875049e-04	3.000000e+01	4.587410e+03	   nan    	
 654 	3.266600e+02	1.882317e-04	3.000000e+01	4.587912e+03	   nan    	
 655 	3.271690e+02	1.906084e-04	3.000000e+01	4.588421e+03	   nan    	
 656 	3.276660e+02	1.894772e-04	3.000000e+01	4.588918e+03	   nan    	
 657 	3.281600e+02	1.903250e-04	3.000000e+01	4.589412e+03	   nan    	
 658 	3.286610e+02	1.884696e-04	3.000000e+01	4.589913e+03	   nan    	
 659 	3.291590e+02	1.887314e-04	3.000000e+01	4.590411e+03	   nan    	
 660 	3.296540e+02	1.900559e-04	3.000000e+01	4.590906e+03	   nan    	
 661 	3.301540e+02	1.883385e-04	3.000000e+01	4.591406e+03	   nan    	
 662 	3.306580e+02	1.884371e-04	3.000000e+01	4.591910e+03	   nan    	
 663 	3.311600e+02	1.889009e-04	3.000000e+01	4.592412e+03	   nan    	
 664 	3.316600e+02	1.882200e-04	3.000000e+01	4.592912e+03	   nan    	
 665 	3.321620e+02	1.898072e-04	3.000000e+01	4.593414e+03	   nan    	
 666 	3.326650e+02	1.901061e-04	3.000000e+01	4.593917e+03	   nan    	
 667 	3.331630e+02	1.889978e-04	3.000000e+01	4.594415e+03	   nan    	
 668 	3.336660e+02	1.880191e-04	3.000000e+01	4.594918e+03	   nan    	
 669 	3.341680e+02	1.903424e-04	3.000000e+01	4.595420e+03	   nan    	
 670 	3.346710e+02	1.901580e-04	3.000000e+01	4.595923e+03	   nan    	
 671 	3.351670e+02	1.899948e-04	3.000000e+01	4.596419e+03	   nan    	
 672 	3.356680e+02	1.900510e-04	3.000000e+01	4.596920e+03	   nan    	
 673 	3.361640e+02	1.896949e-04	3.000000e+01	4.597416e+03	   nan    	
 674 	3.366680e+02	1.893348e-04	3.000000e+01	4.597920e+03	   nan    	
 675 	3.371700e+02	1.884822e-04	3.000000e+01	4.598422e+03	   nan    	
 676 	3.376740e+02	1.873945e-04	3.000000e+01	4.598926e+03	   nan    	
 677 	3.381670e+02	1.875656e-04	3.000000e+01	4.599419e+03	   nan    	
 678 	3.386690e+02	1.864842e-04	3.000000e+01	4.599921e+03	   nan    	
 679 	3.391630e+02	1.862835e-04	3.000000e+01	4.600415e+03	   nan    	
 680 	3.396670e+02	1.863530e-04	3.000000e+01	4.600919e+03	   nan    	
 681 	3.401700e+02	1.866946e-04	3.000000e+01	4.601422e+03	   nan    	
 682 	3.406960e+02	1.853216e-04	3.000000e+01	4.601948e+03	   nan    	
 683 	3.411950e+02	1.861488e-04	3.000000e+01	4.602447e+03	   nan    	
 684 	3.416910e+02	1.848980e-04	3.000000e+01	4.602943e+03	   nan    	
 685 	3.421860e+02	1.848879e-04	3.000000e+01	4.603438e+03	   nan    	
 686 	3.426870e+02	1.848336e-04	3.000000e+01	4.603939e+03	   nan    	
 687 	3.431890e+02	1.845030e-04	3.000000e+01	4.604441e+03	   nan    	
 688 	3.436870e+02	1.854219e-04	3.000000e+01	4.604939e+03	   nan    	
 689 	3.441820e+02	1.844940e-04	3.000000e+01	4.605434e+03	   nan    	
 690 	3.446760e+02	1.835824e-04	3.000000e+01	4.605928e+03	   nan    	
 691 	3.451760e+02	1.841770e-04	3.000000e+01	4.606428e+03	   nan    	
 692 	3.456770e+02	1.825306e-04	3.000000e+01	4.606929e+03	   nan    	
 693 	3.461820e+02	1.838274e-04	3.000000e+01	4.607434e+03	   nan    	
 694 	3.466800e+02	1.829876e-04	3.000000e+01	4.607932e+03	   nan    	
 695 	3.471830e+02	1.835000e-04	3.000000e+01	4.608435e+03	   nan    	
 696 	3.476810e+02	1.831134e-04	3.000000e+01	4.608933e+03	   nan    	
 697 	3.481770e+02	1.824386e-04	3.000000e+01	4.609429e+03	   nan    	
 698 	3.486800e+02	1.831042e-04	3.000000e+01	4.609932e+03	   nan    	
 699 	3.491830e+02	1.827327e-04	3.000000e+01	4.610435e+03	   nan    	
 700 	3.496830e+02	1.829932e-04	3.000000e+01	4.610935e+03	   nan    	
 701 	3.501860e+02	1.835107e-04	3.000000e+01	4.611438e+03	   nan    	
 702 	3.506880e+02	1.837313e-04	3.000000e+01	4.611940e+03	   nan    	
 703 	3.511850e+02	1.827494e-04	3.000000e+01	4.612437e+03	   nan    	
 704 	3.516790e+02	1.830373e-04	3.000000e+01	4.612931e+03	   nan    	
 705 	3.521830e+02	1.841112e-04	3.000000e+01	4.613435e+03	   nan    	
 706 	3.526860e+02	1.848133e-04	3.000000e+01	4.613938e+03	   nan    	
 707 	3.531850e+02	1.836147e-04	3.000000e+01	4.614437e+03	   nan    	
 708 	3.536870e+02	1.848244e-04	3.000000e+01	4.614939e+03	   nan    	
 709 	3.541830e+02	1.831109e-04	3.000000e+01	4.615435e+03	   nan    	
 710 	3.546840e+02	1.839405e-04	3.000000e+01	4.615936e+03	   nan    	
 711 	3.551860e+02	1.830867e-04	3.000000e+01	4.616438e+03	   nan    	
 712 	3.556910e+02	1.823683e-04	3.000000e+01	4.616943e+03	   nan    	
 713 	3.561910e+02	1.825864e-04	3.000000e+01	4.617443e+03	   nan    	
 714 	3.566900e+02	1.808168e-04	3.000000e+01	4.617942e+03	   nan    	
 715 	3.571900e+02	1.807356e-04	3.000000e+01	4.618442e+03	   nan    	
 716 	3.576870e+02	1.801078e-04	3.000000e+01	4.618939e+03	   nan    	
 717 	3.581840e+02	1.808610e-04	3.000000e+01	4.619436e+03	   nan    	
 718 	3.586820e+02	1.805869e-04	3.000000e+01	4.619934e+03	   nan    	
 719 	3.591750e+02	1.809217e-04	3.000000e+01	4.620427e+03	   nan    	
 720 	3.596740e+02	1.809324e-04	3.000000e+01	4.620926e+03	   nan    	
 721 	3.601760e+02	1.809456e-04	3.000000e+01	4.621428e+03	   nan    	
 722 	3.606840e+02	1.810997e-04	3.000000e+01	4.621936e+03	   nan    	
 723 	3.611920e+02	1.796864e-04	3.000000e+01	4.622444e+03	   nan    	
 724 	3.616970e+02	1.791548e-04	3.000000e+01	4.622949e+03	   nan    	
 725 	3.621990e+02	1.805313e-04	3.000000e+01	4.623451e+03	   nan    	
 726 	3.627000e+02	1.815226e-04	3.000000e+01	4.623952e+03	   nan    	
 727 	3.632010e+02	1.812531e-04	3.000000e+01	4.624453e+03	   nan    	
 728 	3.636950e+02	1.811045e-04	3.000000e+01	4.624947e+03	   nan    	
 729 	3.641990e+02	1.809798e-04	3.000000e+01	4.625451e+03	   nan    	
 730 	3.647000e+02	1.817263e-04	3.000000e+01	4.625952e+03	   nan    	
 731 	3.651950e+02	1.803648e-04	3.000000e+01	4.626447e+03	   nan    	
 732 	3.656970e+02	1.795584e-04	3.000000e+01	4.626949e+03	   nan    	
 733 	3.662000e+02	1.784659e-04	3.000000e+01	4.627452e+03	   nan    	
 734 	3.667020e+02	1.789156e-04	3.000000e+01	4.627954e+03	   nan    	
 735 	3.671990e+02	1.806061e-04	3.000000e+01	4.628451e+03	   nan    	
 736 	3.677010e+02	1.817280e-04	3.000000e+01	4.628953e+03	   nan    	
 737 	3.682020e+02	1.805622e-04	3.000000e+01	4.629454e+03	   nan    	
 738 	3.687060e+02	1.806468e-04	3.000000e+01	4.629958e+03	   nan    	
 739 	3.692090e+02	1.802117e-04	3.000000e+01	4.630461e+03	   nan    	
 740 	3.697030e+02	1.793713e-04	3.000000e+01	4.630955e+03	   nan    	
 741 	3.702080e+02	1.787580e-04	3.000000e+01	4.631460e+03	   nan    	
 742 	3.707050e+02	1.797921e-04	3.000000e+01	4.631957e+03	   nan    	
 743 	3.712000e+02	1.787891e-04	3.000000e+01	4.632452e+03	   nan    	
 744 	3.716970e+02	1.790416e-04	3.000000e+01	4.632949e+03	   nan    	
 745 	3.721910e+02	1.784963e-04	3.000000e+01	4.633443e+03	   nan    	
 746 	3.726880e+02	1.782341e-04	3.000000e+01	4.633940e+03	   nan    	
 747 	3.731850e+02	1.778274e-04	3.000000e+01	4.634437e+03	   nan    	
 748 	3.736850e+02	1.792568e-04	3.000000e+01	4.634937e+03	   nan    	
 749 	3.741890e+02	1.778650e-04	3.000000e+01	4.635441e+03	   nan    	
 750 	3.746940e+02	1.772655e-04	3.000000e+01	4.635946e+03	   nan    	
 751 	3.751950e+02	1.772105e-04	3.000000e+01	4.636447e+03	   nan    	
 752 	3.757110e+02	1.775062e-04	3.000000e+01	4.636963e+03	   nan    	
 753 	3.762110e+02	1.773860e-04	3.000000e+01	4.637463e+03	   nan    	
 754 	3.767060e+02	1.785840e-04	3.000000e+01	4.637958e+03	   nan    	
 755 	3.772070e+02	1.787546e-04	3.000000e+01	4.638459e+03	   nan    	
 756 	3.777030e+02	1.782564e-04	3.000000e+01	4.638955e+03	   nan    	
 757 	3.782040e+02	1.784078e-04	3.000000e+01	4.639456e+03	   nan    	
 758 	3.787040e+02	1.772137e-04	3.000000e+01	4.639956e+03	   nan    	
 759 	3.791960e+02	1.781792e-04	3.000000e+01	4.640448e+03	   nan    	
 760 	3.796970e+02	1.786241e-04	3.000000e+01	4.640949e+03	   nan    	
 761 	3.801980e+02	1.774290e-04	3.000000e+01	4.641450e+03	   nan    	
 762 	3.807050e+02	1.769877e-04	3.000000e+01	4.641957e+03	   nan    	
 763 	3.812050e+02	1.767705e-04	3.000000e+01	4.642457e+03	   nan    	
 764 	3.817040e+02	1.759774e-04	3.000000e+01	4.642956e+03	   nan    	
 765 	3.822070e+02	1.792867e-04	3.000000e+01	4.643459e+03	   nan    	
 766 	3.827020e+02	1.770433e-04	3.000000e+01	4.643954e+03	   nan    	
 767 	3.831970e+02	1.778971e-04	3.000000e+01	4.644449e+03	   nan    	
 768 	3.836980e+02	1.772199e-04	3.000000e+01	4.644950e+03	   nan    	
 769 	3.842020e+02	1.776924e-04	3.000000e+01	4.645454e+03	   nan    	
 770 	3.846970e+02	1.765706e-04	3.000000e+01	4.645949e+03	   nan    	
 771 	3.851950e+02	1.770527e-04	3.000000e+01	4.646447e+03	   nan    	
 772 	3.857050e+02	1.765057e-04	3.000000e+01	4.646957e+03	   nan    	
 773 	3.861970e+02	1.761990e-04	3.000000e+01	4.647449e+03	   nan    	
 774 	3.866990e+02	1.752928e-04	3.000000e+01	4.647951e+03	   nan    	
 775 	3.872000e+02	1.757410e-04	3.000000e+01	4.648452e+03	   nan    	
 776 	3.876990e+02	1.758409e-04	3.000000e+01	4.648951e+03	   nan    	
 777 	3.881980e+02	1.776267e-04	3.000000e+01	4.649450e+03	   nan    	
 778 	3.887010e+02	1.752417e-04	3.000000e+01	4.649953e+03	   nan    	
 779 	3.892000e+02	1.739597e-04	3.000000e+01	4.650452e+03	   nan    	
 780 	3.897090e+02	1.766292e-04	3.000000e+01	4.650961e+03	   nan    	
 781 	3.901980e+02	1.767701e-04	3.000000e+01	4.651450e+03	   nan    	
 782 	3.907020e+02	1.778650e-04	3.000000e+01	4.651954e+03	   nan    	
 783 	3.911880e+02	1.772095e-04	3.000000e+01	4.652440e+03	   nan    	
 784 	3.916930e+02	1.762387e-04	3.000000e+01	4.652945e+03	   nan    	
 785 	3.921970e+02	1.762796e-04	3.000000e+01	4.653449e+03	   nan    	
 786 	3.926920e+02	1.762113e-04	3.000000e+01	4.653944e+03	   nan    	
 787 	3.931960e+02	1.755654e-04	3.000000e+01	4.654448e+03	   nan    	
 788 	3.936900e+02	1.754606e-04	3.000000e+01	4.654942e+03	   nan    	
 789 	3.941900e+02	1.756231e-04	3.000000e+01	4.655442e+03	   nan    	
 790 	3.946870e+02	1.749555e-04	3.000000e+01	4.655939e+03	   nan    	
 791 	3.951860e+02	1.737980e-04	3.000000e+01	4.656438e+03	   nan    	
 792 	3.956820e+02	1.744032e-04	3.000000e+01	4.656934e+03	   nan    	
 793 	3.961760e+02	1.744518e-04	3.000000e+01	4.657428e+03	   nan    	
 794 	3.966800e+02	1.745086e-04	3.000000e+01	4.657932e+03	   nan    	
 795 	3.971830e+02	1.736455e-04	3.000000e+01	4.658435e+03	   nan    	
 796 	3.976790e+02	1.734984e-04	3.000000e+01	4.658931e+03	   nan    	
 797 	3.981780e+02	1.721815e-04	3.000000e+01	4.659430e+03	   nan    	
 798 	3.986800e+02	1.729361e-04	3.000000e+01	4.659932e+03	   nan    	
 799 	3.991830e+02	1.734538e-04	3.000000e+01	4.660435e+03	   nan    	
 800 	3.996700e+02	1.729231e-04	3.000000e+01	4.660922e+03	   nan    	
 801 	4.001670e+02	1.751587e-04	3.000000e+01	4.661419e+03	   nan    	
 802 	4.006620e+02	1.740220e-04	3.000000e+01	4.661914e+03	   nan    	
 803 	4.011640e+02	1.758073e-04	3.000000e+01	4.662416e+03	   nan    	
 804 	4.016670e+02	1.755956e-04	3.000000e+01	4.662919e+03	   nan    	
 805 	4.021640e+02	1.748950e-04	3.000000e+01	4.663416e+03	   nan    	
 806 	4.026630e+02	1.749553e-04	3.000000e+01	4.663915e+03	   nan    	
 807 	4.031590e+02	1.743897e-04	3.000000e+01	4.664411e+03	   nan    	
 808 	4.036530e+02	1.731548e-04	3.000000e+01	4.664905e+03	   nan    	
 809 	4.041600e+02	1.724456e-04	3.000000e+01	4.665412e+03	   nan    	
 810 	4.046500e+02	1.730564e-04	3.000000e+01	4.665902e+03	   nan    	
 811 	4.051640e+02	1.728679e-04	3.000000e+01	4.666416e+03	   nan    	
 812 	4.056700e+02	1.715919e-04	3.000000e+01	4.666922e+03	   nan    	
 813 	4.061730e+02	1.720711e-04	3.000000e+01	4.667425e+03	   nan    	
 814 	4.066670e+02	1.724051e-04	3.000000e+01	4.667919e+03	   nan    	
 815 	4.071670e+02	1.723811e-04	3.000000e+01	4.668419e+03	   nan    	
 816 	4.076620e+02	1.710985e-04	3.000000e+01	4.668914e+03	   nan    	
 817 	4.081580e+02	1.710115e-04	3.000000e+01	4.669410e+03	   nan    	
 818 	4.086630e+02	1.715674e-04	3.000000e+01	4.669915e+03	   nan    	
 819 	4.091690e+02	1.755251e-04	3.000000e+01	4.670421e+03	   nan    	
 820 	4.096650e+02	1.741567e-04	3.000000e+01	4.670917e+03	   nan    	
 821 	4.101700e+02	1.743332e-04	3.000000e+01	4.671422e+03	   nan    	
 822 	4.106650e+02	1.738333e-04	3.000000e+01	4.671917e+03	   nan    	
 823 	4.111760e+02	1.746342e-04	3.000000e+01	4.672428e+03	   nan    	
 824 	4.116710e+02	1.735049e-04	3.000000e+01	4.672923e+03	   nan    	
 825 	4.121750e+02	1.731136e-04	3.000000e+01	4.673427e+03	   nan    	
 826 	4.126680e+02	1.736105e-04	3.000000e+01	4.673920e+03	   nan    	
 827 	4.131690e+02	1.739589e-04	3.000000e+01	4.674421e+03	   nan    	
 828 	4.136650e+02	1.738488e-04	3.000000e+01	4.674917e+03	   nan    	
 829 	4.141620e+02	1.729694e-04	3.000000e+01	4.675414e+03	   nan    	
 830 	4.146670e+02	1.736241e-04	3.000000e+01	4.675919e+03	   nan    	
 831 	4.151670e+02	1.727738e-04	3.000000e+01	4.676419e+03	   nan    	
 832 	4.156630e+02	1.721091e-04	3.000000e+01	4.676915e+03	   nan    	
 833 	4.161670e+02	1.722337e-04	3.000000e+01	4.677419e+03	   nan    	
 834 	4.166630e+02	1.730813e-04	3.000000e+01	4.677915e+03	   nan    	
 835 	4.171560e+02	1.732718e-04	3.000000e+01	4.678408e+03	   nan    	
 836 	4.176610e+02	1.732141e-04	3.000000e+01	4.678913e+03	   nan    	
 837 	4.181520e+02	1.733679e-04	3.000000e+01	4.679404e+03	   nan    	
 838 	4.186490e+02	1.737412e-04	3.000000e+01	4.679901e+03	   nan    	
 839 	4.191500e+02	1.737367e-04	3.000000e+01	4.680402e+03	   nan    	
 840 	4.196450e+02	1.731016e-04	3.000000e+01	4.680897e+03	   nan    	
 841 	4.201460e+02	1.726037e-04	3.000000e+01	4.681398e+03	   nan    	
 842 	4.206470e+02	1.723605e-04	3.000000e+01	4.681899e+03	   nan    	
 843 	4.211520e+02	1.717646e-04	3.000000e+01	4.682404e+03	   nan    	
 844 	4.216410e+02	1.709883e-04	3.000000e+01	4.682893e+03	   nan    	
 845 	4.221440e+02	1.705752e-04	3.000000e+01	4.683396e+03	   nan    	
 846 	4.226480e+02	1.712016e-04	3.000000e+01	4.683900e+03	   nan    	
 847 	4.231480e+02	1.711356e-04	3.000000e+01	4.684400e+03	   nan    	
 848 	4.236450e+02	1.715949e-04	3.000000e+01	4.684897e+03	   nan    	
 849 	4.241410e+02	1.715452e-04	3.000000e+01	4.685393e+03	   nan    	
 850 	4.246370e+02	1.710843e-04	3.000000e+01	4.685889e+03	   nan    	
 851 	4.251380e+02	1.710209e-04	3.000000e+01	4.686390e+03	   nan    	
 852 	4.256320e+02	1.694880e-04	3.000000e+01	4.686884e+03	   nan    	
 853 	4.261280e+02	1.689744e-04	3.000000e+01	4.687380e+03	   nan    	
 854 	4.266270e+02	1.686326e-04	3.000000e+01	4.687879e+03	   nan    	
 855 	4.271310e+02	1.678060e-04	3.000000e+01	4.688383e+03	   nan    	
 856 	4.276290e+02	1.687291e-04	3.000000e+01	4.688881e+03	   nan    	
 857 	4.281290e+02	1.704941e-04	3.000000e+01	4.689381e+03	   nan    	
 858 	4.286250e+02	1.692213e-04	3.000000e+01	4.689877e+03	   nan    	
 859 	4.291290e+02	1.690680e-04	3.000000e+01	4.690381e+03	   nan    	
 860 	4.296320e+02	1.673232e-04	3.000000e+01	4.690884e+03	   nan    	
 861 	4.301300e+02	1.676909e-04	3.000000e+01	4.691382e+03	   nan    	
 862 	4.306350e+02	1.668075e-04	3.000000e+01	4.691887e+03	   nan    	
 863 	4.311320e+02	1.673672e-04	3.000000e+01	4.692384e+03	   nan    	
 864 	4.316290e+02	1.681368e-04	3.000000e+01	4.692881e+03	   nan    	
 865 	4.321440e+02	1.681474e-04	3.000000e+01	4.693396e+03	   nan    	
 866 	4.326370e+02	1.658882e-04	3.000000e+01	4.693889e+03	   nan    	
 867 	4.331390e+02	1.670952e-04	3.000000e+01	4.694391e+03	   nan    	
 868 	4.336420e+02	1.662984e-04	3.000000e+01	4.694894e+03	   nan    	
 869 	4.341410e+02	1.664965e-04	3.000000e+01	4.695393e+03	   nan    	
 870 	4.346430e+02	1.672308e-04	3.000000e+01	4.695895e+03	   nan    	
 871 	4.351440e+02	1.665415e-04	3.000000e+01	4.696396e+03	   nan    	
 872 	4.356400e+02	1.670427e-04	3.000000e+01	4.696892e+03	   nan    	
 873 	4.361430e+02	1.676493e-04	3.000000e+01	4.697395e+03	   nan    	
 874 	4.366390e+02	1.682026e-04	3.000000e+01	4.697891e+03	   nan    	
 875 	4.371390e+02	1.682978e-04	3.000000e+01	4.698391e+03	   nan    	
 876 	4.376490e+02	1.679394e-04	3.000000e+01	4.698901e+03	   nan    	
 877 	4.381490e+02	1.669232e-04	3.000000e+01	4.699401e+03	   nan    	
 878 	4.386490e+02	1.674768e-04	3.000000e+01	4.699901e+03	   nan    	
 879 	4.391530e+02	1.665767e-04	3.000000e+01	4.700405e+03	   nan    	
 880 	4.396490e+02	1.661567e-04	3.000000e+01	4.700901e+03	   nan    	
 881 	4.401460e+02	1.650269e-04	3.000000e+01	4.701398e+03	   nan    	
 882 	4.406440e+02	1.661539e-04	3.000000e+01	4.701896e+03	   nan    	
 883 	4.411460e+02	1.654019e-04	3.000000e+01	4.702398e+03	   nan    	
 884 	4.416440e+02	1.657523e-04	3.000000e+01	4.702896e+03	   nan    	
 885 	4.421410e+02	1.648576e-04	3.000000e+01	4.703393e+03	   nan    	
 886 	4.426420e+02	1.645228e-04	3.000000e+01	4.703894e+03	   nan    	
 887 	4.431440e+02	1.644913e-04	3.000000e+01	4.704396e+03	   nan    	
 888 	4.436400e+02	1.642196e-04	3.000000e+01	4.704892e+03	   nan    	
 889 	4.441350e+02	1.652924e-04	3.000000e+01	4.705387e+03	   nan    	
 890 	4.446330e+02	1.640213e-04	3.000000e+01	4.705885e+03	   nan    	
 891 	4.451280e+02	1.651191e-04	3.000000e+01	4.706380e+03	   nan    	
 892 	4.456350e+02	1.662998e-04	3.000000e+01	4.706887e+03	   nan    	
 893 	4.461330e+02	1.652877e-04	3.000000e+01	4.707385e+03	   nan    	
 894 	4.466300e+02	1.658584e-04	3.000000e+01	4.707882e+03	   nan    	
 895 	4.471250e+02	1.651396e-04	3.000000e+01	4.708377e+03	   nan    	
 896 	4.476210e+02	1.654344e-04	3.000000e+01	4.708873e+03	   nan    	
 897 	4.481230e+02	1.656696e-04	3.000000e+01	4.709375e+03	   nan    	
 898 	4.486180e+02	1.667685e-04	3.000000e+01	4.709870e+03	   nan    	
 899 	4.491210e+02	1.664994e-04	3.000000e+01	4.710373e+03	   nan    	
 900 	4.496110e+02	1.656548e-04	3.000000e+01	4.710863e+03	   nan    	
 901 	4.501150e+02	1.666116e-04	3.000000e+01	4.711367e+03	   nan    	
 902 	4.506190e+02	1.667828e-04	3.000000e+01	4.711871e+03	   nan    	
 903 	4.511140e+02	1.666553e-04	3.000000e+01	4.712366e+03	   nan    	
 904 	4.516100e+02	1.670263e-04	3.000000e+01	4.712862e+03	   nan    	
 905 	4.521110e+02	1.649300e-04	3.000000e+01	4.713363e+03	   nan    	
 906 	4.526120e+02	1.662786e-04	3.000000e+01	4.713864e+03	   nan    	
 907 	4.531150e+02	1.666899e-04	3.000000e+01	4.714367e+03	   nan    	
 908 	4.536140e+02	1.672702e-04	3.000000e+01	4.714866e+03	   nan    	
 909 	4.541110e+02	1.683277e-04	3.000000e+01	4.715363e+03	   nan    	
 910 	4.546070e+02	1.688117e-04	3.000000e+01	4.715859e+03	   nan    	
 911 	4.551070e+02	1.682613e-04	3.000000e+01	4.716359e+03	   nan    	
 912 	4.556020e+02	1.685565e-04	3.000000e+01	4.716854e+03	   nan    	
 913 	4.561000e+02	1.674111e-04	3.000000e+01	4.717352e+03	   nan    	
 914 	4.566010e+02	1.674032e-04	3.000000e+01	4.717853e+03	   nan    	
 915 	4.571020e+02	1.670436e-04	3.000000e+01	4.718354e+03	   nan    	
 916 	4.576040e+02	1.662548e-04	3.000000e+01	4.718856e+03	   nan    	
 917 	4.581020e+02	1.656997e-04	3.000000e+01	4.719354e+03	   nan    	
 918 	4.586000e+02	1.644100e-04	3.000000e+01	4.719852e+03	   nan    	
 919 	4.590990e+02	1.659097e-04	3.000000e+01	4.720351e+03	   nan    	
 920 	4.596000e+02	1.642089e-04	3.000000e+01	4.720852e+03	   nan    	
 921 	4.600990e+02	1.637642e-04	3.000000e+01	4.721351e+03	   nan    	
 922 	4.606080e+02	1.643147e-04	3.000000e+01	4.721860e+03	   nan    	
 923 	4.611070e+02	1.642600e-04	3.000000e+01	4.722359e+03	   nan    	
 924 	4.616250e+02	1.640687e-04	3.000000e+01	4.722877e+03	   nan    	
 925 	4.621130e+02	1.645289e-04	3.000000e+01	4.723365e+03	   nan    	
 926 	4.626140e+02	1.652435e-04	3.000000e+01	4.723866e+03	   nan    	
 927 	4.631130e+02	1.662183e-04	3.000000e+01	4.724365e+03	   nan    	
 928 	4.636150e+02	1.664392e-04	3.000000e+01	4.724867e+03	   nan    	
 929 	4.641100e+02	1.655915e-04	3.000000e+01	4.725362e+03	   nan    	
 930 	4.646140e+02	1.658208e-04	3.000000e+01	4.725866e+03	   nan    	
 931 	4.651100e+02	1.662858e-04	3.000000e+01	4.726362e+03	   nan    	
 932 	4.656080e+02	1.656252e-04	3.000000e+01	4.726860e+03	   nan    	
 933 	4.661100e+02	1.657110e-04	3.000000e+01	4.727362e+03	   nan    	
 934 	4.666070e+02	1.657578e-04	3.000000e+01	4.727859e+03	   nan    	
 935 	4.671110e+02	1.652724e-04	3.000000e+01	4.728363e+03	   nan    	
 936 	4.676130e+02	1.656092e-04	3.000000e+01	4.728865e+03	   nan    	
 937 	4.681120e+02	1.658748e-04	3.000000e+01	4.729364e+03	   nan    	
 938 	4.686110e+02	1.655498e-04	3.000000e+01	4.729863e+03	   nan    	
 939 	4.691170e+02	1.662556e-04	3.000000e+01	4.730369e+03	   nan    	
 940 	4.696180e+02	1.659273e-04	3.000000e+01	4.730870e+03	   nan    	
 941 	4.701140e+02	1.663323e-04	3.000000e+01	4.731366e+03	   nan    	
 942 	4.706220e+02	1.655905e-04	3.000000e+01	4.731874e+03	   nan    	
 943 	4.711260e+02	1.644538e-04	3.000000e+01	4.732378e+03	   nan    	
 944 	4.716250e+02	1.643524e-04	3.000000e+01	4.732877e+03	   nan    	
 945 	4.721240e+02	1.638803e-04	3.000000e+01	4.733376e+03	   nan    	
 946 	4.726260e+02	1.637884e-04	3.000000e+01	4.733878e+03	   nan    	
 947 	4.731260e+02	1.639643e-04	3.000000e+01	4.734378e+03	   nan    	
 948 	4.736260e+02	1.638661e-04	3.000000e+01	4.734878e+03	   nan    	
 949 	4.741200e+02	1.638097e-04	3.000000e+01	4.735372e+03	   nan    	
 950 	4.746200e+02	1.636997e-04	3.000000e+01	4.735872e+03	   nan    	
 951 	4.751460e+02	1.634019e-04	3.000000e+01	4.736398e+03	   nan    	
 952 	4.756260e+02	1.618964e-04	3.000000e+01	4.736878e+03	   nan    	
 953 	4.761270e+02	1.609937e-04	3.000000e+01	4.737379e+03	   nan    	
 954 	4.766230e+02	1.612873e-04	3.000000e+01	4.737875e+03	   nan    	
 955 	4.771240e+02	1.618731e-04	3.000000e+01	4.738376e+03	   nan    	
 956 	4.776260e+02	1.615280e-04	3.000000e+01	4.738878e+03	   nan    	
 957 	4.781240e+02	1.604792e-04	3.000000e+01	4.739376e+03	   nan    	
 958 	4.786280e+02	1.604821e-04	3.000000e+01	4.739880e+03	   nan    	
 959 	4.791310e+02	1.594772e-04	3.000000e+01	4.740383e+03	   nan    	
 960 	4.796330e+02	1.598530e-04	3.000000e+01	4.740885e+03	   nan    	
 961 	4.801290e+02	1.608476e-04	3.000000e+01	4.741381e+03	   nan    	
 962 	4.806320e+02	1.607240e-04	3.000000e+01	4.741884e+03	   nan    	
 963 	4.811270e+02	1.607160e-04	3.000000e+01	4.742379e+03	   nan    	
 964 	4.816300e+02	1.611916e-04	3.000000e+01	4.742882e+03	   nan    	
 965 	4.821280e+02	1.612901e-04	3.000000e+01	4.743380e+03	   nan    	
 966 	4.826280e+02	1.598070e-04	3.000000e+01	4.743880e+03	   nan    	
 967 	4.831290e+02	1.601978e-04	3.000000e+01	4.744381e+03	   nan    	
 968 	4.836190e+02	1.599557e-04	3.000000e+01	4.744871e+03	   nan    	
 969 	4.841190e+02	1.591529e-04	3.000000e+01	4.745371e+03	   nan    	
 970 	4.846190e+02	1.599634e-04	3.000000e+01	4.745871e+03	   nan    	
 971 	4.851190e+02	1.601271e-04	3.000000e+01	4.746371e+03	   nan    	
 972 	4.856230e+02	1.602495e-04	3.000000e+01	4.746875e+03	   nan    	
 973 	4.861280e+02	1.592072e-04	3.000000e+01	4.747380e+03	   nan    	
 974 	4.866290e+02	1.591614e-04	3.000000e+01	4.747881e+03	   nan    	
 975 	4.871280e+02	1.592045e-04	3.000000e+01	4.748380e+03	   nan    	
 976 	4.876310e+02	1.600191e-04	3.000000e+01	4.748883e+03	   nan    	
 977 	4.881310e+02	1.584166e-04	3.000000e+01	4.749383e+03	   nan    	
 978 	4.886300e+02	1.586757e-04	3.000000e+01	4.749882e+03	   nan    	
 979 	4.891250e+02	1.586132e-04	3.000000e+01	4.750377e+03	   nan    	
 980 	4.896200e+02	1.572749e-04	3.000000e+01	4.750872e+03	   nan    	
 981 	4.901140e+02	1.571809e-04	3.000000e+01	4.751366e+03	   nan    	
 982 	4.906150e+02	1.571709e-04	3.000000e+01	4.751867e+03	   nan    	
 983 	4.911300e+02	1.565446e-04	3.000000e+01	4.752382e+03	   nan    	
 984 	4.916170e+02	1.584957e-04	3.000000e+01	4.752869e+03	   nan    	
 985 	4.921120e+02	1.579182e-04	3.000000e+01	4.753364e+03	   nan    	
 986 	4.926170e+02	1.572960e-04	3.000000e+01	4.753869e+03	   nan    	
 987 	4.931120e+02	1.579952e-04	3.000000e+01	4.754364e+03	   nan    	
 988 	4.936110e+02	1.578793e-04	3.000000e+01	4.754863e+03	   nan    	
 989 	4.941110e+02	1.582630e-04	3.000000e+01	4.755363e+03	   nan    	
 990 	4.946130e+02	1.596252e-04	3.000000e+01	4.755865e+03	   nan    	
 991 	4.951090e+02	1.586847e-04	3.000000e+01	4.756361e+03	   nan    	
 992 	4.956070e+02	1.583647e-04	3.000000e+01	4.756859e+03	   nan    	
 993 	4.961030e+02	1.581344e-04	3.000000e+01	4.757355e+03	   nan    	
 994 	4.966050e+02	1.586733e-04	3.000000e+01	4.757857e+03	   nan    	
 995 	4.971020e+02	1.575862e-04	3.000000e+01	4.758354e+03	   nan    	
 996 	4.976020e+02	1.575506e-04	3.000000e+01	4.758854e+03	   nan    	
 997 	4.981050e+02	1.577205e-04	3.000000e+01	4.759357e+03	   nan    	
 998 	4.986090e+02	1.576091e-04	3.000000e+01	4.759861e+03	   nan    	
 999 	4.991090e+02	1.578129e-04	3.000000e+01	4.760361e+03	   nan    	
1000 	4.996070e+02	1.579979e-04	3.000000e+01	4.760859e+03	   nan    	
1001 	5.001080e+02	1.586687e-04	3.000000e+01	4.761360e+03	   nan    	
1002 	5.006120e+02	1.583053e-04	3.000000e+01	4.761864e+03	   nan    	
1003 	5.011150e+02	1.595703e-04	3.000000e+01	4.762367e+03	   nan    	
1004 	5.016110e+02	1.587184e-04	3.000000e+01	4.762863e+03	   nan    	
1005 	5.021120e+02	1.593094e-04	3.000000e+01	4.763364e+03	   nan    	
1006 	5.026140e+02	1.585444e-04	3.000000e+01	4.763866e+03	   nan    	
1007 	5.031110e+02	1.589285e-04	3.000000e+01	4.764363e+03	   nan    	
1008 	5.036160e+02	1.598244e-04	3.000000e+01	4.764868e+03	   nan    	
1009 	5.041170e+02	1.595081e-04	3.000000e+01	4.765369e+03	   nan    	
1010 	5.046210e+02	1.595266e-04	3.000000e+01	4.765873e+03	   nan    	
1011 	5.051240e+02	1.589041e-04	3.000000e+01	4.766376e+03	   nan    	
1012 	5.056220e+02	1.587155e-04	3.000000e+01	4.766874e+03	   nan    	
1013 	5.061220e+02	1.589239e-04	3.000000e+01	4.767374e+03	   nan    	
1014 	5.066240e+02	1.588014e-04	3.000000e+01	4.767876e+03	   nan    	
1015 	5.071250e+02	1.587837e-04	3.000000e+01	4.768377e+03	   nan    	
1016 	5.076160e+02	1.590444e-04	3.000000e+01	4.768868e+03	   nan    	
1017 	5.081190e+02	1.584512e-04	3.000000e+01	4.769371e+03	   nan    	
1018 	5.086200e+02	1.583555e-04	3.000000e+01	4.769872e+03	   nan    	
1019 	5.091220e+02	1.597763e-04	3.000000e+01	4.770374e+03	   nan    	
1020 	5.096200e+02	1.595570e-04	3.000000e+01	4.770872e+03	   nan    	
1021 	5.101190e+02	1.601739e-04	3.000000e+01	4.771371e+03	   nan    	
1022 	5.106210e+02	1.599390e-04	3.000000e+01	4.771873e+03	   nan    	
1023 	5.111250e+02	1.598130e-04	3.000000e+01	4.772377e+03	   nan    	
1024 	5.116260e+02	1.592330e-04	3.000000e+01	4.772878e+03	   nan    	
1025 	5.121300e+02	1.593085e-04	3.000000e+01	4.773382e+03	   nan    	
1026 	5.126220e+02	1.592413e-04	3.000000e+01	4.773874e+03	   nan    	
1027 	5.131170e+02	1.609339e-04	3.000000e+01	4.774369e+03	   nan    	
1028 	5.136370e+02	1.611387e-04	3.000000e+01	4.774889e+03	   nan    	
1029 	5.141360e+02	1.606320e-04	3.000000e+01	4.775388e+03	   nan    	
1030 	5.146370e+02	1.612975e-04	3.000000e+01	4.775889e+03	   nan    	
1031 	5.151410e+02	1.609747e-04	3.000000e+01	4.776393e+03	   nan    	
1032 	5.156410e+02	1.619742e-04	3.000000e+01	4.776893e+03	   nan    	
1033 	5.161420e+02	1.611444e-04	3.000000e+01	4.777394e+03	   nan    	
1034 	5.166440e+02	1.607204e-04	3.000000e+01	4.777896e+03	   nan    	
1035 	5.171440e+02	1.599393e-04	3.000000e+01	4.778396e+03	   nan    	
1036 	5.176430e+02	1.602361e-04	3.000000e+01	4.778895e+03	   nan    	
1037 	5.181380e+02	1.600019e-04	3.000000e+01	4.779390e+03	   nan    	
1038 	5.186380e+02	1.600120e-04	3.000000e+01	4.779890e+03	   nan    	
1039 	5.191330e+02	1.620415e-04	3.000000e+01	4.780385e+03	   nan    	
1040 	5.196320e+02	1.619466e-04	3.000000e+01	4.780884e+03	   nan    	
1041 	5.201320e+02	1.613766e-04	3.000000e+01	4.781384e+03	   nan    	
1042 	5.206330e+02	1.615565e-04	3.000000e+01	4.781885e+03	   nan    	
1043 	5.211310e+02	1.607294e-04	3.000000e+01	4.782383e+03	   nan    	
1044 	5.216330e+02	1.605974e-04	3.000000e+01	4.782885e+03	   nan    	
1045 	5.221370e+02	1.602307e-04	3.000000e+01	4.783389e+03	   nan    	
1046 	5.226310e+02	1.606417e-04	3.000000e+01	4.783883e+03	   nan    	
1047 	5.231260e+02	1.612437e-04	3.000000e+01	4.784378e+03	   nan    	
1048 	5.236310e+02	1.613603e-04	3.000000e+01	4.784883e+03	   nan    	
1049 	5.241310e+02	1.614368e-04	3.000000e+01	4.785383e+03	   nan    	
1050 	5.246260e+02	1.603095e-04	3.000000e+01	4.785878e+03	   nan    	
1051 	5.251230e+02	1.602895e-04	3.000000e+01	4.786375e+03	   nan    	
1052 	5.256310e+02	1.599889e-04	3.000000e+01	4.786883e+03	   nan    	
1053 	5.261350e+02	1.587625e-04	3.000000e+01	4.787387e+03	   nan    	
1054 	5.266260e+02	1.597130e-04	3.000000e+01	4.787878e+03	   nan    	
1055 	5.271280e+02	1.613570e-04	3.000000e+01	4.788380e+03	   nan    	
1056 	5.276240e+02	1.613637e-04	3.000000e+01	4.788876e+03	   nan    	
1057 	5.281230e+02	1.597813e-04	3.000000e+01	4.789375e+03	   nan    	
1058 	5.286180e+02	1.606494e-04	3.000000e+01	4.789870e+03	   nan    	
1059 	5.291190e+02	1.594912e-04	3.000000e+01	4.790371e+03	   nan    	
1060 	5.296220e+02	1.593076e-04	3.000000e+01	4.790874e+03	   nan    	
1061 	5.301260e+02	1.588328e-04	3.000000e+01	4.791378e+03	   nan    	
1062 	5.306210e+02	1.582599e-04	3.000000e+01	4.791873e+03	   nan    	
1063 	5.311260e+02	1.585226e-04	3.000000e+01	4.792378e+03	   nan    	
1064 	5.316250e+02	1.593556e-04	3.000000e+01	4.792877e+03	   nan    	
1065 	5.321220e+02	1.588782e-04	3.000000e+01	4.793374e+03	   nan    	
1066 	5.326170e+02	1.602218e-04	3.000000e+01	4.793869e+03	   nan    	
1067 	5.331150e+02	1.603222e-04	3.000000e+01	4.794367e+03	   nan    	
1068 	5.336110e+02	1.586212e-04	3.000000e+01	4.794863e+03	   nan    	
1069 	5.341090e+02	1.584448e-04	3.000000e+01	4.795361e+03	   nan    	
1070 	5.346110e+02	1.582379e-04	3.000000e+01	4.795863e+03	   nan    	
1071 	5.351050e+02	1.579313e-04	3.000000e+01	4.796357e+03	   nan    	
1072 	5.356020e+02	1.571707e-04	3.000000e+01	4.796854e+03	   nan    	
1073 	5.360980e+02	1.575046e-04	3.000000e+01	4.797350e+03	   nan    	
1074 	5.365990e+02	1.583009e-04	3.000000e+01	4.797851e+03	   nan    	
1075 	5.370960e+02	1.582687e-04	3.000000e+01	4.798348e+03	   nan    	
1076 	5.375970e+02	1.571367e-04	3.000000e+01	4.798849e+03	   nan    	
1077 	5.380950e+02	1.568757e-04	3.000000e+01	4.799347e+03	   nan    	
1078 	5.385910e+02	1.554338e-04	3.000000e+01	4.799843e+03	   nan    	
1079 	5.390890e+02	1.550979e-04	3.000000e+01	4.800341e+03	   nan    	
1080 	5.395850e+02	1.549673e-04	3.000000e+01	4.800837e+03	   nan    	
1081 	5.400820e+02	1.551594e-04	3.000000e+01	4.801334e+03	   nan    	
1082 	5.405830e+02	1.540558e-04	3.000000e+01	4.801835e+03	   nan    	
1083 	5.410830e+02	1.547912e-04	3.000000e+01	4.802335e+03	   nan    	
1084 	5.415830e+02	1.545564e-04	3.000000e+01	4.802835e+03	   nan    	
1085 	5.420850e+02	1.555157e-04	3.000000e+01	4.803337e+03	   nan    	
1086 	5.425840e+02	1.548670e-04	3.000000e+01	4.803836e+03	   nan    	
1087 	5.430860e+02	1.545605e-04	3.000000e+01	4.804338e+03	   nan    	
1088 	5.435890e+02	1.548220e-04	3.000000e+01	4.804841e+03	   nan    	
1089 	5.440920e+02	1.552364e-04	3.000000e+01	4.805344e+03	   nan    	
1090 	5.445930e+02	1.554274e-04	3.000000e+01	4.805845e+03	   nan    	
1091 	5.450990e+02	1.547799e-04	3.000000e+01	4.806351e+03	   nan    	
1092 	5.455970e+02	1.551044e-04	3.000000e+01	4.806849e+03	   nan    	
1093 	5.460910e+02	1.560387e-04	3.000000e+01	4.807343e+03	   nan    	
1094 	5.465870e+02	1.564533e-04	3.000000e+01	4.807839e+03	   nan    	
1095 	5.470860e+02	1.550835e-04	3.000000e+01	4.808338e+03	   nan    	
1096 	5.475830e+02	1.548997e-04	3.000000e+01	4.808835e+03	   nan    	
1097 	5.480790e+02	1.546815e-04	3.000000e+01	4.809331e+03	   nan    	
1098 	5.485730e+02	1.551842e-04	3.000000e+01	4.809825e+03	   nan    	
1099 	5.490700e+02	1.547625e-04	3.000000e+01	4.810322e+03	   nan    	
1100 	5.495670e+02	1.543623e-04	3.000000e+01	4.810819e+03	   nan    	
1101 	5.500650e+02	1.543813e-04	3.000000e+01	4.811317e+03	   nan    	
1102 	5.505600e+02	1.552306e-04	3.000000e+01	4.811812e+03	   nan    	
1103 	5.510530e+02	1.554726e-04	3.000000e+01	4.812305e+03	   nan    	
1104 	5.515540e+02	1.562057e-04	3.000000e+01	4.812806e+03	   nan    	
1105 	5.520500e+02	1.550643e-04	3.000000e+01	4.813302e+03	   nan    	
1106 	5.525480e+02	1.550698e-04	3.000000e+01	4.813800e+03	   nan    	
1107 	5.530470e+02	1.548978e-04	3.000000e+01	4.814299e+03	   nan    	
1108 	5.535460e+02	1.542792e-04	3.000000e+01	4.814798e+03	   nan    	
1109 	5.540440e+02	1.533348e-04	3.000000e+01	4.815296e+03	   nan    	
1110 	5.545410e+02	1.527802e-04	3.000000e+01	4.815793e+03	   nan    	
1111 	5.550350e+02	1.534948e-04	3.000000e+01	4.816287e+03	   nan    	
1112 	5.555370e+02	1.536515e-04	3.000000e+01	4.816789e+03	   nan    	
1113 	5.560400e+02	1.536194e-04	3.000000e+01	4.817292e+03	   nan    	
1114 	5.565400e+02	1.534023e-04	3.000000e+01	4.817792e+03	   nan    	
1115 	5.570400e+02	1.530351e-04	3.000000e+01	4.818292e+03	   nan    	
1116 	5.575380e+02	1.524936e-04	3.000000e+01	4.818790e+03	   nan    	
1117 	5.580440e+02	1.536958e-04	3.000000e+01	4.819296e+03	   nan    	
1118 	5.585360e+02	1.541727e-04	3.000000e+01	4.819788e+03	   nan    	
1119 	5.590410e+02	1.546890e-04	3.000000e+01	4.820293e+03	   nan    	
1120 	5.595470e+02	1.547319e-04	3.000000e+01	4.820799e+03	   nan    	
1121 	5.600430e+02	1.542376e-04	3.000000e+01	4.821295e+03	   nan    	
1122 	5.605380e+02	1.531590e-04	3.000000e+01	4.821790e+03	   nan    	
1123 	5.610330e+02	1.527536e-04	3.000000e+01	4.822285e+03	   nan    	
1124 	5.615280e+02	1.527673e-04	3.000000e+01	4.822780e+03	   nan    	
1125 	5.620280e+02	1.530786e-04	3.000000e+01	4.823280e+03	   nan    	
1126 	5.625270e+02	1.527414e-04	3.000000e+01	4.823779e+03	   nan    	
1127 	5.630280e+02	1.520120e-04	3.000000e+01	4.824280e+03	   nan    	
1128 	5.635330e+02	1.537364e-04	3.000000e+01	4.824785e+03	   nan    	
1129 	5.640330e+02	1.536766e-04	3.000000e+01	4.825285e+03	   nan    	
1130 	5.645290e+02	1.535721e-04	3.000000e+01	4.825781e+03	   nan    	
1131 	5.650310e+02	1.527984e-04	3.000000e+01	4.826283e+03	   nan    	
1132 	5.655300e+02	1.547592e-04	3.000000e+01	4.826782e+03	   nan    	
1133 	5.660320e+02	1.536466e-04	3.000000e+01	4.827284e+03	   nan    	
1134 	5.665290e+02	1.540389e-04	3.000000e+01	4.827781e+03	   nan    	
1135 	5.670230e+02	1.538237e-04	3.000000e+01	4.828275e+03	   nan    	
1136 	5.675190e+02	1.524392e-04	3.000000e+01	4.828771e+03	   nan    	
1137 	5.680200e+02	1.524941e-04	3.000000e+01	4.829272e+03	   nan    	
1138 	5.685200e+02	1.533199e-04	3.000000e+01	4.829772e+03	   nan    	
1139 	5.690170e+02	1.546726e-04	3.000000e+01	4.830269e+03	   nan    	
1140 	5.695190e+02	1.534897e-04	3.000000e+01	4.830771e+03	   nan    	
1141 	5.700140e+02	1.540404e-04	3.000000e+01	4.831266e+03	   nan    	
1142 	5.705120e+02	1.539969e-04	3.000000e+01	4.831764e+03	   nan    	
1143 	5.710070e+02	1.537271e-04	3.000000e+01	4.832259e+03	   nan    	
1144 	5.715100e+02	1.549397e-04	3.000000e+01	4.832762e+03	   nan    	
1145 	5.719990e+02	1.538729e-04	3.000000e+01	4.833251e+03	   nan    	
1146 	5.725000e+02	1.530326e-04	3.000000e+01	4.833752e+03	   nan    	
1147 	5.730050e+02	1.536292e-04	3.000000e+01	4.834257e+03	   nan    	
1148 	5.735010e+02	1.541244e-04	3.000000e+01	4.834753e+03	   nan    	
1149 	5.739970e+02	1.539869e-04	3.000000e+01	4.835249e+03	   nan    	
1150 	5.744920e+02	1.526828e-04	3.000000e+01	4.835744e+03	   nan    	
1151 	5.749870e+02	1.534125e-04	3.000000e+01	4.836239e+03	   nan    	
1152 	5.754840e+02	1.537287e-04	3.000000e+01	4.836736e+03	   nan    	
1153 	5.759820e+02	1.532281e-04	3.000000e+01	4.837234e+03	   nan    	
1154 	5.764800e+02	1.547197e-04	3.000000e+01	4.837732e+03	   nan    	
1155 	5.769850e+02	1.534009e-04	3.000000e+01	4.838237e+03	   nan    	
1156 	5.774790e+02	1.536001e-04	3.000000e+01	4.838731e+03	   nan    	
1157 	5.779800e+02	1.532476e-04	3.000000e+01	4.839232e+03	   nan    	
1158 	5.784830e+02	1.532514e-04	3.000000e+01	4.839735e+03	   nan    	
1159 	5.789780e+02	1.522950e-04	3.000000e+01	4.840230e+03	   nan    	
1160 	5.794760e+02	1.527572e-04	3.000000e+01	4.840728e+03	   nan    	
1161 	5.799790e+02	1.523268e-04	3.000000e+01	4.841231e+03	   nan    	
1162 	5.804750e+02	1.522558e-04	3.000000e+01	4.841727e+03	   nan    	
1163 	5.809740e+02	1.523761e-04	3.000000e+01	4.842226e+03	   nan    	
1164 	5.814740e+02	1.528130e-04	3.000000e+01	4.842726e+03	   nan    	
1165 	5.819770e+02	1.530114e-04	3.000000e+01	4.843229e+03	   nan    	
1166 	5.824770e+02	1.527138e-04	3.000000e+01	4.843729e+03	   nan    	
1167 	5.829750e+02	1.518430e-04	3.000000e+01	4.844227e+03	   nan    	
1168 	5.834770e+02	1.520280e-04	3.000000e+01	4.844729e+03	   nan    	
1169 	5.839760e+02	1.533885e-04	3.000000e+01	4.845228e+03	   nan    	
1170 	5.844730e+02	1.527038e-04	3.000000e+01	4.845725e+03	   nan    	
1171 	5.849790e+02	1.527867e-04	3.000000e+01	4.846231e+03	   nan    	
1172 	5.854800e+02	1.529505e-04	3.000000e+01	4.846732e+03	   nan    	
1173 	5.859740e+02	1.528110e-04	3.000000e+01	4.847226e+03	   nan    	
1174 	5.864830e+02	1.528816e-04	3.000000e+01	4.847735e+03	   nan    	
1175 	5.869970e+02	1.532941e-04	3.000000e+01	4.848249e+03	   nan    	
1176 	5.874790e+02	1.533151e-04	3.000000e+01	4.848731e+03	   nan    	
1177 	5.879810e+02	1.530448e-04	3.000000e+01	4.849233e+03	   nan    	
1178 	5.885030e+02	1.526938e-04	3.000000e+01	4.849755e+03	   nan    	
1179 	5.889890e+02	1.522634e-04	3.000000e+01	4.850241e+03	   nan    	
1180 	5.894890e+02	1.527701e-04	3.000000e+01	4.850741e+03	   nan    	
1181 	5.899880e+02	1.527179e-04	3.000000e+01	4.851240e+03	   nan    	
1182 	5.904860e+02	1.527830e-04	3.000000e+01	4.851738e+03	   nan    	
1183 	5.909950e+02	1.532748e-04	3.000000e+01	4.852247e+03	   nan    	
1184 	5.914890e+02	1.531694e-04	3.000000e+01	4.852741e+03	   nan    	
1185 	5.919860e+02	1.531634e-04	3.000000e+01	4.853238e+03	   nan    	
1186 	5.924860e+02	1.518330e-04	3.000000e+01	4.853738e+03	   nan    	
1187 	5.929890e+02	1.521425e-04	3.000000e+01	4.854241e+03	   nan    	
1188 	5.934870e+02	1.506811e-04	3.000000e+01	4.854739e+03	   nan    	
1189 	5.939850e+02	1.517246e-04	3.000000e+01	4.855237e+03	   nan    	
1190 	5.944880e+02	1.520295e-04	3.000000e+01	4.855740e+03	   nan    	
1191 	5.949840e+02	1.515668e-04	3.000000e+01	4.856236e+03	   nan    	
1192 	5.954840e+02	1.514401e-04	3.000000e+01	4.856736e+03	   nan    	
1193 	5.959810e+02	1.508412e-04	3.000000e+01	4.857233e+03	   nan    	
1194 	5.964840e+02	1.521354e-04	3.000000e+01	4.857736e+03	   nan    	
1195 	5.969780e+02	1.533545e-04	3.000000e+01	4.858230e+03	   nan    	
1196 	5.974810e+02	1.528114e-04	3.000000e+01	4.858733e+03	   nan    	
1197 	5.979850e+02	1.536545e-04	3.000000e+01	4.859237e+03	   nan    	
1198 	5.984820e+02	1.530761e-04	3.000000e+01	4.859734e+03	   nan    	
1199 	5.989790e+02	1.524352e-04	3.000000e+01	4.860231e+03	   nan    	
1200 	5.994770e+02	1.527288e-04	3.000000e+01	4.860729e+03	   nan    	
1201 	5.999760e+02	1.527517e-04	3.000000e+01	4.861228e+03	   nan    	
1202 	6.004730e+02	1.523962e-04	3.000000e+01	4.861725e+03	   nan    	
1203 	6.009700e+02	1.520660e-04	3.000000e+01	4.862222e+03	   nan    	
1204 	6.014720e+02	1.518866e-04	3.000000e+01	4.862724e+03	   nan    	
1205 	6.019740e+02	1.531083e-04	3.000000e+01	4.863226e+03	   nan    	
1206 	6.024710e+02	1.535462e-04	3.000000e+01	4.863723e+03	   nan    	
1207 	6.029720e+02	1.523810e-04	3.000000e+01	4.864224e+03	   nan    	
1208 	6.034750e+02	1.534377e-04	3.000000e+01	4.864727e+03	   nan    	
1209 	6.039850e+02	1.523748e-04	3.000000e+01	4.865237e+03	   nan    	
1210 	6.044790e+02	1.518616e-04	3.000000e+01	4.865731e+03	   nan    	
1211 	6.049820e+02	1.529050e-04	3.000000e+01	4.866234e+03	   nan    	
1212 	6.054810e+02	1.518207e-04	3.000000e+01	4.866733e+03	   nan    	
1213 	6.059840e+02	1.521232e-04	3.000000e+01	4.867236e+03	   nan    	
1214 	6.064830e+02	1.523322e-04	3.000000e+01	4.867735e+03	   nan    	
1215 	6.069860e+02	1.524977e-04	3.000000e+01	4.868238e+03	   nan    	
1216 	6.074890e+02	1.524936e-04	3.000000e+01	4.868741e+03	   nan    	
1217 	6.079870e+02	1.515665e-04	3.000000e+01	4.869239e+03	   nan    	
1218 	6.084910e+02	1.516246e-04	3.000000e+01	4.869743e+03	   nan    	
1219 	6.089850e+02	1.517964e-04	3.000000e+01	4.870237e+03	   nan    	
1220 	6.094810e+02	1.517716e-04	3.000000e+01	4.870733e+03	   nan    	
1221 	6.099850e+02	1.523641e-04	3.000000e+01	4.871237e+03	   nan    	
1222 	6.104760e+02	1.528583e-04	3.000000e+01	4.871728e+03	   nan    	
1223 	6.109770e+02	1.520841e-04	3.000000e+01	4.872229e+03	   nan    	
1224 	6.114800e+02	1.510272e-04	3.000000e+01	4.872732e+03	   nan    	
1225 	6.119780e+02	1.517053e-04	3.000000e+01	4.873230e+03	   nan    	
1226 	6.124770e+02	1.512128e-04	3.000000e+01	4.873729e+03	   nan    	
1227 	6.129780e+02	1.511463e-04	3.000000e+01	4.874230e+03	   nan    	
1228 	6.134780e+02	1.511663e-04	3.000000e+01	4.874730e+03	   nan    	
1229 	6.139760e+02	1.505189e-04	3.000000e+01	4.875228e+03	   nan    	
1230 	6.144760e+02	1.501771e-04	3.000000e+01	4.875728e+03	   nan    	
1231 	6.149760e+02	1.504962e-04	3.000000e+01	4.876228e+03	   nan    	
1232 	6.154780e+02	1.504762e-04	3.000000e+01	4.876730e+03	   nan    	
1233 	6.159750e+02	1.505265e-04	3.000000e+01	4.877227e+03	   nan    	
1234 	6.164720e+02	1.513578e-04	3.000000e+01	4.877724e+03	   nan    	
1235 	6.169750e+02	1.503916e-04	3.000000e+01	4.878227e+03	   nan    	
1236 	6.174740e+02	1.511606e-04	3.000000e+01	4.878726e+03	   nan    	
1237 	6.179770e+02	1.511837e-04	3.000000e+01	4.879229e+03	   nan    	
1238 	6.184740e+02	1.517570e-04	3.000000e+01	4.879726e+03	   nan    	
1239 	6.189690e+02	1.511378e-04	3.000000e+01	4.880221e+03	   nan    	
1240 	6.194650e+02	1.510303e-04	3.000000e+01	4.880717e+03	   nan    	
1241 	6.199590e+02	1.505563e-04	3.000000e+01	4.881211e+03	   nan    	
1242 	6.204630e+02	1.508757e-04	3.000000e+01	4.881715e+03	   nan    	
1243 	6.209670e+02	1.509416e-04	3.000000e+01	4.882219e+03	   nan    	
1244 	6.214630e+02	1.514029e-04	3.000000e+01	4.882715e+03	   nan    	
1245 	6.219700e+02	1.507683e-04	3.000000e+01	4.883222e+03	   nan    	
1246 	6.224620e+02	1.501064e-04	3.000000e+01	4.883714e+03	   nan    	
1247 	6.229600e+02	1.515625e-04	3.000000e+01	4.884212e+03	   nan    	
1248 	6.234610e+02	1.501223e-04	3.000000e+01	4.884713e+03	   nan    	
1249 	6.239650e+02	1.500382e-04	3.000000e+01	4.885217e+03	   nan    	
1250 	6.244640e+02	1.496715e-04	3.000000e+01	4.885716e+03	   nan    	
1251 	6.249640e+02	1.493914e-04	3.000000e+01	4.886216e+03	   nan    	
1252 	6.254610e+02	1.492509e-04	3.000000e+01	4.886713e+03	   nan    	
1253 	6.259580e+02	1.490095e-04	3.000000e+01	4.887210e+03	   nan    	
1254 	6.264600e+02	1.491679e-04	3.000000e+01	4.887712e+03	   nan    	
1255 	6.269640e+02	1.494238e-04	3.000000e+01	4.888216e+03	   nan    	
1256 	6.274660e+02	1.486181e-04	3.000000e+01	4.888718e+03	   nan    	
1257 	6.279680e+02	1.486712e-04	3.000000e+01	4.889220e+03	   nan    	
1258 	6.284720e+02	1.487206e-04	3.000000e+01	4.889724e+03	   nan    	
1259 	6.289690e+02	1.477545e-04	3.000000e+01	4.890221e+03	   nan    	
1260 	6.294710e+02	1.481830e-04	3.000000e+01	4.890723e+03	   nan    	
1261 	6.299700e+02	1.482100e-04	3.000000e+01	4.891222e+03	   nan    	
1262 	6.304690e+02	1.515521e-04	3.000000e+01	4.891721e+03	   nan    	
1263 	6.309660e+02	1.508004e-04	3.000000e+01	4.892218e+03	   nan    	
1264 	6.314710e+02	1.526877e-04	3.000000e+01	4.892723e+03	   nan    	
1265 	6.319650e+02	1.520553e-04	3.000000e+01	4.893217e+03	   nan    	
1266 	6.324610e+02	1.521594e-04	3.000000e+01	4.893713e+03	   nan    	
1267 	6.329610e+02	1.518402e-04	3.000000e+01	4.894213e+03	   nan    	
1268 	6.334620e+02	1.503635e-04	3.000000e+01	4.894714e+03	   nan    	
1269 	6.339610e+02	1.498168e-04	3.000000e+01	4.895213e+03	   nan    	
1270 	6.344550e+02	1.496738e-04	3.000000e+01	4.895707e+03	   nan    	
1271 	6.349530e+02	1.489803e-04	3.000000e+01	4.896205e+03	   nan    	
1272 	6.354570e+02	1.502758e-04	3.000000e+01	4.896709e+03	   nan    	
1273 	6.359590e+02	1.489523e-04	3.000000e+01	4.897211e+03	   nan    	
1274 	6.364600e+02	1.495351e-04	3.000000e+01	4.897712e+03	   nan    	
1275 	6.369660e+02	1.500693e-04	3.000000e+01	4.898218e+03	   nan    	
1276 	6.374610e+02	1.499091e-04	3.000000e+01	4.898713e+03	   nan    	
1277 	6.379600e+02	1.498743e-04	3.000000e+01	4.899212e+03	   nan    	
1278 	6.384600e+02	1.491871e-04	3.000000e+01	4.899712e+03	   nan    	
1279 	6.389600e+02	1.492018e-04	3.000000e+01	4.900212e+03	   nan    	
1280 	6.394570e+02	1.483588e-04	3.000000e+01	4.900709e+03	   nan    	
1281 	6.399520e+02	1.480414e-04	3.000000e+01	4.901204e+03	   nan    	
1282 	6.404490e+02	1.489093e-04	3.000000e+01	4.901701e+03	   nan    	
1283 	6.409480e+02	1.477508e-04	3.000000e+01	4.902200e+03	   nan    	
1284 	6.414510e+02	1.482772e-04	3.000000e+01	4.902703e+03	   nan    	
1285 	6.419460e+02	1.493436e-04	3.000000e+01	4.903198e+03	   nan    	
1286 	6.424490e+02	1.502564e-04	3.000000e+01	4.903701e+03	   nan    	
1287 	6.429500e+02	1.497276e-04	3.000000e+01	4.904202e+03	   nan    	
1288 	6.434460e+02	1.491233e-04	3.000000e+01	4.904698e+03	   nan    	
1289 	6.439530e+02	1.496313e-04	3.000000e+01	4.905205e+03	   nan    	
1290 	6.444620e+02	1.496413e-04	3.000000e+01	4.905714e+03	   nan    	
1291 	6.449670e+02	1.494496e-04	3.000000e+01	4.906219e+03	   nan    	
1292 	6.454700e+02	1.495397e-04	3.000000e+01	4.906722e+03	   nan    	
1293 	6.459620e+02	1.493602e-04	3.000000e+01	4.907214e+03	   nan    	
1294 	6.464590e+02	1.499245e-04	3.000000e+01	4.907711e+03	   nan    	
1295 	6.469560e+02	1.497592e-04	3.000000e+01	4.908208e+03	   nan    	
1296 	6.474560e+02	1.495573e-04	3.000000e+01	4.908708e+03	   nan    	
1297 	6.479510e+02	1.490684e-04	3.000000e+01	4.909203e+03	   nan    	
1298 	6.484510e+02	1.489173e-04	3.000000e+01	4.909703e+03	   nan    	
1299 	6.489520e+02	1.507402e-04	3.000000e+01	4.910204e+03	   nan    	
1300 	6.494500e+02	1.508448e-04	3.000000e+01	4.910702e+03	   nan    	
1301 	6.499460e+02	1.514297e-04	3.000000e+01	4.911198e+03	   nan    	
1302 	6.504450e+02	1.506406e-04	3.000000e+01	4.911697e+03	   nan    	
1303 	6.509420e+02	1.504593e-04	3.000000e+01	4.912194e+03	   nan    	
1304 	6.514440e+02	1.517829e-04	3.000000e+01	4.912696e+03	   nan    	
1305 	6.519620e+02	1.506294e-04	3.000000e+01	4.913214e+03	   nan    	
1306 	6.524570e+02	1.518655e-04	3.000000e+01	4.913709e+03	   nan    	
1307 	6.529580e+02	1.509127e-04	3.000000e+01	4.914210e+03	   nan    	
1308 	6.534730e+02	1.500932e-04	3.000000e+01	4.914725e+03	   nan    	
1309 	6.539650e+02	1.502646e-04	3.000000e+01	4.915217e+03	   nan    	
1310 	6.544720e+02	1.488086e-04	3.000000e+01	4.915724e+03	   nan    	
1311 	6.549650e+02	1.501503e-04	3.000000e+01	4.916217e+03	   nan    	
1312 	6.554670e+02	1.493315e-04	3.000000e+01	4.916719e+03	   nan    	
1313 	6.559620e+02	1.493055e-04	3.000000e+01	4.917214e+03	   nan    	
1314 	6.564610e+02	1.485029e-04	3.000000e+01	4.917713e+03	   nan    	
1315 	6.569630e+02	1.486693e-04	3.000000e+01	4.918215e+03	   nan    	
1316 	6.574620e+02	1.489181e-04	3.000000e+01	4.918714e+03	   nan    	
1317 	6.579620e+02	1.486216e-04	3.000000e+01	4.919214e+03	   nan    	
1318 	6.584680e+02	1.490623e-04	3.000000e+01	4.919720e+03	   nan    	
1319 	6.589610e+02	1.486033e-04	3.000000e+01	4.920213e+03	   nan    	
1320 	6.594590e+02	1.488153e-04	3.000000e+01	4.920711e+03	   nan    	
1321 	6.599560e+02	1.486511e-04	3.000000e+01	4.921208e+03	   nan    	
1322 	6.604570e+02	1.496202e-04	3.000000e+01	4.921709e+03	   nan    	
1323 	6.609630e+02	1.498302e-04	3.000000e+01	4.922215e+03	   nan    	
1324 	6.614620e+02	1.495107e-04	3.000000e+01	4.922714e+03	   nan    	
1325 	6.619620e+02	1.488829e-04	3.000000e+01	4.923214e+03	   nan    	
1326 	6.624680e+02	1.479180e-04	3.000000e+01	4.923720e+03	   nan    	
1327 	6.629670e+02	1.478498e-04	3.000000e+01	4.924219e+03	   nan    	
1328 	6.634560e+02	1.468597e-04	3.000000e+01	4.924708e+03	   nan    	
1329 	6.639510e+02	1.467064e-04	3.000000e+01	4.925203e+03	   nan    	
1330 	6.644530e+02	1.469161e-04	3.000000e+01	4.925705e+03	   nan    	
1331 	6.649490e+02	1.465400e-04	3.000000e+01	4.926201e+03	   nan    	
1332 	6.654460e+02	1.469178e-04	3.000000e+01	4.926698e+03	   nan    	
1333 	6.659470e+02	1.457981e-04	3.000000e+01	4.927199e+03	   nan    	
1334 	6.664430e+02	1.478842e-04	3.000000e+01	4.927695e+03	   nan    	
1335 	6.669360e+02	1.475115e-04	3.000000e+01	4.928188e+03	   nan    	
1336 	6.674520e+02	1.472745e-04	3.000000e+01	4.928704e+03	   nan    	
1337 	6.679370e+02	1.472983e-04	3.000000e+01	4.929189e+03	   nan    	
1338 	6.684360e+02	1.467157e-04	3.000000e+01	4.929688e+03	   nan    	
1339 	6.689360e+02	1.464644e-04	3.000000e+01	4.930188e+03	   nan    	
1340 	6.694240e+02	1.455928e-04	3.000000e+01	4.930676e+03	   nan    	
1341 	6.699280e+02	1.454570e-04	3.000000e+01	4.931180e+03	   nan    	
1342 	6.704310e+02	1.452425e-04	3.000000e+01	4.931683e+03	   nan    	
1343 	6.709280e+02	1.479056e-04	3.000000e+01	4.932180e+03	   nan    	
1344 	6.714240e+02	1.484168e-04	3.000000e+01	4.932676e+03	   nan    	
1345 	6.719260e+02	1.472442e-04	3.000000e+01	4.933178e+03	   nan    	
1346 	6.724300e+02	1.477522e-04	3.000000e+01	4.933682e+03	   nan    	
1347 	6.729320e+02	1.483234e-04	3.000000e+01	4.934184e+03	   nan    	
1348 	6.734330e+02	1.480651e-04	3.000000e+01	4.934685e+03	   nan    	
1349 	6.739260e+02	1.476492e-04	3.000000e+01	4.935178e+03	   nan    	
1350 	6.744220e+02	1.469546e-04	3.000000e+01	4.935674e+03	   nan    	
1351 	6.749270e+02	1.476547e-04	3.000000e+01	4.936179e+03	   nan    	
1352 	6.754280e+02	1.468333e-04	3.000000e+01	4.936680e+03	   nan    	
1353 	6.759220e+02	1.460972e-04	3.000000e+01	4.937174e+03	   nan    	
1354 	6.764250e+02	1.483215e-04	3.000000e+01	4.937677e+03	   nan    	
1355 	6.769220e+02	1.473617e-04	3.000000e+01	4.938174e+03	   nan    	
1356 	6.774220e+02	1.458266e-04	3.000000e+01	4.938674e+03	   nan    	
1357 	6.779250e+02	1.461135e-04	3.000000e+01	4.939177e+03	   nan    	
1358 	6.784220e+02	1.467341e-04	3.000000e+01	4.939674e+03	   nan    	
1359 	6.789240e+02	1.467881e-04	3.000000e+01	4.940176e+03	   nan    	
1360 	6.794250e+02	1.481681e-04	3.000000e+01	4.940677e+03	   nan    	
1361 	6.799210e+02	1.462311e-04	3.000000e+01	4.941173e+03	   nan    	
1362 	6.804220e+02	1.459389e-04	3.000000e+01	4.941674e+03	   nan    	
1363 	6.809240e+02	1.459422e-04	3.000000e+01	4.942176e+03	   nan    	
1364 	6.814210e+02	1.469480e-04	3.000000e+01	4.942673e+03	   nan    	
1365 	6.819160e+02	1.473845e-04	3.000000e+01	4.943168e+03	   nan    	
1366 	6.824120e+02	1.464250e-04	3.000000e+01	4.943664e+03	   nan    	
1367 	6.829090e+02	1.465859e-04	3.000000e+01	4.944161e+03	   nan    	
1368 	6.834090e+02	1.476415e-04	3.000000e+01	4.944661e+03	   nan    	
1369 	6.839100e+02	1.472780e-04	3.000000e+01	4.945162e+03	   nan    	
1370 	6.844130e+02	1.469178e-04	3.000000e+01	4.945665e+03	   nan    	
1371 	6.849130e+02	1.465676e-04	3.000000e+01	4.946165e+03	   nan    	
1372 	6.854140e+02	1.478271e-04	3.000000e+01	4.946666e+03	   nan    	
1373 	6.859120e+02	1.480723e-04	3.000000e+01	4.947164e+03	   nan    	
1374 	6.864150e+02	1.475300e-04	3.000000e+01	4.947667e+03	   nan    	
1375 	6.869080e+02	1.474746e-04	3.000000e+01	4.948160e+03	   nan    	
1376 	6.874120e+02	1.474242e-04	3.000000e+01	4.948664e+03	   nan    	
1377 	6.879100e+02	1.476484e-04	3.000000e+01	4.949162e+03	   nan    	
1378 	6.884050e+02	1.476731e-04	3.000000e+01	4.949657e+03	   nan    	
1379 	6.889070e+02	1.471418e-04	3.000000e+01	4.950159e+03	   nan    	
1380 	6.894120e+02	1.472748e-04	3.000000e+01	4.950664e+03	   nan    	
1381 	6.899040e+02	1.465761e-04	3.000000e+01	4.951156e+03	   nan    	
1382 	6.903990e+02	1.460509e-04	3.000000e+01	4.951651e+03	   nan    	
1383 	6.909000e+02	1.470647e-04	3.000000e+01	4.952152e+03	   nan    	
1384 	6.914030e+02	1.471844e-04	3.000000e+01	4.952655e+03	   nan    	
1385 	6.919000e+02	1.471075e-04	3.000000e+01	4.953152e+03	   nan    	
1386 	6.923940e+02	1.471649e-04	3.000000e+01	4.953646e+03	   nan    	
1387 	6.928910e+02	1.474377e-04	3.000000e+01	4.954143e+03	   nan    	
1388 	6.933840e+02	1.475901e-04	3.000000e+01	4.954636e+03	   nan    	
1389 	6.938870e+02	1.484282e-04	3.000000e+01	4.955139e+03	   nan    	
1390 	6.943870e+02	1.495431e-04	3.000000e+01	4.955639e+03	   nan    	
1391 	6.948880e+02	1.479292e-04	3.000000e+01	4.956140e+03	   nan    	
1392 	6.953950e+02	1.462003e-04	3.000000e+01	4.956647e+03	   nan    	
1393 	6.958910e+02	1.463761e-04	3.000000e+01	4.957143e+03	   nan    	
1394 	6.963860e+02	1.479179e-04	3.000000e+01	4.957638e+03	   nan    	
1395 	6.968920e+02	1.476758e-04	3.000000e+01	4.958144e+03	   nan    	
1396 	6.973920e+02	1.476575e-04	3.000000e+01	4.958644e+03	   nan    	
1397 	6.978920e+02	1.479282e-04	3.000000e+01	4.959144e+03	   nan    	
1398 	6.983940e+02	1.484145e-04	3.000000e+01	4.959646e+03	   nan    	
1399 	6.988950e+02	1.482897e-04	3.000000e+01	4.960147e+03	   nan    	
1400 	6.994000e+02	1.482565e-04	3.000000e+01	4.960652e+03	   nan    	
1401 	6.999070e+02	1.485330e-04	3.000000e+01	4.961159e+03	   nan    	
1402 	7.004030e+02	1.476866e-04	3.000000e+01	4.961655e+03	   nan    	
1403 	7.009090e+02	1.473731e-04	3.000000e+01	4.962161e+03	   nan    	
1404 	7.014140e+02	1.482025e-04	3.000000e+01	4.962666e+03	   nan    	
1405 	7.019100e+02	1.477306e-04	3.000000e+01	4.963162e+03	   nan    	
1406 	7.024050e+02	1.469522e-04	3.000000e+01	4.963657e+03	   nan    	
1407 	7.029030e+02	1.489853e-04	3.000000e+01	4.964155e+03	   nan    	
1408 	7.034070e+02	1.491942e-04	3.000000e+01	4.964659e+03	   nan    	
1409 	7.039080e+02	1.484956e-04	3.000000e+01	4.965160e+03	   nan    	
1410 	7.044090e+02	1.475642e-04	3.000000e+01	4.965661e+03	   nan    	
1411 	7.049130e+02	1.476382e-04	3.000000e+01	4.966165e+03	   nan    	
1412 	7.054090e+02	1.481056e-04	3.000000e+01	4.966661e+03	   nan    	
1413 	7.059080e+02	1.473351e-04	3.000000e+01	4.967160e+03	   nan    	
1414 	7.064050e+02	1.469519e-04	3.000000e+01	4.967657e+03	   nan    	
1415 	7.069090e+02	1.452828e-04	3.000000e+01	4.968161e+03	   nan    	
1416 	7.074110e+02	1.460728e-04	3.000000e+01	4.968663e+03	   nan    	
1417 	7.079160e+02	1.453213e-04	3.000000e+01	4.969168e+03	   nan    	
1418 	7.084230e+02	1.447391e-04	3.000000e+01	4.969675e+03	   nan    	
1419 	7.089150e+02	1.448366e-04	3.000000e+01	4.970167e+03	   nan    	
1420 	7.094220e+02	1.444357e-04	3.000000e+01	4.970674e+03	   nan    	
1421 	7.099270e+02	1.445988e-04	3.000000e+01	4.971179e+03	   nan    	
1422 	7.104170e+02	1.447498e-04	3.000000e+01	4.971669e+03	   nan    	
1423 	7.109250e+02	1.439003e-04	3.000000e+01	4.972177e+03	   nan    	
1424 	7.114230e+02	1.435750e-04	3.000000e+01	4.972675e+03	   nan    	
1425 	7.119220e+02	1.442349e-04	3.000000e+01	4.973174e+03	   nan    	
1426 	7.124160e+02	1.439193e-04	3.000000e+01	4.973668e+03	   nan    	
1427 	7.129130e+02	1.437411e-04	3.000000e+01	4.974165e+03	   nan    	
