# Step 	    Time    	  Current   	  Voltage   	Absolute time	Temperature 	
#   i  	     s      	     A      	     V      	     s      	     C      	
2022-11-13T18:49:22.106752
  0  	0.000000e+00	3.947224e-12	0.000000e+00	2.053660e+03	   nan    	
  1  	4.980000e-01	5.767990e-12	0.000000e+00	2.054158e+03	   nan    	
  2  	1.001000e+00	1.289932e-11	0.000000e+00	2.054661e+03	   nan    	
  3  	1.501000e+00	1.138201e-11	0.000000e+00	2.055161e+03	   nan    	
  4  	2.004000e+00	2.923058e-12	0.000000e+00	2.055664e+03	   nan    	
  5  	2.500000e+00	9.106063e-12	0.000000e+00	2.056160e+03	   nan    	
  6  	3.005000e+00	9.788849e-12	0.000000e+00	2.056665e+03	   nan    	
  7  	3.500000e+00	1.202687e-11	0.000000e+00	2.057160e+03	   nan    	
  8  	4.004000e+00	1.217859e-11	0.000000e+00	2.057664e+03	   nan    	
  9  	4.500000e+00	1.134409e-11	0.000000e+00	2.058160e+03	   nan    	
 10  	4.998000e+00	7.317139e-11	0.000000e+00	2.058658e+03	   nan    	
 11  	5.493000e+00	5.193076e-11	0.000000e+00	2.059153e+03	   nan    	
 12  	5.993000e+00	7.332309e-11	0.000000e+00	2.059653e+03	   nan    	
 13  	6.494000e+00	8.709158e-11	0.000000e+00	2.060154e+03	   nan    	
 14  	6.992000e+00	9.911530e-11	0.000000e+00	2.060652e+03	   nan    	
 15  	7.490000e+00	1.015807e-10	0.000000e+00	2.061150e+03	   nan    	
 16  	7.992000e+00	1.178905e-10	0.000000e+00	2.061652e+03	   nan    	
 17  	8.490000e+00	1.382587e-10	0.000000e+00	2.062150e+03	   nan    	
 18  	8.993000e+00	1.381070e-10	0.000000e+00	2.062653e+03	   nan    	
 19  	9.498000e+00	1.558581e-10	0.000000e+00	2.063158e+03	   nan    	
 20  	9.991000e+00	1.655302e-10	0.000000e+00	2.063651e+03	   nan    	
 21  	1.048600e+01	1.902224e-10	0.000000e+00	2.064146e+03	   nan    	
 22  	1.098800e+01	1.888189e-10	0.000000e+00	2.064648e+03	   nan    	
 23  	1.148400e+01	2.003875e-10	0.000000e+00	2.065144e+03	   nan    	
 24  	1.198600e+01	2.177594e-10	0.000000e+00	2.065646e+03	   nan    	
 25  	1.248900e+01	2.241315e-10	0.000000e+00	2.066149e+03	   nan    	
 26  	1.299100e+01	2.432481e-10	0.000000e+00	2.066651e+03	   nan    	
 27  	1.349500e+01	2.592543e-10	0.000000e+00	2.067155e+03	   nan    	
 28  	1.399600e+01	2.708988e-10	0.000000e+00	2.067656e+03	   nan    	
 29  	1.449800e+01	2.803432e-10	0.000000e+00	2.068158e+03	   nan    	
 30  	1.500200e+01	2.972979e-10	0.000000e+00	2.068662e+03	   nan    	
 31  	1.549700e+01	3.087147e-10	0.000000e+00	2.069157e+03	   nan    	
 32  	1.600100e+01	3.180075e-10	0.000000e+00	2.069661e+03	   nan    	
 33  	1.650300e+01	3.342416e-10	0.000000e+00	2.070163e+03	   nan    	
 34  	1.700700e+01	3.426618e-10	0.000000e+00	2.070667e+03	   nan    	
 35  	1.751000e+01	3.554821e-10	0.000000e+00	2.071170e+03	   nan    	
 36  	1.800600e+01	3.657610e-10	0.000000e+00	2.071666e+03	   nan    	
 37  	1.850300e+01	3.740676e-10	0.000000e+00	2.072163e+03	   nan    	
 38  	1.900600e+01	3.952703e-10	0.000000e+00	2.072666e+03	   nan    	
 39  	1.950500e+01	3.817673e-10	0.000000e+00	2.073165e+03	   nan    	
 40  	2.001000e+01	4.005047e-10	0.000000e+00	2.073670e+03	   nan    	
 41  	2.051200e+01	4.372583e-10	0.000000e+00	2.074172e+03	   nan    	
 42  	2.101700e+01	4.447686e-10	0.000000e+00	2.074677e+03	   nan    	
 43  	2.152800e+01	4.545923e-10	0.000000e+00	2.075188e+03	   nan    	
 44  	2.202300e+01	4.530751e-10	0.000000e+00	2.075683e+03	   nan    	
 45  	2.253900e+01	4.499649e-10	0.000000e+00	2.076199e+03	   nan    	
 46  	2.302800e+01	4.722298e-10	0.000000e+00	2.076688e+03	   nan    	
 47  	2.353300e+01	4.663505e-10	0.000000e+00	2.077193e+03	   nan    	
 48  	2.411700e+01	4.599403e-10	0.000000e+00	2.077777e+03	   nan    	
 49  	2.453100e+01	4.749605e-10	0.000000e+00	2.078191e+03	   nan    	
 50  	2.503900e+01	4.847464e-10	0.000000e+00	2.078699e+03	   nan    	
 51  	2.552300e+01	5.015115e-10	0.000000e+00	2.079183e+03	   nan    	
 52  	2.602300e+01	5.048871e-10	0.000000e+00	2.079683e+03	   nan    	
 53  	2.652000e+01	5.374308e-10	0.000000e+00	2.080180e+03	   nan    	
 54  	2.702200e+01	5.399721e-10	0.000000e+00	2.080682e+03	   nan    	
 55  	2.752500e+01	5.454717e-10	0.000000e+00	2.081185e+03	   nan    	
 56  	2.803700e+01	5.519575e-10	0.000000e+00	2.081697e+03	   nan    	
 57  	2.861100e+01	5.496064e-10	0.000000e+00	2.082271e+03	   nan    	
 58  	2.903400e+01	5.765362e-10	0.000000e+00	2.082694e+03	   nan    	
 59  	2.961200e+01	5.775604e-10	0.000000e+00	2.083272e+03	   nan    	
 60  	3.003400e+01	5.713398e-10	0.000000e+00	2.083694e+03	   nan    	
 61  	3.054400e+01	5.868908e-10	0.000000e+00	2.084204e+03	   nan    	
 62  	3.104300e+01	5.868535e-10	0.000000e+00	2.084703e+03	   nan    	
 63  	3.153600e+01	5.921633e-10	0.000000e+00	2.085196e+03	   nan    	
 64  	3.204100e+01	5.914045e-10	0.000000e+00	2.085701e+03	   nan    	
 65  	3.254200e+01	6.041871e-10	0.000000e+00	2.086202e+03	   nan    	
 66  	3.304700e+01	6.087386e-10	0.000000e+00	2.086707e+03	   nan    	
 67  	3.362200e+01	6.046041e-10	0.000000e+00	2.087282e+03	   nan    	
 68  	3.404000e+01	6.146934e-10	0.000000e+00	2.087700e+03	   nan    	
 69  	3.453700e+01	6.123416e-10	0.000000e+00	2.088197e+03	   nan    	
 70  	3.504700e+01	6.200032e-10	0.000000e+00	2.088707e+03	   nan    	
 71  	3.561800e+01	6.315718e-10	0.000000e+00	2.089278e+03	   nan    	
 72  	3.611700e+01	6.330134e-10	0.000000e+00	2.089777e+03	   nan    	
 73  	3.662000e+01	6.332789e-10	0.000000e+00	2.090280e+03	   nan    	
 74  	3.712000e+01	6.416994e-10	0.000000e+00	2.090780e+03	   nan    	
 75  	3.762400e+01	6.461750e-10	0.000000e+00	2.091284e+03	   nan    	
 76  	3.813000e+01	6.469716e-10	0.000000e+00	2.091790e+03	   nan    	
 77  	3.862300e+01	6.564542e-10	0.000000e+00	2.092283e+03	   nan    	
 78  	3.912000e+01	6.564163e-10	0.000000e+00	2.092780e+03	   nan    	
 79  	3.962000e+01	6.531162e-10	0.000000e+00	2.093280e+03	   nan    	
 80  	4.012200e+01	6.616505e-10	0.000000e+00	2.093782e+03	   nan    	
 81  	4.062500e+01	6.647229e-10	0.000000e+00	2.094285e+03	   nan    	
 82  	4.112500e+01	6.652538e-10	0.000000e+00	2.094785e+03	   nan    	
 83  	4.162300e+01	6.695781e-10	0.000000e+00	2.095283e+03	   nan    	
 84  	4.212700e+01	6.743190e-10	0.000000e+00	2.095787e+03	   nan    	
 85  	4.262600e+01	6.747362e-10	0.000000e+00	2.096286e+03	   nan    	
 86  	4.312200e+01	6.810705e-10	0.000000e+00	2.096782e+03	   nan    	
 87  	4.361900e+01	6.809187e-10	0.000000e+00	2.097279e+03	   nan    	
 88  	4.411600e+01	6.847875e-10	0.000000e+00	2.097776e+03	   nan    	
 89  	4.461900e+01	6.868737e-10	0.000000e+00	2.098279e+03	   nan    	
 90  	4.512200e+01	6.896805e-10	0.000000e+00	2.098782e+03	   nan    	
 91  	4.562200e+01	6.911220e-10	0.000000e+00	2.099282e+03	   nan    	
 92  	4.612600e+01	6.844843e-10	0.000000e+00	2.099786e+03	   nan    	
 93  	4.662800e+01	6.914632e-10	0.000000e+00	2.100288e+03	   nan    	
 94  	4.713100e+01	7.028799e-10	0.000000e+00	2.100791e+03	   nan    	
 95  	4.762700e+01	6.930181e-10	0.000000e+00	2.101287e+03	   nan    	
 96  	4.812800e+01	7.005663e-10	0.000000e+00	2.101788e+03	   nan    	
 97  	4.862800e+01	6.930941e-10	0.000000e+00	2.102288e+03	   nan    	
 98  	4.913000e+01	7.035245e-10	0.000000e+00	2.102790e+03	   nan    	
 99  	4.962500e+01	7.033352e-10	0.000000e+00	2.103285e+03	   nan    	
 100 	5.012900e+01	7.046626e-10	0.000000e+00	2.103789e+03	   nan    	
 101 	5.063100e+01	7.041696e-10	0.000000e+00	2.104291e+03	   nan    	
 102 	5.112400e+01	7.079627e-10	0.000000e+00	2.104784e+03	   nan    	
 103 	5.163500e+01	7.119448e-10	0.000000e+00	2.105295e+03	   nan    	
 104 	5.212700e+01	7.139555e-10	0.000000e+00	2.105787e+03	   nan    	
 105 	5.262900e+01	7.153209e-10	0.000000e+00	2.106289e+03	   nan    	
 106 	5.312500e+01	7.155104e-10	0.000000e+00	2.106785e+03	   nan    	
 107 	5.362400e+01	7.166861e-10	0.000000e+00	2.107284e+03	   nan    	
 108 	5.412900e+01	7.124381e-10	0.000000e+00	2.107789e+03	   nan    	
 109 	5.462900e+01	7.176345e-10	0.000000e+00	2.108289e+03	   nan    	
 110 	5.513300e+01	7.213138e-10	0.000000e+00	2.108793e+03	   nan    	
 111 	5.562700e+01	7.204414e-10	0.000000e+00	2.109287e+03	   nan    	
 112 	5.612700e+01	7.224134e-10	0.000000e+00	2.109787e+03	   nan    	
 113 	5.662700e+01	7.254480e-10	0.000000e+00	2.110287e+03	   nan    	
 114 	5.712300e+01	7.281411e-10	0.000000e+00	2.110783e+03	   nan    	
 115 	5.762500e+01	7.223757e-10	0.000000e+00	2.111285e+03	   nan    	
 116 	5.813000e+01	7.292790e-10	0.000000e+00	2.111790e+03	   nan    	
 117 	5.863100e+01	7.317064e-10	0.000000e+00	2.112291e+03	   nan    	
 118 	5.913600e+01	7.280275e-10	0.000000e+00	2.112796e+03	   nan    	
 119 	5.963600e+01	7.315927e-10	0.000000e+00	2.113296e+03	   nan    	
 120 	6.013700e+01	7.366752e-10	0.000000e+00	2.113797e+03	   nan    	
 121 	6.063800e+01	7.287857e-10	0.000000e+00	2.114298e+03	   nan    	
 122 	6.113400e+01	7.288241e-10	0.000000e+00	2.114794e+03	   nan    	
 123 	6.163300e+01	7.312512e-10	0.000000e+00	2.115293e+03	   nan    	
 124 	6.214100e+01	7.236277e-10	0.000000e+00	2.115801e+03	   nan    	
 125 	6.263500e+01	7.361065e-10	0.000000e+00	2.116295e+03	   nan    	
 126 	6.313700e+01	7.328821e-10	0.000000e+00	2.116797e+03	   nan    	
 127 	6.363400e+01	7.281788e-10	0.000000e+00	2.117294e+03	   nan    	
 128 	6.413500e+01	7.316684e-10	0.000000e+00	2.117795e+03	   nan    	
 129 	6.463600e+01	7.345131e-10	0.000000e+00	2.118296e+03	   nan    	
 130 	6.513900e+01	7.418721e-10	0.000000e+00	2.118799e+03	   nan    	
 131 	6.564900e+01	7.384959e-10	0.000000e+00	2.119309e+03	   nan    	
 132 	6.613500e+01	7.401649e-10	0.000000e+00	2.119795e+03	   nan    	
 133 	6.663800e+01	7.348169e-10	0.000000e+00	2.120298e+03	   nan    	
 134 	6.713500e+01	7.411510e-10	0.000000e+00	2.120795e+03	   nan    	
 135 	6.763600e+01	7.400129e-10	0.000000e+00	2.121296e+03	   nan    	
 136 	6.814500e+01	7.394063e-10	0.000000e+00	2.121805e+03	   nan    	
 137 	6.863500e+01	7.443374e-10	0.000000e+00	2.122295e+03	   nan    	
 138 	6.913300e+01	7.405444e-10	0.000000e+00	2.122793e+03	   nan    	
 139 	6.963600e+01	7.425542e-10	0.000000e+00	2.123296e+03	   nan    	
 140 	7.013900e+01	7.409992e-10	0.000000e+00	2.123799e+03	   nan    	
 141 	7.064100e+01	7.374339e-10	0.000000e+00	2.124301e+03	   nan    	
 142 	7.114300e+01	7.458165e-10	0.000000e+00	2.124803e+03	   nan    	
 143 	7.164800e+01	7.360680e-10	0.000000e+00	2.125308e+03	   nan    	
 144 	7.214600e+01	7.403545e-10	0.000000e+00	2.125806e+03	   nan    	
 145 	7.263500e+01	7.449439e-10	0.000000e+00	2.126295e+03	   nan    	
 146 	7.313400e+01	7.456268e-10	0.000000e+00	2.126794e+03	   nan    	
 147 	7.363600e+01	7.509747e-10	0.000000e+00	2.127296e+03	   nan    	
 148 	7.413800e+01	7.359167e-10	0.000000e+00	2.127798e+03	   nan    	
 149 	7.464500e+01	7.461581e-10	0.000000e+00	2.128305e+03	   nan    	
 150 	7.514600e+01	7.400509e-10	0.000000e+00	2.128806e+03	   nan    	
 151 	7.565300e+01	7.399747e-10	0.000000e+00	2.129313e+03	   nan    	
 152 	7.614700e+01	7.439577e-10	0.000000e+00	2.129807e+03	   nan    	
 153 	7.664700e+01	7.529849e-10	0.000000e+00	2.130307e+03	   nan    	
 154 	7.714300e+01	7.474095e-10	0.000000e+00	2.130803e+03	   nan    	
 155 	7.764600e+01	7.383064e-10	0.000000e+00	2.131306e+03	   nan    	
 156 	7.814100e+01	7.400129e-10	0.000000e+00	2.131801e+03	   nan    	
 157 	7.864100e+01	7.408096e-10	0.000000e+00	2.132301e+03	   nan    	
 158 	7.914200e+01	7.449822e-10	0.000000e+00	2.132802e+03	   nan    	
 159 	7.964200e+01	7.439575e-10	0.000000e+00	2.133302e+03	   nan    	
 160 	8.014700e+01	7.417199e-10	0.000000e+00	2.133807e+03	   nan    	
 161 	8.064700e+01	7.414924e-10	0.000000e+00	2.134307e+03	   nan    	
 162 	8.114700e+01	7.424402e-10	0.000000e+00	2.134807e+03	   nan    	
 163 	8.164900e+01	7.414545e-10	0.000000e+00	2.135309e+03	   nan    	
 164 	8.215100e+01	7.434639e-10	0.000000e+00	2.135811e+03	   nan    	
 165 	8.265300e+01	7.417577e-10	0.000000e+00	2.136313e+03	   nan    	
 166 	8.315200e+01	7.388372e-10	0.000000e+00	2.136812e+03	   nan    	
 167 	8.365300e+01	7.453609e-10	0.000000e+00	2.137313e+03	   nan    	
 168 	8.415200e+01	7.403163e-10	0.000000e+00	2.137812e+03	   nan    	
 169 	8.465300e+01	7.444129e-10	0.000000e+00	2.138313e+03	   nan    	
 170 	8.515200e+01	7.405058e-10	0.000000e+00	2.138812e+03	   nan    	
 171 	8.556700e+01	7.403163e-10	0.000000e+00	2.139227e+03	   nan    	
 172 	8.607000e+01	7.372061e-10	0.000000e+00	2.139730e+03	   nan    	
 173 	8.664500e+01	7.422505e-10	0.000000e+00	2.140305e+03	   nan    	
 174 	8.714700e+01	7.395581e-10	0.000000e+00	2.140807e+03	   nan    	
 175 	8.765000e+01	7.406958e-10	0.000000e+00	2.141310e+03	   nan    	
 176 	8.814500e+01	7.396337e-10	0.000000e+00	2.141805e+03	   nan    	
 177 	8.856700e+01	7.358782e-10	0.000000e+00	2.142227e+03	   nan    	
 178 	8.906400e+01	7.354230e-10	0.000000e+00	2.142724e+03	   nan    	
 179 	8.956300e+01	7.363337e-10	0.000000e+00	2.143223e+03	   nan    	
 180 	9.005300e+01	7.296581e-10	0.000000e+00	2.143713e+03	   nan    	
 181 	9.054900e+01	7.254857e-10	0.000000e+00	2.144209e+03	   nan    	
 182 	9.105100e+01	7.245377e-10	0.000000e+00	2.144711e+03	   nan    	
 183 	9.154700e+01	7.216928e-10	0.000000e+00	2.145207e+03	   nan    	
 184 	9.204900e+01	7.260929e-10	0.000000e+00	2.145709e+03	   nan    	
 185 	9.254400e+01	7.266996e-10	0.000000e+00	2.146204e+03	   nan    	
 186 	9.304500e+01	7.257512e-10	0.000000e+00	2.146705e+03	   nan    	
 187 	9.354200e+01	7.216931e-10	0.000000e+00	2.147202e+03	   nan    	
 188 	9.404300e+01	7.234754e-10	0.000000e+00	2.147703e+03	   nan    	
 189 	9.454300e+01	7.202134e-10	0.000000e+00	2.148203e+03	   nan    	
 190 	9.504400e+01	7.280651e-10	0.000000e+00	2.148704e+03	   nan    	
 191 	9.555000e+01	7.310996e-10	0.000000e+00	2.149210e+03	   nan    	
 192 	9.605200e+01	7.318201e-10	0.000000e+00	2.149712e+03	   nan    	
 193 	9.655300e+01	7.295824e-10	0.000000e+00	2.150213e+03	   nan    	
 194 	9.705600e+01	7.364475e-10	0.000000e+00	2.150716e+03	   nan    	
 195 	9.756000e+01	7.279509e-10	0.000000e+00	2.151220e+03	   nan    	
 196 	9.805400e+01	7.224518e-10	0.000000e+00	2.151714e+03	   nan    	
 197 	9.856400e+01	7.283304e-10	0.000000e+00	2.152224e+03	   nan    	
 198 	9.914800e+01	7.307961e-10	0.000000e+00	2.152808e+03	   nan    	
 199 	9.955900e+01	7.235510e-10	0.000000e+00	2.153219e+03	   nan    	
 200 	1.000650e+02	7.355370e-10	0.000000e+00	2.153725e+03	   nan    	
 201 	1.005690e+02	7.253337e-10	0.000000e+00	2.154229e+03	   nan    	
 202 	1.010630e+02	7.208964e-10	0.000000e+00	2.154723e+03	   nan    	
 203 	1.015540e+02	7.244237e-10	0.000000e+00	2.155214e+03	   nan    	
 204 	1.020560e+02	7.269650e-10	0.000000e+00	2.155716e+03	   nan    	
 205 	1.025580e+02	7.181274e-10	0.000000e+00	2.156218e+03	   nan    	
 206 	1.030590e+02	7.243859e-10	0.000000e+00	2.156719e+03	   nan    	
 207 	1.035620e+02	7.223000e-10	0.000000e+00	2.157222e+03	   nan    	
 208 	1.040710e+02	7.316681e-10	0.000000e+00	2.157731e+03	   nan    	
 209 	1.045710e+02	7.180515e-10	0.000000e+00	2.158231e+03	   nan    	
 210 	1.050740e+02	7.205927e-10	0.000000e+00	2.158734e+03	   nan    	
 211 	1.056510e+02	7.224892e-10	0.000000e+00	2.159311e+03	   nan    	
 212 	1.061510e+02	7.228309e-10	0.000000e+00	2.159811e+03	   nan    	
 213 	1.065630e+02	7.061797e-10	0.000000e+00	2.160223e+03	   nan    	
 214 	1.070640e+02	7.152451e-10	0.000000e+00	2.160724e+03	   nan    	
 215 	1.075700e+02	7.144857e-10	0.000000e+00	2.161230e+03	   nan    	
 216 	1.080750e+02	7.149412e-10	0.000000e+00	2.161735e+03	   nan    	
 217 	1.086560e+02	7.142591e-10	0.000000e+00	2.162316e+03	   nan    	
 218 	1.090700e+02	7.135381e-10	0.000000e+00	2.162730e+03	   nan    	
 219 	1.095640e+02	7.138412e-10	0.000000e+00	2.163224e+03	   nan    	
 220 	1.100650e+02	7.109967e-10	0.000000e+00	2.163725e+03	   nan    	
 221 	1.105740e+02	7.161930e-10	0.000000e+00	2.164234e+03	   nan    	
 222 	1.110710e+02	7.103518e-10	0.000000e+00	2.164731e+03	   nan    	
 223 	1.116520e+02	7.111866e-10	0.000000e+00	2.165312e+03	   nan    	
 224 	1.120650e+02	7.105032e-10	0.000000e+00	2.165725e+03	   nan    	
 225 	1.125650e+02	7.113758e-10	0.000000e+00	2.166225e+03	   nan    	
 226 	1.131470e+02	7.197963e-10	0.000000e+00	2.166807e+03	   nan    	
 227 	1.135580e+02	7.090622e-10	0.000000e+00	2.167218e+03	   nan    	
 228 	1.140610e+02	7.050417e-10	0.000000e+00	2.167721e+03	   nan    	
 229 	1.145640e+02	7.020834e-10	0.000000e+00	2.168224e+03	   nan    	
 230 	1.150760e+02	7.070520e-10	0.000000e+00	2.168736e+03	   nan    	
 231 	1.155740e+02	7.087969e-10	0.000000e+00	2.169234e+03	   nan    	
 232 	1.160690e+02	7.082657e-10	0.000000e+00	2.169729e+03	   nan    	
 233 	1.165690e+02	7.104654e-10	0.000000e+00	2.170229e+03	   nan    	
 234 	1.170880e+02	7.028413e-10	0.000000e+00	2.170748e+03	   nan    	
 235 	1.176530e+02	7.067106e-10	0.000000e+00	2.171313e+03	   nan    	
 236 	1.180800e+02	7.027656e-10	0.000000e+00	2.171740e+03	   nan    	
 237 	1.185870e+02	7.055723e-10	0.000000e+00	2.172247e+03	   nan    	
 238 	1.190840e+02	7.026896e-10	0.000000e+00	2.172744e+03	   nan    	
 239 	1.195790e+02	7.010207e-10	0.000000e+00	2.173239e+03	   nan    	
 240 	1.200850e+02	6.935487e-10	0.000000e+00	2.173745e+03	   nan    	
 241 	1.205850e+02	7.008310e-10	0.000000e+00	2.174245e+03	   nan    	
 242 	1.210830e+02	7.035999e-10	0.000000e+00	2.174743e+03	   nan    	
 243 	1.216610e+02	7.012487e-10	0.000000e+00	2.175321e+03	   nan    	
 244 	1.220770e+02	7.039794e-10	0.000000e+00	2.175737e+03	   nan    	
 245 	1.225710e+02	7.075834e-10	0.000000e+00	2.176231e+03	   nan    	
 246 	1.230660e+02	7.004902e-10	0.000000e+00	2.176726e+03	   nan    	
 247 	1.235690e+02	6.939662e-10	0.000000e+00	2.177229e+03	   nan    	
 248 	1.240670e+02	6.937004e-10	0.000000e+00	2.177727e+03	   nan    	
 249 	1.245720e+02	7.020827e-10	0.000000e+00	2.178232e+03	   nan    	
 250 	1.250710e+02	7.079620e-10	0.000000e+00	2.178731e+03	   nan    	
 251 	1.255640e+02	6.951039e-10	0.000000e+00	2.179224e+03	   nan    	
 252 	1.260630e+02	6.913873e-10	0.000000e+00	2.179723e+03	   nan    	
 253 	1.265630e+02	6.935488e-10	0.000000e+00	2.180223e+03	   nan    	
 254 	1.270760e+02	6.977587e-10	0.000000e+00	2.180736e+03	   nan    	
 255 	1.275780e+02	6.943458e-10	0.000000e+00	2.181238e+03	   nan    	
 256 	1.280670e+02	6.937765e-10	0.000000e+00	2.181727e+03	   nan    	
 257 	1.285680e+02	6.861527e-10	0.000000e+00	2.182228e+03	   nan    	
 258 	1.290630e+02	6.941557e-10	0.000000e+00	2.182723e+03	   nan    	
 259 	1.295750e+02	6.852798e-10	0.000000e+00	2.183235e+03	   nan    	
 260 	1.300610e+02	6.876697e-10	0.000000e+00	2.183721e+03	   nan    	
 261 	1.305630e+02	6.902869e-10	0.000000e+00	2.184223e+03	   nan    	
 262 	1.310590e+02	6.904766e-10	0.000000e+00	2.184719e+03	   nan    	
 263 	1.315610e+02	6.905523e-10	0.000000e+00	2.185221e+03	   nan    	
 264 	1.320650e+02	6.894146e-10	0.000000e+00	2.185725e+03	   nan    	
 265 	1.325690e+02	6.881253e-10	0.000000e+00	2.186229e+03	   nan    	
 266 	1.330730e+02	6.873666e-10	0.000000e+00	2.186733e+03	   nan    	
 267 	1.335750e+02	6.946867e-10	0.000000e+00	2.187235e+03	   nan    	
 268 	1.341590e+02	6.892250e-10	0.000000e+00	2.187819e+03	   nan    	
 269 	1.346600e+02	6.884284e-10	0.000000e+00	2.188320e+03	   nan    	
 270 	1.351620e+02	6.838009e-10	0.000000e+00	2.188822e+03	   nan    	
 271 	1.355740e+02	6.879734e-10	0.000000e+00	2.189234e+03	   nan    	
 272 	1.360850e+02	6.914246e-10	0.000000e+00	2.189745e+03	   nan    	
 273 	1.365850e+02	6.889978e-10	0.000000e+00	2.190245e+03	   nan    	
 274 	1.371590e+02	6.851666e-10	0.000000e+00	2.190819e+03	   nan    	
 275 	1.376620e+02	6.846356e-10	0.000000e+00	2.191322e+03	   nan    	
 276 	1.381550e+02	6.849390e-10	0.000000e+00	2.191815e+03	   nan    	
 277 	1.386630e+02	6.857356e-10	0.000000e+00	2.192323e+03	   nan    	
 278 	1.391580e+02	6.854699e-10	0.000000e+00	2.192818e+03	   nan    	
 279 	1.396650e+02	6.725360e-10	0.000000e+00	2.193325e+03	   nan    	
 280 	1.401600e+02	6.867593e-10	0.000000e+00	2.193820e+03	   nan    	
 281 	1.406600e+02	6.787184e-10	0.000000e+00	2.194320e+03	   nan    	
 282 	1.411720e+02	6.793252e-10	0.000000e+00	2.194832e+03	   nan    	
 283 	1.416590e+02	6.800078e-10	0.000000e+00	2.195319e+03	   nan    	
 284 	1.421600e+02	6.816012e-10	0.000000e+00	2.195820e+03	   nan    	
 285 	1.426610e+02	6.750013e-10	0.000000e+00	2.196321e+03	   nan    	
 286 	1.431630e+02	6.784153e-10	0.000000e+00	2.196823e+03	   nan    	
 287 	1.436660e+02	6.787561e-10	0.000000e+00	2.197326e+03	   nan    	
 288 	1.441720e+02	6.765185e-10	0.000000e+00	2.197832e+03	   nan    	
 289 	1.446670e+02	6.735979e-10	0.000000e+00	2.198327e+03	   nan    	
 290 	1.451610e+02	6.775425e-10	0.000000e+00	2.198821e+03	   nan    	
 291 	1.456640e+02	6.770113e-10	0.000000e+00	2.199324e+03	   nan    	
 292 	1.461590e+02	6.677187e-10	0.000000e+00	2.199819e+03	   nan    	
 293 	1.466530e+02	6.782253e-10	0.000000e+00	2.200313e+03	   nan    	
 294 	1.471530e+02	6.656706e-10	0.000000e+00	2.200813e+03	   nan    	
 295 	1.476550e+02	6.713600e-10	0.000000e+00	2.201315e+03	   nan    	
 296 	1.481590e+02	6.704494e-10	0.000000e+00	2.201819e+03	   nan    	
 297 	1.486620e+02	6.702600e-10	0.000000e+00	2.202322e+03	   nan    	
 298 	1.491650e+02	6.738254e-10	0.000000e+00	2.202825e+03	   nan    	
 299 	1.496670e+02	6.703739e-10	0.000000e+00	2.203327e+03	   nan    	
 300 	1.501680e+02	6.710190e-10	0.000000e+00	2.203828e+03	   nan    	
 301 	1.506680e+02	6.688567e-10	0.000000e+00	2.204328e+03	   nan    	
 302 	1.511680e+02	6.693118e-10	0.000000e+00	2.204828e+03	   nan    	
 303 	1.516710e+02	6.665050e-10	0.000000e+00	2.205331e+03	   nan    	
 304 	1.521630e+02	6.677944e-10	0.000000e+00	2.205823e+03	   nan    	
 305 	1.526720e+02	6.642290e-10	0.000000e+00	2.206332e+03	   nan    	
 306 	1.531640e+02	6.686291e-10	0.000000e+00	2.206824e+03	   nan    	
 307 	1.536720e+02	6.668841e-10	0.000000e+00	2.207332e+03	   nan    	
 308 	1.541640e+02	6.692359e-10	0.000000e+00	2.207824e+03	   nan    	
 309 	1.546730e+02	6.696153e-10	0.000000e+00	2.208333e+03	   nan    	
 310 	1.551670e+02	6.643807e-10	0.000000e+00	2.208827e+03	   nan    	
 311 	1.556690e+02	6.665049e-10	0.000000e+00	2.209329e+03	   nan    	
 312 	1.561710e+02	6.638497e-10	0.000000e+00	2.209831e+03	   nan    	
 313 	1.565940e+02	6.632046e-10	0.000000e+00	2.210254e+03	   nan    	
 314 	1.571760e+02	6.633568e-10	0.000000e+00	2.210836e+03	   nan    	
 315 	1.576670e+02	6.636603e-10	0.000000e+00	2.211327e+03	   nan    	
 316 	1.581690e+02	6.703736e-10	0.000000e+00	2.211829e+03	   nan    	
 317 	1.585850e+02	6.631671e-10	0.000000e+00	2.212245e+03	   nan    	
 318 	1.590870e+02	6.642671e-10	0.000000e+00	2.212747e+03	   nan    	
 319 	1.596730e+02	6.639636e-10	0.000000e+00	2.213333e+03	   nan    	
 320 	1.601750e+02	6.616878e-10	0.000000e+00	2.213835e+03	   nan    	
 321 	1.606780e+02	6.645324e-10	0.000000e+00	2.214338e+03	   nan    	
 322 	1.611810e+02	6.624464e-10	0.000000e+00	2.214841e+03	   nan    	
 323 	1.615930e+02	6.611947e-10	0.000000e+00	2.215253e+03	   nan    	
 324 	1.621790e+02	6.523569e-10	0.000000e+00	2.215839e+03	   nan    	
 325 	1.625910e+02	6.614599e-10	0.000000e+00	2.216251e+03	   nan    	
 326 	1.631710e+02	6.673013e-10	0.000000e+00	2.216831e+03	   nan    	
 327 	1.635900e+02	6.636601e-10	0.000000e+00	2.217250e+03	   nan    	
 328 	1.640810e+02	6.592603e-10	0.000000e+00	2.217741e+03	   nan    	
 329 	1.646700e+02	6.577050e-10	0.000000e+00	2.218330e+03	   nan    	
 330 	1.650830e+02	6.632809e-10	0.000000e+00	2.218743e+03	   nan    	
 331 	1.655800e+02	6.599429e-10	0.000000e+00	2.219240e+03	   nan    	
 332 	1.660830e+02	6.561496e-10	0.000000e+00	2.219743e+03	   nan    	
 333 	1.665880e+02	6.570609e-10	0.000000e+00	2.220248e+03	   nan    	
 334 	1.671040e+02	6.578567e-10	0.000000e+00	2.220764e+03	   nan    	
 335 	1.675900e+02	6.576672e-10	0.000000e+00	2.221250e+03	   nan    	
 336 	1.680940e+02	6.584261e-10	0.000000e+00	2.221754e+03	   nan    	
 337 	1.685900e+02	6.565293e-10	0.000000e+00	2.222250e+03	   nan    	
 338 	1.690930e+02	6.511055e-10	0.000000e+00	2.222753e+03	   nan    	
 339 	1.695950e+02	6.534190e-10	0.000000e+00	2.223255e+03	   nan    	
 340 	1.701030e+02	6.537226e-10	0.000000e+00	2.223763e+03	   nan    	
 341 	1.706080e+02	6.513332e-10	0.000000e+00	2.224268e+03	   nan    	
 342 	1.711820e+02	6.560743e-10	0.000000e+00	2.224842e+03	   nan    	
 343 	1.716840e+02	6.514466e-10	0.000000e+00	2.225344e+03	   nan    	
 344 	1.721780e+02	6.607778e-10	0.000000e+00	2.225838e+03	   nan    	
 345 	1.726780e+02	6.416230e-10	0.000000e+00	2.226338e+03	   nan    	
 346 	1.731800e+02	6.547087e-10	0.000000e+00	2.226840e+03	   nan    	
 347 	1.735960e+02	6.527744e-10	0.000000e+00	2.227256e+03	   nan    	
 348 	1.741790e+02	6.518259e-10	0.000000e+00	2.227839e+03	   nan    	
 349 	1.746790e+02	6.478435e-10	0.000000e+00	2.228339e+03	   nan    	
 350 	1.751750e+02	6.468953e-10	0.000000e+00	2.228835e+03	   nan    	
 351 	1.756770e+02	6.489435e-10	0.000000e+00	2.229337e+03	   nan    	
 352 	1.761800e+02	6.505744e-10	0.000000e+00	2.229840e+03	   nan    	
 353 	1.766870e+02	6.487157e-10	0.000000e+00	2.230347e+03	   nan    	
 354 	1.771830e+02	6.471228e-10	0.000000e+00	2.230843e+03	   nan    	
 355 	1.776910e+02	6.443540e-10	0.000000e+00	2.231351e+03	   nan    	
 356 	1.781060e+02	6.500060e-10	0.000000e+00	2.231766e+03	   nan    	
 357 	1.786120e+02	6.453024e-10	0.000000e+00	2.232272e+03	   nan    	
 358 	1.791050e+02	6.440504e-10	0.000000e+00	2.232765e+03	   nan    	
 359 	1.796050e+02	6.442407e-10	0.000000e+00	2.233265e+03	   nan    	
 360 	1.800990e+02	6.325957e-10	0.000000e+00	2.233759e+03	   nan    	
 361 	1.805960e+02	6.359338e-10	0.000000e+00	2.234256e+03	   nan    	
 362 	1.810970e+02	6.442021e-10	0.000000e+00	2.234757e+03	   nan    	
 363 	1.815990e+02	6.481088e-10	0.000000e+00	2.235259e+03	   nan    	
 364 	1.821010e+02	6.402572e-10	0.000000e+00	2.235761e+03	   nan    	
 365 	1.826070e+02	6.519396e-10	0.000000e+00	2.236267e+03	   nan    	
 366 	1.831080e+02	6.336577e-10	0.000000e+00	2.236768e+03	   nan    	
 367 	1.836810e+02	6.442780e-10	0.000000e+00	2.237341e+03	   nan    	
 368 	1.841810e+02	6.409783e-10	0.000000e+00	2.237841e+03	   nan    	
 369 	1.846780e+02	6.379817e-10	0.000000e+00	2.238338e+03	   nan    	
 370 	1.851840e+02	6.443919e-10	0.000000e+00	2.238844e+03	   nan    	
 371 	1.856800e+02	6.416994e-10	0.000000e+00	2.239340e+03	   nan    	
 372 	1.860950e+02	6.419643e-10	0.000000e+00	2.239755e+03	   nan    	
 373 	1.866030e+02	6.393090e-10	0.000000e+00	2.240263e+03	   nan    	
 374 	1.871780e+02	6.415851e-10	0.000000e+00	2.240838e+03	   nan    	
 375 	1.875890e+02	6.358198e-10	0.000000e+00	2.241249e+03	   nan    	
 376 	1.880910e+02	6.421539e-10	0.000000e+00	2.241751e+03	   nan    	
 377 	1.885940e+02	6.346060e-10	0.000000e+00	2.242254e+03	   nan    	
 378 	1.891000e+02	6.416228e-10	0.000000e+00	2.242760e+03	   nan    	
 379 	1.896020e+02	6.298645e-10	0.000000e+00	2.243262e+03	   nan    	
 380 	1.901820e+02	6.388919e-10	0.000000e+00	2.243842e+03	   nan    	
 381 	1.905920e+02	6.376024e-10	0.000000e+00	2.244252e+03	   nan    	
 382 	1.910890e+02	6.344542e-10	0.000000e+00	2.244749e+03	   nan    	
 383 	1.915920e+02	6.295233e-10	0.000000e+00	2.245252e+03	   nan    	
 384 	1.920940e+02	6.359712e-10	0.000000e+00	2.245754e+03	   nan    	
 385 	1.925980e+02	6.339992e-10	0.000000e+00	2.246258e+03	   nan    	
 386 	1.930980e+02	6.312304e-10	0.000000e+00	2.246758e+03	   nan    	
 387 	1.936020e+02	6.326334e-10	0.000000e+00	2.247262e+03	   nan    	
 388 	1.940920e+02	6.291442e-10	0.000000e+00	2.247752e+03	   nan    	
 389 	1.946790e+02	6.345303e-10	0.000000e+00	2.248339e+03	   nan    	
 390 	1.951840e+02	6.341884e-10	0.000000e+00	2.248844e+03	   nan    	
 391 	1.956750e+02	6.310028e-10	0.000000e+00	2.249335e+03	   nan    	
 392 	1.960950e+02	6.347197e-10	0.000000e+00	2.249755e+03	   nan    	
 393 	1.965890e+02	6.317608e-10	0.000000e+00	2.250249e+03	   nan    	
 394 	1.970850e+02	6.298270e-10	0.000000e+00	2.250745e+03	   nan    	
 395 	1.975910e+02	6.264131e-10	0.000000e+00	2.251251e+03	   nan    	
 396 	1.980890e+02	6.314200e-10	0.000000e+00	2.251749e+03	   nan    	
 397 	1.986730e+02	6.396128e-10	0.000000e+00	2.252333e+03	   nan    	
 398 	1.991700e+02	6.306992e-10	0.000000e+00	2.252830e+03	   nan    	
 399 	1.995850e+02	6.288404e-10	0.000000e+00	2.253245e+03	   nan    	
 400 	2.000750e+02	6.292959e-10	0.000000e+00	2.253735e+03	   nan    	
 401 	2.006620e+02	6.289927e-10	0.000000e+00	2.254322e+03	   nan    	
 402 	2.010770e+02	6.259199e-10	0.000000e+00	2.254737e+03	   nan    	
 403 	2.015690e+02	6.217101e-10	0.000000e+00	2.255229e+03	   nan    	
 404 	2.020730e+02	6.275510e-10	0.000000e+00	2.255733e+03	   nan    	
 405 	2.025770e+02	6.196618e-10	0.000000e+00	2.256237e+03	   nan    	
 406 	2.030760e+02	6.192064e-10	0.000000e+00	2.256736e+03	   nan    	
 407 	2.035820e+02	6.234544e-10	0.000000e+00	2.257242e+03	   nan    	
 408 	2.040720e+02	6.203824e-10	0.000000e+00	2.257732e+03	   nan    	
 409 	2.045750e+02	6.248201e-10	0.000000e+00	2.258235e+03	   nan    	
 410 	2.050690e+02	6.213684e-10	0.000000e+00	2.258729e+03	   nan    	
 411 	2.055820e+02	6.199654e-10	0.000000e+00	2.259242e+03	   nan    	
 412 	2.060700e+02	6.217862e-10	0.000000e+00	2.259730e+03	   nan    	
 413 	2.065760e+02	6.214821e-10	0.000000e+00	2.260236e+03	   nan    	
 414 	2.070720e+02	6.148446e-10	0.000000e+00	2.260732e+03	   nan    	
 415 	2.075700e+02	6.173856e-10	0.000000e+00	2.261230e+03	   nan    	
 416 	2.080760e+02	6.211028e-10	0.000000e+00	2.261736e+03	   nan    	
 417 	2.085770e+02	6.168170e-10	0.000000e+00	2.262237e+03	   nan    	
 418 	2.090860e+02	6.140480e-10	0.000000e+00	2.262746e+03	   nan    	
 419 	2.095860e+02	6.221648e-10	0.000000e+00	2.263246e+03	   nan    	
 420 	2.100810e+02	6.091549e-10	0.000000e+00	2.263741e+03	   nan    	
 421 	2.105810e+02	6.188269e-10	0.000000e+00	2.264241e+03	   nan    	
 422 	2.110810e+02	6.199649e-10	0.000000e+00	2.264741e+03	   nan    	
 423 	2.115820e+02	6.208752e-10	0.000000e+00	2.265242e+03	   nan    	
 424 	2.120850e+02	6.151477e-10	0.000000e+00	2.265745e+03	   nan    	
 425 	2.125850e+02	6.155652e-10	0.000000e+00	2.266245e+03	   nan    	
 426 	2.131720e+02	6.160961e-10	0.000000e+00	2.266832e+03	   nan    	
 427 	2.136690e+02	6.182203e-10	0.000000e+00	2.267329e+03	   nan    	
 428 	2.141660e+02	6.153757e-10	0.000000e+00	2.267826e+03	   nan    	
 429 	2.145870e+02	6.154133e-10	0.000000e+00	2.268247e+03	   nan    	
 430 	2.151680e+02	6.204203e-10	0.000000e+00	2.268828e+03	   nan    	
 431 	2.156730e+02	6.131757e-10	0.000000e+00	2.269333e+03	   nan    	
 432 	2.161750e+02	6.154514e-10	0.000000e+00	2.269835e+03	   nan    	
 433 	2.166770e+02	6.118862e-10	0.000000e+00	2.270337e+03	   nan    	
 434 	2.171810e+02	6.138963e-10	0.000000e+00	2.270841e+03	   nan    	
 435 	2.176750e+02	6.124170e-10	0.000000e+00	2.271335e+03	   nan    	
 436 	2.181750e+02	6.105967e-10	0.000000e+00	2.271835e+03	   nan    	
 437 	2.186720e+02	6.130240e-10	0.000000e+00	2.272332e+03	   nan    	
 438 	2.191760e+02	6.203823e-10	0.000000e+00	2.272836e+03	   nan    	
 439 	2.195970e+02	6.065760e-10	0.000000e+00	2.273257e+03	   nan    	
 440 	2.200990e+02	6.115066e-10	0.000000e+00	2.273759e+03	   nan    	
 441 	2.206010e+02	6.091928e-10	0.000000e+00	2.274261e+03	   nan    	
 442 	2.210960e+02	6.097242e-10	0.000000e+00	2.274756e+03	   nan    	
 443 	2.215990e+02	5.988382e-10	0.000000e+00	2.275259e+03	   nan    	
 444 	2.221060e+02	6.109755e-10	0.000000e+00	2.275766e+03	   nan    	
 445 	2.226910e+02	6.089653e-10	0.000000e+00	2.276351e+03	   nan    	
 446 	2.231110e+02	6.066140e-10	0.000000e+00	2.276771e+03	   nan    	
 447 	2.236030e+02	6.043760e-10	0.000000e+00	2.277263e+03	   nan    	
 448 	2.241000e+02	6.084725e-10	0.000000e+00	2.277760e+03	   nan    	
 449 	2.246030e+02	6.073727e-10	0.000000e+00	2.278263e+03	   nan    	
 450 	2.250970e+02	6.027068e-10	0.000000e+00	2.278757e+03	   nan    	
 451 	2.255980e+02	6.081308e-10	0.000000e+00	2.279258e+03	   nan    	
 452 	2.261000e+02	5.999381e-10	0.000000e+00	2.279760e+03	   nan    	
 453 	2.266040e+02	6.046795e-10	0.000000e+00	2.280264e+03	   nan    	
 454 	2.271050e+02	6.091931e-10	0.000000e+00	2.280765e+03	   nan    	
 455 	2.276120e+02	6.084341e-10	0.000000e+00	2.281272e+03	   nan    	
 456 	2.281080e+02	6.069169e-10	0.000000e+00	2.281768e+03	   nan    	
 457 	2.286020e+02	6.017585e-10	0.000000e+00	2.282262e+03	   nan    	
 458 	2.291070e+02	6.039208e-10	0.000000e+00	2.282767e+03	   nan    	
 459 	2.296130e+02	6.060067e-10	0.000000e+00	2.283273e+03	   nan    	
 460 	2.301080e+02	6.036174e-10	0.000000e+00	2.283768e+03	   nan    	
 461 	2.306090e+02	6.035794e-10	0.000000e+00	2.284269e+03	   nan    	
 462 	2.311100e+02	6.046414e-10	0.000000e+00	2.284770e+03	   nan    	
 463 	2.316040e+02	6.029727e-10	0.000000e+00	2.285264e+03	   nan    	
 464 	2.321090e+02	6.021759e-10	0.000000e+00	2.285769e+03	   nan    	
 465 	2.326110e+02	6.009623e-10	0.000000e+00	2.286271e+03	   nan    	
 466 	2.331070e+02	6.002036e-10	0.000000e+00	2.286767e+03	   nan    	
 467 	2.336100e+02	6.051721e-10	0.000000e+00	2.287270e+03	   nan    	
 468 	2.341110e+02	5.973210e-10	0.000000e+00	2.287771e+03	   nan    	
 469 	2.346080e+02	6.030481e-10	0.000000e+00	2.288268e+03	   nan    	
 470 	2.351940e+02	5.957279e-10	0.000000e+00	2.288854e+03	   nan    	
 471 	2.356950e+02	5.960692e-10	0.000000e+00	2.289355e+03	   nan    	
 472 	2.361080e+02	5.994829e-10	0.000000e+00	2.289768e+03	   nan    	
 473 	2.367000e+02	5.996347e-10	0.000000e+00	2.290360e+03	   nan    	
 474 	2.371100e+02	5.979277e-10	0.000000e+00	2.290770e+03	   nan    	
 475 	2.376040e+02	6.006589e-10	0.000000e+00	2.291264e+03	   nan    	
 476 	2.381050e+02	5.946659e-10	0.000000e+00	2.291765e+03	   nan    	
 477 	2.386130e+02	5.945142e-10	0.000000e+00	2.292273e+03	   nan    	
 478 	2.391040e+02	5.966000e-10	0.000000e+00	2.292764e+03	   nan    	
 479 	2.395990e+02	5.902662e-10	0.000000e+00	2.293259e+03	   nan    	
 480 	2.401020e+02	5.932623e-10	0.000000e+00	2.293762e+03	   nan    	
 481 	2.406120e+02	5.942488e-10	0.000000e+00	2.294272e+03	   nan    	
 482 	2.411110e+02	5.960694e-10	0.000000e+00	2.294771e+03	   nan    	
 483 	2.416240e+02	5.868142e-10	0.000000e+00	2.295284e+03	   nan    	
 484 	2.421190e+02	6.034649e-10	0.000000e+00	2.295779e+03	   nan    	
 485 	2.426240e+02	5.955000e-10	0.000000e+00	2.296284e+03	   nan    	
 486 	2.431170e+02	5.889760e-10	0.000000e+00	2.296777e+03	   nan    	
 487 	2.436270e+02	5.961828e-10	0.000000e+00	2.297287e+03	   nan    	
 488 	2.441250e+02	5.923898e-10	0.000000e+00	2.297785e+03	   nan    	
 489 	2.446130e+02	5.927693e-10	0.000000e+00	2.298273e+03	   nan    	
 490 	2.451100e+02	5.885212e-10	0.000000e+00	2.298770e+03	   nan    	
 491 	2.456050e+02	5.898866e-10	0.000000e+00	2.299265e+03	   nan    	
 492 	2.460990e+02	5.970935e-10	0.000000e+00	2.299759e+03	   nan    	
 493 	2.465970e+02	5.949692e-10	0.000000e+00	2.300257e+03	   nan    	
 494 	2.470980e+02	5.903038e-10	0.000000e+00	2.300758e+03	   nan    	
 495 	2.476000e+02	5.911381e-10	0.000000e+00	2.301260e+03	   nan    	
 496 	2.480910e+02	5.914038e-10	0.000000e+00	2.301751e+03	   nan    	
 497 	2.485900e+02	5.925037e-10	0.000000e+00	2.302250e+03	   nan    	
 498 	2.490920e+02	5.893935e-10	0.000000e+00	2.302752e+03	   nan    	
 499 	2.495940e+02	5.918969e-10	0.000000e+00	2.303254e+03	   nan    	
 500 	2.500890e+02	5.920865e-10	0.000000e+00	2.303749e+03	   nan    	
 501 	2.505880e+02	5.920864e-10	0.000000e+00	2.304248e+03	   nan    	
 502 	2.510900e+02	5.915557e-10	0.000000e+00	2.304750e+03	   nan    	
 503 	2.515880e+02	5.884834e-10	0.000000e+00	2.305248e+03	   nan    	
 504 	2.520910e+02	5.873836e-10	0.000000e+00	2.305751e+03	   nan    	
 505 	2.525870e+02	5.839317e-10	0.000000e+00	2.306247e+03	   nan    	
 506 	2.530900e+02	5.876868e-10	0.000000e+00	2.306750e+03	   nan    	
 507 	2.535870e+02	5.899248e-10	0.000000e+00	2.307247e+03	   nan    	
 508 	2.540870e+02	5.869664e-10	0.000000e+00	2.307747e+03	   nan    	
 509 	2.545920e+02	5.769525e-10	0.000000e+00	2.308252e+03	   nan    	
 510 	2.550950e+02	5.858283e-10	0.000000e+00	2.308755e+03	   nan    	
 511 	2.555930e+02	5.888247e-10	0.000000e+00	2.309253e+03	   nan    	
 512 	2.560950e+02	5.843870e-10	0.000000e+00	2.309755e+03	   nan    	
 513 	2.565970e+02	5.825282e-10	0.000000e+00	2.310257e+03	   nan    	
 514 	2.570950e+02	5.841973e-10	0.000000e+00	2.310755e+03	   nan    	
 515 	2.575970e+02	5.834386e-10	0.000000e+00	2.311257e+03	   nan    	
 516 	2.580980e+02	5.852974e-10	0.000000e+00	2.311758e+03	   nan    	
 517 	2.585970e+02	5.799490e-10	0.000000e+00	2.312257e+03	   nan    	
 518 	2.591020e+02	5.857902e-10	0.000000e+00	2.312762e+03	   nan    	
 519 	2.596070e+02	5.858662e-10	0.000000e+00	2.313267e+03	   nan    	
 520 	2.601090e+02	5.825281e-10	0.000000e+00	2.313769e+03	   nan    	
 521 	2.606060e+02	5.852214e-10	0.000000e+00	2.314266e+03	   nan    	
 522 	2.611090e+02	5.797975e-10	0.000000e+00	2.314769e+03	   nan    	
 523 	2.616050e+02	5.851075e-10	0.000000e+00	2.315265e+03	   nan    	
 524 	2.621090e+02	5.823766e-10	0.000000e+00	2.315769e+03	   nan    	
 525 	2.626080e+02	5.802147e-10	0.000000e+00	2.316268e+03	   nan    	
 526 	2.631110e+02	5.797596e-10	0.000000e+00	2.316771e+03	   nan    	
 527 	2.636070e+02	5.833247e-10	0.000000e+00	2.317267e+03	   nan    	
 528 	2.641080e+02	5.781666e-10	0.000000e+00	2.317768e+03	   nan    	
 529 	2.646050e+02	5.798351e-10	0.000000e+00	2.318265e+03	   nan    	
 530 	2.651030e+02	5.742974e-10	0.000000e+00	2.318763e+03	   nan    	
 531 	2.656020e+02	5.834387e-10	0.000000e+00	2.319262e+03	   nan    	
 532 	2.661040e+02	5.819591e-10	0.000000e+00	2.319764e+03	   nan    	
 533 	2.666040e+02	5.834386e-10	0.000000e+00	2.320264e+03	   nan    	
 534 	2.671060e+02	5.736907e-10	0.000000e+00	2.320766e+03	   nan    	
 535 	2.676040e+02	5.724769e-10	0.000000e+00	2.321264e+03	   nan    	
 536 	2.681080e+02	5.810111e-10	0.000000e+00	2.321768e+03	   nan    	
 537 	2.686030e+02	5.787354e-10	0.000000e+00	2.322263e+03	   nan    	
 538 	2.691070e+02	5.798352e-10	0.000000e+00	2.322767e+03	   nan    	
 539 	2.696040e+02	5.790387e-10	0.000000e+00	2.323264e+03	   nan    	
 540 	2.701100e+02	5.780145e-10	0.000000e+00	2.323770e+03	   nan    	
 541 	2.706040e+02	5.744114e-10	0.000000e+00	2.324264e+03	   nan    	
 542 	2.711070e+02	5.806698e-10	0.000000e+00	2.324767e+03	   nan    	
 543 	2.716080e+02	5.777492e-10	0.000000e+00	2.325268e+03	   nan    	
 544 	2.721100e+02	5.756249e-10	0.000000e+00	2.325770e+03	   nan    	
 545 	2.726060e+02	5.771423e-10	0.000000e+00	2.326266e+03	   nan    	
 546 	2.731090e+02	5.780526e-10	0.000000e+00	2.326769e+03	   nan    	
 547 	2.736110e+02	5.739562e-10	0.000000e+00	2.327271e+03	   nan    	
 548 	2.741190e+02	5.763076e-10	0.000000e+00	2.327779e+03	   nan    	
 549 	2.746130e+02	5.797974e-10	0.000000e+00	2.328273e+03	   nan    	
 550 	2.751220e+02	5.755489e-10	0.000000e+00	2.328782e+03	   nan    	
 551 	2.757000e+02	5.743734e-10	0.000000e+00	2.329360e+03	   nan    	
 552 	2.761250e+02	5.743355e-10	0.000000e+00	2.329785e+03	   nan    	
 553 	2.766090e+02	5.752841e-10	0.000000e+00	2.330269e+03	   nan    	
 554 	2.771140e+02	5.759284e-10	0.000000e+00	2.330774e+03	   nan    	
 555 	2.776200e+02	5.749800e-10	0.000000e+00	2.331280e+03	   nan    	
 556 	2.781150e+02	5.705801e-10	0.000000e+00	2.331775e+03	   nan    	
 557 	2.786110e+02	5.742595e-10	0.000000e+00	2.332271e+03	   nan    	
 558 	2.791060e+02	5.717562e-10	0.000000e+00	2.332766e+03	   nan    	
 559 	2.796070e+02	5.699355e-10	0.000000e+00	2.333267e+03	   nan    	
 560 	2.801110e+02	5.732734e-10	0.000000e+00	2.333771e+03	   nan    	
 561 	2.806090e+02	5.748665e-10	0.000000e+00	2.334269e+03	   nan    	
 562 	2.811100e+02	5.790385e-10	0.000000e+00	2.334770e+03	   nan    	
 563 	2.816120e+02	5.723252e-10	0.000000e+00	2.335272e+03	   nan    	
 564 	2.821160e+02	5.714907e-10	0.000000e+00	2.335776e+03	   nan    	
 565 	2.826280e+02	5.668251e-10	0.000000e+00	2.336288e+03	   nan    	
 566 	2.831360e+02	5.731974e-10	0.000000e+00	2.336796e+03	   nan    	
 567 	2.836350e+02	5.684562e-10	0.000000e+00	2.337295e+03	   nan    	
 568 	2.841260e+02	5.703906e-10	0.000000e+00	2.337786e+03	   nan    	
 569 	2.846290e+02	5.675457e-10	0.000000e+00	2.338289e+03	   nan    	
 570 	2.851370e+02	5.730079e-10	0.000000e+00	2.338797e+03	   nan    	
 571 	2.856330e+02	5.682667e-10	0.000000e+00	2.339293e+03	   nan    	
 572 	2.861300e+02	5.694045e-10	0.000000e+00	2.339790e+03	   nan    	
 573 	2.866320e+02	5.638289e-10	0.000000e+00	2.340292e+03	   nan    	
 574 	2.871280e+02	5.687976e-10	0.000000e+00	2.340788e+03	   nan    	
 575 	2.876230e+02	5.708841e-10	0.000000e+00	2.341283e+03	   nan    	
 576 	2.881260e+02	5.665979e-10	0.000000e+00	2.341786e+03	   nan    	
 577 	2.886270e+02	5.689494e-10	0.000000e+00	2.342287e+03	   nan    	
 578 	2.891230e+02	5.735011e-10	0.000000e+00	2.342783e+03	   nan    	
 579 	2.896260e+02	5.712631e-10	0.000000e+00	2.343286e+03	   nan    	
 580 	2.901250e+02	5.638665e-10	0.000000e+00	2.343785e+03	   nan    	
 581 	2.906240e+02	5.649670e-10	0.000000e+00	2.344284e+03	   nan    	
 582 	2.911290e+02	5.738424e-10	0.000000e+00	2.344789e+03	   nan    	
 583 	2.916270e+02	5.753217e-10	0.000000e+00	2.345287e+03	   nan    	
 584 	2.921310e+02	5.651185e-10	0.000000e+00	2.345791e+03	   nan    	
 585 	2.926260e+02	5.657633e-10	0.000000e+00	2.346286e+03	   nan    	
 586 	2.931280e+02	5.684184e-10	0.000000e+00	2.346788e+03	   nan    	
 587 	2.936300e+02	5.655738e-10	0.000000e+00	2.347290e+03	   nan    	
 588 	2.941270e+02	5.742974e-10	0.000000e+00	2.347787e+03	   nan    	
 589 	2.946290e+02	5.654600e-10	0.000000e+00	2.348289e+03	   nan    	
 590 	2.951260e+02	5.669770e-10	0.000000e+00	2.348786e+03	   nan    	
 591 	2.956280e+02	5.690252e-10	0.000000e+00	2.349288e+03	   nan    	
 592 	2.961250e+02	5.650047e-10	0.000000e+00	2.349785e+03	   nan    	
 593 	2.966270e+02	5.686456e-10	0.000000e+00	2.350287e+03	   nan    	
 594 	2.971240e+02	5.690632e-10	0.000000e+00	2.350784e+03	   nan    	
 595 	2.976260e+02	5.643222e-10	0.000000e+00	2.351286e+03	   nan    	
 596 	2.981240e+02	5.610600e-10	0.000000e+00	2.351784e+03	   nan    	
 597 	2.986270e+02	5.658391e-10	0.000000e+00	2.352287e+03	   nan    	
 598 	2.991250e+02	5.658011e-10	0.000000e+00	2.352785e+03	   nan    	
 599 	2.996290e+02	5.632599e-10	0.000000e+00	2.353289e+03	   nan    	
 600 	3.001330e+02	5.643594e-10	0.000000e+00	2.353793e+03	   nan    	
 601 	3.006340e+02	5.650425e-10	0.000000e+00	2.354294e+03	   nan    	
 602 	3.011280e+02	5.682667e-10	0.000000e+00	2.354788e+03	   nan    	
 603 	3.016360e+02	5.650425e-10	0.000000e+00	2.355296e+03	   nan    	
 604 	3.021270e+02	5.720596e-10	0.000000e+00	2.355787e+03	   nan    	
 605 	3.026280e+02	5.602634e-10	0.000000e+00	2.356288e+03	   nan    	
 606 	3.031250e+02	5.581018e-10	0.000000e+00	2.356785e+03	   nan    	
 607 	3.036280e+02	5.634496e-10	0.000000e+00	2.357288e+03	   nan    	
 608 	3.042160e+02	5.614396e-10	0.000000e+00	2.357876e+03	   nan    	
 609 	3.046330e+02	5.603392e-10	0.000000e+00	2.358293e+03	   nan    	
 610 	3.051370e+02	5.657252e-10	0.000000e+00	2.358797e+03	   nan    	
 611 	3.057160e+02	5.639048e-10	0.000000e+00	2.359376e+03	   nan    	
 612 	3.062120e+02	5.609845e-10	0.000000e+00	2.359872e+03	   nan    	
 613 	3.067100e+02	5.637152e-10	0.000000e+00	2.360370e+03	   nan    	
 614 	3.072100e+02	5.628806e-10	0.000000e+00	2.360870e+03	   nan    	
 615 	3.077090e+02	5.573429e-10	0.000000e+00	2.361369e+03	   nan    	
 616 	3.082120e+02	5.610599e-10	0.000000e+00	2.361872e+03	   nan    	
 617 	3.087150e+02	5.584050e-10	0.000000e+00	2.362375e+03	   nan    	
 618 	3.091310e+02	5.670906e-10	0.000000e+00	2.362791e+03	   nan    	
 619 	3.096320e+02	5.596565e-10	0.000000e+00	2.363292e+03	   nan    	
 620 	3.101340e+02	5.608323e-10	0.000000e+00	2.363794e+03	   nan    	
 621 	3.106270e+02	5.587463e-10	0.000000e+00	2.364287e+03	   nan    	
 622 	3.111240e+02	5.541188e-10	0.000000e+00	2.364784e+03	   nan    	
 623 	3.116360e+02	5.575704e-10	0.000000e+00	2.365296e+03	   nan    	
 624 	3.121230e+02	5.580632e-10	0.000000e+00	2.365783e+03	   nan    	
 625 	3.126340e+02	5.591634e-10	0.000000e+00	2.366294e+03	   nan    	
 626 	3.131280e+02	5.544225e-10	0.000000e+00	2.366788e+03	   nan    	
 627 	3.136210e+02	5.572670e-10	0.000000e+00	2.367281e+03	   nan    	
 628 	3.141220e+02	5.611357e-10	0.000000e+00	2.367782e+03	   nan    	
 629 	3.146170e+02	5.564705e-10	0.000000e+00	2.368277e+03	   nan    	
 630 	3.151180e+02	5.626151e-10	0.000000e+00	2.368778e+03	   nan    	
 631 	3.156350e+02	5.592392e-10	0.000000e+00	2.369295e+03	   nan    	
 632 	3.161200e+02	5.587085e-10	0.000000e+00	2.369780e+03	   nan    	
 633 	3.166220e+02	5.559774e-10	0.000000e+00	2.370282e+03	   nan    	
 634 	3.171170e+02	5.564328e-10	0.000000e+00	2.370777e+03	   nan    	
 635 	3.176200e+02	5.610984e-10	0.000000e+00	2.371280e+03	   nan    	
 636 	3.181220e+02	5.554466e-10	0.000000e+00	2.371782e+03	   nan    	
 637 	3.186240e+02	5.548395e-10	0.000000e+00	2.372284e+03	   nan    	
 638 	3.191180e+02	5.535876e-10	0.000000e+00	2.372778e+03	   nan    	
 639 	3.196200e+02	5.541566e-10	0.000000e+00	2.373280e+03	   nan    	
 640 	3.201230e+02	5.505157e-10	0.000000e+00	2.373783e+03	   nan    	
 641 	3.206250e+02	5.521465e-10	0.000000e+00	2.374285e+03	   nan    	
 642 	3.211280e+02	5.540051e-10	0.000000e+00	2.374788e+03	   nan    	
 643 	3.216240e+02	5.510843e-10	0.000000e+00	2.375284e+03	   nan    	
 644 	3.221250e+02	5.483158e-10	0.000000e+00	2.375785e+03	   nan    	
 645 	3.226210e+02	5.530568e-10	0.000000e+00	2.376281e+03	   nan    	
 646 	3.231250e+02	5.515395e-10	0.000000e+00	2.376785e+03	   nan    	
 647 	3.236240e+02	5.526396e-10	0.000000e+00	2.377284e+03	   nan    	
 648 	3.241290e+02	5.481639e-10	0.000000e+00	2.377789e+03	   nan    	
 649 	3.246290e+02	5.529427e-10	0.000000e+00	2.378289e+03	   nan    	
 650 	3.251300e+02	5.490362e-10	0.000000e+00	2.378790e+03	   nan    	
 651 	3.256280e+02	5.534739e-10	0.000000e+00	2.379288e+03	   nan    	
 652 	3.261220e+02	5.532845e-10	0.000000e+00	2.379782e+03	   nan    	
 653 	3.266190e+02	5.473675e-10	0.000000e+00	2.380279e+03	   nan    	
 654 	3.271230e+02	5.504776e-10	0.000000e+00	2.380783e+03	   nan    	
 655 	3.276190e+02	5.508189e-10	0.000000e+00	2.381279e+03	   nan    	
 656 	3.281200e+02	5.509709e-10	0.000000e+00	2.381780e+03	   nan    	
 657 	3.286200e+02	5.491879e-10	0.000000e+00	2.382280e+03	   nan    	
 658 	3.291270e+02	5.506669e-10	0.000000e+00	2.382787e+03	   nan    	
 659 	3.296350e+02	5.506293e-10	0.000000e+00	2.383295e+03	   nan    	
 660 	3.301340e+02	5.508947e-10	0.000000e+00	2.383794e+03	   nan    	
 661 	3.307090e+02	5.521844e-10	0.000000e+00	2.384369e+03	   nan    	
 662 	3.312100e+02	5.551809e-10	0.000000e+00	2.384870e+03	   nan    	
 663 	3.317120e+02	5.499084e-10	0.000000e+00	2.385372e+03	   nan    	
 664 	3.321250e+02	5.537016e-10	0.000000e+00	2.385785e+03	   nan    	
 665 	3.326240e+02	5.487709e-10	0.000000e+00	2.386284e+03	   nan    	
 666 	3.331260e+02	5.472154e-10	0.000000e+00	2.386786e+03	   nan    	
 667 	3.337130e+02	5.419433e-10	0.000000e+00	2.387373e+03	   nan    	
 668 	3.341350e+02	5.491499e-10	0.000000e+00	2.387795e+03	   nan    	
 669 	3.346200e+02	5.467223e-10	0.000000e+00	2.388280e+03	   nan    	
 670 	3.351230e+02	5.488846e-10	0.000000e+00	2.388783e+03	   nan    	
 671 	3.356220e+02	5.446742e-10	0.000000e+00	2.389282e+03	   nan    	
 672 	3.361280e+02	5.452052e-10	0.000000e+00	2.389788e+03	   nan    	
 673 	3.366160e+02	5.491499e-10	0.000000e+00	2.390276e+03	   nan    	
 674 	3.371200e+02	5.458501e-10	0.000000e+00	2.390780e+03	   nan    	
 675 	3.376230e+02	5.458880e-10	0.000000e+00	2.391283e+03	   nan    	
 676 	3.381160e+02	5.438399e-10	0.000000e+00	2.391776e+03	   nan    	
 677 	3.386150e+02	5.471776e-10	0.000000e+00	2.392275e+03	   nan    	
 678 	3.391170e+02	5.431570e-10	0.000000e+00	2.392777e+03	   nan    	
 679 	3.396200e+02	5.477087e-10	0.000000e+00	2.393280e+03	   nan    	
 680 	3.401240e+02	5.517292e-10	0.000000e+00	2.393784e+03	   nan    	
 681 	3.406200e+02	5.462292e-10	0.000000e+00	2.394280e+03	   nan    	
 682 	3.411340e+02	5.375435e-10	0.000000e+00	2.394794e+03	   nan    	
 683 	3.416200e+02	5.415640e-10	0.000000e+00	2.395280e+03	   nan    	
 684 	3.422030e+02	5.445603e-10	0.000000e+00	2.395863e+03	   nan    	
 685 	3.426240e+02	5.423606e-10	0.000000e+00	2.396284e+03	   nan    	
 686 	3.431200e+02	5.435361e-10	0.000000e+00	2.396780e+03	   nan    	
 687 	3.436130e+02	5.377708e-10	0.000000e+00	2.397273e+03	   nan    	
 688 	3.441270e+02	5.427777e-10	0.000000e+00	2.397787e+03	   nan    	
 689 	3.446230e+02	5.434227e-10	0.000000e+00	2.398283e+03	   nan    	
 690 	3.451170e+02	5.397055e-10	0.000000e+00	2.398777e+03	   nan    	
 691 	3.456150e+02	5.406917e-10	0.000000e+00	2.399275e+03	   nan    	
 692 	3.461190e+02	5.447120e-10	0.000000e+00	2.399779e+03	   nan    	
 693 	3.466290e+02	5.423224e-10	0.000000e+00	2.400289e+03	   nan    	
 694 	3.471310e+02	5.427019e-10	0.000000e+00	2.400791e+03	   nan    	
 695 	3.476160e+02	5.393642e-10	0.000000e+00	2.401276e+03	   nan    	
 696 	3.481120e+02	5.300712e-10	0.000000e+00	2.401772e+03	   nan    	
 697 	3.486080e+02	5.418674e-10	0.000000e+00	2.402268e+03	   nan    	
 698 	3.491110e+02	5.392884e-10	0.000000e+00	2.402771e+03	   nan    	
 699 	3.496070e+02	5.386815e-10	0.000000e+00	2.403267e+03	   nan    	
 700 	3.501090e+02	5.419433e-10	0.000000e+00	2.403769e+03	   nan    	
 701 	3.506080e+02	5.407675e-10	0.000000e+00	2.404268e+03	   nan    	
 702 	3.511100e+02	5.375434e-10	0.000000e+00	2.404770e+03	   nan    	
 703 	3.516070e+02	5.355713e-10	0.000000e+00	2.405267e+03	   nan    	
 704 	3.521080e+02	5.389469e-10	0.000000e+00	2.405768e+03	   nan    	
 705 	3.526070e+02	5.369745e-10	0.000000e+00	2.406267e+03	   nan    	
 706 	3.531100e+02	5.490360e-10	0.000000e+00	2.406770e+03	   nan    	
 707 	3.536080e+02	5.380744e-10	0.000000e+00	2.407268e+03	   nan    	
 708 	3.541090e+02	5.290092e-10	0.000000e+00	2.407769e+03	   nan    	
 709 	3.546060e+02	5.422087e-10	0.000000e+00	2.408266e+03	   nan    	
 710 	3.551050e+02	5.306023e-10	0.000000e+00	2.408765e+03	   nan    	
 711 	3.556020e+02	5.309060e-10	0.000000e+00	2.409262e+03	   nan    	
 712 	3.561050e+02	5.360261e-10	0.000000e+00	2.409765e+03	   nan    	
 713 	3.566020e+02	5.377331e-10	0.000000e+00	2.410262e+03	   nan    	
 714 	3.571050e+02	5.337504e-10	0.000000e+00	2.410765e+03	   nan    	
 715 	3.576030e+02	5.373159e-10	0.000000e+00	2.411263e+03	   nan    	
 716 	3.581040e+02	5.330676e-10	0.000000e+00	2.411764e+03	   nan    	
 717 	3.586000e+02	5.366712e-10	0.000000e+00	2.412260e+03	   nan    	
 718 	3.591020e+02	5.384537e-10	0.000000e+00	2.412762e+03	   nan    	
 719 	3.596030e+02	5.375814e-10	0.000000e+00	2.413263e+03	   nan    	
 720 	3.601050e+02	5.343574e-10	0.000000e+00	2.413765e+03	   nan    	
 721 	3.606090e+02	5.390985e-10	0.000000e+00	2.414269e+03	   nan    	
 722 	3.611110e+02	5.338641e-10	0.000000e+00	2.414771e+03	   nan    	
 723 	3.616110e+02	5.307919e-10	0.000000e+00	2.415271e+03	   nan    	
 724 	3.621130e+02	5.348504e-10	0.000000e+00	2.415773e+03	   nan    	
 725 	3.626080e+02	5.332572e-10	0.000000e+00	2.416268e+03	   nan    	
 726 	3.631110e+02	5.320812e-10	0.000000e+00	2.416771e+03	   nan    	
 727 	3.636130e+02	5.354193e-10	0.000000e+00	2.417273e+03	   nan    	
 728 	3.641170e+02	5.320054e-10	0.000000e+00	2.417777e+03	   nan    	
 729 	3.646180e+02	5.350020e-10	0.000000e+00	2.418278e+03	   nan    	
 730 	3.651200e+02	5.314366e-10	0.000000e+00	2.418780e+03	   nan    	
 731 	3.656220e+02	5.320435e-10	0.000000e+00	2.419282e+03	   nan    	
 732 	3.661280e+02	5.306780e-10	0.000000e+00	2.419788e+03	   nan    	
 733 	3.666310e+02	5.332192e-10	0.000000e+00	2.420291e+03	   nan    	
 734 	3.671280e+02	5.358366e-10	0.000000e+00	2.420788e+03	   nan    	
 735 	3.676260e+02	5.331814e-10	0.000000e+00	2.421286e+03	   nan    	
 736 	3.681300e+02	5.260887e-10	0.000000e+00	2.421790e+03	   nan    	
 737 	3.686300e+02	5.329158e-10	0.000000e+00	2.422290e+03	   nan    	
 738 	3.691280e+02	5.301472e-10	0.000000e+00	2.422788e+03	   nan    	
 739 	3.696290e+02	5.338643e-10	0.000000e+00	2.423289e+03	   nan    	
 740 	3.701240e+02	5.312470e-10	0.000000e+00	2.423784e+03	   nan    	
 741 	3.706240e+02	5.347365e-10	0.000000e+00	2.424284e+03	   nan    	
 742 	3.711230e+02	5.332573e-10	0.000000e+00	2.424783e+03	   nan    	
 743 	3.716220e+02	5.322710e-10	0.000000e+00	2.425282e+03	   nan    	
 744 	3.721160e+02	5.306778e-10	0.000000e+00	2.425776e+03	   nan    	
 745 	3.726160e+02	5.270747e-10	0.000000e+00	2.426276e+03	   nan    	
 746 	3.731200e+02	5.366710e-10	0.000000e+00	2.426780e+03	   nan    	
 747 	3.736170e+02	5.351920e-10	0.000000e+00	2.427277e+03	   nan    	
 748 	3.741220e+02	5.328021e-10	0.000000e+00	2.427782e+03	   nan    	
 749 	3.746180e+02	5.247989e-10	0.000000e+00	2.428278e+03	   nan    	
 750 	3.751200e+02	5.314744e-10	0.000000e+00	2.428780e+03	   nan    	
 751 	3.756290e+02	5.309056e-10	0.000000e+00	2.429289e+03	   nan    	
 752 	3.761270e+02	5.314366e-10	0.000000e+00	2.429787e+03	   nan    	
 753 	3.766320e+02	5.252922e-10	0.000000e+00	2.430292e+03	   nan    	
 754 	3.771270e+02	5.275678e-10	0.000000e+00	2.430787e+03	   nan    	
 755 	3.776230e+02	5.306782e-10	0.000000e+00	2.431283e+03	   nan    	
 756 	3.781250e+02	5.331813e-10	0.000000e+00	2.431785e+03	   nan    	
 757 	3.786200e+02	5.285162e-10	0.000000e+00	2.432280e+03	   nan    	
 758 	3.791350e+02	5.225990e-10	0.000000e+00	2.432795e+03	   nan    	
 759 	3.796340e+02	5.281367e-10	0.000000e+00	2.433294e+03	   nan    	
 760 	3.801320e+02	5.289330e-10	0.000000e+00	2.433792e+03	   nan    	
 761 	3.806270e+02	5.234714e-10	0.000000e+00	2.434287e+03	   nan    	
 762 	3.812120e+02	5.265815e-10	0.000000e+00	2.434872e+03	   nan    	
 763 	3.817100e+02	5.291989e-10	0.000000e+00	2.435370e+03	   nan    	
 764 	3.822070e+02	5.290851e-10	0.000000e+00	2.435867e+03	   nan    	
 765 	3.827070e+02	5.316640e-10	0.000000e+00	2.436367e+03	   nan    	
 766 	3.832030e+02	5.298437e-10	0.000000e+00	2.436863e+03	   nan    	
 767 	3.837050e+02	5.238507e-10	0.000000e+00	2.437365e+03	   nan    	
 768 	3.842130e+02	5.257094e-10	0.000000e+00	2.437873e+03	   nan    	
 769 	3.847220e+02	5.296539e-10	0.000000e+00	2.438382e+03	   nan    	
 770 	3.852180e+02	5.243442e-10	0.000000e+00	2.438878e+03	   nan    	
 771 	3.857140e+02	5.240780e-10	0.000000e+00	2.439374e+03	   nan    	
 772 	3.862090e+02	5.268470e-10	0.000000e+00	2.439869e+03	   nan    	
 773 	3.867140e+02	5.270744e-10	0.000000e+00	2.440374e+03	   nan    	
 774 	3.872090e+02	5.263921e-10	0.000000e+00	2.440869e+03	   nan    	
 775 	3.877040e+02	5.279471e-10	0.000000e+00	2.441364e+03	   nan    	
 776 	3.882030e+02	5.247610e-10	0.000000e+00	2.441863e+03	   nan    	
 777 	3.887030e+02	5.252161e-10	0.000000e+00	2.442363e+03	   nan    	
 778 	3.892090e+02	5.240403e-10	0.000000e+00	2.442869e+03	   nan    	
 779 	3.896340e+02	5.256334e-10	0.000000e+00	2.443294e+03	   nan    	
 780 	3.901270e+02	5.270745e-10	0.000000e+00	2.443787e+03	   nan    	
 781 	3.906260e+02	5.237749e-10	0.000000e+00	2.444286e+03	   nan    	
 782 	3.911210e+02	5.259366e-10	0.000000e+00	2.444781e+03	   nan    	
 783 	3.916220e+02	5.271508e-10	0.000000e+00	2.445282e+03	   nan    	
 784 	3.921200e+02	5.247231e-10	0.000000e+00	2.445780e+03	   nan    	
 785 	3.926240e+02	5.271507e-10	0.000000e+00	2.446284e+03	   nan    	
 786 	3.931200e+02	5.222576e-10	0.000000e+00	2.446780e+03	   nan    	
 787 	3.936230e+02	5.263162e-10	0.000000e+00	2.447283e+03	   nan    	
 788 	3.941270e+02	5.236231e-10	0.000000e+00	2.447787e+03	   nan    	
 789 	3.946310e+02	5.254818e-10	0.000000e+00	2.448291e+03	   nan    	
 790 	3.951280e+02	5.238507e-10	0.000000e+00	2.448788e+03	   nan    	
 791 	3.956300e+02	5.235472e-10	0.000000e+00	2.449290e+03	   nan    	
 792 	3.961280e+02	5.237749e-10	0.000000e+00	2.449788e+03	   nan    	
 793 	3.966300e+02	5.233573e-10	0.000000e+00	2.450290e+03	   nan    	
 794 	3.971260e+02	5.187299e-10	0.000000e+00	2.450786e+03	   nan    	
 795 	3.976320e+02	5.302604e-10	0.000000e+00	2.451292e+03	   nan    	
 796 	3.981280e+02	5.223333e-10	0.000000e+00	2.451788e+03	   nan    	
 797 	3.986230e+02	5.223715e-10	0.000000e+00	2.452283e+03	   nan    	
 798 	3.991200e+02	5.234715e-10	0.000000e+00	2.452780e+03	   nan    	
 799 	3.996350e+02	5.231675e-10	0.000000e+00	2.453295e+03	   nan    	
 800 	4.002090e+02	5.236610e-10	0.000000e+00	2.453869e+03	   nan    	
 801 	4.007060e+02	5.207026e-10	0.000000e+00	2.454366e+03	   nan    	
 802 	4.012020e+02	5.201336e-10	0.000000e+00	2.454862e+03	   nan    	
 803 	4.017060e+02	5.247991e-10	0.000000e+00	2.455366e+03	   nan    	
 804 	4.022050e+02	5.295021e-10	0.000000e+00	2.455865e+03	   nan    	
 805 	4.027090e+02	5.222954e-10	0.000000e+00	2.456369e+03	   nan    	
 806 	4.031230e+02	5.186539e-10	0.000000e+00	2.456783e+03	   nan    	
 807 	4.036220e+02	5.175164e-10	0.000000e+00	2.457282e+03	   nan    	
 808 	4.041260e+02	5.206264e-10	0.000000e+00	2.457786e+03	   nan    	
 809 	4.046210e+02	5.220301e-10	0.000000e+00	2.458281e+03	   nan    	
 810 	4.051290e+02	5.232057e-10	0.000000e+00	2.458789e+03	   nan    	
 811 	4.056270e+02	5.240023e-10	0.000000e+00	2.459287e+03	   nan    	
 812 	4.061210e+02	5.140647e-10	0.000000e+00	2.459781e+03	   nan    	
 813 	4.066230e+02	5.212712e-10	0.000000e+00	2.460283e+03	   nan    	
 814 	4.071180e+02	5.187302e-10	0.000000e+00	2.460778e+03	   nan    	
 815 	4.076200e+02	5.199439e-10	0.000000e+00	2.461280e+03	   nan    	
 816 	4.081210e+02	5.199440e-10	0.000000e+00	2.461781e+03	   nan    	
 817 	4.086210e+02	5.210817e-10	0.000000e+00	2.462281e+03	   nan    	
 818 	4.091250e+02	5.183131e-10	0.000000e+00	2.462785e+03	   nan    	
 819 	4.096290e+02	5.165682e-10	0.000000e+00	2.463289e+03	   nan    	
 820 	4.101260e+02	5.119411e-10	0.000000e+00	2.463786e+03	   nan    	
 821 	4.106260e+02	5.199060e-10	0.000000e+00	2.464286e+03	   nan    	
 822 	4.111310e+02	5.170994e-10	0.000000e+00	2.464791e+03	   nan    	
 823 	4.116300e+02	5.133444e-10	0.000000e+00	2.465290e+03	   nan    	
 824 	4.121330e+02	5.210439e-10	0.000000e+00	2.465793e+03	   nan    	
 825 	4.126280e+02	5.219921e-10	0.000000e+00	2.466288e+03	   nan    	
 826 	4.131310e+02	5.173648e-10	0.000000e+00	2.466791e+03	   nan    	
 827 	4.136270e+02	5.200578e-10	0.000000e+00	2.467287e+03	   nan    	
 828 	4.141290e+02	5.261265e-10	0.000000e+00	2.467789e+03	   nan    	
 829 	4.146250e+02	5.202094e-10	0.000000e+00	2.468285e+03	   nan    	
 830 	4.151250e+02	5.104236e-10	0.000000e+00	2.468785e+03	   nan    	
 831 	4.156210e+02	5.236612e-10	0.000000e+00	2.469281e+03	   nan    	
 832 	4.161210e+02	5.164922e-10	0.000000e+00	2.469781e+03	   nan    	
 833 	4.166240e+02	5.163407e-10	0.000000e+00	2.470284e+03	   nan    	
 834 	4.171260e+02	5.149371e-10	0.000000e+00	2.470786e+03	   nan    	
 835 	4.176220e+02	5.229405e-10	0.000000e+00	2.471282e+03	   nan    	
 836 	4.181200e+02	5.177441e-10	0.000000e+00	2.471780e+03	   nan    	
 837 	4.186220e+02	5.157717e-10	0.000000e+00	2.472282e+03	   nan    	
 838 	4.191170e+02	5.192989e-10	0.000000e+00	2.472777e+03	   nan    	
 839 	4.196200e+02	5.132682e-10	0.000000e+00	2.473280e+03	   nan    	
 840 	4.201230e+02	5.172129e-10	0.000000e+00	2.473783e+03	   nan    	
 841 	4.206180e+02	5.163029e-10	0.000000e+00	2.474278e+03	   nan    	
 842 	4.211200e+02	5.107650e-10	0.000000e+00	2.474780e+03	   nan    	
 843 	4.216160e+02	5.143682e-10	0.000000e+00	2.475276e+03	   nan    	
 844 	4.221180e+02	5.129648e-10	0.000000e+00	2.475778e+03	   nan    	
 845 	4.226150e+02	5.194509e-10	0.000000e+00	2.476275e+03	   nan    	
 846 	4.231170e+02	5.158475e-10	0.000000e+00	2.476777e+03	   nan    	
 847 	4.236130e+02	5.136857e-10	0.000000e+00	2.477273e+03	   nan    	
 848 	4.241180e+02	5.118648e-10	0.000000e+00	2.477778e+03	   nan    	
 849 	4.246160e+02	5.147475e-10	0.000000e+00	2.478276e+03	   nan    	
 850 	4.251130e+02	5.111442e-10	0.000000e+00	2.478773e+03	   nan    	
 851 	4.256090e+02	5.128513e-10	0.000000e+00	2.479269e+03	   nan    	
 852 	4.261100e+02	5.148990e-10	0.000000e+00	2.479770e+03	   nan    	
 853 	4.266070e+02	5.106893e-10	0.000000e+00	2.480267e+03	   nan    	
 854 	4.271100e+02	5.146337e-10	0.000000e+00	2.480770e+03	   nan    	
 855 	4.276090e+02	5.132303e-10	0.000000e+00	2.481269e+03	   nan    	
 856 	4.281110e+02	5.093995e-10	0.000000e+00	2.481771e+03	   nan    	
 857 	4.286090e+02	5.034065e-10	0.000000e+00	2.482269e+03	   nan    	
 858 	4.291110e+02	5.135717e-10	0.000000e+00	2.482771e+03	   nan    	
 859 	4.296070e+02	5.109545e-10	0.000000e+00	2.483267e+03	   nan    	
 860 	4.301090e+02	5.093994e-10	0.000000e+00	2.483769e+03	   nan    	
 861 	4.306060e+02	5.141786e-10	0.000000e+00	2.484266e+03	   nan    	
 862 	4.311000e+02	5.121684e-10	0.000000e+00	2.484760e+03	   nan    	
 863 	4.316000e+02	5.128130e-10	0.000000e+00	2.485260e+03	   nan    	
 864 	4.321030e+02	5.108409e-10	0.000000e+00	2.485763e+03	   nan    	
 865 	4.326000e+02	5.109925e-10	0.000000e+00	2.486260e+03	   nan    	
 866 	4.331020e+02	5.101579e-10	0.000000e+00	2.486762e+03	   nan    	
 867 	4.336080e+02	5.099683e-10	0.000000e+00	2.487268e+03	   nan    	
 868 	4.341060e+02	5.080339e-10	0.000000e+00	2.487766e+03	   nan    	
 869 	4.346070e+02	5.040512e-10	0.000000e+00	2.488267e+03	   nan    	
 870 	4.351110e+02	5.109925e-10	0.000000e+00	2.488771e+03	   nan    	
 871 	4.356910e+02	5.119409e-10	0.000000e+00	2.489351e+03	   nan    	
 872 	4.361100e+02	4.990067e-10	0.000000e+00	2.489770e+03	   nan    	
 873 	4.366050e+02	5.086409e-10	0.000000e+00	2.490265e+03	   nan    	
 874 	4.371090e+02	5.099683e-10	0.000000e+00	2.490769e+03	   nan    	
 875 	4.376000e+02	5.077306e-10	0.000000e+00	2.491260e+03	   nan    	
 876 	4.381020e+02	5.039377e-10	0.000000e+00	2.491762e+03	   nan    	
 877 	4.386020e+02	5.092474e-10	0.000000e+00	2.492262e+03	   nan    	
 878 	4.391060e+02	5.080341e-10	0.000000e+00	2.492766e+03	   nan    	
 879 	4.396170e+02	5.048481e-10	0.000000e+00	2.493277e+03	   nan    	
 880 	4.401130e+02	5.088305e-10	0.000000e+00	2.493773e+03	   nan    	
 881 	4.406940e+02	4.969585e-10	0.000000e+00	2.494354e+03	   nan    	
 882 	4.411950e+02	5.055687e-10	0.000000e+00	2.494855e+03	   nan    	
 883 	4.416940e+02	5.064787e-10	0.000000e+00	2.495354e+03	   nan    	
 884 	4.421900e+02	5.037100e-10	0.000000e+00	2.495850e+03	   nan    	
 885 	4.426940e+02	5.108030e-10	0.000000e+00	2.496354e+03	   nan    	
 886 	4.431940e+02	5.089065e-10	0.000000e+00	2.496854e+03	   nan    	
 887 	4.436910e+02	5.070477e-10	0.000000e+00	2.497351e+03	   nan    	
 888 	4.441890e+02	5.093996e-10	0.000000e+00	2.497849e+03	   nan    	
 889 	4.446940e+02	5.046205e-10	0.000000e+00	2.498354e+03	   nan    	
 890 	4.451950e+02	5.100063e-10	0.000000e+00	2.498855e+03	   nan    	
 891 	4.456960e+02	5.009032e-10	0.000000e+00	2.499356e+03	   nan    	
 892 	4.461980e+02	5.042787e-10	0.000000e+00	2.499858e+03	   nan    	
 893 	4.466950e+02	5.054927e-10	0.000000e+00	2.500355e+03	   nan    	
 894 	4.471960e+02	5.068581e-10	0.000000e+00	2.500856e+03	   nan    	
 895 	4.476970e+02	5.035204e-10	0.000000e+00	2.501357e+03	   nan    	
 896 	4.481940e+02	5.035203e-10	0.000000e+00	2.501854e+03	   nan    	
 897 	4.486930e+02	5.064030e-10	0.000000e+00	2.502353e+03	   nan    	
 898 	4.491960e+02	5.052651e-10	0.000000e+00	2.502856e+03	   nan    	
 899 	4.496970e+02	5.068961e-10	0.000000e+00	2.503357e+03	   nan    	
 900 	4.501980e+02	5.112201e-10	0.000000e+00	2.503858e+03	   nan    	
 901 	4.507010e+02	5.076925e-10	0.000000e+00	2.504361e+03	   nan    	
 902 	4.512040e+02	5.040135e-10	0.000000e+00	2.504864e+03	   nan    	
 903 	4.517070e+02	5.033308e-10	0.000000e+00	2.505367e+03	   nan    	
 904 	4.522090e+02	5.062135e-10	0.000000e+00	2.505869e+03	   nan    	
 905 	4.527140e+02	4.978692e-10	0.000000e+00	2.506374e+03	   nan    	
 906 	4.532150e+02	5.027997e-10	0.000000e+00	2.506875e+03	   nan    	
 907 	4.537150e+02	5.034444e-10	0.000000e+00	2.507375e+03	   nan    	
 908 	4.542110e+02	5.014342e-10	0.000000e+00	2.507871e+03	   nan    	
 909 	4.547120e+02	5.039373e-10	0.000000e+00	2.508372e+03	   nan    	
 910 	4.552140e+02	5.045065e-10	0.000000e+00	2.508874e+03	   nan    	
 911 	4.557170e+02	5.046581e-10	0.000000e+00	2.509377e+03	   nan    	
 912 	4.562190e+02	5.067062e-10	0.000000e+00	2.509879e+03	   nan    	
 913 	4.567160e+02	5.076168e-10	0.000000e+00	2.510376e+03	   nan    	
 914 	4.572190e+02	4.988550e-10	0.000000e+00	2.510879e+03	   nan    	
 915 	4.577220e+02	5.046201e-10	0.000000e+00	2.511382e+03	   nan    	
 916 	4.582250e+02	4.988928e-10	0.000000e+00	2.511885e+03	   nan    	
 917 	4.587300e+02	5.033305e-10	0.000000e+00	2.512390e+03	   nan    	
 918 	4.592330e+02	4.961244e-10	0.000000e+00	2.512893e+03	   nan    	
 919 	4.597290e+02	5.032168e-10	0.000000e+00	2.513389e+03	   nan    	
 920 	4.602220e+02	5.000692e-10	0.000000e+00	2.513882e+03	   nan    	
 921 	4.607270e+02	5.030651e-10	0.000000e+00	2.514387e+03	   nan    	
 922 	4.612330e+02	5.011309e-10	0.000000e+00	2.514893e+03	   nan    	
 923 	4.617300e+02	4.995377e-10	0.000000e+00	2.515390e+03	   nan    	
 924 	4.622360e+02	4.955929e-10	0.000000e+00	2.515896e+03	   nan    	
 925 	4.627290e+02	5.024962e-10	0.000000e+00	2.516389e+03	   nan    	
 926 	4.632270e+02	5.014343e-10	0.000000e+00	2.516887e+03	   nan    	
 927 	4.637290e+02	4.975654e-10	0.000000e+00	2.517389e+03	   nan    	
 928 	4.642330e+02	5.023824e-10	0.000000e+00	2.517893e+03	   nan    	
 929 	4.647530e+02	5.040133e-10	0.000000e+00	2.518413e+03	   nan    	
 930 	4.652340e+02	5.007514e-10	0.000000e+00	2.518894e+03	   nan    	
 931 	4.657290e+02	5.023826e-10	0.000000e+00	2.519389e+03	   nan    	
 932 	4.662250e+02	5.009791e-10	0.000000e+00	2.519885e+03	   nan    	
 933 	4.667220e+02	5.002204e-10	0.000000e+00	2.520382e+03	   nan    	
 934 	4.672280e+02	4.972618e-10	0.000000e+00	2.520888e+03	   nan    	
 935 	4.677230e+02	4.941897e-10	0.000000e+00	2.521383e+03	   nan    	
 936 	4.682200e+02	4.916865e-10	0.000000e+00	2.521880e+03	   nan    	
 937 	4.687240e+02	4.989688e-10	0.000000e+00	2.522384e+03	   nan    	
 938 	4.692280e+02	4.882726e-10	0.000000e+00	2.522888e+03	   nan    	
 939 	4.697300e+02	4.938483e-10	0.000000e+00	2.523390e+03	   nan    	
 940 	4.701600e+02	4.977929e-10	0.000000e+00	2.523820e+03	   nan    	
 941 	4.706420e+02	4.953654e-10	0.000000e+00	2.524302e+03	   nan    	
 942 	4.711400e+02	4.955552e-10	0.000000e+00	2.524800e+03	   nan    	
 943 	4.716440e+02	4.977170e-10	0.000000e+00	2.525304e+03	   nan    	
 944 	4.721390e+02	4.933553e-10	0.000000e+00	2.525799e+03	   nan    	
 945 	4.726420e+02	4.983998e-10	0.000000e+00	2.526302e+03	   nan    	
 946 	4.731370e+02	4.986653e-10	0.000000e+00	2.526797e+03	   nan    	
 947 	4.736540e+02	4.969961e-10	0.000000e+00	2.527314e+03	   nan    	
 948 	4.741330e+02	4.957450e-10	0.000000e+00	2.527793e+03	   nan    	
 949 	4.746470e+02	4.897895e-10	0.000000e+00	2.528307e+03	   nan    	
 950 	4.751340e+02	4.922553e-10	0.000000e+00	2.528794e+03	   nan    	
 951 	4.756370e+02	4.952895e-10	0.000000e+00	2.529297e+03	   nan    	
 952 	4.761330e+02	4.941896e-10	0.000000e+00	2.529793e+03	   nan    	
 953 	4.766350e+02	4.985896e-10	0.000000e+00	2.530295e+03	   nan    	
 954 	4.771330e+02	4.981342e-10	0.000000e+00	2.530793e+03	   nan    	
 955 	4.776330e+02	4.920655e-10	0.000000e+00	2.531293e+03	   nan    	
 956 	4.781300e+02	4.918001e-10	0.000000e+00	2.531790e+03	   nan    	
 957 	4.786320e+02	4.905864e-10	0.000000e+00	2.532292e+03	   nan    	
 958 	4.791290e+02	4.927482e-10	0.000000e+00	2.532789e+03	   nan    	
 959 	4.796310e+02	4.943032e-10	0.000000e+00	2.533291e+03	   nan    	
 960 	4.801290e+02	4.951758e-10	0.000000e+00	2.533789e+03	   nan    	
 961 	4.806300e+02	4.907001e-10	0.000000e+00	2.534290e+03	   nan    	
 962 	4.811270e+02	4.960481e-10	0.000000e+00	2.534787e+03	   nan    	
 963 	4.816290e+02	4.929001e-10	0.000000e+00	2.535289e+03	   nan    	
 964 	4.821270e+02	4.934689e-10	0.000000e+00	2.535787e+03	   nan    	
 965 	4.826280e+02	4.953653e-10	0.000000e+00	2.536288e+03	   nan    	
 966 	4.831320e+02	4.859970e-10	0.000000e+00	2.536792e+03	   nan    	
 967 	4.836350e+02	4.941896e-10	0.000000e+00	2.537295e+03	   nan    	
 968 	4.841410e+02	4.932414e-10	0.000000e+00	2.537801e+03	   nan    	
 969 	4.846420e+02	4.949859e-10	0.000000e+00	2.538302e+03	   nan    	
 970 	4.851280e+02	4.907758e-10	0.000000e+00	2.538788e+03	   nan    	
 971 	4.856270e+02	4.912312e-10	0.000000e+00	2.539287e+03	   nan    	
 972 	4.861270e+02	4.903586e-10	0.000000e+00	2.539787e+03	   nan    	
 973 	4.866430e+02	4.903964e-10	0.000000e+00	2.540303e+03	   nan    	
 974 	4.871300e+02	4.937343e-10	0.000000e+00	2.540790e+03	   nan    	
 975 	4.876320e+02	4.939240e-10	0.000000e+00	2.541292e+03	   nan    	
 976 	4.881280e+02	4.935446e-10	0.000000e+00	2.541788e+03	   nan    	
 977 	4.886320e+02	4.861483e-10	0.000000e+00	2.542292e+03	   nan    	
 978 	4.891280e+02	4.876277e-10	0.000000e+00	2.542788e+03	   nan    	
 979 	4.896310e+02	4.911172e-10	0.000000e+00	2.543291e+03	   nan    	
 980 	4.901410e+02	4.924825e-10	0.000000e+00	2.543801e+03	   nan    	
 981 	4.907220e+02	4.883483e-10	0.000000e+00	2.544382e+03	   nan    	
 982 	4.911340e+02	4.878175e-10	0.000000e+00	2.544794e+03	   nan    	
 983 	4.916400e+02	4.920279e-10	0.000000e+00	2.545300e+03	   nan    	
 984 	4.921370e+02	4.925966e-10	0.000000e+00	2.545797e+03	   nan    	
 985 	4.926380e+02	4.797004e-10	0.000000e+00	2.546298e+03	   nan    	
 986 	4.932470e+02	4.994616e-10	0.000000e+00	2.546907e+03	   nan    	
 987 	4.936390e+02	4.905484e-10	0.000000e+00	2.547299e+03	   nan    	
 988 	4.941520e+02	4.973756e-10	0.000000e+00	2.547812e+03	   nan    	
 989 	4.946360e+02	4.905104e-10	0.000000e+00	2.548296e+03	   nan    	
 990 	4.951350e+02	4.897518e-10	0.000000e+00	2.548795e+03	   nan    	
 991 	4.956300e+02	4.895621e-10	0.000000e+00	2.549290e+03	   nan    	
 992 	4.961330e+02	4.897138e-10	0.000000e+00	2.549793e+03	   nan    	
 993 	4.966270e+02	4.922930e-10	0.000000e+00	2.550287e+03	   nan    	
 994 	4.971230e+02	4.897896e-10	0.000000e+00	2.550783e+03	   nan    	
 995 	4.976210e+02	4.924449e-10	0.000000e+00	2.551281e+03	   nan    	
 996 	4.981190e+02	4.883103e-10	0.000000e+00	2.551779e+03	   nan    	
 997 	4.986210e+02	4.888036e-10	0.000000e+00	2.552281e+03	   nan    	
 998 	4.991190e+02	4.854659e-10	0.000000e+00	2.552779e+03	   nan    	
 999 	4.996200e+02	4.893344e-10	0.000000e+00	2.553280e+03	   nan    	
1000 	5.001240e+02	4.932034e-10	0.000000e+00	2.553784e+03	   nan    	
1001 	5.006260e+02	4.824314e-10	0.000000e+00	2.554286e+03	   nan    	
1002 	5.011280e+02	4.895617e-10	0.000000e+00	2.554788e+03	   nan    	
1003 	5.016290e+02	4.917620e-10	0.000000e+00	2.555289e+03	   nan    	
1004 	5.021310e+02	4.857690e-10	0.000000e+00	2.555791e+03	   nan    	
1005 	5.026280e+02	4.871345e-10	0.000000e+00	2.556288e+03	   nan    	
1006 	5.031300e+02	4.889931e-10	0.000000e+00	2.556790e+03	   nan    	
1007 	5.036250e+02	4.866414e-10	0.000000e+00	2.557285e+03	   nan    	
1008 	5.041270e+02	4.917997e-10	0.000000e+00	2.557787e+03	   nan    	
1009 	5.046230e+02	4.901310e-10	0.000000e+00	2.558283e+03	   nan    	
1010 	5.051240e+02	4.917238e-10	0.000000e+00	2.558784e+03	   nan    	
1011 	5.056220e+02	4.926726e-10	0.000000e+00	2.559282e+03	   nan    	
1012 	5.061260e+02	4.857312e-10	0.000000e+00	2.559786e+03	   nan    	
1013 	5.066220e+02	4.794350e-10	0.000000e+00	2.560282e+03	   nan    	
1014 	5.071250e+02	4.870587e-10	0.000000e+00	2.560785e+03	   nan    	
1015 	5.076210e+02	4.856554e-10	0.000000e+00	2.561281e+03	   nan    	
1016 	5.081170e+02	4.850864e-10	0.000000e+00	2.561777e+03	   nan    	
1017 	5.086200e+02	4.899794e-10	0.000000e+00	2.562280e+03	   nan    	
1018 	5.091170e+02	4.907381e-10	0.000000e+00	2.562777e+03	   nan    	
1019 	5.096130e+02	4.913449e-10	0.000000e+00	2.563273e+03	   nan    	
1020 	5.101160e+02	4.858449e-10	0.000000e+00	2.563776e+03	   nan    	
1021 	5.106150e+02	4.874001e-10	0.000000e+00	2.564275e+03	   nan    	
1022 	5.111170e+02	4.886896e-10	0.000000e+00	2.564777e+03	   nan    	
1023 	5.116140e+02	4.899793e-10	0.000000e+00	2.565274e+03	   nan    	
1024 	5.121170e+02	4.940757e-10	0.000000e+00	2.565777e+03	   nan    	
1025 	5.126150e+02	4.957824e-10	0.000000e+00	2.566275e+03	   nan    	
1026 	5.131190e+02	4.900172e-10	0.000000e+00	2.566779e+03	   nan    	
1027 	5.136160e+02	4.850105e-10	0.000000e+00	2.567276e+03	   nan    	
1028 	5.141170e+02	4.872860e-10	0.000000e+00	2.567777e+03	   nan    	
1029 	5.146210e+02	4.836072e-10	0.000000e+00	2.568281e+03	   nan    	
1030 	5.151130e+02	4.882347e-10	0.000000e+00	2.568773e+03	   nan    	
1031 	5.156110e+02	4.850864e-10	0.000000e+00	2.569271e+03	   nan    	
1032 	5.161130e+02	4.836832e-10	0.000000e+00	2.569773e+03	   nan    	
1033 	5.166180e+02	4.845174e-10	0.000000e+00	2.570278e+03	   nan    	
1034 	5.171280e+02	4.831517e-10	0.000000e+00	2.570788e+03	   nan    	
1035 	5.177010e+02	4.796237e-10	0.000000e+00	2.571361e+03	   nan    	
1036 	5.182060e+02	4.868690e-10	0.000000e+00	2.571866e+03	   nan    	
1037 	5.187050e+02	4.784486e-10	0.000000e+00	2.572365e+03	   nan    	
1038 	5.191200e+02	4.888412e-10	0.000000e+00	2.572780e+03	   nan    	
1039 	5.196140e+02	4.863377e-10	0.000000e+00	2.573274e+03	   nan    	
1040 	5.201180e+02	4.794347e-10	0.000000e+00	2.573778e+03	   nan    	
1041 	5.206080e+02	4.830764e-10	0.000000e+00	2.574268e+03	   nan    	
1042 	5.211210e+02	4.862999e-10	0.000000e+00	2.574781e+03	   nan    	
1043 	5.216090e+02	4.833038e-10	0.000000e+00	2.575269e+03	   nan    	
1044 	5.221110e+02	4.809904e-10	0.000000e+00	2.575771e+03	   nan    	
1045 	5.226080e+02	4.797762e-10	0.000000e+00	2.576268e+03	   nan    	
1046 	5.231010e+02	4.850483e-10	0.000000e+00	2.576761e+03	   nan    	
1047 	5.236040e+02	4.784108e-10	0.000000e+00	2.577264e+03	   nan    	
1048 	5.241060e+02	4.827728e-10	0.000000e+00	2.577766e+03	   nan    	
1049 	5.246030e+02	4.803072e-10	0.000000e+00	2.578263e+03	   nan    	
1050 	5.251040e+02	4.852002e-10	0.000000e+00	2.578764e+03	   nan    	
1051 	5.256040e+02	4.804967e-10	0.000000e+00	2.579264e+03	   nan    	
1052 	5.261050e+02	4.823553e-10	0.000000e+00	2.579765e+03	   nan    	
1053 	5.266020e+02	4.704076e-10	0.000000e+00	2.580262e+03	   nan    	
1054 	5.271000e+02	4.795107e-10	0.000000e+00	2.580760e+03	   nan    	
1055 	5.275960e+02	4.685112e-10	0.000000e+00	2.581256e+03	   nan    	
1056 	5.280990e+02	4.836069e-10	0.000000e+00	2.581759e+03	   nan    	
1057 	5.285940e+02	4.790556e-10	0.000000e+00	2.582254e+03	   nan    	
1058 	5.290990e+02	4.818622e-10	0.000000e+00	2.582759e+03	   nan    	
1059 	5.295970e+02	4.823177e-10	0.000000e+00	2.583257e+03	   nan    	
1060 	5.301000e+02	4.800040e-10	0.000000e+00	2.583760e+03	   nan    	
1061 	5.305970e+02	4.800041e-10	0.000000e+00	2.584257e+03	   nan    	
1062 	5.311010e+02	4.865658e-10	0.000000e+00	2.584761e+03	   nan    	
1063 	5.316140e+02	4.797001e-10	0.000000e+00	2.585274e+03	   nan    	
1064 	5.321060e+02	4.807624e-10	0.000000e+00	2.585766e+03	   nan    	
1065 	5.326150e+02	4.812172e-10	0.000000e+00	2.586275e+03	   nan    	
1066 	5.330970e+02	4.754143e-10	0.000000e+00	2.586757e+03	   nan    	
1067 	5.336110e+02	4.814448e-10	0.000000e+00	2.587271e+03	   nan    	
1068 	5.341860e+02	4.769693e-10	0.000000e+00	2.587846e+03	   nan    	
1069 	5.346930e+02	4.802315e-10	0.000000e+00	2.588353e+03	   nan    	
1070 	5.351040e+02	4.818246e-10	0.000000e+00	2.588764e+03	   nan    	
1071 	5.355990e+02	4.815588e-10	0.000000e+00	2.589259e+03	   nan    	
1072 	5.361010e+02	4.820521e-10	0.000000e+00	2.589761e+03	   nan    	
1073 	5.366000e+02	4.766658e-10	0.000000e+00	2.590260e+03	   nan    	
1074 	5.371000e+02	4.786384e-10	0.000000e+00	2.590760e+03	   nan    	
1075 	5.376000e+02	4.777659e-10	0.000000e+00	2.591260e+03	   nan    	
1076 	5.381010e+02	4.763244e-10	0.000000e+00	2.591761e+03	   nan    	
1077 	5.385980e+02	4.806486e-10	0.000000e+00	2.592258e+03	   nan    	
1078 	5.390990e+02	4.770072e-10	0.000000e+00	2.592759e+03	   nan    	
1079 	5.395980e+02	4.782211e-10	0.000000e+00	2.593258e+03	   nan    	
1080 	5.401010e+02	4.783727e-10	0.000000e+00	2.593761e+03	   nan    	
1081 	5.405980e+02	4.762487e-10	0.000000e+00	2.594258e+03	   nan    	
1082 	5.411020e+02	4.803452e-10	0.000000e+00	2.594762e+03	   nan    	
1083 	5.416060e+02	4.800038e-10	0.000000e+00	2.595266e+03	   nan    	
1084 	5.421080e+02	4.809141e-10	0.000000e+00	2.595768e+03	   nan    	
1085 	5.426040e+02	4.795865e-10	0.000000e+00	2.596264e+03	   nan    	
1086 	5.431050e+02	4.774625e-10	0.000000e+00	2.596765e+03	   nan    	
1087 	5.436070e+02	4.798144e-10	0.000000e+00	2.597267e+03	   nan    	
1088 	5.441080e+02	4.808003e-10	0.000000e+00	2.597768e+03	   nan    	
1089 	5.446100e+02	4.839864e-10	0.000000e+00	2.598270e+03	   nan    	
1090 	5.451110e+02	4.743521e-10	0.000000e+00	2.598771e+03	   nan    	
1091 	5.456120e+02	4.797005e-10	0.000000e+00	2.599272e+03	   nan    	
1092 	5.461130e+02	4.790935e-10	0.000000e+00	2.599773e+03	   nan    	
1093 	5.466110e+02	4.791694e-10	0.000000e+00	2.600271e+03	   nan    	
1094 	5.471130e+02	4.772349e-10	0.000000e+00	2.600773e+03	   nan    	
1095 	5.476150e+02	4.756038e-10	0.000000e+00	2.601275e+03	   nan    	
1096 	5.481150e+02	4.793209e-10	0.000000e+00	2.601775e+03	   nan    	
1097 	5.486170e+02	4.769694e-10	0.000000e+00	2.602277e+03	   nan    	
1098 	5.491130e+02	4.655525e-10	0.000000e+00	2.602773e+03	   nan    	
1099 	5.496110e+02	4.739352e-10	0.000000e+00	2.603271e+03	   nan    	
1100 	5.501100e+02	4.703316e-10	0.000000e+00	2.603770e+03	   nan    	
1101 	5.506070e+02	4.694973e-10	0.000000e+00	2.604267e+03	   nan    	
1102 	5.511010e+02	4.829244e-10	0.000000e+00	2.604761e+03	   nan    	
1103 	5.515980e+02	4.765523e-10	0.000000e+00	2.605258e+03	   nan    	
1104 	5.520960e+02	4.858071e-10	0.000000e+00	2.605756e+03	   nan    	
1105 	5.525920e+02	4.745419e-10	0.000000e+00	2.606252e+03	   nan    	
1106 	5.530870e+02	4.758315e-10	0.000000e+00	2.606747e+03	   nan    	
1107 	5.535880e+02	4.785244e-10	0.000000e+00	2.607248e+03	   nan    	
1108 	5.540860e+02	4.753005e-10	0.000000e+00	2.607746e+03	   nan    	
1109 	5.545860e+02	4.720386e-10	0.000000e+00	2.608246e+03	   nan    	
1110 	5.550880e+02	4.756039e-10	0.000000e+00	2.608748e+03	   nan    	
1111 	5.555830e+02	4.701041e-10	0.000000e+00	2.609243e+03	   nan    	
1112 	5.560850e+02	4.746557e-10	0.000000e+00	2.609745e+03	   nan    	
1113 	5.565840e+02	4.767796e-10	0.000000e+00	2.610244e+03	   nan    	
1114 	5.570860e+02	4.761729e-10	0.000000e+00	2.610746e+03	   nan    	
1115 	5.575880e+02	4.753384e-10	0.000000e+00	2.611248e+03	   nan    	
1116 	5.580900e+02	4.760211e-10	0.000000e+00	2.611750e+03	   nan    	
1117 	5.585920e+02	4.712419e-10	0.000000e+00	2.612252e+03	   nan    	
1118 	5.590900e+02	4.745039e-10	0.000000e+00	2.612750e+03	   nan    	
1119 	5.595920e+02	4.742763e-10	0.000000e+00	2.613252e+03	   nan    	
1120 	5.600930e+02	4.758694e-10	0.000000e+00	2.613753e+03	   nan    	
1121 	5.605960e+02	4.743524e-10	0.000000e+00	2.614256e+03	   nan    	
1122 	5.610930e+02	4.771593e-10	0.000000e+00	2.614753e+03	   nan    	
1123 	5.615940e+02	4.713175e-10	0.000000e+00	2.615254e+03	   nan    	
1124 	5.620930e+02	4.752625e-10	0.000000e+00	2.615753e+03	   nan    	
1125 	5.625950e+02	4.716594e-10	0.000000e+00	2.616255e+03	   nan    	
1126 	5.630920e+02	4.749593e-10	0.000000e+00	2.616752e+03	   nan    	
1127 	5.635940e+02	4.712039e-10	0.000000e+00	2.617254e+03	   nan    	
1128 	5.640920e+02	4.723418e-10	0.000000e+00	2.617752e+03	   nan    	
1129 	5.645890e+02	4.820902e-10	0.000000e+00	2.618249e+03	   nan    	
1130 	5.650870e+02	4.721523e-10	0.000000e+00	2.618747e+03	   nan    	
1131 	5.655900e+02	4.702559e-10	0.000000e+00	2.619250e+03	   nan    	
1132 	5.660880e+02	4.747694e-10	0.000000e+00	2.619748e+03	   nan    	
1133 	5.665900e+02	4.789796e-10	0.000000e+00	2.620250e+03	   nan    	
1134 	5.670960e+02	4.711282e-10	0.000000e+00	2.620756e+03	   nan    	
1135 	5.675960e+02	4.758696e-10	0.000000e+00	2.621256e+03	   nan    	
1136 	5.680930e+02	4.752622e-10	0.000000e+00	2.621753e+03	   nan    	
1137 	5.685940e+02	4.683973e-10	0.000000e+00	2.622254e+03	   nan    	
1138 	5.690910e+02	4.725694e-10	0.000000e+00	2.622751e+03	   nan    	
1139 	5.695920e+02	4.731763e-10	0.000000e+00	2.623252e+03	   nan    	
1140 	5.700880e+02	4.625184e-10	0.000000e+00	2.623748e+03	   nan    	
1141 	5.705890e+02	4.694974e-10	0.000000e+00	2.624249e+03	   nan    	
1142 	5.710850e+02	4.705212e-10	0.000000e+00	2.624745e+03	   nan    	
1143 	5.715870e+02	4.725696e-10	0.000000e+00	2.625247e+03	   nan    	
1144 	5.720870e+02	4.746176e-10	0.000000e+00	2.625747e+03	   nan    	
1145 	5.725890e+02	4.694594e-10	0.000000e+00	2.626249e+03	   nan    	
1146 	5.730830e+02	4.682457e-10	0.000000e+00	2.626743e+03	   nan    	
1147 	5.735840e+02	4.713556e-10	0.000000e+00	2.627244e+03	   nan    	
1148 	5.740810e+02	4.697247e-10	0.000000e+00	2.627741e+03	   nan    	
1149 	5.745820e+02	4.693833e-10	0.000000e+00	2.628242e+03	   nan    	
1150 	5.750850e+02	4.703696e-10	0.000000e+00	2.628745e+03	   nan    	
1151 	5.755870e+02	4.685111e-10	0.000000e+00	2.629247e+03	   nan    	
1152 	5.760830e+02	4.697623e-10	0.000000e+00	2.629743e+03	   nan    	
1153 	5.765860e+02	4.721903e-10	0.000000e+00	2.630246e+03	   nan    	
1154 	5.770830e+02	4.696868e-10	0.000000e+00	2.630743e+03	   nan    	
1155 	5.775850e+02	4.696492e-10	0.000000e+00	2.631245e+03	   nan    	
1156 	5.780820e+02	4.699524e-10	0.000000e+00	2.631742e+03	   nan    	
1157 	5.785840e+02	4.712422e-10	0.000000e+00	2.632244e+03	   nan    	
1158 	5.790800e+02	4.706353e-10	0.000000e+00	2.632740e+03	   nan    	
1159 	5.795780e+02	4.627836e-10	0.000000e+00	2.633238e+03	   nan    	
1160 	5.800740e+02	4.696868e-10	0.000000e+00	2.633734e+03	   nan    	
1161 	5.805770e+02	4.685111e-10	0.000000e+00	2.634237e+03	   nan    	
1162 	5.810740e+02	4.700660e-10	0.000000e+00	2.634734e+03	   nan    	
1163 	5.815760e+02	4.707869e-10	0.000000e+00	2.635236e+03	   nan    	
1164 	5.820710e+02	4.674491e-10	0.000000e+00	2.635731e+03	   nan    	
1165 	5.825740e+02	4.723418e-10	0.000000e+00	2.636234e+03	   nan    	
1166 	5.830710e+02	4.741246e-10	0.000000e+00	2.636731e+03	   nan    	
1167 	5.835730e+02	4.607734e-10	0.000000e+00	2.637233e+03	   nan    	
1168 	5.840730e+02	4.676768e-10	0.000000e+00	2.637733e+03	   nan    	
1169 	5.845760e+02	4.707488e-10	0.000000e+00	2.638236e+03	   nan    	
1170 	5.850770e+02	4.643389e-10	0.000000e+00	2.638737e+03	   nan    	
1171 	5.855800e+02	4.682456e-10	0.000000e+00	2.639240e+03	   nan    	
1172 	5.860780e+02	4.717730e-10	0.000000e+00	2.639738e+03	   nan    	
1173 	5.865810e+02	4.764759e-10	0.000000e+00	2.640241e+03	   nan    	
1174 	5.870780e+02	4.770830e-10	0.000000e+00	2.640738e+03	   nan    	
1175 	5.875810e+02	4.666522e-10	0.000000e+00	2.641241e+03	   nan    	
1176 	5.880850e+02	4.714695e-10	0.000000e+00	2.641745e+03	   nan    	
1177 	5.885870e+02	4.643767e-10	0.000000e+00	2.642247e+03	   nan    	
1178 	5.890880e+02	4.663870e-10	0.000000e+00	2.642748e+03	   nan    	
1179 	5.895910e+02	4.716968e-10	0.000000e+00	2.643251e+03	   nan    	
1180 	5.900910e+02	4.642250e-10	0.000000e+00	2.643751e+03	   nan    	
1181 	5.905920e+02	4.709385e-10	0.000000e+00	2.644252e+03	   nan    	
1182 	5.910940e+02	4.684351e-10	0.000000e+00	2.644754e+03	   nan    	
1183 	5.915960e+02	4.660078e-10	0.000000e+00	2.645256e+03	   nan    	
1184 	5.920940e+02	4.617216e-10	0.000000e+00	2.645754e+03	   nan    	
1185 	5.925960e+02	4.691938e-10	0.000000e+00	2.646256e+03	   nan    	
1186 	5.930950e+02	4.671078e-10	0.000000e+00	2.646755e+03	   nan    	
1187 	5.935970e+02	4.637318e-10	0.000000e+00	2.647257e+03	   nan    	
1188 	5.940980e+02	4.641491e-10	0.000000e+00	2.647758e+03	   nan    	
1189 	5.945930e+02	4.569803e-10	0.000000e+00	2.648253e+03	   nan    	
1190 	5.950940e+02	4.638457e-10	0.000000e+00	2.648754e+03	   nan    	
1191 	5.955910e+02	4.666147e-10	0.000000e+00	2.649251e+03	   nan    	
1192 	5.960870e+02	4.631249e-10	0.000000e+00	2.649747e+03	   nan    	
1193 	5.965870e+02	4.614560e-10	0.000000e+00	2.650247e+03	   nan    	
1194 	5.970880e+02	4.668422e-10	0.000000e+00	2.650748e+03	   nan    	
1195 	5.975880e+02	4.663869e-10	0.000000e+00	2.651248e+03	   nan    	
1196 	5.980870e+02	4.698765e-10	0.000000e+00	2.651747e+03	   nan    	
1197 	5.985830e+02	4.660077e-10	0.000000e+00	2.652243e+03	   nan    	
1198 	5.990840e+02	4.659319e-10	0.000000e+00	2.652744e+03	   nan    	
1199 	5.995880e+02	4.637318e-10	0.000000e+00	2.653248e+03	   nan    	
1200 	6.000900e+02	4.655144e-10	0.000000e+00	2.653750e+03	   nan    	
1201 	6.005860e+02	4.682077e-10	0.000000e+00	2.654246e+03	   nan    	
1202 	6.010880e+02	4.510254e-10	0.000000e+00	2.654748e+03	   nan    	
1203 	6.015850e+02	4.605838e-10	0.000000e+00	2.655245e+03	   nan    	
1204 	6.020850e+02	4.580806e-10	0.000000e+00	2.655745e+03	   nan    	
1205 	6.025830e+02	4.638836e-10	0.000000e+00	2.656243e+03	   nan    	
1206 	6.030820e+02	4.657422e-10	0.000000e+00	2.656742e+03	   nan    	
1207 	6.035770e+02	4.605837e-10	0.000000e+00	2.657237e+03	   nan    	
1208 	6.040800e+02	4.625940e-10	0.000000e+00	2.657740e+03	   nan    	
1209 	6.045770e+02	4.661592e-10	0.000000e+00	2.658237e+03	   nan    	
1210 	6.050790e+02	4.667662e-10	0.000000e+00	2.658739e+03	   nan    	
1211 	6.055730e+02	4.629732e-10	0.000000e+00	2.659233e+03	   nan    	
1212 	6.060770e+02	4.645287e-10	0.000000e+00	2.659737e+03	   nan    	
1213 	6.065820e+02	4.625181e-10	0.000000e+00	2.660242e+03	   nan    	
1214 	6.070850e+02	4.577008e-10	0.000000e+00	2.660745e+03	   nan    	
1215 	6.075820e+02	4.619869e-10	0.000000e+00	2.661242e+03	   nan    	
1216 	6.080840e+02	4.666529e-10	0.000000e+00	2.661744e+03	   nan    	
1217 	6.085810e+02	4.608491e-10	0.000000e+00	2.662241e+03	   nan    	
1218 	6.090820e+02	4.639216e-10	0.000000e+00	2.662742e+03	   nan    	
1219 	6.095920e+02	4.644524e-10	0.000000e+00	2.663252e+03	   nan    	
1220 	6.100920e+02	4.657800e-10	0.000000e+00	2.663752e+03	   nan    	
1221 	6.105940e+02	4.551219e-10	0.000000e+00	2.664254e+03	   nan    	
1222 	6.110960e+02	4.626698e-10	0.000000e+00	2.664756e+03	   nan    	
1223 	6.115980e+02	4.596736e-10	0.000000e+00	2.665258e+03	   nan    	
1224 	6.121010e+02	4.396466e-10	0.000000e+00	2.665761e+03	   nan    	
1225 	6.126020e+02	4.408604e-10	0.000000e+00	2.666262e+03	   nan    	
1226 	6.131040e+02	4.365365e-10	0.000000e+00	2.666764e+03	   nan    	
1227 	6.136080e+02	4.387362e-10	0.000000e+00	2.667268e+03	   nan    	
1228 	6.141070e+02	4.407085e-10	0.000000e+00	2.667767e+03	   nan    	
1229 	6.146080e+02	4.635424e-10	0.000000e+00	2.668268e+03	   nan    	
1230 	6.151070e+02	4.625939e-10	0.000000e+00	2.668767e+03	   nan    	
1231 	6.156080e+02	4.627455e-10	0.000000e+00	2.669268e+03	   nan    	
1232 	6.161100e+02	4.654008e-10	0.000000e+00	2.669770e+03	   nan    	
1233 	6.166100e+02	4.677146e-10	0.000000e+00	2.670270e+03	   nan    	
1234 	6.171060e+02	4.607354e-10	0.000000e+00	2.670766e+03	   nan    	
1235 	6.176030e+02	4.644145e-10	0.000000e+00	2.671263e+03	   nan    	
1236 	6.180990e+02	4.611906e-10	0.000000e+00	2.671759e+03	   nan    	
1237 	6.186040e+02	4.544391e-10	0.000000e+00	2.672264e+03	   nan    	
1238 	6.191050e+02	4.609631e-10	0.000000e+00	2.672765e+03	   nan    	
1239 	6.196030e+02	4.643766e-10	0.000000e+00	2.673263e+03	   nan    	
1240 	6.201070e+02	4.614182e-10	0.000000e+00	2.673767e+03	   nan    	
1241 	6.206040e+02	4.618352e-10	0.000000e+00	2.674264e+03	   nan    	
1242 	6.211060e+02	4.625936e-10	0.000000e+00	2.674766e+03	   nan    	
1243 	6.216040e+02	4.624043e-10	0.000000e+00	2.675264e+03	   nan    	
1244 	6.221080e+02	4.628215e-10	0.000000e+00	2.675768e+03	   nan    	
1245 	6.226060e+02	4.688900e-10	0.000000e+00	2.676266e+03	   nan    	
1246 	6.231070e+02	4.618733e-10	0.000000e+00	2.676767e+03	   nan    	
1247 	6.236060e+02	4.610768e-10	0.000000e+00	2.677266e+03	   nan    	
1248 	6.241090e+02	4.622143e-10	0.000000e+00	2.677769e+03	   nan    	
1249 	6.246020e+02	4.640731e-10	0.000000e+00	2.678262e+03	   nan    	
1250 	6.251040e+02	4.635801e-10	0.000000e+00	2.678764e+03	   nan    	
1251 	6.256020e+02	4.638835e-10	0.000000e+00	2.679262e+03	   nan    	
1252 	6.261020e+02	4.564112e-10	0.000000e+00	2.679762e+03	   nan    	
1253 	6.265980e+02	4.586112e-10	0.000000e+00	2.680258e+03	   nan    	
1254 	6.270990e+02	4.625938e-10	0.000000e+00	2.680759e+03	   nan    	
1255 	6.275990e+02	4.584976e-10	0.000000e+00	2.681259e+03	   nan    	
1256 	6.280950e+02	4.616457e-10	0.000000e+00	2.681755e+03	   nan    	
1257 	6.285910e+02	4.591802e-10	0.000000e+00	2.682251e+03	   nan    	
1258 	6.290940e+02	4.633146e-10	0.000000e+00	2.682754e+03	   nan    	
1259 	6.295930e+02	4.613044e-10	0.000000e+00	2.683253e+03	   nan    	
1260 	6.300890e+02	4.622903e-10	0.000000e+00	2.683749e+03	   nan    	
1261 	6.305880e+02	4.602043e-10	0.000000e+00	2.684248e+03	   nan    	
1262 	6.310900e+02	4.592560e-10	0.000000e+00	2.684750e+03	   nan    	
1263 	6.315890e+02	4.502668e-10	0.000000e+00	2.685249e+03	   nan    	
1264 	6.320920e+02	4.642248e-10	0.000000e+00	2.685752e+03	   nan    	
1265 	6.325860e+02	4.602800e-10	0.000000e+00	2.686246e+03	   nan    	
1266 	6.330870e+02	4.586493e-10	0.000000e+00	2.686747e+03	   nan    	
1267 	6.335890e+02	4.605835e-10	0.000000e+00	2.687249e+03	   nan    	
1268 	6.340910e+02	4.622145e-10	0.000000e+00	2.687751e+03	   nan    	
1269 	6.345930e+02	4.613043e-10	0.000000e+00	2.688253e+03	   nan    	
1270 	6.350950e+02	4.526184e-10	0.000000e+00	2.688755e+03	   nan    	
1271 	6.355980e+02	4.610009e-10	0.000000e+00	2.689258e+03	   nan    	
1272 	6.361000e+02	4.590288e-10	0.000000e+00	2.689760e+03	   nan    	
1273 	6.366020e+02	4.625181e-10	0.000000e+00	2.690262e+03	   nan    	
1274 	6.370980e+02	4.541356e-10	0.000000e+00	2.690758e+03	   nan    	
1275 	6.376010e+02	4.594077e-10	0.000000e+00	2.691261e+03	   nan    	
1276 	6.381110e+02	4.558046e-10	0.000000e+00	2.691771e+03	   nan    	
1277 	6.386140e+02	4.590664e-10	0.000000e+00	2.692274e+03	   nan    	
1278 	6.391140e+02	4.557287e-10	0.000000e+00	2.692774e+03	   nan    	
1279 	6.396160e+02	4.612285e-10	0.000000e+00	2.693276e+03	   nan    	
1280 	6.401130e+02	4.578148e-10	0.000000e+00	2.693773e+03	   nan    	
1281 	6.406100e+02	4.548563e-10	0.000000e+00	2.694270e+03	   nan    	
1282 	6.411100e+02	4.588392e-10	0.000000e+00	2.694770e+03	   nan    	
1283 	6.416100e+02	4.584974e-10	0.000000e+00	2.695270e+03	   nan    	
1284 	6.421060e+02	4.581940e-10	0.000000e+00	2.695766e+03	   nan    	
1285 	6.426090e+02	4.595597e-10	0.000000e+00	2.696269e+03	   nan    	
1286 	6.431050e+02	4.630868e-10	0.000000e+00	2.696765e+03	   nan    	
1287 	6.436060e+02	4.527701e-10	0.000000e+00	2.697266e+03	   nan    	
1288 	6.441020e+02	4.533010e-10	0.000000e+00	2.697762e+03	   nan    	
1289 	6.446000e+02	4.552355e-10	0.000000e+00	2.698260e+03	   nan    	
1290 	6.450970e+02	4.532253e-10	0.000000e+00	2.698757e+03	   nan    	
1291 	6.455930e+02	4.571698e-10	0.000000e+00	2.699253e+03	   nan    	
1292 	6.460960e+02	4.557285e-10	0.000000e+00	2.699756e+03	   nan    	
1293 	6.466010e+02	4.588391e-10	0.000000e+00	2.700261e+03	   nan    	
1294 	6.470980e+02	4.587253e-10	0.000000e+00	2.700758e+03	   nan    	
1295 	6.475920e+02	4.541736e-10	0.000000e+00	2.701252e+03	   nan    	
1296 	6.480920e+02	4.548183e-10	0.000000e+00	2.701752e+03	   nan    	
1297 	6.485930e+02	4.527320e-10	0.000000e+00	2.702253e+03	   nan    	
1298 	6.490960e+02	4.556906e-10	0.000000e+00	2.702756e+03	   nan    	
1299 	6.495970e+02	4.629732e-10	0.000000e+00	2.703257e+03	   nan    	
1300 	6.500940e+02	4.587629e-10	0.000000e+00	2.703754e+03	   nan    	
1301 	6.505960e+02	4.448807e-10	0.000000e+00	2.704256e+03	   nan    	
1302 	6.510920e+02	4.503805e-10	0.000000e+00	2.704752e+03	   nan    	
1303 	6.515960e+02	4.530735e-10	0.000000e+00	2.705256e+03	   nan    	
1304 	6.520910e+02	4.519738e-10	0.000000e+00	2.705751e+03	   nan    	
1305 	6.525960e+02	4.537941e-10	0.000000e+00	2.706256e+03	   nan    	
1306 	6.530920e+02	4.536805e-10	0.000000e+00	2.706752e+03	   nan    	
1307 	6.535930e+02	4.527702e-10	0.000000e+00	2.707253e+03	   nan    	
1308 	6.540930e+02	4.555010e-10	0.000000e+00	2.707753e+03	   nan    	
1309 	6.545950e+02	4.544009e-10	0.000000e+00	2.708255e+03	   nan    	
1310 	6.550900e+02	4.543631e-10	0.000000e+00	2.708750e+03	   nan    	
1311 	6.555930e+02	4.531873e-10	0.000000e+00	2.709253e+03	   nan    	
1312 	6.560880e+02	4.566389e-10	0.000000e+00	2.709748e+03	   nan    	
1313 	6.565850e+02	4.563733e-10	0.000000e+00	2.710245e+03	   nan    	
1314 	6.570870e+02	4.547048e-10	0.000000e+00	2.710747e+03	   nan    	
1315 	6.575880e+02	4.473843e-10	0.000000e+00	2.711248e+03	   nan    	
1316 	6.580870e+02	4.507218e-10	0.000000e+00	2.711747e+03	   nan    	
1317 	6.585890e+02	4.572077e-10	0.000000e+00	2.712249e+03	   nan    	
1318 	6.590870e+02	4.523908e-10	0.000000e+00	2.712747e+03	   nan    	
1319 	6.595900e+02	4.520494e-10	0.000000e+00	2.713250e+03	   nan    	
1320 	6.600920e+02	4.545905e-10	0.000000e+00	2.713752e+03	   nan    	
1321 	6.605940e+02	4.538699e-10	0.000000e+00	2.714254e+03	   nan    	
1322 	6.610900e+02	4.554629e-10	0.000000e+00	2.714750e+03	   nan    	
1323 	6.615930e+02	4.446909e-10	0.000000e+00	2.715253e+03	   nan    	
1324 	6.620900e+02	4.493182e-10	0.000000e+00	2.715750e+03	   nan    	
1325 	6.625920e+02	4.569043e-10	0.000000e+00	2.716252e+03	   nan    	
1326 	6.630880e+02	4.503046e-10	0.000000e+00	2.716748e+03	   nan    	
1327 	6.635900e+02	4.542116e-10	0.000000e+00	2.717250e+03	   nan    	
1328 	6.640850e+02	4.519737e-10	0.000000e+00	2.717745e+03	   nan    	
1329 	6.645870e+02	4.511769e-10	0.000000e+00	2.718247e+03	   nan    	
1330 	6.650870e+02	4.507597e-10	0.000000e+00	2.718747e+03	   nan    	
1331 	6.655910e+02	4.538701e-10	0.000000e+00	2.719251e+03	   nan    	
1332 	6.660860e+02	4.540217e-10	0.000000e+00	2.719746e+03	   nan    	
1333 	6.665880e+02	4.520494e-10	0.000000e+00	2.720248e+03	   nan    	
1334 	6.670840e+02	4.511013e-10	0.000000e+00	2.720744e+03	   nan    	
1335 	6.675860e+02	4.556905e-10	0.000000e+00	2.721246e+03	   nan    	
1336 	6.680840e+02	4.576250e-10	0.000000e+00	2.721744e+03	   nan    	
1337 	6.685880e+02	4.551596e-10	0.000000e+00	2.722248e+03	   nan    	
1338 	6.690860e+02	4.521629e-10	0.000000e+00	2.722746e+03	   nan    	
1339 	6.695870e+02	4.533768e-10	0.000000e+00	2.723247e+03	   nan    	
1340 	6.700870e+02	4.529596e-10	0.000000e+00	2.723747e+03	   nan    	
1341 	6.705870e+02	4.506840e-10	0.000000e+00	2.724247e+03	   nan    	
1342 	6.710830e+02	4.492808e-10	0.000000e+00	2.724743e+03	   nan    	
1343 	6.715860e+02	4.537941e-10	0.000000e+00	2.725246e+03	   nan    	
1344 	6.720840e+02	4.497356e-10	0.000000e+00	2.725744e+03	   nan    	
1345 	6.725860e+02	4.567905e-10	0.000000e+00	2.726246e+03	   nan    	
1346 	6.730830e+02	4.524287e-10	0.000000e+00	2.726743e+03	   nan    	
1347 	6.735850e+02	4.436291e-10	0.000000e+00	2.727245e+03	   nan    	
1348 	6.740820e+02	4.449565e-10	0.000000e+00	2.727742e+03	   nan    	
1349 	6.745840e+02	4.479151e-10	0.000000e+00	2.728244e+03	   nan    	
1350 	6.750800e+02	4.500010e-10	0.000000e+00	2.728740e+03	   nan    	
1351 	6.755840e+02	4.510253e-10	0.000000e+00	2.729244e+03	   nan    	
1352 	6.760840e+02	4.470428e-10	0.000000e+00	2.729744e+03	   nan    	
1353 	6.765860e+02	4.514424e-10	0.000000e+00	2.730246e+03	   nan    	
1354 	6.770920e+02	4.501528e-10	0.000000e+00	2.730752e+03	   nan    	
1355 	6.775920e+02	4.498118e-10	0.000000e+00	2.731252e+03	   nan    	
1356 	6.780950e+02	4.527701e-10	0.000000e+00	2.731755e+03	   nan    	
1357 	6.785950e+02	4.528836e-10	0.000000e+00	2.732255e+03	   nan    	
1358 	6.790970e+02	4.501528e-10	0.000000e+00	2.732757e+03	   nan    	
1359 	6.795980e+02	4.574733e-10	0.000000e+00	2.733258e+03	   nan    	
1360 	6.801000e+02	4.470046e-10	0.000000e+00	2.733760e+03	   nan    	
1361 	6.806030e+02	4.512908e-10	0.000000e+00	2.734263e+03	   nan    	
1362 	6.811000e+02	4.513288e-10	0.000000e+00	2.734760e+03	   nan    	
1363 	6.816020e+02	4.494322e-10	0.000000e+00	2.735262e+03	   nan    	
1364 	6.821040e+02	4.469669e-10	0.000000e+00	2.735764e+03	   nan    	
1365 	6.826110e+02	4.458667e-10	0.000000e+00	2.736271e+03	   nan    	
1366 	6.831140e+02	4.520114e-10	0.000000e+00	2.736774e+03	   nan    	
1367 	6.836090e+02	4.453359e-10	0.000000e+00	2.737269e+03	   nan    	
1368 	6.841110e+02	4.520494e-10	0.000000e+00	2.737771e+03	   nan    	
1369 	6.846080e+02	4.504563e-10	0.000000e+00	2.738268e+03	   nan    	
1370 	6.851090e+02	4.519735e-10	0.000000e+00	2.738769e+03	   nan    	
1371 	6.856060e+02	4.523527e-10	0.000000e+00	2.739266e+03	   nan    	
1372 	6.861090e+02	4.463221e-10	0.000000e+00	2.739769e+03	   nan    	
1373 	6.866050e+02	4.505705e-10	0.000000e+00	2.740265e+03	   nan    	
1374 	6.871060e+02	4.479909e-10	0.000000e+00	2.740766e+03	   nan    	
1375 	6.876110e+02	4.523906e-10	0.000000e+00	2.741271e+03	   nan    	
1376 	6.881110e+02	4.372949e-10	0.000000e+00	2.741771e+03	   nan    	
1377 	6.886090e+02	4.439325e-10	0.000000e+00	2.742269e+03	   nan    	
1378 	6.891110e+02	4.513666e-10	0.000000e+00	2.742771e+03	   nan    	
1379 	6.896070e+02	4.470805e-10	0.000000e+00	2.743267e+03	   nan    	
1380 	6.901090e+02	4.497737e-10	0.000000e+00	2.743769e+03	   nan    	
1381 	6.906240e+02	4.449943e-10	0.000000e+00	2.744284e+03	   nan    	
1382 	6.911080e+02	4.516322e-10	0.000000e+00	2.744768e+03	   nan    	
1383 	6.916120e+02	4.504563e-10	0.000000e+00	2.745272e+03	   nan    	
1384 	6.921140e+02	4.509494e-10	0.000000e+00	2.745774e+03	   nan    	
1385 	6.926110e+02	4.496599e-10	0.000000e+00	2.746271e+03	   nan    	
1386 	6.931130e+02	4.386222e-10	0.000000e+00	2.746773e+03	   nan    	
1387 	6.936110e+02	4.426430e-10	0.000000e+00	2.747271e+03	   nan    	
1388 	6.941120e+02	4.498875e-10	0.000000e+00	2.747772e+03	   nan    	
1389 	6.946080e+02	4.457531e-10	0.000000e+00	2.748268e+03	   nan    	
1390 	6.951090e+02	4.479908e-10	0.000000e+00	2.748769e+03	   nan    	
1391 	6.956060e+02	4.488632e-10	0.000000e+00	2.749266e+03	   nan    	
1392 	6.961090e+02	4.499634e-10	0.000000e+00	2.749769e+03	   nan    	
1393 	6.966070e+02	4.463979e-10	0.000000e+00	2.750267e+03	   nan    	
1394 	6.971100e+02	4.494320e-10	0.000000e+00	2.750770e+03	   nan    	
1395 	6.976070e+02	4.443497e-10	0.000000e+00	2.751267e+03	   nan    	
1396 	6.981080e+02	4.505699e-10	0.000000e+00	2.751768e+03	   nan    	
1397 	6.986050e+02	4.486736e-10	0.000000e+00	2.752265e+03	   nan    	
1398 	6.991080e+02	4.538698e-10	0.000000e+00	2.752768e+03	   nan    	
1399 	6.996100e+02	4.499254e-10	0.000000e+00	2.753270e+03	   nan    	
1400 	7.001130e+02	4.489394e-10	0.000000e+00	2.753773e+03	   nan    	
1401 	7.006120e+02	4.476498e-10	0.000000e+00	2.754272e+03	   nan    	
1402 	7.011140e+02	4.478770e-10	0.000000e+00	2.754774e+03	   nan    	
1403 	7.016110e+02	4.444635e-10	0.000000e+00	2.755271e+03	   nan    	
1404 	7.021110e+02	4.467013e-10	0.000000e+00	2.755771e+03	   nan    	
1405 	7.026090e+02	4.445014e-10	0.000000e+00	2.756269e+03	   nan    	
1406 	7.031110e+02	4.496219e-10	0.000000e+00	2.756771e+03	   nan    	
1407 	7.036100e+02	4.500770e-10	0.000000e+00	2.757270e+03	   nan    	
1408 	7.041120e+02	4.435531e-10	0.000000e+00	2.757772e+03	   nan    	
1409 	7.046080e+02	4.416188e-10	0.000000e+00	2.758268e+03	   nan    	
1410 	7.051080e+02	4.462083e-10	0.000000e+00	2.758768e+03	   nan    	
1411 	7.056050e+02	4.416945e-10	0.000000e+00	2.759265e+03	   nan    	
1412 	7.061050e+02	4.485601e-10	0.000000e+00	2.759765e+03	   nan    	
1413 	7.066020e+02	4.488632e-10	0.000000e+00	2.760262e+03	   nan    	
1414 	7.071050e+02	4.503047e-10	0.000000e+00	2.760765e+03	   nan    	
1415 	7.076080e+02	4.480287e-10	0.000000e+00	2.761268e+03	   nan    	
1416 	7.081080e+02	4.493561e-10	0.000000e+00	2.761768e+03	   nan    	
1417 	7.086100e+02	4.522009e-10	0.000000e+00	2.762270e+03	   nan    	
1418 	7.091110e+02	4.382429e-10	0.000000e+00	2.762771e+03	   nan    	
1419 	7.096100e+02	4.509115e-10	0.000000e+00	2.763270e+03	   nan    	
1420 	7.101130e+02	4.478013e-10	0.000000e+00	2.763773e+03	   nan    	
1421 	7.106130e+02	4.472701e-10	0.000000e+00	2.764273e+03	   nan    	
1422 	7.111130e+02	4.492805e-10	0.000000e+00	2.764773e+03	   nan    	
1423 	7.116100e+02	4.454496e-10	0.000000e+00	2.765270e+03	   nan    	
1424 	7.121120e+02	4.472701e-10	0.000000e+00	2.765772e+03	   nan    	
1425 	7.126170e+02	4.358157e-10	0.000000e+00	2.766277e+03	   nan    	
1426 	7.131180e+02	4.459806e-10	0.000000e+00	2.766778e+03	   nan    	
1427 	7.136150e+02	4.457150e-10	0.000000e+00	2.767275e+03	   nan    	
1428 	7.141170e+02	4.439704e-10	0.000000e+00	2.767777e+03	   nan    	
1429 	7.146130e+02	4.494321e-10	0.000000e+00	2.768273e+03	   nan    	
1430 	7.151110e+02	4.475737e-10	0.000000e+00	2.768771e+03	   nan    	
1431 	7.156100e+02	4.467771e-10	0.000000e+00	2.769270e+03	   nan    	
1432 	7.161120e+02	4.417705e-10	0.000000e+00	2.769772e+03	   nan    	
1433 	7.166160e+02	4.452219e-10	0.000000e+00	2.770276e+03	   nan    	
1434 	7.171170e+02	4.415428e-10	0.000000e+00	2.770777e+03	   nan    	
1435 	7.176140e+02	4.485222e-10	0.000000e+00	2.771274e+03	   nan    	
1436 	7.181160e+02	4.466254e-10	0.000000e+00	2.771776e+03	   nan    	
1437 	7.186110e+02	4.398361e-10	0.000000e+00	2.772271e+03	   nan    	
1438 	7.191050e+02	4.483701e-10	0.000000e+00	2.772765e+03	   nan    	
1439 	7.196010e+02	4.463978e-10	0.000000e+00	2.773261e+03	   nan    	
1440 	7.201030e+02	4.492804e-10	0.000000e+00	2.773763e+03	   nan    	
1441 	7.206060e+02	4.370672e-10	0.000000e+00	2.774266e+03	   nan    	
1442 	7.211060e+02	4.443496e-10	0.000000e+00	2.774766e+03	   nan    	
1443 	7.216080e+02	4.445774e-10	0.000000e+00	2.775268e+03	   nan    	
1444 	7.221090e+02	4.480667e-10	0.000000e+00	2.775769e+03	   nan    	
1445 	7.226050e+02	4.397224e-10	0.000000e+00	2.776265e+03	   nan    	
1446 	7.231080e+02	4.484839e-10	0.000000e+00	2.776768e+03	   nan    	
1447 	7.236100e+02	4.555767e-10	0.000000e+00	2.777270e+03	   nan    	
1448 	7.241110e+02	4.430979e-10	0.000000e+00	2.777771e+03	   nan    	
1449 	7.246110e+02	4.430980e-10	0.000000e+00	2.778271e+03	   nan    	
1450 	7.251090e+02	4.472324e-10	0.000000e+00	2.778769e+03	   nan    	
1451 	7.256110e+02	4.423392e-10	0.000000e+00	2.779271e+03	   nan    	
1452 	7.261140e+02	4.469288e-10	0.000000e+00	2.779774e+03	   nan    	
1453 	7.266180e+02	4.442358e-10	0.000000e+00	2.780278e+03	   nan    	
1454 	7.271150e+02	4.515562e-10	0.000000e+00	2.780775e+03	   nan    	
1455 	7.276160e+02	4.373326e-10	0.000000e+00	2.781276e+03	   nan    	
1456 	7.281190e+02	4.483703e-10	0.000000e+00	2.781779e+03	   nan    	
1457 	7.286150e+02	4.467393e-10	0.000000e+00	2.782275e+03	   nan    	
1458 	7.291180e+02	4.453356e-10	0.000000e+00	2.782778e+03	   nan    	
1459 	7.296190e+02	4.438943e-10	0.000000e+00	2.783279e+03	   nan    	
1460 	7.301210e+02	4.456014e-10	0.000000e+00	2.783781e+03	   nan    	
1461 	7.306210e+02	4.481427e-10	0.000000e+00	2.784281e+03	   nan    	
1462 	7.311210e+02	4.444254e-10	0.000000e+00	2.784781e+03	   nan    	
1463 	7.316240e+02	4.413531e-10	0.000000e+00	2.785284e+03	   nan    	
1464 	7.321190e+02	4.328951e-10	0.000000e+00	2.785779e+03	   nan    	
1465 	7.326230e+02	4.454115e-10	0.000000e+00	2.786283e+03	   nan    	
1466 	7.331260e+02	4.425669e-10	0.000000e+00	2.786786e+03	   nan    	
1467 	7.336260e+02	4.445391e-10	0.000000e+00	2.787286e+03	   nan    	
1468 	7.341290e+02	4.452600e-10	0.000000e+00	2.787789e+03	   nan    	
1469 	7.346280e+02	4.465116e-10	0.000000e+00	2.788288e+03	   nan    	
1470 	7.351310e+02	4.442356e-10	0.000000e+00	2.788791e+03	   nan    	
1471 	7.356340e+02	4.443876e-10	0.000000e+00	2.789294e+03	   nan    	
1472 	7.361300e+02	4.440462e-10	0.000000e+00	2.789790e+03	   nan    	
1473 	7.366290e+02	4.417702e-10	0.000000e+00	2.790289e+03	   nan    	
1474 	7.371330e+02	4.447288e-10	0.000000e+00	2.790793e+03	   nan    	
1475 	7.376330e+02	4.433632e-10	0.000000e+00	2.791293e+03	   nan    	
1476 	7.381340e+02	4.457531e-10	0.000000e+00	2.791794e+03	   nan    	
1477 	7.386380e+02	4.361947e-10	0.000000e+00	2.792298e+03	   nan    	
1478 	7.391330e+02	4.428326e-10	0.000000e+00	2.792793e+03	   nan    	
1479 	7.396350e+02	4.446909e-10	0.000000e+00	2.793295e+03	   nan    	
1480 	7.401320e+02	4.403667e-10	0.000000e+00	2.793792e+03	   nan    	
1481 	7.406340e+02	4.448428e-10	0.000000e+00	2.794294e+03	   nan    	
1482 	7.411310e+02	4.418463e-10	0.000000e+00	2.794791e+03	   nan    	
1483 	7.416330e+02	4.445771e-10	0.000000e+00	2.795293e+03	   nan    	
1484 	7.421310e+02	4.404807e-10	0.000000e+00	2.795791e+03	   nan    	
1485 	7.426360e+02	4.434394e-10	0.000000e+00	2.796296e+03	   nan    	
1486 	7.432230e+02	4.443876e-10	0.000000e+00	2.796883e+03	   nan    	
1487 	7.437160e+02	4.413910e-10	0.000000e+00	2.797376e+03	   nan    	
1488 	7.441300e+02	4.436668e-10	0.000000e+00	2.797790e+03	   nan    	
1489 	7.447160e+02	4.417703e-10	0.000000e+00	2.798376e+03	   nan    	
1490 	7.452180e+02	4.457150e-10	0.000000e+00	2.798878e+03	   nan    	
1491 	7.456370e+02	4.380916e-10	0.000000e+00	2.799297e+03	   nan    	
1492 	7.462180e+02	4.360808e-10	0.000000e+00	2.799878e+03	   nan    	
1493 	7.467170e+02	4.341085e-10	0.000000e+00	2.800377e+03	   nan    	
1494 	7.472190e+02	4.441979e-10	0.000000e+00	2.800879e+03	   nan    	
1495 	7.477060e+02	4.415049e-10	0.000000e+00	2.801366e+03	   nan    	
1496 	7.482130e+02	4.420357e-10	0.000000e+00	2.801873e+03	   nan    	
1497 	7.487140e+02	4.471942e-10	0.000000e+00	2.802374e+03	   nan    	
1498 	7.492170e+02	4.427566e-10	0.000000e+00	2.802877e+03	   nan    	
1499 	7.496270e+02	4.408217e-10	0.000000e+00	2.803287e+03	   nan    	
1500 	7.502180e+02	4.461702e-10	0.000000e+00	2.803878e+03	   nan    	
1501 	7.506300e+02	4.397978e-10	0.000000e+00	2.804290e+03	   nan    	
1502 	7.511250e+02	4.390775e-10	0.000000e+00	2.804785e+03	   nan    	
1503 	7.516260e+02	4.386980e-10	0.000000e+00	2.805286e+03	   nan    	
1504 	7.521250e+02	4.440840e-10	0.000000e+00	2.805785e+03	   nan    	
1505 	7.526290e+02	4.384705e-10	0.000000e+00	2.806289e+03	   nan    	
1506 	7.531270e+02	4.390773e-10	0.000000e+00	2.806787e+03	   nan    	
1507 	7.536210e+02	4.407083e-10	0.000000e+00	2.807281e+03	   nan    	
1508 	7.541250e+02	4.403669e-10	0.000000e+00	2.807785e+03	   nan    	
1509 	7.546160e+02	4.391530e-10	0.000000e+00	2.808276e+03	   nan    	
1510 	7.551140e+02	4.415805e-10	0.000000e+00	2.808774e+03	   nan    	
1511 	7.556100e+02	4.401395e-10	0.000000e+00	2.809270e+03	   nan    	
1512 	7.561090e+02	4.414289e-10	0.000000e+00	2.809769e+03	   nan    	
1513 	7.566030e+02	4.373705e-10	0.000000e+00	2.810263e+03	   nan    	
1514 	7.571000e+02	4.407083e-10	0.000000e+00	2.810760e+03	   nan    	
1515 	7.576020e+02	4.421115e-10	0.000000e+00	2.811262e+03	   nan    	
1516 	7.580990e+02	4.404050e-10	0.000000e+00	2.811759e+03	   nan    	
1517 	7.586010e+02	4.435150e-10	0.000000e+00	2.812261e+03	   nan    	
1518 	7.590980e+02	4.414290e-10	0.000000e+00	2.812758e+03	   nan    	
1519 	7.596000e+02	4.337671e-10	0.000000e+00	2.813260e+03	   nan    	
1520 	7.600960e+02	4.399498e-10	0.000000e+00	2.813756e+03	   nan    	
1521 	7.605970e+02	4.415049e-10	0.000000e+00	2.814257e+03	   nan    	
1522 	7.610920e+02	4.384704e-10	0.000000e+00	2.814752e+03	   nan    	
1523 	7.615940e+02	4.403670e-10	0.000000e+00	2.815254e+03	   nan    	
1524 	7.620910e+02	4.372566e-10	0.000000e+00	2.815751e+03	   nan    	
1525 	7.625930e+02	4.435530e-10	0.000000e+00	2.816253e+03	   nan    	
1526 	7.630900e+02	4.381670e-10	0.000000e+00	2.816750e+03	   nan    	
1527 	7.635940e+02	4.294432e-10	0.000000e+00	2.817254e+03	   nan    	
1528 	7.640890e+02	4.458665e-10	0.000000e+00	2.817749e+03	   nan    	
1529 	7.645900e+02	4.294814e-10	0.000000e+00	2.818250e+03	   nan    	
1530 	7.650920e+02	4.385083e-10	0.000000e+00	2.818752e+03	   nan    	
1531 	7.655940e+02	4.415427e-10	0.000000e+00	2.819254e+03	   nan    	
1532 	7.660910e+02	4.375220e-10	0.000000e+00	2.819751e+03	   nan    	
1533 	7.665940e+02	4.386221e-10	0.000000e+00	2.820254e+03	   nan    	
1534 	7.670970e+02	4.350567e-10	0.000000e+00	2.820757e+03	   nan    	
1535 	7.675970e+02	4.349428e-10	0.000000e+00	2.821257e+03	   nan    	
1536 	7.681000e+02	4.382050e-10	0.000000e+00	2.821760e+03	   nan    	
1537 	7.686010e+02	4.378637e-10	0.000000e+00	2.822261e+03	   nan    	
1538 	7.691030e+02	4.350187e-10	0.000000e+00	2.822763e+03	   nan    	
1539 	7.696040e+02	4.406323e-10	0.000000e+00	2.823264e+03	   nan    	
1540 	7.700990e+02	4.379774e-10	0.000000e+00	2.823759e+03	   nan    	
1541 	7.706000e+02	4.394945e-10	0.000000e+00	2.824260e+03	   nan    	
1542 	7.711020e+02	4.422259e-10	0.000000e+00	2.824762e+03	   nan    	
1543 	7.716110e+02	4.399496e-10	0.000000e+00	2.825271e+03	   nan    	
1544 	7.721130e+02	4.390393e-10	0.000000e+00	2.825773e+03	   nan    	
1545 	7.726070e+02	4.384705e-10	0.000000e+00	2.826267e+03	   nan    	
1546 	7.731110e+02	4.368774e-10	0.000000e+00	2.826771e+03	   nan    	
1547 	7.736090e+02	4.398739e-10	0.000000e+00	2.827269e+03	   nan    	
1548 	7.741200e+02	4.406324e-10	0.000000e+00	2.827780e+03	   nan    	
1549 	7.747000e+02	4.385462e-10	0.000000e+00	2.828360e+03	   nan    	
1550 	7.751130e+02	4.394945e-10	0.000000e+00	2.828773e+03	   nan    	
1551 	7.756110e+02	4.383947e-10	0.000000e+00	2.829271e+03	   nan    	
1552 	7.761110e+02	4.378253e-10	0.000000e+00	2.829771e+03	   nan    	
1553 	7.766040e+02	4.397600e-10	0.000000e+00	2.830264e+03	   nan    	
1554 	7.771070e+02	4.383566e-10	0.000000e+00	2.830767e+03	   nan    	
1555 	7.776030e+02	4.391151e-10	0.000000e+00	2.831263e+03	   nan    	
1556 	7.781030e+02	4.371049e-10	0.000000e+00	2.831763e+03	   nan    	
1557 	7.786000e+02	4.357397e-10	0.000000e+00	2.832260e+03	   nan    	
1558 	7.791020e+02	4.381291e-10	0.000000e+00	2.832762e+03	   nan    	
1559 	7.795990e+02	4.316051e-10	0.000000e+00	2.833259e+03	   nan    	
1560 	7.801010e+02	4.391530e-10	0.000000e+00	2.833761e+03	   nan    	
1561 	7.805980e+02	4.409737e-10	0.000000e+00	2.834258e+03	   nan    	
1562 	7.811010e+02	4.429462e-10	0.000000e+00	2.834761e+03	   nan    	
1563 	7.815990e+02	4.412391e-10	0.000000e+00	2.835259e+03	   nan    	
1564 	7.820950e+02	4.367256e-10	0.000000e+00	2.835755e+03	   nan    	
1565 	7.825900e+02	4.367637e-10	0.000000e+00	2.836250e+03	   nan    	
1566 	7.830910e+02	4.419220e-10	0.000000e+00	2.836751e+03	   nan    	
1567 	7.835970e+02	4.373325e-10	0.000000e+00	2.837257e+03	   nan    	
1568 	7.840980e+02	4.415805e-10	0.000000e+00	2.837758e+03	   nan    	
1569 	7.846060e+02	4.355877e-10	0.000000e+00	2.838266e+03	   nan    	
1570 	7.851010e+02	4.360048e-10	0.000000e+00	2.838761e+03	   nan    	
1571 	7.855940e+02	4.369531e-10	0.000000e+00	2.839254e+03	   nan    	
1572 	7.860900e+02	4.364981e-10	0.000000e+00	2.839750e+03	   nan    	
1573 	7.865880e+02	4.412394e-10	0.000000e+00	2.840248e+03	   nan    	
1574 	7.870900e+02	4.361567e-10	0.000000e+00	2.840750e+03	   nan    	
1575 	7.876790e+02	4.339187e-10	0.000000e+00	2.841339e+03	   nan    	
1576 	7.881740e+02	4.345256e-10	0.000000e+00	2.841834e+03	   nan    	
1577 	7.886770e+02	4.390772e-10	0.000000e+00	2.842337e+03	   nan    	
1578 	7.890970e+02	4.366877e-10	0.000000e+00	2.842757e+03	   nan    	
1579 	7.896010e+02	4.345257e-10	0.000000e+00	2.843261e+03	   nan    	
1580 	7.900980e+02	4.365359e-10	0.000000e+00	2.843758e+03	   nan    	
1581 	7.906050e+02	4.474218e-10	0.000000e+00	2.844265e+03	   nan    	
1582 	7.910970e+02	4.372189e-10	0.000000e+00	2.844757e+03	   nan    	
1583 	7.916850e+02	4.354360e-10	0.000000e+00	2.845345e+03	   nan    	
1584 	7.920960e+02	4.367635e-10	0.000000e+00	2.845756e+03	   nan    	
1585 	7.926970e+02	4.337669e-10	0.000000e+00	2.846357e+03	   nan    	
1586 	7.930970e+02	4.240572e-10	0.000000e+00	2.846757e+03	   nan    	
1587 	7.936880e+02	4.379394e-10	0.000000e+00	2.847348e+03	   nan    	
1588 	7.941000e+02	4.372945e-10	0.000000e+00	2.847760e+03	   nan    	
1589 	7.945930e+02	4.402151e-10	0.000000e+00	2.848253e+03	   nan    	
1590 	7.950970e+02	4.411633e-10	0.000000e+00	2.848757e+03	   nan    	
1591 	7.956060e+02	4.331601e-10	0.000000e+00	2.849266e+03	   nan    	
1592 	7.961080e+02	4.323635e-10	0.000000e+00	2.849768e+03	   nan    	
1593 	7.966010e+02	4.465111e-10	0.000000e+00	2.850261e+03	   nan    	
1594 	7.970920e+02	4.324776e-10	0.000000e+00	2.850752e+03	   nan    	
1595 	7.975910e+02	4.331981e-10	0.000000e+00	2.851251e+03	   nan    	
1596 	7.980930e+02	4.349052e-10	0.000000e+00	2.851753e+03	   nan    	
1597 	7.985890e+02	4.368016e-10	0.000000e+00	2.852249e+03	   nan    	
1598 	7.990890e+02	4.403668e-10	0.000000e+00	2.852749e+03	   nan    	
1599 	7.995920e+02	4.339188e-10	0.000000e+00	2.853252e+03	   nan    	
1600 	8.000950e+02	4.375223e-10	0.000000e+00	2.853755e+03	   nan    	
1601 	8.005910e+02	4.333498e-10	0.000000e+00	2.854251e+03	   nan    	
1602 	8.010930e+02	4.339946e-10	0.000000e+00	2.854753e+03	   nan    	
1603 	8.015880e+02	4.352087e-10	0.000000e+00	2.855248e+03	   nan    	
1604 	8.020900e+02	4.338426e-10	0.000000e+00	2.855750e+03	   nan    	
1605 	8.025860e+02	4.317572e-10	0.000000e+00	2.856246e+03	   nan    	
1606 	8.030880e+02	4.360808e-10	0.000000e+00	2.856748e+03	   nan    	
1607 	8.035810e+02	4.298983e-10	0.000000e+00	2.857241e+03	   nan    	
1608 	8.040820e+02	4.342222e-10	0.000000e+00	2.857742e+03	   nan    	
1609 	8.045850e+02	4.341463e-10	0.000000e+00	2.858245e+03	   nan    	
1610 	8.050860e+02	4.281534e-10	0.000000e+00	2.858746e+03	   nan    	
1611 	8.055840e+02	4.337670e-10	0.000000e+00	2.859244e+03	   nan    	
1612 	8.060840e+02	4.348672e-10	0.000000e+00	2.859744e+03	   nan    	
1613 	8.065820e+02	4.349050e-10	0.000000e+00	2.860242e+03	   nan    	
1614 	8.070830e+02	4.373704e-10	0.000000e+00	2.860743e+03	   nan    	
1615 	8.075820e+02	4.359672e-10	0.000000e+00	2.861242e+03	   nan    	
1616 	8.080830e+02	4.366876e-10	0.000000e+00	2.861743e+03	   nan    	
1617 	8.085820e+02	4.319085e-10	0.000000e+00	2.862242e+03	   nan    	
1618 	8.090760e+02	4.320226e-10	0.000000e+00	2.862736e+03	   nan    	
1619 	8.095740e+02	4.362705e-10	0.000000e+00	2.863234e+03	   nan    	
1620 	8.100780e+02	4.333878e-10	0.000000e+00	2.863738e+03	   nan    	
1621 	8.105750e+02	4.322120e-10	0.000000e+00	2.864235e+03	   nan    	
1622 	8.110760e+02	4.320984e-10	0.000000e+00	2.864736e+03	   nan    	
1623 	8.115780e+02	4.415805e-10	0.000000e+00	2.865238e+03	   nan    	
1624 	8.120790e+02	4.296328e-10	0.000000e+00	2.865739e+03	   nan    	
1625 	8.125800e+02	4.336912e-10	0.000000e+00	2.866240e+03	   nan    	
1626 	8.130810e+02	4.334636e-10	0.000000e+00	2.866741e+03	   nan    	
1627 	8.135840e+02	4.293674e-10	0.000000e+00	2.867244e+03	   nan    	
1628 	8.140790e+02	4.343738e-10	0.000000e+00	2.867739e+03	   nan    	
1629 	8.145840e+02	4.322120e-10	0.000000e+00	2.868244e+03	   nan    	
1630 	8.150860e+02	4.346015e-10	0.000000e+00	2.868746e+03	   nan    	
1631 	8.155830e+02	4.335776e-10	0.000000e+00	2.869243e+03	   nan    	
1632 	8.160850e+02	4.283810e-10	0.000000e+00	2.869745e+03	   nan    	
1633 	8.165820e+02	4.306190e-10	0.000000e+00	2.870242e+03	   nan    	
1634 	8.170830e+02	4.316811e-10	0.000000e+00	2.870743e+03	   nan    	
1635 	8.175970e+02	4.361187e-10	0.000000e+00	2.871257e+03	   nan    	
1636 	8.180930e+02	4.365358e-10	0.000000e+00	2.871753e+03	   nan    	
1637 	8.185850e+02	4.295188e-10	0.000000e+00	2.872245e+03	   nan    	
1638 	8.190810e+02	4.366876e-10	0.000000e+00	2.872741e+03	   nan    	
1639 	8.195830e+02	4.334636e-10	0.000000e+00	2.873243e+03	   nan    	
1640 	8.200800e+02	4.326671e-10	0.000000e+00	2.873740e+03	   nan    	
1641 	8.205800e+02	4.366497e-10	0.000000e+00	2.874240e+03	   nan    	
1642 	8.210830e+02	4.410493e-10	0.000000e+00	2.874743e+03	   nan    	
1643 	8.215840e+02	4.299741e-10	0.000000e+00	2.875244e+03	   nan    	
1644 	8.220810e+02	4.295189e-10	0.000000e+00	2.875741e+03	   nan    	
1645 	8.225890e+02	4.303152e-10	0.000000e+00	2.876249e+03	   nan    	
1646 	8.230780e+02	4.331981e-10	0.000000e+00	2.876738e+03	   nan    	
1647 	8.235780e+02	4.308842e-10	0.000000e+00	2.877238e+03	   nan    	
1648 	8.240820e+02	4.349428e-10	0.000000e+00	2.877742e+03	   nan    	
1649 	8.246670e+02	4.317947e-10	0.000000e+00	2.878327e+03	   nan    	
1650 	8.250830e+02	4.344119e-10	0.000000e+00	2.878743e+03	   nan    	
1651 	8.256670e+02	4.356638e-10	0.000000e+00	2.879327e+03	   nan    	
1652 	8.261620e+02	4.312258e-10	0.000000e+00	2.879822e+03	   nan    	
1653 	8.266590e+02	4.349048e-10	0.000000e+00	2.880319e+03	   nan    	
1654 	8.271670e+02	4.319844e-10	0.000000e+00	2.880827e+03	   nan    	
1655 	8.276740e+02	4.300120e-10	0.000000e+00	2.881334e+03	   nan    	
1656 	8.281680e+02	4.285707e-10	0.000000e+00	2.881828e+03	   nan    	
1657 	8.286720e+02	4.328189e-10	0.000000e+00	2.882332e+03	   nan    	
1658 	8.290860e+02	4.304671e-10	0.000000e+00	2.882746e+03	   nan    	
1659 	8.296670e+02	4.349047e-10	0.000000e+00	2.883327e+03	   nan    	
1660 	8.301650e+02	4.327429e-10	0.000000e+00	2.883825e+03	   nan    	
1661 	8.306660e+02	4.353979e-10	0.000000e+00	2.884326e+03	   nan    	
1662 	8.310870e+02	4.284948e-10	0.000000e+00	2.884747e+03	   nan    	
1663 	8.315810e+02	4.360427e-10	0.000000e+00	2.885241e+03	   nan    	
1664 	8.320860e+02	4.309981e-10	0.000000e+00	2.885746e+03	   nan    	
1665 	8.325820e+02	4.329704e-10	0.000000e+00	2.886242e+03	   nan    	
1666 	8.330810e+02	4.315291e-10	0.000000e+00	2.886741e+03	   nan    	
1667 	8.335750e+02	4.278880e-10	0.000000e+00	2.887235e+03	   nan    	
1668 	8.340720e+02	4.335775e-10	0.000000e+00	2.887732e+03	   nan    	
1669 	8.345640e+02	4.319465e-10	0.000000e+00	2.888224e+03	   nan    	
1670 	8.350620e+02	4.340326e-10	0.000000e+00	2.888722e+03	   nan    	
1671 	8.355660e+02	4.256502e-10	0.000000e+00	2.889226e+03	   nan    	
1672 	8.360640e+02	4.245501e-10	0.000000e+00	2.889724e+03	   nan    	
1673 	8.365660e+02	4.352462e-10	0.000000e+00	2.890226e+03	   nan    	
1674 	8.370630e+02	4.326291e-10	0.000000e+00	2.890723e+03	   nan    	
1675 	8.375670e+02	4.377497e-10	0.000000e+00	2.891227e+03	   nan    	
1676 	8.380690e+02	4.323258e-10	0.000000e+00	2.891729e+03	   nan    	
1677 	8.385610e+02	4.360048e-10	0.000000e+00	2.892221e+03	   nan    	
1678 	8.390680e+02	4.339948e-10	0.000000e+00	2.892728e+03	   nan    	
1679 	8.396520e+02	4.315672e-10	0.000000e+00	2.893312e+03	   nan    	
1680 	8.400680e+02	4.304293e-10	0.000000e+00	2.893728e+03	   nan    	
1681 	8.405640e+02	4.340324e-10	0.000000e+00	2.894224e+03	   nan    	
1682 	8.410600e+02	4.383944e-10	0.000000e+00	2.894720e+03	   nan    	
1683 	8.415680e+02	4.339185e-10	0.000000e+00	2.895228e+03	   nan    	
1684 	8.420580e+02	4.275084e-10	0.000000e+00	2.895718e+03	   nan    	
1685 	8.425610e+02	4.364598e-10	0.000000e+00	2.896221e+03	   nan    	
1686 	8.431410e+02	4.332741e-10	0.000000e+00	2.896801e+03	   nan    	
1687 	8.436440e+02	4.324397e-10	0.000000e+00	2.897304e+03	   nan    	
1688 	8.441460e+02	4.319464e-10	0.000000e+00	2.897806e+03	   nan    	
1689 	8.446440e+02	4.357774e-10	0.000000e+00	2.898304e+03	   nan    	
1690 	8.451440e+02	4.364979e-10	0.000000e+00	2.898804e+03	   nan    	
1691 	8.456370e+02	4.336533e-10	0.000000e+00	2.899297e+03	   nan    	
1692 	8.460510e+02	4.332739e-10	0.000000e+00	2.899711e+03	   nan    	
1693 	8.465530e+02	4.314153e-10	0.000000e+00	2.900213e+03	   nan    	
1694 	8.470630e+02	4.276225e-10	0.000000e+00	2.900723e+03	   nan    	
1695 	8.475470e+02	4.311878e-10	0.000000e+00	2.901207e+03	   nan    	
1696 	8.480610e+02	4.331221e-10	0.000000e+00	2.901721e+03	   nan    	
1697 	8.485590e+02	4.328186e-10	0.000000e+00	2.902219e+03	   nan    	
1698 	8.491370e+02	4.353223e-10	0.000000e+00	2.902797e+03	   nan    	
1699 	8.495490e+02	4.229192e-10	0.000000e+00	2.903209e+03	   nan    	
1700 	8.501350e+02	4.397221e-10	0.000000e+00	2.903795e+03	   nan    	
1701 	8.505520e+02	4.344117e-10	0.000000e+00	2.904212e+03	   nan    	
1702 	8.510490e+02	4.336531e-10	0.000000e+00	2.904709e+03	   nan    	
1703 	8.515500e+02	4.334256e-10	0.000000e+00	2.905210e+03	   nan    	
1704 	8.520530e+02	4.346772e-10	0.000000e+00	2.905713e+03	   nan    	
1705 	8.525610e+02	4.284946e-10	0.000000e+00	2.906221e+03	   nan    	
1706 	8.530490e+02	4.341842e-10	0.000000e+00	2.906709e+03	   nan    	
1707 	8.535510e+02	4.314911e-10	0.000000e+00	2.907211e+03	   nan    	
1708 	8.540460e+02	4.317945e-10	0.000000e+00	2.907706e+03	   nan    	
1709 	8.546320e+02	4.324773e-10	0.000000e+00	2.908292e+03	   nan    	
1710 	8.550470e+02	4.286843e-10	0.000000e+00	2.908707e+03	   nan    	
1711 	8.555440e+02	4.263708e-10	0.000000e+00	2.909204e+03	   nan    	
1712 	8.560420e+02	4.333500e-10	0.000000e+00	2.909702e+03	   nan    	
1713 	8.566290e+02	4.311119e-10	0.000000e+00	2.910289e+03	   nan    	
1714 	8.570400e+02	4.254605e-10	0.000000e+00	2.910700e+03	   nan    	
1715 	8.575410e+02	4.322120e-10	0.000000e+00	2.911201e+03	   nan    	
1716 	8.580450e+02	4.278499e-10	0.000000e+00	2.911705e+03	   nan    	
1717 	8.586310e+02	4.336533e-10	0.000000e+00	2.912291e+03	   nan    	
1718 	8.590410e+02	4.295566e-10	0.000000e+00	2.912701e+03	   nan    	
1719 	8.595390e+02	4.270155e-10	0.000000e+00	2.913199e+03	   nan    	
1720 	8.600400e+02	4.290638e-10	0.000000e+00	2.913700e+03	   nan    	
1721 	8.605410e+02	4.313774e-10	0.000000e+00	2.914201e+03	   nan    	
1722 	8.610450e+02	4.285707e-10	0.000000e+00	2.914705e+03	   nan    	
1723 	8.615490e+02	4.320600e-10	0.000000e+00	2.915209e+03	   nan    	
1724 	8.620440e+02	4.297085e-10	0.000000e+00	2.915704e+03	   nan    	
1725 	8.625470e+02	4.299740e-10	0.000000e+00	2.916207e+03	   nan    	
1726 	8.630610e+02	4.334637e-10	0.000000e+00	2.916721e+03	   nan    	
1727 	8.636380e+02	4.337290e-10	0.000000e+00	2.917298e+03	   nan    	
1728 	8.640610e+02	4.310738e-10	0.000000e+00	2.917721e+03	   nan    	
1729 	8.645650e+02	4.320223e-10	0.000000e+00	2.918225e+03	   nan    	
1730 	8.650660e+02	4.325151e-10	0.000000e+00	2.918726e+03	   nan    	
1731 	8.655620e+02	4.284949e-10	0.000000e+00	2.919222e+03	   nan    	
1732 	8.660540e+02	4.316808e-10	0.000000e+00	2.919714e+03	   nan    	
1733 	8.665640e+02	4.279258e-10	0.000000e+00	2.920224e+03	   nan    	
1734 	8.670600e+02	4.379772e-10	0.000000e+00	2.920720e+03	   nan    	
1735 	8.675650e+02	4.316048e-10	0.000000e+00	2.921225e+03	   nan    	
1736 	8.681430e+02	4.316052e-10	0.000000e+00	2.921803e+03	   nan    	
1737 	8.686420e+02	4.346395e-10	0.000000e+00	2.922302e+03	   nan    	
1738 	8.691450e+02	4.262949e-10	0.000000e+00	2.922805e+03	   nan    	
1739 	8.696400e+02	4.344877e-10	0.000000e+00	2.923300e+03	   nan    	
1740 	8.701410e+02	4.158643e-10	0.000000e+00	2.923801e+03	   nan    	
1741 	8.706370e+02	4.321358e-10	0.000000e+00	2.924297e+03	   nan    	
1742 	8.711340e+02	4.310362e-10	0.000000e+00	2.924794e+03	   nan    	
1743 	8.716300e+02	4.305051e-10	0.000000e+00	2.925290e+03	   nan    	
1744 	8.721280e+02	4.303911e-10	0.000000e+00	2.925788e+03	   nan    	
1745 	8.726300e+02	4.248158e-10	0.000000e+00	2.926290e+03	   nan    	
1746 	8.731270e+02	4.276603e-10	0.000000e+00	2.926787e+03	   nan    	
1747 	8.735510e+02	4.320223e-10	0.000000e+00	2.927211e+03	   nan    	
1748 	8.740450e+02	4.302013e-10	0.000000e+00	2.927705e+03	   nan    	
1749 	8.745410e+02	4.271293e-10	0.000000e+00	2.928201e+03	   nan    	
1750 	8.751300e+02	4.215915e-10	0.000000e+00	2.928790e+03	   nan    	
1751 	8.756310e+02	4.293292e-10	0.000000e+00	2.929291e+03	   nan    	
1752 	8.760520e+02	4.289121e-10	0.000000e+00	2.929712e+03	   nan    	
1753 	8.765390e+02	4.390771e-10	0.000000e+00	2.930199e+03	   nan    	
1754 	8.770450e+02	4.276222e-10	0.000000e+00	2.930705e+03	   nan    	
1755 	8.776280e+02	4.268638e-10	0.000000e+00	2.931288e+03	   nan    	
1756 	8.781240e+02	4.302773e-10	0.000000e+00	2.931784e+03	   nan    	
1757 	8.786260e+02	4.292154e-10	0.000000e+00	2.932286e+03	   nan    	
1758 	8.791300e+02	4.285327e-10	0.000000e+00	2.932790e+03	   nan    	
1759 	8.795600e+02	4.346772e-10	0.000000e+00	2.933220e+03	   nan    	
1760 	8.800440e+02	4.272809e-10	0.000000e+00	2.933704e+03	   nan    	
1761 	8.806330e+02	4.294053e-10	0.000000e+00	2.934293e+03	   nan    	
1762 	8.811350e+02	4.240570e-10	0.000000e+00	2.934795e+03	   nan    	
1763 	8.816380e+02	4.281154e-10	0.000000e+00	2.935298e+03	   nan    	
1764 	8.821360e+02	4.234881e-10	0.000000e+00	2.935796e+03	   nan    	
1765 	8.826410e+02	4.245120e-10	0.000000e+00	2.936301e+03	   nan    	
1766 	8.830630e+02	4.270534e-10	0.000000e+00	2.936723e+03	   nan    	
1767 	8.836580e+02	4.227674e-10	0.000000e+00	2.937318e+03	   nan    	
1768 	8.840750e+02	4.273946e-10	0.000000e+00	2.937735e+03	   nan    	
1769 	8.845690e+02	4.265982e-10	0.000000e+00	2.938229e+03	   nan    	
1770 	8.850720e+02	4.241329e-10	0.000000e+00	2.938732e+03	   nan    	
1771 	8.855680e+02	4.353601e-10	0.000000e+00	2.939228e+03	   nan    	
1772 	8.860700e+02	4.212882e-10	0.000000e+00	2.939730e+03	   nan    	
1773 	8.865850e+02	4.278498e-10	0.000000e+00	2.940245e+03	   nan    	
1774 	8.871630e+02	4.292533e-10	0.000000e+00	2.940823e+03	   nan    	
1775 	8.876590e+02	4.281534e-10	0.000000e+00	2.941319e+03	   nan    	
1776 	8.881560e+02	4.245881e-10	0.000000e+00	2.941816e+03	   nan    	
1777 	8.886530e+02	4.272429e-10	0.000000e+00	2.942313e+03	   nan    	
1778 	8.891520e+02	4.273569e-10	0.000000e+00	2.942812e+03	   nan    	
1779 	8.896530e+02	4.284190e-10	0.000000e+00	2.943313e+03	   nan    	
1780 	8.901620e+02	4.266362e-10	0.000000e+00	2.943822e+03	   nan    	
1781 	8.906550e+02	4.257637e-10	0.000000e+00	2.944315e+03	   nan    	
1782 	8.911570e+02	4.258398e-10	0.000000e+00	2.944817e+03	   nan    	
1783 	8.916620e+02	4.233741e-10	0.000000e+00	2.945322e+03	   nan    	
1784 	8.920810e+02	4.275843e-10	0.000000e+00	2.945741e+03	   nan    	
1785 	8.926600e+02	4.274707e-10	0.000000e+00	2.946320e+03	   nan    	
1786 	8.931590e+02	4.290259e-10	0.000000e+00	2.946819e+03	   nan    	
1787 	8.936650e+02	4.295948e-10	0.000000e+00	2.947325e+03	   nan    	
1788 	8.940780e+02	4.338807e-10	0.000000e+00	2.947738e+03	   nan    	
1789 	8.945740e+02	4.313773e-10	0.000000e+00	2.948234e+03	   nan    	
1790 	8.950760e+02	4.274327e-10	0.000000e+00	2.948736e+03	   nan    	
1791 	8.955840e+02	4.209466e-10	0.000000e+00	2.949244e+03	   nan    	
1792 	8.961600e+02	4.227674e-10	0.000000e+00	2.949820e+03	   nan    	
1793 	8.965720e+02	4.253843e-10	0.000000e+00	2.950232e+03	   nan    	
1794 	8.970790e+02	4.234878e-10	0.000000e+00	2.950739e+03	   nan    	
1795 	8.975710e+02	4.262567e-10	0.000000e+00	2.951231e+03	   nan    	
1796 	8.980670e+02	4.252707e-10	0.000000e+00	2.951727e+03	   nan    	
1797 	8.985610e+02	4.244742e-10	0.000000e+00	2.952221e+03	   nan    	
1798 	8.990630e+02	4.262189e-10	0.000000e+00	2.952723e+03	   nan    	
1799 	8.995600e+02	4.260673e-10	0.000000e+00	2.953220e+03	   nan    	
1800 	9.000570e+02	4.248535e-10	0.000000e+00	2.953717e+03	   nan    	
1801 	9.005580e+02	4.261051e-10	0.000000e+00	2.954218e+03	   nan    	
1802 	9.010620e+02	4.242466e-10	0.000000e+00	2.954722e+03	   nan    	
1803 	9.015590e+02	4.246639e-10	0.000000e+00	2.955219e+03	   nan    	
1804 	9.020600e+02	4.278120e-10	0.000000e+00	2.955720e+03	   nan    	
1805 	9.025570e+02	4.256880e-10	0.000000e+00	2.956217e+03	   nan    	
1806 	9.030520e+02	4.231465e-10	0.000000e+00	2.956712e+03	   nan    	
1807 	9.035550e+02	4.275463e-10	0.000000e+00	2.957215e+03	   nan    	
1808 	9.040570e+02	4.234503e-10	0.000000e+00	2.957717e+03	   nan    	
1809 	9.045600e+02	4.282672e-10	0.000000e+00	2.958220e+03	   nan    	
1810 	9.050620e+02	4.283430e-10	0.000000e+00	2.958722e+03	   nan    	
1811 	9.055650e+02	4.237535e-10	0.000000e+00	2.959225e+03	   nan    	
1812 	9.061520e+02	4.239432e-10	0.000000e+00	2.959812e+03	   nan    	
1813 	9.066540e+02	4.284568e-10	0.000000e+00	2.960314e+03	   nan    	
1814 	9.070710e+02	4.262190e-10	0.000000e+00	2.960731e+03	   nan    	
1815 	9.075710e+02	4.262946e-10	0.000000e+00	2.961231e+03	   nan    	
1816 	9.081530e+02	4.362702e-10	0.000000e+00	2.961813e+03	   nan    	
1817 	9.086520e+02	4.307326e-10	0.000000e+00	2.962312e+03	   nan    	
1818 	9.091520e+02	4.252328e-10	0.000000e+00	2.962812e+03	   nan    	
1819 	9.096530e+02	4.234499e-10	0.000000e+00	2.963313e+03	   nan    	
1820 	9.101580e+02	4.191260e-10	0.000000e+00	2.963818e+03	   nan    	
1821 	9.106520e+02	4.306186e-10	0.000000e+00	2.964312e+03	   nan    	
1822 	9.110700e+02	4.313014e-10	0.000000e+00	2.964730e+03	   nan    	
1823 	9.115720e+02	4.262569e-10	0.000000e+00	2.965232e+03	   nan    	
1824 	9.120620e+02	4.267119e-10	0.000000e+00	2.965722e+03	   nan    	
1825 	9.125710e+02	4.226913e-10	0.000000e+00	2.966231e+03	   nan    	
1826 	9.130650e+02	4.185191e-10	0.000000e+00	2.966725e+03	   nan    	
1827 	9.135740e+02	4.275085e-10	0.000000e+00	2.967234e+03	   nan    	
1828 	9.140720e+02	4.210985e-10	0.000000e+00	2.967732e+03	   nan    	
1829 	9.146550e+02	4.251191e-10	0.000000e+00	2.968315e+03	   nan    	
1830 	9.151540e+02	4.252707e-10	0.000000e+00	2.968814e+03	   nan    	
1831 	9.155680e+02	4.254224e-10	0.000000e+00	2.969228e+03	   nan    	
1832 	9.160740e+02	4.243604e-10	0.000000e+00	2.969734e+03	   nan    	
1833 	9.165740e+02	4.226913e-10	0.000000e+00	2.970234e+03	   nan    	
1834 	9.170600e+02	4.221984e-10	0.000000e+00	2.970720e+03	   nan    	
1835 	9.175690e+02	4.192018e-10	0.000000e+00	2.971229e+03	   nan    	
1836 	9.180760e+02	4.252327e-10	0.000000e+00	2.971736e+03	   nan    	
1837 	9.185810e+02	4.259534e-10	0.000000e+00	2.972241e+03	   nan    	
1838 	9.190700e+02	4.297842e-10	0.000000e+00	2.972730e+03	   nan    	
1839 	9.195710e+02	4.210984e-10	0.000000e+00	2.973231e+03	   nan    	
1840 	9.200740e+02	4.247396e-10	0.000000e+00	2.973734e+03	   nan    	
1841 	9.205780e+02	4.139299e-10	0.000000e+00	2.974238e+03	   nan    	
1842 	9.210760e+02	4.219710e-10	0.000000e+00	2.974736e+03	   nan    	
1843 	9.215830e+02	4.245879e-10	0.000000e+00	2.975243e+03	   nan    	
1844 	9.220830e+02	4.220845e-10	0.000000e+00	2.975743e+03	   nan    	
1845 	9.225840e+02	4.215156e-10	0.000000e+00	2.976244e+03	   nan    	
1846 	9.230790e+02	4.158639e-10	0.000000e+00	2.976739e+03	   nan    	
1847 	9.235800e+02	4.226535e-10	0.000000e+00	2.977240e+03	   nan    	
1848 	9.240770e+02	4.251950e-10	0.000000e+00	2.977737e+03	   nan    	
1849 	9.245810e+02	4.244742e-10	0.000000e+00	2.978241e+03	   nan    	
1850 	9.250760e+02	4.262948e-10	0.000000e+00	2.978736e+03	   nan    	
1851 	9.255790e+02	4.183675e-10	0.000000e+00	2.979239e+03	   nan    	
1852 	9.260750e+02	4.124505e-10	0.000000e+00	2.979735e+03	   nan    	
1853 	9.265770e+02	4.236396e-10	0.000000e+00	2.980237e+03	   nan    	
1854 	9.270790e+02	4.247777e-10	0.000000e+00	2.980739e+03	   nan    	
1855 	9.275840e+02	4.213261e-10	0.000000e+00	2.981244e+03	   nan    	
1856 	9.281700e+02	4.214780e-10	0.000000e+00	2.981830e+03	   nan    	
1857 	9.285810e+02	4.239810e-10	0.000000e+00	2.982241e+03	   nan    	
1858 	9.291640e+02	4.199226e-10	0.000000e+00	2.982824e+03	   nan    	
1859 	9.296690e+02	4.208328e-10	0.000000e+00	2.983329e+03	   nan    	
1860 	9.301670e+02	4.226534e-10	0.000000e+00	2.983827e+03	   nan    	
1861 	9.306660e+02	4.223881e-10	0.000000e+00	2.984326e+03	   nan    	
1862 	9.311690e+02	4.209088e-10	0.000000e+00	2.984829e+03	   nan    	
1863 	9.316650e+02	4.246636e-10	0.000000e+00	2.985325e+03	   nan    	
1864 	9.321640e+02	4.186331e-10	0.000000e+00	2.985824e+03	   nan    	
1865 	9.326650e+02	4.220465e-10	0.000000e+00	2.986325e+03	   nan    	
1866 	9.331680e+02	4.248915e-10	0.000000e+00	2.986828e+03	   nan    	
1867 	9.336680e+02	4.201122e-10	0.000000e+00	2.987328e+03	   nan    	
1868 	9.341730e+02	4.236775e-10	0.000000e+00	2.987833e+03	   nan    	
1869 	9.346780e+02	4.203398e-10	0.000000e+00	2.988338e+03	   nan    	
1870 	9.351750e+02	4.185572e-10	0.000000e+00	2.988835e+03	   nan    	
1871 	9.356700e+02	4.160917e-10	0.000000e+00	2.989330e+03	   nan    	
1872 	9.361750e+02	4.218190e-10	0.000000e+00	2.989835e+03	   nan    	
1873 	9.366720e+02	4.211363e-10	0.000000e+00	2.990332e+03	   nan    	
1874 	9.371730e+02	4.229949e-10	0.000000e+00	2.990833e+03	   nan    	
1875 	9.376740e+02	4.196949e-10	0.000000e+00	2.991334e+03	   nan    	
1876 	9.381720e+02	4.220087e-10	0.000000e+00	2.991832e+03	   nan    	
1877 	9.386720e+02	4.222364e-10	0.000000e+00	2.992332e+03	   nan    	
1878 	9.391740e+02	4.248534e-10	0.000000e+00	2.992834e+03	   nan    	
1879 	9.396750e+02	4.144987e-10	0.000000e+00	2.993335e+03	   nan    	
1880 	9.401730e+02	4.151056e-10	0.000000e+00	2.993833e+03	   nan    	
1881 	9.406640e+02	4.201881e-10	0.000000e+00	2.994324e+03	   nan    	
1882 	9.411650e+02	4.306568e-10	0.000000e+00	2.994825e+03	   nan    	
1883 	9.416700e+02	4.189363e-10	0.000000e+00	2.995330e+03	   nan    	
1884 	9.421630e+02	4.102124e-10	0.000000e+00	2.995823e+03	   nan    	
1885 	9.426650e+02	4.197328e-10	0.000000e+00	2.996325e+03	   nan    	
1886 	9.431700e+02	4.183296e-10	0.000000e+00	2.996830e+03	   nan    	
1887 	9.436840e+02	4.223123e-10	0.000000e+00	2.997344e+03	   nan    	
1888 	9.441790e+02	4.151054e-10	0.000000e+00	2.997839e+03	   nan    	
1889 	9.445820e+02	4.278881e-10	0.000000e+00	2.998242e+03	   nan    	
1890 	9.450770e+02	4.214397e-10	0.000000e+00	2.998737e+03	   nan    	
1891 	9.455790e+02	4.296323e-10	0.000000e+00	2.999239e+03	   nan    	
1892 	9.460800e+02	4.201500e-10	0.000000e+00	2.999740e+03	   nan    	
1893 	9.465820e+02	4.194296e-10	0.000000e+00	3.000242e+03	   nan    	
1894 	9.470840e+02	4.188984e-10	0.000000e+00	3.000744e+03	   nan    	
1895 	9.475860e+02	4.207950e-10	0.000000e+00	3.001246e+03	   nan    	
1896 	9.480880e+02	4.212121e-10	0.000000e+00	3.001748e+03	   nan    	
1897 	9.485950e+02	4.182535e-10	0.000000e+00	3.002255e+03	   nan    	
1898 	9.491810e+02	4.179123e-10	0.000000e+00	3.002841e+03	   nan    	
1899 	9.495940e+02	4.227673e-10	0.000000e+00	3.003254e+03	   nan    	
1900 	9.500860e+02	4.133228e-10	0.000000e+00	3.003746e+03	   nan    	
1901 	9.505930e+02	4.191259e-10	0.000000e+00	3.004253e+03	   nan    	
1902 	9.510940e+02	4.208709e-10	0.000000e+00	3.004754e+03	   nan    	
1903 	9.516870e+02	4.181020e-10	0.000000e+00	3.005347e+03	   nan    	
1904 	9.521080e+02	4.201501e-10	0.000000e+00	3.005768e+03	   nan    	
1905 	9.526060e+02	4.206810e-10	0.000000e+00	3.006266e+03	   nan    	
1906 	9.530980e+02	4.161674e-10	0.000000e+00	3.006758e+03	   nan    	
1907 	9.535920e+02	4.188227e-10	0.000000e+00	3.007252e+03	   nan    	
1908 	9.540930e+02	4.199228e-10	0.000000e+00	3.007753e+03	   nan    	
1909 	9.545880e+02	4.142710e-10	0.000000e+00	3.008248e+03	   nan    	
1910 	9.550920e+02	4.209845e-10	0.000000e+00	3.008752e+03	   nan    	
1911 	9.555900e+02	4.215914e-10	0.000000e+00	3.009250e+03	   nan    	
1912 	9.560900e+02	4.226154e-10	0.000000e+00	3.009750e+03	   nan    	
1913 	9.565860e+02	4.185192e-10	0.000000e+00	3.010246e+03	   nan    	
1914 	9.570870e+02	4.222743e-10	0.000000e+00	3.010747e+03	   nan    	
1915 	9.575910e+02	4.184053e-10	0.000000e+00	3.011251e+03	   nan    	
1916 	9.580960e+02	4.188985e-10	0.000000e+00	3.011756e+03	   nan    	
1917 	9.585970e+02	4.201881e-10	0.000000e+00	3.012257e+03	   nan    	
1918 	9.590920e+02	4.249673e-10	0.000000e+00	3.012752e+03	   nan    	
1919 	9.595890e+02	4.269775e-10	0.000000e+00	3.013249e+03	   nan    	
1920 	9.600940e+02	4.177606e-10	0.000000e+00	3.013754e+03	   nan    	
1921 	9.606820e+02	4.230328e-10	0.000000e+00	3.014342e+03	   nan    	
1922 	9.611830e+02	4.203398e-10	0.000000e+00	3.014843e+03	   nan    	
1923 	9.615910e+02	4.206813e-10	0.000000e+00	3.015251e+03	   nan    	
1924 	9.620870e+02	4.224636e-10	0.000000e+00	3.015747e+03	   nan    	
1925 	9.625960e+02	4.165086e-10	0.000000e+00	3.016256e+03	   nan    	
1926 	9.630780e+02	4.185950e-10	0.000000e+00	3.016738e+03	   nan    	
1927 	9.635750e+02	4.177985e-10	0.000000e+00	3.017235e+03	   nan    	
1928 	9.640740e+02	4.137780e-10	0.000000e+00	3.017734e+03	   nan    	
1929 	9.645710e+02	4.148020e-10	0.000000e+00	3.018231e+03	   nan    	
1930 	9.650730e+02	4.181399e-10	0.000000e+00	3.018733e+03	   nan    	
1931 	9.655740e+02	4.207190e-10	0.000000e+00	3.019234e+03	   nan    	
1932 	9.660700e+02	4.192019e-10	0.000000e+00	3.019730e+03	   nan    	
1933 	9.665790e+02	4.184056e-10	0.000000e+00	3.020239e+03	   nan    	
1934 	9.670700e+02	4.178743e-10	0.000000e+00	3.020730e+03	   nan    	
1935 	9.675710e+02	4.140434e-10	0.000000e+00	3.021231e+03	   nan    	
1936 	9.680720e+02	4.193538e-10	0.000000e+00	3.021732e+03	   nan    	
1937 	9.685740e+02	4.195052e-10	0.000000e+00	3.022234e+03	   nan    	
1938 	9.690780e+02	4.201880e-10	0.000000e+00	3.022738e+03	   nan    	
1939 	9.695830e+02	4.150677e-10	0.000000e+00	3.023243e+03	   nan    	
1940 	9.700850e+02	4.173053e-10	0.000000e+00	3.023745e+03	   nan    	
1941 	9.705900e+02	4.175329e-10	0.000000e+00	3.024250e+03	   nan    	
1942 	9.710890e+02	4.227672e-10	0.000000e+00	3.024749e+03	   nan    	
1943 	9.715910e+02	4.114263e-10	0.000000e+00	3.025251e+03	   nan    	
1944 	9.720990e+02	4.118437e-10	0.000000e+00	3.025759e+03	   nan    	
1945 	9.725950e+02	4.130954e-10	0.000000e+00	3.026255e+03	   nan    	
1946 	9.730940e+02	4.081642e-10	0.000000e+00	3.026754e+03	   nan    	
1947 	9.735860e+02	4.149537e-10	0.000000e+00	3.027246e+03	   nan    	
1948 	9.741750e+02	4.182917e-10	0.000000e+00	3.027835e+03	   nan    	
1949 	9.746700e+02	4.166226e-10	0.000000e+00	3.028330e+03	   nan    	
1950 	9.751690e+02	4.163951e-10	0.000000e+00	3.028829e+03	   nan    	
1951 	9.756750e+02	4.110091e-10	0.000000e+00	3.029335e+03	   nan    	
1952 	9.761750e+02	4.156366e-10	0.000000e+00	3.029835e+03	   nan    	
1953 	9.766770e+02	4.195432e-10	0.000000e+00	3.030337e+03	   nan    	
1954 	9.771760e+02	4.166605e-10	0.000000e+00	3.030836e+03	   nan    	
1955 	9.776760e+02	4.204913e-10	0.000000e+00	3.031336e+03	   nan    	
1956 	9.781730e+02	4.225777e-10	0.000000e+00	3.031833e+03	   nan    	
1957 	9.786730e+02	4.157125e-10	0.000000e+00	3.032333e+03	   nan    	
1958 	9.791680e+02	4.248153e-10	0.000000e+00	3.032828e+03	   nan    	
1959 	9.796760e+02	4.183297e-10	0.000000e+00	3.033336e+03	   nan    	
1960 	9.801680e+02	4.161674e-10	0.000000e+00	3.033828e+03	   nan    	
1961 	9.806710e+02	4.149915e-10	0.000000e+00	3.034331e+03	   nan    	
1962 	9.811690e+02	4.195812e-10	0.000000e+00	3.034829e+03	   nan    	
1963 	9.816710e+02	4.154468e-10	0.000000e+00	3.035331e+03	   nan    	
1964 	9.821720e+02	4.157123e-10	0.000000e+00	3.035832e+03	   nan    	
1965 	9.826690e+02	4.166226e-10	0.000000e+00	3.036329e+03	   nan    	
1966 	9.831740e+02	4.175329e-10	0.000000e+00	3.036834e+03	   nan    	
1967 	9.836760e+02	4.150676e-10	0.000000e+00	3.037336e+03	   nan    	
1968 	9.841770e+02	4.172672e-10	0.000000e+00	3.037837e+03	   nan    	
1969 	9.846720e+02	4.151434e-10	0.000000e+00	3.038332e+03	   nan    	
1970 	9.851720e+02	4.202259e-10	0.000000e+00	3.038832e+03	   nan    	
1971 	9.856730e+02	4.144604e-10	0.000000e+00	3.039333e+03	   nan    	
1972 	9.861750e+02	4.109331e-10	0.000000e+00	3.039835e+03	   nan    	
1973 	9.866700e+02	4.131332e-10	0.000000e+00	3.040330e+03	   nan    	
1974 	9.871650e+02	4.186708e-10	0.000000e+00	3.040825e+03	   nan    	
1975 	9.876690e+02	4.157126e-10	0.000000e+00	3.041329e+03	   nan    	
1976 	9.881720e+02	4.291016e-10	0.000000e+00	3.041832e+03	   nan    	
1977 	9.886670e+02	4.220465e-10	0.000000e+00	3.042327e+03	   nan    	
1978 	9.891710e+02	4.119194e-10	0.000000e+00	3.042831e+03	   nan    	
1979 	9.896750e+02	4.179882e-10	0.000000e+00	3.043335e+03	   nan    	
1980 	9.901760e+02	4.150295e-10	0.000000e+00	3.043836e+03	   nan    	
1981 	9.906760e+02	4.035368e-10	0.000000e+00	3.044336e+03	   nan    	
1982 	9.911780e+02	4.101369e-10	0.000000e+00	3.044838e+03	   nan    	
1983 	9.916720e+02	4.052437e-10	0.000000e+00	3.045332e+03	   nan    	
1984 	9.921690e+02	4.074816e-10	0.000000e+00	3.045829e+03	   nan    	
1985 	9.926630e+02	4.106296e-10	0.000000e+00	3.046323e+03	   nan    	
1986 	9.931650e+02	4.057369e-10	0.000000e+00	3.046825e+03	   nan    	
1987 	9.936660e+02	4.071025e-10	0.000000e+00	3.047326e+03	   nan    	
1988 	9.941670e+02	4.117300e-10	0.000000e+00	3.047827e+03	   nan    	
1989 	9.946660e+02	4.079748e-10	0.000000e+00	3.048326e+03	   nan    	
1990 	9.951720e+02	4.077472e-10	0.000000e+00	3.048832e+03	   nan    	
1991 	9.956660e+02	4.086194e-10	0.000000e+00	3.049326e+03	   nan    	
1992 	9.961600e+02	4.037265e-10	0.000000e+00	3.049820e+03	   nan    	
1993 	9.966630e+02	4.091125e-10	0.000000e+00	3.050323e+03	   nan    	
1994 	9.971660e+02	4.093781e-10	0.000000e+00	3.050826e+03	   nan    	
1995 	9.976670e+02	4.069884e-10	0.000000e+00	3.051327e+03	   nan    	
1996 	9.981680e+02	4.094539e-10	0.000000e+00	3.051828e+03	   nan    	
1997 	9.986710e+02	4.168121e-10	0.000000e+00	3.052331e+03	   nan    	
1998 	9.991670e+02	4.137778e-10	0.000000e+00	3.052827e+03	   nan    	
1999 	9.996640e+02	4.188983e-10	0.000000e+00	3.053324e+03	   nan    	
2000 	1.000163e+03	4.158259e-10	0.000000e+00	3.053823e+03	   nan    	
2001 	1.000661e+03	4.150675e-10	0.000000e+00	3.054321e+03	   nan    	
2002 	1.001166e+03	4.153329e-10	0.000000e+00	3.054826e+03	   nan    	
2003 	1.001666e+03	4.146502e-10	0.000000e+00	3.055326e+03	   nan    	
2004 	1.002167e+03	4.150676e-10	0.000000e+00	3.055827e+03	   nan    	
2005 	1.002673e+03	4.131709e-10	0.000000e+00	3.056333e+03	   nan    	
2006 	1.003174e+03	4.199983e-10	0.000000e+00	3.056834e+03	   nan    	
2007 	1.003671e+03	4.199225e-10	0.000000e+00	3.057331e+03	   nan    	
2008 	1.004172e+03	4.117677e-10	0.000000e+00	3.057832e+03	   nan    	
2009 	1.004670e+03	4.101749e-10	0.000000e+00	3.058330e+03	   nan    	
2010 	1.005171e+03	4.153330e-10	0.000000e+00	3.058831e+03	   nan    	
2011 	1.005673e+03	4.135503e-10	0.000000e+00	3.059333e+03	   nan    	
2012 	1.006088e+03	4.168883e-10	0.000000e+00	3.059748e+03	   nan    	
2013 	1.006672e+03	4.179501e-10	0.000000e+00	3.060332e+03	   nan    	
2014 	1.007172e+03	4.144986e-10	0.000000e+00	3.060832e+03	   nan    	
2015 	1.007595e+03	4.160917e-10	0.000000e+00	3.061255e+03	   nan    	
2016 	1.008099e+03	4.114641e-10	0.000000e+00	3.061759e+03	   nan    	
2017 	1.008673e+03	4.177225e-10	0.000000e+00	3.062333e+03	   nan    	
2018 	1.009099e+03	4.141952e-10	0.000000e+00	3.062759e+03	   nan    	
2019 	1.009673e+03	4.119952e-10	0.000000e+00	3.063333e+03	   nan    	
2020 	1.010172e+03	4.025887e-10	0.000000e+00	3.063832e+03	   nan    	
2021 	1.010669e+03	4.145742e-10	0.000000e+00	3.064329e+03	   nan    	
2022 	1.011091e+03	4.144605e-10	0.000000e+00	3.064751e+03	   nan    	
2023 	1.011668e+03	4.062678e-10	0.000000e+00	3.065328e+03	   nan    	
2024 	1.012161e+03	4.173431e-10	0.000000e+00	3.065821e+03	   nan    	
2025 	1.012668e+03	4.147639e-10	0.000000e+00	3.066328e+03	   nan    	
2026 	1.013089e+03	4.181776e-10	0.000000e+00	3.066749e+03	   nan    	
2027 	1.013589e+03	4.207570e-10	0.000000e+00	3.067249e+03	   nan    	
2028 	1.014088e+03	4.128295e-10	0.000000e+00	3.067748e+03	   nan    	
2029 	1.014590e+03	4.151052e-10	0.000000e+00	3.068250e+03	   nan    	
2030 	1.015091e+03	4.179121e-10	0.000000e+00	3.068751e+03	   nan    	
2031 	1.015674e+03	4.063437e-10	0.000000e+00	3.069334e+03	   nan    	
2032 	1.016089e+03	4.155983e-10	0.000000e+00	3.069749e+03	   nan    	
2033 	1.016588e+03	4.137397e-10	0.000000e+00	3.070248e+03	   nan    	
2034 	1.017097e+03	4.225394e-10	0.000000e+00	3.070757e+03	   nan    	
2035 	1.017672e+03	4.149917e-10	0.000000e+00	3.071332e+03	   nan    	
2036 	1.018088e+03	4.140437e-10	0.000000e+00	3.071748e+03	   nan    	
2037 	1.018668e+03	4.177223e-10	0.000000e+00	3.072328e+03	   nan    	
2038 	1.019090e+03	4.095298e-10	0.000000e+00	3.072750e+03	   nan    	
2039 	1.019583e+03	4.140056e-10	0.000000e+00	3.073243e+03	   nan    	
2040 	1.020090e+03	4.141952e-10	0.000000e+00	3.073750e+03	   nan    	
2041 	1.020668e+03	4.158262e-10	0.000000e+00	3.074328e+03	   nan    	
2042 	1.021084e+03	4.135882e-10	0.000000e+00	3.074744e+03	   nan    	
2043 	1.021592e+03	4.133604e-10	0.000000e+00	3.075252e+03	   nan    	
2044 	1.022081e+03	4.138916e-10	0.000000e+00	3.075741e+03	   nan    	
2045 	1.022589e+03	4.152948e-10	0.000000e+00	3.076249e+03	   nan    	
2046 	1.023082e+03	4.107436e-10	0.000000e+00	3.076742e+03	   nan    	
2047 	1.023582e+03	4.114642e-10	0.000000e+00	3.077242e+03	   nan    	
2048 	1.024077e+03	4.123744e-10	0.000000e+00	3.077737e+03	   nan    	
2049 	1.024585e+03	4.148780e-10	0.000000e+00	3.078245e+03	   nan    	
2050 	1.025091e+03	4.132466e-10	0.000000e+00	3.078751e+03	   nan    	
2051 	1.025668e+03	4.130194e-10	0.000000e+00	3.079328e+03	   nan    	
2052 	1.026173e+03	4.116159e-10	0.000000e+00	3.079833e+03	   nan    	
2053 	1.026666e+03	4.157880e-10	0.000000e+00	3.080326e+03	   nan    	
2054 	1.027162e+03	4.124123e-10	0.000000e+00	3.080822e+03	   nan    	
2055 	1.027665e+03	4.220464e-10	0.000000e+00	3.081325e+03	   nan    	
2056 	1.028170e+03	4.132848e-10	0.000000e+00	3.081830e+03	   nan    	
2057 	1.028669e+03	4.120711e-10	0.000000e+00	3.082329e+03	   nan    	
2058 	1.029164e+03	4.107056e-10	0.000000e+00	3.082824e+03	   nan    	
2059 	1.029574e+03	4.113123e-10	0.000000e+00	3.083234e+03	   nan    	
2060 	1.030071e+03	4.139673e-10	0.000000e+00	3.083731e+03	   nan    	
2061 	1.030574e+03	4.143847e-10	0.000000e+00	3.084234e+03	   nan    	
2062 	1.031071e+03	4.150295e-10	0.000000e+00	3.084731e+03	   nan    	
2063 	1.031572e+03	4.125639e-10	0.000000e+00	3.085232e+03	   nan    	
2064 	1.032069e+03	4.081265e-10	0.000000e+00	3.085729e+03	   nan    	
2065 	1.032572e+03	4.159019e-10	0.000000e+00	3.086232e+03	   nan    	
2066 	1.033069e+03	4.110469e-10	0.000000e+00	3.086729e+03	   nan    	
2067 	1.033573e+03	4.099469e-10	0.000000e+00	3.087233e+03	   nan    	
2068 	1.034075e+03	4.137777e-10	0.000000e+00	3.087735e+03	   nan    	
2069 	1.034657e+03	4.216292e-10	0.000000e+00	3.088317e+03	   nan    	
2070 	1.035068e+03	4.146124e-10	0.000000e+00	3.088728e+03	   nan    	
2071 	1.035569e+03	4.141952e-10	0.000000e+00	3.089229e+03	   nan    	
2072 	1.036069e+03	4.157881e-10	0.000000e+00	3.089729e+03	   nan    	
2073 	1.036570e+03	4.090746e-10	0.000000e+00	3.090230e+03	   nan    	
2074 	1.037074e+03	4.133985e-10	0.000000e+00	3.090734e+03	   nan    	
2075 	1.037663e+03	4.142709e-10	0.000000e+00	3.091323e+03	   nan    	
2076 	1.038083e+03	4.153710e-10	0.000000e+00	3.091743e+03	   nan    	
2077 	1.038574e+03	4.088090e-10	0.000000e+00	3.092234e+03	   nan    	
2078 	1.039077e+03	4.133605e-10	0.000000e+00	3.092737e+03	   nan    	
2079 	1.039586e+03	4.107811e-10	0.000000e+00	3.093246e+03	   nan    	
2080 	1.040090e+03	4.115020e-10	0.000000e+00	3.093750e+03	   nan    	
2081 	1.040668e+03	4.127916e-10	0.000000e+00	3.094328e+03	   nan    	
2082 	1.041164e+03	4.070645e-10	0.000000e+00	3.094824e+03	   nan    	
2083 	1.041584e+03	4.092642e-10	0.000000e+00	3.095244e+03	   nan    	
2084 	1.042168e+03	4.148398e-10	0.000000e+00	3.095828e+03	   nan    	
2085 	1.042666e+03	4.142709e-10	0.000000e+00	3.096326e+03	   nan    	
2086 	1.043164e+03	4.185570e-10	0.000000e+00	3.096824e+03	   nan    	
2087 	1.043665e+03	4.086193e-10	0.000000e+00	3.097325e+03	   nan    	
2088 	1.044083e+03	4.070644e-10	0.000000e+00	3.097743e+03	   nan    	
2089 	1.044570e+03	4.067611e-10	0.000000e+00	3.098230e+03	   nan    	
2090 	1.045065e+03	4.102883e-10	0.000000e+00	3.098725e+03	   nan    	
2091 	1.045564e+03	4.084297e-10	0.000000e+00	3.099224e+03	   nan    	
2092 	1.046059e+03	4.131331e-10	0.000000e+00	3.099719e+03	   nan    	
2093 	1.046558e+03	4.143089e-10	0.000000e+00	3.100218e+03	   nan    	
2094 	1.047060e+03	4.064954e-10	0.000000e+00	3.100720e+03	   nan    	
2095 	1.047563e+03	4.163189e-10	0.000000e+00	3.101223e+03	   nan    	
2096 	1.048053e+03	4.104400e-10	0.000000e+00	3.101713e+03	   nan    	
2097 	1.048550e+03	4.080506e-10	0.000000e+00	3.102210e+03	   nan    	
2098 	1.049051e+03	4.122227e-10	0.000000e+00	3.102711e+03	   nan    	
2099 	1.049547e+03	3.981130e-10	0.000000e+00	3.103207e+03	   nan    	
2100 	1.050049e+03	4.126020e-10	0.000000e+00	3.103709e+03	   nan    	
2101 	1.050547e+03	4.143466e-10	0.000000e+00	3.104207e+03	   nan    	
2102 	1.051041e+03	4.099089e-10	0.000000e+00	3.104701e+03	   nan    	
2103 	1.051538e+03	4.061920e-10	0.000000e+00	3.105198e+03	   nan    	
2104 	1.052042e+03	4.164327e-10	0.000000e+00	3.105702e+03	   nan    	
2105 	1.052540e+03	4.122986e-10	0.000000e+00	3.106200e+03	   nan    	
2106 	1.053044e+03	4.099090e-10	0.000000e+00	3.106704e+03	   nan    	
2107 	1.053539e+03	4.086572e-10	0.000000e+00	3.107199e+03	   nan    	
2108 	1.054043e+03	4.133986e-10	0.000000e+00	3.107703e+03	   nan    	
2109 	1.054539e+03	4.118813e-10	0.000000e+00	3.108199e+03	   nan    	
2110 	1.055042e+03	4.251566e-10	0.000000e+00	3.108702e+03	   nan    	
2111 	1.055543e+03	4.097193e-10	0.000000e+00	3.109203e+03	   nan    	
2112 	1.056044e+03	4.106675e-10	0.000000e+00	3.109704e+03	   nan    	
2113 	1.056549e+03	4.102884e-10	0.000000e+00	3.110209e+03	   nan    	
2114 	1.057051e+03	4.130950e-10	0.000000e+00	3.110711e+03	   nan    	
2115 	1.057551e+03	4.096434e-10	0.000000e+00	3.111211e+03	   nan    	
2116 	1.058056e+03	4.047126e-10	0.000000e+00	3.111716e+03	   nan    	
2117 	1.058636e+03	4.108573e-10	0.000000e+00	3.112296e+03	   nan    	
2118 	1.059136e+03	4.132850e-10	0.000000e+00	3.112796e+03	   nan    	
2119 	1.059633e+03	4.080125e-10	0.000000e+00	3.113293e+03	   nan    	
2120 	1.060143e+03	4.099849e-10	0.000000e+00	3.113803e+03	   nan    	
2121 	1.060630e+03	4.130571e-10	0.000000e+00	3.114290e+03	   nan    	
2122 	1.061135e+03	4.054712e-10	0.000000e+00	3.114795e+03	   nan    	
2123 	1.061554e+03	4.115778e-10	0.000000e+00	3.115214e+03	   nan    	
2124 	1.062045e+03	4.104021e-10	0.000000e+00	3.115705e+03	   nan    	
2125 	1.062552e+03	4.108950e-10	0.000000e+00	3.116212e+03	   nan    	
2126 	1.063060e+03	4.105537e-10	0.000000e+00	3.116720e+03	   nan    	
2127 	1.063548e+03	4.111987e-10	0.000000e+00	3.117208e+03	   nan    	
2128 	1.064135e+03	4.103262e-10	0.000000e+00	3.117795e+03	   nan    	
2129 	1.064629e+03	4.069505e-10	0.000000e+00	3.118289e+03	   nan    	
2130 	1.065125e+03	4.065711e-10	0.000000e+00	3.118785e+03	   nan    	
2131 	1.065627e+03	4.108951e-10	0.000000e+00	3.119287e+03	   nan    	
2132 	1.066129e+03	4.081641e-10	0.000000e+00	3.119789e+03	   nan    	
2133 	1.066621e+03	4.084678e-10	0.000000e+00	3.120281e+03	   nan    	
2134 	1.067047e+03	4.096055e-10	0.000000e+00	3.120707e+03	   nan    	
2135 	1.067632e+03	4.115778e-10	0.000000e+00	3.121292e+03	   nan    	
2136 	1.068042e+03	4.089228e-10	0.000000e+00	3.121702e+03	   nan    	
2137 	1.068538e+03	4.095675e-10	0.000000e+00	3.122198e+03	   nan    	
2138 	1.069050e+03	4.167743e-10	0.000000e+00	3.122710e+03	   nan    	
2139 	1.069535e+03	4.083539e-10	0.000000e+00	3.123195e+03	   nan    	
2140 	1.070037e+03	4.086192e-10	0.000000e+00	3.123697e+03	   nan    	
2141 	1.070544e+03	4.053193e-10	0.000000e+00	3.124204e+03	   nan    	
2142 	1.071048e+03	4.105916e-10	0.000000e+00	3.124708e+03	   nan    	
2143 	1.071538e+03	4.220083e-10	0.000000e+00	3.125198e+03	   nan    	
2144 	1.072124e+03	4.089228e-10	0.000000e+00	3.125784e+03	   nan    	
2145 	1.072620e+03	4.094161e-10	0.000000e+00	3.126280e+03	   nan    	
2146 	1.073116e+03	4.110469e-10	0.000000e+00	3.126776e+03	   nan    	
2147 	1.073618e+03	4.122605e-10	0.000000e+00	3.127278e+03	   nan    	
2148 	1.074123e+03	4.123366e-10	0.000000e+00	3.127783e+03	   nan    	
2149 	1.074625e+03	4.094917e-10	0.000000e+00	3.128285e+03	   nan    	
2150 	1.075043e+03	4.083158e-10	0.000000e+00	3.128703e+03	   nan    	
2151 	1.075547e+03	4.003128e-10	0.000000e+00	3.129207e+03	   nan    	
2152 	1.076038e+03	4.100985e-10	0.000000e+00	3.129698e+03	   nan    	
2153 	1.076533e+03	4.119572e-10	0.000000e+00	3.130193e+03	   nan    	
2154 	1.077037e+03	4.109331e-10	0.000000e+00	3.130697e+03	   nan    	
2155 	1.077533e+03	4.148396e-10	0.000000e+00	3.131193e+03	   nan    	
2156 	1.078035e+03	4.046747e-10	0.000000e+00	3.131695e+03	   nan    	
2157 	1.078533e+03	4.109710e-10	0.000000e+00	3.132193e+03	   nan    	
2158 	1.079034e+03	4.126777e-10	0.000000e+00	3.132694e+03	   nan    	
2159 	1.079531e+03	4.091882e-10	0.000000e+00	3.133191e+03	   nan    	
2160 	1.080032e+03	4.087334e-10	0.000000e+00	3.133692e+03	   nan    	
2161 	1.080531e+03	4.174948e-10	0.000000e+00	3.134191e+03	   nan    	
2162 	1.081033e+03	4.097952e-10	0.000000e+00	3.134693e+03	   nan    	
2163 	1.081529e+03	4.082400e-10	0.000000e+00	3.135189e+03	   nan    	
2164 	1.082034e+03	4.185567e-10	0.000000e+00	3.135694e+03	   nan    	
2165 	1.082533e+03	4.140812e-10	0.000000e+00	3.136193e+03	   nan    	
2166 	1.083035e+03	4.066847e-10	0.000000e+00	3.136695e+03	   nan    	
2167 	1.083541e+03	4.105916e-10	0.000000e+00	3.137201e+03	   nan    	
2168 	1.084050e+03	4.083916e-10	0.000000e+00	3.137710e+03	   nan    	
2169 	1.084539e+03	4.065333e-10	0.000000e+00	3.138199e+03	   nan    	
2170 	1.085128e+03	4.110467e-10	0.000000e+00	3.138788e+03	   nan    	
2171 	1.085543e+03	4.110848e-10	0.000000e+00	3.139203e+03	   nan    	
2172 	1.086043e+03	4.127914e-10	0.000000e+00	3.139703e+03	   nan    	
2173 	1.086544e+03	4.155224e-10	0.000000e+00	3.140204e+03	   nan    	
2174 	1.087126e+03	4.079743e-10	0.000000e+00	3.140786e+03	   nan    	
2175 	1.087622e+03	4.108951e-10	0.000000e+00	3.141282e+03	   nan    	
2176 	1.088040e+03	4.093780e-10	0.000000e+00	3.141700e+03	   nan    	
2177 	1.088614e+03	4.068366e-10	0.000000e+00	3.142274e+03	   nan    	
2178 	1.089114e+03	4.080884e-10	0.000000e+00	3.142774e+03	   nan    	
2179 	1.089608e+03	4.118433e-10	0.000000e+00	3.143268e+03	   nan    	
2180 	1.090108e+03	4.124504e-10	0.000000e+00	3.143768e+03	   nan    	
2181 	1.090609e+03	4.045988e-10	0.000000e+00	3.144269e+03	   nan    	
2182 	1.091105e+03	4.044471e-10	0.000000e+00	3.144765e+03	   nan    	
2183 	1.091602e+03	4.121088e-10	0.000000e+00	3.145262e+03	   nan    	
2184 	1.092104e+03	4.085433e-10	0.000000e+00	3.145764e+03	   nan    	
2185 	1.092608e+03	4.108951e-10	0.000000e+00	3.146268e+03	   nan    	
2186 	1.093103e+03	4.103642e-10	0.000000e+00	3.146763e+03	   nan    	
2187 	1.093606e+03	4.037265e-10	0.000000e+00	3.147266e+03	   nan    	
2188 	1.094101e+03	4.125641e-10	0.000000e+00	3.147761e+03	   nan    	
2189 	1.094599e+03	4.110469e-10	0.000000e+00	3.148259e+03	   nan    	
2190 	1.095101e+03	4.080884e-10	0.000000e+00	3.148761e+03	   nan    	
2191 	1.095596e+03	4.075194e-10	0.000000e+00	3.149256e+03	   nan    	
2192 	1.096096e+03	4.090745e-10	0.000000e+00	3.149756e+03	   nan    	
2193 	1.096593e+03	3.984543e-10	0.000000e+00	3.150253e+03	   nan    	
2194 	1.097087e+03	4.110468e-10	0.000000e+00	3.150747e+03	   nan    	
2195 	1.097587e+03	4.033096e-10	0.000000e+00	3.151247e+03	   nan    	
2196 	1.098087e+03	3.998196e-10	0.000000e+00	3.151747e+03	   nan    	
2197 	1.098588e+03	4.070639e-10	0.000000e+00	3.152248e+03	   nan    	
2198 	1.099089e+03	4.042953e-10	0.000000e+00	3.152749e+03	   nan    	
2199 	1.099596e+03	4.088848e-10	0.000000e+00	3.153256e+03	   nan    	
2200 	1.100098e+03	4.052436e-10	0.000000e+00	3.153758e+03	   nan    	
2201 	1.100599e+03	4.009577e-10	0.000000e+00	3.154259e+03	   nan    	
2202 	1.101103e+03	4.059644e-10	0.000000e+00	3.154763e+03	   nan    	
2203 	1.101522e+03	4.105536e-10	0.000000e+00	3.155182e+03	   nan    	
2204 	1.102011e+03	3.998576e-10	0.000000e+00	3.155671e+03	   nan    	
2205 	1.102517e+03	4.066092e-10	0.000000e+00	3.156177e+03	   nan    	
2206 	1.103009e+03	4.063437e-10	0.000000e+00	3.156669e+03	   nan    	
2207 	1.103511e+03	4.110468e-10	0.000000e+00	3.157171e+03	   nan    	
2208 	1.104008e+03	4.086955e-10	0.000000e+00	3.157668e+03	   nan    	
2209 	1.104510e+03	4.081261e-10	0.000000e+00	3.158170e+03	   nan    	
2210 	1.105007e+03	4.061539e-10	0.000000e+00	3.158667e+03	   nan    	
2211 	1.105508e+03	4.009575e-10	0.000000e+00	3.159168e+03	   nan    	
2212 	1.106004e+03	4.093021e-10	0.000000e+00	3.159664e+03	   nan    	
2213 	1.106505e+03	4.043332e-10	0.000000e+00	3.160165e+03	   nan    	
2214 	1.107004e+03	4.019438e-10	0.000000e+00	3.160664e+03	   nan    	
2215 	1.107500e+03	4.026265e-10	0.000000e+00	3.161160e+03	   nan    	
2216 	1.108001e+03	4.095676e-10	0.000000e+00	3.161661e+03	   nan    	
2217 	1.108501e+03	4.085435e-10	0.000000e+00	3.162161e+03	   nan    	
2218 	1.108998e+03	4.047885e-10	0.000000e+00	3.162658e+03	   nan    	
2219 	1.109500e+03	4.129812e-10	0.000000e+00	3.163160e+03	   nan    	
2220 	1.109997e+03	4.078985e-10	0.000000e+00	3.163657e+03	   nan    	
2221 	1.110492e+03	4.075954e-10	0.000000e+00	3.164152e+03	   nan    	
2222 	1.110995e+03	4.009575e-10	0.000000e+00	3.164655e+03	   nan    	
2223 	1.111492e+03	4.029679e-10	0.000000e+00	3.165152e+03	   nan    	
2224 	1.111991e+03	4.065332e-10	0.000000e+00	3.165651e+03	   nan    	
2225 	1.112488e+03	4.037644e-10	0.000000e+00	3.166148e+03	   nan    	
2226 	1.112992e+03	4.067987e-10	0.000000e+00	3.166652e+03	   nan    	
2227 	1.113495e+03	4.055468e-10	0.000000e+00	3.167155e+03	   nan    	
2228 	1.113993e+03	3.996677e-10	0.000000e+00	3.167653e+03	   nan    	
2229 	1.114488e+03	4.117296e-10	0.000000e+00	3.168148e+03	   nan    	
2230 	1.114985e+03	4.103262e-10	0.000000e+00	3.168645e+03	   nan    	
2231 	1.115487e+03	3.966715e-10	0.000000e+00	3.169147e+03	   nan    	
2232 	1.115996e+03	4.003885e-10	0.000000e+00	3.169656e+03	   nan    	
2233 	1.116488e+03	4.079366e-10	0.000000e+00	3.170148e+03	   nan    	
2234 	1.116975e+03	4.055090e-10	0.000000e+00	3.170635e+03	   nan    	
2235 	1.117478e+03	4.023610e-10	0.000000e+00	3.171138e+03	   nan    	
2236 	1.117974e+03	4.188604e-10	0.000000e+00	3.171634e+03	   nan    	
2237 	1.118476e+03	4.020954e-10	0.000000e+00	3.172136e+03	   nan    	
2238 	1.118971e+03	4.019436e-10	0.000000e+00	3.172631e+03	   nan    	
2239 	1.119472e+03	4.011470e-10	0.000000e+00	3.173132e+03	   nan    	
2240 	1.119969e+03	3.991747e-10	0.000000e+00	3.173629e+03	   nan    	
2241 	1.120471e+03	4.084678e-10	0.000000e+00	3.174131e+03	   nan    	
2242 	1.120971e+03	4.065710e-10	0.000000e+00	3.174631e+03	   nan    	
2243 	1.121472e+03	4.047883e-10	0.000000e+00	3.175132e+03	   nan    	
2244 	1.121971e+03	4.058124e-10	0.000000e+00	3.175631e+03	   nan    	
2245 	1.122472e+03	4.052435e-10	0.000000e+00	3.176132e+03	   nan    	
2246 	1.122970e+03	4.050921e-10	0.000000e+00	3.176630e+03	   nan    	
2247 	1.123474e+03	4.099087e-10	0.000000e+00	3.177134e+03	   nan    	
2248 	1.123972e+03	4.067608e-10	0.000000e+00	3.177632e+03	   nan    	
2249 	1.124473e+03	4.030816e-10	0.000000e+00	3.178133e+03	   nan    	
2250 	1.124971e+03	3.974300e-10	0.000000e+00	3.178631e+03	   nan    	
2251 	1.125477e+03	4.046745e-10	0.000000e+00	3.179137e+03	   nan    	
2252 	1.125973e+03	4.072537e-10	0.000000e+00	3.179633e+03	   nan    	
2253 	1.126466e+03	4.016021e-10	0.000000e+00	3.180126e+03	   nan    	
2254 	1.126962e+03	3.951164e-10	0.000000e+00	3.180622e+03	   nan    	
2255 	1.127464e+03	4.065331e-10	0.000000e+00	3.181124e+03	   nan    	
2256 	1.127960e+03	4.027403e-10	0.000000e+00	3.181620e+03	   nan    	
2257 	1.128462e+03	4.068365e-10	0.000000e+00	3.182122e+03	   nan    	
2258 	1.128960e+03	4.036126e-10	0.000000e+00	3.182620e+03	   nan    	
2259 	1.129462e+03	4.062299e-10	0.000000e+00	3.183122e+03	   nan    	
2260 	1.129968e+03	4.023609e-10	0.000000e+00	3.183628e+03	   nan    	
2261 	1.130469e+03	4.089608e-10	0.000000e+00	3.184129e+03	   nan    	
2262 	1.130966e+03	4.089606e-10	0.000000e+00	3.184626e+03	   nan    	
2263 	1.131480e+03	3.917785e-10	0.000000e+00	3.185140e+03	   nan    	
2264 	1.131977e+03	3.998574e-10	0.000000e+00	3.185637e+03	   nan    	
2265 	1.132480e+03	4.041056e-10	0.000000e+00	3.186140e+03	   nan    	
2266 	1.132975e+03	4.043711e-10	0.000000e+00	3.186635e+03	   nan    	
2267 	1.133554e+03	4.089608e-10	0.000000e+00	3.187214e+03	   nan    	
2268 	1.133972e+03	4.066089e-10	0.000000e+00	3.187632e+03	   nan    	
2269 	1.134470e+03	4.023990e-10	0.000000e+00	3.188130e+03	   nan    	
2270 	1.135051e+03	4.037647e-10	0.000000e+00	3.188711e+03	   nan    	
2271 	1.135544e+03	4.038402e-10	0.000000e+00	3.189204e+03	   nan    	
2272 	1.136047e+03	4.047505e-10	0.000000e+00	3.189707e+03	   nan    	
2273 	1.136543e+03	4.029300e-10	0.000000e+00	3.190203e+03	   nan    	
2274 	1.137040e+03	4.051676e-10	0.000000e+00	3.190700e+03	   nan    	
2275 	1.137548e+03	4.030437e-10	0.000000e+00	3.191208e+03	   nan    	
2276 	1.138037e+03	4.036884e-10	0.000000e+00	3.191697e+03	   nan    	
2277 	1.138531e+03	3.989852e-10	0.000000e+00	3.192191e+03	   nan    	
2278 	1.139034e+03	4.056608e-10	0.000000e+00	3.192694e+03	   nan    	
2279 	1.139536e+03	4.042575e-10	0.000000e+00	3.193196e+03	   nan    	
2280 	1.140031e+03	4.040297e-10	0.000000e+00	3.193691e+03	   nan    	
2281 	1.140532e+03	4.030058e-10	0.000000e+00	3.194192e+03	   nan    	
2282 	1.141033e+03	4.002746e-10	0.000000e+00	3.194693e+03	   nan    	
2283 	1.141530e+03	3.982266e-10	0.000000e+00	3.195190e+03	   nan    	
2284 	1.142032e+03	4.079746e-10	0.000000e+00	3.195692e+03	   nan    	
2285 	1.142534e+03	3.983024e-10	0.000000e+00	3.196194e+03	   nan    	
2286 	1.143040e+03	4.064576e-10	0.000000e+00	3.196700e+03	   nan    	
2287 	1.143537e+03	4.087333e-10	0.000000e+00	3.197197e+03	   nan    	
2288 	1.144051e+03	4.044851e-10	0.000000e+00	3.197711e+03	   nan    	
2289 	1.144543e+03	4.076711e-10	0.000000e+00	3.198203e+03	   nan    	
2290 	1.145040e+03	4.028542e-10	0.000000e+00	3.198700e+03	   nan    	
2291 	1.145539e+03	4.037644e-10	0.000000e+00	3.199199e+03	   nan    	
2292 	1.146038e+03	4.048643e-10	0.000000e+00	3.199698e+03	   nan    	
2293 	1.146530e+03	4.088470e-10	0.000000e+00	3.200190e+03	   nan    	
2294 	1.147029e+03	4.020196e-10	0.000000e+00	3.200689e+03	   nan    	
2295 	1.147530e+03	4.098709e-10	0.000000e+00	3.201190e+03	   nan    	
2296 	1.148027e+03	4.030438e-10	0.000000e+00	3.201687e+03	   nan    	
2297 	1.148529e+03	3.968612e-10	0.000000e+00	3.202189e+03	   nan    	
2298 	1.149027e+03	4.133986e-10	0.000000e+00	3.202687e+03	   nan    	
2299 	1.149528e+03	4.031195e-10	0.000000e+00	3.203188e+03	   nan    	
2300 	1.150025e+03	4.038782e-10	0.000000e+00	3.203685e+03	   nan    	
2301 	1.150525e+03	4.044091e-10	0.000000e+00	3.204185e+03	   nan    	
2302 	1.151022e+03	4.034229e-10	0.000000e+00	3.204682e+03	   nan    	
2303 	1.151520e+03	4.053573e-10	0.000000e+00	3.205180e+03	   nan    	
2304 	1.152029e+03	4.045611e-10	0.000000e+00	3.205689e+03	   nan    	
2305 	1.152534e+03	4.140812e-10	0.000000e+00	3.206194e+03	   nan    	
2306 	1.153036e+03	4.042195e-10	0.000000e+00	3.206696e+03	   nan    	
2307 	1.153539e+03	4.059642e-10	0.000000e+00	3.207199e+03	   nan    	
2308 	1.154035e+03	4.022092e-10	0.000000e+00	3.207695e+03	   nan    	
2309 	1.154538e+03	4.053952e-10	0.000000e+00	3.208198e+03	   nan    	
2310 	1.155035e+03	4.072918e-10	0.000000e+00	3.208695e+03	   nan    	
2311 	1.155538e+03	4.044472e-10	0.000000e+00	3.209198e+03	   nan    	
2312 	1.156040e+03	4.050539e-10	0.000000e+00	3.209700e+03	   nan    	
2313 	1.156540e+03	4.086573e-10	0.000000e+00	3.210200e+03	   nan    	
2314 	1.157037e+03	4.054335e-10	0.000000e+00	3.210697e+03	   nan    	
2315 	1.157539e+03	4.031953e-10	0.000000e+00	3.211199e+03	   nan    	
2316 	1.158041e+03	4.022092e-10	0.000000e+00	3.211701e+03	   nan    	
2317 	1.158463e+03	4.044092e-10	0.000000e+00	3.212123e+03	   nan    	
2318 	1.158954e+03	3.994025e-10	0.000000e+00	3.212614e+03	   nan    	
2319 	1.159452e+03	4.018679e-10	0.000000e+00	3.213112e+03	   nan    	
2320 	1.159948e+03	3.991371e-10	0.000000e+00	3.213608e+03	   nan    	
2321 	1.160452e+03	4.033850e-10	0.000000e+00	3.214112e+03	   nan    	
2322 	1.160955e+03	3.922336e-10	0.000000e+00	3.214615e+03	   nan    	
2323 	1.161458e+03	4.032712e-10	0.000000e+00	3.215118e+03	   nan    	
2324 	1.161960e+03	4.025504e-10	0.000000e+00	3.215620e+03	   nan    	
2325 	1.162462e+03	4.009195e-10	0.000000e+00	3.216122e+03	   nan    	
2326 	1.162962e+03	3.998194e-10	0.000000e+00	3.216622e+03	   nan    	
2327 	1.163462e+03	3.996300e-10	0.000000e+00	3.217122e+03	   nan    	
2328 	1.163957e+03	3.994784e-10	0.000000e+00	3.217617e+03	   nan    	
2329 	1.164457e+03	4.012610e-10	0.000000e+00	3.218117e+03	   nan    	
2330 	1.164954e+03	4.040298e-10	0.000000e+00	3.218614e+03	   nan    	
2331 	1.165452e+03	3.999713e-10	0.000000e+00	3.219112e+03	   nan    	
2332 	1.165954e+03	4.127915e-10	0.000000e+00	3.219614e+03	   nan    	
2333 	1.166460e+03	4.033470e-10	0.000000e+00	3.220120e+03	   nan    	
2334 	1.166968e+03	4.036126e-10	0.000000e+00	3.220628e+03	   nan    	
2335 	1.167545e+03	4.025127e-10	0.000000e+00	3.221205e+03	   nan    	
2336 	1.167962e+03	3.996299e-10	0.000000e+00	3.221622e+03	   nan    	
2337 	1.168465e+03	4.017163e-10	0.000000e+00	3.222125e+03	   nan    	
2338 	1.169037e+03	3.973163e-10	0.000000e+00	3.222697e+03	   nan    	
2339 	1.169538e+03	3.987196e-10	0.000000e+00	3.223198e+03	   nan    	
2340 	1.170032e+03	4.030816e-10	0.000000e+00	3.223692e+03	   nan    	
2341 	1.170454e+03	4.017161e-10	0.000000e+00	3.224114e+03	   nan    	
2342 	1.170947e+03	4.055470e-10	0.000000e+00	3.224607e+03	   nan    	
2343 	1.171447e+03	3.988715e-10	0.000000e+00	3.225107e+03	   nan    	
2344 	1.171938e+03	4.010335e-10	0.000000e+00	3.225598e+03	   nan    	
2345 	1.172446e+03	3.989849e-10	0.000000e+00	3.226106e+03	   nan    	
2346 	1.172934e+03	4.002369e-10	0.000000e+00	3.226594e+03	   nan    	
2347 	1.173445e+03	4.025884e-10	0.000000e+00	3.227105e+03	   nan    	
2348 	1.173926e+03	4.010335e-10	0.000000e+00	3.227586e+03	   nan    	
2349 	1.174422e+03	3.952681e-10	0.000000e+00	3.228082e+03	   nan    	
2350 	1.174922e+03	3.988336e-10	0.000000e+00	3.228582e+03	   nan    	
2351 	1.175419e+03	4.006541e-10	0.000000e+00	3.229079e+03	   nan    	
2352 	1.175922e+03	3.997059e-10	0.000000e+00	3.229582e+03	   nan    	
2353 	1.176417e+03	4.003507e-10	0.000000e+00	3.230077e+03	   nan    	
2354 	1.176920e+03	4.026268e-10	0.000000e+00	3.230580e+03	   nan    	
2355 	1.177418e+03	4.024748e-10	0.000000e+00	3.231078e+03	   nan    	
2356 	1.177920e+03	3.965956e-10	0.000000e+00	3.231580e+03	   nan    	
2357 	1.178422e+03	4.018678e-10	0.000000e+00	3.232082e+03	   nan    	
2358 	1.178924e+03	4.096812e-10	0.000000e+00	3.232584e+03	   nan    	
2359 	1.179422e+03	4.034613e-10	0.000000e+00	3.233082e+03	   nan    	
2360 	1.179919e+03	4.036885e-10	0.000000e+00	3.233579e+03	   nan    	
2361 	1.180415e+03	4.008061e-10	0.000000e+00	3.234075e+03	   nan    	
2362 	1.180910e+03	4.009955e-10	0.000000e+00	3.234570e+03	   nan    	
2363 	1.181406e+03	4.021333e-10	0.000000e+00	3.235066e+03	   nan    	
2364 	1.181906e+03	4.030054e-10	0.000000e+00	3.235566e+03	   nan    	
2365 	1.182403e+03	3.997437e-10	0.000000e+00	3.236063e+03	   nan    	
2366 	1.182903e+03	3.996680e-10	0.000000e+00	3.236563e+03	   nan    	
2367 	1.183400e+03	3.981129e-10	0.000000e+00	3.237060e+03	   nan    	
2368 	1.183903e+03	4.095296e-10	0.000000e+00	3.237563e+03	   nan    	
2369 	1.184401e+03	4.092640e-10	0.000000e+00	3.238061e+03	   nan    	
2370 	1.184903e+03	4.023609e-10	0.000000e+00	3.238563e+03	   nan    	
2371 	1.185401e+03	3.948129e-10	0.000000e+00	3.239061e+03	   nan    	
2372 	1.185901e+03	4.009195e-10	0.000000e+00	3.239561e+03	   nan    	
2373 	1.186406e+03	3.943200e-10	0.000000e+00	3.240066e+03	   nan    	
2374 	1.186906e+03	3.993266e-10	0.000000e+00	3.240566e+03	   nan    	
2375 	1.187404e+03	3.993265e-10	0.000000e+00	3.241064e+03	   nan    	
2376 	1.187904e+03	3.995160e-10	0.000000e+00	3.241564e+03	   nan    	
2377 	1.188407e+03	3.987954e-10	0.000000e+00	3.242067e+03	   nan    	
2378 	1.188910e+03	4.026264e-10	0.000000e+00	3.242570e+03	   nan    	
2379 	1.189411e+03	4.014505e-10	0.000000e+00	3.243071e+03	   nan    	
2380 	1.189914e+03	3.994403e-10	0.000000e+00	3.243574e+03	   nan    	
2381 	1.190415e+03	4.049023e-10	0.000000e+00	3.244075e+03	   nan    	
2382 	1.190919e+03	4.070643e-10	0.000000e+00	3.244579e+03	   nan    	
2383 	1.191425e+03	3.998954e-10	0.000000e+00	3.245085e+03	   nan    	
2384 	1.191925e+03	4.001231e-10	0.000000e+00	3.245585e+03	   nan    	
