# Step 	    Time    	  Current   	  Voltage   	Absolute time	Temperature 	
#   i  	     s      	     A      	     V      	     s      	     C      	
2022-11-13T19:40:13.806983
  0  	0.000000e+00	2.692483e-04	3.500000e+01	5.008715e+03	   nan    	
  1  	5.030000e-01	3.161396e-04	3.500000e+01	5.009218e+03	   nan    	
  2  	9.980000e-01	3.207834e-04	3.500000e+01	5.009713e+03	   nan    	
  3  	1.493000e+00	3.249616e-04	3.500000e+01	5.010208e+03	   nan    	
  4  	1.989000e+00	3.362465e-04	3.500000e+01	5.010704e+03	   nan    	
  5  	2.497000e+00	3.380881e-04	3.500000e+01	5.011212e+03	   nan    	
  6  	2.989000e+00	3.415774e-04	3.500000e+01	5.011704e+03	   nan    	
  7  	3.494000e+00	3.425646e-04	3.500000e+01	5.012209e+03	   nan    	
  8  	3.993000e+00	3.382881e-04	3.500000e+01	5.012708e+03	   nan    	
  9  	4.489000e+00	3.333604e-04	3.500000e+01	5.013204e+03	   nan    	
 10  	4.991000e+00	3.314425e-04	3.500000e+01	5.013706e+03	   nan    	
 11  	5.486000e+00	3.327000e-04	3.500000e+01	5.014201e+03	   nan    	
 12  	5.982000e+00	3.320422e-04	3.500000e+01	5.014697e+03	   nan    	
 13  	6.484000e+00	3.346089e-04	3.500000e+01	5.015199e+03	   nan    	
 14  	6.984000e+00	3.386914e-04	3.500000e+01	5.015699e+03	   nan    	
 15  	7.486000e+00	3.426433e-04	3.500000e+01	5.016201e+03	   nan    	
 16  	7.983000e+00	3.395087e-04	3.500000e+01	5.016698e+03	   nan    	
 17  	8.486000e+00	3.383168e-04	3.500000e+01	5.017201e+03	   nan    	
 18  	8.986000e+00	3.343517e-04	3.500000e+01	5.017701e+03	   nan    	
 19  	9.479000e+00	3.368327e-04	3.500000e+01	5.018194e+03	   nan    	
 20  	9.974000e+00	3.307660e-04	3.500000e+01	5.018689e+03	   nan    	
 21  	1.047400e+01	3.304991e-04	3.500000e+01	5.019189e+03	   nan    	
 22  	1.097100e+01	3.267408e-04	3.500000e+01	5.019686e+03	   nan    	
 23  	1.146900e+01	3.241212e-04	3.500000e+01	5.020184e+03	   nan    	
 24  	1.197300e+01	3.349950e-04	3.500000e+01	5.020688e+03	   nan    	
 25  	1.247100e+01	3.334958e-04	3.500000e+01	5.021186e+03	   nan    	
 26  	1.297000e+01	3.301557e-04	3.500000e+01	5.021685e+03	   nan    	
 27  	1.346700e+01	3.289985e-04	3.500000e+01	5.022182e+03	   nan    	
 28  	1.397000e+01	3.281172e-04	3.500000e+01	5.022685e+03	   nan    	
 29  	1.447500e+01	3.268137e-04	3.500000e+01	5.023190e+03	   nan    	
 30  	1.497000e+01	3.278198e-04	3.500000e+01	5.023685e+03	   nan    	
 31  	1.547200e+01	3.262440e-04	3.500000e+01	5.024187e+03	   nan    	
 32  	1.596800e+01	3.275666e-04	3.500000e+01	5.024683e+03	   nan    	
 33  	1.646300e+01	3.246584e-04	3.500000e+01	5.025178e+03	   nan    	
 34  	1.696300e+01	3.243429e-04	3.500000e+01	5.025678e+03	   nan    	
 35  	1.747000e+01	3.238363e-04	3.500000e+01	5.026185e+03	   nan    	
 36  	1.796800e+01	3.213228e-04	3.500000e+01	5.026683e+03	   nan    	
 37  	1.846900e+01	3.210606e-04	3.500000e+01	5.027184e+03	   nan    	
 38  	1.896800e+01	3.200582e-04	3.500000e+01	5.027683e+03	   nan    	
 39  	1.946400e+01	3.228653e-04	3.500000e+01	5.028179e+03	   nan    	
 40  	1.996100e+01	3.216273e-04	3.500000e+01	5.028676e+03	   nan    	
 41  	2.045800e+01	3.211031e-04	3.500000e+01	5.029173e+03	   nan    	
 42  	2.095900e+01	3.180956e-04	3.500000e+01	5.029674e+03	   nan    	
 43  	2.145600e+01	3.170095e-04	3.500000e+01	5.030171e+03	   nan    	
 44  	2.195100e+01	3.206570e-04	3.500000e+01	5.030666e+03	   nan    	
 45  	2.245300e+01	3.213591e-04	3.500000e+01	5.031168e+03	   nan    	
 46  	2.295000e+01	3.206892e-04	3.500000e+01	5.031665e+03	   nan    	
 47  	2.346100e+01	3.194658e-04	3.500000e+01	5.032176e+03	   nan    	
 48  	2.396600e+01	3.190041e-04	3.500000e+01	5.032681e+03	   nan    	
 49  	2.445800e+01	3.196737e-04	3.500000e+01	5.033173e+03	   nan    	
 50  	2.495700e+01	3.192110e-04	3.500000e+01	5.033672e+03	   nan    	
 51  	2.545600e+01	3.223541e-04	3.500000e+01	5.034171e+03	   nan    	
 52  	2.596000e+01	3.204936e-04	3.500000e+01	5.034675e+03	   nan    	
 53  	2.646500e+01	3.178280e-04	3.500000e+01	5.035180e+03	   nan    	
 54  	2.697700e+01	3.180811e-04	3.500000e+01	5.035692e+03	   nan    	
 55  	2.747200e+01	3.146922e-04	3.500000e+01	5.036187e+03	   nan    	
 56  	2.797300e+01	3.173063e-04	3.500000e+01	5.036688e+03	   nan    	
 57  	2.846700e+01	3.147067e-04	3.500000e+01	5.037182e+03	   nan    	
 58  	2.897000e+01	3.145147e-04	3.500000e+01	5.037685e+03	   nan    	
 59  	2.946500e+01	3.136501e-04	3.500000e+01	5.038180e+03	   nan    	
 60  	2.996100e+01	3.127363e-04	3.500000e+01	5.038676e+03	   nan    	
 61  	3.045700e+01	3.118489e-04	3.500000e+01	5.039172e+03	   nan    	
 62  	3.096200e+01	3.118874e-04	3.500000e+01	5.039677e+03	   nan    	
 63  	3.145900e+01	3.101750e-04	3.500000e+01	5.040174e+03	   nan    	
 64  	3.195600e+01	3.091081e-04	3.500000e+01	5.040671e+03	   nan    	
 65  	3.245500e+01	3.087547e-04	3.500000e+01	5.041170e+03	   nan    	
 66  	3.295800e+01	3.064499e-04	3.500000e+01	5.041673e+03	   nan    	
 67  	3.345200e+01	3.071236e-04	3.500000e+01	5.042167e+03	   nan    	
 68  	3.394600e+01	3.072208e-04	3.500000e+01	5.042661e+03	   nan    	
 69  	3.446700e+01	3.072573e-04	3.500000e+01	5.043182e+03	   nan    	
 70  	3.496300e+01	3.092616e-04	3.500000e+01	5.043678e+03	   nan    	
 71  	3.546100e+01	3.096706e-04	3.500000e+01	5.044176e+03	   nan    	
 72  	3.596700e+01	3.095698e-04	3.500000e+01	5.044682e+03	   nan    	
 73  	3.646100e+01	3.083145e-04	3.500000e+01	5.045176e+03	   nan    	
 74  	3.696500e+01	3.062136e-04	3.500000e+01	5.045680e+03	   nan    	
 75  	3.745900e+01	3.052981e-04	3.500000e+01	5.046174e+03	   nan    	
 76  	3.796000e+01	3.046445e-04	3.500000e+01	5.046675e+03	   nan    	
 77  	3.846400e+01	3.052495e-04	3.500000e+01	5.047179e+03	   nan    	
 78  	3.896300e+01	3.038147e-04	3.500000e+01	5.047678e+03	   nan    	
 79  	3.945900e+01	3.023782e-04	3.500000e+01	5.048174e+03	   nan    	
 80  	3.995700e+01	3.041436e-04	3.500000e+01	5.048672e+03	   nan    	
 81  	4.045900e+01	3.043357e-04	3.500000e+01	5.049174e+03	   nan    	
 82  	4.096300e+01	3.035354e-04	3.500000e+01	5.049678e+03	   nan    	
 83  	4.146300e+01	3.052485e-04	3.500000e+01	5.050178e+03	   nan    	
 84  	4.196400e+01	3.066091e-04	3.500000e+01	5.050679e+03	   nan    	
 85  	4.246500e+01	3.051296e-04	3.500000e+01	5.051180e+03	   nan    	
 86  	4.296200e+01	3.049260e-04	3.500000e+01	5.051677e+03	   nan    	
 87  	4.345800e+01	3.055443e-04	3.500000e+01	5.052173e+03	   nan    	
 88  	4.395400e+01	3.055468e-04	3.500000e+01	5.052669e+03	   nan    	
 89  	4.444900e+01	3.036956e-04	3.500000e+01	5.053164e+03	   nan    	
 90  	4.495500e+01	3.015449e-04	3.500000e+01	5.053670e+03	   nan    	
 91  	4.545600e+01	3.022639e-04	3.500000e+01	5.054171e+03	   nan    	
 92  	4.595100e+01	3.068884e-04	3.500000e+01	5.054666e+03	   nan    	
 93  	4.645300e+01	3.056465e-04	3.500000e+01	5.055168e+03	   nan    	
 94  	4.695600e+01	3.025386e-04	3.500000e+01	5.055671e+03	   nan    	
 95  	4.747200e+01	3.024298e-04	3.500000e+01	5.056187e+03	   nan    	
 96  	4.796500e+01	3.032484e-04	3.500000e+01	5.056680e+03	   nan    	
 97  	4.846300e+01	3.034628e-04	3.500000e+01	5.057178e+03	   nan    	
 98  	4.896500e+01	3.044229e-04	3.500000e+01	5.057680e+03	   nan    	
 99  	4.946600e+01	3.029946e-04	3.500000e+01	5.058181e+03	   nan    	
 100 	4.996500e+01	3.020259e-04	3.500000e+01	5.058680e+03	   nan    	
 101 	5.046800e+01	3.001132e-04	3.500000e+01	5.059183e+03	   nan    	
 102 	5.096300e+01	2.992203e-04	3.500000e+01	5.059678e+03	   nan    	
 103 	5.146600e+01	2.998082e-04	3.500000e+01	5.060181e+03	   nan    	
 104 	5.196800e+01	3.019312e-04	3.500000e+01	5.060683e+03	   nan    	
 105 	5.247000e+01	3.021751e-04	3.500000e+01	5.061185e+03	   nan    	
 106 	5.297200e+01	3.017210e-04	3.500000e+01	5.061687e+03	   nan    	
 107 	5.347000e+01	3.009556e-04	3.500000e+01	5.062185e+03	   nan    	
 108 	5.396300e+01	3.013957e-04	3.500000e+01	5.062678e+03	   nan    	
 109 	5.446700e+01	3.031418e-04	3.500000e+01	5.063182e+03	   nan    	
 110 	5.496800e+01	3.014259e-04	3.500000e+01	5.063683e+03	   nan    	
 111 	5.547000e+01	3.000362e-04	3.500000e+01	5.064185e+03	   nan    	
 112 	5.597200e+01	2.982767e-04	3.500000e+01	5.064687e+03	   nan    	
 113 	5.647300e+01	2.984870e-04	3.500000e+01	5.065188e+03	   nan    	
 114 	5.696800e+01	2.960008e-04	3.500000e+01	5.065683e+03	   nan    	
 115 	5.746800e+01	2.936866e-04	3.500000e+01	5.066183e+03	   nan    	
 116 	5.796400e+01	2.896255e-04	3.500000e+01	5.066679e+03	   nan    	
 117 	5.846300e+01	2.915386e-04	3.500000e+01	5.067178e+03	   nan    	
 118 	5.896300e+01	2.907110e-04	3.500000e+01	5.067678e+03	   nan    	
 119 	5.946000e+01	2.895554e-04	3.500000e+01	5.068175e+03	   nan    	
 120 	5.996300e+01	2.901104e-04	3.500000e+01	5.068678e+03	   nan    	
 121 	6.046000e+01	2.881449e-04	3.500000e+01	5.069175e+03	   nan    	
 122 	6.095900e+01	2.875237e-04	3.500000e+01	5.069674e+03	   nan    	
 123 	6.145800e+01	2.867168e-04	3.500000e+01	5.070173e+03	   nan    	
 124 	6.195400e+01	2.870453e-04	3.500000e+01	5.070669e+03	   nan    	
 125 	6.245000e+01	2.897096e-04	3.500000e+01	5.071165e+03	   nan    	
 126 	6.294600e+01	2.854232e-04	3.500000e+01	5.071661e+03	   nan    	
 127 	6.345000e+01	2.852715e-04	3.500000e+01	5.072165e+03	   nan    	
 128 	6.394500e+01	2.864382e-04	3.500000e+01	5.072660e+03	   nan    	
 129 	6.444900e+01	2.859615e-04	3.500000e+01	5.073164e+03	   nan    	
 130 	6.494600e+01	2.854454e-04	3.500000e+01	5.073661e+03	   nan    	
 131 	6.544000e+01	2.842124e-04	3.500000e+01	5.074155e+03	   nan    	
 132 	6.593800e+01	2.837826e-04	3.500000e+01	5.074653e+03	   nan    	
 133 	6.643900e+01	2.839370e-04	3.500000e+01	5.075154e+03	   nan    	
 134 	6.694000e+01	2.834157e-04	3.500000e+01	5.075655e+03	   nan    	
 135 	6.745000e+01	2.846680e-04	3.500000e+01	5.076165e+03	   nan    	
 136 	6.794000e+01	2.824616e-04	3.500000e+01	5.076655e+03	   nan    	
 137 	6.844200e+01	2.819488e-04	3.500000e+01	5.077157e+03	   nan    	
 138 	6.894300e+01	2.847074e-04	3.500000e+01	5.077658e+03	   nan    	
 139 	6.944200e+01	2.837517e-04	3.500000e+01	5.078157e+03	   nan    	
 140 	6.993800e+01	2.849408e-04	3.500000e+01	5.078653e+03	   nan    	
 141 	7.044200e+01	2.850321e-04	3.500000e+01	5.079157e+03	   nan    	
 142 	7.094300e+01	2.852632e-04	3.500000e+01	5.079658e+03	   nan    	
 143 	7.144300e+01	2.848420e-04	3.500000e+01	5.080158e+03	   nan    	
 144 	7.194500e+01	2.844567e-04	3.500000e+01	5.080660e+03	   nan    	
 145 	7.244300e+01	2.826265e-04	3.500000e+01	5.081158e+03	   nan    	
 146 	7.294600e+01	2.831007e-04	3.500000e+01	5.081661e+03	   nan    	
 147 	7.344300e+01	2.828458e-04	3.500000e+01	5.082158e+03	   nan    	
 148 	7.394200e+01	2.838294e-04	3.500000e+01	5.082657e+03	   nan    	
 149 	7.444200e+01	2.828520e-04	3.500000e+01	5.083157e+03	   nan    	
 150 	7.493500e+01	2.826745e-04	3.500000e+01	5.083650e+03	   nan    	
 151 	7.543100e+01	2.833335e-04	3.500000e+01	5.084146e+03	   nan    	
 152 	7.593000e+01	2.817761e-04	3.500000e+01	5.084645e+03	   nan    	
 153 	7.642700e+01	2.826202e-04	3.500000e+01	5.085142e+03	   nan    	
 154 	7.692500e+01	2.828134e-04	3.500000e+01	5.085640e+03	   nan    	
 155 	7.742700e+01	2.818687e-04	3.500000e+01	5.086142e+03	   nan    	
 156 	7.792800e+01	2.794519e-04	3.500000e+01	5.086643e+03	   nan    	
 157 	7.842500e+01	2.794142e-04	3.500000e+01	5.087140e+03	   nan    	
 158 	7.892600e+01	2.792985e-04	3.500000e+01	5.087641e+03	   nan    	
 159 	7.942300e+01	2.789088e-04	3.500000e+01	5.088138e+03	   nan    	
 160 	7.992300e+01	2.765301e-04	3.500000e+01	5.088638e+03	   nan    	
 161 	8.042100e+01	2.776096e-04	3.500000e+01	5.089136e+03	   nan    	
 162 	8.091600e+01	2.774335e-04	3.500000e+01	5.089631e+03	   nan    	
 163 	8.143300e+01	2.759017e-04	3.500000e+01	5.090148e+03	   nan    	
 164 	8.192900e+01	2.758068e-04	3.500000e+01	5.090644e+03	   nan    	
 165 	8.243400e+01	2.762544e-04	3.500000e+01	5.091149e+03	   nan    	
 166 	8.293600e+01	2.745546e-04	3.500000e+01	5.091651e+03	   nan    	
 167 	8.343700e+01	2.744667e-04	3.500000e+01	5.092152e+03	   nan    	
 168 	8.393100e+01	2.752239e-04	3.500000e+01	5.092646e+03	   nan    	
 169 	8.443100e+01	2.752745e-04	3.500000e+01	5.093146e+03	   nan    	
 170 	8.493300e+01	2.745318e-04	3.500000e+01	5.093648e+03	   nan    	
 171 	8.543700e+01	2.735568e-04	3.500000e+01	5.094152e+03	   nan    	
 172 	8.593400e+01	2.734665e-04	3.500000e+01	5.094649e+03	   nan    	
 173 	8.644200e+01	2.732696e-04	3.500000e+01	5.095157e+03	   nan    	
 174 	8.693200e+01	2.733994e-04	3.500000e+01	5.095647e+03	   nan    	
 175 	8.743000e+01	2.722963e-04	3.500000e+01	5.096145e+03	   nan    	
 176 	8.792500e+01	2.714892e-04	3.500000e+01	5.096640e+03	   nan    	
 177 	8.843000e+01	2.702356e-04	3.500000e+01	5.097145e+03	   nan    	
 178 	8.892100e+01	2.685765e-04	3.500000e+01	5.097636e+03	   nan    	
 179 	8.942400e+01	2.711898e-04	3.500000e+01	5.098139e+03	   nan    	
 180 	8.991900e+01	2.725811e-04	3.500000e+01	5.098634e+03	   nan    	
 181 	9.042000e+01	2.703100e-04	3.500000e+01	5.099135e+03	   nan    	
 182 	9.091400e+01	2.710308e-04	3.500000e+01	5.099629e+03	   nan    	
 183 	9.140800e+01	2.717545e-04	3.500000e+01	5.100123e+03	   nan    	
 184 	9.191300e+01	2.709527e-04	3.500000e+01	5.100628e+03	   nan    	
 185 	9.240600e+01	2.706293e-04	3.500000e+01	5.101121e+03	   nan    	
 186 	9.290500e+01	2.699262e-04	3.500000e+01	5.101620e+03	   nan    	
 187 	9.340800e+01	2.706921e-04	3.500000e+01	5.102123e+03	   nan    	
 188 	9.390400e+01	2.703972e-04	3.500000e+01	5.102619e+03	   nan    	
 189 	9.439600e+01	2.706953e-04	3.500000e+01	5.103111e+03	   nan    	
 190 	9.489500e+01	2.696275e-04	3.500000e+01	5.103610e+03	   nan    	
 191 	9.539200e+01	2.693015e-04	3.500000e+01	5.104107e+03	   nan    	
 192 	9.589500e+01	2.725116e-04	3.500000e+01	5.104610e+03	   nan    	
 193 	9.639600e+01	2.706822e-04	3.500000e+01	5.105111e+03	   nan    	
 194 	9.689800e+01	2.687570e-04	3.500000e+01	5.105613e+03	   nan    	
 195 	9.740100e+01	2.685253e-04	3.500000e+01	5.106116e+03	   nan    	
 196 	9.790200e+01	2.679676e-04	3.500000e+01	5.106617e+03	   nan    	
 197 	9.840500e+01	2.677512e-04	3.500000e+01	5.107120e+03	   nan    	
 198 	9.890200e+01	2.684018e-04	3.500000e+01	5.107617e+03	   nan    	
 199 	9.940500e+01	2.676919e-04	3.500000e+01	5.108120e+03	   nan    	
 200 	9.989900e+01	2.670761e-04	3.500000e+01	5.108614e+03	   nan    	
 201 	1.003950e+02	2.646724e-04	3.500000e+01	5.109110e+03	   nan    	
 202 	1.008920e+02	2.637653e-04	3.500000e+01	5.109607e+03	   nan    	
 203 	1.013930e+02	2.655101e-04	3.500000e+01	5.110108e+03	   nan    	
 204 	1.018910e+02	2.655896e-04	3.500000e+01	5.110606e+03	   nan    	
 205 	1.023930e+02	2.670799e-04	3.500000e+01	5.111108e+03	   nan    	
 206 	1.028940e+02	2.652773e-04	3.500000e+01	5.111609e+03	   nan    	
 207 	1.033900e+02	2.668150e-04	3.500000e+01	5.112105e+03	   nan    	
 208 	1.038970e+02	2.667954e-04	3.500000e+01	5.112612e+03	   nan    	
 209 	1.043870e+02	2.693339e-04	3.500000e+01	5.113102e+03	   nan    	
 210 	1.048970e+02	2.681476e-04	3.500000e+01	5.113612e+03	   nan    	
 211 	1.053840e+02	2.677055e-04	3.500000e+01	5.114099e+03	   nan    	
 212 	1.058820e+02	2.677676e-04	3.500000e+01	5.114597e+03	   nan    	
 213 	1.063850e+02	2.667261e-04	3.500000e+01	5.115100e+03	   nan    	
 214 	1.068830e+02	2.656565e-04	3.500000e+01	5.115598e+03	   nan    	
 215 	1.073800e+02	2.642754e-04	3.500000e+01	5.116095e+03	   nan    	
 216 	1.078840e+02	2.630284e-04	3.500000e+01	5.116599e+03	   nan    	
 217 	1.083830e+02	2.628670e-04	3.500000e+01	5.117098e+03	   nan    	
 218 	1.088830e+02	2.634427e-04	3.500000e+01	5.117598e+03	   nan    	
 219 	1.093810e+02	2.633449e-04	3.500000e+01	5.118096e+03	   nan    	
 220 	1.098840e+02	2.618665e-04	3.500000e+01	5.118599e+03	   nan    	
 221 	1.103880e+02	2.633063e-04	3.500000e+01	5.119103e+03	   nan    	
 222 	1.109090e+02	2.640953e-04	3.500000e+01	5.119624e+03	   nan    	
 223 	1.113870e+02	2.637396e-04	3.500000e+01	5.120102e+03	   nan    	
 224 	1.118870e+02	2.639014e-04	3.500000e+01	5.120602e+03	   nan    	
 225 	1.123830e+02	2.627934e-04	3.500000e+01	5.121098e+03	   nan    	
 226 	1.128780e+02	2.627815e-04	3.500000e+01	5.121593e+03	   nan    	
 227 	1.133800e+02	2.610916e-04	3.500000e+01	5.122095e+03	   nan    	
 228 	1.138840e+02	2.593624e-04	3.500000e+01	5.122599e+03	   nan    	
 229 	1.143850e+02	2.603488e-04	3.500000e+01	5.123100e+03	   nan    	
 230 	1.148800e+02	2.594251e-04	3.500000e+01	5.123595e+03	   nan    	
 231 	1.153750e+02	2.606026e-04	3.500000e+01	5.124090e+03	   nan    	
 232 	1.158720e+02	2.596353e-04	3.500000e+01	5.124587e+03	   nan    	
 233 	1.163700e+02	2.593819e-04	3.500000e+01	5.125085e+03	   nan    	
 234 	1.168730e+02	2.586205e-04	3.500000e+01	5.125588e+03	   nan    	
 235 	1.173700e+02	2.617534e-04	3.500000e+01	5.126085e+03	   nan    	
 236 	1.178680e+02	2.579766e-04	3.500000e+01	5.126583e+03	   nan    	
 237 	1.183680e+02	2.618751e-04	3.500000e+01	5.127083e+03	   nan    	
 238 	1.188630e+02	2.631226e-04	3.500000e+01	5.127578e+03	   nan    	
 239 	1.193740e+02	2.616239e-04	3.500000e+01	5.128089e+03	   nan    	
 240 	1.198530e+02	2.593112e-04	3.500000e+01	5.128568e+03	   nan    	
 241 	1.203500e+02	2.587984e-04	3.500000e+01	5.129065e+03	   nan    	
 242 	1.208460e+02	2.582100e-04	3.500000e+01	5.129561e+03	   nan    	
 243 	1.213690e+02	2.564607e-04	3.500000e+01	5.130084e+03	   nan    	
 244 	1.218480e+02	2.558570e-04	3.500000e+01	5.130563e+03	   nan    	
 245 	1.223490e+02	2.560544e-04	3.500000e+01	5.131064e+03	   nan    	
 246 	1.228460e+02	2.538325e-04	3.500000e+01	5.131561e+03	   nan    	
 247 	1.233470e+02	2.549074e-04	3.500000e+01	5.132062e+03	   nan    	
 248 	1.238510e+02	2.538344e-04	3.500000e+01	5.132566e+03	   nan    	
 249 	1.243440e+02	2.519269e-04	3.500000e+01	5.133059e+03	   nan    	
 250 	1.248480e+02	2.528380e-04	3.500000e+01	5.133563e+03	   nan    	
 251 	1.253440e+02	2.526871e-04	3.500000e+01	5.134059e+03	   nan    	
 252 	1.258390e+02	2.559816e-04	3.500000e+01	5.134554e+03	   nan    	
 253 	1.263390e+02	2.575478e-04	3.500000e+01	5.135054e+03	   nan    	
 254 	1.268370e+02	2.559788e-04	3.500000e+01	5.135552e+03	   nan    	
 255 	1.273380e+02	2.557861e-04	3.500000e+01	5.136053e+03	   nan    	
 256 	1.278320e+02	2.544579e-04	3.500000e+01	5.136547e+03	   nan    	
 257 	1.283410e+02	2.546143e-04	3.500000e+01	5.137056e+03	   nan    	
 258 	1.288320e+02	2.547677e-04	3.500000e+01	5.137547e+03	   nan    	
 259 	1.293310e+02	2.549415e-04	3.500000e+01	5.138046e+03	   nan    	
 260 	1.298320e+02	2.551992e-04	3.500000e+01	5.138547e+03	   nan    	
 261 	1.303320e+02	2.530820e-04	3.500000e+01	5.139047e+03	   nan    	
 262 	1.308270e+02	2.530357e-04	3.500000e+01	5.139542e+03	   nan    	
 263 	1.313250e+02	2.521453e-04	3.500000e+01	5.140040e+03	   nan    	
 264 	1.318270e+02	2.523797e-04	3.500000e+01	5.140542e+03	   nan    	
 265 	1.323150e+02	2.541924e-04	3.500000e+01	5.141030e+03	   nan    	
 266 	1.328160e+02	2.528827e-04	3.500000e+01	5.141531e+03	   nan    	
 267 	1.333190e+02	2.524684e-04	3.500000e+01	5.142034e+03	   nan    	
 268 	1.338140e+02	2.560367e-04	3.500000e+01	5.142529e+03	   nan    	
 269 	1.343100e+02	2.593450e-04	3.500000e+01	5.143025e+03	   nan    	
 270 	1.348090e+02	2.580190e-04	3.500000e+01	5.143524e+03	   nan    	
 271 	1.353120e+02	2.578796e-04	3.500000e+01	5.144027e+03	   nan    	
 272 	1.358100e+02	2.566183e-04	3.500000e+01	5.144525e+03	   nan    	
 273 	1.363050e+02	2.567145e-04	3.500000e+01	5.145020e+03	   nan    	
 274 	1.368080e+02	2.564474e-04	3.500000e+01	5.145523e+03	   nan    	
 275 	1.373060e+02	2.556140e-04	3.500000e+01	5.146021e+03	   nan    	
 276 	1.378050e+02	2.557148e-04	3.500000e+01	5.146520e+03	   nan    	
 277 	1.383060e+02	2.537687e-04	3.500000e+01	5.147021e+03	   nan    	
 278 	1.388050e+02	2.537785e-04	3.500000e+01	5.147520e+03	   nan    	
 279 	1.392980e+02	2.549991e-04	3.500000e+01	5.148013e+03	   nan    	
 280 	1.397950e+02	2.537791e-04	3.500000e+01	5.148510e+03	   nan    	
 281 	1.402930e+02	2.530166e-04	3.500000e+01	5.149008e+03	   nan    	
 282 	1.407940e+02	2.526579e-04	3.500000e+01	5.149509e+03	   nan    	
 283 	1.413010e+02	2.544932e-04	3.500000e+01	5.150016e+03	   nan    	
 284 	1.417890e+02	2.527047e-04	3.500000e+01	5.150504e+03	   nan    	
 285 	1.422870e+02	2.533867e-04	3.500000e+01	5.151002e+03	   nan    	
 286 	1.427850e+02	2.530133e-04	3.500000e+01	5.151500e+03	   nan    	
 287 	1.432770e+02	2.527339e-04	3.500000e+01	5.151992e+03	   nan    	
 288 	1.437750e+02	2.523517e-04	3.500000e+01	5.152490e+03	   nan    	
 289 	1.442650e+02	2.515073e-04	3.500000e+01	5.152980e+03	   nan    	
 290 	1.447650e+02	2.512780e-04	3.500000e+01	5.153480e+03	   nan    	
 291 	1.452650e+02	2.511891e-04	3.500000e+01	5.153980e+03	   nan    	
 292 	1.457660e+02	2.528745e-04	3.500000e+01	5.154481e+03	   nan    	
 293 	1.462670e+02	2.535153e-04	3.500000e+01	5.154982e+03	   nan    	
 294 	1.467640e+02	2.524408e-04	3.500000e+01	5.155479e+03	   nan    	
 295 	1.472580e+02	2.513225e-04	3.500000e+01	5.155973e+03	   nan    	
 296 	1.477630e+02	2.504205e-04	3.500000e+01	5.156478e+03	   nan    	
 297 	1.482610e+02	2.496495e-04	3.500000e+01	5.156976e+03	   nan    	
 298 	1.487560e+02	2.512405e-04	3.500000e+01	5.157471e+03	   nan    	
 299 	1.492590e+02	2.489043e-04	3.500000e+01	5.157974e+03	   nan    	
 300 	1.497580e+02	2.496221e-04	3.500000e+01	5.158473e+03	   nan    	
 301 	1.502590e+02	2.499784e-04	3.500000e+01	5.158974e+03	   nan    	
 302 	1.507640e+02	2.485451e-04	3.500000e+01	5.159479e+03	   nan    	
 303 	1.512620e+02	2.484797e-04	3.500000e+01	5.159977e+03	   nan    	
 304 	1.517630e+02	2.466295e-04	3.500000e+01	5.160478e+03	   nan    	
 305 	1.522580e+02	2.459807e-04	3.500000e+01	5.160973e+03	   nan    	
 306 	1.527590e+02	2.463983e-04	3.500000e+01	5.161474e+03	   nan    	
 307 	1.532630e+02	2.466037e-04	3.500000e+01	5.161978e+03	   nan    	
 308 	1.537640e+02	2.465177e-04	3.500000e+01	5.162479e+03	   nan    	
 309 	1.542630e+02	2.442636e-04	3.500000e+01	5.162978e+03	   nan    	
 310 	1.547620e+02	2.435601e-04	3.500000e+01	5.163477e+03	   nan    	
 311 	1.552560e+02	2.423674e-04	3.500000e+01	5.163971e+03	   nan    	
 312 	1.557570e+02	2.425063e-04	3.500000e+01	5.164472e+03	   nan    	
 313 	1.562580e+02	2.427275e-04	3.500000e+01	5.164973e+03	   nan    	
 314 	1.567590e+02	2.431043e-04	3.500000e+01	5.165474e+03	   nan    	
 315 	1.572560e+02	2.434732e-04	3.500000e+01	5.165971e+03	   nan    	
 316 	1.577610e+02	2.419955e-04	3.500000e+01	5.166476e+03	   nan    	
 317 	1.582520e+02	2.414492e-04	3.500000e+01	5.166967e+03	   nan    	
 318 	1.587500e+02	2.403310e-04	3.500000e+01	5.167465e+03	   nan    	
 319 	1.592490e+02	2.417007e-04	3.500000e+01	5.167964e+03	   nan    	
 320 	1.597470e+02	2.421423e-04	3.500000e+01	5.168462e+03	   nan    	
 321 	1.602480e+02	2.414598e-04	3.500000e+01	5.168963e+03	   nan    	
 322 	1.607430e+02	2.443441e-04	3.500000e+01	5.169458e+03	   nan    	
 323 	1.612430e+02	2.426322e-04	3.500000e+01	5.169958e+03	   nan    	
 324 	1.617370e+02	2.419167e-04	3.500000e+01	5.170452e+03	   nan    	
 325 	1.622310e+02	2.418202e-04	3.500000e+01	5.170946e+03	   nan    	
 326 	1.627270e+02	2.467594e-04	3.500000e+01	5.171442e+03	   nan    	
 327 	1.632230e+02	2.454865e-04	3.500000e+01	5.171938e+03	   nan    	
 328 	1.637230e+02	2.450562e-04	3.500000e+01	5.172438e+03	   nan    	
 329 	1.642230e+02	2.464688e-04	3.500000e+01	5.172938e+03	   nan    	
 330 	1.647270e+02	2.451813e-04	3.500000e+01	5.173442e+03	   nan    	
 331 	1.652270e+02	2.456370e-04	3.500000e+01	5.173942e+03	   nan    	
 332 	1.657200e+02	2.439965e-04	3.500000e+01	5.174435e+03	   nan    	
 333 	1.662190e+02	2.448287e-04	3.500000e+01	5.174934e+03	   nan    	
 334 	1.667200e+02	2.452040e-04	3.500000e+01	5.175435e+03	   nan    	
 335 	1.672240e+02	2.444980e-04	3.500000e+01	5.175939e+03	   nan    	
 336 	1.677290e+02	2.438060e-04	3.500000e+01	5.176444e+03	   nan    	
 337 	1.682280e+02	2.444968e-04	3.500000e+01	5.176943e+03	   nan    	
 338 	1.687300e+02	2.443611e-04	3.500000e+01	5.177445e+03	   nan    	
 339 	1.692260e+02	2.436702e-04	3.500000e+01	5.177941e+03	   nan    	
 340 	1.697360e+02	2.431079e-04	3.500000e+01	5.178451e+03	   nan    	
 341 	1.702260e+02	2.428443e-04	3.500000e+01	5.178941e+03	   nan    	
 342 	1.707290e+02	2.418308e-04	3.500000e+01	5.179444e+03	   nan    	
 343 	1.712270e+02	2.417615e-04	3.500000e+01	5.179942e+03	   nan    	
 344 	1.717300e+02	2.420897e-04	3.500000e+01	5.180445e+03	   nan    	
 345 	1.722230e+02	2.416754e-04	3.500000e+01	5.180938e+03	   nan    	
 346 	1.727220e+02	2.410322e-04	3.500000e+01	5.181437e+03	   nan    	
 347 	1.732220e+02	2.420046e-04	3.500000e+01	5.181937e+03	   nan    	
 348 	1.737230e+02	2.414659e-04	3.500000e+01	5.182438e+03	   nan    	
 349 	1.742250e+02	2.397568e-04	3.500000e+01	5.182940e+03	   nan    	
 350 	1.747250e+02	2.384578e-04	3.500000e+01	5.183440e+03	   nan    	
 351 	1.752300e+02	2.374240e-04	3.500000e+01	5.183945e+03	   nan    	
 352 	1.757300e+02	2.370556e-04	3.500000e+01	5.184445e+03	   nan    	
 353 	1.762260e+02	2.361779e-04	3.500000e+01	5.184941e+03	   nan    	
 354 	1.767270e+02	2.374527e-04	3.500000e+01	5.185442e+03	   nan    	
 355 	1.772290e+02	2.367742e-04	3.500000e+01	5.185944e+03	   nan    	
 356 	1.777280e+02	2.365452e-04	3.500000e+01	5.186443e+03	   nan    	
 357 	1.782280e+02	2.352314e-04	3.500000e+01	5.186943e+03	   nan    	
 358 	1.787250e+02	2.367288e-04	3.500000e+01	5.187440e+03	   nan    	
 359 	1.792280e+02	2.362443e-04	3.500000e+01	5.187943e+03	   nan    	
 360 	1.797250e+02	2.369446e-04	3.500000e+01	5.188440e+03	   nan    	
 361 	1.802210e+02	2.353522e-04	3.500000e+01	5.188936e+03	   nan    	
 362 	1.807170e+02	2.353823e-04	3.500000e+01	5.189432e+03	   nan    	
 363 	1.812170e+02	2.364172e-04	3.500000e+01	5.189932e+03	   nan    	
 364 	1.817130e+02	2.357459e-04	3.500000e+01	5.190428e+03	   nan    	
 365 	1.822160e+02	2.354591e-04	3.500000e+01	5.190931e+03	   nan    	
 366 	1.827100e+02	2.355661e-04	3.500000e+01	5.191425e+03	   nan    	
 367 	1.832110e+02	2.356012e-04	3.500000e+01	5.191926e+03	   nan    	
 368 	1.837080e+02	2.343208e-04	3.500000e+01	5.192423e+03	   nan    	
 369 	1.842100e+02	2.342310e-04	3.500000e+01	5.192925e+03	   nan    	
 370 	1.847120e+02	2.334358e-04	3.500000e+01	5.193427e+03	   nan    	
 371 	1.852200e+02	2.352971e-04	3.500000e+01	5.193935e+03	   nan    	
 372 	1.857230e+02	2.350395e-04	3.500000e+01	5.194438e+03	   nan    	
 373 	1.862250e+02	2.343248e-04	3.500000e+01	5.194940e+03	   nan    	
 374 	1.867230e+02	2.341904e-04	3.500000e+01	5.195438e+03	   nan    	
 375 	1.872190e+02	2.329391e-04	3.500000e+01	5.195934e+03	   nan    	
 376 	1.877240e+02	2.341241e-04	3.500000e+01	5.196439e+03	   nan    	
 377 	1.882240e+02	2.332536e-04	3.500000e+01	5.196939e+03	   nan    	
 378 	1.887220e+02	2.323779e-04	3.500000e+01	5.197437e+03	   nan    	
 379 	1.892210e+02	2.323518e-04	3.500000e+01	5.197936e+03	   nan    	
 380 	1.897220e+02	2.325456e-04	3.500000e+01	5.198437e+03	   nan    	
 381 	1.902220e+02	2.318018e-04	3.500000e+01	5.198937e+03	   nan    	
 382 	1.907130e+02	2.308766e-04	3.500000e+01	5.199428e+03	   nan    	
 383 	1.912130e+02	2.322119e-04	3.500000e+01	5.199928e+03	   nan    	
 384 	1.917100e+02	2.314270e-04	3.500000e+01	5.200425e+03	   nan    	
 385 	1.922110e+02	2.306374e-04	3.500000e+01	5.200926e+03	   nan    	
 386 	1.927070e+02	2.304141e-04	3.500000e+01	5.201422e+03	   nan    	
 387 	1.932060e+02	2.305752e-04	3.500000e+01	5.201921e+03	   nan    	
 388 	1.937080e+02	2.299186e-04	3.500000e+01	5.202423e+03	   nan    	
 389 	1.942040e+02	2.302969e-04	3.500000e+01	5.202919e+03	   nan    	
 390 	1.947010e+02	2.287718e-04	3.500000e+01	5.203416e+03	   nan    	
 391 	1.952030e+02	2.285208e-04	3.500000e+01	5.203918e+03	   nan    	
 392 	1.957000e+02	2.297262e-04	3.500000e+01	5.204415e+03	   nan    	
 393 	1.962020e+02	2.295468e-04	3.500000e+01	5.204917e+03	   nan    	
 394 	1.967080e+02	2.307101e-04	3.500000e+01	5.205423e+03	   nan    	
 395 	1.972190e+02	2.307979e-04	3.500000e+01	5.205934e+03	   nan    	
 396 	1.977300e+02	2.308480e-04	3.500000e+01	5.206445e+03	   nan    	
 397 	1.982230e+02	2.311412e-04	3.500000e+01	5.206938e+03	   nan    	
 398 	1.987240e+02	2.305852e-04	3.500000e+01	5.207439e+03	   nan    	
 399 	1.992200e+02	2.333662e-04	3.500000e+01	5.207935e+03	   nan    	
 400 	1.997170e+02	2.324152e-04	3.500000e+01	5.208432e+03	   nan    	
 401 	2.002200e+02	2.321310e-04	3.500000e+01	5.208935e+03	   nan    	
 402 	2.007260e+02	2.316927e-04	3.500000e+01	5.209441e+03	   nan    	
 403 	2.012280e+02	2.320628e-04	3.500000e+01	5.209943e+03	   nan    	
 404 	2.017300e+02	2.311453e-04	3.500000e+01	5.210445e+03	   nan    	
 405 	2.022260e+02	2.307807e-04	3.500000e+01	5.210941e+03	   nan    	
 406 	2.027270e+02	2.302191e-04	3.500000e+01	5.211442e+03	   nan    	
 407 	2.032260e+02	2.298394e-04	3.500000e+01	5.211941e+03	   nan    	
 408 	2.037280e+02	2.314446e-04	3.500000e+01	5.212443e+03	   nan    	
 409 	2.042310e+02	2.313459e-04	3.500000e+01	5.212946e+03	   nan    	
 410 	2.047320e+02	2.306643e-04	3.500000e+01	5.213447e+03	   nan    	
 411 	2.052330e+02	2.323188e-04	3.500000e+01	5.213948e+03	   nan    	
 412 	2.057280e+02	2.312947e-04	3.500000e+01	5.214443e+03	   nan    	
 413 	2.062250e+02	2.322653e-04	3.500000e+01	5.214940e+03	   nan    	
 414 	2.067240e+02	2.313283e-04	3.500000e+01	5.215439e+03	   nan    	
 415 	2.072260e+02	2.300092e-04	3.500000e+01	5.215941e+03	   nan    	
 416 	2.077220e+02	2.287373e-04	3.500000e+01	5.216437e+03	   nan    	
 417 	2.082230e+02	2.281160e-04	3.500000e+01	5.216938e+03	   nan    	
 418 	2.087240e+02	2.277862e-04	3.500000e+01	5.217439e+03	   nan    	
 419 	2.092260e+02	2.293604e-04	3.500000e+01	5.217941e+03	   nan    	
 420 	2.097220e+02	2.292860e-04	3.500000e+01	5.218437e+03	   nan    	
 421 	2.102190e+02	2.293327e-04	3.500000e+01	5.218934e+03	   nan    	
 422 	2.107130e+02	2.299670e-04	3.500000e+01	5.219428e+03	   nan    	
 423 	2.112140e+02	2.302216e-04	3.500000e+01	5.219929e+03	   nan    	
 424 	2.117090e+02	2.283940e-04	3.500000e+01	5.220424e+03	   nan    	
 425 	2.122110e+02	2.290877e-04	3.500000e+01	5.220926e+03	   nan    	
 426 	2.127060e+02	2.295382e-04	3.500000e+01	5.221421e+03	   nan    	
 427 	2.132050e+02	2.308031e-04	3.500000e+01	5.221920e+03	   nan    	
 428 	2.136990e+02	2.301085e-04	3.500000e+01	5.222414e+03	   nan    	
 429 	2.142040e+02	2.304616e-04	3.500000e+01	5.222919e+03	   nan    	
 430 	2.147020e+02	2.291766e-04	3.500000e+01	5.223417e+03	   nan    	
 431 	2.151990e+02	2.294580e-04	3.500000e+01	5.223914e+03	   nan    	
 432 	2.156950e+02	2.286707e-04	3.500000e+01	5.224410e+03	   nan    	
 433 	2.161950e+02	2.290396e-04	3.500000e+01	5.224910e+03	   nan    	
 434 	2.166950e+02	2.276922e-04	3.500000e+01	5.225410e+03	   nan    	
 435 	2.171930e+02	2.290412e-04	3.500000e+01	5.225908e+03	   nan    	
 436 	2.176940e+02	2.280657e-04	3.500000e+01	5.226409e+03	   nan    	
 437 	2.181880e+02	2.274537e-04	3.500000e+01	5.226903e+03	   nan    	
 438 	2.186870e+02	2.274702e-04	3.500000e+01	5.227402e+03	   nan    	
 439 	2.191840e+02	2.269006e-04	3.500000e+01	5.227899e+03	   nan    	
 440 	2.196800e+02	2.267833e-04	3.500000e+01	5.228395e+03	   nan    	
 441 	2.201810e+02	2.258968e-04	3.500000e+01	5.228896e+03	   nan    	
 442 	2.206830e+02	2.268906e-04	3.500000e+01	5.229398e+03	   nan    	
 443 	2.211790e+02	2.249415e-04	3.500000e+01	5.229894e+03	   nan    	
 444 	2.216730e+02	2.240329e-04	3.500000e+01	5.230388e+03	   nan    	
 445 	2.221750e+02	2.248595e-04	3.500000e+01	5.230890e+03	   nan    	
 446 	2.226760e+02	2.248229e-04	3.500000e+01	5.231391e+03	   nan    	
 447 	2.231740e+02	2.234115e-04	3.500000e+01	5.231889e+03	   nan    	
 448 	2.236720e+02	2.238057e-04	3.500000e+01	5.232387e+03	   nan    	
 449 	2.241720e+02	2.230454e-04	3.500000e+01	5.232887e+03	   nan    	
 450 	2.246630e+02	2.217826e-04	3.500000e+01	5.233378e+03	   nan    	
 451 	2.251630e+02	2.224278e-04	3.500000e+01	5.233878e+03	   nan    	
 452 	2.256610e+02	2.222470e-04	3.500000e+01	5.234376e+03	   nan    	
 453 	2.261620e+02	2.219412e-04	3.500000e+01	5.234877e+03	   nan    	
 454 	2.266580e+02	2.220228e-04	3.500000e+01	5.235373e+03	   nan    	
 455 	2.271510e+02	2.260948e-04	3.500000e+01	5.235866e+03	   nan    	
 456 	2.276470e+02	2.235446e-04	3.500000e+01	5.236362e+03	   nan    	
 457 	2.281430e+02	2.232130e-04	3.500000e+01	5.236858e+03	   nan    	
 458 	2.286430e+02	2.225251e-04	3.500000e+01	5.237358e+03	   nan    	
 459 	2.291470e+02	2.262825e-04	3.500000e+01	5.237862e+03	   nan    	
 460 	2.296490e+02	2.269414e-04	3.500000e+01	5.238364e+03	   nan    	
 461 	2.301450e+02	2.260891e-04	3.500000e+01	5.238860e+03	   nan    	
 462 	2.306470e+02	2.255888e-04	3.500000e+01	5.239362e+03	   nan    	
 463 	2.311410e+02	2.255854e-04	3.500000e+01	5.239856e+03	   nan    	
 464 	2.316360e+02	2.237156e-04	3.500000e+01	5.240351e+03	   nan    	
 465 	2.321350e+02	2.236017e-04	3.500000e+01	5.240850e+03	   nan    	
 466 	2.326370e+02	2.229278e-04	3.500000e+01	5.241352e+03	   nan    	
 467 	2.331350e+02	2.221509e-04	3.500000e+01	5.241850e+03	   nan    	
 468 	2.336370e+02	2.218072e-04	3.500000e+01	5.242352e+03	   nan    	
 469 	2.341300e+02	2.213606e-04	3.500000e+01	5.242845e+03	   nan    	
 470 	2.346340e+02	2.213869e-04	3.500000e+01	5.243349e+03	   nan    	
 471 	2.351280e+02	2.223705e-04	3.500000e+01	5.243843e+03	   nan    	
 472 	2.356330e+02	2.221341e-04	3.500000e+01	5.244348e+03	   nan    	
 473 	2.361330e+02	2.216569e-04	3.500000e+01	5.244848e+03	   nan    	
 474 	2.366320e+02	2.216196e-04	3.500000e+01	5.245347e+03	   nan    	
 475 	2.371330e+02	2.206393e-04	3.500000e+01	5.245848e+03	   nan    	
 476 	2.376270e+02	2.208202e-04	3.500000e+01	5.246342e+03	   nan    	
 477 	2.381240e+02	2.235704e-04	3.500000e+01	5.246839e+03	   nan    	
 478 	2.386300e+02	2.236246e-04	3.500000e+01	5.247345e+03	   nan    	
 479 	2.391230e+02	2.259946e-04	3.500000e+01	5.247838e+03	   nan    	
 480 	2.396180e+02	2.245236e-04	3.500000e+01	5.248333e+03	   nan    	
 481 	2.401160e+02	2.244130e-04	3.500000e+01	5.248831e+03	   nan    	
 482 	2.406180e+02	2.238388e-04	3.500000e+01	5.249333e+03	   nan    	
 483 	2.411160e+02	2.232462e-04	3.500000e+01	5.249831e+03	   nan    	
 484 	2.416230e+02	2.217151e-04	3.500000e+01	5.250338e+03	   nan    	
 485 	2.421180e+02	2.204123e-04	3.500000e+01	5.250833e+03	   nan    	
 486 	2.426200e+02	2.200349e-04	3.500000e+01	5.251335e+03	   nan    	
 487 	2.431160e+02	2.207682e-04	3.500000e+01	5.251831e+03	   nan    	
 488 	2.436130e+02	2.225089e-04	3.500000e+01	5.252328e+03	   nan    	
 489 	2.441290e+02	2.219159e-04	3.500000e+01	5.252844e+03	   nan    	
 490 	2.446220e+02	2.224701e-04	3.500000e+01	5.253337e+03	   nan    	
 491 	2.451190e+02	2.218362e-04	3.500000e+01	5.253834e+03	   nan    	
 492 	2.456130e+02	2.208425e-04	3.500000e+01	5.254328e+03	   nan    	
 493 	2.461230e+02	2.203318e-04	3.500000e+01	5.254838e+03	   nan    	
 494 	2.466160e+02	2.198907e-04	3.500000e+01	5.255331e+03	   nan    	
 495 	2.471100e+02	2.191634e-04	3.500000e+01	5.255825e+03	   nan    	
 496 	2.476130e+02	2.212071e-04	3.500000e+01	5.256328e+03	   nan    	
 497 	2.481120e+02	2.215380e-04	3.500000e+01	5.256827e+03	   nan    	
 498 	2.486240e+02	2.218497e-04	3.500000e+01	5.257339e+03	   nan    	
 499 	2.491280e+02	2.215583e-04	3.500000e+01	5.257843e+03	   nan    	
 500 	2.496290e+02	2.197001e-04	3.500000e+01	5.258344e+03	   nan    	
 501 	2.501260e+02	2.267374e-04	3.500000e+01	5.258841e+03	   nan    	
 502 	2.506220e+02	2.252594e-04	3.500000e+01	5.259337e+03	   nan    	
 503 	2.511230e+02	2.242001e-04	3.500000e+01	5.259838e+03	   nan    	
 504 	2.516170e+02	2.235827e-04	3.500000e+01	5.260332e+03	   nan    	
 505 	2.521150e+02	2.236904e-04	3.500000e+01	5.260830e+03	   nan    	
 506 	2.526160e+02	2.229790e-04	3.500000e+01	5.261331e+03	   nan    	
 507 	2.531280e+02	2.213187e-04	3.500000e+01	5.261843e+03	   nan    	
 508 	2.536300e+02	2.210561e-04	3.500000e+01	5.262345e+03	   nan    	
 509 	2.541230e+02	2.207156e-04	3.500000e+01	5.262838e+03	   nan    	
 510 	2.546260e+02	2.213809e-04	3.500000e+01	5.263341e+03	   nan    	
 511 	2.551250e+02	2.199165e-04	3.500000e+01	5.263840e+03	   nan    	
 512 	2.556270e+02	2.208314e-04	3.500000e+01	5.264342e+03	   nan    	
 513 	2.561250e+02	2.199377e-04	3.500000e+01	5.264840e+03	   nan    	
 514 	2.566210e+02	2.198701e-04	3.500000e+01	5.265336e+03	   nan    	
 515 	2.571240e+02	2.188536e-04	3.500000e+01	5.265839e+03	   nan    	
 516 	2.576170e+02	2.181123e-04	3.500000e+01	5.266332e+03	   nan    	
 517 	2.581110e+02	2.208398e-04	3.500000e+01	5.266826e+03	   nan    	
 518 	2.586130e+02	2.207396e-04	3.500000e+01	5.267328e+03	   nan    	
 519 	2.591070e+02	2.192645e-04	3.500000e+01	5.267822e+03	   nan    	
 520 	2.596030e+02	2.182590e-04	3.500000e+01	5.268318e+03	   nan    	
 521 	2.601000e+02	2.186804e-04	3.500000e+01	5.268815e+03	   nan    	
 522 	2.605940e+02	2.187143e-04	3.500000e+01	5.269309e+03	   nan    	
 523 	2.611010e+02	2.192477e-04	3.500000e+01	5.269816e+03	   nan    	
 524 	2.615940e+02	2.188801e-04	3.500000e+01	5.270309e+03	   nan    	
 525 	2.620940e+02	2.187314e-04	3.500000e+01	5.270809e+03	   nan    	
 526 	2.625980e+02	2.190696e-04	3.500000e+01	5.271313e+03	   nan    	
 527 	2.630940e+02	2.191461e-04	3.500000e+01	5.271809e+03	   nan    	
 528 	2.635880e+02	2.192539e-04	3.500000e+01	5.272303e+03	   nan    	
 529 	2.640840e+02	2.193917e-04	3.500000e+01	5.272799e+03	   nan    	
 530 	2.645860e+02	2.191205e-04	3.500000e+01	5.273301e+03	   nan    	
 531 	2.650870e+02	2.205656e-04	3.500000e+01	5.273802e+03	   nan    	
 532 	2.655890e+02	2.189753e-04	3.500000e+01	5.274304e+03	   nan    	
 533 	2.660900e+02	2.197576e-04	3.500000e+01	5.274805e+03	   nan    	
 534 	2.665850e+02	2.202708e-04	3.500000e+01	5.275300e+03	   nan    	
 535 	2.670810e+02	2.193460e-04	3.500000e+01	5.275796e+03	   nan    	
 536 	2.675820e+02	2.185988e-04	3.500000e+01	5.276297e+03	   nan    	
 537 	2.680870e+02	2.178433e-04	3.500000e+01	5.276802e+03	   nan    	
 538 	2.685860e+02	2.171866e-04	3.500000e+01	5.277301e+03	   nan    	
 539 	2.690850e+02	2.170324e-04	3.500000e+01	5.277800e+03	   nan    	
 540 	2.695800e+02	2.177935e-04	3.500000e+01	5.278295e+03	   nan    	
 541 	2.700790e+02	2.175744e-04	3.500000e+01	5.278794e+03	   nan    	
 542 	2.705810e+02	2.184026e-04	3.500000e+01	5.279296e+03	   nan    	
 543 	2.710840e+02	2.182302e-04	3.500000e+01	5.279799e+03	   nan    	
 544 	2.715780e+02	2.177698e-04	3.500000e+01	5.280293e+03	   nan    	
 545 	2.720720e+02	2.180493e-04	3.500000e+01	5.280787e+03	   nan    	
 546 	2.725850e+02	2.177463e-04	3.500000e+01	5.281300e+03	   nan    	
 547 	2.730930e+02	2.170431e-04	3.500000e+01	5.281808e+03	   nan    	
 548 	2.735720e+02	2.176200e-04	3.500000e+01	5.282287e+03	   nan    	
 549 	2.740670e+02	2.168094e-04	3.500000e+01	5.282782e+03	   nan    	
 550 	2.745720e+02	2.166197e-04	3.500000e+01	5.283287e+03	   nan    	
 551 	2.750640e+02	2.159569e-04	3.500000e+01	5.283779e+03	   nan    	
 552 	2.755600e+02	2.160484e-04	3.500000e+01	5.284275e+03	   nan    	
 553 	2.760560e+02	2.214708e-04	3.500000e+01	5.284771e+03	   nan    	
 554 	2.765530e+02	2.213312e-04	3.500000e+01	5.285268e+03	   nan    	
 555 	2.770560e+02	2.185175e-04	3.500000e+01	5.285771e+03	   nan    	
 556 	2.775600e+02	2.186898e-04	3.500000e+01	5.286275e+03	   nan    	
 557 	2.780530e+02	2.188475e-04	3.500000e+01	5.286768e+03	   nan    	
 558 	2.785480e+02	2.182161e-04	3.500000e+01	5.287263e+03	   nan    	
 559 	2.790440e+02	2.281311e-04	3.500000e+01	5.287759e+03	   nan    	
 560 	2.795400e+02	2.250762e-04	3.500000e+01	5.288255e+03	   nan    	
 561 	2.800430e+02	2.253744e-04	3.500000e+01	5.288758e+03	   nan    	
 562 	2.805460e+02	2.237797e-04	3.500000e+01	5.289261e+03	   nan    	
 563 	2.810410e+02	2.237009e-04	3.500000e+01	5.289756e+03	   nan    	
 564 	2.815410e+02	2.221637e-04	3.500000e+01	5.290256e+03	   nan    	
 565 	2.820340e+02	2.213594e-04	3.500000e+01	5.290749e+03	   nan    	
 566 	2.825360e+02	2.204949e-04	3.500000e+01	5.291251e+03	   nan    	
 567 	2.830350e+02	2.195011e-04	3.500000e+01	5.291750e+03	   nan    	
 568 	2.835340e+02	2.193722e-04	3.500000e+01	5.292249e+03	   nan    	
 569 	2.840300e+02	2.194861e-04	3.500000e+01	5.292745e+03	   nan    	
 570 	2.845320e+02	2.185741e-04	3.500000e+01	5.293247e+03	   nan    	
 571 	2.850320e+02	2.185416e-04	3.500000e+01	5.293747e+03	   nan    	
 572 	2.855280e+02	2.183103e-04	3.500000e+01	5.294243e+03	   nan    	
 573 	2.860300e+02	2.168891e-04	3.500000e+01	5.294745e+03	   nan    	
 574 	2.865240e+02	2.167267e-04	3.500000e+01	5.295239e+03	   nan    	
 575 	2.870200e+02	2.170817e-04	3.500000e+01	5.295735e+03	   nan    	
 576 	2.875160e+02	2.180061e-04	3.500000e+01	5.296231e+03	   nan    	
 577 	2.880140e+02	2.183732e-04	3.500000e+01	5.296729e+03	   nan    	
 578 	2.885140e+02	2.169933e-04	3.500000e+01	5.297229e+03	   nan    	
 579 	2.890180e+02	2.168161e-04	3.500000e+01	5.297733e+03	   nan    	
 580 	2.895130e+02	2.157588e-04	3.500000e+01	5.298228e+03	   nan    	
 581 	2.900130e+02	2.146677e-04	3.500000e+01	5.298728e+03	   nan    	
 582 	2.905160e+02	2.144015e-04	3.500000e+01	5.299231e+03	   nan    	
 583 	2.910200e+02	2.156189e-04	3.500000e+01	5.299735e+03	   nan    	
 584 	2.915190e+02	2.153213e-04	3.500000e+01	5.300234e+03	   nan    	
 585 	2.920190e+02	2.139299e-04	3.500000e+01	5.300734e+03	   nan    	
 586 	2.925140e+02	2.126424e-04	3.500000e+01	5.301229e+03	   nan    	
 587 	2.930160e+02	2.128890e-04	3.500000e+01	5.301731e+03	   nan    	
 588 	2.935290e+02	2.144700e-04	3.500000e+01	5.302244e+03	   nan    	
 589 	2.940500e+02	2.147976e-04	3.500000e+01	5.302765e+03	   nan    	
 590 	2.945180e+02	2.142377e-04	3.500000e+01	5.303233e+03	   nan    	
 591 	2.950190e+02	2.135858e-04	3.500000e+01	5.303734e+03	   nan    	
 592 	2.955230e+02	2.134973e-04	3.500000e+01	5.304238e+03	   nan    	
 593 	2.960160e+02	2.132561e-04	3.500000e+01	5.304731e+03	   nan    	
 594 	2.965140e+02	2.139950e-04	3.500000e+01	5.305229e+03	   nan    	
 595 	2.970100e+02	2.137901e-04	3.500000e+01	5.305725e+03	   nan    	
 596 	2.975060e+02	2.136913e-04	3.500000e+01	5.306221e+03	   nan    	
 597 	2.980030e+02	2.128322e-04	3.500000e+01	5.306718e+03	   nan    	
 598 	2.984990e+02	2.127490e-04	3.500000e+01	5.307214e+03	   nan    	
 599 	2.989910e+02	2.127948e-04	3.500000e+01	5.307706e+03	   nan    	
 600 	2.994860e+02	2.122889e-04	3.500000e+01	5.308201e+03	   nan    	
 601 	2.999850e+02	2.118082e-04	3.500000e+01	5.308700e+03	   nan    	
 602 	3.004970e+02	2.112215e-04	3.500000e+01	5.309212e+03	   nan    	
 603 	3.009820e+02	2.118389e-04	3.500000e+01	5.309697e+03	   nan    	
 604 	3.014760e+02	2.107047e-04	3.500000e+01	5.310191e+03	   nan    	
 605 	3.019770e+02	2.105563e-04	3.500000e+01	5.310692e+03	   nan    	
 606 	3.024720e+02	2.104054e-04	3.500000e+01	5.311187e+03	   nan    	
 607 	3.029720e+02	2.129938e-04	3.500000e+01	5.311687e+03	   nan    	
 608 	3.034750e+02	2.125845e-04	3.500000e+01	5.312190e+03	   nan    	
 609 	3.039780e+02	2.118100e-04	3.500000e+01	5.312693e+03	   nan    	
 610 	3.044820e+02	2.126659e-04	3.500000e+01	5.313197e+03	   nan    	
 611 	3.049890e+02	2.124006e-04	3.500000e+01	5.313704e+03	   nan    	
 612 	3.054790e+02	2.128333e-04	3.500000e+01	5.314194e+03	   nan    	
 613 	3.059730e+02	2.118058e-04	3.500000e+01	5.314688e+03	   nan    	
 614 	3.064780e+02	2.114549e-04	3.500000e+01	5.315193e+03	   nan    	
 615 	3.069740e+02	2.123927e-04	3.500000e+01	5.315689e+03	   nan    	
 616 	3.074750e+02	2.130003e-04	3.500000e+01	5.316190e+03	   nan    	
 617 	3.079720e+02	2.118315e-04	3.500000e+01	5.316687e+03	   nan    	
 618 	3.084730e+02	2.116862e-04	3.500000e+01	5.317188e+03	   nan    	
 619 	3.089750e+02	2.131277e-04	3.500000e+01	5.317690e+03	   nan    	
 620 	3.094730e+02	2.132295e-04	3.500000e+01	5.318188e+03	   nan    	
 621 	3.099720e+02	2.113811e-04	3.500000e+01	5.318687e+03	   nan    	
 622 	3.104640e+02	2.106038e-04	3.500000e+01	5.319179e+03	   nan    	
 623 	3.109580e+02	2.094297e-04	3.500000e+01	5.319673e+03	   nan    	
 624 	3.114650e+02	2.089031e-04	3.500000e+01	5.320180e+03	   nan    	
 625 	3.119630e+02	2.087954e-04	3.500000e+01	5.320678e+03	   nan    	
 626 	3.124630e+02	2.091041e-04	3.500000e+01	5.321178e+03	   nan    	
 627 	3.129580e+02	2.093711e-04	3.500000e+01	5.321673e+03	   nan    	
 628 	3.134690e+02	2.095631e-04	3.500000e+01	5.322184e+03	   nan    	
 629 	3.139630e+02	2.094160e-04	3.500000e+01	5.322678e+03	   nan    	
 630 	3.144630e+02	2.093222e-04	3.500000e+01	5.323178e+03	   nan    	
 631 	3.149660e+02	2.091131e-04	3.500000e+01	5.323681e+03	   nan    	
 632 	3.154700e+02	2.099825e-04	3.500000e+01	5.324185e+03	   nan    	
 633 	3.159690e+02	2.096903e-04	3.500000e+01	5.324684e+03	   nan    	
 634 	3.164640e+02	2.084072e-04	3.500000e+01	5.325179e+03	   nan    	
 635 	3.169720e+02	2.091446e-04	3.500000e+01	5.325687e+03	   nan    	
 636 	3.174670e+02	2.089875e-04	3.500000e+01	5.326182e+03	   nan    	
 637 	3.179690e+02	2.081086e-04	3.500000e+01	5.326684e+03	   nan    	
 638 	3.184680e+02	2.083413e-04	3.500000e+01	5.327183e+03	   nan    	
 639 	3.189660e+02	2.091758e-04	3.500000e+01	5.327681e+03	   nan    	
 640 	3.194630e+02	2.089795e-04	3.500000e+01	5.328178e+03	   nan    	
 641 	3.199590e+02	2.072365e-04	3.500000e+01	5.328674e+03	   nan    	
 642 	3.204570e+02	2.073281e-04	3.500000e+01	5.329172e+03	   nan    	
 643 	3.209570e+02	2.077518e-04	3.500000e+01	5.329672e+03	   nan    	
 644 	3.214510e+02	2.067080e-04	3.500000e+01	5.330166e+03	   nan    	
 645 	3.219520e+02	2.074904e-04	3.500000e+01	5.330667e+03	   nan    	
 646 	3.224520e+02	2.064171e-04	3.500000e+01	5.331167e+03	   nan    	
 647 	3.229510e+02	2.065197e-04	3.500000e+01	5.331666e+03	   nan    	
 648 	3.234580e+02	2.070858e-04	3.500000e+01	5.332173e+03	   nan    	
 649 	3.239510e+02	2.071311e-04	3.500000e+01	5.332666e+03	   nan    	
 650 	3.244510e+02	2.070945e-04	3.500000e+01	5.333166e+03	   nan    	
 651 	3.249490e+02	2.073315e-04	3.500000e+01	5.333664e+03	   nan    	
 652 	3.254460e+02	2.058884e-04	3.500000e+01	5.334161e+03	   nan    	
 653 	3.259470e+02	2.061300e-04	3.500000e+01	5.334662e+03	   nan    	
 654 	3.264480e+02	2.068015e-04	3.500000e+01	5.335163e+03	   nan    	
 655 	3.269460e+02	2.058343e-04	3.500000e+01	5.335661e+03	   nan    	
 656 	3.274460e+02	2.055005e-04	3.500000e+01	5.336161e+03	   nan    	
 657 	3.279400e+02	2.051200e-04	3.500000e+01	5.336655e+03	   nan    	
 658 	3.284460e+02	2.050105e-04	3.500000e+01	5.337161e+03	   nan    	
 659 	3.289530e+02	2.049244e-04	3.500000e+01	5.337668e+03	   nan    	
 660 	3.294380e+02	2.043171e-04	3.500000e+01	5.338153e+03	   nan    	
 661 	3.299410e+02	2.042553e-04	3.500000e+01	5.338656e+03	   nan    	
 662 	3.304380e+02	2.034476e-04	3.500000e+01	5.339153e+03	   nan    	
 663 	3.309370e+02	2.033905e-04	3.500000e+01	5.339652e+03	   nan    	
 664 	3.314360e+02	2.036789e-04	3.500000e+01	5.340151e+03	   nan    	
 665 	3.319310e+02	2.032257e-04	3.500000e+01	5.340646e+03	   nan    	
 666 	3.324270e+02	2.034011e-04	3.500000e+01	5.341142e+03	   nan    	
 667 	3.329280e+02	2.021038e-04	3.500000e+01	5.341643e+03	   nan    	
 668 	3.334290e+02	2.020003e-04	3.500000e+01	5.342144e+03	   nan    	
 669 	3.339310e+02	2.020710e-04	3.500000e+01	5.342646e+03	   nan    	
 670 	3.344310e+02	2.039467e-04	3.500000e+01	5.343146e+03	   nan    	
 671 	3.349340e+02	2.036497e-04	3.500000e+01	5.343649e+03	   nan    	
 672 	3.354310e+02	2.035397e-04	3.500000e+01	5.344146e+03	   nan    	
 673 	3.359250e+02	2.020019e-04	3.500000e+01	5.344640e+03	   nan    	
 674 	3.364200e+02	2.031501e-04	3.500000e+01	5.345135e+03	   nan    	
 675 	3.369190e+02	2.032283e-04	3.500000e+01	5.345634e+03	   nan    	
 676 	3.374150e+02	2.027206e-04	3.500000e+01	5.346130e+03	   nan    	
 677 	3.379120e+02	2.020810e-04	3.500000e+01	5.346627e+03	   nan    	
 678 	3.384140e+02	2.030642e-04	3.500000e+01	5.347129e+03	   nan    	
 679 	3.389070e+02	2.065938e-04	3.500000e+01	5.347622e+03	   nan    	
 680 	3.394020e+02	2.062562e-04	3.500000e+01	5.348117e+03	   nan    	
 681 	3.399030e+02	2.057155e-04	3.500000e+01	5.348618e+03	   nan    	
 682 	3.403990e+02	2.069320e-04	3.500000e+01	5.349114e+03	   nan    	
 683 	3.408980e+02	2.059918e-04	3.500000e+01	5.349613e+03	   nan    	
 684 	3.413950e+02	2.066605e-04	3.500000e+01	5.350110e+03	   nan    	
 685 	3.418930e+02	2.073872e-04	3.500000e+01	5.350608e+03	   nan    	
 686 	3.423920e+02	2.057685e-04	3.500000e+01	5.351107e+03	   nan    	
 687 	3.428950e+02	2.054917e-04	3.500000e+01	5.351610e+03	   nan    	
 688 	3.433890e+02	2.057717e-04	3.500000e+01	5.352104e+03	   nan    	
 689 	3.438880e+02	2.048355e-04	3.500000e+01	5.352603e+03	   nan    	
 690 	3.443890e+02	2.043467e-04	3.500000e+01	5.353104e+03	   nan    	
 691 	3.448910e+02	2.037938e-04	3.500000e+01	5.353606e+03	   nan    	
 692 	3.453970e+02	2.035115e-04	3.500000e+01	5.354112e+03	   nan    	
 693 	3.458890e+02	2.037698e-04	3.500000e+01	5.354604e+03	   nan    	
 694 	3.463830e+02	2.038739e-04	3.500000e+01	5.355098e+03	   nan    	
 695 	3.468890e+02	2.035169e-04	3.500000e+01	5.355604e+03	   nan    	
 696 	3.473820e+02	2.039241e-04	3.500000e+01	5.356097e+03	   nan    	
 697 	3.478800e+02	2.030335e-04	3.500000e+01	5.356595e+03	   nan    	
 698 	3.483710e+02	2.028673e-04	3.500000e+01	5.357086e+03	   nan    	
 699 	3.488660e+02	2.020356e-04	3.500000e+01	5.357581e+03	   nan    	
 700 	3.493640e+02	2.029687e-04	3.500000e+01	5.358079e+03	   nan    	
 701 	3.498650e+02	2.019756e-04	3.500000e+01	5.358580e+03	   nan    	
 702 	3.503650e+02	2.017316e-04	3.500000e+01	5.359080e+03	   nan    	
 703 	3.508640e+02	2.013768e-04	3.500000e+01	5.359579e+03	   nan    	
 704 	3.513620e+02	2.003350e-04	3.500000e+01	5.360077e+03	   nan    	
 705 	3.518570e+02	1.995277e-04	3.500000e+01	5.360572e+03	   nan    	
 706 	3.523510e+02	1.996152e-04	3.500000e+01	5.361066e+03	   nan    	
 707 	3.528520e+02	2.002648e-04	3.500000e+01	5.361567e+03	   nan    	
 708 	3.533510e+02	2.005528e-04	3.500000e+01	5.362066e+03	   nan    	
 709 	3.538540e+02	2.007932e-04	3.500000e+01	5.362569e+03	   nan    	
 710 	3.543490e+02	2.000918e-04	3.500000e+01	5.363064e+03	   nan    	
 711 	3.548430e+02	1.994811e-04	3.500000e+01	5.363558e+03	   nan    	
 712 	3.553380e+02	1.985354e-04	3.500000e+01	5.364053e+03	   nan    	
 713 	3.558450e+02	1.984205e-04	3.500000e+01	5.364560e+03	   nan    	
 714 	3.563380e+02	1.981499e-04	3.500000e+01	5.365053e+03	   nan    	
 715 	3.568380e+02	1.984965e-04	3.500000e+01	5.365553e+03	   nan    	
 716 	3.573330e+02	1.977431e-04	3.500000e+01	5.366048e+03	   nan    	
 717 	3.578260e+02	1.977644e-04	3.500000e+01	5.366541e+03	   nan    	
 718 	3.583250e+02	1.968885e-04	3.500000e+01	5.367040e+03	   nan    	
 719 	3.588220e+02	1.969744e-04	3.500000e+01	5.367537e+03	   nan    	
 720 	3.593170e+02	1.979496e-04	3.500000e+01	5.368032e+03	   nan    	
 721 	3.598190e+02	1.971929e-04	3.500000e+01	5.368534e+03	   nan    	
 722 	3.603210e+02	1.982434e-04	3.500000e+01	5.369036e+03	   nan    	
 723 	3.608090e+02	2.014769e-04	3.500000e+01	5.369524e+03	   nan    	
 724 	3.613080e+02	2.018148e-04	3.500000e+01	5.370023e+03	   nan    	
 725 	3.618070e+02	2.008624e-04	3.500000e+01	5.370522e+03	   nan    	
 726 	3.623050e+02	2.023730e-04	3.500000e+01	5.371020e+03	   nan    	
 727 	3.628020e+02	2.019338e-04	3.500000e+01	5.371517e+03	   nan    	
 728 	3.633030e+02	2.018002e-04	3.500000e+01	5.372018e+03	   nan    	
 729 	3.637990e+02	2.014717e-04	3.500000e+01	5.372514e+03	   nan    	
 730 	3.643410e+02	2.016176e-04	3.500000e+01	5.373056e+03	   nan    	
 731 	3.648020e+02	2.002834e-04	3.500000e+01	5.373517e+03	   nan    	
 732 	3.653030e+02	2.002781e-04	3.500000e+01	5.374018e+03	   nan    	
 733 	3.657970e+02	2.006441e-04	3.500000e+01	5.374512e+03	   nan    	
 734 	3.662980e+02	1.998306e-04	3.500000e+01	5.375013e+03	   nan    	
 735 	3.668020e+02	1.992891e-04	3.500000e+01	5.375517e+03	   nan    	
 736 	3.673030e+02	1.994473e-04	3.500000e+01	5.376018e+03	   nan    	
 737 	3.678060e+02	2.003682e-04	3.500000e+01	5.376521e+03	   nan    	
 738 	3.683000e+02	1.995006e-04	3.500000e+01	5.377015e+03	   nan    	
 739 	3.688030e+02	1.977954e-04	3.500000e+01	5.377518e+03	   nan    	
 740 	3.693060e+02	1.982086e-04	3.500000e+01	5.378021e+03	   nan    	
 741 	3.698050e+02	1.967873e-04	3.500000e+01	5.378520e+03	   nan    	
 742 	3.703060e+02	1.967984e-04	3.500000e+01	5.379021e+03	   nan    	
 743 	3.708070e+02	1.969360e-04	3.500000e+01	5.379522e+03	   nan    	
 744 	3.713070e+02	1.965031e-04	3.500000e+01	5.380022e+03	   nan    	
 745 	3.718070e+02	1.955534e-04	3.500000e+01	5.380522e+03	   nan    	
 746 	3.723050e+02	1.957804e-04	3.500000e+01	5.381020e+03	   nan    	
 747 	3.728020e+02	1.954512e-04	3.500000e+01	5.381517e+03	   nan    	
 748 	3.733060e+02	1.955587e-04	3.500000e+01	5.382021e+03	   nan    	
 749 	3.738060e+02	1.948969e-04	3.500000e+01	5.382521e+03	   nan    	
 750 	3.743030e+02	1.945836e-04	3.500000e+01	5.383018e+03	   nan    	
 751 	3.748060e+02	1.949060e-04	3.500000e+01	5.383521e+03	   nan    	
 752 	3.752990e+02	1.953397e-04	3.500000e+01	5.384014e+03	   nan    	
 753 	3.757960e+02	1.947077e-04	3.500000e+01	5.384511e+03	   nan    	
 754 	3.763020e+02	1.943805e-04	3.500000e+01	5.385017e+03	   nan    	
 755 	3.767970e+02	1.942747e-04	3.500000e+01	5.385512e+03	   nan    	
 756 	3.772950e+02	1.938548e-04	3.500000e+01	5.386010e+03	   nan    	
 757 	3.777970e+02	1.948922e-04	3.500000e+01	5.386512e+03	   nan    	
 758 	3.782910e+02	1.959647e-04	3.500000e+01	5.387006e+03	   nan    	
 759 	3.787880e+02	1.962325e-04	3.500000e+01	5.387503e+03	   nan    	
 760 	3.792960e+02	1.951984e-04	3.500000e+01	5.388011e+03	   nan    	
 761 	3.797900e+02	1.946127e-04	3.500000e+01	5.388505e+03	   nan    	
 762 	3.802900e+02	1.947240e-04	3.500000e+01	5.389005e+03	   nan    	
 763 	3.807850e+02	1.948035e-04	3.500000e+01	5.389500e+03	   nan    	
 764 	3.812860e+02	1.943118e-04	3.500000e+01	5.390001e+03	   nan    	
 765 	3.817890e+02	1.946038e-04	3.500000e+01	5.390504e+03	   nan    	
 766 	3.822920e+02	1.937939e-04	3.500000e+01	5.391007e+03	   nan    	
 767 	3.827910e+02	1.933008e-04	3.500000e+01	5.391506e+03	   nan    	
 768 	3.832940e+02	1.928322e-04	3.500000e+01	5.392009e+03	   nan    	
 769 	3.837950e+02	1.929565e-04	3.500000e+01	5.392510e+03	   nan    	
 770 	3.842890e+02	1.927733e-04	3.500000e+01	5.393004e+03	   nan    	
 771 	3.847880e+02	1.937153e-04	3.500000e+01	5.393503e+03	   nan    	
 772 	3.852920e+02	1.931597e-04	3.500000e+01	5.394007e+03	   nan    	
 773 	3.857920e+02	1.939878e-04	3.500000e+01	5.394507e+03	   nan    	
 774 	3.862860e+02	1.946996e-04	3.500000e+01	5.395001e+03	   nan    	
 775 	3.867910e+02	1.953074e-04	3.500000e+01	5.395506e+03	   nan    	
 776 	3.872850e+02	1.938476e-04	3.500000e+01	5.396000e+03	   nan    	
 777 	3.877780e+02	1.929772e-04	3.500000e+01	5.396493e+03	   nan    	
 778 	3.882770e+02	1.937888e-04	3.500000e+01	5.396992e+03	   nan    	
 779 	3.887770e+02	1.931148e-04	3.500000e+01	5.397492e+03	   nan    	
 780 	3.892790e+02	1.932119e-04	3.500000e+01	5.397994e+03	   nan    	
 781 	3.897780e+02	1.935881e-04	3.500000e+01	5.398493e+03	   nan    	
 782 	3.902750e+02	1.938090e-04	3.500000e+01	5.398990e+03	   nan    	
 783 	3.907710e+02	1.928951e-04	3.500000e+01	5.399486e+03	   nan    	
 784 	3.912680e+02	1.927933e-04	3.500000e+01	5.399983e+03	   nan    	
 785 	3.917660e+02	1.923457e-04	3.500000e+01	5.400481e+03	   nan    	
 786 	3.922640e+02	1.919804e-04	3.500000e+01	5.400979e+03	   nan    	
 787 	3.927580e+02	1.920071e-04	3.500000e+01	5.401473e+03	   nan    	
 788 	3.932610e+02	1.920384e-04	3.500000e+01	5.401976e+03	   nan    	
 789 	3.937560e+02	1.921356e-04	3.500000e+01	5.402471e+03	   nan    	
 790 	3.942550e+02	1.921036e-04	3.500000e+01	5.402970e+03	   nan    	
 791 	3.947490e+02	1.918166e-04	3.500000e+01	5.403464e+03	   nan    	
 792 	3.952470e+02	1.923212e-04	3.500000e+01	5.403962e+03	   nan    	
 793 	3.957440e+02	1.917658e-04	3.500000e+01	5.404459e+03	   nan    	
 794 	3.962380e+02	1.920882e-04	3.500000e+01	5.404953e+03	   nan    	
 795 	3.967380e+02	1.917127e-04	3.500000e+01	5.405453e+03	   nan    	
 796 	3.972400e+02	1.924597e-04	3.500000e+01	5.405955e+03	   nan    	
 797 	3.977400e+02	1.920209e-04	3.500000e+01	5.406455e+03	   nan    	
 798 	3.982410e+02	1.914961e-04	3.500000e+01	5.406956e+03	   nan    	
 799 	3.987340e+02	1.903437e-04	3.500000e+01	5.407449e+03	   nan    	
 800 	3.992380e+02	1.896333e-04	3.500000e+01	5.407953e+03	   nan    	
 801 	3.997390e+02	1.909416e-04	3.500000e+01	5.408454e+03	   nan    	
 802 	4.002390e+02	1.914162e-04	3.500000e+01	5.408954e+03	   nan    	
 803 	4.007420e+02	1.909028e-04	3.500000e+01	5.409457e+03	   nan    	
 804 	4.012430e+02	1.906149e-04	3.500000e+01	5.409958e+03	   nan    	
 805 	4.017460e+02	1.907769e-04	3.500000e+01	5.410461e+03	   nan    	
 806 	4.022460e+02	1.910524e-04	3.500000e+01	5.410961e+03	   nan    	
 807 	4.027440e+02	1.921284e-04	3.500000e+01	5.411459e+03	   nan    	
 808 	4.032380e+02	1.906640e-04	3.500000e+01	5.411953e+03	   nan    	
 809 	4.037370e+02	1.926065e-04	3.500000e+01	5.412452e+03	   nan    	
 810 	4.042400e+02	1.928158e-04	3.500000e+01	5.412955e+03	   nan    	
 811 	4.047400e+02	1.926369e-04	3.500000e+01	5.413455e+03	   nan    	
 812 	4.052510e+02	1.924518e-04	3.500000e+01	5.413966e+03	   nan    	
 813 	4.057470e+02	1.923719e-04	3.500000e+01	5.414462e+03	   nan    	
 814 	4.062490e+02	1.923076e-04	3.500000e+01	5.414964e+03	   nan    	
 815 	4.067510e+02	1.925568e-04	3.500000e+01	5.415466e+03	   nan    	
 816 	4.072510e+02	1.930047e-04	3.500000e+01	5.415966e+03	   nan    	
 817 	4.077560e+02	1.919634e-04	3.500000e+01	5.416471e+03	   nan    	
 818 	4.082580e+02	1.920408e-04	3.500000e+01	5.416973e+03	   nan    	
 819 	4.087470e+02	1.921757e-04	3.500000e+01	5.417462e+03	   nan    	
 820 	4.092480e+02	1.913328e-04	3.500000e+01	5.417963e+03	   nan    	
 821 	4.097460e+02	1.913213e-04	3.500000e+01	5.418461e+03	   nan    	
 822 	4.102470e+02	1.903061e-04	3.500000e+01	5.418962e+03	   nan    	
 823 	4.107490e+02	1.915994e-04	3.500000e+01	5.419464e+03	   nan    	
 824 	4.112520e+02	1.916060e-04	3.500000e+01	5.419967e+03	   nan    	
 825 	4.117540e+02	1.922670e-04	3.500000e+01	5.420469e+03	   nan    	
 826 	4.122510e+02	1.919083e-04	3.500000e+01	5.420966e+03	   nan    	
 827 	4.127490e+02	1.904745e-04	3.500000e+01	5.421464e+03	   nan    	
 828 	4.132430e+02	1.915346e-04	3.500000e+01	5.421958e+03	   nan    	
 829 	4.137420e+02	1.920978e-04	3.500000e+01	5.422457e+03	   nan    	
 830 	4.142380e+02	1.914175e-04	3.500000e+01	5.422953e+03	   nan    	
 831 	4.147490e+02	1.914374e-04	3.500000e+01	5.423464e+03	   nan    	
 832 	4.152550e+02	1.912929e-04	3.500000e+01	5.423970e+03	   nan    	
 833 	4.157500e+02	1.906245e-04	3.500000e+01	5.424465e+03	   nan    	
 834 	4.162530e+02	1.906705e-04	3.500000e+01	5.424968e+03	   nan    	
 835 	4.167530e+02	1.914743e-04	3.500000e+01	5.425468e+03	   nan    	
 836 	4.172560e+02	1.915091e-04	3.500000e+01	5.425971e+03	   nan    	
 837 	4.177550e+02	1.908233e-04	3.500000e+01	5.426470e+03	   nan    	
 838 	4.182560e+02	1.897059e-04	3.500000e+01	5.426971e+03	   nan    	
 839 	4.187580e+02	1.894812e-04	3.500000e+01	5.427473e+03	   nan    	
 840 	4.192640e+02	1.891034e-04	3.500000e+01	5.427979e+03	   nan    	
 841 	4.197630e+02	1.891234e-04	3.500000e+01	5.428478e+03	   nan    	
 842 	4.202630e+02	1.896639e-04	3.500000e+01	5.428978e+03	   nan    	
 843 	4.207650e+02	1.888221e-04	3.500000e+01	5.429480e+03	   nan    	
 844 	4.212770e+02	1.893847e-04	3.500000e+01	5.429992e+03	   nan    	
 845 	4.217700e+02	1.886036e-04	3.500000e+01	5.430485e+03	   nan    	
 846 	4.222700e+02	1.890886e-04	3.500000e+01	5.430985e+03	   nan    	
 847 	4.227720e+02	1.894961e-04	3.500000e+01	5.431487e+03	   nan    	
 848 	4.232680e+02	1.881194e-04	3.500000e+01	5.431983e+03	   nan    	
 849 	4.237660e+02	1.880683e-04	3.500000e+01	5.432481e+03	   nan    	
 850 	4.242690e+02	1.894443e-04	3.500000e+01	5.432984e+03	   nan    	
 851 	4.247660e+02	1.883402e-04	3.500000e+01	5.433481e+03	   nan    	
 852 	4.252670e+02	1.885164e-04	3.500000e+01	5.433982e+03	   nan    	
 853 	4.257670e+02	1.874119e-04	3.500000e+01	5.434482e+03	   nan    	
 854 	4.262680e+02	1.879554e-04	3.500000e+01	5.434983e+03	   nan    	
 855 	4.267720e+02	1.878057e-04	3.500000e+01	5.435487e+03	   nan    	
 856 	4.272650e+02	1.883489e-04	3.500000e+01	5.435980e+03	   nan    	
 857 	4.277670e+02	1.887027e-04	3.500000e+01	5.436482e+03	   nan    	
 858 	4.282630e+02	1.879780e-04	3.500000e+01	5.436978e+03	   nan    	
 859 	4.287570e+02	1.883582e-04	3.500000e+01	5.437472e+03	   nan    	
 860 	4.292530e+02	1.883054e-04	3.500000e+01	5.437968e+03	   nan    	
 861 	4.297550e+02	1.885273e-04	3.500000e+01	5.438470e+03	   nan    	
 862 	4.302520e+02	1.886707e-04	3.500000e+01	5.438967e+03	   nan    	
 863 	4.307540e+02	1.885302e-04	3.500000e+01	5.439469e+03	   nan    	
 864 	4.312520e+02	1.866262e-04	3.500000e+01	5.439967e+03	   nan    	
 865 	4.317530e+02	1.876321e-04	3.500000e+01	5.440468e+03	   nan    	
 866 	4.322480e+02	1.879827e-04	3.500000e+01	5.440963e+03	   nan    	
 867 	4.327490e+02	1.877288e-04	3.500000e+01	5.441464e+03	   nan    	
 868 	4.332510e+02	1.879021e-04	3.500000e+01	5.441966e+03	   nan    	
 869 	4.337480e+02	1.882399e-04	3.500000e+01	5.442463e+03	   nan    	
 870 	4.342490e+02	1.878721e-04	3.500000e+01	5.442964e+03	   nan    	
 871 	4.347540e+02	1.874918e-04	3.500000e+01	5.443469e+03	   nan    	
 872 	4.352610e+02	1.875165e-04	3.500000e+01	5.443976e+03	   nan    	
 873 	4.357480e+02	1.872286e-04	3.500000e+01	5.444463e+03	   nan    	
 874 	4.362440e+02	1.898635e-04	3.500000e+01	5.444959e+03	   nan    	
 875 	4.367390e+02	1.890522e-04	3.500000e+01	5.445454e+03	   nan    	
 876 	4.372460e+02	1.899629e-04	3.500000e+01	5.445961e+03	   nan    	
 877 	4.377320e+02	1.904764e-04	3.500000e+01	5.446447e+03	   nan    	
 878 	4.382250e+02	1.894842e-04	3.500000e+01	5.446940e+03	   nan    	
 879 	4.387220e+02	1.888437e-04	3.500000e+01	5.447437e+03	   nan    	
 880 	4.392190e+02	1.901375e-04	3.500000e+01	5.447934e+03	   nan    	
 881 	4.397170e+02	1.881421e-04	3.500000e+01	5.448432e+03	   nan    	
 882 	4.402180e+02	1.889210e-04	3.500000e+01	5.448933e+03	   nan    	
 883 	4.407150e+02	1.878423e-04	3.500000e+01	5.449430e+03	   nan    	
 884 	4.412080e+02	1.882225e-04	3.500000e+01	5.449923e+03	   nan    	
 885 	4.417050e+02	1.871917e-04	3.500000e+01	5.450420e+03	   nan    	
 886 	4.422040e+02	1.875634e-04	3.500000e+01	5.450919e+03	   nan    	
 887 	4.426990e+02	1.881664e-04	3.500000e+01	5.451414e+03	   nan    	
 888 	4.431970e+02	1.878087e-04	3.500000e+01	5.451912e+03	   nan    	
 889 	4.436920e+02	1.869558e-04	3.500000e+01	5.452407e+03	   nan    	
 890 	4.441950e+02	1.871527e-04	3.500000e+01	5.452910e+03	   nan    	
 891 	4.446870e+02	1.883467e-04	3.500000e+01	5.453402e+03	   nan    	
 892 	4.451870e+02	1.868596e-04	3.500000e+01	5.453902e+03	   nan    	
 893 	4.456870e+02	1.866994e-04	3.500000e+01	5.454402e+03	   nan    	
 894 	4.461850e+02	1.876131e-04	3.500000e+01	5.454900e+03	   nan    	
 895 	4.466850e+02	1.869799e-04	3.500000e+01	5.455400e+03	   nan    	
 896 	4.471870e+02	1.853034e-04	3.500000e+01	5.455902e+03	   nan    	
 897 	4.476850e+02	1.846568e-04	3.500000e+01	5.456400e+03	   nan    	
 898 	4.481840e+02	1.861957e-04	3.500000e+01	5.456899e+03	   nan    	
 899 	4.486860e+02	1.903498e-04	3.500000e+01	5.457401e+03	   nan    	
 900 	4.491880e+02	1.902768e-04	3.500000e+01	5.457903e+03	   nan    	
 901 	4.496900e+02	1.915685e-04	3.500000e+01	5.458405e+03	   nan    	
 902 	4.501840e+02	1.916539e-04	3.500000e+01	5.458899e+03	   nan    	
 903 	4.506810e+02	1.906452e-04	3.500000e+01	5.459396e+03	   nan    	
 904 	4.511830e+02	1.909349e-04	3.500000e+01	5.459898e+03	   nan    	
 905 	4.516790e+02	1.899480e-04	3.500000e+01	5.460394e+03	   nan    	
 906 	4.521740e+02	1.903142e-04	3.500000e+01	5.460889e+03	   nan    	
 907 	4.526730e+02	1.892568e-04	3.500000e+01	5.461388e+03	   nan    	
 908 	4.531690e+02	1.898399e-04	3.500000e+01	5.461884e+03	   nan    	
 909 	4.536640e+02	1.885061e-04	3.500000e+01	5.462379e+03	   nan    	
 910 	4.541590e+02	1.887438e-04	3.500000e+01	5.462874e+03	   nan    	
 911 	4.546550e+02	1.894199e-04	3.500000e+01	5.463370e+03	   nan    	
 912 	4.551530e+02	1.901262e-04	3.500000e+01	5.463868e+03	   nan    	
 913 	4.556510e+02	1.899172e-04	3.500000e+01	5.464366e+03	   nan    	
 914 	4.561530e+02	1.892265e-04	3.500000e+01	5.464868e+03	   nan    	
 915 	4.566540e+02	1.893814e-04	3.500000e+01	5.465369e+03	   nan    	
 916 	4.571500e+02	1.890758e-04	3.500000e+01	5.465865e+03	   nan    	
 917 	4.576460e+02	1.895530e-04	3.500000e+01	5.466361e+03	   nan    	
 918 	4.581620e+02	1.893476e-04	3.500000e+01	5.466877e+03	   nan    	
 919 	4.586450e+02	1.903240e-04	3.500000e+01	5.467360e+03	   nan    	
 920 	4.591410e+02	1.901875e-04	3.500000e+01	5.467856e+03	   nan    	
 921 	4.596380e+02	1.898823e-04	3.500000e+01	5.468353e+03	   nan    	
 922 	4.601410e+02	1.894214e-04	3.500000e+01	5.468856e+03	   nan    	
 923 	4.606440e+02	1.889147e-04	3.500000e+01	5.469359e+03	   nan    	
 924 	4.611400e+02	1.876528e-04	3.500000e+01	5.469855e+03	   nan    	
 925 	4.616370e+02	1.876316e-04	3.500000e+01	5.470352e+03	   nan    	
 926 	4.621350e+02	1.879652e-04	3.500000e+01	5.470850e+03	   nan    	
 927 	4.626330e+02	1.873526e-04	3.500000e+01	5.471348e+03	   nan    	
 928 	4.631340e+02	1.874416e-04	3.500000e+01	5.471849e+03	   nan    	
 929 	4.636280e+02	1.870279e-04	3.500000e+01	5.472343e+03	   nan    	
 930 	4.641280e+02	1.870484e-04	3.500000e+01	5.472843e+03	   nan    	
 931 	4.646300e+02	1.871076e-04	3.500000e+01	5.473345e+03	   nan    	
 932 	4.651260e+02	1.864752e-04	3.500000e+01	5.473841e+03	   nan    	
 933 	4.656260e+02	1.860356e-04	3.500000e+01	5.474341e+03	   nan    	
 934 	4.661280e+02	1.863416e-04	3.500000e+01	5.474843e+03	   nan    	
 935 	4.666270e+02	1.866521e-04	3.500000e+01	5.475342e+03	   nan    	
 936 	4.671290e+02	1.861332e-04	3.500000e+01	5.475844e+03	   nan    	
 937 	4.676270e+02	1.853995e-04	3.500000e+01	5.476342e+03	   nan    	
 938 	4.681230e+02	1.855382e-04	3.500000e+01	5.476838e+03	   nan    	
 939 	4.686180e+02	1.857667e-04	3.500000e+01	5.477333e+03	   nan    	
 940 	4.691160e+02	1.859982e-04	3.500000e+01	5.477831e+03	   nan    	
 941 	4.696100e+02	1.855342e-04	3.500000e+01	5.478325e+03	   nan    	
 942 	4.701140e+02	1.856879e-04	3.500000e+01	5.478829e+03	   nan    	
 943 	4.706080e+02	1.846356e-04	3.500000e+01	5.479323e+03	   nan    	
 944 	4.711040e+02	1.845393e-04	3.500000e+01	5.479819e+03	   nan    	
 945 	4.716060e+02	1.854039e-04	3.500000e+01	5.480321e+03	   nan    	
 946 	4.721090e+02	1.847061e-04	3.500000e+01	5.480824e+03	   nan    	
 947 	4.726120e+02	1.844988e-04	3.500000e+01	5.481327e+03	   nan    	
 948 	4.731120e+02	1.839829e-04	3.500000e+01	5.481827e+03	   nan    	
 949 	4.736120e+02	1.843464e-04	3.500000e+01	5.482327e+03	   nan    	
 950 	4.741090e+02	1.842825e-04	3.500000e+01	5.482824e+03	   nan    	
 951 	4.746010e+02	1.851144e-04	3.500000e+01	5.483316e+03	   nan    	
 952 	4.750980e+02	1.855767e-04	3.500000e+01	5.483813e+03	   nan    	
 953 	4.755940e+02	1.859805e-04	3.500000e+01	5.484309e+03	   nan    	
 954 	4.760980e+02	1.865120e-04	3.500000e+01	5.484813e+03	   nan    	
 955 	4.765980e+02	1.851014e-04	3.500000e+01	5.485313e+03	   nan    	
 956 	4.770960e+02	1.847754e-04	3.500000e+01	5.485811e+03	   nan    	
 957 	4.775920e+02	1.848563e-04	3.500000e+01	5.486307e+03	   nan    	
 958 	4.780920e+02	1.864180e-04	3.500000e+01	5.486807e+03	   nan    	
 959 	4.785870e+02	1.850929e-04	3.500000e+01	5.487302e+03	   nan    	
 960 	4.790880e+02	1.851792e-04	3.500000e+01	5.487803e+03	   nan    	
 961 	4.795860e+02	1.845067e-04	3.500000e+01	5.488301e+03	   nan    	
 962 	4.800800e+02	1.843131e-04	3.500000e+01	5.488795e+03	   nan    	
 963 	4.805810e+02	1.833432e-04	3.500000e+01	5.489296e+03	   nan    	
 964 	4.810830e+02	1.833459e-04	3.500000e+01	5.489798e+03	   nan    	
 965 	4.815830e+02	1.834413e-04	3.500000e+01	5.490298e+03	   nan    	
 966 	4.820870e+02	1.836061e-04	3.500000e+01	5.490802e+03	   nan    	
 967 	4.825820e+02	1.844294e-04	3.500000e+01	5.491297e+03	   nan    	
 968 	4.830930e+02	1.841944e-04	3.500000e+01	5.491808e+03	   nan    	
 969 	4.835930e+02	1.833694e-04	3.500000e+01	5.492308e+03	   nan    	
 970 	4.840920e+02	1.875686e-04	3.500000e+01	5.492807e+03	   nan    	
 971 	4.845910e+02	1.871591e-04	3.500000e+01	5.493306e+03	   nan    	
 972 	4.850890e+02	1.865615e-04	3.500000e+01	5.493804e+03	   nan    	
 973 	4.855810e+02	1.866251e-04	3.500000e+01	5.494296e+03	   nan    	
 974 	4.860790e+02	1.862921e-04	3.500000e+01	5.494794e+03	   nan    	
 975 	4.865890e+02	1.859327e-04	3.500000e+01	5.495304e+03	   nan    	
 976 	4.870970e+02	1.856791e-04	3.500000e+01	5.495812e+03	   nan    	
 977 	4.875890e+02	1.856732e-04	3.500000e+01	5.496304e+03	   nan    	
 978 	4.880870e+02	1.854795e-04	3.500000e+01	5.496802e+03	   nan    	
 979 	4.885960e+02	1.851495e-04	3.500000e+01	5.497311e+03	   nan    	
 980 	4.890890e+02	1.855958e-04	3.500000e+01	5.497804e+03	   nan    	
 981 	4.895850e+02	1.851577e-04	3.500000e+01	5.498300e+03	   nan    	
 982 	4.900880e+02	1.855541e-04	3.500000e+01	5.498803e+03	   nan    	
 983 	4.905810e+02	1.850932e-04	3.500000e+01	5.499296e+03	   nan    	
 984 	4.910830e+02	1.849629e-04	3.500000e+01	5.499798e+03	   nan    	
 985 	4.915760e+02	1.861149e-04	3.500000e+01	5.500291e+03	   nan    	
 986 	4.920770e+02	1.850962e-04	3.500000e+01	5.500792e+03	   nan    	
 987 	4.925780e+02	1.873303e-04	3.500000e+01	5.501293e+03	   nan    	
 988 	4.930820e+02	1.861999e-04	3.500000e+01	5.501797e+03	   nan    	
 989 	4.935830e+02	1.855647e-04	3.500000e+01	5.502298e+03	   nan    	
 990 	4.940870e+02	1.851147e-04	3.500000e+01	5.502802e+03	   nan    	
 991 	4.945770e+02	1.842722e-04	3.500000e+01	5.503292e+03	   nan    	
 992 	4.950790e+02	1.838680e-04	3.500000e+01	5.503794e+03	   nan    	
 993 	4.955770e+02	1.837661e-04	3.500000e+01	5.504292e+03	   nan    	
 994 	4.960750e+02	1.841465e-04	3.500000e+01	5.504790e+03	   nan    	
 995 	4.965710e+02	1.839555e-04	3.500000e+01	5.505286e+03	   nan    	
 996 	4.970740e+02	1.832518e-04	3.500000e+01	5.505789e+03	   nan    	
 997 	4.975770e+02	1.839188e-04	3.500000e+01	5.506292e+03	   nan    	
 998 	4.980740e+02	1.840060e-04	3.500000e+01	5.506789e+03	   nan    	
 999 	4.985670e+02	1.831556e-04	3.500000e+01	5.507282e+03	   nan    	
1000 	4.990630e+02	1.834646e-04	3.500000e+01	5.507778e+03	   nan    	
1001 	4.995640e+02	1.837303e-04	3.500000e+01	5.508279e+03	   nan    	
1002 	5.000750e+02	1.849755e-04	3.500000e+01	5.508790e+03	   nan    	
1003 	5.005600e+02	1.843814e-04	3.500000e+01	5.509275e+03	   nan    	
1004 	5.010630e+02	1.841255e-04	3.500000e+01	5.509778e+03	   nan    	
1005 	5.015640e+02	1.836715e-04	3.500000e+01	5.510279e+03	   nan    	
1006 	5.020630e+02	1.825238e-04	3.500000e+01	5.510778e+03	   nan    	
1007 	5.025580e+02	1.826931e-04	3.500000e+01	5.511273e+03	   nan    	
1008 	5.030540e+02	1.826057e-04	3.500000e+01	5.511769e+03	   nan    	
1009 	5.035560e+02	1.814288e-04	3.500000e+01	5.512271e+03	   nan    	
1010 	5.040520e+02	1.809230e-04	3.500000e+01	5.512767e+03	   nan    	
1011 	5.045560e+02	1.819651e-04	3.500000e+01	5.513271e+03	   nan    	
1012 	5.050560e+02	1.817489e-04	3.500000e+01	5.513771e+03	   nan    	
1013 	5.055470e+02	1.828852e-04	3.500000e+01	5.514262e+03	   nan    	
1014 	5.060590e+02	1.820285e-04	3.500000e+01	5.514774e+03	   nan    	
1015 	5.065530e+02	1.805994e-04	3.500000e+01	5.515268e+03	   nan    	
1016 	5.070540e+02	1.819670e-04	3.500000e+01	5.515769e+03	   nan    	
1017 	5.075560e+02	1.811715e-04	3.500000e+01	5.516271e+03	   nan    	
1018 	5.080540e+02	1.802639e-04	3.500000e+01	5.516769e+03	   nan    	
1019 	5.085510e+02	1.795975e-04	3.500000e+01	5.517266e+03	   nan    	
1020 	5.090520e+02	1.805832e-04	3.500000e+01	5.517767e+03	   nan    	
1021 	5.095510e+02	1.802119e-04	3.500000e+01	5.518266e+03	   nan    	
1022 	5.100470e+02	1.804338e-04	3.500000e+01	5.518762e+03	   nan    	
1023 	5.105430e+02	1.804626e-04	3.500000e+01	5.519258e+03	   nan    	
1024 	5.110450e+02	1.803969e-04	3.500000e+01	5.519760e+03	   nan    	
1025 	5.115440e+02	1.812869e-04	3.500000e+01	5.520259e+03	   nan    	
1026 	5.120390e+02	1.809791e-04	3.500000e+01	5.520754e+03	   nan    	
1027 	5.125410e+02	1.811564e-04	3.500000e+01	5.521256e+03	   nan    	
1028 	5.130390e+02	1.798667e-04	3.500000e+01	5.521754e+03	   nan    	
1029 	5.135350e+02	1.794559e-04	3.500000e+01	5.522250e+03	   nan    	
1030 	5.140330e+02	1.807218e-04	3.500000e+01	5.522748e+03	   nan    	
1031 	5.145340e+02	1.801563e-04	3.500000e+01	5.523249e+03	   nan    	
1032 	5.150340e+02	1.810757e-04	3.500000e+01	5.523749e+03	   nan    	
1033 	5.155330e+02	1.805696e-04	3.500000e+01	5.524248e+03	   nan    	
1034 	5.160360e+02	1.820437e-04	3.500000e+01	5.524751e+03	   nan    	
1035 	5.165350e+02	1.829812e-04	3.500000e+01	5.525250e+03	   nan    	
1036 	5.170300e+02	1.845204e-04	3.500000e+01	5.525745e+03	   nan    	
1037 	5.175280e+02	1.829819e-04	3.500000e+01	5.526243e+03	   nan    	
1038 	5.180270e+02	1.835311e-04	3.500000e+01	5.526742e+03	   nan    	
1039 	5.185340e+02	1.813369e-04	3.500000e+01	5.527249e+03	   nan    	
1040 	5.190290e+02	1.830371e-04	3.500000e+01	5.527744e+03	   nan    	
1041 	5.195460e+02	1.825352e-04	3.500000e+01	5.528261e+03	   nan    	
1042 	5.200430e+02	1.825082e-04	3.500000e+01	5.528758e+03	   nan    	
1043 	5.205340e+02	1.831939e-04	3.500000e+01	5.529249e+03	   nan    	
1044 	5.210360e+02	1.832056e-04	3.500000e+01	5.529751e+03	   nan    	
1045 	5.215310e+02	1.837450e-04	3.500000e+01	5.530246e+03	   nan    	
1046 	5.220370e+02	1.820901e-04	3.500000e+01	5.530752e+03	   nan    	
1047 	5.225260e+02	1.818886e-04	3.500000e+01	5.531241e+03	   nan    	
1048 	5.230190e+02	1.803046e-04	3.500000e+01	5.531734e+03	   nan    	
1049 	5.235210e+02	1.808611e-04	3.500000e+01	5.532236e+03	   nan    	
1050 	5.240200e+02	1.814333e-04	3.500000e+01	5.532735e+03	   nan    	
1051 	5.245210e+02	1.815028e-04	3.500000e+01	5.533236e+03	   nan    	
1052 	5.250200e+02	1.805236e-04	3.500000e+01	5.533735e+03	   nan    	
1053 	5.255220e+02	1.810357e-04	3.500000e+01	5.534237e+03	   nan    	
1054 	5.260230e+02	1.798275e-04	3.500000e+01	5.534738e+03	   nan    	
1055 	5.265250e+02	1.806043e-04	3.500000e+01	5.535240e+03	   nan    	
1056 	5.270290e+02	1.800810e-04	3.500000e+01	5.535744e+03	   nan    	
1057 	5.275270e+02	1.805210e-04	3.500000e+01	5.536242e+03	   nan    	
1058 	5.280200e+02	1.815131e-04	3.500000e+01	5.536735e+03	   nan    	
1059 	5.285170e+02	1.805579e-04	3.500000e+01	5.537232e+03	   nan    	
1060 	5.290120e+02	1.811552e-04	3.500000e+01	5.537727e+03	   nan    	
1061 	5.295110e+02	1.804323e-04	3.500000e+01	5.538226e+03	   nan    	
1062 	5.300060e+02	1.796963e-04	3.500000e+01	5.538721e+03	   nan    	
1063 	5.305100e+02	1.798533e-04	3.500000e+01	5.539225e+03	   nan    	
1064 	5.310140e+02	1.798550e-04	3.500000e+01	5.539729e+03	   nan    	
1065 	5.315130e+02	1.795074e-04	3.500000e+01	5.540228e+03	   nan    	
1066 	5.320080e+02	1.802658e-04	3.500000e+01	5.540723e+03	   nan    	
1067 	5.325030e+02	1.799675e-04	3.500000e+01	5.541218e+03	   nan    	
1068 	5.330020e+02	1.799353e-04	3.500000e+01	5.541717e+03	   nan    	
1069 	5.334960e+02	1.802874e-04	3.500000e+01	5.542211e+03	   nan    	
1070 	5.339970e+02	1.791403e-04	3.500000e+01	5.542712e+03	   nan    	
1071 	5.345030e+02	1.791792e-04	3.500000e+01	5.543218e+03	   nan    	
1072 	5.349960e+02	1.799108e-04	3.500000e+01	5.543711e+03	   nan    	
1073 	5.354990e+02	1.796951e-04	3.500000e+01	5.544214e+03	   nan    	
1074 	5.359980e+02	1.788693e-04	3.500000e+01	5.544713e+03	   nan    	
1075 	5.365010e+02	1.790990e-04	3.500000e+01	5.545216e+03	   nan    	
1076 	5.370010e+02	1.784463e-04	3.500000e+01	5.545716e+03	   nan    	
1077 	5.375030e+02	1.783146e-04	3.500000e+01	5.546218e+03	   nan    	
1078 	5.380050e+02	1.773307e-04	3.500000e+01	5.546720e+03	   nan    	
1079 	5.385090e+02	1.770904e-04	3.500000e+01	5.547224e+03	   nan    	
1080 	5.390110e+02	1.767335e-04	3.500000e+01	5.547726e+03	   nan    	
1081 	5.395140e+02	1.758432e-04	3.500000e+01	5.548229e+03	   nan    	
1082 	5.400140e+02	1.764093e-04	3.500000e+01	5.548729e+03	   nan    	
1083 	5.405170e+02	1.757509e-04	3.500000e+01	5.549232e+03	   nan    	
1084 	5.410170e+02	1.824095e-04	3.500000e+01	5.549732e+03	   nan    	
1085 	5.415140e+02	1.800834e-04	3.500000e+01	5.550229e+03	   nan    	
1086 	5.420150e+02	1.797654e-04	3.500000e+01	5.550730e+03	   nan    	
1087 	5.425150e+02	1.789577e-04	3.500000e+01	5.551230e+03	   nan    	
1088 	5.430190e+02	1.786754e-04	3.500000e+01	5.551734e+03	   nan    	
1089 	5.435160e+02	1.791233e-04	3.500000e+01	5.552231e+03	   nan    	
1090 	5.440110e+02	1.787601e-04	3.500000e+01	5.552726e+03	   nan    	
1091 	5.445090e+02	1.779644e-04	3.500000e+01	5.553224e+03	   nan    	
1092 	5.450080e+02	1.794174e-04	3.500000e+01	5.553723e+03	   nan    	
1093 	5.455030e+02	1.781176e-04	3.500000e+01	5.554218e+03	   nan    	
1094 	5.459980e+02	1.787599e-04	3.500000e+01	5.554713e+03	   nan    	
1095 	5.464970e+02	1.768863e-04	3.500000e+01	5.555212e+03	   nan    	
1096 	5.469940e+02	1.776306e-04	3.500000e+01	5.555709e+03	   nan    	
1097 	5.474950e+02	1.773069e-04	3.500000e+01	5.556210e+03	   nan    	
1098 	5.479950e+02	1.776038e-04	3.500000e+01	5.556710e+03	   nan    	
1099 	5.484910e+02	1.772480e-04	3.500000e+01	5.557206e+03	   nan    	
1100 	5.489890e+02	1.765864e-04	3.500000e+01	5.557704e+03	   nan    	
1101 	5.494900e+02	1.764010e-04	3.500000e+01	5.558205e+03	   nan    	
1102 	5.499900e+02	1.759714e-04	3.500000e+01	5.558705e+03	   nan    	
1103 	5.504870e+02	1.766578e-04	3.500000e+01	5.559202e+03	   nan    	
1104 	5.509820e+02	1.760324e-04	3.500000e+01	5.559697e+03	   nan    	
1105 	5.514780e+02	1.762067e-04	3.500000e+01	5.560193e+03	   nan    	
1106 	5.519800e+02	1.762089e-04	3.500000e+01	5.560695e+03	   nan    	
1107 	5.524760e+02	1.747301e-04	3.500000e+01	5.561191e+03	   nan    	
1108 	5.529730e+02	1.749784e-04	3.500000e+01	5.561688e+03	   nan    	
1109 	5.534730e+02	1.757676e-04	3.500000e+01	5.562188e+03	   nan    	
1110 	5.539750e+02	1.765192e-04	3.500000e+01	5.562690e+03	   nan    	
1111 	5.544700e+02	1.760870e-04	3.500000e+01	5.563185e+03	   nan    	
1112 	5.549710e+02	1.758259e-04	3.500000e+01	5.563686e+03	   nan    	
1113 	5.554680e+02	1.753982e-04	3.500000e+01	5.564183e+03	   nan    	
1114 	5.559620e+02	1.743628e-04	3.500000e+01	5.564677e+03	   nan    	
1115 	5.564610e+02	1.752879e-04	3.500000e+01	5.565176e+03	   nan    	
1116 	5.569620e+02	1.748558e-04	3.500000e+01	5.565677e+03	   nan    	
1117 	5.574610e+02	1.746863e-04	3.500000e+01	5.566176e+03	   nan    	
1118 	5.579580e+02	1.744293e-04	3.500000e+01	5.566673e+03	   nan    	
1119 	5.584550e+02	1.748393e-04	3.500000e+01	5.567170e+03	   nan    	
1120 	5.589480e+02	1.752387e-04	3.500000e+01	5.567663e+03	   nan    	
1121 	5.594510e+02	1.750248e-04	3.500000e+01	5.568166e+03	   nan    	
1122 	5.599470e+02	1.741009e-04	3.500000e+01	5.568662e+03	   nan    	
1123 	5.604400e+02	1.753988e-04	3.500000e+01	5.569155e+03	   nan    	
1124 	5.609380e+02	1.758850e-04	3.500000e+01	5.569653e+03	   nan    	
1125 	5.614310e+02	1.754379e-04	3.500000e+01	5.570146e+03	   nan    	
1126 	5.619370e+02	1.754359e-04	3.500000e+01	5.570652e+03	   nan    	
1127 	5.624350e+02	1.755585e-04	3.500000e+01	5.571150e+03	   nan    	
1128 	5.629340e+02	1.759931e-04	3.500000e+01	5.571649e+03	   nan    	
1129 	5.634310e+02	1.754244e-04	3.500000e+01	5.572146e+03	   nan    	
1130 	5.639330e+02	1.750907e-04	3.500000e+01	5.572648e+03	   nan    	
1131 	5.644260e+02	1.754328e-04	3.500000e+01	5.573141e+03	   nan    	
1132 	5.649290e+02	1.752635e-04	3.500000e+01	5.573644e+03	   nan    	
1133 	5.654290e+02	1.758498e-04	3.500000e+01	5.574144e+03	   nan    	
1134 	5.659270e+02	1.748535e-04	3.500000e+01	5.574642e+03	   nan    	
1135 	5.664300e+02	1.748932e-04	3.500000e+01	5.575145e+03	   nan    	
1136 	5.669230e+02	1.735752e-04	3.500000e+01	5.575638e+03	   nan    	
1137 	5.674260e+02	1.734057e-04	3.500000e+01	5.576141e+03	   nan    	
1138 	5.679200e+02	1.730599e-04	3.500000e+01	5.576635e+03	   nan    	
1139 	5.684230e+02	1.728461e-04	3.500000e+01	5.577138e+03	   nan    	
1140 	5.689230e+02	1.729461e-04	3.500000e+01	5.577638e+03	   nan    	
1141 	5.694210e+02	1.721383e-04	3.500000e+01	5.578136e+03	   nan    	
1142 	5.699200e+02	1.727738e-04	3.500000e+01	5.578635e+03	   nan    	
1143 	5.704240e+02	1.731848e-04	3.500000e+01	5.579139e+03	   nan    	
1144 	5.709300e+02	1.724095e-04	3.500000e+01	5.579645e+03	   nan    	
1145 	5.714310e+02	1.716836e-04	3.500000e+01	5.580146e+03	   nan    	
1146 	5.719350e+02	1.716842e-04	3.500000e+01	5.580650e+03	   nan    	
1147 	5.724350e+02	1.723030e-04	3.500000e+01	5.581150e+03	   nan    	
1148 	5.729340e+02	1.722695e-04	3.500000e+01	5.581649e+03	   nan    	
1149 	5.734340e+02	1.723478e-04	3.500000e+01	5.582149e+03	   nan    	
1150 	5.739360e+02	1.728298e-04	3.500000e+01	5.582651e+03	   nan    	
1151 	5.744370e+02	1.738992e-04	3.500000e+01	5.583152e+03	   nan    	
1152 	5.749340e+02	1.737633e-04	3.500000e+01	5.583649e+03	   nan    	
1153 	5.754350e+02	1.719946e-04	3.500000e+01	5.584150e+03	   nan    	
1154 	5.759320e+02	1.725252e-04	3.500000e+01	5.584647e+03	   nan    	
1155 	5.764360e+02	1.736650e-04	3.500000e+01	5.585151e+03	   nan    	
1156 	5.769360e+02	1.736604e-04	3.500000e+01	5.585651e+03	   nan    	
1157 	5.774370e+02	1.729477e-04	3.500000e+01	5.586152e+03	   nan    	
1158 	5.779330e+02	1.722532e-04	3.500000e+01	5.586648e+03	   nan    	
1159 	5.784280e+02	1.711684e-04	3.500000e+01	5.587143e+03	   nan    	
1160 	5.789320e+02	1.709217e-04	3.500000e+01	5.587647e+03	   nan    	
1161 	5.794330e+02	1.707607e-04	3.500000e+01	5.588148e+03	   nan    	
1162 	5.799310e+02	1.710363e-04	3.500000e+01	5.588646e+03	   nan    	
1163 	5.804340e+02	1.696052e-04	3.500000e+01	5.589149e+03	   nan    	
1164 	5.809340e+02	1.706620e-04	3.500000e+01	5.589649e+03	   nan    	
1165 	5.814310e+02	1.692463e-04	3.500000e+01	5.590146e+03	   nan    	
1166 	5.819320e+02	1.699423e-04	3.500000e+01	5.590647e+03	   nan    	
1167 	5.824270e+02	1.693220e-04	3.500000e+01	5.591142e+03	   nan    	
1168 	5.829210e+02	1.703470e-04	3.500000e+01	5.591636e+03	   nan    	
1169 	5.834200e+02	1.710011e-04	3.500000e+01	5.592135e+03	   nan    	
1170 	5.839260e+02	1.708052e-04	3.500000e+01	5.592641e+03	   nan    	
1171 	5.844220e+02	1.721222e-04	3.500000e+01	5.593137e+03	   nan    	
1172 	5.849190e+02	1.716593e-04	3.500000e+01	5.593634e+03	   nan    	
1173 	5.854090e+02	1.706667e-04	3.500000e+01	5.594124e+03	   nan    	
1174 	5.859120e+02	1.709530e-04	3.500000e+01	5.594627e+03	   nan    	
1175 	5.864170e+02	1.704076e-04	3.500000e+01	5.595132e+03	   nan    	
1176 	5.869170e+02	1.728099e-04	3.500000e+01	5.595632e+03	   nan    	
1177 	5.874150e+02	1.719906e-04	3.500000e+01	5.596130e+03	   nan    	
1178 	5.879150e+02	1.709988e-04	3.500000e+01	5.596630e+03	   nan    	
1179 	5.884090e+02	1.706891e-04	3.500000e+01	5.597124e+03	   nan    	
1180 	5.889080e+02	1.706841e-04	3.500000e+01	5.597623e+03	   nan    	
1181 	5.894090e+02	1.715127e-04	3.500000e+01	5.598124e+03	   nan    	
1182 	5.899050e+02	1.712554e-04	3.500000e+01	5.598620e+03	   nan    	
1183 	5.904040e+02	1.706727e-04	3.500000e+01	5.599119e+03	   nan    	
1184 	5.909020e+02	1.706397e-04	3.500000e+01	5.599617e+03	   nan    	
1185 	5.913970e+02	1.712374e-04	3.500000e+01	5.600112e+03	   nan    	
1186 	5.918980e+02	1.710357e-04	3.500000e+01	5.600613e+03	   nan    	
1187 	5.923980e+02	1.715427e-04	3.500000e+01	5.601113e+03	   nan    	
1188 	5.929000e+02	1.713206e-04	3.500000e+01	5.601615e+03	   nan    	
1189 	5.934000e+02	1.703879e-04	3.500000e+01	5.602115e+03	   nan    	
1190 	5.939050e+02	1.705571e-04	3.500000e+01	5.602620e+03	   nan    	
1191 	5.944020e+02	1.706433e-04	3.500000e+01	5.603117e+03	   nan    	
1192 	5.948980e+02	1.711042e-04	3.500000e+01	5.603613e+03	   nan    	
1193 	5.953910e+02	1.711026e-04	3.500000e+01	5.604106e+03	   nan    	
1194 	5.958890e+02	1.704048e-04	3.500000e+01	5.604604e+03	   nan    	
1195 	5.963910e+02	1.702481e-04	3.500000e+01	5.605106e+03	   nan    	
1196 	5.968880e+02	1.694266e-04	3.500000e+01	5.605603e+03	   nan    	
1197 	5.973860e+02	1.693603e-04	3.500000e+01	5.606101e+03	   nan    	
1198 	5.978800e+02	1.695204e-04	3.500000e+01	5.606595e+03	   nan    	
1199 	5.983820e+02	1.695871e-04	3.500000e+01	5.607097e+03	   nan    	
1200 	5.988780e+02	1.703072e-04	3.500000e+01	5.607593e+03	   nan    	
1201 	5.993770e+02	1.703902e-04	3.500000e+01	5.608092e+03	   nan    	
1202 	5.998730e+02	1.691516e-04	3.500000e+01	5.608588e+03	   nan    	
1203 	6.003720e+02	1.686318e-04	3.500000e+01	5.609087e+03	   nan    	
1204 	6.008730e+02	1.697360e-04	3.500000e+01	5.609588e+03	   nan    	
1205 	6.013790e+02	1.692793e-04	3.500000e+01	5.610094e+03	   nan    	
1206 	6.018700e+02	1.691913e-04	3.500000e+01	5.610585e+03	   nan    	
1207 	6.023720e+02	1.690033e-04	3.500000e+01	5.611087e+03	   nan    	
1208 	6.028660e+02	1.694213e-04	3.500000e+01	5.611581e+03	   nan    	
1209 	6.033590e+02	1.688558e-04	3.500000e+01	5.612074e+03	   nan    	
1210 	6.038570e+02	1.696696e-04	3.500000e+01	5.612572e+03	   nan    	
1211 	6.043530e+02	1.689626e-04	3.500000e+01	5.613068e+03	   nan    	
1212 	6.048500e+02	1.692335e-04	3.500000e+01	5.613565e+03	   nan    	
1213 	6.053500e+02	1.685499e-04	3.500000e+01	5.614065e+03	   nan    	
1214 	6.058510e+02	1.676584e-04	3.500000e+01	5.614566e+03	   nan    	
1215 	6.063460e+02	1.672730e-04	3.500000e+01	5.615061e+03	   nan    	
1216 	6.068450e+02	1.674207e-04	3.500000e+01	5.615560e+03	   nan    	
1217 	6.073420e+02	1.681099e-04	3.500000e+01	5.616057e+03	   nan    	
1218 	6.078420e+02	1.677945e-04	3.500000e+01	5.616557e+03	   nan    	
1219 	6.083380e+02	1.680230e-04	3.500000e+01	5.617053e+03	   nan    	
1220 	6.088330e+02	1.698313e-04	3.500000e+01	5.617548e+03	   nan    	
1221 	6.093380e+02	1.699325e-04	3.500000e+01	5.618053e+03	   nan    	
1222 	6.098420e+02	1.687358e-04	3.500000e+01	5.618557e+03	   nan    	
1223 	6.103450e+02	1.680696e-04	3.500000e+01	5.619060e+03	   nan    	
1224 	6.108500e+02	1.674549e-04	3.500000e+01	5.619565e+03	   nan    	
1225 	6.113440e+02	1.681516e-04	3.500000e+01	5.620059e+03	   nan    	
1226 	6.118440e+02	1.683986e-04	3.500000e+01	5.620559e+03	   nan    	
1227 	6.123360e+02	1.681539e-04	3.500000e+01	5.621051e+03	   nan    	
1228 	6.128330e+02	1.689382e-04	3.500000e+01	5.621548e+03	   nan    	
1229 	6.133270e+02	1.693697e-04	3.500000e+01	5.622042e+03	   nan    	
1230 	6.138300e+02	1.696579e-04	3.500000e+01	5.622545e+03	   nan    	
1231 	6.143260e+02	1.681180e-04	3.500000e+01	5.623041e+03	   nan    	
1232 	6.148260e+02	1.678999e-04	3.500000e+01	5.623541e+03	   nan    	
1233 	6.153220e+02	1.674603e-04	3.500000e+01	5.624037e+03	   nan    	
1234 	6.158270e+02	1.678738e-04	3.500000e+01	5.624542e+03	   nan    	
1235 	6.163310e+02	1.699389e-04	3.500000e+01	5.625046e+03	   nan    	
1236 	6.168230e+02	1.685603e-04	3.500000e+01	5.625538e+03	   nan    	
1237 	6.173150e+02	1.686294e-04	3.500000e+01	5.626030e+03	   nan    	
1238 	6.178150e+02	1.674237e-04	3.500000e+01	5.626530e+03	   nan    	
1239 	6.183100e+02	1.693481e-04	3.500000e+01	5.627025e+03	   nan    	
1240 	6.188090e+02	1.704792e-04	3.500000e+01	5.627524e+03	   nan    	
1241 	6.193050e+02	1.698137e-04	3.500000e+01	5.628020e+03	   nan    	
1242 	6.198050e+02	1.688732e-04	3.500000e+01	5.628520e+03	   nan    	
1243 	6.203060e+02	1.710614e-04	3.500000e+01	5.629021e+03	   nan    	
1244 	6.208080e+02	1.713373e-04	3.500000e+01	5.629523e+03	   nan    	
1245 	6.213110e+02	1.711176e-04	3.500000e+01	5.630026e+03	   nan    	
1246 	6.218060e+02	1.703335e-04	3.500000e+01	5.630521e+03	   nan    	
1247 	6.223030e+02	1.694943e-04	3.500000e+01	5.631018e+03	   nan    	
1248 	6.228020e+02	1.698329e-04	3.500000e+01	5.631517e+03	   nan    	
1249 	6.233030e+02	1.696228e-04	3.500000e+01	5.632018e+03	   nan    	
1250 	6.238000e+02	1.697806e-04	3.500000e+01	5.632515e+03	   nan    	
1251 	6.243010e+02	1.702738e-04	3.500000e+01	5.633016e+03	   nan    	
1252 	6.248030e+02	1.704634e-04	3.500000e+01	5.633518e+03	   nan    	
1253 	6.253010e+02	1.694035e-04	3.500000e+01	5.634016e+03	   nan    	
1254 	6.258030e+02	1.694351e-04	3.500000e+01	5.634518e+03	   nan    	
1255 	6.263030e+02	1.693673e-04	3.500000e+01	5.635018e+03	   nan    	
1256 	6.268070e+02	1.695819e-04	3.500000e+01	5.635522e+03	   nan    	
1257 	6.273080e+02	1.700815e-04	3.500000e+01	5.636023e+03	   nan    	
1258 	6.278030e+02	1.694767e-04	3.500000e+01	5.636518e+03	   nan    	
1259 	6.283080e+02	1.695124e-04	3.500000e+01	5.637023e+03	   nan    	
1260 	6.288000e+02	1.686380e-04	3.500000e+01	5.637515e+03	   nan    	
1261 	6.292940e+02	1.682294e-04	3.500000e+01	5.638009e+03	   nan    	
1262 	6.297960e+02	1.688799e-04	3.500000e+01	5.638511e+03	   nan    	
1263 	6.302960e+02	1.674795e-04	3.500000e+01	5.639011e+03	   nan    	
1264 	6.307910e+02	1.681813e-04	3.500000e+01	5.639506e+03	   nan    	
1265 	6.312890e+02	1.681100e-04	3.500000e+01	5.640004e+03	   nan    	
1266 	6.317910e+02	1.675138e-04	3.500000e+01	5.640506e+03	   nan    	
1267 	6.322960e+02	1.669614e-04	3.500000e+01	5.641011e+03	   nan    	
1268 	6.327910e+02	1.663112e-04	3.500000e+01	5.641506e+03	   nan    	
1269 	6.332890e+02	1.665815e-04	3.500000e+01	5.642004e+03	   nan    	
1270 	6.337910e+02	1.657559e-04	3.500000e+01	5.642506e+03	   nan    	
1271 	6.342860e+02	1.658180e-04	3.500000e+01	5.643001e+03	   nan    	
1272 	6.347860e+02	1.665677e-04	3.500000e+01	5.643501e+03	   nan    	
1273 	6.352860e+02	1.678242e-04	3.500000e+01	5.644001e+03	   nan    	
1274 	6.357840e+02	1.673712e-04	3.500000e+01	5.644499e+03	   nan    	
1275 	6.362840e+02	1.677819e-04	3.500000e+01	5.644999e+03	   nan    	
1276 	6.367860e+02	1.671083e-04	3.500000e+01	5.645501e+03	   nan    	
1277 	6.372820e+02	1.665406e-04	3.500000e+01	5.645997e+03	   nan    	
1278 	6.377780e+02	1.663780e-04	3.500000e+01	5.646493e+03	   nan    	
1279 	6.382740e+02	1.657700e-04	3.500000e+01	5.646989e+03	   nan    	
1280 	6.387760e+02	1.650144e-04	3.500000e+01	5.647491e+03	   nan    	
1281 	6.392820e+02	1.655546e-04	3.500000e+01	5.647997e+03	   nan    	
1282 	6.397900e+02	1.659633e-04	3.500000e+01	5.648505e+03	   nan    	
1283 	6.402860e+02	1.657352e-04	3.500000e+01	5.649001e+03	   nan    	
1284 	6.407780e+02	1.662578e-04	3.500000e+01	5.649493e+03	   nan    	
1285 	6.412900e+02	1.663560e-04	3.500000e+01	5.650005e+03	   nan    	
1286 	6.417820e+02	1.660164e-04	3.500000e+01	5.650497e+03	   nan    	
1287 	6.422980e+02	1.656307e-04	3.500000e+01	5.651013e+03	   nan    	
1288 	6.427990e+02	1.658688e-04	3.500000e+01	5.651514e+03	   nan    	
1289 	6.432990e+02	1.651113e-04	3.500000e+01	5.652014e+03	   nan    	
1290 	6.437960e+02	1.658436e-04	3.500000e+01	5.652511e+03	   nan    	
1291 	6.443000e+02	1.668396e-04	3.500000e+01	5.653015e+03	   nan    	
1292 	6.447900e+02	1.672215e-04	3.500000e+01	5.653505e+03	   nan    	
1293 	6.452870e+02	1.667947e-04	3.500000e+01	5.654002e+03	   nan    	
1294 	6.457900e+02	1.659904e-04	3.500000e+01	5.654505e+03	   nan    	
1295 	6.462890e+02	1.663859e-04	3.500000e+01	5.655004e+03	   nan    	
1296 	6.467900e+02	1.655870e-04	3.500000e+01	5.655505e+03	   nan    	
1297 	6.472950e+02	1.654655e-04	3.500000e+01	5.656010e+03	   nan    	
1298 	6.477930e+02	1.662984e-04	3.500000e+01	5.656508e+03	   nan    	
1299 	6.482900e+02	1.663315e-04	3.500000e+01	5.657005e+03	   nan    	
1300 	6.487810e+02	1.657541e-04	3.500000e+01	5.657496e+03	   nan    	
1301 	6.492890e+02	1.657915e-04	3.500000e+01	5.658004e+03	   nan    	
1302 	6.497900e+02	1.653119e-04	3.500000e+01	5.658505e+03	   nan    	
1303 	6.502770e+02	1.651502e-04	3.500000e+01	5.658992e+03	   nan    	
1304 	6.507730e+02	1.651856e-04	3.500000e+01	5.659488e+03	   nan    	
1305 	6.512890e+02	1.645235e-04	3.500000e+01	5.660004e+03	   nan    	
1306 	6.517760e+02	1.644651e-04	3.500000e+01	5.660491e+03	   nan    	
1307 	6.522720e+02	1.649387e-04	3.500000e+01	5.660987e+03	   nan    	
1308 	6.527820e+02	1.650685e-04	3.500000e+01	5.661497e+03	   nan    	
1309 	6.532820e+02	1.653718e-04	3.500000e+01	5.661997e+03	   nan    	
1310 	6.537790e+02	1.653551e-04	3.500000e+01	5.662494e+03	   nan    	
1311 	6.542840e+02	1.650718e-04	3.500000e+01	5.662999e+03	   nan    	
1312 	6.547840e+02	1.655239e-04	3.500000e+01	5.663499e+03	   nan    	
1313 	6.552850e+02	1.654946e-04	3.500000e+01	5.664000e+03	   nan    	
1314 	6.557830e+02	1.656657e-04	3.500000e+01	5.664498e+03	   nan    	
1315 	6.562800e+02	1.650974e-04	3.500000e+01	5.664995e+03	   nan    	
1316 	6.567860e+02	1.646589e-04	3.500000e+01	5.665501e+03	   nan    	
1317 	6.572830e+02	1.644435e-04	3.500000e+01	5.665998e+03	   nan    	
1318 	6.578030e+02	1.640773e-04	3.500000e+01	5.666518e+03	   nan    	
1319 	6.582850e+02	1.639835e-04	3.500000e+01	5.667000e+03	   nan    	
1320 	6.587890e+02	1.664438e-04	3.500000e+01	5.667504e+03	   nan    	
1321 	6.592910e+02	1.663147e-04	3.500000e+01	5.668006e+03	   nan    	
1322 	6.597870e+02	1.653299e-04	3.500000e+01	5.668502e+03	   nan    	
1323 	6.602910e+02	1.653904e-04	3.500000e+01	5.669006e+03	   nan    	
1324 	6.607890e+02	1.653804e-04	3.500000e+01	5.669504e+03	   nan    	
1325 	6.612810e+02	1.652243e-04	3.500000e+01	5.669996e+03	   nan    	
1326 	6.617830e+02	1.644878e-04	3.500000e+01	5.670498e+03	   nan    	
1327 	6.622890e+02	1.646365e-04	3.500000e+01	5.671004e+03	   nan    	
1328 	6.627820e+02	1.645854e-04	3.500000e+01	5.671497e+03	   nan    	
1329 	6.632840e+02	1.633269e-04	3.500000e+01	5.671999e+03	   nan    	
1330 	6.637910e+02	1.641385e-04	3.500000e+01	5.672506e+03	   nan    	
1331 	6.642870e+02	1.643574e-04	3.500000e+01	5.673002e+03	   nan    	
1332 	6.647970e+02	1.640205e-04	3.500000e+01	5.673512e+03	   nan    	
1333 	6.652920e+02	1.636363e-04	3.500000e+01	5.674007e+03	   nan    	
1334 	6.657910e+02	1.635661e-04	3.500000e+01	5.674506e+03	   nan    	
1335 	6.662840e+02	1.633440e-04	3.500000e+01	5.674999e+03	   nan    	
1336 	6.667830e+02	1.636015e-04	3.500000e+01	5.675498e+03	   nan    	
1337 	6.672780e+02	1.641485e-04	3.500000e+01	5.675993e+03	   nan    	
1338 	6.677820e+02	1.621510e-04	3.500000e+01	5.676497e+03	   nan    	
1339 	6.682800e+02	1.630676e-04	3.500000e+01	5.676995e+03	   nan    	
1340 	6.687720e+02	1.626445e-04	3.500000e+01	5.677487e+03	   nan    	
1341 	6.692740e+02	1.635504e-04	3.500000e+01	5.677989e+03	   nan    	
1342 	6.697690e+02	1.630889e-04	3.500000e+01	5.678484e+03	   nan    	
1343 	6.702790e+02	1.627935e-04	3.500000e+01	5.678994e+03	   nan    	
1344 	6.707780e+02	1.614369e-04	3.500000e+01	5.679493e+03	   nan    	
1345 	6.712730e+02	1.629894e-04	3.500000e+01	5.679988e+03	   nan    	
1346 	6.717760e+02	1.622485e-04	3.500000e+01	5.680491e+03	   nan    	
1347 	6.722780e+02	1.613120e-04	3.500000e+01	5.680993e+03	   nan    	
1348 	6.727810e+02	1.611267e-04	3.500000e+01	5.681496e+03	   nan    	
1349 	6.731870e+02	1.614950e-04	3.500000e+01	5.681902e+03	   nan    	
1350 	6.736850e+02	1.611866e-04	3.500000e+01	5.682400e+03	   nan    	
1351 	6.741970e+02	1.614396e-04	3.500000e+01	5.682912e+03	   nan    	
1352 	6.746870e+02	1.613042e-04	3.500000e+01	5.683402e+03	   nan    	
1353 	6.751830e+02	1.608393e-04	3.500000e+01	5.683898e+03	   nan    	
1354 	6.756830e+02	1.612088e-04	3.500000e+01	5.684398e+03	   nan    	
1355 	6.761800e+02	1.618477e-04	3.500000e+01	5.684895e+03	   nan    	
1356 	6.766900e+02	1.615324e-04	3.500000e+01	5.685405e+03	   nan    	
1357 	6.771750e+02	1.627306e-04	3.500000e+01	5.685890e+03	   nan    	
1358 	6.777690e+02	1.619651e-04	3.500000e+01	5.686484e+03	   nan    	
1359 	6.781770e+02	1.615902e-04	3.500000e+01	5.686892e+03	   nan    	
1360 	6.786800e+02	1.626692e-04	3.500000e+01	5.687395e+03	   nan    	
1361 	6.791750e+02	1.617952e-04	3.500000e+01	5.687890e+03	   nan    	
1362 	6.796700e+02	1.620160e-04	3.500000e+01	5.688385e+03	   nan    	
1363 	6.801700e+02	1.623366e-04	3.500000e+01	5.688885e+03	   nan    	
1364 	6.806680e+02	1.632285e-04	3.500000e+01	5.689383e+03	   nan    	
1365 	6.811620e+02	1.627304e-04	3.500000e+01	5.689877e+03	   nan    	
1366 	6.816580e+02	1.634398e-04	3.500000e+01	5.690373e+03	   nan    	
1367 	6.821540e+02	1.627576e-04	3.500000e+01	5.690869e+03	   nan    	
1368 	6.826540e+02	1.629069e-04	3.500000e+01	5.691369e+03	   nan    	
1369 	6.831570e+02	1.621101e-04	3.500000e+01	5.691872e+03	   nan    	
1370 	6.836490e+02	1.616576e-04	3.500000e+01	5.692364e+03	   nan    	
1371 	6.841520e+02	1.611624e-04	3.500000e+01	5.692867e+03	   nan    	
1372 	6.846480e+02	1.620448e-04	3.500000e+01	5.693363e+03	   nan    	
1373 	6.851470e+02	1.615991e-04	3.500000e+01	5.693862e+03	   nan    	
1374 	6.856530e+02	1.614224e-04	3.500000e+01	5.694368e+03	   nan    	
1375 	6.861520e+02	1.608999e-04	3.500000e+01	5.694867e+03	   nan    	
1376 	6.866490e+02	1.614532e-04	3.500000e+01	5.695364e+03	   nan    	
1377 	6.871460e+02	1.608524e-04	3.500000e+01	5.695861e+03	   nan    	
1378 	6.876400e+02	1.612452e-04	3.500000e+01	5.696355e+03	   nan    	
1379 	6.881410e+02	1.613144e-04	3.500000e+01	5.696856e+03	   nan    	
1380 	6.886420e+02	1.602990e-04	3.500000e+01	5.697357e+03	   nan    	
1381 	6.891390e+02	1.597500e-04	3.500000e+01	5.697854e+03	   nan    	
1382 	6.896460e+02	1.597724e-04	3.500000e+01	5.698361e+03	   nan    	
1383 	6.901410e+02	1.597993e-04	3.500000e+01	5.698856e+03	   nan    	
1384 	6.906370e+02	1.593856e-04	3.500000e+01	5.699352e+03	   nan    	
1385 	6.911380e+02	1.596726e-04	3.500000e+01	5.699853e+03	   nan    	
1386 	6.916370e+02	1.591243e-04	3.500000e+01	5.700352e+03	   nan    	
1387 	6.921300e+02	1.588985e-04	3.500000e+01	5.700845e+03	   nan    	
1388 	6.926320e+02	1.584395e-04	3.500000e+01	5.701347e+03	   nan    	
1389 	6.931390e+02	1.587651e-04	3.500000e+01	5.701854e+03	   nan    	
1390 	6.936300e+02	1.593329e-04	3.500000e+01	5.702345e+03	   nan    	
1391 	6.941240e+02	1.581423e-04	3.500000e+01	5.702839e+03	   nan    	
1392 	6.946230e+02	1.582969e-04	3.500000e+01	5.703338e+03	   nan    	
1393 	6.951260e+02	1.593103e-04	3.500000e+01	5.703841e+03	   nan    	
1394 	6.956300e+02	1.607759e-04	3.500000e+01	5.704345e+03	   nan    	
1395 	6.961390e+02	1.604841e-04	3.500000e+01	5.704854e+03	   nan    	
1396 	6.966250e+02	1.592145e-04	3.500000e+01	5.705340e+03	   nan    	
1397 	6.971220e+02	1.598851e-04	3.500000e+01	5.705837e+03	   nan    	
1398 	6.976210e+02	1.600429e-04	3.500000e+01	5.706336e+03	   nan    	
1399 	6.981220e+02	1.598138e-04	3.500000e+01	5.706837e+03	   nan    	
1400 	6.986210e+02	1.595367e-04	3.500000e+01	5.707336e+03	   nan    	
1401 	6.991180e+02	1.592559e-04	3.500000e+01	5.707833e+03	   nan    	
1402 	6.996160e+02	1.586156e-04	3.500000e+01	5.708331e+03	   nan    	
1403 	7.001230e+02	1.585833e-04	3.500000e+01	5.708838e+03	   nan    	
1404 	7.006180e+02	1.587704e-04	3.500000e+01	5.709333e+03	   nan    	
1405 	7.011180e+02	1.579878e-04	3.500000e+01	5.709833e+03	   nan    	
1406 	7.016140e+02	1.578602e-04	3.500000e+01	5.710329e+03	   nan    	
1407 	7.021120e+02	1.575576e-04	3.500000e+01	5.710827e+03	   nan    	
1408 	7.026140e+02	1.576338e-04	3.500000e+01	5.711329e+03	   nan    	
1409 	7.031130e+02	1.575932e-04	3.500000e+01	5.711828e+03	   nan    	
1410 	7.036230e+02	1.580222e-04	3.500000e+01	5.712338e+03	   nan    	
1411 	7.041080e+02	1.571526e-04	3.500000e+01	5.712823e+03	   nan    	
1412 	7.046010e+02	1.573757e-04	3.500000e+01	5.713316e+03	   nan    	
1413 	7.051050e+02	1.572240e-04	3.500000e+01	5.713820e+03	   nan    	
1414 	7.056080e+02	1.569019e-04	3.500000e+01	5.714323e+03	   nan    	
1415 	7.062010e+02	1.567141e-04	3.500000e+01	5.714916e+03	   nan    	
1416 	7.066970e+02	1.569910e-04	3.500000e+01	5.715412e+03	   nan    	
1417 	7.071990e+02	1.578186e-04	3.500000e+01	5.715914e+03	   nan    	
1418 	7.077000e+02	1.578420e-04	3.500000e+01	5.716415e+03	   nan    	
1419 	7.081070e+02	1.580991e-04	3.500000e+01	5.716822e+03	   nan    	
1420 	7.086000e+02	1.583256e-04	3.500000e+01	5.717315e+03	   nan    	
1421 	7.091080e+02	1.577761e-04	3.500000e+01	5.717823e+03	   nan    	
1422 	7.096150e+02	1.579471e-04	3.500000e+01	5.718330e+03	   nan    	
1423 	7.101020e+02	1.583878e-04	3.500000e+01	5.718817e+03	   nan    	
1424 	7.106050e+02	1.582133e-04	3.500000e+01	5.719320e+03	   nan    	
1425 	7.110980e+02	1.583702e-04	3.500000e+01	5.719813e+03	   nan    	
1426 	7.116050e+02	1.582854e-04	3.500000e+01	5.720320e+03	   nan    	
1427 	7.121010e+02	1.583939e-04	3.500000e+01	5.720816e+03	   nan    	
1428 	7.126020e+02	1.585137e-04	3.500000e+01	5.721317e+03	   nan    	
1429 	7.130980e+02	1.602359e-04	3.500000e+01	5.721813e+03	   nan    	
1430 	7.135960e+02	1.593760e-04	3.500000e+01	5.722311e+03	   nan    	
1431 	7.140920e+02	1.599829e-04	3.500000e+01	5.722807e+03	   nan    	
1432 	7.145910e+02	1.589761e-04	3.500000e+01	5.723306e+03	   nan    	
1433 	7.150890e+02	1.588809e-04	3.500000e+01	5.723804e+03	   nan    	
1434 	7.155880e+02	1.586336e-04	3.500000e+01	5.724303e+03	   nan    	
1435 	7.160890e+02	1.580655e-04	3.500000e+01	5.724804e+03	   nan    	
1436 	7.165900e+02	1.577173e-04	3.500000e+01	5.725305e+03	   nan    	
1437 	7.170840e+02	1.574850e-04	3.500000e+01	5.725799e+03	   nan    	
1438 	7.175810e+02	1.586486e-04	3.500000e+01	5.726296e+03	   nan    	
1439 	7.180830e+02	1.577895e-04	3.500000e+01	5.726798e+03	   nan    	
1440 	7.185840e+02	1.589724e-04	3.500000e+01	5.727299e+03	   nan    	
1441 	7.190830e+02	1.596088e-04	3.500000e+01	5.727798e+03	   nan    	
1442 	7.195840e+02	1.590553e-04	3.500000e+01	5.728299e+03	   nan    	
1443 	7.200850e+02	1.586781e-04	3.500000e+01	5.728800e+03	   nan    	
1444 	7.205870e+02	1.585799e-04	3.500000e+01	5.729302e+03	   nan    	
1445 	7.210940e+02	1.585659e-04	3.500000e+01	5.729809e+03	   nan    	
1446 	7.215860e+02	1.596278e-04	3.500000e+01	5.730301e+03	   nan    	
1447 	7.220900e+02	1.593325e-04	3.500000e+01	5.730805e+03	   nan    	
1448 	7.225920e+02	1.586304e-04	3.500000e+01	5.731307e+03	   nan    	
1449 	7.231770e+02	1.590959e-04	3.500000e+01	5.731892e+03	   nan    	
1450 	7.235870e+02	1.587611e-04	3.500000e+01	5.732302e+03	   nan    	
1451 	7.241670e+02	1.586665e-04	3.500000e+01	5.732882e+03	   nan    	
1452 	7.246690e+02	1.585336e-04	3.500000e+01	5.733384e+03	   nan    	
1453 	7.251810e+02	1.576130e-04	3.500000e+01	5.733896e+03	   nan    	
1454 	7.256780e+02	1.574648e-04	3.500000e+01	5.734393e+03	   nan    	
1455 	7.261670e+02	1.573425e-04	3.500000e+01	5.734882e+03	   nan    	
1456 	7.266710e+02	1.572009e-04	3.500000e+01	5.735386e+03	   nan    	
1457 	7.270770e+02	1.566677e-04	3.500000e+01	5.735792e+03	   nan    	
1458 	7.275700e+02	1.566546e-04	3.500000e+01	5.736285e+03	   nan    	
1459 	7.281630e+02	1.590365e-04	3.500000e+01	5.736878e+03	   nan    	
1460 	7.285650e+02	1.581864e-04	3.500000e+01	5.737280e+03	   nan    	
1461 	7.290590e+02	1.573489e-04	3.500000e+01	5.737774e+03	   nan    	
1462 	7.295610e+02	1.570950e-04	3.500000e+01	5.738276e+03	   nan    	
1463 	7.300620e+02	1.574552e-04	3.500000e+01	5.738777e+03	   nan    	
1464 	7.305680e+02	1.572449e-04	3.500000e+01	5.739283e+03	   nan    	
1465 	7.310610e+02	1.576021e-04	3.500000e+01	5.739776e+03	   nan    	
1466 	7.315560e+02	1.566911e-04	3.500000e+01	5.740271e+03	   nan    	
1467 	7.320560e+02	1.567284e-04	3.500000e+01	5.740771e+03	   nan    	
1468 	7.325580e+02	1.572967e-04	3.500000e+01	5.741273e+03	   nan    	
1469 	7.330560e+02	1.569170e-04	3.500000e+01	5.741771e+03	   nan    	
1470 	7.335560e+02	1.569808e-04	3.500000e+01	5.742271e+03	   nan    	
1471 	7.340550e+02	1.564797e-04	3.500000e+01	5.742770e+03	   nan    	
1472 	7.345500e+02	1.560782e-04	3.500000e+01	5.743265e+03	   nan    	
1473 	7.350480e+02	1.558952e-04	3.500000e+01	5.743763e+03	   nan    	
1474 	7.355560e+02	1.565231e-04	3.500000e+01	5.744271e+03	   nan    	
1475 	7.360480e+02	1.558517e-04	3.500000e+01	5.744763e+03	   nan    	
1476 	7.365440e+02	1.558246e-04	3.500000e+01	5.745259e+03	   nan    	
1477 	7.371340e+02	1.568693e-04	3.500000e+01	5.745849e+03	   nan    	
1478 	7.375400e+02	1.570305e-04	3.500000e+01	5.746255e+03	   nan    	
1479 	7.380360e+02	1.573017e-04	3.500000e+01	5.746751e+03	   nan    	
1480 	7.385430e+02	1.569015e-04	3.500000e+01	5.747258e+03	   nan    	
1481 	7.391350e+02	1.564944e-04	3.500000e+01	5.747850e+03	   nan    	
1482 	7.395400e+02	1.563279e-04	3.500000e+01	5.748255e+03	   nan    	
1483 	7.400440e+02	1.565014e-04	3.500000e+01	5.748759e+03	   nan    	
1484 	7.406300e+02	1.559503e-04	3.500000e+01	5.749345e+03	   nan    	
1485 	7.411180e+02	1.548132e-04	3.500000e+01	5.749833e+03	   nan    	
1486 	7.416220e+02	1.553721e-04	3.500000e+01	5.750337e+03	   nan    	
1487 	7.421260e+02	1.557574e-04	3.500000e+01	5.750841e+03	   nan    	
1488 	7.426230e+02	1.552092e-04	3.500000e+01	5.751338e+03	   nan    	
1489 	7.431250e+02	1.567031e-04	3.500000e+01	5.751840e+03	   nan    	
1490 	7.436330e+02	1.566816e-04	3.500000e+01	5.752348e+03	   nan    	
1491 	7.441230e+02	1.560393e-04	3.500000e+01	5.752838e+03	   nan    	
1492 	7.446200e+02	1.562711e-04	3.500000e+01	5.753335e+03	   nan    	
1493 	7.451210e+02	1.551256e-04	3.500000e+01	5.753836e+03	   nan    	
1494 	7.456230e+02	1.559322e-04	3.500000e+01	5.754338e+03	   nan    	
1495 	7.461180e+02	1.556460e-04	3.500000e+01	5.754833e+03	   nan    	
1496 	7.466170e+02	1.554261e-04	3.500000e+01	5.755332e+03	   nan    	
1497 	7.471320e+02	1.560417e-04	3.500000e+01	5.755847e+03	   nan    	
1498 	7.476130e+02	1.558275e-04	3.500000e+01	5.756328e+03	   nan    	
1499 	7.481100e+02	1.549795e-04	3.500000e+01	5.756825e+03	   nan    	
1500 	7.486140e+02	1.555952e-04	3.500000e+01	5.757329e+03	   nan    	
1501 	7.491100e+02	1.557512e-04	3.500000e+01	5.757825e+03	   nan    	
1502 	7.495240e+02	1.559498e-04	3.500000e+01	5.758239e+03	   nan    	
1503 	7.500250e+02	1.554620e-04	3.500000e+01	5.758740e+03	   nan    	
1504 	7.505270e+02	1.549933e-04	3.500000e+01	5.759242e+03	   nan    	
1505 	7.510290e+02	1.555886e-04	3.500000e+01	5.759744e+03	   nan    	
1506 	7.515270e+02	1.556110e-04	3.500000e+01	5.760242e+03	   nan    	
1507 	7.520160e+02	1.555097e-04	3.500000e+01	5.760731e+03	   nan    	
1508 	7.525120e+02	1.546550e-04	3.500000e+01	5.761227e+03	   nan    	
1509 	7.530100e+02	1.543808e-04	3.500000e+01	5.761725e+03	   nan    	
1510 	7.535040e+02	1.545954e-04	3.500000e+01	5.762219e+03	   nan    	
1511 	7.540030e+02	1.555158e-04	3.500000e+01	5.762718e+03	   nan    	
1512 	7.545040e+02	1.554780e-04	3.500000e+01	5.763219e+03	   nan    	
1513 	7.550000e+02	1.558948e-04	3.500000e+01	5.763715e+03	   nan    	
1514 	7.555110e+02	1.553048e-04	3.500000e+01	5.764226e+03	   nan    	
1515 	7.559910e+02	1.558652e-04	3.500000e+01	5.764706e+03	   nan    	
1516 	7.564890e+02	1.558998e-04	3.500000e+01	5.765204e+03	   nan    	
1517 	7.569910e+02	1.554235e-04	3.500000e+01	5.765706e+03	   nan    	
1518 	7.574930e+02	1.550791e-04	3.500000e+01	5.766208e+03	   nan    	
1519 	7.579870e+02	1.551999e-04	3.500000e+01	5.766702e+03	   nan    	
1520 	7.584840e+02	1.550446e-04	3.500000e+01	5.767199e+03	   nan    	
1521 	7.589800e+02	1.550253e-04	3.500000e+01	5.767695e+03	   nan    	
1522 	7.594760e+02	1.551471e-04	3.500000e+01	5.768191e+03	   nan    	
1523 	7.599820e+02	1.559864e-04	3.500000e+01	5.768697e+03	   nan    	
1524 	7.604830e+02	1.554725e-04	3.500000e+01	5.769198e+03	   nan    	
1525 	7.609780e+02	1.558994e-04	3.500000e+01	5.769693e+03	   nan    	
1526 	7.614770e+02	1.556061e-04	3.500000e+01	5.770192e+03	   nan    	
1527 	7.619730e+02	1.555223e-04	3.500000e+01	5.770688e+03	   nan    	
1528 	7.624680e+02	1.554373e-04	3.500000e+01	5.771183e+03	   nan    	
1529 	7.629720e+02	1.553943e-04	3.500000e+01	5.771687e+03	   nan    	
1530 	7.634700e+02	1.569648e-04	3.500000e+01	5.772185e+03	   nan    	
1531 	7.639680e+02	1.553930e-04	3.500000e+01	5.772683e+03	   nan    	
1532 	7.644700e+02	1.562345e-04	3.500000e+01	5.773185e+03	   nan    	
1533 	7.649660e+02	1.552568e-04	3.500000e+01	5.773681e+03	   nan    	
1534 	7.654720e+02	1.548747e-04	3.500000e+01	5.774187e+03	   nan    	
1535 	7.659720e+02	1.552038e-04	3.500000e+01	5.774687e+03	   nan    	
1536 	7.665630e+02	1.550580e-04	3.500000e+01	5.775278e+03	   nan    	
1537 	7.669720e+02	1.544609e-04	3.500000e+01	5.775687e+03	   nan    	
1538 	7.674680e+02	1.535844e-04	3.500000e+01	5.776183e+03	   nan    	
1539 	7.679770e+02	1.530935e-04	3.500000e+01	5.776692e+03	   nan    	
1540 	7.685560e+02	1.538932e-04	3.500000e+01	5.777271e+03	   nan    	
1541 	7.690650e+02	1.527276e-04	3.500000e+01	5.777780e+03	   nan    	
1542 	7.694720e+02	1.537789e-04	3.500000e+01	5.778187e+03	   nan    	
1543 	7.699620e+02	1.541723e-04	3.500000e+01	5.778677e+03	   nan    	
1544 	7.704650e+02	1.547728e-04	3.500000e+01	5.779180e+03	   nan    	
1545 	7.709710e+02	1.546000e-04	3.500000e+01	5.779686e+03	   nan    	
1546 	7.714580e+02	1.540481e-04	3.500000e+01	5.780173e+03	   nan    	
1547 	7.719540e+02	1.543812e-04	3.500000e+01	5.780669e+03	   nan    	
1548 	7.724540e+02	1.536356e-04	3.500000e+01	5.781169e+03	   nan    	
1549 	7.729630e+02	1.548887e-04	3.500000e+01	5.781678e+03	   nan    	
1550 	7.735470e+02	1.540264e-04	3.500000e+01	5.782262e+03	   nan    	
1551 	7.739600e+02	1.533469e-04	3.500000e+01	5.782675e+03	   nan    	
1552 	7.744620e+02	1.536453e-04	3.500000e+01	5.783177e+03	   nan    	
1553 	7.750500e+02	1.547272e-04	3.500000e+01	5.783765e+03	   nan    	
1554 	7.755500e+02	1.544575e-04	3.500000e+01	5.784265e+03	   nan    	
1555 	7.760510e+02	1.543931e-04	3.500000e+01	5.784766e+03	   nan    	
1556 	7.764560e+02	1.540279e-04	3.500000e+01	5.785171e+03	   nan    	
1557 	7.769500e+02	1.544044e-04	3.500000e+01	5.785665e+03	   nan    	
1558 	7.774520e+02	1.578312e-04	3.500000e+01	5.786167e+03	   nan    	
1559 	7.779540e+02	1.571132e-04	3.500000e+01	5.786669e+03	   nan    	
1560 	7.784510e+02	1.555180e-04	3.500000e+01	5.787166e+03	   nan    	
1561 	7.789520e+02	1.555072e-04	3.500000e+01	5.787667e+03	   nan    	
1562 	7.794540e+02	1.543236e-04	3.500000e+01	5.788169e+03	   nan    	
1563 	7.799630e+02	1.543599e-04	3.500000e+01	5.788678e+03	   nan    	
1564 	7.804610e+02	1.541509e-04	3.500000e+01	5.789176e+03	   nan    	
1565 	7.809560e+02	1.537606e-04	3.500000e+01	5.789671e+03	   nan    	
1566 	7.814490e+02	1.531212e-04	3.500000e+01	5.790164e+03	   nan    	
1567 	7.820490e+02	1.533278e-04	3.500000e+01	5.790764e+03	   nan    	
1568 	7.824440e+02	1.527059e-04	3.500000e+01	5.791159e+03	   nan    	
1569 	7.829480e+02	1.524578e-04	3.500000e+01	5.791663e+03	   nan    	
1570 	7.834460e+02	1.526400e-04	3.500000e+01	5.792161e+03	   nan    	
1571 	7.839560e+02	1.533208e-04	3.500000e+01	5.792671e+03	   nan    	
1572 	7.844530e+02	1.529817e-04	3.500000e+01	5.793168e+03	   nan    	
1573 	7.849430e+02	1.524939e-04	3.500000e+01	5.793658e+03	   nan    	
1574 	7.854490e+02	1.528693e-04	3.500000e+01	5.794164e+03	   nan    	
1575 	7.859430e+02	1.527439e-04	3.500000e+01	5.794658e+03	   nan    	
1576 	7.864430e+02	1.529535e-04	3.500000e+01	5.795158e+03	   nan    	
1577 	7.869390e+02	1.529442e-04	3.500000e+01	5.795654e+03	   nan    	
1578 	7.874330e+02	1.527657e-04	3.500000e+01	5.796148e+03	   nan    	
1579 	7.879310e+02	1.522643e-04	3.500000e+01	5.796646e+03	   nan    	
1580 	7.884300e+02	1.516783e-04	3.500000e+01	5.797145e+03	   nan    	
1581 	7.889310e+02	1.520861e-04	3.500000e+01	5.797646e+03	   nan    	
1582 	7.894310e+02	1.522970e-04	3.500000e+01	5.798146e+03	   nan    	
1583 	7.899280e+02	1.522526e-04	3.500000e+01	5.798643e+03	   nan    	
1584 	7.904260e+02	1.531322e-04	3.500000e+01	5.799141e+03	   nan    	
1585 	7.909220e+02	1.529274e-04	3.500000e+01	5.799637e+03	   nan    	
1586 	7.914230e+02	1.526397e-04	3.500000e+01	5.800138e+03	   nan    	
1587 	7.919220e+02	1.541164e-04	3.500000e+01	5.800637e+03	   nan    	
1588 	7.924200e+02	1.528372e-04	3.500000e+01	5.801135e+03	   nan    	
1589 	7.929140e+02	1.524333e-04	3.500000e+01	5.801629e+03	   nan    	
1590 	7.934150e+02	1.525611e-04	3.500000e+01	5.802130e+03	   nan    	
1591 	7.939170e+02	1.523065e-04	3.500000e+01	5.802632e+03	   nan    	
1592 	7.944160e+02	1.526686e-04	3.500000e+01	5.803131e+03	   nan    	
1593 	7.949180e+02	1.524058e-04	3.500000e+01	5.803633e+03	   nan    	
1594 	7.954310e+02	1.522506e-04	3.500000e+01	5.804146e+03	   nan    	
1595 	7.959300e+02	1.532106e-04	3.500000e+01	5.804645e+03	   nan    	
1596 	7.964330e+02	1.537992e-04	3.500000e+01	5.805148e+03	   nan    	
1597 	7.969310e+02	1.546875e-04	3.500000e+01	5.805646e+03	   nan    	
1598 	7.974290e+02	1.548732e-04	3.500000e+01	5.806144e+03	   nan    	
1599 	7.979300e+02	1.544539e-04	3.500000e+01	5.806645e+03	   nan    	
1600 	7.984310e+02	1.546421e-04	3.500000e+01	5.807146e+03	   nan    	
1601 	7.989280e+02	1.546844e-04	3.500000e+01	5.807643e+03	   nan    	
1602 	7.994280e+02	1.540556e-04	3.500000e+01	5.808143e+03	   nan    	
1603 	7.999250e+02	1.535312e-04	3.500000e+01	5.808640e+03	   nan    	
1604 	8.004380e+02	1.537683e-04	3.500000e+01	5.809153e+03	   nan    	
1605 	8.009430e+02	1.525066e-04	3.500000e+01	5.809658e+03	   nan    	
1606 	8.014460e+02	1.526543e-04	3.500000e+01	5.810161e+03	   nan    	
1607 	8.019540e+02	1.511617e-04	3.500000e+01	5.810669e+03	   nan    	
1608 	8.024490e+02	1.523351e-04	3.500000e+01	5.811164e+03	   nan    	
1609 	8.029390e+02	1.517695e-04	3.500000e+01	5.811654e+03	   nan    	
1610 	8.034370e+02	1.523734e-04	3.500000e+01	5.812152e+03	   nan    	
1611 	8.039370e+02	1.517498e-04	3.500000e+01	5.812652e+03	   nan    	
1612 	8.044330e+02	1.513160e-04	3.500000e+01	5.813148e+03	   nan    	
1613 	8.049290e+02	1.519348e-04	3.500000e+01	5.813644e+03	   nan    	
1614 	8.054280e+02	1.516756e-04	3.500000e+01	5.814143e+03	   nan    	
1615 	8.059220e+02	1.521342e-04	3.500000e+01	5.814637e+03	   nan    	
1616 	8.064200e+02	1.515756e-04	3.500000e+01	5.815135e+03	   nan    	
1617 	8.069190e+02	1.525098e-04	3.500000e+01	5.815634e+03	   nan    	
1618 	8.074190e+02	1.529628e-04	3.500000e+01	5.816134e+03	   nan    	
1619 	8.079140e+02	1.532304e-04	3.500000e+01	5.816629e+03	   nan    	
1620 	8.084190e+02	1.526255e-04	3.500000e+01	5.817134e+03	   nan    	
1621 	8.089280e+02	1.515838e-04	3.500000e+01	5.817643e+03	   nan    	
1622 	8.095040e+02	1.516650e-04	3.500000e+01	5.818219e+03	   nan    	
1623 	8.100070e+02	1.509417e-04	3.500000e+01	5.818722e+03	   nan    	
1624 	8.105100e+02	1.514403e-04	3.500000e+01	5.819225e+03	   nan    	
1625 	8.110120e+02	1.510810e-04	3.500000e+01	5.819727e+03	   nan    	
1626 	8.115130e+02	1.507324e-04	3.500000e+01	5.820228e+03	   nan    	
1627 	8.119240e+02	1.510706e-04	3.500000e+01	5.820639e+03	   nan    	
1628 	8.125090e+02	1.508868e-04	3.500000e+01	5.821224e+03	   nan    	
1629 	8.130110e+02	1.508615e-04	3.500000e+01	5.821726e+03	   nan    	
1630 	8.134180e+02	1.507916e-04	3.500000e+01	5.822133e+03	   nan    	
1631 	8.139100e+02	1.517632e-04	3.500000e+01	5.822625e+03	   nan    	
1632 	8.144040e+02	1.507508e-04	3.500000e+01	5.823119e+03	   nan    	
1633 	8.149070e+02	1.512118e-04	3.500000e+01	5.823622e+03	   nan    	
1634 	8.154060e+02	1.512134e-04	3.500000e+01	5.824121e+03	   nan    	
1635 	8.159090e+02	1.500370e-04	3.500000e+01	5.824624e+03	   nan    	
1636 	8.164050e+02	1.498217e-04	3.500000e+01	5.825120e+03	   nan    	
1637 	8.169080e+02	1.483770e-04	3.500000e+01	5.825623e+03	   nan    	
1638 	8.174060e+02	1.496435e-04	3.500000e+01	5.826121e+03	   nan    	
1639 	8.179050e+02	1.496022e-04	3.500000e+01	5.826620e+03	   nan    	
1640 	8.184030e+02	1.490565e-04	3.500000e+01	5.827118e+03	   nan    	
1641 	8.189030e+02	1.485464e-04	3.500000e+01	5.827618e+03	   nan    	
1642 	8.194050e+02	1.484637e-04	3.500000e+01	5.828120e+03	   nan    	
1643 	8.199000e+02	1.495240e-04	3.500000e+01	5.828615e+03	   nan    	
1644 	8.204040e+02	1.485733e-04	3.500000e+01	5.829119e+03	   nan    	
1645 	8.208990e+02	1.484578e-04	3.500000e+01	5.829614e+03	   nan    	
1646 	8.213980e+02	1.478075e-04	3.500000e+01	5.830113e+03	   nan    	
1647 	8.218950e+02	1.477009e-04	3.500000e+01	5.830610e+03	   nan    	
1648 	8.223960e+02	1.476977e-04	3.500000e+01	5.831111e+03	   nan    	
1649 	8.228900e+02	1.475499e-04	3.500000e+01	5.831605e+03	   nan    	
1650 	8.233870e+02	1.469140e-04	3.500000e+01	5.832102e+03	   nan    	
1651 	8.238890e+02	1.480479e-04	3.500000e+01	5.832604e+03	   nan    	
1652 	8.243920e+02	1.477100e-04	3.500000e+01	5.833107e+03	   nan    	
1653 	8.248890e+02	1.485051e-04	3.500000e+01	5.833604e+03	   nan    	
1654 	8.253890e+02	1.478587e-04	3.500000e+01	5.834104e+03	   nan    	
1655 	8.258920e+02	1.484736e-04	3.500000e+01	5.834607e+03	   nan    	
1656 	8.263940e+02	1.482919e-04	3.500000e+01	5.835109e+03	   nan    	
1657 	8.268990e+02	1.486135e-04	3.500000e+01	5.835614e+03	   nan    	
1658 	8.274020e+02	1.482426e-04	3.500000e+01	5.836117e+03	   nan    	
1659 	8.280050e+02	1.481493e-04	3.500000e+01	5.836720e+03	   nan    	
1660 	8.284000e+02	1.481167e-04	3.500000e+01	5.837115e+03	   nan    	
1661 	8.288990e+02	1.476824e-04	3.500000e+01	5.837614e+03	   nan    	
1662 	8.294110e+02	1.472424e-04	3.500000e+01	5.838126e+03	   nan    	
1663 	8.299130e+02	1.475788e-04	3.500000e+01	5.838628e+03	   nan    	
1664 	8.304010e+02	1.473750e-04	3.500000e+01	5.839116e+03	   nan    	
1665 	8.308980e+02	1.471243e-04	3.500000e+01	5.839613e+03	   nan    	
1666 	8.314040e+02	1.470502e-04	3.500000e+01	5.840119e+03	   nan    	
1667 	8.320010e+02	1.466097e-04	3.500000e+01	5.840716e+03	   nan    	
1668 	8.324890e+02	1.471914e-04	3.500000e+01	5.841204e+03	   nan    	
1669 	8.329860e+02	1.474564e-04	3.500000e+01	5.841701e+03	   nan    	
1670 	8.334790e+02	1.479953e-04	3.500000e+01	5.842194e+03	   nan    	
1671 	8.339820e+02	1.479458e-04	3.500000e+01	5.842697e+03	   nan    	
1672 	8.344890e+02	1.482479e-04	3.500000e+01	5.843204e+03	   nan    	
1673 	8.349720e+02	1.477157e-04	3.500000e+01	5.843687e+03	   nan    	
1674 	8.354720e+02	1.493803e-04	3.500000e+01	5.844187e+03	   nan    	
1675 	8.359730e+02	1.479371e-04	3.500000e+01	5.844688e+03	   nan    	
1676 	8.364790e+02	1.479774e-04	3.500000e+01	5.845194e+03	   nan    	
1677 	8.369720e+02	1.485682e-04	3.500000e+01	5.845687e+03	   nan    	
1678 	8.374640e+02	1.476576e-04	3.500000e+01	5.846179e+03	   nan    	
1679 	8.379670e+02	1.483931e-04	3.500000e+01	5.846682e+03	   nan    	
1680 	8.384690e+02	1.477736e-04	3.500000e+01	5.847184e+03	   nan    	
1681 	8.389650e+02	1.477411e-04	3.500000e+01	5.847680e+03	   nan    	
1682 	8.394690e+02	1.485837e-04	3.500000e+01	5.848184e+03	   nan    	
1683 	8.399660e+02	1.490027e-04	3.500000e+01	5.848681e+03	   nan    	
1684 	8.404610e+02	1.493100e-04	3.500000e+01	5.849176e+03	   nan    	
1685 	8.409620e+02	1.494384e-04	3.500000e+01	5.849677e+03	   nan    	
1686 	8.414620e+02	1.499327e-04	3.500000e+01	5.850177e+03	   nan    	
1687 	8.419660e+02	1.496241e-04	3.500000e+01	5.850681e+03	   nan    	
1688 	8.424610e+02	1.495215e-04	3.500000e+01	5.851176e+03	   nan    	
1689 	8.429660e+02	1.487463e-04	3.500000e+01	5.851681e+03	   nan    	
1690 	8.434550e+02	1.485929e-04	3.500000e+01	5.852170e+03	   nan    	
1691 	8.439560e+02	1.485077e-04	3.500000e+01	5.852671e+03	   nan    	
1692 	8.444480e+02	1.490022e-04	3.500000e+01	5.853163e+03	   nan    	
1693 	8.449640e+02	1.488810e-04	3.500000e+01	5.853679e+03	   nan    	
1694 	8.454520e+02	1.497785e-04	3.500000e+01	5.854167e+03	   nan    	
1695 	8.459580e+02	1.496105e-04	3.500000e+01	5.854673e+03	   nan    	
1696 	8.464610e+02	1.496277e-04	3.500000e+01	5.855176e+03	   nan    	
1697 	8.469550e+02	1.494808e-04	3.500000e+01	5.855670e+03	   nan    	
1698 	8.474620e+02	1.493548e-04	3.500000e+01	5.856177e+03	   nan    	
1699 	8.479560e+02	1.496533e-04	3.500000e+01	5.856671e+03	   nan    	
1700 	8.484570e+02	1.483684e-04	3.500000e+01	5.857172e+03	   nan    	
1701 	8.489550e+02	1.490245e-04	3.500000e+01	5.857670e+03	   nan    	
1702 	8.494500e+02	1.490198e-04	3.500000e+01	5.858165e+03	   nan    	
1703 	8.499530e+02	1.490926e-04	3.500000e+01	5.858668e+03	   nan    	
1704 	8.504460e+02	1.484967e-04	3.500000e+01	5.859161e+03	   nan    	
1705 	8.509490e+02	1.479618e-04	3.500000e+01	5.859664e+03	   nan    	
1706 	8.514520e+02	1.490263e-04	3.500000e+01	5.860167e+03	   nan    	
1707 	8.519520e+02	1.487914e-04	3.500000e+01	5.860667e+03	   nan    	
1708 	8.524410e+02	1.486017e-04	3.500000e+01	5.861156e+03	   nan    	
1709 	8.529530e+02	1.472310e-04	3.500000e+01	5.861668e+03	   nan    	
1710 	8.534560e+02	1.473481e-04	3.500000e+01	5.862171e+03	   nan    	
1711 	8.539530e+02	1.478783e-04	3.500000e+01	5.862668e+03	   nan    	
1712 	8.544470e+02	1.484157e-04	3.500000e+01	5.863162e+03	   nan    	
1713 	8.549380e+02	1.480110e-04	3.500000e+01	5.863653e+03	   nan    	
1714 	8.554320e+02	1.476474e-04	3.500000e+01	5.864147e+03	   nan    	
1715 	8.559330e+02	1.476123e-04	3.500000e+01	5.864648e+03	   nan    	
1716 	8.564400e+02	1.477285e-04	3.500000e+01	5.865155e+03	   nan    	
1717 	8.569320e+02	1.477857e-04	3.500000e+01	5.865647e+03	   nan    	
1718 	8.574340e+02	1.474496e-04	3.500000e+01	5.866149e+03	   nan    	
1719 	8.579370e+02	1.477597e-04	3.500000e+01	5.866652e+03	   nan    	
1720 	8.583610e+02	1.476958e-04	3.500000e+01	5.867076e+03	   nan    	
1721 	8.589340e+02	1.473125e-04	3.500000e+01	5.867649e+03	   nan    	
1722 	8.594460e+02	1.473344e-04	3.500000e+01	5.868161e+03	   nan    	
1723 	8.599570e+02	1.468103e-04	3.500000e+01	5.868672e+03	   nan    	
1724 	8.604490e+02	1.493221e-04	3.500000e+01	5.869164e+03	   nan    	
1725 	8.609310e+02	1.489492e-04	3.500000e+01	5.869646e+03	   nan    	
1726 	8.614270e+02	1.487547e-04	3.500000e+01	5.870142e+03	   nan    	
1727 	8.619390e+02	1.488960e-04	3.500000e+01	5.870654e+03	   nan    	
1728 	8.624310e+02	1.492626e-04	3.500000e+01	5.871146e+03	   nan    	
1729 	8.629290e+02	1.492232e-04	3.500000e+01	5.871644e+03	   nan    	
1730 	8.634220e+02	1.488557e-04	3.500000e+01	5.872137e+03	   nan    	
1731 	8.639250e+02	1.490477e-04	3.500000e+01	5.872640e+03	   nan    	
1732 	8.644210e+02	1.485672e-04	3.500000e+01	5.873136e+03	   nan    	
1733 	8.649230e+02	1.490598e-04	3.500000e+01	5.873638e+03	   nan    	
1734 	8.654200e+02	1.492321e-04	3.500000e+01	5.874135e+03	   nan    	
1735 	8.659140e+02	1.487137e-04	3.500000e+01	5.874629e+03	   nan    	
1736 	8.664300e+02	1.491709e-04	3.500000e+01	5.875145e+03	   nan    	
1737 	8.669250e+02	1.490272e-04	3.500000e+01	5.875640e+03	   nan    	
1738 	8.674170e+02	1.492971e-04	3.500000e+01	5.876132e+03	   nan    	
1739 	8.679200e+02	1.493397e-04	3.500000e+01	5.876635e+03	   nan    	
1740 	8.684060e+02	1.487493e-04	3.500000e+01	5.877121e+03	   nan    	
1741 	8.689080e+02	1.487520e-04	3.500000e+01	5.877623e+03	   nan    	
1742 	8.694100e+02	1.491236e-04	3.500000e+01	5.878125e+03	   nan    	
1743 	8.699150e+02	1.482952e-04	3.500000e+01	5.878630e+03	   nan    	
1744 	8.704080e+02	1.488565e-04	3.500000e+01	5.879123e+03	   nan    	
1745 	8.709140e+02	1.496449e-04	3.500000e+01	5.879629e+03	   nan    	
1746 	8.714120e+02	1.489378e-04	3.500000e+01	5.880127e+03	   nan    	
1747 	8.719140e+02	1.494709e-04	3.500000e+01	5.880629e+03	   nan    	
1748 	8.723310e+02	1.497152e-04	3.500000e+01	5.881046e+03	   nan    	
1749 	8.729230e+02	1.477196e-04	3.500000e+01	5.881638e+03	   nan    	
1750 	8.734090e+02	1.479902e-04	3.500000e+01	5.882124e+03	   nan    	
1751 	8.739050e+02	1.480354e-04	3.500000e+01	5.882620e+03	   nan    	
1752 	8.744270e+02	1.475109e-04	3.500000e+01	5.883142e+03	   nan    	
1753 	8.749090e+02	1.474811e-04	3.500000e+01	5.883624e+03	   nan    	
1754 	8.754090e+02	1.470615e-04	3.500000e+01	5.884124e+03	   nan    	
1755 	8.759070e+02	1.473035e-04	3.500000e+01	5.884622e+03	   nan    	
1756 	8.764090e+02	1.472871e-04	3.500000e+01	5.885124e+03	   nan    	
1757 	8.769040e+02	1.466556e-04	3.500000e+01	5.885619e+03	   nan    	
1758 	8.774250e+02	1.468178e-04	3.500000e+01	5.886140e+03	   nan    	
1759 	8.779050e+02	1.468024e-04	3.500000e+01	5.886620e+03	   nan    	
1760 	8.784040e+02	1.468729e-04	3.500000e+01	5.887119e+03	   nan    	
1761 	8.788970e+02	1.460604e-04	3.500000e+01	5.887612e+03	   nan    	
1762 	8.794040e+02	1.456115e-04	3.500000e+01	5.888119e+03	   nan    	
1763 	8.798990e+02	1.453906e-04	3.500000e+01	5.888614e+03	   nan    	
1764 	8.803930e+02	1.448854e-04	3.500000e+01	5.889108e+03	   nan    	
1765 	8.809060e+02	1.453285e-04	3.500000e+01	5.889621e+03	   nan    	
1766 	8.813900e+02	1.465662e-04	3.500000e+01	5.890105e+03	   nan    	
1767 	8.818870e+02	1.474533e-04	3.500000e+01	5.890602e+03	   nan    	
1768 	8.823890e+02	1.482392e-04	3.500000e+01	5.891104e+03	   nan    	
1769 	8.828850e+02	1.491134e-04	3.500000e+01	5.891600e+03	   nan    	
1770 	8.833800e+02	1.488219e-04	3.500000e+01	5.892095e+03	   nan    	
1771 	8.838810e+02	1.479950e-04	3.500000e+01	5.892596e+03	   nan    	
1772 	8.843740e+02	1.472939e-04	3.500000e+01	5.893089e+03	   nan    	
1773 	8.848760e+02	1.475296e-04	3.500000e+01	5.893591e+03	   nan    	
1774 	8.853820e+02	1.477344e-04	3.500000e+01	5.894097e+03	   nan    	
1775 	8.858800e+02	1.480163e-04	3.500000e+01	5.894595e+03	   nan    	
1776 	8.863780e+02	1.479180e-04	3.500000e+01	5.895093e+03	   nan    	
1777 	8.868670e+02	1.478754e-04	3.500000e+01	5.895582e+03	   nan    	
1778 	8.873810e+02	1.480134e-04	3.500000e+01	5.896096e+03	   nan    	
1779 	8.878670e+02	1.476401e-04	3.500000e+01	5.896582e+03	   nan    	
1780 	8.883900e+02	1.469787e-04	3.500000e+01	5.897105e+03	   nan    	
1781 	8.888590e+02	1.474588e-04	3.500000e+01	5.897574e+03	   nan    	
1782 	8.893650e+02	1.472462e-04	3.500000e+01	5.898080e+03	   nan    	
1783 	8.898500e+02	1.472002e-04	3.500000e+01	5.898565e+03	   nan    	
1784 	8.903490e+02	1.468302e-04	3.500000e+01	5.899064e+03	   nan    	
1785 	8.908430e+02	1.466757e-04	3.500000e+01	5.899558e+03	   nan    	
1786 	8.913370e+02	1.470565e-04	3.500000e+01	5.900052e+03	   nan    	
1787 	8.918470e+02	1.467818e-04	3.500000e+01	5.900562e+03	   nan    	
1788 	8.923440e+02	1.471409e-04	3.500000e+01	5.901059e+03	   nan    	
1789 	8.928460e+02	1.488226e-04	3.500000e+01	5.901561e+03	   nan    	
1790 	8.933300e+02	1.491192e-04	3.500000e+01	5.902045e+03	   nan    	
1791 	8.938320e+02	1.490780e-04	3.500000e+01	5.902547e+03	   nan    	
1792 	8.943390e+02	1.484864e-04	3.500000e+01	5.903054e+03	   nan    	
1793 	8.948260e+02	1.492914e-04	3.500000e+01	5.903541e+03	   nan    	
1794 	8.953340e+02	1.493866e-04	3.500000e+01	5.904049e+03	   nan    	
1795 	8.958250e+02	1.495596e-04	3.500000e+01	5.904540e+03	   nan    	
1796 	8.963240e+02	1.497536e-04	3.500000e+01	5.905039e+03	   nan    	
1797 	8.968150e+02	1.490721e-04	3.500000e+01	5.905530e+03	   nan    	
1798 	8.973110e+02	1.490152e-04	3.500000e+01	5.906026e+03	   nan    	
1799 	8.977870e+02	1.487028e-04	3.500000e+01	5.906502e+03	   nan    	
1800 	8.982850e+02	1.485630e-04	3.500000e+01	5.907000e+03	   nan    	
1801 	8.987790e+02	1.484614e-04	3.500000e+01	5.907494e+03	   nan    	
1802 	8.992720e+02	1.492079e-04	3.500000e+01	5.907987e+03	   nan    	
