 Penn State
   40.72  -77.93  376 m version 1
 2026  10  1 10  0  0  0.000 111.57    -1.9 0    -0.2 0    -0.6 0     0.0 0   322.4 0   284.562 0   284.465 0   356.5 0   284.122 0   284.221 0     0.0 0     0.0 0     0.0 0   -34.1 0   -34.1 0    12.1 0    79.5 0     3.5 0   240.1 0   971.8 0
 2026  10  1 10  0  1  0.017 111.76    -1.9 0    -0.2 0    -0.5 0     0.0 0   325.7 0   284.588 0   284.533 0   355.6 0   284.145 0   284.238 0     0.0 0     0.0 0     0.0 0   -29.9 0   -29.9 0    12.1 0    79.4 0     2.4 0   247.3 0   971.9 0
 2026  10  1 10  0  2  0.033 111.94    -1.8 0     0.0 0    -0.3 0     0.0 0   327.3 0   284.608 0   284.480 0   355.0 0   284.158 0   284.240 0     0.0 0     0.0 0     0.0 0   -27.8 0   -27.8 0    12.1 0    79.4 0     2.7 0   265.1 0   971.9 0
 2026  10  1 10  0  3  0.050 112.13    -1.9 0    -0.2 0    -0.6 0     0.0 0   328.3 0   284.621 0   284.586 0   356.4 0   284.173 0   284.271 0     0.0 0     0.0 0     0.0 0   -28.2 0   -28.2 0    12.1 0    79.9 0     3.5 0   264.2 0   972.0 0
 2026  10  1 10  0  4  0.067 112.31    -1.9 0    -0.3 0    -0.7 0     0.0 0   335.9 0   284.653 0   284.622 0   356.9 0   284.198 0   284.298 0     0.0 0     0.0 0     0.0 0   -21.0 0   -21.0 0    12.1 0    79.8 0     3.3 0   277.0 0   972.1 0
 2026  10  1 10  0  5  0.083 112.50    -1.9 0    -0.2 0    -0.6 0     0.0 0   343.0 0   284.681 0   284.606 0   357.3 0   284.219 0   284.306 0     0.0 0     0.0 0     0.0 0   -14.3 0   -14.3 0    12.1 0    79.3 0     2.6 0   284.4 0   972.2 0
 2026  10  1 10  0  6  0.100 112.69    -1.8 0     0.0 0    -0.5 0     0.0 0   348.6 0   284.698 0   284.631 0   356.8 0   284.226 0   284.293 0     0.0 0     0.0 0     0.0 0    -8.2 0    -8.2 0    12.0 0    79.2 0     1.9 0   300.8 0   972.2 0
 2026  10  1 10  0  7  0.117 112.87    -1.5 0     0.2 0    -0.2 0     0.0 0   354.3 0   284.702 0   284.549 0   356.3 0   284.216 0   284.268 0     0.0 0     0.0 0     0.0 0    -2.0 0    -2.0 0    11.8 0    79.3 0     2.2 0   321.7 0   972.2 0
 2026  10  1 10  0  8  0.133 113.06    -1.1 0     0.0 0     0.0 0     0.0 0   357.9 0   284.679 0   284.564 0   358.8 0   284.203 0   284.292 0     0.0 0     0.0 0     0.0 0    -0.9 0    -0.9 0    11.7 0    81.4 0     2.6 0   265.0 0   972.2 0
 2026  10  1 10  0  9  0.150 113.25    -1.3 0    -0.4 0    -0.2 0     0.0 0   353.6 0   284.681 0   284.637 0   357.9 0   284.219 0   284.309 0     0.0 0     0.0 0     0.0 0    -4.4 0    -4.4 0    11.8 0    80.3 0     1.3 0   309.0 0   972.2 0
 2026  10  1 10  0 10  0.167 113.43    -0.9 0     0.3 0     0.0 0     0.0 0   347.8 0   284.675 0   284.448 0   355.2 0   284.208 0   284.240 0     0.0 0     0.0 0     0.0 0    -7.4 0    -7.4 0    11.6 0    79.1 0     1.6 0   345.9 0   972.2 0
 2026  10  1 10  0 11  0.183 113.62    -0.4 0     0.5 0     0.3 0     0.0 0   347.7 0   284.622 0   284.320 0   354.0 0   284.175 0   284.202 0     0.0 0     0.0 0     0.0 0    -6.4 0    -6.4 0    11.3 0    80.1 0     1.5 0   347.8 0   972.3 0
 2026  10  1 10  0 12  0.200 113.81    -0.2 0     0.5 0     0.4 0     0.0 0   350.8 0   284.549 0   284.238 0   353.5 0   284.133 0   284.143 0     0.0 0     0.0 0     0.0 0    -2.7 0    -2.7 0    11.1 0    80.8 0     2.0 0   339.7 0   972.3 0
 2026  10  1 10  0 13  0.217 113.99     0.1 0     0.6 0     0.5 0     0.0 0   353.4 0   284.466 0   284.096 0   353.3 0   284.078 0   284.088 0     0.0 0     0.0 0     0.0 0     0.0 0     0.0 0    10.8 0    81.7 0     1.8 0   343.3 0   972.4 0
 2026  10  1 10  0 14  0.233 114.18     0.2 0     0.5 0     0.6 0     0.0 0   353.5 0   284.376 0   284.041 0   352.8 0   284.022 0   284.008 0     0.0 0     0.0 0     0.0 0     0.0 0     0.0 0    10.6 0    82.4 0     2.1 0     1.4 0   972.3 0
 2026  10  1 10  0 15  0.250 114.37     0.3 0     0.4 0     0.6 0     0.1 0   355.2 0   284.284 0   283.925 0   353.1 0   283.960 0   283.954 0     0.0 0     0.0 0     0.0 0     0.0 0     0.0 0    10.4 0    83.3 0     2.6 0   337.6 0   972.4 0
 2026  10  1 10  0 16  0.267 114.56     0.3 0     0.5 0     0.6 0     0.0 0   357.3 0   284.195 0   283.872 0   353.8 0   283.896 0   283.899 0     0.0 0     0.0 0     0.0 0     0.0 0     0.0 0    10.3 0    83.8 0     3.8 0   333.1 0   972.5 0
 2026  10  1 10  0 17  0.283 114.74     0.2 0     0.5 0     0.5 0     0.0 0   358.8 0   284.118 0   283.811 0   354.3 0   283.833 0   283.837 0     0.0 0     0.0 0     0.0 0     0.0 0     0.0 0    10.3 0    84.1 0     4.9 0   332.6 0   972.6 0
 2026  10  1 10  0 18  0.300 114.93     0.3 0     0.6 0     0.6 0     0.1 0   358.9 0   284.045 0   283.739 0   354.4 0   283.768 0   283.781 0     0.0 0     0.0 0     0.0 0     0.0 0     0.0 0    10.3 0    84.1 0     4.3 0   329.4 0   972.7 0
 2026  10  1 10  0 19  0.317 115.12     0.2 0     0.8 0     0.6 0     0.1 0   358.6 0   283.974 0   283.664 0   354.0 0   283.700 0   283.689 0     0.0 0     0.0 0     0.0 0     0.0 0     0.0 0    10.1 0    83.9 0     4.5 0   331.0 0   972.8 0
 2026  10  1 10  0 20  0.333 115.30     0.3 0     1.0 0     0.6 0     0.1 0   358.9 0   283.899 0   283.578 0   353.7 0   283.619 0   283.595 0     0.0 0     0.0 0     0.0 0     0.0 0     0.0 0    10.0 0    84.3 0     3.8 0   327.7 0   972.9 0
 2026  10  1 10  0 21  0.350 115.49     0.3 0     0.9 0     0.6 0     0.1 0   359.3 0   283.822 0   283.514 0   353.9 0   283.540 0   283.538 0     0.0 0     0.0 0     0.0 0     0.0 0     0.0 0     9.9 0    85.0 0     3.7 0   319.8 0   972.9 0
 2026  10  1 10  0 22  0.367 115.68     0.2 0     0.6 0     0.5 0     0.0 0   358.8 0   283.750 0   283.482 0   354.0 0   283.471 0   283.482 0     0.0 0     0.0 0     0.0 0     0.0 0     0.0 0     9.8 0    85.3 0     2.9 0   307.0 0   972.9 0
 2026  10  1 10  0 23  0.383 115.87     0.1 0     0.4 0     0.4 0     0.0 0   357.5 0   283.685 0   283.440 0   354.2 0   283.412 0   283.440 0     0.0 0     0.0 0     0.0 0     0.0 0     0.0 0     9.8 0    85.7 0     3.0 0   298.4 0   972.9 0
 2026  10  1 10  0 24  0.400 116.05     0.0 0     0.1 0     0.3 0     0.0 0   354.8 0   283.629 0   283.414 0   354.1 0   283.365 0   283.410 0     0.0 0     0.0 0     0.0 0     0.0 0     0.0 0     9.9 0    85.8 0     1.9 0   294.8 0   972.9 0
 2026  10  1 10  0 25  0.417 116.24     0.0 0    -0.1 0     0.2 0     0.0 0   356.1 0   283.580 0   283.383 0   353.7 0   283.328 0   283.378 0     0.0 0     0.0 0     0.0 0     0.0 0     0.0 0     9.9 0    85.8 0     1.9 0   275.4 0   972.9 0
 2026  10  1 10  0 26  0.433 116.43    -0.1 0    -0.2 0     0.1 0     0.0 0   358.0 0   283.539 0   283.356 0   354.1 0   283.294 0   283.353 0     0.0 0     0.0 0     0.0 0     0.0 0     0.0 0    10.0 0    85.8 0     2.1 0   266.1 0   973.0 0
 2026  10  1 10  0 27  0.450 116.62    -0.1 0    -0.2 0     0.1 0     0.0 0   356.6 0   283.504 0   283.305 0   353.5 0   283.264 0   283.320 0     0.0 0     0.0 0     0.0 0     0.0 0     0.0 0    10.0 0    85.4 0     1.9 0   224.8 0   973.1 0
 2026  10  1 10  0 28  0.467 116.81     0.1 0     0.3 0     0.2 0     0.0 0   355.0 0   283.454 0   283.145 0   352.1 0   283.223 0   283.256 0     0.0 0     0.0 0     0.0 0     0.0 0     0.0 0     9.9 0    84.6 0     2.9 0   190.8 0   973.1 0
 2026  10  1 10  0 29  0.483 116.99     0.1 0     0.4 0     0.2 0     0.0 0   355.9 0   283.383 0   283.095 0   352.0 0   283.168 0   283.197 0     0.0 0     0.0 0     0.0 0     0.0 0     0.0 0     9.8 0    85.2 0     3.0 0   193.0 0   973.2 0
 2026  10  1 10  0 30  0.500 117.18     0.0 0     0.2 0     0.2 0     0.0 0   356.3 0   283.321 0   283.086 0   352.6 0   283.118 0   283.163 0     0.0 0     0.0 0     0.0 0     0.0 0     0.0 0     9.7 0    86.0 0     2.6 0   195.1 0   973.3 0
 2026  10  1 10  0 31  0.517 117.37    -0.1 0     0.1 0     0.2 0     0.0 0   355.4 0   283.275 0   283.074 0   352.5 0   283.079 0   283.131 0     0.0 0     0.0 0     0.0 0     0.0 0     0.0 0     9.7 0    86.1 0     2.3 0   196.2 0   973.3 0
 2026  10  1 10  0 32  0.533 117.56    -0.1 0     0.1 0     0.2 0     0.0 0   355.1 0   283.230 0   283.002 0   352.2 0   283.043 0   283.098 0     0.0 0     0.0 0     0.0 0     0.0 0     0.0 0     9.7 0    86.1 0     2.3 0   201.6 0   973.3 0
 2026  10  1 10  0 33  0.550 117.75    -0.1 0    -0.1 0     0.2 0     0.0 0   351.7 0   283.183 0   282.986 0   351.9 0   283.011 0   283.073 0     0.0 0     0.0 0     0.0 0    -0.2 0    -0.2 0     9.8 0    86.3 0     1.9 0   203.0 0   973.3 0
 2026  10  1 10  0 34  0.567 117.94     0.0 0    -0.1 0     0.1 0     0.0 0   345.5 0   283.140 0   282.937 0   351.2 0   282.985 0   283.047 0     0.0 0     0.0 0     0.0 0    -5.7 0    -5.7 0     9.8 0    86.2 0     1.9 0   209.4 0   973.3 0
 2026  10  1 10  0 35  0.583 118.12     0.0 0    -0.2 0     0.1 0     0.0 0   345.2 0   283.099 0   282.892 0   350.8 0   282.960 0   283.023 0     0.0 0     0.0 0     0.0 0    -5.6 0    -5.6 0     9.9 0    86.1 0     2.0 0   213.6 0   973.3 0
 2026  10  1 10  0 36  0.600 118.31    -0.1 0    -0.2 0     0.1 0     0.0 0   348.2 0   283.063 0   282.903 0   350.8 0   282.939 0   283.005 0     0.0 0     0.0 0     0.0 0    -2.5 0    -2.5 0     9.9 0    86.2 0     1.9 0   201.9 0   973.3 0
 2026  10  1 10  0 37  0.617 118.50    -0.2 0    -0.3 0     0.1 0     0.0 0   349.0 0   283.040 0   282.918 0   351.1 0   282.922 0   282.994 0     0.0 0     0.0 0     0.0 0    -2.0 0    -2.0 0    10.0 0    86.2 0     2.1 0   207.0 0   973.3 0
 2026  10  1 10  0 38  0.633 118.69    -0.4 0    -0.4 0     0.0 0     0.0 0   345.5 0   283.031 0   282.945 0   351.0 0   282.913 0   282.989 0     0.0 0     0.0 0     0.0 0    -5.5 0    -5.5 0    10.1 0    86.1 0     2.1 0   207.0 0   973.3 0
 2026  10  1 10  0 39  0.650 118.88    -0.4 0    -0.3 0     0.0 0     0.0 0   347.4 0   283.030 0   282.944 0   350.8 0   282.903 0   282.977 0     0.0 0     0.0 0     0.0 0    -3.5 0    -3.5 0    10.2 0    85.8 0     1.8 0   209.4 0   973.3 0
 2026  10  1 10  0 40  0.667 119.07    -0.4 0    -0.3 0     0.0 0     0.0 0   351.3 0   283.026 0   282.942 0   350.9 0   282.897 0   282.977 0     0.0 0     0.0 0     0.0 0     0.0 0     0.0 0    10.3 0    85.8 0     1.9 0   231.2 0   973.3 0
 2026  10  1 10  0 41  0.683 119.26    -0.5 0    -0.4 0     0.0 0     0.0 0   350.5 0   283.029 0   282.983 0   350.9 0   282.895 0   282.977 0     0.0 0     0.0 0     0.0 0    -0.4 0    -0.4 0    10.4 0    85.6 0     2.1 0   245.5 0   973.3 0
 2026  10  1 10  0 42  0.700 119.45    -0.6 0    -0.3 0    -0.1 0     0.0 0   351.7 0   283.042 0   283.012 0   350.7 0   282.895 0   282.974 0     0.0 0     0.0 0     0.0 0     0.0 0     0.0 0    10.4 0    85.1 0     1.5 0   248.1 0   973.4 0
 2026  10  1 10  0 43  0.717 119.63    -0.6 0    -0.2 0     0.0 0    -0.1 0   350.6 0   283.052 0   282.982 0   350.1 0   282.889 0   282.956 0     0.0 0     0.0 0     0.0 0     0.0 0     0.0 0    10.4 0    84.5 0     1.2 0   245.3 0   973.4 0
 2026  10  1 10  0 44  0.733 119.82    -0.5 0    -0.1 0     0.1 0    -0.1 0   341.3 0   283.046 0   282.928 0   349.3 0   282.877 0   282.938 0     0.0 0     0.0 0     0.0 0    -8.0 0    -8.0 0    10.3 0    84.3 0     1.4 0   255.7 0   973.5 0
 2026  10  1 10  0 45  0.750 120.01    -0.4 0    -0.1 0     0.1 0    -0.1 0   338.4 0   283.026 0   282.880 0   348.3 0   282.862 0   282.923 0     0.0 0     0.0 0     0.0 0    -9.9 0    -9.9 0    10.3 0    84.6 0     1.5 0   244.0 0   973.5 0
 2026  10  1 10  0 46  0.767 120.20    -0.4 0    -0.2 0     0.1 0    -0.1 0   347.0 0   283.002 0   282.858 0   348.4 0   282.848 0   282.912 0     0.0 0     0.0 0     0.0 0    -1.3 0    -1.3 0    10.2 0    85.0 0     1.5 0   227.6 0   973.5 0
 2026  10  1 10  0 47  0.783 120.39    -0.4 0    -0.3 0     0.1 0    -0.1 0   347.5 0   282.978 0   282.859 0   348.4 0   282.837 0   282.904 0     0.0 0     0.0 0     0.0 0    -0.9 0    -0.9 0    10.3 0    85.3 0     1.3 0   230.2 0   973.5 0
 2026  10  1 10  0 48  0.800 120.58    -0.4 0    -0.3 0     0.1 0    -0.1 0   347.9 0   282.959 0   282.835 0   348.1 0   282.827 0   282.892 0     0.0 0     0.0 0     0.0 0    -0.2 0    -0.2 0    10.3 0    85.2 0     1.2 0   248.4 0   973.5 0
 2026  10  1 10  0 49  0.817 120.77    -0.4 0    -0.3 0     0.1 0    -0.1 0   353.1 0   282.940 0   282.840 0   348.4 0   282.815 0   282.877 0     0.0 0     0.0 0     0.0 0     0.0 0     0.0 0    10.2 0    85.0 0     1.1 0   259.4 0   973.5 0
 2026  10  1 10  0 50  0.833 120.96    -0.5 0    -0.4 0     0.1 0    -0.1 0   353.8 0   282.929 0   282.860 0   348.7 0   282.802 0   282.867 0     0.0 0     0.0 0     0.0 0     0.0 0     0.0 0    10.2 0    85.1 0     0.9 0   260.7 0   973.5 0
 2026  10  1 10  0 51  0.850 121.15    -0.6 0    -0.4 0     0.1 0     0.0 0   347.5 0   282.925 0   282.848 0   348.2 0   282.790 0   282.852 0     0.0 0     0.0 0     0.0 0    -0.8 0    -0.8 0    10.2 0    85.1 0     1.3 0   264.7 0   973.6 0
 2026  10  1 10  0 52  0.867 121.33    -0.6 0    -0.4 0     0.1 0    -0.1 0   333.6 0   282.917 0   282.802 0   347.1 0   282.775 0   282.836 0     0.0 0     0.0 0     0.0 0   -13.5 0   -13.5 0    10.1 0    85.3 0     1.2 0   268.1 0   973.6 0
 2026  10  1 10  0 53  0.883 121.52    -0.5 0    -0.4 0     0.1 0    -0.1 0   322.2 0   282.904 0   282.766 0   345.5 0   282.762 0   282.821 0     0.0 0     0.0 0     0.0 0   -23.4 0   -23.4 0    10.1 0    85.7 0     1.0 0   268.1 0   973.6 0
 2026  10  1 10  0 54  0.900 121.71    -0.6 0    -0.4 0     0.1 0    -0.1 0   319.3 0   282.892 0   282.744 0   343.8 0   282.749 0   282.802 0     0.0 0     0.0 0     0.0 0   -24.5 0   -24.5 0    10.2 0    85.7 0     1.1 0   274.7 0   973.7 0
 2026  10  1 10  0 55  0.917 121.90    -0.6 0    -0.4 0     0.1 0    -0.1 0   323.5 0   282.877 0   282.702 0   343.0 0   282.733 0   282.783 0     0.0 0     0.0 0     0.0 0   -19.5 0   -19.5 0    10.1 0    85.6 0     1.1 0   279.8 0   973.8 0
 2026  10  1 10  0 56  0.933 122.09    -0.6 0    -0.4 0     0.1 0     0.0 0   328.1 0   282.858 0   282.677 0   342.9 0   282.717 0   282.766 0     0.0 0     0.0 0     0.0 0   -14.8 0   -14.8 0    10.1 0    85.7 0     0.9 0   277.8 0   973.8 0
 2026  10  1 10  0 57  0.950 122.28    -0.5 0    -0.4 0     0.1 0     0.0 0   327.4 0   282.829 0   282.625 0   342.8 0   282.698 0   282.744 0     0.0 0     0.0 0     0.0 0   -15.5 0   -15.5 0    10.1 0    85.6 0     1.1 0   246.0 0   973.9 0
 2026  10  1 10  0 58  0.967 122.47    -0.4 0    -0.4 0     0.1 0    -0.1 0   328.6 0   282.795 0   282.593 0   343.5 0   282.675 0   282.723 0     0.0 0     0.0 0     0.0 0   -14.9 0   -14.9 0    10.0 0    85.6 0     1.4 0   221.3 0   973.9 0
 2026  10  1 10  0 59  0.983 122.66    -0.3 0    -0.3 0     0.1 0    -0.1 0   329.7 0   282.756 0   282.527 0   343.4 0   282.651 0   282.695 0     0.0 0     0.0 0     0.0 0   -13.7 0   -13.7 0     9.9 0    85.7 0     1.4 0   222.0 0   974.0 0
 2026  10  1 10  1  0  1.000 122.85    -0.2 0    -0.3 0     0.1 0     0.0 0   324.0 0   282.712 0   282.508 0   343.2 0   282.625 0   282.672 0     0.0 0     0.0 0     0.0 0   -19.2 0   -19.2 0     9.9 0    86.0 0     1.4 0   219.8 0   974.1 0
 2026  10  1 10  1  1  1.017 123.04    -0.2 0    -0.4 0     0.1 0     0.0 0   318.1 0   282.681 0   282.476 0   343.0 0   282.601 0   282.650 0     0.0 0     0.0 0     0.0 0   -24.9 0   -24.9 0     9.8 0    86.3 0     1.7 0   220.9 0   974.1 0
 2026  10  1 10  1  2  1.033 123.23    -0.2 0    -0.4 0     0.1 0    -0.1 0   317.2 0   282.648 0   282.400 0   342.4 0   282.578 0   282.626 0     0.0 0     0.0 0     0.0 0   -25.2 0   -25.2 0     9.8 0    86.4 0     1.3 0   205.3 0   974.1 0
 2026  10  1 10  1  3  1.050 123.42    -0.1 0    -0.3 0     0.2 0    -0.1 0   313.4 0   282.597 0   282.319 0   341.5 0   282.554 0   282.598 0     0.0 0     0.0 0     0.0 0   -28.1 0   -28.1 0     9.8 0    86.5 0     1.3 0   197.3 0   974.1 0
 2026  10  1 10  1  4  1.067 123.61     0.1 0    -0.4 0     0.2 0    -0.1 0   305.8 0   282.535 0   282.209 0   340.6 0   282.529 0   282.574 0     0.0 0     0.0 0     0.0 0   -34.8 0   -34.8 0     9.8 0    86.8 0     1.6 0   182.1 0   974.0 0
 2026  10  1 10  1  5  1.083 123.79     0.1 0    -0.4 0     0.2 0    -0.1 0   304.0 0   282.469 0   282.146 0   339.5 0   282.506 0   282.549 0     0.0 0     0.0 0     0.0 0   -35.5 0   -35.5 0     9.8 0    86.9 0     1.7 0   197.8 0   974.1 0
 2026  10  1 10  1  6  1.100 123.98     0.1 0    -0.3 0     0.2 0    -0.1 0   308.9 0   282.401 0   282.057 0   338.4 0   282.480 0   282.522 0     0.0 0     0.0 0     0.0 0   -29.4 0   -29.4 0     9.8 0    87.1 0     1.7 0   202.9 0   974.2 0
 2026  10  1 10  1  7  1.117 124.17     0.1 0    -0.3 0     0.2 0    -0.1 0   309.0 0   282.325 0   281.969 0   337.3 0   282.459 0   282.495 0     0.0 0     0.0 0     0.0 0   -28.2 0   -28.2 0     9.8 0    86.8 0     1.8 0   218.9 0   974.2 0
 2026  10  1 10  1  8  1.133 124.36     0.2 0     0.0 0     0.2 0    -0.1 0   307.5 0   282.247 0   281.861 0   336.3 0   282.423 0   282.443 0     0.0 0     0.0 0     0.0 0   -28.8 0   -28.8 0     9.7 0    86.0 0     1.7 0   221.8 0   974.2 0
 2026  10  1 10  1  9  1.150 124.55     0.3 0    -0.2 0     0.2 0    -0.1 0   315.0 0   282.150 0   281.750 0   336.6 0   282.388 0   282.424 0     0.0 0     0.0 0     0.0 0   -21.6 0   -21.6 0     9.6 0    87.0 0     1.7 0   245.3 0   974.2 0
 2026  10  1 10  1 10  1.167 124.74     0.2 0    -0.5 0     0.2 0     0.0 0   329.1 0   282.063 0   281.847 0   340.9 0   282.369 0   282.443 0     0.0 0     0.0 0     0.0 0   -11.7 0   -11.7 0     9.8 0    87.2 0     3.4 0   256.9 0   974.3 0
 2026  10  1 10  1 11  1.183 124.93    -0.4 0    -0.8 0    -0.2 0     0.0 0   330.4 0   282.041 0   281.996 0   345.2 0   282.376 0   282.478 0     0.0 0     0.0 0     0.0 0   -14.8 0   -14.8 0    10.0 0    86.1 0     3.2 0   246.1 0   974.3 0
 2026  10  1 10  1 12  1.200 125.12    -0.8 0    -0.9 0    -0.3 0     0.0 0   328.0 0   282.067 0   282.093 0   346.6 0   282.396 0   282.508 0     0.0 0     0.0 0     0.0 0   -18.6 0   -18.6 0    10.2 0    85.4 0     3.0 0   233.3 0   974.3 0
 2026  10  1 10  1 13  1.217 125.31    -1.2 0    -1.1 0    -0.4 0     0.0 0   324.2 0   282.121 0   282.214 0   347.5 0   282.428 0   282.554 0     0.0 0     0.0 0     0.0 0   -23.3 0   -23.3 0    10.5 0    84.6 0     3.4 0   241.3 0   974.4 0
 2026  10  1 10  1 14  1.233 125.50    -1.5 0    -1.2 0    -0.7 0     0.0 0   310.2 0   282.197 0   282.365 0   348.0 0   282.475 0   282.612 0     0.0 0     0.0 0     0.0 0   -37.8 0   -37.8 0    10.8 0    83.4 0     3.6 0   249.2 0   974.4 0
 2026  10  1 10  1 15  1.250 125.69    -1.7 0    -0.9 0    -1.0 0    -0.1 0   298.2 0   282.296 0   282.409 0   347.7 0   282.529 0   282.649 0     0.0 0     0.0 0     0.0 0   -49.4 0   -49.4 0    11.0 0    81.5 0     2.8 0   245.3 0   974.4 0
 2026  10  1 10  1 16  1.267 125.88    -1.7 0    -0.3 0    -0.8 0     0.0 0   294.4 0   282.377 0   282.373 0   345.9 0   282.562 0   282.658 0     0.0 0     0.0 0     0.0 0   -51.5 0   -51.5 0    10.9 0    81.3 0     2.9 0   231.9 0   974.5 0
 2026  10  1 10  1 17  1.283 126.07    -1.6 0    -0.2 0    -0.6 0     0.0 0   290.6 0   282.427 0   282.328 0   344.1 0   282.582 0   282.672 0     0.0 0     0.0 0     0.0 0   -53.4 0   -53.4 0    10.8 0    81.5 0     3.1 0   241.0 0   974.5 0
 2026  10  1 10  1 18  1.300 126.26    -1.6 0    -0.4 0    -0.4 0     0.0 0   289.4 0   282.454 0   282.314 0   343.0 0   282.606 0   282.695 0     0.0 0     0.0 0     0.0 0   -53.6 0   -53.6 0    10.9 0    81.3 0     3.1 0   250.6 0   974.6 0
 2026  10  1 10  1 19  1.317 126.44    -1.6 0    -0.3 0    -0.4 0     0.0 0   290.1 0   282.471 0   282.332 0   342.0 0   282.630 0   282.716 0     0.0 0     0.0 0     0.0 0   -51.9 0   -51.9 0    10.9 0    80.6 0     3.4 0   253.1 0   974.6 0
 2026  10  1 10  1 20  1.333 126.63    -1.6 0    -0.2 0    -0.4 0     0.0 0   290.7 0   282.491 0   282.342 0   341.5 0   282.654 0   282.729 0     0.0 0     0.0 0     0.0 0   -50.7 0   -50.7 0    10.9 0    79.4 0     3.3 0   254.2 0   974.6 0
 2026  10  1 10  1 21  1.350 126.82    -1.5 0    -0.1 0    -0.3 0     0.0 0   287.8 0   282.498 0   282.278 0   340.9 0   282.669 0   282.739 0     0.0 0     0.0 0     0.0 0   -53.1 0   -53.1 0    10.9 0    79.7 0     3.6 0   252.4 0   974.6 0
 2026  10  1 10  1 22  1.367 127.01    -1.3 0    -0.3 0    -0.3 0     0.0 0   285.3 0   282.490 0   282.253 0   340.2 0   282.687 0   282.765 0     0.0 0     0.0 0     0.0 0   -54.8 0   -54.8 0    11.0 0    79.6 0     3.7 0   254.1 0   974.7 0
 2026  10  1 10  1 23  1.383 127.20    -1.3 0    -0.2 0    -0.1 0     0.0 0   284.2 0   282.474 0   282.182 0   338.3 0   282.710 0   282.769 0     0.0 0     0.0 0     0.0 0   -54.1 0   -54.1 0    11.0 0    77.9 0     3.0 0   255.5 0   974.7 0
 2026  10  1 10  1 24  1.400 127.39    -1.1 0     0.0 0     0.0 0     0.0 0   284.8 0   282.439 0   282.119 0   337.7 0   282.712 0   282.767 0     0.0 0     0.0 0     0.0 0   -52.9 0   -52.9 0    10.9 0    78.8 0     3.6 0   253.1 0   974.8 0
 2026  10  1 10  1 25  1.417 127.58    -1.3 0    -0.3 0    -0.2 0     0.0 0   285.4 0   282.409 0   282.189 0   338.9 0   282.730 0   282.803 0     0.0 0     0.0 0     0.0 0   -53.5 0   -53.5 0    11.0 0    77.7 0     3.4 0   256.2 0   974.8 0
 2026  10  1 10  1 26  1.433 127.77    -1.4 0    -0.4 0    -0.3 0     0.0 0   285.9 0   282.398 0   282.178 0   339.8 0   282.754 0   282.836 0     0.0 0     0.0 0     0.0 0   -53.9 0   -53.9 0    11.1 0    76.8 0     3.6 0   254.3 0   974.8 0
 2026  10  1 10  1 27  1.450 127.96    -1.3 0    -0.4 0    -0.4 0     0.0 0   285.7 0   282.392 0   282.192 0   339.9 0   282.787 0   282.865 0     0.0 0     0.0 0     0.0 0   -54.3 0   -54.3 0    11.2 0    76.2 0     3.5 0   259.0 0   974.8 0
 2026  10  1 10  1 28  1.467 128.15    -1.4 0    -0.4 0    -0.4 0     0.0 0   284.8 0   282.388 0   282.169 0   339.0 0   282.815 0   282.886 0     0.0 0     0.0 0     0.0 0   -54.2 0   -54.2 0    11.3 0    76.3 0     3.7 0   257.0 0   974.8 0
 2026  10  1 10  1 29  1.483 128.34    -1.4 0    -0.4 0    -0.4 0     0.0 0   285.3 0   282.378 0   282.172 0   339.7 0   282.842 0   282.924 0     0.0 0     0.0 0     0.0 0   -54.3 0   -54.3 0    11.4 0    75.6 0     3.8 0   263.4 0   974.9 0
 2026  10  1 10  1 30  1.500 128.53    -1.6 0    -0.5 0    -0.6 0     0.0 0   287.5 0   282.380 0   282.215 0   340.2 0   282.878 0   282.960 0     0.0 0     0.0 0     0.0 0   -52.8 0   -52.8 0    11.4 0    74.4 0     3.6 0   265.4 0   974.9 0
 2026  10  1 10  1 31  1.517 128.72    -1.6 0    -0.4 0    -0.6 0     0.0 0   291.2 0   282.391 0   282.250 0   340.0 0   282.914 0   282.996 0     0.0 0     0.0 0     0.0 0   -48.7 0   -48.7 0    11.5 0    73.3 0     3.4 0   263.7 0   975.0 0
 2026  10  1 10  1 32  1.533 128.90    -1.8 0    -0.3 0    -0.7 0     0.0 0   292.2 0   282.405 0   282.290 0   340.5 0   282.951 0   283.028 0     0.0 0     0.0 0     0.0 0   -48.3 0   -48.3 0    11.5 0    71.7 0     3.2 0   261.4 0   974.9 0
 2026  10  1 10  1 33  1.550 129.09    -1.8 0    -0.1 0    -0.7 0     0.0 0   289.1 0   282.427 0   282.299 0   340.0 0   282.975 0   283.036 0     0.0 0     0.0 0     0.0 0   -50.8 0   -50.8 0    11.4 0    71.6 0     3.2 0   260.7 0   975.0 0
 2026  10  1 10  1 34  1.567 129.28    -1.6 0     0.2 0    -0.6 0     0.0 0   285.3 0   282.439 0   282.242 0   339.0 0   282.981 0   283.026 0     0.0 0     0.0 0     0.0 0   -53.7 0   -53.7 0    11.1 0    71.7 0     3.1 0   269.7 0   975.1 0
 2026  10  1 10  1 35  1.583 129.47    -1.6 0     0.2 0    -0.5 0     0.0 0   283.3 0   282.436 0   282.222 0   338.4 0   282.974 0   283.019 0     0.0 0     0.0 0     0.0 0   -55.1 0   -55.1 0    10.9 0    71.9 0     3.0 0   280.8 0   975.1 0
 2026  10  1 10  1 36  1.600 129.66    -1.5 0    -0.1 0    -0.5 0     0.0 0   283.2 0   282.429 0   282.247 0   338.5 0   282.971 0   283.043 0     0.0 0     0.0 0     0.0 0   -55.3 0   -55.3 0    10.9 0    71.7 0     3.1 0   285.2 0   975.2 0
 2026  10  1 10  1 37  1.617 129.85    -1.7 0    -0.5 0    -0.8 0     0.0 0   284.0 0   282.442 0   282.381 0   339.4 0   282.987 0   283.073 0     0.0 0     0.0 0     0.0 0   -55.3 0   -55.3 0    11.0 0    70.3 0     3.4 0   272.7 0   975.2 0
 2026  10  1 10  1 38  1.633 130.04    -1.8 0    -0.7 0    -1.0 0     0.0 0   283.5 0   282.479 0   282.366 0   340.6 0   283.014 0   283.098 0     0.0 0     0.0 0     0.0 0   -57.1 0   -57.1 0    11.2 0    68.9 0     4.1 0   286.7 0   975.3 0
 2026  10  1 10  1 39  1.650 130.23    -2.1 0    -0.9 0    -1.2 0     0.1 0   283.8 0   282.513 0   282.521 0   344.0 0   283.041 0   283.166 0     0.0 0     0.0 0     0.0 0   -60.2 0   -60.2 0    11.3 0    68.7 0     3.9 0   320.0 0   975.5 0
 2026  10  1 10  1 40  1.667 130.41    -2.8 0    -1.5 0    -1.7 0     0.0 0   283.4 0   282.595 0   282.785 0   346.6 0   283.098 0   283.269 0     0.0 0     0.0 0     0.0 0   -63.3 0   -63.3 0    11.5 0    66.5 0     3.6 0   310.0 0   975.5 0
 2026  10  1 10  1 41  1.683 130.60    -3.2 0    -1.5 0    -1.9 0     0.0 0   281.6 0   282.716 0   282.882 0   347.7 0   283.171 0   283.345 0     0.0 0     0.0 0     0.0 0   -66.0 0   -66.0 0    11.7 0    65.5 0     5.9 0   322.3 0   975.5 0
 2026  10  1 10  1 42  1.700 130.79    -3.5 0    -2.0 0    -2.4 0     0.1 0   282.0 0   282.842 0   283.092 0   350.7 0   283.254 0   283.460 0     0.0 0     0.0 0     0.0 0   -68.7 0   -68.7 0    11.7 0    64.5 0     7.8 0   317.2 0   975.6 0
 2026  10  1 10  1 43  1.717 130.98    -3.8 0    -2.1 0    -2.5 0     0.1 0   281.3 0   282.985 0   283.198 0   351.0 0   283.358 0   283.539 0     0.0 0     0.0 0     0.0 0   -69.7 0   -69.7 0    11.8 0    64.1 0     6.7 0   314.1 0   975.7 0
 2026  10  1 10  1 44  1.733 131.17    -3.9 0    -1.8 0    -2.5 0     0.1 0   281.0 0   283.124 0   283.314 0   351.1 0   283.449 0   283.613 0     0.0 0     0.0 0     0.0 0   -70.0 0   -70.0 0    11.8 0    64.1 0     5.9 0   315.2 0   975.7 0
 2026  10  1 10  1 45  1.750 131.36    -3.9 0    -1.2 0    -1.9 0     0.1 0   280.7 0   283.249 0   283.350 0   350.4 0   283.515 0   283.640 0     0.0 0     0.0 0     0.0 0   -69.7 0   -69.7 0    11.7 0    64.7 0     5.5 0   312.1 0   975.7 0
 2026  10  1 10  1 46  1.767 131.55    -3.8 0    -0.8 0    -1.5 0     0.1 0   280.2 0   283.356 0   283.403 0   350.1 0   283.559 0   283.666 0     0.0 0     0.0 0     0.0 0   -69.9 0   -69.9 0    11.6 0    65.1 0     5.6 0   307.5 0   975.8 0
 2026  10  1 10  1 47  1.783 131.74    -3.7 0    -0.7 0    -1.1 0     0.1 0   280.1 0   283.446 0   283.449 0   350.1 0   283.591 0   283.691 0     0.0 0     0.0 0     0.0 0   -70.0 0   -70.0 0    11.5 0    65.3 0     5.4 0   304.9 0   975.8 0
 2026  10  1 10  1 48  1.800 131.92    -3.7 0    -0.7 0    -1.1 0     0.1 0   279.9 0   283.529 0   283.539 0   350.1 0   283.623 0   283.729 0     0.0 0     0.0 0     0.0 0   -70.2 0   -70.2 0    11.5 0    65.2 0     4.7 0   300.6 0   975.8 0
 2026  10  1 10  1 49  1.817 132.11    -3.5 0    -0.6 0    -0.9 0     0.1 0   279.4 0   283.607 0   283.571 0   349.1 0   283.652 0   283.743 0     0.0 0     0.0 0     0.0 0   -69.6 0   -69.6 0    11.5 0    65.3 0     3.7 0   300.4 0   975.9 0
 2026  10  1 10  1 50  1.833 132.30    -3.4 0    -0.3 0    -0.7 0     0.1 0   279.2 0   283.670 0   283.582 0   348.6 0   283.664 0   283.743 0     0.0 0     0.0 0     0.0 0   -69.4 0   -69.4 0    11.4 0    65.7 0     4.2 0   305.3 0   975.9 0
 2026  10  1 10  1 51  1.850 132.49    -3.3 0    -0.3 0    -0.6 0     0.1 0   279.1 0   283.719 0   283.611 0   348.8 0   283.671 0   283.749 0     0.0 0     0.0 0     0.0 0   -69.8 0   -69.8 0    11.3 0    65.8 0     4.2 0   300.1 0   975.9 0
 2026  10  1 10  1 52  1.867 132.68    -3.2 0    -0.2 0    -0.6 0     0.1 0   278.6 0   283.765 0   283.648 0   347.9 0   283.676 0   283.745 0     0.0 0     0.0 0     0.0 0   -69.3 0   -69.3 0    11.3 0    65.9 0     3.4 0   301.9 0   975.9 0
 2026  10  1 10  1 53  1.883 132.86    -3.0 0     0.0 0    -0.4 0     0.1 0   278.4 0   283.800 0   283.617 0   347.5 0   283.670 0   283.725 0     0.0 0     0.0 0     0.0 0   -69.0 0   -69.0 0    11.2 0    66.2 0     3.9 0   309.1 0   976.0 0
 2026  10  1 10  1 54  1.900 133.05    -2.8 0     0.0 0    -0.3 0     0.1 0   278.3 0   283.819 0   283.624 0   348.2 0   283.656 0   283.710 0     0.0 0     0.0 0     0.0 0   -69.9 0   -69.9 0    11.1 0    66.3 0     4.5 0   307.0 0   976.0 0
 2026  10  1 10  1 55  1.917 133.24    -2.7 0     0.1 0    -0.2 0     0.1 0   278.0 0   283.831 0   283.590 0   347.1 0   283.638 0   283.682 0     0.0 0     0.0 0     0.0 0   -69.1 0   -69.1 0    11.0 0    66.7 0     3.8 0   306.2 0   976.1 0
 2026  10  1 10  1 56  1.933 133.43    -2.6 0     0.1 0    -0.1 0     0.1 0   278.2 0   283.830 0   283.578 0   348.4 0   283.616 0   283.671 0     0.0 0     0.0 0     0.0 0   -70.2 0   -70.2 0    10.9 0    66.7 0     6.6 0   307.4 0   976.1 0
 2026  10  1 10  1 57  1.950 133.61    -2.6 0    -0.1 0    -0.2 0     0.1 0   278.1 0   283.829 0   283.586 0   348.7 0   283.603 0   283.662 0     0.0 0     0.0 0     0.0 0   -70.6 0   -70.6 0    10.9 0    66.5 0     6.1 0   307.7 0   976.2 0
 2026  10  1 10  1 58  1.967 133.80    -2.4 0     0.0 0    -0.2 0     0.1 0   278.1 0   283.826 0   283.564 0   348.4 0   283.587 0   283.640 0     0.0 0     0.0 0     0.0 0   -70.3 0   -70.3 0    10.9 0    66.6 0     4.9 0   310.5 0   976.2 0
 2026  10  1 10  1 59  1.983 133.99    -2.3 0     0.1 0    -0.1 0     0.1 0   278.0 0   283.815 0   283.530 0   347.6 0   283.568 0   283.614 0     0.0 0     0.0 0     0.0 0   -69.7 0   -69.7 0    10.9 0    66.8 0     5.1 0   298.0 0   976.2 0
 2026  10  1 10  2  0  2.000 134.18    -2.2 0     0.1 0    -0.2 0     0.1 0   277.9 0   283.800 0   283.524 0   347.5 0   283.546 0   283.593 0     0.0 0     0.0 0     0.0 0   -69.7 0   -69.7 0    10.8 0    66.8 0     4.2 0   308.7 0   976.3 0
 2026  10  1 10  2  1  2.017 134.36    -2.2 0     0.2 0    -0.2 0     0.1 0   277.9 0   283.787 0   283.516 0   346.6 0   283.518 0   283.552 0     0.0 0     0.0 0     0.0 0   -68.6 0   -68.6 0    10.7 0    67.0 0     3.9 0   297.0 0   976.4 0
 2026  10  1 10  2  2  2.033 134.55    -2.1 0     0.1 0    -0.3 0     0.1 0   277.7 0   283.774 0   283.508 0   347.2 0   283.489 0   283.531 0     0.0 0     0.0 0     0.0 0   -69.5 0   -69.5 0    10.7 0    66.7 0     5.4 0   297.3 0   976.4 0
 2026  10  1 10  2  3  2.050 134.74    -2.1 0     0.1 0    -0.3 0     0.1 0   277.3 0   283.764 0   283.478 0   347.2 0   283.461 0   283.502 0     0.0 0     0.0 0     0.0 0   -69.9 0   -69.9 0    10.7 0    66.7 0     5.1 0   302.1 0   976.3 0
 2026  10  1 10  2  4  2.067 134.92    -2.0 0     0.1 0    -0.2 0     0.1 0   277.1 0   283.745 0   283.440 0   347.6 0   283.434 0   283.482 0     0.0 0     0.0 0     0.0 0   -70.5 0   -70.5 0    10.6 0    66.4 0     5.8 0   306.3 0   976.3 0
 2026  10  1 10  2  5  2.083 135.11    -1.9 0     0.2 0    -0.1 0     0.1 0   276.8 0   283.722 0   283.403 0   347.6 0   283.408 0   283.452 0     0.0 0     0.0 0     0.0 0   -70.8 0   -70.8 0    10.6 0    66.5 0     5.6 0   312.3 0   976.3 0
 2026  10  1 10  2  6  2.100 135.30    -1.8 0     0.3 0     0.0 0     0.1 0   276.8 0   283.692 0   283.359 0   347.2 0   283.378 0   283.421 0     0.0 0     0.0 0     0.0 0   -70.4 0   -70.4 0    10.5 0    66.8 0     5.3 0   300.1 0   976.3 0
 2026  10  1 10  2  7  2.117 135.48    -1.7 0     0.2 0     0.0 0     0.1 0   276.3 0   283.662 0   283.334 0   345.9 0   283.351 0   283.394 0     0.0 0     0.0 0     0.0 0   -69.7 0   -69.7 0    10.5 0    66.7 0     4.1 0   292.0 0   976.3 0
 2026  10  1 10  2  8  2.133 135.67    -1.7 0     0.2 0    -0.1 0     0.1 0   276.2 0   283.631 0   283.318 0   346.5 0   283.321 0   283.362 0     0.0 0     0.0 0     0.0 0   -70.2 0   -70.2 0    10.5 0    66.8 0     5.3 0   304.2 0   976.3 0
 2026  10  1 10  2  9  2.150 135.86    -1.8 0     0.2 0    -0.1 0     0.1 0   275.9 0   283.605 0   283.285 0   346.0 0   283.291 0   283.331 0     0.0 0     0.0 0     0.0 0   -70.1 0   -70.1 0    10.4 0    66.8 0     3.8 0   304.4 0   976.3 0
 2026  10  1 10  2 10  2.167 136.04    -1.7 0     0.2 0     0.0 0     0.1 0   275.6 0   283.572 0   283.222 0   345.1 0   283.259 0   283.298 0     0.0 0     0.0 0     0.0 0   -69.5 0   -69.5 0    10.4 0    67.0 0     3.6 0   302.4 0   976.4 0
 2026  10  1 10  2 11  2.183 136.23    -1.6 0     0.2 0     0.0 0     0.1 0   275.6 0   283.530 0   283.179 0   345.0 0   283.227 0   283.266 0     0.0 0     0.0 0     0.0 0   -69.5 0   -69.5 0    10.4 0    67.0 0     4.7 0   299.0 0   976.4 0
 2026  10  1 10  2 12  2.200 136.42    -1.6 0     0.1 0    -0.1 0     0.1 0   275.4 0   283.493 0   283.182 0   345.8 0   283.196 0   283.242 0     0.0 0     0.0 0     0.0 0   -70.4 0   -70.4 0    10.4 0    66.9 0     4.8 0   295.2 0   976.4 0
 2026  10  1 10  2 13  2.217 136.60    -1.6 0     0.2 0    -0.2 0     0.1 0   274.7 0   283.465 0   283.138 0   345.2 0   283.167 0   283.203 0     0.0 0     0.0 0     0.0 0   -70.5 0   -70.5 0    10.3 0    66.9 0     4.4 0   295.1 0   976.4 0
 2026  10  1 10  2 14  2.233 136.79    -1.5 0     0.2 0    -0.1 0     0.1 0   274.5 0   283.433 0   283.101 0   344.6 0   283.133 0   283.170 0     0.0 0     0.0 0     0.0 0   -70.1 0   -70.1 0    10.3 0    67.2 0     3.4 0   304.2 0   976.4 0
 2026  10  1 10  2 15  2.250 136.97    -1.5 0     0.2 0    -0.1 0     0.1 0   274.4 0   283.399 0   283.069 0   343.4 0   283.099 0   283.131 0     0.0 0     0.0 0     0.0 0   -69.0 0   -69.0 0    10.2 0    67.4 0     3.2 0   301.1 0   976.5 0
 2026  10  1 10  2 16  2.267 137.16    -1.4 0     0.2 0     0.0 0     0.0 0   274.7 0   283.361 0   282.997 0   342.1 0   283.063 0   283.090 0     0.0 0     0.0 0     0.0 0   -67.4 0   -67.4 0    10.1 0    67.7 0     2.8 0   297.4 0   976.5 0
 2026  10  1 10  2 17  2.283 137.34    -1.4 0     0.2 0     0.0 0     0.0 0   275.2 0   283.313 0   282.953 0   342.3 0   283.025 0   283.053 0     0.0 0     0.0 0     0.0 0   -67.1 0   -67.1 0    10.1 0    67.9 0     3.1 0   297.0 0   976.5 0
 2026  10  1 10  2 18  2.300 137.53    -1.4 0     0.1 0     0.0 0     0.0 0   275.0 0   283.268 0   282.923 0   341.3 0   282.990 0   283.022 0     0.0 0     0.0 0     0.0 0   -66.3 0   -66.3 0    10.1 0    67.9 0     2.1 0   281.6 0   976.5 0
 2026  10  1 10  2 19  2.317 137.72    -1.2 0     0.1 0     0.0 0     0.0 0   274.8 0   283.225 0   282.878 0   339.6 0   282.955 0   282.980 0     0.0 0     0.0 0     0.0 0   -64.7 0   -64.7 0    10.0 0    68.1 0     1.3 0   294.1 0   976.5 0
 2026  10  1 10  2 20  2.333 137.90    -1.1 0     0.1 0     0.0 0     0.0 0   274.5 0   283.176 0   282.819 0   340.2 0   282.916 0   282.942 0     0.0 0     0.0 0     0.0 0   -65.7 0   -65.7 0    10.0 0    68.4 0     2.1 0   290.9 0   976.5 0
 2026  10  1 10  2 21  2.350 138.09    -1.2 0     0.0 0    -0.2 0     0.0 0   274.7 0   283.134 0   282.824 0   340.4 0   282.876 0   282.902 0     0.0 0     0.0 0     0.0 0   -65.7 0   -65.7 0     9.9 0    68.6 0     2.2 0   294.5 0   976.5 0
 2026  10  1 10  2 22  2.367 138.27    -1.3 0    -0.1 0    -0.2 0     0.0 0   275.9 0   283.101 0   282.806 0   340.4 0   282.839 0   282.876 0     0.0 0     0.0 0     0.0 0   -64.5 0   -64.5 0     9.9 0    68.4 0     1.6 0   305.4 0   976.5 0
 2026  10  1 10  2 23  2.383 138.45    -1.3 0    -0.2 0    -0.3 0     0.0 0   278.4 0   283.072 0   282.802 0   341.1 0   282.806 0   282.850 0     0.0 0     0.0 0     0.0 0   -62.6 0   -62.6 0     9.9 0    68.3 0     2.5 0   311.2 0   976.5 0
 2026  10  1 10  2 24  2.400 138.64    -1.4 0    -0.2 0    -0.4 0     0.0 0   284.4 0   283.054 0   282.819 0   341.4 0   282.777 0   282.823 0     0.0 0     0.0 0     0.0 0   -57.0 0   -57.0 0     9.9 0    68.0 0     2.4 0   321.7 0   976.6 0
 2026  10  1 10  2 25  2.417 138.82    -1.4 0    -0.1 0    -0.3 0     0.0 0   288.2 0   283.036 0   282.750 0   339.0 0   282.747 0   282.783 0     0.0 0     0.0 0     0.0 0   -50.7 0   -50.7 0     9.9 0    68.3 0     1.3 0    30.9 0   976.6 0
 2026  10  1 10  2 26  2.433 139.01    -1.1 0    -0.1 0    -0.1 0     0.1 0   290.4 0   283.000 0   282.705 0   336.5 0   282.713 0   282.743 0     0.0 0     0.0 0     0.0 0   -46.1 0   -46.1 0     9.9 0    68.7 0     0.7 0    12.0 0   976.7 0
 2026  10  1 10  2 27  2.450 139.19    -0.9 0    -0.1 0    -0.1 0     0.1 0   291.5 0   282.958 0   282.672 0   337.5 0   282.677 0   282.704 0     0.0 0     0.0 0     0.0 0   -45.9 0   -45.9 0     9.8 0    68.8 0     2.0 0    26.3 0   976.8 0
 2026  10  1 10  2 28  2.467 139.37    -0.9 0    -0.2 0    -0.1 0     0.1 0   292.9 0   282.922 0   282.650 0   339.1 0   282.641 0   282.678 0     0.0 0     0.0 0     0.0 0   -46.2 0   -46.2 0     9.8 0    68.7 0     1.6 0   357.0 0   976.8 0
 2026  10  1 10  2 29  2.483 139.56    -0.9 0    -0.2 0    -0.1 0     0.0 0   292.8 0   282.887 0   282.632 0   339.6 0   282.606 0   282.652 0     0.0 0     0.0 0     0.0 0   -46.8 0   -46.8 0     9.7 0    68.9 0     0.5 0   294.8 0   976.9 0
 2026  10  1 10  2 30  2.500 139.74    -1.0 0    -0.3 0    -0.1 0     0.0 0   293.7 0   282.860 0   282.618 0   337.7 0   282.576 0   282.612 0     0.0 0     0.0 0     0.0 0   -44.0 0   -44.0 0     9.6 0    68.8 0     0.9 0   279.6 0   976.9 0
 2026  10  1 10  2 31  2.517 139.92    -0.9 0    -0.2 0    -0.1 0     0.0 0   297.8 0   282.831 0   282.572 0   338.3 0   282.537 0   282.573 0     0.0 0     0.0 0     0.0 0   -40.5 0   -40.5 0     9.6 0    69.1 0     1.5 0   279.9 0   977.0 0
 2026  10  1 10  2 32  2.533 140.11    -0.9 0    -0.2 0    -0.2 0     0.0 0   299.6 0   282.796 0   282.528 0   340.1 0   282.500 0   282.537 0     0.0 0     0.0 0     0.0 0   -40.5 0   -40.5 0     9.5 0    68.7 0     2.9 0   296.3 0   977.0 0
 2026  10  1 10  2 33  2.550 140.29    -1.0 0    -0.2 0    -0.3 0     0.1 0   303.3 0   282.765 0   282.543 0   342.0 0   282.462 0   282.511 0     0.0 0     0.0 0     0.0 0   -38.7 0   -38.7 0     9.5 0    68.4 0     2.7 0   344.2 0   977.1 0
 2026  10  1 10  2 34  2.567 140.47    -1.2 0    -0.3 0    -0.4 0     0.1 0   313.9 0   282.749 0   282.592 0   343.2 0   282.436 0   282.503 0     0.0 0     0.0 0     0.0 0   -29.4 0   -29.4 0     9.6 0    68.2 0     2.6 0    20.9 0   977.1 0
 2026  10  1 10  2 35  2.583 140.65    -1.2 0    -0.2 0    -0.3 0     0.1 0   318.0 0   282.741 0   282.558 0   343.3 0   282.415 0   282.480 0     0.0 0     0.0 0     0.0 0   -25.3 0   -25.3 0     9.6 0    67.9 0     2.3 0   358.7 0   977.2 0
 2026  10  1 10  2 36  2.600 140.84    -1.2 0    -0.2 0    -0.2 0     0.1 0   318.2 0   282.725 0   282.534 0   343.7 0   282.394 0   282.462 0     0.0 0     0.0 0     0.0 0   -25.5 0   -25.5 0     9.6 0    67.8 0     3.1 0    18.8 0   977.2 0
 2026  10  1 10  2 37  2.617 141.02    -1.1 0    -0.2 0    -0.2 0     0.1 0   320.6 0   282.707 0   282.545 0   343.9 0   282.376 0   282.448 0     0.0 0     0.0 0     0.0 0   -23.3 0   -23.3 0     9.6 0    67.5 0     2.0 0    12.9 0   977.3 0
 2026  10  1 10  2 38  2.633 141.20    -1.1 0    -0.1 0    -0.1 0     0.1 0   328.9 0   282.694 0   282.531 0   343.8 0   282.360 0   282.424 0     0.0 0     0.0 0     0.0 0   -15.0 0   -15.0 0     9.6 0    67.6 0     2.5 0    22.3 0   977.3 0
 2026  10  1 10  2 39  2.650 141.38    -1.1 0    -0.2 0    -0.1 0     0.1 0   335.8 0   282.680 0   282.563 0   345.0 0   282.342 0   282.418 0     0.0 0     0.0 0     0.0 0    -9.2 0    -9.2 0     9.6 0    67.4 0     2.2 0    14.7 0   977.4 0
 2026  10  1 10  2 40  2.667 141.56    -1.1 0    -0.1 0    -0.1 0     0.0 0   337.0 0   282.678 0   282.557 0   344.6 0   282.329 0   282.395 0     0.0 0     0.0 0     0.0 0    -7.6 0    -7.6 0     9.6 0    67.6 0     2.5 0    39.0 0   977.4 0
 2026  10  1 10  2 41  2.683 141.74    -1.0 0    -0.1 0    -0.1 0     0.1 0   338.4 0   282.668 0   282.537 0   345.6 0   282.313 0   282.389 0     0.0 0     0.0 0     0.0 0    -7.2 0    -7.2 0     9.6 0    67.3 0     4.1 0    38.5 0   977.4 0
 2026  10  1 10  2 42  2.700 141.92    -1.2 0    -0.2 0    -0.2 0     0.1 0   338.2 0   282.664 0   282.574 0   346.3 0   282.303 0   282.382 0     0.0 0     0.0 0     0.0 0    -8.1 0    -8.1 0     9.6 0    67.2 0     3.5 0    42.9 0   977.4 0
 2026  10  1 10  2 43  2.717 142.11    -1.1 0    -0.1 0    -0.1 0     0.1 0   337.0 0   282.663 0   282.512 0   346.0 0   282.293 0   282.366 0     0.0 0     0.0 0     0.0 0    -9.0 0    -9.0 0     9.6 0    67.5 0     2.3 0    41.9 0   977.4 0
 2026  10  1 10  2 44  2.733 142.29    -1.0 0    -0.1 0     0.0 0     0.1 0   334.1 0   282.649 0   282.506 0   345.4 0   282.283 0   282.356 0     0.0 0     0.0 0     0.0 0   -11.3 0   -11.3 0     9.6 0    67.7 0     2.0 0    49.6 0   977.4 0
 2026  10  1 10  2 45  2.750 142.47    -1.0 0    -0.1 0     0.0 0     0.0 0   329.5 0   282.636 0   282.484 0   345.1 0   282.272 0   282.342 0     0.0 0     0.0 0     0.0 0   -15.5 0   -15.5 0     9.6 0    67.6 0     2.4 0     0.0 0   977.4 0
 2026  10  1 10  2 46  2.767 142.65    -1.0 0    -0.2 0    -0.1 0     0.0 0   326.4 0   282.631 0   282.519 0   345.8 0   282.263 0   282.342 0     0.0 0     0.0 0     0.0 0   -19.4 0   -19.4 0     9.6 0    67.3 0     2.6 0     1.7 0   977.4 0
 2026  10  1 10  2 47  2.783 142.83    -1.1 0    -0.2 0    -0.1 0     0.0 0   322.5 0   282.637 0   282.516 0   344.9 0   282.255 0   282.330 0     0.0 0     0.0 0     0.0 0   -22.5 0   -22.5 0     9.6 0    67.4 0     2.0 0   345.0 0   977.4 0
 2026  10  1 10  2 48  2.800 143.01    -1.1 0    -0.1 0     0.0 0     0.0 0   317.0 0   282.642 0   282.483 0   343.5 0   282.245 0   282.314 0     0.0 0     0.0 0     0.0 0   -26.5 0   -26.5 0     9.6 0    67.4 0     2.2 0   337.3 0   977.4 0
 2026  10  1 10  2 49  2.817 143.18    -1.0 0    -0.1 0     0.0 0     0.0 0   312.3 0   282.633 0   282.444 0   343.3 0   282.231 0   282.296 0     0.0 0     0.0 0     0.0 0   -31.0 0   -31.0 0     9.6 0    67.6 0     3.0 0   344.3 0   977.4 0
 2026  10  1 10  2 50  2.833 143.36    -1.0 0    -0.1 0     0.0 0     0.1 0   303.0 0   282.621 0   282.409 0   342.7 0   282.216 0   282.282 0     0.0 0     0.0 0     0.0 0   -39.7 0   -39.7 0     9.5 0    67.6 0     2.4 0   353.7 0   977.5 0
 2026  10  1 10  2 51  2.850 143.54    -1.0 0     0.0 0     0.0 0     0.1 0   285.6 0   282.608 0   282.357 0   339.8 0   282.200 0   282.247 0     0.0 0     0.0 0     0.0 0   -54.2 0   -54.2 0     9.5 0    67.9 0     2.0 0   337.8 0   977.5 0
 2026  10  1 10  2 52  2.867 143.72    -0.9 0     0.1 0     0.1 0     0.1 0   272.6 0   282.582 0   282.254 0   338.9 0   282.175 0   282.221 0     0.0 0     0.0 0     0.0 0   -66.3 0   -66.3 0     9.4 0    67.9 0     2.7 0   338.8 0   977.4 0
 2026  10  1 10  2 53  2.883 143.90    -1.1 0     0.0 0     0.0 0     0.1 0   269.2 0   282.552 0   282.271 0   338.3 0   282.151 0   282.204 0     0.0 0     0.0 0     0.0 0   -69.1 0   -69.1 0     9.4 0    67.5 0     2.6 0   320.1 0   977.4 0
 2026  10  1 10  2 54  2.900 144.08    -1.3 0    -0.1 0    -0.1 0     0.1 0   267.1 0   282.531 0   282.205 0   337.7 0   282.128 0   282.170 0     0.0 0     0.0 0     0.0 0   -70.6 0   -70.6 0     9.4 0    67.4 0     3.0 0   298.1 0   977.4 0
 2026  10  1 10  2 55  2.917 144.25    -1.2 0     0.1 0     0.1 0     0.0 0   265.5 0   282.493 0   282.078 0   336.6 0   282.098 0   282.128 0     0.0 0     0.0 0     0.0 0   -71.1 0   -71.1 0     9.3 0    67.9 0     3.0 0   302.0 0   977.4 0
 2026  10  1 10  2 56  2.933 144.43    -1.1 0     0.1 0     0.2 0     0.1 0   264.9 0   282.436 0   282.005 0   336.6 0   282.064 0   282.097 0     0.0 0     0.0 0     0.0 0   -71.7 0   -71.7 0     9.3 0    68.1 0     3.6 0   314.7 0   977.4 0
 2026  10  1 10  2 57  2.950 144.61    -0.9 0     0.1 0     0.3 0     0.1 0   264.3 0   282.370 0   281.898 0   336.5 0   282.028 0   282.053 0     0.0 0     0.0 0     0.0 0   -72.2 0   -72.2 0     9.2 0    67.6 0     3.8 0   301.9 0   977.4 0
 2026  10  1 10  2 58  2.967 144.78    -0.7 0     0.2 0     0.5 0     0.1 0   263.6 0   282.288 0   281.763 0   336.1 0   281.987 0   282.002 0     0.0 0     0.0 0     0.0 0   -72.4 0   -72.4 0     9.1 0    67.5 0     3.9 0   294.2 0   977.4 0
 2026  10  1 10  2 59  2.983 144.96    -0.8 0     0.3 0     0.5 0     0.1 0   263.2 0   282.199 0   281.718 0   336.8 0   281.940 0   281.957 0     0.0 0     0.0 0     0.0 0   -73.5 0   -73.5 0     9.0 0    67.7 0     4.7 0   310.6 0   977.4 0
 2026  10  1 10  3  0  3.000 145.14    -0.8 0     0.4 0     0.2 0     0.1 0   262.8 0   282.123 0   281.698 0   337.7 0   281.891 0   281.906 0     0.0 0     0.0 0     0.0 0   -74.8 0   -74.8 0     8.9 0    67.1 0     5.6 0   301.0 0   977.3 0
 2026  10  1 10  3  1  3.017 145.31    -1.0 0     0.4 0     0.0 0     0.1 0   262.1 0   282.065 0   281.651 0   337.6 0   281.838 0   281.849 0     0.0 0     0.0 0     0.0 0   -75.4 0   -75.4 0     8.8 0    67.2 0     4.7 0   284.2 0   977.3 0
 2026  10  1 10  3  2  3.033 145.49    -1.0 0     0.7 0     0.2 0     0.1 0   261.5 0   282.003 0   281.519 0   336.0 0   281.775 0   281.756 0     0.0 0     0.0 0     0.0 0   -74.6 0   -74.6 0     8.6 0    67.9 0     4.1 0   290.2 0   977.2 0
 2026  10  1 10  3  3  3.050 145.66    -0.9 0     0.6 0     0.4 0     0.1 0   261.0 0   281.923 0   281.401 0   335.3 0   281.707 0   281.703 0     0.0 0     0.0 0     0.0 0   -74.2 0   -74.2 0     8.5 0    68.4 0     3.7 0   294.8 0   977.2 0
 2026  10  1 10  3  4  3.067 145.84    -0.7 0     0.6 0     0.5 0     0.1 0   261.0 0   281.831 0   281.308 0   335.0 0   281.640 0   281.633 0     0.0 0     0.0 0     0.0 0   -74.1 0   -74.1 0     8.4 0    68.4 0     5.0 0   281.1 0   977.2 0
 2026  10  1 10  3  5  3.083 146.01    -0.7 0     0.8 0     0.5 0     0.1 0   260.5 0   281.740 0   281.202 0   335.0 0   281.563 0   281.533 0     0.0 0     0.0 0     0.0 0   -74.5 0   -74.5 0     8.2 0    68.7 0     5.2 0   285.7 0   977.1 0
 2026  10  1 10  3  6  3.100 146.18    -0.6 0     0.8 0     0.6 0     0.1 0   260.5 0   281.646 0   281.091 0   335.2 0   281.476 0   281.458 0     0.0 0     0.0 0     0.0 0   -74.8 0   -74.8 0     8.1 0    68.6 0     5.5 0   284.5 0   977.2 0
 2026  10  1 10  3  7  3.117 146.36    -0.6 0     0.8 0     0.6 0     0.1 0   260.3 0   281.549 0   281.023 0   335.4 0   281.395 0   281.391 0     0.0 0     0.0 0     0.0 0   -75.0 0   -75.0 0     8.1 0    68.5 0     5.2 0   289.5 0   977.2 0
 2026  10  1 10  3  8  3.133 146.53    -0.7 0     0.7 0     0.4 0     0.1 0   259.8 0   281.463 0   280.967 0   335.0 0   281.322 0   281.320 0     0.0 0     0.0 0     0.0 0   -75.2 0   -75.2 0     8.0 0    68.6 0     4.9 0   285.3 0   977.2 0
 2026  10  1 10  3  9  3.150 146.70    -0.5 0     0.7 0     0.4 0     0.1 0   259.5 0   281.379 0   280.875 0   334.5 0   281.249 0   281.241 0     0.0 0     0.0 0     0.0 0   -75.0 0   -75.0 0     7.9 0    69.1 0     4.9 0   287.1 0   977.2 0
 2026  10  1 10  3 10  3.167 146.88    -0.5 0     0.7 0     0.3 0     0.1 0   259.4 0   281.295 0   280.815 0   334.2 0   281.172 0   281.171 0     0.0 0     0.0 0     0.0 0   -74.8 0   -74.8 0     7.8 0    69.4 0     3.5 0   291.7 0   977.2 0
 2026  10  1 10  3 11  3.183 147.05    -0.7 0     0.5 0     0.2 0     0.1 0   259.2 0   281.221 0   280.773 0   333.5 0   281.105 0   281.111 0     0.0 0     0.0 0     0.0 0   -74.3 0   -74.3 0     7.8 0    69.6 0     3.5 0   283.9 0   977.2 0
 2026  10  1 10  3 12  3.200 147.22    -0.7 0     0.5 0     0.1 0     0.1 0   259.2 0   281.151 0   280.726 0   333.5 0   281.038 0   281.037 0     0.0 0     0.0 0     0.0 0   -74.4 0   -74.4 0     7.7 0    69.6 0     4.3 0   277.4 0   977.2 0
 2026  10  1 10  3 13  3.217 147.39    -0.8 0     0.5 0     0.0 0     0.1 0   258.8 0   281.091 0   280.654 0   333.2 0   280.973 0   280.979 0     0.0 0     0.0 0     0.0 0   -74.5 0   -74.5 0     7.7 0    69.5 0     4.6 0   281.9 0   977.3 0
 2026  10  1 10  3 14  3.233 147.56    -0.6 0     0.6 0     0.3 0     0.1 0   258.4 0   281.021 0   280.500 0   331.7 0   280.904 0   280.899 0     0.0 0     0.0 0     0.0 0   -73.3 0   -73.3 0     7.6 0    69.9 0     4.4 0   278.2 0   977.3 0
 2026  10  1 10  3 15  3.250 147.73    -0.5 0     0.7 0     0.5 0     0.1 0   257.9 0   280.926 0   280.350 0   330.3 0   280.826 0   280.810 0     0.0 0     0.0 0     0.0 0   -72.4 0   -72.4 0     7.5 0    70.5 0     3.8 0   278.4 0   977.4 0
 2026  10  1 10  3 16  3.267 147.90    -0.4 0     0.7 0     0.6 0     0.1 0   257.8 0   280.817 0   280.247 0   329.8 0   280.745 0   280.727 0     0.0 0     0.0 0     0.0 0   -71.9 0   -71.9 0     7.3 0    71.0 0     3.2 0   279.7 0   977.5 0
 2026  10  1 10  3 17  3.283 148.07    -0.4 0     0.5 0     0.6 0     0.1 0   258.1 0   280.709 0   280.178 0   329.6 0   280.664 0   280.657 0     0.0 0     0.0 0     0.0 0   -71.5 0   -71.5 0     7.2 0    71.6 0     2.5 0   287.4 0   977.6 0
 2026  10  1 10  3 18  3.300 148.24    -0.5 0     0.1 0     0.2 0     0.0 0   258.3 0   280.620 0   280.217 0   330.1 0   280.602 0   280.626 0     0.0 0     0.0 0     0.0 0   -71.8 0   -71.8 0     7.2 0    71.4 0     2.5 0   272.1 0   977.6 0
 2026  10  1 10  3 19  3.317 148.41    -0.6 0     0.0 0     0.0 0     0.0 0   258.2 0   280.561 0   280.172 0   327.6 0   280.552 0   280.567 0     0.0 0     0.0 0     0.0 0   -69.4 0   -69.4 0     7.3 0    70.8 0     1.6 0   273.4 0   977.6 0
 2026  10  1 10  3 20  3.333 148.58    -0.6 0    -0.1 0    -0.1 0     0.0 0   258.1 0   280.505 0   280.116 0   326.3 0   280.501 0   280.518 0     0.0 0     0.0 0     0.0 0   -68.3 0   -68.3 0     7.2 0    70.9 0     1.9 0   274.5 0   977.6 0
 2026  10  1 10  3 21  3.350 148.74    -0.5 0    -0.1 0     0.0 0     0.0 0   257.8 0   280.448 0   280.034 0   327.1 0   280.452 0   280.473 0     0.0 0     0.0 0     0.0 0   -69.3 0   -69.3 0     7.3 0    70.6 0     2.2 0   282.5 0   977.7 0
 2026  10  1 10  3 22  3.367 148.91    -0.5 0    -0.1 0    -0.1 0     0.0 0   258.3 0   280.383 0   279.998 0   325.7 0   280.406 0   280.428 0     0.0 0     0.0 0     0.0 0   -67.4 0   -67.4 0     7.3 0    70.4 0     1.7 0   281.0 0   977.7 0
 2026  10  1 10  3 23  3.383 149.08    -0.6 0    -0.2 0    -0.2 0     0.0 0   258.9 0   280.333 0   280.014 0   326.6 0   280.361 0   280.381 0     0.0 0     0.0 0     0.0 0   -67.7 0   -67.7 0     7.3 0    70.2 0     2.3 0   282.0 0   977.8 0
 2026  10  1 10  3 24  3.400 149.24    -0.7 0    -0.3 0    -0.3 0     0.0 0   258.7 0   280.297 0   279.948 0   325.4 0   280.317 0   280.347 0     0.0 0     0.0 0     0.0 0   -66.7 0   -66.7 0     7.3 0    70.0 0     0.6 0   316.5 0   977.9 0
 2026  10  1 10  3 25  3.417 149.41    -0.7 0    -0.4 0    -0.2 0     0.0 0   259.3 0   280.253 0   279.919 0   322.0 0   280.280 0   280.311 0     0.0 0     0.0 0     0.0 0   -62.8 0   -62.8 0     7.3 0    70.0 0     0.3 0   287.6 0   977.9 0
 2026  10  1 10  3 26  3.433 149.57    -0.8 0    -0.4 0    -0.1 0     0.0 0   259.9 0   280.212 0   279.903 0   320.4 0   280.241 0   280.268 0     0.0 0     0.0 0     0.0 0   -60.4 0   -60.4 0     7.2 0    70.1 0     0.2 0   290.1 0   977.9 0
 2026  10  1 10  3 27  3.450 149.74    -0.9 0    -0.5 0    -0.1 0     0.0 0   259.7 0   280.182 0   279.869 0   319.6 0   280.200 0   280.223 0     0.0 0     0.0 0     0.0 0   -60.0 0   -60.0 0     7.2 0    70.3 0     0.9 0   252.6 0   977.9 0
 2026  10  1 10  3 28  3.467 149.90    -0.9 0    -0.5 0    -0.1 0     0.0 0   259.8 0   280.147 0   279.817 0   319.4 0   280.156 0   280.171 0     0.0 0     0.0 0     0.0 0   -59.6 0   -59.6 0     7.1 0    70.5 0     0.9 0   239.9 0   978.0 0
 2026  10  1 10  3 29  3.483 150.07    -0.7 0    -0.5 0    -0.1 0     0.0 0   259.6 0   280.108 0   279.770 0   317.9 0   280.110 0   280.126 0     0.0 0     0.0 0     0.0 0   -58.3 0   -58.3 0     7.1 0    70.7 0     0.3 0   226.5 0   978.0 0
 2026  10  1 10  3 30  3.500 150.23    -0.6 0    -0.5 0    -0.1 0     0.0 0   259.1 0   280.059 0   279.655 0   317.4 0   280.062 0   280.070 0     0.0 0     0.0 0     0.0 0   -58.3 0   -58.3 0     7.0 0    71.0 0     1.0 0   235.3 0   978.0 0
 2026  10  1 10  3 31  3.517 150.39    -0.5 0    -0.6 0    -0.1 0     0.0 0   259.0 0   279.997 0   279.601 0   318.4 0   280.010 0   280.032 0     0.0 0     0.0 0     0.0 0   -59.4 0   -59.4 0     6.9 0    71.4 0     0.6 0   265.0 0   978.0 0
 2026  10  1 10  3 32  3.533 150.55    -0.4 0    -0.7 0    -0.1 0     0.0 0   258.8 0   279.937 0   279.532 0   318.9 0   279.967 0   279.992 0     0.0 0     0.0 0     0.0 0   -60.1 0   -60.1 0     6.9 0    71.3 0     1.1 0   253.9 0   978.0 0
 2026  10  1 10  3 33  3.550 150.72    -0.4 0    -0.6 0    -0.1 0     0.0 0   258.9 0   279.877 0   279.512 0   319.7 0   279.923 0   279.944 0     0.0 0     0.0 0     0.0 0   -60.8 0   -60.8 0     7.0 0    70.8 0     1.8 0   266.7 0   977.9 0
 2026  10  1 10  3 34  3.567 150.88    -0.5 0    -0.6 0    -0.2 0     0.0 0   258.7 0   279.827 0   279.424 0   319.3 0   279.878 0   279.896 0     0.0 0     0.0 0     0.0 0   -60.7 0   -60.7 0     7.0 0    70.7 0     1.9 0   273.4 0   977.9 0
 2026  10  1 10  3 35  3.583 151.04    -0.4 0    -0.5 0    -0.1 0     0.0 0   259.1 0   279.763 0   279.338 0   317.8 0   279.831 0   279.843 0     0.0 0     0.0 0     0.0 0   -58.7 0   -58.7 0     7.0 0    70.4 0     1.5 0   273.4 0   977.9 0
 2026  10  1 10  3 36  3.600 151.20    -0.5 0    -0.4 0    -0.1 0     0.0 0   260.2 0   279.696 0   279.298 0   317.0 0   279.781 0   279.790 0     0.0 0     0.0 0     0.0 0   -56.8 0   -56.8 0     6.9 0    70.7 0     1.7 0   271.9 0   977.9 0
 2026  10  1 10  3 37  3.617 151.36    -0.6 0    -0.4 0    -0.1 0     0.0 0   261.4 0   279.635 0   279.245 0   316.6 0   279.729 0   279.734 0     0.0 0     0.0 0     0.0 0   -55.2 0   -55.2 0     6.8 0    70.8 0     2.1 0   276.5 0   977.8 0
 2026  10  1 10  3 38  3.633 151.51    -0.5 0    -0.3 0    -0.1 0     0.0 0   262.4 0   279.573 0   279.188 0   317.0 0   279.673 0   279.675 0     0.0 0     0.0 0     0.0 0   -54.6 0   -54.6 0     6.7 0    71.0 0     2.5 0   285.2 0   977.8 0
 2026  10  1 10  3 39  3.650 151.67    -0.5 0    -0.5 0    -0.1 0     0.0 0   263.5 0   279.510 0   279.110 0   318.7 0   279.622 0   279.648 0     0.0 0     0.0 0     0.0 0   -55.2 0   -55.2 0     6.7 0    71.6 0     2.0 0   286.8 0   977.8 0
 2026  10  1 10  3 40  3.667 151.83    -0.4 0    -0.7 0    -0.2 0     0.0 0   263.9 0   279.448 0   279.107 0   319.0 0   279.588 0   279.625 0     0.0 0     0.0 0     0.0 0   -55.1 0   -55.1 0     6.9 0    71.1 0     2.3 0   282.0 0   977.8 0
 2026  10  1 10  3 41  3.683 151.98    -0.7 0    -0.7 0    -0.5 0     0.0 0   263.9 0   279.413 0   279.193 0   320.2 0   279.562 0   279.605 0     0.0 0     0.0 0     0.0 0   -56.3 0   -56.3 0     7.0 0    70.5 0     2.0 0   278.0 0   977.7 0
 2026  10  1 10  3 42  3.700 152.14    -0.9 0    -0.7 0    -0.5 0     0.0 0   263.8 0   279.400 0   279.167 0   320.8 0   279.540 0   279.585 0     0.0 0     0.0 0     0.0 0   -57.0 0   -57.0 0     7.0 0    70.2 0     2.3 0   278.2 0   977.7 0
 2026  10  1 10  3 43  3.717 152.29    -1.0 0    -0.6 0    -0.8 0     0.0 0   263.9 0   279.393 0   279.203 0   321.7 0   279.521 0   279.572 0     0.0 0     0.0 0     0.0 0   -57.8 0   -57.8 0     7.1 0    69.9 0     2.4 0   286.4 0   977.6 0
 2026  10  1 10  3 44  3.733 152.45    -1.0 0    -0.6 0    -0.8 0     0.0 0   263.8 0   279.396 0   279.165 0   322.1 0   279.507 0   279.562 0     0.0 0     0.0 0     0.0 0   -58.3 0   -58.3 0     7.1 0    69.6 0     2.3 0   287.2 0   977.6 0
 2026  10  1 10  3 45  3.750 152.60    -0.9 0    -0.5 0    -0.5 0     0.0 0   264.2 0   279.378 0   279.061 0   321.3 0   279.495 0   279.547 0     0.0 0     0.0 0     0.0 0   -57.1 0   -57.1 0     7.2 0    69.4 0     2.1 0   286.5 0   977.6 0
 2026  10  1 10  3 46  3.767 152.76    -0.9 0    -0.5 0    -0.3 0     0.0 0   265.1 0   279.345 0   279.047 0   321.5 0   279.484 0   279.538 0     0.0 0     0.0 0     0.0 0   -56.5 0   -56.5 0     7.2 0    69.2 0     2.0 0   281.5 0   977.6 0
 2026  10  1 10  3 47  3.783 152.91    -0.9 0    -0.5 0    -0.3 0     0.0 0   265.4 0   279.313 0   278.990 0   320.7 0   279.473 0   279.523 0     0.0 0     0.0 0     0.0 0   -55.2 0   -55.2 0     7.2 0    69.0 0     1.9 0   283.0 0   977.6 0
 2026  10  1 10  3 48  3.800 153.06    -0.6 0    -0.4 0    -0.2 0     0.0 0   266.3 0   279.274 0   278.974 0   320.7 0   279.459 0   279.505 0     0.0 0     0.0 0     0.0 0   -54.4 0   -54.4 0     7.2 0    69.1 0     2.8 0   277.3 0   977.6 0
 2026  10  1 10  3 49  3.817 153.21    -0.4 0    -0.4 0    -0.1 0     0.0 0   266.1 0   279.229 0   278.809 0   320.1 0   279.445 0   279.491 0     0.0 0     0.0 0     0.0 0   -54.0 0   -54.0 0     7.2 0    69.1 0     2.7 0   278.7 0   977.6 0
 2026  10  1 10  3 50  3.833 153.36    -0.4 0    -0.3 0     0.1 0     0.0 0   266.0 0   279.157 0   278.735 0   319.6 0   279.428 0   279.470 0     0.0 0     0.0 0     0.0 0   -53.6 0   -53.6 0     7.1 0    69.2 0     2.9 0   282.7 0   977.6 0
 2026  10  1 10  3 51  3.850 153.51    -0.4 0    -0.3 0     0.2 0     0.1 0   265.5 0   279.084 0   278.681 0   320.2 0   279.410 0   279.454 0     0.0 0     0.0 0     0.0 0   -54.7 0   -54.7 0     7.1 0    69.3 0     2.4 0   285.6 0   977.7 0
 2026  10  1 10  3 52  3.867 153.66    -0.5 0    -0.4 0     0.1 0     0.1 0   264.5 0   279.021 0   278.677 0   321.1 0   279.395 0   279.446 0     0.0 0     0.0 0     0.0 0   -56.5 0   -56.5 0     7.1 0    69.5 0     2.7 0   273.6 0   977.7 0
 2026  10  1 10  3 53  3.883 153.80    -0.4 0    -0.4 0     0.0 0     0.0 0   262.7 0   278.969 0   278.608 0   320.4 0   279.383 0   279.428 0     0.0 0     0.0 0     0.0 0   -57.8 0   -57.8 0     7.1 0    69.1 0     2.7 0   275.7 0   977.7 0
 2026  10  1 10  3 54  3.900 153.95    -0.6 0    -0.4 0    -0.1 0     0.1 0   261.3 0   278.919 0   278.628 0   320.1 0   279.369 0   279.417 0     0.0 0     0.0 0     0.0 0   -58.8 0   -58.8 0     7.0 0    69.2 0     3.0 0   277.9 0   977.7 0
 2026  10  1 10  3 55  3.917 154.09    -0.7 0    -0.3 0    -0.2 0     0.0 0   259.4 0   278.885 0   278.538 0   320.8 0   279.354 0   279.399 0     0.0 0     0.0 0     0.0 0   -61.4 0   -61.4 0     7.0 0    69.3 0     2.7 0   278.4 0   977.7 0
 2026  10  1 10  3 56  3.933 154.24    -0.6 0    -0.3 0    -0.1 0     0.0 0   258.5 0   278.834 0   278.455 0   319.7 0   279.336 0   279.377 0     0.0 0     0.0 0     0.0 0   -61.2 0   -61.2 0     6.9 0    69.6 0     2.6 0   276.0 0   977.7 0
 2026  10  1 10  3 57  3.950 154.38    -0.6 0    -0.3 0    -0.1 0     0.0 0   258.0 0   278.779 0   278.433 0   319.9 0   279.316 0   279.357 0     0.0 0     0.0 0     0.0 0   -61.8 0   -61.8 0     6.9 0    69.7 0     2.5 0   274.2 0   977.7 0
 2026  10  1 10  3 58  3.967 154.53    -0.8 0    -0.3 0    -0.1 0     0.0 0   258.0 0   278.735 0   278.414 0   319.0 0   279.296 0   279.335 0     0.0 0     0.0 0     0.0 0   -61.1 0   -61.1 0     6.9 0    69.8 0     2.5 0   280.9 0   977.8 0
 2026  10  1 10  3 59  3.983 154.67    -0.8 0    -0.3 0    -0.1 0     0.0 0   258.6 0   278.696 0   278.388 0   318.4 0   279.276 0   279.315 0     0.0 0     0.0 0     0.0 0   -59.8 0   -59.8 0     6.9 0    69.8 0     2.4 0   282.6 0   977.8 0
 2026  10  1 10  4  0  4.000 154.81    -0.9 0    -0.4 0    -0.3 0     0.0 0   259.6 0   278.666 0   278.418 0   318.7 0   279.256 0   279.294 0     0.0 0     0.0 0     0.0 0   -59.1 0   -59.1 0     6.9 0    69.9 0     2.0 0   283.0 0   977.8 0
 2026  10  1 10  4  1  4.017 154.95    -1.3 0    -0.5 0    -0.5 0     0.0 0   260.5 0   278.660 0   278.534 0   319.5 0   279.237 0   279.281 0     0.0 0     0.0 0     0.0 0   -59.0 0   -59.0 0     6.9 0    70.0 0     2.0 0   289.4 0   977.9 0
 2026  10  1 10  4  2  4.033 155.09    -1.7 0    -0.6 0    -0.8 0     0.0 0   260.4 0   278.692 0   278.644 0   319.2 0   279.223 0   279.273 0     0.0 0     0.0 0     0.0 0   -58.8 0   -58.8 0     6.9 0    69.9 0     2.0 0   291.7 0   977.8 0
 2026  10  1 10  4  3  4.050 155.23    -1.9 0    -0.7 0    -0.8 0     0.0 0   259.7 0   278.740 0   278.637 0   319.0 0   279.215 0   279.266 0     0.0 0     0.0 0     0.0 0   -59.3 0   -59.3 0     7.0 0    69.5 0     1.6 0   298.5 0   977.8 0
 2026  10  1 10  4  4  4.067 155.36    -2.0 0    -0.7 0    -0.7 0     0.1 0   259.9 0   278.778 0   278.703 0   317.6 0   279.207 0   279.259 0     0.0 0     0.0 0     0.0 0   -57.7 0   -57.7 0     7.0 0    69.4 0     1.3 0   289.3 0   977.8 0
 2026  10  1 10  4  5  4.083 155.50    -1.4 0    -0.6 0    -0.5 0     0.0 0   258.2 0   278.814 0   278.550 0   316.8 0   279.198 0   279.249 0     0.0 0     0.0 0     0.0 0   -58.6 0   -58.6 0     7.1 0    69.3 0     1.6 0   282.0 0   977.8 0
 2026  10  1 10  4  6  4.100 155.63    -0.1 0    -0.5 0    -0.1 0    -0.1 0   257.6 0   278.764 0   278.291 0   315.8 0   279.188 0   279.236 0     0.0 0     0.0 0     0.0 0   -58.2 0   -58.2 0     7.1 0    69.0 0     1.1 0   292.5 0   977.9 0
 2026  10  1 10  4  7  4.117 155.77     0.1 0    -0.3 0     0.1 0     0.0 0   256.1 0   278.672 0   278.183 0   314.5 0   279.171 0   279.192 0     0.0 0     0.0 0     0.0 0   -58.4 0   -58.4 0     7.0 0    68.3 0     0.3 0   268.7 0   977.9 0
 2026  10  1 10  4  8  4.133 155.90     0.5 0     0.0 0     0.3 0    -0.1 0   255.4 0   278.553 0   277.878 0   313.3 0   279.131 0   279.118 0     0.0 0     0.0 0     0.0 0   -57.9 0   -57.9 0     6.7 0    68.2 0     0.7 0   184.6 0   977.9 0
 2026  10  1 10  4  9  4.150 156.03     0.5 0     0.0 0     0.4 0     0.0 0   256.0 0   278.396 0   277.797 0   313.5 0   279.077 0   279.072 0     0.0 0     0.0 0     0.0 0   -57.5 0   -57.5 0     6.4 0    70.4 0     1.2 0   174.9 0   977.9 0
 2026  10  1 10  4 10  4.167 156.16     0.8 0     0.0 0     0.5 0    -0.1 0   256.1 0   278.255 0   277.604 0   313.6 0   279.020 0   279.009 0     0.0 0     0.0 0     0.0 0   -57.4 0   -57.4 0     6.1 0    72.1 0     1.6 0   158.2 0   977.8 0
 2026  10  1 10  4 11  4.183 156.29     0.8 0    -0.1 0     0.4 0     0.0 0   256.4 0   278.116 0   277.562 0   314.1 0   278.958 0   278.957 0     0.0 0     0.0 0     0.0 0   -57.7 0   -57.7 0     5.9 0    73.8 0     1.7 0   144.8 0   977.8 0
 2026  10  1 10  4 12  4.200 156.42     1.1 0    -0.3 0     0.6 0     0.0 0   256.1 0   277.985 0   277.344 0   314.5 0   278.900 0   278.908 0     0.0 0     0.0 0     0.0 0   -58.4 0   -58.4 0     5.8 0    74.7 0     1.7 0   132.6 0   977.8 0
 2026  10  1 10  4 13  4.217 156.55     1.5 0    -0.5 0     0.7 0     0.0 0   255.4 0   277.829 0   277.079 0   313.8 0   278.847 0   278.860 0     0.0 0     0.0 0     0.0 0   -58.4 0   -58.4 0     5.7 0    75.3 0     1.6 0   123.8 0   977.8 0
 2026  10  1 10  4 14  4.233 156.67     1.7 0    -0.5 0     0.7 0     0.0 0   255.0 0   277.638 0   276.915 0   312.5 0   278.795 0   278.800 0     0.0 0     0.0 0     0.0 0   -57.5 0   -57.5 0     5.7 0    75.2 0     1.5 0   116.2 0   977.9 0
 2026  10  1 10  4 15  4.250 156.80     1.3 0    -0.6 0     0.5 0     0.0 0   255.1 0   277.469 0   276.879 0   312.3 0   278.740 0   278.751 0     0.0 0     0.0 0     0.0 0   -57.2 0   -57.2 0     5.6 0    75.6 0     1.3 0   115.7 0   977.9 0
 2026  10  1 10  4 16  4.267 156.92     0.9 0    -0.7 0     0.3 0     0.0 0   255.3 0   277.339 0   276.885 0   312.5 0   278.689 0   278.705 0     0.0 0     0.0 0     0.0 0   -57.2 0   -57.2 0     5.6 0    75.8 0     1.5 0   132.7 0   977.9 0
 2026  10  1 10  4 17  4.283 157.04     0.7 0    -0.7 0     0.1 0    -0.1 0   254.7 0   277.242 0   276.764 0   312.4 0   278.640 0   278.663 0     0.0 0     0.0 0     0.0 0   -57.7 0   -57.7 0     5.7 0    75.9 0     1.5 0   155.1 0   977.8 0
 2026  10  1 10  4 18  4.300 157.16     0.7 0    -0.8 0     0.1 0    -0.1 0   254.4 0   277.135 0   276.615 0   312.7 0   278.600 0   278.630 0     0.0 0     0.0 0     0.0 0   -58.3 0   -58.3 0     5.8 0    75.0 0     1.5 0   156.1 0   977.8 0
 2026  10  1 10  4 19  4.317 157.28     0.7 0    -0.5 0     0.1 0    -0.1 0   254.1 0   277.022 0   276.520 0   312.7 0   278.559 0   278.581 0     0.0 0     0.0 0     0.0 0   -58.6 0   -58.6 0     5.8 0    74.8 0     1.8 0   153.5 0   977.8 0
 2026  10  1 10  4 20  4.333 157.40     0.8 0    -0.4 0     0.1 0    -0.2 0   253.9 0   276.901 0   276.325 0   312.5 0   278.513 0   278.536 0     0.0 0     0.0 0     0.0 0   -58.5 0   -58.5 0     5.8 0    75.1 0     1.7 0   159.5 0   977.8 0
 2026  10  1 10  4 21  4.350 157.52     0.9 0    -0.5 0     0.1 0    -0.1 0   253.6 0   276.771 0   276.227 0   312.3 0   278.472 0   278.512 0     0.0 0     0.0 0     0.0 0   -58.7 0   -58.7 0     5.9 0    75.0 0     2.1 0   180.1 0   977.8 0
 2026  10  1 10  4 22  4.367 157.63     1.0 0    -0.6 0     0.2 0    -0.1 0   253.2 0   276.639 0   276.044 0   310.4 0   278.445 0   278.472 0     0.0 0     0.0 0     0.0 0   -57.2 0   -57.2 0     6.0 0    73.1 0     1.5 0   184.8 0   977.9 0
 2026  10  1 10  4 23  4.383 157.75     1.4 0     0.3 0     0.4 0    -0.1 0   251.1 0   276.478 0   275.789 0   309.5 0   278.381 0   278.291 0     0.0 0     0.0 0     0.0 0   -58.4 0   -58.4 0     5.7 0    69.7 0     0.1 0   169.1 0   977.9 0
 2026  10  1 10  4 24  4.400 157.86     1.2 0     0.4 0     0.4 0     0.0 0   251.9 0   276.311 0   275.725 0   310.4 0   278.282 0   278.211 0     0.0 0     0.0 0     0.0 0   -58.5 0   -58.5 0     5.3 0    71.4 0     0.0 0     0.0 0   978.0 0
 2026  10  1 10  4 25  4.417 157.97     0.7 0    -0.3 0     0.2 0     0.0 0   252.3 0   276.179 0   275.717 0   310.9 0   278.203 0   278.196 0     0.0 0     0.0 0     0.0 0   -58.6 0   -58.6 0     4.9 0    74.5 0     0.4 0   184.9 0   978.0 0
 2026  10  1 10  4 26  4.433 158.08     0.4 0    -0.9 0     0.0 0     0.0 0   252.0 0   276.089 0   275.707 0   310.1 0   278.148 0   278.163 0     0.0 0     0.0 0     0.0 0   -58.0 0   -58.0 0     4.8 0    76.6 0     0.4 0   180.5 0   978.0 0
 2026  10  1 10  4 27  4.450 158.19     0.1 0    -1.1 0    -0.1 0     0.0 0   251.9 0   276.022 0   275.677 0   309.6 0   278.093 0   278.105 0     0.0 0     0.0 0     0.0 0   -57.7 0   -57.7 0     4.7 0    76.8 0     0.2 0   210.6 0   978.0 0
 2026  10  1 10  4 28  4.467 158.29    -0.2 0    -1.3 0    -0.2 0     0.0 0   252.7 0   275.971 0   275.675 0   310.0 0   278.041 0   278.072 0     0.0 0     0.0 0     0.0 0   -57.3 0   -57.3 0     4.7 0    78.1 0     0.6 0   207.4 0   978.0 0
 2026  10  1 10  4 29  4.483 158.40    -0.4 0    -1.4 0    -0.2 0     0.0 0   252.4 0   275.939 0   275.683 0   309.9 0   277.997 0   278.041 0     0.0 0     0.0 0     0.0 0   -57.5 0   -57.5 0     4.8 0    78.2 0     0.6 0   192.8 0   978.0 0
 2026  10  1 10  4 30  4.500 158.50    -0.4 0    -1.1 0    -0.2 0     0.0 0   251.6 0   275.911 0   275.626 0   309.2 0   277.953 0   277.985 0     0.0 0     0.0 0     0.0 0   -57.6 0   -57.6 0     4.9 0    77.1 0     0.4 0   250.2 0   978.0 0
 2026  10  1 10  4 31  4.517 158.61    -0.4 0    -1.0 0    -0.2 0     0.0 0   251.4 0   275.874 0   275.562 0   308.8 0   277.901 0   277.927 0     0.0 0     0.0 0     0.0 0   -57.3 0   -57.3 0     4.9 0    76.8 0     0.2 0   262.7 0   978.0 0
 2026  10  1 10  4 32  4.533 158.71    -0.4 0    -0.9 0    -0.2 0     0.0 0   251.4 0   275.833 0   275.549 0   308.6 0   277.848 0   277.870 0     0.0 0     0.0 0     0.0 0   -57.2 0   -57.2 0     4.8 0    76.7 0     0.0 0     0.0 0   977.9 0
 2026  10  1 10  4 33  4.550 158.81    -0.6 0    -0.8 0    -0.2 0     0.0 0   251.3 0   275.803 0   275.506 0   308.5 0   277.790 0   277.808 0     0.0 0     0.0 0     0.0 0   -57.2 0   -57.2 0     4.7 0    77.0 0     0.0 0     0.0 0   977.9 0
 2026  10  1 10  4 34  4.567 158.90    -0.7 0    -1.0 0    -0.2 0     0.1 0   252.2 0   275.772 0   275.552 0   308.8 0   277.733 0   277.772 0     0.0 0     0.0 0     0.0 0   -56.6 0   -56.6 0     4.6 0    77.8 0     0.0 0   275.7 0   977.9 0
 2026  10  1 10  4 35  4.583 159.00    -1.1 0    -1.1 0    -0.3 0     0.1 0   252.1 0   275.774 0   275.605 0   308.3 0   277.683 0   277.722 0     0.0 0     0.0 0     0.0 0   -56.1 0   -56.1 0     4.5 0    78.4 0     0.1 0   276.9 0   977.9 0
 2026  10  1 10  4 36  4.600 159.09    -1.0 0    -1.0 0    -0.3 0     0.0 0   252.3 0   275.778 0   275.568 0   308.5 0   277.631 0   277.667 0     0.0 0     0.0 0     0.0 0   -56.2 0   -56.2 0     4.5 0    78.9 0     0.8 0   308.0 0   977.9 0
 2026  10  1 10  4 37  4.617 159.18    -1.1 0    -0.9 0    -0.3 0     0.0 0   253.0 0   275.779 0   275.613 0   309.2 0   277.578 0   277.623 0     0.0 0     0.0 0     0.0 0   -56.2 0   -56.2 0     4.6 0    79.2 0     1.1 0   305.2 0   978.0 0
 2026  10  1 10  4 38  4.633 159.27    -1.5 0    -0.9 0    -0.4 0     0.0 0   253.1 0   275.797 0   275.698 0   309.8 0   277.530 0   277.577 0     0.0 0     0.0 0     0.0 0   -56.7 0   -56.7 0     4.7 0    78.8 0     1.2 0   309.0 0   978.0 0
 2026  10  1 10  4 39  4.650 159.36    -2.0 0    -0.9 0    -0.7 0     0.0 0   254.2 0   275.844 0   275.871 0   311.2 0   277.487 0   277.547 0     0.0 0     0.0 0     0.0 0   -57.1 0   -57.1 0     4.8 0    78.9 0     1.6 0   291.4 0   978.0 0
 2026  10  1 10  4 40  4.667 159.45    -2.4 0    -1.1 0    -1.0 0     0.0 0   254.8 0   275.935 0   276.072 0   312.0 0   277.463 0   277.542 0     0.0 0     0.0 0     0.0 0   -57.2 0   -57.2 0     5.1 0    78.2 0     1.9 0   284.3 0   978.0 0
 2026  10  1 10  4 41  4.683 159.54    -2.5 0    -1.3 0    -1.3 0     0.0 0   255.5 0   276.049 0   276.257 0   313.0 0   277.460 0   277.555 0     0.0 0     0.0 0     0.0 0   -57.5 0   -57.5 0     5.5 0    76.7 0     2.1 0   282.0 0   978.0 0
 2026  10  1 10  4 42  4.700 159.62    -2.6 0    -1.4 0    -1.7 0     0.0 0   255.4 0   276.186 0   276.440 0   313.0 0   277.474 0   277.574 0     0.0 0     0.0 0     0.0 0   -57.6 0   -57.6 0     5.9 0    74.7 0     2.3 0   281.7 0   978.0 0
 2026  10  1 10  4 43  4.717 159.70    -2.4 0    -1.4 0    -1.5 0    -0.1 0   253.8 0   276.322 0   276.318 0   312.2 0   277.497 0   277.602 0     0.0 0     0.0 0     0.0 0   -58.4 0   -58.4 0     6.1 0    73.2 0     2.5 0   276.2 0   978.0 0
 2026  10  1 10  4 44  4.733 159.78    -1.3 0    -1.2 0    -0.6 0    -0.1 0   252.3 0   276.329 0   275.843 0   310.4 0   277.526 0   277.631 0     0.0 0     0.0 0     0.0 0   -58.1 0   -58.1 0     6.3 0    72.0 0     2.3 0   285.9 0   978.0 0
 2026  10  1 10  4 45  4.750 159.86    -1.0 0    -0.8 0    -0.2 0     0.0 0   252.5 0   276.240 0   275.820 0   310.2 0   277.545 0   277.629 0     0.0 0     0.0 0     0.0 0   -57.7 0   -57.7 0     6.3 0    71.4 0     2.2 0   288.0 0   978.0 0
 2026  10  1 10  4 46  4.767 159.93    -0.4 0    -0.3 0     0.1 0    -0.1 0   251.1 0   276.144 0   275.594 0   308.7 0   277.553 0   277.603 0     0.0 0     0.0 0     0.0 0   -57.6 0   -57.6 0     6.2 0    70.1 0     1.2 0   283.3 0   978.0 0
 2026  10  1 10  4 47  4.783 160.01     0.1 0     0.2 0     0.3 0    -0.1 0   250.8 0   276.020 0   275.427 0   308.3 0   277.529 0   277.545 0     0.0 0     0.0 0     0.0 0   -57.5 0   -57.5 0     5.8 0    69.9 0     0.8 0   237.3 0   978.0 0
 2026  10  1 10  4 48  4.800 160.08     0.3 0     0.2 0     0.3 0    -0.1 0   251.3 0   275.875 0   275.308 0   309.2 0   277.485 0   277.510 0     0.0 0     0.0 0     0.0 0   -57.9 0   -57.9 0     5.4 0    72.6 0     0.8 0   239.3 0   978.0 0
 2026  10  1 10  4 49  4.817 160.15     0.2 0     0.0 0     0.2 0     0.0 0   251.7 0   275.756 0   275.298 0   309.4 0   277.447 0   277.472 0     0.0 0     0.0 0     0.0 0   -57.7 0   -57.7 0     5.1 0    74.0 0     1.0 0   199.9 0   978.0 0
 2026  10  1 10  4 50  4.833 160.22     0.1 0     0.0 0     0.1 0     0.0 0   252.1 0   275.672 0   275.314 0   309.5 0   277.403 0   277.426 0     0.0 0     0.0 0     0.0 0   -57.4 0   -57.4 0     4.8 0    75.0 0     1.2 0   188.5 0   978.0 0
 2026  10  1 10  4 51  4.850 160.28    -0.3 0    -0.1 0     0.0 0     0.0 0   253.3 0   275.615 0   275.351 0   309.5 0   277.354 0   277.384 0     0.0 0     0.0 0     0.0 0   -56.2 0   -56.2 0     4.5 0    76.4 0     1.1 0   175.3 0   978.0 0
 2026  10  1 10  4 52  4.867 160.35    -0.9 0    -0.3 0    -0.1 0     0.0 0   253.1 0   275.604 0   275.413 0   308.8 0   277.309 0   277.349 0     0.0 0     0.0 0     0.0 0   -55.7 0   -55.7 0     4.4 0    77.8 0     1.1 0   157.0 0   978.0 0
 2026  10  1 10  4 53  4.883 160.41    -0.8 0    -0.3 0     0.0 0     0.0 0   252.3 0   275.585 0   275.260 0   307.9 0   277.268 0   277.304 0     0.0 0     0.0 0     0.0 0   -55.6 0   -55.6 0     4.4 0    78.3 0     1.2 0   141.5 0   978.0 0
 2026  10  1 10  4 54  4.900 160.47    -0.1 0    -0.2 0     0.3 0    -0.1 0   251.3 0   275.511 0   274.981 0   307.5 0   277.219 0   277.241 0     0.0 0     0.0 0     0.0 0   -56.2 0   -56.2 0     4.3 0    78.4 0     1.1 0   115.9 0   978.0 0
 2026  10  1 10  4 55  4.917 160.52     0.1 0    -0.4 0     0.4 0     0.0 0   251.8 0   275.394 0   274.927 0   307.8 0   277.171 0   277.210 0     0.0 0     0.0 0     0.0 0   -56.0 0   -56.0 0     4.2 0    79.3 0     1.1 0   103.2 0   978.0 0
 2026  10  1 10  4 56  4.933 160.58    -0.3 0    -0.6 0     0.2 0     0.1 0   252.4 0   275.306 0   275.024 0   308.9 0   277.132 0   277.186 0     0.0 0     0.0 0     0.0 0   -56.5 0   -56.5 0     4.3 0    79.8 0     0.9 0   118.4 0   977.9 0
 2026  10  1 10  4 57  4.950 160.63    -1.7 0    -0.7 0    -0.4 0     0.1 0   253.5 0   275.314 0   275.413 0   308.9 0   277.103 0   277.173 0     0.0 0     0.0 0     0.0 0   -55.4 0   -55.4 0     4.4 0    79.6 0     0.8 0   125.1 0   977.9 0
 2026  10  1 10  4 58  4.967 160.68    -2.4 0    -0.8 0    -0.7 0    -0.1 0   252.3 0   275.421 0   275.485 0   308.1 0   277.082 0   277.174 0     0.0 0     0.0 0     0.0 0   -55.7 0   -55.7 0     4.6 0    79.2 0     0.6 0   138.7 0   977.9 0
 2026  10  1 10  4 59  4.983 160.73    -1.5 0    -0.8 0    -0.3 0    -0.1 0   251.1 0   275.451 0   275.096 0   308.4 0   277.066 0   277.165 0     0.0 0     0.0 0     0.0 0   -57.3 0   -57.3 0     4.7 0    78.5 0     0.0 0     0.0 0   977.9 0
 2026  10  1 10  5  0  5.000 160.78    -0.8 0    -0.6 0    -0.1 0     0.0 0   250.7 0   275.397 0   275.065 0   307.5 0   277.049 0   277.130 0     0.0 0     0.0 0     0.0 0   -56.8 0   -56.8 0     4.7 0    77.9 0     0.0 0     0.0 0   978.0 0
 2026  10  1 10  5  1  5.017 160.82    -0.4 0    -0.5 0     0.2 0    -0.1 0   250.3 0   275.324 0   274.857 0   306.9 0   277.025 0   277.092 0     0.0 0     0.0 0     0.0 0   -56.7 0   -56.7 0     4.7 0    77.9 0     0.1 0   141.8 0   978.0 0
 2026  10  1 10  5  2  5.033 160.87    -0.3 0    -0.5 0     0.2 0     0.0 0   250.9 0   275.233 0   274.885 0   307.5 0   276.996 0   277.060 0     0.0 0     0.0 0     0.0 0   -56.6 0   -56.6 0     4.7 0    78.3 0     0.7 0   294.9 0   977.9 0
 2026  10  1 10  5  3  5.050 160.91    -0.4 0    -0.5 0     0.2 0     0.0 0   249.8 0   275.174 0   274.848 0   307.0 0   276.967 0   277.025 0     0.0 0     0.0 0     0.0 0   -57.2 0   -57.2 0     4.7 0    78.2 0     0.9 0   301.5 0   977.9 0
 2026  10  1 10  5  4  5.067 160.94    -0.8 0    -0.4 0     0.0 0     0.0 0   249.8 0   275.139 0   274.918 0   307.6 0   276.937 0   276.994 0     0.0 0     0.0 0     0.0 0   -57.7 0   -57.7 0     4.7 0    78.0 0     1.2 0   308.1 0   977.9 0
 2026  10  1 10  5  5  5.083 160.98    -1.2 0    -0.5 0    -0.3 0     0.0 0   251.3 0   275.140 0   275.108 0   308.7 0   276.909 0   276.978 0     0.0 0     0.0 0     0.0 0   -57.5 0   -57.5 0     4.7 0    78.1 0     1.5 0   308.4 0   977.9 0
 2026  10  1 10  5  6  5.100 161.01    -2.1 0    -0.6 0    -0.7 0     0.0 0   251.3 0   275.214 0   275.305 0   308.1 0   276.890 0   276.966 0     0.0 0     0.0 0     0.0 0   -56.8 0   -56.8 0     4.8 0    77.8 0     1.6 0   308.5 0   977.8 0
 2026  10  1 10  5  7  5.117 161.04    -2.2 0    -0.7 0    -0.6 0     0.0 0   251.4 0   275.310 0   275.339 0   307.8 0   276.878 0   276.957 0     0.0 0     0.0 0     0.0 0   -56.5 0   -56.5 0     5.0 0    77.1 0     1.5 0   312.2 0   977.8 0
 2026  10  1 10  5  8  5.133 161.07    -2.2 0    -0.7 0    -0.6 0     0.0 0   251.4 0   275.394 0   275.427 0   307.5 0   276.872 0   276.961 0     0.0 0     0.0 0     0.0 0   -56.1 0   -56.1 0     5.1 0    76.5 0     1.3 0   318.4 0   977.7 0
 2026  10  1 10  5  9  5.150 161.10    -1.9 0    -0.6 0    -0.4 0     0.0 0   250.4 0   275.461 0   275.326 0   307.1 0   276.870 0   276.960 0     0.0 0     0.0 0     0.0 0   -56.8 0   -56.8 0     5.2 0    76.0 0     1.1 0   322.1 0   977.7 0
 2026  10  1 10  5 10  5.167 161.12    -0.6 0    -0.5 0    -0.1 0    -0.1 0   248.2 0   275.444 0   274.971 0   305.9 0   276.868 0   276.949 0     0.0 0     0.0 0     0.0 0   -57.8 0   -57.8 0     5.3 0    75.2 0     0.7 0   319.2 0   977.7 0
 2026  10  1 10  5 11  5.183 161.14     0.1 0    -0.2 0     0.2 0    -0.1 0   247.4 0   275.332 0   274.708 0   305.9 0   276.853 0   276.908 0     0.0 0     0.0 0     0.0 0   -58.5 0   -58.5 0     5.2 0    74.7 0     0.2 0   330.8 0   977.8 0
 2026  10  1 10  5 12  5.200 161.16     0.5 0     0.6 0     0.3 0    -0.1 0   247.1 0   275.175 0   274.496 0   305.0 0   276.805 0   276.801 0     0.0 0     0.0 0     0.0 0   -57.9 0   -57.9 0     4.7 0    72.6 0     1.2 0   159.3 0   977.8 0
 2026  10  1 10  5 13  5.217 161.18     0.3 0     0.4 0     0.2 0     0.0 0   248.1 0   275.036 0   274.622 0   305.6 0   276.736 0   276.754 0     0.0 0     0.0 0     0.0 0   -57.6 0   -57.6 0     4.2 0    77.0 0     1.1 0   164.7 0   977.8 0
 2026  10  1 10  5 14  5.233 161.19    -0.1 0     0.0 0     0.0 0     0.0 0   248.8 0   274.973 0   274.756 0   305.9 0   276.681 0   276.716 0     0.0 0     0.0 0     0.0 0   -57.1 0   -57.1 0     3.9 0    79.3 0     1.1 0   158.3 0   977.8 0
 2026  10  1 10  5 15  5.250 161.21    -0.4 0    -0.3 0    -0.1 0     0.0 0   247.8 0   274.972 0   274.747 0   305.7 0   276.637 0   276.686 0     0.0 0     0.0 0     0.0 0   -57.9 0   -57.9 0     3.8 0    80.7 0     1.1 0   166.6 0   977.9 0
 2026  10  1 10  5 16  5.267 161.22    -0.6 0    -0.5 0    -0.2 0     0.0 0   248.4 0   274.957 0   274.708 0   306.0 0   276.602 0   276.658 0     0.0 0     0.0 0     0.0 0   -57.6 0   -57.6 0     3.9 0    81.2 0     0.9 0   151.9 0   977.9 0
 2026  10  1 10  5 17  5.283 161.22    -1.3 0    -0.6 0    -0.3 0     0.1 0   249.1 0   274.956 0   274.840 0   306.0 0   276.573 0   276.634 0     0.0 0     0.0 0     0.0 0   -56.9 0   -56.9 0     4.0 0    81.0 0     0.4 0   145.5 0   977.9 0
 2026  10  1 10  5 18  5.300 161.23    -1.6 0    -0.6 0    -0.3 0     0.0 0   248.3 0   274.997 0   274.852 0   305.2 0   276.545 0   276.605 0     0.0 0     0.0 0     0.0 0   -57.0 0   -57.0 0     4.1 0    80.7 0     0.2 0   126.7 0   977.9 0
 2026  10  1 10  5 19  5.317 161.23    -0.2 0    -0.6 0     0.1 0     0.0 0   247.0 0   274.970 0   274.482 0   305.2 0   276.516 0   276.580 0     0.0 0     0.0 0     0.0 0   -58.2 0   -58.2 0     4.1 0    80.4 0     0.0 0   112.6 0   977.9 0
 2026  10  1 10  5 20  5.333 161.23     0.2 0    -0.6 0     0.2 0     0.1 0   247.2 0   274.869 0   274.436 0   304.8 0   276.487 0   276.543 0     0.0 0     0.0 0     0.0 0   -57.6 0   -57.6 0     4.1 0    80.2 0     0.0 0     0.0 0   977.9 0
 2026  10  1 10  5 21  5.350 161.23     0.0 0    -0.5 0     0.2 0     0.1 0   247.1 0   274.786 0   274.376 0   304.6 0   276.453 0   276.504 0     0.0 0     0.0 0     0.0 0   -57.5 0   -57.5 0     4.0 0    80.1 0     0.0 0     0.0 0   977.8 0
 2026  10  1 10  5 22  5.367 161.22    -0.1 0    -0.5 0     0.2 0     0.0 0   247.0 0   274.712 0   274.323 0   305.0 0   276.417 0   276.472 0     0.0 0     0.0 0     0.0 0   -58.0 0   -58.0 0     4.0 0    80.2 0     0.0 0     0.0 0   977.8 0
 2026  10  1 10  5 23  5.383 161.22    -0.5 0    -0.6 0     0.0 0     0.1 0   247.5 0   274.661 0   274.400 0   304.9 0   276.381 0   276.440 0     0.0 0     0.0 0     0.0 0   -57.4 0   -57.4 0     3.9 0    80.5 0     0.0 0     0.0 0   977.8 0
 2026  10  1 10  5 24  5.400 161.21    -1.0 0    -0.7 0    -0.1 0     0.1 0   247.2 0   274.653 0   274.469 0   304.3 0   276.345 0   276.402 0     0.0 0     0.0 0     0.0 0   -57.1 0   -57.1 0     3.8 0    81.0 0     0.0 0     0.0 0   977.8 0
 2026  10  1 10  5 25  5.417 161.20    -1.1 0    -0.7 0    -0.2 0     0.1 0   247.2 0   274.657 0   274.430 0   304.1 0   276.311 0   276.369 0     0.0 0     0.0 0     0.0 0   -56.9 0   -56.9 0     3.8 0    81.3 0     0.0 0     0.0 0   977.8 0
 2026  10  1 10  5 26  5.433 161.18    -1.0 0    -0.7 0    -0.1 0     0.0 0   245.7 0   274.646 0   274.365 0   302.6 0   276.279 0   276.327 0     0.0 0     0.0 0     0.0 0   -56.9 0   -56.9 0     3.7 0    81.1 0     0.3 0    37.9 0   977.8 0
 2026  10  1 10  5 27  5.450 161.17    -0.7 0    -0.3 0     0.0 0     0.1 0   245.2 0   274.613 0   274.275 0   302.7 0   276.228 0   276.253 0     0.0 0     0.0 0     0.0 0   -57.5 0   -57.5 0     3.5 0    81.1 0     1.2 0    37.7 0   977.8 0
 2026  10  1 10  5 28  5.467 161.15    -0.7 0    -0.4 0    -0.1 0     0.1 0   245.0 0   274.576 0   274.308 0   302.5 0   276.172 0   276.208 0     0.0 0     0.0 0     0.0 0   -57.6 0   -57.6 0     3.4 0    82.1 0     1.1 0    35.8 0   977.7 0
 2026  10  1 10  5 29  5.483 161.13    -0.6 0    -0.5 0    -0.1 0     0.0 0   244.3 0   274.558 0   274.273 0   302.1 0   276.124 0   276.169 0     0.0 0     0.0 0     0.0 0   -57.8 0   -57.8 0     3.3 0    82.9 0     0.6 0    44.4 0   977.7 0
 2026  10  1 10  5 30  5.500 161.10    -0.1 0    -0.6 0     0.0 0     0.0 0   243.6 0   274.505 0   274.105 0   301.9 0   276.080 0   276.120 0     0.0 0     0.0 0     0.0 0   -58.3 0   -58.3 0     3.2 0    82.9 0     0.5 0    65.6 0   977.7 0
 2026  10  1 10  5 31  5.517 161.08    -0.5 0    -0.7 0    -0.1 0     0.1 0   244.2 0   274.439 0   274.186 0   301.8 0   276.033 0   276.071 0     0.0 0     0.0 0     0.0 0   -57.6 0   -57.6 0     3.1 0    83.0 0     0.6 0    98.0 0   977.7 0
 2026  10  1 10  5 32  5.533 161.05    -1.3 0    -0.8 0    -0.3 0     0.1 0   244.1 0   274.444 0   274.337 0   301.9 0   275.987 0   276.037 0     0.0 0     0.0 0     0.0 0   -57.8 0   -57.8 0     3.1 0    84.0 0     0.5 0   111.7 0   977.7 0
 2026  10  1 10  5 33  5.550 161.02    -1.6 0    -0.8 0    -0.3 0     0.1 0   243.6 0   274.487 0   274.340 0   301.8 0   275.947 0   275.998 0     0.0 0     0.0 0     0.0 0   -58.2 0   -58.2 0     3.1 0    84.6 0     0.9 0   126.1 0   977.7 0
 2026  10  1 10  5 34  5.567 160.98    -1.3 0    -0.9 0    -0.2 0     0.0 0   242.9 0   274.499 0   274.192 0   302.1 0   275.909 0   275.964 0     0.0 0     0.0 0     0.0 0   -59.3 0   -59.3 0     3.2 0    85.1 0     1.3 0   124.2 0   977.7 0
 2026  10  1 10  5 35  5.583 160.95    -0.9 0    -1.0 0    -0.1 0     0.0 0   243.2 0   274.458 0   274.120 0   302.7 0   275.878 0   275.930 0     0.0 0     0.0 0     0.0 0   -59.5 0   -59.5 0     3.3 0    85.1 0     1.4 0   124.5 0   977.7 0
 2026  10  1 10  5 36  5.600 160.91    -0.8 0    -0.9 0    -0.1 0     0.0 0   243.0 0   274.421 0   274.105 0   302.8 0   275.847 0   275.895 0     0.0 0     0.0 0     0.0 0   -59.8 0   -59.8 0     3.4 0    84.5 0     1.6 0   121.4 0   977.8 0
 2026  10  1 10  5 37  5.617 160.87    -0.3 0    -0.8 0     0.1 0    -0.1 0   242.0 0   274.361 0   273.842 0   302.3 0   275.811 0   275.855 0     0.0 0     0.0 0     0.0 0   -60.2 0   -60.2 0     3.3 0    84.1 0     1.5 0   128.2 0   977.8 0
 2026  10  1 10  5 38  5.633 160.83     0.2 0    -0.8 0     0.3 0     0.0 0   242.7 0   274.233 0   273.672 0   302.8 0   275.776 0   275.831 0     0.0 0     0.0 0     0.0 0   -60.0 0   -60.0 0     3.4 0    84.7 0     1.3 0   129.9 0   977.8 0
 2026  10  1 10  5 39  5.650 160.79    -0.3 0    -0.9 0     0.1 0     0.1 0   243.2 0   274.134 0   273.768 0   302.3 0   275.751 0   275.813 0     0.0 0     0.0 0     0.0 0   -59.1 0   -59.1 0     3.4 0    84.9 0     1.1 0   128.2 0   977.8 0
 2026  10  1 10  5 40  5.667 160.74    -0.3 0    -0.7 0     0.1 0     0.0 0   241.8 0   274.073 0   273.661 0   300.2 0   275.723 0   275.753 0     0.0 0     0.0 0     0.0 0   -58.5 0   -58.5 0     3.4 0    83.4 0     0.7 0   121.2 0   977.8 0
 2026  10  1 10  5 41  5.683 160.69     0.1 0    -0.7 0     0.1 0     0.0 0   242.4 0   273.985 0   273.541 0   301.4 0   275.682 0   275.732 0     0.0 0     0.0 0     0.0 0   -59.1 0   -59.1 0     3.4 0    83.9 0     0.5 0   136.7 0   977.8 0
 2026  10  1 10  5 42  5.700 160.64    -0.3 0    -0.9 0     0.0 0     0.0 0   243.1 0   273.909 0   273.621 0   301.2 0   275.653 0   275.708 0     0.0 0     0.0 0     0.0 0   -58.1 0   -58.1 0     3.4 0    84.5 0     0.3 0   137.0 0   977.8 0
 2026  10  1 10  5 43  5.717 160.59    -0.6 0    -1.0 0     0.0 0     0.0 0   243.1 0   273.876 0   273.603 0   301.5 0   275.626 0   275.690 0     0.0 0     0.0 0     0.0 0   -58.5 0   -58.5 0     3.4 0    84.5 0     0.0 0   137.0 0   977.8 0
 2026  10  1 10  5 44  5.733 160.53    -0.8 0    -1.0 0    -0.1 0     0.0 0   242.5 0   273.856 0   273.593 0   301.6 0   275.600 0   275.663 0     0.0 0     0.0 0     0.0 0   -59.1 0   -59.1 0     3.4 0    84.3 0     0.0 0     0.0 0   977.8 0
 2026  10  1 10  5 45  5.750 160.48    -0.9 0    -0.9 0    -0.2 0     0.0 0   242.1 0   273.831 0   273.582 0   301.6 0   275.571 0   275.624 0     0.0 0     0.0 0     0.0 0   -59.5 0   -59.5 0     3.4 0    84.4 0     0.2 0   278.9 0   977.8 0
 2026  10  1 10  5 46  5.767 160.42    -1.3 0    -0.9 0    -0.3 0     0.0 0   242.7 0   273.825 0   273.669 0   301.9 0   275.542 0   275.599 0     0.0 0     0.0 0     0.0 0   -59.2 0   -59.2 0     3.5 0    84.6 0     0.8 0   283.2 0   977.8 0
 2026  10  1 10  5 47  5.783 160.36    -1.6 0    -1.0 0    -0.4 0     0.1 0   243.5 0   273.857 0   273.843 0   301.9 0   275.520 0   275.583 0     0.0 0     0.0 0     0.0 0   -58.4 0   -58.4 0     3.6 0    84.5 0     0.6 0   285.1 0   977.8 0
 2026  10  1 10  5 48  5.800 160.29    -1.9 0    -1.0 0    -0.5 0     0.0 0   242.7 0   273.933 0   273.889 0   301.9 0   275.503 0   275.574 0     0.0 0     0.0 0     0.0 0   -59.1 0   -59.1 0     3.7 0    84.1 0     0.4 0   285.2 0   977.8 0
 2026  10  1 10  5 49  5.817 160.23    -2.2 0    -0.9 0    -0.5 0     0.1 0   243.7 0   273.995 0   274.014 0   302.4 0   275.486 0   275.562 0     0.0 0     0.0 0     0.0 0   -58.8 0   -58.8 0     3.8 0    83.6 0     0.0 0     0.0 0   977.9 0
 2026  10  1 10  5 50  5.833 160.16    -2.6 0    -0.9 0    -0.5 0     0.1 0   243.3 0   274.083 0   274.085 0   301.9 0   275.469 0   275.549 0     0.0 0     0.0 0     0.0 0   -58.6 0   -58.6 0     3.8 0    83.3 0     0.0 0     0.0 0   977.9 0
 2026  10  1 10  5 51  5.850 160.09    -1.6 0    -0.7 0    -0.2 0     0.0 0   241.4 0   274.141 0   273.855 0   301.1 0   275.451 0   275.525 0     0.0 0     0.0 0     0.0 0   -59.7 0   -59.7 0     3.8 0    82.8 0     0.1 0     6.9 0   977.9 0
 2026  10  1 10  5 52  5.867 160.02    -0.8 0    -0.5 0     0.1 0     0.0 0   240.9 0   274.084 0   273.639 0   300.8 0   275.424 0   275.483 0     0.0 0     0.0 0     0.0 0   -59.8 0   -59.8 0     3.6 0    82.1 0     0.1 0   344.9 0   977.9 0
 2026  10  1 10  5 53  5.883 159.95    -0.4 0    -0.5 0     0.2 0     0.0 0   240.4 0   273.985 0   273.519 0   300.4 0   275.391 0   275.442 0     0.0 0     0.0 0     0.0 0   -59.9 0   -59.9 0     3.5 0    82.2 0     0.2 0    30.8 0   977.9 0
 2026  10  1 10  5 54  5.900 159.87    -0.6 0    -0.5 0     0.1 0     0.0 0   240.5 0   273.900 0   273.523 0   299.3 0   275.357 0   275.410 0     0.0 0     0.0 0     0.0 0   -58.8 0   -58.8 0     3.4 0    82.9 0     0.0 0     0.0 0   977.9 0
 2026  10  1 10  5 55  5.917 159.79    -0.9 0    -0.3 0     0.0 0     0.1 0   240.6 0   273.854 0   273.604 0   299.0 0   275.316 0   275.347 0     0.0 0     0.0 0     0.0 0   -58.4 0   -58.4 0     3.2 0    82.3 0     0.2 0    73.9 0   977.9 0
 2026  10  1 10  5 56  5.933 159.71    -1.1 0    -0.4 0    -0.2 0     0.1 0   240.8 0   273.857 0   273.720 0   298.9 0   275.270 0   275.307 0     0.0 0     0.0 0     0.0 0   -58.1 0   -58.1 0     3.0 0    82.6 0     0.4 0   100.8 0   977.9 0
 2026  10  1 10  5 57  5.950 159.63    -0.9 0    -0.6 0    -0.1 0     0.0 0   240.0 0   273.866 0   273.585 0   299.1 0   275.227 0   275.273 0     0.0 0     0.0 0     0.0 0   -59.1 0   -59.1 0     2.8 0    83.3 0     0.2 0   138.5 0   977.9 0
 2026  10  1 10  5 58  5.967 159.55    -0.4 0    -0.6 0     0.0 0     0.0 0   240.3 0   273.835 0   273.496 0   299.0 0   275.189 0   275.237 0     0.0 0     0.0 0     0.0 0   -58.7 0   -58.7 0     2.7 0    83.9 0     0.5 0   191.3 0   977.9 0
 2026  10  1 10  5 59  5.983 159.46    -0.6 0    -0.7 0    -0.1 0     0.1 0   240.8 0   273.807 0   273.635 0   299.0 0   275.153 0   275.207 0     0.0 0     0.0 0     0.0 0   -58.2 0   -58.2 0     2.7 0    84.6 0     0.3 0   204.0 0   977.9 0
 2026  10  1 10  6  0  6.000 159.38    -1.0 0    -0.7 0    -0.1 0     0.1 0   240.8 0   273.833 0   273.728 0   298.8 0   275.120 0   275.177 0     0.0 0     0.0 0     0.0 0   -57.9 0   -57.9 0     2.7 0    84.8 0     0.0 0     0.0 0   978.0 0
 2026  10  1 10  6  1  6.017 159.29    -0.7 0    -0.7 0     0.0 0    -0.1 0   240.0 0   273.861 0   273.573 0   298.2 0   275.086 0   275.144 0     0.0 0     0.0 0     0.0 0   -58.2 0   -58.2 0     2.7 0    84.9 0     0.0 0     0.0 0   977.9 0
 2026  10  1 10  6  2  6.033 159.20    -0.6 0    -0.8 0     0.0 0     0.1 0   241.6 0   273.837 0   273.728 0   298.6 0   275.051 0   275.111 0     0.0 0     0.0 0     0.0 0   -57.0 0   -57.0 0     2.6 0    85.3 0     0.3 0   204.9 0   977.9 0
 2026  10  1 10  6  3  6.050 159.11    -1.0 0    -0.7 0     0.0 0     0.0 0   240.7 0   273.881 0   273.703 0   298.0 0   275.018 0   275.077 0     0.0 0     0.0 0     0.0 0   -57.3 0   -57.3 0     2.6 0    85.5 0     0.3 0   207.4 0   977.9 0
 2026  10  1 10  6  4  6.067 159.01    -0.4 0    -0.6 0     0.1 0    -0.1 0   240.4 0   273.855 0   273.463 0   297.6 0   274.982 0   275.033 0     0.0 0     0.0 0     0.0 0   -57.2 0   -57.2 0     2.6 0    85.5 0     0.7 0   235.9 0   977.9 0
 2026  10  1 10  6  5  6.083 158.92    -0.5 0    -0.6 0     0.1 0     0.0 0   240.7 0   273.785 0   273.419 0   297.5 0   274.943 0   274.991 0     0.0 0     0.0 0     0.0 0   -56.9 0   -56.9 0     2.6 0    85.9 0     1.1 0   257.2 0   977.9 0
 2026  10  1 10  6  6  6.100 158.82    -0.5 0    -0.5 0     0.1 0     0.0 0   241.5 0   273.717 0   273.389 0   297.8 0   274.903 0   274.947 0     0.0 0     0.0 0     0.0 0   -56.4 0   -56.4 0     2.5 0    85.7 0     1.5 0   280.4 0   977.9 0
 2026  10  1 10  6  7  6.117 158.72    -1.2 0    -0.7 0    -0.2 0     0.0 0   242.9 0   273.700 0   273.570 0   298.7 0   274.871 0   274.936 0     0.0 0     0.0 0     0.0 0   -55.8 0   -55.8 0     2.6 0    86.6 0     1.1 0   279.4 0   977.8 0
 2026  10  1 10  6  8  6.133 158.62    -1.4 0    -0.8 0    -0.3 0     0.0 0   243.4 0   273.730 0   273.604 0   298.8 0   274.853 0   274.919 0     0.0 0     0.0 0     0.0 0   -55.4 0   -55.4 0     2.8 0    86.6 0     1.0 0   279.6 0   977.8 0
 2026  10  1 10  6  9  6.150 158.52    -1.2 0    -0.8 0    -0.2 0     0.0 0   243.6 0   273.746 0   273.555 0   299.0 0   274.836 0   274.900 0     0.0 0     0.0 0     0.0 0   -55.3 0   -55.3 0     2.8 0    86.2 0     0.5 0   278.3 0   977.8 0
 2026  10  1 10  6 10  6.167 158.42    -2.2 0    -0.8 0    -0.3 0     0.1 0   244.5 0   273.774 0   273.728 0   299.0 0   274.817 0   274.882 0     0.0 0     0.0 0     0.0 0   -54.4 0   -54.4 0     2.8 0    85.9 0     0.0 0   278.3 0   977.8 0
 2026  10  1 10  6 11  6.183 158.31    -2.6 0    -0.7 0    -0.3 0     0.1 0   244.8 0   273.840 0   273.806 0   298.8 0   274.796 0   274.861 0     0.0 0     0.0 0     0.0 0   -54.0 0   -54.0 0     2.8 0    85.8 0     0.0 0   230.2 0   977.8 0
 2026  10  1 10  6 12  6.200 158.21    -1.4 0    -0.7 0    -0.1 0    -0.1 0   243.1 0   273.875 0   273.564 0   298.1 0   274.774 0   274.834 0     0.0 0     0.0 0     0.0 0   -55.0 0   -55.0 0     2.8 0    85.7 0     0.5 0   230.5 0   977.8 0
 2026  10  1 10  6 13  6.217 158.10    -0.7 0    -0.6 0     0.0 0    -0.1 0   242.0 0   273.817 0   273.398 0   297.5 0   274.745 0   274.796 0     0.0 0     0.0 0     0.0 0   -55.5 0   -55.5 0     2.7 0    85.1 0     1.0 0   232.3 0   977.9 0
 2026  10  1 10  6 14  6.233 157.99     0.0 0    -0.4 0     0.2 0    -0.1 0   241.8 0   273.709 0   273.151 0   297.3 0   274.707 0   274.750 0     0.0 0     0.0 0     0.0 0   -55.5 0   -55.5 0     2.4 0    84.4 0     1.3 0   232.8 0   977.9 0
 2026  10  1 10  6 15  6.250 157.88    -0.1 0    -0.5 0     0.1 0     0.1 0   242.6 0   273.593 0   273.251 0   298.0 0   274.668 0   274.730 0     0.0 0     0.0 0     0.0 0   -55.4 0   -55.4 0     2.3 0    86.0 0     1.4 0   228.2 0   977.9 0
 2026  10  1 10  6 16  6.267 157.77    -0.9 0    -0.8 0     0.0 0     0.0 0   242.1 0   273.560 0   273.332 0   297.7 0   274.646 0   274.715 0     0.0 0     0.0 0     0.0 0   -55.6 0   -55.6 0     2.4 0    86.9 0     1.0 0   232.7 0   977.9 0
 2026  10  1 10  6 17  6.283 157.65    -1.0 0    -0.8 0    -0.1 0     0.0 0   242.1 0   273.546 0   273.292 0   297.5 0   274.626 0   274.695 0     0.0 0     0.0 0     0.0 0   -55.4 0   -55.4 0     2.4 0    86.7 0     1.2 0   244.2 0   977.9 0
 2026  10  1 10  6 18  6.300 157.54    -1.1 0    -0.7 0    -0.2 0     0.0 0   242.0 0   273.528 0   273.273 0   297.2 0   274.605 0   274.668 0     0.0 0     0.0 0     0.0 0   -55.2 0   -55.2 0     2.4 0    86.5 0     1.2 0   245.2 0   977.9 0
 2026  10  1 10  6 19  6.317 157.42    -1.1 0    -0.6 0    -0.1 0     0.0 0   241.7 0   273.501 0   273.185 0   296.8 0   274.579 0   274.635 0     0.0 0     0.0 0     0.0 0   -55.1 0   -55.1 0     2.4 0    86.3 0     0.9 0   250.0 0   977.9 0
 2026  10  1 10  6 20  6.333 157.30    -0.8 0    -0.6 0     0.0 0     0.0 0   241.8 0   273.446 0   273.083 0   296.5 0   274.550 0   274.606 0     0.0 0     0.0 0     0.0 0   -54.7 0   -54.7 0     2.3 0    86.2 0     0.7 0   250.8 0   977.9 0
 2026  10  1 10  6 21  6.350 157.18    -0.3 0    -0.5 0     0.0 0     0.0 0   241.5 0   273.384 0   273.026 0   296.4 0   274.518 0   274.572 0     0.0 0     0.0 0     0.0 0   -54.9 0   -54.9 0     2.2 0    86.2 0     0.6 0   245.6 0   977.9 0
 2026  10  1 10  6 22  6.367 157.06     0.6 0    -0.5 0     0.2 0    -0.2 0   239.9 0   273.298 0   272.744 0   295.7 0   274.482 0   274.527 0     0.0 0     0.0 0     0.0 0   -55.9 0   -55.9 0     2.0 0    86.0 0     0.7 0   238.4 0   977.9 0
 2026  10  1 10  6 23  6.383 156.94     0.6 0    -0.4 0     0.2 0    -0.1 0   240.5 0   273.158 0   272.643 0   295.9 0   274.439 0   274.481 0     0.0 0     0.0 0     0.0 0   -55.5 0   -55.5 0     1.8 0    85.9 0     0.4 0   225.5 0   978.0 0
 2026  10  1 10  6 24  6.400 156.82     0.3 0    -0.5 0     0.1 0     0.0 0   240.3 0   273.054 0   272.643 0   295.9 0   274.394 0   274.435 0     0.0 0     0.0 0     0.0 0   -55.6 0   -55.6 0     1.7 0    85.9 0     0.1 0   211.8 0   978.0 0
 2026  10  1 10  6 25  6.417 156.69     0.1 0    -0.6 0     0.0 0     0.0 0   240.2 0   272.975 0   272.598 0   295.9 0   274.349 0   274.395 0     0.0 0     0.0 0     0.0 0   -55.7 0   -55.7 0     1.5 0    86.1 0     0.1 0   202.3 0   978.1 0
 2026  10  1 10  6 26  6.433 156.57    -0.3 0    -0.7 0     0.0 0     0.0 0   240.0 0   272.916 0   272.602 0   295.6 0   274.305 0   274.353 0     0.0 0     0.0 0     0.0 0   -55.6 0   -55.6 0     1.4 0    86.5 0     0.0 0     0.0 0   978.1 0
 2026  10  1 10  6 27  6.450 156.44    -0.5 0    -0.6 0    -0.1 0     0.0 0   239.5 0   272.883 0   272.598 0   294.8 0   274.261 0   274.296 0     0.0 0     0.0 0     0.0 0   -55.3 0   -55.3 0     1.3 0    86.4 0     0.0 0     0.0 0   978.1 0
 2026  10  1 10  6 28  6.467 156.31    -0.6 0    -0.6 0    -0.1 0     0.1 0   240.6 0   272.859 0   272.621 0   295.8 0   274.206 0   274.247 0     0.0 0     0.0 0     0.0 0   -55.2 0   -55.2 0     1.1 0    86.7 0     0.7 0   151.0 0   978.0 0
 2026  10  1 10  6 29  6.483 156.18    -1.2 0    -0.8 0    -0.3 0     0.1 0   240.5 0   272.860 0   272.662 0   295.8 0   274.159 0   274.211 0     0.0 0     0.0 0     0.0 0   -55.3 0   -55.3 0     1.2 0    87.7 0     0.3 0   147.3 0   978.0 0
 2026  10  1 10  6 30  6.500 156.05    -0.7 0    -0.7 0    -0.1 0     0.0 0   240.0 0   272.850 0   272.559 0   296.6 0   274.113 0   274.168 0     0.0 0     0.0 0     0.0 0   -56.7 0   -56.7 0     1.1 0    87.4 0     0.0 0     0.0 0   978.0 0
 2026  10  1 10  6 31  6.517 155.92    -1.1 0    -0.9 0    -0.1 0     0.1 0   241.3 0   272.838 0   272.688 0   296.7 0   274.073 0   274.145 0     0.0 0     0.0 0     0.0 0   -55.4 0   -55.4 0     1.1 0    87.8 0     0.0 0   172.7 0   978.0 0
 2026  10  1 10  6 32  6.533 155.79    -1.4 0    -0.8 0    -0.1 0     0.0 0   239.9 0   272.864 0   272.668 0   295.8 0   274.038 0   274.092 0     0.0 0     0.0 0     0.0 0   -55.9 0   -55.9 0     1.1 0    87.8 0     0.3 0   330.4 0   977.9 0
 2026  10  1 10  6 33  6.550 155.65    -1.1 0    -0.5 0    -0.1 0     0.1 0   240.6 0   272.857 0   272.658 0   297.8 0   273.988 0   274.045 0     0.0 0     0.0 0     0.0 0   -57.1 0   -57.1 0     1.0 0    87.9 0     1.1 0   335.8 0   978.0 0
 2026  10  1 10  6 34  6.567 155.52    -2.3 0    -0.9 0    -0.4 0     0.1 0   243.1 0   272.904 0   272.989 0   298.6 0   273.954 0   274.059 0     0.0 0     0.0 0     0.0 0   -55.5 0   -55.5 0     1.1 0    89.1 0     0.2 0   156.4 0   978.0 0
 2026  10  1 10  6 35  6.583 155.38    -3.2 0    -1.1 0    -0.6 0     0.1 0   244.3 0   273.038 0   273.208 0   298.6 0   273.944 0   274.067 0     0.0 0     0.0 0     0.0 0   -54.3 0   -54.3 0     1.3 0    89.6 0     0.1 0   154.8 0   978.0 0
 2026  10  1 10  6 36  6.600 155.25    -3.1 0    -0.5 0    -0.5 0     0.0 0   241.8 0   273.181 0   273.063 0   297.1 0   273.923 0   273.972 0     0.0 0     0.0 0     0.0 0   -55.3 0   -55.3 0     1.3 0    88.3 0     0.9 0    11.6 0   978.0 0
 2026  10  1 10  6 37  6.617 155.11    -1.9 0    -0.2 0    -0.3 0     0.1 0   243.1 0   273.207 0   273.072 0   297.9 0   273.872 0   273.941 0     0.0 0     0.0 0     0.0 0   -54.8 0   -54.8 0     1.1 0    88.0 0     0.3 0    33.4 0   978.0 0
 2026  10  1 10  6 38  6.633 154.97    -2.2 0    -0.4 0    -0.3 0     0.1 0   243.5 0   273.238 0   273.138 0   297.2 0   273.837 0   273.913 0     0.0 0     0.0 0     0.0 0   -53.7 0   -53.7 0     1.1 0    88.7 0     0.4 0    61.9 0   978.0 0
 2026  10  1 10  6 39  6.650 154.83    -2.4 0    -0.5 0    -0.4 0     0.1 0   244.3 0   273.283 0   273.229 0   296.9 0   273.808 0   273.880 0     0.0 0     0.0 0     0.0 0   -52.5 0   -52.5 0     1.1 0    89.2 0     0.7 0    62.1 0   978.1 0
 2026  10  1 10  6 40  6.667 154.69    -2.4 0    -0.5 0    -0.5 0     0.1 0   244.5 0   273.345 0   273.285 0   296.7 0   273.783 0   273.857 0     0.0 0     0.0 0     0.0 0   -52.2 0   -52.2 0     1.2 0    89.6 0     0.9 0    62.3 0   978.1 0
 2026  10  1 10  6 41  6.683 154.55    -2.0 0    -0.6 0    -0.3 0     0.0 0   243.8 0   273.386 0   273.159 0   296.5 0   273.763 0   273.839 0     0.0 0     0.0 0     0.0 0   -52.7 0   -52.7 0     1.3 0    89.7 0     1.1 0    71.1 0   978.2 0
 2026  10  1 10  6 42  6.700 154.41    -1.3 0    -0.6 0    -0.1 0     0.1 0   244.1 0   273.363 0   273.096 0   296.6 0   273.746 0   273.821 0     0.0 0     0.0 0     0.0 0   -52.5 0   -52.5 0     1.4 0    89.8 0     1.2 0    74.6 0   978.2 0
 2026  10  1 10  6 43  6.717 154.26    -1.7 0    -0.6 0    -0.1 0     0.1 0   244.6 0   273.333 0   273.139 0   296.7 0   273.731 0   273.807 0     0.0 0     0.0 0     0.0 0   -52.1 0   -52.1 0     1.4 0    89.8 0     1.4 0    78.5 0   978.3 0
 2026  10  1 10  6 44  6.733 154.12    -1.5 0    -0.6 0    -0.3 0     0.0 0   244.1 0   273.337 0   273.165 0   296.6 0   273.719 0   273.797 0     0.0 0     0.0 0     0.0 0   -52.5 0   -52.5 0     1.5 0    89.9 0     1.4 0    78.3 0   978.3 0
 2026  10  1 10  6 45  6.750 153.97    -1.2 0    -0.6 0    -0.2 0     0.0 0   243.5 0   273.335 0   273.104 0   295.7 0   273.711 0   273.786 0     0.0 0     0.0 0     0.0 0   -52.2 0   -52.2 0     1.6 0    89.9 0     1.4 0    83.1 0   978.4 0
 2026  10  1 10  6 46  6.767 153.83    -1.0 0    -0.3 0    -0.1 0     0.0 0   242.7 0   273.315 0   273.037 0   295.6 0   273.691 0   273.752 0     0.0 0     0.0 0     0.0 0   -52.9 0   -52.9 0     1.5 0    89.2 0     1.4 0    86.7 0   978.4 0
 2026  10  1 10  6 47  6.783 153.68    -1.0 0    -0.4 0     0.0 0     0.0 0   242.3 0   273.283 0   272.997 0   295.5 0   273.671 0   273.740 0     0.0 0     0.0 0     0.0 0   -53.2 0   -53.2 0     1.5 0    89.5 0     1.1 0    88.2 0   978.4 0
 2026  10  1 10  6 48  6.800 153.53    -0.9 0    -0.4 0     0.1 0     0.0 0   241.8 0   273.248 0   272.943 0   295.3 0   273.652 0   273.718 0     0.0 0     0.0 0     0.0 0   -53.5 0   -53.5 0     1.4 0    89.5 0     0.7 0    88.3 0   978.4 0
 2026  10  1 10  6 49  6.817 153.38    -0.5 0    -0.4 0     0.2 0     0.0 0   240.8 0   273.186 0   272.746 0   295.0 0   273.632 0   273.701 0     0.0 0     0.0 0     0.0 0   -54.2 0   -54.2 0     1.4 0    89.5 0     0.4 0    88.3 0   978.4 0
 2026  10  1 10  6 50  6.833 153.23     0.1 0    -0.4 0     0.3 0    -0.1 0   240.1 0   273.085 0   272.611 0   294.4 0   273.613 0   273.678 0     0.0 0     0.0 0     0.0 0   -54.3 0   -54.3 0     1.4 0    89.5 0     0.0 0    88.3 0   978.4 0
 2026  10  1 10  6 51  6.850 153.08    -0.1 0    -0.4 0     0.3 0     0.0 0   240.6 0   272.986 0   272.605 0   294.9 0   273.590 0   273.659 0     0.0 0     0.0 0     0.0 0   -54.2 0   -54.2 0     1.4 0    89.6 0     0.4 0    36.3 0   978.4 0
 2026  10  1 10  6 52  6.867 152.93    -0.5 0    -0.5 0     0.1 0     0.1 0   240.8 0   272.930 0   272.635 0   294.9 0   273.568 0   273.642 0     0.0 0     0.0 0     0.0 0   -54.1 0   -54.1 0     1.4 0    89.9 0     0.7 0    37.0 0   978.4 0
 2026  10  1 10  6 53  6.883 152.78    -0.8 0    -0.5 0     0.0 0     0.1 0   241.0 0   272.904 0   272.658 0   294.7 0   273.547 0   273.616 0     0.0 0     0.0 0     0.0 0   -53.7 0   -53.7 0     1.4 0    90.0 0     0.6 0    47.7 0   978.4 0
 2026  10  1 10  6 54  6.900 152.63    -1.0 0    -0.6 0    -0.1 0     0.1 0   241.2 0   272.894 0   272.663 0   294.9 0   273.524 0   273.595 0     0.0 0     0.0 0     0.0 0   -53.7 0   -53.7 0     1.4 0    90.0 0     0.6 0    76.4 0   978.4 0
 2026  10  1 10  6 55  6.917 152.47    -1.0 0    -0.6 0    -0.1 0     0.0 0   241.1 0   272.885 0   272.638 0   294.8 0   273.503 0   273.571 0     0.0 0     0.0 0     0.0 0   -53.8 0   -53.8 0     1.4 0    90.1 0     0.6 0    86.1 0   978.4 0
 2026  10  1 10  6 56  6.933 152.32    -0.9 0    -0.6 0    -0.1 0     0.0 0   241.0 0   272.868 0   272.580 0   294.4 0   273.482 0   273.547 0     0.0 0     0.0 0     0.0 0   -53.4 0   -53.4 0     1.4 0    89.9 0     0.3 0    86.1 0   978.3 0
 2026  10  1 10  6 57  6.950 152.17    -0.7 0    -0.6 0     0.0 0     0.0 0   241.3 0   272.832 0   272.510 0   294.4 0   273.458 0   273.525 0     0.0 0     0.0 0     0.0 0   -53.1 0   -53.1 0     1.3 0    89.8 0     0.0 0    86.1 0   978.3 0
 2026  10  1 10  6 58  6.967 152.01    -0.6 0    -0.7 0     0.0 0     0.0 0   241.8 0   272.788 0   272.483 0   294.2 0   273.434 0   273.508 0     0.0 0     0.0 0     0.0 0   -52.5 0   -52.5 0     1.3 0    89.8 0     0.0 0     0.0 0   978.3 0
 2026  10  1 10  6 59  6.983 151.85    -0.6 0    -0.7 0    -0.1 0     0.0 0   241.9 0   272.748 0   272.437 0   294.2 0   273.410 0   273.482 0     0.0 0     0.0 0     0.0 0   -52.3 0   -52.3 0     1.2 0    89.9 0     0.0 0     0.0 0   978.3 0
 2026  10  1 10  7  0  7.000 151.70    -0.6 0    -0.7 0    -0.1 0     0.0 0   242.2 0   272.707 0   272.406 0   294.2 0   273.384 0   273.455 0     0.0 0     0.0 0     0.0 0   -52.0 0   -52.0 0     1.2 0    89.9 0     0.0 0     0.0 0   978.4 0
 2026  10  1 10  7  1  7.017 151.54    -0.5 0    -0.8 0    -0.1 0     0.0 0   242.4 0   272.671 0   272.380 0   294.1 0   273.358 0   273.430 0     0.0 0     0.0 0     0.0 0   -51.7 0   -51.7 0     1.2 0    89.9 0     0.1 0   175.7 0   978.4 0
 2026  10  1 10  7  2  7.033 151.38    -0.4 0    -0.8 0    -0.1 0     0.0 0   243.0 0   272.629 0   272.298 0   294.0 0   273.332 0   273.405 0     0.0 0     0.0 0     0.0 0   -51.0 0   -51.0 0     1.1 0    89.9 0     0.6 0   174.0 0   978.4 0
 2026  10  1 10  7  3  7.050 151.22    -0.3 0    -0.6 0     0.0 0     0.0 0   243.2 0   272.576 0   272.254 0   293.6 0   273.302 0   273.367 0     0.0 0     0.0 0     0.0 0   -50.4 0   -50.4 0     1.1 0    89.8 0     0.7 0   167.1 0   978.5 0
 2026  10  1 10  7  4  7.067 151.06    -0.2 0    -0.6 0     0.0 0    -0.1 0   243.4 0   272.523 0   272.158 0   293.7 0   273.271 0   273.343 0     0.0 0     0.0 0     0.0 0   -50.3 0   -50.3 0     1.1 0    90.5 0     0.7 0   161.8 0   978.5 0
 2026  10  1 10  7  5  7.083 150.90     0.0 0    -0.6 0     0.0 0     0.0 0   243.6 0   272.457 0   272.135 0   293.8 0   273.244 0   273.322 0     0.0 0     0.0 0     0.0 0   -50.2 0   -50.2 0     1.2 0    90.8 0     0.2 0   154.4 0   978.4 0
 2026  10  1 10  7  6  7.100 150.74    -0.4 0    -0.5 0     0.0 0     0.0 0   243.4 0   272.417 0   272.181 0   293.9 0   273.219 0   273.297 0     0.0 0     0.0 0     0.0 0   -50.4 0   -50.4 0     1.3 0    90.7 0     0.0 0     0.0 0   978.4 0
 2026  10  1 10  7  7  7.117 150.58    -0.7 0    -0.4 0    -0.1 0     0.0 0   243.2 0   272.408 0   272.198 0   294.7 0   273.191 0   273.276 0     0.0 0     0.0 0     0.0 0   -51.5 0   -51.5 0     1.3 0    90.7 0     0.0 0     0.0 0   978.4 0
 2026  10  1 10  7  8  7.133 150.42    -0.7 0    -0.5 0     0.0 0     0.0 0   242.9 0   272.389 0   272.097 0   295.0 0   273.167 0   273.254 0     0.0 0     0.0 0     0.0 0   -52.1 0   -52.1 0     1.4 0    90.9 0     0.0 0     0.0 0   978.4 0
 2026  10  1 10  7  9  7.150 150.26    -0.8 0    -0.6 0     0.0 0     0.1 0   242.8 0   272.359 0   272.125 0   294.7 0   273.148 0   273.241 0     0.0 0     0.0 0     0.0 0   -51.9 0   -51.9 0     1.5 0    91.0 0     0.0 0     0.0 0   978.4 0
 2026  10  1 10  7 10  7.167 150.09    -1.0 0    -0.6 0    -0.1 0     0.1 0   243.3 0   272.357 0   272.200 0   294.7 0   273.130 0   273.217 0     0.0 0     0.0 0     0.0 0   -51.4 0   -51.4 0     1.6 0    90.6 0     0.0 0     0.0 0   978.4 0
 2026  10  1 10  7 11  7.183 149.93    -1.3 0    -0.5 0    -0.2 0     0.1 0   243.6 0   272.382 0   272.215 0   295.1 0   273.110 0   273.194 0     0.0 0     0.0 0     0.0 0   -51.5 0   -51.5 0     1.5 0    90.6 0     0.1 0   139.2 0   978.5 0
 2026  10  1 10  7 12  7.200 149.77    -0.7 0    -0.5 0     0.0 0     0.0 0   243.3 0   272.376 0   272.038 0   294.9 0   273.091 0   273.171 0     0.0 0     0.0 0     0.0 0   -51.6 0   -51.6 0     1.5 0    90.2 0     0.9 0   127.2 0   978.6 0
 2026  10  1 10  7 13  7.217 149.60    -0.3 0    -0.3 0     0.1 0     0.0 0   244.2 0   272.321 0   271.929 0   294.9 0   273.067 0   273.136 0     0.0 0     0.0 0     0.0 0   -50.7 0   -50.7 0     1.2 0    89.3 0     1.3 0   147.9 0   978.6 0
 2026  10  1 10  7 14  7.233 149.44    -0.3 0    -0.5 0     0.1 0     0.0 0   246.1 0   272.253 0   271.904 0   295.7 0   273.040 0   273.127 0     0.0 0     0.0 0     0.0 0   -49.6 0   -49.6 0     1.0 0    89.9 0     1.4 0   152.9 0   978.7 0
 2026  10  1 10  7 15  7.250 149.27    -0.7 0    -0.9 0    -0.1 0     0.1 0   248.9 0   272.219 0   272.070 0   296.0 0   273.033 0   273.133 0     0.0 0     0.0 0     0.0 0   -47.1 0   -47.1 0     1.2 0    91.2 0     0.9 0   156.4 0   978.7 0
 2026  10  1 10  7 16  7.267 149.10    -0.7 0    -0.7 0     0.0 0    -0.1 0   249.4 0   272.233 0   271.937 0   295.8 0   273.031 0   273.126 0     0.0 0     0.0 0     0.0 0   -46.4 0   -46.4 0     1.3 0    91.2 0     0.3 0   157.0 0   978.7 0
 2026  10  1 10  7 17  7.283 148.94     0.2 0    -0.4 0     0.1 0    -0.1 0   251.7 0   272.161 0   271.817 0   296.3 0   273.026 0   273.118 0     0.0 0     0.0 0     0.0 0   -44.6 0   -44.6 0     1.4 0    91.0 0     0.0 0     0.0 0   978.7 0
 2026  10  1 10  7 18  7.300 148.77    -0.1 0    -0.2 0     0.0 0     0.0 0   252.8 0   272.114 0   271.914 0   296.4 0   273.017 0   273.107 0     0.0 0     0.0 0     0.0 0   -43.5 0   -43.5 0     1.4 0    91.2 0     0.0 0     0.0 0   978.7 0
 2026  10  1 10  7 19  7.317 148.60    -0.4 0    -0.2 0    -0.1 0     0.0 0   253.2 0   272.106 0   271.945 0   296.2 0   273.007 0   273.096 0     0.0 0     0.0 0     0.0 0   -43.0 0   -43.0 0     1.5 0    91.3 0     0.0 0     0.0 0   978.7 0
 2026  10  1 10  7 20  7.333 148.43    -0.5 0    -0.3 0    -0.1 0     0.0 0   252.5 0   272.100 0   271.869 0   295.8 0   272.995 0   273.077 0     0.0 0     0.0 0     0.0 0   -43.3 0   -43.3 0     1.6 0    91.1 0     0.3 0   220.9 0   978.7 0
 2026  10  1 10  7 21  7.350 148.27    -0.2 0    -0.3 0     0.0 0     0.0 0   251.9 0   272.064 0   271.822 0   295.6 0   272.977 0   273.057 0     0.0 0     0.0 0     0.0 0   -43.7 0   -43.7 0     1.5 0    90.6 0     0.4 0   221.7 0   978.7 0
 2026  10  1 10  7 22  7.367 148.10    -0.8 0    -0.3 0    -0.1 0     0.1 0   251.3 0   272.054 0   271.971 0   295.5 0   272.956 0   273.031 0     0.0 0     0.0 0     0.0 0   -44.2 0   -44.2 0     1.4 0    90.3 0     0.2 0   241.2 0   978.8 0
 2026  10  1 10  7 23  7.383 147.93    -1.7 0    -0.4 0    -0.4 0     0.0 0   250.8 0   272.110 0   272.153 0   296.2 0   272.936 0   273.026 0     0.0 0     0.0 0     0.0 0   -45.4 0   -45.4 0     1.3 0    90.5 0     0.6 0   263.4 0   978.8 0
 2026  10  1 10  7 24  7.400 147.76    -1.7 0    -0.6 0    -0.5 0     0.0 0   249.3 0   272.210 0   272.228 0   296.1 0   272.931 0   273.023 0     0.0 0     0.0 0     0.0 0   -46.9 0   -46.9 0     1.3 0    90.9 0     0.6 0   245.8 0   978.9 0
 2026  10  1 10  7 25  7.417 147.59    -0.7 0    -0.5 0    -0.3 0     0.0 0   248.2 0   272.272 0   272.149 0   296.4 0   272.925 0   273.022 0     0.0 0     0.0 0     0.0 0   -48.2 0   -48.2 0     1.4 0    90.9 0     0.5 0   245.7 0   978.9 0
 2026  10  1 10  7 26  7.433 147.42    -0.4 0    -0.5 0    -0.1 0     0.0 0   247.6 0   272.266 0   272.018 0   296.4 0   272.917 0   273.016 0     0.0 0     0.0 0     0.0 0   -48.8 0   -48.8 0     1.4 0    90.9 0     0.4 0   245.6 0   979.0 0
 2026  10  1 10  7 27  7.450 147.25    -0.7 0    -0.5 0    -0.1 0     0.1 0   247.9 0   272.239 0   272.105 0   296.2 0   272.907 0   273.002 0     0.0 0     0.0 0     0.0 0   -48.3 0   -48.3 0     1.4 0    90.9 0     0.3 0   245.5 0   979.0 0
 2026  10  1 10  7 28  7.467 147.07    -0.9 0    -0.5 0    -0.1 0     0.0 0   248.5 0   272.255 0   272.152 0   295.9 0   272.894 0   272.983 0     0.0 0     0.0 0     0.0 0   -47.3 0   -47.3 0     1.3 0    90.8 0     0.0 0   245.5 0   979.1 0
 2026  10  1 10  7 29  7.483 146.90    -1.1 0    -0.5 0    -0.1 0     0.0 0   249.2 0   272.284 0   272.147 0   295.4 0   272.878 0   272.970 0     0.0 0     0.0 0     0.0 0   -46.2 0   -46.2 0     1.3 0    90.7 0     0.0 0     0.0 0   979.1 0
 2026  10  1 10  7 30  7.500 146.73    -0.7 0    -0.5 0     0.1 0    -0.1 0   249.7 0   272.258 0   271.874 0   295.4 0   272.862 0   272.955 0     0.0 0     0.0 0     0.0 0   -45.7 0   -45.7 0     1.2 0    90.6 0     0.0 0     0.0 0   979.2 0
 2026  10  1 10  7 31  7.517 146.56    -0.5 0    -0.4 0     0.1 0     0.0 0   252.3 0   272.191 0   271.989 0   295.2 0   272.844 0   272.932 0     0.0 0     0.0 0     0.0 0   -42.9 0   -42.9 0     1.2 0    90.5 0     0.3 0   245.5 0   979.1 0
 2026  10  1 10  7 32  7.533 146.38    -0.5 0    -0.4 0     0.1 0    -0.1 0   253.1 0   272.175 0   271.913 0   295.1 0   272.826 0   272.912 0     0.0 0     0.0 0     0.0 0   -42.1 0   -42.1 0     1.1 0    90.5 0     0.4 0   245.5 0   979.0 0
 2026  10  1 10  7 33  7.550 146.21     0.0 0    -0.4 0     0.2 0     0.0 0   253.8 0   272.115 0   271.821 0   295.3 0   272.808 0   272.891 0     0.0 0     0.0 0     0.0 0   -41.5 0   -41.5 0     1.1 0    90.6 0     0.1 0   245.5 0   979.0 0
 2026  10  1 10  7 34  7.567 146.04    -0.2 0    -0.4 0     0.2 0    -0.1 0   253.4 0   272.070 0   271.782 0   295.2 0   272.789 0   272.869 0     0.0 0     0.0 0     0.0 0   -41.7 0   -41.7 0     1.0 0    90.7 0     0.0 0     0.0 0   979.0 0
 2026  10  1 10  7 35  7.583 145.86     0.3 0    -0.4 0     0.3 0    -0.2 0   253.5 0   271.997 0   271.549 0   294.9 0   272.770 0   272.848 0     0.0 0     0.0 0     0.0 0   -41.5 0   -41.5 0     1.0 0    90.6 0     0.0 0     0.0 0   979.0 0
 2026  10  1 10  7 36  7.600 145.69     0.4 0    -0.4 0     0.3 0    -0.1 0   254.8 0   271.892 0   271.512 0   295.2 0   272.751 0   272.831 0     0.0 0     0.0 0     0.0 0   -40.4 0   -40.4 0     0.9 0    90.6 0     0.0 0     0.0 0   979.1 0
 2026  10  1 10  7 37  7.617 145.51     0.3 0    -0.5 0     0.2 0     0.0 0   256.2 0   271.811 0   271.472 0   295.5 0   272.733 0   272.817 0     0.0 0     0.0 0     0.0 0   -39.3 0   -39.3 0     0.9 0    90.6 0     0.0 0     0.0 0   979.1 0
 2026  10  1 10  7 38  7.633 145.34     0.0 0    -0.5 0     0.1 0     0.0 0   258.3 0   271.755 0   271.565 0   295.9 0   272.716 0   272.802 0     0.0 0     0.0 0     0.0 0   -37.6 0   -37.6 0     0.9 0    90.6 0     0.0 0     0.0 0   979.2 0
 2026  10  1 10  7 39  7.650 145.16    -0.4 0    -0.5 0    -0.1 0     0.1 0   260.0 0   271.769 0   271.745 0   296.2 0   272.701 0   272.791 0     0.0 0     0.0 0     0.0 0   -36.2 0   -36.2 0     0.8 0    90.6 0     0.0 0     0.0 0   979.2 0
 2026  10  1 10  7 40  7.667 144.99    -1.0 0    -0.6 0    -0.2 0     0.0 0   260.4 0   271.842 0   271.878 0   296.4 0   272.687 0   272.784 0     0.0 0     0.0 0     0.0 0   -36.0 0   -36.0 0     0.8 0    90.7 0     0.0 0     0.0 0   979.3 0
 2026  10  1 10  7 41  7.683 144.81    -1.1 0    -0.5 0    -0.2 0     0.0 0   260.1 0   271.906 0   271.820 0   296.2 0   272.674 0   272.768 0     0.0 0     0.0 0     0.0 0   -36.1 0   -36.1 0     0.8 0    90.8 0     0.7 0   245.5 0   979.2 0
 2026  10  1 10  7 42  7.700 144.63    -1.1 0    -0.5 0    -0.2 0     0.0 0   260.0 0   271.924 0   271.770 0   296.4 0   272.662 0   272.757 0     0.0 0     0.0 0     0.0 0   -36.4 0   -36.4 0     0.8 0    90.8 0     0.7 0   245.5 0   979.3 0
 2026  10  1 10  7 43  7.717 144.46    -1.0 0    -0.5 0    -0.1 0     0.0 0   260.9 0   271.919 0   271.802 0   296.6 0   272.653 0   272.754 0     0.0 0     0.0 0     0.0 0   -35.7 0   -35.7 0     0.8 0    91.0 0     0.5 0   245.5 0   979.3 0
 2026  10  1 10  7 44  7.733 144.28    -0.9 0    -0.5 0     0.0 0     0.0 0   261.9 0   271.935 0   271.884 0   296.6 0   272.645 0   272.743 0     0.0 0     0.0 0     0.0 0   -34.6 0   -34.6 0     0.9 0    91.2 0     0.3 0   245.5 0   979.3 0
 2026  10  1 10  7 45  7.750 144.10    -0.9 0    -0.4 0     0.0 0     0.0 0   262.6 0   271.958 0   271.859 0   296.6 0   272.638 0   272.731 0     0.0 0     0.0 0     0.0 0   -34.0 0   -34.0 0     0.9 0    91.1 0     0.7 0   249.4 0   979.3 0
 2026  10  1 10  7 46  7.767 143.92    -0.7 0    -0.4 0     0.2 0     0.0 0   263.3 0   271.949 0   271.750 0   296.6 0   272.630 0   272.724 0     0.0 0     0.0 0     0.0 0   -33.3 0   -33.3 0     0.9 0    90.7 0     1.2 0   260.6 0   979.4 0
 2026  10  1 10  7 47  7.783 143.75    -0.6 0    -0.4 0     0.2 0     0.0 0   264.6 0   271.917 0   271.711 0   296.8 0   272.626 0   272.722 0     0.0 0     0.0 0     0.0 0   -32.2 0   -32.2 0     0.8 0    90.8 0     1.1 0   264.1 0   979.4 0
 2026  10  1 10  7 48  7.800 143.57    -0.5 0    -0.4 0     0.2 0    -0.1 0   266.3 0   271.876 0   271.648 0   297.3 0   272.625 0   272.726 0     0.0 0     0.0 0     0.0 0   -31.0 0   -31.0 0     0.9 0    91.0 0     0.7 0   264.1 0   979.4 0
 2026  10  1 10  7 49  7.817 143.39    -0.5 0    -0.4 0     0.2 0    -0.1 0   267.4 0   271.832 0   271.601 0   297.4 0   272.627 0   272.722 0     0.0 0     0.0 0     0.0 0   -30.0 0   -30.0 0     0.9 0    91.0 0     0.3 0   264.1 0   979.5 0
 2026  10  1 10  7 50  7.833 143.21    -0.7 0    -0.2 0     0.1 0     0.0 0   268.5 0   271.795 0   271.590 0   297.3 0   272.622 0   272.707 0     0.0 0     0.0 0     0.0 0   -28.8 0   -28.8 0     0.8 0    90.6 0     0.3 0   264.0 0   979.5 0
 2026  10  1 10  7 51  7.850 143.03    -0.8 0    -0.1 0     0.0 0     0.0 0   270.2 0   271.768 0   271.622 0   297.6 0   272.607 0   272.694 0     0.0 0     0.0 0     0.0 0   -27.4 0   -27.4 0     0.6 0    90.4 0     0.2 0   264.0 0   979.5 0
 2026  10  1 10  7 52  7.867 142.85    -1.1 0    -0.2 0    -0.1 0     0.0 0   271.9 0   271.780 0   271.691 0   297.8 0   272.592 0   272.681 0     0.0 0     0.0 0     0.0 0   -25.9 0   -25.9 0     0.6 0    90.5 0     0.0 0     0.0 0   979.4 0
 2026  10  1 10  7 53  7.883 142.67    -1.2 0    -0.3 0    -0.1 0     0.0 0   273.8 0   271.796 0   271.717 0   298.1 0   272.577 0   272.667 0     0.0 0     0.0 0     0.0 0   -24.3 0   -24.3 0     0.5 0    90.6 0     0.5 0   264.0 0   979.4 0
 2026  10  1 10  7 54  7.900 142.49    -1.4 0    -0.4 0    -0.1 0     0.0 0   275.3 0   271.826 0   271.799 0   298.4 0   272.562 0   272.657 0     0.0 0     0.0 0     0.0 0   -23.1 0   -23.1 0     0.5 0    90.8 0     0.6 0   264.0 0   979.3 0
 2026  10  1 10  7 55  7.917 142.31    -1.2 0    -0.4 0     0.0 0    -0.1 0   275.7 0   271.855 0   271.727 0   298.4 0   272.551 0   272.647 0     0.0 0     0.0 0     0.0 0   -22.7 0   -22.7 0     0.5 0    90.9 0     1.0 0   269.0 0   979.4 0
 2026  10  1 10  7 56  7.933 142.13    -0.7 0    -0.4 0     0.1 0    -0.1 0   276.6 0   271.832 0   271.661 0   298.9 0   272.541 0   272.640 0     0.0 0     0.0 0     0.0 0   -22.3 0   -22.3 0     0.4 0    90.9 0     0.8 0   271.2 0   979.4 0
 2026  10  1 10  7 57  7.950 141.95    -1.0 0    -0.5 0     0.1 0     0.0 0   277.0 0   271.820 0   271.726 0   299.1 0   272.535 0   272.637 0     0.0 0     0.0 0     0.0 0   -22.0 0   -22.0 0     0.4 0    91.1 0     0.7 0   267.3 0   979.4 0
 2026  10  1 10  7 58  7.967 141.77    -1.0 0    -0.4 0     0.1 0     0.0 0   277.6 0   271.823 0   271.741 0   299.4 0   272.531 0   272.631 0     0.0 0     0.0 0     0.0 0   -21.8 0   -21.8 0     0.4 0    91.1 0     0.4 0   267.2 0   979.4 0
 2026  10  1 10  7 59  7.983 141.59    -1.1 0    -0.4 0     0.0 0     0.0 0   277.8 0   271.844 0   271.826 0   299.6 0   272.525 0   272.625 0     0.0 0     0.0 0     0.0 0   -21.8 0   -21.8 0     0.4 0    91.0 0     0.3 0   267.2 0   979.4 0
 2026  10  1 10  8  0  8.000 141.41    -1.3 0    -0.4 0     0.0 0     0.0 0   277.7 0   271.883 0   271.862 0   299.8 0   272.519 0   272.619 0     0.0 0     0.0 0     0.0 0   -22.0 0   -22.0 0     0.4 0    91.1 0     0.5 0   267.2 0   979.4 0
 2026  10  1 10  8  1  8.017 141.23    -1.2 0    -0.3 0     0.0 0     0.0 0   277.6 0   271.919 0   271.867 0   299.9 0   272.513 0   272.613 0     0.0 0     0.0 0     0.0 0   -22.2 0   -22.2 0     0.4 0    91.1 0     0.3 0   267.2 0   979.4 0
 2026  10  1 10  8  2  8.033 141.04    -1.5 0    -0.3 0    -0.1 0     0.0 0   278.1 0   271.951 0   271.934 0   299.9 0   272.506 0   272.605 0     0.0 0     0.0 0     0.0 0   -21.9 0   -21.9 0     0.4 0    91.0 0     0.3 0   267.2 0   979.4 0
 2026  10  1 10  8  3  8.050 140.86    -1.8 0    -0.3 0    -0.1 0     0.0 0   278.6 0   272.000 0   272.006 0   299.9 0   272.498 0   272.598 0     0.0 0     0.0 0     0.0 0   -21.3 0   -21.3 0     0.4 0    91.0 0     0.5 0   267.0 0   979.4 0
 2026  10  1 10  8  4  8.067 140.68    -1.9 0    -0.3 0    -0.1 0     0.0 0   279.1 0   272.057 0   272.061 0   300.0 0   272.490 0   272.590 0     0.0 0     0.0 0     0.0 0   -20.9 0   -20.9 0     0.3 0    91.0 0     0.9 0   253.9 0   979.3 0
 2026  10  1 10  8  5  8.083 140.50    -2.0 0    -0.3 0    -0.1 0     0.0 0   279.6 0   272.108 0   272.098 0   300.4 0   272.481 0   272.586 0     0.0 0     0.0 0     0.0 0   -20.8 0   -20.8 0     0.4 0    91.2 0     1.0 0   264.1 0   979.2 0
 2026  10  1 10  8  6  8.100 140.32    -1.9 0    -0.4 0    -0.1 0     0.0 0   280.0 0   272.152 0   272.133 0   300.6 0   272.479 0   272.589 0     0.0 0     0.0 0     0.0 0   -20.6 0   -20.6 0     0.4 0    91.4 0     0.8 0   265.8 0   979.2 0
 2026  10  1 10  8  7  8.117 140.13    -1.7 0    -0.4 0     0.0 0     0.0 0   280.2 0   272.193 0   272.179 0   300.7 0   272.479 0   272.585 0     0.0 0     0.0 0     0.0 0   -20.5 0   -20.5 0     0.5 0    91.4 0     0.6 0   265.9 0   979.2 0
 2026  10  1 10  8  8  8.133 139.95    -1.7 0    -0.4 0    -0.1 0     0.0 0   280.5 0   272.238 0   272.247 0   301.0 0   272.476 0   272.581 0     0.0 0     0.0 0     0.0 0   -20.5 0   -20.5 0     0.5 0    91.4 0     0.4 0   265.9 0   979.2 0
 2026  10  1 10  8  9  8.150 139.77    -1.9 0    -0.3 0    -0.1 0     0.0 0   280.1 0   272.290 0   272.296 0   301.1 0   272.473 0   272.577 0     0.0 0     0.0 0     0.0 0   -21.0 0   -21.0 0     0.5 0    91.5 0     0.3 0   265.9 0   979.2 0
 2026  10  1 10  8 10  8.167 139.58    -1.8 0    -0.3 0    -0.1 0     0.0 0   280.0 0   272.340 0   272.321 0   301.0 0   272.468 0   272.573 0     0.0 0     0.0 0     0.0 0   -21.0 0   -21.0 0     0.6 0    91.4 0     0.0 0     0.0 0   979.3 0
 2026  10  1 10  8 11  8.183 139.40    -1.8 0    -0.3 0    -0.2 0     0.0 0   280.1 0   272.385 0   272.364 0   301.3 0   272.462 0   272.568 0     0.0 0     0.0 0     0.0 0   -21.1 0   -21.1 0     0.5 0    91.3 0     0.0 0     0.0 0   979.2 0
 2026  10  1 10  8 12  8.200 139.22    -1.5 0    -0.2 0    -0.2 0     0.0 0   280.3 0   272.422 0   272.344 0   301.4 0   272.454 0   272.558 0     0.0 0     0.0 0     0.0 0   -21.0 0   -21.0 0     0.5 0    91.2 0     0.0 0     0.0 0   979.2 0
 2026  10  1 10  8 13  8.217 139.03    -1.2 0    -0.2 0    -0.1 0     0.0 0   280.5 0   272.432 0   272.310 0   301.2 0   272.445 0   272.554 0     0.0 0     0.0 0     0.0 0   -20.7 0   -20.7 0     0.5 0    91.2 0     0.0 0     0.0 0   979.2 0
 2026  10  1 10  8 14  8.233 138.85    -1.1 0    -0.2 0    -0.1 0     0.0 0   281.0 0   272.435 0   272.340 0   301.2 0   272.436 0   272.543 0     0.0 0     0.0 0     0.0 0   -20.3 0   -20.3 0     0.5 0    91.2 0     0.0 0     0.0 0   979.3 0
 2026  10  1 10  8 15  8.250 138.66    -1.3 0    -0.2 0    -0.1 0     0.0 0   281.5 0   272.445 0   272.371 0   301.5 0   272.427 0   272.538 0     0.0 0     0.0 0     0.0 0   -19.9 0   -19.9 0     0.5 0    91.3 0     0.0 0     0.0 0   979.4 0
 2026  10  1 10  8 16  8.267 138.48    -1.3 0    -0.2 0    -0.1 0     0.0 0   281.9 0   272.465 0   272.401 0   301.3 0   272.418 0   272.525 0     0.0 0     0.0 0     0.0 0   -19.5 0   -19.5 0     0.5 0    91.3 0     0.0 0     0.0 0   979.4 0
 2026  10  1 10  8 17  8.283 138.29    -1.0 0    -0.2 0     0.0 0     0.0 0   282.2 0   272.473 0   272.358 0   301.4 0   272.407 0   272.515 0     0.0 0     0.0 0     0.0 0   -19.2 0   -19.2 0     0.4 0    91.4 0     0.0 0     0.0 0   979.4 0
 2026  10  1 10  8 18  8.300 138.11    -0.8 0    -0.2 0     0.1 0    -0.1 0   282.0 0   272.477 0   272.350 0   301.2 0   272.396 0   272.502 0     0.0 0     0.0 0     0.0 0   -19.3 0   -19.3 0     0.5 0    91.4 0     0.0 0     0.0 0   979.4 0
 2026  10  1 10  8 19  8.317 137.92    -0.4 0    -0.3 0     0.2 0    -0.1 0   281.8 0   272.444 0   272.196 0   301.2 0   272.384 0   272.490 0     0.0 0     0.0 0     0.0 0   -19.5 0   -19.5 0     0.4 0    91.2 0     0.0 0     0.0 0   979.4 0
 2026  10  1 10  8 20  8.333 137.74    -0.3 0    -0.3 0     0.2 0    -0.1 0   281.6 0   272.390 0   272.190 0   301.2 0   272.372 0   272.478 0     0.0 0     0.0 0     0.0 0   -19.6 0   -19.6 0     0.4 0    91.3 0     0.0 0     0.0 0   979.4 0
 2026  10  1 10  8 21  8.350 137.55    -0.2 0    -0.3 0     0.3 0    -0.1 0   281.7 0   272.345 0   272.112 0   301.5 0   272.358 0   272.465 0     0.0 0     0.0 0     0.0 0   -19.8 0   -19.8 0     0.3 0    91.2 0     0.0 0     0.0 0   979.4 0
 2026  10  1 10  8 22  8.367 137.37    -0.3 0    -0.3 0     0.2 0     0.0 0   282.1 0   272.308 0   272.163 0   301.8 0   272.346 0   272.459 0     0.0 0     0.0 0     0.0 0   -19.7 0   -19.7 0     0.3 0    91.3 0     0.0 0     0.0 0   979.3 0
 2026  10  1 10  8 23  8.383 137.18    -0.6 0    -0.3 0     0.1 0     0.0 0   281.9 0   272.304 0   272.186 0   301.9 0   272.336 0   272.449 0     0.0 0     0.0 0     0.0 0   -20.0 0   -20.0 0     0.3 0    91.2 0     0.5 0   323.6 0   979.3 0
 2026  10  1 10  8 24  8.400 137.00    -0.8 0    -0.3 0     0.1 0     0.0 0   282.0 0   272.306 0   272.181 0   302.4 0   272.326 0   272.447 0     0.0 0     0.0 0     0.0 0   -20.4 0   -20.4 0     0.2 0    91.3 0     1.0 0   344.2 0   979.3 0
 2026  10  1 10  8 25  8.417 136.81    -1.0 0    -0.5 0     0.0 0     0.0 0   281.8 0   272.315 0   272.210 0   302.8 0   272.325 0   272.464 0     0.0 0     0.0 0     0.0 0   -21.0 0   -21.0 0     0.3 0    91.7 0     1.1 0   339.3 0   979.3 0
 2026  10  1 10  8 26  8.433 136.63    -1.0 0    -0.6 0     0.0 0     0.0 0   281.8 0   272.328 0   272.228 0   303.3 0   272.334 0   272.495 0     0.0 0     0.0 0     0.0 0   -21.5 0   -21.5 0     0.4 0    92.1 0     1.1 0   339.8 0   979.2 0
 2026  10  1 10  8 27  8.450 136.44    -1.1 0    -0.8 0     0.0 0     0.0 0   281.6 0   272.342 0   272.244 0   303.7 0   272.353 0   272.524 0     0.0 0     0.0 0     0.0 0   -22.1 0   -22.1 0     0.7 0    92.4 0     1.2 0   342.7 0   979.1 0
 2026  10  1 10  8 28  8.467 136.26    -1.3 0    -1.1 0    -0.1 0     0.0 0   281.6 0   272.359 0   272.308 0   303.9 0   272.382 0   272.553 0     0.0 0     0.1 0     0.0 0   -22.3 0   -22.3 0     0.9 0    92.6 0     1.2 0   354.2 0   979.1 0
 2026  10  1 10  8 29  8.483 136.07    -1.5 0    -1.0 0    -0.1 0     0.0 0   281.1 0   272.392 0   272.353 0   304.0 0   272.417 0   272.575 0     0.0 0     0.0 0     0.0 0   -22.9 0   -22.9 0     1.1 0    92.4 0     1.3 0   349.3 0   979.1 0
 2026  10  1 10  8 30  8.500 135.88    -1.5 0    -0.7 0    -0.1 0     0.0 0   280.1 0   272.421 0   272.346 0   303.9 0   272.451 0   272.604 0     0.0 0     0.0 0     0.0 0   -23.8 0   -23.8 0     1.0 0    91.8 0     1.4 0     6.9 0   979.1 0
 2026  10  1 10  8 31  8.517 135.70    -1.1 0    -0.3 0     0.0 0     0.0 0   278.9 0   272.429 0   272.280 0   303.5 0   272.475 0   272.609 0     0.0 0     0.0 0     0.0 0   -24.6 0   -24.6 0     0.9 0    91.2 0     1.4 0    15.2 0   979.1 0
 2026  10  1 10  8 32  8.533 135.51    -0.9 0     0.0 0     0.1 0     0.0 0   278.2 0   272.409 0   272.228 0   303.0 0   272.484 0   272.592 0     0.0 0     0.0 0     0.0 0   -24.8 0   -24.8 0     0.7 0    90.6 0     1.3 0    25.5 0   979.2 0
 2026  10  1 10  8 33  8.550 135.32    -1.0 0     0.3 0     0.0 0     0.0 0   277.5 0   272.393 0   272.246 0   302.9 0   272.474 0   272.546 0     0.0 0     0.0 0     0.0 0   -25.4 0   -25.4 0     0.4 0    90.2 0     1.1 0    26.1 0   979.2 0
 2026  10  1 10  8 34  8.567 135.14    -1.0 0     0.3 0     0.0 0     0.0 0   277.0 0   272.392 0   272.263 0   302.9 0   272.453 0   272.531 0     0.0 0     0.0 0     0.0 0   -25.9 0   -25.9 0     0.2 0    90.4 0     0.7 0    58.0 0   979.1 0
 2026  10  1 10  8 35  8.583 134.95    -1.3 0     0.2 0    -0.1 0     0.0 0   276.4 0   272.403 0   272.320 0   302.7 0   272.430 0   272.513 0     0.0 0     0.0 0     0.0 0   -26.3 0   -26.3 0     0.0 0    90.4 0     0.7 0    63.2 0   979.1 0
 2026  10  1 10  8 36  8.600 134.76    -1.4 0     0.1 0    -0.1 0     0.0 0   276.1 0   272.427 0   272.365 0   302.9 0   272.404 0   272.497 0     0.0 0     0.0 0     0.0 0   -26.8 0   -26.8 0    -0.1 0    90.6 0     1.0 0    57.1 0   979.0 0
 2026  10  1 10  8 37  8.617 134.58    -1.6 0    -0.2 0    -0.1 0     0.0 0   275.5 0   272.459 0   272.422 0   303.0 0   272.388 0   272.504 0     0.0 0     0.0 0     0.0 0   -27.5 0   -27.5 0     0.0 0    91.3 0     1.0 0    52.7 0   979.0 0
 2026  10  1 10  8 38  8.633 134.39    -1.7 0    -0.3 0    -0.2 0     0.0 0   273.9 0   272.502 0   272.475 0   302.6 0   272.385 0   272.504 0     0.0 0     0.0 0     0.0 0   -28.7 0   -28.7 0     0.1 0    91.7 0     1.0 0    61.3 0   979.1 0
 2026  10  1 10  8 39  8.650 134.20    -1.5 0    -0.3 0    -0.2 0     0.0 0   272.0 0   272.543 0   272.495 0   302.1 0   272.384 0   272.495 0     0.0 0     0.0 0     0.0 0   -30.1 0   -30.1 0     0.1 0    91.6 0     1.1 0    76.3 0   979.1 0
 2026  10  1 10  8 40  8.667 134.01    -1.4 0    -0.1 0    -0.1 0     0.0 0   270.0 0   272.576 0   272.493 0   301.7 0   272.376 0   272.473 0     0.0 0     0.0 0     0.0 0   -31.7 0   -31.7 0     0.1 0    91.4 0     1.3 0    78.2 0   979.1 0
 2026  10  1 10  8 41  8.683 133.83    -1.3 0     0.0 0    -0.1 0     0.0 0   267.9 0   272.595 0   272.466 0   301.5 0   272.359 0   272.458 0     0.0 0     0.0 0     0.0 0   -33.7 0   -33.7 0     0.1 0    91.5 0     1.5 0    78.4 0   979.1 0
 2026  10  1 10  8 42  8.700 133.64    -1.0 0    -0.3 0     0.0 0     0.0 0   265.8 0   272.595 0   272.400 0   301.3 0   272.349 0   272.464 0     0.0 0     0.0 0     0.0 0   -35.5 0   -35.5 0     0.2 0    92.0 0     1.4 0    73.0 0   979.0 0
 2026  10  1 10  8 43  8.717 133.45    -0.7 0    -0.2 0     0.1 0     0.0 0   264.6 0   272.571 0   272.332 0   301.0 0   272.343 0   272.447 0     0.0 0     0.0 0     0.0 0   -36.4 0   -36.4 0     0.2 0    91.6 0     1.3 0    53.6 0   978.9 0
 2026  10  1 10  8 44  8.733 133.26    -0.5 0    -0.1 0     0.1 0     0.0 0   264.3 0   272.534 0   272.282 0   301.1 0   272.333 0   272.443 0     0.0 0     0.0 0     0.0 0   -36.8 0   -36.8 0     0.2 0    91.6 0     1.4 0    46.9 0   978.9 0
 2026  10  1 10  8 45  8.750 133.07    -0.6 0    -0.2 0     0.1 0     0.1 0   263.9 0   272.495 0   272.250 0   301.2 0   272.327 0   272.438 0     0.0 0     0.0 0     0.0 0   -37.4 0   -37.4 0     0.2 0    91.7 0     1.3 0    50.0 0   978.9 0
 2026  10  1 10  8 46  8.767 132.89    -0.7 0    -0.2 0     0.1 0     0.0 0   263.5 0   272.464 0   272.246 0   301.4 0   272.322 0   272.437 0     0.0 0     0.0 0     0.0 0   -37.9 0   -37.9 0     0.2 0    91.8 0     1.1 0    51.5 0   978.9 0
 2026  10  1 10  8 47  8.783 132.70    -0.7 0    -0.3 0     0.0 0     0.0 0   263.0 0   272.444 0   272.239 0   301.2 0   272.323 0   272.441 0     0.0 0     0.0 0     0.0 0   -38.2 0   -38.2 0     0.3 0    92.1 0     0.9 0    51.5 0   978.9 0
 2026  10  1 10  8 48  8.800 132.51    -0.8 0    -0.3 0     0.0 0     0.1 0   262.7 0   272.431 0   272.259 0   301.1 0   272.326 0   272.442 0     0.0 0     0.0 0     0.0 0   -38.4 0   -38.4 0     0.4 0    92.2 0     0.9 0    45.8 0   978.8 0
 2026  10  1 10  8 49  8.817 132.32    -0.9 0    -0.4 0    -0.1 0     0.1 0   262.4 0   272.427 0   272.256 0   301.2 0   272.330 0   272.454 0     0.0 0     0.0 0     0.0 0   -38.8 0   -38.8 0     0.5 0    92.2 0     1.1 0    43.1 0   978.8 0
 2026  10  1 10  8 50  8.833 132.13    -1.0 0    -0.5 0    -0.1 0     0.1 0   262.4 0   272.424 0   272.270 0   301.1 0   272.340 0   272.471 0     0.0 0     0.0 0     0.0 0   -38.8 0   -38.8 0     0.6 0    92.2 0     1.2 0    46.0 0   978.8 0
 2026  10  1 10  8 51  8.850 131.95    -1.1 0    -0.5 0    -0.2 0     0.1 0   262.6 0   272.430 0   272.308 0   300.9 0   272.355 0   272.482 0     0.0 0     0.0 0     0.0 0   -38.4 0   -38.4 0     0.6 0    92.2 0     1.0 0    46.0 0   978.9 0
 2026  10  1 10  8 52  8.867 131.76    -1.4 0    -0.5 0    -0.2 0     0.1 0   263.0 0   272.449 0   272.363 0   300.8 0   272.370 0   272.499 0     0.0 0     0.0 0     0.0 0   -37.9 0   -37.9 0     0.7 0    92.2 0     0.8 0    41.5 0   978.8 0
 2026  10  1 10  8 53  8.883 131.57    -1.5 0    -0.5 0    -0.2 0     0.0 0   262.9 0   272.482 0   272.387 0   300.7 0   272.385 0   272.527 0     0.0 0     0.0 0     0.0 0   -37.8 0   -37.8 0     0.8 0    92.2 0     0.8 0    22.9 0   978.8 0
 2026  10  1 10  8 54  8.900 131.38    -1.3 0    -0.5 0    -0.1 0     0.0 0   263.3 0   272.500 0   272.357 0   300.7 0   272.403 0   272.540 0     0.0 0     0.0 0     0.0 0   -37.4 0   -37.4 0     0.8 0    92.2 0     0.8 0    16.4 0   978.8 0
 2026  10  1 10  8 55  8.917 131.19    -1.3 0    -0.4 0    -0.1 0     0.0 0   263.9 0   272.511 0   272.417 0   300.4 0   272.420 0   272.546 0     0.0 0     0.0 0     0.0 0   -36.6 0   -36.6 0     0.9 0    92.1 0     0.6 0    29.3 0   978.8 0
 2026  10  1 10  8 56  8.933 131.00    -1.4 0    -0.3 0    -0.2 0     0.0 0   264.4 0   272.538 0   272.475 0   300.4 0   272.432 0   272.545 0     0.0 0     0.0 0     0.0 0   -36.0 0   -36.0 0     0.9 0    92.0 0     0.6 0    45.4 0   978.9 0
 2026  10  1 10  8 57  8.950 130.81    -1.2 0    -0.3 0    -0.2 0     0.0 0   265.0 0   272.574 0   272.488 0   300.3 0   272.443 0   272.556 0     0.0 0     0.0 0     0.0 0   -35.3 0   -35.3 0     0.9 0    92.0 0     0.8 0    53.7 0   978.9 0
 2026  10  1 10  8 58  8.967 130.63    -1.1 0    -0.3 0    -0.2 0     0.0 0   265.8 0   272.597 0   272.488 0   300.2 0   272.454 0   272.565 0     0.0 0     0.0 0     0.0 0   -34.4 0   -34.4 0     0.9 0    91.9 0     1.0 0    53.7 0   978.8 0
 2026  10  1 10  8 59  8.983 130.44    -1.1 0    -0.4 0    -0.1 0     0.0 0   266.5 0   272.606 0   272.463 0   300.1 0   272.465 0   272.577 0     0.0 0     0.0 0     0.0 0   -33.5 0   -33.5 0     0.9 0    91.8 0     0.8 0    53.7 0   978.8 0
 2026  10  1 10  9  0  9.000 130.25    -1.1 0    -0.3 0    -0.1 0     0.0 0   267.3 0   272.608 0   272.475 0   300.2 0   272.473 0   272.581 0     0.0 0     0.0 0     0.0 0   -32.9 0   -32.9 0     0.8 0    91.7 0     0.8 0    53.7 0   978.8 0
 2026  10  1 10  9  1  9.017 130.06    -1.1 0    -0.4 0    -0.1 0     0.0 0   267.6 0   272.611 0   272.460 0   300.4 0   272.479 0   272.603 0     0.0 0     0.0 0     0.0 0   -32.8 0   -32.8 0     0.8 0    91.8 0     0.9 0    44.7 0   978.7 0
 2026  10  1 10  9  2  9.033 129.87    -1.1 0    -0.5 0    -0.1 0     0.0 0   267.7 0   272.610 0   272.455 0   300.4 0   272.491 0   272.636 0     0.0 0     0.0 0     0.0 0   -32.7 0   -32.7 0     0.8 0    91.8 0     0.9 0    22.2 0   978.7 0
 2026  10  1 10  9  3  9.050 129.68    -1.0 0    -0.6 0     0.0 0     0.0 0   267.7 0   272.605 0   272.417 0   300.2 0   272.508 0   272.651 0     0.0 0     0.0 0     0.0 0   -32.6 0   -32.6 0     0.9 0    91.9 0     1.0 0     7.5 0   978.6 0
 2026  10  1 10  9  4  9.067 129.49    -0.7 0    -0.6 0     0.0 0     0.0 0   267.8 0   272.585 0   272.352 0   300.4 0   272.527 0   272.661 0     0.0 0     0.0 0     0.0 0   -32.5 0   -32.5 0     0.9 0    91.9 0     1.1 0     3.3 0   978.7 0
 2026  10  1 10  9  5  9.083 129.30    -0.6 0    -0.4 0     0.1 0     0.0 0   268.3 0   272.552 0   272.328 0   300.9 0   272.540 0   272.660 0     0.0 0     0.0 0     0.0 0   -32.6 0   -32.6 0     0.8 0    91.6 0     1.2 0    11.0 0   978.7 0
 2026  10  1 10  9  6  9.100 129.11    -0.7 0    -0.2 0     0.0 0     0.0 0   268.2 0   272.529 0   272.340 0   301.4 0   272.548 0   272.660 0     0.0 0     0.0 0     0.0 0   -33.1 0   -33.1 0     0.7 0    91.4 0     1.4 0    32.8 0   978.8 0
 2026  10  1 10  9  7  9.117 128.93    -0.7 0    -0.1 0     0.0 0     0.1 0   267.7 0   272.508 0   272.296 0   301.5 0   272.547 0   272.648 0     0.0 0     0.0 0     0.0 0   -33.8 0   -33.8 0     0.6 0    91.2 0     1.7 0    54.4 0   978.7 0
 2026  10  1 10  9  8  9.133 128.74    -0.8 0    -0.1 0     0.0 0     0.0 0   267.7 0   272.484 0   272.277 0   302.0 0   272.541 0   272.650 0     0.0 0     0.0 0     0.0 0   -34.4 0   -34.4 0     0.5 0    91.3 0     1.8 0    60.8 0   978.7 0
 2026  10  1 10  9  9  9.150 128.55    -0.9 0    -0.3 0    -0.1 0     0.0 0   267.3 0   272.468 0   272.316 0   302.2 0   272.547 0   272.669 0     0.0 0     0.0 0     0.0 0   -34.9 0   -34.9 0     0.6 0    91.7 0     1.7 0    55.6 0   978.7 0
 2026  10  1 10  9 10  9.167 128.36    -1.0 0    -0.4 0    -0.1 0     0.0 0   266.5 0   272.468 0   272.317 0   302.1 0   272.558 0   272.681 0     0.0 0     0.0 0     0.0 0   -35.6 0   -35.6 0     0.6 0    91.9 0     1.6 0    50.9 0   978.7 0
 2026  10  1 10  9 11  9.183 128.17    -1.0 0    -0.4 0    -0.1 0     0.0 0   265.6 0   272.461 0   272.278 0   301.7 0   272.569 0   272.690 0     0.0 0     0.0 0     0.0 0   -36.1 0   -36.1 0     0.7 0    91.9 0     1.7 0    46.4 0   978.7 0
 2026  10  1 10  9 12  9.200 127.98    -0.9 0    -0.3 0    -0.1 0     0.1 0   265.3 0   272.443 0   272.247 0   301.5 0   272.577 0   272.691 0     0.0 0     0.0 0     0.0 0   -36.2 0   -36.2 0     0.6 0    91.7 0     1.6 0    46.8 0   978.7 0
 2026  10  1 10  9 13  9.217 127.79    -0.9 0    -0.3 0    -0.1 0     0.1 0   265.8 0   272.427 0   272.285 0   301.3 0   272.583 0   272.697 0     0.0 0     0.0 0     0.0 0   -35.5 0   -35.5 0     0.6 0    91.8 0     1.4 0    48.1 0   978.6 0
 2026  10  1 10  9 14  9.233 127.60    -1.3 0    -0.3 0    -0.3 0     0.1 0   266.6 0   272.442 0   272.384 0   301.1 0   272.588 0   272.701 0     0.0 0     0.0 0     0.0 0   -34.5 0   -34.5 0     0.6 0    91.8 0     1.8 0    52.5 0   978.6 0
 2026  10  1 10  9 15  9.250 127.41    -1.5 0    -0.3 0    -0.3 0     0.0 0   266.9 0   272.480 0   272.407 0   300.8 0   272.593 0   272.698 0     0.0 0     0.0 0     0.0 0   -34.0 0   -34.0 0     0.6 0    91.6 0     1.8 0    57.5 0   978.6 0
 2026  10  1 10  9 16  9.267 127.22    -1.5 0     0.0 0    -0.2 0     0.0 0   266.4 0   272.506 0   272.372 0   300.9 0   272.587 0   272.673 0     0.0 0     0.0 0     0.0 0   -34.5 0   -34.5 0     0.5 0    91.2 0     1.8 0    46.1 0   978.6 0
 2026  10  1 10  9 17  9.283 127.03    -1.2 0     0.1 0    -0.1 0     0.1 0   266.5 0   272.507 0   272.349 0   301.0 0   272.571 0   272.659 0     0.0 0     0.0 0     0.0 0   -34.6 0   -34.6 0     0.4 0    91.1 0     1.7 0    50.6 0   978.6 0
 2026  10  1 10  9 18  9.300 126.84    -1.1 0     0.1 0    -0.1 0     0.1 0   266.8 0   272.505 0   272.382 0   301.2 0   272.552 0   272.641 0     0.0 0     0.0 0     0.0 0   -34.5 0   -34.5 0     0.2 0    91.2 0     1.4 0    53.4 0   978.6 0
 2026  10  1 10  9 19  9.317 126.65    -1.3 0     0.0 0    -0.2 0     0.1 0   267.0 0   272.525 0   272.446 0   301.5 0   272.535 0   272.627 0     0.0 0     0.0 0     0.0 0   -34.5 0   -34.5 0     0.2 0    91.3 0     1.4 0    58.9 0   978.6 0
 2026  10  1 10  9 20  9.333 126.46    -1.4 0    -0.1 0    -0.2 0     0.0 0   267.3 0   272.551 0   272.435 0   302.4 0   272.520 0   272.620 0     0.0 0     0.0 0     0.0 0   -35.2 0   -35.2 0     0.2 0    91.6 0     1.8 0    64.3 0   978.5 0
 2026  10  1 10  9 21  9.350 126.28    -1.2 0    -0.2 0    -0.2 0     0.0 0   267.7 0   272.559 0   272.407 0   302.4 0   272.509 0   272.609 0     0.0 0     0.0 0     0.0 0   -34.6 0   -34.6 0     0.2 0    91.7 0     1.9 0    62.6 0   978.4 0
 2026  10  1 10  9 22  9.367 126.09    -1.1 0    -0.2 0    -0.1 0     0.1 0   268.3 0   272.553 0   272.382 0   302.4 0   272.497 0   272.603 0     0.0 0     0.0 0     0.0 0   -34.1 0   -34.1 0     0.2 0    91.7 0     1.8 0    65.3 0   978.4 0
 2026  10  1 10  9 23  9.383 125.90    -1.0 0    -0.3 0     0.0 0     0.1 0   268.8 0   272.540 0   272.363 0   302.1 0   272.493 0   272.605 0     0.0 0     0.0 0     0.0 0   -33.3 0   -33.3 0     0.3 0    92.0 0     1.8 0    65.3 0   978.4 0
 2026  10  1 10  9 24  9.400 125.71    -1.0 0    -0.2 0     0.0 0     0.1 0   268.9 0   272.526 0   272.347 0   301.7 0   272.490 0   272.595 0     0.0 0     0.0 0     0.0 0   -32.8 0   -32.8 0     0.4 0    92.1 0     1.9 0    65.3 0   978.4 0
 2026  10  1 10  9 25  9.417 125.52    -0.9 0    -0.2 0     0.0 0     0.0 0   268.6 0   272.509 0   272.309 0   301.7 0   272.484 0   272.595 0     0.0 0     0.0 0     0.0 0   -33.1 0   -33.1 0     0.5 0    92.2 0     1.9 0    67.6 0   978.4 0
 2026  10  1 10  9 26  9.433 125.33    -0.7 0    -0.3 0     0.0 0     0.0 0   268.7 0   272.481 0   272.269 0   302.1 0   272.483 0   272.598 0     0.0 0     0.0 0     0.0 0   -33.3 0   -33.3 0     0.5 0    92.2 0     1.9 0    77.6 0   978.4 0
 2026  10  1 10  9 27  9.450 125.14    -0.9 0    -0.6 0     0.0 0     0.0 0   269.2 0   272.461 0   272.298 0   302.6 0   272.493 0   272.627 0     0.0 0     0.0 0     0.0 0   -33.3 0   -33.3 0     0.6 0    92.4 0     2.1 0    83.1 0   978.4 0
 2026  10  1 10  9 28  9.467 124.95    -0.8 0    -0.8 0     0.0 0     0.0 0   269.6 0   272.454 0   272.300 0   303.0 0   272.519 0   272.665 0     0.0 0     0.0 0     0.0 0   -33.4 0   -33.4 0     0.8 0    92.7 0     2.1 0    86.7 0   978.3 0
 2026  10  1 10  9 29  9.483 124.76    -0.9 0    -0.9 0    -0.1 0     0.0 0   269.8 0   272.458 0   272.337 0   302.8 0   272.559 0   272.715 0     0.0 0     0.0 0     0.0 0   -33.0 0   -33.0 0     1.0 0    92.7 0     2.0 0    94.4 0   978.3 0
 2026  10  1 10  9 30  9.500 124.57    -1.2 0    -0.7 0    -0.2 0     0.0 0   269.6 0   272.476 0   272.382 0   302.6 0   272.598 0   272.739 0     0.0 0     0.0 0     0.0 0   -33.0 0   -33.0 0     1.0 0    92.3 0     2.1 0    96.7 0   978.3 0
 2026  10  1 10  9 31  9.517 124.38    -1.1 0    -0.5 0    -0.2 0     0.0 0   268.7 0   272.495 0   272.362 0   302.6 0   272.630 0   272.773 0     0.0 0     0.0 0     0.0 0   -33.9 0   -33.9 0     1.0 0    92.1 0     1.9 0    94.9 0   978.3 0
 2026  10  1 10  9 32  9.533 124.19    -0.7 0    -0.4 0     0.0 0    -0.1 0   268.2 0   272.480 0   272.240 0   302.1 0   272.660 0   272.792 0     0.0 0     0.0 0     0.0 0   -34.0 0   -34.0 0     1.0 0    91.9 0     1.5 0    91.2 0   978.3 0
 2026  10  1 10  9 33  9.550 124.00    -0.6 0    -0.2 0     0.0 0     0.0 0   268.7 0   272.442 0   272.255 0   301.9 0   272.679 0   272.797 0     0.0 0     0.0 0     0.0 0   -33.1 0   -33.1 0     0.9 0    91.9 0     1.6 0    84.3 0   978.3 0
 2026  10  1 10  9 34  9.567 123.81    -0.6 0    -0.3 0     0.0 0     0.0 0   269.5 0   272.425 0   272.272 0   301.9 0   272.697 0   272.825 0     0.0 0     0.0 0     0.0 0   -32.4 0   -32.4 0     1.0 0    92.2 0     1.6 0    81.8 0   978.3 0
 2026  10  1 10  9 35  9.583 123.62    -0.7 0    -0.5 0     0.0 0     0.0 0   270.0 0   272.421 0   272.259 0   302.1 0   272.722 0   272.861 0     0.0 0     0.0 0     0.0 0   -32.2 0   -32.2 0     1.1 0    92.3 0     1.8 0    67.7 0   978.3 0
 2026  10  1 10  9 36  9.600 123.43    -0.6 0    -0.6 0     0.0 0     0.0 0   269.9 0   272.406 0   272.192 0   302.6 0   272.755 0   272.896 0     0.0 0     0.0 0     0.0 0   -32.7 0   -32.7 0     1.2 0    92.2 0     1.9 0    57.7 0   978.3 0
 2026  10  1 10  9 37  9.617 123.24    -0.6 0    -0.5 0     0.0 0     0.1 0   269.3 0   272.381 0   272.182 0   302.5 0   272.781 0   272.899 0     0.0 0     0.0 0     0.0 0   -33.2 0   -33.2 0     1.1 0    91.8 0     2.0 0    54.5 0   978.2 0
 2026  10  1 10  9 38  9.633 123.05    -0.7 0    -0.1 0     0.0 0     0.1 0   268.5 0   272.362 0   272.162 0   302.4 0   272.789 0   272.879 0     0.0 0     0.0 0     0.0 0   -33.9 0   -33.9 0     1.0 0    91.4 0     1.8 0    50.5 0   978.2 0
 2026  10  1 10  9 39  9.650 122.87    -1.0 0    -0.1 0    -0.1 0     0.0 0   268.9 0   272.357 0   272.250 0   303.1 0   272.786 0   272.896 0     0.0 0     0.0 0     0.0 0   -34.2 0   -34.2 0     0.9 0    91.8 0     1.6 0    55.1 0   978.2 0
 2026  10  1 10  9 40  9.667 122.68    -1.3 0    -0.2 0    -0.2 0     0.0 0   268.8 0   272.381 0   272.293 0   302.8 0   272.789 0   272.885 0     0.0 0     0.0 0     0.0 0   -34.0 0   -34.0 0     0.9 0    91.7 0     1.6 0    58.8 0   978.2 0
 2026  10  1 10  9 41  9.683 122.49    -1.3 0    -0.3 0    -0.2 0     0.0 0   269.2 0   272.403 0   272.301 0   303.4 0   272.789 0   272.902 0     0.0 0     0.0 0     0.0 0   -34.1 0   -34.1 0     0.9 0    91.9 0     1.5 0    60.1 0   978.2 0
 2026  10  1 10  9 42  9.700 122.30    -1.4 0    -0.5 0    -0.2 0     0.1 0   269.4 0   272.428 0   272.382 0   303.4 0   272.800 0   272.924 0     0.0 0     0.0 0     0.0 0   -34.0 0   -34.0 0     1.0 0    92.2 0     1.7 0    60.5 0   978.2 0
 2026  10  1 10  9 43  9.717 122.11    -1.6 0    -0.6 0    -0.3 0     0.0 0   268.9 0   272.472 0   272.442 0   303.3 0   272.819 0   272.947 0     0.0 0     0.0 0     0.0 0   -34.4 0   -34.4 0     1.0 0    92.2 0     1.8 0    59.2 0   978.2 0
 2026  10  1 10  9 44  9.733 121.92    -1.6 0    -0.5 0    -0.3 0     0.0 0   267.9 0   272.519 0   272.474 0   302.9 0   272.838 0   272.956 0     0.0 0     0.0 0     0.0 0   -35.0 0   -35.0 0     1.0 0    92.0 0     1.8 0    59.8 0   978.2 0
 2026  10  1 10  9 45  9.750 121.73    -1.5 0    -0.3 0    -0.2 0     0.0 0   266.5 0   272.556 0   272.441 0   302.4 0   272.847 0   272.950 0     0.0 0     0.0 0     0.0 0   -35.9 0   -35.9 0     1.0 0    91.7 0     1.9 0    67.1 0   978.2 0
 2026  10  1 10  9 46  9.767 121.54    -1.3 0    -0.2 0    -0.1 0     0.0 0   266.1 0   272.568 0   272.429 0   302.4 0   272.847 0   272.947 0     0.0 0     0.0 0     0.0 0   -36.3 0   -36.3 0     0.9 0    91.6 0     2.0 0    71.2 0   978.2 0
 2026  10  1 10  9 47  9.783 121.35    -1.1 0    -0.3 0     0.0 0     0.0 0   266.0 0   272.570 0   272.390 0   302.9 0   272.848 0   272.956 0     0.0 0     0.0 0     0.0 0   -36.9 0   -36.9 0     0.9 0    91.8 0     2.2 0    78.1 0   978.2 0
 2026  10  1 10  9 48  9.800 121.16    -1.0 0    -0.4 0     0.1 0     0.0 0   266.5 0   272.557 0   272.345 0   303.3 0   272.856 0   272.971 0     0.0 0     0.0 0     0.0 0   -36.8 0   -36.8 0     0.9 0    91.9 0     2.5 0    79.1 0   978.1 0
 2026  10  1 10  9 49  9.817 120.97    -0.8 0    -0.5 0     0.1 0     0.0 0   267.4 0   272.536 0   272.330 0   303.8 0   272.869 0   272.986 0     0.0 0     0.0 0     0.0 0   -36.3 0   -36.3 0     0.9 0    91.9 0     2.5 0    74.1 0   978.1 0
 2026  10  1 10  9 50  9.833 120.78    -0.8 0    -0.5 0     0.1 0     0.0 0   268.5 0   272.518 0   272.340 0   303.9 0   272.883 0   273.002 0     0.0 0     0.0 0     0.0 0   -35.5 0   -35.5 0     0.9 0    91.9 0     2.4 0    68.4 0   978.0 0
 2026  10  1 10  9 51  9.850 120.59    -0.9 0    -0.4 0     0.0 0     0.0 0   269.3 0   272.509 0   272.348 0   303.4 0   272.895 0   273.006 0     0.0 0     0.0 0     0.0 0   -34.2 0   -34.2 0     0.8 0    91.7 0     2.4 0    66.7 0   978.0 0
 2026  10  1 10  9 52  9.867 120.41    -0.9 0    -0.2 0     0.0 0     0.1 0   270.1 0   272.500 0   272.346 0   303.0 0   272.898 0   272.995 0     0.0 0     0.0 0     0.0 0   -32.9 0   -32.9 0     0.8 0    91.5 0     2.5 0    68.3 0   978.1 0
 2026  10  1 10  9 53  9.883 120.22    -1.1 0    -0.1 0    -0.1 0     0.0 0   271.1 0   272.500 0   272.397 0   303.1 0   272.892 0   272.987 0     0.0 0     0.0 0     0.0 0   -32.1 0   -32.1 0     0.7 0    91.4 0     2.2 0    73.7 0   978.2 0
 2026  10  1 10  9 54  9.900 120.03    -1.3 0    -0.1 0    -0.2 0     0.0 0   271.5 0   272.519 0   272.434 0   303.8 0   272.885 0   272.987 0     0.0 0     0.0 0     0.0 0   -32.2 0   -32.2 0     0.7 0    91.6 0     2.4 0    76.5 0   978.2 0
 2026  10  1 10  9 55  9.917 119.84    -1.3 0    -0.2 0    -0.2 0     0.0 0   271.8 0   272.541 0   272.436 0   304.2 0   272.883 0   272.992 0     0.0 0     0.0 0     0.0 0   -32.4 0   -32.4 0     0.7 0    91.8 0     2.4 0    79.3 0   978.2 0
 2026  10  1 10  9 56  9.933 119.65    -1.1 0    -0.3 0    -0.1 0     0.0 0   271.9 0   272.553 0   272.419 0   304.2 0   272.887 0   273.001 0     0.0 0     0.0 0     0.0 0   -32.3 0   -32.3 0     0.7 0    91.9 0     2.3 0    80.1 0   978.2 0
 2026  10  1 10  9 57  9.950 119.46    -1.0 0    -0.4 0    -0.1 0     0.0 0   272.0 0   272.552 0   272.394 0   304.1 0   272.894 0   273.007 0     0.0 0     0.0 0     0.0 0   -32.0 0   -32.0 0     0.8 0    91.9 0     2.2 0    79.4 0   978.2 0
 2026  10  1 10  9 58  9.967 119.27    -0.9 0    -0.3 0     0.0 0     0.1 0   272.4 0   272.539 0   272.363 0   304.1 0   272.900 0   273.011 0     0.0 0     0.0 0     0.0 0   -31.8 0   -31.8 0     0.8 0    91.9 0     2.3 0    76.5 0   978.2 0
 2026  10  1 10  9 59  9.983 119.08    -0.8 0    -0.3 0     0.0 0     0.1 0   272.8 0   272.521 0   272.350 0   304.2 0   272.907 0   273.022 0     0.0 0     0.0 0     0.0 0   -31.3 0   -31.3 0     0.8 0    91.9 0     2.4 0    73.7 0   978.2 0
 2026  10  1 10 10  0 10.000 118.89    -0.8 0    -0.4 0     0.0 0     0.1 0   273.3 0   272.503 0   272.327 0   304.2 0   272.916 0   273.032 0     0.0 0     0.0 0     0.0 0   -30.9 0   -30.9 0     0.8 0    91.9 0     2.4 0    70.1 0   978.1 0
 2026  10  1 10 10  1 10.017 118.70    -0.8 0    -0.3 0     0.0 0     0.1 0   273.7 0   272.485 0   272.303 0   304.4 0   272.923 0   273.037 0     0.0 0     0.0 0     0.0 0   -30.7 0   -30.7 0     0.8 0    91.8 0     2.5 0    69.6 0   978.1 0
 2026  10  1 10 10  2 10.033 118.52    -0.8 0    -0.4 0     0.0 0     0.1 0   274.4 0   272.465 0   272.294 0   304.8 0   272.930 0   273.049 0     0.0 0     0.0 0     0.0 0   -30.4 0   -30.4 0     0.8 0    91.8 0     2.7 0    68.6 0   978.1 0
 2026  10  1 10 10  3 10.050 118.33    -0.9 0    -0.4 0     0.0 0     0.1 0   274.9 0   272.450 0   272.305 0   305.0 0   272.940 0   273.060 0     0.0 0     0.0 0     0.0 0   -30.1 0   -30.1 0     0.8 0    91.9 0     2.7 0    65.8 0   978.1 0
 2026  10  1 10 10  4 10.067 118.14    -1.0 0    -0.4 0    -0.1 0     0.0 0   275.4 0   272.448 0   272.338 0   305.0 0   272.951 0   273.073 0     0.0 0     0.0 0     0.0 0   -29.6 0   -29.6 0     0.9 0    91.9 0     2.6 0    64.2 0   978.2 0
 2026  10  1 10 10  5 10.083 117.95    -1.1 0    -0.3 0    -0.1 0     0.0 0   275.7 0   272.456 0   272.355 0   304.8 0   272.961 0   273.079 0     0.0 0     0.0 0     0.0 0   -29.1 0   -29.1 0     0.9 0    91.8 0     2.2 0    65.9 0   978.2 0
 2026  10  1 10 10  6 10.100 117.76    -1.0 0    -0.3 0    -0.1 0     0.0 0   276.2 0   272.465 0   272.362 0   304.5 0   272.968 0   273.083 0     0.0 0     0.0 0     0.0 0   -28.3 0   -28.3 0     0.9 0    91.7 0     1.8 0    69.7 0   978.2 0
 2026  10  1 10 10  7 10.117 117.57    -1.1 0    -0.3 0    -0.1 0     0.0 0   277.1 0   272.476 0   272.394 0   304.1 0   272.975 0   273.086 0     0.0 0     0.0 0     0.0 0   -27.0 0   -27.0 0     0.9 0    91.7 0     1.6 0    74.2 0   978.3 0
 2026  10  1 10 10  8 10.133 117.39    -1.2 0    -0.2 0    -0.1 0     0.0 0   278.0 0   272.497 0   272.435 0   303.8 0   272.979 0   273.086 0     0.0 0     0.0 0     0.0 0   -25.8 0   -25.8 0     0.9 0    91.6 0     1.6 0    80.6 0   978.3 0
 2026  10  1 10 10  9 10.150 117.20    -1.2 0    -0.2 0    -0.2 0     0.0 0   279.1 0   272.526 0   272.477 0   303.8 0   272.982 0   273.093 0     0.0 0     0.0 0     0.0 0   -24.7 0   -24.7 0     0.9 0    91.7 0     1.7 0    84.0 0   978.3 0
 2026  10  1 10 10 10 10.167 117.01    -1.2 0    -0.3 0    -0.1 0     0.0 0   279.8 0   272.560 0   272.515 0   303.7 0   272.987 0   273.098 0     0.0 0     0.0 0     0.0 0   -23.9 0   -23.9 0     0.9 0    91.7 0     1.6 0    78.8 0   978.3 0
 2026  10  1 10 10 11 10.183 116.82    -1.2 0    -0.2 0    -0.1 0     0.0 0   280.2 0   272.592 0   272.539 0   303.6 0   272.992 0   273.100 0     0.0 0     0.0 0     0.0 0   -23.4 0   -23.4 0     0.9 0    91.6 0     1.6 0    76.2 0   978.3 0
 2026  10  1 10 10 12 10.200 116.63    -1.2 0    -0.2 0    -0.1 0     0.0 0   280.4 0   272.619 0   272.582 0   303.6 0   272.995 0   273.100 0     0.0 0     0.0 0     0.0 0   -23.2 0   -23.2 0     0.9 0    91.6 0     1.6 0    76.1 0   978.3 0
 2026  10  1 10 10 13 10.217 116.44    -1.3 0    -0.2 0    -0.2 0     0.0 0   280.1 0   272.658 0   272.641 0   303.8 0   272.997 0   273.106 0     0.0 0     0.0 0     0.0 0   -23.8 0   -23.8 0     0.9 0    91.7 0     1.5 0    74.8 0   978.3 0
 2026  10  1 10 10 14 10.233 116.26    -1.3 0    -0.2 0    -0.2 0     0.0 0   279.7 0   272.698 0   272.668 0   303.7 0   273.000 0   273.108 0     0.0 0     0.0 0     0.0 0   -23.9 0   -23.9 0     0.9 0    91.6 0     1.2 0    72.1 0   978.3 0
 2026  10  1 10 10 15 10.250 116.07    -1.3 0    -0.1 0    -0.1 0     0.0 0   279.7 0   272.733 0   272.671 0   303.3 0   272.999 0   273.098 0     0.0 0     0.0 0     0.0 0   -23.6 0   -23.6 0     0.9 0    91.5 0     1.1 0    72.1 0   978.2 0
 2026  10  1 10 10 16 10.267 115.88    -1.1 0     0.0 0    -0.1 0     0.0 0   280.2 0   272.747 0   272.654 0   303.0 0   272.991 0   273.081 0     0.0 0     0.0 0     0.0 0   -22.8 0   -22.8 0     0.9 0    91.3 0     1.1 0    72.0 0   978.2 0
 2026  10  1 10 10 17 10.283 115.69    -1.1 0     0.0 0    -0.1 0     0.0 0   281.1 0   272.760 0   272.692 0   303.1 0   272.976 0   273.067 0     0.0 0     0.0 0     0.0 0   -22.1 0   -22.1 0     0.8 0    91.3 0     1.3 0    67.8 0   978.2 0
 2026  10  1 10 10 18 10.300 115.50    -1.2 0    -0.1 0    -0.1 0     0.0 0   281.7 0   272.784 0   272.722 0   303.3 0   272.963 0   273.062 0     0.0 0     0.0 0     0.0 0   -21.6 0   -21.6 0     0.8 0    91.5 0     1.5 0    62.6 0   978.2 0
 2026  10  1 10 10 19 10.317 115.32    -1.2 0    -0.1 0    -0.1 0     0.0 0   282.1 0   272.807 0   272.729 0   303.5 0   272.952 0   273.050 0     0.0 0     0.0 0     0.0 0   -21.4 0   -21.4 0     0.8 0    91.4 0     1.5 0    61.2 0   978.1 0
 2026  10  1 10 10 20 10.333 115.13    -1.1 0    -0.1 0    -0.1 0     0.0 0   282.4 0   272.823 0   272.728 0   304.0 0   272.940 0   273.049 0     0.0 0     0.0 0     0.0 0   -21.5 0   -21.5 0     0.8 0    91.6 0     1.4 0    68.2 0   978.1 0
 2026  10  1 10 10 21 10.350 114.94    -1.1 0    -0.5 0    -0.1 0     0.0 0   282.7 0   272.835 0   272.741 0   304.2 0   272.944 0   273.078 0     0.0 0     0.0 0     0.0 0   -21.5 0   -21.5 0     1.0 0    92.3 0     1.3 0    78.4 0   978.1 0
 2026  10  1 10 10 22 10.367 114.75    -0.9 0    -0.4 0     0.0 0     0.0 0   282.2 0   272.841 0   272.705 0   303.8 0   272.957 0   273.079 0     0.0 0     0.0 0     0.0 0   -21.6 0   -21.6 0     1.1 0    92.1 0     1.5 0    75.0 0   978.2 0
 2026  10  1 10 10 23 10.383 114.57    -1.3 0    -0.7 0    -0.1 0     0.0 0   282.8 0   272.848 0   272.823 0   304.5 0   272.979 0   273.141 0     0.0 0     0.0 0     0.0 0   -21.7 0   -21.7 0     1.2 0    92.4 0     1.4 0    74.5 0   978.2 0
 2026  10  1 10 10 24 10.400 114.38    -1.0 0    -0.5 0    -0.1 0     0.0 0   281.5 0   272.872 0   272.740 0   303.8 0   273.008 0   273.138 0     0.0 0     0.0 0     0.0 0   -22.3 0   -22.3 0     1.3 0    91.9 0     1.2 0    69.9 0   978.2 0
 2026  10  1 10 10 25 10.417 114.19    -0.7 0    -0.2 0     0.0 0     0.0 0   281.5 0   272.860 0   272.682 0   304.1 0   273.015 0   273.134 0     0.0 0     0.0 0     0.0 0   -22.6 0   -22.6 0     1.2 0    91.6 0     1.2 0    69.4 0   978.1 0
 2026  10  1 10 10 26 10.433 114.01    -0.5 0    -0.4 0     0.0 0    -0.1 0   281.2 0   272.836 0   272.636 0   304.1 0   273.028 0   273.158 0     0.0 0     0.0 0     0.0 0   -22.9 0   -22.9 0     1.3 0    91.7 0     1.4 0    70.4 0   978.2 0
 2026  10  1 10 10 27 10.450 113.82    -0.5 0    -0.2 0     0.0 0    -0.1 0   281.2 0   272.802 0   272.595 0   303.4 0   273.041 0   273.145 0     0.0 0     0.0 0     0.0 0   -22.1 0   -22.1 0     1.3 0    91.3 0     1.1 0    68.6 0   978.1 0
 2026  10  1 10 10 28 10.467 113.63    -0.6 0    -0.1 0     0.0 0     0.0 0   281.6 0   272.774 0   272.619 0   303.8 0   273.041 0   273.152 0     0.0 0     0.0 0     0.0 0   -22.2 0   -22.2 0     1.2 0    91.2 0     1.0 0    63.8 0   978.1 0
 2026  10  1 10 10 29 10.483 113.44    -0.6 0     0.0 0     0.0 0    -0.1 0   280.9 0   272.758 0   272.581 0   303.3 0   273.040 0   273.138 0     0.0 0     0.0 0     0.0 0   -22.4 0   -22.4 0     1.2 0    91.0 0     0.1 0    62.4 0   978.2 0
 2026  10  1 10 10 30 10.500 113.26    -0.4 0     0.1 0     0.1 0     0.0 0   280.1 0   272.732 0   272.522 0   303.2 0   273.030 0   273.118 0     0.0 0     0.0 0     0.0 0   -23.1 0   -23.1 0     1.0 0    90.7 0     0.1 0   116.8 0   978.1 0
 2026  10  1 10 10 31 10.517 113.07    -0.5 0     0.0 0     0.1 0     0.0 0   279.2 0   272.700 0   272.515 0   303.2 0   273.014 0   273.108 0     0.0 0     0.0 0     0.0 0   -24.0 0   -24.0 0     1.0 0    90.8 0     0.0 0     0.0 0   978.0 0
 2026  10  1 10 10 32 10.533 112.88    -0.6 0    -0.1 0     0.1 0     0.0 0   277.8 0   272.679 0   272.525 0   303.0 0   273.001 0   273.097 0     0.0 0     0.0 0     0.0 0   -25.3 0   -25.3 0     1.0 0    91.0 0     0.0 0    84.5 0   978.0 0
 2026  10  1 10 10 33 10.550 112.70    -0.8 0    -0.2 0     0.1 0     0.0 0   276.4 0   272.672 0   272.550 0   303.3 0   272.989 0   273.094 0     0.0 0     0.0 0     0.0 0   -26.9 0   -26.9 0     1.0 0    91.2 0     0.6 0    80.1 0   977.9 0
 2026  10  1 10 10 34 10.567 112.51    -0.9 0    -0.3 0     0.1 0     0.0 0   274.6 0   272.678 0   272.574 0   303.2 0   272.983 0   273.095 0     0.0 0     0.0 0     0.0 0   -28.5 0   -28.5 0     1.0 0    91.3 0     0.5 0    76.4 0   977.9 0
 2026  10  1 10 10 35 10.583 112.32    -1.1 0    -0.3 0     0.0 0     0.0 0   272.8 0   272.693 0   272.617 0   303.2 0   272.980 0   273.091 0     0.0 0     0.0 0     0.0 0   -30.4 0   -30.4 0     1.1 0    91.3 0     1.0 0    62.7 0   977.8 0
 2026  10  1 10 10 36 10.600 112.14    -1.4 0    -0.5 0    -0.2 0     0.1 0   272.0 0   272.733 0   272.801 0   303.5 0   272.984 0   273.119 0     0.0 0     0.0 0     0.0 0   -31.6 0   -31.6 0     1.1 0    91.4 0     1.4 0    60.2 0   977.8 0
 2026  10  1 10 10 37 10.617 111.95    -1.8 0    -0.5 0    -0.4 0     0.0 0   270.1 0   272.822 0   272.875 0   303.4 0   272.995 0   273.121 0     0.0 0     0.0 0     0.0 0   -33.3 0   -33.3 0     1.1 0    91.2 0     1.6 0    57.3 0   977.8 0
 2026  10  1 10 10 38 10.633 111.76    -1.8 0    -0.4 0    -0.4 0     0.1 0   269.6 0   272.903 0   272.969 0   303.4 0   273.003 0   273.122 0     0.0 0     0.0 0     0.0 0   -33.8 0   -33.8 0     1.1 0    91.0 0     1.6 0    59.5 0   977.7 0
 2026  10  1 10 10 39 10.650 111.58    -2.3 0    -0.3 0    -0.5 0     0.0 0   269.2 0   272.991 0   273.062 0   303.3 0   273.008 0   273.122 0     0.0 0     0.0 0     0.0 0   -34.1 0   -34.1 0     1.1 0    90.9 0     1.5 0    57.4 0   977.7 0
 2026  10  1 10 10 40 10.667 111.39    -2.3 0    -0.2 0    -0.4 0     0.0 0   269.4 0   273.072 0   273.113 0   303.2 0   273.011 0   273.126 0     0.0 0     0.0 0     0.0 0   -33.8 0   -33.8 0     1.0 0    90.9 0     1.6 0    59.0 0   977.7 0
 2026  10  1 10 10 41 10.683 111.21    -2.4 0    -0.2 0    -0.4 0     0.0 0   269.6 0   273.147 0   273.187 0   303.1 0   273.013 0   273.128 0     0.0 0     0.0 0     0.0 0   -33.5 0   -33.5 0     1.0 0    90.9 0     1.7 0    58.7 0   977.8 0
 2026  10  1 10 10 42 10.700 111.02    -2.4 0    -0.2 0    -0.4 0     0.0 0   270.1 0   273.217 0   273.239 0   302.9 0   273.015 0   273.125 0     0.0 0     0.0 0     0.0 0   -32.8 0   -32.8 0     1.0 0    90.8 0     1.4 0    59.8 0   977.8 0
 2026  10  1 10 10 43 10.717 110.83    -2.3 0    -0.2 0    -0.3 0     0.0 0   271.0 0   273.279 0   273.289 0   302.9 0   273.014 0   273.122 0     0.0 0     0.0 0     0.0 0   -31.9 0   -31.9 0     1.0 0    90.8 0     1.5 0    58.8 0   977.8 0
 2026  10  1 10 10 44 10.733 110.65    -2.2 0    -0.2 0    -0.3 0     0.1 0   272.1 0   273.337 0   273.351 0   303.2 0   273.015 0   273.131 0     0.0 0     0.0 0     0.0 0   -31.1 0   -31.1 0     1.0 0    90.9 0     1.5 0    56.8 0   977.8 0
 2026  10  1 10 10 45 10.750 110.46    -2.3 0    -0.2 0    -0.3 0     0.0 0   272.5 0   273.399 0   273.412 0   303.2 0   273.017 0   273.128 0     0.0 0     0.0 0     0.0 0   -30.7 0   -30.7 0     1.0 0    90.8 0     1.4 0    56.5 0   977.8 0
 2026  10  1 10 10 46 10.767 110.28    -2.1 0    -0.1 0    -0.3 0     0.0 0   272.5 0   273.454 0   273.442 0   303.3 0   273.016 0   273.123 0     0.0 0     0.0 0     0.0 0   -30.8 0   -30.8 0     0.9 0    90.7 0     1.3 0    61.5 0   977.8 0
 2026  10  1 10 10 47 10.783 110.09    -2.0 0    -0.1 0    -0.2 0     0.0 0   271.7 0   273.503 0   273.469 0   303.0 0   273.012 0   273.114 0     0.0 0     0.0 0     0.0 0   -31.3 0   -31.3 0     0.9 0    90.7 0     1.1 0    62.0 0   977.9 0
 2026  10  1 10 10 48 10.800 109.91    -1.8 0    -0.1 0    -0.2 0     0.0 0   270.4 0   273.541 0   273.480 0   302.8 0   273.005 0   273.104 0     0.0 0     0.0 0     0.0 0   -32.4 0   -32.4 0     0.9 0    90.6 0     1.0 0    59.9 0   977.9 0
 2026  10  1 10 10 49 10.817 109.72    -1.7 0     0.0 0    -0.1 0     0.0 0   268.6 0   273.571 0   273.500 0   302.5 0   272.995 0   273.092 0     0.0 0     0.0 0     0.0 0   -33.9 0   -33.9 0     0.8 0    90.6 0     0.9 0    62.3 0   977.9 0
 2026  10  1 10 10 50 10.833 109.54    -1.8 0     0.0 0    -0.1 0     0.1 0   266.7 0   273.601 0   273.535 0   302.2 0   272.984 0   273.080 0     0.0 0     0.0 0     0.0 0   -35.4 0   -35.4 0     0.8 0    90.6 0     1.0 0    48.6 0   977.9 0
 2026  10  1 10 10 51 10.850 109.35    -1.8 0     0.0 0    -0.1 0     0.1 0   264.7 0   273.633 0   273.549 0   302.0 0   272.970 0   273.067 0     0.0 0     0.0 0     0.0 0   -37.3 0   -37.3 0     0.7 0    90.6 0     1.2 0    47.5 0   977.8 0
 2026  10  1 10 10 52 10.867 109.17    -1.7 0    -0.1 0    -0.1 0     0.1 0   262.8 0   273.659 0   273.549 0   301.4 0   272.957 0   273.059 0     0.0 0     0.0 0     0.0 0   -38.6 0   -38.6 0     0.7 0    90.7 0     1.0 0    36.5 0   977.8 0
 2026  10  1 10 10 53 10.883 108.98    -1.5 0    -0.1 0    -0.1 0     0.0 0   261.2 0   273.676 0   273.524 0   300.9 0   272.944 0   273.042 0     0.0 0     0.0 0     0.0 0   -39.7 0   -39.7 0     0.7 0    90.7 0     0.7 0    40.0 0   977.8 0
 2026  10  1 10 10 54 10.900 108.80    -1.3 0    -0.1 0     0.0 0     0.0 0   260.0 0   273.676 0   273.485 0   300.5 0   272.930 0   273.024 0     0.0 0     0.0 0     0.0 0   -40.5 0   -40.5 0     0.7 0    90.8 0     0.4 0    49.4 0   977.8 0
 2026  10  1 10 10 55 10.917 108.61    -1.4 0    -0.1 0     0.0 0     0.0 0   259.1 0   273.671 0   273.486 0   300.2 0   272.914 0   273.008 0     0.0 0     0.0 0     0.0 0   -41.1 0   -41.1 0     0.6 0    90.8 0     0.3 0    56.8 0   977.8 0
 2026  10  1 10 10 56 10.933 108.43    -1.4 0    -0.1 0     0.0 0     0.0 0   258.1 0   273.669 0   273.480 0   300.1 0   272.899 0   272.995 0     0.0 0     0.0 0     0.0 0   -42.0 0   -42.0 0     0.6 0    90.8 0     0.6 0    68.7 0   977.8 0
 2026  10  1 10 10 57 10.950 108.25    -1.4 0    -0.1 0     0.0 0     0.0 0   257.3 0   273.667 0   273.469 0   300.0 0   272.884 0   272.980 0     0.0 0     0.0 0     0.0 0   -42.7 0   -42.7 0     0.6 0    90.9 0     0.8 0    76.2 0   977.8 0
 2026  10  1 10 10 58 10.967 108.06    -1.4 0    -0.1 0     0.0 0     0.0 0   256.8 0   273.663 0   273.469 0   300.0 0   272.869 0   272.967 0     0.0 0     0.0 0     0.0 0   -43.2 0   -43.2 0     0.6 0    91.0 0     0.8 0    68.4 0   977.7 0
 2026  10  1 10 10 59 10.983 107.88    -1.3 0    -0.2 0     0.0 0     0.0 0   256.4 0   273.659 0   273.454 0   299.6 0   272.857 0   272.959 0     0.0 0     0.0 0     0.0 0   -43.2 0   -43.2 0     0.6 0    91.0 0     0.9 0    49.4 0   977.7 0
 2026  10  1 10 11  0 11.000 107.69    -1.1 0    -0.1 0     0.0 0     0.0 0   256.3 0   273.647 0   273.426 0   299.3 0   272.844 0   272.941 0     0.0 0     0.0 0     0.0 0   -43.0 0   -43.0 0     0.6 0    91.0 0     0.8 0    57.3 0   977.7 0
 2026  10  1 10 11  1 11.017 107.51    -1.1 0    -0.1 0     0.0 0     0.0 0   256.4 0   273.634 0   273.425 0   299.1 0   272.829 0   272.926 0     0.0 0     0.0 0     0.0 0   -42.7 0   -42.7 0     0.6 0    90.9 0     0.9 0    64.3 0   977.8 0
 2026  10  1 10 11  2 11.033 107.33    -1.1 0    -0.1 0    -0.1 0     0.0 0   256.5 0   273.626 0   273.428 0   298.9 0   272.814 0   272.912 0     0.0 0     0.0 0     0.0 0   -42.4 0   -42.4 0     0.5 0    90.9 0     1.0 0    70.5 0   977.8 0
 2026  10  1 10 11  3 11.050 107.14    -1.0 0    -0.1 0     0.0 0     0.0 0   256.4 0   273.616 0   273.383 0   298.4 0   272.800 0   272.892 0     0.0 0     0.0 0     0.0 0   -42.0 0   -42.0 0     0.5 0    90.9 0     1.0 0    72.9 0   977.9 0
 2026  10  1 10 11  4 11.067 106.96    -0.8 0     0.0 0     0.0 0     0.0 0   256.4 0   273.592 0   273.332 0   298.0 0   272.782 0   272.869 0     0.0 0     0.0 0     0.0 0   -41.6 0   -41.6 0     0.5 0    90.9 0     1.0 0    74.9 0   977.9 0
 2026  10  1 10 11  5 11.083 106.78    -0.7 0    -0.1 0     0.0 0     0.0 0   256.5 0   273.558 0   273.279 0   297.9 0   272.763 0   272.851 0     0.0 0     0.0 0     0.0 0   -41.4 0   -41.4 0     0.4 0    90.9 0     0.9 0    74.0 0   977.9 0
 2026  10  1 10 11  6 11.100 106.59    -0.6 0    -0.1 0     0.1 0     0.0 0   256.6 0   273.518 0   273.233 0   297.7 0   272.744 0   272.830 0     0.0 0     0.0 0     0.0 0   -41.0 0   -41.0 0     0.4 0    91.0 0     0.8 0    74.0 0   977.9 0
 2026  10  1 10 11  7 11.117 106.41    -0.5 0    -0.1 0     0.0 0     0.0 0   257.1 0   273.475 0   273.191 0   297.6 0   272.724 0   272.811 0     0.0 0     0.0 0     0.0 0   -40.5 0   -40.5 0     0.4 0    91.0 0     0.4 0    74.0 0   977.9 0
 2026  10  1 10 11  8 11.133 106.23    -0.5 0    -0.2 0     0.0 0     0.0 0   257.8 0   273.434 0   273.171 0   297.6 0   272.705 0   272.795 0     0.0 0     0.0 0     0.0 0   -39.8 0   -39.8 0     0.4 0    91.1 0     0.3 0    73.9 0   977.9 0
 2026  10  1 10 11  9 11.150 106.04    -0.6 0    -0.2 0     0.0 0     0.0 0   258.6 0   273.398 0   273.145 0   297.6 0   272.687 0   272.780 0     0.0 0     0.0 0     0.0 0   -39.1 0   -39.1 0     0.3 0    91.2 0     0.0 0     0.0 0   977.9 0
 2026  10  1 10 11 10 11.167 105.86    -0.5 0    -0.3 0    -0.1 0     0.0 0   259.5 0   273.366 0   273.122 0   297.7 0   272.669 0   272.765 0     0.0 0     0.0 0     0.0 0   -38.2 0   -38.2 0     0.3 0    91.2 0     0.0 0     0.0 0   978.0 0
 2026  10  1 10 11 11 11.183 105.68    -0.6 0    -0.3 0    -0.1 0     0.0 0   260.3 0   273.335 0   273.092 0   297.6 0   272.652 0   272.746 0     0.0 0     0.0 0     0.0 0   -37.3 0   -37.3 0     0.3 0    91.2 0     0.0 0     0.0 0   978.0 0
 2026  10  1 10 11 12 11.200 105.50    -0.7 0    -0.3 0    -0.1 0     0.0 0   261.2 0   273.305 0   273.071 0   297.8 0   272.632 0   272.728 0     0.0 0     0.0 0     0.0 0   -36.6 0   -36.6 0     0.3 0    91.2 0     0.0 0     0.0 0   978.0 0
 2026  10  1 10 11 13 11.217 105.31    -0.8 0    -0.3 0    -0.1 0     0.0 0   262.4 0   273.281 0   273.094 0   298.1 0   272.612 0   272.710 0     0.0 0     0.0 0     0.0 0   -35.7 0   -35.7 0     0.3 0    91.3 0     0.0 0     0.0 0   977.9 0
 2026  10  1 10 11 14 11.233 105.13    -1.1 0    -0.4 0    -0.2 0     0.0 0   263.5 0   273.281 0   273.161 0   298.3 0   272.593 0   272.692 0     0.0 0     0.0 0     0.0 0   -34.8 0   -34.8 0     0.3 0    91.3 0     0.2 0    77.8 0   977.9 0
 2026  10  1 10 11 15 11.250 104.95    -1.1 0    -0.4 0    -0.2 0     0.0 0   264.3 0   273.298 0   273.160 0   298.5 0   272.575 0   272.677 0     0.0 0     0.0 0     0.0 0   -34.1 0   -34.1 0     0.4 0    91.5 0     0.9 0   119.3 0   977.9 0
 2026  10  1 10 11 16 11.267 104.77    -1.0 0    -0.4 0    -0.2 0     0.0 0   265.5 0   273.303 0   273.143 0   298.8 0   272.561 0   272.667 0     0.0 0     0.0 0     0.0 0   -33.3 0   -33.3 0     0.4 0    91.6 0     0.8 0   114.4 0   977.9 0
 2026  10  1 10 11 17 11.283 104.59    -0.9 0    -0.4 0    -0.2 0     0.0 0   266.7 0   273.299 0   273.140 0   299.0 0   272.552 0   272.664 0     0.0 0     0.0 0     0.0 0   -32.3 0   -32.3 0     0.5 0    91.7 0     0.7 0   104.7 0   978.0 0
 2026  10  1 10 11 18 11.300 104.40    -0.9 0    -0.4 0    -0.1 0     0.0 0   268.1 0   273.299 0   273.187 0   299.2 0   272.546 0   272.659 0     0.0 0     0.0 0     0.0 0   -31.1 0   -31.1 0     0.5 0    91.7 0     0.4 0   100.9 0   978.0 0
 2026  10  1 10 11 19 11.317 104.22    -1.1 0    -0.3 0    -0.1 0     0.0 0   269.1 0   273.319 0   273.241 0   299.5 0   272.541 0   272.653 0     0.0 0     0.0 0     0.0 0   -30.3 0   -30.3 0     0.6 0    91.7 0     0.1 0   100.9 0   978.0 0
 2026  10  1 10 11 20 11.333 104.04    -1.2 0    -0.2 0    -0.1 0     0.0 0   269.6 0   273.347 0   273.266 0   299.6 0   272.534 0   272.644 0     0.0 0     0.0 0     0.0 0   -30.0 0   -30.0 0     0.6 0    91.7 0     0.0 0     0.0 0   978.0 0
 2026  10  1 10 11 21 11.350 103.86    -1.2 0    -0.2 0    -0.1 0     0.0 0   269.8 0   273.372 0   273.283 0   299.8 0   272.527 0   272.641 0     0.0 0     0.0 0     0.0 0   -29.9 0   -29.9 0     0.6 0    91.6 0     0.0 0     0.0 0   978.0 0
 2026  10  1 10 11 22 11.367 103.68    -0.3 0    -0.2 0     0.1 0    -0.1 0   269.3 0   273.376 0   273.102 0   299.8 0   272.522 0   272.633 0     0.0 0     0.0 0     0.0 0   -30.5 0   -30.5 0     0.6 0    91.7 0     0.0 0     0.0 0   978.0 0
 2026  10  1 10 11 23 11.383 103.50    -0.2 0    -0.1 0     0.3 0     0.0 0   269.3 0   273.312 0   273.023 0   299.9 0   272.517 0   272.629 0     0.0 0     0.0 0     0.0 0   -30.6 0   -30.6 0     0.7 0    91.7 0     0.0 0     0.0 0   977.9 0
 2026  10  1 10 11 24 11.400 103.32     0.0 0    -0.2 0     0.2 0     0.0 0   269.3 0   273.256 0   273.015 0   299.9 0   272.512 0   272.627 0     0.0 0     0.0 0     0.0 0   -30.6 0   -30.6 0     0.7 0    91.7 0     0.0 0     0.0 0   977.9 0
 2026  10  1 10 11 25 11.417 103.14    -0.1 0    -0.2 0     0.2 0     0.0 0   268.9 0   273.214 0   272.982 0   299.7 0   272.507 0   272.621 0     0.0 0     0.0 0     0.0 0   -30.9 0   -30.9 0     0.7 0    91.8 0     0.0 0     0.0 0   977.9 0
 2026  10  1 10 11 26 11.433 102.96    -0.1 0    -0.1 0     0.2 0     0.0 0   268.5 0   273.173 0   272.945 0   299.8 0   272.502 0   272.612 0     0.0 0     0.0 0     0.0 0   -31.3 0   -31.3 0     0.8 0    91.8 0     0.0 0   119.6 0   977.8 0
 2026  10  1 10 11 27 11.450 102.78    -0.5 0    -0.1 0     0.1 0     0.0 0   268.2 0   273.149 0   273.013 0   300.0 0   272.497 0   272.616 0     0.0 0     0.0 0     0.0 0   -31.7 0   -31.7 0     0.8 0    91.9 0     0.5 0   103.5 0   977.7 0
 2026  10  1 10 11 28 11.467 102.60    -0.7 0    -0.1 0     0.0 0     0.0 0   267.4 0   273.160 0   273.034 0   299.9 0   272.497 0   272.619 0     0.0 0     0.0 0     0.0 0   -32.5 0   -32.5 0     0.9 0    91.9 0     0.5 0    92.6 0   977.7 0
 2026  10  1 10 11 29 11.483 102.42    -0.1 0    -0.1 0     0.1 0    -0.1 0   265.7 0   273.145 0   272.819 0   299.7 0   272.499 0   272.618 0     0.0 0     0.0 0     0.0 0   -34.0 0   -34.0 0     0.9 0    91.8 0     0.5 0    82.7 0   977.7 0
 2026  10  1 10 11 30 11.500 102.24     0.2 0    -0.1 0     0.2 0     0.0 0   265.6 0   273.066 0   272.709 0   299.7 0   272.501 0   272.613 0     0.0 0     0.0 0     0.0 0   -34.1 0   -34.1 0     0.9 0    91.7 0     0.7 0    80.1 0   977.6 0
 2026  10  1 10 11 31 11.517 102.06     0.1 0    -0.1 0     0.2 0     0.0 0   265.5 0   272.989 0   272.672 0   299.4 0   272.502 0   272.612 0     0.0 0     0.0 0     0.0 0   -34.0 0   -34.0 0     0.8 0    91.6 0     0.8 0    70.5 0   977.6 0
 2026  10  1 10 11 32 11.533 101.88     0.0 0     0.0 0     0.1 0     0.1 0   265.6 0   272.927 0   272.621 0   299.4 0   272.499 0   272.600 0     0.0 0     0.0 0     0.0 0   -33.7 0   -33.7 0     0.8 0    91.4 0     0.8 0    60.1 0   977.6 0
 2026  10  1 10 11 33 11.550 101.70     0.0 0    -0.1 0     0.1 0     0.0 0   266.3 0   272.870 0   272.574 0   299.7 0   272.493 0   272.599 0     0.0 0     0.0 0     0.0 0   -33.4 0   -33.4 0     0.7 0    91.5 0     0.7 0    59.2 0   977.6 0
 2026  10  1 10 11 34 11.567 101.52    -0.2 0    -0.2 0     0.1 0     0.0 0   267.4 0   272.826 0   272.599 0   300.0 0   272.491 0   272.603 0     0.0 0     0.0 0     0.0 0   -32.6 0   -32.6 0     0.7 0    91.6 0     0.7 0    52.9 0   977.6 0
 2026  10  1 10 11 35 11.583 101.34    -0.6 0    -0.2 0     0.0 0     0.0 0   268.2 0   272.811 0   272.637 0   299.7 0   272.493 0   272.608 0     0.0 0     0.0 0     0.0 0   -31.4 0   -31.4 0     0.7 0    91.7 0     0.5 0    51.1 0   977.6 0
 2026  10  1 10 11 36 11.600 101.16    -0.7 0    -0.2 0    -0.1 0     0.0 0   269.2 0   272.808 0   272.656 0   299.8 0   272.494 0   272.610 0     0.0 0     0.0 0     0.0 0   -30.6 0   -30.6 0     0.7 0    91.7 0     0.8 0    51.6 0   977.6 0
 2026  10  1 10 11 37 11.617 100.98    -0.7 0    -0.3 0    -0.1 0     0.0 0   269.8 0   272.814 0   272.650 0   300.0 0   272.497 0   272.615 0     0.0 0     0.0 0     0.0 0   -30.2 0   -30.2 0     0.7 0    91.7 0     1.0 0    43.8 0   977.5 0
 2026  10  1 10 11 38 11.633 100.80    -0.5 0    -0.3 0     0.0 0     0.0 0   270.7 0   272.807 0   272.619 0   300.4 0   272.503 0   272.624 0     0.0 0     0.0 0     0.0 0   -29.7 0   -29.7 0     0.7 0    91.7 0     1.3 0    43.0 0   977.5 0
 2026  10  1 10 11 39 11.650 100.63    -0.6 0    -0.5 0    -0.1 0     0.0 0   271.8 0   272.794 0   272.639 0   300.8 0   272.513 0   272.642 0     0.0 0     0.0 0     0.0 0   -29.0 0   -29.0 0     0.7 0    91.7 0     1.6 0    42.3 0   977.4 0
 2026  10  1 10 11 40 11.667 100.45    -0.7 0    -0.5 0    -0.2 0     0.1 0   272.5 0   272.796 0   272.707 0   301.3 0   272.527 0   272.653 0     0.0 0     0.0 0     0.0 0   -28.8 0   -28.8 0     0.7 0    91.6 0     1.8 0    43.0 0   977.3 0
 2026  10  1 10 11 41 11.683 100.27    -1.1 0    -0.4 0    -0.4 0     0.0 0   272.8 0   272.825 0   272.811 0   301.7 0   272.538 0   272.658 0     0.0 0     0.0 0     0.0 0   -28.9 0   -28.9 0     0.6 0    91.4 0     1.7 0    52.6 0   977.4 0
 2026  10  1 10 11 42 11.700 100.09    -1.5 0    -0.3 0    -0.5 0     0.0 0   272.9 0   272.878 0   272.871 0   302.0 0   272.545 0   272.657 0     0.0 0     0.0 0     0.0 0   -29.1 0   -29.1 0     0.6 0    91.3 0     1.1 0    58.4 0   977.4 0
 2026  10  1 10 11 43 11.717  99.92    -1.4 0    -0.2 0    -0.4 0     0.0 0   272.4 0   272.928 0   272.844 0   302.0 0   272.546 0   272.653 0     0.0 0     0.0 0     0.0 0   -29.6 0   -29.6 0     0.5 0    91.3 0     0.8 0    77.1 0   977.5 0
 2026  10  1 10 11 44 11.733  99.74    -0.6 0    -0.1 0     0.0 0    -0.1 0   271.4 0   272.914 0   272.581 0   301.5 0   272.543 0   272.646 0     0.0 0     0.0 0     0.0 0   -30.1 0   -30.1 0     0.4 0    91.3 0     0.8 0    89.3 0   977.5 0
 2026  10  1 10 11 45 11.750  99.56    -0.3 0    -0.1 0     0.2 0    -0.1 0   271.9 0   272.833 0   272.511 0   301.3 0   272.536 0   272.631 0     0.0 0     0.0 0     0.0 0   -29.4 0   -29.4 0     0.3 0    91.2 0     0.4 0   102.2 0   977.6 0
 2026  10  1 10 11 46 11.767  99.38    -0.3 0     0.1 0     0.2 0     0.0 0   272.2 0   272.760 0   272.458 0   301.3 0   272.518 0   272.600 0     0.0 0     0.0 0     0.0 0   -29.0 0   -29.0 0     0.2 0    90.8 0     0.9 0   160.0 0   977.6 0
 2026  10  1 10 11 47 11.783  99.21    -0.4 0     0.0 0     0.1 0     0.0 0   273.3 0   272.700 0   272.459 0   301.9 0   272.494 0   272.587 0     0.0 0     0.0 0     0.0 0   -28.6 0   -28.6 0     0.1 0    90.9 0     1.3 0   183.5 0   977.7 0
 2026  10  1 10 11 48 11.800  99.03    -0.5 0    -0.3 0     0.0 0     0.0 0   274.1 0   272.668 0   272.446 0   302.6 0   272.483 0   272.602 0     0.0 0     0.0 0     0.0 0   -28.4 0   -28.4 0     0.1 0    91.6 0     1.5 0   191.3 0   977.7 0
 2026  10  1 10 11 49 11.817  98.85    -0.5 0    -0.6 0     0.0 0     0.0 0   275.2 0   272.637 0   272.399 0   302.9 0   272.488 0   272.620 0     0.0 0     0.0 0     0.0 0   -27.7 0   -27.7 0     0.3 0    92.2 0     1.3 0   190.3 0   977.7 0
 2026  10  1 10 11 50 11.833  98.68    -0.5 0    -0.6 0     0.0 0     0.0 0   276.3 0   272.607 0   272.416 0   302.9 0   272.504 0   272.639 0     0.0 0     0.0 0     0.0 0   -26.6 0   -26.6 0     0.4 0    92.3 0     1.0 0   196.3 0   977.7 0
 2026  10  1 10 11 51 11.850  98.50    -0.6 0    -0.4 0     0.0 0     0.0 0   277.1 0   272.588 0   272.441 0   302.8 0   272.520 0   272.652 0     0.0 0     0.0 0     0.0 0   -25.8 0   -25.8 0     0.6 0    92.4 0     0.6 0   202.3 0   977.6 0
 2026  10  1 10 11 52 11.867  98.32    -0.8 0    -0.3 0    -0.1 0     0.0 0   277.2 0   272.592 0   272.553 0   302.9 0   272.534 0   272.668 0     0.0 0     0.0 0     0.0 0   -25.7 0   -25.7 0     0.7 0    92.3 0     0.5 0   185.2 0   977.6 0
 2026  10  1 10 11 53 11.883  98.15    -1.4 0    -0.3 0    -0.2 0     0.0 0   276.4 0   272.640 0   272.678 0   303.2 0   272.551 0   272.698 0     0.0 0     0.0 0     0.0 0   -26.8 0   -26.8 0     0.8 0    92.3 0     0.2 0   103.5 0   977.5 0
 2026  10  1 10 11 54 11.900  97.97    -1.3 0    -0.1 0    -0.1 0     0.0 0   275.8 0   272.692 0   272.661 0   302.9 0   272.565 0   272.701 0     0.0 0     0.0 0     0.0 0   -27.1 0   -27.1 0     0.8 0    92.2 0     0.0 0    56.2 0   977.5 0
 2026  10  1 10 11 55 11.917  97.80    -1.4 0     0.1 0    -0.2 0     0.0 0   275.3 0   272.734 0   272.764 0   303.4 0   272.570 0   272.706 0     0.0 0     0.0 0     0.0 0   -28.1 0   -28.1 0     0.9 0    92.0 0     0.0 0     0.0 0   977.5 0
 2026  10  1 10 11 56 11.933  97.62    -1.9 0     0.0 0    -0.4 0     0.0 0   274.8 0   272.802 0   272.895 0   303.9 0   272.576 0   272.724 0     0.0 0     0.0 0     0.0 0   -29.1 0   -29.1 0     0.9 0    92.0 0     0.1 0     3.0 0   977.6 0
 2026  10  1 10 11 57 11.950  97.45    -2.4 0    -0.1 0    -0.6 0     0.0 0   274.9 0   272.900 0   273.052 0   304.4 0   272.589 0   272.745 0     0.0 0     0.0 0     0.0 0   -29.5 0   -29.5 0     0.9 0    92.1 0     0.2 0    23.5 0   977.6 0
 2026  10  1 10 11 58 11.967  97.27    -2.7 0    -0.1 0    -0.6 0     0.0 0   275.3 0   273.018 0   273.144 0   304.1 0   272.604 0   272.760 0     0.0 0     0.0 0     0.0 0   -28.8 0   -28.8 0     0.9 0    92.0 0     0.4 0     0.3 0   977.6 0
 2026  10  1 10 11 59 11.983  97.10    -2.4 0     0.0 0    -0.4 0     0.0 0   275.7 0   273.103 0   273.112 0   304.3 0   272.614 0   272.758 0     0.0 0     0.0 0     0.0 0   -28.7 0   -28.7 0     0.9 0    91.7 0     0.6 0     3.3 0   977.7 0
 2026  10  1 10 12  0 12.000  96.92    -2.3 0    -0.2 0    -0.4 0     0.0 0   275.3 0   273.162 0   273.223 0   304.9 0   272.628 0   272.788 0     0.0 0     0.0 0     0.0 0   -29.6 0   -29.6 0     0.9 0    91.9 0     1.3 0    12.9 0   977.6 0
 2026  10  1 10 12  1 12.017  96.75    -2.1 0    -0.2 0    -0.3 0     0.0 0   274.5 0   273.222 0   273.203 0   305.1 0   272.649 0   272.807 0     0.0 0     0.0 0     0.0 0   -30.7 0   -30.7 0     0.9 0    91.7 0     1.2 0     6.9 0   977.6 0
 2026  10  1 10 12  2 12.033  96.57    -2.3 0    -0.4 0    -0.3 0     0.0 0   274.3 0   273.275 0   273.308 0   305.3 0   272.677 0   272.865 0     0.0 0     0.0 0     0.0 0   -31.0 0   -31.0 0     1.0 0    91.8 0     1.2 0    12.3 0   977.7 0
 2026  10  1 10 12  3 12.050  96.40    -2.0 0    -0.4 0    -0.2 0     0.0 0   275.0 0   273.324 0   273.253 0   305.2 0   272.707 0   272.878 0     0.0 0     0.0 0     0.0 0   -30.2 0   -30.2 0     1.0 0    91.7 0     1.2 0     6.0 0   977.7 0
 2026  10  1 10 12  4 12.067  96.23    -1.7 0    -0.4 0    -0.1 0     0.1 0   276.9 0   273.349 0   273.318 0   305.4 0   272.733 0   272.899 0     0.0 0     0.0 0     0.0 0   -28.4 0   -28.4 0     1.1 0    91.6 0     1.2 0    24.3 0   977.7 0
 2026  10  1 10 12  5 12.083  96.05    -1.5 0    -0.2 0    -0.1 0     0.0 0   277.5 0   273.386 0   273.286 0   304.9 0   272.758 0   272.917 0     0.0 0     0.0 0     0.0 0   -27.4 0   -27.4 0     1.1 0    91.4 0     1.2 0    17.9 0   977.6 0
 2026  10  1 10 12  6 12.100  95.88    -0.9 0    -0.2 0     0.1 0     0.0 0   278.9 0   273.378 0   273.167 0   304.5 0   272.777 0   272.922 0     0.0 0     0.0 0     0.0 0   -25.6 0   -25.6 0     1.1 0    91.2 0     1.3 0    13.5 0   977.6 0
 2026  10  1 10 12  7 12.117  95.71    -0.7 0    -0.1 0     0.2 0     0.0 0   280.8 0   273.341 0   273.111 0   304.4 0   272.790 0   272.923 0     0.0 0     0.0 0     0.0 0   -23.6 0   -23.5 0     1.0 0    91.0 0     1.3 0    12.9 0   977.6 0
 2026  10  1 10 12  8 12.133  95.53    -0.4 0     0.0 0     0.3 0     0.0 0   282.7 0   273.298 0   273.050 0   304.3 0   272.797 0   272.918 0     0.0 0     0.0 0     0.0 0   -21.6 0   -21.6 0     0.9 0    90.8 0     1.3 0    15.9 0   977.6 0
 2026  10  1 10 12  9 12.150  95.36    -0.3 0     0.1 0     0.3 0     0.0 0   285.1 0   273.243 0   272.970 0   304.3 0   272.798 0   272.914 0     0.0 0     0.0 0     0.0 0   -19.2 0   -19.2 0     0.8 0    90.7 0     1.4 0    12.6 0   977.6 0
 2026  10  1 10 12 10 12.167  95.19    -0.3 0     0.3 0     0.3 0     0.0 0   287.3 0   273.185 0   272.949 0   303.9 0   272.790 0   272.865 0     0.0 0     0.0 0     0.0 0   -16.6 0   -16.6 0     0.7 0    90.3 0     1.1 0   357.0 0   977.6 0
 2026  10  1 10 12 11 12.183  95.02    -0.6 0     0.5 0     0.2 0     0.0 0   289.6 0   273.146 0   272.973 0   304.6 0   272.758 0   272.817 0     0.0 0     0.0 0     0.0 0   -15.0 0   -15.0 0     0.4 0    89.8 0     0.9 0    32.2 0   977.6 0
 2026  10  1 10 12 12 12.200  94.84    -0.7 0     0.3 0     0.1 0     0.0 0   291.4 0   273.132 0   273.018 0   305.1 0   272.726 0   272.817 0     0.0 0     0.0 0     0.0 0   -13.7 0   -13.7 0     0.2 0    90.3 0     0.6 0    86.6 0   977.5 0
 2026  10  1 10 12 13 12.217  94.67    -0.7 0     0.1 0     0.0 0     0.0 0   292.3 0   273.132 0   272.992 0   305.0 0   272.704 0   272.799 0     0.0 0     0.0 0     0.0 0   -12.7 0   -12.7 0     0.2 0    90.4 0     0.8 0   106.8 0   977.5 0
 2026  10  1 10 12 14 12.233  94.50    -0.4 0     0.1 0     0.1 0     0.0 0   293.3 0   273.114 0   272.913 0   305.2 0   272.680 0   272.778 0     0.0 0     0.0 0     0.0 0   -12.0 0   -12.0 0     0.1 0    90.6 0     1.5 0    87.3 0   977.5 0
 2026  10  1 10 12 15 12.250  94.33    -0.2 0    -0.1 0     0.1 0     0.0 0   294.5 0   273.077 0   272.872 0   305.7 0   272.663 0   272.784 0     0.0 0     0.0 0     0.0 0   -11.2 0   -11.2 0     0.2 0    91.2 0     1.8 0    83.8 0   977.5 0
 2026  10  1 10 12 16 12.267  94.16    -0.4 0    -0.3 0     0.0 0     0.1 0   295.8 0   273.054 0   272.957 0   306.2 0   272.659 0   272.791 0     0.0 0     0.1 0     0.1 0   -10.5 0   -10.4 0     0.3 0    91.5 0     1.9 0    76.6 0   977.5 0
 2026  10  1 10 12 17 12.283  93.99    -0.8 0    -0.3 0    -0.1 0     0.1 0   297.1 0   273.062 0   273.005 0   306.8 0   272.665 0   272.803 0     0.0 0     0.1 0     0.1 0    -9.7 0    -9.6 0     0.4 0    91.6 0     1.7 0    63.1 0   977.4 0
 2026  10  1 10 12 18 12.300  93.82    -0.8 0    -0.2 0    -0.1 0     0.1 0   299.0 0   273.079 0   273.030 0   307.0 0   272.670 0   272.799 0     0.0 0     0.1 0     0.1 0    -8.0 0    -7.9 0     0.4 0    91.3 0     1.8 0    61.4 0   977.4 0
 2026  10  1 10 12 19 12.317  93.65    -0.8 0    -0.1 0    -0.1 0     0.1 0   301.4 0   273.095 0   273.066 0   307.2 0   272.671 0   272.800 0     0.0 0     0.1 0     0.1 0    -5.8 0    -5.6 0     0.4 0    91.2 0     1.5 0    54.0 0   977.3 0
 2026  10  1 10 12 20 12.333  93.48    -0.8 0    -0.1 0    -0.1 0     0.2 0   303.6 0   273.114 0   273.084 0   307.4 0   272.672 0   272.798 0     0.0 0     0.1 0     0.2 0    -3.8 0    -3.6 0     0.4 0    91.2 0     1.5 0    56.1 0   977.3 0
 2026  10  1 10 12 21 12.350  93.31    -0.8 0     0.0 0    -0.1 0     0.2 0   304.5 0   273.132 0   273.104 0   307.5 0   272.671 0   272.795 0     0.0 0     0.1 0     0.2 0    -3.0 0    -2.8 0     0.4 0    91.0 0     1.4 0    55.6 0   977.3 0
 2026  10  1 10 12 22 12.367  93.14    -0.7 0     0.1 0    -0.1 0     0.3 0   304.2 0   273.148 0   273.112 0   307.5 0   272.666 0   272.784 0     0.0 0     0.1 0     0.2 0    -3.3 0    -3.1 0     0.3 0    90.9 0     1.5 0    61.8 0   977.2 0
 2026  10  1 10 12 23 12.383  92.97    -0.7 0     0.1 0    -0.1 0     0.3 0   302.9 0   273.162 0   273.130 0   307.6 0   272.658 0   272.776 0     0.0 0     0.2 0     0.2 0    -4.7 0    -4.5 0     0.3 0    90.8 0     1.5 0    60.6 0   977.1 0
 2026  10  1 10 12 24 12.400  92.80    -0.6 0     0.2 0    -0.1 0     0.4 0   300.5 0   273.180 0   273.149 0   307.6 0   272.648 0   272.766 0     0.0 0     0.2 0     0.3 0    -7.2 0    -6.9 0     0.2 0    90.8 0     1.5 0    52.6 0   977.0 0
 2026  10  1 10 12 25 12.417  92.63    -0.4 0     0.2 0    -0.1 0     0.5 0   297.5 0   273.196 0   273.137 0   307.5 0   272.638 0   272.756 0     0.0 0     0.3 0     0.3 0   -10.0 0    -9.7 0     0.2 0    90.8 0     1.3 0    49.3 0   977.0 0
 2026  10  1 10 12 26 12.433  92.46    -0.2 0     0.2 0     0.0 0     0.6 0   294.9 0   273.206 0   273.145 0   307.3 0   272.627 0   272.743 0     0.0 0     0.4 0     0.4 0   -12.4 0   -12.0 0     0.1 0    90.8 0     1.0 0    54.0 0   977.0 0
 2026  10  1 10 12 27 12.450  92.29     0.0 0     0.3 0     0.0 0     0.8 0   292.7 0   273.218 0   273.146 0   307.0 0   272.615 0   272.731 0     0.0 0     0.4 0     0.5 0   -14.3 0   -13.8 0     0.1 0    90.9 0     0.7 0    55.5 0   977.1 0
 2026  10  1 10 12 28 12.467  92.12     0.2 0     0.3 0     0.0 0     0.9 0   290.6 0   273.230 0   273.163 0   306.7 0   272.603 0   272.718 0     0.0 0     0.5 0     0.7 0   -16.1 0   -15.4 0     0.1 0    90.9 0     0.8 0    63.4 0   977.0 0
 2026  10  1 10 12 29 12.483  91.96     0.4 0     0.3 0     0.0 0     1.1 0   288.7 0   273.245 0   273.166 0   306.5 0   272.590 0   272.706 0     0.0 0     0.6 0     0.9 0   -17.8 0   -16.9 0     0.1 0    90.9 0     0.3 0    69.3 0   977.1 0
 2026  10  1 10 12 30 12.500  91.79     0.5 0     0.2 0    -0.1 0     1.3 0   287.6 0   273.255 0   273.163 0   306.2 0   272.579 0   272.697 0     0.0 0     0.7 0     1.1 0   -18.6 0   -17.6 0     0.1 0    91.0 0     0.0 0     0.0 0   977.1 0
 2026  10  1 10 12 31 12.517  91.62     0.6 0     0.2 0    -0.1 0     1.4 0   288.0 0   273.263 0   273.174 0   306.1 0   272.569 0   272.689 0     0.0 0     0.8 0     1.2 0   -18.1 0   -16.8 0     0.0 0    91.0 0     0.0 0     0.0 0   977.1 0
 2026  10  1 10 12 32 12.533  91.45     0.7 0     0.2 0     0.0 0     1.6 0   289.2 0   273.270 0   273.183 0   306.1 0   272.560 0   272.680 0     0.0 0     0.9 0     1.4 0   -16.8 0   -15.5 0     0.1 0    91.1 0     0.0 0     0.0 0   977.1 0
 2026  10  1 10 12 33 12.550  91.29     0.8 0     0.2 0     0.0 0     1.7 0   290.3 0   273.277 0   273.190 0   306.1 0   272.550 0   272.672 0     0.0 0     0.9 0     1.4 0   -15.7 0   -14.3 0     0.1 0    91.1 0     0.0 0     0.0 0   977.1 0
 2026  10  1 10 12 34 12.567  91.12     0.9 0     0.2 0     0.0 0     1.7 0   290.9 0   273.282 0   273.189 0   306.1 0   272.541 0   272.664 0     0.0 0     1.0 0     1.5 0   -15.2 0   -13.7 0     0.1 0    91.2 0     0.0 0     0.0 0   977.1 0
 2026  10  1 10 12 35 12.583  90.95     1.1 0     0.2 0     0.1 0     1.9 0   290.3 0   273.283 0   273.176 0   306.0 0   272.531 0   272.654 0     0.0 0     1.1 0     1.6 0   -15.7 0   -14.1 0     0.1 0    91.2 0     0.0 0     0.0 0   977.2 0
 2026  10  1 10 12 36 12.600  90.79     1.3 0     0.3 0     0.1 0     2.0 0   289.5 0   273.280 0   273.174 0   305.9 0   272.522 0   272.644 0     0.0 0     1.2 0     1.7 0   -16.4 0   -14.7 0     0.1 0    91.2 0     0.0 0     0.0 0   977.2 0
 2026  10  1 10 12 37 12.617  89.90     1.4 0     0.3 0     0.1 0     2.2 0   289.3 0   273.277 0   273.173 0   306.0 0   272.513 0   272.637 0     0.1 0     1.3 0     1.9 0   -16.7 0   -14.9 0     0.1 0    91.2 0     0.0 0     0.0 0   977.2 0
 2026  10  1 10 12 38 12.633  89.78     1.5 0     0.3 0     0.1 0     2.3 0   289.9 0   273.277 0   273.187 0   306.0 0   272.505 0   272.631 0     0.2 0     1.3 0     2.0 0   -16.1 0   -14.1 0     0.2 0    91.2 0     0.0 0     0.0 0   977.2 0
 2026  10  1 10 12 39 12.650  89.66     1.6 0     0.3 0     0.1 0     2.4 0   290.9 0   273.281 0   273.199 0   306.0 0   272.498 0   272.623 0     0.2 0     1.4 0     2.1 0   -15.2 0   -13.1 0     0.2 0    91.2 0     0.0 0     0.0 0   977.3 0
 2026  10  1 10 12 40 12.667  89.54     1.7 0     0.4 0     0.1 0     2.5 0   291.9 0   273.288 0   273.233 0   306.1 0   272.491 0   272.618 0     0.2 0     1.5 0     2.2 0   -14.3 0   -12.1 0     0.2 0    91.3 0     0.0 0     0.0 0   977.3 0
 2026  10  1 10 12 41 12.683  89.41     1.7 0     0.4 0     0.1 0     2.6 0   293.0 0   273.307 0   273.270 0   306.2 0   272.485 0   272.614 0     0.2 0     1.5 0     2.3 0   -13.3 0   -11.0 0     0.2 0    91.3 0     0.0 0     0.0 0   977.3 0
 2026  10  1 10 12 42 12.700  89.27     1.7 0     0.3 0     0.0 0     2.7 0   294.3 0   273.330 0   273.302 0   306.4 0   272.481 0   272.614 0     0.2 0     1.5 0     2.4 0   -12.2 0    -9.8 0     0.3 0    91.4 0     0.0 0     0.0 0   977.3 0
 2026  10  1 10 12 43 12.717  89.14     1.7 0     0.3 0     0.0 0     2.7 0   295.7 0   273.355 0   273.335 0   306.6 0   272.479 0   272.616 0     0.2 0     1.5 0     2.4 0   -10.9 0    -8.5 0     0.3 0    91.5 0     0.6 0    36.5 0   977.2 0
 2026  10  1 10 12 44 12.733  89.00     1.7 0     0.3 0     0.0 0     2.8 0   297.0 0   273.384 0   273.373 0   306.9 0   272.482 0   272.619 0     0.2 0     1.5 0     2.5 0    -9.9 0    -7.5 0     0.4 0    91.5 0     1.0 0    45.5 0   977.1 0
 2026  10  1 10 12 45 12.750  88.86     1.9 0     0.3 0     0.0 0     2.9 0   298.1 0   273.416 0   273.412 0   307.1 0   272.488 0   272.628 0     0.2 0     1.6 0     2.6 0    -9.0 0    -6.4 0     0.4 0    91.5 0     1.3 0    47.5 0   977.1 0
 2026  10  1 10 12 46 12.767  88.72     2.3 0     0.4 0     0.0 0     3.3 0   299.3 0   273.451 0   273.443 0   307.3 0   272.498 0   272.641 0     0.2 0     1.7 0     2.9 0    -8.0 0    -5.1 0     0.4 0    91.3 0     1.5 0    44.7 0   977.0 0
 2026  10  1 10 12 47 12.783  88.58     2.8 0     0.5 0     0.0 0     3.8 0   300.8 0   273.483 0   273.452 0   307.6 0   272.509 0   272.654 0     0.2 0     1.9 0     3.3 0    -6.8 0    -3.5 0     0.4 0    91.2 0     1.6 0    39.3 0   976.9 0
 2026  10  1 10 12 48 12.800  88.44     3.4 0     0.7 0     0.0 0     4.3 0   302.7 0   273.505 0   273.454 0   307.8 0   272.521 0   272.665 0     0.2 0     2.1 0     3.6 0    -5.2 0    -1.5 0     0.4 0    91.2 0     1.7 0    38.6 0   976.9 0
 2026  10  1 10 12 49 12.817  88.29     3.7 0     0.7 0     0.1 0     4.5 0   305.9 0   273.519 0   273.479 0   308.1 0   272.533 0   272.675 0     0.2 0     2.1 0     3.8 0    -2.1 0     1.6 0     0.4 0    91.2 0     1.3 0    40.0 0   976.9 0
 2026  10  1 10 12 50 12.833  88.15     3.6 0     0.7 0     0.0 0     4.4 0   311.1 0   273.530 0   273.493 0   308.5 0   272.543 0   272.683 0     0.3 0     2.1 0     3.7 0     0.0 0     3.7 0     0.4 0    91.2 0     0.9 0    47.7 0   977.0 0
 2026  10  1 10 12 51 12.850  88.00     3.4 0     0.7 0     0.0 0     4.2 0   316.7 0   273.538 0   273.522 0   309.1 0   272.552 0   272.696 0     0.3 0     2.0 0     3.5 0     0.0 0     3.5 0     0.4 0    91.2 0     0.9 0    58.4 0   977.0 0
 2026  10  1 10 12 52 12.867  87.85     3.3 0     0.6 0     0.0 0     4.0 0   320.7 0   273.552 0   273.552 0   309.6 0   272.564 0   272.712 0     0.3 0     2.0 0     3.4 0     0.0 0     3.4 0     0.5 0    91.2 0     1.1 0    46.4 0   977.0 0
 2026  10  1 10 12 53 12.883  87.70     3.2 0     0.6 0     0.0 0     3.9 0   323.4 0   273.568 0   273.578 0   310.0 0   272.577 0   272.727 0     0.3 0     2.0 0     3.3 0     0.0 0     3.3 0     0.5 0    91.2 0     1.0 0    47.2 0   977.0 0
 2026  10  1 10 12 54 12.900  87.55     3.3 0     0.6 0     0.0 0     4.0 0   325.3 0   273.588 0   273.620 0   310.4 0   272.591 0   272.741 0     0.3 0     2.0 0     3.4 0     0.0 0     3.4 0     0.5 0    91.1 0     0.8 0    40.4 0   977.0 0
 2026  10  1 10 12 55 12.917  87.40     3.8 0     0.8 0     0.0 0     4.2 0   325.8 0   273.606 0   273.577 0   310.6 0   272.604 0   272.755 0     0.3 0     2.1 0     3.5 0     0.0 0     3.5 0     0.5 0    91.2 0     0.7 0    48.3 0   977.0 0
 2026  10  1 10 12 56 12.933  87.25     4.4 0     1.0 0     0.1 0     4.8 0   326.1 0   273.604 0   273.582 0   310.7 0   272.615 0   272.758 0     0.3 0     2.4 0     3.8 0     0.0 0     3.8 0     0.5 0    91.1 0     0.3 0    53.6 0   977.1 0
 2026  10  1 10 12 57 12.950  87.10     5.1 0     1.1 0     0.1 0     5.4 0   325.7 0   273.608 0   273.598 0   310.9 0   272.623 0   272.763 0     0.4 0     2.7 0     4.3 0     0.0 0     4.3 0     0.5 0    91.1 0     0.0 0     0.0 0   977.1 0
 2026  10  1 10 12 58 12.967  86.95     5.6 0     1.2 0     0.1 0     5.9 0   324.7 0   273.610 0   273.587 0   311.1 0   272.630 0   272.769 0     0.4 0     2.9 0     4.7 0     0.0 0     4.7 0     0.6 0    91.1 0     0.0 0     0.0 0   977.1 0
 2026  10  1 10 12 59 12.983  86.80     5.9 0     1.2 0     0.1 0     6.2 0   322.4 0   273.611 0   273.591 0   311.3 0   272.637 0   272.776 0     0.5 0     3.2 0     5.0 0     0.0 0     5.0 0     0.6 0    91.0 0     0.1 0    13.9 0   977.1 0
 2026  10  1 10 13  0 13.000  86.65     6.1 0     1.2 0     0.1 0     6.5 0   321.1 0   273.612 0   273.590 0   311.6 0   272.645 0   272.797 0     0.6 0     3.3 0     5.3 0     0.0 0     5.3 0     0.6 0    91.1 0     0.6 0     3.3 0   977.1 0
 2026  10  1 10 13  1 13.017  86.50     6.9 0     1.3 0     0.1 0     7.2 0   322.0 0   273.614 0   273.611 0   311.8 0   272.660 0   272.815 0     0.6 0     3.6 0     5.9 0     0.0 0     5.9 0     0.6 0    91.1 0     0.4 0   358.3 0   977.0 0
 2026  10  1 10 13  2 13.033  86.34     8.6 0     1.8 0     0.1 0     8.8 0   322.0 0   273.627 0   273.676 0   311.9 0   272.675 0   272.826 0     0.7 0     4.3 0     7.1 0     0.0 0     7.1 0     0.7 0    91.1 0     0.1 0     2.7 0   977.0 0
 2026  10  1 10 13  3 13.050  86.19    10.9 0     2.4 0     0.1 0    11.1 0   319.1 0   273.658 0   273.711 0   312.0 0   272.689 0   272.838 0     0.8 0     5.2 0     8.7 0     0.0 0     8.7 0     0.7 0    91.1 0     0.0 0     0.0 0   977.0 0
 2026  10  1 10 13  4 13.067  86.04    12.0 0     2.7 0     0.1 0    12.2 0   315.9 0   273.685 0   273.711 0   312.1 0   272.701 0   272.847 0     0.9 0     5.7 0     9.6 0     0.0 0     9.6 0     0.7 0    91.0 0     0.0 0     0.0 0   977.1 0
 2026  10  1 10 13  5 13.083  85.89    11.1 0     2.4 0     0.1 0    11.6 0   317.5 0   273.710 0   273.741 0   312.2 0   272.712 0   272.861 0     0.9 0     5.3 0     9.2 0     0.0 0     9.2 0     0.8 0    91.0 0     0.0 0     0.0 0   977.3 0
 2026  10  1 10 13  6 13.100  85.73     9.0 0     1.9 0     0.1 0     9.7 0   321.8 0   273.732 0   273.744 0   312.4 0   272.724 0   272.873 0     0.8 0     4.6 0     7.8 0     0.0 0     7.8 0     0.8 0    91.0 0     0.0 0     0.0 0   977.4 0
 2026  10  1 10 13  7 13.117  85.58     7.6 0     1.6 0     0.1 0     8.3 0   325.0 0   273.749 0   273.777 0   312.5 0   272.737 0   272.890 0     0.8 0     4.1 0     6.8 0     0.0 0     6.8 0     0.8 0    91.0 0     0.0 0     0.0 0   977.4 0
 2026  10  1 10 13  8 13.133  85.43     7.5 0     1.5 0     0.1 0     8.0 0   326.3 0   273.763 0   273.781 0   312.6 0   272.752 0   272.906 0     0.8 0     4.0 0     6.6 0     0.0 0     6.6 0     0.8 0    90.9 0     0.3 0   337.4 0   977.4 0
 2026  10  1 10 13  9 13.150  85.28     8.5 0     1.7 0     0.1 0     9.0 0   326.3 0   273.776 0   273.811 0   312.8 0   272.768 0   272.923 0     0.9 0     4.5 0     7.3 0     0.0 0     7.3 0     0.9 0    90.9 0     0.1 0   339.8 0   977.4 0
 2026  10  1 10 13 10 13.167  85.13     9.8 0     2.0 0     0.1 0    10.3 0   326.7 0   273.801 0   273.889 0   312.8 0   272.785 0   272.937 0     0.9 0     5.0 0     8.3 0     0.0 0     8.3 0     0.9 0    90.9 0     0.0 0     0.0 0   977.4 0
 2026  10  1 10 13 11 13.183  84.97    10.6 0     2.2 0     0.1 0    11.0 0   327.2 0   273.840 0   273.928 0   312.9 0   272.801 0   272.953 0     0.9 0     5.3 0     8.8 0     0.0 0     8.8 0     0.9 0    90.9 0     0.3 0    58.8 0   977.5 0
 2026  10  1 10 13 12 13.200  84.82    11.7 0     2.5 0     0.1 0    12.1 0   325.3 0   273.877 0   273.948 0   313.1 0   272.817 0   272.976 0     1.0 0     5.8 0     9.6 0     0.0 0     9.6 0     1.0 0    90.9 0     0.0 0     0.0 0   977.5 0
 2026  10  1 10 13 13 13.217  84.67    13.2 0     2.7 0     0.1 0    13.6 0   323.3 0   273.909 0   273.986 0   313.1 0   272.837 0   272.997 0     1.2 0     6.5 0    10.9 0     0.0 0    10.9 0     1.0 0    90.8 0     0.2 0    36.1 0   977.5 0
 2026  10  1 10 13 14 13.233  84.52    14.7 0     3.0 0     0.1 0    15.1 0   324.6 0   273.944 0   274.027 0   313.1 0   272.856 0   273.016 0     1.3 0     7.1 0    12.1 0     0.0 0    12.1 0     1.0 0    90.8 0     0.1 0    34.7 0   977.5 0
 2026  10  1 10 13 15 13.250  84.37    15.7 0     3.2 0     0.1 0    16.0 0   326.3 0   273.979 0   274.042 0   313.2 0   272.876 0   273.033 0     1.4 0     7.5 0    12.8 0     0.0 0    12.8 0     1.0 0    90.7 0     0.1 0    83.5 0   977.5 0
 2026  10  1 10 13 16 13.267  84.22    15.6 0     3.2 0     0.2 0    15.9 0   327.4 0   274.002 0   274.025 0   313.2 0   272.894 0   273.051 0     1.3 0     7.4 0    12.8 0     0.0 0    12.8 0     1.0 0    90.7 0     0.0 0     0.0 0   977.5 0
 2026  10  1 10 13 17 13.283  84.07    14.6 0     2.9 0     0.2 0    15.0 0   327.8 0   274.016 0   274.023 0   313.2 0   272.912 0   273.067 0     1.3 0     7.0 0    12.1 0     0.0 0    12.1 0     1.1 0    90.6 0     0.1 0   165.3 0   977.6 0
 2026  10  1 10 13 18 13.300  83.92    14.6 0     2.8 0     0.2 0    14.9 0   326.9 0   274.026 0   274.022 0   313.3 0   272.931 0   273.087 0     1.4 0     7.1 0    12.1 0     0.0 0    12.1 0     1.0 0    90.4 0     0.6 0   169.7 0   977.6 0
 2026  10  1 10 13 19 13.317  83.76    16.5 0     3.1 0     0.2 0    16.6 0   323.6 0   274.033 0   274.014 0   313.3 0   272.952 0   273.111 0     1.6 0     8.0 0    13.5 0     0.0 0    13.5 0     1.0 0    90.5 0     0.7 0   162.3 0   977.6 0
 2026  10  1 10 13 20 13.333  83.61    19.0 0     3.5 0     0.1 0    18.9 0   318.8 0   274.040 0   274.018 0   313.3 0   272.974 0   273.132 0     1.8 0     9.1 0    15.4 0     0.0 0    15.4 0     1.0 0    90.4 0     0.9 0   154.4 0   977.6 0
 2026  10  1 10 13 21 13.350  83.46    20.8 0     4.0 0     0.1 0    20.8 0   316.9 0   274.049 0   274.041 0   313.4 0   272.995 0   273.153 0     1.9 0     9.8 0    16.8 0     0.0 0    16.8 0     1.0 0    90.4 0     0.9 0   145.0 0   977.6 0
 2026  10  1 10 13 22 13.367  83.31    22.2 0     4.3 0     0.1 0    22.2 0   316.0 0   274.063 0   274.079 0   313.5 0   273.017 0   273.177 0     2.0 0    10.5 0    17.9 0     0.0 0    17.9 0     1.0 0    90.4 0     0.9 0   139.4 0   977.6 0
 2026  10  1 10 13 23 13.383  83.16    23.3 0     4.5 0     0.0 0    23.4 0   313.2 0   274.087 0   274.124 0   313.5 0   273.039 0   273.199 0     2.1 0    11.0 0    18.8 0    -0.3 0    18.6 0     1.1 0    90.4 0     0.8 0   130.8 0   977.6 0
 2026  10  1 10 13 24 13.400  83.02    23.7 0     4.7 0     0.0 0    23.9 0   312.7 0   274.115 0   274.165 0   313.5 0   273.058 0   273.212 0     2.1 0    11.2 0    19.2 0    -0.8 0    18.3 0     1.1 0    90.3 0     0.5 0   112.0 0   977.5 0
 2026  10  1 10 13 25 13.417  82.87    24.6 0     5.0 0     0.0 0    24.7 0   307.2 0   274.146 0   274.200 0   313.5 0   273.074 0   273.228 0     2.3 0    11.6 0    19.7 0    -6.3 0    13.4 0     1.1 0    90.3 0     0.4 0   119.4 0   977.5 0
 2026  10  1 10 13 26 13.433  82.72    27.6 0     5.6 0     0.0 0    27.4 0   294.8 0   274.178 0   274.215 0   313.3 0   273.089 0   273.245 0     2.6 0    12.9 0    21.8 0   -18.6 0     3.3 0     1.1 0    90.2 0     0.7 0    88.3 0   977.4 0
 2026  10  1 10 13 27 13.450  82.57    31.2 0     6.3 0     0.0 0    31.0 0   288.8 0   274.208 0   274.218 0   313.2 0   273.105 0   273.261 0     2.8 0    14.4 0    24.7 0   -24.4 0     0.3 0     1.1 0    90.1 0     1.1 0    72.0 0   977.3 0
 2026  10  1 10 13 28 13.467  82.42    33.1 0     6.8 0     0.1 0    33.1 0   292.6 0   274.231 0   274.220 0   313.2 0   273.120 0   273.275 0     2.8 0    15.2 0    26.3 0   -20.6 0     5.7 0     1.1 0    90.1 0     1.4 0    69.0 0   977.3 0
 2026  10  1 10 13 29 13.483  82.27    32.3 0     6.7 0     0.1 0    32.6 0   298.8 0   274.248 0   274.238 0   313.3 0   273.133 0   273.288 0     2.8 0    15.0 0    26.0 0   -14.5 0    11.5 0     1.1 0    90.0 0     1.5 0    65.8 0   977.2 0
 2026  10  1 10 13 30 13.500  82.12    33.1 0     6.9 0     0.1 0    33.2 0   301.5 0   274.263 0   274.234 0   313.3 0   273.146 0   273.300 0     2.8 0    15.2 0    26.3 0   -11.9 0    14.5 0     1.1 0    89.9 0     2.1 0    60.8 0   977.1 0
 2026  10  1 10 13 31 13.517  81.98    36.2 0     7.6 0     0.1 0    36.1 0   299.3 0   274.275 0   274.232 0   313.3 0   273.158 0   273.314 0     2.9 0    16.5 0    28.5 0   -14.1 0    14.5 0     1.1 0    89.9 0     2.4 0    60.3 0   977.1 0
 2026  10  1 10 13 32 13.533  81.83    40.3 0     8.5 0     0.1 0    39.9 0   295.9 0   274.285 0   274.244 0   313.4 0   273.171 0   273.330 0     3.1 0    18.1 0    31.5 0   -17.5 0    14.0 0     1.1 0    89.9 0     2.5 0    61.1 0   977.1 0
 2026  10  1 10 13 33 13.550  81.68    44.7 0     9.4 0     0.1 0    44.1 0   292.3 0   274.293 0   274.254 0   313.4 0   273.186 0   273.347 0     3.3 0    19.9 0    34.8 0   -21.1 0    13.7 0     1.1 0    90.0 0     2.4 0    58.9 0   977.1 0
 2026  10  1 10 13 34 13.567  81.54    48.9 0    10.2 0     0.1 0    48.2 0   291.4 0   274.301 0   274.272 0   313.4 0   273.200 0   273.362 0     3.4 0    21.6 0    37.9 0   -22.1 0    15.9 0     1.1 0    89.9 0     2.2 0    56.2 0   977.1 0
 2026  10  1 10 13 35 13.583  81.39    50.6 0    10.6 0     0.1 0    50.1 0   294.0 0   274.311 0   274.293 0   313.5 0   273.214 0   273.378 0     3.4 0    22.4 0    39.5 0   -19.5 0    20.0 0     1.1 0    89.9 0     2.0 0    52.6 0   977.1 0
 2026  10  1 10 13 36 13.600  81.24    48.9 0    10.3 0     0.1 0    48.8 0   297.8 0   274.320 0   274.314 0   313.6 0   273.227 0   273.391 0     3.3 0    21.8 0    38.5 0   -15.8 0    22.7 0     1.1 0    89.9 0     1.8 0    44.7 0   977.2 0
 2026  10  1 10 13 37 13.617  81.10    46.7 0     9.9 0     0.1 0    46.7 0   300.1 0   274.329 0   274.332 0   313.8 0   273.241 0   273.409 0     3.2 0    21.0 0    36.9 0   -13.7 0    23.2 0     1.1 0    89.9 0     1.8 0    37.2 0   977.2 0
 2026  10  1 10 13 38 13.633  80.95    46.0 0     9.7 0     0.1 0    45.9 0   302.4 0   274.339 0   274.351 0   313.8 0   273.256 0   273.424 0     3.2 0    20.7 0    36.2 0   -11.4 0    24.8 0     1.1 0    89.9 0     1.9 0    30.8 0   977.2 0
 2026  10  1 10 13 39 13.650  80.81    45.0 0     9.5 0     0.1 0    45.0 0   304.9 0   274.350 0   274.363 0   313.9 0   273.270 0   273.436 0     3.2 0    20.3 0    35.6 0    -9.0 0    26.5 0     1.1 0    89.8 0     1.7 0    30.2 0   977.2 0
 2026  10  1 10 13 40 13.667  80.66    43.8 0     9.2 0     0.1 0    43.8 0   306.3 0   274.360 0   274.379 0   314.1 0   273.284 0   273.456 0     3.2 0    19.8 0    34.7 0    -7.8 0    26.8 0     1.1 0    90.0 0     1.2 0    33.2 0   977.2 0
 2026  10  1 10 13 41 13.683  80.52    42.5 0     8.9 0     0.1 0    42.6 0   307.1 0   274.372 0   274.407 0   314.3 0   273.300 0   273.475 0     3.1 0    19.3 0    33.7 0    -7.3 0    26.4 0     1.2 0    90.1 0     1.1 0    35.7 0   977.2 0
 2026  10  1 10 13 42 13.700  80.38    40.7 0     8.5 0     0.1 0    40.8 0   308.9 0   274.391 0   274.445 0   314.5 0   273.318 0   273.492 0     3.1 0    18.5 0    32.3 0    -5.6 0    26.8 0     1.2 0    90.1 0     1.0 0    22.1 0   977.2 0
 2026  10  1 10 13 43 13.717  80.23    39.3 0     8.3 0     0.1 0    39.4 0   310.8 0   274.414 0   274.478 0   314.7 0   273.335 0   273.508 0     3.0 0    18.0 0    31.2 0    -3.9 0    27.3 0     1.3 0    90.0 0     0.6 0    23.6 0   977.2 0
 2026  10  1 10 13 44 13.733  80.09    38.6 0     8.2 0     0.0 0    38.7 0   312.6 0   274.440 0   274.512 0   314.9 0   273.353 0   273.526 0     2.9 0    17.8 0    30.6 0    -2.3 0    28.3 0     1.3 0    89.9 0     0.5 0    27.3 0   977.3 0
 2026  10  1 10 13 45 13.750  79.95    39.2 0     8.3 0     0.1 0    39.0 0   314.5 0   274.468 0   274.525 0   315.0 0   273.370 0   273.543 0     2.9 0    18.0 0    30.7 0    -0.5 0    30.2 0     1.4 0    89.9 0     0.6 0    51.5 0   977.2 0
 2026  10  1 10 13 46 13.767  79.80    40.3 0     8.6 0     0.1 0    40.1 0   315.4 0   274.491 0   274.532 0   315.0 0   273.386 0   273.554 0     2.8 0    18.4 0    31.5 0     0.0 0    31.5 0     1.5 0    89.8 0     0.2 0    46.1 0   977.2 0
 2026  10  1 10 13 47 13.783  79.66    41.3 0     8.9 0     0.1 0    41.0 0   314.6 0   274.510 0   274.549 0   315.0 0   273.400 0   273.562 0     2.9 0    18.9 0    32.1 0    -0.4 0    31.7 0     1.5 0    89.5 0     0.6 0    99.1 0   977.2 0
 2026  10  1 10 13 48 13.800  79.52    43.2 0     9.3 0     0.2 0    42.8 0   312.6 0   274.528 0   274.568 0   315.1 0   273.412 0   273.574 0     3.0 0    19.8 0    33.5 0    -2.6 0    30.9 0     1.4 0    89.2 0     0.9 0   105.2 0   977.2 0
 2026  10  1 10 13 49 13.817  79.38    44.7 0     9.6 0     0.2 0    44.3 0   311.7 0   274.544 0   274.589 0   315.2 0   273.426 0   273.591 0     3.1 0    20.4 0    34.7 0    -3.5 0    31.2 0     1.4 0    89.3 0     0.8 0   109.5 0   977.1 0
 2026  10  1 10 13 50 13.833  79.24    44.8 0     9.6 0     0.2 0    44.6 0   312.2 0   274.562 0   274.614 0   315.4 0   273.439 0   273.605 0     3.2 0    20.5 0    35.0 0    -3.1 0    31.9 0     1.3 0    89.4 0     0.8 0   113.9 0   977.2 0
 2026  10  1 10 13 51 13.850  79.10    44.1 0     9.5 0     0.2 0    44.0 0   314.0 0   274.584 0   274.642 0   315.5 0   273.453 0   273.622 0     3.1 0    20.2 0    34.6 0    -1.5 0    33.0 0     1.3 0    89.4 0     1.3 0    97.5 0   977.2 0
 2026  10  1 10 13 52 13.867  78.96    44.3 0     9.6 0     0.1 0    44.2 0   315.5 0   274.608 0   274.674 0   315.6 0   273.467 0   273.634 0     3.2 0    20.4 0    34.6 0    -0.1 0    34.5 0     1.3 0    89.3 0     1.0 0    90.5 0   977.2 0
 2026  10  1 10 13 53 13.883  78.82    46.8 0    10.1 0     0.1 0    46.4 0   314.4 0   274.633 0   274.698 0   315.7 0   273.480 0   273.647 0     3.4 0    21.5 0    36.3 0    -1.3 0    35.1 0     1.3 0    89.3 0     1.3 0    99.0 0   977.2 0
 2026  10  1 10 13 54 13.900  78.68    49.7 0    10.7 0     0.1 0    49.2 0   312.2 0   274.658 0   274.723 0   315.7 0   273.493 0   273.660 0     3.6 0    22.8 0    38.6 0    -3.6 0    35.0 0     1.3 0    89.3 0     1.2 0   103.3 0   977.2 0
 2026  10  1 10 13 55 13.917  78.54    51.4 0    11.0 0     0.1 0    51.0 0   310.9 0   274.684 0   274.753 0   315.9 0   273.506 0   273.673 0     3.8 0    23.6 0    40.0 0    -5.0 0    35.0 0     1.3 0    89.3 0     1.1 0    95.1 0   977.2 0
 2026  10  1 10 13 56 13.933  78.40    53.9 0    11.6 0     0.1 0    53.3 0   310.5 0   274.712 0   274.789 0   316.1 0   273.519 0   273.688 0     3.9 0    24.7 0    41.8 0    -5.6 0    36.2 0     1.3 0    89.4 0     1.0 0   100.8 0   977.2 0
 2026  10  1 10 13 57 13.950  78.26    58.6 0    12.6 0     0.1 0    57.7 0   309.9 0   274.741 0   274.819 0   316.3 0   273.533 0   273.704 0     4.0 0    26.8 0    45.1 0    -6.4 0    38.7 0     1.4 0    89.4 0     1.1 0    95.1 0   977.3 0
 2026  10  1 10 13 58 13.967  78.12    64.1 0    13.7 0     0.1 0    63.0 0   308.5 0   274.771 0   274.861 0   316.6 0   273.549 0   273.723 0     4.2 0    29.2 0    49.3 0    -8.1 0    41.2 0     1.4 0    89.4 0     0.9 0    77.6 0   977.3 0
 2026  10  1 10 13 59 13.983  77.99    67.3 0    14.3 0     0.1 0    66.3 0   307.3 0   274.805 0   274.902 0   316.9 0   273.564 0   273.742 0     4.2 0    30.6 0    52.0 0    -9.5 0    42.5 0     1.4 0    89.4 0     0.9 0    69.6 0   977.3 0
 2026  10  1 10 14  0 14.000  77.85    67.1 0    14.2 0     0.1 0    66.4 0   306.0 0   274.842 0   274.935 0   316.9 0   273.581 0   273.760 0     4.2 0    30.5 0    52.3 0   -11.0 0    41.3 0     1.5 0    89.4 0     0.9 0    72.0 0   977.3 0
 2026  10  1 10 14  1 14.017  77.71    63.1 0    13.3 0     0.1 0    62.9 0   304.9 0   274.876 0   274.953 0   316.9 0   273.598 0   273.776 0     4.0 0    28.8 0    49.6 0   -12.0 0    37.6 0     1.5 0    89.3 0     0.8 0    72.6 0   977.2 0
 2026  10  1 10 14  2 14.033  77.57    57.0 0    12.1 0     0.2 0    57.2 0   304.4 0   274.908 0   274.974 0   316.8 0   273.613 0   273.786 0     3.8 0    26.2 0    45.1 0   -12.3 0    32.8 0     1.6 0    89.2 0     0.6 0    72.6 0   977.2 0
 2026  10  1 10 14  3 14.050  77.44    50.9 0    10.8 0     0.2 0    51.2 0   304.3 0   274.938 0   274.991 0   316.7 0   273.627 0   273.796 0     3.5 0    23.6 0    40.5 0   -12.4 0    28.1 0     1.6 0    89.2 0     0.5 0    72.6 0   977.2 0
 2026  10  1 10 14  4 14.067  77.30    46.1 0     9.8 0     0.2 0    46.5 0   304.3 0   274.966 0   275.006 0   316.5 0   273.639 0   273.804 0     3.3 0    21.5 0    36.7 0   -12.2 0    24.5 0     1.6 0    89.1 0     0.6 0    72.6 0   977.3 0
 2026  10  1 10 14  5 14.083  77.17    42.8 0     9.1 0     0.2 0    43.1 0   304.8 0   274.992 0   275.019 0   316.4 0   273.650 0   273.813 0     3.2 0    20.1 0    34.1 0   -11.6 0    22.5 0     1.7 0    89.0 0     0.5 0    72.6 0   977.3 0
 2026  10  1 10 14  6 14.100  77.03    40.6 0     8.6 0     0.2 0    40.8 0   306.5 0   275.013 0   275.017 0   316.3 0   273.661 0   273.820 0     3.1 0    19.1 0    32.2 0    -9.8 0    22.4 0     1.7 0    88.9 0     0.6 0    72.6 0   977.3 0
 2026  10  1 10 14  7 14.117  76.90    39.6 0     8.3 0     0.2 0    39.6 0   308.5 0   275.029 0   275.034 0   316.4 0   273.671 0   273.828 0     3.1 0    18.7 0    31.4 0    -7.9 0    23.4 0     1.7 0    88.9 0     0.6 0    56.9 0   977.3 0
 2026  10  1 10 14  8 14.133  76.77    39.3 0     8.2 0     0.2 0    39.3 0   309.6 0   275.046 0   275.046 0   316.5 0   273.680 0   273.837 0     3.2 0    18.6 0    31.1 0    -6.9 0    24.2 0     1.7 0    88.8 0     0.9 0    50.6 0   977.3 0
 2026  10  1 10 14  9 14.150  76.63    38.9 0     8.1 0     0.2 0    38.8 0   311.0 0   275.062 0   275.064 0   316.7 0   273.689 0   273.848 0     3.2 0    18.4 0    30.8 0    -5.6 0    25.1 0     1.7 0    88.7 0     1.1 0    47.4 0   977.3 0
 2026  10  1 10 14 10 14.167  76.50    38.6 0     8.0 0     0.3 0    38.4 0   312.6 0   275.078 0   275.082 0   316.8 0   273.699 0   273.858 0     3.2 0    18.3 0    30.5 0    -4.3 0    26.3 0     1.6 0    88.7 0     1.1 0    43.0 0   977.3 0
 2026  10  1 10 14 11 14.183  76.37    38.4 0     7.9 0     0.3 0    38.3 0   314.0 0   275.090 0   275.084 0   316.9 0   273.709 0   273.870 0     3.3 0    18.2 0    30.5 0    -2.9 0    27.5 0     1.6 0    88.7 0     1.4 0    30.5 0   977.2 0
 2026  10  1 10 14 12 14.200  76.24    38.6 0     7.9 0     0.3 0    38.5 0   315.4 0   275.095 0   275.077 0   317.0 0   273.719 0   273.881 0     3.4 0    18.3 0    30.6 0    -1.5 0    29.1 0     1.6 0    88.6 0     1.9 0    37.5 0   977.1 0
 2026  10  1 10 14 13 14.217  76.10    39.4 0     8.1 0     0.3 0    39.3 0   316.2 0   275.098 0   275.079 0   317.1 0   273.730 0   273.893 0     3.5 0    18.7 0    31.2 0    -0.9 0    30.4 0     1.6 0    88.7 0     2.0 0    39.3 0   977.1 0
 2026  10  1 10 14 14 14.233  75.97    39.7 0     8.2 0     0.3 0    39.6 0   317.1 0   275.101 0   275.080 0   317.2 0   273.741 0   273.904 0     3.5 0    18.7 0    31.6 0    -0.1 0    31.5 0     1.6 0    88.7 0     2.1 0    44.3 0   977.0 0
 2026  10  1 10 14 15 14.250  75.84    38.5 0     8.0 0     0.3 0    38.7 0   318.5 0   275.106 0   275.091 0   317.3 0   273.752 0   273.915 0     3.4 0    18.3 0    30.8 0     0.0 0    30.8 0     1.6 0    88.7 0     1.8 0    46.4 0   976.9 0
 2026  10  1 10 14 16 14.267  75.71    38.4 0     7.9 0     0.3 0    38.4 0   318.7 0   275.112 0   275.097 0   317.5 0   273.762 0   273.923 0     3.5 0    18.2 0    30.5 0     0.0 0    30.5 0     1.6 0    88.7 0     1.7 0    48.0 0   976.9 0
 2026  10  1 10 14 17 14.283  75.58    37.9 0     7.8 0     0.3 0    38.0 0   318.6 0   275.116 0   275.098 0   317.6 0   273.772 0   273.932 0     3.4 0    18.1 0    30.3 0     0.0 0    30.3 0     1.6 0    88.7 0     1.8 0    45.1 0   976.9 0
 2026  10  1 10 14 18 14.300  75.45    36.0 0     7.4 0     0.3 0    36.2 0   319.2 0   275.119 0   275.103 0   317.6 0   273.781 0   273.941 0     3.2 0    17.2 0    28.9 0     0.0 0    28.9 0     1.6 0    88.7 0     1.6 0    43.0 0   976.9 0
 2026  10  1 10 14 19 14.317  75.33    34.2 0     7.0 0     0.2 0    34.3 0   320.1 0   275.122 0   275.109 0   317.7 0   273.790 0   273.949 0     3.1 0    16.5 0    27.3 0     0.0 0    27.3 0     1.6 0    88.7 0     1.6 0    34.3 0   976.8 0
 2026  10  1 10 14 20 14.333  75.20    33.9 0     6.9 0     0.3 0    33.9 0   320.5 0   275.123 0   275.114 0   317.7 0   273.800 0   273.959 0     3.1 0    16.4 0    27.0 0     0.0 0    27.0 0     1.6 0    88.7 0     1.8 0    40.7 0   976.8 0
 2026  10  1 10 14 21 14.350  75.07    33.5 0     6.8 0     0.2 0    33.5 0   321.5 0   275.126 0   275.116 0   317.8 0   273.809 0   273.969 0     3.1 0    16.2 0    26.8 0     0.0 0    26.8 0     1.6 0    88.8 0     1.8 0    44.2 0   976.8 0
 2026  10  1 10 14 22 14.367  74.94    32.4 0     6.6 0     0.2 0    32.5 0   323.3 0   275.131 0   275.124 0   318.0 0   273.820 0   273.982 0     3.0 0    15.7 0    26.0 0     0.0 0    26.0 0     1.6 0    88.8 0     1.8 0    41.9 0   976.7 0
 2026  10  1 10 14 23 14.383  74.82    31.7 0     6.5 0     0.2 0    31.8 0   324.6 0   275.137 0   275.135 0   318.2 0   273.831 0   273.993 0     2.9 0    15.4 0    25.4 0     0.0 0    25.4 0     1.6 0    88.8 0     1.7 0    36.4 0   976.7 0
 2026  10  1 10 14 24 14.400  74.69    32.2 0     6.6 0     0.2 0    32.2 0   324.9 0   275.140 0   275.140 0   318.4 0   273.843 0   274.007 0     3.0 0    15.7 0    25.7 0     0.0 0    25.7 0     1.6 0    88.9 0     1.5 0    46.2 0   976.7 0
 2026  10  1 10 14 25 14.417  74.56    33.6 0     6.8 0     0.2 0    33.5 0   324.8 0   275.148 0   275.162 0   318.6 0   273.856 0   274.021 0     3.2 0    16.4 0    26.7 0     0.0 0    26.7 0     1.7 0    89.0 0     1.2 0    63.3 0   976.7 0
 2026  10  1 10 14 26 14.433  74.44    35.4 0     7.2 0     0.2 0    35.1 0   324.9 0   275.158 0   275.169 0   318.8 0   273.870 0   274.034 0     3.3 0    17.2 0    28.0 0     0.0 0    28.0 0     1.7 0    89.0 0     1.1 0    43.8 0   976.6 0
 2026  10  1 10 14 27 14.450  74.31    37.9 0     7.7 0     0.2 0    37.4 0   324.7 0   275.167 0   275.186 0   319.0 0   273.884 0   274.049 0     3.6 0    18.3 0    29.8 0     0.0 0    29.8 0     1.7 0    89.0 0     1.4 0    35.0 0   976.6 0
 2026  10  1 10 14 28 14.467  74.19    41.0 0     8.3 0     0.2 0    40.4 0   323.7 0   275.177 0   275.201 0   319.1 0   273.898 0   274.064 0     3.8 0    19.7 0    32.1 0     0.0 0    32.1 0     1.7 0    88.9 0     1.8 0    19.5 0   976.6 0
 2026  10  1 10 14 29 14.483  74.07    44.1 0     8.9 0     0.2 0    43.5 0   322.6 0   275.186 0   275.216 0   319.2 0   273.913 0   274.083 0     4.1 0    21.2 0    34.6 0     0.0 0    34.6 0     1.7 0    89.0 0     1.5 0    16.2 0   976.6 0
 2026  10  1 10 14 30 14.500  73.94    46.6 0     9.4 0     0.2 0    45.9 0   322.3 0   275.197 0   275.244 0   319.6 0   273.929 0   274.103 0     4.3 0    22.3 0    36.6 0     0.0 0    36.6 0     1.7 0    89.1 0     1.7 0    27.2 0   976.6 0
 2026  10  1 10 14 31 14.517  73.82    47.7 0     9.7 0     0.2 0    47.3 0   322.9 0   275.212 0   275.255 0   319.7 0   273.946 0   274.122 0     4.4 0    22.8 0    37.7 0     0.0 0    37.7 0     1.7 0    89.0 0     2.0 0    16.2 0   976.7 0
 2026  10  1 10 14 32 14.533  73.70    47.3 0     9.6 0     0.2 0    47.0 0   323.8 0   275.223 0   275.276 0   319.9 0   273.964 0   274.144 0     4.4 0    22.6 0    37.5 0     0.0 0    37.5 0     1.8 0    88.9 0     1.7 0    16.7 0   976.7 0
 2026  10  1 10 14 33 14.550  73.58    47.4 0     9.7 0     0.2 0    47.0 0   323.8 0   275.240 0   275.324 0   320.1 0   273.983 0   274.164 0     4.4 0    22.7 0    37.4 0     0.0 0    37.4 0     1.8 0    88.9 0     1.3 0    52.0 0   976.7 0
 2026  10  1 10 14 34 14.567  73.45    47.4 0     9.6 0     0.2 0    47.1 0   322.9 0   275.268 0   275.356 0   320.3 0   274.003 0   274.179 0     4.5 0    22.7 0    37.5 0     0.0 0    37.5 0     1.9 0    88.8 0     1.1 0    77.7 0   976.7 0
 2026  10  1 10 14 35 14.583  73.33    45.7 0     9.3 0     0.2 0    45.6 0   322.8 0   275.293 0   275.343 0   320.3 0   274.020 0   274.191 0     4.4 0    21.9 0    36.4 0     0.0 0    36.4 0     1.9 0    88.6 0     1.1 0    86.5 0   976.7 0
 2026  10  1 10 14 36 14.600  73.21    43.1 0     8.8 0     0.2 0    43.1 0   324.1 0   275.306 0   275.351 0   320.3 0   274.034 0   274.198 0     4.2 0    20.8 0    34.3 0     0.0 0    34.3 0     1.9 0    88.5 0     0.5 0    85.2 0   976.8 0
 2026  10  1 10 14 37 14.617  73.09    42.4 0     8.6 0     0.2 0    42.0 0   324.4 0   275.318 0   275.356 0   320.7 0   274.046 0   274.208 0     4.3 0    20.5 0    33.5 0     0.0 0    33.5 0     1.9 0    88.7 0     0.4 0    24.5 0   976.8 0
 2026  10  1 10 14 38 14.633  72.97    44.1 0     8.8 0     0.2 0    43.5 0   323.8 0   275.326 0   275.357 0   320.9 0   274.058 0   274.225 0     4.5 0    21.3 0    34.7 0     0.0 0    34.7 0     1.9 0    88.6 0     1.1 0    11.8 0   976.7 0
 2026  10  1 10 14 39 14.650  72.86    45.1 0     9.0 0     0.3 0    44.6 0   324.2 0   275.333 0   275.382 0   321.1 0   274.074 0   274.250 0     4.6 0    21.8 0    35.7 0     0.0 0    35.7 0     1.9 0    88.5 0     1.5 0     5.5 0   976.7 0
 2026  10  1 10 14 40 14.667  72.74    45.2 0     9.0 0     0.2 0    44.8 0   325.2 0   275.349 0   275.431 0   321.1 0   274.094 0   274.273 0     4.6 0    21.9 0    35.9 0     0.0 0    35.9 0     1.9 0    88.5 0     1.4 0    17.6 0   976.8 0
 2026  10  1 10 14 41 14.683  72.62    45.5 0     9.1 0     0.2 0    45.2 0   325.1 0   275.372 0   275.445 0   321.4 0   274.112 0   274.288 0     4.7 0    22.1 0    36.3 0     0.0 0    36.3 0     2.0 0    88.5 0     0.7 0    26.8 0   976.8 0
 2026  10  1 10 14 42 14.700  72.50    45.1 0     9.0 0     0.2 0    44.9 0   324.1 0   275.391 0   275.469 0   321.7 0   274.129 0   274.301 0     4.7 0    22.0 0    36.0 0     0.0 0    36.0 0     2.0 0    88.6 0     0.1 0    93.3 0   976.8 0
 2026  10  1 10 14 43 14.717  72.39    43.9 0     8.7 0     0.2 0    43.8 0   322.8 0   275.412 0   275.482 0   321.7 0   274.145 0   274.319 0     4.6 0    21.5 0    35.2 0     0.0 0    35.2 0     2.1 0    88.5 0     0.5 0   120.1 0   976.7 0
 2026  10  1 10 14 44 14.733  72.27    42.8 0     8.5 0     0.2 0    42.6 0   322.2 0   275.434 0   275.496 0   321.6 0   274.162 0   274.329 0     4.6 0    21.1 0    34.2 0     0.0 0    34.2 0     2.1 0    88.5 0     0.0 0     0.0 0   976.7 0
 2026  10  1 10 14 45 14.750  72.15    43.3 0     8.6 0     0.2 0    42.9 0   321.1 0   275.454 0   275.503 0   321.6 0   274.177 0   274.339 0     4.7 0    21.4 0    34.4 0    -0.5 0    33.9 0     2.2 0    88.5 0     0.0 0     5.5 0   976.6 0
 2026  10  1 10 14 46 14.767  72.04    44.0 0     8.7 0     0.2 0    43.6 0   320.4 0   275.469 0   275.516 0   321.6 0   274.191 0   274.358 0     4.8 0    21.7 0    35.0 0    -1.2 0    33.8 0     2.2 0    88.1 0     1.2 0    52.6 0   976.5 0
 2026  10  1 10 14 47 14.783  71.92    45.0 0     8.9 0     0.3 0    44.6 0   319.5 0   275.483 0   275.522 0   321.2 0   274.207 0   274.374 0     4.9 0    22.2 0    35.8 0    -1.7 0    34.1 0     2.2 0    87.8 0     1.2 0    50.0 0   976.5 0
 2026  10  1 10 14 48 14.800  71.81    46.3 0     9.1 0     0.3 0    45.8 0   318.0 0   275.497 0   275.529 0   321.1 0   274.222 0   274.388 0     5.0 0    22.8 0    36.8 0    -3.1 0    33.8 0     2.2 0    87.7 0     1.7 0    39.9 0   976.3 0
 2026  10  1 10 14 49 14.817  71.70    46.9 0     9.2 0     0.4 0    46.5 0   316.5 0   275.508 0   275.515 0   320.7 0   274.235 0   274.399 0     5.1 0    23.2 0    37.5 0    -4.2 0    33.3 0     2.1 0    87.5 0     2.0 0    44.6 0   976.3 0
 2026  10  1 10 14 50 14.833  71.59    46.3 0     9.1 0     0.4 0    46.1 0   316.4 0   275.516 0   275.524 0   320.6 0   274.246 0   274.408 0     5.1 0    22.9 0    37.2 0    -4.2 0    32.9 0     2.1 0    87.5 0     2.0 0    43.3 0   976.3 0
 2026  10  1 10 14 51 14.850  71.47    44.5 0     8.7 0     0.4 0    44.5 0   317.6 0   275.523 0   275.518 0   320.7 0   274.257 0   274.420 0     4.9 0    22.1 0    35.9 0    -3.1 0    32.8 0     2.0 0    87.6 0     2.1 0    33.7 0   976.3 0
 2026  10  1 10 14 52 14.867  71.36    42.6 0     8.4 0     0.3 0    42.7 0   319.6 0   275.529 0   275.532 0   320.6 0   274.267 0   274.429 0     4.7 0    21.2 0    34.4 0    -1.0 0    33.4 0     2.0 0    87.7 0     2.0 0    42.3 0   976.3 0
 2026  10  1 10 14 53 14.883  71.25    40.7 0     8.0 0     0.3 0    40.8 0   321.8 0   275.534 0   275.529 0   320.8 0   274.278 0   274.438 0     4.5 0    20.3 0    32.9 0     0.0 0    32.9 0     2.0 0    87.8 0     2.1 0    31.7 0   976.3 0
 2026  10  1 10 14 54 14.900  71.14    39.0 0     7.7 0     0.3 0    39.1 0   323.3 0   275.536 0   275.521 0   320.9 0   274.288 0   274.448 0     4.3 0    19.4 0    31.6 0     0.0 0    31.6 0     2.0 0    87.9 0     1.9 0    24.8 0   976.2 0
 2026  10  1 10 14 55 14.917  71.03    36.6 0     7.2 0     0.3 0    36.8 0   324.5 0   275.534 0   275.532 0   321.0 0   274.297 0   274.458 0     4.1 0    18.2 0    29.7 0     0.0 0    29.7 0     2.0 0    87.9 0     1.9 0    38.4 0   976.2 0
 2026  10  1 10 14 56 14.933  70.92    34.5 0     6.8 0     0.3 0    34.7 0   324.8 0   275.536 0   275.530 0   321.2 0   274.308 0   274.471 0     3.9 0    17.2 0    28.0 0     0.0 0    28.0 0     2.0 0    88.1 0     1.6 0    41.0 0   976.1 0
 2026  10  1 10 14 57 14.950  70.81    34.2 0     6.7 0     0.3 0    34.2 0   324.3 0   275.536 0   275.504 0   320.9 0   274.320 0   274.479 0     4.0 0    17.2 0    27.7 0     0.0 0    27.7 0     2.0 0    88.0 0     2.5 0    34.1 0   976.0 0
 2026  10  1 10 14 58 14.967  70.70    34.5 0     6.8 0     0.3 0    34.4 0   324.3 0   275.530 0   275.491 0   320.8 0   274.329 0   274.488 0     4.0 0    17.3 0    27.8 0     0.0 0    27.8 0     2.0 0    87.9 0     2.4 0    32.4 0   976.0 0
 2026  10  1 10 14 59 14.983  70.60    36.0 0     7.0 0     0.3 0    35.8 0   324.2 0   275.526 0   275.502 0   320.9 0   274.339 0   274.499 0     4.2 0    18.1 0    28.8 0     0.0 0    28.8 0     2.0 0    87.9 0     2.2 0    33.6 0   975.9 0
 2026  10  1 10 15  0 15.000  70.49    38.3 0     7.5 0     0.3 0    37.9 0   324.1 0   275.528 0   275.530 0   321.2 0   274.350 0   274.511 0     4.5 0    19.2 0    30.6 0     0.0 0    30.6 0     2.0 0    87.9 0     2.6 0    46.7 0   975.9 0
 2026  10  1 10 15  1 15.017  70.38    39.2 0     7.6 0     0.3 0    39.0 0   324.8 0   275.532 0   275.523 0   321.2 0   274.362 0   274.525 0     4.6 0    19.6 0    31.5 0     0.0 0    31.5 0     2.0 0    87.9 0     2.2 0    36.0 0   976.0 0
 2026  10  1 10 15  2 15.033  70.28    38.5 0     7.5 0     0.3 0    38.4 0   325.8 0   275.535 0   275.532 0   321.3 0   274.374 0   274.534 0     4.5 0    19.2 0    30.9 0     0.0 0    30.9 0     2.0 0    87.7 0     2.7 0    20.3 0   975.9 0
 2026  10  1 10 15  3 15.050  70.17    39.1 0     7.6 0     0.3 0    38.7 0   325.9 0   275.536 0   275.530 0   321.4 0   274.386 0   274.550 0     4.6 0    19.5 0    31.2 0     0.0 0    31.2 0     2.0 0    87.8 0     2.4 0    10.5 0   975.9 0
 2026  10  1 10 15  4 15.067  70.07    40.5 0     7.8 0     0.3 0    40.1 0   325.9 0   275.540 0   275.567 0   321.8 0   274.403 0   274.586 0     4.7 0    20.3 0    32.4 0     0.0 0    32.4 0     2.1 0    87.9 0     2.8 0    24.8 0   975.9 0
 2026  10  1 10 15  5 15.083  69.96    41.9 0     8.0 0     0.3 0    41.5 0   325.3 0   275.552 0   275.572 0   321.6 0   274.426 0   274.607 0     4.9 0    21.0 0    33.6 0     0.0 0    33.6 0     2.1 0    87.5 0     3.2 0    14.8 0   975.8 0
 2026  10  1 10 15  6 15.100  69.86    43.3 0     8.2 0     0.1 0    43.0 0   326.7 0   275.570 0   275.724 0   322.8 0   274.452 0   274.652 0     5.1 0    21.8 0    34.9 0     0.0 0    34.9 0     2.2 0    87.5 0     1.9 0    97.9 0   975.9 0
 2026  10  1 10 15  7 15.117  69.76    45.6 0     8.6 0    -0.1 0    45.4 0   325.5 0   275.624 0   275.795 0   323.0 0   274.494 0   274.710 0     5.3 0    23.1 0    36.8 0     0.0 0    36.8 0     2.4 0    86.7 0     2.1 0    21.1 0   975.9 0
 2026  10  1 10 15  8 15.133  69.66    48.9 0     9.4 0     0.0 0    48.4 0   324.8 0   275.672 0   275.756 0   322.7 0   274.528 0   274.716 0     5.7 0    24.5 0    39.0 0     0.0 0    39.0 0     2.5 0    85.7 0     2.5 0   350.4 0   975.9 0
 2026  10  1 10 15  9 15.150  69.55    50.9 0     9.7 0     0.1 0    50.5 0   324.7 0   275.703 0   275.784 0   323.2 0   274.559 0   274.762 0     5.9 0    25.4 0    40.9 0     0.0 0    40.9 0     2.5 0    85.4 0     2.5 0   354.2 0   975.8 0
 2026  10  1 10 15 10 15.167  69.45    49.0 0     9.3 0     0.1 0    49.0 0   324.8 0   275.733 0   275.795 0   322.9 0   274.599 0   274.800 0     5.8 0    24.5 0    39.7 0     0.0 0    39.7 0     2.6 0    84.9 0     3.0 0    24.9 0   975.8 0
 2026  10  1 10 15 11 15.183  69.35    48.6 0     9.4 0     0.2 0    48.4 0   323.7 0   275.753 0   275.769 0   322.5 0   274.630 0   274.800 0     5.8 0    24.4 0    39.1 0     0.0 0    39.1 0     2.5 0    84.6 0     2.5 0    23.0 0   975.8 0
 2026  10  1 10 15 12 15.200  69.25    50.1 0     9.6 0     0.3 0    49.7 0   322.3 0   275.764 0   275.798 0   323.0 0   274.654 0   274.831 0     6.1 0    25.1 0    40.1 0    -0.6 0    39.5 0     2.5 0    85.2 0     2.3 0    10.3 0   975.8 0
 2026  10  1 10 15 13 15.217  69.16    51.5 0     9.9 0     0.3 0    51.1 0   322.5 0   275.778 0   275.819 0   323.1 0   274.679 0   274.860 0     6.3 0    25.8 0    41.3 0    -0.6 0    40.7 0     2.5 0    85.1 0     3.3 0     4.2 0   975.7 0
 2026  10  1 10 15 14 15.233  69.06    52.4 0     9.9 0     0.2 0    52.1 0   322.7 0   275.797 0   275.889 0   323.4 0   274.711 0   274.906 0     6.5 0    26.3 0    42.3 0    -0.8 0    41.5 0     2.5 0    85.1 0     2.3 0    41.2 0   975.7 0
 2026  10  1 10 15 15 15.250  68.96    51.4 0     9.5 0     0.0 0    51.5 0   324.0 0   275.828 0   275.973 0   324.0 0   274.751 0   274.966 0     6.5 0    25.8 0    42.0 0     0.0 0    42.0 0     2.6 0    84.7 0     3.1 0    61.2 0   975.6 0
 2026  10  1 10 15 16 15.267  68.86    50.5 0     9.4 0    -0.1 0    50.7 0   324.2 0   275.876 0   276.005 0   323.7 0   274.799 0   274.997 0     6.4 0    25.5 0    41.3 0     0.0 0    41.3 0     2.8 0    83.7 0     2.5 0    40.1 0   975.7 0
 2026  10  1 10 15 17 15.283  68.77    50.6 0     9.5 0    -0.1 0    50.7 0   325.5 0   275.922 0   276.090 0   324.6 0   274.839 0   275.043 0     6.5 0    25.6 0    41.2 0     0.0 0    41.2 0     2.9 0    83.4 0     1.7 0    38.2 0   975.6 0
 2026  10  1 10 15 18 15.300  68.67    50.4 0     9.5 0    -0.2 0    50.6 0   326.7 0   275.980 0   276.177 0   325.1 0   274.886 0   275.104 0     6.5 0    25.5 0    41.1 0     0.0 0    41.1 0     3.0 0    82.5 0     1.9 0    33.4 0   975.6 0
 2026  10  1 10 15 19 15.317  68.57    52.4 0     9.9 0    -0.1 0    52.4 0   326.8 0   276.042 0   276.210 0   325.2 0   274.934 0   275.140 0     6.8 0    26.5 0    42.5 0     0.0 0    42.5 0     3.1 0    81.9 0     1.7 0    40.0 0   975.6 0
 2026  10  1 10 15 20 15.333  68.48    55.7 0    10.6 0    -0.1 0    55.5 0   325.9 0   276.100 0   276.251 0   325.4 0   274.977 0   275.176 0     7.2 0    28.1 0    44.8 0     0.0 0    44.8 0     3.1 0    81.3 0     2.4 0     5.0 0   975.5 0
 2026  10  1 10 15 21 15.350  68.39    58.5 0    11.1 0     0.0 0    58.1 0   326.0 0   276.147 0   276.266 0   325.7 0   275.020 0   275.211 0     7.5 0    29.4 0    46.9 0     0.0 0    46.9 0     3.1 0    81.0 0     2.2 0   351.1 0   975.6 0
 2026  10  1 10 15 22 15.367  68.29    61.0 0    11.6 0     0.1 0    60.5 0   325.7 0   276.187 0   276.302 0   325.9 0   275.065 0   275.258 0     7.7 0    30.5 0    48.9 0    -0.2 0    48.7 0     3.2 0    80.9 0     2.5 0   327.5 0   975.6 0
 2026  10  1 10 15 23 15.383  68.20    63.6 0    12.1 0     0.1 0    62.9 0   326.0 0   276.225 0   276.350 0   326.3 0   275.110 0   275.304 0     8.0 0    31.7 0    50.8 0    -0.3 0    50.5 0     3.2 0    80.9 0     2.2 0   312.0 0   975.7 0
 2026  10  1 10 15 24 15.400  68.11    66.4 0    12.8 0     0.0 0    65.8 0   326.8 0   276.269 0   276.424 0   326.8 0   275.154 0   275.347 0     8.3 0    33.1 0    53.0 0    -0.1 0    52.9 0     3.2 0    80.7 0     1.0 0   341.4 0   975.7 0
 2026  10  1 10 15 25 15.417  68.02    71.4 0    13.9 0     0.0 0    70.4 0   327.3 0   276.318 0   276.516 0   327.6 0   275.197 0   275.396 0     8.8 0    35.5 0    56.5 0    -0.2 0    56.2 0     3.3 0    80.1 0     1.2 0    13.7 0   975.6 0
 2026  10  1 10 15 26 15.433  67.93    79.0 0    15.5 0     0.0 0    77.6 0   328.0 0   276.373 0   276.578 0   328.3 0   275.240 0   275.452 0     9.6 0    39.1 0    62.1 0    -0.2 0    61.9 0     3.4 0    79.9 0     1.8 0    38.0 0   975.5 0
 2026  10  1 10 15 27 15.450  67.84    87.2 0    17.1 0     0.1 0    85.7 0   327.6 0   276.430 0   276.622 0   328.2 0   275.286 0   275.495 0    10.4 0    42.8 0    68.6 0    -0.6 0    68.0 0     3.4 0    79.4 0     2.4 0   359.4 0   975.5 0
 2026  10  1 10 15 28 15.467  67.75    91.5 0    18.1 0     0.3 0    90.2 0   327.1 0   276.472 0   276.575 0   327.7 0   275.327 0   275.514 0    10.9 0    44.6 0    72.2 0    -0.5 0    71.6 0     3.3 0    79.7 0     2.4 0   349.1 0   975.5 0
 2026  10  1 10 15 29 15.483  67.66    93.9 0    18.5 0     0.4 0    92.5 0   326.9 0   276.493 0   276.584 0   328.3 0   275.361 0   275.547 0    11.2 0    45.6 0    74.1 0    -1.3 0    72.8 0     3.2 0    80.8 0     1.9 0   352.4 0   975.6 0
 2026  10  1 10 15 30 15.500  67.57    93.9 0    18.3 0     0.3 0    92.7 0   327.5 0   276.518 0   276.707 0   328.9 0   275.398 0   275.612 0    11.4 0    45.7 0    74.5 0    -1.4 0    73.1 0     3.2 0    80.4 0     1.8 0    37.5 0   975.5 0
 2026  10  1 10 15 31 15.517  67.48    94.6 0    18.2 0     0.1 0    93.4 0   326.7 0   276.564 0   276.798 0   329.6 0   275.446 0   275.668 0    11.6 0    46.1 0    75.2 0    -3.0 0    72.3 0     3.4 0    79.1 0     1.6 0    21.8 0   975.5 0
 2026  10  1 10 15 32 15.533  67.40    93.5 0    18.0 0     0.0 0    92.5 0   326.7 0   276.623 0   276.866 0   330.2 0   275.495 0   275.712 0    11.6 0    45.6 0    74.6 0    -3.4 0    71.1 0     3.5 0    78.8 0     1.7 0    77.9 0   975.6 0
 2026  10  1 10 15 33 15.550  67.31    91.6 0    17.5 0     0.0 0    91.0 0   327.0 0   276.687 0   276.908 0   329.8 0   275.549 0   275.773 0    11.5 0    44.8 0    73.5 0    -2.8 0    70.8 0     3.6 0    78.1 0     2.3 0    77.6 0   975.5 0
 2026  10  1 10 15 34 15.567  67.23    87.9 0    16.9 0     0.0 0    87.5 0   327.2 0   276.746 0   276.969 0   329.8 0   275.601 0   275.810 0    11.2 0    43.1 0    70.6 0    -2.6 0    68.0 0     3.7 0    77.3 0     0.7 0    22.7 0   975.5 0
 2026  10  1 10 15 35 15.583  67.14    83.7 0    16.1 0     0.0 0    83.5 0   327.0 0   276.805 0   277.034 0   330.6 0   275.649 0   275.858 0    10.9 0    41.2 0    67.4 0    -3.6 0    63.8 0     3.8 0    77.1 0     0.8 0   119.8 0   975.4 0
 2026  10  1 10 15 36 15.600  67.06    78.2 0    15.0 0     0.0 0    78.2 0   327.1 0   276.865 0   277.065 0   330.1 0   275.693 0   275.901 0    10.4 0    38.7 0    63.2 0    -3.0 0    60.2 0     3.9 0    76.3 0     3.1 0   147.0 0   975.3 0
 2026  10  1 10 15 37 15.617  66.97    73.5 0    13.7 0     0.0 0    73.5 0   327.3 0   276.917 0   277.089 0   328.8 0   275.753 0   275.972 0     9.9 0    36.6 0    59.9 0    -1.4 0    58.4 0     3.9 0    74.8 0     3.6 0   152.4 0   975.2 0
 2026  10  1 10 15 38 15.633  66.89    70.3 0    13.2 0     0.0 0    70.3 0   327.6 0   276.965 0   277.129 0   329.1 0   275.811 0   276.009 0     9.5 0    35.2 0    57.1 0    -1.5 0    55.6 0     3.9 0    74.7 0     1.5 0   130.9 0   975.2 0
 2026  10  1 10 15 39 15.650  66.81    69.0 0    13.0 0     0.1 0    69.0 0   327.6 0   277.012 0   277.154 0   328.4 0   275.861 0   276.069 0     9.3 0    34.6 0    56.0 0    -0.8 0    55.2 0     3.9 0    74.4 0     3.8 0   134.7 0   975.1 0
 2026  10  1 10 15 40 15.667  66.73    67.4 0    12.6 0     0.1 0    67.4 0   327.7 0   277.056 0   277.182 0   328.4 0   275.917 0   276.116 0     9.2 0    33.9 0    54.8 0    -0.8 0    54.0 0     3.9 0    74.4 0     4.3 0   161.7 0   975.0 0
 2026  10  1 10 15 41 15.683  66.65    69.3 0    12.8 0     0.1 0    68.9 0   327.0 0   277.094 0   277.199 0   328.3 0   275.972 0   276.173 0     9.6 0    35.0 0    56.2 0    -1.4 0    54.8 0     3.9 0    73.9 0     4.1 0   155.6 0   975.0 0
 2026  10  1 10 15 42 15.700  66.57    72.9 0    13.6 0     0.1 0    72.3 0   325.8 0   277.128 0   277.239 0   328.6 0   276.024 0   276.212 0    10.2 0    36.7 0    58.8 0    -2.8 0    55.9 0     3.9 0    73.9 0     2.1 0   159.4 0   974.9 0
 2026  10  1 10 15 43 15.717  66.49    72.4 0    13.6 0     0.1 0    72.1 0   326.1 0   277.161 0   277.274 0   329.1 0   276.064 0   276.245 0    10.2 0    36.4 0    58.5 0    -3.0 0    55.5 0     3.9 0    74.3 0     2.2 0   117.8 0   974.8 0
 2026  10  1 10 15 44 15.733  66.41    70.3 0    13.3 0     0.1 0    70.0 0   326.9 0   277.194 0   277.308 0   329.4 0   276.102 0   276.280 0     9.9 0    35.4 0    56.8 0    -2.5 0    54.3 0     3.9 0    74.5 0     2.3 0   123.3 0   974.8 0
 2026  10  1 10 15 45 15.750  66.34    70.7 0    13.3 0     0.1 0    70.0 0   326.7 0   277.225 0   277.322 0   329.4 0   276.138 0   276.317 0     9.9 0    35.6 0    56.7 0    -2.7 0    54.0 0     3.9 0    74.5 0     2.8 0   118.4 0   974.8 0
 2026  10  1 10 15 46 15.767  66.26    74.6 0    14.0 0     0.1 0    73.4 0   326.6 0   277.253 0   277.358 0   329.3 0   276.175 0   276.351 0    10.3 0    37.5 0    59.4 0    -2.7 0    56.7 0     3.9 0    74.1 0     3.1 0   142.9 0   974.8 0
 2026  10  1 10 15 47 15.783  66.18    76.9 0    14.4 0     0.1 0    75.7 0   327.5 0   277.279 0   277.376 0   329.5 0   276.210 0   276.384 0    10.5 0    38.5 0    61.4 0    -2.0 0    59.4 0     3.9 0    74.5 0     2.6 0   132.7 0   974.7 0
 2026  10  1 10 15 48 15.800  66.11    75.9 0    14.2 0     0.2 0    75.0 0   329.3 0   277.302 0   277.394 0   329.3 0   276.243 0   276.417 0    10.2 0    38.0 0    60.8 0     0.0 0    60.8 0     3.9 0    74.0 0     3.7 0   136.2 0   974.6 0
 2026  10  1 10 15 49 15.817  66.03    73.8 0    13.9 0     0.2 0    73.0 0   331.2 0   277.323 0   277.408 0   329.2 0   276.275 0   276.445 0     9.8 0    37.0 0    59.2 0     0.0 0    59.2 0     3.9 0    73.7 0     3.7 0   117.8 0   974.6 0
 2026  10  1 10 15 50 15.833  65.96    69.5 0    13.0 0     0.2 0    69.0 0   332.9 0   277.340 0   277.393 0   328.5 0   276.306 0   276.473 0     9.2 0    34.9 0    56.1 0     0.0 0    56.1 0     3.9 0    73.8 0     5.5 0   120.6 0   974.5 0
 2026  10  1 10 15 51 15.850  65.89    62.3 0    11.6 0     0.3 0    62.2 0   334.6 0   277.353 0   277.400 0   328.5 0   276.334 0   276.494 0     8.3 0    31.4 0    50.7 0     0.0 0    50.7 0     3.9 0    73.9 0     4.7 0   139.7 0   974.4 0
 2026  10  1 10 15 52 15.867  65.81    59.0 0    10.9 0     0.3 0    58.7 0   334.2 0   277.363 0   277.403 0   328.5 0   276.359 0   276.512 0     8.0 0    29.9 0    47.8 0     0.0 0    47.8 0     3.8 0    73.9 0     3.8 0   129.2 0   974.5 0
 2026  10  1 10 15 53 15.883  65.74    55.5 0    10.2 0     0.2 0    55.1 0   334.7 0   277.371 0   277.401 0   328.4 0   276.379 0   276.534 0     7.6 0    28.2 0    45.0 0     0.0 0    45.0 0     3.8 0    74.1 0     3.6 0   102.0 0   974.4 0
 2026  10  1 10 15 54 15.900  65.67    49.7 0     9.1 0     0.2 0    49.6 0   335.8 0   277.378 0   277.404 0   328.7 0   276.398 0   276.547 0     6.9 0    25.4 0    40.6 0     0.0 0    40.6 0     3.8 0    74.4 0     1.9 0   140.4 0   974.4 0
 2026  10  1 10 15 55 15.917  65.60    45.9 0     8.4 0     0.2 0    45.5 0   336.5 0   277.382 0   277.393 0   328.7 0   276.413 0   276.558 0     6.4 0    23.6 0    37.3 0     0.0 0    37.3 0     3.9 0    74.4 0     3.0 0   118.5 0   974.5 0
 2026  10  1 10 15 56 15.933  65.53    46.2 0     8.3 0     0.2 0    45.5 0   336.1 0   277.385 0   277.387 0   328.3 0   276.428 0   276.573 0     6.5 0    23.9 0    37.2 0     0.0 0    37.2 0     3.9 0    73.9 0     5.0 0   127.2 0   974.4 0
 2026  10  1 10 15 57 15.950  65.46    48.3 0     8.6 0     0.3 0    47.3 0   335.1 0   277.386 0   277.389 0   328.0 0   276.442 0   276.584 0     6.9 0    25.2 0    38.8 0     0.0 0    38.8 0     3.8 0    73.8 0     2.8 0   137.3 0   974.4 0
 2026  10  1 10 15 58 15.967  65.39    49.9 0     8.8 0     0.3 0    48.9 0   333.8 0   277.387 0   277.387 0   327.8 0   276.454 0   276.596 0     7.1 0    26.1 0    40.2 0     0.0 0    40.2 0     3.8 0    73.6 0     4.7 0   120.9 0   974.4 0
 2026  10  1 10 15 59 15.983  65.33    47.8 0     8.4 0     0.3 0    47.1 0   334.3 0   277.388 0   277.385 0   327.7 0   276.466 0   276.604 0     6.8 0    25.1 0    38.8 0     0.0 0    38.8 0     3.8 0    73.9 0     3.8 0   142.4 0   974.3 0
 2026  10  1 10 16  0 16.000  65.26    47.8 0     8.4 0     0.3 0    46.8 0   334.1 0   277.387 0   277.376 0   327.7 0   276.475 0   276.611 0     6.8 0    25.2 0    38.5 0     0.0 0    38.5 0     3.8 0    73.8 0     5.1 0   139.4 0   974.2 0
 2026  10  1 10 16  1 16.017  65.20    48.4 0     8.5 0     0.3 0    47.5 0   334.1 0   277.383 0   277.362 0   327.6 0   276.482 0   276.616 0     6.9 0    25.6 0    39.2 0     0.0 0    39.2 0     3.8 0    74.2 0     4.3 0   154.6 0   974.1 0
 2026  10  1 10 16  2 16.033  65.13    47.5 0     8.2 0     0.3 0    46.7 0   334.6 0   277.379 0   277.373 0   328.0 0   276.488 0   276.622 0     6.8 0    25.2 0    38.6 0     0.0 0    38.6 0     3.8 0    74.6 0     3.3 0   144.0 0   974.1 0
 2026  10  1 10 16  3 16.050  65.07    45.5 0     7.8 0     0.2 0    44.8 0   334.6 0   277.376 0   277.366 0   328.3 0   276.494 0   276.626 0     6.6 0    24.4 0    37.1 0     0.0 0    37.1 0     3.8 0    75.1 0     2.9 0   158.6 0   974.1 0
 2026  10  1 10 16  4 16.067  65.00    44.8 0     7.6 0     0.3 0    44.0 0   334.7 0   277.371 0   277.346 0   327.8 0   276.500 0   276.634 0     6.5 0    24.2 0    36.5 0     0.0 0    36.5 0     3.8 0    74.1 0     5.6 0   155.9 0   974.1 0
 2026  10  1 10 16  5 16.083  64.94    45.3 0     7.6 0     0.3 0    44.5 0   334.5 0   277.365 0   277.342 0   327.6 0   276.506 0   276.638 0     6.5 0    24.6 0    37.0 0     0.0 0    37.0 0     3.8 0    74.1 0     5.6 0   139.8 0   974.1 0
 2026  10  1 10 16  6 16.100  64.88    46.5 0     7.8 0     0.3 0    45.6 0   334.3 0   277.360 0   277.335 0   327.4 0   276.511 0   276.645 0     6.7 0    25.4 0    37.9 0     0.0 0    37.9 0     3.8 0    73.8 0     7.1 0   140.1 0   974.0 0
 2026  10  1 10 16  7 16.117  64.82    47.6 0     8.0 0     0.3 0    46.7 0   334.6 0   277.355 0   277.329 0   327.4 0   276.517 0   276.647 0     6.8 0    26.0 0    38.8 0     0.0 0    38.8 0     3.8 0    74.0 0     7.2 0   149.5 0   974.0 0
 2026  10  1 10 16  8 16.133  64.76    47.8 0     8.2 0     0.3 0    47.0 0   334.6 0   277.349 0   277.317 0   327.3 0   276.519 0   276.645 0     6.8 0    26.0 0    39.0 0     0.0 0    39.0 0     3.8 0    74.4 0     5.8 0   142.0 0   974.0 0
 2026  10  1 10 16  9 16.150  64.70    49.2 0     8.4 0     0.3 0    48.3 0   334.6 0   277.343 0   277.315 0   327.4 0   276.520 0   276.649 0     7.1 0    26.8 0    39.9 0     0.0 0    39.9 0     3.7 0    74.1 0     7.2 0   135.8 0   974.0 0
 2026  10  1 10 16 10 16.167  64.64    50.0 0     8.6 0     0.3 0    49.3 0   335.1 0   277.338 0   277.324 0   327.6 0   276.522 0   276.652 0     7.2 0    27.2 0    40.8 0     0.0 0    40.8 0     3.7 0    74.4 0     4.8 0   149.7 0   974.0 0
 2026  10  1 10 16 11 16.183  64.58    48.9 0     8.5 0     0.2 0    48.3 0   335.6 0   277.335 0   277.325 0   327.8 0   276.525 0   276.656 0     6.9 0    26.5 0    39.9 0     0.0 0    39.9 0     3.8 0    74.2 0     5.9 0   153.1 0   974.1 0
 2026  10  1 10 16 12 16.200  64.52    49.2 0     8.6 0     0.2 0    48.4 0   335.5 0   277.332 0   277.323 0   327.8 0   276.527 0   276.657 0     6.9 0    26.5 0    39.9 0     0.0 0    39.9 0     3.8 0    74.2 0     4.8 0   137.6 0   974.2 0
 2026  10  1 10 16 13 16.217  64.47    51.6 0     9.1 0     0.2 0    50.6 0   335.4 0   277.329 0   277.322 0   327.8 0   276.529 0   276.659 0     7.2 0    27.7 0    41.5 0     0.0 0    41.5 0     3.8 0    74.1 0     5.8 0   138.8 0   974.2 0
 2026  10  1 10 16 14 16.233  64.41    53.2 0     9.5 0     0.2 0    52.3 0   335.2 0   277.326 0   277.329 0   328.1 0   276.530 0   276.661 0     7.3 0    28.5 0    42.9 0     0.0 0    42.9 0     3.7 0    74.6 0     4.1 0   149.5 0   974.2 0
 2026  10  1 10 16 15 16.250  64.36    52.8 0     9.5 0     0.2 0    52.0 0   335.0 0   277.324 0   277.319 0   328.1 0   276.531 0   276.664 0     7.1 0    28.2 0    42.6 0     0.0 0    42.6 0     3.7 0    74.1 0     6.0 0   153.7 0   974.3 0
 2026  10  1 10 16 16 16.267  64.30    53.9 0     9.7 0     0.2 0    53.0 0   334.9 0   277.322 0   277.324 0   328.1 0   276.534 0   276.668 0     7.3 0    28.8 0    43.4 0     0.0 0    43.4 0     3.8 0    74.0 0     5.3 0   136.7 0   974.3 0
 2026  10  1 10 16 17 16.283  64.25    53.5 0     9.6 0     0.2 0    52.8 0   334.7 0   277.322 0   277.342 0   328.4 0   276.537 0   276.674 0     7.2 0    28.4 0    43.4 0     0.0 0    43.4 0     3.8 0    74.0 0     4.2 0   139.1 0   974.4 0
 2026  10  1 10 16 18 16.300  64.20    49.4 0     8.9 0     0.2 0    49.2 0   334.3 0   277.326 0   277.353 0   328.7 0   276.542 0   276.680 0     6.8 0    26.2 0    40.4 0     0.0 0    40.4 0     3.8 0    74.4 0     2.2 0   152.9 0   974.5 0
 2026  10  1 10 16 19 16.317  64.15    46.2 0     8.3 0     0.1 0    46.0 0   333.8 0   277.330 0   277.346 0   328.9 0   276.547 0   276.684 0     6.4 0    24.5 0    37.7 0     0.0 0    37.7 0     3.8 0    73.9 0     3.2 0   148.8 0   974.5 0
 2026  10  1 10 16 20 16.333  64.10    43.6 0     8.0 0     0.2 0    43.4 0   333.6 0   277.333 0   277.339 0   328.4 0   276.552 0   276.688 0     6.0 0    23.0 0    35.5 0     0.0 0    35.5 0     3.8 0    73.7 0     4.7 0   139.5 0   974.5 0
 2026  10  1 10 16 21 16.350  64.05    41.8 0     7.7 0     0.1 0    41.6 0   333.3 0   277.336 0   277.348 0   328.3 0   276.557 0   276.693 0     5.8 0    22.0 0    34.0 0     0.0 0    34.0 0     3.8 0    73.6 0     3.5 0   142.1 0   974.5 0
 2026  10  1 10 16 22 16.367  64.00    41.6 0     7.7 0     0.2 0    41.3 0   333.3 0   277.341 0   277.347 0   328.5 0   276.563 0   276.697 0     5.9 0    21.9 0    33.7 0     0.0 0    33.7 0     3.8 0    74.1 0     3.1 0   160.0 0   974.5 0
 2026  10  1 10 16 23 16.383  63.95    42.2 0     7.9 0     0.2 0    41.9 0   333.4 0   277.344 0   277.346 0   328.7 0   276.568 0   276.702 0     6.0 0    22.2 0    34.1 0     0.0 0    34.1 0     3.8 0    73.8 0     3.6 0   142.3 0   974.4 0
 2026  10  1 10 16 24 16.400  63.90    43.3 0     8.1 0     0.2 0    42.9 0   333.5 0   277.347 0   277.356 0   328.6 0   276.572 0   276.708 0     6.3 0    22.7 0    34.9 0     0.0 0    34.9 0     3.8 0    73.5 0     3.8 0   132.8 0   974.2 0
 2026  10  1 10 16 25 16.417  63.85    45.9 0     8.6 0     0.2 0    45.3 0   333.5 0   277.352 0   277.365 0   328.6 0   276.578 0   276.713 0     6.7 0    24.0 0    36.8 0     0.0 0    36.8 0     3.9 0    73.4 0     3.9 0   133.4 0   974.0 0
 2026  10  1 10 16 26 16.433  63.81    49.6 0     9.3 0     0.2 0    48.8 0   333.9 0   277.356 0   277.366 0   328.7 0   276.583 0   276.716 0     7.3 0    25.8 0    39.6 0     0.0 0    39.6 0     3.8 0    73.8 0     3.8 0   130.0 0   973.9 0
 2026  10  1 10 16 27 16.450  63.76    51.8 0     9.7 0     0.2 0    51.1 0   334.2 0   277.360 0   277.372 0   328.8 0   276.586 0   276.720 0     7.6 0    26.8 0    41.5 0     0.0 0    41.5 0     3.8 0    73.8 0     4.4 0   131.7 0   973.8 0
 2026  10  1 10 16 28 16.467  63.72    50.7 0     9.6 0     0.2 0    50.4 0   334.2 0   277.363 0   277.374 0   328.7 0   276.589 0   276.723 0     7.3 0    26.1 0    40.9 0     0.0 0    40.9 0     3.8 0    73.6 0     4.7 0   140.3 0   973.6 0
 2026  10  1 10 16 29 16.483  63.67    48.3 0     9.2 0     0.2 0    48.2 0   333.9 0   277.365 0   277.374 0   328.6 0   276.591 0   276.723 0     6.9 0    24.8 0    39.0 0     0.0 0    39.0 0     3.8 0    74.0 0     4.3 0   140.3 0   973.5 0
 2026  10  1 10 16 30 16.500  63.63    46.1 0     8.9 0     0.2 0    46.1 0   333.7 0   277.366 0   277.369 0   328.7 0   276.592 0   276.726 0     6.4 0    23.7 0    37.2 0     0.0 0    37.2 0     3.8 0    73.7 0     3.6 0   152.9 0   973.5 0
 2026  10  1 10 16 31 16.517  63.59    46.4 0     9.1 0     0.2 0    46.1 0   333.5 0   277.367 0   277.369 0   328.8 0   276.595 0   276.731 0     6.4 0    23.9 0    37.1 0     0.0 0    37.1 0     3.8 0    73.8 0     4.3 0   132.0 0   973.4 0
 2026  10  1 10 16 32 16.533  63.55    51.9 0    10.0 0     0.2 0    50.8 0   333.5 0   277.371 0   277.399 0   329.1 0   276.600 0   276.741 0     7.3 0    26.8 0    40.9 0     0.0 0    40.9 0     3.8 0    73.4 0     2.6 0   118.3 0   973.3 0
 2026  10  1 10 16 33 16.550  63.51    60.5 0    11.4 0     0.2 0    58.8 0   333.7 0   277.380 0   277.407 0   329.8 0   276.607 0   276.750 0     8.5 0    31.2 0    47.4 0     0.0 0    47.4 0     3.9 0    73.5 0     3.1 0    93.3 0   973.3 0
 2026  10  1 10 16 34 16.567  63.47    65.1 0    12.2 0     0.2 0    63.8 0   333.8 0   277.389 0   277.407 0   329.7 0   276.615 0   276.760 0     9.2 0    33.5 0    51.7 0     0.0 0    51.7 0     3.9 0    73.3 0     2.9 0    96.8 0   973.4 0
 2026  10  1 10 16 35 16.583  63.43    63.7 0    11.8 0     0.1 0    62.9 0   333.4 0   277.399 0   277.452 0   330.6 0   276.622 0   276.770 0     8.9 0    32.7 0    51.2 0     0.0 0    51.2 0     3.9 0    73.3 0     1.5 0   120.0 0   973.5 0
 2026  10  1 10 16 36 16.600  63.39    57.5 0    10.7 0     0.1 0    57.3 0   332.7 0   277.412 0   277.462 0   331.5 0   276.631 0   276.779 0     8.1 0    29.6 0    46.7 0     0.0 0    46.7 0     4.0 0    73.1 0     0.6 0   191.9 0   973.6 0
 2026  10  1 10 16 37 16.617  63.35    50.5 0     9.4 0     0.1 0    50.5 0   332.3 0   277.423 0   277.462 0   331.7 0   276.640 0   276.788 0     7.1 0    26.1 0    41.1 0     0.0 0    41.1 0     4.0 0    73.2 0     0.9 0   331.5 0   973.7 0
 2026  10  1 10 16 38 16.633  63.32    47.1 0     8.9 0     0.1 0    46.9 0   332.0 0   277.434 0   277.459 0   331.2 0   276.650 0   276.794 0     6.6 0    24.4 0    38.1 0     0.0 0    38.1 0     4.1 0    72.9 0     1.3 0    26.6 0   973.8 0
 2026  10  1 10 16 39 16.650  63.28    46.7 0     8.9 0     0.2 0    46.3 0   331.9 0   277.444 0   277.475 0   331.3 0   276.660 0   276.802 0     6.5 0    24.2 0    37.5 0     0.0 0    37.5 0     4.1 0    73.0 0     1.2 0   353.0 0   973.7 0
 2026  10  1 10 16 40 16.667  63.25    49.5 0     9.4 0     0.2 0    48.7 0   332.1 0   277.452 0   277.460 0   330.9 0   276.669 0   276.812 0     7.0 0    25.6 0    39.4 0     0.0 0    39.4 0     4.1 0    73.0 0     2.2 0     8.0 0   973.6 0
 2026  10  1 10 16 41 16.683  63.22    52.4 0    10.0 0     0.3 0    51.7 0   332.3 0   277.461 0   277.490 0   330.6 0   276.680 0   276.827 0     7.4 0    27.0 0    41.8 0     0.0 0    41.8 0     4.1 0    72.5 0     2.5 0    11.4 0   973.4 0
 2026  10  1 10 16 42 16.700  63.18    54.5 0    10.4 0     0.2 0    53.8 0   332.3 0   277.474 0   277.512 0   330.8 0   276.694 0   276.845 0     7.6 0    28.0 0    43.5 0     0.0 0    43.5 0     4.1 0    72.3 0     2.2 0     9.6 0   973.2 0
 2026  10  1 10 16 43 16.717  63.15    56.8 0    10.9 0     0.2 0    56.2 0   332.6 0   277.488 0   277.538 0   331.1 0   276.708 0   276.858 0     8.0 0    29.2 0    45.4 0     0.0 0    45.4 0     4.1 0    72.5 0     2.0 0    66.2 0   973.1 0
 2026  10  1 10 16 44 16.733  63.12    59.4 0    11.4 0     0.2 0    58.7 0   332.8 0   277.505 0   277.558 0   331.0 0   276.724 0   276.878 0     8.3 0    30.4 0    47.4 0     0.0 0    47.4 0     4.2 0    71.9 0     2.5 0    91.0 0   972.9 0
 2026  10  1 10 16 45 16.750  63.09    62.2 0    12.0 0     0.2 0    61.5 0   332.9 0   277.525 0   277.591 0   331.1 0   276.739 0   276.890 0     8.7 0    31.7 0    49.6 0     0.0 0    49.6 0     4.2 0    71.9 0     1.8 0   117.5 0   972.6 0
 2026  10  1 10 16 46 16.767  63.06    66.0 0    12.9 0     0.2 0    65.0 0   332.9 0   277.545 0   277.600 0   331.3 0   276.752 0   276.900 0     9.2 0    33.4 0    52.2 0     0.0 0    52.2 0     4.2 0    72.8 0     3.3 0   113.1 0   972.5 0
 2026  10  1 10 16 47 16.783  63.03    72.0 0    14.2 0     0.2 0    70.7 0   333.2 0   277.562 0   277.606 0   330.7 0   276.762 0   276.906 0    10.1 0    36.2 0    56.6 0     0.0 0    56.6 0     4.1 0    73.1 0     4.6 0   114.5 0   972.4 0
 2026  10  1 10 16 48 16.800  63.00    77.7 0    15.3 0     0.3 0    76.2 0   333.7 0   277.575 0   277.616 0   331.1 0   276.769 0   276.916 0    10.9 0    38.8 0    61.0 0     0.0 0    61.0 0     4.0 0    73.5 0     3.0 0   112.3 0   972.4 0
 2026  10  1 10 16 49 16.817  62.98    82.6 0    16.1 0     0.3 0    80.9 0   333.7 0   277.587 0   277.642 0   331.7 0   276.776 0   276.928 0    11.6 0    41.1 0    64.9 0     0.0 0    64.9 0     4.0 0    73.8 0     4.0 0   110.4 0   972.4 0
 2026  10  1 10 16 50 16.833  62.95    86.8 0    16.8 0     0.3 0    85.0 0   333.7 0   277.600 0   277.651 0   331.5 0   276.784 0   276.937 0    12.3 0    43.2 0    68.4 0     0.0 0    68.4 0     4.0 0    73.5 0     4.2 0   113.3 0   972.4 0
 2026  10  1 10 16 51 16.850  62.92    84.6 0    16.2 0     0.3 0    83.7 0   333.8 0   277.609 0   277.663 0   331.6 0   276.791 0   276.941 0    12.0 0    42.2 0    67.6 0     0.0 0    67.6 0     4.0 0    73.4 0     3.1 0   113.3 0   972.4 0
 2026  10  1 10 16 52 16.867  62.90    75.5 0    14.5 0     0.3 0    75.4 0   333.7 0   277.619 0   277.672 0   332.0 0   276.798 0   276.948 0    10.6 0    37.8 0    61.1 0     0.0 0    61.1 0     4.0 0    73.9 0     2.9 0   114.0 0   972.4 0
 2026  10  1 10 16 53 16.883  62.88    67.9 0    13.0 0     0.2 0    67.6 0   333.3 0   277.630 0   277.676 0   332.3 0   276.806 0   276.956 0     9.6 0    34.2 0    54.7 0     0.0 0    54.7 0     4.0 0    74.1 0     2.4 0   100.1 0   972.5 0
 2026  10  1 10 16 54 16.900  62.85    63.8 0    12.2 0     0.2 0    63.5 0   333.2 0   277.639 0   277.672 0   332.2 0   276.815 0   276.966 0     9.0 0    32.2 0    51.4 0     0.0 0    51.4 0     4.1 0    73.3 0     2.1 0    76.2 0   972.6 0
 2026  10  1 10 16 55 16.917  62.83    60.2 0    11.4 0     0.2 0    59.7 0   333.2 0   277.647 0   277.704 0   332.2 0   276.825 0   276.979 0     8.6 0    30.6 0    48.4 0     0.0 0    48.4 0     4.1 0    73.0 0     2.5 0   160.5 0   972.7 0
 2026  10  1 10 16 56 16.933  62.81    57.7 0    10.8 0     0.1 0    57.3 0   333.1 0   277.661 0   277.732 0   332.2 0   276.838 0   276.990 0     8.3 0    29.5 0    46.5 0     0.0 0    46.5 0     4.2 0    72.8 0     1.1 0   133.9 0   972.7 0
 2026  10  1 10 16 57 16.950  62.79    55.7 0    10.4 0     0.2 0    55.1 0   333.0 0   277.677 0   277.703 0   331.9 0   276.850 0   276.997 0     7.9 0    28.6 0    44.8 0     0.0 0    44.8 0     4.2 0    73.3 0     2.0 0   359.9 0   972.7 0
 2026  10  1 10 16 58 16.967  62.77    55.5 0    10.4 0     0.3 0    54.8 0   333.0 0   277.685 0   277.691 0   331.7 0   276.861 0   277.003 0     7.9 0    28.7 0    44.6 0     0.0 0    44.6 0     4.2 0    73.2 0     2.5 0    28.4 0   972.6 0
 2026  10  1 10 16 59 16.983  62.75    54.1 0    10.1 0     0.3 0    53.6 0   333.0 0   277.689 0   277.692 0   331.4 0   276.870 0   277.012 0     7.7 0    28.1 0    43.7 0     0.0 0    43.7 0     4.2 0    72.5 0     3.3 0    21.5 0   972.6 0
 2026  10  1 10 17  0 17.000  62.74    51.8 0     9.6 0     0.3 0    51.6 0   332.7 0   277.693 0   277.709 0   331.5 0   276.881 0   277.025 0     7.4 0    27.1 0    42.1 0     0.0 0    42.1 0     4.2 0    72.5 0     2.6 0    48.1 0   972.6 0
 2026  10  1 10 17  1 17.017  62.72    49.3 0     9.1 0     0.3 0    49.2 0   332.4 0   277.701 0   277.716 0   331.2 0   276.891 0   277.031 0     7.1 0    25.9 0    40.2 0     0.0 0    40.2 0     4.3 0    72.6 0     2.9 0    45.9 0   972.6 0
 2026  10  1 10 17  2 17.033  62.70    45.5 0     8.4 0     0.3 0    45.7 0   332.3 0   277.706 0   277.692 0   330.7 0   276.901 0   277.043 0     6.6 0    24.0 0    37.5 0     0.0 0    37.5 0     4.3 0    72.3 0     4.5 0    42.7 0   972.7 0
 2026  10  1 10 17  3 17.050  62.69    42.2 0     7.7 0     0.2 0    42.5 0   331.9 0   277.712 0   277.715 0   330.6 0   276.913 0   277.054 0     6.2 0    22.5 0    34.9 0     0.0 0    34.9 0     4.3 0    72.2 0     2.5 0    32.2 0   972.8 0
 2026  10  1 10 17  4 17.067  62.67    39.4 0     7.2 0     0.2 0    39.6 0   331.6 0   277.721 0   277.738 0   330.9 0   276.923 0   277.061 0     5.8 0    21.1 0    32.5 0     0.0 0    32.5 0     4.3 0    72.2 0     1.6 0     1.4 0   972.9 0
 2026  10  1 10 17  5 17.083  62.66    37.7 0     6.9 0     0.2 0    37.8 0   331.5 0   277.731 0   277.748 0   331.3 0   276.932 0   277.067 0     5.6 0    20.3 0    31.0 0     0.0 0    31.0 0     4.3 0    72.6 0     0.8 0    14.3 0   973.0 0
 2026  10  1 10 17  6 17.100  62.65    37.3 0     6.8 0     0.2 0    37.2 0   331.2 0   277.740 0   277.746 0   331.4 0   276.940 0   277.075 0     5.6 0    20.0 0    30.5 0    -0.2 0    30.3 0     4.4 0    72.4 0     1.2 0    10.1 0   973.1 0
 2026  10  1 10 17  7 17.117  62.64    36.4 0     6.6 0     0.2 0    36.3 0   331.1 0   277.746 0   277.753 0   331.2 0   276.947 0   277.082 0     5.4 0    19.5 0    29.8 0    -0.2 0    29.6 0     4.4 0    72.2 0     0.3 0   219.1 0   973.2 0
 2026  10  1 10 17  8 17.133  62.63    35.5 0     6.5 0     0.1 0    35.5 0   330.8 0   277.752 0   277.765 0   331.4 0   276.955 0   277.092 0     5.3 0    19.1 0    29.1 0    -0.6 0    28.4 0     4.4 0    71.9 0     1.5 0   266.1 0   973.4 0
 2026  10  1 10 17  9 17.150  62.62    34.1 0     6.2 0     0.1 0    34.2 0   330.3 0   277.760 0   277.756 0   331.0 0   276.964 0   277.101 0     5.1 0    18.3 0    28.1 0    -0.8 0    27.3 0     4.4 0    71.8 0     2.3 0   280.7 0   973.5 0
 2026  10  1 10 17 10 17.167  62.61    31.2 0     5.7 0     0.1 0    31.7 0   329.8 0   277.767 0   277.743 0   330.7 0   276.974 0   277.108 0     4.6 0    16.8 0    26.0 0    -0.9 0    25.2 0     4.4 0    72.1 0     2.3 0   295.6 0   973.7 0
 2026  10  1 10 17 11 17.183  62.60    28.6 0     5.2 0     0.1 0    29.1 0   329.6 0   277.772 0   277.742 0   330.5 0   276.981 0   277.112 0     4.3 0    15.6 0    23.9 0    -0.9 0    23.0 0     4.4 0    72.2 0     1.5 0   287.0 0   973.8 0
 2026  10  1 10 17 12 17.200  62.59    29.4 0     5.4 0     0.1 0    29.4 0   329.8 0   277.776 0   277.751 0   330.5 0   276.988 0   277.118 0     4.3 0    16.1 0    24.1 0    -0.7 0    23.4 0     4.4 0    72.0 0     1.6 0   298.5 0   973.7 0
 2026  10  1 10 17 13 17.217  62.58    31.9 0     5.8 0     0.1 0    31.7 0   330.7 0   277.781 0   277.768 0   330.7 0   276.994 0   277.124 0     4.7 0    17.5 0    26.0 0     0.0 0    26.0 0     4.4 0    72.0 0     1.2 0   332.0 0   973.5 0
 2026  10  1 10 17 14 17.233  62.58    34.8 0     6.3 0     0.2 0    34.4 0   331.5 0   277.786 0   277.786 0   331.2 0   276.999 0   277.128 0     5.0 0    19.1 0    28.2 0     0.0 0    28.2 0     4.4 0    71.9 0     0.4 0   350.7 0   973.2 0
 2026  10  1 10 17 15 17.250  62.57    37.7 0     6.7 0     0.2 0    37.1 0   332.2 0   277.789 0   277.797 0   331.6 0   277.004 0   277.135 0     5.4 0    20.6 0    30.5 0     0.0 0    30.5 0     4.4 0    72.0 0     0.7 0    67.5 0   973.0 0
 2026  10  1 10 17 16 17.267  62.57    38.8 0     6.9 0     0.2 0    38.4 0   332.7 0   277.794 0   277.807 0   331.7 0   277.010 0   277.141 0     5.5 0    21.1 0    31.6 0     0.0 0    31.6 0     4.4 0    72.2 0     1.7 0    91.3 0   972.8 0
 2026  10  1 10 17 17 17.283  62.57    38.4 0     6.8 0     0.2 0    38.1 0   332.8 0   277.802 0   277.788 0   331.5 0   277.014 0   277.144 0     5.4 0    20.9 0    31.4 0     0.0 0    31.4 0     4.4 0    73.2 0     2.7 0    97.1 0   972.7 0
 2026  10  1 10 17 18 17.300  62.57    38.4 0     6.9 0     0.3 0    38.2 0   333.0 0   277.807 0   277.777 0   331.0 0   277.018 0   277.148 0     5.4 0    21.0 0    31.5 0     0.0 0    31.5 0     4.3 0    72.6 0     3.7 0   103.0 0   972.5 0
 2026  10  1 10 17 19 17.317  62.56    39.7 0     7.1 0     0.3 0    39.4 0   333.1 0   277.810 0   277.776 0   330.6 0   277.021 0   277.150 0     5.6 0    21.8 0    32.4 0     0.0 0    32.4 0     4.3 0    72.8 0     4.1 0    97.4 0   972.4 0
 2026  10  1 10 17 20 17.333  62.56    41.9 0     7.4 0     0.3 0    41.5 0   333.0 0   277.813 0   277.772 0   330.4 0   277.023 0   277.153 0     6.0 0    23.0 0    34.2 0     0.0 0    34.2 0     4.3 0    72.6 0     4.3 0   104.5 0   972.2 0
 2026  10  1 10 17 21 17.350  62.56    42.4 0     7.5 0     0.3 0    42.2 0   332.8 0   277.815 0   277.773 0   330.6 0   277.025 0   277.156 0     6.0 0    23.2 0    34.8 0     0.0 0    34.8 0     4.3 0    72.7 0     3.1 0   112.2 0   972.3 0
 2026  10  1 10 17 22 17.367  62.57    39.7 0     7.0 0     0.3 0    39.7 0   332.1 0   277.817 0   277.782 0   330.9 0   277.028 0   277.158 0     5.6 0    21.6 0    32.8 0     0.0 0    32.8 0     4.3 0    72.8 0     2.7 0    90.5 0   972.4 0
 2026  10  1 10 17 23 17.383  62.57    37.0 0     6.6 0     0.3 0    37.1 0   331.2 0   277.820 0   277.804 0   331.1 0   277.031 0   277.161 0     5.2 0    20.2 0    30.6 0     0.0 0    30.6 0     4.3 0    73.1 0     1.6 0    56.7 0   972.6 0
 2026  10  1 10 17 24 17.400  62.57    34.6 0     6.2 0     0.2 0    34.6 0   330.0 0   277.821 0   277.804 0   331.1 0   277.034 0   277.163 0     4.8 0    18.9 0    28.5 0    -1.1 0    27.4 0     4.3 0    72.6 0     1.3 0    30.1 0   972.8 0
 2026  10  1 10 17 25 17.417  62.58    33.6 0     6.0 0     0.2 0    33.4 0   328.0 0   277.820 0   277.794 0   331.0 0   277.037 0   277.166 0     4.7 0    18.3 0    27.6 0    -3.1 0    24.5 0     4.4 0    72.3 0     1.4 0    18.7 0   972.9 0
 2026  10  1 10 17 26 17.433  62.58    33.1 0     5.9 0     0.2 0    32.9 0   325.6 0   277.819 0   277.792 0   330.9 0   277.040 0   277.169 0     4.7 0    18.0 0    27.1 0    -5.4 0    21.7 0     4.4 0    72.2 0     0.8 0    10.8 0   973.0 0
 2026  10  1 10 17 27 17.450  62.59    33.2 0     6.0 0     0.2 0    33.1 0   324.5 0   277.819 0   277.795 0   331.0 0   277.044 0   277.172 0     4.7 0    18.0 0    27.2 0    -6.5 0    20.7 0     4.4 0    72.3 0     0.8 0   350.6 0   973.0 0
 2026  10  1 10 17 28 17.467  62.59    31.9 0     5.8 0     0.2 0    31.9 0   324.2 0   277.818 0   277.785 0   331.0 0   277.048 0   277.176 0     4.5 0    17.3 0    26.2 0    -6.8 0    19.4 0     4.4 0    72.7 0     0.6 0   351.9 0   973.0 0
 2026  10  1 10 17 29 17.483  62.60    31.6 0     5.7 0     0.2 0    31.4 0   324.3 0   277.817 0   277.775 0   331.0 0   277.052 0   277.179 0     4.5 0    17.2 0    25.8 0    -6.7 0    19.1 0     4.4 0    72.6 0     0.3 0   353.7 0   973.0 0
 2026  10  1 10 17 30 17.500  62.61    32.1 0     5.7 0     0.2 0    31.8 0   324.3 0   277.815 0   277.755 0   331.0 0   277.055 0   277.182 0     4.6 0    17.5 0    26.2 0    -6.7 0    19.5 0     4.5 0    72.8 0     0.9 0   347.1 0   973.1 0
 2026  10  1 10 17 31 17.517  62.62    32.2 0     5.8 0     0.2 0    32.0 0   323.9 0   277.810 0   277.720 0   330.7 0   277.058 0   277.185 0     4.7 0    17.5 0    26.3 0    -6.8 0    19.5 0     4.5 0    72.3 0     0.9 0   355.0 0   973.1 0
 2026  10  1 10 17 32 17.533  62.63    31.6 0     5.7 0     0.2 0    31.6 0   323.4 0   277.803 0   277.694 0   330.6 0   277.061 0   277.187 0     4.6 0    17.2 0    26.0 0    -7.2 0    18.8 0     4.5 0    72.1 0     0.8 0   327.8 0   973.2 0
 2026  10  1 10 17 33 17.550  62.64    30.5 0     5.6 0     0.1 0    30.7 0   323.0 0   277.797 0   277.677 0   330.4 0   277.063 0   277.188 0     4.4 0    16.6 0    25.2 0    -7.4 0    17.8 0     4.5 0    72.1 0     1.1 0   319.7 0   973.2 0
 2026  10  1 10 17 34 17.567  62.65    29.8 0     5.5 0     0.1 0    30.1 0   322.7 0   277.791 0   277.673 0   330.3 0   277.064 0   277.189 0     4.3 0    16.2 0    24.6 0    -7.5 0    17.1 0     4.5 0    72.2 0     0.8 0   315.5 0   973.2 0
 2026  10  1 10 17 35 17.583  62.66    30.4 0     5.7 0     0.1 0    30.5 0   322.6 0   277.786 0   277.673 0   330.3 0   277.065 0   277.190 0     4.5 0    16.5 0    24.9 0    -7.8 0    17.1 0     4.5 0    72.3 0     0.3 0   328.1 0   973.2 0
 2026  10  1 10 17 36 17.600  62.68    32.9 0     6.2 0     0.1 0    32.8 0   322.6 0   277.783 0   277.685 0   330.6 0   277.066 0   277.192 0     4.9 0    17.8 0    26.6 0    -7.9 0    18.6 0     4.5 0    72.2 0     0.0 0     0.0 0   973.1 0
 2026  10  1 10 17 37 17.617  62.69    39.0 0     7.3 0     0.1 0    38.4 0   323.1 0   277.780 0   277.692 0   330.7 0   277.066 0   277.193 0     5.8 0    20.9 0    31.1 0    -7.5 0    23.5 0     4.5 0    72.5 0     0.9 0    74.3 0   972.8 0
 2026  10  1 10 17 38 17.633  62.70    44.1 0     8.3 0     0.1 0    43.4 0   323.8 0   277.777 0   277.689 0   330.7 0   277.065 0   277.192 0     6.5 0    23.3 0    35.2 0    -6.9 0    28.3 0     4.5 0    72.7 0     2.1 0    80.5 0   972.5 0
 2026  10  1 10 17 39 17.650  62.72    47.5 0     9.0 0     0.2 0    47.1 0   324.1 0   277.773 0   277.657 0   330.7 0   277.064 0   277.191 0     7.0 0    25.0 0    38.1 0    -6.5 0    31.6 0     4.5 0    72.8 0     2.9 0    98.4 0   972.3 0
 2026  10  1 10 17 40 17.667  62.74    49.7 0     9.5 0     0.2 0    49.3 0   324.5 0   277.766 0   277.636 0   330.5 0   277.060 0   277.184 0     7.3 0    26.1 0    39.9 0    -5.9 0    34.0 0     4.4 0    74.6 0     3.6 0   121.0 0   972.1 0
 2026  10  1 10 17 41 17.683  62.75    54.9 0    10.5 0     0.3 0    54.0 0   325.8 0   277.756 0   277.609 0   330.2 0   277.053 0   277.175 0     8.0 0    28.9 0    43.6 0    -4.4 0    39.2 0     4.3 0    74.5 0     4.3 0   118.8 0   971.8 0
 2026  10  1 10 17 42 17.700  62.77    64.0 0    12.0 0     0.4 0    62.6 0   328.0 0   277.741 0   277.581 0   330.4 0   277.044 0   277.169 0     9.3 0    33.6 0    50.8 0    -2.4 0    48.4 0     4.3 0    74.5 0     4.0 0   107.1 0   971.6 0
 2026  10  1 10 17 43 17.717  62.79    65.3 0    12.1 0     0.4 0    64.8 0   328.8 0   277.729 0   277.573 0   330.9 0   277.035 0   277.162 0     9.5 0    34.1 0    52.8 0    -2.1 0    50.8 0     4.2 0    75.3 0     3.9 0    97.0 0   971.6 0
 2026  10  1 10 17 44 17.733  62.81    56.6 0    10.5 0     0.3 0    57.3 0   326.9 0   277.719 0   277.537 0   330.6 0   277.025 0   277.149 0     8.3 0    29.6 0    46.9 0    -3.7 0    43.2 0     4.2 0    75.3 0     3.7 0    98.7 0   971.6 0
 2026  10  1 10 17 45 17.750  62.83    44.7 0     8.4 0     0.3 0    45.9 0   324.5 0   277.705 0   277.492 0   330.3 0   277.014 0   277.134 0     6.5 0    23.4 0    37.6 0    -5.8 0    31.9 0     4.2 0    75.9 0     2.7 0    99.0 0   971.8 0
 2026  10  1 10 17 46 17.767  62.86    38.9 0     7.4 0     0.3 0    39.5 0   323.5 0   277.687 0   277.458 0   330.0 0   277.002 0   277.119 0     5.7 0    20.6 0    32.2 0    -6.5 0    25.8 0     4.2 0    76.8 0     1.9 0    90.7 0   971.9 0
 2026  10  1 10 17 47 17.783  62.88    39.0 0     7.4 0     0.3 0    39.1 0   323.4 0   277.667 0   277.434 0   329.9 0   276.990 0   277.104 0     5.8 0    20.6 0    31.9 0    -6.5 0    25.4 0     4.2 0    77.3 0     2.2 0    73.4 0   971.9 0
 2026  10  1 10 17 48 17.800  62.90    36.5 0     6.9 0     0.3 0    36.8 0   323.1 0   277.644 0   277.395 0   329.5 0   276.977 0   277.089 0     5.4 0    19.3 0    30.0 0    -6.4 0    23.6 0     4.2 0    76.8 0     2.6 0    58.4 0   972.0 0
 2026  10  1 10 17 49 17.817  62.93    31.5 0     6.1 0     0.2 0    32.1 0   322.8 0   277.616 0   277.356 0   329.2 0   276.963 0   277.073 0     4.6 0    16.7 0    26.2 0    -6.4 0    19.7 0     4.2 0    76.8 0     2.2 0    40.3 0   972.1 0
 2026  10  1 10 17 50 17.833  62.95    27.6 0     5.4 0     0.2 0    28.2 0   322.6 0   277.586 0   277.301 0   328.9 0   276.948 0   277.053 0     4.0 0    14.7 0    22.9 0    -6.3 0    16.5 0     4.1 0    77.6 0     2.3 0    28.0 0   972.2 0
 2026  10  1 10 17 51 17.850  62.98    27.0 0     5.4 0     0.2 0    27.5 0   322.4 0   277.554 0   277.259 0   328.7 0   276.931 0   277.034 0     4.0 0    14.5 0    22.2 0    -6.2 0    16.0 0     4.1 0    77.7 0     2.9 0    33.4 0   972.2 0
 2026  10  1 10 17 52 17.867  63.01    28.6 0     5.7 0     0.2 0    28.8 0   322.3 0   277.520 0   277.210 0   328.3 0   276.913 0   277.015 0     4.2 0    15.4 0    23.2 0    -6.0 0    17.2 0     4.1 0    77.1 0     3.4 0    35.3 0   972.2 0
 2026  10  1 10 17 53 17.883  63.03    30.8 0     6.2 0     0.2 0    30.9 0   322.3 0   277.484 0   277.178 0   328.0 0   276.891 0   276.991 0     4.6 0    16.4 0    24.8 0    -5.7 0    19.1 0     4.0 0    77.8 0     2.9 0    41.2 0   972.1 0
 2026  10  1 10 17 54 17.900  63.06    30.5 0     6.1 0     0.2 0    30.9 0   322.1 0   277.448 0   277.149 0   327.8 0   276.869 0   276.965 0     4.5 0    16.3 0    24.8 0    -5.7 0    19.1 0     4.0 0    78.6 0     2.8 0    39.5 0   972.0 0
 2026  10  1 10 17 55 17.917  63.09    30.4 0     6.2 0     0.1 0    30.6 0   321.9 0   277.414 0   277.131 0   327.7 0   276.843 0   276.934 0     4.5 0    16.3 0    24.5 0    -5.8 0    18.7 0     3.9 0    79.1 0     3.0 0    47.0 0   972.0 0
 2026  10  1 10 17 56 17.933  63.12    32.0 0     6.5 0     0.1 0    32.0 0   321.9 0   277.377 0   277.091 0   327.4 0   276.815 0   276.901 0     4.7 0    17.1 0    25.5 0    -5.5 0    20.0 0     3.9 0    79.3 0     3.7 0    48.8 0   971.9 0
 2026  10  1 10 17 57 17.950  63.15    34.9 0     7.2 0     0.2 0    34.7 0   322.2 0   277.336 0   277.040 0   327.2 0   276.781 0   276.866 0     5.1 0    18.6 0    27.6 0    -5.0 0    22.6 0     3.8 0    79.6 0     4.8 0    46.4 0   971.7 0
 2026  10  1 10 17 58 17.967  63.19    36.9 0     7.6 0     0.3 0    36.8 0   322.3 0   277.291 0   277.000 0   327.1 0   276.744 0   276.835 0     5.3 0    19.5 0    29.3 0    -4.8 0    24.5 0     3.7 0    79.8 0     4.6 0    48.0 0   971.5 0
 2026  10  1 10 17 59 17.983  63.22    38.5 0     7.9 0     0.3 0    38.3 0   322.3 0   277.245 0   276.965 0   327.1 0   276.708 0   276.800 0     5.5 0    20.3 0    30.5 0    -4.8 0    25.7 0     3.6 0    80.4 0     4.2 0    51.7 0   971.3 0
 2026  10  1 10 18  0 18.000  63.25    41.6 0     8.4 0     0.2 0    41.1 0   322.4 0   277.201 0   276.950 0   327.3 0   276.672 0   276.769 0     6.0 0    22.0 0    32.8 0    -4.9 0    27.9 0     3.6 0    80.7 0     3.5 0    60.6 0   971.2 0
 2026  10  1 10 18  1 18.017  63.29    45.3 0     8.9 0     0.2 0    44.7 0   323.0 0   277.163 0   276.948 0   327.4 0   276.638 0   276.735 0     6.5 0    24.0 0    35.9 0    -4.5 0    31.4 0     3.6 0    80.8 0     4.4 0    73.3 0   971.1 0
 2026  10  1 10 18  2 18.033  63.32    45.4 0     8.8 0     0.1 0    45.2 0   323.0 0   277.131 0   276.940 0   327.5 0   276.605 0   276.704 0     6.5 0    24.0 0    36.4 0    -4.5 0    32.0 0     3.6 0    81.3 0     4.7 0    93.2 0   971.1 0
 2026  10  1 10 18  3 18.050  63.36    43.6 0     8.4 0     0.1 0    43.5 0   323.0 0   277.103 0   276.921 0   327.3 0   276.570 0   276.676 0     6.2 0    23.1 0    35.2 0    -4.4 0    30.8 0     3.5 0    81.1 0     4.3 0    86.0 0   971.1 0
 2026  10  1 10 18  4 18.067  63.40    42.8 0     8.1 0     0.1 0    42.6 0   323.0 0   277.076 0   276.914 0   327.5 0   276.541 0   276.650 0     6.1 0    22.8 0    34.6 0    -4.5 0    30.1 0     3.5 0    81.0 0     2.8 0    75.4 0   971.2 0
 2026  10  1 10 18  5 18.083  63.43    40.0 0     7.5 0     0.1 0    40.0 0   322.8 0   277.053 0   276.899 0   327.5 0   276.516 0   276.623 0     5.7 0    21.3 0    32.6 0    -4.7 0    27.9 0     3.5 0    81.0 0     2.4 0    58.3 0   971.3 0
 2026  10  1 10 18  6 18.100  63.47    36.8 0     6.9 0     0.1 0    36.8 0   322.7 0   277.028 0   276.891 0   327.6 0   276.494 0   276.602 0     5.2 0    19.7 0    30.0 0    -4.9 0    25.1 0     3.5 0    81.2 0     2.6 0    56.7 0   971.5 0
 2026  10  1 10 18  7 18.117  63.51    35.4 0     6.5 0     0.1 0    35.3 0   322.5 0   277.008 0   276.874 0   327.6 0   276.475 0   276.585 0     5.0 0    19.0 0    28.8 0    -5.1 0    23.7 0     3.5 0    81.1 0     2.5 0    36.0 0   971.6 0
 2026  10  1 10 18  8 18.133  63.55    34.6 0     6.5 0     0.2 0    34.6 0   322.2 0   276.988 0   276.832 0   327.2 0   276.457 0   276.561 0     4.9 0    18.6 0    28.2 0    -5.0 0    23.2 0     3.5 0    80.5 0     3.6 0    35.5 0   971.7 0
 2026  10  1 10 18  9 18.150  63.59    32.5 0     6.2 0     0.2 0    32.6 0   321.9 0   276.963 0   276.802 0   326.9 0   276.435 0   276.537 0     4.6 0    17.5 0    26.5 0    -5.0 0    21.6 0     3.5 0    79.9 0     2.8 0    26.6 0   971.8 0
 2026  10  1 10 18 10 18.167  63.63    31.2 0     5.9 0     0.3 0    31.2 0   321.8 0   276.938 0   276.780 0   326.8 0   276.413 0   276.515 0     4.4 0    16.9 0    25.4 0    -5.0 0    20.4 0     3.4 0    80.1 0     2.8 0    14.3 0   972.0 0
 2026  10  1 10 18 11 18.183  63.68    31.7 0     5.9 0     0.3 0    31.5 0   322.0 0   276.915 0   276.760 0   326.8 0   276.392 0   276.498 0     4.5 0    17.1 0    25.7 0    -4.7 0    21.0 0     3.4 0    80.2 0     3.2 0     4.4 0   972.0 0
 2026  10  1 10 18 12 18.200  63.72    32.3 0     6.0 0     0.3 0    32.2 0   322.0 0   276.896 0   276.755 0   326.7 0   276.373 0   276.485 0     4.5 0    17.5 0    26.3 0    -4.7 0    21.6 0     3.4 0    80.4 0     2.6 0   359.0 0   971.9 0
 2026  10  1 10 18 13 18.217  63.77    31.6 0     5.9 0     0.2 0    31.7 0   321.9 0   276.880 0   276.749 0   326.7 0   276.356 0   276.465 0     4.4 0    17.0 0    25.9 0    -4.8 0    21.0 0     3.4 0    80.6 0     3.0 0   352.3 0   971.9 0
 2026  10  1 10 18 14 18.233  63.81    30.2 0     5.7 0     0.2 0    30.4 0   321.7 0   276.867 0   276.739 0   326.7 0   276.339 0   276.451 0     4.2 0    16.3 0    24.7 0    -4.9 0    19.8 0     3.4 0    80.6 0     3.2 0   346.5 0   972.0 0
 2026  10  1 10 18 15 18.250  63.86    29.7 0     5.7 0     0.2 0    29.8 0   321.6 0   276.856 0   276.739 0   326.6 0   276.324 0   276.437 0     4.1 0    16.0 0    24.2 0    -5.0 0    19.2 0     3.4 0    80.6 0     3.9 0   336.8 0   972.0 0
 2026  10  1 10 18 16 18.267  63.90    28.3 0     5.4 0     0.1 0    28.5 0   321.6 0   276.847 0   276.740 0   326.5 0   276.310 0   276.425 0     3.9 0    15.3 0    23.1 0    -4.9 0    18.2 0     3.4 0    80.7 0     3.8 0   320.9 0   972.1 0
 2026  10  1 10 18 17 18.283  63.95    27.5 0     5.3 0     0.1 0    27.7 0   321.6 0   276.840 0   276.745 0   326.4 0   276.298 0   276.417 0     3.8 0    14.9 0    22.4 0    -4.8 0    17.6 0     3.4 0    80.3 0     3.7 0   308.1 0   972.1 0
 2026  10  1 10 18 18 18.300  64.00    27.8 0     5.3 0     0.1 0    27.9 0   321.9 0   276.832 0   276.736 0   326.2 0   276.286 0   276.405 0     3.9 0    15.1 0    22.6 0    -4.3 0    18.3 0     3.4 0    79.5 0     3.5 0   313.5 0   972.1 0
 2026  10  1 10 18 19 18.317  64.05    30.2 0     5.7 0     0.1 0    30.0 0   322.2 0   276.824 0   276.749 0   326.5 0   276.276 0   276.403 0     4.2 0    16.4 0    24.3 0    -4.3 0    20.0 0     3.4 0    79.4 0     2.5 0   321.7 0   972.0 0
 2026  10  1 10 18 20 18.333  64.10    33.7 0     6.2 0     0.1 0    33.3 0   322.7 0   276.821 0   276.790 0   327.1 0   276.276 0   276.418 0     4.7 0    18.2 0    27.2 0    -4.4 0    22.8 0     3.5 0    79.3 0     1.0 0   305.1 0   971.9 0
 2026  10  1 10 18 21 18.350  64.15    35.8 0     6.6 0     0.1 0    35.7 0   323.2 0   276.833 0   276.884 0   327.8 0   276.278 0   276.420 0     5.0 0    19.3 0    29.1 0    -4.5 0    24.6 0     3.6 0    79.1 0     0.2 0    28.3 0   971.8 0
 2026  10  1 10 18 22 18.367  64.20    37.0 0     6.8 0     0.1 0    36.8 0   322.8 0   276.857 0   276.871 0   327.8 0   276.282 0   276.422 0     5.1 0    20.0 0    30.0 0    -5.0 0    25.1 0     3.7 0    78.8 0     1.0 0    62.1 0   971.8 0
 2026  10  1 10 18 23 18.383  64.26    40.4 0     7.5 0     0.2 0    39.8 0   322.8 0   276.869 0   276.856 0   327.7 0   276.284 0   276.415 0     5.5 0    21.6 0    32.4 0    -4.9 0    27.5 0     3.7 0    78.4 0     2.1 0    51.7 0   971.7 0
 2026  10  1 10 18 24 18.400  64.31    42.2 0     7.8 0     0.2 0    41.8 0   323.0 0   276.874 0   276.860 0   327.9 0   276.284 0   276.417 0     5.8 0    22.5 0    34.0 0    -5.0 0    29.1 0     3.6 0    78.4 0     1.8 0    42.2 0   971.6 0
 2026  10  1 10 18 25 18.417  64.36    42.4 0     7.8 0     0.2 0    42.0 0   323.0 0   276.877 0   276.874 0   328.3 0   276.283 0   276.416 0     5.8 0    22.6 0    34.3 0    -5.3 0    29.0 0     3.6 0    78.9 0     1.3 0    54.6 0   971.6 0
 2026  10  1 10 18 26 18.433  64.42    39.7 0     7.3 0     0.2 0    39.7 0   323.0 0   276.883 0   276.874 0   328.4 0   276.283 0   276.418 0     5.4 0    21.1 0    32.5 0    -5.4 0    27.2 0     3.6 0    79.0 0     2.1 0    75.0 0   971.6 0
 2026  10  1 10 18 27 18.450  64.47    35.9 0     6.7 0     0.2 0    36.2 0   322.9 0   276.889 0   276.852 0   328.0 0   276.283 0   276.413 0     4.8 0    19.2 0    29.6 0    -5.1 0    24.5 0     3.6 0    79.5 0     2.5 0   106.5 0   971.7 0
 2026  10  1 10 18 28 18.467  64.53    36.8 0     6.8 0     0.2 0    36.6 0   322.9 0   276.895 0   276.868 0   328.0 0   276.281 0   276.413 0     5.0 0    19.7 0    29.9 0    -5.1 0    24.8 0     3.6 0    79.7 0     1.5 0    99.1 0   971.7 0
 2026  10  1 10 18 29 18.483  64.59    37.1 0     6.8 0     0.2 0    37.0 0   322.9 0   276.903 0   276.891 0   328.3 0   276.281 0   276.414 0     5.0 0    19.9 0    30.3 0    -5.4 0    24.9 0     3.6 0    80.0 0     1.5 0    82.9 0   971.7 0
 2026  10  1 10 18 30 18.500  64.64    36.1 0     6.7 0     0.2 0    36.0 0   322.7 0   276.910 0   276.890 0   328.3 0   276.281 0   276.413 0     4.9 0    19.3 0    29.4 0    -5.6 0    23.8 0     3.6 0    80.1 0     1.7 0    77.3 0   971.7 0
 2026  10  1 10 18 31 18.517  64.70    35.1 0     6.5 0     0.2 0    35.1 0   322.7 0   276.915 0   276.872 0   328.0 0   276.280 0   276.409 0     4.7 0    18.8 0    28.7 0    -5.3 0    23.4 0     3.6 0    80.1 0     2.3 0    72.7 0   971.7 0
 2026  10  1 10 18 32 18.533  64.76    34.4 0     6.3 0     0.3 0    34.3 0   322.9 0   276.914 0   276.874 0   327.9 0   276.277 0   276.406 0     4.6 0    18.5 0    28.1 0    -5.1 0    23.0 0     3.5 0    79.9 0     1.5 0    58.6 0   971.7 0
 2026  10  1 10 18 33 18.550  64.82    32.6 0     5.9 0     0.2 0    32.6 0   322.8 0   276.912 0   276.884 0   328.0 0   276.275 0   276.404 0     4.4 0    17.6 0    26.8 0    -5.2 0    21.6 0     3.6 0    79.9 0     1.6 0    37.3 0   971.7 0
 2026  10  1 10 18 34 18.567  64.88    30.5 0     5.5 0     0.3 0    30.6 0   322.9 0   276.911 0   276.864 0   327.9 0   276.274 0   276.401 0     4.1 0    16.5 0    25.2 0    -5.0 0    20.1 0     3.5 0    79.8 0     1.5 0    23.3 0   971.7 0
 2026  10  1 10 18 35 18.583  64.95    29.7 0     5.4 0     0.3 0    29.6 0   323.0 0   276.910 0   276.859 0   327.9 0   276.272 0   276.399 0     4.0 0    16.2 0    24.4 0    -4.9 0    19.5 0     3.5 0    79.8 0     1.7 0    21.0 0   971.7 0
 2026  10  1 10 18 36 18.600  65.01    29.5 0     5.3 0     0.3 0    29.5 0   323.1 0   276.909 0   276.860 0   327.8 0   276.271 0   276.398 0     4.0 0    16.1 0    24.3 0    -4.7 0    19.5 0     3.5 0    79.9 0     1.6 0    22.9 0   971.7 0
 2026  10  1 10 18 37 18.617  65.07    29.3 0     5.3 0     0.3 0    29.3 0   323.1 0   276.910 0   276.858 0   327.8 0   276.270 0   276.398 0     3.9 0    16.0 0    24.1 0    -4.8 0    19.3 0     3.5 0    80.0 0     1.4 0    35.8 0   971.7 0
 2026  10  1 10 18 38 18.633  65.14    29.8 0     5.4 0     0.3 0    29.7 0   323.1 0   276.910 0   276.872 0   328.0 0   276.270 0   276.399 0     4.0 0    16.2 0    24.4 0    -4.9 0    19.5 0     3.6 0    80.2 0     1.3 0    40.7 0   971.7 0
 2026  10  1 10 18 39 18.650  65.20    31.8 0     5.8 0     0.3 0    31.5 0   323.1 0   276.911 0   276.868 0   328.0 0   276.270 0   276.401 0     4.3 0    17.3 0    25.9 0    -4.8 0    21.0 0     3.6 0    80.3 0     1.6 0    57.7 0   971.5 0
 2026  10  1 10 18 40 18.667  65.27    32.4 0     5.9 0     0.3 0    32.3 0   323.2 0   276.912 0   276.866 0   328.0 0   276.270 0   276.401 0     4.3 0    17.6 0    26.5 0    -4.8 0    21.7 0     3.6 0    80.6 0     1.8 0    48.3 0   971.5 0
 2026  10  1 10 18 41 18.683  65.33    31.4 0     5.7 0     0.3 0    31.5 0   323.4 0   276.912 0   276.835 0   327.9 0   276.270 0   276.401 0     4.2 0    17.0 0    25.9 0    -4.5 0    21.4 0     3.6 0    80.2 0     2.3 0    26.0 0   971.4 0
 2026  10  1 10 18 42 18.700  65.40    31.1 0     5.7 0     0.3 0    31.3 0   323.5 0   276.909 0   276.817 0   327.7 0   276.271 0   276.405 0     4.2 0    17.0 0    25.7 0    -4.3 0    21.4 0     3.6 0    79.8 0     2.1 0    17.9 0   971.4 0
 2026  10  1 10 18 43 18.717  65.47    31.0 0     5.6 0     0.2 0    31.2 0   323.6 0   276.908 0   276.828 0   327.9 0   276.273 0   276.409 0     4.2 0    17.0 0    25.8 0    -4.3 0    21.5 0     3.6 0    80.2 0     1.6 0    51.6 0   971.4 0
 2026  10  1 10 18 44 18.733  65.54    30.2 0     5.4 0     0.2 0    30.5 0   323.7 0   276.915 0   276.871 0   328.1 0   276.278 0   276.416 0     4.1 0    16.6 0    25.2 0    -4.5 0    20.8 0     3.7 0    80.5 0     1.5 0    82.4 0   971.4 0
 2026  10  1 10 18 45 18.750  65.61    30.2 0     5.4 0     0.2 0    30.3 0   323.7 0   276.924 0   276.862 0   327.9 0   276.281 0   276.412 0     4.1 0    16.7 0    24.9 0    -4.2 0    20.7 0     3.7 0    79.9 0     1.9 0    56.8 0   971.4 0
 2026  10  1 10 18 46 18.767  65.68    31.1 0     5.5 0     0.2 0    31.2 0   324.1 0   276.927 0   276.849 0   328.2 0   276.283 0   276.421 0     4.2 0    17.2 0    25.8 0    -4.1 0    21.7 0     3.7 0    79.6 0     1.9 0    44.8 0   971.3 0
 2026  10  1 10 18 47 18.783  65.75    30.0 0     5.3 0     0.2 0    30.3 0   324.2 0   276.928 0   276.854 0   328.2 0   276.289 0   276.431 0     4.0 0    16.6 0    25.1 0    -4.0 0    21.1 0     3.8 0    79.7 0     1.4 0    42.7 0   971.2 0
 2026  10  1 10 18 48 18.800  65.82    28.8 0     5.1 0     0.1 0    29.2 0   324.4 0   276.932 0   276.871 0   328.3 0   276.295 0   276.435 0     3.9 0    16.1 0    24.2 0    -3.9 0    20.2 0     3.8 0    80.0 0     1.7 0    97.1 0   971.3 0
 2026  10  1 10 18 49 18.817  65.89    28.7 0     5.1 0     0.0 0    29.1 0   325.0 0   276.943 0   276.887 0   328.5 0   276.301 0   276.444 0     3.9 0    16.0 0    24.0 0    -3.5 0    20.5 0     3.8 0    80.2 0     2.1 0   142.2 0   971.3 0
 2026  10  1 10 18 50 18.833  65.97    29.9 0     5.2 0    -0.1 0    30.4 0   325.5 0   276.965 0   276.938 0   329.0 0   276.315 0   276.473 0     4.1 0    16.8 0    25.2 0    -3.4 0    21.7 0     3.9 0    79.9 0     2.2 0   142.1 0   971.2 0
 2026  10  1 10 18 51 18.850  66.04    30.9 0     5.4 0    -0.1 0    31.5 0   325.5 0   277.001 0   276.974 0   329.1 0   276.334 0   276.492 0     4.2 0    17.4 0    26.2 0    -3.6 0    22.5 0     4.0 0    79.4 0     2.2 0    98.9 0   971.2 0
 2026  10  1 10 18 52 18.867  66.11    31.0 0     5.5 0    -0.1 0    31.8 0   325.4 0   277.038 0   276.991 0   329.2 0   276.352 0   276.507 0     4.2 0    17.5 0    26.3 0    -3.8 0    22.5 0     4.1 0    79.3 0     1.2 0   121.1 0   971.3 0
 2026  10  1 10 18 53 18.883  66.19    31.0 0     5.6 0    -0.1 0    31.6 0   325.2 0   277.070 0   276.995 0   329.2 0   276.365 0   276.511 0     4.2 0    17.4 0    26.0 0    -4.1 0    21.9 0     4.1 0    79.6 0     0.2 0   129.1 0   971.3 0
 2026  10  1 10 18 54 18.900  66.27    31.9 0     5.9 0     0.0 0    32.3 0   325.4 0   277.088 0   276.996 0   329.5 0   276.374 0   276.519 0     4.3 0    17.8 0    26.5 0    -4.1 0    22.4 0     4.1 0    79.6 0     1.0 0    76.5 0   971.3 0
 2026  10  1 10 18 55 18.917  66.34    33.4 0     6.2 0     0.0 0    33.8 0   325.8 0   277.103 0   277.022 0   329.8 0   276.383 0   276.535 0     4.5 0    18.6 0    27.7 0    -4.1 0    23.6 0     4.1 0    79.5 0     1.7 0    83.6 0   971.2 0
 2026  10  1 10 18 56 18.933  66.42    35.2 0     6.5 0     0.0 0    35.6 0   326.0 0   277.122 0   277.025 0   329.7 0   276.398 0   276.555 0     4.7 0    19.6 0    29.2 0    -3.8 0    25.4 0     4.2 0    79.6 0     1.8 0    77.5 0   971.2 0
 2026  10  1 10 18 57 18.950  66.50    37.4 0     6.9 0     0.0 0    37.8 0   325.8 0   277.143 0   277.026 0   329.6 0   276.411 0   276.561 0     5.0 0    20.7 0    30.9 0    -3.8 0    27.1 0     4.2 0    79.4 0     1.6 0    45.9 0   971.2 0
 2026  10  1 10 18 58 18.967  66.58    37.9 0     7.0 0     0.1 0    38.4 0   325.7 0   277.156 0   276.967 0   329.2 0   276.421 0   276.566 0     5.0 0    20.8 0    31.4 0    -3.5 0    27.9 0     4.1 0    79.1 0     2.0 0    39.4 0   971.1 0
 2026  10  1 10 18 59 18.983  66.66    36.8 0     6.9 0     0.1 0    37.4 0   326.0 0   277.155 0   276.962 0   329.2 0   276.427 0   276.567 0     4.9 0    20.2 0    30.5 0    -3.3 0    27.3 0     4.1 0    79.6 0     2.4 0    64.5 0   971.1 0
 2026  10  1 10 19  0 19.000  66.74    36.6 0     6.8 0     0.0 0    37.2 0   326.4 0   277.156 0   277.003 0   329.5 0   276.436 0   276.588 0     4.9 0    20.2 0    30.5 0    -3.1 0    27.4 0     4.1 0    80.0 0     2.7 0    91.6 0   971.0 0
 2026  10  1 10 19  1 19.017  66.82    36.9 0     6.7 0    -0.1 0    37.7 0   326.6 0   277.168 0   277.020 0   329.6 0   276.451 0   276.608 0     4.9 0    20.4 0    30.9 0    -3.0 0    27.9 0     4.1 0    79.9 0     2.1 0   100.8 0   971.0 0
 2026  10  1 10 19  2 19.033  66.90    37.1 0     6.8 0    -0.1 0    37.9 0   326.6 0   277.185 0   277.035 0   329.8 0   276.466 0   276.623 0     4.9 0    20.5 0    31.1 0    -3.2 0    27.9 0     4.1 0    79.8 0     2.4 0   140.7 0   971.0 0
 2026  10  1 10 19  3 19.050  66.98    38.0 0     6.9 0    -0.1 0    38.7 0   326.6 0   277.204 0   277.045 0   329.7 0   276.482 0   276.636 0     5.0 0    20.9 0    31.8 0    -3.2 0    28.6 0     4.2 0    79.6 0     2.1 0   151.4 0   971.0 0
 2026  10  1 10 19  4 19.067  67.07    36.9 0     6.8 0    -0.1 0    37.9 0   326.6 0   277.222 0   277.048 0   329.9 0   276.495 0   276.645 0     4.9 0    20.3 0    31.1 0    -3.3 0    27.8 0     4.2 0    79.8 0     1.8 0   144.6 0   971.1 0
 2026  10  1 10 19  5 19.083  67.15    34.4 0     6.4 0    -0.1 0    35.4 0   326.5 0   277.238 0   277.034 0   330.0 0   276.505 0   276.651 0     4.6 0    18.9 0    29.0 0    -3.5 0    25.6 0     4.2 0    79.9 0     0.9 0   116.8 0   971.1 0
 2026  10  1 10 19  6 19.100  67.23    32.3 0     6.1 0     0.0 0    33.3 0   326.5 0   277.249 0   277.038 0   330.2 0   276.513 0   276.665 0     4.3 0    17.8 0    27.2 0    -3.7 0    23.5 0     4.2 0    80.2 0     0.6 0    16.5 0   971.1 0
 2026  10  1 10 19  7 19.117  67.32    32.4 0     6.2 0     0.0 0    33.2 0   326.4 0   277.260 0   277.049 0   330.2 0   276.523 0   276.674 0     4.3 0    17.8 0    27.0 0    -3.7 0    23.3 0     4.2 0    80.1 0     0.4 0   109.9 0   971.1 0
 2026  10  1 10 19  8 19.133  67.41    34.6 0     6.6 0     0.0 0    35.2 0   326.6 0   277.272 0   277.043 0   330.1 0   276.532 0   276.682 0     4.6 0    18.8 0    28.6 0    -3.5 0    25.1 0     4.3 0    80.1 0     1.6 0   213.9 0   971.0 0
 2026  10  1 10 19  9 19.150  67.49    36.9 0     6.9 0     0.0 0    37.4 0   326.9 0   277.281 0   277.035 0   330.0 0   276.543 0   276.693 0     4.9 0    19.9 0    30.5 0    -3.2 0    27.3 0     4.3 0    79.8 0     1.5 0   184.9 0   970.9 0
 2026  10  1 10 19 10 19.167  67.58    36.4 0     6.8 0     0.0 0    37.1 0   326.9 0   277.289 0   277.034 0   330.0 0   276.553 0   276.699 0     4.8 0    19.7 0    30.4 0    -3.1 0    27.2 0     4.3 0    79.8 0     1.9 0   151.6 0   970.9 0
 2026  10  1 10 19 11 19.183  67.67    35.8 0     6.7 0     0.0 0    36.5 0   326.9 0   277.295 0   277.035 0   330.0 0   276.559 0   276.701 0     4.7 0    19.4 0    29.8 0    -3.1 0    26.8 0     4.3 0    80.4 0     1.4 0    89.9 0   970.9 0
 2026  10  1 10 19 12 19.200  67.76    35.1 0     6.6 0     0.0 0    35.8 0   327.1 0   277.297 0   277.039 0   330.1 0   276.564 0   276.705 0     4.6 0    19.0 0    29.2 0    -3.1 0    26.2 0     4.2 0    80.8 0     1.7 0   125.3 0   970.9 0
 2026  10  1 10 19 13 19.217  67.84    35.1 0     6.6 0     0.0 0    35.7 0   327.1 0   277.297 0   277.031 0   330.0 0   276.569 0   276.708 0     4.5 0    19.1 0    29.2 0    -2.8 0    26.4 0     4.2 0    81.1 0     2.0 0   129.0 0   970.9 0
 2026  10  1 10 19 14 19.233  67.94    37.2 0     6.9 0     0.0 0    37.5 0   327.4 0   277.295 0   277.019 0   330.0 0   276.573 0   276.713 0     4.8 0    20.2 0    30.6 0    -2.6 0    28.1 0     4.2 0    81.7 0     1.9 0    87.2 0   970.8 0
 2026  10  1 10 19 15 19.250  68.03    41.2 0     7.5 0     0.0 0    41.0 0   327.8 0   277.290 0   277.006 0   329.8 0   276.578 0   276.724 0     5.3 0    22.1 0    33.6 0    -2.0 0    31.6 0     4.2 0    81.7 0     0.9 0    72.5 0   970.7 0
 2026  10  1 10 19 16 19.267  68.12    45.1 0     8.2 0     0.0 0    44.8 0   328.0 0   277.287 0   277.013 0   330.0 0   276.584 0   276.730 0     5.8 0    23.9 0    36.6 0    -1.9 0    34.7 0     4.2 0    81.6 0     3.1 0   152.4 0   970.7 0
 2026  10  1 10 19 17 19.283  68.21    49.2 0     8.9 0     0.1 0    48.9 0   328.3 0   277.284 0   276.999 0   329.7 0   276.590 0   276.731 0     6.2 0    25.9 0    40.0 0    -1.4 0    38.6 0     4.1 0    81.9 0     4.4 0   143.4 0   970.6 0
 2026  10  1 10 19 18 19.300  68.30    52.3 0     9.5 0     0.1 0    52.0 0   328.6 0   277.279 0   276.984 0   329.8 0   276.593 0   276.734 0     6.6 0    27.2 0    42.5 0    -1.2 0    41.3 0     4.1 0    82.4 0     3.4 0   118.0 0   970.6 0
 2026  10  1 10 19 19 19.317  68.39    52.0 0     9.4 0     0.1 0    52.0 0   328.6 0   277.270 0   276.977 0   330.1 0   276.596 0   276.740 0     6.5 0    26.8 0    42.6 0    -1.4 0    41.2 0     4.0 0    82.7 0     2.7 0   122.8 0   970.5 0
 2026  10  1 10 19 20 19.333  68.49    48.0 0     8.7 0     0.1 0    48.3 0   328.5 0   277.261 0   276.969 0   330.3 0   276.599 0   276.741 0     5.9 0    24.8 0    39.6 0    -1.8 0    37.8 0     4.0 0    82.9 0     2.5 0    81.0 0   970.5 0
 2026  10  1 10 19 21 19.350  68.58    44.7 0     8.1 0     0.1 0    45.1 0   328.4 0   277.251 0   276.955 0   330.2 0   276.601 0   276.738 0     5.5 0    23.2 0    36.9 0    -1.9 0    35.1 0     4.0 0    83.3 0     2.8 0    96.6 0   970.4 0
 2026  10  1 10 19 22 19.367  68.68    45.8 0     8.3 0     0.1 0    45.6 0   328.7 0   277.241 0   276.948 0   330.0 0   276.601 0   276.737 0     5.7 0    23.9 0    37.4 0    -1.3 0    36.0 0     4.0 0    83.5 0     3.0 0    97.7 0   970.4 0
 2026  10  1 10 19 23 19.383  68.77    48.8 0     8.7 0     0.1 0    48.4 0   329.0 0   277.231 0   276.946 0   330.4 0   276.601 0   276.741 0     6.0 0    25.4 0    39.7 0    -1.4 0    38.3 0     4.0 0    83.7 0     1.4 0    86.7 0   970.3 0
 2026  10  1 10 19 24 19.400  68.87    50.5 0     8.9 0     0.0 0    50.1 0   329.2 0   277.224 0   276.953 0   330.9 0   276.603 0   276.745 0     6.2 0    26.2 0    41.2 0    -1.7 0    39.5 0     4.0 0    83.8 0     1.3 0   127.6 0   970.3 0
 2026  10  1 10 19 25 19.417  68.97    49.6 0     8.8 0     0.0 0    49.6 0   329.5 0   277.220 0   276.960 0   331.3 0   276.605 0   276.749 0     6.1 0    25.7 0    40.8 0    -1.8 0    39.0 0     4.0 0    83.9 0     1.0 0    95.8 0   970.2 0
 2026  10  1 10 19 26 19.433  69.07    47.4 0     8.4 0     0.0 0    47.6 0   329.5 0   277.219 0   276.961 0   331.3 0   276.607 0   276.750 0     5.8 0    24.6 0    39.2 0    -1.8 0    37.4 0     4.0 0    83.9 0     2.3 0   115.7 0   970.2 0
 2026  10  1 10 19 27 19.450  69.16    45.7 0     8.1 0     0.1 0    45.9 0   329.7 0   277.217 0   276.939 0   330.8 0   276.609 0   276.754 0     5.6 0    23.7 0    37.8 0    -1.1 0    36.7 0     4.0 0    83.9 0     2.7 0   134.3 0   970.2 0
 2026  10  1 10 19 28 19.467  69.26    43.6 0     7.7 0     0.1 0    43.9 0   329.7 0   277.212 0   276.913 0   330.2 0   276.612 0   276.752 0     5.3 0    22.7 0    36.3 0    -0.5 0    35.7 0     4.0 0    83.8 0     2.5 0   163.4 0   970.1 0
 2026  10  1 10 19 29 19.483  69.36    41.7 0     7.4 0     0.1 0    41.9 0   329.7 0   277.206 0   276.910 0   330.3 0   276.614 0   276.752 0     5.1 0    21.8 0    34.5 0    -0.6 0    33.9 0     4.0 0    83.8 0     1.8 0   147.5 0   970.1 0
 2026  10  1 10 19 30 19.500  69.46    43.6 0     7.8 0     0.1 0    43.4 0   329.9 0   277.203 0   276.907 0   330.4 0   276.614 0   276.750 0     5.3 0    22.8 0    35.7 0    -0.5 0    35.2 0     4.0 0    83.9 0     2.4 0   104.6 0   969.9 0
 2026  10  1 10 19 31 19.517  69.56    46.3 0     8.2 0     0.1 0    46.0 0   330.1 0   277.198 0   276.892 0   330.3 0   276.613 0   276.747 0     5.6 0    24.1 0    37.8 0    -0.3 0    37.5 0     4.0 0    84.0 0     2.0 0    96.7 0   969.8 0
 2026  10  1 10 19 32 19.533  69.67    47.6 0     8.5 0     0.1 0    47.4 0   330.1 0   277.190 0   276.890 0   330.3 0   276.611 0   276.743 0     5.7 0    24.8 0    39.0 0    -0.2 0    38.8 0     4.0 0    84.2 0     3.2 0   109.7 0   969.6 0
 2026  10  1 10 19 33 19.550  69.77    49.0 0     8.7 0     0.1 0    48.9 0   330.0 0   277.184 0   276.883 0   330.3 0   276.607 0   276.739 0     5.8 0    25.6 0    40.2 0    -0.3 0    39.9 0     3.9 0    84.4 0     2.8 0   124.8 0   969.4 0
 2026  10  1 10 19 34 19.567  69.87    50.8 0     9.0 0     0.1 0    50.4 0   329.8 0   277.176 0   276.879 0   330.3 0   276.603 0   276.735 0     6.0 0    26.4 0    41.5 0    -0.5 0    40.9 0     3.9 0    84.7 0     4.0 0   112.8 0   969.4 0
 2026  10  1 10 19 35 19.583  69.97    54.0 0     9.6 0     0.2 0    53.4 0   329.5 0   277.167 0   276.866 0   329.8 0   276.598 0   276.727 0     6.3 0    28.0 0    43.9 0    -0.3 0    43.6 0     3.9 0    85.0 0     4.1 0   133.4 0   969.3 0
 2026  10  1 10 19 36 19.600  70.08    56.6 0    10.1 0     0.2 0    56.0 0   329.5 0   277.159 0   276.884 0   329.9 0   276.592 0   276.720 0     6.6 0    29.2 0    46.1 0    -0.4 0    45.7 0     3.8 0    85.4 0     5.5 0   137.9 0   969.2 0
 2026  10  1 10 19 37 19.617  70.18    58.9 0    10.5 0     0.2 0    58.2 0   329.4 0   277.153 0   276.898 0   330.0 0   276.585 0   276.713 0     6.8 0    30.2 0    47.8 0    -0.5 0    47.3 0     3.7 0    85.9 0     4.2 0   105.7 0   969.2 0
 2026  10  1 10 19 38 19.633  70.29    60.7 0    10.7 0     0.2 0    60.0 0   329.4 0   277.146 0   276.912 0   330.3 0   276.578 0   276.712 0     7.0 0    31.0 0    49.3 0    -0.9 0    48.4 0     3.7 0    86.2 0     2.6 0   130.6 0   969.2 0
 2026  10  1 10 19 39 19.650  70.39    59.8 0    10.5 0     0.2 0    59.3 0   329.4 0   277.141 0   276.916 0   330.6 0   276.575 0   276.713 0     6.8 0    30.5 0    48.8 0    -1.1 0    47.7 0     3.7 0    86.3 0     3.0 0   126.6 0   969.3 0
 2026  10  1 10 19 40 19.667  70.50    62.0 0    10.9 0     0.2 0    61.0 0   329.4 0   277.138 0   276.922 0   330.7 0   276.573 0   276.714 0     7.1 0    31.5 0    50.2 0    -1.4 0    48.8 0     3.7 0    86.4 0     2.2 0   135.9 0   969.4 0
 2026  10  1 10 19 41 19.683  70.61    65.1 0    11.4 0     0.2 0    64.1 0   329.2 0   277.137 0   276.932 0   331.1 0   276.573 0   276.719 0     7.4 0    32.9 0    52.7 0    -1.8 0    50.9 0     3.7 0    86.5 0     2.3 0   131.5 0   969.5 0
 2026  10  1 10 19 42 19.700  70.71    67.1 0    11.8 0     0.1 0    66.0 0   328.8 0   277.138 0   276.944 0   331.3 0   276.576 0   276.724 0     7.6 0    33.7 0    54.3 0    -2.5 0    51.8 0     3.7 0    86.6 0     1.0 0   186.6 0   969.6 0
 2026  10  1 10 19 43 19.717  70.82    68.2 0    11.9 0     0.1 0    67.0 0   328.7 0   277.140 0   276.947 0   331.8 0   276.579 0   276.732 0     7.7 0    33.9 0    55.1 0    -3.2 0    52.0 0     3.8 0    86.6 0     0.9 0    70.3 0   969.6 0
 2026  10  1 10 19 44 19.733  70.93    66.9 0    11.7 0     0.2 0    66.0 0   328.7 0   277.142 0   276.943 0   331.9 0   276.584 0   276.737 0     7.5 0    33.1 0    54.4 0    -3.2 0    51.2 0     3.8 0    86.6 0     1.2 0   114.7 0   969.7 0
 2026  10  1 10 19 45 19.750  71.04    61.7 0    10.8 0     0.1 0    61.3 0   328.6 0   277.146 0   276.945 0   332.2 0   276.589 0   276.742 0     7.0 0    30.4 0    50.5 0    -3.6 0    46.9 0     3.8 0    86.6 0     0.1 0   162.4 0   969.7 0
 2026  10  1 10 19 46 19.767  71.15    54.0 0     9.5 0     0.2 0    54.3 0   328.6 0   277.151 0   276.936 0   331.8 0   276.595 0   276.747 0     6.1 0    26.6 0    44.9 0    -3.2 0    41.7 0     3.9 0    86.6 0     0.3 0   206.8 0   969.7 0
 2026  10  1 10 19 47 19.783  71.26    49.1 0     8.7 0     0.1 0    49.1 0   328.5 0   277.155 0   276.925 0   331.5 0   276.601 0   276.750 0     5.6 0    24.3 0    40.5 0    -3.1 0    37.4 0     3.9 0    86.5 0     0.4 0   262.5 0   969.7 0
 2026  10  1 10 19 48 19.800  71.37    44.5 0     8.0 0     0.2 0    45.0 0   328.3 0   277.160 0   276.942 0   331.3 0   276.606 0   276.753 0     5.1 0    22.1 0    37.0 0    -3.0 0    34.1 0     3.9 0    86.3 0     2.0 0   230.3 0   969.7 0
 2026  10  1 10 19 49 19.817  71.48    39.3 0     7.1 0     0.2 0    39.9 0   328.2 0   277.162 0   276.917 0   330.9 0   276.611 0   276.755 0     4.6 0    19.5 0    32.8 0    -2.7 0    30.1 0     4.0 0    86.1 0     2.1 0   264.8 0   969.7 0
 2026  10  1 10 19 50 19.833  71.60    37.2 0     6.8 0     0.2 0    37.4 0   327.9 0   277.160 0   276.901 0   330.5 0   276.616 0   276.758 0     4.3 0    18.4 0    30.7 0    -2.6 0    28.0 0     4.0 0    86.0 0     1.1 0   271.9 0   969.7 0
 2026  10  1 10 19 51 19.850  71.71    37.6 0     6.9 0     0.1 0    37.7 0   327.7 0   277.159 0   276.890 0   330.5 0   276.619 0   276.759 0     4.3 0    18.5 0    30.8 0    -2.8 0    28.0 0     4.0 0    85.9 0     0.7 0   340.2 0   969.6 0
 2026  10  1 10 19 52 19.867  71.82    36.4 0     6.8 0     0.1 0    36.8 0   327.6 0   277.159 0   276.908 0   330.9 0   276.622 0   276.763 0     4.2 0    17.8 0    30.0 0    -3.3 0    26.8 0     4.0 0    85.9 0     0.1 0   311.5 0   969.6 0
 2026  10  1 10 19 53 19.883  71.94    33.2 0     6.3 0     0.1 0    34.0 0   327.4 0   277.162 0   276.914 0   331.0 0   276.624 0   276.764 0     3.7 0    16.3 0    27.7 0    -3.6 0    24.2 0     4.0 0    85.8 0     1.0 0   337.5 0   969.5 0
 2026  10  1 10 19 54 19.900  72.05    30.7 0     5.9 0     0.2 0    31.4 0   327.4 0   277.163 0   276.889 0   330.6 0   276.626 0   276.763 0     3.4 0    15.1 0    25.5 0    -3.2 0    22.3 0     4.0 0    85.7 0     1.7 0    17.4 0   969.4 0
 2026  10  1 10 19 55 19.917  72.17    33.5 0     6.4 0     0.2 0    33.6 0   327.6 0   277.161 0   276.892 0   330.5 0   276.627 0   276.764 0     3.7 0    16.5 0    27.3 0    -2.9 0    24.3 0     4.0 0    85.7 0     0.3 0    34.5 0   969.2 0
 2026  10  1 10 19 56 19.933  72.28    38.5 0     7.1 0     0.2 0    38.2 0   327.7 0   277.161 0   276.915 0   330.8 0   276.629 0   276.767 0     4.3 0    18.8 0    31.2 0    -3.0 0    28.1 0     4.1 0    85.9 0     0.6 0    32.2 0   969.0 0
 2026  10  1 10 19 57 19.950  72.40    39.6 0     7.4 0     0.2 0    39.8 0   327.9 0   277.164 0   276.927 0   330.9 0   276.629 0   276.764 0     4.3 0    19.3 0    32.4 0    -3.0 0    29.4 0     4.1 0    86.0 0     1.9 0    50.2 0   968.9 0
 2026  10  1 10 19 58 19.967  72.51    42.6 0     7.9 0     0.3 0    42.1 0   328.2 0   277.164 0   276.915 0   330.5 0   276.629 0   276.763 0     4.7 0    20.7 0    34.3 0    -2.3 0    32.0 0     4.0 0    86.1 0     2.3 0    96.7 0   968.7 0
 2026  10  1 10 19 59 19.983  72.63    45.5 0     8.4 0     0.3 0    45.4 0   328.3 0   277.161 0   276.907 0   330.5 0   276.627 0   276.759 0     4.9 0    21.8 0    37.1 0    -2.2 0    34.9 0     4.0 0    86.1 0     2.8 0   119.7 0   968.5 0
 2026  10  1 10 20  0 20.000  72.75    41.5 0     7.9 0     0.2 0    41.8 0   328.0 0   277.157 0   276.894 0   330.3 0   276.623 0   276.753 0     4.4 0    19.9 0    34.0 0    -2.3 0    31.7 0     3.9 0    86.2 0     2.1 0   106.5 0   968.4 0
 2026  10  1 10 20  1 20.017  72.87    44.2 0     8.2 0     0.2 0    43.8 0   328.4 0   277.151 0   276.893 0   330.4 0   276.618 0   276.752 0     4.7 0    21.2 0    35.6 0    -2.1 0    33.6 0     3.9 0    86.4 0     2.0 0    97.8 0   968.4 0
 2026  10  1 10 20  2 20.033  72.98    44.5 0     8.2 0     0.2 0    44.4 0   328.5 0   277.145 0   276.892 0   330.4 0   276.614 0   276.745 0     4.7 0    21.2 0    36.3 0    -1.8 0    34.4 0     3.9 0    86.6 0     2.7 0    89.6 0   968.6 0
 2026  10  1 10 20  3 20.050  73.10    38.7 0     7.2 0     0.2 0    39.4 0   328.3 0   277.140 0   276.905 0   330.4 0   276.610 0   276.741 0     4.1 0    18.6 0    32.2 0    -2.1 0    30.1 0     3.9 0    86.7 0     1.7 0    93.1 0   968.8 0
 2026  10  1 10 20  4 20.067  73.22    35.5 0     6.5 0     0.1 0    35.9 0   328.3 0   277.135 0   276.895 0   330.4 0   276.606 0   276.740 0     3.8 0    17.2 0    29.3 0    -2.1 0    27.2 0     3.9 0    86.8 0     0.5 0    75.1 0   969.0 0
 2026  10  1 10 20  5 20.083  73.34    32.5 0     5.9 0     0.1 0    33.1 0   328.2 0   277.131 0   276.900 0   330.7 0   276.605 0   276.741 0     3.4 0    15.8 0    27.2 0    -2.4 0    24.8 0     4.0 0    86.9 0     0.4 0   340.5 0   969.1 0
 2026  10  1 10 20  6 20.100  73.47    26.8 0     4.9 0     0.0 0    27.8 0   328.0 0   277.128 0   276.890 0   330.6 0   276.605 0   276.739 0     2.8 0    13.2 0    22.9 0    -2.6 0    20.3 0     4.0 0    86.8 0     0.9 0   325.2 0   969.2 0
 2026  10  1 10 20  7 20.117  73.59    22.3 0     4.1 0     0.0 0    23.3 0   327.7 0   277.125 0   276.873 0   330.3 0   276.604 0   276.736 0     2.4 0    11.2 0    19.2 0    -2.6 0    16.5 0     4.0 0    86.8 0     1.1 0   320.0 0   969.2 0
 2026  10  1 10 20  8 20.133  73.71    20.1 0     3.8 0     0.1 0    21.0 0   327.6 0   277.123 0   276.871 0   330.0 0   276.603 0   276.733 0     2.1 0    10.1 0    17.2 0    -2.4 0    14.8 0     4.0 0    86.7 0     1.6 0    20.5 0   969.2 0
 2026  10  1 10 20  9 20.150  73.83    18.4 0     3.5 0     0.1 0    19.3 0   327.5 0   277.121 0   276.853 0   329.8 0   276.601 0   276.729 0     2.0 0     9.4 0    15.8 0    -2.2 0    13.6 0     4.0 0    86.7 0     1.5 0    37.6 0   969.3 0
 2026  10  1 10 20 10 20.167  73.95    16.9 0     3.2 0     0.1 0    17.8 0   327.5 0   277.118 0   276.839 0   329.5 0   276.598 0   276.726 0     1.8 0     8.7 0    14.6 0    -2.0 0    12.6 0     4.0 0    86.7 0     1.3 0    40.5 0   969.3 0
 2026  10  1 10 20 11 20.183  74.08    16.5 0     3.2 0     0.1 0    17.4 0   327.5 0   277.115 0   276.846 0   329.4 0   276.596 0   276.722 0     1.8 0     8.6 0    14.2 0    -1.9 0    12.3 0     4.0 0    86.7 0     1.4 0    34.2 0   969.3 0
 2026  10  1 10 20 12 20.200  74.20    17.2 0     3.3 0     0.1 0    17.9 0   327.5 0   277.114 0   276.858 0   329.4 0   276.593 0   276.720 0     1.8 0     8.8 0    14.6 0    -1.8 0    12.8 0     4.0 0    86.8 0     1.4 0    22.8 0   969.2 0
 2026  10  1 10 20 13 20.217  74.33    17.9 0     3.4 0     0.1 0    18.6 0   327.5 0   277.113 0   276.858 0   329.3 0   276.591 0   276.720 0     1.9 0     9.1 0    15.2 0    -1.8 0    13.4 0     4.0 0    86.8 0     1.5 0     5.8 0   969.0 0
 2026  10  1 10 20 14 20.233  74.45    18.5 0     3.6 0     0.1 0    19.2 0   327.6 0   277.113 0   276.872 0   329.3 0   276.590 0   276.721 0     1.9 0     9.4 0    15.6 0    -1.8 0    13.9 0     4.0 0    86.8 0     1.2 0    31.6 0   968.9 0
 2026  10  1 10 20 15 20.250  74.58    18.0 0     3.5 0     0.1 0    18.8 0   327.6 0   277.116 0   276.880 0   329.3 0   276.588 0   276.719 0     1.9 0     9.1 0    15.4 0    -1.7 0    13.6 0     4.0 0    86.8 0     1.5 0    52.7 0   968.9 0
 2026  10  1 10 20 16 20.267  74.70    15.9 0     3.1 0     0.0 0    17.0 0   327.8 0   277.119 0   276.886 0   329.3 0   276.588 0   276.723 0     1.7 0     8.2 0    13.9 0    -1.6 0    12.4 0     4.1 0    86.9 0     2.8 0    61.5 0   969.1 0
 2026  10  1 10 20 17 20.283  74.83    14.7 0     2.8 0    -0.1 0    15.7 0   327.8 0   277.125 0   276.894 0   329.1 0   276.590 0   276.725 0     1.6 0     7.7 0    12.9 0    -1.3 0    11.5 0     4.1 0    86.8 0     1.3 0    69.4 0   969.2 0
 2026  10  1 10 20 18 20.300  74.96    15.0 0     2.9 0    -0.1 0    16.0 0   327.9 0   277.135 0   276.922 0   329.3 0   276.591 0   276.727 0     1.6 0     7.9 0    13.1 0    -1.3 0    11.7 0     4.1 0    86.8 0     0.8 0    94.8 0   969.1 0
 2026  10  1 10 20 19 20.317  75.08    14.5 0     2.9 0    -0.1 0    15.6 0   327.9 0   277.148 0   276.943 0   329.3 0   276.594 0   276.732 0     1.5 0     7.7 0    12.8 0    -1.4 0    11.3 0     4.1 0    86.7 0     0.5 0    75.2 0   969.1 0
 2026  10  1 10 20 20 20.333  75.21    14.2 0     2.9 0    -0.1 0    15.3 0   327.8 0   277.160 0   276.946 0   329.2 0   276.596 0   276.731 0     1.5 0     7.5 0    12.4 0    -1.4 0    11.0 0     4.1 0    86.5 0     1.0 0    54.4 0   969.0 0
 2026  10  1 10 20 21 20.350  75.34    14.1 0     2.8 0    -0.1 0    15.2 0   327.8 0   277.169 0   276.960 0   329.3 0   276.597 0   276.729 0     1.5 0     7.5 0    12.4 0    -1.5 0    10.9 0     4.2 0    86.5 0     0.6 0    75.2 0   969.0 0
 2026  10  1 10 20 22 20.367  75.47    14.1 0     2.8 0     0.0 0    15.1 0   327.9 0   277.180 0   276.982 0   329.3 0   276.597 0   276.728 0     1.5 0     7.5 0    12.3 0    -1.4 0    10.9 0     4.2 0    86.5 0     0.2 0    98.9 0   969.0 0
 2026  10  1 10 20 23 20.383  75.60    14.4 0     2.8 0     0.0 0    15.4 0   328.0 0   277.191 0   276.994 0   329.3 0   276.597 0   276.727 0     1.5 0     7.7 0    12.6 0    -1.3 0    11.4 0     4.2 0    86.4 0     0.7 0   142.8 0   969.1 0
 2026  10  1 10 20 24 20.400  75.72    15.1 0     2.9 0     0.0 0    16.0 0   328.2 0   277.199 0   277.001 0   329.2 0   276.597 0   276.725 0     1.6 0     8.0 0    13.1 0    -1.0 0    12.1 0     4.2 0    86.4 0     0.9 0   126.3 0   969.1 0
 2026  10  1 10 20 25 20.417  75.86    15.9 0     3.0 0     0.0 0    16.7 0   328.3 0   277.205 0   277.011 0   329.2 0   276.595 0   276.721 0     1.6 0     8.4 0    13.7 0    -0.9 0    12.8 0     4.1 0    86.5 0     1.6 0   135.9 0   969.0 0
 2026  10  1 10 20 26 20.433  75.99    15.5 0     3.0 0     0.0 0    16.5 0   328.4 0   277.209 0   277.010 0   329.2 0   276.593 0   276.717 0     1.6 0     8.2 0    13.5 0    -0.8 0    12.8 0     4.1 0    86.8 0     1.8 0   120.3 0   969.0 0
 2026  10  1 10 20 27 20.450  76.12    13.6 0     2.6 0     0.0 0    14.7 0   328.3 0   277.208 0   277.011 0   329.2 0   276.591 0   276.714 0     1.4 0     7.2 0    12.1 0    -0.8 0    11.2 0     4.1 0    87.0 0     1.3 0   113.6 0   969.0 0
 2026  10  1 10 20 28 20.467  76.25    12.5 0     2.4 0     0.1 0    13.4 0   328.3 0   277.204 0   277.005 0   329.2 0   276.588 0   276.711 0     1.2 0     6.7 0    11.0 0    -0.9 0    10.1 0     4.0 0    87.1 0     1.0 0   100.1 0   969.0 0
 2026  10  1 10 20 29 20.483  76.38    12.5 0     2.4 0     0.1 0    13.2 0   328.5 0   277.199 0   276.999 0   329.1 0   276.585 0   276.708 0     1.2 0     6.7 0    10.9 0    -0.7 0    10.2 0     4.0 0    87.1 0     1.7 0    90.3 0   968.8 0
 2026  10  1 10 20 30 20.500  76.51    13.6 0     2.6 0     0.1 0    14.2 0   328.7 0   277.194 0   276.989 0   329.0 0   276.581 0   276.704 0     1.3 0     7.2 0    11.6 0    -0.2 0    11.4 0     4.0 0    87.1 0     2.2 0    87.4 0   968.7 0
 2026  10  1 10 20 31 20.517  76.65    14.5 0     2.7 0     0.1 0    15.1 0   329.0 0   277.188 0   276.976 0   328.9 0   276.578 0   276.700 0     1.4 0     7.6 0    12.4 0     0.0 0    12.4 0     4.0 0    87.2 0     3.5 0    96.4 0   968.6 0
 2026  10  1 10 20 32 20.533  76.78    15.4 0     2.8 0     0.1 0    15.9 0   329.2 0   277.182 0   276.970 0   328.8 0   276.575 0   276.698 0     1.5 0     8.0 0    13.1 0     0.0 0    13.1 0     4.0 0    87.3 0     3.5 0   100.3 0   968.5 0
 2026  10  1 10 20 33 20.550  76.91    16.1 0     3.0 0     0.1 0    16.7 0   329.4 0   277.176 0   276.973 0   328.8 0   276.572 0   276.692 0     1.5 0     8.4 0    13.8 0     0.0 0    13.8 0     4.0 0    87.6 0     2.7 0   101.9 0   968.4 0
 2026  10  1 10 20 34 20.567  77.05    15.9 0     2.9 0     0.1 0    16.6 0   329.7 0   277.171 0   276.976 0   328.9 0   276.568 0   276.690 0     1.5 0     8.3 0    13.7 0     0.0 0    13.7 0     4.0 0    87.8 0     3.1 0    90.7 0   968.3 0
 2026  10  1 10 20 35 20.583  77.18    15.4 0     2.8 0     0.1 0    16.1 0   329.8 0   277.167 0   276.972 0   329.0 0   276.566 0   276.694 0     1.5 0     8.0 0    13.3 0     0.0 0    13.3 0     4.0 0    88.0 0     4.3 0    89.6 0   968.2 0
 2026  10  1 10 20 36 20.600  77.32    14.4 0     2.5 0     0.0 0    15.1 0   329.8 0   277.164 0   276.972 0   329.1 0   276.569 0   276.700 0     1.4 0     7.6 0    12.6 0     0.0 0    12.6 0     4.0 0    88.0 0     4.3 0    78.6 0   968.2 0
 2026  10  1 10 20 37 20.617  77.45    13.4 0     2.3 0    -0.1 0    14.3 0   329.7 0   277.166 0   276.982 0   329.0 0   276.576 0   276.706 0     1.3 0     7.2 0    11.9 0     0.0 0    11.9 0     4.1 0    87.8 0     3.4 0    66.6 0   968.3 0
 2026  10  1 10 20 38 20.633  77.59    12.7 0     2.2 0    -0.1 0    13.7 0   329.9 0   277.170 0   276.991 0   329.2 0   276.582 0   276.714 0     1.2 0     6.9 0    11.4 0     0.0 0    11.4 0     4.1 0    87.7 0     3.3 0    77.9 0   968.3 0
 2026  10  1 10 20 39 20.650  77.72    11.9 0     2.1 0    -0.1 0    12.9 0   329.8 0   277.177 0   276.991 0   329.1 0   276.590 0   276.722 0     1.1 0     6.6 0    10.8 0     0.0 0    10.8 0     4.1 0    87.6 0     2.6 0    58.7 0   968.4 0
 2026  10  1 10 20 40 20.667  77.86    10.7 0     1.9 0    -0.1 0    11.8 0   329.5 0   277.184 0   276.998 0   329.1 0   276.595 0   276.727 0     1.0 0     6.0 0     9.9 0     0.0 0     9.9 0     4.2 0    87.5 0     2.8 0    45.9 0   968.4 0
 2026  10  1 10 20 41 20.683  78.00     9.5 0     1.7 0    -0.1 0    10.7 0   329.4 0   277.191 0   276.995 0   329.2 0   276.601 0   276.734 0     0.9 0     5.4 0     8.9 0     0.0 0     8.9 0     4.2 0    87.5 0     2.8 0    40.7 0   968.5 0
 2026  10  1 10 20 42 20.700  78.13     8.0 0     1.5 0    -0.1 0     9.3 0   328.9 0   277.198 0   276.993 0   329.0 0   276.608 0   276.740 0     0.8 0     4.7 0     7.8 0    -0.1 0     7.7 0     4.2 0    87.5 0     3.0 0     8.0 0   968.5 0
 2026  10  1 10 20 43 20.717  78.27     6.7 0     1.3 0    -0.1 0     8.0 0   328.7 0   277.205 0   277.000 0   329.0 0   276.614 0   276.747 0     0.7 0     4.1 0     6.7 0    -0.3 0     6.4 0     4.2 0    87.4 0     2.9 0   355.4 0   968.6 0
 2026  10  1 10 20 44 20.733  78.41     6.1 0     1.2 0     0.0 0     7.3 0   328.3 0   277.210 0   276.984 0   328.7 0   276.619 0   276.742 0     0.6 0     3.7 0     6.1 0    -0.4 0     5.7 0     4.2 0    87.4 0     3.0 0   346.0 0   968.7 0
 2026  10  1 10 20 45 20.750  78.55     5.6 0     1.2 0     0.0 0     6.7 0   328.3 0   277.208 0   276.970 0   328.6 0   276.619 0   276.739 0     0.6 0     3.5 0     5.5 0    -0.3 0     5.2 0     4.1 0    87.5 0     2.9 0   348.7 0   968.7 0
 2026  10  1 10 20 46 20.767  78.69     5.3 0     1.2 0     0.1 0     6.4 0   328.2 0   277.202 0   276.966 0   328.5 0   276.617 0   276.737 0     0.5 0     3.3 0     5.2 0    -0.3 0     5.0 0     4.1 0    87.7 0     2.5 0   341.7 0   968.8 0
 2026  10  1 10 20 47 20.783  78.83     5.0 0     1.1 0     0.1 0     6.1 0   328.3 0   277.195 0   276.974 0   328.5 0   276.614 0   276.739 0     0.5 0     3.2 0     5.0 0    -0.2 0     4.8 0     4.0 0    87.9 0     2.8 0   345.4 0   968.9 0
 2026  10  1 10 20 48 20.800  78.97     4.6 0     1.0 0     0.1 0     5.7 0   328.4 0   277.192 0   276.974 0   328.6 0   276.614 0   276.741 0     0.5 0     3.0 0     4.7 0    -0.2 0     4.5 0     4.1 0    87.9 0     2.7 0   347.5 0   968.9 0
 2026  10  1 10 20 49 20.817  79.11     4.6 0     0.9 0     0.0 0     5.6 0   328.7 0   277.192 0   277.019 0   328.7 0   276.618 0   276.753 0     0.5 0     3.0 0     4.8 0     0.0 0     4.8 0     4.1 0    88.0 0     0.5 0   337.6 0   968.9 0
 2026  10  1 10 20 50 20.833  79.25     4.6 0     0.9 0     0.0 0     5.8 0   328.5 0   277.203 0   277.046 0   328.8 0   276.624 0   276.760 0     0.5 0     3.0 0     4.9 0    -0.3 0     4.6 0     4.2 0    88.0 0     1.3 0    22.0 0   968.9 0
 2026  10  1 10 20 51 20.850  79.39     4.5 0     0.9 0     0.0 0     5.7 0   328.5 0   277.217 0   277.064 0   328.8 0   276.629 0   276.766 0     0.5 0     3.0 0     4.8 0    -0.3 0     4.4 0     4.2 0    87.8 0     1.5 0    20.3 0   968.9 0
 2026  10  1 10 20 52 20.867  79.53     4.5 0     1.0 0     0.0 0     5.7 0   328.4 0   277.228 0   277.059 0   328.8 0   276.633 0   276.767 0     0.5 0     3.0 0     4.7 0    -0.3 0     4.4 0     4.2 0    87.7 0     1.6 0    12.7 0   968.9 0
 2026  10  1 10 20 53 20.883  79.67     4.6 0     1.1 0     0.1 0     5.8 0   328.4 0   277.233 0   277.050 0   328.6 0   276.635 0   276.767 0     0.5 0     3.0 0     4.7 0    -0.2 0     4.5 0     4.2 0    87.5 0     1.3 0    21.3 0   968.8 0
 2026  10  1 10 20 54 20.900  79.82     4.8 0     1.1 0     0.1 0     5.9 0   328.3 0   277.235 0   277.050 0   328.5 0   276.636 0   276.763 0     0.5 0     3.0 0     4.8 0    -0.2 0     4.5 0     4.2 0    87.4 0     1.0 0    35.8 0   968.8 0
 2026  10  1 10 20 55 20.917  79.96     5.2 0     1.1 0     0.1 0     6.2 0   328.7 0   277.237 0   277.068 0   328.9 0   276.637 0   276.772 0     0.5 0     3.2 0     5.1 0    -0.2 0     4.9 0     4.2 0    87.6 0     1.6 0   116.5 0   968.7 0
 2026  10  1 10 20 56 20.933  80.10     5.6 0     1.1 0     0.0 0     6.6 0   328.9 0   277.248 0   277.095 0   329.0 0   276.644 0   276.782 0     0.5 0     3.4 0     5.5 0    -0.1 0     5.4 0     4.3 0    87.5 0     1.6 0   101.5 0   968.6 0
 2026  10  1 10 20 57 20.950  80.24     6.2 0     1.3 0    -0.1 0     7.2 0   328.9 0   277.265 0   277.109 0   328.9 0   276.651 0   276.787 0     0.6 0     3.7 0     5.9 0     0.0 0     5.9 0     4.3 0    87.4 0     1.4 0   101.8 0   968.5 0
 2026  10  1 10 20 58 20.967  80.39     7.0 0     1.4 0     0.0 0     7.8 0   329.2 0   277.276 0   277.068 0   328.8 0   276.655 0   276.784 0     0.6 0     4.0 0     6.4 0     0.0 0     6.4 0     4.3 0    87.2 0     2.7 0   121.4 0   968.4 0
 2026  10  1 10 20 59 20.983  80.53     7.6 0     1.5 0     0.0 0     8.4 0   329.1 0   277.279 0   277.051 0   328.8 0   276.659 0   276.785 0     0.6 0     4.3 0     6.9 0     0.0 0     6.9 0     4.3 0    87.3 0     2.9 0   119.2 0   968.3 0
 2026  10  1 10 21  0 21.000  80.68     8.2 0     1.6 0     0.0 0     9.0 0   329.3 0   277.274 0   277.056 0   328.8 0   276.661 0   276.787 0     0.7 0     4.5 0     7.3 0     0.0 0     7.3 0     4.2 0    87.5 0     3.1 0   122.9 0   968.2 0
 2026  10  1 10 21  1 21.017  80.82     8.5 0     1.7 0     0.0 0     9.3 0   329.5 0   277.268 0   277.042 0   328.8 0   276.665 0   276.790 0     0.7 0     4.6 0     7.6 0     0.0 0     7.6 0     4.2 0    87.6 0     2.9 0   122.6 0   968.2 0
 2026  10  1 10 21  2 21.033  80.97     8.7 0     1.8 0     0.0 0     9.6 0   329.6 0   277.261 0   277.020 0   328.8 0   276.667 0   276.788 0     0.7 0     4.7 0     7.8 0     0.0 0     7.8 0     4.2 0    87.7 0     2.7 0   124.6 0   968.1 0
 2026  10  1 10 21  3 21.050  81.11     8.7 0     1.7 0     0.0 0     9.6 0   329.8 0   277.254 0   277.024 0   328.9 0   276.666 0   276.787 0     0.7 0     4.7 0     7.9 0     0.0 0     7.9 0     4.2 0    88.1 0     2.5 0   103.6 0   968.1 0
 2026  10  1 10 21  4 21.067  81.26     8.4 0     1.7 0     0.0 0     9.4 0   330.1 0   277.246 0   277.028 0   329.1 0   276.666 0   276.792 0     0.7 0     4.6 0     7.7 0     0.0 0     7.7 0     4.2 0    88.3 0     3.0 0   100.3 0   968.1 0
 2026  10  1 10 21  5 21.083  81.40     8.1 0     1.5 0    -0.1 0     9.1 0   330.3 0   277.244 0   277.041 0   329.3 0   276.671 0   276.805 0     0.7 0     4.5 0     7.6 0     0.0 0     7.6 0     4.2 0    88.5 0     3.0 0   114.4 0   968.2 0
 2026  10  1 10 21  6 21.100  81.55     8.1 0     1.5 0    -0.2 0     9.2 0   330.4 0   277.250 0   277.055 0   329.5 0   276.680 0   276.816 0     0.7 0     4.5 0     7.7 0     0.0 0     7.7 0     4.2 0    88.4 0     2.5 0   123.2 0   968.2 0
 2026  10  1 10 21  7 21.117  81.70     7.6 0     1.5 0    -0.2 0     8.9 0   330.3 0   277.260 0   277.073 0   329.5 0   276.689 0   276.825 0     0.6 0     4.3 0     7.4 0     0.0 0     7.4 0     4.3 0    88.3 0     1.4 0   101.0 0   968.3 0
 2026  10  1 10 21  8 21.133  81.84     7.0 0     1.5 0    -0.2 0     8.3 0   330.2 0   277.270 0   277.082 0   329.5 0   276.695 0   276.827 0     0.6 0     4.0 0     6.9 0     0.0 0     6.9 0     4.3 0    88.2 0     1.3 0   105.3 0   968.4 0
 2026  10  1 10 21  9 21.150  81.99     7.0 0     1.5 0    -0.1 0     8.2 0   330.1 0   277.279 0   277.096 0   329.5 0   276.700 0   276.831 0     0.6 0     4.0 0     6.7 0     0.0 0     6.7 0     4.3 0    88.3 0     0.9 0   100.1 0   968.5 0
 2026  10  1 10 21 10 21.167  82.14     7.1 0     1.5 0    -0.1 0     8.3 0   330.0 0   277.287 0   277.104 0   329.5 0   276.705 0   276.837 0     0.6 0     4.1 0     6.8 0     0.0 0     6.8 0     4.3 0    88.3 0     1.7 0    88.8 0   968.5 0
 2026  10  1 10 21 11 21.183  82.29     7.5 0     1.6 0    -0.1 0     8.6 0   330.1 0   277.294 0   277.113 0   329.6 0   276.710 0   276.843 0     0.6 0     4.2 0     7.1 0     0.0 0     7.1 0     4.3 0    88.3 0     1.5 0    63.8 0   968.5 0
 2026  10  1 10 21 12 21.200  82.43     7.3 0     1.5 0    -0.1 0     8.5 0   330.1 0   277.302 0   277.121 0   329.6 0   276.716 0   276.850 0     0.6 0     4.1 0     7.0 0     0.0 0     7.0 0     4.3 0    88.4 0     1.0 0    52.2 0   968.5 0
 2026  10  1 10 21 13 21.217  82.58     6.7 0     1.5 0    -0.2 0     8.0 0   330.2 0   277.310 0   277.121 0   329.6 0   276.721 0   276.855 0     0.6 0     3.8 0     6.5 0     0.0 0     6.5 0     4.3 0    88.4 0     1.2 0    57.0 0   968.5 0
 2026  10  1 10 21 14 21.233  82.73     6.2 0     1.3 0    -0.2 0     7.5 0   330.0 0   277.323 0   277.138 0   329.6 0   276.727 0   276.863 0     0.5 0     3.6 0     6.2 0     0.0 0     6.2 0     4.4 0    88.4 0     1.2 0    46.8 0   968.6 0
 2026  10  1 10 21 15 21.250  82.88     5.4 0     1.2 0    -0.2 0     6.8 0   329.7 0   277.336 0   277.135 0   329.5 0   276.732 0   276.866 0     0.5 0     3.3 0     5.6 0     0.0 0     5.6 0     4.4 0    88.3 0     1.8 0    50.5 0   968.6 0
 2026  10  1 10 21 16 21.267  83.03     4.8 0     1.1 0    -0.2 0     6.2 0   329.9 0   277.345 0   277.137 0   329.7 0   276.739 0   276.876 0     0.4 0     3.0 0     5.1 0     0.0 0     5.1 0     4.4 0    88.4 0     2.4 0    83.4 0   968.7 0
 2026  10  1 10 21 17 21.283  83.18     4.7 0     1.0 0    -0.2 0     6.1 0   329.9 0   277.357 0   277.173 0   329.8 0   276.749 0   276.889 0     0.4 0     3.0 0     5.1 0     0.0 0     5.1 0     4.4 0    88.4 0     1.3 0   143.7 0   968.7 0
 2026  10  1 10 21 18 21.300  83.33     4.9 0     1.1 0    -0.2 0     6.3 0   329.8 0   277.372 0   277.178 0   329.8 0   276.758 0   276.898 0     0.4 0     3.0 0     5.2 0     0.0 0     5.1 0     4.4 0    88.4 0     2.0 0    64.4 0   968.6 0
 2026  10  1 10 21 19 21.317  83.48     5.0 0     1.1 0    -0.3 0     6.4 0   329.8 0   277.384 0   277.190 0   329.8 0   276.768 0   276.906 0     0.4 0     3.1 0     5.3 0     0.0 0     5.3 0     4.4 0    88.3 0     1.5 0    39.5 0   968.6 0
 2026  10  1 10 21 20 21.333  83.63     5.4 0     1.3 0    -0.2 0     6.7 0   329.7 0   277.395 0   277.190 0   329.7 0   276.776 0   276.911 0     0.4 0     3.2 0     5.5 0     0.0 0     5.5 0     4.4 0    88.2 0     1.7 0    33.6 0   968.5 0
 2026  10  1 10 21 21 21.350  83.78     5.9 0     1.4 0    -0.2 0     7.2 0   329.7 0   277.402 0   277.185 0   329.7 0   276.782 0   276.920 0     0.5 0     3.4 0     5.8 0     0.0 0     5.8 0     4.4 0    88.2 0     2.1 0    37.5 0   968.5 0
 2026  10  1 10 21 22 21.367  83.93     6.4 0     1.4 0    -0.1 0     7.6 0   329.8 0   277.405 0   277.184 0   329.7 0   276.790 0   276.925 0     0.5 0     3.5 0     6.1 0     0.0 0     6.1 0     4.4 0    88.2 0     3.2 0    84.8 0   968.4 0
 2026  10  1 10 21 23 21.383  84.08     6.6 0     1.5 0    -0.2 0     7.8 0   329.9 0   277.408 0   277.190 0   329.7 0   276.799 0   276.935 0     0.5 0     3.6 0     6.3 0     0.0 0     6.3 0     4.4 0    88.1 0     2.7 0    92.9 0   968.3 0
 2026  10  1 10 21 24 21.400  84.23     7.2 0     1.6 0    -0.2 0     8.4 0   329.9 0   277.414 0   277.205 0   329.8 0   276.808 0   276.946 0     0.5 0     3.8 0     6.8 0     0.0 0     6.8 0     4.4 0    88.1 0     2.5 0   140.2 0   968.2 0
 2026  10  1 10 21 25 21.417  84.38     7.2 0     1.6 0    -0.2 0     8.5 0   329.9 0   277.421 0   277.208 0   329.9 0   276.818 0   276.960 0     0.5 0     3.8 0     6.9 0     0.0 0     6.9 0     4.4 0    88.0 0     3.4 0   137.0 0   968.2 0
 2026  10  1 10 21 26 21.433  84.53     8.4 0     1.8 0    -0.2 0     9.5 0   330.0 0   277.427 0   277.210 0   329.8 0   276.829 0   276.967 0     0.6 0     4.4 0     7.7 0     0.0 0     7.7 0     4.4 0    87.9 0     3.2 0   140.7 0   968.2 0
 2026  10  1 10 21 27 21.450  84.68     8.8 0     1.9 0    -0.2 0    10.1 0   330.0 0   277.433 0   277.215 0   329.8 0   276.837 0   276.969 0     0.6 0     4.5 0     8.1 0     0.0 0     8.1 0     4.4 0    87.9 0     3.0 0   143.5 0   968.1 0
 2026  10  1 10 21 28 21.467  84.84     9.0 0     1.9 0    -0.2 0    10.2 0   330.2 0   277.438 0   277.220 0   329.8 0   276.842 0   276.972 0     0.6 0     4.6 0     8.2 0     0.0 0     8.2 0     4.4 0    87.9 0     3.2 0   149.4 0   968.1 0
 2026  10  1 10 21 29 21.483  84.99     9.4 0     2.0 0    -0.1 0    10.5 0   330.2 0   277.441 0   277.214 0   329.8 0   276.847 0   276.976 0     0.7 0     4.7 0     8.5 0     0.0 0     8.5 0     4.4 0    88.0 0     2.8 0   135.9 0   968.1 0
 2026  10  1 10 21 30 21.500  85.14     8.9 0     2.0 0    -0.1 0    10.1 0   330.1 0   277.441 0   277.216 0   329.8 0   276.850 0   276.977 0     0.6 0     4.4 0     8.1 0     0.0 0     8.1 0     4.3 0    88.1 0     2.0 0   116.1 0   968.1 0
 2026  10  1 10 21 31 21.517  85.29     8.3 0     1.9 0    -0.1 0     9.3 0   330.1 0   277.440 0   277.216 0   329.8 0   276.851 0   276.975 0     0.6 0     4.2 0     7.5 0     0.0 0     7.5 0     4.3 0    88.2 0     1.6 0   102.3 0   968.1 0
 2026  10  1 10 21 32 21.533  85.44     9.1 0     2.0 0    -0.1 0    10.0 0   330.2 0   277.438 0   277.211 0   329.8 0   276.852 0   276.976 0     0.6 0     4.4 0     8.0 0     0.0 0     8.0 0     4.3 0    88.3 0     1.8 0   113.4 0   968.1 0
 2026  10  1 10 21 33 21.550  85.60     8.2 0     1.9 0     0.0 0     9.2 0   330.1 0   277.435 0   277.223 0   329.7 0   276.852 0   276.975 0     0.5 0     4.1 0     7.4 0     0.0 0     7.4 0     4.3 0    88.4 0     1.1 0   140.5 0   968.1 0
 2026  10  1 10 21 34 21.567  85.75     8.7 0     1.9 0     0.0 0     9.6 0   330.3 0   277.435 0   277.226 0   329.8 0   276.852 0   276.974 0     0.6 0     4.3 0     7.7 0     0.0 0     7.7 0     4.3 0    88.5 0     0.8 0   161.9 0   968.1 0
 2026  10  1 10 21 35 21.583  85.90     9.4 0     2.0 0     0.0 0    10.3 0   330.4 0   277.434 0   277.229 0   329.9 0   276.851 0   276.975 0     0.6 0     4.5 0     8.2 0     0.0 0     8.2 0     4.3 0    88.6 0     0.0 0   242.9 0   968.0 0
 2026  10  1 10 21 36 21.600  86.05     9.2 0     2.0 0     0.0 0    10.1 0   330.5 0   277.433 0   277.212 0   329.9 0   276.850 0   276.976 0     0.6 0     4.4 0     8.1 0     0.0 0     8.1 0     4.3 0    88.5 0     1.1 0    17.8 0   967.9 0
 2026  10  1 10 21 37 21.617  86.20     8.4 0     1.8 0     0.0 0     9.4 0   330.4 0   277.429 0   277.178 0   329.8 0   276.849 0   276.974 0     0.5 0     4.0 0     7.5 0     0.0 0     7.5 0     4.3 0    88.5 0     1.5 0     5.6 0   967.9 0
 2026  10  1 10 21 38 21.633  86.36     6.9 0     1.6 0     0.0 0     8.0 0   330.4 0   277.422 0   277.159 0   329.8 0   276.848 0   276.975 0     0.5 0     3.4 0     6.4 0     0.0 0     6.4 0     4.3 0    88.6 0     1.7 0    22.1 0   967.9 0
 2026  10  1 10 21 39 21.650  86.51     6.3 0     1.4 0     0.0 0     7.3 0   330.4 0   277.417 0   277.170 0   329.7 0   276.848 0   276.974 0     0.4 0     3.2 0     5.9 0     0.0 0     5.9 0     4.3 0    88.6 0     1.1 0    76.2 0   968.0 0
 2026  10  1 10 21 40 21.667  86.66     5.8 0     1.3 0     0.0 0     6.9 0   330.5 0   277.415 0   277.165 0   329.7 0   276.848 0   276.972 0     0.4 0     3.0 0     5.5 0     0.0 0     5.5 0     4.3 0    88.7 0     1.4 0    61.4 0   968.0 0
 2026  10  1 10 21 41 21.683  86.81     4.7 0     1.1 0     0.0 0     6.0 0   330.5 0   277.412 0   277.147 0   329.7 0   276.847 0   276.972 0     0.3 0     2.6 0     4.8 0     0.0 0     4.8 0     4.3 0    88.7 0     2.5 0    65.0 0   967.9 0
 2026  10  1 10 21 42 21.700  86.96     4.1 0     1.0 0    -0.1 0     5.3 0   330.7 0   277.409 0   277.147 0   329.7 0   276.848 0   276.976 0     0.3 0     2.3 0     4.3 0     0.0 0     4.3 0     4.3 0    88.7 0     2.3 0    77.6 0   967.9 0
 2026  10  1 10 21 43 21.717  87.11     3.5 0     0.8 0    -0.1 0     4.8 0   330.7 0   277.411 0   277.150 0   329.7 0   276.851 0   276.980 0     0.3 0     2.1 0     3.9 0     0.0 0     3.9 0     4.3 0    88.7 0     2.9 0    88.7 0   967.9 0
 2026  10  1 10 21 44 21.733  87.26     2.9 0     0.7 0    -0.2 0     4.2 0   330.6 0   277.415 0   277.156 0   329.7 0   276.857 0   276.987 0     0.3 0     1.8 0     3.5 0     0.0 0     3.5 0     4.4 0    88.7 0     2.5 0    87.4 0   967.9 0
 2026  10  1 10 21 45 21.750  87.41     2.3 0     0.7 0    -0.1 0     3.7 0   330.5 0   277.419 0   277.169 0   329.6 0   276.861 0   276.986 0     0.2 0     1.6 0     3.0 0     0.0 0     3.0 0     4.4 0    88.7 0     1.6 0    93.1 0   967.9 0
 2026  10  1 10 21 46 21.767  87.57     1.9 0     0.7 0    -0.1 0     3.3 0   330.6 0   277.422 0   277.173 0   329.6 0   276.862 0   276.986 0     0.2 0     1.4 0     2.7 0     0.0 0     2.7 0     4.4 0    88.7 0     1.5 0    85.1 0   967.9 0
 2026  10  1 10 21 47 21.783  87.71     1.7 0     0.6 0    -0.1 0     3.1 0   330.6 0   277.427 0   277.179 0   329.7 0   276.864 0   276.989 0     0.2 0     1.4 0     2.5 0     0.0 0     2.5 0     4.4 0    88.7 0     1.0 0    40.9 0   968.0 0
 2026  10  1 10 21 48 21.800  87.86     1.3 0     0.6 0    -0.1 0     2.8 0   330.4 0   277.433 0   277.183 0   329.5 0   276.865 0   276.989 0     0.2 0     1.2 0     2.2 0     0.0 0     2.2 0     4.4 0    88.7 0     0.5 0    28.0 0   968.0 0
 2026  10  1 10 21 49 21.817  88.01     1.0 0     0.6 0    -0.1 0     2.5 0   330.3 0   277.436 0   277.177 0   329.3 0   276.865 0   276.986 0     0.1 0     1.1 0     1.9 0     0.0 0     1.9 0     4.4 0    88.7 0     0.9 0     0.5 0   968.0 0
 2026  10  1 10 21 50 21.833  88.16     1.0 0     0.5 0     0.0 0     2.3 0   330.3 0   277.435 0   277.173 0   329.2 0   276.863 0   276.982 0     0.1 0     1.0 0     1.8 0     0.0 0     1.8 0     4.4 0    88.7 0     0.9 0    32.6 0   968.0 0
 2026  10  1 10 21 51 21.850  88.30     1.0 0     0.5 0     0.0 0     2.4 0   330.4 0   277.433 0   277.173 0   329.2 0   276.860 0   276.980 0     0.1 0     1.0 0     1.8 0     0.0 0     1.8 0     4.4 0    88.8 0     1.1 0    31.8 0   968.0 0
 2026  10  1 10 21 52 21.867  88.45     0.9 0     0.5 0     0.0 0     2.2 0   330.4 0   277.433 0   277.155 0   329.2 0   276.858 0   276.980 0     0.1 0     1.0 0     1.7 0     0.0 0     1.7 0     4.4 0    88.8 0     1.6 0    32.1 0   968.0 0
 2026  10  1 10 21 53 21.883  88.59     0.7 0     0.4 0     0.0 0     2.0 0   330.4 0   277.433 0   277.164 0   329.3 0   276.857 0   276.982 0     0.1 0     0.9 0     1.6 0     0.0 0     1.6 0     4.4 0    88.8 0     1.1 0     3.1 0   967.9 0
 2026  10  1 10 21 54 21.900  88.74     0.5 0     0.4 0     0.0 0     1.9 0   330.3 0   277.433 0   277.185 0   329.2 0   276.857 0   276.982 0     0.1 0     0.8 0     1.5 0     0.0 0     1.5 0     4.4 0    88.8 0     1.4 0    15.0 0   968.0 0
 2026  10  1 10 21 55 21.917  88.88     0.4 0     0.3 0     0.0 0     1.7 0   330.3 0   277.436 0   277.201 0   329.2 0   276.858 0   276.985 0     0.1 0     0.8 0     1.4 0     0.0 0     1.4 0     4.4 0    88.9 0     0.9 0    13.1 0   968.0 0
 2026  10  1 10 21 56 21.933  89.02     0.1 0     0.3 0     0.0 0     1.4 0   330.2 0   277.439 0   277.200 0   329.1 0   276.858 0   276.980 0     0.1 0     0.6 0     1.1 0     0.0 0     1.1 0     4.4 0    88.9 0     0.1 0   357.0 0   968.0 0
 2026  10  1 10 21 57 21.950  89.15    -0.1 0     0.3 0     0.0 0     1.2 0   330.3 0   277.439 0   277.206 0   329.2 0   276.856 0   276.979 0     0.1 0     0.6 0     1.0 0     0.0 0     1.0 0     4.4 0    88.9 0     1.0 0   102.5 0   968.0 0
 2026  10  1 10 21 58 21.967  89.29    -0.2 0     0.2 0     0.0 0     1.1 0   330.4 0   277.440 0   277.213 0   329.2 0   276.855 0   276.978 0     0.1 0     0.5 0     0.9 0     0.0 0     0.9 0     4.4 0    88.9 0     1.3 0   114.9 0   968.1 0
 2026  10  1 10 21 59 21.983  89.42    -0.4 0     0.2 0     0.0 0     0.9 0   330.4 0   277.444 0   277.218 0   329.1 0   276.854 0   276.977 0     0.1 0     0.4 0     0.7 0     0.0 0     0.7 0     4.4 0    88.9 0     0.8 0   106.9 0   968.1 0
 2026  10  1 10 22  0 22.000  89.55    -0.5 0     0.2 0     0.0 0     0.8 0   330.3 0   277.447 0   277.213 0   329.1 0   276.853 0   276.975 0     0.0 0     0.4 0     0.6 0     0.0 0     0.6 0     4.4 0    88.8 0     1.5 0   172.0 0   968.1 0
 2026  10  1 10 22  1 22.017  89.67    -0.7 0     0.1 0    -0.1 0     0.7 0   330.4 0   277.450 0   277.210 0   329.2 0   276.853 0   276.976 0     0.0 0     0.3 0     0.6 0     0.0 0     0.6 0     4.4 0    88.8 0     1.6 0   165.7 0   968.1 0
 2026  10  1 10 22  2 22.033  89.79    -0.7 0     0.1 0    -0.1 0     0.6 0   330.4 0   277.453 0   277.216 0   329.1 0   276.853 0   276.974 0     0.0 0     0.3 0     0.5 0     0.0 0     0.5 0     4.4 0    88.8 0     0.7 0   175.8 0   968.1 0
 2026  10  1 10 22  3 22.050  89.91    -0.7 0     0.2 0     0.0 0     0.6 0   330.3 0   277.454 0   277.213 0   329.0 0   276.852 0   276.971 0     0.0 0     0.3 0     0.4 0     0.0 0     0.4 0     4.4 0    88.8 0     0.5 0   139.4 0   968.1 0
 2026  10  1 10 22  4 22.067  90.80    -0.8 0     0.2 0     0.0 0     0.5 0   330.2 0   277.452 0   277.192 0   328.9 0   276.849 0   276.967 0     0.0 0     0.3 0     0.3 0     0.0 0     0.3 0     4.4 0    88.9 0     0.1 0    18.4 0   968.1 0
 2026  10  1 10 22  5 22.083  90.97    -0.8 0     0.2 0     0.0 0     0.4 0   330.2 0   277.445 0   277.180 0   328.7 0   276.845 0   276.963 0     0.0 0     0.2 0     0.2 0     0.0 0     0.2 0     4.4 0    88.9 0     0.2 0    85.3 0   968.1 0
 2026  10  1 10 22  6 22.100  91.13    -0.8 0     0.2 0     0.0 0     0.4 0   330.2 0   277.438 0   277.186 0   328.7 0   276.841 0   276.958 0     0.0 0     0.2 0     0.2 0     0.0 0     0.2 0     4.3 0    88.9 0     0.4 0   108.2 0   968.0 0
 2026  10  1 10 22  7 22.117  91.30    -0.9 0     0.2 0     0.0 0     0.4 0   330.2 0   277.433 0   277.171 0   328.6 0   276.837 0   276.954 0     0.0 0     0.2 0     0.2 0     0.0 0     0.2 0     4.3 0    88.9 0     0.1 0   342.3 0   968.0 0
 2026  10  1 10 22  8 22.133  91.47    -0.9 0     0.1 0     0.0 0     0.3 0   330.3 0   277.425 0   277.163 0   328.6 0   276.833 0   276.950 0     0.0 0     0.2 0     0.2 0     0.0 0     0.2 0     4.3 0    88.9 0     0.8 0   157.3 0   968.0 0
 2026  10  1 10 22  9 22.150  91.64    -0.9 0     0.1 0     0.0 0     0.3 0   330.3 0   277.418 0   277.163 0   328.8 0   276.829 0   276.948 0     0.0 0     0.2 0     0.2 0     0.0 0     0.2 0     4.3 0    88.9 0     0.9 0   141.0 0   968.0 0
 2026  10  1 10 22 10 22.167  91.80    -1.0 0     0.1 0     0.0 0     0.3 0   330.4 0   277.414 0   277.166 0   328.8 0   276.826 0   276.945 0     0.0 0     0.2 0     0.2 0     0.0 0     0.2 0     4.3 0    89.0 0     0.5 0   143.0 0   968.0 0
 2026  10  1 10 22 11 22.183  91.97    -0.9 0     0.1 0     0.0 0     0.3 0   330.5 0   277.413 0   277.168 0   328.7 0   276.823 0   276.940 0     0.0 0     0.2 0     0.2 0     0.0 0     0.2 0     4.3 0    89.0 0     0.4 0   132.0 0   967.9 0
 2026  10  1 10 22 12 22.200  92.14    -0.9 0     0.1 0     0.0 0     0.2 0   330.4 0   277.411 0   277.163 0   328.7 0   276.819 0   276.936 0     0.0 0     0.1 0     0.2 0     0.0 0     0.2 0     4.3 0    89.1 0     0.0 0   113.0 0   967.9 0
 2026  10  1 10 22 13 22.217  92.31    -1.0 0     0.1 0     0.0 0     0.2 0   330.4 0   277.409 0   277.167 0   328.6 0   276.815 0   276.934 0     0.0 0     0.1 0     0.1 0     0.0 0     0.1 0     4.3 0    89.1 0     0.2 0   136.3 0   967.9 0
 2026  10  1 10 22 14 22.233  92.48    -1.0 0     0.1 0     0.0 0     0.2 0   330.5 0   277.409 0   277.178 0   328.7 0   276.812 0   276.931 0     0.0 0     0.1 0     0.1 0     0.0 0     0.1 0     4.3 0    89.1 0     0.2 0   151.2 0   968.0 0
 2026  10  1 10 22 15 22.250  92.64    -1.1 0     0.1 0     0.0 0     0.2 0   330.5 0   277.414 0   277.194 0   328.7 0   276.809 0   276.929 0     0.0 0     0.1 0     0.1 0     0.0 0     0.1 0     4.3 0    89.2 0     0.0 0     0.0 0   967.9 0
 2026  10  1 10 22 16 22.267  92.81    -1.1 0     0.1 0     0.0 0     0.1 0   330.6 0   277.420 0   277.200 0   328.7 0   276.806 0   276.929 0     0.0 0     0.1 0     0.1 0     0.0 0     0.1 0     4.3 0    89.1 0     0.1 0     7.0 0   967.9 0
 2026  10  1 10 22 17 22.283  92.98    -1.2 0     0.1 0     0.0 0     0.1 0   330.7 0   277.425 0   277.202 0   328.7 0   276.805 0   276.927 0     0.0 0     0.1 0     0.1 0     0.0 0     0.1 0     4.3 0    89.1 0     0.5 0   348.0 0   967.9 0
 2026  10  1 10 22 18 22.300  93.15    -1.2 0     0.1 0     0.0 0     0.1 0   330.8 0   277.427 0   277.199 0   328.7 0   276.802 0   276.924 0     0.0 0     0.1 0     0.1 0     0.0 0     0.1 0     4.3 0    89.1 0     0.7 0   329.5 0   967.9 0
 2026  10  1 10 22 19 22.317  93.32    -1.2 0     0.1 0     0.0 0     0.1 0   330.7 0   277.428 0   277.194 0   328.7 0   276.800 0   276.919 0     0.0 0     0.1 0     0.1 0     0.0 0     0.1 0     4.3 0    89.1 0     0.9 0   338.0 0   967.9 0
 2026  10  1 10 22 20 22.333  93.49    -1.2 0     0.1 0     0.0 0     0.1 0   330.5 0   277.427 0   277.186 0   328.6 0   276.796 0   276.914 0     0.0 0     0.1 0     0.0 0     0.0 0     0.0 0     4.3 0    89.1 0     0.9 0   322.7 0   967.9 0
 2026  10  1 10 22 21 22.350  93.66    -1.1 0     0.1 0     0.0 0     0.1 0   330.6 0   277.421 0   277.163 0   328.6 0   276.793 0   276.912 0     0.0 0     0.1 0     0.0 0     0.0 0     0.0 0     4.3 0    89.2 0     0.6 0   322.7 0   967.9 0
 2026  10  1 10 22 22 22.367  93.83    -1.1 0     0.0 0     0.1 0     0.1 0   330.7 0   277.409 0   277.148 0   328.7 0   276.791 0   276.915 0     0.0 0     0.0 0     0.0 0     0.0 0     0.0 0     4.3 0    89.3 0     0.2 0   296.0 0   967.9 0
 2026  10  1 10 22 23 22.383  94.00    -1.2 0     0.0 0     0.0 0     0.1 0   330.8 0   277.400 0   277.165 0   328.8 0   276.790 0   276.914 0     0.0 0     0.0 0     0.0 0     0.0 0     0.0 0     4.3 0    89.3 0     0.1 0   319.7 0   967.9 0
 2026  10  1 10 22 24 22.400  94.17    -1.2 0     0.0 0     0.0 0     0.1 0   330.8 0   277.399 0   277.179 0   328.8 0   276.790 0   276.916 0     0.0 0     0.0 0     0.0 0     0.0 0     0.0 0     4.3 0    89.3 0     0.2 0    21.0 0   967.8 0
 2026  10  1 10 22 25 22.417  94.35    -1.4 0     0.0 0     0.0 0     0.1 0   330.7 0   277.402 0   277.199 0   328.9 0   276.789 0   276.916 0     0.0 0     0.0 0     0.0 0     0.0 0     0.0 0     4.4 0    89.3 0     0.2 0    15.9 0   967.7 0
 2026  10  1 10 22 26 22.433  94.52    -1.3 0     0.0 0     0.0 0     0.0 0   330.7 0   277.407 0   277.205 0   329.0 0   276.790 0   276.916 0     0.0 0     0.0 0     0.0 0     0.0 0     0.0 0     4.4 0    89.4 0     0.2 0   250.7 0   967.7 0
 2026  10  1 10 22 27 22.450  94.69    -1.4 0     0.0 0     0.0 0     0.0 0   330.7 0   277.413 0   277.212 0   329.1 0   276.791 0   276.919 0     0.0 0     0.0 0     0.0 0     0.0 0     0.0 0     4.4 0    89.4 0     0.5 0   176.0 0   967.7 0
 2026  10  1 10 22 28 22.467  94.86    -1.4 0     0.0 0     0.0 0     0.0 0   330.7 0   277.419 0   277.213 0   329.0 0   276.792 0   276.921 0     0.0 0     0.0 0     0.0 0     0.0 0     0.0 0     4.4 0    89.3 0     0.5 0   175.0 0   967.7 0
 2026  10  1 10 22 29 22.483  95.03    -1.5 0     0.0 0     0.0 0     0.0 0   330.7 0   277.425 0   277.222 0   329.0 0   276.793 0   276.919 0     0.0 0     0.0 0     0.0 0     0.0 0     0.0 0     4.4 0    89.2 0     0.2 0   111.5 0   967.6 0
 2026  10  1 10 22 30 22.500  95.20    -1.5 0     0.1 0     0.0 0     0.0 0   330.6 0   277.434 0   277.226 0   328.9 0   276.793 0   276.916 0     0.0 0     0.0 0     0.0 0     0.0 0     0.0 0     4.4 0    89.2 0     0.2 0   119.9 0   967.6 0
 2026  10  1 10 22 31 22.517  95.38    -1.4 0     0.1 0     0.0 0     0.0 0   330.2 0   277.438 0   277.213 0   328.6 0   276.792 0   276.911 0     0.0 0     0.0 0     0.0 0     0.0 0     0.0 0     4.4 0    89.1 0     0.6 0    77.1 0   967.6 0
 2026  10  1 10 22 32 22.533  95.55    -1.3 0     0.1 0     0.0 0     0.0 0   330.2 0   277.435 0   277.204 0   328.5 0   276.789 0   276.903 0     0.0 0     0.0 0     0.0 0     0.0 0     0.0 0     4.4 0    89.2 0     0.9 0    20.2 0   967.6 0
 2026  10  1 10 22 33 22.550  95.72    -1.3 0     0.2 0     0.1 0     0.0 0   330.2 0   277.428 0   277.192 0   328.4 0   276.784 0   276.895 0     0.0 0     0.0 0     0.0 0     0.0 0     0.0 0     4.3 0    89.3 0     0.7 0    27.2 0   967.7 0
 2026  10  1 10 22 34 22.567  95.89    -1.2 0     0.1 0     0.1 0     0.0 0   330.5 0   277.419 0   277.197 0   328.5 0   276.779 0   276.894 0     0.0 0     0.0 0     0.0 0     0.0 0     0.0 0     4.3 0    89.5 0     1.0 0    46.7 0   967.7 0
 2026  10  1 10 22 35 22.583  96.07    -1.2 0     0.0 0     0.0 0     0.0 0   330.7 0   277.414 0   277.205 0   328.7 0   276.775 0   276.897 0     0.0 0     0.0 0     0.0 0     0.0 0     0.0 0     4.3 0    89.7 0     0.4 0    27.9 0   967.7 0
 2026  10  1 10 22 36 22.600  96.24    -1.3 0     0.0 0     0.0 0     0.0 0   330.7 0   277.413 0   277.213 0   328.8 0   276.775 0   276.900 0     0.0 0     0.0 0     0.0 0     0.0 0     0.0 0     4.3 0    89.8 0     0.1 0   333.8 0   967.7 0
 2026  10  1 10 22 37 22.617  96.42    -1.3 0     0.0 0     0.0 0     0.0 0   330.6 0   277.414 0   277.207 0   328.7 0   276.774 0   276.895 0     0.0 0     0.0 0     0.0 0     0.0 0     0.0 0     4.3 0    89.7 0     0.3 0   352.7 0   967.7 0
 2026  10  1 10 22 38 22.633  96.59    -1.3 0     0.0 0     0.0 0     0.0 0   330.7 0   277.415 0   277.211 0   328.8 0   276.772 0   276.894 0     0.0 0     0.0 0     0.0 0     0.0 0     0.0 0     4.3 0    89.8 0     0.3 0   332.7 0   967.7 0
 2026  10  1 10 22 39 22.650  96.76    -1.2 0     0.0 0     0.0 0     0.0 0   330.5 0   277.415 0   277.204 0   328.7 0   276.772 0   276.893 0     0.0 0     0.0 0     0.0 0     0.0 0     0.0 0     4.3 0    89.8 0     0.2 0   335.4 0   967.6 0
 2026  10  1 10 22 40 22.667  96.94    -1.2 0     0.0 0     0.0 0     0.0 0   330.3 0   277.414 0   277.197 0   328.5 0   276.770 0   276.888 0     0.0 0     0.0 0     0.0 0     0.0 0     0.0 0     4.3 0    89.8 0     0.0 0     0.0 0   967.6 0
 2026  10  1 10 22 41 22.683  97.11    -1.2 0     0.0 0     0.0 0     0.0 0   330.4 0   277.407 0   277.187 0   328.5 0   276.767 0   276.884 0     0.0 0     0.0 0     0.0 0     0.0 0     0.0 0     4.3 0    89.8 0     0.0 0     0.0 0   967.7 0
 2026  10  1 10 22 42 22.700  97.29    -1.2 0     0.0 0     0.0 0     0.0 0   330.6 0   277.399 0   277.195 0   328.6 0   276.763 0   276.882 0     0.0 0     0.0 0     0.0 0     0.0 0     0.0 0     4.3 0    89.8 0     0.2 0   305.7 0   967.7 0
 2026  10  1 10 22 43 22.717  97.46    -1.3 0     0.0 0     0.0 0     0.0 0   330.5 0   277.396 0   277.196 0   328.6 0   276.761 0   276.881 0     0.0 0     0.0 0     0.0 0     0.0 0     0.0 0     4.3 0    89.8 0     0.3 0   330.4 0   967.6 0
 2026  10  1 10 22 44 22.733  97.64    -1.2 0     0.0 0     0.0 0     0.0 0   330.4 0   277.394 0   277.192 0   328.6 0   276.759 0   276.879 0     0.0 0     0.0 0     0.0 0     0.0 0     0.0 0     4.3 0    89.8 0     1.1 0   349.2 0   967.6 0
 2026  10  1 10 22 45 22.750  97.81    -1.2 0     0.0 0     0.0 0     0.0 0   330.6 0   277.393 0   277.198 0   328.7 0   276.759 0   276.880 0     0.0 0     0.0 0     0.0 0     0.0 0     0.0 0     4.3 0    89.9 0     1.1 0     2.9 0   967.6 0
 2026  10  1 10 22 46 22.767  97.99    -1.3 0     0.0 0     0.0 0     0.0 0   330.6 0   277.395 0   277.211 0   328.7 0   276.759 0   276.883 0     0.0 0     0.0 0     0.0 0     0.0 0     0.0 0     4.3 0    89.9 0     0.1 0   329.2 0   967.7 0
 2026  10  1 10 22 47 22.783  98.16    -1.3 0     0.0 0     0.0 0     0.0 0   330.6 0   277.397 0   277.207 0   328.7 0   276.760 0   276.885 0     0.0 0     0.0 0     0.0 0     0.0 0     0.0 0     4.3 0    90.0 0     0.0 0   276.2 0   967.7 0
 2026  10  1 10 22 48 22.800  98.34    -1.3 0     0.0 0     0.0 0     0.0 0   330.6 0   277.398 0   277.201 0   328.6 0   276.760 0   276.882 0     0.0 0     0.0 0     0.0 0     0.0 0     0.0 0     4.3 0    89.9 0     0.0 0   123.7 0   967.7 0
 2026  10  1 10 22 49 22.817  98.52    -1.3 0     0.0 0     0.0 0     0.0 0   330.7 0   277.395 0   277.199 0   328.8 0   276.759 0   276.882 0     0.0 0     0.0 0     0.0 0     0.0 0     0.0 0     4.4 0    89.9 0     0.1 0   187.9 0   967.6 0
 2026  10  1 10 22 50 22.833  98.69    -1.2 0     0.0 0     0.0 0     0.0 0   330.6 0   277.394 0   277.215 0   328.8 0   276.759 0   276.884 0     0.0 0     0.0 0     0.0 0     0.0 0     0.0 0     4.4 0    89.9 0     0.6 0   238.3 0   967.5 0
 2026  10  1 10 22 51 22.850  98.87    -1.3 0     0.0 0     0.0 0     0.0 0   330.7 0   277.397 0   277.221 0   328.9 0   276.761 0   276.888 0     0.0 0     0.0 0     0.0 0     0.0 0     0.0 0     4.4 0    89.9 0     1.3 0   237.3 0   967.5 0
 2026  10  1 10 22 52 22.867  99.04    -1.3 0    -0.1 0     0.0 0     0.0 0   330.8 0   277.401 0   277.230 0   329.2 0   276.765 0   276.899 0     0.0 0     0.0 0     0.0 0     0.0 0     0.0 0     4.4 0    89.9 0     1.1 0   217.2 0   967.5 0
 2026  10  1 10 22 53 22.883  99.22    -1.3 0    -0.1 0    -0.1 0     0.0 0   330.9 0   277.409 0   277.245 0   329.4 0   276.772 0   276.904 0     0.0 0     0.0 0     0.0 0     0.0 0     0.0 0     4.4 0    89.9 0     1.0 0   230.2 0   967.6 0
 2026  10  1 10 22 54 22.900  99.40    -1.3 0     0.0 0    -0.1 0     0.0 0   331.0 0   277.419 0   277.259 0   329.4 0   276.777 0   276.909 0     0.0 0     0.0 0     0.0 0     0.0 0     0.0 0     4.4 0    89.9 0     0.8 0   262.3 0   967.6 0
 2026  10  1 10 22 55 22.917  99.57    -1.3 0     0.0 0    -0.1 0     0.0 0   330.9 0   277.432 0   277.277 0   329.6 0   276.783 0   276.917 0     0.0 0     0.0 0     0.0 0     0.0 0     0.0 0     4.4 0    89.9 0     0.7 0   302.2 0   967.5 0
 2026  10  1 10 22 56 22.933  99.75    -1.3 0     0.0 0    -0.1 0     0.0 0   330.9 0   277.441 0   277.251 0   329.3 0   276.789 0   276.916 0     0.0 0     0.0 0     0.0 0     0.0 0     0.0 0     4.4 0    89.8 0     1.0 0   197.0 0   967.5 0
 2026  10  1 10 22 57 22.950  99.93    -1.2 0     0.1 0    -0.1 0     0.0 0   330.9 0   277.442 0   277.246 0   329.3 0   276.792 0   276.917 0     0.0 0     0.0 0     0.0 0     0.0 0     0.0 0     4.4 0    89.8 0     1.4 0   299.5 0   967.5 0
 2026  10  1 10 22 58 22.967 100.11    -1.3 0     0.1 0     0.0 0     0.0 0   330.9 0   277.443 0   277.247 0   329.3 0   276.794 0   276.919 0     0.0 0     0.0 0     0.0 0     0.0 0     0.0 0     4.4 0    89.9 0     0.8 0   276.5 0   967.5 0
 2026  10  1 10 22 59 22.983 100.28    -1.3 0     0.1 0     0.0 0     0.0 0   331.0 0   277.441 0   277.239 0   329.1 0   276.796 0   276.917 0     0.0 0     0.0 0     0.0 0     0.0 0     0.0 0     4.4 0    89.9 0     0.5 0   239.0 0   967.5 0
 2026  10  1 10 23  0 23.000 100.46    -1.3 0     0.1 0     0.0 0     0.0 0   331.0 0   277.439 0   277.233 0   329.0 0   276.796 0   276.914 0     0.0 0     0.0 0     0.0 0     0.0 0     0.0 0     4.4 0    89.9 0     1.0 0   292.2 0   967.5 0
 2026  10  1 10 23  1 23.017 100.64    -1.2 0     0.1 0     0.0 0     0.0 0   330.9 0   277.435 0   277.221 0   329.1 0   276.796 0   276.916 0     0.0 0     0.0 0     0.0 0     0.0 0     0.0 0     4.4 0    89.9 0     0.6 0   227.4 0   967.5 0
 2026  10  1 10 23  2 23.033 100.82    -1.2 0     0.1 0     0.0 0     0.0 0   331.1 0   277.430 0   277.214 0   329.1 0   276.797 0   276.918 0     0.0 0     0.0 0     0.0 0     0.0 0     0.0 0     4.4 0    90.0 0     0.2 0   219.7 0   967.5 0
 2026  10  1 10 23  3 23.050 101.00    -1.3 0     0.0 0     0.0 0     0.0 0   331.4 0   277.426 0   277.221 0   329.2 0   276.798 0   276.924 0     0.0 0     0.0 0     0.0 0     0.0 0     0.0 0     4.4 0    90.0 0     1.2 0   205.4 0   967.6 0
 2026  10  1 10 23  4 23.067 101.18    -1.3 0     0.0 0     0.0 0     0.0 0   331.3 0   277.427 0   277.228 0   329.3 0   276.803 0   276.931 0     0.0 0     0.0 0     0.0 0     0.0 0     0.0 0     4.4 0    90.0 0     1.2 0   191.6 0   967.6 0
 2026  10  1 10 23  5 23.083 101.35    -1.3 0     0.0 0     0.0 0     0.0 0   331.4 0   277.430 0   277.227 0   329.3 0   276.807 0   276.933 0     0.0 0     0.0 0     0.0 0     0.0 0     0.0 0     4.4 0    90.0 0     1.3 0   131.0 0   967.6 0
 2026  10  1 10 23  6 23.100 101.53    -1.3 0     0.0 0    -0.1 0     0.0 0   331.5 0   277.436 0   277.241 0   329.5 0   276.811 0   276.940 0     0.0 0     0.0 0     0.0 0     0.0 0     0.0 0     4.4 0    90.0 0     0.6 0   158.0 0   967.5 0
 2026  10  1 10 23  7 23.117 101.71    -1.4 0     0.0 0    -0.1 0     0.0 0   331.6 0   277.444 0   277.236 0   329.4 0   276.814 0   276.939 0     0.0 0     0.0 0     0.0 0     0.0 0     0.0 0     4.4 0    89.9 0     1.0 0   186.3 0   967.6 0
 2026  10  1 10 23  8 23.133 101.89    -1.4 0     0.0 0     0.0 0     0.0 0   331.7 0   277.448 0   277.234 0   329.3 0   276.817 0   276.941 0     0.0 0     0.0 0     0.0 0     0.0 0     0.0 0     4.4 0    89.9 0     1.2 0   179.5 0   967.6 0
 2026  10  1 10 23  9 23.150 102.07    -1.4 0     0.1 0     0.0 0     0.0 0   331.7 0   277.452 0   277.240 0   329.3 0   276.819 0   276.941 0     0.0 0     0.0 0     0.0 0     0.0 0     0.0 0     4.4 0    89.9 0     0.5 0   164.0 0   967.5 0
 2026  10  1 10 23 10 23.167 102.25    -1.4 0     0.1 0     0.0 0     0.0 0   331.8 0   277.454 0   277.233 0   329.3 0   276.820 0   276.941 0     0.0 0     0.0 0     0.0 0     0.0 0     0.0 0     4.4 0    89.9 0     0.9 0   206.9 0   967.5 0
 2026  10  1 10 23 11 23.183 102.43    -1.4 0     0.1 0     0.0 0     0.0 0   332.0 0   277.455 0   277.229 0   329.3 0   276.822 0   276.947 0     0.0 0     0.0 0     0.0 0     0.0 0     0.0 0     4.4 0    90.0 0     1.0 0   189.5 0   967.5 0
 2026  10  1 10 23 12 23.200 102.61    -1.4 0     0.1 0     0.0 0     0.0 0   332.1 0   277.454 0   277.236 0   329.4 0   276.824 0   276.949 0     0.0 0     0.0 0     0.0 0     0.0 0     0.0 0     4.4 0    89.9 0     1.9 0   141.9 0   967.4 0
 2026  10  1 10 23 13 23.217 102.79    -1.3 0     0.1 0     0.0 0     0.0 0   332.0 0   277.455 0   277.237 0   329.3 0   276.827 0   276.952 0     0.0 0     0.0 0     0.0 0     0.0 0     0.0 0     4.4 0    89.9 0     1.4 0   125.4 0   967.3 0
 2026  10  1 10 23 14 23.233 102.97    -1.3 0     0.1 0     0.0 0     0.0 0   332.0 0   277.454 0   277.236 0   329.2 0   276.827 0   276.947 0     0.0 0     0.0 0     0.0 0     0.0 0     0.0 0     4.4 0    89.9 0     1.3 0    90.1 0   967.2 0
 2026  10  1 10 23 15 23.250 103.15    -1.2 0     0.1 0     0.0 0     0.0 0   332.0 0   277.451 0   277.241 0   329.1 0   276.826 0   276.946 0     0.0 0     0.0 0     0.0 0     0.0 0     0.0 0     4.4 0    90.0 0     0.8 0    89.5 0   967.2 0
 2026  10  1 10 23 16 23.267 103.33    -1.3 0     0.1 0     0.0 0     0.0 0   331.9 0   277.449 0   277.237 0   329.2 0   276.826 0   276.945 0     0.0 0     0.0 0     0.0 0     0.0 0     0.0 0     4.4 0    90.0 0     1.4 0   102.7 0   967.2 0
 2026  10  1 10 23 17 23.283 103.51    -1.2 0     0.1 0     0.0 0     0.0 0   331.8 0   277.447 0   277.235 0   329.3 0   276.824 0   276.945 0     0.0 0     0.0 0     0.0 0     0.0 0     0.0 0     4.3 0    90.1 0     0.5 0   114.8 0   967.2 0
 2026  10  1 10 23 18 23.300 103.69    -1.2 0     0.1 0     0.0 0     0.0 0   331.9 0   277.445 0   277.247 0   329.2 0   276.823 0   276.944 0     0.0 0     0.0 0     0.0 0     0.0 0     0.0 0     4.4 0    90.1 0     0.3 0    99.0 0   967.2 0
 2026  10  1 10 23 19 23.317 103.87    -1.2 0     0.1 0     0.0 0     0.0 0   332.0 0   277.445 0   277.253 0   329.3 0   276.822 0   276.944 0     0.0 0     0.0 0     0.0 0     0.0 0     0.0 0     4.4 0    90.1 0     0.4 0   222.3 0   967.2 0
 2026  10  1 10 23 20 23.333 104.06    -1.3 0     0.1 0     0.0 0     0.0 0   332.0 0   277.445 0   277.260 0   329.3 0   276.822 0   276.943 0     0.0 0     0.0 0     0.0 0     0.0 0     0.0 0     4.4 0    90.2 0     0.0 0   200.9 0   967.1 0
 2026  10  1 10 23 21 23.350 104.24    -1.3 0     0.1 0     0.0 0     0.0 0   332.0 0   277.448 0   277.264 0   329.3 0   276.821 0   276.944 0     0.0 0     0.0 0     0.0 0     0.0 0     0.0 0     4.4 0    90.2 0     0.1 0   146.5 0   967.1 0
 2026  10  1 10 23 22 23.367 104.42    -1.3 0     0.0 0     0.0 0     0.0 0   332.1 0   277.452 0   277.266 0   329.4 0   276.821 0   276.946 0     0.0 0     0.0 0     0.0 0     0.0 0     0.0 0     4.4 0    90.2 0     0.6 0   111.5 0   967.0 0
 2026  10  1 10 23 23 23.383 104.60    -1.2 0     0.0 0     0.0 0     0.0 0   332.3 0   277.454 0   277.258 0   329.4 0   276.821 0   276.946 0     0.0 0     0.0 0     0.0 0     0.0 0     0.0 0     4.4 0    90.2 0     1.0 0    73.4 0   967.0 0
 2026  10  1 10 23 24 23.400 104.78    -1.2 0     0.0 0     0.0 0     0.0 0   332.7 0   277.455 0   277.250 0   329.4 0   276.822 0   276.947 0     0.0 0     0.0 0     0.0 0     0.0 0     0.0 0     4.4 0    90.2 0     0.7 0    22.8 0   967.0 0
 2026  10  1 10 23 25 23.417 104.96    -1.2 0     0.1 0     0.0 0     0.0 0   332.9 0   277.454 0   277.243 0   329.5 0   276.822 0   276.946 0     0.0 0     0.0 0     0.0 0     0.0 0     0.0 0     4.4 0    90.2 0     1.5 0    53.2 0   966.9 0
 2026  10  1 10 23 26 23.433 105.15    -1.3 0     0.0 0    -0.1 0     0.0 0   332.9 0   277.457 0   277.286 0   329.8 0   276.825 0   276.953 0     0.0 0     0.0 0     0.0 0     0.0 0     0.0 0     4.4 0    90.3 0     1.3 0    83.1 0   967.0 0
 2026  10  1 10 23 27 23.450 105.33    -1.3 0     0.0 0    -0.1 0     0.0 0   332.7 0   277.467 0   277.273 0   329.6 0   276.829 0   276.956 0     0.0 0     0.0 0     0.0 0     0.0 0     0.0 0     4.4 0    90.3 0     1.0 0    19.0 0   966.9 0
 2026  10  1 10 23 28 23.467 105.51    -1.3 0     0.0 0     0.0 0     0.0 0   332.8 0   277.471 0   277.271 0   329.5 0   276.832 0   276.954 0     0.0 0     0.0 0     0.0 0     0.0 0     0.0 0     4.4 0    90.3 0     0.6 0    79.7 0   966.9 0
 2026  10  1 10 23 29 23.483 105.69    -1.3 0     0.0 0     0.0 0     0.0 0   332.5 0   277.475 0   277.277 0   329.7 0   276.833 0   276.961 0     0.0 0     0.0 0     0.0 0     0.0 0     0.0 0     4.4 0    90.3 0     1.3 0   107.0 0   966.9 0
 2026  10  1 10 23 30 23.500 105.87    -1.3 0     0.0 0     0.0 0     0.0 0   332.5 0   277.479 0   277.277 0   329.7 0   276.837 0   276.967 0     0.0 0     0.0 0     0.0 0     0.0 0     0.0 0     4.4 0    90.3 0     1.0 0   121.2 0   966.9 0
 2026  10  1 10 23 31 23.517 106.06    -1.4 0     0.1 0     0.0 0     0.0 0   332.3 0   277.484 0   277.283 0   329.7 0   276.841 0   276.971 0     0.0 0     0.0 0     0.0 0     0.0 0     0.0 0     4.4 0    90.3 0     0.5 0    59.7 0   967.0 0
 2026  10  1 10 23 32 23.533 106.24    -1.4 0     0.1 0     0.0 0     0.0 0   332.2 0   277.490 0   277.291 0   329.7 0   276.844 0   276.971 0     0.0 0     0.0 0     0.0 0     0.0 0     0.0 0     4.5 0    90.3 0     0.0 0    82.8 0   967.0 0
 2026  10  1 10 23 33 23.550 106.42    -1.4 0     0.1 0     0.0 0     0.0 0   332.0 0   277.496 0   277.284 0   329.5 0   276.845 0   276.971 0     0.0 0     0.0 0     0.0 0     0.0 0     0.0 0     4.5 0    90.3 0     0.8 0   343.6 0   967.1 0
 2026  10  1 10 23 34 23.567 106.61    -1.3 0     0.1 0     0.0 0     0.0 0   331.7 0   277.496 0   277.257 0   329.2 0   276.846 0   276.965 0     0.0 0     0.0 0     0.0 0     0.0 0     0.0 0     4.4 0    90.2 0     1.2 0   356.4 0   967.1 0
 2026  10  1 10 23 35 23.583 106.79    -1.2 0     0.1 0     0.0 0     0.0 0   331.6 0   277.489 0   277.232 0   329.2 0   276.843 0   276.959 0     0.0 0     0.0 0     0.0 0     0.0 0     0.0 0     4.4 0    90.2 0     2.4 0   345.9 0   967.1 0
 2026  10  1 10 23 36 23.600 106.97    -1.1 0     0.1 0     0.1 0     0.0 0   331.5 0   277.477 0   277.215 0   329.3 0   276.841 0   276.959 0     0.0 0     0.0 0     0.0 0     0.0 0     0.0 0     4.3 0    90.4 0     2.6 0   344.7 0   967.2 0
 2026  10  1 10 23 37 23.617 107.16    -1.1 0     0.1 0     0.1 0     0.1 0   331.4 0   277.464 0   277.207 0   329.2 0   276.840 0   276.958 0     0.0 0     0.0 0     0.0 0     0.0 0     0.0 0     4.3 0    90.6 0     2.7 0   344.8 0   967.2 0
 2026  10  1 10 23 38 23.633 107.34    -1.1 0     0.0 0     0.0 0     0.1 0   331.4 0   277.453 0   277.202 0   329.2 0   276.839 0   276.957 0     0.0 0     0.0 0     0.0 0     0.0 0     0.0 0     4.2 0    90.7 0     2.2 0   345.2 0   967.2 0
 2026  10  1 10 23 39 23.650 107.52    -1.1 0     0.1 0     0.0 0     0.1 0   331.4 0   277.444 0   277.204 0   329.1 0   276.837 0   276.953 0     0.0 0     0.0 0     0.0 0     0.0 0     0.0 0     4.2 0    90.8 0     1.7 0   341.9 0   967.2 0
 2026  10  1 10 23 40 23.667 107.71    -1.1 0     0.0 0     0.0 0     0.0 0   331.4 0   277.434 0   277.186 0   329.1 0   276.834 0   276.951 0     0.0 0     0.0 0     0.0 0     0.0 0     0.0 0     4.2 0    91.0 0     1.7 0   337.3 0   967.1 0
 2026  10  1 10 23 41 23.683 107.89    -1.1 0     0.0 0     0.0 0     0.0 0   331.4 0   277.420 0   277.176 0   329.1 0   276.832 0   276.948 0     0.0 0     0.0 0     0.0 0     0.0 0     0.0 0     4.2 0    91.1 0     1.4 0   347.1 0   967.1 0
 2026  10  1 10 23 42 23.700 108.07    -1.1 0     0.0 0     0.0 0     0.0 0   331.4 0   277.407 0   277.171 0   329.0 0   276.829 0   276.947 0     0.0 0     0.0 0     0.0 0     0.0 0     0.0 0     4.2 0    91.2 0     1.4 0   346.8 0   967.0 0
 2026  10  1 10 23 43 23.717 108.26    -1.1 0     0.0 0     0.0 0     0.0 0   331.6 0   277.397 0   277.172 0   329.1 0   276.827 0   276.946 0     0.0 0     0.0 0     0.0 0     0.0 0     0.0 0     4.2 0    91.2 0     1.4 0   342.1 0   967.0 0
 2026  10  1 10 23 44 23.733 108.44    -1.2 0     0.0 0     0.0 0     0.0 0   331.5 0   277.393 0   277.174 0   329.0 0   276.825 0   276.943 0     0.0 0     0.0 0     0.0 0     0.0 0     0.0 0     4.2 0    91.3 0     1.0 0    11.0 0   966.9 0
 2026  10  1 10 23 45 23.750 108.63    -1.2 0     0.0 0     0.0 0     0.0 0   331.4 0   277.389 0   277.159 0   328.9 0   276.822 0   276.938 0     0.0 0     0.0 0     0.0 0     0.0 0     0.0 0     4.2 0    91.3 0     1.4 0    33.5 0   966.8 0
 2026  10  1 10 23 46 23.767 108.81    -1.2 0     0.0 0     0.0 0     0.0 0   331.4 0   277.380 0   277.148 0   328.8 0   276.819 0   276.934 0     0.0 0     0.0 0     0.0 0     0.0 0     0.0 0     4.2 0    91.3 0     1.3 0    45.6 0   966.8 0
 2026  10  1 10 23 47 23.783 109.00    -1.1 0     0.0 0     0.0 0     0.0 0   331.5 0   277.369 0   277.130 0   328.8 0   276.815 0   276.929 0     0.0 0     0.0 0     0.0 0     0.0 0     0.0 0     4.2 0    91.4 0     1.3 0    47.6 0   966.7 0
 2026  10  1 10 23 48 23.800 109.18    -1.1 0     0.0 0     0.0 0     0.0 0   331.6 0   277.359 0   277.146 0   328.9 0   276.812 0   276.932 0     0.0 0     0.0 0     0.0 0     0.0 0     0.0 0     4.2 0    91.4 0     1.2 0    29.9 0   966.7 0
 2026  10  1 10 23 49 23.817 109.37    -1.2 0     0.0 0     0.0 0     0.0 0   331.5 0   277.356 0   277.138 0   328.9 0   276.811 0   276.939 0     0.0 0     0.0 0     0.0 0     0.0 0     0.0 0     4.2 0    91.5 0     1.2 0    17.0 0   966.8 0
 2026  10  1 10 23 50 23.833 109.55    -1.2 0     0.0 0     0.0 0     0.0 0   331.5 0   277.351 0   277.136 0   328.8 0   276.812 0   276.934 0     0.0 0     0.0 0     0.0 0     0.0 0     0.0 0     4.2 0    91.5 0     1.1 0     0.6 0   966.9 0
 2026  10  1 10 23 51 23.850 109.74    -1.2 0     0.0 0     0.0 0     0.0 0   331.4 0   277.346 0   277.122 0   328.7 0   276.809 0   276.925 0     0.0 0     0.0 0     0.0 0     0.0 0     0.0 0     4.2 0    91.4 0     1.0 0   342.7 0   966.9 0
 2026  10  1 10 23 52 23.867 109.92    -1.2 0     0.0 0     0.0 0     0.0 0   331.6 0   277.338 0   277.120 0   328.9 0   276.805 0   276.922 0     0.0 0     0.0 0     0.0 0     0.0 0     0.0 0     4.2 0    91.5 0     0.9 0   309.8 0   967.0 0
 2026  10  1 10 23 53 23.883 110.11    -1.2 0     0.0 0     0.0 0     0.0 0   331.7 0   277.334 0   277.127 0   329.0 0   276.803 0   276.923 0     0.0 0     0.0 0     0.0 0     0.0 0     0.0 0     4.2 0    91.6 0     1.4 0   310.0 0   967.0 0
 2026  10  1 10 23 54 23.900 110.29    -1.3 0     0.0 0     0.0 0     0.0 0   331.6 0   277.333 0   277.142 0   329.1 0   276.803 0   276.922 0     0.0 0     0.0 0     0.0 0     0.0 0     0.0 0     4.2 0    91.6 0     1.1 0   305.9 0   967.1 0
 2026  10  1 10 23 55 23.917 110.48    -1.3 0     0.0 0     0.0 0     0.0 0   331.8 0   277.333 0   277.143 0   329.2 0   276.803 0   276.923 0     0.0 0     0.0 0     0.0 0     0.0 0     0.0 0     4.2 0    91.6 0     1.4 0   320.9 0   967.1 0
 2026  10  1 10 23 56 23.933 110.66    -1.3 0     0.0 0     0.0 0     0.0 0   331.7 0   277.336 0   277.146 0   329.1 0   276.803 0   276.922 0     0.0 0     0.0 0     0.0 0     0.0 0     0.0 0     4.2 0    91.6 0     1.6 0   322.9 0   967.1 0
 2026  10  1 10 23 57 23.950 110.85    -1.2 0     0.0 0     0.0 0     0.0 0   331.5 0   277.337 0   277.138 0   329.1 0   276.802 0   276.920 0     0.0 0     0.0 0     0.0 0     0.0 0     0.0 0     4.2 0    91.6 0     1.6 0   333.1 0   967.0 0
 2026  10  1 10 23 58 23.967 111.03    -1.2 0     0.0 0     0.0 0     0.0 0   331.5 0   277.336 0   277.136 0   329.0 0   276.801 0   276.918 0     0.0 0     0.0 0     0.0 0     0.0 0     0.0 0     4.2 0    91.6 0     1.2 0   345.0 0   967.0 0
 2026  10  1 10 23 59 23.983 111.22    -1.2 0     0.0 0     0.0 0     0.0 0   331.5 0   277.333 0   277.129 0   329.0 0   276.800 0   276.918 0     0.0 0     0.0 0     0.0 0     0.0 0     0.0 0     4.2 0    91.7 0     0.7 0   355.2 0   967.0 0
