 Penn State
   40.72  -77.93  376 m version 1
 2026  11  1 11  0  0  0.000 111.40    -1.2 0     0.0 0     0.0 0     0.0 0   331.3 0   277.328 0   277.131 0   329.0 0   276.799 0   276.917 0     0.0 0     0.0 0     0.0 0     0.0 0     0.0 0     4.2 0    91.7 0     0.6 0     3.2 0   967.0 0
 2026  11  1 11  0  1  0.017 111.59    -1.2 0     0.0 0     0.0 0     0.0 0   331.3 0   277.325 0   277.145 0   329.0 0   276.797 0   276.917 0     0.0 0     0.0 0     0.0 0     0.0 0     0.0 0     4.2 0    91.8 0     0.5 0    12.4 0   967.0 0
 2026  11  1 11  0  2  0.033 111.78    -1.2 0     0.0 0     0.0 0     0.0 0   331.2 0   277.326 0   277.157 0   329.0 0   276.796 0   276.915 0     0.0 0     0.0 0     0.0 0     0.0 0     0.0 0     4.2 0    91.8 0     0.6 0     2.1 0   967.0 0
 2026  11  1 11  0  3  0.050 111.96    -1.2 0     0.0 0     0.0 0     0.0 0   331.1 0   277.327 0   277.153 0   328.9 0   276.795 0   276.911 0     0.0 0     0.0 0     0.0 0     0.0 0     0.0 0     4.2 0    91.8 0     0.5 0   344.5 0   967.0 0
 2026  11  1 11  0  4  0.067 112.15    -1.2 0     0.0 0     0.0 0     0.0 0   331.4 0   277.327 0   277.152 0   329.0 0   276.793 0   276.910 0     0.0 0     0.0 0     0.0 0     0.0 0     0.0 0     4.2 0    91.8 0     0.6 0   240.7 0   967.0 0
 2026  11  1 11  0  5  0.083 112.34    -1.2 0     0.0 0     0.0 0     0.0 0   331.4 0   277.328 0   277.155 0   328.9 0   276.791 0   276.909 0     0.0 0     0.1 0     0.0 0     0.0 0     0.0 0     4.3 0    91.8 0     0.1 0   171.4 0   967.0 0
 2026  11  1 11  0  6  0.100 112.52    -1.2 0     0.0 0     0.0 0     0.0 0   331.3 0   277.328 0   277.138 0   328.8 0   276.789 0   276.905 0     0.0 0     0.1 0     0.0 0     0.0 0     0.0 0     4.3 0    91.9 0     0.0 0     0.0 0   967.0 0
 2026  11  1 11  0  7  0.117 112.71    -1.2 0     0.0 0     0.0 0     0.0 0   331.4 0   277.322 0   277.124 0   328.8 0   276.786 0   276.901 0     0.0 0     0.0 0     0.0 0     0.0 0     0.0 0     4.3 0    91.8 0     0.0 0     0.0 0   967.1 0
 2026  11  1 11  0  8  0.133 112.90    -1.2 0     0.0 0     0.0 0     0.0 0   331.7 0   277.317 0   277.128 0   328.9 0   276.784 0   276.900 0     0.0 0     0.0 0     0.0 0     0.0 0     0.0 0     4.3 0    91.8 0     0.6 0   288.2 0   967.0 0
 2026  11  1 11  0  9  0.150 113.08    -1.2 0    -0.1 0     0.0 0     0.0 0   331.6 0   277.316 0   277.128 0   328.9 0   276.782 0   276.897 0     0.0 0     0.0 0     0.0 0     0.0 0     0.0 0     4.2 0    91.8 0     1.1 0   297.7 0   967.0 0
 2026  11  1 11  0 10  0.167 113.27    -1.2 0     0.0 0     0.1 0     0.0 0   331.4 0   277.312 0   277.097 0   328.8 0   276.778 0   276.891 0     0.0 0     0.0 0     0.0 0     0.0 0     0.0 0     4.2 0    91.8 0     1.5 0   294.9 0   966.9 0
 2026  11  1 11  0 11  0.183 113.46    -1.1 0     0.0 0     0.1 0     0.0 0   331.5 0   277.301 0   277.085 0   328.8 0   276.774 0   276.889 0     0.0 0     0.0 0     0.0 0     0.0 0     0.0 0     4.2 0    91.9 0     1.2 0   306.9 0   966.9 0
 2026  11  1 11  0 12  0.200 113.64    -1.1 0     0.0 0     0.1 0     0.0 0   331.5 0   277.291 0   277.082 0   328.8 0   276.771 0   276.887 0     0.0 0     0.0 0     0.0 0     0.0 0     0.0 0     4.2 0    91.9 0     0.5 0   311.5 0   966.8 0
 2026  11  1 11  0 13  0.217 113.83    -1.1 0    -0.1 0     0.0 0     0.0 0   331.4 0   277.283 0   277.083 0   328.8 0   276.769 0   276.886 0     0.0 0     0.0 0     0.0 0     0.0 0     0.0 0     4.2 0    92.0 0     0.0 0     0.0 0   966.7 0
 2026  11  1 11  0 14  0.233 114.02    -1.2 0    -0.1 0     0.0 0     0.0 0   331.5 0   277.276 0   277.089 0   328.9 0   276.767 0   276.885 0     0.0 0     0.0 0     0.0 0     0.0 0     0.0 0     4.2 0    92.0 0     0.1 0    97.8 0   966.7 0
 2026  11  1 11  0 15  0.250 114.20    -1.2 0    -0.1 0     0.0 0     0.0 0   331.5 0   277.276 0   277.105 0   328.8 0   276.765 0   276.882 0     0.0 0     0.0 0     0.0 0     0.0 0     0.0 0     4.2 0    92.0 0     0.2 0    78.3 0   966.7 0
 2026  11  1 11  0 16  0.267 114.39    -1.1 0     0.0 0     0.0 0     0.0 0   331.4 0   277.275 0   277.078 0   328.7 0   276.762 0   276.875 0     0.0 0     0.0 0     0.0 0     0.0 0     0.0 0     4.2 0    91.9 0     0.7 0   101.0 0   966.6 0
 2026  11  1 11  0 17  0.283 114.58    -1.1 0     0.0 0     0.1 0     0.0 0   331.4 0   277.266 0   277.073 0   328.7 0   276.758 0   276.874 0     0.0 0     0.0 0     0.0 0     0.0 0     0.0 0     4.2 0    92.0 0     0.1 0   106.2 0   966.7 0
 2026  11  1 11  0 18  0.300 114.77    -1.2 0    -0.1 0     0.0 0     0.0 0   331.5 0   277.259 0   277.081 0   328.7 0   276.755 0   276.872 0     0.0 0     0.0 0     0.0 0     0.0 0     0.0 0     4.2 0    92.1 0     0.0 0     0.0 0   966.7 0
 2026  11  1 11  0 19  0.317 114.95    -1.2 0    -0.1 0     0.0 0     0.0 0   331.7 0   277.255 0   277.082 0   328.7 0   276.753 0   276.870 0     0.0 0     0.0 0     0.0 0     0.0 0     0.0 0     4.2 0    92.1 0     0.0 0     0.0 0   966.7 0
 2026  11  1 11  0 20  0.333 115.14    -1.2 0    -0.1 0     0.0 0     0.0 0   332.0 0   277.254 0   277.094 0   328.7 0   276.750 0   276.868 0     0.0 0     0.0 0     0.0 0     0.0 0     0.0 0     4.2 0    92.1 0     0.1 0   343.5 0   966.7 0
 2026  11  1 11  0 21  0.350 115.33    -1.2 0    -0.1 0     0.0 0     0.0 0   332.4 0   277.257 0   277.091 0   328.7 0   276.749 0   276.867 0     0.0 0     0.0 0     0.0 0     0.0 0     0.0 0     4.2 0    92.1 0     1.1 0   347.4 0   966.6 0
 2026  11  1 11  0 22  0.367 115.52    -1.1 0    -0.1 0     0.1 0     0.0 0   332.0 0   277.257 0   277.086 0   328.8 0   276.748 0   276.868 0     0.0 0     0.0 0     0.0 0     0.0 0     0.0 0     4.2 0    92.1 0     2.2 0     2.4 0   966.5 0
 2026  11  1 11  0 23  0.383 115.70    -1.0 0    -0.1 0     0.0 0     0.1 0   331.7 0   277.258 0   277.092 0   328.9 0   276.749 0   276.870 0     0.0 0     0.0 0     0.0 0     0.0 0     0.0 0     4.2 0    92.2 0     2.2 0    16.7 0   966.4 0
 2026  11  1 11  0 24  0.400 115.89    -1.1 0    -0.1 0     0.0 0     0.1 0   331.8 0   277.260 0   277.093 0   329.0 0   276.751 0   276.872 0     0.0 0     0.0 0     0.0 0     0.0 0     0.0 0     4.2 0    92.2 0     2.1 0    28.4 0   966.4 0
 2026  11  1 11  0 25  0.417 116.08    -1.1 0    -0.1 0     0.0 0     0.1 0   331.9 0   277.262 0   277.094 0   329.1 0   276.752 0   276.872 0     0.0 0     0.0 0     0.0 0     0.0 0     0.0 0     4.2 0    92.2 0     2.1 0    23.2 0   966.3 0
 2026  11  1 11  0 26  0.433 116.27    -1.1 0    -0.1 0     0.0 0     0.1 0   331.9 0   277.264 0   277.100 0   329.1 0   276.753 0   276.873 0     0.0 0     0.0 0     0.0 0     0.0 0     0.0 0     4.2 0    92.3 0     2.3 0    28.1 0   966.2 0
 2026  11  1 11  0 27  0.450 116.45    -1.2 0    -0.1 0     0.0 0     0.1 0   332.0 0   277.265 0   277.103 0   329.2 0   276.755 0   276.878 0     0.0 0     0.0 0     0.0 0     0.0 0     0.0 0     4.2 0    92.4 0     2.4 0    45.3 0   966.2 0
 2026  11  1 11  0 28  0.467 116.64    -1.1 0    -0.1 0     0.0 0     0.0 0   332.1 0   277.264 0   277.104 0   329.2 0   276.758 0   276.878 0     0.0 0     0.0 0     0.0 0     0.0 0     0.0 0     4.2 0    92.4 0     2.7 0    65.8 0   966.1 0
 2026  11  1 11  0 29  0.483 116.83    -1.1 0    -0.2 0     0.0 0     0.0 0   332.6 0   277.264 0   277.111 0   329.4 0   276.761 0   276.885 0     0.0 0     0.0 0     0.0 0     0.0 0     0.0 0     4.2 0    92.5 0     2.4 0    82.5 0   966.1 0
 2026  11  1 11  0 30  0.500 117.02    -1.1 0    -0.1 0     0.0 0     0.0 0   332.8 0   277.267 0   277.120 0   329.6 0   276.766 0   276.893 0     0.0 0     0.0 0     0.0 0     0.0 0     0.0 0     4.2 0    92.5 0     2.1 0    73.9 0   966.0 0
 2026  11  1 11  0 31  0.517 117.21    -1.3 0    -0.2 0    -0.1 0     0.0 0   333.1 0   277.278 0   277.175 0   330.3 0   276.776 0   276.923 0     0.0 0     0.0 0     0.0 0     0.0 0     0.0 0     4.3 0    92.7 0     1.4 0     7.5 0   966.0 0
 2026  11  1 11  0 32  0.533 117.40    -1.5 0    -0.3 0    -0.2 0     0.0 0   333.2 0   277.308 0   277.222 0   330.6 0   276.793 0   276.943 0     0.0 0     0.0 0     0.0 0     0.0 0     0.0 0     4.3 0    92.7 0     1.0 0    15.4 0   966.0 0
 2026  11  1 11  0 33  0.550 117.58    -1.5 0    -0.1 0    -0.2 0     0.0 0   333.1 0   277.340 0   277.228 0   330.3 0   276.807 0   276.948 0     0.0 0     0.0 0     0.0 0     0.0 0     0.0 0     4.4 0    92.5 0     2.0 0    44.4 0   966.0 0
 2026  11  1 11  0 34  0.567 117.77    -1.5 0     0.0 0    -0.1 0     0.1 0   333.0 0   277.362 0   277.219 0   330.0 0   276.817 0   276.951 0     0.0 0     0.0 0     0.0 0     0.0 0     0.0 0     4.4 0    92.3 0     3.1 0    44.6 0   965.9 0
 2026  11  1 11  0 35  0.583 117.96    -1.4 0     0.0 0    -0.1 0     0.1 0   332.8 0   277.375 0   277.215 0   330.1 0   276.824 0   276.959 0     0.0 0     0.0 0     0.0 0     0.0 0     0.0 0     4.4 0    92.3 0     3.4 0    33.2 0   965.9 0
 2026  11  1 11  0 36  0.600 118.15    -1.4 0     0.0 0    -0.1 0     0.1 0   332.9 0   277.387 0   277.236 0   330.2 0   276.834 0   276.977 0     0.0 0     0.0 0     0.0 0     0.0 0     0.0 0     4.4 0    92.3 0     3.0 0    33.2 0   965.8 0
 2026  11  1 11  0 37  0.617 118.34    -1.5 0     0.0 0    -0.1 0     0.1 0   332.9 0   277.403 0   277.251 0   330.3 0   276.846 0   276.990 0     0.0 0     0.0 0     0.0 0     0.0 0     0.0 0     4.4 0    92.3 0     2.6 0    30.8 0   965.8 0
 2026  11  1 11  0 38  0.633 118.53    -1.5 0     0.0 0    -0.1 0     0.1 0   332.6 0   277.418 0   277.253 0   330.1 0   276.856 0   276.993 0     0.0 0     0.0 0     0.0 0     0.0 0     0.0 0     4.4 0    92.2 0     2.6 0    36.2 0   965.8 0
 2026  11  1 11  0 39  0.650 118.71    -1.4 0     0.1 0     0.0 0     0.1 0   332.6 0   277.427 0   277.257 0   330.2 0   276.863 0   276.999 0     0.0 0     0.0 0     0.0 0     0.0 0     0.0 0     4.4 0    92.1 0     2.4 0    27.1 0   965.8 0
 2026  11  1 11  0 40  0.667 118.90    -1.4 0     0.1 0     0.0 0     0.1 0   332.4 0   277.436 0   277.270 0   330.2 0   276.870 0   277.009 0     0.0 0     0.0 0     0.0 0     0.0 0     0.0 0     4.4 0    92.1 0     2.4 0    11.3 0   965.8 0
 2026  11  1 11  0 41  0.683 119.09    -1.4 0     0.1 0     0.0 0     0.1 0   332.5 0   277.447 0   277.271 0   330.2 0   276.878 0   277.018 0     0.0 0     0.0 0     0.0 0     0.0 0     0.0 0     4.4 0    92.1 0     3.1 0    25.4 0   965.8 0
 2026  11  1 11  0 42  0.700 119.28    -1.4 0     0.1 0     0.0 0     0.1 0   332.6 0   277.456 0   277.286 0   330.2 0   276.886 0   277.025 0     0.0 0     0.0 0     0.0 0     0.0 0     0.0 0     4.4 0    92.1 0     2.5 0    35.0 0   965.8 0
 2026  11  1 11  0 43  0.717 119.47    -1.4 0     0.1 0     0.0 0     0.1 0   332.5 0   277.466 0   277.290 0   330.1 0   276.892 0   277.027 0     0.0 0     0.0 0     0.0 0     0.0 0     0.0 0     4.4 0    92.1 0     2.3 0    21.0 0   965.8 0
 2026  11  1 11  0 44  0.733 119.66    -1.4 0     0.1 0     0.0 0     0.1 0   332.3 0   277.475 0   277.295 0   330.1 0   276.898 0   277.030 0     0.0 0     0.0 0     0.0 0     0.0 0     0.0 0     4.4 0    92.0 0     2.6 0    12.9 0   965.8 0
 2026  11  1 11  0 45  0.750 119.85    -1.3 0     0.1 0     0.0 0     0.1 0   332.4 0   277.483 0   277.308 0   330.2 0   276.903 0   277.040 0     0.0 0     0.0 0     0.0 0     0.0 0     0.0 0     4.4 0    92.1 0     2.4 0    10.4 0   965.8 0
 2026  11  1 11  0 46  0.767 120.04    -1.4 0     0.0 0     0.0 0     0.1 0   332.5 0   277.494 0   277.328 0   330.3 0   276.911 0   277.050 0     0.0 0     0.0 0     0.0 0     0.0 0     0.0 0     4.4 0    92.1 0     2.7 0    41.6 0   965.8 0
 2026  11  1 11  0 47  0.783 120.23    -1.4 0     0.0 0     0.0 0     0.1 0   332.5 0   277.507 0   277.333 0   330.2 0   276.919 0   277.055 0     0.0 0     0.0 0     0.0 0     0.0 0     0.0 0     4.4 0    92.1 0     2.4 0    24.8 0   965.8 0
 2026  11  1 11  0 48  0.800 120.41    -1.3 0     0.0 0     0.0 0     0.1 0   332.5 0   277.518 0   277.343 0   330.2 0   276.926 0   277.060 0     0.0 0     0.0 0     0.0 0     0.0 0     0.0 0     4.4 0    92.0 0     2.6 0    29.6 0   965.7 0
 2026  11  1 11  0 49  0.817 120.60    -1.3 0     0.1 0     0.0 0     0.1 0   332.4 0   277.528 0   277.344 0   330.1 0   276.933 0   277.066 0     0.0 0     0.0 0     0.0 0     0.0 0     0.0 0     4.4 0    92.0 0     2.3 0    19.9 0   965.7 0
 2026  11  1 11  0 50  0.833 120.79    -1.3 0     0.1 0     0.0 0     0.1 0   332.5 0   277.535 0   277.349 0   330.1 0   276.938 0   277.068 0     0.0 0     0.0 0     0.0 0     0.0 0     0.0 0     4.4 0    92.0 0     1.8 0    16.0 0   965.7 0
 2026  11  1 11  0 51  0.850 120.98    -1.3 0     0.1 0     0.0 0     0.0 0   332.6 0   277.542 0   277.367 0   330.4 0   276.942 0   277.074 0     0.0 0     0.0 0     0.0 0     0.0 0     0.0 0     4.4 0    92.0 0     1.4 0    15.5 0   965.8 0
 2026  11  1 11  0 52  0.867 121.17    -1.4 0     0.0 0     0.0 0     0.0 0   333.0 0   277.554 0   277.412 0   330.5 0   276.951 0   277.093 0     0.0 0     0.0 0     0.0 0     0.0 0     0.0 0     4.5 0    92.1 0     1.4 0     8.4 0   965.8 0
 2026  11  1 11  0 53  0.883 121.36    -1.4 0     0.0 0     0.0 0     0.0 0   332.6 0   277.572 0   277.408 0   330.3 0   276.960 0   277.092 0     0.0 0     0.0 0     0.0 0     0.0 0     0.0 0     4.5 0    92.0 0     2.2 0   325.4 0   965.7 0
 2026  11  1 11  0 54  0.900 121.55    -1.3 0     0.0 0     0.0 0     0.0 0   332.6 0   277.582 0   277.407 0   330.4 0   276.967 0   277.098 0     0.0 0     0.0 0     0.0 0     0.0 0     0.0 0     4.5 0    92.0 0     1.7 0   321.5 0   965.7 0
 2026  11  1 11  0 55  0.917 121.74    -1.3 0     0.0 0     0.0 0     0.0 0   332.7 0   277.587 0   277.411 0   330.3 0   276.975 0   277.104 0     0.0 0     0.0 0     0.0 0     0.0 0     0.0 0     4.5 0    92.0 0     1.4 0   337.4 0   965.7 0
 2026  11  1 11  0 56  0.933 121.93    -1.3 0     0.0 0     0.0 0     0.0 0   332.6 0   277.591 0   277.411 0   330.2 0   276.979 0   277.105 0     0.0 0     0.0 0     0.0 0     0.0 0     0.0 0     4.5 0    91.9 0     1.5 0   350.7 0   965.7 0
 2026  11  1 11  0 57  0.950 122.12    -1.3 0     0.0 0     0.0 0     0.1 0   332.7 0   277.594 0   277.419 0   330.3 0   276.984 0   277.112 0     0.0 0     0.0 0     0.0 0     0.0 0     0.0 0     4.5 0    92.0 0     1.6 0   343.7 0   965.7 0
 2026  11  1 11  0 58  0.967 122.30    -1.3 0     0.0 0     0.0 0     0.0 0   332.7 0   277.599 0   277.428 0   330.3 0   276.989 0   277.113 0     0.0 0     0.0 0     0.0 0     0.0 0     0.0 0     4.5 0    92.0 0     1.6 0   309.5 0   965.8 0
 2026  11  1 11  0 59  0.983 122.49    -1.3 0     0.0 0     0.0 0     0.0 0   332.9 0   277.604 0   277.444 0   330.5 0   276.995 0   277.125 0     0.0 0     0.0 0     0.0 0     0.0 0     0.0 0     4.5 0    92.1 0     1.8 0   275.3 0   965.8 0
 2026  11  1 11  1  0  1.000 122.68    -1.4 0    -0.1 0     0.0 0     0.0 0   333.0 0   277.615 0   277.464 0   330.9 0   277.004 0   277.143 0     0.0 0     0.0 0     0.0 0     0.0 0     0.0 0     4.6 0    92.2 0     2.4 0   259.9 0   965.7 0
 2026  11  1 11  1  1  1.017 122.87    -1.5 0    -0.1 0    -0.1 0     0.0 0   333.0 0   277.631 0   277.481 0   331.1 0   277.018 0   277.154 0     0.0 0     0.0 0     0.0 0     0.0 0     0.0 0     4.6 0    92.1 0     1.6 0   261.6 0   965.8 0
 2026  11  1 11  1  2  1.033 123.06    -1.5 0     0.0 0    -0.2 0     0.0 0   333.0 0   277.650 0   277.499 0   331.1 0   277.029 0   277.165 0     0.0 0     0.0 0     0.0 0     0.0 0     0.0 0     4.6 0    92.1 0     1.4 0   262.4 0   965.9 0
 2026  11  1 11  1  3  1.050 123.25    -1.5 0     0.0 0    -0.1 0     0.0 0   333.0 0   277.668 0   277.510 0   331.2 0   277.040 0   277.175 0     0.0 0     0.0 0     0.0 0     0.0 0     0.0 0     4.6 0    92.0 0     2.3 0   291.9 0   965.9 0
 2026  11  1 11  1  4  1.067 123.44    -1.5 0     0.0 0    -0.1 0     0.0 0   333.4 0   277.682 0   277.521 0   331.3 0   277.052 0   277.187 0     0.0 0     0.0 0     0.0 0     0.0 0     0.0 0     4.7 0    91.9 0     3.0 0   273.0 0   965.9 0
 2026  11  1 11  1  5  1.083 123.63    -1.5 0     0.0 0    -0.1 0     0.0 0   333.6 0   277.697 0   277.536 0   331.3 0   277.066 0   277.196 0     0.0 0     0.0 0     0.0 0     0.0 0     0.0 0     4.7 0    91.9 0     2.1 0   289.4 0   965.8 0
 2026  11  1 11  1  6  1.100 123.82    -1.5 0     0.0 0    -0.1 0     0.0 0   333.4 0   277.711 0   277.543 0   331.3 0   277.077 0   277.208 0     0.0 0     0.0 0     0.0 0     0.0 0     0.0 0     4.7 0    91.8 0     2.9 0   298.1 0   965.8 0
 2026  11  1 11  1  7  1.117 124.01    -1.5 0     0.1 0     0.0 0     0.0 0   333.1 0   277.722 0   277.545 0   331.3 0   277.087 0   277.217 0     0.0 0     0.0 0     0.0 0     0.0 0     0.0 0     4.6 0    91.8 0     1.6 0   276.9 0   965.7 0
 2026  11  1 11  1  8  1.133 124.20    -1.5 0     0.1 0     0.0 0     0.0 0   333.4 0   277.730 0   277.560 0   331.6 0   277.097 0   277.232 0     0.0 0     0.0 0     0.0 0     0.0 0     0.0 0     4.6 0    91.9 0     1.9 0   247.7 0   965.8 0
 2026  11  1 11  1  9  1.150 124.39    -1.6 0     0.0 0    -0.1 0     0.0 0   333.4 0   277.746 0   277.590 0   331.7 0   277.110 0   277.246 0     0.0 0     0.0 0     0.0 0     0.0 0     0.0 0     4.7 0    92.0 0     1.5 0   248.9 0   965.8 0
 2026  11  1 11  1 10  1.167 124.58    -1.6 0     0.1 0    -0.1 0     0.0 0   333.4 0   277.766 0   277.605 0   331.7 0   277.121 0   277.254 0     0.0 0     0.0 0     0.0 0     0.0 0     0.0 0     4.7 0    91.9 0     0.9 0   290.4 0   965.9 0
 2026  11  1 11  1 11  1.183 124.77    -1.6 0     0.1 0    -0.1 0     0.0 0   333.2 0   277.784 0   277.615 0   331.7 0   277.132 0   277.276 0     0.0 0     0.0 0     0.0 0     0.0 0     0.0 0     4.7 0    91.8 0     2.6 0   265.2 0   965.9 0
 2026  11  1 11  1 12  1.200 124.96    -1.5 0     0.1 0    -0.1 0     0.0 0   333.0 0   277.797 0   277.619 0   331.7 0   277.146 0   277.289 0     0.0 0     0.0 0     0.0 0     0.0 0     0.0 0     4.7 0    91.7 0     1.5 0   238.2 0   965.9 0
 2026  11  1 11  1 13  1.217 125.15    -1.5 0     0.1 0     0.0 0     0.0 0   333.1 0   277.808 0   277.612 0   331.6 0   277.158 0   277.294 0     0.0 0     0.0 0     0.0 0     0.0 0     0.0 0     4.7 0    91.6 0     1.7 0   214.9 0   965.9 0
 2026  11  1 11  1 14  1.233 125.33    -1.5 0     0.2 0     0.0 0     0.0 0   334.1 0   277.816 0   277.615 0   331.7 0   277.166 0   277.300 0     0.0 0     0.0 0     0.0 0     0.0 0     0.0 0     4.7 0    91.6 0     2.0 0   245.4 0   965.9 0
 2026  11  1 11  1 15  1.250 125.52    -1.4 0     0.2 0     0.0 0     0.0 0   334.4 0   277.825 0   277.627 0   331.8 0   277.176 0   277.315 0     0.0 0     0.0 0     0.0 0     0.0 0     0.0 0     4.7 0    91.6 0     2.2 0   228.7 0   965.9 0
 2026  11  1 11  1 16  1.267 125.71    -1.4 0     0.2 0     0.0 0     0.0 0   334.0 0   277.836 0   277.638 0   331.7 0   277.187 0   277.317 0     0.0 0     0.0 0     0.0 0     0.0 0     0.0 0     4.7 0    91.5 0     1.9 0   220.1 0   965.9 0
 2026  11  1 11  1 17  1.283 125.90    -1.4 0     0.2 0     0.0 0     0.0 0   334.1 0   277.848 0   277.640 0   331.6 0   277.195 0   277.325 0     0.0 0     0.0 0     0.0 0     0.0 0     0.0 0     4.7 0    91.4 0     1.9 0   215.7 0   965.9 0
 2026  11  1 11  1 18  1.300 126.09    -1.4 0     0.2 0     0.0 0     0.0 0   334.0 0   277.856 0   277.637 0   331.5 0   277.202 0   277.328 0     0.0 0     0.0 0     0.0 0     0.0 0     0.0 0     4.7 0    91.3 0     1.6 0   233.3 0   965.8 0
 2026  11  1 11  1 19  1.317 126.28    -1.4 0     0.2 0     0.0 0     0.0 0   333.6 0   277.859 0   277.635 0   331.4 0   277.206 0   277.327 0     0.0 0     0.0 0     0.0 0     0.0 0     0.0 0     4.7 0    91.2 0     2.2 0   271.7 0   965.8 0
 2026  11  1 11  1 20  1.333 126.47    -1.3 0     0.2 0     0.1 0     0.0 0   333.6 0   277.858 0   277.633 0   331.4 0   277.210 0   277.336 0     0.0 0     0.0 0     0.0 0     0.0 0     0.0 0     4.7 0    91.4 0     2.1 0   261.2 0   965.8 0
 2026  11  1 11  1 21  1.350 126.66    -1.3 0     0.1 0     0.1 0     0.0 0   333.3 0   277.857 0   277.627 0   331.3 0   277.216 0   277.340 0     0.0 0     0.0 0     0.0 0     0.0 0     0.0 0     4.7 0    91.3 0     1.7 0   261.4 0   965.8 0
 2026  11  1 11  1 22  1.367 126.85    -1.3 0     0.2 0     0.1 0     0.0 0   334.1 0   277.853 0   277.621 0   331.3 0   277.220 0   277.340 0     0.0 0     0.0 0     0.0 0     0.0 0     0.0 0     4.7 0    91.3 0     1.9 0   256.4 0   965.8 0
 2026  11  1 11  1 23  1.383 127.04    -1.3 0     0.2 0     0.1 0     0.0 0   334.5 0   277.848 0   277.620 0   331.5 0   277.224 0   277.351 0     0.0 0     0.0 0     0.0 0     0.0 0     0.0 0     4.7 0    91.3 0     2.5 0   245.9 0   965.9 0
 2026  11  1 11  1 24  1.400 127.23    -1.2 0     0.1 0     0.0 0     0.0 0   334.4 0   277.845 0   277.623 0   331.6 0   277.230 0   277.357 0     0.0 0     0.0 0     0.0 0     0.0 0     0.0 0     4.7 0    91.3 0     1.8 0   246.0 0   966.0 0
 2026  11  1 11  1 25  1.417 127.42    -1.3 0     0.2 0     0.0 0     0.0 0   334.4 0   277.848 0   277.640 0   331.7 0   277.235 0   277.360 0     0.0 0     0.0 0     0.0 0     0.0 0     0.0 0     4.7 0    91.3 0     0.2 0   239.0 0   965.9 0
 2026  11  1 11  1 26  1.433 127.61    -1.4 0     0.2 0     0.0 0     0.0 0   334.1 0   277.861 0   277.663 0   331.6 0   277.238 0   277.367 0     0.0 0     0.0 0     0.0 0     0.0 0     0.0 0     4.7 0    91.3 0     0.8 0   270.5 0   965.9 0
 2026  11  1 11  1 27  1.450 127.80    -1.4 0     0.2 0     0.0 0     0.0 0   334.7 0   277.874 0   277.653 0   331.4 0   277.241 0   277.363 0     0.0 0     0.0 0     0.0 0     0.0 0     0.0 0     4.7 0    91.2 0     1.8 0   259.6 0   966.0 0
 2026  11  1 11  1 28  1.467 127.98    -1.4 0     0.2 0     0.0 0     0.0 0   334.5 0   277.876 0   277.640 0   331.4 0   277.244 0   277.364 0     0.0 0     0.0 0     0.0 0     0.0 0     0.0 0     4.7 0    91.1 0     2.4 0   272.0 0   966.0 0
 2026  11  1 11  1 29  1.483 128.17    -1.3 0     0.1 0     0.0 0     0.0 0   333.8 0   277.872 0   277.628 0   331.4 0   277.247 0   277.371 0     0.0 0     0.0 0     0.0 0     0.0 0     0.0 0     4.7 0    91.2 0     2.6 0   268.6 0   966.1 0
 2026  11  1 11  1 30  1.500 128.36    -1.3 0     0.1 0     0.0 0     0.0 0   333.9 0   277.866 0   277.616 0   331.4 0   277.253 0   277.375 0     0.0 0     0.0 0     0.0 0     0.0 0     0.0 0     4.7 0    91.2 0     2.5 0   258.3 0   966.1 0
 2026  11  1 11  1 31  1.517 128.55    -1.3 0     0.1 0     0.0 0     0.1 0   334.7 0   277.860 0   277.625 0   331.5 0   277.261 0   277.385 0     0.0 0     0.0 0     0.0 0     0.0 0     0.0 0     4.7 0    91.2 0     2.7 0   254.8 0   966.2 0
 2026  11  1 11  1 32  1.533 128.74    -1.3 0     0.1 0    -0.1 0     0.1 0   334.6 0   277.859 0   277.620 0   331.6 0   277.269 0   277.392 0     0.0 0     0.0 0     0.0 0     0.0 0     0.0 0     4.7 0    91.1 0     3.6 0   243.7 0   966.3 0
 2026  11  1 11  1 33  1.550 128.93    -1.2 0     0.0 0    -0.1 0     0.1 0   335.1 0   277.857 0   277.634 0   332.1 0   277.282 0   277.422 0     0.0 0     0.0 0     0.0 0     0.0 0     0.0 0     4.8 0    91.3 0     3.9 0   224.2 0   966.3 0
 2026  11  1 11  1 34  1.567 129.12    -1.4 0    -0.1 0    -0.2 0     0.1 0   336.2 0   277.868 0   277.680 0   332.4 0   277.303 0   277.443 0     0.0 0     0.0 0     0.0 0     0.0 0     0.0 0     4.9 0    91.2 0     2.5 0   209.9 0   966.2 0
 2026  11  1 11  1 35  1.583 129.31    -1.5 0    -0.1 0    -0.2 0     0.1 0   335.8 0   277.888 0   277.702 0   332.4 0   277.322 0   277.460 0     0.0 0     0.0 0     0.0 0     0.0 0     0.0 0     4.9 0    91.0 0     2.9 0   203.1 0   966.1 0
 2026  11  1 11  1 36  1.600 129.50    -1.5 0    -0.1 0    -0.2 0     0.1 0   335.3 0   277.907 0   277.714 0   332.3 0   277.335 0   277.463 0     0.0 0     0.0 0     0.0 0     0.0 0     0.0 0     4.9 0    90.8 0     2.1 0   198.6 0   966.1 0
 2026  11  1 11  1 37  1.617 129.69    -1.4 0     0.0 0    -0.1 0     0.1 0   335.7 0   277.922 0   277.717 0   332.2 0   277.345 0   277.470 0     0.0 0     0.0 0     0.0 0     0.0 0     0.0 0     4.9 0    90.8 0     3.0 0   196.7 0   966.0 0
 2026  11  1 11  1 38  1.633 129.87    -1.3 0     0.0 0    -0.1 0     0.0 0   335.8 0   277.931 0   277.714 0   332.1 0   277.355 0   277.478 0     0.0 0     0.0 0     0.0 0     0.0 0     0.0 0     4.8 0    90.7 0     3.3 0   198.2 0   966.0 0
 2026  11  1 11  1 39  1.650 130.06    -1.3 0     0.2 0     0.0 0     0.0 0   335.0 0   277.932 0   277.690 0   331.6 0   277.360 0   277.469 0     0.0 0     0.0 0     0.0 0     0.0 0     0.0 0     4.8 0    90.5 0     2.7 0   182.9 0   966.1 0
 2026  11  1 11  1 40  1.667 130.25    -1.2 0     0.3 0     0.0 0     0.0 0   334.5 0   277.922 0   277.671 0   331.5 0   277.354 0   277.460 0     0.0 0     0.0 0     0.0 0     0.0 0     0.0 0     4.7 0    90.6 0     1.9 0   194.1 0   966.2 0
 2026  11  1 11  1 41  1.683 130.44    -1.1 0     0.3 0     0.0 0     0.0 0   334.3 0   277.909 0   277.653 0   331.4 0   277.348 0   277.454 0     0.0 0     0.0 0     0.0 0     0.0 0     0.0 0     4.6 0    90.8 0     2.1 0   224.2 0   966.1 0
 2026  11  1 11  1 42  1.700 130.63    -1.1 0     0.2 0     0.0 0     0.0 0   334.5 0   277.893 0   277.641 0   331.5 0   277.343 0   277.454 0     0.0 0     0.0 0     0.0 0     0.0 0     0.0 0     4.6 0    91.0 0     2.0 0   221.2 0   966.1 0
 2026  11  1 11  1 43  1.717 130.82    -1.1 0     0.1 0     0.0 0     0.0 0   334.9 0   277.880 0   277.635 0   331.5 0   277.340 0   277.451 0     0.0 0     0.0 0     0.0 0     0.0 0     0.0 0     4.6 0    91.1 0     1.7 0   208.6 0   966.0 0
 2026  11  1 11  1 44  1.733 131.01    -1.1 0     0.1 0     0.0 0     0.0 0   335.7 0   277.869 0   277.625 0   331.4 0   277.336 0   277.446 0     0.0 0     0.0 0     0.0 0     0.0 0     0.0 0     4.6 0    91.2 0     1.3 0   214.4 0   965.9 0
 2026  11  1 11  1 45  1.750 131.19    -1.2 0     0.1 0     0.0 0     0.0 0   336.0 0   277.856 0   277.615 0   331.5 0   277.331 0   277.443 0     0.0 0     0.0 0     0.0 0     0.0 0     0.0 0     4.6 0    91.3 0     1.4 0   230.3 0   965.9 0
 2026  11  1 11  1 46  1.767 131.38    -1.1 0     0.1 0     0.1 0     0.0 0   335.7 0   277.845 0   277.606 0   331.5 0   277.327 0   277.438 0     0.0 0     0.0 0     0.0 0     0.0 0     0.0 0     4.6 0    91.3 0     2.1 0   264.3 0   965.9 0
 2026  11  1 11  1 47  1.783 131.57    -1.2 0    -0.3 0    -0.2 0     0.1 0   336.8 0   277.844 0   277.685 0   333.0 0   277.335 0   277.493 0     0.0 0     0.0 0     0.0 0     0.0 0     0.0 0     4.7 0    91.9 0     2.8 0   232.8 0   965.9 0
 2026  11  1 11  1 48  1.800 131.76    -1.5 0    -0.6 0    -0.3 0     0.0 0   336.2 0   277.874 0   277.747 0   333.3 0   277.364 0   277.528 0     0.0 0     0.0 0     0.0 0     0.0 0     0.0 0     4.9 0    91.9 0     3.3 0   198.4 0   965.9 0
 2026  11  1 11  1 49  1.817 131.95    -1.5 0    -0.5 0    -0.3 0     0.0 0   336.5 0   277.912 0   277.781 0   333.0 0   277.393 0   277.539 0     0.0 0     0.0 0     0.0 0     0.0 0     0.0 0     5.0 0    91.5 0     2.8 0   221.9 0   965.9 0
 2026  11  1 11  1 50  1.833 132.14    -1.5 0    -0.1 0    -0.2 0     0.0 0   336.2 0   277.941 0   277.758 0   332.5 0   277.407 0   277.530 0     0.0 0     0.0 0     0.0 0     0.0 0     0.0 0     4.9 0    91.0 0     1.8 0   283.7 0   965.9 0
 2026  11  1 11  1 51  1.850 132.32    -1.3 0     0.0 0    -0.1 0     0.0 0   336.5 0   277.952 0   277.766 0   332.8 0   277.413 0   277.546 0     0.0 0     0.0 0     0.0 0     0.0 0     0.0 0     4.9 0    91.1 0     3.1 0   239.1 0   965.9 0
 2026  11  1 11  1 52  1.867 132.51    -1.4 0     0.0 0    -0.2 0     0.0 0   335.8 0   277.966 0   277.780 0   332.8 0   277.427 0   277.560 0     0.0 0     0.0 0     0.0 0     0.0 0     0.0 0     4.9 0    91.1 0     2.2 0   262.8 0   965.8 0
 2026  11  1 11  1 53  1.883 132.70    -1.3 0     0.1 0    -0.1 0     0.0 0   335.4 0   277.976 0   277.769 0   332.5 0   277.435 0   277.560 0     0.0 0     0.0 0     0.0 0     0.0 0     0.0 0     4.9 0    90.9 0     1.9 0   261.2 0   965.9 0
 2026  11  1 11  1 54  1.900 132.89    -1.3 0     0.1 0    -0.1 0     0.0 0   336.1 0   277.982 0   277.779 0   332.7 0   277.442 0   277.571 0     0.0 0     0.0 0     0.0 0     0.0 0     0.0 0     4.9 0    91.1 0     2.0 0   230.7 0   965.8 0
 2026  11  1 11  1 55  1.917 133.07    -1.4 0     0.0 0    -0.1 0     0.0 0   336.0 0   277.991 0   277.797 0   332.8 0   277.451 0   277.581 0     0.0 0     0.0 0     0.0 0     0.0 0     0.0 0     4.9 0    91.2 0     2.1 0   243.0 0   965.7 0
 2026  11  1 11  1 56  1.933 133.26    -1.4 0     0.0 0    -0.1 0     0.0 0   335.4 0   278.003 0   277.800 0   332.8 0   277.460 0   277.590 0     0.0 0     0.0 0     0.0 0     0.0 0     0.0 0     4.9 0    91.2 0     2.8 0   289.5 0   965.6 0
 2026  11  1 11  1 57  1.950 133.45    -1.4 0    -0.1 0    -0.1 0     0.0 0   335.5 0   278.009 0   277.805 0   332.9 0   277.471 0   277.605 0     0.0 0     0.0 0     0.0 0     0.0 0     0.0 0     4.9 0    91.2 0     3.7 0   273.6 0   965.6 0
 2026  11  1 11  1 58  1.967 133.64    -1.4 0    -0.2 0    -0.2 0     0.1 0   335.6 0   278.020 0   277.847 0   333.2 0   277.487 0   277.624 0     0.0 0     0.0 0     0.0 0     0.0 0     0.0 0     5.0 0    91.4 0     3.2 0   284.9 0   965.5 0
 2026  11  1 11  1 59  1.983 133.82    -1.5 0    -0.2 0    -0.3 0     0.1 0   335.7 0   278.040 0   277.884 0   333.4 0   277.507 0   277.652 0     0.0 0     0.0 0     0.0 0     0.0 0     0.0 0     5.0 0    91.4 0     2.2 0   265.7 0   965.5 0
 2026  11  1 11  2  0  2.000 134.01    -1.5 0    -0.2 0    -0.3 0     0.1 0   335.9 0   278.060 0   277.909 0   333.5 0   277.528 0   277.672 0     0.0 0     0.0 0     0.0 0     0.0 0     0.0 0     5.0 0    91.3 0     2.7 0   223.3 0   965.6 0
 2026  11  1 11  2  1  2.017 134.20    -1.6 0    -0.1 0    -0.3 0     0.1 0   335.7 0   278.084 0   277.928 0   333.2 0   277.546 0   277.678 0     0.0 0     0.0 0     0.0 0     0.0 0     0.0 0     5.0 0    91.2 0     2.9 0   273.9 0   965.6 0
 2026  11  1 11  2  2  2.033 134.39    -1.5 0    -0.1 0    -0.2 0     0.1 0   333.5 0   278.103 0   277.927 0   333.3 0   277.558 0   277.692 0     0.0 0     0.0 0     0.0 0     0.0 0     0.0 0     5.0 0    91.2 0     4.6 0   268.2 0   965.5 0
 2026  11  1 11  2  3  2.050 134.57    -1.5 0    -0.3 0    -0.3 0     0.1 0   327.7 0   278.120 0   277.942 0   333.6 0   277.581 0   277.736 0     0.0 0     0.0 0     0.0 0    -5.9 0    -5.9 0     5.1 0    91.4 0     5.0 0   212.1 0   965.3 0
 2026  11  1 11  2  4  2.067 134.76    -1.5 0    -0.4 0    -0.3 0     0.1 0   324.2 0   278.143 0   277.950 0   333.2 0   277.613 0   277.754 0     0.0 0     0.0 0     0.0 0    -9.0 0    -9.0 0     5.2 0    91.1 0     3.7 0   192.7 0   965.3 0
 2026  11  1 11  2  5  2.083 134.95    -1.5 0    -0.3 0    -0.3 0     0.1 0   321.1 0   278.165 0   277.972 0   333.3 0   277.639 0   277.787 0     0.0 0     0.0 0     0.0 0   -12.2 0   -12.2 0     5.2 0    91.0 0     3.7 0   237.4 0   965.3 0
 2026  11  1 11  2  6  2.100 135.13    -1.5 0    -0.1 0    -0.3 0     0.1 0   323.3 0   278.189 0   277.986 0   332.9 0   277.661 0   277.798 0     0.0 0     0.0 0     0.0 0    -9.6 0    -9.6 0     5.2 0    90.8 0     1.8 0   239.5 0   965.3 0
 2026  11  1 11  2  7  2.117 135.32    -1.5 0     0.0 0    -0.2 0     0.0 0   330.2 0   278.208 0   278.022 0   333.0 0   277.677 0   277.816 0     0.0 0     0.0 0     0.0 0    -2.8 0    -2.8 0     5.3 0    90.8 0     2.8 0   236.5 0   965.3 0
 2026  11  1 11  2  8  2.133 135.51    -1.5 0     0.0 0    -0.4 0     0.1 0   331.2 0   278.230 0   278.057 0   333.4 0   277.695 0   277.833 0     0.0 0     0.0 0     0.0 0    -2.2 0    -2.2 0     5.3 0    90.7 0     2.7 0   243.3 0   965.3 0
 2026  11  1 11  2  9  2.150 135.69    -1.6 0     0.0 0    -0.4 0     0.0 0   328.2 0   278.258 0   278.085 0   333.4 0   277.713 0   277.848 0     0.0 0     0.0 0     0.0 0    -5.2 0    -5.2 0     5.3 0    90.6 0     1.8 0   243.0 0   965.2 0
 2026  11  1 11  2 10  2.167 135.88    -1.5 0     0.1 0    -0.3 0     0.0 0   324.9 0   278.281 0   278.089 0   333.0 0   277.726 0   277.857 0     0.0 0     0.0 0     0.0 0    -8.0 0    -8.0 0     5.3 0    90.4 0     1.5 0   211.0 0   965.1 0
 2026  11  1 11  2 11  2.183 136.06    -1.5 0     0.1 0    -0.3 0     0.0 0   325.1 0   278.300 0   278.104 0   332.9 0   277.739 0   277.875 0     0.0 0     0.0 0     0.0 0    -7.9 0    -7.9 0     5.3 0    90.4 0     2.8 0   236.3 0   965.1 0
 2026  11  1 11  2 12  2.200 136.25    -1.5 0     0.0 0    -0.4 0     0.1 0   329.0 0   278.323 0   278.136 0   333.2 0   277.756 0   277.894 0     0.0 0     0.0 0     0.0 0    -4.2 0    -4.2 0     5.4 0    90.4 0     2.3 0   238.6 0   965.1 0
 2026  11  1 11  2 13  2.217 136.44    -1.7 0    -0.2 0    -0.4 0     0.1 0   330.5 0   278.352 0   278.213 0   334.1 0   277.778 0   277.938 0     0.0 0     0.0 0     0.0 0    -3.6 0    -3.6 0     5.4 0    90.6 0     3.2 0   157.2 0   965.1 0
 2026  11  1 11  2 14  2.233 136.62    -1.7 0    -0.4 0    -0.5 0     0.0 0   326.4 0   278.392 0   278.242 0   334.2 0   277.812 0   277.975 0     0.0 0     0.0 0     0.0 0    -7.9 0    -7.9 0     5.5 0    90.4 0     2.5 0   133.5 0   965.0 0
 2026  11  1 11  2 15  2.250 136.81    -1.7 0    -0.2 0    -0.4 0     0.0 0   325.9 0   278.430 0   278.268 0   334.2 0   277.842 0   277.997 0     0.0 0     0.0 0     0.0 0    -8.3 0    -8.3 0     5.6 0    90.0 0     2.3 0   153.9 0   964.8 0
 2026  11  1 11  2 16  2.267 136.99    -1.7 0    -0.2 0    -0.4 0     0.0 0   325.5 0   278.462 0   278.304 0   334.1 0   277.867 0   278.016 0     0.0 0     0.0 0     0.0 0    -8.6 0    -8.6 0     5.6 0    90.0 0     2.0 0   227.2 0   964.8 0
 2026  11  1 11  2 17  2.283 137.18    -1.7 0     0.0 0    -0.4 0     0.0 0   328.6 0   278.497 0   278.346 0   333.9 0   277.889 0   278.031 0     0.0 0     0.0 0     0.0 0    -5.2 0    -5.2 0     5.6 0    89.9 0     1.5 0   265.0 0   964.8 0
 2026  11  1 11  2 18  2.300 137.36    -1.6 0     0.2 0    -0.3 0     0.0 0   333.3 0   278.527 0   278.350 0   333.5 0   277.901 0   278.028 0     0.0 0     0.0 0     0.0 0    -0.2 0    -0.2 0     5.6 0    89.6 0     1.6 0   270.0 0   964.8 0
 2026  11  1 11  2 19  2.317 137.55    -1.5 0     0.2 0    -0.3 0     0.0 0   334.6 0   278.542 0   278.339 0   333.7 0   277.908 0   278.033 0     0.0 0     0.0 0     0.0 0     0.0 0     0.0 0     5.5 0    89.5 0     2.3 0   260.3 0   964.9 0
 2026  11  1 11  2 20  2.333 137.73    -1.4 0     0.1 0    -0.3 0     0.0 0   337.7 0   278.549 0   278.360 0   334.0 0   277.919 0   278.050 0     0.0 0     0.0 0     0.0 0     0.0 0     0.0 0     5.5 0    89.7 0     2.6 0   276.8 0   964.9 0
 2026  11  1 11  2 21  2.350 137.92    -1.4 0     0.0 0    -0.4 0     0.0 0   339.7 0   278.561 0   278.380 0   334.5 0   277.935 0   278.068 0     0.0 0     0.0 0     0.0 0     0.0 0     0.0 0     5.5 0    89.7 0     3.3 0   231.0 0   964.9 0
 2026  11  1 11  2 22  2.367 138.10    -1.5 0    -0.1 0    -0.4 0     0.0 0   340.4 0   278.580 0   278.430 0   334.9 0   277.956 0   278.090 0     0.0 0     0.0 0     0.0 0     0.0 0     0.0 0     5.6 0    89.8 0     2.7 0   234.5 0   965.0 0
 2026  11  1 11  2 23  2.383 138.29    -1.4 0    -0.1 0    -0.4 0     0.0 0   340.6 0   278.603 0   278.431 0   335.0 0   277.976 0   278.109 0     0.0 0     0.0 0     0.0 0     0.0 0     0.0 0     5.6 0    89.6 0     3.6 0   253.4 0   965.0 0
 2026  11  1 11  2 24  2.400 138.47    -1.3 0     0.1 0    -0.4 0     0.1 0   340.2 0   278.617 0   278.411 0   334.8 0   277.990 0   278.114 0     0.0 0     0.0 0     0.0 0     0.0 0     0.0 0     5.6 0    89.3 0     3.7 0   245.7 0   964.9 0
 2026  11  1 11  2 25  2.417 138.66    -1.2 0     0.0 0    -0.3 0     0.1 0   340.1 0   278.624 0   278.426 0   334.9 0   278.006 0   278.132 0     0.0 0     0.0 0     0.0 0     0.0 0     0.0 0     5.6 0    89.4 0     3.2 0   248.8 0   965.0 0
 2026  11  1 11  2 26  2.433 138.84    -1.1 0     0.2 0    -0.2 0     0.1 0   339.7 0   278.626 0   278.397 0   334.6 0   278.013 0   278.124 0     0.0 0     0.0 0     0.0 0     0.0 0     0.0 0     5.5 0    89.1 0     3.1 0   258.3 0   965.0 0
 2026  11  1 11  2 27  2.450 139.02    -1.0 0     0.2 0    -0.1 0     0.1 0   338.0 0   278.616 0   278.374 0   334.4 0   278.015 0   278.127 0     0.0 0     0.0 0     0.0 0     0.0 0     0.0 0     5.4 0    89.4 0     3.5 0   251.1 0   965.0 0
 2026  11  1 11  2 28  2.467 139.21    -0.9 0     0.1 0    -0.1 0     0.1 0   338.3 0   278.604 0   278.379 0   334.7 0   278.020 0   278.140 0     0.0 0     0.0 0     0.0 0     0.0 0     0.0 0     5.5 0    89.7 0     3.9 0   253.1 0   964.9 0
 2026  11  1 11  2 29  2.483 139.39    -1.0 0    -0.1 0    -0.2 0     0.1 0   339.0 0   278.601 0   278.413 0   335.2 0   278.037 0   278.171 0     0.0 0     0.0 0     0.0 0     0.0 0     0.0 0     5.6 0    89.9 0     3.2 0   239.9 0   964.9 0
 2026  11  1 11  2 30  2.500 139.57    -1.0 0    -0.1 0    -0.2 0     0.0 0   338.7 0   278.609 0   278.417 0   335.0 0   278.056 0   278.179 0     0.0 0     0.0 0     0.0 0     0.0 0     0.0 0     5.6 0    89.5 0     3.4 0   241.0 0   964.9 0
 2026  11  1 11  2 31  2.517 139.76    -0.9 0     0.1 0    -0.1 0     0.0 0   338.1 0   278.612 0   278.408 0   334.6 0   278.065 0   278.176 0     0.0 0     0.0 0     0.0 0     0.0 0     0.0 0     5.6 0    89.1 0     2.7 0   246.3 0   964.9 0
 2026  11  1 11  2 32  2.533 139.94    -0.9 0     0.1 0    -0.1 0     0.0 0   336.5 0   278.607 0   278.398 0   334.5 0   278.068 0   278.179 0     0.0 0     0.0 0     0.0 0     0.0 0     0.0 0     5.5 0    89.2 0     2.9 0   226.5 0   964.9 0
 2026  11  1 11  2 33  2.550 140.12    -0.8 0     0.2 0     0.0 0     0.0 0   337.4 0   278.602 0   278.389 0   334.3 0   278.069 0   278.176 0     0.0 0     0.0 0     0.0 0     0.0 0     0.0 0     5.5 0    89.2 0     2.4 0   250.8 0   965.0 0
 2026  11  1 11  2 34  2.567 140.31    -0.6 0     0.3 0     0.1 0     0.0 0   337.8 0   278.587 0   278.326 0   333.8 0   278.063 0   278.157 0     0.0 0     0.0 0     0.0 0     0.0 0     0.0 0     5.4 0    89.0 0     2.5 0   265.7 0   965.0 0
 2026  11  1 11  2 35  2.583 140.49    -0.3 0     0.4 0     0.3 0     0.1 0   338.6 0   278.551 0   278.239 0   333.3 0   278.047 0   278.133 0     0.0 0     0.0 0     0.0 0     0.0 0     0.0 0     5.3 0    88.9 0     2.7 0   257.7 0   965.0 0
 2026  11  1 11  2 36  2.600 140.67    -0.4 0     0.2 0     0.3 0     0.1 0   338.1 0   278.505 0   278.230 0   333.7 0   278.030 0   278.135 0     0.0 0     0.0 0     0.0 0     0.0 0     0.0 0     5.2 0    89.7 0     3.5 0   272.8 0   965.0 0
 2026  11  1 11  2 37  2.617 140.85    -0.5 0     0.2 0     0.2 0     0.0 0   336.4 0   278.480 0   278.205 0   333.2 0   278.021 0   278.111 0     0.0 0     0.0 0     0.0 0     0.0 0     0.0 0     5.2 0    89.5 0     3.7 0   277.7 0   965.1 0
 2026  11  1 11  2 38  2.633 141.03    -0.2 0     0.6 0     0.5 0     0.1 0   335.1 0   278.440 0   278.064 0   332.2 0   277.993 0   278.056 0     0.0 0     0.0 0     0.0 0     0.0 0     0.0 0     5.0 0    88.9 0     4.0 0   281.9 0   965.2 0
 2026  11  1 11  2 39  2.650 141.21     0.1 0     0.8 0     0.8 0     0.1 0   335.4 0   278.369 0   277.961 0   331.5 0   277.948 0   278.006 0     0.0 0     0.0 0     0.0 0     0.0 0     0.0 0     4.8 0    89.0 0     2.8 0   283.5 0   965.1 0
 2026  11  1 11  2 40  2.667 141.40     0.3 0     0.7 0     0.8 0     0.0 0   336.4 0   278.288 0   277.892 0   331.2 0   277.897 0   277.955 0     0.0 0     0.0 0     0.0 0     0.0 0     0.0 0     4.6 0    89.3 0     2.4 0   271.7 0   965.1 0
 2026  11  1 11  2 41  2.683 141.58     0.3 0     0.5 0     0.7 0     0.0 0   336.9 0   278.207 0   277.838 0   331.2 0   277.850 0   277.921 0     0.0 0     0.0 0     0.0 0     0.0 0     0.0 0     4.5 0    89.7 0     1.7 0   267.3 0   965.1 0
 2026  11  1 11  2 42  2.700 141.76     0.4 0     0.3 0     0.6 0     0.0 0   335.9 0   278.130 0   277.774 0   331.2 0   277.809 0   277.884 0     0.0 0     0.0 0     0.0 0     0.0 0     0.0 0     4.4 0    90.2 0     3.0 0   273.2 0   965.1 0
 2026  11  1 11  2 43  2.717 141.94     0.3 0     0.0 0     0.4 0     0.0 0   336.2 0   278.066 0   277.775 0   331.9 0   277.775 0   277.870 0     0.0 0     0.0 0     0.0 0     0.0 0     0.0 0     4.5 0    91.1 0     3.4 0   247.5 0   965.1 0
 2026  11  1 11  2 44  2.733 142.12     0.0 0     0.0 0     0.2 0     0.0 0   335.4 0   278.032 0   277.785 0   331.6 0   277.754 0   277.840 0     0.0 0     0.0 0     0.0 0     0.0 0     0.0 0     4.6 0    90.9 0     2.4 0   276.6 0   965.0 0
 2026  11  1 11  2 45  2.750 142.30     0.1 0     0.1 0     0.3 0     0.0 0   335.9 0   277.998 0   277.716 0   331.2 0   277.723 0   277.803 0     0.0 0     0.0 0     0.0 0     0.0 0     0.0 0     4.5 0    90.4 0     2.0 0   272.8 0   965.0 0
 2026  11  1 11  2 46  2.767 142.48     0.2 0     0.1 0     0.4 0     0.0 0   336.7 0   277.951 0   277.668 0   331.1 0   277.690 0   277.777 0     0.0 0     0.0 0     0.0 0     0.0 0     0.0 0     4.5 0    90.6 0     2.1 0   271.4 0   965.0 0
 2026  11  1 11  2 47  2.783 142.66     0.2 0     0.2 0     0.4 0     0.0 0   336.7 0   277.903 0   277.624 0   330.9 0   277.658 0   277.736 0     0.0 0     0.0 0     0.0 0     0.0 0     0.0 0     4.4 0    90.6 0     2.7 0   283.1 0   965.0 0
 2026  11  1 11  2 48  2.800 142.84     0.1 0     0.2 0     0.4 0     0.0 0   336.3 0   277.858 0   277.588 0   330.9 0   277.621 0   277.699 0     0.0 0     0.0 0     0.0 0     0.0 0     0.0 0     4.4 0    90.7 0     2.9 0   276.4 0   965.1 0
 2026  11  1 11  2 49  2.817 143.02     0.1 0     0.1 0     0.3 0     0.0 0   336.1 0   277.817 0   277.578 0   331.3 0   277.586 0   277.678 0     0.0 0     0.0 0     0.0 0     0.0 0     0.0 0     4.4 0    91.2 0     2.3 0   253.8 0   965.0 0
 2026  11  1 11  2 50  2.833 143.19    -0.1 0    -0.1 0     0.1 0     0.0 0   335.5 0   277.791 0   277.604 0   331.4 0   277.563 0   277.663 0     0.0 0     0.0 0     0.0 0     0.0 0     0.0 0     4.5 0    91.3 0     1.7 0   252.5 0   965.0 0
 2026  11  1 11  2 51  2.850 143.37    -0.2 0    -0.1 0     0.0 0     0.0 0   335.5 0   277.778 0   277.597 0   331.4 0   277.544 0   277.645 0     0.0 0     0.0 0     0.0 0     0.0 0     0.0 0     4.5 0    91.4 0     2.3 0   242.9 0   964.9 0
 2026  11  1 11  2 52  2.867 143.55    -0.4 0    -0.2 0    -0.1 0     0.0 0   335.9 0   277.777 0   277.634 0   331.8 0   277.531 0   277.640 0     0.0 0     0.0 0     0.0 0     0.0 0     0.0 0     4.6 0    91.6 0     2.0 0   250.0 0   964.9 0
 2026  11  1 11  2 53  2.883 143.73    -0.5 0    -0.1 0    -0.1 0     0.0 0   335.0 0   277.785 0   277.630 0   331.5 0   277.522 0   277.623 0     0.0 0     0.0 0     0.0 0     0.0 0     0.0 0     4.6 0    91.4 0     2.3 0   275.4 0   964.8 0
 2026  11  1 11  2 54  2.900 143.91    -0.4 0     0.0 0     0.0 0     0.0 0   335.0 0   277.782 0   277.602 0   331.5 0   277.508 0   277.609 0     0.0 0     0.0 0     0.0 0     0.0 0     0.0 0     4.6 0    91.4 0     2.2 0   263.8 0   964.8 0
 2026  11  1 11  2 55  2.917 144.08    -0.5 0    -0.2 0     0.0 0     0.0 0   335.6 0   277.776 0   277.626 0   331.9 0   277.499 0   277.614 0     0.0 0     0.0 0     0.0 0     0.0 0     0.0 0     4.7 0    91.7 0     2.2 0   255.0 0   964.8 0
 2026  11  1 11  2 56  2.933 144.26    -0.6 0    -0.1 0    -0.1 0     0.0 0   335.9 0   277.780 0   277.617 0   331.7 0   277.494 0   277.600 0     0.0 0     0.0 0     0.0 0     0.0 0     0.0 0     4.7 0    91.5 0     2.8 0   270.8 0   964.8 0
 2026  11  1 11  2 57  2.950 144.44    -0.6 0     0.0 0     0.0 0     0.0 0   336.5 0   277.780 0   277.607 0   331.6 0   277.484 0   277.586 0     0.0 0     0.0 0     0.0 0     0.0 0     0.0 0     4.7 0    91.4 0     2.6 0   287.5 0   964.8 0
 2026  11  1 11  2 58  2.967 144.61    -0.6 0     0.1 0     0.0 0     0.0 0   336.7 0   277.775 0   277.596 0   331.7 0   277.471 0   277.572 0     0.0 0     0.0 0     0.0 0     0.0 0     0.0 0     4.6 0    91.4 0     2.4 0   302.2 0   964.8 0
 2026  11  1 11  2 59  2.983 144.79    -0.7 0     0.0 0     0.0 0     0.0 0   337.1 0   277.771 0   277.611 0   331.9 0   277.460 0   277.566 0     0.0 0     0.0 0     0.0 0     0.0 0     0.0 0     4.6 0    91.5 0     2.4 0   298.9 0   964.7 0
 2026  11  1 11  3  0  3.000 144.97    -0.7 0     0.0 0     0.0 0     0.0 0   336.2 0   277.774 0   277.615 0   331.8 0   277.452 0   277.556 0     0.0 0     0.0 0     0.0 0     0.0 0     0.0 0     4.6 0    91.6 0     2.5 0   289.8 0   964.7 0
 2026  11  1 11  3  1  3.017 145.14    -0.8 0     0.1 0     0.0 0     0.0 0   335.5 0   277.776 0   277.605 0   331.7 0   277.441 0   277.543 0     0.0 0     0.0 0     0.0 0     0.0 0     0.0 0     4.6 0    91.5 0     2.4 0   287.4 0   964.7 0
 2026  11  1 11  3  2  3.033 145.32    -0.8 0     0.0 0     0.0 0     0.0 0   332.5 0   277.775 0   277.606 0   331.8 0   277.431 0   277.539 0     0.0 0     0.0 0     0.0 0     0.0 0     0.0 0     4.6 0    91.7 0     2.1 0   267.4 0   964.6 0
 2026  11  1 11  3  3  3.050 145.49    -0.8 0    -0.1 0     0.0 0     0.0 0   323.6 0   277.777 0   277.600 0   331.2 0   277.427 0   277.538 0     0.0 0     0.0 0     0.0 0    -7.6 0    -7.6 0     4.6 0    91.8 0     1.6 0   269.8 0   964.5 0
 2026  11  1 11  3  4  3.067 145.67    -0.8 0     0.0 0     0.0 0     0.0 0   319.2 0   277.777 0   277.580 0   330.6 0   277.422 0   277.527 0     0.0 0     0.0 0     0.0 0   -11.4 0   -11.4 0     4.6 0    91.7 0     1.4 0   260.1 0   964.4 0
 2026  11  1 11  3  5  3.083 145.84    -0.7 0     0.0 0     0.0 0     0.0 0   314.3 0   277.774 0   277.551 0   329.7 0   277.414 0   277.514 0     0.0 0     0.0 0     0.0 0   -15.4 0   -15.4 0     4.6 0    91.6 0     1.2 0   265.4 0   964.4 0
 2026  11  1 11  3  6  3.100 146.01    -0.6 0     0.1 0     0.1 0     0.0 0   316.0 0   277.763 0   277.519 0   329.1 0   277.403 0   277.500 0     0.0 0     0.0 0     0.0 0   -13.2 0   -13.2 0     4.6 0    91.6 0     1.8 0   288.0 0   964.4 0
 2026  11  1 11  3  7  3.117 146.19    -0.6 0     0.1 0     0.1 0     0.0 0   324.0 0   277.748 0   277.511 0   329.4 0   277.390 0   277.488 0     0.0 0     0.0 0     0.0 0    -5.4 0    -5.4 0     4.6 0    91.7 0     2.9 0   295.4 0   964.5 0
 2026  11  1 11  3  8  3.133 146.36    -0.6 0     0.1 0     0.1 0     0.0 0   326.3 0   277.734 0   277.505 0   329.8 0   277.377 0   277.476 0     0.0 0     0.0 0     0.0 0    -3.4 0    -3.4 0     4.5 0    91.7 0     3.0 0   310.0 0   964.5 0
 2026  11  1 11  3  9  3.150 146.53    -0.5 0     0.2 0     0.1 0     0.1 0   331.0 0   277.721 0   277.502 0   330.0 0   277.363 0   277.458 0     0.0 0     0.0 0     0.0 0     0.0 0     0.0 0     4.5 0    91.7 0     3.0 0   317.8 0   964.5 0
 2026  11  1 11  3 10  3.167 146.70    -0.5 0     0.2 0     0.1 0     0.1 0   335.2 0   277.710 0   277.502 0   330.3 0   277.345 0   277.438 0     0.0 0     0.0 0     0.0 0     0.0 0     0.0 0     4.5 0    91.7 0     3.3 0   317.1 0   964.5 0
 2026  11  1 11  3 11  3.183 146.88    -0.6 0     0.2 0     0.1 0     0.0 0   336.5 0   277.699 0   277.503 0   330.5 0   277.327 0   277.420 0     0.0 0     0.0 0     0.0 0     0.0 0     0.0 0     4.4 0    91.7 0     2.6 0   322.0 0   964.6 0
 2026  11  1 11  3 12  3.200 147.05    -0.6 0     0.2 0     0.1 0     0.0 0   336.6 0   277.688 0   277.500 0   330.6 0   277.309 0   277.405 0     0.0 0     0.0 0     0.0 0     0.0 0     0.0 0     4.4 0    91.8 0     2.6 0   314.3 0   964.7 0
 2026  11  1 11  3 13  3.217 147.22    -0.6 0     0.2 0     0.1 0     0.0 0   336.0 0   277.677 0   277.489 0   330.7 0   277.292 0   277.386 0     0.0 0     0.0 0     0.0 0     0.0 0     0.0 0     4.4 0    91.9 0     2.9 0   308.4 0   964.8 0
 2026  11  1 11  3 14  3.233 147.39    -0.6 0     0.2 0     0.1 0     0.0 0   336.0 0   277.664 0   277.476 0   330.6 0   277.274 0   277.368 0     0.0 0     0.0 0     0.0 0     0.0 0     0.0 0     4.3 0    91.9 0     2.6 0   312.4 0   964.8 0
 2026  11  1 11  3 15  3.250 147.56    -0.6 0     0.1 0     0.1 0     0.0 0   335.9 0   277.649 0   277.464 0   330.6 0   277.256 0   277.351 0     0.0 0     0.0 0     0.0 0     0.0 0     0.0 0     4.3 0    92.0 0     1.7 0   309.0 0   964.9 0
 2026  11  1 11  3 16  3.267 147.73    -0.5 0     0.1 0     0.1 0     0.0 0   335.4 0   277.635 0   277.453 0   330.6 0   277.240 0   277.336 0     0.0 0     0.0 0     0.0 0     0.0 0     0.0 0     4.3 0    92.1 0     1.9 0   301.4 0   965.0 0
 2026  11  1 11  3 17  3.283 147.90    -0.5 0     0.0 0     0.1 0     0.0 0   335.2 0   277.621 0   277.444 0   330.6 0   277.224 0   277.322 0     0.0 0     0.0 0     0.0 0     0.0 0     0.0 0     4.3 0    92.1 0     1.8 0   297.5 0   965.0 0
 2026  11  1 11  3 18  3.300 148.07    -0.6 0     0.0 0     0.1 0     0.0 0   334.8 0   277.609 0   277.443 0   330.7 0   277.211 0   277.311 0     0.0 0     0.0 0     0.0 0     0.0 0     0.0 0     4.3 0    92.2 0     1.7 0   294.2 0   965.0 0
 2026  11  1 11  3 19  3.317 148.24    -0.6 0    -0.1 0     0.1 0     0.0 0   334.5 0   277.601 0   277.444 0   330.7 0   277.199 0   277.303 0     0.0 0     0.0 0     0.0 0     0.0 0     0.0 0     4.3 0    92.3 0     1.2 0   269.2 0   965.1 0
 2026  11  1 11  3 20  3.333 148.40    -0.6 0    -0.1 0     0.1 0     0.0 0   334.3 0   277.597 0   277.447 0   330.7 0   277.190 0   277.297 0     0.0 0     0.0 0     0.0 0     0.0 0     0.0 0     4.3 0    92.3 0     1.3 0   259.5 0   965.1 0
 2026  11  1 11  3 21  3.350 148.57    -0.6 0    -0.1 0     0.0 0     0.0 0   333.9 0   277.595 0   277.448 0   330.7 0   277.183 0   277.290 0     0.0 0     0.0 0     0.0 0     0.0 0     0.0 0     4.3 0    92.3 0     1.3 0   237.3 0   965.1 0
 2026  11  1 11  3 22  3.367 148.74    -0.6 0    -0.1 0     0.0 0     0.0 0   333.4 0   277.591 0   277.429 0   330.4 0   277.175 0   277.279 0     0.0 0     0.0 0     0.0 0     0.0 0     0.0 0     4.3 0    92.2 0     1.3 0   208.5 0   965.1 0
 2026  11  1 11  3 23  3.383 148.91    -0.5 0     0.0 0     0.1 0     0.0 0   333.3 0   277.581 0   277.412 0   330.2 0   277.164 0   277.263 0     0.0 0     0.0 0     0.0 0     0.0 0     0.0 0     4.3 0    92.1 0     1.2 0   191.9 0   965.1 0
 2026  11  1 11  3 24  3.400 149.07    -0.5 0     0.0 0     0.1 0     0.0 0   333.1 0   277.569 0   277.403 0   330.2 0   277.152 0   277.252 0     0.0 0     0.0 0     0.0 0     0.0 0     0.0 0     4.3 0    92.2 0     1.3 0   190.8 0   965.1 0
 2026  11  1 11  3 25  3.417 149.24    -0.5 0     0.0 0     0.1 0     0.0 0   332.8 0   277.557 0   277.384 0   330.1 0   277.140 0   277.242 0     0.0 0     0.0 0     0.0 0     0.0 0     0.0 0     4.3 0    92.3 0     1.3 0   194.5 0   965.2 0
 2026  11  1 11  3 26  3.433 149.40    -0.5 0     0.0 0     0.1 0     0.0 0   332.7 0   277.544 0   277.365 0   330.0 0   277.129 0   277.231 0     0.0 0     0.0 0     0.0 0     0.0 0     0.0 0     4.2 0    92.3 0     1.2 0   199.2 0   965.2 0
 2026  11  1 11  3 27  3.450 149.57    -0.5 0     0.0 0     0.1 0     0.0 0   332.8 0   277.530 0   277.353 0   330.0 0   277.118 0   277.221 0     0.0 0     0.0 0     0.0 0     0.0 0     0.0 0     4.2 0    92.3 0     1.3 0   197.0 0   965.2 0
 2026  11  1 11  3 28  3.467 149.73    -0.6 0    -0.1 0     0.1 0     0.0 0   332.9 0   277.518 0   277.346 0   330.0 0   277.108 0   277.212 0     0.0 0     0.0 0     0.0 0     0.0 0     0.0 0     4.2 0    92.4 0     1.5 0   192.1 0   965.2 0
 2026  11  1 11  3 29  3.483 149.89    -0.6 0    -0.1 0     0.1 0     0.0 0   332.8 0   277.509 0   277.336 0   330.0 0   277.098 0   277.201 0     0.0 0     0.0 0     0.0 0     0.0 0     0.0 0     4.2 0    92.4 0     1.6 0   215.0 0   965.2 0
 2026  11  1 11  3 30  3.500 150.06    -0.6 0     0.0 0     0.1 0     0.0 0   332.9 0   277.499 0   277.321 0   330.0 0   277.088 0   277.192 0     0.0 0     0.0 0     0.0 0     0.0 0     0.0 0     4.2 0    92.4 0     1.5 0   218.8 0   965.2 0
 2026  11  1 11  3 31  3.517 150.22    -0.6 0     0.0 0     0.1 0     0.0 0   332.9 0   277.488 0   277.314 0   329.9 0   277.078 0   277.183 0     0.0 0     0.0 0     0.0 0     0.0 0     0.0 0     4.2 0    92.5 0     1.6 0   237.5 0   965.3 0
 2026  11  1 11  3 32  3.533 150.38    -0.6 0     0.0 0     0.2 0     0.0 0   332.4 0   277.479 0   277.302 0   329.9 0   277.069 0   277.172 0     0.0 0     0.0 0     0.0 0     0.0 0     0.0 0     4.2 0    92.5 0     2.5 0   263.0 0   965.4 0
 2026  11  1 11  3 33  3.550 150.54    -0.6 0     0.0 0     0.3 0     0.0 0   332.9 0   277.469 0   277.291 0   329.9 0   277.057 0   277.160 0     0.0 0     0.0 0     0.0 0     0.0 0     0.0 0     4.2 0    92.5 0     1.8 0   245.8 0   965.4 0
 2026  11  1 11  3 34  3.567 150.70    -0.6 0     0.0 0     0.2 0     0.0 0   333.1 0   277.458 0   277.278 0   329.9 0   277.046 0   277.150 0     0.0 0     0.0 0     0.0 0     0.0 0     0.0 0     4.2 0    92.5 0     2.2 0   228.4 0   965.4 0
 2026  11  1 11  3 35  3.583 150.86    -0.6 0     0.0 0     0.2 0     0.1 0   332.3 0   277.446 0   277.259 0   329.8 0   277.035 0   277.138 0     0.0 0     0.0 0     0.0 0     0.0 0     0.0 0     4.2 0    92.6 0     2.8 0   245.4 0   965.6 0
 2026  11  1 11  3 36  3.600 151.02    -0.6 0     0.0 0     0.3 0     0.0 0   332.2 0   277.432 0   277.252 0   329.8 0   277.024 0   277.129 0     0.0 0     0.0 0     0.0 0     0.0 0     0.0 0     4.2 0    92.6 0     2.4 0   253.2 0   965.7 0
 2026  11  1 11  3 37  3.617 151.18    -0.6 0    -0.1 0     0.2 0     0.0 0   332.3 0   277.422 0   277.252 0   329.9 0   277.015 0   277.121 0     0.0 0     0.0 0     0.0 0     0.0 0     0.0 0     4.2 0    92.7 0     2.0 0   248.5 0   965.7 0
 2026  11  1 11  3 38  3.633 151.34    -0.6 0     0.0 0     0.2 0     0.0 0   331.9 0   277.415 0   277.250 0   329.8 0   277.007 0   277.111 0     0.0 0     0.0 0     0.0 0     0.0 0     0.0 0     4.2 0    92.7 0     2.1 0   272.2 0   965.8 0
 2026  11  1 11  3 39  3.650 151.50    -0.7 0     0.0 0     0.2 0     0.0 0   331.9 0   277.408 0   277.247 0   329.8 0   276.997 0   277.101 0     0.0 0     0.0 0     0.0 0     0.0 0     0.0 0     4.2 0    92.7 0     1.8 0   271.2 0   965.8 0
 2026  11  1 11  3 40  3.667 151.65    -0.7 0     0.0 0     0.2 0     0.0 0   332.1 0   277.402 0   277.244 0   329.7 0   276.988 0   277.092 0     0.0 0     0.0 0     0.0 0     0.0 0     0.0 0     4.2 0    92.7 0     1.1 0   228.2 0   965.7 0
 2026  11  1 11  3 41  3.683 151.81    -0.7 0     0.0 0     0.1 0     0.0 0   332.0 0   277.395 0   277.228 0   329.6 0   276.978 0   277.080 0     0.0 0     0.0 0     0.0 0     0.0 0     0.0 0     4.1 0    92.7 0     2.2 0   207.2 0   965.6 0
 2026  11  1 11  3 42  3.700 151.96    -0.6 0     0.0 0     0.1 0     0.0 0   331.8 0   277.387 0   277.219 0   329.6 0   276.966 0   277.069 0     0.0 0     0.0 0     0.0 0     0.0 0     0.0 0     4.1 0    92.7 0     1.9 0   211.1 0   965.6 0
 2026  11  1 11  3 43  3.717 152.12    -0.6 0     0.0 0     0.1 0     0.0 0   331.8 0   277.378 0   277.217 0   329.6 0   276.955 0   277.060 0     0.0 0     0.0 0     0.0 0     0.0 0     0.0 0     4.1 0    92.8 0     1.7 0   212.6 0   965.6 0
 2026  11  1 11  3 44  3.733 152.27    -0.7 0    -0.1 0     0.1 0     0.0 0   331.9 0   277.371 0   277.215 0   329.6 0   276.947 0   277.054 0     0.0 0     0.0 0     0.0 0     0.0 0     0.0 0     4.1 0    92.8 0     1.8 0   195.5 0   965.5 0
 2026  11  1 11  3 45  3.750 152.43    -0.7 0    -0.1 0     0.1 0     0.0 0   332.1 0   277.366 0   277.210 0   329.6 0   276.939 0   277.045 0     0.0 0     0.0 0     0.0 0     0.0 0     0.0 0     4.1 0    92.9 0     2.4 0   187.8 0   965.5 0
 2026  11  1 11  3 46  3.767 152.58    -0.7 0    -0.1 0     0.1 0     0.0 0   332.1 0   277.360 0   277.204 0   329.7 0   276.932 0   277.039 0     0.0 0     0.0 0     0.0 0     0.0 0     0.0 0     4.1 0    92.9 0     2.7 0   183.1 0   965.5 0
 2026  11  1 11  3 47  3.783 152.73    -0.7 0    -0.1 0     0.1 0     0.0 0   332.1 0   277.356 0   277.208 0   329.7 0   276.926 0   277.035 0     0.0 0     0.0 0     0.0 0     0.0 0     0.0 0     4.1 0    93.0 0     2.6 0   183.6 0   965.6 0
 2026  11  1 11  3 48  3.800 152.88    -0.7 0    -0.1 0     0.1 0     0.0 0   332.1 0   277.355 0   277.214 0   329.7 0   276.921 0   277.031 0     0.0 0     0.0 0     0.0 0     0.0 0     0.0 0     4.1 0    93.0 0     2.3 0   185.3 0   965.7 0
 2026  11  1 11  3 49  3.817 153.03    -0.7 0    -0.1 0     0.1 0     0.0 0   332.4 0   277.355 0   277.222 0   329.8 0   276.917 0   277.028 0     0.0 0     0.0 0     0.0 0     0.0 0     0.0 0     4.2 0    93.0 0     2.5 0   181.6 0   965.7 0
 2026  11  1 11  3 50  3.833 153.18    -0.7 0    -0.1 0     0.0 0     0.0 0   332.6 0   277.359 0   277.236 0   330.0 0   276.915 0   277.029 0     0.0 0     0.0 0     0.0 0     0.0 0     0.0 0     4.2 0    93.1 0     2.4 0   191.1 0   965.7 0
 2026  11  1 11  3 51  3.850 153.33    -0.8 0    -0.1 0     0.0 0     0.0 0   332.7 0   277.366 0   277.249 0   330.0 0   276.915 0   277.029 0     0.0 0     0.0 0     0.0 0     0.0 0     0.0 0     4.2 0    93.1 0     1.9 0   195.3 0   965.7 0
 2026  11  1 11  3 52  3.867 153.48    -0.8 0    -0.1 0     0.0 0     0.0 0   332.8 0   277.373 0   277.257 0   330.0 0   276.915 0   277.029 0     0.0 0     0.0 0     0.0 0     0.0 0     0.0 0     4.2 0    93.1 0     1.8 0   188.7 0   965.7 0
 2026  11  1 11  3 53  3.883 153.63    -0.7 0    -0.1 0     0.0 0     0.0 0   333.1 0   277.379 0   277.265 0   330.0 0   276.915 0   277.028 0     0.0 0     0.0 0     0.0 0     0.0 0     0.0 0     4.2 0    93.1 0     1.8 0   190.8 0   965.7 0
 2026  11  1 11  3 54  3.900 153.77    -0.7 0    -0.1 0     0.0 0     0.0 0   333.5 0   277.385 0   277.273 0   330.0 0   276.914 0   277.028 0     0.0 0     0.0 0     0.0 0     0.0 0     0.0 0     4.2 0    93.0 0     1.7 0   195.1 0   965.6 0
 2026  11  1 11  3 55  3.917 153.92    -0.7 0    -0.1 0     0.0 0     0.0 0   333.5 0   277.391 0   277.278 0   330.1 0   276.914 0   277.028 0     0.0 0     0.0 0     0.0 0     0.0 0     0.0 0     4.2 0    93.1 0     1.9 0   202.1 0   965.7 0
 2026  11  1 11  3 56  3.933 154.06    -0.7 0    -0.1 0     0.0 0     0.0 0   333.8 0   277.396 0   277.283 0   330.2 0   276.914 0   277.030 0     0.0 0     0.0 0     0.0 0     0.0 0     0.0 0     4.2 0    93.1 0     1.8 0   210.2 0   965.7 0
 2026  11  1 11  3 57  3.950 154.21    -0.7 0    -0.1 0     0.0 0     0.0 0   334.3 0   277.401 0   277.293 0   330.3 0   276.916 0   277.035 0     0.0 0     0.0 0     0.0 0     0.0 0     0.0 0     4.3 0    93.2 0     1.8 0   215.0 0   965.7 0
 2026  11  1 11  3 58  3.967 154.35    -0.7 0    -0.1 0     0.0 0     0.0 0   334.7 0   277.407 0   277.307 0   330.4 0   276.919 0   277.037 0     0.0 0     0.0 0     0.0 0     0.0 0     0.0 0     4.3 0    93.1 0     1.7 0   224.9 0   965.7 0
 2026  11  1 11  3 59  3.983 154.49    -0.7 0    -0.1 0     0.0 0     0.0 0   334.6 0   277.417 0   277.319 0   330.4 0   276.922 0   277.038 0     0.0 0     0.0 0     0.0 0     0.0 0     0.0 0     4.3 0    93.1 0     1.8 0   239.8 0   965.8 0
 2026  11  1 11  4  0  4.000 154.63    -0.7 0    -0.1 0     0.1 0     0.0 0   334.5 0   277.424 0   277.321 0   330.6 0   276.924 0   277.045 0     0.0 0     0.0 0     0.0 0     0.0 0     0.0 0     4.3 0    93.2 0     2.4 0   244.8 0   965.8 0
 2026  11  1 11  4  1  4.017 154.77    -0.7 0    -0.1 0     0.1 0     0.0 0   334.5 0   277.432 0   277.333 0   330.6 0   276.932 0   277.054 0     0.0 0     0.0 0     0.0 0     0.0 0     0.0 0     4.4 0    93.2 0     2.1 0   241.5 0   965.7 0
 2026  11  1 11  4  2  4.033 154.91    -0.6 0    -0.1 0     0.0 0     0.0 0   334.3 0   277.441 0   277.338 0   330.5 0   276.938 0   277.054 0     0.0 0     0.0 0     0.0 0     0.0 0     0.0 0     4.4 0    93.1 0     1.8 0   219.9 0   965.7 0
 2026  11  1 11  4  3  4.050 155.05    -0.7 0    -0.1 0     0.0 0     0.0 0   334.1 0   277.448 0   277.344 0   330.5 0   276.940 0   277.059 0     0.0 0     0.0 0     0.0 0     0.0 0     0.0 0     4.4 0    93.1 0     1.8 0   206.6 0   965.6 0
 2026  11  1 11  4  4  4.067 155.18    -0.7 0    -0.1 0     0.0 0     0.0 0   333.6 0   277.453 0   277.346 0   330.5 0   276.944 0   277.063 0     0.0 0     0.0 0     0.0 0     0.0 0     0.0 0     4.4 0    93.2 0     1.5 0   205.5 0   965.6 0
 2026  11  1 11  4  5  4.083 155.32    -0.7 0    -0.1 0     0.0 0     0.0 0   332.6 0   277.456 0   277.354 0   330.5 0   276.949 0   277.069 0     0.0 0     0.0 0     0.0 0     0.0 0     0.0 0     4.4 0    93.2 0     1.2 0   198.5 0   965.5 0
 2026  11  1 11  4  6  4.100 155.45    -0.7 0    -0.1 0     0.0 0     0.0 0   330.3 0   277.463 0   277.368 0   330.3 0   276.953 0   277.071 0     0.0 0     0.0 0     0.0 0    -0.1 0    -0.1 0     4.4 0    93.2 0     1.1 0   202.2 0   965.5 0
 2026  11  1 11  4  7  4.117 155.59    -0.7 0    -0.1 0     0.0 0     0.0 0   327.7 0   277.473 0   277.367 0   330.1 0   276.957 0   277.073 0     0.0 0     0.0 0     0.0 0    -2.4 0    -2.4 0     4.4 0    93.2 0     1.0 0   212.8 0   965.4 0
 2026  11  1 11  4  8  4.133 155.72    -0.7 0     0.0 0     0.0 0     0.0 0   325.6 0   277.481 0   277.377 0   329.7 0   276.959 0   277.074 0     0.0 0     0.0 0     0.0 0    -4.1 0    -4.1 0     4.4 0    93.2 0     0.8 0   222.5 0   965.4 0
 2026  11  1 11  4  9  4.150 155.85    -0.7 0     0.0 0     0.0 0     0.0 0   324.3 0   277.490 0   277.375 0   329.4 0   276.961 0   277.074 0     0.0 0     0.0 0     0.0 0    -5.1 0    -5.1 0     4.4 0    93.2 0     0.9 0   210.4 0   965.3 0
 2026  11  1 11  4 10  4.167 155.98    -0.6 0    -0.1 0     0.0 0     0.0 0   324.7 0   277.497 0   277.379 0   329.3 0   276.962 0   277.076 0     0.0 0     0.0 0     0.0 0    -4.6 0    -4.6 0     4.4 0    93.2 0     1.5 0   168.9 0   965.3 0
 2026  11  1 11  4 11  4.183 156.11    -0.6 0    -0.1 0     0.0 0     0.0 0   324.8 0   277.502 0   277.374 0   329.1 0   276.964 0   277.075 0     0.0 0     0.0 0     0.0 0    -4.3 0    -4.3 0     4.4 0    93.1 0     1.3 0   171.1 0   965.3 0
 2026  11  1 11  4 12  4.200 156.24    -0.5 0     0.0 0     0.1 0     0.0 0   324.9 0   277.502 0   277.364 0   328.9 0   276.963 0   277.072 0     0.0 0     0.0 0     0.0 0    -4.0 0    -4.0 0     4.4 0    93.1 0     0.3 0   227.9 0   965.4 0
 2026  11  1 11  4 13  4.217 156.37    -0.4 0     0.1 0     0.1 0     0.0 0   324.8 0   277.498 0   277.355 0   329.0 0   276.960 0   277.067 0     0.0 0     0.0 0     0.0 0    -4.2 0    -4.2 0     4.4 0    93.1 0     1.1 0   297.3 0   965.5 0
 2026  11  1 11  4 14  4.233 156.49    -0.4 0     0.0 0     0.1 0     0.0 0   324.3 0   277.494 0   277.357 0   329.0 0   276.957 0   277.067 0     0.0 0     0.0 0     0.0 0    -4.7 0    -4.7 0     4.4 0    93.2 0     0.9 0   277.0 0   965.5 0
 2026  11  1 11  4 15  4.250 156.62    -0.5 0     0.0 0     0.1 0     0.0 0   324.2 0   277.493 0   277.359 0   328.7 0   276.956 0   277.066 0     0.0 0     0.0 0     0.0 0    -4.6 0    -4.6 0     4.4 0    93.2 0     0.7 0   267.8 0   965.5 0
 2026  11  1 11  4 16  4.267 156.74    -0.5 0     0.0 0     0.1 0     0.0 0   327.2 0   277.490 0   277.349 0   328.7 0   276.955 0   277.064 0     0.0 0     0.0 0     0.0 0    -1.5 0    -1.5 0     4.4 0    93.2 0     0.7 0   260.1 0   965.5 0
 2026  11  1 11  4 17  4.283 156.86    -0.5 0     0.0 0     0.0 0     0.0 0   330.1 0   277.485 0   277.359 0   328.8 0   276.954 0   277.064 0     0.0 0     0.0 0     0.0 0     0.0 0     0.0 0     4.4 0    93.2 0     0.5 0   155.4 0   965.4 0
 2026  11  1 11  4 18  4.300 156.98    -0.5 0     0.0 0     0.0 0     0.0 0   330.2 0   277.484 0   277.367 0   328.9 0   276.952 0   277.063 0     0.0 0     0.0 0     0.0 0     0.0 0     0.0 0     4.5 0    93.2 0     0.0 0     0.0 0   965.5 0
 2026  11  1 11  4 19  4.317 157.10    -0.4 0     0.0 0     0.0 0     0.0 0   328.6 0   277.485 0   277.371 0   328.9 0   276.950 0   277.061 0     0.0 0     0.0 0     0.0 0    -0.3 0    -0.3 0     4.5 0    93.2 0     0.3 0   137.5 0   965.5 0
 2026  11  1 11  4 20  4.333 157.22    -0.4 0     0.0 0     0.0 0     0.0 0   327.3 0   277.487 0   277.367 0   328.9 0   276.948 0   277.060 0     0.0 0     0.0 0     0.0 0    -1.6 0    -1.6 0     4.5 0    93.2 0     0.9 0   265.4 0   965.5 0
 2026  11  1 11  4 21  4.350 157.34    -0.5 0    -0.1 0     0.0 0     0.0 0   329.1 0   277.488 0   277.382 0   329.0 0   276.948 0   277.062 0     0.0 0     0.0 0     0.0 0     0.0 0     0.0 0     4.5 0    93.2 0     0.4 0   248.7 0   965.5 0
 2026  11  1 11  4 22  4.367 157.45    -0.5 0    -0.1 0     0.0 0     0.0 0   332.0 0   277.494 0   277.387 0   329.2 0   276.951 0   277.069 0     0.0 0     0.0 0     0.0 0     0.0 0     0.0 0     4.5 0    93.3 0     1.2 0   210.3 0   965.5 0
 2026  11  1 11  4 23  4.383 157.57    -0.4 0    -0.2 0     0.0 0     0.0 0   333.2 0   277.493 0   277.373 0   329.4 0   276.955 0   277.072 0     0.0 0     0.0 0     0.0 0     0.0 0     0.0 0     4.5 0    93.2 0     1.7 0   182.3 0   965.6 0
 2026  11  1 11  4 24  4.400 157.68    -0.4 0    -0.3 0     0.0 0     0.0 0   334.3 0   277.490 0   277.370 0   329.7 0   276.960 0   277.079 0     0.0 0     0.0 0     0.0 0     0.0 0     0.0 0     4.5 0    93.2 0     1.7 0   168.4 0   965.6 0
 2026  11  1 11  4 25  4.417 157.79    -0.3 0    -0.2 0     0.0 0     0.0 0   333.6 0   277.483 0   277.343 0   329.7 0   276.967 0   277.083 0     0.0 0     0.0 0     0.0 0     0.0 0     0.0 0     4.5 0    93.1 0     1.7 0   206.4 0   965.8 0
 2026  11  1 11  4 26  4.433 157.90    -0.3 0    -0.1 0     0.0 0     0.0 0   333.7 0   277.471 0   277.336 0   329.7 0   276.971 0   277.085 0     0.0 0     0.0 0     0.0 0     0.0 0     0.0 0     4.5 0    93.2 0     1.0 0   206.4 0   965.8 0
 2026  11  1 11  4 27  4.450 158.01    -0.3 0     0.0 0     0.1 0     0.0 0   333.1 0   277.460 0   277.323 0   329.4 0   276.971 0   277.076 0     0.0 0     0.0 0     0.0 0     0.0 0     0.0 0     4.5 0    93.0 0     1.0 0   221.1 0   965.9 0
 2026  11  1 11  4 28  4.467 158.12    -0.2 0     0.1 0     0.2 0     0.0 0   332.9 0   277.445 0   277.287 0   329.3 0   276.963 0   277.063 0     0.0 0     0.0 0     0.0 0     0.0 0     0.0 0     4.3 0    92.7 0     1.2 0   242.7 0   966.0 0
 2026  11  1 11  4 29  4.483 158.22    -0.2 0     0.1 0     0.2 0     0.0 0   333.2 0   277.425 0   277.276 0   329.6 0   276.953 0   277.060 0     0.0 0     0.0 0     0.0 0     0.0 0     0.0 0     4.3 0    93.0 0     1.4 0   251.8 0   966.0 0
 2026  11  1 11  4 30  4.500 158.33    -0.2 0     0.0 0     0.1 0     0.0 0   333.1 0   277.412 0   277.287 0   329.8 0   276.949 0   277.062 0     0.0 0     0.0 0     0.0 0     0.0 0     0.0 0     4.3 0    93.2 0     1.6 0   260.8 0   966.1 0
 2026  11  1 11  4 31  4.517 158.43    -0.3 0    -0.1 0     0.1 0     0.0 0   332.5 0   277.408 0   277.282 0   329.9 0   276.950 0   277.068 0     0.0 0     0.0 0     0.0 0     0.0 0     0.0 0     4.4 0    93.3 0     3.1 0   285.8 0   966.2 0
 2026  11  1 11  4 32  4.533 158.53    -0.4 0    -0.1 0     0.1 0     0.0 0   332.5 0   277.409 0   277.307 0   330.1 0   276.954 0   277.073 0     0.0 0     0.0 0     0.0 0     0.0 0     0.0 0     4.4 0    93.4 0     2.2 0   272.8 0   966.1 0
 2026  11  1 11  4 33  4.550 158.63    -0.5 0    -0.2 0     0.0 0     0.0 0   332.5 0   277.416 0   277.332 0   330.3 0   276.962 0   277.081 0     0.0 0     0.0 0     0.0 0     0.0 0     0.0 0     4.5 0    93.4 0     1.6 0   266.1 0   966.0 0
 2026  11  1 11  4 34  4.567 158.73    -0.6 0    -0.2 0     0.0 0     0.0 0   332.2 0   277.428 0   277.340 0   330.3 0   276.970 0   277.090 0     0.0 0     0.0 0     0.0 0     0.0 0     0.0 0     4.5 0    93.3 0     2.7 0   251.6 0   966.0 0
 2026  11  1 11  4 35  4.583 158.82    -0.5 0    -0.3 0     0.0 0     0.0 0   332.2 0   277.440 0   277.351 0   330.8 0   276.983 0   277.124 0     0.0 0     0.0 0     0.0 0     0.0 0     0.0 0     4.6 0    93.6 0     3.3 0   235.7 0   965.9 0
 2026  11  1 11  4 36  4.600 158.92    -0.5 0    -0.5 0     0.0 0     0.0 0   331.8 0   277.449 0   277.350 0   330.6 0   277.013 0   277.157 0     0.0 0     0.0 0     0.0 0     0.0 0     0.0 0     4.7 0    93.5 0     3.0 0   242.5 0   966.0 0
 2026  11  1 11  4 37  4.617 159.01    -0.6 0    -0.1 0     0.0 0     0.0 0   332.0 0   277.456 0   277.378 0   330.4 0   277.028 0   277.144 0     0.0 0     0.0 0     0.0 0     0.0 0     0.0 0     4.6 0    93.1 0     2.2 0   235.9 0   965.9 0
 2026  11  1 11  4 38  4.633 159.10    -0.7 0     0.0 0    -0.1 0     0.0 0   331.4 0   277.470 0   277.374 0   330.3 0   277.031 0   277.145 0     0.0 0     0.0 0     0.0 0     0.0 0     0.0 0     4.6 0    93.1 0     2.4 0   228.2 0   966.0 0
 2026  11  1 11  4 39  4.650 159.19    -0.6 0     0.0 0     0.0 0     0.0 0   331.3 0   277.475 0   277.373 0   330.5 0   277.035 0   277.154 0     0.0 0     0.0 0     0.0 0     0.0 0     0.0 0     4.5 0    93.2 0     2.8 0   224.7 0   966.0 0
 2026  11  1 11  4 40  4.667 159.27    -0.7 0    -0.3 0    -0.2 0     0.0 0   332.4 0   277.486 0   277.448 0   331.6 0   277.048 0   277.199 0     0.0 0     0.0 0     0.0 0     0.0 0     0.0 0     4.6 0    93.6 0     3.6 0   246.3 0   966.0 0
 2026  11  1 11  4 41  4.683 159.36    -1.0 0    -0.6 0    -0.3 0     0.0 0   331.8 0   277.527 0   277.505 0   331.9 0   277.083 0   277.241 0     0.0 0     0.0 0     0.0 0    -0.1 0    -0.1 0     4.8 0    93.7 0     3.0 0   240.4 0   966.0 0
 2026  11  1 11  4 42  4.700 159.44    -1.0 0    -0.5 0    -0.3 0     0.0 0   332.1 0   277.568 0   277.536 0   332.1 0   277.116 0   277.265 0     0.0 0     0.0 0     0.0 0    -0.1 0    -0.1 0     4.9 0    93.6 0     3.5 0   240.3 0   966.0 0
 2026  11  1 11  4 43  4.717 159.52    -1.2 0    -0.8 0    -0.4 0     0.0 0   332.8 0   277.616 0   277.655 0   333.2 0   277.161 0   277.345 0     0.0 0     0.0 0     0.0 0    -0.4 0    -0.4 0     5.1 0    93.9 0     3.5 0   222.5 0   965.9 0
 2026  11  1 11  4 44  4.733 159.60    -1.4 0    -0.8 0    -0.4 0     0.0 0   332.7 0   277.686 0   277.724 0   332.9 0   277.215 0   277.377 0     0.0 0     0.0 0     0.0 0    -0.2 0    -0.2 0     5.2 0    93.5 0     3.3 0   221.8 0   965.9 0
 2026  11  1 11  4 45  4.750 159.68    -1.5 0    -0.6 0    -0.4 0     0.0 0   332.8 0   277.753 0   277.784 0   332.9 0   277.258 0   277.409 0     0.0 0     0.0 0     0.0 0    -0.1 0    -0.1 0     5.2 0    93.2 0     3.3 0   225.0 0   965.8 0
 2026  11  1 11  4 46  4.767 159.76    -1.4 0    -0.5 0    -0.4 0     0.0 0   332.9 0   277.816 0   277.822 0   333.0 0   277.293 0   277.439 0     0.0 0     0.0 0     0.0 0    -0.1 0    -0.1 0     5.2 0    93.0 0     3.6 0   228.2 0   965.8 0
 2026  11  1 11  4 47  4.783 159.83    -1.5 0    -0.7 0    -0.4 0     0.0 0   333.4 0   277.870 0   277.888 0   333.9 0   277.336 0   277.508 0     0.0 0     0.0 0     0.0 0    -0.5 0    -0.5 0     5.4 0    93.3 0     4.4 0   237.3 0   965.8 0
 2026  11  1 11  4 48  4.800 159.91    -1.5 0    -0.8 0    -0.5 0     0.0 0   333.2 0   277.933 0   277.960 0   334.2 0   277.396 0   277.569 0     0.0 0     0.0 0     0.0 0    -1.0 0    -1.0 0     5.5 0    93.1 0     4.1 0   239.6 0   965.8 0
 2026  11  1 11  4 49  4.817 159.98    -1.5 0    -0.9 0    -0.5 0     0.0 0   333.3 0   277.998 0   278.017 0   334.8 0   277.460 0   277.649 0     0.0 0     0.0 0     0.0 0    -1.5 0    -1.5 0     5.7 0    92.9 0     4.5 0   233.9 0   965.7 0
 2026  11  1 11  4 50  4.833 160.04    -1.5 0    -0.8 0    -0.5 0     0.0 0   333.5 0   278.063 0   278.083 0   335.3 0   277.527 0   277.716 0     0.0 0     0.0 0     0.0 0    -1.8 0    -1.8 0     5.8 0    92.5 0     5.2 0   245.0 0   965.8 0
 2026  11  1 11  4 51  4.850 160.11    -1.6 0    -0.7 0    -0.6 0     0.0 0   333.4 0   278.129 0   278.147 0   335.5 0   277.601 0   277.786 0     0.0 0     0.0 0     0.0 0    -2.1 0    -2.1 0     6.0 0    92.0 0     4.7 0   242.9 0   965.8 0
 2026  11  1 11  4 52  4.867 160.17    -1.6 0    -0.5 0    -0.7 0     0.0 0   333.6 0   278.197 0   278.212 0   335.5 0   277.666 0   277.842 0     0.0 0     0.0 0     0.0 0    -1.9 0    -1.9 0     6.0 0    91.3 0     4.6 0   232.9 0   965.7 0
 2026  11  1 11  4 53  4.883 160.24    -1.6 0    -0.5 0    -0.7 0     0.0 0   333.5 0   278.266 0   278.288 0   335.8 0   277.730 0   277.917 0     0.0 0     0.0 0     0.0 0    -2.3 0    -2.3 0     6.1 0    90.7 0     5.6 0   239.6 0   965.7 0
 2026  11  1 11  4 54  4.900 160.30    -1.7 0    -0.5 0    -1.0 0     0.0 0   333.4 0   278.340 0   278.390 0   336.2 0   277.797 0   277.987 0     0.0 0     0.0 0     0.0 0    -2.8 0    -2.8 0     6.2 0    90.1 0     5.3 0   249.0 0   965.7 0
 2026  11  1 11  4 55  4.917 160.35    -1.7 0    -0.3 0    -1.0 0     0.0 0   333.1 0   278.416 0   278.434 0   336.0 0   277.857 0   278.025 0     0.0 0     0.0 0     0.0 0    -2.9 0    -2.9 0     6.2 0    89.5 0     4.7 0   243.3 0   965.8 0
 2026  11  1 11  4 56  4.933 160.41    -1.6 0    -0.3 0    -0.9 0     0.0 0   333.1 0   278.485 0   278.482 0   336.4 0   277.914 0   278.091 0     0.0 0     0.0 0     0.0 0    -3.3 0    -3.3 0     6.2 0    89.1 0     5.7 0   254.1 0   965.8 0
 2026  11  1 11  4 57  4.950 160.46    -1.6 0    -0.2 0    -0.9 0     0.0 0   333.1 0   278.547 0   278.525 0   336.4 0   277.974 0   278.146 0     0.0 0     0.0 0     0.0 0    -3.4 0    -3.4 0     6.2 0    88.6 0     6.2 0   254.6 0   965.8 0
 2026  11  1 11  4 58  4.967 160.51    -1.5 0    -0.1 0    -1.0 0     0.0 0   333.3 0   278.606 0   278.577 0   336.3 0   278.031 0   278.194 0     0.0 0     0.0 0     0.0 0    -3.0 0    -3.0 0     6.2 0    88.2 0     5.1 0   251.8 0   965.8 0
 2026  11  1 11  4 59  4.983 160.56    -1.4 0     0.1 0    -0.9 0     0.0 0   333.3 0   278.660 0   278.584 0   335.9 0   278.075 0   278.218 0     0.0 0     0.0 0     0.0 0    -2.6 0    -2.6 0     6.2 0    87.9 0     4.0 0   254.1 0   965.7 0
 2026  11  1 11  5  0  5.000 160.61    -1.3 0     0.3 0    -0.6 0     0.0 0   333.3 0   278.702 0   278.570 0   335.7 0   278.106 0   278.242 0     0.0 0     0.0 0     0.0 0    -2.3 0    -2.3 0     6.1 0    87.8 0     4.3 0   258.3 0   965.7 0
 2026  11  1 11  5  1  5.017 160.66    -1.2 0     0.3 0    -0.5 0     0.0 0   333.4 0   278.733 0   278.586 0   335.6 0   278.132 0   278.267 0     0.0 0     0.0 0     0.0 0    -2.2 0    -2.2 0     6.1 0    87.9 0     4.0 0   259.1 0   965.8 0
 2026  11  1 11  5  2  5.033 160.70    -1.2 0     0.1 0    -0.6 0     0.0 0   333.7 0   278.760 0   278.628 0   336.2 0   278.161 0   278.313 0     0.0 0     0.0 0     0.0 0    -2.6 0    -2.6 0     6.1 0    88.0 0     6.2 0   259.8 0   965.8 0
 2026  11  1 11  5  3  5.050 160.74    -1.1 0    -0.1 0    -0.7 0     0.0 0   333.8 0   278.792 0   278.667 0   336.3 0   278.208 0   278.362 0     0.0 0     0.0 0     0.0 0    -2.5 0    -2.5 0     6.2 0    87.5 0     5.5 0   249.7 0   965.7 0
 2026  11  1 11  5  4  5.067 160.78    -1.1 0    -0.1 0    -0.7 0     0.0 0   333.7 0   278.829 0   278.711 0   336.3 0   278.255 0   278.403 0     0.0 0     0.0 0     0.0 0    -2.6 0    -2.6 0     6.3 0    86.8 0     5.1 0   253.9 0   965.8 0
 2026  11  1 11  5  5  5.083 160.81    -1.1 0    -0.2 0    -0.7 0     0.0 0   334.2 0   278.865 0   278.748 0   336.9 0   278.302 0   278.469 0     0.0 0     0.0 0     0.0 0    -2.6 0    -2.6 0     6.4 0    86.3 0     6.2 0   251.4 0   965.9 0
 2026  11  1 11  5  6  5.100 160.85    -1.1 0    -0.5 0    -0.8 0     0.0 0   334.3 0   278.904 0   278.795 0   337.3 0   278.367 0   278.546 0     0.0 0     0.0 0     0.0 0    -3.0 0    -3.0 0     6.5 0    85.2 0     7.0 0   260.8 0   966.0 0
 2026  11  1 11  5  7  5.117 160.88    -1.2 0    -0.9 0    -1.3 0     0.0 0   335.0 0   278.953 0   278.917 0   338.2 0   278.451 0   278.651 0     0.0 0     0.0 0     0.0 0    -3.2 0    -3.2 0     6.7 0    83.9 0     7.8 0   258.5 0   966.0 0
 2026  11  1 11  5  8  5.133 160.91    -1.3 0    -0.9 0    -1.5 0     0.0 0   334.7 0   279.021 0   278.986 0   338.0 0   278.545 0   278.723 0     0.0 0     0.0 0     0.0 0    -3.3 0    -3.3 0     6.9 0    82.4 0     6.2 0   259.9 0   965.9 0
 2026  11  1 11  5  9  5.150 160.94    -1.3 0    -0.7 0    -1.5 0     0.0 0   334.8 0   279.089 0   279.035 0   338.1 0   278.624 0   278.798 0     0.0 0     0.0 0     0.0 0    -3.3 0    -3.3 0     6.9 0    81.8 0     7.5 0   263.5 0   965.9 0
 2026  11  1 11  5 10  5.167 160.96    -1.3 0    -0.5 0    -1.2 0     0.0 0   334.9 0   279.149 0   279.039 0   337.7 0   278.693 0   278.844 0     0.0 0     0.0 0     0.0 0    -2.8 0    -2.8 0     6.9 0    81.8 0     6.9 0   260.2 0   966.0 0
 2026  11  1 11  5 11  5.183 160.98    -1.2 0    -0.6 0    -1.1 0     0.0 0   334.9 0   279.200 0   279.093 0   338.2 0   278.756 0   278.923 0     0.0 0     0.0 0     0.0 0    -3.3 0    -3.3 0     6.9 0    81.6 0     7.9 0   257.6 0   966.0 0
 2026  11  1 11  5 12  5.200 161.00    -1.3 0    -0.6 0    -1.1 0     0.0 0   335.1 0   279.251 0   279.148 0   338.3 0   278.827 0   278.992 0     0.0 0     0.0 0     0.0 0    -3.2 0    -3.2 0     7.0 0    81.0 0     5.8 0   257.5 0   966.1 0
 2026  11  1 11  5 13  5.217 161.02    -1.3 0    -0.3 0    -0.9 0     0.0 0   335.3 0   279.299 0   279.145 0   338.0 0   278.881 0   279.019 0     0.0 0     0.0 0     0.0 0    -2.7 0    -2.7 0     6.9 0    81.4 0     6.7 0   254.1 0   966.1 0
 2026  11  1 11  5 14  5.233 161.04    -1.3 0    -0.5 0    -0.8 0     0.0 0   335.4 0   279.339 0   279.176 0   338.3 0   278.929 0   279.080 0     0.0 0     0.0 0     0.0 0    -2.8 0    -2.8 0     6.9 0    81.3 0     7.5 0   257.4 0   966.1 0
 2026  11  1 11  5 15  5.250 161.05    -1.3 0    -0.4 0    -0.7 0     0.0 0   335.7 0   279.373 0   279.191 0   338.3 0   278.977 0   279.121 0     0.0 0     0.0 0     0.0 0    -2.6 0    -2.6 0     6.9 0    81.2 0     6.7 0   262.0 0   966.1 0
 2026  11  1 11  5 16  5.267 161.06    -1.2 0    -0.2 0    -0.6 0     0.0 0   335.7 0   279.400 0   279.201 0   338.0 0   279.018 0   279.147 0     0.0 0     0.0 0     0.0 0    -2.4 0    -2.4 0     6.9 0    81.3 0     5.7 0   266.3 0   966.1 0
 2026  11  1 11  5 17  5.283 161.07    -1.2 0    -0.2 0    -0.5 0     0.0 0   335.9 0   279.422 0   279.229 0   338.2 0   279.049 0   279.179 0     0.0 0     0.0 0     0.0 0    -2.3 0    -2.3 0     6.9 0    81.5 0     6.0 0   268.4 0   966.1 0
 2026  11  1 11  5 18  5.300 161.07    -1.2 0    -0.3 0    -0.6 0     0.0 0   335.8 0   279.443 0   279.258 0   338.2 0   279.082 0   279.216 0     0.0 0     0.0 0     0.0 0    -2.4 0    -2.4 0     6.9 0    81.2 0     6.5 0   266.9 0   966.2 0
 2026  11  1 11  5 19  5.317 161.08    -1.1 0    -0.2 0    -0.6 0     0.0 0   335.5 0   279.466 0   279.272 0   338.0 0   279.113 0   279.237 0     0.0 0     0.0 0     0.0 0    -2.5 0    -2.5 0     6.9 0    81.2 0     5.6 0   266.7 0   966.2 0
 2026  11  1 11  5 20  5.333 161.08    -1.0 0    -0.1 0    -0.5 0     0.0 0   335.7 0   279.485 0   279.282 0   338.2 0   279.135 0   279.258 0     0.0 0     0.0 0     0.0 0    -2.5 0    -2.5 0     6.9 0    81.5 0     6.7 0   266.0 0   966.1 0
 2026  11  1 11  5 21  5.350 161.08    -0.9 0    -0.4 0    -0.6 0     0.0 0   335.6 0   279.504 0   279.313 0   338.4 0   279.165 0   279.306 0     0.0 0     0.0 0     0.0 0    -2.7 0    -2.7 0     6.9 0    80.9 0     7.2 0   270.3 0   966.1 0
 2026  11  1 11  5 22  5.367 161.07    -0.9 0    -0.5 0    -0.8 0     0.0 0   335.6 0   279.526 0   279.365 0   338.6 0   279.201 0   279.342 0     0.0 0     0.0 0     0.0 0    -3.0 0    -3.0 0     7.0 0    80.4 0     7.7 0   266.9 0   966.1 0
 2026  11  1 11  5 23  5.383 161.07    -0.9 0    -0.3 0    -0.9 0     0.0 0   335.1 0   279.555 0   279.370 0   338.3 0   279.238 0   279.363 0     0.0 0     0.0 0     0.0 0    -3.2 0    -3.2 0     7.0 0    80.2 0     5.9 0   259.0 0   966.2 0
 2026  11  1 11  5 24  5.400 161.06    -0.8 0    -0.2 0    -0.6 0     0.0 0   334.8 0   279.575 0   279.371 0   338.2 0   279.260 0   279.377 0     0.0 0     0.0 0     0.0 0    -3.4 0    -3.4 0     7.0 0    80.6 0     7.4 0   263.9 0   966.3 0
 2026  11  1 11  5 25  5.417 161.05    -0.7 0    -0.3 0    -0.7 0     0.0 0   334.6 0   279.592 0   279.416 0   338.4 0   279.281 0   279.411 0     0.0 0     0.0 0     0.0 0    -3.8 0    -3.8 0     7.0 0    80.1 0     8.0 0   261.1 0   966.3 0
 2026  11  1 11  5 26  5.433 161.03    -0.6 0    -0.5 0    -0.9 0    -0.1 0   334.7 0   279.617 0   279.448 0   338.6 0   279.312 0   279.455 0     0.0 0     0.0 0     0.0 0    -3.8 0    -3.8 0     7.0 0    78.9 0    10.9 0   266.5 0   966.3 0
 2026  11  1 11  5 27  5.450 161.02    -0.5 0    -0.7 0    -1.1 0    -0.1 0   334.7 0   279.646 0   279.509 0   338.7 0   279.357 0   279.509 0     0.0 0     0.0 0     0.0 0    -4.0 0    -4.0 0     7.1 0    77.5 0    10.5 0   272.9 0   966.3 0
 2026  11  1 11  5 28  5.467 161.00    -0.6 0    -0.6 0    -1.1 0     0.0 0   334.1 0   279.680 0   279.525 0   338.3 0   279.400 0   279.528 0     0.0 0     0.0 0     0.0 0    -4.2 0    -4.2 0     7.1 0    78.0 0     8.7 0   280.3 0   966.3 0
 2026  11  1 11  5 29  5.483 160.98    -0.7 0    -0.2 0    -0.6 0     0.0 0   333.8 0   279.702 0   279.485 0   337.8 0   279.420 0   279.521 0     0.0 0     0.0 0     0.0 0    -4.0 0    -4.0 0     7.0 0    79.1 0     5.6 0   271.3 0   966.3 0
 2026  11  1 11  5 30  5.500 160.96    -0.6 0     0.1 0    -0.3 0     0.0 0   334.2 0   279.706 0   279.483 0   337.6 0   279.418 0   279.508 0     0.0 0     0.0 0     0.0 0    -3.4 0    -3.4 0     6.9 0    80.0 0     6.1 0   267.7 0   966.3 0
 2026  11  1 11  5 31  5.517 160.93    -0.6 0     0.0 0    -0.3 0     0.0 0   334.1 0   279.706 0   279.490 0   337.7 0   279.412 0   279.510 0     0.0 0     0.0 0     0.0 0    -3.6 0    -3.6 0     6.8 0    80.1 0     7.3 0   260.9 0   966.2 0
 2026  11  1 11  5 32  5.533 160.91    -0.6 0    -0.1 0    -0.3 0     0.0 0   334.1 0   279.705 0   279.493 0   337.9 0   279.411 0   279.520 0     0.0 0     0.0 0     0.0 0    -3.8 0    -3.8 0     6.8 0    79.5 0     9.0 0   264.8 0   966.2 0
 2026  11  1 11  5 33  5.550 160.88    -0.8 0    -0.2 0    -0.4 0     0.0 0   334.3 0   279.708 0   279.502 0   337.9 0   279.418 0   279.527 0     0.0 0     0.0 0     0.0 0    -3.6 0    -3.6 0     6.8 0    79.1 0     8.7 0   258.4 0   966.2 0
 2026  11  1 11  5 34  5.567 160.85    -1.0 0    -0.1 0    -0.5 0     0.0 0   334.3 0   279.715 0   279.517 0   337.7 0   279.424 0   279.526 0     0.0 0     0.0 0     0.0 0    -3.4 0    -3.4 0     6.9 0    79.2 0     7.5 0   266.3 0   966.2 0
 2026  11  1 11  5 35  5.583 160.81    -1.0 0     0.0 0    -0.4 0     0.0 0   334.6 0   279.719 0   279.494 0   337.6 0   279.423 0   279.518 0     0.0 0     0.0 0     0.0 0    -3.0 0    -3.0 0     6.8 0    79.8 0     7.2 0   264.4 0   966.2 0
 2026  11  1 11  5 36  5.600 160.78    -1.0 0     0.0 0    -0.3 0     0.0 0   335.2 0   279.715 0   279.497 0   337.8 0   279.417 0   279.517 0     0.0 0     0.0 0     0.0 0    -2.6 0    -2.6 0     6.8 0    79.8 0     7.7 0   262.6 0   966.3 0
 2026  11  1 11  5 37  5.617 160.74    -1.1 0     0.0 0    -0.3 0     0.0 0   334.8 0   279.713 0   279.495 0   337.6 0   279.416 0   279.516 0     0.0 0     0.0 0     0.0 0    -2.8 0    -2.8 0     6.8 0    79.5 0     7.6 0   253.6 0   966.2 0
 2026  11  1 11  5 38  5.633 160.70    -1.0 0     0.1 0    -0.3 0     0.0 0   334.6 0   279.710 0   279.470 0   337.5 0   279.412 0   279.506 0     0.0 0     0.0 0     0.0 0    -2.8 0    -2.8 0     6.7 0    79.7 0     8.0 0   255.4 0   966.2 0
 2026  11  1 11  5 39  5.650 160.65    -1.0 0     0.2 0    -0.1 0     0.0 0   334.2 0   279.700 0   279.436 0   337.1 0   279.398 0   279.477 0     0.0 0     0.0 0     0.0 0    -2.9 0    -2.9 0     6.7 0    80.5 0     7.1 0   259.9 0   966.3 0
 2026  11  1 11  5 40  5.667 160.61    -1.0 0     0.2 0    -0.1 0     0.0 0   334.4 0   279.683 0   279.428 0   337.3 0   279.377 0   279.462 0     0.0 0     0.0 0     0.0 0    -2.9 0    -2.9 0     6.6 0    81.0 0     7.8 0   263.7 0   966.3 0
 2026  11  1 11  5 41  5.683 160.56    -1.0 0     0.2 0     0.0 0     0.0 0   334.2 0   279.667 0   279.390 0   337.4 0   279.360 0   279.449 0     0.0 0     0.0 0     0.0 0    -3.2 0    -3.2 0     6.6 0    80.9 0     8.6 0   271.3 0   966.4 0
 2026  11  1 11  5 42  5.700 160.51    -1.1 0     0.1 0     0.0 0     0.0 0   333.3 0   279.650 0   279.360 0   337.2 0   279.348 0   279.439 0     0.0 0     0.0 0     0.0 0    -4.0 0    -4.0 0     6.6 0    80.8 0     7.2 0   266.1 0   966.4 0
 2026  11  1 11  5 43  5.717 160.46    -1.1 0     0.2 0     0.1 0     0.0 0   332.8 0   279.629 0   279.321 0   337.0 0   279.333 0   279.416 0     0.0 0     0.0 0     0.0 0    -4.2 0    -4.2 0     6.5 0    81.2 0     6.9 0   264.4 0   966.4 0
 2026  11  1 11  5 44  5.733 160.41    -1.0 0     0.3 0     0.1 0     0.0 0   332.4 0   279.603 0   279.290 0   336.7 0   279.312 0   279.389 0     0.0 0     0.0 0     0.0 0    -4.3 0    -4.3 0     6.5 0    81.5 0     6.7 0   270.2 0   966.5 0
 2026  11  1 11  5 45  5.750 160.35    -1.0 0     0.3 0     0.1 0     0.0 0   331.8 0   279.577 0   279.263 0   336.7 0   279.286 0   279.364 0     0.0 0     0.0 0     0.0 0    -4.9 0    -4.9 0     6.4 0    81.9 0     7.2 0   271.7 0   966.5 0
 2026  11  1 11  5 46  5.767 160.29    -1.0 0     0.3 0     0.0 0     0.0 0   331.6 0   279.551 0   279.255 0   336.8 0   279.264 0   279.354 0     0.0 0     0.0 0     0.0 0    -5.2 0    -5.2 0     6.4 0    80.8 0     9.2 0   271.6 0   966.5 0
 2026  11  1 11  5 47  5.783 160.23    -1.0 0     0.1 0    -0.3 0     0.0 0   330.8 0   279.531 0   279.237 0   336.7 0   279.252 0   279.349 0     0.0 0     0.0 0     0.0 0    -5.8 0    -5.8 0     6.5 0    79.1 0    10.7 0   280.2 0   966.5 0
 2026  11  1 11  5 48  5.800 160.17    -0.9 0     0.2 0    -0.2 0     0.0 0   330.1 0   279.515 0   279.191 0   336.3 0   279.241 0   279.326 0     0.0 0     0.0 0     0.0 0    -6.2 0    -6.2 0     6.5 0    79.1 0     7.8 0   279.4 0   966.5 0
 2026  11  1 11  5 49  5.817 160.11    -0.9 0     0.4 0    -0.1 0     0.0 0   329.9 0   279.493 0   279.172 0   336.0 0   279.219 0   279.294 0     0.0 0     0.0 0     0.0 0    -6.2 0    -6.2 0     6.4 0    79.3 0     9.0 0   271.9 0   966.6 0
 2026  11  1 11  5 50  5.833 160.04    -0.9 0     0.4 0    -0.2 0     0.0 0   329.3 0   279.468 0   279.161 0   335.8 0   279.193 0   279.272 0     0.0 0     0.0 0     0.0 0    -6.5 0    -6.5 0     6.4 0    78.2 0    10.0 0   270.5 0   966.6 0
 2026  11  1 11  5 51  5.850 159.97    -0.8 0     0.4 0    -0.3 0     0.0 0   328.6 0   279.445 0   279.130 0   335.5 0   279.167 0   279.243 0     0.0 0     0.0 0     0.0 0    -6.8 0    -6.8 0     6.3 0    77.8 0    10.4 0   273.6 0   966.6 0
 2026  11  1 11  5 52  5.867 159.90    -0.8 0     0.4 0    -0.3 0     0.0 0   328.5 0   279.421 0   279.113 0   335.2 0   279.140 0   279.217 0     0.0 0     0.0 0     0.0 0    -6.7 0    -6.7 0     6.3 0    76.7 0     9.3 0   281.9 0   966.5 0
 2026  11  1 11  5 53  5.883 159.83    -0.8 0     0.4 0    -0.3 0    -0.1 0   328.4 0   279.397 0   279.084 0   335.0 0   279.112 0   279.194 0     0.0 0     0.0 0     0.0 0    -6.7 0    -6.7 0     6.3 0    76.8 0     8.6 0   273.7 0   966.5 0
 2026  11  1 11  5 54  5.900 159.76    -0.9 0     0.4 0    -0.3 0    -0.1 0   328.1 0   279.374 0   279.069 0   334.7 0   279.089 0   279.166 0     0.0 0     0.0 0     0.0 0    -6.6 0    -6.6 0     6.3 0    77.2 0     6.8 0   275.1 0   966.4 0
 2026  11  1 11  5 55  5.917 159.68    -0.8 0     0.5 0    -0.2 0    -0.1 0   327.9 0   279.350 0   279.042 0   334.6 0   279.060 0   279.134 0     0.0 0     0.0 0     0.0 0    -6.6 0    -6.6 0     6.2 0    76.6 0     9.4 0   278.7 0   966.4 0
 2026  11  1 11  5 56  5.933 159.60    -0.8 0     0.4 0    -0.2 0    -0.1 0   327.4 0   279.325 0   279.012 0   334.4 0   279.033 0   279.114 0     0.0 0     0.0 0     0.0 0    -7.1 0    -7.1 0     6.2 0    76.2 0     8.4 0   272.8 0   966.4 0
 2026  11  1 11  5 57  5.950 159.52    -0.8 0     0.3 0    -0.2 0    -0.1 0   327.4 0   279.298 0   278.996 0   334.5 0   279.009 0   279.096 0     0.0 0     0.0 0     0.0 0    -7.1 0    -7.1 0     6.2 0    75.7 0    10.3 0   270.1 0   966.5 0
 2026  11  1 11  5 58  5.967 159.44    -0.9 0     0.2 0    -0.3 0    -0.1 0   327.3 0   279.275 0   278.986 0   334.5 0   278.994 0   279.092 0     0.0 0     0.0 0     0.0 0    -7.2 0    -7.2 0     6.2 0    75.0 0     9.3 0   273.8 0   966.6 0
 2026  11  1 11  5 59  5.983 159.36    -1.0 0     0.3 0    -0.2 0    -0.1 0   327.2 0   279.253 0   278.953 0   334.1 0   278.980 0   279.060 0     0.0 0     0.0 0     0.0 0    -6.9 0    -6.9 0     6.2 0    76.0 0     8.2 0   266.5 0   966.6 0
 2026  11  1 11  6  0  6.000 159.27    -1.0 0     0.3 0    -0.2 0    -0.1 0   327.4 0   279.229 0   278.949 0   334.2 0   278.957 0   279.040 0     0.0 0     0.0 0     0.0 0    -6.7 0    -6.7 0     6.1 0    76.2 0     7.7 0   269.8 0   966.7 0
 2026  11  1 11  6  1  6.017 159.18    -1.0 0     0.3 0    -0.2 0    -0.1 0   327.5 0   279.208 0   278.926 0   334.0 0   278.934 0   279.018 0     0.0 0     0.0 0     0.0 0    -6.4 0    -6.4 0     6.1 0    76.6 0     7.8 0   267.0 0   966.7 0
 2026  11  1 11  6  2  6.033 159.10    -1.0 0     0.3 0    -0.2 0    -0.1 0   327.7 0   279.185 0   278.909 0   334.1 0   278.912 0   278.997 0     0.0 0     0.0 0     0.0 0    -6.4 0    -6.4 0     6.1 0    76.5 0     8.8 0   269.6 0   966.7 0
 2026  11  1 11  6  3  6.050 159.00    -1.0 0     0.2 0    -0.2 0    -0.1 0   327.6 0   279.164 0   278.900 0   334.0 0   278.895 0   278.985 0     0.0 0     0.0 0     0.0 0    -6.4 0    -6.4 0     6.1 0    76.5 0     6.9 0   265.8 0   966.7 0
 2026  11  1 11  6  4  6.067 158.91    -1.0 0     0.3 0    -0.2 0    -0.1 0   327.7 0   279.145 0   278.885 0   333.9 0   278.876 0   278.961 0     0.0 0     0.0 0     0.0 0    -6.2 0    -6.2 0     6.1 0    76.8 0     7.8 0   263.5 0   966.7 0
 2026  11  1 11  6  5  6.083 158.82    -1.1 0     0.2 0    -0.2 0    -0.1 0   327.4 0   279.127 0   278.881 0   333.9 0   278.856 0   278.945 0     0.0 0     0.0 0     0.0 0    -6.4 0    -6.4 0     6.0 0    76.6 0     7.5 0   261.0 0   966.8 0
 2026  11  1 11  6  6  6.100 158.72    -1.1 0     0.2 0    -0.3 0    -0.1 0   327.3 0   279.112 0   278.880 0   333.9 0   278.839 0   278.929 0     0.0 0     0.0 0     0.0 0    -6.7 0    -6.7 0     6.0 0    76.3 0     8.5 0   264.8 0   966.7 0
 2026  11  1 11  6  7  6.117 158.62    -1.1 0     0.2 0    -0.4 0    -0.1 0   327.4 0   279.103 0   278.874 0   333.7 0   278.822 0   278.909 0     0.0 0     0.0 0     0.0 0    -6.3 0    -6.3 0     6.0 0    76.4 0     7.6 0   267.1 0   966.8 0
 2026  11  1 11  6  8  6.133 158.52    -1.1 0     0.3 0    -0.2 0    -0.1 0   327.6 0   279.092 0   278.837 0   333.7 0   278.803 0   278.890 0     0.0 0     0.0 0     0.0 0    -6.1 0    -6.1 0     6.0 0    76.7 0     6.9 0   273.9 0   966.8 0
 2026  11  1 11  6  9  6.150 158.42    -1.1 0     0.2 0    -0.2 0    -0.1 0   327.3 0   279.075 0   278.834 0   333.7 0   278.786 0   278.879 0     0.0 0     0.0 0     0.0 0    -6.5 0    -6.5 0     6.0 0    76.6 0     7.8 0   274.4 0   966.8 0
 2026  11  1 11  6 10  6.167 158.32    -1.1 0     0.2 0    -0.3 0    -0.1 0   326.7 0   279.062 0   278.831 0   333.6 0   278.773 0   278.866 0     0.0 0     0.0 0     0.0 0    -6.9 0    -6.9 0     6.0 0    76.4 0     7.4 0   263.4 0   966.7 0
 2026  11  1 11  6 11  6.183 158.22    -1.1 0     0.3 0    -0.2 0    -0.1 0   327.1 0   279.051 0   278.807 0   333.3 0   278.757 0   278.840 0     0.0 0     0.0 0     0.0 0    -6.2 0    -6.2 0     6.0 0    77.0 0     5.8 0   269.2 0   966.7 0
 2026  11  1 11  6 12  6.200 158.11    -1.1 0     0.3 0    -0.1 0    -0.1 0   327.7 0   279.035 0   278.786 0   333.4 0   278.736 0   278.822 0     0.0 0     0.0 0     0.0 0    -5.8 0    -5.8 0     5.9 0    77.2 0     6.4 0   271.3 0   966.7 0
 2026  11  1 11  6 13  6.217 158.01    -1.1 0     0.2 0    -0.1 0    -0.1 0   328.3 0   279.018 0   278.769 0   333.3 0   278.717 0   278.803 0     0.0 0     0.0 0     0.0 0    -5.0 0    -5.0 0     5.9 0    77.3 0     6.6 0   273.6 0   966.7 0
 2026  11  1 11  6 14  6.233 157.90    -1.1 0     0.2 0    -0.1 0    -0.1 0   328.7 0   279.000 0   278.754 0   333.3 0   278.698 0   278.787 0     0.0 0     0.0 0     0.0 0    -4.6 0    -4.6 0     5.9 0    77.3 0     5.7 0   274.1 0   966.7 0
 2026  11  1 11  6 15  6.250 157.79    -1.1 0     0.2 0    -0.1 0     0.0 0   328.4 0   278.982 0   278.742 0   333.3 0   278.680 0   278.772 0     0.0 0     0.0 0     0.0 0    -4.9 0    -4.9 0     5.9 0    77.3 0     6.1 0   276.4 0   966.8 0
 2026  11  1 11  6 16  6.267 157.68    -1.1 0     0.2 0    -0.1 0     0.0 0   327.9 0   278.966 0   278.730 0   333.1 0   278.665 0   278.755 0     0.0 0     0.0 0     0.0 0    -5.2 0    -5.2 0     5.9 0    77.5 0     5.0 0   274.0 0   966.8 0
 2026  11  1 11  6 17  6.283 157.56    -1.0 0     0.1 0    -0.1 0     0.0 0   327.3 0   278.950 0   278.709 0   333.2 0   278.649 0   278.744 0     0.0 0     0.0 0     0.0 0    -5.9 0    -5.9 0     5.8 0    77.4 0     5.8 0   278.5 0   966.8 0
 2026  11  1 11  6 18  6.300 157.45    -1.0 0     0.2 0    -0.1 0     0.0 0   326.8 0   278.934 0   278.696 0   332.9 0   278.634 0   278.721 0     0.0 0     0.0 0     0.0 0    -6.1 0    -6.1 0     5.8 0    77.8 0     4.1 0   279.1 0   966.8 0
 2026  11  1 11  6 19  6.317 157.33    -1.0 0     0.2 0    -0.1 0    -0.1 0   326.1 0   278.919 0   278.690 0   332.7 0   278.616 0   278.703 0     0.0 0     0.0 0     0.0 0    -6.6 0    -6.6 0     5.8 0    78.0 0     3.5 0   284.4 0   966.8 0
 2026  11  1 11  6 20  6.333 157.22    -1.0 0     0.1 0    -0.2 0    -0.1 0   325.8 0   278.907 0   278.692 0   332.8 0   278.599 0   278.694 0     0.0 0     0.0 0     0.0 0    -7.1 0    -7.1 0     5.8 0    77.8 0     4.5 0   285.1 0   966.8 0
 2026  11  1 11  6 21  6.350 157.10    -1.0 0     0.1 0    -0.2 0    -0.1 0   325.7 0   278.898 0   278.673 0   332.7 0   278.586 0   278.680 0     0.0 0     0.0 0     0.0 0    -6.9 0    -6.9 0     5.8 0    77.9 0     3.5 0   284.0 0   966.9 0
 2026  11  1 11  6 22  6.367 156.98    -0.9 0     0.1 0    -0.1 0    -0.1 0   325.9 0   278.887 0   278.677 0   332.7 0   278.573 0   278.667 0     0.0 0     0.0 0     0.0 0    -6.8 0    -6.8 0     5.8 0    77.9 0     3.8 0   282.9 0   966.9 0
 2026  11  1 11  6 23  6.383 156.86    -0.9 0     0.1 0    -0.1 0    -0.1 0   325.3 0   278.877 0   278.662 0   332.6 0   278.558 0   278.650 0     0.0 0     0.0 0     0.0 0    -7.4 0    -7.4 0     5.8 0    77.9 0     4.5 0   276.6 0   967.0 0
 2026  11  1 11  6 24  6.400 156.74    -0.9 0     0.0 0    -0.2 0    -0.1 0   324.8 0   278.868 0   278.671 0   332.8 0   278.546 0   278.648 0     0.0 0     0.0 0     0.0 0    -8.0 0    -8.0 0     5.8 0    77.1 0     5.8 0   274.7 0   967.0 0
 2026  11  1 11  6 25  6.417 156.61    -0.9 0     0.0 0    -0.2 0    -0.1 0   324.4 0   278.862 0   278.643 0   332.6 0   278.538 0   278.637 0     0.0 0     0.0 0     0.0 0    -8.2 0    -8.2 0     5.8 0    76.7 0     4.9 0   284.4 0   967.0 0
 2026  11  1 11  6 26  6.433 156.49    -0.9 0     0.1 0    -0.2 0    -0.1 0   323.2 0   278.853 0   278.638 0   332.5 0   278.529 0   278.627 0     0.0 0     0.0 0     0.0 0    -9.3 0    -9.3 0     5.8 0    75.9 0     5.8 0   288.3 0   967.0 0
 2026  11  1 11  6 27  6.450 156.36    -1.0 0     0.1 0    -0.2 0    -0.1 0   320.4 0   278.842 0   278.614 0   332.1 0   278.517 0   278.610 0     0.0 0     0.0 0     0.0 0   -11.7 0   -11.7 0     5.8 0    76.1 0     4.8 0   283.4 0   967.0 0
 2026  11  1 11  6 28  6.467 156.24    -1.0 0     0.2 0     0.0 0    -0.1 0   315.3 0   278.828 0   278.577 0   331.6 0   278.504 0   278.593 0     0.0 0     0.0 0     0.0 0   -16.3 0   -16.3 0     5.7 0    76.4 0     4.1 0   280.1 0   967.0 0
 2026  11  1 11  6 29  6.483 156.11    -0.9 0     0.2 0     0.0 0    -0.1 0   312.4 0   278.810 0   278.560 0   331.2 0   278.487 0   278.570 0     0.0 0     0.0 0     0.0 0   -18.8 0   -18.8 0     5.7 0    76.0 0     4.3 0   277.6 0   967.0 0
 2026  11  1 11  6 30  6.500 155.98    -0.9 0     0.1 0    -0.1 0    -0.1 0   311.4 0   278.794 0   278.553 0   330.9 0   278.468 0   278.558 0     0.0 0     0.0 0     0.0 0   -19.4 0   -19.4 0     5.7 0    75.0 0     3.4 0   290.4 0   967.0 0
 2026  11  1 11  6 31  6.517 155.85    -0.9 0     0.2 0    -0.1 0    -0.1 0   304.4 0   278.780 0   278.513 0   330.4 0   278.451 0   278.535 0     0.0 0     0.0 0     0.0 0   -26.0 0   -26.0 0     5.6 0    75.0 0     4.7 0   273.8 0   967.0 0
 2026  11  1 11  6 32  6.533 155.72    -0.9 0     0.2 0     0.0 0    -0.1 0   293.0 0   278.760 0   278.453 0   329.6 0   278.431 0   278.507 0     0.0 0     0.0 0     0.0 0   -36.6 0   -36.6 0     5.6 0    74.1 0     6.1 0   271.8 0   966.9 0
 2026  11  1 11  6 33  6.550 155.58    -0.8 0     0.3 0     0.0 0     0.0 0   285.2 0   278.730 0   278.417 0   329.3 0   278.404 0   278.484 0     0.0 0     0.0 0     0.0 0   -44.1 0   -44.1 0     5.6 0    73.2 0     7.1 0   269.4 0   967.0 0
 2026  11  1 11  6 34  6.567 155.45    -1.0 0     0.2 0    -0.1 0     0.0 0   281.8 0   278.703 0   278.385 0   328.7 0   278.384 0   278.466 0     0.0 0     0.0 0     0.0 0   -46.9 0   -46.9 0     5.6 0    71.9 0     7.3 0   274.0 0   967.0 0
 2026  11  1 11  6 35  6.583 155.31    -1.0 0     0.3 0     0.0 0     0.0 0   280.3 0   278.675 0   278.322 0   328.4 0   278.362 0   278.440 0     0.0 0     0.0 0     0.0 0   -48.1 0   -48.1 0     5.6 0    71.6 0     7.7 0   278.5 0   967.1 0
 2026  11  1 11  6 36  6.600 155.18    -1.0 0     0.3 0     0.0 0     0.0 0   281.3 0   278.639 0   278.283 0   328.4 0   278.338 0   278.418 0     0.0 0     0.0 0     0.0 0   -47.2 0   -47.2 0     5.5 0    70.6 0    10.1 0   282.5 0   967.2 0
 2026  11  1 11  6 37  6.617 155.04    -1.0 0     0.4 0     0.0 0     0.0 0   283.9 0   278.603 0   278.266 0   328.4 0   278.314 0   278.391 0     0.0 0     0.0 0     0.0 0   -44.5 0   -44.5 0     5.5 0    70.7 0    10.0 0   279.1 0   967.2 0
 2026  11  1 11  6 38  6.633 154.90    -1.1 0     0.3 0    -0.2 0     0.0 0   290.4 0   278.575 0   278.290 0   328.8 0   278.292 0   278.380 0     0.0 0     0.0 0     0.0 0   -38.4 0   -38.4 0     5.5 0    70.2 0     8.0 0   297.3 0   967.2 0
 2026  11  1 11  6 39  6.650 154.76    -1.2 0     0.2 0    -0.4 0     0.0 0   294.8 0   278.558 0   278.304 0   328.6 0   278.276 0   278.361 0     0.0 0     0.0 0     0.0 0   -33.8 0   -33.8 0     5.5 0    70.3 0     7.5 0   279.9 0   967.2 0
 2026  11  1 11  6 40  6.667 154.62    -1.2 0     0.3 0    -0.2 0     0.0 0   302.4 0   278.542 0   278.245 0   328.4 0   278.255 0   278.330 0     0.0 0     0.0 0     0.0 0   -26.0 0   -26.0 0     5.4 0    70.7 0     6.8 0   273.3 0   967.2 0
 2026  11  1 11  6 41  6.683 154.48    -1.0 0     0.4 0     0.0 0     0.0 0   304.1 0   278.513 0   278.192 0   328.3 0   278.228 0   278.298 0     0.0 0     0.0 0     0.0 0   -24.2 0   -24.2 0     5.4 0    71.2 0     7.2 0   273.4 0   967.2 0
 2026  11  1 11  6 42  6.700 154.34    -1.0 0     0.4 0     0.0 0     0.0 0   306.7 0   278.479 0   278.208 0   328.7 0   278.198 0   278.278 0     0.0 0     0.0 0     0.0 0   -22.0 0   -22.0 0     5.3 0    71.0 0     8.0 0   270.8 0   967.2 0
 2026  11  1 11  6 43  6.717 154.20    -1.0 0     0.2 0    -0.1 0     0.0 0   311.9 0   278.455 0   278.205 0   329.0 0   278.175 0   278.263 0     0.0 0     0.0 0     0.0 0   -17.1 0   -17.1 0     5.3 0    71.1 0     8.3 0   265.5 0   967.2 0
 2026  11  1 11  6 44  6.733 154.06    -1.0 0     0.2 0    -0.2 0     0.0 0   316.3 0   278.436 0   278.205 0   328.9 0   278.156 0   278.238 0     0.0 0     0.0 0     0.0 0   -12.6 0   -12.6 0     5.3 0    71.6 0     6.3 0   261.7 0   967.3 0
 2026  11  1 11  6 45  6.750 153.91    -0.9 0     0.3 0    -0.1 0     0.0 0   319.2 0   278.418 0   278.179 0   329.0 0   278.132 0   278.211 0     0.0 0     0.0 0     0.0 0    -9.8 0    -9.8 0     5.3 0    72.1 0     6.3 0   274.8 0   967.3 0
 2026  11  1 11  6 46  6.767 153.77    -0.9 0     0.3 0     0.0 0     0.0 0   321.4 0   278.396 0   278.147 0   329.0 0   278.107 0   278.188 0     0.0 0     0.0 0     0.0 0    -7.5 0    -7.5 0     5.3 0    72.5 0     5.4 0   268.2 0   967.3 0
 2026  11  1 11  6 47  6.783 153.62    -0.8 0     0.3 0     0.1 0     0.0 0   322.2 0   278.371 0   278.136 0   329.2 0   278.082 0   278.168 0     0.0 0     0.0 0     0.0 0    -7.0 0    -7.0 0     5.2 0    72.5 0     5.8 0   274.6 0   967.3 0
 2026  11  1 11  6 48  6.800 153.47    -0.8 0     0.3 0     0.1 0     0.0 0   322.5 0   278.346 0   278.095 0   328.9 0   278.057 0   278.133 0     0.0 0     0.0 0     0.0 0    -6.5 0    -6.5 0     5.2 0    73.2 0     5.0 0   277.8 0   967.3 0
 2026  11  1 11  6 49  6.817 153.32    -0.8 0     0.3 0     0.2 0     0.0 0   322.5 0   278.318 0   278.066 0   329.0 0   278.030 0   278.112 0     0.0 0     0.0 0     0.0 0    -6.6 0    -6.6 0     5.1 0    73.3 0     5.1 0   278.0 0   967.4 0
 2026  11  1 11  6 50  6.833 153.18    -0.7 0     0.3 0     0.2 0     0.0 0   321.9 0   278.288 0   278.040 0   329.2 0   278.003 0   278.086 0     0.0 0     0.0 0     0.0 0    -7.3 0    -7.3 0     5.1 0    73.7 0     5.5 0   286.9 0   967.4 0
 2026  11  1 11  6 51  6.850 153.03    -0.7 0     0.2 0     0.1 0     0.0 0   321.5 0   278.260 0   278.036 0   329.1 0   277.980 0   278.068 0     0.0 0     0.0 0     0.0 0    -7.5 0    -7.5 0     5.1 0    73.7 0     4.2 0   276.8 0   967.4 0
 2026  11  1 11  6 52  6.867 152.88    -0.7 0     0.2 0     0.1 0     0.0 0   322.4 0   278.237 0   278.011 0   328.9 0   277.957 0   278.042 0     0.0 0     0.0 0     0.0 0    -6.5 0    -6.5 0     5.1 0    73.9 0     4.4 0   277.6 0   967.5 0
 2026  11  1 11  6 53  6.883 152.73    -0.7 0     0.2 0     0.1 0     0.0 0   322.8 0   278.213 0   277.991 0   328.9 0   277.933 0   278.018 0     0.0 0     0.0 0     0.0 0    -6.1 0    -6.1 0     5.0 0    74.4 0     3.5 0   288.9 0   967.5 0
 2026  11  1 11  6 54  6.900 152.57    -0.7 0     0.2 0     0.1 0     0.0 0   323.1 0   278.190 0   277.993 0   329.0 0   277.911 0   277.997 0     0.0 0     0.0 0     0.0 0    -5.9 0    -5.9 0     5.0 0    74.5 0     4.5 0   287.7 0   967.6 0
 2026  11  1 11  6 55  6.917 152.42    -0.7 0     0.2 0     0.1 0    -0.1 0   322.8 0   278.172 0   277.970 0   328.9 0   277.889 0   277.973 0     0.0 0     0.0 0     0.0 0    -6.0 0    -6.0 0     5.0 0    74.9 0     3.7 0   281.5 0   967.6 0
 2026  11  1 11  6 56  6.933 152.27    -0.7 0     0.2 0     0.1 0     0.0 0   322.9 0   278.151 0   277.941 0   328.7 0   277.866 0   277.948 0     0.0 0     0.0 0     0.0 0    -5.9 0    -5.9 0     4.9 0    75.4 0     3.3 0   280.8 0   967.6 0
 2026  11  1 11  6 57  6.950 152.11    -0.8 0     0.2 0     0.1 0     0.0 0   322.4 0   278.130 0   277.917 0   328.7 0   277.842 0   277.927 0     0.0 0     0.0 0     0.0 0    -6.2 0    -6.2 0     4.9 0    75.5 0     3.9 0   273.0 0   967.6 0
 2026  11  1 11  6 58  6.967 151.96    -0.8 0     0.1 0     0.1 0     0.0 0   322.7 0   278.109 0   277.910 0   328.9 0   277.821 0   277.914 0     0.0 0     0.0 0     0.0 0    -6.2 0    -6.2 0     4.9 0    74.5 0     4.6 0   274.8 0   967.6 0
 2026  11  1 11  6 59  6.983 151.80    -0.9 0     0.0 0    -0.1 0     0.0 0   322.2 0   278.096 0   277.907 0   328.7 0   277.805 0   277.897 0     0.0 0     0.0 0     0.0 0    -6.4 0    -6.4 0     5.0 0    74.4 0     3.2 0   276.5 0   967.6 0
 2026  11  1 11  7  0  7.000 151.65    -0.9 0     0.0 0    -0.1 0     0.0 0   322.0 0   278.087 0   277.901 0   328.7 0   277.789 0   277.885 0     0.0 0     0.0 0     0.0 0    -6.7 0    -6.7 0     5.0 0    74.3 0     3.6 0   284.2 0   967.6 0
 2026  11  1 11  7  1  7.017 151.49    -0.9 0     0.0 0     0.0 0     0.0 0   321.1 0   278.078 0   277.865 0   328.5 0   277.775 0   277.867 0     0.0 0     0.0 0     0.0 0    -7.4 0    -7.4 0     5.0 0    74.7 0     3.1 0   284.7 0   967.7 0
 2026  11  1 11  7  2  7.033 151.33    -0.9 0     0.1 0     0.0 0     0.0 0   319.1 0   278.062 0   277.870 0   328.5 0   277.757 0   277.847 0     0.0 0     0.0 0     0.0 0    -9.4 0    -9.4 0     5.0 0    74.7 0     4.3 0   293.2 0   967.7 0
 2026  11  1 11  7  3  7.050 151.17    -0.9 0     0.1 0    -0.1 0     0.0 0   313.0 0   278.052 0   277.863 0   328.3 0   277.741 0   277.835 0     0.0 0     0.0 0     0.0 0   -15.3 0   -15.3 0     4.9 0    74.3 0     4.2 0   305.4 0   967.7 0
 2026  11  1 11  7  4  7.067 151.01    -0.9 0     0.1 0    -0.1 0     0.0 0   302.7 0   278.043 0   277.840 0   327.7 0   277.725 0   277.813 0     0.0 0     0.0 0     0.0 0   -25.0 0   -25.0 0     4.9 0    74.1 0     4.7 0   287.4 0   967.7 0
 2026  11  1 11  7  5  7.083 150.86    -1.0 0     0.1 0    -0.1 0     0.0 0   291.2 0   278.033 0   277.798 0   327.1 0   277.707 0   277.795 0     0.0 0     0.0 0     0.0 0   -35.9 0   -35.9 0     4.9 0    73.5 0     4.1 0   290.3 0   967.7 0
 2026  11  1 11  7  6  7.100 150.70    -1.0 0     0.2 0    -0.1 0     0.0 0   281.6 0   278.021 0   277.747 0   326.0 0   277.689 0   277.768 0     0.0 0     0.0 0     0.0 0   -44.4 0   -44.4 0     4.9 0    73.8 0     4.6 0   283.5 0   967.7 0
 2026  11  1 11  7  7  7.117 150.53    -1.0 0     0.1 0    -0.1 0     0.0 0   274.9 0   278.002 0   277.721 0   325.5 0   277.668 0   277.752 0     0.0 0     0.0 0     0.0 0   -50.6 0   -50.6 0     4.9 0    72.4 0     5.7 0   288.3 0   967.7 0
 2026  11  1 11  7  8  7.133 150.37    -1.0 0     0.2 0     0.0 0     0.0 0   269.6 0   277.981 0   277.655 0   324.8 0   277.648 0   277.724 0     0.0 0     0.0 0     0.0 0   -55.1 0   -55.1 0     4.9 0    71.7 0     5.9 0   266.0 0   967.7 0
 2026  11  1 11  7  9  7.150 150.21    -1.1 0     0.2 0     0.0 0     0.0 0   268.0 0   277.953 0   277.630 0   324.4 0   277.625 0   277.704 0     0.0 0     0.0 0     0.0 0   -56.5 0   -56.5 0     4.8 0    70.3 0     5.8 0   271.1 0   967.7 0
 2026  11  1 11  7 10  7.167 150.05    -1.2 0     0.3 0     0.0 0     0.0 0   274.5 0   277.926 0   277.586 0   323.9 0   277.599 0   277.671 0     0.0 0     0.0 0     0.0 0   -49.4 0   -49.4 0     4.8 0    70.0 0     5.5 0   279.4 0   967.7 0
 2026  11  1 11  7 11  7.183 149.89    -1.1 0     0.4 0     0.2 0     0.0 0   280.7 0   277.894 0   277.509 0   323.5 0   277.569 0   277.633 0     0.0 0     0.0 0     0.0 0   -42.7 0   -42.7 0     4.7 0    70.0 0     5.6 0   282.5 0   967.7 0
 2026  11  1 11  7 12  7.200 149.72    -1.0 0     0.4 0     0.2 0     0.0 0   277.6 0   277.851 0   277.505 0   323.8 0   277.538 0   277.611 0     0.0 0     0.0 0     0.0 0   -46.1 0   -46.1 0     4.7 0    69.2 0     5.1 0   304.3 0   967.7 0
 2026  11  1 11  7 13  7.217 149.56    -1.0 0     0.4 0     0.2 0     0.0 0   268.0 0   277.811 0   277.435 0   322.7 0   277.507 0   277.569 0     0.0 0     0.0 0     0.0 0   -54.6 0   -54.6 0     4.6 0    70.1 0     5.0 0   281.1 0   967.7 0
 2026  11  1 11  7 14  7.233 149.39    -1.0 0     0.4 0     0.2 0     0.0 0   263.5 0   277.767 0   277.362 0   322.2 0   277.471 0   277.528 0     0.0 0     0.0 0     0.0 0   -58.7 0   -58.7 0     4.6 0    70.8 0     5.2 0   283.7 0   967.7 0
 2026  11  1 11  7 15  7.250 149.23    -1.0 0     0.4 0     0.3 0     0.0 0   265.4 0   277.717 0   277.314 0   321.9 0   277.432 0   277.494 0     0.0 0     0.0 0     0.0 0   -56.5 0   -56.5 0     4.5 0    70.4 0     5.7 0   266.4 0   967.7 0
 2026  11  1 11  7 16  7.267 149.06    -1.0 0     0.3 0     0.1 0     0.0 0   269.7 0   277.669 0   277.320 0   322.6 0   277.398 0   277.473 0     0.0 0     0.0 0     0.0 0   -53.0 0   -53.0 0     4.5 0    69.3 0     6.6 0   273.6 0   967.7 0
 2026  11  1 11  7 17  7.283 148.90    -1.1 0     0.2 0     0.0 0     0.0 0   270.3 0   277.636 0   277.279 0   322.0 0   277.372 0   277.444 0     0.0 0     0.0 0     0.0 0   -51.7 0   -51.7 0     4.5 0    69.6 0     4.6 0   277.4 0   967.7 0
 2026  11  1 11  7 18  7.300 148.73    -1.0 0     0.3 0     0.1 0     0.0 0   271.6 0   277.598 0   277.196 0   321.1 0   277.339 0   277.401 0     0.0 0     0.0 0     0.0 0   -49.5 0   -49.5 0     4.5 0    70.4 0     4.5 0   267.6 0   967.7 0
 2026  11  1 11  7 19  7.317 148.56    -1.0 0     0.3 0     0.2 0     0.0 0   273.6 0   277.548 0   277.166 0   321.4 0   277.302 0   277.368 0     0.0 0     0.0 0     0.0 0   -47.8 0   -47.8 0     4.4 0    70.5 0     5.2 0   274.7 0   967.7 0
 2026  11  1 11  7 20  7.333 148.40    -1.0 0     0.3 0     0.1 0     0.0 0   278.9 0   277.501 0   277.142 0   321.7 0   277.268 0   277.336 0     0.0 0     0.0 0     0.0 0   -42.9 0   -42.9 0     4.4 0    70.6 0     5.1 0   274.2 0   967.7 0
 2026  11  1 11  7 21  7.350 148.23    -1.0 0     0.2 0     0.0 0     0.0 0   281.3 0   277.461 0   277.127 0   322.2 0   277.235 0   277.309 0     0.0 0     0.0 0     0.0 0   -40.9 0   -40.9 0     4.4 0    70.1 0     6.2 0   282.3 0   967.7 0
 2026  11  1 11  7 22  7.367 148.06    -1.0 0     0.2 0     0.0 0     0.0 0   287.3 0   277.425 0   277.116 0   322.5 0   277.206 0   277.283 0     0.0 0     0.0 0     0.0 0   -35.2 0   -35.2 0     4.4 0    70.3 0     5.8 0   271.8 0   967.7 0
 2026  11  1 11  7 23  7.383 147.89    -1.1 0     0.2 0    -0.2 0     0.0 0   294.3 0   277.399 0   277.147 0   323.2 0   277.181 0   277.267 0     0.0 0     0.0 0     0.0 0   -28.9 0   -28.9 0     4.4 0    69.8 0     5.3 0   284.4 0   967.7 0
 2026  11  1 11  7 24  7.400 147.72    -1.0 0     0.2 0    -0.2 0     0.0 0   295.5 0   277.380 0   277.112 0   323.0 0   277.160 0   277.241 0     0.0 0     0.0 0     0.0 0   -27.5 0   -27.5 0     4.3 0    70.3 0     4.3 0   280.5 0   967.7 0
 2026  11  1 11  7 25  7.417 147.55    -0.9 0     0.2 0     0.0 0     0.0 0   289.6 0   277.354 0   277.066 0   322.9 0   277.137 0   277.222 0     0.0 0     0.0 0     0.0 0   -33.3 0   -33.3 0     4.3 0    70.8 0     5.1 0   277.9 0   967.7 0
 2026  11  1 11  7 26  7.433 147.38    -0.8 0     0.1 0     0.0 0     0.0 0   290.2 0   277.323 0   277.039 0   322.6 0   277.117 0   277.202 0     0.0 0     0.0 0     0.0 0   -32.4 0   -32.4 0     4.3 0    70.8 0     4.6 0   261.1 0   967.7 0
 2026  11  1 11  7 27  7.450 147.21    -0.8 0     0.1 0    -0.1 0     0.0 0   294.5 0   277.297 0   277.051 0   322.8 0   277.098 0   277.186 0     0.0 0     0.0 0     0.0 0   -28.3 0   -28.3 0     4.3 0    71.0 0     4.6 0   248.0 0   967.7 0
 2026  11  1 11  7 28  7.467 147.04    -0.7 0     0.2 0    -0.1 0     0.0 0   297.6 0   277.277 0   276.994 0   322.6 0   277.077 0   277.155 0     0.0 0     0.0 0     0.0 0   -24.9 0   -24.9 0     4.3 0    72.0 0     3.6 0   251.7 0   967.7 0
 2026  11  1 11  7 29  7.483 146.87    -0.7 0     0.3 0     0.0 0     0.0 0   298.0 0   277.246 0   276.952 0   322.4 0   277.047 0   277.118 0     0.0 0     0.0 0     0.0 0   -24.4 0   -24.4 0     4.2 0    73.0 0     4.2 0   246.9 0   967.7 0
 2026  11  1 11  7 30  7.500 146.70    -0.7 0     0.3 0     0.0 0     0.0 0   292.6 0   277.214 0   276.968 0   322.8 0   277.015 0   277.097 0     0.0 0     0.0 0     0.0 0   -30.2 0   -30.2 0     4.1 0    72.7 0     5.3 0   256.4 0   967.8 0
 2026  11  1 11  7 31  7.517 146.52    -0.8 0     0.2 0    -0.1 0     0.0 0   288.0 0   277.194 0   276.963 0   322.4 0   276.992 0   277.077 0     0.0 0     0.0 0     0.0 0   -34.4 0   -34.4 0     4.1 0    72.4 0     4.3 0   255.9 0   967.8 0
 2026  11  1 11  7 32  7.533 146.35    -0.9 0     0.3 0    -0.1 0     0.0 0   292.1 0   277.178 0   276.906 0   321.9 0   276.966 0   277.038 0     0.0 0     0.0 0     0.0 0   -29.7 0   -29.7 0     4.1 0    73.2 0     3.8 0   266.6 0   967.8 0
 2026  11  1 11  7 33  7.550 146.18    -0.9 0     0.2 0     0.0 0     0.0 0   286.1 0   277.152 0   276.851 0   321.6 0   276.935 0   277.013 0     0.0 0     0.0 0     0.0 0   -35.5 0   -35.5 0     4.0 0    73.5 0     4.1 0   255.8 0   967.8 0
 2026  11  1 11  7 34  7.567 146.00    -0.8 0     0.2 0     0.1 0     0.0 0   281.8 0   277.116 0   276.798 0   321.4 0   276.906 0   276.988 0     0.0 0     0.0 0     0.0 0   -39.6 0   -39.6 0     4.0 0    73.2 0     4.9 0   270.1 0   967.8 0
 2026  11  1 11  7 35  7.583 145.83    -0.9 0     0.0 0    -0.1 0     0.0 0   285.6 0   277.087 0   276.867 0   322.4 0   276.888 0   276.992 0     0.0 0     0.0 0     0.0 0   -36.8 0   -36.8 0     4.1 0    71.8 0     5.4 0   270.0 0   967.8 0
 2026  11  1 11  7 36  7.600 145.66    -1.1 0     0.0 0    -0.2 0     0.0 0   292.6 0   277.077 0   276.864 0   322.5 0   276.879 0   276.976 0     0.0 0     0.0 0     0.0 0   -29.9 0   -29.9 0     4.2 0    71.8 0     4.9 0   272.6 0   967.9 0
 2026  11  1 11  7 37  7.617 145.48    -1.2 0     0.1 0    -0.3 0     0.0 0   295.5 0   277.070 0   276.866 0   322.7 0   276.867 0   276.964 0     0.0 0     0.0 0     0.0 0   -27.2 0   -27.2 0     4.2 0    71.8 0     5.2 0   272.5 0   967.9 0
 2026  11  1 11  7 38  7.633 145.31    -1.1 0     0.1 0    -0.2 0     0.0 0   297.7 0   277.061 0   276.836 0   322.6 0   276.853 0   276.944 0     0.0 0     0.0 0     0.0 0   -24.9 0   -24.9 0     4.1 0    72.4 0     4.8 0   256.8 0   967.9 0
 2026  11  1 11  7 39  7.650 145.13    -1.0 0     0.2 0    -0.1 0     0.0 0   294.8 0   277.045 0   276.784 0   322.2 0   276.835 0   276.922 0     0.0 0     0.0 0     0.0 0   -27.4 0   -27.4 0     4.1 0    73.1 0     3.8 0   252.1 0   967.8 0
 2026  11  1 11  7 40  7.667 144.96    -1.0 0     0.1 0    -0.1 0     0.0 0   293.7 0   277.024 0   276.804 0   322.3 0   276.816 0   276.907 0     0.0 0     0.0 0     0.0 0   -28.6 0   -28.6 0     4.0 0    73.1 0     4.4 0   254.7 0   967.9 0
 2026  11  1 11  7 41  7.683 144.78    -1.0 0     0.0 0    -0.2 0     0.0 0   297.3 0   277.012 0   276.817 0   322.7 0   276.801 0   276.901 0     0.0 0     0.0 0     0.0 0   -25.4 0   -25.4 0     4.1 0    72.6 0     5.4 0   266.5 0   967.9 0
 2026  11  1 11  7 42  7.700 144.60    -1.1 0     0.0 0    -0.3 0     0.0 0   297.1 0   277.010 0   276.825 0   322.9 0   276.791 0   276.890 0     0.0 0     0.0 0     0.0 0   -25.9 0   -25.9 0     4.1 0    72.7 0     4.4 0   261.0 0   967.9 0
 2026  11  1 11  7 43  7.717 144.43    -1.1 0     0.1 0    -0.2 0     0.0 0   292.0 0   277.006 0   276.812 0   322.3 0   276.777 0   276.866 0     0.0 0     0.0 0     0.0 0   -30.3 0   -30.3 0     4.0 0    73.4 0     4.0 0   256.1 0   967.9 0
 2026  11  1 11  7 44  7.733 144.25    -1.1 0     0.1 0    -0.2 0     0.0 0   290.4 0   277.004 0   276.811 0   322.4 0   276.760 0   276.854 0     0.0 0     0.0 0     0.0 0   -32.0 0   -32.0 0     4.0 0    73.2 0     5.7 0   271.7 0   967.9 0
 2026  11  1 11  7 45  7.750 144.07    -1.1 0     0.2 0    -0.2 0     0.0 0   292.8 0   277.002 0   276.808 0   322.5 0   276.744 0   276.835 0     0.0 0     0.0 0     0.0 0   -29.7 0   -29.7 0     4.0 0    73.1 0     6.1 0   259.9 0   967.9 0
 2026  11  1 11  7 46  7.767 143.90    -1.1 0     0.1 0    -0.2 0     0.0 0   291.1 0   276.999 0   276.799 0   322.8 0   276.730 0   276.827 0     0.0 0     0.0 0     0.0 0   -31.7 0   -31.7 0     4.0 0    72.9 0     6.4 0   265.8 0   967.9 0
 2026  11  1 11  7 47  7.783 143.72    -1.2 0     0.1 0    -0.2 0     0.0 0   297.3 0   276.994 0   276.799 0   322.9 0   276.719 0   276.820 0     0.0 0     0.0 0     0.0 0   -25.6 0   -25.6 0     4.0 0    72.8 0     5.5 0   263.0 0   968.0 0
 2026  11  1 11  7 48  7.800 143.54    -1.1 0     0.1 0    -0.1 0     0.0 0   305.9 0   276.989 0   276.789 0   322.9 0   276.709 0   276.802 0     0.0 0     0.0 0     0.0 0   -17.0 0   -17.0 0     4.0 0    73.3 0     4.5 0   262.0 0   968.0 0
 2026  11  1 11  7 49  7.817 143.36    -1.1 0     0.2 0    -0.1 0     0.0 0   308.3 0   276.980 0   276.806 0   323.4 0   276.694 0   276.790 0     0.0 0     0.0 0     0.0 0   -15.1 0   -15.1 0     4.0 0    73.3 0     5.4 0   263.9 0   968.0 0
 2026  11  1 11  7 50  7.833 143.18    -1.1 0     0.1 0    -0.1 0     0.0 0   310.6 0   276.976 0   276.818 0   323.4 0   276.683 0   276.776 0     0.0 0     0.0 0     0.0 0   -12.7 0   -12.7 0     3.9 0    73.6 0     4.5 0   278.9 0   968.0 0
 2026  11  1 11  7 51  7.850 143.00    -1.1 0     0.1 0    -0.2 0     0.0 0   309.9 0   276.977 0   276.845 0   323.9 0   276.671 0   276.775 0     0.0 0     0.0 0     0.0 0   -14.0 0   -14.0 0     3.9 0    73.1 0     6.3 0   265.9 0   968.0 0
 2026  11  1 11  7 52  7.867 142.83    -1.1 0     0.0 0    -0.2 0     0.0 0   301.6 0   276.983 0   276.842 0   323.8 0   276.666 0   276.773 0     0.0 0     0.0 0     0.0 0   -22.2 0   -22.2 0     4.0 0    72.7 0     7.2 0   267.5 0   968.0 0
 2026  11  1 11  7 53  7.883 142.65    -1.2 0     0.0 0    -0.2 0     0.0 0   293.1 0   276.987 0   276.809 0   323.2 0   276.662 0   276.762 0     0.0 0     0.0 0     0.0 0   -30.1 0   -30.1 0     4.0 0    72.9 0     6.4 0   273.1 0   968.0 0
 2026  11  1 11  7 54  7.900 142.47    -1.2 0     0.1 0    -0.2 0     0.0 0   291.9 0   276.987 0   276.800 0   322.9 0   276.651 0   276.745 0     0.0 0     0.0 0     0.0 0   -31.0 0   -31.0 0     3.9 0    73.1 0     6.8 0   269.2 0   968.0 0
 2026  11  1 11  7 55  7.917 142.29    -1.2 0     0.1 0    -0.1 0     0.0 0   293.1 0   276.985 0   276.783 0   322.8 0   276.640 0   276.738 0     0.0 0     0.0 0     0.0 0   -29.7 0   -29.7 0     3.9 0    72.9 0     6.5 0   265.3 0   968.0 0
 2026  11  1 11  7 56  7.933 142.11    -1.2 0     0.1 0     0.0 0     0.0 0   288.5 0   276.979 0   276.758 0   322.5 0   276.630 0   276.725 0     0.0 0     0.0 0     0.0 0   -34.0 0   -34.0 0     3.9 0    73.1 0     5.9 0   262.5 0   968.0 0
 2026  11  1 11  7 57  7.950 141.93    -1.2 0     0.2 0     0.0 0     0.0 0   284.0 0   276.969 0   276.740 0   322.0 0   276.618 0   276.710 0     0.0 0     0.0 0     0.0 0   -38.0 0   -38.0 0     3.9 0    73.2 0     5.9 0   258.0 0   968.0 0
 2026  11  1 11  7 58  7.967 141.75    -1.1 0     0.3 0     0.1 0     0.0 0   274.8 0   276.955 0   276.676 0   321.0 0   276.601 0   276.681 0     0.0 0     0.0 0     0.0 0   -46.2 0   -46.2 0     3.8 0    73.6 0     4.3 0   263.7 0   968.0 0
 2026  11  1 11  7 59  7.983 141.56    -1.0 0     0.3 0     0.2 0     0.0 0   271.0 0   276.930 0   276.624 0   320.5 0   276.577 0   276.655 0     0.0 0     0.0 0     0.0 0   -49.6 0   -49.6 0     3.8 0    73.7 0     5.8 0   268.6 0   968.0 0
 2026  11  1 11  8  0  8.000 141.38    -1.1 0     0.2 0     0.2 0     0.1 0   265.4 0   276.902 0   276.606 0   320.4 0   276.554 0   276.636 0     0.0 0     0.0 0     0.0 0   -55.0 0   -55.0 0     3.8 0    72.9 0     7.1 0   276.9 0   968.0 0
 2026  11  1 11  8  1  8.017 141.20    -1.2 0     0.1 0     0.0 0     0.1 0   260.8 0   276.880 0   276.589 0   320.7 0   276.536 0   276.628 0     0.0 0     0.0 0     0.0 0   -59.9 0   -59.9 0     3.8 0    72.0 0     7.6 0   270.0 0   968.0 0
 2026  11  1 11  8  2  8.033 141.02    -1.3 0     0.2 0     0.0 0     0.1 0   255.7 0   276.860 0   276.538 0   319.9 0   276.521 0   276.603 0     0.0 0     0.0 0     0.0 0   -64.2 0   -64.2 0     3.8 0    71.4 0     7.3 0   263.0 0   968.0 0
 2026  11  1 11  8  3  8.050 140.84    -1.3 0     0.3 0     0.1 0     0.1 0   252.1 0   276.833 0   276.463 0   319.1 0   276.500 0   276.573 0     0.0 0     0.0 0     0.0 0   -67.0 0   -67.0 0     3.7 0    71.2 0     6.9 0   275.1 0   968.0 0
 2026  11  1 11  8  4  8.067 140.66    -1.2 0     0.5 0     0.3 0     0.1 0   250.1 0   276.792 0   276.386 0   318.0 0   276.468 0   276.525 0     0.0 0     0.0 0     0.0 0   -68.0 0   -68.0 0     3.6 0    72.3 0     5.5 0   268.7 0   968.0 0
 2026  11  1 11  8  5  8.083 140.48    -1.3 0     0.6 0     0.3 0     0.1 0   248.0 0   276.747 0   276.329 0   317.1 0   276.426 0   276.480 0     0.0 0     0.0 0     0.0 0   -69.1 0   -69.1 0     3.5 0    73.3 0     4.9 0   267.8 0   968.0 0
 2026  11  1 11  8  6  8.100 140.29    -1.2 0     0.5 0     0.4 0     0.1 0   246.3 0   276.695 0   276.276 0   317.2 0   276.384 0   276.448 0     0.0 0     0.0 0     0.0 0   -71.0 0   -71.0 0     3.4 0    72.5 0     6.4 0   270.1 0   968.0 0
 2026  11  1 11  8  7  8.117 140.11    -1.2 0     0.4 0     0.2 0     0.1 0   244.5 0   276.646 0   276.238 0   317.2 0   276.348 0   276.416 0     0.0 0     0.0 0     0.0 0   -72.8 0   -72.8 0     3.5 0    71.8 0     6.7 0   266.9 0   968.0 0
 2026  11  1 11  8  8  8.133 139.93    -1.3 0     0.3 0     0.2 0     0.1 0   242.3 0   276.600 0   276.192 0   317.1 0   276.318 0   276.396 0     0.0 0     0.0 0     0.0 0   -74.8 0   -74.8 0     3.5 0    71.7 0     6.6 0   255.9 0   968.0 0
 2026  11  1 11  8  9  8.150 139.74    -1.3 0     0.2 0     0.0 0     0.1 0   239.7 0   276.560 0   276.188 0   317.0 0   276.293 0   276.373 0     0.0 0     0.0 0     0.0 0   -77.3 0   -77.3 0     3.5 0    71.1 0     7.0 0   248.9 0   967.9 0
 2026  11  1 11  8 10  8.167 139.56    -1.3 0     0.4 0    -0.1 0     0.1 0   237.3 0   276.528 0   276.137 0   316.2 0   276.264 0   276.324 0     0.0 0     0.0 0     0.0 0   -78.9 0   -78.9 0     3.5 0    71.3 0     6.2 0   268.3 0   968.0 0
 2026  11  1 11  8 11  8.183 139.38    -1.3 0     0.4 0     0.0 0     0.1 0   235.9 0   276.491 0   276.091 0   315.8 0   276.226 0   276.296 0     0.0 0     0.0 0     0.0 0   -79.9 0   -79.9 0     3.4 0    71.3 0     5.8 0   265.6 0   968.0 0
 2026  11  1 11  8 12  8.200 139.20    -1.4 0     0.4 0     0.0 0     0.1 0   234.3 0   276.457 0   276.038 0   314.8 0   276.193 0   276.248 0     0.0 0     0.0 0     0.0 0   -80.5 0   -80.5 0     3.4 0    71.5 0     4.7 0   263.3 0   968.0 0
 2026  11  1 11  8 13  8.217 139.01    -1.3 0     0.4 0     0.1 0     0.1 0   233.8 0   276.413 0   275.962 0   314.8 0   276.155 0   276.217 0     0.0 0     0.0 0     0.0 0   -81.0 0   -81.0 0     3.3 0    72.0 0     5.4 0   255.6 0   968.0 0
 2026  11  1 11  8 14  8.233 138.83    -1.2 0     0.4 0     0.1 0     0.1 0   233.1 0   276.365 0   275.931 0   314.6 0   276.120 0   276.170 0     0.0 0     0.0 0     0.0 0   -81.5 0   -81.5 0     3.3 0    71.7 0     6.0 0   254.5 0   968.0 0
 2026  11  1 11  8 15  8.250 138.64    -1.2 0     0.4 0    -0.1 0     0.1 0   232.8 0   276.319 0   275.909 0   315.7 0   276.083 0   276.150 0     0.0 0     0.0 0     0.0 0   -82.9 0   -82.9 0     3.2 0    69.4 0     7.8 0   260.5 0   968.0 0
 2026  11  1 11  8 16  8.267 138.46    -1.3 0     0.4 0    -0.1 0     0.1 0   232.3 0   276.281 0   275.864 0   315.3 0   276.052 0   276.112 0     0.0 0     0.0 0     0.0 0   -83.0 0   -83.0 0     3.2 0    69.1 0     6.7 0   269.6 0   968.0 0
 2026  11  1 11  8 17  8.283 138.27    -1.4 0     0.4 0    -0.1 0     0.1 0   231.9 0   276.243 0   275.825 0   315.0 0   276.021 0   276.084 0     0.0 0     0.0 0     0.0 0   -83.1 0   -83.1 0     3.2 0    69.2 0     6.6 0   261.9 0   968.0 0
 2026  11  1 11  8 18  8.300 138.09    -1.4 0     0.2 0    -0.2 0     0.1 0   231.9 0   276.206 0   275.823 0   315.3 0   275.994 0   276.074 0     0.0 0     0.0 0     0.0 0   -83.3 0   -83.3 0     3.3 0    67.6 0     6.6 0   262.7 0   968.0 0
 2026  11  1 11  8 19  8.317 137.91    -1.3 0     0.2 0    -0.2 0     0.1 0   231.3 0   276.176 0   275.772 0   314.4 0   275.977 0   276.048 0     0.0 0     0.0 0     0.0 0   -83.1 0   -83.1 0     3.3 0    67.8 0     6.1 0   262.8 0   968.0 0
 2026  11  1 11  8 20  8.333 137.72    -1.2 0     0.3 0    -0.1 0     0.1 0   230.9 0   276.141 0   275.694 0   314.1 0   275.954 0   276.017 0     0.0 0     0.0 0     0.0 0   -83.2 0   -83.2 0     3.2 0    67.4 0     6.5 0   255.6 0   968.0 0
 2026  11  1 11  8 21  8.350 137.54    -1.2 0     0.4 0    -0.1 0     0.1 0   230.8 0   276.095 0   275.695 0   314.8 0   275.923 0   275.988 0     0.0 0     0.0 0     0.0 0   -84.0 0   -84.0 0     3.2 0    66.5 0     8.0 0   280.8 0   968.1 0
 2026  11  1 11  8 22  8.367 137.35    -1.4 0     0.4 0    -0.3 0     0.1 0   230.6 0   276.065 0   275.693 0   314.8 0   275.895 0   275.964 0     0.0 0     0.0 0     0.0 0   -84.1 0   -84.1 0     3.1 0    66.3 0     7.0 0   287.5 0   968.1 0
 2026  11  1 11  8 23  8.383 137.17    -1.4 0     0.3 0    -0.3 0     0.1 0   230.4 0   276.040 0   275.645 0   314.0 0   275.870 0   275.934 0     0.0 0     0.0 0     0.0 0   -83.6 0   -83.6 0     3.1 0    66.5 0     6.2 0   269.4 0   968.1 0
 2026  11  1 11  8 24  8.400 136.98    -1.4 0     0.4 0    -0.1 0     0.1 0   230.2 0   276.005 0   275.567 0   313.4 0   275.837 0   275.894 0     0.0 0     0.0 0     0.0 0   -83.2 0   -83.2 0     3.0 0    67.0 0     5.5 0   269.0 0   968.1 0
 2026  11  1 11  8 25  8.417 136.79    -1.3 0     0.5 0     0.2 0     0.1 0   229.9 0   275.957 0   275.467 0   312.2 0   275.798 0   275.846 0     0.0 0     0.0 0     0.0 0   -82.2 0   -82.2 0     2.9 0    68.0 0     4.4 0   269.0 0   968.1 0
 2026  11  1 11  8 26  8.433 136.61    -1.2 0     0.5 0     0.3 0     0.1 0   229.9 0   275.896 0   275.415 0   311.9 0   275.754 0   275.803 0     0.0 0     0.0 0     0.0 0   -82.0 0   -82.0 0     2.8 0    68.1 0     5.1 0   275.4 0   968.1 0
 2026  11  1 11  8 27  8.450 136.42    -1.2 0     0.5 0     0.2 0     0.1 0   229.9 0   275.839 0   275.406 0   312.7 0   275.710 0   275.757 0     0.0 0     0.0 0     0.0 0   -82.8 0   -82.8 0     2.8 0    67.6 0     5.1 0   272.0 0   968.1 0
 2026  11  1 11  8 28  8.467 136.24    -1.2 0     0.5 0     0.0 0     0.1 0   229.8 0   275.793 0   275.370 0   313.5 0   275.664 0   275.710 0     0.0 0     0.0 0     0.0 0   -83.6 0   -83.6 0     2.7 0    67.4 0     6.1 0   281.8 0   968.1 0
 2026  11  1 11  8 29  8.483 136.05    -1.3 0     0.4 0    -0.2 0     0.1 0   229.8 0   275.754 0   275.360 0   314.0 0   275.625 0   275.689 0     0.0 0     0.0 0     0.0 0   -84.2 0   -84.2 0     2.7 0    66.7 0     6.8 0   277.4 0   968.1 0
 2026  11  1 11  8 30  8.500 135.87    -1.3 0     0.3 0    -0.2 0     0.1 0   229.5 0   275.722 0   275.313 0   313.8 0   275.595 0   275.662 0     0.0 0     0.0 0     0.0 0   -84.3 0   -84.3 0     2.8 0    66.6 0     6.0 0   270.5 0   968.1 0
 2026  11  1 11  8 31  8.517 135.68    -1.3 0     0.4 0    -0.1 0     0.1 0   229.5 0   275.685 0   275.276 0   313.5 0   275.562 0   275.622 0     0.0 0     0.0 0     0.0 0   -84.0 0   -84.0 0     2.7 0    67.0 0     5.8 0   269.7 0   968.1 0
 2026  11  1 11  8 32  8.533 135.49    -1.4 0     0.2 0    -0.2 0     0.1 0   229.5 0   275.652 0   275.284 0   313.6 0   275.532 0   275.602 0     0.0 0     0.0 0     0.0 0   -84.1 0   -84.1 0     2.7 0    66.7 0     4.8 0   266.0 0   968.1 0
 2026  11  1 11  8 33  8.550 135.31    -1.5 0     0.2 0    -0.3 0     0.1 0   229.4 0   275.629 0   275.270 0   313.8 0   275.506 0   275.580 0     0.0 0     0.0 0     0.0 0   -84.4 0   -84.4 0     2.8 0    66.3 0     6.0 0   264.2 0   968.1 0
 2026  11  1 11  8 34  8.567 135.12    -1.4 0     0.2 0    -0.3 0     0.1 0   229.2 0   275.607 0   275.230 0   313.4 0   275.486 0   275.560 0     0.0 0     0.0 0     0.0 0   -84.2 0   -84.2 0     2.8 0    66.2 0     5.1 0   263.5 0   968.1 0
 2026  11  1 11  8 35  8.583 134.93    -1.4 0     0.3 0    -0.1 0     0.1 0   228.8 0   275.578 0   275.153 0   312.7 0   275.459 0   275.518 0     0.0 0     0.0 0     0.0 0   -83.9 0   -83.9 0     2.7 0    67.1 0     4.1 0   262.9 0   968.1 0
 2026  11  1 11  8 36  8.600 134.75    -1.3 0     0.4 0     0.0 0     0.1 0   228.9 0   275.534 0   275.095 0   312.8 0   275.423 0   275.480 0     0.0 0     0.0 0     0.0 0   -83.9 0   -83.9 0     2.6 0    67.4 0     5.2 0   259.6 0   968.1 0
 2026  11  1 11  8 37  8.617 134.56    -1.4 0     0.3 0    -0.1 0     0.1 0   228.8 0   275.495 0   275.117 0   313.2 0   275.387 0   275.451 0     0.0 0     0.0 0     0.0 0   -84.3 0   -84.3 0     2.6 0    67.4 0     4.8 0   267.9 0   968.0 0
 2026  11  1 11  8 38  8.633 134.37    -1.5 0     0.3 0    -0.1 0     0.1 0   228.9 0   275.465 0   275.077 0   312.8 0   275.357 0   275.424 0     0.0 0     0.0 0     0.0 0   -83.9 0   -83.9 0     2.6 0    67.4 0     3.9 0   270.6 0   968.0 0
 2026  11  1 11  8 39  8.650 134.18    -1.4 0     0.4 0    -0.1 0     0.1 0   228.6 0   275.432 0   275.028 0   312.4 0   275.324 0   275.381 0     0.0 0     0.0 0     0.0 0   -83.8 0   -83.8 0     2.5 0    68.0 0     4.2 0   266.7 0   968.0 0
 2026  11  1 11  8 40  8.667 134.00    -1.4 0     0.3 0    -0.2 0     0.1 0   228.8 0   275.399 0   275.030 0   313.3 0   275.289 0   275.358 0     0.0 0     0.0 0     0.0 0   -84.5 0   -84.5 0     2.5 0    67.6 0     5.8 0   265.5 0   968.1 0
 2026  11  1 11  8 41  8.683 133.81    -1.6 0     0.1 0    -0.3 0     0.1 0   228.8 0   275.375 0   275.047 0   313.3 0   275.264 0   275.345 0     0.0 0     0.0 0     0.0 0   -84.5 0   -84.5 0     2.5 0    66.7 0     4.8 0   280.1 0   968.0 0
 2026  11  1 11  8 42  8.700 133.62    -1.6 0     0.2 0    -0.3 0     0.1 0   228.4 0   275.360 0   275.007 0   312.8 0   275.243 0   275.316 0     0.0 0     0.0 0     0.0 0   -84.3 0   -84.3 0     2.5 0    67.3 0     3.9 0   271.4 0   968.1 0
 2026  11  1 11  8 43  8.717 133.43    -1.5 0     0.2 0    -0.3 0     0.1 0   228.8 0   275.337 0   274.980 0   313.0 0   275.218 0   275.295 0     0.0 0     0.0 0     0.0 0   -84.3 0   -84.3 0     2.5 0    67.1 0     5.8 0   270.6 0   968.1 0
 2026  11  1 11  8 44  8.733 133.25    -1.7 0     0.1 0    -0.5 0     0.1 0   228.7 0   275.323 0   275.025 0   313.3 0   275.202 0   275.290 0     0.0 0     0.0 0     0.0 0   -84.7 0   -84.7 0     2.6 0    66.3 0     4.8 0   272.6 0   968.1 0
 2026  11  1 11  8 45  8.750 133.06    -1.6 0     0.1 0    -0.4 0     0.1 0   228.5 0   275.316 0   274.985 0   312.6 0   275.188 0   275.269 0     0.0 0     0.0 0     0.0 0   -84.2 0   -84.2 0     2.6 0    66.8 0     4.3 0   267.1 0   968.1 0
 2026  11  1 11  8 46  8.767 132.87    -1.5 0     0.1 0    -0.4 0     0.1 0   228.3 0   275.302 0   274.953 0   312.2 0   275.172 0   275.249 0     0.0 0     0.0 0     0.0 0   -84.0 0   -84.0 0     2.5 0    67.0 0     3.7 0   257.2 0   968.1 0
 2026  11  1 11  8 47  8.783 132.68    -1.3 0     0.3 0    -0.2 0     0.1 0   228.1 0   275.279 0   274.873 0   311.6 0   275.149 0   275.215 0     0.0 0     0.0 0     0.0 0   -83.5 0   -83.5 0     2.5 0    67.7 0     3.7 0   265.0 0   968.1 0
 2026  11  1 11  8 48  8.800 132.50    -1.3 0     0.3 0     0.0 0     0.1 0   228.1 0   275.242 0   274.831 0   311.5 0   275.119 0   275.180 0     0.0 0     0.0 0     0.0 0   -83.3 0   -83.3 0     2.4 0    68.2 0     2.9 0   270.3 0   968.1 0
 2026  11  1 11  8 49  8.817 132.31    -1.3 0     0.3 0     0.0 0     0.0 0   228.3 0   275.201 0   274.790 0   311.3 0   275.085 0   275.148 0     0.0 0     0.0 0     0.0 0   -83.0 0   -83.0 0     2.3 0    68.7 0     3.8 0   280.5 0   968.2 0
 2026  11  1 11  8 50  8.833 132.12    -1.4 0     0.2 0    -0.1 0     0.1 0   228.6 0   275.164 0   274.798 0   311.9 0   275.054 0   275.124 0     0.0 0     0.0 0     0.0 0   -83.3 0   -83.3 0     2.3 0    68.3 0     4.3 0   264.9 0   968.2 0
 2026  11  1 11  8 51  8.850 131.93    -1.5 0     0.1 0    -0.3 0     0.1 0   228.7 0   275.138 0   274.808 0   312.5 0   275.028 0   275.109 0     0.0 0     0.0 0     0.0 0   -83.8 0   -83.8 0     2.3 0    68.0 0     5.7 0   264.0 0   968.2 0
 2026  11  1 11  8 52  8.867 131.74    -1.6 0     0.1 0    -0.4 0     0.1 0   228.8 0   275.124 0   274.796 0   312.6 0   275.009 0   275.095 0     0.0 0     0.0 0     0.0 0   -83.8 0   -83.8 0     2.3 0    67.7 0     5.4 0   272.7 0   968.2 0
 2026  11  1 11  8 53  8.883 131.55    -1.7 0     0.1 0    -0.4 0     0.1 0   228.9 0   275.111 0   274.788 0   312.3 0   274.994 0   275.076 0     0.0 0     0.0 0     0.0 0   -83.5 0   -83.5 0     2.4 0    67.8 0     4.8 0   279.0 0   968.2 0
 2026  11  1 11  8 54  8.900 131.37    -1.7 0     0.1 0    -0.5 0     0.1 0   229.0 0   275.100 0   274.808 0   312.4 0   274.978 0   275.067 0     0.0 0     0.0 0     0.0 0   -83.4 0   -83.4 0     2.4 0    67.6 0     4.8 0   276.1 0   968.2 0
 2026  11  1 11  8 55  8.917 131.18    -1.6 0     0.1 0    -0.4 0     0.1 0   228.8 0   275.092 0   274.774 0   312.3 0   274.966 0   275.050 0     0.0 0     0.0 0     0.0 0   -83.5 0   -83.5 0     2.4 0    68.0 0     4.5 0   281.2 0   968.2 0
 2026  11  1 11  8 56  8.933 130.99    -1.7 0     0.2 0    -0.4 0     0.1 0   228.9 0   275.081 0   274.764 0   311.7 0   274.949 0   275.027 0     0.0 0     0.0 0     0.0 0   -82.9 0   -82.9 0     2.3 0    68.4 0     4.2 0   271.7 0   968.2 0
 2026  11  1 11  8 57  8.950 130.80    -1.7 0     0.2 0    -0.4 0     0.1 0   229.0 0   275.068 0   274.747 0   312.0 0   274.930 0   275.009 0     0.0 0     0.0 0     0.0 0   -83.0 0   -83.0 0     2.3 0    68.5 0     5.4 0   285.3 0   968.2 0
 2026  11  1 11  8 58  8.967 130.61    -1.7 0     0.2 0    -0.4 0     0.1 0   228.8 0   275.057 0   274.750 0   312.0 0   274.912 0   274.992 0     0.0 0     0.0 0     0.0 0   -83.2 0   -83.2 0     2.3 0    68.8 0     5.0 0   279.7 0   968.3 0
 2026  11  1 11  8 59  8.983 130.42    -1.6 0     0.3 0    -0.3 0     0.1 0   228.6 0   275.046 0   274.694 0   311.4 0   274.891 0   274.966 0     0.0 0     0.0 0     0.0 0   -82.8 0   -82.8 0     2.2 0    69.4 0     3.8 0   284.9 0   968.3 0
 2026  11  1 11  9  0  9.000 130.23    -1.7 0     0.2 0    -0.3 0     0.1 0   228.7 0   275.026 0   274.716 0   311.4 0   274.870 0   274.949 0     0.0 0     0.0 0     0.0 0   -82.7 0   -82.7 0     2.2 0    69.2 0     4.3 0   278.0 0   968.3 0
 2026  11  1 11  9  1  9.017 130.05    -1.7 0     0.2 0    -0.2 0     0.1 0   228.4 0   275.010 0   274.637 0   310.7 0   274.848 0   274.920 0     0.0 0     0.0 0     0.0 0   -82.3 0   -82.3 0     2.1 0    69.7 0     3.5 0   276.4 0   968.3 0
 2026  11  1 11  9  2  9.033 129.86    -1.6 0     0.3 0    -0.1 0     0.1 0   228.8 0   274.980 0   274.596 0   310.2 0   274.822 0   274.888 0     0.0 0     0.0 0     0.0 0   -81.4 0   -81.4 0     2.1 0    70.1 0     3.3 0   281.4 0   968.3 0
 2026  11  1 11  9  3  9.050 129.67    -1.5 0     0.2 0    -0.1 0     0.1 0   229.8 0   274.947 0   274.608 0   310.6 0   274.793 0   274.864 0     0.0 0     0.0 0     0.0 0   -80.9 0   -80.9 0     2.0 0    70.3 0     4.6 0   277.1 0   968.3 0
 2026  11  1 11  9  4  9.067 129.48    -1.7 0     0.0 0    -0.5 0     0.1 0   231.4 0   274.932 0   274.687 0   312.4 0   274.773 0   274.871 0     0.0 0     0.0 0     0.0 0   -80.9 0   -80.9 0     2.1 0    69.6 0     6.2 0   290.2 0   968.3 0
 2026  11  1 11  9  5  9.083 129.29    -1.9 0    -0.1 0    -0.7 0     0.1 0   233.6 0   274.942 0   274.722 0   312.3 0   274.767 0   274.863 0     0.0 0     0.0 0     0.0 0   -78.7 0   -78.7 0     2.2 0    69.4 0     5.5 0   275.0 0   968.4 0
 2026  11  1 11  9  6  9.100 129.10    -2.0 0    -0.1 0    -0.7 0     0.1 0   238.4 0   274.956 0   274.715 0   312.7 0   274.762 0   274.861 0     0.0 0     0.0 0     0.0 0   -74.4 0   -74.4 0     2.2 0    69.5 0     6.7 0   271.9 0   968.4 0
 2026  11  1 11  9  7  9.117 128.91    -2.0 0     0.0 0    -0.6 0     0.1 0   239.0 0   274.964 0   274.690 0   312.1 0   274.757 0   274.843 0     0.0 0     0.0 0     0.0 0   -73.1 0   -73.1 0     2.2 0    70.1 0     4.8 0   288.9 0   968.4 0
 2026  11  1 11  9  8  9.133 128.72    -2.0 0     0.1 0    -0.4 0     0.1 0   236.0 0   274.962 0   274.687 0   312.3 0   274.744 0   274.834 0     0.0 0     0.0 0     0.0 0   -76.3 0   -76.3 0     2.1 0    70.3 0     6.2 0   282.7 0   968.4 0
 2026  11  1 11  9  9  9.150 128.53    -1.9 0     0.1 0    -0.4 0     0.1 0   235.3 0   274.958 0   274.685 0   312.4 0   274.734 0   274.827 0     0.0 0     0.0 0     0.0 0   -77.1 0   -77.1 0     2.1 0    70.4 0     6.8 0   274.7 0   968.4 0
 2026  11  1 11  9 10  9.167 128.35    -2.0 0     0.1 0    -0.5 0     0.1 0   236.2 0   274.959 0   274.701 0   312.5 0   274.725 0   274.817 0     0.0 0     0.0 0     0.0 0   -76.3 0   -76.3 0     2.1 0    70.6 0     5.7 0   284.4 0   968.5 0
 2026  11  1 11  9 11  9.183 128.16    -2.0 0     0.0 0    -0.5 0     0.1 0   234.4 0   274.964 0   274.731 0   312.4 0   274.719 0   274.818 0     0.0 0     0.0 0     0.0 0   -78.0 0   -78.0 0     2.1 0    70.1 0     5.2 0   297.9 0   968.5 0
 2026  11  1 11  9 12  9.200 127.97    -2.0 0     0.0 0    -0.4 0     0.1 0   231.2 0   274.972 0   274.686 0   312.1 0   274.715 0   274.808 0     0.0 0     0.0 0     0.0 0   -80.9 0   -80.9 0     2.1 0    70.3 0     6.0 0   285.1 0   968.5 0
 2026  11  1 11  9 13  9.217 127.78    -1.9 0     0.0 0    -0.3 0     0.1 0   230.3 0   274.969 0   274.676 0   311.8 0   274.708 0   274.800 0     0.0 0     0.0 0     0.0 0   -81.5 0   -81.5 0     2.1 0    70.4 0     4.9 0   279.4 0   968.5 0
 2026  11  1 11  9 14  9.233 127.59    -1.8 0     0.2 0    -0.1 0     0.1 0   230.4 0   274.957 0   274.609 0   311.3 0   274.695 0   274.774 0     0.0 0     0.0 0     0.0 0   -80.9 0   -80.9 0     2.1 0    70.9 0     6.3 0   274.1 0   968.5 0
 2026  11  1 11  9 15  9.250 127.40    -1.8 0     0.2 0    -0.1 0     0.1 0   230.8 0   274.939 0   274.610 0   311.2 0   274.678 0   274.755 0     0.0 0     0.0 0     0.0 0   -80.4 0   -80.4 0     2.0 0    71.3 0     4.0 0   278.5 0   968.5 0
 2026  11  1 11  9 16  9.267 127.21    -1.8 0     0.2 0    -0.1 0     0.1 0   231.4 0   274.922 0   274.601 0   311.1 0   274.657 0   274.733 0     0.0 0     0.0 0     0.0 0   -79.7 0   -79.7 0     2.0 0    71.7 0     4.7 0   277.7 0   968.5 0
 2026  11  1 11  9 17  9.283 127.02    -1.8 0     0.2 0    -0.3 0     0.1 0   231.0 0   274.908 0   274.612 0   311.1 0   274.637 0   274.715 0     0.0 0     0.0 0     0.0 0   -80.1 0   -80.1 0     1.9 0    71.5 0     4.7 0   277.3 0   968.5 0
 2026  11  1 11  9 18  9.300 126.83    -1.8 0     0.2 0    -0.2 0     0.1 0   230.8 0   274.898 0   274.566 0   310.8 0   274.614 0   274.689 0     0.0 0     0.0 0     0.0 0   -80.1 0   -80.1 0     1.9 0    71.9 0     4.9 0   275.8 0   968.5 0
 2026  11  1 11  9 19  9.317 126.64    -1.7 0     0.3 0    -0.1 0     0.1 0   231.8 0   274.875 0   274.508 0   310.5 0   274.589 0   274.665 0     0.0 0     0.0 0     0.0 0   -78.7 0   -78.7 0     1.9 0    72.2 0     4.8 0   277.1 0   968.6 0
 2026  11  1 11  9 20  9.333 126.45    -1.7 0     0.2 0    -0.2 0     0.1 0   234.9 0   274.848 0   274.543 0   311.1 0   274.568 0   274.653 0     0.0 0     0.0 0     0.0 0   -76.1 0   -76.1 0     1.9 0    71.7 0     5.1 0   274.9 0   968.5 0
 2026  11  1 11  9 21  9.350 126.26    -1.9 0     0.1 0    -0.4 0     0.1 0   236.4 0   274.838 0   274.585 0   311.8 0   274.554 0   274.649 0     0.0 0     0.0 0     0.0 0   -75.4 0   -75.4 0     1.9 0    71.2 0     5.8 0   288.6 0   968.6 0
 2026  11  1 11  9 22  9.367 126.07    -1.9 0     0.1 0    -0.4 0     0.1 0   237.5 0   274.836 0   274.555 0   311.6 0   274.545 0   274.639 0     0.0 0     0.0 0     0.0 0   -74.1 0   -74.1 0     1.9 0    70.8 0     6.0 0   282.6 0   968.6 0
 2026  11  1 11  9 23  9.383 125.88    -1.8 0     0.1 0    -0.4 0     0.1 0   239.6 0   274.828 0   274.552 0   311.8 0   274.535 0   274.626 0     0.0 0     0.0 0     0.0 0   -72.2 0   -72.2 0     1.9 0    70.4 0     6.6 0   287.2 0   968.6 0
 2026  11  1 11  9 24  9.400 125.69    -1.8 0     0.0 0    -0.5 0     0.1 0   236.9 0   274.822 0   274.567 0   312.1 0   274.527 0   274.629 0     0.0 0     0.0 0     0.0 0   -75.3 0   -75.3 0     1.9 0    69.8 0     8.2 0   276.6 0   968.7 0
 2026  11  1 11  9 25  9.417 125.50    -1.9 0     0.0 0    -0.5 0     0.1 0   235.1 0   274.821 0   274.556 0   311.7 0   274.524 0   274.618 0     0.0 0     0.0 0     0.0 0   -76.6 0   -76.6 0     2.0 0    69.9 0     6.6 0   272.6 0   968.7 0
 2026  11  1 11  9 26  9.433 125.31    -1.9 0     0.1 0    -0.5 0     0.1 0   235.0 0   274.821 0   274.555 0   311.5 0   274.518 0   274.613 0     0.0 0     0.0 0     0.0 0   -76.5 0   -76.5 0     1.9 0    69.8 0     6.6 0   280.2 0   968.7 0
 2026  11  1 11  9 27  9.450 125.13    -1.8 0     0.1 0    -0.3 0     0.1 0   234.2 0   274.816 0   274.502 0   311.2 0   274.510 0   274.599 0     0.0 0     0.0 0     0.0 0   -77.0 0   -77.0 0     1.9 0    70.2 0     5.5 0   283.2 0   968.7 0
 2026  11  1 11  9 28  9.467 124.94    -1.8 0     0.1 0    -0.3 0     0.1 0   234.0 0   274.804 0   274.533 0   311.3 0   274.499 0   274.595 0     0.0 0     0.0 0     0.0 0   -77.3 0   -77.3 0     1.9 0    69.8 0     5.4 0   286.5 0   968.7 0
 2026  11  1 11  9 29  9.483 124.75    -1.9 0     0.0 0    -0.3 0     0.1 0   235.2 0   274.803 0   274.546 0   311.2 0   274.494 0   274.590 0     0.0 0     0.0 0     0.0 0   -76.0 0   -76.0 0     1.9 0    69.1 0     6.4 0   272.8 0   968.7 0
 2026  11  1 11  9 30  9.500 124.56    -1.9 0    -0.1 0    -0.5 0     0.1 0   241.2 0   274.805 0   274.574 0   312.0 0   274.491 0   274.598 0     0.0 0     0.0 0     0.0 0   -70.8 0   -70.8 0     2.0 0    68.3 0     7.4 0   270.3 0   968.7 0
 2026  11  1 11  9 31  9.517 124.37    -2.0 0    -0.1 0    -0.5 0     0.1 0   245.3 0   274.814 0   274.588 0   311.9 0   274.497 0   274.600 0     0.0 0     0.0 0     0.0 0   -66.7 0   -66.7 0     2.0 0    68.6 0     6.4 0   276.5 0   968.7 0
 2026  11  1 11  9 32  9.533 124.18    -1.9 0     0.1 0    -0.3 0     0.1 0   247.4 0   274.818 0   274.549 0   311.5 0   274.495 0   274.586 0     0.0 0     0.0 0     0.0 0   -64.1 0   -64.1 0     2.0 0    69.4 0     5.0 0   278.7 0   968.7 0
 2026  11  1 11  9 33  9.550 123.99    -1.8 0     0.2 0    -0.1 0     0.1 0   260.7 0   274.809 0   274.522 0   311.5 0   274.485 0   274.570 0     0.0 0     0.0 0     0.0 0   -50.9 0   -50.9 0     1.9 0    70.0 0     4.7 0   278.9 0   968.8 0
 2026  11  1 11  9 34  9.567 123.80    -1.7 0     0.2 0    -0.1 0     0.1 0   271.5 0   274.793 0   274.561 0   312.3 0   274.469 0   274.558 0     0.0 0     0.0 0     0.0 0   -40.8 0   -40.8 0     1.8 0    70.0 0     6.1 0   283.3 0   968.8 0
 2026  11  1 11  9 35  9.583 123.61    -1.6 0     0.0 0    -0.2 0     0.1 0   270.5 0   274.787 0   274.593 0   312.6 0   274.460 0   274.559 0     0.0 0     0.0 0     0.0 0   -42.1 0   -42.1 0     1.8 0    69.6 0     5.1 0   284.3 0   968.7 0
 2026  11  1 11  9 36  9.600 123.42    -1.6 0     0.0 0    -0.3 0     0.1 0   269.5 0   274.790 0   274.621 0   312.6 0   274.453 0   274.553 0     0.0 0     0.0 0     0.0 0   -43.1 0   -43.1 0     1.8 0    69.5 0     5.1 0   290.1 0   968.7 0
 2026  11  1 11  9 37  9.617 123.23    -1.6 0     0.0 0    -0.2 0     0.1 0   268.5 0   274.797 0   274.608 0   312.5 0   274.447 0   274.547 0     0.0 0     0.0 0     0.0 0   -44.0 0   -44.0 0     1.8 0    69.2 0     4.5 0   289.2 0   968.7 0
 2026  11  1 11  9 38  9.633 123.04    -1.6 0     0.0 0    -0.2 0     0.1 0   261.6 0   274.800 0   274.606 0   312.6 0   274.443 0   274.546 0     0.0 0     0.0 0     0.0 0   -51.0 0   -51.0 0     1.8 0    68.7 0     6.9 0   284.4 0   968.7 0
 2026  11  1 11  9 39  9.650 122.85    -1.6 0     0.0 0    -0.3 0     0.1 0   253.5 0   274.803 0   274.590 0   312.5 0   274.440 0   274.542 0     0.0 0     0.0 0     0.0 0   -58.9 0   -58.9 0     1.8 0    67.8 0     7.6 0   287.8 0   968.7 0
 2026  11  1 11  9 40  9.667 122.66    -1.6 0    -0.1 0    -0.3 0     0.1 0   249.9 0   274.806 0   274.580 0   312.3 0   274.438 0   274.542 0     0.0 0     0.0 0     0.0 0   -62.4 0   -62.4 0     1.8 0    67.0 0     7.4 0   285.8 0   968.7 0
 2026  11  1 11  9 41  9.683 122.47    -1.6 0     0.0 0    -0.2 0     0.1 0   248.2 0   274.806 0   274.558 0   312.1 0   274.437 0   274.533 0     0.0 0     0.0 0     0.0 0   -63.9 0   -63.9 0     1.8 0    67.3 0     7.9 0   279.8 0   968.8 0
 2026  11  1 11  9 42  9.700 122.28    -1.6 0     0.1 0    -0.1 0     0.1 0   245.5 0   274.802 0   274.521 0   311.5 0   274.429 0   274.515 0     0.0 0     0.0 0     0.0 0   -66.0 0   -66.0 0     1.8 0    68.1 0     5.6 0   279.4 0   968.8 0
 2026  11  1 11  9 43  9.717 122.09    -1.6 0     0.2 0    -0.1 0     0.1 0   241.9 0   274.789 0   274.498 0   311.5 0   274.413 0   274.498 0     0.0 0     0.0 0     0.0 0   -69.6 0   -69.6 0     1.7 0    67.8 0     7.6 0   285.2 0   968.8 0
 2026  11  1 11  9 44  9.733 121.90    -1.7 0     0.1 0    -0.1 0     0.1 0   240.5 0   274.777 0   274.492 0   311.4 0   274.401 0   274.490 0     0.0 0     0.0 0     0.0 0   -70.8 0   -70.8 0     1.7 0    67.4 0     6.5 0   283.3 0   968.8 0
 2026  11  1 11  9 45  9.750 121.72    -1.7 0     0.2 0     0.0 0     0.1 0   237.8 0   274.763 0   274.418 0   310.5 0   274.385 0   274.462 0     0.0 0     0.0 0     0.0 0   -72.8 0   -72.8 0     1.7 0    68.2 0     5.9 0   284.3 0   968.8 0
 2026  11  1 11  9 46  9.767 121.53    -1.5 0     0.4 0     0.2 0     0.1 0   233.3 0   274.732 0   274.339 0   309.5 0   274.359 0   274.418 0     0.0 0     0.0 0     0.0 0   -76.2 0   -76.2 0     1.6 0    69.5 0     4.3 0   275.7 0   968.8 0
 2026  11  1 11  9 47  9.783 121.34    -1.5 0     0.3 0     0.1 0     0.1 0   230.8 0   274.695 0   274.348 0   309.5 0   274.327 0   274.394 0     0.0 0     0.0 0     0.0 0   -78.7 0   -78.7 0     1.5 0    69.0 0     5.8 0   280.5 0   968.7 0
 2026  11  1 11  9 48  9.800 121.15    -1.5 0     0.4 0     0.1 0     0.1 0   230.2 0   274.668 0   274.301 0   309.2 0   274.295 0   274.363 0     0.0 0     0.0 0     0.0 0   -78.9 0   -78.9 0     1.5 0    69.1 0     4.7 0   285.7 0   968.8 0
 2026  11  1 11  9 49  9.817 120.96    -1.5 0     0.2 0     0.1 0     0.1 0   232.2 0   274.636 0   274.260 0   309.2 0   274.268 0   274.345 0     0.0 0     0.0 0     0.0 0   -77.0 0   -77.0 0     1.5 0    68.7 0     5.5 0   278.0 0   968.8 0
 2026  11  1 11  9 50  9.833 120.77    -1.5 0     0.2 0     0.1 0     0.1 0   233.9 0   274.601 0   274.238 0   309.4 0   274.245 0   274.325 0     0.0 0     0.0 0     0.0 0   -75.5 0   -75.5 0     1.5 0    68.6 0     5.9 0   272.7 0   968.8 0
 2026  11  1 11  9 51  9.850 120.58    -1.5 0     0.2 0     0.0 0     0.1 0   232.7 0   274.570 0   274.212 0   309.4 0   274.223 0   274.301 0     0.0 0     0.0 0     0.0 0   -76.7 0   -76.7 0     1.5 0    69.1 0     5.7 0   275.7 0   968.8 0
 2026  11  1 11  9 52  9.867 120.39    -1.5 0     0.3 0    -0.1 0     0.1 0   232.4 0   274.539 0   274.181 0   309.1 0   274.200 0   274.275 0     0.0 0     0.0 0     0.0 0   -76.7 0   -76.7 0     1.5 0    69.2 0     5.4 0   277.4 0   968.8 0
 2026  11  1 11  9 53  9.883 120.20    -1.4 0     0.3 0     0.0 0     0.1 0   232.9 0   274.506 0   274.128 0   308.6 0   274.172 0   274.242 0     0.0 0     0.0 0     0.0 0   -75.8 0   -75.8 0     1.4 0    69.8 0     4.6 0   273.1 0   968.8 0
 2026  11  1 11  9 54  9.900 120.01    -1.4 0     0.3 0     0.1 0     0.1 0   231.1 0   274.467 0   274.076 0   308.5 0   274.142 0   274.213 0     0.0 0     0.0 0     0.0 0   -77.4 0   -77.4 0     1.3 0    69.8 0     4.8 0   284.7 0   968.8 0
 2026  11  1 11  9 55  9.917 119.82    -1.3 0     0.3 0     0.1 0     0.1 0   228.3 0   274.423 0   274.002 0   307.8 0   274.112 0   274.177 0     0.0 0     0.0 0     0.0 0   -79.5 0   -79.5 0     1.3 0    70.2 0     3.7 0   276.2 0   968.8 0
 2026  11  1 11  9 56  9.933 119.63    -1.2 0     0.4 0     0.2 0     0.1 0   226.8 0   274.372 0   273.941 0   307.2 0   274.077 0   274.140 0     0.0 0     0.0 0     0.0 0   -80.5 0   -80.5 0     1.2 0    70.7 0     4.2 0   276.9 0   968.8 0
 2026  11  1 11  9 57  9.950 119.45    -1.2 0     0.3 0     0.1 0     0.1 0   226.0 0   274.320 0   273.904 0   307.9 0   274.043 0   274.117 0     0.0 0     0.0 0     0.0 0   -81.9 0   -81.9 0     1.2 0    70.2 0     5.4 0   278.8 0   968.8 0
 2026  11  1 11  9 58  9.967 119.26    -1.2 0     0.2 0     0.1 0     0.1 0   225.8 0   274.273 0   273.872 0   307.5 0   274.017 0   274.096 0     0.0 0     0.0 0     0.0 0   -81.7 0   -81.7 0     1.2 0    69.9 0     4.6 0   277.8 0   968.8 0
 2026  11  1 11  9 59  9.983 119.07    -1.2 0     0.2 0     0.1 0     0.1 0   225.6 0   274.226 0   273.811 0   306.8 0   273.990 0   274.059 0     0.0 0     0.0 0     0.0 0   -81.2 0   -81.2 0     1.2 0    70.3 0     4.3 0   274.4 0   968.8 0
 2026  11  1 11 10  0 10.000 118.88    -1.3 0     0.3 0    -0.1 0     0.1 0   225.4 0   274.183 0   273.813 0   307.2 0   273.957 0   274.028 0     0.0 0     0.0 0     0.0 0   -81.8 0   -81.8 0     1.1 0    70.4 0     4.7 0   274.2 0   968.8 0
 2026  11  1 11 10  1 10.017 118.69    -1.4 0     0.3 0    -0.2 0     0.1 0   225.0 0   274.150 0   273.775 0   306.8 0   273.925 0   273.991 0     0.0 0     0.0 0     0.0 0   -81.9 0   -81.9 0     1.1 0    70.7 0     4.5 0   282.0 0   968.8 0
 2026  11  1 11 10  2 10.033 118.50    -1.4 0     0.3 0    -0.1 0     0.1 0   224.9 0   274.116 0   273.747 0   307.2 0   273.892 0   273.965 0     0.0 0     0.0 0     0.0 0   -82.3 0   -82.3 0     1.1 0    70.4 0     5.7 0   276.5 0   968.8 0
 2026  11  1 11 10  3 10.050 118.31    -1.4 0     0.2 0    -0.2 0     0.1 0   224.4 0   274.085 0   273.727 0   307.7 0   273.864 0   273.946 0     0.0 0     0.0 0     0.0 0   -83.3 0   -83.3 0     1.1 0    70.2 0     5.9 0   283.7 0   968.8 0
 2026  11  1 11 10  4 10.067 118.12    -1.5 0     0.2 0    -0.3 0     0.1 0   224.1 0   274.062 0   273.736 0   307.3 0   273.842 0   273.923 0     0.0 0     0.0 0     0.0 0   -83.2 0   -83.2 0     1.1 0    70.2 0     5.7 0   276.3 0   968.8 0
 2026  11  1 11 10  5 10.083 117.94    -1.6 0     0.1 0    -0.4 0     0.1 0   224.0 0   274.045 0   273.738 0   307.9 0   273.821 0   273.910 0     0.0 0     0.0 0     0.0 0   -83.9 0   -83.9 0     1.1 0    69.5 0     6.8 0   278.6 0   968.8 0
 2026  11  1 11 10  6 10.100 117.75    -1.6 0     0.2 0    -0.4 0     0.1 0   223.5 0   274.035 0   273.717 0   307.1 0   273.804 0   273.885 0     0.0 0     0.0 0     0.0 0   -83.6 0   -83.6 0     1.1 0    70.1 0     4.2 0   267.1 0   968.8 0
 2026  11  1 11 10  7 10.117 117.56    -1.5 0     0.2 0    -0.2 0     0.1 0   223.5 0   274.019 0   273.658 0   306.7 0   273.781 0   273.860 0     0.0 0     0.0 0     0.0 0   -83.2 0   -83.2 0     1.1 0    70.3 0     4.7 0   268.9 0   968.8 0
 2026  11  1 11 10  8 10.133 117.37    -1.5 0     0.2 0    -0.2 0     0.1 0   223.3 0   273.995 0   273.647 0   306.5 0   273.758 0   273.838 0     0.0 0     0.0 0     0.0 0   -83.2 0   -83.2 0     1.1 0    70.1 0     4.6 0   270.7 0   968.8 0
 2026  11  1 11 10  9 10.150 117.18    -1.4 0     0.1 0    -0.2 0     0.1 0   223.6 0   273.971 0   273.625 0   307.1 0   273.737 0   273.827 0     0.0 0     0.0 0     0.0 0   -83.5 0   -83.5 0     1.1 0    69.4 0     5.9 0   262.6 0   968.8 0
 2026  11  1 11 10 10 10.167 116.99    -1.6 0     0.0 0    -0.4 0     0.1 0   223.7 0   273.954 0   273.661 0   307.9 0   273.729 0   273.834 0     0.0 0     0.0 0     0.0 0   -84.2 0   -84.2 0     1.2 0    68.3 0     6.6 0   266.7 0   968.8 0
 2026  11  1 11 10 11 10.183 116.80    -1.7 0     0.0 0    -0.5 0     0.1 0   223.5 0   273.950 0   273.654 0   307.2 0   273.728 0   273.822 0     0.0 0     0.0 0     0.0 0   -83.7 0   -83.7 0     1.2 0    68.6 0     4.8 0   268.0 0   968.8 0
 2026  11  1 11 10 12 10.200 116.62    -1.7 0     0.2 0    -0.4 0     0.1 0   223.8 0   273.944 0   273.653 0   307.1 0   273.716 0   273.807 0     0.0 0     0.0 0     0.0 0   -83.3 0   -83.3 0     1.1 0    68.7 0     5.5 0   266.5 0   968.8 0
 2026  11  1 11 10 13 10.217 116.43    -1.8 0     0.1 0    -0.5 0     0.1 0   223.8 0   273.942 0   273.664 0   307.3 0   273.708 0   273.809 0     0.0 0     0.0 0     0.0 0   -83.5 0   -83.5 0     1.2 0    68.0 0     6.2 0   264.3 0   968.8 0
 2026  11  1 11 10 14 10.233 116.24    -1.8 0    -0.1 0    -0.6 0     0.1 0   223.9 0   273.944 0   273.683 0   308.0 0   273.709 0   273.822 0     0.0 0     0.0 0     0.0 0   -84.0 0   -84.0 0     1.2 0    66.9 0     7.8 0   274.3 0   968.8 0
 2026  11  1 11 10 15 10.250 116.05    -1.9 0    -0.1 0    -0.6 0     0.1 0   223.8 0   273.950 0   273.681 0   307.5 0   273.716 0   273.819 0     0.0 0     0.0 0     0.0 0   -83.7 0   -83.7 0     1.3 0    67.2 0     5.4 0   267.2 0   968.9 0
 2026  11  1 11 10 16 10.267 115.86    -1.9 0     0.1 0    -0.4 0     0.1 0   223.9 0   273.950 0   273.649 0   307.0 0   273.714 0   273.812 0     0.0 0     0.0 0     0.0 0   -83.1 0   -83.1 0     1.2 0    67.4 0     5.3 0   259.8 0   968.9 0
 2026  11  1 11 10 17 10.283 115.68    -1.8 0     0.1 0    -0.2 0     0.1 0   223.9 0   273.942 0   273.605 0   306.9 0   273.711 0   273.805 0     0.0 0     0.0 0     0.0 0   -83.0 0   -83.0 0     1.2 0    67.9 0     5.3 0   260.1 0   968.9 0
 2026  11  1 11 10 18 10.300 115.49    -1.7 0     0.1 0    -0.2 0     0.1 0   224.1 0   273.926 0   273.587 0   306.7 0   273.705 0   273.801 0     0.0 0     0.0 0     0.0 0   -82.7 0   -82.7 0     1.2 0    67.6 0     5.3 0   261.2 0   968.9 0
 2026  11  1 11 10 19 10.317 115.30    -1.8 0     0.0 0    -0.2 0     0.1 0   224.4 0   273.910 0   273.611 0   307.2 0   273.703 0   273.808 0     0.0 0     0.0 0     0.0 0   -82.8 0   -82.8 0     1.2 0    67.1 0     5.5 0   258.9 0   968.9 0
 2026  11  1 11 10 20 10.333 115.11    -1.9 0     0.0 0    -0.4 0     0.1 0   224.4 0   273.905 0   273.638 0   307.1 0   273.707 0   273.809 0     0.0 0     0.0 0     0.0 0   -82.7 0   -82.7 0     1.3 0    67.1 0     5.1 0   257.1 0   968.9 0
 2026  11  1 11 10 21 10.350 114.93    -1.9 0     0.1 0    -0.4 0     0.1 0   224.4 0   273.906 0   273.630 0   306.9 0   273.706 0   273.804 0     0.0 0     0.0 0     0.0 0   -82.4 0   -82.4 0     1.3 0    67.1 0     5.3 0   255.4 0   968.9 0
 2026  11  1 11 10 22 10.367 114.74    -1.9 0     0.0 0    -0.6 0     0.1 0   224.3 0   273.912 0   273.674 0   307.0 0   273.706 0   273.810 0     0.0 0     0.0 0     0.0 0   -82.7 0   -82.7 0     1.3 0    66.7 0     5.2 0   257.4 0   968.9 0
 2026  11  1 11 10 23 10.383 114.55    -1.8 0     0.1 0    -0.4 0     0.1 0   223.7 0   273.918 0   273.594 0   305.5 0   273.703 0   273.786 0     0.0 0     0.0 0     0.0 0   -81.8 0   -81.8 0     1.2 0    67.6 0     3.6 0   257.9 0   968.9 0
 2026  11  1 11 10 24 10.400 114.36    -1.6 0     0.3 0    -0.1 0     0.1 0   223.5 0   273.898 0   273.495 0   304.5 0   273.683 0   273.751 0     0.0 0     0.0 0     0.0 0   -81.0 0   -81.0 0     1.1 0    69.0 0     3.1 0   255.8 0   968.9 0
 2026  11  1 11 10 25 10.417 114.18    -1.4 0     0.3 0     0.0 0     0.1 0   223.4 0   273.858 0   273.423 0   303.9 0   273.656 0   273.728 0     0.0 0     0.0 0     0.0 0   -80.5 0   -80.5 0     1.0 0    69.3 0     3.3 0   251.1 0   968.8 0
 2026  11  1 11 10 26 10.433 113.99    -1.2 0     0.2 0     0.1 0     0.1 0   223.2 0   273.809 0   273.386 0   304.1 0   273.631 0   273.704 0     0.0 0     0.0 0     0.0 0   -80.9 0   -80.9 0     0.9 0    69.1 0     3.3 0   260.7 0   968.8 0
 2026  11  1 11 10 27 10.450 113.80    -1.2 0     0.2 0     0.1 0     0.1 0   223.5 0   273.761 0   273.364 0   304.0 0   273.605 0   273.679 0     0.0 0     0.0 0     0.0 0   -80.5 0   -80.5 0     0.9 0    69.2 0     4.0 0   256.8 0   968.8 0
 2026  11  1 11 10 28 10.467 113.61    -1.4 0     0.2 0     0.0 0     0.1 0   223.3 0   273.724 0   273.359 0   304.0 0   273.579 0   273.652 0     0.0 0     0.0 0     0.0 0   -80.6 0   -80.6 0     0.9 0    69.3 0     3.4 0   261.1 0   968.8 0
 2026  11  1 11 10 29 10.483 113.43    -1.4 0     0.2 0    -0.1 0     0.1 0   223.3 0   273.692 0   273.318 0   303.6 0   273.551 0   273.621 0     0.0 0     0.0 0     0.0 0   -80.3 0   -80.3 0     0.8 0    69.6 0     3.4 0   249.9 0   968.8 0
 2026  11  1 11 10 30 10.500 113.24    -1.4 0     0.2 0    -0.1 0     0.1 0   223.4 0   273.658 0   273.288 0   303.2 0   273.521 0   273.587 0     0.0 0     0.0 0     0.0 0   -79.7 0   -79.7 0     0.7 0    70.0 0     3.0 0   256.7 0   968.7 0
 2026  11  1 11 10 31 10.517 113.05    -1.4 0     0.2 0    -0.2 0     0.1 0   223.4 0   273.632 0   273.300 0   303.1 0   273.488 0   273.560 0     0.0 0     0.0 0     0.0 0   -79.7 0   -79.7 0     0.7 0    70.2 0     3.2 0   258.7 0   968.7 0
 2026  11  1 11 10 32 10.533 112.87    -1.4 0     0.1 0    -0.2 0     0.1 0   223.2 0   273.610 0   273.274 0   302.8 0   273.462 0   273.534 0     0.0 0     0.0 0     0.0 0   -79.6 0   -79.6 0     0.7 0    69.9 0     3.1 0   269.4 0   968.7 0
 2026  11  1 11 10 33 10.550 112.68    -1.4 0     0.1 0    -0.2 0     0.1 0   223.3 0   273.585 0   273.227 0   302.6 0   273.435 0   273.512 0     0.0 0     0.0 0     0.0 0   -79.3 0   -79.3 0     0.7 0    69.9 0     2.6 0   261.2 0   968.7 0
 2026  11  1 11 10 34 10.567 112.49    -1.2 0     0.1 0    -0.1 0     0.0 0   223.3 0   273.553 0   273.173 0   302.0 0   273.413 0   273.490 0     0.0 0     0.0 0     0.0 0   -78.7 0   -78.7 0     0.8 0    69.7 0     2.7 0   253.5 0   968.7 0
 2026  11  1 11 10 35 10.583 112.31    -1.1 0     0.1 0    -0.1 0     0.1 0   223.1 0   273.516 0   273.115 0   301.7 0   273.390 0   273.463 0     0.0 0     0.0 0     0.0 0   -78.6 0   -78.6 0     0.7 0    69.9 0     2.9 0   256.9 0   968.6 0
 2026  11  1 11 10 36 10.600 112.12    -1.1 0     0.0 0     0.0 0     0.1 0   223.2 0   273.475 0   273.109 0   301.5 0   273.364 0   273.438 0     0.0 0     0.0 0     0.0 0   -78.3 0   -78.3 0     0.7 0    70.0 0     2.6 0   257.2 0   968.6 0
 2026  11  1 11 10 37 10.617 111.93    -1.1 0     0.0 0    -0.1 0     0.0 0   222.9 0   273.442 0   273.081 0   301.1 0   273.341 0   273.417 0     0.0 0     0.0 0     0.0 0   -78.2 0   -78.2 0     0.7 0    69.8 0     2.6 0   255.2 0   968.6 0
 2026  11  1 11 10 38 10.633 111.75    -1.0 0     0.0 0    -0.1 0     0.0 0   222.9 0   273.411 0   273.044 0   300.5 0   273.317 0   273.388 0     0.0 0     0.0 0     0.0 0   -77.6 0   -77.6 0     0.7 0    69.9 0     2.5 0   247.2 0   968.6 0
 2026  11  1 11 10 39 10.650 111.56    -0.8 0     0.0 0    -0.1 0     0.0 0   222.9 0   273.374 0   272.975 0   300.3 0   273.293 0   273.371 0     0.0 0     0.0 0     0.0 0   -77.4 0   -77.4 0     0.7 0    69.7 0     2.6 0   246.5 0   968.6 0
 2026  11  1 11 10 40 10.667 111.37    -0.8 0     0.0 0    -0.1 0     0.0 0   222.8 0   273.331 0   272.933 0   300.6 0   273.269 0   273.344 0     0.0 0     0.0 0     0.0 0   -77.9 0   -77.9 0     0.7 0    69.7 0     3.2 0   255.3 0   968.6 0
 2026  11  1 11 10 41 10.683 111.19    -0.9 0    -0.1 0    -0.1 0     0.1 0   222.9 0   273.291 0   272.937 0   301.8 0   273.249 0   273.334 0     0.0 0     0.0 0     0.0 0   -79.0 0   -79.0 0     0.7 0    69.3 0     3.3 0   261.8 0   968.6 0
 2026  11  1 11 10 42 10.700 111.00    -1.0 0     0.0 0    -0.3 0     0.1 0   223.2 0   273.264 0   272.977 0   302.5 0   273.232 0   273.320 0     0.0 0     0.0 0     0.0 0   -79.3 0   -79.3 0     0.7 0    69.3 0     3.4 0   260.4 0   968.5 0
 2026  11  1 11 10 43 10.717 110.82    -1.1 0    -0.1 0    -0.4 0     0.0 0   222.8 0   273.256 0   272.962 0   302.5 0   273.222 0   273.316 0     0.0 0     0.0 0     0.0 0   -79.7 0   -79.7 0     0.8 0    68.7 0     2.5 0   267.8 0   968.5 0
 2026  11  1 11 10 44 10.733 110.63    -1.3 0     0.0 0    -0.4 0     0.1 0   223.4 0   273.246 0   272.995 0   302.7 0   273.210 0   273.303 0     0.0 0     0.0 0     0.0 0   -79.3 0   -79.3 0     0.7 0    68.9 0     3.7 0   258.6 0   968.5 0
 2026  11  1 11 10 45 10.750 110.45    -1.6 0    -0.1 0    -0.6 0     0.1 0   223.5 0   273.252 0   273.034 0   303.7 0   273.204 0   273.307 0     0.0 0     0.0 0     0.0 0   -80.2 0   -80.2 0     0.8 0    68.7 0     4.7 0   263.1 0   968.6 0
 2026  11  1 11 10 46 10.767 110.26    -1.8 0    -0.1 0    -0.8 0     0.1 0   223.6 0   273.269 0   273.085 0   303.9 0   273.203 0   273.307 0     0.0 0     0.0 0     0.0 0   -80.3 0   -80.3 0     0.8 0    68.4 0     3.8 0   271.5 0   968.6 0
 2026  11  1 11 10 47 10.783 110.07    -2.0 0     0.0 0    -0.8 0     0.1 0   223.4 0   273.292 0   273.072 0   303.1 0   273.201 0   273.295 0     0.0 0     0.0 0     0.0 0   -79.8 0   -79.8 0     0.8 0    68.5 0     3.3 0   270.7 0   968.5 0
 2026  11  1 11 10 48 10.800 109.89    -1.9 0     0.1 0    -0.5 0     0.1 0   223.4 0   273.302 0   273.023 0   302.9 0   273.193 0   273.286 0     0.0 0     0.0 0     0.0 0   -79.5 0   -79.5 0     0.8 0    68.9 0     3.3 0   260.8 0   968.6 0
 2026  11  1 11 10 49 10.817 109.70    -1.8 0     0.1 0    -0.4 0     0.1 0   223.5 0   273.300 0   273.026 0   302.9 0   273.184 0   273.274 0     0.0 0     0.0 0     0.0 0   -79.4 0   -79.4 0     0.8 0    69.1 0     3.8 0   264.6 0   968.5 0
 2026  11  1 11 10 50 10.833 109.52    -1.7 0     0.1 0    -0.4 0     0.1 0   223.5 0   273.297 0   273.017 0   302.6 0   273.173 0   273.259 0     0.0 0     0.0 0     0.0 0   -79.1 0   -79.1 0     0.7 0    69.4 0     3.2 0   271.6 0   968.6 0
 2026  11  1 11 10 51 10.850 109.33    -1.7 0     0.1 0    -0.3 0     0.1 0   223.6 0   273.291 0   272.983 0   301.7 0   273.160 0   273.243 0     0.0 0     0.0 0     0.0 0   -78.1 0   -78.1 0     0.7 0    69.7 0     2.6 0   273.1 0   968.6 0
 2026  11  1 11 10 52 10.867 109.15    -1.6 0     0.1 0    -0.2 0     0.0 0   224.4 0   273.276 0   272.977 0   301.4 0   273.145 0   273.231 0     0.0 0     0.0 0     0.0 0   -77.0 0   -77.0 0     0.7 0    69.6 0     3.0 0   271.5 0   968.6 0
 2026  11  1 11 10 53 10.883 108.96    -1.5 0     0.1 0    -0.2 0     0.0 0   225.2 0   273.260 0   272.949 0   301.2 0   273.132 0   273.217 0     0.0 0     0.0 0     0.0 0   -76.1 0   -76.1 0     0.7 0    69.5 0     2.8 0   266.8 0   968.6 0
 2026  11  1 11 10 54 10.900 108.78    -1.5 0     0.0 0    -0.3 0     0.1 0   226.3 0   273.245 0   272.962 0   301.9 0   273.119 0   273.207 0     0.0 0     0.0 0     0.0 0   -75.6 0   -75.6 0     0.6 0    69.5 0     3.4 0   276.9 0   968.6 0
 2026  11  1 11 10 55 10.917 108.59    -1.5 0     0.1 0    -0.3 0     0.1 0   228.1 0   273.232 0   272.936 0   301.7 0   273.105 0   273.187 0     0.0 0     0.0 0     0.0 0   -73.7 0   -73.7 0     0.6 0    69.9 0     2.9 0   276.5 0   968.7 0
 2026  11  1 11 10 56 10.933 108.41    -1.6 0     0.0 0    -0.3 0     0.1 0   231.4 0   273.222 0   272.970 0   302.3 0   273.090 0   273.181 0     0.0 0     0.0 0     0.0 0   -70.9 0   -70.9 0     0.6 0    69.8 0     2.9 0   268.9 0   968.7 0
 2026  11  1 11 10 57 10.950 108.22    -1.6 0     0.0 0    -0.4 0     0.1 0   237.0 0   273.220 0   272.974 0   302.4 0   273.078 0   273.169 0     0.0 0     0.0 0     0.0 0   -65.4 0   -65.4 0     0.6 0    69.8 0     3.2 0   267.1 0   968.7 0
 2026  11  1 11 10 58 10.967 108.04    -1.6 0    -0.1 0    -0.5 0     0.1 0   248.7 0   273.222 0   273.042 0   303.6 0   273.070 0   273.173 0     0.0 0     0.0 0     0.0 0   -54.8 0   -54.8 0     0.6 0    69.5 0     3.8 0   265.9 0   968.7 0
 2026  11  1 11 10 59 10.983 107.86    -1.8 0    -0.1 0    -0.6 0     0.1 0   259.5 0   273.237 0   273.110 0   304.4 0   273.066 0   273.171 0     0.0 0     0.0 0     0.0 0   -44.9 0   -44.9 0     0.6 0    69.4 0     3.6 0   270.1 0   968.7 0
 2026  11  1 11 11  0 11.000 107.67    -1.9 0    -0.1 0    -0.8 0     0.0 0   268.2 0   273.264 0   273.187 0   304.8 0   273.063 0   273.167 0     0.0 0     0.0 0     0.0 0   -36.6 0   -36.6 0     0.6 0    69.5 0     2.7 0   265.9 0   968.7 0
 2026  11  1 11 11  1 11.017 107.49    -2.0 0    -0.1 0    -0.8 0     0.0 0   274.3 0   273.302 0   273.249 0   305.5 0   273.059 0   273.167 0     0.0 0     0.0 0     0.0 0   -31.3 0   -31.3 0     0.6 0    69.6 0     3.5 0   281.0 0   968.7 0
 2026  11  1 11 11  2 11.033 107.30    -1.9 0    -0.2 0    -0.7 0     0.0 0   276.8 0   273.339 0   273.272 0   306.5 0   273.060 0   273.180 0     0.0 0     0.0 0     0.0 0   -29.6 0   -29.6 0     0.7 0    69.5 0     4.4 0   274.2 0   968.7 0
 2026  11  1 11 11  3 11.050 107.12    -1.9 0    -0.4 0    -0.7 0     0.0 0   275.5 0   273.372 0   273.301 0   307.3 0   273.074 0   273.206 0     0.0 0     0.0 0     0.0 0   -31.8 0   -31.8 0     0.8 0    68.8 0     5.3 0   271.2 0   968.7 0
 2026  11  1 11 11  4 11.067 106.94    -1.9 0    -0.4 0    -0.7 0     0.0 0   272.7 0   273.406 0   273.372 0   307.5 0   273.098 0   273.232 0     0.0 0     0.0 0     0.0 0   -34.8 0   -34.8 0     0.9 0    68.5 0     4.2 0   270.9 0   968.7 0
 2026  11  1 11 11  5 11.083 106.75    -1.9 0    -0.2 0    -0.7 0     0.0 0   272.4 0   273.448 0   273.377 0   307.2 0   273.117 0   273.235 0     0.0 0     0.0 0     0.0 0   -34.8 0   -34.8 0     0.9 0    69.1 0     3.3 0   276.1 0   968.7 0
 2026  11  1 11 11  6 11.100 106.57    -1.8 0    -0.1 0    -0.4 0     0.0 0   271.9 0   273.479 0   273.378 0   307.0 0   273.125 0   273.238 0     0.0 0     0.0 0     0.0 0   -35.1 0   -35.1 0     0.8 0    69.5 0     3.5 0   269.0 0   968.7 0
 2026  11  1 11 11  7 11.117 106.39    -1.8 0    -0.1 0    -0.4 0     0.1 0   271.3 0   273.506 0   273.417 0   307.0 0   273.132 0   273.247 0     0.0 0     0.0 0     0.0 0   -35.7 0   -35.7 0     0.8 0    69.4 0     3.4 0   268.8 0   968.7 0
 2026  11  1 11 11  8 11.133 106.20    -1.7 0     0.0 0    -0.3 0     0.0 0   271.9 0   273.530 0   273.408 0   307.0 0   273.137 0   273.248 0     0.0 0     0.0 0     0.0 0   -35.1 0   -35.1 0     0.8 0    69.7 0     3.2 0   278.6 0   968.7 0
 2026  11  1 11 11  9 11.150 106.02    -1.6 0     0.0 0    -0.2 0     0.0 0   269.4 0   273.547 0   273.411 0   306.9 0   273.139 0   273.247 0     0.0 0     0.0 0     0.0 0   -37.5 0   -37.5 0     0.7 0    70.0 0     2.8 0   283.0 0   968.7 0
 2026  11  1 11 11 10 11.167 105.84    -1.7 0     0.0 0    -0.2 0     0.0 0   262.5 0   273.560 0   273.417 0   306.6 0   273.141 0   273.248 0     0.0 0     0.0 0     0.0 0   -44.0 0   -44.0 0     0.7 0    70.0 0     3.3 0   276.8 0   968.8 0
 2026  11  1 11 11 11 11.183 105.66    -1.6 0     0.0 0    -0.1 0     0.0 0   253.3 0   273.570 0   273.381 0   305.8 0   273.140 0   273.240 0     0.0 0     0.0 0     0.0 0   -52.5 0   -52.5 0     0.7 0    70.5 0     2.2 0   266.3 0   968.8 0
 2026  11  1 11 11 12 11.200 105.47    -1.5 0     0.1 0     0.0 0     0.0 0   242.4 0   273.569 0   273.326 0   304.6 0   273.133 0   273.229 0     0.0 0     0.0 0     0.0 0   -62.2 0   -62.2 0     0.6 0    70.7 0     2.0 0   260.8 0   968.7 0
 2026  11  1 11 11 13 11.217 105.29    -1.4 0     0.1 0     0.0 0     0.0 0   236.9 0   273.557 0   273.290 0   303.3 0   273.125 0   273.215 0     0.0 0     0.0 0     0.0 0   -66.4 0   -66.4 0     0.6 0    70.7 0     1.3 0   252.6 0   968.7 0
 2026  11  1 11 11 14 11.233 105.11    -1.3 0     0.1 0     0.1 0     0.0 0   234.4 0   273.539 0   273.256 0   302.1 0   273.113 0   273.198 0     0.0 0     0.0 0     0.0 0   -67.7 0   -67.7 0     0.6 0    70.8 0     1.2 0   237.6 0   968.7 0
 2026  11  1 11 11 15 11.250 104.93    -1.3 0     0.0 0     0.0 0     0.1 0   232.4 0   273.524 0   273.280 0   301.5 0   273.100 0   273.193 0     0.0 0     0.0 0     0.0 0   -69.1 0   -69.1 0     0.6 0    70.5 0     0.5 0   214.2 0   968.7 0
 2026  11  1 11 11 16 11.267 104.74    -1.4 0     0.0 0     0.0 0     0.1 0   230.8 0   273.520 0   273.276 0   300.7 0   273.088 0   273.181 0     0.0 0     0.0 0     0.0 0   -69.9 0   -69.9 0     0.5 0    70.4 0     0.6 0   191.6 0   968.7 0
 2026  11  1 11 11 17 11.283 104.56    -1.2 0     0.0 0     0.0 0     0.0 0   229.3 0   273.512 0   273.197 0   299.7 0   273.072 0   273.155 0     0.0 0     0.0 0     0.0 0   -70.3 0   -70.3 0     0.5 0    70.5 0     1.0 0   227.7 0   968.6 0
 2026  11  1 11 11 18 11.300 104.38    -1.1 0     0.0 0     0.0 0     0.0 0   231.1 0   273.484 0   273.146 0   299.2 0   273.051 0   273.126 0     0.0 0     0.0 0     0.0 0   -68.1 0   -68.1 0     0.5 0    70.4 0     1.6 0   266.8 0   968.7 0
 2026  11  1 11 11 19 11.317 104.20    -1.0 0     0.0 0     0.0 0     0.0 0   234.6 0   273.451 0   273.131 0   299.0 0   273.026 0   273.102 0     0.0 0     0.0 0     0.0 0   -64.4 0   -64.4 0     0.4 0    70.7 0     0.4 0   250.2 0   968.6 0
 2026  11  1 11 11 20 11.333 104.02    -0.9 0     0.0 0     0.0 0     0.0 0   233.1 0   273.419 0   273.089 0   298.3 0   273.002 0   273.075 0     0.0 0     0.0 0     0.0 0   -65.3 0   -65.3 0     0.4 0    71.2 0     0.7 0   223.0 0   968.7 0
 2026  11  1 11 11 21 11.350 103.84    -0.8 0    -0.1 0    -0.1 0     0.1 0   230.5 0   273.382 0   273.054 0   298.4 0   272.976 0   273.056 0     0.0 0     0.0 0     0.0 0   -67.9 0   -67.9 0     0.3 0    71.4 0     0.7 0   158.9 0   968.6 0
 2026  11  1 11 11 22 11.367 103.65    -0.9 0    -0.2 0     0.0 0     0.0 0   229.9 0   273.349 0   273.009 0   297.9 0   272.953 0   273.035 0     0.0 0     0.0 0     0.0 0   -68.0 0   -68.0 0     0.3 0    71.3 0     0.9 0   215.5 0   968.6 0
 2026  11  1 11 11 23 11.383 103.47    -0.9 0    -0.1 0    -0.1 0     0.1 0   231.4 0   273.317 0   273.000 0   297.9 0   272.928 0   273.005 0     0.0 0     0.0 0     0.0 0   -66.4 0   -66.4 0     0.3 0    71.6 0     1.7 0   207.7 0   968.7 0
 2026  11  1 11 11 24 11.400 103.29    -1.1 0    -0.2 0    -0.1 0     0.1 0   232.8 0   273.295 0   273.036 0   300.5 0   272.904 0   273.003 0     0.0 0     0.0 0     0.0 0   -67.7 0   -67.7 0     0.3 0    70.9 0     2.8 0   235.2 0   968.7 0
 2026  11  1 11 11 25 11.417 103.11    -1.2 0    -0.2 0    -0.2 0     0.1 0   230.6 0   273.284 0   272.983 0   301.7 0   272.890 0   272.989 0     0.0 0     0.0 0     0.0 0   -71.0 0   -71.0 0     0.4 0    70.5 0     3.9 0   255.2 0   968.7 0
 2026  11  1 11 11 26 11.433 102.93    -1.3 0    -0.2 0    -0.3 0     0.1 0   227.3 0   273.272 0   273.001 0   302.0 0   272.883 0   272.990 0     0.0 0     0.0 0     0.0 0   -74.7 0   -74.7 0     0.5 0    69.9 0     2.7 0   244.0 0   968.6 0
 2026  11  1 11 11 27 11.450 102.75    -1.2 0     0.0 0    -0.2 0     0.0 0   225.2 0   273.259 0   272.927 0   300.6 0   272.876 0   272.969 0     0.0 0     0.0 0     0.0 0   -75.4 0   -75.4 0     0.5 0    70.0 0     2.0 0   249.5 0   968.6 0
 2026  11  1 11 11 28 11.467 102.57    -1.2 0     0.0 0    -0.2 0     0.1 0   224.7 0   273.235 0   272.917 0   301.0 0   272.861 0   272.956 0     0.0 0     0.0 0     0.0 0   -76.3 0   -76.3 0     0.4 0    69.7 0     4.2 0   248.5 0   968.6 0
 2026  11  1 11 11 29 11.483 102.39    -1.3 0    -0.2 0    -0.4 0     0.1 0   224.8 0   273.221 0   272.960 0   302.8 0   272.859 0   272.977 0     0.0 0     0.0 0     0.0 0   -77.9 0   -77.9 0     0.5 0    68.5 0     5.2 0   247.8 0   968.6 0
 2026  11  1 11 11 30 11.500 102.21    -1.4 0    -0.3 0    -0.5 0     0.1 0   224.9 0   273.222 0   272.971 0   302.9 0   272.867 0   272.996 0     0.0 0     0.0 0     0.0 0   -78.0 0   -78.0 0     0.6 0    67.6 0     4.4 0   255.4 0   968.6 0
 2026  11  1 11 11 31 11.517 102.03    -1.5 0    -0.1 0    -0.4 0     0.1 0   224.7 0   273.222 0   272.920 0   302.2 0   272.878 0   272.987 0     0.0 0     0.0 0     0.0 0   -77.4 0   -77.4 0     0.6 0    68.1 0     3.4 0   253.1 0   968.6 0
 2026  11  1 11 11 32 11.533 101.85    -1.6 0     0.0 0    -0.3 0     0.1 0   225.5 0   273.211 0   272.904 0   302.1 0   272.877 0   272.979 0     0.0 0     0.0 0     0.0 0   -76.6 0   -76.6 0     0.6 0    68.6 0     3.9 0   251.8 0   968.5 0
 2026  11  1 11 11 33 11.550 101.67    -1.6 0     0.1 0    -0.3 0     0.1 0   226.4 0   273.198 0   272.892 0   301.9 0   272.871 0   272.970 0     0.0 0     0.0 0     0.0 0   -75.5 0   -75.5 0     0.5 0    68.7 0     3.9 0   245.5 0   968.5 0
 2026  11  1 11 11 34 11.567 101.49    -1.6 0     0.0 0    -0.3 0     0.1 0   225.6 0   273.190 0   272.928 0   302.0 0   272.868 0   272.971 0     0.0 0     0.0 0     0.0 0   -76.4 0   -76.4 0     0.5 0    67.9 0     3.7 0   248.7 0   968.5 0
 2026  11  1 11 11 35 11.583 101.31    -1.7 0     0.0 0    -0.5 0     0.1 0   224.9 0   273.194 0   272.977 0   301.7 0   272.867 0   272.969 0     0.0 0     0.0 0     0.0 0   -76.8 0   -76.8 0     0.5 0    67.5 0     3.8 0   252.9 0   968.5 0
 2026  11  1 11 11 36 11.600 101.13    -1.7 0     0.0 0    -0.4 0     0.1 0   224.1 0   273.204 0   272.913 0   302.8 0   272.864 0   272.973 0     0.0 0     0.0 0     0.0 0   -78.7 0   -78.7 0     0.5 0    67.5 0     5.2 0   257.1 0   968.6 0
 2026  11  1 11 11 37 11.617 100.96    -1.8 0    -0.2 0    -0.5 0     0.1 0   224.3 0   273.203 0   272.962 0   303.6 0   272.874 0   272.998 0     0.0 0     0.0 0     0.0 0   -79.3 0   -79.3 0     0.6 0    66.7 0     5.7 0   253.3 0   968.6 0
 2026  11  1 11 11 38 11.633 100.78    -1.8 0    -0.2 0    -0.5 0     0.1 0   223.9 0   273.211 0   272.946 0   303.4 0   272.893 0   273.014 0     0.0 0     0.0 0     0.0 0   -79.4 0   -79.4 0     0.6 0    66.6 0     4.8 0   241.5 0   968.6 0
 2026  11  1 11 11 39 11.650 100.60    -1.7 0     0.0 0    -0.3 0     0.1 0   223.7 0   273.206 0   272.846 0   302.2 0   272.902 0   273.005 0     0.0 0     0.0 0     0.0 0   -78.5 0   -78.5 0     0.6 0    67.8 0     3.5 0   221.6 0   968.6 0
 2026  11  1 11 11 40 11.667 100.42    -1.6 0     0.1 0    -0.2 0     0.1 0   224.0 0   273.181 0   272.845 0   300.9 0   272.899 0   272.992 0     0.0 0     0.0 0     0.0 0   -76.9 0   -76.9 0     0.6 0    68.6 0     2.7 0   204.4 0   968.6 0
 2026  11  1 11 11 41 11.683 100.24    -1.6 0     0.1 0    -0.1 0     0.1 0   224.1 0   273.163 0   272.873 0   300.5 0   272.890 0   272.983 0     0.0 0     0.0 0     0.0 0   -76.4 0   -76.4 0     0.5 0    69.0 0     2.1 0   203.1 0   968.6 0
 2026  11  1 11 11 42 11.700 100.06    -1.5 0     0.0 0    -0.1 0     0.0 0   224.1 0   273.160 0   272.893 0   300.7 0   272.882 0   272.980 0     0.0 0     0.0 0     0.0 0   -76.7 0   -76.7 0     0.5 0    68.8 0     2.5 0   216.0 0   968.7 0
 2026  11  1 11 11 43 11.717  99.89    -1.6 0     0.0 0    -0.2 0     0.1 0   224.3 0   273.161 0   272.928 0   301.3 0   272.877 0   272.983 0     0.0 0     0.0 0     0.0 0   -77.0 0   -77.0 0     0.5 0    67.9 0     3.4 0   254.5 0   968.6 0
 2026  11  1 11 11 44 11.733  99.71    -1.6 0     0.0 0    -0.4 0     0.1 0   224.3 0   273.169 0   272.910 0   302.1 0   272.873 0   272.975 0     0.0 0     0.0 0     0.0 0   -77.8 0   -77.8 0     0.5 0    67.6 0     4.2 0   242.9 0   968.6 0
 2026  11  1 11 11 45 11.750  99.53    -1.6 0     0.0 0    -0.3 0     0.1 0   224.1 0   273.168 0   272.837 0   301.6 0   272.868 0   272.967 0     0.0 0     0.0 0     0.0 0   -77.5 0   -77.5 0     0.5 0    67.2 0     3.7 0   253.2 0   968.6 0
 2026  11  1 11 11 46 11.767  99.35    -1.5 0     0.1 0    -0.2 0     0.1 0   224.1 0   273.147 0   272.786 0   301.0 0   272.859 0   272.951 0     0.0 0     0.0 0     0.0 0   -76.9 0   -76.9 0     0.4 0    67.4 0     4.0 0   242.4 0   968.6 0
 2026  11  1 11 11 47 11.783  99.18    -1.5 0     0.1 0    -0.1 0     0.1 0   223.8 0   273.117 0   272.745 0   301.0 0   272.847 0   272.937 0     0.0 0     0.0 0     0.0 0   -77.1 0   -77.1 0     0.4 0    67.6 0     3.8 0   248.2 0   968.6 0
 2026  11  1 11 11 48 11.800  99.00    -1.5 0     0.1 0    -0.1 0     0.1 0   223.4 0   273.088 0   272.734 0   300.6 0   272.833 0   272.917 0     0.0 0     0.0 0     0.0 0   -77.2 0   -77.2 0     0.3 0    67.9 0     3.7 0   251.2 0   968.6 0
 2026  11  1 11 11 49 11.817  98.82    -1.5 0     0.1 0    -0.1 0     0.1 0   223.3 0   273.061 0   272.725 0   300.8 0   272.817 0   272.903 0     0.0 0     0.0 0     0.0 0   -77.6 0   -77.6 0     0.3 0    67.8 0     4.0 0   241.2 0   968.6 0
 2026  11  1 11 11 50 11.833  98.65    -1.4 0     0.1 0    -0.2 0     0.1 0   223.0 0   273.040 0   272.705 0   300.5 0   272.800 0   272.886 0     0.0 0     0.0 0     0.0 0   -77.4 0   -77.4 0     0.2 0    68.2 0     3.5 0   241.7 0   968.6 0
 2026  11  1 11 11 51 11.850  98.47    -1.3 0     0.1 0    -0.1 0     0.1 0   223.1 0   273.019 0   272.669 0   300.1 0   272.784 0   272.873 0     0.0 0     0.0 0     0.0 0   -77.0 0   -77.0 0     0.2 0    68.0 0     3.6 0   240.3 0   968.5 0
 2026  11  1 11 11 52 11.867  98.29    -1.3 0     0.0 0    -0.1 0     0.1 0   223.1 0   272.992 0   272.643 0   300.3 0   272.771 0   272.862 0     0.0 0     0.0 0     0.0 0   -77.2 0   -77.2 0     0.3 0    67.7 0     3.9 0   241.1 0   968.5 0
 2026  11  1 11 11 53 11.883  98.12    -1.2 0    -0.1 0    -0.2 0     0.1 0   223.2 0   272.967 0   272.621 0   300.5 0   272.760 0   272.859 0     0.0 0     0.0 0     0.0 0   -77.3 0   -77.3 0     0.3 0    67.3 0     3.5 0   239.4 0   968.6 0
 2026  11  1 11 11 54 11.900  97.94    -1.2 0    -0.1 0    -0.2 0     0.1 0   223.1 0   272.943 0   272.617 0   299.6 0   272.751 0   272.841 0     0.0 0     0.0 0     0.0 0   -76.6 0   -76.6 0     0.3 0    67.2 0     3.3 0   244.6 0   968.5 0
 2026  11  1 11 11 55 11.917  97.77    -1.3 0    -0.1 0    -0.2 0     0.1 0   223.0 0   272.924 0   272.602 0   300.5 0   272.738 0   272.836 0     0.0 0     0.0 0     0.0 0   -77.5 0   -77.5 0     0.3 0    66.7 0     4.1 0   238.8 0   968.5 0
 2026  11  1 11 11 56 11.933  97.59    -1.3 0    -0.1 0    -0.3 0     0.1 0   223.0 0   272.909 0   272.616 0   300.4 0   272.734 0   272.835 0     0.0 0     0.0 0     0.0 0   -77.4 0   -77.4 0     0.3 0    66.3 0     3.5 0   242.0 0   968.5 0
 2026  11  1 11 11 57 11.950  97.42    -1.2 0     0.0 0    -0.3 0     0.1 0   222.8 0   272.895 0   272.545 0   299.7 0   272.722 0   272.809 0     0.0 0     0.0 0     0.0 0   -76.8 0   -76.8 0     0.2 0    67.1 0     2.8 0   232.9 0   968.5 0
 2026  11  1 11 11 58 11.967  97.24    -1.2 0     0.0 0    -0.2 0     0.1 0   223.0 0   272.868 0   272.518 0   299.3 0   272.707 0   272.799 0     0.0 0     0.0 0     0.0 0   -76.3 0   -76.3 0     0.2 0    67.1 0     2.7 0   239.4 0   968.5 0
 2026  11  1 11 11 59 11.983  97.07    -1.2 0     0.0 0    -0.2 0     0.0 0   223.1 0   272.842 0   272.509 0   298.8 0   272.695 0   272.786 0     0.0 0     0.0 0     0.0 0   -75.7 0   -75.7 0     0.2 0    66.5 0     2.5 0   241.3 0   968.4 0
 2026  11  1 11 12  0 12.000  96.89    -1.2 0     0.0 0    -0.2 0     0.1 0   223.4 0   272.819 0   272.499 0   298.3 0   272.682 0   272.770 0     0.0 0     0.0 0     0.0 0   -74.9 0   -74.9 0     0.2 0    66.4 0     3.0 0   233.2 0   968.4 0
 2026  11  1 11 12  1 12.017  96.72    -1.2 0     0.0 0    -0.2 0     0.1 0   223.0 0   272.801 0   272.466 0   297.9 0   272.669 0   272.754 0     0.0 0     0.0 0     0.0 0   -74.9 0   -74.9 0     0.2 0    66.6 0     2.5 0   224.9 0   968.3 0
 2026  11  1 11 12  2 12.033  96.54    -1.2 0    -0.1 0    -0.2 0     0.1 0   223.1 0   272.777 0   272.445 0   297.8 0   272.653 0   272.744 0     0.0 0     0.0 0     0.0 0   -74.8 0   -74.8 0     0.2 0    66.4 0     2.8 0   232.3 0   968.3 0
 2026  11  1 11 12  3 12.050  96.37    -1.2 0    -0.1 0    -0.2 0     0.1 0   222.9 0   272.757 0   272.422 0   297.1 0   272.639 0   272.726 0     0.0 0     0.0 0     0.0 0   -74.2 0   -74.2 0     0.2 0    66.3 0     2.5 0   237.4 0   968.3 0
 2026  11  1 11 12  4 12.067  96.19    -1.0 0     0.0 0    -0.1 0     0.1 0   222.7 0   272.732 0   272.368 0   296.2 0   272.620 0   272.696 0     0.0 0     0.0 0     0.0 0   -73.5 0   -73.5 0     0.1 0    66.9 0     2.4 0   229.6 0   968.2 0
 2026  11  1 11 12  5 12.083  96.02    -0.9 0     0.0 0    -0.1 0     0.1 0   223.1 0   272.700 0   272.331 0   296.4 0   272.596 0   272.673 0     0.0 0     0.0 0     0.0 0   -73.3 0   -73.3 0     0.1 0    67.5 0     2.4 0   231.0 0   968.2 0
 2026  11  1 11 12  6 12.100  95.85    -0.9 0    -0.1 0    -0.1 0     0.1 0   223.2 0   272.667 0   272.299 0   295.8 0   272.576 0   272.659 0     0.0 0     0.0 0     0.1 0   -72.7 0   -72.6 0     0.1 0    66.9 0     2.7 0   225.2 0   968.2 0
 2026  11  1 11 12  7 12.117  95.67    -1.0 0    -0.1 0    -0.1 0     0.1 0   223.4 0   272.634 0   272.303 0   295.6 0   272.558 0   272.640 0     0.0 0     0.0 0     0.1 0   -72.2 0   -72.1 0     0.1 0    67.0 0     2.3 0   223.6 0   968.1 0
 2026  11  1 11 12  8 12.133  95.50    -1.0 0    -0.1 0    -0.1 0     0.1 0   223.7 0   272.612 0   272.298 0   296.0 0   272.539 0   272.620 0     0.0 0     0.0 0     0.1 0   -72.2 0   -72.1 0     0.1 0    67.1 0     2.5 0   224.0 0   968.1 0
 2026  11  1 11 12  9 12.150  95.33    -1.1 0    -0.2 0    -0.2 0     0.1 0   224.2 0   272.597 0   272.331 0   296.6 0   272.522 0   272.615 0     0.0 0     0.0 0     0.1 0   -72.4 0   -72.3 0     0.1 0    66.7 0     2.9 0   232.9 0   968.1 0
 2026  11  1 11 12 10 12.167  95.15    -1.0 0    -0.3 0    -0.2 0     0.1 0   224.3 0   272.592 0   272.289 0   297.1 0   272.513 0   272.609 0     0.0 0     0.0 0     0.1 0   -72.8 0   -72.7 0     0.1 0    66.1 0     3.0 0   231.6 0   968.1 0
 2026  11  1 11 12 11 12.183  94.98    -0.9 0    -0.2 0    -0.2 0     0.1 0   224.5 0   272.576 0   272.234 0   296.7 0   272.501 0   272.590 0     0.0 0     0.0 0     0.1 0   -72.2 0   -72.0 0     0.1 0    66.5 0     2.6 0   219.5 0   968.1 0
 2026  11  1 11 12 12 12.200  94.81    -0.9 0    -0.2 0    -0.1 0     0.2 0   225.3 0   272.544 0   272.160 0   295.5 0   272.486 0   272.568 0     0.0 0     0.1 0     0.2 0   -70.2 0   -70.0 0     0.1 0    66.8 0     1.8 0   206.0 0   968.1 0
 2026  11  1 11 12 13 12.217  94.64    -0.8 0    -0.1 0    -0.1 0     0.2 0   227.9 0   272.504 0   272.172 0   294.6 0   272.467 0   272.544 0     0.0 0     0.1 0     0.2 0   -66.7 0   -66.5 0     0.0 0    67.2 0     1.7 0   203.9 0   968.2 0
 2026  11  1 11 12 14 12.233  94.47    -0.8 0     0.0 0    -0.1 0     0.2 0   235.8 0   272.478 0   272.180 0   294.3 0   272.447 0   272.520 0     0.0 0     0.1 0     0.2 0   -58.5 0   -58.3 0     0.0 0    67.8 0     1.7 0   204.4 0   968.2 0
 2026  11  1 11 12 15 12.250  94.29    -0.7 0    -0.1 0    -0.1 0     0.3 0   247.1 0   272.451 0   272.142 0   294.9 0   272.424 0   272.503 0     0.0 0     0.1 0     0.3 0   -47.7 0   -47.4 0    -0.1 0    68.1 0     2.1 0   192.1 0   968.2 0
 2026  11  1 11 12 16 12.267  94.12    -0.5 0    -0.1 0    -0.1 0     0.3 0   255.5 0   272.420 0   272.150 0   295.9 0   272.407 0   272.494 0     0.0 0     0.1 0     0.3 0   -40.4 0   -40.1 0     0.0 0    68.0 0     2.2 0   190.5 0   968.2 0
 2026  11  1 11 12 17 12.283  93.95    -0.4 0     0.0 0    -0.1 0     0.4 0   260.3 0   272.390 0   272.151 0   296.7 0   272.391 0   272.477 0     0.0 0     0.2 0     0.4 0   -36.4 0   -35.9 0    -0.1 0    68.1 0     2.6 0   205.9 0   968.2 0
 2026  11  1 11 12 18 12.300  93.78    -0.5 0    -0.1 0    -0.2 0     0.5 0   262.3 0   272.377 0   272.231 0   298.6 0   272.379 0   272.479 0     0.0 0     0.2 0     0.5 0   -36.2 0   -35.8 0     0.0 0    67.7 0     2.4 0   200.6 0   968.2 0
 2026  11  1 11 12 19 12.317  93.61    -0.5 0    -0.1 0    -0.2 0     0.6 0   263.9 0   272.384 0   272.256 0   298.9 0   272.373 0   272.472 0     0.0 0     0.2 0     0.6 0   -35.0 0   -34.5 0     0.0 0    67.5 0     1.9 0   195.6 0   968.2 0
 2026  11  1 11 12 20 12.333  93.44    -0.4 0     0.0 0    -0.2 0     0.6 0   266.6 0   272.394 0   272.256 0   298.9 0   272.365 0   272.462 0     0.0 0     0.3 0     0.6 0   -32.3 0   -31.6 0     0.0 0    67.6 0     1.9 0   207.5 0   968.3 0
 2026  11  1 11 12 21 12.350  93.27    -0.3 0     0.1 0    -0.1 0     0.8 0   270.0 0   272.400 0   272.270 0   299.4 0   272.359 0   272.462 0     0.0 0     0.3 0     0.7 0   -29.4 0   -28.7 0     0.0 0    67.3 0     1.7 0   207.2 0   968.3 0
 2026  11  1 11 12 22 12.367  93.10    -0.1 0     0.1 0    -0.1 0     0.9 0   272.8 0   272.406 0   272.282 0   299.6 0   272.356 0   272.460 0     0.0 0     0.4 0     0.8 0   -26.7 0   -25.9 0     0.1 0    67.0 0     1.9 0   209.4 0   968.3 0
 2026  11  1 11 12 23 12.383  92.93     0.0 0     0.1 0    -0.1 0     1.0 0   275.4 0   272.412 0   272.308 0   300.1 0   272.355 0   272.463 0     0.0 0     0.5 0     0.9 0   -24.7 0   -23.7 0     0.1 0    66.7 0     1.8 0   203.4 0   968.3 0
 2026  11  1 11 12 24 12.400  92.76     0.1 0     0.1 0     0.0 0     1.1 0   277.1 0   272.425 0   272.348 0   300.4 0   272.356 0   272.466 0     0.0 0     0.5 0     1.0 0   -23.3 0   -22.3 0     0.1 0    66.6 0     1.7 0   205.9 0   968.3 0
 2026  11  1 11 12 25 12.417  92.59     0.1 0     0.1 0    -0.1 0     1.2 0   278.0 0   272.444 0   272.381 0   300.7 0   272.357 0   272.465 0     0.0 0     0.6 0     1.1 0   -22.8 0   -21.7 0     0.2 0    66.7 0     1.9 0   211.5 0   968.4 0
 2026  11  1 11 12 26 12.433  92.42     0.1 0     0.2 0    -0.1 0     1.3 0   278.6 0   272.466 0   272.389 0   300.9 0   272.356 0   272.464 0     0.0 0     0.6 0     1.1 0   -22.3 0   -21.2 0     0.1 0    67.2 0     1.6 0   223.3 0   968.5 0
 2026  11  1 11 12 27 12.450  92.25     0.3 0     0.3 0     0.0 0     1.4 0   278.7 0   272.480 0   272.342 0   300.8 0   272.353 0   272.452 0     0.0 0     0.7 0     1.1 0   -22.0 0   -20.9 0     0.1 0    67.5 0     1.2 0   253.0 0   968.5 0
 2026  11  1 11 12 28 12.467  92.08     0.5 0     0.3 0     0.0 0     1.5 0   279.0 0   272.474 0   272.311 0   301.2 0   272.344 0   272.444 0     0.0 0     0.8 0     1.2 0   -22.2 0   -21.0 0     0.0 0    68.2 0     1.6 0   243.3 0   968.5 0
 2026  11  1 11 12 29 12.483  91.92     0.8 0     0.3 0     0.0 0     1.7 0   279.2 0   272.465 0   272.318 0   301.2 0   272.336 0   272.436 0     0.0 0     0.9 0     1.4 0   -22.0 0   -20.7 0     0.0 0    68.7 0     1.8 0   243.2 0   968.5 0
 2026  11  1 11 12 30 12.500  91.75     0.9 0     0.3 0     0.0 0     1.9 0   279.5 0   272.462 0   272.334 0   301.4 0   272.328 0   272.430 0     0.0 0     1.0 0     1.5 0   -21.9 0   -20.4 0    -0.1 0    69.1 0     1.9 0   232.3 0   968.5 0
 2026  11  1 11 12 31 12.517  91.58     1.0 0     0.3 0     0.0 0     2.1 0   280.0 0   272.465 0   272.371 0   301.7 0   272.323 0   272.430 0     0.0 0     1.1 0     1.8 0   -21.7 0   -19.9 0    -0.1 0    69.0 0     1.7 0   231.9 0   968.5 0
 2026  11  1 11 12 32 12.533  91.41     1.2 0     0.3 0     0.0 0     2.2 0   280.5 0   272.478 0   272.396 0   301.7 0   272.319 0   272.424 0     0.0 0     1.2 0     2.0 0   -21.2 0   -19.3 0    -0.1 0    69.3 0     1.6 0   245.1 0   968.5 0
 2026  11  1 11 12 33 12.550  91.24     1.3 0     0.3 0     0.0 0     2.4 0   280.8 0   272.493 0   272.395 0   301.6 0   272.313 0   272.415 0     0.0 0     1.3 0     2.1 0   -20.9 0   -18.8 0    -0.1 0    69.6 0     1.2 0   246.3 0   968.5 0
 2026  11  1 11 12 34 12.567  91.08     1.5 0     0.4 0     0.0 0     2.6 0   280.4 0   272.504 0   272.403 0   301.5 0   272.304 0   272.403 0     0.0 0     1.4 0     2.2 0   -21.1 0   -18.9 0    -0.2 0    70.1 0     1.0 0   243.6 0   968.5 0
 2026  11  1 11 12 35 12.583  90.91     1.8 0     0.4 0     0.0 0     2.8 0   278.7 0   272.512 0   272.390 0   301.4 0   272.292 0   272.389 0     0.0 0     1.6 0     2.4 0   -22.6 0   -20.2 0    -0.2 0    70.6 0     1.0 0   256.2 0   968.5 0
 2026  11  1 11 12 36 12.600  89.98     2.2 0     0.5 0     0.1 0     3.2 0   275.3 0   272.513 0   272.382 0   301.2 0   272.279 0   272.375 0     0.1 0     1.8 0     2.7 0   -25.9 0   -23.2 0    -0.3 0    70.7 0     1.1 0   257.8 0   968.5 0
 2026  11  1 11 12 37 12.617  89.87     2.6 0     0.5 0     0.1 0     3.5 0   269.1 0   272.512 0   272.374 0   300.7 0   272.265 0   272.359 0     0.1 0     2.0 0     3.0 0   -31.6 0   -28.6 0    -0.3 0    70.7 0     0.8 0   261.8 0   968.4 0
 2026  11  1 11 12 38 12.633  89.75     2.9 0     0.5 0     0.2 0     3.8 0   261.4 0   272.509 0   272.352 0   300.1 0   272.250 0   272.346 0     0.2 0     2.2 0     3.3 0   -38.7 0   -35.4 0    -0.4 0    70.7 0     0.7 0   254.1 0   968.4 0
 2026  11  1 11 12 39 12.650  89.63     3.2 0     0.5 0     0.1 0     4.2 0   254.3 0   272.506 0   272.358 0   299.5 0   272.237 0   272.333 0     0.2 0     2.4 0     3.7 0   -45.2 0   -41.5 0    -0.4 0    70.5 0     0.6 0   229.6 0   968.4 0
 2026  11  1 11 12 40 12.667  89.50     3.7 0     0.6 0     0.1 0     4.7 0   247.4 0   272.510 0   272.343 0   298.7 0   272.223 0   272.317 0     0.2 0     2.7 0     4.1 0   -51.2 0   -47.2 0    -0.4 0    70.4 0     0.7 0   217.5 0   968.3 0
 2026  11  1 11 12 41 12.683  89.37     4.4 0     0.7 0     0.0 0     5.3 0   240.5 0   272.515 0   272.338 0   297.8 0   272.207 0   272.299 0     0.3 0     3.0 0     4.6 0   -57.3 0   -52.7 0    -0.4 0    70.4 0     0.9 0   212.1 0   968.4 0
 2026  11  1 11 12 42 12.700  89.24     5.2 0     0.9 0     0.0 0     6.2 0   234.2 0   272.521 0   272.334 0   296.8 0   272.191 0   272.279 0     0.3 0     3.4 0     5.2 0   -62.6 0   -57.3 0    -0.4 0    70.6 0     0.7 0   209.4 0   968.3 0
 2026  11  1 11 12 43 12.717  89.10     6.4 0     1.2 0     0.0 0     7.3 0   231.2 0   272.527 0   272.319 0   295.9 0   272.172 0   272.258 0     0.3 0     4.0 0     6.1 0   -64.7 0   -58.6 0    -0.4 0    70.8 0     0.9 0   204.0 0   968.3 0
 2026  11  1 11 12 44 12.733  88.97     7.6 0     1.5 0     0.0 0     8.5 0   232.5 0   272.530 0   272.319 0   295.4 0   272.153 0   272.242 0     0.4 0     4.5 0     7.1 0   -62.9 0   -55.9 0    -0.4 0    70.9 0     1.0 0   194.6 0   968.3 0
 2026  11  1 11 12 45 12.750  88.83     9.4 0     1.9 0     0.0 0    10.3 0   237.8 0   272.533 0   272.333 0   295.3 0   272.135 0   272.227 0     0.4 0     5.3 0     8.4 0   -57.5 0   -49.1 0    -0.4 0    70.8 0     1.0 0   197.2 0   968.4 0
 2026  11  1 11 12 46 12.767  88.68    11.5 0     2.5 0     0.0 0    12.4 0   242.7 0   272.538 0   272.348 0   295.6 0   272.117 0   272.211 0     0.4 0     6.2 0     9.9 0   -53.0 0   -43.0 0    -0.4 0    70.8 0     1.1 0   194.6 0   968.4 0
 2026  11  1 11 12 47 12.783  88.54    13.4 0     2.9 0    -0.1 0    14.3 0   243.5 0   272.542 0   272.363 0   296.0 0   272.100 0   272.198 0     0.5 0     6.8 0    11.3 0   -52.5 0   -41.2 0    -0.3 0    70.7 0     1.3 0   196.7 0   968.3 0
 2026  11  1 11 12 48 12.800  88.40    15.0 0     3.3 0    -0.1 0    15.9 0   245.7 0   272.545 0   272.360 0   296.1 0   272.085 0   272.186 0     0.5 0     7.5 0    12.6 0   -50.4 0   -37.8 0    -0.3 0    70.3 0     1.5 0   199.8 0   968.3 0
 2026  11  1 11 12 49 12.817  88.25    16.7 0     3.6 0    -0.1 0    17.5 0   245.8 0   272.544 0   272.355 0   296.4 0   272.073 0   272.181 0     0.5 0     8.0 0    13.8 0   -50.6 0   -36.8 0    -0.3 0    70.1 0     1.6 0   185.1 0   968.3 0
 2026  11  1 11 12 50 12.833  88.10    17.9 0     3.8 0    -0.1 0    18.8 0   245.2 0   272.549 0   272.422 0   297.4 0   272.065 0   272.184 0     0.6 0     8.5 0    14.9 0   -52.1 0   -37.2 0    -0.2 0    69.5 0     2.1 0   192.4 0   968.2 0
 2026  11  1 11 12 51 12.850  87.96    19.4 0     4.2 0    -0.1 0    20.3 0   243.7 0   272.565 0   272.421 0   298.0 0   272.064 0   272.184 0     0.6 0     9.1 0    16.1 0   -54.2 0   -38.1 0    -0.2 0    69.3 0     1.9 0   188.4 0   968.2 0
 2026  11  1 11 12 52 12.867  87.81    20.0 0     4.3 0    -0.1 0    20.9 0   240.1 0   272.575 0   272.354 0   298.1 0   272.063 0   272.185 0     0.7 0     9.4 0    16.6 0   -58.0 0   -41.4 0    -0.1 0    69.2 0     2.2 0   176.6 0   968.1 0
 2026  11  1 11 12 53 12.883  87.66    19.4 0     4.2 0    -0.1 0    20.4 0   236.0 0   272.564 0   272.321 0   298.3 0   272.065 0   272.187 0     0.7 0     9.4 0    16.2 0   -62.3 0   -46.1 0    -0.1 0    69.1 0     2.3 0   175.4 0   968.1 0
 2026  11  1 11 12 54 12.900  87.51    19.1 0     4.2 0    -0.1 0    20.2 0   235.1 0   272.552 0   272.342 0   298.6 0   272.066 0   272.187 0     0.7 0     9.5 0    16.0 0   -63.5 0   -47.5 0    -0.1 0    69.3 0     2.4 0   186.0 0   968.1 0
 2026  11  1 11 12 55 12.917  87.36    19.7 0     4.3 0    -0.1 0    20.8 0   237.1 0   272.551 0   272.375 0   299.0 0   272.068 0   272.193 0     0.8 0     9.9 0    16.5 0   -61.9 0   -45.4 0    -0.1 0    69.2 0     2.3 0   191.2 0   968.1 0
 2026  11  1 11 12 56 12.933  87.21    20.8 0     4.5 0    -0.1 0    21.9 0   239.6 0   272.559 0   272.397 0   299.3 0   272.074 0   272.200 0     0.8 0    10.4 0    17.4 0   -59.7 0   -42.4 0     0.0 0    68.9 0     2.0 0   187.3 0   968.1 0
 2026  11  1 11 12 57 12.950  87.06    23.8 0     5.3 0    -0.1 0    24.6 0   243.9 0   272.569 0   272.421 0   299.4 0   272.079 0   272.204 0     0.9 0    11.3 0    19.3 0   -55.5 0   -36.2 0     0.0 0    68.9 0     2.0 0   189.4 0   968.0 0
 2026  11  1 11 12 58 12.967  86.90    26.3 0     5.9 0    -0.1 0    27.1 0   247.8 0   272.579 0   272.439 0   299.9 0   272.085 0   272.215 0     0.9 0    12.1 0    21.2 0   -52.1 0   -30.9 0     0.0 0    69.0 0     2.3 0   194.4 0   968.0 0
 2026  11  1 11 12 59 12.983  86.75    27.9 0     6.3 0    -0.1 0    28.7 0   252.6 0   272.589 0   272.454 0   300.5 0   272.093 0   272.223 0     0.9 0    12.6 0    22.3 0   -47.9 0   -25.6 0     0.0 0    69.1 0     2.3 0   203.8 0   968.1 0
 2026  11  1 11 13  0 13.000  86.60    30.4 0     6.9 0    -0.1 0    30.9 0   258.6 0   272.595 0   272.472 0   301.1 0   272.101 0   272.232 0     0.9 0    13.5 0    24.0 0   -42.5 0   -18.4 0     0.0 0    69.0 0     2.2 0   204.8 0   968.1 0
 2026  11  1 11 13  1 13.017  86.45    30.6 0     6.9 0    -0.1 0    31.5 0   261.8 0   272.601 0   272.509 0   301.6 0   272.112 0   272.248 0     1.0 0    13.8 0    24.6 0   -39.8 0   -15.2 0     0.0 0    68.7 0     2.2 0   208.2 0   968.1 0
 2026  11  1 11 13  2 13.033  86.30    27.7 0     6.1 0    -0.1 0    29.1 0   260.7 0   272.614 0   272.534 0   302.0 0   272.125 0   272.262 0     1.0 0    13.1 0    23.0 0   -41.3 0   -18.3 0     0.0 0    68.6 0     2.0 0   203.2 0   968.1 0
 2026  11  1 11 13  3 13.050  86.14    25.4 0     5.4 0    -0.1 0    26.8 0   258.3 0   272.631 0   272.555 0   302.1 0   272.136 0   272.268 0     1.1 0    12.7 0    21.4 0   -43.8 0   -22.4 0     0.0 0    68.9 0     2.1 0   203.1 0   968.1 0
 2026  11  1 11 13  4 13.067  85.99    24.5 0     5.1 0    -0.1 0    25.9 0   254.8 0   272.652 0   272.564 0   302.1 0   272.145 0   272.278 0     1.1 0    12.6 0    20.8 0   -47.3 0   -26.5 0     0.0 0    68.8 0     2.2 0   210.4 0   968.1 0
 2026  11  1 11 13  5 13.083  85.84    24.2 0     4.9 0    -0.1 0    25.6 0   248.9 0   272.671 0   272.575 0   302.2 0   272.157 0   272.292 0     1.2 0    12.6 0    20.7 0   -53.2 0   -32.6 0     0.0 0    68.7 0     2.4 0   212.8 0   968.1 0
 2026  11  1 11 13  6 13.100  85.69    24.9 0     5.1 0     0.0 0    26.3 0   241.6 0   272.691 0   272.589 0   301.9 0   272.170 0   272.304 0     1.3 0    12.9 0    21.2 0   -60.3 0   -39.1 0     0.0 0    68.9 0     2.6 0   214.9 0   968.1 0
 2026  11  1 11 13  7 13.117  85.53    27.3 0     5.7 0     0.0 0    28.5 0   235.7 0   272.713 0   272.596 0   301.6 0   272.182 0   272.316 0     1.4 0    13.9 0    22.8 0   -65.9 0   -43.2 0     0.0 0    68.9 0     2.2 0   213.4 0   968.1 0
 2026  11  1 11 13  8 13.133  85.38    30.9 0     6.6 0     0.0 0    32.0 0   232.3 0   272.731 0   272.589 0   301.4 0   272.193 0   272.328 0     1.5 0    15.4 0    25.5 0   -69.1 0   -43.6 0     0.0 0    68.7 0     2.3 0   208.5 0   968.0 0
 2026  11  1 11 13  9 13.150  85.23    32.1 0     6.8 0     0.0 0    33.5 0   230.1 0   272.749 0   272.634 0   301.2 0   272.204 0   272.337 0     1.6 0    16.1 0    26.7 0   -71.1 0   -44.4 0     0.1 0    68.7 0     2.4 0   210.5 0   968.0 0
 2026  11  1 11 13 10 13.167  85.08    30.5 0     6.3 0     0.1 0    32.4 0   227.5 0   272.773 0   272.638 0   300.8 0   272.213 0   272.342 0     1.6 0    16.0 0    26.1 0   -73.3 0   -47.2 0     0.1 0    68.9 0     2.1 0   208.3 0   968.0 0
 2026  11  1 11 13 11 13.183  84.92    27.8 0     5.6 0     0.1 0    30.0 0   225.4 0   272.795 0   272.638 0   300.6 0   272.218 0   272.344 0     1.7 0    15.5 0    24.4 0   -75.2 0   -50.7 0     0.0 0    69.0 0     2.1 0   219.6 0   968.0 0
 2026  11  1 11 13 12 13.200  84.77    25.7 0     4.9 0     0.1 0    27.9 0   224.3 0   272.811 0   272.623 0   300.2 0   272.223 0   272.345 0     1.8 0    15.2 0    23.0 0   -75.9 0   -52.8 0     0.0 0    69.1 0     2.3 0   226.2 0   968.1 0
 2026  11  1 11 13 13 13.217  84.62    25.8 0     4.7 0     0.2 0    27.7 0   224.0 0   272.816 0   272.594 0   299.9 0   272.225 0   272.344 0     1.9 0    15.5 0    23.0 0   -75.8 0   -52.8 0     0.0 0    69.4 0     2.0 0   230.8 0   968.1 0
 2026  11  1 11 13 14 13.233  84.47    26.8 0     4.9 0     0.3 0    28.6 0   223.7 0   272.817 0   272.587 0   299.2 0   272.223 0   272.337 0     1.9 0    16.2 0    23.7 0   -75.5 0   -51.8 0     0.0 0    69.8 0     1.8 0   224.9 0   968.1 0
 2026  11  1 11 13 15 13.250  84.32    27.8 0     4.9 0     0.4 0    29.5 0   223.6 0   272.814 0   272.581 0   299.0 0   272.219 0   272.333 0     2.0 0    17.1 0    24.6 0   -75.4 0   -50.8 0    -0.1 0    70.0 0     1.9 0   227.3 0   968.0 0
 2026  11  1 11 13 16 13.267  84.16    28.2 0     4.9 0     0.4 0    30.1 0   223.7 0   272.809 0   272.576 0   298.6 0   272.214 0   272.325 0     2.1 0    17.6 0    25.2 0   -74.9 0   -49.7 0    -0.1 0    70.2 0     2.0 0   232.1 0   968.0 0
 2026  11  1 11 13 17 13.283  84.01    28.7 0     4.9 0     0.4 0    30.4 0   223.7 0   272.799 0   272.514 0   298.3 0   272.206 0   272.316 0     2.2 0    17.8 0    25.5 0   -74.5 0   -49.0 0    -0.1 0    70.5 0     2.0 0   226.2 0   968.0 0
 2026  11  1 11 13 18 13.300  83.86    29.3 0     5.0 0     0.4 0    30.9 0   223.9 0   272.776 0   272.489 0   298.0 0   272.199 0   272.310 0     2.2 0    18.1 0    26.0 0   -74.1 0   -48.1 0    -0.1 0    70.6 0     2.2 0   223.3 0   968.0 0
 2026  11  1 11 13 19 13.317  83.71    30.0 0     5.1 0     0.7 0    31.5 0   224.3 0   272.750 0   272.484 0   298.3 0   272.191 0   272.304 0     2.3 0    18.4 0    26.5 0   -74.0 0   -47.5 0    -0.2 0    70.9 0     2.2 0   229.6 0   968.0 0
 2026  11  1 11 13 20 13.333  83.56    30.8 0     5.6 0     2.4 0    32.2 0   224.6 0   272.732 0   272.487 0   297.9 0   272.184 0   272.301 0     2.4 0    18.7 0    26.9 0   -73.3 0   -46.4 0    -0.2 0    70.9 0     2.0 0   231.1 0   968.0 0
 2026  11  1 11 13 21 13.350  83.41    34.4 0     8.0 0    36.1 0    33.1 0   224.8 0   272.706 0   272.365 0   297.5 0   272.175 0   272.302 0     2.5 0    19.8 0    29.3 0   -72.7 0   -43.5 0    -0.1 0    71.1 0     1.9 0   228.3 0   967.9 0
 2026  11  1 11 13 22 13.367  83.26    49.0 0    14.3 0   167.8 0    34.6 0   226.0 0   272.660 0   272.356 0   298.0 0   272.168 0   272.319 0     2.5 0    23.9 0    40.1 0   -72.0 0   -31.9 0     0.0 0    70.8 0     1.9 0   231.9 0   967.9 0
 2026  11  1 11 13 23 13.383  83.11    69.5 0    21.9 0   332.8 0    36.6 0   227.7 0   272.635 0   272.397 0   299.0 0   272.168 0   272.346 0     2.6 0    29.9 0    54.6 0   -71.3 0   -16.7 0     0.1 0    70.0 0     2.0 0   226.5 0   967.9 0
 2026  11  1 11 13 24 13.400  82.96    87.4 0    28.1 0   452.2 0    39.9 0   230.3 0   272.644 0   272.443 0   300.1 0   272.174 0   272.373 0     2.7 0    35.3 0    67.2 0   -69.8 0    -2.6 0     0.3 0    69.1 0     1.9 0   233.6 0   967.9 0
 2026  11  1 11 13 25 13.417  82.81    97.5 0    31.1 0   473.2 0    45.2 0   234.9 0   272.675 0   272.468 0   301.3 0   272.184 0   272.393 0     2.7 0    38.6 0    73.2 0   -66.4 0     6.9 0     0.5 0    68.6 0     1.7 0   231.4 0   967.9 0
 2026  11  1 11 13 26 13.433  82.66   107.4 0    33.7 0   478.5 0    53.1 0   241.3 0   272.707 0   272.502 0   302.5 0   272.198 0   272.419 0     2.8 0    42.2 0    80.5 0   -61.2 0    19.3 0     0.7 0    68.0 0     1.8 0   229.7 0   967.8 0
 2026  11  1 11 13 27 13.450  82.51   115.1 0    35.9 0   488.4 0    58.9 0   245.7 0   272.742 0   272.613 0   303.7 0   272.218 0   272.447 0     2.8 0    45.0 0    86.7 0   -58.0 0    28.7 0     0.8 0    67.5 0     1.9 0   225.7 0   967.8 0
 2026  11  1 11 13 28 13.467  82.36   117.5 0    36.9 0   497.6 0    59.8 0   245.9 0   272.799 0   272.715 0   304.7 0   272.242 0   272.479 0     2.9 0    45.9 0    89.1 0   -58.8 0    30.3 0     0.8 0    67.1 0     2.0 0   227.4 0   967.8 0
 2026  11  1 11 13 29 13.483  82.21   116.3 0    37.0 0   500.6 0    57.6 0   243.2 0   272.867 0   272.785 0   305.2 0   272.270 0   272.505 0     2.9 0    45.3 0    88.4 0   -62.0 0    26.4 0     0.9 0    67.0 0     1.9 0   229.7 0   967.8 0
 2026  11  1 11 13 30 13.500  82.07   117.5 0    37.6 0   504.1 0    57.0 0   241.9 0   272.939 0   272.859 0   305.6 0   272.297 0   272.530 0     3.0 0    45.6 0    89.0 0   -63.7 0    25.3 0     0.9 0    67.3 0     1.5 0   234.5 0   967.7 0
 2026  11  1 11 13 31 13.517  81.92   125.4 0    39.7 0   506.9 0    62.7 0   244.6 0   273.014 0   272.944 0   306.2 0   272.325 0   272.558 0     3.1 0    48.2 0    94.2 0   -61.5 0    32.7 0     1.0 0    67.4 0     1.7 0   240.0 0   967.8 0
 2026  11  1 11 13 32 13.533  81.77   131.1 0    41.3 0   501.9 0    67.9 0   248.5 0   273.091 0   273.039 0   306.9 0   272.355 0   272.593 0     3.1 0 -9999.9 1    98.4 0   -58.4 0    40.1 0     1.1 0    67.2 0     1.5 0   238.7 0   967.8 0
 2026  11  1 11 13 33 13.550  81.62   131.6 0    41.4 0   491.5 0    68.9 0   250.7 0   273.170 0   273.132 0   307.4 0   272.387 0   272.625 0     3.2 0 -9999.9 1    99.1 0   -56.7 0    42.4 0     1.2 0    67.3 0     1.2 0   237.1 0   967.8 0
 2026  11  1 11 13 34 13.567  81.48   134.2 0    42.6 0   502.4 0    68.9 0   251.5 0   273.251 0   273.228 0   308.0 0   272.421 0   272.662 0     3.2 0 -9999.9 1   100.8 0   -56.5 0    44.3 0     1.3 0    67.3 0     1.3 0   235.3 0   967.8 0
 2026  11  1 11 13 35 13.583  81.33   136.9 0    43.5 0   510.5 0    69.2 0   252.2 0   273.336 0   273.310 0   308.5 0   272.458 0   272.702 0     3.3 0 -9999.9 1   102.7 0   -56.3 0    46.3 0     1.4 0    67.3 0     1.1 0   237.2 0   967.8 0
 2026  11  1 11 13 36 13.600  81.18   134.3 0    42.7 0   484.0 0    69.3 0   254.1 0   273.419 0   273.396 0   308.9 0   272.497 0   272.740 0     3.3 0 -9999.9 1   100.8 0   -54.8 0    46.0 0     1.5 0    66.8 0     1.3 0   235.2 0   967.8 0
 2026  11  1 11 13 37 13.617  81.04   122.1 0    37.6 0   392.6 0    68.8 0   255.4 0   273.498 0   273.460 0   309.1 0   272.537 0   272.773 0     3.4 0 -9999.9 1    92.4 0   -53.7 0    38.7 0     1.6 0    67.0 0     1.1 0   234.7 0   967.8 0
 2026  11  1 11 13 38 13.633  80.89    79.4 0    20.1 0    83.4 0    69.7 0   255.1 0   273.562 0   273.510 0   308.4 0   272.572 0   272.772 0     3.5 0    33.0 0    62.8 0   -53.3 0     9.5 0     1.6 0    67.1 0     1.0 0   232.9 0   967.8 0
 2026  11  1 11 13 39 13.650  80.75    70.2 0    16.2 0    11.8 0    70.5 0   253.4 0   273.598 0   273.521 0   307.9 0   272.597 0   272.771 0     3.5 0    30.5 0    56.3 0   -54.5 0     1.7 0     1.4 0    67.7 0     1.3 0   230.9 0   967.8 0
 2026  11  1 11 13 40 13.667  80.60    70.5 0    16.1 0     9.3 0    70.5 0   252.7 0   273.613 0   273.516 0   307.8 0   272.620 0   272.786 0     3.6 0    30.5 0    55.9 0   -55.1 0     0.8 0     1.1 0    68.8 0     1.7 0   238.2 0   967.8 0
 2026  11  1 11 13 41 13.683  80.46    77.7 0    17.6 0    10.6 0    76.1 0   255.7 0   273.619 0   273.523 0   308.0 0   272.643 0   272.809 0     3.7 0    33.2 0    60.2 0   -52.3 0     7.8 0     0.9 0    69.7 0     2.2 0   232.2 0   967.8 0
 2026  11  1 11 13 42 13.700  80.31    89.5 0    20.2 0     8.2 0    87.3 0   262.0 0   273.623 0   273.552 0   308.5 0   272.666 0   272.836 0     3.8 0    37.4 0    68.4 0   -46.5 0    21.9 0     0.7 0    70.8 0     2.7 0   230.3 0   967.7 0
 2026  11  1 11 13 43 13.717  80.17    94.3 0    21.2 0     3.7 0    93.2 0   266.1 0   273.629 0   273.584 0   309.1 0   272.691 0   272.867 0     3.9 0    39.3 0    72.6 0   -43.0 0    29.6 0     0.5 0    70.9 0     2.8 0   229.3 0   967.7 0
 2026  11  1 11 13 44 13.733  80.03    93.3 0    21.0 0     2.1 0    93.0 0   267.6 0   273.636 0   273.605 0   309.4 0   272.717 0   272.893 0     3.9 0    39.1 0    72.4 0   -41.8 0    30.6 0     0.5 0    71.8 0     2.5 0   229.2 0   967.7 0
 2026  11  1 11 13 45 13.750  79.88    86.5 0    19.4 0     1.6 0    87.0 0   267.7 0   273.647 0   273.623 0   309.7 0   272.740 0   272.915 0     4.0 0    36.7 0    68.0 0   -41.9 0    26.0 0     0.4 0    72.2 0     2.5 0   229.0 0   967.7 0
 2026  11  1 11 13 46 13.767  79.74    80.2 0    17.8 0     1.2 0    80.9 0   265.6 0   273.659 0   273.626 0   309.7 0   272.763 0   272.935 0     4.2 0    34.4 0    63.3 0   -44.1 0    19.2 0     0.4 0    72.3 0     2.9 0   232.2 0   967.7 0
 2026  11  1 11 13 47 13.783  79.60    76.5 0    16.9 0     0.9 0    77.2 0   261.5 0   273.673 0   273.629 0   309.6 0   272.785 0   272.955 0     4.3 0    33.2 0    60.5 0   -48.1 0    12.4 0     0.4 0    72.5 0     2.9 0   239.1 0   967.7 0
 2026  11  1 11 13 48 13.800  79.45    74.8 0    16.5 0     1.2 0    75.3 0   255.9 0   273.688 0   273.619 0   309.5 0   272.807 0   272.974 0     4.5 0    32.7 0    59.1 0   -53.5 0     5.5 0     0.4 0    72.2 0     3.3 0   236.2 0   967.7 0
 2026  11  1 11 13 49 13.817  79.31    75.3 0    16.6 0     1.7 0    75.3 0   250.7 0   273.699 0   273.611 0   309.2 0   272.827 0   272.991 0     4.6 0    33.1 0    59.0 0   -58.6 0     0.5 0     0.5 0    72.6 0     3.2 0   235.4 0   967.7 0
 2026  11  1 11 13 50 13.833  79.17    77.0 0    17.1 0     2.8 0    76.7 0   246.3 0   273.707 0   273.608 0   309.1 0   272.846 0   273.012 0     4.8 0    33.9 0    60.1 0   -62.8 0    -2.7 0     0.5 0    72.0 0     3.2 0   234.0 0   967.7 0
 2026  11  1 11 13 51 13.850  79.03    81.9 0    18.5 0     5.8 0    80.5 0   243.7 0   273.715 0   273.615 0   309.0 0   272.865 0   273.030 0     5.0 0    36.2 0    63.2 0   -65.3 0    -2.1 0     0.5 0    72.4 0     3.1 0   230.5 0   967.7 0
 2026  11  1 11 13 52 13.867  78.89   108.4 0    27.7 0   114.6 0    87.7 0   242.9 0   273.723 0   273.633 0   309.3 0   272.881 0   273.055 0     5.2 0    45.8 0    82.1 0   -66.4 0    15.7 0     0.5 0    72.6 0     3.6 0   233.5 0   967.7 0
 2026  11  1 11 13 53 13.883  78.75   106.2 0    25.9 0    61.3 0    95.1 0   243.0 0   273.744 0   273.674 0   309.9 0   272.904 0   273.098 0     5.4 0    45.9 0    81.2 0   -66.9 0    14.3 0     0.6 0    71.8 0     4.1 0   242.1 0   967.8 0
 2026  11  1 11 13 54 13.900  78.61   164.3 0    46.1 0   346.3 0   100.1 0   242.9 0   273.778 0   273.742 0   311.0 0   272.935 0   273.165 0     5.6 0    63.1 0   122.5 0   -68.1 0    54.4 0     0.7 0    71.7 0     3.5 0   237.9 0   967.7 0
 2026  11  1 11 13 55 13.917  78.47   132.6 0    34.9 0   183.2 0    99.9 0   242.0 0   273.832 0   273.803 0   311.0 0   272.969 0   273.190 0     5.8 0    54.5 0   101.6 0   -69.0 0    32.6 0     0.8 0    71.5 0     3.9 0   242.0 0   967.8 0
 2026  11  1 11 13 56 13.933  78.33   107.0 0    26.6 0    62.8 0    98.0 0   240.8 0   273.883 0   273.845 0   310.8 0   273.003 0   273.212 0     5.9 0    46.6 0    84.1 0   -70.0 0    14.1 0     0.9 0    71.2 0     3.7 0   239.3 0   967.8 0
 2026  11  1 11 13 57 13.950  78.19   100.5 0    23.9 0    31.6 0    96.4 0   240.1 0   273.922 0   273.854 0   310.5 0   273.031 0   273.223 0     6.0 0    44.6 0    79.0 0   -70.5 0     8.5 0     0.9 0    71.1 0     3.8 0   242.5 0   967.8 0
 2026  11  1 11 13 58 13.967  78.05   116.7 0    29.6 0   110.9 0    97.1 0   239.9 0   273.950 0   273.876 0   310.7 0   273.056 0   273.251 0     6.1 0    50.8 0    90.5 0   -70.8 0    19.7 0     0.9 0    70.9 0     4.2 0   245.7 0   967.9 0
 2026  11  1 11 13 59 13.983  77.92   112.4 0    28.0 0    86.8 0    96.9 0   240.2 0   273.979 0   273.905 0   310.9 0   273.085 0   273.285 0     6.2 0    48.7 0    87.1 0   -70.6 0    16.4 0     0.9 0    70.7 0     4.2 0   245.7 0   967.9 0
 2026  11  1 11 14  0 14.000  77.78   118.6 0    29.5 0    86.1 0   102.4 0   240.9 0   274.010 0   273.940 0   311.0 0   273.112 0   273.311 0     6.3 0    51.3 0    91.2 0   -70.1 0    21.1 0     0.9 0    70.6 0     4.2 0   239.2 0   967.9 0
 2026  11  1 11 14  1 14.017  77.64   128.1 0    31.8 0    94.9 0   110.2 0   241.6 0   274.039 0   273.981 0   311.2 0   273.139 0   273.337 0     6.5 0    55.9 0    98.7 0   -69.6 0    29.1 0     0.9 0    70.8 0     4.3 0   241.0 0   967.9 0
 2026  11  1 11 14  2 14.033  77.50   176.3 0    48.5 0   313.6 0   114.1 0   242.2 0   274.072 0   274.033 0   312.1 0   273.167 0   273.394 0     6.7 0    70.9 0   133.5 0   -69.9 0    63.5 0     0.9 0    70.8 0     4.0 0   237.0 0   967.9 0
 2026  11  1 11 14  3 14.050  77.37   195.2 0    55.4 0   395.0 0   115.7 0   243.0 0   274.126 0   274.106 0   312.9 0   273.205 0   273.460 0     6.8 0    76.4 0   146.7 0   -69.9 0    76.7 0     1.0 0    70.9 0     4.0 0   237.7 0   967.9 0
 2026  11  1 11 14  4 14.067  77.23   192.4 0    54.9 0   399.2 0   112.0 0   244.9 0   274.198 0   274.185 0   313.5 0   273.248 0   273.515 0     6.9 0    74.1 0   145.3 0   -68.6 0    76.7 0     1.2 0    70.6 0     4.1 0   242.3 0   967.9 0
 2026  11  1 11 14  5 14.083  77.10   138.3 0    36.6 0   189.2 0   102.6 0   246.9 0   274.270 0   274.228 0   312.9 0   273.289 0   273.530 0     6.9 0    57.2 0   108.3 0   -66.0 0    42.2 0     1.3 0    69.5 0     3.8 0   240.9 0   967.9 0
 2026  11  1 11 14  6 14.100  76.96    98.7 0    22.5 0    31.5 0    95.2 0   248.2 0   274.319 0   274.229 0   312.2 0   273.318 0   273.516 0     6.9 0    44.5 0    79.8 0   -64.0 0    15.8 0     1.2 0    69.8 0     3.8 0   235.3 0   967.8 0
 2026  11  1 11 14  7 14.117  76.83    95.1 0    21.2 0    16.1 0    93.6 0   248.7 0   274.339 0   274.217 0   311.8 0   273.338 0   273.515 0     7.0 0    43.3 0    76.0 0   -63.1 0    12.9 0     1.1 0    70.6 0     3.7 0   235.8 0   967.8 0
 2026  11  1 11 14  8 14.133  76.69   106.9 0    25.4 0    59.4 0    95.4 0   248.5 0   274.344 0   274.219 0   311.9 0   273.353 0   273.529 0     7.2 0    47.3 0    83.6 0   -63.4 0    20.2 0     1.0 0    69.9 0     4.0 0   238.8 0   967.9 0
 2026  11  1 11 14  9 14.150  76.56   117.2 0    28.9 0   108.9 0    94.9 0   248.0 0   274.350 0   274.228 0   312.1 0   273.371 0   273.555 0     7.3 0    50.4 0    91.3 0   -64.1 0    27.2 0     1.0 0    70.3 0     3.7 0   232.4 0   967.9 0
 2026  11  1 11 14 10 14.167  76.43   105.0 0    24.8 0    61.5 0    93.1 0   247.9 0   274.359 0   274.229 0   312.0 0   273.387 0   273.564 0     7.4 0    46.4 0    82.7 0   -64.1 0    18.7 0     1.0 0    71.3 0     3.7 0   234.0 0   967.9 0
 2026  11  1 11 14 11 14.183  76.29   105.9 0    24.7 0    49.3 0    96.0 0   247.8 0   274.365 0   274.233 0   311.9 0   273.400 0   273.573 0     7.5 0    46.8 0    82.9 0   -64.1 0    18.8 0     0.9 0    70.9 0     3.7 0   232.7 0   967.9 0
 2026  11  1 11 14 12 14.200  76.16   104.6 0    23.8 0    19.7 0   100.9 0   246.7 0   274.367 0   274.241 0   311.8 0   273.411 0   273.581 0     7.8 0    46.8 0    81.9 0   -65.1 0    16.7 0     0.9 0    71.4 0     3.5 0   227.8 0   967.9 0
 2026  11  1 11 14 13 14.217  76.03   114.9 0    26.4 0    27.9 0   108.4 0   245.2 0   274.367 0   274.252 0   311.9 0   273.421 0   273.591 0     8.0 0    50.8 0    88.7 0   -66.7 0    22.0 0     0.9 0    71.8 0     3.2 0   225.5 0   967.9 0
 2026  11  1 11 14 14 14.233  75.90   119.9 0    27.8 0    26.8 0   114.0 0   243.1 0   274.368 0   274.260 0   312.0 0   273.431 0   273.606 0     8.2 0    52.3 0    92.7 0   -68.9 0    23.8 0     0.9 0    71.2 0     3.8 0   232.6 0   967.9 0
 2026  11  1 11 14 15 14.250  75.77   139.4 0    34.3 0    98.9 0   116.5 0   241.3 0   274.373 0   274.276 0   312.3 0   273.443 0   273.629 0     8.4 0    59.5 0   106.5 0   -71.0 0    35.6 0     0.9 0    71.2 0     4.0 0   234.3 0   967.9 0
 2026  11  1 11 14 16 14.267  75.64   147.8 0    37.1 0   127.8 0   118.7 0   240.5 0   274.386 0   274.297 0   312.6 0   273.458 0   273.654 0     8.6 0    62.6 0   113.3 0   -72.0 0    41.3 0     0.9 0    70.8 0     4.0 0   236.7 0   967.9 0
 2026  11  1 11 14 17 14.283  75.51   136.5 0    33.7 0   109.8 0   112.7 0   239.9 0   274.406 0   274.319 0   312.7 0   273.474 0   273.674 0     8.7 0    58.2 0   106.5 0   -72.8 0    33.7 0     1.0 0    71.8 0     3.2 0   237.4 0   967.9 0
 2026  11  1 11 14 18 14.300  75.38    99.6 0    21.7 0    14.1 0    99.4 0   239.1 0   274.423 0   274.297 0   312.1 0   273.487 0   273.663 0     8.7 0    46.3 0    81.2 0   -73.0 0     8.2 0     1.0 0    71.4 0     3.2 0   229.0 0   967.9 0
 2026  11  1 11 14 19 14.317  75.25    91.8 0    19.8 0    16.7 0    89.9 0   237.9 0   274.426 0   274.269 0   311.6 0   273.493 0   273.654 0     8.9 0    44.4 0    74.4 0   -73.6 0     0.8 0     1.0 0    71.6 0     3.1 0   229.1 0   967.9 0
 2026  11  1 11 14 20 14.333  75.12   137.6 0    35.0 0   196.2 0    90.9 0   237.2 0   274.423 0   274.268 0   312.2 0   273.500 0   273.682 0     9.2 0    60.3 0   106.3 0   -75.0 0    31.3 0     1.0 0    71.0 0     3.5 0   230.4 0   967.9 0
 2026  11  1 11 14 21 14.350  74.99   131.4 0    32.7 0   166.6 0    92.6 0   236.6 0   274.435 0   274.290 0   312.5 0   273.513 0   273.706 0     9.3 0    57.5 0   103.0 0   -75.9 0    27.2 0     1.0 0    70.6 0     3.7 0   237.7 0   967.9 0
 2026  11  1 11 14 22 14.367  74.86    81.5 0    16.5 0     7.9 0    82.8 0   236.2 0   274.448 0   274.281 0   311.5 0   273.523 0   273.685 0     9.4 0    41.1 0    68.4 0   -75.3 0    -6.9 0     1.1 0    70.8 0     3.0 0   231.6 0   967.9 0
 2026  11  1 11 14 23 14.383  74.74    84.9 0    17.3 0     7.1 0    84.1 0   236.1 0   274.445 0   274.252 0   311.1 0   273.524 0   273.674 0     9.5 0    42.5 0    68.6 0   -74.9 0    -6.3 0     1.0 0    71.3 0     2.5 0   238.8 0   967.9 0
 2026  11  1 11 14 24 14.400  74.61   124.4 0    31.2 0   142.2 0    90.6 0   236.6 0   274.433 0   274.255 0   311.8 0   273.527 0   273.699 0     9.7 0    54.6 0    97.2 0   -75.2 0    22.0 0     1.0 0    71.3 0     3.4 0   235.4 0   967.9 0
 2026  11  1 11 14 25 14.417  74.48    92.3 0    19.4 0    10.8 0    90.5 0   238.3 0   274.429 0   274.252 0   311.5 0   273.533 0   273.694 0     9.8 0    44.9 0    74.0 0   -73.2 0     0.8 0     1.0 0    70.3 0     4.1 0   241.5 0   967.9 0
 2026  11  1 11 14 26 14.433  74.36   113.5 0    24.8 0    31.4 0   103.8 0   244.6 0   274.421 0   274.267 0   311.8 0   273.537 0   273.701 0     9.8 0    52.6 0    87.5 0   -67.2 0    20.3 0     1.0 0    70.3 0     3.8 0   248.1 0   967.9 0
 2026  11  1 11 14 27 14.450  74.23   142.3 0    32.1 0    31.4 0   131.2 0   256.8 0   274.417 0   274.345 0   312.9 0   273.544 0   273.726 0     9.7 0    62.0 0   107.7 0   -56.1 0    51.6 0     1.0 0    69.9 0     3.8 0   246.2 0   967.8 0
 2026  11  1 11 14 28 14.467  74.11   150.6 0    34.1 0    22.8 0   144.0 0   267.0 0   274.425 0   274.433 0   313.7 0   273.559 0   273.755 0     9.3 0    64.1 0   116.1 0   -46.8 0    69.4 0     1.0 0    69.3 0     4.4 0   250.7 0   967.8 0
 2026  11  1 11 14 29 14.483  73.98   120.5 0    26.4 0    18.3 0   117.7 0   269.9 0   274.438 0   274.446 0   313.7 0   273.578 0   273.769 0     8.7 0    52.0 0    96.4 0   -43.7 0    52.6 0     1.1 0    67.5 0     5.0 0   246.1 0   967.8 0
 2026  11  1 11 14 30 14.500  73.86   110.3 0    23.4 0     4.2 0   109.0 0   275.7 0   274.450 0   274.443 0   313.7 0   273.596 0   273.776 0     8.5 0    47.9 0    86.7 0   -38.1 0    48.6 0     1.1 0    68.6 0     4.2 0   245.4 0   967.8 0
 2026  11  1 11 14 31 14.517  73.74   113.5 0    24.0 0     0.5 0   112.3 0   284.3 0   274.459 0   274.471 0   314.0 0   273.612 0   273.790 0     8.2 0    48.8 0    88.4 0   -29.7 0    58.7 0     1.1 0    67.8 0     4.8 0   244.7 0   967.8 0
 2026  11  1 11 14 32 14.533  73.61   110.0 0    23.1 0     0.3 0   109.4 0   290.0 0   274.468 0   274.502 0   314.3 0   273.629 0   273.806 0     7.8 0    47.3 0    86.4 0   -24.2 0    62.2 0     1.1 0    68.8 0     3.7 0   240.2 0   967.8 0
 2026  11  1 11 14 33 14.550  73.49   100.5 0    21.0 0     0.3 0   100.3 0   289.2 0   274.478 0   274.508 0   314.4 0   273.646 0   273.821 0     7.8 0    43.5 0    79.3 0   -25.2 0    54.1 0     1.1 0    69.2 0     4.1 0   251.2 0   967.8 0
 2026  11  1 11 14 34 14.567  73.37    99.8 0    20.8 0     0.3 0    98.6 0   288.5 0   274.487 0   274.513 0   314.4 0   273.665 0   273.841 0     7.9 0    43.1 0    77.8 0   -25.9 0    52.0 0     1.1 0    67.6 0     5.1 0   243.9 0   967.8 0
 2026  11  1 11 14 35 14.583  73.25    99.4 0    20.8 0     0.3 0    98.7 0   292.8 0   274.499 0   274.535 0   314.5 0   273.686 0   273.862 0     7.3 0    42.8 0    77.9 0   -21.7 0    56.3 0     1.1 0    67.3 0     4.9 0   239.7 0   967.9 0
 2026  11  1 11 14 36 14.600  73.13    94.3 0    19.9 0     0.3 0    93.7 0   296.3 0   274.510 0   274.545 0   314.6 0   273.707 0   273.881 0     6.6 0    40.6 0    73.9 0   -18.3 0    55.6 0     1.2 0    67.1 0     5.0 0   246.3 0   967.9 0
 2026  11  1 11 14 37 14.617  73.01    88.9 0    18.8 0     0.3 0    88.5 0   297.5 0   274.523 0   274.551 0   314.6 0   273.727 0   273.895 0     6.1 0    38.4 0    69.8 0   -17.1 0    52.7 0     1.2 0    68.3 0     3.7 0   243.0 0   967.9 0
 2026  11  1 11 14 38 14.633  72.89    85.9 0    18.2 0     0.3 0    85.1 0   297.7 0   274.534 0   274.563 0   314.7 0   273.744 0   273.910 0     6.0 0    37.3 0    67.0 0   -16.9 0    50.0 0     1.2 0    67.8 0     3.9 0   234.9 0   967.9 0
 2026  11  1 11 14 39 14.650  72.77    84.3 0    17.8 0     0.3 0    83.6 0   297.6 0   274.546 0   274.573 0   314.7 0   273.760 0   273.926 0     5.9 0    36.7 0    65.9 0   -17.1 0    48.8 0     1.2 0    67.1 0     4.0 0   235.9 0   967.8 0
 2026  11  1 11 14 40 14.667  72.65    80.2 0    16.9 0     0.3 0    79.6 0   298.2 0   274.556 0   274.576 0   314.7 0   273.777 0   273.940 0     5.7 0    35.0 0    62.8 0   -16.5 0    46.3 0     1.2 0    67.7 0     4.6 0   239.1 0   967.9 0
 2026  11  1 11 14 41 14.683  72.53    75.2 0    15.9 0     0.3 0    74.9 0   298.9 0   274.566 0   274.577 0   314.7 0   273.793 0   273.955 0     5.4 0    32.9 0    59.1 0   -15.8 0    43.4 0     1.2 0    66.9 0     4.5 0   241.2 0   967.9 0
 2026  11  1 11 14 42 14.700  72.42    67.3 0    14.4 0     0.4 0    67.5 0   299.4 0   274.574 0   274.566 0   314.6 0   273.808 0   273.964 0     4.8 0    29.7 0    53.2 0   -15.2 0    38.0 0     1.2 0    67.6 0     3.7 0   250.0 0   967.9 0
 2026  11  1 11 14 43 14.717  72.30    63.1 0    13.4 0     0.6 0    63.1 0   299.8 0   274.581 0   274.564 0   314.6 0   273.821 0   273.972 0     4.4 0    28.1 0    49.9 0   -14.8 0    35.1 0     1.2 0    68.0 0     3.6 0   241.7 0   967.9 0
 2026  11  1 11 14 44 14.733  72.18    54.6 0    11.6 0     0.4 0    55.3 0   300.0 0   274.585 0   274.555 0   314.5 0   273.832 0   273.981 0     3.9 0    24.6 0    43.8 0   -14.5 0    29.3 0     1.2 0    66.8 0     3.8 0   250.4 0   967.9 0
 2026  11  1 11 14 45 14.750  72.07    49.8 0    10.6 0     0.3 0    50.0 0   300.2 0   274.588 0   274.546 0   314.4 0   273.842 0   273.985 0     3.7 0    22.7 0    39.5 0   -14.2 0    25.3 0     1.2 0    67.9 0     3.2 0   247.7 0   968.0 0
 2026  11  1 11 14 46 14.767  71.95    51.4 0    10.8 0     0.3 0    51.2 0   300.4 0   274.589 0   274.544 0   314.4 0   273.849 0   273.991 0     3.9 0    23.4 0    40.4 0   -14.0 0    26.4 0     1.2 0    67.6 0     3.7 0   243.3 0   968.0 0
 2026  11  1 11 14 47 14.783  71.83    46.1 0     9.7 0     0.3 0    46.6 0   300.5 0   274.590 0   274.541 0   314.4 0   273.857 0   273.999 0     3.7 0    21.0 0    37.0 0   -13.9 0    23.1 0     1.2 0    66.4 0     4.8 0   245.4 0   968.0 0
 2026  11  1 11 14 48 14.800  71.72    44.1 0     9.4 0     0.3 0    44.2 0   300.6 0   274.590 0   274.534 0   314.3 0   273.865 0   274.005 0     3.9 0    20.3 0    34.8 0   -13.7 0    21.1 0     1.2 0    65.9 0     5.5 0   241.1 0   968.0 0
 2026  11  1 11 14 49 14.817  71.61    51.6 0    11.1 0     0.3 0    51.0 0   300.5 0   274.589 0   274.537 0   314.3 0   273.872 0   274.013 0     4.6 0    23.7 0    40.0 0   -13.8 0    26.2 0     1.2 0    66.4 0     5.2 0   248.1 0   968.0 0
 2026  11  1 11 14 50 14.833  71.49    57.1 0    12.2 0     0.3 0    56.8 0   300.6 0   274.589 0   274.552 0   314.4 0   273.879 0   274.022 0     5.0 0    26.0 0    44.6 0   -13.9 0    30.8 0     1.2 0    66.2 0     5.1 0   247.0 0   968.0 0
 2026  11  1 11 14 51 14.850  71.38    63.8 0    13.9 0     0.3 0    62.8 0   300.5 0   274.591 0   274.558 0   314.5 0   273.886 0   274.028 0     5.4 0    29.0 0    48.9 0   -14.0 0    35.0 0     1.2 0    68.1 0     4.0 0   255.6 0   968.0 0
 2026  11  1 11 14 52 14.867  71.27    86.3 0    18.5 0     0.3 0    83.4 0   299.6 0   274.594 0   274.586 0   314.8 0   273.891 0   274.040 0     7.0 0    38.4 0    65.0 0   -15.2 0    49.8 0     1.2 0    68.3 0     4.2 0   248.2 0   968.0 0
 2026  11  1 11 14 53 14.883  71.16   102.9 0    21.9 0     0.2 0   100.3 0   299.7 0   274.599 0   274.627 0   315.0 0   273.897 0   274.055 0     7.8 0    45.1 0    78.5 0   -15.3 0    63.2 0     1.2 0    69.2 0     3.7 0   243.7 0   968.0 0
 2026  11  1 11 14 54 14.900  71.05   106.2 0    22.7 0     0.2 0   104.6 0   301.2 0   274.608 0   274.676 0   315.3 0   273.906 0   274.074 0     7.3 0    46.3 0    82.0 0   -14.2 0    67.8 0     1.2 0    67.3 0     4.0 0   241.5 0   968.0 0
 2026  11  1 11 14 55 14.917  70.94   102.6 0    22.2 0     0.2 0   101.5 0   301.3 0   274.623 0   274.693 0   315.3 0   273.920 0   274.089 0     6.8 0    44.9 0    79.4 0   -14.0 0    65.4 0     1.3 0    68.1 0     3.3 0   247.4 0   968.0 0
 2026  11  1 11 14 56 14.933  70.83   105.5 0    22.8 0     0.2 0   103.8 0   301.1 0   274.639 0   274.710 0   315.5 0   273.932 0   274.100 0     7.1 0    46.2 0    81.2 0   -14.4 0    66.8 0     1.3 0    68.7 0     3.7 0   245.9 0   968.0 0
 2026  11  1 11 14 57 14.950  70.72   106.2 0    22.8 0     0.2 0   105.0 0   301.2 0   274.656 0   274.723 0   315.5 0   273.944 0   274.113 0     6.9 0    46.6 0    82.3 0   -14.3 0    68.0 0     1.3 0    68.7 0     4.0 0   252.2 0   968.0 0
 2026  11  1 11 14 58 14.967  70.61    98.4 0    21.1 0     0.2 0    98.0 0   301.5 0   274.670 0   274.724 0   315.4 0   273.955 0   274.121 0     6.3 0    43.5 0    77.0 0   -13.9 0    63.1 0     1.3 0    68.6 0     4.6 0   248.9 0   968.1 0
 2026  11  1 11 14 59 14.983  70.50    97.5 0    20.8 0     0.3 0    96.1 0   301.7 0   274.682 0   274.725 0   315.4 0   273.965 0   274.129 0     6.2 0    43.5 0    75.3 0   -13.7 0    61.6 0     1.3 0    68.3 0     4.3 0   246.7 0   968.1 0
 2026  11  1 11 15  0 15.000  70.39   104.8 0    22.3 0     0.3 0   102.3 0   301.8 0   274.694 0   274.751 0   315.6 0   273.976 0   274.141 0     6.5 0    46.4 0    80.1 0   -13.7 0    66.4 0     1.3 0    68.6 0     4.3 0   237.4 0   968.1 0
 2026  11  1 11 15  1 15.017  70.29   110.0 0    23.3 0     0.3 0   107.9 0   301.7 0   274.707 0   274.776 0   315.6 0   273.989 0   274.159 0     7.0 0    48.2 0    84.7 0   -13.9 0    70.8 0     1.3 0    66.8 0     5.1 0   235.2 0   968.1 0
 2026  11  1 11 15  2 15.033  70.18   104.6 0    22.4 0     0.3 0   103.2 0   301.9 0   274.721 0   274.788 0   315.6 0   274.002 0   274.170 0     6.8 0    46.3 0    80.9 0   -13.8 0    67.1 0     1.3 0    68.1 0     4.6 0   232.6 0   968.1 0
 2026  11  1 11 15  3 15.050  70.08   115.9 0    25.0 0     0.3 0   113.2 0   302.0 0   274.735 0   274.809 0   315.9 0   274.015 0   274.185 0     7.3 0    51.1 0    88.3 0   -13.9 0    74.4 0     1.3 0    68.4 0     4.3 0   243.6 0   968.2 0
 2026  11  1 11 15  4 15.067  69.97   126.1 0    27.2 0     0.3 0   123.6 0   302.0 0   274.752 0   274.848 0   315.9 0   274.029 0   274.204 0     7.7 0    55.0 0    96.5 0   -14.0 0    82.5 0     1.3 0    67.2 0     6.0 0   238.5 0   968.2 0
 2026  11  1 11 15  5 15.083  69.87   128.5 0    27.6 0     0.2 0   126.5 0   302.2 0   274.771 0   274.867 0   316.0 0   274.044 0   274.222 0     7.9 0    55.9 0    99.0 0   -13.7 0    85.2 0     1.3 0    67.0 0     6.1 0   249.3 0   968.2 0
 2026  11  1 11 15  6 15.100  69.76   123.8 0    26.4 0     0.2 0   122.9 0   302.4 0   274.788 0   274.882 0   316.1 0   274.059 0   274.236 0     8.4 0    54.0 0    96.6 0   -13.7 0    82.9 0     1.3 0    68.1 0     5.4 0   251.4 0   968.2 0
 2026  11  1 11 15  7 15.117  69.66   123.6 0    26.5 0     0.2 0   122.0 0   302.0 0   274.805 0   274.901 0   316.2 0   274.073 0   274.248 0     9.2 0    54.3 0    95.6 0   -14.2 0    81.4 0     1.4 0    68.4 0     4.9 0   242.0 0   968.2 0
 2026  11  1 11 15  8 15.133  69.56   141.9 0    30.5 0     0.3 0   138.6 0   300.7 0   274.823 0   274.938 0   316.4 0   274.087 0   274.268 0    10.4 0    62.0 0   108.2 0   -15.8 0    92.4 0     1.4 0    67.4 0     5.0 0   245.8 0   968.2 0
 2026  11  1 11 15  9 15.150  69.46   155.9 0    33.7 0     0.2 0   153.0 0   299.9 0   274.844 0   274.991 0   316.8 0   274.103 0   274.295 0    11.1 0    67.8 0   119.4 0   -17.0 0   102.5 0     1.4 0    68.0 0     5.5 0   247.5 0   968.2 0
 2026  11  1 11 15 10 15.167  69.35   174.6 0    38.2 0     0.4 0   170.8 0   298.4 0   274.871 0   275.045 0   316.9 0   274.122 0   274.319 0    11.9 0    75.4 0   132.8 0   -18.6 0   114.2 0     1.4 0    66.9 0     6.7 0   243.6 0   968.2 0
 2026  11  1 11 15 11 15.183  69.25   192.9 0    42.4 0     0.7 0   189.3 0   297.5 0   274.902 0   275.113 0   317.2 0   274.144 0   274.350 0    12.6 0    82.7 0   147.1 0   -19.7 0   127.3 0     1.4 0    66.9 0     6.7 0   242.9 0   968.2 0
 2026  11  1 11 15 12 15.200  69.15   211.3 0    46.5 0     0.1 0   208.1 0   295.3 0   274.939 0   275.175 0   317.6 0   274.168 0   274.383 0    13.6 0    90.2 0   161.6 0   -22.3 0   139.4 0     1.5 0    67.5 0     7.1 0   243.7 0   968.1 0
 2026  11  1 11 15 13 15.217  69.05   224.6 0    50.0 0     7.0 0   219.5 0   290.1 0   274.978 0   275.218 0   317.5 0   274.191 0   274.406 0    14.8 0    96.0 0   172.0 0   -27.4 0   144.5 0     1.4 0    67.6 0     7.9 0   236.2 0   968.1 0
 2026  11  1 11 15 14 15.233  68.96   231.2 0    52.1 0     8.6 0   227.1 0   283.7 0   275.018 0   275.264 0   317.8 0   274.212 0   274.436 0    15.8 0    99.1 0   178.1 0   -34.1 0   144.0 0     1.4 0    68.1 0     7.3 0   248.2 0   968.1 0
 2026  11  1 11 15 15 15.250  68.86   285.8 0    68.5 0   124.6 0   240.5 0   281.2 0   275.063 0   275.336 0   319.1 0   274.237 0   274.489 0    16.8 0   120.7 0   217.0 0   -37.9 0   179.0 0     1.5 0    69.0 0     6.2 0   252.0 0   968.0 0
 2026  11  1 11 15 16 15.267  68.76   336.8 0    82.4 0   204.3 0   262.9 0   281.9 0   275.126 0   275.449 0   321.1 0   274.274 0   274.568 0    17.4 0   140.2 0   254.5 0   -39.2 0   215.3 0     1.6 0    69.4 0     5.8 0   251.5 0   968.0 0
 2026  11  1 11 15 17 15.283  68.66   370.3 0    90.3 0   247.7 0   281.1 0   283.6 0   275.213 0   275.605 0   322.4 0   274.325 0   274.650 0    17.7 0   152.4 0   281.0 0   -38.9 0   242.1 0     1.7 0    68.8 0     6.5 0   247.8 0   968.0 0
 2026  11  1 11 15 18 15.300  68.57   378.1 0    91.2 0   238.2 0   291.6 0   285.7 0   275.315 0   275.712 0   323.4 0   274.377 0   274.713 0    17.7 0   155.3 0   287.5 0   -37.7 0   249.8 0     1.7 0    68.5 0     5.9 0   250.3 0   968.0 0
 2026  11  1 11 15 19 15.317  68.47   324.7 0    74.1 0    86.6 0   292.4 0   290.3 0   275.415 0   275.796 0   323.7 0   274.433 0   274.753 0    16.6 0   134.7 0   250.1 0   -33.4 0   216.7 0     1.8 0    68.6 0     6.1 0   251.9 0   968.0 0
 2026  11  1 11 15 20 15.333  68.38   284.1 0    62.7 0    37.9 0   272.7 0   294.5 0   275.493 0   275.817 0   322.2 0   274.477 0   274.755 0    15.0 0   119.0 0   224.0 0   -27.7 0   196.3 0     1.8 0    68.2 0     6.7 0   256.6 0   968.0 0
 2026  11  1 11 15 21 15.350  68.28   196.9 0    41.8 0     1.4 0   202.7 0   296.0 0   275.546 0   275.776 0   320.9 0   274.505 0   274.735 0    13.0 0    84.0 0   161.4 0   -24.9 0   136.5 0     1.8 0    68.9 0     5.8 0   243.2 0   968.0 0
 2026  11  1 11 15 22 15.367  68.19   155.5 0    32.5 0     0.6 0   158.4 0   293.2 0   275.576 0   275.656 0   319.9 0   274.518 0   274.713 0    12.8 0    67.6 0   126.2 0   -26.7 0    99.5 0     1.7 0    69.7 0     5.5 0   238.9 0   968.0 0
 2026  11  1 11 15 23 15.383  68.09   139.7 0    29.0 0     0.7 0   140.3 0   286.4 0   275.575 0   275.542 0   318.4 0   274.523 0   274.686 0    13.6 0    61.1 0   111.6 0   -32.0 0    79.6 0     1.6 0    69.5 0     6.5 0   241.6 0   968.0 0
 2026  11  1 11 15 24 15.400  68.00   151.8 0    31.6 0     1.0 0   148.7 0   283.4 0   275.554 0   275.481 0   318.2 0   274.514 0   274.668 0    14.6 0    66.1 0   117.5 0   -34.8 0    82.7 0     1.5 0    71.3 0     5.1 0   248.3 0   967.9 0
 2026  11  1 11 15 25 15.417  67.91   167.4 0    34.8 0     1.1 0   164.3 0   283.1 0   275.529 0   275.488 0   318.8 0   274.510 0   274.671 0    15.0 0    72.3 0   129.9 0   -35.7 0    94.2 0     1.5 0    71.3 0     6.4 0   249.5 0   968.0 0
 2026  11  1 11 15 26 15.433  67.82   176.3 0    37.5 0     1.6 0   172.6 0   281.7 0   275.503 0   275.435 0   317.9 0   274.496 0   274.647 0    15.1 0    75.9 0   135.7 0   -36.1 0    99.5 0     1.4 0    68.7 0     7.5 0   250.2 0   967.9 0
 2026  11  1 11 15 27 15.450  67.73   200.5 0    43.1 0     5.3 0   194.4 0   288.2 0   275.472 0   275.472 0   319.5 0   274.478 0   274.654 0    15.0 0    85.3 0   153.2 0   -31.3 0   121.9 0     1.4 0    70.9 0     5.0 0   233.5 0   967.9 0
 2026  11  1 11 15 28 15.467  67.64   167.7 0    35.7 0     1.2 0   170.0 0   289.4 0   275.450 0   275.458 0   319.8 0   274.471 0   274.647 0    13.8 0    71.4 0   134.7 0   -30.5 0   104.3 0     1.4 0    70.8 0     7.0 0   247.6 0   967.9 0
 2026  11  1 11 15 29 15.483  67.55   141.9 0    30.5 0     1.2 0   142.2 0   279.4 0   275.425 0   275.369 0   318.4 0   274.460 0   274.616 0    14.5 0    62.1 0   112.1 0   -39.0 0    73.1 0     1.4 0    70.2 0     6.2 0   252.5 0   967.9 0
 2026  11  1 11 15 30 15.500  67.46   169.2 0    36.1 0     1.2 0   165.1 0   277.9 0   275.398 0   275.339 0   318.1 0   274.443 0   274.598 0    15.7 0    73.5 0   129.5 0   -40.1 0    89.3 0     1.4 0    69.8 0     7.0 0   256.8 0   968.0 0
 2026  11  1 11 15 31 15.517  67.37   180.6 0    38.9 0     2.7 0   177.2 0   277.6 0   275.371 0   275.335 0   318.5 0   274.426 0   274.588 0    16.0 0    78.0 0   139.3 0   -40.8 0    98.5 0     1.4 0    70.3 0     7.4 0   256.3 0   968.0 0
 2026  11  1 11 15 32 15.533  67.29   180.7 0    39.3 0     6.8 0   177.0 0   276.2 0   275.348 0   275.320 0   318.4 0   274.408 0   274.575 0    16.3 0    77.2 0   140.4 0   -42.2 0    98.1 0     1.3 0    70.3 0     7.3 0   245.1 0   968.0 0
 2026  11  1 11 15 33 15.550  67.20   171.1 0    36.6 0     7.7 0   168.0 0   275.2 0   275.325 0   275.284 0   318.5 0   274.390 0   274.561 0    16.7 0    73.8 0   134.4 0   -43.3 0    91.0 0     1.3 0    70.1 0     6.6 0   245.1 0   967.9 0
 2026  11  1 11 15 34 15.567  67.12   170.3 0    35.6 0     0.6 0   169.3 0   272.7 0   275.301 0   275.264 0   318.5 0   274.375 0   274.547 0    17.0 0    73.3 0   133.9 0   -45.8 0    88.1 0     1.3 0    70.8 0     6.5 0   250.1 0   968.0 0
 2026  11  1 11 15 35 15.583  67.03   154.4 0    31.6 0     0.5 0   155.1 0   275.7 0   275.279 0   275.228 0   318.2 0   274.363 0   274.527 0    16.0 0    66.7 0   123.7 0   -42.5 0    81.2 0     1.3 0    70.6 0     7.2 0   255.1 0   968.0 0
 2026  11  1 11 15 36 15.600  66.95   129.2 0    26.3 0     0.4 0   130.7 0   283.2 0   275.253 0   275.175 0   317.8 0   274.345 0   274.500 0    13.8 0    56.6 0   104.6 0   -34.6 0    70.0 0     1.3 0    70.9 0     6.3 0   246.2 0   968.0 0
 2026  11  1 11 15 37 15.617  66.86   114.3 0    23.3 0     0.4 0   115.1 0   292.4 0   275.223 0   275.145 0   317.8 0   274.328 0   274.478 0    11.3 0    50.4 0    92.0 0   -25.4 0    66.6 0     1.3 0    71.4 0     5.8 0   241.4 0   967.9 0
 2026  11  1 11 15 38 15.633  66.78    97.9 0    20.5 0     0.5 0    99.1 0   297.8 0   275.190 0   275.082 0   317.3 0   274.310 0   274.447 0     8.7 0    43.2 0    78.8 0   -19.5 0    59.3 0     1.2 0    70.5 0     6.9 0   243.5 0   967.9 0
 2026  11  1 11 15 39 15.650  66.70    81.5 0    17.3 0     0.5 0    82.8 0   300.0 0   275.150 0   275.018 0   317.0 0   274.289 0   274.421 0     7.1 0    36.2 0    65.7 0   -17.0 0    48.7 0     1.2 0    71.5 0     6.2 0   250.2 0   967.9 0
 2026  11  1 11 15 40 15.667  66.62    67.5 0    14.6 0     0.6 0    68.7 0   301.7 0   275.107 0   274.947 0   316.5 0   274.266 0   274.387 0     5.6 0    30.4 0    54.3 0   -14.8 0    39.5 0     1.2 0    71.3 0     7.1 0   253.7 0   968.0 0
 2026  11  1 11 15 41 15.683  66.54    59.8 0    13.0 0     0.6 0    60.3 0   303.1 0   275.062 0   274.891 0   316.1 0   274.238 0   274.355 0     4.8 0    27.2 0    47.5 0   -13.0 0    34.5 0     1.1 0    71.3 0     6.3 0   253.5 0   968.0 0
 2026  11  1 11 15 42 15.700  66.46    56.0 0    12.2 0     0.6 0    56.2 0   304.7 0   275.017 0   274.850 0   315.9 0   274.211 0   274.325 0     4.3 0    25.5 0    44.2 0   -11.2 0    33.1 0     1.1 0    71.2 0     6.6 0   245.9 0   968.0 0
 2026  11  1 11 15 43 15.717  66.38    50.1 0    11.3 0     0.5 0    50.2 0   305.8 0   274.972 0   274.785 0   315.4 0   274.184 0   274.293 0     3.7 0    22.9 0    39.1 0    -9.5 0    29.6 0     1.1 0    73.5 0     5.5 0   242.2 0   967.9 0
 2026  11  1 11 15 44 15.733  66.30    49.8 0    11.5 0     0.5 0    49.0 0   305.5 0   274.921 0   274.704 0   314.8 0   274.154 0   274.258 0     3.5 0    22.9 0    37.7 0    -9.3 0    28.3 0     1.0 0    75.4 0     5.7 0   240.7 0   967.9 0
 2026  11  1 11 15 45 15.750  66.22    56.2 0    13.5 0     0.6 0    54.4 0   304.9 0   274.865 0   274.624 0   314.2 0   274.118 0   274.208 0     3.7 0    25.7 0    41.2 0    -9.4 0    31.9 0     0.8 0    76.8 0     7.1 0   245.1 0   967.9 0
 2026  11  1 11 15 46 15.767  66.14    64.9 0    15.9 0     0.7 0    62.8 0   304.4 0   274.806 0   274.570 0   314.2 0   274.074 0   274.166 0     4.1 0    29.2 0    47.2 0    -9.8 0    37.4 0     0.7 0    78.3 0     6.8 0   251.0 0   967.9 0
 2026  11  1 11 15 47 15.783  66.07    78.7 0    19.4 0     1.0 0    75.6 0   304.4 0   274.752 0   274.554 0   314.5 0   274.032 0   274.136 0     4.9 0    35.0 0    56.6 0   -10.0 0    46.6 0     0.6 0    78.8 0     6.6 0   256.1 0   967.9 0
 2026  11  1 11 15 48 15.800  65.99   112.0 0    27.0 0     1.7 0   105.9 0   303.6 0   274.708 0   274.579 0   315.1 0   273.995 0   274.122 0     7.1 0    49.5 0    79.6 0   -11.4 0    68.1 0     0.6 0    79.1 0     6.0 0   252.0 0   967.8 0
 2026  11  1 11 15 49 15.817  65.91   152.2 0    35.3 0     3.9 0   144.7 0   302.1 0   274.680 0   274.669 0   316.3 0   273.969 0   274.127 0     9.7 0    66.3 0   111.0 0   -14.2 0    96.8 0     0.7 0    79.2 0     5.0 0   249.0 0   967.8 0
 2026  11  1 11 15 50 15.833  65.84   169.4 0    38.4 0     4.0 0   163.8 0   300.4 0   274.672 0   274.739 0   317.4 0   273.957 0   274.140 0    11.4 0    73.5 0   127.1 0   -17.0 0   110.1 0     0.7 0    78.4 0     5.0 0   247.4 0   967.8 0
 2026  11  1 11 15 51 15.850  65.77   185.6 0    41.5 0    20.6 0   173.7 0   298.7 0   274.676 0   274.803 0   318.5 0   273.956 0   274.155 0    12.9 0    81.0 0   140.6 0   -19.8 0   120.8 0     0.9 0    78.4 0     5.3 0   255.0 0   967.8 0
 2026  11  1 11 15 52 15.867  65.69   178.6 0    38.4 0     0.7 0   176.2 0   297.2 0   274.697 0   274.883 0   319.2 0   273.962 0   274.170 0    13.7 0    77.3 0   138.0 0   -21.9 0   116.1 0     1.0 0    78.1 0     4.9 0   251.6 0   967.8 0
 2026  11  1 11 15 53 15.883  65.62   178.3 0    37.5 0     0.4 0   175.5 0   297.7 0   274.725 0   274.894 0   319.4 0   273.974 0   274.178 0    13.3 0    76.8 0   138.2 0   -21.7 0   116.5 0     1.1 0    77.0 0     6.1 0   257.0 0   967.8 0
 2026  11  1 11 15 54 15.900  65.55   150.3 0    31.6 0     1.9 0   152.0 0   299.5 0   274.746 0   274.867 0   319.0 0   273.983 0   274.176 0    10.9 0    64.3 0   121.2 0   -19.5 0   101.7 0     1.1 0    75.6 0     6.5 0   258.4 0   967.8 0
 2026  11  1 11 15 55 15.917  65.48   107.4 0    22.9 0     0.2 0   109.9 0   300.5 0   274.757 0   274.810 0   318.3 0   273.988 0   274.165 0     9.3 0    47.3 0    87.0 0   -17.8 0    69.1 0     1.1 0    75.3 0     6.1 0   257.9 0   967.8 0
 2026  11  1 11 15 56 15.933  65.41   109.8 0    23.4 0     0.2 0   109.0 0   299.2 0   274.761 0   274.795 0   318.2 0   273.990 0   274.159 0    10.7 0    48.6 0    85.7 0   -18.9 0    66.8 0     1.1 0    74.8 0     5.4 0   252.0 0   967.8 0
 2026  11  1 11 15 57 15.950  65.34   136.0 0    28.3 0     0.2 0   132.4 0   294.2 0   274.765 0   274.834 0   318.7 0   273.994 0   274.171 0    13.8 0    59.4 0   104.2 0   -24.6 0    79.6 0     1.1 0    75.4 0     4.9 0   250.2 0   967.8 0
 2026  11  1 11 15 58 15.967  65.27   150.5 0    31.2 0     0.1 0   148.1 0   291.0 0   274.780 0   274.910 0   319.5 0   274.005 0   274.195 0    15.1 0    65.3 0   116.9 0   -28.4 0    88.5 0     1.2 0    75.5 0     5.1 0   246.3 0   967.8 0
 2026  11  1 11 15 59 15.983  65.21   167.4 0    35.1 0     6.2 0   161.6 0   290.7 0   274.805 0   274.957 0   320.2 0   274.022 0   274.223 0    15.8 0    72.5 0   129.2 0   -29.5 0    99.7 0     1.3 0    75.4 0     4.7 0   256.4 0   967.8 0
 2026  11  1 11 16  0 16.000  65.14   174.4 0    36.2 0     0.8 0   171.8 0   292.1 0   274.835 0   275.005 0   320.5 0   274.044 0   274.248 0    15.7 0    75.0 0   135.9 0   -28.3 0   107.6 0     1.3 0    74.2 0     6.2 0   247.1 0   967.8 0
 2026  11  1 11 16  1 16.017  65.07   150.2 0    31.4 0     0.5 0   151.8 0   291.7 0   274.864 0   275.019 0   320.2 0   274.064 0   274.266 0    14.3 0    64.5 0   120.6 0   -28.5 0    92.1 0     1.3 0    73.8 0     6.0 0   247.0 0   967.8 0
 2026  11  1 11 16  2 16.033  65.01   118.0 0    25.3 0     0.1 0   120.5 0   292.9 0   274.889 0   274.994 0   319.7 0   274.082 0   274.271 0    12.0 0    51.5 0    95.2 0   -26.8 0    68.4 0     1.4 0    74.0 0     5.8 0   254.4 0   967.9 0
 2026  11  1 11 16  3 16.050  64.94   112.5 0    24.6 0     0.1 0   113.0 0   296.9 0   274.911 0   274.988 0   319.1 0   274.096 0   274.273 0    10.5 0    49.4 0    88.5 0   -22.2 0    66.2 0     1.4 0    72.5 0     6.2 0   259.8 0   967.9 0
 2026  11  1 11 16  4 16.067  64.88   109.7 0    24.5 0     0.2 0   110.2 0   299.2 0   274.929 0   274.994 0   318.9 0   274.107 0   274.278 0     9.6 0    48.0 0    85.8 0   -19.8 0    66.0 0     1.4 0    72.5 0     6.1 0   258.1 0   967.9 0
 2026  11  1 11 16  5 16.083  64.82   108.8 0    24.5 0     0.4 0   109.0 0   298.7 0   274.945 0   274.994 0   318.6 0   274.115 0   274.282 0     9.5 0    47.6 0    84.7 0   -19.9 0    64.8 0     1.4 0    71.2 0     6.8 0   256.2 0   967.9 0
 2026  11  1 11 16  6 16.100  64.75   108.0 0    25.0 0     0.4 0   108.1 0   298.3 0   274.956 0   274.983 0   318.3 0   274.118 0   274.283 0     9.0 0    47.2 0    83.4 0   -20.0 0    63.4 0     1.4 0    71.0 0     6.9 0   257.3 0   967.9 0
 2026  11  1 11 16  7 16.117  64.69   122.4 0    28.6 0     0.4 0   120.5 0   299.5 0   274.966 0   275.020 0   319.0 0   274.121 0   274.295 0     8.9 0    53.4 0    92.0 0   -19.4 0    72.6 0     1.4 0    72.4 0     5.1 0   247.3 0   967.9 0
 2026  11  1 11 16  8 16.133  64.63   152.2 0    35.3 0    12.9 0   144.0 0   299.8 0   274.982 0   275.086 0   320.0 0   274.128 0   274.317 0     9.8 0    66.2 0   114.2 0   -20.2 0    94.0 0     1.4 0    72.4 0     5.6 0   251.9 0   967.8 0
 2026  11  1 11 16  9 16.150  64.57   160.8 0    36.6 0     0.5 0   158.1 0   299.5 0   275.008 0   275.154 0   320.6 0   274.140 0   274.340 0    10.2 0    69.8 0   121.7 0   -21.1 0   100.6 0     1.4 0    72.1 0     5.2 0   253.0 0   967.8 0
 2026  11  1 11 16 10 16.167  64.51   173.3 0    41.9 0    51.1 0   153.2 0   298.9 0   275.040 0   275.181 0   321.1 0   274.155 0   274.363 0    10.2 0    74.9 0   133.3 0   -22.2 0   111.1 0     1.4 0    71.4 0     6.4 0   253.2 0   967.8 0
 2026  11  1 11 16 11 16.183  64.45   148.4 0    33.6 0     0.8 0   147.7 0   298.3 0   275.070 0   275.177 0   320.5 0   274.169 0   274.370 0    10.5 0    64.7 0   114.4 0   -22.3 0    92.2 0     1.4 0    70.5 0     6.8 0   253.1 0   967.8 0
 2026  11  1 11 16 12 16.200  64.40   148.2 0    33.1 0     1.3 0   147.3 0   298.6 0   275.095 0   275.215 0   320.7 0   274.181 0   274.380 0    10.3 0    65.0 0   114.8 0   -22.1 0    92.7 0     1.5 0    71.6 0     6.2 0   252.2 0   967.8 0
 2026  11  1 11 16 13 16.217  64.34   161.8 0    35.0 0     0.3 0   158.6 0   297.9 0   275.119 0   275.243 0   320.7 0   274.197 0   274.400 0    11.7 0    71.1 0   123.7 0   -22.8 0   100.9 0     1.5 0    69.6 0     7.0 0   251.7 0   967.8 0
 2026  11  1 11 16 14 16.233  64.28   184.8 0    38.6 0     0.3 0   181.2 0   296.6 0   275.143 0   275.306 0   321.5 0   274.217 0   274.426 0    13.8 0    80.0 0   142.7 0   -24.9 0   117.8 0     1.6 0    69.1 0     5.5 0   260.6 0   967.7 0
 2026  11  1 11 16 15 16.250  64.23   160.5 0    33.5 0     0.2 0   161.6 0   296.0 0   275.170 0   275.314 0   321.4 0   274.238 0   274.442 0    13.1 0    69.3 0   128.2 0   -25.4 0   102.8 0     1.6 0    68.3 0     6.8 0   254.7 0   967.7 0
 2026  11  1 11 16 16 16.267  64.17   135.5 0    28.6 0     0.3 0   136.8 0   296.6 0   275.190 0   275.287 0   320.6 0   274.253 0   274.441 0    11.8 0    58.9 0   108.3 0   -24.0 0    84.3 0     1.6 0    68.2 0     6.9 0   252.3 0   967.6 0
 2026  11  1 11 16 17 16.283  64.12   119.5 0    25.3 0     0.3 0   120.7 0   296.6 0   275.203 0   275.259 0   320.1 0   274.262 0   274.442 0    11.2 0    52.3 0    95.5 0   -23.5 0    72.0 0     1.6 0    68.0 0     6.5 0   246.7 0   967.6 0
 2026  11  1 11 16 18 16.300  64.07   105.4 0    22.6 0     0.3 0   106.8 0   297.5 0   275.208 0   275.225 0   319.6 0   274.270 0   274.442 0    10.3 0    46.4 0    84.3 0   -22.1 0    62.2 0     1.6 0    68.7 0     6.3 0   247.9 0   967.6 0
 2026  11  1 11 16 19 16.317  64.01   107.0 0    23.2 0     0.3 0   106.2 0   297.8 0   275.207 0   275.202 0   319.3 0   274.276 0   274.441 0    10.6 0    47.4 0    83.2 0   -21.5 0    61.7 0     1.5 0    67.5 0     5.6 0   253.5 0   967.5 0
 2026  11  1 11 16 20 16.333  63.96   133.1 0    28.4 0     0.2 0   129.7 0   296.9 0   275.206 0   275.246 0   319.8 0   274.279 0   274.452 0    12.5 0    58.6 0   101.4 0   -22.8 0    78.6 0     1.5 0    67.3 0     5.0 0   250.1 0   967.5 0
 2026  11  1 11 16 21 16.350  63.91   155.0 0    32.7 0     0.2 0   151.5 0   295.4 0   275.215 0   275.306 0   320.7 0   274.287 0   274.473 0    14.2 0    67.6 0   119.0 0   -25.2 0    93.7 0     1.6 0    67.2 0     5.4 0   245.0 0   967.5 0
 2026  11  1 11 16 22 16.367  63.86   165.4 0    34.8 0     0.2 0   162.6 0   297.2 0   275.226 0   275.341 0   321.6 0   274.298 0   274.496 0    13.9 0    71.6 0   127.8 0   -24.4 0   103.5 0     1.6 0    67.0 0     4.6 0   252.5 0   967.4 0
 2026  11  1 11 16 23 16.383  63.81   154.2 0    32.7 0     0.2 0   153.8 0   297.7 0   275.241 0   275.359 0   321.9 0   274.313 0   274.512 0    13.0 0    66.8 0   121.2 0   -24.2 0    97.0 0     1.6 0    67.1 0     5.7 0   250.2 0   967.4 0
 2026  11  1 11 16 24 16.400  63.77   146.8 0    31.2 0     0.2 0   145.7 0   297.6 0   275.255 0   275.357 0   321.4 0   274.327 0   274.519 0    13.1 0    64.0 0   114.6 0   -23.7 0    90.9 0     1.6 0    66.3 0     6.0 0   247.7 0   967.4 0
 2026  11  1 11 16 25 16.417  63.72   155.3 0    32.8 0     0.2 0   153.1 0   298.6 0   275.267 0   275.360 0   321.0 0   274.338 0   274.525 0    13.3 0    67.6 0   120.5 0   -22.4 0    98.1 0     1.6 0    64.9 0     6.8 0   244.4 0   967.4 0
 2026  11  1 11 16 26 16.433  63.67   153.9 0    32.7 0     0.3 0   152.5 0   299.2 0   275.276 0   275.377 0   321.1 0   274.347 0   274.537 0    12.5 0    67.1 0   119.9 0   -21.9 0    97.9 0     1.6 0    65.5 0     6.3 0   245.3 0   967.4 0
 2026  11  1 11 16 27 16.450  63.63   152.8 0    33.2 0     2.2 0   149.8 0   299.9 0   275.287 0   275.378 0   321.2 0   274.358 0   274.548 0    11.8 0    67.0 0   117.5 0   -21.3 0    96.2 0     1.6 0    65.7 0     6.4 0   242.4 0   967.4 0
 2026  11  1 11 16 28 16.467  63.58   176.2 0    39.1 0    12.1 0   167.6 0   300.6 0   275.299 0   275.415 0   321.4 0   274.370 0   274.567 0    12.7 0    76.3 0   133.8 0   -20.9 0   112.9 0     1.6 0    64.9 0     7.7 0   250.2 0   967.4 0
 2026  11  1 11 16 29 16.483  63.54   166.7 0    36.1 0     0.5 0   165.6 0   299.1 0   275.312 0   275.425 0   321.4 0   274.381 0   274.577 0    13.5 0    72.1 0   129.7 0   -22.3 0   107.4 0     1.6 0    64.7 0     6.9 0   252.9 0   967.4 0
 2026  11  1 11 16 30 16.500  63.49   158.9 0    34.8 0     0.4 0   158.0 0   299.3 0   275.326 0   275.438 0   321.2 0   274.391 0   274.581 0    12.9 0    69.2 0   123.5 0   -21.9 0   101.6 0     1.6 0    64.3 0     7.3 0   249.3 0   967.3 0
 2026  11  1 11 16 31 16.517  63.45   183.2 0    41.0 0    12.6 0   173.1 0   299.2 0   275.338 0   275.449 0   321.6 0   274.398 0   274.595 0    13.8 0    79.8 0   137.7 0   -22.4 0   115.3 0     1.6 0    64.0 0     6.5 0   247.7 0   967.3 0
 2026  11  1 11 16 32 16.533  63.41   288.9 0    64.4 0    99.0 0   235.7 0   298.2 0   275.357 0   275.603 0   325.2 0   274.414 0   274.665 0    17.5 0   123.1 0   215.6 0   -27.1 0   188.5 0     1.7 0    66.1 0     4.6 0   252.7 0   967.4 0
 2026  11  1 11 16 33 16.550  63.37   224.0 0    48.0 0    36.9 0   210.2 0   300.4 0   275.410 0   275.721 0   326.8 0   274.453 0   274.719 0    15.2 0    94.6 0   178.7 0   -26.5 0   152.3 0     1.8 0    66.5 0     5.4 0   254.5 0   967.4 0
 2026  11  1 11 16 34 16.567  63.33   163.3 0    34.7 0     0.1 0   164.8 0   301.1 0   275.464 0   275.668 0   324.2 0   274.485 0   274.705 0    12.9 0    70.9 0   130.1 0   -23.1 0   107.0 0     1.9 0    64.9 0     7.0 0   257.7 0   967.4 0
 2026  11  1 11 16 35 16.583  63.29   141.3 0    30.3 0     0.4 0   142.5 0   301.6 0   275.493 0   275.604 0   322.7 0   274.503 0   274.697 0    11.1 0    61.9 0   112.5 0   -21.1 0    91.4 0     1.8 0    64.9 0     6.5 0   263.2 0   967.4 0
 2026  11  1 11 16 36 16.600  63.25   139.0 0    29.9 0     0.4 0   137.3 0   302.0 0   275.507 0   275.567 0   321.4 0   274.513 0   274.690 0    10.4 0    61.4 0   107.6 0   -19.4 0    88.2 0     1.8 0    64.7 0     8.8 0   250.9 0   967.4 0
 2026  11  1 11 16 37 16.617  63.22   139.6 0    29.7 0     0.6 0   138.5 0   301.4 0   275.505 0   275.483 0   320.0 0   274.509 0   274.667 0    10.5 0    61.7 0   109.1 0   -18.6 0    90.5 0     1.7 0    63.8 0     9.9 0   261.4 0   967.4 0
 2026  11  1 11 16 38 16.633  63.18   120.3 0    25.6 0     0.8 0   120.6 0   301.5 0   275.486 0   275.433 0   319.5 0   274.495 0   274.646 0     9.4 0    54.0 0    95.4 0   -18.0 0    77.4 0     1.6 0    65.0 0     9.2 0   260.8 0   967.4 0
 2026  11  1 11 16 39 16.650  63.14   113.5 0    23.9 0     0.7 0   112.7 0   301.2 0   275.462 0   275.399 0   319.3 0   274.480 0   274.627 0     9.2 0    51.5 0    89.1 0   -18.0 0    71.1 0     1.5 0    66.1 0     8.8 0   248.8 0   967.4 0
 2026  11  1 11 16 40 16.667  63.11   111.9 0    23.2 0     0.6 0   110.7 0   301.4 0   275.437 0   275.372 0   319.2 0   274.466 0   274.613 0     9.3 0    50.7 0    87.8 0   -17.8 0    70.1 0     1.5 0    66.8 0     7.6 0   255.9 0   967.4 0
 2026  11  1 11 16 41 16.683  63.07    95.2 0    19.5 0     0.6 0    96.1 0   301.7 0   275.411 0   275.334 0   319.0 0   274.454 0   274.598 0     8.0 0    43.0 0    76.9 0   -17.3 0    59.6 0     1.5 0    67.5 0     7.4 0   257.5 0   967.4 0
 2026  11  1 11 16 42 16.700  63.04    65.4 0    13.6 0     0.5 0    67.4 0   302.4 0   275.381 0   275.253 0   318.2 0   274.440 0   274.571 0     5.9 0    30.2 0    54.0 0   -15.8 0    38.2 0     1.5 0    67.5 0     8.5 0   254.7 0   967.5 0
 2026  11  1 11 16 43 16.717  63.01    52.8 0    11.2 0     0.5 0    53.6 0   302.8 0   275.344 0   275.165 0   317.2 0   274.421 0   274.535 0     4.8 0    25.2 0    42.7 0   -14.4 0    28.3 0     1.5 0    66.8 0     8.6 0   264.4 0   967.5 0
 2026  11  1 11 16 44 16.733  62.98    55.0 0    11.6 0     0.7 0    54.2 0   302.9 0   275.299 0   275.096 0   316.6 0   274.393 0   274.495 0     4.7 0    26.8 0    42.9 0   -13.7 0    29.1 0     1.4 0    67.3 0     8.5 0   273.1 0   967.5 0
 2026  11  1 11 16 45 16.750  62.95    62.0 0    13.1 0     0.6 0    60.8 0   303.6 0   275.253 0   275.075 0   316.8 0   274.361 0   274.466 0     4.8 0    30.2 0    48.0 0   -13.2 0    34.8 0     1.4 0    68.7 0     6.0 0   264.7 0   967.6 0
 2026  11  1 11 16 46 16.767  62.92    63.1 0    13.2 0     0.6 0    62.4 0   304.3 0   275.212 0   275.063 0   317.2 0   274.336 0   274.456 0     4.6 0    30.7 0    49.4 0   -12.9 0    36.5 0     1.4 0    69.1 0     6.6 0   257.7 0   967.6 0
 2026  11  1 11 16 47 16.783  62.89    61.5 0    13.0 0     0.6 0    60.8 0   303.9 0   275.175 0   275.016 0   316.8 0   274.316 0   274.429 0     4.6 0    29.9 0    48.0 0   -12.8 0    35.2 0     1.4 0    68.5 0     7.8 0   272.8 0   967.6 0
 2026  11  1 11 16 48 16.800  62.86    61.3 0    13.1 0     0.6 0    60.6 0   304.0 0   275.135 0   274.963 0   316.5 0   274.290 0   274.400 0     4.6 0    29.6 0    47.8 0   -12.5 0    35.3 0     1.3 0    68.8 0     7.3 0   290.6 0   967.7 0
 2026  11  1 11 16 49 16.817  62.83    51.3 0    11.1 0     0.6 0    52.0 0   304.7 0   275.096 0   274.929 0   316.3 0   274.264 0   274.375 0     3.9 0    24.6 0    41.2 0   -11.5 0    29.6 0     1.3 0    68.9 0     8.1 0   281.9 0   967.7 0
 2026  11  1 11 16 50 16.833  62.81    40.0 0     9.4 0     0.6 0    40.7 0   306.0 0   275.054 0   274.765 0   314.7 0   274.233 0   274.305 0     3.2 0    19.0 0    31.5 0    -8.7 0    22.8 0     1.2 0    73.0 0     6.7 0   308.7 0   967.8 0
 2026  11  1 11 16 51 16.850  62.78    40.3 0    10.4 0     0.9 0    39.9 0   305.6 0   274.978 0   274.546 0   313.5 0   274.165 0   274.201 0     3.3 0    18.8 0    29.9 0    -7.8 0    22.1 0     0.8 0    77.5 0     5.6 0   307.6 0   967.8 0
 2026  11  1 11 16 52 16.867  62.75    45.0 0    11.9 0     1.0 0    43.8 0   304.9 0   274.876 0   274.411 0   313.0 0   274.075 0   274.094 0     3.7 0    20.8 0    32.4 0    -8.1 0    24.3 0     0.4 0    80.0 0     5.3 0   300.7 0   967.8 0
 2026  11  1 11 16 53 16.883  62.73    62.6 0    15.1 0     0.9 0    60.0 0   303.4 0   274.766 0   274.357 0   313.3 0   273.986 0   274.027 0     5.3 0    28.7 0    45.4 0    -9.8 0    35.5 0     0.2 0    81.4 0     4.7 0   299.4 0   967.8 0
 2026  11  1 11 16 54 16.900  62.71    62.9 0    14.7 0     0.8 0    62.1 0   303.2 0   274.663 0   274.310 0   313.2 0   273.908 0   273.964 0     5.4 0    28.5 0    47.8 0   -10.0 0    37.8 0     0.1 0    81.2 0     5.2 0   292.1 0   967.8 0
 2026  11  1 11 16 55 16.917  62.69    56.3 0    13.2 0     0.7 0    55.8 0   301.6 0   274.566 0   274.238 0   313.2 0   273.832 0   273.895 0     5.0 0    25.9 0    42.9 0   -11.6 0    31.4 0     0.1 0    81.1 0     5.5 0   287.0 0   967.9 0
 2026  11  1 11 16 56 16.933  62.66    55.9 0    13.1 0     0.6 0    55.2 0   300.4 0   274.479 0   274.191 0   313.1 0   273.759 0   273.818 0     5.1 0    26.1 0    42.3 0   -12.7 0    29.6 0     0.1 0    80.6 0     6.5 0   286.7 0   967.9 0
 2026  11  1 11 16 57 16.950  62.64    61.6 0    14.3 0     0.6 0    60.3 0   300.2 0   274.402 0   274.156 0   313.3 0   273.689 0   273.760 0     5.8 0    28.6 0    46.2 0   -13.1 0    33.1 0     0.1 0    80.1 0     7.3 0   278.6 0   967.9 0
 2026  11  1 11 16 58 16.967  62.62    75.5 0    17.5 0     0.5 0    73.0 0   300.3 0   274.338 0   274.136 0   313.6 0   273.626 0   273.715 0     7.1 0    34.5 0    55.8 0   -13.3 0    42.5 0     0.2 0    79.2 0     7.4 0   278.3 0   967.9 0
 2026  11  1 11 16 59 16.983  62.61   101.6 0    22.7 0     0.5 0    97.7 0   298.9 0   274.286 0   274.158 0   314.1 0   273.574 0   273.682 0     9.7 0    45.5 0    75.2 0   -15.2 0    60.0 0     0.2 0    79.2 0     7.4 0   278.6 0   967.9 0
 2026  11  1 11 17  0 17.000  62.59   128.8 0    28.2 0     0.5 0   124.1 0   296.7 0   274.249 0   274.181 0   314.6 0   273.530 0   273.660 0    12.1 0    56.9 0    96.1 0   -17.9 0    78.2 0     0.3 0    78.6 0     7.2 0   278.2 0   967.9 0
 2026  11  1 11 17  1 17.017  62.57   137.2 0    29.1 0     0.4 0   134.9 0   296.7 0   274.225 0   274.228 0   315.6 0   273.501 0   273.655 0    12.4 0    60.1 0   105.9 0   -18.9 0    87.1 0     0.3 0    78.9 0     4.5 0   283.4 0   967.9 0
 2026  11  1 11 17  2 17.033  62.55   115.0 0    24.7 0     0.4 0   114.6 0   299.9 0   274.211 0   274.204 0   315.5 0   273.483 0   273.631 0     9.7 0    50.9 0    90.1 0   -15.6 0    74.4 0     0.4 0    78.2 0     6.7 0   280.7 0   967.9 0
 2026  11  1 11 17  3 17.050  62.54   107.3 0    23.2 0     0.4 0   106.8 0   300.2 0   274.191 0   274.149 0   315.0 0   273.460 0   273.596 0     8.6 0    47.3 0    83.8 0   -14.8 0    69.0 0     0.4 0    76.3 0     5.0 0   301.5 0   967.9 0
 2026  11  1 11 17  4 17.067  62.52    78.8 0    17.9 0     0.5 0    80.5 0   301.6 0   274.170 0   274.098 0   314.7 0   273.439 0   273.568 0     5.9 0    34.8 0    62.9 0   -13.1 0    49.8 0     0.4 0    75.7 0     5.7 0   303.3 0   967.9 0
 2026  11  1 11 17  5 17.083  62.51    69.0 0    16.2 0     0.4 0    69.3 0   301.9 0   274.144 0   274.028 0   314.0 0   273.415 0   273.531 0     5.2 0    31.0 0    53.3 0   -12.1 0    41.3 0     0.4 0    75.5 0     6.4 0   285.7 0   967.9 0
 2026  11  1 11 17  6 17.100  62.50    79.2 0    18.9 0     0.5 0    77.1 0   301.4 0   274.114 0   273.990 0   313.7 0   273.384 0   273.496 0     6.1 0    35.8 0    58.5 0   -12.3 0    46.1 0     0.3 0    76.4 0     6.6 0   295.8 0   967.9 0
 2026  11  1 11 17  7 17.117  62.49   128.6 0    29.1 0     0.6 0   122.3 0   295.4 0   274.088 0   274.042 0   314.4 0   273.354 0   273.486 0    10.5 0    57.6 0    93.4 0   -19.0 0    74.5 0     0.3 0    77.3 0     6.0 0   291.1 0   968.0 0
 2026  11  1 11 17  8 17.133  62.47   154.9 0    34.0 0     0.4 0   150.8 0   291.3 0   274.074 0   274.084 0   314.7 0   273.333 0   273.484 0    12.5 0    68.8 0   117.0 0   -23.4 0    93.6 0     0.2 0    76.9 0     7.1 0   283.4 0   968.0 0
 2026  11  1 11 17  9 17.150  62.46   157.3 0    34.4 0     0.3 0   155.2 0   290.9 0   274.067 0   274.126 0   315.6 0   273.317 0   273.487 0    12.5 0    69.8 0   121.0 0   -24.7 0    96.3 0     0.3 0    77.3 0     5.6 0   284.5 0   967.9 0
 2026  11  1 11 17 10 17.167  62.45   151.0 0    32.9 0     0.3 0   150.2 0   291.7 0   274.068 0   274.147 0   316.1 0   273.313 0   273.494 0    11.9 0    66.8 0   117.4 0   -24.4 0    93.0 0     0.4 0    76.4 0     5.2 0   296.5 0   968.0 0
 2026  11  1 11 17 11 17.183  62.45   142.2 0    31.1 0     0.2 0   142.0 0   293.0 0   274.074 0   274.144 0   316.4 0   273.314 0   273.494 0    11.2 0    62.7 0   110.9 0   -23.4 0    87.5 0     0.4 0    76.1 0     4.3 0   292.9 0   968.0 0
 2026  11  1 11 17 12 17.200  62.44   128.5 0    28.8 0     0.2 0   129.1 0   294.6 0   274.080 0   274.146 0   316.2 0   273.316 0   273.494 0     9.7 0    56.5 0   100.4 0   -21.6 0    78.8 0     0.5 0    75.1 0     5.2 0   287.6 0   967.9 0
 2026  11  1 11 17 13 17.217  62.43   121.9 0    27.9 0     0.3 0   122.1 0   295.9 0   274.088 0   274.154 0   316.4 0   273.320 0   273.496 0     9.0 0    53.7 0    94.4 0   -20.5 0    73.9 0     0.5 0    75.0 0     4.4 0   295.3 0   967.9 0
 2026  11  1 11 17 14 17.233  62.43   121.3 0    27.7 0     0.2 0   121.3 0   296.4 0   274.098 0   274.150 0   316.1 0   273.323 0   273.495 0     9.1 0    53.5 0    93.7 0   -19.7 0    74.0 0     0.5 0    73.8 0     5.5 0   302.7 0   967.9 0
 2026  11  1 11 17 15 17.250  62.42   130.5 0    29.2 0     0.3 0   129.3 0   295.7 0   274.105 0   274.154 0   316.2 0   273.323 0   273.495 0    10.0 0    57.6 0   100.2 0   -20.5 0    79.7 0     0.5 0    73.2 0     5.1 0   293.4 0   967.8 0
 2026  11  1 11 17 16 17.267  62.42   127.0 0    28.2 0     0.3 0   127.7 0   295.5 0   274.113 0   274.181 0   316.6 0   273.326 0   273.501 0     9.5 0    55.6 0    99.6 0   -21.1 0    78.5 0     0.5 0    73.3 0     4.9 0   287.7 0   967.8 0
 2026  11  1 11 17 17 17.283  62.41   106.5 0    24.5 0     0.4 0   108.2 0   295.9 0   274.122 0   274.166 0   316.3 0   273.331 0   273.501 0     7.5 0    47.1 0    83.9 0   -20.4 0    63.5 0     0.6 0    72.0 0     4.3 0   289.9 0   967.8 0
 2026  11  1 11 17 18 17.300  62.41   109.0 0    25.0 0     0.4 0   109.0 0   294.8 0   274.128 0   274.171 0   316.2 0   273.335 0   273.505 0     7.9 0    48.6 0    84.2 0   -21.4 0    62.8 0     0.6 0    70.6 0     4.9 0   288.4 0   967.8 0
 2026  11  1 11 17 19 17.317  62.41   120.6 0    27.1 0     0.3 0   119.4 0   292.0 0   274.137 0   274.194 0   315.9 0   273.341 0   273.512 0    10.0 0    53.0 0    92.4 0   -23.9 0    68.5 0     0.6 0    69.2 0     7.0 0   286.0 0   967.8 0
 2026  11  1 11 17 20 17.333  62.41   141.8 0    30.9 0     0.3 0   139.5 0   288.7 0   274.148 0   274.217 0   315.6 0   273.348 0   273.526 0    12.6 0    61.6 0   108.8 0   -26.9 0    81.9 0     0.6 0    66.4 0     6.9 0   289.9 0   967.8 0
 2026  11  1 11 17 21 17.350  62.41   147.2 0    31.7 0     0.3 0   146.3 0   286.7 0   274.161 0   274.251 0   315.7 0   273.358 0   273.543 0    13.6 0    63.8 0   114.8 0   -29.0 0    85.7 0     0.6 0    64.8 0     8.5 0   302.3 0   967.8 0
 2026  11  1 11 17 22 17.367  62.41   146.9 0    31.6 0     0.3 0   146.0 0   283.9 0   274.178 0   274.267 0   315.7 0   273.370 0   273.556 0    14.3 0    64.3 0   114.5 0   -31.8 0    82.6 0     0.7 0    65.3 0     6.8 0   305.4 0   967.8 0
 2026  11  1 11 17 23 17.383  62.41   159.8 0    33.9 0     0.4 0   158.0 0   284.0 0   274.200 0   274.321 0   316.2 0   273.384 0   273.577 0    14.9 0    70.0 0   124.2 0   -32.2 0    92.0 0     0.7 0    65.5 0     7.9 0   278.9 0   967.8 0
 2026  11  1 11 17 24 17.400  62.41   149.0 0    31.8 0     0.3 0   149.9 0   284.1 0   274.226 0   274.339 0   316.1 0   273.398 0   273.586 0    14.2 0    65.2 0   118.2 0   -32.0 0    86.2 0     0.7 0    64.8 0     8.3 0   278.8 0   967.8 0
 2026  11  1 11 17 25 17.417  62.42   136.1 0    28.7 0     0.2 0   137.3 0   281.9 0   274.250 0   274.338 0   315.9 0   273.409 0   273.591 0    14.5 0    59.5 0   108.7 0   -34.0 0    74.7 0     0.7 0    65.6 0     7.8 0   278.0 0   967.8 0
 2026  11  1 11 17 26 17.433  62.42   128.4 0    26.7 0     0.1 0   129.5 0   281.5 0   274.267 0   274.321 0   315.7 0   273.419 0   273.595 0    14.3 0    56.3 0   102.9 0   -34.2 0    68.7 0     0.7 0    64.8 0     6.6 0   284.5 0   967.8 0
 2026  11  1 11 17 27 17.450  62.43   119.0 0    25.3 0     0.1 0   120.2 0   286.0 0   274.279 0   274.314 0   315.4 0   273.426 0   273.597 0    12.3 0    52.5 0    95.0 0   -29.4 0    65.6 0     0.7 0    62.5 0     8.2 0   286.6 0   967.8 0
 2026  11  1 11 17 28 17.467  62.43   117.8 0    25.8 0     0.2 0   118.0 0   290.9 0   274.286 0   274.321 0   315.7 0   273.433 0   273.605 0    10.5 0    52.4 0    92.3 0   -24.8 0    67.6 0     0.7 0    62.8 0     5.6 0   288.8 0   967.8 0
 2026  11  1 11 17 29 17.483  62.44   125.7 0    27.8 0     1.6 0   124.9 0   292.4 0   274.297 0   274.352 0   315.9 0   273.441 0   273.617 0    10.3 0    55.6 0    97.9 0   -23.5 0    74.4 0     0.8 0    61.7 0     7.0 0   284.5 0   967.8 0
 2026  11  1 11 17 30 17.500  62.45   114.2 0    25.7 0     0.3 0   116.4 0   292.5 0   274.307 0   274.349 0   315.4 0   273.448 0   273.620 0     9.2 0    50.4 0    90.9 0   -22.9 0    68.0 0     0.8 0    60.7 0     8.4 0   287.5 0   967.8 0
 2026  11  1 11 17 31 17.517  62.46   104.1 0    23.9 0     0.3 0   105.8 0   292.5 0   274.317 0   274.333 0   314.8 0   273.453 0   273.618 0     8.0 0    46.4 0    82.1 0   -22.3 0    59.8 0     0.7 0    59.2 0     9.7 0   290.2 0   967.8 0
 2026  11  1 11 17 32 17.533  62.47   120.4 0    28.9 0    14.7 0   113.3 0   291.8 0   274.322 0   274.315 0   314.5 0   273.457 0   273.623 0     8.2 0    54.3 0    91.2 0   -22.7 0    68.6 0     0.7 0    57.3 0     9.8 0   293.7 0   967.7 0
 2026  11  1 11 17 33 17.550  62.48   155.3 0    36.6 0    11.8 0   147.7 0   287.9 0   274.333 0   274.397 0   315.3 0   273.464 0   273.651 0    10.8 0    67.5 0   116.6 0   -27.4 0    89.3 0     0.8 0    58.2 0    10.2 0   279.7 0   967.8 0
 2026  11  1 11 17 34 17.567  62.49   179.5 0    39.9 0     0.6 0   176.5 0   280.6 0   274.357 0   274.458 0   315.6 0   273.476 0   273.672 0    14.7 0    78.2 0   136.9 0   -35.0 0   101.9 0     0.8 0    59.1 0    11.1 0   266.7 0   967.7 0
 2026  11  1 11 17 35 17.583  62.50   189.9 0    41.6 0     0.5 0   188.4 0   278.4 0   274.386 0   274.517 0   316.0 0   273.493 0   273.699 0    16.3 0    82.5 0   147.0 0   -37.6 0   109.4 0     0.8 0    58.2 0     9.6 0   274.4 0   967.7 0
 2026  11  1 11 17 36 17.600  62.51   226.5 0    50.9 0    13.1 0   215.1 0   279.6 0   274.420 0   274.619 0   317.7 0   273.516 0   273.743 0    17.6 0    98.7 0   170.3 0   -38.1 0   132.2 0     0.9 0    59.6 0     6.7 0   286.3 0   967.7 0
 2026  11  1 11 17 37 17.617  62.53   433.8 0   105.4 0   289.5 0   297.8 0   276.8 0   274.477 0   274.855 0   322.3 0   273.555 0   273.870 0    23.2 0   187.4 0   325.9 0   -45.5 0   280.4 0     1.0 0    60.5 0     7.2 0   277.2 0   967.8 0
 2026  11  1 11 17 38 17.633  62.54   437.6 0   107.1 0   277.1 0   314.6 0   273.7 0   274.592 0   275.138 0   326.5 0   273.633 0   274.034 0    24.1 0   178.9 0   335.2 0   -52.9 0   282.3 0     1.3 0    59.6 0     7.2 0   280.4 0   967.8 0
 2026  11  1 11 17 39 17.650  62.56   681.4 0   172.6 0   827.5 0   314.4 0   270.0 0   274.754 0   275.360 0   332.3 0   273.730 0   274.230 0    28.8 0   274.6 0   523.2 0   -62.2 0   460.9 0     1.5 0    57.5 0     7.1 0   283.1 0   967.7 0
 2026  11  1 11 17 40 17.667  62.58   572.1 0   142.4 0   601.2 0   307.2 0   267.9 0   274.950 0   275.521 0   333.6 0   273.851 0   274.359 0    27.8 0   238.3 0   441.7 0   -65.7 0   376.0 0     1.8 0    57.8 0     6.6 0   272.6 0   967.7 0
 2026  11  1 11 17 41 17.683  62.59   606.3 0   149.9 0   711.0 0   289.7 0   270.4 0   275.154 0   275.725 0   335.7 0   273.979 0   274.503 0    27.8 0   248.8 0   467.1 0   -65.3 0   401.8 0     2.0 0    55.8 0     7.3 0   278.8 0   967.7 0
 2026  11  1 11 17 42 17.700  62.61   447.1 0   108.4 0   377.9 0   280.7 0   264.8 0   275.357 0   275.860 0   333.0 0   274.095 0   274.558 0    25.4 0   184.6 0   346.2 0   -68.2 0   278.0 0     2.1 0    57.5 0     7.1 0   261.1 0   967.7 0
 2026  11  1 11 17 43 17.717  62.63   606.2 0   152.0 0   729.2 0   283.4 0   260.1 0   275.527 0   275.950 0   335.6 0   274.205 0   274.706 0    28.6 0   246.9 0   466.6 0   -75.5 0   391.1 0     2.2 0    55.4 0     8.1 0   259.8 0   967.7 0
 2026  11  1 11 17 44 17.733  62.65   424.9 0   102.3 0   340.0 0   276.5 0   263.8 0   275.690 0   276.012 0   331.1 0   274.307 0   274.720 0    25.3 0   173.6 0   330.5 0   -67.2 0   263.2 0     2.1 0    53.4 0     8.7 0   261.8 0   967.7 0
 2026  11  1 11 17 45 17.750  62.67   266.8 0    58.5 0    15.5 0   262.1 0   270.9 0   275.793 0   275.942 0   324.8 0   274.351 0   274.617 0    21.5 0   114.4 0   210.7 0   -53.9 0   156.8 0     1.8 0    54.2 0     9.9 0   261.9 0   967.6 0
 2026  11  1 11 17 46 17.767  62.69   257.7 0    57.3 0     3.1 0   257.1 0   275.0 0   275.818 0   275.817 0   321.0 0   274.343 0   274.534 0    20.1 0   109.5 0   201.2 0   -46.0 0   155.1 0     1.5 0    53.3 0    12.4 0   264.4 0   967.6 0
 2026  11  1 11 17 47 17.783  62.71   270.1 0    60.7 0    15.9 0   262.3 0   276.3 0   275.799 0   275.751 0   320.7 0   274.305 0   274.498 0    19.8 0   114.8 0   209.0 0   -44.3 0   164.6 0     1.3 0    54.5 0     9.8 0   261.1 0   967.6 0
 2026  11  1 11 17 48 17.800  62.74   269.7 0    60.2 0     9.2 0   264.1 0   276.5 0   275.765 0   275.768 0   321.6 0   274.279 0   274.492 0    19.7 0   114.1 0   208.2 0   -45.1 0   163.1 0     1.2 0    56.7 0     9.2 0   261.9 0   967.7 0
 2026  11  1 11 17 49 17.817  62.76   277.1 0    62.1 0     3.1 0   273.8 0   274.2 0   275.731 0   275.716 0   320.5 0   274.260 0   274.458 0    20.1 0   115.5 0   213.1 0   -46.2 0   166.9 0     1.2 0    53.9 0    10.3 0   261.5 0   967.6 0
 2026  11  1 11 17 50 17.833  62.79   274.0 0    60.4 0     1.3 0   271.5 0   271.5 0   275.691 0   275.674 0   320.4 0   274.235 0   274.438 0    20.4 0   114.6 0   211.7 0   -48.8 0   162.9 0     1.1 0    53.6 0     8.8 0   270.4 0   967.6 0
 2026  11  1 11 17 51 17.850  62.81   272.1 0    59.8 0     2.3 0   268.6 0   270.3 0   275.650 0   275.657 0   320.5 0   274.213 0   274.420 0    20.6 0   114.0 0   209.9 0   -50.2 0   159.7 0     1.1 0    54.5 0     8.8 0   274.3 0   967.6 0
 2026  11  1 11 17 52 17.867  62.84   289.4 0    64.0 0    10.2 0   280.0 0   270.4 0   275.617 0   275.679 0   321.6 0   274.200 0   274.421 0    21.1 0   121.6 0   220.6 0   -51.2 0   169.4 0     1.1 0    55.0 0     8.2 0   275.1 0   967.7 0
 2026  11  1 11 17 53 17.883  62.87   376.9 0    86.6 0   145.6 0   307.2 0   269.7 0   275.596 0   275.719 0   323.6 0   274.195 0   274.458 0    23.0 0   157.8 0   287.0 0   -53.9 0   233.0 0     1.2 0    55.1 0     8.9 0   265.6 0   967.7 0
 2026  11  1 11 17 54 17.900  62.90   411.1 0    94.9 0   225.0 0   307.9 0   265.5 0   275.600 0   275.750 0   323.9 0   274.207 0   274.489 0    24.0 0   172.9 0   315.5 0   -58.5 0   257.0 0     1.3 0    54.3 0    10.2 0   268.3 0   967.7 0
 2026  11  1 11 17 55 17.917  62.93   441.4 0   108.8 0   335.8 0   297.9 0   260.4 0   275.613 0   275.703 0   323.6 0   274.217 0   274.507 0    24.7 0   187.6 0   341.9 0   -63.2 0   278.7 0     1.3 0    53.7 0    11.4 0   264.7 0   967.7 0
 2026  11  1 11 17 56 17.933  62.96   530.6 0   134.4 0   578.9 0   280.4 0   260.7 0   275.643 0   275.753 0   327.2 0   274.240 0   274.605 0    25.9 0   217.0 0   409.3 0   -66.5 0   342.8 0     1.4 0    53.3 0    10.5 0   268.4 0   967.7 0
 2026  11  1 11 17 57 17.950  62.99   469.1 0   116.8 0   458.7 0   267.2 0   260.4 0   275.701 0   275.759 0   325.0 0   274.268 0   274.607 0    24.6 0   190.8 0   358.7 0   -64.6 0   294.2 0     1.4 0    50.6 0    14.3 0   258.5 0   967.7 0
 2026  11  1 11 17 58 17.967  63.02   393.9 0    94.7 0   268.2 0   275.9 0   260.7 0   275.738 0   275.719 0   322.4 0   274.256 0   274.526 0    23.6 0   166.5 0   302.9 0   -61.7 0   241.2 0     1.3 0    51.0 0    11.9 0   266.3 0   967.7 0
 2026  11  1 11 17 59 17.983  63.05   647.8 0   166.6 0   848.9 0   277.9 0   267.7 0   275.755 0   275.783 0   328.9 0   274.254 0   274.650 0    26.9 0   262.9 0   496.0 0   -61.2 0   434.9 0     1.3 0    51.6 0    10.0 0   292.1 0   967.8 0
 2026  11  1 11 18  0 18.000  63.08   497.1 0   121.7 0   472.2 0   285.9 0   271.2 0   275.817 0   275.946 0   330.1 0   274.299 0   274.708 0    24.0 0   199.6 0   377.9 0   -58.9 0   319.0 0     1.5 0    51.3 0     9.5 0   290.9 0   967.7 0
 2026  11  1 11 18  1 18.017  63.12   361.1 0    85.0 0   157.1 0   292.9 0   269.7 0   275.872 0   275.961 0   325.5 0   274.322 0   274.623 0    22.0 0   151.4 0   278.9 0   -55.8 0   223.1 0     1.5 0    50.8 0     9.8 0   278.5 0   967.7 0
 2026  11  1 11 18  2 18.033  63.15   274.3 0    60.9 0     2.3 0   274.1 0   273.3 0   275.882 0   275.961 0   324.3 0   274.320 0   274.578 0    19.4 0   115.1 0   214.2 0   -50.9 0   163.3 0     1.5 0    54.1 0     8.0 0   270.0 0   967.7 0
 2026  11  1 11 18  3 18.050  63.19   260.5 0    57.9 0     1.7 0   260.3 0   279.6 0   275.875 0   275.938 0   322.6 0   274.318 0   274.544 0    17.2 0   109.1 0   203.2 0   -43.1 0   160.1 0     1.4 0    52.1 0     8.7 0   275.2 0   967.7 0
 2026  11  1 11 18  4 18.067  63.23   230.0 0    52.0 0     0.8 0   230.6 0   283.4 0   275.843 0   275.776 0   320.6 0   274.301 0   274.485 0    14.7 0    97.2 0   178.9 0   -37.3 0   141.7 0     1.3 0    51.2 0     9.3 0   289.5 0   967.7 0
 2026  11  1 11 18  5 18.083  63.26   220.2 0    49.6 0     0.9 0   218.4 0   283.9 0   275.796 0   275.763 0   321.5 0   274.281 0   274.481 0    14.0 0    93.7 0   169.2 0   -37.6 0   131.6 0     1.3 0    54.0 0     6.4 0   265.4 0   967.8 0
 2026  11  1 11 18  6 18.100  63.30   234.3 0    52.0 0     0.8 0   230.0 0   283.4 0   275.751 0   275.717 0   321.5 0   274.271 0   274.474 0    14.7 0    99.5 0   178.3 0   -38.1 0   140.2 0     1.3 0    53.1 0     7.0 0   262.0 0   967.8 0
 2026  11  1 11 18  7 18.117  63.34   246.8 0    55.4 0     7.6 0   240.1 0   281.5 0   275.704 0   275.669 0   321.4 0   274.258 0   274.459 0    15.5 0   104.5 0   188.1 0   -39.9 0   148.1 0     1.2 0    55.5 0     8.3 0   261.3 0   967.7 0
 2026  11  1 11 18  8 18.133  63.38   235.3 0    52.1 0     1.1 0   232.4 0   275.4 0   275.656 0   275.596 0   320.8 0   274.243 0   274.434 0    16.6 0    99.3 0   180.7 0   -45.4 0   135.3 0     1.2 0    54.6 0     8.9 0   262.2 0   967.8 0
 2026  11  1 11 18  9 18.150  63.42   239.9 0    52.8 0     0.6 0   236.6 0   273.3 0   275.601 0   275.530 0   320.1 0   274.219 0   274.404 0    17.1 0   100.7 0   184.0 0   -46.8 0   137.2 0     1.1 0    53.8 0     7.8 0   265.1 0   967.8 0
 2026  11  1 11 18 10 18.167  63.46   231.1 0    50.8 0     0.5 0   229.2 0   276.6 0   275.546 0   275.500 0   320.8 0   274.199 0   274.394 0    15.9 0    97.2 0   178.7 0   -44.2 0   134.5 0     1.1 0    55.5 0     7.1 0   270.8 0   967.9 0
 2026  11  1 11 18 11 18.183  63.51   221.7 0    49.3 0     0.5 0   219.4 0   277.0 0   275.498 0   275.454 0   320.5 0   274.189 0   274.379 0    14.9 0    93.7 0   170.3 0   -43.5 0   126.8 0     1.2 0    54.9 0     9.2 0   268.9 0   967.8 0
 2026  11  1 11 18 12 18.200  63.55   212.3 0    47.4 0     0.6 0   211.2 0   275.2 0   275.448 0   275.340 0   318.9 0   274.167 0   274.335 0    15.0 0    89.6 0   164.0 0   -43.7 0   120.3 0     1.1 0    53.0 0    10.1 0   257.7 0   967.8 0
 2026  11  1 11 18 13 18.217  63.60   204.2 0    45.6 0     0.6 0   202.6 0   273.4 0   275.389 0   275.267 0   318.4 0   274.131 0   274.293 0    15.5 0    86.6 0   157.2 0   -45.0 0   112.2 0     1.0 0    53.2 0     8.4 0   259.6 0   967.9 0
 2026  11  1 11 18 14 18.233  63.64   197.4 0    44.3 0     0.7 0   196.6 0   266.3 0   275.330 0   275.192 0   317.1 0   274.090 0   274.238 0    16.3 0    84.1 0   152.6 0   -50.8 0   101.8 0     0.9 0    53.1 0    11.1 0   250.9 0   967.8 0
 2026  11  1 11 18 15 18.250  63.69   211.4 0    48.7 0    21.1 0   200.5 0   261.8 0   275.270 0   275.100 0   316.3 0   274.040 0   274.186 0    17.4 0    93.2 0   161.2 0   -54.5 0   106.7 0     0.8 0    53.4 0    11.2 0   255.9 0   967.8 0
 2026  11  1 11 18 16 18.267  63.73   221.7 0    49.9 0    16.9 0   211.8 0   257.0 0   275.213 0   275.057 0   315.9 0   273.990 0   274.141 0    17.8 0    92.4 0   169.5 0   -58.9 0   110.6 0     0.8 0    51.7 0    11.8 0   257.0 0   967.9 0
 2026  11  1 11 18 17 18.283  63.78   310.0 0    79.9 0   217.6 0   218.0 0   254.5 0   275.160 0   275.031 0   317.5 0   273.944 0   274.141 0    19.0 0   130.1 0   234.2 0   -63.0 0   171.2 0     0.8 0    51.9 0    10.8 0   262.3 0   967.9 0
 2026  11  1 11 18 18 18.300  63.83   299.3 0    73.1 0   169.0 0   228.5 0   262.6 0   275.140 0   275.141 0   319.2 0   273.926 0   274.169 0    18.4 0   124.7 0   230.0 0   -56.6 0   173.4 0     0.9 0    52.4 0    11.4 0   265.1 0   967.9 0
 2026  11  1 11 18 19 18.317  63.88   243.7 0    56.9 0    28.9 0   229.7 0   272.8 0   275.132 0   275.101 0   317.7 0   273.904 0   274.099 0    16.0 0   102.7 0   185.5 0   -44.8 0   140.7 0     0.9 0    52.2 0    11.6 0   280.9 0   968.0 0
 2026  11  1 11 18 20 18.333  63.93   224.9 0    51.8 0     3.9 0   222.9 0   281.2 0   275.111 0   275.082 0   317.5 0   273.878 0   274.059 0    13.9 0    94.5 0   172.8 0   -36.3 0   136.5 0     0.9 0    52.3 0    12.3 0   278.0 0   968.1 0
 2026  11  1 11 18 21 18.350  63.98   435.4 0   115.4 0   543.3 0   209.4 0   284.2 0   275.085 0   275.087 0   321.2 0   273.852 0   274.105 0    15.2 0   182.6 0   332.4 0   -37.0 0   295.4 0     0.9 0    53.4 0    10.7 0   275.1 0   968.1 0
 2026  11  1 11 18 22 18.367  64.03   253.3 0    60.2 0   163.7 0   183.0 0   283.4 0   275.118 0   275.200 0   321.4 0   273.872 0   274.158 0    12.5 0   101.2 0   194.5 0   -38.0 0   156.5 0     1.1 0    51.9 0    11.2 0   272.0 0   968.1 0
 2026  11  1 11 18 23 18.383  64.08   161.8 0    37.5 0     8.1 0   161.3 0   281.6 0   275.135 0   275.013 0   316.7 0   273.865 0   274.035 0    11.5 0    68.2 0   127.4 0   -35.1 0    92.3 0     1.0 0    49.1 0    10.9 0   275.5 0   968.1 0
 2026  11  1 11 18 24 18.400  64.14   140.5 0    31.8 0     1.3 0   142.2 0   278.8 0   275.099 0   274.906 0   315.2 0   273.831 0   273.972 0    11.4 0    59.1 0   110.9 0   -36.5 0    74.5 0     0.9 0    48.8 0    11.5 0   274.2 0   968.1 0
 2026  11  1 11 18 25 18.417  64.19   118.2 0    27.0 0     0.7 0   120.3 0   276.6 0   275.041 0   274.809 0   314.1 0   273.787 0   273.914 0    10.6 0    50.1 0    93.6 0   -37.4 0    56.1 0     0.8 0    48.9 0    11.1 0   282.4 0   968.2 0
 2026  11  1 11 18 26 18.433  64.24   105.5 0    24.7 0     0.7 0   106.5 0   279.2 0   274.976 0   274.744 0   313.7 0   273.745 0   273.869 0     9.3 0    45.2 0    82.1 0   -34.4 0    47.7 0     0.7 0    49.8 0     7.7 0   296.7 0   968.2 0
 2026  11  1 11 18 27 18.450  64.30   109.7 0    26.3 0     6.8 0   107.2 0   282.6 0   274.913 0   274.709 0   313.9 0   273.714 0   273.846 0     8.5 0    47.3 0    83.8 0   -31.2 0    52.6 0     0.7 0    50.3 0     7.6 0   295.6 0   968.3 0
 2026  11  1 11 18 28 18.467  64.36   101.8 0    24.5 0     6.9 0   100.3 0   283.5 0   274.855 0   274.627 0   313.4 0   273.686 0   273.813 0     7.9 0    43.8 0    78.8 0   -29.9 0    48.9 0     0.7 0    49.2 0     8.8 0   302.4 0   968.2 0
 2026  11  1 11 18 29 18.483  64.41    94.0 0    22.3 0     0.6 0    94.6 0   282.7 0   274.796 0   274.590 0   313.2 0   273.656 0   273.781 0     7.8 0    40.6 0    72.5 0   -30.5 0    42.1 0     0.7 0    50.1 0     7.9 0   285.7 0   968.3 0
 2026  11  1 11 18 30 18.500  64.47    95.9 0    22.4 0     0.6 0    95.5 0   278.7 0   274.740 0   274.501 0   312.5 0   273.624 0   273.732 0     8.6 0    41.4 0    73.3 0   -33.8 0    39.4 0     0.6 0    50.3 0    10.4 0   276.7 0   968.3 0
 2026  11  1 11 18 31 18.517  64.53   102.7 0    24.1 0     3.4 0   100.8 0   274.7 0   274.679 0   274.458 0   312.7 0   273.585 0   273.708 0     9.4 0    44.5 0    78.1 0   -38.0 0    40.1 0     0.6 0    50.8 0     6.1 0   298.8 0   968.3 0
 2026  11  1 11 18 32 18.533  64.59   104.4 0    24.3 0     2.9 0   103.1 0   271.8 0   274.626 0   274.434 0   312.8 0   273.559 0   273.691 0     9.7 0    45.3 0    80.1 0   -41.0 0    39.1 0     0.6 0    49.8 0     7.4 0   296.3 0   968.3 0
 2026  11  1 11 18 33 18.550  64.65   114.3 0    26.8 0     1.8 0   112.5 0   273.3 0   274.577 0   274.411 0   312.9 0   273.535 0   273.674 0     9.7 0    49.4 0    86.4 0   -39.6 0    46.8 0     0.6 0    49.5 0     6.6 0   287.0 0   968.3 0
 2026  11  1 11 18 34 18.567  64.71   117.9 0    27.5 0     1.3 0   117.5 0   275.2 0   274.539 0   274.416 0   313.5 0   273.516 0   273.666 0     9.6 0    50.5 0    90.6 0   -38.3 0    52.3 0     0.6 0    50.6 0     7.6 0   286.0 0   968.3 0
 2026  11  1 11 18 35 18.583  64.77   105.0 0    23.7 0     0.2 0   106.4 0   274.7 0   274.509 0   274.398 0   313.5 0   273.504 0   273.654 0     9.5 0    45.5 0    82.8 0   -38.8 0    44.0 0     0.7 0    50.7 0     8.6 0   282.6 0   968.4 0
 2026  11  1 11 18 36 18.600  64.83    95.0 0    21.4 0     0.2 0    96.1 0   272.6 0   274.480 0   274.349 0   313.0 0   273.492 0   273.635 0     9.4 0    41.7 0    74.8 0   -40.4 0    34.4 0     0.7 0    50.8 0     8.9 0   270.2 0   968.4 0
 2026  11  1 11 18 37 18.617  64.90    99.6 0    22.6 0     0.2 0    98.9 0   274.6 0   274.452 0   274.335 0   312.9 0   273.479 0   273.622 0     9.3 0    44.0 0    76.4 0   -38.3 0    38.1 0     0.7 0    51.1 0     7.9 0   267.0 0   968.4 0
 2026  11  1 11 18 38 18.633  64.96   114.2 0    26.1 0     0.2 0   112.5 0   280.2 0   274.428 0   274.341 0   313.6 0   273.467 0   273.617 0     8.7 0    49.9 0    86.5 0   -33.5 0    53.1 0     0.6 0    52.2 0     7.2 0   272.0 0   968.5 0
 2026  11  1 11 18 39 18.650  65.03   135.5 0    33.2 0    33.2 0   121.1 0   284.2 0   274.410 0   274.359 0   314.3 0   273.458 0   273.617 0     7.8 0    59.3 0   101.9 0   -30.1 0    71.8 0     0.6 0    52.6 0     8.2 0   261.9 0   968.5 0
 2026  11  1 11 18 40 18.667  65.09   349.1 0    98.2 0   544.6 0   132.2 0   285.7 0   274.410 0   274.410 0   319.1 0   273.460 0   273.720 0     9.5 0   142.7 0   263.5 0   -33.4 0   230.1 0     0.7 0    51.8 0    10.4 0   257.1 0   968.4 0
 2026  11  1 11 18 41 18.683  65.16   125.5 0    30.6 0    16.7 0   121.1 0   284.9 0   274.449 0   274.451 0   316.6 0   273.477 0   273.689 0     7.6 0    54.7 0    97.6 0   -31.6 0    65.9 0     0.7 0    53.6 0     8.4 0   264.0 0   968.5 0
 2026  11  1 11 18 42 18.700  65.22   119.8 0    28.4 0     2.8 0   120.6 0   282.0 0   274.468 0   274.416 0   315.2 0   273.475 0   273.653 0     8.2 0    52.6 0    93.3 0   -33.1 0    60.2 0     0.7 0    53.1 0     8.3 0   271.0 0   968.5 0
 2026  11  1 11 18 43 18.717  65.29   120.8 0    27.9 0     1.5 0   120.9 0   276.4 0   274.466 0   274.408 0   314.8 0   273.470 0   273.639 0     9.4 0    53.7 0    93.6 0   -38.4 0    55.2 0     0.7 0    54.1 0     7.2 0   268.9 0   968.5 0
 2026  11  1 11 18 44 18.733  65.36   137.2 0    31.2 0     0.5 0   135.6 0   269.8 0   274.459 0   274.382 0   314.0 0   273.463 0   273.622 0    11.2 0    60.6 0   104.7 0   -44.2 0    60.5 0     0.7 0    52.6 0     9.4 0   268.3 0   968.5 0
 2026  11  1 11 18 45 18.750  65.43   158.4 0    35.6 0     0.5 0   156.0 0   271.1 0   274.446 0   274.388 0   314.3 0   273.450 0   273.612 0    12.0 0    69.3 0   120.6 0   -43.2 0    77.4 0     0.6 0    52.5 0     8.7 0   263.2 0   968.4 0
 2026  11  1 11 18 46 18.767  65.50   192.3 0    43.8 0     8.1 0   184.8 0   271.8 0   274.437 0   274.448 0   315.4 0   273.442 0   273.625 0    12.7 0    83.6 0   144.3 0   -43.6 0   100.7 0     0.6 0    53.2 0     8.9 0   265.0 0   968.5 0
 2026  11  1 11 18 47 18.783  65.57   217.7 0    49.6 0    12.2 0   210.5 0   267.6 0   274.440 0   274.520 0   316.7 0   273.442 0   273.651 0    13.9 0    92.9 0   165.9 0   -49.1 0   116.8 0     0.6 0    53.4 0     6.9 0   270.0 0   968.5 0
 2026  11  1 11 18 48 18.800  65.64   193.4 0    43.2 0     0.6 0   194.8 0   268.2 0   274.453 0   274.533 0   316.8 0   273.453 0   273.663 0    13.3 0    82.4 0   151.8 0   -48.6 0   103.2 0     0.7 0    52.8 0     7.3 0   272.5 0   968.5 0
 2026  11  1 11 18 49 18.817  65.71   177.8 0    40.0 0     2.6 0   177.6 0   275.2 0   274.463 0   274.528 0   316.5 0   273.461 0   273.659 0    12.0 0    76.6 0   138.7 0   -41.2 0    97.5 0     0.7 0    53.0 0     7.9 0   267.2 0   968.5 0
 2026  11  1 11 18 50 18.833  65.79   170.7 0    38.1 0     0.0 0   171.0 0   277.2 0   274.472 0   274.526 0   316.4 0   273.469 0   273.664 0    11.6 0    73.3 0   133.0 0   -39.2 0    93.7 0     0.7 0    53.9 0     8.3 0   273.3 0   968.5 0
 2026  11  1 11 18 51 18.850  65.86   157.6 0    35.4 0     0.1 0   159.0 0   277.2 0   274.478 0   274.499 0   315.4 0   273.473 0   273.647 0    11.0 0    67.7 0   123.6 0   -38.2 0    85.5 0     0.7 0    51.1 0    11.1 0   267.6 0   968.5 0
 2026  11  1 11 18 52 18.867  65.94   146.8 0    33.5 0     0.2 0   147.5 0   280.6 0   274.474 0   274.443 0   314.8 0   273.462 0   273.629 0    10.2 0    63.4 0   114.1 0   -34.2 0    79.9 0     0.6 0    51.2 0     9.4 0   264.3 0   968.5 0
 2026  11  1 11 18 53 18.883  66.01   151.3 0    34.6 0     0.3 0   150.7 0   282.1 0   274.462 0   274.413 0   314.6 0   273.447 0   273.604 0    10.0 0    65.2 0   116.2 0   -32.5 0    83.7 0     0.5 0    51.7 0    10.5 0   264.3 0   968.5 0
 2026  11  1 11 18 54 18.900  66.09   154.1 0    35.2 0     0.3 0   153.6 0   282.9 0   274.448 0   274.423 0   315.0 0   273.431 0   273.594 0     9.8 0    66.0 0   118.5 0   -32.0 0    86.4 0     0.5 0    52.9 0     9.4 0   266.4 0   968.5 0
 2026  11  1 11 18 55 18.917  66.16   149.5 0    34.4 0     0.3 0   149.5 0   284.6 0   274.438 0   274.422 0   314.9 0   273.419 0   273.582 0     9.2 0    64.0 0   115.2 0   -30.3 0    84.9 0     0.5 0    52.6 0     9.5 0   263.3 0   968.6 0
 2026  11  1 11 18 56 18.933  66.24   144.4 0    33.8 0     0.4 0   144.6 0   285.9 0   274.424 0   274.370 0   314.5 0   273.401 0   273.556 0     8.7 0    61.8 0   110.9 0   -28.6 0    82.3 0     0.5 0    53.4 0    10.1 0   267.1 0   968.6 0
 2026  11  1 11 18 57 18.950  66.32   139.6 0    33.8 0     0.6 0   140.0 0   285.9 0   274.401 0   274.283 0   313.6 0   273.373 0   273.504 0     8.1 0    59.9 0   106.5 0   -27.6 0    78.9 0     0.4 0    52.7 0    12.6 0   270.2 0   968.7 0
 2026  11  1 11 18 58 18.967  66.40   147.8 0    36.2 0     0.6 0   146.7 0   285.0 0   274.367 0   274.205 0   313.1 0   273.326 0   273.449 0     8.6 0    63.6 0   110.8 0   -28.0 0    82.8 0     0.3 0    52.3 0    13.1 0   272.0 0   968.8 0
 2026  11  1 11 18 59 18.983  66.48   164.6 0    39.8 0     0.9 0   162.6 0   284.1 0   274.329 0   274.254 0   313.7 0   273.276 0   273.418 0     9.6 0    70.7 0   123.2 0   -29.7 0    93.5 0     0.2 0    53.8 0     9.9 0   275.9 0   968.8 0
 2026  11  1 11 19  0 19.000  66.56   183.4 0    44.0 0     5.8 0   178.9 0   282.3 0   274.307 0   274.300 0   314.7 0   273.243 0   273.413 0    10.5 0    78.7 0   137.2 0   -32.4 0   104.8 0     0.2 0    54.9 0     9.8 0   265.2 0   968.7 0
 2026  11  1 11 19  1 19.017  66.64   218.4 0    53.0 0    22.3 0   205.9 0   280.2 0   274.294 0   274.317 0   315.2 0   273.221 0   273.409 0    11.6 0    93.9 0   161.7 0   -35.0 0   126.7 0     0.2 0    54.2 0    10.9 0   268.9 0   968.7 0
 2026  11  1 11 19  2 19.033  66.72   268.5 0    65.5 0    66.5 0   239.4 0   277.3 0   274.292 0   274.395 0   316.7 0   273.210 0   273.433 0    13.1 0   114.7 0   200.1 0   -39.4 0   160.8 0     0.3 0    54.3 0     9.8 0   275.1 0   968.7 0
 2026  11  1 11 19  3 19.050  66.80   290.6 0    73.0 0   108.9 0   251.4 0   272.8 0   274.311 0   274.467 0   318.0 0   273.216 0   273.466 0    13.9 0   125.1 0   221.4 0   -45.2 0   176.2 0     0.3 0    53.4 0     8.2 0   274.4 0   968.7 0
 2026  11  1 11 19  4 19.067  66.89   266.9 0    63.8 0    74.4 0   238.5 0   269.6 0   274.341 0   274.525 0   319.2 0   273.232 0   273.507 0    13.6 0   110.0 0   203.9 0   -49.6 0   154.3 0     0.4 0    54.5 0     8.6 0   267.2 0   968.7 0
 2026  11  1 11 19  5 19.083  66.97   299.4 0    76.2 0   213.9 0   222.1 0   270.0 0   274.386 0   274.546 0   319.0 0   273.257 0   273.540 0    13.5 0   124.4 0   229.6 0   -49.0 0   180.6 0     0.5 0    53.1 0    11.0 0   262.6 0   968.7 0
 2026  11  1 11 19  6 19.100  67.05   181.0 0    42.9 0    10.3 0   182.6 0   269.3 0   274.421 0   274.408 0   315.3 0   273.271 0   273.481 0    11.9 0    77.8 0   143.7 0   -46.0 0    97.8 0     0.5 0    52.0 0    11.4 0   267.0 0   968.7 0
 2026  11  1 11 19  7 19.117  67.14   178.5 0    42.3 0    23.3 0   170.3 0   268.1 0   274.424 0   274.426 0   315.9 0   273.270 0   273.480 0    11.6 0    77.0 0   137.0 0   -47.8 0    89.2 0     0.5 0    54.9 0     7.5 0   278.9 0   968.8 0
 2026  11  1 11 19  8 19.133  67.23   261.8 0    67.7 0   157.2 0   202.0 0   269.5 0   274.429 0   274.425 0   316.0 0   273.279 0   273.491 0    12.4 0   114.5 0   195.1 0   -46.5 0   148.6 0     0.5 0    52.6 0    12.7 0   275.0 0   969.0 0
 2026  11  1 11 19  9 19.150  67.31   419.5 0   115.0 0   523.3 0   228.4 0   274.4 0   274.443 0   274.474 0   318.7 0   273.279 0   273.547 0    13.8 0   173.2 0   315.2 0   -44.3 0   270.8 0     0.4 0    53.6 0    12.1 0   285.5 0   969.0 0
 2026  11  1 11 19 10 19.167  67.40   305.2 0    80.7 0   227.7 0   225.2 0   275.7 0   274.489 0   274.481 0   317.3 0   273.287 0   273.537 0    13.1 0   125.1 0   232.0 0   -41.7 0   190.3 0     0.5 0    52.3 0    15.0 0   281.4 0   969.1 0
 2026  11  1 11 19 11 19.183  67.49   207.9 0    49.6 0    16.7 0   204.6 0   270.9 0   274.509 0   274.433 0   315.3 0   273.262 0   273.459 0    12.5 0    87.4 0   161.4 0   -44.4 0   117.1 0     0.4 0    53.1 0    12.0 0   284.8 0   969.1 0
 2026  11  1 11 19 12 19.200  67.58   257.3 0    66.5 0   169.8 0   197.2 0   261.2 0   274.497 0   274.398 0   315.3 0   273.232 0   273.430 0    13.3 0   109.0 0   195.4 0   -54.1 0   141.3 0     0.3 0    54.4 0    11.0 0   283.0 0   969.1 0
 2026  11  1 11 19 13 19.217  67.67   380.3 0   105.5 0   463.7 0   216.3 0   261.0 0   274.488 0   274.460 0   317.9 0   273.218 0   273.480 0    14.4 0   159.8 0   287.0 0   -56.9 0   230.1 0     0.3 0    53.9 0    11.5 0   272.7 0   969.1 0
 2026  11  1 11 19 14 19.233  67.76   453.9 0   122.3 0   621.1 0   229.1 0   259.2 0   274.533 0   274.622 0   322.6 0   273.245 0   273.622 0    15.5 0   183.7 0   342.0 0   -63.5 0   278.5 0     0.5 0    53.4 0     9.1 0   285.3 0   969.0 0
 2026  11  1 11 19 15 19.250  67.85   210.3 0    49.8 0    56.2 0   197.6 0   249.6 0   274.607 0   274.637 0   317.8 0   273.286 0   273.556 0    13.9 0    91.3 0   169.0 0   -68.2 0   100.7 0     0.7 0    53.7 0     9.3 0   281.0 0   969.0 0
 2026  11  1 11 19 16 19.267  67.94   307.5 0    86.4 0   453.2 0   157.4 0   239.1 0   274.634 0   274.528 0   317.6 0   273.297 0   273.568 0    14.5 0   130.6 0   241.2 0   -78.5 0   162.6 0     0.6 0    54.2 0    10.0 0   277.0 0   969.0 0
 2026  11  1 11 19 17 19.283  68.03   135.9 0    33.7 0    38.9 0   129.4 0   237.1 0   274.651 0   274.440 0   314.3 0   273.311 0   273.520 0    12.8 0    63.7 0   110.2 0   -77.2 0    33.0 0     0.7 0    54.0 0    10.5 0   277.0 0   969.0 0
 2026  11  1 11 19 18 19.300  68.12   218.0 0    58.5 0   224.8 0   142.1 0   240.0 0   274.637 0   274.402 0   314.2 0   273.303 0   273.497 0    13.2 0    95.9 0   167.4 0   -74.1 0    93.3 0     0.6 0    53.0 0    10.8 0   278.7 0   969.0 0
 2026  11  1 11 19 19 19.317  68.22   201.8 0    48.5 0    92.2 0   166.3 0   245.9 0   274.620 0   274.428 0   314.5 0   273.294 0   273.498 0    13.0 0    85.7 0   152.0 0   -68.6 0    83.4 0     0.5 0    52.8 0     8.6 0   290.7 0   969.0 0
 2026  11  1 11 19 20 19.333  68.31   195.5 0    48.2 0    90.0 0   167.2 0   249.6 0   274.603 0   274.453 0   314.4 0   273.286 0   273.479 0    12.9 0    87.0 0   152.3 0   -64.8 0    87.6 0     0.5 0    52.5 0     9.4 0   278.8 0   969.0 0
 2026  11  1 11 19 21 19.350  68.40   310.5 0    84.1 0   433.1 0   161.6 0   246.2 0   274.589 0   274.472 0   317.2 0   273.285 0   273.536 0    13.8 0   131.3 0   236.9 0   -71.0 0   165.9 0     0.5 0    53.7 0     9.9 0   282.1 0   969.1 0
 2026  11  1 11 19 22 19.367  68.50   207.8 0    51.6 0   168.4 0   151.4 0   243.8 0   274.603 0   274.488 0   316.0 0   273.300 0   273.539 0    12.9 0    91.0 0   161.5 0   -72.2 0    89.4 0     0.6 0    54.7 0     7.7 0   277.5 0   969.1 0
 2026  11  1 11 19 23 19.383  68.59   157.6 0    36.9 0     3.1 0   157.0 0   246.7 0   274.611 0   274.507 0   314.8 0   273.313 0   273.520 0    12.0 0    70.0 0   121.3 0   -68.1 0    53.2 0     0.7 0    55.3 0     6.7 0   272.7 0   969.2 0
 2026  11  1 11 19 24 19.400  68.69   197.2 0    49.0 0    87.8 0   167.8 0   252.7 0   274.598 0   274.471 0   315.0 0   273.321 0   273.517 0    11.9 0    87.2 0   150.7 0   -62.2 0    88.4 0     0.6 0    53.4 0     7.7 0   278.5 0   969.2 0
 2026  11  1 11 19 25 19.417  68.79   350.5 0    98.0 0   507.7 0   178.0 0   259.0 0   274.583 0   274.479 0   317.5 0   273.322 0   273.565 0    12.8 0   148.9 0   263.7 0   -58.5 0   205.2 0     0.6 0    52.2 0    10.8 0   269.6 0   969.1 0
 2026  11  1 11 19 26 19.433  68.89   206.4 0    50.5 0   135.1 0   162.6 0   260.8 0   274.604 0   274.559 0   317.8 0   273.341 0   273.606 0    11.4 0    85.7 0   160.7 0   -57.0 0   103.7 0     0.6 0    53.7 0     9.6 0   267.8 0   969.2 0
 2026  11  1 11 19 27 19.450  68.98   138.9 0    31.7 0     1.4 0   140.1 0   258.4 0   274.611 0   274.443 0   314.2 0   273.342 0   273.518 0    10.8 0    62.0 0   109.0 0   -55.8 0    53.2 0     0.6 0    53.5 0     8.5 0   272.9 0   969.2 0
 2026  11  1 11 19 28 19.467  69.08   154.9 0    35.3 0     1.2 0   154.2 0   251.3 0   274.579 0   274.347 0   312.9 0   273.320 0   273.467 0    11.6 0    67.9 0   119.3 0   -61.6 0    57.6 0     0.4 0    52.5 0    11.6 0   267.5 0   969.2 0
 2026  11  1 11 19 29 19.483  69.18   223.9 0    57.9 0   200.8 0   156.9 0   244.4 0   274.528 0   274.282 0   313.1 0   273.283 0   273.440 0    12.4 0    96.9 0   170.3 0   -68.8 0   101.6 0     0.3 0    52.3 0    10.9 0   274.4 0   969.2 0
 2026  11  1 11 19 30 19.500  69.28   179.2 0    43.4 0    79.9 0   153.9 0   240.2 0   274.493 0   274.312 0   313.7 0   273.260 0   273.453 0    12.2 0    77.8 0   138.7 0   -73.5 0    65.2 0     0.3 0    53.5 0    10.0 0   263.5 0   969.2 0
 2026  11  1 11 19 31 19.517  69.38   133.9 0    30.2 0     2.1 0   136.3 0   246.5 0   274.467 0   274.267 0   312.5 0   273.242 0   273.405 0    11.1 0    58.6 0   106.9 0   -66.0 0    40.9 0     0.3 0    53.8 0     8.4 0   263.1 0   969.2 0
 2026  11  1 11 19 32 19.533  69.49   112.3 0    24.3 0     0.4 0   114.6 0   256.1 0   274.426 0   274.189 0   311.8 0   273.219 0   273.359 0     9.9 0    49.7 0    90.5 0   -55.7 0    34.8 0     0.3 0    53.3 0    10.5 0   261.3 0   969.2 0
 2026  11  1 11 19 33 19.550  69.59   102.0 0    21.9 0     0.4 0   102.7 0   262.2 0   274.373 0   274.110 0   311.3 0   273.186 0   273.309 0     9.1 0    45.1 0    80.9 0   -49.2 0    31.8 0     0.2 0    52.9 0    11.7 0   263.2 0   969.3 0
 2026  11  1 11 19 34 19.567  69.69    98.9 0    21.5 0     0.4 0    98.8 0   271.1 0   274.314 0   274.059 0   311.5 0   273.150 0   273.274 0     8.2 0    43.2 0    77.4 0   -40.4 0    37.0 0     0.2 0    53.5 0    10.1 0   279.8 0   969.3 0
 2026  11  1 11 19 35 19.583  69.79    97.7 0    21.6 0     0.4 0    97.1 0   277.8 0   274.254 0   274.031 0   311.7 0   273.117 0   273.242 0     7.4 0    42.5 0    75.6 0   -34.0 0    41.6 0     0.1 0    53.8 0     9.6 0   280.2 0   969.3 0
 2026  11  1 11 19 36 19.600  69.90    97.2 0    21.8 0     0.3 0    96.4 0   280.8 0   274.198 0   274.010 0   312.2 0   273.088 0   273.220 0     6.7 0    42.1 0    74.8 0   -31.5 0    43.3 0     0.1 0    55.9 0     7.6 0   269.6 0   969.4 0
 2026  11  1 11 19 37 19.617  70.00    98.6 0    22.3 0     0.4 0    97.4 0   281.9 0   274.149 0   273.978 0   312.3 0   273.067 0   273.202 0     6.4 0    42.6 0    75.2 0   -30.4 0    44.8 0     0.1 0    55.5 0     8.7 0   262.2 0   969.3 0
 2026  11  1 11 19 38 19.633  70.11   103.7 0    23.4 0     0.3 0   101.9 0   282.3 0   274.103 0   273.950 0   312.4 0   273.047 0   273.188 0     6.4 0    44.6 0    78.6 0   -30.1 0    48.5 0     0.1 0    55.0 0     8.3 0   265.6 0   969.4 0
 2026  11  1 11 19 39 19.650  70.21   108.2 0    24.5 0     0.3 0   106.4 0   282.3 0   274.061 0   273.911 0   312.3 0   273.028 0   273.164 0     6.5 0    46.3 0    82.0 0   -30.0 0    51.9 0     0.1 0    55.7 0    10.7 0   268.9 0   969.5 0
 2026  11  1 11 19 40 19.667  70.32   110.5 0    25.2 0     0.4 0   108.8 0   282.2 0   274.018 0   273.834 0   311.6 0   272.997 0   273.115 0     6.7 0    47.1 0    83.7 0   -29.4 0    54.3 0     0.0 0    56.0 0    11.9 0   269.0 0   969.5 0
 2026  11  1 11 19 41 19.683  70.43   112.1 0    25.8 0     0.5 0   110.4 0   282.3 0   273.964 0   273.732 0   311.3 0   272.945 0   273.049 0     6.8 0    47.5 0    84.7 0   -28.9 0    55.8 0    -0.2 0    57.4 0    13.0 0   269.0 0   969.5 0
 2026  11  1 11 19 42 19.700  70.53   109.7 0    25.2 0     0.5 0   108.6 0   282.7 0   273.910 0   273.710 0   311.4 0   272.889 0   273.004 0     6.8 0    46.4 0    83.5 0   -28.7 0    54.8 0    -0.2 0    58.4 0    11.6 0   270.6 0   969.6 0
 2026  11  1 11 19 43 19.717  70.64   104.8 0    24.1 0     0.4 0   104.0 0   283.5 0   273.859 0   273.691 0   311.6 0   272.843 0   272.966 0     6.5 0    44.5 0    80.0 0   -28.1 0    51.9 0    -0.3 0    59.1 0    10.6 0   272.2 0   969.6 0
 2026  11  1 11 19 44 19.733  70.75   102.1 0    23.4 0     0.3 0   101.3 0   283.9 0   273.812 0   273.652 0   311.7 0   272.803 0   272.932 0     6.4 0    43.4 0    78.0 0   -27.7 0    50.2 0    -0.3 0    59.5 0    10.1 0   272.5 0   969.7 0
 2026  11  1 11 19 45 19.750  70.86    99.4 0    22.8 0     0.3 0    98.6 0   284.1 0   273.766 0   273.612 0   311.6 0   272.769 0   272.901 0     6.3 0    42.3 0    75.9 0   -27.5 0    48.4 0    -0.3 0    59.0 0     9.4 0   264.0 0   969.7 0
 2026  11  1 11 19 46 19.767  70.97    99.9 0    23.0 0     0.4 0    98.7 0   283.1 0   273.724 0   273.578 0   311.5 0   272.738 0   272.873 0     6.3 0    42.6 0    75.8 0   -28.4 0    47.3 0    -0.3 0    60.3 0     9.6 0   255.7 0   969.7 0
 2026  11  1 11 19 47 19.783  71.08   107.2 0    25.0 0     0.5 0   105.2 0   282.3 0   273.684 0   273.543 0   311.4 0   272.707 0   272.839 0     6.5 0    45.9 0    80.3 0   -29.0 0    51.3 0    -0.3 0    59.9 0    10.4 0   260.3 0   969.7 0
 2026  11  1 11 19 48 19.800  71.19   124.9 0    29.1 0     2.1 0   121.0 0   280.8 0   273.650 0   273.563 0   312.0 0   272.679 0   272.827 0     7.0 0    53.4 0    92.6 0   -31.2 0    61.4 0    -0.3 0    60.8 0     7.6 0   262.9 0   969.7 0
 2026  11  1 11 19 49 19.817  71.30   138.2 0    31.9 0     1.6 0   135.1 0   277.8 0   273.627 0   273.581 0   312.3 0   272.662 0   272.823 0     7.6 0    58.7 0   103.7 0   -34.5 0    69.2 0    -0.3 0    61.1 0     8.5 0   258.4 0   969.7 0
 2026  11  1 11 19 50 19.833  71.42   136.3 0    31.1 0     0.3 0   135.2 0   273.2 0   273.610 0   273.566 0   312.5 0   272.650 0   272.821 0     8.0 0    58.0 0   104.2 0   -39.3 0    64.9 0    -0.3 0    61.6 0     7.6 0   264.3 0   969.8 0
 2026  11  1 11 19 51 19.850  71.53   135.0 0    30.7 0     0.2 0   133.8 0   269.9 0   273.596 0   273.548 0   312.0 0   272.643 0   272.807 0     8.2 0    57.7 0   103.2 0   -42.1 0    61.0 0    -0.3 0    60.2 0     9.8 0   258.7 0   969.8 0
 2026  11  1 11 19 52 19.867  71.64   137.0 0    31.1 0     0.3 0   135.7 0   269.7 0   273.583 0   273.527 0   311.9 0   272.632 0   272.796 0     8.3 0    58.5 0   104.7 0   -42.2 0    62.5 0    -0.3 0    61.0 0     9.2 0   264.8 0   969.8 0
 2026  11  1 11 19 53 19.883  71.75   137.0 0    31.2 0     0.3 0   136.0 0   269.8 0   273.571 0   273.526 0   311.9 0   272.623 0   272.787 0     8.2 0    58.5 0   104.9 0   -42.1 0    62.8 0    -0.3 0    60.4 0     9.0 0   267.5 0   969.8 0
 2026  11  1 11 19 54 19.900  71.87   137.6 0    31.6 0     0.3 0   136.5 0   269.4 0   273.561 0   273.525 0   312.0 0   272.614 0   272.777 0     8.2 0    59.0 0   105.0 0   -42.6 0    62.4 0    -0.3 0    60.0 0     8.1 0   271.7 0   969.8 0
 2026  11  1 11 19 55 19.917  71.98   146.3 0    33.8 0     0.5 0   144.3 0   267.7 0   273.556 0   273.553 0   312.4 0   272.608 0   272.784 0     8.4 0    62.8 0   110.6 0   -44.6 0    66.0 0    -0.2 0    59.4 0     7.9 0   261.1 0   969.8 0
 2026  11  1 11 19 56 19.933  72.10   159.3 0    37.1 0     2.1 0   156.4 0   264.4 0   273.557 0   273.575 0   312.6 0   272.608 0   272.796 0     8.7 0    67.9 0   120.0 0   -48.2 0    71.8 0    -0.2 0    59.8 0     8.0 0   269.6 0   969.9 0
 2026  11  1 11 19 57 19.950  72.22   164.7 0    38.4 0     0.3 0   163.5 0   260.8 0   273.564 0   273.593 0   312.9 0   272.614 0   272.809 0     9.0 0    69.5 0   125.2 0   -52.1 0    73.1 0    -0.2 0    59.2 0     8.3 0   273.3 0   969.9 0
 2026  11  1 11 19 58 19.967  72.33   159.5 0    37.0 0     0.3 0   159.3 0   260.1 0   273.570 0   273.575 0   312.5 0   272.619 0   272.809 0     8.9 0    67.3 0   122.4 0   -52.4 0    70.0 0    -0.2 0    58.0 0     7.3 0   260.1 0   969.9 0
 2026  11  1 11 19 59 19.983  72.45   153.4 0    35.1 0     0.3 0   153.2 0   263.3 0   273.574 0   273.599 0   313.3 0   272.627 0   272.829 0     8.5 0    64.4 0   118.2 0   -50.0 0    68.2 0    -0.1 0    59.8 0     6.4 0   261.7 0   969.9 0
 2026  11  1 11 20  0 20.000  72.57   136.5 0    30.7 0     0.0 0   137.8 0   266.3 0   273.579 0   273.581 0   312.7 0   272.642 0   272.832 0     7.9 0    56.9 0   107.1 0   -46.4 0    60.7 0    -0.1 0    58.5 0     8.3 0   275.6 0   970.0 0
 2026  11  1 11 20  1 20.017  72.69   115.2 0    26.0 0     0.0 0   116.7 0   275.8 0   273.580 0   273.558 0   312.4 0   272.651 0   272.826 0     6.5 0    48.0 0    90.7 0   -36.6 0    54.0 0    -0.1 0    58.3 0     8.6 0   274.4 0   970.0 0
 2026  11  1 11 20  2 20.033  72.80   100.8 0    23.3 0     0.4 0   101.7 0   285.4 0   273.573 0   273.513 0   312.0 0   272.652 0   272.812 0     5.0 0    42.4 0    78.6 0   -26.6 0    52.0 0    -0.1 0    56.7 0    10.0 0   276.1 0   970.0 0
 2026  11  1 11 20  3 20.050  72.92    88.4 0    20.5 0     0.2 0    89.7 0   289.0 0   273.560 0   273.505 0   312.2 0   272.648 0   272.808 0     4.0 0    37.7 0    69.3 0   -23.3 0    46.0 0    -0.2 0    58.8 0     6.7 0   283.1 0   970.0 0
 2026  11  1 11 20  4 20.067  73.04    66.8 0    15.4 0     0.1 0    69.2 0   290.2 0   273.548 0   273.481 0   312.2 0   272.649 0   272.806 0     3.1 0    29.0 0    53.8 0   -22.0 0    31.7 0    -0.1 0    59.8 0     6.1 0   268.8 0   970.0 0
 2026  11  1 11 20  5 20.083  73.16    48.9 0    11.3 0     0.1 0    51.0 0   290.9 0   273.535 0   273.427 0   311.5 0   272.649 0   272.792 0     2.5 0    21.7 0    39.8 0   -20.6 0    19.2 0    -0.1 0    59.1 0     8.1 0   270.3 0   970.0 0
 2026  11  1 11 20  6 20.100  73.28    36.9 0     8.6 0     0.2 0    38.7 0   291.5 0   273.516 0   273.367 0   310.8 0   272.643 0   272.769 0     2.0 0    16.7 0    30.1 0   -19.3 0    10.8 0    -0.2 0    58.5 0     8.3 0   280.5 0   970.1 0
 2026  11  1 11 20  7 20.117  73.41    27.1 0     6.5 0     0.2 0    28.7 0   292.1 0   273.489 0   273.307 0   310.3 0   272.628 0   272.746 0     1.5 0    12.5 0    22.2 0   -18.2 0     4.0 0    -0.2 0    58.9 0     7.9 0   260.0 0   970.0 0
 2026  11  1 11 20  8 20.133  73.53    24.9 0     6.1 0     0.3 0    25.5 0   293.0 0   273.459 0   273.271 0   310.1 0   272.610 0   272.723 0     1.3 0    11.7 0    19.5 0   -17.1 0     2.4 0    -0.3 0    59.7 0     8.2 0   262.6 0   970.1 0
 2026  11  1 11 20  9 20.150  73.65    29.2 0     6.8 0     0.3 0    29.2 0   293.4 0   273.430 0   273.254 0   310.1 0   272.593 0   272.707 0     1.6 0    13.7 0    22.4 0   -16.7 0     5.7 0    -0.3 0    61.2 0     7.0 0   275.7 0   970.1 0
 2026  11  1 11 20 10 20.167  73.77    29.5 0     7.0 0     0.3 0    29.8 0   293.7 0   273.400 0   273.209 0   309.8 0   272.572 0   272.672 0     1.6 0    13.7 0    22.8 0   -16.1 0     6.8 0    -0.3 0    62.3 0     8.3 0   278.4 0   970.1 0
 2026  11  1 11 20 11 20.183  73.90    27.6 0     6.8 0     0.3 0    27.8 0   294.4 0   273.367 0   273.168 0   309.6 0   272.543 0   272.638 0     1.5 0    12.8 0    21.1 0   -15.2 0     5.9 0    -0.4 0    63.8 0     8.6 0   265.4 0   970.2 0
 2026  11  1 11 20 12 20.200  74.02    31.9 0     8.0 0     0.4 0    31.3 0   295.0 0   273.328 0   273.090 0   309.0 0   272.502 0   272.586 0     1.7 0    14.7 0    23.5 0   -14.0 0     9.5 0    -0.6 0    65.3 0     9.3 0   262.5 0   970.2 0
 2026  11  1 11 20 13 20.217  74.14    38.4 0     9.3 0     0.4 0    37.5 0   294.5 0   273.282 0   273.064 0   309.2 0   272.456 0   272.552 0     2.1 0    17.5 0    28.3 0   -14.6 0    13.7 0    -0.7 0    66.8 0     7.2 0   260.0 0   970.2 0
 2026  11  1 11 20 14 20.233  74.27    43.9 0    10.4 0     0.5 0    43.0 0   294.1 0   273.235 0   273.025 0   309.3 0   272.415 0   272.514 0     2.4 0    19.7 0    32.7 0   -15.2 0    17.5 0    -0.7 0    68.1 0     6.1 0   259.6 0   970.2 0
 2026  11  1 11 20 15 20.250  74.39    45.9 0    10.9 0     0.4 0    45.1 0   293.8 0   273.191 0   272.996 0   309.4 0   272.380 0   272.487 0     2.3 0    20.6 0    34.4 0   -15.6 0    18.8 0    -0.7 0    70.1 0     6.1 0   254.7 0   970.2 0
 2026  11  1 11 20 16 20.267  74.52    50.5 0    12.0 0     0.5 0    49.5 0   292.7 0   273.145 0   272.923 0   309.1 0   272.343 0   272.438 0     2.4 0    22.7 0    37.6 0   -16.4 0    21.2 0    -0.8 0    72.0 0     6.4 0   258.9 0   970.3 0
 2026  11  1 11 20 17 20.283  74.65    53.4 0    12.8 0     0.6 0    52.4 0   292.2 0   273.092 0   272.866 0   308.7 0   272.297 0   272.388 0     2.5 0    23.8 0    39.7 0   -16.5 0    23.3 0    -0.9 0    73.5 0     6.6 0   251.4 0   970.3 0
 2026  11  1 11 20 18 20.300  74.77    53.9 0    13.2 0     0.7 0    53.0 0   293.1 0   273.033 0   272.785 0   308.4 0   272.241 0   272.323 0     2.6 0    23.7 0    40.0 0   -15.3 0    24.8 0    -1.1 0    75.2 0     7.7 0   255.2 0   970.3 0
 2026  11  1 11 20 19 20.317  74.90    57.0 0    13.9 0     0.6 0    55.9 0   292.5 0   272.971 0   272.735 0   308.1 0   272.179 0   272.262 0     2.9 0    25.0 0    42.2 0   -15.6 0    26.6 0    -1.2 0    76.3 0     7.5 0   256.5 0   970.4 0
 2026  11  1 11 20 20 20.333  75.03    56.5 0    13.5 0     0.6 0    55.8 0   291.7 0   272.910 0   272.688 0   308.3 0   272.120 0   272.214 0     3.0 0    24.7 0    42.4 0   -16.5 0    25.9 0    -1.3 0    77.1 0     7.4 0   258.8 0   970.4 0
 2026  11  1 11 20 21 20.350  75.16    56.4 0    13.6 0     0.5 0    55.6 0   291.5 0   272.852 0   272.647 0   308.0 0   272.064 0   272.159 0     3.0 0    24.8 0    42.1 0   -16.6 0    25.5 0    -1.3 0    76.4 0     8.8 0   262.4 0   970.5 0
 2026  11  1 11 20 22 20.367  75.29    58.9 0    14.2 0     0.4 0    57.8 0   291.2 0   272.801 0   272.618 0   308.0 0   272.013 0   272.118 0     3.2 0    26.0 0    43.8 0   -16.8 0    27.0 0    -1.3 0    74.8 0    10.5 0   268.7 0   970.4 0
 2026  11  1 11 20 23 20.383  75.42    64.3 0    15.5 0     0.3 0    63.0 0   290.6 0   272.758 0   272.605 0   308.2 0   271.967 0   272.084 0     3.3 0    28.3 0    47.6 0   -17.5 0    30.0 0    -1.2 0    74.1 0     8.2 0   253.9 0   970.4 0
 2026  11  1 11 20 24 20.400  75.54    72.1 0    17.2 0     0.3 0    70.6 0   290.1 0   272.723 0   272.607 0   308.5 0   271.932 0   272.062 0     3.5 0    31.5 0    53.4 0   -18.4 0    35.0 0    -1.2 0    74.1 0     8.8 0   264.0 0   970.4 0
 2026  11  1 11 20 25 20.417  75.67    74.9 0    17.8 0     0.2 0    74.1 0   289.3 0   272.696 0   272.600 0   308.4 0   271.904 0   272.037 0     3.7 0    32.4 0    56.3 0   -19.1 0    37.2 0    -1.2 0    73.8 0     8.2 0   262.0 0   970.5 0
 2026  11  1 11 20 26 20.433  75.80    71.2 0    16.9 0     0.2 0    70.8 0   290.4 0   272.672 0   272.577 0   308.6 0   271.880 0   272.017 0     3.5 0    30.8 0    53.9 0   -18.2 0    35.8 0    -1.1 0    73.8 0     8.1 0   259.6 0   970.5 0
 2026  11  1 11 20 27 20.450  75.94    70.3 0    16.8 0     0.2 0    69.9 0   291.4 0   272.648 0   272.543 0   308.3 0   271.857 0   271.991 0     3.4 0    30.4 0    53.1 0   -16.9 0    36.2 0    -1.2 0    74.0 0     9.2 0   262.0 0   970.5 0
 2026  11  1 11 20 28 20.467  76.07    63.9 0    15.3 0     0.2 0    64.1 0   293.6 0   272.625 0   272.535 0   308.2 0   271.833 0   271.970 0     3.1 0    27.6 0    48.8 0   -14.6 0    34.2 0    -1.2 0    74.8 0     8.5 0   256.1 0   970.5 0
 2026  11  1 11 20 29 20.483  76.20    60.4 0    14.4 0     0.2 0    60.3 0   294.7 0   272.604 0   272.511 0   308.4 0   271.813 0   271.953 0     2.9 0    26.2 0    46.0 0   -13.7 0    32.2 0    -1.2 0    75.4 0     7.0 0   258.9 0   970.5 0
 2026  11  1 11 20 30 20.500  76.33    55.8 0    13.4 0     0.2 0    56.1 0   295.7 0   272.583 0   272.483 0   308.4 0   271.798 0   271.910 0     2.7 0    24.1 0    42.7 0   -12.7 0    30.0 0    -1.2 0    75.6 0     8.4 0   255.4 0   970.5 0
 2026  11  1 11 20 31 20.517  76.46    49.2 0    12.2 0     0.3 0    49.5 0   296.8 0   272.558 0   272.424 0   307.8 0   271.776 0   271.863 0     2.3 0    21.4 0    37.4 0   -11.1 0    26.3 0    -1.3 0    76.0 0    10.5 0   261.1 0   970.6 0
 2026  11  1 11 20 32 20.533  76.60    47.2 0    12.0 0     0.4 0    47.2 0   296.8 0   272.527 0   272.368 0   307.4 0   271.745 0   271.826 0     2.2 0    20.6 0    35.3 0   -10.6 0    24.7 0    -1.4 0    77.1 0     9.6 0   256.0 0   970.6 0
 2026  11  1 11 20 33 20.550  76.73    47.4 0    12.1 0     0.3 0    47.1 0   297.2 0   272.494 0   272.359 0   307.6 0   271.714 0   271.802 0     2.0 0    20.7 0    35.0 0   -10.4 0    24.7 0    -1.4 0    78.8 0     8.0 0   256.4 0   970.6 0
 2026  11  1 11 20 34 20.567  76.87    54.8 0    14.2 0     0.3 0    53.5 0   297.1 0   272.465 0   272.349 0   307.7 0   271.689 0   271.782 0     2.1 0    23.7 0    39.4 0   -10.7 0    28.7 0    -1.5 0    79.7 0     7.4 0   257.7 0   970.7 0
 2026  11  1 11 20 35 20.583  77.00    64.6 0    16.6 0     0.3 0    63.4 0   296.2 0   272.438 0   272.318 0   307.6 0   271.665 0   271.756 0     2.4 0    27.5 0    46.8 0   -11.4 0    35.5 0    -1.5 0    79.2 0     9.5 0   262.8 0   970.6 0
 2026  11  1 11 20 36 20.600  77.14    60.3 0    15.6 0     0.3 0    60.3 0   296.4 0   272.409 0   272.294 0   307.4 0   271.637 0   271.728 0     2.2 0    25.7 0    44.7 0   -11.0 0    33.7 0    -1.5 0    79.7 0     7.9 0   258.8 0   970.7 0
 2026  11  1 11 20 37 20.617  77.27    53.9 0    13.8 0     0.2 0    54.2 0   296.7 0   272.381 0   272.267 0   307.7 0   271.612 0   271.708 0     2.0 0    23.3 0    40.5 0   -10.9 0    29.5 0    -1.5 0    80.6 0     5.9 0   264.3 0   970.7 0
 2026  11  1 11 20 38 20.633  77.41    42.7 0    10.9 0     0.2 0    43.7 0   297.4 0   272.352 0   272.228 0   307.2 0   271.590 0   271.677 0     1.7 0    18.7 0    32.9 0    -9.8 0    23.0 0    -1.6 0    80.3 0     7.3 0   267.8 0   970.8 0
 2026  11  1 11 20 39 20.650  77.54    30.9 0     8.2 0     0.2 0    32.0 0   298.6 0   272.320 0   272.158 0   306.5 0   271.563 0   271.631 0     1.2 0    13.8 0    23.8 0    -7.8 0    16.0 0    -1.6 0    80.1 0     9.6 0   280.5 0   970.9 0
 2026  11  1 11 20 40 20.667  77.68    25.5 0     7.5 0     0.2 0    26.0 0   299.3 0   272.279 0   272.059 0   305.5 0   271.522 0   271.572 0     0.9 0    11.6 0    18.5 0    -6.2 0    12.4 0    -1.7 0    81.0 0    10.5 0   276.8 0   970.9 0
 2026  11  1 11 20 41 20.683  77.82    25.2 0     7.8 0     0.4 0    25.3 0   299.2 0   272.226 0   271.969 0   304.9 0   271.468 0   271.507 0     1.0 0    11.6 0    17.5 0    -5.7 0    11.8 0    -1.9 0    83.1 0    10.6 0   273.2 0   970.9 0
 2026  11  1 11 20 42 20.700  77.96    25.3 0     8.2 0     0.4 0    25.0 0   299.7 0   272.168 0   271.916 0   304.7 0   271.414 0   271.461 0     0.9 0    11.4 0    16.9 0    -5.0 0    11.9 0    -2.0 0    84.5 0    10.4 0   266.0 0   970.9 0
 2026  11  1 11 20 43 20.717  78.09    31.5 0    10.9 0     0.6 0    30.6 0   299.3 0   272.107 0   271.838 0   304.1 0   271.357 0   271.397 0     1.1 0    14.0 0    19.8 0    -4.8 0    15.0 0    -2.1 0    85.3 0    12.7 0   262.7 0   970.9 0
 2026  11  1 11 20 44 20.733  78.23    44.7 0    15.5 0     0.6 0    42.7 0   298.0 0   272.042 0   271.794 0   304.1 0   271.293 0   271.343 0     1.3 0    19.6 0    27.3 0    -6.1 0    21.2 0    -2.2 0    86.3 0    10.4 0   268.7 0   971.0 0
 2026  11  1 11 20 45 20.750  78.37    61.7 0    21.2 0     0.6 0    59.4 0   296.9 0   271.981 0   271.793 0   304.6 0   271.237 0   271.313 0     1.6 0    26.4 0    38.3 0    -7.7 0    30.5 0    -2.2 0    87.3 0     8.0 0   271.6 0   971.0 0
 2026  11  1 11 20 46 20.767  78.51    81.0 0    27.8 0     0.4 0    77.9 0   295.9 0   271.931 0   271.811 0   305.2 0   271.196 0   271.294 0     1.8 0    33.9 0    50.2 0    -9.3 0    40.9 0    -2.2 0    88.0 0     7.5 0   266.5 0   971.1 0
 2026  11  1 11 20 47 20.783  78.65   109.0 0    36.8 0     0.2 0   104.9 0   293.9 0   271.897 0   271.856 0   306.2 0   271.170 0   271.298 0     2.3 0    44.3 0    68.2 0   -12.2 0    56.0 0    -2.2 0    88.4 0     6.4 0   266.3 0   971.1 0
 2026  11  1 11 20 48 20.800  78.79   126.9 0    42.5 0     0.7 0   124.3 0   289.7 0   271.879 0   271.906 0   306.8 0   271.158 0   271.313 0     2.9 0    50.8 0    81.9 0   -17.1 0    64.8 0    -2.1 0    88.6 0     6.5 0   268.1 0   971.1 0
 2026  11  1 11 20 49 20.817  78.93   122.2 0    40.7 0     8.7 0   121.0 0   282.5 0   271.874 0   271.919 0   306.6 0   271.158 0   271.320 0     3.3 0    49.1 0    82.0 0   -24.1 0    57.9 0    -2.0 0    88.4 0     8.3 0   257.6 0   971.1 0
 2026  11  1 11 20 50 20.833  79.07   100.7 0    32.9 0     5.3 0   101.4 0   276.1 0   271.872 0   271.883 0   306.0 0   271.159 0   271.307 0     3.4 0    41.7 0    69.5 0   -29.9 0    39.6 0    -2.0 0    88.2 0     8.1 0   269.6 0   971.1 0
 2026  11  1 11 20 51 20.850  79.21    94.4 0    30.5 0     2.8 0    94.6 0   270.4 0   271.872 0   271.846 0   305.3 0   271.156 0   271.293 0     3.5 0    40.0 0    64.6 0   -34.9 0    29.7 0    -2.0 0    87.5 0     9.6 0   272.3 0   971.2 0
 2026  11  1 11 20 52 20.867  79.35    92.4 0    29.4 0     0.8 0    92.5 0   270.8 0   271.868 0   271.838 0   305.2 0   271.153 0   271.291 0     3.5 0    39.2 0    63.3 0   -34.4 0    28.9 0    -1.9 0    86.9 0     8.8 0   264.4 0   971.1 0
 2026  11  1 11 20 53 20.883  79.49    90.1 0    28.4 0     3.6 0    89.9 0   270.9 0   271.866 0   271.837 0   305.1 0   271.154 0   271.295 0     3.4 0    38.1 0    62.1 0   -34.2 0    27.9 0    -1.9 0    85.9 0     8.8 0   261.0 0   971.0 0
 2026  11  1 11 20 54 20.900  79.64    86.8 0    27.2 0     2.4 0    86.7 0   270.2 0   271.866 0   271.832 0   305.1 0   271.159 0   271.299 0     3.3 0    36.6 0    59.9 0   -34.9 0    25.1 0    -1.8 0    85.0 0     8.1 0   263.1 0   971.1 0
 2026  11  1 11 20 55 20.917  79.78    83.5 0    26.0 0     0.4 0    83.8 0   269.9 0   271.866 0   271.836 0   305.1 0   271.165 0   271.305 0     3.2 0    35.2 0    57.9 0   -35.2 0    22.6 0    -1.8 0    84.3 0     6.2 0   276.1 0   971.1 0
 2026  11  1 11 20 56 20.933  79.92    81.8 0    25.6 0     0.5 0    82.0 0   270.2 0   271.870 0   271.852 0   305.3 0   271.175 0   271.315 0     3.0 0    34.5 0    56.5 0   -35.1 0    21.4 0    -1.7 0    84.0 0     7.0 0   276.7 0   971.1 0
 2026  11  1 11 20 57 20.950  80.07    82.3 0    25.8 0     1.0 0    82.3 0   270.7 0   271.878 0   271.864 0   305.3 0   271.187 0   271.329 0     2.9 0    34.5 0    56.6 0   -34.5 0    22.1 0    -1.7 0    82.9 0     7.2 0   266.8 0   971.1 0
 2026  11  1 11 20 58 20.967  80.21    81.6 0    25.6 0     0.6 0    81.8 0   271.4 0   271.887 0   271.873 0   305.3 0   271.199 0   271.342 0     2.8 0    34.1 0    56.3 0   -33.9 0    22.4 0    -1.6 0    81.9 0     9.0 0   260.1 0   971.1 0
 2026  11  1 11 20 59 20.983  80.35    79.1 0    24.7 0     0.3 0    79.5 0   272.7 0   271.897 0   271.884 0   305.3 0   271.214 0   271.357 0     2.7 0    33.0 0    54.8 0   -32.5 0    22.2 0    -1.6 0    80.6 0     8.5 0   267.7 0   971.1 0
 2026  11  1 11 21  0 21.000  80.50    76.7 0    24.0 0     0.2 0    77.1 0   273.6 0   271.908 0   271.902 0   305.3 0   271.230 0   271.371 0     2.6 0    32.0 0    53.1 0   -31.6 0    21.5 0    -1.6 0    79.5 0     6.4 0   283.6 0   971.1 0
 2026  11  1 11 21  1 21.017  80.64    74.6 0    23.4 0     0.1 0    75.0 0   274.4 0   271.921 0   271.916 0   305.4 0   271.246 0   271.384 0     2.6 0    31.1 0    51.7 0   -30.9 0    20.7 0    -1.5 0    79.1 0     8.2 0   266.5 0   971.2 0
 2026  11  1 11 21  2 21.033  80.79    73.6 0    23.0 0     0.0 0    74.0 0   274.8 0   271.935 0   271.925 0   305.3 0   271.260 0   271.397 0     2.5 0    30.6 0    50.9 0   -30.5 0    20.4 0    -1.5 0    78.2 0     8.0 0   265.5 0   971.2 0
 2026  11  1 11 21  3 21.050  80.93    71.4 0    22.2 0     0.0 0    71.8 0   274.6 0   271.949 0   271.940 0   305.4 0   271.274 0   271.410 0     2.5 0    29.7 0    49.6 0   -30.8 0    18.8 0    -1.5 0    78.3 0     5.7 0   274.7 0   971.2 0
 2026  11  1 11 21  4 21.067  81.08    67.4 0    20.8 0    -0.1 0    68.1 0   275.5 0   271.962 0   271.945 0   305.4 0   271.287 0   271.420 0     2.4 0    28.1 0    47.2 0   -29.9 0    17.3 0    -1.5 0    77.8 0     7.3 0   268.3 0   971.2 0
 2026  11  1 11 21  5 21.083  81.23    62.6 0    19.2 0     0.0 0    63.3 0   276.5 0   271.973 0   271.947 0   305.1 0   271.299 0   271.427 0     2.3 0    26.2 0    44.1 0   -28.6 0    15.5 0    -1.4 0    76.1 0     7.8 0   264.5 0   971.2 0
 2026  11  1 11 21  6 21.100  81.37    58.6 0    17.8 0     0.0 0    59.1 0   276.9 0   271.982 0   271.948 0   305.1 0   271.310 0   271.434 0     2.2 0    24.6 0    41.4 0   -28.2 0    13.1 0    -1.4 0    75.9 0     6.4 0   269.2 0   971.2 0
 2026  11  1 11 21  7 21.117  81.52    55.9 0    16.8 0     0.0 0    56.3 0   276.4 0   271.990 0   271.949 0   305.2 0   271.319 0   271.440 0     2.2 0    23.6 0    39.4 0   -28.8 0    10.7 0    -1.4 0    76.5 0     6.1 0   271.1 0   971.2 0
 2026  11  1 11 21  8 21.133  81.67    53.2 0    15.9 0     0.0 0    53.7 0   276.7 0   271.998 0   271.956 0   305.1 0   271.327 0   271.447 0     2.1 0    22.5 0    37.8 0   -28.5 0     9.3 0    -1.4 0    76.2 0     6.3 0   271.2 0   971.2 0
 2026  11  1 11 21  9 21.150  81.81    49.0 0    14.6 0     0.0 0    49.7 0   277.1 0   272.006 0   271.949 0   304.9 0   271.334 0   271.449 0     2.0 0    20.8 0    35.1 0   -27.8 0     7.3 0    -1.4 0    75.2 0     7.9 0   273.8 0   971.2 0
 2026  11  1 11 21 10 21.167  81.96    43.8 0    13.0 0     0.0 0    44.7 0   277.9 0   272.011 0   271.947 0   304.9 0   271.341 0   271.451 0     1.9 0    18.8 0    31.7 0   -26.9 0     4.8 0    -1.4 0    75.6 0     6.8 0   275.1 0   971.2 0
 2026  11  1 11 21 11 21.183  82.11    39.0 0    11.6 0     0.0 0    40.0 0   281.2 0   272.015 0   271.949 0   304.9 0   271.345 0   271.453 0     1.8 0    16.9 0    28.5 0   -23.7 0     4.8 0    -1.4 0    75.3 0     6.9 0   273.3 0   971.2 0
 2026  11  1 11 21 12 21.200  82.26    34.9 0    10.3 0     0.0 0    35.9 0   285.6 0   272.019 0   271.954 0   305.0 0   271.349 0   271.454 0     1.6 0    15.2 0    25.6 0   -19.5 0     6.1 0    -1.4 0    75.2 0     6.6 0   266.1 0   971.3 0
 2026  11  1 11 21 13 21.217  82.41    30.7 0     9.1 0     0.0 0    31.8 0   288.6 0   272.022 0   271.958 0   305.2 0   271.352 0   271.455 0     1.4 0    13.6 0    22.7 0   -16.7 0     6.0 0    -1.4 0    75.7 0     5.5 0   259.5 0   971.3 0
 2026  11  1 11 21 14 21.233  82.55    28.3 0     8.6 0     0.1 0    29.2 0   291.2 0   272.026 0   271.959 0   305.3 0   271.353 0   271.453 0     1.2 0    12.5 0    20.6 0   -14.1 0     6.4 0    -1.4 0    76.6 0     5.8 0   254.9 0   971.3 0
 2026  11  1 11 21 15 21.250  82.70    27.6 0     8.7 0     0.1 0    28.3 0   293.1 0   272.028 0   271.949 0   305.3 0   271.351 0   271.444 0     1.0 0    12.0 0    19.6 0   -12.2 0     7.4 0    -1.4 0    77.6 0     6.2 0   248.9 0   971.3 0
 2026  11  1 11 21 16 21.267  82.85    26.3 0     8.3 0     0.2 0    26.9 0   294.3 0   272.027 0   271.943 0   305.4 0   271.344 0   271.436 0     0.9 0    11.3 0    18.6 0   -11.1 0     7.6 0    -1.5 0    78.6 0     5.7 0   252.9 0   971.3 0
 2026  11  1 11 21 17 21.283  83.00    22.8 0     7.3 0     0.2 0    23.7 0   295.5 0   272.024 0   271.934 0   305.4 0   271.337 0   271.427 0     0.8 0     9.8 0    16.4 0    -9.9 0     6.5 0    -1.5 0    79.3 0     5.3 0   253.0 0   971.3 0
 2026  11  1 11 21 18 21.300  83.15    18.9 0     6.1 0     0.2 0    19.8 0   296.0 0   272.017 0   271.911 0   305.3 0   271.328 0   271.414 0     0.6 0     8.2 0    13.6 0    -9.3 0     4.3 0    -1.5 0    79.7 0     5.5 0   258.0 0   971.3 0
 2026  11  1 11 21 19 21.317  83.30    18.9 0     6.3 0     0.3 0    19.3 0   296.2 0   272.006 0   271.882 0   305.0 0   271.316 0   271.395 0     0.6 0     8.2 0    13.0 0    -8.8 0     4.3 0    -1.6 0    79.7 0     7.5 0   248.3 0   971.4 0
 2026  11  1 11 21 20 21.333  83.45    21.7 0     7.1 0     0.3 0    21.7 0   295.7 0   271.989 0   271.857 0   304.9 0   271.298 0   271.377 0     0.7 0     9.3 0    14.6 0    -9.2 0     5.4 0    -1.6 0    80.5 0     6.5 0   248.2 0   971.3 0
 2026  11  1 11 21 21 21.350  83.60    21.4 0     7.0 0     0.4 0    21.9 0   294.5 0   271.971 0   271.836 0   304.8 0   271.281 0   271.361 0     0.8 0     9.3 0    14.9 0   -10.3 0     4.6 0    -1.7 0    81.5 0     6.3 0   245.4 0   971.3 0
 2026  11  1 11 21 22 21.367  83.75    18.3 0     6.0 0     0.4 0    18.9 0   294.1 0   271.950 0   271.800 0   304.6 0   271.262 0   271.336 0     0.7 0     8.0 0    12.9 0   -10.5 0     2.4 0    -1.8 0    82.3 0     6.4 0   249.9 0   971.3 0
 2026  11  1 11 21 23 21.383  83.91    14.1 0     4.8 0     0.4 0    14.9 0   294.2 0   271.925 0   271.764 0   304.3 0   271.239 0   271.307 0     0.5 0     6.3 0    10.2 0   -10.0 0     0.1 0    -1.8 0    82.0 0     7.9 0   247.0 0   971.3 0
 2026  11  1 11 21 24 21.400  84.06    11.7 0     4.1 0     0.4 0    12.2 0   294.3 0   271.897 0   271.727 0   304.1 0   271.212 0   271.279 0     0.4 0     5.3 0     8.2 0    -9.8 0    -1.7 0    -1.8 0    81.9 0     7.8 0   265.1 0   971.3 0
 2026  11  1 11 21 25 21.417  84.21    10.9 0     3.8 0     0.3 0    11.4 0   294.9 0   271.868 0   271.703 0   304.2 0   271.186 0   271.258 0     0.4 0     5.0 0     7.6 0    -9.3 0    -1.7 0    -1.9 0    82.3 0     6.6 0   262.7 0   971.4 0
 2026  11  1 11 21 26 21.433  84.36    11.4 0     4.0 0     0.3 0    11.8 0   296.9 0   271.842 0   271.693 0   304.3 0   271.165 0   271.241 0     0.4 0     5.2 0     7.7 0    -7.4 0     0.3 0    -1.8 0    82.4 0     5.9 0   261.0 0   971.4 0
 2026  11  1 11 21 27 21.450  84.51    16.8 0     5.7 0     0.2 0    16.6 0   297.0 0   271.820 0   271.693 0   304.4 0   271.148 0   271.230 0     0.6 0     7.3 0    10.9 0    -7.4 0     3.6 0    -1.8 0    81.9 0     6.8 0   255.5 0   971.5 0
 2026  11  1 11 21 28 21.467  84.66    17.9 0     6.1 0     0.2 0    18.1 0   296.8 0   271.802 0   271.680 0   304.3 0   271.134 0   271.217 0     0.6 0     7.6 0    12.1 0    -7.5 0     4.6 0    -1.8 0    82.0 0     7.1 0   256.8 0   971.5 0
 2026  11  1 11 21 29 21.483  84.81    16.4 0     5.8 0     0.2 0    16.8 0   296.5 0   271.782 0   271.648 0   304.0 0   271.118 0   271.197 0     0.6 0     7.0 0    11.1 0    -7.6 0     3.5 0    -1.9 0    82.9 0     5.9 0   264.2 0   971.5 0
 2026  11  1 11 21 30 21.500  84.97    15.2 0     5.5 0     0.2 0    15.7 0   296.1 0   271.758 0   271.613 0   303.9 0   271.100 0   271.175 0     0.5 0     6.6 0    10.2 0    -7.8 0     2.4 0    -1.9 0    83.8 0     7.2 0   265.0 0   971.6 0
 2026  11  1 11 21 31 21.517  85.12    15.5 0     5.8 0     0.2 0    15.8 0   295.6 0   271.731 0   271.572 0   303.5 0   271.078 0   271.149 0     0.5 0     6.6 0    10.0 0    -7.9 0     2.1 0    -2.0 0    83.6 0    10.1 0   260.2 0   971.5 0
 2026  11  1 11 21 32 21.533  85.27    16.7 0     6.2 0     0.2 0    17.0 0   293.7 0   271.701 0   271.539 0   303.4 0   271.053 0   271.124 0     0.6 0     7.1 0    10.9 0    -9.6 0     1.2 0    -2.1 0    83.8 0     9.7 0   262.8 0   971.6 0
 2026  11  1 11 21 33 21.550  85.42    14.9 0     5.6 0     0.2 0    15.4 0   293.5 0   271.674 0   271.518 0   303.3 0   271.028 0   271.097 0     0.5 0     6.4 0     9.8 0    -9.7 0     0.1 0    -2.1 0    84.2 0     7.5 0   275.3 0   971.7 0
 2026  11  1 11 21 34 21.567  85.58    14.3 0     5.6 0     0.2 0    14.8 0   293.3 0   271.647 0   271.486 0   303.2 0   271.002 0   271.069 0     0.5 0     6.1 0     9.2 0    -9.9 0    -0.6 0    -2.1 0    84.7 0     8.9 0   271.7 0   971.7 0
 2026  11  1 11 21 35 21.583  85.73    15.0 0     5.9 0     0.2 0    15.4 0   294.7 0   271.620 0   271.460 0   303.1 0   270.974 0   271.045 0     0.5 0     6.3 0     9.5 0    -8.5 0     1.0 0    -2.1 0    84.8 0     7.9 0   273.0 0   971.7 0
 2026  11  1 11 21 36 21.600  85.88    15.9 0     6.2 0     0.2 0    16.3 0   293.9 0   271.593 0   271.438 0   303.1 0   270.949 0   271.022 0     0.5 0     6.7 0    10.1 0    -9.2 0     0.8 0    -2.2 0    85.3 0     7.5 0   256.5 0   971.7 0
 2026  11  1 11 21 37 21.617  86.03    15.1 0     6.1 0     0.3 0    15.6 0   295.2 0   271.565 0   271.409 0   303.0 0   270.923 0   270.995 0     0.5 0     6.3 0     9.5 0    -7.7 0     1.8 0    -2.2 0    85.6 0     7.4 0   254.6 0   971.7 0
 2026  11  1 11 21 38 21.633  86.19    16.1 0     6.5 0     0.3 0    16.3 0   293.8 0   271.538 0   271.379 0   302.8 0   270.895 0   270.967 0     0.5 0     6.6 0     9.8 0    -9.1 0     0.7 0    -2.2 0    86.2 0     7.6 0   260.7 0   971.7 0
 2026  11  1 11 21 39 21.650  86.34    17.1 0     6.9 0     0.3 0    17.3 0   289.2 0   271.509 0   271.340 0   302.5 0   270.866 0   270.937 0     0.6 0     7.0 0    10.4 0   -13.3 0    -2.9 0    -2.3 0    86.7 0     6.7 0   257.5 0   971.7 0
 2026  11  1 11 21 40 21.667  86.49    17.6 0     7.1 0     0.3 0    17.7 0   287.8 0   271.478 0   271.307 0   302.3 0   270.837 0   270.908 0     0.5 0     7.1 0    10.6 0   -14.5 0    -3.9 0    -2.3 0    87.4 0     6.3 0   257.4 0   971.8 0
 2026  11  1 11 21 41 21.683  86.64    18.9 0     7.5 0     0.3 0    19.0 0   281.6 0   271.449 0   271.270 0   302.0 0   270.808 0   270.878 0     0.6 0     7.5 0    11.5 0   -20.3 0    -8.9 0    -2.4 0    87.8 0     5.9 0   251.6 0   971.7 0
 2026  11  1 11 21 42 21.700  86.80    17.7 0     7.0 0     0.3 0    18.0 0   278.8 0   271.420 0   271.232 0   301.8 0   270.779 0   270.849 0     0.6 0     7.2 0    11.0 0   -23.0 0   -12.0 0    -2.4 0    88.1 0     7.7 0   255.5 0   971.7 0
 2026  11  1 11 21 43 21.717  86.95    16.4 0     6.4 0     0.2 0    16.7 0   278.5 0   271.390 0   271.214 0   301.8 0   270.753 0   270.832 0     0.5 0     6.7 0    10.3 0   -23.3 0   -12.9 0    -2.4 0    88.1 0     8.1 0   261.7 0   971.7 0
 2026  11  1 11 21 44 21.733  87.10    15.5 0     6.1 0     0.1 0    15.9 0   278.5 0   271.365 0   271.204 0   301.8 0   270.734 0   270.819 0     0.5 0     6.4 0     9.8 0   -23.3 0   -13.5 0    -2.3 0    87.9 0     8.5 0   258.2 0   971.7 0
 2026  11  1 11 21 45 21.750  87.25    14.5 0     5.7 0     0.1 0    15.0 0   278.6 0   271.345 0   271.197 0   301.8 0   270.721 0   270.809 0     0.5 0     6.0 0     9.4 0   -23.2 0   -13.8 0    -2.3 0    87.6 0     7.3 0   257.9 0   971.7 0
 2026  11  1 11 21 46 21.767  87.40    13.7 0     5.3 0     0.0 0    14.2 0   279.0 0   271.331 0   271.199 0   301.9 0   270.712 0   270.806 0     0.5 0     5.7 0     8.9 0   -23.0 0   -14.1 0    -2.2 0    86.9 0     8.7 0   257.5 0   971.7 0
 2026  11  1 11 21 47 21.783  87.55    12.7 0     4.9 0    -0.1 0    13.4 0   279.7 0   271.323 0   271.220 0   302.0 0   270.713 0   270.820 0     0.4 0     5.3 0     8.5 0   -22.4 0   -13.8 0    -2.2 0    85.3 0    10.0 0   270.9 0   971.7 0
 2026  11  1 11 21 48 21.800  87.70    11.1 0     4.3 0    -0.2 0    12.0 0   281.9 0   271.323 0   271.234 0   302.0 0   270.723 0   270.830 0     0.4 0     4.7 0     7.8 0   -20.1 0   -12.4 0    -2.1 0    83.7 0     8.2 0   270.4 0   971.7 0
 2026  11  1 11 21 49 21.817  87.85     8.8 0     3.5 0    -0.2 0     9.9 0   285.2 0   271.326 0   271.241 0   302.1 0   270.733 0   270.833 0     0.3 0     3.9 0     6.4 0   -16.8 0   -10.4 0    -2.0 0    82.8 0     7.3 0   257.7 0   971.7 0
 2026  11  1 11 21 50 21.833  88.00     6.7 0     2.8 0    -0.1 0     7.8 0   288.9 0   271.331 0   271.250 0   302.4 0   270.741 0   270.841 0     0.2 0     3.1 0     5.1 0   -13.5 0    -8.4 0    -2.0 0    81.9 0     8.1 0   254.1 0   971.7 0
 2026  11  1 11 21 51 21.850  88.15     5.5 0     2.4 0    -0.1 0     6.6 0   291.0 0   271.336 0   271.260 0   302.4 0   270.749 0   270.845 0     0.2 0     2.6 0     4.3 0   -11.4 0    -7.1 0    -1.9 0    81.7 0     6.4 0   255.6 0   971.8 0
 2026  11  1 11 21 52 21.867  88.29     4.8 0     2.1 0     0.0 0     5.8 0   291.6 0   271.343 0   271.263 0   302.5 0   270.753 0   270.847 0     0.2 0     2.4 0     3.7 0   -10.8 0    -7.1 0    -1.9 0    82.0 0     6.2 0   256.6 0   971.8 0
 2026  11  1 11 21 53 21.883  88.44     5.0 0     2.2 0     0.0 0     5.9 0   291.0 0   271.349 0   271.268 0   302.5 0   270.757 0   270.851 0     0.2 0     2.4 0     3.7 0   -11.4 0    -7.7 0    -2.0 0    81.7 0     6.8 0   255.1 0   971.8 0
 2026  11  1 11 21 54 21.900  88.58     5.3 0     2.4 0     0.0 0     6.2 0   290.7 0   271.353 0   271.270 0   302.4 0   270.760 0   270.853 0     0.2 0     2.5 0     3.8 0   -11.8 0    -7.9 0    -2.0 0    81.7 0     6.6 0   256.5 0   971.8 0
 2026  11  1 11 21 55 21.917  88.72     6.0 0     2.6 0     0.0 0     6.9 0   289.1 0   271.358 0   271.275 0   302.4 0   270.763 0   270.857 0     0.2 0     2.8 0     4.2 0   -13.3 0    -9.0 0    -2.0 0    81.5 0     8.6 0   263.9 0   971.8 0
 2026  11  1 11 21 56 21.933  88.87     6.4 0     2.7 0    -0.1 0     7.4 0   287.5 0   271.362 0   271.284 0   302.3 0   270.772 0   270.881 0     0.2 0     2.9 0     4.7 0   -14.9 0   -10.2 0    -1.9 0    78.3 0    11.8 0   258.4 0   971.7 0
 2026  11  1 11 21 57 21.950  89.00     6.3 0     2.6 0    -0.2 0     7.4 0   286.7 0   271.369 0   271.298 0   302.2 0   270.792 0   270.902 0     0.2 0     2.8 0     4.8 0   -15.5 0   -10.7 0    -1.8 0    76.4 0    10.6 0   263.5 0   971.7 0
 2026  11  1 11 21 58 21.967  89.14     5.8 0     2.4 0    -0.2 0     6.9 0   286.5 0   271.380 0   271.309 0   302.1 0   270.810 0   270.913 0     0.2 0     2.7 0     4.5 0   -15.6 0   -11.1 0    -1.8 0    76.1 0     7.9 0   264.9 0   971.8 0
 2026  11  1 11 21 59 21.983  89.28     5.1 0     2.2 0    -0.1 0     6.3 0   285.3 0   271.391 0   271.317 0   302.0 0   270.823 0   270.921 0     0.1 0     2.5 0     4.1 0   -16.7 0   -12.6 0    -1.8 0    76.2 0     7.5 0   259.3 0   971.7 0
 2026  11  1 11 22  0 22.000  89.41     4.6 0     2.0 0    -0.1 0     5.8 0   283.2 0   271.402 0   271.328 0   301.9 0   270.835 0   270.936 0     0.1 0     2.4 0     3.9 0   -18.8 0   -14.9 0    -1.8 0    74.7 0    10.2 0   262.6 0   971.8 0
 2026  11  1 11 22  1 22.017  89.54     4.2 0     1.7 0    -0.2 0     5.5 0   280.0 0   271.414 0   271.331 0   301.7 0   270.850 0   270.954 0     0.2 0     2.4 0     3.8 0   -21.7 0   -17.9 0    -1.7 0    73.0 0    10.8 0   278.0 0   971.8 0
 2026  11  1 11 22  2 22.033  89.66     3.4 0     1.4 0    -0.2 0     4.8 0   282.5 0   271.426 0   271.337 0   301.7 0   270.868 0   270.970 0     0.1 0     2.1 0     3.4 0   -19.2 0   -15.9 0    -1.7 0    72.4 0    10.4 0   278.1 0   971.8 0
 2026  11  1 11 22  3 22.050  89.79     2.7 0     1.2 0    -0.2 0     4.2 0   282.0 0   271.438 0   271.353 0   301.7 0   270.885 0   270.986 0     0.1 0     1.9 0     3.0 0   -19.6 0   -16.7 0    -1.7 0    71.2 0     9.7 0   267.5 0   971.7 0
 2026  11  1 11 22  4 22.067  89.90     2.1 0     1.0 0    -0.1 0     3.6 0   281.4 0   271.449 0   271.362 0   301.5 0   270.901 0   270.997 0     0.1 0     1.7 0     2.6 0   -20.1 0   -17.5 0    -1.7 0    70.7 0     8.7 0   270.8 0   971.8 0
 2026  11  1 11 22  5 22.083  90.79     1.4 0     0.8 0    -0.1 0     2.9 0   283.6 0   271.461 0   271.375 0   301.6 0   270.913 0   271.007 0     0.0 0     1.3 0     2.1 0   -18.0 0   -15.9 0    -1.7 0    70.5 0     8.9 0   270.3 0   971.8 0
 2026  11  1 11 22  6 22.100  90.96     1.1 0     0.8 0    -0.1 0     2.6 0   282.9 0   271.472 0   271.378 0   301.4 0   270.923 0   271.010 0     0.0 0     1.2 0     1.8 0   -18.5 0   -16.7 0    -1.7 0    71.2 0     6.7 0   273.8 0   971.8 0
 2026  11  1 11 22  7 22.117  91.12     1.4 0     0.9 0    -0.1 0     2.8 0   282.3 0   271.481 0   271.379 0   301.4 0   270.927 0   271.012 0     0.0 0     1.3 0     1.8 0   -19.1 0   -17.3 0    -1.7 0    71.4 0     7.6 0   270.0 0   971.8 0
 2026  11  1 11 22  8 22.133  91.29     1.4 0     0.9 0     0.0 0     2.8 0   279.1 0   271.488 0   271.377 0   301.4 0   270.932 0   271.022 0     0.0 0     1.2 0     1.9 0   -22.3 0   -20.4 0    -1.7 0    70.1 0     9.4 0   271.2 0   971.8 0
 2026  11  1 11 22  9 22.150  91.46     1.1 0     0.8 0     0.0 0     2.6 0   279.5 0   271.493 0   271.380 0   301.3 0   270.939 0   271.030 0     0.0 0     1.1 0     1.8 0   -21.8 0   -20.0 0    -1.7 0    69.6 0     8.8 0   274.3 0   971.8 0
 2026  11  1 11 22 10 22.167  91.63     0.7 0     0.7 0     0.1 0     2.2 0   281.1 0   271.498 0   271.383 0   301.3 0   270.946 0   271.033 0     0.0 0     0.9 0     1.5 0   -20.2 0   -18.6 0    -1.6 0    70.1 0     7.7 0   258.6 0   971.8 0
 2026  11  1 11 22 11 22.183  91.79     0.5 0     0.6 0     0.1 0     1.9 0   282.4 0   271.503 0   271.393 0   301.3 0   270.950 0   271.033 0     0.0 0     0.8 0     1.3 0   -18.8 0   -17.5 0    -1.7 0    70.6 0     7.0 0   259.8 0   971.9 0
 2026  11  1 11 22 12 22.200  91.96     0.2 0     0.6 0     0.1 0     1.7 0   282.5 0   271.508 0   271.383 0   301.4 0   270.951 0   271.033 0     0.0 0     0.6 0     1.1 0   -18.9 0   -17.8 0    -1.7 0    70.7 0     9.4 0   255.6 0   971.9 0
 2026  11  1 11 22 13 22.217  92.13     0.0 0     0.5 0     0.1 0     1.4 0   285.2 0   271.509 0   271.383 0   301.6 0   270.953 0   271.039 0     0.0 0     0.5 0     1.0 0   -16.4 0   -15.5 0    -1.7 0    69.8 0     9.3 0   269.9 0   971.9 0
 2026  11  1 11 22 14 22.233  92.30    -0.1 0     0.4 0     0.1 0     1.3 0   284.7 0   271.511 0   271.394 0   301.5 0   270.955 0   271.042 0     0.0 0     0.5 0     0.9 0   -16.8 0   -15.9 0    -1.7 0    69.5 0     9.3 0   279.2 0   971.9 0
 2026  11  1 11 22 15 22.250  92.47    -0.2 0     0.4 0     0.1 0     1.2 0   284.2 0   271.513 0   271.393 0   301.4 0   270.959 0   271.046 0     0.0 0     0.4 0     0.8 0   -17.2 0   -16.3 0    -1.7 0    69.3 0     8.5 0   262.5 0   971.9 0
 2026  11  1 11 22 16 22.267  92.64    -0.3 0     0.4 0     0.1 0     1.1 0   283.6 0   271.516 0   271.394 0   301.3 0   270.961 0   271.042 0     0.0 0     0.4 0     0.7 0   -17.7 0   -17.0 0    -1.7 0    70.4 0     6.9 0   266.7 0   971.9 0
 2026  11  1 11 22 17 22.283  92.81    -0.5 0     0.3 0     0.1 0     0.9 0   284.6 0   271.517 0   271.385 0   301.4 0   270.958 0   271.038 0     0.0 0     0.3 0     0.5 0   -16.8 0   -16.3 0    -1.7 0    70.4 0     8.8 0   264.5 0   972.0 0
 2026  11  1 11 22 18 22.300  92.98    -0.7 0     0.2 0     0.1 0     0.7 0   285.9 0   271.516 0   271.389 0   301.5 0   270.957 0   271.042 0     0.0 0     0.2 0     0.5 0   -15.6 0   -15.1 0    -1.7 0    68.9 0    10.1 0   273.5 0   972.0 0
 2026  11  1 11 22 19 22.317  93.15    -0.8 0     0.1 0     0.0 0     0.6 0   286.3 0   271.518 0   271.397 0   301.5 0   270.959 0   271.046 0     0.0 0     0.2 0     0.4 0   -15.1 0   -14.7 0    -1.7 0    67.5 0    11.8 0   271.3 0   972.0 0
 2026  11  1 11 22 20 22.333  93.32    -1.0 0     0.1 0     0.0 0     0.5 0   286.4 0   271.523 0   271.408 0   301.4 0   270.964 0   271.050 0     0.0 0     0.1 0     0.4 0   -15.0 0   -14.6 0    -1.6 0    67.5 0     9.1 0   272.3 0   972.0 0
 2026  11  1 11 22 21 22.350  93.49    -1.0 0     0.1 0     0.1 0     0.4 0   286.3 0   271.528 0   271.406 0   301.4 0   270.966 0   271.048 0     0.0 0     0.1 0     0.3 0   -15.1 0   -14.8 0    -1.7 0    68.4 0     8.7 0   265.8 0   972.0 0
 2026  11  1 11 22 22 22.367  93.66    -1.0 0     0.1 0     0.1 0     0.5 0   284.5 0   271.529 0   271.402 0   301.4 0   270.968 0   271.054 0     0.0 0     0.1 0     0.3 0   -16.9 0   -16.6 0    -1.7 0    67.5 0    10.1 0   275.3 0   972.0 0
 2026  11  1 11 22 23 22.383  93.83    -1.0 0     0.1 0     0.1 0     0.4 0   282.5 0   271.530 0   271.403 0   301.2 0   270.971 0   271.053 0     0.0 0     0.1 0     0.3 0   -18.7 0   -18.4 0    -1.7 0    67.8 0     9.2 0   278.4 0   972.0 0
 2026  11  1 11 22 24 22.400  94.00    -1.0 0     0.1 0     0.1 0     0.4 0   284.1 0   271.532 0   271.405 0   301.2 0   270.971 0   271.053 0     0.0 0     0.1 0     0.3 0   -17.1 0   -16.8 0    -1.7 0    67.9 0     8.4 0   274.7 0   972.1 0
 2026  11  1 11 22 25 22.417  94.17    -1.1 0     0.1 0     0.0 0     0.3 0   285.6 0   271.532 0   271.412 0   301.4 0   270.972 0   271.055 0     0.0 0     0.1 0     0.2 0   -15.8 0   -15.6 0    -1.7 0    67.8 0     9.3 0   266.6 0   972.0 0
 2026  11  1 11 22 26 22.433  94.34    -1.1 0     0.1 0     0.0 0     0.3 0   286.4 0   271.536 0   271.422 0   301.3 0   270.973 0   271.056 0     0.0 0     0.1 0     0.2 0   -15.0 0   -14.7 0    -1.7 0    67.6 0     7.7 0   275.6 0   972.0 0
 2026  11  1 11 22 27 22.450  94.51    -1.2 0     0.0 0     0.0 0     0.2 0   287.1 0   271.539 0   271.421 0   301.4 0   270.974 0   271.057 0     0.0 0     0.0 0     0.2 0   -14.3 0   -14.1 0    -1.7 0    67.5 0     8.5 0   265.0 0   972.1 0
 2026  11  1 11 22 28 22.467  94.69    -1.2 0     0.1 0     0.1 0     0.2 0   285.8 0   271.541 0   271.416 0   301.3 0   270.974 0   271.055 0     0.0 0     0.0 0     0.1 0   -15.5 0   -15.4 0    -1.7 0    68.2 0     8.0 0   262.5 0   972.1 0
 2026  11  1 11 22 29 22.483  94.86    -1.1 0     0.1 0     0.1 0     0.2 0   284.6 0   271.540 0   271.403 0   301.3 0   270.972 0   271.052 0     0.0 0     0.0 0     0.1 0   -16.7 0   -16.6 0    -1.7 0    68.4 0    10.6 0   266.4 0   972.1 0
 2026  11  1 11 22 30 22.500  95.03    -1.1 0     0.0 0     0.1 0     0.2 0   286.3 0   271.539 0   271.404 0   301.4 0   270.971 0   271.053 0     0.0 0     0.0 0     0.1 0   -15.1 0   -15.0 0    -1.7 0    67.8 0    10.3 0   262.9 0   972.1 0
 2026  11  1 11 22 31 22.517  95.20    -1.2 0     0.0 0     0.1 0     0.2 0   286.4 0   271.539 0   271.406 0   301.3 0   270.971 0   271.051 0     0.0 0     0.0 0     0.1 0   -14.9 0   -14.8 0    -1.7 0    68.2 0     9.2 0   260.1 0   972.1 0
 2026  11  1 11 22 32 22.533  95.38    -1.2 0     0.1 0     0.1 0     0.2 0   287.4 0   271.538 0   271.402 0   301.3 0   270.968 0   271.047 0     0.0 0     0.0 0     0.1 0   -13.9 0   -13.8 0    -1.7 0    68.4 0     8.9 0   263.0 0   972.1 0
 2026  11  1 11 22 33 22.550  95.55    -1.2 0     0.1 0     0.1 0     0.1 0   287.7 0   271.536 0   271.400 0   301.3 0   270.964 0   271.043 0     0.0 0     0.0 0     0.1 0   -13.7 0   -13.6 0    -1.7 0    68.6 0     9.6 0   260.6 0   972.2 0
 2026  11  1 11 22 34 22.567  95.72    -1.2 0     0.1 0     0.1 0     0.1 0   288.1 0   271.533 0   271.397 0   301.4 0   270.961 0   271.039 0     0.0 0     0.0 0     0.1 0   -13.2 0   -13.2 0    -1.7 0    68.6 0     9.4 0   266.7 0   972.2 0
 2026  11  1 11 22 35 22.583  95.90    -1.2 0     0.1 0     0.2 0     0.1 0   288.9 0   271.531 0   271.397 0   301.3 0   270.956 0   271.033 0     0.0 0     0.0 0     0.0 0   -12.4 0   -12.4 0    -1.7 0    69.1 0     7.9 0   260.0 0   972.2 0
 2026  11  1 11 22 36 22.600  96.07    -1.1 0     0.1 0     0.2 0     0.1 0   288.4 0   271.526 0   271.378 0   301.3 0   270.950 0   271.025 0     0.0 0     0.0 0     0.0 0   -12.9 0   -12.9 0    -1.8 0    69.1 0    10.1 0   260.4 0   972.2 0
 2026  11  1 11 22 37 22.617  96.24    -1.1 0     0.1 0     0.2 0     0.1 0   288.1 0   271.521 0   271.371 0   301.3 0   270.943 0   271.019 0     0.0 0     0.0 0     0.0 0   -13.3 0   -13.3 0    -1.8 0    69.3 0    10.3 0   258.0 0   972.2 0
 2026  11  1 11 22 38 22.633  96.42    -1.2 0     0.1 0     0.2 0     0.1 0   288.2 0   271.516 0   271.373 0   301.2 0   270.936 0   271.012 0     0.0 0     0.0 0     0.0 0   -13.0 0   -13.0 0    -1.8 0    69.5 0     8.2 0   265.8 0   972.3 0
 2026  11  1 11 22 39 22.650  96.59    -1.2 0     0.2 0     0.2 0     0.1 0   288.0 0   271.512 0   271.364 0   301.3 0   270.928 0   271.002 0     0.0 0     0.0 0     0.0 0   -13.3 0   -13.3 0    -1.8 0    70.1 0     9.7 0   270.2 0   972.4 0
 2026  11  1 11 22 40 22.667  96.76    -1.2 0     0.1 0     0.2 0     0.1 0   288.5 0   271.507 0   271.362 0   301.3 0   270.921 0   271.001 0     0.0 0     0.0 0     0.0 0   -12.8 0   -12.8 0    -1.8 0    69.1 0    11.2 0   266.5 0   972.3 0
 2026  11  1 11 22 41 22.683  96.94    -1.2 0     0.1 0     0.2 0     0.1 0   289.0 0   271.504 0   271.353 0   301.2 0   270.916 0   270.993 0     0.0 0     0.0 0     0.0 0   -12.2 0   -12.2 0    -1.8 0    69.7 0     9.8 0   257.4 0   972.3 0
 2026  11  1 11 22 42 22.700  97.11    -1.2 0     0.2 0     0.2 0     0.1 0   289.0 0   271.499 0   271.354 0   301.2 0   270.909 0   270.983 0     0.0 0     0.0 0     0.0 0   -12.1 0   -12.1 0    -1.8 0    70.2 0     8.1 0   258.3 0   972.3 0
 2026  11  1 11 22 43 22.717  97.29    -1.1 0     0.1 0     0.2 0     0.1 0   289.2 0   271.492 0   271.348 0   301.3 0   270.900 0   270.977 0     0.0 0     0.0 0     0.0 0   -12.1 0   -12.1 0    -1.8 0    69.7 0     9.7 0   262.8 0   972.4 0
 2026  11  1 11 22 44 22.733  97.46    -1.1 0     0.1 0     0.2 0     0.1 0   288.9 0   271.487 0   271.348 0   301.2 0   270.895 0   270.975 0     0.0 0     0.0 0     0.0 0   -12.3 0   -12.3 0    -1.8 0    69.1 0     9.7 0   265.2 0   972.5 0
 2026  11  1 11 22 45 22.750  97.64    -1.2 0     0.1 0     0.2 0     0.1 0   288.9 0   271.483 0   271.343 0   301.1 0   270.890 0   270.966 0     0.0 0     0.0 0     0.0 0   -12.2 0   -12.2 0    -1.8 0    70.5 0     7.4 0   269.2 0   972.5 0
 2026  11  1 11 22 46 22.767  97.81    -1.1 0     0.2 0     0.2 0     0.1 0   289.0 0   271.477 0   271.334 0   301.1 0   270.882 0   270.956 0     0.0 0     0.0 0     0.0 0   -12.1 0   -12.1 0    -1.8 0    70.6 0     7.8 0   265.5 0   972.5 0
 2026  11  1 11 22 47 22.783  97.99    -1.1 0     0.2 0     0.2 0     0.1 0   289.0 0   271.469 0   271.310 0   301.2 0   270.872 0   270.946 0     0.0 0     0.0 0     0.0 0   -12.2 0   -12.2 0    -1.9 0    70.4 0    11.1 0   266.6 0   972.5 0
 2026  11  1 11 22 48 22.800  98.17    -1.1 0     0.2 0     0.2 0     0.1 0   288.8 0   271.459 0   271.300 0   301.2 0   270.862 0   270.938 0     0.0 0     0.0 0     0.0 0   -12.3 0   -12.3 0    -1.9 0    70.1 0    11.3 0   259.6 0   972.5 0
 2026  11  1 11 22 49 22.817  98.34    -1.1 0     0.2 0     0.2 0     0.1 0   288.6 0   271.450 0   271.294 0   301.0 0   270.854 0   270.930 0     0.0 0     0.0 0     0.0 0   -12.5 0   -12.5 0    -1.9 0    70.3 0     9.4 0   263.7 0   972.5 0
 2026  11  1 11 22 50 22.833  98.52    -1.2 0     0.2 0     0.2 0     0.1 0   288.0 0   271.443 0   271.288 0   301.0 0   270.845 0   270.919 0     0.0 0     0.0 0     0.0 0   -13.0 0   -13.0 0    -1.9 0    71.4 0     8.6 0   262.1 0   972.6 0
 2026  11  1 11 22 51 22.850  98.69    -1.1 0     0.2 0     0.2 0     0.1 0   287.9 0   271.435 0   271.280 0   301.0 0   270.835 0   270.909 0     0.0 0     0.0 0     0.0 0   -13.1 0   -13.1 0    -1.9 0    71.5 0     8.8 0   259.7 0   972.6 0
 2026  11  1 11 22 52 22.867  98.87    -1.1 0     0.2 0     0.2 0     0.1 0   287.7 0   271.425 0   271.268 0   301.0 0   270.825 0   270.901 0     0.0 0     0.0 0     0.0 0   -13.2 0   -13.2 0    -1.9 0    71.1 0     9.1 0   260.3 0   972.6 0
 2026  11  1 11 22 53 22.883  99.05    -1.1 0     0.2 0     0.2 0     0.1 0   287.9 0   271.415 0   271.258 0   301.0 0   270.816 0   270.893 0     0.0 0     0.0 0     0.0 0   -13.2 0   -13.2 0    -1.9 0    71.3 0    10.5 0   255.1 0   972.6 0
 2026  11  1 11 22 54 22.900  99.23    -1.1 0     0.2 0     0.2 0     0.1 0   287.7 0   271.406 0   271.249 0   301.0 0   270.808 0   270.885 0     0.0 0     0.0 0     0.0 0   -13.3 0   -13.3 0    -1.9 0    71.4 0     9.8 0   257.4 0   972.6 0
 2026  11  1 11 22 55 22.917  99.40    -1.1 0     0.2 0     0.2 0     0.1 0   287.9 0   271.397 0   271.244 0   301.0 0   270.800 0   270.876 0     0.0 0     0.0 0     0.0 0   -13.0 0   -13.0 0    -1.9 0    71.7 0     8.7 0   261.8 0   972.7 0
 2026  11  1 11 22 56 22.933  99.58    -1.1 0     0.2 0     0.2 0     0.1 0   287.9 0   271.389 0   271.239 0   301.0 0   270.791 0   270.866 0     0.0 0     0.0 0     0.0 0   -13.0 0   -13.0 0    -1.9 0    72.7 0     9.1 0   259.6 0   972.6 0
 2026  11  1 11 22 57 22.950  99.76    -1.1 0     0.2 0     0.1 0     0.1 0   288.6 0   271.382 0   271.235 0   301.0 0   270.782 0   270.861 0     0.0 0     0.0 0     0.0 0   -12.5 0   -12.5 0    -2.0 0    71.9 0     8.5 0   253.2 0   972.6 0
 2026  11  1 11 22 58 22.967  99.94    -1.1 0     0.1 0     0.1 0     0.1 0   288.5 0   271.375 0   271.241 0   301.2 0   270.777 0   270.862 0     0.0 0     0.0 0     0.0 0   -12.7 0   -12.7 0    -1.9 0    71.3 0    11.1 0   264.4 0   972.7 0
 2026  11  1 11 22 59 22.983 100.11    -1.2 0     0.0 0     0.0 0     0.1 0   288.5 0   271.374 0   271.248 0   301.2 0   270.778 0   270.866 0     0.0 0     0.0 0     0.0 0   -12.7 0   -12.7 0    -1.9 0    70.6 0    10.9 0   262.0 0   972.7 0
 2026  11  1 11 23  0 23.000 100.29    -1.2 0     0.0 0     0.0 0     0.1 0   288.5 0   271.375 0   271.240 0   301.2 0   270.780 0   270.867 0     0.0 0     0.0 0     0.0 0   -12.7 0   -12.7 0    -1.9 0    70.7 0    11.8 0   253.1 0   972.6 0
 2026  11  1 11 23  1 23.017 100.47    -1.2 0     0.0 0     0.0 0     0.1 0   288.5 0   271.375 0   271.247 0   301.2 0   270.784 0   270.874 0     0.0 0     0.0 0     0.0 0   -12.7 0   -12.7 0    -1.9 0    70.0 0    11.9 0   269.7 0   972.7 0
 2026  11  1 11 23  2 23.033 100.65    -1.3 0     0.0 0     0.0 0     0.1 0   288.8 0   271.378 0   271.256 0   301.2 0   270.789 0   270.878 0     0.0 0     0.0 0     0.0 0   -12.4 0   -12.4 0    -1.8 0    70.2 0    10.0 0   268.8 0   972.7 0
 2026  11  1 11 23  3 23.050 100.83    -1.3 0     0.0 0     0.1 0     0.1 0   288.4 0   271.382 0   271.262 0   301.1 0   270.792 0   270.876 0     0.0 0     0.0 0     0.0 0   -12.7 0   -12.7 0    -1.9 0    71.0 0     9.0 0   260.0 0   972.7 0
 2026  11  1 11 23  4 23.067 101.01    -1.3 0     0.0 0     0.0 0     0.1 0   288.1 0   271.385 0   271.262 0   301.3 0   270.793 0   270.883 0     0.0 0     0.0 0     0.0 0   -13.1 0   -13.1 0    -1.8 0    70.2 0    12.0 0   258.8 0   972.7 0
 2026  11  1 11 23  5 23.083 101.18    -1.3 0    -0.1 0     0.0 0     0.1 0   287.7 0   271.389 0   271.270 0   301.3 0   270.799 0   270.890 0     0.0 0     0.0 0     0.0 0   -13.6 0   -13.6 0    -1.8 0    70.0 0    10.6 0   261.1 0   972.7 0
 2026  11  1 11 23  6 23.100 101.36    -1.3 0    -0.1 0     0.0 0     0.1 0   287.8 0   271.395 0   271.276 0   301.3 0   270.805 0   270.895 0     0.0 0     0.0 0     0.0 0   -13.5 0   -13.5 0    -1.8 0    70.0 0    11.4 0   274.8 0   972.8 0
 2026  11  1 11 23  7 23.117 101.54    -1.3 0    -0.1 0     0.0 0     0.1 0   288.1 0   271.402 0   271.288 0   301.3 0   270.811 0   270.901 0     0.0 0     0.0 0     0.0 0   -13.2 0   -13.2 0    -1.8 0    69.5 0    10.5 0   269.2 0   973.0 0
 2026  11  1 11 23  8 23.133 101.72    -1.4 0    -0.1 0     0.0 0     0.1 0   288.3 0   271.409 0   271.308 0   301.4 0   270.819 0   270.916 0     0.0 0     0.0 0     0.0 0   -13.1 0   -13.1 0    -1.8 0    68.3 0    11.4 0   280.0 0   972.9 0
 2026  11  1 11 23  9 23.150 101.90    -1.4 0    -0.2 0    -0.1 0     0.1 0   287.9 0   271.420 0   271.326 0   301.2 0   270.834 0   270.930 0     0.0 0     0.0 0     0.0 0   -13.4 0   -13.4 0    -1.7 0    68.2 0     9.5 0   268.9 0   972.9 0
 2026  11  1 11 23 10 23.167 102.08    -1.4 0    -0.1 0     0.0 0     0.1 0   287.8 0   271.431 0   271.322 0   301.1 0   270.843 0   270.926 0     0.0 0     0.0 0     0.0 0   -13.3 0   -13.3 0    -1.8 0    69.7 0     6.7 0   261.6 0   972.9 0
 2026  11  1 11 23 11 23.183 102.26    -1.4 0     0.0 0     0.1 0     0.1 0   287.5 0   271.436 0   271.319 0   301.1 0   270.843 0   270.924 0     0.0 0     0.0 0     0.0 0   -13.5 0   -13.5 0    -1.8 0    70.5 0     7.2 0   255.6 0   972.9 0
 2026  11  1 11 23 12 23.200 102.44    -1.3 0     0.0 0     0.1 0     0.1 0   287.4 0   271.439 0   271.320 0   301.3 0   270.843 0   270.929 0     0.0 0     0.0 0     0.0 0   -13.8 0   -13.8 0    -1.8 0    69.7 0    10.6 0   274.3 0   973.0 0
 2026  11  1 11 23 13 23.217 102.62    -1.4 0    -0.1 0     0.0 0     0.1 0   287.9 0   271.446 0   271.342 0   301.4 0   270.849 0   270.946 0     0.0 0     0.0 0     0.0 0   -13.5 0   -13.5 0    -1.8 0    67.5 0    11.4 0   272.3 0   973.0 0
 2026  11  1 11 23 14 23.233 102.80    -1.4 0    -0.1 0     0.0 0     0.1 0   288.1 0   271.457 0   271.351 0   301.3 0   270.861 0   270.952 0     0.0 0     0.0 0     0.0 0   -13.2 0   -13.2 0    -1.7 0    68.3 0    10.1 0   266.8 0   972.9 0
 2026  11  1 11 23 15 23.250 102.98    -1.4 0    -0.1 0     0.0 0     0.1 0   288.4 0   271.466 0   271.356 0   301.3 0   270.868 0   270.956 0     0.0 0     0.0 0     0.0 0   -12.9 0   -12.9 0    -1.7 0    68.6 0     9.4 0   263.5 0   973.0 0
 2026  11  1 11 23 16 23.267 103.16    -1.4 0    -0.1 0     0.0 0     0.1 0   288.6 0   271.474 0   271.361 0   301.4 0   270.874 0   270.961 0     0.0 0     0.0 0     0.0 0   -12.8 0   -12.8 0    -1.7 0    69.0 0     9.6 0   273.2 0   973.0 0
 2026  11  1 11 23 17 23.283 103.34    -1.4 0    -0.1 0     0.0 0     0.1 0   288.5 0   271.482 0   271.368 0   301.5 0   270.880 0   270.974 0     0.0 0     0.0 0     0.0 0   -13.0 0   -13.0 0    -1.7 0    67.7 0    12.1 0   264.6 0   973.0 0
 2026  11  1 11 23 18 23.300 103.52    -1.5 0    -0.2 0    -0.1 0     0.1 0   288.5 0   271.492 0   271.381 0   301.5 0   270.891 0   270.985 0     0.0 0     0.0 0     0.0 0   -13.0 0   -13.0 0    -1.7 0    67.6 0    11.1 0   257.7 0   972.9 0
 2026  11  1 11 23 19 23.317 103.70    -1.5 0    -0.1 0     0.0 0     0.1 0   288.4 0   271.502 0   271.389 0   301.5 0   270.902 0   270.993 0     0.0 0     0.0 0     0.0 0   -13.1 0   -13.1 0    -1.7 0    68.0 0    10.2 0   268.1 0   973.0 0
 2026  11  1 11 23 20 23.333 103.89    -1.4 0    -0.1 0     0.0 0     0.1 0   288.5 0   271.508 0   271.385 0   301.5 0   270.910 0   270.999 0     0.0 0     0.0 0     0.0 0   -13.0 0   -13.0 0    -1.7 0    68.0 0    11.6 0   267.3 0   973.1 0
 2026  11  1 11 23 21 23.350 104.07    -1.4 0    -0.1 0     0.0 0     0.1 0   288.1 0   271.514 0   271.384 0   301.5 0   270.916 0   271.003 0     0.0 0     0.0 0     0.0 0   -13.4 0   -13.4 0    -1.7 0    68.4 0    11.9 0   268.3 0   973.0 0
 2026  11  1 11 23 22 23.367 104.25    -1.4 0    -0.1 0     0.1 0     0.1 0   287.8 0   271.518 0   271.388 0   301.4 0   270.921 0   271.006 0     0.0 0     0.0 0     0.0 0   -13.6 0   -13.6 0    -1.7 0    68.2 0    10.9 0   259.9 0   973.0 0
 2026  11  1 11 23 23 23.383 104.43    -1.4 0    -0.1 0     0.1 0     0.1 0   288.4 0   271.521 0   271.395 0   301.5 0   270.925 0   271.014 0     0.0 0     0.0 0     0.0 0   -13.0 0   -13.0 0    -1.7 0    67.3 0    11.7 0   264.6 0   973.0 0
 2026  11  1 11 23 24 23.400 104.61    -1.4 0     0.0 0     0.0 0     0.1 0   288.6 0   271.526 0   271.405 0   301.3 0   270.930 0   271.015 0     0.0 0     0.0 0     0.0 0   -12.8 0   -12.8 0    -1.7 0    68.1 0     8.4 0   270.2 0   973.1 0
 2026  11  1 11 23 25 23.417 104.79    -1.4 0     0.0 0     0.1 0     0.1 0   288.6 0   271.530 0   271.402 0   301.4 0   270.931 0   271.010 0     0.0 0     0.0 0     0.0 0   -12.8 0   -12.8 0    -1.7 0    69.2 0     8.8 0   273.4 0   973.1 0
 2026  11  1 11 23 26 23.433 104.98    -1.4 0     0.1 0     0.1 0     0.1 0   287.8 0   271.530 0   271.385 0   301.3 0   270.926 0   271.001 0     0.0 0     0.0 0     0.0 0   -13.5 0   -13.5 0    -1.8 0    69.8 0     9.5 0   251.3 0   973.1 0
 2026  11  1 11 23 27 23.450 105.16    -1.3 0     0.1 0     0.1 0     0.1 0   287.4 0   271.526 0   271.381 0   301.2 0   270.920 0   270.996 0     0.0 0     0.0 0     0.0 0   -13.7 0   -13.7 0    -1.8 0    69.7 0     8.2 0   256.7 0   973.1 0
 2026  11  1 11 23 28 23.467 105.34    -1.3 0     0.1 0     0.2 0     0.1 0   286.6 0   271.521 0   271.367 0   301.1 0   270.912 0   270.985 0     0.0 0     0.0 0     0.0 0   -14.5 0   -14.5 0    -1.8 0    70.4 0     7.7 0   255.1 0   973.1 0
 2026  11  1 11 23 29 23.483 105.52    -1.2 0     0.1 0     0.2 0     0.1 0   286.5 0   271.513 0   271.349 0   301.1 0   270.902 0   270.976 0     0.0 0     0.0 0     0.0 0   -14.7 0   -14.7 0    -1.8 0    70.6 0    10.0 0   259.6 0   973.1 0
 2026  11  1 11 23 30 23.500 105.70    -1.2 0     0.1 0     0.2 0     0.1 0   287.3 0   271.506 0   271.352 0   301.2 0   270.894 0   270.972 0     0.0 0     0.0 0     0.0 0   -14.0 0   -14.0 0    -1.8 0    70.1 0     9.7 0   264.8 0   973.1 0
 2026  11  1 11 23 31 23.517 105.89    -1.2 0     0.1 0     0.2 0     0.1 0   287.4 0   271.500 0   271.350 0   301.3 0   270.888 0   270.968 0     0.0 0     0.0 0     0.0 0   -13.9 0   -13.9 0    -1.8 0    70.0 0     9.7 0   271.5 0   973.2 0
 2026  11  1 11 23 32 23.533 106.07    -1.2 0     0.1 0     0.2 0     0.1 0   287.0 0   271.495 0   271.345 0   301.1 0   270.883 0   270.961 0     0.0 0     0.0 0     0.0 0   -14.1 0   -14.1 0    -1.8 0    70.0 0     8.9 0   260.8 0   973.2 0
 2026  11  1 11 23 33 23.550 106.25    -1.2 0     0.1 0     0.2 0     0.1 0   287.6 0   271.489 0   271.335 0   301.2 0   270.877 0   270.954 0     0.0 0     0.0 0     0.0 0   -13.6 0   -13.6 0    -1.8 0    70.1 0     9.5 0   262.5 0   973.1 0
 2026  11  1 11 23 34 23.567 106.44    -1.2 0     0.1 0     0.1 0     0.1 0   287.8 0   271.484 0   271.343 0   301.1 0   270.870 0   270.949 0     0.0 0     0.0 0     0.0 0   -13.3 0   -13.3 0    -1.8 0    70.0 0     8.1 0   264.9 0   973.2 0
 2026  11  1 11 23 35 23.583 106.62    -1.2 0     0.1 0     0.1 0     0.1 0   287.1 0   271.480 0   271.347 0   301.0 0   270.866 0   270.946 0     0.0 0     0.0 0     0.0 0   -13.9 0   -13.9 0    -1.8 0    69.9 0     7.2 0   263.7 0   973.3 0
 2026  11  1 11 23 36 23.600 106.80    -1.2 0     0.1 0     0.1 0     0.1 0   286.6 0   271.477 0   271.340 0   301.1 0   270.861 0   270.940 0     0.0 0     0.0 0     0.0 0   -14.4 0   -14.4 0    -1.8 0    70.2 0     8.1 0   266.1 0   973.2 0
 2026  11  1 11 23 37 23.617 106.99    -1.2 0     0.0 0     0.1 0     0.1 0   287.4 0   271.475 0   271.344 0   301.3 0   270.859 0   270.947 0     0.0 0     0.0 0     0.0 0   -13.9 0   -13.9 0    -1.8 0    68.9 0    10.1 0   265.4 0   973.1 0
 2026  11  1 11 23 38 23.633 107.17    -1.3 0     0.0 0     0.0 0     0.1 0   288.0 0   271.477 0   271.356 0   301.3 0   270.862 0   270.951 0     0.0 0     0.0 0     0.0 0   -13.3 0   -13.3 0    -1.8 0    68.6 0    10.1 0   266.8 0   973.2 0
 2026  11  1 11 23 39 23.650 107.35    -1.3 0    -0.1 0     0.0 0     0.1 0   288.2 0   271.482 0   271.366 0   301.4 0   270.868 0   270.957 0     0.0 0     0.0 0     0.0 0   -13.2 0   -13.2 0    -1.7 0    68.7 0     9.1 0   268.0 0   973.3 0
 2026  11  1 11 23 40 23.667 107.54    -1.3 0     0.0 0     0.0 0     0.1 0   288.2 0   271.487 0   271.367 0   301.4 0   270.872 0   270.960 0     0.0 0     0.0 0     0.0 0   -13.1 0   -13.1 0    -1.7 0    68.8 0    10.0 0   265.8 0   973.3 0
 2026  11  1 11 23 41 23.683 107.72    -1.3 0    -0.1 0     0.0 0     0.1 0   288.2 0   271.491 0   271.359 0   301.5 0   270.877 0   270.969 0     0.0 0     0.0 0     0.0 0   -13.2 0   -13.2 0    -1.7 0    67.9 0    13.0 0   260.7 0   973.2 0
 2026  11  1 11 23 42 23.700 107.91    -1.3 0    -0.1 0     0.0 0     0.1 0   288.4 0   271.496 0   271.361 0   301.5 0   270.885 0   270.977 0     0.0 0     0.0 0     0.0 0   -13.1 0   -13.1 0    -1.7 0    68.0 0    12.3 0   256.3 0   973.2 0
 2026  11  1 11 23 43 23.717 108.09    -1.3 0    -0.1 0     0.0 0     0.1 0   288.4 0   271.502 0   271.368 0   301.5 0   270.893 0   270.985 0     0.0 0     0.0 0     0.0 0   -13.1 0   -13.1 0    -1.7 0    67.9 0    12.3 0   263.6 0   973.3 0
 2026  11  1 11 23 44 23.733 108.27    -1.4 0    -0.1 0     0.0 0     0.1 0   288.2 0   271.509 0   271.388 0   301.5 0   270.902 0   270.993 0     0.0 0     0.0 0     0.0 0   -13.3 0   -13.3 0    -1.7 0    68.0 0    11.0 0   276.7 0   973.5 0
 2026  11  1 11 23 45 23.750 108.46    -1.5 0     0.0 0     0.1 0     0.1 0   288.4 0   271.517 0   271.396 0   301.4 0   270.907 0   270.992 0     0.0 0     0.0 0     0.0 0   -13.0 0   -13.0 0    -1.7 0    68.9 0     8.3 0   275.5 0   973.6 0
 2026  11  1 11 23 46 23.767 108.64    -1.4 0     0.0 0     0.1 0     0.1 0   288.2 0   271.521 0   271.404 0   301.4 0   270.910 0   270.998 0     0.0 0     0.0 0     0.0 0   -13.2 0   -13.2 0    -1.7 0    68.1 0    10.1 0   274.7 0   973.6 0
 2026  11  1 11 23 47 23.783 108.83    -1.4 0    -0.2 0     0.0 0     0.1 0   288.4 0   271.526 0   271.403 0   301.6 0   270.918 0   271.016 0     0.0 0     0.0 0     0.0 0   -13.2 0   -13.2 0    -1.7 0    66.6 0    13.9 0   268.1 0   973.6 0
 2026  11  1 11 23 48 23.800 109.01    -1.4 0    -0.2 0    -0.1 0     0.1 0   288.5 0   271.536 0   271.420 0   301.5 0   270.931 0   271.025 0     0.0 0     0.0 0     0.0 0   -13.1 0   -13.1 0    -1.7 0    66.7 0    11.3 0   273.3 0   973.6 0
 2026  11  1 11 23 49 23.817 109.20    -1.5 0    -0.1 0     0.0 0     0.1 0   288.8 0   271.544 0   271.429 0   301.5 0   270.941 0   271.030 0     0.0 0     0.0 0     0.0 0   -12.7 0   -12.7 0    -1.7 0    67.0 0    10.1 0   269.4 0   973.7 0
 2026  11  1 11 23 50 23.833 109.38    -1.4 0    -0.1 0     0.0 0     0.1 0   289.1 0   271.550 0   271.431 0   301.5 0   270.947 0   271.032 0     0.0 0     0.0 0     0.0 0   -12.4 0   -12.4 0    -1.7 0    67.3 0     9.6 0   254.2 0   973.7 0
 2026  11  1 11 23 51 23.850 109.57    -1.4 0     0.0 0     0.1 0     0.1 0   289.0 0   271.553 0   271.428 0   301.5 0   270.950 0   271.033 0     0.0 0     0.0 0     0.0 0   -12.5 0   -12.5 0    -1.7 0    67.7 0     9.3 0   272.0 0   973.7 0
 2026  11  1 11 23 52 23.867 109.75    -1.4 0    -0.1 0     0.0 0     0.1 0   288.2 0   271.556 0   271.432 0   301.5 0   270.952 0   271.040 0     0.0 0     0.0 0     0.0 0   -13.3 0   -13.3 0    -1.7 0    67.1 0    10.9 0   273.8 0   973.8 0
 2026  11  1 11 23 53 23.883 109.94    -1.4 0     0.0 0     0.0 0     0.1 0   288.6 0   271.561 0   271.442 0   301.4 0   270.956 0   271.039 0     0.0 0     0.0 0     0.0 0   -12.8 0   -12.8 0    -1.7 0    67.8 0     8.1 0   273.0 0   973.8 0
 2026  11  1 11 23 54 23.900 110.12    -1.4 0     0.0 0     0.1 0     0.1 0   288.8 0   271.564 0   271.440 0   301.5 0   270.957 0   271.040 0     0.0 0     0.0 0     0.0 0   -12.7 0   -12.7 0    -1.7 0    67.9 0     9.3 0   281.3 0   974.0 0
 2026  11  1 11 23 55 23.917 110.31    -1.3 0    -0.1 0     0.0 0     0.1 0   288.7 0   271.567 0   271.442 0   301.6 0   270.958 0   271.045 0     0.0 0     0.0 0     0.0 0   -12.9 0   -12.9 0    -1.7 0    67.6 0    10.6 0   280.3 0   974.0 0
 2026  11  1 11 23 56 23.933 110.49    -1.3 0    -0.1 0     0.0 0     0.1 0   288.9 0   271.570 0   271.439 0   301.5 0   270.961 0   271.046 0     0.0 0     0.0 0     0.0 0   -12.6 0   -12.6 0    -1.7 0    67.7 0    10.7 0   271.2 0   974.0 0
 2026  11  1 11 23 57 23.950 110.68    -1.4 0     0.0 0     0.1 0     0.1 0   288.6 0   271.572 0   271.442 0   301.5 0   270.962 0   271.045 0     0.0 0     0.0 0     0.0 0   -12.9 0   -12.9 0    -1.7 0    67.9 0     9.8 0   281.9 0   974.1 0
 2026  11  1 11 23 58 23.967 110.87    -1.4 0     0.0 0     0.1 0     0.1 0   287.5 0   271.573 0   271.438 0   301.3 0   270.962 0   271.042 0     0.0 0     0.0 0     0.0 0   -13.8 0   -13.8 0    -1.7 0    68.2 0     8.9 0   280.5 0   974.1 0
 2026  11  1 11 23 59 23.983 111.05    -1.3 0     0.1 0     0.1 0     0.1 0   286.6 0   271.571 0   271.426 0   301.3 0   270.958 0   271.036 0     0.0 0     0.0 0     0.0 0   -14.8 0   -14.8 0    -1.7 0    68.9 0     9.7 0   279.5 0   974.2 0
