 Penn State
   40.72  -77.93  376 m version 1
 2026   5  1  5  0  0  0.000 112.35    -0.9 0     0.0 0     0.2 0     0.1 0   285.8 0   270.154 0   270.059 0   295.7 0   269.423 0   269.527 0     0.0 0     0.0 0     0.0 0    -9.9 0    -9.9 0    -3.1 0    72.9 0     3.9 0   283.0 0   977.2 0
 2026   5  1  5  0  1  0.017 112.54    -0.9 0     0.0 0     0.2 0     0.1 0   285.7 0   270.159 0   270.064 0   295.7 0   269.427 0   269.531 0     0.0 0     0.0 0     0.0 0   -10.0 0   -10.0 0    -3.1 0    72.7 0     4.1 0   282.9 0   977.2 0
 2026   5  1  5  0  2  0.033 112.73    -1.0 0     0.0 0     0.2 0     0.1 0   285.8 0   270.164 0   270.072 0   295.7 0   269.431 0   269.536 0     0.0 0     0.0 0     0.0 0   -10.0 0   -10.0 0    -3.1 0    72.7 0     3.3 0   281.3 0   977.3 0
 2026   5  1  5  0  3  0.050 112.91    -1.0 0    -0.1 0     0.1 0     0.1 0   285.8 0   270.170 0   270.079 0   295.8 0   269.437 0   269.543 0     0.0 0     0.0 0     0.0 0   -10.0 0   -10.0 0    -3.1 0    72.1 0     4.5 0   279.6 0   977.3 0
 2026   5  1  5  0  4  0.067 113.10    -1.0 0    -0.1 0     0.1 0     0.1 0   285.8 0   270.177 0   270.090 0   295.8 0   269.443 0   269.549 0     0.0 0     0.0 0     0.0 0   -10.0 0   -10.0 0    -3.1 0    71.9 0     3.7 0   287.1 0   977.3 0
 2026   5  1  5  0  5  0.083 113.28    -1.0 0    -0.1 0     0.1 0     0.0 0   285.7 0   270.185 0   270.102 0   295.7 0   269.449 0   269.553 0     0.0 0     0.0 0     0.0 0   -10.0 0   -10.0 0    -3.1 0    71.8 0     2.7 0   286.3 0   977.3 0
 2026   5  1  5  0  6  0.100 113.47    -1.0 0     0.0 0     0.2 0     0.0 0   285.6 0   270.192 0   270.098 0   295.6 0   269.453 0   269.553 0     0.0 0     0.0 0     0.0 0    -9.9 0    -9.9 0    -3.1 0    72.5 0     2.0 0   295.1 0   977.3 0
 2026   5  1  5  0  7  0.117 113.66    -0.9 0     0.0 0     0.2 0     0.0 0   285.6 0   270.197 0   270.115 0   295.6 0   269.454 0   269.554 0     0.0 0     0.0 0     0.0 0    -9.9 0    -9.9 0    -3.1 0    72.6 0     2.1 0   312.3 0   977.3 0
 2026   5  1  5  0  8  0.133 113.84    -0.9 0     0.0 0     0.2 0     0.0 0   285.6 0   270.201 0   270.121 0   295.6 0   269.455 0   269.556 0     0.0 0     0.0 0     0.0 0    -9.9 0    -9.9 0    -3.1 0    72.4 0     2.3 0   306.0 0   977.3 0
 2026   5  1  5  0  9  0.150 114.03    -0.8 0     0.0 0     0.2 0     0.0 0   285.6 0   270.206 0   270.126 0   295.5 0   269.456 0   269.555 0     0.0 0     0.0 0     0.0 0    -9.9 0    -9.9 0    -3.1 0    72.7 0     2.1 0   297.2 0   977.3 0
 2026   5  1  5  0 10  0.167 114.22    -0.8 0     0.0 0     0.2 0     0.0 0   285.4 0   270.211 0   270.127 0   295.6 0   269.456 0   269.556 0     0.0 0     0.0 0     0.0 0   -10.2 0   -10.2 0    -3.1 0    72.4 0     2.6 0   293.2 0   977.4 0
 2026   5  1  5  0 11  0.183 114.40    -0.8 0     0.0 0     0.2 0     0.0 0   285.3 0   270.216 0   270.128 0   295.6 0   269.457 0   269.557 0     0.0 0     0.0 0     0.0 0   -10.3 0   -10.3 0    -3.1 0    72.3 0     2.5 0   294.4 0   977.4 0
 2026   5  1  5  0 12  0.200 114.59    -0.8 0     0.0 0     0.1 0     0.0 0   285.3 0   270.220 0   270.132 0   295.6 0   269.458 0   269.560 0     0.0 0     0.0 0     0.0 0   -10.3 0   -10.3 0    -3.1 0    72.2 0     3.0 0   314.0 0   977.4 0
 2026   5  1  5  0 13  0.217 114.78    -0.8 0     0.0 0     0.1 0     0.0 0   285.3 0   270.227 0   270.135 0   295.6 0   269.461 0   269.562 0     0.0 0     0.0 0     0.0 0   -10.4 0   -10.4 0    -3.1 0    72.2 0     3.4 0   293.1 0   977.4 0
 2026   5  1  5  0 14  0.233 114.96    -0.9 0     0.0 0     0.1 0     0.1 0   285.3 0   270.232 0   270.134 0   295.7 0   269.463 0   269.566 0     0.0 0     0.0 0     0.0 0   -10.4 0   -10.4 0    -3.1 0    71.9 0     3.6 0   279.0 0   977.4 0
 2026   5  1  5  0 15  0.250 115.15    -1.0 0    -0.1 0     0.1 0     0.1 0   285.3 0   270.236 0   270.139 0   295.7 0   269.467 0   269.573 0     0.0 0     0.0 0     0.0 0   -10.5 0   -10.5 0    -3.1 0    71.4 0     3.8 0   286.2 0   977.4 0
 2026   5  1  5  0 16  0.267 115.34    -1.0 0    -0.1 0     0.1 0     0.1 0   285.3 0   270.241 0   270.149 0   295.8 0   269.473 0   269.579 0     0.0 0     0.0 0     0.0 0   -10.5 0   -10.5 0    -3.1 0    71.2 0     4.1 0   286.2 0   977.4 0
 2026   5  1  5  0 17  0.283 115.52    -1.0 0    -0.1 0     0.1 0     0.1 0   285.4 0   270.247 0   270.148 0   295.8 0   269.479 0   269.585 0     0.0 0     0.0 0     0.0 0   -10.4 0   -10.4 0    -3.0 0    71.2 0     3.4 0   288.8 0   977.4 0
 2026   5  1  5  0 18  0.300 115.71    -1.1 0     0.0 0     0.1 0     0.1 0   285.5 0   270.251 0   270.151 0   295.7 0   269.483 0   269.586 0     0.0 0     0.0 0     0.0 0   -10.2 0   -10.2 0    -3.0 0    71.4 0     2.4 0   288.9 0   977.4 0
 2026   5  1  5  0 19  0.317 115.90    -1.0 0     0.0 0     0.1 0     0.0 0   285.6 0   270.254 0   270.173 0   295.6 0   269.486 0   269.587 0     0.0 0     0.0 0     0.0 0   -10.1 0   -10.1 0    -3.0 0    71.6 0     1.7 0   307.6 0   977.4 0
 2026   5  1  5  0 20  0.333 116.09    -0.9 0     0.0 0     0.1 0     0.0 0   285.6 0   270.258 0   270.168 0   295.7 0   269.487 0   269.588 0     0.0 0     0.0 0     0.0 0   -10.1 0   -10.1 0    -3.0 0    71.6 0     3.7 0   310.1 0   977.4 0
 2026   5  1  5  0 21  0.350 116.27    -0.9 0     0.0 0     0.1 0     0.0 0   285.7 0   270.261 0   270.166 0   295.8 0   269.490 0   269.594 0     0.0 0     0.0 0     0.0 0   -10.1 0   -10.1 0    -3.1 0    71.4 0     4.0 0   309.4 0   977.4 0
 2026   5  1  5  0 22  0.367 116.46    -0.9 0     0.0 0     0.1 0     0.1 0   285.7 0   270.264 0   270.165 0   295.7 0   269.494 0   269.596 0     0.0 0     0.0 0     0.0 0   -10.1 0   -10.1 0    -3.1 0    71.7 0     3.1 0   303.9 0   977.4 0
 2026   5  1  5  0 23  0.383 116.65    -0.9 0     0.0 0     0.1 0     0.0 0   285.7 0   270.266 0   270.166 0   295.8 0   269.497 0   269.599 0     0.0 0     0.0 0     0.0 0   -10.0 0   -10.0 0    -3.1 0    71.6 0     2.8 0   296.1 0   977.4 0
 2026   5  1  5  0 24  0.400 116.84    -0.9 0     0.0 0     0.1 0     0.0 0   285.7 0   270.268 0   270.171 0   295.7 0   269.499 0   269.600 0     0.0 0     0.0 0     0.0 0   -10.0 0   -10.0 0    -3.1 0    71.8 0     2.5 0   299.5 0   977.4 0
 2026   5  1  5  0 25  0.417 117.02    -0.9 0     0.0 0     0.1 0     0.0 0   285.8 0   270.270 0   270.177 0   295.7 0   269.500 0   269.601 0     0.0 0     0.0 0     0.0 0    -9.9 0    -9.9 0    -3.1 0    71.7 0     2.3 0   292.6 0   977.5 0
 2026   5  1  5  0 26  0.433 117.21    -0.9 0     0.0 0     0.1 0     0.0 0   285.8 0   270.271 0   270.165 0   295.6 0   269.501 0   269.600 0     0.0 0     0.0 0     0.0 0    -9.8 0    -9.8 0    -3.0 0    71.9 0     1.7 0   294.1 0   977.5 0
 2026   5  1  5  0 27  0.450 117.40    -0.9 0     0.0 0     0.1 0     0.0 0   285.8 0   270.271 0   270.165 0   295.6 0   269.501 0   269.600 0     0.0 0     0.0 0     0.0 0    -9.9 0    -9.9 0    -3.1 0    71.9 0     2.6 0   291.3 0   977.5 0
 2026   5  1  5  0 28  0.467 117.59    -0.9 0     0.0 0     0.2 0     0.0 0   285.8 0   270.272 0   270.172 0   295.6 0   269.501 0   269.599 0     0.0 0     0.0 0     0.0 0    -9.8 0    -9.8 0    -3.1 0    71.9 0     2.4 0   289.8 0   977.5 0
 2026   5  1  5  0 29  0.483 117.78    -0.9 0     0.0 0     0.2 0     0.0 0   285.9 0   270.272 0   270.172 0   295.6 0   269.500 0   269.599 0     0.0 0     0.0 0     0.0 0    -9.7 0    -9.7 0    -3.1 0    71.9 0     2.3 0   284.8 0   977.5 0
 2026   5  1  5  0 30  0.500 117.96    -0.9 0     0.0 0     0.2 0     0.0 0   285.9 0   270.272 0   270.164 0   295.6 0   269.500 0   269.598 0     0.0 0     0.0 0     0.0 0    -9.7 0    -9.7 0    -3.1 0    72.0 0     2.9 0   280.1 0   977.5 0
 2026   5  1  5  0 31  0.517 118.15    -0.9 0     0.0 0     0.2 0     0.0 0   286.0 0   270.271 0   270.154 0   295.7 0   269.499 0   269.597 0     0.0 0     0.0 0     0.0 0    -9.7 0    -9.7 0    -3.1 0    72.4 0     3.0 0   277.7 0   977.4 0
 2026   5  1  5  0 32  0.533 118.34    -0.9 0     0.0 0     0.2 0     0.1 0   286.0 0   270.269 0   270.153 0   295.7 0   269.498 0   269.596 0     0.0 0     0.0 0     0.0 0    -9.7 0    -9.7 0    -3.1 0    72.7 0     2.8 0   282.8 0   977.5 0
 2026   5  1  5  0 33  0.550 118.53    -0.9 0     0.0 0     0.2 0     0.1 0   286.1 0   270.269 0   270.172 0   295.8 0   269.498 0   269.598 0     0.0 0     0.0 0     0.0 0    -9.7 0    -9.7 0    -3.1 0    72.3 0     3.5 0   291.4 0   977.5 0
 2026   5  1  5  0 34  0.567 118.72    -0.9 0    -0.1 0     0.1 0     0.1 0   286.0 0   270.274 0   270.179 0   295.8 0   269.500 0   269.603 0     0.0 0     0.0 0     0.0 0    -9.8 0    -9.8 0    -3.1 0    71.8 0     3.0 0   275.9 0   977.5 0
 2026   5  1  5  0 35  0.583 118.90    -0.9 0     0.0 0     0.2 0     0.0 0   285.8 0   270.277 0   270.163 0   295.7 0   269.502 0   269.601 0     0.0 0     0.0 0     0.0 0    -9.9 0    -9.9 0    -3.1 0    72.3 0     2.8 0   281.4 0   977.4 0
 2026   5  1  5  0 36  0.600 119.09    -0.9 0     0.0 0     0.2 0     0.0 0   285.8 0   270.276 0   270.153 0   295.7 0   269.502 0   269.599 0     0.0 0     0.0 0     0.0 0    -9.9 0    -9.9 0    -3.1 0    72.6 0     3.1 0   285.7 0   977.4 0
 2026   5  1  5  0 37  0.617 119.28    -0.9 0     0.0 0     0.2 0     0.1 0   285.8 0   270.272 0   270.150 0   295.7 0   269.501 0   269.599 0     0.0 0     0.0 0     0.0 0    -9.9 0    -9.9 0    -3.1 0    72.5 0     3.6 0   280.7 0   977.5 0
 2026   5  1  5  0 38  0.633 119.47    -0.9 0     0.0 0     0.2 0     0.1 0   285.7 0   270.268 0   270.142 0   295.7 0   269.501 0   269.597 0     0.0 0     0.0 0     0.0 0   -10.0 0   -10.0 0    -3.1 0    72.9 0     3.0 0   282.1 0   977.5 0
 2026   5  1  5  0 39  0.650 119.66    -0.8 0     0.0 0     0.3 0     0.1 0   285.6 0   270.263 0   270.131 0   295.6 0   269.498 0   269.593 0     0.0 0     0.0 0     0.0 0   -10.1 0   -10.1 0    -3.1 0    73.3 0     3.2 0   280.1 0   977.5 0
 2026   5  1  5  0 40  0.667 119.85    -0.8 0     0.0 0     0.3 0     0.1 0   285.5 0   270.257 0   270.124 0   295.6 0   269.495 0   269.590 0     0.0 0     0.0 0     0.0 0   -10.0 0   -10.0 0    -3.1 0    73.5 0     3.1 0   278.4 0   977.5 0
 2026   5  1  5  0 41  0.683 120.03    -0.8 0     0.0 0     0.3 0     0.1 0   285.5 0   270.249 0   270.115 0   295.5 0   269.492 0   269.586 0     0.0 0     0.0 0     0.0 0   -10.1 0   -10.1 0    -3.1 0    73.6 0     2.8 0   279.3 0   977.5 0
 2026   5  1  5  0 42  0.700 120.22    -0.8 0     0.0 0     0.3 0     0.1 0   285.4 0   270.242 0   270.107 0   295.5 0   269.489 0   269.583 0     0.0 0     0.0 0     0.0 0   -10.1 0   -10.1 0    -3.1 0    73.6 0     3.0 0   277.6 0   977.5 0
 2026   5  1  5  0 43  0.717 120.41    -0.8 0     0.0 0     0.3 0     0.1 0   285.5 0   270.233 0   270.101 0   295.5 0   269.485 0   269.581 0     0.0 0     0.0 0     0.0 0   -10.1 0   -10.1 0    -3.1 0    73.5 0     3.0 0   284.0 0   977.5 0
 2026   5  1  5  0 44  0.733 120.60    -0.8 0     0.0 0     0.2 0     0.1 0   285.5 0   270.227 0   270.116 0   295.7 0   269.483 0   269.582 0     0.0 0     0.0 0     0.0 0   -10.2 0   -10.2 0    -3.1 0    73.2 0     3.4 0   295.4 0   977.5 0
 2026   5  1  5  0 45  0.750 120.79    -0.8 0     0.0 0     0.2 0     0.0 0   285.7 0   270.226 0   270.122 0   295.7 0   269.483 0   269.583 0     0.0 0     0.0 0     0.0 0   -10.0 0   -10.0 0    -3.1 0    73.2 0     2.1 0   297.3 0   977.5 0
 2026   5  1  5  0 46  0.767 120.98    -0.8 0     0.0 0     0.2 0     0.0 0   285.8 0   270.225 0   270.119 0   295.6 0   269.482 0   269.580 0     0.0 0     0.0 0     0.0 0    -9.8 0    -9.8 0    -3.1 0    73.3 0     2.0 0   289.2 0   977.5 0
 2026   5  1  5  0 47  0.783 121.17    -0.8 0     0.0 0     0.2 0     0.0 0   285.8 0   270.224 0   270.106 0   295.6 0   269.480 0   269.576 0     0.0 0     0.0 0     0.0 0    -9.7 0    -9.7 0    -3.1 0    73.6 0     3.1 0   281.2 0   977.5 0
 2026   5  1  5  0 48  0.800 121.36    -0.8 0     0.0 0     0.2 0     0.0 0   285.9 0   270.219 0   270.095 0   295.6 0   269.478 0   269.574 0     0.0 0     0.0 0     0.0 0    -9.8 0    -9.8 0    -3.1 0    73.7 0     3.1 0   279.7 0   977.5 0
 2026   5  1  5  0 49  0.817 121.54    -0.8 0     0.0 0     0.2 0     0.0 0   285.9 0   270.212 0   270.091 0   295.7 0   269.476 0   269.573 0     0.0 0     0.0 0     0.0 0    -9.8 0    -9.8 0    -3.1 0    73.8 0     3.6 0   273.2 0   977.4 0
 2026   5  1  5  0 50  0.833 121.73    -0.8 0     0.0 0     0.2 0     0.1 0   285.9 0   270.207 0   270.084 0   295.7 0   269.474 0   269.571 0     0.0 0     0.0 0     0.0 0    -9.8 0    -9.8 0    -3.1 0    73.9 0     3.1 0   272.1 0   977.4 0
 2026   5  1  5  0 51  0.850 121.92    -0.8 0     0.0 0     0.2 0     0.1 0   286.0 0   270.203 0   270.084 0   295.7 0   269.473 0   269.569 0     0.0 0     0.0 0     0.0 0    -9.7 0    -9.7 0    -3.1 0    74.1 0     3.0 0   278.3 0   977.5 0
 2026   5  1  5  0 52  0.867 122.11    -0.8 0     0.0 0     0.2 0     0.0 0   286.1 0   270.201 0   270.081 0   295.7 0   269.471 0   269.567 0     0.0 0     0.0 0     0.0 0    -9.6 0    -9.6 0    -3.1 0    74.3 0     3.3 0   276.8 0   977.5 0
 2026   5  1  5  0 53  0.883 122.30    -0.8 0     0.0 0     0.2 0     0.0 0   286.2 0   270.197 0   270.080 0   295.7 0   269.469 0   269.565 0     0.0 0     0.0 0     0.0 0    -9.5 0    -9.5 0    -3.1 0    74.4 0     3.2 0   280.0 0   977.5 0
 2026   5  1  5  0 54  0.900 122.49    -0.8 0     0.0 0     0.2 0     0.0 0   286.2 0   270.194 0   270.084 0   295.8 0   269.467 0   269.565 0     0.0 0     0.0 0     0.0 0    -9.5 0    -9.5 0    -3.1 0    74.3 0     3.1 0   282.3 0   977.6 0
 2026   5  1  5  0 55  0.917 122.68    -0.8 0     0.0 0     0.2 0     0.1 0   286.3 0   270.193 0   270.084 0   295.8 0   269.466 0   269.566 0     0.0 0     0.0 0     0.0 0    -9.5 0    -9.5 0    -3.1 0    74.0 0     3.8 0   280.4 0   977.6 0
 2026   5  1  5  0 56  0.933 122.87    -0.9 0     0.0 0     0.2 0     0.1 0   286.4 0   270.193 0   270.080 0   295.8 0   269.466 0   269.565 0     0.0 0     0.0 0     0.0 0    -9.4 0    -9.4 0    -3.1 0    74.3 0     3.2 0   277.3 0   977.6 0
 2026   5  1  5  0 57  0.950 123.06    -0.9 0     0.0 0     0.2 0     0.1 0   286.3 0   270.193 0   270.091 0   295.8 0   269.466 0   269.565 0     0.0 0     0.0 0     0.0 0    -9.5 0    -9.5 0    -3.1 0    74.1 0     2.7 0   289.7 0   977.6 0
 2026   5  1  5  0 58  0.967 123.25    -0.9 0     0.0 0     0.2 0     0.0 0   286.3 0   270.194 0   270.090 0   295.8 0   269.466 0   269.564 0     0.0 0     0.0 0     0.0 0    -9.5 0    -9.5 0    -3.1 0    74.3 0     2.9 0   280.4 0   977.6 0
 2026   5  1  5  0 59  0.983 123.44    -0.8 0     0.0 0     0.2 0     0.1 0   286.3 0   270.195 0   270.086 0   295.7 0   269.465 0   269.562 0     0.0 0     0.0 0     0.0 0    -9.5 0    -9.5 0    -3.1 0    74.6 0     2.9 0   285.6 0   977.6 0
 2026   5  1  5  1  0  1.000 123.62    -0.8 0     0.0 0     0.2 0     0.1 0   286.3 0   270.195 0   270.090 0   295.8 0   269.463 0   269.561 0     0.0 0     0.0 0     0.0 0    -9.5 0    -9.5 0    -3.1 0    74.7 0     3.1 0   277.2 0   977.6 0
 2026   5  1  5  1  1  1.017 123.81    -0.9 0     0.0 0     0.2 0     0.1 0   286.3 0   270.197 0   270.092 0   295.9 0   269.462 0   269.562 0     0.0 0     0.0 0     0.0 0    -9.6 0    -9.6 0    -3.1 0    74.5 0     3.1 0   275.7 0   977.6 0
 2026   5  1  5  1  2  1.033 124.00    -0.9 0     0.0 0     0.2 0     0.1 0   286.3 0   270.199 0   270.094 0   295.8 0   269.462 0   269.560 0     0.0 0     0.0 0     0.0 0    -9.5 0    -9.5 0    -3.1 0    74.6 0     3.0 0   285.5 0   977.6 0
 2026   5  1  5  1  3  1.050 124.19    -0.9 0     0.0 0     0.2 0     0.1 0   286.4 0   270.201 0   270.099 0   295.8 0   269.461 0   269.560 0     0.0 0     0.0 0     0.0 0    -9.4 0    -9.4 0    -3.1 0    74.5 0     2.9 0   280.2 0   977.6 0
 2026   5  1  5  1  4  1.067 124.38    -0.9 0     0.0 0     0.2 0     0.0 0   286.5 0   270.203 0   270.094 0   295.8 0   269.461 0   269.560 0     0.0 0     0.0 0     0.0 0    -9.3 0    -9.3 0    -3.1 0    74.6 0     2.8 0   277.0 0   977.6 0
 2026   5  1  5  1  5  1.083 124.57    -0.9 0     0.0 0     0.2 0     0.1 0   286.5 0   270.204 0   270.101 0   295.9 0   269.461 0   269.561 0     0.0 0     0.0 0     0.0 0    -9.3 0    -9.3 0    -3.1 0    74.3 0     3.5 0   280.7 0   977.6 0
 2026   5  1  5  1  6  1.100 124.76    -0.9 0     0.0 0     0.2 0     0.1 0   286.5 0   270.207 0   270.105 0   295.9 0   269.462 0   269.563 0     0.0 0     0.0 0     0.0 0    -9.4 0    -9.4 0    -3.1 0    74.0 0     3.5 0   280.8 0   977.6 0
 2026   5  1  5  1  7  1.117 124.95    -0.9 0     0.0 0     0.2 0     0.1 0   286.4 0   270.209 0   270.103 0   295.9 0   269.464 0   269.563 0     0.0 0     0.0 0     0.0 0    -9.5 0    -9.5 0    -3.1 0    74.1 0     2.9 0   283.8 0   977.7 0
 2026   5  1  5  1  8  1.133 125.14    -0.9 0     0.0 0     0.2 0     0.0 0   286.3 0   270.210 0   270.103 0   295.8 0   269.464 0   269.561 0     0.0 0     0.0 0     0.0 0    -9.5 0    -9.5 0    -3.1 0    74.6 0     2.1 0   288.5 0   977.7 0
 2026   5  1  5  1  9  1.150 125.33    -0.8 0     0.0 0     0.2 0     0.0 0   286.4 0   270.208 0   270.103 0   295.7 0   269.462 0   269.559 0     0.0 0     0.0 0     0.0 0    -9.3 0    -9.3 0    -3.1 0    74.8 0     2.3 0   279.8 0   977.7 0
 2026   5  1  5  1 10  1.167 125.52    -0.8 0     0.0 0     0.2 0     0.0 0   286.5 0   270.204 0   270.094 0   295.7 0   269.461 0   269.558 0     0.0 0     0.0 0     0.0 0    -9.3 0    -9.3 0    -3.1 0    74.6 0     2.3 0   279.0 0   977.7 0
 2026   5  1  5  1 11  1.183 125.71    -0.8 0     0.0 0     0.2 0     0.0 0   286.4 0   270.200 0   270.095 0   295.8 0   269.460 0   269.559 0     0.0 0     0.0 0     0.0 0    -9.5 0    -9.5 0    -3.1 0    74.4 0     3.6 0   274.4 0   977.7 0
 2026   5  1  5  1 12  1.200 125.90    -0.8 0     0.0 0     0.2 0     0.1 0   285.8 0   270.199 0   270.083 0   295.8 0   269.459 0   269.557 0     0.0 0     0.0 0     0.0 0    -9.9 0    -9.9 0    -3.1 0    74.7 0     2.7 0   278.7 0   977.8 0
 2026   5  1  5  1 13  1.217 126.09    -0.8 0     0.0 0     0.2 0     0.0 0   285.3 0   270.196 0   270.080 0   295.7 0   269.458 0   269.555 0     0.0 0     0.0 0     0.0 0   -10.4 0   -10.4 0    -3.1 0    74.8 0     2.9 0   276.0 0   977.8 0
 2026   5  1  5  1 14  1.233 126.28    -0.8 0     0.0 0     0.2 0     0.0 0   285.0 0   270.193 0   270.076 0   295.6 0   269.457 0   269.554 0     0.0 0     0.0 0     0.0 0   -10.6 0   -10.6 0    -3.1 0    74.6 0     2.9 0   268.5 0   977.8 0
 2026   5  1  5  1 15  1.250 126.46    -0.8 0     0.0 0     0.2 0     0.0 0   285.0 0   270.190 0   270.080 0   295.6 0   269.456 0   269.554 0     0.0 0     0.0 0     0.0 0   -10.6 0   -10.6 0    -3.1 0    74.4 0     2.4 0   279.7 0   977.8 0
 2026   5  1  5  1 16  1.267 126.65    -0.8 0     0.0 0     0.2 0     0.0 0   285.2 0   270.190 0   270.091 0   295.6 0   269.455 0   269.551 0     0.0 0     0.0 0     0.0 0   -10.3 0   -10.3 0    -3.1 0    74.6 0     2.3 0   288.5 0   977.8 0
 2026   5  1  5  1 17  1.283 126.84    -0.7 0     0.0 0     0.2 0     0.0 0   285.5 0   270.188 0   270.078 0   295.6 0   269.453 0   269.551 0     0.0 0     0.0 0     0.0 0   -10.1 0   -10.1 0    -3.1 0    74.5 0     2.5 0   286.7 0   977.8 0
 2026   5  1  5  1 18  1.300 127.03    -0.8 0     0.0 0     0.2 0     0.1 0   285.8 0   270.188 0   270.093 0   295.8 0   269.452 0   269.553 0     0.0 0     0.0 0     0.0 0   -10.0 0   -10.0 0    -3.1 0    74.0 0     3.2 0   287.5 0   977.8 0
 2026   5  1  5  1 19  1.317 127.22    -0.8 0     0.0 0     0.1 0     0.0 0   286.0 0   270.191 0   270.107 0   295.8 0   269.453 0   269.554 0     0.0 0     0.0 0     0.0 0    -9.8 0    -9.8 0    -3.1 0    73.8 0     2.4 0   294.8 0   977.8 0
 2026   5  1  5  1 20  1.333 127.41    -0.8 0     0.0 0     0.1 0     0.0 0   286.1 0   270.197 0   270.114 0   295.8 0   269.454 0   269.555 0     0.0 0     0.0 0     0.0 0    -9.6 0    -9.6 0    -3.1 0    73.6 0     2.4 0   281.4 0   977.8 0
 2026   5  1  5  1 21  1.350 127.60    -0.8 0     0.0 0     0.1 0     0.0 0   286.1 0   270.201 0   270.105 0   295.7 0   269.455 0   269.556 0     0.0 0     0.0 0     0.0 0    -9.6 0    -9.6 0    -3.1 0    73.6 0     2.9 0   278.5 0   977.8 0
 2026   5  1  5  1 22  1.367 127.79    -0.8 0     0.0 0     0.2 0     0.0 0   285.9 0   270.204 0   270.102 0   295.7 0   269.456 0   269.556 0     0.0 0     0.0 0     0.0 0    -9.8 0    -9.8 0    -3.1 0    73.7 0     2.9 0   286.4 0   977.8 0
 2026   5  1  5  1 23  1.383 127.98    -0.8 0     0.0 0     0.2 0     0.0 0   285.9 0   270.205 0   270.112 0   295.8 0   269.457 0   269.558 0     0.0 0     0.0 0     0.0 0    -9.9 0    -9.9 0    -3.1 0    73.5 0     3.3 0   295.3 0   977.9 0
 2026   5  1  5  1 24  1.400 128.17    -0.8 0     0.0 0     0.2 0     0.0 0   285.9 0   270.208 0   270.102 0   295.8 0   269.458 0   269.559 0     0.0 0     0.0 0     0.0 0    -9.8 0    -9.8 0    -3.1 0    73.6 0     3.5 0   288.3 0   977.9 0
 2026   5  1  5  1 25  1.417 128.36    -0.8 0     0.0 0     0.2 0     0.1 0   285.9 0   270.210 0   270.112 0   295.8 0   269.461 0   269.563 0     0.0 0     0.0 0     0.0 0    -9.9 0    -9.9 0    -3.1 0    73.4 0     2.9 0   281.6 0   977.9 0
 2026   5  1  5  1 26  1.433 128.55    -0.8 0     0.0 0     0.2 0     0.0 0   285.9 0   270.212 0   270.100 0   295.7 0   269.462 0   269.560 0     0.0 0     0.0 0     0.0 0    -9.8 0    -9.8 0    -3.1 0    73.9 0     2.5 0   270.3 0   977.9 0
 2026   5  1  5  1 27  1.450 128.74    -0.8 0     0.0 0     0.2 0     0.1 0   286.1 0   270.212 0   270.095 0   295.8 0   269.462 0   269.561 0     0.0 0     0.0 0     0.0 0    -9.7 0    -9.7 0    -3.1 0    73.7 0     3.4 0   265.4 0   977.9 0
 2026   5  1  5  1 28  1.467 128.93    -0.8 0     0.0 0     0.2 0     0.1 0   286.2 0   270.212 0   270.100 0   295.8 0   269.463 0   269.563 0     0.0 0     0.0 0     0.0 0    -9.6 0    -9.6 0    -3.1 0    73.4 0     3.1 0   263.1 0   977.9 0
 2026   5  1  5  1 29  1.483 129.12    -0.8 0     0.0 0     0.2 0     0.1 0   286.3 0   270.212 0   270.099 0   295.8 0   269.465 0   269.564 0     0.0 0     0.0 0     0.0 0    -9.5 0    -9.5 0    -3.1 0    73.5 0     3.3 0   268.3 0   977.9 0
 2026   5  1  5  1 30  1.500 129.30    -0.8 0     0.0 0     0.2 0     0.1 0   286.3 0   270.213 0   270.101 0   295.8 0   269.466 0   269.565 0     0.0 0     0.0 0     0.0 0    -9.5 0    -9.5 0    -3.1 0    73.5 0     3.7 0   278.0 0   977.9 0
 2026   5  1  5  1 31  1.517 129.49    -0.8 0     0.0 0     0.2 0     0.1 0   286.2 0   270.214 0   270.099 0   295.8 0   269.467 0   269.565 0     0.0 0     0.0 0     0.0 0    -9.5 0    -9.5 0    -3.1 0    73.8 0     3.1 0   279.8 0   977.9 0
 2026   5  1  5  1 32  1.533 129.68    -0.8 0     0.0 0     0.3 0     0.1 0   286.1 0   270.213 0   270.093 0   295.8 0   269.466 0   269.564 0     0.0 0     0.0 0     0.0 0    -9.6 0    -9.6 0    -3.1 0    74.0 0     3.6 0   275.1 0   977.9 0
 2026   5  1  5  1 33  1.550 129.87    -0.8 0     0.0 0     0.3 0     0.1 0   286.0 0   270.211 0   270.091 0   295.8 0   269.466 0   269.565 0     0.0 0     0.0 0     0.0 0    -9.8 0    -9.8 0    -3.1 0    73.8 0     3.6 0   267.8 0   977.9 0
 2026   5  1  5  1 34  1.567 130.06    -0.9 0     0.0 0     0.2 0     0.1 0   286.1 0   270.209 0   270.089 0   295.8 0   269.466 0   269.564 0     0.0 0     0.0 0     0.0 0    -9.7 0    -9.7 0    -3.1 0    73.8 0     3.5 0   277.0 0   977.9 0
 2026   5  1  5  1 35  1.583 130.25    -0.9 0     0.0 0     0.3 0     0.1 0   286.2 0   270.207 0   270.087 0   295.7 0   269.465 0   269.562 0     0.0 0     0.0 0     0.0 0    -9.5 0    -9.5 0    -3.1 0    74.0 0     3.1 0   273.3 0   977.9 0
 2026   5  1  5  1 36  1.600 130.44    -0.9 0     0.0 0     0.3 0     0.1 0   286.2 0   270.205 0   270.085 0   295.7 0   269.463 0   269.559 0     0.0 0     0.0 0     0.0 0    -9.5 0    -9.5 0    -3.1 0    74.4 0     2.9 0   282.5 0   977.9 0
 2026   5  1  5  1 37  1.617 130.63    -0.9 0     0.1 0     0.3 0     0.0 0   286.2 0   270.202 0   270.083 0   295.7 0   269.460 0   269.555 0     0.0 0     0.0 0     0.0 0    -9.5 0    -9.5 0    -3.2 0    74.7 0     2.6 0   281.4 0   977.9 0
 2026   5  1  5  1 38  1.633 130.82    -0.8 0     0.1 0     0.3 0     0.1 0   286.0 0   270.197 0   270.078 0   295.7 0   269.457 0   269.551 0     0.0 0     0.0 0     0.0 0    -9.6 0    -9.6 0    -3.2 0    74.8 0     2.8 0   279.4 0   978.0 0
 2026   5  1  5  1 39  1.650 131.01    -0.8 0     0.1 0     0.3 0     0.1 0   285.8 0   270.193 0   270.071 0   295.6 0   269.453 0   269.548 0     0.0 0     0.0 0     0.0 0    -9.9 0    -9.9 0    -3.2 0    74.9 0     3.0 0   281.9 0   978.0 0
 2026   5  1  5  1 40  1.667 131.19    -0.8 0     0.0 0     0.3 0     0.0 0   285.5 0   270.188 0   270.064 0   295.6 0   269.449 0   269.546 0     0.0 0     0.0 0     0.0 0   -10.1 0   -10.1 0    -3.2 0    74.8 0     3.2 0   279.5 0   978.1 0
 2026   5  1  5  1 41  1.683 131.38    -0.8 0     0.0 0     0.3 0     0.1 0   285.5 0   270.182 0   270.056 0   295.6 0   269.447 0   269.543 0     0.0 0     0.0 0     0.0 0   -10.1 0   -10.1 0    -3.2 0    74.6 0     3.4 0   278.2 0   978.1 0
 2026   5  1  5  1 42  1.700 131.57    -0.8 0     0.0 0     0.2 0     0.1 0   285.8 0   270.176 0   270.053 0   295.7 0   269.444 0   269.543 0     0.0 0     0.0 0     0.0 0    -9.9 0    -9.9 0    -3.2 0    74.1 0     4.3 0   278.1 0   978.1 0
 2026   5  1  5  1 43  1.717 131.76    -0.8 0     0.0 0     0.2 0     0.1 0   286.0 0   270.172 0   270.056 0   295.7 0   269.444 0   269.544 0     0.0 0     0.0 0     0.0 0    -9.8 0    -9.8 0    -3.2 0    73.8 0     4.0 0   282.2 0   978.1 0
 2026   5  1  5  1 44  1.733 131.95    -0.9 0     0.0 0     0.2 0     0.1 0   286.1 0   270.169 0   270.055 0   295.8 0   269.444 0   269.543 0     0.0 0     0.0 0     0.0 0    -9.7 0    -9.7 0    -3.2 0    73.8 0     4.3 0   278.7 0   978.1 0
 2026   5  1  5  1 45  1.750 132.14    -0.9 0     0.0 0     0.2 0     0.1 0   286.1 0   270.167 0   270.054 0   295.7 0   269.444 0   269.544 0     0.0 0     0.0 0     0.0 0    -9.6 0    -9.6 0    -3.2 0    73.7 0     3.8 0   278.1 0   978.1 0
 2026   5  1  5  1 46  1.767 132.33    -0.9 0     0.0 0     0.2 0     0.1 0   286.1 0   270.165 0   270.046 0   295.7 0   269.444 0   269.541 0     0.0 0     0.0 0     0.0 0    -9.6 0    -9.6 0    -3.2 0    74.1 0     3.5 0   276.8 0   978.1 0
 2026   5  1  5  1 47  1.783 132.52    -0.9 0     0.0 0     0.2 0     0.1 0   285.9 0   270.162 0   270.041 0   295.6 0   269.442 0   269.539 0     0.0 0     0.0 0     0.0 0    -9.8 0    -9.8 0    -3.2 0    74.3 0     3.0 0   284.4 0   978.1 0
 2026   5  1  5  1 48  1.800 132.70    -0.9 0     0.0 0     0.2 0     0.0 0   285.6 0   270.159 0   270.042 0   295.6 0   269.441 0   269.537 0     0.0 0     0.0 0     0.0 0   -10.0 0   -10.0 0    -3.2 0    74.3 0     3.5 0   277.7 0   978.0 0
 2026   5  1  5  1 49  1.817 132.89    -0.9 0     0.0 0     0.2 0     0.1 0   285.5 0   270.155 0   270.037 0   295.6 0   269.438 0   269.535 0     0.0 0     0.0 0     0.0 0   -10.1 0   -10.1 0    -3.2 0    74.3 0     3.2 0   284.8 0   978.0 0
 2026   5  1  5  1 50  1.833 133.08    -0.8 0     0.0 0     0.2 0     0.0 0   285.6 0   270.152 0   270.035 0   295.5 0   269.436 0   269.533 0     0.0 0     0.0 0     0.0 0    -9.9 0    -9.9 0    -3.2 0    74.4 0     3.0 0   276.3 0   978.1 0
 2026   5  1  5  1 51  1.850 133.27    -0.8 0     0.0 0     0.2 0     0.0 0   285.7 0   270.148 0   270.029 0   295.5 0   269.434 0   269.530 0     0.0 0     0.0 0     0.0 0    -9.8 0    -9.8 0    -3.2 0    74.4 0     2.9 0   278.6 0   978.1 0
 2026   5  1  5  1 52  1.867 133.46    -0.7 0     0.0 0     0.2 0     0.0 0   285.8 0   270.144 0   270.030 0   295.5 0   269.431 0   269.526 0     0.0 0     0.0 0     0.0 0    -9.7 0    -9.7 0    -3.2 0    74.4 0     3.1 0   279.2 0   978.1 0
 2026   5  1  5  1 53  1.883 133.64    -0.7 0     0.0 0     0.2 0     0.0 0   285.8 0   270.140 0   270.027 0   295.5 0   269.428 0   269.524 0     0.0 0     0.0 0     0.0 0    -9.7 0    -9.7 0    -3.2 0    74.2 0     3.0 0   284.5 0   978.1 0
 2026   5  1  5  1 54  1.900 133.83    -0.7 0     0.0 0     0.2 0     0.0 0   285.8 0   270.138 0   270.028 0   295.5 0   269.425 0   269.521 0     0.0 0     0.0 0     0.0 0    -9.7 0    -9.7 0    -3.2 0    74.3 0     2.5 0   293.8 0   978.1 0
 2026   5  1  5  1 55  1.917 134.02    -0.7 0     0.0 0     0.2 0     0.0 0   285.8 0   270.137 0   270.043 0   295.6 0   269.423 0   269.522 0     0.0 0     0.0 0     0.0 0    -9.8 0    -9.8 0    -3.2 0    73.7 0     3.1 0   281.1 0   978.1 0
 2026   5  1  5  1 56  1.933 134.21    -0.7 0     0.0 0     0.2 0     0.1 0   285.8 0   270.139 0   270.029 0   295.5 0   269.422 0   269.519 0     0.0 0     0.0 0     0.0 0    -9.7 0    -9.7 0    -3.2 0    74.1 0     2.1 0   290.0 0   978.1 0
 2026   5  1  5  1 57  1.950 134.40    -0.7 0     0.0 0     0.2 0     0.0 0   285.9 0   270.139 0   270.033 0   295.5 0   269.420 0   269.516 0     0.0 0     0.0 0     0.0 0    -9.6 0    -9.6 0    -3.2 0    74.2 0     3.1 0   280.8 0   978.0 0
 2026   5  1  5  1 58  1.967 134.58    -0.8 0     0.0 0     0.2 0     0.0 0   285.9 0   270.138 0   270.026 0   295.6 0   269.417 0   269.515 0     0.0 0     0.0 0     0.0 0    -9.6 0    -9.6 0    -3.2 0    73.6 0     3.8 0   283.3 0   978.0 0
 2026   5  1  5  1 59  1.983 134.77    -0.8 0     0.0 0     0.2 0     0.0 0   285.9 0   270.137 0   270.023 0   295.5 0   269.416 0   269.513 0     0.0 0     0.0 0     0.0 0    -9.6 0    -9.6 0    -3.2 0    73.9 0     2.9 0   279.9 0   978.0 0
 2026   5  1  5  2  0  2.000 134.96    -0.8 0     0.0 0     0.2 0     0.0 0   285.8 0   270.135 0   270.017 0   295.5 0   269.413 0   269.510 0     0.0 0     0.0 0     0.0 0    -9.7 0    -9.7 0    -3.2 0    74.0 0     3.3 0   279.4 0   978.0 0
 2026   5  1  5  2  1  2.017 135.15    -0.8 0     0.0 0     0.2 0     0.0 0   285.7 0   270.134 0   270.029 0   295.4 0   269.411 0   269.507 0     0.0 0     0.0 0     0.0 0    -9.7 0    -9.7 0    -3.2 0    74.1 0     2.6 0   277.3 0   978.0 0
 2026   5  1  5  2  2  2.033 135.33    -0.7 0     0.0 0     0.2 0     0.0 0   285.5 0   270.132 0   270.015 0   295.4 0   269.407 0   269.502 0     0.0 0     0.0 0     0.0 0    -9.8 0    -9.8 0    -3.2 0    74.3 0     2.9 0   276.8 0   978.0 0
 2026   5  1  5  2  3  2.050 135.52    -0.7 0     0.0 0     0.2 0     0.0 0   285.5 0   270.128 0   270.010 0   295.4 0   269.404 0   269.500 0     0.0 0     0.0 0     0.0 0    -9.9 0    -9.9 0    -3.2 0    73.8 0     2.8 0   277.3 0   978.0 0
 2026   5  1  5  2  4  2.067 135.71    -0.8 0     0.0 0     0.2 0     0.0 0   285.4 0   270.125 0   270.011 0   295.4 0   269.401 0   269.498 0     0.0 0     0.0 0     0.0 0   -10.0 0   -10.0 0    -3.2 0    73.6 0     3.1 0   278.9 0   978.0 0
 2026   5  1  5  2  5  2.083 135.89    -0.8 0     0.0 0     0.2 0     0.0 0   285.4 0   270.123 0   270.009 0   295.3 0   269.399 0   269.495 0     0.0 0     0.0 0     0.0 0   -10.0 0   -10.0 0    -3.2 0    73.5 0     2.3 0   268.4 0   978.0 0
 2026   5  1  5  2  6  2.100 136.08    -0.7 0     0.0 0     0.2 0     0.0 0   285.4 0   270.119 0   269.999 0   295.2 0   269.396 0   269.490 0     0.0 0     0.0 0     0.0 0    -9.9 0    -9.9 0    -3.2 0    74.0 0     2.1 0   265.0 0   978.0 0
 2026   5  1  5  2  7  2.117 136.27    -0.7 0     0.1 0     0.2 0     0.0 0   285.5 0   270.115 0   269.990 0   295.2 0   269.391 0   269.485 0     0.0 0     0.0 0     0.0 0    -9.8 0    -9.8 0    -3.2 0    74.4 0     2.3 0   277.9 0   978.0 0
 2026   5  1  5  2  8  2.133 136.45    -0.7 0     0.0 0     0.3 0     0.0 0   285.6 0   270.109 0   269.987 0   295.3 0   269.387 0   269.481 0     0.0 0     0.0 0     0.0 0    -9.7 0    -9.7 0    -3.2 0    74.3 0     2.8 0   278.2 0   978.0 0
 2026   5  1  5  2  9  2.150 136.64    -0.7 0     0.0 0     0.3 0     0.0 0   285.6 0   270.103 0   269.982 0   295.3 0   269.382 0   269.478 0     0.0 0     0.0 0     0.0 0    -9.7 0    -9.7 0    -3.3 0    74.3 0     2.9 0   270.9 0   978.1 0
 2026   5  1  5  2 10  2.167 136.83    -0.7 0     0.0 0     0.2 0     0.1 0   285.5 0   270.098 0   269.982 0   295.4 0   269.379 0   269.477 0     0.0 0     0.0 0     0.0 0    -9.8 0    -9.8 0    -3.2 0    73.7 0     3.2 0   273.9 0   978.1 0
 2026   5  1  5  2 11  2.183 137.01    -0.7 0     0.0 0     0.2 0     0.1 0   285.4 0   270.095 0   269.977 0   295.3 0   269.377 0   269.475 0     0.0 0     0.0 0     0.0 0    -9.9 0    -9.9 0    -3.2 0    73.4 0     3.0 0   271.7 0   978.1 0
 2026   5  1  5  2 12  2.200 137.20    -0.7 0     0.0 0     0.2 0     0.1 0   285.2 0   270.092 0   269.975 0   295.3 0   269.376 0   269.474 0     0.0 0     0.0 0     0.0 0   -10.1 0   -10.1 0    -3.2 0    73.3 0     2.5 0   272.1 0   978.0 0
 2026   5  1  5  2 13  2.217 137.39    -0.7 0     0.0 0     0.2 0     0.0 0   285.0 0   270.089 0   269.970 0   295.2 0   269.374 0   269.470 0     0.0 0     0.0 0     0.0 0   -10.1 0   -10.1 0    -3.2 0    73.6 0     2.1 0   259.9 0   978.0 0
 2026   5  1  5  2 14  2.233 137.57    -0.7 0     0.0 0     0.2 0     0.0 0   285.0 0   270.086 0   269.966 0   295.2 0   269.371 0   269.467 0     0.0 0     0.0 0     0.0 0   -10.2 0   -10.2 0    -3.2 0    73.5 0     2.7 0   263.1 0   978.0 0
 2026   5  1  5  2 15  2.250 137.76    -0.7 0     0.0 0     0.2 0     0.0 0   285.0 0   270.082 0   269.959 0   295.1 0   269.368 0   269.464 0     0.0 0     0.0 0     0.0 0   -10.2 0   -10.2 0    -3.2 0    73.5 0     2.3 0   269.2 0   978.0 0
 2026   5  1  5  2 16  2.267 137.94    -0.7 0     0.0 0     0.2 0     0.0 0   285.0 0   270.078 0   269.954 0   295.1 0   269.365 0   269.460 0     0.0 0     0.0 0     0.0 0   -10.1 0   -10.1 0    -3.2 0    73.7 0     2.1 0   269.6 0   978.0 0
 2026   5  1  5  2 17  2.283 138.13    -0.7 0     0.0 0     0.3 0     0.0 0   285.0 0   270.073 0   269.955 0   295.1 0   269.361 0   269.456 0     0.0 0     0.0 0     0.0 0   -10.0 0   -10.0 0    -3.2 0    73.9 0     2.0 0   262.5 0   978.0 0
 2026   5  1  5  2 18  2.300 138.32    -0.7 0     0.0 0     0.3 0     0.0 0   285.1 0   270.069 0   269.956 0   295.0 0   269.357 0   269.453 0     0.0 0     0.0 0     0.0 0   -10.0 0   -10.0 0    -3.3 0    73.9 0     2.0 0   261.8 0   978.0 0
 2026   5  1  5  2 19  2.317 138.50    -0.6 0     0.0 0     0.3 0     0.0 0   285.1 0   270.064 0   269.949 0   295.0 0   269.353 0   269.448 0     0.0 0     0.0 0     0.0 0    -9.9 0    -9.9 0    -3.3 0    74.1 0     1.8 0   270.7 0   978.0 0
 2026   5  1  5  2 20  2.333 138.69    -0.6 0     0.0 0     0.3 0     0.0 0   285.0 0   270.059 0   269.943 0   295.0 0   269.349 0   269.443 0     0.0 0     0.0 0     0.0 0   -10.0 0   -10.0 0    -3.3 0    74.2 0     1.6 0   263.3 0   978.0 0
 2026   5  1  5  2 21  2.350 138.87    -0.6 0     0.0 0     0.3 0     0.0 0   285.0 0   270.057 0   269.944 0   295.0 0   269.344 0   269.439 0     0.0 0     0.0 0     0.0 0   -10.1 0   -10.1 0    -3.3 0    74.0 0     2.5 0   266.5 0   977.9 0
 2026   5  1  5  2 22  2.367 139.06    -0.7 0     0.0 0     0.3 0     0.0 0   284.9 0   270.055 0   269.934 0   295.0 0   269.340 0   269.435 0     0.0 0     0.0 0     0.0 0   -10.1 0   -10.1 0    -3.3 0    74.1 0     2.0 0   259.1 0   977.9 0
 2026   5  1  5  2 23  2.383 139.24    -0.7 0     0.0 0     0.3 0     0.0 0   284.8 0   270.052 0   269.938 0   295.0 0   269.336 0   269.431 0     0.0 0     0.0 0     0.0 0   -10.2 0   -10.2 0    -3.3 0    74.2 0     1.9 0   261.8 0   977.8 0
 2026   5  1  5  2 24  2.400 139.42    -0.7 0     0.0 0     0.3 0     0.0 0   284.7 0   270.049 0   269.937 0   294.9 0   269.331 0   269.426 0     0.0 0     0.0 0     0.0 0   -10.3 0   -10.3 0    -3.3 0    74.3 0     2.1 0   264.2 0   977.8 0
 2026   5  1  5  2 25  2.417 139.61    -0.7 0     0.0 0     0.3 0     0.0 0   284.6 0   270.046 0   269.932 0   295.0 0   269.327 0   269.422 0     0.0 0     0.0 0     0.0 0   -10.4 0   -10.4 0    -3.3 0    74.1 0     2.5 0   268.2 0   977.8 0
 2026   5  1  5  2 26  2.433 139.79    -0.7 0     0.0 0     0.3 0     0.0 0   284.6 0   270.044 0   269.927 0   295.0 0   269.323 0   269.420 0     0.0 0     0.0 0     0.0 0   -10.4 0   -10.4 0    -3.3 0    73.8 0     2.7 0   265.2 0   977.9 0
 2026   5  1  5  2 27  2.450 139.98    -0.7 0     0.0 0     0.3 0     0.1 0   284.7 0   270.042 0   269.924 0   295.0 0   269.320 0   269.417 0     0.0 0     0.0 0     0.0 0   -10.3 0   -10.3 0    -3.3 0    73.8 0     2.3 0   274.5 0   977.8 0
 2026   5  1  5  2 28  2.467 140.16    -0.7 0     0.0 0     0.3 0     0.0 0   284.7 0   270.042 0   269.930 0   295.0 0   269.317 0   269.414 0     0.0 0     0.0 0     0.0 0   -10.3 0   -10.3 0    -3.3 0    73.7 0     2.4 0   268.9 0   977.8 0
 2026   5  1  5  2 29  2.483 140.35    -0.7 0     0.0 0     0.3 0     0.1 0   284.8 0   270.041 0   269.921 0   295.0 0   269.314 0   269.412 0     0.0 0     0.0 0     0.0 0   -10.2 0   -10.2 0    -3.3 0    73.5 0     2.3 0   259.2 0   977.8 0
 2026   5  1  5  2 30  2.500 140.53    -0.7 0     0.0 0     0.3 0     0.1 0   284.7 0   270.041 0   269.937 0   295.0 0   269.313 0   269.412 0     0.0 0     0.0 0     0.0 0   -10.2 0   -10.2 0    -3.3 0    73.0 0     2.2 0   270.2 0   977.8 0
 2026   5  1  5  2 31  2.517 140.71    -0.7 0     0.0 0     0.3 0     0.0 0   284.7 0   270.042 0   269.929 0   294.9 0   269.311 0   269.406 0     0.0 0     0.0 0     0.0 0   -10.2 0   -10.2 0    -3.3 0    73.7 0     1.8 0   274.6 0   977.8 0
 2026   5  1  5  2 32  2.533 140.90    -0.7 0     0.0 0     0.3 0     0.0 0   284.7 0   270.041 0   269.931 0   294.9 0   269.307 0   269.403 0     0.0 0     0.0 0     0.0 0   -10.2 0   -10.2 0    -3.3 0    74.0 0     1.8 0   279.5 0   977.8 0
 2026   5  1  5  2 33  2.550 141.08    -0.7 0     0.0 0     0.4 0     0.0 0   284.7 0   270.038 0   269.926 0   294.8 0   269.303 0   269.398 0     0.0 0     0.0 0     0.0 0   -10.1 0   -10.1 0    -3.3 0    74.2 0     1.9 0   269.4 0   977.8 0
 2026   5  1  5  2 34  2.567 141.26    -0.7 0     0.0 0     0.3 0     0.0 0   284.9 0   270.033 0   269.913 0   294.9 0   269.299 0   269.396 0     0.0 0     0.0 0     0.0 0   -10.0 0   -10.0 0    -3.3 0    73.8 0     2.0 0   271.1 0   977.8 0
 2026   5  1  5  2 35  2.583 141.44    -0.7 0     0.0 0     0.3 0     0.0 0   284.9 0   270.029 0   269.918 0   294.9 0   269.297 0   269.394 0     0.0 0     0.0 0     0.0 0   -10.0 0   -10.0 0    -3.3 0    73.6 0     1.7 0   274.3 0   977.8 0
 2026   5  1  5  2 36  2.600 141.63    -0.7 0     0.0 0     0.3 0     0.0 0   284.9 0   270.026 0   269.921 0   294.8 0   269.293 0   269.389 0     0.0 0     0.0 0     0.0 0    -9.9 0    -9.9 0    -3.3 0    74.0 0     1.8 0   283.7 0   977.8 0
 2026   5  1  5  2 37  2.617 141.81    -0.6 0     0.0 0     0.3 0     0.0 0   285.0 0   270.021 0   269.914 0   294.8 0   269.290 0   269.386 0     0.0 0     0.0 0     0.0 0    -9.8 0    -9.8 0    -3.3 0    74.0 0     1.8 0   286.4 0   977.8 0
 2026   5  1  5  2 38  2.633 141.99    -0.7 0     0.0 0     0.3 0     0.0 0   285.0 0   270.016 0   269.907 0   294.8 0   269.286 0   269.382 0     0.0 0     0.0 0     0.0 0    -9.8 0    -9.8 0    -3.3 0    74.2 0     1.9 0   282.9 0   977.8 0
 2026   5  1  5  2 39  2.650 142.17    -0.7 0     0.0 0     0.3 0     0.0 0   285.0 0   270.008 0   269.895 0   294.8 0   269.282 0   269.377 0     0.0 0     0.0 0     0.0 0    -9.8 0    -9.8 0    -3.3 0    74.6 0     1.8 0   283.0 0   977.8 0
 2026   5  1  5  2 40  2.667 142.35    -0.6 0     0.0 0     0.3 0     0.0 0   285.0 0   270.001 0   269.891 0   294.8 0   269.278 0   269.372 0     0.0 0     0.0 0     0.0 0    -9.8 0    -9.8 0    -3.3 0    74.8 0     1.8 0   275.4 0   977.8 0
 2026   5  1  5  2 41  2.683 142.54    -0.6 0     0.0 0     0.3 0     0.0 0   285.0 0   269.994 0   269.883 0   294.8 0   269.273 0   269.367 0     0.0 0     0.0 0     0.0 0    -9.8 0    -9.8 0    -3.3 0    75.0 0     1.3 0   286.1 0   977.8 0
 2026   5  1  5  2 42  2.700 142.72    -0.6 0     0.0 0     0.3 0     0.0 0   285.0 0   269.989 0   269.884 0   294.8 0   269.268 0   269.363 0     0.0 0     0.0 0     0.0 0    -9.8 0    -9.8 0    -3.3 0    75.0 0     1.4 0   285.3 0   977.8 0
 2026   5  1  5  2 43  2.717 142.90    -0.6 0     0.0 0     0.3 0     0.0 0   285.1 0   269.983 0   269.873 0   294.8 0   269.263 0   269.358 0     0.0 0     0.0 0     0.0 0    -9.7 0    -9.7 0    -3.4 0    75.1 0     1.8 0   275.4 0   977.7 0
 2026   5  1  5  2 44  2.733 143.08    -0.6 0     0.0 0     0.3 0     0.0 0   285.2 0   269.976 0   269.865 0   294.8 0   269.258 0   269.353 0     0.0 0     0.0 0     0.0 0    -9.6 0    -9.6 0    -3.4 0    75.3 0     1.9 0   272.0 0   977.8 0
 2026   5  1  5  2 45  2.750 143.26    -0.6 0     0.0 0     0.3 0     0.0 0   285.3 0   269.971 0   269.860 0   294.8 0   269.253 0   269.349 0     0.0 0     0.0 0     0.0 0    -9.6 0    -9.6 0    -3.4 0    74.9 0     2.1 0   275.1 0   977.8 0
 2026   5  1  5  2 46  2.767 143.44    -0.6 0     0.0 0     0.3 0     0.0 0   285.2 0   269.967 0   269.862 0   294.8 0   269.249 0   269.345 0     0.0 0     0.0 0     0.0 0    -9.6 0    -9.6 0    -3.4 0    74.9 0     2.0 0   274.1 0   977.8 0
 2026   5  1  5  2 47  2.783 143.62    -0.6 0     0.0 0     0.3 0     0.0 0   285.2 0   269.965 0   269.861 0   294.8 0   269.245 0   269.341 0     0.0 0     0.0 0     0.0 0    -9.6 0    -9.6 0    -3.4 0    75.1 0     1.9 0   272.7 0   977.9 0
 2026   5  1  5  2 48  2.800 143.80    -0.6 0     0.0 0     0.3 0     0.0 0   285.1 0   269.963 0   269.857 0   294.8 0   269.241 0   269.337 0     0.0 0     0.0 0     0.0 0    -9.7 0    -9.7 0    -3.4 0    75.0 0     2.1 0   267.3 0   977.9 0
 2026   5  1  5  2 49  2.817 143.98    -0.7 0     0.0 0     0.3 0     0.0 0   285.1 0   269.962 0   269.855 0   294.9 0   269.237 0   269.334 0     0.0 0     0.0 0     0.0 0    -9.8 0    -9.8 0    -3.4 0    74.8 0     2.5 0   264.9 0   977.9 0
 2026   5  1  5  2 50  2.833 144.16    -0.6 0     0.0 0     0.3 0     0.0 0   285.2 0   269.961 0   269.848 0   294.9 0   269.234 0   269.333 0     0.0 0     0.0 0     0.0 0    -9.7 0    -9.7 0    -3.4 0    74.5 0     3.4 0   264.3 0   977.9 0
 2026   5  1  5  2 51  2.850 144.34    -0.7 0     0.0 0     0.3 0     0.1 0   285.3 0   269.961 0   269.850 0   295.0 0   269.233 0   269.332 0     0.0 0     0.0 0     0.0 0    -9.7 0    -9.7 0    -3.4 0    74.2 0     2.7 0   264.3 0   977.9 0
 2026   5  1  5  2 52  2.867 144.52    -0.7 0     0.0 0     0.3 0     0.1 0   285.4 0   269.962 0   269.853 0   295.0 0   269.232 0   269.331 0     0.0 0     0.0 0     0.0 0    -9.6 0    -9.6 0    -3.4 0    74.2 0     2.6 0   265.7 0   977.9 0
 2026   5  1  5  2 53  2.883 144.69    -0.7 0     0.0 0     0.3 0     0.1 0   285.4 0   269.964 0   269.855 0   295.0 0   269.231 0   269.331 0     0.0 0     0.0 0     0.0 0    -9.6 0    -9.6 0    -3.3 0    74.0 0     2.7 0   256.6 0   977.9 0
 2026   5  1  5  2 54  2.900 144.87    -0.8 0     0.0 0     0.3 0     0.1 0   285.4 0   269.967 0   269.852 0   294.9 0   269.230 0   269.329 0     0.0 0     0.0 0     0.0 0    -9.5 0    -9.5 0    -3.3 0    74.3 0     2.4 0   256.2 0   977.9 0
 2026   5  1  5  2 55  2.917 145.05    -0.8 0     0.0 0     0.3 0     0.1 0   285.4 0   269.968 0   269.853 0   295.0 0   269.229 0   269.327 0     0.0 0     0.0 0     0.0 0    -9.5 0    -9.5 0    -3.4 0    74.3 0     3.4 0   265.8 0   978.0 0
 2026   5  1  5  2 56  2.933 145.23    -0.8 0     0.0 0     0.3 0     0.1 0   285.4 0   269.969 0   269.847 0   295.0 0   269.227 0   269.326 0     0.0 0     0.0 0     0.0 0    -9.5 0    -9.5 0    -3.4 0    74.4 0     3.1 0   262.8 0   978.0 0
 2026   5  1  5  2 57  2.950 145.40    -0.8 0     0.0 0     0.4 0     0.1 0   285.4 0   269.968 0   269.844 0   294.9 0   269.225 0   269.324 0     0.0 0     0.0 0     0.0 0    -9.6 0    -9.6 0    -3.4 0    74.5 0     3.4 0   258.6 0   978.0 0
 2026   5  1  5  2 58  2.967 145.58    -0.8 0     0.0 0     0.4 0     0.1 0   285.4 0   269.966 0   269.842 0   295.0 0   269.224 0   269.323 0     0.0 0     0.0 0     0.0 0    -9.6 0    -9.6 0    -3.4 0    74.1 0     4.1 0   270.1 0   978.1 0
 2026   5  1  5  2 59  2.983 145.76    -0.8 0     0.0 0     0.4 0     0.1 0   285.3 0   269.964 0   269.843 0   295.0 0   269.223 0   269.323 0     0.0 0     0.0 0     0.0 0    -9.6 0    -9.6 0    -3.4 0    73.7 0     3.3 0   266.7 0   978.1 0
 2026   5  1  5  3  0  3.000 145.93    -0.8 0     0.0 0     0.4 0     0.1 0   285.3 0   269.962 0   269.837 0   294.9 0   269.222 0   269.320 0     0.0 0     0.0 0     0.0 0    -9.6 0    -9.6 0    -3.4 0    73.9 0     3.7 0   262.5 0   978.1 0
 2026   5  1  5  3  1  3.017 146.11    -0.8 0     0.0 0     0.4 0     0.1 0   285.3 0   269.959 0   269.834 0   294.9 0   269.220 0   269.319 0     0.0 0     0.0 0     0.0 0    -9.6 0    -9.6 0    -3.4 0    73.3 0     4.0 0   266.2 0   978.0 0
 2026   5  1  5  3  2  3.033 146.29    -0.8 0     0.1 0     0.4 0     0.1 0   285.3 0   269.955 0   269.825 0   294.8 0   269.219 0   269.317 0     0.0 0     0.0 0     0.0 0    -9.6 0    -9.6 0    -3.4 0    73.5 0     3.3 0   267.6 0   978.0 0
 2026   5  1  5  3  3  3.050 146.46    -0.8 0     0.1 0     0.4 0     0.1 0   285.3 0   269.950 0   269.817 0   294.8 0   269.216 0   269.313 0     0.0 0     0.0 0     0.0 0    -9.5 0    -9.5 0    -3.4 0    73.8 0     3.4 0   264.4 0   978.0 0
 2026   5  1  5  3  4  3.067 146.64    -0.8 0     0.1 0     0.4 0     0.1 0   285.3 0   269.945 0   269.819 0   294.8 0   269.213 0   269.311 0     0.0 0     0.0 0     0.0 0    -9.6 0    -9.6 0    -3.4 0    72.9 0     4.8 0   272.4 0   978.0 0
 2026   5  1  5  3  5  3.083 146.81    -0.9 0     0.1 0     0.4 0     0.1 0   285.2 0   269.940 0   269.812 0   294.8 0   269.211 0   269.309 0     0.0 0     0.0 0     0.0 0    -9.6 0    -9.6 0    -3.4 0    72.6 0     4.1 0   267.8 0   977.9 0
 2026   5  1  5  3  6  3.100 146.99    -0.9 0     0.1 0     0.4 0     0.1 0   285.1 0   269.935 0   269.802 0   294.7 0   269.209 0   269.305 0     0.0 0     0.0 0     0.0 0    -9.6 0    -9.6 0    -3.4 0    72.9 0     3.2 0   264.6 0   977.9 0
 2026   5  1  5  3  7  3.117 147.16    -0.9 0     0.1 0     0.4 0     0.1 0   285.0 0   269.928 0   269.793 0   294.7 0   269.205 0   269.300 0     0.0 0     0.0 0     0.0 0    -9.7 0    -9.7 0    -3.4 0    73.1 0     4.1 0   276.0 0   977.9 0
 2026   5  1  5  3  8  3.133 147.33    -0.9 0     0.1 0     0.4 0     0.1 0   284.9 0   269.921 0   269.789 0   294.7 0   269.201 0   269.298 0     0.0 0     0.0 0     0.0 0    -9.8 0    -9.8 0    -3.4 0    72.6 0     5.0 0   276.7 0   977.9 0
 2026   5  1  5  3  9  3.150 147.51    -0.9 0     0.0 0     0.4 0     0.1 0   284.8 0   269.915 0   269.787 0   294.7 0   269.199 0   269.297 0     0.0 0     0.0 0     0.0 0    -9.9 0    -9.9 0    -3.4 0    72.4 0     4.4 0   282.0 0   977.9 0
 2026   5  1  5  3 10  3.167 147.68    -0.9 0     0.1 0     0.3 0     0.1 0   284.6 0   269.910 0   269.784 0   294.6 0   269.196 0   269.292 0     0.0 0     0.0 0     0.0 0   -10.0 0   -10.0 0    -3.4 0    72.9 0     3.3 0   274.9 0   977.9 0
 2026   5  1  5  3 11  3.183 147.85    -0.9 0     0.1 0     0.3 0     0.1 0   284.5 0   269.904 0   269.773 0   294.5 0   269.192 0   269.287 0     0.0 0     0.0 0     0.0 0   -10.0 0   -10.0 0    -3.5 0    72.8 0     4.0 0   277.3 0   977.8 0
 2026   5  1  5  3 12  3.200 148.02    -0.9 0     0.1 0     0.3 0     0.1 0   284.3 0   269.898 0   269.773 0   294.5 0   269.188 0   269.285 0     0.0 0     0.0 0     0.0 0   -10.2 0   -10.2 0    -3.5 0    72.4 0     3.3 0   280.0 0   977.8 0
 2026   5  1  5  3 13  3.217 148.20    -0.9 0     0.1 0     0.3 0     0.1 0   284.2 0   269.893 0   269.766 0   294.4 0   269.185 0   269.281 0     0.0 0     0.0 0     0.0 0   -10.2 0   -10.2 0    -3.5 0    72.3 0     3.5 0   276.5 0   977.7 0
 2026   5  1  5  3 14  3.233 148.37    -0.8 0     0.1 0     0.3 0     0.0 0   284.1 0   269.887 0   269.762 0   294.4 0   269.181 0   269.276 0     0.0 0     0.0 0     0.0 0   -10.2 0   -10.2 0    -3.5 0    72.2 0     3.7 0   285.5 0   977.7 0
 2026   5  1  5  3 15  3.250 148.54    -0.8 0     0.1 0     0.3 0     0.1 0   284.0 0   269.880 0   269.755 0   294.4 0   269.176 0   269.272 0     0.0 0     0.0 0     0.0 0   -10.3 0   -10.3 0    -3.5 0    71.8 0     3.6 0   287.7 0   977.7 0
 2026   5  1  5  3 16  3.267 148.71    -0.8 0     0.1 0     0.3 0     0.1 0   284.0 0   269.875 0   269.757 0   294.3 0   269.172 0   269.267 0     0.0 0     0.0 0     0.0 0   -10.4 0   -10.4 0    -3.5 0    71.6 0     3.4 0   286.4 0   977.7 0
 2026   5  1  5  3 17  3.283 148.88    -0.8 0     0.1 0     0.3 0     0.1 0   283.9 0   269.871 0   269.752 0   294.2 0   269.168 0   269.263 0     0.0 0     0.0 0     0.0 0   -10.4 0   -10.4 0    -3.5 0    71.6 0     2.9 0   285.7 0   977.7 0
 2026   5  1  5  3 18  3.300 149.05    -0.8 0     0.1 0     0.2 0     0.1 0   283.8 0   269.868 0   269.750 0   294.2 0   269.163 0   269.257 0     0.0 0     0.0 0     0.0 0   -10.3 0   -10.3 0    -3.5 0    71.8 0     2.3 0   291.1 0   977.7 0
 2026   5  1  5  3 19  3.317 149.22    -0.8 0     0.1 0     0.2 0     0.0 0   283.7 0   269.864 0   269.758 0   294.1 0   269.158 0   269.253 0     0.0 0     0.0 0     0.0 0   -10.4 0   -10.4 0    -3.5 0    71.9 0     2.4 0   299.9 0   977.7 0
 2026   5  1  5  3 20  3.333 149.38    -0.8 0     0.1 0     0.2 0     0.0 0   283.6 0   269.862 0   269.755 0   294.1 0   269.153 0   269.248 0     0.0 0     0.0 0     0.0 0   -10.5 0   -10.5 0    -3.5 0    71.9 0     2.3 0   294.6 0   977.7 0
 2026   5  1  5  3 21  3.350 149.55    -0.8 0     0.1 0     0.2 0     0.0 0   283.5 0   269.859 0   269.752 0   294.1 0   269.149 0   269.243 0     0.0 0     0.0 0     0.0 0   -10.5 0   -10.5 0    -3.5 0    71.9 0     2.0 0   298.6 0   977.7 0
 2026   5  1  5  3 22  3.367 149.72    -0.8 0     0.1 0     0.2 0     0.0 0   283.5 0   269.858 0   269.755 0   294.1 0   269.144 0   269.238 0     0.0 0     0.0 0     0.0 0   -10.6 0   -10.6 0    -3.5 0    71.9 0     2.6 0   293.1 0   977.7 0
 2026   5  1  5  3 23  3.383 149.89    -0.7 0     0.1 0     0.2 0     0.0 0   283.5 0   269.856 0   269.747 0   294.1 0   269.139 0   269.234 0     0.0 0     0.0 0     0.0 0   -10.6 0   -10.6 0    -3.5 0    71.8 0     3.0 0   282.8 0   977.7 0
 2026   5  1  5  3 24  3.400 150.05    -0.7 0     0.0 0     0.2 0     0.0 0   283.5 0   269.854 0   269.746 0   294.1 0   269.134 0   269.230 0     0.0 0     0.0 0     0.0 0   -10.6 0   -10.6 0    -3.5 0    71.5 0     3.3 0   285.4 0   977.7 0
 2026   5  1  5  3 25  3.417 150.22    -0.7 0     0.0 0     0.2 0     0.1 0   283.5 0   269.853 0   269.735 0   294.1 0   269.130 0   269.227 0     0.0 0     0.0 0     0.0 0   -10.6 0   -10.6 0    -3.5 0    71.1 0     4.3 0   281.8 0   977.7 0
 2026   5  1  5  3 26  3.433 150.38    -0.8 0     0.0 0     0.2 0     0.1 0   283.5 0   269.851 0   269.728 0   294.1 0   269.127 0   269.224 0     0.0 0     0.0 0     0.0 0   -10.6 0   -10.6 0    -3.5 0    71.3 0     3.7 0   274.2 0   977.7 0
 2026   5  1  5  3 27  3.450 150.55    -0.8 0     0.0 0     0.2 0     0.1 0   283.4 0   269.848 0   269.718 0   294.0 0   269.123 0   269.219 0     0.0 0     0.0 0     0.0 0   -10.6 0   -10.6 0    -3.5 0    71.4 0     3.2 0   269.5 0   977.7 0
 2026   5  1  5  3 28  3.467 150.71    -0.8 0     0.1 0     0.3 0     0.1 0   283.2 0   269.844 0   269.712 0   293.9 0   269.119 0   269.213 0     0.0 0     0.0 0     0.0 0   -10.7 0   -10.7 0    -3.5 0    71.7 0     3.4 0   277.2 0   977.7 0
 2026   5  1  5  3 29  3.483 150.88    -0.8 0     0.1 0     0.3 0     0.1 0   283.0 0   269.837 0   269.698 0   293.9 0   269.113 0   269.207 0     0.0 0     0.0 0     0.0 0   -10.9 0   -10.9 0    -3.5 0    72.1 0     3.0 0   279.4 0   977.7 0
 2026   5  1  5  3 30  3.500 151.04    -0.8 0     0.1 0     0.3 0     0.1 0   282.6 0   269.829 0   269.685 0   293.8 0   269.107 0   269.198 0     0.0 0     0.0 0     0.0 0   -11.2 0   -11.2 0    -3.6 0    72.3 0     4.2 0   279.0 0   977.7 0
 2026   5  1  5  3 31  3.517 151.21    -0.8 0     0.1 0     0.3 0     0.1 0   282.1 0   269.819 0   269.670 0   293.8 0   269.098 0   269.189 0     0.0 0     0.0 0     0.0 0   -11.6 0   -11.6 0    -3.6 0    72.3 0     4.4 0   282.2 0   977.7 0
 2026   5  1  5  3 32  3.533 151.37    -0.8 0     0.1 0     0.3 0     0.1 0   281.7 0   269.808 0   269.671 0   293.8 0   269.091 0   269.184 0     0.0 0     0.0 0     0.0 0   -12.0 0   -12.0 0    -3.6 0    71.7 0     4.4 0   279.9 0   977.7 0
 2026   5  1  5  3 33  3.550 151.53    -0.8 0     0.1 0     0.3 0     0.1 0   281.6 0   269.800 0   269.665 0   293.7 0   269.084 0   269.177 0     0.0 0     0.0 0     0.0 0   -12.1 0   -12.1 0    -3.6 0    71.9 0     3.1 0   294.2 0   977.7 0
 2026   5  1  5  3 34  3.567 151.69    -0.8 0     0.1 0     0.2 0     0.1 0   281.8 0   269.793 0   269.658 0   293.6 0   269.078 0   269.171 0     0.0 0     0.0 0     0.0 0   -11.9 0   -11.9 0    -3.6 0    71.9 0     3.8 0   283.8 0   977.7 0
 2026   5  1  5  3 35  3.583 151.85    -0.8 0     0.1 0     0.2 0     0.1 0   282.1 0   269.785 0   269.650 0   293.6 0   269.072 0   269.165 0     0.0 0     0.0 0     0.0 0   -11.5 0   -11.5 0    -3.6 0    71.9 0     3.3 0   280.1 0   977.7 0
 2026   5  1  5  3 36  3.600 152.01    -0.8 0     0.1 0     0.3 0     0.1 0   282.2 0   269.776 0   269.631 0   293.5 0   269.065 0   269.156 0     0.0 0     0.0 0     0.0 0   -11.3 0   -11.3 0    -3.6 0    72.6 0     3.2 0   277.8 0   977.8 0
 2026   5  1  5  3 37  3.617 152.17    -0.8 0     0.1 0     0.3 0     0.1 0   282.4 0   269.765 0   269.624 0   293.5 0   269.057 0   269.148 0     0.0 0     0.0 0     0.0 0   -11.2 0   -11.2 0    -3.6 0    72.4 0     3.7 0   279.8 0   977.8 0
 2026   5  1  5  3 38  3.633 152.33    -0.8 0     0.1 0     0.3 0     0.1 0   282.5 0   269.754 0   269.607 0   293.6 0   269.049 0   269.141 0     0.0 0     0.0 0     0.0 0   -11.1 0   -11.1 0    -3.6 0    72.2 0     3.9 0   274.5 0   977.8 0
 2026   5  1  5  3 39  3.650 152.49    -0.8 0     0.1 0     0.3 0     0.1 0   282.6 0   269.743 0   269.596 0   293.6 0   269.041 0   269.134 0     0.0 0     0.0 0     0.0 0   -10.9 0   -10.9 0    -3.7 0    72.0 0     4.3 0   275.3 0   977.8 0
 2026   5  1  5  3 40  3.667 152.64    -0.8 0     0.1 0     0.3 0     0.1 0   282.7 0   269.732 0   269.589 0   293.5 0   269.033 0   269.127 0     0.0 0     0.0 0     0.0 0   -10.9 0   -10.9 0    -3.7 0    72.1 0     3.5 0   274.1 0   977.8 0
 2026   5  1  5  3 41  3.683 152.80    -0.8 0     0.1 0     0.3 0     0.1 0   282.7 0   269.722 0   269.576 0   293.5 0   269.026 0   269.118 0     0.0 0     0.0 0     0.0 0   -10.8 0   -10.8 0    -3.7 0    72.6 0     2.9 0   278.5 0   977.8 0
 2026   5  1  5  3 42  3.700 152.96    -0.8 0     0.1 0     0.3 0     0.1 0   282.7 0   269.712 0   269.573 0   293.5 0   269.018 0   269.110 0     0.0 0     0.0 0     0.0 0   -10.8 0   -10.8 0    -3.7 0    72.5 0     4.0 0   277.6 0   977.8 0
 2026   5  1  5  3 43  3.717 153.11    -0.8 0     0.1 0     0.2 0     0.1 0   282.7 0   269.704 0   269.572 0   293.6 0   269.011 0   269.106 0     0.0 0     0.0 0     0.0 0   -10.9 0   -10.9 0    -3.7 0    71.8 0     4.1 0   277.4 0   977.8 0
 2026   5  1  5  3 44  3.733 153.27    -0.9 0     0.1 0     0.2 0     0.1 0   282.5 0   269.698 0   269.568 0   293.5 0   269.006 0   269.101 0     0.0 0     0.0 0     0.0 0   -11.0 0   -11.0 0    -3.7 0    71.8 0     3.5 0   277.5 0   977.8 0
 2026   5  1  5  3 45  3.750 153.42    -0.8 0     0.1 0     0.2 0     0.1 0   282.4 0   269.692 0   269.562 0   293.4 0   269.000 0   269.094 0     0.0 0     0.0 0     0.0 0   -11.1 0   -11.1 0    -3.7 0    72.0 0     3.5 0   286.4 0   977.8 0
 2026   5  1  5  3 46  3.767 153.57    -0.8 0     0.0 0     0.2 0     0.1 0   282.2 0   269.687 0   269.564 0   293.4 0   268.995 0   269.090 0     0.0 0     0.0 0     0.0 0   -11.2 0   -11.2 0    -3.7 0    71.9 0     3.1 0   279.5 0   977.8 0
 2026   5  1  5  3 47  3.783 153.72    -0.8 0     0.0 0     0.2 0     0.1 0   282.3 0   269.682 0   269.561 0   293.4 0   268.990 0   269.085 0     0.0 0     0.0 0     0.0 0   -11.1 0   -11.1 0    -3.7 0    72.0 0     3.0 0   282.3 0   977.8 0
 2026   5  1  5  3 48  3.800 153.88    -0.8 0     0.1 0     0.2 0     0.0 0   282.2 0   269.677 0   269.555 0   293.3 0   268.984 0   269.077 0     0.0 0     0.0 0     0.0 0   -11.1 0   -11.1 0    -3.7 0    72.6 0     2.4 0   285.1 0   977.8 0
 2026   5  1  5  3 49  3.817 154.03    -0.7 0     0.1 0     0.2 0     0.0 0   282.1 0   269.671 0   269.545 0   293.3 0   268.977 0   269.071 0     0.0 0     0.0 0     0.0 0   -11.2 0   -11.2 0    -3.7 0    72.5 0     3.2 0   281.9 0   977.8 0
 2026   5  1  5  3 50  3.833 154.18    -0.7 0     0.1 0     0.2 0     0.0 0   282.1 0   269.664 0   269.539 0   293.3 0   268.971 0   269.066 0     0.0 0     0.0 0     0.0 0   -11.2 0   -11.2 0    -3.7 0    72.5 0     3.2 0   281.4 0   977.8 0
 2026   5  1  5  3 51  3.850 154.33    -0.7 0     0.1 0     0.2 0     0.0 0   282.1 0   269.658 0   269.533 0   293.3 0   268.965 0   269.059 0     0.0 0     0.0 0     0.0 0   -11.3 0   -11.3 0    -3.7 0    72.7 0     3.0 0   277.5 0   977.7 0
 2026   5  1  5  3 52  3.867 154.47    -0.7 0     0.1 0     0.2 0     0.0 0   281.9 0   269.653 0   269.526 0   293.3 0   268.959 0   269.053 0     0.0 0     0.0 0     0.0 0   -11.4 0   -11.4 0    -3.7 0    72.8 0     2.9 0   278.3 0   977.7 0
 2026   5  1  5  3 53  3.883 154.62    -0.8 0     0.1 0     0.2 0     0.0 0   281.8 0   269.648 0   269.526 0   293.2 0   268.953 0   269.048 0     0.0 0     0.0 0     0.0 0   -11.5 0   -11.5 0    -3.7 0    72.7 0     2.1 0   292.6 0   977.7 0
 2026   5  1  5  3 54  3.900 154.77    -0.8 0     0.1 0     0.2 0     0.0 0   281.8 0   269.645 0   269.535 0   293.2 0   268.948 0   269.042 0     0.0 0     0.0 0     0.0 0   -11.4 0   -11.4 0    -3.7 0    72.9 0     1.8 0   286.7 0   977.7 0
 2026   5  1  5  3 55  3.917 154.91    -0.7 0     0.1 0     0.2 0     0.0 0   282.0 0   269.642 0   269.536 0   293.2 0   268.942 0   269.037 0     0.0 0     0.0 0     0.0 0   -11.2 0   -11.2 0    -3.7 0    72.9 0     2.3 0   282.1 0   977.7 0
 2026   5  1  5  3 56  3.933 155.06    -0.7 0     0.0 0     0.2 0     0.0 0   282.1 0   269.641 0   269.525 0   293.2 0   268.937 0   269.032 0     0.0 0     0.0 0     0.0 0   -11.1 0   -11.1 0    -3.7 0    72.8 0     2.7 0   276.1 0   977.7 0
 2026   5  1  5  3 57  3.950 155.20    -0.7 0     0.0 0     0.2 0     0.0 0   282.2 0   269.638 0   269.515 0   293.2 0   268.932 0   269.026 0     0.0 0     0.0 0     0.0 0   -11.0 0   -11.0 0    -3.7 0    73.0 0     2.5 0   269.9 0   977.7 0
 2026   5  1  5  3 58  3.967 155.34    -0.8 0     0.1 0     0.2 0     0.1 0   282.3 0   269.635 0   269.509 0   293.2 0   268.926 0   269.020 0     0.0 0     0.0 0     0.0 0   -10.9 0   -10.9 0    -3.7 0    73.2 0     2.8 0   277.6 0   977.6 0
 2026   5  1  5  3 59  3.983 155.49    -0.8 0     0.0 0     0.3 0     0.0 0   282.4 0   269.630 0   269.504 0   293.2 0   268.920 0   269.015 0     0.0 0     0.0 0     0.0 0   -10.9 0   -10.9 0    -3.7 0    73.3 0     2.7 0   277.2 0   977.7 0
 2026   5  1  5  4  0  4.000 155.63    -0.8 0     0.0 0     0.3 0     0.1 0   282.4 0   269.625 0   269.500 0   293.3 0   268.914 0   269.011 0     0.0 0     0.0 0     0.0 0   -10.9 0   -10.9 0    -3.7 0    73.1 0     2.9 0   278.0 0   977.7 0
 2026   5  1  5  4  1  4.017 155.77    -0.8 0     0.0 0     0.2 0     0.1 0   282.5 0   269.622 0   269.517 0   293.3 0   268.910 0   269.009 0     0.0 0     0.0 0     0.0 0   -10.9 0   -10.9 0    -3.7 0    72.6 0     2.3 0   291.6 0   977.7 0
 2026   5  1  5  4  2  4.033 155.91    -0.8 0     0.0 0     0.2 0     0.0 0   282.3 0   269.623 0   269.527 0   293.2 0   268.907 0   269.006 0     0.0 0     0.0 0     0.0 0   -10.9 0   -10.9 0    -3.7 0    72.6 0     1.9 0   277.5 0   977.7 0
 2026   5  1  5  4  3  4.050 156.04    -0.8 0     0.0 0     0.2 0     0.0 0   282.2 0   269.623 0   269.508 0   293.2 0   268.904 0   269.001 0     0.0 0     0.0 0     0.0 0   -11.0 0   -11.0 0    -3.7 0    72.8 0     3.1 0   279.8 0   977.7 0
 2026   5  1  5  4  4  4.067 156.18    -0.7 0     0.0 0     0.2 0     0.0 0   282.2 0   269.619 0   269.492 0   293.2 0   268.900 0   268.996 0     0.0 0     0.0 0     0.0 0   -11.0 0   -11.0 0    -3.7 0    73.1 0     2.8 0   271.5 0   977.7 0
 2026   5  1  5  4  5  4.083 156.32    -0.7 0     0.0 0     0.2 0     0.0 0   282.1 0   269.613 0   269.487 0   293.2 0   268.896 0   268.993 0     0.0 0     0.0 0     0.0 0   -11.1 0   -11.1 0    -3.7 0    73.0 0     3.3 0   269.8 0   977.7 0
 2026   5  1  5  4  6  4.100 156.45    -0.8 0     0.0 0     0.2 0     0.1 0   281.9 0   269.607 0   269.481 0   293.2 0   268.892 0   268.991 0     0.0 0     0.0 0     0.0 0   -11.3 0   -11.3 0    -3.7 0    72.8 0     3.2 0   274.0 0   977.7 0
 2026   5  1  5  4  7  4.117 156.59    -0.8 0     0.0 0     0.2 0     0.1 0   281.5 0   269.603 0   269.479 0   293.2 0   268.889 0   268.988 0     0.0 0     0.0 0     0.0 0   -11.7 0   -11.7 0    -3.7 0    72.8 0     3.0 0   272.7 0   977.7 0
 2026   5  1  5  4  8  4.133 156.72    -0.8 0     0.0 0     0.2 0     0.1 0   280.9 0   269.599 0   269.474 0   293.2 0   268.886 0   268.985 0     0.0 0     0.0 0     0.0 0   -12.2 0   -12.2 0    -3.7 0    72.7 0     3.5 0   273.7 0   977.7 0
 2026   5  1  5  4  9  4.150 156.85    -0.8 0     0.0 0     0.2 0     0.1 0   280.8 0   269.596 0   269.470 0   293.1 0   268.884 0   268.984 0     0.0 0     0.0 0     0.0 0   -12.3 0   -12.3 0    -3.7 0    72.5 0     3.4 0   272.9 0   977.7 0
 2026   5  1  5  4 10  4.167 156.98    -0.8 0     0.0 0     0.2 0     0.0 0   281.2 0   269.592 0   269.467 0   293.1 0   268.882 0   268.981 0     0.0 0     0.0 0     0.0 0   -11.9 0   -11.9 0    -3.7 0    72.8 0     3.3 0   278.3 0   977.7 0
 2026   5  1  5  4 11  4.183 157.11    -0.8 0     0.0 0     0.3 0     0.0 0   281.7 0   269.588 0   269.467 0   293.1 0   268.879 0   268.977 0     0.0 0     0.0 0     0.0 0   -11.4 0   -11.4 0    -3.7 0    73.0 0     3.2 0   280.7 0   977.7 0
 2026   5  1  5  4 12  4.200 157.24    -0.8 0     0.0 0     0.2 0     0.0 0   282.0 0   269.585 0   269.470 0   293.2 0   268.877 0   268.976 0     0.0 0     0.0 0     0.0 0   -11.2 0   -11.2 0    -3.7 0    72.6 0     3.1 0   278.8 0   977.7 0
 2026   5  1  5  4 13  4.217 157.36    -0.8 0     0.0 0     0.2 0     0.0 0   282.1 0   269.583 0   269.469 0   293.1 0   268.875 0   268.973 0     0.0 0     0.0 0     0.0 0   -11.0 0   -11.0 0    -3.7 0    72.8 0     2.4 0   273.7 0   977.7 0
 2026   5  1  5  4 14  4.233 157.49    -0.8 0     0.0 0     0.2 0     0.0 0   282.1 0   269.581 0   269.459 0   293.0 0   268.872 0   268.967 0     0.0 0     0.0 0     0.0 0   -10.9 0   -10.9 0    -3.7 0    73.3 0     2.0 0   272.6 0   977.7 0
 2026   5  1  5  4 15  4.250 157.61    -0.7 0     0.1 0     0.2 0     0.0 0   282.2 0   269.578 0   269.458 0   293.1 0   268.867 0   268.964 0     0.0 0     0.0 0     0.0 0   -10.9 0   -10.9 0    -3.8 0    73.4 0     2.1 0   266.9 0   977.8 0
 2026   5  1  5  4 16  4.267 157.74    -0.7 0     0.0 0     0.2 0     0.0 0   282.2 0   269.575 0   269.460 0   293.0 0   268.863 0   268.960 0     0.0 0     0.0 0     0.0 0   -10.9 0   -10.9 0    -3.8 0    73.6 0     2.0 0   274.0 0   977.8 0
 2026   5  1  5  4 17  4.283 157.86    -0.7 0     0.0 0     0.2 0     0.0 0   282.2 0   269.573 0   269.459 0   293.0 0   268.859 0   268.955 0     0.0 0     0.0 0     0.0 0   -10.9 0   -10.9 0    -3.8 0    73.4 0     2.4 0   269.7 0   977.8 0
 2026   5  1  5  4 18  4.300 157.98    -0.7 0     0.0 0     0.3 0     0.1 0   282.1 0   269.571 0   269.454 0   293.1 0   268.855 0   268.953 0     0.0 0     0.0 0     0.0 0   -11.0 0   -11.0 0    -3.8 0    73.2 0     2.7 0   271.9 0   977.8 0
 2026   5  1  5  4 19  4.317 158.10    -0.8 0     0.0 0     0.3 0     0.1 0   281.8 0   269.570 0   269.453 0   293.1 0   268.852 0   268.952 0     0.0 0     0.0 0     0.0 0   -11.3 0   -11.3 0    -3.8 0    72.9 0     3.6 0   270.4 0   977.9 0
 2026   5  1  5  4 20  4.333 158.21    -0.8 0     0.0 0     0.3 0     0.1 0   281.6 0   269.569 0   269.449 0   293.1 0   268.850 0   268.949 0     0.0 0     0.0 0     0.0 0   -11.5 0   -11.5 0    -3.8 0    72.9 0     3.0 0   279.3 0   977.9 0
 2026   5  1  5  4 21  4.350 158.33    -0.8 0     0.0 0     0.3 0     0.1 0   281.3 0   269.569 0   269.456 0   293.1 0   268.848 0   268.947 0     0.0 0     0.0 0     0.0 0   -11.7 0   -11.7 0    -3.8 0    72.3 0     2.6 0   274.6 0   977.8 0
 2026   5  1  5  4 22  4.367 158.45    -0.8 0     0.0 0     0.3 0     0.0 0   280.9 0   269.569 0   269.463 0   293.0 0   268.845 0   268.945 0     0.0 0     0.0 0     0.0 0   -12.1 0   -12.1 0    -3.8 0    72.0 0     2.9 0   282.5 0   977.8 0
 2026   5  1  5  4 23  4.383 158.56    -0.8 0     0.0 0     0.3 0     0.0 0   280.7 0   269.570 0   269.463 0   292.9 0   268.843 0   268.942 0     0.0 0     0.0 0     0.0 0   -12.2 0   -12.2 0    -3.8 0    71.9 0     2.3 0   281.5 0   977.8 0
 2026   5  1  5  4 24  4.400 158.67    -0.7 0     0.0 0     0.3 0     0.0 0   280.7 0   269.569 0   269.461 0   292.8 0   268.841 0   268.938 0     0.0 0     0.0 0     0.0 0   -12.1 0   -12.1 0    -3.8 0    72.2 0     1.7 0   284.4 0   977.8 0
 2026   5  1  5  4 25  4.417 158.78    -0.8 0     0.0 0     0.2 0     0.0 0   280.8 0   269.569 0   269.469 0   292.8 0   268.838 0   268.936 0     0.0 0     0.0 0     0.0 0   -12.0 0   -12.0 0    -3.8 0    72.0 0     1.8 0   287.5 0   977.7 0
 2026   5  1  5  4 26  4.433 158.89    -0.7 0     0.0 0     0.2 0     0.0 0   280.9 0   269.570 0   269.476 0   292.8 0   268.835 0   268.933 0     0.0 0     0.0 0     0.0 0   -11.9 0   -11.9 0    -3.7 0    72.1 0     1.5 0   297.3 0   977.7 0
 2026   5  1  5  4 27  4.450 159.00    -0.7 0     0.0 0     0.2 0     0.0 0   280.9 0   269.571 0   269.474 0   292.8 0   268.832 0   268.931 0     0.0 0     0.0 0     0.0 0   -11.9 0   -11.9 0    -3.7 0    72.0 0     1.5 0   288.0 0   977.7 0
 2026   5  1  5  4 28  4.467 159.10    -0.7 0     0.0 0     0.2 0     0.0 0   281.0 0   269.573 0   269.478 0   292.8 0   268.829 0   268.927 0     0.0 0     0.0 0     0.0 0   -11.8 0   -11.8 0    -3.7 0    72.1 0     1.5 0   286.5 0   977.7 0
 2026   5  1  5  4 29  4.483 159.21    -0.7 0     0.0 0     0.2 0     0.0 0   281.0 0   269.575 0   269.469 0   292.8 0   268.826 0   268.924 0     0.0 0     0.0 0     0.0 0   -11.7 0   -11.7 0    -3.7 0    72.2 0     1.8 0   273.2 0   977.7 0
 2026   5  1  5  4 30  4.500 159.31    -0.7 0     0.0 0     0.2 0     0.0 0   281.1 0   269.575 0   269.462 0   292.8 0   268.822 0   268.920 0     0.0 0     0.0 0     0.0 0   -11.6 0   -11.6 0    -3.8 0    72.3 0     1.7 0   277.3 0   977.7 0
 2026   5  1  5  4 31  4.517 159.41    -0.7 0     0.0 0     0.3 0     0.0 0   281.1 0   269.571 0   269.450 0   292.7 0   268.819 0   268.916 0     0.0 0     0.0 0     0.0 0   -11.6 0   -11.6 0    -3.8 0    72.5 0     1.9 0   279.1 0   977.7 0
 2026   5  1  5  4 32  4.533 159.51    -0.7 0     0.0 0     0.3 0     0.0 0   280.7 0   269.567 0   269.448 0   292.6 0   268.815 0   268.910 0     0.0 0     0.0 0     0.0 0   -11.9 0   -11.9 0    -3.8 0    73.0 0     1.6 0   283.7 0   977.6 0
 2026   5  1  5  4 33  4.550 159.61    -0.7 0     0.1 0     0.3 0     0.0 0   280.1 0   269.560 0   269.437 0   292.6 0   268.809 0   268.904 0     0.0 0     0.0 0     0.0 0   -12.4 0   -12.4 0    -3.8 0    73.5 0     1.8 0   294.9 0   977.6 0
 2026   5  1  5  4 34  4.567 159.70    -0.7 0     0.0 0     0.3 0     0.0 0   279.4 0   269.551 0   269.441 0   292.6 0   268.804 0   268.902 0     0.0 0     0.0 0     0.0 0   -13.2 0   -13.2 0    -3.8 0    72.9 0     1.9 0   296.4 0   977.5 0
 2026   5  1  5  4 35  4.583 159.80    -0.7 0     0.0 0     0.3 0     0.0 0   278.1 0   269.546 0   269.429 0   292.4 0   268.800 0   268.896 0     0.0 0     0.0 0     0.0 0   -14.3 0   -14.3 0    -3.8 0    73.1 0     2.2 0   288.2 0   977.5 0
 2026   5  1  5  4 36  4.600 159.89    -0.6 0     0.0 0     0.3 0     0.0 0   276.6 0   269.540 0   269.412 0   292.3 0   268.795 0   268.891 0     0.0 0     0.0 0     0.0 0   -15.7 0   -15.7 0    -3.8 0    72.9 0     2.5 0   282.0 0   977.5 0
 2026   5  1  5  4 37  4.617 159.98    -0.7 0     0.0 0     0.3 0     0.0 0   275.8 0   269.533 0   269.394 0   292.1 0   268.791 0   268.887 0     0.0 0     0.0 0     0.0 0   -16.4 0   -16.4 0    -3.8 0    72.7 0     2.5 0   280.5 0   977.4 0
 2026   5  1  5  4 38  4.633 160.07    -0.7 0     0.0 0     0.3 0     0.0 0   276.6 0   269.526 0   269.398 0   292.1 0   268.787 0   268.884 0     0.0 0     0.0 0     0.0 0   -15.4 0   -15.4 0    -3.8 0    72.5 0     2.0 0   277.7 0   977.4 0
 2026   5  1  5  4 39  4.650 160.16    -0.7 0     0.0 0     0.2 0     0.0 0   277.3 0   269.522 0   269.401 0   292.0 0   268.783 0   268.880 0     0.0 0     0.0 0     0.0 0   -14.8 0   -14.8 0    -3.8 0    72.4 0     1.8 0   296.7 0   977.4 0
 2026   5  1  5  4 40  4.667 160.24    -0.7 0     0.0 0     0.2 0     0.0 0   277.9 0   269.519 0   269.412 0   292.1 0   268.779 0   268.877 0     0.0 0     0.0 0     0.0 0   -14.1 0   -14.1 0    -3.8 0    72.3 0     1.5 0   280.8 0   977.4 0
 2026   5  1  5  4 41  4.683 160.32    -0.7 0     0.0 0     0.2 0     0.0 0   278.6 0   269.516 0   269.416 0   292.0 0   268.776 0   268.873 0     0.0 0     0.0 0     0.0 0   -13.4 0   -13.4 0    -3.8 0    72.3 0     1.4 0   278.5 0   977.4 0
 2026   5  1  5  4 42  4.700 160.41    -0.7 0     0.0 0     0.2 0     0.0 0   279.1 0   269.515 0   269.414 0   292.0 0   268.772 0   268.868 0     0.0 0     0.0 0     0.0 0   -12.9 0   -12.9 0    -3.8 0    72.5 0     1.5 0   273.9 0   977.3 0
 2026   5  1  5  4 43  4.717 160.48    -0.7 0     0.0 0     0.2 0     0.0 0   279.3 0   269.513 0   269.408 0   292.0 0   268.768 0   268.864 0     0.0 0     0.0 0     0.0 0   -12.8 0   -12.8 0    -3.8 0    72.7 0     0.7 0   299.3 0   977.3 0
 2026   5  1  5  4 44  4.733 160.56    -0.6 0     0.0 0     0.2 0     0.0 0   279.2 0   269.511 0   269.413 0   292.0 0   268.763 0   268.860 0     0.0 0     0.0 0     0.0 0   -12.8 0   -12.8 0    -3.8 0    72.8 0     0.5 0   314.6 0   977.3 0
 2026   5  1  5  4 45  4.750 160.64    -0.6 0     0.0 0     0.2 0     0.0 0   278.7 0   269.511 0   269.417 0   292.0 0   268.759 0   268.855 0     0.0 0     0.0 0     0.0 0   -13.3 0   -13.3 0    -3.8 0    72.7 0     1.1 0   307.4 0   977.3 0
 2026   5  1  5  4 46  4.767 160.71    -0.6 0     0.0 0     0.2 0     0.0 0   278.0 0   269.510 0   269.412 0   291.9 0   268.754 0   268.850 0     0.0 0     0.0 0     0.0 0   -14.0 0   -14.0 0    -3.8 0    72.6 0     1.3 0   291.4 0   977.3 0
 2026   5  1  5  4 47  4.783 160.78    -0.6 0     0.0 0     0.2 0     0.0 0   276.8 0   269.510 0   269.421 0   291.9 0   268.750 0   268.846 0     0.0 0     0.0 0     0.0 0   -15.1 0   -15.1 0    -3.8 0    72.4 0     1.1 0   301.9 0   977.3 0
 2026   5  1  5  4 48  4.800 160.85    -0.7 0     0.0 0     0.2 0     0.0 0   275.5 0   269.514 0   269.427 0   291.7 0   268.746 0   268.843 0     0.0 0     0.0 0     0.0 0   -16.2 0   -16.2 0    -3.8 0    72.3 0     1.4 0   313.6 0   977.3 0
 2026   5  1  5  4 49  4.817 160.92    -0.7 0     0.0 0     0.2 0     0.0 0   274.7 0   269.520 0   269.426 0   291.7 0   268.742 0   268.839 0     0.0 0     0.0 0     0.0 0   -16.9 0   -16.9 0    -3.8 0    72.3 0     1.7 0   304.6 0   977.3 0
 2026   5  1  5  4 50  4.833 160.98    -0.7 0     0.0 0     0.2 0     0.0 0   274.7 0   269.524 0   269.412 0   291.5 0   268.738 0   268.833 0     0.0 0     0.0 0     0.0 0   -16.8 0   -16.8 0    -3.8 0    72.6 0     1.8 0   296.5 0   977.3 0
 2026   5  1  5  4 51  4.850 161.05    -0.7 0     0.0 0     0.2 0     0.0 0   275.2 0   269.523 0   269.401 0   291.5 0   268.733 0   268.828 0     0.0 0     0.0 0     0.0 0   -16.3 0   -16.3 0    -3.8 0    72.6 0     2.1 0   299.1 0   977.3 0
 2026   5  1  5  4 52  4.867 161.11    -0.8 0     0.0 0     0.2 0     0.0 0   275.5 0   269.522 0   269.405 0   291.5 0   268.728 0   268.825 0     0.0 0     0.0 0     0.0 0   -16.0 0   -16.0 0    -3.8 0    72.6 0     1.9 0   296.0 0   977.3 0
 2026   5  1  5  4 53  4.883 161.17    -0.8 0     0.0 0     0.2 0     0.0 0   275.9 0   269.521 0   269.410 0   291.5 0   268.724 0   268.821 0     0.0 0     0.0 0     0.0 0   -15.7 0   -15.7 0    -3.8 0    72.7 0     1.8 0   300.9 0   977.3 0
 2026   5  1  5  4 54  4.900 161.22    -0.8 0     0.0 0     0.2 0     0.0 0   276.9 0   269.519 0   269.407 0   291.5 0   268.720 0   268.816 0     0.0 0     0.0 0     0.0 0   -14.7 0   -14.7 0    -3.8 0    72.8 0     1.4 0   295.4 0   977.3 0
 2026   5  1  5  4 55  4.917 161.28    -0.8 0     0.0 0     0.2 0     0.0 0   278.1 0   269.515 0   269.404 0   291.6 0   268.716 0   268.813 0     0.0 0     0.0 0     0.0 0   -13.5 0   -13.5 0    -3.8 0    72.9 0     1.5 0   283.6 0   977.3 0
 2026   5  1  5  4 56  4.933 161.33    -0.7 0     0.0 0     0.2 0     0.0 0   278.8 0   269.510 0   269.400 0   291.7 0   268.712 0   268.809 0     0.0 0     0.0 0     0.0 0   -12.9 0   -12.9 0    -3.8 0    72.8 0     1.6 0   281.8 0   977.3 0
 2026   5  1  5  4 57  4.950 161.38    -0.7 0     0.0 0     0.2 0     0.0 0   279.0 0   269.505 0   269.388 0   291.8 0   268.708 0   268.806 0     0.0 0     0.0 0     0.0 0   -12.7 0   -12.7 0    -3.8 0    72.8 0     1.7 0   272.3 0   977.2 0
 2026   5  1  5  4 58  4.967 161.43    -0.7 0     0.0 0     0.2 0     0.0 0   279.1 0   269.499 0   269.381 0   291.9 0   268.705 0   268.804 0     0.0 0     0.0 0     0.0 0   -12.7 0   -12.7 0    -3.8 0    72.6 0     1.4 0   270.6 0   977.2 0
 2026   5  1  5  4 59  4.983 161.47    -0.6 0     0.0 0     0.3 0     0.0 0   279.1 0   269.493 0   269.370 0   291.9 0   268.701 0   268.798 0     0.0 0     0.0 0     0.0 0   -12.8 0   -12.8 0    -3.9 0    73.0 0     2.2 0   284.6 0   977.2 0
 2026   5  1  5  5  0  5.000 161.52    -0.7 0     0.0 0     0.3 0     0.0 0   278.9 0   269.484 0   269.350 0   292.0 0   268.697 0   268.795 0     0.0 0     0.0 0     0.0 0   -13.2 0   -13.2 0    -3.9 0    72.9 0     3.3 0   276.3 0   977.1 0
 2026   5  1  5  5  1  5.017 161.56    -0.7 0     0.0 0     0.3 0     0.1 0   278.6 0   269.477 0   269.343 0   292.2 0   268.694 0   268.795 0     0.0 0     0.0 0     0.0 0   -13.6 0   -13.6 0    -3.9 0    72.8 0     3.3 0   281.7 0   977.1 0
 2026   5  1  5  5  2  5.033 161.60    -0.8 0     0.0 0     0.3 0     0.1 0   278.2 0   269.472 0   269.344 0   292.1 0   268.692 0   268.793 0     0.0 0     0.0 0     0.0 0   -13.9 0   -13.9 0    -3.9 0    72.7 0     2.6 0   281.0 0   977.1 0
 2026   5  1  5  5  3  5.050 161.63    -0.9 0     0.0 0     0.3 0     0.1 0   278.5 0   269.468 0   269.340 0   292.0 0   268.690 0   268.790 0     0.0 0     0.0 0     0.0 0   -13.6 0   -13.6 0    -3.9 0    72.7 0     2.1 0   275.9 0   977.0 0
 2026   5  1  5  5  4  5.067 161.67    -0.9 0     0.0 0     0.3 0     0.0 0   279.5 0   269.465 0   269.345 0   292.1 0   268.689 0   268.790 0     0.0 0     0.0 0     0.0 0   -12.6 0   -12.6 0    -3.9 0    72.5 0     3.0 0   279.9 0   977.0 0
 2026   5  1  5  5  5  5.083 161.70    -0.9 0     0.0 0     0.2 0     0.1 0   280.5 0   269.463 0   269.350 0   292.4 0   268.689 0   268.792 0     0.0 0     0.0 0     0.0 0   -11.9 0   -11.9 0    -3.9 0    71.9 0     3.8 0   283.8 0   977.0 0
 2026   5  1  5  5  6  5.100 161.73    -0.9 0     0.0 0     0.2 0     0.1 0   281.0 0   269.464 0   269.362 0   292.4 0   268.690 0   268.794 0     0.0 0     0.0 0     0.0 0   -11.4 0   -11.4 0    -3.9 0    71.6 0     3.0 0   272.8 0   977.1 0
 2026   5  1  5  5  7  5.117 161.75    -0.9 0     0.0 0     0.2 0     0.0 0   281.3 0   269.466 0   269.351 0   292.4 0   268.692 0   268.795 0     0.0 0     0.0 0     0.0 0   -11.1 0   -11.1 0    -3.8 0    71.9 0     3.1 0   272.6 0   977.1 0
 2026   5  1  5  5  8  5.133 161.78    -0.9 0     0.0 0     0.2 0     0.1 0   281.6 0   269.464 0   269.340 0   292.5 0   268.693 0   268.795 0     0.0 0     0.0 0     0.0 0   -10.9 0   -10.9 0    -3.8 0    72.2 0     3.0 0   268.5 0   977.1 0
 2026   5  1  5  5  9  5.150 161.80    -0.9 0     0.0 0     0.2 0     0.1 0   281.8 0   269.461 0   269.333 0   292.5 0   268.693 0   268.793 0     0.0 0     0.0 0     0.0 0   -10.7 0   -10.7 0    -3.9 0    72.7 0     2.7 0   262.3 0   977.1 0
 2026   5  1  5  5 10  5.167 161.82    -0.8 0     0.1 0     0.3 0     0.0 0   282.0 0   269.456 0   269.324 0   292.5 0   268.692 0   268.791 0     0.0 0     0.0 0     0.0 0   -10.5 0   -10.5 0    -3.9 0    73.5 0     2.4 0   272.4 0   977.1 0
 2026   5  1  5  5 11  5.183 161.84    -0.8 0     0.1 0     0.3 0     0.1 0   282.2 0   269.451 0   269.326 0   292.6 0   268.690 0   268.790 0     0.0 0     0.0 0     0.0 0   -10.4 0   -10.4 0    -3.9 0    73.3 0     2.8 0   278.4 0   977.1 0
 2026   5  1  5  5 12  5.200 161.85    -0.8 0     0.0 0     0.3 0     0.0 0   282.3 0   269.447 0   269.323 0   292.6 0   268.688 0   268.788 0     0.0 0     0.0 0     0.0 0   -10.3 0   -10.3 0    -3.9 0    73.3 0     2.7 0   276.4 0   977.1 0
 2026   5  1  5  5 13  5.217 161.86    -0.8 0     0.0 0     0.3 0     0.1 0   282.3 0   269.443 0   269.323 0   292.6 0   268.686 0   268.786 0     0.0 0     0.0 0     0.0 0   -10.3 0   -10.3 0    -3.9 0    73.3 0     2.5 0   275.1 0   977.0 0
 2026   5  1  5  5 14  5.233 161.87    -0.8 0     0.0 0     0.3 0     0.0 0   282.3 0   269.440 0   269.322 0   292.7 0   268.684 0   268.786 0     0.0 0     0.0 0     0.0 0   -10.4 0   -10.4 0    -3.9 0    73.2 0     3.1 0   270.9 0   977.0 0
 2026   5  1  5  5 15  5.250 161.88    -0.8 0     0.0 0     0.3 0     0.1 0   282.1 0   269.438 0   269.325 0   292.7 0   268.684 0   268.787 0     0.0 0     0.0 0     0.0 0   -10.6 0   -10.6 0    -3.9 0    72.9 0     2.8 0   268.6 0   977.0 0
 2026   5  1  5  5 16  5.267 161.88    -0.8 0     0.0 0     0.2 0     0.1 0   281.9 0   269.438 0   269.321 0   292.6 0   268.684 0   268.785 0     0.0 0     0.0 0     0.0 0   -10.8 0   -10.8 0    -3.9 0    73.4 0     2.5 0   269.2 0   977.0 0
 2026   5  1  5  5 17  5.283 161.89    -0.8 0     0.0 0     0.2 0     0.1 0   281.8 0   269.438 0   269.319 0   292.7 0   268.683 0   268.783 0     0.0 0     0.0 0     0.0 0   -10.8 0   -10.8 0    -3.9 0    73.6 0     2.9 0   268.2 0   976.9 0
 2026   5  1  5  5 18  5.300 161.89    -0.9 0     0.0 0     0.3 0     0.1 0   282.1 0   269.438 0   269.324 0   292.7 0   268.681 0   268.782 0     0.0 0     0.0 0     0.0 0   -10.6 0   -10.6 0    -3.9 0    73.5 0     3.4 0   281.2 0   977.0 0
 2026   5  1  5  5 19  5.317 161.88    -0.9 0     0.0 0     0.3 0     0.1 0   282.4 0   269.439 0   269.324 0   292.7 0   268.680 0   268.782 0     0.0 0     0.0 0     0.0 0   -10.3 0   -10.3 0    -3.9 0    73.2 0     3.7 0   283.6 0   977.0 0
 2026   5  1  5  5 20  5.333 161.88    -0.9 0     0.0 0     0.3 0     0.1 0   282.6 0   269.439 0   269.335 0   292.7 0   268.679 0   268.781 0     0.0 0     0.0 0     0.0 0   -10.1 0   -10.1 0    -3.9 0    73.0 0     3.2 0   293.3 0   977.0 0
 2026   5  1  5  5 21  5.350 161.87    -0.9 0     0.0 0     0.3 0     0.0 0   282.7 0   269.441 0   269.341 0   292.7 0   268.679 0   268.781 0     0.0 0     0.0 0     0.0 0   -10.0 0   -10.0 0    -3.9 0    73.1 0     3.3 0   297.3 0   977.0 0
 2026   5  1  5  5 22  5.367 161.86    -0.9 0     0.0 0     0.3 0     0.0 0   282.6 0   269.442 0   269.332 0   292.7 0   268.678 0   268.780 0     0.0 0     0.0 0     0.0 0   -10.1 0   -10.1 0    -3.9 0    73.1 0     2.9 0   280.3 0   977.0 0
 2026   5  1  5  5 23  5.383 161.85    -0.9 0     0.0 0     0.3 0     0.1 0   282.5 0   269.441 0   269.324 0   292.7 0   268.677 0   268.777 0     0.0 0     0.0 0     0.0 0   -10.2 0   -10.2 0    -3.9 0    73.6 0     2.5 0   285.9 0   977.0 0
 2026   5  1  5  5 24  5.400 161.83    -0.9 0     0.0 0     0.3 0     0.0 0   282.1 0   269.439 0   269.319 0   292.6 0   268.675 0   268.774 0     0.0 0     0.0 0     0.0 0   -10.5 0   -10.5 0    -3.9 0    73.9 0     2.8 0   279.8 0   977.0 0
 2026   5  1  5  5 25  5.417 161.82    -0.8 0     0.0 0     0.3 0     0.0 0   281.9 0   269.436 0   269.316 0   292.6 0   268.673 0   268.772 0     0.0 0     0.0 0     0.0 0   -10.7 0   -10.7 0    -3.9 0    73.9 0     2.5 0   274.9 0   977.0 0
 2026   5  1  5  5 26  5.433 161.80    -0.8 0     0.0 0     0.3 0     0.0 0   282.1 0   269.432 0   269.315 0   292.6 0   268.670 0   268.769 0     0.0 0     0.0 0     0.0 0   -10.5 0   -10.5 0    -3.9 0    73.9 0     2.2 0   292.8 0   977.0 0
 2026   5  1  5  5 27  5.450 161.77    -0.8 0     0.0 0     0.3 0     0.0 0   282.4 0   269.429 0   269.324 0   292.6 0   268.667 0   268.767 0     0.0 0     0.0 0     0.0 0   -10.2 0   -10.2 0    -3.9 0    73.8 0     1.9 0   281.0 0   977.0 0
 2026   5  1  5  5 28  5.467 161.75    -0.7 0     0.0 0     0.2 0     0.0 0   282.5 0   269.427 0   269.323 0   292.6 0   268.665 0   268.764 0     0.0 0     0.0 0     0.0 0   -10.0 0   -10.0 0    -3.9 0    73.8 0     1.8 0   284.5 0   976.9 0
 2026   5  1  5  5 29  5.483 161.72    -0.7 0     0.0 0     0.2 0     0.0 0   282.6 0   269.423 0   269.319 0   292.6 0   268.662 0   268.760 0     0.0 0     0.0 0     0.0 0   -10.0 0   -10.0 0    -3.9 0    74.0 0     1.9 0   281.0 0   976.9 0
 2026   5  1  5  5 30  5.500 161.69    -0.6 0     0.0 0     0.2 0     0.0 0   282.6 0   269.418 0   269.309 0   292.6 0   268.658 0   268.758 0     0.0 0     0.0 0     0.0 0   -10.0 0   -10.0 0    -3.9 0    74.1 0     2.7 0   279.9 0   976.9 0
 2026   5  1  5  5 31  5.517 161.66    -0.7 0     0.0 0     0.2 0     0.0 0   282.5 0   269.413 0   269.308 0   292.7 0   268.656 0   268.759 0     0.0 0     0.0 0     0.0 0   -10.3 0   -10.3 0    -3.9 0    73.8 0     3.0 0   277.3 0   976.9 0
 2026   5  1  5  5 32  5.533 161.63    -0.7 0     0.0 0     0.2 0     0.0 0   282.1 0   269.412 0   269.303 0   292.7 0   268.656 0   268.757 0     0.0 0     0.0 0     0.0 0   -10.6 0   -10.6 0    -3.9 0    73.9 0     2.6 0   285.7 0   976.8 0
 2026   5  1  5  5 33  5.550 161.59    -0.8 0     0.0 0     0.2 0     0.0 0   281.7 0   269.412 0   269.318 0   292.6 0   268.654 0   268.756 0     0.0 0     0.0 0     0.0 0   -10.9 0   -10.9 0    -3.9 0    73.9 0     1.8 0   299.6 0   976.8 0
 2026   5  1  5  5 34  5.567 161.55    -0.8 0     0.0 0     0.2 0     0.0 0   281.6 0   269.413 0   269.322 0   292.6 0   268.653 0   268.755 0     0.0 0     0.0 0     0.0 0   -11.1 0   -11.1 0    -3.9 0    73.8 0     2.2 0   306.5 0   976.8 0
 2026   5  1  5  5 35  5.583 161.51    -0.8 0     0.0 0     0.2 0     0.0 0   281.7 0   269.415 0   269.327 0   292.6 0   268.652 0   268.754 0     0.0 0     0.0 0     0.0 0   -10.9 0   -10.9 0    -3.9 0    73.8 0     2.0 0   302.0 0   976.8 0
 2026   5  1  5  5 36  5.600 161.47    -0.8 0     0.0 0     0.2 0     0.0 0   281.7 0   269.418 0   269.334 0   292.6 0   268.651 0   268.752 0     0.0 0     0.0 0     0.0 0   -10.8 0   -10.8 0    -3.9 0    73.8 0     1.9 0   306.7 0   976.8 0
 2026   5  1  5  5 37  5.617 161.42    -0.7 0     0.0 0     0.2 0     0.0 0   281.8 0   269.420 0   269.336 0   292.6 0   268.650 0   268.751 0     0.0 0     0.0 0     0.0 0   -10.8 0   -10.8 0    -3.9 0    73.9 0     1.8 0   309.9 0   976.8 0
 2026   5  1  5  5 38  5.633 161.38    -0.7 0     0.0 0     0.2 0     0.0 0   282.0 0   269.422 0   269.331 0   292.6 0   268.649 0   268.751 0     0.0 0     0.0 0     0.0 0   -10.7 0   -10.7 0    -3.9 0    73.8 0     2.1 0   309.1 0   976.8 0
 2026   5  1  5  5 39  5.650 161.33    -0.7 0     0.0 0     0.2 0     0.0 0   282.2 0   269.423 0   269.337 0   292.6 0   268.647 0   268.749 0     0.0 0     0.0 0     0.0 0   -10.4 0   -10.4 0    -3.9 0    74.0 0     1.4 0   315.3 0   976.8 0
 2026   5  1  5  5 40  5.667 161.27    -0.7 0     0.0 0     0.1 0     0.0 0   282.4 0   269.426 0   269.345 0   292.6 0   268.646 0   268.747 0     0.0 0     0.0 0     0.0 0   -10.3 0   -10.3 0    -3.9 0    73.9 0     1.8 0   306.9 0   976.8 0
 2026   5  1  5  5 41  5.683 161.22    -0.7 0     0.0 0     0.1 0     0.0 0   282.5 0   269.429 0   269.350 0   292.6 0   268.644 0   268.745 0     0.0 0     0.0 0     0.0 0   -10.1 0   -10.1 0    -3.9 0    73.8 0     1.5 0   307.4 0   976.8 0
 2026   5  1  5  5 42  5.700 161.16    -0.7 0     0.0 0     0.1 0     0.0 0   282.6 0   269.432 0   269.350 0   292.6 0   268.642 0   268.743 0     0.0 0     0.0 0     0.0 0   -10.0 0   -10.0 0    -3.9 0    73.8 0     1.3 0   315.7 0   976.8 0
 2026   5  1  5  5 43  5.717 161.10    -0.7 0     0.0 0     0.1 0     0.0 0   282.7 0   269.435 0   269.355 0   292.6 0   268.640 0   268.741 0     0.0 0     0.0 0     0.0 0    -9.9 0    -9.9 0    -3.9 0    73.8 0     1.3 0   308.8 0   976.8 0
 2026   5  1  5  5 44  5.733 161.04    -0.7 0     0.0 0     0.1 0     0.0 0   282.8 0   269.438 0   269.359 0   292.6 0   268.638 0   268.738 0     0.0 0     0.0 0     0.0 0    -9.8 0    -9.8 0    -3.9 0    73.9 0     1.0 0   303.8 0   976.8 0
 2026   5  1  5  5 45  5.750 160.98    -0.7 0     0.0 0     0.1 0     0.0 0   282.9 0   269.441 0   269.369 0   292.6 0   268.635 0   268.736 0     0.0 0     0.0 0     0.0 0    -9.7 0    -9.7 0    -3.9 0    73.9 0     0.6 0   327.8 0   976.8 0
 2026   5  1  5  5 46  5.767 160.91    -0.7 0     0.0 0     0.1 0     0.0 0   283.0 0   269.448 0   269.380 0   292.6 0   268.633 0   268.734 0     0.0 0     0.0 0     0.0 0    -9.6 0    -9.6 0    -3.9 0    73.9 0     0.8 0   326.7 0   976.8 0
 2026   5  1  5  5 47  5.783 160.85    -0.6 0     0.0 0     0.1 0     0.0 0   283.1 0   269.456 0   269.386 0   292.6 0   268.630 0   268.731 0     0.0 0     0.0 0     0.0 0    -9.5 0    -9.5 0    -3.9 0    74.0 0     0.7 0   320.8 0   976.8 0
 2026   5  1  5  5 48  5.800 160.78    -0.6 0     0.0 0     0.1 0     0.0 0   283.1 0   269.463 0   269.394 0   292.6 0   268.627 0   268.728 0     0.0 0     0.0 0     0.0 0    -9.5 0    -9.5 0    -3.9 0    74.0 0     0.9 0   326.2 0   976.8 0
 2026   5  1  5  5 49  5.817 160.71    -0.6 0     0.0 0     0.1 0     0.0 0   283.2 0   269.471 0   269.404 0   292.7 0   268.625 0   268.727 0     0.0 0     0.0 0     0.0 0    -9.5 0    -9.5 0    -3.9 0    73.8 0     0.9 0   306.3 0   976.7 0
 2026   5  1  5  5 50  5.833 160.63    -0.6 0     0.0 0     0.1 0     0.0 0   283.1 0   269.481 0   269.413 0   292.7 0   268.622 0   268.724 0     0.0 0     0.0 0     0.0 0    -9.6 0    -9.6 0    -3.9 0    73.7 0     1.1 0   302.0 0   976.7 0
 2026   5  1  5  5 51  5.850 160.56    -0.6 0     0.0 0     0.2 0     0.0 0   283.1 0   269.488 0   269.405 0   292.7 0   268.620 0   268.721 0     0.0 0     0.0 0     0.0 0    -9.6 0    -9.6 0    -3.9 0    73.8 0     0.9 0   296.5 0   976.7 0
 2026   5  1  5  5 52  5.867 160.48    -0.6 0     0.0 0     0.2 0     0.0 0   283.0 0   269.490 0   269.397 0   292.7 0   268.617 0   268.717 0     0.0 0     0.0 0     0.0 0    -9.7 0    -9.7 0    -3.9 0    74.0 0     1.1 0   285.6 0   976.7 0
 2026   5  1  5  5 53  5.883 160.40    -0.6 0     0.0 0     0.2 0     0.0 0   282.8 0   269.490 0   269.391 0   292.7 0   268.614 0   268.716 0     0.0 0     0.0 0     0.0 0    -9.9 0    -9.9 0    -3.9 0    73.8 0     1.4 0   295.6 0   976.7 0
 2026   5  1  5  5 54  5.900 160.32    -0.7 0     0.0 0     0.2 0     0.0 0   282.7 0   269.490 0   269.404 0   292.7 0   268.612 0   268.714 0     0.0 0     0.0 0     0.0 0   -10.0 0   -10.0 0    -3.9 0    73.8 0     1.1 0   292.0 0   976.7 0
 2026   5  1  5  5 55  5.917 160.23    -0.7 0     0.0 0     0.2 0     0.0 0   282.7 0   269.492 0   269.405 0   292.6 0   268.610 0   268.712 0     0.0 0     0.0 0     0.0 0    -9.9 0    -9.9 0    -3.9 0    74.0 0     0.4 0   294.0 0   976.7 0
 2026   5  1  5  5 56  5.933 160.15    -0.7 0     0.0 0     0.2 0     0.0 0   282.8 0   269.493 0   269.409 0   292.6 0   268.608 0   268.710 0     0.0 0     0.0 0     0.0 0    -9.8 0    -9.8 0    -3.9 0    74.1 0     0.0 0   308.4 0   976.6 0
 2026   5  1  5  5 57  5.950 160.06    -0.6 0     0.0 0     0.2 0     0.0 0   282.8 0   269.498 0   269.433 0   292.6 0   268.606 0   268.708 0     0.0 0     0.0 0     0.0 0    -9.8 0    -9.8 0    -3.9 0    73.9 0     0.5 0   290.1 0   976.6 0
 2026   5  1  5  5 58  5.967 159.97    -0.6 0     0.0 0     0.2 0     0.0 0   282.8 0   269.510 0   269.442 0   292.7 0   268.603 0   268.704 0     0.0 0     0.0 0     0.0 0    -9.8 0    -9.8 0    -3.9 0    73.7 0     0.9 0   288.3 0   976.6 0
 2026   5  1  5  5 59  5.983 159.88    -0.6 0     0.0 0     0.2 0     0.0 0   282.8 0   269.518 0   269.439 0   292.7 0   268.600 0   268.701 0     0.0 0     0.0 0     0.0 0    -9.9 0    -9.9 0    -3.9 0    73.7 0     0.7 0   281.2 0   976.6 0
 2026   5  1  5  6  0  6.000 159.79    -0.6 0     0.0 0     0.2 0     0.0 0   282.8 0   269.520 0   269.429 0   292.6 0   268.598 0   268.699 0     0.0 0     0.0 0     0.0 0    -9.8 0    -9.8 0    -3.9 0    73.7 0     0.6 0   288.6 0   976.6 0
 2026   5  1  5  6  1  6.017 159.70    -0.7 0     0.0 0     0.2 0     0.0 0   282.9 0   269.520 0   269.435 0   292.7 0   268.595 0   268.697 0     0.0 0     0.0 0     0.0 0    -9.7 0    -9.7 0    -3.9 0    73.7 0     0.5 0   301.9 0   976.6 0
 2026   5  1  5  6  2  6.033 159.60    -0.7 0     0.0 0     0.2 0     0.0 0   282.8 0   269.524 0   269.446 0   292.7 0   268.593 0   268.695 0     0.0 0     0.0 0     0.0 0    -9.8 0    -9.8 0    -3.9 0    73.7 0     0.6 0   312.4 0   976.6 0
 2026   5  1  5  6  3  6.050 159.50    -0.7 0     0.0 0     0.2 0     0.0 0   282.7 0   269.528 0   269.446 0   292.6 0   268.590 0   268.692 0     0.0 0     0.0 0     0.0 0    -9.9 0    -9.9 0    -3.9 0    73.7 0     0.5 0   312.1 0   976.6 0
 2026   5  1  5  6  4  6.067 159.40    -0.7 0     0.0 0     0.2 0     0.0 0   282.6 0   269.531 0   269.448 0   292.6 0   268.587 0   268.689 0     0.0 0     0.0 0     0.0 0   -10.0 0   -10.0 0    -3.9 0    73.7 0     0.2 0   301.3 0   976.6 0
 2026   5  1  5  6  5  6.083 159.30    -0.7 0     0.0 0     0.2 0     0.0 0   282.4 0   269.534 0   269.453 0   292.6 0   268.585 0   268.687 0     0.0 0     0.0 0     0.0 0   -10.2 0   -10.2 0    -3.9 0    73.7 0     0.3 0   321.4 0   976.6 0
 2026   5  1  5  6  6  6.100 159.20    -0.7 0     0.0 0     0.2 0     0.0 0   282.3 0   269.539 0   269.467 0   292.5 0   268.582 0   268.685 0     0.0 0     0.0 0     0.0 0   -10.2 0   -10.2 0    -3.9 0    73.6 0     0.5 0   318.9 0   976.6 0
 2026   5  1  5  6  7  6.117 159.09    -0.7 0     0.0 0     0.2 0     0.0 0   282.1 0   269.549 0   269.481 0   292.5 0   268.580 0   268.681 0     0.0 0     0.0 0     0.0 0   -10.4 0   -10.4 0    -3.9 0    73.6 0     0.9 0   302.8 0   976.5 0
 2026   5  1  5  6  8  6.133 158.99    -0.7 0     0.0 0     0.2 0     0.0 0   281.7 0   269.558 0   269.475 0   292.5 0   268.577 0   268.679 0     0.0 0     0.0 0     0.0 0   -10.9 0   -10.9 0    -3.9 0    73.5 0     0.8 0   305.7 0   976.5 0
 2026   5  1  5  6  9  6.150 158.88    -0.7 0     0.0 0     0.2 0     0.0 0   281.1 0   269.563 0   269.481 0   292.4 0   268.575 0   268.677 0     0.0 0     0.0 0     0.0 0   -11.3 0   -11.3 0    -3.9 0    73.7 0     0.5 0   332.3 0   976.5 0
 2026   5  1  5  6 10  6.167 158.77    -0.6 0     0.0 0     0.2 0     0.0 0   280.8 0   269.572 0   269.495 0   292.3 0   268.573 0   268.675 0     0.0 0     0.0 0     0.0 0   -11.5 0   -11.5 0    -3.9 0    73.7 0     0.3 0   343.3 0   976.5 0
 2026   5  1  5  6 11  6.183 158.66    -0.6 0     0.0 0     0.2 0     0.0 0   280.5 0   269.582 0   269.505 0   292.3 0   268.570 0   268.672 0     0.0 0     0.0 0     0.0 0   -11.8 0   -11.8 0    -3.9 0    73.7 0     0.0 0     0.0 0   976.5 0
 2026   5  1  5  6 12  6.200 158.55    -0.6 0     0.0 0     0.2 0     0.0 0   279.9 0   269.596 0   269.531 0   292.2 0   268.567 0   268.670 0     0.0 0     0.0 0     0.0 0   -12.2 0   -12.2 0    -3.9 0    73.7 0     0.4 0   339.4 0   976.5 0
 2026   5  1  5  6 13  6.217 158.44    -0.6 0     0.0 0     0.2 0     0.0 0   280.2 0   269.617 0   269.553 0   292.2 0   268.565 0   268.667 0     0.0 0     0.0 0     0.0 0   -11.9 0   -11.9 0    -3.9 0    73.7 0     0.8 0   351.8 0   976.5 0
 2026   5  1  5  6 14  6.233 158.32    -0.6 0     0.0 0     0.2 0     0.0 0   281.0 0   269.636 0   269.544 0   292.2 0   268.562 0   268.665 0     0.0 0     0.0 0     0.0 0   -11.2 0   -11.2 0    -3.9 0    73.7 0     0.9 0   344.3 0   976.5 0
 2026   5  1  5  6 15  6.250 158.21    -0.6 0     0.0 0     0.2 0     0.0 0   281.7 0   269.642 0   269.540 0   292.3 0   268.559 0   268.663 0     0.0 0     0.0 0     0.0 0   -10.5 0   -10.5 0    -3.9 0    73.9 0     0.9 0   338.7 0   976.6 0
 2026   5  1  5  6 16  6.267 158.09    -0.6 0     0.0 0     0.2 0     0.0 0   282.4 0   269.643 0   269.533 0   292.4 0   268.557 0   268.661 0     0.0 0     0.0 0     0.0 0    -9.9 0    -9.9 0    -3.9 0    73.9 0     1.4 0   337.9 0   976.6 0
 2026   5  1  5  6 17  6.283 157.97    -0.6 0     0.0 0     0.2 0     0.0 0   282.7 0   269.640 0   269.522 0   292.5 0   268.555 0   268.660 0     0.0 0     0.0 0     0.0 0    -9.8 0    -9.8 0    -4.0 0    74.2 0     1.2 0   345.1 0   976.6 0
 2026   5  1  5  6 18  6.300 157.85    -0.6 0     0.0 0     0.2 0     0.0 0   282.5 0   269.639 0   269.524 0   292.5 0   268.554 0   268.660 0     0.0 0     0.0 0     0.0 0   -10.0 0   -10.0 0    -4.0 0    74.1 0     1.2 0   350.4 0   976.6 0
 2026   5  1  5  6 19  6.317 157.73    -0.6 0     0.0 0     0.2 0     0.0 0   282.2 0   269.639 0   269.527 0   292.5 0   268.553 0   268.658 0     0.0 0     0.0 0     0.0 0   -10.3 0   -10.3 0    -4.0 0    74.1 0     0.9 0   351.5 0   976.6 0
 2026   5  1  5  6 20  6.333 157.60    -0.6 0     0.0 0     0.2 0     0.0 0   282.1 0   269.641 0   269.536 0   292.5 0   268.552 0   268.656 0     0.0 0     0.0 0     0.0 0   -10.4 0   -10.4 0    -4.0 0    74.2 0     1.0 0   357.5 0   976.6 0
 2026   5  1  5  6 21  6.350 157.48    -0.6 0     0.0 0     0.2 0     0.0 0   281.8 0   269.644 0   269.531 0   292.4 0   268.550 0   268.654 0     0.0 0     0.0 0     0.0 0   -10.6 0   -10.6 0    -4.0 0    74.4 0     1.1 0     0.4 0   976.5 0
 2026   5  1  5  6 22  6.367 157.35    -0.6 0     0.0 0     0.2 0     0.0 0   281.3 0   269.645 0   269.530 0   292.4 0   268.549 0   268.653 0     0.0 0     0.0 0     0.0 0   -11.2 0   -11.2 0    -4.0 0    74.4 0     1.1 0   356.5 0   976.5 0
 2026   5  1  5  6 23  6.383 157.23    -0.6 0     0.0 0     0.2 0     0.0 0   280.8 0   269.646 0   269.540 0   292.3 0   268.547 0   268.651 0     0.0 0     0.0 0     0.0 0   -11.5 0   -11.5 0    -4.0 0    74.4 0     1.1 0     1.6 0   976.5 0
 2026   5  1  5  6 24  6.400 157.10    -0.7 0     0.0 0     0.2 0     0.0 0   280.8 0   269.650 0   269.551 0   292.3 0   268.546 0   268.650 0     0.0 0     0.0 0     0.0 0   -11.5 0   -11.5 0    -4.0 0    74.6 0     0.9 0     6.6 0   976.5 0
 2026   5  1  5  6 25  6.417 156.97    -0.7 0     0.0 0     0.2 0     0.0 0   281.2 0   269.659 0   269.566 0   292.3 0   268.544 0   268.649 0     0.0 0     0.0 0     0.0 0   -11.1 0   -11.1 0    -4.0 0    74.5 0     0.9 0     1.3 0   976.5 0
 2026   5  1  5  6 26  6.433 156.84    -0.7 0     0.0 0     0.1 0     0.0 0   281.4 0   269.666 0   269.567 0   292.3 0   268.543 0   268.648 0     0.0 0     0.0 0     0.0 0   -11.0 0   -11.0 0    -4.0 0    74.4 0     1.0 0   359.5 0   976.5 0
 2026   5  1  5  6 27  6.450 156.71    -0.7 0     0.0 0     0.1 0     0.0 0   281.4 0   269.671 0   269.576 0   292.3 0   268.542 0   268.645 0     0.0 0     0.0 0     0.0 0   -10.9 0   -10.9 0    -4.0 0    74.6 0     0.6 0    18.8 0   976.5 0
 2026   5  1  5  6 28  6.467 156.57    -0.7 0     0.0 0     0.1 0     0.0 0   281.6 0   269.680 0   269.593 0   292.3 0   268.540 0   268.644 0     0.0 0     0.0 0     0.0 0   -10.7 0   -10.7 0    -4.0 0    74.6 0     0.7 0   357.1 0   976.6 0
 2026   5  1  5  6 29  6.483 156.44    -0.7 0     0.0 0     0.1 0     0.0 0   281.8 0   269.688 0   269.587 0   292.3 0   268.538 0   268.643 0     0.0 0     0.0 0     0.0 0   -10.5 0   -10.5 0    -4.0 0    74.7 0     0.7 0   353.0 0   976.6 0
 2026   5  1  5  6 30  6.500 156.31    -0.7 0     0.0 0     0.1 0     0.0 0   281.7 0   269.691 0   269.584 0   292.4 0   268.537 0   268.642 0     0.0 0     0.0 0     0.0 0   -10.6 0   -10.6 0    -4.0 0    74.5 0     0.7 0   350.0 0   976.6 0
 2026   5  1  5  6 31  6.517 156.17    -0.7 0     0.0 0     0.2 0     0.0 0   281.4 0   269.691 0   269.578 0   292.4 0   268.536 0   268.640 0     0.0 0     0.0 0     0.0 0   -11.0 0   -11.0 0    -3.9 0    74.5 0     0.7 0   351.9 0   976.6 0
 2026   5  1  5  6 32  6.533 156.03    -0.6 0     0.0 0     0.2 0     0.0 0   280.8 0   269.690 0   269.589 0   292.3 0   268.534 0   268.639 0     0.0 0     0.0 0     0.0 0   -11.4 0   -11.4 0    -3.9 0    74.6 0     0.7 0     7.6 0   976.6 0
 2026   5  1  5  6 33  6.550 155.89    -0.6 0     0.0 0     0.1 0     0.0 0   280.2 0   269.696 0   269.605 0   292.2 0   268.533 0   268.638 0     0.0 0     0.0 0     0.0 0   -12.0 0   -12.0 0    -4.0 0    74.6 0     0.7 0     8.9 0   976.6 0
 2026   5  1  5  6 34  6.567 155.76    -0.7 0     0.0 0     0.1 0     0.0 0   279.7 0   269.709 0   269.620 0   292.1 0   268.531 0   268.636 0     0.0 0     0.0 0     0.0 0   -12.4 0   -12.4 0    -4.0 0    74.5 0     0.9 0     7.1 0   976.6 0
 2026   5  1  5  6 35  6.583 155.62    -0.7 0     0.0 0     0.1 0     0.0 0   279.6 0   269.724 0   269.632 0   292.1 0   268.529 0   268.636 0     0.0 0     0.0 0     0.0 0   -12.5 0   -12.5 0    -4.0 0    74.4 0     1.0 0     0.1 0   976.6 0
 2026   5  1  5  6 36  6.600 155.47    -0.7 0     0.0 0     0.1 0     0.0 0   279.4 0   269.737 0   269.640 0   292.0 0   268.529 0   268.635 0     0.0 0     0.0 0     0.0 0   -12.6 0   -12.6 0    -4.0 0    74.5 0     0.9 0   354.3 0   976.6 0
 2026   5  1  5  6 37  6.617 155.33    -0.7 0     0.0 0     0.1 0     0.0 0   278.8 0   269.746 0   269.628 0   292.0 0   268.528 0   268.633 0     0.0 0     0.0 0     0.0 0   -13.2 0   -13.2 0    -3.9 0    74.7 0     1.0 0   357.1 0   976.6 0
 2026   5  1  5  6 38  6.633 155.19    -0.7 0     0.0 0     0.1 0     0.0 0   277.6 0   269.750 0   269.631 0   291.9 0   268.527 0   268.632 0     0.0 0     0.0 0     0.0 0   -14.3 0   -14.3 0    -3.9 0    74.7 0     1.0 0     7.2 0   976.5 0
 2026   5  1  5  6 39  6.650 155.05    -0.7 0     0.0 0     0.1 0     0.0 0   275.9 0   269.755 0   269.640 0   291.7 0   268.526 0   268.631 0     0.0 0     0.0 0     0.0 0   -15.8 0   -15.8 0    -3.9 0    74.6 0     1.0 0    20.9 0   976.5 0
 2026   5  1  5  6 40  6.667 154.90    -0.7 0     0.1 0     0.1 0     0.0 0   274.3 0   269.761 0   269.641 0   291.4 0   268.524 0   268.626 0     0.0 0     0.0 0     0.0 0   -17.1 0   -17.1 0    -3.9 0    74.8 0     0.8 0    32.6 0   976.5 0
 2026   5  1  5  6 41  6.683 154.76    -0.7 0     0.1 0     0.1 0     0.0 0   273.3 0   269.766 0   269.632 0   291.1 0   268.522 0   268.623 0     0.0 0     0.0 0     0.0 0   -17.8 0   -17.8 0    -4.0 0    75.1 0     1.1 0    29.6 0   976.5 0
 2026   5  1  5  6 42  6.700 154.61    -0.7 0     0.1 0     0.1 0     0.1 0   273.3 0   269.767 0   269.633 0   291.0 0   268.519 0   268.620 0     0.0 0     0.0 0     0.0 0   -17.7 0   -17.7 0    -4.0 0    75.2 0     0.9 0    32.7 0   976.5 0
 2026   5  1  5  6 43  6.717 154.46    -0.7 0     0.1 0     0.1 0     0.0 0   273.4 0   269.768 0   269.628 0   290.8 0   268.516 0   268.615 0     0.0 0     0.0 0     0.0 0   -17.4 0   -17.4 0    -4.0 0    75.3 0     1.1 0    43.8 0   976.5 0
 2026   5  1  5  6 44  6.733 154.31    -0.7 0     0.1 0     0.1 0     0.0 0   273.2 0   269.763 0   269.608 0   290.7 0   268.512 0   268.611 0     0.0 0     0.0 0     0.0 0   -17.5 0   -17.5 0    -4.0 0    75.0 0     1.1 0    49.3 0   976.6 0
 2026   5  1  5  6 45  6.750 154.16    -0.6 0     0.0 0     0.1 0     0.0 0   272.6 0   269.752 0   269.588 0   290.6 0   268.509 0   268.607 0     0.0 0     0.0 0     0.0 0   -18.0 0   -18.0 0    -4.0 0    75.1 0     1.3 0    51.8 0   976.6 0
 2026   5  1  5  6 46  6.767 154.01    -0.6 0     0.0 0     0.1 0     0.0 0   272.4 0   269.740 0   269.566 0   290.4 0   268.505 0   268.602 0     0.0 0     0.0 0     0.0 0   -18.0 0   -18.0 0    -4.0 0    75.2 0     1.2 0    63.6 0   976.6 0
 2026   5  1  5  6 47  6.783 153.86    -0.6 0     0.0 0     0.2 0     0.0 0   272.7 0   269.724 0   269.532 0   290.4 0   268.501 0   268.598 0     0.0 0     0.0 0     0.0 0   -17.7 0   -17.7 0    -4.0 0    75.3 0     1.1 0    65.2 0   976.6 0
 2026   5  1  5  6 48  6.800 153.71    -0.5 0     0.0 0     0.2 0     0.0 0   273.0 0   269.704 0   269.509 0   290.4 0   268.497 0   268.593 0     0.0 0     0.0 0     0.0 0   -17.4 0   -17.4 0    -4.0 0    75.3 0     1.2 0    67.5 0   976.6 0
 2026   5  1  5  6 49  6.817 153.56    -0.5 0     0.0 0     0.2 0     0.0 0   273.2 0   269.681 0   269.479 0   290.3 0   268.493 0   268.588 0     0.0 0     0.0 0     0.0 0   -17.1 0   -17.1 0    -4.0 0    75.3 0     1.1 0    70.1 0   976.6 0
 2026   5  1  5  6 50  6.833 153.41    -0.5 0     0.0 0     0.2 0     0.0 0   273.2 0   269.656 0   269.452 0   290.2 0   268.488 0   268.584 0     0.0 0     0.0 0     0.0 0   -17.1 0   -17.1 0    -4.0 0    75.5 0     1.0 0    67.3 0   976.6 0
 2026   5  1  5  6 51  6.850 153.25    -0.5 0     0.0 0     0.2 0     0.0 0   272.5 0   269.631 0   269.423 0   290.1 0   268.484 0   268.578 0     0.0 0     0.0 0     0.0 0   -17.6 0   -17.6 0    -4.0 0    75.7 0     1.0 0    71.3 0   976.6 0
 2026   5  1  5  6 52  6.867 153.10    -0.5 0     0.0 0     0.2 0     0.0 0   271.7 0   269.604 0   269.400 0   289.9 0   268.478 0   268.572 0     0.0 0     0.0 0     0.0 0   -18.3 0   -18.3 0    -4.0 0    75.9 0     1.0 0    64.3 0   976.7 0
 2026   5  1  5  6 53  6.883 152.94    -0.5 0     0.0 0     0.2 0     0.0 0   271.5 0   269.577 0   269.374 0   289.8 0   268.472 0   268.566 0     0.0 0     0.0 0     0.0 0   -18.3 0   -18.3 0    -4.0 0    75.9 0     0.8 0    64.6 0   976.7 0
 2026   5  1  5  6 54  6.900 152.79    -0.5 0     0.0 0     0.2 0     0.0 0   271.6 0   269.551 0   269.346 0   289.6 0   268.466 0   268.560 0     0.0 0     0.0 0     0.0 0   -18.0 0   -18.0 0    -4.1 0    76.1 0     0.8 0    64.4 0   976.7 0
 2026   5  1  5  6 55  6.917 152.63    -0.5 0     0.0 0     0.2 0     0.0 0   271.5 0   269.523 0   269.319 0   289.5 0   268.460 0   268.553 0     0.0 0     0.0 0     0.0 0   -18.0 0   -18.0 0    -4.1 0    76.2 0     0.7 0    62.8 0   976.8 0
 2026   5  1  5  6 56  6.933 152.47    -0.5 0     0.0 0     0.2 0     0.0 0   271.2 0   269.495 0   269.302 0   289.3 0   268.454 0   268.546 0     0.0 0     0.0 0     0.0 0   -18.1 0   -18.1 0    -4.1 0    76.7 0     0.5 0    68.1 0   976.7 0
 2026   5  1  5  6 57  6.950 152.32    -0.5 0     0.0 0     0.1 0     0.0 0   270.6 0   269.472 0   269.294 0   289.1 0   268.446 0   268.539 0     0.0 0     0.0 0     0.0 0   -18.5 0   -18.5 0    -4.1 0    77.0 0     0.4 0    60.5 0   976.7 0
 2026   5  1  5  6 58  6.967 152.16    -0.6 0     0.0 0     0.1 0     0.0 0   269.5 0   269.453 0   269.291 0   288.9 0   268.439 0   268.530 0     0.0 0     0.0 0     0.0 0   -19.4 0   -19.4 0    -4.1 0    77.2 0     0.3 0    50.7 0   976.7 0
 2026   5  1  5  6 59  6.983 152.00    -0.6 0     0.0 0     0.1 0     0.0 0   268.2 0   269.443 0   269.299 0   288.6 0   268.431 0   268.520 0     0.0 0     0.0 0     0.0 0   -20.4 0   -20.4 0    -4.1 0    77.4 0     0.5 0    41.1 0   976.7 0
 2026   5  1  5  7  0  7.000 151.84    -0.6 0     0.0 0     0.1 0     0.0 0   267.3 0   269.441 0   269.303 0   288.3 0   268.422 0   268.510 0     0.0 0     0.0 0     0.0 0   -21.0 0   -21.0 0    -4.1 0    77.7 0     0.4 0    25.6 0   976.7 0
 2026   5  1  5  7  1  7.017 151.68    -0.5 0     0.0 0     0.0 0     0.0 0   266.5 0   269.437 0   269.285 0   288.0 0   268.413 0   268.503 0     0.0 0     0.0 0     0.0 0   -21.4 0   -21.4 0    -4.1 0    77.6 0     0.3 0    16.4 0   976.7 0
 2026   5  1  5  7  2  7.033 151.52    -0.5 0    -0.1 0     0.0 0     0.0 0   265.7 0   269.430 0   269.286 0   287.6 0   268.403 0   268.493 0     0.0 0     0.0 0     0.0 0   -21.9 0   -21.9 0    -4.2 0    77.5 0     0.3 0    15.6 0   976.7 0
 2026   5  1  5  7  3  7.050 151.35    -0.5 0    -0.1 0     0.0 0     0.0 0   265.4 0   269.424 0   269.278 0   287.3 0   268.393 0   268.482 0     0.0 0     0.0 0     0.0 0   -21.9 0   -21.9 0    -4.2 0    77.7 0     0.1 0    15.6 0   976.7 0
 2026   5  1  5  7  4  7.067 151.19    -0.5 0    -0.1 0     0.0 0     0.0 0   266.2 0   269.418 0   269.267 0   287.1 0   268.383 0   268.472 0     0.0 0     0.0 0     0.0 0   -21.0 0   -21.0 0    -4.2 0    77.8 0     0.0 0     0.0 0   976.7 0
 2026   5  1  5  7  5  7.083 151.03    -0.5 0    -0.1 0     0.0 0     0.0 0   266.9 0   269.412 0   269.270 0   287.1 0   268.373 0   268.460 0     0.0 0     0.0 0     0.0 0   -20.1 0   -20.1 0    -4.2 0    78.1 0     0.0 0     0.0 0   976.7 0
 2026   5  1  5  7  6  7.100 150.87    -0.5 0    -0.1 0     0.1 0     0.0 0   267.3 0   269.409 0   269.260 0   287.1 0   268.361 0   268.448 0     0.0 0     0.0 0     0.0 0   -19.8 0   -19.8 0    -4.2 0    78.2 0     0.4 0    43.8 0   976.7 0
 2026   5  1  5  7  7  7.117 150.70    -0.4 0    -0.1 0     0.1 0     0.0 0   267.5 0   269.404 0   269.245 0   287.1 0   268.349 0   268.435 0     0.0 0     0.0 0     0.0 0   -19.6 0   -19.6 0    -4.2 0    78.0 0     0.5 0    44.9 0   976.7 0
 2026   5  1  5  7  8  7.133 150.54    -0.4 0    -0.1 0     0.1 0     0.0 0   267.3 0   269.397 0   269.220 0   287.2 0   268.336 0   268.424 0     0.0 0     0.0 0     0.0 0   -20.0 0   -20.0 0    -4.2 0    77.8 0     0.7 0    58.6 0   976.7 0
 2026   5  1  5  7  9  7.150 150.37    -0.4 0    -0.1 0     0.2 0     0.0 0   267.2 0   269.382 0   269.181 0   287.4 0   268.325 0   268.415 0     0.0 0     0.0 0     0.0 0   -20.2 0   -20.2 0    -4.2 0    77.5 0     0.6 0    62.7 0   976.7 0
 2026   5  1  5  7 10  7.167 150.21    -0.4 0    -0.1 0     0.2 0     0.0 0   267.9 0   269.362 0   269.166 0   287.6 0   268.315 0   268.408 0     0.0 0     0.0 0     0.0 0   -19.6 0   -19.6 0    -4.2 0    77.2 0     0.7 0    65.9 0   976.8 0
 2026   5  1  5  7 11  7.183 150.04    -0.5 0    -0.1 0     0.2 0     0.0 0   269.4 0   269.344 0   269.153 0   287.8 0   268.307 0   268.401 0     0.0 0     0.0 0     0.0 0   -18.5 0   -18.5 0    -4.2 0    76.9 0     0.7 0    81.1 0   976.8 0
 2026   5  1  5  7 12  7.200 149.87    -0.4 0    -0.1 0     0.2 0     0.0 0   271.1 0   269.322 0   269.090 0   288.1 0   268.299 0   268.392 0     0.0 0     0.0 0     0.0 0   -17.0 0   -17.0 0    -4.2 0    77.0 0     0.8 0   107.9 0   976.8 0
 2026   5  1  5  7 13  7.217 149.71    -0.4 0    -0.1 0     0.2 0     0.0 0   272.5 0   269.293 0   269.074 0   288.4 0   268.291 0   268.386 0     0.0 0     0.0 0     0.0 0   -15.9 0   -15.9 0    -4.2 0    77.3 0     1.1 0   116.0 0   976.8 0
 2026   5  1  5  7 14  7.233 149.54    -0.4 0    -0.1 0     0.1 0     0.0 0   273.0 0   269.265 0   269.035 0   288.7 0   268.284 0   268.381 0     0.0 0     0.0 0     0.0 0   -15.7 0   -15.7 0    -4.2 0    77.3 0     1.1 0   123.8 0   976.9 0
 2026   5  1  5  7 15  7.250 149.37    -0.4 0    -0.1 0     0.0 0     0.0 0   273.0 0   269.233 0   269.019 0   288.8 0   268.278 0   268.376 0     0.0 0     0.0 0     0.0 0   -15.9 0   -15.9 0    -4.2 0    77.2 0     0.9 0   128.1 0   976.9 0
 2026   5  1  5  7 16  7.267 149.20    -0.4 0    -0.1 0     0.0 0    -0.1 0   272.2 0   269.204 0   269.006 0   288.8 0   268.272 0   268.369 0     0.0 0     0.0 0     0.0 0   -16.6 0   -16.6 0    -4.2 0    77.2 0     1.0 0   141.2 0   976.9 0
 2026   5  1  5  7 17  7.283 149.03    -0.5 0    -0.1 0     0.0 0    -0.1 0   270.7 0   269.178 0   269.000 0   288.7 0   268.267 0   268.363 0     0.0 0     0.0 0     0.0 0   -18.0 0   -18.0 0    -4.2 0    77.1 0     1.0 0   144.8 0   976.9 0
 2026   5  1  5  7 18  7.300 148.86    -0.5 0    -0.1 0     0.0 0    -0.1 0   268.2 0   269.158 0   268.987 0   288.3 0   268.261 0   268.356 0     0.0 0     0.0 0     0.0 0   -20.1 0   -20.1 0    -4.2 0    77.1 0     0.8 0   159.5 0   976.9 0
 2026   5  1  5  7 19  7.317 148.69    -0.5 0    -0.1 0     0.0 0    -0.1 0   264.5 0   269.142 0   268.980 0   287.7 0   268.255 0   268.349 0     0.0 0     0.0 0     0.0 0   -23.2 0   -23.2 0    -4.2 0    76.9 0     0.5 0   156.6 0   976.9 0
 2026   5  1  5  7 20  7.333 148.52    -0.6 0     0.0 0     0.0 0    -0.1 0   259.8 0   269.129 0   268.965 0   286.9 0   268.249 0   268.342 0     0.0 0     0.0 0     0.0 0   -27.1 0   -27.1 0    -4.2 0    76.8 0     0.0 0   154.5 0   976.9 0
 2026   5  1  5  7 21  7.350 148.35    -0.5 0     0.0 0     0.0 0     0.0 0   255.4 0   269.121 0   268.962 0   286.0 0   268.243 0   268.334 0     0.0 0     0.0 0     0.0 0   -30.6 0   -30.6 0    -4.2 0    76.7 0     0.0 0     0.0 0   976.9 0
 2026   5  1  5  7 22  7.367 148.18    -0.6 0     0.0 0     0.1 0     0.0 0   252.6 0   269.118 0   268.955 0   285.1 0   268.235 0   268.325 0     0.0 0     0.0 0     0.0 0   -32.5 0   -32.5 0    -4.2 0    76.6 0     0.0 0     0.0 0   976.9 0
 2026   5  1  5  7 23  7.383 148.01    -0.6 0     0.0 0     0.1 0     0.0 0   251.7 0   269.116 0   268.967 0   284.4 0   268.226 0   268.312 0     0.0 0     0.0 0     0.0 0   -32.8 0   -32.8 0    -4.2 0    76.4 0     0.0 0     0.0 0   976.9 0
 2026   5  1  5  7 24  7.400 147.84    -0.7 0     0.0 0     0.1 0     0.0 0   251.2 0   269.119 0   268.943 0   283.9 0   268.215 0   268.299 0     0.0 0     0.0 0     0.0 0   -32.6 0   -32.6 0    -4.2 0    76.4 0     0.0 0     0.0 0   976.8 0
 2026   5  1  5  7 25  7.417 147.66    -0.6 0     0.0 0     0.2 0     0.0 0   251.3 0   269.106 0   268.881 0   283.6 0   268.202 0   268.286 0     0.0 0     0.0 0     0.0 0   -32.3 0   -32.3 0    -4.2 0    76.6 0     0.0 0     0.0 0   976.9 0
 2026   5  1  5  7 26  7.433 147.49    -0.7 0    -0.1 0     0.2 0     0.0 0   251.5 0   269.085 0   268.891 0   283.1 0   268.189 0   268.274 0     0.0 0     0.0 0     0.0 0   -31.7 0   -31.7 0    -4.3 0    76.7 0     0.0 0     0.0 0   976.8 0
 2026   5  1  5  7 27  7.450 147.32    -0.7 0    -0.1 0     0.2 0     0.0 0   251.3 0   269.071 0   268.872 0   282.6 0   268.176 0   268.260 0     0.0 0     0.0 0     0.0 0   -31.3 0   -31.3 0    -4.3 0    76.9 0     0.0 0     0.0 0   976.8 0
 2026   5  1  5  7 28  7.467 147.14    -0.7 0    -0.1 0     0.2 0     0.0 0   251.6 0   269.059 0   268.882 0   282.4 0   268.161 0   268.244 0     0.0 0     0.0 0     0.0 0   -30.8 0   -30.8 0    -4.3 0    77.3 0     0.0 0     0.0 0   976.8 0
 2026   5  1  5  7 29  7.483 146.97    -0.8 0    -0.2 0     0.1 0     0.0 0   252.1 0   269.055 0   268.890 0   282.2 0   268.146 0   268.232 0     0.0 0     0.0 0     0.0 0   -30.1 0   -30.1 0    -4.3 0    77.3 0     0.0 0     0.0 0   976.9 0
 2026   5  1  5  7 30  7.500 146.80    -0.8 0    -0.2 0     0.1 0     0.0 0   253.1 0   269.051 0   268.882 0   282.1 0   268.133 0   268.222 0     0.0 0     0.0 0     0.0 0   -28.9 0   -28.9 0    -4.3 0    77.2 0     0.0 0     0.0 0   976.9 0
 2026   5  1  5  7 31  7.517 146.62    -0.6 0    -0.2 0     0.1 0     0.0 0   255.2 0   269.042 0   268.851 0   282.2 0   268.119 0   268.203 0     0.0 0     0.0 0     0.0 0   -27.0 0   -27.0 0    -4.4 0    77.2 0     0.0 0     0.0 0   977.0 0
 2026   5  1  5  7 32  7.533 146.45    -0.7 0    -0.2 0     0.0 0     0.0 0   258.1 0   269.034 0   268.862 0   282.7 0   268.103 0   268.188 0     0.0 0     0.0 0     0.0 0   -24.6 0   -24.6 0    -4.4 0    77.8 0     0.0 0     0.0 0   977.0 0
 2026   5  1  5  7 33  7.550 146.27    -0.5 0    -0.2 0     0.0 0    -0.1 0   260.7 0   269.020 0   268.793 0   283.1 0   268.086 0   268.169 0     0.0 0     0.0 0     0.0 0   -22.4 0   -22.4 0    -4.4 0    78.2 0     0.5 0   147.8 0   977.1 0
 2026   5  1  5  7 34  7.567 146.10    -0.4 0    -0.2 0     0.0 0    -0.1 0   262.3 0   268.987 0   268.741 0   283.5 0   268.069 0   268.153 0     0.0 0     0.0 0     0.0 0   -21.2 0   -21.2 0    -4.5 0    78.4 0     0.8 0   152.1 0   977.1 0
 2026   5  1  5  7 35  7.583 145.92    -0.3 0    -0.2 0     0.0 0    -0.1 0   263.3 0   268.944 0   268.672 0   283.8 0   268.053 0   268.136 0     0.0 0     0.0 0     0.0 0   -20.5 0   -20.5 0    -4.5 0    78.6 0     0.8 0   152.8 0   977.1 0
 2026   5  1  5  7 36  7.600 145.74    -0.2 0    -0.1 0     0.0 0    -0.1 0   264.7 0   268.891 0   268.602 0   284.2 0   268.037 0   268.120 0     0.0 0     0.0 0     0.0 0   -19.6 0   -19.6 0    -4.5 0    79.0 0     1.1 0   152.0 0   977.2 0
 2026   5  1  5  7 37  7.617 145.57    -0.1 0    -0.2 0     0.1 0    -0.1 0   265.9 0   268.835 0   268.551 0   284.6 0   268.021 0   268.107 0     0.0 0     0.0 0     0.0 0   -18.7 0   -18.7 0    -4.5 0    79.0 0     1.3 0   157.6 0   977.2 0
 2026   5  1  5  7 38  7.633 145.39    -0.1 0    -0.2 0     0.1 0    -0.1 0   266.8 0   268.779 0   268.505 0   284.9 0   268.008 0   268.098 0     0.0 0     0.0 0     0.0 0   -18.1 0   -18.1 0    -4.5 0    78.7 0     1.5 0   158.3 0   977.2 0
 2026   5  1  5  7 39  7.650 145.21    -0.1 0    -0.2 0     0.0 0    -0.1 0   266.5 0   268.727 0   268.491 0   285.1 0   267.999 0   268.091 0     0.0 0     0.0 0     0.0 0   -18.6 0   -18.6 0    -4.5 0    78.2 0     1.5 0   154.8 0   977.2 0
 2026   5  1  5  7 40  7.667 145.03    -0.2 0    -0.1 0     0.0 0    -0.1 0   264.6 0   268.689 0   268.480 0   285.0 0   267.991 0   268.083 0     0.0 0     0.0 0     0.0 0   -20.5 0   -20.5 0    -4.4 0    77.8 0     1.4 0   153.5 0   977.3 0
 2026   5  1  5  7 41  7.683 144.86    -0.2 0     0.0 0     0.0 0    -0.1 0   261.4 0   268.658 0   268.429 0   284.6 0   267.984 0   268.073 0     0.0 0     0.0 0     0.0 0   -23.2 0   -23.2 0    -4.4 0    77.6 0     1.2 0   150.6 0   977.3 0
 2026   5  1  5  7 42  7.700 144.68    -0.1 0     0.0 0     0.1 0    -0.1 0   257.4 0   268.624 0   268.387 0   284.0 0   267.975 0   268.063 0     0.0 0     0.0 0     0.0 0   -26.6 0   -26.6 0    -4.4 0    77.6 0     0.8 0   143.0 0   977.2 0
 2026   5  1  5  7 43  7.717 144.50    -0.2 0     0.0 0     0.2 0     0.0 0   253.4 0   268.592 0   268.363 0   283.4 0   267.965 0   268.051 0     0.0 0     0.0 0     0.0 0   -30.0 0   -30.0 0    -4.4 0    77.7 0     0.8 0   122.1 0   977.2 0
 2026   5  1  5  7 44  7.733 144.32    -0.4 0     0.0 0     0.2 0     0.0 0   250.8 0   268.573 0   268.407 0   282.8 0   267.955 0   268.039 0     0.0 0     0.0 0     0.0 0   -32.0 0   -32.0 0    -4.5 0    77.8 0     0.8 0   115.4 0   977.1 0
 2026   5  1  5  7 45  7.750 144.14    -0.5 0     0.0 0     0.2 0     0.0 0   249.5 0   268.579 0   268.461 0   282.2 0   267.944 0   268.028 0     0.0 0     0.0 0     0.0 0   -32.7 0   -32.7 0    -4.5 0    77.7 0     0.7 0    95.7 0   977.0 0
 2026   5  1  5  7 46  7.767 143.96    -0.7 0     0.0 0     0.1 0     0.0 0   249.2 0   268.599 0   268.498 0   281.7 0   267.933 0   268.015 0     0.0 0     0.0 0     0.0 0   -32.5 0   -32.5 0    -4.5 0    77.6 0     0.8 0    88.3 0   977.0 0
 2026   5  1  5  7 47  7.783 143.78    -0.8 0     0.0 0     0.1 0     0.0 0   248.7 0   268.620 0   268.464 0   281.2 0   267.921 0   267.998 0     0.0 0     0.0 0     0.0 0   -32.4 0   -32.4 0    -4.5 0    77.6 0     0.7 0    56.5 0   977.0 0
 2026   5  1  5  7 48  7.800 143.60    -0.6 0     0.0 0     0.2 0     0.0 0   248.7 0   268.628 0   268.437 0   280.9 0   267.908 0   267.985 0     0.0 0     0.0 0     0.0 0   -32.2 0   -32.2 0    -4.5 0    77.9 0     0.6 0    58.0 0   977.0 0
 2026   5  1  5  7 49  7.817 143.42    -0.5 0    -0.1 0     0.2 0     0.0 0   248.7 0   268.621 0   268.384 0   280.5 0   267.894 0   267.970 0     0.0 0     0.0 0     0.0 0   -31.8 0   -31.8 0    -4.5 0    78.0 0     0.5 0    59.8 0   977.0 0
 2026   5  1  5  7 50  7.833 143.24    -0.3 0    -0.1 0     0.3 0     0.0 0   248.8 0   268.593 0   268.306 0   280.3 0   267.879 0   267.952 0     0.0 0     0.0 0     0.0 0   -31.4 0   -31.4 0    -4.6 0    78.5 0     0.3 0    58.0 0   977.0 0
 2026   5  1  5  7 51  7.850 143.06    -0.3 0    -0.1 0     0.3 0     0.0 0   249.2 0   268.550 0   268.271 0   280.1 0   267.862 0   267.935 0     0.0 0     0.0 0     0.0 0   -30.8 0   -30.8 0    -4.6 0    79.0 0     0.2 0    58.0 0   977.0 0
 2026   5  1  5  7 52  7.867 142.88    -0.3 0    -0.1 0     0.2 0     0.0 0   249.9 0   268.511 0   268.269 0   279.9 0   267.845 0   267.918 0     0.0 0     0.0 0     0.0 0   -30.0 0   -30.0 0    -4.7 0    79.3 0     0.1 0    58.0 0   977.1 0
 2026   5  1  5  7 53  7.883 142.70    -0.5 0    -0.2 0     0.2 0     0.0 0   250.8 0   268.485 0   268.284 0   279.8 0   267.827 0   267.903 0     0.0 0     0.0 0     0.0 0   -29.1 0   -29.1 0    -4.7 0    79.7 0     0.0 0     0.0 0   977.1 0
 2026   5  1  5  7 54  7.900 142.52    -0.6 0    -0.3 0     0.1 0     0.0 0   251.9 0   268.472 0   268.297 0   279.8 0   267.810 0   267.885 0     0.0 0     0.0 0     0.0 0   -27.9 0   -27.9 0    -4.7 0    79.9 0     0.2 0   109.9 0   977.1 0
 2026   5  1  5  7 55  7.917 142.34    -0.6 0    -0.3 0     0.0 0    -0.1 0   253.3 0   268.464 0   268.243 0   280.0 0   267.791 0   267.865 0     0.0 0     0.0 0     0.0 0   -26.7 0   -26.7 0    -4.8 0    80.0 0     0.6 0   122.3 0   977.2 0
 2026   5  1  5  7 56  7.933 142.16    -0.3 0    -0.2 0     0.1 0    -0.1 0   255.7 0   268.426 0   268.121 0   280.5 0   267.768 0   267.835 0     0.0 0     0.0 0     0.0 0   -24.8 0   -24.8 0    -4.9 0    80.0 0     1.0 0   159.2 0   977.3 0
 2026   5  1  5  7 57  7.950 141.97    -0.3 0    -0.2 0     0.1 0     0.0 0   258.5 0   268.370 0   268.088 0   281.1 0   267.742 0   267.814 0     0.0 0     0.0 0     0.0 0   -22.6 0   -22.6 0    -5.0 0    80.6 0     1.1 0   170.0 0   977.3 0
 2026   5  1  5  7 58  7.967 141.79    -0.4 0    -0.3 0     0.0 0     0.0 0   260.1 0   268.320 0   268.075 0   281.5 0   267.720 0   267.799 0     0.0 0     0.0 0     0.0 0   -21.4 0   -21.4 0    -5.0 0    80.9 0     1.2 0   183.0 0   977.4 0
 2026   5  1  5  7 59  7.983 141.61    -0.3 0    -0.3 0     0.0 0     0.0 0   260.5 0   268.275 0   268.031 0   281.6 0   267.702 0   267.787 0     0.0 0     0.0 0     0.0 0   -21.1 0   -21.1 0    -5.0 0    81.0 0     1.1 0   185.3 0   977.4 0
 2026   5  1  5  8  0  8.000 141.43    -0.3 0    -0.3 0     0.1 0     0.0 0   260.7 0   268.229 0   267.988 0   281.8 0   267.687 0   267.776 0     0.0 0     0.0 0     0.0 0   -21.1 0   -21.1 0    -4.9 0    80.7 0     0.6 0   185.3 0   977.4 0
 2026   5  1  5  8  1  8.017 141.24    -0.3 0    -0.2 0     0.2 0    -0.1 0   261.1 0   268.185 0   267.960 0   282.1 0   267.674 0   267.765 0     0.0 0     0.0 0     0.0 0   -21.0 0   -21.0 0    -4.9 0    80.3 0     0.3 0   185.3 0   977.4 0
 2026   5  1  5  8  2  8.033 141.06    -0.3 0    -0.2 0     0.3 0    -0.1 0   261.8 0   268.149 0   267.960 0   282.3 0   267.662 0   267.753 0     0.0 0     0.0 0     0.0 0   -20.5 0   -20.5 0    -4.8 0    80.0 0     0.1 0   185.3 0   977.3 0
 2026   5  1  5  8  3  8.050 140.88    -0.4 0    -0.1 0     0.3 0    -0.1 0   263.0 0   268.126 0   267.975 0   282.4 0   267.650 0   267.742 0     0.0 0     0.0 0     0.0 0   -19.5 0   -19.5 0    -4.8 0    79.8 0     0.0 0     0.0 0   977.3 0
 2026   5  1  5  8  4  8.067 140.69    -0.5 0    -0.1 0     0.3 0     0.0 0   264.3 0   268.118 0   267.996 0   282.6 0   267.638 0   267.728 0     0.0 0     0.0 0     0.0 0   -18.3 0   -18.3 0    -4.8 0    79.7 0     0.0 0     0.0 0   977.2 0
 2026   5  1  5  8  5  8.083 140.51    -0.4 0    -0.1 0     0.3 0     0.0 0   265.5 0   268.115 0   267.988 0   282.9 0   267.625 0   267.715 0     0.0 0     0.0 0     0.0 0   -17.4 0   -17.4 0    -4.8 0    79.6 0     0.0 0     0.0 0   977.2 0
 2026   5  1  5  8  6  8.100 140.33    -0.6 0    -0.1 0     0.2 0     0.0 0   266.6 0   268.116 0   268.040 0   283.2 0   267.613 0   267.704 0     0.0 0     0.0 0     0.0 0   -16.6 0   -16.6 0    -4.8 0    79.5 0     0.0 0     0.0 0   977.2 0
 2026   5  1  5  8  7  8.117 140.14    -0.8 0    -0.1 0     0.2 0     0.0 0   267.4 0   268.132 0   268.079 0   283.4 0   267.601 0   267.694 0     0.0 0     0.0 0     0.0 0   -16.1 0   -16.1 0    -4.8 0    79.6 0     0.0 0     0.0 0   977.2 0
 2026   5  1  5  8  8  8.133 139.96    -0.9 0    -0.2 0     0.1 0     0.0 0   268.0 0   268.152 0   268.092 0   283.7 0   267.590 0   267.684 0     0.0 0     0.0 0     0.0 0   -15.7 0   -15.7 0    -4.8 0    79.6 0     0.0 0   185.5 0   977.2 0
 2026   5  1  5  8  9  8.150 139.78    -0.9 0    -0.2 0     0.1 0     0.0 0   268.5 0   268.172 0   268.118 0   284.0 0   267.580 0   267.676 0     0.0 0     0.0 0     0.0 0   -15.5 0   -15.5 0    -4.8 0    79.6 0     0.4 0   185.5 0   977.3 0
 2026   5  1  5  8 10  8.167 139.59    -0.8 0    -0.2 0     0.0 0     0.0 0   268.7 0   268.192 0   268.124 0   284.1 0   267.571 0   267.668 0     0.0 0     0.0 0     0.0 0   -15.5 0   -15.5 0    -4.8 0    79.5 0     0.5 0   185.5 0   977.3 0
 2026   5  1  5  8 11  8.183 139.41    -0.6 0    -0.1 0     0.1 0    -0.1 0   268.6 0   268.203 0   268.079 0   284.2 0   267.562 0   267.656 0     0.0 0     0.0 0     0.0 0   -15.7 0   -15.7 0    -4.8 0    79.5 0     0.6 0   185.5 0   977.3 0
 2026   5  1  5  8 12  8.200 139.22    -0.5 0    -0.1 0     0.1 0     0.0 0   268.5 0   268.200 0   268.075 0   284.3 0   267.551 0   267.644 0     0.0 0     0.0 0     0.0 0   -15.9 0   -15.9 0    -4.9 0    79.6 0     0.7 0   183.1 0   977.4 0
 2026   5  1  5  8 13  8.217 139.04    -0.6 0     0.0 0     0.1 0     0.0 0   268.1 0   268.199 0   268.078 0   284.4 0   267.539 0   267.633 0     0.0 0     0.0 0     0.0 0   -16.3 0   -16.3 0    -4.9 0    79.9 0     0.9 0   165.3 0   977.4 0
 2026   5  1  5  8 14  8.233 138.85    -0.5 0     0.0 0     0.1 0    -0.1 0   267.6 0   268.198 0   268.078 0   284.4 0   267.529 0   267.622 0     0.0 0     0.0 0     0.0 0   -16.8 0   -16.8 0    -4.9 0    80.1 0     0.9 0   151.3 0   977.4 0
 2026   5  1  5  8 15  8.250 138.67    -0.5 0     0.0 0     0.1 0    -0.1 0   266.9 0   268.199 0   268.075 0   284.4 0   267.518 0   267.615 0     0.0 0     0.0 0     0.0 0   -17.5 0   -17.5 0    -4.9 0    80.3 0     0.8 0   145.5 0   977.3 0
 2026   5  1  5  8 16  8.267 138.48    -0.6 0     0.0 0     0.1 0     0.0 0   266.1 0   268.200 0   268.087 0   284.3 0   267.511 0   267.608 0     0.0 0     0.0 0     0.0 0   -18.2 0   -18.2 0    -4.9 0    80.3 0     0.6 0   150.1 0   977.3 0
 2026   5  1  5  8 17  8.283 138.30    -0.6 0     0.0 0     0.1 0     0.0 0   265.3 0   268.205 0   268.093 0   284.2 0   267.504 0   267.602 0     0.0 0     0.0 0     0.0 0   -18.9 0   -18.9 0    -4.9 0    80.2 0     0.3 0   148.7 0   977.2 0
 2026   5  1  5  8 18  8.300 138.11    -0.7 0     0.0 0     0.1 0     0.0 0   264.9 0   268.219 0   268.148 0   284.2 0   267.497 0   267.594 0     0.0 0     0.0 0     0.0 0   -19.3 0   -19.3 0    -4.9 0    80.2 0     0.0 0     0.0 0   977.2 0
 2026   5  1  5  8 19  8.317 137.93    -0.8 0     0.0 0     0.1 0     0.0 0   264.6 0   268.245 0   268.183 0   284.1 0   267.489 0   267.587 0     0.0 0     0.0 0     0.0 0   -19.6 0   -19.6 0    -4.9 0    80.2 0     0.0 0     0.0 0   977.1 0
 2026   5  1  5  8 20  8.333 137.74    -0.8 0    -0.1 0     0.1 0     0.0 0   264.4 0   268.273 0   268.200 0   284.1 0   267.482 0   267.581 0     0.0 0     0.0 0     0.0 0   -19.7 0   -19.7 0    -4.9 0    80.1 0     0.0 0     0.0 0   977.1 0
 2026   5  1  5  8 21  8.350 137.55    -0.8 0    -0.1 0     0.2 0     0.0 0   264.4 0   268.290 0   268.181 0   284.0 0   267.475 0   267.574 0     0.0 0     0.0 0     0.0 0   -19.6 0   -19.6 0    -4.9 0    80.0 0     0.0 0     0.0 0   977.1 0
 2026   5  1  5  8 22  8.367 137.37    -0.8 0    -0.1 0     0.2 0     0.0 0   264.6 0   268.297 0   268.177 0   283.9 0   267.468 0   267.567 0     0.0 0     0.0 0     0.0 0   -19.2 0   -19.2 0    -4.9 0    79.9 0     0.0 0     0.0 0   977.1 0
 2026   5  1  5  8 23  8.383 137.18    -0.8 0    -0.1 0     0.2 0     0.0 0   264.9 0   268.297 0   268.158 0   283.8 0   267.460 0   267.558 0     0.0 0     0.0 0     0.0 0   -18.9 0   -18.9 0    -4.9 0    79.8 0     0.0 0     0.0 0   977.1 0
 2026   5  1  5  8 24  8.400 137.00    -0.8 0    -0.1 0     0.2 0    -0.1 0   265.2 0   268.289 0   268.146 0   283.9 0   267.452 0   267.550 0     0.0 0     0.0 0     0.0 0   -18.6 0   -18.6 0    -4.9 0    79.8 0     0.0 0     0.0 0   977.1 0
 2026   5  1  5  8 25  8.417 136.81    -0.7 0    -0.1 0     0.1 0    -0.1 0   265.5 0   268.279 0   268.134 0   283.9 0   267.444 0   267.541 0     0.0 0     0.0 0     0.0 0   -18.4 0   -18.4 0    -4.9 0    79.8 0     0.1 0   146.5 0   977.1 0
 2026   5  1  5  8 26  8.433 136.62    -0.8 0    -0.1 0     0.1 0    -0.1 0   265.6 0   268.268 0   268.130 0   283.9 0   267.436 0   267.531 0     0.0 0     0.0 0     0.0 0   -18.3 0   -18.3 0    -4.9 0    79.9 0     0.6 0   151.4 0   977.0 0
 2026   5  1  5  8 27  8.450 136.44    -0.7 0    -0.1 0     0.1 0    -0.1 0   265.4 0   268.257 0   268.095 0   284.0 0   267.427 0   267.522 0     0.0 0     0.0 0     0.0 0   -18.6 0   -18.6 0    -4.9 0    80.0 0     0.9 0   159.6 0   977.0 0
 2026   5  1  5  8 28  8.467 136.25    -0.6 0     0.0 0     0.2 0     0.0 0   265.3 0   268.239 0   268.062 0   284.1 0   267.419 0   267.513 0     0.0 0     0.0 0     0.0 0   -18.7 0   -18.7 0    -4.9 0    80.4 0     1.0 0   162.6 0   977.0 0
 2026   5  1  5  8 29  8.483 136.06    -0.6 0     0.0 0     0.2 0    -0.1 0   265.3 0   268.218 0   268.050 0   284.1 0   267.410 0   267.506 0     0.0 0     0.0 0     0.0 0   -18.8 0   -18.8 0    -5.0 0    80.9 0     0.8 0   163.8 0   977.0 0
 2026   5  1  5  8 30  8.500 135.88    -0.6 0     0.0 0     0.2 0     0.0 0   265.2 0   268.197 0   268.017 0   284.0 0   267.403 0   267.500 0     0.0 0     0.0 0     0.0 0   -18.9 0   -18.9 0    -5.0 0    81.2 0     0.5 0   177.2 0   977.0 0
 2026   5  1  5  8 31  8.517 135.69    -0.6 0     0.0 0     0.2 0     0.0 0   265.2 0   268.176 0   268.030 0   284.1 0   267.396 0   267.494 0     0.0 0     0.0 0     0.0 0   -18.9 0   -18.9 0    -5.0 0    81.2 0     0.3 0   183.6 0   977.0 0
 2026   5  1  5  8 32  8.533 135.50    -0.6 0     0.0 0     0.3 0     0.0 0   265.1 0   268.164 0   268.029 0   284.0 0   267.390 0   267.489 0     0.0 0     0.0 0     0.0 0   -19.0 0   -19.0 0    -5.0 0    81.0 0     0.3 0   196.9 0   977.0 0
 2026   5  1  5  8 33  8.550 135.31    -0.6 0     0.0 0     0.4 0    -0.1 0   265.0 0   268.155 0   268.022 0   284.0 0   267.384 0   267.483 0     0.0 0     0.0 0     0.0 0   -19.0 0   -19.0 0    -4.9 0    80.9 0     0.5 0   211.8 0   977.0 0
 2026   5  1  5  8 34  8.567 135.13    -0.6 0     0.0 0     0.4 0    -0.1 0   265.0 0   268.147 0   268.016 0   284.1 0   267.378 0   267.477 0     0.0 0     0.0 0     0.0 0   -19.0 0   -19.0 0    -4.9 0    80.9 0     0.7 0   227.1 0   977.0 0
 2026   5  1  5  8 35  8.583 134.94    -0.6 0    -0.1 0     0.5 0    -0.1 0   265.0 0   268.140 0   268.012 0   284.1 0   267.373 0   267.474 0     0.0 0     0.0 0     0.0 0   -19.1 0   -19.1 0    -4.9 0    80.9 0     0.7 0   227.0 0   977.0 0
 2026   5  1  5  8 36  8.600 134.75    -0.6 0    -0.1 0     0.5 0    -0.1 0   264.8 0   268.131 0   267.978 0   284.0 0   267.369 0   267.470 0     0.0 0     0.0 0     0.0 0   -19.2 0   -19.2 0    -4.9 0    80.8 0     0.6 0   227.0 0   977.0 0
 2026   5  1  5  8 37  8.617 134.56    -0.6 0    -0.1 0     0.6 0     0.0 0   264.8 0   268.115 0   267.965 0   284.0 0   267.367 0   267.468 0     0.0 0     0.0 0     0.0 0   -19.2 0   -19.2 0    -4.9 0    80.7 0     0.6 0   227.0 0   977.0 0
 2026   5  1  5  8 38  8.633 134.38    -0.6 0    -0.1 0     0.6 0     0.0 0   264.8 0   268.102 0   267.969 0   284.0 0   267.365 0   267.466 0     0.0 0     0.0 0     0.0 0   -19.2 0   -19.2 0    -4.8 0    80.4 0     0.6 0   227.0 0   977.0 0
 2026   5  1  5  8 39  8.650 134.19    -0.7 0    -0.1 0     0.6 0     0.0 0   264.8 0   268.096 0   267.978 0   284.0 0   267.362 0   267.463 0     0.0 0     0.0 0     0.0 0   -19.2 0   -19.2 0    -4.8 0    80.3 0     0.7 0   227.0 0   977.0 0
 2026   5  1  5  8 40  8.667 134.00    -0.7 0    -0.1 0     0.5 0     0.0 0   264.7 0   268.095 0   267.986 0   284.0 0   267.360 0   267.461 0     0.0 0     0.0 0     0.0 0   -19.2 0   -19.2 0    -4.8 0    80.1 0     0.6 0   227.0 0   977.0 0
 2026   5  1  5  8 41  8.683 133.81    -0.8 0    -0.1 0     0.5 0     0.0 0   264.6 0   268.095 0   267.975 0   283.8 0   267.357 0   267.455 0     0.0 0     0.0 0     0.0 0   -19.3 0   -19.3 0    -4.8 0    79.9 0     0.5 0   231.8 0   977.0 0
 2026   5  1  5  8 42  8.700 133.62    -0.7 0    -0.1 0     0.6 0     0.0 0   264.4 0   268.090 0   267.949 0   283.8 0   267.352 0   267.450 0     0.0 0     0.0 0     0.0 0   -19.5 0   -19.5 0    -4.8 0    80.0 0     0.6 0   236.3 0   977.0 0
 2026   5  1  5  8 43  8.717 133.44    -0.7 0    -0.1 0     0.6 0     0.0 0   264.2 0   268.080 0   267.941 0   283.8 0   267.347 0   267.446 0     0.0 0     0.0 0     0.0 0   -19.6 0   -19.6 0    -4.9 0    80.1 0     0.8 0   231.6 0   977.0 0
 2026   5  1  5  8 44  8.733 133.25    -0.7 0    -0.1 0     0.5 0     0.0 0   263.8 0   268.073 0   267.936 0   283.7 0   267.342 0   267.441 0     0.0 0     0.0 0     0.0 0   -20.0 0   -20.0 0    -4.9 0    80.2 0     0.8 0   231.9 0   977.0 0
 2026   5  1  5  8 45  8.750 133.06    -0.7 0    -0.1 0     0.5 0     0.0 0   263.3 0   268.064 0   267.914 0   283.7 0   267.338 0   267.436 0     0.0 0     0.0 0     0.0 0   -20.3 0   -20.3 0    -4.9 0    80.4 0     0.6 0   231.2 0   977.0 0
 2026   5  1  5  8 46  8.767 132.87    -0.7 0    -0.1 0     0.6 0     0.0 0   262.9 0   268.052 0   267.899 0   283.6 0   267.332 0   267.429 0     0.0 0     0.0 0     0.0 0   -20.7 0   -20.7 0    -5.0 0    80.6 0     0.5 0   231.8 0   977.0 0
 2026   5  1  5  8 47  8.783 132.68    -0.7 0    -0.1 0     0.6 0     0.0 0   262.6 0   268.037 0   267.869 0   283.6 0   267.326 0   267.422 0     0.0 0     0.0 0     0.0 0   -21.0 0   -21.0 0    -5.0 0    80.8 0     0.2 0   231.8 0   977.1 0
 2026   5  1  5  8 48  8.800 132.49    -0.7 0    -0.1 0     0.6 0     0.0 0   262.5 0   268.018 0   267.853 0   283.6 0   267.319 0   267.416 0     0.0 0     0.0 0     0.0 0   -21.1 0   -21.1 0    -5.0 0    81.0 0     0.0 0     0.0 0   977.0 0
 2026   5  1  5  8 49  8.817 132.31    -0.7 0    -0.1 0     0.5 0    -0.1 0   262.4 0   268.001 0   267.848 0   283.4 0   267.314 0   267.409 0     0.0 0     0.0 0     0.0 0   -21.0 0   -21.0 0    -5.0 0    81.0 0     0.0 0     0.0 0   977.0 0
 2026   5  1  5  8 50  8.833 132.12    -0.7 0    -0.1 0     0.5 0    -0.1 0   262.3 0   267.989 0   267.848 0   283.3 0   267.307 0   267.400 0     0.0 0     0.0 0     0.0 0   -20.9 0   -20.9 0    -5.0 0    80.9 0     0.0 0     0.0 0   977.0 0
 2026   5  1  5  8 51  8.850 131.93    -0.7 0    -0.1 0     0.4 0     0.0 0   262.5 0   267.982 0   267.860 0   283.2 0   267.299 0   267.393 0     0.0 0     0.0 0     0.0 0   -20.8 0   -20.8 0    -5.0 0    81.0 0     0.0 0     0.0 0   977.0 0
 2026   5  1  5  8 52  8.867 131.74    -0.7 0    -0.1 0     0.3 0     0.0 0   262.6 0   267.982 0   267.869 0   283.2 0   267.291 0   267.386 0     0.0 0     0.0 0     0.0 0   -20.6 0   -20.6 0    -5.0 0    81.1 0     0.0 0     0.0 0   977.0 0
 2026   5  1  5  8 53  8.883 131.55    -0.7 0    -0.1 0     0.3 0     0.0 0   262.7 0   267.983 0   267.861 0   283.2 0   267.284 0   267.379 0     0.0 0     0.0 0     0.0 0   -20.5 0   -20.5 0    -5.1 0    81.2 0     0.0 0     0.0 0   977.0 0
 2026   5  1  5  8 54  8.900 131.36    -0.7 0    -0.1 0     0.2 0     0.0 0   263.0 0   267.984 0   267.888 0   283.3 0   267.277 0   267.373 0     0.0 0     0.0 0     0.0 0   -20.3 0   -20.3 0    -5.1 0    81.3 0     0.0 0     0.0 0   977.0 0
 2026   5  1  5  8 55  8.917 131.17    -0.8 0    -0.1 0     0.2 0     0.0 0   263.4 0   267.994 0   267.909 0   283.3 0   267.271 0   267.367 0     0.0 0     0.0 0     0.0 0   -19.9 0   -19.9 0    -5.1 0    81.3 0     0.0 0     0.0 0   977.0 0
 2026   5  1  5  8 56  8.933 130.98    -0.8 0    -0.1 0     0.1 0     0.0 0   263.9 0   268.009 0   267.930 0   283.3 0   267.264 0   267.360 0     0.0 0     0.0 0     0.0 0   -19.4 0   -19.4 0    -5.1 0    81.3 0     0.0 0     0.0 0   977.0 0
 2026   5  1  5  8 57  8.950 130.80    -0.8 0    -0.1 0     0.1 0    -0.1 0   264.7 0   268.027 0   267.938 0   283.3 0   267.257 0   267.353 0     0.0 0     0.0 0     0.0 0   -18.6 0   -18.6 0    -5.1 0    81.3 0     0.0 0     0.0 0   977.0 0
 2026   5  1  5  8 58  8.967 130.61    -0.8 0    -0.1 0     0.1 0    -0.1 0   265.8 0   268.042 0   267.954 0   283.5 0   267.250 0   267.347 0     0.0 0     0.0 0     0.0 0   -17.7 0   -17.7 0    -5.1 0    81.3 0     0.0 0     0.0 0   977.0 0
 2026   5  1  5  8 59  8.983 130.42    -0.8 0    -0.1 0     0.0 0    -0.1 0   266.9 0   268.058 0   267.977 0   283.7 0   267.242 0   267.342 0     0.0 0     0.0 0     0.0 0   -16.8 0   -16.8 0    -5.1 0    81.3 0     0.0 0     0.0 0   977.0 0
 2026   5  1  5  9  0  9.000 130.23    -0.8 0    -0.1 0     0.0 0    -0.1 0   268.0 0   268.075 0   267.980 0   283.9 0   267.235 0   267.336 0     0.0 0     0.0 0     0.0 0   -16.0 0   -16.0 0    -5.1 0    81.3 0     0.0 0     0.0 0   977.0 0
 2026   5  1  5  9  1  9.017 130.04    -0.7 0    -0.1 0     0.1 0     0.0 0   269.2 0   268.085 0   267.989 0   284.2 0   267.228 0   267.330 0     0.0 0     0.0 0     0.0 0   -15.0 0   -15.0 0    -5.1 0    81.3 0     0.0 0     0.0 0   976.9 0
 2026   5  1  5  9  2  9.033 129.85    -0.8 0    -0.1 0     0.1 0     0.0 0   270.3 0   268.103 0   268.052 0   284.5 0   267.221 0   267.324 0     0.0 0     0.0 0     0.0 0   -14.2 0   -14.2 0    -5.1 0    81.2 0     0.0 0     0.0 0   976.9 0
 2026   5  1  5  9  3  9.050 129.66    -0.8 0    -0.1 0     0.1 0     0.0 0   271.2 0   268.131 0   268.088 0   284.7 0   267.214 0   267.318 0     0.0 0     0.0 0     0.0 0   -13.6 0   -13.6 0    -5.1 0    81.3 0     0.0 0     0.0 0   976.9 0
 2026   5  1  5  9  4  9.067 129.47    -0.8 0    -0.1 0     0.1 0     0.0 0   271.8 0   268.162 0   268.128 0   285.0 0   267.208 0   267.313 0     0.0 0     0.0 0     0.0 0   -13.1 0   -13.1 0    -5.1 0    81.4 0     0.0 0     0.0 0   976.9 0
 2026   5  1  5  9  5  9.083 129.28    -0.8 0    -0.1 0     0.1 0     0.0 0   272.3 0   268.198 0   268.166 0   285.2 0   267.202 0   267.310 0     0.0 0     0.0 0     0.0 0   -13.0 0   -13.0 0    -5.1 0    81.5 0     0.0 0     0.0 0   976.9 0
 2026   5  1  5  9  6  9.100 129.09    -0.8 0    -0.1 0     0.2 0     0.0 0   272.5 0   268.234 0   268.173 0   285.4 0   267.197 0   267.304 0     0.0 0     0.0 0     0.0 0   -12.9 0   -12.9 0    -5.1 0    81.4 0     0.0 0     0.0 0   976.9 0
 2026   5  1  5  9  7  9.117 128.90    -0.8 0    -0.1 0     0.2 0     0.0 0   272.9 0   268.262 0   268.197 0   285.6 0   267.191 0   267.301 0     0.0 0     0.0 0     0.0 0   -12.7 0   -12.7 0    -5.1 0    81.4 0     0.0 0     0.0 0   976.9 0
 2026   5  1  5  9  8  9.133 128.71    -0.8 0    -0.1 0     0.1 0     0.0 0   273.3 0   268.290 0   268.238 0   285.7 0   267.186 0   267.296 0     0.0 0     0.0 0     0.0 0   -12.5 0   -12.5 0    -5.1 0    81.3 0     0.0 0     0.0 0   976.9 0
 2026   5  1  5  9  9  9.150 128.53    -0.9 0    -0.1 0     0.1 0     0.0 0   273.6 0   268.316 0   268.253 0   285.9 0   267.181 0   267.290 0     0.0 0     0.0 0     0.0 0   -12.3 0   -12.3 0    -5.1 0    81.3 0     0.0 0     0.0 0   976.9 0
 2026   5  1  5  9 10  9.167 128.34    -0.9 0    -0.1 0     0.1 0     0.0 0   274.0 0   268.338 0   268.273 0   286.1 0   267.177 0   267.289 0     0.0 0     0.0 0     0.0 0   -12.1 0   -12.1 0    -5.1 0    81.5 0     0.0 0     0.0 0   976.9 0
 2026   5  1  5  9 11  9.183 128.15    -0.8 0    -0.1 0     0.1 0     0.0 0   274.4 0   268.359 0   268.291 0   286.2 0   267.174 0   267.286 0     0.0 0     0.0 0     0.0 0   -11.7 0   -11.7 0    -5.1 0    81.6 0     0.0 0     0.0 0   976.8 0
 2026   5  1  5  9 12  9.200 127.96    -0.7 0    -0.1 0     0.1 0     0.0 0   275.0 0   268.379 0   268.313 0   286.4 0   267.171 0   267.283 0     0.0 0     0.0 0     0.0 0   -11.4 0   -11.4 0    -5.0 0    81.6 0     0.2 0   237.2 0   976.8 0
 2026   5  1  5  9 13  9.217 127.77    -0.7 0     0.0 0     0.2 0     0.0 0   275.5 0   268.399 0   268.308 0   286.6 0   267.169 0   267.279 0     0.0 0     0.0 0     0.0 0   -11.1 0   -11.1 0    -5.0 0    81.6 0     0.2 0   229.4 0   976.8 0
 2026   5  1  5  9 14  9.233 127.58    -0.7 0     0.0 0     0.2 0     0.0 0   275.9 0   268.412 0   268.308 0   286.8 0   267.167 0   267.278 0     0.0 0     0.0 0     0.0 0   -10.9 0   -10.9 0    -5.0 0    81.6 0     0.5 0    86.5 0   976.8 0
 2026   5  1  5  9 15  9.250 127.39    -0.7 0     0.0 0     0.2 0     0.0 0   276.4 0   268.422 0   268.327 0   287.1 0   267.167 0   267.278 0     0.0 0     0.0 0     0.0 0   -10.7 0   -10.7 0    -5.0 0    81.6 0     0.7 0    82.9 0   976.7 0
 2026   5  1  5  9 16  9.267 127.20    -0.7 0     0.0 0     0.2 0     0.0 0   276.7 0   268.431 0   268.331 0   287.3 0   267.168 0   267.280 0     0.0 0     0.0 0     0.0 0   -10.6 0   -10.6 0    -5.0 0    81.6 0     1.0 0    76.8 0   976.7 0
 2026   5  1  5  9 17  9.283 127.01    -0.7 0     0.0 0     0.2 0     0.0 0   276.8 0   268.435 0   268.319 0   287.5 0   267.170 0   267.284 0     0.0 0     0.0 0     0.0 0   -10.7 0   -10.7 0    -5.0 0    81.5 0     1.2 0    73.7 0   976.6 0
 2026   5  1  5  9 18  9.300 126.82    -0.8 0     0.0 0     0.3 0     0.0 0   276.8 0   268.433 0   268.306 0   287.6 0   267.174 0   267.288 0     0.0 0     0.0 0     0.0 0   -10.8 0   -10.8 0    -5.0 0    81.6 0     1.4 0    74.1 0   976.6 0
 2026   5  1  5  9 19  9.317 126.63    -0.8 0     0.0 0     0.3 0     0.0 0   276.8 0   268.430 0   268.305 0   287.7 0   267.178 0   267.293 0     0.0 0     0.0 0     0.0 0   -10.9 0   -10.9 0    -5.1 0    81.9 0     1.2 0    82.6 0   976.6 0
 2026   5  1  5  9 20  9.333 126.44    -0.8 0    -0.1 0     0.2 0     0.0 0   276.8 0   268.428 0   268.310 0   287.8 0   267.184 0   267.302 0     0.0 0     0.0 0     0.0 0   -11.0 0   -11.0 0    -5.0 0    82.0 0     1.1 0    88.9 0   976.6 0
 2026   5  1  5  9 21  9.350 126.25    -0.8 0     0.0 0     0.2 0     0.0 0   276.8 0   268.430 0   268.334 0   287.9 0   267.192 0   267.308 0     0.0 0     0.0 0     0.0 0   -11.0 0   -11.0 0    -5.0 0    82.1 0     1.1 0    90.0 0   976.6 0
 2026   5  1  5  9 22  9.367 126.06    -0.9 0     0.0 0     0.1 0     0.0 0   276.9 0   268.439 0   268.354 0   287.9 0   267.199 0   267.315 0     0.0 0     0.0 0     0.0 0   -11.1 0   -11.1 0    -5.0 0    82.1 0     1.1 0    90.0 0   976.6 0
 2026   5  1  5  9 23  9.383 125.87    -0.9 0     0.0 0     0.1 0     0.0 0   276.8 0   268.451 0   268.370 0   288.1 0   267.206 0   267.323 0     0.0 0     0.0 0     0.0 0   -11.3 0   -11.3 0    -5.0 0    82.2 0     1.1 0    86.7 0   976.6 0
 2026   5  1  5  9 24  9.400 125.68    -0.9 0     0.0 0     0.1 0     0.0 0   276.5 0   268.462 0   268.373 0   288.2 0   267.215 0   267.337 0     0.0 0     0.0 0     0.0 0   -11.7 0   -11.7 0    -4.9 0    82.2 0     1.4 0    86.3 0   976.6 0
 2026   5  1  5  9 25  9.417 125.49    -1.0 0    -0.1 0     0.1 0     0.0 0   275.8 0   268.470 0   268.378 0   288.2 0   267.228 0   267.351 0     0.0 0     0.0 0     0.0 0   -12.5 0   -12.5 0    -4.9 0    81.9 0     1.6 0    74.0 0   976.5 0
 2026   5  1  5  9 26  9.433 125.31    -1.0 0     0.0 0     0.1 0     0.0 0   275.4 0   268.478 0   268.380 0   288.1 0   267.238 0   267.353 0     0.0 0     0.0 0     0.0 0   -12.7 0   -12.7 0    -4.9 0    82.0 0     1.5 0    69.3 0   976.5 0
 2026   5  1  5  9 27  9.450 125.12    -0.9 0     0.1 0     0.1 0     0.0 0   275.4 0   268.484 0   268.383 0   288.1 0   267.244 0   267.358 0     0.0 0     0.0 0     0.0 0   -12.6 0   -12.6 0    -5.0 0    82.2 0     1.3 0    72.3 0   976.6 0
 2026   5  1  5  9 28  9.467 124.93    -0.9 0     0.1 0     0.1 0     0.0 0   275.7 0   268.488 0   268.380 0   288.1 0   267.250 0   267.368 0     0.0 0     0.0 0     0.0 0   -12.4 0   -12.4 0    -5.0 0    82.5 0     1.2 0    73.0 0   976.6 0
 2026   5  1  5  9 29  9.483 124.74    -0.9 0     0.0 0     0.1 0     0.0 0   276.1 0   268.489 0   268.385 0   288.1 0   267.257 0   267.371 0     0.0 0     0.0 0     0.0 0   -12.0 0   -12.0 0    -5.0 0    82.5 0     1.2 0    68.9 0   976.6 0
 2026   5  1  5  9 30  9.500 124.55    -0.9 0     0.1 0     0.1 0     0.0 0   276.5 0   268.493 0   268.389 0   288.2 0   267.261 0   267.375 0     0.0 0     0.0 0     0.0 0   -11.7 0   -11.7 0    -5.0 0    82.4 0     1.2 0    67.7 0   976.6 0
 2026   5  1  5  9 31  9.517 124.36    -0.8 0     0.1 0     0.1 0     0.0 0   277.0 0   268.493 0   268.377 0   288.3 0   267.266 0   267.381 0     0.0 0     0.0 0     0.0 0   -11.3 0   -11.3 0    -5.0 0    82.5 0     1.3 0    67.7 0   976.6 0
 2026   5  1  5  9 32  9.533 124.17    -0.8 0     0.0 0     0.1 0     0.0 0   277.4 0   268.491 0   268.378 0   288.3 0   267.271 0   267.385 0     0.0 0     0.0 0     0.0 0   -10.9 0   -10.9 0    -5.0 0    82.4 0     1.2 0    67.6 0   976.6 0
 2026   5  1  5  9 33  9.550 123.98    -0.8 0     0.0 0     0.1 0     0.0 0   277.8 0   268.491 0   268.395 0   288.4 0   267.275 0   267.390 0     0.0 0     0.0 0     0.0 0   -10.6 0   -10.6 0    -5.0 0    82.4 0     0.8 0    57.6 0   976.6 0
 2026   5  1  5  9 34  9.567 123.79    -0.8 0     0.1 0     0.1 0     0.0 0   278.1 0   268.499 0   268.409 0   288.5 0   267.279 0   267.393 0     0.0 0     0.0 0     0.0 0   -10.4 0   -10.4 0    -5.0 0    82.7 0     0.5 0    17.2 0   976.6 0
 2026   5  1  5  9 35  9.583 123.60    -0.8 0     0.1 0     0.1 0     0.0 0   278.8 0   268.505 0   268.404 0   288.7 0   267.283 0   267.397 0     0.0 0     0.0 0     0.0 0    -9.9 0    -9.9 0    -5.0 0    83.0 0     0.7 0    14.5 0   976.6 0
 2026   5  1  5  9 36  9.600 123.41    -0.8 0     0.0 0     0.1 0     0.0 0   279.5 0   268.508 0   268.420 0   288.9 0   267.287 0   267.406 0     0.0 0     0.0 0     0.0 0    -9.3 0    -9.3 0    -5.0 0    83.1 0     0.7 0    15.5 0   976.6 0
 2026   5  1  5  9 37  9.617 123.22    -0.9 0     0.0 0     0.1 0     0.0 0   280.2 0   268.514 0   268.433 0   289.0 0   267.292 0   267.413 0     0.0 0     0.0 0     0.0 0    -8.8 0    -8.8 0    -5.0 0    83.2 0     0.5 0     8.5 0   976.6 0
 2026   5  1  5  9 38  9.633 123.03    -0.9 0     0.0 0     0.1 0     0.0 0   281.1 0   268.524 0   268.473 0   289.2 0   267.298 0   267.420 0     0.0 0     0.0 0     0.0 0    -8.1 0    -8.1 0    -5.0 0    83.2 0     0.6 0    28.4 0   976.5 0
 2026   5  1  5  9 39  9.650 122.84    -0.9 0     0.0 0     0.1 0     0.0 0   281.8 0   268.546 0   268.518 0   289.4 0   267.304 0   267.428 0     0.0 0     0.0 0     0.0 0    -7.6 0    -7.6 0    -5.0 0    83.2 0     0.7 0    35.5 0   976.5 0
 2026   5  1  5  9 40  9.667 122.65    -0.9 0     0.0 0     0.1 0     0.0 0   282.6 0   268.574 0   268.535 0   289.7 0   267.311 0   267.439 0     0.0 0     0.0 0     0.0 0    -7.1 0    -7.1 0    -4.9 0    83.1 0     0.5 0    38.8 0   976.5 0
 2026   5  1  5  9 41  9.683 122.46    -0.9 0     0.0 0     0.0 0     0.0 0   283.2 0   268.599 0   268.561 0   289.9 0   267.319 0   267.442 0     0.0 0     0.0 0     0.0 0    -6.7 0    -6.7 0    -4.9 0    82.9 0     0.5 0    41.9 0   976.4 0
 2026   5  1  5  9 42  9.700 122.28    -0.9 0     0.0 0     0.0 0     0.0 0   283.7 0   268.626 0   268.598 0   290.1 0   267.328 0   267.454 0     0.0 0     0.0 0     0.0 0    -6.4 0    -6.4 0    -4.8 0    82.6 0     0.4 0    41.7 0   976.4 0
 2026   5  1  5  9 43  9.717 122.09    -0.9 0     0.0 0     0.0 0     0.0 0   283.8 0   268.656 0   268.628 0   290.3 0   267.339 0   267.467 0     0.0 0     0.0 0     0.0 0    -6.5 0    -6.5 0    -4.8 0    82.3 0     0.5 0    41.8 0   976.3 0
 2026   5  1  5  9 44  9.733 121.90    -1.0 0     0.0 0     0.0 0     0.0 0   283.6 0   268.685 0   268.651 0   290.5 0   267.352 0   267.487 0     0.0 0     0.0 0     0.0 0    -7.0 0    -7.0 0    -4.7 0    81.9 0     0.3 0    41.7 0   976.3 0
 2026   5  1  5  9 45  9.750 121.71    -1.0 0     0.0 0     0.0 0     0.0 0   283.3 0   268.711 0   268.678 0   290.5 0   267.368 0   267.504 0     0.0 0     0.0 0     0.0 0    -7.3 0    -7.3 0    -4.6 0    81.4 0     0.4 0    41.7 0   976.3 0
 2026   5  1  5  9 46  9.767 121.52    -1.0 0     0.0 0     0.0 0     0.0 0   283.2 0   268.738 0   268.705 0   290.6 0   267.383 0   267.516 0     0.0 0     0.0 0     0.0 0    -7.4 0    -7.4 0    -4.5 0    80.9 0     0.6 0    49.8 0   976.2 0
 2026   5  1  5  9 47  9.783 121.33    -1.0 0     0.1 0     0.0 0     0.0 0   283.4 0   268.762 0   268.716 0   290.6 0   267.400 0   267.527 0     0.0 0     0.0 0     0.0 0    -7.2 0    -7.2 0    -4.5 0    80.4 0     1.0 0    52.7 0   976.2 0
 2026   5  1  5  9 48  9.800 121.14    -1.1 0     0.1 0     0.0 0     0.0 0   283.8 0   268.784 0   268.731 0   290.7 0   267.415 0   267.544 0     0.0 0     0.0 0     0.0 0    -6.9 0    -6.9 0    -4.5 0    80.2 0     0.8 0    39.5 0   976.1 0
 2026   5  1  5  9 49  9.817 120.95    -1.1 0     0.0 0     0.0 0     0.0 0   284.3 0   268.810 0   268.781 0   291.0 0   267.433 0   267.569 0     0.0 0     0.0 0     0.0 0    -6.6 0    -6.6 0    -4.5 0    80.1 0     0.7 0    39.6 0   976.1 0
 2026   5  1  5  9 50  9.833 120.76    -1.1 0     0.0 0     0.1 0     0.0 0   284.8 0   268.840 0   268.823 0   291.2 0   267.454 0   267.597 0     0.0 0     0.0 0     0.0 0    -6.4 0    -6.4 0    -4.4 0    79.9 0     1.0 0    55.5 0   976.1 0
 2026   5  1  5  9 51  9.850 120.57    -1.1 0     0.0 0     0.0 0     0.0 0   285.2 0   268.870 0   268.863 0   291.4 0   267.477 0   267.613 0     0.0 0     0.0 0     0.0 0    -6.1 0    -6.1 0    -4.3 0    79.5 0     0.7 0    53.0 0   976.1 0
 2026   5  1  5  9 52  9.867 120.39    -1.2 0     0.0 0     0.0 0     0.0 0   285.2 0   268.905 0   268.913 0   291.5 0   267.499 0   267.636 0     0.0 0     0.0 0     0.0 0    -6.2 0    -6.2 0    -4.3 0    79.4 0     0.5 0    54.5 0   976.1 0
 2026   5  1  5  9 53  9.883 120.20    -1.2 0     0.1 0     0.0 0     0.0 0   285.0 0   268.943 0   268.934 0   291.5 0   267.519 0   267.655 0     0.0 0     0.0 0     0.0 0    -6.6 0    -6.6 0    -4.3 0    79.4 0     0.0 0    54.6 0   976.2 0
 2026   5  1  5  9 54  9.900 120.01    -1.2 0     0.1 0     0.1 0     0.0 0   284.9 0   268.973 0   268.946 0   291.5 0   267.537 0   267.669 0     0.0 0     0.0 0     0.0 0    -6.6 0    -6.6 0    -4.2 0    79.5 0     0.0 0    54.6 0   976.2 0
 2026   5  1  5  9 55  9.917 119.82    -1.2 0     0.2 0     0.1 0     0.0 0   284.8 0   268.995 0   268.953 0   291.5 0   267.553 0   267.684 0     0.0 0     0.0 0     0.0 0    -6.8 0    -6.8 0    -4.2 0    79.7 0     0.0 0     0.0 0   976.2 0
 2026   5  1  5  9 56  9.933 119.63    -1.1 0     0.2 0     0.1 0     0.0 0   284.7 0   269.010 0   268.955 0   291.7 0   267.568 0   267.698 0     0.0 0     0.0 0     0.0 0    -7.0 0    -7.0 0    -4.2 0    79.7 0     0.0 0     0.0 0   976.2 0
 2026   5  1  5  9 57  9.950 119.44    -1.2 0     0.2 0     0.1 0     0.0 0   284.6 0   269.023 0   268.981 0   291.8 0   267.584 0   267.715 0     0.0 0     0.0 0     0.0 0    -7.2 0    -7.2 0    -4.2 0    79.5 0     0.0 0     0.0 0   976.3 0
 2026   5  1  5  9 58  9.967 119.25    -1.2 0     0.1 0     0.1 0     0.0 0   284.3 0   269.040 0   269.006 0   291.8 0   267.602 0   267.734 0     0.0 0     0.0 0     0.0 0    -7.5 0    -7.5 0    -4.2 0    79.2 0     0.0 0     0.0 0   976.3 0
 2026   5  1  5  9 59  9.983 119.07    -1.2 0     0.1 0     0.1 0     0.0 0   283.9 0   269.057 0   269.018 0   291.9 0   267.618 0   267.749 0     0.0 0     0.0 0     0.0 0    -7.9 0    -7.9 0    -4.2 0    79.0 0     0.0 0     0.0 0   976.3 0
 2026   5  1  5 10  0 10.000 118.88    -1.2 0     0.1 0     0.1 0     0.0 0   283.2 0   269.075 0   269.047 0   291.9 0   267.635 0   267.767 0     0.0 0     0.0 0     0.0 0    -8.7 0    -8.7 0    -4.1 0    78.7 0     0.5 0   326.3 0   976.3 0
 2026   5  1  5 10  1 10.017 118.69    -1.2 0     0.1 0     0.1 0     0.0 0   282.2 0   269.096 0   269.065 0   291.7 0   267.654 0   267.791 0     0.0 0     0.0 0     0.0 0    -9.5 0    -9.5 0    -4.1 0    78.4 0     0.1 0   310.0 0   976.3 0
 2026   5  1  5 10  2 10.033 118.50    -1.2 0     0.1 0     0.1 0     0.0 0   281.0 0   269.120 0   269.083 0   291.6 0   267.674 0   267.811 0     0.0 0     0.0 0     0.0 0   -10.6 0   -10.6 0    -4.1 0    78.3 0     0.6 0   310.7 0   976.3 0
 2026   5  1  5 10  3 10.050 118.31    -1.2 0     0.2 0     0.1 0     0.0 0   280.1 0   269.141 0   269.097 0   291.4 0   267.690 0   267.821 0     0.0 0     0.0 0     0.0 0   -11.3 0   -11.3 0    -4.1 0    78.4 0     0.5 0   311.5 0   976.3 0
 2026   5  1  5 10  4 10.067 118.12    -1.2 0     0.2 0     0.1 0     0.0 0   279.4 0   269.162 0   269.108 0   291.3 0   267.706 0   267.834 0     0.0 0     0.0 0     0.0 0   -11.9 0   -11.9 0    -4.1 0    78.6 0     0.6 0   303.6 0   976.3 0
 2026   5  1  5 10  5 10.083 117.93    -1.1 0     0.2 0     0.1 0     0.0 0   279.0 0   269.177 0   269.103 0   291.1 0   267.721 0   267.846 0     0.0 0     0.0 0     0.0 0   -12.2 0   -12.2 0    -4.1 0    78.4 0     0.7 0   310.6 0   976.3 0
 2026   5  1  5 10  6 10.100 117.75    -1.0 0     0.1 0     0.2 0     0.0 0   278.5 0   269.186 0   269.093 0   290.9 0   267.736 0   267.862 0     0.0 0     0.0 0     0.0 0   -12.4 0   -12.4 0    -4.1 0    78.2 0     0.7 0   324.8 0   976.3 0
 2026   5  1  5 10  7 10.117 117.56    -0.9 0     0.2 0     0.2 0     0.0 0   277.8 0   269.188 0   269.066 0   290.5 0   267.749 0   267.865 0     0.0 0     0.0 0     0.0 0   -12.7 0   -12.7 0    -4.2 0    78.9 0     0.6 0   343.9 0   976.3 0
 2026   5  1  5 10  8 10.133 117.37    -0.8 0     0.2 0     0.2 0     0.0 0   277.2 0   269.187 0   269.047 0   290.3 0   267.757 0   267.869 0     0.0 0     0.0 0     0.0 0   -13.1 0   -13.1 0    -4.3 0    79.5 0     0.7 0     7.9 0   976.3 0
 2026   5  1  5 10  9 10.150 117.18    -0.7 0     0.2 0     0.2 0     0.0 0   276.6 0   269.185 0   269.043 0   290.4 0   267.764 0   267.884 0     0.0 0     0.0 0     0.0 0   -13.8 0   -13.8 0    -4.3 0    79.5 0     0.4 0    24.9 0   976.2 0
 2026   5  1  5 10 10 10.167 116.99    -0.6 0     0.1 0     0.2 0     0.0 0   275.6 0   269.179 0   269.008 0   290.0 0   267.773 0   267.890 0     0.0 0     0.0 0     0.0 0   -14.4 0   -14.4 0    -4.3 0    79.2 0     0.2 0   357.8 0   976.2 0
 2026   5  1  5 10 11 10.183 116.81    -0.5 0     0.2 0     0.3 0     0.0 0   274.3 0   269.160 0   268.974 0   289.6 0   267.780 0   267.889 0     0.0 0     0.0 0     0.0 0   -15.3 0   -15.3 0    -4.3 0    79.0 0     0.7 0   332.4 0   976.2 0
 2026   5  1  5 10 12 10.200 116.62    -0.5 0     0.2 0     0.3 0     0.0 0   273.3 0   269.134 0   268.945 0   289.4 0   267.784 0   267.893 0     0.0 0     0.0 0     0.0 0   -16.2 0   -16.2 0    -4.4 0    79.1 0     0.6 0   330.1 0   976.2 0
 2026   5  1  5 10 13 10.217 116.43    -0.4 0     0.1 0     0.3 0     0.0 0   272.5 0   269.105 0   268.912 0   289.2 0   267.788 0   267.897 0     0.0 0     0.0 0     0.0 0   -16.7 0   -16.7 0    -4.4 0    79.2 0     0.9 0   322.8 0   976.3 0
 2026   5  1  5 10 14 10.233 116.24    -0.4 0     0.1 0     0.3 0     0.0 0   272.2 0   269.075 0   268.878 0   289.1 0   267.790 0   267.899 0     0.0 0     0.0 0     0.0 0   -16.9 0   -16.9 0    -4.5 0    79.5 0     1.0 0   326.8 0   976.2 0
 2026   5  1  5 10 15 10.250 116.06    -0.4 0     0.0 0     0.3 0     0.0 0   272.4 0   269.044 0   268.848 0   289.0 0   267.794 0   267.913 0     0.0 0     0.0 0     0.0 0   -16.7 0   -16.7 0    -4.5 0    79.4 0     1.1 0   335.6 0   976.2 0
 2026   5  1  5 10 16 10.267 115.87    -0.4 0     0.0 0     0.3 0     0.0 0   272.9 0   269.014 0   268.820 0   289.1 0   267.800 0   267.922 0     0.0 0     0.0 0     0.0 0   -16.2 0   -16.2 0    -4.4 0    79.2 0     1.0 0   335.6 0   976.2 0
 2026   5  1  5 10 17 10.283 115.68    -0.4 0    -0.1 0     0.3 0     0.0 0   273.7 0   268.985 0   268.808 0   289.2 0   267.808 0   267.931 0     0.0 0     0.0 0     0.0 0   -15.5 0   -15.5 0    -4.4 0    78.9 0     0.8 0   335.5 0   976.2 0
 2026   5  1  5 10 18 10.300 115.49    -0.4 0    -0.1 0     0.2 0     0.0 0   274.5 0   268.960 0   268.794 0   289.3 0   267.816 0   267.937 0     0.0 0     0.0 0     0.0 0   -14.8 0   -14.8 0    -4.3 0    78.7 0     0.6 0   335.5 0   976.2 0
 2026   5  1  5 10 19 10.317 115.31    -0.4 0    -0.1 0     0.2 0     0.0 0   275.3 0   268.937 0   268.774 0   289.4 0   267.824 0   267.948 0     0.0 0     0.0 0     0.0 0   -14.1 0   -14.1 0    -4.3 0    78.4 0     0.7 0   335.6 0   976.2 0
 2026   5  1  5 10 20 10.333 115.12    -0.4 0    -0.1 0     0.2 0     0.0 0   276.0 0   268.915 0   268.759 0   289.5 0   267.833 0   267.959 0     0.0 0     0.0 0     0.0 0   -13.5 0   -13.5 0    -4.3 0    78.2 0     0.8 0   335.6 0   976.2 0
 2026   5  1  5 10 21 10.350 114.93    -0.4 0    -0.1 0     0.2 0     0.0 0   276.6 0   268.893 0   268.737 0   289.6 0   267.843 0   267.968 0     0.0 0     0.0 0     0.0 0   -12.9 0   -12.9 0    -4.2 0    77.9 0     0.8 0   335.7 0   976.2 0
 2026   5  1  5 10 22 10.367 114.75    -0.4 0    -0.1 0     0.2 0     0.0 0   277.2 0   268.872 0   268.718 0   289.6 0   267.854 0   267.974 0     0.0 0     0.0 0     0.0 0   -12.4 0   -12.4 0    -4.2 0    77.8 0     0.8 0   336.5 0   976.2 0
 2026   5  1  5 10 23 10.383 114.56    -0.4 0     0.0 0     0.2 0     0.0 0   277.8 0   268.853 0   268.703 0   289.6 0   267.862 0   267.979 0     0.0 0     0.0 0     0.0 0   -11.8 0   -11.8 0    -4.2 0    77.7 0     0.8 0   341.4 0   976.2 0
 2026   5  1  5 10 24 10.400 114.37    -0.4 0     0.0 0     0.2 0     0.0 0   278.5 0   268.834 0   268.686 0   289.8 0   267.871 0   267.987 0     0.0 0     0.0 0     0.0 0   -11.2 0   -11.2 0    -4.2 0    77.6 0     0.8 0   347.2 0   976.2 0
 2026   5  1  5 10 25 10.417 114.19    -0.4 0     0.0 0     0.2 0     0.0 0   279.1 0   268.815 0   268.677 0   289.9 0   267.878 0   267.994 0     0.0 0     0.0 0     0.0 0   -10.7 0   -10.7 0    -4.2 0    77.6 0     0.7 0   349.8 0   976.2 0
 2026   5  1  5 10 26 10.433 114.00    -0.4 0     0.1 0     0.2 0     0.0 0   279.8 0   268.803 0   268.691 0   290.0 0   267.885 0   268.001 0     0.0 0     0.0 0     0.0 0   -10.2 0   -10.2 0    -4.2 0    77.7 0     0.7 0     3.2 0   976.2 0
 2026   5  1  5 10 27 10.450 113.81    -0.5 0     0.1 0     0.1 0     0.0 0   280.4 0   268.803 0   268.725 0   290.1 0   267.891 0   268.000 0     0.0 0     0.0 0     0.0 0    -9.7 0    -9.7 0    -4.3 0    78.4 0     0.7 0    12.2 0   976.2 0
 2026   5  1  5 10 28 10.467 113.63    -0.5 0     0.1 0     0.1 0     0.0 0   281.1 0   268.815 0   268.757 0   290.3 0   267.893 0   268.002 0     0.0 0     0.0 0     0.0 0    -9.1 0    -9.1 0    -4.3 0    79.0 0     0.6 0    13.4 0   976.2 0
 2026   5  1  5 10 29 10.483 113.44    -0.6 0     0.1 0     0.1 0     0.0 0   282.0 0   268.836 0   268.793 0   290.5 0   267.896 0   268.008 0     0.0 0     0.0 0     0.0 0    -8.5 0    -8.5 0    -4.3 0    78.9 0     0.7 0    17.5 0   976.1 0
 2026   5  1  5 10 30 10.500 113.25    -0.6 0     0.1 0     0.1 0     0.0 0   283.0 0   268.863 0   268.823 0   290.7 0   267.900 0   268.011 0     0.0 0     0.0 0     0.0 0    -7.7 0    -7.7 0    -4.3 0    79.0 0     0.8 0    27.4 0   976.1 0
 2026   5  1  5 10 31 10.517 113.07    -0.6 0     0.0 0     0.1 0     0.0 0   284.0 0   268.890 0   268.836 0   290.8 0   267.904 0   268.013 0     0.0 0     0.0 0     0.0 0    -6.8 0    -6.8 0    -4.3 0    79.2 0     1.0 0    41.7 0   976.0 0
 2026   5  1  5 10 32 10.533 112.88    -0.6 0     0.0 0     0.1 0     0.0 0   285.0 0   268.909 0   268.844 0   291.1 0   267.907 0   268.018 0     0.0 0     0.0 0     0.0 0    -6.2 0    -6.2 0    -4.3 0    79.2 0     1.0 0    45.9 0   976.0 0
 2026   5  1  5 10 33 10.550 112.69    -0.7 0     0.0 0     0.0 0     0.0 0   285.9 0   268.924 0   268.873 0   291.5 0   267.912 0   268.028 0     0.0 0     0.0 0     0.0 0    -5.7 0    -5.7 0    -4.3 0    78.8 0     1.3 0    52.5 0   975.9 0
 2026   5  1  5 10 34 10.567 112.51    -0.8 0    -0.1 0     0.0 0     0.0 0   286.6 0   268.945 0   268.911 0   291.8 0   267.921 0   268.041 0     0.0 0     0.0 0     0.0 0    -5.2 0    -5.2 0    -4.3 0    78.5 0     1.1 0    45.7 0   975.9 0
 2026   5  1  5 10 35 10.583 112.32    -0.9 0    -0.1 0     0.0 0     0.0 0   287.1 0   268.972 0   268.947 0   292.0 0   267.932 0   268.055 0     0.0 0     0.0 0     0.0 0    -4.8 0    -4.8 0    -4.2 0    78.2 0     0.9 0    37.2 0   975.9 0
 2026   5  1  5 10 36 10.600 112.14    -0.9 0    -0.1 0     0.1 0     0.0 0   287.6 0   269.000 0   268.952 0   292.1 0   267.944 0   268.068 0     0.0 0     0.0 0     0.0 0    -4.5 0    -4.5 0    -4.2 0    77.9 0     0.8 0    31.2 0   976.0 0
 2026   5  1  5 10 37 10.617 111.95    -0.8 0     0.0 0     0.1 0     0.0 0   287.9 0   269.021 0   268.966 0   292.2 0   267.956 0   268.075 0     0.0 0     0.0 0     0.0 0    -4.3 0    -4.3 0    -4.1 0    77.6 0     0.7 0    31.3 0   975.9 0
 2026   5  1  5 10 38 10.633 111.76    -0.8 0     0.0 0     0.1 0     0.0 0   288.1 0   269.040 0   268.994 0   292.3 0   267.967 0   268.085 0     0.0 0     0.0 0     0.0 0    -4.2 0    -4.2 0    -4.1 0    77.4 0     0.9 0    35.4 0   975.9 0
 2026   5  1  5 10 39 10.650 111.58    -0.8 0     0.0 0     0.1 0     0.0 0   288.1 0   269.062 0   269.009 0   292.3 0   267.978 0   268.095 0     0.0 0     0.0 0     0.0 0    -4.3 0    -4.3 0    -4.1 0    77.7 0     1.0 0    38.2 0   975.9 0
 2026   5  1  5 10 40 10.667 111.39    -0.8 0     0.0 0     0.1 0     0.0 0   288.0 0   269.081 0   269.014 0   292.4 0   267.988 0   268.107 0     0.0 0     0.0 0     0.0 0    -4.4 0    -4.4 0    -4.1 0    78.0 0     0.8 0    38.2 0   975.9 0
 2026   5  1  5 10 41 10.683 111.21    -0.8 0     0.0 0     0.1 0     0.0 0   287.9 0   269.093 0   269.015 0   292.5 0   267.998 0   268.119 0     0.0 0     0.0 0     0.0 0    -4.6 0    -4.6 0    -4.1 0    78.1 0     0.6 0    36.8 0   975.9 0
 2026   5  1  5 10 42 10.700 111.02    -0.8 0     0.1 0     0.2 0     0.0 0   287.9 0   269.099 0   269.023 0   292.5 0   268.007 0   268.126 0     0.0 0     0.0 0     0.0 0    -4.6 0    -4.6 0    -4.1 0    78.8 0     0.9 0    36.8 0   975.9 0
 2026   5  1  5 10 43 10.717 110.84    -0.9 0     0.1 0     0.1 0     0.0 0   288.3 0   269.110 0   269.086 0   292.7 0   268.016 0   268.136 0     0.0 0     0.0 0     0.0 0    -4.4 0    -4.4 0    -4.2 0    79.6 0     0.3 0    56.4 0   975.9 0
 2026   5  1  5 10 44 10.733 110.65    -0.9 0     0.0 0     0.1 0     0.0 0   288.3 0   269.132 0   269.084 0   292.8 0   268.025 0   268.152 0     0.0 0     0.0 0     0.0 0    -4.6 0    -4.6 0    -4.2 0    80.1 0     0.6 0    41.8 0   975.9 0
 2026   5  1  5 10 45 10.750 110.47    -0.9 0     0.0 0     0.1 0     0.0 0   288.6 0   269.145 0   269.084 0   293.1 0   268.037 0   268.166 0     0.0 0     0.0 0     0.0 0    -4.5 0    -4.5 0    -4.1 0    80.2 0     0.2 0    61.1 0   975.9 0
 2026   5  1  5 10 46 10.767 110.28    -0.9 0     0.1 0     0.2 0     0.0 0   288.8 0   269.152 0   269.094 0   293.1 0   268.046 0   268.168 0     0.0 0     0.0 0     0.0 0    -4.3 0    -4.3 0    -4.1 0    80.1 0     0.2 0    72.7 0   975.8 0
 2026   5  1  5 10 47 10.783 110.10    -0.9 0     0.1 0     0.1 0     0.0 0   289.3 0   269.161 0   269.127 0   293.3 0   268.054 0   268.178 0     0.0 0     0.0 0     0.0 0    -4.0 0    -4.0 0    -4.1 0    80.1 0     0.5 0    97.4 0   975.8 0
 2026   5  1  5 10 48 10.800 109.91    -1.0 0     0.1 0     0.1 0     0.0 0   289.7 0   269.184 0   269.188 0   293.6 0   268.064 0   268.187 0     0.0 0     0.0 0     0.0 0    -3.8 0    -3.8 0    -4.1 0    79.6 0     0.4 0    90.3 0   975.7 0
 2026   5  1  5 10 49 10.817 109.73    -1.0 0     0.1 0     0.1 0     0.0 0   290.0 0   269.216 0   269.215 0   293.7 0   268.074 0   268.197 0     0.0 0     0.0 0     0.0 0    -3.7 0    -3.7 0    -4.1 0    79.2 0     0.5 0    96.2 0   975.7 0
 2026   5  1  5 10 50 10.833 109.55    -1.1 0     0.1 0     0.1 0     0.0 0   290.3 0   269.247 0   269.248 0   293.9 0   268.084 0   268.211 0     0.0 0     0.0 0     0.0 0    -3.6 0    -3.6 0    -4.0 0    78.3 0     0.9 0    99.6 0   975.7 0
 2026   5  1  5 10 51 10.850 109.36    -1.1 0     0.1 0     0.0 0     0.0 0   290.6 0   269.280 0   269.291 0   294.0 0   268.098 0   268.224 0     0.0 0     0.0 0     0.0 0    -3.3 0    -3.3 0    -4.0 0    77.5 0     0.9 0    86.1 0   975.7 0
 2026   5  1  5 10 52 10.867 109.18    -1.2 0     0.1 0     0.0 0     0.0 0   290.9 0   269.319 0   269.334 0   294.1 0   268.112 0   268.236 0     0.0 0     0.0 0     0.0 0    -3.1 0    -3.1 0    -4.0 0    77.0 0     0.8 0    82.0 0   975.7 0
 2026   5  1  5 10 53 10.883 108.99    -1.2 0     0.1 0     0.0 0     0.0 0   291.1 0   269.360 0   269.381 0   294.2 0   268.126 0   268.251 0     0.0 0     0.0 0     0.0 0    -3.0 0    -3.0 0    -3.9 0    76.6 0     0.8 0    74.5 0   975.7 0
 2026   5  1  5 10 54 10.900 108.81    -1.2 0     0.1 0     0.0 0     0.0 0   291.2 0   269.402 0   269.425 0   294.3 0   268.141 0   268.267 0     0.0 0     0.0 0     0.0 0    -3.1 0    -3.1 0    -3.9 0    76.3 0     0.6 0    59.3 0   975.8 0
 2026   5  1  5 10 55 10.917 108.63    -1.2 0     0.1 0     0.0 0     0.0 0   291.2 0   269.444 0   269.460 0   294.4 0   268.156 0   268.284 0     0.0 0     0.0 0     0.0 0    -3.1 0    -3.1 0    -3.9 0    76.0 0     0.6 0    75.8 0   975.8 0
 2026   5  1  5 10 56 10.933 108.44    -1.2 0     0.1 0     0.1 0     0.0 0   291.3 0   269.483 0   269.482 0   294.4 0   268.170 0   268.294 0     0.0 0     0.0 0     0.0 0    -3.1 0    -3.1 0    -3.9 0    75.8 0     0.6 0    88.5 0   975.8 0
 2026   5  1  5 10 57 10.950 108.26    -1.2 0     0.1 0     0.1 0     0.0 0   291.6 0   269.518 0   269.509 0   294.5 0   268.185 0   268.314 0     0.0 0     0.0 0     0.0 0    -2.9 0    -2.9 0    -3.8 0    75.6 0     0.9 0    94.9 0   975.8 0
 2026   5  1  5 10 58 10.967 108.08    -1.2 0     0.1 0     0.1 0     0.0 0   291.9 0   269.551 0   269.533 0   294.6 0   268.201 0   268.329 0     0.0 0     0.0 0     0.0 0    -2.7 0    -2.7 0    -3.8 0    75.5 0     1.0 0   105.1 0   975.7 0
 2026   5  1  5 10 59 10.983 107.89    -1.2 0     0.1 0     0.1 0     0.0 0   292.2 0   269.578 0   269.530 0   294.6 0   268.219 0   268.351 0     0.0 0     0.0 0     0.0 0    -2.4 0    -2.4 0    -3.8 0    75.4 0     1.3 0    93.0 0   975.7 0
 2026   5  1  5 11  0 11.000 107.71    -1.1 0     0.1 0     0.1 0     0.0 0   292.5 0   269.600 0   269.549 0   294.6 0   268.237 0   268.370 0     0.0 0     0.0 0     0.0 0    -2.1 0    -2.1 0    -3.8 0    75.5 0     1.4 0    91.6 0   975.6 0
 2026   5  1  5 11  1 11.017 107.53    -1.1 0     0.1 0     0.1 0     0.0 0   292.7 0   269.621 0   269.591 0   294.6 0   268.256 0   268.382 0     0.0 0     0.0 0     0.0 0    -1.8 0    -1.8 0    -3.8 0    75.4 0     1.3 0    74.0 0   975.6 0
 2026   5  1  5 11  2 11.033 107.34    -1.1 0     0.1 0     0.1 0     0.0 0   292.8 0   269.644 0   269.603 0   294.5 0   268.272 0   268.396 0     0.0 0     0.0 0     0.0 0    -1.8 0    -1.8 0    -3.8 0    75.4 0     1.5 0    58.5 0   975.6 0
 2026   5  1  5 11  3 11.050 107.16    -1.0 0     0.1 0     0.1 0     0.0 0   292.8 0   269.661 0   269.611 0   294.6 0   268.287 0   268.411 0     0.0 0     0.0 0     0.0 0    -1.8 0    -1.8 0    -3.9 0    75.5 0     1.5 0    54.5 0   975.6 0
 2026   5  1  5 11  4 11.067 106.98    -1.0 0     0.1 0     0.1 0     0.0 0   292.8 0   269.675 0   269.628 0   294.6 0   268.301 0   268.426 0     0.0 0     0.0 0     0.0 0    -1.9 0    -1.9 0    -3.9 0    75.8 0     1.6 0    55.5 0   975.6 0
 2026   5  1  5 11  5 11.083 106.79    -1.0 0     0.0 0     0.1 0     0.0 0   292.8 0   269.690 0   269.644 0   294.6 0   268.316 0   268.441 0     0.0 0     0.0 0     0.0 0    -1.8 0    -1.8 0    -3.9 0    75.6 0     1.6 0    64.7 0   975.6 0
 2026   5  1  5 11  6 11.100 106.61    -1.0 0     0.0 0     0.1 0     0.0 0   293.0 0   269.704 0   269.653 0   294.6 0   268.332 0   268.455 0     0.0 0     0.0 0     0.0 0    -1.6 0    -1.6 0    -3.9 0    75.4 0     1.3 0    71.8 0   975.6 0
 2026   5  1  5 11  7 11.117 106.43    -0.9 0     0.0 0     0.1 0     0.0 0   293.2 0   269.717 0   269.656 0   294.7 0   268.347 0   268.471 0     0.0 0     0.0 0     0.0 0    -1.5 0    -1.5 0    -3.9 0    75.5 0     1.2 0    64.1 0   975.6 0
 2026   5  1  5 11  8 11.133 106.25    -0.9 0     0.0 0     0.1 0     0.0 0   293.4 0   269.727 0   269.668 0   294.8 0   268.361 0   268.484 0     0.0 0     0.0 0     0.0 0    -1.4 0    -1.4 0    -3.8 0    75.6 0     1.6 0    59.4 0   975.6 0
 2026   5  1  5 11  9 11.150 106.07    -0.9 0     0.0 0     0.1 0     0.1 0   293.4 0   269.737 0   269.675 0   294.8 0   268.374 0   268.499 0     0.0 0     0.0 0     0.0 0    -1.4 0    -1.4 0    -3.8 0    75.3 0     1.4 0    52.4 0   975.6 0
 2026   5  1  5 11 10 11.167 105.88    -0.9 0     0.0 0     0.1 0     0.0 0   293.2 0   269.746 0   269.692 0   294.8 0   268.389 0   268.514 0     0.0 0     0.0 0     0.0 0    -1.6 0    -1.6 0    -3.8 0    75.1 0     1.3 0    65.3 0   975.6 0
 2026   5  1  5 11 11 11.183 105.70    -0.9 0     0.0 0     0.1 0     0.0 0   292.9 0   269.756 0   269.696 0   294.8 0   268.403 0   268.527 0     0.0 0     0.0 0     0.0 0    -1.9 0    -1.9 0    -3.8 0    75.1 0     0.9 0    68.8 0   975.6 0
 2026   5  1  5 11 12 11.200 105.52    -0.8 0     0.0 0     0.1 0     0.0 0   292.5 0   269.764 0   269.682 0   294.8 0   268.415 0   268.537 0     0.0 0     0.0 0     0.0 0    -2.3 0    -2.3 0    -3.8 0    75.0 0     1.1 0    91.6 0   975.6 0
 2026   5  1  5 11 13 11.217 105.34    -0.8 0     0.1 0     0.1 0     0.0 0   292.4 0   269.765 0   269.666 0   294.8 0   268.427 0   268.548 0     0.0 0     0.0 0     0.0 0    -2.4 0    -2.4 0    -3.8 0    75.1 0     0.9 0    93.7 0   975.6 0
 2026   5  1  5 11 14 11.233 105.16    -0.8 0     0.1 0     0.1 0     0.0 0   292.4 0   269.764 0   269.676 0   294.8 0   268.437 0   268.557 0     0.0 0     0.0 0     0.0 0    -2.4 0    -2.4 0    -3.8 0    75.1 0     1.4 0    83.2 0   975.5 0
 2026   5  1  5 11 15 11.250 104.98    -0.8 0     0.0 0     0.2 0     0.0 0   292.5 0   269.764 0   269.671 0   294.9 0   268.449 0   268.572 0     0.0 0     0.0 0     0.0 0    -2.3 0    -2.3 0    -3.8 0    75.2 0     1.3 0    86.4 0   975.5 0
 2026   5  1  5 11 16 11.267 104.80    -0.8 0     0.1 0     0.2 0     0.0 0   292.6 0   269.765 0   269.687 0   294.9 0   268.461 0   268.582 0     0.0 0     0.0 0     0.0 0    -2.3 0    -2.3 0    -3.8 0    75.0 0     1.0 0    89.7 0   975.5 0
 2026   5  1  5 11 17 11.283 104.61    -0.8 0     0.1 0     0.2 0     0.0 0   292.4 0   269.768 0   269.682 0   294.9 0   268.472 0   268.591 0     0.0 0     0.0 0     0.0 0    -2.4 0    -2.4 0    -3.8 0    74.9 0     1.3 0    92.5 0   975.4 0
 2026   5  1  5 11 18 11.300 104.43    -0.7 0     0.1 0     0.1 0     0.0 0   292.1 0   269.769 0   269.677 0   294.8 0   268.483 0   268.600 0     0.0 0     0.0 0     0.0 0    -2.7 0    -2.7 0    -3.8 0    74.9 0     1.3 0    87.2 0   975.4 0
 2026   5  1  5 11 19 11.317 104.25    -0.7 0     0.1 0     0.2 0     0.0 0   291.7 0   269.767 0   269.657 0   294.8 0   268.492 0   268.612 0     0.0 0     0.0 0     0.0 0    -3.1 0    -3.1 0    -3.8 0    75.3 0     1.7 0    89.8 0   975.4 0
 2026   5  1  5 11 20 11.333 104.07    -0.7 0     0.1 0     0.2 0     0.0 0   291.4 0   269.762 0   269.651 0   294.8 0   268.503 0   268.622 0     0.0 0     0.0 0     0.0 0    -3.4 0    -3.4 0    -3.8 0    75.2 0     1.8 0    97.7 0   975.4 0
 2026   5  1  5 11 21 11.350 103.89    -0.7 0     0.1 0     0.2 0     0.0 0   291.1 0   269.757 0   269.649 0   294.8 0   268.513 0   268.632 0     0.0 0     0.0 0     0.0 0    -3.7 0    -3.7 0    -3.8 0    75.1 0     1.2 0   100.6 0   975.4 0
 2026   5  1  5 11 22 11.367 103.71    -0.7 0     0.1 0     0.2 0     0.0 0   291.1 0   269.755 0   269.661 0   294.8 0   268.523 0   268.640 0     0.0 0     0.0 0     0.0 0    -3.7 0    -3.7 0    -3.8 0    75.0 0     1.1 0    95.8 0   975.4 0
 2026   5  1  5 11 23 11.383 103.53    -0.7 0     0.1 0     0.1 0     0.0 0   291.4 0   269.755 0   269.673 0   294.8 0   268.532 0   268.648 0     0.0 0     0.0 0     0.0 0    -3.4 0    -3.4 0    -3.8 0    75.0 0     1.0 0    89.2 0   975.4 0
 2026   5  1  5 11 24 11.400 103.35    -0.7 0     0.1 0     0.1 0     0.0 0   291.7 0   269.760 0   269.688 0   294.8 0   268.540 0   268.655 0     0.0 0     0.0 0     0.0 0    -3.1 0    -3.1 0    -3.8 0    75.0 0     1.0 0    68.3 0   975.4 0
 2026   5  1  5 11 25 11.417 103.17    -0.7 0     0.1 0     0.1 0     0.0 0   292.0 0   269.765 0   269.696 0   294.9 0   268.547 0   268.660 0     0.0 0     0.0 0     0.0 0    -2.9 0    -2.9 0    -3.8 0    74.9 0     0.9 0    65.1 0   975.4 0
 2026   5  1  5 11 26 11.433 102.99    -0.7 0     0.1 0     0.1 0     0.0 0   292.3 0   269.771 0   269.707 0   294.9 0   268.553 0   268.665 0     0.0 0     0.0 0     0.0 0    -2.6 0    -2.6 0    -3.8 0    74.8 0     0.9 0    61.0 0   975.4 0
 2026   5  1  5 11 27 11.450 102.81    -0.7 0     0.1 0     0.1 0     0.0 0   292.6 0   269.778 0   269.718 0   295.0 0   268.559 0   268.671 0     0.0 0     0.0 0     0.0 0    -2.4 0    -2.4 0    -3.8 0    74.8 0     1.0 0    49.4 0   975.4 0
 2026   5  1  5 11 28 11.467 102.63    -0.7 0     0.1 0     0.1 0     0.0 0   292.9 0   269.787 0   269.724 0   295.0 0   268.564 0   268.676 0     0.0 0     0.0 0     0.0 0    -2.2 0    -2.2 0    -3.8 0    74.8 0     1.1 0    57.0 0   975.4 0
 2026   5  1  5 11 29 11.483 102.46    -0.7 0     0.1 0     0.1 0     0.0 0   293.1 0   269.795 0   269.730 0   295.1 0   268.570 0   268.681 0     0.0 0     0.0 0     0.0 0    -2.0 0    -2.0 0    -3.8 0    75.0 0     0.9 0    59.6 0   975.4 0
 2026   5  1  5 11 30 11.500 102.28    -0.6 0     0.1 0     0.1 0     0.0 0   293.3 0   269.802 0   269.749 0   295.2 0   268.575 0   268.685 0     0.0 0     0.0 0     0.0 0    -1.9 0    -1.9 0    -3.8 0    74.9 0     0.6 0    57.1 0   975.5 0
 2026   5  1  5 11 31 11.517 102.10    -0.6 0     0.1 0     0.1 0     0.0 0   293.3 0   269.819 0   269.788 0   295.2 0   268.579 0   268.689 0     0.0 0     0.0 0     0.0 0    -1.9 0    -1.9 0    -3.8 0    74.9 0     0.3 0    56.8 0   975.5 0
 2026   5  1  5 11 32 11.533 101.92    -0.6 0     0.1 0     0.1 0     0.0 0   293.4 0   269.841 0   269.799 0   295.3 0   268.583 0   268.694 0     0.0 0     0.0 0     0.0 0    -1.9 0    -1.9 0    -3.8 0    74.8 0     0.5 0    40.2 0   975.5 0
 2026   5  1  5 11 33 11.550 101.74    -0.6 0     0.1 0     0.1 0     0.0 0   293.5 0   269.863 0   269.829 0   295.4 0   268.587 0   268.701 0     0.0 0     0.0 0     0.0 0    -2.0 0    -2.0 0    -3.8 0    75.0 0     0.7 0    22.0 0   975.5 0
 2026   5  1  5 11 34 11.567 101.56    -0.6 0     0.1 0     0.1 0     0.0 0   293.6 0   269.886 0   269.835 0   295.5 0   268.592 0   268.706 0     0.0 0     0.0 0     0.0 0    -1.9 0    -1.9 0    -3.8 0    75.0 0     0.3 0    16.0 0   975.6 0
 2026   5  1  5 11 35 11.583 101.38    -0.6 0     0.1 0     0.1 0     0.0 0   293.7 0   269.900 0   269.840 0   295.4 0   268.598 0   268.711 0     0.0 0     0.0 0     0.0 0    -1.7 0    -1.7 0    -3.8 0    75.0 0     0.1 0     1.1 0   975.5 0
 2026   5  1  5 11 36 11.600 101.21    -0.6 0     0.1 0     0.1 0     0.0 0   293.8 0   269.911 0   269.858 0   295.5 0   268.603 0   268.717 0     0.0 0     0.0 0     0.0 0    -1.6 0    -1.6 0    -3.8 0    74.8 0     0.3 0     3.0 0   975.5 0
 2026   5  1  5 11 37 11.617 101.03    -0.7 0     0.1 0     0.1 0     0.0 0   293.8 0   269.927 0   269.880 0   295.5 0   268.609 0   268.724 0     0.0 0     0.0 0     0.0 0    -1.7 0    -1.7 0    -3.7 0    74.7 0     0.6 0    46.4 0   975.6 0
 2026   5  1  5 11 38 11.633 100.85    -0.7 0     0.1 0     0.1 0     0.0 0   293.9 0   269.944 0   269.891 0   295.6 0   268.615 0   268.732 0     0.0 0     0.0 0     0.0 0    -1.7 0    -1.7 0    -3.7 0    74.8 0     0.8 0    55.5 0   975.6 0
 2026   5  1  5 11 39 11.650 100.67    -0.7 0     0.0 0     0.1 0     0.0 0   294.0 0   269.959 0   269.900 0   295.6 0   268.623 0   268.743 0     0.0 0     0.0 0     0.0 0    -1.6 0    -1.6 0    -3.7 0    75.0 0     0.9 0    43.1 0   975.6 0
 2026   5  1  5 11 40 11.667 100.50    -0.7 0     0.0 0     0.1 0     0.0 0   294.1 0   269.971 0   269.914 0   295.7 0   268.631 0   268.750 0     0.0 0     0.0 0     0.0 0    -1.6 0    -1.6 0    -3.7 0    75.1 0     0.9 0    40.2 0   975.6 0
 2026   5  1  5 11 41 11.683 100.32    -0.7 0     0.1 0     0.1 0     0.0 0   294.1 0   269.983 0   269.930 0   295.8 0   268.638 0   268.756 0     0.0 0     0.0 0     0.0 0    -1.7 0    -1.7 0    -3.7 0    75.1 0     0.5 0    52.0 0   975.7 0
 2026   5  1  5 11 42 11.700 100.14    -0.7 0     0.1 0     0.1 0     0.0 0   294.1 0   269.995 0   269.915 0   295.8 0   268.645 0   268.763 0     0.0 0     0.0 0     0.0 0    -1.7 0    -1.7 0    -3.7 0    75.3 0     0.7 0    75.0 0   975.7 0
 2026   5  1  5 11 43 11.717  99.97    -0.7 0     0.1 0     0.1 0     0.0 0   294.4 0   270.000 0   269.930 0   295.8 0   268.652 0   268.772 0     0.0 0     0.0 0     0.0 0    -1.5 0    -1.5 0    -3.7 0    75.0 0     0.6 0    40.7 0   975.6 0
 2026   5  1  5 11 44 11.733  99.79    -0.7 0     0.0 0     0.1 0     0.0 0   294.6 0   270.008 0   269.947 0   295.9 0   268.661 0   268.786 0     0.0 0     0.0 0     0.0 0    -1.3 0    -1.3 0    -3.7 0    74.7 0     0.6 0    34.3 0   975.7 0
 2026   5  1  5 11 45 11.750  99.61    -0.8 0     0.0 0     0.1 0     0.0 0   294.5 0   270.019 0   269.967 0   296.0 0   268.671 0   268.792 0     0.0 0     0.0 0     0.0 0    -1.5 0    -1.5 0    -3.6 0    74.6 0     0.2 0    29.2 0   975.7 0
 2026   5  1  5 11 46 11.767  99.44    -0.8 0     0.1 0     0.1 0     0.0 0   294.6 0   270.028 0   269.981 0   296.1 0   268.680 0   268.803 0     0.0 0     0.0 0     0.0 0    -1.5 0    -1.5 0    -3.6 0    74.6 0     0.1 0   295.0 0   975.7 0
 2026   5  1  5 11 47 11.783  99.26    -0.8 0     0.1 0     0.1 0     0.0 0   294.5 0   270.039 0   269.997 0   296.2 0   268.689 0   268.810 0     0.0 0     0.0 0     0.0 0    -1.7 0    -1.7 0    -3.6 0    74.5 0     0.2 0    65.5 0   975.7 0
 2026   5  1  5 11 48 11.800  99.09    -0.8 0     0.1 0     0.1 0     0.0 0   294.3 0   270.053 0   270.014 0   296.1 0   268.698 0   268.819 0     0.0 0     0.0 0     0.0 0    -1.8 0    -1.8 0    -3.5 0    74.3 0     1.4 0    54.5 0   975.7 0
 2026   5  1  5 11 49 11.817  98.91    -0.8 0     0.1 0     0.1 0     0.0 0   293.9 0   270.066 0   269.997 0   296.0 0   268.707 0   268.827 0     0.0 0     0.0 0     0.0 0    -2.1 0    -2.1 0    -3.6 0    74.6 0     1.3 0    68.3 0   975.7 0
 2026   5  1  5 11 50 11.833  98.74    -0.7 0     0.1 0     0.2 0     0.0 0   293.4 0   270.070 0   269.981 0   295.9 0   268.716 0   268.835 0     0.0 0     0.0 0     0.0 0    -2.5 0    -2.5 0    -3.6 0    74.6 0     1.7 0    67.6 0   975.6 0
 2026   5  1  5 11 51 11.850  98.56    -0.8 0     0.0 0     0.2 0     0.0 0   292.8 0   270.072 0   269.977 0   295.7 0   268.726 0   268.846 0     0.0 0     0.0 0     0.0 0    -2.9 0    -2.9 0    -3.6 0    74.5 0     2.3 0    85.2 0   975.7 0
 2026   5  1  5 11 52 11.867  98.39    -0.8 0     0.0 0     0.2 0     0.0 0   292.2 0   270.070 0   269.942 0   295.6 0   268.738 0   268.860 0     0.0 0     0.0 0     0.0 0    -3.4 0    -3.4 0    -3.6 0    74.3 0     1.9 0   122.1 0   975.7 0
 2026   5  1  5 11 53 11.883  98.21    -0.8 0     0.0 0     0.1 0     0.0 0   291.8 0   270.063 0   269.962 0   295.6 0   268.750 0   268.867 0     0.0 0     0.0 0     0.0 0    -3.8 0    -3.8 0    -3.6 0    74.3 0     0.3 0   148.5 0   975.8 0
 2026   5  1  5 11 54 11.900  98.04    -0.8 0     0.1 0     0.1 0    -0.1 0   291.7 0   270.057 0   269.963 0   295.6 0   268.757 0   268.871 0     0.0 0     0.0 0     0.0 0    -4.0 0    -4.0 0    -3.6 0    74.2 0     0.1 0   199.6 0   975.8 0
 2026   5  1  5 11 55 11.917  97.86    -0.7 0     0.1 0     0.1 0     0.0 0   291.7 0   270.053 0   269.967 0   295.6 0   268.763 0   268.877 0     0.0 0     0.0 0     0.0 0    -3.9 0    -3.9 0    -3.5 0    74.4 0     0.4 0     9.8 0   975.8 0
 2026   5  1  5 11 56 11.933  97.69    -0.7 0     0.1 0     0.2 0     0.0 0   291.8 0   270.052 0   269.969 0   295.7 0   268.769 0   268.882 0     0.0 0     0.0 0     0.0 0    -3.9 0    -3.9 0    -3.5 0    74.7 0     0.6 0    32.5 0   975.8 0
 2026   5  1  5 11 57 11.950  97.51    -0.7 0     0.1 0     0.2 0     0.0 0   291.8 0   270.056 0   269.985 0   295.7 0   268.774 0   268.888 0     0.0 0     0.0 0     0.0 0    -3.9 0    -3.9 0    -3.6 0    74.9 0     0.8 0    86.8 0   975.8 0
 2026   5  1  5 11 58 11.967  97.34    -0.7 0     0.1 0     0.1 0     0.0 0   291.7 0   270.061 0   269.952 0   295.7 0   268.780 0   268.894 0     0.0 0     0.0 0     0.0 0    -4.0 0    -4.0 0    -3.6 0    74.8 0     1.0 0   108.7 0   975.7 0
 2026   5  1  5 11 59 11.983  97.17    -0.6 0     0.1 0     0.2 0     0.0 0   291.6 0   270.055 0   269.929 0   295.7 0   268.786 0   268.897 0     0.0 0     0.0 0     0.0 0    -4.0 0    -4.0 0    -3.6 0    75.1 0     1.1 0    87.0 0   975.6 0
 2026   5  1  5 12  0 12.000  96.99    -0.6 0     0.1 0     0.2 0     0.0 0   291.7 0   270.048 0   269.921 0   295.6 0   268.791 0   268.903 0     0.0 0     0.0 0     0.0 0    -3.9 0    -3.9 0    -3.6 0    74.9 0     2.0 0    92.0 0   975.5 0
 2026   5  1  5 12  1 12.017  96.82    -0.6 0     0.1 0     0.3 0     0.0 0   292.1 0   270.041 0   269.913 0   295.5 0   268.796 0   268.908 0     0.0 0     0.0 0     0.0 0    -3.5 0    -3.5 0    -3.6 0    74.5 0     2.2 0    92.2 0   975.5 0
 2026   5  1  5 12  2 12.033  96.65    -0.6 0     0.0 0     0.3 0     0.0 0   292.4 0   270.033 0   269.899 0   295.5 0   268.803 0   268.915 0     0.0 0     0.0 0     0.0 0    -3.1 0    -3.1 0    -3.6 0    74.4 0     2.2 0    97.8 0   975.5 0
 2026   5  1  5 12  3 12.050  96.47    -0.6 0     0.1 0     0.3 0     0.0 0   292.4 0   270.025 0   269.888 0   295.5 0   268.809 0   268.919 0     0.0 0     0.0 0     0.0 0    -3.1 0    -3.1 0    -3.7 0    74.5 0     1.7 0    96.0 0   975.6 0
 2026   5  1  5 12  4 12.067  96.30    -0.6 0     0.1 0     0.3 0     0.0 0   292.3 0   270.015 0   269.870 0   295.5 0   268.813 0   268.924 0     0.0 0     0.0 0     0.0 0    -3.2 0    -3.2 0    -3.7 0    74.9 0     1.7 0   100.5 0   975.6 0
 2026   5  1  5 12  5 12.083  96.13    -0.6 0     0.1 0     0.2 0     0.0 0   292.0 0   270.004 0   269.856 0   295.6 0   268.818 0   268.928 0     0.0 0     0.0 0     0.0 0    -3.5 0    -3.5 0    -3.7 0    75.0 0     1.5 0   132.4 0   975.7 0
 2026   5  1  5 12  6 12.100  95.96    -0.6 0     0.1 0     0.1 0     0.0 0   291.7 0   269.990 0   269.862 0   295.5 0   268.822 0   268.931 0     0.0 0     0.0 0     0.0 0    -3.8 0    -3.8 0    -3.7 0    74.6 0     1.2 0   127.7 0   975.7 0
 2026   5  1  5 12  7 12.117  95.79    -0.6 0     0.1 0     0.1 0     0.0 0   291.4 0   269.978 0   269.854 0   295.4 0   268.826 0   268.933 0     0.0 0     0.0 0     0.0 0    -4.0 0    -4.0 0    -3.7 0    74.5 0     1.1 0   118.7 0   975.7 0
 2026   5  1  5 12  8 12.133  95.61    -0.6 0     0.1 0     0.1 0     0.0 0   291.4 0   269.968 0   269.869 0   295.5 0   268.828 0   268.935 0     0.0 0     0.0 0     0.0 0    -4.1 0    -4.1 0    -3.7 0    74.5 0     0.5 0   118.1 0   975.7 0
 2026   5  1  5 12  9 12.150  95.44    -0.6 0     0.1 0     0.1 0     0.0 0   291.7 0   269.963 0   269.863 0   295.5 0   268.830 0   268.938 0     0.0 0     0.0 0     0.0 0    -3.8 0    -3.8 0    -3.7 0    74.7 0     0.7 0   101.4 0   975.7 0
 2026   5  1  5 12 10 12.167  95.27    -0.5 0     0.1 0     0.1 0     0.0 0   292.2 0   269.959 0   269.849 0   295.6 0   268.832 0   268.940 0     0.0 0     0.0 0     0.0 0    -3.4 0    -3.4 0    -3.7 0    74.8 0     0.9 0    95.1 0   975.7 0
 2026   5  1  5 12 11 12.183  95.10    -0.5 0     0.1 0     0.2 0     0.0 0   292.7 0   269.956 0   269.856 0   295.7 0   268.835 0   268.948 0     0.0 0     0.0 0     0.0 0    -3.1 0    -3.1 0    -3.7 0    74.8 0     2.0 0   103.0 0   975.8 0
 2026   5  1  5 12 12 12.200  94.93    -0.6 0     0.0 0     0.2 0     0.0 0   292.8 0   269.955 0   269.861 0   295.7 0   268.840 0   268.954 0     0.0 0     0.0 0     0.0 0    -3.0 0    -3.0 0    -3.6 0    74.5 0     0.8 0    96.2 0   975.8 0
 2026   5  1  5 12 13 12.217  94.76    -0.6 0     0.0 0     0.2 0     0.0 0   292.8 0   269.955 0   269.863 0   295.8 0   268.846 0   268.961 0     0.0 0     0.0 0     0.0 0    -3.0 0    -3.0 0    -3.6 0    74.3 0     1.1 0   138.9 0   975.8 0
 2026   5  1  5 12 14 12.233  94.59    -0.6 0     0.0 0     0.1 0     0.0 0   292.9 0   269.957 0   269.879 0   295.8 0   268.852 0   268.965 0     0.0 0     0.0 0     0.0 0    -2.9 0    -2.9 0    -3.6 0    74.3 0     0.6 0   178.1 0   975.8 0
 2026   5  1  5 12 15 12.250  94.42    -0.6 0     0.0 0     0.0 0     0.0 0   293.0 0   269.958 0   269.889 0   296.0 0   268.857 0   268.969 0     0.0 0     0.0 0     0.0 0    -2.9 0    -2.9 0    -3.6 0    74.2 0     0.5 0   170.3 0   975.8 0
 2026   5  1  5 12 16 12.267  94.25    -0.6 0     0.1 0     0.0 0     0.0 0   293.0 0   269.960 0   269.905 0   296.0 0   268.862 0   268.972 0     0.0 0     0.1 0     0.0 0    -2.9 0    -2.9 0    -3.5 0    74.0 0     0.0 0    84.1 0   975.8 0
 2026   5  1  5 12 17 12.283  94.08    -0.5 0     0.1 0     0.1 0     0.1 0   293.0 0   269.968 0   269.907 0   296.0 0   268.865 0   268.975 0     0.0 0     0.1 0     0.0 0    -3.0 0    -3.0 0    -3.5 0    74.0 0     0.6 0    86.6 0   975.7 0
 2026   5  1  5 12 18 12.300  93.91    -0.5 0     0.2 0     0.1 0     0.1 0   293.0 0   269.976 0   269.910 0   296.0 0   268.869 0   268.979 0     0.0 0     0.1 0     0.0 0    -3.0 0    -3.0 0    -3.5 0    73.9 0     0.5 0    94.7 0   975.7 0
 2026   5  1  5 12 19 12.317  93.74    -0.4 0     0.2 0     0.2 0     0.1 0   292.8 0   269.983 0   269.900 0   296.0 0   268.872 0   268.983 0     0.0 0     0.1 0     0.0 0    -3.2 0    -3.2 0    -3.5 0    73.9 0     1.0 0   118.7 0   975.7 0
 2026   5  1  5 12 20 12.333  93.57    -0.4 0     0.2 0     0.2 0     0.2 0   292.6 0   269.985 0   269.866 0   295.9 0   268.877 0   268.989 0     0.0 0     0.1 0     0.0 0    -3.3 0    -3.3 0    -3.5 0    73.8 0     1.3 0   120.6 0   975.7 0
 2026   5  1  5 12 21 12.350  93.40    -0.4 0     0.2 0     0.1 0     0.2 0   292.5 0   269.981 0   269.882 0   295.8 0   268.881 0   268.992 0     0.0 0     0.1 0     0.0 0    -3.3 0    -3.3 0    -3.5 0    73.8 0     1.1 0   127.3 0   975.8 0
 2026   5  1  5 12 22 12.367  93.23    -0.3 0     0.2 0     0.1 0     0.2 0   292.2 0   269.979 0   269.894 0   295.8 0   268.885 0   268.995 0     0.0 0     0.2 0     0.0 0    -3.6 0    -3.5 0    -3.6 0    73.9 0     1.4 0   117.8 0   975.8 0
 2026   5  1  5 12 23 12.383  93.07    -0.2 0     0.2 0     0.1 0     0.3 0   291.9 0   269.982 0   269.915 0   295.8 0   268.888 0   268.998 0     0.0 0     0.2 0     0.1 0    -3.8 0    -3.7 0    -3.6 0    74.1 0     1.2 0   104.5 0   975.9 0
 2026   5  1  5 12 24 12.400  92.90    -0.2 0     0.2 0     0.1 0     0.4 0   291.4 0   269.991 0   269.932 0   295.7 0   268.892 0   269.000 0     0.0 0     0.2 0     0.2 0    -4.4 0    -4.2 0    -3.6 0    74.1 0     0.8 0   103.6 0   975.8 0
 2026   5  1  5 12 25 12.417  92.73    -0.1 0     0.3 0     0.1 0     0.5 0   290.5 0   270.003 0   269.943 0   295.7 0   268.894 0   269.002 0     0.0 0     0.3 0     0.2 0    -5.2 0    -5.0 0    -3.6 0    74.1 0     0.4 0   112.1 0   975.9 0
 2026   5  1  5 12 26 12.433  92.56     0.0 0     0.3 0     0.1 0     0.6 0   289.2 0   270.017 0   269.971 0   295.6 0   268.896 0   269.003 0     0.0 0     0.3 0     0.3 0    -6.4 0    -6.1 0    -3.6 0    74.0 0     0.3 0   108.5 0   975.9 0
 2026   5  1  5 12 27 12.450  92.40     0.2 0     0.4 0     0.1 0     0.7 0   287.6 0   270.038 0   269.997 0   295.4 0   268.898 0   269.004 0     0.0 0     0.4 0     0.3 0    -7.8 0    -7.5 0    -3.6 0    74.0 0     0.0 0   104.4 0   975.9 0
 2026   5  1  5 12 28 12.467  92.23     0.3 0     0.4 0     0.1 0     0.8 0   285.1 0   270.062 0   270.009 0   295.1 0   268.899 0   269.005 0     0.0 0     0.4 0     0.4 0   -10.0 0    -9.6 0    -3.5 0    73.9 0     0.4 0   102.1 0   975.9 0
 2026   5  1  5 12 29 12.483  92.06     0.4 0     0.4 0     0.1 0     1.0 0   281.8 0   270.081 0   270.003 0   294.7 0   268.900 0   269.005 0     0.0 0     0.5 0     0.5 0   -12.9 0   -12.4 0    -3.5 0    73.9 0     0.4 0   105.8 0   975.8 0
 2026   5  1  5 12 30 12.500  91.90     0.6 0     0.5 0     0.1 0     1.1 0   277.3 0   270.097 0   270.009 0   294.1 0   268.900 0   269.003 0     0.0 0     0.6 0     0.6 0   -16.8 0   -16.2 0    -3.5 0    74.0 0     0.7 0    50.1 0   975.8 0
 2026   5  1  5 12 31 12.517  91.73     0.8 0     0.6 0     0.2 0     1.4 0   269.4 0   270.107 0   269.973 0   293.3 0   268.900 0   269.001 0     0.0 0     0.7 0     0.8 0   -23.8 0   -23.1 0    -3.6 0    74.1 0     1.0 0    44.6 0   975.8 0
 2026   5  1  5 12 32 12.533  91.56     1.0 0     0.7 0     0.2 0     1.6 0   259.2 0   270.110 0   269.957 0   291.9 0   268.898 0   268.996 0     0.0 0     0.9 0     0.9 0   -32.7 0   -31.7 0    -3.6 0    74.2 0     0.8 0    43.8 0   975.8 0
 2026   5  1  5 12 33 12.550  91.40     1.3 0     0.7 0     0.2 0     1.8 0   249.9 0   270.112 0   269.926 0   290.1 0   268.895 0   268.989 0     0.0 0     1.0 0     1.1 0   -40.2 0   -39.2 0    -3.6 0    74.2 0     0.6 0    29.6 0   975.8 0
 2026   5  1  5 12 34 12.567  91.23     1.6 0     0.9 0     0.2 0     2.1 0   244.4 0   270.101 0   269.858 0   288.5 0   268.890 0   268.978 0     0.0 0     1.2 0     1.2 0   -44.1 0   -42.9 0    -3.6 0    74.3 0     0.4 0    42.7 0   975.8 0
 2026   5  1  5 12 35 12.583  91.07     2.0 0     1.0 0     0.2 0     2.5 0   243.2 0   270.077 0   269.830 0   287.3 0   268.882 0   268.966 0     0.0 0     1.4 0     1.5 0   -44.1 0   -42.6 0    -3.6 0    74.4 0     0.5 0    89.6 0   975.8 0
 2026   5  1  5 12 36 12.600  90.90     2.3 0     1.1 0     0.2 0     2.9 0   244.1 0   270.057 0   269.820 0   287.0 0   268.872 0   268.957 0     0.0 0     1.6 0     1.8 0   -42.8 0   -41.0 0    -3.6 0    74.4 0     1.1 0   104.0 0   975.7 0
 2026   5  1  5 12 37 12.617  89.98     2.6 0     1.2 0     0.1 0     3.4 0   245.8 0   270.042 0   269.828 0   288.0 0   268.862 0   268.952 0     0.2 0     1.8 0     2.2 0   -42.2 0   -40.0 0    -3.7 0    74.5 0     1.1 0    81.7 0   975.6 0
 2026   5  1  5 12 38 12.633  89.87     3.0 0     1.3 0     0.1 0     3.8 0   247.0 0   270.032 0   269.816 0   288.3 0   268.854 0   268.946 0     0.2 0     2.1 0     2.5 0   -41.3 0   -38.8 0    -3.7 0    74.5 0     1.2 0    90.9 0   975.6 0
 2026   5  1  5 12 39 12.650  89.75     3.4 0     1.4 0     0.1 0     4.1 0   247.8 0   270.021 0   269.798 0   288.3 0   268.847 0   268.942 0     0.2 0     2.3 0     2.7 0   -40.5 0   -37.8 0    -3.7 0    74.6 0     1.1 0    88.6 0   975.6 0
 2026   5  1  5 12 40 12.667  89.63     3.7 0     1.5 0     0.1 0     4.4 0   248.2 0   270.008 0   269.776 0   288.0 0   268.840 0   268.934 0     0.2 0     2.4 0     2.9 0   -39.9 0   -37.0 0    -3.7 0    74.6 0     1.2 0    51.2 0   975.5 0
 2026   5  1  5 12 41 12.683  89.50     3.9 0     1.6 0     0.1 0     4.6 0   248.4 0   269.992 0   269.763 0   287.9 0   268.831 0   268.924 0     0.3 0     2.6 0     3.0 0   -39.6 0   -36.5 0    -3.7 0    74.6 0     1.3 0    76.7 0   975.6 0
 2026   5  1  5 12 42 12.700  89.37     4.2 0     1.6 0     0.1 0     4.9 0   248.7 0   269.975 0   269.751 0   288.2 0   268.823 0   268.918 0     0.3 0     2.7 0     3.3 0   -39.5 0   -36.3 0    -3.7 0    74.6 0     1.7 0   111.2 0   975.6 0
 2026   5  1  5 12 43 12.717  89.24     4.5 0     1.8 0     0.1 0     5.3 0   249.6 0   269.958 0   269.750 0   288.2 0   268.816 0   268.912 0     0.3 0     2.9 0     3.5 0   -38.6 0   -35.1 0    -3.7 0    74.7 0     1.1 0   118.5 0   975.6 0
 2026   5  1  5 12 44 12.733  89.11     5.0 0     2.0 0     0.0 0     5.7 0   251.0 0   269.946 0   269.745 0   287.6 0   268.809 0   268.903 0     0.3 0     3.1 0     3.7 0   -36.6 0   -32.9 0    -3.7 0    74.7 0     0.9 0   119.8 0   975.6 0
 2026   5  1  5 12 45 12.750  88.97     5.4 0     2.1 0     0.0 0     6.1 0   252.8 0   269.929 0   269.689 0   288.0 0   268.800 0   268.894 0     0.3 0     3.3 0     4.0 0   -35.2 0   -31.3 0    -3.7 0    74.7 0     1.8 0   144.1 0   975.6 0
 2026   5  1  5 12 46 12.767  88.83     5.7 0     2.2 0     0.0 0     6.5 0   254.6 0   269.906 0   269.677 0   288.3 0   268.793 0   268.888 0     0.4 0     3.5 0     4.2 0   -33.7 0   -29.5 0    -3.7 0    74.8 0     1.3 0   149.2 0   975.6 0
 2026   5  1  5 12 47 12.783  88.69     6.0 0     2.3 0     0.0 0     6.8 0   255.8 0   269.883 0   269.653 0   288.0 0   268.785 0   268.881 0     0.4 0     3.7 0     4.4 0   -32.2 0   -27.7 0    -3.7 0    74.8 0     0.9 0   158.7 0   975.6 0
 2026   5  1  5 12 48 12.800  88.55     6.4 0     2.4 0     0.0 0     7.1 0   256.7 0   269.859 0   269.664 0   287.9 0   268.779 0   268.877 0     0.4 0     3.8 0     4.6 0   -31.3 0   -26.6 0    -3.7 0    74.8 0     0.0 0   156.6 0   975.6 0
 2026   5  1  5 12 49 12.817  88.41     6.7 0     2.6 0    -0.1 0     7.4 0   256.8 0   269.840 0   269.655 0   287.5 0   268.773 0   268.871 0     0.5 0     4.0 0     4.9 0   -30.8 0   -25.9 0    -3.7 0    74.7 0     0.1 0   150.4 0   975.6 0
 2026   5  1  5 12 50 12.833  88.27     7.1 0     2.7 0    -0.1 0     7.8 0   256.2 0   269.823 0   269.652 0   287.2 0   268.765 0   268.864 0     0.5 0     4.2 0     5.1 0   -31.0 0   -25.9 0    -3.7 0    74.7 0     0.0 0   144.4 0   975.5 0
 2026   5  1  5 12 51 12.850  88.12     7.6 0     2.9 0     0.0 0     8.3 0   254.8 0   269.808 0   269.621 0   286.6 0   268.757 0   268.850 0     0.5 0     4.4 0     5.3 0   -31.9 0   -26.5 0    -3.7 0    74.7 0     0.0 0     0.0 0   975.5 0
 2026   5  1  5 12 52 12.867  87.98     8.2 0     3.2 0     0.0 0     8.9 0   253.2 0   269.792 0   269.622 0   286.3 0   268.746 0   268.835 0     0.6 0     4.7 0     5.7 0   -33.1 0   -27.4 0    -3.7 0    74.8 0     0.0 0     0.0 0   975.5 0
 2026   5  1  5 12 53 12.883  87.83     9.0 0     3.4 0     0.0 0     9.6 0   252.1 0   269.784 0   269.605 0   285.9 0   268.734 0   268.824 0     0.6 0     5.0 0     6.1 0   -33.8 0   -27.7 0    -3.7 0    74.8 0     0.0 0     0.0 0   975.5 0
 2026   5  1  5 12 54 12.900  87.68     9.9 0     3.8 0     0.0 0    10.5 0   252.3 0   269.770 0   269.587 0   286.8 0   268.724 0   268.821 0     0.6 0     5.4 0     6.8 0   -34.4 0   -27.7 0    -3.7 0    74.9 0     0.8 0   125.3 0   975.4 0
 2026   5  1  5 12 55 12.917  87.53    11.1 0     4.2 0     0.0 0    11.8 0   253.1 0   269.762 0   269.598 0   287.9 0   268.717 0   268.822 0     0.7 0     5.9 0     7.5 0   -34.8 0   -27.3 0    -3.7 0    74.9 0     1.0 0   163.5 0   975.4 0
 2026   5  1  5 12 56 12.933  87.39    12.6 0     4.9 0    -0.1 0    13.2 0   254.1 0   269.755 0   269.602 0   288.0 0   268.711 0   268.815 0     0.7 0     6.5 0     8.4 0   -33.9 0   -25.5 0    -3.7 0    74.9 0     0.8 0   238.5 0   975.4 0
 2026   5  1  5 12 57 12.950  87.24    14.6 0     5.7 0     0.0 0    15.1 0   254.9 0   269.744 0   269.562 0   287.8 0   268.705 0   268.811 0     0.8 0     7.2 0     9.4 0   -32.9 0   -23.5 0    -3.7 0    74.9 0     0.6 0   324.5 0   975.4 0
 2026   5  1  5 12 58 12.967  87.09    17.1 0     6.7 0     0.1 0    17.4 0   255.4 0   269.725 0   269.533 0   287.8 0   268.701 0   268.813 0     0.8 0     8.0 0    10.6 0   -32.5 0   -21.8 0    -3.7 0    74.9 0     0.6 0   342.9 0   975.4 0
 2026   5  1  5 12 59 12.983  86.94    20.3 0     8.0 0     0.2 0    20.2 0   256.1 0   269.692 0   269.465 0   288.0 0   268.698 0   268.812 0     0.8 0     9.1 0    12.3 0   -31.9 0   -19.6 0    -3.7 0    75.0 0     0.9 0   316.7 0   975.3 0
 2026   5  1  5 13  0 13.000  86.79    23.9 0     9.4 0     0.2 0    23.6 0   257.5 0   269.654 0   269.474 0   288.4 0   268.695 0   268.810 0     0.9 0    10.3 0    14.3 0   -30.9 0   -16.7 0    -3.7 0    74.9 0     0.6 0   273.2 0   975.3 0
 2026   5  1  5 13  1 13.017  86.64    27.1 0    10.7 0     0.2 0    27.0 0   259.5 0   269.631 0   269.496 0   288.8 0   268.694 0   268.815 0     0.9 0    11.6 0    16.3 0   -29.4 0   -13.1 0    -3.7 0    74.8 0     0.1 0    28.2 0   975.3 0
 2026   5  1  5 13  2 13.033  86.49    29.2 0    11.6 0     0.2 0    29.2 0   261.2 0   269.622 0   269.506 0   289.4 0   268.693 0   268.815 0     0.9 0    12.4 0    17.7 0   -28.2 0   -10.5 0    -3.7 0    74.7 0     1.5 0    48.2 0   975.3 0
 2026   5  1  5 13  3 13.050  86.34    29.7 0    11.7 0     0.2 0    29.9 0   262.4 0   269.620 0   269.497 0   290.0 0   268.692 0   268.814 0     1.0 0    12.6 0    18.1 0   -27.6 0    -9.5 0    -3.7 0    75.0 0     1.3 0    42.4 0   975.2 0
 2026   5  1  5 13  4 13.067  86.19    29.7 0    11.7 0     0.2 0    29.9 0   263.1 0   269.621 0   269.543 0   290.5 0   268.692 0   268.820 0     1.0 0    12.8 0    18.2 0   -27.4 0    -9.1 0    -3.7 0    75.1 0     1.7 0    72.0 0   975.2 0
 2026   5  1  5 13  5 13.083  86.04    30.0 0    11.8 0     0.2 0    30.4 0   263.7 0   269.634 0   269.573 0   290.9 0   268.696 0   268.826 0     1.0 0    13.2 0    18.6 0   -27.2 0    -8.7 0    -3.7 0    75.0 0     1.6 0   100.4 0   975.2 0
 2026   5  1  5 13  6 13.100  85.89    30.0 0    11.8 0     0.1 0    30.5 0   264.4 0   269.652 0   269.607 0   291.4 0   268.702 0   268.834 0     1.1 0    13.3 0    18.7 0   -27.0 0    -8.3 0    -3.7 0    74.9 0     1.3 0   103.0 0   975.2 0
 2026   5  1  5 13  7 13.117  85.74    30.0 0    11.8 0     0.1 0    30.5 0   265.4 0   269.676 0   269.650 0   291.5 0   268.709 0   268.842 0     1.1 0    13.3 0    18.7 0   -26.1 0    -7.4 0    -3.7 0    74.8 0     0.3 0    83.7 0   975.1 0
 2026   5  1  5 13  8 13.133  85.59    32.6 0    12.8 0     0.2 0    32.8 0   267.5 0   269.704 0   269.679 0   291.7 0   268.715 0   268.850 0     1.2 0    14.4 0    20.0 0   -24.3 0    -4.2 0    -3.6 0    74.6 0     0.1 0    65.9 0   975.1 0
 2026   5  1  5 13  9 13.150  85.44    36.5 0    14.3 0     0.2 0    36.5 0   270.1 0   269.732 0   269.719 0   292.2 0   268.722 0   268.859 0     1.2 0    15.9 0    22.3 0   -22.2 0     0.1 0    -3.6 0    74.3 0     1.1 0    84.3 0   975.1 0
 2026   5  1  5 13 10 13.167  85.29    40.0 0    15.6 0     0.3 0    40.0 0   272.2 0   269.761 0   269.749 0   292.8 0   268.730 0   268.871 0     1.3 0    17.1 0    24.4 0   -20.6 0     3.7 0    -3.6 0    74.4 0     0.9 0    56.8 0   975.1 0
 2026   5  1  5 13 11 13.183  85.14    40.8 0    16.0 0     0.4 0    41.0 0   273.6 0   269.787 0   269.755 0   293.2 0   268.739 0   268.882 0     1.3 0    17.3 0    25.0 0   -19.7 0     5.4 0    -3.6 0    74.3 0     1.5 0   113.7 0   975.1 0
 2026   5  1  5 13 12 13.200  84.99    42.0 0    16.5 0     0.4 0    42.0 0   275.0 0   269.806 0   269.774 0   293.7 0   268.749 0   268.894 0     1.3 0    17.6 0    25.5 0   -18.7 0     6.9 0    -3.6 0    74.4 0     1.5 0    92.7 0   975.1 0
 2026   5  1  5 13 13 13.217  84.84    44.6 0    17.6 0     0.2 0    44.4 0   276.3 0   269.825 0   269.815 0   294.1 0   268.761 0   268.910 0     1.3 0    18.7 0    26.9 0   -17.8 0     9.1 0    -3.6 0    74.5 0     1.1 0    86.5 0   975.1 0
 2026   5  1  5 13 14 13.233  84.69    46.6 0    18.4 0     0.1 0    46.5 0   277.2 0   269.850 0   269.859 0   294.5 0   268.774 0   268.925 0     1.3 0    19.4 0    28.2 0   -17.4 0    10.8 0    -3.6 0    74.4 0     0.8 0    90.1 0   975.0 0
 2026   5  1  5 13 15 13.250  84.54    46.6 0    18.3 0     0.1 0    46.5 0   277.8 0   269.877 0   269.892 0   295.0 0   268.787 0   268.940 0     1.4 0    19.3 0    28.2 0   -17.2 0    11.0 0    -3.5 0    74.4 0     0.6 0    76.7 0   975.0 0
 2026   5  1  5 13 16 13.267  84.39    47.2 0    18.5 0     0.1 0    47.0 0   278.4 0   269.904 0   269.913 0   295.3 0   268.801 0   268.955 0     1.4 0    19.5 0    28.5 0   -16.9 0    11.6 0    -3.5 0    74.5 0     0.8 0    53.2 0   975.0 0
 2026   5  1  5 13 17 13.283  84.24    48.1 0    18.8 0     0.1 0    47.9 0   279.5 0   269.925 0   269.902 0   295.5 0   268.815 0   268.967 0     1.4 0    19.9 0    29.1 0   -16.1 0    13.0 0    -3.5 0    74.3 0     1.1 0    22.2 0   974.9 0
 2026   5  1  5 13 18 13.300  84.09    48.1 0    18.8 0     0.2 0    48.0 0   281.4 0   269.935 0   269.917 0   295.9 0   268.829 0   268.984 0     1.4 0    19.9 0    29.2 0   -14.6 0    14.6 0    -3.5 0    74.6 0     0.9 0   330.9 0   975.0 0
 2026   5  1  5 13 19 13.317  83.94    45.5 0    17.8 0     0.3 0    45.7 0   283.7 0   269.943 0   269.897 0   296.1 0   268.845 0   268.999 0     1.4 0    19.0 0    28.0 0   -12.4 0    15.6 0    -3.5 0    74.3 0     1.3 0   298.1 0   975.0 0
 2026   5  1  5 13 20 13.333  83.79    39.9 0    15.6 0     0.3 0    40.7 0   285.1 0   269.944 0   269.885 0   296.3 0   268.860 0   269.010 0     1.4 0    17.0 0    25.1 0   -11.2 0    13.9 0    -3.5 0    74.1 0     0.6 0   273.2 0   975.0 0
 2026   5  1  5 13 21 13.350  83.64    33.8 0    13.2 0     0.2 0    34.8 0   284.9 0   269.944 0   269.901 0   296.5 0   268.873 0   269.018 0     1.4 0    14.9 0    21.6 0   -11.6 0    10.0 0    -3.5 0    74.1 0     0.4 0   311.1 0   975.1 0
 2026   5  1  5 13 22 13.367  83.49    30.2 0    11.7 0     0.4 0    31.1 0   284.2 0   269.944 0   269.884 0   296.3 0   268.885 0   269.026 0     1.5 0    13.6 0    19.4 0   -12.2 0     7.2 0    -3.5 0    74.0 0     1.1 0   331.1 0   975.1 0
 2026   5  1  5 13 23 13.383  83.35    28.8 0    11.1 0     0.6 0    29.6 0   283.3 0   269.942 0   269.892 0   296.2 0   268.898 0   269.035 0     1.6 0    13.2 0    18.5 0   -12.9 0     5.6 0    -3.5 0    74.3 0     1.7 0   348.9 0   975.1 0
 2026   5  1  5 13 24 13.400  83.20    28.2 0    10.8 0     0.7 0    28.9 0   282.3 0   269.944 0   269.891 0   296.1 0   268.910 0   269.046 0     1.6 0    13.1 0    18.2 0   -13.7 0     4.5 0    -3.5 0    74.3 0     1.6 0     5.3 0   975.1 0
 2026   5  1  5 13 25 13.417  83.05    27.9 0    10.6 0     0.5 0    28.6 0   281.1 0   269.948 0   269.895 0   296.0 0   268.922 0   269.058 0     1.7 0    13.1 0    18.1 0   -14.8 0     3.2 0    -3.5 0    74.3 0     1.3 0    23.3 0   975.2 0
 2026   5  1  5 13 26 13.433  82.90    28.2 0    10.7 0     0.4 0    28.8 0   278.6 0   269.955 0   269.908 0   295.8 0   268.935 0   269.071 0     1.8 0    13.3 0    18.2 0   -17.2 0     1.0 0    -3.5 0    74.3 0     1.4 0   359.4 0   975.2 0
 2026   5  1  5 13 27 13.450  82.76    28.7 0    10.8 0     0.5 0    29.3 0   273.9 0   269.963 0   269.910 0   295.4 0   268.947 0   269.083 0     2.0 0    13.7 0    18.6 0   -21.5 0    -2.9 0    -3.5 0    74.4 0     1.8 0   341.9 0   975.2 0
 2026   5  1  5 13 28 13.467  82.61    29.2 0    10.9 0     0.9 0    29.7 0   267.5 0   269.969 0   269.893 0   294.9 0   268.959 0   269.093 0     2.2 0    13.9 0    18.9 0   -27.3 0    -8.4 0    -3.5 0    74.6 0     1.9 0   340.6 0   975.2 0
 2026   5  1  5 13 29 13.483  82.46    29.8 0    11.1 0     1.2 0    30.2 0   261.2 0   269.971 0   269.883 0   294.2 0   268.971 0   269.104 0     2.4 0    14.2 0    19.3 0   -33.0 0   -13.7 0    -3.5 0    74.3 0     0.3 0   315.0 0   975.2 0
 2026   5  1  5 13 30 13.500  82.32    31.6 0    11.7 0     1.0 0    31.9 0   256.7 0   269.974 0   269.901 0   293.4 0   268.982 0   269.111 0     2.5 0    15.0 0    20.3 0   -36.7 0   -16.5 0    -3.4 0    74.1 0     0.1 0    19.6 0   975.2 0
 2026   5  1  5 13 31 13.517  82.17    35.2 0    13.1 0     2.6 0    35.0 0   254.3 0   269.982 0   269.894 0   292.9 0   268.990 0   269.119 0     2.7 0    16.4 0    22.3 0   -38.6 0   -16.3 0    -3.4 0    74.0 0     1.0 0    36.4 0   975.2 0
 2026   5  1  5 13 32 13.533  82.03    40.3 0    15.0 0     8.1 0    39.2 0   253.2 0   269.990 0   269.879 0   292.7 0   268.998 0   269.127 0     2.9 0    18.4 0    25.3 0   -39.5 0   -14.2 0    -3.4 0    73.9 0     1.7 0    49.5 0   975.2 0
 2026   5  1  5 13 33 13.550  81.88    44.0 0    16.2 0     2.6 0    43.5 0   252.5 0   269.996 0   269.878 0   292.7 0   269.006 0   269.139 0     3.0 0    19.9 0    27.6 0   -40.2 0   -12.6 0    -3.4 0    73.8 0     1.5 0    45.6 0   975.3 0
 2026   5  1  5 13 34 13.567  81.74    47.5 0    17.5 0     1.0 0    47.2 0   251.3 0   270.001 0   269.908 0   292.6 0   269.014 0   269.150 0     3.1 0    21.3 0    29.8 0   -41.2 0   -11.4 0    -3.4 0    74.0 0     0.6 0    66.7 0   975.3 0
 2026   5  1  5 13 35 13.583  81.59    50.4 0    18.6 0     0.4 0    50.1 0   250.4 0   270.003 0   269.890 0   292.6 0   269.023 0   269.163 0     3.2 0    22.4 0    31.5 0   -42.2 0   -10.7 0    -3.4 0    73.9 0     1.2 0   292.1 0   975.4 0
 2026   5  1  5 13 36 13.600  81.45    53.0 0    19.6 0     0.4 0    52.7 0   250.4 0   270.002 0   269.891 0   292.8 0   269.033 0   269.177 0     3.3 0    23.5 0    33.1 0   -42.3 0    -9.2 0    -3.3 0    73.6 0     1.2 0   326.6 0   975.3 0
 2026   5  1  5 13 37 13.617  81.30    56.8 0    21.0 0     0.4 0    56.4 0   251.8 0   270.003 0   269.908 0   293.1 0   269.044 0   269.193 0     3.4 0    25.1 0    35.4 0   -41.3 0    -5.9 0    -3.3 0    73.5 0     1.5 0   330.4 0   975.3 0
 2026   5  1  5 13 38 13.633  81.16    61.5 0    22.7 0     0.3 0    61.0 0   253.8 0   270.011 0   269.964 0   293.4 0   269.058 0   269.214 0     3.5 0    27.0 0    38.3 0   -39.7 0    -1.4 0    -3.3 0    73.5 0     0.5 0     7.7 0   975.2 0
 2026   5  1  5 13 39 13.650  81.02    65.2 0    24.1 0     0.2 0    64.7 0   255.0 0   270.029 0   270.025 0   293.8 0   269.073 0   269.232 0     3.6 0    28.6 0    40.7 0   -38.8 0     1.9 0    -3.2 0    73.3 0     0.6 0    14.4 0   975.2 0
 2026   5  1  5 13 40 13.667  80.87    66.3 0    24.5 0     0.1 0    66.1 0   254.7 0   270.052 0   270.026 0   294.1 0   269.088 0   269.250 0     3.7 0    29.1 0    41.6 0   -39.4 0     2.2 0    -3.2 0    73.3 0     0.1 0   270.5 0   975.1 0
 2026   5  1  5 13 41 13.683  80.73    65.1 0    24.1 0     0.1 0    65.3 0   253.1 0   270.067 0   269.997 0   294.2 0   269.103 0   269.263 0     3.8 0    28.7 0    41.2 0   -41.0 0     0.2 0    -3.2 0    72.7 0     1.9 0   297.2 0   975.0 0
 2026   5  1  5 13 42 13.700  80.59    63.5 0    23.5 0     0.3 0    63.9 0   250.6 0   270.076 0   270.003 0   294.1 0   269.119 0   269.277 0     3.9 0    28.0 0    40.4 0   -43.5 0    -3.1 0    -3.2 0    72.8 0     2.4 0   334.0 0   975.0 0
 2026   5  1  5 13 43 13.717  80.45    62.3 0    23.2 0     0.5 0    62.7 0   247.9 0   270.087 0   270.025 0   293.9 0   269.134 0   269.290 0     4.0 0    27.6 0    39.6 0   -46.0 0    -6.4 0    -3.2 0    73.1 0     1.9 0    58.7 0   975.0 0
 2026   5  1  5 13 44 13.733  80.31    63.1 0    23.5 0     2.4 0    63.0 0   246.1 0   270.103 0   270.060 0   293.6 0   269.149 0   269.304 0     4.1 0    28.0 0    39.9 0   -47.5 0    -7.6 0    -3.2 0    73.5 0     0.4 0   170.0 0   975.1 0
 2026   5  1  5 13 45 13.750  80.17    68.8 0    25.9 0    21.1 0    65.4 0   245.8 0   270.123 0   270.083 0   293.4 0   269.163 0   269.320 0     4.2 0    30.4 0    43.1 0   -47.6 0    -4.5 0    -3.2 0    73.3 0     0.2 0   266.4 0   975.1 0
 2026   5  1  5 13 46 13.767  80.03    77.1 0    29.3 0    46.6 0    69.3 0   246.6 0   270.143 0   270.094 0   293.8 0   269.178 0   269.347 0     4.4 0    32.8 0    48.0 0   -47.2 0     0.9 0    -3.1 0    73.0 0     0.0 0     0.0 0   975.1 0
 2026   5  1  5 13 47 13.783  79.88    74.8 0    27.8 0     2.2 0    74.1 0   248.2 0   270.159 0   270.120 0   293.9 0   269.194 0   269.359 0     4.6 0    32.8 0    46.7 0   -45.7 0     1.0 0    -3.0 0    72.4 0     0.1 0    26.0 0   975.1 0
 2026   5  1  5 13 48 13.800  79.74    79.5 0    29.5 0     0.7 0    78.9 0   249.4 0   270.177 0   270.148 0   294.2 0   269.210 0   269.376 0     4.7 0    34.7 0    49.5 0   -44.8 0     4.7 0    -2.9 0    72.0 0     0.5 0   347.8 0   975.0 0
 2026   5  1  5 13 49 13.817  79.61    82.3 0    30.6 0     0.4 0    81.8 0   249.6 0   270.192 0   270.157 0   294.5 0   269.226 0   269.394 0     4.8 0    35.8 0    51.3 0   -44.9 0     6.4 0    -2.9 0    71.9 0     1.3 0   341.4 0   975.0 0
 2026   5  1  5 13 50 13.833  79.47    83.3 0    31.0 0     0.4 0    83.0 0   248.7 0   270.204 0   270.159 0   294.7 0   269.243 0   269.412 0     4.9 0    36.2 0    52.1 0   -46.0 0     6.1 0    -3.0 0    72.1 0     1.4 0   317.6 0   975.0 0
 2026   5  1  5 13 51 13.850  79.33    83.3 0    31.1 0     0.4 0    83.2 0   247.0 0   270.215 0   270.190 0   294.7 0   269.260 0   269.430 0     5.0 0    36.3 0    52.2 0   -47.7 0     4.5 0    -3.0 0    72.3 0     0.3 0    45.8 0   975.1 0
 2026   5  1  5 13 52 13.867  79.19    82.7 0    31.0 0     0.3 0    82.9 0   244.9 0   270.234 0   270.223 0   294.6 0   269.277 0   269.445 0     5.1 0    36.1 0    52.0 0   -49.7 0     2.3 0    -3.0 0    72.2 0     0.6 0    42.9 0   975.0 0
 2026   5  1  5 13 53 13.883  79.05    82.0 0    30.8 0     0.3 0    82.2 0   243.0 0   270.257 0   270.231 0   294.5 0   269.294 0   269.461 0     5.2 0    35.9 0    51.5 0   -51.5 0     0.0 0    -2.9 0    72.1 0     0.3 0   324.4 0   975.1 0
 2026   5  1  5 13 54 13.900  78.91    81.9 0    30.9 0     0.6 0    82.1 0   242.1 0   270.272 0   270.230 0   294.3 0   269.310 0   269.476 0     5.2 0    36.0 0    51.3 0   -52.3 0    -0.9 0    -2.9 0    71.9 0     0.6 0   320.7 0   975.0 0
 2026   5  1  5 13 55 13.917  78.78    83.5 0    31.7 0     1.6 0    83.6 0   242.9 0   270.286 0   270.269 0   294.3 0   269.327 0   269.494 0     5.3 0    36.9 0    52.2 0   -51.4 0     0.8 0    -2.9 0    71.7 0     0.5 0   302.2 0   975.0 0
 2026   5  1  5 13 56 13.933  78.64    88.6 0    33.6 0     3.4 0    87.8 0   245.9 0   270.309 0   270.314 0   294.7 0   269.343 0   269.513 0     5.5 0    39.4 0    54.9 0   -48.8 0     6.1 0    -2.8 0    71.8 0     0.4 0   319.7 0   975.0 0
 2026   5  1  5 13 57 13.950  78.50   100.4 0    38.1 0    10.3 0    97.6 0   250.4 0   270.339 0   270.370 0   295.4 0   269.362 0   269.540 0     5.7 0    44.9 0    61.6 0   -45.0 0    16.6 0    -2.8 0    71.9 0     0.6 0    58.4 0   974.9 0
 2026   5  1  5 13 58 13.967  78.37   174.9 0    72.0 0   347.4 0   109.1 0   255.5 0   270.377 0   270.446 0   297.9 0   269.386 0   269.619 0     5.9 0    70.8 0   107.2 0   -42.5 0    64.7 0    -2.7 0    71.6 0     0.6 0    44.5 0   974.9 0
 2026   5  1  5 13 59 13.983  78.23   127.7 0    49.8 0    92.2 0   110.9 0   259.7 0   270.438 0   270.517 0   298.7 0   269.428 0   269.678 0     6.0 0    53.4 0    79.8 0   -39.0 0    40.8 0    -2.5 0    70.6 0     0.9 0    95.7 0   974.8 0
 2026   5  1  5 14  0 14.000  78.10   110.9 0    41.8 0     5.7 0   110.6 0   262.6 0   270.494 0   270.575 0   298.6 0   269.459 0   269.670 0     6.0 0    48.3 0    70.0 0   -35.9 0    34.0 0    -2.4 0    69.8 0     0.9 0    94.4 0   974.7 0
 2026   5  1  5 14  1 14.017  77.96   108.9 0    41.0 0     3.1 0   109.0 0   263.9 0   270.536 0   270.589 0   298.5 0   269.487 0   269.690 0     6.0 0    47.3 0    68.6 0   -34.5 0    34.1 0    -2.3 0    69.6 0     0.8 0    62.0 0   974.7 0
 2026   5  1  5 14  2 14.033  77.83   105.8 0    40.0 0     4.8 0   105.3 0   263.9 0   270.565 0   270.592 0   298.7 0   269.513 0   269.709 0     6.0 0    46.2 0    66.3 0   -34.8 0    31.5 0    -2.4 0    69.6 0     0.5 0   355.3 0   974.6 0
 2026   5  1  5 14  3 14.050  77.69   103.2 0    39.2 0    11.1 0   101.4 0   262.7 0   270.579 0   270.583 0   298.7 0   269.537 0   269.724 0     6.0 0    45.7 0    64.6 0   -36.0 0    28.6 0    -2.4 0    69.6 0     1.3 0   343.2 0   974.6 0
 2026   5  1  5 14  4 14.067  77.56   125.3 0    49.8 0   122.0 0   101.7 0   260.5 0   270.589 0   270.582 0   299.0 0   269.560 0   269.750 0     6.1 0    55.2 0    78.2 0   -38.5 0    39.7 0    -2.6 0    70.2 0     1.6 0   354.3 0   974.6 0
 2026   5  1  5 14  5 14.083  77.43   172.0 0    71.4 0   375.2 0    98.1 0   257.2 0   270.615 0   270.636 0   301.0 0   269.593 0   269.854 0     6.3 0    68.4 0   108.3 0   -43.8 0    64.5 0    -2.5 0    70.7 0     0.9 0   321.3 0   974.7 0
 2026   5  1  5 14  6 14.100  77.29    86.8 0    32.9 0     7.6 0    87.9 0   253.0 0   270.664 0   270.661 0   299.1 0   269.631 0   269.831 0     6.5 0    39.2 0    56.7 0   -46.2 0    10.6 0    -2.4 0    70.1 0     1.1 0     2.9 0   974.7 0
 2026   5  1  5 14  7 14.117  77.16    85.3 0    32.2 0     7.8 0    85.2 0   249.2 0   270.693 0   270.644 0   297.7 0   269.654 0   269.817 0     6.6 0    38.4 0    54.7 0   -48.5 0     6.2 0    -2.5 0    70.1 0     2.4 0   349.0 0   974.7 0
 2026   5  1  5 14  8 14.133  77.03    83.9 0    31.7 0     3.3 0    84.3 0   246.8 0   270.700 0   270.559 0   296.7 0   269.665 0   269.806 0     6.8 0    37.6 0    53.3 0   -49.8 0     3.5 0    -2.7 0    70.7 0     2.9 0   338.3 0   974.7 0
 2026   5  1  5 14  9 14.150  76.90    83.5 0    31.5 0     2.1 0    84.0 0   245.3 0   270.687 0   270.514 0   296.1 0   269.668 0   269.812 0     6.9 0    37.4 0    52.9 0   -50.8 0     2.1 0    -2.9 0    71.4 0     1.9 0   280.5 0   974.7 0
 2026   5  1  5 14 10 14.167  76.77    84.0 0    31.6 0     2.1 0    84.3 0   244.6 0   270.666 0   270.499 0   295.8 0   269.672 0   269.808 0     7.1 0    37.6 0    53.1 0   -51.2 0     1.9 0    -3.0 0    71.8 0     1.3 0   302.6 0   974.7 0
 2026   5  1  5 14 11 14.183  76.64    87.0 0    32.6 0     1.5 0    86.8 0   245.3 0   270.648 0   270.526 0   295.7 0   269.675 0   269.822 0     7.3 0    38.8 0    54.5 0   -50.3 0     4.2 0    -3.0 0    72.1 0     0.6 0   195.7 0   974.7 0
 2026   5  1  5 14 12 14.200  76.51    92.8 0    34.7 0     1.9 0    92.0 0   247.4 0   270.633 0   270.533 0   296.1 0   269.683 0   269.834 0     7.4 0    41.2 0    57.8 0   -48.7 0     9.1 0    -2.9 0    72.1 0     0.7 0   335.9 0   974.7 0
 2026   5  1  5 14 13 14.217  76.38   101.3 0    37.9 0     4.2 0    99.7 0   250.0 0   270.623 0   270.566 0   296.7 0   269.693 0   269.851 0     7.6 0    44.6 0    62.8 0   -46.7 0    16.1 0    -2.9 0    72.0 0     0.9 0   340.1 0   974.8 0
 2026   5  1  5 14 14 14.233  76.25   113.7 0    42.8 0    15.9 0   109.1 0   252.4 0   270.622 0   270.572 0   297.4 0   269.706 0   269.870 0     7.8 0    50.1 0    70.1 0   -45.0 0    25.1 0    -2.9 0    72.0 0     1.8 0    28.5 0   974.8 0
 2026   5  1  5 14 15 14.250  76.12   132.6 0    50.8 0    67.9 0   117.1 0   255.0 0   270.626 0   270.585 0   298.1 0   269.723 0   269.912 0     8.1 0    56.5 0    82.6 0   -43.1 0    39.5 0    -2.8 0    71.7 0     1.5 0    43.1 0   974.8 0
 2026   5  1  5 14 16 14.267  75.99   124.7 0    46.4 0     2.3 0   123.1 0   257.6 0   270.633 0   270.621 0   298.5 0   269.738 0   269.920 0     8.2 0    53.9 0    77.3 0   -40.8 0    36.4 0    -2.8 0    71.5 0     1.2 0   338.8 0   974.8 0
 2026   5  1  5 14 17 14.283  75.87   130.7 0    48.6 0     0.6 0   129.0 0   260.0 0   270.638 0   270.645 0   299.2 0   269.752 0   269.935 0     8.3 0    56.3 0    80.6 0   -39.2 0    41.4 0    -2.8 0    71.6 0     1.8 0   354.9 0   974.8 0
 2026   5  1  5 14 18 14.300  75.74   135.4 0    50.4 0     0.5 0   133.9 0   261.9 0   270.645 0   270.679 0   299.9 0   269.769 0   269.965 0     8.4 0    58.1 0    83.6 0   -38.0 0    45.6 0    -2.8 0    71.8 0     1.4 0    51.0 0   974.7 0
 2026   5  1  5 14 19 14.317  75.61   139.6 0    52.1 0     0.7 0   138.1 0   263.4 0   270.662 0   270.741 0   300.8 0   269.790 0   269.991 0     8.5 0    59.8 0    86.1 0   -37.4 0    48.7 0    -2.7 0    71.7 0     1.3 0   356.2 0   974.7 0
 2026   5  1  5 14 20 14.333  75.49   152.7 0    58.0 0    38.8 0   142.0 0   264.7 0   270.685 0   270.752 0   301.4 0   269.814 0   270.031 0     8.5 0    66.0 0    93.8 0   -36.7 0    57.1 0    -2.7 0    71.5 0     1.6 0   250.6 0   974.6 0
 2026   5  1  5 14 21 14.350  75.36   197.3 0    78.2 0   218.3 0   145.1 0   265.5 0   270.714 0   270.797 0   302.6 0   269.846 0   270.103 0     8.7 0    82.2 0   122.1 0   -37.1 0    85.0 0    -2.7 0    70.9 0     1.6 0   212.9 0   974.7 0
 2026   5  1  5 14 22 14.367  75.23   181.4 0    70.7 0   155.6 0   143.8 0   266.9 0   270.753 0   270.847 0   303.2 0   269.883 0   270.136 0     8.7 0    77.3 0   112.8 0   -36.3 0    76.5 0    -2.5 0    70.9 0     0.3 0   350.9 0   974.6 0
 2026   5  1  5 14 23 14.383  75.11   241.8 0    99.3 0   390.4 0   150.0 0   269.0 0   270.797 0   270.963 0   305.5 0   269.922 0   270.213 0     8.9 0   101.8 0   151.0 0   -36.5 0   114.5 0    -2.3 0    69.8 0     1.5 0   256.3 0   974.6 0
 2026   5  1  5 14 24 14.400  74.99   201.1 0    79.7 0   256.9 0   140.9 0   271.6 0   270.885 0   271.133 0   307.2 0   269.986 0   270.329 0     8.7 0    81.8 0   127.8 0   -35.6 0    92.2 0    -2.1 0    69.6 0     1.1 0   226.6 0   974.6 0
 2026   5  1  5 14 25 14.417  74.86   129.3 0    48.4 0     5.0 0   130.0 0   273.5 0   270.980 0   271.107 0   305.3 0   270.039 0   270.293 0     8.3 0    56.8 0    83.0 0   -31.8 0    51.2 0    -1.9 0    68.8 0     0.7 0   247.3 0   974.5 0
 2026   5  1  5 14 26 14.433  74.74   122.7 0    45.8 0     4.1 0   122.8 0   274.9 0   271.023 0   271.112 0   305.0 0   270.078 0   270.306 0     8.1 0    54.1 0    78.1 0   -30.1 0    48.0 0    -1.8 0    68.4 0     0.6 0   270.7 0   974.5 0
 2026   5  1  5 14 27 14.450  74.62   115.1 0    43.1 0     1.4 0   115.6 0   274.9 0   271.047 0   271.054 0   303.8 0   270.111 0   270.306 0     8.0 0    50.9 0    72.9 0   -28.9 0    44.0 0    -2.0 0    67.5 0     2.5 0   155.7 0   974.5 0
 2026   5  1  5 14 28 14.467  74.49   111.6 0    41.9 0     1.5 0   111.6 0   274.3 0   271.044 0   270.986 0   302.9 0   270.129 0   270.310 0     8.1 0    49.5 0    70.1 0   -28.6 0    41.5 0    -2.3 0    69.0 0     1.5 0   148.6 0   974.5 0
 2026   5  1  5 14 29 14.483  74.37   114.4 0    42.8 0     0.9 0   113.4 0   273.4 0   271.036 0   271.057 0   303.3 0   270.145 0   270.312 0     8.4 0    50.6 0    70.9 0   -29.9 0    40.9 0    -2.5 0    70.5 0     1.1 0    74.6 0   974.5 0
 2026   5  1  5 14 30 14.500  74.25   122.3 0    45.6 0     0.5 0   120.5 0   272.5 0   271.039 0   271.052 0   303.6 0   270.163 0   270.340 0     8.8 0    53.9 0    75.1 0   -31.1 0    44.0 0    -2.4 0    70.6 0     0.7 0   273.6 0   974.6 0
 2026   5  1  5 14 31 14.517  74.13   131.8 0    48.9 0     0.4 0   129.6 0   272.6 0   271.034 0   271.010 0   303.8 0   270.185 0   270.372 0     9.2 0    57.7 0    80.8 0   -31.3 0    49.5 0    -2.4 0    69.9 0     1.9 0   268.1 0   974.6 0
 2026   5  1  5 14 32 14.533  74.01   138.8 0    51.6 0     0.7 0   136.6 0   273.0 0   271.023 0   271.015 0   304.0 0   270.206 0   270.394 0     9.4 0    60.6 0    85.2 0   -31.0 0    54.2 0    -2.5 0    70.2 0     2.4 0   282.0 0   974.6 0
 2026   5  1  5 14 33 14.550  73.89   142.9 0    53.4 0     3.6 0   140.3 0   273.2 0   271.020 0   271.017 0   303.6 0   270.223 0   270.411 0     9.5 0    62.5 0    87.9 0   -30.4 0    57.5 0    -2.6 0    70.3 0     2.9 0   264.8 0   974.6 0
 2026   5  1  5 14 34 14.567  73.77   156.1 0    59.7 0    47.7 0   142.5 0   273.3 0   271.014 0   271.001 0   303.7 0   270.234 0   270.432 0     9.6 0    68.1 0    96.2 0   -30.4 0    65.8 0    -2.7 0    70.7 0     2.8 0   210.2 0   974.6 0
 2026   5  1  5 14 35 14.583  73.65   155.2 0    59.5 0    43.2 0   142.8 0   273.6 0   271.011 0   271.059 0   304.4 0   270.249 0   270.461 0     9.6 0    67.8 0    95.5 0   -30.8 0    64.7 0    -2.7 0    71.5 0     3.0 0   231.7 0   974.6 0
 2026   5  1  5 14 36 14.600  73.53   195.1 0    77.1 0   181.2 0   146.3 0   274.2 0   271.025 0   271.109 0   305.8 0   270.270 0   270.510 0     9.7 0    84.2 0   120.5 0   -31.6 0    88.9 0    -2.7 0    71.5 0     2.5 0   241.0 0   974.6 0
 2026   5  1  5 14 37 14.617  73.42   165.8 0    63.6 0    60.9 0   148.6 0   275.9 0   271.060 0   271.158 0   305.8 0   270.301 0   270.544 0     9.6 0    72.7 0   102.4 0   -29.9 0    72.4 0    -2.6 0    70.9 0     2.1 0   250.6 0   974.6 0
 2026   5  1  5 14 38 14.633  73.30   155.5 0    59.2 0    25.4 0   148.9 0   279.4 0   271.086 0   271.160 0   306.5 0   270.331 0   270.572 0     9.3 0    68.5 0    97.0 0   -27.1 0    69.8 0    -2.4 0    70.8 0     1.8 0   259.8 0   974.7 0
 2026   5  1  5 14 39 14.650  73.18   148.3 0    56.2 0    26.7 0   141.3 0   282.2 0   271.111 0   271.231 0   306.2 0   270.362 0   270.593 0     8.9 0    65.7 0    92.9 0   -24.0 0    68.9 0    -2.4 0    70.4 0     1.7 0   279.5 0   974.7 0
 2026   5  1  5 14 40 14.667  73.07   141.2 0    53.8 0    44.8 0   129.6 0   283.2 0   271.134 0   271.194 0   306.1 0   270.387 0   270.600 0     8.7 0    62.3 0    88.8 0   -22.9 0    65.9 0    -2.3 0    70.0 0     2.4 0   281.7 0   974.8 0
 2026   5  1  5 14 41 14.683  72.95   120.4 0    45.4 0     5.8 0   119.7 0   282.1 0   271.144 0   271.146 0   305.3 0   270.404 0   270.593 0     8.7 0    53.8 0    76.1 0   -23.1 0    52.9 0    -2.4 0    69.9 0     1.5 0   254.9 0   974.8 0
 2026   5  1  5 14 42 14.700  72.84   112.7 0    42.2 0     1.0 0   112.6 0   279.7 0   271.141 0   271.135 0   305.2 0   270.414 0   270.587 0     8.9 0    50.4 0    70.7 0   -25.5 0    45.3 0    -2.4 0    70.0 0     1.9 0   263.7 0   974.8 0
 2026   5  1  5 14 43 14.717  72.72   106.8 0    40.0 0     0.8 0   106.9 0   276.6 0   271.138 0   271.124 0   304.2 0   270.422 0   270.589 0     9.3 0    47.9 0    67.1 0   -27.6 0    39.5 0    -2.4 0    70.0 0     3.1 0   276.3 0   974.7 0
 2026   5  1  5 14 44 14.733  72.61   107.4 0    40.2 0     0.8 0   106.7 0   272.9 0   271.136 0   271.087 0   303.4 0   270.425 0   270.588 0     9.8 0    48.2 0    66.7 0   -30.5 0    36.2 0    -2.5 0    70.4 0     2.3 0   267.0 0   974.8 0
 2026   5  1  5 14 45 14.750  72.49   119.1 0    44.4 0     0.9 0   116.9 0   269.7 0   271.124 0   271.091 0   303.5 0   270.427 0   270.602 0    10.5 0    52.9 0    72.8 0   -33.8 0    38.9 0    -2.6 0    70.6 0     1.7 0   258.2 0   974.8 0
 2026   5  1  5 14 46 14.767  72.38   137.0 0    50.8 0     0.7 0   133.5 0   268.3 0   271.124 0   271.205 0   304.6 0   270.439 0   270.640 0    11.2 0    60.1 0    82.9 0   -36.3 0    46.6 0    -2.5 0    70.9 0     0.9 0   209.3 0   974.8 0
 2026   5  1  5 14 47 14.783  72.27   150.9 0    55.9 0     0.7 0   147.5 0   268.8 0   271.140 0   271.215 0   305.1 0   270.460 0   270.666 0    11.7 0    65.6 0    91.9 0   -36.3 0    55.5 0    -2.4 0    70.3 0     1.1 0   171.2 0   974.9 0
 2026   5  1  5 14 48 14.800  72.16   156.9 0    58.2 0     2.1 0   153.8 0   270.7 0   271.151 0   271.245 0   305.7 0   270.482 0   270.694 0    11.8 0    68.0 0    96.2 0   -35.0 0    61.2 0    -2.4 0    70.2 0     1.8 0   233.6 0   974.9 0
 2026   5  1  5 14 49 14.817  72.05   157.5 0    58.7 0     5.1 0   154.6 0   272.9 0   271.167 0   271.259 0   306.2 0   270.507 0   270.734 0    11.8 0    68.3 0    97.5 0   -33.3 0    64.2 0    -2.3 0    70.4 0     2.3 0   276.7 0   974.9 0
 2026   5  1  5 14 50 14.833  71.94   168.6 0    63.8 0    50.7 0   153.0 0   273.9 0   271.195 0   271.344 0   306.7 0   270.535 0   270.763 0    11.8 0    73.4 0   104.9 0   -32.8 0    72.1 0    -2.3 0    70.4 0     2.5 0   280.3 0   974.9 0
 2026   5  1  5 14 51 14.850  71.83   151.0 0    56.5 0    13.2 0   147.1 0   272.5 0   271.231 0   271.312 0   306.3 0   270.560 0   270.784 0    11.7 0    65.4 0    94.7 0   -33.8 0    60.9 0    -2.3 0    69.8 0     2.2 0   264.6 0   974.9 0
 2026   5  1  5 14 52 14.867  71.72   149.7 0    55.6 0     0.7 0   148.3 0   270.7 0   271.252 0   271.301 0   305.7 0   270.578 0   270.793 0    12.0 0    65.0 0    92.9 0   -35.0 0    57.9 0    -2.3 0    69.7 0     2.2 0   281.8 0   974.9 0
 2026   5  1  5 14 53 14.883  71.61   157.5 0    58.6 0     2.8 0   154.9 0   269.9 0   271.268 0   271.337 0   305.4 0   270.595 0   270.802 0    12.4 0    68.1 0    97.2 0   -35.5 0    61.7 0    -2.3 0    70.0 0     3.6 0   256.3 0   974.9 0
 2026   5  1  5 14 54 14.900  71.50   162.7 0    60.6 0     1.3 0   160.6 0   270.2 0   271.281 0   271.318 0   304.9 0   270.601 0   270.794 0    12.7 0    70.1 0   100.5 0   -34.6 0    65.8 0    -2.4 0    69.7 0     3.1 0   230.0 0   974.9 0
 2026   5  1  5 14 55 14.917  71.39   165.5 0    61.5 0     0.5 0   163.5 0   270.9 0   271.285 0   271.341 0   305.6 0   270.606 0   270.809 0    12.8 0    71.2 0   102.2 0   -34.7 0    67.5 0    -2.5 0    70.2 0     1.6 0   213.8 0   974.9 0
 2026   5  1  5 14 56 14.933  71.28   168.0 0    62.3 0     0.4 0   165.8 0   271.9 0   271.287 0   271.389 0   307.0 0   270.622 0   270.839 0    12.9 0    72.3 0   103.6 0   -35.1 0    68.5 0    -2.4 0    70.5 0     0.9 0   250.2 0   974.9 0
 2026   5  1  5 14 57 14.950  71.18   174.4 0    64.7 0    12.6 0   168.4 0   272.4 0   271.301 0   271.421 0   307.5 0   270.650 0   270.881 0    13.0 0    75.4 0   107.7 0   -35.1 0    72.7 0    -2.3 0    70.4 0     1.2 0   255.7 0   974.9 0
 2026   5  1  5 14 58 14.967  71.07   196.1 0    73.5 0    81.2 0   169.6 0   272.9 0   271.321 0   271.436 0   307.8 0   270.680 0   270.922 0    13.2 0    83.8 0   122.3 0   -34.9 0    87.4 0    -2.2 0    69.5 0     2.7 0   257.6 0   974.8 0
 2026   5  1  5 14 59 14.983  70.97   222.7 0    85.3 0   165.7 0   170.1 0   273.2 0   271.350 0   271.474 0   308.1 0   270.708 0   270.969 0    13.5 0    94.8 0   138.8 0   -34.8 0   103.9 0    -2.2 0    69.2 0     2.6 0   235.2 0   974.8 0
 2026   5  1  5 15  0 15.000  70.86   173.3 0    64.3 0    19.4 0   166.8 0   273.7 0   271.381 0   271.479 0   307.7 0   270.736 0   270.978 0    13.2 0    75.2 0   108.8 0   -33.9 0    74.9 0    -2.2 0    69.5 0     1.6 0   264.4 0   974.7 0
 2026   5  1  5 15  1 15.017  70.76   167.6 0    61.8 0     1.0 0   165.9 0   274.7 0   271.404 0   271.587 0   308.2 0   270.763 0   270.997 0    13.2 0    72.7 0   104.5 0   -33.5 0    71.0 0    -2.1 0    69.6 0     1.4 0   225.4 0   974.7 0
 2026   5  1  5 15  2 15.033  70.65   169.2 0    62.4 0     3.6 0   166.7 0   275.0 0   271.442 0   271.604 0   307.8 0   270.788 0   271.010 0    13.2 0    73.5 0   105.4 0   -32.7 0    72.7 0    -2.1 0    69.2 0     2.2 0   245.4 0   974.7 0
 2026   5  1  5 15  3 15.050  70.55   167.9 0    62.0 0     1.9 0   166.1 0   275.5 0   271.468 0   271.576 0   307.8 0   270.811 0   271.026 0    13.2 0    73.0 0   104.8 0   -32.4 0    72.4 0    -2.1 0    69.1 0     2.0 0   236.5 0   974.6 0
 2026   5  1  5 15  4 15.067  70.45   165.9 0    61.2 0     1.0 0   164.2 0   275.9 0   271.482 0   271.569 0   307.4 0   270.832 0   271.044 0    13.2 0    72.1 0   103.4 0   -31.6 0    71.8 0    -2.1 0    68.8 0     0.5 0   279.7 0   974.6 0
 2026   5  1  5 15  5 15.083  70.35   166.2 0    61.2 0     3.2 0   163.6 0   276.5 0   271.483 0   271.542 0   307.9 0   270.855 0   271.071 0    13.3 0    72.3 0   103.5 0   -31.5 0    72.0 0    -2.0 0    68.4 0     1.4 0   280.1 0   974.5 0
 2026   5  1  5 15  6 15.100  70.25   165.9 0    60.9 0     1.1 0   164.0 0   277.0 0   271.488 0   271.621 0   308.6 0   270.881 0   271.106 0    13.4 0    72.1 0   103.4 0   -31.6 0    71.8 0    -2.0 0    68.5 0     1.6 0   267.6 0   974.5 0
 2026   5  1  5 15  7 15.117  70.14   165.0 0    60.6 0     0.6 0   163.4 0   276.7 0   271.508 0   271.617 0   308.1 0   270.908 0   271.128 0    13.6 0    71.8 0   103.0 0   -31.3 0    71.7 0    -2.0 0    68.3 0     2.0 0   261.3 0   974.4 0
 2026   5  1  5 15  8 15.133  70.05   166.8 0    61.4 0     1.7 0   164.6 0   276.4 0   271.521 0   271.597 0   307.4 0   270.925 0   271.128 0    13.8 0    72.6 0   103.8 0   -31.1 0    72.7 0    -2.0 0    68.3 0     1.7 0   286.1 0   974.4 0
 2026   5  1  5 15  9 15.150  69.95   171.7 0    63.3 0     6.4 0   167.9 0   276.1 0   271.531 0   271.621 0   308.0 0   270.941 0   271.154 0    14.1 0    74.7 0   106.8 0   -31.8 0    75.0 0    -2.1 0    68.7 0     1.8 0   281.6 0   974.4 0
 2026   5  1  5 15 10 15.167  69.85   173.8 0    63.8 0     1.9 0   171.2 0   275.6 0   271.550 0   271.694 0   308.6 0   270.960 0   271.178 0    14.4 0    75.4 0   108.1 0   -33.0 0    75.1 0    -2.1 0    69.2 0     1.8 0   249.1 0   974.4 0
 2026   5  1  5 15 11 15.183  69.75   178.8 0    65.8 0     1.6 0   175.8 0   275.1 0   271.565 0   271.647 0   307.1 0   270.973 0   271.173 0    14.7 0    77.5 0   110.5 0   -32.1 0    78.5 0    -2.1 0    68.4 0     1.7 0   164.9 0   974.3 0
 2026   5  1  5 15 12 15.200  69.65   190.0 0    69.8 0    14.2 0   182.3 0   275.2 0   271.571 0   271.672 0   307.3 0   270.987 0   271.202 0    15.1 0    82.5 0   117.4 0   -32.1 0    85.3 0    -2.0 0    68.5 0     0.7 0    52.8 0   974.3 0
 2026   5  1  5 15 13 15.217  69.56   192.3 0    70.4 0     2.3 0   188.7 0   275.4 0   271.580 0   271.716 0   308.4 0   271.013 0   271.242 0    15.3 0    83.1 0   119.1 0   -33.0 0    86.1 0    -1.9 0    68.3 0     0.4 0   359.7 0   974.3 0
 2026   5  1  5 15 14 15.233  69.46   212.1 0    78.3 0    36.4 0   196.5 0   276.0 0   271.593 0   271.727 0   308.9 0   271.040 0   271.278 0    15.7 0    91.5 0   130.9 0   -32.9 0    98.0 0    -1.8 0    67.5 0     0.8 0     7.8 0   974.2 0
 2026   5  1  5 15 15 15.250  69.36   215.2 0    79.2 0    30.7 0   201.7 0   276.9 0   271.607 0   271.787 0   310.2 0   271.072 0   271.316 0    15.9 0    92.8 0   133.4 0   -33.3 0   100.1 0    -1.7 0    67.7 0     1.3 0   333.0 0   974.2 0
 2026   5  1  5 15 16 15.267  69.27   208.4 0    76.3 0     6.7 0   203.4 0   277.7 0   271.634 0   271.858 0   310.5 0   271.106 0   271.359 0    15.9 0    90.1 0   129.5 0   -32.8 0    96.8 0    -1.7 0    67.3 0     1.5 0   288.2 0   974.2 0
 2026   5  1  5 15 17 15.283  69.17   205.6 0    75.3 0     2.3 0   202.7 0   277.8 0   271.670 0   271.890 0   310.5 0   271.139 0   271.384 0    16.0 0    88.9 0   128.3 0   -32.7 0    95.5 0    -1.6 0    66.9 0     1.3 0   304.4 0   974.1 0
 2026   5  1  5 15 18 15.300  69.08   204.4 0    74.9 0     2.5 0   201.3 0   277.0 0   271.702 0   271.875 0   310.1 0   271.171 0   271.404 0    16.0 0    88.3 0   127.3 0   -33.1 0    94.2 0    -1.7 0    66.9 0     1.4 0   330.2 0   974.1 0
 2026   5  1  5 15 19 15.317  68.99   213.0 0    78.1 0    23.0 0   202.5 0   276.2 0   271.724 0   271.891 0   310.6 0   271.203 0   271.460 0    16.3 0    92.0 0   132.6 0   -34.4 0    98.2 0    -1.7 0    67.1 0     0.4 0   336.5 0   974.1 0
 2026   5  1  5 15 20 15.333  68.90   207.3 0    75.5 0     5.9 0   202.3 0   276.3 0   271.738 0   271.908 0   310.5 0   271.239 0   271.498 0    16.4 0    89.5 0   128.9 0   -34.1 0    94.8 0    -1.6 0    67.0 0     0.2 0   254.4 0   974.1 0
 2026   5  1  5 15 21 15.350  68.80   232.7 0    85.9 0    68.8 0   206.6 0   276.9 0   271.756 0   271.954 0   311.3 0   271.279 0   271.541 0    16.9 0   100.1 0   145.5 0   -34.4 0   111.1 0    -1.4 0    66.2 0     1.5 0   258.4 0   974.0 0
 2026   5  1  5 15 22 15.367  68.71   209.6 0    76.3 0     3.9 0   205.9 0   277.1 0   271.783 0   271.927 0   309.3 0   271.312 0   271.547 0    16.7 0    90.5 0   131.1 0   -32.2 0    98.9 0    -1.4 0    65.9 0     0.8 0   265.4 0   974.0 0
 2026   5  1  5 15 23 15.383  68.62   239.4 0    87.7 0    73.8 0   209.9 0   278.0 0   271.801 0   271.998 0   310.6 0   271.344 0   271.591 0    17.1 0   103.1 0   149.1 0   -32.6 0   116.5 0    -1.4 0    66.4 0     1.7 0   307.3 0   974.0 0
 2026   5  1  5 15 24 15.400  68.53   226.5 0    82.7 0    36.7 0   211.0 0   279.2 0   271.838 0   272.071 0   310.6 0   271.380 0   271.632 0    17.0 0    98.1 0   141.7 0   -31.4 0   110.4 0    -1.4 0    66.3 0     2.6 0   252.8 0   974.0 0
 2026   5  1  5 15 25 15.417  68.44   212.0 0    77.1 0     7.3 0   208.2 0   279.8 0   271.875 0   272.045 0   310.1 0   271.407 0   271.648 0    16.7 0    91.6 0   133.8 0   -30.4 0   103.4 0    -1.5 0    65.9 0     2.5 0   261.9 0   974.0 0
 2026   5  1  5 15 26 15.433  68.36   204.9 0    74.5 0     1.9 0   203.0 0   280.0 0   271.900 0   272.072 0   309.5 0   271.422 0   271.645 0    16.5 0    88.7 0   129.2 0   -29.5 0    99.7 0    -1.7 0    66.5 0     2.2 0   236.8 0   974.0 0
 2026   5  1  5 15 27 15.450  68.27   208.8 0    75.8 0    20.2 0   199.9 0   280.4 0   271.921 0   272.038 0   309.9 0   271.436 0   271.660 0    16.4 0    90.7 0   131.6 0   -29.5 0   102.1 0    -1.7 0    67.0 0     1.4 0   262.1 0   974.0 0
 2026   5  1  5 15 28 15.467  68.18   205.1 0    74.6 0    26.8 0   195.1 0   281.1 0   271.930 0   272.026 0   309.3 0   271.452 0   271.665 0    16.2 0    88.8 0   130.5 0   -28.2 0   102.3 0    -1.7 0    67.1 0     2.1 0   301.2 0   974.0 0
 2026   5  1  5 15 29 15.483  68.09   186.3 0    67.4 0     4.6 0   184.3 0   281.5 0   271.936 0   272.022 0   309.3 0   271.461 0   271.664 0    15.8 0    81.1 0   118.7 0   -27.8 0    90.9 0    -1.8 0    67.5 0     2.4 0   269.4 0   974.0 0
 2026   5  1  5 15 30 15.500  68.01   177.3 0    64.0 0     2.1 0   176.1 0   281.7 0   271.944 0   272.057 0   309.5 0   271.468 0   271.670 0    15.5 0    77.4 0   112.9 0   -27.8 0    85.2 0    -1.8 0    68.5 0     2.7 0   311.3 0   973.9 0
 2026   5  1  5 15 31 15.517  67.92   173.3 0    62.6 0     1.9 0   171.7 0   281.7 0   271.955 0   272.056 0   308.9 0   271.473 0   271.664 0    15.5 0    75.9 0   109.8 0   -27.2 0    82.6 0    -1.8 0    68.6 0     2.4 0   261.4 0   973.8 0
 2026   5  1  5 15 32 15.533  67.84   180.4 0    65.1 0    13.8 0   173.3 0   281.4 0   271.972 0   272.096 0   309.1 0   271.473 0   271.660 0    15.8 0    79.2 0   113.3 0   -27.7 0    85.6 0    -1.8 0    68.1 0     1.6 0   272.3 0   973.8 0
 2026   5  1  5 15 33 15.550  67.76   182.2 0    65.3 0     2.9 0   178.5 0   281.0 0   271.983 0   272.097 0   310.1 0   271.481 0   271.699 0    16.1 0    79.8 0   114.2 0   -29.1 0    85.1 0    -1.8 0    67.7 0     0.9 0   221.9 0   973.8 0
 2026   5  1  5 15 34 15.567  67.67   184.9 0    66.1 0     1.3 0   181.8 0   281.2 0   271.988 0   272.150 0   311.0 0   271.502 0   271.732 0    16.4 0    80.9 0   116.2 0   -29.9 0    86.3 0    -1.7 0    68.0 0     1.0 0   207.5 0   973.8 0
 2026   5  1  5 15 35 15.583  67.59   193.0 0    69.3 0    11.1 0   186.3 0   280.8 0   272.012 0   272.178 0   310.6 0   271.531 0   271.758 0    16.8 0    84.7 0   121.2 0   -29.8 0    91.4 0    -1.5 0    67.3 0     1.6 0   277.8 0   973.7 0
 2026   5  1  5 15 36 15.600  67.51   197.3 0    70.8 0     6.4 0   192.3 0   280.2 0   272.036 0   272.157 0   310.2 0   271.552 0   271.766 0    17.2 0    85.9 0   124.0 0   -30.0 0    93.9 0    -1.5 0    66.5 0     2.4 0   297.7 0   973.7 0
 2026   5  1  5 15 37 15.617  67.43   198.9 0    71.4 0     1.0 0   195.7 0   279.8 0   272.058 0   272.264 0   310.6 0   271.564 0   271.785 0    17.5 0    86.6 0   124.7 0   -30.8 0    93.8 0    -1.6 0    67.6 0     0.7 0   306.7 0   973.7 0
 2026   5  1  5 15 38 15.633  67.35   201.5 0    72.3 0     1.5 0   198.2 0   279.7 0   272.084 0   272.267 0   310.4 0   271.581 0   271.797 0    17.7 0    87.8 0   126.5 0   -30.7 0    95.8 0    -1.5 0    67.3 0     0.6 0   276.6 0   973.7 0
 2026   5  1  5 15 39 15.650  67.27   205.3 0    73.6 0     2.8 0   201.1 0   279.8 0   272.107 0   272.302 0   311.5 0   271.603 0   271.843 0    17.8 0    89.4 0   128.6 0   -31.7 0    96.9 0    -1.4 0    67.0 0     1.0 0   302.5 0   973.6 0
 2026   5  1  5 15 40 15.667  67.19   217.3 0    78.5 0    17.3 0   207.4 0   280.3 0   272.128 0   272.281 0   311.2 0   271.631 0   271.858 0    18.1 0    94.7 0   135.5 0   -30.9 0   104.7 0    -1.3 0    65.8 0     2.6 0   277.0 0   973.6 0
 2026   5  1  5 15 41 15.683  67.11   220.2 0    79.4 0    15.8 0   211.8 0   281.3 0   272.143 0   272.328 0   311.8 0   271.649 0   271.891 0    18.2 0    95.9 0   138.5 0   -30.5 0   108.0 0    -1.4 0    66.7 0     2.0 0   265.6 0   973.6 0
 2026   5  1  5 15 42 15.700  67.04   230.0 0    82.7 0    53.6 0   207.4 0   281.5 0   272.165 0   272.303 0   311.8 0   271.668 0   271.901 0    18.2 0   100.1 0   145.6 0   -30.3 0   115.3 0    -1.4 0    66.0 0     2.0 0   261.4 0   973.6 0
 2026   5  1  5 15 43 15.717  66.96   205.7 0    73.9 0    13.8 0   200.0 0   281.9 0   272.180 0   272.295 0   311.1 0   271.683 0   271.909 0    17.8 0    89.7 0   131.5 0   -29.2 0   102.2 0    -1.5 0    66.3 0     2.4 0   274.3 0   973.6 0
 2026   5  1  5 15 44 15.733  66.88   198.2 0    70.7 0     1.0 0   196.3 0   282.1 0   272.184 0   272.261 0   310.9 0   271.692 0   271.908 0    17.8 0    86.5 0   126.0 0   -28.7 0    97.3 0    -1.5 0    66.8 0     1.2 0   282.6 0   973.6 0
 2026   5  1  5 15 45 15.750  66.81   198.2 0    70.6 0     0.8 0   196.1 0   282.4 0   272.184 0   272.277 0   310.2 0   271.702 0   271.905 0    17.8 0    86.4 0   125.9 0   -27.9 0    98.0 0    -1.6 0    66.7 0     3.6 0   275.7 0   973.6 0
 2026   5  1  5 15 46 15.767  66.73   195.4 0    69.6 0     1.0 0   193.5 0   282.4 0   272.182 0   272.217 0   310.0 0   271.700 0   271.897 0    17.7 0    85.0 0   124.3 0   -27.6 0    96.6 0    -1.6 0    67.6 0     3.2 0   278.6 0   973.6 0
 2026   5  1  5 15 47 15.783  66.66   191.2 0    68.0 0     1.3 0   189.3 0   282.7 0   272.167 0   272.222 0   310.2 0   271.698 0   271.904 0    17.5 0    83.2 0   121.8 0   -27.6 0    94.2 0    -1.7 0    67.6 0     2.9 0   284.2 0   973.6 0
 2026   5  1  5 15 48 15.800  66.59   194.9 0    69.7 0    31.6 0   182.0 0   282.3 0   272.164 0   272.268 0   310.6 0   271.695 0   271.908 0    17.5 0    85.0 0   124.9 0   -28.3 0    96.6 0    -1.7 0    67.8 0     2.5 0   245.1 0   973.6 0
 2026   5  1  5 15 49 15.817  66.51   176.3 0    62.6 0     2.2 0   174.4 0   281.8 0   272.170 0   272.285 0   310.2 0   271.695 0   271.894 0    17.3 0    77.3 0   112.7 0   -28.4 0    84.3 0    -1.7 0    67.5 0     2.8 0   264.1 0   973.6 0
 2026   5  1  5 15 50 15.833  66.44   188.0 0    67.4 0    19.9 0   178.1 0   280.9 0   272.182 0   272.304 0   309.8 0   271.692 0   271.888 0    17.9 0    82.5 0   118.7 0   -28.9 0    89.7 0    -1.7 0    67.3 0     3.7 0   267.4 0   973.6 0
 2026   5  1  5 15 51 15.850  66.37   205.0 0    73.8 0    54.4 0   181.9 0   279.4 0   272.204 0   272.344 0   310.3 0   271.684 0   271.893 0    18.6 0    89.2 0   129.9 0   -30.9 0    99.0 0    -1.8 0    67.6 0     2.7 0   241.5 0   973.6 0
 2026   5  1  5 15 52 15.867  66.30   213.7 0    75.6 0    63.9 0   186.5 0   278.2 0   272.225 0   272.344 0   311.2 0   271.687 0   271.925 0    19.2 0    92.0 0   136.5 0   -33.1 0   103.5 0    -1.7 0    67.6 0     1.5 0   258.0 0   973.5 0
 2026   5  1  5 15 53 15.883  66.23   193.2 0    67.8 0     1.8 0   190.1 0   277.3 0   272.240 0   272.358 0   310.7 0   271.701 0   271.928 0    19.4 0    84.0 0   123.0 0   -33.4 0    89.6 0    -1.6 0    67.4 0     2.5 0   271.8 0   973.5 0
 2026   5  1  5 15 54 15.900  66.16   202.5 0    71.0 0     1.4 0   199.0 0   276.5 0   272.250 0   272.318 0   309.6 0   271.709 0   271.912 0    19.9 0    87.6 0   128.6 0   -33.1 0    95.5 0    -1.6 0    66.9 0     2.1 0   300.7 0   973.4 0
 2026   5  1  5 15 55 15.917  66.10   208.0 0    72.8 0     1.5 0   204.5 0   276.6 0   272.253 0   272.424 0   310.5 0   271.709 0   271.913 0    20.2 0    89.8 0   132.3 0   -33.9 0    98.4 0    -1.6 0    67.3 0     2.3 0   257.3 0   973.4 0
 2026   5  1  5 15 56 15.933  66.03   211.4 0    74.1 0     3.5 0   207.1 0   276.5 0   272.275 0   272.471 0   310.5 0   271.711 0   271.904 0    20.4 0    91.3 0   134.4 0   -33.9 0   100.5 0    -1.6 0    67.2 0     3.3 0   231.1 0   973.4 0
 2026   5  1  5 15 57 15.950  65.96   207.2 0    72.7 0     2.5 0   204.2 0   276.5 0   272.294 0   272.392 0   309.2 0   271.710 0   271.907 0    20.2 0    89.7 0   132.5 0   -32.7 0    99.8 0    -1.6 0    66.8 0     1.6 0    76.7 0   973.4 0
 2026   5  1  5 15 58 15.967  65.90   202.7 0    71.0 0     4.4 0   199.1 0   276.8 0   272.293 0   272.399 0   310.6 0   271.717 0   271.923 0    20.0 0    88.0 0   130.0 0   -33.8 0    96.2 0    -1.5 0    67.0 0     0.8 0    10.7 0   973.3 0
 2026   5  1  5 15 59 15.983  65.83   212.1 0    74.6 0    17.8 0   201.6 0   276.9 0   272.293 0   272.422 0   311.5 0   271.734 0   271.963 0    20.4 0    93.0 0   134.2 0   -34.6 0    99.7 0    -1.4 0    66.8 0     1.5 0   273.2 0   973.3 0
 2026   5  1  5 16  0 16.000  65.77   277.1 0   100.1 0   154.0 0   212.7 0   276.9 0   272.309 0   272.479 0   311.8 0   271.758 0   272.009 0    21.8 0   118.2 0   175.8 0   -34.9 0   140.9 0    -1.3 0    65.8 0     3.7 0   258.7 0   973.2 0
 2026   5  1  5 16  1 16.017  65.70   227.5 0    79.6 0    22.0 0   215.7 0   276.9 0   272.333 0   272.460 0   311.7 0   271.774 0   272.018 0    21.3 0    98.7 0   145.2 0   -34.8 0   110.4 0    -1.4 0    66.0 0     2.2 0   222.2 0   973.2 0
 2026   5  1  5 16  2 16.033  65.64   229.9 0    80.7 0    13.6 0   221.7 0   277.5 0   272.346 0   272.501 0   311.3 0   271.788 0   272.018 0    21.4 0    99.7 0   146.6 0   -33.7 0   112.9 0    -1.4 0    66.0 0     3.1 0   220.9 0   973.2 0
 2026   5  1  5 16  3 16.050  65.58   225.9 0    79.3 0     4.9 0   222.0 0   278.4 0   272.361 0   272.512 0   311.5 0   271.799 0   272.037 0    21.3 0    97.5 0   144.8 0   -33.2 0   111.6 0    -1.4 0    66.2 0     2.9 0   196.3 0   973.2 0
 2026   5  1  5 16  4 16.067  65.52   227.2 0    79.7 0     9.4 0   221.2 0   279.6 0   272.375 0   272.549 0   311.9 0   271.815 0   272.064 0    21.2 0    98.4 0   145.4 0   -32.2 0   113.1 0    -1.4 0    66.4 0     0.6 0   174.1 0   973.2 0
 2026   5  1  5 16  5 16.083  65.46   327.2 0   116.8 0   257.3 0   219.6 0   281.2 0   272.398 0   272.632 0   315.0 0   271.849 0   272.155 0    22.6 0   139.5 0   209.7 0   -33.8 0   175.9 0    -1.2 0    66.1 0     1.8 0   276.4 0   973.1 0
 2026   5  1  5 16  6 16.100  65.40   219.1 0    76.1 0    25.4 0   208.8 0   281.9 0   272.448 0   272.675 0   313.9 0   271.901 0   272.196 0    20.7 0    95.2 0   143.3 0   -32.0 0   111.2 0    -1.1 0    65.2 0     2.3 0   278.1 0   973.2 0
 2026   5  1  5 16  7 16.117  65.34   222.8 0    77.3 0    46.6 0   203.4 0   282.3 0   272.493 0   272.701 0   312.7 0   271.935 0   272.192 0    20.7 0    97.4 0   145.6 0   -30.4 0   115.3 0    -1.0 0    65.2 0     2.8 0   258.6 0   973.2 0
 2026   5  1  5 16  8 16.133  65.28   200.6 0    69.1 0     4.1 0   198.3 0   282.4 0   272.533 0   272.724 0   312.1 0   271.956 0   272.183 0    20.3 0    87.4 0   130.9 0   -29.7 0   101.2 0    -1.1 0    65.6 0     3.2 0   257.8 0   973.2 0
 2026   5  1  5 16  9 16.150  65.22   204.6 0    70.3 0     1.5 0   201.7 0   282.5 0   272.555 0   272.656 0   311.1 0   271.967 0   272.170 0    20.6 0    89.1 0   132.1 0   -28.6 0   103.5 0    -1.1 0    64.9 0     2.6 0   275.5 0   973.2 0
 2026   5  1  5 16 10 16.167  65.17   215.1 0    73.6 0     3.6 0   210.4 0   282.8 0   272.564 0   272.729 0   311.9 0   271.975 0   272.190 0    21.1 0    93.6 0   138.3 0   -29.2 0   109.1 0    -1.2 0    64.9 0     3.0 0   258.0 0   973.3 0
 2026   5  1  5 16 11 16.183  65.11   220.2 0    75.3 0     0.5 0   216.9 0   283.1 0   272.580 0   272.742 0   311.1 0   271.979 0   272.180 0    21.4 0    95.6 0   141.7 0   -28.0 0   113.8 0    -1.3 0    65.3 0     5.0 0   226.5 0   973.2 0
 2026   5  1  5 16 12 16.200  65.06   221.6 0    75.9 0     0.6 0   218.6 0   283.5 0   272.593 0   272.737 0   310.6 0   271.968 0   272.156 0    21.3 0    96.3 0   142.9 0   -27.1 0   115.9 0    -1.4 0    65.6 0     4.8 0   227.9 0   973.1 0
 2026   5  1  5 16 13 16.217  65.00   219.8 0    75.3 0     0.8 0   217.1 0   284.2 0   272.596 0   272.708 0   310.2 0   271.955 0   272.138 0    21.1 0    95.7 0   142.1 0   -26.0 0   116.1 0    -1.5 0    65.8 0     4.3 0   239.5 0   973.0 0
 2026   5  1  5 16 14 16.233  64.95   214.6 0    73.4 0     0.6 0   212.3 0   284.5 0   272.593 0   272.728 0   310.9 0   271.946 0   272.144 0    20.8 0    93.6 0   139.2 0   -26.5 0   112.8 0    -1.5 0    66.2 0     3.7 0   188.7 0   973.0 0
 2026   5  1  5 16 15 16.250  64.90   206.2 0    70.5 0     0.8 0   204.5 0   284.4 0   272.592 0   272.726 0   311.1 0   271.943 0   272.144 0    20.3 0    90.2 0   134.3 0   -26.7 0   107.6 0    -1.5 0    66.2 0     2.8 0   202.0 0   973.0 0
 2026   5  1  5 16 16 16.267  64.85   199.4 0    67.7 0     0.5 0   197.6 0   284.9 0   272.596 0   272.774 0   312.7 0   271.952 0   272.173 0    20.1 0    87.4 0   130.1 0   -27.9 0   102.3 0    -1.3 0    66.7 0     2.3 0   262.5 0   973.1 0
 2026   5  1  5 16 17 16.283  64.79   193.7 0    65.5 0     0.4 0   192.0 0   284.7 0   272.612 0   272.758 0   312.2 0   271.971 0   272.188 0    19.8 0    85.0 0   126.7 0   -27.6 0    99.1 0    -1.2 0    65.7 0     2.6 0   262.7 0   973.1 0
 2026   5  1  5 16 18 16.300  64.74   189.2 0    64.0 0     0.4 0   187.4 0   284.9 0   272.623 0   272.774 0   311.7 0   271.985 0   272.186 0    19.5 0    83.2 0   123.6 0   -26.8 0    96.8 0    -1.2 0    65.3 0     3.9 0   230.1 0   973.1 0
 2026   5  1  5 16 19 16.317  64.70   186.4 0    63.3 0     0.4 0   184.6 0   285.1 0   272.635 0   272.762 0   311.5 0   271.988 0   272.184 0    19.3 0    82.1 0   121.5 0   -26.4 0    95.2 0    -1.2 0    65.2 0     2.6 0   226.5 0   973.0 0
 2026   5  1  5 16 20 16.333  64.65   184.6 0    62.5 0     0.4 0   182.7 0   285.8 0   272.644 0   272.786 0   312.0 0   271.998 0   272.198 0    19.2 0    81.6 0   120.3 0   -26.2 0    94.1 0    -1.2 0    65.6 0     3.4 0   283.9 0   973.0 0
 2026   5  1  5 16 21 16.350  64.60   188.6 0    64.0 0     0.5 0   185.9 0   285.5 0   272.658 0   272.767 0   311.2 0   272.004 0   272.199 0    19.4 0    83.3 0   122.1 0   -25.6 0    96.5 0    -1.2 0    65.1 0     3.7 0   272.0 0   973.0 0
 2026   5  1  5 16 22 16.367  64.55   197.8 0    66.8 0     1.1 0   194.1 0   285.4 0   272.671 0   272.834 0   311.8 0   272.009 0   272.223 0    20.0 0    87.3 0   127.7 0   -26.4 0   101.3 0    -1.2 0    65.6 0     3.8 0   248.0 0   973.1 0
 2026   5  1  5 16 23 16.383  64.51   203.9 0    68.7 0     0.4 0   200.6 0   285.1 0   272.683 0   272.816 0   312.3 0   272.014 0   272.229 0    20.4 0    89.7 0   132.1 0   -27.1 0   105.0 0    -1.2 0    65.2 0     2.0 0   229.5 0   973.0 0
 2026   5  1  5 16 24 16.400  64.46   204.5 0    68.6 0     0.6 0   201.5 0   285.5 0   272.693 0   272.883 0   313.3 0   272.032 0   272.265 0    20.5 0    90.0 0   133.1 0   -27.8 0   105.3 0    -1.1 0    65.5 0     1.6 0   281.5 0   972.8 0
 2026   5  1  5 16 25 16.417  64.42   201.5 0    67.4 0     0.8 0   198.9 0   285.7 0   272.709 0   272.858 0   313.5 0   272.060 0   272.290 0    20.4 0    88.7 0   131.8 0   -27.7 0   104.1 0    -1.0 0    65.2 0     1.7 0   288.8 0   972.8 0
 2026   5  1  5 16 26 16.433  64.37   200.7 0    67.1 0     0.5 0   198.0 0   285.1 0   272.725 0   272.892 0   312.8 0   272.086 0   272.305 0    20.5 0    88.4 0   131.1 0   -27.7 0   103.5 0    -0.9 0    64.0 0     2.8 0   236.4 0   972.9 0
 2026   5  1  5 16 27 16.450  64.33   205.7 0    68.8 0     2.9 0   201.5 0   285.0 0   272.739 0   272.920 0   312.3 0   272.101 0   272.307 0    20.9 0    90.6 0   134.0 0   -27.3 0   106.7 0    -1.0 0    64.2 0     4.6 0   230.1 0   972.9 0
 2026   5  1  5 16 28 16.467  64.29   209.3 0    70.2 0     0.7 0   206.1 0   285.0 0   272.757 0   272.906 0   311.6 0   272.107 0   272.306 0    21.1 0    91.9 0   136.2 0   -26.6 0   109.6 0    -1.1 0    64.2 0     4.3 0   224.4 0   972.8 0
 2026   5  1  5 16 29 16.483  64.25   213.3 0    72.0 0     6.8 0   207.9 0   285.4 0   272.767 0   272.923 0   312.0 0   272.108 0   272.311 0    21.2 0    94.2 0   138.9 0   -26.6 0   112.3 0    -1.1 0    64.7 0     3.1 0   204.6 0   972.8 0
 2026   5  1  5 16 30 16.500  64.20   213.2 0    71.4 0     3.8 0   208.8 0   285.8 0   272.783 0   272.991 0   312.8 0   272.122 0   272.344 0    21.2 0    93.5 0   139.1 0   -27.1 0   112.0 0    -1.1 0    64.8 0     1.9 0   239.5 0   972.7 0
 2026   5  1  5 16 31 16.517  64.16   219.1 0    73.2 0     3.5 0   214.0 0   285.9 0   272.802 0   272.968 0   312.5 0   272.138 0   272.343 0    21.5 0    96.6 0   142.3 0   -26.6 0   115.8 0    -1.0 0    63.8 0     2.8 0   249.5 0   972.8 0
 2026   5  1  5 16 32 16.533  64.13   221.4 0    73.6 0     1.2 0   218.1 0   286.5 0   272.810 0   272.963 0   312.6 0   272.148 0   272.360 0    21.6 0    97.2 0   145.0 0   -26.1 0   118.9 0    -1.0 0    64.2 0     3.1 0   263.5 0   972.8 0
 2026   5  1  5 16 33 16.550  64.09   211.8 0    70.1 0     0.3 0   210.2 0   287.2 0   272.819 0   273.008 0   313.4 0   272.167 0   272.400 0    21.2 0    93.3 0   140.2 0   -26.2 0   114.0 0    -1.0 0    65.1 0     3.6 0   266.9 0   972.7 0
 2026   5  1  5 16 34 16.567  64.05   207.1 0    68.9 0     0.4 0   204.7 0   286.9 0   272.843 0   273.030 0   311.8 0   272.185 0   272.381 0    21.1 0    91.7 0   135.9 0   -24.9 0   111.0 0    -1.0 0    63.8 0     5.5 0   259.3 0   972.6 0
 2026   5  1  5 16 35 16.583  64.01   217.0 0    71.9 0     1.3 0   213.3 0   287.0 0   272.856 0   272.971 0   312.3 0   272.181 0   272.386 0    21.7 0    95.6 0   142.0 0   -25.2 0   116.8 0    -1.0 0    63.9 0     1.8 0   280.1 0   972.7 0
 2026   5  1  5 16 36 16.600  63.98   213.9 0    70.4 0     0.8 0   211.5 0   286.9 0   272.859 0   273.009 0   312.7 0   272.191 0   272.406 0    21.6 0    94.0 0   141.4 0   -25.8 0   115.6 0    -1.0 0    63.8 0     3.4 0   261.1 0   972.7 0
 2026   5  1  5 16 37 16.617  63.94   201.0 0    66.1 0     1.3 0   199.4 0   286.8 0   272.865 0   272.979 0   312.3 0   272.201 0   272.404 0    20.9 0    88.6 0   133.8 0   -25.5 0   108.3 0    -1.0 0    63.8 0     3.2 0   286.8 0   972.6 0
 2026   5  1  5 16 38 16.633  63.91   193.2 0    63.5 0     0.9 0   191.5 0   287.1 0   272.863 0   272.965 0   311.9 0   272.202 0   272.390 0    20.5 0    85.2 0   128.4 0   -24.8 0   103.6 0    -1.0 0    64.0 0     2.8 0   289.3 0   972.7 0
 2026   5  1  5 16 39 16.650  63.88   187.0 0    61.7 0     0.9 0   185.7 0   287.4 0   272.865 0   273.010 0   311.9 0   272.204 0   272.390 0    20.0 0    82.7 0   124.4 0   -24.5 0    99.9 0    -1.0 0    64.0 0     3.1 0   194.5 0   972.6 0
 2026   5  1  5 16 40 16.667  63.84   185.2 0    61.3 0     1.9 0   182.8 0   287.8 0   272.875 0   273.036 0   312.2 0   272.206 0   272.398 0    19.8 0    82.3 0   122.3 0   -24.4 0    97.9 0    -1.0 0    64.3 0     3.4 0   226.7 0   972.5 0
 2026   5  1  5 16 41 16.683  63.81   196.3 0    64.8 0     1.1 0   192.4 0   287.8 0   272.893 0   273.042 0   312.4 0   272.212 0   272.414 0    20.6 0    87.1 0   128.1 0   -24.7 0   103.5 0    -0.9 0    64.2 0     3.7 0   267.5 0   972.6 0
 2026   5  1  5 16 42 16.700  63.78   212.5 0    69.9 0     1.0 0   208.2 0   287.4 0   272.908 0   273.061 0   312.9 0   272.223 0   272.445 0    21.7 0    93.8 0   138.7 0   -25.4 0   113.3 0    -0.9 0    64.0 0     3.5 0   254.4 0   972.5 0
 2026   5  1  5 16 43 16.717  63.75   221.5 0    72.5 0     1.3 0   217.5 0   287.3 0   272.924 0   273.113 0   313.1 0   272.234 0   272.464 0    22.3 0    97.5 0   145.5 0   -25.9 0   119.7 0    -0.9 0    64.4 0     4.2 0   255.7 0   972.5 0
 2026   5  1  5 16 44 16.733  63.72   223.9 0    73.2 0     1.3 0   220.4 0   287.0 0   272.941 0   273.113 0   313.7 0   272.247 0   272.487 0    22.5 0    98.3 0   147.9 0   -26.7 0   121.2 0    -0.9 0    63.9 0     2.7 0   260.3 0   972.5 0
 2026   5  1  5 16 45 16.750  63.69   220.4 0    71.7 0     0.3 0   217.9 0   287.4 0   272.959 0   273.198 0   313.8 0   272.266 0   272.506 0    22.4 0    96.8 0   146.3 0   -26.4 0   120.0 0    -0.9 0    64.3 0     4.1 0   257.3 0   972.4 0
 2026   5  1  5 16 46 16.767  63.67   216.6 0    70.4 0     0.1 0   214.6 0   287.3 0   272.996 0   273.253 0   313.9 0   272.285 0   272.520 0    22.2 0    95.1 0   144.3 0   -26.6 0   117.7 0    -0.8 0    64.1 0     2.9 0   249.6 0   972.4 0
 2026   5  1  5 16 47 16.783  63.64   222.7 0    72.7 0    29.3 0   208.1 0   287.3 0   273.030 0   273.208 0   313.8 0   272.303 0   272.534 0    22.1 0    98.0 0   148.5 0   -26.4 0   122.0 0    -0.8 0    62.9 0     3.7 0   270.3 0   972.4 0
 2026   5  1  5 16 48 16.800  63.62   208.0 0    67.7 0     0.9 0   205.9 0   287.5 0   273.051 0   273.225 0   313.0 0   272.313 0   272.524 0    21.8 0    91.8 0   138.6 0   -25.5 0   113.1 0    -0.8 0    63.0 0     4.0 0   235.8 0   972.4 0
 2026   5  1  5 16 49 16.817  63.59   213.4 0    69.2 0     1.1 0   210.3 0   287.5 0   273.075 0   273.308 0   313.7 0   272.319 0   272.538 0    22.2 0    94.1 0   141.6 0   -26.2 0   115.3 0    -0.8 0    63.3 0     3.2 0   244.4 0   972.4 0
 2026   5  1  5 16 50 16.833  63.57   228.6 0    74.0 0    25.5 0   214.5 0   286.9 0   273.103 0   273.275 0   313.4 0   272.332 0   272.551 0    22.9 0   100.6 0   152.0 0   -26.6 0   125.4 0    -0.8 0    63.2 0     2.9 0   244.1 0   972.5 0
 2026   5  1  5 16 51 16.850  63.54   221.2 0    71.2 0     0.4 0   218.2 0   286.8 0   273.116 0   273.273 0   314.1 0   272.350 0   272.584 0    23.1 0    97.3 0   147.2 0   -27.3 0   119.9 0    -0.7 0    63.3 0     2.7 0   261.4 0   972.5 0
 2026   5  1  5 16 52 16.867  63.52   231.2 0    74.1 0     0.3 0   227.5 0   287.2 0   273.129 0   273.352 0   314.4 0   272.374 0   272.615 0    23.7 0   101.5 0   153.5 0   -27.2 0   126.4 0    -0.7 0    63.8 0     3.9 0   267.8 0   972.5 0
 2026   5  1  5 16 53 16.883  63.50   239.6 0    76.7 0     1.0 0   235.7 0   287.6 0   273.157 0   273.374 0   314.1 0   272.399 0   272.634 0    24.0 0   105.1 0   159.5 0   -26.5 0   133.0 0    -0.6 0    62.8 0     3.9 0   283.6 0   972.5 0
 2026   5  1  5 16 54 16.900  63.48   241.9 0    77.3 0     1.5 0   238.3 0   287.9 0   273.181 0   273.423 0   314.4 0   272.416 0   272.651 0    24.1 0   106.1 0   161.7 0   -26.5 0   135.2 0    -0.7 0    62.8 0     4.2 0   274.8 0   972.5 0
 2026   5  1  5 16 55 16.917  63.46   239.1 0    76.2 0     1.5 0   236.1 0   287.8 0   273.208 0   273.389 0   313.7 0   272.430 0   272.658 0    24.0 0   104.9 0   160.6 0   -26.0 0   134.6 0    -0.7 0    62.7 0     3.5 0   292.6 0   972.5 0
 2026   5  1  5 16 56 16.933  63.44   233.8 0    74.5 0     1.1 0   231.2 0   287.7 0   273.224 0   273.455 0   313.4 0   272.440 0   272.659 0    23.8 0   102.7 0   157.2 0   -25.8 0   131.4 0    -0.7 0    62.7 0     5.9 0   253.8 0   972.5 0
 2026   5  1  5 16 57 16.950  63.42   234.4 0    74.5 0     1.3 0   231.2 0   287.4 0   273.247 0   273.468 0   313.9 0   272.440 0   272.656 0    23.9 0   102.9 0   157.3 0   -26.5 0   130.8 0    -0.7 0    62.4 0     2.8 0   247.9 0   972.6 0
 2026   5  1  5 16 58 16.967  63.40   237.5 0    75.0 0     1.3 0   233.5 0   287.0 0   273.272 0   273.534 0   314.7 0   272.451 0   272.681 0    24.3 0   104.3 0   159.1 0   -27.7 0   131.4 0    -0.7 0    63.1 0     2.8 0   244.0 0   972.5 0
 2026   5  1  5 16 59 16.983  63.39   245.9 0    77.2 0     0.4 0   241.7 0   286.6 0   273.305 0   273.600 0   314.8 0   272.472 0   272.710 0    24.9 0   107.7 0   164.7 0   -28.1 0   136.5 0    -0.6 0    62.7 0     4.6 0   253.0 0   972.4 0
 2026   5  1  5 17  0 17.000  63.37   250.0 0    78.3 0     1.7 0   245.8 0   285.8 0   273.339 0   273.569 0   314.6 0   272.491 0   272.728 0    25.2 0   109.4 0   168.3 0   -28.8 0   139.5 0    -0.6 0    62.1 0     2.1 0   256.0 0   972.4 0
 2026   5  1  5 17  1 17.017  63.36   256.8 0    80.2 0    15.2 0   246.3 0   285.6 0   273.359 0   273.598 0   315.0 0   272.515 0   272.757 0    25.5 0   112.4 0   173.0 0   -29.5 0   143.5 0    -0.6 0    61.8 0     4.1 0   258.4 0   972.4 0
 2026   5  1  5 17  2 17.033  63.34   252.9 0    78.5 0     0.8 0   249.1 0   284.9 0   273.378 0   273.589 0   315.6 0   272.535 0   272.784 0    25.8 0   110.4 0   170.9 0   -30.6 0   140.3 0    -0.6 0    62.0 0     2.8 0   254.0 0   972.3 0
 2026   5  1  5 17  3 17.050  63.33   258.9 0    80.1 0     7.0 0   252.4 0   284.1 0   273.393 0   273.623 0   315.8 0   272.557 0   272.807 0    26.2 0   113.0 0   175.5 0   -31.7 0   143.7 0    -0.5 0    61.8 0     2.8 0   222.8 0   972.2 0
 2026   5  1  5 17  4 17.067  63.32   260.7 0    80.3 0     1.7 0   256.2 0   283.6 0   273.417 0   273.690 0   316.0 0   272.581 0   272.831 0    26.4 0   113.6 0   176.7 0   -32.4 0   144.3 0    -0.5 0    62.6 0     2.9 0   227.9 0   972.1 0
 2026   5  1  5 17  5 17.083  63.31   263.4 0    80.9 0     4.9 0   258.0 0   282.8 0   273.446 0   273.678 0   315.6 0   272.610 0   272.860 0    26.7 0   114.7 0   179.3 0   -32.8 0   146.5 0    -0.4 0    61.9 0     2.7 0   209.8 0   972.0 0
 2026   5  1  5 17  6 17.100  63.30   303.4 0    94.5 0    97.4 0   257.8 0   282.8 0   273.468 0   273.756 0   317.5 0   272.643 0   272.924 0    27.7 0   132.3 0   207.1 0   -34.7 0   172.4 0    -0.4 0    62.0 0     2.6 0   220.7 0   972.0 0
 2026   5  1  5 17  7 17.117  63.29   256.7 0    77.9 0     8.5 0   250.5 0   282.9 0   273.507 0   273.782 0   316.5 0   272.682 0   272.949 0    26.4 0   111.7 0   176.4 0   -33.7 0   142.7 0    -0.3 0    61.9 0     3.2 0   225.6 0   972.0 0
 2026   5  1  5 17  8 17.133  63.28   250.2 0    75.8 0     2.4 0   246.9 0   283.5 0   273.542 0   273.762 0   315.9 0   272.712 0   272.954 0    25.9 0   109.2 0   172.2 0   -32.4 0   139.8 0    -0.3 0    61.2 0     2.8 0   217.2 0   972.0 0
 2026   5  1  5 17  9 17.150  63.27   246.5 0    74.3 0     1.8 0   243.2 0   285.1 0   273.567 0   273.812 0   316.0 0   272.735 0   272.973 0    25.5 0   107.6 0   169.7 0   -31.0 0   138.7 0    -0.3 0    61.6 0     2.6 0   240.1 0   971.9 0
 2026   5  1  5 17 10 17.167  63.26   244.0 0    73.2 0     2.6 0   240.3 0   286.7 0   273.591 0   273.816 0   316.5 0   272.762 0   273.006 0    25.0 0   106.6 0   168.3 0   -29.8 0   138.4 0    -0.3 0    61.8 0     1.6 0   251.1 0   971.9 0
 2026   5  1  5 17 11 17.183  63.26   237.2 0    70.6 0     0.5 0   234.4 0   288.3 0   273.612 0   273.860 0   316.8 0   272.791 0   273.027 0    24.2 0   103.7 0   164.0 0   -28.5 0   135.5 0    -0.3 0    61.5 0     2.0 0   245.1 0   971.9 0
 2026   5  1  5 17 12 17.200  63.25   228.3 0    67.7 0     0.9 0   225.8 0   289.8 0   273.631 0   273.841 0   316.4 0   272.819 0   273.048 0    23.4 0   100.1 0   158.6 0   -26.6 0   132.0 0    -0.2 0    61.5 0     2.2 0   259.7 0   971.8 0
 2026   5  1  5 17 13 17.217  63.25   221.9 0    65.7 0     0.6 0   219.5 0   291.4 0   273.652 0   273.921 0   316.2 0   272.845 0   273.071 0    22.6 0    97.6 0   154.1 0   -24.8 0   129.3 0    -0.2 0    61.5 0     3.0 0   243.6 0   971.8 0
 2026   5  1  5 17 14 17.233  63.24   217.1 0    64.1 0     2.7 0   213.7 0   292.1 0   273.682 0   273.890 0   315.6 0   272.865 0   273.065 0    22.0 0    95.6 0   150.8 0   -23.5 0   127.3 0    -0.2 0    61.0 0     1.3 0    51.4 0   971.7 0
 2026   5  1  5 17 15 17.250  63.24   210.4 0    62.0 0     2.4 0   207.6 0   292.7 0   273.698 0   273.900 0   315.5 0   272.878 0   273.058 0    21.5 0    92.7 0   146.7 0   -22.8 0   123.8 0    -0.1 0    60.8 0     2.4 0   114.8 0   971.7 0
 2026   5  1  5 17 16 17.267  63.24   205.9 0    60.4 0     1.2 0   203.4 0   293.2 0   273.715 0   273.936 0   316.3 0   272.892 0   273.090 0    21.3 0    90.9 0   143.5 0   -23.1 0   120.4 0    -0.1 0    61.0 0     1.9 0   259.5 0   971.7 0
 2026   5  1  5 17 17 17.283  63.24   203.9 0    59.5 0     1.5 0   201.0 0   293.3 0   273.733 0   273.890 0   315.6 0   272.910 0   273.101 0    21.2 0    90.1 0   142.2 0   -22.3 0   119.9 0    -0.1 0    60.4 0     2.8 0   253.0 0   971.7 0
 2026   5  1  5 17 18 17.300  63.24   201.3 0    58.6 0     0.8 0   198.7 0   293.2 0   273.741 0   273.902 0   315.3 0   272.919 0   273.099 0    21.2 0    88.8 0   140.5 0   -22.0 0   118.4 0    -0.2 0    60.8 0     4.0 0   258.0 0   971.6 0
 2026   5  1  5 17 19 17.317  63.24   194.4 0    56.6 0     0.9 0   192.4 0   293.2 0   273.741 0   273.796 0   314.4 0   272.917 0   273.083 0    21.0 0    85.8 0   136.2 0   -21.1 0   115.0 0    -0.3 0    61.0 0     4.0 0   279.2 0   971.6 0
 2026   5  1  5 17 20 17.333  63.24   192.5 0    56.0 0     0.8 0   190.1 0   293.0 0   273.722 0   273.758 0   314.5 0   272.909 0   273.079 0    21.1 0    85.1 0   134.4 0   -21.4 0   113.0 0    -0.4 0    61.2 0     3.5 0   265.7 0   971.6 0
 2026   5  1  5 17 21 17.350  63.24   198.8 0    57.7 0     1.1 0   195.4 0   292.7 0   273.703 0   273.777 0   314.3 0   272.902 0   273.072 0    21.7 0    87.8 0   138.2 0   -21.6 0   116.6 0    -0.4 0    61.2 0     4.7 0   254.4 0   971.5 0
 2026   5  1  5 17 22 17.367  63.24   208.4 0    60.4 0     1.0 0   204.6 0   292.0 0   273.687 0   273.766 0   314.0 0   272.884 0   273.046 0    22.5 0    91.7 0   144.6 0   -22.0 0   122.6 0    -0.5 0    61.3 0     3.7 0   194.6 0   971.6 0
 2026   5  1  5 17 23 17.383  63.25   213.7 0    61.7 0     1.5 0   210.0 0   291.6 0   273.674 0   273.804 0   315.2 0   272.876 0   273.062 0    22.9 0    93.9 0   149.0 0   -23.6 0   125.4 0    -0.4 0    61.4 0     3.2 0   236.7 0   971.6 0
 2026   5  1  5 17 24 17.400  63.25   219.2 0    63.2 0     1.3 0   214.9 0   290.9 0   273.667 0   273.776 0   314.5 0   272.875 0   273.043 0    23.5 0    96.3 0   152.2 0   -23.7 0   128.5 0    -0.4 0    61.1 0     3.9 0   265.6 0   971.5 0
 2026   5  1  5 17 25 17.417  63.26   233.6 0    67.1 0     2.1 0   228.0 0   290.1 0   273.660 0   273.821 0   314.8 0   272.865 0   273.046 0    24.4 0   102.1 0   161.8 0   -24.7 0   137.1 0    -0.4 0    61.2 0     4.0 0   242.5 0   971.5 0
 2026   5  1  5 17 26 17.433  63.27   239.8 0    68.4 0     0.6 0   235.4 0   289.5 0   273.663 0   273.831 0   315.3 0   272.863 0   273.064 0    24.9 0   104.5 0   167.3 0   -25.8 0   141.5 0    -0.4 0    61.4 0     2.9 0   217.2 0   971.5 0
 2026   5  1  5 17 27 17.450  63.27   241.0 0    68.3 0     0.5 0   236.9 0   289.9 0   273.666 0   273.865 0   315.5 0   272.874 0   273.077 0    24.9 0   104.9 0   168.8 0   -25.6 0   143.2 0    -0.3 0    61.0 0     3.7 0   246.4 0   971.4 0
 2026   5  1  5 17 28 17.467  63.28   236.1 0    66.9 0     0.6 0   232.8 0   290.5 0   273.667 0   273.808 0   315.1 0   272.880 0   273.079 0    24.6 0   103.0 0   166.2 0   -24.6 0   141.6 0    -0.3 0    60.7 0     3.7 0   272.6 0   971.4 0
 2026   5  1  5 17 29 17.483  63.29   231.6 0    65.4 0     0.5 0   228.5 0   291.5 0   273.669 0   273.873 0   316.0 0   272.887 0   273.092 0    24.2 0   101.3 0   163.3 0   -24.5 0   138.8 0    -0.3 0    60.8 0     3.0 0   286.9 0   971.5 0
 2026   5  1  5 17 30 17.500  63.30   225.5 0    63.4 0     0.5 0   222.7 0   292.1 0   273.685 0   273.921 0   316.8 0   272.899 0   273.116 0    23.7 0    98.9 0   159.5 0   -24.7 0   134.8 0    -0.2 0    61.0 0     1.9 0   236.8 0   971.5 0
 2026   5  1  5 17 31 17.517  63.31   221.6 0    62.0 0     0.2 0   218.4 0   292.8 0   273.706 0   273.941 0   317.0 0   272.916 0   273.126 0    23.3 0    97.5 0   156.5 0   -24.2 0   132.2 0    -0.1 0    60.8 0     1.7 0   267.8 0   971.6 0
 2026   5  1  5 17 32 17.533  63.32   223.5 0    62.5 0     0.2 0   219.9 0   293.3 0   273.729 0   273.972 0   316.6 0   272.936 0   273.141 0    23.3 0    98.5 0   157.6 0   -23.3 0   134.3 0    -0.1 0    60.8 0     3.9 0   258.8 0   971.5 0
 2026   5  1  5 17 33 17.550  63.34   229.1 0    64.2 0     0.4 0   225.1 0   293.2 0   273.755 0   273.959 0   314.9 0   272.945 0   273.127 0    23.5 0   101.0 0   161.0 0   -21.7 0   139.3 0    -0.1 0    60.3 0     4.7 0   228.8 0   971.5 0
 2026   5  1  5 17 34 17.567  63.35   236.4 0    66.0 0     0.7 0   232.2 0   293.4 0   273.766 0   273.949 0   315.9 0   272.945 0   273.139 0    23.7 0   103.9 0   166.5 0   -22.4 0   144.1 0    -0.2 0    60.8 0     1.5 0   244.2 0   971.5 0
 2026   5  1  5 17 35 17.583  63.36   233.1 0    64.8 0     0.6 0   229.9 0   293.9 0   273.774 0   273.980 0   316.8 0   272.960 0   273.167 0    23.3 0   102.6 0   165.5 0   -23.0 0   142.5 0    -0.1 0    60.8 0     2.7 0   254.9 0   971.5 0
 2026   5  1  5 17 36 17.600  63.38   229.7 0    63.6 0     0.5 0   226.4 0   294.3 0   273.788 0   274.028 0   316.5 0   272.977 0   273.190 0    23.0 0   101.4 0   163.0 0   -22.2 0   140.7 0    -0.1 0    61.6 0     4.5 0   252.9 0   971.5 0
 2026   5  1  5 17 37 17.617  63.39   228.4 0    63.2 0     0.5 0   225.3 0   294.4 0   273.815 0   274.042 0   316.4 0   272.992 0   273.200 0    22.7 0   101.0 0   162.3 0   -22.0 0   140.3 0    -0.1 0    61.5 0     3.8 0   225.2 0   971.5 0
 2026   5  1  5 17 38 17.633  63.41   222.5 0    61.8 0     1.0 0   220.1 0   294.6 0   273.832 0   274.001 0   315.3 0   272.998 0   273.184 0    22.0 0    98.5 0   158.8 0   -20.7 0   138.1 0    -0.2 0    60.4 0     4.3 0   194.1 0   971.5 0
 2026   5  1  5 17 39 17.650  63.43   212.4 0    58.9 0     1.1 0   210.8 0   295.0 0   273.836 0   273.994 0   315.8 0   272.997 0   273.185 0    21.3 0    94.3 0   152.4 0   -20.8 0   131.6 0    -0.2 0    60.9 0     1.9 0   169.0 0   971.4 0
 2026   5  1  5 17 40 17.667  63.45   209.0 0    57.4 0     0.8 0   206.4 0   295.5 0   273.842 0   274.023 0   316.4 0   273.006 0   273.199 0    21.0 0    93.0 0   149.3 0   -20.9 0   128.4 0    -0.2 0    61.1 0     3.5 0   254.0 0   971.3 0
 2026   5  1  5 17 41 17.683  63.47   208.6 0    57.2 0     0.7 0   205.9 0   295.7 0   273.848 0   273.984 0   316.0 0   273.012 0   273.194 0    20.8 0    92.9 0   149.0 0   -20.3 0   128.8 0    -0.2 0    60.8 0     3.2 0   232.4 0   971.3 0
 2026   5  1  5 17 42 17.700  63.49   207.9 0    56.7 0     0.5 0   205.1 0   296.3 0   273.851 0   274.035 0   317.3 0   273.019 0   273.221 0    20.7 0    92.6 0   148.6 0   -21.0 0   127.6 0    -0.1 0    62.5 0     2.8 0   232.8 0   971.1 0
 2026   5  1  5 17 43 17.717  63.51   206.4 0    55.9 0     0.5 0   203.7 0   296.2 0   273.864 0   274.014 0   317.2 0   273.042 0   273.248 0    20.6 0    92.0 0   148.0 0   -21.0 0   127.0 0     0.0 0    62.2 0     3.2 0   244.9 0   971.1 0
 2026   5  1  5 17 44 17.733  63.53   201.6 0    54.4 0     0.5 0   199.4 0   296.1 0   273.870 0   274.012 0   316.8 0   273.061 0   273.251 0    20.3 0    89.8 0   145.2 0   -20.6 0   124.5 0     0.0 0    61.0 0     2.2 0   227.4 0   971.1 0
 2026   5  1  5 17 45 17.750  63.55   194.9 0    52.5 0     0.5 0   192.8 0   296.4 0   273.872 0   274.024 0   317.1 0   273.077 0   273.270 0    20.0 0    87.0 0   140.5 0   -20.7 0   119.8 0     0.0 0    60.5 0     3.2 0   262.4 0   971.1 0
 2026   5  1  5 17 46 17.767  63.58   194.5 0    52.3 0     0.4 0   191.7 0   296.2 0   273.875 0   273.990 0   315.9 0   273.084 0   273.255 0    20.1 0    86.9 0   139.5 0   -19.7 0   119.8 0     0.0 0    60.5 0     3.7 0   216.8 0   971.1 0
 2026   5  1  5 17 47 17.783  63.60   199.6 0    53.3 0     0.4 0   196.1 0   296.5 0   273.871 0   274.027 0   317.2 0   273.087 0   273.275 0    20.3 0    89.0 0   142.9 0   -20.7 0   122.2 0    -0.1 0    60.9 0     1.5 0   264.1 0   971.1 0
 2026   5  1  5 17 48 17.800  63.62   201.3 0    53.6 0     0.3 0   198.0 0   296.5 0   273.877 0   274.047 0   316.4 0   273.100 0   273.276 0    20.4 0    89.8 0   144.5 0   -19.8 0   124.7 0     0.0 0    60.5 0     4.3 0   259.5 0   971.1 0
 2026   5  1  5 17 49 17.817  63.65   200.2 0    53.3 0     0.4 0   197.4 0   296.6 0   273.879 0   273.998 0   316.3 0   273.099 0   273.269 0    20.1 0    89.3 0   144.3 0   -19.7 0   124.7 0    -0.1 0    60.5 0     3.2 0   259.5 0   971.2 0
 2026   5  1  5 17 50 17.833  63.68   194.2 0    51.5 0     0.3 0   191.9 0   297.2 0   273.875 0   274.016 0   316.8 0   273.100 0   273.281 0    19.4 0    86.8 0   140.5 0   -19.6 0   121.0 0    -0.1 0    61.2 0     2.6 0   286.3 0   971.2 0
 2026   5  1  5 17 51 17.850  63.71   186.8 0    49.4 0     0.2 0   185.0 0   297.5 0   273.880 0   274.050 0   317.2 0   273.108 0   273.291 0    18.8 0    83.9 0   135.6 0   -19.7 0   115.9 0     0.0 0    61.4 0     2.7 0   262.6 0   971.2 0
 2026   5  1  5 17 52 17.867  63.73   182.9 0    48.3 0     0.3 0   180.7 0   297.5 0   273.886 0   274.004 0   316.8 0   273.114 0   273.288 0    18.5 0    82.4 0   132.5 0   -19.3 0   113.2 0     0.0 0    60.9 0     1.9 0   267.5 0   971.1 0
 2026   5  1  5 17 53 17.883  63.76   184.1 0    48.4 0     0.3 0   181.3 0   297.7 0   273.882 0   273.981 0   317.0 0   273.123 0   273.304 0    18.5 0    82.9 0   133.1 0   -19.3 0   113.8 0     0.0 0    60.3 0     1.9 0   274.3 0   971.0 0
 2026   5  1  5 17 54 17.900  63.79   185.4 0    48.6 0     0.3 0   182.4 0   297.7 0   273.878 0   274.019 0   316.7 0   273.131 0   273.298 0    18.6 0    83.5 0   133.9 0   -19.0 0   114.9 0     0.0 0    60.2 0     3.5 0   236.3 0   970.9 0
 2026   5  1  5 17 55 17.917  63.82   186.1 0    48.8 0     0.5 0   183.2 0   297.5 0   273.876 0   273.984 0   316.3 0   273.129 0   273.294 0    18.5 0    83.8 0   134.6 0   -18.8 0   115.8 0     0.0 0    60.3 0     2.2 0   208.6 0   970.9 0
 2026   5  1  5 17 56 17.933  63.86   187.2 0    48.8 0     0.5 0   184.2 0   297.9 0   273.875 0   274.052 0   317.4 0   273.135 0   273.315 0    18.5 0    84.3 0   135.6 0   -19.4 0   116.2 0     0.0 0    60.6 0     2.0 0   213.7 0   970.9 0
 2026   5  1  5 17 57 17.950  63.89   185.7 0    48.2 0     0.4 0   183.1 0   298.2 0   273.892 0   274.115 0   318.2 0   273.150 0   273.341 0    18.4 0    83.6 0   135.0 0   -20.0 0   115.0 0     0.1 0    60.8 0     1.8 0   206.6 0   970.9 0
 2026   5  1  5 17 58 17.967  63.92   184.4 0    47.6 0     0.3 0   181.7 0   298.5 0   273.921 0   274.168 0   318.3 0   273.171 0   273.361 0    18.3 0    83.1 0   134.2 0   -19.8 0   114.4 0     0.1 0    60.8 0     1.9 0   241.1 0   970.9 0
 2026   5  1  5 17 59 17.983  63.96   182.0 0    47.0 0     0.3 0   179.6 0   298.2 0   273.955 0   274.137 0   317.4 0   273.187 0   273.361 0    18.0 0    82.0 0   132.7 0   -19.1 0   113.6 0     0.2 0    60.0 0     2.7 0   242.3 0   970.9 0
 2026   5  1  5 18  0 18.000  63.99   179.4 0    46.2 0     0.4 0   176.9 0   298.5 0   273.975 0   274.154 0   317.1 0   273.197 0   273.365 0    17.7 0    80.8 0   130.9 0   -18.6 0   112.3 0     0.1 0    60.3 0     2.4 0   232.5 0   970.8 0
 2026   5  1  5 18  1 18.017  64.03   176.8 0    45.5 0     0.5 0   174.5 0   298.4 0   273.990 0   274.123 0   316.7 0   273.204 0   273.358 0    17.5 0    79.5 0   129.2 0   -18.3 0   110.9 0     0.1 0    60.0 0     2.5 0   200.1 0   970.8 0
 2026   5  1  5 18  2 18.033  64.06   168.8 0    43.3 0     0.6 0   167.3 0   298.5 0   273.998 0   274.122 0   317.2 0   273.210 0   273.375 0    17.2 0    76.0 0   124.3 0   -18.7 0   105.6 0     0.1 0    60.6 0     2.4 0   251.3 0   970.8 0
 2026   5  1  5 18  3 18.050  64.10   165.6 0    42.4 0     0.5 0   163.2 0   298.6 0   274.002 0   274.101 0   316.5 0   273.219 0   273.374 0    17.1 0    74.7 0   121.0 0   -17.9 0   103.1 0     0.1 0    60.4 0     3.7 0   256.9 0   970.7 0
 2026   5  1  5 18  4 18.067  64.14   167.6 0    43.1 0     0.6 0   165.2 0   298.5 0   274.002 0   274.105 0   315.3 0   273.214 0   273.350 0    17.1 0    75.4 0   122.4 0   -16.7 0   105.7 0     0.1 0    60.4 0     4.0 0   239.7 0   970.8 0
 2026   5  1  5 18  5 18.083  64.18   162.8 0    41.9 0     0.7 0   161.2 0   298.4 0   274.003 0   274.089 0   315.4 0   273.203 0   273.351 0    16.7 0    73.1 0   119.7 0   -17.0 0   102.6 0     0.0 0    60.9 0     4.0 0   219.3 0   970.8 0
 2026   5  1  5 18  6 18.100  64.22   156.0 0    40.1 0     0.7 0   154.7 0   298.4 0   273.996 0   274.038 0   315.3 0   273.193 0   273.330 0    16.3 0    70.2 0   114.9 0   -16.9 0    98.0 0     0.0 0    60.5 0     3.6 0   233.0 0   970.8 0
 2026   5  1  5 18  7 18.117  64.26   151.4 0    38.9 0     0.7 0   150.1 0   298.5 0   273.983 0   274.007 0   314.8 0   273.179 0   273.308 0    16.0 0    68.3 0   111.4 0   -16.3 0    95.1 0    -0.1 0    60.7 0     3.8 0   237.7 0   970.8 0
 2026   5  1  5 18  8 18.133  64.30   148.9 0    38.1 0     0.6 0   147.4 0   298.6 0   273.964 0   273.968 0   314.6 0   273.166 0   273.296 0    15.9 0    67.1 0   109.5 0   -16.0 0    93.5 0    -0.1 0    60.7 0     3.4 0   259.4 0   970.7 0
 2026   5  1  5 18  9 18.150  64.34   147.0 0    37.4 0     0.5 0   145.2 0   298.8 0   273.941 0   273.949 0   314.9 0   273.154 0   273.286 0    15.8 0    66.3 0   108.0 0   -16.2 0    91.9 0    -0.1 0    60.8 0     2.8 0   264.1 0   970.7 0
 2026   5  1  5 18 10 18.167  64.39   145.8 0    36.9 0     0.4 0   144.0 0   298.8 0   273.920 0   273.954 0   315.4 0   273.149 0   273.289 0    15.6 0    65.8 0   107.2 0   -16.6 0    90.6 0     0.0 0    60.6 0     1.7 0   258.8 0   970.7 0
 2026   5  1  5 18 11 18.183  64.43   142.9 0    36.0 0     0.3 0   141.0 0   298.7 0   273.904 0   273.967 0   316.2 0   273.149 0   273.302 0    15.3 0    64.5 0   105.2 0   -17.4 0    87.7 0     0.0 0    60.7 0     1.0 0   232.8 0   970.7 0
 2026   5  1  5 18 12 18.200  64.48   140.4 0    35.3 0     0.3 0   138.6 0   298.6 0   273.892 0   273.958 0   316.4 0   273.156 0   273.307 0    15.1 0    63.4 0   103.4 0   -17.8 0    85.7 0     0.1 0    60.8 0     1.8 0   217.7 0   970.7 0
 2026   5  1  5 18 13 18.217  64.52   141.2 0    35.4 0     0.3 0   139.1 0   298.8 0   273.884 0   273.977 0   316.9 0   273.164 0   273.326 0    15.0 0    63.8 0   103.8 0   -18.2 0    85.7 0     0.2 0    60.8 0     1.4 0   255.4 0   970.7 0
 2026   5  1  5 18 14 18.233  64.57   143.3 0    35.9 0     0.3 0   141.0 0   298.7 0   273.883 0   273.988 0   316.7 0   273.176 0   273.334 0    15.1 0    64.6 0   105.2 0   -18.0 0    87.2 0     0.2 0    60.6 0     2.5 0   202.6 0   970.8 0
 2026   5  1  5 18 15 18.250  64.62   144.1 0    36.4 0     0.5 0   142.0 0   298.8 0   273.884 0   273.973 0   316.2 0   273.181 0   273.313 0    15.1 0    64.9 0   105.9 0   -17.4 0    88.5 0     0.2 0    60.2 0     3.5 0   182.5 0   970.7 0
 2026   5  1  5 18 16 18.267  64.67   143.9 0    36.2 0     0.5 0   141.8 0   298.9 0   273.887 0   273.981 0   316.2 0   273.180 0   273.322 0    15.1 0    64.8 0   105.8 0   -17.3 0    88.4 0     0.2 0    60.9 0     2.3 0   291.8 0   970.7 0
 2026   5  1  5 18 17 18.283  64.71   145.9 0    36.6 0     0.4 0   143.4 0   298.8 0   273.886 0   273.952 0   316.4 0   273.184 0   273.333 0    15.4 0    65.6 0   107.0 0   -17.6 0    89.5 0     0.2 0    60.6 0     2.6 0   287.9 0   970.6 0
 2026   5  1  5 18 18 18.300  64.76   149.8 0    37.3 0     0.3 0   147.1 0   298.4 0   273.883 0   273.961 0   316.2 0   273.187 0   273.335 0    15.8 0    67.2 0   109.9 0   -17.8 0    92.1 0     0.1 0    60.7 0     2.7 0   246.1 0   970.6 0
 2026   5  1  5 18 19 18.317  64.81   151.3 0    37.5 0     0.3 0   148.8 0   298.5 0   273.883 0   273.992 0   316.4 0   273.189 0   273.339 0    16.0 0    67.7 0   111.3 0   -17.9 0    93.4 0     0.1 0    60.7 0     2.5 0   212.1 0   970.6 0
 2026   5  1  5 18 20 18.333  64.87   150.5 0    37.4 0     0.4 0   148.3 0   298.6 0   273.890 0   274.002 0   316.2 0   273.193 0   273.341 0    15.9 0    67.4 0   111.1 0   -17.6 0    93.4 0     0.1 0    60.3 0     2.3 0   193.2 0   970.6 0
 2026   5  1  5 18 21 18.350  64.92   149.5 0    37.0 0     0.4 0   147.3 0   298.8 0   273.899 0   274.013 0   316.7 0   273.196 0   273.351 0    15.7 0    66.9 0   110.5 0   -18.0 0    92.6 0     0.1 0    60.6 0     2.3 0   225.3 0   970.6 0
 2026   5  1  5 18 22 18.367  64.97   145.1 0    35.8 0     0.4 0   143.4 0   298.8 0   273.909 0   274.007 0   316.5 0   273.204 0   273.357 0    15.4 0    65.0 0   107.7 0   -17.7 0    90.0 0     0.2 0    60.6 0     2.0 0   216.4 0   970.6 0
 2026   5  1  5 18 23 18.383  65.02   146.7 0    36.2 0     0.4 0   144.0 0   299.0 0   273.915 0   274.009 0   316.6 0   273.212 0   273.366 0    15.5 0    65.8 0   107.9 0   -17.6 0    90.2 0     0.2 0    60.9 0     3.0 0   239.2 0   970.5 0
 2026   5  1  5 18 24 18.400  65.08   150.8 0    37.3 0     0.3 0   148.2 0   299.1 0   273.923 0   274.016 0   315.9 0   273.218 0   273.362 0    15.6 0    67.4 0   111.1 0   -16.8 0    94.3 0     0.2 0    60.8 0     4.9 0   246.3 0   970.4 0
 2026   5  1  5 18 25 18.417  65.13   146.8 0    36.4 0     0.3 0   145.1 0   299.3 0   273.929 0   274.011 0   315.9 0   273.214 0   273.357 0    15.4 0    65.7 0   108.9 0   -16.6 0    92.3 0     0.1 0    60.9 0     3.3 0   241.3 0   970.4 0
 2026   5  1  5 18 26 18.433  65.19   142.1 0    35.2 0     0.2 0   140.4 0   299.6 0   273.938 0   274.047 0   315.8 0   273.213 0   273.355 0    15.0 0    63.7 0   105.3 0   -16.2 0    89.1 0     0.1 0    60.5 0     3.6 0   243.3 0   970.4 0
 2026   5  1  5 18 27 18.450  65.25   141.3 0    34.9 0     0.2 0   139.3 0   299.7 0   273.950 0   274.060 0   316.2 0   273.212 0   273.357 0    14.8 0    63.4 0   104.5 0   -16.6 0    88.0 0     0.1 0    60.9 0     2.7 0   221.0 0   970.4 0
 2026   5  1  5 18 28 18.467  65.30   139.1 0    34.2 0     0.2 0   137.4 0   299.6 0   273.963 0   274.082 0   316.5 0   273.215 0   273.368 0    14.7 0    62.4 0   103.3 0   -16.9 0    86.4 0     0.1 0    60.7 0     1.6 0   196.3 0   970.4 0
 2026   5  1  5 18 29 18.483  65.36   134.9 0    33.0 0     0.2 0   133.4 0   299.8 0   273.977 0   274.097 0   316.1 0   273.224 0   273.370 0    14.4 0    60.5 0   100.5 0   -16.3 0    84.2 0     0.2 0    60.7 0     5.0 0   230.8 0   970.4 0
 2026   5  1  5 18 30 18.500  65.42   128.1 0    31.7 0     0.6 0   127.0 0   299.9 0   273.991 0   274.064 0   315.0 0   273.221 0   273.355 0    13.8 0    57.7 0    95.6 0   -15.2 0    80.4 0     0.2 0    60.3 0     3.4 0   177.9 0   970.3 0
 2026   5  1  5 18 31 18.517  65.48   124.6 0    30.5 0     0.5 0   123.1 0   300.1 0   274.000 0   274.097 0   316.5 0   273.223 0   273.375 0    13.4 0    56.3 0    92.7 0   -16.4 0    76.3 0     0.2 0    60.5 0     0.6 0   221.9 0   970.4 0
 2026   5  1  5 18 32 18.533  65.54   119.9 0    29.2 0     0.3 0   118.7 0   300.2 0   274.011 0   274.105 0   316.5 0   273.234 0   273.382 0    12.9 0    54.2 0    89.6 0   -16.3 0    73.3 0     0.3 0    60.4 0     1.9 0   247.2 0   970.3 0
 2026   5  1  5 18 33 18.550  65.60   113.0 0    27.6 0     0.3 0   112.1 0   300.3 0   274.019 0   274.056 0   315.5 0   273.241 0   273.373 0    12.5 0    51.1 0    84.6 0   -15.2 0    69.4 0     0.3 0    60.0 0     3.4 0   241.9 0   970.3 0
 2026   5  1  5 18 34 18.567  65.67   107.1 0    26.2 0     0.3 0   106.3 0   300.4 0   274.017 0   274.025 0   315.3 0   273.241 0   273.370 0    12.1 0    48.5 0    80.2 0   -14.9 0    65.3 0     0.3 0    60.1 0     2.8 0   246.4 0   970.3 0
 2026   5  1  5 18 35 18.583  65.73   105.1 0    25.8 0     0.3 0   103.9 0   300.6 0   274.013 0   274.029 0   315.3 0   273.241 0   273.366 0    11.9 0    47.8 0    78.3 0   -14.7 0    63.5 0     0.3 0    60.2 0     2.4 0   270.8 0   970.3 0
 2026   5  1  5 18 36 18.600  65.79   111.7 0    27.4 0     0.2 0   109.5 0   300.8 0   274.011 0   274.040 0   315.6 0   273.241 0   273.368 0    12.2 0    50.8 0    82.1 0   -14.8 0    67.3 0     0.3 0    60.2 0     2.3 0   280.4 0   970.3 0
 2026   5  1  5 18 37 18.617  65.86   119.4 0    29.3 0     0.2 0   117.0 0   300.8 0   274.012 0   274.060 0   315.6 0   273.243 0   273.373 0    12.5 0    54.1 0    87.8 0   -14.7 0    73.1 0     0.3 0    60.5 0     3.8 0   275.7 0   970.3 0
 2026   5  1  5 18 38 18.633  65.92   122.6 0    30.0 0     0.2 0   120.6 0   300.8 0   274.016 0   274.078 0   315.6 0   273.242 0   273.380 0    12.6 0    55.3 0    90.7 0   -14.8 0    75.8 0     0.3 0    60.2 0     2.1 0   268.0 0   970.3 0
 2026   5  1  5 18 39 18.650  65.99   119.2 0    29.1 0     0.2 0   117.8 0   300.8 0   274.020 0   274.082 0   316.1 0   273.246 0   273.392 0    12.3 0    53.7 0    88.8 0   -15.4 0    73.4 0     0.3 0    60.0 0     1.1 0   295.6 0   970.3 0
 2026   5  1  5 18 40 18.667  66.05   119.2 0    29.1 0     0.1 0   117.1 0   300.9 0   274.022 0   274.105 0   316.8 0   273.252 0   273.394 0    12.1 0    53.9 0    88.0 0   -15.9 0    72.1 0     0.4 0    60.2 0     1.2 0   282.7 0   970.3 0
 2026   5  1  5 18 41 18.683  66.12   126.6 0    30.9 0     0.2 0   123.9 0   300.9 0   274.029 0   274.133 0   317.0 0   273.261 0   273.411 0    12.4 0    57.1 0    93.1 0   -16.1 0    77.0 0     0.4 0    60.1 0     1.2 0   224.1 0   970.3 0
 2026   5  1  5 18 42 18.700  66.19   129.5 0    31.6 0     0.3 0   127.3 0   301.0 0   274.042 0   274.149 0   316.9 0   273.272 0   273.417 0    12.6 0    58.3 0    95.9 0   -15.9 0    80.0 0     0.4 0    59.6 0     2.0 0   161.6 0   970.2 0
 2026   5  1  5 18 43 18.717  66.26   129.5 0    31.5 0     0.3 0   127.5 0   301.1 0   274.055 0   274.172 0   317.4 0   273.282 0   273.437 0    12.7 0    58.3 0    96.2 0   -16.3 0    79.9 0     0.5 0    60.4 0     2.2 0   253.6 0   970.2 0
 2026   5  1  5 18 44 18.733  66.33   131.2 0    31.9 0     0.3 0   129.0 0   301.1 0   274.070 0   274.176 0   317.0 0   273.296 0   273.447 0    12.7 0    59.0 0    97.3 0   -15.8 0    81.5 0     0.5 0    60.1 0     3.0 0   275.7 0   970.2 0
 2026   5  1  5 18 45 18.750  66.40   131.3 0    31.9 0     0.3 0   129.5 0   301.1 0   274.082 0   274.167 0   316.8 0   273.305 0   273.451 0    12.5 0    59.0 0    97.6 0   -15.7 0    82.0 0     0.4 0    60.0 0     2.6 0   282.8 0   970.2 0
 2026   5  1  5 18 46 18.767  66.47   127.2 0    31.0 0     0.3 0   125.9 0   301.3 0   274.090 0   274.170 0   316.6 0   273.312 0   273.455 0    12.1 0    57.3 0    95.0 0   -15.2 0    79.8 0     0.4 0    60.2 0     3.1 0   265.0 0   970.3 0
 2026   5  1  5 18 47 18.783  66.54   122.6 0    29.9 0     0.3 0   121.3 0   301.5 0   274.097 0   274.182 0   316.5 0   273.317 0   273.458 0    11.7 0    55.4 0    91.6 0   -14.9 0    76.7 0     0.4 0    60.5 0     3.5 0   287.3 0   970.3 0
 2026   5  1  5 18 48 18.800  66.61   118.7 0    29.0 0     0.3 0   117.6 0   301.7 0   274.104 0   274.158 0   315.6 0   273.321 0   273.454 0    11.4 0    53.7 0    88.8 0   -13.9 0    74.8 0     0.4 0    60.4 0     3.7 0   271.1 0   970.2 0
 2026   5  1  5 18 49 18.817  66.69   112.2 0    27.2 0     0.3 0   111.5 0   301.7 0   274.106 0   274.155 0   316.0 0   273.323 0   273.462 0    11.0 0    50.8 0    84.4 0   -14.2 0    70.2 0     0.4 0    59.9 0     1.2 0   301.3 0   970.2 0
 2026   5  1  5 18 50 18.833  66.76   104.4 0    25.2 0     0.3 0   103.6 0   301.8 0   274.109 0   274.177 0   316.1 0   273.329 0   273.462 0    10.7 0    47.3 0    78.5 0   -14.3 0    64.3 0     0.5 0    59.8 0     2.3 0   304.9 0   970.2 0
 2026   5  1  5 18 51 18.850  66.84   101.0 0    24.3 0     0.3 0    99.9 0   301.8 0   274.113 0   274.132 0   315.4 0   273.332 0   273.456 0    10.6 0    45.8 0    75.7 0   -13.6 0    62.1 0     0.5 0    59.8 0     2.7 0   291.5 0   970.2 0
 2026   5  1  5 18 52 18.867  66.91    99.9 0    24.0 0     0.4 0    98.6 0   301.8 0   274.111 0   274.144 0   315.4 0   273.332 0   273.457 0    10.5 0    45.3 0    74.7 0   -13.6 0    61.1 0     0.5 0    59.8 0     3.0 0   263.1 0   970.3 0
 2026   5  1  5 18 53 18.883  66.99    98.1 0    23.6 0     0.4 0    97.0 0   301.7 0   274.110 0   274.114 0   315.5 0   273.332 0   273.455 0    10.3 0    44.4 0    73.6 0   -13.8 0    59.9 0     0.4 0    59.9 0     2.1 0   275.4 0   970.2 0
 2026   5  1  5 18 54 18.900  67.06    90.6 0    21.7 0     0.3 0    90.1 0   302.0 0   274.106 0   274.127 0   316.0 0   273.334 0   273.462 0     9.8 0    41.1 0    68.6 0   -14.0 0    54.7 0     0.5 0    59.8 0     1.2 0   294.4 0   970.2 0
 2026   5  1  5 18 55 18.917  67.14    88.0 0    21.0 0     0.3 0    86.9 0   302.2 0   274.102 0   274.103 0   315.8 0   273.338 0   273.469 0     9.6 0    40.1 0    66.1 0   -13.6 0    52.5 0     0.5 0    60.0 0     2.1 0   278.2 0   970.2 0
 2026   5  1  5 18 56 18.933  67.22    88.4 0    21.1 0     0.3 0    87.2 0   302.3 0   274.101 0   274.152 0   315.9 0   273.342 0   273.469 0     9.6 0    40.3 0    66.2 0   -13.6 0    52.7 0     0.5 0    60.2 0     1.8 0   267.2 0   970.2 0
 2026   5  1  5 18 57 18.950  67.30    88.2 0    21.0 0     0.2 0    87.0 0   302.6 0   274.112 0   274.178 0   316.1 0   273.347 0   273.478 0     9.4 0    40.3 0    66.0 0   -13.6 0    52.5 0     0.5 0    60.1 0     1.1 0   298.5 0   970.2 0
 2026   5  1  5 18 58 18.967  67.38    87.8 0    20.9 0     0.2 0    86.6 0   302.6 0   274.120 0   274.153 0   316.5 0   273.355 0   273.488 0     9.3 0    40.1 0    65.8 0   -14.0 0    51.8 0     0.6 0    60.2 0     1.3 0   293.9 0   970.2 0
 2026   5  1  5 18 59 18.983  67.46    87.7 0    20.9 0     0.2 0    86.5 0   302.8 0   274.123 0   274.183 0   316.5 0   273.363 0   273.494 0     9.3 0    40.1 0    65.6 0   -13.7 0    52.0 0     0.6 0    60.4 0     2.3 0   277.9 0   970.2 0
 2026   5  1  5 19  0 19.000  67.54    88.4 0    21.1 0     0.2 0    87.2 0   302.8 0   274.133 0   274.200 0   316.5 0   273.370 0   273.502 0     9.4 0    40.4 0    66.2 0   -13.7 0    52.5 0     0.6 0    60.7 0     1.2 0   286.3 0   970.2 0
 2026   5  1  5 19  1 19.017  67.62    88.7 0    21.1 0     0.2 0    87.5 0   302.8 0   274.146 0   274.208 0   316.9 0   273.379 0   273.510 0     9.4 0    40.5 0    66.5 0   -14.1 0    52.4 0     0.6 0    60.9 0     0.9 0   322.1 0   970.2 0
 2026   5  1  5 19  2 19.033  67.70    87.1 0    20.7 0     0.2 0    86.1 0   302.9 0   274.156 0   274.225 0   316.9 0   273.389 0   273.524 0     9.2 0    39.7 0    65.5 0   -14.0 0    51.5 0     0.7 0    61.1 0     1.8 0   282.0 0   970.2 0
 2026   5  1  5 19  3 19.050  67.79    84.5 0    20.2 0     0.2 0    83.8 0   302.9 0   274.168 0   274.229 0   316.3 0   273.400 0   273.529 0     9.0 0    38.7 0    63.7 0   -13.3 0    50.3 0     0.7 0    60.0 0     1.7 0   309.9 0   970.2 0
 2026   5  1  5 19  4 19.067  67.87    83.9 0    20.1 0     0.2 0    82.9 0   303.1 0   274.178 0   274.215 0   316.3 0   273.406 0   273.527 0     8.9 0    38.4 0    62.9 0   -13.2 0    49.7 0     0.7 0    60.0 0     1.8 0   290.8 0   970.2 0
 2026   5  1  5 19  5 19.083  67.96    86.0 0    20.7 0     0.3 0    84.7 0   302.9 0   274.183 0   274.197 0   315.7 0   273.410 0   273.532 0     8.9 0    39.4 0    64.2 0   -12.8 0    51.4 0     0.6 0    59.5 0     2.3 0   241.2 0   970.1 0
 2026   5  1  5 19  6 19.100  68.04    90.3 0    21.7 0     0.3 0    88.7 0   303.1 0   274.184 0   274.206 0   316.2 0   273.414 0   273.542 0     9.0 0    41.3 0    67.1 0   -13.1 0    53.9 0     0.6 0    59.6 0     1.6 0   279.0 0   970.1 0
 2026   5  1  5 19  7 19.117  68.13    95.6 0    23.0 0     0.3 0    93.8 0   303.3 0   274.185 0   274.209 0   316.0 0   273.420 0   273.547 0     9.2 0    43.6 0    70.9 0   -12.7 0    58.2 0     0.6 0    59.6 0     2.1 0   312.2 0   970.1 0
 2026   5  1  5 19  8 19.133  68.21    99.1 0    23.8 0     0.4 0    97.4 0   303.4 0   274.184 0   274.193 0   316.2 0   273.426 0   273.548 0     9.3 0    45.0 0    73.7 0   -12.8 0    60.9 0     0.6 0    59.8 0     2.1 0   333.0 0   970.1 0
 2026   5  1  5 19  9 19.150  68.30    99.8 0    24.0 0     0.3 0    98.3 0   303.5 0   274.185 0   274.228 0   316.8 0   273.431 0   273.562 0     9.4 0    45.3 0    74.5 0   -13.3 0    61.2 0     0.6 0    60.3 0     1.8 0   272.8 0   970.1 0
 2026   5  1  5 19 10 19.167  68.39    99.0 0    23.7 0     0.3 0    97.7 0   303.4 0   274.190 0   274.238 0   316.9 0   273.440 0   273.577 0     9.4 0    45.0 0    74.1 0   -13.6 0    60.6 0     0.6 0    59.6 0     1.3 0   254.8 0   970.1 0
 2026   5  1  5 19 11 19.183  68.48    98.9 0    23.6 0     0.3 0    97.5 0   303.4 0   274.194 0   274.253 0   317.3 0   273.451 0   273.592 0     9.4 0    44.9 0    74.0 0   -13.9 0    60.1 0     0.7 0    59.4 0     0.5 0   267.3 0   970.1 0
 2026   5  1  5 19 12 19.200  68.57   100.4 0    23.9 0     0.2 0    98.7 0   303.6 0   274.201 0   274.275 0   317.8 0   273.464 0   273.604 0     9.6 0    45.6 0    74.9 0   -14.2 0    60.7 0     0.8 0    59.3 0     1.0 0   327.1 0   970.0 0
 2026   5  1  5 19 13 19.217  68.66   104.4 0    24.9 0     0.3 0   102.4 0   303.7 0   274.209 0   274.286 0   317.5 0   273.478 0   273.620 0     9.9 0    47.3 0    77.6 0   -13.8 0    63.8 0     0.8 0    59.9 0     3.0 0   269.8 0   970.0 0
 2026   5  1  5 19 14 19.233  68.75   111.1 0    26.5 0     0.4 0   109.0 0   303.5 0   274.222 0   274.294 0   317.0 0   273.492 0   273.630 0    10.3 0    50.1 0    82.6 0   -13.5 0    69.1 0     0.8 0    59.3 0     2.4 0   238.9 0   969.9 0
 2026   5  1  5 19 15 19.250  68.84   114.0 0    27.1 0     0.4 0   112.1 0   303.6 0   274.235 0   274.353 0   318.1 0   273.503 0   273.647 0    10.5 0    51.2 0    85.2 0   -14.5 0    70.7 0     0.8 0    59.5 0     0.3 0   311.2 0   969.9 0
 2026   5  1  5 19 16 19.267  68.93   114.0 0    27.1 0     0.3 0   112.3 0   303.5 0   274.257 0   274.394 0   318.2 0   273.519 0   273.668 0    10.5 0    51.3 0    85.4 0   -14.7 0    70.7 0     0.9 0    59.2 0     2.4 0   279.8 0   969.8 0
 2026   5  1  5 19 17 19.283  69.02   113.7 0    27.0 0     0.3 0   112.2 0   303.4 0   274.277 0   274.367 0   317.8 0   273.535 0   273.684 0    10.6 0    51.1 0    85.3 0   -14.4 0    70.8 0     0.8 0    58.9 0     1.4 0   261.0 0   969.8 0
 2026   5  1  5 19 18 19.300  69.12   112.4 0    26.5 0     0.3 0   110.9 0   303.2 0   274.291 0   274.373 0   317.8 0   273.549 0   273.701 0    10.7 0    50.5 0    84.5 0   -14.7 0    69.9 0     0.9 0    58.9 0     1.5 0   284.0 0   969.8 0
 2026   5  1  5 19 19 19.317  69.21   108.0 0    25.3 0     0.3 0   106.9 0   302.9 0   274.301 0   274.385 0   318.0 0   273.564 0   273.714 0    10.6 0    48.5 0    81.7 0   -15.0 0    66.7 0     0.9 0    58.8 0     0.7 0   289.3 0   969.8 0
 2026   5  1  5 19 20 19.333  69.30   102.8 0    24.0 0     0.2 0   101.7 0   302.7 0   274.312 0   274.400 0   318.3 0   273.578 0   273.729 0    10.5 0    46.2 0    77.7 0   -15.6 0    62.2 0     0.9 0    58.6 0     0.7 0   295.0 0   969.7 0
 2026   5  1  5 19 21 19.350  69.40   102.3 0    23.8 0     0.2 0   100.8 0   302.8 0   274.323 0   274.411 0   318.7 0   273.594 0   273.741 0    10.4 0    46.0 0    77.0 0   -15.9 0    61.1 0     1.0 0    58.5 0     0.6 0   322.6 0   969.8 0
 2026   5  1  5 19 22 19.367  69.50   102.1 0    23.7 0     0.2 0   100.7 0   302.8 0   274.336 0   274.420 0   318.7 0   273.611 0   273.755 0    10.3 0    45.9 0    77.0 0   -15.9 0    61.1 0     1.0 0    58.4 0     1.0 0   317.4 0   969.7 0
 2026   5  1  5 19 23 19.383  69.59   100.3 0    23.3 0     0.3 0    98.9 0   302.7 0   274.347 0   274.395 0   318.4 0   273.626 0   273.763 0    10.3 0    45.0 0    75.7 0   -15.7 0    60.0 0     1.0 0    58.7 0     1.2 0   357.3 0   969.7 0
 2026   5  1  5 19 24 19.400  69.69   102.1 0    23.7 0     0.4 0   100.2 0   302.8 0   274.355 0   274.419 0   318.6 0   273.640 0   273.779 0    10.3 0    45.8 0    76.7 0   -15.8 0    60.9 0     1.0 0    59.4 0     1.2 0   319.3 0   969.7 0
 2026   5  1  5 19 25 19.417  69.79   105.2 0    24.4 0     0.4 0   103.3 0   302.9 0   274.372 0   274.484 0   318.4 0   273.656 0   273.798 0    10.3 0    47.1 0    79.0 0   -15.5 0    63.5 0     1.0 0    59.1 0     1.6 0   305.2 0   969.7 0
 2026   5  1  5 19 26 19.433  69.88   106.4 0    24.8 0     0.4 0   104.6 0   303.2 0   274.397 0   274.526 0   318.5 0   273.670 0   273.814 0    10.2 0    47.6 0    79.9 0   -15.3 0    64.6 0     1.0 0    58.8 0     1.0 0   276.5 0   969.7 0
 2026   5  1  5 19 27 19.450  69.98   106.1 0    24.7 0     0.5 0   104.6 0   303.4 0   274.427 0   274.539 0   319.0 0   273.684 0   273.828 0    10.0 0    47.5 0    80.0 0   -15.6 0    64.5 0     1.0 0    59.0 0     0.7 0   224.6 0   969.6 0
 2026   5  1  5 19 28 19.467  70.08   105.4 0    24.6 0     0.4 0   103.9 0   303.6 0   274.453 0   274.544 0   318.6 0   273.700 0   273.842 0     9.9 0    47.2 0    79.5 0   -15.0 0    64.5 0     1.0 0    58.8 0     1.6 0   322.7 0   969.6 0
 2026   5  1  5 19 29 19.483  70.18   106.1 0    24.8 0     0.5 0   104.4 0   303.7 0   274.468 0   274.512 0   318.4 0   273.714 0   273.849 0     9.9 0    47.4 0    79.8 0   -14.7 0    65.1 0     1.0 0    59.4 0     1.6 0   315.8 0   969.6 0
 2026   5  1  5 19 30 19.500  70.28   107.5 0    25.1 0     0.4 0   105.8 0   303.8 0   274.483 0   274.575 0   318.7 0   273.726 0   273.854 0     9.8 0    47.9 0    80.8 0   -14.9 0    65.9 0     1.0 0    59.3 0     0.8 0   331.5 0   969.6 0
 2026   5  1  5 19 31 19.517  70.39   107.3 0    25.0 0     0.5 0   105.7 0   303.9 0   274.499 0   274.554 0   318.5 0   273.738 0   273.869 0     9.7 0    47.8 0    80.8 0   -14.6 0    66.2 0     1.0 0    58.7 0     1.2 0   346.3 0   969.6 0
 2026   5  1  5 19 32 19.533  70.49   106.0 0    24.7 0     0.5 0   104.6 0   304.0 0   274.507 0   274.539 0   318.3 0   273.748 0   273.879 0     9.6 0    47.2 0    80.1 0   -14.3 0    65.8 0     1.0 0    59.3 0     1.6 0   337.4 0   969.6 0
 2026   5  1  5 19 33 19.550  70.59   104.3 0    24.2 0     0.5 0   103.0 0   304.2 0   274.514 0   274.578 0   318.6 0   273.760 0   273.898 0     9.4 0    46.4 0    78.9 0   -14.4 0    64.5 0     1.0 0    59.7 0     1.4 0   318.9 0   969.6 0
 2026   5  1  5 19 34 19.567  70.69   103.4 0    24.0 0     0.5 0   102.0 0   304.5 0   274.524 0   274.602 0   318.8 0   273.773 0   273.910 0     9.3 0    46.1 0    78.1 0   -14.3 0    63.8 0     1.0 0    59.8 0     1.7 0   335.9 0   969.6 0
 2026   5  1  5 19 35 19.583  70.80   102.4 0    23.8 0     0.4 0   101.0 0   304.4 0   274.544 0   274.664 0   319.0 0   273.785 0   273.919 0     9.2 0    45.7 0    77.4 0   -14.6 0    62.8 0     1.0 0    59.7 0     0.9 0   346.1 0   969.7 0
 2026   5  1  5 19 36 19.600  70.90   100.2 0    23.2 0     0.5 0    99.0 0   304.2 0   274.564 0   274.630 0   318.8 0   273.799 0   273.934 0     9.1 0    44.6 0    76.0 0   -14.6 0    61.4 0     1.1 0    59.7 0     2.1 0   321.0 0   969.7 0
 2026   5  1  5 19 37 19.617  71.01    96.8 0    22.4 0     0.6 0    95.8 0   304.0 0   274.576 0   274.623 0   317.7 0   273.810 0   273.934 0     9.1 0    43.2 0    73.6 0   -13.7 0    59.9 0     1.0 0    59.8 0     3.3 0   320.4 0   969.7 0
 2026   5  1  5 19 38 19.633  71.11    94.4 0    21.9 0     0.7 0    93.5 0   303.9 0   274.584 0   274.579 0   317.2 0   273.815 0   273.927 0     9.0 0    42.1 0    71.8 0   -13.4 0    58.4 0     1.0 0    59.5 0     2.4 0   348.6 0   969.6 0
 2026   5  1  5 19 39 19.650  71.22    91.2 0    21.1 0     0.8 0    90.4 0   303.9 0   274.584 0   274.604 0   317.6 0   273.817 0   273.935 0     8.8 0    40.8 0    69.6 0   -13.7 0    55.8 0     1.0 0    59.6 0     1.0 0   311.4 0   969.7 0
 2026   5  1  5 19 40 19.667  71.32    88.4 0    20.4 0     0.6 0    87.7 0   303.8 0   274.586 0   274.605 0   317.5 0   273.823 0   273.943 0     8.7 0    39.6 0    67.5 0   -13.7 0    53.8 0     1.0 0    59.1 0     1.5 0   298.8 0   969.7 0
 2026   5  1  5 19 41 19.683  71.43    86.0 0    19.7 0     0.5 0    85.2 0   303.6 0   274.587 0   274.622 0   317.6 0   273.829 0   273.952 0     8.6 0    38.5 0    65.6 0   -14.0 0    51.6 0     1.0 0    59.0 0     1.5 0   307.4 0   969.7 0
 2026   5  1  5 19 42 19.700  71.54    85.2 0    19.6 0     0.5 0    84.1 0   303.8 0   274.590 0   274.606 0   317.6 0   273.835 0   273.954 0     8.4 0    38.2 0    64.7 0   -13.9 0    50.9 0     1.0 0    59.1 0     1.7 0   288.8 0   969.7 0
 2026   5  1  5 19 43 19.717  71.65    87.4 0    20.1 0     0.4 0    85.9 0   303.9 0   274.593 0   274.633 0   317.9 0   273.840 0   273.964 0     8.4 0    39.1 0    66.0 0   -14.0 0    52.0 0     1.0 0    59.2 0     1.0 0   212.7 0   969.7 0
 2026   5  1  5 19 44 19.733  71.76    90.8 0    20.8 0     0.3 0    89.2 0   304.0 0   274.605 0   274.696 0   318.6 0   273.848 0   273.978 0     8.4 0    40.6 0    68.4 0   -14.6 0    53.8 0     1.1 0    59.3 0     0.9 0   290.0 0   969.7 0
 2026   5  1  5 19 45 19.750  71.87    92.9 0    21.3 0     0.4 0    91.4 0   303.9 0   274.624 0   274.686 0   318.2 0   273.859 0   273.992 0     8.4 0    41.4 0    70.2 0   -14.3 0    55.9 0     1.1 0    59.3 0     1.8 0   273.9 0   969.7 0
 2026   5  1  5 19 46 19.767  71.98    94.8 0    21.8 0     0.5 0    93.2 0   303.4 0   274.638 0   274.675 0   318.1 0   273.869 0   273.998 0     8.5 0    42.2 0    71.6 0   -14.7 0    56.9 0     1.1 0    58.7 0     1.2 0   245.8 0   969.7 0
 2026   5  1  5 19 47 19.783  72.09    97.7 0    22.4 0     0.5 0    95.9 0   303.2 0   274.646 0   274.686 0   318.5 0   273.878 0   274.011 0     8.6 0    43.5 0    73.6 0   -15.3 0    58.3 0     1.2 0    58.6 0     0.8 0   257.4 0   969.7 0
 2026   5  1  5 19 48 19.800  72.20   100.3 0    23.1 0     0.5 0    98.5 0   303.1 0   274.653 0   274.714 0   318.2 0   273.888 0   274.020 0     8.7 0    44.6 0    75.6 0   -15.0 0    60.6 0     1.2 0    58.4 0     0.7 0   236.9 0   969.7 0
 2026   5  1  5 19 49 19.817  72.31   103.3 0    23.8 0     0.5 0   101.4 0   303.3 0   274.663 0   274.741 0   318.5 0   273.899 0   274.030 0     8.7 0    45.8 0    77.7 0   -15.2 0    62.6 0     1.3 0    58.5 0     0.6 0   313.1 0   969.6 0
 2026   5  1  5 19 50 19.833  72.42   105.3 0    24.2 0     0.4 0   103.4 0   303.4 0   274.676 0   274.765 0   319.1 0   273.912 0   274.049 0     8.6 0    46.6 0    79.3 0   -15.7 0    63.5 0     1.3 0    58.9 0     1.9 0   320.6 0   969.6 0
 2026   5  1  5 19 51 19.850  72.54   107.2 0    24.7 0     0.4 0   105.3 0   303.5 0   274.694 0   274.780 0   318.7 0   273.925 0   274.060 0     8.6 0    47.5 0    80.6 0   -15.2 0    65.5 0     1.3 0    58.8 0     1.1 0   323.1 0   969.6 0
 2026   5  1  5 19 52 19.867  72.65   107.8 0    24.8 0     0.4 0   106.0 0   303.6 0   274.708 0   274.785 0   318.9 0   273.938 0   274.075 0     8.5 0    47.6 0    81.3 0   -15.3 0    66.0 0     1.3 0    58.5 0     1.0 0   327.5 0   969.6 0
 2026   5  1  5 19 53 19.883  72.76   102.9 0    23.6 0     0.3 0   101.7 0   303.6 0   274.718 0   274.803 0   319.4 0   273.951 0   274.090 0     8.2 0    45.5 0    78.1 0   -15.8 0    62.3 0     1.3 0    58.6 0     1.0 0   290.8 0   969.6 0
 2026   5  1  5 19 54 19.900  72.88   100.7 0    23.1 0     0.3 0    99.2 0   303.2 0   274.728 0   274.781 0   319.0 0   273.964 0   274.102 0     8.1 0    44.6 0    76.2 0   -15.8 0    60.4 0     1.3 0    58.2 0     1.7 0   302.8 0   969.6 0
 2026   5  1  5 19 55 19.917  72.99   100.1 0    23.0 0     0.4 0    98.7 0   302.8 0   274.735 0   274.787 0   318.7 0   273.977 0   274.106 0     8.1 0    44.3 0    75.8 0   -15.9 0    59.9 0     1.3 0    58.3 0     2.0 0   317.6 0   969.7 0
 2026   5  1  5 19 56 19.933  73.11    98.5 0    22.7 0     0.4 0    97.2 0   302.9 0   274.743 0   274.773 0   318.2 0   273.986 0   274.110 0     8.0 0    43.6 0    74.7 0   -15.3 0    59.3 0     1.3 0    58.4 0     1.8 0   316.9 0   969.7 0
 2026   5  1  5 19 57 19.950  73.23    97.6 0    22.5 0     0.4 0    96.3 0   303.2 0   274.751 0   274.814 0   318.5 0   273.993 0   274.119 0     7.8 0    43.2 0    73.9 0   -15.4 0    58.6 0     1.3 0    58.7 0     1.9 0   264.5 0   969.7 0
 2026   5  1  5 19 58 19.967  73.34    96.9 0    22.3 0     0.4 0    95.6 0   303.3 0   274.762 0   274.808 0   318.7 0   274.002 0   274.133 0     7.7 0    42.9 0    73.4 0   -15.3 0    58.1 0     1.3 0    58.6 0     1.6 0   267.0 0   969.7 0
 2026   5  1  5 19 59 19.983  73.46    95.6 0    21.9 0     0.4 0    94.3 0   303.4 0   274.770 0   274.811 0   319.1 0   274.012 0   274.144 0     7.6 0    42.4 0    72.5 0   -15.7 0    56.8 0     1.3 0    58.6 0     1.6 0   284.9 0   969.7 0
 2026   5  1  5 20  0 20.000  73.58    94.0 0    21.6 0     0.4 0    92.9 0   303.4 0   274.777 0   274.818 0   318.9 0   274.024 0   274.152 0     7.5 0    41.7 0    71.4 0   -15.5 0    55.9 0     1.3 0    58.9 0     2.1 0   324.4 0   969.7 0
 2026   5  1  5 20  1 20.017  73.70    92.6 0    21.3 0     0.4 0    91.6 0   303.4 0   274.785 0   274.816 0   318.8 0   274.033 0   274.151 0     7.3 0    41.1 0    70.3 0   -15.4 0    55.0 0     1.3 0    60.2 0     2.1 0   343.9 0   969.7 0
 2026   5  1  5 20  2 20.033  73.81    91.5 0    21.1 0     0.4 0    90.4 0   303.7 0   274.791 0   274.814 0   318.9 0   274.040 0   274.162 0     7.2 0    40.6 0    69.4 0   -15.2 0    54.2 0     1.3 0    60.7 0     1.5 0   337.7 0   969.7 0
 2026   5  1  5 20  3 20.050  73.93    92.0 0    21.2 0     0.4 0    90.7 0   303.6 0   274.796 0   274.816 0   318.7 0   274.049 0   274.174 0     7.2 0    40.9 0    69.6 0   -15.1 0    54.5 0     1.3 0    59.7 0     1.8 0   320.9 0   969.8 0
 2026   5  1  5 20  4 20.067  74.05    94.2 0    21.7 0     0.4 0    92.6 0   302.9 0   274.798 0   274.828 0   318.5 0   274.056 0   274.185 0     7.2 0    41.8 0    71.0 0   -15.7 0    55.3 0     1.3 0    59.1 0     1.1 0   297.3 0   969.8 0
 2026   5  1  5 20  5 20.083  74.17    96.7 0    22.2 0     0.4 0    94.9 0   301.6 0   274.799 0   274.818 0   318.7 0   274.064 0   274.191 0     7.4 0    42.7 0    72.8 0   -17.0 0    55.8 0     1.3 0    58.8 0     1.2 0   330.6 0   969.7 0
 2026   5  1  5 20  6 20.100  74.30    99.0 0    22.8 0     0.4 0    97.2 0   299.9 0   274.798 0   274.808 0   318.5 0   274.071 0   274.193 0     7.5 0    43.7 0    74.5 0   -18.6 0    55.9 0     1.3 0    58.8 0     2.0 0   326.5 0   969.7 0
 2026   5  1  5 20  7 20.117  74.42   101.2 0    23.3 0     0.4 0    99.3 0   298.4 0   274.799 0   274.842 0   318.8 0   274.079 0   274.209 0     7.5 0    44.5 0    76.1 0   -20.4 0    55.6 0     1.3 0    58.8 0     1.8 0   303.9 0   969.7 0
 2026   5  1  5 20  8 20.133  74.54   102.1 0    23.5 0     0.3 0   100.4 0   297.6 0   274.808 0   274.901 0   319.2 0   274.088 0   274.222 0     7.5 0    44.9 0    77.0 0   -21.7 0    55.3 0     1.3 0    59.5 0     1.6 0   310.4 0   969.7 0
 2026   5  1  5 20  9 20.150  74.66   102.3 0    23.6 0     0.3 0   100.7 0   297.3 0   274.828 0   274.911 0   319.2 0   274.098 0   274.236 0     7.4 0    45.1 0    77.2 0   -21.9 0    55.3 0     1.4 0    59.0 0     1.9 0   308.4 0   969.7 0
 2026   5  1  5 20 10 20.167  74.78   103.0 0    23.9 0     0.3 0   101.4 0   297.2 0   274.844 0   274.907 0   319.2 0   274.108 0   274.242 0     7.4 0    45.4 0    77.7 0   -22.1 0    55.6 0     1.4 0    58.7 0     1.4 0   339.8 0   969.7 0
 2026   5  1  5 20 11 20.183  74.91   104.7 0    24.3 0     0.3 0   103.0 0   296.3 0   274.853 0   274.892 0   319.4 0   274.117 0   274.250 0     7.3 0    46.1 0    78.8 0   -23.1 0    55.7 0     1.4 0    58.5 0     0.7 0     0.2 0   969.7 0
 2026   5  1  5 20 12 20.200  75.03   106.5 0    24.7 0     0.4 0   104.7 0   294.8 0   274.861 0   274.923 0   319.8 0   274.127 0   274.257 0     7.3 0    46.8 0    80.1 0   -25.1 0    55.0 0     1.4 0    58.4 0     0.4 0     5.4 0   969.7 0
 2026   5  1  5 20 13 20.217  75.16   108.2 0    25.2 0     0.6 0   106.3 0   293.4 0   274.871 0   274.944 0   320.0 0   274.138 0   274.271 0     7.3 0    47.6 0    81.4 0   -26.6 0    54.7 0     1.5 0    58.8 0     1.4 0   334.7 0   969.7 0
 2026   5  1  5 20 14 20.233  75.28   109.4 0    25.6 0     0.6 0   107.8 0   292.1 0   274.885 0   274.933 0   319.3 0   274.152 0   274.288 0     7.3 0    48.1 0    82.4 0   -27.1 0    55.3 0     1.5 0    58.4 0     2.1 0   321.9 0   969.6 0
 2026   5  1  5 20 15 20.250  75.41   110.9 0    26.0 0     0.7 0   109.2 0   291.2 0   274.896 0   274.936 0   319.0 0   274.164 0   274.300 0     7.2 0    48.7 0    83.4 0   -27.8 0    55.6 0     1.5 0    58.3 0     1.1 0   323.4 0   969.6 0
 2026   5  1  5 20 16 20.267  75.53   112.6 0    26.5 0     0.8 0   110.8 0   289.7 0   274.905 0   274.958 0   319.2 0   274.176 0   274.315 0     7.1 0    49.4 0    84.5 0   -29.5 0    55.0 0     1.5 0    58.2 0     1.1 0   295.0 0   969.6 0
 2026   5  1  5 20 17 20.283  75.66   114.0 0    26.8 0     0.7 0   112.2 0   287.8 0   274.916 0   274.979 0   319.4 0   274.188 0   274.328 0     7.1 0    50.0 0    85.6 0   -31.6 0    54.0 0     1.5 0    58.1 0     0.7 0   279.1 0   969.7 0
 2026   5  1  5 20 18 20.300  75.79   115.4 0    27.2 0     0.7 0   113.6 0   286.8 0   274.932 0   275.018 0   319.5 0   274.201 0   274.345 0     7.1 0    50.6 0    86.6 0   -32.7 0    53.9 0     1.6 0    57.9 0     0.3 0   274.2 0   969.7 0
 2026   5  1  5 20 19 20.317  75.91   117.5 0    27.7 0     1.0 0   115.6 0   287.3 0   274.950 0   275.037 0   320.3 0   274.217 0   274.361 0     7.0 0    51.5 0    88.1 0   -33.1 0    55.1 0     1.7 0    58.1 0     0.9 0   317.9 0   969.7 0
 2026   5  1  5 20 20 20.333  76.04   118.7 0    28.1 0     1.3 0   116.8 0   287.7 0   274.967 0   275.063 0   320.7 0   274.234 0   274.382 0     6.9 0    51.9 0    89.1 0   -33.0 0    56.1 0     1.7 0    58.2 0     0.8 0   355.4 0   969.6 0
 2026   5  1  5 20 21 20.350  76.17   119.7 0    28.4 0     1.8 0   117.8 0   287.8 0   274.988 0   275.076 0   320.8 0   274.253 0   274.401 0     6.8 0    52.4 0    89.7 0   -33.0 0    56.7 0     1.7 0    57.9 0     0.9 0   350.8 0   969.7 0
 2026   5  1  5 20 22 20.367  76.30   121.9 0    29.1 0     1.8 0   119.9 0   288.5 0   275.009 0   275.100 0   321.0 0   274.271 0   274.418 0     6.7 0    53.3 0    91.2 0   -32.4 0    58.8 0     1.8 0    58.5 0     0.9 0   347.4 0   969.6 0
 2026   5  1  5 20 23 20.383  76.43   122.6 0    29.4 0     0.9 0   121.1 0   289.0 0   275.029 0   275.096 0   320.8 0   274.290 0   274.434 0     6.5 0    53.5 0    91.9 0   -31.8 0    60.1 0     1.8 0    57.9 0     1.4 0   338.7 0   969.6 0
 2026   5  1  5 20 24 20.400  76.56   124.4 0    30.0 0     2.5 0   122.5 0   289.6 0   275.046 0   275.122 0   321.0 0   274.307 0   274.449 0     6.4 0    54.2 0    93.0 0   -31.4 0    61.6 0     1.7 0    59.1 0     1.9 0   346.5 0   969.6 0
 2026   5  1  5 20 25 20.417  76.69   127.6 0    31.3 0    11.0 0   124.2 0   289.7 0   275.063 0   275.125 0   320.9 0   274.323 0   274.466 0     6.3 0    55.6 0    95.4 0   -31.2 0    64.2 0     1.7 0    59.5 0     1.6 0   344.4 0   969.6 0
 2026   5  1  5 20 26 20.433  76.82   128.0 0    31.5 0    10.8 0   124.9 0   289.6 0   275.083 0   275.186 0   321.5 0   274.341 0   274.496 0     6.2 0    55.8 0    95.8 0   -31.9 0    63.9 0     1.7 0    59.3 0     0.9 0   348.4 0   969.6 0
 2026   5  1  5 20 27 20.450  76.95   130.8 0    32.5 0    19.4 0   125.9 0   289.6 0   275.111 0   275.235 0   322.1 0   274.362 0   274.523 0     6.2 0    57.1 0    97.8 0   -32.5 0    65.4 0     1.8 0    59.6 0     0.7 0   333.6 0   969.6 0
 2026   5  1  5 20 28 20.467  77.08   131.4 0    32.5 0    13.9 0   127.7 0   288.9 0   275.137 0   275.204 0   321.9 0   274.386 0   274.548 0     6.1 0    57.1 0    98.3 0   -33.0 0    65.3 0     1.9 0    59.0 0     1.1 0   328.9 0   969.6 0
 2026   5  1  5 20 29 20.483  77.21   131.7 0    32.6 0     9.3 0   129.0 0   287.1 0   275.155 0   275.243 0   321.9 0   274.409 0   274.568 0     6.1 0    57.2 0    98.4 0   -34.8 0    63.6 0     2.0 0    59.2 0     1.1 0   341.9 0   969.6 0
 2026   5  1  5 20 30 20.500  77.34   137.0 0    34.8 0    29.5 0   130.5 0   284.9 0   275.180 0   275.285 0   321.4 0   274.432 0   274.590 0     6.0 0    59.5 0   102.2 0   -36.4 0    65.8 0     2.0 0    57.9 0     1.8 0   336.3 0   969.5 0
 2026   5  1  5 20 31 20.517  77.48   136.3 0    34.4 0    21.3 0   131.6 0   282.1 0   275.206 0   275.254 0   320.1 0   274.451 0   274.600 0     6.0 0    59.1 0   101.8 0   -38.0 0    63.8 0     1.9 0    57.3 0     1.8 0   324.8 0   969.5 0
 2026   5  1  5 20 32 20.533  77.61   136.1 0    34.4 0    19.3 0   132.1 0   279.0 0   275.221 0   275.266 0   320.5 0   274.466 0   274.616 0     6.0 0    59.1 0   101.8 0   -41.5 0    60.3 0     1.9 0    57.4 0     0.7 0   318.8 0   969.5 0
 2026   5  1  5 20 33 20.550  77.74   140.9 0    36.3 0    41.3 0   132.7 0   276.5 0   275.235 0   275.290 0   321.2 0   274.484 0   274.647 0     6.0 0    61.0 0   105.2 0   -44.7 0    60.5 0     2.0 0    57.3 0     0.2 0     6.2 0   969.5 0
 2026   5  1  5 20 34 20.567  77.88   137.0 0    34.6 0    21.8 0   132.7 0   274.9 0   275.251 0   275.301 0   321.0 0   274.505 0   274.660 0     5.9 0    59.3 0   102.7 0   -46.2 0    56.5 0     2.1 0    57.8 0     1.7 0    33.5 0   969.4 0
 2026   5  1  5 20 35 20.583  78.01   136.6 0    34.6 0    23.5 0   132.3 0   273.3 0   275.267 0   275.287 0   320.1 0   274.522 0   274.664 0     5.9 0    59.1 0   102.6 0   -46.9 0    55.7 0     2.1 0    57.5 0     1.6 0   352.4 0   969.4 0
 2026   5  1  5 20 36 20.600  78.15   134.1 0    33.6 0    12.5 0   131.6 0   271.7 0   275.280 0   275.307 0   319.5 0   274.537 0   274.679 0     5.8 0    58.0 0   100.6 0   -47.8 0    52.8 0     2.1 0    57.1 0     2.1 0   315.4 0   969.4 0
 2026   5  1  5 20 37 20.617  78.28   130.2 0    32.4 0     4.8 0   129.3 0   270.5 0   275.291 0   275.321 0   319.3 0   274.547 0   274.684 0     5.7 0    56.2 0    97.9 0   -48.8 0    49.0 0     2.0 0    57.2 0     1.5 0   306.4 0   969.4 0
 2026   5  1  5 20 38 20.633  78.42   126.9 0    31.5 0     5.6 0   125.8 0   269.5 0   275.301 0   275.311 0   318.8 0   274.556 0   274.696 0     5.6 0    54.7 0    95.5 0   -49.3 0    46.1 0     2.0 0    57.0 0     1.3 0   314.5 0   969.4 0
 2026   5  1  5 20 39 20.650  78.55   124.4 0    30.8 0     6.6 0   123.0 0   268.7 0   275.307 0   275.306 0   318.8 0   274.566 0   274.703 0     5.5 0    53.7 0    93.4 0   -50.1 0    43.3 0     2.0 0    57.0 0     1.0 0   289.5 0   969.5 0
 2026   5  1  5 20 40 20.667  78.69   123.1 0    30.6 0     6.5 0   121.7 0   268.1 0   275.309 0   275.299 0   318.7 0   274.575 0   274.715 0     5.4 0    53.2 0    92.4 0   -50.6 0    41.8 0     2.0 0    56.9 0     0.7 0   264.0 0   969.4 0
 2026   5  1  5 20 41 20.683  78.83   128.1 0    33.0 0    45.3 0   120.4 0   267.3 0   275.310 0   275.288 0   319.1 0   274.586 0   274.727 0     5.3 0    55.5 0    96.2 0   -51.8 0    44.3 0     2.0 0    56.8 0     0.6 0   255.9 0   969.5 0
 2026   5  1  5 20 42 20.700  78.96   120.1 0    30.0 0    14.1 0   117.8 0   266.6 0   275.315 0   275.314 0   319.2 0   274.598 0   274.741 0     5.2 0    51.8 0    90.4 0   -52.7 0    37.7 0     2.1 0    57.0 0     0.0 0     0.0 0   969.5 0
 2026   5  1  5 20 43 20.717  79.10   114.0 0    28.1 0     5.2 0   113.4 0   265.9 0   275.321 0   275.308 0   318.9 0   274.610 0   274.744 0     5.0 0    49.2 0    86.3 0   -53.0 0    33.3 0     2.2 0    56.4 0     0.2 0    95.5 0   969.5 0
 2026   5  1  5 20 44 20.733  79.24   110.0 0    27.0 0     3.0 0   109.6 0   265.3 0   275.324 0   275.295 0   318.5 0   274.619 0   274.744 0     4.9 0    47.5 0    83.2 0   -53.2 0    30.0 0     2.3 0    56.2 0     0.6 0    30.7 0   969.5 0
 2026   5  1  5 20 45 20.750  79.38   107.9 0    26.6 0     5.3 0   107.0 0   265.0 0   275.323 0   275.262 0   318.1 0   274.627 0   274.751 0     4.8 0    46.5 0    81.4 0   -53.1 0    28.3 0     2.2 0    56.3 0     1.9 0   332.6 0   969.5 0
 2026   5  1  5 20 46 20.767  79.52   105.0 0    26.0 0     1.9 0   104.8 0   264.7 0   275.319 0   275.260 0   317.6 0   274.633 0   274.750 0     4.6 0    45.2 0    79.2 0   -52.9 0    26.3 0     2.1 0    57.2 0     1.8 0   331.9 0   969.5 0
 2026   5  1  5 20 47 20.783  79.66   103.4 0    25.7 0     4.0 0   102.8 0   264.5 0   275.316 0   275.269 0   317.5 0   274.636 0   274.751 0     4.5 0    44.6 0    77.8 0   -53.0 0    24.8 0     2.0 0    58.1 0     1.6 0   304.7 0   969.5 0
 2026   5  1  5 20 48 20.800  79.80   101.4 0    25.3 0     2.4 0   101.2 0   264.5 0   275.317 0   275.274 0   317.6 0   274.640 0   274.756 0     4.4 0    43.7 0    76.3 0   -53.1 0    23.2 0     2.0 0    58.4 0     1.2 0   340.5 0   969.5 0
 2026   5  1  5 20 49 20.817  79.94    98.8 0    24.5 0     1.7 0    98.8 0   264.7 0   275.316 0   275.231 0   317.4 0   274.643 0   274.756 0     4.3 0    42.4 0    74.5 0   -52.7 0    21.9 0     2.0 0    57.6 0     1.7 0   357.5 0   969.4 0
 2026   5  1  5 20 50 20.833  80.08    95.5 0    23.7 0     1.3 0    95.5 0   265.0 0   275.310 0   275.224 0   317.0 0   274.644 0   274.750 0     4.2 0    41.0 0    72.1 0   -52.0 0    20.1 0     2.0 0    58.1 0     1.9 0   326.8 0   969.5 0
 2026   5  1  5 20 51 20.850  80.22    93.1 0    23.0 0     1.6 0    92.9 0   265.4 0   275.302 0   275.204 0   316.6 0   274.643 0   274.752 0     4.1 0    39.9 0    70.2 0   -51.2 0    19.0 0     1.9 0    57.6 0     1.6 0   352.8 0   969.5 0
 2026   5  1  5 20 52 20.867  80.36    90.7 0    22.3 0     1.6 0    90.5 0   265.9 0   275.293 0   275.192 0   316.4 0   274.641 0   274.745 0     4.0 0    38.8 0    68.4 0   -50.6 0    17.8 0     1.9 0    58.2 0     2.4 0   334.9 0   969.4 0
 2026   5  1  5 20 53 20.883  80.50    88.4 0    21.7 0     1.9 0    88.0 0   266.5 0   275.283 0   275.187 0   316.3 0   274.638 0   274.743 0     3.9 0    37.8 0    66.7 0   -49.8 0    16.9 0     1.9 0    58.1 0     1.8 0   321.1 0   969.4 0
 2026   5  1  5 20 54 20.900  80.64    86.5 0    21.1 0     1.8 0    86.0 0   267.2 0   275.275 0   275.199 0   316.2 0   274.635 0   274.743 0     3.7 0    36.9 0    65.2 0   -49.1 0    16.1 0     1.9 0    58.0 0     1.4 0   324.0 0   969.4 0
 2026   5  1  5 20 55 20.917  80.79    84.5 0    20.6 0     2.1 0    83.9 0   267.9 0   275.268 0   275.191 0   316.2 0   274.633 0   274.732 0     3.6 0    36.0 0    63.6 0   -48.3 0    15.3 0     1.9 0    58.4 0     2.1 0   327.6 0   969.4 0
 2026   5  1  5 20 56 20.933  80.93    81.5 0    19.8 0     1.1 0    81.0 0   268.7 0   275.260 0   275.174 0   316.1 0   274.629 0   274.729 0     3.5 0    34.7 0    61.4 0   -47.5 0    13.9 0     1.9 0    58.7 0     1.6 0   302.6 0   969.4 0
 2026   5  1  5 20 57 20.950  81.07    78.1 0    18.9 0     0.5 0    77.8 0   269.8 0   275.250 0   275.163 0   316.1 0   274.626 0   274.727 0     3.4 0    33.2 0    59.0 0   -46.3 0    12.7 0     1.9 0    59.0 0     1.4 0   305.1 0   969.4 0
 2026   5  1  5 20 58 20.967  81.21    75.1 0    18.1 0     0.3 0    74.8 0   271.7 0   275.240 0   275.150 0   316.0 0   274.621 0   274.716 0     3.3 0    31.9 0    56.7 0   -44.3 0    12.4 0     1.9 0    58.9 0     1.3 0   336.6 0   969.4 0
 2026   5  1  5 20 59 20.983  81.36    72.6 0    17.5 0     0.3 0    72.2 0   273.7 0   275.230 0   275.143 0   316.0 0   274.615 0   274.707 0     3.2 0    30.8 0    54.8 0   -42.2 0    12.5 0     1.8 0    58.9 0     1.9 0   321.9 0   969.4 0
 2026   5  1  5 21  0 21.000  81.50    70.3 0    17.0 0     0.3 0    70.0 0   275.6 0   275.220 0   275.128 0   315.9 0   274.609 0   274.705 0     3.0 0    29.8 0    53.0 0   -40.2 0    12.8 0     1.8 0    59.2 0     3.0 0   296.9 0   969.4 0
 2026   5  1  5 21  1 21.017  81.65    67.6 0    16.4 0     0.3 0    67.4 0   277.8 0   275.209 0   275.106 0   315.8 0   274.601 0   274.693 0     2.9 0    28.6 0    51.1 0   -38.1 0    13.0 0     1.8 0    59.1 0     3.0 0   282.7 0   969.4 0
 2026   5  1  5 21  2 21.033  81.79    64.6 0    15.6 0     0.3 0    64.5 0   280.4 0   275.197 0   275.092 0   315.8 0   274.590 0   274.682 0     2.8 0    27.3 0    49.0 0   -35.4 0    13.5 0     1.8 0    58.9 0     3.1 0   294.4 0   969.3 0
 2026   5  1  5 21  3 21.050  81.94    60.9 0    14.7 0     0.3 0    60.9 0   283.6 0   275.187 0   275.098 0   315.9 0   274.579 0   274.669 0     2.7 0    25.7 0    46.2 0   -32.3 0    14.0 0     1.7 0    59.0 0     1.9 0   277.9 0   969.3 0
 2026   5  1  5 21  4 21.067  82.08    57.2 0    13.7 0     0.3 0    57.2 0   287.2 0   275.178 0   275.104 0   315.9 0   274.570 0   274.660 0     2.5 0    24.2 0    43.5 0   -28.7 0    14.8 0     1.7 0    58.7 0     2.0 0   223.4 0   969.3 0
 2026   5  1  5 21  5 21.083  82.23    53.9 0    12.9 0     0.4 0    53.9 0   291.3 0   275.171 0   275.102 0   315.9 0   274.560 0   274.649 0     2.4 0    22.8 0    41.0 0   -24.6 0    16.3 0     1.7 0    58.8 0     3.2 0   195.3 0   969.3 0
 2026   5  1  5 21  6 21.100  82.37    51.0 0    12.3 0     0.4 0    51.1 0   294.7 0   275.165 0   275.104 0   316.1 0   274.550 0   274.639 0     2.2 0    21.6 0    38.9 0   -21.4 0    17.5 0     1.7 0    58.8 0     1.4 0   158.5 0   969.3 0
 2026   5  1  5 21  7 21.117  82.52    48.9 0    11.6 0     0.3 0    48.8 0   297.2 0   275.162 0   275.129 0   316.4 0   274.544 0   274.639 0     2.1 0    20.7 0    37.2 0   -19.3 0    17.9 0     1.7 0    58.8 0     0.5 0   175.1 0   969.3 0
 2026   5  1  5 21  8 21.133  82.67    47.3 0    11.2 0     0.2 0    47.1 0   299.1 0   275.161 0   275.122 0   316.6 0   274.540 0   274.635 0     2.0 0    20.0 0    35.9 0   -17.5 0    18.4 0     1.7 0    58.6 0     1.0 0   238.2 0   969.3 0
 2026   5  1  5 21  9 21.150  82.81    45.9 0    10.8 0     0.2 0    45.6 0   300.3 0   275.159 0   275.110 0   316.7 0   274.537 0   274.631 0     2.0 0    19.3 0    34.7 0   -16.4 0    18.4 0     1.8 0    58.5 0     1.7 0   314.5 0   969.3 0
 2026   5  1  5 21 10 21.167  82.96    44.1 0    10.5 0     0.2 0    43.8 0   301.3 0   275.154 0   275.086 0   316.7 0   274.532 0   274.621 0     1.9 0    18.5 0    33.4 0   -15.4 0    18.0 0     1.8 0    58.8 0     1.7 0   346.5 0   969.2 0
 2026   5  1  5 21 11 21.183  83.11    42.2 0    10.0 0     0.2 0    41.9 0   302.4 0   275.147 0   275.073 0   316.7 0   274.526 0   274.614 0     1.8 0    17.7 0    31.9 0   -14.3 0    17.6 0     1.7 0    59.1 0     2.4 0   328.8 0   969.2 0
 2026   5  1  5 21 12 21.200  83.25    40.8 0     9.7 0     0.2 0    40.5 0   303.5 0   275.139 0   275.051 0   316.6 0   274.520 0   274.603 0     1.7 0    17.1 0    30.7 0   -13.1 0    17.6 0     1.7 0    59.3 0     3.0 0   336.7 0   969.2 0
 2026   5  1  5 21 13 21.217  83.40    39.3 0     9.4 0     0.2 0    39.0 0   304.2 0   275.129 0   275.055 0   316.7 0   274.511 0   274.588 0     1.6 0    16.5 0    29.5 0   -12.5 0    17.0 0     1.7 0    60.7 0     2.1 0   317.4 0   969.3 0
 2026   5  1  5 21 14 21.233  83.55    37.7 0     9.0 0     0.2 0    37.4 0   304.6 0   275.121 0   275.060 0   316.8 0   274.503 0   274.590 0     1.6 0    15.8 0    28.5 0   -12.2 0    16.3 0     1.7 0    60.0 0     1.8 0   300.8 0   969.3 0
 2026   5  1  5 21 15 21.250  83.70    36.1 0     8.7 0     0.2 0    36.0 0   305.0 0   275.116 0   275.050 0   316.5 0   274.497 0   274.581 0     1.5 0    15.2 0    27.3 0   -11.6 0    15.8 0     1.7 0    59.3 0     4.1 0   327.0 0   969.2 0
 2026   5  1  5 21 16 21.267  83.85    34.9 0     8.4 0     0.2 0    34.8 0   305.2 0   275.111 0   275.050 0   316.4 0   274.490 0   274.576 0     1.5 0    14.7 0    26.3 0   -11.2 0    15.2 0     1.7 0    59.3 0     3.7 0   327.0 0   969.2 0
 2026   5  1  5 21 17 21.283  84.00    34.0 0     8.2 0     0.2 0    33.8 0   305.1 0   275.108 0   275.059 0   316.5 0   274.485 0   274.574 0     1.4 0    14.3 0    25.6 0   -11.5 0    14.2 0     1.7 0    59.8 0     1.6 0   350.3 0   969.2 0
 2026   5  1  5 21 18 21.300  84.14    33.0 0     7.9 0     0.2 0    32.8 0   305.1 0   275.109 0   275.067 0   316.6 0   274.482 0   274.573 0     1.4 0    13.9 0    25.0 0   -11.6 0    13.4 0     1.7 0    59.2 0     1.1 0     4.9 0   969.2 0
 2026   5  1  5 21 19 21.317  84.29    31.9 0     7.6 0     0.2 0    31.8 0   305.2 0   275.110 0   275.063 0   316.6 0   274.481 0   274.571 0     1.3 0    13.4 0    24.2 0   -11.4 0    12.8 0     1.8 0    59.4 0     1.2 0   290.8 0   969.2 0
 2026   5  1  5 21 20 21.333  84.44    30.7 0     7.3 0     0.1 0    30.6 0   305.3 0   275.112 0   275.078 0   316.6 0   274.479 0   274.568 0     1.3 0    12.9 0    23.3 0   -11.3 0    12.0 0     1.8 0    59.2 0     1.1 0   205.9 0   969.2 0
 2026   5  1  5 21 21 21.350  84.59    29.7 0     7.1 0     0.2 0    29.6 0   305.4 0   275.116 0   275.086 0   316.7 0   274.477 0   274.568 0     1.2 0    12.5 0    22.6 0   -11.3 0    11.3 0     1.8 0    59.2 0     0.6 0   333.4 0   969.3 0
 2026   5  1  5 21 22 21.367  84.74    29.0 0     6.9 0     0.2 0    29.0 0   305.3 0   275.118 0   275.053 0   316.5 0   274.476 0   274.565 0     1.2 0    12.1 0    22.1 0   -11.2 0    10.9 0     1.8 0    59.3 0     2.2 0   357.4 0   969.3 0
 2026   5  1  5 21 23 21.383  84.89    28.3 0     6.7 0     0.2 0    28.3 0   304.8 0   275.118 0   275.057 0   316.4 0   274.474 0   274.565 0     1.2 0    11.8 0    21.5 0   -11.6 0    10.0 0     1.8 0    59.0 0     2.0 0   325.0 0   969.3 0
 2026   5  1  5 21 24 21.400  85.04    27.3 0     6.5 0     0.2 0    27.4 0   304.7 0   275.120 0   275.069 0   316.3 0   274.473 0   274.562 0     1.1 0    11.4 0    20.9 0   -11.6 0     9.2 0     1.8 0    59.5 0     2.3 0   296.1 0   969.3 0
 2026   5  1  5 21 25 21.417  85.19    26.4 0     6.4 0     0.2 0    26.5 0   304.7 0   275.124 0   275.063 0   316.2 0   274.471 0   274.555 0     1.1 0    11.1 0    20.2 0   -11.5 0     8.7 0     1.8 0    60.5 0     1.4 0   312.8 0   969.2 0
 2026   5  1  5 21 26 21.433  85.34    25.5 0     6.2 0     0.2 0    25.6 0   304.8 0   275.124 0   275.056 0   316.2 0   274.467 0   274.553 0     1.0 0    10.7 0    19.5 0   -11.5 0     8.0 0     1.8 0    60.7 0     1.3 0   320.9 0   969.2 0
 2026   5  1  5 21 27 21.450  85.49    24.7 0     6.0 0     0.2 0    24.9 0   304.7 0   275.123 0   275.050 0   316.1 0   274.465 0   274.553 0     1.0 0    10.3 0    18.9 0   -11.4 0     7.5 0     1.8 0    59.9 0     2.7 0   335.2 0   969.2 0
 2026   5  1  5 21 28 21.467  85.64    24.1 0     5.9 0     0.2 0    24.3 0   304.4 0   275.122 0   275.037 0   316.0 0   274.463 0   274.549 0     1.0 0    10.0 0    18.4 0   -11.6 0     6.8 0     1.8 0    60.0 0     3.2 0   349.7 0   969.2 0
 2026   5  1  5 21 29 21.483  85.79    23.5 0     5.8 0     0.2 0    23.7 0   303.9 0   275.119 0   275.017 0   315.8 0   274.460 0   274.542 0     0.9 0     9.8 0    18.0 0   -11.9 0     6.1 0     1.8 0    60.1 0     2.8 0     3.4 0   969.2 0
 2026   5  1  5 21 30 21.500  85.94    22.9 0     5.7 0     0.2 0    23.1 0   303.7 0   275.112 0   275.012 0   315.8 0   274.456 0   274.537 0     0.9 0     9.5 0    17.5 0   -12.1 0     5.4 0     1.7 0    60.7 0     2.5 0   323.8 0   969.2 0
 2026   5  1  5 21 31 21.517  86.09    22.3 0     5.5 0     0.2 0    22.5 0   303.8 0   275.109 0   275.042 0   315.9 0   274.453 0   274.540 0     0.9 0     9.3 0    17.0 0   -12.1 0     4.9 0     1.8 0    59.6 0     2.1 0   306.5 0   969.2 0
 2026   5  1  5 21 32 21.533  86.24    22.3 0     5.6 0     0.2 0    22.5 0   302.6 0   275.112 0   275.045 0   315.8 0   274.452 0   274.539 0     0.8 0     9.3 0    17.0 0   -13.2 0     3.8 0     1.8 0    59.5 0     2.0 0   352.1 0   969.2 0
 2026   5  1  5 21 33 21.550  86.39    22.7 0     5.7 0     0.2 0    23.0 0   298.3 0   275.115 0   275.014 0   315.6 0   274.450 0   274.540 0     0.8 0     9.4 0    17.3 0   -17.2 0     0.0 0     1.8 0    59.8 0     2.9 0   355.4 0   969.1 0
 2026   5  1  5 21 34 21.567  86.54    22.7 0     5.7 0     0.2 0    23.1 0   291.2 0   275.115 0   275.007 0   315.0 0   274.451 0   274.538 0     0.8 0     9.4 0    17.4 0   -23.8 0    -6.5 0     1.8 0    59.7 0     2.9 0    15.3 0   969.1 0
 2026   5  1  5 21 35 21.583  86.69    22.5 0     5.8 0     0.3 0    22.9 0   284.8 0   275.115 0   274.993 0   314.4 0   274.449 0   274.534 0     0.8 0     9.3 0    17.2 0   -29.6 0   -12.4 0     1.8 0    60.0 0     1.6 0   350.0 0   969.1 0
 2026   5  1  5 21 36 21.600  86.84    22.6 0     5.8 0     0.6 0    23.0 0   281.0 0   275.112 0   274.989 0   314.1 0   274.447 0   274.531 0     0.8 0     9.3 0    17.2 0   -33.1 0   -15.9 0     1.8 0    59.8 0     2.0 0   298.6 0   969.1 0
 2026   5  1  5 21 37 21.617  86.99    22.3 0     5.8 0     1.5 0    22.8 0   277.1 0   275.111 0   274.970 0   314.0 0   274.444 0   274.532 0     0.8 0     9.1 0    17.1 0   -36.8 0   -19.8 0     1.8 0    59.6 0     4.5 0   335.6 0   968.9 0
 2026   5  1  5 21 38 21.633  87.14    21.4 0     5.6 0     2.3 0    22.1 0   272.8 0   275.111 0   274.975 0   314.1 0   274.446 0   274.542 0     0.8 0     8.8 0    16.6 0   -41.3 0   -24.6 0     1.9 0    59.1 0     4.1 0   337.4 0   969.0 0
 2026   5  1  5 21 39 21.650  87.29    20.1 0     5.3 0     2.0 0    21.1 0   268.8 0   275.114 0   274.975 0   313.9 0   274.451 0   274.544 0     0.7 0     8.4 0    15.8 0   -45.1 0   -29.2 0     1.9 0    58.9 0     2.8 0   304.1 0   969.0 0
 2026   5  1  5 21 40 21.667  87.44    18.6 0     5.0 0     1.4 0    19.7 0   265.5 0   275.120 0   274.991 0   313.2 0   274.454 0   274.542 0     0.7 0     7.9 0    14.8 0   -47.7 0   -32.9 0     1.9 0    59.0 0     0.8 0   331.6 0   969.0 0
 2026   5  1  5 21 41 21.683  87.59    17.4 0     4.9 0     7.9 0    18.4 0   263.2 0   275.124 0   274.971 0   312.1 0   274.453 0   274.534 0     0.7 0     7.4 0    13.8 0   -48.8 0   -35.0 0     1.9 0    59.0 0     1.3 0   296.8 0   969.1 0
 2026   5  1  5 21 42 21.700  87.74    16.4 0     4.8 0    12.8 0    17.4 0   262.5 0   275.124 0   274.948 0   312.5 0   274.448 0   274.529 0     0.6 0     7.0 0    13.1 0   -50.0 0   -36.9 0     1.9 0    58.9 0     2.6 0   270.9 0   969.1 0
 2026   5  1  5 21 43 21.717  87.88    15.5 0     4.5 0     8.6 0    16.6 0   262.9 0   275.118 0   274.944 0   312.8 0   274.444 0   274.528 0     0.6 0     6.6 0    12.4 0   -49.9 0   -37.4 0     1.9 0    58.9 0     1.8 0   289.1 0   969.1 0
 2026   5  1  5 21 44 21.733  88.03    14.6 0     4.3 0     6.4 0    15.7 0   263.3 0   275.112 0   274.892 0   312.3 0   274.440 0   274.515 0     0.6 0     6.2 0    11.7 0   -48.9 0   -37.2 0     1.9 0    59.6 0     1.2 0   351.7 0   969.1 0
 2026   5  1  5 21 45 21.750  88.18    14.0 0     4.1 0     4.7 0    15.0 0   264.4 0   275.097 0   274.888 0   312.1 0   274.431 0   274.506 0     0.5 0     5.9 0    11.1 0   -47.7 0   -36.6 0     1.9 0    59.7 0     1.0 0   314.0 0   969.1 0
 2026   5  1  5 21 46 21.767  88.32    13.0 0     3.8 0     4.7 0    14.0 0   265.1 0   275.081 0   274.875 0   312.3 0   274.422 0   274.498 0     0.5 0     5.5 0    10.4 0   -47.2 0   -36.8 0     1.9 0    59.7 0     2.3 0   285.8 0   969.2 0
 2026   5  1  5 21 47 21.783  88.46    11.6 0     3.3 0     3.5 0    12.8 0   264.5 0   275.068 0   274.893 0   313.2 0   274.415 0   274.498 0     0.5 0     5.0 0     9.6 0   -48.7 0   -39.1 0     1.9 0    59.3 0     2.8 0   257.3 0   969.2 0
 2026   5  1  5 21 48 21.800  88.61    10.2 0     2.9 0     2.4 0    11.6 0   262.2 0   275.068 0   274.899 0   313.2 0   274.412 0   274.495 0     0.4 0     4.6 0     8.7 0   -51.0 0   -42.2 0     1.9 0    59.0 0     2.7 0   290.3 0   969.2 0
 2026   5  1  5 21 49 21.817  88.75     9.1 0     2.6 0     1.8 0    10.6 0   260.2 0   275.069 0   274.892 0   312.8 0   274.410 0   274.488 0     0.4 0     4.3 0     8.0 0   -52.6 0   -44.6 0     1.9 0    59.1 0     2.5 0   297.7 0   969.2 0
 2026   5  1  5 21 50 21.833  88.89     8.3 0     2.5 0     1.3 0     9.7 0   258.8 0   275.068 0   274.852 0   312.1 0   274.404 0   274.473 0     0.4 0     4.0 0     7.2 0   -53.2 0   -46.0 0     1.9 0    59.8 0     2.4 0   319.0 0   969.2 0
 2026   5  1  5 21 51 21.850  89.02     7.6 0     2.3 0     1.0 0     8.8 0   258.3 0   275.055 0   274.821 0   311.6 0   274.395 0   274.462 0     0.4 0     3.6 0     6.6 0   -53.3 0   -46.7 0     1.8 0    60.1 0     2.5 0   343.1 0   969.2 0
 2026   5  1  5 21 52 21.867  89.16     6.8 0     2.0 0     0.8 0     8.0 0   258.2 0   275.038 0   274.785 0   311.4 0   274.384 0   274.455 0     0.3 0     3.3 0     6.0 0   -53.2 0   -47.3 0     1.8 0    60.3 0     2.3 0   336.9 0   969.1 0
 2026   5  1  5 21 53 21.883  89.29     6.0 0     1.8 0     0.6 0     7.1 0   258.2 0   275.018 0   274.766 0   310.9 0   274.375 0   274.440 0     0.3 0     3.0 0     5.4 0   -52.7 0   -47.3 0     1.8 0    60.6 0     2.1 0   342.4 0   969.2 0
 2026   5  1  5 21 54 21.900  89.42     5.2 0     1.5 0     0.4 0     6.3 0   258.6 0   274.995 0   274.748 0   310.9 0   274.363 0   274.430 0     0.3 0     2.7 0     4.7 0   -52.3 0   -47.5 0     1.7 0    60.7 0     1.1 0   260.3 0   969.2 0
 2026   5  1  5 21 55 21.917  89.55     4.3 0     1.2 0     0.3 0     5.4 0   259.0 0   274.973 0   274.739 0   310.7 0   274.352 0   274.418 0     0.3 0     2.4 0     4.2 0   -51.7 0   -47.5 0     1.8 0    60.2 0     1.9 0   299.1 0   969.1 0
 2026   5  1  5 21 56 21.933  89.67     3.4 0     1.0 0     0.3 0     4.5 0   259.2 0   274.956 0   274.728 0   310.2 0   274.339 0   274.401 0     0.2 0     2.1 0     3.5 0   -51.0 0   -47.5 0     1.8 0    60.3 0     1.7 0   260.2 0   969.2 0
 2026   5  1  5 21 57 21.950  89.79     2.8 0     0.8 0     0.2 0     3.8 0   259.5 0   274.937 0   274.684 0   310.6 0   274.325 0   274.383 0     0.2 0     1.9 0     3.0 0   -51.1 0   -48.1 0     1.7 0    60.4 0     2.2 0   260.7 0   969.1 0
 2026   5  1  5 21 58 21.967  89.91     2.3 0     0.7 0     0.1 0     3.4 0   259.5 0   274.916 0   274.672 0   310.7 0   274.309 0   274.368 0     0.2 0     1.7 0     2.7 0   -51.2 0   -48.5 0     1.7 0    60.6 0     2.6 0   280.9 0   969.1 0
 2026   5  1  5 21 59 21.983  90.80     2.0 0     0.5 0     0.1 0     3.1 0   259.8 0   274.898 0   274.668 0   311.0 0   274.296 0   274.366 0     0.0 0     1.6 0     2.6 0   -51.2 0   -48.7 0     1.7 0    60.2 0     2.8 0   284.0 0   969.1 0
 2026   5  1  5 22  0 22.000  90.96     1.6 0     0.4 0     0.0 0     2.8 0   259.9 0   274.890 0   274.708 0   311.4 0   274.291 0   274.370 0     0.0 0     1.4 0     2.4 0   -51.6 0   -49.1 0     1.8 0    59.8 0     2.5 0   305.7 0   969.1 0
 2026   5  1  5 22  1 22.017  91.13     1.3 0     0.4 0     0.0 0     2.6 0   260.0 0   274.890 0   274.706 0   311.2 0   274.290 0   274.368 0     0.0 0     1.3 0     2.2 0   -51.2 0   -49.0 0     1.8 0    59.7 0     2.3 0   301.1 0   969.1 0
 2026   5  1  5 22  2 22.033  91.29     1.1 0     0.4 0    -0.1 0     2.3 0   260.0 0   274.890 0   274.705 0   310.9 0   274.287 0   274.360 0     0.0 0     1.2 0     1.9 0   -50.8 0   -48.9 0     1.8 0    59.8 0     1.8 0   276.0 0   969.2 0
 2026   5  1  5 22  3 22.050  91.46     0.8 0     0.4 0    -0.1 0     2.2 0   260.2 0   274.890 0   274.728 0   311.8 0   274.284 0   274.366 0     0.0 0     1.1 0     1.8 0   -51.5 0   -49.8 0     1.9 0    59.6 0     1.0 0    18.6 0   969.2 0
 2026   5  1  5 22  4 22.067  91.62     0.5 0     0.3 0    -0.1 0     2.0 0   260.3 0   274.899 0   274.752 0   311.4 0   274.282 0   274.363 0     0.0 0     0.9 0     1.7 0   -51.2 0   -49.5 0     1.9 0    59.5 0     1.7 0    34.9 0   969.2 0
 2026   5  1  5 22  5 22.083  91.79     0.3 0     0.3 0    -0.1 0     1.8 0   260.1 0   274.910 0   274.744 0   310.5 0   274.280 0   274.359 0     0.0 0     0.8 0     1.5 0   -50.4 0   -48.9 0     1.9 0    59.6 0     1.7 0   327.9 0   969.2 0
 2026   5  1  5 22  6 22.100  91.96     0.3 0     0.4 0     0.0 0     1.6 0   259.9 0   274.910 0   274.681 0   309.8 0   274.273 0   274.337 0     0.0 0     0.7 0     1.2 0   -49.9 0   -48.8 0     1.8 0    60.0 0     1.9 0   250.2 0   969.2 0
 2026   5  1  5 22  7 22.117  92.12     0.2 0     0.3 0     0.0 0     1.4 0   260.0 0   274.894 0   274.660 0   310.0 0   274.264 0   274.333 0     0.0 0     0.6 0     1.1 0   -50.0 0   -48.9 0     1.8 0    60.0 0     1.8 0   224.7 0   969.2 0
 2026   5  1  5 22  8 22.133  92.29     0.0 0     0.2 0     0.0 0     1.2 0   259.9 0   274.883 0   274.707 0   309.6 0   274.258 0   274.328 0     0.0 0     0.6 0     1.0 0   -49.7 0   -48.7 0     1.8 0    59.8 0     0.7 0   287.0 0   969.2 0
 2026   5  1  5 22  9 22.150  92.46    -0.3 0     0.2 0    -0.1 0     1.1 0   259.1 0   274.885 0   274.708 0   309.0 0   274.250 0   274.318 0     0.0 0     0.5 0     0.9 0   -49.8 0   -49.0 0     1.8 0    59.8 0     0.7 0   264.0 0   969.2 0
 2026   5  1  5 22 10 22.167  92.62    -0.5 0     0.1 0    -0.1 0     1.0 0   258.8 0   274.885 0   274.699 0   310.8 0   274.242 0   274.323 0     0.0 0     0.4 0     0.8 0   -51.9 0   -51.1 0     1.8 0    60.1 0     1.4 0   247.2 0   969.2 0
 2026   5  1  5 22 11 22.183  92.79    -0.6 0     0.0 0    -0.2 0     0.8 0   258.5 0   274.890 0   274.728 0   310.8 0   274.239 0   274.320 0     0.0 0     0.4 0     0.8 0   -52.3 0   -51.5 0     1.8 0    59.9 0     1.9 0   202.4 0   969.2 0
 2026   5  1  5 22 12 22.200  92.96    -0.7 0     0.0 0    -0.2 0     0.7 0   258.2 0   274.899 0   274.718 0   310.6 0   274.236 0   274.318 0     0.0 0     0.3 0     0.7 0   -52.5 0   -51.8 0     1.8 0    59.8 0     2.4 0   232.8 0   969.2 0
 2026   5  1  5 22 13 22.217  93.13    -0.7 0     0.0 0    -0.2 0     0.6 0   258.1 0   274.899 0   274.695 0   310.9 0   274.235 0   274.316 0     0.0 0     0.3 0     0.6 0   -52.9 0   -52.2 0     1.9 0    59.8 0     3.0 0   262.6 0   969.1 0
 2026   5  1  5 22 14 22.233  93.30    -1.0 0     0.0 0    -0.3 0     0.6 0   257.8 0   274.900 0   274.726 0   311.2 0   274.236 0   274.319 0     0.0 0     0.2 0     0.6 0   -53.4 0   -52.8 0     1.9 0    59.7 0     3.4 0   283.6 0   969.1 0
 2026   5  1  5 22 15 22.250  93.46    -1.2 0    -0.1 0    -0.4 0     0.5 0   257.7 0   274.907 0   274.751 0   311.4 0   274.241 0   274.333 0     0.0 0     0.2 0     0.5 0   -53.7 0   -53.2 0     1.9 0    59.6 0     2.7 0   295.1 0   969.1 0
 2026   5  1  5 22 16 22.267  93.63    -1.3 0    -0.1 0    -0.3 0     0.4 0   257.4 0   274.916 0   274.745 0   310.6 0   274.252 0   274.343 0     0.0 0     0.1 0     0.4 0   -53.2 0   -52.8 0     2.0 0    59.4 0     1.9 0   293.0 0   969.2 0
 2026   5  1  5 22 17 22.283  93.80    -1.2 0     0.1 0    -0.2 0     0.4 0   257.0 0   274.920 0   274.719 0   309.5 0   274.257 0   274.332 0     0.0 0     0.1 0     0.3 0   -52.5 0   -52.1 0     2.0 0    59.4 0     1.7 0   243.0 0   969.2 0
 2026   5  1  5 22 18 22.300  93.97    -1.1 0     0.2 0    -0.1 0     0.4 0   257.0 0   274.918 0   274.701 0   309.3 0   274.253 0   274.318 0     0.0 0     0.1 0     0.2 0   -52.3 0   -52.2 0     1.9 0    59.7 0     2.1 0   277.8 0   969.2 0
 2026   5  1  5 22 19 22.317  94.14    -1.2 0     0.1 0    -0.2 0     0.3 0   257.2 0   274.911 0   274.726 0   310.9 0   274.248 0   274.329 0     0.0 0     0.1 0     0.3 0   -53.6 0   -53.3 0     1.9 0    59.8 0     3.5 0   295.0 0   969.1 0
 2026   5  1  5 22 20 22.333  94.31    -1.3 0     0.0 0    -0.3 0     0.3 0   257.0 0   274.914 0   274.721 0   310.1 0   274.252 0   274.322 0     0.0 0     0.1 0     0.3 0   -53.1 0   -52.8 0     1.9 0    59.9 0     2.3 0   289.9 0   969.2 0
 2026   5  1  5 22 21 22.350  94.48    -1.2 0     0.0 0    -0.2 0     0.2 0   257.1 0   274.910 0   274.710 0   309.9 0   274.251 0   274.330 0     0.0 0     0.1 0     0.2 0   -52.9 0   -52.6 0     1.9 0    59.9 0     2.1 0   324.8 0   969.2 0
 2026   5  1  5 22 22 22.367  94.65    -1.3 0     0.0 0    -0.2 0     0.3 0   256.7 0   274.909 0   274.718 0   309.7 0   274.252 0   274.331 0     0.0 0     0.0 0     0.3 0   -53.1 0   -52.8 0     1.9 0    59.8 0     2.2 0    33.5 0   969.2 0
 2026   5  1  5 22 23 22.383  94.82    -1.2 0     0.0 0    -0.1 0     0.2 0   256.2 0   274.910 0   274.683 0   308.7 0   274.250 0   274.323 0     0.0 0     0.0 0     0.2 0   -52.5 0   -52.3 0     1.9 0    60.1 0     1.9 0    26.4 0   969.2 0
 2026   5  1  5 22 24 22.400  94.99    -1.2 0     0.1 0    -0.1 0     0.2 0   256.1 0   274.902 0   274.694 0   308.1 0   274.244 0   274.310 0     0.0 0     0.0 0     0.1 0   -52.0 0   -51.9 0     1.9 0    60.5 0     2.3 0    28.7 0   969.2 0
 2026   5  1  5 22 25 22.417  95.16    -1.3 0     0.1 0    -0.1 0     0.2 0   255.6 0   274.899 0   274.656 0   308.2 0   274.236 0   274.303 0     0.0 0     0.0 0     0.1 0   -52.6 0   -52.5 0     1.8 0    60.9 0     2.5 0   351.2 0   969.2 0
 2026   5  1  5 22 26 22.433  95.33    -1.3 0     0.0 0     0.0 0     0.2 0   255.6 0   274.885 0   274.650 0   308.6 0   274.228 0   274.297 0     0.0 0     0.0 0     0.2 0   -52.9 0   -52.7 0     1.8 0    60.8 0     1.8 0   293.2 0   969.2 0
 2026   5  1  5 22 27 22.450  95.51    -1.3 0     0.0 0     0.0 0     0.1 0   255.3 0   274.873 0   274.628 0   308.3 0   274.222 0   274.286 0     0.0 0     0.0 0     0.1 0   -52.9 0   -52.8 0     1.8 0    60.7 0     2.0 0   270.6 0   969.2 0
 2026   5  1  5 22 28 22.467  95.68    -1.2 0    -0.1 0    -0.1 0     0.1 0   255.4 0   274.860 0   274.661 0   308.3 0   274.216 0   274.284 0     0.0 0     0.0 0     0.1 0   -52.9 0   -52.8 0     1.8 0    60.5 0     1.5 0   199.8 0   969.3 0
 2026   5  1  5 22 29 22.483  95.85    -1.2 0    -0.1 0    -0.1 0     0.1 0   255.0 0   274.858 0   274.639 0   306.7 0   274.211 0   274.274 0     0.0 0     0.0 0     0.1 0   -51.7 0   -51.6 0     1.8 0    60.3 0     0.6 0   185.2 0   969.3 0
 2026   5  1  5 22 30 22.500  96.02    -1.1 0     0.0 0    -0.1 0     0.1 0   254.8 0   274.846 0   274.615 0   306.3 0   274.200 0   274.261 0     0.0 0     0.0 0     0.0 0   -51.5 0   -51.5 0     1.8 0    60.4 0     0.9 0   352.0 0   969.2 0
 2026   5  1  5 22 31 22.517  96.19    -1.2 0    -0.1 0    -0.1 0     0.1 0   254.4 0   274.837 0   274.625 0   307.5 0   274.191 0   274.269 0     0.0 0     0.0 0     0.0 0   -53.1 0   -53.1 0     1.8 0    60.2 0     2.4 0   318.8 0   969.2 0
 2026   5  1  5 22 32 22.533  96.37    -1.2 0    -0.2 0    -0.2 0     0.1 0   254.4 0   274.830 0   274.633 0   308.1 0   274.189 0   274.274 0     0.0 0     0.0 0     0.0 0   -53.8 0   -53.8 0     1.9 0    60.1 0     1.9 0   279.2 0   969.3 0
 2026   5  1  5 22 33 22.550  96.54    -1.3 0    -0.1 0    -0.2 0     0.1 0   254.1 0   274.831 0   274.645 0   308.0 0   274.189 0   274.269 0     0.0 0     0.0 0     0.0 0   -53.9 0   -53.9 0     1.9 0    59.9 0     1.1 0   244.4 0   969.3 0
 2026   5  1  5 22 34 22.567  96.71    -1.3 0    -0.1 0    -0.2 0     0.1 0   254.5 0   274.835 0   274.666 0   307.5 0   274.188 0   274.267 0     0.0 0     0.0 0     0.0 0   -53.0 0   -53.0 0     1.9 0    59.9 0     0.6 0   301.4 0   969.3 0
 2026   5  1  5 22 35 22.583  96.88    -1.5 0    -0.1 0    -0.3 0     0.0 0   255.0 0   274.846 0   274.707 0   308.6 0   274.186 0   274.274 0     0.0 0     0.0 0     0.0 0   -53.6 0   -53.6 0     1.9 0    59.8 0     1.4 0   262.0 0   969.2 0
 2026   5  1  5 22 36 22.600  97.06    -1.7 0    -0.2 0    -0.4 0     0.0 0   256.1 0   274.867 0   274.753 0   309.7 0   274.191 0   274.297 0     0.0 0     0.0 0     0.0 0   -53.7 0   -53.7 0     2.0 0    59.7 0     1.5 0   290.8 0   969.2 0
 2026   5  1  5 22 37 22.617  97.23    -1.8 0    -0.2 0    -0.5 0     0.0 0   259.9 0   274.894 0   274.795 0   309.8 0   274.201 0   274.296 0     0.0 0     0.0 0     0.0 0   -50.0 0   -50.0 0     2.0 0    59.5 0     1.2 0   275.4 0   969.2 0
 2026   5  1  5 22 38 22.633  97.40    -1.7 0    -0.1 0    -0.4 0     0.0 0   272.0 0   274.922 0   274.805 0   309.7 0   274.203 0   274.285 0     0.0 0     0.0 0     0.0 0   -37.7 0   -37.7 0     2.0 0    59.8 0     1.7 0   292.4 0   969.3 0
 2026   5  1  5 22 39 22.650  97.58    -1.5 0     0.0 0    -0.2 0     0.0 0   288.1 0   274.938 0   274.803 0   310.4 0   274.201 0   274.275 0     0.0 0     0.0 0     0.0 0   -22.3 0   -22.3 0     2.0 0    60.3 0     1.6 0   201.5 0   969.4 0
 2026   5  1  5 22 40 22.667  97.75    -1.4 0     0.0 0    -0.2 0     0.0 0   299.6 0   274.942 0   274.858 0   311.3 0   274.198 0   274.278 0     0.0 0     0.0 0     0.0 0   -11.7 0   -11.7 0     1.9 0    60.1 0     0.9 0   293.3 0   969.3 0
 2026   5  1  5 22 41 22.683  97.93    -1.4 0    -0.1 0    -0.2 0     0.0 0   306.8 0   274.955 0   274.910 0   312.7 0   274.198 0   274.296 0     0.0 0     0.0 0     0.0 0    -6.0 0    -6.0 0     1.9 0    60.0 0     2.5 0   309.9 0   969.2 0
 2026   5  1  5 22 42 22.700  98.10    -1.3 0    -0.3 0    -0.2 0     0.0 0   312.0 0   274.972 0   274.946 0   314.2 0   274.211 0   274.332 0     0.0 0     0.0 0     0.0 0    -2.3 0    -2.3 0     2.0 0    59.8 0     2.7 0   279.6 0   969.4 0
 2026   5  1  5 22 43 22.717  98.28    -1.4 0    -0.3 0    -0.3 0     0.0 0   315.0 0   274.998 0   275.028 0   315.0 0   274.236 0   274.351 0     0.0 0     0.0 0     0.0 0    -0.1 0    -0.1 0     2.1 0    59.2 0     1.9 0   244.0 0   969.4 0
 2026   5  1  5 22 44 22.733  98.45    -1.4 0    -0.3 0    -0.3 0     0.0 0   316.5 0   275.031 0   275.051 0   315.5 0   274.258 0   274.373 0     0.0 0     0.0 0     0.0 0     0.0 0     0.0 0     2.2 0    59.0 0     1.5 0   219.8 0   969.4 0
 2026   5  1  5 22 45 22.750  98.63    -1.4 0    -0.1 0    -0.3 0     0.0 0   317.6 0   275.067 0   275.120 0   315.8 0   274.277 0   274.384 0     0.0 0     0.0 0     0.0 0     0.0 0     0.0 0     2.2 0    58.8 0     0.4 0   140.7 0   969.4 0
 2026   5  1  5 22 46 22.767  98.80    -1.4 0     0.0 0    -0.2 0     0.0 0   318.4 0   275.109 0   275.163 0   315.8 0   274.290 0   274.391 0     0.0 0     0.0 0     0.0 0     0.0 0     0.0 0     2.2 0    58.8 0     0.5 0    76.0 0   969.4 0
 2026   5  1  5 22 47 22.783  98.98    -1.3 0     0.0 0    -0.2 0     0.0 0   319.2 0   275.149 0   275.189 0   316.0 0   274.302 0   274.411 0     0.0 0     0.0 0     0.0 0     0.0 0     0.0 0     2.3 0    58.6 0     1.8 0   331.2 0   969.4 0
 2026   5  1  5 22 48 22.800  99.15    -1.3 0    -0.2 0    -0.2 0     0.0 0   319.5 0   275.187 0   275.216 0   316.3 0   274.323 0   274.447 0     0.0 0     0.0 0     0.0 0     0.0 0     0.0 0     2.3 0    58.5 0     2.8 0   288.9 0   969.4 0
 2026   5  1  5 22 49 22.817  99.33    -1.3 0    -0.2 0    -0.2 0     0.0 0   319.7 0   275.220 0   275.229 0   316.6 0   274.349 0   274.466 0     0.0 0     0.0 0     0.0 0     0.0 0     0.0 0     2.3 0    58.6 0     2.3 0   221.7 0   969.4 0
 2026   5  1  5 22 50 22.833  99.50    -1.4 0    -0.3 0    -0.2 0     0.0 0   319.7 0   275.252 0   275.285 0   316.9 0   274.375 0   274.491 0     0.0 0     0.0 0     0.0 0     0.0 0     0.0 0     2.3 0    58.6 0     1.0 0   260.2 0   969.5 0
 2026   5  1  5 22 51 22.850  99.68    -1.4 0    -0.1 0    -0.2 0     0.0 0   319.7 0   275.289 0   275.323 0   316.8 0   274.396 0   274.503 0     0.0 0     0.0 0     0.0 0     0.0 0     0.0 0     2.3 0    58.5 0     1.3 0   233.9 0   969.5 0
 2026   5  1  5 22 52 22.867  99.86    -1.4 0     0.0 0    -0.1 0     0.0 0   319.5 0   275.323 0   275.347 0   316.7 0   274.412 0   274.511 0     0.0 0     0.0 0     0.0 0     0.0 0     0.0 0     2.3 0    58.5 0     1.0 0   317.7 0   969.4 0
 2026   5  1  5 22 53 22.883 100.03    -1.3 0    -0.1 0    -0.1 0     0.0 0   319.3 0   275.352 0   275.346 0   316.7 0   274.427 0   274.534 0     0.0 0     0.0 0     0.0 0     0.0 0     0.0 0     2.3 0    58.6 0     2.0 0   330.9 0   969.3 0
 2026   5  1  5 22 54 22.900 100.21    -1.3 0    -0.2 0    -0.1 0     0.1 0   319.3 0   275.377 0   275.376 0   316.9 0   274.448 0   274.558 0     0.0 0     0.0 0     0.0 0     0.0 0     0.0 0     2.3 0    58.7 0     2.4 0   278.3 0   969.4 0
 2026   5  1  5 22 55 22.917 100.39    -1.3 0    -0.2 0    -0.1 0     0.0 0   319.2 0   275.405 0   275.419 0   317.0 0   274.472 0   274.576 0     0.0 0     0.0 0     0.0 0     0.0 0     0.0 0     2.3 0    58.4 0     1.2 0   218.0 0   969.5 0
 2026   5  1  5 22 56 22.933 100.56    -1.3 0    -0.1 0    -0.1 0     0.0 0   319.2 0   275.435 0   275.446 0   317.1 0   274.489 0   274.590 0     0.0 0     0.0 0     0.0 0     0.0 0     0.0 0     2.3 0    58.5 0     0.7 0   290.5 0   969.4 0
 2026   5  1  5 22 57 22.950 100.74    -1.3 0    -0.1 0    -0.1 0     0.0 0   319.3 0   275.463 0   275.463 0   317.1 0   274.505 0   274.617 0     0.0 0     0.0 0     0.0 0     0.0 0     0.0 0     2.4 0    58.7 0     1.6 0     1.3 0   969.4 0
 2026   5  1  5 22 58 22.967 100.92    -1.2 0    -0.1 0    -0.1 0     0.0 0   319.3 0   275.489 0   275.499 0   317.3 0   274.525 0   274.629 0     0.0 0     0.0 0     0.0 0     0.0 0     0.0 0     2.4 0    58.6 0     0.6 0   317.6 0   969.5 0
 2026   5  1  5 22 59 22.983 101.10    -1.3 0    -0.1 0     0.0 0     0.0 0   319.1 0   275.520 0   275.539 0   317.1 0   274.540 0   274.641 0     0.0 0     0.0 0     0.0 0     0.0 0     0.0 0     2.4 0    58.7 0     1.5 0   268.8 0   969.5 0
 2026   5  1  5 23  0 23.000 101.27    -1.2 0    -0.1 0     0.0 0     0.0 0   318.4 0   275.546 0   275.508 0   316.9 0   274.555 0   274.651 0     0.0 0     0.0 0     0.0 0     0.0 0     0.0 0     2.4 0    58.7 0     1.9 0   181.4 0   969.5 0
 2026   5  1  5 23  1 23.017 101.45    -1.1 0    -0.1 0     0.0 0     0.0 0   318.2 0   275.560 0   275.522 0   317.0 0   274.569 0   274.667 0     0.0 0     0.0 0     0.0 0     0.0 0     0.0 0     2.3 0    58.5 0     1.6 0    87.3 0   969.5 0
 2026   5  1  5 23  2 23.033 101.63    -1.1 0    -0.1 0     0.0 0     0.0 0   318.1 0   275.576 0   275.551 0   317.1 0   274.582 0   274.676 0     0.0 0     0.0 0     0.0 0     0.0 0     0.0 0     2.3 0    58.5 0     0.3 0   140.2 0   969.5 0
 2026   5  1  5 23  3 23.050 101.81    -1.0 0     0.0 0     0.0 0     0.0 0   318.4 0   275.593 0   275.554 0   317.0 0   274.593 0   274.689 0     0.0 0     0.0 0     0.0 0     0.0 0     0.0 0     2.3 0    58.4 0     1.3 0   132.7 0   969.5 0
 2026   5  1  5 23  4 23.067 101.99    -1.0 0     0.0 0     0.0 0     0.0 0   318.3 0   275.607 0   275.544 0   316.8 0   274.603 0   274.697 0     0.0 0     0.0 0     0.0 0     0.0 0     0.0 0     2.3 0    58.5 0     1.3 0   116.5 0   969.5 0
 2026   5  1  5 23  5 23.083 102.16    -0.9 0     0.0 0     0.0 0     0.0 0   318.2 0   275.616 0   275.537 0   316.9 0   274.613 0   274.707 0     0.0 0     0.0 0     0.0 0     0.0 0     0.0 0     2.3 0    58.6 0     1.2 0   139.8 0   969.5 0
 2026   5  1  5 23  6 23.100 102.34    -0.9 0     0.0 0     0.0 0     0.0 0   317.8 0   275.625 0   275.581 0   317.0 0   274.622 0   274.714 0     0.0 0     0.0 0     0.0 0     0.0 0     0.0 0     2.3 0    58.6 0     0.6 0    82.3 0   969.5 0
 2026   5  1  5 23  7 23.117 102.52    -0.9 0     0.0 0     0.0 0     0.0 0   317.4 0   275.638 0   275.585 0   316.9 0   274.630 0   274.720 0     0.0 0     0.0 0     0.0 0     0.0 0     0.0 0     2.3 0    58.6 0     1.1 0   358.9 0   969.4 0
 2026   5  1  5 23  8 23.133 102.70    -0.9 0     0.0 0     0.1 0     0.0 0   318.5 0   275.649 0   275.606 0   316.9 0   274.637 0   274.725 0     0.0 0     0.0 0     0.0 0     0.0 0     0.0 0     2.3 0    58.7 0     0.3 0    17.2 0   969.4 0
 2026   5  1  5 23  9 23.150 102.88    -0.9 0     0.0 0     0.1 0     0.0 0   318.8 0   275.662 0   275.621 0   316.8 0   274.643 0   274.734 0     0.0 0     0.0 0     0.0 0     0.0 0     0.0 0     2.3 0    58.8 0     0.5 0   332.3 0   969.4 0
 2026   5  1  5 23 10 23.167 103.06    -0.8 0     0.0 0     0.1 0     0.0 0   319.0 0   275.674 0   275.632 0   316.7 0   274.648 0   274.732 0     0.0 0     0.0 0     0.0 0     0.0 0     0.0 0     2.3 0    59.3 0     0.5 0    37.8 0   969.3 0
 2026   5  1  5 23 11 23.183 103.24    -0.8 0     0.0 0     0.1 0     0.0 0   318.7 0   275.683 0   275.591 0   316.6 0   274.652 0   274.736 0     0.0 0     0.0 0     0.0 0     0.0 0     0.0 0     2.3 0    59.5 0     2.4 0    41.5 0   969.2 0
 2026   5  1  5 23 12 23.200 103.42    -0.6 0     0.0 0     0.2 0     0.1 0   318.0 0   275.678 0   275.514 0   316.3 0   274.653 0   274.730 0     0.0 0     0.0 0     0.0 0     0.0 0     0.0 0     2.2 0    60.0 0     3.1 0    36.3 0   969.2 0
 2026   5  1  5 23 13 23.217 103.60    -0.6 0     0.0 0     0.2 0     0.1 0   316.1 0   275.662 0   275.509 0   316.2 0   274.652 0   274.728 0     0.0 0     0.0 0     0.0 0    -0.2 0    -0.2 0     2.1 0    60.3 0     2.7 0    40.9 0   969.2 0
 2026   5  1  5 23 14 23.233 103.78    -0.6 0     0.0 0     0.2 0     0.1 0   314.0 0   275.648 0   275.516 0   316.1 0   274.651 0   274.729 0     0.0 0     0.0 0     0.0 0    -2.0 0    -2.0 0     2.1 0    60.5 0     0.9 0    25.8 0   969.3 0
 2026   5  1  5 23 15 23.250 103.96    -0.6 0     0.0 0     0.2 0     0.0 0   311.1 0   275.634 0   275.511 0   315.8 0   274.651 0   274.726 0     0.0 0     0.0 0     0.0 0    -4.6 0    -4.6 0     2.1 0    60.8 0     0.9 0     9.5 0   969.3 0
 2026   5  1  5 23 16 23.267 104.14    -0.5 0     0.0 0     0.2 0     0.0 0   306.8 0   275.619 0   275.480 0   315.4 0   274.648 0   274.723 0     0.0 0     0.0 0     0.0 0    -8.6 0    -8.6 0     2.1 0    61.2 0     1.7 0   342.8 0   969.3 0
 2026   5  1  5 23 17 23.283 104.32    -0.4 0    -0.1 0     0.2 0     0.1 0   301.8 0   275.601 0   275.445 0   315.5 0   274.647 0   274.728 0     0.0 0     0.0 0     0.0 0   -13.7 0   -13.7 0     2.1 0    60.7 0     2.3 0   324.4 0   969.3 0
 2026   5  1  5 23 18 23.300 104.50    -0.6 0    -0.2 0     0.1 0     0.0 0   300.7 0   275.586 0   275.457 0   315.6 0   274.651 0   274.740 0     0.0 0     0.0 0     0.0 0   -15.0 0   -15.0 0     2.1 0    60.2 0     1.9 0   298.5 0   969.4 0
 2026   5  1  5 23 19 23.317 104.68    -0.8 0    -0.2 0     0.0 0     0.0 0   299.6 0   275.583 0   275.504 0   315.4 0   274.660 0   274.756 0     0.0 0     0.0 0     0.0 0   -15.9 0   -15.9 0     2.2 0    59.7 0     1.5 0   342.4 0   969.5 0
 2026   5  1  5 23 20 23.333 104.86    -0.9 0    -0.3 0     0.0 0     0.0 0   295.7 0   275.591 0   275.486 0   315.2 0   274.670 0   274.772 0     0.0 0     0.0 0     0.0 0   -19.5 0   -19.5 0     2.3 0    60.0 0     3.2 0   352.4 0   969.4 0
 2026   5  1  5 23 21 23.350 105.04    -1.0 0    -0.4 0    -0.1 0     0.1 0   292.7 0   275.599 0   275.488 0   315.7 0   274.686 0   274.801 0     0.0 0     0.0 0     0.0 0   -22.9 0   -22.9 0     2.3 0    59.3 0     3.8 0   331.3 0   969.4 0
 2026   5  1  5 23 22 23.367 105.22    -1.1 0    -0.4 0    -0.1 0     0.1 0   286.0 0   275.608 0   275.475 0   315.2 0   274.709 0   274.816 0     0.0 0     0.0 0     0.0 0   -29.1 0   -29.1 0     2.4 0    59.0 0     3.4 0   316.3 0   969.4 0
 2026   5  1  5 23 23 23.383 105.41    -1.1 0    -0.4 0    -0.1 0     0.1 0   269.9 0   275.611 0   275.446 0   314.4 0   274.728 0   274.830 0     0.0 0     0.0 0     0.0 0   -44.5 0   -44.5 0     2.5 0    59.0 0     4.4 0   306.6 0   969.4 0
 2026   5  1  5 23 24 23.400 105.59    -1.3 0    -0.4 0    -0.2 0     0.1 0   256.7 0   275.614 0   275.453 0   313.4 0   274.750 0   274.846 0     0.0 0     0.0 0     0.0 0   -56.7 0   -56.7 0     2.5 0    58.5 0     2.5 0   271.7 0   969.4 0
 2026   5  1  5 23 25 23.417 105.77    -1.3 0    -0.2 0    -0.2 0     0.1 0   251.2 0   275.622 0   275.404 0   311.7 0   274.768 0   274.848 0     0.0 0     0.0 0     0.0 0   -60.4 0   -60.4 0     2.5 0    58.5 0     2.6 0   235.1 0   969.5 0
 2026   5  1  5 23 26 23.433 105.95    -1.3 0     0.0 0    -0.1 0     0.1 0   249.0 0   275.620 0   275.389 0   310.3 0   274.773 0   274.836 0     0.0 0     0.0 0     0.0 0   -61.4 0   -61.4 0     2.5 0    58.7 0     1.1 0   220.1 0   969.5 0
 2026   5  1  5 23 27 23.450 106.13    -1.3 0     0.1 0     0.0 0     0.0 0   248.0 0   275.610 0   275.342 0   308.1 0   274.769 0   274.827 0     0.0 0     0.0 0     0.0 0   -60.1 0   -60.1 0     2.4 0    58.8 0     0.5 0   249.1 0   969.5 0
 2026   5  1  5 23 28 23.467 106.31    -1.2 0     0.2 0     0.0 0     0.0 0   247.7 0   275.591 0   275.317 0   306.1 0   274.759 0   274.803 0     0.0 0     0.0 0     0.0 0   -58.4 0   -58.4 0     2.4 0    58.9 0     0.8 0   194.7 0   969.5 0
 2026   5  1  5 23 29 23.483 106.50    -1.1 0     0.1 0     0.0 0     0.0 0   248.0 0   275.562 0   275.237 0   306.8 0   274.742 0   274.787 0     0.0 0     0.0 0     0.0 0   -58.8 0   -58.8 0     2.3 0    59.3 0     2.0 0   137.4 0   969.4 0
 2026   5  1  5 23 30 23.500 106.68    -1.2 0    -0.1 0    -0.1 0     0.1 0   248.5 0   275.534 0   275.269 0   309.4 0   274.729 0   274.799 0     0.0 0     0.0 0     0.0 0   -61.0 0   -61.0 0     2.3 0    59.2 0     2.9 0   127.0 0   969.3 0
 2026   5  1  5 23 31 23.517 106.86    -1.4 0    -0.3 0    -0.1 0     0.1 0   247.9 0   275.525 0   275.315 0   310.3 0   274.730 0   274.814 0     0.0 0     0.0 0     0.0 0   -62.4 0   -62.4 0     2.4 0    59.0 0     1.3 0   126.2 0   969.3 0
 2026   5  1  5 23 32 23.533 107.04    -1.4 0    -0.2 0    -0.1 0     0.0 0   247.8 0   275.522 0   275.281 0   309.1 0   274.729 0   274.801 0     0.0 0     0.0 0     0.0 0   -61.4 0   -61.4 0     2.4 0    58.9 0     1.9 0   210.9 0   969.4 0
 2026   5  1  5 23 33 23.550 107.23    -1.5 0    -0.1 0    -0.2 0     0.0 0   247.9 0   275.515 0   275.269 0   308.9 0   274.725 0   274.793 0     0.0 0     0.0 0     0.0 0   -61.0 0   -61.0 0     2.4 0    58.8 0     2.0 0   255.5 0   969.4 0
 2026   5  1  5 23 34 23.567 107.41    -1.5 0    -0.1 0    -0.2 0     0.1 0   248.1 0   275.503 0   275.246 0   308.2 0   274.720 0   274.782 0     0.0 0     0.0 0     0.0 0   -60.1 0   -60.1 0     2.4 0    58.7 0     1.4 0   247.2 0   969.4 0
 2026   5  1  5 23 35 23.583 107.59    -1.4 0    -0.1 0    -0.1 0     0.0 0   248.0 0   275.490 0   275.229 0   307.0 0   274.714 0   274.773 0     0.0 0     0.0 0     0.0 0   -59.0 0   -59.0 0     2.4 0    58.6 0     2.3 0   181.6 0   969.5 0
 2026   5  1  5 23 36 23.600 107.77    -1.4 0    -0.5 0    -0.2 0     0.1 0   249.0 0   275.478 0   275.290 0   310.7 0   274.716 0   274.810 0     0.0 0     0.0 0     0.0 0   -61.7 0   -61.7 0     2.5 0    58.6 0     5.2 0   180.2 0   969.4 0
 2026   5  1  5 23 37 23.617 107.96    -1.6 0    -0.9 0    -0.4 0     0.1 0   249.1 0   275.491 0   275.344 0   312.4 0   274.745 0   274.865 0     0.0 0     0.0 0     0.0 0   -63.3 0   -63.3 0     2.6 0    57.9 0     5.7 0   145.5 0   969.3 0
 2026   5  1  5 23 38 23.633 108.14    -1.8 0    -1.0 0    -0.5 0     0.1 0   249.6 0   275.513 0   275.376 0   313.7 0   274.788 0   274.930 0     0.0 0     0.0 0     0.0 0   -64.1 0   -64.1 0     2.8 0    57.5 0     7.6 0   139.9 0   969.2 0
 2026   5  1  5 23 39 23.650 108.32    -2.0 0    -0.9 0    -0.6 0     0.1 0   249.2 0   275.544 0   275.414 0   312.9 0   274.841 0   274.957 0     0.0 0     0.0 0     0.0 0   -63.7 0   -63.7 0     2.9 0    56.8 0     3.7 0   177.8 0   969.3 0
 2026   5  1  5 23 40 23.667 108.51    -1.8 0    -0.4 0    -0.4 0     0.0 0   249.9 0   275.568 0   275.390 0   310.9 0   274.867 0   274.944 0     0.0 0     0.0 0     0.0 0   -61.0 0   -61.0 0     2.8 0    57.3 0     1.4 0   171.5 0   969.4 0
 2026   5  1  5 23 41 23.683 108.69    -1.8 0     0.0 0    -0.2 0     0.0 0   252.3 0   275.579 0   275.385 0   309.5 0   274.870 0   274.931 0     0.0 0     0.0 0     0.0 0   -57.3 0   -57.3 0     2.7 0    57.8 0     1.2 0   208.4 0   969.4 0
 2026   5  1  5 23 42 23.700 108.88    -1.6 0     0.2 0    -0.1 0     0.0 0   255.0 0   275.580 0   275.329 0   309.9 0   274.864 0   274.922 0     0.0 0     0.0 0     0.0 0   -54.9 0   -54.9 0     2.6 0    58.3 0     2.7 0   206.0 0   969.5 0
 2026   5  1  5 23 43 23.717 109.06    -1.4 0     0.2 0    -0.1 0     0.0 0   258.2 0   275.569 0   275.328 0   309.5 0   274.852 0   274.905 0     0.0 0     0.0 0     0.0 0   -51.4 0   -51.4 0     2.4 0    59.0 0     1.4 0   160.9 0   969.4 0
 2026   5  1  5 23 44 23.733 109.24    -1.3 0     0.1 0     0.0 0     0.0 0   261.8 0   275.553 0   275.310 0   308.0 0   274.840 0   274.889 0     0.0 0     0.0 0     0.0 0   -46.2 0   -46.2 0     2.4 0    59.2 0     1.5 0   141.2 0   969.3 0
 2026   5  1  5 23 45 23.750 109.43    -1.2 0     0.0 0     0.0 0     0.0 0   265.3 0   275.534 0   275.297 0   308.5 0   274.827 0   274.884 0     0.0 0     0.0 0     0.0 0   -43.2 0   -43.2 0     2.3 0    59.5 0     1.6 0   193.1 0   969.3 0
 2026   5  1  5 23 46 23.767 109.61    -1.1 0     0.0 0     0.0 0     0.0 0   270.0 0   275.513 0   275.266 0   309.8 0   274.816 0   274.875 0     0.0 0     0.0 0     0.0 0   -39.8 0   -39.8 0     2.3 0    59.5 0     3.5 0   251.2 0   969.3 0
 2026   5  1  5 23 47 23.783 109.80    -1.1 0    -0.2 0    -0.1 0     0.1 0   275.1 0   275.492 0   275.291 0   312.7 0   274.814 0   274.901 0     0.0 0     0.0 0     0.0 0   -37.6 0   -37.6 0     2.4 0    59.4 0     5.3 0   236.6 0   969.3 0
 2026   5  1  5 23 48 23.800 109.98    -1.3 0    -0.5 0    -0.3 0     0.1 0   277.9 0   275.489 0   275.351 0   313.6 0   274.830 0   274.932 0     0.0 0     0.0 0     0.0 0   -35.8 0   -35.8 0     2.5 0    58.9 0     4.8 0   220.0 0   969.3 0
 2026   5  1  5 23 49 23.817 110.17    -1.5 0    -0.7 0    -0.4 0     0.1 0   280.2 0   275.504 0   275.449 0   314.6 0   274.858 0   274.969 0     0.0 0     0.0 0     0.0 0   -34.4 0   -34.4 0     2.6 0    58.2 0     3.4 0   190.2 0   969.3 0
 2026   5  1  5 23 50 23.833 110.35    -1.6 0    -0.6 0    -0.4 0     0.0 0   281.6 0   275.535 0   275.454 0   314.7 0   274.882 0   274.989 0     0.0 0     0.0 0     0.0 0   -33.1 0   -33.1 0     2.7 0    58.2 0     3.9 0   188.2 0   969.3 0
 2026   5  1  5 23 51 23.850 110.54    -1.5 0    -0.6 0    -0.3 0     0.0 0   283.0 0   275.558 0   275.448 0   314.8 0   274.905 0   275.008 0     0.0 0     0.0 0     0.0 0   -31.9 0   -31.9 0     2.7 0    58.2 0     5.5 0   196.6 0   969.3 0
 2026   5  1  5 23 52 23.867 110.72    -1.5 0    -0.4 0    -0.3 0     0.0 0   283.7 0   275.573 0   275.455 0   314.4 0   274.926 0   275.016 0     0.0 0     0.0 0     0.0 0   -30.7 0   -30.7 0     2.7 0    58.4 0     3.3 0   214.0 0   969.3 0
 2026   5  1  5 23 53 23.883 110.90    -1.4 0    -0.4 0    -0.3 0     0.0 0   282.5 0   275.586 0   275.493 0   314.9 0   274.944 0   275.041 0     0.0 0     0.0 0     0.0 0   -32.4 0   -32.4 0     2.7 0    58.4 0     4.3 0   188.6 0   969.3 0
 2026   5  1  5 23 54 23.900 111.09    -1.6 0    -0.5 0    -0.3 0     0.1 0   281.6 0   275.609 0   275.557 0   315.2 0   274.964 0   275.065 0     0.0 0     0.0 0     0.0 0   -33.7 0   -33.7 0     2.7 0    58.1 0     4.2 0   171.6 0   969.3 0
 2026   5  1  5 23 55 23.917 111.27    -1.6 0    -0.4 0    -0.2 0     0.0 0   279.5 0   275.638 0   275.538 0   314.5 0   274.986 0   275.076 0     0.0 0     0.0 0     0.0 0   -35.0 0   -35.0 0     2.7 0    58.0 0     3.5 0   189.1 0   969.3 0
 2026   5  1  5 23 56 23.933 111.46    -1.5 0    -0.2 0    -0.1 0     0.0 0   277.4 0   275.654 0   275.524 0   314.1 0   274.997 0   275.078 0     0.0 0     0.0 0     0.0 0   -36.7 0   -36.7 0     2.7 0    58.2 0     3.0 0   197.1 0   969.3 0
 2026   5  1  5 23 57 23.950 111.65    -1.5 0    -0.2 0    -0.1 0     0.0 0   277.2 0   275.667 0   275.565 0   313.9 0   275.008 0   275.091 0     0.0 0     0.0 0     0.0 0   -36.7 0   -36.7 0     2.7 0    58.2 0     2.4 0   218.0 0   969.3 0
 2026   5  1  5 23 58 23.967 111.83    -1.4 0    -0.1 0    -0.1 0     0.0 0   281.6 0   275.682 0   275.539 0   314.4 0   275.016 0   275.098 0     0.0 0     0.0 0     0.0 0   -32.9 0   -32.9 0     2.7 0    58.4 0     3.9 0   239.1 0   969.3 0
 2026   5  1  5 23 59 23.983 112.02    -1.4 0    -0.1 0    -0.1 0     0.1 0   284.9 0   275.690 0   275.549 0   314.6 0   275.024 0   275.105 0     0.0 0     0.0 0     0.0 0   -29.7 0   -29.7 0     2.7 0    58.6 0     3.9 0   215.3 0   969.4 0
