 Penn State
   40.72  -77.93  376 m version 1
 2026  15  1 15  0  0  0.000 110.72    -1.3 0    -0.1 0     0.1 0     0.0 0   332.1 0   277.716 0   277.593 0   329.9 0   277.305 0   277.421 0     0.0 0     0.0 0     0.0 0     0.0 0     0.0 0     4.9 0    91.7 0     1.0 0   104.5 0   953.3 0
 2026  15  1 15  0  1  0.017 110.91    -1.4 0    -0.1 0     0.1 0     0.0 0   332.2 0   277.728 0   277.587 0   330.0 0   277.308 0   277.423 0     0.0 0     0.0 0     0.0 0     0.0 0     0.0 0     4.9 0    91.7 0     0.6 0   114.6 0   953.4 0
 2026  15  1 15  0  2  0.033 111.09    -1.3 0     0.0 0     0.2 0    -0.1 0   332.0 0   277.731 0   277.556 0   329.9 0   277.310 0   277.425 0     0.0 0     0.0 0     0.0 0     0.0 0     0.0 0     5.0 0    91.7 0     0.2 0   116.3 0   953.4 0
 2026  15  1 15  0  3  0.050 111.28    -1.1 0     0.0 0     0.3 0     0.0 0   331.6 0   277.715 0   277.495 0   329.6 0   277.310 0   277.418 0     0.0 0     0.0 0     0.0 0     0.0 0     0.0 0     5.0 0    91.5 0     0.0 0     0.0 0   953.4 0
 2026  15  1 15  0  4  0.067 111.47    -1.1 0     0.1 0     0.4 0     0.0 0   331.7 0   277.690 0   277.473 0   329.7 0   277.306 0   277.413 0     0.0 0     0.0 0     0.0 0     0.0 0     0.0 0     4.9 0    91.4 0     0.0 0     0.0 0   953.4 0
 2026  15  1 15  0  5  0.083 111.65    -1.1 0     0.1 0     0.4 0     0.0 0   331.7 0   277.671 0   277.468 0   329.8 0   277.302 0   277.409 0     0.0 0     0.0 0     0.0 0     0.0 0     0.0 0     4.9 0    91.4 0     0.0 0     0.0 0   953.4 0
 2026  15  1 15  0  6  0.100 111.84    -1.2 0     0.0 0     0.3 0     0.0 0   331.8 0   277.659 0   277.472 0   330.1 0   277.297 0   277.407 0     0.0 0     0.0 0     0.0 0     0.0 0     0.0 0     4.9 0    91.3 0     0.1 0   277.7 0   953.4 0
 2026  15  1 15  0  7  0.117 112.03    -1.2 0     0.0 0     0.2 0     0.0 0   331.8 0   277.656 0   277.482 0   330.1 0   277.295 0   277.407 0     0.0 0     0.0 0     0.0 0     0.0 0     0.0 0     4.9 0    91.4 0     0.0 0   277.3 0   953.4 0
 2026  15  1 15  0  8  0.133 112.21    -1.3 0     0.0 0     0.2 0     0.0 0   331.6 0   277.657 0   277.490 0   330.2 0   277.293 0   277.406 0     0.0 0     0.0 0     0.0 0     0.0 0     0.0 0     4.9 0    91.4 0     0.1 0   281.6 0   953.4 0
 2026  15  1 15  0  9  0.150 112.40    -1.3 0     0.0 0     0.1 0     0.0 0   331.4 0   277.660 0   277.499 0   330.2 0   277.291 0   277.402 0     0.0 0     0.0 0     0.0 0     0.0 0     0.0 0     4.9 0    91.4 0     0.3 0   285.6 0   953.4 0
 2026  15  1 15  0 10  0.167 112.59    -1.3 0     0.0 0     0.1 0     0.0 0   331.0 0   277.667 0   277.516 0   330.2 0   277.288 0   277.399 0     0.0 0     0.0 0     0.0 0     0.0 0     0.0 0     4.9 0    91.4 0     0.0 0   285.6 0   953.4 0
 2026  15  1 15  0 11  0.183 112.77    -1.4 0     0.0 0     0.1 0     0.0 0   330.8 0   277.675 0   277.506 0   330.1 0   277.286 0   277.397 0     0.0 0     0.0 0     0.0 0     0.0 0     0.0 0     4.9 0    91.4 0     0.2 0   255.4 0   953.4 0
 2026  15  1 15  0 12  0.200 112.96    -1.4 0    -0.1 0     0.1 0     0.0 0   331.8 0   277.680 0   277.533 0   330.5 0   277.285 0   277.401 0     0.0 0     0.0 0     0.0 0     0.0 0     0.0 0     4.9 0    91.5 0     0.9 0   247.6 0   953.4 0
 2026  15  1 15  0 13  0.217 113.15    -1.5 0    -0.1 0     0.0 0     0.0 0   332.4 0   277.700 0   277.588 0   330.6 0   277.289 0   277.410 0     0.0 0     0.0 0     0.0 0     0.0 0     0.0 0     4.9 0    91.6 0     0.9 0   243.9 0   953.5 0
 2026  15  1 15  0 14  0.233 113.33    -1.6 0    -0.1 0     0.0 0     0.0 0   332.3 0   277.728 0   277.581 0   330.6 0   277.294 0   277.415 0     0.0 0     0.0 0     0.0 0     0.0 0     0.0 0     5.0 0    91.5 0     1.1 0   239.2 0   953.5 0
 2026  15  1 15  0 15  0.250 113.52    -1.4 0     0.0 0     0.0 0     0.0 0   332.5 0   277.740 0   277.574 0   330.5 0   277.299 0   277.416 0     0.0 0     0.0 0     0.0 0     0.0 0     0.0 0     5.0 0    91.3 0     0.9 0   228.8 0   953.5 0
 2026  15  1 15  0 16  0.267 113.71    -1.5 0     0.0 0     0.0 0     0.0 0   332.2 0   277.746 0   277.575 0   330.6 0   277.302 0   277.419 0     0.0 0     0.0 0     0.0 0     0.0 0     0.0 0     5.0 0    91.3 0     0.7 0   215.0 0   953.5 0
 2026  15  1 15  0 17  0.283 113.90    -1.4 0     0.0 0     0.1 0     0.0 0   331.2 0   277.747 0   277.548 0   330.4 0   277.304 0   277.418 0     0.0 0     0.0 0     0.0 0     0.0 0     0.0 0     5.0 0    91.2 0     0.4 0   200.8 0   953.4 0
 2026  15  1 15  0 18  0.300 114.08    -1.4 0     0.0 0     0.1 0     0.0 0   330.5 0   277.747 0   277.578 0   330.5 0   277.304 0   277.418 0     0.0 0     0.0 0     0.0 0     0.0 0     0.0 0     5.0 0    91.2 0     0.6 0   165.8 0   953.4 0
 2026  15  1 15  0 19  0.317 114.27    -1.4 0     0.0 0     0.1 0     0.0 0   330.0 0   277.757 0   277.573 0   330.4 0   277.305 0   277.419 0     0.0 0     0.0 0     0.0 0    -0.4 0    -0.4 0     5.0 0    91.2 0     0.6 0   145.5 0   953.4 0
 2026  15  1 15  0 20  0.333 114.46    -1.3 0     0.1 0     0.2 0     0.0 0   330.1 0   277.752 0   277.528 0   330.2 0   277.305 0   277.419 0     0.0 0     0.0 0     0.0 0    -0.1 0    -0.1 0     5.0 0    91.2 0     0.5 0   135.7 0   953.4 0
 2026  15  1 15  0 21  0.350 114.65    -1.3 0     0.0 0     0.2 0     0.0 0   330.2 0   277.734 0   277.502 0   330.1 0   277.306 0   277.420 0     0.0 0     0.0 0     0.0 0     0.0 0     0.0 0     5.0 0    91.2 0     0.8 0   166.3 0   953.4 0
 2026  15  1 15  0 22  0.367 114.83    -1.3 0     0.0 0     0.1 0     0.0 0   330.0 0   277.716 0   277.476 0   329.9 0   277.308 0   277.425 0     0.0 0     0.0 0     0.0 0     0.0 0     0.0 0     5.0 0    91.2 0     0.8 0   183.4 0   953.4 0
 2026  15  1 15  0 23  0.383 115.02    -1.3 0     0.0 0     0.1 0     0.0 0   330.0 0   277.692 0   277.461 0   329.8 0   277.310 0   277.422 0     0.0 0     0.0 0     0.0 0     0.0 0     0.0 0     5.0 0    91.1 0     0.7 0   187.8 0   953.5 0
 2026  15  1 15  0 24  0.400 115.21    -1.4 0     0.1 0     0.1 0     0.0 0   329.8 0   277.679 0   277.472 0   329.9 0   277.309 0   277.419 0     0.0 0     0.0 0     0.0 0    -0.1 0    -0.1 0     5.0 0    91.0 0     0.7 0   190.9 0   953.5 0
 2026  15  1 15  0 25  0.417 115.40    -1.4 0     0.0 0     0.1 0     0.0 0   329.7 0   277.673 0   277.487 0   329.8 0   277.308 0   277.418 0     0.0 0     0.0 0     0.0 0    -0.1 0    -0.1 0     5.0 0    91.1 0     0.8 0   197.8 0   953.5 0
 2026  15  1 15  0 26  0.433 115.59    -1.3 0     0.0 0     0.1 0     0.0 0   329.6 0   277.672 0   277.506 0   329.9 0   277.307 0   277.419 0     0.0 0     0.0 0     0.0 0    -0.2 0    -0.2 0     4.9 0    91.1 0     0.7 0   190.2 0   953.4 0
 2026  15  1 15  0 27  0.450 115.77    -1.4 0     0.0 0     0.1 0     0.0 0   329.4 0   277.678 0   277.535 0   329.9 0   277.306 0   277.417 0     0.0 0     0.0 0     0.0 0    -0.5 0    -0.5 0     4.9 0    91.1 0     0.7 0   172.3 0   953.4 0
 2026  15  1 15  0 28  0.467 115.96    -1.4 0     0.0 0     0.0 0     0.0 0   329.3 0   277.689 0   277.538 0   329.9 0   277.305 0   277.414 0     0.0 0     0.0 0     0.0 0    -0.5 0    -0.5 0     4.9 0    91.2 0     0.5 0   165.8 0   953.4 0
 2026  15  1 15  0 29  0.483 116.15    -1.4 0     0.1 0     0.0 0     0.0 0   329.3 0   277.700 0   277.560 0   329.8 0   277.303 0   277.412 0     0.0 0     0.0 0     0.0 0    -0.5 0    -0.5 0     4.9 0    91.2 0     0.2 0   165.8 0   953.4 0
 2026  15  1 15  0 30  0.500 116.34    -1.5 0     0.1 0     0.0 0     0.0 0   329.4 0   277.714 0   277.582 0   329.7 0   277.302 0   277.411 0     0.0 0     0.0 0     0.0 0    -0.4 0    -0.4 0     4.9 0    91.3 0     0.0 0     0.0 0   953.4 0
 2026  15  1 15  0 31  0.517 116.53    -1.5 0     0.0 0     0.0 0     0.0 0   329.5 0   277.733 0   277.612 0   329.7 0   277.300 0   277.410 0     0.0 0     0.0 0     0.0 0    -0.2 0    -0.2 0     4.9 0    91.3 0     0.0 0     0.0 0   953.4 0
 2026  15  1 15  0 32  0.533 116.72    -1.6 0     0.0 0     0.0 0     0.0 0   329.5 0   277.756 0   277.640 0   329.6 0   277.298 0   277.409 0     0.0 0     0.0 0     0.0 0    -0.1 0    -0.1 0     5.0 0    91.4 0     0.0 0     0.0 0   953.4 0
 2026  15  1 15  0 33  0.550 116.90    -1.6 0     0.0 0     0.0 0     0.0 0   329.5 0   277.779 0   277.660 0   329.6 0   277.296 0   277.407 0     0.0 0     0.0 0     0.0 0    -0.2 0    -0.2 0     5.0 0    91.4 0     0.0 0     0.0 0   953.5 0
 2026  15  1 15  0 34  0.567 117.09    -1.5 0     0.0 0     0.0 0     0.0 0   329.3 0   277.798 0   277.663 0   329.5 0   277.295 0   277.409 0     0.0 0     0.0 0     0.0 0    -0.2 0    -0.2 0     5.0 0    91.4 0     0.0 0    99.8 0   953.4 0
 2026  15  1 15  0 35  0.583 117.28    -1.5 0     0.0 0     0.0 0     0.0 0   329.5 0   277.812 0   277.671 0   329.7 0   277.293 0   277.408 0     0.0 0     0.0 0     0.0 0    -0.2 0    -0.2 0     5.0 0    91.4 0     0.8 0    97.5 0   953.4 0
 2026  15  1 15  0 36  0.600 117.47    -1.5 0     0.0 0     0.0 0     0.0 0   329.9 0   277.824 0   277.673 0   329.9 0   277.294 0   277.412 0     0.0 0     0.0 0     0.0 0     0.0 0     0.0 0     5.0 0    91.4 0     0.9 0   137.4 0   953.4 0
 2026  15  1 15  0 37  0.617 117.66    -1.5 0    -0.1 0     0.0 0     0.0 0   330.0 0   277.834 0   277.690 0   330.3 0   277.298 0   277.422 0     0.0 0     0.0 0     0.0 0    -0.3 0    -0.3 0     5.0 0    91.4 0     1.0 0   178.5 0   953.4 0
 2026  15  1 15  0 38  0.633 117.85    -1.5 0    -0.1 0     0.0 0     0.0 0   329.6 0   277.849 0   277.693 0   330.4 0   277.305 0   277.430 0     0.0 0     0.0 0     0.0 0    -0.9 0    -0.9 0     5.0 0    91.3 0     1.2 0   192.2 0   953.4 0
 2026  15  1 15  0 39  0.650 118.04    -1.5 0     0.0 0     0.0 0     0.0 0   329.3 0   277.861 0   277.686 0   330.3 0   277.308 0   277.427 0     0.0 0     0.0 0     0.0 0    -1.0 0    -1.0 0     5.0 0    91.1 0     0.4 0   133.0 0   953.3 0
 2026  15  1 15  0 40  0.667 118.22    -1.5 0     0.1 0     0.0 0     0.0 0   328.5 0   277.870 0   277.681 0   330.1 0   277.309 0   277.428 0     0.0 0     0.0 0     0.0 0    -1.7 0    -1.7 0     5.0 0    91.1 0     0.4 0   105.5 0   953.3 0
 2026  15  1 15  0 41  0.683 118.41    -1.4 0     0.2 0     0.1 0     0.0 0   328.4 0   277.872 0   277.669 0   330.0 0   277.308 0   277.423 0     0.0 0     0.0 0     0.0 0    -1.5 0    -1.5 0     5.0 0    91.0 0     0.6 0    92.1 0   953.3 0
 2026  15  1 15  0 42  0.700 118.60    -1.3 0     0.2 0     0.1 0     0.0 0   328.8 0   277.869 0   277.659 0   329.8 0   277.306 0   277.419 0     0.0 0     0.0 0     0.0 0    -1.0 0    -1.0 0     5.0 0    91.1 0     0.5 0    77.8 0   953.3 0
 2026  15  1 15  0 43  0.717 118.79    -1.3 0     0.1 0     0.1 0     0.0 0   329.0 0   277.862 0   277.642 0   329.7 0   277.305 0   277.418 0     0.0 0     0.0 0     0.0 0    -0.7 0    -0.7 0     5.0 0    91.1 0     0.7 0    80.1 0   953.3 0
 2026  15  1 15  0 44  0.733 118.98    -1.2 0     0.1 0     0.1 0     0.0 0   329.4 0   277.850 0   277.636 0   329.7 0   277.306 0   277.420 0     0.0 0     0.0 0     0.0 0    -0.3 0    -0.3 0     5.0 0    91.1 0     0.6 0   111.0 0   953.3 0
 2026  15  1 15  0 45  0.750 119.17    -1.3 0     0.1 0     0.1 0     0.0 0   329.6 0   277.845 0   277.648 0   329.7 0   277.306 0   277.419 0     0.0 0     0.0 0     0.0 0    -0.1 0    -0.1 0     5.0 0    91.1 0     0.8 0   118.5 0   953.2 0
 2026  15  1 15  0 46  0.767 119.36    -1.3 0     0.1 0     0.1 0     0.0 0   329.7 0   277.844 0   277.642 0   329.7 0   277.305 0   277.418 0     0.0 0     0.0 0     0.0 0     0.0 0     0.0 0     5.0 0    91.1 0     0.8 0   119.0 0   953.2 0
 2026  15  1 15  0 47  0.783 119.55    -1.3 0     0.0 0     0.1 0     0.0 0   330.0 0   277.843 0   277.653 0   329.9 0   277.304 0   277.421 0     0.0 0     0.0 0     0.0 0     0.0 0     0.0 0     5.0 0    91.1 0     0.8 0   130.5 0   953.2 0
 2026  15  1 15  0 48  0.800 119.74    -1.3 0     0.0 0     0.0 0     0.0 0   330.3 0   277.850 0   277.675 0   330.0 0   277.306 0   277.427 0     0.0 0     0.0 0     0.0 0     0.0 0     0.0 0     5.0 0    91.1 0     0.9 0   138.2 0   953.2 0
 2026  15  1 15  0 49  0.817 119.92    -1.3 0     0.0 0     0.0 0     0.0 0   330.5 0   277.860 0   277.673 0   330.0 0   277.309 0   277.429 0     0.0 0     0.0 0     0.0 0     0.0 0     0.0 0     5.0 0    91.0 0     1.1 0   155.1 0   953.2 0
 2026  15  1 15  0 50  0.833 120.11    -1.3 0     0.0 0     0.0 0     0.0 0   330.7 0   277.866 0   277.662 0   330.2 0   277.311 0   277.432 0     0.0 0     0.0 0     0.0 0     0.0 0     0.0 0     5.0 0    90.9 0     1.6 0   169.8 0   953.2 0
 2026  15  1 15  0 51  0.850 120.30    -1.3 0     0.0 0     0.0 0     0.0 0   330.8 0   277.866 0   277.643 0   330.4 0   277.315 0   277.438 0     0.0 0     0.0 0     0.0 0     0.0 0     0.0 0     5.0 0    90.8 0     1.5 0   169.8 0   953.2 0
 2026  15  1 15  0 52  0.867 120.49    -1.3 0     0.0 0     0.0 0     0.0 0   330.9 0   277.861 0   277.634 0   330.4 0   277.318 0   277.438 0     0.0 0     0.0 0     0.0 0     0.0 0     0.0 0     5.0 0    90.7 0     1.3 0   160.4 0   953.2 0
 2026  15  1 15  0 53  0.883 120.68    -1.3 0     0.1 0     0.0 0     0.0 0   330.8 0   277.860 0   277.637 0   330.4 0   277.321 0   277.441 0     0.0 0     0.0 0     0.0 0     0.0 0     0.0 0     5.0 0    90.6 0     1.2 0   150.8 0   953.2 0
 2026  15  1 15  0 54  0.900 120.87    -1.3 0     0.2 0     0.0 0     0.0 0   330.4 0   277.860 0   277.632 0   330.2 0   277.324 0   277.440 0     0.0 0     0.0 0     0.0 0     0.0 0     0.0 0     5.0 0    90.5 0     1.1 0   134.3 0   953.1 0
 2026  15  1 15  0 55  0.917 121.06    -1.3 0     0.2 0     0.0 0     0.0 0   330.3 0   277.858 0   277.625 0   330.1 0   277.325 0   277.441 0     0.0 0     0.0 0     0.0 0     0.0 0     0.0 0     5.0 0    90.5 0     1.2 0   128.6 0   953.1 0
 2026  15  1 15  0 56  0.933 121.25    -1.2 0     0.2 0     0.1 0     0.0 0   330.5 0   277.852 0   277.619 0   330.0 0   277.326 0   277.442 0     0.0 0     0.0 0     0.0 0     0.0 0     0.0 0     5.0 0    90.5 0     1.5 0   140.9 0   953.1 0
 2026  15  1 15  0 57  0.950 121.44    -1.3 0     0.1 0     0.0 0     0.0 0   330.5 0   277.848 0   277.636 0   330.3 0   277.330 0   277.449 0     0.0 0     0.0 0     0.0 0     0.0 0     0.0 0     5.0 0    90.6 0     1.4 0   155.8 0   953.1 0
 2026  15  1 15  0 58  0.967 121.63    -1.3 0     0.0 0     0.0 0     0.0 0   330.3 0   277.852 0   277.648 0   330.3 0   277.336 0   277.458 0     0.0 0     0.0 0     0.0 0     0.0 0     0.0 0     5.1 0    90.7 0     1.2 0   157.5 0   953.1 0
 2026  15  1 15  0 59  0.983 121.82    -1.4 0     0.0 0     0.0 0     0.0 0   329.9 0   277.855 0   277.640 0   330.1 0   277.341 0   277.461 0     0.0 0     0.0 0     0.0 0    -0.2 0    -0.2 0     5.1 0    90.5 0     1.0 0   172.1 0   953.1 0
 2026  15  1 15  1  0  1.000 122.01    -1.4 0     0.1 0     0.0 0     0.0 0   329.7 0   277.854 0   277.639 0   329.9 0   277.343 0   277.459 0     0.0 0     0.0 0     0.0 0    -0.2 0    -0.2 0     5.1 0    90.4 0     0.7 0   164.4 0   953.1 0
 2026  15  1 15  1  1  1.017 122.20    -1.4 0     0.1 0     0.0 0     0.0 0   330.0 0   277.855 0   277.641 0   329.8 0   277.343 0   277.457 0     0.0 0     0.0 0     0.0 0     0.0 0     0.0 0     5.1 0    90.4 0     0.4 0   155.3 0   953.1 0
 2026  15  1 15  1  2  1.033 122.38    -1.4 0     0.1 0     0.0 0     0.0 0   330.3 0   277.855 0   277.648 0   329.8 0   277.342 0   277.457 0     0.0 0     0.0 0     0.0 0     0.0 0     0.0 0     5.1 0    90.4 0     0.5 0   157.9 0   953.0 0
 2026  15  1 15  1  3  1.050 122.57    -1.4 0     0.1 0     0.0 0     0.0 0   330.2 0   277.860 0   277.659 0   329.7 0   277.343 0   277.459 0     0.0 0     0.0 0     0.0 0     0.0 0     0.0 0     5.1 0    90.5 0     1.0 0   154.7 0   953.0 0
 2026  15  1 15  1  4  1.067 122.76    -1.4 0     0.0 0     0.0 0     0.0 0   330.6 0   277.866 0   277.673 0   330.0 0   277.346 0   277.473 0     0.0 0     0.0 0     0.0 0     0.0 0     0.0 0     5.1 0    90.5 0     1.7 0   157.5 0   953.0 0
 2026  15  1 15  1  5  1.083 122.95    -1.4 0    -0.1 0     0.0 0     0.0 0   330.4 0   277.876 0   277.678 0   330.7 0   277.357 0   277.494 0     0.0 0     0.0 0     0.0 0    -0.3 0    -0.3 0     5.1 0    90.3 0     2.4 0   160.4 0   953.0 0
 2026  15  1 15  1  6  1.100 123.14    -1.3 0    -0.1 0    -0.1 0     0.0 0   330.3 0   277.886 0   277.689 0   331.2 0   277.371 0   277.514 0     0.0 0     0.0 0     0.0 0    -0.9 0    -0.9 0     5.2 0    90.1 0     2.5 0   161.3 0   952.9 0
 2026  15  1 15  1  7  1.117 123.33    -1.4 0    -0.2 0    -0.1 0     0.0 0   330.3 0   277.903 0   277.703 0   331.5 0   277.389 0   277.532 0     0.0 0     0.0 0     0.0 0    -1.2 0    -1.2 0     5.2 0    89.9 0     2.3 0   169.1 0   952.9 0
 2026  15  1 15  1  8  1.133 123.52    -1.4 0    -0.1 0    -0.1 0     0.0 0   330.5 0   277.924 0   277.719 0   331.5 0   277.407 0   277.544 0     0.0 0     0.0 0     0.0 0    -1.0 0    -1.0 0     5.3 0    89.6 0     2.0 0   162.9 0   952.9 0
 2026  15  1 15  1  9  1.150 123.71    -1.4 0     0.0 0    -0.1 0     0.0 0   330.7 0   277.943 0   277.733 0   331.5 0   277.422 0   277.552 0     0.0 0     0.0 0     0.0 0    -0.8 0    -0.8 0     5.3 0    89.3 0     2.5 0   158.6 0   952.9 0
 2026  15  1 15  1 10  1.167 123.90    -1.4 0     0.0 0    -0.1 0     0.0 0   330.7 0   277.960 0   277.741 0   331.7 0   277.438 0   277.579 0     0.0 0     0.0 0     0.0 0    -1.1 0    -1.1 0     5.3 0    89.1 0     2.3 0   170.2 0   952.9 0
 2026  15  1 15  1 11  1.183 124.09    -1.4 0     0.0 0    -0.1 0     0.0 0   330.6 0   277.975 0   277.751 0   331.7 0   277.455 0   277.594 0     0.0 0     0.0 0     0.0 0    -1.1 0    -1.1 0     5.3 0    88.9 0     2.3 0   163.1 0   952.9 0
 2026  15  1 15  1 12  1.200 124.28    -1.4 0     0.1 0    -0.1 0     0.0 0   330.4 0   277.990 0   277.759 0   331.7 0   277.469 0   277.603 0     0.0 0     0.0 0     0.0 0    -1.3 0    -1.3 0     5.3 0    88.7 0     2.4 0   174.4 0   952.8 0
 2026  15  1 15  1 13  1.217 124.47    -1.4 0     0.1 0    -0.1 0     0.0 0   330.2 0   278.003 0   277.761 0   331.6 0   277.484 0   277.615 0     0.0 0     0.0 0     0.0 0    -1.5 0    -1.5 0     5.3 0    88.5 0     1.8 0   196.2 0   952.9 0
 2026  15  1 15  1 14  1.233 124.66    -1.4 0     0.2 0    -0.1 0     0.0 0   330.5 0   278.012 0   277.764 0   331.5 0   277.493 0   277.620 0     0.0 0     0.0 0     0.0 0    -1.0 0    -1.0 0     5.3 0    88.4 0     1.3 0   182.0 0   952.8 0
 2026  15  1 15  1 15  1.250 124.85    -1.4 0     0.2 0    -0.1 0     0.0 0   330.6 0   278.021 0   277.769 0   331.5 0   277.500 0   277.629 0     0.0 0     0.0 0     0.0 0    -0.9 0    -0.9 0     5.2 0    88.4 0     1.5 0   191.7 0   952.9 0
 2026  15  1 15  1 16  1.267 125.04    -1.4 0     0.2 0    -0.1 0     0.0 0   330.8 0   278.029 0   277.769 0   331.6 0   277.508 0   277.640 0     0.0 0     0.0 0     0.0 0    -0.8 0    -0.8 0     5.2 0    88.4 0     1.8 0   184.6 0   952.9 0
 2026  15  1 15  1 17  1.283 125.22    -1.3 0     0.1 0    -0.1 0     0.0 0   331.1 0   278.037 0   277.777 0   332.0 0   277.520 0   277.661 0     0.0 0     0.0 0     0.0 0    -0.8 0    -0.8 0     5.3 0    88.2 0     2.3 0   192.0 0   952.8 0
 2026  15  1 15  1 18  1.300 125.41    -1.4 0     0.0 0    -0.1 0     0.0 0   330.9 0   278.050 0   277.787 0   332.0 0   277.538 0   277.679 0     0.0 0     0.0 0     0.0 0    -1.2 0    -1.2 0     5.4 0    87.9 0     2.2 0   194.6 0   952.8 0
 2026  15  1 15  1 19  1.317 125.60    -1.4 0     0.1 0    -0.2 0     0.0 0   330.4 0   278.066 0   277.791 0   331.8 0   277.553 0   277.684 0     0.0 0     0.0 0     0.0 0    -1.4 0    -1.4 0     5.4 0    87.5 0     2.0 0   197.0 0   952.8 0
 2026  15  1 15  1 20  1.333 125.79    -1.4 0     0.2 0    -0.1 0     0.0 0   330.2 0   278.077 0   277.782 0   331.5 0   277.563 0   277.684 0     0.0 0     0.0 0     0.0 0    -1.3 0    -1.3 0     5.4 0    87.3 0     1.5 0   226.2 0   952.8 0
 2026  15  1 15  1 21  1.350 125.98    -1.3 0     0.3 0    -0.1 0     0.0 0   330.3 0   278.079 0   277.772 0   331.2 0   277.567 0   277.684 0     0.0 0     0.0 0     0.0 0    -0.9 0    -0.9 0     5.3 0    87.3 0     1.3 0   251.3 0   952.8 0
 2026  15  1 15  1 22  1.367 126.17    -1.3 0     0.4 0    -0.1 0     0.0 0   330.4 0   278.075 0   277.769 0   330.9 0   277.566 0   277.677 0     0.0 0     0.0 0     0.0 0    -0.5 0    -0.5 0     5.3 0    87.4 0     1.1 0   291.8 0   952.8 0
 2026  15  1 15  1 23  1.383 126.36    -1.3 0     0.4 0     0.0 0     0.0 0   330.5 0   278.066 0   277.752 0   330.9 0   277.562 0   277.672 0     0.0 0     0.0 0     0.0 0    -0.5 0    -0.5 0     5.2 0    87.5 0     1.3 0   284.1 0   952.8 0
 2026  15  1 15  1 24  1.400 126.55    -1.2 0     0.3 0     0.0 0     0.0 0   331.0 0   278.050 0   277.744 0   331.0 0   277.559 0   277.674 0     0.0 0     0.0 0     0.0 0     0.0 0     0.0 0     5.2 0    87.7 0     1.2 0   277.6 0   952.8 0
 2026  15  1 15  1 25  1.417 126.74    -1.2 0     0.2 0     0.0 0     0.0 0   330.8 0   278.036 0   277.738 0   330.7 0   277.555 0   277.663 0     0.0 0     0.0 0     0.0 0     0.0 0     0.0 0     5.1 0    87.8 0     0.5 0   282.8 0   952.8 0
 2026  15  1 15  1 26  1.433 126.93    -1.2 0     0.2 0     0.0 0     0.0 0   330.6 0   278.020 0   277.721 0   330.5 0   277.549 0   277.654 0     0.0 0     0.0 0     0.0 0     0.0 0     0.0 0     5.1 0    87.8 0     0.6 0   253.8 0   952.8 0
 2026  15  1 15  1 27  1.450 127.12    -1.2 0     0.1 0     0.0 0     0.0 0   330.9 0   277.999 0   277.706 0   330.4 0   277.542 0   277.651 0     0.0 0     0.0 0     0.0 0     0.0 0     0.0 0     5.1 0    87.9 0     0.4 0   234.2 0   952.8 0
 2026  15  1 15  1 28  1.467 127.31    -1.2 0     0.1 0     0.0 0     0.0 0   330.8 0   277.981 0   277.707 0   330.4 0   277.536 0   277.646 0     0.0 0     0.0 0     0.0 0     0.0 0     0.0 0     5.0 0    88.1 0     0.8 0   229.0 0   952.7 0
 2026  15  1 15  1 29  1.483 127.49    -1.2 0     0.1 0     0.0 0     0.0 0   329.6 0   277.970 0   277.694 0   330.4 0   277.530 0   277.642 0     0.0 0     0.0 0     0.0 0    -0.8 0    -0.8 0     5.0 0    88.2 0     1.0 0   291.0 0   952.7 0
 2026  15  1 15  1 30  1.500 127.68    -1.2 0     0.1 0     0.0 0     0.0 0   329.2 0   277.959 0   277.686 0   330.3 0   277.525 0   277.634 0     0.0 0     0.0 0     0.0 0    -1.1 0    -1.1 0     5.0 0    88.3 0     0.5 0   301.2 0   952.7 0
 2026  15  1 15  1 31  1.517 127.87    -1.2 0     0.0 0     0.0 0     0.0 0   329.0 0   277.951 0   277.684 0   330.1 0   277.519 0   277.627 0     0.0 0     0.0 0     0.0 0    -1.1 0    -1.1 0     5.0 0    88.4 0     0.0 0   331.2 0   952.7 0
 2026  15  1 15  1 32  1.533 128.06    -1.2 0     0.0 0     0.0 0     0.0 0   329.0 0   277.944 0   277.682 0   329.9 0   277.513 0   277.622 0     0.0 0     0.0 0     0.0 0    -0.9 0    -0.9 0     5.0 0    88.5 0     0.3 0   334.7 0   952.7 0
 2026  15  1 15  1 33  1.550 128.25    -1.2 0     0.0 0     0.0 0     0.0 0   329.2 0   277.939 0   277.686 0   329.8 0   277.506 0   277.615 0     0.0 0     0.0 0     0.0 0    -0.6 0    -0.6 0     5.0 0    88.6 0     0.0 0   323.7 0   952.7 0
 2026  15  1 15  1 34  1.567 128.44    -1.3 0     0.0 0     0.0 0     0.0 0   329.6 0   277.935 0   277.685 0   329.6 0   277.499 0   277.607 0     0.0 0     0.0 0     0.0 0     0.0 0     0.0 0     5.0 0    88.7 0     0.0 0     0.0 0   952.7 0
 2026  15  1 15  1 35  1.583 128.63    -1.2 0     0.0 0     0.0 0     0.0 0   329.8 0   277.929 0   277.668 0   329.5 0   277.491 0   277.596 0     0.0 0     0.0 0     0.0 0     0.0 0     0.0 0     5.0 0    88.7 0     0.3 0    73.3 0   952.7 0
 2026  15  1 15  1 36  1.600 128.82    -1.2 0     0.0 0     0.0 0     0.0 0   330.1 0   277.919 0   277.665 0   329.7 0   277.483 0   277.593 0     0.0 0     0.0 0     0.0 0     0.0 0     0.0 0     5.0 0    88.8 0     0.0 0     0.0 0   952.6 0
 2026  15  1 15  1 37  1.617 129.01    -1.2 0     0.0 0     0.0 0     0.0 0   329.9 0   277.911 0   277.655 0   329.7 0   277.476 0   277.585 0     0.0 0     0.0 0     0.0 0     0.0 0     0.0 0     5.0 0    88.9 0     0.3 0    49.3 0   952.6 0
 2026  15  1 15  1 38  1.633 129.19    -1.1 0     0.0 0     0.0 0     0.0 0   329.6 0   277.900 0   277.641 0   329.7 0   277.470 0   277.578 0     0.0 0     0.0 0     0.0 0    -0.1 0    -0.1 0     5.0 0    89.0 0     0.3 0    48.1 0   952.6 0
 2026  15  1 15  1 39  1.650 129.38    -1.1 0     0.0 0     0.0 0     0.0 0   329.4 0   277.885 0   277.621 0   329.7 0   277.462 0   277.570 0     0.0 0     0.0 0     0.0 0    -0.3 0    -0.3 0     5.0 0    89.1 0     0.5 0    48.9 0   952.6 0
 2026  15  1 15  1 40  1.667 129.57    -1.1 0    -0.1 0     0.0 0     0.0 0   329.7 0   277.871 0   277.623 0   329.7 0   277.455 0   277.566 0     0.0 0     0.0 0     0.0 0     0.0 0     0.0 0     5.0 0    89.2 0     0.0 0     7.3 0   952.6 0
 2026  15  1 15  1 41  1.683 129.76    -1.1 0    -0.1 0     0.0 0     0.0 0   329.7 0   277.860 0   277.605 0   329.5 0   277.449 0   277.557 0     0.0 0     0.0 0     0.0 0     0.0 0     0.0 0     4.9 0    89.2 0     0.0 0     0.0 0   952.6 0
 2026  15  1 15  1 42  1.700 129.95    -1.1 0    -0.1 0     0.0 0     0.0 0   329.8 0   277.846 0   277.596 0   329.5 0   277.442 0   277.549 0     0.0 0     0.0 0     0.0 0     0.0 0     0.0 0     4.9 0    89.3 0     0.1 0    27.7 0   952.6 0
 2026  15  1 15  1 43  1.717 130.14    -1.1 0    -0.1 0     0.0 0     0.0 0   329.8 0   277.835 0   277.586 0   329.5 0   277.435 0   277.544 0     0.0 0     0.0 0     0.0 0     0.0 0     0.0 0     4.9 0    89.4 0     0.0 0    23.8 0   952.6 0
 2026  15  1 15  1 44  1.733 130.33    -1.0 0    -0.1 0     0.0 0     0.0 0   330.1 0   277.820 0   277.572 0   329.5 0   277.428 0   277.537 0     0.0 0     0.0 0     0.0 0     0.0 0     0.0 0     4.9 0    89.4 0     0.7 0    12.8 0   952.6 0
 2026  15  1 15  1 45  1.750 130.51    -1.0 0    -0.1 0     0.0 0     0.0 0   329.8 0   277.807 0   277.558 0   329.5 0   277.421 0   277.525 0     0.0 0     0.0 0     0.0 0     0.0 0     0.0 0     4.9 0    89.5 0     0.5 0   353.6 0   952.6 0
 2026  15  1 15  1 46  1.767 130.70    -1.0 0    -0.1 0     0.1 0     0.0 0   329.9 0   277.790 0   277.542 0   329.7 0   277.412 0   277.517 0     0.0 0     0.0 0     0.0 0     0.0 0     0.0 0     4.9 0    89.6 0     0.5 0   303.7 0   952.6 0
 2026  15  1 15  1 47  1.783 130.89    -1.1 0    -0.1 0     0.0 0     0.0 0   330.4 0   277.778 0   277.560 0   329.7 0   277.406 0   277.518 0     0.0 0     0.0 0     0.0 0     0.0 0     0.0 0     4.9 0    89.8 0     0.2 0   351.0 0   952.6 0
 2026  15  1 15  1 48  1.800 131.08    -1.1 0    -0.1 0     0.0 0     0.0 0   330.5 0   277.776 0   277.556 0   329.7 0   277.400 0   277.510 0     0.0 0     0.0 0     0.0 0     0.0 0     0.0 0     4.9 0    89.8 0     0.6 0     6.4 0   952.6 0
 2026  15  1 15  1 49  1.817 131.27    -1.2 0    -0.1 0     0.0 0     0.0 0   330.9 0   277.773 0   277.565 0   329.8 0   277.395 0   277.507 0     0.0 0     0.0 0     0.0 0     0.0 0     0.0 0     4.9 0    89.9 0     0.4 0    24.8 0   952.5 0
 2026  15  1 15  1 50  1.833 131.45    -1.3 0    -0.1 0    -0.1 0     0.0 0   331.3 0   277.779 0   277.599 0   329.9 0   277.390 0   277.505 0     0.0 0     0.0 0     0.0 0     0.0 0     0.0 0     4.9 0    90.0 0     0.1 0   350.1 0   952.5 0
 2026  15  1 15  1 51  1.850 131.64    -1.4 0    -0.1 0     0.0 0     0.0 0   331.3 0   277.792 0   277.599 0   330.0 0   277.386 0   277.503 0     0.0 0     0.0 0     0.0 0     0.0 0     0.0 0     4.9 0    90.0 0     0.1 0   115.8 0   952.5 0
 2026  15  1 15  1 52  1.867 131.83    -1.4 0    -0.1 0     0.0 0     0.0 0   331.1 0   277.800 0   277.605 0   330.3 0   277.383 0   277.504 0     0.0 0     0.0 0     0.0 0     0.0 0     0.0 0     4.9 0    90.1 0     0.5 0   144.9 0   952.5 0
 2026  15  1 15  1 53  1.883 132.02    -1.5 0    -0.1 0     0.0 0     0.0 0   331.0 0   277.807 0   277.600 0   330.4 0   277.382 0   277.504 0     0.0 0     0.0 0     0.0 0     0.0 0     0.0 0     4.9 0    90.1 0     0.5 0   162.7 0   952.5 0
 2026  15  1 15  1 54  1.900 132.20    -1.5 0    -0.2 0     0.0 0     0.0 0   331.2 0   277.811 0   277.610 0   330.6 0   277.384 0   277.515 0     0.0 0     0.0 0     0.0 0     0.0 0     0.0 0     5.0 0    90.1 0     1.5 0   181.1 0   952.6 0
 2026  15  1 15  1 55  1.917 132.39    -1.4 0    -0.1 0    -0.1 0     0.0 0   331.1 0   277.818 0   277.616 0   330.5 0   277.389 0   277.514 0     0.0 0     0.0 0     0.0 0     0.0 0     0.0 0     5.0 0    89.8 0     1.1 0   228.4 0   952.6 0
 2026  15  1 15  1 56  1.933 132.58    -1.4 0     0.0 0    -0.1 0     0.0 0   331.6 0   277.827 0   277.637 0   330.9 0   277.390 0   277.518 0     0.0 0     0.0 0     0.0 0     0.0 0     0.0 0     5.0 0    89.8 0     1.2 0   177.5 0   952.6 0
 2026  15  1 15  1 57  1.950 132.77    -1.5 0    -0.1 0    -0.1 0     0.0 0   331.7 0   277.844 0   277.665 0   331.2 0   277.397 0   277.535 0     0.0 0     0.0 0     0.0 0     0.0 0     0.0 0     5.1 0    89.8 0     1.7 0   184.6 0   952.5 0
 2026  15  1 15  1 58  1.967 132.95    -1.5 0     0.0 0    -0.2 0     0.0 0   331.8 0   277.866 0   277.679 0   331.1 0   277.405 0   277.528 0     0.0 0     0.0 0     0.0 0     0.0 0     0.0 0     5.1 0    89.7 0     1.1 0   279.8 0   952.6 0
 2026  15  1 15  1 59  1.983 133.14    -1.4 0     0.1 0    -0.1 0     0.0 0   332.1 0   277.883 0   277.698 0   331.3 0   277.406 0   277.534 0     0.0 0     0.0 0     0.0 0     0.0 0     0.0 0     5.0 0    89.7 0     1.0 0   325.3 0   952.5 0
 2026  15  1 15  2  0  2.000 133.33    -1.4 0     0.0 0    -0.1 0     0.0 0   331.9 0   277.897 0   277.711 0   331.1 0   277.412 0   277.543 0     0.0 0     0.0 0     0.0 0     0.0 0     0.0 0     5.1 0    89.8 0     1.7 0   302.4 0   952.5 0
 2026  15  1 15  2  1  2.017 133.52    -1.3 0     0.1 0     0.0 0     0.0 0   332.1 0   277.898 0   277.660 0   330.9 0   277.415 0   277.528 0     0.0 0     0.0 0     0.0 0     0.0 0     0.0 0     5.0 0    89.6 0     2.2 0   279.1 0   952.5 0
 2026  15  1 15  2  2  2.033 133.70    -1.2 0     0.1 0     0.0 0     0.0 0   332.3 0   277.887 0   277.651 0   331.0 0   277.413 0   277.524 0     0.0 0     0.0 0     0.0 0     0.0 0     0.0 0     5.0 0    89.7 0     2.6 0   277.6 0   952.6 0
 2026  15  1 15  2  3  2.050 133.89    -1.2 0     0.1 0     0.1 0     0.0 0   332.1 0   277.875 0   277.639 0   331.0 0   277.411 0   277.518 0     0.0 0     0.0 0     0.0 0     0.0 0     0.0 0     4.9 0    89.8 0     2.3 0   279.5 0   952.6 0
 2026  15  1 15  2  4  2.067 134.08    -1.2 0     0.1 0     0.1 0     0.0 0   331.6 0   277.860 0   277.629 0   331.0 0   277.406 0   277.511 0     0.0 0     0.0 0     0.0 0     0.0 0     0.0 0     4.8 0    90.0 0     2.5 0   273.9 0   952.6 0
 2026  15  1 15  2  5  2.083 134.26    -1.1 0     0.1 0     0.1 0     0.0 0   331.6 0   277.844 0   277.614 0   330.9 0   277.400 0   277.507 0     0.0 0     0.0 0     0.0 0     0.0 0     0.0 0     4.8 0    90.2 0     2.3 0   278.5 0   952.6 0
 2026  15  1 15  2  6  2.100 134.45    -1.1 0     0.0 0     0.1 0     0.0 0   331.5 0   277.827 0   277.595 0   330.9 0   277.395 0   277.503 0     0.0 0     0.0 0     0.0 0     0.0 0     0.0 0     4.8 0    90.3 0     2.1 0   279.4 0   952.6 0
 2026  15  1 15  2  7  2.117 134.63    -1.1 0     0.0 0     0.1 0     0.0 0   331.3 0   277.809 0   277.579 0   330.9 0   277.390 0   277.495 0     0.0 0     0.0 0     0.0 0     0.0 0     0.0 0     4.8 0    90.4 0     2.1 0   278.0 0   952.5 0
 2026  15  1 15  2  8  2.133 134.82    -1.1 0     0.1 0     0.1 0     0.0 0   331.2 0   277.792 0   277.572 0   331.0 0   277.382 0   277.488 0     0.0 0     0.0 0     0.0 0     0.0 0     0.0 0     4.7 0    90.4 0     2.1 0   264.3 0   952.5 0
 2026  15  1 15  2  9  2.150 135.01    -1.1 0     0.0 0     0.0 0     0.0 0   331.2 0   277.780 0   277.579 0   331.2 0   277.377 0   277.490 0     0.0 0     0.0 0     0.0 0     0.0 0     0.0 0     4.7 0    90.7 0     2.0 0   227.9 0   952.5 0
 2026  15  1 15  2 10  2.167 135.19    -1.1 0    -0.1 0     0.0 0     0.0 0   331.4 0   277.773 0   277.590 0   331.3 0   277.377 0   277.494 0     0.0 0     0.0 0     0.0 0     0.0 0     0.0 0     4.8 0    90.9 0     1.9 0   240.2 0   952.5 0
 2026  15  1 15  2 11  2.183 135.38    -1.1 0    -0.1 0    -0.1 0     0.0 0   331.2 0   277.773 0   277.600 0   331.2 0   277.379 0   277.495 0     0.0 0     0.0 0     0.0 0     0.0 0     0.0 0     4.8 0    90.9 0     2.0 0   245.9 0   952.5 0
 2026  15  1 15  2 12  2.200 135.56    -1.2 0    -0.1 0    -0.1 0     0.0 0   330.9 0   277.774 0   277.595 0   331.2 0   277.380 0   277.495 0     0.0 0     0.0 0     0.0 0    -0.2 0    -0.2 0     4.8 0    90.9 0     2.3 0   246.6 0   952.5 0
 2026  15  1 15  2 13  2.217 135.75    -1.1 0     0.0 0    -0.1 0     0.0 0   330.6 0   277.773 0   277.582 0   330.9 0   277.380 0   277.490 0     0.0 0     0.0 0     0.0 0    -0.3 0    -0.3 0     4.8 0    90.8 0     2.1 0   239.1 0   952.5 0
 2026  15  1 15  2 14  2.233 135.93    -1.1 0     0.1 0     0.0 0     0.0 0   330.0 0   277.767 0   277.567 0   330.8 0   277.375 0   277.482 0     0.0 0     0.0 0     0.0 0    -0.8 0    -0.8 0     4.8 0    90.7 0     1.6 0   210.7 0   952.4 0
 2026  15  1 15  2 15  2.250 136.12    -1.1 0     0.1 0     0.0 0     0.0 0   329.3 0   277.760 0   277.565 0   330.6 0   277.369 0   277.474 0     0.0 0     0.0 0     0.0 0    -1.3 0    -1.3 0     4.7 0    90.8 0     1.3 0   217.8 0   952.4 0
 2026  15  1 15  2 16  2.267 136.31    -1.2 0     0.1 0     0.0 0     0.0 0   328.8 0   277.753 0   277.563 0   330.5 0   277.362 0   277.469 0     0.0 0     0.0 0     0.0 0    -1.6 0    -1.6 0     4.7 0    91.0 0     1.0 0   232.6 0   952.4 0
 2026  15  1 15  2 17  2.283 136.49    -1.2 0     0.0 0     0.0 0     0.0 0   328.7 0   277.747 0   277.551 0   330.2 0   277.355 0   277.461 0     0.0 0     0.0 0     0.0 0    -1.5 0    -1.5 0     4.7 0    91.0 0     1.1 0   237.2 0   952.3 0
 2026  15  1 15  2 18  2.300 136.68    -1.2 0     0.0 0     0.0 0     0.0 0   328.5 0   277.738 0   277.542 0   330.0 0   277.348 0   277.453 0     0.0 0     0.0 0     0.0 0    -1.5 0    -1.5 0     4.7 0    91.1 0     0.7 0   233.0 0   952.3 0
 2026  15  1 15  2 19  2.317 136.86    -1.2 0     0.0 0     0.0 0     0.0 0   328.5 0   277.728 0   277.535 0   329.8 0   277.340 0   277.445 0     0.0 0     0.0 0     0.0 0    -1.4 0    -1.4 0     4.6 0    91.2 0     0.4 0   220.5 0   952.3 0
 2026  15  1 15  2 20  2.333 137.04    -1.2 0     0.0 0     0.0 0     0.0 0   328.4 0   277.718 0   277.523 0   329.7 0   277.333 0   277.438 0     0.0 0     0.0 0     0.0 0    -1.3 0    -1.3 0     4.6 0    91.3 0     0.2 0   213.6 0   952.3 0
 2026  15  1 15  2 21  2.350 137.23    -1.2 0    -0.1 0     0.0 0     0.0 0   328.6 0   277.706 0   277.512 0   329.5 0   277.325 0   277.431 0     0.0 0     0.0 0     0.0 0    -0.9 0    -0.9 0     4.6 0    91.3 0     0.0 0     0.0 0   952.3 0
 2026  15  1 15  2 22  2.367 137.41    -1.2 0    -0.1 0     0.0 0     0.0 0   329.1 0   277.697 0   277.519 0   329.5 0   277.319 0   277.426 0     0.0 0     0.0 0     0.0 0    -0.4 0    -0.4 0     4.6 0    91.4 0     0.0 0     0.0 0   952.3 0
 2026  15  1 15  2 23  2.383 137.60    -1.2 0    -0.1 0     0.1 0     0.0 0   329.2 0   277.692 0   277.505 0   329.5 0   277.312 0   277.418 0     0.0 0     0.0 0     0.0 0    -0.3 0    -0.3 0     4.6 0    91.4 0     0.2 0   206.7 0   952.3 0
 2026  15  1 15  2 24  2.400 137.78    -1.2 0    -0.1 0     0.1 0     0.0 0   329.3 0   277.683 0   277.489 0   329.4 0   277.305 0   277.410 0     0.0 0     0.0 0     0.0 0    -0.1 0    -0.1 0     4.6 0    91.4 0     0.4 0   122.4 0   952.3 0
 2026  15  1 15  2 25  2.417 137.96    -1.1 0    -0.1 0     0.1 0     0.0 0   329.5 0   277.670 0   277.471 0   329.5 0   277.297 0   277.403 0     0.0 0     0.0 0     0.0 0     0.0 0     0.0 0     4.6 0    91.4 0     0.8 0   177.2 0   952.2 0
 2026  15  1 15  2 26  2.433 138.15    -1.1 0    -0.1 0     0.0 0     0.0 0   330.2 0   277.658 0   277.472 0   329.8 0   277.291 0   277.403 0     0.0 0     0.0 0     0.0 0     0.0 0     0.0 0     4.6 0    91.5 0     1.0 0   184.1 0   952.2 0
 2026  15  1 15  2 27  2.450 138.33    -1.1 0    -0.1 0     0.0 0     0.0 0   330.6 0   277.656 0   277.492 0   330.1 0   277.287 0   277.406 0     0.0 0     0.0 0     0.0 0     0.0 0     0.0 0     4.7 0    91.6 0     1.7 0   204.8 0   952.2 0
 2026  15  1 15  2 28  2.467 138.51    -1.2 0    -0.2 0    -0.1 0     0.0 0   330.8 0   277.666 0   277.520 0   330.5 0   277.289 0   277.417 0     0.0 0     0.0 0     0.0 0     0.0 0     0.0 0     4.7 0    91.7 0     1.6 0   201.6 0   952.2 0
 2026  15  1 15  2 29  2.483 138.70    -1.2 0    -0.1 0    -0.1 0     0.0 0   331.0 0   277.684 0   277.534 0   330.8 0   277.294 0   277.426 0     0.0 0     0.0 0     0.0 0     0.0 0     0.0 0     4.8 0    91.6 0     2.2 0   224.9 0   952.2 0
 2026  15  1 15  2 30  2.500 138.88    -1.2 0    -0.1 0    -0.1 0     0.0 0   331.3 0   277.704 0   277.553 0   331.0 0   277.302 0   277.435 0     0.0 0     0.0 0     0.0 0     0.0 0     0.0 0     4.9 0    91.5 0     2.1 0   204.4 0   952.2 0
 2026  15  1 15  2 31  2.517 139.06    -1.3 0    -0.1 0    -0.1 0     0.0 0   331.3 0   277.725 0   277.563 0   331.1 0   277.312 0   277.444 0     0.0 0     0.0 0     0.0 0     0.0 0     0.0 0     4.9 0    91.3 0     2.1 0   209.1 0   952.2 0
 2026  15  1 15  2 32  2.533 139.25    -1.3 0     0.0 0    -0.1 0     0.0 0   331.1 0   277.743 0   277.569 0   331.3 0   277.322 0   277.455 0     0.0 0     0.0 0     0.0 0    -0.2 0    -0.2 0     5.0 0    91.1 0     2.6 0   216.6 0   952.2 0
 2026  15  1 15  2 33  2.550 139.43    -1.3 0     0.0 0    -0.1 0     0.0 0   330.9 0   277.757 0   277.579 0   331.4 0   277.335 0   277.469 0     0.0 0     0.0 0     0.0 0    -0.5 0    -0.5 0     5.0 0    90.7 0     2.8 0   201.5 0   952.2 0
 2026  15  1 15  2 34  2.567 139.61    -1.2 0    -0.1 0    -0.1 0     0.0 0   330.6 0   277.771 0   277.590 0   331.5 0   277.348 0   277.486 0     0.0 0     0.0 0     0.0 0    -1.0 0    -1.0 0     5.0 0    90.5 0     2.9 0   202.9 0   952.2 0
 2026  15  1 15  2 35  2.583 139.79    -1.2 0    -0.1 0    -0.1 0     0.0 0   330.0 0   277.786 0   277.595 0   331.5 0   277.365 0   277.498 0     0.0 0     0.0 0     0.0 0    -1.5 0    -1.5 0     5.0 0    90.2 0     3.1 0   206.8 0   952.2 0
 2026  15  1 15  2 36  2.600 139.97    -1.2 0     0.0 0    -0.1 0     0.0 0   329.6 0   277.803 0   277.612 0   331.7 0   277.381 0   277.520 0     0.0 0     0.0 0     0.0 0    -2.2 0    -2.2 0     5.0 0    90.0 0     3.4 0   220.8 0   952.2 0
 2026  15  1 15  2 37  2.617 140.15    -1.2 0     0.0 0    -0.2 0     0.0 0   329.7 0   277.820 0   277.624 0   331.7 0   277.400 0   277.538 0     0.0 0     0.0 0     0.0 0    -2.0 0    -2.0 0     5.0 0    89.7 0     2.9 0   222.3 0   952.1 0
 2026  15  1 15  2 38  2.633 140.34    -1.2 0     0.1 0    -0.2 0     0.0 0   329.2 0   277.835 0   277.629 0   331.5 0   277.412 0   277.541 0     0.0 0     0.0 0     0.0 0    -2.3 0    -2.3 0     5.0 0    89.4 0     2.8 0   225.5 0   952.1 0
 2026  15  1 15  2 39  2.650 140.52    -1.2 0     0.1 0    -0.1 0     0.0 0   329.2 0   277.846 0   277.633 0   331.7 0   277.422 0   277.556 0     0.0 0     0.0 0     0.0 0    -2.6 0    -2.6 0     5.0 0    89.4 0     3.8 0   217.3 0   952.1 0
 2026  15  1 15  2 40  2.667 140.70    -1.2 0     0.0 0    -0.2 0     0.0 0   329.4 0   277.858 0   277.643 0   331.8 0   277.440 0   277.578 0     0.0 0     0.0 0     0.0 0    -2.5 0    -2.5 0     5.0 0    89.2 0     3.3 0   208.2 0   952.1 0
 2026  15  1 15  2 41  2.683 140.88    -1.2 0     0.0 0    -0.2 0     0.0 0   329.5 0   277.871 0   277.649 0   331.7 0   277.456 0   277.589 0     0.0 0     0.0 0     0.0 0    -2.2 0    -2.2 0     5.0 0    88.9 0     3.1 0   217.2 0   952.1 0
 2026  15  1 15  2 42  2.700 141.06    -1.2 0     0.0 0    -0.2 0     0.0 0   329.8 0   277.884 0   277.653 0   332.0 0   277.470 0   277.607 0     0.0 0     0.0 0     0.0 0    -2.2 0    -2.2 0     5.0 0    88.7 0     4.0 0   206.3 0   952.0 0
 2026  15  1 15  2 43  2.717 141.24    -1.2 0     0.0 0    -0.2 0     0.0 0   329.7 0   277.898 0   277.656 0   331.9 0   277.487 0   277.620 0     0.0 0     0.0 0     0.0 0    -2.1 0    -2.1 0     5.0 0    88.4 0     3.2 0   210.6 0   952.0 0
 2026  15  1 15  2 44  2.733 141.42    -1.3 0    -0.1 0    -0.2 0     0.0 0   330.0 0   277.910 0   277.660 0   332.1 0   277.503 0   277.641 0     0.0 0     0.0 0     0.0 0    -2.1 0    -2.1 0     5.1 0    88.2 0     4.3 0   203.2 0   952.0 0
 2026  15  1 15  2 45  2.750 141.60    -1.2 0    -0.1 0    -0.2 0     0.0 0   329.9 0   277.922 0   277.667 0   332.0 0   277.522 0   277.656 0     0.0 0     0.0 0     0.0 0    -2.1 0    -2.1 0     5.1 0    87.9 0     3.9 0   208.8 0   952.0 0
 2026  15  1 15  2 46  2.767 141.78    -1.3 0    -0.1 0    -0.3 0     0.0 0   330.0 0   277.934 0   277.677 0   332.1 0   277.539 0   277.674 0     0.0 0     0.0 0     0.0 0    -2.1 0    -2.1 0     5.1 0    87.8 0     4.1 0   208.4 0   952.0 0
 2026  15  1 15  2 47  2.783 141.96    -1.3 0     0.0 0    -0.3 0     0.0 0   329.6 0   277.947 0   277.688 0   331.9 0   277.554 0   277.679 0     0.0 0     0.0 0     0.0 0    -2.2 0    -2.2 0     5.1 0    87.6 0     3.5 0   212.6 0   952.0 0
 2026  15  1 15  2 48  2.800 142.13    -1.3 0     0.1 0    -0.3 0     0.0 0   329.3 0   277.959 0   277.698 0   331.8 0   277.563 0   277.685 0     0.0 0     0.0 0     0.0 0    -2.5 0    -2.5 0     5.0 0    87.6 0     3.3 0   215.5 0   952.0 0
 2026  15  1 15  2 49  2.817 142.31    -1.3 0     0.0 0    -0.2 0     0.0 0   328.9 0   277.968 0   277.697 0   331.9 0   277.573 0   277.702 0     0.0 0     0.0 0     0.0 0    -3.0 0    -3.0 0     5.0 0    87.6 0     3.6 0   202.2 0   952.0 0
 2026  15  1 15  2 50  2.833 142.49    -1.3 0     0.0 0    -0.2 0     0.0 0   328.6 0   277.973 0   277.689 0   331.8 0   277.582 0   277.705 0     0.0 0     0.0 0     0.0 0    -3.1 0    -3.1 0     5.0 0    87.5 0     3.6 0   202.4 0   951.9 0
 2026  15  1 15  2 51  2.850 142.67    -1.3 0     0.0 0    -0.2 0     0.0 0   328.4 0   277.974 0   277.684 0   331.7 0   277.590 0   277.710 0     0.0 0     0.0 0     0.0 0    -3.3 0    -3.3 0     5.0 0    87.5 0     3.2 0   201.1 0   951.9 0
 2026  15  1 15  2 52  2.867 142.85    -1.2 0     0.0 0    -0.2 0     0.0 0   328.5 0   277.974 0   277.680 0   331.9 0   277.598 0   277.730 0     0.0 0     0.0 0     0.0 0    -3.5 0    -3.5 0     5.0 0    87.4 0     4.5 0   211.8 0   951.9 0
 2026  15  1 15  2 53  2.883 143.02    -1.2 0     0.0 0    -0.3 0     0.0 0   328.4 0   277.978 0   277.680 0   331.8 0   277.611 0   277.737 0     0.0 0     0.0 0     0.0 0    -3.4 0    -3.4 0     5.0 0    87.1 0     4.0 0   219.1 0   951.9 0
 2026  15  1 15  2 54  2.900 143.20    -1.2 0     0.0 0    -0.3 0     0.0 0   328.2 0   277.984 0   277.692 0   331.7 0   277.618 0   277.739 0     0.0 0     0.0 0     0.0 0    -3.5 0    -3.5 0     5.0 0    87.0 0     3.5 0   198.0 0   951.9 0
 2026  15  1 15  2 55  2.917 143.38    -1.2 0     0.0 0    -0.3 0     0.0 0   327.9 0   277.991 0   277.693 0   331.7 0   277.625 0   277.749 0     0.0 0     0.0 0     0.0 0    -3.8 0    -3.8 0     5.0 0    87.0 0     4.3 0   200.4 0   951.9 0
 2026  15  1 15  2 56  2.933 143.55    -1.2 0     0.0 0    -0.3 0     0.0 0   327.5 0   277.994 0   277.697 0   331.9 0   277.635 0   277.762 0     0.0 0     0.0 0     0.0 0    -4.4 0    -4.4 0     5.0 0    87.0 0     3.9 0   207.6 0   951.9 0
 2026  15  1 15  2 57  2.950 143.73    -1.2 0     0.0 0    -0.3 0     0.0 0   327.1 0   277.999 0   277.701 0   331.7 0   277.644 0   277.767 0     0.0 0     0.0 0     0.0 0    -4.7 0    -4.7 0     5.1 0    86.9 0     3.5 0   206.1 0   951.9 0
 2026  15  1 15  2 58  2.967 143.91    -1.2 0     0.1 0    -0.3 0     0.0 0   326.8 0   278.000 0   277.704 0   331.5 0   277.649 0   277.763 0     0.0 0     0.0 0     0.0 0    -4.6 0    -4.6 0     5.0 0    86.9 0     2.6 0   197.2 0   951.9 0
 2026  15  1 15  2 59  2.983 144.08    -1.2 0     0.1 0    -0.2 0     0.0 0   326.8 0   277.995 0   277.699 0   331.4 0   277.648 0   277.759 0     0.0 0     0.0 0     0.0 0    -4.6 0    -4.6 0     5.0 0    87.1 0     3.2 0   195.4 0   951.8 0
 2026  15  1 15  3  0  3.000 144.26    -1.2 0     0.1 0    -0.2 0     0.0 0   326.3 0   277.988 0   277.696 0   331.3 0   277.647 0   277.761 0     0.0 0     0.0 0     0.0 0    -5.0 0    -5.0 0     5.0 0    87.3 0     3.3 0   206.9 0   951.9 0
 2026  15  1 15  3  1  3.017 144.43    -1.1 0     0.0 0    -0.2 0     0.0 0   326.3 0   277.981 0   277.696 0   331.4 0   277.648 0   277.765 0     0.0 0     0.0 0     0.0 0    -5.1 0    -5.1 0     5.0 0    87.5 0     3.8 0   196.4 0   951.9 0
 2026  15  1 15  3  2  3.033 144.61    -1.2 0     0.0 0    -0.2 0     0.0 0   326.3 0   277.976 0   277.701 0   331.5 0   277.649 0   277.765 0     0.0 0     0.0 0     0.0 0    -5.3 0    -5.3 0     5.0 0    87.5 0     4.3 0   188.6 0   951.8 0
 2026  15  1 15  3  3  3.050 144.78    -1.2 0    -0.1 0    -0.3 0     0.0 0   325.8 0   277.976 0   277.698 0   331.5 0   277.655 0   277.774 0     0.0 0     0.0 0     0.0 0    -5.8 0    -5.8 0     5.1 0    87.5 0     4.0 0   194.6 0   951.8 0
 2026  15  1 15  3  4  3.067 144.95    -1.2 0     0.0 0    -0.3 0     0.0 0   325.8 0   277.974 0   277.699 0   331.5 0   277.658 0   277.773 0     0.0 0     0.0 0     0.0 0    -5.7 0    -5.7 0     5.0 0    87.5 0     3.7 0   198.6 0   951.8 0
 2026  15  1 15  3  5  3.083 145.13    -1.2 0     0.1 0    -0.3 0     0.0 0   325.9 0   277.972 0   277.702 0   331.4 0   277.660 0   277.774 0     0.0 0     0.0 0     0.0 0    -5.6 0    -5.6 0     5.1 0    87.5 0     3.7 0   188.5 0   951.8 0
 2026  15  1 15  3  6  3.100 145.30    -1.2 0    -0.1 0    -0.3 0     0.0 0   326.1 0   277.972 0   277.712 0   331.8 0   277.664 0   277.788 0     0.0 0     0.0 0     0.0 0    -5.7 0    -5.7 0     5.1 0    87.7 0     5.1 0   187.7 0   951.8 0
 2026  15  1 15  3  7  3.117 145.47    -1.2 0    -0.1 0    -0.3 0     0.0 0   326.2 0   277.976 0   277.721 0   331.8 0   277.673 0   277.794 0     0.0 0     0.0 0     0.0 0    -5.5 0    -5.5 0     5.1 0    87.5 0     4.2 0   192.4 0   951.8 0
 2026  15  1 15  3  8  3.133 145.65    -1.3 0     0.0 0    -0.3 0     0.0 0   326.4 0   277.981 0   277.727 0   331.7 0   277.680 0   277.798 0     0.0 0     0.0 0     0.0 0    -5.3 0    -5.3 0     5.1 0    87.4 0     4.0 0   188.7 0   951.8 0
 2026  15  1 15  3  9  3.150 145.82    -1.2 0     0.0 0    -0.3 0     0.0 0   326.7 0   277.986 0   277.737 0   331.9 0   277.685 0   277.806 0     0.0 0     0.0 0     0.0 0    -5.2 0    -5.2 0     5.1 0    87.4 0     4.3 0   192.2 0   951.7 0
 2026  15  1 15  3 10  3.167 145.99    -1.2 0     0.0 0    -0.3 0     0.0 0   326.9 0   277.992 0   277.737 0   331.9 0   277.692 0   277.815 0     0.0 0     0.0 0     0.0 0    -5.1 0    -5.1 0     5.2 0    87.3 0     4.7 0   192.5 0   951.7 0
 2026  15  1 15  3 11  3.183 146.16    -1.3 0    -0.1 0    -0.3 0     0.0 0   326.8 0   277.999 0   277.751 0   332.0 0   277.703 0   277.833 0     0.0 0     0.0 0     0.0 0    -5.3 0    -5.3 0     5.2 0    87.1 0     4.9 0   187.6 0   951.7 0
 2026  15  1 15  3 12  3.200 146.33    -1.3 0    -0.1 0    -0.3 0     0.0 0   326.8 0   278.007 0   277.754 0   332.0 0   277.715 0   277.841 0     0.0 0     0.0 0     0.0 0    -5.2 0    -5.2 0     5.3 0    86.8 0     4.3 0   199.2 0   951.8 0
 2026  15  1 15  3 13  3.217 146.50    -1.2 0    -0.1 0    -0.3 0     0.0 0   326.6 0   278.014 0   277.764 0   332.2 0   277.726 0   277.852 0     0.0 0     0.0 0     0.0 0    -5.6 0    -5.6 0     5.3 0    86.9 0     5.3 0   192.0 0   951.8 0
 2026  15  1 15  3 14  3.233 146.67    -1.2 0    -0.1 0    -0.3 0     0.0 0   326.5 0   278.021 0   277.769 0   332.1 0   277.736 0   277.857 0     0.0 0     0.0 0     0.0 0    -5.6 0    -5.6 0     5.3 0    86.9 0     4.9 0   187.0 0   951.8 0
 2026  15  1 15  3 15  3.250 146.84    -1.3 0     0.0 0    -0.3 0     0.1 0   326.7 0   278.028 0   277.784 0   332.2 0   277.743 0   277.861 0     0.0 0     0.0 0     0.0 0    -5.5 0    -5.5 0     5.3 0    87.1 0     4.7 0   184.3 0   951.8 0
 2026  15  1 15  3 16  3.267 147.01    -1.2 0     0.0 0    -0.3 0     0.1 0   327.0 0   278.035 0   277.785 0   332.2 0   277.748 0   277.867 0     0.0 0     0.0 0     0.0 0    -5.2 0    -5.2 0     5.2 0    87.1 0     4.6 0   194.7 0   951.8 0
 2026  15  1 15  3 17  3.283 147.18    -1.2 0     0.0 0    -0.3 0     0.0 0   327.2 0   278.039 0   277.776 0   332.1 0   277.753 0   277.871 0     0.0 0     0.0 0     0.0 0    -4.9 0    -4.9 0     5.3 0    87.0 0     4.6 0   200.2 0   951.8 0
 2026  15  1 15  3 18  3.300 147.35    -1.2 0     0.0 0    -0.2 0     0.1 0   326.9 0   278.039 0   277.777 0   332.1 0   277.759 0   277.879 0     0.0 0     0.0 0     0.0 0    -5.2 0    -5.2 0     5.3 0    87.0 0     4.2 0   191.3 0   951.8 0
 2026  15  1 15  3 19  3.317 147.52    -1.2 0     0.0 0    -0.3 0     0.1 0   326.4 0   278.040 0   277.786 0   332.0 0   277.764 0   277.881 0     0.0 0     0.0 0     0.0 0    -5.7 0    -5.7 0     5.3 0    87.0 0     4.4 0   187.3 0   951.8 0
 2026  15  1 15  3 20  3.333 147.68    -1.2 0     0.1 0    -0.3 0     0.0 0   326.0 0   278.041 0   277.782 0   331.9 0   277.765 0   277.877 0     0.0 0     0.0 0     0.0 0    -5.9 0    -5.9 0     5.2 0    87.0 0     3.9 0   190.0 0   951.7 0
 2026  15  1 15  3 21  3.350 147.85    -1.1 0     0.0 0    -0.3 0     0.1 0   326.1 0   278.041 0   277.776 0   332.1 0   277.765 0   277.884 0     0.0 0     0.0 0     0.0 0    -6.0 0    -6.0 0     5.2 0    87.3 0     5.5 0   190.2 0   951.7 0
 2026  15  1 15  3 22  3.367 148.02    -1.1 0    -0.2 0    -0.3 0     0.1 0   326.5 0   278.043 0   277.783 0   332.4 0   277.775 0   277.905 0     0.0 0     0.0 0     0.0 0    -5.9 0    -5.9 0     5.3 0    87.0 0     6.0 0   189.4 0   951.7 0
 2026  15  1 15  3 23  3.383 148.18    -1.1 0    -0.1 0    -0.4 0     0.1 0   326.3 0   278.049 0   277.781 0   332.3 0   277.789 0   277.910 0     0.0 0     0.0 0     0.0 0    -6.0 0    -6.0 0     5.3 0    86.7 0     4.7 0   205.2 0   951.7 0
 2026  15  1 15  3 24  3.400 148.35    -1.2 0     0.0 0    -0.3 0     0.1 0   326.3 0   278.053 0   277.787 0   332.2 0   277.795 0   277.911 0     0.0 0     0.0 0     0.0 0    -5.9 0    -5.9 0     5.3 0    86.8 0     4.7 0   201.6 0   951.7 0
 2026  15  1 15  3 25  3.417 148.51    -1.1 0     0.0 0    -0.4 0     0.1 0   326.4 0   278.057 0   277.789 0   332.3 0   277.801 0   277.922 0     0.0 0     0.0 0     0.0 0    -5.9 0    -5.9 0     5.3 0    86.5 0     5.3 0   193.4 0   951.7 0
 2026  15  1 15  3 26  3.433 148.67    -1.1 0    -0.1 0    -0.4 0     0.1 0   326.5 0   278.064 0   277.788 0   332.2 0   277.809 0   277.932 0     0.0 0     0.0 0     0.0 0    -5.7 0    -5.7 0     5.3 0    86.2 0     4.9 0   200.0 0   951.6 0
 2026  15  1 15  3 27  3.450 148.84    -1.1 0     0.0 0    -0.4 0     0.1 0   326.5 0   278.071 0   277.778 0   332.3 0   277.817 0   277.939 0     0.0 0     0.0 0     0.0 0    -5.8 0    -5.8 0     5.3 0    85.8 0     4.8 0   204.1 0   951.7 0
 2026  15  1 15  3 28  3.467 149.00    -1.1 0     0.0 0    -0.4 0     0.1 0   326.7 0   278.075 0   277.786 0   332.3 0   277.824 0   277.948 0     0.0 0     0.0 0     0.0 0    -5.6 0    -5.6 0     5.3 0    85.7 0     5.5 0   206.6 0   951.6 0
 2026  15  1 15  3 29  3.483 149.16    -1.2 0    -0.1 0    -0.4 0     0.0 0   326.5 0   278.083 0   277.787 0   332.3 0   277.835 0   277.958 0     0.0 0     0.0 0     0.0 0    -5.8 0    -5.8 0     5.4 0    85.4 0     4.9 0   201.3 0   951.6 0
 2026  15  1 15  3 30  3.500 149.33    -1.2 0     0.0 0    -0.4 0     0.0 0   326.4 0   278.089 0   277.788 0   332.2 0   277.842 0   277.958 0     0.0 0     0.0 0     0.0 0    -5.8 0    -5.8 0     5.4 0    85.4 0     5.0 0   203.0 0   951.6 0
 2026  15  1 15  3 31  3.517 149.49    -1.2 0     0.0 0    -0.4 0     0.0 0   326.2 0   278.093 0   277.797 0   332.2 0   277.848 0   277.966 0     0.0 0     0.0 0     0.0 0    -6.0 0    -6.0 0     5.4 0    85.5 0     4.4 0   210.4 0   951.6 0
 2026  15  1 15  3 32  3.533 149.65    -1.2 0     0.1 0    -0.3 0     0.0 0   325.9 0   278.096 0   277.796 0   332.0 0   277.849 0   277.958 0     0.0 0     0.0 0     0.0 0    -6.1 0    -6.1 0     5.3 0    85.7 0     4.3 0   195.9 0   951.6 0
 2026  15  1 15  3 33  3.550 149.81    -1.3 0     0.0 0    -0.3 0     0.0 0   325.9 0   278.099 0   277.820 0   332.1 0   277.848 0   277.962 0     0.0 0     0.0 0     0.0 0    -6.2 0    -6.2 0     5.3 0    86.1 0     3.9 0   189.5 0   951.6 0
 2026  15  1 15  3 34  3.567 149.97    -1.3 0     0.1 0    -0.3 0     0.0 0   325.9 0   278.103 0   277.816 0   331.8 0   277.846 0   277.952 0     0.0 0     0.0 0     0.0 0    -5.9 0    -5.9 0     5.3 0    86.2 0     4.0 0   193.7 0   951.6 0
 2026  15  1 15  3 35  3.583 150.13    -1.2 0     0.1 0    -0.3 0     0.0 0   326.4 0   278.102 0   277.817 0   331.9 0   277.841 0   277.950 0     0.0 0     0.0 0     0.0 0    -5.6 0    -5.6 0     5.3 0    86.5 0     5.1 0   196.1 0   951.5 0
 2026  15  1 15  3 36  3.600 150.29    -1.2 0     0.0 0    -0.3 0     0.0 0   326.8 0   278.101 0   277.822 0   332.4 0   277.842 0   277.962 0     0.0 0     0.0 0     0.0 0    -5.6 0    -5.6 0     5.3 0    86.4 0     5.2 0   202.7 0   951.4 0
 2026  15  1 15  3 37  3.617 150.45    -1.2 0     0.0 0    -0.3 0     0.1 0   326.8 0   278.103 0   277.821 0   332.3 0   277.847 0   277.963 0     0.0 0     0.0 0     0.0 0    -5.4 0    -5.4 0     5.3 0    86.1 0     4.9 0   195.9 0   951.4 0
 2026  15  1 15  3 38  3.633 150.60    -1.2 0     0.0 0    -0.4 0     0.0 0   326.9 0   278.107 0   277.835 0   332.3 0   277.852 0   277.971 0     0.0 0     0.0 0     0.0 0    -5.5 0    -5.5 0     5.4 0    86.1 0     4.1 0   202.1 0   951.4 0
 2026  15  1 15  3 39  3.650 150.76    -1.2 0     0.1 0    -0.3 0     0.0 0   326.8 0   278.111 0   277.826 0   332.0 0   277.853 0   277.962 0     0.0 0     0.0 0     0.0 0    -5.2 0    -5.2 0     5.3 0    86.0 0     3.6 0   199.5 0   951.4 0
 2026  15  1 15  3 40  3.667 150.92    -1.2 0     0.0 0    -0.3 0     0.1 0   327.0 0   278.108 0   277.826 0   332.3 0   277.853 0   277.972 0     0.0 0     0.0 0     0.0 0    -5.3 0    -5.3 0     5.3 0    86.0 0     5.2 0   202.9 0   951.4 0
 2026  15  1 15  3 41  3.683 151.07    -1.2 0     0.1 0    -0.3 0     0.1 0   326.5 0   278.106 0   277.822 0   332.2 0   277.857 0   277.969 0     0.0 0     0.0 0     0.0 0    -5.6 0    -5.6 0     5.3 0    86.0 0     3.9 0   207.8 0   951.4 0
 2026  15  1 15  3 42  3.700 151.23    -1.1 0     0.1 0    -0.2 0     0.1 0   326.3 0   278.103 0   277.823 0   332.1 0   277.856 0   277.967 0     0.0 0     0.0 0     0.0 0    -5.9 0    -5.9 0     5.3 0    86.1 0     3.9 0   221.8 0   951.4 0
 2026  15  1 15  3 43  3.717 151.38    -1.1 0     0.1 0    -0.2 0     0.1 0   326.0 0   278.099 0   277.822 0   332.1 0   277.854 0   277.967 0     0.0 0     0.0 0     0.0 0    -6.1 0    -6.1 0     5.3 0    86.2 0     3.8 0   211.3 0   951.4 0
 2026  15  1 15  3 44  3.733 151.53    -1.1 0     0.1 0    -0.2 0     0.1 0   326.2 0   278.094 0   277.821 0   332.1 0   277.853 0   277.966 0     0.0 0     0.0 0     0.0 0    -5.9 0    -5.9 0     5.3 0    86.4 0     4.8 0   203.2 0   951.4 0
 2026  15  1 15  3 45  3.750 151.69    -1.1 0     0.0 0    -0.3 0     0.1 0   326.8 0   278.094 0   277.828 0   332.5 0   277.856 0   277.982 0     0.0 0     0.0 0     0.0 0    -5.7 0    -5.7 0     5.3 0    86.0 0     6.3 0   211.5 0   951.4 0
 2026  15  1 15  3 46  3.767 151.84    -1.1 0    -0.2 0    -0.4 0     0.1 0   326.9 0   278.101 0   277.823 0   332.7 0   277.873 0   278.017 0     0.0 0     0.0 0     0.0 0    -5.8 0    -5.8 0     5.4 0    84.6 0     6.0 0   215.7 0   951.4 0
 2026  15  1 15  3 47  3.783 151.99    -1.1 0    -0.1 0    -0.4 0     0.1 0   326.5 0   278.110 0   277.826 0   332.3 0   277.887 0   278.007 0     0.0 0     0.0 0     0.0 0    -5.8 0    -5.8 0     5.5 0    84.4 0     4.2 0   207.5 0   951.3 0
 2026  15  1 15  3 48  3.800 152.14    -1.2 0     0.0 0    -0.3 0     0.1 0   326.4 0   278.117 0   277.829 0   332.2 0   277.888 0   277.999 0     0.0 0     0.0 0     0.0 0    -5.7 0    -5.7 0     5.4 0    84.9 0     4.2 0   209.0 0   951.3 0
 2026  15  1 15  3 49  3.817 152.29    -1.1 0     0.0 0    -0.3 0     0.1 0   326.2 0   278.120 0   277.836 0   332.3 0   277.890 0   278.013 0     0.0 0     0.0 0     0.0 0    -6.1 0    -6.1 0     5.4 0    84.7 0     5.2 0   215.2 0   951.3 0
 2026  15  1 15  3 50  3.833 152.44    -1.1 0     0.0 0    -0.4 0     0.1 0   325.8 0   278.125 0   277.834 0   332.2 0   277.895 0   278.013 0     0.0 0     0.0 0     0.0 0    -6.4 0    -6.4 0     5.4 0    84.6 0     4.7 0   210.6 0   951.3 0
 2026  15  1 15  3 51  3.850 152.58    -1.1 0     0.1 0    -0.3 0     0.1 0   325.7 0   278.129 0   277.831 0   332.1 0   277.896 0   278.007 0     0.0 0     0.0 0     0.0 0    -6.3 0    -6.3 0     5.4 0    84.8 0     3.9 0   212.3 0   951.3 0
 2026  15  1 15  3 52  3.867 152.73    -1.1 0     0.1 0    -0.3 0     0.1 0   325.9 0   278.131 0   277.829 0   332.0 0   277.892 0   278.001 0     0.0 0     0.0 0     0.0 0    -6.1 0    -6.1 0     5.3 0    85.1 0     4.1 0   213.0 0   951.3 0
 2026  15  1 15  3 53  3.883 152.88    -1.1 0     0.1 0    -0.3 0     0.1 0   326.3 0   278.132 0   277.829 0   332.0 0   277.889 0   277.999 0     0.0 0     0.0 0     0.0 0    -5.7 0    -5.7 0     5.3 0    85.2 0     4.3 0   212.0 0   951.3 0
 2026  15  1 15  3 54  3.900 153.02    -1.1 0     0.1 0    -0.3 0     0.0 0   326.7 0   278.134 0   277.823 0   331.9 0   277.886 0   277.996 0     0.0 0     0.0 0     0.0 0    -5.2 0    -5.2 0     5.3 0    85.1 0     3.8 0   207.2 0   951.3 0
 2026  15  1 15  3 55  3.917 153.17    -1.1 0     0.1 0    -0.3 0     0.0 0   327.2 0   278.133 0   277.815 0   331.9 0   277.883 0   277.995 0     0.0 0     0.0 0     0.0 0    -4.7 0    -4.7 0     5.3 0    85.1 0     4.2 0   216.8 0   951.3 0
 2026  15  1 15  3 56  3.933 153.31    -1.1 0     0.1 0    -0.3 0     0.0 0   327.4 0   278.130 0   277.810 0   332.0 0   277.880 0   277.994 0     0.0 0     0.0 0     0.0 0    -4.6 0    -4.6 0     5.3 0    85.2 0     4.2 0   213.3 0   951.3 0
 2026  15  1 15  3 57  3.950 153.45    -1.1 0     0.1 0    -0.3 0     0.1 0   327.1 0   278.129 0   277.807 0   332.0 0   277.879 0   277.997 0     0.0 0     0.0 0     0.0 0    -4.9 0    -4.9 0     5.3 0    84.8 0     4.0 0   213.3 0   951.3 0
 2026  15  1 15  3 58  3.967 153.60    -1.2 0     0.1 0    -0.3 0     0.1 0   327.2 0   278.127 0   277.802 0   331.9 0   277.877 0   277.988 0     0.0 0     0.0 0     0.0 0    -4.6 0    -4.6 0     5.3 0    84.8 0     4.2 0   210.8 0   951.3 0
 2026  15  1 15  3 59  3.983 153.74    -1.1 0     0.0 0    -0.3 0     0.1 0   327.4 0   278.125 0   277.787 0   332.0 0   277.877 0   277.995 0     0.0 0     0.0 0     0.0 0    -4.6 0    -4.6 0     5.3 0    84.6 0     4.5 0   221.6 0   951.3 0
 2026  15  1 15  4  0  4.000 153.88    -1.1 0     0.1 0    -0.3 0     0.1 0   328.1 0   278.122 0   277.790 0   332.1 0   277.877 0   277.995 0     0.0 0     0.0 0     0.0 0    -4.0 0    -4.0 0     5.3 0    84.5 0     3.9 0   224.0 0   951.3 0
 2026  15  1 15  4  1  4.017 154.02    -1.1 0     0.1 0    -0.3 0     0.1 0   328.0 0   278.120 0   277.772 0   332.0 0   277.877 0   277.992 0     0.0 0     0.0 0     0.0 0    -4.0 0    -4.0 0     5.3 0    84.2 0     5.9 0   226.4 0   951.3 0
 2026  15  1 15  4  2  4.033 154.16    -1.1 0     0.1 0    -0.3 0     0.1 0   328.1 0   278.117 0   277.751 0   331.9 0   277.875 0   277.987 0     0.0 0     0.0 0     0.0 0    -3.9 0    -3.9 0     5.2 0    84.2 0     5.4 0   222.7 0   951.3 0
 2026  15  1 15  4  3  4.050 154.29    -1.1 0     0.1 0    -0.3 0     0.1 0   328.8 0   278.112 0   277.741 0   332.0 0   277.874 0   277.994 0     0.0 0     0.0 0     0.0 0    -3.3 0    -3.3 0     5.2 0    83.8 0     6.2 0   227.7 0   951.3 0
 2026  15  1 15  4  4  4.067 154.43    -1.0 0     0.1 0    -0.3 0     0.1 0   329.1 0   278.106 0   277.731 0   331.8 0   277.873 0   277.979 0     0.0 0     0.0 0     0.0 0    -2.7 0    -2.7 0     5.1 0    83.7 0     5.2 0   226.8 0   951.3 0
 2026  15  1 15  4  5  4.083 154.56    -1.1 0     0.2 0    -0.3 0     0.1 0   329.2 0   278.096 0   277.713 0   331.7 0   277.865 0   277.972 0     0.0 0     0.0 0     0.0 0    -2.5 0    -2.5 0     5.1 0    84.0 0     5.4 0   233.0 0   951.3 0
 2026  15  1 15  4  6  4.100 154.70    -1.1 0     0.2 0    -0.3 0     0.1 0   329.2 0   278.082 0   277.695 0   331.6 0   277.857 0   277.961 0     0.0 0     0.0 0     0.0 0    -2.4 0    -2.4 0     5.0 0    84.3 0     5.4 0   231.5 0   951.3 0
 2026  15  1 15  4  7  4.117 154.83    -1.0 0     0.2 0    -0.3 0     0.1 0   329.4 0   278.066 0   277.676 0   331.6 0   277.846 0   277.951 0     0.0 0     0.0 0     0.0 0    -2.3 0    -2.3 0     5.0 0    84.4 0     5.3 0   226.4 0   951.3 0
 2026  15  1 15  4  8  4.133 154.96    -0.9 0     0.2 0    -0.3 0     0.1 0   329.6 0   278.049 0   277.659 0   331.5 0   277.836 0   277.938 0     0.0 0     0.0 0     0.0 0    -1.9 0    -1.9 0     4.9 0    84.4 0     6.6 0   228.3 0   951.3 0
 2026  15  1 15  4  9  4.150 155.09    -0.9 0     0.1 0    -0.3 0     0.1 0   329.6 0   278.034 0   277.641 0   331.8 0   277.830 0   277.946 0     0.0 0     0.0 0     0.0 0    -2.2 0    -2.2 0     5.0 0    83.7 0     8.3 0   234.6 0   951.3 0
 2026  15  1 15  4 10  4.167 155.22    -0.9 0     0.1 0    -0.3 0     0.1 0   329.9 0   278.018 0   277.616 0   331.7 0   277.829 0   277.937 0     0.0 0     0.0 0     0.0 0    -1.8 0    -1.8 0     4.9 0    83.6 0     6.8 0   240.3 0   951.3 0
 2026  15  1 15  4 11  4.183 155.35    -0.9 0     0.1 0    -0.4 0     0.1 0   329.5 0   278.003 0   277.630 0   331.7 0   277.826 0   277.935 0     0.0 0     0.0 0     0.0 0    -2.2 0    -2.2 0     4.9 0    83.9 0     6.5 0   240.9 0   951.3 0
 2026  15  1 15  4 12  4.200 155.48    -1.0 0     0.2 0    -0.3 0     0.0 0   329.7 0   277.988 0   277.604 0   331.5 0   277.818 0   277.915 0     0.0 0     0.0 0     0.0 0    -1.8 0    -1.8 0     4.9 0    84.4 0     5.2 0   242.0 0   951.3 0
 2026  15  1 15  4 13  4.217 155.61    -1.0 0     0.3 0    -0.3 0     0.0 0   330.3 0   277.972 0   277.590 0   331.4 0   277.802 0   277.895 0     0.0 0     0.0 0     0.0 0    -1.1 0    -1.1 0     4.8 0    85.1 0     5.3 0   242.1 0   951.3 0
 2026  15  1 15  4 14  4.233 155.73    -1.1 0     0.3 0    -0.2 0     0.0 0   330.5 0   277.957 0   277.579 0   331.5 0   277.786 0   277.884 0     0.0 0     0.0 0     0.0 0    -1.0 0    -1.0 0     4.8 0    85.6 0     6.0 0   247.2 0   951.3 0
 2026  15  1 15  4 15  4.250 155.86    -1.2 0     0.3 0    -0.2 0     0.0 0   330.3 0   277.940 0   277.562 0   331.4 0   277.772 0   277.869 0     0.0 0     0.0 0     0.0 0    -1.1 0    -1.1 0     4.8 0    85.9 0     5.0 0   244.4 0   951.3 0
 2026  15  1 15  4 16  4.267 155.98    -1.2 0     0.3 0    -0.1 0     0.0 0   330.1 0   277.922 0   277.556 0   331.3 0   277.755 0   277.849 0     0.0 0     0.0 0     0.0 0    -1.2 0    -1.2 0     4.7 0    86.3 0     4.9 0   241.8 0   951.3 0
 2026  15  1 15  4 17  4.283 156.10    -1.1 0     0.4 0    -0.1 0     0.0 0   330.1 0   277.902 0   277.538 0   331.2 0   277.735 0   277.824 0     0.0 0     0.0 0     0.0 0    -1.1 0    -1.1 0     4.7 0    86.6 0     5.5 0   245.9 0   951.3 0
 2026  15  1 15  4 18  4.300 156.22    -1.0 0     0.4 0    -0.1 0     0.1 0   329.7 0   277.881 0   277.528 0   331.3 0   277.713 0   277.803 0     0.0 0     0.0 0     0.0 0    -1.5 0    -1.5 0     4.6 0    87.1 0     7.8 0   247.9 0   951.3 0
 2026  15  1 15  4 19  4.317 156.34    -1.1 0     0.4 0    -0.1 0     0.1 0   329.0 0   277.862 0   277.498 0   331.0 0   277.688 0   277.771 0     0.0 0     0.0 0     0.0 0    -2.1 0    -2.1 0     4.6 0    87.4 0     6.6 0   253.9 0   951.4 0
 2026  15  1 15  4 20  4.333 156.46    -1.0 0     0.5 0     0.0 0     0.1 0   328.9 0   277.840 0   277.475 0   330.9 0   277.657 0   277.737 0     0.0 0     0.0 0     0.0 0    -2.0 0    -2.0 0     4.5 0    87.6 0     7.1 0   248.0 0   951.4 0
 2026  15  1 15  4 21  4.350 156.58    -1.0 0     0.5 0     0.1 0     0.1 0   329.1 0   277.814 0   277.451 0   330.7 0   277.626 0   277.705 0     0.0 0     0.0 0     0.0 0    -1.6 0    -1.6 0     4.5 0    88.0 0     5.9 0   247.8 0   951.4 0
 2026  15  1 15  4 22  4.367 156.69    -0.9 0     0.6 0     0.1 0     0.1 0   329.0 0   277.785 0   277.398 0   330.5 0   277.592 0   277.664 0     0.0 0     0.0 0     0.0 0    -1.5 0    -1.5 0     4.4 0    88.2 0     6.2 0   248.2 0   951.4 0
 2026  15  1 15  4 23  4.383 156.80    -0.8 0     0.6 0     0.2 0     0.1 0   327.8 0   277.752 0   277.369 0   330.3 0   277.554 0   277.631 0     0.0 0     0.0 0     0.0 0    -2.5 0    -2.5 0     4.3 0    88.5 0     6.8 0   246.3 0   951.4 0
 2026  15  1 15  4 24  4.400 156.92    -0.8 0     0.6 0     0.2 0     0.1 0   327.9 0   277.719 0   277.354 0   330.2 0   277.516 0   277.591 0     0.0 0     0.0 0     0.0 0    -2.3 0    -2.3 0     4.3 0    88.7 0     6.7 0   254.8 0   951.4 0
 2026  15  1 15  4 25  4.417 157.03    -0.8 0     0.6 0     0.2 0     0.1 0   328.3 0   277.685 0   277.306 0   330.0 0   277.478 0   277.549 0     0.0 0     0.0 0     0.0 0    -1.7 0    -1.7 0     4.2 0    88.7 0     7.3 0   254.8 0   951.4 0
 2026  15  1 15  4 26  4.433 157.14    -0.6 0     0.6 0     0.3 0     0.1 0   328.3 0   277.648 0   277.254 0   329.9 0   277.438 0   277.516 0     0.0 0     0.0 0     0.0 0    -1.6 0    -1.6 0     4.2 0    88.6 0     7.9 0   253.9 0   951.5 0
 2026  15  1 15  4 27  4.450 157.25    -0.6 0     0.6 0     0.3 0     0.1 0   327.8 0   277.609 0   277.172 0   329.4 0   277.399 0   277.468 0     0.0 0     0.0 0     0.0 0    -1.6 0    -1.6 0     4.1 0    88.2 0     7.8 0   264.7 0   951.5 0
 2026  15  1 15  4 28  4.467 157.35    -0.4 0     0.8 0     0.5 0     0.1 0   327.3 0   277.561 0   277.087 0   328.9 0   277.350 0   277.410 0     0.0 0     0.0 0     0.0 0    -1.6 0    -1.6 0     4.0 0    87.9 0     8.7 0   251.9 0   951.5 0
 2026  15  1 15  4 29  4.483 157.46    -0.2 0     0.8 0     0.6 0     0.1 0   325.5 0   277.507 0   277.015 0   328.7 0   277.298 0   277.364 0     0.0 0     0.0 0     0.0 0    -3.2 0    -3.2 0     4.0 0    87.5 0     8.9 0   258.0 0   951.6 0
 2026  15  1 15  4 30  4.500 157.56    -0.3 0     0.7 0     0.6 0     0.1 0   323.9 0   277.455 0   276.993 0   328.5 0   277.251 0   277.320 0     0.0 0     0.0 0     0.0 0    -4.5 0    -4.5 0     3.9 0    87.6 0     6.7 0   266.3 0   951.6 0
 2026  15  1 15  4 31  4.517 157.66    -0.5 0     0.6 0     0.4 0     0.1 0   323.0 0   277.413 0   276.993 0   328.3 0   277.209 0   277.280 0     0.0 0     0.0 0     0.0 0    -5.3 0    -5.3 0     3.9 0    87.8 0     5.9 0   260.8 0   951.6 0
 2026  15  1 15  4 32  4.533 157.76    -0.5 0     0.6 0     0.4 0     0.1 0   322.4 0   277.375 0   276.972 0   328.1 0   277.170 0   277.242 0     0.0 0     0.0 0     0.0 0    -5.7 0    -5.7 0     3.9 0    87.8 0     5.3 0   273.7 0   951.7 0
 2026  15  1 15  4 33  4.550 157.86    -0.5 0     0.5 0     0.3 0     0.1 0   322.1 0   277.337 0   276.941 0   328.1 0   277.132 0   277.213 0     0.0 0     0.0 0     0.0 0    -6.0 0    -6.0 0     3.8 0    87.6 0     7.3 0   267.5 0   951.7 0
 2026  15  1 15  4 34  4.567 157.96    -0.5 0     0.4 0     0.1 0     0.1 0   321.6 0   277.301 0   276.918 0   328.0 0   277.099 0   277.185 0     0.0 0     0.0 0     0.0 0    -6.3 0    -6.3 0     3.9 0    87.2 0     6.9 0   270.4 0   951.7 0
 2026  15  1 15  4 35  4.583 158.06    -0.6 0     0.5 0     0.1 0     0.1 0   320.8 0   277.270 0   276.901 0   327.6 0   277.069 0   277.151 0     0.0 0     0.0 0     0.0 0    -6.8 0    -6.8 0     3.8 0    86.9 0     5.2 0   265.1 0   951.7 0
 2026  15  1 15  4 36  4.600 158.15    -0.6 0     0.5 0     0.1 0     0.0 0   320.5 0   277.242 0   276.874 0   327.5 0   277.036 0   277.119 0     0.0 0     0.0 0     0.0 0    -7.0 0    -7.0 0     3.8 0    86.8 0     5.0 0   268.2 0   951.8 0
 2026  15  1 15  4 37  4.617 158.24    -0.6 0     0.5 0     0.1 0     0.0 0   320.6 0   277.212 0   276.849 0   327.2 0   277.005 0   277.090 0     0.0 0     0.0 0     0.0 0    -6.6 0    -6.6 0     3.7 0    86.6 0     4.6 0   264.5 0   951.8 0
 2026  15  1 15  4 38  4.633 158.34    -0.6 0     0.5 0     0.1 0     0.0 0   320.3 0   277.180 0   276.810 0   326.9 0   276.974 0   277.055 0     0.0 0     0.0 0     0.0 0    -6.7 0    -6.7 0     3.7 0    86.5 0     5.0 0   254.6 0   951.8 0
 2026  15  1 15  4 39  4.650 158.42    -0.5 0     0.5 0     0.2 0     0.0 0   320.5 0   277.146 0   276.767 0   326.7 0   276.940 0   277.021 0     0.0 0     0.0 0     0.0 0    -6.2 0    -6.2 0     3.6 0    86.4 0     4.6 0   251.4 0   951.8 0
 2026  15  1 15  4 40  4.667 158.51    -0.4 0     0.4 0     0.2 0     0.0 0   320.1 0   277.107 0   276.739 0   326.6 0   276.906 0   276.989 0     0.0 0     0.0 0     0.0 0    -6.5 0    -6.5 0     3.6 0    86.4 0     5.1 0   254.4 0   951.8 0
 2026  15  1 15  4 41  4.683 158.60    -0.3 0     0.4 0     0.2 0     0.0 0   318.5 0   277.070 0   276.697 0   326.3 0   276.874 0   276.955 0     0.0 0     0.0 0     0.0 0    -7.8 0    -7.8 0     3.6 0    85.9 0     5.4 0   247.8 0   951.9 0
 2026  15  1 15  4 42  4.700 158.68    -0.2 0     0.5 0     0.2 0     0.0 0   317.0 0   277.028 0   276.627 0   325.9 0   276.838 0   276.912 0     0.0 0     0.0 0     0.0 0    -8.8 0    -8.8 0     3.5 0    85.3 0     5.7 0   241.9 0   951.9 0
 2026  15  1 15  4 43  4.717 158.77     0.0 0     0.6 0     0.2 0     0.0 0   316.9 0   276.980 0   276.560 0   325.5 0   276.798 0   276.873 0     0.0 0     0.0 0     0.0 0    -8.6 0    -8.6 0     3.4 0    84.7 0     6.0 0   243.8 0   951.9 0
 2026  15  1 15  4 44  4.733 158.85     0.1 0     0.6 0     0.3 0     0.0 0   317.2 0   276.929 0   276.495 0   325.2 0   276.756 0   276.831 0     0.0 0     0.0 0     0.0 0    -8.0 0    -8.0 0     3.3 0    84.3 0     6.5 0   246.9 0   951.9 0
 2026  15  1 15  4 45  4.750 158.92     0.1 0     0.6 0     0.3 0     0.0 0   318.0 0   276.877 0   276.456 0   324.9 0   276.713 0   276.789 0     0.0 0     0.0 0     0.0 0    -6.9 0    -6.9 0     3.3 0    84.0 0     5.7 0   251.0 0   951.9 0
 2026  15  1 15  4 46  4.767 159.00     0.1 0     0.6 0     0.3 0     0.0 0   318.6 0   276.828 0   276.429 0   324.9 0   276.670 0   276.746 0     0.0 0     0.0 0     0.0 0    -6.2 0    -6.2 0     3.2 0    83.9 0     5.9 0   256.7 0   951.9 0
 2026  15  1 15  4 47  4.783 159.08     0.1 0     0.5 0     0.3 0     0.0 0   318.3 0   276.785 0   276.388 0   324.7 0   276.630 0   276.710 0     0.0 0     0.0 0     0.0 0    -6.4 0    -6.4 0     3.2 0    84.0 0     5.3 0   251.1 0   951.9 0
 2026  15  1 15  4 48  4.800 159.15     0.1 0     0.5 0     0.3 0     0.0 0   318.4 0   276.741 0   276.351 0   324.5 0   276.589 0   276.667 0     0.0 0     0.0 0     0.0 0    -6.1 0    -6.1 0     3.2 0    83.3 0     7.6 0   262.6 0   951.9 0
 2026  15  1 15  4 49  4.817 159.22     0.2 0     0.6 0     0.3 0     0.0 0   318.4 0   276.697 0   276.310 0   324.4 0   276.547 0   276.622 0     0.0 0     0.0 0     0.0 0    -6.0 0    -6.0 0     3.2 0    82.7 0     8.4 0   263.4 0   951.9 0
 2026  15  1 15  4 50  4.833 159.29     0.1 0     0.6 0     0.2 0     0.0 0   318.3 0   276.658 0   276.284 0   324.3 0   276.505 0   276.585 0     0.0 0     0.0 0     0.0 0    -6.0 0    -6.0 0     3.2 0    82.3 0     8.1 0   257.6 0   951.8 0
 2026  15  1 15  4 51  4.850 159.36     0.0 0     0.5 0     0.1 0     0.0 0   317.9 0   276.626 0   276.262 0   324.1 0   276.469 0   276.549 0     0.0 0     0.0 0     0.0 0    -6.2 0    -6.2 0     3.1 0    82.3 0     6.4 0   260.8 0   951.8 0
 2026  15  1 15  4 52  4.867 159.42    -0.1 0     0.6 0     0.1 0     0.0 0   316.6 0   276.595 0   276.239 0   323.8 0   276.430 0   276.506 0     0.0 0     0.0 0     0.0 0    -7.2 0    -7.2 0     3.1 0    82.9 0     5.1 0   257.5 0   951.8 0
 2026  15  1 15  4 53  4.883 159.49     0.0 0     0.5 0     0.1 0     0.0 0   315.7 0   276.565 0   276.212 0   323.8 0   276.391 0   276.473 0     0.0 0     0.0 0     0.0 0    -8.1 0    -8.1 0     3.0 0    83.2 0     6.6 0   261.1 0   951.8 0
 2026  15  1 15  4 54  4.900 159.55    -0.1 0     0.5 0     0.1 0     0.0 0   315.6 0   276.535 0   276.191 0   323.6 0   276.355 0   276.436 0     0.0 0     0.0 0     0.0 0    -8.0 0    -8.0 0     3.0 0    83.3 0     5.7 0   263.7 0   951.8 0
 2026  15  1 15  4 55  4.917 159.61    -0.1 0     0.5 0     0.1 0     0.0 0   314.9 0   276.506 0   276.167 0   323.6 0   276.319 0   276.402 0     0.0 0     0.0 0     0.0 0    -8.8 0    -8.8 0     3.0 0    83.6 0     5.8 0   260.6 0   951.7 0
 2026  15  1 15  4 56  4.933 159.66    -0.2 0     0.4 0     0.1 0     0.0 0   314.5 0   276.477 0   276.148 0   323.7 0   276.287 0   276.376 0     0.0 0     0.0 0     0.0 0    -9.2 0    -9.2 0     3.0 0    83.6 0     7.7 0   264.5 0   951.7 0
 2026  15  1 15  4 57  4.950 159.72    -0.2 0     0.3 0     0.0 0     0.0 0   314.5 0   276.450 0   276.146 0   323.7 0   276.261 0   276.357 0     0.0 0     0.0 0     0.0 0    -9.2 0    -9.2 0     3.1 0    83.0 0     6.9 0   262.2 0   951.7 0
 2026  15  1 15  4 58  4.967 159.77    -0.2 0     0.3 0     0.0 0     0.0 0   314.0 0   276.429 0   276.128 0   323.6 0   276.238 0   276.332 0     0.0 0     0.0 0     0.0 0    -9.6 0    -9.6 0     3.1 0    83.0 0     6.4 0   261.0 0   951.7 0
 2026  15  1 15  4 59  4.983 159.82    -0.3 0     0.4 0     0.0 0     0.0 0   313.7 0   276.410 0   276.115 0   323.4 0   276.214 0   276.306 0     0.0 0     0.0 0     0.0 0    -9.7 0    -9.7 0     3.0 0    83.4 0     5.9 0   256.8 0   951.8 0
 2026  15  1 15  5  0  5.000 159.87    -0.3 0     0.4 0     0.0 0     0.0 0   313.4 0   276.392 0   276.099 0   323.4 0   276.190 0   276.285 0     0.0 0     0.0 0     0.0 0   -10.0 0   -10.0 0     3.0 0    83.7 0     6.3 0   258.4 0   951.8 0
 2026  15  1 15  5  1  5.017 159.92    -0.3 0     0.3 0     0.0 0     0.0 0   313.2 0   276.375 0   276.105 0   323.7 0   276.169 0   276.274 0     0.0 0     0.0 0     0.0 0   -10.5 0   -10.5 0     3.1 0    83.4 0     7.8 0   256.0 0   951.8 0
 2026  15  1 15  5  2  5.033 159.97    -0.3 0     0.2 0    -0.1 0     0.0 0   313.3 0   276.363 0   276.102 0   323.6 0   276.156 0   276.261 0     0.0 0     0.0 0     0.0 0   -10.3 0   -10.3 0     3.1 0    83.0 0     7.2 0   261.1 0   951.9 0
 2026  15  1 15  5  3  5.050 160.01    -0.4 0     0.2 0    -0.1 0     0.0 0   313.2 0   276.354 0   276.094 0   323.4 0   276.142 0   276.244 0     0.0 0     0.0 0     0.0 0   -10.3 0   -10.3 0     3.1 0    83.1 0     5.3 0   269.5 0   951.9 0
 2026  15  1 15  5  4  5.067 160.05    -0.4 0     0.3 0     0.0 0     0.0 0   313.8 0   276.346 0   276.091 0   323.4 0   276.126 0   276.224 0     0.0 0     0.0 0     0.0 0    -9.6 0    -9.6 0     3.1 0    83.7 0     6.5 0   264.9 0   951.9 0
 2026  15  1 15  5  5  5.083 160.09    -0.5 0     0.3 0     0.0 0     0.0 0   313.9 0   276.337 0   276.080 0   323.5 0   276.110 0   276.212 0     0.0 0     0.0 0     0.0 0    -9.6 0    -9.6 0     3.1 0    83.8 0     5.7 0   262.8 0   951.9 0
 2026  15  1 15  5  6  5.100 160.12    -0.5 0     0.3 0     0.0 0     0.0 0   313.5 0   276.326 0   276.069 0   323.3 0   276.094 0   276.193 0     0.0 0     0.0 0     0.0 0    -9.8 0    -9.8 0     3.0 0    84.2 0     4.8 0   253.3 0   951.9 0
 2026  15  1 15  5  7  5.117 160.16    -0.5 0     0.3 0     0.1 0     0.0 0   313.0 0   276.314 0   276.057 0   323.2 0   276.076 0   276.174 0     0.0 0     0.0 0     0.0 0   -10.1 0   -10.1 0     3.0 0    84.5 0     4.7 0   258.1 0   951.9 0
 2026  15  1 15  5  8  5.133 160.19    -0.5 0     0.2 0     0.1 0     0.0 0   312.7 0   276.300 0   276.042 0   323.2 0   276.058 0   276.158 0     0.0 0     0.0 0     0.0 0   -10.4 0   -10.4 0     3.0 0    84.8 0     4.6 0   253.0 0   951.8 0
 2026  15  1 15  5  9  5.150 160.22    -0.4 0     0.2 0     0.1 0     0.0 0   312.6 0   276.284 0   276.029 0   323.1 0   276.042 0   276.145 0     0.0 0     0.0 0     0.0 0   -10.5 0   -10.5 0     3.0 0    84.9 0     4.8 0   257.3 0   951.8 0
 2026  15  1 15  5 10  5.167 160.25    -0.4 0     0.2 0     0.0 0     0.0 0   312.5 0   276.269 0   276.039 0   323.3 0   276.027 0   276.133 0     0.0 0     0.0 0     0.0 0   -10.8 0   -10.8 0     3.0 0    84.8 0     6.0 0   255.4 0   951.8 0
 2026  15  1 15  5 11  5.183 160.27    -0.4 0     0.1 0    -0.1 0     0.0 0   312.1 0   276.259 0   276.035 0   323.3 0   276.017 0   276.127 0     0.0 0     0.0 0     0.0 0   -11.2 0   -11.2 0     3.0 0    84.5 0     5.4 0   252.6 0   951.7 0
 2026  15  1 15  5 12  5.200 160.29    -0.4 0     0.2 0    -0.1 0     0.0 0   311.6 0   276.252 0   276.019 0   323.0 0   276.006 0   276.109 0     0.0 0     0.0 0     0.0 0   -11.4 0   -11.4 0     3.0 0    84.4 0     4.3 0   255.5 0   951.7 0
 2026  15  1 15  5 13  5.217 160.31    -0.4 0     0.2 0     0.0 0     0.0 0   311.2 0   276.244 0   276.010 0   322.9 0   275.991 0   276.093 0     0.0 0     0.0 0     0.0 0   -11.7 0   -11.7 0     3.0 0    84.6 0     5.1 0   252.9 0   951.7 0
 2026  15  1 15  5 14  5.233 160.33    -0.4 0     0.2 0     0.0 0     0.0 0   310.4 0   276.236 0   275.994 0   323.0 0   275.978 0   276.087 0     0.0 0     0.0 0     0.0 0   -12.5 0   -12.5 0     3.0 0    84.3 0     5.3 0   248.4 0   951.7 0
 2026  15  1 15  5 15  5.250 160.35    -0.4 0     0.2 0     0.0 0     0.0 0   309.5 0   276.226 0   275.984 0   322.8 0   275.968 0   276.073 0     0.0 0     0.0 0     0.0 0   -13.3 0   -13.3 0     3.0 0    84.2 0     4.9 0   252.5 0   951.7 0
 2026  15  1 15  5 16  5.267 160.36    -0.3 0     0.2 0     0.0 0     0.0 0   308.7 0   276.216 0   275.978 0   322.8 0   275.956 0   276.064 0     0.0 0     0.0 0     0.0 0   -14.1 0   -14.1 0     3.0 0    84.0 0     5.9 0   252.1 0   951.7 0
 2026  15  1 15  5 17  5.283 160.37    -0.3 0     0.2 0     0.0 0     0.0 0   308.0 0   276.206 0   275.953 0   322.6 0   275.945 0   276.041 0     0.0 0     0.0 0     0.0 0   -14.6 0   -14.6 0     3.0 0    83.9 0     4.8 0   251.4 0   951.7 0
 2026  15  1 15  5 18  5.300 160.38    -0.3 0     0.2 0     0.0 0     0.0 0   307.6 0   276.193 0   275.933 0   322.4 0   275.929 0   276.018 0     0.0 0     0.0 0     0.0 0   -14.9 0   -14.9 0     3.0 0    84.2 0     5.4 0   254.7 0   951.7 0
 2026  15  1 15  5 19  5.317 160.39    -0.3 0     0.2 0     0.1 0     0.0 0   307.1 0   276.178 0   275.922 0   322.5 0   275.912 0   276.003 0     0.0 0     0.0 0     0.0 0   -15.4 0   -15.4 0     3.0 0    84.3 0     5.8 0   258.9 0   951.7 0
 2026  15  1 15  5 20  5.333 160.39    -0.3 0     0.2 0     0.1 0     0.0 0   306.7 0   276.162 0   275.894 0   322.3 0   275.897 0   275.988 0     0.0 0     0.0 0     0.0 0   -15.6 0   -15.6 0     3.0 0    84.2 0     4.4 0   258.9 0   951.7 0
 2026  15  1 15  5 21  5.350 160.40    -0.3 0     0.2 0     0.1 0     0.0 0   306.3 0   276.143 0   275.879 0   322.3 0   275.881 0   275.973 0     0.0 0     0.0 0     0.0 0   -16.0 0   -16.0 0     3.0 0    84.3 0     5.4 0   251.9 0   951.7 0
 2026  15  1 15  5 22  5.367 160.40    -0.3 0     0.2 0     0.1 0     0.0 0   305.9 0   276.125 0   275.878 0   322.4 0   275.868 0   275.967 0     0.0 0     0.0 0     0.0 0   -16.5 0   -16.5 0     3.0 0    84.1 0     6.1 0   252.7 0   951.6 0
 2026  15  1 15  5 23  5.383 160.39    -0.3 0     0.1 0     0.0 0     0.0 0   305.3 0   276.112 0   275.868 0   322.2 0   275.858 0   275.954 0     0.0 0     0.0 0     0.0 0   -16.9 0   -16.9 0     3.1 0    83.8 0     5.2 0   255.0 0   951.6 0
 2026  15  1 15  5 24  5.400 160.39    -0.3 0     0.2 0     0.0 0     0.0 0   304.7 0   276.099 0   275.852 0   322.1 0   275.847 0   275.942 0     0.0 0     0.0 0     0.0 0   -17.5 0   -17.5 0     3.1 0    83.8 0     5.2 0   252.9 0   951.6 0
 2026  15  1 15  5 25  5.417 160.38    -0.3 0     0.2 0     0.0 0     0.0 0   304.5 0   276.088 0   275.861 0   322.2 0   275.836 0   275.934 0     0.0 0     0.0 0     0.0 0   -17.7 0   -17.7 0     3.1 0    83.7 0     5.6 0   257.1 0   951.6 0
 2026  15  1 15  5 26  5.433 160.37    -0.3 0     0.2 0     0.0 0     0.0 0   305.1 0   276.080 0   275.843 0   321.9 0   275.824 0   275.915 0     0.0 0     0.0 0     0.0 0   -16.9 0   -16.9 0     3.1 0    83.9 0     4.8 0   256.0 0   951.6 0
 2026  15  1 15  5 27  5.450 160.36    -0.4 0     0.2 0    -0.1 0     0.0 0   307.4 0   276.072 0   275.846 0   322.0 0   275.808 0   275.900 0     0.0 0     0.0 0     0.0 0   -14.7 0   -14.7 0     3.0 0    84.2 0     5.8 0   250.3 0   951.6 0
 2026  15  1 15  5 28  5.467 160.35    -0.4 0     0.2 0     0.0 0     0.0 0   311.5 0   276.065 0   275.838 0   322.2 0   275.793 0   275.887 0     0.0 0     0.0 0     0.0 0   -10.7 0   -10.7 0     3.0 0    84.4 0     5.5 0   252.8 0   951.6 0
 2026  15  1 15  5 29  5.483 160.33    -0.4 0     0.1 0     0.0 0     0.0 0   311.8 0   276.058 0   275.821 0   322.6 0   275.782 0   275.885 0     0.0 0     0.0 0     0.0 0   -10.8 0   -10.8 0     3.0 0    84.3 0     7.6 0   253.5 0   951.6 0
 2026  15  1 15  5 30  5.500 160.31    -0.5 0     0.0 0     0.0 0     0.0 0   312.8 0   276.050 0   275.820 0   322.9 0   275.779 0   275.890 0     0.0 0     0.0 0     0.0 0   -10.0 0   -10.0 0     3.1 0    83.7 0     7.9 0   257.0 0   951.6 0
 2026  15  1 15  5 31  5.517 160.29    -0.6 0     0.1 0    -0.1 0     0.1 0   313.0 0   276.047 0   275.814 0   322.9 0   275.781 0   275.889 0     0.0 0     0.0 0     0.0 0   -10.0 0   -10.0 0     3.1 0    83.5 0     8.4 0   258.8 0   951.6 0
 2026  15  1 15  5 32  5.533 160.27    -0.7 0     0.1 0    -0.1 0     0.1 0   311.9 0   276.049 0   275.814 0   322.8 0   275.783 0   275.885 0     0.0 0     0.0 0     0.0 0   -10.9 0   -10.9 0     3.1 0    83.4 0     6.5 0   258.4 0   951.6 0
 2026  15  1 15  5 33  5.550 160.24    -0.7 0     0.2 0     0.0 0     0.1 0   311.5 0   276.052 0   275.812 0   322.7 0   275.779 0   275.877 0     0.0 0     0.0 0     0.0 0   -11.2 0   -11.2 0     3.0 0    83.7 0     6.7 0   251.2 0   951.6 0
 2026  15  1 15  5 34  5.567 160.22    -0.7 0     0.2 0     0.1 0     0.1 0   309.8 0   276.054 0   275.808 0   322.7 0   275.773 0   275.874 0     0.0 0     0.0 0     0.0 0   -12.9 0   -12.9 0     3.0 0    83.8 0     7.4 0   249.3 0   951.6 0
 2026  15  1 15  5 35  5.583 160.19    -0.7 0     0.2 0     0.1 0     0.1 0   310.7 0   276.053 0   275.807 0   322.5 0   275.767 0   275.867 0     0.0 0     0.0 0     0.0 0   -11.9 0   -11.9 0     3.0 0    83.8 0     6.4 0   252.0 0   951.6 0
 2026  15  1 15  5 36  5.600 160.16    -0.7 0     0.3 0     0.2 0     0.1 0   310.4 0   276.047 0   275.798 0   322.4 0   275.757 0   275.851 0     0.0 0     0.0 0     0.0 0   -12.0 0   -12.0 0     3.0 0    84.1 0     6.6 0   250.9 0   951.6 0
 2026  15  1 15  5 37  5.617 160.12    -0.6 0     0.2 0     0.1 0     0.1 0   309.2 0   276.039 0   275.798 0   322.5 0   275.745 0   275.843 0     0.0 0     0.0 0     0.0 0   -13.3 0   -13.3 0     3.0 0    84.2 0     6.5 0   252.5 0   951.6 0
 2026  15  1 15  5 38  5.633 160.09    -0.6 0     0.2 0     0.1 0     0.1 0   310.0 0   276.030 0   275.794 0   322.4 0   275.734 0   275.832 0     0.0 0     0.0 0     0.0 0   -12.4 0   -12.4 0     3.0 0    84.1 0     6.6 0   249.9 0   951.6 0
 2026  15  1 15  5 39  5.650 160.05    -0.6 0     0.2 0     0.1 0     0.1 0   310.6 0   276.023 0   275.799 0   322.3 0   275.724 0   275.821 0     0.0 0     0.0 0     0.0 0   -11.7 0   -11.7 0     3.0 0    84.1 0     6.4 0   249.5 0   951.6 0
 2026  15  1 15  5 40  5.667 160.01    -0.5 0     0.2 0     0.1 0     0.0 0   310.0 0   276.016 0   275.793 0   322.3 0   275.713 0   275.812 0     0.0 0     0.0 0     0.0 0   -12.3 0   -12.3 0     3.0 0    84.0 0     6.1 0   250.1 0   951.6 0
 2026  15  1 15  5 41  5.683 159.96    -0.5 0     0.2 0     0.1 0     0.0 0   308.4 0   276.009 0   275.785 0   322.3 0   275.704 0   275.806 0     0.0 0     0.0 0     0.0 0   -13.9 0   -13.9 0     3.0 0    83.8 0     6.8 0   252.7 0   951.6 0
 2026  15  1 15  5 42  5.700 159.92    -0.4 0     0.1 0     0.0 0     0.0 0   303.6 0   276.002 0   275.783 0   322.2 0   275.700 0   275.808 0     0.0 0     0.0 0     0.0 0   -18.6 0   -18.6 0     3.0 0    83.3 0     7.7 0   250.5 0   951.6 0
 2026  15  1 15  5 43  5.717 159.87    -0.4 0     0.1 0     0.0 0     0.0 0   300.6 0   275.997 0   275.769 0   321.8 0   275.697 0   275.799 0     0.0 0     0.0 0     0.0 0   -21.2 0   -21.2 0     3.0 0    83.0 0     6.3 0   253.3 0   951.6 0
 2026  15  1 15  5 44  5.733 159.82    -0.4 0     0.1 0     0.1 0     0.0 0   300.1 0   275.992 0   275.748 0   321.8 0   275.693 0   275.799 0     0.0 0     0.0 0     0.0 0   -21.6 0   -21.6 0     3.0 0    82.8 0     7.1 0   254.4 0   951.6 0
 2026  15  1 15  5 45  5.750 159.77    -0.5 0     0.1 0     0.0 0     0.0 0   299.2 0   275.987 0   275.767 0   321.9 0   275.692 0   275.803 0     0.0 0     0.0 0     0.0 0   -22.7 0   -22.7 0     3.1 0    82.2 0     8.4 0   253.4 0   951.6 0
 2026  15  1 15  5 46  5.767 159.72    -0.5 0     0.0 0     0.0 0     0.0 0   297.6 0   275.985 0   275.760 0   321.7 0   275.698 0   275.809 0     0.0 0     0.0 0     0.0 0   -24.2 0   -24.2 0     3.1 0    81.5 0     7.7 0   250.0 0   951.6 0
 2026  15  1 15  5 47  5.783 159.66    -0.5 0     0.0 0     0.1 0     0.0 0   296.6 0   275.982 0   275.749 0   321.6 0   275.703 0   275.814 0     0.0 0     0.0 0     0.0 0   -25.0 0   -25.0 0     3.1 0    80.8 0     8.0 0   253.9 0   951.6 0
 2026  15  1 15  5 48  5.800 159.60    -0.6 0     0.0 0     0.1 0     0.0 0   296.1 0   275.978 0   275.742 0   321.4 0   275.708 0   275.816 0     0.0 0     0.0 0     0.0 0   -25.3 0   -25.3 0     3.2 0    80.2 0     7.9 0   254.8 0   951.6 0
 2026  15  1 15  5 49  5.817 159.54    -0.7 0     0.1 0     0.1 0     0.0 0   296.1 0   275.974 0   275.725 0   321.1 0   275.708 0   275.807 0     0.0 0     0.0 0     0.0 0   -24.9 0   -24.9 0     3.1 0    80.5 0     6.6 0   255.5 0   951.6 0
 2026  15  1 15  5 50  5.833 159.48    -0.8 0     0.1 0     0.1 0     0.0 0   297.6 0   275.967 0   275.726 0   321.2 0   275.704 0   275.808 0     0.0 0     0.0 0     0.0 0   -23.6 0   -23.6 0     3.1 0    80.3 0     8.7 0   258.7 0   951.6 0
 2026  15  1 15  5 51  5.850 159.42    -0.9 0     0.0 0     0.1 0     0.0 0   299.4 0   275.963 0   275.733 0   321.3 0   275.708 0   275.821 0     0.0 0     0.0 0     0.0 0   -22.0 0   -22.0 0     3.1 0    79.5 0     7.4 0   257.8 0   951.6 0
 2026  15  1 15  5 52  5.867 159.35    -0.9 0     0.0 0     0.1 0     0.0 0   300.1 0   275.958 0   275.715 0   321.3 0   275.714 0   275.822 0     0.0 0     0.0 0     0.0 0   -21.2 0   -21.2 0     3.1 0    78.9 0     7.9 0   251.9 0   951.6 0
 2026  15  1 15  5 53  5.883 159.29    -0.9 0     0.0 0     0.0 0     0.0 0   300.1 0   275.952 0   275.727 0   321.3 0   275.719 0   275.830 0     0.0 0     0.0 0     0.0 0   -21.2 0   -21.2 0     3.2 0    78.5 0     9.2 0   254.6 0   951.6 0
 2026  15  1 15  5 54  5.900 159.22    -1.0 0     0.0 0     0.0 0     0.0 0   301.1 0   275.950 0   275.723 0   321.2 0   275.726 0   275.832 0     0.0 0     0.0 0     0.0 0   -20.1 0   -20.1 0     3.2 0    78.5 0     7.3 0   253.1 0   951.6 0
 2026  15  1 15  5 55  5.917 159.15    -1.0 0     0.1 0     0.1 0     0.0 0   301.6 0   275.947 0   275.711 0   321.0 0   275.725 0   275.822 0     0.0 0     0.0 0     0.0 0   -19.4 0   -19.4 0     3.1 0    79.0 0     6.9 0   265.7 0   951.6 0
 2026  15  1 15  5 56  5.933 159.07    -1.0 0     0.0 0     0.0 0     0.0 0   302.6 0   275.942 0   275.725 0   321.3 0   275.724 0   275.833 0     0.0 0     0.0 0     0.0 0   -18.7 0   -18.7 0     3.1 0    78.2 0     8.2 0   254.0 0   951.6 0
 2026  15  1 15  5 57  5.950 159.00    -1.1 0     0.1 0     0.0 0     0.0 0   305.5 0   275.940 0   275.724 0   321.3 0   275.727 0   275.830 0     0.0 0     0.0 0     0.0 0   -15.8 0   -15.8 0     3.1 0    78.5 0     8.0 0   249.7 0   951.6 0
 2026  15  1 15  5 58  5.967 158.92    -1.1 0     0.0 0     0.0 0     0.0 0   308.2 0   275.940 0   275.714 0   321.4 0   275.727 0   275.834 0     0.0 0     0.0 0     0.0 0   -13.2 0   -13.2 0     3.1 0    78.2 0     8.8 0   256.6 0   951.7 0
 2026  15  1 15  5 59  5.983 158.84    -1.1 0     0.1 0     0.0 0     0.0 0   306.2 0   275.939 0   275.698 0   321.3 0   275.729 0   275.828 0     0.0 0     0.0 0     0.0 0   -15.1 0   -15.1 0     3.1 0    78.4 0     7.1 0   256.4 0   951.7 0
 2026  15  1 15  6  0  6.000 158.76    -1.1 0     0.2 0     0.1 0     0.1 0   305.6 0   275.937 0   275.661 0   321.1 0   275.724 0   275.817 0     0.0 0     0.0 0     0.0 0   -15.5 0   -15.5 0     3.0 0    78.6 0     6.8 0   257.3 0   951.7 0
 2026  15  1 15  6  1  6.017 158.68    -1.2 0     0.2 0     0.2 0     0.1 0   307.0 0   275.931 0   275.614 0   321.0 0   275.714 0   275.801 0     0.0 0     0.0 0     0.0 0   -14.0 0   -14.0 0     2.9 0    79.2 0     7.1 0   253.4 0   951.7 0
 2026  15  1 15  6  2  6.033 158.59    -1.2 0     0.2 0     0.3 0     0.1 0   308.2 0   275.920 0   275.608 0   321.1 0   275.702 0   275.794 0     0.0 0     0.0 0     0.0 0   -12.9 0   -12.9 0     2.9 0    79.0 0     8.0 0   255.3 0   951.7 0
 2026  15  1 15  6  3  6.050 158.51    -1.3 0     0.3 0     0.3 0     0.1 0   310.1 0   275.908 0   275.592 0   321.0 0   275.689 0   275.775 0     0.0 0     0.0 0     0.0 0   -10.9 0   -10.9 0     2.9 0    79.7 0     7.4 0   249.3 0   951.7 0
 2026  15  1 15  6  4  6.067 158.42    -1.3 0     0.2 0     0.3 0     0.1 0   313.8 0   275.895 0   275.595 0   321.4 0   275.675 0   275.770 0     0.0 0     0.0 0     0.0 0    -7.5 0    -7.5 0     2.9 0    79.2 0     9.0 0   258.2 0   951.7 0
 2026  15  1 15  6  5  6.083 158.33    -1.3 0     0.2 0     0.3 0     0.1 0   315.7 0   275.884 0   275.562 0   321.2 0   275.666 0   275.756 0     0.0 0     0.0 0     0.0 0    -5.6 0    -5.6 0     2.9 0    79.5 0     7.4 0   253.8 0   951.7 0
 2026  15  1 15  6  6  6.100 158.24    -1.2 0     0.3 0     0.4 0     0.2 0   313.6 0   275.871 0   275.481 0   320.9 0   275.649 0   275.732 0     0.0 0     0.0 0     0.0 0    -7.2 0    -7.2 0     2.8 0    80.5 0     6.9 0   247.9 0   951.8 0
 2026  15  1 15  6  7  6.117 158.15    -1.1 0     0.4 0     0.4 0     0.2 0   312.0 0   275.849 0   275.418 0   320.6 0   275.625 0   275.703 0     0.0 0     0.0 0     0.0 0    -8.5 0    -8.5 0     2.6 0    81.6 0     6.9 0   248.7 0   951.8 0
 2026  15  1 15  6  8  6.133 158.05    -1.2 0     0.4 0     0.4 0     0.2 0   311.0 0   275.827 0   275.391 0   320.7 0   275.599 0   275.679 0     0.0 0     0.0 0     0.0 0    -9.6 0    -9.6 0     2.5 0    82.4 0     7.6 0   254.5 0   951.8 0
 2026  15  1 15  6  9  6.150 157.96    -1.3 0     0.5 0     0.5 0     0.2 0   308.4 0   275.807 0   275.369 0   320.4 0   275.572 0   275.646 0     0.0 0     0.0 0     0.0 0   -12.0 0   -12.0 0     2.5 0    83.1 0     6.0 0   250.7 0   951.8 0
 2026  15  1 15  6 10  6.167 157.86    -1.4 0     0.5 0     0.5 0     0.2 0   308.1 0   275.786 0   275.365 0   320.5 0   275.542 0   275.624 0     0.0 0     0.0 0     0.0 0   -12.4 0   -12.4 0     2.4 0    83.2 0     7.9 0   246.4 0   951.8 0
 2026  15  1 15  6 11  6.183 157.76    -1.4 0     0.3 0     0.4 0     0.2 0   307.1 0   275.766 0   275.347 0   320.5 0   275.522 0   275.615 0     0.0 0     0.0 0     0.0 0   -13.4 0   -13.4 0     2.4 0    81.4 0     7.0 0   249.4 0   951.8 0
 2026  15  1 15  6 12  6.200 157.66    -1.5 0     0.3 0     0.4 0     0.2 0   304.3 0   275.750 0   275.341 0   320.1 0   275.506 0   275.592 0     0.0 0     0.0 0     0.0 0   -15.8 0   -15.8 0     2.5 0    82.1 0     6.2 0   234.7 0   951.9 0
 2026  15  1 15  6 13  6.217 157.56    -1.5 0     0.4 0     0.3 0     0.2 0   301.7 0   275.734 0   275.335 0   319.9 0   275.483 0   275.566 0     0.0 0     0.0 0     0.0 0   -18.2 0   -18.2 0     2.4 0    82.6 0     6.8 0   248.7 0   951.9 0
 2026  15  1 15  6 14  6.233 157.45    -1.5 0     0.5 0     0.4 0     0.2 0   300.9 0   275.711 0   275.307 0   319.6 0   275.457 0   275.541 0     0.0 0     0.0 0     0.0 0   -18.7 0   -18.7 0     2.4 0    81.7 0     6.3 0   248.3 0   951.9 0
 2026  15  1 15  6 15  6.250 157.35    -1.4 0     0.4 0     0.3 0     0.2 0   301.3 0   275.685 0   275.278 0   319.5 0   275.436 0   275.530 0     0.0 0     0.0 0     0.0 0   -18.1 0   -18.1 0     2.5 0    78.5 0     9.6 0   258.0 0   951.9 0
 2026  15  1 15  6 16  6.267 157.24    -1.4 0     0.3 0     0.3 0     0.2 0   301.4 0   275.663 0   275.258 0   319.2 0   275.421 0   275.512 0     0.0 0     0.0 0     0.0 0   -17.8 0   -17.8 0     2.6 0    76.6 0     9.0 0   265.8 0   951.9 0
 2026  15  1 15  6 17  6.283 157.13    -1.5 0     0.3 0     0.3 0     0.2 0   303.9 0   275.642 0   275.249 0   319.0 0   275.405 0   275.494 0     0.0 0     0.0 0     0.0 0   -15.1 0   -15.1 0     2.7 0    75.9 0     7.8 0   256.3 0   952.0 0
 2026  15  1 15  6 18  6.300 157.02    -1.6 0     0.3 0     0.2 0     0.2 0   305.7 0   275.623 0   275.257 0   319.2 0   275.389 0   275.482 0     0.0 0     0.0 0     0.0 0   -13.5 0   -13.5 0     2.7 0    75.4 0     9.0 0   257.1 0   952.0 0
 2026  15  1 15  6 19  6.317 156.91    -1.6 0     0.3 0     0.2 0     0.2 0   306.5 0   275.609 0   275.265 0   319.2 0   275.376 0   275.471 0     0.0 0     0.0 0     0.0 0   -12.7 0   -12.7 0     2.7 0    75.8 0     9.3 0   247.9 0   952.0 0
 2026  15  1 15  6 20  6.333 156.80    -1.7 0     0.3 0     0.2 0     0.2 0   306.4 0   275.597 0   275.268 0   319.1 0   275.365 0   275.458 0     0.0 0     0.0 0     0.0 0   -12.7 0   -12.7 0     2.7 0    75.5 0     8.0 0   257.4 0   952.1 0
 2026  15  1 15  6 21  6.350 156.68    -1.7 0     0.3 0     0.2 0     0.2 0   305.3 0   275.584 0   275.247 0   318.9 0   275.349 0   275.436 0     0.0 0     0.0 0     0.0 0   -13.6 0   -13.6 0     2.6 0    75.2 0     8.7 0   248.7 0   952.1 0
 2026  15  1 15  6 22  6.367 156.57    -1.6 0     0.3 0     0.2 0     0.2 0   304.8 0   275.566 0   275.220 0   318.6 0   275.331 0   275.423 0     0.0 0     0.0 0     0.0 0   -13.8 0   -13.8 0     2.6 0    72.2 0    10.5 0   255.8 0   952.1 0
 2026  15  1 15  6 23  6.383 156.45    -1.6 0     0.3 0     0.3 0     0.1 0   304.8 0   275.546 0   275.194 0   318.3 0   275.318 0   275.408 0     0.0 0     0.0 0     0.0 0   -13.4 0   -13.4 0     2.6 0    71.7 0     9.6 0   255.0 0   952.1 0
 2026  15  1 15  6 24  6.400 156.33    -1.5 0     0.4 0     0.4 0     0.1 0   304.2 0   275.524 0   275.172 0   317.9 0   275.297 0   275.374 0     0.0 0     0.0 0     0.0 0   -13.6 0   -13.6 0     2.6 0    73.1 0     7.5 0   251.9 0   952.1 0
 2026  15  1 15  6 25  6.417 156.21    -1.5 0     0.4 0     0.3 0     0.1 0   303.4 0   275.500 0   275.167 0   317.8 0   275.269 0   275.353 0     0.0 0     0.0 0     0.0 0   -14.4 0   -14.4 0     2.5 0    71.6 0     8.5 0   242.8 0   952.1 0
 2026  15  1 15  6 26  6.433 156.09    -1.5 0     0.4 0     0.3 0     0.1 0   301.9 0   275.477 0   275.128 0   317.4 0   275.245 0   275.325 0     0.0 0     0.0 0     0.0 0   -15.5 0   -15.5 0     2.5 0    71.3 0     9.5 0   248.6 0   952.1 0
 2026  15  1 15  6 27  6.450 155.97    -1.5 0     0.5 0     0.3 0     0.1 0   300.0 0   275.453 0   275.103 0   317.0 0   275.214 0   275.286 0     0.0 0     0.0 0     0.0 0   -17.0 0   -17.0 0     2.4 0    71.6 0     8.1 0   248.7 0   952.2 0
 2026  15  1 15  6 28  6.467 155.85    -1.5 0     0.5 0     0.4 0     0.1 0   298.6 0   275.424 0   275.054 0   316.7 0   275.180 0   275.251 0     0.0 0     0.0 0     0.0 0   -18.1 0   -18.1 0     2.3 0    71.4 0     8.8 0   251.3 0   952.2 0
 2026  15  1 15  6 29  6.483 155.72    -1.4 0     0.6 0     0.5 0     0.1 0   297.7 0   275.386 0   275.019 0   316.4 0   275.144 0   275.217 0     0.0 0     0.0 0     0.0 0   -18.7 0   -18.7 0     2.3 0    69.5 0    11.6 0   245.4 0   952.1 0
 2026  15  1 15  6 30  6.500 155.60    -1.3 0     0.5 0     0.3 0     0.0 0   296.3 0   275.356 0   275.009 0   316.1 0   275.112 0   275.191 0     0.0 0     0.0 0     0.0 0   -19.8 0   -19.8 0     2.3 0    67.3 0    13.1 0   251.2 0   952.2 0
 2026  15  1 15  6 31  6.517 155.47    -1.3 0     0.5 0     0.4 0     0.0 0   295.1 0   275.332 0   274.983 0   315.7 0   275.082 0   275.157 0     0.0 0     0.0 0     0.0 0   -20.6 0   -20.6 0     2.3 0    67.2 0    12.0 0   255.9 0   952.2 0
 2026  15  1 15  6 32  6.533 155.34    -1.3 0     0.5 0     0.4 0     0.0 0   295.2 0   275.301 0   274.971 0   315.6 0   275.053 0   275.136 0     0.0 0     0.0 0     0.0 0   -20.5 0   -20.5 0     2.3 0    66.6 0    11.4 0   246.9 0   952.2 0
 2026  15  1 15  6 33  6.550 155.22    -1.2 0     0.5 0     0.3 0     0.0 0   295.5 0   275.271 0   274.952 0   315.4 0   275.026 0   275.103 0     0.0 0     0.0 0     0.0 0   -19.8 0   -19.8 0     2.2 0    67.8 0    10.9 0   250.6 0   952.2 0
 2026  15  1 15  6 34  6.567 155.09    -1.2 0     0.5 0     0.3 0     0.0 0   294.4 0   275.243 0   274.928 0   315.4 0   274.997 0   275.074 0     0.0 0     0.0 0     0.0 0   -21.0 0   -21.0 0     2.2 0    67.5 0    11.4 0   259.8 0   952.3 0
 2026  15  1 15  6 35  6.583 154.95    -1.2 0     0.5 0     0.3 0     0.0 0   295.5 0   275.214 0   274.910 0   315.3 0   274.968 0   275.046 0     0.0 0     0.0 0     0.0 0   -19.9 0   -19.9 0     2.2 0    68.0 0    10.8 0   251.2 0   952.3 0
 2026  15  1 15  6 36  6.600 154.82    -1.2 0     0.5 0     0.2 0     0.0 0   298.6 0   275.186 0   274.916 0   315.4 0   274.941 0   275.025 0     0.0 0     0.0 0     0.0 0   -16.8 0   -16.8 0     2.2 0    67.2 0    11.9 0   256.0 0   952.3 0
 2026  15  1 15  6 37  6.617 154.69    -1.2 0     0.5 0     0.2 0     0.0 0   300.8 0   275.165 0   274.889 0   315.1 0   274.915 0   274.989 0     0.0 0     0.0 0     0.0 0   -14.4 0   -14.4 0     2.1 0    68.6 0     9.4 0   251.7 0   952.3 0
 2026  15  1 15  6 38  6.633 154.56    -1.2 0     0.6 0     0.3 0     0.0 0   302.1 0   275.138 0   274.871 0   315.1 0   274.879 0   274.948 0     0.0 0     0.0 0     0.0 0   -13.0 0   -13.0 0     2.0 0    68.7 0    11.1 0   250.7 0   952.3 0
 2026  15  1 15  6 39  6.650 154.42    -1.1 0     0.5 0     0.2 0     0.0 0   303.0 0   275.113 0   274.851 0   315.3 0   274.845 0   274.926 0     0.0 0     0.0 0     0.0 0   -12.4 0   -12.4 0     2.0 0    68.1 0    12.5 0   257.3 0   952.3 0
 2026  15  1 15  6 40  6.667 154.28    -1.2 0     0.5 0     0.2 0     0.0 0   303.5 0   275.092 0   274.843 0   315.2 0   274.817 0   274.895 0     0.0 0     0.0 0     0.0 0   -11.7 0   -11.7 0     2.0 0    68.7 0    11.1 0   256.2 0   952.4 0
 2026  15  1 15  6 41  6.683 154.15    -1.1 0     0.5 0     0.2 0     0.0 0   304.2 0   275.070 0   274.816 0   315.1 0   274.787 0   274.864 0     0.0 0     0.0 0     0.0 0   -10.9 0   -10.9 0     2.0 0    69.3 0    10.2 0   253.4 0   952.5 0
 2026  15  1 15  6 42  6.700 154.01    -1.1 0     0.6 0     0.3 0     0.0 0   304.5 0   275.045 0   274.783 0   315.0 0   274.752 0   274.825 0     0.0 0     0.0 0     0.0 0   -10.6 0   -10.6 0     1.9 0    70.2 0    10.1 0   246.1 0   952.5 0
 2026  15  1 15  6 43  6.717 153.87    -1.0 0     0.6 0     0.3 0     0.0 0   304.4 0   275.017 0   274.749 0   314.9 0   274.717 0   274.794 0     0.0 0     0.0 0     0.0 0   -10.6 0   -10.6 0     1.8 0    69.3 0    11.7 0   254.6 0   952.5 0
 2026  15  1 15  6 44  6.733 153.73    -1.0 0     0.6 0     0.3 0     0.0 0   304.6 0   274.986 0   274.717 0   314.8 0   274.684 0   274.763 0     0.0 0     0.0 0     0.0 0   -10.2 0   -10.2 0     1.8 0    68.6 0    12.5 0   250.2 0   952.5 0
 2026  15  1 15  6 45  6.750 153.59    -1.0 0     0.6 0     0.3 0     0.0 0   304.1 0   274.958 0   274.702 0   314.6 0   274.651 0   274.727 0     0.0 0     0.0 0     0.0 0   -10.5 0   -10.5 0     1.8 0    69.8 0     8.9 0   258.0 0   952.6 0
 2026  15  1 15  6 46  6.767 153.45    -1.0 0     0.5 0     0.3 0     0.0 0   303.0 0   274.931 0   274.678 0   314.7 0   274.618 0   274.701 0     0.0 0     0.0 0     0.0 0   -11.8 0   -11.8 0     1.8 0    69.3 0    10.6 0   264.7 0   952.6 0
 2026  15  1 15  6 47  6.783 153.30    -1.0 0     0.5 0     0.4 0     0.0 0   301.6 0   274.902 0   274.633 0   314.4 0   274.588 0   274.664 0     0.0 0     0.0 0     0.0 0   -12.8 0   -12.8 0     1.7 0    70.3 0     8.0 0   257.8 0   952.6 0
 2026  15  1 15  6 48  6.800 153.16    -0.9 0     0.5 0     0.4 0     0.0 0   300.2 0   274.868 0   274.622 0   314.3 0   274.556 0   274.639 0     0.0 0     0.0 0     0.0 0   -14.1 0   -14.1 0     1.7 0    70.1 0     7.4 0   261.8 0   952.6 0
 2026  15  1 15  6 49  6.817 153.01    -0.9 0     0.5 0     0.3 0     0.0 0   298.1 0   274.838 0   274.594 0   314.2 0   274.526 0   274.607 0     0.0 0     0.0 0     0.0 0   -16.2 0   -16.2 0     1.6 0    70.6 0     7.8 0   259.5 0   952.6 0
 2026  15  1 15  6 50  6.833 152.87    -1.0 0     0.4 0     0.3 0     0.0 0   295.6 0   274.810 0   274.581 0   314.3 0   274.498 0   274.586 0     0.0 0     0.0 0     0.0 0   -18.6 0   -18.6 0     1.6 0    69.8 0     8.9 0   266.8 0   952.7 0
 2026  15  1 15  6 51  6.850 152.72    -1.0 0     0.4 0     0.3 0     0.0 0   294.1 0   274.787 0   274.538 0   314.0 0   274.471 0   274.550 0     0.0 0     0.0 0     0.0 0   -19.9 0   -19.9 0     1.6 0    71.5 0     6.3 0   267.9 0   952.7 0
 2026  15  1 15  6 52  6.867 152.57    -0.9 0     0.5 0     0.3 0     0.0 0   293.2 0   274.758 0   274.495 0   313.7 0   274.439 0   274.509 0     0.0 0     0.0 0     0.0 0   -20.5 0   -20.5 0     1.5 0    72.9 0     5.5 0   276.9 0   952.8 0
 2026  15  1 15  6 53  6.883 152.43    -0.9 0     0.9 0     0.5 0     0.0 0   292.1 0   274.723 0   274.398 0   313.3 0   274.392 0   274.422 0     0.0 0     0.0 0     0.0 0   -21.2 0   -21.2 0     1.4 0    77.3 0     8.2 0   286.6 0   952.8 0
 2026  15  1 15  6 54  6.900 152.28    -0.8 0     1.4 0     0.8 0     0.1 0   293.0 0   274.673 0   274.304 0   313.2 0   274.313 0   274.328 0     0.0 0     0.0 0     0.0 0   -20.2 0   -20.2 0     1.1 0    80.0 0     7.7 0   285.9 0   952.8 0
 2026  15  1 15  6 55  6.917 152.13    -0.7 0     1.5 0     0.9 0     0.1 0   297.5 0   274.611 0   274.238 0   313.2 0   274.224 0   274.240 0     0.0 0     0.0 0     0.0 0   -15.7 0   -15.7 0     0.9 0    81.4 0     7.9 0   282.6 0   952.8 0
 2026  15  1 15  6 56  6.933 151.98    -0.6 0     1.4 0     0.9 0     0.1 0   301.3 0   274.545 0   274.184 0   313.2 0   274.136 0   274.164 0     0.0 0     0.0 0     0.0 0   -11.9 0   -11.9 0     0.7 0    82.1 0     7.7 0   281.8 0   952.9 0
 2026  15  1 15  6 57  6.950 151.83    -0.5 0     1.4 0     0.9 0     0.1 0   302.2 0   274.476 0   274.122 0   313.2 0   274.050 0   274.083 0     0.0 0     0.0 0     0.0 0   -10.9 0   -10.9 0     0.6 0    82.5 0     8.2 0   276.7 0   952.9 0
 2026  15  1 15  6 58  6.967 151.68    -0.5 0     1.3 0     0.8 0     0.1 0   302.6 0   274.410 0   274.073 0   313.1 0   273.967 0   274.008 0     0.0 0     0.0 0     0.0 0   -10.5 0   -10.5 0     0.6 0    82.2 0     9.7 0   278.3 0   953.0 0
 2026  15  1 15  6 59  6.983 151.52    -0.4 0     1.3 0     0.7 0     0.0 0   303.0 0   274.346 0   274.033 0   313.2 0   273.888 0   273.939 0     0.0 0     0.0 0     0.0 0   -10.2 0   -10.2 0     0.6 0    81.6 0     8.6 0   279.0 0   953.0 0
 2026  15  1 15  7  0  7.000 151.37    -0.4 0     1.0 0     0.6 0     0.0 0   303.3 0   274.289 0   274.007 0   313.2 0   273.822 0   273.892 0     0.0 0     0.0 0     0.0 0    -9.9 0    -9.9 0     0.6 0    80.3 0     8.5 0   274.4 0   953.0 0
 2026  15  1 15  7  1  7.017 151.21    -0.5 0     0.8 0     0.4 0     0.0 0   303.6 0   274.239 0   273.983 0   313.3 0   273.768 0   273.845 0     0.0 0     0.0 0     0.0 0    -9.6 0    -9.6 0     0.6 0    80.3 0     7.9 0   271.6 0   953.0 0
 2026  15  1 15  7  2  7.033 151.06    -0.5 0     0.7 0     0.3 0     0.0 0   303.5 0   274.196 0   273.960 0   313.3 0   273.723 0   273.808 0     0.0 0     0.0 0     0.0 0    -9.8 0    -9.8 0     0.6 0    80.3 0     7.6 0   267.4 0   953.1 0
 2026  15  1 15  7  3  7.050 150.90    -0.5 0     0.7 0     0.2 0     0.0 0   303.8 0   274.159 0   273.931 0   313.2 0   273.682 0   273.765 0     0.0 0     0.0 0     0.0 0    -9.4 0    -9.4 0     0.6 0    80.6 0     7.9 0   265.6 0   953.1 0
 2026  15  1 15  7  4  7.067 150.75    -0.6 0     0.7 0     0.2 0     0.0 0   303.1 0   274.125 0   273.908 0   313.2 0   273.644 0   273.729 0     0.0 0     0.0 0     0.0 0   -10.1 0   -10.1 0     0.6 0    80.3 0     9.0 0   275.0 0   953.1 0
 2026  15  1 15  7  5  7.083 150.59    -0.7 0     0.5 0     0.1 0     0.0 0   302.5 0   274.096 0   273.905 0   313.3 0   273.611 0   273.711 0     0.0 0     0.0 0     0.0 0   -10.8 0   -10.8 0     0.6 0    78.7 0     8.8 0   269.7 0   953.2 0
 2026  15  1 15  7  6  7.100 150.43    -0.8 0     0.4 0     0.1 0     0.0 0   302.7 0   274.074 0   273.902 0   313.3 0   273.589 0   273.694 0     0.0 0     0.0 0     0.0 0   -10.6 0   -10.6 0     0.7 0    78.2 0     7.8 0   261.5 0   953.2 0
 2026  15  1 15  7  7  7.117 150.28    -0.8 0     0.3 0     0.0 0     0.0 0   303.1 0   274.058 0   273.899 0   313.4 0   273.571 0   273.680 0     0.0 0     0.0 0     0.0 0   -10.4 0   -10.4 0     0.7 0    77.8 0     8.4 0   263.5 0   953.2 0
 2026  15  1 15  7  8  7.133 150.12    -0.9 0     0.3 0     0.1 0     0.0 0   302.1 0   274.046 0   273.884 0   313.3 0   273.557 0   273.665 0     0.0 0     0.0 0     0.0 0   -11.2 0   -11.2 0     0.7 0    77.8 0     8.1 0   258.1 0   953.2 0
 2026  15  1 15  7  9  7.150 149.96    -0.9 0     0.3 0     0.1 0     0.0 0   301.3 0   274.034 0   273.875 0   313.3 0   273.543 0   273.651 0     0.0 0     0.0 0     0.0 0   -11.9 0   -11.9 0     0.7 0    77.6 0     7.3 0   258.2 0   953.2 0
 2026  15  1 15  7 10  7.167 149.80    -0.9 0     0.3 0     0.1 0     0.0 0   300.6 0   274.022 0   273.875 0   313.3 0   273.530 0   273.641 0     0.0 0     0.0 0     0.0 0   -12.6 0   -12.6 0     0.7 0    77.3 0     7.0 0   272.6 0   953.2 0
 2026  15  1 15  7 11  7.183 149.64    -0.9 0     0.2 0     0.1 0     0.0 0   298.6 0   274.013 0   273.864 0   313.1 0   273.520 0   273.631 0     0.0 0     0.0 0     0.0 0   -14.5 0   -14.5 0     0.7 0    77.6 0     5.5 0   255.3 0   953.2 0
 2026  15  1 15  7 12  7.200 149.48    -0.9 0     0.2 0     0.1 0     0.0 0   297.5 0   274.004 0   273.850 0   313.1 0   273.509 0   273.616 0     0.0 0     0.0 0     0.0 0   -15.6 0   -15.6 0     0.7 0    78.4 0     5.7 0   259.1 0   953.2 0
 2026  15  1 15  7 13  7.217 149.32    -0.9 0     0.2 0     0.1 0     0.0 0   296.6 0   273.996 0   273.854 0   313.1 0   273.497 0   273.610 0     0.0 0     0.0 0     0.0 0   -16.5 0   -16.5 0     0.7 0    77.8 0     5.5 0   262.3 0   953.2 0
 2026  15  1 15  7 14  7.233 149.15    -1.0 0     0.2 0     0.1 0     0.0 0   296.5 0   273.990 0   273.845 0   313.0 0   273.489 0   273.600 0     0.0 0     0.0 0     0.0 0   -16.6 0   -16.6 0     0.7 0    78.0 0     4.3 0   264.8 0   953.2 0
 2026  15  1 15  7 15  7.250 148.99    -1.0 0     0.2 0     0.1 0     0.0 0   296.8 0   273.984 0   273.837 0   313.1 0   273.479 0   273.592 0     0.0 0     0.0 0     0.0 0   -16.3 0   -16.3 0     0.7 0    77.7 0     5.9 0   269.4 0   953.3 0
 2026  15  1 15  7 16  7.267 148.83    -1.0 0     0.1 0     0.1 0     0.0 0   296.3 0   273.979 0   273.840 0   313.0 0   273.472 0   273.587 0     0.0 0     0.0 0     0.0 0   -16.7 0   -16.7 0     0.7 0    77.5 0     4.4 0   272.7 0   953.3 0
 2026  15  1 15  7 17  7.283 148.66    -1.0 0     0.1 0     0.1 0     0.0 0   297.2 0   273.973 0   273.823 0   313.1 0   273.465 0   273.579 0     0.0 0     0.0 0     0.0 0   -15.9 0   -15.9 0     0.7 0    77.7 0     5.1 0   266.4 0   953.3 0
 2026  15  1 15  7 18  7.300 148.50    -1.0 0     0.1 0     0.1 0     0.0 0   299.0 0   273.967 0   273.848 0   313.3 0   273.461 0   273.584 0     0.0 0     0.0 0     0.0 0   -14.3 0   -14.3 0     0.8 0    75.6 0     7.1 0   250.6 0   953.3 0
 2026  15  1 15  7 19  7.317 148.33    -1.0 0     0.1 0     0.0 0     0.0 0   297.2 0   273.966 0   273.845 0   313.1 0   273.462 0   273.583 0     0.0 0     0.0 0     0.0 0   -16.0 0   -16.0 0     0.8 0    74.9 0     7.0 0   258.5 0   953.2 0
 2026  15  1 15  7 20  7.333 148.17    -1.0 0     0.1 0     0.0 0     0.0 0   298.1 0   273.966 0   273.832 0   313.1 0   273.462 0   273.581 0     0.0 0     0.0 0     0.0 0   -14.9 0   -14.9 0     0.8 0    74.0 0     7.2 0   263.8 0   953.2 0
 2026  15  1 15  7 21  7.350 148.00    -1.1 0     0.1 0     0.1 0     0.0 0   299.3 0   273.964 0   273.820 0   313.0 0   273.460 0   273.576 0     0.0 0     0.0 0     0.0 0   -13.7 0   -13.7 0     0.8 0    74.7 0     6.8 0   268.9 0   953.3 0
 2026  15  1 15  7 22  7.367 147.84    -1.1 0     0.1 0     0.1 0     0.0 0   297.6 0   273.960 0   273.818 0   313.0 0   273.457 0   273.574 0     0.0 0     0.0 0     0.0 0   -15.4 0   -15.4 0     0.8 0    73.6 0     8.9 0   252.7 0   953.3 0
 2026  15  1 15  7 23  7.383 147.67    -1.1 0     0.1 0     0.1 0     0.0 0   292.0 0   273.955 0   273.805 0   312.8 0   273.455 0   273.574 0     0.0 0     0.0 0     0.0 0   -20.9 0   -20.9 0     0.8 0    72.6 0     7.0 0   266.3 0   953.3 0
 2026  15  1 15  7 24  7.400 147.50    -1.1 0     0.1 0     0.1 0     0.0 0   284.9 0   273.950 0   273.785 0   312.4 0   273.453 0   273.565 0     0.0 0     0.0 0     0.0 0   -27.5 0   -27.5 0     0.8 0    73.8 0     5.1 0   252.9 0   953.3 0
 2026  15  1 15  7 25  7.417 147.33    -1.1 0     0.2 0     0.1 0     0.0 0   283.8 0   273.943 0   273.768 0   312.3 0   273.446 0   273.555 0     0.0 0     0.0 0     0.0 0   -28.5 0   -28.5 0     0.7 0    73.9 0     5.1 0   251.2 0   953.3 0
 2026  15  1 15  7 26  7.433 147.17    -1.1 0     0.2 0     0.1 0     0.0 0   288.4 0   273.935 0   273.757 0   312.3 0   273.436 0   273.544 0     0.0 0     0.0 0     0.0 0   -23.9 0   -23.9 0     0.7 0    74.9 0     4.1 0   265.7 0   953.4 0
 2026  15  1 15  7 27  7.450 147.00    -1.1 0     0.1 0     0.1 0     0.0 0   289.3 0   273.928 0   273.760 0   312.3 0   273.427 0   273.535 0     0.0 0     0.0 0     0.0 0   -22.9 0   -22.9 0     0.7 0    75.3 0     3.3 0   261.1 0   953.4 0
 2026  15  1 15  7 28  7.467 146.83    -1.0 0     0.1 0     0.1 0     0.0 0   287.1 0   273.920 0   273.748 0   312.2 0   273.417 0   273.526 0     0.0 0     0.0 0     0.0 0   -25.1 0   -25.1 0     0.7 0    73.3 0     5.6 0   263.4 0   953.5 0
 2026  15  1 15  7 29  7.483 146.66    -1.0 0     0.2 0     0.1 0     0.0 0   286.0 0   273.909 0   273.721 0   312.0 0   273.406 0   273.511 0     0.0 0     0.0 0     0.0 0   -26.0 0   -26.0 0     0.7 0    73.0 0     6.0 0   256.9 0   953.5 0
 2026  15  1 15  7 30  7.500 146.49    -1.0 0     0.3 0     0.2 0     0.1 0   288.1 0   273.896 0   273.695 0   311.9 0   273.390 0   273.490 0     0.0 0     0.0 0     0.0 0   -23.8 0   -23.8 0     0.6 0    73.0 0     6.2 0   260.1 0   953.5 0
 2026  15  1 15  7 31  7.517 146.32    -1.0 0     0.3 0     0.2 0     0.1 0   289.9 0   273.880 0   273.671 0   311.8 0   273.371 0   273.468 0     0.0 0     0.0 0     0.0 0   -21.9 0   -21.9 0     0.6 0    72.9 0     6.8 0   248.0 0   953.5 0
 2026  15  1 15  7 32  7.533 146.15    -0.9 0     0.4 0     0.3 0     0.1 0   288.4 0   273.860 0   273.641 0   311.6 0   273.348 0   273.441 0     0.0 0     0.0 0     0.0 0   -23.2 0   -23.2 0     0.5 0    71.3 0     7.9 0   260.5 0   953.5 0
 2026  15  1 15  7 33  7.550 145.98    -0.8 0     0.4 0     0.4 0     0.1 0   288.0 0   273.835 0   273.597 0   311.4 0   273.321 0   273.412 0     0.0 0     0.0 0     0.0 0   -23.4 0   -23.4 0     0.4 0    71.2 0     7.3 0   251.4 0   953.5 0
 2026  15  1 15  7 34  7.567 145.80    -0.8 0     0.5 0     0.4 0     0.1 0   289.5 0   273.808 0   273.553 0   311.2 0   273.291 0   273.375 0     0.0 0     0.0 0     0.0 0   -21.7 0   -21.7 0     0.4 0    72.1 0     7.5 0   251.9 0   953.5 0
 2026  15  1 15  7 35  7.583 145.63    -0.8 0     0.6 0     0.5 0     0.1 0   289.0 0   273.776 0   273.516 0   311.0 0   273.256 0   273.339 0     0.0 0     0.0 0     0.0 0   -22.0 0   -22.0 0     0.3 0    71.3 0     8.8 0   263.9 0   953.5 0
 2026  15  1 15  7 36  7.600 145.46    -0.8 0     0.6 0     0.6 0     0.1 0   287.6 0   273.742 0   273.467 0   310.8 0   273.217 0   273.296 0     0.0 0     0.0 0     0.0 0   -23.1 0   -23.1 0     0.2 0    71.1 0     8.0 0   267.4 0   953.4 0
 2026  15  1 15  7 37  7.617 145.29    -0.8 0     0.6 0     0.6 0     0.1 0   285.6 0   273.707 0   273.438 0   310.7 0   273.178 0   273.264 0     0.0 0     0.0 0     0.0 0   -25.1 0   -25.1 0     0.2 0    71.0 0     7.9 0   265.2 0   953.5 0
 2026  15  1 15  7 38  7.633 145.11    -0.8 0     0.5 0     0.6 0     0.1 0   281.8 0   273.672 0   273.405 0   310.4 0   273.143 0   273.234 0     0.0 0     0.0 0     0.0 0   -28.6 0   -28.6 0     0.2 0    71.3 0     6.7 0   259.7 0   953.5 0
 2026  15  1 15  7 39  7.650 144.94    -0.8 0     0.5 0     0.5 0     0.1 0   281.7 0   273.637 0   273.366 0   310.3 0   273.110 0   273.200 0     0.0 0     0.0 0     0.0 0   -28.6 0   -28.6 0     0.1 0    70.6 0     7.8 0   256.8 0   953.5 0
 2026  15  1 15  7 40  7.667 144.77    -0.8 0     0.5 0     0.5 0     0.1 0   283.8 0   273.600 0   273.318 0   310.1 0   273.074 0   273.158 0     0.0 0     0.0 0     0.0 0   -26.3 0   -26.3 0     0.1 0    69.3 0     8.6 0   256.9 0   953.6 0
 2026  15  1 15  7 41  7.683 144.59    -0.7 0     0.6 0     0.5 0     0.1 0   286.6 0   273.560 0   273.265 0   309.8 0   273.033 0   273.111 0     0.0 0     0.0 0     0.0 0   -23.2 0   -23.2 0     0.0 0    68.4 0    10.1 0   258.5 0   953.6 0
 2026  15  1 15  7 42  7.700 144.42    -0.7 0     0.7 0     0.5 0     0.1 0   288.4 0   273.518 0   273.218 0   309.7 0   272.986 0   273.062 0     0.0 0     0.0 0     0.0 0   -21.4 0   -21.4 0     0.0 0    69.6 0     9.0 0   256.7 0   953.7 0
 2026  15  1 15  7 43  7.717 144.24    -0.8 0     0.7 0     0.5 0     0.1 0   289.3 0   273.476 0   273.187 0   309.5 0   272.939 0   273.015 0     0.0 0     0.0 0     0.0 0   -20.2 0   -20.2 0    -0.1 0    69.9 0     7.7 0   261.0 0   953.7 0
 2026  15  1 15  7 44  7.733 144.07    -0.7 0     0.8 0     0.6 0     0.1 0   290.6 0   273.430 0   273.116 0   309.3 0   272.889 0   272.957 0     0.0 0     0.0 0     0.0 0   -18.7 0   -18.7 0    -0.2 0    69.0 0    10.0 0   258.5 0   953.8 0
 2026  15  1 15  7 45  7.750 143.89    -0.6 0     0.9 0     0.7 0     0.1 0   292.0 0   273.378 0   273.061 0   309.0 0   272.832 0   272.900 0     0.0 0     0.0 0     0.0 0   -17.0 0   -17.0 0    -0.3 0    68.2 0     9.9 0   259.6 0   953.8 0
 2026  15  1 15  7 46  7.767 143.72    -0.6 0     0.9 0     0.7 0     0.1 0   293.2 0   273.325 0   272.998 0   308.8 0   272.772 0   272.842 0     0.0 0     0.0 0     0.0 0   -15.6 0   -15.6 0    -0.4 0    68.1 0    10.1 0   254.9 0   953.8 0
 2026  15  1 15  7 47  7.783 143.54    -0.6 0     0.9 0     0.7 0     0.1 0   293.8 0   273.271 0   272.955 0   308.6 0   272.712 0   272.782 0     0.0 0     0.0 0     0.0 0   -14.9 0   -14.9 0    -0.4 0    68.4 0    10.4 0   255.4 0   953.8 0
 2026  15  1 15  7 48  7.800 143.36    -0.6 0     0.9 0     0.7 0     0.1 0   293.5 0   273.218 0   272.898 0   308.5 0   272.652 0   272.725 0     0.0 0     0.0 0     0.0 0   -15.0 0   -15.0 0    -0.5 0    68.7 0    11.8 0   256.7 0   953.8 0
 2026  15  1 15  7 49  7.817 143.19    -0.6 0     0.9 0     0.6 0     0.1 0   293.2 0   273.166 0   272.862 0   308.4 0   272.595 0   272.672 0     0.0 0     0.0 0     0.0 0   -15.2 0   -15.2 0    -0.5 0    69.3 0    10.8 0   251.2 0   953.9 0
 2026  15  1 15  7 50  7.833 143.01    -0.6 0     0.9 0     0.6 0     0.1 0   292.9 0   273.116 0   272.813 0   308.3 0   272.540 0   272.618 0     0.0 0     0.0 0     0.0 0   -15.3 0   -15.3 0    -0.6 0    70.6 0    10.2 0   256.8 0   953.9 0
 2026  15  1 15  7 51  7.850 142.83    -0.6 0     0.8 0     0.5 0     0.1 0   292.3 0   273.067 0   272.785 0   308.1 0   272.489 0   272.571 0     0.0 0     0.0 0     0.0 0   -15.9 0   -15.9 0    -0.6 0    71.5 0     8.3 0   263.2 0   954.0 0
 2026  15  1 15  7 52  7.867 142.65    -0.6 0     0.7 0     0.5 0     0.1 0   291.7 0   273.020 0   272.752 0   308.0 0   272.441 0   272.526 0     0.0 0     0.0 0     0.0 0   -16.2 0   -16.2 0    -0.6 0    71.7 0     6.7 0   272.9 0   954.0 0
 2026  15  1 15  7 53  7.883 142.48    -0.6 0     0.6 0     0.5 0     0.1 0   291.0 0   272.977 0   272.721 0   307.8 0   272.401 0   272.485 0     0.0 0     0.0 0     0.0 0   -16.9 0   -16.9 0    -0.7 0    72.9 0     5.5 0   274.7 0   953.9 0
 2026  15  1 15  7 54  7.900 142.30    -0.6 0     0.6 0     0.5 0     0.1 0   290.1 0   272.935 0   272.682 0   307.7 0   272.361 0   272.444 0     0.0 0     0.0 0     0.0 0   -17.6 0   -17.6 0    -0.7 0    72.4 0     7.0 0   269.3 0   954.0 0
 2026  15  1 15  7 55  7.917 142.12    -0.5 0     0.7 0     0.4 0     0.1 0   289.8 0   272.893 0   272.633 0   307.4 0   272.320 0   272.402 0     0.0 0     0.0 0     0.0 0   -17.6 0   -17.6 0    -0.7 0    71.1 0     7.1 0   278.0 0   954.0 0
 2026  15  1 15  7 56  7.933 141.94    -0.5 0     0.7 0     0.5 0     0.1 0   290.2 0   272.848 0   272.583 0   307.2 0   272.277 0   272.356 0     0.0 0     0.0 0     0.0 0   -17.0 0   -17.0 0    -0.8 0    69.8 0     8.0 0   279.0 0   954.1 0
 2026  15  1 15  7 57  7.950 141.76    -0.5 0     0.8 0     0.5 0     0.1 0   290.5 0   272.804 0   272.540 0   307.1 0   272.232 0   272.314 0     0.0 0     0.0 0     0.0 0   -16.6 0   -16.6 0    -0.8 0    69.8 0     8.2 0   273.4 0   954.1 0
 2026  15  1 15  7 58  7.967 141.58    -0.5 0     0.7 0     0.5 0     0.1 0   290.8 0   272.761 0   272.498 0   306.9 0   272.187 0   272.271 0     0.0 0     0.0 0     0.0 0   -16.1 0   -16.1 0    -0.9 0    69.3 0     6.3 0   280.5 0   954.1 0
 2026  15  1 15  7 59  7.983 141.40    -0.5 0     0.7 0     0.4 0     0.1 0   290.8 0   272.719 0   272.473 0   306.8 0   272.148 0   272.232 0     0.0 0     0.0 0     0.0 0   -15.9 0   -15.9 0    -0.9 0    70.0 0     6.4 0   290.0 0   954.1 0
 2026  15  1 15  8  0  8.000 141.22    -0.6 0     0.7 0     0.4 0     0.1 0   290.4 0   272.680 0   272.425 0   306.6 0   272.109 0   272.190 0     0.0 0     0.0 0     0.0 0   -16.2 0   -16.2 0    -0.9 0    69.3 0     7.4 0   281.4 0   954.2 0
 2026  15  1 15  8  1  8.017 141.04    -0.5 0     0.8 0     0.4 0     0.1 0   290.5 0   272.640 0   272.379 0   306.4 0   272.068 0   272.151 0     0.0 0     0.0 0     0.0 0   -15.9 0   -15.9 0    -1.0 0    68.0 0     7.2 0   291.6 0   954.1 0
 2026  15  1 15  8  2  8.033 140.86    -0.5 0     0.7 0     0.4 0     0.1 0   290.2 0   272.600 0   272.351 0   306.3 0   272.028 0   272.120 0     0.0 0     0.0 0     0.0 0   -16.1 0   -16.1 0    -1.0 0    68.8 0     6.4 0   277.7 0   954.1 0
 2026  15  1 15  8  3  8.050 140.68    -0.6 0     0.6 0     0.4 0     0.1 0   288.8 0   272.564 0   272.319 0   306.2 0   271.993 0   272.082 0     0.0 0     0.0 0     0.0 0   -17.5 0   -17.5 0    -1.0 0    69.5 0     7.1 0   287.7 0   954.0 0
 2026  15  1 15  8  4  8.067 140.50    -0.6 0     0.7 0     0.4 0     0.1 0   286.0 0   272.529 0   272.272 0   306.0 0   271.956 0   272.043 0     0.0 0     0.0 0     0.0 0   -20.0 0   -20.0 0    -1.0 0    68.2 0     8.5 0   280.2 0   954.0 0
 2026  15  1 15  8  5  8.083 140.32    -0.6 0     0.6 0     0.4 0     0.1 0   283.5 0   272.493 0   272.237 0   305.9 0   271.920 0   272.011 0     0.0 0     0.0 0     0.0 0   -22.4 0   -22.4 0    -1.0 0    68.8 0     8.9 0   281.6 0   954.1 0
 2026  15  1 15  8  6  8.100 140.14    -0.6 0     0.7 0     0.3 0     0.1 0   281.9 0   272.458 0   272.179 0   305.6 0   271.883 0   271.972 0     0.0 0     0.0 0     0.0 0   -23.7 0   -23.7 0    -1.1 0    67.1 0    10.4 0   267.7 0   954.0 0
 2026  15  1 15  8  7  8.117 139.96    -0.6 0     0.7 0     0.4 0     0.1 0   283.9 0   272.422 0   272.150 0   305.4 0   271.844 0   271.931 0     0.0 0     0.0 0     0.0 0   -21.6 0   -21.6 0    -1.1 0    68.1 0     8.7 0   269.9 0   954.1 0
 2026  15  1 15  8  8  8.133 139.77    -0.7 0     0.6 0     0.4 0     0.1 0   285.1 0   272.386 0   272.124 0   305.4 0   271.807 0   271.899 0     0.0 0     0.0 0     0.0 0   -20.3 0   -20.3 0    -1.1 0    67.6 0     9.9 0   280.0 0   954.1 0
 2026  15  1 15  8  9  8.150 139.59    -0.7 0     0.6 0     0.4 0     0.1 0   284.2 0   272.352 0   272.092 0   305.2 0   271.771 0   271.865 0     0.0 0     0.0 0     0.0 0   -21.0 0   -21.0 0    -1.2 0    67.2 0     8.5 0   275.7 0   954.1 0
 2026  15  1 15  8 10  8.167 139.41    -0.7 0     0.6 0     0.3 0     0.1 0   280.8 0   272.318 0   272.060 0   305.0 0   271.738 0   271.833 0     0.0 0     0.0 0     0.0 0   -24.2 0   -24.2 0    -1.2 0    68.6 0     8.2 0   271.6 0   954.2 0
 2026  15  1 15  8 11  8.183 139.23    -0.8 0     0.5 0     0.3 0     0.1 0   278.0 0   272.287 0   272.032 0   304.8 0   271.707 0   271.806 0     0.0 0     0.0 0     0.0 0   -26.8 0   -26.8 0    -1.2 0    68.7 0     7.3 0   265.2 0   954.3 0
 2026  15  1 15  8 12  8.200 139.05    -0.7 0     0.6 0     0.3 0     0.1 0   279.0 0   272.253 0   271.973 0   304.6 0   271.676 0   271.762 0     0.0 0     0.0 0     0.0 0   -25.5 0   -25.5 0    -1.3 0    65.8 0    11.0 0   273.5 0   954.3 0
 2026  15  1 15  8 13  8.217 138.86    -0.7 0     0.7 0     0.4 0     0.1 0   276.7 0   272.215 0   271.918 0   304.6 0   271.636 0   271.692 0     0.0 0     0.0 0     0.0 0   -27.8 0   -27.8 0    -1.3 0    64.9 0    11.1 0   267.1 0   954.3 0
 2026  15  1 15  8 14  8.233 138.68    -0.7 0     0.8 0     0.5 0     0.1 0   275.3 0   272.174 0   271.855 0   304.1 0   271.592 0   271.643 0     0.0 0     0.0 0     0.0 0   -28.8 0   -28.8 0    -1.4 0    63.4 0    10.1 0   262.0 0   954.3 0
 2026  15  1 15  8 15  8.250 138.50    -0.7 0     0.8 0     0.5 0     0.1 0   277.7 0   272.129 0   271.809 0   304.0 0   271.546 0   271.595 0     0.0 0     0.0 0     0.0 0   -26.3 0   -26.3 0    -1.4 0    65.7 0    10.1 0   255.4 0   954.3 0
 2026  15  1 15  8 16  8.267 138.31    -0.7 0     0.9 0     0.5 0     0.2 0   280.6 0   272.083 0   271.749 0   303.9 0   271.498 0   271.540 0     0.0 0     0.0 0     0.0 0   -23.3 0   -23.3 0    -1.5 0    65.9 0    10.7 0   258.8 0   954.3 0
 2026  15  1 15  8 17  8.283 138.13    -0.7 0     0.9 0     0.6 0     0.2 0   281.8 0   272.034 0   271.703 0   303.7 0   271.445 0   271.487 0     0.0 0     0.0 0     0.0 0   -21.9 0   -21.9 0    -1.6 0    65.5 0    10.6 0   260.1 0   954.3 0
 2026  15  1 15  8 18  8.300 137.95    -0.7 0     0.9 0     0.6 0     0.2 0   283.6 0   271.984 0   271.664 0   303.6 0   271.392 0   271.437 0     0.0 0     0.0 0     0.0 0   -20.0 0   -20.0 0    -1.7 0    65.3 0    10.2 0   258.5 0   954.4 0
 2026  15  1 15  8 19  8.317 137.76    -0.6 0     0.8 0     0.5 0     0.1 0   284.8 0   271.934 0   271.633 0   303.5 0   271.342 0   271.392 0     0.0 0     0.0 0     0.0 0   -18.7 0   -18.7 0    -1.7 0    65.4 0     9.5 0   263.2 0   954.4 0
 2026  15  1 15  8 20  8.333 137.58    -0.7 0     0.8 0     0.5 0     0.1 0   285.3 0   271.887 0   271.596 0   303.5 0   271.296 0   271.347 0     0.0 0     0.0 0     0.0 0   -18.2 0   -18.2 0    -1.7 0    65.8 0    10.0 0   263.0 0   954.4 0
 2026  15  1 15  8 21  8.350 137.39    -0.7 0     0.7 0     0.4 0     0.1 0   285.9 0   271.844 0   271.562 0   303.4 0   271.254 0   271.309 0     0.0 0     0.0 0     0.0 0   -17.5 0   -17.5 0    -1.7 0    65.1 0    10.5 0   256.6 0   954.4 0
 2026  15  1 15  8 22  8.367 137.21    -0.6 0     0.6 0     0.4 0     0.1 0   286.3 0   271.804 0   271.533 0   303.3 0   271.214 0   271.273 0     0.0 0     0.0 0     0.0 0   -17.0 0   -17.0 0    -1.8 0    66.5 0     7.6 0   254.4 0   954.4 0
 2026  15  1 15  8 23  8.383 137.03    -0.6 0     0.6 0     0.4 0     0.1 0   286.4 0   271.764 0   271.498 0   303.3 0   271.178 0   271.237 0     0.0 0     0.0 0     0.0 0   -16.9 0   -16.9 0    -1.8 0    67.9 0     8.2 0   254.7 0   954.4 0
 2026  15  1 15  8 24  8.400 136.84    -0.6 0     0.6 0     0.3 0     0.1 0   286.6 0   271.725 0   271.464 0   303.2 0   271.142 0   271.200 0     0.0 0     0.0 0     0.0 0   -16.6 0   -16.6 0    -1.8 0    66.5 0     9.5 0   252.9 0   954.3 0
 2026  15  1 15  8 25  8.417 136.66    -0.6 0     0.6 0     0.3 0     0.1 0   286.9 0   271.687 0   271.430 0   303.1 0   271.106 0   271.167 0     0.0 0     0.0 0     0.0 0   -16.1 0   -16.1 0    -1.9 0    67.2 0     8.9 0   250.7 0   954.3 0
 2026  15  1 15  8 26  8.433 136.47    -0.6 0     0.6 0     0.3 0     0.1 0   287.3 0   271.650 0   271.403 0   303.0 0   271.072 0   271.135 0     0.0 0     0.0 0     0.0 0   -15.7 0   -15.7 0    -1.9 0    67.7 0     8.4 0   252.1 0   954.4 0
 2026  15  1 15  8 27  8.450 136.29    -0.7 0     0.5 0     0.3 0     0.1 0   287.6 0   271.616 0   271.373 0   303.0 0   271.040 0   271.106 0     0.0 0     0.0 0     0.0 0   -15.4 0   -15.4 0    -1.9 0    68.1 0     8.6 0   256.0 0   954.4 0
 2026  15  1 15  8 28  8.467 136.10    -0.7 0     0.5 0     0.3 0     0.1 0   287.8 0   271.583 0   271.353 0   302.9 0   271.011 0   271.080 0     0.0 0     0.0 0     0.0 0   -15.2 0   -15.2 0    -1.9 0    67.8 0     8.0 0   254.5 0   954.5 0
 2026  15  1 15  8 29  8.483 135.92    -0.7 0     0.5 0     0.3 0     0.1 0   287.5 0   271.553 0   271.326 0   302.9 0   270.983 0   271.050 0     0.0 0     0.0 0     0.0 0   -15.4 0   -15.4 0    -1.9 0    68.3 0     9.0 0   250.6 0   954.5 0
 2026  15  1 15  8 30  8.500 135.73    -0.7 0     0.4 0     0.3 0     0.1 0   287.2 0   271.524 0   271.312 0   302.8 0   270.956 0   271.027 0     0.0 0     0.0 0     0.0 0   -15.6 0   -15.6 0    -1.9 0    67.9 0     7.6 0   260.9 0   954.5 0
 2026  15  1 15  8 31  8.517 135.54    -0.8 0     0.4 0     0.3 0     0.1 0   287.2 0   271.500 0   271.295 0   302.8 0   270.932 0   271.004 0     0.0 0     0.0 0     0.0 0   -15.6 0   -15.6 0    -2.0 0    68.8 0     7.5 0   270.7 0   954.5 0
 2026  15  1 15  8 32  8.533 135.36    -0.8 0     0.4 0     0.3 0     0.1 0   286.9 0   271.478 0   271.282 0   302.8 0   270.910 0   270.982 0     0.0 0     0.0 0     0.0 0   -15.9 0   -15.9 0    -2.0 0    70.7 0     6.2 0   281.5 0   954.5 0
 2026  15  1 15  8 33  8.550 135.17    -0.8 0     0.5 0     0.3 0     0.1 0   286.3 0   271.457 0   271.252 0   302.6 0   270.888 0   270.953 0     0.0 0     0.0 0     0.0 0   -16.3 0   -16.3 0    -2.0 0    69.6 0     8.3 0   282.3 0   954.5 0
 2026  15  1 15  8 34  8.567 134.99    -0.8 0     0.7 0     0.4 0     0.1 0   285.7 0   271.433 0   271.201 0   302.1 0   270.856 0   270.907 0     0.0 0     0.0 0     0.0 0   -16.4 0   -16.4 0    -2.1 0    68.1 0     9.0 0   279.6 0   954.5 0
 2026  15  1 15  8 35  8.583 134.80    -0.7 0     0.8 0     0.6 0     0.1 0   285.2 0   271.399 0   271.128 0   301.7 0   270.812 0   270.857 0     0.0 0     0.0 0     0.0 0   -16.4 0   -16.4 0    -2.2 0    68.1 0     7.1 0   287.1 0   954.5 0
 2026  15  1 15  8 36  8.600 134.62    -0.6 0     0.9 0     0.6 0     0.1 0   284.9 0   271.358 0   271.083 0   301.5 0   270.766 0   270.807 0     0.0 0     0.0 0     0.0 0   -16.6 0   -16.6 0    -2.3 0    68.8 0     8.2 0   279.1 0   954.5 0
 2026  15  1 15  8 37  8.617 134.43    -0.5 0     1.1 0     0.8 0     0.1 0   284.9 0   271.313 0   270.985 0   301.0 0   270.710 0   270.737 0     0.0 0     0.0 0     0.0 0   -16.1 0   -16.1 0    -2.4 0    66.9 0    12.8 0   276.3 0   954.5 0
 2026  15  1 15  8 38  8.633 134.24    -0.5 0     1.2 0     0.9 0     0.2 0   284.6 0   271.262 0   270.924 0   300.8 0   270.642 0   270.673 0     0.0 0     0.0 0     0.0 0   -16.1 0   -16.1 0    -2.5 0    66.5 0    11.6 0   275.4 0   954.5 0
 2026  15  1 15  8 39  8.650 134.06    -0.6 0     1.1 0     0.8 0     0.2 0   284.0 0   271.212 0   270.893 0   300.6 0   270.579 0   270.620 0     0.0 0     0.0 0     0.0 0   -16.6 0   -16.6 0    -2.5 0    67.4 0    10.4 0   271.0 0   954.5 0
 2026  15  1 15  8 40  8.667 133.87    -0.6 0     1.0 0     0.7 0     0.1 0   283.4 0   271.162 0   270.853 0   300.5 0   270.521 0   270.566 0     0.0 0     0.0 0     0.0 0   -17.1 0   -17.1 0    -2.6 0    67.9 0    10.0 0   273.2 0   954.5 0
 2026  15  1 15  8 41  8.683 133.68    -0.6 0     1.0 0     0.6 0     0.1 0   282.4 0   271.113 0   270.797 0   300.4 0   270.467 0   270.516 0     0.0 0     0.0 0     0.0 0   -18.0 0   -18.0 0    -2.6 0    67.3 0    11.9 0   269.9 0   954.6 0
 2026  15  1 15  8 42  8.700 133.49    -0.6 0     0.9 0     0.6 0     0.1 0   282.3 0   271.066 0   270.773 0   300.3 0   270.417 0   270.472 0     0.0 0     0.0 0     0.0 0   -18.0 0   -18.0 0    -2.6 0    68.6 0     9.3 0   280.7 0   954.6 0
 2026  15  1 15  8 43  8.717 133.31    -0.6 0     0.9 0     0.5 0     0.1 0   282.3 0   271.023 0   270.741 0   300.1 0   270.373 0   270.426 0     0.0 0     0.0 0     0.0 0   -17.8 0   -17.8 0    -2.6 0    67.8 0     9.4 0   272.7 0   954.7 0
 2026  15  1 15  8 44  8.733 133.12    -0.6 0     0.8 0     0.5 0     0.1 0   281.9 0   270.979 0   270.692 0   299.9 0   270.331 0   270.387 0     0.0 0     0.0 0     0.0 0   -18.1 0   -18.1 0    -2.7 0    67.8 0     8.0 0   268.0 0   954.6 0
 2026  15  1 15  8 45  8.750 132.93    -0.6 0     0.8 0     0.5 0     0.1 0   281.9 0   270.934 0   270.645 0   299.8 0   270.290 0   270.345 0     0.0 0     0.0 0     0.0 0   -17.9 0   -17.9 0    -2.7 0    67.4 0     8.5 0   268.6 0   954.6 0
 2026  15  1 15  8 46  8.767 132.75    -0.6 0     0.8 0     0.5 0     0.1 0   282.0 0   270.888 0   270.583 0   299.5 0   270.248 0   270.296 0     0.0 0     0.0 0     0.0 0   -17.5 0   -17.5 0    -2.8 0    66.9 0    11.3 0   281.2 0   954.6 0
 2026  15  1 15  8 47  8.783 132.56    -0.6 0     1.0 0     0.6 0     0.2 0   282.0 0   270.843 0   270.538 0   299.3 0   270.197 0   270.239 0     0.0 0     0.0 0     0.0 0   -17.2 0   -17.2 0    -2.8 0    66.7 0    10.5 0   280.4 0   954.7 0
 2026  15  1 15  8 48  8.800 132.37    -0.6 0     1.1 0     0.6 0     0.1 0   282.3 0   270.797 0   270.480 0   299.0 0   270.143 0   270.185 0     0.0 0     0.0 0     0.0 0   -16.7 0   -16.7 0    -2.9 0    65.8 0    12.4 0   280.3 0   954.6 0
 2026  15  1 15  8 49  8.817 132.18    -0.6 0     1.0 0     0.5 0     0.2 0   282.5 0   270.751 0   270.459 0   299.0 0   270.090 0   270.140 0     0.0 0     0.0 0     0.0 0   -16.6 0   -16.6 0    -2.9 0    66.9 0    11.2 0   281.4 0   954.6 0
 2026  15  1 15  8 50  8.833 132.00    -0.7 0     0.9 0     0.5 0     0.1 0   282.3 0   270.710 0   270.425 0   298.9 0   270.043 0   270.100 0     0.0 0     0.0 0     0.0 0   -16.7 0   -16.7 0    -2.9 0    66.5 0    11.7 0   275.3 0   954.6 0
 2026  15  1 15  8 51  8.850 131.81    -0.7 0     0.9 0     0.4 0     0.1 0   281.1 0   270.669 0   270.388 0   298.8 0   270.001 0   270.063 0     0.0 0     0.0 0     0.0 0   -17.8 0   -17.8 0    -3.0 0    65.8 0    10.8 0   279.1 0   954.6 0
 2026  15  1 15  8 52  8.867 131.62    -0.7 0     0.7 0     0.3 0     0.1 0   280.5 0   270.631 0   270.378 0   298.8 0   269.965 0   270.036 0     0.0 0     0.0 0     0.0 0   -18.3 0   -18.3 0    -3.0 0    67.2 0     8.6 0   276.5 0   954.6 0
 2026  15  1 15  8 53  8.883 131.43    -0.8 0     0.6 0     0.3 0     0.1 0   280.7 0   270.598 0   270.368 0   298.8 0   269.937 0   270.012 0     0.0 0     0.0 0     0.0 0   -18.1 0   -18.1 0    -2.9 0    68.4 0     8.4 0   276.7 0   954.7 0
 2026  15  1 15  8 54  8.900 131.24    -0.8 0     0.5 0     0.2 0     0.1 0   280.7 0   270.569 0   270.329 0   298.7 0   269.912 0   269.983 0     0.0 0     0.0 0     0.0 0   -18.0 0   -18.0 0    -3.0 0    67.6 0     9.3 0   273.6 0   954.6 0
 2026  15  1 15  8 55  8.917 131.06    -0.7 0     0.6 0     0.3 0     0.1 0   280.5 0   270.537 0   270.289 0   298.5 0   269.885 0   269.955 0     0.0 0     0.0 0     0.0 0   -18.0 0   -18.0 0    -3.0 0    66.1 0    10.1 0   277.1 0   954.6 0
 2026  15  1 15  8 56  8.933 130.87    -0.8 0     0.5 0     0.2 0     0.1 0   280.2 0   270.507 0   270.280 0   298.5 0   269.859 0   269.934 0     0.0 0     0.0 0     0.0 0   -18.3 0   -18.3 0    -3.0 0    65.8 0     9.2 0   286.6 0   954.5 0
 2026  15  1 15  8 57  8.950 130.68    -0.8 0     0.5 0     0.2 0     0.1 0   280.1 0   270.482 0   270.265 0   298.4 0   269.837 0   269.916 0     0.0 0     0.0 0     0.0 0   -18.3 0   -18.3 0    -3.0 0    65.9 0    10.1 0   277.8 0   954.6 0
 2026  15  1 15  8 58  8.967 130.49    -0.8 0     0.5 0     0.2 0     0.1 0   280.3 0   270.458 0   270.227 0   298.4 0   269.816 0   269.894 0     0.0 0     0.0 0     0.0 0   -18.0 0   -18.0 0    -3.0 0    65.4 0    10.7 0   266.1 0   954.5 0
 2026  15  1 15  8 59  8.983 130.30    -0.9 0     0.4 0     0.2 0     0.1 0   280.7 0   270.436 0   270.228 0   298.4 0   269.796 0   269.877 0     0.0 0     0.0 0     0.0 0   -17.7 0   -17.7 0    -3.0 0    66.6 0     9.0 0   263.0 0   954.6 0
 2026  15  1 15  9  0  9.000 130.12    -0.9 0     0.4 0     0.1 0     0.1 0   281.0 0   270.415 0   270.216 0   298.4 0   269.780 0   269.864 0     0.0 0     0.0 0     0.0 0   -17.3 0   -17.3 0    -3.0 0    66.6 0     8.6 0   264.7 0   954.6 0
 2026  15  1 15  9  1  9.017 129.93    -0.9 0     0.3 0     0.1 0     0.1 0   281.0 0   270.397 0   270.204 0   298.4 0   269.765 0   269.850 0     0.0 0     0.0 0     0.0 0   -17.3 0   -17.3 0    -3.0 0    66.5 0     9.8 0   267.6 0   954.6 0
 2026  15  1 15  9  2  9.033 129.74    -0.9 0     0.3 0     0.1 0     0.1 0   281.3 0   270.382 0   270.188 0   298.3 0   269.751 0   269.836 0     0.0 0     0.0 0     0.0 0   -17.1 0   -17.1 0    -3.0 0    66.6 0     9.8 0   265.7 0   954.6 0
 2026  15  1 15  9  3  9.050 129.55    -1.0 0     0.4 0     0.2 0     0.1 0   281.8 0   270.366 0   270.163 0   298.2 0   269.735 0   269.818 0     0.0 0     0.0 0     0.0 0   -16.4 0   -16.4 0    -3.1 0    65.3 0    10.4 0   264.9 0   954.6 0
 2026  15  1 15  9  4  9.067 129.36    -1.0 0     0.3 0     0.2 0     0.1 0   281.9 0   270.348 0   270.158 0   298.2 0   269.719 0   269.803 0     0.0 0     0.0 0     0.0 0   -16.3 0   -16.3 0    -3.1 0    67.3 0     8.1 0   260.8 0   954.6 0
 2026  15  1 15  9  5  9.083 129.17    -1.0 0     0.3 0     0.2 0     0.1 0   281.8 0   270.332 0   270.143 0   298.1 0   269.704 0   269.786 0     0.0 0     0.0 0     0.0 0   -16.4 0   -16.4 0    -3.1 0    67.7 0     9.1 0   260.9 0   954.7 0
 2026  15  1 15  9  6  9.100 128.98    -1.0 0     0.3 0     0.2 0     0.1 0   281.3 0   270.316 0   270.122 0   298.2 0   269.688 0   269.772 0     0.0 0     0.0 0     0.0 0   -16.8 0   -16.8 0    -3.1 0    67.8 0    10.0 0   257.3 0   954.7 0
 2026  15  1 15  9  7  9.117 128.79    -1.0 0     0.4 0     0.2 0     0.1 0   281.0 0   270.298 0   270.095 0   297.8 0   269.672 0   269.753 0     0.0 0     0.0 0     0.0 0   -16.9 0   -16.9 0    -3.1 0    65.2 0     9.0 0   268.7 0   954.7 0
 2026  15  1 15  9  8  9.133 128.61    -1.0 0     0.3 0     0.2 0     0.1 0   280.7 0   270.280 0   270.089 0   297.9 0   269.656 0   269.742 0     0.0 0     0.0 0     0.0 0   -17.2 0   -17.2 0    -3.1 0    66.7 0     9.2 0   258.5 0   954.7 0
 2026  15  1 15  9  9  9.150 128.42    -1.0 0     0.3 0     0.2 0     0.1 0   280.7 0   270.265 0   270.073 0   297.8 0   269.643 0   269.728 0     0.0 0     0.0 0     0.0 0   -17.1 0   -17.1 0    -3.1 0    67.2 0     8.6 0   258.8 0   954.6 0
 2026  15  1 15  9 10  9.167 128.23    -1.0 0     0.3 0     0.3 0     0.1 0   280.6 0   270.249 0   270.054 0   297.8 0   269.629 0   269.711 0     0.0 0     0.0 0     0.0 0   -17.2 0   -17.2 0    -3.2 0    67.3 0     9.9 0   267.3 0   954.6 0
 2026  15  1 15  9 11  9.183 128.04    -1.0 0     0.3 0     0.3 0     0.1 0   280.0 0   270.234 0   270.046 0   297.7 0   269.613 0   269.697 0     0.0 0     0.0 0     0.0 0   -17.7 0   -17.7 0    -3.2 0    67.1 0     8.7 0   267.9 0   954.6 0
 2026  15  1 15  9 12  9.200 127.85    -1.0 0     0.3 0     0.3 0     0.1 0   280.1 0   270.218 0   270.025 0   297.6 0   269.597 0   269.680 0     0.0 0     0.0 0     0.0 0   -17.5 0   -17.5 0    -3.2 0    67.0 0     9.0 0   272.4 0   954.6 0
 2026  15  1 15  9 13  9.217 127.66    -1.1 0     0.3 0     0.3 0     0.1 0   280.0 0   270.202 0   270.009 0   297.5 0   269.580 0   269.660 0     0.0 0     0.0 0     0.0 0   -17.5 0   -17.5 0    -3.2 0    67.6 0     8.5 0   270.6 0   954.6 0
 2026  15  1 15  9 14  9.233 127.47    -1.0 0     0.3 0     0.3 0     0.1 0   280.0 0   270.186 0   269.989 0   297.5 0   269.561 0   269.641 0     0.0 0     0.0 0     0.0 0   -17.4 0   -17.4 0    -3.3 0    68.1 0     9.1 0   272.1 0   954.6 0
 2026  15  1 15  9 15  9.250 127.28    -1.0 0     0.4 0     0.4 0     0.1 0   279.6 0   270.168 0   269.963 0   297.3 0   269.541 0   269.620 0     0.0 0     0.0 0     0.0 0   -17.7 0   -17.7 0    -3.3 0    66.9 0     9.3 0   272.5 0   954.6 0
 2026  15  1 15  9 16  9.267 127.09    -1.0 0     0.3 0     0.3 0     0.1 0   279.2 0   270.149 0   269.954 0   297.2 0   269.521 0   269.605 0     0.0 0     0.0 0     0.0 0   -18.0 0   -18.0 0    -3.3 0    67.5 0     6.9 0   265.8 0   954.6 0
 2026  15  1 15  9 17  9.283 126.90    -1.0 0     0.2 0     0.3 0     0.1 0   279.3 0   270.134 0   269.954 0   297.4 0   269.507 0   269.594 0     0.0 0     0.0 0     0.0 0   -18.1 0   -18.1 0    -3.3 0    69.8 0     6.6 0   261.4 0   954.7 0
 2026  15  1 15  9 18  9.300 126.71    -1.0 0     0.3 0     0.3 0     0.1 0   279.7 0   270.120 0   269.927 0   297.2 0   269.493 0   269.573 0     0.0 0     0.0 0     0.0 0   -17.5 0   -17.5 0    -3.3 0    67.3 0     9.0 0   259.6 0   954.7 0
 2026  15  1 15  9 19  9.317 126.52    -0.9 0     0.4 0     0.3 0     0.1 0   280.0 0   270.101 0   269.893 0   297.0 0   269.474 0   269.551 0     0.0 0     0.0 0     0.0 0   -17.1 0   -17.1 0    -3.3 0    68.3 0     8.2 0   252.3 0   954.7 0
 2026  15  1 15  9 20  9.333 126.34    -0.8 0     0.5 0     0.3 0     0.1 0   280.0 0   270.076 0   269.843 0   296.9 0   269.450 0   269.523 0     0.0 0     0.0 0     0.0 0   -16.9 0   -16.9 0    -3.4 0    67.5 0     9.6 0   256.5 0   954.8 0
 2026  15  1 15  9 21  9.350 126.15    -0.9 0     0.4 0     0.3 0     0.1 0   280.3 0   270.049 0   269.839 0   296.8 0   269.424 0   269.501 0     0.0 0     0.0 0     0.0 0   -16.5 0   -16.5 0    -3.4 0    67.1 0     8.8 0   259.8 0   954.8 0
 2026  15  1 15  9 22  9.367 125.96    -0.9 0     0.4 0     0.3 0     0.1 0   280.7 0   270.027 0   269.827 0   296.9 0   269.403 0   269.485 0     0.0 0     0.0 0     0.0 0   -16.2 0   -16.2 0    -3.4 0    67.7 0     8.9 0   256.8 0   954.8 0
 2026  15  1 15  9 23  9.383 125.77    -0.9 0     0.4 0     0.3 0     0.1 0   280.9 0   270.006 0   269.808 0   296.7 0   269.384 0   269.464 0     0.0 0     0.0 0     0.0 0   -15.9 0   -15.9 0    -3.5 0    66.5 0     8.9 0   260.6 0   954.8 0
 2026  15  1 15  9 24  9.400 125.58    -0.9 0     0.4 0     0.3 0     0.1 0   280.9 0   269.985 0   269.767 0   296.6 0   269.362 0   269.439 0     0.0 0     0.0 0     0.0 0   -15.7 0   -15.7 0    -3.5 0    67.1 0    10.3 0   255.8 0   954.8 0
 2026  15  1 15  9 25  9.417 125.39    -0.8 0     0.5 0     0.4 0     0.1 0   281.1 0   269.960 0   269.732 0   296.5 0   269.336 0   269.410 0     0.0 0     0.0 0     0.0 0   -15.4 0   -15.4 0    -3.5 0    67.1 0    10.3 0   262.9 0   954.8 0
 2026  15  1 15  9 26  9.433 125.20    -0.9 0     0.5 0     0.5 0     0.1 0   281.3 0   269.933 0   269.705 0   296.3 0   269.307 0   269.380 0     0.0 0     0.0 0     0.0 0   -15.1 0   -15.1 0    -3.6 0    67.2 0     9.1 0   264.5 0   954.7 0
 2026  15  1 15  9 27  9.450 125.01    -0.9 0     0.4 0     0.4 0     0.1 0   281.2 0   269.907 0   269.700 0   296.4 0   269.280 0   269.358 0     0.0 0     0.0 0     0.0 0   -15.1 0   -15.1 0    -3.6 0    68.1 0     8.3 0   265.5 0   954.7 0
 2026  15  1 15  9 28  9.467 124.82    -0.9 0     0.4 0     0.4 0     0.1 0   281.3 0   269.885 0   269.696 0   296.4 0   269.258 0   269.341 0     0.0 0     0.0 0     0.0 0   -15.1 0   -15.1 0    -3.6 0    68.4 0     8.1 0   264.9 0   954.7 0
 2026  15  1 15  9 29  9.483 124.63    -0.9 0     0.3 0     0.3 0     0.1 0   281.2 0   269.866 0   269.680 0   296.3 0   269.240 0   269.323 0     0.0 0     0.0 0     0.0 0   -15.1 0   -15.1 0    -3.6 0    69.6 0     6.9 0   262.5 0   954.7 0
 2026  15  1 15  9 30  9.500 124.44    -0.9 0     0.3 0     0.3 0     0.1 0   281.2 0   269.848 0   269.657 0   296.3 0   269.221 0   269.302 0     0.0 0     0.0 0     0.0 0   -15.1 0   -15.1 0    -3.6 0    70.8 0     7.6 0   258.0 0   954.7 0
 2026  15  1 15  9 31  9.517 124.25    -0.9 0     0.3 0     0.3 0     0.1 0   280.7 0   269.826 0   269.619 0   296.3 0   269.200 0   269.282 0     0.0 0     0.0 0     0.0 0   -15.5 0   -15.5 0    -3.7 0    70.4 0     8.0 0   257.0 0   954.8 0
 2026  15  1 15  9 32  9.533 124.06    -0.8 0     0.4 0     0.3 0     0.1 0   280.3 0   269.803 0   269.601 0   296.2 0   269.180 0   269.260 0     0.0 0     0.0 0     0.0 0   -15.9 0   -15.9 0    -3.7 0    70.0 0     9.6 0   255.8 0   954.7 0
 2026  15  1 15  9 33  9.550 123.87    -0.8 0     0.4 0     0.3 0     0.1 0   279.9 0   269.781 0   269.579 0   296.0 0   269.157 0   269.235 0     0.0 0     0.0 0     0.0 0   -16.0 0   -16.0 0    -3.7 0    69.0 0     8.7 0   259.8 0   954.8 0
 2026  15  1 15  9 34  9.567 123.68    -0.8 0     0.4 0     0.3 0     0.1 0   279.9 0   269.758 0   269.556 0   295.9 0   269.134 0   269.216 0     0.0 0     0.0 0     0.0 0   -16.0 0   -16.0 0    -3.7 0    68.3 0     8.1 0   256.9 0   954.7 0
 2026  15  1 15  9 35  9.583 123.49    -0.9 0     0.3 0     0.3 0     0.1 0   279.7 0   269.738 0   269.551 0   295.9 0   269.115 0   269.201 0     0.0 0     0.0 0     0.0 0   -16.3 0   -16.3 0    -3.7 0    69.6 0     8.1 0   257.2 0   954.8 0
 2026  15  1 15  9 36  9.600 123.30    -0.9 0     0.5 0     0.4 0     0.1 0   279.1 0   269.718 0   269.491 0   295.6 0   269.094 0   269.167 0     0.0 0     0.0 0     0.0 0   -16.5 0   -16.5 0    -3.8 0    69.2 0     9.9 0   261.3 0   954.8 0
 2026  15  1 15  9 37  9.617 123.11    -0.9 0     0.4 0     0.4 0     0.1 0   279.2 0   269.693 0   269.483 0   295.6 0   269.067 0   269.144 0     0.0 0     0.0 0     0.0 0   -16.4 0   -16.4 0    -3.8 0    70.3 0     9.8 0   257.6 0   954.8 0
 2026  15  1 15  9 38  9.633 122.92    -0.9 0     0.5 0     0.4 0     0.1 0   279.1 0   269.669 0   269.450 0   295.4 0   269.040 0   269.117 0     0.0 0     0.0 0     0.0 0   -16.4 0   -16.4 0    -3.9 0    68.8 0    10.3 0   256.9 0   954.8 0
 2026  15  1 15  9 39  9.650 122.74    -0.9 0     0.4 0     0.4 0     0.1 0   279.4 0   269.646 0   269.450 0   295.5 0   269.016 0   269.100 0     0.0 0     0.0 0     0.0 0   -16.1 0   -16.1 0    -3.9 0    69.7 0     8.6 0   260.6 0   954.8 0
 2026  15  1 15  9 40  9.667 122.55    -0.9 0     0.4 0     0.4 0     0.1 0   279.3 0   269.626 0   269.433 0   295.4 0   268.996 0   269.081 0     0.0 0     0.0 0     0.0 0   -16.1 0   -16.1 0    -3.9 0    68.6 0     9.0 0   265.3 0   954.9 0
 2026  15  1 15  9 41  9.683 122.36    -1.0 0     0.3 0     0.3 0     0.1 0   279.4 0   269.609 0   269.426 0   295.5 0   268.979 0   269.066 0     0.0 0     0.0 0     0.0 0   -16.1 0   -16.1 0    -3.8 0    69.2 0     8.6 0   258.1 0   954.9 0
 2026  15  1 15  9 42  9.700 122.17    -0.9 0     0.4 0     0.4 0     0.1 0   278.7 0   269.590 0   269.382 0   295.2 0   268.961 0   269.042 0     0.0 0     0.0 0     0.0 0   -16.5 0   -16.5 0    -3.9 0    67.9 0     8.7 0   256.9 0   954.9 0
 2026  15  1 15  9 43  9.717 121.98    -0.9 0     0.4 0     0.3 0     0.1 0   278.9 0   269.569 0   269.375 0   295.2 0   268.941 0   269.026 0     0.0 0     0.0 0     0.0 0   -16.4 0   -16.4 0    -3.9 0    67.9 0     8.5 0   259.1 0   954.9 0
 2026  15  1 15  9 44  9.733 121.79    -0.9 0     0.3 0     0.3 0     0.1 0   279.0 0   269.552 0   269.377 0   295.2 0   268.924 0   269.012 0     0.0 0     0.0 0     0.0 0   -16.2 0   -16.2 0    -3.9 0    67.8 0     8.0 0   260.6 0   955.0 0
 2026  15  1 15  9 45  9.750 121.60    -0.9 0     0.3 0     0.3 0     0.1 0   279.3 0   269.537 0   269.362 0   295.2 0   268.910 0   269.001 0     0.0 0     0.0 0     0.0 0   -16.0 0   -16.0 0    -3.9 0    67.9 0     7.2 0   263.4 0   955.0 0
 2026  15  1 15  9 46  9.767 121.41    -1.0 0     0.2 0     0.3 0     0.1 0   279.6 0   269.523 0   269.356 0   295.2 0   268.898 0   268.990 0     0.0 0     0.0 0     0.0 0   -15.6 0   -15.6 0    -3.9 0    68.2 0     8.0 0   262.5 0   955.0 0
 2026  15  1 15  9 47  9.783 121.22    -1.0 0     0.3 0     0.3 0     0.1 0   277.5 0   269.511 0   269.328 0   295.0 0   268.886 0   268.973 0     0.0 0     0.0 0     0.0 0   -17.6 0   -17.6 0    -3.9 0    68.4 0    10.0 0   266.8 0   955.1 0
 2026  15  1 15  9 48  9.800 121.03    -0.9 0     0.5 0     0.4 0     0.1 0   269.3 0   269.494 0   269.257 0   294.3 0   268.866 0   268.938 0     0.0 0     0.0 0     0.0 0   -25.0 0   -25.0 0    -4.0 0    64.7 0    12.0 0   256.3 0   955.1 0
 2026  15  1 15  9 49  9.817 120.84    -0.8 0     0.6 0     0.5 0     0.2 0   269.0 0   269.467 0   269.195 0   293.9 0   268.833 0   268.903 0     0.0 0     0.0 0     0.0 0   -24.9 0   -24.9 0    -4.0 0    63.7 0    12.0 0   257.3 0   955.1 0
 2026  15  1 15  9 50  9.833 120.65    -0.8 0     0.6 0     0.5 0     0.2 0   272.9 0   269.437 0   269.173 0   293.8 0   268.800 0   268.870 0     0.0 0     0.0 0     0.0 0   -20.9 0   -20.9 0    -4.1 0    63.1 0    11.4 0   259.5 0   955.1 0
 2026  15  1 15  9 51  9.850 120.46    -0.9 0     0.6 0     0.5 0     0.2 0   272.7 0   269.407 0   269.140 0   293.7 0   268.767 0   268.836 0     0.0 0     0.0 0     0.0 0   -21.0 0   -21.0 0    -4.1 0    64.4 0    12.4 0   257.4 0   955.1 0
 2026  15  1 15  9 52  9.867 120.27    -0.9 0     0.7 0     0.6 0     0.2 0   269.9 0   269.376 0   269.088 0   293.3 0   268.731 0   268.796 0     0.0 0     0.0 0     0.0 0   -23.4 0   -23.4 0    -4.2 0    63.0 0    13.2 0   263.6 0   955.2 0
 2026  15  1 15  9 53  9.883 120.08    -0.9 0     0.7 0     0.6 0     0.2 0   273.0 0   269.341 0   269.062 0   293.3 0   268.691 0   268.760 0     0.0 0     0.0 0     0.0 0   -20.3 0   -20.3 0    -4.2 0    63.6 0    10.9 0   264.6 0   955.1 0
 2026  15  1 15  9 54  9.900 119.89    -1.0 0     0.6 0     0.6 0     0.2 0   275.4 0   269.308 0   269.053 0   293.4 0   268.656 0   268.727 0     0.0 0     0.0 0     0.0 0   -18.0 0   -18.0 0    -4.2 0    64.3 0    12.0 0   269.7 0   955.2 0
 2026  15  1 15  9 55  9.917 119.71    -1.0 0     0.5 0     0.5 0     0.1 0   275.9 0   269.282 0   269.065 0   293.6 0   268.626 0   268.709 0     0.0 0     0.0 0     0.0 0   -17.6 0   -17.6 0    -4.2 0    66.0 0     9.8 0   255.1 0   955.2 0
 2026  15  1 15  9 56  9.933 119.52    -1.0 0     0.5 0     0.3 0     0.1 0   275.3 0   269.260 0   269.039 0   293.6 0   268.603 0   268.685 0     0.0 0     0.0 0     0.0 0   -18.3 0   -18.3 0    -4.2 0    65.1 0    12.3 0   257.7 0   955.2 0
 2026  15  1 15  9 57  9.950 119.33    -1.0 0     0.4 0     0.3 0     0.1 0   274.1 0   269.237 0   269.019 0   293.5 0   268.580 0   268.667 0     0.0 0     0.0 0     0.0 0   -19.4 0   -19.4 0    -4.2 0    64.0 0    11.3 0   261.7 0   955.2 0
 2026  15  1 15  9 58  9.967 119.14    -0.9 0     0.4 0     0.3 0     0.1 0   273.8 0   269.215 0   268.994 0   293.3 0   268.560 0   268.645 0     0.0 0     0.0 0     0.0 0   -19.5 0   -19.5 0    -4.3 0    63.3 0    11.5 0   257.4 0   955.2 0
 2026  15  1 15  9 59  9.983 118.95    -0.9 0     0.4 0     0.3 0     0.1 0   273.8 0   269.193 0   268.959 0   293.1 0   268.539 0   268.622 0     0.0 0     0.0 0     0.0 0   -19.4 0   -19.4 0    -4.3 0    62.7 0    11.5 0   261.9 0   955.2 0
 2026  15  1 15 10  0 10.000 118.76    -1.0 0     0.4 0     0.3 0     0.1 0   274.5 0   269.171 0   268.955 0   293.1 0   268.518 0   268.601 0     0.0 0     0.0 0     0.0 0   -18.6 0   -18.6 0    -4.3 0    63.7 0    10.2 0   276.9 0   955.2 0
 2026  15  1 15 10  1 10.017 118.57    -1.0 0     0.4 0     0.3 0     0.1 0   274.8 0   269.150 0   268.947 0   293.1 0   268.498 0   268.584 0     0.0 0     0.0 0     0.0 0   -18.3 0   -18.3 0    -4.3 0    64.2 0     9.5 0   278.1 0   955.3 0
 2026  15  1 15 10  2 10.033 118.38    -1.0 0     0.4 0     0.3 0     0.1 0   274.9 0   269.132 0   268.936 0   293.1 0   268.480 0   268.565 0     0.0 0     0.0 0     0.0 0   -18.2 0   -18.2 0    -4.3 0    64.9 0     9.6 0   273.8 0   955.3 0
 2026  15  1 15 10  3 10.050 118.19    -1.0 0     0.4 0     0.3 0     0.1 0   274.8 0   269.115 0   268.910 0   293.0 0   268.462 0   268.545 0     0.0 0     0.0 0     0.0 0   -18.2 0   -18.2 0    -4.3 0    64.7 0    10.8 0   280.0 0   955.3 0
 2026  15  1 15 10  4 10.067 118.00    -1.0 0     0.5 0     0.4 0     0.1 0   274.3 0   269.095 0   268.876 0   292.8 0   268.439 0   268.516 0     0.0 0     0.0 0     0.0 0   -18.5 0   -18.5 0    -4.4 0    63.6 0    10.0 0   274.6 0   955.3 0
 2026  15  1 15 10  5 10.083 117.81    -1.0 0     0.5 0     0.4 0     0.1 0   274.1 0   269.072 0   268.856 0   292.7 0   268.414 0   268.495 0     0.0 0     0.0 0     0.0 0   -18.6 0   -18.6 0    -4.4 0    64.6 0    10.2 0   263.5 0   955.3 0
 2026  15  1 15 10  6 10.100 117.63    -1.0 0     0.5 0     0.4 0     0.1 0   275.0 0   269.050 0   268.825 0   292.7 0   268.390 0   268.472 0     0.0 0     0.0 0     0.0 0   -17.7 0   -17.7 0    -4.4 0    65.6 0     9.9 0   264.7 0   955.3 0
 2026  15  1 15 10  7 10.117 117.44    -1.0 0     0.4 0     0.4 0     0.1 0   275.4 0   269.027 0   268.812 0   292.6 0   268.366 0   268.447 0     0.0 0     0.0 0     0.0 0   -17.2 0   -17.2 0    -4.5 0    66.4 0     8.2 0   280.8 0   955.3 0
 2026  15  1 15 10  8 10.133 117.25    -1.0 0     0.5 0     0.4 0     0.1 0   275.4 0   269.004 0   268.804 0   292.6 0   268.343 0   268.423 0     0.0 0     0.0 0     0.0 0   -17.2 0   -17.2 0    -4.5 0    66.3 0     8.2 0   275.5 0   955.3 0
 2026  15  1 15 10  9 10.150 117.06    -1.0 0     0.4 0     0.3 0     0.1 0   275.3 0   268.984 0   268.791 0   292.7 0   268.322 0   268.407 0     0.0 0     0.0 0     0.0 0   -17.4 0   -17.4 0    -4.5 0    67.2 0     9.1 0   278.9 0   955.3 0
 2026  15  1 15 10 10 10.167 116.87    -0.9 0     0.5 0     0.4 0     0.1 0   275.2 0   268.962 0   268.735 0   292.4 0   268.298 0   268.373 0     0.0 0     0.0 0     0.0 0   -17.1 0   -17.1 0    -4.6 0    65.8 0     8.6 0   280.9 0   955.3 0
 2026  15  1 15 10 11 10.183 116.68    -0.9 0     0.4 0     0.4 0     0.1 0   275.5 0   268.939 0   268.739 0   292.5 0   268.274 0   268.357 0     0.0 0     0.0 0     0.0 0   -17.0 0   -17.0 0    -4.6 0    67.5 0     8.1 0   284.1 0   955.3 0
 2026  15  1 15 10 12 10.200 116.49    -0.9 0     0.5 0     0.4 0     0.1 0   274.6 0   268.918 0   268.705 0   292.2 0   268.252 0   268.327 0     0.0 0     0.0 0     0.0 0   -17.6 0   -17.6 0    -4.6 0    66.9 0     9.5 0   283.4 0   955.3 0
 2026  15  1 15 10 13 10.217 116.31    -0.9 0     0.6 0     0.4 0     0.1 0   274.1 0   268.894 0   268.655 0   292.1 0   268.224 0   268.295 0     0.0 0     0.0 0     0.0 0   -18.0 0   -18.0 0    -4.7 0    67.4 0    10.9 0   282.3 0   955.3 0
 2026  15  1 15 10 14 10.233 116.12    -0.8 0     0.7 0     0.5 0     0.1 0   273.0 0   268.866 0   268.617 0   291.8 0   268.190 0   268.256 0     0.0 0     0.0 0     0.0 0   -18.7 0   -18.7 0    -4.7 0    67.3 0     9.3 0   289.0 0   955.3 0
 2026  15  1 15 10 15 10.250 115.93    -0.9 0     0.6 0     0.4 0     0.1 0   274.0 0   268.836 0   268.607 0   291.9 0   268.158 0   268.235 0     0.0 0     0.0 0     0.0 0   -17.9 0   -17.9 0    -4.7 0    69.0 0     9.3 0   282.7 0   955.3 0
 2026  15  1 15 10 16 10.267 115.74    -0.9 0     0.6 0     0.4 0     0.1 0   276.0 0   268.811 0   268.593 0   291.9 0   268.130 0   268.207 0     0.0 0     0.0 0     0.0 0   -15.9 0   -15.9 0    -4.8 0    68.5 0    10.0 0   283.6 0   955.3 0
 2026  15  1 15 10 17 10.283 115.55    -0.9 0     0.6 0     0.3 0     0.1 0   274.7 0   268.786 0   268.571 0   291.8 0   268.103 0   268.182 0     0.0 0     0.0 0     0.0 0   -17.1 0   -17.1 0    -4.8 0    68.3 0     9.4 0   286.2 0   955.3 0
 2026  15  1 15 10 18 10.300 115.36    -0.9 0     0.5 0     0.3 0     0.1 0   273.5 0   268.762 0   268.553 0   291.7 0   268.078 0   268.161 0     0.0 0     0.0 0     0.0 0   -18.2 0   -18.2 0    -4.8 0    69.0 0     8.6 0   287.8 0   955.3 0
 2026  15  1 15 10 19 10.317 115.18    -0.9 0     0.5 0     0.3 0     0.1 0   275.1 0   268.740 0   268.548 0   291.7 0   268.056 0   268.141 0     0.0 0     0.0 0     0.0 0   -16.6 0   -16.6 0    -4.8 0    68.8 0     7.3 0   283.1 0   955.4 0
 2026  15  1 15 10 20 10.333 114.99    -0.9 0     0.4 0     0.2 0     0.1 0   277.7 0   268.721 0   268.536 0   291.9 0   268.038 0   268.128 0     0.0 0     0.0 0     0.0 0   -14.2 0   -14.2 0    -4.8 0    69.9 0     8.9 0   277.6 0   955.4 0
 2026  15  1 15 10 21 10.350 114.80    -0.9 0     0.4 0     0.2 0     0.1 0   278.7 0   268.702 0   268.519 0   292.0 0   268.021 0   268.110 0     0.0 0     0.0 0     0.0 0   -13.2 0   -13.2 0    -4.8 0    70.7 0     7.8 0   279.2 0   955.4 0
 2026  15  1 15 10 22 10.367 114.61    -0.9 0     0.4 0     0.3 0     0.1 0   279.1 0   268.685 0   268.501 0   291.9 0   268.004 0   268.090 0     0.0 0     0.0 0     0.0 0   -12.8 0   -12.8 0    -4.8 0    71.3 0     7.8 0   280.4 0   955.4 0
 2026  15  1 15 10 23 10.383 114.42    -0.9 0     0.4 0     0.3 0     0.1 0   279.4 0   268.665 0   268.481 0   291.8 0   267.986 0   268.071 0     0.0 0     0.0 0     0.0 0   -12.4 0   -12.4 0    -4.9 0    71.8 0     7.3 0   277.8 0   955.4 0
 2026  15  1 15 10 24 10.400 114.24    -0.9 0     0.4 0     0.3 0     0.1 0   278.8 0   268.645 0   268.460 0   291.7 0   267.967 0   268.052 0     0.0 0     0.0 0     0.0 0   -12.8 0   -12.8 0    -4.9 0    72.1 0     8.1 0   288.6 0   955.5 0
 2026  15  1 15 10 25 10.417 114.05    -0.8 0     0.4 0     0.3 0     0.1 0   278.2 0   268.623 0   268.441 0   291.5 0   267.948 0   268.031 0     0.0 0     0.0 0     0.0 0   -13.3 0   -13.3 0    -4.9 0    71.6 0     6.9 0   282.8 0   955.5 0
 2026  15  1 15 10 26 10.433 113.86    -0.9 0     0.3 0     0.3 0     0.1 0   277.6 0   268.604 0   268.430 0   291.7 0   267.931 0   268.023 0     0.0 0     0.0 0     0.0 0   -14.1 0   -14.1 0    -4.9 0    71.8 0     8.5 0   273.5 0   955.5 0
 2026  15  1 15 10 27 10.450 113.67    -0.9 0     0.3 0     0.2 0     0.1 0   275.9 0   268.589 0   268.425 0   291.6 0   267.918 0   268.013 0     0.0 0     0.0 0     0.0 0   -15.7 0   -15.7 0    -4.9 0    71.2 0     8.5 0   279.6 0   955.6 0
 2026  15  1 15 10 28 10.467 113.48    -1.0 0     0.2 0     0.2 0     0.1 0   273.3 0   268.577 0   268.417 0   291.5 0   267.907 0   268.005 0     0.0 0     0.0 0     0.0 0   -18.2 0   -18.2 0    -4.9 0    71.2 0     6.7 0   278.5 0   955.6 0
 2026  15  1 15 10 29 10.483 113.30    -1.0 0     0.2 0     0.2 0     0.1 0   271.2 0   268.567 0   268.413 0   291.4 0   267.898 0   267.997 0     0.0 0     0.0 0     0.0 0   -20.2 0   -20.2 0    -4.9 0    70.1 0     7.1 0   278.2 0   955.6 0
 2026  15  1 15 10 30 10.500 113.11    -1.0 0     0.2 0     0.1 0     0.1 0   270.0 0   268.560 0   268.409 0   291.3 0   267.892 0   267.993 0     0.0 0     0.0 0     0.0 0   -21.3 0   -21.3 0    -4.8 0    71.3 0     6.4 0   270.8 0   955.6 0
 2026  15  1 15 10 31 10.517 112.92    -1.0 0     0.2 0     0.2 0     0.1 0   269.4 0   268.552 0   268.382 0   291.2 0   267.885 0   267.983 0     0.0 0     0.0 0     0.0 0   -21.8 0   -21.8 0    -4.9 0    68.9 0     8.0 0   272.0 0   955.7 0
 2026  15  1 15 10 32 10.533 112.73    -1.0 0     0.2 0     0.2 0     0.1 0   266.4 0   268.541 0   268.376 0   291.0 0   267.877 0   267.975 0     0.0 0     0.0 0     0.0 0   -24.7 0   -24.7 0    -4.8 0    69.1 0     7.5 0   267.2 0   955.7 0
 2026  15  1 15 10 33 10.550 112.55    -1.0 0     0.2 0     0.1 0     0.1 0   261.3 0   268.533 0   268.355 0   290.8 0   267.870 0   267.968 0     0.0 0     0.0 0     0.0 0   -29.6 0   -29.6 0    -4.8 0    67.2 0    10.9 0   261.7 0   955.6 0
 2026  15  1 15 10 34 10.567 112.36    -1.0 0     0.2 0     0.1 0     0.1 0   256.8 0   268.524 0   268.320 0   290.5 0   267.864 0   267.964 0     0.0 0     0.0 0     0.0 0   -33.7 0   -33.7 0    -4.8 0    65.1 0    11.5 0   283.8 0   955.7 0
 2026  15  1 15 10 35 10.583 112.17    -1.1 0     0.2 0     0.2 0     0.1 0   257.6 0   268.514 0   268.307 0   290.2 0   267.857 0   267.951 0     0.0 0     0.0 0     0.0 0   -32.6 0   -32.6 0    -4.8 0    63.5 0    11.6 0   281.5 0   955.7 0
 2026  15  1 15 10 36 10.600 111.99    -1.1 0     0.2 0     0.2 0     0.1 0   258.9 0   268.504 0   268.305 0   290.1 0   267.848 0   267.944 0     0.0 0     0.0 0     0.0 0   -31.2 0   -31.2 0    -4.9 0    63.7 0     9.4 0   272.7 0   955.7 0
 2026  15  1 15 10 37 10.617 111.80    -1.2 0     0.2 0     0.2 0     0.1 0   263.0 0   268.494 0   268.307 0   290.3 0   267.842 0   267.941 0     0.0 0     0.0 0     0.0 0   -27.4 0   -27.4 0    -4.8 0    63.4 0    10.4 0   268.3 0   955.7 0
 2026  15  1 15 10 38 10.633 111.61    -1.2 0     0.1 0     0.1 0     0.1 0   267.2 0   268.487 0   268.313 0   290.6 0   267.837 0   267.940 0     0.0 0     0.0 0     0.0 0   -23.4 0   -23.4 0    -4.8 0    64.3 0    10.6 0   261.1 0   955.7 0
 2026  15  1 15 10 39 10.650 111.43    -1.2 0     0.1 0     0.1 0     0.1 0   271.2 0   268.482 0   268.305 0   290.7 0   267.834 0   267.936 0     0.0 0     0.0 0     0.0 0   -19.5 0   -19.5 0    -4.8 0    63.3 0    11.3 0   252.9 0   955.6 0
 2026  15  1 15 10 40 10.667 111.24    -1.2 0     0.1 0     0.1 0     0.1 0   271.8 0   268.475 0   268.302 0   290.8 0   267.830 0   267.931 0     0.0 0     0.0 0     0.0 0   -19.0 0   -19.0 0    -4.9 0    64.4 0     9.2 0   256.4 0   955.6 0
 2026  15  1 15 10 41 10.683 111.05    -1.2 0     0.2 0     0.1 0     0.1 0   271.5 0   268.468 0   268.298 0   290.7 0   267.826 0   267.925 0     0.0 0     0.0 0     0.0 0   -19.2 0   -19.2 0    -4.9 0    63.3 0    11.8 0   257.9 0   955.6 0
 2026  15  1 15 10 42 10.700 110.87    -1.2 0     0.2 0     0.1 0     0.1 0   270.5 0   268.462 0   268.284 0   290.7 0   267.819 0   267.917 0     0.0 0     0.0 0     0.0 0   -20.1 0   -20.1 0    -4.9 0    63.2 0    11.8 0   262.4 0   955.6 0
 2026  15  1 15 10 43 10.717 110.68    -1.2 0     0.2 0     0.2 0     0.1 0   269.2 0   268.454 0   268.278 0   290.5 0   267.811 0   267.910 0     0.0 0     0.0 0     0.0 0   -21.3 0   -21.3 0    -4.9 0    63.2 0     9.8 0   262.3 0   955.6 0
 2026  15  1 15 10 44 10.733 110.49    -1.2 0     0.1 0     0.2 0     0.1 0   267.5 0   268.448 0   268.281 0   290.5 0   267.806 0   267.907 0     0.0 0     0.0 0     0.0 0   -23.0 0   -23.0 0    -4.9 0    64.7 0     8.6 0   262.3 0   955.6 0
 2026  15  1 15 10 45 10.750 110.31    -1.2 0     0.2 0     0.2 0     0.1 0   265.5 0   268.440 0   268.259 0   290.3 0   267.800 0   267.898 0     0.0 0     0.0 0     0.0 0   -24.8 0   -24.8 0    -4.9 0    64.2 0     9.0 0   265.5 0   955.6 0
 2026  15  1 15 10 46 10.767 110.12    -1.2 0     0.1 0     0.2 0     0.1 0   264.8 0   268.432 0   268.263 0   290.3 0   267.796 0   267.896 0     0.0 0     0.0 0     0.0 0   -25.5 0   -25.5 0    -4.9 0    66.0 0     8.7 0   267.8 0   955.6 0
 2026  15  1 15 10 47 10.783 109.94    -1.2 0     0.2 0     0.2 0     0.1 0   263.9 0   268.424 0   268.239 0   290.1 0   267.790 0   267.884 0     0.0 0     0.0 0     0.0 0   -26.2 0   -26.2 0    -4.9 0    65.4 0     9.1 0   273.0 0   955.6 0
 2026  15  1 15 10 48 10.800 109.75    -1.2 0     0.2 0     0.2 0     0.1 0   263.1 0   268.414 0   268.234 0   290.0 0   267.781 0   267.877 0     0.0 0     0.0 0     0.0 0   -26.9 0   -26.9 0    -5.0 0    65.8 0     8.0 0   268.2 0   955.6 0
 2026  15  1 15 10 49 10.817 109.56    -1.2 0     0.2 0     0.2 0     0.1 0   262.0 0   268.403 0   268.226 0   290.0 0   267.773 0   267.869 0     0.0 0     0.0 0     0.0 0   -28.0 0   -28.0 0    -5.0 0    66.1 0     6.4 0   268.5 0   955.6 0
 2026  15  1 15 10 50 10.833 109.38    -1.2 0     0.2 0     0.2 0     0.1 0   263.5 0   268.394 0   268.223 0   290.0 0   267.766 0   267.863 0     0.0 0     0.0 0     0.0 0   -26.6 0   -26.6 0    -5.0 0    66.1 0     7.2 0   260.8 0   955.6 0
 2026  15  1 15 10 51 10.850 109.19    -1.2 0     0.1 0     0.2 0     0.1 0   265.5 0   268.385 0   268.219 0   290.2 0   267.759 0   267.857 0     0.0 0     0.0 0     0.0 0   -24.7 0   -24.7 0    -5.0 0    64.9 0     7.8 0   268.2 0   955.6 0
 2026  15  1 15 10 52 10.867 109.01    -1.2 0     0.1 0     0.2 0     0.1 0   266.3 0   268.377 0   268.217 0   290.1 0   267.753 0   267.851 0     0.0 0     0.0 0     0.0 0   -23.9 0   -23.9 0    -4.9 0    65.6 0     6.3 0   275.8 0   955.7 0
 2026  15  1 15 10 53 10.883 108.82    -1.2 0     0.2 0     0.2 0     0.1 0   267.2 0   268.370 0   268.214 0   290.1 0   267.746 0   267.843 0     0.0 0     0.0 0     0.0 0   -22.9 0   -22.9 0    -5.0 0    66.4 0     6.0 0   281.6 0   955.7 0
 2026  15  1 15 10 54 10.900 108.64    -1.2 0     0.2 0     0.2 0     0.1 0   261.3 0   268.363 0   268.188 0   289.9 0   267.738 0   267.831 0     0.0 0     0.0 0     0.0 0   -28.6 0   -28.6 0    -5.0 0    68.2 0     6.1 0   280.4 0   955.7 0
 2026  15  1 15 10 55 10.917 108.45    -1.1 0     0.3 0     0.2 0     0.1 0   252.7 0   268.351 0   268.152 0   289.4 0   267.727 0   267.814 0     0.0 0     0.0 0     0.0 0   -36.7 0   -36.7 0    -5.0 0    67.7 0     6.3 0   300.2 0   955.7 0
 2026  15  1 15 10 56 10.933 108.27    -1.0 0     0.4 0     0.3 0     0.1 0   248.0 0   268.335 0   268.109 0   289.0 0   267.711 0   267.793 0     0.0 0     0.0 0     0.0 0   -41.0 0   -41.0 0    -5.1 0    66.1 0     8.0 0   286.0 0   955.7 0
 2026  15  1 15 10 57 10.950 108.08    -1.0 0     0.4 0     0.3 0     0.1 0   250.8 0   268.316 0   268.076 0   288.8 0   267.691 0   267.770 0     0.0 0     0.0 0     0.0 0   -38.0 0   -38.0 0    -5.1 0    64.9 0     7.9 0   287.7 0   955.7 0
 2026  15  1 15 10 58 10.967 107.90    -1.1 0     0.4 0     0.3 0     0.1 0   251.7 0   268.295 0   268.068 0   288.7 0   267.670 0   267.752 0     0.0 0     0.0 0     0.0 0   -37.0 0   -37.0 0    -5.1 0    65.4 0     7.6 0   287.0 0   955.7 0
 2026  15  1 15 10 59 10.983 107.71    -1.1 0     0.3 0     0.3 0     0.1 0   246.5 0   268.276 0   268.052 0   288.4 0   267.651 0   267.736 0     0.0 0     0.0 0     0.0 0   -41.9 0   -41.9 0    -5.1 0    66.1 0     6.1 0   286.8 0   955.7 0
 2026  15  1 15 11  0 11.000 107.53    -1.1 0     0.3 0     0.2 0     0.1 0   245.8 0   268.257 0   268.018 0   288.4 0   267.633 0   267.717 0     0.0 0     0.0 0     0.0 0   -42.5 0   -42.5 0    -5.2 0    65.8 0     9.1 0   277.4 0   955.8 0
 2026  15  1 15 11  1 11.017 107.34    -1.1 0     0.3 0     0.2 0     0.1 0   248.0 0   268.238 0   268.007 0   288.5 0   267.615 0   267.702 0     0.0 0     0.0 0     0.0 0   -40.5 0   -40.5 0    -5.2 0    65.8 0     8.7 0   280.1 0   955.8 0
 2026  15  1 15 11  2 11.033 107.16    -1.2 0     0.3 0     0.2 0     0.1 0   242.3 0   268.220 0   267.986 0   288.2 0   267.599 0   267.687 0     0.0 0     0.0 0     0.0 0   -45.9 0   -45.9 0    -5.2 0    65.2 0     7.9 0   279.6 0   955.8 0
 2026  15  1 15 11  3 11.050 106.97    -1.2 0     0.3 0     0.2 0     0.1 0   240.0 0   268.203 0   267.966 0   288.0 0   267.584 0   267.673 0     0.0 0     0.0 0     0.0 0   -48.0 0   -48.0 0    -5.2 0    67.4 0     7.5 0   274.6 0   955.8 0
 2026  15  1 15 11  4 11.067 106.79    -1.2 0     0.3 0     0.2 0     0.1 0   239.7 0   268.186 0   267.940 0   287.9 0   267.568 0   267.656 0     0.0 0     0.0 0     0.0 0   -48.2 0   -48.2 0    -5.2 0    65.3 0     8.5 0   279.7 0   955.8 0
 2026  15  1 15 11  5 11.083 106.61    -1.2 0     0.3 0     0.1 0     0.1 0   241.9 0   268.168 0   267.941 0   287.8 0   267.554 0   267.644 0     0.0 0     0.0 0     0.0 0   -45.8 0   -45.8 0    -5.2 0    65.9 0     6.4 0   287.5 0   955.7 0
 2026  15  1 15 11  6 11.100 106.42    -1.2 0     0.2 0     0.1 0     0.1 0   243.8 0   268.154 0   267.934 0   287.9 0   267.541 0   267.632 0     0.0 0     0.0 0     0.0 0   -44.0 0   -44.0 0    -5.2 0    66.1 0     7.4 0   281.8 0   955.7 0
 2026  15  1 15 11  7 11.117 106.24    -1.3 0     0.2 0     0.1 0     0.1 0   249.4 0   268.141 0   267.931 0   288.3 0   267.529 0   267.622 0     0.0 0     0.0 0     0.0 0   -38.8 0   -38.8 0    -5.2 0    65.8 0     8.3 0   279.3 0   955.7 0
 2026  15  1 15 11  8 11.133 106.05    -1.3 0     0.2 0     0.0 0     0.1 0   257.0 0   268.131 0   267.941 0   288.6 0   267.519 0   267.616 0     0.0 0     0.0 0     0.0 0   -31.7 0   -31.7 0    -5.2 0    67.1 0     7.2 0   279.4 0   955.7 0
 2026  15  1 15 11  9 11.150 105.87    -1.3 0     0.1 0     0.0 0     0.1 0   261.5 0   268.124 0   267.961 0   289.1 0   267.512 0   267.613 0     0.0 0     0.0 0     0.0 0   -27.6 0   -27.6 0    -5.2 0    67.5 0     7.1 0   277.2 0   955.7 0
 2026  15  1 15 11 10 11.167 105.69    -1.3 0     0.1 0     0.0 0     0.1 0   261.3 0   268.121 0   267.969 0   289.2 0   267.507 0   267.611 0     0.0 0     0.0 0     0.0 0   -27.9 0   -27.9 0    -5.2 0    67.2 0     7.5 0   279.1 0   955.7 0
 2026  15  1 15 11 11 11.183 105.50    -1.3 0     0.1 0    -0.1 0     0.1 0   260.7 0   268.120 0   267.971 0   289.2 0   267.504 0   267.607 0     0.0 0     0.0 0     0.0 0   -28.5 0   -28.5 0    -5.2 0    67.4 0     7.2 0   282.7 0   955.8 0
 2026  15  1 15 11 12 11.200 105.32    -1.3 0     0.1 0     0.0 0     0.1 0   252.2 0   268.119 0   267.959 0   288.9 0   267.501 0   267.602 0     0.0 0     0.0 0     0.0 0   -36.8 0   -36.8 0    -5.2 0    67.3 0     7.7 0   280.5 0   955.8 0
 2026  15  1 15 11 13 11.217 105.14    -1.3 0     0.1 0     0.0 0     0.1 0   243.4 0   268.117 0   267.932 0   288.4 0   267.497 0   267.598 0     0.0 0     0.0 0     0.0 0   -45.0 0   -45.0 0    -5.2 0    67.8 0     6.9 0   269.8 0   955.8 0
 2026  15  1 15 11 14 11.233 104.95    -1.3 0     0.1 0     0.0 0     0.1 0   244.0 0   268.111 0   267.915 0   288.1 0   267.493 0   267.590 0     0.0 0     0.0 0     0.0 0   -44.1 0   -44.1 0    -5.2 0    66.8 0     6.9 0   275.8 0   955.8 0
 2026  15  1 15 11 15 11.250 104.77    -1.3 0     0.2 0     0.1 0     0.1 0   247.1 0   268.103 0   267.909 0   288.1 0   267.486 0   267.584 0     0.0 0     0.0 0     0.0 0   -41.0 0   -41.0 0    -5.2 0    66.4 0     6.6 0   276.2 0   955.8 0
 2026  15  1 15 11 16 11.267 104.59    -1.3 0     0.1 0     0.1 0     0.1 0   253.5 0   268.098 0   267.924 0   288.3 0   267.481 0   267.582 0     0.0 0     0.0 0     0.0 0   -34.9 0   -34.9 0    -5.2 0    68.5 0     4.4 0   264.1 0   955.8 0
 2026  15  1 15 11 17 11.283 104.41    -1.3 0     0.1 0     0.0 0     0.1 0   254.3 0   268.097 0   267.942 0   288.8 0   267.479 0   267.586 0     0.0 0     0.0 0     0.0 0   -34.6 0   -34.6 0    -5.2 0    65.0 0     8.5 0   262.4 0   955.8 0
 2026  15  1 15 11 18 11.300 104.22    -1.3 0     0.0 0    -0.1 0     0.1 0   248.1 0   268.098 0   267.943 0   288.7 0   267.483 0   267.593 0     0.0 0     0.0 0     0.0 0   -40.6 0   -40.6 0    -5.1 0    64.4 0     8.6 0   265.3 0   955.8 0
 2026  15  1 15 11 19 11.317 104.04    -1.4 0     0.0 0    -0.1 0     0.1 0   246.6 0   268.102 0   267.941 0   288.5 0   267.488 0   267.597 0     0.0 0     0.0 0     0.0 0   -41.9 0   -41.9 0    -5.1 0    64.1 0     7.9 0   281.5 0   955.9 0
 2026  15  1 15 11 20 11.333 103.86    -1.4 0     0.0 0    -0.1 0     0.1 0   254.1 0   268.104 0   267.943 0   288.6 0   267.492 0   267.598 0     0.0 0     0.0 0     0.0 0   -34.5 0   -34.5 0    -5.1 0    61.9 0     8.1 0   267.6 0   955.8 0
 2026  15  1 15 11 21 11.350 103.68    -1.4 0     0.1 0     0.0 0     0.1 0   259.9 0   268.105 0   267.952 0   288.9 0   267.494 0   267.599 0     0.0 0     0.0 0     0.0 0   -29.0 0   -29.0 0    -5.1 0    62.1 0     9.0 0   266.3 0   955.9 0
 2026  15  1 15 11 22 11.367 103.49    -1.4 0     0.1 0     0.0 0     0.1 0   258.9 0   268.106 0   267.954 0   289.0 0   267.495 0   267.602 0     0.0 0     0.0 0     0.0 0   -30.1 0   -30.1 0    -5.1 0    61.8 0     9.1 0   270.4 0   955.9 0
 2026  15  1 15 11 23 11.383 103.31    -1.4 0     0.1 0     0.0 0     0.1 0   260.2 0   268.108 0   267.964 0   289.0 0   267.497 0   267.603 0     0.0 0     0.0 0     0.0 0   -28.8 0   -28.8 0    -5.1 0    63.4 0     6.9 0   272.6 0   955.9 0
 2026  15  1 15 11 24 11.400 103.13    -1.4 0     0.1 0     0.0 0     0.1 0   263.5 0   268.112 0   267.972 0   289.2 0   267.498 0   267.604 0     0.0 0     0.0 0     0.0 0   -25.7 0   -25.7 0    -5.1 0    63.2 0     8.7 0   266.1 0   955.9 0
 2026  15  1 15 11 25 11.417 102.95    -1.4 0     0.1 0     0.0 0     0.1 0   262.6 0   268.114 0   267.962 0   289.2 0   267.498 0   267.604 0     0.0 0     0.0 0     0.0 0   -26.6 0   -26.6 0    -5.1 0    61.6 0    10.9 0   272.2 0   955.9 0
 2026  15  1 15 11 26 11.433 102.77    -1.4 0     0.1 0     0.1 0     0.1 0   263.6 0   268.116 0   267.967 0   289.2 0   267.499 0   267.605 0     0.0 0     0.0 0     0.0 0   -25.6 0   -25.6 0    -5.1 0    61.5 0     9.8 0   275.5 0   955.9 0
 2026  15  1 15 11 27 11.450 102.59    -1.4 0     0.1 0     0.1 0     0.1 0   264.8 0   268.119 0   267.970 0   289.2 0   267.499 0   267.605 0     0.0 0     0.0 0     0.0 0   -24.4 0   -24.4 0    -5.1 0    61.8 0     8.8 0   270.4 0   955.9 0
 2026  15  1 15 11 28 11.467 102.41    -1.4 0     0.1 0     0.1 0     0.1 0   267.0 0   268.122 0   267.977 0   289.2 0   267.499 0   267.602 0     0.0 0     0.0 0     0.0 0   -22.2 0   -22.2 0    -5.1 0    62.1 0     8.4 0   288.5 0   955.9 0
 2026  15  1 15 11 29 11.483 102.22    -1.4 0     0.1 0     0.1 0     0.1 0   268.5 0   268.123 0   267.989 0   289.4 0   267.497 0   267.602 0     0.0 0     0.0 0     0.0 0   -20.8 0   -20.8 0    -5.2 0    63.2 0     7.2 0   286.7 0   955.9 0
 2026  15  1 15 11 30 11.500 102.04    -1.4 0     0.1 0     0.1 0     0.1 0   267.9 0   268.126 0   267.998 0   289.4 0   267.496 0   267.601 0     0.0 0     0.0 0     0.0 0   -21.5 0   -21.5 0    -5.2 0    64.7 0     5.3 0   284.5 0   956.0 0
 2026  15  1 15 11 31 11.517 101.86    -1.4 0     0.1 0     0.1 0     0.1 0   266.5 0   268.129 0   267.997 0   289.4 0   267.496 0   267.600 0     0.0 0     0.0 0     0.0 0   -22.9 0   -22.9 0    -5.1 0    65.6 0     5.1 0   274.3 0   956.0 0
 2026  15  1 15 11 32 11.533 101.68    -1.3 0     0.1 0     0.1 0     0.1 0   265.8 0   268.131 0   267.990 0   289.4 0   267.494 0   267.598 0     0.0 0     0.0 0     0.0 0   -23.6 0   -23.6 0    -5.2 0    65.9 0     5.0 0   269.7 0   956.0 0
 2026  15  1 15 11 33 11.550 101.50    -1.3 0     0.1 0     0.1 0     0.1 0   263.9 0   268.131 0   267.984 0   289.4 0   267.492 0   267.595 0     0.0 0     0.0 0     0.0 0   -25.5 0   -25.5 0    -5.2 0    64.9 0     7.1 0   276.6 0   956.0 0
 2026  15  1 15 11 34 11.567 101.32    -1.3 0     0.1 0     0.1 0     0.1 0   260.3 0   268.130 0   267.977 0   289.2 0   267.490 0   267.593 0     0.0 0     0.0 0     0.0 0   -28.9 0   -28.9 0    -5.2 0    64.7 0     5.9 0   268.5 0   956.0 0
 2026  15  1 15 11 35 11.583 101.14    -1.3 0     0.1 0     0.1 0     0.1 0   254.8 0   268.128 0   267.963 0   288.9 0   267.488 0   267.591 0     0.0 0     0.0 0     0.0 0   -34.1 0   -34.1 0    -5.2 0    64.9 0     8.0 0   264.5 0   956.0 0
 2026  15  1 15 11 36 11.600 100.96    -1.2 0     0.1 0     0.1 0     0.1 0   255.6 0   268.125 0   267.950 0   288.8 0   267.485 0   267.587 0     0.0 0     0.0 0     0.0 0   -33.2 0   -33.2 0    -5.2 0    63.7 0     6.8 0   274.9 0   956.0 0
 2026  15  1 15 11 37 11.617 100.78    -1.3 0     0.1 0     0.2 0     0.1 0   261.3 0   268.121 0   267.953 0   288.9 0   267.482 0   267.582 0     0.0 0     0.0 0     0.0 0   -27.6 0   -27.6 0    -5.2 0    64.1 0     7.2 0   279.9 0   956.0 0
 2026  15  1 15 11 38 11.633 100.60    -1.3 0     0.1 0     0.2 0     0.1 0   264.7 0   268.118 0   267.960 0   289.1 0   267.477 0   267.579 0     0.0 0     0.0 0     0.0 0   -24.4 0   -24.4 0    -5.2 0    64.2 0     6.3 0   268.8 0   956.1 0
 2026  15  1 15 11 39 11.650 100.42    -1.3 0     0.1 0     0.2 0     0.1 0   264.9 0   268.115 0   267.960 0   289.2 0   267.474 0   267.576 0     0.0 0     0.0 0     0.0 0   -24.2 0   -24.2 0    -5.2 0    65.0 0     5.5 0   270.3 0   956.1 0
 2026  15  1 15 11 40 11.667 100.24    -1.3 0     0.1 0     0.2 0     0.1 0   264.7 0   268.112 0   267.960 0   289.2 0   267.470 0   267.572 0     0.0 0     0.0 0     0.0 0   -24.5 0   -24.5 0    -5.2 0    65.4 0     4.4 0   282.1 0   956.1 0
 2026  15  1 15 11 41 11.683 100.07    -1.2 0     0.1 0     0.2 0     0.1 0   263.7 0   268.110 0   267.959 0   289.2 0   267.466 0   267.569 0     0.0 0     0.0 0     0.0 0   -25.5 0   -25.5 0    -5.2 0    66.4 0     4.7 0   273.9 0   956.1 0
 2026  15  1 15 11 42 11.700  99.89    -1.2 0     0.1 0     0.1 0     0.1 0   260.9 0   268.108 0   267.956 0   289.1 0   267.463 0   267.565 0     0.0 0     0.0 0     0.0 0   -28.2 0   -28.2 0    -5.2 0    66.0 0     5.1 0   263.7 0   956.1 0
 2026  15  1 15 11 43 11.717  99.71    -1.2 0     0.1 0     0.1 0     0.1 0   260.1 0   268.105 0   267.934 0   288.8 0   267.458 0   267.556 0     0.0 0     0.0 0     0.0 0   -28.7 0   -28.7 0    -5.2 0    64.6 0     4.9 0   261.9 0   956.1 0
 2026  15  1 15 11 44 11.733  99.53    -1.1 0     0.1 0     0.2 0     0.1 0   263.0 0   268.099 0   267.927 0   289.0 0   267.451 0   267.549 0     0.0 0     0.0 0     0.0 0   -26.1 0   -26.1 0    -5.2 0    64.5 0     7.1 0   264.2 0   956.1 0
 2026  15  1 15 11 45 11.750  99.35    -1.1 0     0.2 0     0.2 0     0.1 0   263.6 0   268.090 0   267.904 0   288.9 0   267.441 0   267.536 0     0.0 0     0.0 0     0.0 0   -25.3 0   -25.3 0    -5.3 0    63.0 0     6.8 0   266.3 0   956.1 0
 2026  15  1 15 11 46 11.767  99.17    -1.1 0     0.2 0     0.2 0     0.1 0   263.4 0   268.080 0   267.903 0   288.9 0   267.431 0   267.529 0     0.0 0     0.0 0     0.0 0   -25.5 0   -25.5 0    -5.3 0    64.6 0     6.3 0   262.0 0   956.1 0
 2026  15  1 15 11 47 11.783  98.99    -1.1 0     0.2 0     0.2 0     0.1 0   261.5 0   268.071 0   267.894 0   288.8 0   267.423 0   267.519 0     0.0 0     0.0 0     0.0 0   -27.2 0   -27.2 0    -5.3 0    64.5 0     5.8 0   258.7 0   956.1 0
 2026  15  1 15 11 48 11.800  98.82    -1.1 0     0.2 0     0.2 0     0.1 0   262.3 0   268.061 0   267.876 0   288.8 0   267.413 0   267.509 0     0.0 0     0.0 0     0.0 0   -26.5 0   -26.5 0    -5.3 0    64.1 0     6.8 0   258.0 0   956.1 0
 2026  15  1 15 11 49 11.817  98.64    -1.1 0     0.2 0     0.2 0     0.1 0   265.1 0   268.050 0   267.879 0   288.9 0   267.404 0   267.502 0     0.0 0     0.0 0     0.0 0   -23.8 0   -23.8 0    -5.3 0    65.5 0     4.6 0   271.5 0   956.2 0
 2026  15  1 15 11 50 11.833  98.46    -1.1 0     0.2 0     0.2 0     0.1 0   266.0 0   268.043 0   267.882 0   288.9 0   267.396 0   267.493 0     0.0 0     0.0 0     0.0 0   -22.9 0   -22.9 0    -5.3 0    65.9 0     5.4 0   274.2 0   956.2 0
 2026  15  1 15 11 51 11.850  98.28    -1.1 0     0.2 0     0.2 0     0.1 0   266.2 0   268.036 0   267.869 0   289.0 0   267.387 0   267.483 0     0.0 0     0.0 0     0.0 0   -22.7 0   -22.7 0    -5.3 0    64.3 0     6.7 0   269.9 0   956.2 0
 2026  15  1 15 11 52 11.867  98.11    -1.0 0     0.2 0     0.3 0     0.1 0   266.1 0   268.026 0   267.845 0   288.9 0   267.376 0   267.472 0     0.0 0     0.0 0     0.0 0   -22.8 0   -22.8 0    -5.4 0    63.5 0     8.7 0   262.5 0   956.2 0
 2026  15  1 15 11 53 11.883  97.93    -1.0 0     0.2 0     0.3 0     0.1 0   265.9 0   268.015 0   267.828 0   288.8 0   267.363 0   267.457 0     0.0 0     0.0 0     0.0 0   -22.8 0   -22.8 0    -5.4 0    62.9 0     8.7 0   262.1 0   956.2 0
 2026  15  1 15 11 54 11.900  97.75    -1.1 0     0.2 0     0.3 0     0.1 0   266.8 0   268.003 0   267.817 0   288.8 0   267.350 0   267.446 0     0.0 0     0.0 0     0.0 0   -21.9 0   -21.9 0    -5.4 0    63.3 0     8.9 0   262.4 0   956.2 0
 2026  15  1 15 11 55 11.917  97.58    -1.1 0     0.2 0     0.3 0     0.1 0   267.9 0   267.991 0   267.814 0   288.8 0   267.338 0   267.436 0     0.0 0     0.0 0     0.0 0   -21.0 0   -21.0 0    -5.4 0    64.3 0     7.4 0   267.2 0   956.2 0
 2026  15  1 15 11 56 11.933  97.40    -1.1 0     0.2 0     0.3 0     0.1 0   269.1 0   267.981 0   267.816 0   288.9 0   267.328 0   267.427 0     0.0 0     0.0 0     0.0 0   -19.8 0   -19.8 0    -5.4 0    64.7 0     7.2 0   273.5 0   956.2 0
 2026  15  1 15 11 57 11.950  97.22    -1.1 0     0.2 0     0.3 0     0.1 0   269.8 0   267.972 0   267.810 0   288.9 0   267.319 0   267.418 0     0.0 0     0.0 0     0.0 0   -19.1 0   -19.1 0    -5.4 0    63.8 0     7.3 0   267.2 0   956.3 0
 2026  15  1 15 11 58 11.967  97.05    -1.1 0     0.2 0     0.3 0     0.1 0   270.1 0   267.961 0   267.799 0   288.9 0   267.309 0   267.408 0     0.0 0     0.0 0     0.0 0   -18.8 0   -18.8 0    -5.4 0    63.2 0     8.7 0   271.2 0   956.3 0
 2026  15  1 15 11 59 11.983  96.87    -1.1 0     0.2 0     0.2 0     0.1 0   270.1 0   267.953 0   267.797 0   288.9 0   267.301 0   267.402 0     0.0 0     0.0 0     0.0 0   -18.9 0   -18.9 0    -5.4 0    63.8 0     8.4 0   270.7 0   956.3 0
 2026  15  1 15 12  0 12.000  96.70    -1.1 0     0.2 0     0.2 0     0.1 0   270.0 0   267.945 0   267.792 0   288.9 0   267.293 0   267.393 0     0.0 0     0.0 0     0.0 0   -18.9 0   -18.9 0    -5.4 0    63.6 0     8.5 0   271.5 0   956.3 0
 2026  15  1 15 12  1 12.017  96.52    -1.1 0     0.2 0     0.2 0     0.1 0   269.6 0   267.939 0   267.782 0   288.9 0   267.285 0   267.387 0     0.0 0     0.0 0     0.0 0   -19.3 0   -19.3 0    -5.4 0    64.3 0     8.9 0   257.8 0   956.3 0
 2026  15  1 15 12  2 12.033  96.35    -1.1 0     0.1 0     0.1 0     0.1 0   267.4 0   267.932 0   267.778 0   288.8 0   267.278 0   267.382 0     0.0 0     0.0 0     0.0 0   -21.4 0   -21.4 0    -5.4 0    65.9 0     6.0 0   267.4 0   956.3 0
 2026  15  1 15 12  3 12.050  96.17    -1.1 0     0.1 0     0.1 0     0.1 0   264.5 0   267.927 0   267.779 0   288.7 0   267.275 0   267.378 0     0.0 0     0.0 0     0.0 0   -24.2 0   -24.2 0    -5.4 0    66.7 0     5.5 0   272.5 0   956.3 0
 2026  15  1 15 12  4 12.067  96.00    -1.1 0     0.2 0     0.2 0     0.1 0   264.7 0   267.922 0   267.763 0   288.5 0   267.270 0   267.370 0     0.0 0     0.0 0     0.0 0   -23.8 0   -23.8 0    -5.4 0    65.9 0     5.3 0   268.6 0   956.3 0
 2026  15  1 15 12  5 12.083  95.82    -1.1 0     0.1 0     0.2 0     0.1 0   266.5 0   267.915 0   267.761 0   288.7 0   267.264 0   267.365 0     0.0 0     0.0 0     0.0 0   -22.2 0   -22.2 0    -5.4 0    66.7 0     6.8 0   262.1 0   956.3 0
 2026  15  1 15 12  6 12.100  95.65    -1.1 0     0.2 0     0.2 0     0.1 0   266.4 0   267.908 0   267.739 0   288.6 0   267.256 0   267.353 0     0.0 0     0.0 0     0.0 0   -22.2 0   -22.2 0    -5.5 0    64.9 0     7.9 0   270.6 0   956.3 0
 2026  15  1 15 12  7 12.117  95.47    -1.0 0     0.2 0     0.2 0     0.1 0   266.1 0   267.897 0   267.719 0   288.5 0   267.246 0   267.342 0     0.0 0     0.0 0     0.0 0   -22.3 0   -22.3 0    -5.5 0    64.3 0     9.0 0   269.3 0   956.3 0
 2026  15  1 15 12  8 12.133  95.30    -1.1 0     0.3 0     0.3 0     0.2 0   264.8 0   267.885 0   267.703 0   288.3 0   267.234 0   267.329 0     0.0 0     0.0 0     0.0 0   -23.5 0   -23.5 0    -5.5 0    64.2 0     8.6 0   271.0 0   956.3 0
 2026  15  1 15 12  9 12.150  95.12    -1.1 0     0.2 0     0.3 0     0.2 0   260.7 0   267.874 0   267.688 0   288.1 0   267.222 0   267.319 0     0.0 0     0.0 0     0.0 0   -27.4 0   -27.4 0    -5.5 0    64.9 0     8.2 0   268.2 0   956.3 0
 2026  15  1 15 12 10 12.167  94.95    -1.0 0     0.3 0     0.3 0     0.2 0   255.1 0   267.862 0   267.663 0   287.7 0   267.210 0   267.304 0     0.0 0     0.0 0     0.0 0   -32.7 0   -32.7 0    -5.5 0    65.2 0     8.4 0   268.4 0   956.3 0
 2026  15  1 15 12 11 12.183  94.78    -1.0 0     0.4 0     0.3 0     0.2 0   248.2 0   267.847 0   267.614 0   287.0 0   267.195 0   267.277 0     0.0 0     0.0 0     0.0 0   -38.8 0   -38.8 0    -5.6 0    63.4 0     9.6 0   270.4 0   956.3 0
 2026  15  1 15 12 12 12.200  94.60    -0.9 0     0.5 0     0.4 0     0.3 0   239.1 0   267.823 0   267.531 0   286.3 0   267.168 0   267.243 0     0.0 0     0.0 0     0.0 0   -47.2 0   -47.2 0    -5.7 0    61.7 0    10.1 0   261.0 0   956.3 0
 2026  15  1 15 12 13 12.217  94.43    -0.9 0     0.5 0     0.5 0     0.3 0   240.6 0   267.791 0   267.502 0   286.1 0   267.138 0   267.217 0     0.0 0     0.1 0     0.0 0   -45.5 0   -45.5 0    -5.7 0    62.1 0     9.7 0   266.3 0   956.3 0
 2026  15  1 15 12 14 12.233  94.26    -0.9 0     0.5 0     0.4 0     0.3 0   242.6 0   267.762 0   267.482 0   286.1 0   267.111 0   267.193 0     0.0 0     0.1 0     0.0 0   -43.4 0   -43.4 0    -5.7 0    62.2 0     9.4 0   262.7 0   956.3 0
 2026  15  1 15 12 15 12.250  94.09    -0.9 0     0.4 0     0.4 0     0.4 0   237.4 0   267.733 0   267.456 0   285.8 0   267.086 0   267.170 0     0.0 0     0.1 0     0.0 0   -48.4 0   -48.4 0    -5.7 0    64.0 0     7.3 0   263.4 0   956.4 0
 2026  15  1 15 12 16 12.267  93.91    -0.8 0     0.4 0     0.3 0     0.4 0   227.9 0   267.705 0   267.411 0   285.1 0   267.064 0   267.145 0     0.0 0     0.1 0     0.0 0   -57.2 0   -57.2 0    -5.8 0    64.0 0     7.4 0   260.6 0   956.4 0
 2026  15  1 15 12 17 12.283  93.74    -0.7 0     0.5 0     0.4 0     0.5 0   224.5 0   267.674 0   267.353 0   284.7 0   267.039 0   267.114 0     0.0 0     0.1 0     0.0 0   -60.3 0   -60.3 0    -5.8 0    62.8 0     9.5 0   262.9 0   956.4 0
 2026  15  1 15 12 18 12.300  93.57    -0.6 0     0.7 0     0.4 0     0.6 0   231.0 0   267.638 0   267.309 0   284.9 0   267.007 0   267.077 0     0.0 0     0.2 0     0.0 0   -53.9 0   -53.9 0    -5.8 0    61.7 0    11.1 0   263.4 0   956.5 0
 2026  15  1 15 12 19 12.317  93.40    -0.5 0     0.8 0     0.5 0     0.7 0   226.6 0   267.602 0   267.269 0   284.4 0   266.971 0   267.038 0     0.0 0     0.2 0     0.0 0   -57.8 0   -57.8 0    -5.9 0    62.2 0     8.6 0   269.6 0   956.5 0
 2026  15  1 15 12 20 12.333  93.23    -0.4 0     0.8 0     0.4 0     0.8 0   220.5 0   267.564 0   267.216 0   284.0 0   266.934 0   267.001 0     0.0 0     0.3 0     0.0 0   -63.5 0   -63.5 0    -6.0 0    62.5 0     9.8 0   265.4 0   956.5 0
 2026  15  1 15 12 21 12.350  93.05    -0.2 0     0.9 0     0.3 0     1.0 0   216.1 0   267.523 0   267.153 0   283.7 0   266.895 0   266.961 0     0.0 0     0.3 0     0.1 0   -67.5 0   -67.4 0    -6.0 0    61.6 0    10.0 0   263.8 0   956.5 0
 2026  15  1 15 12 22 12.367  92.88     0.0 0     0.9 0     0.2 0     1.2 0   213.6 0   267.479 0   267.106 0   283.3 0   266.856 0   266.924 0     0.0 0     0.4 0     0.3 0   -69.7 0   -69.4 0    -6.0 0    61.7 0    10.3 0   264.6 0   956.5 0
 2026  15  1 15 12 23 12.383  92.71     0.2 0     1.0 0     0.2 0     1.4 0   215.3 0   267.436 0   267.065 0   283.3 0   266.816 0   266.883 0     0.0 0     0.5 0     0.4 0   -68.0 0   -67.6 0    -6.1 0    61.7 0    10.3 0   265.1 0   956.6 0
 2026  15  1 15 12 24 12.400  92.54     0.4 0     1.0 0     0.2 0     1.6 0   217.5 0   267.396 0   267.044 0   283.1 0   266.779 0   266.851 0     0.0 0     0.6 0     0.7 0   -65.6 0   -64.9 0    -6.1 0    61.4 0     8.9 0   265.2 0   956.6 0
 2026  15  1 15 12 25 12.417  92.37     0.6 0     1.0 0     0.1 0     1.8 0   217.5 0   267.358 0   267.013 0   282.8 0   266.746 0   266.820 0     0.0 0     0.7 0     0.9 0   -65.3 0   -64.4 0    -6.1 0    63.3 0     7.0 0   259.4 0   956.6 0
 2026  15  1 15 12 26 12.433  92.20     0.7 0     0.9 0     0.1 0     1.9 0   213.3 0   267.320 0   266.978 0   282.5 0   266.716 0   266.793 0     0.0 0     0.8 0     1.0 0   -69.2 0   -68.2 0    -6.1 0    64.0 0     6.6 0   264.8 0   956.7 0
 2026  15  1 15 12 27 12.450  92.03     0.9 0     0.9 0     0.1 0     2.1 0   211.9 0   267.283 0   266.949 0   282.6 0   266.688 0   266.767 0     0.0 0     0.9 0     1.2 0   -70.7 0   -69.5 0    -6.1 0    62.4 0     8.6 0   266.5 0   956.6 0
 2026  15  1 15 12 28 12.467  91.86     1.1 0     1.0 0     0.1 0     2.4 0   210.8 0   267.249 0   266.917 0   282.6 0   266.662 0   266.742 0     0.0 0     1.0 0     1.4 0   -71.8 0   -70.4 0    -6.1 0    61.9 0     9.4 0   272.5 0   956.7 0
 2026  15  1 15 12 29 12.483  91.69     1.4 0     1.0 0     0.1 0     2.7 0   207.5 0   267.218 0   266.890 0   282.4 0   266.637 0   266.719 0     0.0 0     1.2 0     1.7 0   -74.9 0   -73.2 0    -6.1 0    61.5 0     8.7 0   268.3 0   956.6 0
 2026  15  1 15 12 30 12.500  91.52     1.7 0     1.1 0     0.1 0     3.0 0   209.1 0   267.190 0   266.868 0   282.2 0   266.613 0   266.695 0     0.0 0     1.3 0     2.0 0   -73.1 0   -71.2 0    -6.2 0    61.8 0     9.0 0   270.9 0   956.7 0
 2026  15  1 15 12 31 12.517  91.35     1.9 0     1.1 0     0.1 0     3.3 0   215.2 0   267.163 0   266.853 0   282.4 0   266.591 0   266.676 0     0.0 0     1.5 0     2.2 0   -67.3 0   -65.0 0    -6.2 0    62.3 0     7.6 0   272.2 0   956.7 0
 2026  15  1 15 12 32 12.533  91.18     2.2 0     1.1 0     0.1 0     3.6 0   224.0 0   267.138 0   266.853 0   282.9 0   266.571 0   266.660 0     0.0 0     1.6 0     2.5 0   -58.9 0   -56.4 0    -6.2 0    62.5 0     8.2 0   262.2 0   956.7 0
 2026  15  1 15 12 33 12.550  91.02     2.5 0     1.2 0     0.0 0     3.8 0   235.8 0   267.117 0   266.870 0   283.6 0   266.553 0   266.644 0     0.0 0     1.8 0     2.7 0   -47.8 0   -45.1 0    -6.2 0    62.8 0     8.9 0   263.0 0   956.7 0
 2026  15  1 15 12 34 12.567  90.85     2.7 0     1.2 0     0.0 0     4.1 0   245.7 0   267.102 0   266.893 0   284.4 0   266.536 0   266.633 0     0.0 0     1.9 0     2.9 0   -38.7 0   -35.8 0    -6.2 0    63.9 0     8.1 0   264.3 0   956.7 0
 2026  15  1 15 12 35 12.583  89.94     2.8 0     1.1 0    -0.1 0     4.2 0   249.6 0   267.093 0   266.914 0   284.9 0   266.524 0   266.626 0     0.1 0     1.9 0     3.1 0   -35.2 0   -32.2 0    -6.2 0    64.5 0     8.3 0   267.3 0   956.8 0
 2026  15  1 15 12 36 12.600  89.82     2.9 0     1.1 0    -0.1 0     4.3 0   252.7 0   267.088 0   266.917 0   285.0 0   266.515 0   266.619 0     0.1 0     1.9 0     3.1 0   -32.3 0   -29.2 0    -6.2 0    63.6 0     9.0 0   274.0 0   956.8 0
 2026  15  1 15 12 37 12.617  89.70     3.1 0     1.2 0     0.0 0     4.4 0   258.8 0   267.084 0   266.930 0   285.4 0   266.507 0   266.612 0     0.1 0     2.0 0     3.3 0   -26.6 0   -23.3 0    -6.2 0    64.7 0     9.0 0   271.4 0   956.9 0
 2026  15  1 15 12 38 12.633  89.58     3.0 0     1.1 0     0.0 0     4.4 0   259.3 0   267.082 0   266.940 0   285.6 0   266.501 0   266.608 0     0.1 0     2.1 0     3.3 0   -26.2 0   -22.9 0    -6.2 0    65.5 0     7.8 0   267.8 0   957.0 0
 2026  15  1 15 12 39 12.650  89.45     3.1 0     1.1 0     0.0 0     4.5 0   255.2 0   267.082 0   266.936 0   285.4 0   266.495 0   266.602 0     0.1 0     2.2 0     3.4 0   -30.2 0   -26.8 0    -6.2 0    65.3 0     7.3 0   273.0 0   957.0 0
 2026  15  1 15 12 40 12.667  89.32     3.5 0     1.1 0     0.1 0     4.8 0   252.5 0   267.079 0   266.917 0   285.2 0   266.488 0   266.590 0     0.2 0     2.5 0     3.7 0   -32.6 0   -28.9 0    -6.2 0    65.5 0     7.9 0   271.4 0   957.0 0
 2026  15  1 15 12 41 12.683  89.18     4.0 0     1.2 0     0.1 0     5.2 0   246.2 0   267.074 0   266.901 0   284.9 0   266.478 0   266.580 0     0.2 0     2.7 0     4.0 0   -38.6 0   -34.6 0    -6.3 0    66.2 0     6.9 0   277.4 0   957.0 0
 2026  15  1 15 12 42 12.700  89.04     4.7 0     1.3 0     0.1 0     6.0 0   243.2 0   267.069 0   266.890 0   284.5 0   266.469 0   266.570 0     0.2 0     3.1 0     4.7 0   -41.3 0   -36.7 0    -6.3 0    67.3 0     5.7 0   281.2 0   957.1 0
 2026  15  1 15 12 43 12.717  88.90     5.2 0     1.5 0     0.2 0     6.5 0   243.6 0   267.063 0   266.876 0   284.5 0   266.458 0   266.554 0     0.3 0     3.4 0     5.1 0   -41.0 0   -35.9 0    -6.3 0    68.2 0     6.9 0   279.3 0   957.1 0
 2026  15  1 15 12 44 12.733  88.76     5.3 0     1.5 0     0.2 0     6.6 0   237.2 0   267.054 0   266.847 0   284.1 0   266.444 0   266.539 0     0.3 0     3.4 0     5.1 0   -46.9 0   -41.8 0    -6.3 0    69.4 0     5.5 0   273.3 0   957.0 0
 2026  15  1 15 12 45 12.750  88.62     5.7 0     1.5 0     0.2 0     7.0 0   232.9 0   267.043 0   266.826 0   283.8 0   266.430 0   266.527 0     0.3 0     3.7 0     5.5 0   -50.9 0   -45.4 0    -6.3 0    69.9 0     5.3 0   274.6 0   957.0 0
 2026  15  1 15 12 46 12.767  88.47     6.4 0     1.6 0     0.2 0     7.6 0   233.4 0   267.030 0   266.809 0   283.9 0   266.417 0   266.512 0     0.4 0     4.1 0     6.0 0   -50.4 0   -44.4 0    -6.3 0    68.9 0     7.4 0   271.8 0   957.0 0
 2026  15  1 15 12 47 12.783  88.32     7.1 0     1.7 0     0.2 0     8.3 0   235.4 0   267.018 0   266.796 0   283.9 0   266.402 0   266.498 0     0.4 0     4.6 0     6.6 0   -48.5 0   -41.8 0    -6.3 0    68.7 0     7.1 0   268.6 0   957.0 0
 2026  15  1 15 12 48 12.800  88.18     7.2 0     1.7 0     0.2 0     8.6 0   233.1 0   267.004 0   266.781 0   283.8 0   266.387 0   266.485 0     0.4 0     4.7 0     6.8 0   -50.6 0   -43.8 0    -6.4 0    68.6 0     6.5 0   275.9 0   957.1 0
 2026  15  1 15 12 49 12.817  88.03     7.4 0     1.8 0     0.2 0     8.8 0   227.2 0   266.989 0   266.756 0   283.3 0   266.373 0   266.468 0     0.5 0     4.8 0     7.0 0   -56.1 0   -49.1 0    -6.4 0    69.4 0     5.7 0   279.9 0   957.1 0
 2026  15  1 15 12 50 12.833  87.88     8.0 0     1.9 0     0.2 0     9.4 0   218.1 0   266.973 0   266.715 0   282.6 0   266.357 0   266.450 0     0.5 0     5.0 0     7.5 0   -64.6 0   -57.1 0    -6.4 0    69.6 0     5.9 0   276.2 0   957.1 0
 2026  15  1 15 12 51 12.850  87.73     9.0 0     2.1 0     0.2 0    10.2 0   215.0 0   266.953 0   266.677 0   282.3 0   266.340 0   266.431 0     0.6 0     5.5 0     8.1 0   -67.3 0   -59.2 0    -6.4 0    69.0 0     6.6 0   272.6 0   957.1 0
 2026  15  1 15 12 52 12.867  87.58    10.5 0     2.4 0     0.3 0    11.6 0   220.2 0   266.931 0   266.661 0   282.4 0   266.322 0   266.415 0     0.6 0     6.1 0     9.2 0   -62.1 0   -52.9 0    -6.4 0    65.3 0     6.0 0   273.6 0   957.1 0
 2026  15  1 15 12 53 12.883  87.42    11.9 0     2.8 0     0.3 0    13.1 0   223.8 0   266.910 0   266.658 0   282.6 0   266.305 0   266.400 0     0.6 0     6.7 0    10.3 0   -58.9 0   -48.6 0    -6.4 0    65.0 0     7.1 0   277.6 0   957.2 0
 2026  15  1 15 12 54 12.900  87.27    13.2 0     3.1 0     0.2 0    14.3 0   227.1 0   266.892 0   266.658 0   282.8 0   266.289 0   266.389 0     0.7 0     7.1 0    11.3 0   -55.7 0   -44.5 0    -6.4 0    64.4 0     6.9 0   276.0 0   957.2 0
 2026  15  1 15 12 55 12.917  87.12    14.6 0     3.4 0     0.2 0    15.7 0   232.1 0   266.879 0   266.670 0   283.2 0   266.276 0   266.378 0     0.7 0     7.6 0    12.3 0   -51.1 0   -38.8 0    -6.4 0    63.8 0     6.6 0   286.5 0   957.2 0
 2026  15  1 15 12 56 12.933  86.97    15.2 0     3.5 0     0.2 0    16.4 0   233.8 0   266.870 0   266.681 0   283.3 0   266.265 0   266.372 0     0.7 0     7.7 0    12.9 0   -49.5 0   -36.7 0    -6.4 0    63.5 0     5.5 0   288.9 0   957.2 0
 2026  15  1 15 12 57 12.950  86.81    14.8 0     3.4 0     0.2 0    16.0 0   236.2 0   266.864 0   266.686 0   283.5 0   266.257 0   266.366 0     0.7 0     7.5 0    12.7 0   -47.3 0   -34.6 0    -6.4 0    63.0 0     6.5 0   290.7 0   957.2 0
 2026  15  1 15 12 58 12.967  86.66    14.9 0     3.4 0     0.2 0    16.1 0   240.7 0   266.860 0   266.693 0   283.8 0   266.251 0   266.363 0     0.7 0     7.4 0    12.6 0   -43.2 0   -30.5 0    -6.4 0    62.7 0     6.6 0   282.8 0   957.2 0
 2026  15  1 15 12 59 12.983  86.50    16.2 0     3.8 0     0.2 0    17.2 0   250.0 0   266.858 0   266.719 0   284.4 0   266.247 0   266.363 0     0.6 0     7.7 0    13.4 0   -34.4 0   -21.1 0    -6.4 0    63.4 0     5.2 0   291.5 0   957.2 0
 2026  15  1 15 13  0 13.000  86.35    18.2 0     4.4 0     0.1 0    19.1 0   256.2 0   266.861 0   266.746 0   285.0 0   266.246 0   266.366 0     0.6 0     8.0 0    14.7 0   -28.8 0   -14.2 0    -6.4 0    64.8 0     3.7 0   273.1 0   957.2 0
 2026  15  1 15 13  1 13.017  86.20    17.8 0     4.4 0     0.1 0    18.9 0   259.4 0   266.867 0   266.764 0   285.4 0   266.246 0   266.368 0     0.5 0     7.6 0    14.4 0   -26.1 0   -11.6 0    -6.4 0    64.1 0     4.9 0   282.2 0   957.2 0
 2026  15  1 15 13  2 13.033  86.04    16.5 0     4.1 0     0.1 0    17.6 0   260.8 0   266.873 0   266.781 0   285.7 0   266.247 0   266.371 0     0.5 0     7.2 0    13.5 0   -24.9 0   -11.4 0    -6.4 0    63.7 0     4.9 0   267.9 0   957.3 0
 2026  15  1 15 13  3 13.050  85.89    15.8 0     3.9 0     0.0 0    16.9 0   261.1 0   266.882 0   266.798 0   285.9 0   266.249 0   266.373 0     0.5 0     7.1 0    13.0 0   -24.8 0   -11.8 0    -6.4 0    64.4 0     4.5 0   265.3 0   957.3 0
 2026  15  1 15 13  4 13.067  85.73    17.1 0     4.2 0     0.0 0    18.0 0   260.8 0   266.893 0   266.809 0   286.0 0   266.251 0   266.376 0     0.6 0     7.5 0    13.9 0   -25.2 0   -11.3 0    -6.4 0    64.6 0     4.3 0   267.2 0   957.2 0
 2026  15  1 15 13  5 13.083  85.58    17.0 0     4.1 0     0.0 0    18.0 0   260.5 0   266.903 0   266.819 0   286.1 0   266.256 0   266.382 0     0.6 0     7.6 0    13.9 0   -25.6 0   -11.7 0    -6.3 0    64.2 0     5.7 0   267.8 0   957.2 0
 2026  15  1 15 13  6 13.100  85.42    15.9 0     3.8 0     0.0 0    17.0 0   259.7 0   266.912 0   266.817 0   285.9 0   266.260 0   266.383 0     0.6 0     7.3 0    13.2 0   -26.2 0   -13.0 0    -6.4 0    61.3 0     7.8 0   268.8 0   957.3 0
 2026  15  1 15 13  7 13.117  85.27    15.6 0     3.7 0     0.0 0    16.7 0   258.8 0   266.920 0   266.828 0   285.9 0   266.263 0   266.388 0     0.7 0     7.4 0    13.1 0   -27.1 0   -14.0 0    -6.4 0    62.5 0     5.9 0   263.3 0   957.3 0
 2026  15  1 15 13  8 13.133  85.12    16.6 0     3.9 0     0.0 0    17.7 0   259.9 0   266.931 0   266.847 0   286.1 0   266.269 0   266.397 0     0.7 0     7.8 0    13.8 0   -26.3 0   -12.5 0    -6.3 0    64.1 0     4.1 0   262.6 0   957.3 0
 2026  15  1 15 13  9 13.150  84.96    17.2 0     4.2 0     0.1 0    18.2 0   260.9 0   266.940 0   266.845 0   286.1 0   266.275 0   266.400 0     0.7 0     7.8 0    14.0 0   -25.3 0   -11.2 0    -6.3 0    62.6 0     6.3 0   268.7 0   957.3 0
 2026  15  1 15 13 10 13.167  84.81    17.6 0     4.3 0     0.2 0    18.7 0   261.0 0   266.946 0   266.842 0   286.0 0   266.278 0   266.401 0     0.7 0     7.9 0    14.4 0   -25.0 0   -10.6 0    -6.3 0    60.8 0     7.4 0   271.4 0   957.4 0
 2026  15  1 15 13 11 13.183  84.65    16.4 0     4.0 0     0.2 0    17.6 0   260.8 0   266.950 0   266.838 0   285.8 0   266.280 0   266.401 0     0.6 0     7.6 0    13.6 0   -25.0 0   -11.4 0    -6.4 0    60.1 0     7.7 0   263.1 0   957.4 0
 2026  15  1 15 13 12 13.200  84.50    16.3 0     4.0 0     0.2 0    17.5 0   260.7 0   266.954 0   266.839 0   285.7 0   266.281 0   266.402 0     0.6 0     7.7 0    13.5 0   -25.1 0   -11.6 0    -6.4 0    59.8 0     6.4 0   265.5 0   957.4 0
 2026  15  1 15 13 13 13.217  84.35    17.7 0     4.3 0     0.2 0    18.8 0   260.4 0   266.956 0   266.848 0   285.9 0   266.282 0   266.406 0     0.7 0     8.3 0    14.5 0   -25.5 0   -11.0 0    -6.4 0    61.1 0     6.8 0   270.4 0   957.4 0
 2026  15  1 15 13 14 13.233  84.19    18.7 0     4.4 0     0.1 0    19.8 0   259.1 0   266.960 0   266.856 0   285.9 0   266.286 0   266.410 0     0.7 0     8.7 0    15.3 0   -26.8 0   -11.4 0    -6.4 0    61.0 0     6.5 0   262.8 0   957.4 0
 2026  15  1 15 13 15 13.250  84.04    19.0 0     4.4 0     0.1 0    20.2 0   256.7 0   266.967 0   266.871 0   285.9 0   266.289 0   266.415 0     0.8 0     9.1 0    15.8 0   -29.2 0   -13.4 0    -6.3 0    62.5 0     4.9 0   272.5 0   957.5 0
 2026  15  1 15 13 16 13.267  83.89    19.8 0     4.5 0     0.2 0    21.0 0   255.2 0   266.974 0   266.875 0   285.8 0   266.294 0   266.416 0     0.9 0     9.7 0    16.5 0   -30.6 0   -14.1 0    -6.3 0    62.5 0     3.8 0   283.8 0   957.4 0
 2026  15  1 15 13 17 13.283  83.73    21.2 0     4.8 0     0.2 0    22.2 0   255.3 0   266.980 0   266.867 0   285.8 0   266.295 0   266.415 0     1.0 0    10.3 0    17.4 0   -30.5 0   -13.1 0    -6.3 0    61.6 0     4.2 0   268.6 0   957.4 0
 2026  15  1 15 13 18 13.300  83.58    23.7 0     5.4 0     0.1 0    24.6 0   255.2 0   266.985 0   266.894 0   286.1 0   266.296 0   266.422 0     1.1 0    11.2 0    19.2 0   -31.0 0   -11.8 0    -6.3 0    63.1 0     3.9 0   247.6 0   957.5 0
 2026  15  1 15 13 19 13.317  83.43    25.9 0     5.9 0     0.1 0    26.7 0   253.0 0   266.991 0   266.882 0   285.9 0   266.298 0   266.420 0     1.2 0    12.0 0    20.8 0   -33.0 0   -12.2 0    -6.3 0    61.3 0     4.3 0   263.2 0   957.5 0
 2026  15  1 15 13 20 13.333  83.28    27.3 0     6.2 0     0.2 0    28.1 0   251.8 0   266.993 0   266.867 0   285.7 0   266.297 0   266.413 0     1.3 0    12.8 0    21.9 0   -33.9 0   -12.0 0    -6.4 0    60.8 0     6.2 0   280.3 0   957.5 0
 2026  15  1 15 13 21 13.350  83.12    30.7 0     7.0 0     0.4 0    31.3 0   249.6 0   266.990 0   266.837 0   285.4 0   266.290 0   266.401 0     1.4 0    14.3 0    24.4 0   -35.9 0   -11.5 0    -6.4 0    59.8 0     7.6 0   275.8 0   957.4 0
 2026  15  1 15 13 22 13.367  82.97    32.5 0     7.3 0     0.4 0    33.3 0   243.6 0   266.982 0   266.820 0   285.0 0   266.279 0   266.390 0     1.6 0    15.2 0    26.1 0   -41.4 0   -15.3 0    -6.5 0    59.6 0     6.7 0   276.3 0   957.4 0
 2026  15  1 15 13 23 13.383  82.82    35.1 0     7.8 0     0.4 0    35.7 0   237.8 0   266.971 0   266.794 0   284.7 0   266.267 0   266.377 0     1.8 0    16.3 0    27.9 0   -46.9 0   -18.9 0    -6.5 0    60.3 0     7.6 0   266.0 0   957.4 0
 2026  15  1 15 13 24 13.400  82.67    39.1 0     8.7 0     0.3 0    39.6 0   235.5 0   266.962 0   266.800 0   284.7 0   266.255 0   266.371 0     1.9 0    17.7 0    30.9 0   -49.2 0   -18.3 0    -6.5 0    60.7 0     7.8 0   263.9 0   957.4 0
 2026  15  1 15 13 25 13.417  82.52    43.9 0     9.9 0     0.2 0    44.1 0   238.7 0   266.955 0   266.801 0   284.9 0   266.246 0   266.367 0     1.9 0    19.3 0    34.2 0   -46.2 0   -12.0 0    -6.5 0    62.0 0     5.9 0   269.8 0   957.4 0
 2026  15  1 15 13 26 13.433  82.37    48.5 0    11.2 0     0.2 0    48.8 0   243.8 0   266.950 0   266.823 0   285.4 0   266.241 0   266.368 0     1.9 0    20.8 0    37.6 0   -41.6 0    -4.1 0    -6.5 0    62.4 0     5.9 0   261.9 0   957.4 0
 2026  15  1 15 13 27 13.450  82.22    48.8 0    11.5 0     0.1 0    49.6 0   248.5 0   266.948 0   266.831 0   285.7 0   266.237 0   266.366 0     1.7 0    20.7 0    38.2 0   -37.2 0     1.0 0    -6.5 0    61.2 0     6.0 0   282.3 0   957.4 0
 2026  15  1 15 13 28 13.467  82.07    44.3 0    10.5 0     0.3 0    45.8 0   251.8 0   266.946 0   266.824 0   285.8 0   266.233 0   266.358 0     1.6 0    19.0 0    35.3 0   -34.0 0     1.3 0    -6.5 0    60.7 0     7.6 0   290.2 0   957.4 0
 2026  15  1 15 13 29 13.483  81.92    38.4 0     9.0 0     0.5 0    40.2 0   250.7 0   266.943 0   266.820 0   285.6 0   266.226 0   266.350 0     1.6 0    17.2 0    31.2 0   -34.9 0    -3.7 0    -6.5 0    60.7 0     7.6 0   283.0 0   957.4 0
 2026  15  1 15 13 30 13.500  81.77    36.2 0     8.2 0     0.4 0    37.7 0   247.2 0   266.941 0   266.816 0   285.4 0   266.220 0   266.344 0     1.8 0    16.9 0    29.6 0   -38.2 0    -8.6 0    -6.5 0    61.4 0     5.4 0   273.2 0   957.5 0
 2026  15  1 15 13 31 13.517  81.62    37.2 0     8.0 0     0.3 0    38.3 0   242.7 0   266.941 0   266.818 0   285.3 0   266.216 0   266.344 0     2.1 0    17.6 0    30.3 0   -42.7 0   -12.4 0    -6.5 0    62.5 0     5.0 0   249.3 0   957.5 0
 2026  15  1 15 13 32 13.533  81.47    38.7 0     8.3 0     0.2 0    39.6 0   237.3 0   266.940 0   266.789 0   284.9 0   266.213 0   266.335 0     2.3 0    18.2 0    31.3 0   -47.6 0   -16.2 0    -6.5 0    59.8 0     6.9 0   257.9 0   957.4 0
 2026  15  1 15 13 33 13.550  81.32    41.7 0     9.0 0     0.2 0    42.3 0   234.9 0   266.933 0   266.771 0   284.6 0   266.207 0   266.329 0     2.4 0    19.4 0    33.3 0   -49.7 0   -16.5 0    -6.5 0    59.8 0     6.5 0   253.3 0   957.4 0
 2026  15  1 15 13 34 13.567  81.17    45.6 0    10.0 0     0.2 0    46.2 0   235.9 0   266.925 0   266.772 0   284.7 0   266.202 0   266.327 0     2.4 0    21.0 0    36.2 0   -48.8 0   -12.6 0    -6.5 0    59.7 0     6.0 0   252.0 0   957.4 0
 2026  15  1 15 13 35 13.583  81.02    48.5 0    10.7 0     0.2 0    49.1 0   236.2 0   266.921 0   266.788 0   285.0 0   266.198 0   266.328 0     2.5 0    22.1 0    38.5 0   -48.7 0   -10.3 0    -6.5 0    60.5 0     7.3 0   254.9 0   957.5 0
 2026  15  1 15 13 36 13.600  80.87    50.7 0    11.2 0     0.1 0    51.5 0   232.4 0   266.921 0   266.787 0   284.9 0   266.197 0   266.330 0     2.6 0    22.9 0    40.3 0   -52.5 0   -12.2 0    -6.5 0    60.5 0     6.0 0   263.8 0   957.5 0
 2026  15  1 15 13 37 13.617  80.73    51.1 0    11.2 0     0.1 0    52.1 0   230.5 0   266.922 0   266.800 0   284.9 0   266.198 0   266.333 0     2.8 0    23.2 0    41.0 0   -54.5 0   -13.5 0    -6.5 0    61.2 0     5.6 0   253.2 0   957.5 0
 2026  15  1 15 13 38 13.633  80.58    53.8 0    11.7 0     0.1 0    54.5 0   233.2 0   266.926 0   266.803 0   285.0 0   266.199 0   266.332 0     2.8 0    24.3 0    42.7 0   -51.8 0    -9.1 0    -6.5 0    60.1 0     7.3 0   247.3 0   957.5 0
 2026  15  1 15 13 39 13.650  80.43    58.7 0    13.1 0     0.2 0    59.1 0   239.5 0   266.928 0   266.809 0   285.4 0   266.199 0   266.335 0     2.8 0    26.2 0    46.1 0   -45.9 0     0.2 0    -6.5 0    59.2 0     7.0 0   260.4 0   957.5 0
 2026  15  1 15 13 40 13.667  80.29    62.5 0    14.3 0     0.2 0    63.0 0   242.2 0   266.928 0   266.821 0   285.5 0   266.198 0   266.334 0     2.7 0    27.4 0    48.7 0   -43.3 0     5.4 0    -6.5 0    57.9 0     7.4 0   259.4 0   957.5 0
 2026  15  1 15 13 41 13.683  80.14    66.2 0    15.4 0     0.3 0    66.8 0   242.2 0   266.933 0   266.853 0   285.9 0   266.199 0   266.342 0     2.7 0    28.6 0    51.5 0   -43.7 0     7.8 0    -6.5 0    58.8 0     6.9 0   257.1 0   957.5 0
 2026  15  1 15 13 42 13.700  79.99    63.5 0    14.5 0     0.2 0    64.8 0   241.9 0   266.942 0   266.862 0   285.9 0   266.201 0   266.343 0     2.8 0    27.7 0    50.4 0   -44.0 0     6.4 0    -6.5 0    58.0 0     6.8 0   244.9 0   957.5 0
 2026  15  1 15 13 43 13.717  79.85    57.3 0    12.8 0     0.3 0    58.8 0   241.7 0   266.950 0   266.856 0   285.7 0   266.201 0   266.339 0     2.7 0    25.6 0    46.1 0   -44.0 0     2.1 0    -6.5 0    58.0 0     6.6 0   251.2 0   957.5 0
 2026  15  1 15 13 44 13.733  79.70    56.4 0    12.4 0     0.4 0    57.4 0   241.0 0   266.955 0   266.859 0   285.8 0   266.201 0   266.340 0     2.8 0    25.4 0    45.0 0   -44.8 0     0.2 0    -6.5 0    58.7 0     6.9 0   264.2 0   957.6 0
 2026  15  1 15 13 45 13.750  79.56    57.0 0    12.5 0     2.3 0    57.6 0   238.8 0   266.958 0   266.841 0   285.5 0   266.201 0   266.338 0     3.0 0    25.7 0    45.5 0   -46.7 0    -1.2 0    -6.5 0    57.3 0     5.7 0   248.8 0   957.6 0
 2026  15  1 15 13 46 13.767  79.41    58.2 0    12.7 0     0.4 0    58.9 0   236.5 0   266.959 0   266.856 0   285.6 0   266.201 0   266.338 0     3.2 0    26.0 0    46.3 0   -49.1 0    -2.8 0    -6.5 0    58.8 0     6.2 0   240.4 0   957.6 0
 2026  15  1 15 13 47 13.783  79.27    61.8 0    13.4 0     0.2 0    62.1 0   234.8 0   266.962 0   266.863 0   285.7 0   266.202 0   266.341 0     3.4 0    27.2 0    48.8 0   -50.9 0    -2.2 0    -6.5 0    60.2 0     5.5 0   243.5 0   957.6 0
 2026  15  1 15 13 48 13.800  79.13    64.9 0    14.2 0     0.2 0    65.3 0   233.3 0   266.966 0   266.860 0   285.6 0   266.203 0   266.340 0     3.5 0    28.4 0    51.1 0   -52.3 0    -1.2 0    -6.5 0    58.6 0     6.9 0   246.0 0   957.6 0
 2026  15  1 15 13 49 13.817  78.98    69.3 0    15.5 0     0.2 0    69.3 0   230.4 0   266.967 0   266.853 0   285.5 0   266.202 0   266.341 0     3.6 0    29.9 0    53.8 0   -55.1 0    -1.3 0    -6.5 0    58.7 0     6.6 0   239.6 0   957.5 0
 2026  15  1 15 13 50 13.833  78.84    84.0 0    19.3 0     0.2 0    82.6 0   234.5 0   266.968 0   266.867 0   285.9 0   266.203 0   266.349 0     3.7 0    34.9 0    63.4 0   -51.4 0    12.0 0    -6.5 0    57.5 0     8.5 0   263.6 0   957.6 0
 2026  15  1 15 13 51 13.850  78.70   103.5 0    23.9 0     0.2 0   101.5 0   244.7 0   266.971 0   266.933 0   286.9 0   266.206 0   266.365 0     3.4 0    41.8 0    77.6 0   -42.2 0    35.4 0    -6.5 0    57.4 0     7.5 0   251.0 0   957.6 0
 2026  15  1 15 13 52 13.867  78.55   102.4 0    23.9 0     0.1 0   102.5 0   251.8 0   266.984 0   266.979 0   287.6 0   266.214 0   266.383 0     3.0 0    41.3 0    78.6 0   -35.8 0    42.8 0    -6.5 0    57.5 0     8.2 0   260.0 0   957.6 0
 2026  15  1 15 13 53 13.883  78.41    83.9 0    20.0 0     0.1 0    85.9 0   254.9 0   266.996 0   266.964 0   287.6 0   266.224 0   266.386 0     2.6 0    34.3 0    65.9 0   -32.7 0    33.3 0    -6.5 0    56.3 0     6.3 0   264.0 0   957.6 0
 2026  15  1 15 13 54 13.900  78.27    72.8 0    17.5 0     0.2 0    74.2 0   255.4 0   267.005 0   266.968 0   287.4 0   266.232 0   266.390 0     2.6 0    30.2 0    56.8 0   -32.0 0    24.8 0    -6.4 0    56.8 0     7.9 0   268.0 0   957.7 0
 2026  15  1 15 13 55 13.917  78.13    69.8 0    16.5 0     0.3 0    71.0 0   255.5 0   267.014 0   266.971 0   287.1 0   266.238 0   266.390 0     2.7 0    29.2 0    54.5 0   -31.6 0    22.9 0    -6.5 0    55.4 0     7.6 0   256.1 0   957.6 0
 2026  15  1 15 13 56 13.933  77.99    62.9 0    14.7 0     0.2 0    64.6 0   255.7 0   267.024 0   266.973 0   287.1 0   266.242 0   266.391 0     2.8 0    26.9 0    49.9 0   -31.4 0    18.5 0    -6.5 0    55.9 0     6.5 0   254.8 0   957.6 0
 2026  15  1 15 13 57 13.950  77.85    58.7 0    13.6 0     0.3 0    60.1 0   255.4 0   267.033 0   266.978 0   287.0 0   266.248 0   266.395 0     2.9 0    25.6 0    46.5 0   -31.6 0    14.8 0    -6.4 0    56.8 0     8.9 0   254.2 0   957.7 0
 2026  15  1 15 13 58 13.967  77.71    62.8 0    14.5 0     0.3 0    63.1 0   254.3 0   267.040 0   266.969 0   286.9 0   266.253 0   266.397 0     3.1 0    27.3 0    48.7 0   -32.6 0    16.0 0    -6.4 0    56.1 0     7.5 0   261.5 0   957.7 0
 2026  15  1 15 13 59 13.983  77.57    71.2 0    16.3 0     0.2 0    71.0 0   253.0 0   267.046 0   266.998 0   287.1 0   266.257 0   266.406 0     3.2 0    30.6 0    54.7 0   -34.2 0    20.6 0    -6.4 0    56.9 0     6.8 0   272.2 0   957.7 0
 2026  15  1 15 14  0 14.000  77.43    73.1 0    16.7 0     0.2 0    73.4 0   251.7 0   267.058 0   267.027 0   287.5 0   266.264 0   266.420 0     3.3 0    31.4 0    56.8 0   -35.8 0    21.0 0    -6.4 0    57.7 0     5.7 0   269.8 0   957.8 0
 2026  15  1 15 14  1 14.017  77.29    71.4 0    16.3 0     0.2 0    72.1 0   251.1 0   267.072 0   267.035 0   287.4 0   266.274 0   266.426 0     3.2 0    30.8 0    55.9 0   -36.3 0    19.6 0    -6.4 0    56.6 0     6.4 0   267.5 0   957.8 0
 2026  15  1 15 14  2 14.033  77.15    68.1 0    15.6 0     0.2 0    69.1 0   251.3 0   267.083 0   267.020 0   287.0 0   266.279 0   266.424 0     3.2 0    29.7 0    53.6 0   -35.7 0    17.9 0    -6.4 0    55.1 0     8.6 0   258.3 0   957.8 0
 2026  15  1 15 14  3 14.050  77.02    67.2 0    15.4 0     0.3 0    68.0 0   252.2 0   267.087 0   267.009 0   287.0 0   266.280 0   266.425 0     3.3 0    29.5 0    52.7 0   -34.8 0    17.8 0    -6.4 0    56.8 0     7.2 0   277.8 0   957.8 0
 2026  15  1 15 14  4 14.067  76.88    70.9 0    16.1 0     0.3 0    71.1 0   252.9 0   267.093 0   267.041 0   287.5 0   266.286 0   266.439 0     3.4 0    31.0 0    55.0 0   -34.5 0    20.5 0    -6.4 0    58.1 0     5.8 0   265.8 0   957.8 0
 2026  15  1 15 14  5 14.083  76.74    73.5 0    16.6 0     0.3 0    73.8 0   252.0 0   267.103 0   267.058 0   287.7 0   266.295 0   266.450 0     3.5 0    31.9 0    57.2 0   -35.7 0    21.5 0    -6.4 0    58.2 0     6.6 0   257.9 0   957.8 0
 2026  15  1 15 14  6 14.100  76.61    71.6 0    16.4 0     0.2 0    72.2 0   251.3 0   267.112 0   267.049 0   287.4 0   266.302 0   266.449 0     3.6 0    31.1 0    55.9 0   -36.1 0    19.8 0    -6.4 0    56.3 0     7.0 0   257.9 0   957.8 0
 2026  15  1 15 14  7 14.117  76.47    74.2 0    17.2 0     0.3 0    74.4 0   252.1 0   267.114 0   267.023 0   287.2 0   266.301 0   266.440 0     3.7 0    32.1 0    57.2 0   -35.1 0    22.1 0    -6.5 0    54.6 0     6.4 0   267.9 0   957.8 0
 2026  15  1 15 14  8 14.133  76.33    81.7 0    19.1 0     0.3 0    81.3 0   254.0 0   267.109 0   267.037 0   287.4 0   266.296 0   266.441 0     3.5 0    35.1 0    62.2 0   -33.4 0    28.8 0    -6.5 0    55.7 0     5.7 0   268.2 0   957.9 0
 2026  15  1 15 14  9 14.150  76.20    87.7 0    20.7 0     0.2 0    87.3 0   255.3 0   267.114 0   267.093 0   288.2 0   266.298 0   266.457 0     3.3 0    37.2 0    66.7 0   -32.8 0    33.9 0    -6.4 0    57.3 0     5.9 0   253.5 0   957.8 0
 2026  15  1 15 14 10 14.167  76.06    88.1 0    21.3 0     0.6 0    88.4 0   255.2 0   267.123 0   267.084 0   287.9 0   266.303 0   266.459 0     3.2 0    37.1 0    67.3 0   -32.7 0    34.6 0    -6.4 0    55.7 0     7.4 0   259.6 0   957.8 0
 2026  15  1 15 14 11 14.183  75.93    81.6 0    19.6 0     0.5 0    82.9 0   252.5 0   267.131 0   267.099 0   287.7 0   266.305 0   266.460 0     3.4 0    34.8 0    63.4 0   -35.3 0    28.1 0    -6.4 0    57.1 0     7.6 0   263.2 0   957.8 0
 2026  15  1 15 14 12 14.200  75.79    80.3 0    19.0 0     1.2 0    81.0 0   246.7 0   267.144 0   267.087 0   287.2 0   266.309 0   266.456 0     4.2 0    34.8 0    62.3 0   -40.5 0    21.8 0    -6.4 0    55.5 0     7.5 0   273.1 0   957.9 0
 2026  15  1 15 14 13 14.217  75.66    89.3 0    20.9 0     6.0 0    87.8 0   239.8 0   267.148 0   267.072 0   287.1 0   266.306 0   266.454 0     5.1 0    38.9 0    68.4 0   -47.3 0    21.1 0    -6.4 0    56.3 0     5.5 0   260.7 0   957.8 0
 2026  15  1 15 14 14 14.233  75.53   108.2 0    25.2 0     8.5 0   104.4 0   232.6 0   267.151 0   267.069 0   287.0 0   266.306 0   266.458 0     5.9 0    46.2 0    81.3 0   -54.4 0    26.9 0    -6.5 0    54.1 0     8.7 0   255.2 0   957.8 0
 2026  15  1 15 14 15 14.250  75.40   139.9 0    32.5 0    17.9 0   132.1 0   229.9 0   267.152 0   267.089 0   287.4 0   266.301 0   266.464 0     6.4 0    58.5 0   104.1 0   -57.5 0    46.6 0    -6.5 0    53.9 0     7.5 0   264.8 0   957.8 0
 2026  15  1 15 14 16 14.267  75.26   223.1 0    58.8 0   317.3 0   146.4 0   231.8 0   267.161 0   267.161 0   289.2 0   266.302 0   266.506 0     6.6 0    90.1 0   168.3 0   -57.4 0   110.8 0    -6.5 0    53.8 0     6.3 0   274.5 0   957.9 0
 2026  15  1 15 14 17 14.283  75.13   304.2 0    86.0 0   659.5 0   145.3 0   236.9 0   267.208 0   267.290 0   292.8 0   266.328 0   266.627 0     6.5 0   116.5 0   228.6 0   -55.9 0   172.6 0    -6.3 0    54.7 0     6.2 0   287.0 0   957.9 0
 2026  15  1 15 14 18 14.300  75.00   219.5 0    58.2 0   332.0 0   138.6 0   239.8 0   267.300 0   267.332 0   292.2 0   266.370 0   266.651 0     6.2 0    85.0 0   166.3 0   -52.3 0   114.0 0    -6.1 0    50.9 0     6.8 0   283.0 0   957.9 0
 2026  15  1 15 14 19 14.317  74.87   285.7 0    81.4 0   621.2 0   135.4 0   240.4 0   267.377 0   267.428 0   293.5 0   266.394 0   266.687 0     6.4 0   110.2 0   216.2 0   -53.1 0   163.1 0    -6.0 0    53.2 0     5.4 0   269.0 0   957.9 0
 2026  15  1 15 14 20 14.333  74.74   159.8 0    39.1 0    87.0 0   140.6 0   237.7 0   267.466 0   267.516 0   292.3 0   266.432 0   266.686 0     6.4 0    68.2 0   124.3 0   -54.6 0    69.7 0    -5.9 0    53.3 0     5.6 0   257.8 0   957.9 0
 2026  15  1 15 14 21 14.350  74.61   176.0 0    43.7 0   179.1 0   133.2 0   230.7 0   267.529 0   267.571 0   292.4 0   266.461 0   266.710 0     6.9 0    70.8 0   137.0 0   -61.7 0    75.4 0    -5.9 0    54.5 0     4.8 0   247.7 0   957.9 0
 2026  15  1 15 14 22 14.367  74.48   115.9 0    26.4 0     4.9 0   118.6 0   221.1 0   267.579 0   267.507 0   289.5 0   266.484 0   266.670 0     7.2 0    50.2 0    93.6 0   -68.4 0    25.2 0    -6.0 0    52.8 0     6.4 0   248.7 0   957.9 0
 2026  15  1 15 14 23 14.383  74.35   191.3 0    49.8 0   306.1 0   114.0 0   216.1 0   267.586 0   267.408 0   289.3 0   266.487 0   266.679 0     7.8 0    79.6 0   146.7 0   -73.2 0    73.6 0    -6.2 0    53.1 0     7.9 0   248.8 0   958.0 0
 2026  15  1 15 14 24 14.400  74.22   206.5 0    54.2 0   345.8 0   119.2 0   214.7 0   267.593 0   267.391 0   289.3 0   266.492 0   266.697 0     8.2 0    84.1 0   159.1 0   -74.6 0    84.5 0    -6.2 0    52.0 0     9.8 0   253.5 0   957.9 0
 2026  15  1 15 14 25 14.417  74.09   234.2 0    64.3 0   478.5 0   114.4 0   208.7 0   267.604 0   267.390 0   289.3 0   266.492 0   266.706 0     8.5 0    95.1 0   181.3 0   -80.6 0   100.6 0    -6.3 0    51.9 0    10.8 0   252.0 0   957.9 0
 2026  15  1 15 14 26 14.433  73.97   207.0 0    56.8 0   452.8 0    94.1 0   200.5 0   267.625 0   267.335 0   288.2 0   266.486 0   266.692 0     8.7 0    84.5 0   162.4 0   -87.6 0    74.7 0    -6.3 0    49.2 0    11.1 0   255.1 0   958.0 0
 2026  15  1 15 14 27 14.450  73.84   131.5 0    33.8 0   204.4 0    82.6 0   198.1 0   267.636 0   267.286 0   286.5 0   266.467 0   266.635 0     8.6 0    57.9 0   105.7 0   -88.4 0    17.2 0    -6.4 0    49.3 0     9.4 0   256.3 0   958.0 0
 2026  15  1 15 14 28 14.467  73.71   235.7 0    64.2 0   543.5 0    91.6 0   201.6 0   267.620 0   267.271 0   287.5 0   266.438 0   266.618 0     9.1 0    97.2 0   179.9 0   -85.9 0    94.0 0    -6.5 0    50.1 0     8.9 0   255.0 0   958.0 0
 2026  15  1 15 14 29 14.483  73.59   234.8 0    63.7 0   508.7 0   100.1 0   206.5 0   267.626 0   267.362 0   289.4 0   266.429 0   266.665 0     9.4 0    95.7 0   180.1 0   -83.0 0    97.2 0    -6.4 0    51.6 0     7.9 0   263.6 0   958.0 0
 2026  15  1 15 14 30 14.500  73.46   333.2 0    94.9 0   844.2 0   108.2 0   210.4 0   267.658 0   267.408 0   291.1 0   266.437 0   266.713 0     9.8 0   129.5 0   253.6 0   -80.6 0   173.0 0    -6.3 0    50.8 0     9.9 0   248.9 0   958.0 0
 2026  15  1 15 14 31 14.517  73.34   342.7 0    97.1 0   844.1 0   116.1 0   211.7 0   267.706 0   267.456 0   291.6 0   266.450 0   266.745 0    10.0 0   133.4 0   261.0 0   -79.9 0   181.1 0    -6.3 0    50.4 0    12.0 0   246.8 0   957.9 0
 2026  15  1 15 14 32 14.533  73.21   343.6 0    97.6 0   845.2 0   116.4 0   207.6 0   267.766 0   267.503 0   291.7 0   266.466 0   266.769 0    10.1 0   133.9 0   262.9 0   -84.0 0   178.9 0    -6.3 0    48.1 0    10.9 0   253.6 0   958.0 0
 2026  15  1 15 14 33 14.550  73.09   333.5 0    95.4 0   844.6 0   106.3 0   203.9 0   267.831 0   267.591 0   292.9 0   266.479 0   266.806 0    10.2 0   130.2 0   256.6 0   -89.1 0   167.5 0    -6.2 0    50.9 0     7.3 0   255.2 0   958.0 0
 2026  15  1 15 14 34 14.567  72.97   329.5 0    94.1 0   845.0 0    99.8 0   205.9 0   267.905 0   267.694 0   293.6 0   266.521 0   266.868 0    10.4 0   129.0 0   253.3 0   -87.7 0   165.6 0    -6.0 0    50.8 0     8.7 0   257.6 0   958.0 0
 2026  15  1 15 14 35 14.583  72.84   344.2 0    97.6 0   849.8 0   109.6 0   211.9 0   267.978 0   267.700 0   293.7 0   266.556 0   266.881 0    10.6 0   134.5 0   262.7 0   -81.8 0   180.9 0    -6.0 0    48.4 0     7.8 0   252.9 0   958.0 0
 2026  15  1 15 14 36 14.600  72.72   361.9 0   101.9 0   852.6 0   124.0 0   215.9 0   268.042 0   267.855 0   295.4 0   266.585 0   266.940 0    10.7 0   140.9 0   275.4 0   -79.5 0   195.9 0    -6.0 0    50.6 0     6.3 0   250.3 0   958.0 0
 2026  15  1 15 14 37 14.617  72.60   377.3 0   106.0 0   854.5 0   136.6 0   217.4 0   268.129 0   268.052 0   296.9 0   266.640 0   267.024 0    10.8 0   146.7 0   286.2 0   -79.5 0   206.7 0    -5.7 0    51.8 0     7.7 0   245.2 0   958.0 0
 2026  15  1 15 14 38 14.633  72.48   311.6 0    86.1 0   572.3 0   150.9 0   220.5 0   268.221 0   268.051 0   294.5 0   266.690 0   267.005 0    10.4 0   123.6 0   237.0 0   -74.1 0   163.0 0    -5.8 0    46.7 0     8.4 0   259.3 0   958.0 0
 2026  15  1 15 14 39 14.650  72.36   412.2 0   115.4 0   857.5 0   165.8 0   227.7 0   268.276 0   268.107 0   296.7 0   266.722 0   267.090 0    10.6 0   158.7 0   310.3 0   -69.1 0   241.3 0    -5.8 0    50.7 0     9.3 0   254.7 0   958.0 0
 2026  15  1 15 14 40 14.667  72.24   427.0 0   119.3 0   855.4 0   179.4 0   233.6 0   268.341 0   268.273 0   297.7 0   266.769 0   267.146 0    10.6 0   163.8 0   321.1 0   -64.1 0   257.0 0    -5.8 0    49.5 0     7.5 0   257.4 0   958.1 0
 2026  15  1 15 14 41 14.683  72.12   426.3 0   118.8 0   824.4 0   186.6 0   238.1 0   268.438 0   268.471 0   299.3 0   266.826 0   267.227 0    10.6 0   163.8 0   320.9 0   -61.2 0   259.7 0    -5.7 0    49.9 0     7.7 0   249.0 0   958.1 0
 2026  15  1 15 14 42 14.700  72.00   382.8 0   102.3 0   622.0 0   196.2 0   243.2 0   268.540 0   268.570 0   300.1 0   266.893 0   267.297 0    10.3 0   147.4 0   286.2 0   -56.9 0   229.2 0    -5.5 0    51.4 0     7.4 0   244.4 0   958.1 0
 2026  15  1 15 14 43 14.717  71.88   349.3 0    92.6 0   451.9 0   215.7 0   247.7 0   268.620 0   268.576 0   297.8 0   266.950 0   267.263 0     9.9 0   141.1 0   263.7 0   -50.1 0   213.5 0    -5.6 0    48.5 0     8.5 0   250.5 0   958.1 0
 2026  15  1 15 14 44 14.733  71.76   424.2 0   116.5 0   698.3 0   215.6 0   250.8 0   268.665 0   268.660 0   299.7 0   266.984 0   267.351 0     9.7 0   162.6 0   317.7 0   -49.0 0   268.7 0    -5.7 0    49.8 0     7.8 0   252.0 0   958.1 0
 2026  15  1 15 14 45 14.750  71.64   279.3 0    73.6 0   297.1 0   192.1 0   252.0 0   268.718 0   268.650 0   297.8 0   267.021 0   267.324 0     8.5 0   110.0 0   212.1 0   -45.8 0   166.3 0    -5.8 0    48.3 0     8.2 0   270.6 0   958.1 0
 2026  15  1 15 14 46 14.767  71.52   303.4 0    81.6 0   424.9 0   177.1 0   252.5 0   268.736 0   268.633 0   297.5 0   267.027 0   267.307 0     8.3 0   119.3 0   230.1 0   -45.0 0   185.1 0    -5.8 0    51.2 0     7.3 0   247.3 0   958.1 0
 2026  15  1 15 14 47 14.783  71.41   249.0 0    63.1 0   261.9 0   167.7 0   251.9 0   268.743 0   268.624 0   296.6 0   267.040 0   267.294 0     8.2 0   102.1 0   188.1 0   -44.7 0   143.5 0    -5.8 0    51.1 0     8.1 0   247.7 0   958.1 0
 2026  15  1 15 14 48 14.800  71.29   198.1 0    48.2 0    87.9 0   169.7 0   250.8 0   268.726 0   268.462 0   294.0 0   267.028 0   267.211 0     8.3 0    80.2 0   149.7 0   -43.2 0   106.5 0    -6.0 0    49.7 0     8.7 0   258.2 0   958.1 0
 2026  15  1 15 14 49 14.817  71.18   190.0 0    46.5 0    35.2 0   177.3 0   250.4 0   268.666 0   268.387 0   293.3 0   266.992 0   267.155 0     8.5 0    78.9 0   142.2 0   -42.9 0    99.3 0    -6.2 0    49.3 0     7.1 0   268.2 0   958.2 0
 2026  15  1 15 14 50 14.833  71.06   369.5 0   100.4 0   571.8 0   189.2 0   251.6 0   268.606 0   268.476 0   297.7 0   266.969 0   267.248 0     9.4 0   142.8 0   274.4 0   -46.1 0   228.3 0    -6.2 0    52.2 0     6.7 0   267.3 0   958.2 0
 2026  15  1 15 14 51 14.850  70.95   285.0 0    77.4 0   344.9 0   181.3 0   251.3 0   268.599 0   268.438 0   296.4 0   266.977 0   267.234 0     9.0 0   115.5 0   216.5 0   -45.1 0   171.3 0    -6.1 0    50.6 0     7.0 0   255.1 0   958.2 0
 2026  15  1 15 14 52 14.867  70.83   336.6 0    89.5 0   530.1 0   166.9 0   252.0 0   268.584 0   268.443 0   298.1 0   266.985 0   267.287 0     9.2 0   130.3 0   251.4 0   -46.1 0   205.3 0    -6.0 0    51.2 0     7.3 0   255.4 0   958.1 0
 2026  15  1 15 14 53 14.883  70.72   219.9 0    54.5 0   186.3 0   159.4 0   253.3 0   268.586 0   268.432 0   295.9 0   266.993 0   267.226 0     8.4 0    86.9 0   166.4 0   -42.6 0   123.8 0    -6.0 0    49.6 0     7.6 0   271.9 0   958.1 0
 2026  15  1 15 14 54 14.900  70.61   158.5 0    38.3 0     6.1 0   156.6 0   253.2 0   268.561 0   268.307 0   293.4 0   266.966 0   267.136 0     7.9 0    65.5 0   120.4 0   -40.2 0    80.1 0    -6.2 0    49.0 0     6.6 0   261.3 0   958.2 0
 2026  15  1 15 14 55 14.917  70.50   235.8 0    59.5 0   178.0 0   174.6 0   252.0 0   268.494 0   268.297 0   294.7 0   266.932 0   267.139 0     8.8 0    96.9 0   174.5 0   -42.7 0   131.8 0    -6.3 0    50.9 0     6.7 0   250.1 0   958.1 0
 2026  15  1 15 14 56 14.933  70.38   240.6 0    62.3 0   189.6 0   181.3 0   248.9 0   268.445 0   268.280 0   294.1 0   266.910 0   267.111 0     9.3 0    98.4 0   182.6 0   -45.2 0   137.4 0    -6.3 0    51.3 0     7.7 0   246.5 0   958.1 0
 2026  15  1 15 14 57 14.950  70.27   431.0 0   120.6 0   811.3 0   169.2 0   245.4 0   268.415 0   268.287 0   297.6 0   266.905 0   267.222 0    10.9 0   166.8 0   322.4 0   -52.1 0   270.3 0    -6.2 0    51.9 0     8.3 0   253.7 0   958.1 0
 2026  15  1 15 14 58 14.967  70.16   306.4 0    80.4 0   400.0 0   173.4 0   244.4 0   268.448 0   268.399 0   298.4 0   266.939 0   267.284 0    10.8 0   118.4 0   228.7 0   -54.0 0   174.7 0    -6.0 0    53.7 0     7.5 0   260.7 0   958.2 0
 2026  15  1 15 14 59 14.983  70.05   210.3 0    50.5 0    57.3 0   189.9 0   247.5 0   268.478 0   268.402 0   296.3 0   266.969 0   267.222 0    10.3 0    89.0 0   159.0 0   -48.8 0   110.2 0    -5.8 0    53.6 0     6.1 0   258.3 0   958.2 0
 2026  15  1 15 15  0 15.000  69.94   474.7 0   129.7 0   801.2 0   208.8 0   250.3 0   268.480 0   268.459 0   299.7 0   266.993 0   267.331 0    11.6 0   184.7 0   353.8 0   -49.4 0   304.4 0    -5.8 0    51.2 0     7.2 0   265.6 0   958.2 0
 2026  15  1 15 15  1 15.017  69.83   484.3 0   134.1 0   848.1 0   204.4 0   250.1 0   268.533 0   268.573 0   301.7 0   267.039 0   267.449 0    11.6 0   186.6 0   362.6 0   -51.7 0   311.0 0    -5.8 0    51.6 0     6.3 0   259.0 0   958.2 0
 2026  15  1 15 15  2 15.033  69.73   453.0 0   125.2 0   802.2 0   188.4 0   248.9 0   268.616 0   268.629 0   302.6 0   267.103 0   267.525 0    11.5 0   174.8 0   341.2 0   -53.7 0   287.5 0    -5.6 0    51.4 0     6.4 0   259.2 0   958.2 0
 2026  15  1 15 15  3 15.050  69.62   353.5 0    93.3 0   506.2 0   182.2 0   250.0 0   268.703 0   268.735 0   301.4 0   267.166 0   267.544 0    10.8 0   136.8 0   265.2 0   -51.4 0   213.8 0    -5.5 0    50.8 0     6.8 0   268.8 0   958.2 0
 2026  15  1 15 15  4 15.067  69.51   390.0 0   108.0 0   629.2 0   184.2 0   252.8 0   268.763 0   268.670 0   300.2 0   267.193 0   267.500 0    10.4 0   155.6 0   296.4 0   -47.3 0   249.1 0    -5.6 0    48.5 0     7.7 0   262.7 0   958.2 0
 2026  15  1 15 15  5 15.083  69.41   324.2 0    86.3 0   485.8 0   160.4 0   255.5 0   268.803 0   268.708 0   300.8 0   267.209 0   267.549 0     9.1 0   124.1 0   245.0 0   -45.2 0   199.8 0    -5.7 0    51.0 0     7.2 0   271.5 0   958.2 0
 2026  15  1 15 15  6 15.100  69.30   151.3 0    37.3 0    35.3 0   142.5 0   256.2 0   268.812 0   268.545 0   296.5 0   267.211 0   267.408 0     7.3 0    63.4 0   117.8 0   -40.2 0    77.5 0    -5.8 0    49.0 0     6.5 0   270.0 0   958.2 0
 2026  15  1 15 15  7 15.117  69.20   150.6 0    37.7 0    39.5 0   138.5 0   256.8 0   268.752 0   268.439 0   295.3 0   267.175 0   267.341 0     7.1 0    62.8 0   114.8 0   -38.4 0    76.4 0    -6.0 0    50.3 0     6.0 0   263.0 0   958.2 0
 2026  15  1 15 15  8 15.133  69.09   136.6 0    33.9 0    11.4 0   133.3 0   257.4 0   268.674 0   268.404 0   295.0 0   267.142 0   267.312 0     6.9 0    56.3 0   103.6 0   -37.6 0    66.0 0    -6.1 0    52.7 0     5.1 0   260.9 0   958.2 0
 2026  15  1 15 15  9 15.150  68.99   146.6 0    36.1 0    31.0 0   134.9 0   258.1 0   268.602 0   268.392 0   295.2 0   267.124 0   267.300 0     6.9 0    61.4 0   109.9 0   -37.1 0    72.8 0    -6.0 0    53.3 0     4.8 0   271.4 0   958.2 0
 2026  15  1 15 15 10 15.167  68.88   284.5 0    75.1 0   394.1 0   143.3 0   258.7 0   268.547 0   268.420 0   297.3 0   267.114 0   267.335 0     7.8 0   115.4 0   210.3 0   -38.6 0   171.7 0    -6.0 0    52.7 0     4.9 0   260.6 0   958.1 0
 2026  15  1 15 15 11 15.183  68.78   243.0 0    62.3 0   288.1 0   138.4 0   259.1 0   268.546 0   268.543 0   297.9 0   267.124 0   267.378 0     7.4 0    97.0 0   180.4 0   -38.8 0   141.6 0    -5.9 0    52.6 0     6.6 0   265.0 0   958.2 0
 2026  15  1 15 15 12 15.200  68.68   152.0 0    37.8 0    75.9 0   125.8 0   258.9 0   268.564 0   268.437 0   295.1 0   267.123 0   267.308 0     6.5 0    63.3 0   115.6 0   -36.1 0    79.5 0    -5.9 0    52.0 0     6.9 0   256.8 0   958.2 0
 2026  15  1 15 15 13 15.217  68.58   124.0 0    30.9 0    20.9 0   117.4 0   259.3 0   268.534 0   268.292 0   293.4 0   267.092 0   267.237 0     6.0 0    51.4 0    94.1 0   -34.2 0    59.9 0    -6.0 0    51.2 0     7.8 0   250.6 0   958.1 0
 2026  15  1 15 15 14 15.233  68.48   117.4 0    29.8 0     8.3 0   114.3 0   258.4 0   268.466 0   268.141 0   291.4 0   267.040 0   267.133 0     6.0 0    48.8 0    87.6 0   -33.0 0    54.6 0    -6.2 0    49.8 0    10.7 0   236.7 0   958.0 0
 2026  15  1 15 15 15 15.250  68.38   114.9 0    29.2 0     3.6 0   113.2 0   257.9 0   268.378 0   268.034 0   290.7 0   266.969 0   267.070 0     6.1 0    47.7 0    85.3 0   -32.8 0    52.5 0    -6.4 0    51.3 0     9.3 0   246.8 0   958.1 0
 2026  15  1 15 15 16 15.267  68.28   115.8 0    29.4 0     2.6 0   113.9 0   257.6 0   268.281 0   267.924 0   290.2 0   266.907 0   267.006 0     6.2 0    48.0 0    85.5 0   -32.6 0    52.8 0    -6.4 0    52.2 0     9.7 0   249.0 0   958.1 0
 2026  15  1 15 15 17 15.283  68.18   117.0 0    29.4 0     1.6 0   115.2 0   257.6 0   268.189 0   267.928 0   290.2 0   266.849 0   266.963 0     6.5 0    48.6 0    86.5 0   -32.5 0    53.9 0    -6.4 0    52.8 0     9.7 0   257.4 0   958.2 0
 2026  15  1 15 15 18 15.300  68.08   131.4 0    32.9 0    17.2 0   122.4 0   256.9 0   268.122 0   267.908 0   290.4 0   266.800 0   266.934 0     7.0 0    55.4 0    95.9 0   -33.4 0    62.5 0    -6.4 0    53.1 0     9.1 0   250.7 0   958.1 0
 2026  15  1 15 15 19 15.317  67.98   143.6 0    36.0 0    27.7 0   132.9 0   256.5 0   268.062 0   267.873 0   290.5 0   266.762 0   266.908 0     7.4 0    59.2 0   107.2 0   -34.0 0    73.2 0    -6.4 0    52.7 0     9.3 0   252.2 0   958.1 0
 2026  15  1 15 15 20 15.333  67.89   199.2 0    51.5 0   172.5 0   135.8 0   255.6 0   268.011 0   267.833 0   291.3 0   266.728 0   266.898 0     8.5 0    81.5 0   149.2 0   -35.7 0   113.5 0    -6.4 0    51.2 0    10.0 0   251.8 0   958.2 0
 2026  15  1 15 15 21 15.350  67.79   159.5 0    39.3 0    33.3 0   144.9 0   255.1 0   267.966 0   267.766 0   290.5 0   266.692 0   266.845 0     8.8 0    67.3 0   118.2 0   -35.4 0    82.8 0    -6.5 0    50.8 0     8.7 0   261.3 0   958.2 0
 2026  15  1 15 15 22 15.367  67.70   207.7 0    51.3 0   107.7 0   164.9 0   255.7 0   267.915 0   267.796 0   291.8 0   266.658 0   266.843 0     9.8 0    88.1 0   154.5 0   -36.0 0   118.4 0    -6.5 0    53.0 0     7.3 0   249.9 0   958.2 0
 2026  15  1 15 15 23 15.383  67.60   225.1 0    54.1 0   107.5 0   180.5 0   255.8 0   267.895 0   267.919 0   293.5 0   266.653 0   266.882 0    10.4 0    92.1 0   167.4 0   -37.7 0   129.7 0    -6.3 0    53.6 0     8.9 0   237.4 0   958.1 0
 2026  15  1 15 15 24 15.400  67.51   358.9 0    90.8 0   421.9 0   196.5 0   255.7 0   267.900 0   267.975 0   295.3 0   266.661 0   266.922 0    12.1 0   146.7 0   267.1 0   -39.5 0   227.6 0    -6.3 0    52.9 0     8.8 0   237.0 0   958.1 0
 2026  15  1 15 15 25 15.417  67.41   388.1 0    97.3 0   433.7 0   218.6 0   255.6 0   267.961 0   268.219 0   298.3 0   266.708 0   267.067 0    12.6 0   154.0 0   287.9 0   -42.7 0   245.2 0    -6.1 0    53.3 0     8.9 0   242.7 0   958.1 0
 2026  15  1 15 15 26 15.433  67.32   286.4 0    71.0 0   183.7 0   218.0 0   255.5 0   268.050 0   268.206 0   295.7 0   266.750 0   267.008 0    11.4 0   120.0 0   217.7 0   -40.2 0   177.6 0    -6.1 0    51.7 0     9.8 0   240.8 0   958.2 0
 2026  15  1 15 15 27 15.450  67.23   301.7 0    75.5 0   252.7 0   204.7 0   256.2 0   268.101 0   268.190 0   296.2 0   266.760 0   267.022 0    11.2 0   120.8 0   227.0 0   -40.1 0   187.0 0    -6.2 0    52.0 0     8.9 0   236.3 0   958.2 0
 2026  15  1 15 15 28 15.467  67.14   222.5 0    54.6 0    55.7 0   201.6 0   256.9 0   268.131 0   268.143 0   294.7 0   266.769 0   266.994 0    10.1 0    92.5 0   168.7 0   -37.8 0   130.9 0    -6.2 0    51.4 0     8.5 0   238.2 0   958.2 0
 2026  15  1 15 15 29 15.483  67.05   251.0 0    62.1 0   140.1 0   197.2 0   257.7 0   268.128 0   268.117 0   294.7 0   266.764 0   266.979 0    10.0 0   103.7 0   189.6 0   -37.0 0   152.6 0    -6.3 0    52.3 0     8.2 0   238.3 0   958.2 0
 2026  15  1 15 15 30 15.500  66.95   266.6 0    67.2 0   217.1 0   183.1 0   258.3 0   268.125 0   268.115 0   295.0 0   266.766 0   267.007 0     9.7 0   108.8 0   200.8 0   -36.8 0   164.0 0    -6.3 0    53.0 0     9.6 0   244.9 0   958.1 0
 2026  15  1 15 15 31 15.517  66.87   178.7 0    44.6 0    45.4 0   165.4 0   258.6 0   268.126 0   268.046 0   293.8 0   266.781 0   266.999 0     8.1 0    74.3 0   138.6 0   -35.2 0   103.4 0    -6.2 0    53.1 0     9.6 0   246.4 0   958.2 0
 2026  15  1 15 15 32 15.533  66.78   141.8 0    35.3 0    18.7 0   138.1 0   259.1 0   268.101 0   267.959 0   292.3 0   266.775 0   266.949 0     7.1 0    58.0 0   110.2 0   -33.2 0    77.0 0    -6.2 0    51.7 0     8.8 0   242.7 0   958.2 0
 2026  15  1 15 15 33 15.550  66.69   118.3 0    29.6 0     1.3 0   119.8 0   259.4 0   268.056 0   267.851 0   291.2 0   266.747 0   266.891 0     6.6 0    49.3 0    90.6 0   -31.8 0    58.9 0    -6.4 0    51.8 0     7.0 0   251.9 0   958.3 0
 2026  15  1 15 15 34 15.567  66.60   111.5 0    27.8 0     1.0 0   112.2 0   259.9 0   267.999 0   267.800 0   290.5 0   266.715 0   266.850 0     6.3 0    46.8 0    84.8 0   -30.7 0    54.1 0    -6.4 0    52.7 0     8.8 0   247.8 0   958.2 0
 2026  15  1 15 15 35 15.583  66.51   107.6 0    26.7 0     1.3 0   107.4 0   260.2 0   267.939 0   267.728 0   290.0 0   266.680 0   266.811 0     6.3 0    45.4 0    81.2 0   -29.8 0    51.4 0    -6.5 0    53.4 0     9.1 0   248.4 0   958.2 0
 2026  15  1 15 15 36 15.600  66.43   107.1 0    26.6 0     1.4 0   106.4 0   259.9 0   267.879 0   267.652 0   289.3 0   266.639 0   266.758 0     6.4 0    45.2 0    80.3 0   -29.4 0    50.9 0    -6.6 0    52.0 0     8.0 0   255.0 0   958.2 0
 2026  15  1 15 15 37 15.617  66.34   111.7 0    27.3 0     1.0 0   110.3 0   259.8 0   267.818 0   267.625 0   289.7 0   266.604 0   266.737 0     7.0 0    47.4 0    83.4 0   -29.9 0    53.5 0    -6.5 0    54.5 0     9.2 0   235.8 0   958.1 0
 2026  15  1 15 15 38 15.633  66.26   124.5 0    30.1 0     1.0 0   121.9 0   259.5 0   267.762 0   267.568 0   289.2 0   266.572 0   266.700 0     7.8 0    53.0 0    92.1 0   -29.7 0    62.4 0    -6.5 0    52.9 0    11.6 0   245.4 0   958.1 0
 2026  15  1 15 15 39 15.650  66.17   150.0 0    36.0 0     8.2 0   142.5 0   259.1 0   267.708 0   267.540 0   289.3 0   266.534 0   266.670 0     8.8 0    64.1 0   109.8 0   -30.2 0    79.7 0    -6.6 0    52.0 0    11.3 0   255.1 0   958.2 0
 2026  15  1 15 15 40 15.667  66.09   183.2 0    43.8 0    29.0 0   168.6 0   259.1 0   267.667 0   267.649 0   291.2 0   266.510 0   266.695 0     9.7 0    77.1 0   136.5 0   -32.1 0   104.4 0    -6.5 0    54.6 0     7.8 0   270.2 0   958.3 0
 2026  15  1 15 15 41 15.683  66.01   164.6 0    39.1 0     3.9 0   162.6 0   258.4 0   267.662 0   267.723 0   291.7 0   266.509 0   266.701 0     9.7 0    68.6 0   125.2 0   -33.3 0    91.9 0    -6.4 0    53.4 0     7.2 0   256.3 0   958.3 0
 2026  15  1 15 15 42 15.700  65.93   154.1 0    36.3 0     1.5 0   153.3 0   258.0 0   267.664 0   267.689 0   292.3 0   266.513 0   266.719 0     9.8 0    64.4 0   117.6 0   -34.3 0    83.4 0    -6.3 0    55.2 0     5.5 0   260.5 0   958.3 0
 2026  15  1 15 15 43 15.717  65.84   149.0 0    34.8 0     1.8 0   148.1 0   257.3 0   267.663 0   267.693 0   292.2 0   266.531 0   266.732 0    10.1 0    62.4 0   114.0 0   -35.0 0    79.0 0    -6.2 0    54.5 0     6.5 0   283.0 0   958.4 0
 2026  15  1 15 15 44 15.733  65.76   142.3 0    33.4 0     2.4 0   141.9 0   255.9 0   267.655 0   267.596 0   290.6 0   266.536 0   266.702 0    10.2 0    59.8 0   109.5 0   -34.7 0    74.8 0    -6.3 0    52.4 0     8.8 0   271.5 0   958.4 0
 2026  15  1 15 15 45 15.750  65.68   135.5 0    31.8 0     2.0 0   135.5 0   255.1 0   267.637 0   267.603 0   290.4 0   266.524 0   266.686 0    10.1 0    57.2 0   104.5 0   -35.3 0    69.2 0    -6.4 0    53.0 0     7.2 0   276.5 0   958.4 0
 2026  15  1 15 15 46 15.767  65.60   140.1 0    33.2 0    10.3 0   135.7 0   254.8 0   267.621 0   267.555 0   290.5 0   266.509 0   266.662 0    10.2 0    59.7 0   106.7 0   -35.8 0    71.0 0    -6.4 0    52.1 0     7.1 0   282.8 0   958.4 0
 2026  15  1 15 15 47 15.783  65.53   201.8 0    48.8 0    93.0 0   159.7 0   254.7 0   267.607 0   267.634 0   292.1 0   266.500 0   266.690 0    11.5 0    87.1 0   149.5 0   -37.4 0   112.1 0    -6.4 0    55.4 0     6.0 0   262.7 0   958.4 0
 2026  15  1 15 15 48 15.800  65.45   231.5 0    55.5 0    70.3 0   198.8 0   253.4 0   267.618 0   267.719 0   293.7 0   266.510 0   266.743 0    13.1 0    94.3 0   172.5 0   -40.4 0   132.2 0    -6.4 0    54.9 0     6.7 0   253.5 0   958.4 0
 2026  15  1 15 15 49 15.817  65.37   200.2 0    45.8 0     3.1 0   198.4 0   252.4 0   267.635 0   267.712 0   293.0 0   266.516 0   266.726 0    13.2 0    83.0 0   154.0 0   -40.7 0   113.3 0    -6.4 0    53.4 0     6.5 0   250.4 0   958.4 0
 2026  15  1 15 15 50 15.833  65.30   175.6 0    40.0 0     0.5 0   177.0 0   252.8 0   267.636 0   267.698 0   293.1 0   266.514 0   266.719 0    12.4 0    73.2 0   137.2 0   -40.3 0    96.9 0    -6.5 0    55.4 0     6.2 0   245.7 0   958.4 0
 2026  15  1 15 15 51 15.850  65.22   156.5 0    35.9 0     0.8 0   157.6 0   253.5 0   267.632 0   267.629 0   291.9 0   266.513 0   266.693 0    11.3 0    65.9 0   122.0 0   -38.3 0    83.7 0    -6.5 0    54.6 0     7.6 0   250.2 0   958.4 0
 2026  15  1 15 15 52 15.867  65.15   142.6 0    33.0 0     2.0 0   143.6 0   254.8 0   267.613 0   267.573 0   291.2 0   266.502 0   266.673 0    10.3 0    60.5 0   111.5 0   -36.5 0    75.0 0    -6.5 0    55.1 0     8.4 0   254.7 0   958.4 0
 2026  15  1 15 15 53 15.883  65.07   130.8 0    30.9 0     0.8 0   131.9 0   255.4 0   267.591 0   267.502 0   290.2 0   266.485 0   266.635 0     9.6 0    55.8 0   101.4 0   -34.9 0    66.5 0    -6.6 0    54.8 0     8.9 0   253.3 0   958.4 0
 2026  15  1 15 15 54 15.900  65.00   144.3 0    34.2 0     7.1 0   140.0 0   255.0 0   267.561 0   267.486 0   290.6 0   266.464 0   266.627 0    10.6 0    62.0 0   108.8 0   -35.6 0    73.2 0    -6.6 0    55.5 0     7.8 0   255.6 0   958.4 0
 2026  15  1 15 15 55 15.917  64.93   208.3 0    49.6 0    41.9 0   185.0 0   249.2 0   267.540 0   267.539 0   291.6 0   266.452 0   266.642 0    13.8 0    87.8 0   153.2 0   -42.4 0   110.8 0    -6.6 0    55.5 0     8.2 0   255.7 0   958.4 0
 2026  15  1 15 15 56 15.933  64.85   224.4 0    52.7 0     8.7 0   218.3 0   240.0 0   267.536 0   267.611 0   291.9 0   266.445 0   266.652 0    16.2 0    92.9 0   169.2 0   -51.8 0   117.4 0    -6.6 0    55.6 0     8.9 0   257.6 0   958.4 0
 2026  15  1 15 15 57 15.950  64.78   334.7 0    88.8 0   282.6 0   225.2 0   236.5 0   267.536 0   267.599 0   293.2 0   266.438 0   266.682 0    19.1 0   140.0 0   256.8 0   -56.7 0   200.1 0    -6.6 0    54.2 0     7.6 0   262.7 0   958.4 0
 2026  15  1 15 15 58 15.967  64.71   583.2 0   150.2 0   816.3 0   238.9 0   239.6 0   267.571 0   267.816 0   300.7 0   266.471 0   266.910 0    22.8 0   231.2 0   437.4 0   -61.2 0   376.2 0    -6.4 0    56.5 0     5.6 0   256.4 0   958.3 0
 2026  15  1 15 15 59 15.983  64.64   529.1 0   132.4 0   655.3 0   249.6 0   243.2 0   267.695 0   268.103 0   303.6 0   266.577 0   267.100 0    22.1 0   210.7 0   397.9 0   -60.4 0   337.4 0    -5.9 0    58.3 0     5.8 0   255.0 0   958.4 0
 2026  15  1 15 16  0 16.000  64.58   263.9 0    60.1 0    82.5 0   229.8 0   240.5 0   267.846 0   268.208 0   299.7 0   266.693 0   267.071 0    18.0 0   108.2 0   205.1 0   -59.2 0   145.9 0    -5.6 0    53.4 0     8.2 0   252.9 0   958.3 0
 2026  15  1 15 16  1 16.017  64.51   257.4 0    60.0 0   111.4 0   212.0 0   234.9 0   267.941 0   268.067 0   296.3 0   266.745 0   267.012 0    18.0 0   105.5 0   200.0 0   -61.4 0   138.5 0    -5.8 0    51.8 0     8.5 0   263.1 0   958.3 0
 2026  15  1 15 16  2 16.033  64.44   200.9 0    46.7 0     8.5 0   199.2 0   233.5 0   267.978 0   268.032 0   295.1 0   266.759 0   266.986 0    17.6 0    84.5 0   156.2 0   -61.5 0    94.7 0    -6.0 0    53.3 0     7.1 0   265.5 0   958.3 0
 2026  15  1 15 16  3 16.050  64.37   366.4 0    93.6 0   357.3 0   218.5 0   235.7 0   267.987 0   268.039 0   296.5 0   266.761 0   267.013 0    20.6 0   153.5 0   279.5 0   -60.8 0   218.6 0    -6.1 0    54.0 0     8.0 0   252.9 0   958.3 0
 2026  15  1 15 16  4 16.067  64.31   476.6 0   120.0 0   550.1 0   239.2 0   239.2 0   268.032 0   268.230 0   301.2 0   266.804 0   267.207 0    22.5 0   185.8 0   357.7 0   -61.9 0   295.8 0    -6.1 0    53.9 0     7.4 0   261.9 0   958.3 0
 2026  15  1 15 16  5 16.083  64.24   241.0 0    55.0 0     1.0 0   241.1 0   242.1 0   268.106 0   268.208 0   297.1 0   266.842 0   267.104 0    18.6 0   100.1 0   186.5 0   -55.0 0   131.5 0    -6.1 0    52.3 0     6.8 0   264.8 0   958.3 0
 2026  15  1 15 16  6 16.100  64.18   298.0 0    70.6 0    89.3 0   256.4 0   245.8 0   268.125 0   268.242 0   297.4 0   266.846 0   267.102 0    18.7 0   125.3 0   224.7 0   -51.6 0   173.1 0    -6.1 0    53.6 0     8.1 0   257.9 0   958.3 0
 2026  15  1 15 16  7 16.117  64.12   315.8 0    79.7 0   114.3 0   270.5 0   248.9 0   268.135 0   268.245 0   297.2 0   266.850 0   267.107 0    18.1 0   131.8 0   240.7 0   -48.3 0   192.4 0    -6.3 0    50.3 0     6.9 0   260.7 0   958.3 0
 2026  15  1 15 16  8 16.133  64.05   561.2 0   146.7 0   676.9 0   274.0 0   252.9 0   268.159 0   268.383 0   303.3 0   266.863 0   267.263 0    20.4 0   224.0 0   423.5 0   -50.4 0   373.1 0    -6.2 0    52.2 0     5.9 0   252.9 0   958.2 0
 2026  15  1 15 16  9 16.150  63.99   331.9 0    81.6 0   170.8 0   259.5 0   256.1 0   268.231 0   268.496 0   301.4 0   266.918 0   267.280 0    15.9 0   136.8 0   252.7 0   -45.3 0   207.4 0    -6.0 0    53.4 0     8.1 0   244.2 0   958.1 0
 2026  15  1 15 16 10 16.167  63.93   517.5 0   137.9 0   675.7 0   232.2 0   258.3 0   268.303 0   268.555 0   303.7 0   266.977 0   267.415 0    17.1 0   200.0 0   391.3 0   -45.4 0   345.9 0    -5.8 0    53.5 0     9.4 0   254.3 0   958.2 0
 2026  15  1 15 16 11 16.183  63.87   347.2 0    90.1 0   314.6 0   216.3 0   258.6 0   268.380 0   268.408 0   299.3 0   267.022 0   267.307 0    14.1 0   143.6 0   264.7 0   -40.7 0   224.0 0    -5.9 0    48.6 0     9.3 0   249.1 0   958.2 0
 2026  15  1 15 16 12 16.200  63.81   350.0 0    91.8 0   340.9 0   206.1 0   259.6 0   268.401 0   268.366 0   298.2 0   267.010 0   267.266 0    13.2 0   143.5 0   264.7 0   -38.6 0   226.1 0    -6.2 0    50.0 0    11.5 0   239.1 0   958.1 0
 2026  15  1 15 16 13 16.217  63.75   343.3 0    91.3 0   376.1 0   184.9 0   259.6 0   268.417 0   268.413 0   298.3 0   266.984 0   267.247 0    12.8 0   136.7 0   259.9 0   -38.8 0   221.1 0    -6.3 0    50.5 0     9.3 0   240.6 0   958.1 0
 2026  15  1 15 16 14 16.233  63.69   296.5 0    77.0 0   274.0 0   178.7 0   259.2 0   268.431 0   268.353 0   298.0 0   266.967 0   267.222 0    12.1 0   121.1 0   223.2 0   -38.7 0   184.4 0    -6.3 0    52.0 0     9.0 0   247.2 0   958.1 0
 2026  15  1 15 16 15 16.250  63.64   456.7 0   125.0 0   660.4 0   179.0 0   258.7 0   268.426 0   268.343 0   299.3 0   266.953 0   267.242 0    14.8 0   186.7 0   347.2 0   -40.6 0   306.6 0    -6.3 0    52.6 0     9.9 0   253.7 0   958.1 0
 2026  15  1 15 16 16 16.267  63.58   568.1 0   153.3 0   881.5 0   186.5 0   257.3 0   268.455 0   268.452 0   302.7 0   266.975 0   267.380 0    17.3 0   223.5 0   425.4 0   -45.3 0   380.0 0    -6.2 0    51.6 0     9.8 0   253.7 0   958.1 0
 2026  15  1 15 16 17 16.283  63.53   547.4 0   147.1 0   800.8 0   201.6 0   256.4 0   268.518 0   268.533 0   303.4 0   267.006 0   267.416 0    18.2 0   217.7 0   411.5 0   -47.0 0   364.5 0    -6.1 0    50.2 0     9.0 0   259.7 0   958.1 0
 2026  15  1 15 16 18 16.300  63.47   610.0 0   163.9 0   926.8 0   208.8 0   255.1 0   268.597 0   268.719 0   305.8 0   267.042 0   267.515 0    20.2 0   241.3 0   458.9 0   -50.6 0   408.3 0    -6.0 0    52.7 0     8.2 0   259.7 0   958.1 0
 2026  15  1 15 16 19 16.317  63.42   622.5 0   166.3 0   930.2 0   218.1 0   250.8 0   268.711 0   268.853 0   305.5 0   267.107 0   267.590 0    22.3 0   246.1 0   468.0 0   -54.6 0   413.4 0    -5.8 0    51.0 0    10.6 0   266.5 0   958.1 0
 2026  15  1 15 16 20 16.333  63.36   601.7 0   159.5 0   866.0 0   225.3 0   242.8 0   268.828 0   268.968 0   305.5 0   267.162 0   267.618 0    24.3 0   238.8 0   454.0 0   -62.7 0   391.3 0    -5.8 0    50.0 0    10.2 0   256.8 0   958.1 0
 2026  15  1 15 16 21 16.350  63.31   530.8 0   138.9 0   695.8 0   226.8 0   234.9 0   268.937 0   268.973 0   303.6 0   267.200 0   267.618 0    24.7 0   211.4 0   400.4 0   -68.7 0   331.7 0    -5.8 0    48.6 0    10.3 0   260.1 0   958.1 0
 2026  15  1 15 16 22 16.367  63.26   528.6 0   139.1 0   688.8 0   229.0 0   232.1 0   269.001 0   269.003 0   303.3 0   267.219 0   267.616 0    25.4 0   212.7 0   399.9 0   -71.2 0   328.7 0    -5.8 0    50.5 0     8.8 0   259.5 0   958.1 0
 2026  15  1 15 16 23 16.383  63.21   575.5 0   151.4 0   736.2 0   251.5 0   235.7 0   269.078 0   269.257 0   306.3 0   267.256 0   267.709 0    26.1 0   230.0 0   431.8 0   -70.6 0   361.3 0    -5.6 0    52.2 0     7.2 0   258.9 0   958.1 0
 2026  15  1 15 16 24 16.400  63.16   633.8 0   166.4 0   798.8 0   280.3 0   240.8 0   269.165 0   269.138 0   306.3 0   267.318 0   267.771 0    26.8 0   251.5 0   474.6 0   -65.5 0   409.1 0    -5.6 0    47.8 0     9.4 0   252.4 0   958.1 0
 2026  15  1 15 16 25 16.417  63.11   643.0 0   169.2 0   772.6 0   300.9 0   247.6 0   269.210 0   269.235 0   307.2 0   267.347 0   267.782 0    26.1 0   254.0 0   481.0 0   -59.6 0   421.4 0    -5.8 0    48.5 0     9.1 0   240.2 0   958.0 0
 2026  15  1 15 16 26 16.433  63.06   511.1 0   136.1 0   498.3 0   299.9 0   253.2 0   269.253 0   269.264 0   305.0 0   267.373 0   267.770 0    22.6 0   202.2 0   389.6 0   -51.8 0   337.8 0    -5.9 0    48.9 0    10.0 0   251.0 0   958.0 0
 2026  15  1 15 16 27 16.450  63.02   455.7 0   121.8 0   416.9 0   281.6 0   255.7 0   269.266 0   269.270 0   303.8 0   267.369 0   267.705 0    20.7 0   183.2 0   349.0 0   -48.1 0   300.8 0    -6.0 0    50.4 0     9.4 0   265.5 0   958.0 0
 2026  15  1 15 16 28 16.467  62.97   243.2 0    57.4 0     9.7 0   242.1 0   256.4 0   269.261 0   269.189 0   300.3 0   267.352 0   267.614 0    16.4 0   100.7 0   189.2 0   -43.9 0   145.3 0    -6.0 0    54.6 0     8.3 0   251.8 0   958.0 0
 2026  15  1 15 16 29 16.483  62.92   232.9 0    55.5 0    68.9 0   205.2 0   255.1 0   269.197 0   268.920 0   297.3 0   267.312 0   267.482 0    16.1 0    96.9 0   181.0 0   -42.2 0   138.9 0    -6.1 0    51.0 0     9.9 0   256.2 0   958.0 0
 2026  15  1 15 16 30 16.500  62.88   178.1 0    41.6 0     1.7 0   178.4 0   249.8 0   269.082 0   268.719 0   295.4 0   267.229 0   267.356 0    15.7 0    73.8 0   137.6 0   -45.6 0    92.0 0    -6.4 0    52.0 0     8.4 0   250.6 0   958.0 0
 2026  15  1 15 16 31 16.517  62.83   175.8 0    40.4 0     1.3 0   173.7 0   242.6 0   268.955 0   268.623 0   294.6 0   267.146 0   267.282 0    17.0 0    73.0 0   133.9 0   -52.0 0    81.9 0    -6.5 0    52.7 0     9.0 0   255.2 0   958.0 0
 2026  15  1 15 16 32 16.533  62.79   172.5 0    39.2 0     1.3 0   171.0 0   232.4 0   268.834 0   268.481 0   293.8 0   267.074 0   267.211 0    18.3 0    72.1 0   132.4 0   -61.4 0    71.0 0    -6.5 0    54.1 0     8.8 0   253.4 0   958.0 0
 2026  15  1 15 16 33 16.550  62.75   228.0 0    56.9 0   129.9 0   171.6 0   222.9 0   268.710 0   268.312 0   293.4 0   267.012 0   267.154 0    20.1 0    98.7 0   174.2 0   -70.5 0   103.7 0    -6.5 0    54.5 0     8.6 0   260.3 0   958.0 0
 2026  15  1 15 16 34 16.567  62.71   176.6 0    39.8 0    52.5 0   152.3 0   220.9 0   268.590 0   268.186 0   292.4 0   266.948 0   267.083 0    18.5 0    71.6 0   136.6 0   -71.5 0    65.1 0    -6.6 0    53.4 0     9.5 0   257.5 0   958.0 0
 2026  15  1 15 16 35 16.583  62.67   134.0 0    30.8 0     1.2 0   134.1 0   226.7 0   268.465 0   267.993 0   290.7 0   266.863 0   266.967 0    16.6 0    57.3 0   103.8 0   -64.0 0    39.8 0    -6.7 0    52.2 0     8.1 0   252.4 0   958.0 0
 2026  15  1 15 16 36 16.600  62.63   131.2 0    29.9 0     1.0 0   130.6 0   236.4 0   268.330 0   267.940 0   291.1 0   266.787 0   266.912 0    15.0 0    55.9 0   101.1 0   -54.8 0    46.4 0    -6.7 0    55.9 0     7.3 0   256.8 0   958.0 0
 2026  15  1 15 16 37 16.617  62.59   120.0 0    27.6 0     0.7 0   120.0 0   242.6 0   268.215 0   267.866 0   290.8 0   266.730 0   266.853 0    13.6 0    51.0 0    92.8 0   -48.1 0    44.6 0    -6.7 0    55.9 0     8.2 0   261.7 0   958.0 0
 2026  15  1 15 16 38 16.633  62.55   114.9 0    26.7 0     0.6 0   114.2 0   242.4 0   268.112 0   267.829 0   290.6 0   266.675 0   266.797 0    13.8 0    49.2 0    87.7 0   -48.2 0    39.6 0    -6.6 0    56.7 0     7.9 0   259.9 0   958.0 0
 2026  15  1 15 16 39 16.650  62.51   130.9 0    30.6 0     0.5 0   127.6 0   235.8 0   268.030 0   267.785 0   290.7 0   266.631 0   266.770 0    15.7 0    56.3 0    97.2 0   -54.9 0    42.3 0    -6.6 0    57.0 0     7.1 0   249.5 0   957.9 0
 2026  15  1 15 16 40 16.667  62.48   354.8 0    92.1 0   365.9 0   183.0 0   228.9 0   267.964 0   267.836 0   294.0 0   266.603 0   266.827 0    21.2 0   147.0 0   260.0 0   -65.1 0   194.8 0    -6.6 0    56.4 0     7.4 0   248.9 0   957.9 0
 2026  15  1 15 16 41 16.683  62.44   256.7 0    62.4 0    71.3 0   221.2 0   230.9 0   267.949 0   267.960 0   295.3 0   266.604 0   266.871 0    20.3 0   106.9 0   191.8 0   -64.3 0   127.5 0    -6.5 0    56.4 0     7.3 0   260.6 0   957.9 0
 2026  15  1 15 16 42 16.700  62.40   211.6 0    49.6 0    18.8 0   203.9 0   233.9 0   267.946 0   267.903 0   293.7 0   266.610 0   266.834 0    18.7 0    91.0 0   163.1 0   -59.9 0   103.2 0    -6.4 0    54.1 0     8.2 0   261.2 0   957.9 0
 2026  15  1 15 16 43 16.717  62.37   184.6 0    43.4 0     7.7 0   182.5 0   233.4 0   267.920 0   267.847 0   292.8 0   266.598 0   266.797 0    17.6 0    79.7 0   142.7 0   -59.4 0    83.3 0    -6.4 0    54.1 0     7.1 0   275.0 0   957.9 0
 2026  15  1 15 16 44 16.733  62.34   198.9 0    47.5 0    24.2 0   186.9 0   234.8 0   267.897 0   267.880 0   293.4 0   266.592 0   266.805 0    17.6 0    86.1 0   150.6 0   -58.7 0    92.0 0    -6.3 0    53.8 0     6.6 0   282.4 0   957.8 0
 2026  15  1 15 16 45 16.750  62.30   207.5 0    49.2 0    44.8 0   185.9 0   241.3 0   267.884 0   267.854 0   293.7 0   266.593 0   266.798 0    16.7 0    89.6 0   157.6 0   -52.4 0   105.2 0    -6.3 0    52.0 0     6.1 0   294.0 0   957.8 0
 2026  15  1 15 16 46 16.767  62.27   203.6 0    48.8 0    33.8 0   188.2 0   248.7 0   267.874 0   267.908 0   294.1 0   266.598 0   266.813 0    14.9 0    87.0 0   155.0 0   -45.4 0   109.7 0    -6.2 0    51.9 0     7.3 0   282.1 0   957.8 0
 2026  15  1 15 16 47 16.783  62.24   162.4 0    39.1 0     2.4 0   164.0 0   253.4 0   267.869 0   267.836 0   292.7 0   266.599 0   266.782 0    12.4 0    68.6 0   125.9 0   -39.3 0    86.6 0    -6.3 0    50.6 0     7.2 0   290.6 0   957.8 0
 2026  15  1 15 16 48 16.800  62.21   148.0 0    36.4 0     0.7 0   149.0 0   255.5 0   267.840 0   267.702 0   292.1 0   266.582 0   266.746 0    11.2 0    62.5 0   112.9 0   -36.6 0    76.3 0    -6.4 0    49.5 0     6.1 0   279.9 0   957.8 0
 2026  15  1 15 16 49 16.817  62.18   155.6 0    38.4 0     0.7 0   154.2 0   254.7 0   267.795 0   267.733 0   292.7 0   266.562 0   266.747 0    11.9 0    65.6 0   116.2 0   -38.0 0    78.2 0    -6.4 0    53.0 0     6.0 0   277.8 0   957.8 0
 2026  15  1 15 16 50 16.833  62.16   216.6 0    53.2 0    43.1 0   190.9 0   250.4 0   267.775 0   267.800 0   293.2 0   266.558 0   266.758 0    15.3 0    90.8 0   157.9 0   -42.8 0   115.1 0    -6.4 0    53.1 0     7.2 0   272.1 0   957.8 0
 2026  15  1 15 16 51 16.850  62.13   356.8 0    89.1 0   203.8 0   255.6 0   247.8 0   267.774 0   267.932 0   296.0 0   266.559 0   266.814 0    20.7 0   148.3 0   261.8 0   -48.2 0   213.6 0    -6.4 0    54.4 0     7.5 0   269.8 0   957.8 0
 2026  15  1 15 16 52 16.867  62.10   587.7 0   151.5 0   595.7 0   312.0 0   248.1 0   267.831 0   268.263 0   302.1 0   266.607 0   267.038 0    26.3 0   238.4 0   439.2 0   -54.0 0   385.3 0    -6.1 0    56.0 0     7.1 0   250.4 0   957.8 0
 2026  15  1 15 16 53 16.883  62.08   637.6 0   163.5 0   668.4 0   329.0 0   250.7 0   267.971 0   268.570 0   304.7 0   266.694 0   267.191 0    27.5 0   254.6 0   478.5 0   -54.0 0   424.6 0    -5.9 0    56.4 0     7.5 0   251.2 0   957.7 0
 2026  15  1 15 16 54 16.900  62.05   668.8 0   173.0 0   769.7 0   317.9 0   250.5 0   268.169 0   268.845 0   307.0 0   266.822 0   267.386 0    28.3 0   266.8 0   505.6 0   -56.5 0   449.1 0    -5.5 0    56.4 0     8.2 0   241.3 0   957.8 0
 2026  15  1 15 16 55 16.917  62.03   647.3 0   168.5 0   762.4 0   301.7 0   247.5 0   268.370 0   268.773 0   306.7 0   266.939 0   267.437 0    28.4 0   258.5 0   490.8 0   -59.2 0   431.6 0    -5.5 0    51.7 0     8.9 0   240.7 0   957.7 0
 2026  15  1 15 16 56 16.933  62.01   682.3 0   179.6 0   893.2 0   277.7 0   245.3 0   268.531 0   268.932 0   308.2 0   267.025 0   267.543 0    29.1 0   271.5 0   517.3 0   -62.9 0   454.4 0    -5.6 0    52.4 0     8.6 0   246.3 0   957.8 0
 2026  15  1 15 16 57 16.950  61.98   477.0 0   119.4 0   424.8 0   277.1 0   246.7 0   268.693 0   269.020 0   306.1 0   267.116 0   267.584 0    24.5 0   190.4 0   357.2 0   -59.4 0   297.8 0    -5.6 0    51.8 0     7.6 0   264.3 0   957.8 0
 2026  15  1 15 16 58 16.967  61.96   655.4 0   172.6 0   775.0 0   303.2 0   250.3 0   268.812 0   269.155 0   309.2 0   267.176 0   267.634 0    26.9 0   267.2 0   494.9 0   -58.9 0   436.0 0    -5.6 0    49.2 0     5.6 0   259.3 0   957.7 0
 2026  15  1 15 16 59 16.983  61.94   654.7 0   171.4 0   808.4 0   287.2 0   246.3 0   268.951 0   269.308 0   311.0 0   267.264 0   267.791 0    27.2 0   261.7 0   495.9 0   -64.7 0   431.2 0    -5.5 0    45.6 0     7.8 0   263.0 0   957.8 0
 2026  15  1 15 17  0 17.000  61.92   338.4 0    82.6 0   204.1 0   249.7 0   236.9 0   269.076 0   269.265 0   305.8 0   267.343 0   267.759 0    22.8 0   135.9 0   263.1 0   -68.9 0   194.2 0    -5.4 0    50.0 0     7.5 0   260.2 0   957.7 0
 2026  15  1 15 17  1 17.017  61.90   202.6 0    47.2 0     1.6 0   207.7 0   231.6 0   269.124 0   269.007 0   298.3 0   267.362 0   267.564 0    20.4 0    85.7 0   161.3 0   -66.8 0    94.5 0    -5.6 0    49.8 0     7.7 0   251.2 0   957.7 0
 2026  15  1 15 17  2 17.033  61.89   191.8 0    44.3 0     1.2 0   193.6 0   233.1 0   269.071 0   268.849 0   297.8 0   267.320 0   267.498 0    19.9 0    81.1 0   149.9 0   -64.8 0    85.1 0    -5.9 0    54.1 0     6.0 0   254.0 0   957.7 0
 2026  15  1 15 17  3 17.050  61.87   189.6 0    43.3 0     1.1 0   189.4 0   234.6 0   268.997 0   268.830 0   297.7 0   267.295 0   267.477 0    19.4 0    79.9 0   146.6 0   -63.2 0    83.5 0    -6.0 0    55.2 0     6.4 0   261.4 0   957.7 0
 2026  15  1 15 17  4 17.067  61.85   183.7 0    42.1 0     1.0 0   183.6 0   234.7 0   268.928 0   268.687 0   295.7 0   267.269 0   267.418 0    18.7 0    77.2 0   142.0 0   -61.0 0    81.0 0    -6.0 0    52.3 0     9.6 0   267.3 0   957.7 0
 2026  15  1 15 17  5 17.083  61.84   173.0 0    39.8 0     1.1 0   173.1 0   234.1 0   268.843 0   268.576 0   294.7 0   267.227 0   267.359 0    17.8 0    72.9 0   133.8 0   -60.7 0    73.1 0    -6.1 0    50.5 0     9.8 0   267.0 0   957.8 0
 2026  15  1 15 17  6 17.100  61.82   165.0 0    38.3 0     1.1 0   164.3 0   234.8 0   268.747 0   268.396 0   293.2 0   267.163 0   267.271 0    17.2 0    69.7 0   126.5 0   -58.5 0    68.0 0    -6.2 0    48.7 0    10.4 0   259.4 0   957.8 0
 2026  15  1 15 17  7 17.117  61.81   166.5 0    38.8 0     1.1 0   164.7 0   236.9 0   268.631 0   268.278 0   292.4 0   267.079 0   267.180 0    17.2 0    70.2 0   126.3 0   -55.6 0    70.8 0    -6.4 0    49.7 0    10.3 0   268.6 0   957.8 0
 2026  15  1 15 17  8 17.133  61.80   172.4 0    40.2 0     1.1 0   169.9 0   236.0 0   268.515 0   268.165 0   292.3 0   266.993 0   267.100 0    17.7 0    72.5 0   130.2 0   -56.3 0    73.9 0    -6.5 0    50.7 0     7.5 0   274.8 0   957.7 0
 2026  15  1 15 17  9 17.150  61.79   179.0 0    41.3 0     0.9 0   176.2 0   233.7 0   268.407 0   268.183 0   293.5 0   266.929 0   267.083 0    18.3 0    75.4 0   135.3 0   -59.8 0    75.4 0    -6.5 0    54.4 0     6.8 0   275.4 0   957.7 0
 2026  15  1 15 17 10 17.167  61.78   175.7 0    40.3 0     0.7 0   174.1 0   230.4 0   268.325 0   268.114 0   293.3 0   266.896 0   267.066 0    18.8 0    74.3 0   134.2 0   -62.9 0    71.3 0    -6.4 0    53.5 0     7.2 0   266.3 0   957.7 0
 2026  15  1 15 17 11 17.183  61.77   180.9 0    41.4 0     0.9 0   177.8 0   228.6 0   268.250 0   268.084 0   293.2 0   266.869 0   267.041 0    19.5 0    76.6 0   136.8 0   -64.5 0    72.2 0    -6.3 0    53.4 0     7.2 0   264.7 0   957.7 0
 2026  15  1 15 17 12 17.200  61.76   197.8 0    45.3 0     0.8 0   193.6 0   230.3 0   268.182 0   268.007 0   292.4 0   266.839 0   266.997 0    20.1 0    83.4 0   148.7 0   -62.1 0    86.7 0    -6.4 0    52.6 0     8.7 0   254.9 0   957.7 0
 2026  15  1 15 17 13 17.217  61.75   206.3 0    46.7 0     1.0 0   203.0 0   235.0 0   268.120 0   268.013 0   293.4 0   266.802 0   266.981 0    20.0 0    86.5 0   156.8 0   -58.4 0    98.4 0    -6.4 0    55.8 0     7.7 0   259.5 0   957.7 0
 2026  15  1 15 17 14 17.233  61.74   190.3 0    42.8 0     0.6 0   189.7 0   237.9 0   268.066 0   267.980 0   292.6 0   266.773 0   266.934 0    19.1 0    80.2 0   147.2 0   -54.7 0    92.5 0    -6.4 0    53.3 0     8.5 0   267.2 0   957.7 0
 2026  15  1 15 17 15 17.250  61.73   172.0 0    38.6 0     0.4 0   171.9 0   236.8 0   268.015 0   267.848 0   291.6 0   266.731 0   266.871 0    18.4 0    73.1 0   133.5 0   -54.7 0    78.7 0    -6.5 0    54.0 0     9.0 0   259.0 0   957.6 0
 2026  15  1 15 17 16 17.267  61.73   158.0 0    35.7 0     0.6 0   158.0 0   233.1 0   267.942 0   267.682 0   290.1 0   266.673 0   266.785 0    18.2 0    67.6 0   122.5 0   -57.0 0    65.5 0    -6.6 0    54.3 0     9.9 0   262.7 0   957.7 0
 2026  15  1 15 17 17 17.283  61.72   150.0 0    33.9 0     0.6 0   149.7 0   230.0 0   267.856 0   267.608 0   289.9 0   266.604 0   266.727 0    18.1 0    64.7 0   116.0 0   -59.9 0    56.1 0    -6.8 0    55.8 0     7.0 0   256.9 0   957.6 0
 2026  15  1 15 17 18 17.300  61.72   154.2 0    35.0 0     0.5 0   152.3 0   229.6 0   267.776 0   267.556 0   290.1 0   266.548 0   266.681 0    18.2 0    66.7 0   117.5 0   -60.5 0    57.1 0    -6.8 0    57.8 0     8.3 0   265.7 0   957.7 0
 2026  15  1 15 17 19 17.317  61.72   172.4 0    39.0 0     0.4 0   168.9 0   229.6 0   267.711 0   267.559 0   290.6 0   266.509 0   266.667 0    19.1 0    74.2 0   130.2 0   -61.0 0    69.2 0    -6.7 0    58.2 0     7.7 0   249.1 0   957.7 0
 2026  15  1 15 17 20 17.333  61.72   191.2 0    43.4 0     0.4 0   187.5 0   229.2 0   267.655 0   267.509 0   290.3 0   266.474 0   266.624 0    20.1 0    81.6 0   144.3 0   -61.2 0    83.1 0    -6.8 0    57.6 0     9.2 0   247.1 0   957.7 0
 2026  15  1 15 17 21 17.350  61.71   204.9 0    47.0 0     0.5 0   201.5 0   228.9 0   267.594 0   267.444 0   289.9 0   266.425 0   266.567 0    20.7 0    87.0 0   154.7 0   -61.0 0    93.7 0    -6.9 0    57.9 0     9.7 0   249.6 0   957.6 0
 2026  15  1 15 17 22 17.367  61.71   219.7 0    50.6 0     0.5 0   216.0 0   228.8 0   267.540 0   267.443 0   290.5 0   266.378 0   266.544 0    21.4 0    93.0 0   165.6 0   -61.7 0   103.9 0    -6.9 0    58.8 0     9.4 0   254.4 0   957.7 0
 2026  15  1 15 17 23 17.383  61.71   236.7 0    54.7 0     0.7 0   232.5 0   229.6 0   267.492 0   267.417 0   291.2 0   266.339 0   266.523 0    21.9 0    99.8 0   178.1 0   -61.7 0   116.5 0    -6.9 0    59.5 0     8.6 0   255.2 0   957.7 0
 2026  15  1 15 17 24 17.400  61.72   251.2 0    58.4 0     2.3 0   247.0 0   231.0 0   267.456 0   267.467 0   291.6 0   266.314 0   266.514 0    22.2 0   105.7 0   189.7 0   -60.6 0   129.1 0    -6.9 0    60.7 0     9.4 0   254.4 0   957.7 0
 2026  15  1 15 17 25 17.417  61.72   243.5 0    56.7 0     1.9 0   242.3 0   233.6 0   267.429 0   267.444 0   291.4 0   266.283 0   266.475 0    21.8 0   102.5 0   186.4 0   -57.8 0   128.6 0    -6.9 0    60.1 0    10.3 0   248.4 0   957.7 0
 2026  15  1 15 17 26 17.433  61.72   229.3 0    53.8 0     0.6 0   229.3 0   231.6 0   267.404 0   267.414 0   291.3 0   266.249 0   266.445 0    21.6 0    96.9 0   175.8 0   -59.6 0   116.1 0    -7.0 0    59.3 0     8.8 0   250.9 0   957.6 0
 2026  15  1 15 17 27 17.450  61.73   244.0 0    60.1 0    35.2 0   228.9 0   224.5 0   267.387 0   267.435 0   291.9 0   266.233 0   266.452 0    22.6 0   105.1 0   185.4 0   -67.4 0   118.0 0    -6.9 0    61.6 0     8.0 0   242.4 0   957.6 0
 2026  15  1 15 17 28 17.467  61.73   548.5 0   143.5 0   672.3 0   240.1 0   217.3 0   267.397 0   267.530 0   297.0 0   266.242 0   266.595 0    28.9 0   224.1 0   415.0 0   -79.7 0   335.3 0    -6.8 0    59.9 0     9.0 0   251.2 0   957.6 0
 2026  15  1 15 17 29 17.483  61.74   292.8 0    69.5 0   100.0 0   245.1 0   220.5 0   267.466 0   267.647 0   294.9 0   266.271 0   266.569 0    24.6 0   123.8 0   222.9 0   -74.5 0   148.4 0    -6.7 0    59.4 0     9.2 0   254.1 0   957.7 0
 2026  15  1 15 17 30 17.500  61.74   240.1 0    55.7 0     8.8 0   238.0 0   228.6 0   267.512 0   267.597 0   293.5 0   266.267 0   266.509 0    22.3 0   101.7 0   186.5 0   -64.9 0   121.6 0    -6.7 0    59.3 0     7.6 0   261.5 0   957.6 0
 2026  15  1 15 17 31 17.517  61.75   212.0 0    47.6 0     2.6 0   213.1 0   235.5 0   267.525 0   267.614 0   293.5 0   266.269 0   266.511 0    20.5 0    90.4 0   166.7 0   -58.0 0   108.6 0    -6.6 0    58.8 0     7.0 0   271.6 0   957.7 0
 2026  15  1 15 17 32 17.533  61.76   208.2 0    46.7 0     1.9 0   207.0 0   233.8 0   267.531 0   267.628 0   293.4 0   266.282 0   266.507 0    20.4 0    88.7 0   161.1 0   -59.5 0   101.6 0    -6.5 0    55.8 0     6.8 0   265.0 0   957.6 0
 2026  15  1 15 17 33 17.550  61.77   195.1 0    44.1 0     2.4 0   195.9 0   225.2 0   267.538 0   267.553 0   291.8 0   266.291 0   266.493 0    20.6 0    83.1 0   153.0 0   -66.7 0    86.3 0    -6.6 0    52.8 0     8.8 0   263.8 0   957.6 0
 2026  15  1 15 17 34 17.567  61.78   183.4 0    42.0 0     5.5 0   181.6 0   221.7 0   267.525 0   267.467 0   290.8 0   266.282 0   266.465 0    20.3 0    79.6 0   142.2 0   -69.1 0    73.1 0    -6.7 0    52.5 0     8.9 0   265.2 0   957.6 0
 2026  15  1 15 17 35 17.583  61.79   199.2 0    46.0 0     6.0 0   195.3 0   226.7 0   267.503 0   267.450 0   291.1 0   266.270 0   266.464 0    20.0 0    85.6 0   152.2 0   -64.4 0    87.8 0    -6.7 0    54.0 0     6.8 0   262.8 0   957.6 0
 2026  15  1 15 17 36 17.600  61.80   207.7 0    47.5 0     8.3 0   203.1 0   235.4 0   267.490 0   267.554 0   292.6 0   266.273 0   266.494 0    19.5 0    88.7 0   159.4 0   -57.1 0   102.3 0    -6.6 0    55.0 0     6.9 0   267.6 0   957.6 0
 2026  15  1 15 17 37 17.617  61.81   201.0 0    45.9 0     2.9 0   199.2 0   241.9 0   267.497 0   267.564 0   292.0 0   266.280 0   266.482 0    18.6 0    85.3 0   154.7 0   -50.1 0   104.6 0    -6.6 0    53.5 0     8.2 0   262.2 0   957.6 0
 2026  15  1 15 17 38 17.633  61.83   223.4 0    52.6 0    15.3 0   212.8 0   243.5 0   267.494 0   267.510 0   292.3 0   266.278 0   266.480 0    19.1 0    96.0 0   167.4 0   -48.9 0   118.6 0    -6.6 0    54.3 0     8.6 0   277.3 0   957.6 0
 2026  15  1 15 17 39 17.650  61.84   315.4 0    75.3 0    86.7 0   268.2 0   239.4 0   267.480 0   267.548 0   293.3 0   266.271 0   266.492 0    22.1 0   133.1 0   233.8 0   -54.0 0   179.8 0    -6.7 0    53.1 0     9.4 0   274.9 0   957.5 0
 2026  15  1 15 17 40 17.667  61.86   289.8 0    68.4 0    31.2 0   274.9 0   230.5 0   267.478 0   267.586 0   293.7 0   266.261 0   266.500 0    23.3 0   120.9 0   221.2 0   -63.2 0   158.0 0    -6.8 0    54.1 0     8.0 0   267.9 0   957.5 0
 2026  15  1 15 17 41 17.683  61.87   254.0 0    59.3 0    21.2 0   246.1 0   225.3 0   267.478 0   267.562 0   293.6 0   266.263 0   266.509 0    23.1 0   107.3 0   196.8 0   -68.3 0   128.5 0    -6.7 0    55.4 0     7.8 0   267.5 0   957.5 0
 2026  15  1 15 17 42 17.700  61.89   236.7 0    55.0 0     9.5 0   233.2 0   225.8 0   267.481 0   267.576 0   293.6 0   266.277 0   266.525 0    22.3 0   100.3 0   182.7 0   -67.8 0   114.9 0    -6.6 0    56.7 0     7.1 0   277.4 0   957.5 0
 2026  15  1 15 17 43 17.717  61.91   241.8 0    56.5 0     4.9 0   237.6 0   231.3 0   267.484 0   267.576 0   292.4 0   266.289 0   266.506 0    21.6 0   102.7 0   183.4 0   -61.1 0   122.3 0    -6.6 0    54.0 0     9.1 0   272.7 0   957.5 0
 2026  15  1 15 17 44 17.733  61.93   268.6 0    63.3 0     7.9 0   261.3 0   239.7 0   267.491 0   267.615 0   292.6 0   266.287 0   266.498 0    21.2 0   113.3 0   201.7 0   -52.9 0   148.8 0    -6.7 0    49.0 0     9.1 0   266.1 0   957.4 0
 2026  15  1 15 17 45 17.750  61.95   290.9 0    68.5 0    22.8 0   277.8 0   245.1 0   267.496 0   267.671 0   294.1 0   266.279 0   266.523 0    21.1 0   122.3 0   220.1 0   -49.0 0   171.1 0    -6.7 0    50.6 0     8.4 0   268.1 0   957.5 0
 2026  15  1 15 17 46 17.767  61.97   282.3 0    65.9 0     2.3 0   278.8 0   246.9 0   267.507 0   267.675 0   294.1 0   266.284 0   266.526 0    20.6 0   118.2 0   214.0 0   -47.2 0   166.8 0    -6.7 0    49.5 0     8.9 0   262.6 0   957.4 0
 2026  15  1 15 17 47 17.783  61.99   296.1 0    69.2 0     5.1 0   290.0 0   247.9 0   267.512 0   267.729 0   295.1 0   266.285 0   266.546 0    21.0 0   123.9 0   223.2 0   -47.2 0   176.0 0    -6.7 0    50.3 0     6.8 0   250.3 0   957.4 0
 2026  15  1 15 17 48 17.800  62.01   315.4 0    73.4 0    16.5 0   303.4 0   247.8 0   267.533 0   267.811 0   296.5 0   266.304 0   266.585 0    21.7 0   131.4 0   237.7 0   -48.7 0   189.0 0    -6.6 0    51.2 0     7.1 0   267.8 0   957.4 0
 2026  15  1 15 17 49 17.817  62.04   314.8 0    73.5 0     2.5 0   310.5 0   247.3 0   267.560 0   267.851 0   296.4 0   266.328 0   266.614 0    22.0 0   130.0 0   238.1 0   -49.2 0   188.9 0    -6.6 0    52.2 0     8.6 0   249.1 0   957.3 0
 2026  15  1 15 17 50 17.833  62.06   316.0 0    74.3 0     4.9 0   310.4 0   247.0 0   267.595 0   267.951 0   296.7 0   266.359 0   266.652 0    22.0 0   130.5 0   238.5 0   -49.7 0   188.8 0    -6.5 0    52.2 0     8.6 0   251.1 0   957.3 0
 2026  15  1 15 17 51 17.850  62.08   320.3 0    75.5 0     5.6 0   314.7 0   246.3 0   267.652 0   268.105 0   297.9 0   266.401 0   266.720 0    22.3 0   131.8 0   241.9 0   -51.6 0   190.3 0    -6.3 0    53.9 0     7.5 0   257.7 0   957.3 0
 2026  15  1 15 17 52 17.867  62.11   362.0 0    89.4 0    73.8 0   327.1 0   243.8 0   267.725 0   268.085 0   297.2 0   266.456 0   266.763 0    23.6 0   151.5 0   272.2 0   -53.4 0   218.8 0    -6.3 0    49.9 0    10.1 0   254.3 0   957.3 0
 2026  15  1 15 17 53 17.883  62.14   511.1 0   130.1 0   395.3 0   331.2 0   243.5 0   267.791 0   268.196 0   300.1 0   266.497 0   266.865 0    26.0 0   207.0 0   385.8 0   -56.6 0   329.2 0    -6.3 0    49.0 0     9.2 0   263.7 0   957.3 0
 2026  15  1 15 17 54 17.900  62.16   491.8 0   124.0 0   369.5 0   322.6 0   245.0 0   267.885 0   268.309 0   301.1 0   266.547 0   266.938 0    25.6 0   201.6 0   371.1 0   -56.1 0   315.1 0    -6.2 0    50.0 0     9.4 0   264.0 0   957.3 0
 2026  15  1 15 17 55 17.917  62.19   577.1 0   150.8 0   536.6 0   335.5 0   247.7 0   267.996 0   268.387 0   301.5 0   266.602 0   267.002 0    26.5 0   235.9 0   435.0 0   -53.9 0   381.1 0    -6.2 0    47.5 0    11.3 0   256.8 0   957.3 0
 2026  15  1 15 17 56 17.933  62.22   562.2 0   146.3 0   496.5 0   337.2 0   251.5 0   268.107 0   268.439 0   302.9 0   266.648 0   267.080 0    25.3 0   225.9 0   422.3 0   -51.3 0   371.0 0    -6.2 0    47.6 0    10.4 0   252.5 0   957.3 0
 2026  15  1 15 17 57 17.950  62.25   424.5 0   103.7 0   193.0 0   333.8 0   253.8 0   268.200 0   268.528 0   302.1 0   266.695 0   267.093 0    22.3 0   174.0 0   319.9 0   -48.3 0   271.7 0    -6.1 0    49.4 0     8.4 0   252.0 0   957.3 0
 2026  15  1 15 17 58 17.967  62.28   307.3 0    73.8 0    14.5 0   304.5 0   254.0 0   268.265 0   268.490 0   299.0 0   266.729 0   267.025 0    19.4 0   127.4 0   237.5 0   -45.0 0   192.5 0    -6.2 0    47.6 0     8.9 0   265.5 0   957.3 0
 2026  15  1 15 17 59 17.983  62.31   257.8 0    61.3 0     1.3 0   261.6 0   254.5 0   268.277 0   268.368 0   297.1 0   266.724 0   266.961 0    17.6 0   107.1 0   200.8 0   -42.6 0   158.2 0    -6.3 0    48.4 0     9.3 0   267.5 0   957.3 0
 2026  15  1 15 18  0 18.000  62.35   224.8 0    53.1 0     0.5 0   227.8 0   254.3 0   268.263 0   268.307 0   296.7 0   266.707 0   266.934 0    16.4 0    93.6 0   174.9 0   -42.3 0   132.6 0    -6.4 0    48.8 0     7.9 0   264.4 0   957.3 0
 2026  15  1 15 18  1 18.017  62.38   196.5 0    46.5 0     0.6 0   198.8 0   255.5 0   268.230 0   268.187 0   295.0 0   266.690 0   266.882 0    14.8 0    82.0 0   152.6 0   -39.5 0   113.0 0    -6.4 0    49.4 0     9.2 0   258.5 0   957.3 0
 2026  15  1 15 18  2 18.033  62.42   179.6 0    42.6 0     0.7 0   180.5 0   256.0 0   268.184 0   268.103 0   294.4 0   266.670 0   266.852 0    13.8 0    75.4 0   138.3 0   -38.4 0    99.9 0    -6.5 0    49.5 0     8.9 0   267.1 0   957.3 0
 2026  15  1 15 18  3 18.050  62.45   175.3 0    41.4 0     0.5 0   175.1 0   255.1 0   268.138 0   268.083 0   294.5 0   266.649 0   266.837 0    13.8 0    73.9 0   134.0 0   -39.4 0    94.5 0    -6.4 0    51.3 0     7.5 0   255.9 0   957.3 0
 2026  15  1 15 18  4 18.067  62.49   178.0 0    41.7 0     0.5 0   176.9 0   252.3 0   268.095 0   267.975 0   293.5 0   266.634 0   266.810 0    14.4 0    75.1 0   135.5 0   -41.2 0    94.3 0    -6.5 0    50.7 0     9.5 0   252.0 0   957.2 0
 2026  15  1 15 18  5 18.083  62.52   182.0 0    42.4 0     0.6 0   180.5 0   250.4 0   268.038 0   267.880 0   292.6 0   266.601 0   266.760 0    15.0 0    76.7 0   138.4 0   -42.2 0    96.2 0    -6.6 0    49.7 0     9.3 0   257.4 0   957.3 0
 2026  15  1 15 18  6 18.100  62.56   181.1 0    42.0 0     0.6 0   179.8 0   250.4 0   267.974 0   267.824 0   292.4 0   266.568 0   266.731 0    14.8 0    76.2 0   138.1 0   -42.0 0    96.1 0    -6.6 0    49.0 0     9.3 0   255.7 0   957.3 0
 2026  15  1 15 18  7 18.117  62.60   175.3 0    40.8 0     0.5 0   174.6 0   251.4 0   267.908 0   267.777 0   291.8 0   266.529 0   266.683 0    14.1 0    73.7 0   134.0 0   -40.4 0    93.6 0    -6.7 0    48.0 0     9.0 0   259.6 0   957.3 0
 2026  15  1 15 18  8 18.133  62.64   165.9 0    38.9 0     0.5 0   165.6 0   252.4 0   267.850 0   267.733 0   291.4 0   266.492 0   266.648 0    13.2 0    69.8 0   126.9 0   -39.0 0    87.9 0    -6.7 0    47.8 0    10.3 0   257.1 0   957.3 0
 2026  15  1 15 18  9 18.150  62.68   158.1 0    37.4 0     0.6 0   157.8 0   253.0 0   267.790 0   267.612 0   290.8 0   266.449 0   266.594 0    12.4 0    66.8 0   120.6 0   -37.8 0    82.8 0    -6.8 0    47.4 0     9.6 0   255.9 0   957.3 0
 2026  15  1 15 18 10 18.167  62.72   153.3 0    36.4 0     0.5 0   152.8 0   254.3 0   267.725 0   267.582 0   290.8 0   266.406 0   266.558 0    11.9 0    64.9 0   116.7 0   -36.5 0    80.1 0    -6.8 0    48.0 0     9.7 0   265.8 0   957.3 0
 2026  15  1 15 18 11 18.183  62.76   158.1 0    37.7 0     0.5 0   156.2 0   255.4 0   267.668 0   267.537 0   290.5 0   266.369 0   266.515 0    11.9 0    67.1 0   118.7 0   -35.1 0    83.7 0    -6.8 0    46.9 0     9.1 0   262.0 0   957.3 0
 2026  15  1 15 18 12 18.200  62.80   174.3 0    41.1 0     0.5 0   171.6 0   254.8 0   267.611 0   267.481 0   291.1 0   266.330 0   266.487 0    13.0 0    73.7 0   130.7 0   -36.3 0    94.4 0    -6.9 0    46.9 0     7.5 0   271.8 0   957.3 0
 2026  15  1 15 18 13 18.217  62.85   176.9 0    41.4 0     0.3 0   175.5 0   254.8 0   267.556 0   267.495 0   291.6 0   266.304 0   266.479 0    13.4 0    74.3 0   134.2 0   -36.8 0    97.4 0    -6.8 0    47.7 0     7.9 0   278.6 0   957.3 0
 2026  15  1 15 18 14 18.233  62.89   170.0 0    40.2 0     0.3 0   169.5 0   255.3 0   267.508 0   267.417 0   291.0 0   266.281 0   266.440 0    13.0 0    71.2 0   129.4 0   -35.6 0    93.8 0    -6.8 0    46.7 0     7.7 0   281.9 0   957.3 0
 2026  15  1 15 18 15 18.250  62.94   166.2 0    39.3 0     0.2 0   165.4 0   255.5 0   267.465 0   267.472 0   291.6 0   266.259 0   266.445 0    12.8 0    69.8 0   126.2 0   -36.1 0    90.1 0    -6.8 0    48.5 0     7.9 0   259.0 0   957.3 0
 2026  15  1 15 18 16 18.267  62.98   165.9 0    39.3 0     0.2 0   165.1 0   254.9 0   267.442 0   267.430 0   290.9 0   266.247 0   266.421 0    12.7 0    69.7 0   125.9 0   -36.0 0    89.9 0    -6.8 0    46.5 0    10.2 0   249.0 0   957.2 0
 2026  15  1 15 18 17 18.283  63.03   163.0 0    39.0 0     0.4 0   162.5 0   255.0 0   267.415 0   267.334 0   289.9 0   266.221 0   266.374 0    12.4 0    68.5 0   123.7 0   -34.9 0    88.8 0    -6.9 0    46.8 0    11.9 0   250.8 0   957.2 0
 2026  15  1 15 18 18 18.300  63.08   162.5 0    39.1 0     0.5 0   161.7 0   254.8 0   267.378 0   267.263 0   289.4 0   266.181 0   266.329 0    12.4 0    68.5 0   122.8 0   -34.6 0    88.2 0    -7.0 0    47.0 0    10.5 0   248.7 0   957.2 0
 2026  15  1 15 18 19 18.317  63.13   167.1 0    39.7 0     0.4 0   165.8 0   254.3 0   267.336 0   267.277 0   290.0 0   266.144 0   266.312 0    12.8 0    70.6 0   126.2 0   -35.8 0    90.5 0    -7.0 0    47.5 0     8.6 0   250.5 0   957.2 0
 2026  15  1 15 18 20 18.333  63.18   172.4 0    40.6 0     0.3 0   170.7 0   254.0 0   267.303 0   267.270 0   290.4 0   266.123 0   266.301 0    13.0 0    72.9 0   130.2 0   -36.4 0    93.9 0    -7.0 0    47.0 0     8.2 0   251.0 0   957.2 0
 2026  15  1 15 18 21 18.350  63.22   177.2 0    41.5 0     0.2 0   175.6 0   254.4 0   267.277 0   267.291 0   290.7 0   266.109 0   266.298 0    13.2 0    75.0 0   134.2 0   -36.4 0    97.9 0    -7.0 0    47.6 0     8.0 0   260.9 0   957.3 0
 2026  15  1 15 18 22 18.367  63.28   179.9 0    41.9 0     0.1 0   178.4 0   254.2 0   267.257 0   267.265 0   290.8 0   266.100 0   266.287 0    13.4 0    76.0 0   136.5 0   -36.6 0    99.9 0    -6.9 0    47.8 0     8.6 0   255.5 0   957.3 0
 2026  15  1 15 18 23 18.383  63.33   180.9 0    42.0 0     0.1 0   179.6 0   253.5 0   267.241 0   267.287 0   290.7 0   266.087 0   266.270 0    13.7 0    76.3 0   137.7 0   -37.2 0   100.5 0    -7.0 0    48.3 0     9.7 0   256.2 0   957.2 0
 2026  15  1 15 18 24 18.400  63.38   175.3 0    40.4 0     0.1 0   175.0 0   251.9 0   267.230 0   267.251 0   290.3 0   266.074 0   266.259 0    13.9 0    73.8 0   134.6 0   -38.4 0    96.2 0    -7.0 0    49.7 0    10.0 0   264.4 0   957.3 0
 2026  15  1 15 18 25 18.417  63.43   163.9 0    37.6 0     0.1 0   164.1 0   249.5 0   267.217 0   267.235 0   290.0 0   266.060 0   266.239 0    13.9 0    69.2 0   126.5 0   -40.5 0    86.0 0    -7.0 0    50.6 0     8.6 0   263.8 0   957.3 0
 2026  15  1 15 18 26 18.433  63.49   158.0 0    36.0 0     0.1 0   157.8 0   243.6 0   267.203 0   267.160 0   289.1 0   266.048 0   266.218 0    14.6 0    67.1 0   121.9 0   -45.5 0    76.4 0    -7.0 0    51.0 0    10.8 0   264.6 0   957.2 0
 2026  15  1 15 18 27 18.450  63.54   154.8 0    35.1 0     0.2 0   154.5 0   237.8 0   267.179 0   267.120 0   288.5 0   266.025 0   266.185 0    15.2 0    66.1 0   119.4 0   -50.8 0    68.7 0    -7.0 0    51.9 0     9.8 0   265.7 0   957.2 0
 2026  15  1 15 18 28 18.467  63.60   154.0 0    34.8 0     0.2 0   153.4 0   234.8 0   267.152 0   267.038 0   288.0 0   266.000 0   266.151 0    15.5 0    66.0 0   118.7 0   -53.2 0    65.6 0    -7.0 0    51.4 0    10.8 0   271.2 0   957.3 0
 2026  15  1 15 18 29 18.483  63.65   157.9 0    35.7 0     0.3 0   156.7 0   230.2 0   267.115 0   267.001 0   287.5 0   265.963 0   266.108 0    16.3 0    68.0 0   121.1 0   -57.3 0    63.8 0    -7.1 0    52.2 0    10.5 0   268.2 0   957.3 0
 2026  15  1 15 18 30 18.500  63.71   160.0 0    36.6 0     0.4 0   159.6 0   221.1 0   267.082 0   266.944 0   287.0 0   265.924 0   266.063 0    17.1 0    69.2 0   123.2 0   -65.8 0    57.4 0    -7.2 0    51.5 0     9.4 0   278.1 0   957.3 0
 2026  15  1 15 18 31 18.517  63.77   169.5 0    40.3 0     6.1 0   166.3 0   213.9 0   267.044 0   266.922 0   287.3 0   265.888 0   266.045 0    17.7 0    74.1 0   128.7 0   -73.4 0    55.3 0    -7.2 0    52.9 0     8.3 0   271.7 0   957.2 0
 2026  15  1 15 18 32 18.533  63.83   212.9 0    51.7 0    81.8 0   178.3 0   211.4 0   267.018 0   266.972 0   288.5 0   265.870 0   266.067 0    18.4 0    92.5 0   162.8 0   -77.1 0    85.6 0    -7.1 0    53.7 0     8.1 0   271.4 0   957.2 0
 2026  15  1 15 18 33 18.550  63.89   157.2 0    35.9 0     5.0 0   158.2 0   210.6 0   267.011 0   266.926 0   287.0 0   265.864 0   266.043 0    17.5 0    68.8 0   124.5 0   -76.4 0    48.1 0    -7.0 0    50.2 0     9.6 0   266.0 0   957.2 0
 2026  15  1 15 18 34 18.567  63.95   143.4 0    32.6 0     3.7 0   144.3 0   210.3 0   266.989 0   266.830 0   286.2 0   265.842 0   265.996 0    17.2 0    63.3 0   113.3 0   -76.0 0    37.3 0    -7.1 0    49.1 0     8.8 0   271.2 0   957.2 0
 2026  15  1 15 18 35 18.583  64.01   139.3 0    31.8 0     1.1 0   140.4 0   208.8 0   266.955 0   266.800 0   286.1 0   265.817 0   265.979 0    17.1 0    61.4 0   109.1 0   -77.3 0    31.7 0    -7.1 0    51.3 0     7.6 0   267.5 0   957.2 0
 2026  15  1 15 18 36 18.600  64.07   136.4 0    30.9 0     0.2 0   137.9 0   207.9 0   266.927 0   266.822 0   286.4 0   265.803 0   265.977 0    16.9 0    60.1 0   107.1 0   -78.5 0    28.6 0    -7.1 0    53.3 0     6.8 0   260.8 0   957.2 0
 2026  15  1 15 18 37 18.617  64.13   140.7 0    31.9 0     0.2 0   141.0 0   209.3 0   266.912 0   266.808 0   286.3 0   265.798 0   265.969 0    16.8 0    61.6 0   109.1 0   -77.1 0    32.1 0    -7.0 0    53.0 0     8.0 0   254.2 0   957.2 0
 2026  15  1 15 18 38 18.633  64.20   146.8 0    33.7 0     0.3 0   146.7 0   213.2 0   266.892 0   266.747 0   286.0 0   265.789 0   265.952 0    16.5 0    63.8 0   113.1 0   -72.8 0    40.3 0    -7.1 0    51.8 0     8.7 0   267.1 0   957.3 0
 2026  15  1 15 18 39 18.650  64.26   169.1 0    40.6 0    15.3 0   162.3 0   219.3 0   266.865 0   266.777 0   286.5 0   265.774 0   265.937 0    16.5 0    73.0 0   128.3 0   -67.3 0    61.1 0    -7.1 0    51.3 0     9.6 0   264.2 0   957.3 0
 2026  15  1 15 18 40 18.667  64.33   162.8 0    38.1 0     0.8 0   163.0 0   225.6 0   266.848 0   266.770 0   286.5 0   265.753 0   265.912 0    15.8 0    69.5 0   125.3 0   -60.9 0    64.4 0    -7.2 0    51.5 0    10.8 0   258.9 0   957.3 0
 2026  15  1 15 18 41 18.683  64.39   160.7 0    37.6 0     0.4 0   161.0 0   226.2 0   266.823 0   266.682 0   286.0 0   265.715 0   265.855 0    15.5 0    68.6 0   123.5 0   -59.8 0    63.7 0    -7.3 0    52.0 0     9.8 0   271.6 0   957.3 0
 2026  15  1 15 18 42 18.700  64.46   160.5 0    37.2 0     0.3 0   160.5 0   223.4 0   266.792 0   266.692 0   286.3 0   265.686 0   265.846 0    15.5 0    68.6 0   123.5 0   -62.9 0    60.6 0    -7.3 0    53.7 0    10.2 0   264.8 0   957.3 0
 2026  15  1 15 18 43 18.717  64.53   161.2 0    37.3 0     0.3 0   161.0 0   217.8 0   266.762 0   266.641 0   285.6 0   265.658 0   265.810 0    15.9 0    69.0 0   123.9 0   -67.8 0    56.0 0    -7.4 0    53.2 0     9.6 0   265.2 0   957.3 0
 2026  15  1 15 18 44 18.733  64.60   163.1 0    37.4 0     1.1 0   162.4 0   213.3 0   266.734 0   266.657 0   286.1 0   265.633 0   265.802 0    16.3 0    69.7 0   125.5 0   -72.8 0    52.7 0    -7.4 0    54.6 0     8.3 0   268.0 0   957.3 0
 2026  15  1 15 18 45 18.750  64.66   159.2 0    36.2 0     0.5 0   159.2 0   209.8 0   266.719 0   266.640 0   285.7 0   265.620 0   265.787 0    16.5 0    68.1 0   123.3 0   -75.9 0    47.3 0    -7.3 0    53.9 0     9.8 0   257.4 0   957.3 0
 2026  15  1 15 18 46 18.767  64.73   150.7 0    34.2 0     0.1 0   151.8 0   208.3 0   266.697 0   266.562 0   284.7 0   265.594 0   265.741 0    16.3 0    64.9 0   117.6 0   -76.5 0    41.2 0    -7.4 0    52.6 0     9.4 0   253.7 0   957.4 0
 2026  15  1 15 18 47 18.783  64.80   139.6 0    31.5 0     0.2 0   140.8 0   208.6 0   266.671 0   266.537 0   284.7 0   265.563 0   265.716 0    15.9 0    60.9 0   109.4 0   -76.1 0    33.3 0    -7.5 0    53.1 0     8.9 0   252.0 0   957.4 0
 2026  15  1 15 18 48 18.800  64.88   138.3 0    31.3 0     0.2 0   138.6 0   212.1 0   266.643 0   266.503 0   284.6 0   265.536 0   265.686 0    15.5 0    60.3 0   107.4 0   -72.5 0    34.9 0    -7.5 0    54.5 0     9.2 0   250.5 0   957.4 0
 2026  15  1 15 18 49 18.817  64.95   140.7 0    32.1 0     0.2 0   140.7 0   218.4 0   266.616 0   266.469 0   284.5 0   265.508 0   265.651 0    15.0 0    60.8 0   108.7 0   -66.2 0    42.6 0    -7.5 0    53.7 0     9.6 0   257.3 0   957.4 0
 2026  15  1 15 18 50 18.833  65.02   141.7 0    32.4 0     0.2 0   141.7 0   228.0 0   266.589 0   266.496 0   285.5 0   265.481 0   265.642 0    14.2 0    60.5 0   109.3 0   -57.5 0    51.8 0    -7.5 0    55.4 0     8.6 0   249.7 0   957.4 0
 2026  15  1 15 18 51 18.850  65.09   141.7 0    32.8 0     0.2 0   141.5 0   238.7 0   266.567 0   266.496 0   286.2 0   265.465 0   265.634 0    13.0 0    60.2 0   108.8 0   -47.5 0    61.3 0    -7.5 0    56.3 0     9.6 0   247.2 0   957.4 0
 2026  15  1 15 18 52 18.867  65.17   148.7 0    34.9 0     0.3 0   147.6 0   246.5 0   266.547 0   266.462 0   285.8 0   265.447 0   265.600 0    12.4 0    63.0 0   112.8 0   -39.3 0    73.5 0    -7.5 0    53.5 0    11.1 0   258.9 0   957.4 0
 2026  15  1 15 18 53 18.883  65.24   153.5 0    35.8 0     0.4 0   152.8 0   249.4 0   266.522 0   266.463 0   286.6 0   265.419 0   265.582 0    12.1 0    64.7 0   117.1 0   -37.2 0    79.9 0    -7.6 0    54.4 0     8.9 0   256.4 0   957.4 0
 2026  15  1 15 18 54 18.900  65.32   146.5 0    34.1 0     0.2 0   146.8 0   252.1 0   266.500 0   266.458 0   286.3 0   265.399 0   265.559 0    11.6 0    61.8 0   112.7 0   -34.2 0    78.5 0    -7.6 0    54.9 0    10.1 0   265.2 0   957.5 0
 2026  15  1 15 18 55 18.917  65.39   138.4 0    32.0 0     0.1 0   138.8 0   253.3 0   266.477 0   266.460 0   287.3 0   265.378 0   265.560 0    11.1 0    58.4 0   106.9 0   -34.0 0    72.9 0    -7.6 0    57.1 0     6.7 0   254.7 0   957.5 0
 2026  15  1 15 18 56 18.933  65.47   129.7 0    29.9 0     0.0 0   130.6 0   255.1 0   266.465 0   266.514 0   288.4 0   265.379 0   265.580 0    10.4 0    54.8 0   100.7 0   -33.3 0    67.4 0    -7.5 0    59.2 0     6.1 0   257.4 0   957.5 0
 2026  15  1 15 18 57 18.950  65.55   121.5 0    28.6 0     0.0 0   122.2 0   258.9 0   266.470 0   266.494 0   287.5 0   265.393 0   265.575 0     9.3 0    51.5 0    93.5 0   -28.6 0    64.9 0    -7.4 0    57.8 0     9.7 0   258.2 0   957.5 0
 2026  15  1 15 18 58 18.967  65.63   131.0 0    31.5 0     0.1 0   129.7 0   258.7 0   266.461 0   266.378 0   286.0 0   265.374 0   265.515 0     9.5 0    55.6 0    98.3 0   -27.2 0    71.0 0    -7.6 0    58.5 0    10.0 0   258.4 0   957.6 0
 2026  15  1 15 18 59 18.983  65.71   141.8 0    33.6 0     0.2 0   140.6 0   255.7 0   266.435 0   266.376 0   286.1 0   265.334 0   265.483 0    10.4 0    60.1 0   107.1 0   -30.4 0    76.7 0    -7.8 0    61.5 0    10.3 0   252.8 0   957.5 0
 2026  15  1 15 19  0 19.000  65.79   151.3 0    36.2 0     0.3 0   149.1 0   254.4 0   266.411 0   266.355 0   286.1 0   265.294 0   265.447 0    10.9 0    64.2 0   113.0 0   -31.7 0    81.3 0    -7.9 0    61.9 0    10.8 0   253.5 0   957.5 0
 2026  15  1 15 19  1 19.017  65.87   181.9 0    43.1 0     0.3 0   177.6 0   249.5 0   266.393 0   266.424 0   287.2 0   265.265 0   265.453 0    12.5 0    76.6 0   134.6 0   -37.7 0    96.9 0    -7.8 0    62.8 0     9.6 0   251.3 0   957.5 0
 2026  15  1 15 19  2 19.033  65.95   185.8 0    43.3 0     0.7 0   185.3 0   236.4 0   266.391 0   266.425 0   286.9 0   265.256 0   265.449 0    14.2 0    77.9 0   142.2 0   -50.5 0    91.7 0    -7.8 0    60.4 0     9.6 0   254.9 0   957.5 0
 2026  15  1 15 19  3 19.050  66.03   148.2 0    34.1 0     0.3 0   151.9 0   220.8 0   266.385 0   266.379 0   286.0 0   265.244 0   265.431 0    14.6 0    63.6 0   117.9 0   -65.2 0    52.6 0    -7.7 0    61.2 0     7.9 0   262.0 0   957.5 0
 2026  15  1 15 19  4 19.067  66.11   129.8 0    30.0 0     1.8 0   131.5 0   214.4 0   266.379 0   266.304 0   285.3 0   265.240 0   265.426 0    14.3 0    57.1 0   102.3 0   -70.8 0    31.4 0    -7.6 0    62.1 0     7.7 0   254.2 0   957.5 0
 2026  15  1 15 19  5 19.083  66.20   146.8 0    35.0 0    32.3 0   134.8 0   217.1 0   266.368 0   266.298 0   285.4 0   265.240 0   265.424 0    14.0 0    65.0 0   112.9 0   -68.2 0    44.6 0    -7.6 0    62.2 0     7.7 0   250.2 0   957.5 0
 2026  15  1 15 19  6 19.100  66.28   158.7 0    37.8 0    15.1 0   152.3 0   222.7 0   266.365 0   266.313 0   285.7 0   265.233 0   265.412 0    13.9 0    69.6 0   120.6 0   -63.0 0    57.6 0    -7.7 0    64.5 0     8.0 0   248.5 0   957.5 0
 2026  15  1 15 19  7 19.117  66.37   164.7 0    38.9 0    16.5 0   160.1 0   217.8 0   266.367 0   266.366 0   286.5 0   265.233 0   265.442 0    14.4 0    71.5 0   127.8 0   -68.8 0    59.0 0    -7.6 0    65.0 0     7.6 0   258.4 0   957.5 0
 2026  15  1 15 19  8 19.133  66.45   142.1 0    32.7 0     0.9 0   144.3 0   214.4 0   266.376 0   266.354 0   286.0 0   265.245 0   265.446 0    14.2 0    61.8 0   112.0 0   -71.5 0    40.5 0    -7.5 0    64.5 0     7.8 0   254.5 0   957.5 0
 2026  15  1 15 19  9 19.150  66.54   129.7 0    29.2 0     0.1 0   131.7 0   221.1 0   266.380 0   266.317 0   285.6 0   265.253 0   265.439 0    13.3 0    56.5 0   102.5 0   -64.6 0    37.9 0    -7.5 0    64.3 0     7.4 0   263.0 0   957.6 0
 2026  15  1 15 19 10 19.167  66.63   129.4 0    29.1 0     0.1 0   129.9 0   234.0 0   266.377 0   266.340 0   286.2 0   265.262 0   265.448 0    12.3 0    56.0 0   100.7 0   -52.2 0    48.6 0    -7.5 0    61.9 0     7.4 0   262.6 0   957.6 0
 2026  15  1 15 19 11 19.183  66.71   139.0 0    32.0 0     0.0 0   138.0 0   243.8 0   266.373 0   266.336 0   286.0 0   265.263 0   265.432 0    11.6 0    59.3 0   106.0 0   -42.3 0    63.7 0    -7.6 0    58.8 0     8.3 0   270.4 0   957.6 0
 2026  15  1 15 19 12 19.200  66.80   142.0 0    32.5 0     0.0 0   142.1 0   245.9 0   266.363 0   266.362 0   287.3 0   265.258 0   265.448 0    11.5 0    59.4 0   109.6 0   -41.4 0    68.2 0    -7.6 0    61.2 0     6.6 0   274.5 0   957.6 0
 2026  15  1 15 19 13 19.217  66.89   130.6 0    29.8 0     0.0 0   131.1 0   243.9 0   266.357 0   266.337 0   286.5 0   265.263 0   265.440 0    11.3 0    55.0 0   101.3 0   -42.5 0    58.8 0    -7.6 0    62.2 0     8.1 0   280.2 0   957.6 0
 2026  15  1 15 19 14 19.233  66.98   123.3 0    28.1 0     0.0 0   123.9 0   242.8 0   266.345 0   266.314 0   286.3 0   265.259 0   265.426 0    11.0 0    52.1 0    95.9 0   -43.5 0    52.4 0    -7.6 0    62.9 0     7.4 0   277.8 0   957.7 0
 2026  15  1 15 19 15 19.250  67.07   116.0 0    26.3 0    -0.1 0   116.5 0   244.6 0   266.333 0   266.288 0   285.9 0   265.252 0   265.411 0    10.4 0    49.1 0    90.2 0   -41.3 0    48.9 0    -7.7 0    62.0 0     8.0 0   276.7 0   957.7 0
 2026  15  1 15 19 16 19.267  67.16   110.5 0    25.3 0     0.0 0   110.6 0   248.6 0   266.317 0   266.263 0   285.8 0   265.237 0   265.393 0     9.6 0    46.7 0    85.3 0   -37.3 0    48.1 0    -7.7 0    63.5 0     7.2 0   272.6 0   957.8 0
 2026  15  1 15 19 17 19.283  67.25   109.7 0    25.0 0     0.0 0   109.3 0   251.2 0   266.304 0   266.284 0   286.9 0   265.230 0   265.407 0     9.0 0    46.2 0    84.3 0   -35.7 0    48.7 0    -7.6 0    65.7 0     5.6 0   268.5 0   957.8 0
 2026  15  1 15 19 18 19.300  67.35   110.6 0    25.2 0     0.0 0   110.0 0   253.1 0   266.299 0   266.282 0   287.2 0   265.236 0   265.420 0     8.3 0    46.6 0    84.7 0   -34.1 0    50.6 0    -7.6 0    65.6 0     6.4 0   263.7 0   957.8 0
 2026  15  1 15 19 19 19.317  67.44   110.7 0    25.9 0     0.1 0   110.1 0   256.4 0   266.287 0   266.220 0   286.3 0   265.239 0   265.397 0     7.5 0    46.6 0    84.2 0   -29.9 0    54.3 0    -7.6 0    61.8 0     7.3 0   258.5 0   957.8 0
 2026  15  1 15 19 20 19.333  67.53   115.2 0    27.0 0     0.2 0   114.4 0   257.3 0   266.265 0   266.179 0   285.8 0   265.224 0   265.370 0     7.4 0    48.4 0    87.5 0   -28.5 0    59.0 0    -7.7 0    62.8 0     9.2 0   266.6 0   957.8 0
 2026  15  1 15 19 21 19.350  67.63   109.6 0    25.9 0     0.2 0   109.2 0   259.7 0   266.239 0   266.179 0   285.8 0   265.200 0   265.350 0     6.9 0    46.1 0    83.4 0   -26.1 0    57.3 0    -7.8 0    63.8 0     7.5 0   268.8 0   957.8 0
 2026  15  1 15 19 22 19.367  67.72   109.7 0    25.9 0     0.2 0   108.8 0   259.6 0   266.213 0   266.126 0   285.7 0   265.178 0   265.327 0     6.9 0    46.3 0    83.0 0   -26.0 0    57.0 0    -7.9 0    65.3 0     7.4 0   269.7 0   957.7 0
 2026  15  1 15 19 23 19.383  67.82   108.7 0    25.4 0     0.2 0   108.1 0   260.0 0   266.186 0   266.144 0   286.0 0   265.160 0   265.324 0     6.8 0    45.9 0    82.7 0   -26.0 0    56.7 0    -7.9 0    67.9 0     6.9 0   261.9 0   957.8 0
 2026  15  1 15 19 24 19.400  67.91    99.7 0    23.5 0     0.2 0   100.0 0   260.9 0   266.168 0   266.114 0   285.5 0   265.151 0   265.304 0     6.2 0    41.9 0    76.6 0   -24.6 0    52.0 0    -7.8 0    67.8 0     8.8 0   260.1 0   957.8 0
 2026  15  1 15 19 25 19.417  68.01    88.7 0    21.8 0     0.4 0    89.2 0   261.8 0   266.147 0   266.041 0   284.3 0   265.122 0   265.248 0     5.4 0    37.5 0    67.5 0   -22.5 0    45.0 0    -8.0 0    66.0 0    10.0 0   257.4 0   957.8 0
 2026  15  1 15 19 26 19.433  68.11    93.1 0    23.3 0     0.9 0    91.9 0   260.8 0   266.118 0   266.024 0   284.5 0   265.081 0   265.219 0     5.3 0    39.9 0    68.9 0   -23.6 0    45.3 0    -8.1 0    68.2 0     9.0 0   251.9 0   957.8 0
 2026  15  1 15 19 27 19.450  68.21   125.0 0    30.7 0     1.3 0   120.2 0   255.9 0   266.098 0   266.048 0   284.7 0   265.052 0   265.205 0     6.9 0    54.2 0    90.0 0   -28.9 0    61.2 0    -8.0 0    67.7 0    10.2 0   252.2 0   957.8 0
 2026  15  1 15 19 28 19.467  68.31   163.6 0    39.0 0     1.1 0   159.0 0   250.3 0   266.093 0   266.122 0   285.6 0   265.037 0   265.221 0     8.9 0    69.9 0   120.4 0   -35.2 0    85.2 0    -7.9 0    62.9 0    11.0 0   257.3 0   957.8 0
 2026  15  1 15 19 29 19.483  68.41   175.8 0    41.6 0     5.1 0   172.1 0   248.3 0   266.101 0   266.201 0   286.6 0   265.039 0   265.248 0     9.4 0    74.9 0   132.4 0   -38.3 0    94.1 0    -7.8 0    62.7 0     9.3 0   257.0 0   957.8 0
 2026  15  1 15 19 30 19.500  68.51   173.3 0    41.0 0     2.9 0   172.1 0   248.0 0   266.130 0   266.312 0   287.3 0   265.057 0   265.285 0     9.2 0    73.3 0   132.2 0   -39.3 0    92.8 0    -7.7 0    62.2 0     9.4 0   254.4 0   957.7 0
 2026  15  1 15 19 31 19.517  68.61   160.3 0    37.9 0     0.3 0   161.2 0   248.3 0   266.171 0   266.324 0   287.3 0   265.078 0   265.299 0     8.7 0    67.5 0   123.4 0   -39.1 0    84.4 0    -7.6 0    60.6 0     8.2 0   250.3 0   957.7 0
 2026  15  1 15 19 32 19.533  68.71   145.2 0    34.1 0     0.1 0   146.6 0   249.0 0   266.203 0   266.291 0   287.4 0   265.106 0   265.330 0     8.0 0    61.2 0   112.5 0   -38.5 0    74.0 0    -7.5 0    60.3 0     9.3 0   247.5 0   957.7 0
 2026  15  1 15 19 33 19.550  68.81   130.2 0    30.8 0     0.1 0   131.9 0   250.2 0   266.225 0   266.293 0   286.3 0   265.132 0   265.331 0     7.3 0    55.0 0   101.2 0   -36.1 0    65.1 0    -7.5 0    57.1 0    10.8 0   258.6 0   957.7 0
 2026  15  1 15 19 34 19.567  68.91   115.8 0    27.9 0     0.4 0   117.5 0   251.2 0   266.243 0   266.207 0   285.2 0   265.139 0   265.311 0     6.4 0    49.2 0    89.8 0   -33.9 0    55.8 0    -7.6 0    55.7 0    11.5 0   258.3 0   957.7 0
 2026  15  1 15 19 35 19.583  69.02   107.9 0    26.3 0     0.6 0   109.3 0   252.2 0   266.242 0   266.191 0   285.2 0   265.137 0   265.310 0     5.9 0    46.1 0    83.2 0   -32.9 0    50.3 0    -7.6 0    57.4 0    11.1 0   267.0 0   957.7 0
 2026  15  1 15 19 36 19.600  69.12   105.4 0    25.9 0     0.6 0   106.4 0   252.8 0   266.241 0   266.212 0   285.3 0   265.139 0   265.314 0     5.6 0    45.2 0    80.6 0   -32.5 0    48.1 0    -7.6 0    58.2 0     9.9 0   255.0 0   957.7 0
 2026  15  1 15 19 37 19.617  69.23   107.2 0    26.4 0     0.5 0   107.7 0   253.0 0   266.246 0   266.237 0   285.2 0   265.146 0   265.322 0     5.6 0    46.0 0    81.5 0   -32.1 0    49.4 0    -7.6 0    58.3 0    10.2 0   256.5 0   957.8 0
 2026  15  1 15 19 38 19.633  69.33   113.9 0    27.9 0     0.3 0   113.6 0   253.0 0   266.256 0   266.265 0   285.3 0   265.149 0   265.322 0     5.9 0    48.8 0    85.9 0   -32.4 0    53.5 0    -7.6 0    57.1 0     9.9 0   245.8 0   957.7 0
 2026  15  1 15 19 39 19.650  69.44   124.3 0    29.8 0     0.2 0   123.4 0   252.7 0   266.265 0   266.270 0   285.7 0   265.155 0   265.340 0     6.5 0    53.0 0    93.6 0   -33.0 0    60.6 0    -7.6 0    56.3 0    10.1 0   248.9 0   957.7 0
 2026  15  1 15 19 40 19.667  69.54   128.9 0    30.4 0     0.1 0   128.4 0   252.5 0   266.278 0   266.322 0   286.3 0   265.172 0   265.369 0     6.8 0    54.7 0    98.0 0   -33.8 0    64.3 0    -7.5 0    57.5 0     9.7 0   248.4 0   957.8 0
 2026  15  1 15 19 41 19.683  69.65   123.7 0    29.0 0     0.1 0   124.0 0   253.4 0   266.294 0   266.342 0   286.4 0   265.192 0   265.387 0     6.7 0    52.4 0    95.1 0   -33.0 0    62.0 0    -7.5 0    57.6 0     8.8 0   251.9 0   957.8 0
 2026  15  1 15 19 42 19.700  69.76   112.0 0    26.5 0     0.0 0   113.1 0   255.0 0   266.312 0   266.323 0   285.9 0   265.210 0   265.388 0     6.0 0    47.4 0    86.6 0   -30.9 0    55.7 0    -7.5 0    55.7 0    11.4 0   253.8 0   957.8 0
 2026  15  1 15 19 43 19.717  69.87   104.1 0    25.2 0     0.2 0   104.7 0   256.8 0   266.315 0   266.247 0   285.5 0   265.211 0   265.380 0     5.6 0    44.2 0    79.6 0   -28.7 0    50.9 0    -7.6 0    56.6 0    10.2 0   251.8 0   957.8 0
 2026  15  1 15 19 44 19.733  69.98   106.8 0    26.2 0     0.3 0   106.5 0   258.2 0   266.306 0   266.281 0   286.2 0   265.212 0   265.393 0     5.4 0    45.2 0    80.4 0   -28.0 0    52.4 0    -7.6 0    58.0 0     8.8 0   257.9 0   957.8 0
 2026  15  1 15 19 45 19.750  70.08   122.9 0    31.0 0     0.7 0   120.6 0   259.8 0   266.309 0   266.329 0   286.7 0   265.224 0   265.414 0     5.6 0    51.6 0    89.8 0   -26.9 0    63.0 0    -7.5 0    58.0 0     9.1 0   251.8 0   957.8 0
 2026  15  1 15 19 46 19.767  70.19   184.8 0    49.7 0    85.2 0   155.3 0   257.5 0   266.325 0   266.422 0   288.5 0   265.245 0   265.474 0     6.9 0    76.9 0   134.5 0   -31.0 0   103.5 0    -7.4 0    59.8 0     8.2 0   255.1 0   957.9 0
 2026  15  1 15 19 47 19.783  70.31   238.7 0    66.0 0   193.3 0   176.0 0   256.2 0   266.358 0   266.498 0   289.8 0   265.280 0   265.541 0     7.5 0    97.0 0   175.1 0   -33.6 0   141.5 0    -7.4 0    59.1 0     9.2 0   255.8 0   957.9 0
 2026  15  1 15 19 48 19.800  70.42   279.8 0    77.8 0   229.1 0   204.4 0   255.4 0   266.413 0   266.621 0   291.1 0   265.316 0   265.606 0     8.1 0   113.2 0   203.4 0   -35.7 0   167.7 0    -7.3 0    59.5 0     9.1 0   246.7 0   957.9 0
 2026  15  1 15 19 49 19.817  70.53   423.4 0   122.8 0   526.6 0   257.2 0   253.8 0   266.495 0   266.853 0   294.8 0   265.368 0   265.744 0     9.5 0   170.9 0   309.9 0   -41.0 0   268.9 0    -7.2 0    60.1 0     8.4 0   253.8 0   957.9 0
 2026  15  1 15 19 50 19.833  70.64   505.8 0   147.9 0   833.8 0   251.8 0   242.2 0   266.637 0   267.072 0   297.8 0   265.460 0   265.938 0    11.4 0   202.0 0   380.2 0   -55.7 0   324.6 0    -6.9 0    59.5 0     9.0 0   256.0 0   957.9 0
 2026  15  1 15 19 51 19.850  70.75   469.4 0   138.1 0   860.6 0   211.4 0   231.5 0   266.843 0   267.366 0   299.0 0   265.578 0   266.087 0    12.0 0   189.5 0   357.0 0   -67.5 0   289.5 0    -6.5 0    58.8 0     8.6 0   250.7 0   957.9 0
 2026  15  1 15 19 52 19.867  70.87   394.4 0   114.3 0   723.5 0   179.1 0   223.2 0   267.073 0   267.355 0   297.5 0   265.689 0   266.137 0    11.9 0   160.5 0   302.0 0   -74.3 0   227.6 0    -6.5 0    56.2 0     7.8 0   252.3 0   957.9 0
 2026  15  1 15 19 53 19.883  70.98   180.5 0    45.7 0   119.9 0   149.9 0   215.9 0   267.250 0   267.380 0   294.0 0   265.770 0   266.112 0    10.7 0    76.8 0   143.3 0   -78.1 0    65.2 0    -6.4 0    58.1 0     7.3 0   257.5 0   957.9 0
 2026  15  1 15 19 54 19.900  71.10   172.4 0    45.7 0   115.8 0   142.8 0   212.5 0   267.343 0   267.302 0   291.1 0   265.822 0   266.081 0    10.3 0    75.1 0   134.7 0   -78.6 0    56.1 0    -6.5 0    56.6 0     9.3 0   257.8 0   957.9 0
 2026  15  1 15 19 55 19.917  71.21   157.9 0    41.0 0    72.6 0   140.8 0   211.1 0   267.371 0   267.148 0   288.4 0   265.842 0   266.030 0     9.9 0    68.0 0   123.1 0   -77.3 0    45.8 0    -6.8 0    53.3 0    11.1 0   260.3 0   957.9 0
 2026  15  1 15 19 56 19.933  71.33   129.4 0    31.5 0     1.6 0   132.5 0   213.1 0   267.349 0   267.065 0   286.8 0   265.818 0   265.969 0     9.4 0    56.0 0   101.5 0   -73.7 0    27.9 0    -7.0 0    54.5 0     9.4 0   257.5 0   957.9 0
 2026  15  1 15 19 57 19.950  71.44   132.3 0    31.7 0     0.8 0   133.2 0   219.3 0   267.303 0   267.038 0   286.4 0   265.790 0   265.934 0     9.1 0    56.9 0   101.8 0   -67.1 0    34.7 0    -7.2 0    54.3 0    10.5 0   260.0 0   957.9 0
 2026  15  1 15 19 58 19.967  71.56   144.4 0    34.4 0     0.7 0   143.3 0   228.0 0   267.249 0   266.960 0   286.1 0   265.750 0   265.881 0     8.7 0    60.8 0   109.2 0   -58.1 0    51.2 0    -7.3 0    53.3 0    11.5 0   255.3 0   957.9 0
 2026  15  1 15 19 59 19.983  71.68   152.7 0    35.9 0     0.7 0   151.0 0   235.7 0   267.186 0   266.930 0   286.7 0   265.712 0   265.864 0     8.4 0    63.2 0   115.4 0   -51.0 0    64.4 0    -7.4 0    54.5 0    10.0 0   261.5 0   957.9 0
 2026  15  1 15 20  0 20.000  71.79   154.1 0    36.2 0     0.6 0   152.4 0   240.6 0   267.126 0   266.953 0   287.3 0   265.685 0   265.848 0     7.9 0    63.3 0   116.5 0   -46.7 0    69.8 0    -7.4 0    54.5 0     9.3 0   256.8 0   957.9 0
 2026  15  1 15 20  1 20.017  71.91   149.0 0    34.7 0     0.5 0   148.1 0   242.7 0   267.072 0   266.896 0   287.0 0   265.660 0   265.822 0     7.6 0    60.8 0   113.5 0   -44.3 0    69.3 0    -7.4 0    54.0 0    10.0 0   261.9 0   958.0 0
 2026  15  1 15 20  2 20.033  72.03   133.9 0    31.0 0     0.4 0   133.8 0   244.8 0   267.015 0   266.836 0   286.9 0   265.635 0   265.798 0     7.0 0    54.6 0   102.9 0   -42.1 0    60.9 0    -7.4 0    54.6 0     7.9 0   261.9 0   958.0 0
 2026  15  1 15 20  3 20.050  72.15   117.7 0    27.1 0     0.3 0   117.9 0   248.6 0   266.958 0   266.814 0   287.6 0   265.618 0   265.793 0     6.3 0    48.0 0    90.9 0   -39.0 0    51.9 0    -7.4 0    56.6 0     6.8 0   268.9 0   958.0 0
 2026  15  1 15 20  4 20.067  72.27   106.6 0    24.6 0     0.2 0   106.3 0   252.1 0   266.910 0   266.766 0   287.6 0   265.616 0   265.786 0     5.6 0    44.0 0    81.8 0   -35.4 0    46.4 0    -7.3 0    56.0 0     7.6 0   272.4 0   958.0 0
 2026  15  1 15 20  5 20.083  72.39   102.4 0    23.8 0     0.2 0   101.7 0   254.4 0   266.863 0   266.717 0   286.9 0   265.607 0   265.756 0     5.1 0    42.3 0    78.0 0   -32.5 0    45.5 0    -7.3 0    54.8 0     8.7 0   265.5 0   958.0 0
 2026  15  1 15 20  6 20.100  72.51    92.1 0    21.6 0     0.2 0    92.0 0   256.1 0   266.819 0   266.667 0   286.3 0   265.588 0   265.729 0     4.5 0    38.1 0    70.5 0   -30.2 0    40.3 0    -7.4 0    53.9 0     9.4 0   264.7 0   958.0 0
 2026  15  1 15 20  7 20.117  72.63    81.3 0    19.4 0     0.3 0    81.4 0   258.2 0   266.773 0   266.608 0   286.4 0   265.562 0   265.708 0     3.9 0    33.9 0    62.1 0   -28.1 0    33.9 0    -7.4 0    56.0 0     7.5 0   279.8 0   958.1 0
 2026  15  1 15 20  8 20.133  72.76    83.8 0    20.2 0     0.2 0    82.2 0   259.1 0   266.733 0   266.597 0   286.2 0   265.550 0   265.693 0     4.0 0    35.2 0    62.1 0   -27.1 0    35.0 0    -7.4 0    57.5 0     9.1 0   272.0 0   958.2 0
 2026  15  1 15 20  9 20.150  72.88   102.5 0    24.5 0     0.2 0    99.4 0   255.0 0   266.693 0   266.523 0   285.6 0   265.529 0   265.655 0     4.9 0    42.6 0    75.0 0   -30.7 0    44.3 0    -7.4 0    58.2 0     9.7 0   282.5 0   958.2 0
 2026  15  1 15 20 10 20.167  73.00   108.3 0    25.4 0     0.2 0   106.8 0   243.9 0   266.650 0   266.500 0   285.3 0   265.502 0   265.640 0     5.9 0    44.5 0    81.5 0   -41.4 0    40.1 0    -7.5 0    60.4 0     8.8 0   273.0 0   958.2 0
 2026  15  1 15 20 11 20.183  73.13    94.3 0    22.0 0     0.8 0    94.4 0   239.5 0   266.603 0   266.412 0   284.6 0   265.473 0   265.603 0     5.8 0    39.2 0    72.6 0   -45.1 0    27.5 0    -7.6 0    59.2 0     8.1 0   276.0 0   958.2 0
 2026  15  1 15 20 12 20.200  73.25    81.8 0    19.4 0     0.3 0    82.3 0   249.1 0   266.555 0   266.402 0   285.3 0   265.445 0   265.588 0     4.6 0    34.1 0    63.0 0   -36.2 0    26.8 0    -7.6 0    60.4 0     7.1 0   270.8 0   958.2 0
 2026  15  1 15 20 13 20.217  73.37    79.4 0    19.4 0     0.2 0    78.8 0   257.3 0   266.519 0   266.397 0   285.5 0   265.428 0   265.575 0     3.7 0    33.3 0    59.4 0   -28.2 0    31.2 0    -7.5 0    57.8 0     7.3 0   267.8 0   958.2 0
 2026  15  1 15 20 14 20.233  73.50    98.4 0    24.0 0     0.1 0    95.3 0   257.5 0   266.491 0   266.411 0   286.5 0   265.419 0   265.584 0     3.9 0    41.3 0    71.4 0   -28.9 0    42.5 0    -7.5 0    58.9 0     6.8 0   267.5 0   958.2 0
 2026  15  1 15 20 15 20.250  73.62   121.8 0    28.9 0     0.0 0   118.5 0   253.1 0   266.477 0   266.445 0   287.2 0   265.420 0   265.598 0     4.9 0    50.1 0    89.6 0   -34.2 0    55.5 0    -7.4 0    59.7 0     6.8 0   259.8 0   958.2 0
 2026  15  1 15 20 16 20.267  73.75   117.7 0    27.3 0     0.1 0   116.8 0   247.7 0   266.467 0   266.421 0   287.0 0   265.428 0   265.605 0     5.5 0    48.1 0    89.5 0   -39.3 0    50.2 0    -7.4 0    58.8 0     7.1 0   261.8 0   958.2 0
 2026  15  1 15 20 17 20.283  73.88   102.3 0    23.5 0     0.1 0   102.5 0   248.4 0   266.452 0   266.396 0   286.7 0   265.430 0   265.599 0     5.2 0    42.0 0    79.1 0   -38.3 0    40.8 0    -7.4 0    57.7 0     7.9 0   260.8 0   958.2 0
 2026  15  1 15 20 18 20.300  74.01    85.4 0    19.8 0     0.2 0    86.3 0   251.9 0   266.436 0   266.365 0   285.7 0   265.426 0   265.578 0     4.5 0    35.3 0    66.6 0   -33.8 0    32.8 0    -7.4 0    55.1 0     8.6 0   273.6 0   958.2 0
 2026  15  1 15 20 19 20.317  74.13    72.6 0    17.0 0     0.2 0    73.4 0   255.5 0   266.421 0   266.332 0   285.7 0   265.420 0   265.574 0     3.9 0    30.2 0    56.5 0   -30.2 0    26.4 0    -7.4 0    56.4 0     9.0 0   272.5 0   958.2 0
 2026  15  1 15 20 20 20.333  74.26    63.8 0    15.1 0     0.1 0    64.6 0   260.4 0   266.411 0   266.376 0   285.9 0   265.420 0   265.575 0     3.2 0    26.7 0    49.5 0   -25.5 0    24.0 0    -7.3 0    57.5 0     7.8 0   265.4 0   958.3 0
 2026  15  1 15 20 21 20.350  74.39    57.9 0    14.2 0     0.3 0    58.5 0   263.9 0   266.411 0   266.317 0   285.3 0   265.418 0   265.554 0     2.7 0    24.2 0    44.4 0   -21.4 0    23.0 0    -7.4 0    57.9 0     8.7 0   257.3 0   958.3 0
 2026  15  1 15 20 22 20.367  74.52    62.9 0    15.9 0     0.5 0    61.7 0   262.7 0   266.391 0   266.201 0   283.9 0   265.399 0   265.509 0     2.8 0    26.4 0    46.0 0   -21.2 0    24.8 0    -7.5 0    57.9 0    12.1 0   257.7 0   958.3 0
 2026  15  1 15 20 23 20.383  74.65    75.2 0    18.7 0     0.8 0    73.8 0   258.1 0   266.355 0   266.155 0   283.7 0   265.362 0   265.473 0     3.4 0    31.6 0    55.4 0   -25.6 0    29.8 0    -7.6 0    58.4 0    10.7 0   256.0 0   958.3 0
 2026  15  1 15 20 24 20.400  74.78    77.7 0    19.0 0     0.6 0    77.0 0   255.0 0   266.319 0   266.170 0   284.0 0   265.329 0   265.459 0     3.4 0    32.7 0    58.2 0   -29.0 0    29.2 0    -7.7 0    57.0 0     9.5 0   257.1 0   958.3 0
 2026  15  1 15 20 25 20.417  74.91    79.6 0    19.5 0     0.5 0    78.6 0   255.4 0   266.291 0   266.171 0   284.4 0   265.313 0   265.461 0     3.3 0    33.6 0    59.2 0   -29.0 0    30.2 0    -7.6 0    55.8 0     9.8 0   256.1 0   958.3 0
 2026  15  1 15 20 26 20.433  75.04    92.8 0    22.8 0     0.3 0    90.9 0   254.6 0   266.276 0   266.215 0   284.7 0   265.307 0   265.463 0     3.5 0    39.0 0    68.2 0   -30.1 0    38.1 0    -7.6 0    53.6 0     9.2 0   267.7 0   958.3 0
 2026  15  1 15 20 27 20.450  75.17    97.4 0    23.4 0     0.1 0    96.6 0   253.6 0   266.271 0   266.237 0   285.6 0   265.308 0   265.482 0     3.7 0    40.7 0    73.2 0   -32.0 0    41.2 0    -7.5 0    55.7 0     7.1 0   266.0 0   958.4 0
 2026  15  1 15 20 28 20.467  75.30    92.5 0    21.9 0     0.0 0    92.4 0   253.0 0   266.273 0   266.273 0   286.1 0   265.319 0   265.494 0     3.8 0    38.8 0    70.5 0   -33.1 0    37.4 0    -7.4 0    56.5 0     6.1 0   272.5 0   958.4 0
 2026  15  1 15 20 29 20.483  75.43    91.3 0    21.6 0    -0.1 0    90.7 0   253.2 0   266.284 0   266.296 0   286.1 0   265.330 0   265.504 0     3.9 0    38.3 0    69.2 0   -32.9 0    36.3 0    -7.4 0    56.8 0     6.7 0   273.1 0   958.4 0
 2026  15  1 15 20 30 20.500  75.57    94.7 0    22.5 0    -0.1 0    93.9 0   253.9 0   266.298 0   266.310 0   286.3 0   265.346 0   265.525 0     3.8 0    39.5 0    71.4 0   -32.4 0    39.0 0    -7.3 0    56.3 0     7.2 0   269.5 0   958.4 0
 2026  15  1 15 20 31 20.517  75.70   101.2 0    24.3 0     0.0 0    99.8 0   254.5 0   266.311 0   266.309 0   286.2 0   265.360 0   265.533 0     3.7 0    41.8 0    75.5 0   -31.7 0    43.8 0    -7.3 0    55.0 0     8.5 0   254.2 0   958.4 0
 2026  15  1 15 20 32 20.533  75.83    98.2 0    23.4 0     0.1 0    98.4 0   252.2 0   266.318 0   266.286 0   285.5 0   265.370 0   265.534 0     3.9 0    39.9 0    75.1 0   -33.4 0    41.7 0    -7.4 0    54.9 0    11.1 0   257.0 0   958.3 0
 2026  15  1 15 20 33 20.550  75.97    81.6 0    19.3 0     0.2 0    82.7 0   246.4 0   266.317 0   266.238 0   284.5 0   265.368 0   265.515 0     4.0 0    33.8 0    63.4 0   -38.1 0    25.3 0    -7.4 0    55.6 0     9.4 0   274.1 0   958.4 0
 2026  15  1 15 20 34 20.567  76.10    77.1 0    18.7 0     0.3 0    77.5 0   249.7 0   266.306 0   266.198 0   284.2 0   265.354 0   265.489 0     3.7 0    32.2 0    58.9 0   -34.6 0    24.3 0    -7.5 0    55.2 0     9.1 0   272.5 0   958.5 0
 2026  15  1 15 20 35 20.583  76.24    77.8 0    19.5 0     1.5 0    77.6 0   251.9 0   266.292 0   266.202 0   284.3 0   265.338 0   265.477 0     3.5 0    32.5 0    58.5 0   -32.4 0    26.1 0    -7.5 0    56.5 0     8.6 0   270.4 0   958.5 0
 2026  15  1 15 20 36 20.600  76.37    97.6 0    26.5 0    58.2 0    85.0 0   246.2 0   266.283 0   266.195 0   284.0 0   265.323 0   265.466 0     3.8 0    40.7 0    72.1 0   -37.8 0    34.3 0    -7.6 0    58.6 0    10.0 0   273.4 0   958.5 0
 2026  15  1 15 20 37 20.617  76.51   100.4 0    26.4 0    48.2 0    90.2 0   245.8 0   266.277 0   266.180 0   284.1 0   265.306 0   265.456 0     3.9 0    42.0 0    75.1 0   -38.3 0    36.8 0    -7.6 0    59.3 0     8.4 0   266.8 0   958.6 0
 2026  15  1 15 20 38 20.633  76.65    94.3 0    23.6 0     3.9 0    93.6 0   250.1 0   266.272 0   266.206 0   284.8 0   265.294 0   265.457 0     3.7 0    39.2 0    70.9 0   -34.7 0    36.1 0    -7.6 0    58.0 0     8.6 0   260.1 0   958.6 0
 2026  15  1 15 20 39 20.650  76.78    96.0 0    23.8 0     0.3 0    96.2 0   251.6 0   266.267 0   266.195 0   284.3 0   265.287 0   265.441 0     3.6 0    39.3 0    72.5 0   -32.7 0    39.8 0    -7.6 0    55.3 0    11.3 0   260.5 0   958.6 0
 2026  15  1 15 20 40 20.667  76.92    87.0 0    21.3 0     0.3 0    88.1 0   250.9 0   266.261 0   266.181 0   284.3 0   265.278 0   265.433 0     3.5 0    35.8 0    66.8 0   -33.4 0    33.5 0    -7.6 0    55.8 0    10.6 0   257.8 0   958.6 0
 2026  15  1 15 20 41 20.683  77.06    83.0 0    20.2 0     0.2 0    83.4 0   248.1 0   266.258 0   266.210 0   284.2 0   265.272 0   265.427 0     3.5 0    34.7 0    63.3 0   -36.2 0    27.1 0    -7.5 0    55.8 0     9.5 0   265.8 0   958.6 0
 2026  15  1 15 20 42 20.700  77.19    85.2 0    20.5 0     0.1 0    85.1 0   247.8 0   266.260 0   266.199 0   284.2 0   265.271 0   265.427 0     3.4 0    35.6 0    64.6 0   -36.4 0    28.3 0    -7.5 0    54.2 0     9.5 0   258.1 0   958.6 0
 2026  15  1 15 20 43 20.717  77.33    83.0 0    19.9 0     0.1 0    83.2 0   250.0 0   266.259 0   266.206 0   284.6 0   265.272 0   265.435 0     3.1 0    34.5 0    63.3 0   -34.6 0    28.7 0    -7.5 0    54.3 0     9.0 0   255.2 0   958.6 0
 2026  15  1 15 20 44 20.733  77.47    79.3 0    19.1 0     0.3 0    79.6 0   250.6 0   266.259 0   266.184 0   284.1 0   265.274 0   265.426 0     2.9 0    32.8 0    60.6 0   -33.5 0    27.1 0    -7.5 0    53.2 0     9.3 0   250.3 0   958.6 0
 2026  15  1 15 20 45 20.750  77.61    72.7 0    17.4 0     0.3 0    73.3 0   251.6 0   266.254 0   266.178 0   284.5 0   265.275 0   265.433 0     2.8 0    30.2 0    55.9 0   -32.9 0    23.0 0    -7.5 0    54.8 0     8.4 0   252.1 0   958.6 0
 2026  15  1 15 20 46 20.767  77.75    65.9 0    15.9 0     0.2 0    66.7 0   252.8 0   266.248 0   266.155 0   283.9 0   265.275 0   265.417 0     2.6 0    27.5 0    50.8 0   -31.1 0    19.6 0    -7.5 0    53.7 0     9.7 0   253.6 0   958.7 0
 2026  15  1 15 20 47 20.783  77.89    61.8 0    15.0 0     0.3 0    62.2 0   253.1 0   266.237 0   266.092 0   283.7 0   265.268 0   265.406 0     2.5 0    25.9 0    47.3 0   -30.6 0    16.7 0    -7.5 0    52.9 0    10.2 0   257.5 0   958.7 0
 2026  15  1 15 20 48 20.800  78.03    59.8 0    14.3 0     0.3 0    60.1 0   252.4 0   266.218 0   266.087 0   283.8 0   265.261 0   265.404 0     2.5 0    25.1 0    45.9 0   -31.4 0    14.5 0    -7.5 0    53.2 0     8.2 0   259.6 0   958.7 0
 2026  15  1 15 20 49 20.817  78.17    56.7 0    13.4 0     0.2 0    57.1 0   251.4 0   266.205 0   266.105 0   283.8 0   265.258 0   265.401 0     2.5 0    23.8 0    43.8 0   -32.3 0    11.5 0    -7.5 0    53.1 0     8.8 0   267.1 0   958.8 0
 2026  15  1 15 20 50 20.833  78.31    51.8 0    12.2 0     0.3 0    52.4 0   250.6 0   266.197 0   266.078 0   283.2 0   265.255 0   265.388 0     2.4 0    21.9 0    40.2 0   -32.6 0     7.6 0    -7.5 0    51.3 0    10.0 0   264.7 0   958.8 0
 2026  15  1 15 20 51 20.850  78.45    47.8 0    11.4 0     0.4 0    48.4 0   252.9 0   266.187 0   266.068 0   283.4 0   265.246 0   265.385 0     2.1 0    20.3 0    37.1 0   -30.6 0     6.5 0    -7.5 0    53.3 0     8.7 0   258.8 0   958.8 0
 2026  15  1 15 20 52 20.867  78.60    46.8 0    11.5 0     3.9 0    46.7 0   254.3 0   266.178 0   266.080 0   283.7 0   265.245 0   265.390 0     1.9 0    19.9 0    36.0 0   -29.4 0     6.6 0    -7.5 0    54.1 0     8.6 0   256.9 0   958.8 0
 2026  15  1 15 20 53 20.883  78.74    49.6 0    12.4 0     7.4 0    48.4 0   254.0 0   266.173 0   266.049 0   283.6 0   265.247 0   265.388 0     1.9 0    21.0 0    37.5 0   -29.5 0     8.0 0    -7.5 0    53.8 0     8.6 0   260.6 0   958.8 0
 2026  15  1 15 20 54 20.900  78.88    47.0 0    11.5 0     0.9 0    47.6 0   253.4 0   266.163 0   266.029 0   283.1 0   265.244 0   265.376 0     2.0 0    19.7 0    36.3 0   -29.7 0     6.6 0    -7.5 0    53.5 0    10.9 0   260.5 0   958.9 0
 2026  15  1 15 20 55 20.917  79.02    42.9 0    10.5 0     0.2 0    43.7 0   253.5 0   266.149 0   265.985 0   282.7 0   265.231 0   265.352 0     1.9 0    18.2 0    33.3 0   -29.3 0     4.0 0    -7.6 0    54.7 0    11.0 0   268.6 0   958.9 0
 2026  15  1 15 20 56 20.933  79.17    38.7 0     9.6 0     0.3 0    39.6 0   254.2 0   266.131 0   265.954 0   282.7 0   265.215 0   265.337 0     1.7 0    16.6 0    30.1 0   -28.5 0     1.6 0    -7.6 0    54.9 0    10.7 0   254.4 0   958.9 0
 2026  15  1 15 20 57 20.950  79.31    36.7 0     9.2 0     0.3 0    37.4 0   254.3 0   266.109 0   265.931 0   282.4 0   265.196 0   265.314 0     1.5 0    15.8 0    28.2 0   -28.1 0     0.1 0    -7.6 0    54.7 0    10.7 0   264.8 0   958.9 0
 2026  15  1 15 20 58 20.967  79.46    37.8 0     9.4 0     0.2 0    38.2 0   254.1 0   266.089 0   265.925 0   282.6 0   265.179 0   265.305 0     1.5 0    16.2 0    28.8 0   -28.6 0     0.3 0    -7.7 0    55.9 0     9.6 0   262.9 0   958.9 0
 2026  15  1 15 20 59 20.983  79.60    40.0 0     9.8 0     0.2 0    40.2 0   253.3 0   266.071 0   265.903 0   282.4 0   265.167 0   265.290 0     1.6 0    17.1 0    30.4 0   -29.1 0     1.3 0    -7.6 0    54.8 0    11.1 0   258.3 0   958.9 0
 2026  15  1 15 21  0 21.000  79.75    39.8 0     9.8 0     0.2 0    40.2 0   253.3 0   266.051 0   265.885 0   282.4 0   265.151 0   265.274 0     1.6 0    16.9 0    30.5 0   -29.1 0     1.4 0    -7.7 0    55.0 0    10.2 0   260.2 0   958.9 0
 2026  15  1 15 21  1 21.017  79.89    38.0 0     9.3 0     0.2 0    38.5 0   253.2 0   266.034 0   265.875 0   282.3 0   265.137 0   265.261 0     1.5 0    16.2 0    29.2 0   -29.1 0     0.1 0    -7.7 0    53.6 0    10.6 0   260.8 0   959.0 0
 2026  15  1 15 21  2 21.033  80.04    37.1 0     9.1 0     0.1 0    37.5 0   253.2 0   266.016 0   265.865 0   282.3 0   265.121 0   265.246 0     1.4 0    15.8 0    28.4 0   -29.0 0    -0.6 0    -7.7 0    54.4 0     8.6 0   260.6 0   959.0 0
 2026  15  1 15 21  3 21.050  80.18    36.4 0     8.8 0     0.1 0    36.8 0   253.5 0   266.002 0   265.864 0   282.5 0   265.110 0   265.238 0     1.4 0    15.4 0    28.1 0   -29.0 0    -0.9 0    -7.7 0    55.0 0     9.6 0   256.4 0   959.0 0
 2026  15  1 15 21  4 21.067  80.33    33.4 0     8.1 0     0.1 0    34.1 0   254.1 0   265.989 0   265.849 0   282.3 0   265.101 0   265.228 0     1.3 0    14.2 0    26.0 0   -28.3 0    -2.3 0    -7.7 0    55.0 0     9.4 0   262.1 0   959.0 0
 2026  15  1 15 21  5 21.083  80.48    30.1 0     7.3 0     0.1 0    31.0 0   255.2 0   265.977 0   265.836 0   282.4 0   265.093 0   265.221 0     1.2 0    12.9 0    23.7 0   -27.2 0    -3.5 0    -7.7 0    55.2 0     9.2 0   267.2 0   959.0 0
 2026  15  1 15 21  6 21.100  80.62    25.9 0     6.4 0     0.1 0    26.9 0   256.6 0   265.964 0   265.817 0   282.3 0   265.085 0   265.212 0     1.0 0    11.1 0    20.5 0   -25.7 0    -5.2 0    -7.7 0    55.1 0     8.1 0   258.7 0   959.0 0
 2026  15  1 15 21  7 21.117  80.77    24.1 0     6.0 0     0.1 0    25.0 0   257.7 0   265.953 0   265.828 0   282.6 0   265.081 0   265.217 0     0.9 0    10.5 0    19.0 0   -24.9 0    -6.0 0    -7.6 0    57.1 0     7.6 0   259.4 0   959.0 0
 2026  15  1 15 21  8 21.133  80.92    27.1 0     6.8 0     0.1 0    27.4 0   257.4 0   265.946 0   265.809 0   282.5 0   265.081 0   265.213 0     1.0 0    11.7 0    20.6 0   -25.1 0    -4.5 0    -7.6 0    56.2 0     8.4 0   259.8 0   959.0 0
 2026  15  1 15 21  9 21.150  81.07    35.9 0     8.7 0     0.0 0    35.4 0   254.9 0   265.940 0   265.830 0   282.8 0   265.083 0   265.221 0     1.3 0    15.2 0    26.6 0   -27.9 0    -1.3 0    -7.6 0    56.3 0     7.4 0   263.8 0   959.0 0
 2026  15  1 15 21 10 21.167  81.21    41.5 0     9.8 0     0.0 0    41.4 0   252.2 0   265.939 0   265.850 0   282.9 0   265.086 0   265.229 0     1.5 0    17.2 0    31.5 0   -30.7 0     0.8 0    -7.6 0    55.6 0     9.2 0   259.1 0   959.0 0
 2026  15  1 15 21 11 21.183  81.36    37.1 0     8.6 0     0.0 0    37.8 0   252.0 0   265.943 0   265.850 0   282.9 0   265.094 0   265.238 0     1.4 0    15.4 0    29.2 0   -30.9 0    -1.7 0    -7.6 0    55.3 0     9.5 0   244.9 0   958.9 0
 2026  15  1 15 21 12 21.200  81.51    29.6 0     7.0 0     0.1 0    30.8 0   253.6 0   265.944 0   265.829 0   282.6 0   265.100 0   265.237 0     1.2 0    12.6 0    23.9 0   -29.0 0    -5.1 0    -7.6 0    54.8 0    10.1 0   262.2 0   959.0 0
 2026  15  1 15 21 13 21.217  81.66    24.1 0     5.8 0     0.1 0    25.4 0   255.2 0   265.945 0   265.818 0   282.4 0   265.103 0   265.235 0     1.0 0    10.5 0    19.6 0   -27.2 0    -7.6 0    -7.6 0    54.6 0     9.6 0   266.2 0   959.1 0
 2026  15  1 15 21 14 21.233  81.81    21.5 0     5.4 0     0.1 0    22.7 0   257.3 0   265.941 0   265.805 0   282.3 0   265.103 0   265.231 0     0.8 0     9.4 0    17.3 0   -25.0 0    -7.7 0    -7.6 0    54.6 0     7.9 0   275.1 0   959.1 0
 2026  15  1 15 21 15 21.250  81.96    21.7 0     5.7 0     0.1 0    22.5 0   258.1 0   265.933 0   265.788 0   282.1 0   265.100 0   265.220 0     0.8 0     9.5 0    16.9 0   -23.9 0    -7.1 0    -7.6 0    54.2 0     9.8 0   268.2 0   959.1 0
 2026  15  1 15 21 16 21.267  82.11    29.9 0     8.0 0     0.1 0    29.5 0   256.3 0   265.923 0   265.759 0   281.8 0   265.090 0   265.204 0     0.9 0    12.7 0    21.5 0   -25.6 0    -4.0 0    -7.7 0    55.0 0    11.0 0   263.3 0   959.1 0
 2026  15  1 15 21 17 21.283  82.26    44.3 0    11.5 0     0.1 0    43.2 0   252.7 0   265.911 0   265.767 0   281.9 0   265.072 0   265.195 0     1.1 0    17.7 0    31.7 0   -29.2 0     2.5 0    -7.8 0    55.1 0     9.7 0   262.9 0   959.1 0
 2026  15  1 15 21 18 21.300  82.41    47.8 0    11.9 0     0.1 0    47.6 0   248.9 0   265.903 0   265.786 0   282.4 0   265.064 0   265.207 0     1.2 0    18.8 0    35.7 0   -33.5 0     2.2 0    -7.7 0    56.1 0     8.8 0   260.1 0   959.1 0
 2026  15  1 15 21 19 21.317  82.56    43.9 0    10.7 0     0.1 0    44.3 0   246.4 0   265.898 0   265.778 0   282.2 0   265.066 0   265.208 0     1.3 0    17.6 0    33.6 0   -35.8 0    -2.2 0    -7.7 0    55.2 0     9.8 0   262.5 0   959.2 0
 2026  15  1 15 21 20 21.333  82.71    40.2 0     9.8 0     0.0 0    41.0 0   246.5 0   265.897 0   265.796 0   282.2 0   265.070 0   265.209 0     1.3 0    16.3 0    31.3 0   -35.7 0    -4.4 0    -7.6 0    54.7 0     8.7 0   277.3 0   959.2 0
 2026  15  1 15 21 21 21.350  82.86    38.0 0     9.3 0     0.0 0    38.8 0   248.4 0   265.898 0   265.787 0   282.3 0   265.071 0   265.209 0     1.3 0    15.7 0    29.5 0   -33.9 0    -4.4 0    -7.6 0    54.6 0     7.2 0   271.2 0   959.2 0
 2026  15  1 15 21 22 21.367  83.02    37.1 0     9.0 0     0.0 0    37.9 0   247.5 0   265.898 0   265.795 0   282.4 0   265.074 0   265.215 0     1.3 0    15.5 0    28.9 0   -34.9 0    -6.0 0    -7.6 0    54.4 0     7.6 0   268.8 0   959.3 0
 2026  15  1 15 21 23 21.383  83.17    36.4 0     8.7 0     0.0 0    37.1 0   242.8 0   265.899 0   265.780 0   282.0 0   265.078 0   265.211 0     1.3 0    15.5 0    28.5 0   -39.2 0   -10.7 0    -7.6 0    53.9 0     7.8 0   279.0 0   959.3 0
 2026  15  1 15 21 24 21.400  83.32    34.8 0     8.2 0     0.0 0    35.6 0   239.1 0   265.897 0   265.744 0   281.5 0   265.076 0   265.201 0     1.4 0    14.9 0    27.4 0   -42.4 0   -14.9 0    -7.6 0    53.0 0     9.4 0   272.7 0   959.2 0
 2026  15  1 15 21 25 21.417  83.47    30.5 0     7.0 0     0.1 0    31.6 0   237.5 0   265.888 0   265.718 0   281.0 0   265.068 0   265.186 0     1.3 0    13.4 0    24.6 0   -43.5 0   -18.8 0    -7.7 0    52.0 0     9.3 0   272.7 0   959.2 0
 2026  15  1 15 21 26 21.433  83.63    26.2 0     6.1 0     0.1 0    27.5 0   239.0 0   265.876 0   265.698 0   280.8 0   265.055 0   265.171 0     1.2 0    11.9 0    21.4 0   -41.8 0   -20.4 0    -7.7 0    51.8 0     8.8 0   273.8 0   959.2 0
 2026  15  1 15 21 27 21.450  83.78    23.9 0     5.6 0     0.1 0    25.1 0   245.3 0   265.863 0   265.696 0   281.1 0   265.043 0   265.163 0     1.1 0    10.7 0    19.4 0   -35.8 0   -16.4 0    -7.7 0    52.5 0     8.4 0   267.3 0   959.2 0
 2026  15  1 15 21 28 21.467  83.93    21.9 0     5.3 0     0.1 0    23.0 0   250.6 0   265.851 0   265.693 0   281.4 0   265.035 0   265.158 0     0.9 0     9.7 0    17.8 0   -30.8 0   -13.1 0    -7.7 0    52.9 0     8.1 0   256.1 0   959.1 0
 2026  15  1 15 21 29 21.483  84.08    20.3 0     5.0 0     0.1 0    21.4 0   253.7 0   265.842 0   265.717 0   281.8 0   265.029 0   265.157 0     0.8 0     8.9 0    16.5 0   -28.2 0   -11.7 0    -7.7 0    54.4 0     7.5 0   259.1 0   959.2 0
 2026  15  1 15 21 30 21.500  84.24    18.9 0     4.7 0     0.1 0    20.0 0   254.9 0   265.841 0   265.712 0   281.9 0   265.028 0   265.154 0     0.7 0     8.2 0    15.4 0   -26.9 0   -11.6 0    -7.7 0    55.3 0     8.4 0   259.2 0   959.2 0
 2026  15  1 15 21 31 21.517  84.39    17.1 0     4.4 0     0.2 0    18.1 0   256.4 0   265.834 0   265.661 0   281.5 0   265.022 0   265.138 0     0.6 0     7.4 0    13.7 0   -25.1 0   -11.4 0    -7.7 0    56.3 0     9.7 0   256.8 0   959.2 0
 2026  15  1 15 21 32 21.533  84.55    16.2 0     4.3 0     0.3 0    17.1 0   257.5 0   265.819 0   265.637 0   281.5 0   265.011 0   265.126 0     0.5 0     7.0 0    12.8 0   -24.0 0   -11.1 0    -7.8 0    57.5 0     9.8 0   262.7 0   959.2 0
 2026  15  1 15 21 33 21.550  84.70    15.5 0     4.3 0     0.3 0    16.4 0   258.3 0   265.801 0   265.616 0   281.2 0   264.996 0   265.102 0     0.5 0     6.7 0    12.2 0   -22.8 0   -10.6 0    -7.8 0    56.7 0    10.1 0   268.0 0   959.3 0
 2026  15  1 15 21 34 21.567  84.85    15.4 0     4.3 0     0.2 0    16.2 0   257.6 0   265.782 0   265.587 0   280.8 0   264.974 0   265.074 0     0.5 0     6.7 0    11.9 0   -23.2 0   -11.3 0    -7.9 0    57.6 0    11.4 0   268.0 0   959.3 0
 2026  15  1 15 21 35 21.583  85.01    16.4 0     4.6 0     0.3 0    17.1 0   256.8 0   265.759 0   265.551 0   280.4 0   264.945 0   265.041 0     0.6 0     7.1 0    12.5 0   -23.6 0   -11.0 0    -8.0 0    58.6 0    10.8 0   264.7 0   959.3 0
 2026  15  1 15 21 36 21.600  85.16    17.7 0     4.9 0     0.3 0    18.3 0   254.4 0   265.731 0   265.513 0   280.1 0   264.910 0   265.004 0     0.6 0     7.7 0    13.5 0   -25.7 0   -12.2 0    -8.1 0    59.8 0     9.4 0   265.6 0   959.3 0
 2026  15  1 15 21 37 21.617  85.32    17.0 0     4.5 0     0.3 0    17.7 0   253.8 0   265.701 0   265.498 0   280.4 0   264.878 0   264.984 0     0.6 0     7.4 0    13.3 0   -26.5 0   -13.3 0    -8.1 0    61.2 0     8.0 0   270.1 0   959.3 0
 2026  15  1 15 21 38 21.633  85.47    14.9 0     4.0 0     0.2 0    15.8 0   255.7 0   265.675 0   265.493 0   280.5 0   264.857 0   264.970 0     0.5 0     6.5 0    11.8 0   -24.8 0   -13.0 0    -8.1 0    61.0 0     7.7 0   265.9 0   959.3 0
 2026  15  1 15 21 39 21.650  85.62    13.8 0     3.7 0     0.1 0    14.7 0   255.0 0   265.654 0   265.480 0   280.5 0   264.842 0   264.956 0     0.4 0     6.1 0    11.0 0   -25.5 0   -14.5 0    -8.0 0    61.7 0     7.3 0   272.6 0   959.3 0
 2026  15  1 15 21 40 21.667  85.78    13.4 0     3.7 0     0.1 0    14.2 0   254.6 0   265.635 0   265.463 0   280.6 0   264.828 0   264.944 0     0.4 0     5.9 0    10.6 0   -26.0 0   -15.4 0    -8.0 0    60.6 0     7.5 0   266.8 0   959.3 0
 2026  15  1 15 21 41 21.683  85.93    13.7 0     3.6 0     0.1 0    14.4 0   253.3 0   265.620 0   265.456 0   280.5 0   264.818 0   264.936 0     0.4 0     6.0 0    10.8 0   -27.2 0   -16.4 0    -8.0 0    58.5 0     7.6 0   266.0 0   959.3 0
 2026  15  1 15 21 42 21.700  86.09    13.9 0     3.6 0     0.1 0    14.7 0   251.9 0   265.608 0   265.459 0   280.5 0   264.809 0   264.933 0     0.4 0     6.1 0    11.1 0   -28.6 0   -17.5 0    -7.9 0    57.4 0     7.0 0   262.8 0   959.3 0
 2026  15  1 15 21 43 21.717  86.24    13.0 0     3.2 0     0.0 0    13.9 0   251.2 0   265.600 0   265.464 0   280.6 0   264.808 0   264.937 0     0.4 0     5.8 0    10.7 0   -29.4 0   -18.8 0    -7.9 0    57.5 0     7.9 0   272.0 0   959.4 0
 2026  15  1 15 21 44 21.733  86.39    10.7 0     2.6 0     0.0 0    11.8 0   251.1 0   265.597 0   265.454 0   280.4 0   264.809 0   264.933 0     0.4 0     5.1 0     9.2 0   -29.4 0   -20.1 0    -7.9 0    56.2 0     7.8 0   269.7 0   959.3 0
 2026  15  1 15 21 45 21.750  86.55     8.9 0     2.1 0     0.0 0    10.0 0   250.6 0   265.593 0   265.443 0   280.4 0   264.808 0   264.932 0     0.4 0     4.6 0     7.9 0   -29.8 0   -21.9 0    -7.9 0    55.8 0     8.4 0   271.4 0   959.3 0
 2026  15  1 15 21 46 21.767  86.70     8.1 0     1.8 0     0.0 0     9.2 0   249.0 0   265.589 0   265.439 0   280.3 0   264.807 0   264.930 0     0.4 0     4.5 0     7.4 0   -31.3 0   -23.9 0    -7.9 0    55.3 0     7.9 0   267.0 0   959.3 0
 2026  15  1 15 21 47 21.783  86.86     7.5 0     1.6 0     0.0 0     8.6 0   249.0 0   265.586 0   265.429 0   280.3 0   264.807 0   264.930 0     0.4 0     4.3 0     7.0 0   -31.2 0   -24.2 0    -7.9 0    55.7 0     8.6 0   275.1 0   959.3 0
 2026  15  1 15 21 48 21.800  87.01     6.8 0     1.5 0     0.0 0     7.9 0   249.2 0   265.581 0   265.416 0   280.1 0   264.805 0   264.922 0     0.4 0     4.1 0     6.4 0   -30.9 0   -24.5 0    -7.9 0    54.7 0     9.5 0   276.2 0   959.3 0
 2026  15  1 15 21 49 21.817  87.16     6.0 0     1.3 0     0.0 0     7.2 0   249.0 0   265.576 0   265.413 0   280.0 0   264.801 0   264.919 0     0.3 0     3.8 0     5.9 0   -31.0 0   -25.1 0    -7.9 0    54.6 0     7.6 0   271.5 0   959.3 0
 2026  15  1 15 21 50 21.833  87.32     5.0 0     1.1 0     0.0 0     6.3 0   250.4 0   265.571 0   265.411 0   280.1 0   264.798 0   264.918 0     0.3 0     3.3 0     5.2 0   -29.7 0   -24.5 0    -7.9 0    55.5 0     7.8 0   268.9 0   959.3 0
 2026  15  1 15 21 51 21.850  87.47     4.1 0     0.9 0     0.0 0     5.4 0   252.1 0   265.567 0   265.424 0   280.3 0   264.798 0   264.920 0     0.2 0     2.8 0     4.5 0   -28.3 0   -23.8 0    -7.9 0    56.4 0     7.0 0   274.5 0   959.3 0
 2026  15  1 15 21 52 21.867  87.62     3.9 0     0.9 0     0.0 0     5.1 0   252.4 0   265.566 0   265.412 0   280.3 0   264.798 0   264.918 0     0.2 0     2.7 0     4.1 0   -27.9 0   -23.8 0    -7.9 0    55.0 0     8.8 0   269.7 0   959.4 0
 2026  15  1 15 21 53 21.883  87.77     4.0 0     0.9 0     0.1 0     5.1 0   251.6 0   265.562 0   265.407 0   280.2 0   264.797 0   264.915 0     0.2 0     2.8 0     4.2 0   -28.6 0   -24.4 0    -7.9 0    54.6 0     8.3 0   253.6 0   959.3 0
 2026  15  1 15 21 54 21.900  87.92     4.0 0     0.9 0     0.1 0     5.2 0   250.9 0   265.559 0   265.399 0   280.3 0   264.795 0   264.917 0     0.2 0     2.8 0     4.3 0   -29.3 0   -25.1 0    -7.9 0    54.7 0     9.3 0   255.2 0   959.3 0
 2026  15  1 15 21 55 21.917  88.07     3.9 0     0.8 0     0.1 0     5.1 0   250.1 0   265.557 0   265.411 0   280.3 0   264.799 0   264.925 0     0.2 0     2.8 0     4.3 0   -30.2 0   -25.9 0    -7.8 0    55.2 0     7.4 0   282.6 0   959.3 0
 2026  15  1 15 21 56 21.933  88.22     3.8 0     0.9 0     0.0 0     5.1 0   249.0 0   265.558 0   265.414 0   280.0 0   264.801 0   264.920 0     0.2 0     2.7 0     4.2 0   -30.9 0   -26.8 0    -7.8 0    54.2 0     5.4 0   273.7 0   959.4 0
 2026  15  1 15 21 57 21.950  88.37     3.6 0     0.9 0     0.2 0     4.9 0   248.4 0   265.560 0   265.416 0   280.1 0   264.801 0   264.920 0     0.2 0     2.6 0     4.0 0   -31.7 0   -27.7 0    -7.8 0    54.3 0     7.2 0   261.9 0   959.4 0
 2026  15  1 15 21 58 21.967  88.51     3.4 0     0.9 0     0.2 0     4.6 0   248.6 0   265.559 0   265.394 0   279.9 0   264.798 0   264.913 0     0.2 0     2.4 0     3.7 0   -31.3 0   -27.7 0    -7.9 0    53.8 0     7.8 0   258.0 0   959.4 0
 2026  15  1 15 21 59 21.983  88.66     3.0 0     0.8 0     0.2 0     4.2 0   249.5 0   265.555 0   265.400 0   280.1 0   264.794 0   264.912 0     0.1 0     2.2 0     3.4 0   -30.5 0   -27.1 0    -7.9 0    55.8 0     7.1 0   254.7 0   959.4 0
 2026  15  1 15 22  0 22.000  88.80     2.5 0     0.7 0     0.1 0     3.8 0   250.6 0   265.554 0   265.400 0   280.2 0   264.792 0   264.910 0     0.1 0     1.9 0     3.1 0   -29.6 0   -26.6 0    -7.9 0    56.4 0     8.2 0   254.4 0   959.4 0
 2026  15  1 15 22  1 22.017  88.94     2.1 0     0.7 0     0.1 0     3.4 0   251.6 0   265.552 0   265.391 0   280.2 0   264.789 0   264.904 0     0.1 0     1.7 0     2.7 0   -28.5 0   -25.8 0    -7.9 0    56.3 0     8.4 0   253.7 0   959.4 0
 2026  15  1 15 22  2 22.033  89.08     2.0 0     0.8 0     0.2 0     3.2 0   251.3 0   265.546 0   265.355 0   279.9 0   264.783 0   264.894 0     0.1 0     1.6 0     2.4 0   -28.6 0   -26.1 0    -7.9 0    54.8 0     8.0 0   257.3 0   959.4 0
 2026  15  1 15 22  3 22.050  89.22     2.2 0     0.8 0     0.2 0     3.4 0   249.1 0   265.534 0   265.351 0   279.7 0   264.773 0   264.885 0     0.1 0     1.7 0     2.5 0   -30.6 0   -28.1 0    -8.0 0    54.5 0     7.2 0   259.9 0   959.4 0
 2026  15  1 15 22  4 22.067  89.35     2.5 0     0.8 0     0.2 0     3.6 0   245.2 0   265.526 0   265.351 0   279.5 0   264.765 0   264.880 0     0.1 0     1.8 0     2.8 0   -34.3 0   -31.5 0    -8.0 0    55.4 0     6.7 0   258.2 0   959.5 0
 2026  15  1 15 22  5 22.083  89.48     2.4 0     0.8 0     0.1 0     3.6 0   244.0 0   265.519 0   265.332 0   279.5 0   264.760 0   264.872 0     0.1 0     1.7 0     2.8 0   -35.6 0   -32.8 0    -7.9 0    54.9 0    10.1 0   264.4 0   959.5 0
 2026  15  1 15 22  6 22.100  89.61     2.2 0     0.8 0     0.1 0     3.4 0   245.8 0   265.512 0   265.327 0   279.5 0   264.753 0   264.867 0     0.1 0     1.6 0     2.6 0   -33.7 0   -31.1 0    -8.0 0    55.5 0     8.1 0   260.6 0   959.5 0
 2026  15  1 15 22  7 22.117  89.74     1.9 0     0.7 0     0.1 0     3.2 0   246.7 0   265.504 0   265.325 0   279.5 0   264.746 0   264.861 0     0.1 0     1.5 0     2.4 0   -32.8 0   -30.4 0    -8.0 0    56.0 0     7.6 0   259.5 0   959.5 0
 2026  15  1 15 22  8 22.133  89.86     1.6 0     0.7 0     0.0 0     2.9 0   248.0 0   265.497 0   265.320 0   279.5 0   264.742 0   264.856 0     0.0 0     1.3 0     2.2 0   -31.5 0   -29.3 0    -8.0 0    56.3 0     6.7 0   268.9 0   959.5 0
 2026  15  1 15 22  9 22.150  89.97     1.5 0     0.7 0     0.0 0     2.7 0   249.1 0   265.489 0   265.306 0   279.5 0   264.735 0   264.847 0     0.0 0     1.2 0     2.0 0   -30.4 0   -28.4 0    -8.0 0    54.7 0     8.3 0   269.8 0   959.5 0
 2026  15  1 15 22 10 22.167  90.90     1.6 0     0.8 0     0.1 0     2.8 0   247.4 0   265.479 0   265.294 0   279.4 0   264.727 0   264.839 0     0.0 0     1.2 0     2.0 0   -32.0 0   -30.0 0    -8.0 0    54.5 0     7.2 0   262.4 0   959.5 0
 2026  15  1 15 22 11 22.183  91.06     1.5 0     0.8 0     0.1 0     2.7 0   243.9 0   265.472 0   265.295 0   279.2 0   264.719 0   264.829 0     0.0 0     1.2 0     2.0 0   -35.3 0   -33.3 0    -8.0 0    55.0 0     8.7 0   252.0 0   959.4 0
 2026  15  1 15 22 12 22.200  91.23     1.4 0     0.8 0     0.1 0     2.7 0   242.1 0   265.463 0   265.243 0   278.9 0   264.707 0   264.813 0     0.0 0     1.1 0     1.9 0   -36.8 0   -34.9 0    -8.0 0    54.5 0     8.9 0   256.0 0   959.4 0
 2026  15  1 15 22 13 22.217  91.40     1.3 0     0.8 0     0.2 0     2.6 0   240.8 0   265.445 0   265.209 0   278.7 0   264.694 0   264.801 0     0.0 0     1.0 0     1.8 0   -38.0 0   -36.2 0    -8.1 0    55.3 0     8.7 0   252.3 0   959.4 0
 2026  15  1 15 22 14 22.233  91.57     1.1 0     0.7 0     0.3 0     2.4 0   236.8 0   265.425 0   265.191 0   278.5 0   264.682 0   264.790 0     0.0 0     0.9 0     1.7 0   -41.6 0   -40.0 0    -8.1 0    56.3 0     7.3 0   263.4 0   959.4 0
 2026  15  1 15 22 15 22.250  91.74     0.9 0     0.7 0     0.3 0     2.2 0   234.4 0   265.407 0   265.172 0   278.4 0   264.672 0   264.781 0     0.0 0     0.9 0     1.5 0   -43.9 0   -42.4 0    -8.1 0    55.7 0     9.1 0   269.3 0   959.4 0
 2026  15  1 15 22 16 22.267  91.91     0.7 0     0.6 0     0.3 0     2.0 0   231.8 0   265.390 0   265.153 0   278.2 0   264.662 0   264.772 0     0.0 0     0.8 0     1.4 0   -46.4 0   -45.0 0    -8.1 0    54.7 0     8.9 0   261.6 0   959.4 0
 2026  15  1 15 22 17 22.283  92.08     0.5 0     0.6 0     0.3 0     1.8 0   228.7 0   265.374 0   265.132 0   277.8 0   264.653 0   264.761 0     0.0 0     0.7 0     1.2 0   -49.1 0   -47.9 0    -8.1 0    54.5 0     7.8 0   262.8 0   959.4 0
 2026  15  1 15 22 18 22.300  92.25     0.3 0     0.6 0     0.3 0     1.7 0   229.8 0   265.356 0   265.118 0   277.7 0   264.644 0   264.752 0     0.0 0     0.6 0     1.1 0   -47.9 0   -46.8 0    -8.1 0    54.5 0     7.6 0   259.6 0   959.5 0
 2026  15  1 15 22 19 22.317  92.42     0.1 0     0.5 0     0.3 0     1.5 0   227.0 0   265.339 0   265.092 0   277.5 0   264.634 0   264.740 0     0.0 0     0.5 0     0.9 0   -50.5 0   -49.6 0    -8.1 0    53.5 0     9.0 0   260.2 0   959.4 0
 2026  15  1 15 22 20 22.333  92.59     0.0 0     0.5 0     0.3 0     1.3 0   223.8 0   265.322 0   265.073 0   277.3 0   264.624 0   264.730 0     0.0 0     0.4 0     0.8 0   -53.5 0   -52.7 0    -8.1 0    54.4 0     8.3 0   275.1 0   959.4 0
 2026  15  1 15 22 21 22.350  92.76    -0.1 0     0.5 0     0.3 0     1.3 0   224.1 0   265.305 0   265.053 0   277.3 0   264.613 0   264.719 0     0.0 0     0.4 0     0.7 0   -53.3 0   -52.5 0    -8.1 0    53.5 0    10.2 0   273.9 0   959.4 0
 2026  15  1 15 22 22 22.367  92.93    -0.3 0     0.5 0     0.3 0     1.1 0   218.4 0   265.290 0   265.028 0   277.0 0   264.604 0   264.710 0     0.0 0     0.3 0     0.6 0   -58.7 0   -58.0 0    -8.1 0    51.5 0    11.3 0   282.6 0   959.4 0
 2026  15  1 15 22 23 22.383  93.10    -0.5 0     0.5 0     0.3 0     1.0 0   212.3 0   265.275 0   264.998 0   276.7 0   264.594 0   264.700 0     0.0 0     0.3 0     0.6 0   -64.4 0   -63.9 0    -8.1 0    52.4 0    10.9 0   287.5 0   959.5 0
 2026  15  1 15 22 24 22.400  93.27    -0.6 0     0.4 0     0.2 0     0.9 0   214.0 0   265.261 0   264.991 0   276.5 0   264.585 0   264.690 0     0.0 0     0.3 0     0.5 0   -62.5 0   -62.0 0    -8.1 0    53.5 0     9.3 0   277.6 0   959.5 0
 2026  15  1 15 22 25 22.417  93.45    -0.7 0     0.4 0     0.2 0     0.8 0   218.1 0   265.247 0   264.984 0   276.3 0   264.575 0   264.678 0     0.0 0     0.2 0     0.4 0   -58.2 0   -57.8 0    -8.1 0    54.4 0     7.0 0   271.8 0   959.4 0
 2026  15  1 15 22 26 22.433  93.62    -0.8 0     0.4 0     0.2 0     0.7 0   218.1 0   265.230 0   264.962 0   276.2 0   264.563 0   264.664 0     0.0 0     0.2 0     0.3 0   -58.1 0   -57.8 0    -8.1 0    53.5 0     7.8 0   268.5 0   959.5 0
 2026  15  1 15 22 27 22.450  93.79    -0.9 0     0.4 0     0.2 0     0.6 0   217.5 0   265.209 0   264.935 0   276.0 0   264.548 0   264.648 0     0.0 0     0.1 0     0.2 0   -58.6 0   -58.4 0    -8.2 0    54.4 0     7.6 0   265.1 0   959.5 0
 2026  15  1 15 22 28 22.467  93.96    -0.9 0     0.4 0     0.2 0     0.5 0   218.6 0   265.188 0   264.918 0   276.1 0   264.534 0   264.633 0     0.0 0     0.1 0     0.2 0   -57.5 0   -57.4 0    -8.2 0    55.4 0     7.3 0   272.4 0   959.4 0
 2026  15  1 15 22 29 22.483  94.13    -0.9 0     0.4 0     0.2 0     0.5 0   216.8 0   265.168 0   264.895 0   276.1 0   264.518 0   264.616 0     0.0 0     0.1 0     0.1 0   -59.2 0   -59.2 0    -8.2 0    55.8 0     7.8 0   278.0 0   959.4 0
 2026  15  1 15 22 30 22.500  94.31    -1.0 0     0.4 0     0.2 0     0.4 0   216.1 0   265.148 0   264.879 0   275.7 0   264.503 0   264.603 0     0.0 0     0.1 0     0.0 0   -59.7 0   -59.6 0    -8.2 0    56.3 0     5.9 0   266.1 0   959.4 0
 2026  15  1 15 22 31 22.517  94.48    -1.1 0     0.3 0     0.2 0     0.3 0   221.8 0   265.128 0   264.865 0   276.0 0   264.488 0   264.588 0     0.0 0     0.1 0     0.0 0   -54.2 0   -54.2 0    -8.2 0    55.9 0     7.7 0   267.4 0   959.4 0
 2026  15  1 15 22 32 22.533  94.65    -1.1 0     0.3 0     0.1 0     0.3 0   233.3 0   265.110 0   264.880 0   276.9 0   264.474 0   264.580 0     0.0 0     0.0 0     0.0 0   -43.6 0   -43.6 0    -8.2 0    55.5 0     7.2 0   266.7 0   959.4 0
 2026  15  1 15 22 33 22.550  94.83    -1.2 0     0.2 0     0.1 0     0.3 0   236.6 0   265.097 0   264.896 0   277.2 0   264.463 0   264.572 0     0.0 0     0.0 0     0.0 0   -40.7 0   -40.6 0    -8.2 0    56.8 0     6.0 0   264.3 0   959.5 0
 2026  15  1 15 22 34 22.567  95.00    -1.1 0     0.2 0     0.1 0     0.2 0   229.1 0   265.087 0   264.881 0   276.9 0   264.454 0   264.564 0     0.0 0     0.0 0     0.0 0   -47.8 0   -47.8 0    -8.2 0    57.4 0     6.1 0   268.6 0   959.5 0
 2026  15  1 15 22 35 22.583  95.17    -1.2 0     0.2 0     0.1 0     0.2 0   228.9 0   265.078 0   264.868 0   276.9 0   264.446 0   264.555 0     0.0 0     0.0 0     0.0 0   -48.0 0   -48.0 0    -8.2 0    56.8 0     7.8 0   267.7 0   959.5 0
 2026  15  1 15 22 36 22.600  95.35    -1.2 0     0.2 0     0.0 0     0.2 0   233.3 0   265.069 0   264.869 0   277.2 0   264.438 0   264.549 0     0.0 0     0.0 0     0.0 0   -43.9 0   -43.9 0    -8.2 0    56.6 0     6.9 0   259.9 0   959.5 0
 2026  15  1 15 22 37 22.617  95.52    -1.3 0     0.2 0     0.0 0     0.2 0   236.8 0   265.064 0   264.877 0   277.4 0   264.431 0   264.542 0     0.0 0     0.0 0     0.0 0   -40.6 0   -40.6 0    -8.2 0    56.6 0     8.3 0   258.0 0   959.4 0
 2026  15  1 15 22 38 22.633  95.70    -1.2 0     0.2 0     0.0 0     0.2 0   241.9 0   265.059 0   264.869 0   277.8 0   264.423 0   264.534 0     0.0 0     0.0 0     0.0 0   -36.0 0   -36.0 0    -8.3 0    55.1 0    10.0 0   254.2 0   959.4 0
 2026  15  1 15 22 39 22.650  95.87    -1.2 0     0.2 0     0.0 0     0.2 0   243.2 0   265.054 0   264.888 0   278.0 0   264.416 0   264.532 0     0.0 0     0.0 0     0.0 0   -34.7 0   -34.7 0    -8.3 0    56.6 0     7.9 0   258.9 0   959.4 0
 2026  15  1 15 22 40 22.667  96.04    -1.3 0     0.1 0     0.0 0     0.1 0   242.1 0   265.054 0   264.896 0   278.1 0   264.413 0   264.533 0     0.0 0     0.0 0     0.0 0   -35.9 0   -35.9 0    -8.3 0    57.0 0     7.1 0   261.9 0   959.5 0
 2026  15  1 15 22 41 22.683  96.22    -1.3 0     0.1 0     0.0 0     0.1 0   241.6 0   265.056 0   264.915 0   278.1 0   264.413 0   264.534 0     0.0 0     0.0 0     0.0 0   -36.5 0   -36.5 0    -8.2 0    57.3 0     7.7 0   266.6 0   959.5 0
 2026  15  1 15 22 42 22.700  96.39    -1.3 0     0.1 0     0.0 0     0.1 0   243.8 0   265.061 0   264.920 0   278.2 0   264.414 0   264.536 0     0.0 0     0.0 0     0.0 0   -34.4 0   -34.4 0    -8.2 0    57.5 0     6.3 0   272.9 0   959.5 0
 2026  15  1 15 22 43 22.717  96.57    -1.3 0     0.1 0     0.1 0     0.1 0   246.2 0   265.066 0   264.925 0   278.4 0   264.416 0   264.538 0     0.0 0     0.0 0     0.0 0   -32.2 0   -32.2 0    -8.2 0    57.5 0     6.9 0   274.3 0   959.5 0
 2026  15  1 15 22 44 22.733  96.75    -1.3 0     0.1 0     0.1 0     0.1 0   248.9 0   265.069 0   264.932 0   278.6 0   264.418 0   264.541 0     0.0 0     0.0 0     0.0 0   -29.7 0   -29.7 0    -8.2 0    57.2 0     6.7 0   262.6 0   959.5 0
 2026  15  1 15 22 45 22.750  96.92    -1.3 0     0.1 0     0.1 0     0.1 0   250.6 0   265.074 0   264.939 0   278.8 0   264.420 0   264.543 0     0.0 0     0.0 0     0.0 0   -28.2 0   -28.2 0    -8.2 0    57.3 0     6.0 0   264.6 0   959.5 0
 2026  15  1 15 22 46 22.767  97.10    -1.4 0     0.1 0     0.1 0     0.1 0   250.7 0   265.079 0   264.955 0   278.8 0   264.422 0   264.544 0     0.0 0     0.0 0     0.0 0   -28.2 0   -28.2 0    -8.2 0    57.4 0     6.4 0   268.8 0   959.5 0
 2026  15  1 15 22 47 22.783  97.27    -1.3 0     0.1 0     0.1 0     0.1 0   247.7 0   265.084 0   264.945 0   278.6 0   264.423 0   264.542 0     0.0 0     0.0 0     0.0 0   -30.9 0   -30.9 0    -8.2 0    56.0 0     7.4 0   260.8 0   959.5 0
 2026  15  1 15 22 48 22.800  97.45    -1.3 0     0.1 0     0.1 0     0.1 0   242.3 0   265.086 0   264.923 0   278.4 0   264.421 0   264.538 0     0.0 0     0.0 0     0.0 0   -36.1 0   -36.1 0    -8.2 0    55.7 0     9.7 0   251.2 0   959.5 0
 2026  15  1 15 22 49 22.817  97.63    -1.3 0     0.2 0     0.1 0     0.2 0   240.2 0   265.085 0   264.899 0   278.1 0   264.418 0   264.532 0     0.0 0     0.0 0     0.0 0   -37.8 0   -37.8 0    -8.3 0    55.2 0    10.4 0   257.2 0   959.5 0
 2026  15  1 15 22 50 22.833  97.80    -1.3 0     0.1 0     0.2 0     0.2 0   245.6 0   265.082 0   264.907 0   278.2 0   264.414 0   264.531 0     0.0 0     0.0 0     0.0 0   -32.6 0   -32.6 0    -8.3 0    56.2 0     7.7 0   258.6 0   959.5 0
 2026  15  1 15 22 51 22.850  97.98    -1.3 0     0.1 0     0.2 0     0.1 0   247.8 0   265.080 0   264.927 0   278.5 0   264.413 0   264.534 0     0.0 0     0.0 0     0.0 0   -30.7 0   -30.7 0    -8.2 0    57.0 0     7.3 0   260.1 0   959.5 0
 2026  15  1 15 22 52 22.867  98.16    -1.3 0     0.1 0     0.2 0     0.1 0   247.5 0   265.081 0   264.929 0   278.5 0   264.413 0   264.534 0     0.0 0     0.0 0     0.0 0   -31.1 0   -31.1 0    -8.2 0    56.5 0     7.7 0   271.4 0   959.5 0
 2026  15  1 15 22 53 22.883  98.33    -1.3 0     0.1 0     0.2 0     0.1 0   246.6 0   265.082 0   264.938 0   278.5 0   264.414 0   264.536 0     0.0 0     0.0 0     0.0 0   -31.9 0   -31.9 0    -8.2 0    57.6 0     6.9 0   279.6 0   959.5 0
 2026  15  1 15 22 54 22.900  98.51    -1.4 0     0.1 0     0.2 0     0.1 0   247.2 0   265.085 0   264.945 0   278.4 0   264.415 0   264.534 0     0.0 0     0.0 0     0.0 0   -31.3 0   -31.3 0    -8.2 0    56.8 0     7.6 0   279.2 0   959.5 0
 2026  15  1 15 22 55 22.917  98.69    -1.3 0     0.1 0     0.2 0     0.1 0   248.6 0   265.088 0   264.944 0   278.6 0   264.414 0   264.535 0     0.0 0     0.0 0     0.0 0   -30.0 0   -30.0 0    -8.2 0    57.1 0     8.5 0   272.8 0   959.5 0
 2026  15  1 15 22 56 22.933  98.87    -1.3 0     0.1 0     0.2 0     0.1 0   245.1 0   265.089 0   264.926 0   278.2 0   264.414 0   264.531 0     0.0 0     0.0 0     0.0 0   -33.1 0   -33.1 0    -8.2 0    55.8 0     7.8 0   261.3 0   959.5 0
 2026  15  1 15 22 57 22.950  99.04    -1.2 0     0.1 0     0.2 0     0.1 0   242.0 0   265.086 0   264.911 0   278.1 0   264.411 0   264.526 0     0.0 0     0.0 0     0.0 0   -36.1 0   -36.1 0    -8.3 0    55.7 0    10.2 0   264.3 0   959.5 0
 2026  15  1 15 22 58 22.967  99.22    -1.3 0     0.1 0     0.2 0     0.1 0   242.6 0   265.085 0   264.921 0   278.2 0   264.408 0   264.528 0     0.0 0     0.0 0     0.0 0   -35.6 0   -35.6 0    -8.3 0    56.9 0     8.4 0   271.0 0   959.5 0
 2026  15  1 15 22 59 22.983  99.40    -1.3 0     0.1 0     0.2 0     0.1 0   241.6 0   265.085 0   264.904 0   277.9 0   264.406 0   264.521 0     0.0 0     0.0 0     0.0 0   -36.3 0   -36.3 0    -8.3 0    55.8 0     8.3 0   276.4 0   959.5 0
 2026  15  1 15 23  0 23.000  99.58    -1.3 0     0.2 0     0.2 0     0.1 0   239.2 0   265.081 0   264.900 0   277.7 0   264.402 0   264.515 0     0.0 0     0.0 0     0.0 0   -38.5 0   -38.5 0    -8.3 0    56.2 0     8.1 0   275.2 0   959.5 0
 2026  15  1 15 23  1 23.017  99.76    -1.3 0     0.1 0     0.2 0     0.1 0   240.7 0   265.077 0   264.906 0   277.8 0   264.398 0   264.516 0     0.0 0     0.0 0     0.0 0   -37.1 0   -37.1 0    -8.3 0    57.4 0     6.7 0   274.2 0   959.6 0
 2026  15  1 15 23  2 23.033  99.94    -1.3 0     0.1 0     0.1 0     0.1 0   244.6 0   265.075 0   264.917 0   278.1 0   264.396 0   264.515 0     0.0 0     0.0 0     0.0 0   -33.5 0   -33.5 0    -8.3 0    57.8 0     7.0 0   272.7 0   959.6 0
 2026  15  1 15 23  3 23.050 100.12    -1.3 0     0.1 0     0.1 0     0.1 0   243.5 0   265.074 0   264.911 0   278.2 0   264.396 0   264.516 0     0.0 0     0.0 0     0.0 0   -34.6 0   -34.6 0    -8.2 0    57.2 0     8.7 0   278.3 0   959.5 0
 2026  15  1 15 23  4 23.067 100.29    -1.3 0     0.1 0     0.1 0     0.1 0   243.5 0   265.073 0   264.906 0   278.1 0   264.395 0   264.513 0     0.0 0     0.0 0     0.0 0   -34.5 0   -34.5 0    -8.3 0    56.6 0     8.0 0   267.8 0   959.6 0
 2026  15  1 15 23  5 23.083 100.47    -1.3 0     0.1 0     0.1 0     0.1 0   249.3 0   265.073 0   264.924 0   278.5 0   264.394 0   264.515 0     0.0 0     0.0 0     0.0 0   -29.2 0   -29.2 0    -8.3 0    57.3 0     9.0 0   265.4 0   959.6 0
 2026  15  1 15 23  6 23.100 100.65    -1.3 0     0.1 0     0.1 0     0.1 0   250.4 0   265.074 0   264.900 0   278.4 0   264.393 0   264.510 0     0.0 0     0.0 0     0.0 0   -28.0 0   -28.0 0    -8.3 0    55.9 0    11.4 0   264.2 0   959.5 0
 2026  15  1 15 23  7 23.117 100.83    -1.3 0     0.1 0     0.1 0     0.2 0   251.3 0   265.073 0   264.911 0   278.6 0   264.391 0   264.513 0     0.0 0     0.0 0     0.0 0   -27.4 0   -27.4 0    -8.3 0    56.3 0    11.9 0   256.4 0   959.5 0
 2026  15  1 15 23  8 23.133 101.01    -1.3 0     0.1 0     0.0 0     0.1 0   251.5 0   265.074 0   264.901 0   278.4 0   264.390 0   264.507 0     0.0 0     0.0 0     0.0 0   -27.0 0   -27.0 0    -8.3 0    55.0 0    11.9 0   254.6 0   959.5 0
 2026  15  1 15 23  9 23.150 101.19    -1.3 0     0.1 0     0.0 0     0.2 0   251.1 0   265.072 0   264.907 0   278.6 0   264.387 0   264.508 0     0.0 0     0.0 0     0.0 0   -27.5 0   -27.5 0    -8.3 0    56.2 0    11.8 0   263.1 0   959.6 0
 2026  15  1 15 23 10 23.167 101.37    -1.4 0     0.1 0     0.0 0     0.1 0   252.0 0   265.074 0   264.910 0   278.6 0   264.388 0   264.510 0     0.0 0     0.0 0     0.0 0   -26.6 0   -26.6 0    -8.3 0    56.3 0    11.5 0   265.4 0   959.6 0
 2026  15  1 15 23 11 23.183 101.55    -1.4 0     0.1 0     0.1 0     0.2 0   252.0 0   265.075 0   264.900 0   278.4 0   264.387 0   264.502 0     0.0 0     0.0 0     0.0 0   -26.4 0   -26.4 0    -8.3 0    55.3 0    11.9 0   268.7 0   959.6 0
 2026  15  1 15 23 12 23.200 101.73    -1.4 0     0.2 0     0.2 0     0.2 0   252.1 0   265.073 0   264.911 0   278.3 0   264.381 0   264.494 0     0.0 0     0.0 0     0.0 0   -26.2 0   -26.2 0    -8.3 0    55.4 0     9.1 0   273.9 0   959.6 0
 2026  15  1 15 23 13 23.217 101.91    -1.3 0     0.2 0     0.2 0     0.1 0   252.3 0   265.070 0   264.906 0   278.5 0   264.375 0   264.492 0     0.0 0     0.0 0     0.0 0   -26.2 0   -26.2 0    -8.3 0    56.2 0     9.5 0   256.5 0   959.6 0
 2026  15  1 15 23 14 23.233 102.09    -1.3 0     0.1 0     0.2 0     0.1 0   251.7 0   265.067 0   264.914 0   278.4 0   264.370 0   264.489 0     0.0 0     0.0 0     0.0 0   -26.7 0   -26.7 0    -8.3 0    56.4 0     9.0 0   261.6 0   959.6 0
 2026  15  1 15 23 15 23.250 102.27    -1.3 0     0.1 0     0.2 0     0.1 0   252.4 0   265.065 0   264.901 0   278.4 0   264.368 0   264.485 0     0.0 0     0.0 0     0.0 0   -26.0 0   -26.0 0    -8.3 0    56.4 0    10.2 0   260.1 0   959.6 0
 2026  15  1 15 23 16 23.267 102.46    -1.3 0     0.1 0     0.2 0     0.1 0   253.1 0   265.061 0   264.895 0   278.5 0   264.364 0   264.483 0     0.0 0     0.0 0     0.0 0   -25.4 0   -25.4 0    -8.3 0    56.7 0    10.9 0   274.0 0   959.6 0
 2026  15  1 15 23 17 23.283 102.64    -1.3 0     0.1 0     0.1 0     0.1 0   253.6 0   265.060 0   264.914 0   278.7 0   264.364 0   264.488 0     0.0 0     0.0 0     0.0 0   -25.1 0   -25.1 0    -8.3 0    57.7 0     9.7 0   265.8 0   959.6 0
 2026  15  1 15 23 18 23.300 102.82    -1.3 0     0.1 0     0.1 0     0.1 0   253.4 0   265.062 0   264.913 0   278.5 0   264.365 0   264.483 0     0.0 0     0.0 0     0.0 0   -25.2 0   -25.2 0    -8.3 0    56.7 0     9.5 0   272.3 0   959.7 0
 2026  15  1 15 23 19 23.317 103.00    -1.3 0     0.1 0     0.2 0     0.1 0   252.7 0   265.062 0   264.907 0   278.6 0   264.363 0   264.485 0     0.0 0     0.0 0     0.0 0   -25.9 0   -25.9 0    -8.3 0    57.3 0     8.4 0   268.7 0   959.7 0
 2026  15  1 15 23 20 23.333 103.18    -1.3 0     0.1 0     0.1 0     0.1 0   253.0 0   265.061 0   264.924 0   278.7 0   264.364 0   264.487 0     0.0 0     0.0 0     0.0 0   -25.7 0   -25.7 0    -8.3 0    57.9 0     7.6 0   268.6 0   959.7 0
 2026  15  1 15 23 21 23.350 103.36    -1.3 0     0.1 0     0.1 0     0.1 0   252.7 0   265.064 0   264.924 0   278.7 0   264.365 0   264.486 0     0.0 0     0.0 0     0.0 0   -25.9 0   -25.9 0    -8.3 0    57.3 0     8.2 0   258.6 0   959.7 0
 2026  15  1 15 23 22 23.367 103.54    -1.3 0     0.0 0     0.1 0     0.1 0   251.4 0   265.064 0   264.918 0   278.8 0   264.366 0   264.492 0     0.0 0     0.0 0     0.0 0   -27.4 0   -27.4 0    -8.3 0    58.3 0     8.0 0   267.6 0   959.6 0
 2026  15  1 15 23 23 23.383 103.73    -1.2 0     0.1 0     0.1 0     0.1 0   251.6 0   265.065 0   264.903 0   278.6 0   264.369 0   264.489 0     0.0 0     0.0 0     0.0 0   -26.9 0   -26.9 0    -8.3 0    56.2 0    11.6 0   263.5 0   959.7 0
 2026  15  1 15 23 24 23.400 103.91    -1.3 0     0.2 0     0.2 0     0.1 0   252.4 0   265.063 0   264.894 0   278.3 0   264.366 0   264.480 0     0.0 0     0.0 0     0.0 0   -25.9 0   -25.9 0    -8.3 0    55.5 0     9.2 0   274.1 0   959.6 0
 2026  15  1 15 23 25 23.417 104.09    -1.3 0     0.1 0     0.2 0     0.1 0   252.4 0   265.060 0   264.905 0   278.5 0   264.362 0   264.481 0     0.0 0     0.0 0     0.0 0   -26.1 0   -26.1 0    -8.3 0    56.8 0     8.4 0   268.1 0   959.6 0
 2026  15  1 15 23 26 23.433 104.27    -1.3 0     0.1 0     0.2 0     0.1 0   250.6 0   265.057 0   264.908 0   278.5 0   264.361 0   264.481 0     0.0 0     0.0 0     0.0 0   -27.8 0   -27.8 0    -8.3 0    57.2 0     6.2 0   260.4 0   959.6 0
 2026  15  1 15 23 27 23.450 104.45    -1.3 0     0.1 0     0.1 0     0.1 0   249.9 0   265.057 0   264.911 0   278.5 0   264.360 0   264.481 0     0.0 0     0.0 0     0.0 0   -28.6 0   -28.6 0    -8.3 0    57.6 0     8.8 0   265.9 0   959.7 0
 2026  15  1 15 23 28 23.467 104.64    -1.3 0     0.1 0     0.2 0     0.1 0   250.5 0   265.056 0   264.905 0   278.5 0   264.359 0   264.480 0     0.0 0     0.0 0     0.0 0   -28.1 0   -28.1 0    -8.3 0    58.0 0     7.1 0   263.6 0   959.6 0
 2026  15  1 15 23 29 23.483 104.82    -1.3 0     0.1 0     0.1 0     0.1 0   251.6 0   265.056 0   264.913 0   278.7 0   264.360 0   264.481 0     0.0 0     0.0 0     0.0 0   -27.1 0   -27.1 0    -8.3 0    58.4 0     8.1 0   256.0 0   959.6 0
 2026  15  1 15 23 30 23.500 105.00    -1.3 0     0.1 0     0.1 0     0.1 0   252.2 0   265.056 0   264.909 0   278.6 0   264.359 0   264.478 0     0.0 0     0.0 0     0.0 0   -26.4 0   -26.4 0    -8.3 0    58.0 0     7.4 0   263.5 0   959.6 0
 2026  15  1 15 23 31 23.517 105.19    -1.2 0     0.1 0     0.2 0     0.1 0   253.2 0   265.055 0   264.907 0   278.6 0   264.358 0   264.477 0     0.0 0     0.0 0     0.0 0   -25.4 0   -25.4 0    -8.3 0    57.8 0     8.7 0   274.7 0   959.7 0
 2026  15  1 15 23 32 23.533 105.37    -1.2 0     0.1 0     0.2 0     0.1 0   254.1 0   265.054 0   264.906 0   278.7 0   264.356 0   264.476 0     0.0 0     0.0 0     0.0 0   -24.6 0   -24.6 0    -8.3 0    57.9 0     8.8 0   276.2 0   959.7 0
 2026  15  1 15 23 33 23.550 105.55    -1.2 0     0.1 0     0.2 0     0.1 0   254.0 0   265.053 0   264.898 0   278.6 0   264.354 0   264.473 0     0.0 0     0.0 0     0.0 0   -24.6 0   -24.6 0    -8.3 0    57.2 0     9.9 0   268.4 0   959.7 0
 2026  15  1 15 23 34 23.567 105.74    -1.2 0     0.1 0     0.2 0     0.1 0   253.3 0   265.051 0   264.895 0   278.5 0   264.351 0   264.467 0     0.0 0     0.0 0     0.0 0   -25.2 0   -25.2 0    -8.3 0    56.6 0     8.1 0   265.2 0   959.6 0
 2026  15  1 15 23 35 23.583 105.92    -1.2 0     0.1 0     0.2 0     0.1 0   253.3 0   265.048 0   264.899 0   278.6 0   264.347 0   264.468 0     0.0 0     0.0 0     0.0 0   -25.3 0   -25.3 0    -8.3 0    57.8 0     7.7 0   268.4 0   959.7 0
 2026  15  1 15 23 36 23.600 106.10    -1.2 0     0.1 0     0.2 0     0.1 0   253.5 0   265.046 0   264.901 0   278.7 0   264.346 0   264.467 0     0.0 0     0.0 0     0.0 0   -25.2 0   -25.2 0    -8.3 0    58.1 0     8.1 0   251.9 0   959.6 0
 2026  15  1 15 23 37 23.617 106.29    -1.2 0     0.1 0     0.1 0     0.1 0   253.4 0   265.045 0   264.876 0   278.5 0   264.345 0   264.463 0     0.0 0     0.0 0     0.0 0   -25.1 0   -25.1 0    -8.3 0    56.8 0     9.7 0   278.8 0   959.6 0
 2026  15  1 15 23 38 23.633 106.47    -1.2 0     0.1 0     0.1 0     0.1 0   253.2 0   265.042 0   264.890 0   278.5 0   264.344 0   264.465 0     0.0 0     0.0 0     0.0 0   -25.3 0   -25.3 0    -8.3 0    57.2 0     9.7 0   273.6 0   959.7 0
 2026  15  1 15 23 39 23.650 106.65    -1.3 0     0.1 0     0.2 0     0.1 0   252.6 0   265.041 0   264.892 0   278.6 0   264.344 0   264.467 0     0.0 0     0.0 0     0.0 0   -25.9 0   -25.9 0    -8.3 0    57.8 0     8.0 0   268.7 0   959.7 0
 2026  15  1 15 23 40 23.667 106.84    -1.3 0     0.1 0     0.1 0     0.1 0   252.4 0   265.043 0   264.904 0   278.6 0   264.345 0   264.468 0     0.0 0     0.0 0     0.0 0   -26.2 0   -26.2 0    -8.3 0    57.3 0    10.4 0   261.9 0   959.6 0
 2026  15  1 15 23 41 23.683 107.02    -1.3 0     0.0 0     0.1 0     0.1 0   253.0 0   265.046 0   264.902 0   278.7 0   264.348 0   264.474 0     0.0 0     0.0 0     0.0 0   -25.7 0   -25.7 0    -8.3 0    57.7 0     9.2 0   276.5 0   959.6 0
 2026  15  1 15 23 42 23.700 107.21    -1.3 0     0.1 0     0.1 0     0.1 0   253.1 0   265.048 0   264.890 0   278.4 0   264.350 0   264.468 0     0.0 0     0.0 0     0.0 0   -25.3 0   -25.3 0    -8.3 0    56.3 0    10.3 0   272.6 0   959.7 0
 2026  15  1 15 23 43 23.717 107.39    -1.3 0     0.1 0     0.2 0     0.1 0   252.4 0   265.047 0   264.888 0   278.5 0   264.346 0   264.464 0     0.0 0     0.0 0     0.0 0   -26.0 0   -26.0 0    -8.3 0    57.2 0     9.3 0   262.9 0   959.7 0
 2026  15  1 15 23 44 23.733 107.58    -1.3 0     0.1 0     0.1 0     0.1 0   251.1 0   265.046 0   264.901 0   278.4 0   264.343 0   264.464 0     0.0 0     0.0 0     0.0 0   -27.3 0   -27.3 0    -8.3 0    58.1 0     6.7 0   271.0 0   959.7 0
 2026  15  1 15 23 45 23.750 107.76    -1.3 0     0.1 0     0.1 0     0.1 0   250.5 0   265.047 0   264.908 0   278.5 0   264.344 0   264.466 0     0.0 0     0.0 0     0.0 0   -27.9 0   -27.9 0    -8.3 0    58.9 0     6.5 0   257.3 0   959.7 0
 2026  15  1 15 23 46 23.767 107.95    -1.3 0     0.1 0     0.1 0     0.1 0   251.2 0   265.047 0   264.894 0   278.5 0   264.344 0   264.465 0     0.0 0     0.0 0     0.0 0   -27.3 0   -27.3 0    -8.3 0    58.2 0     8.3 0   257.8 0   959.7 0
 2026  15  1 15 23 47 23.783 108.13    -1.3 0     0.1 0     0.1 0     0.1 0   252.2 0   265.046 0   264.900 0   278.6 0   264.343 0   264.465 0     0.0 0     0.0 0     0.0 0   -26.4 0   -26.4 0    -8.3 0    58.8 0     6.1 0   261.3 0   959.6 0
 2026  15  1 15 23 48 23.800 108.32    -1.3 0     0.1 0     0.1 0     0.1 0   251.7 0   265.046 0   264.905 0   278.7 0   264.345 0   264.467 0     0.0 0     0.0 0     0.0 0   -27.0 0   -27.0 0    -8.3 0    58.6 0     7.4 0   270.6 0   959.7 0
 2026  15  1 15 23 49 23.817 108.50    -1.3 0     0.1 0     0.2 0     0.1 0   251.5 0   265.046 0   264.897 0   278.6 0   264.344 0   264.464 0     0.0 0     0.0 0     0.0 0   -27.1 0   -27.1 0    -8.3 0    58.0 0     7.8 0   271.3 0   959.7 0
 2026  15  1 15 23 50 23.833 108.69    -1.2 0     0.1 0     0.2 0     0.1 0   252.1 0   265.045 0   264.900 0   278.6 0   264.343 0   264.465 0     0.0 0     0.0 0     0.0 0   -26.5 0   -26.5 0    -8.3 0    58.3 0     8.4 0   268.3 0   959.7 0
 2026  15  1 15 23 51 23.850 108.87    -1.3 0     0.1 0     0.1 0     0.1 0   252.3 0   265.047 0   264.907 0   278.8 0   264.345 0   264.469 0     0.0 0     0.0 0     0.0 0   -26.4 0   -26.4 0    -8.3 0    58.5 0    10.2 0   259.8 0   959.7 0
 2026  15  1 15 23 52 23.867 109.06    -1.2 0     0.1 0     0.1 0     0.1 0   252.7 0   265.050 0   264.886 0   278.6 0   264.347 0   264.468 0     0.0 0     0.0 0     0.0 0   -25.9 0   -25.9 0    -8.3 0    56.8 0    12.0 0   265.9 0   959.6 0
 2026  15  1 15 23 53 23.883 109.24    -1.3 0     0.1 0     0.1 0     0.2 0   253.0 0   265.051 0   264.899 0   278.6 0   264.347 0   264.470 0     0.0 0     0.0 0     0.0 0   -25.6 0   -25.6 0    -8.3 0    57.3 0     9.6 0   274.4 0   959.7 0
 2026  15  1 15 23 54 23.900 109.43    -1.3 0     0.1 0     0.2 0     0.1 0   253.9 0   265.053 0   264.910 0   278.6 0   264.349 0   264.471 0     0.0 0     0.0 0     0.0 0   -24.7 0   -24.7 0    -8.3 0    58.2 0     7.6 0   269.9 0   959.7 0
 2026  15  1 15 23 55 23.917 109.61    -1.3 0     0.0 0     0.1 0     0.1 0   254.4 0   265.055 0   264.926 0   278.8 0   264.350 0   264.473 0     0.0 0     0.0 0     0.0 0   -24.4 0   -24.4 0    -8.3 0    58.9 0     6.9 0   257.8 0   959.7 0
 2026  15  1 15 23 56 23.933 109.80    -1.3 0     0.1 0     0.1 0     0.1 0   254.7 0   265.057 0   264.920 0   278.8 0   264.351 0   264.472 0     0.0 0     0.0 0     0.0 0   -24.1 0   -24.1 0    -8.3 0    58.7 0     8.2 0   268.1 0   959.8 0
 2026  15  1 15 23 57 23.950 109.98    -1.3 0     0.1 0     0.1 0     0.1 0   254.9 0   265.059 0   264.920 0   278.7 0   264.351 0   264.471 0     0.0 0     0.0 0     0.0 0   -23.8 0   -23.8 0    -8.3 0    58.0 0     8.6 0   270.1 0   959.8 0
 2026  15  1 15 23 58 23.967 110.17    -1.2 0     0.1 0     0.2 0     0.1 0   255.0 0   265.059 0   264.920 0   278.8 0   264.350 0   264.472 0     0.0 0     0.0 0     0.0 0   -23.7 0   -23.7 0    -8.3 0    58.0 0     7.8 0   271.0 0   959.8 0
 2026  15  1 15 23 59 23.983 110.36    -1.2 0     0.1 0     0.2 0     0.1 0   255.0 0   265.059 0   264.913 0   278.7 0   264.349 0   264.468 0     0.0 0     0.0 0     0.0 0   -23.8 0   -23.8 0    -8.3 0    57.3 0    10.6 0   263.5 0   959.8 0
