 Penn State
   40.72  -77.93  376 m version 1
 2026 208  7 27  0  0  0.000  84.84    46.5 0    14.9 0    82.9 0    42.3 0   386.4 0   297.089 0   296.904 0   429.9 0   297.108 0   297.118 0     1.2 0 -9999.9 1    34.8 0   -43.4 0    -8.6 0    23.8 0    67.2 0     1.0 0   194.2 0   968.4 0
 2026 208  7 27  0  1  0.017  85.02    44.6 0    14.2 0    79.1 0    40.8 0   385.4 0   297.070 0   296.876 0   429.4 0   297.082 0   297.091 0     1.2 0 -9999.9 1    33.5 0   -44.0 0   -10.5 0    23.7 0    67.4 0     1.0 0   198.6 0   968.4 0
 2026 208  7 27  0  2  0.033  85.19    42.3 0    13.0 0    73.8 0    39.2 0   384.8 0   297.050 0   296.846 0   429.0 0   297.053 0   297.063 0     1.2 0 -9999.9 1    32.4 0   -44.2 0   -11.9 0    23.6 0    67.2 0     1.1 0   202.4 0   968.4 0
 2026 208  7 27  0  3  0.050  85.36    39.9 0    11.4 0    68.0 0    37.4 0   384.4 0   297.028 0   296.813 0   428.6 0   297.023 0   297.035 0     1.1 0 -9999.9 1    31.5 0   -44.2 0   -12.6 0    23.6 0    67.7 0     1.1 0   208.6 0   968.5 0
 2026 208  7 27  0  4  0.067  85.53    37.6 0    10.0 0    61.2 0    35.6 0   384.0 0   297.004 0   296.784 0   428.0 0   296.993 0   297.004 0     1.1 0 -9999.9 1    30.4 0   -44.1 0   -13.6 0    23.5 0    68.5 0     1.0 0   210.4 0   968.5 0
 2026 208  7 27  0  5  0.083  85.70    35.2 0     9.0 0    39.7 0    33.8 0   383.5 0   296.979 0   296.758 0   427.5 0   296.963 0   296.970 0     1.0 0 -9999.9 1    27.8 0   -44.0 0   -16.2 0    23.5 0    69.0 0     0.9 0   210.0 0   968.5 0
 2026 208  7 27  0  6  0.100  85.87    32.2 0     8.2 0    12.2 0    31.9 0   383.0 0   296.953 0   296.732 0   427.3 0   296.931 0   296.932 0     1.0 0 -9999.9 1    24.5 0   -44.3 0   -19.8 0    23.4 0    67.9 0     1.1 0   206.2 0   968.5 0
 2026 208  7 27  0  7  0.117  86.04    29.3 0     7.5 0     1.6 0    29.9 0   382.6 0   296.923 0   296.690 0   427.0 0   296.897 0   296.897 0     0.9 0 -9999.9 1    22.4 0   -44.4 0   -22.0 0    23.4 0    67.7 0     1.1 0   203.0 0   968.5 0
 2026 208  7 27  0  8  0.133  86.21    27.2 0     7.0 0     0.8 0    27.9 0   382.4 0   296.888 0   296.644 0   426.7 0   296.863 0   296.862 0     0.9 0 -9999.9 1    21.0 0   -44.3 0   -23.3 0    23.3 0    66.3 0     1.2 0   201.8 0   968.5 0
 2026 208  7 27  0  9  0.150  86.37    25.5 0     6.5 0     0.7 0    26.1 0   382.3 0   296.849 0   296.610 0   426.3 0   296.830 0   296.829 0     0.9 0 -9999.9 1    19.7 0   -44.1 0   -24.4 0    23.3 0    65.9 0     1.1 0   205.8 0   968.5 0
 2026 208  7 27  0 10  0.167  86.54    23.8 0     6.0 0     0.6 0    24.3 0   382.1 0   296.813 0   296.573 0   425.9 0   296.797 0   296.796 0     0.8 0 -9999.9 1    18.4 0   -43.8 0   -25.4 0    23.3 0    66.5 0     1.0 0   207.4 0   968.5 0
 2026 208  7 27  0 11  0.183  86.71    22.2 0     5.5 0     0.5 0    22.6 0   382.0 0   296.777 0   296.529 0   425.5 0   296.764 0   296.760 0     0.8 0 -9999.9 1    17.2 0   -43.5 0   -26.3 0    23.3 0    66.8 0     1.0 0   209.5 0   968.5 0
 2026 208  7 27  0 12  0.200  86.87    20.7 0     5.0 0     0.4 0    21.0 0   382.0 0   296.737 0   296.478 0   424.9 0   296.730 0   296.722 0     0.7 0 -9999.9 1    16.0 0   -42.9 0   -26.9 0    23.2 0    67.8 0     0.9 0   207.5 0   968.5 0
 2026 208  7 27  0 13  0.217  87.04    19.1 0     4.5 0     0.3 0    19.3 0   382.4 0   296.694 0   296.433 0   424.5 0   296.694 0   296.678 0     0.7 0 -9999.9 1    14.8 0   -42.1 0   -27.3 0    23.1 0    68.8 0     0.9 0   207.4 0   968.6 0
 2026 208  7 27  0 14  0.233  87.20    17.6 0     4.1 0     0.3 0    17.8 0   382.7 0   296.649 0   296.391 0   424.4 0   296.655 0   296.638 0     0.7 0 -9999.9 1    13.7 0   -41.7 0   -28.0 0    23.1 0    68.1 0     1.2 0   206.4 0   968.6 0
 2026 208  7 27  0 15  0.250  87.36    16.2 0     3.7 0     0.3 0    16.3 0   382.8 0   296.606 0   296.345 0   424.1 0   296.613 0   296.594 0     0.6 0 -9999.9 1    12.6 0   -41.3 0   -28.7 0    23.0 0    67.4 0     1.3 0   203.2 0   968.6 0
 2026 208  7 27  0 16  0.267  87.53    14.8 0     3.4 0     0.3 0    15.0 0   382.5 0   296.561 0   296.296 0   423.8 0   296.570 0   296.553 0     0.6 0 -9999.9 1    11.6 0   -41.3 0   -29.7 0    23.0 0    67.0 0     1.3 0   200.6 0   968.6 0
 2026 208  7 27  0 17  0.283  87.69    13.5 0     3.1 0     0.3 0    13.8 0   381.8 0   296.515 0   296.244 0   423.4 0   296.528 0   296.512 0     0.6 0     5.0 0    10.7 0   -41.6 0   -30.9 0    23.0 0    66.9 0     1.4 0   199.3 0   968.6 0
 2026 208  7 27  0 18  0.300  87.84    12.3 0     2.8 0     0.4 0    12.6 0   381.1 0   296.467 0   296.187 0   422.9 0   296.486 0   296.468 0     0.6 0     4.6 0     9.8 0   -41.8 0   -32.0 0    23.0 0    67.0 0     1.3 0   203.3 0   968.6 0
 2026 208  7 27  0 19  0.317  88.00    11.3 0     2.6 0     0.4 0    11.6 0   380.5 0   296.416 0   296.120 0   422.4 0   296.444 0   296.424 0     0.5 0     4.3 0     9.0 0   -41.9 0   -32.9 0    22.9 0    66.8 0     1.3 0   202.4 0   968.6 0
 2026 208  7 27  0 20  0.333  88.16    10.5 0     2.4 0     0.4 0    10.7 0   380.4 0   296.360 0   296.056 0   422.1 0   296.401 0   296.381 0     0.5 0     4.0 0     8.3 0   -41.8 0   -33.4 0    22.9 0    66.4 0     1.5 0   198.3 0   968.6 0
 2026 208  7 27  0 21  0.350  88.31     9.8 0     2.3 0     0.4 0    10.1 0   380.5 0   296.303 0   296.009 0   421.7 0   296.359 0   296.338 0     0.5 0     3.8 0     7.8 0   -41.2 0   -33.5 0    22.9 0    66.5 0     1.4 0   200.6 0   968.6 0
 2026 208  7 27  0 22  0.367  88.47     9.2 0     2.2 0     0.3 0     9.4 0   380.6 0   296.248 0   295.950 0   421.4 0   296.317 0   296.298 0     0.4 0     3.5 0     7.2 0   -40.8 0   -33.6 0    22.9 0    66.6 0     1.4 0   199.0 0   968.6 0
 2026 208  7 27  0 23  0.383  88.62     8.5 0     2.1 0     0.3 0     8.7 0   381.5 0   296.191 0   295.884 0   420.9 0   296.274 0   296.245 0     0.4 0     3.3 0     6.7 0   -39.4 0   -32.7 0    22.8 0    67.8 0     1.3 0   193.4 0   968.6 0
 2026 208  7 27  0 24  0.400  88.77     7.8 0     1.9 0     0.3 0     8.0 0   382.9 0   296.131 0   295.815 0   420.5 0   296.230 0   296.198 0     0.4 0     3.0 0     6.1 0   -37.6 0   -31.5 0    22.8 0    68.5 0     1.2 0   196.0 0   968.6 0
 2026 208  7 27  0 25  0.417  88.92     7.0 0     1.6 0     0.2 0     7.2 0   384.4 0   296.068 0   295.759 0   420.3 0   296.185 0   296.151 0     0.4 0     2.8 0     5.6 0   -35.9 0   -30.3 0    22.7 0    68.9 0     1.2 0   197.6 0   968.6 0
 2026 208  7 27  0 26  0.433  89.06     6.2 0     1.3 0     0.2 0     6.4 0   385.3 0   296.007 0   295.703 0   420.1 0   296.141 0   296.110 0     0.3 0     2.5 0     5.2 0   -34.7 0   -29.6 0    22.6 0    70.8 0     0.8 0   197.1 0   968.7 0
 2026 208  7 27  0 27  0.450  89.20     5.5 0     0.8 0     0.1 0     5.6 0   386.0 0   295.948 0   295.649 0   420.1 0   296.101 0   296.075 0     0.3 0     2.3 0     4.8 0   -34.1 0   -29.3 0    22.5 0    72.4 0     0.2 0   193.6 0   968.7 0
 2026 208  7 27  0 28  0.467  89.34     4.8 0     0.3 0     0.1 0     4.8 0   386.2 0   295.892 0   295.613 0   420.1 0   296.064 0   296.038 0     0.3 0     2.0 0     4.5 0   -33.9 0   -29.4 0    22.5 0    72.5 0     0.0 0     0.0 0   968.7 0
 2026 208  7 27  0 29  0.483  89.47     4.3 0     0.0 0     0.0 0     4.3 0   386.3 0   295.842 0   295.590 0   420.2 0   296.029 0   296.003 0     0.3 0     1.8 0     4.2 0   -33.9 0   -29.6 0    22.4 0    72.5 0     0.0 0     0.0 0   968.7 0
 2026 208  7 27  0 30  0.500  89.61     3.8 0    -0.1 0     0.0 0     3.9 0   386.1 0   295.801 0   295.567 0   420.5 0   295.994 0   295.973 0     0.3 0     1.6 0     3.9 0   -34.4 0   -30.5 0    22.4 0    72.1 0     0.0 0     0.0 0   968.6 0
 2026 208  7 27  0 31  0.517  89.73     3.3 0    -0.2 0     0.0 0     3.5 0   386.2 0   295.765 0   295.547 0   420.6 0   295.961 0   295.948 0     0.3 0     1.5 0     3.5 0   -34.5 0   -31.0 0    22.3 0    70.4 0     0.3 0   193.9 0   968.6 0
 2026 208  7 27  0 32  0.533  89.86     2.8 0    -0.3 0     0.0 0     3.1 0   386.6 0   295.734 0   295.527 0   420.4 0   295.928 0   295.917 0     0.2 0     1.3 0     3.1 0   -33.8 0   -30.7 0    22.3 0    71.5 0     0.0 0   170.9 0   968.6 0
 2026 208  7 27  0 33  0.550  89.97     2.3 0    -0.3 0     0.0 0     2.7 0   387.7 0   295.708 0   295.523 0   420.3 0   295.895 0   295.885 0     0.2 0     1.2 0     2.7 0   -32.6 0   -29.9 0    22.3 0    70.8 0     0.3 0   171.0 0   968.6 0
 2026 208  7 27  0 34  0.567  90.90     1.9 0    -0.3 0     0.0 0     2.3 0   388.6 0   295.688 0   295.512 0   420.2 0   295.862 0   295.850 0     0.0 0     1.0 0     2.3 0   -31.6 0   -29.2 0    22.3 0    70.3 0     0.1 0   171.0 0   968.6 0
 2026 208  7 27  0 35  0.583  91.07     1.5 0    -0.4 0     0.0 0     2.1 0   390.1 0   295.673 0   295.508 0   420.0 0   295.829 0   295.820 0     0.0 0     0.9 0     2.1 0   -29.9 0   -27.8 0    22.3 0    70.7 0     0.0 0     0.0 0   968.7 0
 2026 208  7 27  0 36  0.600  91.23     1.3 0    -0.4 0     0.0 0     1.8 0   391.7 0   295.660 0   295.480 0   420.0 0   295.798 0   295.791 0     0.0 0     0.8 0     1.8 0   -28.3 0   -26.5 0    22.3 0    71.2 0     0.0 0     0.0 0   968.7 0
 2026 208  7 27  0 37  0.617  91.40     1.2 0    -0.4 0     0.1 0     1.7 0   392.8 0   295.643 0   295.477 0   420.2 0   295.766 0   295.757 0     0.0 0     0.7 0     1.7 0   -27.4 0   -25.7 0    22.2 0    71.2 0     0.0 0     0.0 0   968.7 0
 2026 208  7 27  0 38  0.633  91.57     1.0 0    -0.4 0     0.1 0     1.5 0   392.6 0   295.628 0   295.467 0   420.2 0   295.733 0   295.727 0     0.0 0     0.7 0     1.5 0   -27.5 0   -26.0 0    22.2 0    71.4 0     0.0 0     0.0 0   968.7 0
 2026 208  7 27  0 39  0.650  91.74     0.8 0    -0.4 0     0.1 0     1.3 0   391.5 0   295.616 0   295.439 0   420.1 0   295.703 0   295.698 0     0.0 0     0.6 0     1.3 0   -28.6 0   -27.3 0    22.2 0    71.5 0     0.0 0     0.0 0   968.7 0
 2026 208  7 27  0 40  0.667  91.91     0.8 0    -0.4 0     0.2 0     1.2 0   390.5 0   295.597 0   295.398 0   419.8 0   295.673 0   295.670 0     0.0 0     0.5 0     1.2 0   -29.3 0   -28.1 0    22.2 0    71.7 0     0.0 0     0.0 0   968.7 0
 2026 208  7 27  0 41  0.683  92.08     0.6 0    -0.5 0     0.2 0     1.1 0   389.4 0   295.575 0   295.393 0   419.6 0   295.644 0   295.637 0     0.0 0     0.5 0     1.1 0   -30.2 0   -29.1 0    22.2 0    72.6 0     0.0 0     0.0 0   968.7 0
 2026 208  7 27  0 42  0.700  92.24     0.4 0    -0.5 0     0.1 0     1.0 0   388.1 0   295.557 0   295.380 0   419.5 0   295.614 0   295.607 0     0.0 0     0.4 0     1.0 0   -31.4 0   -30.4 0    22.2 0    74.2 0     0.0 0     0.0 0   968.7 0
 2026 208  7 27  0 43  0.717  92.41     0.3 0    -0.5 0     0.1 0     0.8 0   386.9 0   295.542 0   295.359 0   419.3 0   295.585 0   295.577 0     0.0 0     0.4 0     0.8 0   -32.4 0   -31.6 0    22.2 0    74.8 0     0.0 0     0.0 0   968.7 0
 2026 208  7 27  0 44  0.733  92.58     0.2 0    -0.5 0     0.1 0     0.7 0   385.7 0   295.526 0   295.335 0   419.1 0   295.555 0   295.553 0     0.0 0     0.3 0     0.7 0   -33.4 0   -32.7 0    22.1 0    74.8 0     0.0 0     0.0 0   968.7 0
 2026 208  7 27  0 45  0.750  92.75     0.1 0    -0.6 0     0.1 0     0.6 0   384.6 0   295.505 0   295.307 0   418.8 0   295.527 0   295.526 0     0.0 0     0.3 0     0.6 0   -34.3 0   -33.7 0    22.1 0    74.9 0     0.0 0     0.0 0   968.7 0
 2026 208  7 27  0 46  0.767  92.91    -0.1 0    -0.6 0     0.1 0     0.5 0   383.5 0   295.483 0   295.284 0   418.6 0   295.498 0   295.495 0     0.0 0     0.2 0     0.5 0   -35.1 0   -34.5 0    22.1 0    75.7 0     0.0 0     0.0 0   968.7 0
 2026 208  7 27  0 47  0.783  93.08    -0.2 0    -0.6 0     0.2 0     0.4 0   382.4 0   295.460 0   295.217 0   418.2 0   295.468 0   295.463 0     0.0 0     0.2 0     0.4 0   -35.8 0   -35.4 0    22.0 0    75.9 0     0.0 0     0.0 0   968.7 0
 2026 208  7 27  0 48  0.800  93.24    -0.2 0    -0.6 0     0.2 0     0.3 0   381.4 0   295.422 0   295.158 0   417.8 0   295.438 0   295.431 0     0.0 0     0.2 0     0.3 0   -36.4 0   -36.1 0    22.0 0    75.9 0     0.0 0     0.0 0   968.7 0
 2026 208  7 27  0 49  0.817  93.41    -0.2 0    -0.6 0     0.3 0     0.3 0   380.3 0   295.375 0   295.136 0   417.5 0   295.407 0   295.402 0     0.0 0     0.2 0     0.3 0   -37.2 0   -36.9 0    22.0 0    75.9 0     0.0 0     0.0 0   968.7 0
 2026 208  7 27  0 50  0.833  93.58    -0.2 0    -0.6 0     0.3 0     0.2 0   378.8 0   295.336 0   295.099 0   417.2 0   295.375 0   295.368 0     0.0 0     0.1 0     0.2 0   -38.4 0   -38.2 0    21.9 0    75.1 0     0.0 0     0.0 0   968.7 0
 2026 208  7 27  0 51  0.850  93.74    -0.3 0    -0.6 0     0.3 0     0.2 0   377.4 0   295.298 0   295.052 0   416.8 0   295.343 0   295.337 0     0.0 0     0.1 0     0.2 0   -39.4 0   -39.2 0    21.9 0    75.0 0     0.0 0     0.0 0   968.7 0
 2026 208  7 27  0 52  0.867  93.91    -0.4 0    -0.6 0     0.3 0     0.1 0   375.7 0   295.260 0   294.998 0   416.4 0   295.308 0   295.299 0     0.0 0     0.1 0     0.1 0   -40.6 0   -40.5 0    21.9 0    74.9 0     0.0 0     0.0 0   968.7 0
 2026 208  7 27  0 53  0.883  94.07    -0.4 0    -0.5 0     0.3 0     0.1 0   374.4 0   295.221 0   294.967 0   416.0 0   295.271 0   295.263 0     0.0 0     0.1 0     0.1 0   -41.6 0   -41.5 0    21.8 0    75.2 0     0.0 0     0.0 0   968.7 0
 2026 208  7 27  0 54  0.900  94.23    -0.5 0    -0.6 0     0.3 0     0.0 0   372.8 0   295.182 0   294.905 0   415.6 0   295.234 0   295.227 0     0.0 0     0.1 0     0.0 0   -42.9 0   -42.8 0    21.8 0    75.1 0     0.0 0     0.0 0   968.7 0
 2026 208  7 27  0 55  0.917  94.40    -0.5 0    -0.6 0     0.4 0     0.0 0   371.3 0   295.136 0   294.829 0   415.2 0   295.198 0   295.189 0     0.0 0     0.0 0     0.0 0   -43.9 0   -43.9 0    21.7 0    75.0 0     0.0 0     0.0 0   968.7 0
 2026 208  7 27  0 56  0.933  94.56    -0.5 0    -0.6 0     0.4 0     0.0 0   370.4 0   295.083 0   294.778 0   414.8 0   295.162 0   295.153 0     0.0 0     0.0 0     0.0 0   -44.5 0   -44.5 0    21.7 0    75.1 0     0.0 0     0.0 0   968.7 0
 2026 208  7 27  0 57  0.950  94.73    -0.5 0    -0.6 0     0.4 0    -0.1 0   369.6 0   295.029 0   294.731 0   414.5 0   295.126 0   295.119 0     0.0 0     0.0 0     0.0 0   -44.9 0   -44.9 0    21.7 0    75.1 0     0.0 0     0.0 0   968.7 0
 2026 208  7 27  0 58  0.967  94.89    -0.5 0    -0.6 0     0.4 0    -0.1 0   369.1 0   294.977 0   294.675 0   414.0 0   295.090 0   295.078 0     0.0 0     0.0 0     0.0 0   -44.9 0   -44.9 0    21.6 0    74.9 0     0.0 0     0.0 0   968.7 0
 2026 208  7 27  0 59  0.983  95.05    -0.5 0    -0.6 0     0.4 0    -0.1 0   369.2 0   294.925 0   294.617 0   413.8 0   295.050 0   295.037 0     0.0 0     0.0 0     0.0 0   -44.7 0   -44.7 0    21.6 0    74.1 0     0.1 0   238.1 0   968.8 0
 2026 208  7 27  1  0  1.000  95.22    -0.5 0    -0.6 0     0.4 0    -0.1 0   369.2 0   294.869 0   294.556 0   413.5 0   295.010 0   295.001 0     0.0 0     0.0 0     0.0 0   -44.3 0   -44.3 0    21.6 0    72.1 0     0.6 0   239.7 0   968.8 0
 2026 208  7 27  1  1  1.017  95.38    -0.4 0    -0.6 0     0.4 0    -0.1 0   369.4 0   294.811 0   294.498 0   413.4 0   294.971 0   294.966 0     0.0 0     0.0 0     0.0 0   -43.9 0   -43.9 0    21.6 0    71.0 0     0.7 0   239.9 0   968.8 0
 2026 208  7 27  1  2  1.033  95.54    -0.4 0    -0.6 0     0.4 0    -0.1 0   369.4 0   294.752 0   294.440 0   413.2 0   294.935 0   294.927 0     0.0 0     0.0 0     0.0 0   -43.7 0   -43.7 0    21.7 0    70.5 0     0.7 0   253.3 0   968.8 0
 2026 208  7 27  1  3  1.050  95.70    -0.4 0    -0.5 0     0.4 0    -0.1 0   369.4 0   294.693 0   294.380 0   413.0 0   294.897 0   294.887 0     0.0 0     0.0 0     0.0 0   -43.6 0   -43.6 0    21.8 0    70.3 0     0.7 0   262.0 0   968.8 0
 2026 208  7 27  1  4  1.067  95.86    -0.4 0    -0.5 0     0.4 0    -0.1 0   369.6 0   294.635 0   294.336 0   413.1 0   294.860 0   294.855 0     0.0 0     0.0 0     0.0 0   -43.5 0   -43.5 0    21.8 0    69.7 0     0.6 0   260.2 0   968.9 0
 2026 208  7 27  1  5  1.083  96.02    -0.4 0    -0.5 0     0.3 0    -0.1 0   369.4 0   294.581 0   294.302 0   412.8 0   294.828 0   294.822 0     0.0 0     0.0 0     0.0 0   -43.4 0   -43.4 0    21.9 0    69.3 0     0.6 0   252.6 0   968.9 0
 2026 208  7 27  1  6  1.100  96.19    -0.4 0    -0.6 0     0.3 0    -0.1 0   369.1 0   294.534 0   294.285 0   412.7 0   294.797 0   294.793 0     0.0 0     0.0 0     0.0 0   -43.6 0   -43.6 0    21.9 0    68.7 0     0.6 0   252.5 0   968.9 0
 2026 208  7 27  1  7  1.117  96.35    -0.5 0    -0.6 0     0.2 0    -0.1 0   368.3 0   294.495 0   294.253 0   412.4 0   294.767 0   294.763 0     0.0 0     0.0 0     0.0 0   -44.2 0   -44.2 0    22.0 0    68.4 0     0.6 0   252.5 0   968.9 0
 2026 208  7 27  1  8  1.133  96.51    -0.5 0    -0.5 0     0.1 0    -0.1 0   367.5 0   294.460 0   294.228 0   412.1 0   294.739 0   294.735 0     0.0 0     0.0 0     0.0 0   -44.7 0   -44.7 0    22.0 0    68.3 0     0.5 0   252.5 0   968.9 0
 2026 208  7 27  1  9  1.150  96.67    -0.5 0    -0.5 0     0.1 0    -0.1 0   366.7 0   294.427 0   294.177 0   411.8 0   294.711 0   294.705 0     0.0 0     0.0 0     0.0 0   -45.1 0   -45.1 0    22.0 0    68.6 0     0.3 0   252.5 0   968.9 0
 2026 208  7 27  1 10  1.167  96.83    -0.5 0    -0.5 0     0.1 0    -0.1 0   366.2 0   294.391 0   294.124 0   411.3 0   294.682 0   294.674 0     0.0 0     0.0 0     0.0 0   -45.1 0   -45.1 0    22.0 0    69.4 0     0.1 0   252.5 0   968.9 0
 2026 208  7 27  1 11  1.183  96.98    -0.7 0    -0.4 0     0.0 0    -0.1 0   366.5 0   294.357 0   294.124 0   410.4 0   294.652 0   294.627 0     0.0 0     0.0 0     0.0 0   -43.9 0   -43.9 0    21.9 0    72.8 0     0.0 0     0.0 0   969.0 0
 2026 208  7 27  1 12  1.200  97.14    -0.8 0    -0.4 0     0.0 0    -0.1 0   367.7 0   294.334 0   294.099 0   410.7 0   294.617 0   294.589 0     0.0 0     0.0 0     0.0 0   -43.0 0   -43.0 0    21.8 0    74.6 0     0.0 0     0.0 0   969.0 0
 2026 208  7 27  1 13  1.217  97.30    -0.9 0    -0.5 0     0.0 0    -0.1 0   370.6 0   294.311 0   294.067 0   411.2 0   294.581 0   294.564 0     0.0 0     0.0 0     0.0 0   -40.6 0   -40.6 0    21.7 0    75.0 0     0.0 0     0.0 0   969.0 0
 2026 208  7 27  1 14  1.233  97.46    -0.9 0    -0.7 0     0.0 0    -0.1 0   373.5 0   294.284 0   294.057 0   411.6 0   294.549 0   294.542 0     0.0 0     0.0 0     0.0 0   -38.2 0   -38.2 0    21.6 0    74.8 0     0.0 0     0.0 0   969.0 0
 2026 208  7 27  1 15  1.250  97.62    -0.9 0    -0.7 0     0.0 0    -0.1 0   375.4 0   294.260 0   294.029 0   411.8 0   294.519 0   294.510 0     0.0 0     0.0 0     0.0 0   -36.4 0   -36.4 0    21.5 0    75.4 0     0.0 0     0.0 0   969.1 0
 2026 208  7 27  1 16  1.267  97.78    -0.9 0    -0.7 0     0.0 0    -0.1 0   377.1 0   294.233 0   294.009 0   411.9 0   294.487 0   294.480 0     0.0 0     0.0 0     0.0 0   -34.8 0   -34.8 0    21.4 0    76.4 0     0.0 0     0.0 0   969.1 0
 2026 208  7 27  1 17  1.283  97.93    -0.8 0    -0.7 0     0.0 0    -0.1 0   378.3 0   294.206 0   293.992 0   411.9 0   294.454 0   294.447 0     0.0 0     0.0 0     0.0 0   -33.7 0   -33.7 0    21.4 0    76.9 0     0.0 0     0.0 0   969.1 0
 2026 208  7 27  1 18  1.300  98.09    -0.9 0    -0.7 0    -0.1 0    -0.1 0   378.9 0   294.181 0   293.979 0   411.8 0   294.421 0   294.412 0     0.0 0     0.0 0     0.0 0   -32.9 0   -32.9 0    21.3 0    77.7 0     0.0 0     0.0 0   969.1 0
 2026 208  7 27  1 19  1.317  98.25    -0.9 0    -0.8 0    -0.1 0    -0.1 0   378.8 0   294.160 0   293.968 0   411.8 0   294.388 0   294.382 0     0.0 0     0.0 0     0.0 0   -33.0 0   -33.0 0    21.2 0    78.4 0     0.0 0     0.0 0   969.1 0
 2026 208  7 27  1 20  1.333  98.40    -0.8 0    -0.7 0     0.0 0    -0.1 0   377.7 0   294.139 0   293.933 0   411.9 0   294.356 0   294.353 0     0.0 0     0.0 0     0.0 0   -34.2 0   -34.2 0    21.2 0    78.7 0     0.0 0     0.0 0   969.1 0
 2026 208  7 27  1 21  1.350  98.56    -0.7 0    -0.7 0     0.0 0    -0.1 0   376.2 0   294.113 0   293.888 0   412.1 0   294.325 0   294.323 0     0.0 0     0.0 0     0.0 0   -35.9 0   -35.9 0    21.1 0    78.7 0     0.0 0     0.0 0   969.2 0
 2026 208  7 27  1 22  1.367  98.72    -0.6 0    -0.8 0     0.0 0    -0.1 0   374.9 0   294.079 0   293.846 0   412.1 0   294.294 0   294.296 0     0.0 0     0.0 0     0.0 0   -37.2 0   -37.2 0    21.1 0    78.7 0     0.0 0     0.0 0   969.1 0
 2026 208  7 27  1 23  1.383  98.87    -0.6 0    -0.8 0     0.0 0    -0.1 0   374.2 0   294.045 0   293.813 0   412.0 0   294.265 0   294.268 0     0.0 0     0.0 0     0.0 0   -37.7 0   -37.7 0    21.0 0    78.6 0     0.0 0     0.0 0   969.1 0
 2026 208  7 27  1 24  1.400  99.03    -0.7 0    -0.7 0     0.0 0    -0.1 0   374.3 0   294.012 0   293.788 0   411.9 0   294.235 0   294.240 0     0.0 0     0.0 0     0.0 0   -37.6 0   -37.6 0    21.0 0    78.5 0     0.0 0     0.0 0   969.1 0
 2026 208  7 27  1 25  1.417  99.18    -0.7 0    -0.7 0     0.0 0    -0.1 0   375.4 0   293.981 0   293.766 0   411.7 0   294.206 0   294.210 0     0.0 0     0.0 0     0.0 0   -36.3 0   -36.3 0    21.0 0    78.5 0     0.0 0     0.0 0   969.2 0
 2026 208  7 27  1 26  1.433  99.33    -0.8 0    -0.7 0     0.0 0    -0.1 0   377.8 0   293.955 0   293.761 0   411.8 0   294.178 0   294.184 0     0.0 0     0.0 0     0.0 0   -34.1 0   -34.1 0    21.0 0    78.7 0     0.0 0     0.0 0   969.2 0
 2026 208  7 27  1 27  1.450  99.49    -0.8 0    -0.7 0     0.0 0    -0.1 0   380.5 0   293.935 0   293.760 0   412.0 0   294.149 0   294.158 0     0.0 0     0.0 0     0.0 0   -31.5 0   -31.5 0    21.0 0    78.7 0     0.0 0     0.0 0   969.2 0
 2026 208  7 27  1 28  1.467  99.64    -0.8 0    -0.6 0    -0.1 0    -0.1 0   383.5 0   293.918 0   293.755 0   412.1 0   294.122 0   294.132 0     0.0 0     0.0 0     0.0 0   -28.7 0   -28.7 0    20.9 0    78.6 0     0.0 0     0.0 0   969.2 0
 2026 208  7 27  1 29  1.483  99.80    -0.8 0    -0.6 0    -0.1 0    -0.1 0   386.9 0   293.905 0   293.759 0   412.5 0   294.095 0   294.104 0     0.0 0     0.0 0     0.0 0   -25.6 0   -25.6 0    20.9 0    78.5 0     0.0 0     0.0 0   969.3 0
 2026 208  7 27  1 30  1.500  99.95    -0.9 0    -0.6 0    -0.1 0    -0.1 0   389.0 0   293.895 0   293.759 0   412.7 0   294.068 0   294.079 0     0.0 0     0.0 0     0.0 0   -23.7 0   -23.7 0    20.9 0    78.6 0     0.0 0     0.0 0   969.3 0
 2026 208  7 27  1 31  1.517 100.10    -0.9 0    -0.6 0     0.0 0    -0.1 0   389.7 0   293.886 0   293.734 0   412.9 0   294.042 0   294.054 0     0.0 0     0.0 0     0.0 0   -23.2 0   -23.2 0    20.9 0    78.8 0     0.0 0     0.0 0   969.3 0
 2026 208  7 27  1 32  1.533 100.25    -0.8 0    -0.6 0     0.0 0    -0.1 0   390.0 0   293.869 0   293.703 0   413.1 0   294.016 0   294.027 0     0.0 0     0.0 0     0.0 0   -23.1 0   -23.1 0    20.9 0    79.0 0     0.0 0     0.0 0   969.3 0
 2026 208  7 27  1 33  1.550 100.41    -0.7 0    -0.5 0     0.0 0    -0.1 0   390.1 0   293.848 0   293.690 0   413.3 0   293.989 0   294.000 0     0.0 0     0.0 0     0.0 0   -23.1 0   -23.1 0    20.9 0    79.5 0     0.0 0     0.0 0   969.3 0
 2026 208  7 27  1 34  1.567 100.56    -0.7 0    -0.5 0     0.0 0    -0.1 0   391.4 0   293.827 0   293.666 0   413.5 0   293.962 0   293.974 0     0.0 0     0.0 0     0.0 0   -22.1 0   -22.1 0    20.9 0    79.8 0     0.0 0     0.0 0   969.3 0
 2026 208  7 27  1 35  1.583 100.71    -0.7 0    -0.4 0     0.0 0    -0.1 0   393.6 0   293.807 0   293.655 0   413.8 0   293.936 0   293.950 0     0.0 0     0.0 0     0.0 0   -20.2 0   -20.2 0    20.9 0    80.0 0     0.0 0     0.0 0   969.3 0
 2026 208  7 27  1 36  1.600 100.86    -0.7 0    -0.4 0    -0.1 0    -0.1 0   396.0 0   293.788 0   293.656 0   414.1 0   293.910 0   293.924 0     0.0 0     0.0 0     0.0 0   -18.2 0   -18.2 0    20.8 0    79.6 0     0.0 0   232.3 0   969.3 0
 2026 208  7 27  1 37  1.617 101.01    -0.8 0    -0.3 0    -0.1 0    -0.1 0   397.9 0   293.775 0   293.673 0   414.6 0   293.885 0   293.899 0     0.0 0     0.0 0     0.0 0   -16.7 0   -16.7 0    20.8 0    78.8 0     0.4 0   228.4 0   969.4 0
 2026 208  7 27  1 38  1.633 101.16    -0.8 0    -0.3 0     0.0 0    -0.1 0   399.0 0   293.770 0   293.660 0   414.9 0   293.859 0   293.877 0     0.0 0     0.0 0     0.0 0   -15.9 0   -15.9 0    20.8 0    78.3 0     0.7 0   235.3 0   969.4 0
 2026 208  7 27  1 39  1.650 101.31    -0.9 0    -0.3 0     0.0 0    -0.1 0   399.4 0   293.764 0   293.638 0   415.3 0   293.835 0   293.854 0     0.0 0     0.0 0     0.0 0   -15.9 0   -15.9 0    20.8 0    78.3 0     0.9 0   231.0 0   969.4 0
 2026 208  7 27  1 40  1.667 101.46    -0.9 0    -0.2 0     0.0 0     0.0 0   399.5 0   293.754 0   293.631 0   415.6 0   293.813 0   293.831 0     0.0 0     0.0 0     0.0 0   -16.1 0   -16.1 0    20.8 0    78.6 0     0.9 0   223.8 0   969.4 0
 2026 208  7 27  1 41  1.683 101.61    -0.9 0    -0.2 0     0.0 0     0.0 0   399.5 0   293.743 0   293.632 0   415.8 0   293.791 0   293.810 0     0.0 0     0.0 0     0.0 0   -16.3 0   -16.3 0    20.8 0    78.6 0     0.9 0   223.7 0   969.4 0
 2026 208  7 27  1 42  1.700 101.76    -0.9 0    -0.2 0     0.0 0     0.0 0   399.8 0   293.735 0   293.643 0   415.7 0   293.770 0   293.790 0     0.0 0     0.0 0     0.0 0   -15.9 0   -15.9 0    20.8 0    79.2 0     1.0 0   235.3 0   969.4 0
 2026 208  7 27  1 43  1.717 101.90    -0.9 0    -0.2 0     0.0 0     0.0 0   400.6 0   293.735 0   293.630 0   415.5 0   293.750 0   293.767 0     0.0 0     0.0 0     0.0 0   -14.9 0   -14.9 0    20.8 0    80.7 0     1.1 0   243.0 0   969.4 0
 2026 208  7 27  1 44  1.733 102.05    -0.9 0    -0.2 0     0.1 0    -0.1 0   401.0 0   293.732 0   293.605 0   415.4 0   293.728 0   293.741 0     0.0 0     0.0 0     0.0 0   -14.4 0   -14.4 0    20.7 0    81.3 0     1.2 0   240.4 0   969.4 0
 2026 208  7 27  1 45  1.750 102.20    -0.8 0    -0.1 0     0.2 0    -0.1 0   400.6 0   293.718 0   293.559 0   415.2 0   293.704 0   293.712 0     0.0 0     0.0 0     0.0 0   -14.6 0   -14.6 0    20.6 0    80.9 0     1.3 0   236.7 0   969.4 0
 2026 208  7 27  1 46  1.767 102.35    -0.6 0    -0.1 0     0.3 0    -0.1 0   400.3 0   293.688 0   293.517 0   415.6 0   293.677 0   293.689 0     0.0 0     0.0 0     0.0 0   -15.4 0   -15.4 0    20.6 0    79.0 0     1.6 0   244.2 0   969.5 0
 2026 208  7 27  1 47  1.783 102.49    -0.6 0    -0.2 0     0.4 0    -0.1 0   400.3 0   293.656 0   293.505 0   416.4 0   293.655 0   293.685 0     0.0 0     0.0 0     0.0 0   -16.0 0   -16.0 0    20.6 0    76.1 0     1.5 0   249.1 0   969.5 0
 2026 208  7 27  1 48  1.800 102.64    -0.6 0    -0.2 0     0.3 0     0.0 0   400.3 0   293.630 0   293.504 0   416.4 0   293.643 0   293.678 0     0.0 0     0.0 0     0.0 0   -16.1 0   -16.1 0    20.8 0    74.5 0     1.7 0   247.5 0   969.5 0
 2026 208  7 27  1 49  1.817 102.78    -0.6 0    -0.2 0     0.2 0     0.0 0   400.1 0   293.612 0   293.505 0   416.2 0   293.633 0   293.670 0     0.0 0     0.0 0     0.0 0   -16.2 0   -16.2 0    20.9 0    73.7 0     1.7 0   244.9 0   969.5 0
 2026 208  7 27  1 50  1.833 102.93    -0.6 0    -0.2 0     0.1 0     0.0 0   399.3 0   293.602 0   293.528 0   415.9 0   293.626 0   293.661 0     0.0 0     0.0 0     0.0 0   -16.6 0   -16.6 0    21.0 0    73.2 0     1.5 0   239.4 0   969.5 0
 2026 208  7 27  1 51  1.850 103.08    -0.7 0    -0.1 0     0.0 0     0.0 0   397.2 0   293.605 0   293.541 0   415.5 0   293.619 0   293.648 0     0.0 0     0.0 0     0.0 0   -18.3 0   -18.3 0    21.0 0    73.3 0     1.6 0   240.2 0   969.5 0
 2026 208  7 27  1 52  1.867 103.22    -0.8 0    -0.1 0     0.0 0     0.0 0   394.6 0   293.612 0   293.526 0   415.3 0   293.611 0   293.638 0     0.0 0     0.0 0     0.0 0   -20.6 0   -20.6 0    21.0 0    73.2 0     1.5 0   243.1 0   969.5 0
 2026 208  7 27  1 53  1.883 103.36    -0.9 0     0.0 0     0.1 0     0.0 0   392.3 0   293.616 0   293.513 0   414.9 0   293.602 0   293.628 0     0.0 0     0.0 0     0.0 0   -22.6 0   -22.6 0    21.0 0    72.8 0     1.4 0   245.7 0   969.5 0
 2026 208  7 27  1 54  1.900 103.51    -0.9 0     0.0 0     0.1 0    -0.1 0   389.0 0   293.614 0   293.494 0   414.6 0   293.593 0   293.614 0     0.0 0     0.0 0     0.0 0   -25.7 0   -25.7 0    21.0 0    73.1 0     1.3 0   254.3 0   969.5 0
 2026 208  7 27  1 55  1.917 103.65    -0.9 0     0.0 0     0.2 0    -0.1 0   386.1 0   293.609 0   293.466 0   414.8 0   293.585 0   293.609 0     0.0 0     0.0 0     0.0 0   -28.7 0   -28.7 0    21.1 0    72.7 0     1.1 0   250.8 0   969.5 0
 2026 208  7 27  1 56  1.933 103.79    -0.9 0    -0.1 0     0.2 0    -0.1 0   383.8 0   293.599 0   293.457 0   414.8 0   293.580 0   293.609 0     0.0 0     0.0 0     0.0 0   -31.0 0   -31.0 0    21.1 0    72.5 0     1.1 0   236.0 0   969.5 0
 2026 208  7 27  1 57  1.950 103.94    -0.9 0    -0.1 0     0.1 0     0.0 0   382.0 0   293.589 0   293.477 0   414.7 0   293.578 0   293.609 0     0.0 0     0.0 0     0.0 0   -32.7 0   -32.7 0    21.2 0    71.9 0     1.1 0   232.9 0   969.5 0
 2026 208  7 27  1 58  1.967 104.08    -0.9 0    -0.1 0     0.0 0     0.0 0   381.2 0   293.587 0   293.494 0   414.4 0   293.577 0   293.608 0     0.0 0     0.0 0     0.0 0   -33.2 0   -33.2 0    21.3 0    71.5 0     1.0 0   233.1 0   969.5 0
 2026 208  7 27  1 59  1.983 104.22    -1.0 0    -0.1 0     0.0 0     0.0 0   381.5 0   293.591 0   293.483 0   413.9 0   293.575 0   293.602 0     0.0 0     0.0 0     0.0 0   -32.5 0   -32.5 0    21.3 0    71.2 0     0.8 0   233.1 0   969.5 0
 2026 208  7 27  2  0  2.000 104.36    -1.0 0    -0.1 0     0.0 0    -0.1 0   382.9 0   293.594 0   293.470 0   413.6 0   293.571 0   293.595 0     0.0 0     0.0 0     0.0 0   -30.7 0   -30.7 0    21.4 0    71.3 0     0.8 0   242.3 0   969.5 0
 2026 208  7 27  2  1  2.017 104.50    -1.0 0     0.0 0     0.0 0    -0.1 0   384.3 0   293.590 0   293.459 0   413.5 0   293.565 0   293.585 0     0.0 0     0.0 0     0.0 0   -29.2 0   -29.2 0    21.3 0    71.6 0     0.9 0   248.6 0   969.5 0
 2026 208  7 27  2  2  2.033 104.64    -1.0 0     0.0 0     0.0 0    -0.1 0   385.1 0   293.582 0   293.446 0   413.6 0   293.559 0   293.581 0     0.0 0     0.0 0     0.0 0   -28.5 0   -28.5 0    21.3 0    71.8 0     0.8 0   251.2 0   969.6 0
 2026 208  7 27  2  3  2.050 104.78    -0.9 0     0.0 0     0.0 0    -0.1 0   385.9 0   293.570 0   293.443 0   413.6 0   293.555 0   293.576 0     0.0 0     0.0 0     0.0 0   -27.7 0   -27.7 0    21.3 0    71.9 0     0.9 0   258.9 0   969.6 0
 2026 208  7 27  2  4  2.067 104.92    -0.9 0    -0.1 0     0.0 0     0.0 0   387.3 0   293.561 0   293.460 0   413.7 0   293.550 0   293.572 0     0.0 0     0.0 0     0.0 0   -26.4 0   -26.4 0    21.3 0    72.1 0     0.7 0   254.5 0   969.6 0
 2026 208  7 27  2  5  2.083 105.06    -0.9 0    -0.1 0     0.0 0    -0.1 0   388.2 0   293.558 0   293.461 0   413.6 0   293.547 0   293.568 0     0.0 0     0.0 0     0.0 0   -25.4 0   -25.4 0    21.3 0    72.2 0     0.7 0   246.8 0   969.6 0
 2026 208  7 27  2  6  2.100 105.20    -0.9 0     0.0 0     0.0 0    -0.1 0   388.6 0   293.556 0   293.451 0   413.6 0   293.542 0   293.562 0     0.0 0     0.0 0     0.0 0   -25.0 0   -25.0 0    21.3 0    72.3 0     0.8 0   246.9 0   969.6 0
 2026 208  7 27  2  7  2.117 105.34    -0.9 0     0.0 0     0.0 0    -0.1 0   388.8 0   293.554 0   293.451 0   413.6 0   293.536 0   293.556 0     0.0 0     0.0 0     0.0 0   -24.8 0   -24.8 0    21.2 0    72.8 0     0.9 0   255.9 0   969.6 0
 2026 208  7 27  2  8  2.133 105.47    -0.9 0    -0.1 0    -0.1 0    -0.1 0   389.2 0   293.552 0   293.458 0   413.8 0   293.531 0   293.553 0     0.0 0     0.0 0     0.0 0   -24.5 0   -24.5 0    21.2 0    73.2 0     0.8 0   247.4 0   969.6 0
 2026 208  7 27  2  9  2.150 105.61    -1.0 0    -0.1 0    -0.1 0    -0.1 0   389.3 0   293.552 0   293.454 0   413.6 0   293.526 0   293.547 0     0.0 0     0.0 0     0.0 0   -24.2 0   -24.2 0    21.2 0    73.5 0     1.1 0   261.3 0   969.6 0
 2026 208  7 27  2 10  2.167 105.75    -1.0 0    -0.1 0     0.0 0    -0.1 0   389.2 0   293.551 0   293.428 0   413.6 0   293.521 0   293.543 0     0.0 0     0.0 0     0.0 0   -24.4 0   -24.4 0    21.1 0    73.7 0     1.2 0   266.2 0   969.6 0
 2026 208  7 27  2 11  2.183 105.88    -0.9 0    -0.1 0     0.0 0    -0.1 0   389.1 0   293.542 0   293.400 0   413.7 0   293.517 0   293.542 0     0.0 0     0.0 0     0.0 0   -24.7 0   -24.7 0    21.1 0    73.7 0     1.2 0   262.1 0   969.6 0
 2026 208  7 27  2 12  2.200 106.02    -0.9 0    -0.1 0     0.1 0    -0.1 0   388.1 0   293.528 0   293.389 0   413.7 0   293.515 0   293.539 0     0.0 0     0.0 0     0.0 0   -25.6 0   -25.6 0    21.1 0    73.7 0     1.2 0   260.0 0   969.6 0
 2026 208  7 27  2 13  2.217 106.16    -0.9 0    -0.2 0     0.0 0     0.0 0   386.4 0   293.514 0   293.393 0   413.5 0   293.513 0   293.536 0     0.0 0     0.0 0     0.0 0   -27.2 0   -27.2 0    21.2 0    73.8 0     1.2 0   257.1 0   969.6 0
 2026 208  7 27  2 14  2.233 106.29    -0.9 0    -0.1 0     0.0 0     0.0 0   383.9 0   293.506 0   293.396 0   413.2 0   293.511 0   293.531 0     0.0 0     0.0 0     0.0 0   -29.3 0   -29.3 0    21.2 0    73.9 0     1.2 0   254.9 0   969.6 0
 2026 208  7 27  2 15  2.250 106.43    -0.9 0    -0.1 0    -0.1 0     0.0 0   381.0 0   293.503 0   293.382 0   412.8 0   293.506 0   293.524 0     0.0 0     0.0 0     0.0 0   -31.8 0   -31.8 0    21.1 0    73.9 0     1.1 0   254.9 0   969.6 0
 2026 208  7 27  2 16  2.267 106.56    -1.0 0     0.0 0    -0.1 0    -0.1 0   378.4 0   293.498 0   293.368 0   412.4 0   293.500 0   293.516 0     0.0 0     0.0 0     0.0 0   -34.0 0   -34.0 0    21.1 0    74.2 0     1.1 0   256.8 0   969.6 0
 2026 208  7 27  2 17  2.283 106.69    -1.0 0     0.0 0    -0.1 0     0.0 0   376.3 0   293.493 0   293.361 0   412.1 0   293.492 0   293.507 0     0.0 0     0.0 0     0.0 0   -35.8 0   -35.8 0    21.0 0    74.7 0     1.2 0   265.4 0   969.6 0
 2026 208  7 27  2 18  2.300 106.83    -1.0 0     0.0 0     0.0 0    -0.1 0   374.8 0   293.486 0   293.334 0   411.8 0   293.483 0   293.496 0     0.0 0     0.0 0     0.0 0   -37.0 0   -37.0 0    21.0 0    75.2 0     1.4 0   269.1 0   969.6 0
 2026 208  7 27  2 19  2.317 106.96    -1.0 0    -0.1 0     0.0 0     0.0 0   374.5 0   293.476 0   293.322 0   411.6 0   293.473 0   293.487 0     0.0 0     0.0 0     0.0 0   -37.1 0   -37.1 0    20.9 0    75.5 0     1.2 0   254.8 0   969.6 0
 2026 208  7 27  2 20  2.333 107.09    -1.1 0    -0.1 0    -0.1 0     0.0 0   374.9 0   293.467 0   293.332 0   411.6 0   293.464 0   293.481 0     0.0 0     0.0 0     0.0 0   -36.7 0   -36.7 0    20.9 0    75.3 0     1.2 0   238.3 0   969.6 0
 2026 208  7 27  2 21  2.350 107.22    -1.1 0    -0.2 0    -0.2 0     0.0 0   375.4 0   293.467 0   293.375 0   411.7 0   293.457 0   293.477 0     0.0 0     0.0 0     0.0 0   -36.3 0   -36.3 0    20.9 0    74.7 0     1.1 0   222.3 0   969.6 0
 2026 208  7 27  2 22  2.367 107.35    -1.2 0    -0.2 0    -0.2 0     0.0 0   376.1 0   293.479 0   293.417 0   411.8 0   293.451 0   293.473 0     0.0 0     0.0 0     0.0 0   -35.7 0   -35.7 0    21.0 0    74.2 0     1.0 0   223.3 0   969.6 0
 2026 208  7 27  2 23  2.383 107.48    -1.2 0    -0.2 0    -0.3 0     0.0 0   375.7 0   293.499 0   293.416 0   410.6 0   293.445 0   293.458 0     0.0 0     0.0 0     0.0 0   -35.0 0   -35.0 0    21.0 0    75.0 0     0.8 0   246.4 0   969.7 0
 2026 208  7 27  2 24  2.400 107.61    -1.1 0    -0.1 0    -0.1 0    -0.1 0   374.2 0   293.504 0   293.310 0   410.3 0   293.431 0   293.429 0     0.0 0     0.0 0     0.0 0   -36.1 0   -36.1 0    21.0 0    77.2 0     1.3 0   299.7 0   969.7 0
 2026 208  7 27  2 25  2.417 107.74    -1.0 0    -0.1 0     0.0 0     0.0 0   373.7 0   293.485 0   293.307 0   411.1 0   293.412 0   293.421 0     0.0 0     0.0 0     0.0 0   -37.4 0   -37.4 0    20.8 0    77.5 0     1.2 0   287.7 0   969.7 0
 2026 208  7 27  2 26  2.433 107.87    -1.1 0    -0.2 0    -0.1 0     0.0 0   372.2 0   293.470 0   293.349 0   411.0 0   293.398 0   293.413 0     0.0 0     0.0 0     0.0 0   -38.8 0   -38.8 0    20.8 0    77.2 0     0.7 0   260.9 0   969.7 0
 2026 208  7 27  2 27  2.450 108.00    -1.2 0    -0.2 0    -0.2 0     0.0 0   369.4 0   293.473 0   293.387 0   410.5 0   293.387 0   293.403 0     0.0 0     0.0 0     0.0 0   -41.0 0   -41.0 0    20.8 0    77.0 0     0.6 0   237.7 0   969.6 0
 2026 208  7 27  2 28  2.467 108.13    -1.2 0    -0.3 0    -0.2 0    -0.1 0   366.7 0   293.485 0   293.367 0   409.7 0   293.375 0   293.388 0     0.0 0     0.0 0     0.0 0   -42.9 0   -42.9 0    20.8 0    77.1 0     0.3 0   238.1 0   969.6 0
 2026 208  7 27  2 29  2.483 108.26    -1.2 0    -0.2 0    -0.2 0    -0.1 0   364.8 0   293.490 0   293.347 0   409.1 0   293.362 0   293.372 0     0.0 0     0.0 0     0.0 0   -44.3 0   -44.3 0    20.8 0    77.3 0     0.1 0   254.1 0   969.6 0
 2026 208  7 27  2 30  2.500 108.38    -1.3 0    -0.2 0    -0.1 0    -0.1 0   363.6 0   293.487 0   293.308 0   408.5 0   293.346 0   293.352 0     0.0 0     0.0 0     0.0 0   -44.9 0   -44.9 0    20.8 0    77.3 0     0.8 0   296.5 0   969.6 0
 2026 208  7 27  2 31  2.517 108.51    -1.2 0    -0.2 0    -0.1 0    -0.1 0   363.8 0   293.472 0   293.260 0   408.3 0   293.329 0   293.336 0     0.0 0     0.0 0     0.0 0   -44.5 0   -44.5 0    20.7 0    77.2 0     0.9 0   295.2 0   969.6 0
 2026 208  7 27  2 32  2.533 108.64    -1.1 0    -0.2 0    -0.1 0    -0.1 0   365.0 0   293.447 0   293.230 0   408.3 0   293.313 0   293.321 0     0.0 0     0.0 0     0.0 0   -43.3 0   -43.3 0    20.7 0    76.8 0     0.5 0   292.2 0   969.6 0
 2026 208  7 27  2 33  2.550 108.76    -1.1 0    -0.3 0    -0.1 0    -0.1 0   366.3 0   293.421 0   293.218 0   408.2 0   293.297 0   293.306 0     0.0 0     0.0 0     0.0 0   -41.9 0   -41.9 0    20.7 0    76.8 0     0.4 0   278.2 0   969.6 0
 2026 208  7 27  2 34  2.567 108.89    -1.1 0    -0.3 0    -0.1 0    -0.1 0   367.4 0   293.399 0   293.215 0   408.2 0   293.281 0   293.293 0     0.0 0     0.0 0     0.0 0   -40.8 0   -40.8 0    20.7 0    76.9 0     0.4 0   266.4 0   969.6 0
 2026 208  7 27  2 35  2.583 109.01    -1.1 0    -0.3 0    -0.1 0    -0.1 0   368.2 0   293.383 0   293.210 0   408.1 0   293.266 0   293.276 0     0.0 0     0.0 0     0.0 0   -40.0 0   -40.0 0    20.7 0    76.8 0     0.4 0   266.4 0   969.6 0
 2026 208  7 27  2 36  2.600 109.13    -1.2 0    -0.3 0    -0.1 0    -0.1 0   368.5 0   293.370 0   293.205 0   407.9 0   293.249 0   293.257 0     0.0 0     0.0 0     0.0 0   -39.3 0   -39.3 0    20.7 0    77.0 0     0.5 0   268.6 0   969.6 0
 2026 208  7 27  2 37  2.617 109.26    -1.2 0    -0.3 0    -0.1 0    -0.1 0   368.6 0   293.361 0   293.202 0   407.4 0   293.231 0   293.236 0     0.0 0     0.0 0     0.0 0   -38.8 0   -38.8 0    20.7 0    77.2 0     0.6 0   283.0 0   969.6 0
 2026 208  7 27  2 38  2.633 109.38    -1.2 0    -0.3 0    -0.1 0    -0.1 0   368.0 0   293.352 0   293.178 0   407.2 0   293.211 0   293.215 0     0.0 0     0.0 0     0.0 0   -39.3 0   -39.3 0    20.6 0    77.7 0     0.4 0   315.7 0   969.6 0
 2026 208  7 27  2 39  2.650 109.50    -1.2 0    -0.3 0    -0.1 0    -0.1 0   367.3 0   293.340 0   293.152 0   407.2 0   293.191 0   293.196 0     0.0 0     0.0 0     0.0 0   -39.9 0   -39.9 0    20.5 0    78.7 0     0.1 0   331.4 0   969.6 0
 2026 208  7 27  2 40  2.667 109.62    -1.1 0    -0.3 0    -0.1 0    -0.1 0   366.7 0   293.324 0   293.131 0   407.2 0   293.170 0   293.179 0     0.0 0     0.0 0     0.0 0   -40.5 0   -40.5 0    20.5 0    78.6 0     0.0 0     0.0 0   969.6 0
 2026 208  7 27  2 41  2.683 109.75    -1.1 0    -0.3 0    -0.1 0    -0.1 0   365.4 0   293.306 0   293.099 0   406.9 0   293.149 0   293.157 0     0.0 0     0.0 0     0.0 0   -41.5 0   -41.5 0    20.4 0    78.9 0     0.0 0     0.0 0   969.6 0
 2026 208  7 27  2 42  2.700 109.87    -1.1 0    -0.3 0    -0.1 0    -0.1 0   363.6 0   293.285 0   293.060 0   406.9 0   293.127 0   293.133 0     0.0 0     0.0 0     0.0 0   -43.3 0   -43.3 0    20.4 0    79.5 0     0.0 0     0.0 0   969.6 0
 2026 208  7 27  2 43  2.717 109.99    -1.1 0    -0.3 0    -0.1 0    -0.1 0   361.6 0   293.262 0   293.027 0   406.9 0   293.105 0   293.112 0     0.0 0     0.0 0     0.0 0   -45.2 0   -45.2 0    20.3 0    80.2 0     0.1 0   340.7 0   969.6 0
 2026 208  7 27  2 44  2.733 110.11    -1.1 0    -0.3 0    -0.1 0    -0.1 0   360.9 0   293.238 0   293.002 0   406.7 0   293.082 0   293.090 0     0.0 0     0.0 0     0.0 0   -45.8 0   -45.8 0    20.3 0    80.7 0     0.4 0   121.0 0   969.6 0
 2026 208  7 27  2 45  2.750 110.22    -1.1 0    -0.4 0    -0.1 0     0.0 0   360.8 0   293.213 0   293.006 0   406.4 0   293.060 0   293.068 0     0.0 0     0.0 0     0.0 0   -45.6 0   -45.6 0    20.3 0    80.6 0     0.1 0   120.9 0   969.6 0
 2026 208  7 27  2 46  2.767 110.34    -1.1 0    -0.4 0    -0.1 0    -0.1 0   360.3 0   293.192 0   292.970 0   405.8 0   293.038 0   293.049 0     0.0 0     0.0 0     0.0 0   -45.5 0   -45.5 0    20.2 0    80.3 0     0.0 0     0.0 0   969.6 0
 2026 208  7 27  2 47  2.783 110.46    -1.0 0    -0.4 0    -0.1 0    -0.1 0   360.2 0   293.168 0   292.929 0   405.0 0   293.015 0   293.019 0     0.0 0     0.0 0     0.0 0   -44.8 0   -44.8 0    20.2 0    81.3 0     0.1 0   120.9 0   969.6 0
 2026 208  7 27  2 48  2.800 110.58    -1.0 0    -0.4 0    -0.1 0    -0.1 0   360.8 0   293.140 0   292.903 0   404.7 0   292.989 0   292.987 0     0.0 0     0.0 0     0.0 0   -43.9 0   -43.9 0    20.2 0    82.2 0     0.4 0   118.7 0   969.6 0
 2026 208  7 27  2 49  2.817 110.70    -1.0 0    -0.4 0    -0.1 0    -0.1 0   361.4 0   293.111 0   292.874 0   404.4 0   292.961 0   292.955 0     0.0 0     0.0 0     0.0 0   -42.9 0   -42.9 0    20.1 0    83.1 0     0.3 0   105.1 0   969.6 0
 2026 208  7 27  2 50  2.833 110.81    -0.8 0    -0.4 0    -0.1 0    -0.1 0   362.1 0   293.076 0   292.807 0   404.6 0   292.933 0   292.933 0     0.0 0     0.0 0     0.0 0   -42.6 0   -42.6 0    20.0 0    83.4 0     0.3 0   120.4 0   969.6 0
 2026 208  7 27  2 51  2.850 110.93    -0.8 0    -0.5 0    -0.1 0    -0.1 0   363.1 0   293.030 0   292.761 0   404.6 0   292.906 0   292.911 0     0.0 0     0.0 0     0.0 0   -41.5 0   -41.5 0    20.0 0    83.4 0     0.3 0   120.4 0   969.6 0
 2026 208  7 27  2 52  2.867 111.04    -0.8 0    -0.5 0    -0.1 0    -0.1 0   363.6 0   292.987 0   292.743 0   404.5 0   292.879 0   292.885 0     0.0 0     0.0 0     0.0 0   -40.9 0   -40.9 0    19.9 0    83.3 0     0.0 0   120.4 0   969.6 0
 2026 208  7 27  2 53  2.883 111.16    -0.8 0    -0.5 0    -0.1 0    -0.1 0   363.4 0   292.950 0   292.708 0   404.1 0   292.852 0   292.854 0     0.0 0     0.0 0     0.0 0   -40.8 0   -40.8 0    19.9 0    83.6 0     0.0 0   120.4 0   969.6 0
 2026 208  7 27  2 54  2.900 111.27    -0.8 0    -0.5 0    -0.1 0    -0.1 0   363.2 0   292.914 0   292.682 0   404.4 0   292.825 0   292.829 0     0.0 0     0.0 0     0.0 0   -41.2 0   -41.2 0    19.9 0    83.9 0     0.2 0   120.4 0   969.6 0
 2026 208  7 27  2 55  2.917 111.38    -0.8 0    -0.5 0    -0.2 0    -0.1 0   363.7 0   292.882 0   292.668 0   404.4 0   292.797 0   292.799 0     0.0 0     0.0 0     0.0 0   -40.6 0   -40.6 0    19.8 0    83.6 0     0.6 0   120.4 0   969.5 0
 2026 208  7 27  2 56  2.933 111.50    -0.8 0    -0.4 0    -0.2 0    -0.1 0   363.9 0   292.854 0   292.642 0   404.5 0   292.768 0   292.772 0     0.0 0     0.0 0     0.0 0   -40.6 0   -40.6 0    19.8 0    83.5 0     0.7 0   120.4 0   969.5 0
 2026 208  7 27  2 57  2.950 111.61    -0.9 0    -0.4 0    -0.2 0    -0.1 0   364.3 0   292.829 0   292.613 0   404.9 0   292.739 0   292.747 0     0.0 0     0.0 0     0.0 0   -40.5 0   -40.5 0    19.8 0    83.1 0     0.8 0   120.4 0   969.5 0
 2026 208  7 27  2 58  2.967 111.72    -0.9 0    -0.4 0    -0.2 0    -0.1 0   365.2 0   292.801 0   292.589 0   405.2 0   292.711 0   292.723 0     0.0 0     0.0 0     0.0 0   -40.0 0   -40.0 0    19.8 0    82.6 0     0.9 0   120.4 0   969.5 0
 2026 208  7 27  2 59  2.983 111.83    -0.9 0    -0.4 0    -0.2 0    -0.1 0   366.8 0   292.775 0   292.570 0   405.7 0   292.685 0   292.704 0     0.0 0     0.0 0     0.0 0   -38.9 0   -38.9 0    19.8 0    82.1 0     0.9 0   120.4 0   969.5 0
 2026 208  7 27  3  0  3.000 111.94    -0.9 0    -0.4 0    -0.2 0    -0.1 0   369.5 0   292.750 0   292.556 0   405.8 0   292.662 0   292.680 0     0.0 0     0.0 0     0.0 0   -36.3 0   -36.3 0    19.9 0    81.7 0     0.7 0   115.4 0   969.5 0
 2026 208  7 27  3  1  3.017 112.05    -0.9 0    -0.3 0    -0.2 0    -0.1 0   372.5 0   292.727 0   292.552 0   405.7 0   292.640 0   292.649 0     0.0 0     0.0 0     0.0 0   -33.2 0   -33.2 0    19.9 0    81.8 0     0.6 0   110.5 0   969.5 0
 2026 208  7 27  3  2  3.033 112.16    -0.9 0    -0.3 0    -0.2 0    -0.1 0   374.3 0   292.709 0   292.518 0   406.2 0   292.615 0   292.622 0     0.0 0     0.0 0     0.0 0   -32.0 0   -32.0 0    19.9 0    82.1 0     0.7 0   106.9 0   969.4 0
 2026 208  7 27  3  3  3.050 112.27    -0.7 0    -0.3 0    -0.1 0    -0.1 0   375.8 0   292.681 0   292.481 0   407.0 0   292.591 0   292.610 0     0.0 0     0.0 0     0.0 0   -31.1 0   -31.1 0    19.9 0    81.6 0     0.7 0   110.4 0   969.4 0
 2026 208  7 27  3  4  3.067 112.38    -0.7 0    -0.3 0    -0.1 0    -0.1 0   376.3 0   292.651 0   292.458 0   407.1 0   292.570 0   292.590 0     0.0 0     0.0 0     0.0 0   -30.8 0   -30.8 0    19.9 0    81.1 0     0.6 0   110.4 0   969.4 0
 2026 208  7 27  3  5  3.083 112.48    -0.7 0    -0.3 0    -0.1 0    -0.1 0   376.6 0   292.622 0   292.437 0   407.1 0   292.551 0   292.571 0     0.0 0     0.0 0     0.0 0   -30.5 0   -30.5 0    19.9 0    80.8 0     0.6 0   110.4 0   969.4 0
 2026 208  7 27  3  6  3.100 112.59    -0.7 0    -0.3 0    -0.1 0    -0.1 0   377.6 0   292.596 0   292.414 0   407.0 0   292.533 0   292.552 0     0.0 0     0.0 0     0.0 0   -29.4 0   -29.4 0    19.9 0    80.8 0     0.4 0   110.4 0   969.4 0
 2026 208  7 27  3  7  3.117 112.69    -0.6 0    -0.2 0    -0.1 0    -0.1 0   378.6 0   292.569 0   292.373 0   407.1 0   292.514 0   292.533 0     0.0 0     0.0 0     0.0 0   -28.5 0   -28.5 0    19.9 0    80.9 0     0.3 0   110.4 0   969.4 0
 2026 208  7 27  3  8  3.133 112.80    -0.5 0    -0.2 0    -0.1 0    -0.1 0   380.2 0   292.536 0   292.333 0   407.5 0   292.497 0   292.517 0     0.0 0     0.0 0     0.0 0   -27.3 0   -27.3 0    19.9 0    80.8 0     0.5 0   103.4 0   969.4 0
 2026 208  7 27  3  9  3.150 112.90    -0.5 0    -0.2 0    -0.1 0    -0.1 0   380.7 0   292.502 0   292.316 0   407.5 0   292.480 0   292.499 0     0.0 0     0.0 0     0.0 0   -26.8 0   -26.8 0    19.9 0    80.7 0     0.5 0   100.1 0   969.4 0
 2026 208  7 27  3 10  3.167 113.01    -0.6 0    -0.2 0    -0.1 0    -0.1 0   379.4 0   292.474 0   292.301 0   407.4 0   292.463 0   292.482 0     0.0 0     0.0 0     0.0 0   -28.0 0   -28.0 0    19.9 0    80.7 0     0.5 0   100.0 0   969.4 0
 2026 208  7 27  3 11  3.183 113.11    -0.6 0    -0.2 0    -0.1 0    -0.1 0   376.9 0   292.450 0   292.276 0   407.0 0   292.447 0   292.463 0     0.0 0     0.0 0     0.0 0   -30.1 0   -30.1 0    19.9 0    80.7 0     0.5 0    91.4 0   969.4 0
 2026 208  7 27  3 12  3.200 113.21    -0.5 0    -0.1 0    -0.1 0     0.0 0   373.4 0   292.426 0   292.255 0   406.8 0   292.428 0   292.440 0     0.0 0     0.0 0     0.0 0   -33.4 0   -33.4 0    19.8 0    81.2 0     0.7 0    54.3 0   969.4 0
 2026 208  7 27  3 13  3.217 113.32    -0.6 0    -0.1 0    -0.1 0     0.0 0   369.5 0   292.406 0   292.244 0   406.5 0   292.407 0   292.416 0     0.0 0     0.0 0     0.0 0   -37.0 0   -37.0 0    19.7 0    81.9 0     0.8 0    49.5 0   969.4 0
 2026 208  7 27  3 14  3.233 113.42    -0.7 0    -0.1 0    -0.1 0     0.0 0   366.0 0   292.393 0   292.242 0   406.0 0   292.384 0   292.389 0     0.0 0     0.0 0     0.0 0   -40.0 0   -40.0 0    19.6 0    82.5 0     0.6 0    56.3 0   969.4 0
 2026 208  7 27  3 15  3.250 113.52    -0.9 0    -0.1 0    -0.1 0     0.0 0   363.1 0   292.385 0   292.230 0   405.6 0   292.361 0   292.368 0     0.0 0     0.0 0     0.0 0   -42.5 0   -42.5 0    19.6 0    82.7 0     0.6 0    66.2 0   969.4 0
 2026 208  7 27  3 16  3.267 113.62    -0.9 0    -0.1 0    -0.2 0     0.0 0   360.8 0   292.377 0   292.230 0   405.3 0   292.339 0   292.350 0     0.0 0     0.0 0     0.0 0   -44.5 0   -44.5 0    19.5 0    82.5 0     0.6 0    69.4 0   969.4 0
 2026 208  7 27  3 17  3.283 113.72    -1.0 0    -0.2 0    -0.2 0     0.0 0   359.1 0   292.372 0   292.229 0   404.8 0   292.318 0   292.331 0     0.0 0     0.0 0     0.0 0   -45.8 0   -45.8 0    19.5 0    82.7 0     0.6 0    55.6 0   969.4 0
 2026 208  7 27  3 18  3.300 113.82    -1.0 0    -0.2 0    -0.2 0     0.0 0   358.1 0   292.369 0   292.215 0   404.6 0   292.298 0   292.312 0     0.0 0     0.0 0     0.0 0   -46.5 0   -46.5 0    19.5 0    82.7 0     0.4 0    65.4 0   969.3 0
 2026 208  7 27  3 19  3.317 113.92    -1.1 0    -0.2 0    -0.2 0     0.0 0   357.6 0   292.364 0   292.215 0   404.1 0   292.279 0   292.293 0     0.0 0     0.0 0     0.0 0   -46.5 0   -46.5 0    19.5 0    82.5 0     0.3 0    65.4 0   969.3 0
 2026 208  7 27  3 20  3.333 114.01    -1.1 0    -0.2 0    -0.2 0     0.0 0   357.5 0   292.362 0   292.228 0   403.8 0   292.259 0   292.273 0     0.0 0     0.0 0     0.0 0   -46.3 0   -46.3 0    19.5 0    82.5 0     0.3 0    65.4 0   969.3 0
 2026 208  7 27  3 21  3.350 114.11    -1.2 0    -0.3 0    -0.3 0     0.0 0   357.8 0   292.365 0   292.241 0   403.8 0   292.240 0   292.257 0     0.0 0     0.0 0     0.0 0   -45.9 0   -45.9 0    19.5 0    82.2 0     0.2 0    65.5 0   969.3 0
 2026 208  7 27  3 22  3.367 114.21    -1.2 0    -0.3 0    -0.3 0     0.0 0   358.2 0   292.372 0   292.245 0   403.4 0   292.222 0   292.239 0     0.0 0     0.0 0     0.0 0   -45.2 0   -45.2 0    19.5 0    82.0 0     0.1 0    65.5 0   969.3 0
 2026 208  7 27  3 23  3.383 114.30    -1.3 0    -0.3 0    -0.3 0     0.0 0   358.9 0   292.379 0   292.247 0   403.1 0   292.204 0   292.219 0     0.0 0     0.0 0     0.0 0   -44.1 0   -44.1 0    19.5 0    82.0 0     0.1 0    65.5 0   969.3 0
 2026 208  7 27  3 24  3.400 114.40    -1.3 0    -0.3 0    -0.3 0     0.0 0   360.4 0   292.385 0   292.245 0   402.9 0   292.185 0   292.199 0     0.0 0     0.0 0     0.0 0   -42.5 0   -42.5 0    19.5 0    82.2 0     0.0 0     0.0 0   969.3 0
 2026 208  7 27  3 25  3.417 114.49    -1.3 0    -0.3 0    -0.2 0     0.0 0   362.5 0   292.388 0   292.244 0   402.9 0   292.166 0   292.183 0     0.0 0     0.0 0     0.0 0   -40.4 0   -40.4 0    19.5 0    82.2 0     0.0 0     0.0 0   969.3 0
 2026 208  7 27  3 26  3.433 114.58    -1.3 0    -0.3 0    -0.2 0     0.0 0   364.7 0   292.386 0   292.242 0   403.0 0   292.148 0   292.166 0     0.0 0     0.0 0     0.0 0   -38.3 0   -38.3 0    19.5 0    82.3 0     0.0 0     0.0 0   969.3 0
 2026 208  7 27  3 27  3.450 114.68    -1.2 0    -0.3 0    -0.2 0     0.0 0   366.2 0   292.383 0   292.241 0   402.9 0   292.130 0   292.146 0     0.0 0     0.0 0     0.0 0   -36.7 0   -36.7 0    19.5 0    82.4 0     0.0 0     0.0 0   969.3 0
 2026 208  7 27  3 28  3.467 114.77    -1.2 0    -0.3 0    -0.2 0    -0.1 0   366.9 0   292.377 0   292.218 0   402.9 0   292.110 0   292.126 0     0.0 0     0.0 0     0.0 0   -36.1 0   -36.1 0    19.5 0    82.5 0     0.0 0     0.0 0   969.3 0
 2026 208  7 27  3 29  3.483 114.86    -1.1 0    -0.3 0    -0.2 0    -0.1 0   367.9 0   292.366 0   292.197 0   403.0 0   292.091 0   292.108 0     0.0 0     0.0 0     0.0 0   -35.1 0   -35.1 0    19.5 0    82.7 0     0.0 0     0.0 0   969.3 0
 2026 208  7 27  3 30  3.500 114.95    -1.0 0    -0.3 0    -0.2 0    -0.1 0   368.9 0   292.349 0   292.166 0   403.1 0   292.072 0   292.091 0     0.0 0     0.0 0     0.0 0   -34.2 0   -34.2 0    19.4 0    82.9 0     0.0 0     0.0 0   969.3 0
 2026 208  7 27  3 31  3.517 115.04    -1.0 0    -0.3 0    -0.2 0    -0.1 0   369.8 0   292.325 0   292.144 0   403.1 0   292.053 0   292.071 0     0.0 0     0.0 0     0.0 0   -33.3 0   -33.3 0    19.4 0    83.0 0     0.0 0     0.0 0   969.3 0
 2026 208  7 27  3 32  3.533 115.13    -0.9 0    -0.3 0    -0.2 0    -0.1 0   370.7 0   292.304 0   292.130 0   403.5 0   292.035 0   292.056 0     0.0 0     0.0 0     0.0 0   -32.8 0   -32.8 0    19.4 0    83.2 0     0.0 0     0.0 0   969.3 0
 2026 208  7 27  3 33  3.550 115.22    -0.9 0    -0.3 0    -0.2 0    -0.1 0   371.7 0   292.283 0   292.121 0   403.6 0   292.018 0   292.041 0     0.0 0     0.0 0     0.0 0   -32.0 0   -32.0 0    19.4 0    83.3 0     0.0 0     0.0 0   969.3 0
 2026 208  7 27  3 34  3.567 115.31    -0.9 0    -0.3 0    -0.2 0    -0.1 0   372.6 0   292.267 0   292.121 0   403.9 0   292.001 0   292.027 0     0.0 0     0.0 0     0.0 0   -31.3 0   -31.3 0    19.4 0    83.3 0     0.0 0     0.0 0   969.3 0
 2026 208  7 27  3 35  3.583 115.39    -1.0 0    -0.3 0    -0.2 0    -0.1 0   373.8 0   292.255 0   292.119 0   404.1 0   291.985 0   292.011 0     0.0 0     0.0 0     0.0 0   -30.3 0   -30.3 0    19.4 0    83.3 0     0.0 0     0.0 0   969.3 0
 2026 208  7 27  3 36  3.600 115.48    -1.0 0    -0.3 0    -0.2 0    -0.1 0   375.7 0   292.246 0   292.118 0   404.3 0   291.969 0   291.995 0     0.0 0     0.0 0     0.0 0   -28.6 0   -28.6 0    19.4 0    83.4 0     0.0 0     0.0 0   969.3 0
 2026 208  7 27  3 37  3.617 115.57    -1.0 0    -0.3 0    -0.2 0    -0.1 0   378.2 0   292.240 0   292.120 0   404.5 0   291.953 0   291.982 0     0.0 0     0.0 0     0.0 0   -26.4 0   -26.4 0    19.4 0    83.4 0     0.0 0     0.0 0   969.3 0
 2026 208  7 27  3 38  3.633 115.65    -1.0 0    -0.3 0    -0.2 0    -0.1 0   381.2 0   292.235 0   292.114 0   404.8 0   291.938 0   291.970 0     0.0 0     0.0 0     0.0 0   -23.6 0   -23.6 0    19.4 0    83.4 0     0.0 0     0.0 0   969.3 0
 2026 208  7 27  3 39  3.650 115.74    -1.0 0    -0.2 0    -0.2 0    -0.1 0   384.7 0   292.228 0   292.113 0   405.0 0   291.923 0   291.951 0     0.0 0     0.0 0     0.0 0   -20.3 0   -20.3 0    19.4 0    83.4 0     0.0 0     0.0 0   969.3 0
 2026 208  7 27  3 40  3.667 115.82    -0.9 0    -0.2 0    -0.2 0    -0.1 0   387.8 0   292.221 0   292.116 0   405.4 0   291.907 0   291.936 0     0.0 0     0.0 0     0.0 0   -17.6 0   -17.6 0    19.3 0    83.4 0     0.0 0     0.0 0   969.3 0
 2026 208  7 27  3 41  3.683 115.90    -0.9 0    -0.2 0    -0.1 0    -0.1 0   389.8 0   292.215 0   292.101 0   405.9 0   291.893 0   291.925 0     0.0 0     0.0 0     0.0 0   -16.2 0   -16.2 0    19.3 0    83.5 0     0.0 0     0.0 0   969.3 0
 2026 208  7 27  3 42  3.700 115.98    -0.8 0    -0.1 0    -0.1 0    -0.1 0   390.1 0   292.203 0   292.049 0   405.9 0   291.879 0   291.908 0     0.0 0     0.0 0     0.0 0   -15.8 0   -15.8 0    19.3 0    83.6 0     0.0 0     0.0 0   969.3 0
 2026 208  7 27  3 43  3.717 116.07    -0.7 0    -0.1 0     0.0 0    -0.1 0   390.5 0   292.180 0   292.002 0   406.1 0   291.865 0   291.894 0     0.0 0     0.0 0     0.0 0   -15.6 0   -15.6 0    19.3 0    83.8 0     0.0 0     0.0 0   969.3 0
 2026 208  7 27  3 44  3.733 116.15    -0.6 0    -0.1 0     0.0 0    -0.1 0   390.8 0   292.147 0   291.969 0   406.3 0   291.852 0   291.882 0     0.0 0     0.0 0     0.0 0   -15.5 0   -15.5 0    19.3 0    84.0 0     0.0 0     0.0 0   969.3 0
 2026 208  7 27  3 45  3.750 116.23    -0.6 0    -0.1 0     0.0 0    -0.1 0   391.6 0   292.115 0   291.961 0   406.7 0   291.839 0   291.871 0     0.0 0     0.0 0     0.0 0   -15.0 0   -15.0 0    19.3 0    84.1 0     0.0 0     0.0 0   969.3 0
 2026 208  7 27  3 46  3.767 116.30    -0.6 0    -0.1 0     0.0 0    -0.1 0   392.3 0   292.089 0   291.946 0   407.0 0   291.827 0   291.859 0     0.0 0     0.0 0     0.0 0   -14.7 0   -14.7 0    19.2 0    84.3 0     0.3 0    65.6 0   969.3 0
 2026 208  7 27  3 47  3.783 116.38    -0.6 0    -0.1 0     0.0 0    -0.1 0   392.6 0   292.069 0   291.931 0   407.5 0   291.816 0   291.850 0     0.0 0     0.0 0     0.0 0   -14.9 0   -14.9 0    19.2 0    84.5 0     0.6 0   232.5 0   969.3 0
 2026 208  7 27  3 48  3.800 116.46    -0.7 0    -0.1 0     0.0 0    -0.1 0   393.0 0   292.051 0   291.915 0   407.8 0   291.807 0   291.843 0     0.0 0     0.0 0     0.0 0   -14.8 0   -14.8 0    19.2 0    84.4 0     0.7 0   238.0 0   969.3 0
 2026 208  7 27  3 49  3.817 116.54    -0.7 0    -0.1 0     0.0 0    -0.1 0   393.4 0   292.034 0   291.909 0   407.9 0   291.799 0   291.837 0     0.0 0     0.0 0     0.0 0   -14.5 0   -14.5 0    19.3 0    84.5 0     0.8 0   238.0 0   969.3 0
 2026 208  7 27  3 50  3.833 116.61    -0.7 0    -0.1 0     0.0 0    -0.1 0   393.6 0   292.020 0   291.908 0   408.1 0   291.792 0   291.830 0     0.0 0     0.0 0     0.0 0   -14.5 0   -14.5 0    19.3 0    84.4 0     0.8 0   242.3 0   969.3 0
 2026 208  7 27  3 51  3.850 116.69    -0.7 0    -0.1 0     0.0 0    -0.1 0   393.7 0   292.008 0   291.905 0   408.1 0   291.786 0   291.824 0     0.0 0     0.0 0     0.0 0   -14.4 0   -14.4 0    19.3 0    84.7 0     0.9 0   249.7 0   969.3 0
 2026 208  7 27  3 52  3.867 116.76    -0.7 0    -0.1 0     0.0 0    -0.1 0   393.9 0   292.002 0   291.918 0   408.2 0   291.782 0   291.818 0     0.0 0     0.0 0     0.0 0   -14.3 0   -14.3 0    19.3 0    85.1 0     0.9 0   256.4 0   969.3 0
 2026 208  7 27  3 53  3.883 116.84    -0.8 0    -0.1 0     0.0 0    -0.1 0   394.2 0   292.001 0   291.924 0   408.4 0   291.777 0   291.813 0     0.0 0     0.0 0     0.0 0   -14.2 0   -14.2 0    19.3 0    85.1 0     1.0 0   256.4 0   969.3 0
 2026 208  7 27  3 54  3.900 116.91    -0.9 0    -0.1 0    -0.1 0    -0.1 0   394.8 0   292.004 0   291.931 0   408.5 0   291.773 0   291.810 0     0.0 0     0.0 0     0.0 0   -13.8 0   -13.8 0    19.3 0    85.4 0     1.0 0   256.4 0   969.3 0
 2026 208  7 27  3 55  3.917 116.98    -0.9 0    -0.1 0    -0.1 0    -0.1 0   394.9 0   292.008 0   291.935 0   408.6 0   291.771 0   291.808 0     0.0 0     0.0 0     0.0 0   -13.7 0   -13.7 0    19.3 0    85.8 0     1.1 0   256.5 0   969.3 0
 2026 208  7 27  3 56  3.933 117.05    -0.9 0    -0.1 0    -0.1 0    -0.1 0   395.1 0   292.012 0   291.936 0   408.9 0   291.769 0   291.807 0     0.0 0     0.0 0     0.0 0   -13.8 0   -13.8 0    19.3 0    86.0 0     1.2 0   256.6 0   969.3 0
 2026 208  7 27  3 57  3.950 117.13    -0.9 0    -0.1 0    -0.1 0    -0.1 0   394.8 0   292.014 0   291.937 0   409.0 0   291.769 0   291.808 0     0.0 0     0.0 0     0.0 0   -14.2 0   -14.2 0    19.3 0    86.2 0     1.2 0   257.7 0   969.3 0
 2026 208  7 27  3 58  3.967 117.19    -0.9 0    -0.1 0    -0.1 0    -0.1 0   393.7 0   292.016 0   291.944 0   409.0 0   291.770 0   291.809 0     0.0 0     0.0 0     0.0 0   -15.3 0   -15.3 0    19.3 0    86.5 0     1.3 0   265.2 0   969.3 0
 2026 208  7 27  3 59  3.983 117.26    -0.9 0    -0.1 0    -0.1 0    -0.1 0   392.2 0   292.020 0   291.952 0   409.0 0   291.772 0   291.811 0     0.0 0     0.0 0     0.0 0   -16.8 0   -16.8 0    19.3 0    86.5 0     1.1 0   267.0 0   969.3 0
 2026 208  7 27  4  0  4.000 117.33    -0.9 0    -0.1 0    -0.1 0    -0.1 0   390.2 0   292.026 0   291.963 0   408.9 0   291.773 0   291.812 0     0.0 0     0.0 0     0.0 0   -18.7 0   -18.7 0    19.3 0    86.7 0     0.9 0   268.3 0   969.3 0
 2026 208  7 27  4  1  4.017 117.40    -1.0 0     0.0 0    -0.1 0    -0.1 0   387.4 0   292.034 0   291.970 0   408.7 0   291.774 0   291.811 0     0.0 0     0.0 0     0.0 0   -21.3 0   -21.3 0    19.4 0    86.7 0     0.7 0   268.3 0   969.3 0
 2026 208  7 27  4  2  4.033 117.47    -1.0 0     0.0 0    -0.1 0    -0.1 0   384.1 0   292.043 0   291.969 0   408.4 0   291.773 0   291.809 0     0.0 0     0.0 0     0.0 0   -24.3 0   -24.3 0    19.4 0    86.8 0     0.5 0   268.3 0   969.3 0
 2026 208  7 27  4  3  4.050 117.53    -1.0 0     0.0 0    -0.1 0    -0.1 0   381.0 0   292.049 0   291.969 0   408.3 0   291.771 0   291.807 0     0.0 0     0.0 0     0.0 0   -27.2 0   -27.2 0    19.3 0    86.7 0     0.4 0   268.3 0   969.2 0
 2026 208  7 27  4  4  4.067 117.60    -1.0 0     0.0 0    -0.1 0    -0.1 0   379.1 0   292.055 0   291.981 0   408.1 0   291.768 0   291.805 0     0.0 0     0.0 0     0.0 0   -29.1 0   -29.1 0    19.3 0    86.5 0     0.3 0   268.3 0   969.2 0
 2026 208  7 27  4  5  4.083 117.66    -1.1 0     0.1 0    -0.1 0     0.0 0   377.9 0   292.065 0   292.015 0   408.0 0   291.765 0   291.803 0     0.0 0     0.0 0     0.0 0   -30.1 0   -30.1 0    19.3 0    86.3 0     0.1 0   268.3 0   969.2 0
 2026 208  7 27  4  6  4.100 117.73    -1.1 0     0.1 0    -0.1 0     0.0 0   376.6 0   292.081 0   292.030 0   407.7 0   291.761 0   291.798 0     0.0 0     0.0 0     0.0 0   -31.1 0   -31.1 0    19.4 0    86.2 0     0.4 0   268.3 0   969.2 0
 2026 208  7 27  4  7  4.117 117.79    -1.2 0     0.1 0    -0.1 0     0.0 0   375.4 0   292.098 0   292.039 0   407.4 0   291.757 0   291.793 0     0.0 0     0.0 0     0.0 0   -32.0 0   -32.0 0    19.4 0    85.9 0     0.5 0   268.3 0   969.2 0
 2026 208  7 27  4  8  4.133 117.85    -1.2 0     0.1 0    -0.1 0     0.0 0   374.2 0   292.116 0   292.063 0   407.1 0   291.753 0   291.788 0     0.0 0     0.0 0     0.0 0   -32.9 0   -32.9 0    19.4 0    85.8 0     0.4 0   268.3 0   969.2 0
 2026 208  7 27  4  9  4.150 117.91    -1.2 0     0.1 0    -0.2 0     0.0 0   372.8 0   292.135 0   292.082 0   406.9 0   291.749 0   291.783 0     0.0 0     0.0 0     0.0 0   -34.1 0   -34.1 0    19.4 0    85.7 0     0.7 0   268.3 0   969.2 0
 2026 208  7 27  4 10  4.167 117.97    -1.3 0     0.1 0    -0.3 0     0.0 0   371.8 0   292.155 0   292.094 0   406.6 0   291.745 0   291.778 0     0.0 0     0.0 0     0.0 0   -34.8 0   -34.8 0    19.4 0    85.6 0     0.7 0   268.3 0   969.2 0
 2026 208  7 27  4 11  4.183 118.03    -1.3 0     0.2 0    -0.3 0     0.0 0   370.8 0   292.175 0   292.099 0   406.3 0   291.740 0   291.772 0     0.0 0     0.0 0     0.0 0   -35.5 0   -35.5 0    19.4 0    85.3 0     0.7 0   268.3 0   969.3 0
 2026 208  7 27  4 12  4.200 118.09    -1.3 0     0.1 0    -0.3 0     0.0 0   369.2 0   292.192 0   292.095 0   405.9 0   291.736 0   291.768 0     0.0 0     0.0 0     0.0 0   -36.7 0   -36.7 0    19.4 0    85.4 0     0.8 0   268.3 0   969.2 0
 2026 208  7 27  4 13  4.217 118.15    -1.3 0     0.1 0    -0.2 0    -0.1 0   367.6 0   292.202 0   292.079 0   405.5 0   291.732 0   291.763 0     0.0 0     0.0 0     0.0 0   -37.9 0   -37.9 0    19.4 0    85.5 0     0.7 0   268.3 0   969.2 0
 2026 208  7 27  4 14  4.233 118.21    -1.2 0     0.1 0    -0.1 0    -0.1 0   365.9 0   292.204 0   292.061 0   405.0 0   291.729 0   291.758 0     0.0 0     0.0 0     0.0 0   -39.1 0   -39.1 0    19.4 0    85.6 0     0.5 0   268.1 0   969.2 0
 2026 208  7 27  4 15  4.250 118.26    -1.2 0     0.1 0    -0.1 0    -0.1 0   364.5 0   292.201 0   292.047 0   404.7 0   291.723 0   291.751 0     0.0 0     0.0 0     0.0 0   -40.2 0   -40.2 0    19.4 0    85.2 0     0.6 0   249.7 0   969.2 0
 2026 208  7 27  4 16  4.267 118.32    -1.2 0     0.1 0    -0.1 0    -0.1 0   363.5 0   292.193 0   292.034 0   404.4 0   291.716 0   291.744 0     0.0 0     0.0 0     0.0 0   -40.8 0   -40.8 0    19.4 0    84.8 0     0.4 0   238.5 0   969.2 0
 2026 208  7 27  4 17  4.283 118.37    -1.2 0     0.1 0    -0.1 0    -0.1 0   362.6 0   292.183 0   292.024 0   403.8 0   291.707 0   291.733 0     0.0 0     0.0 0     0.0 0   -41.2 0   -41.2 0    19.4 0    84.7 0     0.1 0   238.5 0   969.2 0
 2026 208  7 27  4 18  4.300 118.43    -1.2 0     0.1 0    -0.1 0    -0.1 0   362.5 0   292.173 0   292.010 0   403.7 0   291.697 0   291.722 0     0.0 0     0.0 0     0.0 0   -41.1 0   -41.1 0    19.4 0    84.7 0     0.0 0     0.0 0   969.2 0
 2026 208  7 27  4 19  4.317 118.48    -1.2 0     0.0 0    -0.1 0    -0.1 0   363.8 0   292.162 0   291.996 0   403.7 0   291.687 0   291.714 0     0.0 0     0.0 0     0.0 0   -39.9 0   -39.9 0    19.3 0    84.5 0     0.2 0   238.4 0   969.2 0
 2026 208  7 27  4 20  4.333 118.53    -1.1 0     0.0 0    -0.1 0    -0.1 0   365.0 0   292.151 0   291.992 0   403.7 0   291.677 0   291.704 0     0.0 0     0.0 0     0.0 0   -38.6 0   -38.6 0    19.3 0    84.3 0     0.6 0   238.1 0   969.2 0
 2026 208  7 27  4 21  4.350 118.58    -1.1 0     0.1 0    -0.1 0    -0.1 0   365.9 0   292.141 0   291.984 0   403.4 0   291.667 0   291.693 0     0.0 0     0.0 0     0.0 0   -37.5 0   -37.5 0    19.3 0    84.2 0     0.5 0   238.1 0   969.2 0
 2026 208  7 27  4 22  4.367 118.63    -1.0 0     0.1 0    -0.1 0    -0.1 0   366.7 0   292.128 0   291.965 0   403.0 0   291.657 0   291.682 0     0.0 0     0.0 0     0.0 0   -36.3 0   -36.3 0    19.3 0    84.3 0     0.4 0   238.1 0   969.2 0
 2026 208  7 27  4 23  4.383 118.68    -1.1 0     0.0 0    -0.1 0    -0.1 0   367.7 0   292.115 0   291.957 0   403.0 0   291.646 0   291.670 0     0.0 0     0.0 0     0.0 0   -35.4 0   -35.4 0    19.3 0    84.8 0     0.1 0   238.1 0   969.2 0
 2026 208  7 27  4 24  4.400 118.73    -1.1 0     0.0 0    -0.2 0    -0.1 0   368.9 0   292.103 0   291.951 0   403.0 0   291.636 0   291.660 0     0.0 0     0.0 0     0.0 0   -34.1 0   -34.1 0    19.3 0    85.0 0     0.4 0   238.1 0   969.2 0
 2026 208  7 27  4 25  4.417 118.78    -1.1 0    -0.1 0    -0.2 0    -0.1 0   370.5 0   292.092 0   291.944 0   403.1 0   291.625 0   291.652 0     0.0 0     0.0 0     0.0 0   -32.6 0   -32.6 0    19.2 0    85.1 0     0.5 0   238.1 0   969.2 0
 2026 208  7 27  4 26  4.433 118.83    -1.0 0    -0.1 0    -0.2 0    -0.1 0   371.6 0   292.082 0   291.933 0   403.0 0   291.614 0   291.641 0     0.0 0     0.0 0     0.0 0   -31.4 0   -31.4 0    19.2 0    85.3 0     0.6 0   238.1 0   969.2 0
 2026 208  7 27  4 27  4.450 118.87    -1.0 0    -0.1 0    -0.2 0    -0.1 0   372.3 0   292.071 0   291.911 0   403.1 0   291.603 0   291.630 0     0.0 0     0.0 0     0.0 0   -30.8 0   -30.8 0    19.2 0    85.3 0     0.6 0   238.1 0   969.2 0
 2026 208  7 27  4 28  4.467 118.92    -0.9 0    -0.1 0    -0.1 0    -0.1 0   372.6 0   292.053 0   291.873 0   403.1 0   291.591 0   291.616 0     0.0 0     0.0 0     0.0 0   -30.6 0   -30.6 0    19.1 0    85.7 0     0.5 0   238.1 0   969.2 0
 2026 208  7 27  4 29  4.483 118.97    -0.9 0    -0.1 0    -0.1 0    -0.1 0   373.0 0   292.030 0   291.861 0   403.2 0   291.579 0   291.605 0     0.0 0     0.0 0     0.0 0   -30.2 0   -30.2 0    19.1 0    86.0 0     0.3 0   238.1 0   969.2 0
 2026 208  7 27  4 30  4.500 119.01    -0.8 0    -0.2 0    -0.1 0    -0.1 0   373.1 0   292.006 0   291.842 0   403.3 0   291.568 0   291.595 0     0.0 0     0.0 0     0.0 0   -30.2 0   -30.2 0    19.1 0    86.2 0     0.2 0   238.1 0   969.2 0
 2026 208  7 27  4 31  4.517 119.05    -0.8 0    -0.2 0    -0.1 0    -0.1 0   372.8 0   291.983 0   291.817 0   403.3 0   291.558 0   291.585 0     0.0 0     0.0 0     0.0 0   -30.4 0   -30.4 0    19.1 0    86.5 0     0.1 0   238.1 0   969.2 0
 2026 208  7 27  4 32  4.533 119.09    -0.8 0    -0.2 0    -0.1 0    -0.1 0   372.4 0   291.962 0   291.804 0   403.4 0   291.548 0   291.575 0     0.0 0     0.0 0     0.0 0   -31.0 0   -31.0 0    19.1 0    86.8 0     0.0 0     0.0 0   969.2 0
 2026 208  7 27  4 33  4.550 119.13    -0.8 0    -0.2 0    -0.1 0    -0.1 0   371.8 0   291.942 0   291.799 0   403.3 0   291.538 0   291.564 0     0.0 0     0.0 0     0.0 0   -31.5 0   -31.5 0    19.1 0    87.0 0     0.0 0     0.0 0   969.2 0
 2026 208  7 27  4 34  4.567 119.18    -0.9 0    -0.2 0    -0.2 0    -0.1 0   371.6 0   291.928 0   291.796 0   403.5 0   291.526 0   291.554 0     0.0 0     0.0 0     0.0 0   -31.9 0   -31.9 0    19.1 0    86.9 0     0.1 0   238.1 0   969.2 0
 2026 208  7 27  4 35  4.583 119.22    -0.9 0    -0.2 0    -0.2 0    -0.1 0   372.1 0   291.918 0   291.792 0   403.5 0   291.516 0   291.545 0     0.0 0     0.0 0     0.0 0   -31.4 0   -31.4 0    19.0 0    87.0 0     0.4 0   238.1 0   969.2 0
 2026 208  7 27  4 36  4.600 119.25    -0.9 0    -0.2 0    -0.2 0    -0.1 0   372.9 0   291.909 0   291.794 0   403.4 0   291.506 0   291.535 0     0.0 0     0.0 0     0.0 0   -30.5 0   -30.5 0    19.1 0    86.9 0     0.7 0   254.8 0   969.2 0
 2026 208  7 27  4 37  4.617 119.29    -0.9 0    -0.1 0    -0.2 0    -0.1 0   373.6 0   291.905 0   291.788 0   403.1 0   291.496 0   291.522 0     0.0 0     0.0 0     0.0 0   -29.5 0   -29.5 0    19.1 0    86.6 0     0.6 0   272.2 0   969.2 0
 2026 208  7 27  4 38  4.633 119.33    -0.9 0    -0.1 0    -0.2 0    -0.1 0   374.3 0   291.900 0   291.770 0   403.4 0   291.484 0   291.512 0     0.0 0     0.0 0     0.0 0   -29.0 0   -29.0 0    19.0 0    86.5 0     0.3 0   302.5 0   969.2 0
 2026 208  7 27  4 39  4.650 119.36    -0.8 0    -0.1 0    -0.1 0    -0.1 0   374.1 0   291.892 0   291.749 0   403.5 0   291.473 0   291.502 0     0.0 0     0.0 0     0.0 0   -29.4 0   -29.4 0    19.0 0    86.6 0     0.6 0   304.7 0   969.2 0
 2026 208  7 27  4 40  4.667 119.40    -0.8 0    -0.1 0    -0.1 0    -0.1 0   373.2 0   291.880 0   291.736 0   403.4 0   291.462 0   291.491 0     0.0 0     0.0 0     0.0 0   -30.2 0   -30.2 0    19.0 0    86.7 0     0.3 0   304.2 0   969.2 0
 2026 208  7 27  4 41  4.683 119.43    -0.8 0    -0.1 0    -0.1 0    -0.1 0   371.9 0   291.869 0   291.735 0   403.4 0   291.451 0   291.481 0     0.0 0     0.0 0     0.0 0   -31.5 0   -31.5 0    19.0 0    86.6 0     0.1 0   245.5 0   969.2 0
 2026 208  7 27  4 42  4.700 119.47    -0.9 0    -0.1 0    -0.2 0    -0.1 0   370.0 0   291.862 0   291.746 0   403.3 0   291.441 0   291.472 0     0.0 0     0.0 0     0.0 0   -33.3 0   -33.3 0    19.0 0    86.7 0     0.7 0   248.8 0   969.2 0
 2026 208  7 27  4 43  4.717 119.50    -1.0 0    -0.1 0    -0.2 0    -0.1 0   367.7 0   291.863 0   291.737 0   403.0 0   291.432 0   291.462 0     0.0 0     0.0 0     0.0 0   -35.4 0   -35.4 0    19.0 0    87.0 0     1.0 0   246.9 0   969.2 0
 2026 208  7 27  4 44  4.733 119.53    -1.0 0    -0.1 0    -0.2 0    -0.1 0   365.3 0   291.863 0   291.710 0   402.9 0   291.424 0   291.452 0     0.0 0     0.0 0     0.0 0   -37.6 0   -37.6 0    18.9 0    87.2 0     0.9 0   240.3 0   969.2 0
 2026 208  7 27  4 45  4.750 119.56    -1.0 0    -0.1 0    -0.1 0    -0.1 0   363.1 0   291.857 0   291.685 0   402.7 0   291.415 0   291.442 0     0.0 0     0.0 0     0.0 0   -39.6 0   -39.6 0    18.9 0    87.4 0     0.8 0   235.4 0   969.2 0
 2026 208  7 27  4 46  4.767 119.59    -1.0 0    -0.1 0    -0.1 0    -0.1 0   361.0 0   291.846 0   291.663 0   402.3 0   291.405 0   291.431 0     0.0 0     0.0 0     0.0 0   -41.4 0   -41.4 0    18.9 0    87.5 0     0.8 0   225.8 0   969.2 0
 2026 208  7 27  4 47  4.783 119.62    -1.0 0    -0.1 0    -0.1 0    -0.1 0   359.2 0   291.834 0   291.655 0   402.0 0   291.395 0   291.420 0     0.0 0     0.0 0     0.0 0   -42.8 0   -42.8 0    18.9 0    87.6 0     1.0 0   219.6 0   969.2 0
 2026 208  7 27  4 48  4.800 119.65    -1.1 0    -0.1 0    -0.1 0     0.0 0   357.6 0   291.823 0   291.653 0   402.0 0   291.385 0   291.411 0     0.0 0     0.0 0     0.0 0   -44.4 0   -44.4 0    18.9 0    87.9 0     1.1 0   212.3 0   969.2 0
 2026 208  7 27  4 49  4.817 119.68    -1.1 0    -0.1 0    -0.1 0     0.0 0   356.1 0   291.813 0   291.626 0   401.8 0   291.376 0   291.404 0     0.0 0     0.0 0     0.0 0   -45.8 0   -45.8 0    18.9 0    88.0 0     1.0 0   202.2 0   969.2 0
 2026 208  7 27  4 50  4.833 119.70    -1.1 0    -0.1 0    -0.1 0     0.0 0   355.0 0   291.800 0   291.615 0   401.5 0   291.368 0   291.398 0     0.0 0     0.0 0     0.0 0   -46.4 0   -46.4 0    18.9 0    88.0 0     1.0 0   198.5 0   969.2 0
 2026 208  7 27  4 51  4.850 119.73    -1.1 0    -0.1 0    -0.1 0     0.0 0   354.3 0   291.787 0   291.600 0   401.1 0   291.360 0   291.390 0     0.0 0     0.0 0     0.0 0   -46.8 0   -46.8 0    18.9 0    87.8 0     0.9 0   203.7 0   969.2 0
 2026 208  7 27  4 52  4.867 119.75    -1.1 0     0.0 0    -0.1 0     0.0 0   353.6 0   291.774 0   291.589 0   400.6 0   291.352 0   291.378 0     0.0 0     0.0 0     0.0 0   -47.0 0   -47.0 0    18.9 0    87.7 0     0.8 0   203.3 0   969.2 0
 2026 208  7 27  4 53  4.883 119.78    -1.1 0     0.0 0    -0.1 0    -0.1 0   353.0 0   291.760 0   291.577 0   400.4 0   291.342 0   291.368 0     0.0 0     0.0 0     0.0 0   -47.4 0   -47.4 0    18.9 0    87.8 0     0.9 0   216.7 0   969.2 0
 2026 208  7 27  4 54  4.900 119.80    -1.0 0     0.1 0    -0.1 0    -0.1 0   352.6 0   291.747 0   291.561 0   400.0 0   291.334 0   291.358 0     0.0 0     0.0 0     0.0 0   -47.4 0   -47.4 0    18.9 0    87.8 0     0.8 0   221.8 0   969.2 0
 2026 208  7 27  4 55  4.917 119.82    -1.0 0     0.1 0    -0.2 0     0.0 0   352.1 0   291.732 0   291.545 0   399.5 0   291.324 0   291.345 0     0.0 0     0.0 0     0.0 0   -47.3 0   -47.3 0    18.9 0    87.8 0     0.7 0   221.8 0   969.2 0
 2026 208  7 27  4 56  4.933 119.84    -1.0 0     0.1 0    -0.1 0    -0.1 0   351.7 0   291.717 0   291.519 0   399.0 0   291.312 0   291.332 0     0.0 0     0.0 0     0.0 0   -47.3 0   -47.3 0    18.9 0    87.8 0     0.6 0   231.1 0   969.2 0
 2026 208  7 27  4 57  4.950 119.86    -1.0 0     0.1 0    -0.1 0    -0.1 0   351.3 0   291.698 0   291.490 0   398.9 0   291.299 0   291.320 0     0.0 0     0.0 0     0.0 0   -47.5 0   -47.5 0    18.9 0    87.9 0     0.8 0   250.4 0   969.2 0
 2026 208  7 27  4 58  4.967 119.88    -1.0 0     0.0 0    -0.1 0    -0.1 0   350.8 0   291.678 0   291.467 0   398.4 0   291.286 0   291.306 0     0.0 0     0.0 0     0.0 0   -47.6 0   -47.6 0    18.9 0    88.0 0     0.8 0   251.6 0   969.2 0
 2026 208  7 27  4 59  4.983 119.90    -1.0 0     0.0 0    -0.1 0    -0.1 0   350.4 0   291.659 0   291.454 0   398.0 0   291.272 0   291.289 0     0.0 0     0.0 0     0.0 0   -47.5 0   -47.5 0    18.8 0    87.9 0     0.8 0   249.8 0   969.2 0
 2026 208  7 27  5  0  5.000 119.92    -1.0 0     0.0 0    -0.1 0    -0.1 0   350.2 0   291.640 0   291.436 0   397.6 0   291.255 0   291.271 0     0.0 0     0.0 0     0.0 0   -47.4 0   -47.4 0    18.8 0    88.0 0     0.7 0   249.8 0   969.1 0
 2026 208  7 27  5  1  5.017 119.93    -1.0 0     0.0 0    -0.1 0    -0.1 0   350.1 0   291.623 0   291.419 0   397.3 0   291.237 0   291.253 0     0.0 0     0.0 0     0.0 0   -47.2 0   -47.2 0    18.7 0    88.0 0     0.4 0   248.0 0   969.1 0
 2026 208  7 27  5  2  5.033 119.95    -1.0 0    -0.1 0    -0.1 0    -0.1 0   350.1 0   291.605 0   291.402 0   397.1 0   291.219 0   291.235 0     0.0 0     0.0 0     0.0 0   -47.0 0   -47.0 0    18.7 0    88.2 0     0.4 0   243.1 0   969.1 0
 2026 208  7 27  5  3  5.050 119.97    -1.1 0    -0.1 0    -0.1 0    -0.1 0   349.9 0   291.587 0   291.380 0   397.0 0   291.200 0   291.218 0     0.0 0     0.0 0     0.0 0   -47.1 0   -47.1 0    18.6 0    88.3 0     0.1 0   242.0 0   969.1 0
 2026 208  7 27  5  4  5.067 119.98    -1.0 0    -0.2 0    -0.1 0    -0.1 0   349.7 0   291.564 0   291.343 0   397.0 0   291.182 0   291.201 0     0.0 0     0.0 0     0.0 0   -47.2 0   -47.2 0    18.6 0    88.4 0     0.0 0     0.0 0   969.1 0
 2026 208  7 27  5  5  5.083 119.99    -1.0 0    -0.2 0    -0.1 0    -0.1 0   350.0 0   291.542 0   291.336 0   396.8 0   291.163 0   291.183 0     0.0 0     0.0 0     0.0 0   -46.8 0   -46.8 0    18.5 0    88.5 0     0.0 0     0.0 0   969.1 0
 2026 208  7 27  5  6  5.100 120.00    -1.1 0    -0.2 0    -0.1 0    -0.1 0   349.8 0   291.524 0   291.326 0   396.6 0   291.143 0   291.162 0     0.0 0     0.0 0     0.0 0   -46.8 0   -46.8 0    18.5 0    88.6 0     0.0 0     0.0 0   969.1 0
 2026 208  7 27  5  7  5.117 120.02    -1.1 0    -0.2 0    -0.2 0    -0.1 0   349.6 0   291.506 0   291.303 0   396.5 0   291.123 0   291.141 0     0.0 0     0.0 0     0.0 0   -46.9 0   -46.9 0    18.5 0    88.7 0     0.0 0     0.0 0   969.1 0
 2026 208  7 27  5  8  5.133 120.03    -1.1 0    -0.2 0    -0.2 0    -0.1 0   349.3 0   291.488 0   291.274 0   396.6 0   291.102 0   291.124 0     0.0 0     0.0 0     0.0 0   -47.2 0   -47.2 0    18.5 0    88.9 0     0.0 0     0.0 0   969.1 0
 2026 208  7 27  5  9  5.150 120.04    -1.0 0    -0.2 0    -0.2 0    -0.1 0   349.1 0   291.465 0   291.246 0   396.4 0   291.083 0   291.104 0     0.0 0     0.0 0     0.0 0   -47.3 0   -47.3 0    18.4 0    88.9 0     0.0 0     0.0 0   969.1 0
 2026 208  7 27  5 10  5.167 120.04    -1.0 0    -0.2 0    -0.2 0    -0.1 0   349.1 0   291.442 0   291.229 0   396.3 0   291.063 0   291.084 0     0.0 0     0.0 0     0.0 0   -47.1 0   -47.1 0    18.4 0    89.0 0     0.0 0     0.0 0   969.1 0
 2026 208  7 27  5 11  5.183 120.05    -1.1 0    -0.2 0    -0.2 0     0.0 0   349.1 0   291.421 0   291.215 0   396.1 0   291.042 0   291.064 0     0.0 0     0.0 0     0.0 0   -47.0 0   -47.0 0    18.4 0    89.1 0     0.0 0     0.0 0   969.0 0
 2026 208  7 27  5 12  5.200 120.06    -1.1 0    -0.2 0    -0.2 0     0.0 0   348.9 0   291.404 0   291.203 0   395.9 0   291.021 0   291.040 0     0.0 0     0.0 0     0.0 0   -47.0 0   -47.0 0    18.4 0    89.2 0     0.0 0     0.0 0   969.0 0
 2026 208  7 27  5 13  5.217 120.06    -1.0 0    -0.3 0    -0.2 0    -0.1 0   348.7 0   291.387 0   291.176 0   395.7 0   290.999 0   291.017 0     0.0 0     0.0 0     0.0 0   -47.0 0   -47.0 0    18.3 0    89.2 0     0.0 0     0.0 0   969.0 0
 2026 208  7 27  5 14  5.233 120.07    -1.0 0    -0.3 0    -0.2 0    -0.1 0   348.5 0   291.366 0   291.150 0   395.5 0   290.977 0   290.994 0     0.0 0     0.0 0     0.0 0   -47.0 0   -47.0 0    18.3 0    89.3 0     0.0 0     0.0 0   969.0 0
 2026 208  7 27  5 15  5.250 120.07    -1.0 0    -0.3 0    -0.2 0    -0.1 0   348.5 0   291.343 0   291.115 0   395.7 0   290.956 0   290.973 0     0.0 0     0.0 0     0.0 0   -47.2 0   -47.2 0    18.3 0    89.4 0     0.0 0     0.0 0   969.0 0
 2026 208  7 27  5 16  5.267 120.08    -0.9 0    -0.3 0    -0.2 0     0.0 0   348.7 0   291.314 0   291.078 0   396.1 0   290.935 0   290.953 0     0.0 0     0.0 0     0.0 0   -47.4 0   -47.4 0    18.3 0    89.5 0     0.0 0     0.0 0   969.0 0
 2026 208  7 27  5 17  5.283 120.08    -0.9 0    -0.3 0    -0.1 0     0.0 0   348.4 0   291.282 0   291.041 0   396.3 0   290.914 0   290.936 0     0.0 0     0.0 0     0.0 0   -47.9 0   -47.9 0    18.2 0    89.7 0     0.0 0     0.0 0   969.0 0
 2026 208  7 27  5 18  5.300 120.08    -0.8 0    -0.3 0    -0.1 0    -0.1 0   348.1 0   291.247 0   290.987 0   396.1 0   290.896 0   290.920 0     0.0 0     0.0 0     0.0 0   -47.9 0   -47.9 0    18.2 0    89.8 0     0.0 0     0.0 0   969.0 0
 2026 208  7 27  5 19  5.317 120.08    -0.8 0    -0.4 0    -0.1 0    -0.1 0   348.5 0   291.207 0   290.955 0   395.9 0   290.879 0   290.906 0     0.0 0     0.0 0     0.0 0   -47.4 0   -47.4 0    18.2 0    89.9 0     0.0 0     0.0 0   969.0 0
 2026 208  7 27  5 20  5.333 120.08    -0.8 0    -0.3 0    -0.1 0    -0.1 0   348.7 0   291.171 0   290.937 0   395.7 0   290.862 0   290.887 0     0.0 0     0.0 0     0.0 0   -47.0 0   -47.0 0    18.2 0    90.0 0     0.0 0     0.0 0   969.0 0
 2026 208  7 27  5 21  5.350 120.08    -0.9 0    -0.3 0    -0.2 0    -0.1 0   348.7 0   291.147 0   290.950 0   395.7 0   290.844 0   290.865 0     0.0 0     0.0 0     0.0 0   -47.0 0   -47.0 0    18.2 0    90.0 0     0.1 0   266.0 0   969.0 0
 2026 208  7 27  5 22  5.367 120.08    -1.0 0    -0.3 0    -0.2 0    -0.1 0   348.2 0   291.131 0   290.914 0   395.7 0   290.826 0   290.846 0     0.0 0     0.0 0     0.0 0   -47.5 0   -47.5 0    18.2 0    90.1 0     0.7 0   290.4 0   969.1 0
 2026 208  7 27  5 23  5.383 120.07    -0.7 0    -0.3 0    -0.1 0    -0.1 0   348.1 0   291.099 0   290.839 0   395.8 0   290.808 0   290.829 0     0.0 0     0.0 0     0.0 0   -47.7 0   -47.7 0    18.2 0    90.1 0     0.9 0   290.9 0   969.0 0
 2026 208  7 27  5 24  5.400 120.07    -0.6 0    -0.3 0    -0.1 0    -0.1 0   348.4 0   291.051 0   290.784 0   395.7 0   290.793 0   290.816 0     0.0 0     0.0 0     0.0 0   -47.3 0   -47.3 0    18.2 0    90.2 0     0.8 0   283.2 0   969.0 0
 2026 208  7 27  5 25  5.417 120.06    -0.6 0    -0.4 0     0.0 0    -0.1 0   348.2 0   290.999 0   290.720 0   395.5 0   290.780 0   290.803 0     0.0 0     0.0 0     0.0 0   -47.2 0   -47.2 0    18.2 0    90.1 0     0.8 0   275.0 0   969.1 0
 2026 208  7 27  5 26  5.433 120.06    -0.5 0    -0.3 0    -0.1 0    -0.1 0   348.0 0   290.947 0   290.680 0   395.2 0   290.768 0   290.789 0     0.0 0     0.0 0     0.0 0   -47.2 0   -47.2 0    18.3 0    90.0 0     0.8 0   267.1 0   969.1 0
 2026 208  7 27  5 27  5.450 120.05    -0.6 0    -0.3 0    -0.1 0    -0.1 0   347.6 0   290.901 0   290.629 0   395.0 0   290.756 0   290.778 0     0.0 0     0.0 0     0.0 0   -47.4 0   -47.4 0    18.3 0    89.9 0     0.9 0   255.8 0   969.1 0
 2026 208  7 27  5 28  5.467 120.04    -0.6 0    -0.2 0    -0.1 0    -0.1 0   347.4 0   290.857 0   290.591 0   395.0 0   290.743 0   290.767 0     0.0 0     0.0 0     0.0 0   -47.7 0   -47.7 0    18.3 0    89.7 0     0.9 0   246.5 0   969.1 0
 2026 208  7 27  5 29  5.483 120.03    -0.7 0    -0.2 0    -0.1 0    -0.1 0   347.3 0   290.817 0   290.559 0   395.0 0   290.730 0   290.753 0     0.0 0     0.0 0     0.0 0   -47.7 0   -47.7 0    18.3 0    89.6 0     0.8 0   237.2 0   969.1 0
 2026 208  7 27  5 30  5.500 120.03    -0.7 0    -0.2 0    -0.1 0     0.0 0   347.5 0   290.781 0   290.524 0   395.1 0   290.717 0   290.739 0     0.0 0     0.0 0     0.0 0   -47.6 0   -47.6 0    18.3 0    89.5 0     0.8 0   226.1 0   969.1 0
 2026 208  7 27  5 31  5.517 120.01    -0.7 0    -0.2 0    -0.1 0     0.0 0   347.6 0   290.744 0   290.490 0   395.2 0   290.703 0   290.725 0     0.0 0     0.0 0     0.0 0   -47.6 0   -47.6 0    18.3 0    89.4 0     0.7 0   220.7 0   969.1 0
 2026 208  7 27  5 32  5.533 120.00    -0.8 0    -0.2 0    -0.2 0     0.0 0   347.8 0   290.710 0   290.475 0   395.3 0   290.690 0   290.714 0     0.0 0     0.0 0     0.0 0   -47.6 0   -47.6 0    18.3 0    89.3 0     0.8 0   223.0 0   969.1 0
 2026 208  7 27  5 33  5.550 119.99    -0.8 0    -0.2 0    -0.1 0     0.0 0   347.6 0   290.681 0   290.445 0   395.4 0   290.678 0   290.703 0     0.0 0     0.0 0     0.0 0   -47.8 0   -47.8 0    18.3 0    89.4 0     0.9 0   236.3 0   969.1 0
 2026 208  7 27  5 34  5.567 119.98    -0.7 0    -0.2 0    -0.1 0    -0.1 0   347.3 0   290.650 0   290.408 0   395.3 0   290.666 0   290.692 0     0.0 0     0.0 0     0.0 0   -48.0 0   -48.0 0    18.3 0    89.4 0     1.0 0   238.5 0   969.2 0
 2026 208  7 27  5 35  5.583 119.96    -0.8 0    -0.2 0    -0.1 0     0.0 0   347.4 0   290.617 0   290.373 0   394.9 0   290.655 0   290.677 0     0.0 0     0.0 0     0.0 0   -47.5 0   -47.5 0    18.3 0    89.4 0     1.2 0   247.3 0   969.2 0
 2026 208  7 27  5 36  5.600 119.95    -0.8 0    -0.1 0    -0.1 0    -0.1 0   347.7 0   290.582 0   290.323 0   394.8 0   290.643 0   290.665 0     0.0 0     0.0 0     0.0 0   -47.0 0   -47.0 0    18.2 0    89.3 0     1.2 0   247.8 0   969.2 0
 2026 208  7 27  5 37  5.617 119.93    -0.7 0    -0.1 0    -0.1 0    -0.1 0   348.2 0   290.542 0   290.287 0   394.5 0   290.631 0   290.651 0     0.0 0     0.0 0     0.0 0   -46.3 0   -46.3 0    18.2 0    89.3 0     1.3 0   247.8 0   969.2 0
 2026 208  7 27  5 38  5.633 119.92    -0.7 0    -0.1 0    -0.1 0    -0.1 0   348.4 0   290.506 0   290.267 0   394.4 0   290.618 0   290.637 0     0.0 0     0.0 0     0.0 0   -45.9 0   -45.9 0    18.2 0    89.4 0     1.3 0   249.3 0   969.2 0
 2026 208  7 27  5 39  5.650 119.90    -0.8 0    -0.1 0     0.0 0    -0.1 0   348.5 0   290.473 0   290.229 0   394.2 0   290.604 0   290.620 0     0.0 0     0.0 0     0.0 0   -45.7 0   -45.7 0    18.2 0    89.4 0     1.3 0   254.9 0   969.2 0
 2026 208  7 27  5 40  5.667 119.88    -0.8 0     0.0 0     0.0 0    -0.1 0   348.6 0   290.440 0   290.200 0   394.3 0   290.586 0   290.600 0     0.0 0     0.0 0     0.0 0   -45.7 0   -45.7 0    18.1 0    89.3 0     1.4 0   258.7 0   969.2 0
 2026 208  7 27  5 41  5.683 119.86    -0.7 0     0.0 0     0.0 0    -0.1 0   348.5 0   290.407 0   290.168 0   394.4 0   290.564 0   290.579 0     0.0 0     0.0 0     0.0 0   -45.9 0   -45.9 0    18.0 0    89.4 0     1.4 0   265.5 0   969.1 0
 2026 208  7 27  5 42  5.700 119.84    -0.8 0     0.0 0    -0.1 0     0.0 0   348.4 0   290.378 0   290.160 0   394.7 0   290.545 0   290.564 0     0.0 0     0.0 0     0.0 0   -46.3 0   -46.3 0    18.0 0    89.7 0     1.5 0   267.3 0   969.1 0
 2026 208  7 27  5 43  5.717 119.82    -0.8 0    -0.1 0    -0.1 0    -0.1 0   348.1 0   290.354 0   290.136 0   394.9 0   290.529 0   290.551 0     0.0 0     0.0 0     0.0 0   -46.8 0   -46.8 0    17.9 0    89.9 0     1.7 0   267.4 0   969.1 0
 2026 208  7 27  5 44  5.733 119.80    -0.8 0    -0.1 0    -0.1 0     0.0 0   347.9 0   290.330 0   290.112 0   395.0 0   290.514 0   290.537 0     0.0 0     0.0 0     0.0 0   -47.0 0   -47.0 0    17.9 0    90.0 0     1.7 0   267.4 0   969.1 0
 2026 208  7 27  5 45  5.750 119.77    -0.9 0    -0.1 0    -0.1 0     0.0 0   347.8 0   290.308 0   290.107 0   395.0 0   290.500 0   290.524 0     0.0 0     0.0 0     0.0 0   -47.2 0   -47.2 0    17.9 0    90.0 0     1.8 0   261.7 0   969.1 0
 2026 208  7 27  5 46  5.767 119.75    -0.9 0    -0.1 0    -0.2 0     0.0 0   347.7 0   290.293 0   290.103 0   394.9 0   290.489 0   290.512 0     0.0 0     0.0 0     0.0 0   -47.2 0   -47.2 0    18.0 0    90.1 0     1.7 0   253.9 0   969.1 0
 2026 208  7 27  5 47  5.783 119.73    -1.0 0    -0.1 0    -0.2 0     0.0 0   347.1 0   290.282 0   290.097 0   394.6 0   290.477 0   290.498 0     0.0 0     0.0 0     0.0 0   -47.5 0   -47.5 0    17.9 0    90.0 0     1.6 0   253.0 0   969.1 0
 2026 208  7 27  5 48  5.800 119.70    -1.0 0     0.0 0    -0.2 0     0.0 0   346.5 0   290.270 0   290.078 0   394.3 0   290.462 0   290.479 0     0.0 0     0.0 0     0.0 0   -47.7 0   -47.7 0    17.9 0    89.8 0     1.5 0   246.5 0   969.1 0
 2026 208  7 27  5 49  5.817 119.67    -1.0 0     0.1 0    -0.1 0     0.0 0   346.3 0   290.255 0   290.062 0   393.9 0   290.441 0   290.454 0     0.0 0     0.0 0     0.0 0   -47.5 0   -47.5 0    17.8 0    89.7 0     1.3 0   238.9 0   969.1 0
 2026 208  7 27  5 50  5.833 119.65    -1.0 0     0.2 0    -0.1 0     0.0 0   346.2 0   290.240 0   290.046 0   393.6 0   290.415 0   290.428 0     0.0 0     0.0 0     0.0 0   -47.4 0   -47.4 0    17.7 0    89.9 0     1.1 0   229.4 0   969.1 0
 2026 208  7 27  5 51  5.850 119.62    -1.0 0     0.1 0    -0.1 0     0.0 0   345.9 0   290.225 0   290.031 0   393.3 0   290.390 0   290.406 0     0.0 0     0.0 0     0.0 0   -47.3 0   -47.3 0    17.6 0    90.0 0     1.0 0   228.9 0   969.1 0
 2026 208  7 27  5 52  5.867 119.59    -1.0 0     0.1 0    -0.1 0    -0.1 0   345.6 0   290.209 0   290.009 0   392.8 0   290.365 0   290.381 0     0.0 0     0.0 0     0.0 0   -47.2 0   -47.2 0    17.5 0    90.0 0     1.0 0   236.6 0   969.1 0
 2026 208  7 27  5 53  5.883 119.56    -1.0 0     0.0 0    -0.1 0    -0.1 0   345.8 0   290.191 0   289.990 0   392.7 0   290.339 0   290.355 0     0.0 0     0.0 0     0.0 0   -46.9 0   -46.9 0    17.5 0    90.3 0     1.2 0   230.9 0   969.1 0
 2026 208  7 27  5 54  5.900 119.53    -1.0 0    -0.1 0    -0.1 0    -0.1 0   345.9 0   290.173 0   289.972 0   392.9 0   290.317 0   290.337 0     0.0 0     0.0 0     0.0 0   -46.9 0   -46.9 0    17.5 0    90.8 0     1.1 0   224.7 0   969.1 0
 2026 208  7 27  5 55  5.917 119.50    -1.1 0    -0.2 0    -0.1 0    -0.1 0   346.4 0   290.156 0   289.971 0   393.1 0   290.299 0   290.326 0     0.0 0     0.0 0     0.0 0   -46.7 0   -46.7 0    17.5 0    90.8 0     0.9 0   226.9 0   969.1 0
 2026 208  7 27  5 56  5.933 119.46    -1.1 0    -0.3 0    -0.2 0     0.0 0   346.6 0   290.147 0   290.001 0   392.9 0   290.284 0   290.308 0     0.0 0     0.0 0     0.0 0   -46.3 0   -46.3 0    17.6 0    90.7 0     0.7 0   228.2 0   969.0 0
 2026 208  7 27  5 57  5.950 119.43    -1.2 0    -0.2 0    -0.2 0     0.0 0   346.5 0   290.150 0   290.018 0   392.5 0   290.266 0   290.287 0     0.0 0     0.0 0     0.0 0   -46.0 0   -46.0 0    17.6 0    90.5 0     0.8 0   228.2 0   969.0 0
 2026 208  7 27  5 58  5.967 119.40    -1.2 0    -0.2 0    -0.2 0     0.0 0   346.2 0   290.160 0   290.044 0   392.2 0   290.246 0   290.267 0     0.0 0     0.0 0     0.0 0   -46.0 0   -46.0 0    17.5 0    90.6 0     0.7 0   228.2 0   969.0 0
 2026 208  7 27  5 59  5.983 119.36    -1.2 0    -0.2 0    -0.2 0    -0.1 0   345.9 0   290.169 0   290.032 0   392.3 0   290.227 0   290.251 0     0.0 0     0.0 0     0.0 0   -46.4 0   -46.4 0    17.5 0    90.6 0     0.3 0   228.2 0   969.0 0
 2026 208  7 27  6  0  6.000 119.32    -1.2 0    -0.2 0    -0.1 0     0.0 0   345.8 0   290.172 0   290.033 0   392.2 0   290.209 0   290.234 0     0.0 0     0.0 0     0.0 0   -46.5 0   -46.5 0    17.5 0    90.6 0     0.0 0     0.0 0   968.9 0
 2026 208  7 27  6  1  6.017 119.29    -1.3 0    -0.2 0    -0.2 0     0.0 0   345.5 0   290.173 0   290.024 0   392.0 0   290.191 0   290.215 0     0.0 0     0.0 0     0.0 0   -46.5 0   -46.5 0    17.5 0    90.6 0     0.0 0     0.0 0   968.9 0
 2026 208  7 27  6  2  6.033 119.25    -1.3 0    -0.2 0    -0.2 0     0.0 0   345.6 0   290.174 0   290.037 0   391.9 0   290.172 0   290.194 0     0.0 0     0.0 0     0.0 0   -46.2 0   -46.2 0    17.5 0    90.6 0     0.0 0     0.0 0   968.9 0
 2026 208  7 27  6  3  6.050 119.21    -1.4 0    -0.2 0    -0.2 0     0.0 0   345.7 0   290.178 0   290.037 0   391.9 0   290.152 0   290.176 0     0.0 0     0.0 0     0.0 0   -46.2 0   -46.2 0    17.5 0    90.5 0     0.0 0     0.0 0   968.9 0
 2026 208  7 27  6  4  6.067 119.17    -1.4 0    -0.2 0    -0.2 0     0.0 0   345.7 0   290.181 0   290.038 0   391.9 0   290.132 0   290.157 0     0.0 0     0.0 0     0.0 0   -46.2 0   -46.2 0    17.5 0    90.5 0     0.0 0     0.0 0   968.9 0
 2026 208  7 27  6  5  6.083 119.13    -1.4 0    -0.2 0    -0.2 0     0.0 0   345.7 0   290.183 0   290.039 0   391.9 0   290.112 0   290.137 0     0.0 0     0.0 0     0.0 0   -46.2 0   -46.2 0    17.4 0    90.4 0     0.0 0     0.0 0   968.9 0
 2026 208  7 27  6  6  6.100 119.09    -1.4 0    -0.2 0    -0.2 0     0.0 0   345.4 0   290.184 0   290.029 0   391.9 0   290.091 0   290.115 0     0.0 0     0.0 0     0.0 0   -46.5 0   -46.5 0    17.4 0    90.4 0     0.0 0     0.0 0   968.9 0
 2026 208  7 27  6  7  6.117 119.05    -1.3 0    -0.2 0    -0.2 0     0.0 0   345.5 0   290.180 0   290.022 0   391.9 0   290.070 0   290.095 0     0.0 0     0.0 0     0.0 0   -46.4 0   -46.4 0    17.4 0    90.5 0     0.0 0     0.0 0   968.9 0
 2026 208  7 27  6  8  6.133 119.00    -1.3 0    -0.2 0    -0.2 0     0.0 0   345.3 0   290.175 0   290.011 0   391.9 0   290.049 0   290.077 0     0.0 0     0.0 0     0.0 0   -46.6 0   -46.6 0    17.3 0    90.6 0     0.0 0     0.0 0   968.9 0
 2026 208  7 27  6  9  6.150 118.96    -1.3 0    -0.2 0    -0.2 0     0.0 0   345.4 0   290.167 0   290.002 0   392.1 0   290.030 0   290.060 0     0.0 0     0.0 0     0.0 0   -46.7 0   -46.7 0    17.3 0    90.7 0     0.0 0   228.2 0   968.9 0
 2026 208  7 27  6 10  6.167 118.92    -1.3 0    -0.2 0    -0.2 0     0.0 0   345.8 0   290.161 0   290.003 0   392.3 0   290.010 0   290.040 0     0.0 0     0.0 0     0.0 0   -46.5 0   -46.5 0    17.3 0    90.9 0     0.4 0   228.2 0   968.9 0
 2026 208  7 27  6 11  6.183 118.87    -1.3 0    -0.2 0    -0.2 0     0.0 0   345.8 0   290.157 0   290.009 0   392.5 0   289.992 0   290.022 0     0.0 0     0.0 0     0.0 0   -46.7 0   -46.7 0    17.3 0    91.0 0     0.5 0   228.2 0   968.9 0
 2026 208  7 27  6 12  6.200 118.82    -1.3 0    -0.2 0    -0.2 0     0.0 0   345.8 0   290.157 0   290.014 0   392.4 0   289.975 0   290.009 0     0.0 0     0.0 0     0.0 0   -46.7 0   -46.7 0    17.4 0    91.0 0     0.5 0   228.2 0   968.9 0
 2026 208  7 27  6 13  6.217 118.78    -1.3 0    -0.2 0    -0.2 0     0.0 0   345.8 0   290.158 0   290.018 0   392.3 0   289.961 0   289.992 0     0.0 0     0.0 0     0.0 0   -46.5 0   -46.5 0    17.4 0    91.0 0     0.4 0   228.2 0   968.9 0
 2026 208  7 27  6 14  6.233 118.73    -1.4 0    -0.2 0    -0.2 0     0.0 0   346.0 0   290.160 0   290.027 0   392.4 0   289.945 0   289.977 0     0.0 0     0.0 0     0.0 0   -46.4 0   -46.4 0    17.4 0    91.0 0     0.4 0   181.5 0   968.9 0
 2026 208  7 27  6 15  6.250 118.68    -1.4 0    -0.2 0    -0.2 0     0.0 0   346.1 0   290.165 0   290.048 0   392.4 0   289.932 0   289.964 0     0.0 0     0.0 0     0.0 0   -46.3 0   -46.3 0    17.4 0    90.9 0     0.6 0    63.4 0   968.9 0
 2026 208  7 27  6 16  6.267 118.63    -1.4 0    -0.2 0    -0.3 0     0.0 0   345.9 0   290.176 0   290.064 0   392.3 0   289.920 0   289.951 0     0.0 0     0.0 0     0.0 0   -46.3 0   -46.3 0    17.4 0    90.9 0     0.5 0    64.2 0   968.8 0
 2026 208  7 27  6 17  6.283 118.58    -1.3 0    -0.2 0    -0.2 0     0.0 0   345.8 0   290.186 0   290.056 0   392.1 0   289.909 0   289.940 0     0.0 0     0.0 0     0.0 0   -46.3 0   -46.3 0    17.4 0    90.9 0     0.4 0    64.2 0   968.8 0
 2026 208  7 27  6 18  6.300 118.53    -1.3 0    -0.2 0    -0.2 0     0.0 0   345.8 0   290.190 0   290.055 0   392.0 0   289.897 0   289.928 0     0.0 0     0.0 0     0.0 0   -46.1 0   -46.1 0    17.4 0    90.8 0     0.3 0    64.2 0   968.8 0
 2026 208  7 27  6 19  6.317 118.47    -1.3 0    -0.2 0    -0.2 0     0.0 0   345.6 0   290.191 0   290.043 0   391.7 0   289.885 0   289.914 0     0.0 0     0.0 0     0.0 0   -46.1 0   -46.1 0    17.5 0    90.8 0     0.3 0    64.2 0   968.8 0
 2026 208  7 27  6 20  6.333 118.42    -1.3 0    -0.2 0    -0.1 0     0.0 0   345.2 0   290.184 0   290.017 0   391.5 0   289.873 0   289.901 0     0.0 0     0.0 0     0.0 0   -46.3 0   -46.3 0    17.5 0    90.8 0     0.3 0    64.2 0   968.8 0
 2026 208  7 27  6 21  6.350 118.37    -1.2 0    -0.2 0    -0.1 0     0.0 0   345.1 0   290.172 0   289.996 0   391.2 0   289.860 0   289.890 0     0.0 0     0.0 0     0.0 0   -46.2 0   -46.2 0    17.5 0    90.7 0     0.3 0    64.2 0   968.8 0
 2026 208  7 27  6 22  6.367 118.31    -1.2 0    -0.2 0    -0.1 0     0.0 0   344.8 0   290.159 0   289.975 0   391.1 0   289.848 0   289.875 0     0.0 0     0.0 0     0.0 0   -46.3 0   -46.3 0    17.5 0    90.7 0     0.2 0    64.2 0   968.8 0
 2026 208  7 27  6 23  6.383 118.26    -1.2 0    -0.2 0    -0.1 0     0.0 0   345.1 0   290.143 0   289.948 0   391.0 0   289.835 0   289.863 0     0.0 0     0.0 0     0.0 0   -46.0 0   -46.0 0    17.5 0    90.7 0     0.0 0    64.2 0   968.8 0
 2026 208  7 27  6 24  6.400 118.20    -1.1 0    -0.2 0    -0.1 0    -0.1 0   345.1 0   290.122 0   289.924 0   390.9 0   289.822 0   289.852 0     0.0 0     0.0 0     0.0 0   -45.8 0   -45.8 0    17.5 0    90.7 0     0.0 0     0.0 0   968.8 0
 2026 208  7 27  6 25  6.417 118.14    -1.1 0    -0.2 0    -0.1 0    -0.1 0   345.5 0   290.100 0   289.898 0   390.8 0   289.809 0   289.841 0     0.0 0     0.0 0     0.0 0   -45.4 0   -45.4 0    17.4 0    90.7 0     0.0 0     0.0 0   968.8 0
 2026 208  7 27  6 26  6.433 118.09    -1.0 0    -0.2 0    -0.1 0    -0.1 0   345.6 0   290.077 0   289.875 0   390.6 0   289.795 0   289.827 0     0.0 0     0.0 0     0.0 0   -45.0 0   -45.0 0    17.4 0    90.7 0     0.0 0     0.0 0   968.9 0
 2026 208  7 27  6 27  6.450 118.03    -1.0 0    -0.1 0    -0.1 0    -0.1 0   345.8 0   290.054 0   289.847 0   390.4 0   289.780 0   289.809 0     0.0 0     0.0 0     0.0 0   -44.7 0   -44.7 0    17.4 0    90.7 0     0.0 0     0.0 0   968.9 0
 2026 208  7 27  6 28  6.467 117.97    -1.0 0    -0.2 0    -0.1 0    -0.1 0   346.0 0   290.030 0   289.827 0   390.4 0   289.764 0   289.793 0     0.0 0     0.0 0     0.0 0   -44.4 0   -44.4 0    17.4 0    90.6 0     0.0 0     0.0 0   968.9 0
 2026 208  7 27  6 29  6.483 117.91    -1.0 0    -0.2 0    -0.1 0    -0.1 0   346.0 0   290.009 0   289.813 0   390.4 0   289.746 0   289.776 0     0.0 0     0.0 0     0.0 0   -44.4 0   -44.4 0    17.4 0    90.6 0     0.0 0     0.0 0   968.9 0
 2026 208  7 27  6 30  6.500 117.85    -1.0 0    -0.2 0    -0.1 0    -0.1 0   345.7 0   289.990 0   289.778 0   390.2 0   289.729 0   289.757 0     0.0 0     0.0 0     0.0 0   -44.5 0   -44.5 0    17.4 0    90.6 0     0.0 0     0.0 0   968.9 0
 2026 208  7 27  6 31  6.517 117.78    -0.9 0    -0.2 0    -0.1 0    -0.1 0   346.0 0   289.963 0   289.754 0   390.2 0   289.711 0   289.739 0     0.0 0     0.0 0     0.0 0   -44.2 0   -44.2 0    17.3 0    90.6 0     0.0 0     0.0 0   968.9 0
 2026 208  7 27  6 32  6.533 117.72    -0.8 0    -0.2 0    -0.1 0    -0.1 0   346.2 0   289.940 0   289.747 0   390.2 0   289.694 0   289.724 0     0.0 0     0.0 0     0.0 0   -44.0 0   -44.0 0    17.3 0    90.6 0     0.0 0     0.0 0   968.9 0
 2026 208  7 27  6 33  6.550 117.66    -0.9 0    -0.2 0    -0.1 0    -0.1 0   346.2 0   289.925 0   289.746 0   390.0 0   289.676 0   289.705 0     0.0 0     0.0 0     0.0 0   -43.8 0   -43.8 0    17.3 0    90.6 0     0.0 0     0.0 0   968.9 0
 2026 208  7 27  6 34  6.567 117.59    -1.0 0    -0.2 0    -0.2 0    -0.1 0   346.1 0   289.916 0   289.747 0   390.0 0   289.659 0   289.686 0     0.0 0     0.0 0     0.0 0   -43.8 0   -43.8 0    17.3 0    90.7 0     0.0 0     0.0 0   968.9 0
 2026 208  7 27  6 35  6.583 117.53    -1.1 0    -0.3 0    -0.2 0    -0.1 0   346.1 0   289.909 0   289.738 0   390.0 0   289.643 0   289.671 0     0.0 0     0.0 0     0.0 0   -43.9 0   -43.9 0    17.3 0    90.8 0     0.0 0     0.0 0   968.9 0
 2026 208  7 27  6 36  6.600 117.46    -1.0 0    -0.3 0    -0.2 0    -0.1 0   346.0 0   289.898 0   289.708 0   390.2 0   289.631 0   289.660 0     0.0 0     0.0 0     0.0 0   -44.2 0   -44.2 0    17.3 0    90.9 0     0.1 0    64.2 0   968.9 0
 2026 208  7 27  6 37  6.617 117.39    -1.0 0    -0.4 0    -0.2 0    -0.1 0   345.9 0   289.881 0   289.708 0   390.3 0   289.620 0   289.650 0     0.0 0     0.0 0     0.0 0   -44.4 0   -44.4 0    17.3 0    91.1 0     0.3 0    64.2 0   968.9 0
 2026 208  7 27  6 38  6.633 117.33    -1.1 0    -0.4 0    -0.2 0    -0.1 0   345.5 0   289.871 0   289.712 0   390.5 0   289.612 0   289.645 0     0.0 0     0.0 0     0.0 0   -45.0 0   -45.0 0    17.4 0    91.2 0     0.3 0    64.2 0   968.9 0
 2026 208  7 27  6 39  6.650 117.26    -1.1 0    -0.4 0    -0.3 0     0.0 0   345.2 0   289.871 0   289.733 0   390.6 0   289.609 0   289.643 0     0.0 0     0.0 0     0.0 0   -45.4 0   -45.4 0    17.4 0    91.3 0     0.5 0    64.2 0   968.9 0
 2026 208  7 27  6 40  6.667 117.19    -1.1 0    -0.4 0    -0.3 0    -0.1 0   344.6 0   289.877 0   289.719 0   390.7 0   289.609 0   289.646 0     0.0 0     0.0 0     0.0 0   -46.0 0   -46.0 0    17.5 0    91.4 0     0.8 0   269.9 0   968.8 0
 2026 208  7 27  6 41  6.683 117.12    -1.0 0    -0.3 0    -0.2 0    -0.1 0   344.2 0   289.868 0   289.684 0   390.5 0   289.610 0   289.645 0     0.0 0     0.0 0     0.0 0   -46.3 0   -46.3 0    17.5 0    91.2 0     1.1 0   246.5 0   968.8 0
 2026 208  7 27  6 42  6.700 117.05    -0.9 0    -0.3 0    -0.1 0     0.0 0   343.9 0   289.849 0   289.635 0   390.7 0   289.610 0   289.646 0     0.0 0     0.0 0     0.0 0   -46.8 0   -46.8 0    17.4 0    91.3 0     1.2 0   237.2 0   968.8 0
 2026 208  7 27  6 43  6.717 116.98    -0.9 0    -0.4 0    -0.1 0     0.0 0   343.9 0   289.820 0   289.595 0   390.9 0   289.612 0   289.651 0     0.0 0     0.0 0     0.0 0   -47.0 0   -47.0 0    17.4 0    91.3 0     1.1 0   233.6 0   968.8 0
 2026 208  7 27  6 44  6.733 116.90    -0.9 0    -0.4 0    -0.1 0     0.0 0   344.1 0   289.791 0   289.581 0   391.0 0   289.614 0   289.650 0     0.0 0     0.0 0     0.0 0   -46.9 0   -46.9 0    17.4 0    91.3 0     1.1 0   233.6 0   968.8 0
 2026 208  7 27  6 45  6.750 116.83    -0.9 0    -0.3 0    -0.1 0     0.0 0   344.2 0   289.772 0   289.583 0   390.9 0   289.611 0   289.640 0     0.0 0     0.0 0     0.0 0   -46.6 0   -46.6 0    17.4 0    91.2 0     1.1 0   234.6 0   968.8 0
 2026 208  7 27  6 46  6.767 116.76    -0.9 0    -0.2 0    -0.1 0     0.0 0   344.1 0   289.757 0   289.551 0   390.8 0   289.605 0   289.632 0     0.0 0     0.0 0     0.0 0   -46.7 0   -46.7 0    17.3 0    91.2 0     1.2 0   244.1 0   968.8 0
 2026 208  7 27  6 47  6.783 116.68    -0.9 0    -0.2 0    -0.1 0     0.0 0   343.8 0   289.735 0   289.520 0   390.5 0   289.596 0   289.619 0     0.0 0     0.0 0     0.0 0   -46.7 0   -46.7 0    17.2 0    91.2 0     1.4 0   250.5 0   968.8 0
 2026 208  7 27  6 48  6.800 116.61    -0.9 0    -0.1 0     0.1 0    -0.1 0   343.4 0   289.707 0   289.462 0   390.3 0   289.583 0   289.604 0     0.0 0     0.0 0     0.0 0   -46.9 0   -46.9 0    17.1 0    91.3 0     1.8 0   253.5 0   968.9 0
 2026 208  7 27  6 49  6.817 116.53    -0.7 0    -0.2 0     0.1 0    -0.1 0   343.4 0   289.665 0   289.396 0   390.7 0   289.573 0   289.605 0     0.0 0     0.0 0     0.0 0   -47.3 0   -47.3 0    17.1 0    91.7 0     1.9 0   254.7 0   968.9 0
 2026 208  7 27  6 50  6.833 116.45    -0.8 0    -0.3 0     0.1 0     0.0 0   343.5 0   289.620 0   289.362 0   390.9 0   289.571 0   289.603 0     0.0 0     0.0 0     0.0 0   -47.4 0   -47.4 0    17.1 0    91.8 0     1.8 0   256.5 0   968.9 0
 2026 208  7 27  6 51  6.850 116.38    -0.8 0    -0.3 0     0.0 0     0.0 0   343.7 0   289.582 0   289.339 0   391.1 0   289.570 0   289.598 0     0.0 0     0.0 0     0.0 0   -47.3 0   -47.3 0    17.1 0    91.8 0     1.7 0   256.5 0   968.9 0
 2026 208  7 27  6 52  6.867 116.30    -0.8 0    -0.2 0    -0.1 0     0.0 0   343.5 0   289.551 0   289.321 0   390.9 0   289.566 0   289.591 0     0.0 0     0.0 0     0.0 0   -47.4 0   -47.4 0    17.1 0    91.8 0     1.6 0   256.5 0   968.9 0
 2026 208  7 27  6 53  6.883 116.22    -0.9 0    -0.2 0    -0.1 0     0.0 0   343.3 0   289.523 0   289.293 0   390.8 0   289.560 0   289.589 0     0.0 0     0.0 0     0.0 0   -47.4 0   -47.4 0    17.1 0    92.0 0     1.7 0   255.1 0   968.9 0
 2026 208  7 27  6 54  6.900 116.14    -0.9 0    -0.2 0    -0.1 0     0.0 0   342.6 0   289.496 0   289.262 0   390.4 0   289.556 0   289.579 0     0.0 0     0.0 0     0.0 0   -47.8 0   -47.8 0    17.1 0    91.9 0     2.0 0   255.5 0   968.9 0
 2026 208  7 27  6 55  6.917 116.06    -0.9 0     0.0 0    -0.1 0     0.0 0   342.3 0   289.466 0   289.223 0   390.4 0   289.545 0   289.565 0     0.0 0     0.0 0     0.0 0   -48.1 0   -48.1 0    17.0 0    91.9 0     2.1 0   258.3 0   968.9 0
 2026 208  7 27  6 56  6.933 115.98    -0.8 0    -0.1 0    -0.1 0     0.0 0   342.4 0   289.434 0   289.199 0   390.7 0   289.534 0   289.559 0     0.0 0     0.0 0     0.0 0   -48.3 0   -48.3 0    17.0 0    92.1 0     1.9 0   260.1 0   968.9 0
 2026 208  7 27  6 57  6.950 115.89    -0.9 0    -0.2 0    -0.1 0     0.0 0   342.3 0   289.406 0   289.179 0   390.6 0   289.528 0   289.556 0     0.0 0     0.0 0     0.0 0   -48.3 0   -48.3 0    17.0 0    92.3 0     1.8 0   263.1 0   968.9 0
 2026 208  7 27  6 58  6.967 115.81    -0.9 0     0.0 0    -0.1 0     0.0 0   342.2 0   289.379 0   289.153 0   390.2 0   289.519 0   289.532 0     0.0 0     0.0 0     0.0 0   -48.0 0   -48.0 0    16.9 0    92.0 0     1.6 0   259.1 0   968.9 0
 2026 208  7 27  6 59  6.983 115.73    -0.9 0     0.2 0    -0.1 0     0.0 0   342.4 0   289.354 0   289.145 0   390.2 0   289.495 0   289.510 0     0.0 0     0.0 0     0.0 0   -47.8 0   -47.8 0    16.8 0    91.9 0     1.5 0   258.5 0   968.9 0
 2026 208  7 27  7  0  7.000 115.64    -0.9 0     0.1 0    -0.2 0     0.0 0   342.5 0   289.337 0   289.137 0   390.2 0   289.469 0   289.492 0     0.0 0     0.0 0     0.0 0   -47.7 0   -47.7 0    16.7 0    92.2 0     1.2 0   248.2 0   968.9 0
 2026 208  7 27  7  1  7.017 115.56    -0.9 0     0.1 0    -0.2 0     0.0 0   342.4 0   289.320 0   289.116 0   390.0 0   289.447 0   289.471 0     0.0 0     0.0 0     0.0 0   -47.6 0   -47.6 0    16.7 0    92.3 0     1.3 0   246.4 0   968.9 0
 2026 208  7 27  7  2  7.033 115.47    -1.0 0     0.1 0    -0.1 0     0.0 0   342.1 0   289.301 0   289.093 0   389.7 0   289.423 0   289.445 0     0.0 0     0.0 0     0.0 0   -47.6 0   -47.6 0    16.6 0    92.2 0     1.3 0   249.3 0   969.0 0
 2026 208  7 27  7  3  7.050 115.39    -1.0 0     0.0 0    -0.1 0     0.0 0   342.2 0   289.280 0   289.074 0   389.6 0   289.397 0   289.421 0     0.0 0     0.0 0     0.0 0   -47.4 0   -47.4 0    16.5 0    92.3 0     1.2 0   249.4 0   969.0 0
 2026 208  7 27  7  4  7.067 115.30    -1.0 0     0.0 0    -0.1 0     0.0 0   342.3 0   289.262 0   289.065 0   389.4 0   289.372 0   289.398 0     0.0 0     0.0 0     0.0 0   -47.2 0   -47.2 0    16.5 0    92.4 0     1.2 0   250.8 0   969.0 0
 2026 208  7 27  7  5  7.083 115.21    -1.0 0     0.0 0    -0.1 0     0.0 0   342.2 0   289.245 0   289.055 0   389.3 0   289.349 0   289.377 0     0.0 0     0.0 0     0.0 0   -47.0 0   -47.0 0    16.5 0    92.6 0     1.3 0   252.4 0   969.0 0
 2026 208  7 27  7  6  7.100 115.12    -1.0 0    -0.1 0    -0.1 0     0.0 0   342.4 0   289.231 0   289.050 0   389.2 0   289.327 0   289.354 0     0.0 0     0.0 0     0.0 0   -46.8 0   -46.8 0    16.5 0    92.6 0     1.3 0   252.5 0   969.0 0
 2026 208  7 27  7  7  7.117 115.03    -1.1 0    -0.1 0    -0.2 0     0.0 0   342.5 0   289.221 0   289.053 0   389.1 0   289.307 0   289.334 0     0.0 0     0.0 0     0.0 0   -46.6 0   -46.6 0    16.5 0    92.6 0     1.1 0   251.3 0   969.0 0
 2026 208  7 27  7  8  7.133 114.94    -1.0 0    -0.1 0    -0.2 0     0.0 0   342.5 0   289.214 0   289.053 0   388.9 0   289.286 0   289.313 0     0.0 0     0.0 0     0.0 0   -46.4 0   -46.4 0    16.5 0    92.6 0     0.8 0   241.6 0   969.0 0
 2026 208  7 27  7  9  7.150 114.85    -1.0 0    -0.1 0    -0.1 0    -0.1 0   342.1 0   289.207 0   289.033 0   388.7 0   289.267 0   289.293 0     0.0 0     0.0 0     0.0 0   -46.5 0   -46.5 0    16.4 0    92.6 0     0.6 0   241.6 0   969.0 0
 2026 208  7 27  7 10  7.167 114.76    -1.1 0    -0.1 0    -0.2 0    -0.1 0   342.4 0   289.198 0   289.038 0   388.3 0   289.246 0   289.269 0     0.0 0     0.0 0     0.0 0   -45.8 0   -45.8 0    16.4 0    92.5 0     0.5 0   241.6 0   969.0 0
 2026 208  7 27  7 11  7.183 114.67    -1.2 0    -0.1 0    -0.2 0     0.0 0   342.6 0   289.196 0   289.050 0   388.2 0   289.224 0   289.249 0     0.0 0     0.0 0     0.0 0   -45.7 0   -45.7 0    16.4 0    92.6 0     0.6 0   247.4 0   969.1 0
 2026 208  7 27  7 12  7.200 114.57    -1.2 0    -0.1 0    -0.2 0    -0.1 0   342.7 0   289.198 0   289.060 0   388.3 0   289.203 0   289.231 0     0.0 0     0.0 0     0.0 0   -45.7 0   -45.7 0    16.4 0    92.7 0     0.5 0   249.4 0   969.1 0
 2026 208  7 27  7 13  7.217 114.48    -1.3 0    -0.2 0    -0.2 0    -0.1 0   342.7 0   289.203 0   289.072 0   388.3 0   289.184 0   289.212 0     0.0 0     0.0 0     0.0 0   -45.6 0   -45.6 0    16.3 0    92.7 0     0.5 0   249.4 0   969.0 0
 2026 208  7 27  7 14  7.233 114.39    -1.3 0    -0.2 0    -0.3 0    -0.1 0   342.8 0   289.210 0   289.080 0   388.4 0   289.165 0   289.194 0     0.0 0     0.0 0     0.0 0   -45.6 0   -45.6 0    16.4 0    92.8 0     0.4 0   249.4 0   969.0 0
 2026 208  7 27  7 15  7.250 114.29    -1.4 0    -0.2 0    -0.3 0     0.0 0   342.7 0   289.218 0   289.091 0   388.2 0   289.148 0   289.179 0     0.0 0     0.0 0     0.0 0   -45.5 0   -45.5 0    16.4 0    92.8 0     0.0 0     0.0 0   969.0 0
 2026 208  7 27  7 16  7.267 114.20    -1.5 0    -0.2 0    -0.3 0     0.0 0   342.7 0   289.228 0   289.109 0   388.2 0   289.132 0   289.165 0     0.0 0     0.0 0     0.0 0   -45.5 0   -45.5 0    16.4 0    92.9 0     0.0 0     0.0 0   969.0 0
 2026 208  7 27  7 17  7.283 114.10    -1.5 0    -0.2 0    -0.3 0     0.0 0   342.8 0   289.242 0   289.135 0   388.3 0   289.118 0   289.154 0     0.0 0     0.0 0     0.0 0   -45.5 0   -45.5 0    16.4 0    92.9 0     0.0 0     0.0 0   968.9 0
 2026 208  7 27  7 18  7.300 114.00    -1.5 0    -0.2 0    -0.3 0     0.0 0   342.8 0   289.260 0   289.155 0   388.3 0   289.106 0   289.143 0     0.0 0     0.0 0     0.0 0   -45.5 0   -45.5 0    16.5 0    93.0 0     0.0 0     0.0 0   968.9 0
 2026 208  7 27  7 19  7.317 113.91    -1.4 0    -0.2 0    -0.3 0     0.0 0   342.9 0   289.277 0   289.173 0   388.3 0   289.094 0   289.130 0     0.0 0     0.0 0     0.0 0   -45.4 0   -45.4 0    16.5 0    93.1 0     0.0 0   159.5 0   968.9 0
 2026 208  7 27  7 20  7.333 113.81    -1.4 0    -0.2 0    -0.3 0     0.0 0   343.1 0   289.296 0   289.205 0   388.5 0   289.085 0   289.125 0     0.0 0     0.0 0     0.0 0   -45.4 0   -45.4 0    16.6 0    93.1 0     0.5 0   158.9 0   968.8 0
 2026 208  7 27  7 21  7.350 113.71    -1.4 0    -0.2 0    -0.2 0     0.0 0   343.2 0   289.318 0   289.227 0   388.5 0   289.080 0   289.119 0     0.0 0     0.0 0     0.0 0   -45.3 0   -45.3 0    16.6 0    93.1 0     0.4 0   158.3 0   968.8 0
 2026 208  7 27  7 22  7.367 113.61    -1.4 0    -0.1 0    -0.2 0     0.0 0   343.1 0   289.336 0   289.228 0   388.1 0   289.075 0   289.110 0     0.0 0     0.0 0     0.0 0   -45.0 0   -45.0 0    16.7 0    92.9 0     0.3 0   131.4 0   968.9 0
 2026 208  7 27  7 23  7.383 113.51    -1.4 0     0.0 0    -0.2 0     0.0 0   343.2 0   289.346 0   289.228 0   387.8 0   289.066 0   289.094 0     0.0 0     0.0 0     0.0 0   -44.6 0   -44.6 0    16.6 0    92.7 0     0.3 0   113.2 0   968.9 0
 2026 208  7 27  7 24  7.400 113.41    -1.5 0     0.0 0    -0.2 0     0.0 0   343.5 0   289.353 0   289.235 0   387.8 0   289.053 0   289.083 0     0.0 0     0.0 0     0.0 0   -44.3 0   -44.3 0    16.6 0    92.7 0     0.0 0   113.2 0   968.9 0
 2026 208  7 27  7 25  7.417 113.31    -1.5 0     0.0 0    -0.2 0     0.0 0   344.0 0   289.360 0   289.240 0   387.8 0   289.041 0   289.072 0     0.0 0     0.0 0     0.0 0   -43.8 0   -43.8 0    16.6 0    92.7 0     0.0 0     0.0 0   968.9 0
 2026 208  7 27  7 26  7.433 113.20    -1.5 0     0.0 0    -0.3 0     0.0 0   344.5 0   289.364 0   289.234 0   387.9 0   289.029 0   289.063 0     0.0 0     0.0 0     0.0 0   -43.4 0   -43.4 0    16.5 0    92.7 0     0.0 0     0.0 0   968.9 0
 2026 208  7 27  7 27  7.450 113.10    -1.5 0     0.0 0    -0.3 0     0.0 0   344.9 0   289.367 0   289.245 0   387.9 0   289.016 0   289.053 0     0.0 0     0.0 0     0.0 0   -43.1 0   -43.1 0    16.5 0    92.8 0     0.0 0     0.0 0   968.9 0
 2026 208  7 27  7 28  7.467 113.00    -1.4 0    -0.1 0    -0.3 0     0.0 0   344.9 0   289.373 0   289.255 0   388.0 0   289.006 0   289.044 0     0.0 0     0.0 0     0.0 0   -43.1 0   -43.1 0    16.5 0    92.8 0     0.5 0    34.8 0   968.8 0
 2026 208  7 27  7 29  7.483 112.89    -1.4 0    -0.1 0    -0.3 0     0.0 0   344.8 0   289.378 0   289.242 0   388.1 0   288.996 0   289.035 0     0.0 0     0.0 0     0.0 0   -43.3 0   -43.3 0    16.5 0    92.8 0     0.6 0    35.8 0   968.8 0
 2026 208  7 27  7 30  7.500 112.79    -1.3 0    -0.1 0    -0.2 0     0.0 0   345.0 0   289.374 0   289.226 0   388.4 0   288.988 0   289.024 0     0.0 0     0.0 0     0.0 0   -43.4 0   -43.4 0    16.5 0    92.8 0     0.7 0    45.4 0   968.8 0
 2026 208  7 27  7 31  7.517 112.68    -1.2 0    -0.1 0    -0.2 0     0.0 0   345.8 0   289.365 0   289.209 0   388.8 0   288.979 0   289.015 0     0.0 0     0.0 0     0.0 0   -43.0 0   -43.0 0    16.5 0    92.8 0     0.8 0    55.2 0   968.8 0
 2026 208  7 27  7 32  7.533 112.58    -1.2 0    -0.2 0    -0.1 0     0.0 0   346.7 0   289.352 0   289.194 0   389.1 0   288.973 0   289.011 0     0.0 0     0.0 0     0.0 0   -42.4 0   -42.4 0    16.5 0    92.9 0     0.7 0    60.7 0   968.8 0
 2026 208  7 27  7 33  7.550 112.47    -1.2 0    -0.2 0    -0.1 0     0.0 0   347.2 0   289.340 0   289.192 0   389.2 0   288.969 0   289.006 0     0.0 0     0.0 0     0.0 0   -42.0 0   -42.0 0    16.6 0    93.0 0     0.9 0    72.8 0   968.8 0
 2026 208  7 27  7 34  7.567 112.36    -1.3 0    -0.3 0    -0.2 0     0.0 0   347.1 0   289.335 0   289.207 0   389.4 0   288.967 0   289.006 0     0.0 0     0.0 0     0.0 0   -42.3 0   -42.3 0    16.6 0    93.1 0     1.0 0    76.3 0   968.8 0
 2026 208  7 27  7 35  7.583 112.26    -1.3 0    -0.3 0    -0.2 0     0.0 0   346.7 0   289.338 0   289.210 0   389.6 0   288.968 0   289.010 0     0.0 0     0.0 0     0.0 0   -42.8 0   -42.8 0    16.6 0    92.9 0     1.0 0    77.1 0   968.8 0
 2026 208  7 27  7 36  7.600 112.15    -1.3 0    -0.3 0    -0.2 0     0.0 0   346.8 0   289.339 0   289.205 0   389.5 0   288.970 0   289.009 0     0.0 0     0.0 0     0.0 0   -42.7 0   -42.7 0    16.6 0    92.9 0     1.1 0    80.4 0   968.8 0
 2026 208  7 27  7 37  7.617 112.04    -1.2 0    -0.3 0    -0.2 0     0.0 0   347.9 0   289.338 0   289.202 0   389.6 0   288.971 0   289.010 0     0.0 0     0.0 0     0.0 0   -41.7 0   -41.7 0    16.6 0    92.9 0     1.2 0    85.4 0   968.8 0
 2026 208  7 27  7 38  7.633 111.93    -1.2 0    -0.2 0    -0.2 0     0.0 0   349.5 0   289.333 0   289.190 0   389.6 0   288.971 0   289.007 0     0.0 0     0.0 0     0.0 0   -40.1 0   -40.1 0    16.6 0    92.7 0     1.0 0    80.7 0   968.8 0
 2026 208  7 27  7 39  7.650 111.82    -1.2 0    -0.1 0    -0.1 0     0.0 0   351.9 0   289.325 0   289.185 0   389.6 0   288.967 0   289.003 0     0.0 0     0.0 0     0.0 0   -37.7 0   -37.7 0    16.5 0    92.8 0     0.9 0    77.8 0   968.8 0
 2026 208  7 27  7 40  7.667 111.71    -1.2 0    -0.1 0    -0.1 0     0.0 0   354.8 0   289.318 0   289.187 0   389.8 0   288.962 0   288.998 0     0.0 0     0.0 0     0.0 0   -35.0 0   -35.0 0    16.5 0    92.8 0     0.9 0    75.6 0   968.9 0
 2026 208  7 27  7 41  7.683 111.60    -1.2 0    -0.2 0    -0.1 0     0.0 0   357.1 0   289.313 0   289.185 0   390.1 0   288.959 0   289.000 0     0.0 0     0.0 0     0.0 0   -33.0 0   -33.0 0    16.6 0    93.1 0     0.8 0    79.7 0   968.9 0
 2026 208  7 27  7 42  7.700 111.48    -1.2 0    -0.3 0    -0.1 0     0.0 0   358.1 0   289.308 0   289.193 0   390.3 0   288.962 0   289.009 0     0.0 0     0.0 0     0.0 0   -32.1 0   -32.1 0    16.6 0    93.2 0     0.9 0    89.8 0   968.8 0
 2026 208  7 27  7 43  7.717 111.37    -1.2 0    -0.2 0    -0.1 0    -0.1 0   357.3 0   289.309 0   289.197 0   390.0 0   288.967 0   289.004 0     0.0 0     0.0 0     0.0 0   -32.7 0   -32.7 0    16.6 0    92.9 0     0.7 0    90.7 0   968.8 0
 2026 208  7 27  7 44  7.733 111.26    -1.2 0    -0.1 0    -0.1 0    -0.1 0   356.3 0   289.310 0   289.202 0   389.9 0   288.962 0   288.993 0     0.0 0     0.0 0     0.0 0   -33.6 0   -33.6 0    16.6 0    92.6 0     0.6 0    91.0 0   968.8 0
 2026 208  7 27  7 45  7.750 111.15    -1.2 0     0.0 0    -0.1 0    -0.1 0   355.9 0   289.312 0   289.199 0   389.9 0   288.953 0   288.985 0     0.0 0     0.0 0     0.0 0   -34.0 0   -34.0 0    16.5 0    92.6 0     0.4 0   116.9 0   968.8 0
 2026 208  7 27  7 46  7.767 111.03    -1.2 0    -0.1 0    -0.1 0    -0.1 0   356.4 0   289.312 0   289.199 0   390.0 0   288.945 0   288.984 0     0.0 0     0.0 0     0.0 0   -33.7 0   -33.7 0    16.6 0    92.9 0     0.4 0   122.3 0   968.8 0
 2026 208  7 27  7 47  7.783 110.92    -1.2 0    -0.1 0    -0.1 0    -0.1 0   356.8 0   289.313 0   289.207 0   390.1 0   288.939 0   288.978 0     0.0 0     0.0 0     0.0 0   -33.2 0   -33.2 0    16.6 0    92.9 0     0.6 0   122.6 0   968.7 0
 2026 208  7 27  7 48  7.800 110.80    -1.2 0    -0.1 0    -0.2 0    -0.1 0   356.7 0   289.318 0   289.213 0   390.1 0   288.933 0   288.972 0     0.0 0     0.0 0     0.0 0   -33.4 0   -33.4 0    16.6 0    92.8 0     0.7 0   122.7 0   968.7 0
 2026 208  7 27  7 49  7.817 110.68    -1.2 0    -0.1 0    -0.2 0    -0.1 0   355.4 0   289.323 0   289.211 0   390.3 0   288.926 0   288.966 0     0.0 0     0.0 0     0.0 0   -34.9 0   -34.9 0    16.6 0    92.9 0     0.7 0   122.7 0   968.7 0
 2026 208  7 27  7 50  7.833 110.57    -1.2 0    -0.1 0    -0.2 0     0.0 0   353.4 0   289.324 0   289.211 0   390.4 0   288.921 0   288.963 0     0.0 0     0.0 0     0.0 0   -37.0 0   -37.0 0    16.7 0    92.9 0     0.7 0   122.7 0   968.7 0
 2026 208  7 27  7 51  7.850 110.45    -1.2 0     0.0 0    -0.1 0     0.0 0   351.0 0   289.326 0   289.204 0   390.1 0   288.916 0   288.956 0     0.0 0     0.0 0     0.0 0   -39.1 0   -39.1 0    16.6 0    92.7 0     0.2 0   122.7 0   968.7 0
 2026 208  7 27  7 52  7.867 110.33    -1.1 0     0.0 0    -0.2 0     0.0 0   349.5 0   289.324 0   289.202 0   390.0 0   288.908 0   288.952 0     0.0 0     0.0 0     0.0 0   -40.4 0   -40.4 0    16.6 0    92.7 0     0.0 0     0.0 0   968.7 0
 2026 208  7 27  7 53  7.883 110.21    -1.2 0     0.0 0    -0.2 0     0.0 0   349.1 0   289.325 0   289.201 0   389.6 0   288.900 0   288.943 0     0.0 0     0.0 0     0.0 0   -40.5 0   -40.5 0    16.6 0    92.7 0     0.0 0     0.0 0   968.7 0
 2026 208  7 27  7 54  7.900 110.09    -1.2 0     0.0 0    -0.2 0    -0.1 0   349.4 0   289.324 0   289.188 0   389.6 0   288.890 0   288.932 0     0.0 0     0.0 0     0.0 0   -40.2 0   -40.2 0    16.6 0    92.8 0     0.0 0     0.0 0   968.7 0
 2026 208  7 27  7 55  7.917 109.97    -1.1 0     0.1 0    -0.1 0     0.0 0   349.9 0   289.319 0   289.181 0   389.3 0   288.879 0   288.920 0     0.0 0     0.0 0     0.0 0   -39.4 0   -39.4 0    16.7 0    92.7 0     0.0 0     0.0 0   968.7 0
 2026 208  7 27  7 56  7.933 109.85    -1.1 0     0.1 0    -0.1 0     0.0 0   350.7 0   289.313 0   289.175 0   389.4 0   288.868 0   288.913 0     0.0 0     0.0 0     0.0 0   -38.7 0   -38.7 0    16.6 0    92.7 0     0.1 0   122.7 0   968.7 0
 2026 208  7 27  7 57  7.950 109.73    -1.1 0     0.1 0    -0.1 0     0.0 0   351.2 0   289.306 0   289.168 0   389.4 0   288.858 0   288.901 0     0.0 0     0.0 0     0.0 0   -38.1 0   -38.1 0    16.6 0    92.7 0     0.1 0   122.7 0   968.7 0
 2026 208  7 27  7 58  7.967 109.61    -1.1 0     0.1 0    -0.1 0     0.0 0   352.0 0   289.299 0   289.161 0   389.5 0   288.847 0   288.891 0     0.0 0     0.0 0     0.0 0   -37.6 0   -37.6 0    16.6 0    92.7 0     0.0 0     0.0 0   968.7 0
 2026 208  7 27  7 59  7.983 109.49    -1.1 0     0.1 0    -0.1 0     0.0 0   353.3 0   289.292 0   289.154 0   389.7 0   288.837 0   288.880 0     0.0 0     0.0 0     0.0 0   -36.5 0   -36.5 0    16.6 0    92.7 0     0.0 0     0.0 0   968.7 0
 2026 208  7 27  8  0  8.000 109.37    -1.1 0     0.1 0    -0.1 0     0.0 0   355.3 0   289.283 0   289.145 0   390.0 0   288.826 0   288.873 0     0.0 0     0.0 0     0.0 0   -34.7 0   -34.7 0    16.6 0    92.5 0     0.2 0    10.4 0   968.7 0
 2026 208  7 27  8  1  8.017 109.25    -1.0 0     0.1 0    -0.1 0     0.0 0   358.6 0   289.275 0   289.141 0   390.3 0   288.817 0   288.862 0     0.0 0     0.0 0     0.0 0   -31.7 0   -31.7 0    16.5 0    92.3 0     0.7 0     1.6 0   968.7 0
 2026 208  7 27  8  2  8.033 109.12    -1.0 0     0.0 0    -0.2 0     0.0 0   363.8 0   289.268 0   289.161 0   391.2 0   288.810 0   288.871 0     0.0 0     0.0 0     0.0 0   -27.3 0   -27.3 0    16.5 0    92.7 0     0.6 0   352.9 0   968.8 0
 2026 208  7 27  8  3  8.050 109.00    -1.2 0    -0.2 0    -0.2 0     0.0 0   367.7 0   289.273 0   289.197 0   391.7 0   288.815 0   288.882 0     0.0 0     0.0 0     0.0 0   -24.0 0   -24.0 0    16.5 0    92.8 0     0.1 0   346.7 0   968.8 0
 2026 208  7 27  8  4  8.067 108.87    -1.2 0    -0.1 0    -0.2 0    -0.1 0   369.3 0   289.285 0   289.222 0   392.0 0   288.819 0   288.882 0     0.0 0     0.0 0     0.0 0   -22.7 0   -22.7 0    16.6 0    92.8 0     0.0 0     0.0 0   968.8 0
 2026 208  7 27  8  5  8.083 108.75    -1.2 0     0.0 0    -0.2 0    -0.1 0   368.6 0   289.299 0   289.240 0   392.2 0   288.822 0   288.887 0     0.0 0     0.0 0     0.0 0   -23.7 0   -23.7 0    16.6 0    92.9 0     0.0 0     0.0 0   968.8 0
 2026 208  7 27  8  6  8.100 108.62    -1.3 0    -0.1 0    -0.2 0     0.0 0   366.5 0   289.315 0   289.263 0   392.2 0   288.826 0   288.889 0     0.0 0     0.0 0     0.0 0   -25.7 0   -25.7 0    16.6 0    92.9 0     0.2 0   346.8 0   968.7 0
 2026 208  7 27  8  7  8.117 108.50    -1.3 0     0.0 0    -0.3 0     0.0 0   364.9 0   289.335 0   289.291 0   392.4 0   288.833 0   288.897 0     0.0 0     0.0 0     0.0 0   -27.6 0   -27.6 0    16.7 0    92.8 0     0.0 0     0.0 0   968.7 0
 2026 208  7 27  8  8  8.133 108.37    -1.4 0     0.0 0    -0.3 0     0.0 0   364.0 0   289.359 0   289.319 0   392.5 0   288.840 0   288.901 0     0.0 0     0.0 0     0.0 0   -28.5 0   -28.5 0    16.7 0    92.8 0     0.0 0     0.0 0   968.7 0
 2026 208  7 27  8  9  8.150 108.24    -1.4 0     0.0 0    -0.3 0     0.0 0   363.9 0   289.385 0   289.345 0   392.7 0   288.846 0   288.901 0     0.0 0     0.0 0     0.0 0   -28.8 0   -28.8 0    16.7 0    92.8 0     0.0 0     0.0 0   968.7 0
 2026 208  7 27  8 10  8.167 108.12    -1.4 0     0.0 0    -0.3 0     0.0 0   364.8 0   289.411 0   289.377 0   392.8 0   288.851 0   288.902 0     0.0 0     0.0 0     0.0 0   -28.0 0   -28.0 0    16.7 0    92.8 0     0.0 0     0.0 0   968.7 0
 2026 208  7 27  8 11  8.183 107.99    -1.4 0     0.0 0    -0.4 0     0.0 0   366.7 0   289.439 0   289.413 0   393.1 0   288.856 0   288.908 0     0.0 0     0.0 0     0.0 0   -26.4 0   -26.4 0    16.8 0    92.8 0     0.0 0     0.0 0   968.7 0
 2026 208  7 27  8 12  8.200 107.86    -1.5 0     0.1 0    -0.4 0     0.0 0   369.3 0   289.469 0   289.447 0   393.2 0   288.861 0   288.911 0     0.0 0     0.0 0     0.0 0   -23.9 0   -23.9 0    16.8 0    92.8 0     0.0 0     0.0 0   968.7 0
 2026 208  7 27  8 13  8.217 107.73    -1.5 0     0.1 0    -0.3 0     0.0 0   371.9 0   289.498 0   289.478 0   393.5 0   288.864 0   288.915 0     0.0 0     0.0 0     0.0 0   -21.6 0   -21.6 0    16.8 0    92.7 0     0.0 0     0.0 0   968.7 0
 2026 208  7 27  8 14  8.233 107.60    -1.4 0     0.1 0    -0.3 0     0.0 0   373.9 0   289.524 0   289.511 0   393.7 0   288.867 0   288.918 0     0.0 0     0.0 0     0.0 0   -19.8 0   -19.8 0    16.8 0    92.7 0     0.0 0     0.0 0   968.7 0
 2026 208  7 27  8 15  8.250 107.47    -1.5 0     0.0 0    -0.3 0     0.0 0   375.0 0   289.553 0   289.546 0   394.0 0   288.870 0   288.919 0     0.0 0     0.0 0     0.0 0   -18.9 0   -18.9 0    16.8 0    92.7 0     0.0 0     0.0 0   968.7 0
 2026 208  7 27  8 16  8.267 107.34    -1.4 0     0.0 0    -0.3 0     0.0 0   374.9 0   289.583 0   289.574 0   394.2 0   288.873 0   288.927 0     0.0 0     0.0 0     0.0 0   -19.3 0   -19.3 0    16.8 0    92.7 0     0.0 0     0.0 0   968.7 0
 2026 208  7 27  8 17  8.283 107.21    -1.3 0     0.0 0    -0.3 0     0.0 0   373.7 0   289.610 0   289.594 0   394.4 0   288.876 0   288.930 0     0.0 0     0.0 0     0.0 0   -20.7 0   -20.7 0    16.8 0    92.6 0     0.0 0     0.0 0   968.7 0
 2026 208  7 27  8 18  8.300 107.08    -1.3 0     0.0 0    -0.3 0     0.0 0   371.2 0   289.633 0   289.603 0   394.5 0   288.880 0   288.936 0     0.0 0     0.0 0     0.0 0   -23.3 0   -23.3 0    16.7 0    92.6 0     0.0 0     0.0 0   968.7 0
 2026 208  7 27  8 19  8.317 106.95    -1.2 0     0.0 0    -0.2 0     0.0 0   367.5 0   289.650 0   289.602 0   394.4 0   288.884 0   288.940 0     0.0 0     0.0 0     0.0 0   -26.9 0   -26.9 0    16.7 0    92.5 0     0.4 0   350.2 0   968.7 0
 2026 208  7 27  8 20  8.333 106.81    -1.2 0     0.0 0    -0.2 0     0.0 0   363.3 0   289.660 0   289.591 0   394.2 0   288.888 0   288.942 0     0.0 0     0.0 0     0.0 0   -30.9 0   -30.9 0    16.7 0    92.5 0     0.6 0   354.8 0   968.7 0
 2026 208  7 27  8 21  8.350 106.68    -1.2 0     0.0 0    -0.2 0     0.0 0   359.8 0   289.667 0   289.584 0   393.9 0   288.892 0   288.944 0     0.0 0     0.0 0     0.0 0   -34.1 0   -34.1 0    16.7 0    92.6 0     0.6 0   354.8 0   968.7 0
 2026 208  7 27  8 22  8.367 106.55    -1.2 0     0.0 0    -0.2 0     0.0 0   356.8 0   289.671 0   289.571 0   393.5 0   288.897 0   288.953 0     0.0 0     0.0 0     0.0 0   -36.7 0   -36.7 0    16.7 0    92.7 0     0.7 0   352.4 0   968.7 0
 2026 208  7 27  8 23  8.383 106.41    -1.2 0    -0.1 0    -0.2 0     0.0 0   355.5 0   289.671 0   289.557 0   393.3 0   288.903 0   288.966 0     0.0 0     0.0 0     0.0 0   -37.8 0   -37.8 0    16.7 0    92.8 0     0.8 0   349.5 0   968.7 0
 2026 208  7 27  8 24  8.400 106.28    -1.2 0    -0.3 0    -0.2 0     0.0 0   355.2 0   289.670 0   289.553 0   393.3 0   288.915 0   288.992 0     0.0 0     0.0 0     0.0 0   -38.1 0   -38.1 0    16.8 0    93.0 0     1.0 0   345.3 0   968.7 0
 2026 208  7 27  8 25  8.417 106.14    -1.2 0    -0.4 0    -0.2 0     0.0 0   354.8 0   289.670 0   289.555 0   393.3 0   288.935 0   289.013 0     0.0 0     0.0 0     0.0 0   -38.5 0   -38.5 0    16.9 0    93.1 0     1.0 0   336.5 0   968.7 0
 2026 208  7 27  8 26  8.433 106.01    -1.2 0    -0.4 0    -0.2 0    -0.1 0   353.4 0   289.669 0   289.537 0   393.0 0   288.957 0   289.027 0     0.0 0     0.0 0     0.0 0   -39.6 0   -39.6 0    16.9 0    93.0 0     0.8 0   335.9 0   968.6 0
 2026 208  7 27  8 27  8.450 105.87    -1.1 0    -0.3 0    -0.1 0    -0.1 0   350.9 0   289.664 0   289.523 0   392.5 0   288.975 0   289.036 0     0.0 0     0.0 0     0.0 0   -41.6 0   -41.6 0    17.0 0    93.0 0     0.7 0   333.7 0   968.6 0
 2026 208  7 27  8 28  8.467 105.74    -1.1 0    -0.2 0    -0.1 0    -0.1 0   348.7 0   289.658 0   289.515 0   392.0 0   288.991 0   289.043 0     0.0 0     0.0 0     0.0 0   -43.3 0   -43.3 0    17.0 0    92.9 0     0.6 0   329.1 0   968.6 0
 2026 208  7 27  8 29  8.483 105.60    -1.1 0     0.0 0    -0.2 0    -0.1 0   347.0 0   289.656 0   289.516 0   391.4 0   289.001 0   289.044 0     0.0 0     0.0 0     0.0 0   -44.4 0   -44.4 0    16.9 0    92.7 0     0.6 0   325.3 0   968.6 0
 2026 208  7 27  8 30  8.500 105.46    -1.1 0     0.1 0    -0.2 0    -0.1 0   345.6 0   289.651 0   289.488 0   390.8 0   289.004 0   289.036 0     0.0 0     0.0 0     0.0 0   -45.2 0   -45.2 0    16.9 0    92.6 0     0.2 0   323.8 0   968.6 0
 2026 208  7 27  8 31  8.517 105.32    -1.1 0     0.2 0    -0.1 0     0.0 0   344.9 0   289.641 0   289.466 0   390.6 0   289.000 0   289.029 0     0.0 0     0.0 0     0.0 0   -45.7 0   -45.7 0    16.8 0    92.5 0     0.0 0     0.0 0   968.6 0
 2026 208  7 27  8 32  8.533 105.19    -1.0 0     0.2 0    -0.1 0     0.0 0   344.8 0   289.626 0   289.435 0   390.6 0   288.992 0   289.020 0     0.0 0     0.0 0     0.0 0   -45.8 0   -45.8 0    16.7 0    92.5 0     0.0 0     0.0 0   968.6 0
 2026 208  7 27  8 33  8.550 105.05    -0.9 0     0.1 0    -0.1 0     0.0 0   344.9 0   289.604 0   289.403 0   390.7 0   288.983 0   289.014 0     0.0 0     0.0 0     0.0 0   -45.8 0   -45.8 0    16.7 0    92.6 0     0.5 0   187.7 0   968.6 0
 2026 208  7 27  8 34  8.567 104.91    -0.9 0     0.1 0     0.0 0     0.0 0   345.1 0   289.579 0   289.382 0   390.6 0   288.977 0   289.010 0     0.0 0     0.0 0     0.0 0   -45.5 0   -45.5 0    16.6 0    92.7 0     0.6 0   200.4 0   968.6 0
 2026 208  7 27  8 35  8.583 104.77    -0.9 0     0.1 0    -0.1 0     0.0 0   345.4 0   289.559 0   289.378 0   390.4 0   288.971 0   289.006 0     0.0 0     0.0 0     0.0 0   -45.0 0   -45.0 0    16.6 0    92.7 0     0.7 0   198.5 0   968.5 0
 2026 208  7 27  8 36  8.600 104.63    -0.9 0     0.1 0    -0.1 0    -0.1 0   345.4 0   289.544 0   289.362 0   389.9 0   288.966 0   289.000 0     0.0 0     0.0 0     0.0 0   -44.4 0   -44.4 0    16.6 0    92.8 0     0.7 0   192.5 0   968.5 0
 2026 208  7 27  8 37  8.617 104.49    -0.9 0     0.1 0    -0.1 0    -0.1 0   345.7 0   289.527 0   289.335 0   389.6 0   288.961 0   288.997 0     0.0 0     0.0 0     0.0 0   -43.9 0   -43.9 0    16.6 0    92.9 0     0.7 0   187.6 0   968.5 0
 2026 208  7 27  8 38  8.633 104.35    -0.9 0     0.2 0     0.0 0    -0.1 0   346.2 0   289.505 0   289.310 0   389.3 0   288.954 0   288.984 0     0.0 0     0.0 0     0.0 0   -43.1 0   -43.1 0    16.6 0    92.7 0     0.5 0   184.6 0   968.5 0
 2026 208  7 27  8 39  8.650 104.21    -0.9 0     0.3 0     0.0 0    -0.1 0   346.6 0   289.482 0   289.291 0   389.1 0   288.942 0   288.970 0     0.0 0     0.0 0     0.0 0   -42.5 0   -42.5 0    16.6 0    92.7 0     0.5 0   184.6 0   968.5 0
 2026 208  7 27  8 40  8.667 104.07    -1.0 0     0.2 0    -0.1 0    -0.1 0   347.1 0   289.462 0   289.282 0   389.1 0   288.929 0   288.962 0     0.0 0     0.0 0     0.0 0   -42.1 0   -42.1 0    16.6 0    92.8 0     0.4 0   184.6 0   968.5 0
 2026 208  7 27  8 41  8.683 103.92    -1.0 0     0.3 0    -0.1 0    -0.1 0   347.3 0   289.448 0   289.284 0   389.0 0   288.916 0   288.948 0     0.0 0     0.0 0     0.0 0   -41.8 0   -41.8 0    16.5 0    92.7 0     0.1 0   184.6 0   968.5 0
 2026 208  7 27  8 42  8.700 103.78    -1.2 0     0.3 0    -0.2 0     0.0 0   347.5 0   289.443 0   289.298 0   389.2 0   288.902 0   288.937 0     0.0 0     0.0 0     0.0 0   -41.7 0   -41.7 0    16.5 0    92.7 0     0.0 0     0.0 0   968.5 0
 2026 208  7 27  8 43  8.717 103.64    -1.2 0     0.2 0    -0.2 0     0.0 0   347.7 0   289.445 0   289.309 0   389.3 0   288.889 0   288.928 0     0.0 0     0.0 0     0.0 0   -41.6 0   -41.6 0    16.5 0    92.8 0     0.0 0     0.0 0   968.5 0
 2026 208  7 27  8 44  8.733 103.49    -1.2 0     0.2 0    -0.2 0     0.0 0   347.9 0   289.447 0   289.307 0   389.4 0   288.878 0   288.918 0     0.0 0     0.0 0     0.0 0   -41.5 0   -41.5 0    16.5 0    92.9 0     0.0 0     0.0 0   968.5 0
 2026 208  7 27  8 45  8.750 103.35    -1.2 0     0.1 0    -0.2 0     0.0 0   348.4 0   289.448 0   289.312 0   389.5 0   288.868 0   288.908 0     0.0 0     0.0 0     0.0 0   -41.1 0   -41.1 0    16.5 0    92.9 0     0.3 0    88.3 0   968.5 0
 2026 208  7 27  8 46  8.767 103.21    -1.2 0     0.1 0    -0.2 0     0.0 0   349.7 0   289.450 0   289.328 0   389.7 0   288.859 0   288.900 0     0.0 0     0.0 0     0.0 0   -40.0 0   -40.0 0    16.5 0    92.9 0     0.4 0    88.1 0   968.5 0
 2026 208  7 27  8 47  8.783 103.06    -1.2 0     0.1 0    -0.2 0     0.0 0   351.3 0   289.454 0   289.334 0   389.6 0   288.851 0   288.891 0     0.0 0     0.0 0     0.0 0   -38.2 0   -38.2 0    16.5 0    92.9 0     0.2 0    88.1 0   968.5 0
 2026 208  7 27  8 48  8.800 102.92    -1.2 0     0.1 0    -0.2 0     0.0 0   353.4 0   289.457 0   289.333 0   389.5 0   288.842 0   288.881 0     0.0 0     0.0 0     0.0 0   -36.1 0   -36.1 0    16.5 0    92.8 0     0.0 0     0.0 0   968.5 0
 2026 208  7 27  8 49  8.817 102.77    -1.2 0     0.1 0    -0.1 0    -0.1 0   356.0 0   289.455 0   289.326 0   389.7 0   288.833 0   288.872 0     0.0 0     0.0 0     0.0 0   -33.7 0   -33.7 0    16.5 0    92.8 0     0.0 0     0.0 0   968.5 0
 2026 208  7 27  8 50  8.833 102.62    -1.1 0     0.1 0    -0.1 0    -0.1 0   359.0 0   289.450 0   289.326 0   390.0 0   288.824 0   288.867 0     0.0 0     0.0 0     0.0 0   -31.0 0   -31.0 0    16.5 0    92.8 0     0.0 0     0.0 0   968.5 0
 2026 208  7 27  8 51  8.850 102.48    -1.1 0     0.1 0    -0.1 0    -0.1 0   361.8 0   289.446 0   289.321 0   390.3 0   288.815 0   288.856 0     0.0 0     0.0 0     0.0 0   -28.5 0   -28.5 0    16.5 0    92.9 0     0.3 0    88.2 0   968.6 0
 2026 208  7 27  8 52  8.867 102.33    -0.9 0     0.1 0     0.1 0    -0.1 0   364.1 0   289.432 0   289.256 0   390.8 0   288.805 0   288.849 0     0.0 0     0.0 0     0.0 0   -26.6 0   -26.6 0    16.5 0    92.8 0     0.8 0   134.8 0   968.6 0
 2026 208  7 27  8 53  8.883 102.19    -0.7 0     0.0 0     0.2 0     0.0 0   366.7 0   289.405 0   289.234 0   391.3 0   288.799 0   288.848 0     0.0 0     0.0 0     0.0 0   -24.6 0   -24.6 0    16.5 0    92.9 0     1.2 0   264.9 0   968.6 0
 2026 208  7 27  8 54  8.900 102.04    -0.7 0    -0.1 0     0.1 0     0.0 0   369.0 0   289.380 0   289.225 0   391.9 0   288.799 0   288.851 0     0.0 0     0.0 0     0.0 0   -22.9 0   -22.9 0    16.5 0    93.0 0     1.2 0   264.4 0   968.6 0
 2026 208  7 27  8 55  8.917 101.89    -0.8 0    -0.1 0     0.1 0     0.0 0   371.3 0   289.362 0   289.225 0   392.3 0   288.803 0   288.853 0     0.0 0     0.0 0     0.0 0   -21.0 0   -21.0 0    16.5 0    93.0 0     1.0 0   262.0 0   968.6 0
 2026 208  7 27  8 56  8.933 101.74    -0.8 0    -0.1 0     0.0 0     0.0 0   373.0 0   289.348 0   289.216 0   392.6 0   288.807 0   288.859 0     0.0 0     0.0 0     0.0 0   -19.6 0   -19.6 0    16.5 0    93.1 0     1.1 0   258.7 0   968.6 0
 2026 208  7 27  8 57  8.950 101.59    -0.8 0    -0.1 0     0.0 0     0.0 0   374.3 0   289.335 0   289.210 0   392.8 0   288.814 0   288.870 0     0.0 0     0.0 0     0.0 0   -18.5 0   -18.5 0    16.6 0    93.2 0     1.2 0   256.1 0   968.5 0
 2026 208  7 27  8 58  8.967 101.45    -0.8 0    -0.1 0    -0.1 0     0.0 0   375.0 0   289.325 0   289.215 0   393.0 0   288.824 0   288.878 0     0.0 0     0.0 0     0.0 0   -18.0 0   -18.0 0    16.6 0    92.9 0     1.3 0   242.1 0   968.6 0
 2026 208  7 27  8 59  8.983 101.30    -0.9 0     0.0 0    -0.1 0     0.0 0   376.0 0   289.321 0   289.223 0   393.1 0   288.830 0   288.875 0     0.0 0     0.0 0     0.0 0   -17.1 0   -17.1 0    16.5 0    92.6 0     1.7 0   238.2 0   968.6 0
 2026 208  7 27  9  0  9.000 101.15    -0.9 0     0.1 0    -0.1 0     0.0 0   377.2 0   289.323 0   289.233 0   393.4 0   288.829 0   288.871 0     0.0 0     0.0 0     0.0 0   -16.2 0   -16.2 0    16.4 0    92.6 0     1.7 0   236.7 0   968.6 0
 2026 208  7 27  9  1  9.017 101.00    -0.9 0     0.1 0    -0.1 0     0.0 0   378.3 0   289.325 0   289.235 0   393.7 0   288.824 0   288.867 0     0.0 0     0.0 0     0.0 0   -15.5 0   -15.5 0    16.4 0    92.8 0     1.7 0   236.6 0   968.7 0
 2026 208  7 27  9  2  9.033 100.85    -0.8 0     0.0 0    -0.1 0     0.0 0   379.0 0   289.325 0   289.243 0   394.1 0   288.823 0   288.874 0     0.0 0     0.0 0     0.0 0   -15.1 0   -15.1 0    16.4 0    93.0 0     1.7 0   238.8 0   968.7 0
 2026 208  7 27  9  3  9.050 100.69    -0.9 0     0.0 0    -0.1 0     0.0 0   380.1 0   289.326 0   289.250 0   394.2 0   288.824 0   288.873 0     0.0 0     0.0 0     0.0 0   -14.1 0   -14.1 0    16.4 0    93.0 0     1.6 0   238.9 0   968.7 0
 2026 208  7 27  9  4  9.067 100.54    -0.9 0     0.0 0    -0.1 0     0.0 0   381.8 0   289.328 0   289.259 0   394.5 0   288.825 0   288.879 0     0.0 0     0.0 0     0.0 0   -12.7 0   -12.7 0    16.4 0    93.2 0     1.4 0   239.0 0   968.7 0
 2026 208  7 27  9  5  9.083 100.39    -0.9 0    -0.1 0    -0.1 0     0.0 0   383.5 0   289.331 0   289.276 0   394.8 0   288.830 0   288.887 0     0.0 0     0.0 0     0.0 0   -11.4 0   -11.4 0    16.4 0    93.2 0     1.3 0   239.0 0   968.7 0
 2026 208  7 27  9  6  9.100 100.24    -0.9 0    -0.1 0    -0.1 0     0.0 0   384.5 0   289.339 0   289.301 0   395.0 0   288.837 0   288.893 0     0.0 0     0.0 0     0.0 0   -10.5 0   -10.5 0    16.4 0    93.1 0     1.3 0   239.0 0   968.7 0
 2026 208  7 27  9  7  9.117 100.09    -1.0 0    -0.1 0    -0.1 0     0.0 0   385.3 0   289.353 0   289.326 0   395.3 0   288.842 0   288.897 0     0.0 0     0.0 0     0.0 0   -10.0 0   -10.0 0    16.4 0    93.1 0     1.1 0   237.3 0   968.7 0
 2026 208  7 27  9  8  9.133  99.94    -1.0 0     0.0 0    -0.2 0     0.0 0   386.4 0   289.371 0   289.351 0   395.5 0   288.848 0   288.903 0     0.0 0     0.0 0     0.0 0    -9.2 0    -9.2 0    16.4 0    93.1 0     1.1 0   235.8 0   968.7 0
 2026 208  7 27  9  9  9.150  99.78    -1.0 0     0.0 0    -0.2 0     0.0 0   387.3 0   289.391 0   289.379 0   395.8 0   288.852 0   288.907 0     0.0 0     0.0 0     0.0 0    -8.4 0    -8.4 0    16.4 0    93.1 0     1.1 0   241.4 0   968.7 0
 2026 208  7 27  9 10  9.167  99.63    -1.1 0     0.0 0    -0.2 0     0.0 0   388.2 0   289.413 0   289.398 0   396.1 0   288.857 0   288.913 0     0.0 0     0.0 0     0.0 0    -7.9 0    -7.9 0    16.4 0    93.1 0     1.2 0   241.5 0   968.8 0
 2026 208  7 27  9 11  9.183  99.48    -1.1 0     0.0 0    -0.3 0     0.0 0   388.8 0   289.433 0   289.421 0   396.3 0   288.862 0   288.919 0     0.0 0     0.0 0     0.0 0    -7.5 0    -7.5 0    16.4 0    93.1 0     1.1 0   241.9 0   968.8 0
 2026 208  7 27  9 12  9.200  99.32    -1.1 0     0.0 0    -0.2 0     0.0 0   389.5 0   289.452 0   289.443 0   396.5 0   288.869 0   288.929 0     0.0 0     0.0 0     0.0 0    -7.0 0    -7.0 0    16.4 0    93.2 0     1.1 0   242.0 0   968.7 0
 2026 208  7 27  9 13  9.217  99.17    -1.1 0     0.0 0    -0.2 0     0.0 0   389.9 0   289.472 0   289.471 0   396.7 0   288.877 0   288.935 0     0.0 0     0.0 0     0.0 0    -6.7 0    -6.7 0    16.5 0    93.2 0     1.0 0   242.1 0   968.7 0
 2026 208  7 27  9 14  9.233  99.01    -1.1 0     0.0 0    -0.2 0     0.0 0   390.2 0   289.493 0   289.491 0   396.8 0   288.885 0   288.943 0     0.0 0     0.0 0     0.0 0    -6.7 0    -6.7 0    16.5 0    93.2 0     0.9 0   242.4 0   968.7 0
 2026 208  7 27  9 15  9.250  98.86    -1.0 0     0.0 0    -0.2 0     0.0 0   390.4 0   289.512 0   289.509 0   397.1 0   288.892 0   288.953 0     0.0 0     0.0 0     0.0 0    -6.7 0    -6.7 0    16.5 0    93.2 0     0.9 0   242.4 0   968.8 0
 2026 208  7 27  9 16  9.267  98.70    -1.0 0     0.0 0    -0.2 0    -0.1 0   390.5 0   289.530 0   289.531 0   397.3 0   288.901 0   288.962 0     0.0 0     0.0 0     0.0 0    -6.7 0    -6.7 0    16.5 0    93.2 0     0.8 0   242.4 0   968.8 0
 2026 208  7 27  9 17  9.283  98.55    -1.0 0     0.0 0    -0.1 0    -0.1 0   390.3 0   289.550 0   289.558 0   397.4 0   288.910 0   288.971 0     0.0 0     0.0 0     0.0 0    -7.1 0    -7.1 0    16.6 0    93.2 0     0.7 0   242.4 0   968.8 0
 2026 208  7 27  9 18  9.300  98.39    -1.1 0     0.1 0    -0.1 0    -0.1 0   389.9 0   289.573 0   289.586 0   397.5 0   288.919 0   288.978 0     0.0 0     0.0 0     0.0 0    -7.6 0    -7.6 0    16.6 0    93.2 0     0.5 0   242.3 0   968.8 0
 2026 208  7 27  9 19  9.317  98.23    -1.1 0     0.0 0    -0.1 0    -0.1 0   389.2 0   289.598 0   289.614 0   397.6 0   288.927 0   288.987 0     0.0 0     0.0 0     0.0 0    -8.4 0    -8.4 0    16.6 0    93.2 0     0.4 0   231.5 0   968.8 0
 2026 208  7 27  9 20  9.333  98.08    -1.1 0     0.0 0    -0.1 0    -0.1 0   388.6 0   289.625 0   289.642 0   397.8 0   288.935 0   288.997 0     0.0 0     0.0 0     0.0 0    -9.2 0    -9.2 0    16.6 0    93.2 0     0.1 0   231.1 0   968.8 0
 2026 208  7 27  9 21  9.350  97.92    -1.1 0     0.0 0    -0.1 0     0.0 0   388.2 0   289.653 0   289.673 0   397.9 0   288.944 0   289.008 0     0.0 0     0.0 0     0.0 0    -9.8 0    -9.8 0    16.6 0    93.2 0     0.0 0     0.0 0   968.7 0
 2026 208  7 27  9 22  9.367  97.76    -1.2 0     0.1 0    -0.2 0     0.0 0   387.9 0   289.683 0   289.709 0   398.1 0   288.954 0   289.023 0     0.0 0     0.0 0     0.0 0   -10.2 0   -10.2 0    16.6 0    93.2 0     0.2 0   117.3 0   968.8 0
 2026 208  7 27  9 23  9.383  97.60    -1.3 0     0.0 0    -0.3 0     0.0 0   387.6 0   289.719 0   289.753 0   398.3 0   288.967 0   289.040 0     0.0 0     0.0 0     0.0 0   -10.7 0   -10.7 0    16.7 0    93.3 0     0.5 0   103.0 0   968.7 0
 2026 208  7 27  9 24  9.400  97.45    -1.4 0     0.0 0    -0.3 0     0.0 0   387.3 0   289.760 0   289.800 0   398.4 0   288.983 0   289.059 0     0.0 0     0.0 0     0.0 0   -11.1 0   -11.1 0    16.7 0    93.3 0     0.3 0   103.0 0   968.7 0
 2026 208  7 27  9 25  9.417  97.29    -1.4 0     0.1 0    -0.3 0     0.0 0   387.2 0   289.800 0   289.847 0   398.6 0   288.999 0   289.074 0     0.0 0     0.0 0     0.0 0   -11.4 0   -11.4 0    16.8 0    93.3 0     0.1 0   106.0 0   968.7 0
 2026 208  7 27  9 26  9.433  97.13    -1.4 0     0.1 0    -0.3 0     0.0 0   386.9 0   289.842 0   289.892 0   398.7 0   289.015 0   289.094 0     0.0 0     0.0 0     0.0 0   -11.8 0   -11.8 0    16.8 0    93.3 0     0.0 0     0.0 0   968.7 0
 2026 208  7 27  9 27  9.450  96.97    -1.3 0     0.1 0    -0.3 0     0.0 0   386.7 0   289.881 0   289.914 0   398.6 0   289.030 0   289.103 0     0.0 0     0.0 0     0.0 0   -11.8 0   -11.8 0    16.8 0    93.2 0     0.1 0    71.3 0   968.7 0
 2026 208  7 27  9 28  9.467  96.81    -1.3 0     0.1 0    -0.2 0     0.0 0   386.7 0   289.912 0   289.930 0   398.6 0   289.044 0   289.111 0     0.0 0     0.0 0     0.0 0   -11.9 0   -11.9 0    16.9 0    93.1 0     0.3 0    71.4 0   968.7 0
 2026 208  7 27  9 29  9.483  96.65    -1.3 0     0.2 0    -0.2 0     0.0 0   387.0 0   289.937 0   289.955 0   398.7 0   289.057 0   289.124 0     0.0 0     0.0 0     0.0 0   -11.8 0   -11.8 0    16.9 0    93.2 0     0.0 0    71.5 0   968.7 0
 2026 208  7 27  9 30  9.500  96.49    -1.3 0     0.1 0    -0.2 0     0.0 0   387.3 0   289.963 0   289.982 0   398.7 0   289.071 0   289.144 0     0.0 0     0.0 0     0.0 0   -11.4 0   -11.4 0    16.9 0    93.2 0     0.0 0     0.0 0   968.7 0
 2026 208  7 27  9 31  9.517  96.33    -1.3 0     0.1 0    -0.2 0     0.0 0   387.8 0   289.990 0   290.008 0   398.6 0   289.085 0   289.157 0     0.0 0     0.0 0     0.0 0   -10.8 0   -10.8 0    16.9 0    93.1 0     0.2 0    47.2 0   968.7 0
 2026 208  7 27  9 32  9.533  96.17    -1.3 0     0.1 0    -0.2 0     0.0 0   388.9 0   290.017 0   290.024 0   398.7 0   289.100 0   289.172 0     0.0 0     0.0 0     0.0 0    -9.9 0    -9.9 0    16.9 0    93.1 0     0.6 0    49.8 0   968.7 0
 2026 208  7 27  9 33  9.550  96.01    -1.2 0     0.1 0    -0.1 0     0.0 0   389.9 0   290.038 0   290.029 0   398.9 0   289.115 0   289.182 0     0.0 0     0.0 0     0.0 0    -8.9 0    -8.9 0    16.9 0    93.1 0     0.3 0    51.9 0   968.7 0
 2026 208  7 27  9 34  9.567  95.85    -1.2 0     0.1 0    -0.1 0     0.0 0   390.9 0   290.053 0   290.049 0   399.0 0   289.128 0   289.193 0     0.0 0     0.0 0     0.0 0    -8.0 0    -8.0 0    16.9 0    93.1 0     0.3 0    52.3 0   968.7 0
 2026 208  7 27  9 35  9.583  95.69    -1.1 0     0.1 0    -0.1 0     0.0 0   391.6 0   290.071 0   290.079 0   399.1 0   289.142 0   289.205 0     0.0 0     0.0 0     0.0 0    -7.5 0    -7.5 0    17.0 0    93.1 0     0.5 0    52.5 0   968.7 0
 2026 208  7 27  9 36  9.600  95.53    -1.2 0     0.1 0    -0.1 0     0.0 0   391.8 0   290.094 0   290.103 0   399.3 0   289.155 0   289.218 0     0.0 0     0.0 0     0.0 0    -7.5 0    -7.5 0    17.0 0    93.1 0     0.4 0    52.5 0   968.7 0
 2026 208  7 27  9 37  9.617  95.36    -1.1 0     0.0 0    -0.1 0     0.0 0   391.6 0   290.115 0   290.120 0   399.5 0   289.169 0   289.236 0     0.0 0     0.0 0     0.0 0    -7.8 0    -7.8 0    17.0 0    93.1 0     0.4 0    52.5 0   968.7 0
 2026 208  7 27  9 38  9.633  95.20    -1.0 0     0.0 0    -0.1 0     0.0 0   390.7 0   290.134 0   290.138 0   399.5 0   289.185 0   289.258 0     0.0 0     0.0 0     0.0 0    -8.8 0    -8.8 0    17.0 0    93.1 0     0.5 0    52.5 0   968.8 0
 2026 208  7 27  9 39  9.650  95.04    -1.0 0     0.0 0    -0.1 0     0.0 0   389.1 0   290.153 0   290.155 0   399.4 0   289.203 0   289.282 0     0.0 0     0.0 0     0.0 0   -10.4 0   -10.3 0    17.0 0    93.0 0     0.5 0    32.6 0   968.7 0
 2026 208  7 27  9 40  9.667  94.88    -1.1 0     0.1 0    -0.1 0     0.0 0   387.0 0   290.174 0   290.179 0   399.3 0   289.219 0   289.289 0     0.0 0     0.0 0     0.0 0   -12.3 0   -12.3 0    17.0 0    93.0 0     0.5 0    28.0 0   968.7 0
 2026 208  7 27  9 41  9.683  94.71    -1.1 0     0.1 0    -0.1 0     0.0 0   384.7 0   290.198 0   290.186 0   399.2 0   289.232 0   289.298 0     0.0 0     0.1 0     0.0 0   -14.5 0   -14.5 0    17.1 0    93.0 0     0.5 0    39.5 0   968.7 0
 2026 208  7 27  9 42  9.700  94.55    -1.1 0     0.1 0    -0.1 0     0.1 0   382.2 0   290.217 0   290.200 0   399.1 0   289.245 0   289.314 0     0.0 0     0.1 0     0.0 0   -16.9 0   -16.9 0    17.1 0    93.0 0     0.5 0    42.0 0   968.7 0
 2026 208  7 27  9 43  9.717  94.39    -1.0 0     0.2 0    -0.1 0     0.1 0   380.1 0   290.235 0   290.209 0   398.9 0   289.257 0   289.323 0     0.0 0     0.1 0     0.0 0   -18.8 0   -18.8 0    17.1 0    92.9 0     0.5 0    33.7 0   968.7 0
 2026 208  7 27  9 44  9.733  94.22    -1.0 0     0.2 0    -0.1 0     0.1 0   378.9 0   290.251 0   290.218 0   398.8 0   289.268 0   289.330 0     0.0 0     0.1 0     0.0 0   -19.9 0   -19.9 0    17.1 0    93.0 0     0.7 0    52.7 0   968.7 0
 2026 208  7 27  9 45  9.750  94.06    -0.9 0     0.2 0    -0.1 0     0.2 0   377.8 0   290.266 0   290.233 0   398.9 0   289.280 0   289.342 0     0.0 0     0.1 0     0.0 0   -21.1 0   -21.0 0    17.1 0    93.0 0     0.7 0    65.2 0   968.7 0
 2026 208  7 27  9 46  9.767  93.89    -0.9 0     0.2 0    -0.1 0     0.3 0   375.9 0   290.282 0   290.244 0   398.7 0   289.292 0   289.353 0     0.0 0     0.1 0     0.1 0   -22.7 0   -22.7 0    17.1 0    93.0 0     0.5 0    59.3 0   968.7 0
 2026 208  7 27  9 47  9.783  93.73    -0.8 0     0.2 0    -0.1 0     0.3 0   373.6 0   290.296 0   290.253 0   398.4 0   289.302 0   289.363 0     0.0 0     0.1 0     0.1 0   -24.8 0   -24.7 0    17.1 0    92.9 0     0.1 0    57.6 0   968.7 0
 2026 208  7 27  9 48  9.800  93.56    -0.8 0     0.3 0    -0.1 0     0.4 0   370.6 0   290.311 0   290.262 0   398.1 0   289.311 0   289.375 0     0.0 0     0.2 0     0.1 0   -27.5 0   -27.4 0    17.1 0    92.9 0     0.0 0     0.0 0   968.7 0
 2026 208  7 27  9 49  9.817  93.40    -0.7 0     0.4 0    -0.1 0     0.4 0   367.8 0   290.326 0   290.256 0   397.7 0   289.319 0   289.374 0     0.0 0     0.2 0     0.1 0   -29.9 0   -29.8 0    17.1 0    92.9 0     0.0 0     0.0 0   968.7 0
 2026 208  7 27  9 50  9.833  93.23    -0.6 0     0.4 0    -0.1 0     0.5 0   365.9 0   290.335 0   290.256 0   397.3 0   289.324 0   289.375 0     0.0 0     0.3 0     0.1 0   -31.4 0   -31.3 0    17.2 0    92.9 0     0.0 0     0.0 0   968.8 0
 2026 208  7 27  9 51  9.850  93.06    -0.4 0     0.5 0    -0.1 0     0.7 0   364.0 0   290.341 0   290.258 0   397.0 0   289.326 0   289.377 0     0.0 0     0.3 0     0.2 0   -33.0 0   -32.8 0    17.2 0    92.8 0     0.0 0     0.0 0   968.8 0
 2026 208  7 27  9 52  9.867  92.90    -0.3 0     0.5 0    -0.1 0     0.8 0   362.3 0   290.345 0   290.247 0   396.7 0   289.328 0   289.377 0     0.0 0     0.4 0     0.3 0   -34.5 0   -34.2 0    17.2 0    92.8 0     0.0 0     0.0 0   968.8 0
 2026 208  7 27  9 53  9.883  92.73    -0.1 0     0.5 0    -0.1 0     1.0 0   360.8 0   290.347 0   290.239 0   396.5 0   289.329 0   289.378 0     0.0 0     0.4 0     0.4 0   -35.7 0   -35.3 0    17.2 0    92.8 0     0.2 0   324.1 0   968.8 0
 2026 208  7 27  9 54  9.900  92.57     0.1 0     0.6 0    -0.1 0     1.1 0   360.2 0   290.346 0   290.228 0   396.3 0   289.330 0   289.381 0     0.0 0     0.5 0     0.5 0   -36.1 0   -35.6 0    17.2 0    92.8 0     0.0 0   324.1 0   968.8 0
 2026 208  7 27  9 55  9.917  92.40     0.4 0     0.6 0    -0.1 0     1.4 0   359.4 0   290.344 0   290.225 0   396.0 0   289.332 0   289.384 0     0.0 0     0.6 0     0.7 0   -36.6 0   -35.9 0    17.2 0    92.8 0     0.0 0     0.0 0   968.8 0
 2026 208  7 27  9 56  9.933  92.23     0.7 0     0.7 0    -0.1 0     1.7 0   358.1 0   290.341 0   290.224 0   395.7 0   289.333 0   289.387 0     0.0 0     0.7 0     1.0 0   -37.6 0   -36.6 0    17.2 0    92.8 0     0.0 0   324.1 0   968.8 0
 2026 208  7 27  9 57  9.950  92.06     1.1 0     0.8 0    -0.1 0     2.1 0   356.5 0   290.339 0   290.209 0   395.4 0   289.337 0   289.394 0     0.0 0     0.8 0     1.3 0   -38.9 0   -37.7 0    17.3 0    92.8 0     0.0 0     0.0 0   968.8 0
 2026 208  7 27  9 58  9.967  91.90     1.6 0     0.9 0    -0.1 0     2.5 0   355.2 0   290.335 0   290.204 0   395.1 0   289.342 0   289.400 0     0.0 0     0.9 0     1.6 0   -39.9 0   -38.3 0    17.3 0    92.8 0     0.0 0     0.0 0   968.8 0
 2026 208  7 27  9 59  9.983  91.73     2.0 0     1.1 0    -0.1 0     3.0 0   354.3 0   290.331 0   290.193 0   394.7 0   289.347 0   289.402 0     0.0 0     1.0 0     1.8 0   -40.4 0   -38.6 0    17.3 0    92.7 0     0.0 0     0.0 0   968.8 0
 2026 208  7 27 10  0 10.000  91.56     2.4 0     1.3 0    -0.1 0     3.4 0   354.0 0   290.326 0   290.185 0   394.3 0   289.353 0   289.406 0     0.0 0     1.2 0     2.1 0   -40.4 0   -38.2 0    17.4 0    92.7 0     0.0 0     0.0 0   968.8 0
 2026 208  7 27 10  1 10.017  91.39     2.9 0     1.3 0    -0.1 0     3.8 0   353.2 0   290.321 0   290.175 0   394.3 0   289.359 0   289.411 0     0.0 0     1.4 0     2.5 0   -41.1 0   -38.6 0    17.4 0    92.7 0     0.3 0   269.1 0   968.8 0
 2026 208  7 27 10  2 10.033  91.22     3.3 0     1.5 0    -0.1 0     4.2 0   352.5 0   290.311 0   290.156 0   394.1 0   289.364 0   289.411 0     0.0 0     1.5 0     2.7 0   -41.6 0   -38.9 0    17.4 0    92.7 0     0.1 0   268.9 0   968.8 0
 2026 208  7 27 10  3 10.050  91.05     3.7 0     1.6 0    -0.1 0     4.6 0   351.4 0   290.302 0   290.155 0   393.8 0   289.367 0   289.413 0     0.0 0     1.7 0     3.0 0   -42.3 0   -39.4 0    17.4 0    92.6 0     0.1 0   268.9 0   968.8 0
 2026 208  7 27 10  4 10.067  90.88     4.1 0     1.7 0    -0.1 0     4.9 0   349.9 0   290.295 0   290.131 0   393.3 0   289.368 0   289.413 0     0.0 0     1.8 0     3.2 0   -43.4 0   -40.2 0    17.4 0    92.5 0     0.0 0     0.0 0   968.9 0
 2026 208  7 27 10  5 10.083  89.96     4.5 0     1.8 0    -0.1 0     5.3 0   349.1 0   290.283 0   290.114 0   393.0 0   289.366 0   289.406 0     0.2 0     2.0 0     3.5 0   -43.9 0   -40.4 0    17.3 0    92.5 0     0.0 0     0.0 0   968.9 0
 2026 208  7 27 10  6 10.100  89.85     4.8 0     1.8 0    -0.1 0     5.7 0   348.7 0   290.273 0   290.106 0   392.7 0   289.362 0   289.402 0     0.3 0     2.2 0     3.9 0   -44.0 0   -40.1 0    17.3 0    92.4 0     0.0 0     0.0 0   968.8 0
 2026 208  7 27 10  7 10.117  89.72     5.2 0     1.8 0    -0.1 0     6.0 0   348.7 0   290.263 0   290.098 0   392.6 0   289.357 0   289.397 0     0.3 0     2.3 0     4.2 0   -43.9 0   -39.7 0    17.3 0    92.4 0     0.0 0     0.0 0   968.9 0
 2026 208  7 27 10  8 10.133  89.60     5.6 0     1.9 0    -0.1 0     6.4 0   349.2 0   290.254 0   290.101 0   392.5 0   289.351 0   289.390 0     0.3 0     2.5 0     4.5 0   -43.4 0   -38.9 0    17.2 0    92.4 0     0.0 0     0.0 0   968.8 0
 2026 208  7 27 10  9 10.150  89.46     6.0 0     2.0 0    -0.1 0     6.9 0   349.9 0   290.249 0   290.108 0   392.7 0   289.345 0   289.384 0     0.3 0     2.7 0     4.9 0   -42.8 0   -37.9 0    17.2 0    92.5 0     0.0 0     0.0 0   968.9 0
 2026 208  7 27 10 10 10.167  89.33     6.7 0     2.2 0    -0.1 0     7.6 0   350.7 0   290.246 0   290.108 0   392.7 0   289.339 0   289.379 0     0.3 0     2.9 0     5.4 0   -42.0 0   -36.6 0    17.2 0    92.6 0     0.0 0     0.0 0   968.9 0
 2026 208  7 27 10 11 10.183  89.19     7.5 0     2.4 0     0.2 0     8.3 0   351.7 0   290.241 0   290.099 0   392.6 0   289.334 0   289.377 0     0.3 0     3.2 0     5.9 0   -40.9 0   -35.0 0    17.2 0    92.6 0     0.0 0     0.0 0   968.9 0
 2026 208  7 27 10 12 10.200  89.05     8.3 0     2.7 0     1.9 0     9.0 0   352.7 0   290.234 0   290.092 0   392.5 0   289.330 0   289.373 0     0.4 0     3.4 0     6.4 0   -39.9 0   -33.5 0    17.2 0    92.6 0     0.1 0   268.5 0   968.9 0
 2026 208  7 27 10 13 10.217  88.90     8.9 0     2.9 0     4.2 0     9.5 0   353.7 0   290.227 0   290.082 0   392.5 0   289.326 0   289.369 0     0.4 0     3.6 0     6.8 0   -38.8 0   -32.0 0    17.1 0    92.5 0     0.6 0   262.2 0   968.9 0
 2026 208  7 27 10 14 10.233  88.76     9.5 0     3.0 0     5.4 0    10.0 0   355.1 0   290.214 0   290.050 0   392.5 0   289.320 0   289.363 0     0.4 0     3.8 0     7.1 0   -37.4 0   -30.3 0    17.1 0    92.5 0     0.9 0   262.5 0   968.9 0
 2026 208  7 27 10 15 10.250  88.61    10.2 0     3.2 0     6.6 0    10.5 0   357.1 0   290.191 0   290.006 0   392.7 0   289.312 0   289.355 0     0.4 0     3.9 0     7.5 0   -35.6 0   -28.1 0    17.0 0    92.4 0     0.9 0   267.1 0   968.9 0
 2026 208  7 27 10 16 10.267  88.46    10.9 0     3.4 0     8.0 0    11.1 0   360.5 0   290.158 0   289.974 0   392.9 0   289.302 0   289.347 0     0.4 0     4.1 0     7.9 0   -32.5 0   -24.6 0    17.0 0    92.5 0     0.8 0   267.2 0   968.9 0
 2026 208  7 27 10 17 10.283  88.30    11.4 0     3.5 0     9.9 0    11.5 0   365.2 0   290.126 0   289.950 0   393.6 0   289.294 0   289.350 0     0.4 0     4.3 0     8.3 0   -28.4 0   -20.1 0    17.0 0    92.7 0     0.5 0   267.3 0   968.9 0
 2026 208  7 27 10 18 10.300  88.15    11.8 0     3.5 0    12.0 0    11.9 0   370.2 0   290.095 0   289.932 0   394.2 0   289.294 0   289.358 0     0.4 0 -9999.9 1     8.7 0   -24.0 0   -15.3 0    17.0 0    92.9 0     0.6 0   267.3 0   968.9 0
 2026 208  7 27 10 19 10.317  87.99    12.2 0     3.6 0    14.1 0    12.2 0   374.6 0   290.066 0   289.923 0   394.9 0   289.299 0   289.368 0     0.4 0 -9999.9 1     9.1 0   -20.3 0   -11.2 0    17.1 0    92.9 0     0.6 0   267.2 0   968.9 0
 2026 208  7 27 10 20 10.333  87.83    12.6 0     3.7 0    16.2 0    12.5 0   378.3 0   290.043 0   289.930 0   395.6 0   289.309 0   289.382 0     0.4 0 -9999.9 1     9.4 0   -17.4 0    -7.9 0    17.1 0    92.8 0     0.9 0   267.2 0   969.0 0
 2026 208  7 27 10 21 10.350  87.67    12.8 0     3.9 0    18.6 0    12.8 0   381.7 0   290.029 0   289.938 0   396.5 0   289.322 0   289.402 0     0.4 0 -9999.9 1     9.6 0   -14.8 0    -5.1 0    17.2 0    92.8 0     0.9 0   267.3 0   969.0 0
 2026 208  7 27 10 22 10.367  87.51    12.9 0     4.0 0    21.0 0    12.8 0   384.8 0   290.018 0   289.940 0   397.2 0   289.340 0   289.423 0     0.4 0 -9999.9 1     9.8 0   -12.4 0    -2.6 0    17.2 0    92.8 0     0.7 0   267.3 0   969.0 0
 2026 208  7 27 10 23 10.383  87.35    12.7 0     4.1 0    23.0 0    12.7 0   387.0 0   290.012 0   289.953 0   397.7 0   289.359 0   289.441 0     0.4 0 -9999.9 1     9.7 0   -10.6 0    -0.9 0    17.3 0    92.8 0     0.6 0   266.4 0   969.0 0
 2026 208  7 27 10 24 10.400  87.19    12.5 0     4.2 0    24.9 0    12.5 0   388.6 0   290.009 0   289.941 0   397.9 0   289.375 0   289.456 0     0.4 0 -9999.9 1     9.6 0    -9.4 0     0.2 0    17.3 0    92.7 0     0.5 0   257.2 0   969.0 0
 2026 208  7 27 10 25 10.417  87.02    12.4 0     4.3 0    27.2 0    12.4 0   389.9 0   290.005 0   289.955 0   398.2 0   289.389 0   289.467 0     0.4 0 -9999.9 1     9.5 0    -8.2 0     1.3 0    17.3 0    92.6 0     0.5 0   252.0 0   969.1 0
 2026 208  7 27 10 26 10.433  86.86    12.3 0     4.4 0    28.5 0    12.4 0   391.1 0   290.011 0   289.987 0   398.5 0   289.399 0   289.478 0     0.4 0 -9999.9 1     9.5 0    -7.4 0     2.1 0    17.2 0    92.5 0     0.6 0   227.0 0   969.0 0
 2026 208  7 27 10 27 10.450  86.69    12.5 0     4.5 0    29.3 0    12.5 0   392.3 0   290.028 0   290.019 0   398.9 0   289.409 0   289.489 0     0.4 0 -9999.9 1     9.7 0    -6.7 0     3.0 0    17.2 0    92.5 0     0.7 0   221.4 0   969.1 0
 2026 208  7 27 10 28 10.467  86.53    12.6 0     4.3 0    24.0 0    12.8 0   393.1 0   290.050 0   290.059 0   399.5 0   289.420 0   289.502 0     0.4 0 -9999.9 1     9.9 0    -6.4 0     3.5 0    17.2 0    92.6 0     0.7 0   212.7 0   969.1 0
 2026 208  7 27 10 29 10.483  86.36    12.8 0     4.1 0    13.4 0    13.2 0   393.7 0   290.077 0   290.099 0   400.0 0   289.434 0   289.512 0     0.4 0 -9999.9 1    10.0 0    -6.3 0     3.7 0    17.2 0    92.6 0     0.8 0   206.9 0   969.1 0
 2026 208  7 27 10 30 10.500  86.19    13.7 0     4.1 0     3.8 0    14.3 0   394.0 0   290.106 0   290.144 0   400.3 0   289.447 0   289.522 0     0.4 0 -9999.9 1    10.5 0    -6.3 0     4.2 0    17.2 0    92.6 0     0.7 0   192.8 0   969.1 0
 2026 208  7 27 10 31 10.517  86.02    16.1 0     4.9 0     5.8 0    16.4 0   394.0 0   290.137 0   290.191 0   400.6 0   289.461 0   289.534 0     0.4 0 -9999.9 1    11.9 0    -6.5 0     5.4 0    17.2 0    92.5 0     0.7 0   184.7 0   969.1 0
 2026 208  7 27 10 32 10.533  85.85    19.3 0     6.2 0    24.2 0    18.4 0   393.9 0   290.172 0   290.235 0   401.0 0   289.474 0   289.557 0     0.5 0 -9999.9 1    13.9 0    -7.0 0     6.8 0    17.2 0    92.5 0     0.5 0   184.6 0   969.1 0
 2026 208  7 27 10 33 10.550  85.69    20.8 0     6.8 0    28.6 0    19.5 0   393.5 0   290.212 0   290.277 0   401.3 0   289.489 0   289.577 0     0.5 0 -9999.9 1    14.8 0    -7.8 0     7.1 0    17.3 0    92.5 0     0.5 0   191.9 0   969.2 0
 2026 208  7 27 10 34 10.567  85.52    22.7 0     7.6 0    38.4 0    20.4 0   392.8 0   290.251 0   290.314 0   401.6 0   289.504 0   289.595 0     0.5 0 -9999.9 1    15.8 0    -8.8 0     7.0 0    17.3 0    92.6 0     0.1 0   196.4 0   969.2 0
 2026 208  7 27 10 35 10.583  85.34    24.1 0     7.9 0    38.2 0    21.6 0   391.5 0   290.289 0   290.350 0   401.8 0   289.519 0   289.612 0     0.6 0 -9999.9 1    16.7 0   -10.3 0     6.4 0    17.3 0    92.6 0     0.0 0     0.0 0   969.2 0
 2026 208  7 27 10 36 10.600  85.17    23.4 0     7.1 0    13.4 0    23.0 0   389.3 0   290.323 0   290.386 0   401.9 0   289.534 0   289.623 0     0.6 0 -9999.9 1    17.0 0   -12.6 0     4.4 0    17.4 0    92.7 0     0.0 0     0.0 0   969.2 0
 2026 208  7 27 10 37 10.617  85.00    24.5 0     7.0 0     0.9 0    25.0 0   386.8 0   290.357 0   290.426 0   401.9 0   289.549 0   289.631 0     0.7 0     9.3 0    18.1 0   -15.1 0     3.0 0    17.4 0    92.6 0     0.0 0     0.0 0   969.2 0
 2026 208  7 27 10 38 10.633  84.83    27.2 0     7.6 0     0.2 0    27.6 0   384.2 0   290.395 0   290.464 0   401.9 0   289.564 0   289.643 0     0.8 0    10.3 0    20.0 0   -17.8 0     2.3 0    17.4 0    92.6 0     0.0 0     0.0 0   969.2 0
 2026 208  7 27 10 39 10.650  84.66    30.4 0     8.4 0     0.1 0    30.7 0   382.2 0   290.429 0   290.493 0   402.0 0   289.579 0   289.664 0     0.9 0    11.5 0    22.4 0   -19.8 0     2.5 0    17.5 0    92.5 0     0.0 0     0.0 0   969.2 0
 2026 208  7 27 10 40 10.667  84.49    33.5 0     9.1 0     0.1 0    33.8 0   380.9 0   290.464 0   290.530 0   402.0 0   289.596 0   289.682 0     1.0 0    12.7 0    24.7 0   -21.1 0     3.5 0    17.5 0    92.4 0     0.0 0     0.0 0   969.2 0
 2026 208  7 27 10 41 10.683  84.31    36.6 0    10.0 0     0.0 0    36.8 0   379.7 0   290.499 0   290.558 0   402.0 0   289.614 0   289.698 0     1.1 0    13.8 0    26.9 0   -22.3 0     4.6 0    17.5 0    92.3 0     0.3 0   332.3 0   969.2 0
 2026 208  7 27 10 42 10.700  84.14    39.7 0    10.7 0     0.0 0    39.7 0   378.5 0   290.531 0   290.580 0   402.0 0   289.629 0   289.711 0     1.1 0    14.9 0    29.0 0   -23.5 0     5.5 0    17.5 0    92.3 0     0.4 0   332.3 0   969.2 0
 2026 208  7 27 10 43 10.717  83.97    42.7 0    11.5 0     0.0 0    42.6 0   378.2 0   290.558 0   290.603 0   402.2 0   289.644 0   289.729 0     1.2 0    16.0 0    31.2 0   -24.0 0     7.1 0    17.5 0    92.4 0     0.1 0   332.3 0   969.2 0
 2026 208  7 27 10 44 10.733  83.79    45.4 0    12.1 0     0.0 0    45.4 0   378.4 0   290.582 0   290.629 0   402.5 0   289.659 0   289.746 0     1.2 0    17.0 0    33.2 0   -24.1 0     9.1 0    17.5 0    92.4 0     0.0 0     0.0 0   969.2 0
 2026 208  7 27 10 45 10.750  83.62    47.9 0    12.7 0    -0.1 0    47.8 0   378.7 0   290.606 0   290.654 0   402.7 0   289.674 0   289.763 0     1.3 0    18.0 0    35.0 0   -24.0 0    11.0 0    17.5 0    92.3 0     0.0 0     0.0 0   969.2 0
 2026 208  7 27 10 46 10.767  83.44    50.3 0    13.3 0    -0.1 0    50.1 0   379.1 0   290.629 0   290.675 0   402.9 0   289.690 0   289.781 0     1.3 0    18.9 0    36.8 0   -23.9 0    12.9 0    17.5 0    92.2 0     0.3 0   227.9 0   969.2 0
 2026 208  7 27 10 47 10.783  83.27    52.8 0    13.8 0    -0.1 0    52.5 0   378.9 0   290.653 0   290.709 0   403.2 0   289.707 0   289.802 0     1.4 0    20.0 0    38.7 0   -24.3 0    14.4 0    17.6 0    92.3 0     0.4 0   227.8 0   969.2 0
 2026 208  7 27 10 48 10.800  83.09    55.1 0    14.3 0    -0.2 0    54.9 0   378.2 0   290.681 0   290.736 0   403.4 0   289.726 0   289.823 0     1.5 0    21.0 0    40.5 0   -25.2 0    15.3 0    17.6 0    92.2 0     0.4 0   227.8 0   969.2 0
 2026 208  7 27 10 49 10.817  82.91    57.4 0    14.9 0    -0.2 0    57.2 0   377.6 0   290.708 0   290.767 0   403.6 0   289.744 0   289.840 0     1.5 0    22.0 0    42.3 0   -26.0 0    16.2 0    17.6 0    92.2 0     0.3 0   227.8 0   969.2 0
 2026 208  7 27 10 50 10.833  82.74    60.5 0    15.6 0    -0.2 0    60.1 0   377.3 0   290.735 0   290.801 0   403.9 0   289.763 0   289.863 0     1.6 0    23.2 0    44.5 0   -26.6 0    17.9 0    17.6 0    92.3 0     0.0 0   227.8 0   969.2 0
 2026 208  7 27 10 51 10.850  82.56    64.2 0    16.5 0    -0.2 0    63.7 0   377.2 0   290.767 0   290.842 0   404.2 0   289.784 0   289.888 0     1.7 0    24.6 0    47.2 0   -27.0 0    20.2 0    17.7 0    92.3 0     0.0 0     0.0 0   969.2 0
 2026 208  7 27 10 52 10.867  82.39    67.4 0    17.3 0    -0.2 0    66.9 0   377.0 0   290.797 0   290.873 0   404.4 0   289.806 0   289.909 0     1.7 0    25.9 0    49.5 0   -27.4 0    22.1 0    17.7 0    92.2 0     0.0 0     0.0 0   969.2 0
 2026 208  7 27 10 53 10.883  82.21    69.5 0    17.8 0    -0.2 0    69.1 0   376.4 0   290.827 0   290.909 0   404.7 0   289.827 0   289.934 0     1.8 0    26.8 0    51.3 0   -28.3 0    23.0 0    17.8 0    92.2 0     0.0 0     0.0 0   969.2 0
 2026 208  7 27 10 54 10.900  82.03    70.8 0    18.0 0    -0.2 0    70.4 0   375.3 0   290.858 0   290.949 0   404.9 0   289.850 0   289.959 0     1.8 0    27.5 0    52.3 0   -29.6 0    22.7 0    17.9 0    92.2 0     0.0 0     0.0 0   969.2 0
 2026 208  7 27 10 55 10.917  81.85    71.7 0    18.2 0    -0.2 0    71.4 0   374.5 0   290.895 0   290.993 0   405.1 0   289.874 0   289.982 0     1.9 0    28.0 0    53.2 0   -30.6 0    22.6 0    17.9 0    92.1 0     0.0 0     0.0 0   969.3 0
 2026 208  7 27 10 56 10.933  81.68    73.2 0    18.6 0    -0.2 0    72.8 0   373.8 0   290.934 0   291.022 0   405.3 0   289.898 0   290.007 0     2.0 0    28.6 0    54.2 0   -31.4 0    22.8 0    17.9 0    92.0 0     0.0 0     0.0 0   969.3 0
 2026 208  7 27 10 57 10.950  81.50    75.6 0    19.2 0    -0.2 0    75.0 0   374.6 0   290.969 0   291.066 0   405.4 0   289.924 0   290.034 0     2.0 0    29.3 0    55.8 0   -30.8 0    24.9 0    18.0 0    92.0 0     0.0 0     0.0 0   969.3 0
 2026 208  7 27 10 58 10.967  81.32    78.0 0    20.0 0    -0.2 0    77.3 0   376.1 0   291.007 0   291.104 0   405.7 0   289.949 0   290.062 0     2.1 0    30.0 0    57.3 0   -29.6 0    27.7 0    18.0 0    91.9 0     0.2 0   319.7 0   969.3 0
 2026 208  7 27 10 59 10.983  81.14    80.1 0    20.7 0    -0.1 0    79.4 0   377.1 0   291.042 0   291.139 0   405.9 0   289.975 0   290.088 0     2.1 0    30.6 0    58.7 0   -28.8 0    29.9 0    18.0 0    91.9 0     0.3 0   316.0 0   969.3 0
 2026 208  7 27 11  0 11.000  80.96    81.7 0    21.2 0    -0.1 0    81.0 0   377.7 0   291.073 0   291.169 0   406.2 0   290.000 0   290.115 0     2.1 0    30.9 0    59.8 0   -28.5 0    31.3 0    18.0 0    91.9 0     0.1 0   298.7 0   969.3 0
 2026 208  7 27 11  1 11.017  80.79    82.8 0    21.6 0    -0.2 0    82.0 0   377.9 0   291.106 0   291.210 0   406.4 0   290.025 0   290.140 0     2.2 0    31.0 0    60.5 0   -28.5 0    32.0 0    18.0 0    91.7 0     0.6 0   276.0 0   969.4 0
 2026 208  7 27 11  2 11.033  80.61    82.8 0    21.6 0    -0.2 0    82.1 0   377.4 0   291.143 0   291.242 0   406.6 0   290.048 0   290.164 0     2.2 0    30.7 0    60.5 0   -29.2 0    31.3 0    18.0 0    91.6 0     0.6 0   273.0 0   969.4 0
 2026 208  7 27 11  3 11.050  80.43    80.6 0    21.0 0    -0.2 0    80.3 0   376.4 0   291.173 0   291.266 0   406.6 0   290.070 0   290.183 0     2.3 0    30.1 0    59.2 0   -30.1 0    29.1 0    18.1 0    91.5 0     0.6 0   273.0 0   969.4 0
 2026 208  7 27 11  4 11.067  80.25    77.9 0    20.3 0    -0.1 0    77.8 0   376.0 0   291.203 0   291.293 0   406.6 0   290.090 0   290.201 0     2.4 0    29.4 0    57.5 0   -30.6 0    26.9 0    18.1 0    91.4 0     0.5 0   268.0 0   969.4 0
 2026 208  7 27 11  5 11.083  80.07    75.3 0    19.6 0     0.0 0    75.2 0   376.0 0   291.233 0   291.308 0   406.6 0   290.111 0   290.220 0     2.4 0    28.6 0    55.6 0   -30.5 0    25.1 0    18.1 0    91.4 0     0.6 0   269.9 0   969.4 0
 2026 208  7 27 11  6 11.100  79.89    74.9 0    19.5 0     0.2 0    74.5 0   376.8 0   291.259 0   291.332 0   406.5 0   290.129 0   290.235 0     2.4 0    28.6 0    55.1 0   -29.7 0    25.4 0    18.1 0    91.2 0     0.4 0   268.9 0   969.4 0
 2026 208  7 27 11  7 11.117  79.71    76.6 0    19.9 0     0.8 0    75.9 0   376.9 0   291.284 0   291.344 0   406.7 0   290.147 0   290.255 0     2.5 0    29.3 0    56.2 0   -29.8 0    26.5 0    18.1 0    91.2 0     0.6 0   264.9 0   969.4 0
 2026 208  7 27 11  8 11.133  79.53    80.2 0    21.1 0    10.6 0    77.9 0   377.0 0   291.307 0   291.370 0   406.7 0   290.165 0   290.275 0     2.5 0    30.1 0    58.7 0   -29.7 0    29.0 0    18.1 0    91.0 0     0.9 0   254.7 0   969.4 0
 2026 208  7 27 11  9 11.150  79.35    81.3 0    21.2 0     5.2 0    79.9 0   377.6 0   291.333 0   291.400 0   406.8 0   290.182 0   290.293 0     2.6 0    30.7 0    59.6 0   -29.1 0    30.5 0    18.1 0    90.9 0     0.9 0   255.1 0   969.4 0
 2026 208  7 27 11 10 11.167  79.17    82.5 0    21.4 0     0.9 0    81.7 0   377.8 0   291.361 0   291.433 0   406.8 0   290.199 0   290.311 0     2.6 0    31.1 0    60.5 0   -29.1 0    31.5 0    18.1 0    90.9 0     0.9 0   249.8 0   969.4 0
 2026 208  7 27 11 11 11.183  78.99    82.2 0    21.2 0     0.4 0    81.7 0   376.8 0   291.393 0   291.472 0   406.8 0   290.216 0   290.324 0     2.7 0    31.3 0    60.6 0   -30.0 0    30.6 0    18.1 0    90.8 0     1.1 0   254.8 0   969.4 0
 2026 208  7 27 11 12 11.200  78.81    82.6 0    21.2 0     1.5 0    82.0 0   374.3 0   291.421 0   291.462 0   406.7 0   290.230 0   290.338 0     2.9 0    31.9 0    61.1 0   -32.4 0    28.7 0    18.1 0    90.7 0     0.9 0   249.6 0   969.4 0
 2026 208  7 27 11 13 11.217  78.63    83.2 0    21.1 0     0.3 0    82.7 0   371.5 0   291.434 0   291.466 0   406.5 0   290.243 0   290.349 0     3.1 0    32.7 0    61.7 0   -35.0 0    26.7 0    18.1 0    90.6 0     1.1 0   245.3 0   969.4 0
 2026 208  7 27 11 14 11.233  78.44    85.3 0    21.4 0     0.5 0    84.7 0   368.4 0   291.449 0   291.487 0   406.4 0   290.255 0   290.363 0     3.3 0    33.8 0    63.4 0   -38.1 0    25.3 0    18.1 0    90.7 0     0.8 0   245.7 0   969.4 0
 2026 208  7 27 11 15 11.250  78.26    88.4 0    22.2 0     0.9 0    87.6 0   365.1 0   291.468 0   291.501 0   406.6 0   290.269 0   290.382 0     3.5 0    35.2 0    65.6 0   -41.5 0    24.2 0    18.1 0    90.8 0     0.7 0   237.2 0   969.4 0
 2026 208  7 27 11 16 11.267  78.08    91.0 0    22.8 0     1.0 0    90.2 0   362.8 0   291.489 0   291.536 0   406.6 0   290.286 0   290.399 0     3.7 0    36.2 0    67.6 0   -43.8 0    23.8 0    18.1 0    90.8 0     0.9 0   248.3 0   969.5 0
 2026 208  7 27 11 17 11.283  77.90    91.0 0    22.8 0     0.3 0    90.7 0   361.6 0   291.512 0   291.540 0   406.6 0   290.302 0   290.415 0     3.8 0    36.2 0    68.0 0   -45.0 0    23.0 0    18.1 0    90.7 0     1.0 0   255.6 0   969.5 0
 2026 208  7 27 11 18 11.300  77.72    87.6 0    21.9 0     0.5 0    87.7 0   361.9 0   291.524 0   291.539 0   406.5 0   290.317 0   290.429 0     3.8 0    34.9 0    65.9 0   -44.6 0    21.4 0    18.1 0    90.7 0     1.0 0   257.1 0   969.5 0
 2026 208  7 27 11 19 11.317  77.54    82.5 0    20.6 0     0.8 0    82.9 0   362.9 0   291.532 0   291.543 0   406.4 0   290.331 0   290.441 0     3.8 0    33.2 0    62.4 0   -43.5 0    18.9 0    18.2 0    90.7 0     0.9 0   269.8 0   969.5 0
 2026 208  7 27 11 20 11.333  77.35    79.0 0    19.8 0     2.3 0    79.1 0   363.3 0   291.544 0   291.560 0   406.2 0   290.343 0   290.451 0     3.8 0    32.2 0    59.8 0   -42.9 0    16.9 0    18.2 0    90.6 0     1.0 0   257.0 0   969.5 0
 2026 208  7 27 11 21 11.350  77.17    77.4 0    18.9 0     1.9 0    77.3 0   362.8 0   291.557 0   291.555 0   406.2 0   290.354 0   290.460 0     3.9 0    32.2 0    58.8 0   -43.4 0    15.4 0    18.2 0    90.6 0     0.7 0   260.5 0   969.5 0
 2026 208  7 27 11 22 11.367  76.99    78.2 0    18.7 0     1.4 0    77.7 0   362.8 0   291.565 0   291.561 0   406.1 0   290.367 0   290.471 0     4.0 0    32.9 0    59.3 0   -43.3 0    16.1 0    18.2 0    90.6 0     0.6 0   261.5 0   969.6 0
 2026 208  7 27 11 23 11.383  76.81    79.7 0    19.0 0     2.0 0    79.0 0   364.4 0   291.573 0   291.570 0   406.2 0   290.379 0   290.482 0     4.1 0    33.3 0    60.4 0   -41.8 0    18.7 0    18.2 0    90.5 0     0.8 0   259.6 0   969.5 0
 2026 208  7 27 11 24 11.400  76.62    78.8 0    18.8 0     1.7 0    78.2 0   366.2 0   291.581 0   291.586 0   406.3 0   290.390 0   290.492 0     4.1 0    32.8 0    59.8 0   -40.0 0    19.8 0    18.2 0    90.4 0     0.8 0   260.8 0   969.5 0
 2026 208  7 27 11 25 11.417  76.44    78.1 0    18.6 0     0.6 0    77.6 0   366.9 0   291.590 0   291.593 0   406.3 0   290.399 0   290.501 0     4.1 0    32.4 0    59.1 0   -39.4 0    19.8 0    18.2 0    90.4 0     0.9 0   265.3 0   969.5 0
 2026 208  7 27 11 26 11.433  76.26    77.9 0    18.6 0     0.6 0    77.5 0   367.0 0   291.599 0   291.606 0   406.4 0   290.409 0   290.511 0     4.2 0    32.1 0    59.0 0   -39.3 0    19.7 0    18.2 0    90.4 0     0.7 0   268.2 0   969.5 0
 2026 208  7 27 11 27 11.450  76.07    78.4 0    18.7 0     0.9 0    78.0 0   367.1 0   291.612 0   291.622 0   406.5 0   290.420 0   290.523 0     4.3 0    32.3 0    59.4 0   -39.4 0    20.1 0    18.3 0    90.4 0     0.9 0   260.8 0   969.5 0
 2026 208  7 27 11 28 11.467  75.89    80.0 0    19.0 0     0.6 0    79.4 0   367.4 0   291.624 0   291.627 0   406.6 0   290.431 0   290.534 0     4.4 0    32.8 0    60.5 0   -39.2 0    21.3 0    18.3 0    90.4 0     0.9 0   253.3 0   969.5 0
 2026 208  7 27 11 29 11.483  75.71    82.4 0    19.5 0     0.3 0    81.7 0   367.7 0   291.634 0   291.641 0   406.9 0   290.444 0   290.550 0     4.5 0    33.6 0    62.2 0   -39.2 0    23.0 0    18.3 0    90.4 0     0.7 0   240.0 0   969.5 0
 2026 208  7 27 11 30 11.500  75.52    85.4 0    20.2 0     0.2 0    84.5 0   367.7 0   291.646 0   291.663 0   407.2 0   290.459 0   290.568 0     4.7 0    34.7 0    64.4 0   -39.5 0    24.9 0    18.3 0    90.3 0     0.7 0   231.5 0   969.5 0
 2026 208  7 27 11 31 11.517  75.34    89.2 0    21.0 0     0.1 0    88.2 0   367.5 0   291.661 0   291.692 0   407.6 0   290.477 0   290.588 0     4.9 0    36.2 0    67.2 0   -40.0 0    27.1 0    18.3 0    90.4 0     0.9 0   233.6 0   969.5 0
 2026 208  7 27 11 32 11.533  75.15    93.9 0    22.2 0     0.2 0    92.6 0   367.5 0   291.679 0   291.711 0   407.8 0   290.495 0   290.606 0     5.1 0    37.8 0    70.4 0   -40.2 0    30.2 0    18.3 0    90.2 0     1.0 0   231.4 0   969.5 0
 2026 208  7 27 11 33 11.550  74.97    98.5 0    23.4 0     0.2 0    97.0 0   368.2 0   291.694 0   291.742 0   408.0 0   290.510 0   290.623 0     5.3 0    39.3 0    73.6 0   -39.8 0    33.9 0    18.3 0    90.2 0     0.8 0   220.8 0   969.5 0
 2026 208  7 27 11 34 11.567  74.79   102.7 0    24.4 0     0.1 0   101.2 0   369.4 0   291.715 0   291.790 0   408.6 0   290.529 0   290.651 0     5.4 0    40.6 0    76.8 0   -39.1 0    37.6 0    18.4 0    90.3 0     0.9 0   211.1 0   969.5 0
 2026 208  7 27 11 35 11.583  74.60   106.6 0    25.6 0     0.1 0   105.0 0   370.6 0   291.742 0   291.823 0   408.7 0   290.548 0   290.668 0     5.5 0    41.6 0    79.4 0   -38.1 0    41.3 0    18.4 0    90.0 0     1.0 0   226.9 0   969.5 0
 2026 208  7 27 11 36 11.600  74.42   108.2 0    26.0 0     0.1 0   106.6 0   371.7 0   291.767 0   291.858 0   409.0 0   290.565 0   290.690 0     5.6 0    41.7 0    80.7 0   -37.4 0    43.3 0    18.4 0    90.1 0     0.6 0   237.0 0   969.5 0
 2026 208  7 27 11 37 11.617  74.23   107.3 0    25.7 0     0.1 0   105.9 0   372.5 0   291.795 0   291.899 0   409.5 0   290.587 0   290.715 0     5.7 0    41.4 0    80.3 0   -36.9 0    43.4 0    18.5 0    90.1 0     0.3 0   237.1 0   969.5 0
 2026 208  7 27 11 38 11.633  74.05   106.2 0    25.3 0     0.9 0   104.9 0   372.5 0   291.827 0   291.930 0   409.7 0   290.611 0   290.737 0     5.9 0    41.1 0    79.8 0   -37.3 0    42.5 0    18.5 0    90.1 0     0.3 0   254.1 0   969.5 0
 2026 208  7 27 11 39 11.650  73.86   105.7 0    25.0 0     0.9 0   104.2 0   372.0 0   291.854 0   291.941 0   410.0 0   290.637 0   290.764 0     6.0 0    41.1 0    79.4 0   -38.0 0    41.4 0    18.6 0    90.0 0     0.0 0   261.0 0   969.5 0
 2026 208  7 27 11 40 11.667  73.68   105.0 0    24.7 0     0.2 0   103.8 0   371.4 0   291.876 0   291.968 0   410.1 0   290.664 0   290.787 0     6.2 0    41.1 0    79.2 0   -38.8 0    40.4 0    18.7 0    89.9 0     0.0 0     0.0 0   969.5 0
 2026 208  7 27 11 41 11.683  73.49   104.2 0    24.4 0     0.2 0   103.1 0   370.2 0   291.900 0   291.977 0   410.1 0   290.689 0   290.810 0     6.3 0    41.0 0    78.8 0   -40.0 0    38.8 0    18.8 0    89.7 0     0.0 0     0.0 0   969.5 0
 2026 208  7 27 11 42 11.700  73.31   103.1 0    23.9 0     0.2 0   102.0 0   368.8 0   291.917 0   291.981 0   410.1 0   290.714 0   290.832 0     6.5 0    41.0 0    78.1 0   -41.3 0    36.8 0    18.8 0    89.6 0     0.0 0     0.0 0   969.5 0
 2026 208  7 27 11 43 11.717  73.12   102.3 0    23.6 0     0.3 0   101.2 0   366.9 0   291.936 0   292.009 0   409.9 0   290.738 0   290.852 0     6.7 0    41.2 0    77.7 0   -42.9 0    34.8 0    18.9 0    89.5 0     0.0 0     0.0 0   969.4 0
 2026 208  7 27 11 44 11.733  72.94   101.0 0    23.0 0     0.3 0   100.1 0   364.6 0   291.961 0   292.034 0   409.7 0   290.763 0   290.874 0     6.9 0    41.3 0    77.2 0   -45.1 0    32.0 0    19.0 0    89.4 0     0.0 0     0.0 0   969.4 0
 2026 208  7 27 11 45 11.750  72.75    98.7 0    22.2 0     0.2 0    98.0 0   362.2 0   291.990 0   292.066 0   409.6 0   290.787 0   290.899 0     7.1 0    41.1 0    75.9 0   -47.5 0    28.5 0    19.0 0    89.0 0     0.0 0     0.0 0   969.4 0
 2026 208  7 27 11 46 11.767  72.57    95.7 0    21.2 0     0.3 0    95.4 0   359.7 0   292.023 0   292.073 0   409.4 0   290.812 0   290.923 0     7.3 0    40.9 0    74.2 0   -49.7 0    24.5 0    19.0 0    88.7 0     0.1 0   260.8 0   969.4 0
 2026 208  7 27 11 47 11.783  72.38    93.9 0    20.5 0     0.4 0    93.6 0   357.9 0   292.045 0   292.066 0   409.3 0   290.833 0   290.940 0     7.5 0    41.0 0    73.2 0   -51.3 0    21.8 0    19.0 0    88.6 0     0.0 0   260.8 0   969.4 0
 2026 208  7 27 11 48 11.800  72.20    94.2 0    20.3 0     0.4 0    93.8 0   356.6 0   292.062 0   292.083 0   409.2 0   290.852 0   290.957 0     7.7 0    41.9 0    73.6 0   -52.6 0    20.9 0    19.0 0    88.5 0     0.3 0   260.8 0   969.4 0
 2026 208  7 27 11 49 11.817  72.01    96.1 0    20.5 0     0.4 0    95.6 0   355.3 0   292.081 0   292.093 0   409.1 0   290.870 0   290.975 0     8.0 0    43.2 0    75.2 0   -53.8 0    21.4 0    19.0 0    88.4 0     0.5 0   260.8 0   969.4 0
 2026 208  7 27 11 50 11.833  71.82    98.7 0    20.9 0     0.6 0    98.1 0   354.2 0   292.097 0   292.103 0   409.0 0   290.888 0   290.992 0     8.2 0    44.9 0    77.4 0   -54.7 0    22.6 0    19.0 0    88.3 0     0.6 0   260.8 0   969.4 0
 2026 208  7 27 11 51 11.850  71.64   101.2 0    21.3 0     0.9 0   100.5 0   353.4 0   292.112 0   292.121 0   409.0 0   290.905 0   291.010 0     8.5 0    46.4 0    79.5 0   -55.6 0    23.9 0    19.0 0    88.2 0     0.6 0   260.8 0   969.4 0
 2026 208  7 27 11 52 11.867  71.45   103.1 0    21.6 0     1.1 0   102.4 0   352.7 0   292.127 0   292.130 0   409.0 0   290.921 0   291.027 0     8.7 0    47.6 0    81.2 0   -56.3 0    24.8 0    18.9 0    88.2 0     0.5 0   260.8 0   969.5 0
 2026 208  7 27 11 53 11.883  71.27   104.3 0    21.7 0     1.1 0   103.9 0   352.4 0   292.136 0   292.137 0   409.2 0   290.938 0   291.043 0     8.9 0    48.7 0    82.5 0   -56.8 0    25.8 0    18.9 0    88.2 0     0.6 0   250.3 0   969.4 0
 2026 208  7 27 11 54 11.900  71.08   105.8 0    21.9 0     1.4 0   105.4 0   352.1 0   292.146 0   292.140 0   409.2 0   290.955 0   291.062 0     9.1 0    49.7 0    83.9 0   -57.1 0    26.8 0    18.9 0    88.2 0     0.4 0   247.3 0   969.4 0
 2026 208  7 27 11 55 11.917  70.89   108.7 0    22.5 0     1.7 0   108.1 0   351.9 0   292.154 0   292.159 0   409.5 0   290.973 0   291.080 0     9.3 0    51.2 0    86.1 0   -57.6 0    28.6 0    19.0 0    88.3 0     0.4 0   257.5 0   969.5 0
 2026 208  7 27 11 56 11.933  70.71   116.5 0    25.2 0    13.0 0   112.7 0   351.8 0   292.168 0   292.193 0   409.7 0   290.993 0   291.106 0     9.6 0    53.7 0    91.8 0   -57.9 0    33.9 0    19.0 0    88.3 0     0.3 0   259.9 0   969.5 0
 2026 208  7 27 11 57 11.950  70.52   145.3 0    36.0 0    86.8 0   118.7 0   351.7 0   292.191 0   292.232 0   410.5 0   291.015 0   291.148 0     9.8 0    59.1 0   111.6 0   -58.8 0    52.8 0    19.0 0    88.3 0     0.0 0   259.9 0   969.4 0
 2026 208  7 27 11 58 11.967  70.33   163.3 0    42.0 0   124.4 0   124.7 0   351.6 0   292.217 0   292.264 0   411.4 0   291.044 0   291.196 0    10.1 0    63.7 0   124.6 0   -59.8 0    64.8 0    19.1 0    88.3 0     0.0 0   259.9 0   969.4 0
 2026 208  7 27 11 59 11.983  70.15   185.7 0    50.7 0   181.1 0   129.8 0   351.7 0   292.254 0   292.347 0   412.3 0   291.078 0   291.250 0    10.4 0 -9999.9 1   140.6 0   -60.7 0    80.0 0    19.2 0    88.2 0     0.2 0   260.3 0   969.4 0
 2026 208  7 27 12  0 12.000  69.96   198.8 0    55.0 0   208.4 0   133.7 0   351.4 0   292.308 0   292.396 0   413.3 0   291.118 0   291.301 0    10.6 0 -9999.9 1   150.2 0   -61.9 0    88.3 0    19.3 0    88.1 0     0.0 0   260.3 0   969.4 0
 2026 208  7 27 12  1 12.017  69.77   199.1 0    54.1 0   196.6 0   137.3 0   351.5 0   292.357 0   292.442 0   414.0 0   291.161 0   291.355 0    10.9 0 -9999.9 1   151.2 0   -62.5 0    88.7 0    19.4 0    87.8 0     0.3 0   261.0 0   969.4 0
 2026 208  7 27 12  2 12.033  69.58   194.3 0    50.9 0   168.1 0   140.6 0   351.8 0   292.408 0   292.519 0   414.3 0   291.209 0   291.401 0    11.1 0    73.4 0   148.3 0   -62.5 0    85.8 0    19.5 0    87.6 0     0.4 0   275.6 0   969.4 0
 2026 208  7 27 12  3 12.050  69.40   178.6 0    43.0 0   109.7 0   143.2 0   351.7 0   292.467 0   292.566 0   414.2 0   291.252 0   291.422 0    11.3 0    73.1 0   138.8 0   -62.5 0    76.3 0    19.5 0    87.5 0     0.2 0   277.9 0   969.4 0
 2026 208  7 27 12  4 12.067  69.21   206.5 0    54.4 0   185.7 0   146.1 0   351.8 0   292.513 0   292.604 0   414.7 0   291.292 0   291.470 0    11.6 0    78.5 0   157.6 0   -62.9 0    94.8 0    19.6 0    87.4 0     0.3 0   277.6 0   969.4 0
 2026 208  7 27 12  5 12.083  69.02   215.4 0    57.2 0   205.6 0   148.1 0   352.0 0   292.566 0   292.695 0   415.4 0   291.340 0   291.535 0    11.9 0    80.6 0   164.5 0   -63.4 0   101.2 0    19.7 0    87.1 0     0.5 0   277.0 0   969.4 0
 2026 208  7 27 12  6 12.100  68.84   220.0 0    58.7 0   213.5 0   149.9 0   351.5 0   292.632 0   292.749 0   415.7 0   291.388 0   291.586 0    12.2 0    82.6 0   168.3 0   -64.1 0   104.1 0    19.7 0    86.6 0     0.5 0   259.1 0   969.4 0
 2026 208  7 27 12  7 12.117  68.65   227.2 0    60.4 0   224.9 0   152.0 0   351.6 0   292.687 0   292.797 0   416.1 0   291.439 0   291.645 0    12.4 0    85.3 0   173.4 0   -64.5 0   109.0 0    19.7 0    86.5 0     0.1 0   253.8 0   969.4 0
 2026 208  7 27 12  8 12.133  68.46   233.6 0    62.4 0   235.2 0   154.4 0   351.7 0   292.751 0   292.887 0   416.6 0   291.495 0   291.710 0    12.7 0    88.0 0   178.4 0   -64.9 0   113.4 0    19.9 0    86.4 0     0.2 0   260.3 0   969.4 0
 2026 208  7 27 12  9 12.150  68.27   240.7 0    64.2 0   245.2 0   157.0 0   351.6 0   292.824 0   292.980 0   417.3 0   291.555 0   291.776 0    13.0 0    90.8 0   183.6 0   -65.7 0   117.9 0    19.9 0    86.1 0     0.5 0   269.5 0   969.4 0
 2026 208  7 27 12 10 12.167  68.09   248.0 0    66.0 0   255.0 0   159.7 0   351.6 0   292.897 0   293.037 0   417.8 0   291.615 0   291.838 0    13.3 0    93.6 0   188.9 0   -66.2 0   122.7 0    20.0 0    85.8 0     0.4 0   250.9 0   969.4 0
 2026 208  7 27 12 11 12.183  67.90   251.6 0    66.8 0   256.9 0   162.0 0   351.5 0   292.967 0   293.103 0   418.4 0   291.676 0   291.902 0    13.5 0    95.3 0   191.9 0   -66.8 0   125.0 0    20.1 0    85.5 0     0.2 0   251.5 0   969.4 0
 2026 208  7 27 12 12 12.200  67.71   259.3 0    69.1 0   271.0 0   163.9 0   351.7 0   293.036 0   293.172 0   418.8 0   291.739 0   291.970 0    13.8 0    98.0 0   197.5 0   -67.1 0   130.4 0    20.2 0    85.1 0     0.1 0   253.6 0   969.4 0
 2026 208  7 27 12 13 12.217  67.52   264.8 0    70.5 0   278.3 0   165.7 0   351.9 0   293.106 0   293.256 0   419.2 0   291.805 0   292.039 0    14.0 0   100.0 0   201.6 0   -67.3 0   134.2 0    20.3 0    84.7 0     0.0 0   239.7 0   969.4 0
 2026 208  7 27 12 14 12.233  67.34   273.6 0    72.8 0   294.7 0   167.3 0   351.9 0   293.179 0   293.316 0   419.5 0   291.873 0   292.109 0    14.3 0   103.4 0   208.1 0   -67.6 0   140.5 0    20.4 0    84.4 0     0.0 0     0.0 0   969.3 0
 2026 208  7 27 12 15 12.250  67.15   276.3 0    73.4 0   296.4 0   168.6 0   352.2 0   293.250 0   293.407 0   419.7 0   291.944 0   292.176 0    14.5 0   104.4 0   210.3 0   -67.5 0   142.8 0    20.6 0    83.6 0     0.0 0     0.0 0   969.3 0
 2026 208  7 27 12 16 12.267  66.96   280.2 0    74.3 0   300.2 0   170.1 0   352.2 0   293.330 0   293.492 0   419.8 0   292.020 0   292.248 0    14.7 0   105.8 0   213.2 0   -67.6 0   145.7 0    20.8 0    83.3 0     0.0 0     0.0 0   969.3 0
 2026 208  7 27 12 17 12.283  66.77   283.3 0    74.8 0   301.0 0   171.5 0   352.6 0   293.415 0   293.605 0   420.2 0   292.099 0   292.327 0    14.9 0   106.7 0   215.5 0   -67.6 0   147.9 0    21.1 0    82.5 0     0.0 0     0.0 0   969.3 0
 2026 208  7 27 12 18 12.300  66.58   285.0 0    75.0 0   299.7 0   172.8 0   352.6 0   293.509 0   293.693 0   420.7 0   292.183 0   292.411 0    15.2 0   107.3 0   216.9 0   -68.1 0   148.8 0    21.4 0    81.5 0     0.0 0     0.0 0   969.3 0
 2026 208  7 27 12 19 12.317  66.39   286.9 0    75.3 0   298.0 0   174.2 0   352.6 0   293.600 0   293.762 0   421.1 0   292.265 0   292.491 0    15.4 0   107.8 0   218.2 0   -68.6 0   149.7 0    21.6 0    80.2 0     0.0 0     0.0 0   969.3 0
 2026 208  7 27 12 20 12.333  66.21   290.2 0    75.9 0   299.5 0   175.7 0   352.8 0   293.683 0   293.841 0   421.6 0   292.350 0   292.572 0    15.6 0   108.8 0   220.6 0   -68.9 0   151.7 0    21.9 0    78.7 0     0.0 0     0.0 0   969.3 0
 2026 208  7 27 12 21 12.350  66.02   291.6 0    76.2 0   297.4 0   177.1 0   353.2 0   293.761 0   293.912 0   422.3 0   292.436 0   292.652 0    15.7 0   109.2 0   221.8 0   -69.1 0   152.7 0    22.1 0    77.8 0     0.0 0     0.0 0   969.3 0
 2026 208  7 27 12 22 12.367  65.83   291.6 0    76.1 0   292.3 0   178.2 0   353.3 0   293.842 0   293.992 0   422.8 0   292.522 0   292.741 0    15.9 0   108.9 0   221.8 0   -69.5 0   152.3 0    22.2 0    76.8 0     0.1 0   264.3 0   969.3 0
 2026 208  7 27 12 23 12.383  65.64   288.4 0    75.3 0   280.3 0   179.1 0   353.3 0   293.912 0   294.032 0   423.0 0   292.608 0   292.829 0    16.0 0   107.4 0   219.5 0   -69.7 0   149.8 0    22.2 0    76.3 0     0.3 0   256.4 0   969.3 0
 2026 208  7 27 12 24 12.400  65.45   292.2 0    76.2 0   283.6 0   180.6 0   353.6 0   293.978 0   294.118 0   423.3 0   292.693 0   292.918 0    16.2 0   108.8 0   222.2 0   -69.6 0   152.6 0    22.0 0    76.3 0     0.3 0   236.9 0   969.3 0
 2026 208  7 27 12 25 12.417  65.27   294.5 0    76.6 0   282.0 0   182.4 0   353.6 0   294.044 0   294.161 0   423.5 0   292.775 0   292.995 0    16.4 0   109.4 0   223.7 0   -69.9 0   153.8 0    22.0 0    77.0 0     0.0 0   258.2 0   969.3 0
 2026 208  7 27 12 26 12.433  65.08   297.4 0    77.3 0   282.0 0   184.4 0   354.2 0   294.107 0   294.256 0   423.8 0   292.859 0   293.085 0    16.6 0   110.4 0   226.0 0   -69.6 0   156.4 0    22.0 0    76.9 0     0.1 0   258.6 0   969.3 0
 2026 208  7 27 12 27 12.450  64.89   301.5 0    78.3 0   283.9 0   186.7 0   354.1 0   294.179 0   294.308 0   424.3 0   292.945 0   293.172 0    16.9 0   111.6 0   228.9 0   -70.2 0   158.7 0    22.0 0    76.5 0     0.4 0   251.5 0   969.3 0
 2026 208  7 27 12 28 12.467  64.70   306.1 0    79.4 0   287.2 0   188.6 0   354.4 0   294.240 0   294.359 0   424.8 0   293.030 0   293.258 0    17.1 0 -9999.9 1   232.0 0   -70.4 0   161.6 0    21.9 0    77.1 0     0.6 0   241.3 0   969.3 0
 2026 208  7 27 12 29 12.483  64.51   305.8 0    79.2 0   281.7 0   189.9 0   354.7 0   294.302 0   294.436 0   425.2 0   293.118 0   293.349 0    17.3 0 -9999.9 1   231.9 0   -70.6 0   161.4 0    21.8 0    77.5 0     0.4 0   234.0 0   969.3 0
 2026 208  7 27 12 30 12.500  64.32   308.3 0    79.8 0   283.1 0   190.7 0   354.7 0   294.371 0   294.517 0   425.8 0   293.206 0   293.439 0    17.5 0 -9999.9 1   233.6 0   -71.1 0   162.5 0    21.8 0    77.9 0     0.5 0   252.1 0   969.3 0
 2026 208  7 27 12 31 12.517  64.13   307.8 0    79.6 0   279.6 0   190.7 0   354.8 0   294.442 0   294.600 0   426.1 0   293.296 0   293.529 0    17.7 0 -9999.9 1   233.1 0   -71.2 0   161.9 0    21.8 0    78.2 0     0.7 0   272.8 0   969.3 0
 2026 208  7 27 12 32 12.533  63.94   309.5 0    79.9 0   280.4 0   191.0 0   354.8 0   294.509 0   294.634 0   426.1 0   293.385 0   293.620 0    17.9 0 -9999.9 1   234.2 0   -71.4 0   162.9 0    21.8 0    78.0 0     0.4 0   261.8 0   969.3 0
 2026 208  7 27 12 33 12.550  63.76   313.2 0    80.9 0   285.2 0   191.5 0   355.3 0   294.570 0   294.716 0   426.7 0   293.471 0   293.701 0    18.2 0 -9999.9 1   236.7 0   -71.4 0   165.2 0    21.8 0    78.1 0     0.3 0   261.9 0   969.3 0
 2026 208  7 27 12 34 12.567  63.57   309.2 0    79.7 0   273.6 0   191.8 0   355.2 0   294.638 0   294.778 0   427.1 0   293.557 0   293.781 0    18.3 0 -9999.9 1   233.9 0   -71.9 0   162.1 0    21.9 0    78.2 0     0.4 0   274.9 0   969.3 0
 2026 208  7 27 12 35 12.583  63.38   309.9 0    79.8 0   270.7 0   192.8 0   355.4 0   294.705 0   294.847 0   427.4 0   293.642 0   293.872 0    18.6 0 -9999.9 1   234.3 0   -72.0 0   162.3 0    22.0 0    77.9 0     0.8 0   273.7 0   969.3 0
 2026 208  7 27 12 36 12.600  63.19   311.2 0    79.9 0   268.4 0   194.1 0   355.3 0   294.767 0   294.871 0   427.4 0   293.728 0   293.960 0    18.8 0 -9999.9 1   235.2 0   -72.1 0   163.1 0    21.9 0    77.4 0     0.8 0   270.9 0   969.4 0
 2026 208  7 27 12 37 12.617  63.00   310.6 0    79.7 0   263.2 0   195.0 0   355.8 0   294.821 0   294.945 0   427.6 0   293.811 0   294.038 0    19.0 0 -9999.9 1   234.7 0   -71.8 0   162.9 0    21.9 0    78.0 0     0.9 0   277.2 0   969.4 0
 2026 208  7 27 12 38 12.633  62.81   313.4 0    80.6 0   265.2 0   195.8 0   356.0 0   294.884 0   295.033 0   428.0 0   293.893 0   294.126 0    19.3 0 -9999.9 1   236.4 0   -72.0 0   164.4 0    21.8 0    78.3 0     0.8 0   280.2 0   969.4 0
 2026 208  7 27 12 39 12.650  62.62   315.4 0    81.2 0   265.3 0   196.8 0   356.3 0   294.951 0   295.099 0   428.7 0   293.974 0   294.201 0    19.5 0 -9999.9 1   237.5 0   -72.4 0   165.1 0    21.8 0    79.0 0     0.8 0   267.9 0   969.4 0
 2026 208  7 27 12 40 12.667  62.43   317.5 0    81.8 0   265.6 0   197.8 0   356.1 0   295.009 0   295.104 0   428.7 0   294.051 0   294.276 0    19.8 0 -9999.9 1   238.9 0   -72.6 0   166.3 0    21.8 0    78.6 0     0.8 0   264.9 0   969.4 0
 2026 208  7 27 12 41 12.683  62.24   316.0 0    81.3 0   258.1 0   198.9 0   356.5 0   295.056 0   295.164 0   429.0 0   294.127 0   294.351 0    20.0 0 -9999.9 1   237.8 0   -72.4 0   165.4 0    21.9 0    78.4 0     0.6 0   266.7 0   969.4 0
 2026 208  7 27 12 42 12.700  62.06   317.8 0    81.7 0   256.7 0   200.4 0   356.9 0   295.109 0   295.241 0   429.7 0   294.204 0   294.419 0    20.3 0 -9999.9 1   239.0 0   -72.8 0   166.2 0    21.9 0    78.6 0     0.5 0   273.6 0   969.4 0
 2026 208  7 27 12 43 12.717  61.87   315.7 0    80.9 0   247.8 0   201.6 0   357.1 0   295.167 0   295.311 0   430.0 0   294.279 0   294.501 0    20.5 0 -9999.9 1   237.5 0   -72.9 0   164.6 0    22.0 0    78.0 0     0.8 0   262.3 0   969.4 0
 2026 208  7 27 12 44 12.733  61.68   316.9 0    81.2 0   246.8 0   202.6 0   357.0 0   295.226 0   295.354 0   430.1 0   294.356 0   294.582 0    20.8 0 -9999.9 1   238.4 0   -73.0 0   165.4 0    22.0 0    77.7 0     0.7 0   258.1 0   969.4 0
 2026 208  7 27 12 45 12.750  61.49   314.1 0    80.2 0   238.1 0   203.1 0   357.0 0   295.273 0   295.381 0   430.0 0   294.431 0   294.650 0    21.2 0 -9999.9 1   236.6 0   -73.0 0   163.5 0    22.1 0    76.7 0     0.7 0   251.0 0   969.4 0
 2026 208  7 27 12 46 12.767  61.30   316.8 0    80.9 0   240.1 0   203.9 0   357.0 0   295.326 0   295.468 0   430.1 0   294.504 0   294.725 0    21.6 0 -9999.9 1   238.3 0   -73.1 0   165.2 0    22.1 0    77.1 0     0.7 0   256.9 0   969.4 0
 2026 208  7 27 12 47 12.783  61.11   319.4 0    81.6 0   241.5 0   205.1 0   357.3 0   295.378 0   295.512 0   430.8 0   294.579 0   294.796 0    22.0 0 -9999.9 1   240.1 0   -73.5 0   166.7 0    22.2 0    77.8 0     0.6 0   266.7 0   969.5 0
 2026 208  7 27 12 48 12.800  60.92   324.1 0    82.9 0   246.2 0   206.7 0   357.7 0   295.433 0   295.589 0   431.1 0   294.653 0   294.869 0    22.4 0 -9999.9 1   243.5 0   -73.4 0   170.1 0    22.2 0    77.1 0     0.8 0   269.4 0   969.5 0
 2026 208  7 27 12 49 12.817  60.73   332.0 0    85.1 0   256.4 0   209.0 0   357.7 0   295.496 0   295.653 0   431.2 0   294.724 0   294.936 0    22.9 0 -9999.9 1   249.2 0   -73.5 0   175.7 0    22.2 0    77.0 0     0.8 0   236.7 0   969.5 0
 2026 208  7 27 12 50 12.833  60.54   337.5 0    86.5 0   260.6 0   211.6 0   357.7 0   295.552 0   295.674 0   431.7 0   294.793 0   295.006 0    23.3 0 -9999.9 1   253.2 0   -74.0 0   179.2 0    22.2 0    76.5 0     1.0 0   232.5 0   969.5 0
 2026 208  7 27 12 51 12.850  60.35   347.0 0    89.1 0   271.8 0   214.6 0   358.0 0   295.600 0   295.738 0   431.3 0   294.861 0   295.075 0    23.8 0 -9999.9 1   260.0 0   -73.4 0   186.6 0    22.2 0    76.4 0     0.8 0   232.4 0   969.5 0
 2026 208  7 27 12 52 12.867  60.16   355.2 0    91.0 0   279.5 0   217.7 0   358.1 0   295.660 0   295.833 0   432.5 0   294.933 0   295.157 0    24.3 0 -9999.9 1   265.7 0   -74.4 0   191.4 0    22.3 0    76.9 0     0.7 0   251.4 0   969.6 0
 2026 208  7 27 12 53 12.883  59.97   359.8 0    92.1 0   280.8 0   221.2 0   358.1 0   295.721 0   295.862 0   433.0 0   295.007 0   295.237 0    24.7 0 -9999.9 1   269.6 0   -74.9 0   194.7 0    22.4 0    76.3 0     1.1 0   254.1 0   969.6 0
 2026 208  7 27 12 54 12.900  59.79   370.5 0    94.7 0   291.6 0   225.2 0   358.5 0   295.778 0   295.953 0   433.4 0   295.080 0   295.316 0    25.3 0 -9999.9 1   277.2 0   -74.9 0   202.3 0    22.4 0    75.8 0     0.8 0   254.7 0   969.6 0
 2026 208  7 27 12 55 12.917  59.60   375.8 0    95.6 0   292.2 0   229.1 0   358.6 0   295.849 0   296.060 0   434.0 0   295.156 0   295.397 0    25.7 0 -9999.9 1   281.4 0   -75.4 0   205.9 0    22.5 0    75.2 0     0.9 0   248.5 0   969.6 0
 2026 208  7 27 12 56 12.933  59.41   380.4 0    96.3 0   292.6 0   232.8 0   358.7 0   295.917 0   296.096 0   434.6 0   295.230 0   295.467 0    26.2 0 -9999.9 1   285.4 0   -75.9 0   209.5 0    22.5 0    75.0 0     1.3 0   246.7 0   969.6 0
 2026 208  7 27 12 57 12.950  59.22   382.4 0    96.5 0   288.8 0   236.0 0   358.6 0   295.983 0   296.150 0   434.6 0   295.304 0   295.537 0    26.5 0 -9999.9 1   287.3 0   -76.0 0   211.3 0    22.5 0    74.5 0     1.3 0   245.7 0   969.6 0
 2026 208  7 27 12 58 12.967  59.03   386.5 0    97.3 0   288.1 0   239.4 0   359.0 0   296.041 0   296.214 0   435.0 0   295.376 0   295.603 0    26.8 0 -9999.9 1   290.4 0   -76.0 0   214.4 0    22.5 0    73.8 0     1.0 0   245.1 0   969.6 0
 2026 208  7 27 12 59 12.983  58.84   393.9 0    99.1 0   293.2 0   243.2 0   359.5 0   296.105 0   296.313 0   436.1 0   295.449 0   295.674 0    27.2 0 -9999.9 1   295.8 0   -76.6 0   219.3 0    22.6 0    74.8 0     0.9 0   269.9 0   969.6 0
 2026 208  7 27 13  0 13.000  58.65   398.7 0   100.2 0   290.5 0   248.1 0   360.1 0   296.177 0   296.409 0   436.7 0   295.521 0   295.747 0    27.4 0 -9999.9 1   299.0 0   -76.6 0   222.4 0    22.7 0    73.9 0     0.7 0   272.7 0   969.6 0
 2026 208  7 27 13  1 13.017  58.46   400.4 0   100.9 0   280.6 0   253.9 0   360.4 0   296.254 0   296.466 0   436.6 0   295.593 0   295.827 0    27.4 0 -9999.9 1   299.8 0   -76.2 0   223.6 0    22.8 0    72.7 0     1.5 0   254.4 0   969.6 0
 2026 208  7 27 13  2 13.033  58.27   396.0 0   100.2 0   265.8 0   256.8 0   361.0 0   296.324 0   296.528 0   436.0 0   295.664 0   295.900 0    27.3 0 -9999.9 1   296.4 0   -75.0 0   221.4 0    22.7 0    72.4 0     1.5 0   249.7 0   969.6 0
 2026 208  7 27 13  3 13.050  58.08   388.5 0    98.0 0   246.6 0   258.9 0   361.7 0   296.385 0   296.548 0   435.1 0   295.731 0   295.964 0    27.1 0 -9999.9 1   291.2 0   -73.5 0   217.7 0    22.7 0    71.9 0     1.7 0   257.6 0   969.7 0
 2026 208  7 27 13  4 13.067  57.89   388.2 0    98.2 0   240.0 0   261.4 0   362.4 0   296.435 0   296.576 0   434.9 0   295.789 0   296.003 0    27.2 0 -9999.9 1   290.8 0   -72.5 0   218.3 0    22.6 0    72.4 0     1.9 0   247.1 0   969.7 0
 2026 208  7 27 13  5 13.083  57.71   393.5 0    99.7 0   241.9 0   264.2 0   362.8 0   296.479 0   296.596 0   435.2 0   295.844 0   296.066 0    27.5 0 -9999.9 1   293.8 0   -72.4 0   221.4 0    22.5 0    73.1 0     1.7 0   261.6 0   969.7 0
 2026 208  7 27 13  6 13.100  57.52   401.9 0   101.7 0   245.4 0   269.2 0   363.4 0   296.520 0   296.684 0   436.4 0   295.902 0   296.126 0    28.1 0 -9999.9 1   299.2 0   -73.0 0   226.2 0    22.6 0    73.6 0     1.3 0   242.4 0   969.7 0
 2026 208  7 27 13  7 13.117  57.33   343.0 0    78.1 0   116.8 0   274.2 0   364.2 0   296.568 0   296.759 0   436.1 0   295.958 0   296.154 0    28.3 0   131.0 0   259.1 0   -71.9 0   187.3 0    22.6 0    74.0 0     1.5 0   259.7 0   969.7 0
 2026 208  7 27 13  8 13.133  57.14   355.0 0    83.5 0   134.0 0   281.4 0   365.5 0   296.610 0   296.786 0   436.2 0   296.005 0   296.185 0    28.6 0   135.5 0   270.5 0   -70.7 0   199.8 0    22.7 0    73.3 0     1.4 0   256.9 0   969.7 0
 2026 208  7 27 13  9 13.150  56.95   381.2 0    89.8 0   155.4 0   291.0 0   367.8 0   296.643 0   296.780 0   435.6 0   296.045 0   296.224 0    28.8 0   138.7 0   286.0 0   -67.8 0   218.2 0    22.6 0    71.8 0     2.2 0   250.8 0   969.7 0
 2026 208  7 27 13 10 13.167  56.76   417.0 0   103.4 0   200.3 0   304.3 0   372.6 0   296.666 0   296.801 0   436.1 0   296.081 0   296.285 0    28.8 0 -9999.9 1   310.6 0   -63.5 0   247.2 0    22.5 0    71.8 0     2.2 0   253.4 0   969.7 0
 2026 208  7 27 13 11 13.183  56.57   409.7 0    99.2 0   173.4 0   309.5 0   377.5 0   296.693 0   296.891 0   437.2 0   296.124 0   296.350 0    28.2 0 -9999.9 1   305.8 0   -59.8 0   246.1 0    22.5 0    72.0 0     2.2 0   265.3 0   969.7 0
 2026 208  7 27 13 12 13.200  56.38   329.1 0    74.4 0    33.4 0   306.2 0   381.0 0   296.720 0   296.893 0   435.7 0   296.160 0   296.341 0    27.1 0   125.6 0   250.4 0   -54.7 0   195.7 0    22.5 0    72.6 0     2.6 0   255.6 0   969.7 0
 2026 208  7 27 13 13 13.217  56.19   308.0 0    70.5 0     9.6 0   301.0 0   382.8 0   296.731 0   296.857 0   433.7 0   296.172 0   296.307 0    26.3 0   120.3 0   235.8 0   -50.9 0   184.9 0    22.3 0    72.8 0     2.4 0   244.9 0   969.7 0
 2026 208  7 27 13 14 13.233  56.01   301.1 0    69.5 0    13.6 0   291.9 0   383.3 0   296.728 0   296.837 0   433.6 0   296.177 0   296.309 0    25.7 0   116.8 0   230.1 0   -50.3 0   179.7 0    22.3 0    73.3 0     2.2 0   241.1 0   969.7 0
 2026 208  7 27 13 15 13.250  55.82   290.7 0    66.7 0    15.4 0   279.7 0   383.0 0   296.722 0   296.846 0   434.2 0   296.184 0   296.320 0    25.2 0   112.6 0   221.7 0   -51.2 0   170.5 0    22.2 0    73.9 0     2.1 0   231.4 0   969.7 0
 2026 208  7 27 13 16 13.267  55.63   272.1 0    62.3 0     3.0 0   268.9 0   382.0 0   296.716 0   296.806 0   434.3 0   296.192 0   296.321 0    25.0 0   107.7 0   208.2 0   -52.2 0   156.0 0    22.3 0    75.3 0     1.8 0   243.1 0   969.7 0
 2026 208  7 27 13 17 13.283  55.44   265.1 0    60.5 0     4.9 0   260.9 0   380.8 0   296.705 0   296.789 0   434.3 0   296.201 0   296.327 0    25.0 0   105.7 0   203.1 0   -53.5 0   149.7 0    22.3 0    75.2 0     1.6 0   264.9 0   969.8 0
 2026 208  7 27 13 18 13.300  55.25   260.9 0    58.7 0     1.8 0   257.8 0   380.2 0   296.693 0   296.805 0   434.5 0   296.212 0   296.320 0    25.3 0   105.1 0   200.2 0   -54.3 0   145.9 0    22.4 0    75.6 0     1.6 0   270.2 0   969.7 0
 2026 208  7 27 13 19 13.317  55.06   262.6 0    59.3 0     1.7 0   259.1 0   381.1 0   296.685 0   296.823 0   434.4 0   296.217 0   296.309 0    25.5 0   105.5 0   200.8 0   -53.3 0   147.5 0    22.4 0    75.4 0     1.9 0   272.6 0   969.7 0
 2026 208  7 27 13 20 13.333  54.87   260.9 0    58.4 0     2.0 0   258.0 0   381.7 0   296.680 0   296.750 0   433.2 0   296.213 0   296.309 0    25.4 0   104.5 0   200.7 0   -51.5 0   149.2 0    22.4 0    74.3 0     2.2 0   263.1 0   969.8 0
 2026 208  7 27 13 21 13.350  54.68   256.1 0    57.2 0     2.5 0   253.5 0   382.0 0   296.661 0   296.721 0   433.2 0   296.205 0   296.286 0    25.4 0   103.0 0   197.7 0   -51.2 0   146.5 0    22.4 0    74.9 0     1.9 0   280.5 0   969.7 0
 2026 208  7 27 13 22 13.367  54.49   251.7 0    55.7 0     4.0 0   248.0 0   380.4 0   296.646 0   296.738 0   433.2 0   296.198 0   296.282 0    25.6 0   102.0 0   194.6 0   -52.8 0   141.8 0    22.4 0    74.5 0     2.3 0   271.7 0   969.8 0
 2026 208  7 27 13 23 13.383  54.31   245.9 0    54.0 0     2.1 0   243.5 0   377.7 0   296.630 0   296.661 0   431.3 0   296.184 0   296.265 0    26.2 0   101.6 0   190.7 0   -53.6 0   137.1 0    22.3 0    73.6 0     2.9 0   279.9 0   969.7 0
 2026 208  7 27 13 24 13.400  54.12   244.8 0    53.1 0     2.2 0   242.2 0   375.3 0   296.602 0   296.592 0   430.9 0   296.160 0   296.241 0    27.0 0   102.9 0   190.5 0   -55.6 0   134.9 0    22.2 0    74.1 0     2.5 0   281.0 0   969.7 0
 2026 208  7 27 13 25 13.417  53.93   247.6 0    53.1 0     2.1 0   244.7 0   373.2 0   296.570 0   296.578 0   430.9 0   296.132 0   296.224 0    27.9 0   105.2 0   192.9 0   -57.6 0   135.2 0    22.1 0    74.5 0     2.3 0   267.5 0   969.7 0
 2026 208  7 27 13 26 13.433  53.74   252.0 0    53.3 0     2.1 0   248.9 0   372.0 0   296.540 0   296.555 0   431.4 0   296.107 0   296.204 0    28.9 0   107.7 0   196.8 0   -59.5 0   137.3 0    22.1 0    75.2 0     2.2 0   262.5 0   969.7 0
 2026 208  7 27 13 27 13.450  53.55   256.1 0    53.3 0     1.8 0   252.8 0   371.2 0   296.515 0   296.553 0   432.2 0   296.086 0   296.179 0    29.7 0   110.1 0   200.6 0   -60.9 0   139.7 0    22.1 0    75.8 0     2.2 0   254.2 0   969.7 0
 2026 208  7 27 13 28 13.467  53.36   262.4 0    54.6 0     1.6 0   258.7 0   370.3 0   296.493 0   296.539 0   432.3 0   296.068 0   296.168 0    30.6 0   113.0 0   205.0 0   -62.0 0   143.0 0    22.1 0    74.8 0     2.0 0   244.3 0   969.7 0
 2026 208  7 27 13 29 13.483  53.18   273.1 0    57.4 0     2.8 0   268.0 0   369.9 0   296.476 0   296.566 0   433.3 0   296.058 0   296.165 0    31.4 0   117.0 0   212.3 0   -63.3 0   148.9 0    22.2 0    75.0 0     2.0 0   263.1 0   969.7 0
 2026 208  7 27 13 30 13.500  52.99   307.1 0    66.6 0    47.1 0   275.0 0   369.3 0   296.471 0   296.602 0   433.6 0   296.054 0   296.177 0    32.5 0   123.8 0   236.7 0   -64.3 0   172.4 0    22.2 0    74.1 0     2.3 0   275.0 0   969.7 0
 2026 208  7 27 13 31 13.517  52.80   287.5 0    60.0 0     5.9 0   280.7 0   369.1 0   296.465 0   296.595 0   433.3 0   296.049 0   296.166 0    33.3 0   124.2 0   224.3 0   -64.2 0   160.1 0    22.3 0    74.6 0     2.2 0   276.7 0   969.7 0
 2026 208  7 27 13 32 13.533  52.61   318.3 0    70.0 0    46.4 0   288.5 0   368.2 0   296.463 0   296.603 0   432.9 0   296.041 0   296.171 0    34.5 0   132.4 0   246.7 0   -64.7 0   182.0 0    22.2 0    73.8 0     2.7 0   267.0 0   969.7 0
 2026 208  7 27 13 33 13.550  52.42   406.0 0    95.3 0   175.3 0   296.1 0   367.3 0   296.466 0   296.610 0   435.2 0   296.037 0   296.209 0    36.0 0   146.3 0   307.7 0   -67.9 0   239.8 0    22.2 0    73.8 0     2.2 0   266.8 0   969.7 0
 2026 208  7 27 13 34 13.567  52.24   450.5 0   107.9 0   238.2 0   300.2 0   366.7 0   296.486 0   296.682 0   437.8 0   296.051 0   296.283 0    37.4 0 -9999.9 1   338.1 0   -71.1 0   267.0 0    22.3 0    73.7 0     2.5 0   257.7 0   969.7 0
 2026 208  7 27 13 35 13.583  52.05   409.9 0    94.4 0   166.4 0   304.0 0   366.6 0   296.519 0   296.725 0   437.7 0   296.075 0   296.293 0    38.1 0   153.0 0   311.9 0   -71.1 0   240.8 0    22.3 0    73.1 0     2.4 0   253.1 0   969.7 0
 2026 208  7 27 13 36 13.600  51.86   414.9 0    99.9 0   173.3 0   310.0 0   367.2 0   296.548 0   296.756 0   437.4 0   296.092 0   296.295 0    38.7 0   158.0 0   317.1 0   -70.2 0   246.9 0    22.3 0    72.8 0     2.5 0   248.2 0   969.7 0
 2026 208  7 27 13 37 13.617  51.67   494.8 0   120.2 0   279.8 0   317.0 0   369.1 0   296.592 0   296.892 0   440.2 0   296.123 0   296.383 0    39.9 0 -9999.9 1   370.3 0   -71.1 0   299.2 0    22.4 0    73.6 0     2.3 0   261.2 0   969.7 0
 2026 208  7 27 13 38 13.633  51.48   497.4 0   122.2 0   275.7 0   323.7 0   371.4 0   296.661 0   297.012 0   442.1 0   296.170 0   296.446 0    40.2 0 -9999.9 1   373.2 0   -70.7 0   302.5 0    22.6 0    73.7 0     1.8 0   261.2 0   969.7 0
 2026 208  7 27 13 39 13.650  51.30   512.6 0   125.3 0   286.1 0   329.7 0   373.2 0   296.738 0   297.076 0   442.7 0   296.222 0   296.494 0    40.3 0 -9999.9 1   383.3 0   -69.5 0   313.8 0    22.7 0    72.2 0     2.5 0   239.2 0   969.8 0
 2026 208  7 27 13 40 13.667  51.11   510.6 0   125.5 0   279.4 0   331.9 0   375.3 0   296.806 0   297.096 0   442.7 0   296.271 0   296.548 0    39.9 0 -9999.9 1   381.8 0   -67.4 0   314.4 0    22.7 0    72.6 0     3.0 0   240.4 0   969.8 0
 2026 208  7 27 13 41 13.683  50.92   482.1 0   117.6 0   238.5 0   328.8 0   376.4 0   296.866 0   297.148 0   441.5 0   296.317 0   296.573 0    39.4 0 -9999.9 1   361.4 0   -65.1 0   296.3 0    22.6 0    72.7 0     3.0 0   243.3 0   969.8 0
 2026 208  7 27 13 42 13.700  50.73   500.3 0   122.8 0   266.4 0   327.1 0   376.9 0   296.922 0   297.187 0   442.5 0   296.358 0   296.622 0    39.5 0 -9999.9 1   372.8 0   -65.7 0   307.1 0    22.6 0    72.9 0     2.8 0   244.0 0   969.8 0
 2026 208  7 27 13 43 13.717  50.55   413.6 0   100.8 0   146.1 0   322.2 0   375.7 0   296.973 0   297.221 0   440.2 0   296.395 0   296.602 0    39.1 0   153.4 0   314.3 0   -64.6 0   249.7 0    22.6 0    73.0 0     3.9 0   238.8 0   969.7 0
 2026 208  7 27 13 44 13.733  50.36   501.2 0   125.8 0   284.6 0   317.6 0   373.5 0   297.014 0   297.189 0   440.4 0   296.417 0   296.647 0    40.3 0 -9999.9 1   373.3 0   -67.0 0   306.4 0    22.5 0    72.8 0     3.3 0   241.1 0   969.7 0
 2026 208  7 27 13 45 13.750  50.17   504.3 0   126.5 0   289.2 0   316.5 0   372.4 0   297.053 0   297.253 0   440.8 0   296.448 0   296.681 0    41.1 0 -9999.9 1   375.2 0   -68.5 0   306.8 0    22.5 0    72.9 0     4.0 0   247.1 0   969.7 0
 2026 208  7 27 13 46 13.767  49.99   423.1 0    96.4 0   149.1 0   319.5 0   372.0 0   297.091 0   297.230 0   438.9 0   296.471 0   296.667 0    40.9 0   154.9 0   318.9 0   -67.0 0   252.0 0    22.5 0    72.3 0     3.5 0   233.8 0   969.8 0
 2026 208  7 27 13 47 13.783  49.80   330.0 0    69.2 0     6.2 0   322.5 0   372.5 0   297.099 0   297.213 0   438.0 0   296.475 0   296.612 0    40.5 0   141.9 0   257.3 0   -65.5 0   191.8 0    22.5 0    74.5 0     2.0 0   236.4 0   969.8 0
 2026 208  7 27 13 48 13.800  49.61   338.1 0    72.4 0     5.5 0   330.6 0   373.2 0   297.094 0   297.244 0   438.5 0   296.482 0   296.614 0    41.2 0   144.8 0   261.7 0   -65.3 0   196.4 0    22.5 0    74.1 0     2.6 0   252.9 0   969.8 0
 2026 208  7 27 13 49 13.817  49.43   502.1 0   123.1 0   247.8 0   338.2 0   373.8 0   297.097 0   297.246 0   440.9 0   296.493 0   296.701 0    43.6 0 -9999.9 1   376.3 0   -67.1 0   309.2 0    22.6 0    72.8 0     2.9 0   254.6 0   969.8 0
 2026 208  7 27 13 50 13.833  49.24   507.3 0   126.6 0   258.5 0   336.8 0   374.4 0   297.115 0   297.288 0   441.5 0   296.519 0   296.762 0    44.1 0 -9999.9 1   378.9 0   -67.1 0   311.8 0    22.6 0    72.4 0     3.2 0   250.7 0   969.8 0
 2026 208  7 27 13 51 13.850  49.05   485.1 0   119.4 0   230.6 0   333.5 0   374.0 0   297.140 0   297.347 0   442.9 0   296.547 0   296.794 0    44.1 0 -9999.9 1   365.2 0   -68.9 0   296.3 0    22.6 0    73.1 0     2.5 0   252.7 0   969.8 0
 2026 208  7 27 13 52 13.867  48.87   509.2 0   126.3 0   267.9 0   328.9 0   373.8 0   297.171 0   297.445 0   444.5 0   296.586 0   296.859 0    44.3 0 -9999.9 1   378.8 0   -70.7 0   308.1 0    22.7 0    74.0 0     2.7 0   246.4 0   969.8 0
 2026 208  7 27 13 53 13.883  48.68   355.3 0    77.4 0    35.5 0   326.2 0   372.7 0   297.206 0   297.379 0   440.7 0   296.617 0   296.798 0    42.9 0   141.0 0   272.2 0   -68.0 0   204.2 0    22.8 0    73.4 0     3.6 0   233.4 0   969.8 0
 2026 208  7 27 13 54 13.900  48.49   340.7 0    73.7 0    11.5 0   327.9 0   373.5 0   297.211 0   297.371 0   437.9 0   296.614 0   296.749 0    42.9 0   140.0 0   261.9 0   -64.4 0   197.5 0    22.6 0    73.8 0     3.7 0   240.1 0   969.8 0
 2026 208  7 27 13 55 13.917  48.31   340.6 0    75.5 0    10.4 0   331.2 0   372.5 0   297.215 0   297.355 0   437.2 0   296.604 0   296.731 0    43.3 0   140.0 0   262.6 0   -64.7 0   197.9 0    22.6 0    74.0 0     3.1 0   248.7 0   969.8 0
 2026 208  7 27 13 56 13.933  48.12   352.1 0    75.7 0    21.3 0   332.6 0   372.7 0   297.208 0   297.321 0   438.4 0   296.599 0   296.736 0    44.0 0   142.5 0   271.1 0   -65.7 0   205.4 0    22.5 0    74.2 0     2.8 0   247.6 0   969.8 0
 2026 208  7 27 13 57 13.950  47.94   341.2 0    74.4 0    10.3 0   332.1 0   373.7 0   297.198 0   297.332 0   438.3 0   296.596 0   296.730 0    44.9 0   143.7 0   264.6 0   -64.6 0   200.1 0    22.6 0    74.2 0     3.5 0   243.8 0   969.7 0
 2026 208  7 27 13 58 13.967  47.75   541.3 0   137.0 0   281.8 0   349.4 0   374.7 0   297.197 0   297.356 0   441.0 0   296.592 0   296.800 0    48.5 0 -9999.9 1   401.8 0   -66.3 0   335.6 0    22.5 0    73.7 0     4.0 0   235.9 0   969.7 0
 2026 208  7 27 13 59 13.983  47.57   517.6 0   126.2 0   197.7 0   375.0 0   376.8 0   297.214 0   297.432 0   442.1 0   296.606 0   296.841 0    48.6 0 -9999.9 1   382.1 0   -65.4 0   316.8 0    22.5 0    73.9 0     3.6 0   239.1 0   969.7 0
 2026 208  7 27 14  0 14.000  47.38   396.3 0    89.3 0    23.7 0   375.2 0   376.9 0   297.231 0   297.480 0   441.1 0   296.618 0   296.807 0    46.8 0   154.3 0   302.0 0   -64.1 0   237.8 0    22.5 0    74.3 0     3.0 0   238.9 0   969.7 0
 2026 208  7 27 14  1 14.017  47.20   458.0 0   111.4 0   136.3 0   363.6 0   375.9 0   297.241 0   297.491 0   441.9 0   296.628 0   296.838 0    48.7 0   166.1 0   344.8 0   -66.1 0   278.7 0    22.5 0    74.5 0     3.0 0   254.4 0   969.7 0
 2026 208  7 27 14  2 14.033  47.01   538.5 0   134.5 0   248.2 0   365.7 0   377.1 0   297.275 0   297.614 0   445.5 0   296.655 0   296.925 0    50.8 0 -9999.9 1   400.4 0   -68.4 0   332.0 0    22.6 0    74.4 0     2.8 0   239.3 0   969.7 0
 2026 208  7 27 14  3 14.050  46.83   545.1 0   133.2 0   226.4 0   378.8 0   382.8 0   297.327 0   297.666 0   446.9 0   296.695 0   296.985 0    50.4 0 -9999.9 1   400.5 0   -64.1 0   336.4 0    22.8 0    74.2 0     3.3 0   231.5 0   969.8 0
 2026 208  7 27 14  4 14.067  46.64   513.3 0   126.8 0   145.8 0   404.4 0   393.4 0   297.376 0   297.735 0   444.5 0   296.725 0   296.961 0    47.9 0 -9999.9 1   377.8 0   -51.1 0   326.7 0    22.8 0    73.5 0     4.3 0   235.8 0   969.8 0
 2026 208  7 27 14  5 14.083  46.46   433.7 0   105.9 0    45.3 0   396.4 0   401.6 0   297.416 0   297.764 0   444.2 0   296.744 0   296.968 0    43.4 0 -9999.9 1   321.7 0   -42.6 0   279.1 0    22.7 0    74.8 0     3.9 0   236.8 0   969.8 0
 2026 208  7 27 14  6 14.100  46.27   365.2 0    88.2 0     9.6 0   357.4 0   402.3 0   297.435 0   297.662 0   440.3 0   296.751 0   296.914 0    40.7 0   131.5 0   275.8 0   -38.0 0   237.9 0    22.6 0    73.6 0     4.1 0   254.0 0   969.8 0
 2026 208  7 27 14  7 14.117  46.09   368.8 0    89.1 0    21.0 0   350.3 0   400.1 0   297.432 0   297.647 0   440.2 0   296.740 0   296.897 0    41.2 0   133.1 0   275.7 0   -40.1 0   235.7 0    22.6 0    74.4 0     3.3 0   239.9 0   969.8 0
 2026 208  7 27 14  8 14.133  45.90   378.7 0    91.2 0    20.5 0   357.7 0   397.1 0   297.424 0   297.618 0   441.4 0   296.733 0   296.896 0    43.1 0   138.7 0   280.7 0   -44.2 0   236.5 0    22.5 0    74.9 0     3.4 0   232.4 0   969.8 0
 2026 208  7 27 14  9 14.150  45.72   432.0 0   106.9 0    69.2 0   378.8 0   394.6 0   297.411 0   297.639 0   442.8 0   296.729 0   296.905 0    46.8 0   155.9 0   320.2 0   -48.2 0   272.0 0    22.5 0    75.1 0     3.0 0   232.4 0   969.8 0
 2026 208  7 27 14 10 14.167  45.54   600.9 0   153.6 0   286.1 0   393.9 0   393.2 0   297.417 0   297.726 0   449.0 0   296.755 0   297.042 0    51.9 0 -9999.9 1   440.7 0   -55.8 0   384.8 0    22.7 0    76.4 0     2.4 0   251.5 0   969.8 0
 2026 208  7 27 14 11 14.183  45.35   580.7 0   141.2 0   243.0 0   396.0 0   391.7 0   297.452 0   297.831 0   450.2 0   296.814 0   297.122 0    52.6 0 -9999.9 1   425.6 0   -58.4 0   367.2 0    22.9 0    73.9 0     3.3 0   243.2 0   969.8 0
 2026 208  7 27 14 12 14.200  45.17   513.9 0   125.2 0   168.0 0   390.9 0   385.8 0   297.493 0   297.816 0   446.9 0   296.849 0   297.096 0    52.9 0 -9999.9 1   384.1 0   -61.2 0   322.9 0    22.8 0    73.9 0     3.8 0   228.9 0   969.8 0
 2026 208  7 27 14 13 14.217  44.99   439.6 0    97.7 0    87.7 0   367.9 0   376.1 0   297.518 0   297.761 0   445.6 0   296.870 0   297.093 0    53.7 0   163.1 0   332.2 0   -69.5 0   262.7 0    22.8 0    75.3 0     2.8 0   224.1 0   969.7 0
 2026 208  7 27 14 14 14.233  44.80   456.2 0   105.3 0   131.6 0   359.0 0   369.9 0   297.533 0   297.768 0   445.3 0   296.887 0   297.086 0    57.5 0   176.9 0   347.1 0   -75.4 0   271.6 0    22.9 0    75.3 0     3.2 0   226.0 0   969.8 0
 2026 208  7 27 14 15 14.250  44.62   588.9 0   139.9 0   309.6 0   359.0 0   369.5 0   297.555 0   297.759 0   447.0 0   296.903 0   297.143 0    61.7 0 -9999.9 1   439.4 0   -77.5 0   361.9 0    22.8 0    74.1 0     3.7 0   227.2 0   969.8 0
 2026 208  7 27 14 16 14.267  44.44   623.6 0   151.6 0   332.7 0   379.5 0   373.8 0   297.586 0   297.841 0   449.3 0   296.931 0   297.211 0    62.3 0 -9999.9 1   465.4 0   -75.6 0   389.9 0    22.8 0    74.3 0     3.1 0   234.8 0   969.8 0
 2026 208  7 27 14 17 14.283  44.25   623.4 0   151.4 0   301.2 0   398.2 0   378.5 0   297.632 0   297.999 0   452.8 0   296.980 0   297.304 0    61.3 0 -9999.9 1   462.6 0   -74.3 0   388.3 0    22.9 0    74.6 0     2.6 0   229.1 0   969.7 0
 2026 208  7 27 14 18 14.300  44.07   511.4 0   122.8 0   144.0 0   403.0 0   379.8 0   297.685 0   298.010 0   450.2 0   297.033 0   297.306 0    57.9 0   187.2 0   383.7 0   -70.4 0   313.4 0    22.9 0    73.6 0     3.3 0   222.4 0   969.7 0
 2026 208  7 27 14 19 14.317  43.89   619.1 0   159.4 0   277.9 0   421.6 0   384.3 0   297.720 0   298.070 0   451.3 0   297.068 0   297.353 0    60.3 0 -9999.9 1   462.4 0   -66.9 0   395.5 0    23.0 0    74.7 0     3.6 0   216.9 0   969.7 0
 2026 208  7 27 14 20 14.333  43.71   664.6 0   161.6 0   288.3 0   440.4 0   392.3 0   297.773 0   298.253 0   454.6 0   297.123 0   297.470 0    60.3 0 -9999.9 1   487.2 0   -62.2 0   424.9 0    23.1 0    75.6 0     2.8 0   229.7 0   969.7 0
 2026 208  7 27 14 21 14.350  43.52   651.9 0   163.5 0   289.4 0   432.4 0   396.5 0   297.855 0   298.357 0   453.6 0   297.189 0   297.519 0    56.5 0 -9999.9 1   478.7 0   -57.1 0   421.6 0    23.2 0    73.2 0     3.6 0   233.0 0   969.7 0
 2026 208  7 27 14 22 14.367  43.34   429.9 0   100.3 0     7.1 0   416.7 0   398.9 0   297.920 0   298.335 0   450.1 0   297.238 0   297.479 0    50.5 0   159.6 0   321.6 0   -51.1 0   270.5 0    23.2 0    74.3 0     3.1 0   225.1 0   969.7 0
 2026 208  7 27 14 23 14.383  43.16   557.6 0   142.2 0   198.9 0   406.8 0   400.2 0   297.954 0   298.316 0   450.5 0   297.267 0   297.516 0    50.9 0 -9999.9 1   409.7 0   -50.3 0   359.3 0    23.2 0    73.6 0     3.3 0   214.0 0   969.7 0
 2026 208  7 27 14 24 14.400  42.98   379.0 0    92.0 0    24.7 0   359.4 0   397.9 0   297.982 0   298.227 0   447.4 0   297.294 0   297.494 0    46.0 0   137.1 0   285.4 0   -49.5 0   235.9 0    23.1 0    73.8 0     3.4 0   217.8 0   969.7 0
 2026 208  7 27 14 25 14.417  42.80   337.5 0    77.9 0     2.1 0   332.7 0   391.8 0   297.976 0   298.105 0   444.3 0   297.293 0   297.438 0    47.1 0   130.9 0   256.3 0   -52.4 0   203.9 0    23.0 0    74.6 0     2.8 0   219.1 0   969.7 0
 2026 208  7 27 14 26 14.433  42.62   411.7 0    98.9 0    60.2 0   361.9 0   386.2 0   297.960 0   298.137 0   444.4 0   297.287 0   297.428 0    53.9 0   157.3 0   307.3 0   -58.2 0   249.1 0    23.0 0    75.0 0     3.5 0   215.8 0   969.7 0
 2026 208  7 27 14 27 14.450  42.44   601.2 0   148.4 0   276.0 0   387.8 0   381.9 0   297.964 0   298.197 0   448.0 0   297.285 0   297.494 0    62.0 0 -9999.9 1   443.1 0   -66.1 0   377.0 0    23.0 0    74.6 0     3.7 0   222.0 0   969.7 0
 2026 208  7 27 14 28 14.467  42.26   652.4 0   161.1 0   351.9 0   384.2 0   378.3 0   297.994 0   298.308 0   452.4 0   297.311 0   297.600 0    66.1 0 -9999.9 1   483.5 0   -74.1 0   409.4 0    23.0 0    75.6 0     3.5 0   225.7 0   969.7 0
 2026 208  7 27 14 29 14.483  42.08   659.8 0   160.8 0   361.2 0   384.2 0   376.2 0   298.038 0   298.310 0   452.4 0   297.351 0   297.644 0    69.0 0 -9999.9 1   491.4 0   -76.2 0   415.2 0    23.1 0    74.6 0     4.0 0   230.0 0   969.7 0
 2026 208  7 27 14 30 14.500  41.90   661.1 0   159.6 0   348.4 0   392.7 0   377.4 0   298.073 0   298.334 0   453.6 0   297.381 0   297.676 0    70.1 0 -9999.9 1   492.4 0   -76.2 0   416.2 0    23.1 0    74.4 0     3.5 0   226.9 0   969.7 0
 2026 208  7 27 14 31 14.517  41.72   595.2 0   142.9 0   248.4 0   404.2 0   380.7 0   298.113 0   298.467 0   455.1 0   297.425 0   297.742 0    68.6 0   213.2 0   446.7 0   -74.3 0   372.4 0    23.2 0    75.4 0     2.9 0   229.8 0   969.6 0
 2026 208  7 27 14 32 14.533  41.54   703.6 0   172.2 0   387.7 0   408.2 0   384.7 0   298.160 0   298.526 0   457.2 0   297.474 0   297.795 0    70.7 0 -9999.9 1   526.2 0   -72.5 0   453.7 0    23.3 0    74.6 0     3.0 0   231.8 0   969.6 0
 2026 208  7 27 14 33 14.550  41.36   708.6 0   175.7 0   383.8 0   412.7 0   389.1 0   298.217 0   298.609 0   457.5 0   297.526 0   297.862 0    68.0 0 -9999.9 1   525.0 0   -68.4 0   456.6 0    23.3 0    73.8 0     2.7 0   217.8 0   969.6 0
 2026 208  7 27 14 34 14.567  41.18   621.5 0   147.9 0   284.2 0   395.6 0   390.6 0   298.279 0   298.649 0   457.5 0   297.590 0   297.931 0    62.6 0 -9999.9 1   461.6 0   -66.9 0   394.7 0    23.4 0    73.9 0     3.2 0   218.6 0   969.6 0
 2026 208  7 27 14 35 14.583  41.00   389.0 0    86.0 0     7.9 0   376.5 0   389.6 0   298.314 0   298.617 0   452.2 0   297.631 0   297.849 0    56.0 0   155.9 0   296.5 0   -62.6 0   234.0 0    23.5 0    74.8 0     2.7 0   224.2 0   969.6 0
 2026 208  7 27 14 36 14.600  40.82   461.4 0   108.2 0    69.7 0   402.0 0   389.4 0   298.317 0   298.481 0   448.7 0   297.634 0   297.781 0    59.3 0   177.1 0   346.4 0   -59.3 0   287.1 0    23.4 0    73.7 0     3.3 0   218.1 0   969.6 0
 2026 208  7 27 14 37 14.617  40.64   586.3 0   142.8 0   192.3 0   429.3 0   393.9 0   298.318 0   298.659 0   455.4 0   297.649 0   297.922 0    61.6 0 -9999.9 1   432.3 0   -61.4 0   370.9 0    23.3 0    73.6 0     1.8 0   223.5 0   969.6 0
 2026 208  7 27 14 38 14.633  40.47   544.2 0   133.0 0   167.3 0   410.0 0   397.2 0   298.344 0   298.686 0   455.2 0   297.695 0   297.955 0    56.5 0 -9999.9 1   404.3 0   -58.0 0   346.3 0    23.4 0    74.3 0     3.1 0   220.4 0   969.6 0
 2026 208  7 27 14 39 14.650  40.29   366.1 0    84.3 0    18.0 0   351.5 0   395.8 0   298.361 0   298.583 0   450.0 0   297.722 0   297.911 0    48.6 0   138.9 0   281.0 0   -54.2 0   226.8 0    23.4 0    74.5 0     3.1 0   230.3 0   969.6 0
 2026 208  7 27 14 40 14.667  40.11   313.0 0    69.8 0     1.1 0   311.0 0   390.8 0   298.347 0   298.405 0   446.3 0   297.716 0   297.826 0    47.9 0   126.7 0   242.1 0   -55.5 0   186.6 0    23.3 0    73.7 0     2.6 0   240.3 0   969.6 0
 2026 208  7 27 14 41 14.683  39.93   312.3 0    66.7 0     1.1 0   308.0 0   385.2 0   298.308 0   298.337 0   446.2 0   297.706 0   297.823 0    51.3 0   131.2 0   242.1 0   -61.0 0   181.1 0    23.3 0    74.1 0     1.6 0   260.5 0   969.5 0
 2026 208  7 27 14 42 14.700  39.76   332.7 0    68.8 0     1.7 0   325.1 0   377.5 0   298.267 0   298.372 0   448.1 0   297.711 0   297.841 0    56.6 0   143.1 0   257.6 0   -70.6 0   187.0 0    23.3 0    75.1 0     1.0 0   228.0 0   969.5 0
 2026 208  7 27 14 43 14.717  39.58   463.7 0   107.5 0   144.7 0   351.0 0   371.4 0   298.240 0   298.418 0   449.7 0   297.721 0   297.884 0    65.4 0   182.3 0   355.0 0   -78.4 0   276.6 0    23.4 0    74.7 0     1.9 0   215.5 0   969.5 0
 2026 208  7 27 14 44 14.733  39.41   655.8 0   154.8 0   371.5 0   361.2 0   368.1 0   298.243 0   298.471 0   455.7 0   297.748 0   298.016 0    75.2 0 -9999.9 1   493.4 0   -87.6 0   405.9 0    23.5 0    73.3 0     2.5 0   201.9 0   969.5 0
 2026 208  7 27 14 45 14.750  39.23   674.6 0   158.2 0   391.9 0   362.5 0   368.4 0   298.281 0   298.623 0   459.8 0   297.795 0   298.125 0    78.2 0 -9999.9 1   507.9 0   -91.4 0   416.4 0    23.5 0    74.2 0     2.3 0   217.0 0   969.5 0
 2026 208  7 27 14 46 14.767  39.05   685.3 0   160.5 0   393.9 0   371.3 0   370.3 0   298.338 0   298.690 0   460.3 0   297.856 0   298.192 0    79.5 0 -9999.9 1   516.7 0   -89.9 0   426.8 0    23.7 0    74.7 0     2.4 0   231.5 0   969.5 0
 2026 208  7 27 14 47 14.783  38.88   709.4 0   166.4 0   400.3 0   387.8 0   373.9 0   298.398 0   298.761 0   462.1 0   297.920 0   298.276 0    80.8 0 -9999.9 1   533.0 0   -88.3 0   444.7 0    23.8 0    73.2 0     1.7 0   212.6 0   969.5 0
 2026 208  7 27 14 48 14.800  38.70   738.5 0   175.0 0   402.0 0   412.3 0   379.6 0   298.465 0   298.941 0   465.5 0   297.999 0   298.373 0    80.5 0 -9999.9 1   551.0 0   -85.9 0   465.1 0    24.0 0    72.7 0     1.8 0   204.6 0   969.5 0
 2026 208  7 27 14 49 14.817  38.53   689.3 0   158.2 0   292.3 0   439.4 0   386.2 0   298.548 0   299.130 0   464.8 0   298.082 0   298.449 0    75.8 0 -9999.9 1   509.9 0   -78.6 0   431.3 0    24.1 0    72.9 0     2.7 0   204.8 0   969.5 0
 2026 208  7 27 14 50 14.833  38.35   541.9 0   116.8 0   115.0 0   433.1 0   392.3 0   298.630 0   299.112 0   459.8 0   298.154 0   298.428 0    67.6 0   202.5 0   406.5 0   -67.5 0   338.9 0    24.3 0    73.5 0     3.3 0   232.9 0   969.4 0
 2026 208  7 27 14 51 14.850  38.18   599.3 0   137.3 0   216.9 0   411.0 0   396.4 0   298.685 0   299.048 0   456.6 0   298.185 0   298.420 0    64.4 0 -9999.9 1   444.2 0   -60.1 0   384.1 0    24.0 0    71.9 0     3.6 0   234.3 0   969.4 0
 2026 208  7 27 14 52 14.867  38.01   440.4 0    98.8 0    58.9 0   383.6 0   396.3 0   298.714 0   298.946 0   453.8 0   298.203 0   298.382 0    57.1 0   165.6 0   331.2 0   -57.5 0   273.7 0    23.8 0    72.4 0     2.4 0   230.0 0   969.4 0
 2026 208  7 27 14 53 14.883  37.83   387.9 0    88.5 0    15.9 0   372.2 0   393.6 0   298.708 0   298.936 0   454.0 0   298.217 0   298.397 0    56.0 0   154.3 0   296.2 0   -60.4 0   235.8 0    23.7 0    73.1 0     1.6 0   215.5 0   969.5 0
 2026 208  7 27 14 54 14.900  37.66   406.8 0    89.6 0     2.5 0   393.6 0   391.4 0   298.697 0   298.965 0   453.4 0   298.236 0   298.402 0    60.2 0   165.8 0   306.0 0   -62.0 0   244.0 0    23.8 0    72.8 0     1.4 0   210.1 0   969.4 0
 2026 208  7 27 14 55 14.917  37.49   611.6 0   149.9 0   211.8 0   435.6 0   392.2 0   298.697 0   299.064 0   457.6 0   298.264 0   298.517 0    69.4 0   218.1 0   453.8 0   -65.4 0   388.4 0    23.8 0    72.3 0     1.2 0   180.7 0   969.4 0
 2026 208  7 27 14 56 14.933  37.32   643.9 0   157.9 0   232.7 0   442.2 0   395.6 0   298.720 0   299.202 0   464.4 0   298.334 0   298.670 0    69.6 0 -9999.9 1   469.3 0   -68.8 0   400.5 0    24.1 0    72.2 0     1.0 0   193.6 0   969.4 0
 2026 208  7 27 14 57 14.950  37.14   516.8 0   116.5 0    76.0 0   443.1 0   398.8 0   298.770 0   299.328 0   462.1 0   298.413 0   298.704 0    64.1 0   190.2 0   387.2 0   -63.3 0   323.9 0    24.3 0    72.3 0     1.7 0   214.7 0   969.4 0
 2026 208  7 27 14 58 14.967  36.97   544.0 0   132.7 0   137.1 0   436.0 0   401.6 0   298.815 0   299.269 0   461.7 0   298.467 0   298.725 0    61.9 0 -9999.9 1   412.8 0   -60.2 0   352.6 0    24.4 0    72.6 0     1.5 0   232.8 0   969.4 0
 2026 208  7 27 14 59 14.983  36.80   377.7 0    86.2 0     7.9 0   370.5 0   399.9 0   298.840 0   299.085 0   456.2 0   298.512 0   298.696 0    51.6 0   143.8 0   290.7 0   -56.3 0   234.4 0    24.3 0    70.5 0     1.9 0   220.9 0   969.4 0
 2026 208  7 27 15  0 15.000  36.63   327.2 0    73.5 0     0.8 0   324.4 0   396.4 0   298.821 0   299.003 0   454.0 0   298.535 0   298.689 0    49.2 0   129.8 0   251.5 0   -57.6 0   193.9 0    24.3 0    71.2 0     0.2 0   197.0 0   969.4 0
 2026 208  7 27 15  1 15.017  36.46   361.3 0    79.8 0    17.4 0   339.3 0   394.6 0   298.798 0   299.061 0   453.7 0   298.574 0   298.707 0    53.8 0   143.4 0   273.5 0   -59.0 0   214.5 0    24.5 0    70.7 0     0.5 0   159.1 0   969.4 0
 2026 208  7 27 15  2 15.033  36.29   448.0 0   105.2 0    80.1 0   375.3 0   395.1 0   298.797 0   299.082 0   455.0 0   298.604 0   298.734 0    60.9 0   171.4 0   334.7 0   -59.9 0   274.8 0    24.5 0    70.5 0     1.9 0   198.0 0   969.4 0
 2026 208  7 27 15  3 15.050  36.12   735.1 0   184.7 0   398.5 0   400.3 0   398.2 0   298.818 0   299.162 0   461.8 0   298.635 0   298.921 0    70.6 0 -9999.9 1   537.5 0   -63.6 0   473.9 0    24.4 0    70.3 0     1.9 0   210.7 0   969.4 0
 2026 208  7 27 15  4 15.067  35.95   675.6 0   158.1 0   305.7 0   402.9 0   399.6 0   298.866 0   299.332 0   465.2 0   298.704 0   299.043 0    66.1 0 -9999.9 1   492.3 0   -65.5 0   426.8 0    24.4 0    70.7 0     1.0 0   206.2 0   969.4 0
 2026 208  7 27 15  5 15.083  35.78   392.8 0    88.2 0    15.1 0   373.4 0   397.4 0   298.910 0   299.295 0   459.8 0   298.774 0   298.979 0    56.8 0   147.1 0   297.4 0   -62.3 0   235.1 0    24.5 0    71.5 0     1.5 0   231.6 0   969.4 0
 2026 208  7 27 15  6 15.100  35.61   400.9 0    90.8 0    25.7 0   373.8 0   393.5 0   298.918 0   299.201 0   455.9 0   298.804 0   298.942 0    59.2 0   152.3 0   303.9 0   -62.4 0   241.5 0    24.5 0    70.4 0     1.1 0   230.7 0   969.4 0
 2026 208  7 27 15  7 15.117  35.45   477.2 0   110.7 0    99.7 0   385.7 0   390.3 0   298.919 0   299.264 0   457.5 0   298.837 0   299.013 0    64.3 0   173.9 0   356.2 0   -67.2 0   288.9 0    24.6 0    70.7 0     0.9 0   195.1 0   969.4 0
 2026 208  7 27 15  8 15.133  35.28   478.7 0   112.3 0    99.8 0   396.3 0   388.4 0   298.939 0   299.365 0   460.7 0   298.893 0   299.118 0    67.4 0   176.3 0   365.4 0   -72.4 0   293.0 0    24.7 0    70.5 0     0.4 0   217.7 0   969.4 0
 2026 208  7 27 15  9 15.150  35.11   653.5 0   172.1 0   328.1 0   395.3 0   387.8 0   298.982 0   299.416 0   466.9 0   298.968 0   299.268 0    76.2 0 -9999.9 1   491.6 0   -79.1 0   412.5 0    24.9 0    70.3 0     1.1 0   271.6 0   969.4 0
 2026 208  7 27 15 10 15.167  34.95   631.8 0   149.3 0   273.2 0   395.9 0   388.3 0   299.049 0   299.541 0   467.0 0   299.061 0   299.371 0    75.5 0 -9999.9 1   470.5 0   -78.7 0   391.9 0    25.0 0    69.1 0     2.0 0   269.9 0   969.4 0
 2026 208  7 27 15 11 15.183  34.78   555.8 0   126.3 0   200.5 0   383.4 0   387.2 0   299.115 0   299.539 0   464.4 0   299.136 0   299.410 0    71.0 0 -9999.9 1   421.8 0   -77.3 0   344.5 0    25.0 0    69.0 0     0.4 0   269.1 0   969.4 0
 2026 208  7 27 15 12 15.200  34.61   397.5 0    89.2 0    28.2 0   374.0 0   387.3 0   299.143 0   299.445 0   461.1 0   299.194 0   299.372 0    66.0 0   160.3 0   308.0 0   -73.9 0   234.1 0    25.2 0    68.8 0     1.1 0   258.3 0   969.4 0
 2026 208  7 27 15 13 15.217  34.45   430.6 0   103.0 0    55.3 0   389.9 0   386.0 0   299.145 0   299.385 0   459.4 0   299.228 0   299.383 0    68.8 0   170.4 0   332.5 0   -73.3 0   259.2 0    25.1 0    68.9 0     2.2 0   236.0 0   969.4 0
 2026 208  7 27 15 14 15.233  34.28   683.7 0   166.1 0   327.5 0   405.7 0   385.0 0   299.158 0   299.497 0   462.1 0   299.254 0   299.488 0    79.8 0 -9999.9 1   510.2 0   -77.0 0   433.2 0    24.9 0    69.3 0     2.3 0   242.2 0   969.4 0
 2026 208  7 27 15 15 15.250  34.12   653.2 0   149.0 0   248.2 0   426.6 0   384.8 0   299.208 0   299.619 0   463.5 0   299.296 0   299.559 0    81.9 0 -9999.9 1   483.1 0   -78.7 0   404.4 0    24.7 0    70.1 0     2.0 0   218.3 0   969.4 0
 2026 208  7 27 15 16 15.267  33.96   744.5 0   183.2 0   371.5 0   431.0 0   389.3 0   299.253 0   299.697 0   469.0 0   299.347 0   299.673 0    85.7 0 -9999.9 1   556.0 0   -79.8 0   476.2 0    24.8 0    71.0 0     1.5 0   222.8 0   969.4 0
 2026 208  7 27 15 17 15.283  33.79   580.8 0   122.8 0   155.4 0   426.6 0   394.4 0   299.308 0   299.779 0   466.1 0   299.410 0   299.681 0    76.3 0   204.0 0   433.0 0   -71.7 0   361.3 0    24.8 0    69.6 0     1.8 0   215.1 0   969.4 0
 2026 208  7 27 15 18 15.300  33.63   465.6 0   100.3 0    79.5 0   390.0 0   396.9 0   299.347 0   299.749 0   461.1 0   299.440 0   299.616 0    66.0 0   170.1 0   356.0 0   -64.1 0   291.8 0    24.8 0    70.1 0     1.9 0   207.6 0   969.4 0
 2026 208  7 27 15 19 15.317  33.47   349.3 0    76.6 0     1.0 0   344.6 0   396.6 0   299.359 0   299.648 0   457.3 0   299.447 0   299.563 0    59.1 0   138.5 0   268.7 0   -60.7 0   208.0 0    24.7 0    69.9 0     1.2 0   229.5 0   969.3 0
 2026 208  7 27 15 20 15.333  33.31   363.6 0    80.6 0    17.0 0   346.9 0   394.6 0   299.354 0   299.638 0   457.5 0   299.458 0   299.571 0    62.5 0   145.9 0   280.5 0   -62.9 0   217.6 0    24.8 0    70.1 0     0.5 0   274.3 0   969.4 0
 2026 208  7 27 15 21 15.350  33.15   428.3 0    95.7 0    61.2 0   368.0 0   391.6 0   299.362 0   299.726 0   459.7 0   299.482 0   299.604 0    68.4 0   164.8 0   323.6 0   -68.0 0   255.6 0    25.0 0    69.3 0     0.5 0   302.9 0   969.3 0
 2026 208  7 27 15 22 15.367  32.98   414.6 0    92.8 0    46.5 0   370.3 0   388.1 0   299.393 0   299.771 0   459.9 0   299.512 0   299.648 0    69.5 0   162.9 0   316.6 0   -71.8 0   244.7 0    25.1 0    68.1 0     1.4 0   312.1 0   969.4 0
 2026 208  7 27 15 23 15.383  32.82   447.1 0    96.0 0    66.7 0   382.0 0   385.8 0   299.421 0   299.757 0   459.6 0   299.535 0   299.685 0    73.3 0   172.8 0   342.0 0   -73.9 0   268.1 0    25.0 0    68.7 0     1.4 0   313.0 0   969.4 0
 2026 208  7 27 15 24 15.400  32.67   405.3 0    84.2 0    34.7 0   375.2 0   384.5 0   299.437 0   299.752 0   459.1 0   299.549 0   299.685 0    73.0 0   165.2 0   320.3 0   -74.5 0   245.7 0    25.0 0    68.9 0     1.0 0   321.6 0   969.4 0
 2026 208  7 27 15 25 15.417  32.51   626.3 0   152.8 0   307.3 0   372.0 0   384.4 0   299.442 0   299.769 0   465.4 0   299.571 0   299.789 0    85.0 0 -9999.9 1   478.4 0   -81.1 0   397.4 0    25.1 0    68.9 0     0.2 0   338.7 0   969.4 0
 2026 208  7 27 15 26 15.433  32.35   758.0 0   178.0 0   430.1 0   385.3 0   386.2 0   299.480 0   299.904 0   472.8 0   299.641 0   299.968 0    94.7 0 -9999.9 1   570.6 0   -86.6 0   484.1 0    25.4 0    66.9 0     1.1 0   305.5 0   969.4 0
 2026 208  7 27 15 27 15.450  32.19   783.7 0   183.7 0   440.1 0   401.0 0   388.2 0   299.550 0   300.044 0   473.4 0   299.725 0   300.062 0    98.0 0 -9999.9 1   589.7 0   -85.2 0   504.5 0    25.6 0    65.3 0     1.8 0   324.1 0   969.4 0
 2026 208  7 27 15 28 15.467  32.03   771.7 0   178.9 0   410.7 0   410.5 0   389.1 0   299.626 0   300.121 0   474.5 0   299.808 0   300.147 0    96.2 0 -9999.9 1   579.8 0   -85.5 0   494.3 0    25.6 0    65.6 0     1.6 0   294.3 0   969.4 0
 2026 208  7 27 15 29 15.483  31.88   691.3 0   158.0 0   325.1 0   405.2 0   387.5 0   299.694 0   300.126 0   471.8 0   299.880 0   300.197 0    92.4 0 -9999.9 1   523.3 0   -84.3 0   439.1 0    25.7 0    62.6 0     1.3 0   261.0 0   969.4 0
 2026 208  7 27 15 30 15.500  31.72   763.1 0   175.3 0   430.0 0   383.8 0   385.7 0   299.752 0   300.217 0   473.9 0   299.951 0   300.279 0    94.8 0 -9999.9 1   574.3 0   -88.2 0   486.1 0    25.8 0    63.5 0     1.9 0   279.9 0   969.3 0
 2026 208  7 27 15 31 15.517  31.57   706.5 0   158.0 0   366.7 0   381.3 0   381.7 0   299.820 0   300.238 0   471.5 0   300.019 0   300.315 0    95.1 0 -9999.9 1   535.8 0   -89.8 0   446.0 0    25.8 0    63.5 0     1.6 0   284.7 0   969.3 0
 2026 208  7 27 15 32 15.533  31.41   759.9 0   175.5 0   440.9 0   376.6 0   378.4 0   299.886 0   300.234 0   471.2 0   300.079 0   300.388 0   100.8 0 -9999.9 1   577.3 0   -92.7 0   484.6 0    25.8 0    62.6 0     3.2 0   271.5 0   969.3 0
 2026 208  7 27 15 33 15.550  31.26   739.3 0   164.3 0   400.4 0   385.4 0   375.9 0   299.949 0   300.227 0   468.5 0   300.123 0   300.411 0   102.9 0 -9999.9 1   563.3 0   -92.6 0   470.7 0    25.6 0    63.0 0     3.9 0   275.3 0   969.3 0
 2026 208  7 27 15 34 15.567  31.11   713.8 0   160.4 0   372.0 0   391.0 0   374.9 0   299.990 0   300.236 0   466.6 0   300.141 0   300.428 0   103.1 0   257.6 0   549.1 0   -91.7 0   457.4 0    25.4 0    62.3 0     3.1 0   275.5 0   969.3 0
 2026 208  7 27 15 35 15.583  30.95   778.0 0   177.1 0   450.1 0   385.2 0   374.8 0   300.029 0   300.280 0   468.7 0   300.156 0   300.462 0   107.8 0 -9999.9 1   594.0 0   -93.9 0   500.1 0    25.3 0    63.9 0     3.6 0   280.9 0   969.3 0
 2026 208  7 27 15 36 15.600  30.80   785.8 0   178.0 0   456.6 0   385.6 0   374.4 0   300.076 0   300.365 0   470.0 0   300.164 0   300.450 0   110.1 0   280.5 0   599.8 0   -95.6 0   504.2 0    25.3 0    64.3 0     3.0 0   276.6 0   969.3 0
 2026 208  7 27 15 37 15.617  30.65   798.3 0   180.3 0   462.8 0   391.5 0   375.1 0   300.128 0   300.406 0   470.2 0   300.175 0   300.493 0   111.9 0   285.6 0   609.3 0   -95.1 0   514.3 0    25.2 0    63.2 0     3.6 0   283.5 0   969.3 0
 2026 208  7 27 15 38 15.633  30.50   785.4 0   174.0 0   424.5 0   403.4 0   376.1 0   300.179 0   300.475 0   472.2 0   300.189 0   300.523 0   110.8 0   279.9 0   595.2 0   -96.1 0   499.0 0    25.3 0    65.8 0     2.7 0   266.2 0   969.2 0
 2026 208  7 27 15 39 15.650  30.35   769.3 0   174.2 0   413.3 0   408.3 0   376.8 0   300.221 0   300.506 0   472.8 0   300.206 0   300.479 0   109.9 0   280.0 0   590.8 0   -96.0 0   494.7 0    25.4 0    65.1 0     3.1 0   278.5 0   969.2 0
 2026 208  7 27 15 40 15.667  30.20   806.4 0   182.2 0   457.9 0   401.8 0   375.8 0   300.259 0   300.496 0   470.0 0   300.220 0   300.522 0   110.3 0 -9999.9 1   615.3 0   -94.3 0   521.1 0    25.4 0    62.5 0     3.6 0   272.2 0   969.2 0
 2026 208  7 27 15 41 15.683  30.05   754.0 0   165.7 0   394.6 0   401.2 0   375.2 0   300.289 0   300.588 0   472.1 0   300.225 0   300.540 0   109.5 0   274.8 0   577.1 0   -96.9 0   480.1 0    25.2 0    64.2 0     1.9 0   241.4 0   969.2 0
 2026 208  7 27 15 42 15.700  29.91   810.0 0   182.1 0   466.0 0   395.3 0   374.2 0   300.330 0   300.678 0   476.1 0   300.253 0   300.595 0   113.5 0   289.0 0   617.2 0  -101.9 0   515.3 0    25.3 0    64.7 0     2.0 0   250.7 0   969.2 0
 2026 208  7 27 15 43 15.717  29.76   799.1 0   180.3 0   452.6 0   399.2 0   375.0 0   300.379 0   300.800 0   477.6 0   300.308 0   300.673 0   113.3 0   285.9 0   611.8 0  -102.5 0   509.2 0    25.5 0    63.9 0     1.5 0   287.4 0   969.2 0
 2026 208  7 27 15 44 15.733  29.61   685.4 0   146.8 0   308.8 0   402.4 0   374.7 0   300.446 0   300.842 0   475.6 0   300.367 0   300.694 0   109.6 0   259.2 0   524.0 0  -100.8 0   423.2 0    25.6 0    64.3 0     2.5 0   256.3 0   969.2 0
 2026 208  7 27 15 45 15.750  29.47   768.4 0   175.3 0   418.0 0   404.7 0   376.1 0   300.492 0   300.825 0   475.4 0   300.405 0   300.699 0   113.5 0   284.2 0   593.3 0   -99.3 0   494.0 0    25.7 0    65.1 0     2.7 0   275.0 0   969.2 0
 2026 208  7 27 15 46 15.767  29.32   819.2 0   183.2 0   466.7 0   403.6 0   376.0 0   300.546 0   300.889 0   473.1 0   300.446 0   300.753 0   116.4 0   295.3 0   627.3 0   -97.1 0   530.1 0    25.7 0    61.9 0     3.0 0   281.7 0   969.2 0
 2026 208  7 27 15 47 15.783  29.18   821.5 0   184.3 0   466.0 0   404.8 0   376.3 0   300.612 0   300.964 0   474.6 0   300.474 0   300.770 0   116.0 0   294.5 0   627.4 0   -98.3 0   529.1 0    25.8 0    62.8 0     3.1 0   260.8 0   969.2 0
 2026 208  7 27 15 48 15.800  29.04   817.0 0   184.4 0   458.8 0   406.4 0   375.9 0   300.664 0   300.900 0   473.6 0   300.495 0   300.779 0   114.4 0   290.8 0   623.2 0   -97.7 0   525.5 0    25.8 0    63.5 0     2.9 0   287.1 0   969.2 0
 2026 208  7 27 15 49 15.817  28.90   827.9 0   186.4 0   466.7 0   409.5 0   376.2 0   300.701 0   301.030 0   478.2 0   300.530 0   300.872 0   115.8 0   295.3 0   631.7 0  -102.0 0   529.7 0    25.7 0    63.1 0     2.1 0   266.9 0   969.2 0
 2026 208  7 27 15 50 15.833  28.76   830.2 0   186.5 0   464.3 0   412.5 0   377.1 0   300.744 0   301.033 0   476.4 0   300.572 0   300.918 0   117.1 0   297.2 0   633.0 0   -99.3 0   533.7 0    25.7 0    61.1 0     3.0 0   264.0 0   969.2 0
 2026 208  7 27 15 51 15.850  28.62   828.7 0   186.5 0   454.7 0   419.0 0   379.0 0   300.775 0   301.005 0   476.0 0   300.606 0   300.947 0   116.0 0   295.8 0   631.7 0   -97.0 0   534.7 0    25.6 0    61.8 0     3.0 0   277.9 0   969.2 0
 2026 208  7 27 15 52 15.867  28.48   781.7 0   174.1 0   376.6 0   428.6 0   380.2 0   300.800 0   301.076 0   475.1 0   300.633 0   300.958 0   111.6 0   281.8 0   585.5 0   -94.9 0   490.6 0    25.6 0    61.7 0     2.2 0   262.8 0   969.2 0
 2026 208  7 27 15 53 15.883  28.34   706.1 0   154.8 0   284.5 0   440.7 0   382.8 0   300.825 0   301.254 0   476.4 0   300.661 0   300.931 0   104.9 0   260.9 0   536.3 0   -93.6 0   442.7 0    25.8 0    62.4 0     0.9 0   248.1 0   969.2 0
 2026 208  7 27 15 54 15.900  28.20   612.1 0   135.2 0   193.8 0   434.3 0   384.2 0   300.853 0   301.225 0   474.7 0   300.691 0   300.921 0    96.0 0   231.6 0   469.9 0   -90.5 0   379.5 0    26.0 0    63.4 0     1.3 0   246.9 0   969.1 0
 2026 208  7 27 15 55 15.917  28.07   488.3 0    98.2 0    84.3 0   402.5 0   385.1 0   300.864 0   301.140 0   471.0 0   300.724 0   300.909 0    85.3 0   192.1 0   378.8 0   -86.0 0   292.8 0    26.1 0    61.3 0     2.2 0   295.1 0   969.1 0
 2026 208  7 27 15 56 15.933  27.93   386.1 0    76.4 0     2.7 0   379.8 0   384.1 0   300.853 0   301.013 0   463.2 0   300.720 0   300.779 0    77.9 0   167.9 0   305.8 0   -79.2 0   226.6 0    25.9 0    61.8 0     2.9 0   322.8 0   969.1 0
 2026 208  7 27 15 57 15.950  27.80   377.3 0    74.7 0     3.3 0   371.0 0   382.0 0   300.818 0   300.876 0   459.4 0   300.670 0   300.671 0    78.4 0   167.5 0   299.1 0   -77.3 0   221.8 0    25.6 0    63.0 0     2.9 0   329.1 0   969.1 0
 2026 208  7 27 15 58 15.967  27.66   428.7 0    85.6 0    32.0 0   388.9 0   380.2 0   300.770 0   300.786 0   459.7 0   300.598 0   300.639 0    84.7 0   186.9 0   331.6 0   -79.4 0   252.2 0    25.4 0    63.4 0     2.7 0   310.9 0   969.1 0
 2026 208  7 27 15 59 15.983  27.53   687.4 0   161.3 0   297.3 0   420.8 0   379.4 0   300.720 0   300.788 0   466.9 0   300.555 0   300.765 0    98.8 0   252.9 0   523.1 0   -87.5 0   435.6 0    25.3 0    63.1 0     2.5 0   307.0 0   969.1 0
 2026 208  7 27 16  0 16.000  27.40   458.5 0    86.1 0    22.2 0   423.8 0   378.1 0   300.689 0   300.863 0   465.6 0   300.542 0   300.717 0    91.0 0   196.7 0   357.4 0   -87.5 0   269.9 0    25.3 0    63.5 0     2.0 0   290.2 0   969.1 0
 2026 208  7 27 16  1 16.017  27.27   705.2 0   169.1 0   331.1 0   419.8 0   377.6 0   300.652 0   300.809 0   466.9 0   300.513 0   300.713 0   104.5 0   263.1 0   545.0 0   -89.3 0   455.6 0    25.4 0    63.4 0     3.7 0   286.1 0   969.1 0
 2026 208  7 27 16  2 16.033  27.14   805.9 0   180.1 0   412.3 0   423.1 0   376.2 0   300.652 0   300.916 0   470.5 0   300.497 0   300.770 0   112.1 0   285.9 0   609.9 0   -94.3 0   515.6 0    25.4 0    64.2 0     3.5 0   270.8 0   969.1 0
 2026 208  7 27 16  3 16.050  27.01   746.3 0   167.4 0   349.7 0   425.4 0   373.8 0   300.672 0   300.902 0   469.2 0   300.484 0   300.770 0   112.7 0   278.9 0   569.6 0   -95.4 0   474.2 0    25.5 0    62.8 0     3.8 0   272.3 0   969.1 0
 2026 208  7 27 16  4 16.067  26.88   821.1 0   184.8 0   435.9 0   422.3 0   373.5 0   300.692 0   301.009 0   473.6 0   300.480 0   300.821 0   117.2 0   296.6 0   626.4 0  -100.2 0   526.2 0    25.5 0    63.8 0     2.8 0   271.6 0   969.1 0
 2026 208  7 27 16  5 16.083  26.76   826.2 0   184.8 0   437.3 0   424.6 0   372.7 0   300.737 0   301.116 0   476.6 0   300.500 0   300.860 0   118.0 0   299.3 0   630.3 0  -103.9 0   526.4 0    25.7 0    62.1 0     2.5 0   284.3 0   969.0 0
 2026 208  7 27 16  6 16.100  26.63   824.9 0   184.5 0   432.9 0   427.4 0   373.0 0   300.779 0   301.120 0   478.4 0   300.536 0   300.901 0   117.5 0   298.6 0   629.9 0  -105.4 0   524.5 0    25.8 0    61.8 0     2.3 0   261.6 0   969.0 0
 2026 208  7 27 16  7 16.117  26.51   823.6 0   184.5 0   428.0 0   429.9 0   373.2 0   300.821 0   301.172 0   476.4 0   300.572 0   300.926 0   117.0 0   297.4 0   628.4 0  -103.2 0   525.3 0    25.8 0    61.2 0     2.9 0   262.3 0   969.0 0
 2026 208  7 27 16  8 16.133  26.39   825.4 0   185.2 0   426.2 0   433.1 0   375.5 0   300.861 0   301.242 0   478.0 0   300.613 0   300.992 0   116.6 0   297.6 0   629.8 0  -102.5 0   527.3 0    25.9 0    63.2 0     2.8 0   266.6 0   969.0 0
 2026 208  7 27 16  9 16.150  26.26   824.4 0   185.8 0   420.7 0   437.1 0   375.3 0   300.916 0   301.300 0   475.8 0   300.657 0   301.007 0   115.9 0   296.5 0   628.5 0  -100.5 0   528.0 0    25.9 0    60.9 0     3.9 0   262.1 0   969.0 0
 2026 208  7 27 16 10 16.167  26.14   823.9 0   186.4 0   415.0 0   441.3 0   375.3 0   300.966 0   301.303 0   476.3 0   300.675 0   301.021 0   115.3 0   295.5 0   627.5 0  -101.1 0   526.4 0    25.8 0    62.0 0     3.1 0   268.1 0   969.0 0
 2026 208  7 27 16 11 16.183  26.03   820.6 0   185.1 0   407.4 0   444.3 0   375.9 0   301.010 0   301.399 0   478.2 0   300.702 0   301.055 0   114.8 0   294.8 0   625.3 0  -102.4 0   523.0 0    25.9 0    62.6 0     2.8 0   272.9 0   969.0 0
 2026 208  7 27 16 12 16.200  25.91   823.6 0   185.4 0   404.7 0   448.3 0   376.5 0   301.052 0   301.411 0   480.8 0   300.743 0   301.127 0   114.6 0   295.3 0   626.9 0  -104.3 0   522.6 0    26.0 0    61.6 0     1.6 0   281.2 0   969.0 0
 2026 208  7 27 16 13 16.217  25.79   725.3 0   160.4 0   273.6 0   461.6 0   378.9 0   301.095 0   301.620 0   480.6 0   300.792 0   301.111 0   110.7 0   277.3 0   547.5 0  -101.7 0   445.8 0    26.2 0    61.0 0     1.6 0   292.3 0   969.0 0
 2026 208  7 27 16 14 16.233  25.67   851.9 0   193.5 0   421.2 0   461.1 0   380.2 0   301.152 0   301.594 0   481.7 0   300.847 0   301.203 0   115.9 0   303.4 0   647.2 0  -101.6 0   545.6 0    26.3 0    60.4 0     2.5 0   266.5 0   969.0 0
 2026 208  7 27 16 15 16.250  25.56   854.7 0   194.6 0   422.8 0   462.3 0   381.6 0   301.207 0   301.625 0   480.3 0   300.909 0   301.260 0   116.5 0 -9999.9 1   649.1 0   -98.7 0   550.4 0    26.3 0    58.7 0     2.8 0   312.2 0   969.0 0
 2026 208  7 27 16 16 16.267  25.45   852.6 0   195.0 0   415.0 0   466.4 0   383.1 0   301.253 0   301.679 0   483.2 0   300.964 0   301.325 0   115.6 0 -9999.9 1   646.1 0  -100.1 0   546.0 0    26.3 0    58.5 0     0.6 0   325.0 0   969.0 0
 2026 208  7 27 16 17 16.283  25.34   851.4 0   194.9 0   403.0 0   474.0 0   387.0 0   301.301 0   301.839 0   485.9 0   301.039 0   301.426 0   114.4 0 -9999.9 1   643.3 0   -98.9 0   544.4 0    26.6 0    57.4 0     1.7 0   322.5 0   969.0 0
 2026 208  7 27 16 18 16.300  25.22   861.1 0   198.0 0   404.7 0   481.8 0   390.6 0   301.361 0   301.918 0   487.8 0   301.127 0   301.514 0   114.2 0 -9999.9 1   649.9 0   -97.2 0   552.7 0    26.7 0    59.2 0     1.5 0   304.0 0   969.0 0
 2026 208  7 27 16 19 16.317  25.12   870.4 0   200.3 0   411.3 0   483.9 0   394.1 0   301.438 0   302.089 0   488.1 0   301.218 0   301.606 0   113.9 0 -9999.9 1   656.1 0   -94.0 0   562.1 0    27.0 0    58.7 0     1.0 0   293.8 0   969.0 0
 2026 208  7 27 16 20 16.333  25.01   870.6 0   203.2 0   409.6 0   485.7 0   396.5 0   301.529 0   302.120 0   487.1 0   301.315 0   301.711 0   110.6 0 -9999.9 1   653.7 0   -90.5 0   563.2 0    27.2 0    58.0 0     3.3 0   269.2 0   969.0 0
 2026 208  7 27 16 21 16.350  24.90   676.5 0   147.3 0   189.7 0   485.3 0   397.3 0   301.604 0   302.043 0   476.5 0   301.381 0   301.669 0    97.5 0   246.4 0   510.1 0   -79.2 0   430.9 0    26.9 0    57.6 0     4.3 0   283.3 0   969.0 0
 2026 208  7 27 16 22 16.367  24.80   602.4 0   131.7 0   108.4 0   488.2 0   398.5 0   301.618 0   301.899 0   470.9 0   301.369 0   301.543 0    91.0 0   230.4 0   454.9 0   -72.4 0   382.5 0    26.5 0    59.6 0     3.6 0   289.3 0   969.0 0
 2026 208  7 27 16 23 16.383  24.69   525.8 0   111.2 0    32.1 0   483.4 0   399.0 0   301.611 0   301.856 0   468.2 0   301.329 0   301.477 0    87.1 0   209.9 0   401.3 0   -69.2 0   332.1 0    26.2 0    59.0 0     3.3 0   303.5 0   969.0 0
 2026 208  7 27 16 24 16.400  24.59   641.4 0   153.6 0   166.8 0   486.9 0   400.9 0   301.581 0   301.783 0   470.7 0   301.282 0   301.474 0    91.2 0   237.6 0   485.1 0   -69.9 0   415.2 0    26.0 0    59.2 0     2.3 0   295.5 0   969.0 0
 2026 208  7 27 16 25 16.417  24.49   632.6 0   141.4 0   132.8 0   491.9 0   404.4 0   301.567 0   301.919 0   474.5 0   301.274 0   301.519 0    88.2 0   227.2 0   471.4 0   -70.0 0   401.4 0    26.0 0    60.5 0     3.0 0   279.8 0   969.0 0
 2026 208  7 27 16 26 16.433  24.39   517.7 0   114.5 0    19.4 0   486.1 0   407.1 0   301.558 0   301.842 0   470.5 0   301.252 0   301.424 0    80.8 0   200.5 0   389.3 0   -63.4 0   325.9 0    26.0 0    61.3 0     2.2 0   286.3 0   969.0 0
 2026 208  7 27 16 27 16.450  24.29   508.8 0   117.1 0    40.0 0   465.7 0   408.7 0   301.525 0   301.718 0   468.3 0   301.225 0   301.368 0    76.2 0   192.1 0   385.1 0   -59.6 0   325.4 0    26.1 0    60.0 0     3.2 0   301.4 0   969.0 0
 2026 208  7 27 16 28 16.467  24.19   415.5 0    94.2 0     6.0 0   406.5 0   410.2 0   301.471 0   301.552 0   464.9 0   301.170 0   301.234 0    65.6 0   161.5 0   317.7 0   -54.7 0   263.0 0    26.0 0    60.6 0     2.1 0   322.0 0   969.0 0
 2026 208  7 27 16 29 16.483  24.10   390.3 0    90.8 0     8.6 0   377.6 0   412.9 0   301.403 0   301.483 0   464.4 0   301.112 0   301.197 0    59.8 0   148.1 0   294.7 0   -51.5 0   243.1 0    26.0 0    60.9 0     2.3 0   297.8 0   969.0 0
 2026 208  7 27 16 30 16.500  24.01   339.4 0    80.2 0     2.0 0   335.2 0   414.3 0   301.336 0   301.349 0   461.3 0   301.057 0   301.078 0    52.8 0   128.5 0   256.8 0   -46.9 0   209.9 0    25.9 0    61.1 0     2.8 0   331.2 0   969.0 0
 2026 208  7 27 16 31 16.517  23.91   333.3 0    79.0 0     2.5 0   326.9 0   413.0 0   301.259 0   301.193 0   458.7 0   300.981 0   300.995 0    52.9 0   126.7 0   250.1 0   -45.7 0   204.5 0    25.8 0    61.7 0     3.2 0   294.7 0   969.0 0
 2026 208  7 27 16 32 16.533  23.82   384.2 0    97.1 0    60.8 0   335.2 0   408.6 0   301.172 0   301.106 0   459.5 0   300.900 0   300.943 0    58.1 0   141.5 0   293.8 0   -50.9 0   242.9 0    25.7 0    60.8 0     2.4 0   297.2 0   969.0 0
 2026 208  7 27 16 33 16.550  23.73   411.2 0    94.3 0    73.1 0   338.8 0   402.9 0   301.097 0   301.135 0   462.7 0   300.842 0   300.937 0    62.3 0   150.5 0   311.5 0   -59.8 0   251.7 0    25.7 0    61.9 0     1.9 0   316.7 0   968.9 0
 2026 208  7 27 16 34 16.567  23.65   361.6 0    80.0 0     7.0 0   348.4 0   396.8 0   301.040 0   301.122 0   461.8 0   300.798 0   300.847 0    65.0 0   147.0 0   274.7 0   -65.0 0   209.8 0    25.8 0    61.5 0     2.2 0   331.9 0   968.9 0
 2026 208  7 27 16 35 16.583  23.56   458.4 0   101.8 0    79.1 0   376.0 0   393.0 0   300.985 0   301.046 0   462.2 0   300.747 0   300.785 0    74.0 0   176.4 0   346.8 0   -69.2 0   277.5 0    25.7 0    61.5 0     2.9 0   329.5 0   968.9 0
 2026 208  7 27 16 36 16.600  23.48   447.1 0   100.3 0    56.4 0   389.1 0   390.5 0   300.934 0   301.001 0   460.4 0   300.683 0   300.729 0    76.6 0   178.3 0   340.6 0   -69.9 0   270.7 0    25.7 0    61.6 0     4.1 0   315.0 0   968.9 0
 2026 208  7 27 16 37 16.617  23.40   525.9 0   119.7 0   137.1 0   391.7 0   388.6 0   300.888 0   300.963 0   460.6 0   300.617 0   300.739 0    80.7 0   196.7 0   397.9 0   -72.0 0   325.8 0    25.6 0    59.6 0     4.1 0   315.5 0   968.8 0
 2026 208  7 27 16 38 16.633  23.31   494.3 0   110.2 0   107.2 0   387.6 0   387.6 0   300.847 0   300.936 0   461.4 0   300.564 0   300.707 0    79.4 0   188.9 0   375.8 0   -73.8 0   302.0 0    25.6 0    60.5 0     3.4 0   311.1 0   968.8 0
 2026 208  7 27 16 39 16.650  23.24   488.3 0   108.2 0   103.3 0   385.8 0   386.9 0   300.811 0   300.952 0   462.9 0   300.515 0   300.676 0    80.1 0   189.9 0   372.4 0   -76.0 0   296.4 0    25.6 0    60.6 0     2.2 0   298.2 0   968.8 0
 2026 208  7 27 16 40 16.667  23.16   555.8 0   124.9 0   168.5 0   391.4 0   386.7 0   300.786 0   301.013 0   467.6 0   300.492 0   300.676 0    84.9 0   208.2 0   421.4 0   -80.9 0   340.6 0    25.8 0    61.5 0     1.9 0   284.6 0   968.8 0
 2026 208  7 27 16 41 16.683  23.08   540.0 0   120.4 0   150.1 0   392.7 0   386.0 0   300.778 0   301.033 0   466.3 0   300.485 0   300.669 0    85.0 0   205.1 0   410.5 0   -80.3 0   330.2 0    25.9 0    61.9 0     3.2 0   274.5 0   968.9 0
 2026 208  7 27 16 42 16.700  23.01   648.7 0   149.6 0   258.4 0   401.1 0   384.7 0   300.779 0   301.027 0   469.4 0   300.479 0   300.727 0    92.0 0   233.0 0   489.3 0   -84.7 0   404.6 0    26.0 0    62.8 0     2.0 0   256.8 0   968.9 0
 2026 208  7 27 16 43 16.717  22.94   722.2 0   167.4 0   324.3 0   412.0 0   385.3 0   300.788 0   301.103 0   473.6 0   300.502 0   300.812 0    98.8 0 -9999.9 1   543.3 0   -88.3 0   455.0 0    26.1 0    60.5 0     2.5 0   264.3 0   968.9 0
 2026 208  7 27 16 44 16.733  22.87   765.6 0   177.8 0   360.0 0   422.7 0   386.3 0   300.818 0   301.217 0   477.7 0   300.549 0   300.894 0   103.5 0 -9999.9 1   576.6 0   -91.3 0   485.3 0    26.3 0    59.8 0     2.1 0   280.9 0   968.8 0
 2026 208  7 27 16 45 16.750  22.80   787.9 0   182.8 0   375.4 0   431.0 0   387.3 0   300.873 0   301.346 0   476.1 0   300.607 0   300.962 0   106.5 0 -9999.9 1   594.2 0   -88.8 0   505.4 0    26.4 0    57.5 0     4.3 0   263.5 0   968.8 0
 2026 208  7 27 16 46 16.767  22.73   787.1 0   181.0 0   365.5 0   436.0 0   388.4 0   300.937 0   301.355 0   474.4 0   300.647 0   300.998 0   106.8 0 -9999.9 1   592.2 0   -86.0 0   506.1 0    26.3 0    56.8 0     4.1 0   263.1 0   968.8 0
 2026 208  7 27 16 47 16.783  22.67   709.0 0   163.6 0   281.4 0   438.2 0   389.9 0   300.986 0   301.352 0   470.6 0   300.667 0   300.948 0   102.6 0   257.1 0   534.3 0   -80.7 0   453.6 0    26.3 0    58.8 0     5.2 0   279.2 0   968.8 0
 2026 208  7 27 16 48 16.800  22.60   655.1 0   139.8 0   208.3 0   442.9 0   389.5 0   301.026 0   301.450 0   473.6 0   300.683 0   300.964 0    99.1 0   243.8 0   495.4 0   -84.1 0   411.2 0    26.3 0    59.8 0     3.2 0   290.2 0   968.8 0
 2026 208  7 27 16 49 16.817  22.54   456.3 0    90.1 0     9.8 0   437.2 0   386.3 0   301.058 0   301.336 0   464.2 0   300.690 0   300.869 0    89.7 0   199.0 0   356.1 0   -77.9 0   278.2 0    26.3 0    55.1 0     4.2 0   281.3 0   968.8 0
 2026 208  7 27 16 50 16.833  22.48   699.0 0   161.6 0   272.2 0   444.6 0   385.5 0   301.052 0   301.292 0   468.3 0   300.665 0   300.895 0   104.0 0   262.4 0   534.5 0   -82.8 0   451.7 0    26.1 0    56.5 0     3.2 0   289.9 0   968.7 0
 2026 208  7 27 16 51 16.850  22.43   853.2 0   197.4 0   421.6 0   451.2 0   384.8 0   301.077 0   301.498 0   478.3 0   300.685 0   301.043 0   115.5 0 -9999.9 1   643.6 0   -93.5 0   550.1 0    26.2 0    58.3 0     2.7 0   278.2 0   968.7 0
 2026 208  7 27 16 52 16.867  22.37   848.1 0   194.7 0   418.5 0   449.7 0   383.7 0   301.146 0   301.639 0   479.8 0   300.736 0   301.096 0   117.9 0 -9999.9 1   642.1 0   -96.0 0   546.0 0    26.4 0    57.3 0     3.2 0   285.0 0   968.7 0
 2026 208  7 27 16 53 16.883  22.32   816.9 0   185.3 0   385.1 0   448.5 0   383.3 0   301.211 0   301.601 0   478.3 0   300.792 0   301.167 0   116.6 0   291.8 0   619.6 0   -95.0 0   524.5 0    26.5 0    55.6 0     3.2 0   270.0 0   968.7 0
 2026 208  7 27 16 54 16.900  22.26   811.6 0   184.3 0   379.0 0   449.1 0   385.4 0   301.257 0   301.666 0   478.6 0   300.842 0   301.206 0   115.5 0   290.2 0   615.5 0   -93.2 0   522.3 0    26.5 0    56.0 0     3.2 0   269.3 0   968.7 0
 2026 208  7 27 16 55 16.917  22.21   802.3 0   182.5 0   367.9 0   450.1 0   387.1 0   301.316 0   301.768 0   479.1 0   300.891 0   301.237 0   114.3 0   287.1 0   608.3 0   -91.9 0   516.3 0    26.6 0    56.2 0     3.3 0   269.9 0   968.7 0
 2026 208  7 27 16 56 16.933  22.17   840.2 0   193.9 0   409.9 0   449.4 0   389.6 0   301.375 0   301.797 0   479.0 0   300.939 0   301.312 0   115.0 0 -9999.9 1   635.0 0   -89.4 0   545.7 0    26.6 0    55.3 0     3.7 0   257.7 0   968.6 0
 2026 208  7 27 16 57 16.950  22.12   854.8 0   199.3 0   430.6 0   444.5 0   392.9 0   301.427 0   301.829 0   479.9 0   300.988 0   301.350 0   112.8 0 -9999.9 1   644.1 0   -87.0 0   557.1 0    26.6 0    55.1 0     3.2 0   283.6 0   968.6 0
 2026 208  7 27 16 58 16.967  22.08   582.4 0   124.0 0   145.4 0   433.5 0   396.7 0   301.472 0   301.798 0   473.9 0   301.035 0   301.331 0    93.0 0   221.7 0   444.4 0   -77.3 0   367.1 0    26.6 0    54.7 0     3.0 0   293.0 0   968.6 0
 2026 208  7 27 16 59 16.983  22.03   489.4 0   101.4 0    89.9 0   392.0 0   400.9 0   301.485 0   301.734 0   469.6 0   301.044 0   301.266 0    78.5 0   187.2 0   373.9 0   -68.7 0   305.2 0    26.5 0    55.0 0     3.1 0   289.8 0   968.6 0
 2026 208  7 27 17  0 17.000  21.99   366.6 0    78.9 0     1.4 0   360.3 0   403.6 0   301.469 0   301.563 0   464.8 0   301.022 0   301.180 0    66.0 0   152.6 0   282.7 0   -61.3 0   221.4 0    26.4 0    55.0 0     2.0 0   271.4 0   968.6 0
 2026 208  7 27 17  1 17.017  21.96   362.3 0    79.1 0     0.7 0   354.3 0   404.7 0   301.430 0   301.566 0   465.6 0   301.006 0   301.166 0    63.6 0   148.8 0   275.9 0   -60.9 0   215.0 0    26.4 0    54.9 0     1.3 0   260.7 0   968.6 0
 2026 208  7 27 17  2 17.033  21.92   382.1 0    84.2 0    13.2 0   358.7 0   405.4 0   301.390 0   301.556 0   466.1 0   301.002 0   301.152 0    64.9 0   153.8 0   286.7 0   -60.7 0   226.1 0    26.4 0    55.1 0     1.4 0   271.7 0   968.6 0
 2026 208  7 27 17  3 17.050  21.89   385.3 0    85.4 0     2.7 0   372.6 0   406.2 0   301.358 0   301.513 0   463.9 0   301.000 0   301.120 0    66.4 0   155.3 0   289.7 0   -57.7 0   232.0 0    26.4 0    55.7 0     3.2 0   291.7 0   968.6 0
 2026 208  7 27 17  4 17.067  21.85   416.9 0    93.6 0     9.6 0   395.4 0   405.7 0   301.325 0   301.440 0   462.9 0   300.976 0   301.094 0    70.4 0   165.9 0   310.7 0   -57.2 0   253.5 0    26.4 0    56.7 0     3.4 0   273.3 0   968.6 0
 2026 208  7 27 17  5 17.083  21.82   577.1 0   138.3 0   156.0 0   422.9 0   403.8 0   301.294 0   301.468 0   466.0 0   300.943 0   301.117 0    81.3 0   208.3 0   429.5 0   -62.2 0   367.2 0    26.3 0    56.9 0     3.0 0   283.7 0   968.6 0
 2026 208  7 27 17  6 17.100  21.80   475.0 0   102.0 0    65.2 0   398.3 0   401.7 0   301.286 0   301.552 0   469.1 0   300.936 0   301.126 0    76.8 0   179.3 0   356.8 0   -67.4 0   289.4 0    26.4 0    57.9 0     2.2 0   297.3 0   968.6 0
 2026 208  7 27 17  7 17.117  21.77   385.7 0    83.2 0     1.0 0   376.4 0   399.8 0   301.283 0   301.586 0   466.9 0   300.919 0   301.043 0    71.6 0   159.2 0   294.2 0   -67.1 0   227.1 0    26.5 0    59.6 0     2.4 0   267.4 0   968.6 0
 2026 208  7 27 17  8 17.133  21.75   374.4 0    79.5 0     0.3 0   366.3 0   396.5 0   301.280 0   301.519 0   464.1 0   300.898 0   300.999 0    72.2 0   158.6 0   287.0 0   -67.6 0   219.4 0    26.6 0    57.3 0     2.8 0   276.4 0   968.7 0
 2026 208  7 27 17  9 17.150  21.73   385.0 0    79.5 0     0.2 0   374.8 0   392.7 0   301.274 0   301.528 0   463.3 0   300.877 0   301.002 0    77.6 0   168.4 0   295.6 0   -70.6 0   225.0 0    26.5 0    56.9 0     2.3 0   268.8 0   968.7 0
 2026 208  7 27 17 10 17.167  21.71   687.1 0   164.9 0   300.0 0   404.1 0   389.8 0   301.273 0   301.549 0   469.3 0   300.861 0   301.050 0   101.5 0   252.9 0   517.9 0   -79.4 0   438.5 0    26.6 0    57.4 0     4.2 0   258.8 0   968.7 0
 2026 208  7 27 17 11 17.183  21.69   831.4 0   191.2 0   410.2 0   432.3 0   389.7 0   301.300 0   301.642 0   474.0 0   300.876 0   301.206 0   113.7 0 -9999.9 1   622.3 0   -84.3 0   538.0 0    26.6 0    56.7 0     3.4 0   269.9 0   968.7 0
 2026 208  7 27 17 12 17.200  21.67   563.0 0   118.4 0   108.0 0   441.9 0   391.9 0   301.336 0   301.727 0   472.7 0   300.905 0   301.157 0    99.7 0   224.3 0   423.9 0   -80.8 0   343.1 0    26.7 0    57.9 0     2.7 0   280.2 0   968.7 0
 2026 208  7 27 17 13 17.217  21.66   807.4 0   193.1 0   402.8 0   432.3 0   394.3 0   301.375 0   301.797 0   476.4 0   300.932 0   301.251 0   110.0 0 -9999.9 1   613.5 0   -82.1 0   531.4 0    26.8 0    56.3 0     3.6 0   269.8 0   968.7 0
 2026 208  7 27 17 14 17.233  21.65   829.7 0   197.4 0   423.2 0   424.9 0   396.7 0   301.440 0   301.901 0   476.2 0   300.978 0   301.333 0   109.1 0 -9999.9 1   620.9 0   -79.4 0   541.5 0    26.9 0    54.6 0     4.9 0   253.3 0   968.7 0
 2026 208  7 27 17 15 17.250  21.64   706.3 0   160.9 0   282.6 0   422.9 0   398.9 0   301.499 0   301.872 0   472.5 0   301.003 0   301.327 0    97.1 0 -9999.9 1   524.7 0   -73.6 0   451.1 0    26.7 0    53.6 0     5.0 0   252.7 0   968.7 0
 2026 208  7 27 17 16 17.267  21.64   465.3 0   101.5 0    52.1 0   408.4 0   400.9 0   301.519 0   301.782 0   467.0 0   300.997 0   301.194 0    80.1 0   183.3 0   355.3 0   -66.0 0   289.3 0    26.6 0    54.7 0     3.5 0   260.9 0   968.7 0
 2026 208  7 27 17 17 17.283  21.63   379.9 0    81.7 0     1.2 0   372.9 0   402.1 0   301.501 0   301.661 0   463.6 0   300.974 0   301.106 0    70.8 0   158.1 0   292.3 0   -61.5 0   230.7 0    26.5 0    54.5 0     3.5 0   263.7 0   968.7 0
 2026 208  7 27 17 18 17.300  21.63   366.8 0    80.0 0     1.9 0   358.7 0   402.5 0   301.468 0   301.573 0   461.8 0   300.940 0   301.062 0    67.6 0   151.6 0   280.4 0   -59.3 0   221.1 0    26.4 0    54.5 0     3.6 0   266.9 0   968.7 0
 2026 208  7 27 17 19 17.317  21.63   368.7 0    80.3 0     0.9 0   359.0 0   401.4 0   301.429 0   301.538 0   461.9 0   300.906 0   301.028 0    68.4 0   152.7 0   279.5 0   -60.6 0   219.0 0    26.4 0    55.4 0     2.9 0   281.6 0   968.7 0
 2026 208  7 27 17 20 17.333  21.63   383.9 0    83.0 0     0.6 0   373.6 0   399.7 0   301.391 0   301.500 0   462.8 0   300.878 0   301.010 0    71.4 0   158.7 0   291.2 0   -63.1 0   228.1 0    26.4 0    54.9 0     2.7 0   285.6 0   968.7 0
 2026 208  7 27 17 21 17.350  21.63   410.3 0    91.1 0    16.3 0   387.1 0   398.0 0   301.359 0   301.492 0   463.1 0   300.856 0   300.989 0    75.0 0   168.4 0   311.2 0   -65.1 0   246.1 0    26.4 0    56.4 0     2.8 0   280.7 0   968.7 0
 2026 208  7 27 17 22 17.367  21.64   457.0 0    97.1 0    48.8 0   396.2 0   395.8 0   301.335 0   301.491 0   463.8 0   300.837 0   300.995 0    77.9 0   177.5 0   344.4 0   -68.0 0   276.4 0    26.4 0    55.3 0     3.0 0   281.9 0   968.7 0
 2026 208  7 27 17 23 17.383  21.65   411.1 0    89.8 0    11.5 0   393.6 0   393.7 0   301.314 0   301.524 0   464.0 0   300.817 0   300.949 0    76.9 0   169.9 0   314.5 0   -70.3 0   244.2 0    26.5 0    56.3 0     2.5 0   289.0 0   968.7 0
 2026 208  7 27 17 24 17.400  21.66   397.3 0    84.1 0     7.4 0   384.6 0   392.1 0   301.301 0   301.547 0   463.7 0   300.801 0   300.938 0    76.0 0   167.1 0   307.4 0   -71.7 0   235.7 0    26.5 0    55.7 0     3.2 0   275.7 0   968.7 0
 2026 208  7 27 17 25 17.417  21.67   428.1 0    94.9 0    51.4 0   376.0 0   389.9 0   301.290 0   301.487 0   462.3 0   300.777 0   300.898 0    79.2 0   178.7 0   329.0 0   -72.4 0   256.5 0    26.6 0    55.3 0     2.9 0   292.6 0   968.7 0
 2026 208  7 27 17 26 17.433  21.68   548.4 0   122.0 0   155.7 0   393.2 0   388.0 0   301.280 0   301.473 0   465.2 0   300.762 0   300.934 0    89.0 0   211.5 0   415.9 0   -77.2 0   338.8 0    26.6 0    53.2 0     3.6 0   295.9 0   968.7 0
 2026 208  7 27 17 27 17.450  21.70   623.7 0   139.3 0   218.2 0   410.4 0   386.1 0   301.278 0   301.483 0   465.8 0   300.754 0   300.962 0    98.1 0   235.6 0   473.8 0   -79.7 0   394.2 0    26.5 0    51.8 0     4.2 0   285.8 0   968.6 0
 2026 208  7 27 17 28 17.467  21.72   724.1 0   165.2 0   314.4 0   422.6 0   384.9 0   301.286 0   301.580 0   471.1 0   300.757 0   301.041 0   107.9 0   264.8 0   549.5 0   -86.2 0   463.3 0    26.6 0    51.8 0     3.2 0   295.8 0   968.6 0
 2026 208  7 27 17 29 17.483  21.74   794.0 0   181.9 0   376.0 0   433.0 0   384.9 0   301.321 0   301.713 0   476.1 0   300.794 0   301.147 0   114.7 0   282.7 0   600.3 0   -91.2 0   509.1 0    26.7 0    51.5 0     3.0 0   305.1 0   968.6 0
 2026 208  7 27 17 30 17.500  21.76   832.0 0   191.2 0   411.4 0   438.5 0   385.8 0   301.378 0   301.830 0   477.3 0   300.844 0   301.215 0   118.8 0 -9999.9 1   629.3 0   -91.5 0   537.8 0    26.8 0    52.1 0     3.9 0   296.3 0   968.6 0
 2026 208  7 27 17 31 17.517  21.79   846.0 0   194.2 0   423.6 0   439.5 0   386.7 0   301.443 0   301.889 0   479.3 0   300.904 0   301.305 0   118.5 0 -9999.9 1   638.6 0   -92.7 0   546.0 0    26.9 0    51.6 0     3.2 0   304.7 0   968.6 0
 2026 208  7 27 17 32 17.533  21.81   535.4 0   102.9 0    75.6 0   442.6 0   387.2 0   301.506 0   301.944 0   475.0 0   300.959 0   301.238 0   101.0 0   219.9 0   409.9 0   -87.8 0   322.1 0    27.0 0    52.9 0     2.7 0   298.9 0   968.6 0
 2026 208  7 27 17 33 17.550  21.84   538.7 0   117.6 0   100.2 0   442.9 0   386.5 0   301.539 0   301.926 0   471.2 0   300.974 0   301.191 0   102.4 0   227.7 0   418.3 0   -84.8 0   333.5 0    27.0 0    53.9 0     3.1 0   282.4 0   968.6 0
 2026 208  7 27 17 34 17.567  21.87   809.8 0   189.1 0   397.4 0   437.2 0   385.2 0   301.578 0   301.994 0   476.6 0   301.002 0   301.325 0   116.5 0 -9999.9 1   616.9 0   -91.4 0   525.5 0    27.0 0    54.4 0     3.9 0   275.6 0   968.6 0
 2026 208  7 27 17 35 17.583  21.91   800.0 0   179.2 0   382.0 0   433.1 0   383.4 0   301.636 0   302.024 0   477.0 0   301.046 0   301.390 0   118.3 0   288.4 0   608.3 0   -93.6 0   514.7 0    27.0 0    52.9 0     3.9 0   278.0 0   968.6 0
 2026 208  7 27 17 36 17.600  21.94   833.6 0   189.1 0   425.8 0   429.0 0   383.9 0   301.687 0   302.079 0   479.6 0   301.096 0   301.472 0   122.0 0   300.2 0   634.9 0   -95.6 0   539.3 0    27.0 0    52.6 0     3.3 0   290.7 0   968.5 0
 2026 208  7 27 17 37 17.617  21.98   828.1 0   187.8 0   419.1 0   429.3 0   384.0 0   301.750 0   302.197 0   481.6 0   301.159 0   301.555 0   121.4 0   296.9 0   630.1 0   -97.6 0   532.5 0    27.1 0    52.3 0     2.9 0   299.1 0   968.5 0
 2026 208  7 27 17 38 17.633  22.02   824.0 0   186.4 0   411.0 0   430.7 0   383.6 0   301.819 0   302.274 0   484.8 0   301.228 0   301.619 0   119.7 0   293.0 0   625.3 0  -101.2 0   524.1 0    27.2 0    51.7 0     1.4 0   305.7 0   968.5 0
 2026 208  7 27 17 39 17.650  22.06   733.3 0   162.1 0   317.8 0   426.5 0   384.0 0   301.887 0   302.333 0   481.4 0   301.301 0   301.643 0   113.9 0   270.1 0   558.9 0   -97.4 0   461.4 0    27.4 0    50.5 0     2.8 0   306.8 0   968.4 0
 2026 208  7 27 17 40 17.667  22.10   702.7 0   151.0 0   291.7 0   414.9 0   384.6 0   301.948 0   302.371 0   482.8 0   301.368 0   301.697 0   107.9 0   255.5 0   534.2 0   -98.3 0   436.0 0    27.4 0    50.3 0     1.7 0   312.1 0   968.4 0
 2026 208  7 27 17 41 17.683  22.15   507.1 0    95.8 0    78.4 0   411.3 0   384.8 0   301.993 0   302.333 0   474.3 0   301.413 0   301.592 0    97.3 0   215.7 0   388.1 0   -89.5 0   298.6 0    27.5 0    52.2 0     2.5 0   326.1 0   968.4 0
 2026 208  7 27 17 42 17.700  22.20   778.3 0   180.1 0   392.3 0   412.1 0   384.0 0   302.018 0   302.271 0   476.7 0   301.432 0   301.675 0   112.8 0   280.7 0   595.2 0   -92.7 0   502.5 0    27.4 0    51.8 0     3.3 0   318.1 0   968.4 0
 2026 208  7 27 17 43 17.717  22.24   815.1 0   185.3 0   427.0 0   410.5 0   383.3 0   302.057 0   302.404 0   481.9 0   301.483 0   301.804 0   119.3 0   291.5 0   620.5 0   -98.6 0   521.9 0    27.4 0    52.3 0     2.8 0   317.0 0   968.4 0
 2026 208  7 27 17 44 17.733  22.30   819.3 0   185.4 0   431.4 0   410.9 0   382.0 0   302.112 0   302.427 0   481.7 0   301.542 0   301.874 0   121.9 0   294.7 0   624.7 0   -99.6 0   525.1 0    27.3 0    51.6 0     3.3 0   310.1 0   968.4 0
 2026 208  7 27 17 45 17.750  22.35   828.8 0   186.8 0   442.0 0   410.2 0   382.2 0   302.163 0   302.569 0   484.2 0   301.595 0   301.954 0   124.0 0   299.1 0   632.2 0  -102.0 0   530.2 0    27.4 0    54.5 0     3.1 0   275.8 0   968.4 0
 2026 208  7 27 17 46 17.767  22.40   819.7 0   179.9 0   415.2 0   416.3 0   380.4 0   302.229 0   302.591 0   481.9 0   301.659 0   302.000 0   123.3 0   296.9 0   620.3 0  -101.6 0   518.7 0    27.5 0    51.0 0     3.4 0   290.8 0   968.4 0
 2026 208  7 27 17 47 17.783  22.46   835.0 0   188.1 0   444.7 0   414.6 0   380.2 0   302.277 0   302.628 0   484.6 0   301.706 0   302.031 0   124.9 0   301.1 0   637.5 0  -104.5 0   533.0 0    27.5 0    51.2 0     2.4 0   312.5 0   968.4 0
 2026 208  7 27 17 48 17.800  22.52   823.9 0   184.6 0   441.2 0   407.0 0   380.5 0   302.332 0   302.710 0   484.4 0   301.761 0   302.083 0   125.3 0   299.1 0   630.0 0  -103.9 0   526.1 0    27.6 0    51.0 0     3.6 0   314.8 0   968.4 0
 2026 208  7 27 17 49 17.817  22.58   826.9 0   185.5 0   445.8 0   406.0 0   379.0 0   302.383 0   302.632 0   479.4 0   301.807 0   302.107 0   126.5 0   301.0 0   632.2 0  -100.4 0   531.8 0    27.5 0    48.2 0     4.6 0   304.8 0   968.4 0
 2026 208  7 27 17 50 17.833  22.64   827.9 0   185.8 0   449.1 0   404.7 0   378.2 0   302.411 0   302.619 0   479.2 0   301.823 0   302.084 0   127.1 0   301.3 0   633.3 0  -101.0 0   532.4 0    27.4 0    48.7 0     4.1 0   293.9 0   968.4 0
 2026 208  7 27 17 51 17.850  22.71   824.6 0   184.6 0   450.3 0   400.6 0   378.4 0   302.426 0   302.641 0   482.2 0   301.836 0   302.118 0   127.3 0   301.0 0   631.3 0  -103.8 0   527.5 0    27.4 0    49.1 0     3.3 0   307.9 0   968.4 0
 2026 208  7 27 17 52 17.867  22.77   821.6 0   183.7 0   448.2 0   398.9 0   378.6 0   302.449 0   302.674 0   482.7 0   301.863 0   302.167 0   127.1 0   299.6 0   628.5 0  -104.0 0   524.4 0    27.4 0    49.4 0     3.7 0   304.7 0   968.4 0
 2026 208  7 27 17 53 17.883  22.84   823.2 0   184.3 0   450.7 0   398.4 0   378.9 0   302.474 0   302.692 0   482.1 0   301.887 0   302.179 0   127.4 0   300.2 0   629.6 0  -103.2 0   526.3 0    27.3 0    49.2 0     3.5 0   305.8 0   968.4 0
 2026 208  7 27 17 54 17.900  22.91   838.9 0   187.1 0   467.6 0   398.8 0   379.4 0   302.491 0   302.666 0   480.8 0   301.906 0   302.208 0   129.9 0   307.7 0   642.5 0  -101.4 0   541.1 0    27.3 0    49.8 0     3.6 0   306.9 0   968.4 0
 2026 208  7 27 17 55 17.917  22.98   843.3 0   187.1 0   472.6 0   398.4 0   379.8 0   302.504 0   302.727 0   484.5 0   301.930 0   302.274 0   131.5 0   310.6 0   646.3 0  -104.7 0   541.6 0    27.4 0    51.1 0     3.0 0   307.6 0   968.4 0
 2026 208  7 27 17 56 17.933  23.05   840.6 0   186.2 0   470.0 0   398.0 0   379.1 0   302.534 0   302.794 0   485.3 0   301.965 0   302.310 0   131.3 0   309.7 0   644.2 0  -106.2 0   538.0 0    27.4 0    50.7 0     2.4 0   293.0 0   968.4 0
 2026 208  7 27 17 57 17.950  23.13   834.8 0   185.2 0   461.4 0   399.4 0   378.9 0   302.565 0   302.869 0   486.6 0   302.013 0   302.386 0   129.9 0   306.4 0   638.5 0  -107.7 0   530.8 0    27.6 0    49.8 0     2.5 0   280.3 0   968.4 0
 2026 208  7 27 17 58 17.967  23.21   777.6 0   168.0 0   380.8 0   411.8 0   380.3 0   302.595 0   302.922 0   487.3 0   302.068 0   302.419 0   125.4 0   290.8 0   593.7 0  -107.0 0   486.7 0    27.7 0    50.9 0     1.4 0   296.1 0   968.4 0
 2026 208  7 27 17 59 17.983  23.28   622.9 0   121.9 0   199.7 0   416.9 0   381.7 0   302.630 0   302.980 0   484.8 0   302.125 0   302.389 0   114.4 0   247.3 0   478.4 0  -103.1 0   375.2 0    27.9 0    50.9 0     2.5 0   326.7 0   968.3 0
 2026 208  7 27 18  0 18.000  23.36   443.0 0    81.3 0    35.0 0   401.5 0   382.2 0   302.643 0   302.841 0   474.3 0   302.130 0   302.205 0   101.3 0   201.9 0   352.4 0   -92.1 0   260.3 0    27.8 0    51.1 0     2.3 0   316.5 0   968.3 0
 2026 208  7 27 18  1 18.017  23.45   538.6 0   115.2 0   151.0 0   400.3 0   381.7 0   302.623 0   302.690 0   470.4 0   302.097 0   302.162 0   103.9 0   225.4 0   423.7 0   -88.7 0   335.0 0    27.6 0    49.4 0     4.5 0   316.2 0   968.3 0
 2026 208  7 27 18  2 18.033  23.53   695.8 0   155.3 0   317.6 0   401.3 0   381.1 0   302.589 0   302.628 0   474.0 0   302.059 0   302.208 0   115.4 0   266.4 0   537.3 0   -92.9 0   444.4 0    27.3 0    50.1 0     3.8 0   314.7 0   968.2 0
 2026 208  7 27 18  3 18.050  23.61   839.3 0   188.6 0   481.5 0   389.9 0   379.6 0   302.573 0   302.710 0   480.5 0   302.052 0   302.337 0   127.7 0   306.3 0   642.4 0  -100.9 0   541.5 0    27.2 0    50.0 0     3.2 0   302.2 0   968.2 0
 2026 208  7 27 18  4 18.067  23.70   842.0 0   187.1 0   490.6 0   384.0 0   377.2 0   302.582 0   302.751 0   482.9 0   302.070 0   302.415 0   131.3 0   310.5 0   646.2 0  -105.7 0   540.4 0    27.3 0    49.3 0     3.2 0   289.6 0   968.2 0
 2026 208  7 27 18  5 18.083  23.79   843.5 0   186.2 0   494.9 0   381.3 0   376.1 0   302.594 0   302.818 0   486.0 0   302.099 0   302.460 0   133.0 0   312.9 0   647.9 0  -109.9 0   538.0 0    27.3 0    50.2 0     2.6 0   288.1 0   968.1 0
 2026 208  7 27 18  6 18.100  23.88   850.3 0   186.7 0   502.4 0   381.0 0   375.0 0   302.613 0   302.854 0   488.1 0   302.144 0   302.543 0   134.6 0   316.5 0   653.7 0  -113.1 0   540.6 0    27.5 0    48.9 0     1.9 0   287.2 0   968.1 0
 2026 208  7 27 18  7 18.117  23.97   840.1 0   185.3 0   482.7 0   384.8 0   376.0 0   302.641 0   302.982 0   492.8 0   302.209 0   302.618 0   132.9 0   312.1 0   640.6 0  -116.8 0   523.8 0    27.7 0    49.7 0     1.0 0   289.8 0   968.1 0
 2026 208  7 27 18  8 18.133  24.06   797.1 0   182.5 0   450.0 0   390.6 0   375.5 0   302.685 0   303.015 0   492.0 0   302.284 0   302.639 0   130.3 0   301.2 0   619.1 0  -116.5 0   502.6 0    28.0 0    48.6 0     1.6 0   314.0 0   968.0 0
 2026 208  7 27 18  9 18.150  24.16   828.9 0   180.4 0   481.4 0   381.1 0   374.9 0   302.722 0   303.015 0   492.0 0   302.365 0   302.737 0   132.4 0   309.6 0   639.9 0  -117.2 0   522.8 0    28.1 0    47.3 0     1.5 0   313.2 0   968.0 0
 2026 208  7 27 18 10 18.167  24.25   842.6 0   183.7 0   500.6 0   376.8 0   375.5 0   302.752 0   303.034 0   493.5 0   302.452 0   302.838 0   134.1 0   314.4 0   649.5 0  -118.0 0   531.5 0    28.2 0    48.4 0     1.4 0   314.0 0   968.0 0
 2026 208  7 27 18 11 18.183  24.35   838.2 0   183.0 0   496.7 0   375.8 0   376.1 0   302.789 0   303.109 0   491.4 0   302.540 0   302.895 0   133.3 0   312.5 0   645.3 0  -115.3 0   530.0 0    28.3 0    48.7 0     2.9 0   296.3 0   968.0 0
 2026 208  7 27 18 12 18.200  24.45   835.2 0   183.6 0   494.7 0   376.6 0   375.3 0   302.827 0   303.013 0   486.5 0   302.602 0   302.917 0   132.5 0   311.1 0   643.5 0  -111.1 0   532.3 0    28.1 0    46.9 0     2.5 0   307.4 0   967.9 0
 2026 208  7 27 18 13 18.217  24.55   840.0 0   185.1 0   500.2 0   377.4 0   376.2 0   302.849 0   303.021 0   486.2 0   302.635 0   302.870 0   133.0 0   313.4 0   647.3 0  -109.9 0   537.3 0    28.0 0    47.3 0     3.1 0   328.0 0   967.9 0
 2026 208  7 27 18 14 18.233  24.65   838.5 0   185.4 0   498.3 0   378.2 0   375.9 0   302.874 0   303.040 0   483.6 0   302.648 0   302.914 0   132.6 0   312.7 0   645.6 0  -107.7 0   537.9 0    27.8 0    48.8 0     3.6 0   297.7 0   967.9 0
 2026 208  7 27 18 15 18.250  24.76   841.6 0   186.1 0   500.1 0   379.4 0   375.5 0   302.894 0   303.071 0   485.9 0   302.658 0   302.971 0   132.8 0   314.0 0   647.4 0  -110.4 0   537.0 0    27.7 0    49.6 0     2.5 0   268.3 0   967.9 0
 2026 208  7 27 18 16 18.267  24.86   849.9 0   187.6 0   505.9 0   382.4 0   375.7 0   302.918 0   303.105 0   488.2 0   302.676 0   302.964 0   133.5 0   317.5 0   653.8 0  -112.5 0   541.3 0    27.8 0    48.7 0     2.6 0   292.3 0   967.9 0
 2026 208  7 27 18 17 18.283  24.97   855.3 0   189.0 0   506.1 0   387.2 0   376.5 0   302.938 0   303.073 0   486.7 0   302.701 0   303.012 0   133.2 0   318.6 0   657.0 0  -110.2 0   546.8 0    27.7 0    47.8 0     2.7 0   301.6 0   967.9 0
 2026 208  7 27 18 18 18.300  25.07   854.2 0   190.2 0   498.7 0   392.7 0   378.9 0   302.951 0   303.147 0   489.5 0   302.723 0   303.032 0   130.3 0   314.9 0   654.2 0  -110.6 0   543.6 0    27.7 0    49.1 0     1.9 0   293.0 0   968.0 0
 2026 208  7 27 18 19 18.317  25.18   712.9 0   149.4 0   326.3 0   397.2 0   380.9 0   302.972 0   303.210 0   488.4 0   302.755 0   303.053 0   115.7 0   268.6 0   543.1 0  -107.5 0   435.6 0    27.8 0    47.6 0     1.5 0   281.7 0   968.0 0
 2026 208  7 27 18 20 18.333  25.29   415.9 0    76.8 0     7.9 0   400.3 0   382.8 0   302.975 0   303.183 0   478.4 0   302.765 0   302.893 0    93.3 0   189.1 0   330.6 0   -95.6 0   235.0 0    27.9 0    48.0 0     1.2 0   281.8 0   968.0 0
 2026 208  7 27 18 21 18.350  25.40   624.3 0   134.8 0   245.7 0   394.8 0   384.0 0   302.953 0   303.136 0   480.1 0   302.751 0   302.890 0   102.0 0   244.6 0   481.9 0   -96.1 0   385.8 0    27.9 0    48.8 0     1.4 0   284.9 0   968.0 0
 2026 208  7 27 18 22 18.367  25.52   696.3 0   156.7 0   323.2 0   399.8 0   384.0 0   302.944 0   303.071 0   480.8 0   302.761 0   302.977 0   108.2 0   265.2 0   534.9 0   -96.9 0   438.0 0    27.9 0    46.2 0     1.7 0   290.3 0   968.0 0
 2026 208  7 27 18 23 18.383  25.63   809.1 0   181.3 0   435.1 0   402.2 0   383.8 0   302.944 0   303.156 0   486.4 0   302.781 0   303.042 0   115.6 0   290.6 0   613.3 0  -102.6 0   510.7 0    27.8 0    47.7 0     1.6 0   304.4 0   968.0 0
 2026 208  7 27 18 24 18.400  25.75   696.6 0   156.7 0   314.8 0   410.1 0   383.9 0   302.953 0   303.128 0   484.4 0   302.802 0   303.040 0   111.5 0   267.5 0   536.9 0  -100.5 0   436.3 0    27.8 0    47.8 0     1.3 0   298.1 0   968.0 0
 2026 208  7 27 18 25 18.417  25.86   812.9 0   185.1 0   442.0 0   405.8 0   385.2 0   302.969 0   303.354 0   491.9 0   302.839 0   303.161 0   116.0 0   292.3 0   618.5 0  -106.7 0   511.8 0    28.0 0    48.8 0     0.8 0   273.4 0   968.0 0
 2026 208  7 27 18 26 18.433  25.98   804.5 0   183.7 0   434.2 0   404.9 0   385.4 0   303.017 0   303.361 0   490.2 0   302.899 0   303.233 0   114.6 0   287.7 0   611.5 0  -104.9 0   506.6 0    28.1 0    48.2 0     2.1 0   274.3 0   968.0 0
 2026 208  7 27 18 27 18.450  26.10   799.6 0   184.3 0   427.3 0   406.8 0   388.4 0   303.057 0   303.440 0   490.3 0   302.946 0   303.260 0   112.3 0 -9999.9 1   606.2 0  -101.9 0   504.4 0    28.2 0    50.0 0     2.5 0   250.5 0   967.9 0
 2026 208  7 27 18 28 18.467  26.22   801.9 0   187.4 0   425.3 0   412.6 0   390.3 0   303.102 0   303.396 0   484.8 0   302.980 0   303.273 0   109.8 0 -9999.9 1   606.7 0   -94.5 0   512.2 0    28.2 0    49.7 0     4.1 0   273.1 0   967.9 0
 2026 208  7 27 18 29 18.483  26.34   548.1 0   116.5 0   136.7 0   417.2 0   391.6 0   303.117 0   303.263 0   477.2 0   302.981 0   303.190 0    95.5 0   216.3 0   423.2 0   -85.6 0   337.7 0    28.0 0    47.4 0     3.6 0   269.4 0   967.9 0
 2026 208  7 27 18 30 18.500  26.46   433.7 0    86.6 0     7.6 0   419.9 0   392.5 0   303.081 0   303.160 0   471.6 0   302.928 0   303.051 0    87.0 0   190.6 0   340.1 0   -79.1 0   260.9 0    27.7 0    48.3 0     2.9 0   266.8 0   967.9 0
 2026 208  7 27 18 31 18.517  26.59   640.6 0   148.9 0   235.0 0   429.6 0   393.7 0   303.027 0   303.130 0   476.6 0   302.869 0   303.026 0    96.4 0   242.9 0   490.9 0   -82.9 0   408.0 0    27.6 0    49.7 0     1.9 0   258.7 0   967.9 0
 2026 208  7 27 18 32 18.533  26.71   806.4 0   190.7 0   419.0 0   424.0 0   394.7 0   303.006 0   303.239 0   484.9 0   302.865 0   303.146 0   104.9 0 -9999.9 1   607.5 0   -90.2 0   517.3 0    27.7 0    48.4 0     2.6 0   286.7 0   967.8 0
 2026 208  7 27 18 33 18.550  26.84   802.1 0   189.9 0   417.7 0   420.6 0   395.4 0   303.012 0   303.251 0   484.2 0   302.875 0   303.159 0   104.6 0 -9999.9 1   603.4 0   -88.8 0   514.6 0    27.8 0    48.9 0     3.0 0   297.1 0   967.8 0
 2026 208  7 27 18 34 18.567  26.96   800.2 0   189.3 0   414.6 0   421.1 0   395.1 0   303.021 0   303.282 0   484.4 0   302.885 0   303.208 0   104.1 0 -9999.9 1   601.4 0   -89.3 0   512.1 0    27.8 0    49.4 0     3.1 0   276.5 0   967.8 0
 2026 208  7 27 18 35 18.583  27.09   807.6 0   190.4 0   421.5 0   423.4 0   394.1 0   303.033 0   303.299 0   486.5 0   302.904 0   303.274 0   105.1 0 -9999.9 1   608.2 0   -92.4 0   515.8 0    27.9 0    47.8 0     2.4 0   292.2 0   967.8 0
 2026 208  7 27 18 36 18.600  27.22   636.3 0   136.3 0   208.8 0   431.5 0   393.5 0   303.050 0   303.414 0   487.6 0   302.937 0   303.267 0    97.5 0   238.9 0   480.9 0   -94.1 0   386.8 0    28.0 0    49.2 0     1.6 0   306.5 0   967.8 0
 2026 208  7 27 18 37 18.617  27.35   659.4 0   154.9 0   259.6 0   432.7 0   392.7 0   303.067 0   303.443 0   484.1 0   302.952 0   303.156 0    99.1 0   250.7 0   508.4 0   -91.4 0   417.0 0    28.1 0    49.9 0     2.8 0   319.3 0   967.8 0
 2026 208  7 27 18 38 18.633  27.48   793.0 0   185.5 0   410.8 0   419.5 0   392.7 0   303.098 0   303.403 0   484.9 0   302.959 0   303.211 0   104.3 0 -9999.9 1   598.4 0   -92.2 0   506.2 0    28.1 0    50.7 0     3.1 0   308.2 0   967.8 0
 2026 208  7 27 18 39 18.650  27.61   675.8 0   145.2 0   279.2 0   411.3 0   392.7 0   303.129 0   303.431 0   483.8 0   302.972 0   303.247 0    97.1 0   247.0 0   513.5 0   -91.1 0   422.4 0    28.1 0    49.8 0     2.7 0   286.3 0   967.8 0
 2026 208  7 27 18 40 18.667  27.75   451.9 0    95.7 0    52.7 0   404.8 0   392.1 0   303.137 0   303.330 0   476.9 0   302.960 0   303.095 0    86.5 0   198.4 0   355.7 0   -84.8 0   270.9 0    28.0 0    50.1 0     2.4 0   294.2 0   967.8 0
 2026 208  7 27 18 41 18.683  27.88   701.3 0   156.9 0   317.1 0   409.1 0   391.0 0   303.124 0   303.369 0   481.3 0   302.936 0   303.133 0   100.4 0   261.4 0   532.6 0   -90.3 0   442.3 0    28.0 0    49.1 0     2.1 0   310.6 0   967.8 0
 2026 208  7 27 18 42 18.700  28.01   806.2 0   186.4 0   446.5 0   407.1 0   389.4 0   303.142 0   303.449 0   488.0 0   302.945 0   303.232 0   111.6 0   294.4 0   614.9 0   -98.7 0   516.2 0    28.0 0    50.9 0     2.1 0   305.2 0   967.8 0
 2026 208  7 27 18 43 18.717  28.15   816.9 0   185.5 0   456.5 0   405.9 0   387.2 0   303.175 0   303.509 0   489.4 0   302.982 0   303.296 0   115.1 0   299.4 0   622.9 0  -102.2 0   520.7 0    28.1 0    49.5 0     2.1 0   311.9 0   967.8 0
 2026 208  7 27 18 44 18.733  28.29   808.1 0   183.1 0   451.0 0   403.4 0   385.6 0   303.211 0   303.492 0   487.5 0   303.010 0   303.271 0   115.3 0   297.5 0   617.4 0  -101.8 0   515.6 0    28.2 0    50.7 0     2.5 0   319.4 0   967.8 0
 2026 208  7 27 18 45 18.750  28.43   808.4 0   182.8 0   456.8 0   400.1 0   384.3 0   303.241 0   303.452 0   487.8 0   303.021 0   303.269 0   116.1 0   298.7 0   619.0 0  -103.5 0   515.5 0    28.1 0    50.3 0     2.4 0   327.3 0   967.7 0
 2026 208  7 27 18 46 18.767  28.56   805.3 0   181.4 0   459.2 0   395.2 0   383.8 0   303.260 0   303.479 0   489.9 0   303.044 0   303.327 0   116.3 0   298.0 0   617.2 0  -106.2 0   511.0 0    28.1 0    51.0 0     2.3 0   325.5 0   967.7 0
 2026 208  7 27 18 47 18.783  28.70   805.9 0   180.8 0   465.0 0   391.0 0   383.5 0   303.281 0   303.546 0   491.4 0   303.081 0   303.388 0   117.0 0   299.1 0   618.1 0  -107.9 0   510.1 0    28.2 0    52.1 0     1.8 0   316.3 0   967.7 0
 2026 208  7 27 18 48 18.800  28.84   807.6 0   180.6 0   472.5 0   387.0 0   381.4 0   303.319 0   303.582 0   490.7 0   303.123 0   303.385 0   117.6 0   301.4 0   620.3 0  -109.2 0   511.0 0    28.3 0    50.2 0     2.6 0   319.1 0   967.7 0
 2026 208  7 27 18 49 18.817  28.99   796.8 0   178.8 0   467.2 0   382.3 0   380.8 0   303.347 0   303.502 0   486.6 0   303.137 0   303.343 0   116.2 0   296.7 0   612.1 0  -105.9 0   506.2 0    28.2 0    48.8 0     3.1 0   329.3 0   967.7 0
 2026 208  7 27 18 50 18.833  29.13   790.4 0   177.7 0   466.7 0   377.1 0   379.3 0   303.353 0   303.490 0   487.2 0   303.136 0   303.401 0   115.2 0   293.6 0   607.0 0  -107.9 0   499.0 0    28.1 0    48.4 0     1.6 0   270.1 0   967.7 0
 2026 208  7 27 18 51 18.850  29.27   784.1 0   176.1 0   465.8 0   372.0 0   379.1 0   303.351 0   303.511 0   488.3 0   303.160 0   303.448 0   113.9 0   290.6 0   602.2 0  -109.2 0   493.0 0    28.1 0    48.5 0     2.2 0   260.7 0   967.6 0
 2026 208  7 27 18 52 18.867  29.42   771.4 0   173.5 0   456.1 0   368.7 0   379.5 0   303.351 0   303.474 0   488.0 0   303.194 0   303.505 0   111.8 0   284.6 0   592.5 0  -108.5 0   484.1 0    28.2 0    49.2 0     1.8 0   274.7 0   967.6 0
 2026 208  7 27 18 53 18.883  29.56   767.5 0   172.7 0   452.7 0   367.4 0   380.8 0   303.356 0   303.575 0   491.8 0   303.244 0   303.581 0   110.7 0   280.5 0   588.5 0  -111.1 0   477.4 0    28.3 0    50.3 0     1.6 0   288.9 0   967.5 0
 2026 208  7 27 18 54 18.900  29.71   770.1 0   173.4 0   450.5 0   370.7 0   381.3 0   303.379 0   303.581 0   492.8 0   303.298 0   303.580 0   109.9 0   282.4 0   588.6 0  -111.4 0   477.2 0    28.5 0    51.1 0     1.7 0   298.6 0   967.5 0
 2026 208  7 27 18 55 18.917  29.85   548.7 0   107.9 0   175.6 0   381.2 0   381.7 0   303.397 0   303.635 0   485.8 0   303.337 0   303.553 0    99.6 0   226.5 0   425.5 0  -104.1 0   321.4 0    28.6 0    48.7 0     1.8 0   274.3 0   967.5 0
 2026 208  7 27 18 56 18.933  30.00   658.8 0   148.2 0   327.4 0   379.0 0   381.1 0   303.397 0   303.537 0   485.4 0   303.346 0   303.579 0   103.8 0   258.6 0   514.3 0  -104.3 0   409.9 0    28.5 0    47.5 0     1.1 0   253.0 0   967.5 0
 2026 208  7 27 18 57 18.950  30.15   769.3 0   173.1 0   453.4 0   371.5 0   381.6 0   303.404 0   303.642 0   491.8 0   303.388 0   303.682 0   109.4 0   284.4 0   590.4 0  -110.3 0   480.1 0    28.6 0    48.0 0     1.1 0   246.9 0   967.5 0
 2026 208  7 27 18 58 18.967  30.30   774.4 0   174.3 0   457.5 0   373.0 0   383.5 0   303.429 0   303.714 0   493.4 0   303.450 0   303.739 0   110.2 0   285.9 0   593.7 0  -109.9 0   483.8 0    28.8 0    47.8 0     1.1 0   289.6 0   967.5 0
 2026 208  7 27 18 59 18.983  30.44   772.6 0   174.2 0   454.2 0   375.0 0   383.9 0   303.472 0   303.785 0   493.7 0   303.517 0   303.830 0   109.5 0   284.1 0   592.4 0  -109.7 0   482.7 0    28.9 0    47.1 0     1.6 0   243.4 0   967.5 0
 2026 208  7 27 19  0 19.000  30.59   770.8 0   174.6 0   452.5 0   376.7 0   384.4 0   303.509 0   303.710 0   489.7 0   303.573 0   303.851 0   108.7 0   283.0 0   591.6 0  -105.3 0   486.3 0    28.8 0    45.7 0     3.1 0   237.3 0   967.5 0
 2026 208  7 27 19  1 19.017  30.75   775.4 0   176.3 0   459.1 0   377.3 0   384.4 0   303.532 0   303.692 0   486.9 0   303.596 0   303.847 0   109.0 0   285.0 0   595.5 0  -102.5 0   493.0 0    28.5 0    45.6 0     2.6 0   226.7 0   967.4 0
 2026 208  7 27 19  2 19.033  30.90   772.7 0   175.5 0   458.7 0   375.4 0   385.0 0   303.550 0   303.751 0   490.0 0   303.625 0   303.914 0   108.9 0   284.1 0   593.5 0  -105.0 0   488.5 0    28.3 0    46.8 0     1.8 0   242.3 0   967.4 0
 2026 208  7 27 19  3 19.050  31.05   771.6 0   175.1 0   460.3 0   373.1 0   385.7 0   303.576 0   303.827 0   491.3 0   303.680 0   303.977 0   109.2 0   284.4 0   592.4 0  -105.6 0   486.8 0    28.4 0    49.4 0     1.9 0   262.1 0   967.4 0
 2026 208  7 27 19  4 19.067  31.20   771.4 0   175.3 0   464.0 0   370.8 0   384.8 0   303.618 0   303.846 0   489.3 0   303.721 0   303.964 0   109.5 0   285.2 0   592.4 0  -104.5 0   487.9 0    28.5 0    49.8 0     3.1 0   256.2 0   967.4 0
 2026 208  7 27 19  5 19.083  31.36   768.4 0   175.3 0   463.9 0   368.8 0   383.6 0   303.647 0   303.753 0   487.4 0   303.736 0   303.982 0   109.2 0   284.1 0   589.7 0  -103.8 0   485.9 0    28.4 0    48.1 0     3.4 0   279.2 0   967.4 0
 2026 208  7 27 19  6 19.100  31.51   769.5 0   176.3 0   466.9 0   367.6 0   383.9 0   303.649 0   303.694 0   485.4 0   303.732 0   303.983 0   109.2 0   284.3 0   589.3 0  -101.5 0   487.8 0    28.2 0    48.9 0     3.9 0   276.1 0   967.4 0
 2026 208  7 27 19  7 19.117  31.66   772.3 0   177.3 0   471.0 0   367.1 0   384.3 0   303.635 0   303.657 0   485.5 0   303.711 0   303.985 0   109.1 0   284.5 0   590.7 0  -101.2 0   489.5 0    28.1 0    47.7 0     2.5 0   294.4 0   967.4 0
 2026 208  7 27 19  8 19.133  31.82   770.4 0   177.1 0   471.6 0   364.3 0   385.6 0   303.619 0   303.718 0   489.2 0   303.707 0   304.024 0   108.1 0   282.2 0   587.9 0  -103.6 0   484.3 0    28.1 0    48.7 0     2.4 0   286.1 0   967.3 0
 2026 208  7 27 19  9 19.150  31.98   763.0 0   177.0 0   466.4 0   361.3 0   388.0 0   303.619 0   303.785 0   490.5 0   303.714 0   304.011 0   105.1 0   275.8 0   579.9 0  -102.5 0   477.4 0    28.2 0    50.2 0     2.3 0   267.0 0   967.3 0
 2026 208  7 27 19 10 19.167  32.13   553.5 0   115.1 0   217.5 0   355.9 0   388.6 0   303.627 0   303.702 0   485.2 0   303.723 0   303.975 0    90.9 0   212.7 0   424.9 0   -96.6 0   328.3 0    28.3 0    47.3 0     1.7 0   264.7 0   967.3 0
 2026 208  7 27 19 11 19.183  32.29   351.4 0    66.2 0     4.3 0   343.7 0   390.8 0   303.592 0   303.599 0   476.6 0   303.700 0   303.784 0    77.3 0   158.7 0   281.2 0   -85.8 0   195.4 0    28.2 0    48.3 0     2.1 0   240.1 0   967.3 0
 2026 208  7 27 19 12 19.200  32.45   339.4 0    65.3 0     2.0 0   334.9 0   392.3 0   303.530 0   303.466 0   471.8 0   303.639 0   303.675 0    73.8 0   152.4 0   271.3 0   -79.5 0   191.8 0    28.0 0    49.5 0     2.7 0   250.3 0   967.3 0
 2026 208  7 27 19 13 19.217  32.61   336.1 0    66.2 0     3.4 0   329.4 0   392.9 0   303.451 0   303.304 0   468.6 0   303.558 0   303.559 0    72.3 0   150.3 0   266.0 0   -75.7 0   190.4 0    27.9 0    49.2 0     2.7 0   270.2 0   967.3 0
 2026 208  7 27 19 14 19.233  32.77   363.5 0    76.2 0    13.6 0   347.5 0   394.0 0   303.359 0   303.250 0   470.5 0   303.478 0   303.477 0    74.5 0   159.4 0   282.9 0   -76.5 0   206.4 0    27.8 0    50.1 0     2.2 0   275.9 0   967.3 0
 2026 208  7 27 19 15 19.250  32.93   710.0 0   168.2 0   395.1 0   371.3 0   395.2 0   303.284 0   303.276 0   479.8 0   303.426 0   303.598 0    90.8 0 -9999.9 1   534.6 0   -84.6 0   450.0 0    27.8 0    50.0 0     2.1 0   272.0 0   967.3 0
 2026 208  7 27 19 16 19.267  33.09   461.0 0    91.2 0   111.1 0   355.4 0   395.9 0   303.246 0   303.320 0   477.7 0   303.408 0   303.546 0    80.7 0   182.1 0   357.2 0   -81.8 0   275.5 0    27.8 0    51.2 0     2.2 0   267.4 0   967.3 0
 2026 208  7 27 19 17 19.283  33.25   339.6 0    67.2 0     1.2 0   336.2 0   397.5 0   303.195 0   303.181 0   470.9 0   303.350 0   303.427 0    72.0 0   149.6 0   270.0 0   -73.4 0   196.6 0    27.8 0    49.0 0     2.3 0   274.5 0   967.3 0
 2026 208  7 27 19 18 19.300  33.41   327.7 0    66.5 0     0.9 0   323.9 0   400.8 0   303.122 0   303.086 0   470.2 0   303.288 0   303.361 0    66.9 0   141.7 0   258.1 0   -69.4 0   188.8 0    27.8 0    49.4 0     1.9 0   252.5 0   967.2 0
 2026 208  7 27 19 19 19.317  33.57   319.2 0    67.0 0     1.2 0   315.0 0   405.1 0   303.047 0   303.012 0   468.7 0   303.223 0   303.263 0    61.8 0   134.6 0   249.0 0   -63.6 0   185.4 0    27.7 0    49.0 0     1.8 0   236.0 0   967.2 0
 2026 208  7 27 19 20 19.333  33.73   313.6 0    67.6 0     1.4 0   308.8 0   409.0 0   302.977 0   302.976 0   468.3 0   303.159 0   303.198 0    57.8 0   129.8 0   242.3 0   -59.3 0   183.0 0    27.7 0    49.8 0     1.5 0   238.2 0   967.2 0
 2026 208  7 27 19 21 19.350  33.90   312.0 0    68.4 0     1.2 0   306.8 0   411.8 0   302.916 0   302.947 0   469.0 0   303.111 0   303.163 0    55.2 0   127.9 0   239.4 0   -57.2 0   182.3 0    27.7 0    51.1 0     0.9 0   229.5 0   967.2 0
 2026 208  7 27 19 22 19.367  34.06   314.1 0    69.3 0     1.5 0   308.3 0   413.5 0   302.859 0   302.893 0   470.6 0   303.080 0   303.117 0    54.2 0   128.7 0   240.3 0   -57.1 0   183.2 0    27.9 0    52.4 0     1.0 0   247.4 0   967.2 0
 2026 208  7 27 19 23 19.383  34.22   365.1 0    85.8 0    53.2 0   320.0 0   413.7 0   302.809 0   302.896 0   472.0 0   303.049 0   303.132 0    58.0 0   148.4 0   278.1 0   -58.3 0   219.8 0    27.9 0    51.4 0     1.3 0   240.5 0   967.1 0
 2026 208  7 27 19 24 19.400  34.39   558.7 0   124.9 0   239.4 0   341.3 0   411.2 0   302.782 0   302.938 0   478.3 0   303.041 0   303.234 0    70.0 0   202.9 0   413.9 0   -67.1 0   346.9 0    28.0 0    50.2 0     1.4 0   266.3 0   967.1 0
 2026 208  7 27 19 25 19.417  34.55   693.5 0   172.7 0   409.8 0   354.7 0   407.5 0   302.782 0   303.023 0   484.2 0   303.057 0   303.303 0    81.5 0 -9999.9 1   519.5 0   -76.7 0   442.8 0    28.2 0    50.2 0     1.5 0   293.9 0   967.1 0
 2026 208  7 27 19 26 19.433  34.72   751.2 0   180.9 0   468.4 0   359.6 0   404.0 0   302.816 0   303.155 0   488.3 0   303.102 0   303.425 0    89.5 0 -9999.9 1   563.7 0   -84.3 0   479.3 0    28.4 0    49.2 0     1.4 0   312.6 0   967.0 0
 2026 208  7 27 19 27 19.450  34.88   750.8 0   178.5 0   467.7 0   361.4 0   401.1 0   302.883 0   303.326 0   489.9 0   303.154 0   303.495 0    93.3 0 -9999.9 1   566.5 0   -88.8 0   477.7 0    28.7 0    50.6 0     1.5 0   261.2 0   967.0 0
 2026 208  7 27 19 28 19.467  35.05   746.6 0   176.0 0   467.8 0   359.4 0   398.2 0   302.966 0   303.362 0   490.9 0   303.210 0   303.550 0    95.0 0   268.7 0   566.4 0   -92.8 0   473.6 0    28.8 0    48.2 0     1.5 0   296.4 0   967.0 0
 2026 208  7 27 19 29 19.483  35.22   743.9 0   175.0 0   472.2 0   354.4 0   396.7 0   303.046 0   303.443 0   491.7 0   303.271 0   303.599 0    95.7 0   269.1 0   565.2 0   -95.1 0   470.1 0    29.0 0    48.0 0     2.2 0   291.8 0   967.0 0
 2026 208  7 27 19 30 19.500  35.39   741.7 0   175.0 0   473.2 0   352.6 0   394.7 0   303.123 0   303.407 0   487.4 0   303.322 0   303.634 0    95.6 0   268.4 0   563.4 0   -92.7 0   470.7 0    28.9 0    47.2 0     2.7 0   266.8 0   966.9 0
 2026 208  7 27 19 31 19.517  35.55   742.5 0   175.7 0   472.1 0   355.4 0   393.7 0   303.177 0   303.372 0   486.3 0   303.358 0   303.680 0    95.5 0   268.2 0   563.8 0   -92.6 0   471.2 0    28.7 0    47.6 0     3.0 0   269.6 0   966.9 0
 2026 208  7 27 19 32 19.533  35.72   745.0 0   176.1 0   479.3 0   354.4 0   392.2 0   303.226 0   303.451 0   484.6 0   303.382 0   303.697 0    96.0 0   269.9 0   567.5 0   -92.5 0   475.0 0    28.5 0    47.8 0     3.6 0   266.2 0   966.9 0
 2026 208  7 27 19 33 19.550  35.89   586.0 0   127.6 0   289.5 0   344.5 0   391.3 0   303.273 0   303.440 0   482.2 0   303.394 0   303.685 0    88.2 0   223.3 0   451.4 0   -90.9 0   360.5 0    28.4 0    48.2 0     2.8 0   258.8 0   966.9 0
 2026 208  7 27 19 34 19.567  36.06   331.6 0    60.3 0     2.5 0   330.2 0   390.6 0   303.283 0   303.326 0   472.7 0   303.370 0   303.472 0    74.9 0   156.6 0   271.9 0   -82.1 0   189.8 0    28.2 0    49.1 0     2.7 0   260.9 0   966.9 0
 2026 208  7 27 19 35 19.583  36.23   320.0 0    58.7 0     2.1 0   318.1 0   389.7 0   303.249 0   303.223 0   469.6 0   303.309 0   303.334 0    71.8 0   151.7 0   261.1 0   -79.8 0   181.3 0    28.0 0    50.2 0     2.8 0   251.9 0   966.9 0
 2026 208  7 27 19 36 19.600  36.40   462.1 0   107.3 0   182.4 0   320.6 0   389.1 0   303.206 0   303.165 0   470.4 0   303.235 0   303.295 0    77.8 0   194.3 0   360.2 0   -81.3 0   278.9 0    27.9 0    49.4 0     3.1 0   252.8 0   966.9 0
 2026 208  7 27 19 37 19.617  36.57   714.8 0   169.3 0   478.9 0   328.0 0   388.9 0   303.181 0   303.221 0   480.3 0   303.205 0   303.437 0    89.7 0   259.9 0   543.3 0   -91.3 0   452.0 0    27.8 0    49.9 0     2.7 0   245.5 0   966.8 0
 2026 208  7 27 19 38 19.633  36.74   720.7 0   168.7 0   486.0 0   329.3 0   388.7 0   303.192 0   303.313 0   484.4 0   303.213 0   303.488 0    93.0 0   265.0 0   550.1 0   -95.6 0   454.5 0    28.0 0    51.8 0     2.4 0   264.4 0   966.8 0
 2026 208  7 27 19 39 19.650  36.91   722.1 0   167.6 0   487.0 0   330.8 0   388.1 0   303.219 0   303.368 0   485.7 0   303.237 0   303.511 0    94.7 0   268.0 0   552.5 0   -97.6 0   454.9 0    28.2 0    50.9 0     2.6 0   280.5 0   966.8 0
 2026 208  7 27 19 40 19.667  37.08   725.3 0   168.0 0   492.6 0   330.3 0   387.2 0   303.261 0   303.470 0   485.3 0   303.260 0   303.541 0    96.0 0   271.2 0   555.3 0   -98.1 0   457.3 0    28.3 0    51.2 0     3.0 0   263.9 0   966.8 0
 2026 208  7 27 19 41 19.683  37.25   725.9 0   167.7 0   497.7 0   328.6 0   385.3 0   303.307 0   303.454 0   485.7 0   303.269 0   303.563 0    96.6 0   272.2 0   557.0 0  -100.4 0   456.7 0    28.3 0    50.6 0     2.5 0   252.1 0   966.8 0
 2026 208  7 27 19 42 19.700  37.43   723.6 0   166.8 0   500.2 0   325.4 0   385.0 0   303.343 0   303.484 0   486.4 0   303.288 0   303.581 0    96.5 0   271.8 0   555.8 0  -101.5 0   454.3 0    28.4 0    50.5 0     2.6 0   264.4 0   966.8 0
 2026 208  7 27 19 43 19.717  37.60   713.1 0   164.6 0   492.5 0   322.0 0   384.1 0   303.377 0   303.495 0   487.5 0   303.314 0   303.620 0    95.2 0   267.4 0   547.6 0  -103.4 0   444.2 0    28.5 0    49.9 0     1.7 0   255.8 0   966.8 0
 2026 208  7 27 19 44 19.733  37.77   708.3 0   163.7 0   489.1 0   320.6 0   384.3 0   303.408 0   303.536 0   489.0 0   303.351 0   303.650 0    94.1 0   265.0 0   543.5 0  -104.7 0   438.8 0    28.6 0    49.9 0     1.6 0   276.6 0   966.8 0
 2026 208  7 27 19 45 19.750  37.94   662.9 0   149.8 0   424.0 0   324.4 0   385.2 0   303.441 0   303.581 0   488.2 0   303.395 0   303.672 0    91.8 0   252.7 0   509.0 0  -103.0 0   406.0 0    28.7 0    50.3 0     2.3 0   266.6 0   966.8 0
 2026 208  7 27 19 46 19.767  38.12   707.6 0   165.2 0   481.0 0   328.6 0   384.2 0   303.471 0   303.553 0   484.0 0   303.412 0   303.655 0    92.2 0   263.4 0   541.8 0   -99.8 0   441.9 0    28.6 0    48.5 0     2.7 0   247.8 0   966.8 0
 2026 208  7 27 19 47 19.783  38.29   715.8 0   166.9 0   493.4 0   327.5 0   385.4 0   303.487 0   303.575 0   487.2 0   303.436 0   303.714 0    92.3 0   266.2 0   547.9 0  -101.8 0   446.1 0    28.5 0    49.0 0     2.2 0   254.0 0   966.8 0
 2026 208  7 27 19 48 19.800  38.47   721.5 0   168.5 0   503.5 0   325.7 0   386.9 0   303.511 0   303.646 0   488.4 0   303.471 0   303.762 0    92.0 0   267.9 0   551.4 0  -101.5 0   449.9 0    28.5 0    50.5 0     1.9 0   250.5 0   966.8 0
 2026 208  7 27 19 49 19.817  38.64   721.9 0   169.1 0   504.8 0   326.2 0   387.4 0   303.546 0   303.700 0   489.0 0   303.517 0   303.806 0    90.9 0   267.0 0   551.3 0  -101.6 0   449.7 0    28.6 0    50.2 0     2.5 0   229.2 0   966.8 0
 2026 208  7 27 19 50 19.833  38.82   711.2 0   163.1 0   475.6 0   332.3 0   388.9 0   303.582 0   303.758 0   487.8 0   303.547 0   303.832 0    88.4 0   259.9 0   539.7 0   -98.9 0   440.8 0    28.5 0    49.8 0     2.3 0   228.3 0   966.8 0
 2026 208  7 27 19 51 19.850  38.99   686.8 0   165.7 0   458.3 0   333.0 0   389.4 0   303.624 0   303.827 0   486.3 0   303.574 0   303.830 0    86.1 0   254.9 0   523.6 0   -96.9 0   426.6 0    28.4 0    49.6 0     2.6 0   228.4 0   966.8 0
 2026 208  7 27 19 52 19.867  39.17   621.8 0   139.4 0   363.2 0   332.1 0   390.6 0   303.664 0   303.849 0   485.2 0   303.599 0   303.844 0    81.4 0   233.1 0   474.3 0   -94.5 0   379.8 0    28.4 0    51.3 0     3.1 0   236.7 0   966.7 0
 2026 208  7 27 19 53 19.883  39.34   373.0 0    73.3 0    59.2 0   324.3 0   390.4 0   303.688 0   303.787 0   476.5 0   303.592 0   303.684 0    69.0 0   162.9 0   296.8 0   -86.1 0   210.7 0    28.4 0    53.5 0     3.2 0   249.8 0   966.7 0
 2026 208  7 27 19 54 19.900  39.52   428.7 0    94.6 0   135.0 0   330.6 0   389.3 0   303.665 0   303.586 0   471.3 0   303.540 0   303.592 0    69.7 0   182.1 0   340.2 0   -82.0 0   258.2 0    28.2 0    50.5 0     3.7 0   264.6 0   966.7 0
 2026 208  7 27 19 55 19.917  39.70   348.8 0    68.2 0    13.3 0   334.4 0   389.6 0   303.612 0   303.519 0   469.7 0   303.471 0   303.497 0    65.7 0   156.0 0   276.4 0   -80.1 0   196.3 0    28.0 0    52.4 0     3.9 0   252.2 0   966.7 0
 2026 208  7 27 19 56 19.933  39.87   349.2 0    73.2 0    23.2 0   333.6 0   389.0 0   303.546 0   303.421 0   468.9 0   303.379 0   303.384 0    65.8 0   159.0 0   278.2 0   -79.9 0   198.3 0    27.9 0    54.4 0     2.1 0   269.2 0   966.8 0
 2026 208  7 27 19 57 19.950  40.05   584.6 0   144.7 0   338.8 0   335.3 0   389.2 0   303.478 0   303.416 0   475.7 0   303.315 0   303.410 0    75.0 0   227.3 0   450.0 0   -86.4 0   363.6 0    27.9 0    52.4 0     2.7 0   235.5 0   966.7 0
 2026 208  7 27 19 58 19.967  40.23   714.2 0   170.4 0   487.1 0   339.1 0   389.0 0   303.449 0   303.513 0   483.5 0   303.299 0   303.543 0    80.8 0   260.2 0   540.7 0   -94.5 0   446.2 0    28.0 0    51.1 0     2.3 0   244.2 0   966.7 0
 2026 208  7 27 19 59 19.983  40.40   474.6 0    97.2 0   152.9 0   345.8 0   388.9 0   303.448 0   303.569 0   479.3 0   303.309 0   303.479 0    73.9 0   195.9 0   365.0 0   -90.4 0   274.6 0    28.1 0    52.3 0     2.7 0   242.9 0   966.8 0
 2026 208  7 27 20  0 20.000  40.58   456.0 0   102.2 0   159.5 0   343.0 0   386.9 0   303.426 0   303.441 0   474.1 0   303.268 0   303.350 0    73.3 0   195.7 0   361.9 0   -87.2 0   274.7 0    28.1 0    51.2 0     2.4 0   255.4 0   966.8 0
 2026 208  7 27 20  1 20.017  40.76   689.6 0   162.8 0   479.8 0   327.8 0   385.7 0   303.393 0   303.411 0   484.4 0   303.248 0   303.464 0    81.2 0   256.3 0   528.4 0   -98.7 0   429.7 0    28.2 0    51.5 0     1.5 0   261.8 0   966.8 0
 2026 208  7 27 20  2 20.033  40.94   672.7 0   157.7 0   475.6 0   313.9 0   384.6 0   303.386 0   303.450 0   482.7 0   303.269 0   303.512 0    81.1 0   251.0 0   515.4 0   -98.1 0   417.4 0    28.3 0    49.3 0     3.1 0   248.6 0   966.8 0
 2026 208  7 27 20  3 20.050  41.12   663.2 0   154.8 0   475.3 0   305.4 0   383.1 0   303.402 0   303.529 0   483.4 0   303.278 0   303.531 0    80.6 0   248.6 0   508.6 0  -100.3 0   408.3 0    28.3 0    49.3 0     1.7 0   227.5 0   966.7 0
 2026 208  7 27 20  4 20.067  41.30   655.0 0   152.6 0   473.4 0   299.3 0   382.5 0   303.427 0   303.570 0   486.2 0   303.307 0   303.584 0    79.8 0   246.0 0   502.3 0  -103.7 0   398.6 0    28.4 0    49.0 0     1.5 0   234.0 0   966.7 0
 2026 208  7 27 20  5 20.083  41.48   648.5 0   151.2 0   471.3 0   295.1 0   382.1 0   303.466 0   303.651 0   487.4 0   303.351 0   303.629 0    78.9 0   243.7 0   497.0 0  -105.2 0   391.8 0    28.6 0    50.7 0     1.7 0   221.6 0   966.7 0
 2026 208  7 27 20  6 20.100  41.66   641.6 0   150.1 0   467.6 0   292.2 0   381.3 0   303.513 0   303.686 0   486.0 0   303.393 0   303.656 0    77.9 0   241.1 0   491.5 0  -104.7 0   386.8 0    28.7 0    50.1 0     2.0 0   245.2 0   966.6 0
 2026 208  7 27 20  7 20.117  41.83   634.5 0   148.4 0   462.1 0   290.1 0   380.5 0   303.549 0   303.601 0   486.1 0   303.435 0   303.703 0    76.8 0   237.9 0   486.0 0  -105.7 0   380.3 0    28.8 0    48.6 0     1.4 0   247.9 0   966.6 0
 2026 208  7 27 20  8 20.133  42.02   629.5 0   147.6 0   458.9 0   288.7 0   380.7 0   303.568 0   303.608 0   485.0 0   303.479 0   303.717 0    75.7 0   235.8 0   482.1 0  -104.4 0   377.7 0    28.8 0    49.2 0     2.5 0   238.8 0   966.6 0
 2026 208  7 27 20  9 20.150  42.20   625.5 0   147.1 0   456.6 0   288.2 0   380.8 0   303.586 0   303.630 0   483.1 0   303.504 0   303.729 0    75.0 0   234.5 0   479.4 0  -102.3 0   377.1 0    28.7 0    50.7 0     2.4 0   245.1 0   966.6 0
 2026 208  7 27 20 10 20.167  42.38   628.1 0   148.4 0   462.2 0   288.6 0   380.4 0   303.601 0   303.566 0   479.8 0   303.521 0   303.713 0    74.7 0   236.0 0   481.6 0   -99.5 0   382.1 0    28.6 0    49.3 0     4.5 0   264.6 0   966.6 0
 2026 208  7 27 20 11 20.183  42.56   630.7 0   149.6 0   466.9 0   288.9 0   380.4 0   303.599 0   303.525 0   477.6 0   303.500 0   303.709 0    74.5 0   237.2 0   483.3 0   -97.1 0   386.1 0    28.4 0    49.4 0     4.1 0   262.1 0   966.6 0
 2026 208  7 27 20 12 20.200  42.74   633.6 0   150.0 0   471.4 0   289.4 0   380.8 0   303.591 0   303.510 0   479.0 0   303.472 0   303.702 0    74.2 0   238.5 0   485.5 0   -98.3 0   387.3 0    28.3 0    50.0 0     3.5 0   269.3 0   966.6 0
 2026 208  7 27 20 13 20.217  42.92   633.3 0   150.0 0   470.2 0   290.5 0   381.1 0   303.585 0   303.520 0   480.7 0   303.457 0   303.686 0    73.6 0   238.0 0   484.9 0   -99.6 0   385.3 0    28.3 0    49.9 0     2.7 0   268.7 0   966.6 0
 2026 208  7 27 20 14 20.233  43.10   634.7 0   150.2 0   468.6 0   293.3 0   382.2 0   303.584 0   303.591 0   483.2 0   303.452 0   303.705 0    73.1 0   237.7 0   485.2 0  -101.0 0   384.3 0    28.3 0    50.4 0     2.4 0   252.0 0   966.5 0
 2026 208  7 27 20 15 20.250  43.28   639.2 0   151.0 0   471.8 0   296.1 0   382.8 0   303.599 0   303.655 0   485.2 0   303.460 0   303.732 0    72.8 0   239.3 0   488.6 0  -102.3 0   386.3 0    28.5 0    49.6 0     1.9 0   262.4 0   966.5 0
 2026 208  7 27 20 16 20.267  43.46   636.9 0   150.2 0   471.0 0   295.5 0   383.5 0   303.616 0   303.641 0   485.2 0   303.488 0   303.785 0    72.2 0   238.4 0   487.1 0  -101.7 0   385.4 0    28.6 0    48.8 0     2.0 0   271.7 0   966.5 0
 2026 208  7 27 20 17 20.283  43.65   634.6 0   149.8 0   470.9 0   294.2 0   383.9 0   303.631 0   303.680 0   484.9 0   303.522 0   303.800 0    71.7 0   237.6 0   485.1 0  -101.0 0   384.1 0    28.8 0    49.9 0     2.1 0   259.0 0   966.5 0
 2026 208  7 27 20 18 20.300  43.83   630.5 0   148.8 0   468.3 0   293.4 0   383.9 0   303.652 0   303.708 0   484.5 0   303.547 0   303.823 0    71.0 0   236.0 0   482.4 0  -100.7 0   381.7 0    28.8 0    49.3 0     1.9 0   260.6 0   966.5 0
 2026 208  7 27 20 19 20.317  44.01   626.4 0   148.6 0   465.9 0   292.5 0   383.4 0   303.672 0   303.675 0   484.6 0   303.578 0   303.863 0    70.3 0   234.5 0   479.0 0  -101.3 0   377.7 0    28.9 0    48.1 0     2.1 0   265.6 0   966.5 0
 2026 208  7 27 20 20 20.333  44.19   623.7 0   147.9 0   466.0 0   290.8 0   383.2 0   303.681 0   303.652 0   484.7 0   303.609 0   303.897 0    69.9 0   233.6 0   477.1 0  -101.5 0   375.6 0    28.9 0    47.8 0     2.0 0   267.3 0   966.5 0
 2026 208  7 27 20 21 20.350  44.38   618.8 0   146.9 0   462.9 0   289.2 0   383.2 0   303.688 0   303.643 0   483.8 0   303.634 0   303.900 0    69.2 0   231.8 0   473.1 0  -100.6 0   372.5 0    28.9 0    48.1 0     2.5 0   267.9 0   966.5 0
 2026 208  7 27 20 22 20.367  44.56   610.9 0   145.4 0   455.0 0   288.2 0   383.3 0   303.695 0   303.678 0   483.6 0   303.651 0   303.903 0    68.3 0   228.7 0   466.9 0  -100.4 0   366.5 0    28.8 0    48.7 0     2.2 0   258.8 0   966.5 0
 2026 208  7 27 20 23 20.383  44.74   608.8 0   145.1 0   454.4 0   288.0 0   382.9 0   303.703 0   303.671 0   483.1 0   303.661 0   303.892 0    67.8 0   228.0 0   465.6 0  -100.2 0   365.4 0    28.8 0    48.9 0     2.5 0   241.1 0   966.5 0
 2026 208  7 27 20 24 20.400  44.92   608.4 0   145.3 0   454.8 0   288.4 0   383.4 0   303.709 0   303.722 0   482.9 0   303.665 0   303.891 0    67.3 0   227.8 0   465.1 0   -99.5 0   365.6 0    28.7 0    49.1 0     2.3 0   230.8 0   966.5 0
 2026 208  7 27 20 25 20.417  45.11   607.5 0   145.4 0   454.0 0   288.9 0   383.6 0   303.720 0   303.763 0   483.4 0   303.678 0   303.921 0    66.8 0   227.5 0   463.9 0   -99.8 0   364.1 0    28.7 0    50.4 0     2.2 0   249.1 0   966.5 0
 2026 208  7 27 20 26 20.433  45.29   605.4 0   144.8 0   450.6 0   289.6 0   383.8 0   303.729 0   303.711 0   484.4 0   303.700 0   303.948 0    66.0 0   226.2 0   461.8 0  -100.6 0   361.2 0    28.7 0    48.3 0     1.4 0   249.0 0   966.6 0
 2026 208  7 27 20 27 20.450  45.47   603.1 0   144.5 0   447.3 0   290.0 0   385.0 0   303.739 0   303.815 0   486.8 0   303.742 0   303.973 0    65.2 0   224.9 0   459.1 0  -101.8 0   357.3 0    28.9 0    50.6 0     1.5 0   242.1 0   966.5 0
 2026 208  7 27 20 28 20.467  45.66   601.1 0   144.6 0   444.8 0   291.0 0   385.8 0   303.765 0   303.842 0   486.1 0   303.776 0   303.981 0    64.4 0   223.6 0   457.2 0  -100.3 0   356.9 0    29.1 0    49.3 0     1.5 0   280.6 0   966.6 0
 2026 208  7 27 20 29 20.483  45.84   597.6 0   143.8 0   441.3 0   290.8 0   385.7 0   303.793 0   303.831 0   486.6 0   303.814 0   304.061 0    63.6 0   222.1 0   454.4 0  -100.8 0   353.6 0    29.3 0    48.7 0     1.2 0   269.2 0   966.6 0
 2026 208  7 27 20 30 20.500  46.03   592.4 0   142.5 0   434.7 0   291.5 0   386.4 0   303.810 0   303.856 0   487.5 0   303.860 0   304.097 0    62.8 0   220.0 0   450.8 0  -101.1 0   349.7 0    29.5 0    48.5 0     1.0 0   275.8 0   966.6 0
 2026 208  7 27 20 31 20.517  46.21   592.5 0   143.0 0   434.7 0   292.8 0   386.8 0   303.833 0   303.873 0   484.9 0   303.906 0   304.138 0    62.2 0   220.2 0   450.6 0   -98.1 0   352.5 0    29.5 0    47.8 0     2.2 0   268.5 0   966.7 0
 2026 208  7 27 20 32 20.533  46.40   405.4 0    81.0 0   150.3 0   295.4 0   386.9 0   303.849 0   303.828 0   478.7 0   303.926 0   304.073 0    56.8 0   169.8 0   318.0 0   -91.7 0   226.3 0    29.4 0    48.0 0     3.0 0   276.1 0   966.7 0
 2026 208  7 27 20 33 20.550  46.58   361.9 0    81.2 0   100.2 0   298.7 0   386.7 0   303.825 0   303.687 0   471.9 0   303.886 0   303.917 0    54.7 0   162.9 0   286.4 0   -85.2 0   201.2 0    29.0 0    48.6 0     2.6 0   291.2 0   966.7 0
 2026 208  7 27 20 34 20.567  46.77   572.6 0   140.1 0   409.1 0   295.1 0   386.4 0   303.783 0   303.658 0   478.7 0   303.836 0   303.963 0    59.1 0   212.8 0   435.2 0   -92.3 0   342.9 0    28.8 0    50.1 0     2.8 0   282.8 0   966.7 0
 2026 208  7 27 20 35 20.583  46.95   574.3 0   140.5 0   419.6 0   290.2 0   385.9 0   303.762 0   303.672 0   479.3 0   303.814 0   303.996 0    59.5 0   214.3 0   436.1 0   -93.4 0   342.7 0    28.7 0    49.1 0     3.1 0   278.5 0   966.7 0
 2026 208  7 27 20 36 20.600  47.14   571.3 0   140.1 0   421.3 0   287.0 0   385.3 0   303.749 0   303.649 0   478.5 0   303.787 0   303.988 0    59.1 0   213.2 0   433.5 0   -93.2 0   340.3 0    28.6 0    48.8 0     3.2 0   276.3 0   966.7 0
 2026 208  7 27 20 37 20.617  47.32   561.8 0   137.3 0   411.3 0   285.3 0   385.2 0   303.733 0   303.641 0   478.4 0   303.757 0   303.978 0    58.5 0   210.8 0   426.8 0   -93.2 0   333.6 0    28.6 0    47.9 0     2.8 0   268.9 0   966.7 0
 2026 208  7 27 20 38 20.633  47.51   553.2 0   134.8 0   402.2 0   283.7 0   385.0 0   303.718 0   303.639 0   480.1 0   303.733 0   303.962 0    57.5 0   206.8 0   420.6 0   -95.1 0   325.5 0    28.6 0    48.2 0     1.8 0   265.3 0   966.7 0
 2026 208  7 27 20 39 20.650  47.69   538.3 0   130.7 0   383.6 0   282.1 0   385.6 0   303.705 0   303.668 0   480.7 0   303.731 0   303.971 0    56.5 0   201.5 0   409.6 0   -95.1 0   314.5 0    28.7 0    48.3 0     1.9 0   259.9 0   966.7 0
 2026 208  7 27 20 40 20.667  47.88   543.9 0   132.3 0   393.3 0   281.9 0   385.7 0   303.706 0   303.717 0   480.5 0   303.730 0   303.931 0    56.6 0   203.9 0   413.5 0   -94.8 0   318.6 0    28.8 0    50.6 0     2.0 0   254.6 0   966.6 0
 2026 208  7 27 20 41 20.683  48.06   557.0 0   136.2 0   412.5 0   283.4 0   385.6 0   303.717 0   303.736 0   478.8 0   303.718 0   303.913 0    57.2 0   208.4 0   422.9 0   -93.3 0   329.6 0    28.8 0    50.0 0     3.2 0   260.0 0   966.6 0
 2026 208  7 27 20 42 20.700  48.25   572.2 0   140.5 0   434.8 0   285.0 0   385.1 0   303.728 0   303.698 0   478.2 0   303.701 0   303.913 0    57.9 0   213.8 0   434.1 0   -93.1 0   340.9 0    28.8 0    49.4 0     3.3 0   271.9 0   966.6 0
 2026 208  7 27 20 43 20.717  48.44   579.6 0   142.5 0   443.6 0   286.9 0   385.2 0   303.727 0   303.628 0   478.7 0   303.681 0   303.911 0    58.2 0   216.6 0   438.6 0   -93.5 0   345.2 0    28.7 0    49.6 0     2.7 0   282.0 0   966.6 0
 2026 208  7 27 20 44 20.733  48.62   576.6 0   141.6 0   440.8 0   287.4 0   386.4 0   303.719 0   303.670 0   481.3 0   303.667 0   303.887 0    57.6 0   215.2 0   437.2 0   -94.9 0   342.2 0    28.7 0    51.5 0     2.4 0   274.0 0   966.6 0
 2026 208  7 27 20 45 20.750  48.81   560.4 0   137.4 0   417.8 0   287.1 0   385.9 0   303.726 0   303.705 0   480.2 0   303.649 0   303.847 0    56.6 0   210.2 0   424.9 0   -94.3 0   330.6 0    28.8 0    49.8 0     2.8 0   261.5 0   966.6 0
 2026 208  7 27 20 46 20.767  48.99   546.2 0   133.3 0   399.5 0   286.1 0   385.9 0   303.729 0   303.692 0   479.9 0   303.632 0   303.857 0    55.5 0   205.5 0   415.0 0   -94.0 0   321.0 0    28.8 0    49.5 0     2.0 0   251.2 0   966.7 0
 2026 208  7 27 20 47 20.783  49.18   529.5 0   127.6 0   378.0 0   283.6 0   386.0 0   303.726 0   303.687 0   481.0 0   303.633 0   303.871 0    54.0 0   198.8 0   403.1 0   -95.0 0   308.0 0    28.9 0    49.0 0     1.1 0   266.6 0   966.6 0
 2026 208  7 27 20 48 20.800  49.37   398.7 0    91.0 0   186.0 0   279.9 0   386.9 0   303.715 0   303.723 0   478.6 0   303.646 0   303.801 0    49.9 0   163.3 0   310.0 0   -91.6 0   218.4 0    29.0 0    50.2 0     1.4 0   255.2 0   966.6 0
 2026 208  7 27 20 49 20.817  49.55   314.7 0    61.8 0    58.1 0   273.7 0   386.3 0   303.702 0   303.633 0   473.2 0   303.637 0   303.716 0    46.7 0   136.7 0   249.5 0   -86.9 0   162.6 0    29.0 0    49.5 0     2.4 0   275.7 0   966.6 0
 2026 208  7 27 20 50 20.833  49.74   286.9 0    58.0 0    21.9 0   271.8 0   386.3 0   303.655 0   303.496 0   469.4 0   303.595 0   303.625 0    45.6 0   130.7 0   227.9 0   -83.1 0   144.8 0    28.9 0    49.6 0     1.7 0   306.7 0   966.6 0
 2026 208  7 27 20 51 20.850  49.93   401.1 0    98.4 0   205.2 0   275.1 0   386.4 0   303.593 0   303.464 0   471.7 0   303.552 0   303.616 0    48.1 0   163.9 0   308.9 0   -85.2 0   223.7 0    28.7 0    50.7 0     2.2 0   306.3 0   966.6 0
 2026 208  7 27 20 52 20.867  50.11   513.4 0   126.3 0   363.2 0   280.1 0   386.6 0   303.549 0   303.440 0   476.7 0   303.523 0   303.663 0    51.0 0   193.8 0   386.7 0   -90.2 0   296.5 0    28.6 0    49.9 0     2.0 0   304.7 0   966.5 0
 2026 208  7 27 20 53 20.883  50.30   488.0 0   117.9 0   329.1 0   277.7 0   386.6 0   303.523 0   303.430 0   478.0 0   303.514 0   303.706 0    50.8 0   187.3 0   370.1 0   -91.4 0   278.7 0    28.7 0    49.8 0     1.9 0   292.4 0   966.5 0
 2026 208  7 27 20 54 20.900  50.49   494.0 0   120.2 0   348.7 0   273.1 0   386.5 0   303.504 0   303.436 0   478.9 0   303.511 0   303.707 0    50.6 0   188.0 0   374.8 0   -92.3 0   282.5 0    28.8 0    49.9 0     2.0 0   301.8 0   966.5 0
 2026 208  7 27 20 55 20.917  50.68   489.1 0   119.6 0   348.6 0   269.2 0   386.6 0   303.490 0   303.430 0   479.6 0   303.508 0   303.683 0    49.8 0   185.1 0   370.5 0   -93.0 0   277.4 0    28.8 0    51.0 0     1.3 0   314.3 0   966.4 0
 2026 208  7 27 20 56 20.933  50.86   469.5 0   114.7 0   323.3 0   266.1 0   387.0 0   303.483 0   303.488 0   478.7 0   303.508 0   303.664 0    48.4 0   177.5 0   355.5 0   -91.7 0   263.7 0    28.9 0    49.9 0     1.6 0   315.5 0   966.4 0
 2026 208  7 27 20 57 20.950  51.05   417.5 0    97.2 0   237.6 0   265.8 0   386.6 0   303.477 0   303.422 0   477.3 0   303.510 0   303.688 0    46.6 0   161.2 0   317.9 0   -90.7 0   227.2 0    29.0 0    49.4 0     1.4 0   299.9 0   966.4 0
 2026 208  7 27 20 58 20.967  51.24   411.0 0    95.3 0   227.6 0   267.6 0   387.4 0   303.459 0   303.426 0   476.3 0   303.508 0   303.645 0    45.9 0   159.5 0   314.8 0   -88.9 0   225.9 0    29.0 0    51.5 0     1.6 0   276.1 0   966.4 0
 2026 208  7 27 20 59 20.983  51.43   341.1 0    79.4 0   124.2 0   267.9 0   387.1 0   303.444 0   303.396 0   471.9 0   303.490 0   303.576 0    43.9 0   141.8 0   266.0 0   -84.7 0   181.2 0    29.0 0    50.3 0     2.0 0   279.8 0   966.4 0
 2026 208  7 27 21  0 21.000  51.61   400.0 0    95.9 0   209.1 0   270.6 0   387.5 0   303.420 0   303.325 0   472.3 0   303.465 0   303.587 0    44.4 0   155.4 0   304.5 0   -84.8 0   219.7 0    28.9 0    49.1 0     2.4 0   287.1 0   966.4 0
 2026 208  7 27 21  1 21.017  51.80   439.4 0   109.0 0   268.9 0   274.9 0   387.9 0   303.392 0   303.274 0   472.9 0   303.442 0   303.618 0    44.7 0   164.7 0   332.2 0   -85.0 0   247.2 0    28.7 0    48.6 0     2.1 0   274.2 0   966.4 0
 2026 208  7 27 21  2 21.033  51.99   446.5 0   111.0 0   277.9 0   276.9 0   388.6 0   303.369 0   303.303 0   475.4 0   303.429 0   303.615 0    44.6 0   166.6 0   337.1 0   -86.7 0   250.3 0    28.7 0    50.3 0     1.9 0   271.1 0   966.4 0
 2026 208  7 27 21  3 21.050  52.18   439.7 0   109.1 0   267.7 0   277.1 0   388.8 0   303.358 0   303.326 0   474.4 0   303.413 0   303.587 0    43.8 0   164.1 0   332.2 0   -85.6 0   246.5 0    28.7 0    48.5 0     2.0 0   253.9 0   966.4 0
 2026 208  7 27 21  4 21.067  52.37   434.0 0   107.6 0   260.6 0   276.7 0   389.2 0   303.349 0   303.344 0   475.6 0   303.403 0   303.592 0    42.9 0   160.9 0   328.2 0   -86.4 0   241.8 0    28.8 0    49.2 0     1.7 0   246.0 0   966.4 0
 2026 208  7 27 21  5 21.083  52.55   404.5 0    98.7 0   221.8 0   271.6 0   389.0 0   303.345 0   303.352 0   474.4 0   303.400 0   303.554 0    41.6 0   151.8 0   307.8 0   -85.3 0   222.4 0    28.8 0    48.7 0     1.7 0   250.5 0   966.4 0
 2026 208  7 27 21  6 21.100  52.74   387.4 0    94.2 0   205.7 0   264.7 0   389.6 0   303.335 0   303.325 0   474.4 0   303.402 0   303.560 0    40.2 0   145.3 0   295.0 0   -84.8 0   210.2 0    28.9 0    49.1 0     1.1 0   254.2 0   966.4 0
 2026 208  7 27 21  7 21.117  52.93   365.1 0    87.7 0   180.0 0   258.0 0   390.0 0   303.323 0   303.310 0   473.7 0   303.405 0   303.494 0    38.8 0   138.0 0   278.8 0   -83.7 0   195.2 0    29.0 0    50.4 0     1.7 0   279.0 0   966.5 0
 2026 208  7 27 21  8 21.133  53.12   296.1 0    66.0 0    73.7 0   251.2 0   390.1 0   303.304 0   303.220 0   470.6 0   303.389 0   303.461 0    36.9 0   119.1 0   229.4 0   -80.5 0   148.9 0    29.0 0    50.2 0     1.6 0   289.1 0   966.5 0
 2026 208  7 27 21  9 21.150  53.31   341.8 0    82.8 0   156.4 0   250.5 0   390.3 0   303.266 0   303.125 0   470.1 0   303.367 0   303.464 0    37.0 0   130.8 0   261.1 0   -79.7 0   181.4 0    28.8 0    48.8 0     1.8 0   277.0 0   966.5 0
 2026 208  7 27 21 10 21.167  53.50   353.2 0    86.2 0   177.3 0   249.3 0   390.9 0   303.225 0   303.108 0   471.0 0   303.350 0   303.480 0    36.7 0   133.1 0   268.6 0   -80.0 0   188.5 0    28.8 0    49.7 0     1.8 0   275.0 0   966.5 0
 2026 208  7 27 21 11 21.183  53.68   288.0 0    64.2 0    69.7 0   245.6 0   391.2 0   303.188 0   303.076 0   468.9 0   303.326 0   303.420 0    35.2 0   115.0 0   222.7 0   -77.7 0   145.0 0    28.7 0    49.3 0     1.8 0   267.5 0   966.5 0
 2026 208  7 27 21 12 21.200  53.87   268.1 0    59.1 0    47.9 0   240.8 0   391.7 0   303.143 0   303.010 0   467.6 0   303.294 0   303.370 0    34.1 0   109.7 0   209.9 0   -75.9 0   134.0 0    28.6 0    50.4 0     1.4 0   276.7 0   966.5 0
 2026 208  7 27 21 13 21.217  54.06   252.1 0    53.9 0    28.1 0   235.1 0   392.3 0   303.090 0   302.954 0   467.7 0   303.264 0   303.340 0    33.3 0   104.1 0   197.7 0   -75.4 0   122.3 0    28.6 0    49.8 0     1.0 0   284.3 0   966.5 0
 2026 208  7 27 21 14 21.233  54.25   276.0 0    62.2 0    75.1 0   232.2 0   392.5 0   303.035 0   302.932 0   468.1 0   303.241 0   303.330 0    33.4 0   111.8 0   213.9 0   -75.6 0   138.3 0    28.6 0    50.0 0     0.7 0   272.9 0   966.4 0
 2026 208  7 27 21 15 21.250  54.44   284.4 0    64.6 0    89.7 0   231.6 0   392.2 0   302.989 0   302.928 0   468.9 0   303.228 0   303.307 0    33.6 0   113.6 0   219.1 0   -76.7 0   142.4 0    28.7 0    50.4 0     0.6 0   224.5 0   966.4 0
 2026 208  7 27 21 16 21.267  54.63   322.4 0    76.9 0   161.1 0   230.0 0   391.5 0   302.957 0   302.939 0   470.8 0   303.222 0   303.341 0    34.1 0   123.8 0   246.4 0   -79.3 0   167.1 0    28.7 0    49.2 0     0.7 0   237.0 0   966.4 0
 2026 208  7 27 21 17 21.283  54.82   301.9 0    68.2 0   128.4 0   226.6 0   390.9 0   302.941 0   302.948 0   471.0 0   303.230 0   303.336 0    33.8 0   118.0 0   232.4 0   -80.1 0   152.3 0    28.9 0    50.4 0     0.5 0   241.3 0   966.4 0
 2026 208  7 27 21 18 21.300  55.01   266.8 0    60.3 0    77.7 0   223.8 0   390.3 0   302.929 0   302.910 0   468.6 0   303.231 0   303.308 0    32.9 0   109.1 0   208.0 0   -78.3 0   129.7 0    28.9 0    50.6 0     0.8 0   244.1 0   966.4 0
 2026 208  7 27 21 19 21.317  55.19   269.5 0    58.3 0    78.2 0   222.9 0   390.1 0   302.908 0   302.899 0   469.3 0   303.229 0   303.311 0    32.6 0   108.1 0   209.3 0   -79.1 0   130.2 0    29.0 0    49.1 0     0.4 0   245.7 0   966.4 0
 2026 208  7 27 21 20 21.333  55.38   223.1 0    46.0 0     3.6 0   220.9 0   390.1 0   302.892 0   302.881 0   467.3 0   303.227 0   303.249 0    31.5 0    95.8 0   176.9 0   -77.2 0    99.7 0    29.1 0    50.7 0     0.2 0   248.5 0   966.4 0
 2026 208  7 27 21 21 21.350  55.57   223.8 0    46.1 0     3.6 0   221.0 0   390.3 0   302.874 0   302.861 0   466.8 0   303.215 0   303.226 0    31.3 0    95.8 0   177.0 0   -76.5 0   100.4 0    29.1 0    49.9 0     0.2 0   261.1 0   966.4 0
 2026 208  7 27 21 22 21.367  55.76   221.2 0    45.1 0     0.9 0   220.3 0   390.4 0   302.854 0   302.839 0   466.4 0   303.208 0   303.249 0    31.0 0    95.2 0   175.7 0   -76.0 0    99.8 0    29.1 0    48.4 0     0.1 0   255.5 0   966.4 0
 2026 208  7 27 21 23 21.383  55.95   222.3 0    45.6 0     3.4 0   219.5 0   390.8 0   302.832 0   302.799 0   466.2 0   303.207 0   303.236 0    30.7 0    95.2 0   175.9 0   -75.5 0   100.4 0    29.2 0    48.6 0     0.5 0   274.1 0   966.4 0
 2026 208  7 27 21 24 21.400  56.14   232.3 0    51.3 0    23.9 0   220.3 0   391.5 0   302.801 0   302.738 0   465.9 0   303.198 0   303.231 0    30.6 0    98.1 0   182.4 0   -74.4 0   108.0 0    29.1 0    48.4 0     0.6 0   259.6 0   966.4 0
 2026 208  7 27 21 25 21.417  56.33   259.9 0    57.1 0    62.0 0   224.4 0   392.5 0   302.768 0   302.734 0   467.2 0   303.193 0   303.230 0    30.8 0   105.3 0   201.7 0   -74.7 0   127.0 0    29.1 0    49.5 0     0.3 0   266.8 0   966.4 0
 2026 208  7 27 21 26 21.433  56.52   242.6 0    52.5 0    27.1 0   226.0 0   393.3 0   302.745 0   302.729 0   467.6 0   303.189 0   303.247 0    30.1 0    99.2 0   188.5 0   -74.3 0   114.1 0    29.1 0    49.4 0     0.4 0   286.7 0   966.4 0
 2026 208  7 27 21 27 21.450  56.71   281.1 0    64.8 0   104.6 0   224.0 0   394.2 0   302.724 0   302.727 0   468.8 0   303.194 0   303.271 0    30.3 0   111.0 0   216.6 0   -74.6 0   142.0 0    29.2 0    50.2 0     0.0 0   298.1 0   966.4 0
 2026 208  7 27 21 28 21.467  56.89   234.2 0    50.0 0    23.0 0   221.1 0   394.8 0   302.713 0   302.742 0   468.2 0   303.200 0   303.243 0    29.0 0    95.4 0   183.7 0   -73.4 0   110.3 0    29.3 0    49.6 0     0.0 0     0.0 0   966.4 0
 2026 208  7 27 21 29 21.483  57.08   218.3 0    46.0 0     3.3 0   216.7 0   394.9 0   302.708 0   302.751 0   466.9 0   303.203 0   303.253 0    28.3 0    90.7 0   172.5 0   -72.0 0   100.5 0    29.4 0    48.5 0     0.0 0   305.5 0   966.4 0
 2026 208  7 27 21 30 21.500  57.27   212.9 0    44.8 0     1.4 0   211.9 0   394.6 0   302.704 0   302.719 0   466.0 0   303.202 0   303.246 0    27.7 0    88.5 0   167.8 0   -71.4 0    96.5 0    29.3 0    48.4 0     0.4 0   313.4 0   966.4 0
 2026 208  7 27 21 31 21.517  57.46   218.4 0    47.6 0    16.6 0   209.3 0   394.6 0   302.683 0   302.637 0   465.6 0   303.202 0   303.263 0    27.5 0    90.2 0   170.7 0   -71.0 0    99.6 0    29.3 0    49.3 0     0.3 0   314.8 0   966.4 0
 2026 208  7 27 21 32 21.533  57.65   277.0 0    65.2 0   121.5 0   211.5 0   394.8 0   302.656 0   302.631 0   467.7 0   303.208 0   303.309 0    28.2 0   107.2 0   211.3 0   -73.0 0   138.4 0    29.3 0    48.9 0     0.0 0   314.7 0   966.4 0
 2026 208  7 27 21 33 21.550  57.84   232.4 0    50.8 0    44.5 0   208.6 0   394.9 0   302.638 0   302.629 0   467.1 0   303.220 0   303.297 0    27.3 0    92.9 0   181.4 0   -72.1 0   109.3 0    29.4 0    48.8 0     0.0 0   305.3 0   966.4 0
 2026 208  7 27 21 34 21.567  58.03   204.3 0    42.9 0     2.8 0   202.6 0   395.1 0   302.621 0   302.605 0   465.8 0   303.223 0   303.262 0    26.5 0    84.1 0   161.1 0   -70.7 0    90.4 0    29.4 0    49.6 0     0.1 0   311.7 0   966.4 0
 2026 208  7 27 21 35 21.583  58.22   200.1 0    42.3 0     3.1 0   197.7 0   395.3 0   302.598 0   302.555 0   464.9 0   303.210 0   303.219 0    26.0 0    82.2 0   156.9 0   -69.7 0    87.3 0    29.4 0    49.3 0     0.3 0   309.8 0   966.4 0
 2026 208  7 27 21 36 21.600  58.41   193.0 0    40.4 0     0.8 0   191.7 0   395.7 0   302.567 0   302.514 0   464.1 0   303.200 0   303.217 0    25.4 0    79.2 0   151.7 0   -68.3 0    83.3 0    29.2 0    48.5 0     0.1 0   337.7 0   966.4 0
 2026 208  7 27 21 37 21.617  58.60   180.1 0    37.3 0     0.6 0   179.6 0   397.0 0   302.533 0   302.474 0   463.8 0   303.188 0   303.180 0    24.5 0    73.8 0   142.6 0   -66.8 0    75.8 0    29.2 0    49.4 0     0.3 0   300.6 0   966.4 0
 2026 208  7 27 21 38 21.633  58.79   164.0 0    34.0 0     0.8 0   163.8 0   399.9 0   302.496 0   302.368 0   462.3 0   303.168 0   303.157 0    22.9 0    67.1 0   130.2 0   -62.4 0    67.8 0    29.0 0    49.7 0     1.1 0   295.9 0   966.4 0
 2026 208  7 27 21 39 21.650  58.98   155.7 0    33.0 0     1.1 0   155.0 0   404.0 0   302.448 0   302.283 0   461.1 0   303.138 0   303.134 0    21.5 0    63.2 0   122.6 0   -57.1 0    65.5 0    28.8 0    50.9 0     1.4 0   291.0 0   966.5 0
 2026 208  7 27 21 40 21.667  59.17   156.8 0    34.5 0     1.3 0   155.3 0   408.2 0   302.395 0   302.219 0   460.3 0   303.091 0   303.075 0    20.6 0    63.1 0   121.5 0   -52.1 0    69.4 0    28.5 0    50.4 0     1.6 0   274.6 0   966.5 0
 2026 208  7 27 21 41 21.683  59.36   165.0 0    36.9 0     1.4 0   162.8 0   410.7 0   302.344 0   302.213 0   460.1 0   303.033 0   303.022 0    20.4 0    66.0 0   126.6 0   -49.4 0    77.2 0    28.3 0    51.3 0     1.7 0   272.8 0   966.5 0
 2026 208  7 27 21 42 21.700  59.55   169.6 0    38.0 0     1.3 0   167.9 0   410.5 0   302.300 0   302.183 0   460.2 0   302.973 0   302.960 0    20.7 0    67.8 0   130.6 0   -49.7 0    80.9 0    28.1 0    52.2 0     1.7 0   268.4 0   966.5 0
 2026 208  7 27 21 43 21.717  59.73   166.0 0    37.3 0     1.5 0   165.4 0   408.7 0   302.256 0   302.132 0   459.9 0   302.910 0   302.890 0    20.6 0    66.7 0   128.9 0   -51.1 0    77.7 0    28.0 0    53.4 0     2.0 0   262.4 0   966.5 0
 2026 208  7 27 21 44 21.733  59.92   162.1 0    36.8 0     2.5 0   161.6 0   408.2 0   302.211 0   302.095 0   459.6 0   302.840 0   302.845 0    20.1 0    65.2 0   126.1 0   -51.4 0    74.7 0    27.9 0    53.0 0     2.0 0   262.2 0   966.4 0
 2026 208  7 27 21 45 21.750  60.11   178.2 0    42.3 0    34.1 0   161.8 0   409.9 0   302.168 0   302.061 0   460.0 0   302.777 0   302.792 0    19.5 0    69.0 0   136.5 0   -50.1 0    86.4 0    27.9 0    53.5 0     1.7 0   265.6 0   966.4 0
 2026 208  7 27 21 46 21.767  60.30   168.1 0    39.3 0     4.2 0   166.2 0   412.8 0   302.129 0   302.030 0   460.4 0   302.721 0   302.742 0    18.7 0    66.2 0   128.9 0   -47.6 0    81.3 0    27.9 0    55.0 0     1.4 0   261.8 0   966.4 0
 2026 208  7 27 21 47 21.783  60.49   176.8 0    42.2 0     4.2 0   175.0 0   415.4 0   302.091 0   302.012 0   461.4 0   302.668 0   302.702 0    18.4 0    69.3 0   134.9 0   -46.0 0    88.9 0    27.8 0    55.2 0     1.5 0   261.5 0   966.4 0
 2026 208  7 27 21 48 21.800  60.68   186.2 0    44.6 0     5.7 0   184.0 0   416.4 0   302.057 0   302.016 0   462.2 0   302.619 0   302.665 0    18.5 0    72.5 0   142.2 0   -45.8 0    96.3 0    27.8 0    53.4 0     1.6 0   260.8 0   966.4 0
 2026 208  7 27 21 49 21.817  60.87   191.9 0    45.8 0     5.2 0   189.9 0   415.9 0   302.031 0   302.029 0   462.4 0   302.573 0   302.625 0    18.9 0    74.8 0   146.6 0   -46.5 0   100.1 0    27.9 0    54.0 0     1.4 0   262.9 0   966.4 0
 2026 208  7 27 21 50 21.833  61.06   202.1 0    49.0 0    12.1 0   196.6 0   415.4 0   302.013 0   302.043 0   463.4 0   302.533 0   302.585 0    19.2 0    78.4 0   153.5 0   -48.0 0   105.5 0    27.9 0    54.8 0     1.1 0   263.6 0   966.4 0
 2026 208  7 27 21 51 21.850  61.25   253.3 0    67.5 0   109.6 0   203.1 0   414.7 0   302.004 0   302.066 0   465.4 0   302.507 0   302.612 0    19.8 0 -9999.9 1   188.3 0   -50.7 0   137.6 0    28.0 0    54.9 0     1.0 0   264.2 0   966.5 0
 2026 208  7 27 21 52 21.867  61.44   279.7 0    75.7 0   156.5 0   207.6 0   413.8 0   302.009 0   302.084 0   467.2 0   302.496 0   302.632 0    20.1 0 -9999.9 1   206.7 0   -53.4 0   153.3 0    28.1 0    53.1 0     1.3 0   267.9 0   966.5 0
 2026 208  7 27 21 53 21.883  61.63   262.6 0    66.4 0    98.6 0   214.7 0   413.5 0   302.026 0   302.130 0   467.0 0   302.493 0   302.632 0    20.1 0    94.7 0   195.1 0   -53.5 0   141.6 0    28.3 0    52.9 0     1.1 0   265.7 0   966.4 0
 2026 208  7 27 21 54 21.900  61.82   249.5 0    64.3 0    55.9 0   225.2 0   413.0 0   302.048 0   302.190 0   466.5 0   302.486 0   302.595 0    20.2 0    94.1 0   187.3 0   -53.5 0   133.8 0    28.4 0    53.3 0     0.9 0   264.4 0   966.5 0
 2026 208  7 27 21 55 21.917  62.01   305.5 0    82.4 0   168.6 0   229.6 0   412.6 0   302.076 0   302.256 0   469.3 0   302.482 0   302.606 0    20.6 0 -9999.9 1   226.3 0   -56.7 0   169.6 0    28.5 0    53.6 0     0.7 0   264.2 0   966.5 0
 2026 208  7 27 21 56 21.933  62.20   296.9 0    79.4 0   157.0 0   227.6 0   412.3 0   302.118 0   302.303 0   469.9 0   302.492 0   302.620 0    20.5 0 -9999.9 1   221.5 0   -57.7 0   163.8 0    28.7 0    54.0 0     0.8 0   265.1 0   966.5 0
 2026 208  7 27 21 57 21.950  62.39   292.2 0    78.7 0   159.6 0   223.0 0   411.9 0   302.162 0   302.325 0   469.4 0   302.502 0   302.632 0    20.2 0 -9999.9 1   218.3 0   -57.5 0   160.9 0    28.9 0    52.4 0     1.5 0   267.9 0   966.6 0
 2026 208  7 27 21 58 21.967  62.57   278.2 0    74.6 0   142.7 0   217.4 0   411.9 0   302.202 0   302.312 0   466.9 0   302.507 0   302.624 0    19.8 0 -9999.9 1   208.5 0   -55.0 0   153.5 0    28.8 0    51.6 0     1.9 0   252.2 0   966.6 0
 2026 208  7 27 21 59 21.983  62.76   283.9 0    76.8 0   161.7 0   214.8 0   412.1 0   302.236 0   302.370 0   467.2 0   302.503 0   302.627 0    19.6 0 -9999.9 1   212.1 0   -55.2 0   156.9 0    28.7 0    50.7 0     1.0 0   233.1 0   966.6 0
 2026 208  7 27 22  0 22.000  62.95   293.6 0    79.7 0   180.2 0   216.4 0   411.4 0   302.278 0   302.438 0   468.2 0   302.517 0   302.661 0    19.7 0 -9999.9 1   218.6 0   -56.8 0   161.8 0    28.8 0    51.3 0     1.4 0   263.9 0   966.6 0
 2026 208  7 27 22  1 22.017  63.14   280.5 0    74.7 0   157.1 0   214.2 0   409.0 0   302.324 0   302.457 0   467.7 0   302.532 0   302.669 0    19.8 0 -9999.9 1   210.5 0   -58.7 0   151.8 0    28.8 0    51.4 0     1.1 0   261.6 0   966.6 0
 2026 208  7 27 22  2 22.033  63.33   255.1 0    66.1 0   120.9 0   205.7 0   406.1 0   302.366 0   302.505 0   467.8 0   302.542 0   302.641 0    19.5 0    93.9 0   193.8 0   -61.7 0   132.1 0    28.9 0    53.5 0     0.9 0   239.9 0   966.6 0
 2026 208  7 27 22  3 22.050  63.52   236.1 0    60.6 0   106.7 0   193.8 0   403.3 0   302.408 0   302.499 0   466.5 0   302.542 0   302.627 0    19.1 0    88.2 0   180.8 0   -63.2 0   117.5 0    28.8 0    50.7 0     1.4 0   225.2 0   966.6 0
 2026 208  7 27 22  4 22.067  63.71   205.8 0    50.8 0    65.3 0   181.5 0   401.2 0   302.431 0   302.449 0   464.1 0   302.534 0   302.593 0    18.4 0    79.5 0   159.6 0   -62.8 0    96.7 0    28.7 0    51.0 0     1.7 0   228.7 0   966.6 0
 2026 208  7 27 22  5 22.083  63.90   184.2 0    44.3 0    39.4 0   170.7 0   399.7 0   302.436 0   302.410 0   461.7 0   302.517 0   302.555 0    17.7 0    72.8 0   143.8 0   -62.0 0    81.8 0    28.5 0    52.5 0     1.3 0   235.0 0   966.6 0
 2026 208  7 27 22  6 22.100  64.09   166.4 0    39.3 0    24.3 0   159.7 0   398.8 0   302.426 0   302.350 0   461.1 0   302.502 0   302.528 0    17.0 0    66.5 0   131.0 0   -62.4 0    68.6 0    28.4 0    54.0 0     1.3 0   240.4 0   966.6 0
 2026 208  7 27 22  7 22.117  64.28   153.0 0    36.1 0    19.5 0   148.2 0   399.1 0   302.404 0   302.288 0   460.2 0   302.482 0   302.508 0    16.0 0    61.4 0   120.6 0   -61.1 0    59.5 0    28.3 0    53.9 0     1.4 0   252.5 0   966.6 0
 2026 208  7 27 22  8 22.133  64.47   148.6 0    35.6 0    21.5 0   142.4 0   400.1 0   302.370 0   302.224 0   458.9 0   302.453 0   302.457 0    15.2 0    59.3 0   116.1 0   -58.8 0    57.3 0    28.2 0    54.1 0     2.1 0   259.3 0   966.6 0
 2026 208  7 27 22  9 22.150  64.65   148.2 0    36.2 0    24.5 0   140.6 0   401.0 0   302.328 0   302.150 0   457.3 0   302.405 0   302.389 0    14.7 0    58.7 0   114.8 0   -56.2 0    58.6 0    28.0 0    54.1 0     2.4 0   261.3 0   966.6 0
 2026 208  7 27 22 10 22.167  64.84   144.4 0    35.1 0    20.5 0   138.6 0   401.5 0   302.276 0   302.079 0   456.6 0   302.345 0   302.335 0    14.4 0    57.3 0   112.2 0   -55.2 0    57.0 0    27.9 0    54.5 0     2.0 0   257.7 0   966.6 0
 2026 208  7 27 22 11 22.183  65.03   144.6 0    35.4 0    27.2 0   136.1 0   401.4 0   302.220 0   302.037 0   456.4 0   302.289 0   302.283 0    14.1 0    57.0 0   112.2 0   -55.0 0    57.2 0    27.8 0    54.6 0     1.6 0   249.5 0   966.5 0
 2026 208  7 27 22 12 22.200  65.22   146.1 0    36.3 0    32.7 0   135.4 0   400.6 0   302.166 0   301.982 0   456.6 0   302.236 0   302.223 0    13.8 0    57.1 0   112.9 0   -55.9 0    56.9 0    27.7 0    54.4 0     1.5 0   271.3 0   966.5 0
 2026 208  7 27 22 13 22.217  65.41   153.5 0    38.9 0    47.0 0   136.9 0   400.2 0   302.113 0   301.907 0   457.2 0   302.191 0   302.216 0    13.7 0    58.9 0   117.6 0   -57.0 0    60.6 0    27.7 0    53.2 0     1.3 0   267.1 0   966.5 0
 2026 208  7 27 22 14 22.233  65.60   165.6 0    43.3 0    71.6 0   139.6 0   400.4 0   302.064 0   301.897 0   458.0 0   302.156 0   302.202 0    13.6 0    62.1 0   125.9 0   -57.6 0    68.2 0    27.8 0    52.6 0     1.4 0   262.0 0   966.5 0
 2026 208  7 27 22 15 22.250  65.79   186.9 0    51.4 0   114.8 0   144.2 0   400.9 0   302.026 0   301.897 0   459.0 0   302.125 0   302.188 0    13.5 0 -9999.9 1   139.8 0   -58.0 0    81.8 0    27.9 0    52.8 0     1.3 0   260.7 0   966.5 0
 2026 208  7 27 22 16 22.267  65.97   194.0 0    53.5 0   116.2 0   150.8 0   402.4 0   301.999 0   301.894 0   460.2 0   302.101 0   302.171 0    13.3 0 -9999.9 1   144.6 0   -57.8 0    86.9 0    27.9 0    52.0 0     1.2 0   271.5 0   966.5 0
 2026 208  7 27 22 17 22.283  66.16   195.8 0    53.4 0   102.4 0   158.2 0   403.3 0   301.979 0   301.876 0   460.6 0   302.081 0   302.160 0    13.2 0 -9999.9 1   146.2 0   -57.2 0    89.0 0    28.0 0    53.5 0     1.1 0   284.0 0   966.5 0
 2026 208  7 27 22 18 22.300  66.35   205.6 0    56.6 0   114.7 0   163.8 0   404.6 0   301.957 0   301.852 0   461.1 0   302.067 0   302.164 0    13.2 0 -9999.9 1   153.2 0   -56.5 0    96.7 0    28.1 0    52.9 0     1.1 0   282.6 0   966.5 0
 2026 208  7 27 22 19 22.317  66.54   208.8 0    57.3 0   114.2 0   167.5 0   405.8 0   301.940 0   301.877 0   461.9 0   302.057 0   302.161 0    13.1 0 -9999.9 1   155.6 0   -56.1 0    99.5 0    28.2 0    52.5 0     1.0 0   279.3 0   966.5 0
 2026 208  7 27 22 20 22.333  66.73   207.2 0    56.6 0   103.4 0   170.4 0   407.1 0   301.930 0   301.887 0   462.2 0   302.048 0   302.137 0    12.8 0 -9999.9 1   154.7 0   -55.0 0    99.7 0    28.2 0    53.9 0     0.8 0   287.0 0   966.6 0
 2026 208  7 27 22 21 22.350  66.92   212.0 0    58.3 0   109.7 0   173.3 0   408.3 0   301.925 0   301.887 0   462.5 0   302.038 0   302.135 0    12.7 0 -9999.9 1   158.0 0   -54.2 0   103.7 0    28.3 0    53.4 0     1.2 0   279.2 0   966.6 0
 2026 208  7 27 22 22 22.367  67.10   214.0 0    58.8 0   108.9 0   175.9 0   408.9 0   301.923 0   301.901 0   462.8 0   302.030 0   302.128 0    12.5 0 -9999.9 1   159.5 0   -53.9 0   105.6 0    28.3 0    53.2 0     1.3 0   275.8 0   966.6 0
 2026 208  7 27 22 23 22.383  67.29   211.7 0    57.8 0   103.0 0   176.4 0   408.1 0   301.927 0   301.941 0   463.0 0   302.021 0   302.100 0    12.5 0 -9999.9 1   158.3 0   -54.9 0   103.4 0    28.3 0    54.1 0     0.9 0   279.4 0   966.6 0
 2026 208  7 27 22 24 22.400  67.48   211.4 0    57.8 0   107.6 0   175.0 0   406.2 0   301.938 0   301.962 0   463.1 0   302.011 0   302.089 0    12.5 0 -9999.9 1   158.4 0   -56.9 0   101.5 0    28.4 0    53.2 0     0.8 0   258.2 0   966.6 0
 2026 208  7 27 22 25 22.417  67.67   210.0 0    56.8 0   106.4 0   174.3 0   404.3 0   301.951 0   301.996 0   463.1 0   302.010 0   302.109 0    12.6 0 -9999.9 1   157.9 0   -58.9 0    99.0 0    28.5 0    51.4 0     0.6 0   249.0 0   966.7 0
 2026 208  7 27 22 26 22.433  67.86   209.8 0    56.6 0   107.1 0   174.2 0   402.3 0   301.973 0   302.030 0   462.9 0   302.020 0   302.129 0    12.7 0 -9999.9 1   158.0 0   -60.6 0    97.4 0    28.6 0    51.9 0     0.8 0   257.7 0   966.7 0
 2026 208  7 27 22 27 22.450  68.04   211.2 0    56.8 0   110.8 0   174.6 0   400.8 0   301.998 0   302.044 0   462.9 0   302.030 0   302.147 0    12.7 0    77.8 0   159.2 0   -62.1 0    97.2 0    28.7 0    52.1 0     0.6 0   257.7 0   966.7 0
 2026 208  7 27 22 28 22.467  68.23   211.0 0    56.5 0   108.5 0   175.5 0   400.0 0   302.020 0   302.054 0   463.2 0   302.044 0   302.154 0    12.8 0    78.0 0   159.3 0   -63.2 0    96.0 0    28.7 0    52.5 0     0.5 0   262.3 0   966.7 0
 2026 208  7 27 22 29 22.483  68.42   212.2 0    56.8 0   107.8 0   177.2 0   399.6 0   302.041 0   302.071 0   463.4 0   302.053 0   302.131 0    12.8 0    78.5 0   160.1 0   -63.8 0    96.3 0    28.8 0    54.2 0     0.6 0   255.7 0   966.7 0
 2026 208  7 27 22 30 22.500  68.61   210.4 0    56.1 0    98.4 0   179.2 0   399.8 0   302.060 0   302.081 0   463.4 0   302.057 0   302.134 0    12.8 0    78.1 0   159.0 0   -63.5 0    95.5 0    28.8 0    54.7 0     1.2 0   212.8 0   966.7 0
 2026 208  7 27 22 31 22.517  68.80   210.4 0    56.3 0    93.8 0   181.2 0   400.4 0   302.078 0   302.087 0   462.3 0   302.052 0   302.127 0    12.6 0    77.9 0   158.9 0   -61.9 0    97.0 0    28.6 0    54.2 0     1.5 0   232.2 0   966.7 0
 2026 208  7 27 22 32 22.533  68.98   209.6 0    56.3 0    89.3 0   182.4 0   402.2 0   302.088 0   302.070 0   460.9 0   302.040 0   302.093 0    12.3 0 -9999.9 1   158.0 0   -58.7 0    99.4 0    28.4 0    55.1 0     2.4 0   236.0 0   966.7 0
 2026 208  7 27 22 33 22.550  69.17   209.6 0    57.2 0    93.2 0   181.6 0   404.8 0   302.088 0   302.044 0   460.1 0   302.016 0   302.072 0    11.9 0 -9999.9 1   157.6 0   -55.3 0   102.2 0    28.1 0    55.6 0     2.4 0   234.1 0   966.7 0
 2026 208  7 27 22 34 22.567  69.36   207.5 0    57.2 0    95.0 0   179.3 0   406.5 0   302.081 0   302.022 0   460.1 0   301.986 0   302.028 0    11.5 0 -9999.9 1   155.6 0   -53.6 0   101.9 0    28.0 0    57.3 0     2.1 0   254.4 0   966.7 0
 2026 208  7 27 22 35 22.583  69.55   202.8 0    55.7 0    88.1 0   176.9 0   408.2 0   302.069 0   302.022 0   460.7 0   301.959 0   302.008 0    11.1 0 -9999.9 1   151.9 0   -52.4 0    99.5 0    28.0 0    58.2 0     1.4 0   263.0 0   966.8 0
 2026 208  7 27 22 36 22.600  69.73   196.7 0    53.4 0    77.6 0   173.9 0   410.5 0   302.053 0   302.014 0   461.1 0   301.938 0   301.998 0    10.6 0 -9999.9 1   147.4 0   -50.6 0    96.7 0    27.9 0    56.3 0     1.9 0   261.6 0   966.8 0
 2026 208  7 27 22 37 22.617  69.92   186.7 0    49.5 0    57.1 0   170.4 0   411.5 0   302.035 0   301.986 0   460.1 0   301.918 0   301.982 0    10.3 0 -9999.9 1   140.5 0   -48.6 0    91.9 0    27.9 0    55.8 0     1.9 0   255.9 0   966.8 0
 2026 208  7 27 22 38 22.633  70.11   183.2 0    48.3 0    55.0 0   167.5 0   410.7 0   302.014 0   301.960 0   459.4 0   301.896 0   301.959 0    10.2 0    67.2 0   137.9 0   -48.7 0    89.2 0    27.9 0    55.5 0     2.3 0   262.9 0   966.7 0
 2026 208  7 27 22 39 22.650  70.29   179.8 0    47.0 0    51.3 0   165.2 0   408.8 0   301.991 0   301.908 0   458.4 0   301.870 0   301.931 0    10.3 0    66.4 0   135.5 0   -49.6 0    85.9 0    27.8 0    55.7 0     2.0 0   264.6 0   966.7 0
 2026 208  7 27 22 40 22.667  70.48   174.6 0    44.7 0    41.8 0   162.7 0   406.9 0   301.963 0   301.880 0   458.6 0   301.846 0   301.909 0    10.3 0    65.2 0   131.9 0   -51.7 0    80.2 0    27.8 0    56.3 0     1.4 0   264.1 0   966.7 0
 2026 208  7 27 22 41 22.683  70.67   170.4 0    42.8 0    34.7 0   160.4 0   404.9 0   301.935 0   301.871 0   458.9 0   301.825 0   301.895 0    10.3 0    64.3 0   129.1 0   -54.0 0    75.0 0    27.8 0    55.7 0     1.1 0   260.1 0   966.7 0
 2026 208  7 27 22 42 22.700  70.85   161.0 0    38.7 0     9.1 0   158.4 0   402.8 0   301.911 0   301.849 0   459.0 0   301.808 0   301.869 0    10.3 0    62.1 0   122.7 0   -56.2 0    66.5 0    27.8 0    56.4 0     1.1 0   242.6 0   966.7 0
 2026 208  7 27 22 43 22.717  71.04   158.8 0    38.2 0     7.9 0   156.9 0   401.0 0   301.885 0   301.813 0   458.8 0   301.791 0   301.850 0    10.3 0    61.7 0   121.3 0   -57.9 0    63.4 0    27.8 0    56.1 0     1.2 0   254.1 0   966.7 0
 2026 208  7 27 22 44 22.733  71.23   165.1 0    41.1 0    34.7 0   155.5 0   399.8 0   301.856 0   301.782 0   458.7 0   301.775 0   301.833 0    10.3 0    63.0 0   125.6 0   -58.8 0    66.8 0    27.8 0    56.1 0     1.3 0   253.8 0   966.7 0
 2026 208  7 27 22 45 22.750  71.41   164.2 0    40.9 0    38.5 0   153.8 0   398.6 0   301.829 0   301.754 0   458.1 0   301.756 0   301.808 0    10.2 0    62.6 0   125.1 0   -59.5 0    65.6 0    27.8 0    57.0 0     1.6 0   249.9 0   966.7 0
 2026 208  7 27 22 46 22.767  71.60   159.1 0    39.4 0    33.1 0   150.7 0   398.0 0   301.802 0   301.707 0   457.3 0   301.732 0   301.766 0    10.0 0    61.1 0   121.7 0   -59.3 0    62.4 0    27.7 0    59.1 0     1.5 0   246.9 0   966.7 0
 2026 208  7 27 22 47 22.783  71.79   151.7 0    37.0 0    21.5 0   146.6 0   397.5 0   301.771 0   301.656 0   457.3 0   301.703 0   301.735 0     9.8 0    58.6 0   116.3 0   -59.8 0    56.5 0    27.7 0    58.8 0     1.5 0   260.6 0   966.6 0
 2026 208  7 27 22 48 22.800  71.97   148.4 0    36.6 0    25.6 0   142.2 0   397.5 0   301.734 0   301.606 0   456.7 0   301.672 0   301.699 0     9.5 0    57.2 0   113.6 0   -59.2 0    54.4 0    27.6 0    57.8 0     2.2 0   254.3 0   966.6 0
 2026 208  7 27 22 49 22.817  72.16   144.7 0    35.8 0    26.7 0   138.4 0   397.5 0   301.696 0   301.562 0   455.5 0   301.635 0   301.662 0     9.2 0    55.6 0   110.7 0   -58.0 0    52.8 0    27.5 0    58.6 0     2.0 0   251.4 0   966.6 0
 2026 208  7 27 22 50 22.833  72.35   138.6 0    33.7 0    16.4 0   135.0 0   397.7 0   301.657 0   301.513 0   455.1 0   301.596 0   301.617 0     9.0 0    53.6 0   106.2 0   -57.4 0    48.8 0    27.5 0    59.1 0     1.9 0   253.0 0   966.6 0
 2026 208  7 27 22 51 22.850  72.53   134.9 0    32.6 0     9.8 0   132.9 0   397.9 0   301.614 0   301.467 0   454.8 0   301.555 0   301.569 0     8.7 0    52.4 0   103.3 0   -56.9 0    46.4 0    27.4 0    59.9 0     1.9 0   250.2 0   966.6 0
 2026 208  7 27 22 52 22.867  72.72   133.8 0    32.4 0    11.7 0   131.3 0   397.6 0   301.570 0   301.427 0   454.5 0   301.512 0   301.526 0     8.6 0    51.9 0   102.4 0   -56.9 0    45.4 0    27.4 0    60.1 0     2.0 0   249.4 0   966.6 0
 2026 208  7 27 22 53 22.883  72.90   131.8 0    32.0 0    14.0 0   128.8 0   396.7 0   301.526 0   301.379 0   454.2 0   301.471 0   301.490 0     8.5 0    51.1 0   100.9 0   -57.5 0    43.4 0    27.3 0    60.6 0     1.9 0   249.8 0   966.6 0
 2026 208  7 27 22 54 22.900  73.09   129.7 0    31.6 0    16.6 0   126.0 0   395.7 0   301.482 0   301.330 0   454.2 0   301.430 0   301.447 0     8.3 0    50.3 0    99.3 0   -58.5 0    40.8 0    27.3 0    61.3 0     1.8 0   240.2 0   966.6 0
 2026 208  7 27 22 55 22.917  73.27   126.6 0    30.7 0    15.2 0   123.3 0   394.9 0   301.439 0   301.283 0   454.2 0   301.391 0   301.415 0     8.2 0    49.2 0    97.0 0   -59.3 0    37.7 0    27.3 0    61.5 0     1.7 0   238.0 0   966.6 0
 2026 208  7 27 22 56 22.933  73.46   124.8 0    30.5 0    17.6 0   121.0 0   394.5 0   301.397 0   301.238 0   453.9 0   301.352 0   301.368 0     8.0 0    48.4 0    95.6 0   -59.4 0    36.2 0    27.2 0    61.8 0     1.8 0   226.7 0   966.6 0
 2026 208  7 27 22 57 22.950  73.65   122.0 0    29.8 0    15.9 0   118.6 0   393.9 0   301.356 0   301.184 0   453.5 0   301.311 0   301.329 0     7.9 0    47.4 0    93.3 0   -59.6 0    33.7 0    27.2 0    62.1 0     1.6 0   222.7 0   966.7 0
 2026 208  7 27 22 58 22.967  73.83   119.4 0    29.2 0    14.3 0   116.4 0   393.9 0   301.313 0   301.137 0   453.3 0   301.272 0   301.292 0     7.7 0    46.4 0    91.2 0   -59.4 0    31.8 0    27.2 0    63.1 0     1.2 0   216.1 0   966.7 0
 2026 208  7 27 22 59 22.983  74.02   116.7 0    28.4 0    12.1 0   114.2 0   393.3 0   301.270 0   301.096 0   453.2 0   301.237 0   301.255 0     7.6 0    45.4 0    89.1 0   -59.8 0    29.3 0    27.2 0    64.6 0     0.9 0   196.9 0   966.7 0
 2026 208  7 27 23  0 23.000  74.20   113.5 0    27.5 0     9.5 0   111.7 0   392.9 0   301.228 0   301.029 0   452.9 0   301.204 0   301.210 0     7.4 0    44.3 0    86.8 0   -59.9 0    26.8 0    27.1 0    66.6 0     1.1 0   187.2 0   966.7 0
 2026 208  7 27 23  1 23.017  74.39   109.9 0    26.4 0     7.0 0   108.7 0   392.4 0   301.179 0   300.962 0   452.5 0   301.166 0   301.168 0     7.2 0    43.0 0    84.2 0   -60.1 0    24.1 0    27.0 0    66.9 0     1.1 0   186.6 0   966.7 0
 2026 208  7 27 23  2 23.033  74.57   106.3 0    25.3 0     6.4 0   105.4 0   392.0 0   301.122 0   300.885 0   452.2 0   301.128 0   301.124 0     7.1 0    41.6 0    81.7 0   -60.2 0    21.6 0    26.9 0    67.2 0     1.2 0   181.2 0   966.7 0
 2026 208  7 27 23  3 23.050  74.76   102.3 0    24.3 0     4.9 0   101.7 0   391.7 0   301.058 0   300.813 0   452.0 0   301.086 0   301.077 0     6.9 0    40.0 0    78.8 0   -60.2 0    18.5 0    26.8 0    66.4 0     1.4 0   189.6 0   966.7 0
 2026 208  7 27 23  4 23.067  74.94    98.6 0    23.3 0     4.5 0    98.1 0   391.3 0   300.993 0   300.739 0   451.2 0   301.041 0   301.029 0     6.7 0    38.6 0    76.0 0   -59.9 0    16.1 0    26.8 0    66.4 0     1.4 0   182.9 0   966.7 0
 2026 208  7 27 23  5 23.083  75.12    95.1 0    22.5 0     3.7 0    94.8 0   390.8 0   300.927 0   300.672 0   450.4 0   300.993 0   300.980 0     6.5 0    37.2 0    73.3 0   -59.6 0    13.7 0    26.7 0    67.2 0     1.3 0   175.8 0   966.7 0
 2026 208  7 27 23  6 23.100  75.31    91.9 0    21.6 0     3.4 0    91.6 0   390.5 0   300.861 0   300.592 0   449.8 0   300.945 0   300.929 0     6.3 0    35.9 0    70.8 0   -59.4 0    11.5 0    26.6 0    67.7 0     1.2 0   173.6 0   966.6 0
 2026 208  7 27 23  7 23.117  75.49    89.1 0    20.9 0     2.8 0    88.7 0   390.2 0   300.790 0   300.514 0   449.2 0   300.894 0   300.870 0     6.1 0    34.7 0    68.6 0   -59.0 0     9.6 0    26.5 0    67.5 0     1.5 0   179.7 0   966.6 0
 2026 208  7 27 23  8 23.133  75.68    86.6 0    20.3 0     2.4 0    86.3 0   390.0 0   300.718 0   300.434 0   448.8 0   300.839 0   300.811 0     5.9 0    33.7 0    66.5 0   -58.7 0     7.8 0    26.5 0    67.2 0     1.7 0   178.7 0   966.6 0
 2026 208  7 27 23  9 23.150  75.86    84.5 0    19.9 0     2.3 0    84.1 0   389.9 0   300.645 0   300.354 0   448.2 0   300.779 0   300.746 0     5.8 0    32.9 0    64.8 0   -58.3 0     6.5 0    26.4 0    66.8 0     1.9 0   180.2 0   966.6 0
 2026 208  7 27 23 10 23.167  76.04    82.6 0    19.5 0     1.9 0    82.3 0   390.0 0   300.572 0   300.275 0   447.6 0   300.718 0   300.685 0     5.6 0    32.1 0    63.2 0   -57.6 0     5.6 0    26.3 0    66.6 0     2.0 0   184.1 0   966.6 0
 2026 208  7 27 23 11 23.183  76.23    80.8 0    19.1 0     1.4 0    80.5 0   389.9 0   300.501 0   300.197 0   447.0 0   300.655 0   300.620 0     5.5 0    31.4 0    61.8 0   -57.1 0     4.6 0    26.3 0    66.6 0     2.0 0   186.0 0   966.6 0
 2026 208  7 27 23 12 23.200  76.41    79.2 0    18.7 0     1.2 0    78.9 0   390.0 0   300.431 0   300.134 0   446.5 0   300.590 0   300.557 0     5.3 0    30.7 0    60.5 0   -56.6 0     3.9 0    26.2 0    66.2 0     2.1 0   185.1 0   966.6 0
 2026 208  7 27 23 13 23.217  76.59    77.8 0    18.4 0     1.1 0    77.5 0   390.1 0   300.363 0   300.071 0   446.2 0   300.527 0   300.497 0     5.2 0    30.1 0    59.4 0   -56.1 0     3.3 0    26.2 0    65.9 0     2.0 0   187.3 0   966.6 0
 2026 208  7 27 23 14 23.233  76.78    76.6 0    18.1 0     1.0 0    76.2 0   390.1 0   300.295 0   300.004 0   445.8 0   300.465 0   300.433 0     5.1 0    29.6 0    58.3 0   -55.7 0     2.6 0    26.2 0    65.8 0     2.1 0   186.2 0   966.6 0
 2026 208  7 27 23 15 23.250  76.96    75.3 0    17.8 0     0.9 0    75.0 0   389.9 0   300.228 0   299.946 0   445.4 0   300.404 0   300.375 0     4.9 0    29.0 0    57.4 0   -55.5 0     1.9 0    26.1 0    66.2 0     1.8 0   187.2 0   966.5 0
 2026 208  7 27 23 16 23.267  77.14    74.1 0    17.5 0     0.9 0    73.7 0   390.1 0   300.163 0   299.884 0   445.0 0   300.346 0   300.319 0     4.8 0    28.5 0    56.4 0   -55.0 0     1.5 0    26.1 0    66.7 0     1.7 0   185.4 0   966.5 0
 2026 208  7 27 23 17 23.283  77.33    73.0 0    17.2 0     0.8 0    72.5 0   390.2 0   300.098 0   299.825 0   444.9 0   300.289 0   300.264 0     4.6 0    28.0 0    55.5 0   -54.7 0     0.8 0    26.0 0    66.5 0     1.7 0   186.3 0   966.5 0
 2026 208  7 27 23 18 23.300  77.51    71.9 0    16.9 0     0.7 0    71.4 0   390.6 0   300.036 0   299.778 0   444.9 0   300.235 0   300.211 0     4.5 0    27.6 0    54.7 0   -54.4 0     0.4 0    26.0 0    66.2 0     1.7 0   183.9 0   966.4 0
 2026 208  7 27 23 19 23.317  77.69    71.1 0    16.7 0     0.7 0    70.6 0   390.6 0   299.976 0   299.734 0   444.7 0   300.183 0   300.159 0     4.4 0    27.2 0    54.1 0   -54.0 0     0.0 0    26.0 0    66.7 0     1.3 0   188.4 0   966.4 0
 2026 208  7 27 23 20 23.333  77.87    70.5 0    16.4 0     0.6 0    69.9 0   390.6 0   299.920 0   299.680 0   444.8 0   300.135 0   300.121 0     4.3 0    26.9 0    53.6 0   -54.1 0    -0.5 0    26.0 0    66.6 0     1.2 0   184.6 0   966.4 0
 2026 208  7 27 23 21 23.350  78.06    69.9 0    16.2 0     0.5 0    69.3 0   391.0 0   299.865 0   299.629 0   444.7 0   300.091 0   300.075 0     4.1 0    26.7 0    53.2 0   -53.7 0    -0.6 0    26.0 0    66.6 0     1.3 0   176.0 0   966.4 0
 2026 208  7 27 23 22 23.367  78.24    69.3 0    16.0 0     0.5 0    68.6 0   391.1 0   299.810 0   299.578 0   444.7 0   300.046 0   300.031 0     4.0 0    26.4 0    52.7 0   -53.6 0    -0.9 0    26.0 0    66.6 0     1.1 0   178.8 0   966.4 0
 2026 208  7 27 23 23 23.383  78.42    68.2 0    15.8 0     0.5 0    67.6 0   391.1 0   299.755 0   299.522 0   444.5 0   300.004 0   299.992 0     3.9 0    26.0 0    51.9 0   -53.4 0    -1.5 0    26.0 0    66.7 0     1.2 0   184.4 0   966.4 0
 2026 208  7 27 23 24 23.400  78.60    67.0 0    15.5 0     0.5 0    66.4 0   391.2 0   299.700 0   299.464 0   444.2 0   299.962 0   299.950 0     3.8 0    25.5 0    51.0 0   -53.0 0    -2.0 0    25.9 0    66.9 0     1.2 0   185.1 0   966.4 0
 2026 208  7 27 23 25 23.417  78.78    65.7 0    15.3 0     0.5 0    65.3 0   391.1 0   299.646 0   299.412 0   443.9 0   299.920 0   299.906 0     3.6 0    25.0 0    50.1 0   -52.8 0    -2.8 0    25.9 0    67.3 0     1.2 0   175.9 0   966.3 0
 2026 208  7 27 23 26 23.433  78.96    64.8 0    15.2 0     0.6 0    64.2 0   391.1 0   299.591 0   299.343 0   443.5 0   299.877 0   299.867 0     3.5 0    24.6 0    49.1 0   -52.4 0    -3.2 0    25.8 0    68.1 0     1.0 0   180.1 0   966.3 0
 2026 208  7 27 23 27 23.450  79.14    64.1 0    14.9 0     0.6 0    63.4 0   391.4 0   299.532 0   299.277 0   443.3 0   299.833 0   299.821 0     3.4 0    24.3 0    48.6 0   -51.9 0    -3.4 0    25.8 0    68.1 0     1.0 0   185.4 0   966.3 0
 2026 208  7 27 23 28 23.467  79.33    63.2 0    14.7 0     0.6 0    62.5 0   391.5 0   299.471 0   299.221 0   443.2 0   299.790 0   299.777 0     3.3 0    23.9 0    48.0 0   -51.7 0    -3.7 0    25.7 0    68.7 0     1.0 0   187.4 0   966.4 0
 2026 208  7 27 23 29 23.483  79.51    62.2 0    14.4 0     0.5 0    61.6 0   392.0 0   299.413 0   299.181 0   443.0 0   299.748 0   299.731 0     3.2 0    23.5 0    47.2 0   -51.0 0    -3.8 0    25.6 0    69.0 0     1.2 0   190.8 0   966.3 0
 2026 208  7 27 23 30 23.500  79.69    61.2 0    14.2 0     0.4 0    60.6 0   392.0 0   299.363 0   299.144 0   443.0 0   299.703 0   299.688 0     3.1 0    23.1 0    46.5 0   -51.0 0    -4.5 0    25.6 0    68.5 0     0.9 0   185.4 0   966.3 0
 2026 208  7 27 23 31 23.517  79.87    60.3 0    13.8 0     0.3 0    59.7 0   392.0 0   299.318 0   299.117 0   443.0 0   299.665 0   299.656 0     3.0 0    22.7 0    45.9 0   -50.9 0    -5.0 0    25.6 0    68.4 0     0.7 0   179.7 0   966.3 0
 2026 208  7 27 23 32 23.533  80.05    59.3 0    13.5 0     0.2 0    58.7 0   392.0 0   299.278 0   299.080 0   442.8 0   299.629 0   299.618 0     3.0 0 -9999.9 1    45.3 0   -50.8 0    -5.5 0    25.6 0    68.8 0     0.6 0   191.5 0   966.3 0
 2026 208  7 27 23 33 23.550  80.23    58.2 0    13.3 0     0.2 0    57.6 0   391.7 0   299.238 0   299.034 0   442.6 0   299.593 0   299.587 0     2.9 0    21.8 0    44.4 0   -50.9 0    -6.6 0    25.6 0    68.7 0     0.7 0   184.3 0   966.3 0
 2026 208  7 27 23 34 23.567  80.41    56.8 0    12.8 0     0.2 0    56.2 0   391.7 0   299.199 0   299.000 0   442.3 0   299.558 0   299.554 0     2.8 0    21.3 0    43.4 0   -50.6 0    -7.2 0    25.6 0    69.2 0     0.6 0   181.2 0   966.3 0
 2026 208  7 27 23 35 23.583  80.59    55.0 0    12.3 0     0.2 0    54.5 0   392.0 0   299.162 0   298.975 0   442.1 0   299.526 0   299.517 0     2.7 0    20.6 0    42.2 0   -50.1 0    -8.0 0    25.5 0    69.5 0     0.7 0   166.8 0   966.3 0
 2026 208  7 27 23 36 23.600  80.77    52.9 0    11.9 0     0.2 0    52.5 0   393.1 0   299.128 0   298.962 0   442.0 0   299.490 0   299.482 0     2.6 0    19.9 0    40.7 0   -48.9 0    -8.2 0    25.5 0    70.2 0     0.5 0   151.4 0   966.3 0
 2026 208  7 27 23 37 23.617  80.95    50.8 0    11.4 0     0.3 0    50.5 0   393.1 0   299.099 0   298.936 0   441.7 0   299.457 0   299.448 0     2.5 0    19.1 0    39.2 0   -48.6 0    -9.4 0    25.5 0    70.1 0     0.6 0   159.4 0   966.3 0
 2026 208  7 27 23 38 23.633  81.12    48.8 0    11.0 0     0.3 0    48.7 0   391.7 0   299.071 0   298.900 0   441.3 0   299.423 0   299.412 0     2.4 0    18.4 0    37.8 0   -49.6 0   -11.8 0    25.4 0    70.1 0     0.6 0   156.2 0   966.3 0
 2026 208  7 27 23 39 23.650  81.30    47.1 0    10.5 0     0.3 0    47.0 0   391.8 0   299.045 0   298.876 0   441.0 0   299.389 0   299.384 0     2.3 0    17.7 0    36.5 0   -49.2 0   -12.7 0    25.4 0    70.2 0     0.3 0   156.0 0   966.3 0
 2026 208  7 27 23 40 23.667  81.48    45.4 0    10.1 0     0.3 0    45.3 0   391.9 0   299.020 0   298.837 0   440.8 0   299.356 0   299.354 0     2.3 0    17.1 0    35.2 0   -48.9 0   -13.7 0    25.4 0    69.9 0     0.3 0   163.9 0   966.3 0
 2026 208  7 27 23 41 23.683  81.66    43.7 0     9.6 0     0.3 0    43.6 0   392.1 0   298.990 0   298.799 0   440.4 0   299.326 0   299.323 0     2.2 0    16.5 0    34.0 0   -48.3 0   -14.3 0    25.4 0    70.3 0     0.0 0   175.5 0   966.3 0
 2026 208  7 27 23 42 23.700  81.84    42.0 0     9.1 0     0.3 0    41.9 0   392.2 0   298.959 0   298.774 0   440.2 0   299.298 0   299.294 0     2.1 0    15.8 0    32.8 0   -48.0 0   -15.1 0    25.4 0    70.1 0     0.0 0     0.0 0   966.3 0
 2026 208  7 27 23 43 23.717  82.02    40.2 0     8.8 0     0.3 0    40.2 0   392.2 0   298.930 0   298.747 0   439.9 0   299.268 0   299.260 0     2.0 0    15.2 0    31.5 0   -47.6 0   -16.1 0    25.4 0    70.3 0     0.0 0     0.0 0   966.3 0
 2026 208  7 27 23 44 23.733  82.19    38.6 0     8.3 0     0.3 0    38.6 0   392.3 0   298.903 0   298.718 0   439.6 0   299.236 0   299.222 0     1.9 0    14.5 0    30.3 0   -47.3 0   -17.0 0    25.4 0    71.1 0     0.0 0     0.0 0   966.3 0
 2026 208  7 27 23 45 23.750  82.37    37.0 0     8.0 0     0.4 0    37.1 0   392.4 0   298.876 0   298.685 0   439.3 0   299.205 0   299.194 0     1.9 0    14.0 0    29.1 0   -46.8 0   -17.7 0    25.3 0    71.2 0     0.0 0   158.6 0   966.3 0
 2026 208  7 27 23 46 23.767  82.55    35.7 0     7.7 0     0.4 0    35.8 0   392.6 0   298.847 0   298.655 0   439.0 0   299.173 0   299.166 0     1.8 0    13.5 0    28.1 0   -46.4 0   -18.3 0    25.3 0    70.9 0     0.0 0     0.0 0   966.3 0
 2026 208  7 27 23 47 23.783  82.73    34.8 0     7.6 0     0.5 0    34.7 0   392.7 0   298.818 0   298.621 0   438.7 0   299.139 0   299.126 0     1.7 0    13.1 0    27.3 0   -46.0 0   -18.7 0    25.2 0    71.1 0     0.5 0   126.0 0   966.2 0
 2026 208  7 27 23 48 23.800  82.90    34.0 0     7.5 0     0.6 0    34.0 0   393.0 0   298.788 0   298.597 0   438.4 0   299.100 0   299.080 0     1.6 0    12.7 0    26.6 0   -45.4 0   -18.8 0    25.2 0    71.8 0     0.7 0   123.7 0   966.2 0
 2026 208  7 27 23 49 23.817  83.08    33.6 0     7.5 0     0.5 0    33.6 0   393.2 0   298.762 0   298.579 0   438.3 0   299.059 0   299.039 0     1.6 0    12.5 0    26.1 0   -45.1 0   -18.9 0    25.1 0    71.8 0     0.5 0   130.9 0   966.2 0
 2026 208  7 27 23 50 23.833  83.25    33.4 0     7.5 0     0.5 0    33.3 0   393.3 0   298.737 0   298.548 0   438.2 0   299.016 0   298.993 0     1.5 0    12.4 0    25.9 0   -44.8 0   -18.9 0    25.1 0    71.6 0     0.6 0   129.1 0   966.1 0
 2026 208  7 27 23 51 23.850  83.43    33.1 0     7.4 0     0.6 0    33.0 0   393.5 0   298.712 0   298.527 0   437.9 0   298.974 0   298.948 0     1.5 0    12.3 0    25.7 0   -44.4 0   -18.8 0    25.0 0    71.7 0     0.5 0   130.8 0   966.1 0
 2026 208  7 27 23 52 23.867  83.60    32.3 0     7.2 0     0.6 0    32.3 0   393.5 0   298.686 0   298.490 0   437.7 0   298.933 0   298.912 0     1.4 0    12.0 0    25.2 0   -44.2 0   -19.0 0    25.0 0    71.6 0     0.5 0   117.5 0   966.1 0
 2026 208  7 27 23 53 23.883  83.78    30.9 0     6.8 0     0.6 0    30.9 0   393.7 0   298.657 0   298.449 0   437.5 0   298.893 0   298.875 0     1.4 0    11.4 0    24.2 0   -43.8 0   -19.7 0    25.0 0    71.2 0     0.6 0   122.0 0   966.1 0
 2026 208  7 27 23 54 23.900  83.95    29.0 0     6.4 0     0.7 0    29.0 0   394.2 0   298.624 0   298.411 0   437.3 0   298.851 0   298.836 0     1.3 0    10.7 0    22.7 0   -43.1 0   -20.4 0    24.9 0    70.9 0     0.7 0   124.2 0   966.1 0
 2026 208  7 27 23 55 23.917  84.13    26.9 0     5.9 0     0.6 0    27.0 0   395.0 0   298.591 0   298.397 0   437.2 0   298.809 0   298.792 0     1.2 0    10.0 0    21.2 0   -42.2 0   -21.0 0    24.9 0    70.5 0     0.6 0   131.1 0   966.2 0
 2026 208  7 27 23 56 23.933  84.30    24.6 0     5.3 0     0.5 0    24.8 0   396.5 0   298.564 0   298.399 0   437.0 0   298.770 0   298.760 0     1.2 0     9.2 0    19.5 0   -40.5 0   -21.0 0    24.9 0    70.3 0     0.4 0   127.1 0   966.2 0
 2026 208  7 27 23 57 23.950  84.47    22.2 0     4.7 0     0.3 0    22.6 0   398.9 0   298.546 0   298.388 0   437.0 0   298.737 0   298.732 0     1.1 0     8.3 0    17.9 0   -38.1 0   -20.2 0    25.0 0    70.1 0     0.0 0     0.0 0   966.3 0
 2026 208  7 27 23 58 23.967  84.65    20.3 0     4.2 0     0.2 0    20.7 0   402.2 0   298.530 0   298.374 0   437.0 0   298.706 0   298.698 0     1.0 0     7.6 0    16.5 0   -34.8 0   -18.3 0    25.0 0    70.3 0     0.0 0     0.0 0   966.3 0
 2026 208  7 27 23 59 23.983  84.82    19.0 0     3.9 0     0.2 0    19.4 0   404.9 0   298.514 0   298.366 0   437.1 0   298.676 0   298.667 0     0.9 0     7.1 0    15.6 0   -32.1 0   -16.6 0    25.0 0    70.7 0     0.0 0     0.0 0   966.3 0
